planet,transit,bjd_tdb_minus_2450000,agol2021_bjd_tdb_minus_2450000,difference_days,uncertainty_days
1.0,2426.0,10922.932953588974,10922.934686625802,-0.0018279758892276732,0.0002970057650026759
1.0,2427.0,10924.443760023474,10924.445560353177,-0.0018894900263148884,0.0002969579769516553
1.0,2428.0,10925.954590337773,10925.956434080552,-0.0019280575147604395,0.0002950851637997196
1.0,2429.0,10927.465429711083,10927.467307807929,-0.001957041207333532,0.00029122778194339585
1.0,2430.0,10928.976076064786,10928.978181535304,-0.002187801507716358,0.00029819141640262186
1.0,2431.0,10930.486852467911,10930.489055262678,-0.002287105493451236,0.0003023691179748209
1.0,2432.0,10931.998307219337,10931.999928990053,-0.0017121824603236746,0.0002928197196778448
1.0,2433.0,10933.509113335807,10933.510802717428,-0.0017831108229984238,0.0002959364816076801
1.0,2434.0,10935.019740502918,10935.021676444805,-0.0020332484937171103,0.00030404993911371786
1.0,2435.0,10936.530498042594,10936.53255017218,-0.002143852835160942,0.0003051411903167548
1.0,2436.0,10938.041321954337,10938.043423899555,-0.002188437776567298,0.00030323467696272773
1.0,2437.0,10939.552218545714,10939.554297626932,-0.002160206993266911,0.0002977234404503459
1.0,2438.0,10941.0628812356,10941.065171354307,-0.002375466184275865,0.00030475851539957076
1.0,2439.0,10942.573647052057,10942.576045081682,-0.00248605807291824,0.00030960245388228166
1.0,2440.0,10944.085085586712,10944.086918809058,-0.0019268487744739105,0.00030060638004782337
1.0,2441.0,10945.595903283076,10945.597792536433,-0.001985289760341402,0.00030306939248963166
1.0,2442.0,10947.106520238658,10947.108666263808,-0.0022448789914051304,0.0003108538503644593
1.0,2443.0,10948.617229738005,10948.619539991183,-0.002403967347163416,0.00031301454944547227
1.0,2444.0,10950.128051021722,10950.130413718558,-0.0024510740613550297,0.0003112145310706103
1.0,2445.0,10951.639009359678,10951.641287445935,-0.002361170107178623,0.00030412788151543347
1.0,2446.0,10953.149688941825,10953.15216117331,-0.002560369533057383,0.0003111722690931037
1.0,2447.0,10954.660448310824,10954.663034900685,-0.0026782201011883444,0.0003167089951944264
1.0,2448.0,10956.171856454865,10956.173908628061,-0.0021482431261574675,0.0003081709501544246
1.0,2449.0,10957.682678765628,10957.684782355436,-0.0022011537603248144,0.00030993506029924396
1.0,2450.0,10959.193290611862,10959.195656082811,-0.0024652576780681557,0.0003173859648140432
1.0,2451.0,10960.703960793313,10960.706529810186,-0.0026640037931429106,0.00032050689359038574
1.0,2452.0,10962.214779308455,10962.217403537561,-0.0027139125368194073,0.00031885998074949963
1.0,2453.0,10963.725806930666,10963.728277264938,-0.002555345397468045,0.000310406844329271
1.0,2454.0,10965.236500638968,10965.239150992313,-0.002740908668783959,0.0003173936777480502
1.0,2455.0,10966.747245865945,10966.750024719688,-0.0028735856690218498,0.00032352920895975854
1.0,2456.0,10968.258616681687,10968.260898447064,-0.0023796807172402623,0.00031545873698730486
1.0,2457.0,10969.769444418685,10969.77177217444,-0.002426032590392424,0.0003165288263837258
1.0,2458.0,10971.280052253378,10971.282645901814,-0.002693489728244458,0.00032353646142217936
1.0,2459.0,10972.79069560859,10972.793519629191,-0.0029197281764936633,0.0003275503235826339
1.0,2460.0,10974.30150999859,10974.304393356566,-0.0029737081122220843,0.0003261263645307119
1.0,2461.0,10975.812600841336,10975.81526708394,-0.002752788192083244,0.0003164527842143588
1.0,2462.0,10977.323310651274,10977.326140811316,-0.0029228609796518867,0.0003233663816148049
1.0,2463.0,10978.834043549323,10978.83701453869,-0.0030682634110235085,0.00033004336952002674
1.0,2464.0,10980.345367444159,10980.347888266067,-0.0026197234283245052,0.00032238037563956523
1.0,2465.0,10981.856204543821,10981.858761993442,-0.0026558602717159374,0.000322846364826212
1.0,2466.0,10983.366810884789,10983.369635720817,-0.0029239637538012175,0.000329329696143566
1.0,2467.0,10984.877427262749,10984.880509448194,-0.00317779476472424,0.0003340482551747103
1.0,2468.0,10986.388238886506,10986.391383175569,-0.003234871929180372,0.00033297438536192546
1.0,2469.0,10987.899395138975,10987.902256902944,-0.002949568535768776,0.00032232787709787775
1.0,2470.0,10989.410119084427,10989.41313063032,-0.0031058630497682316,0.00032905463821350425
1.0,2471.0,10990.920843280512,10990.924004357696,-0.0032605012434032687,0.0003362368118821872
1.0,2472.0,10992.432113753375,10992.43487808507,-0.002863605316633766,0.0003290441439758355
1.0,2473.0,10993.942951879817,10993.945751812445,-0.002897750002830435,0.0003289122406519886
1.0,2474.0,10995.453560753187,10995.45662553982,-0.003162704022543039,0.0003348150594650438
1.0,2475.0,10996.96416106491,10996.967499267197,-0.0034331855013078894,0.00034012376983357504
1.0,2476.0,10998.474968850569,10998.478372994572,-0.0034944014855682326,0.0003394230415223923
1.0,2477.0,10999.986191858163,10999.989246721947,-0.0031438571209037036,0.0003280769049616072
1.0,2478.0,11001.496930777106,11001.500120449324,-0.0032853173420335224,0.0003345734802595755
1.0,2479.0,11003.00763835719,11003.010994176699,-0.003456769910371804,0.0003421166190803308
1.0,2480.0,11004.518849005552,11004.521867904074,-0.003118164771422016,0.00033551610500899537
1.0,2481.0,11006.02969093795,11006.032741631449,-0.003147560069010069,0.0003349012202323131
1.0,2482.0,11007.54030550658,11007.543615358823,-0.003405968148854299,0.00034004396825824235
1.0,2483.0,11009.050899296659,11009.0544890862,-0.003683846614421782,0.000345830177440822
1.0,2484.0,11010.561705920245,11010.565362813575,-0.0037466366388798633,0.0003456003195417499
1.0,2485.0,11012.072984609866,11012.07623654095,-0.003341837841162487,0.00033374013597322954
1.0,2486.0,11013.583735971517,11013.587110268327,-0.0034710544273366395,0.0003399509749036487
1.0,2487.0,11015.09443076078,11015.097983995702,-0.003655361233086296,0.00034781306115453146
1.0,2488.0,11016.605576703838,11016.608857723077,-0.003379814630079636,0.00034187844120694044
1.0,2489.0,11018.116424270067,11018.119731450453,-0.0034029344865302846,0.0003408752824633153
1.0,2490.0,11019.627053827558,11019.630605177828,-0.003645513656010735,0.0003451391108346053
1.0,2491.0,11021.137639897677,11021.141478905203,-0.003931800114969519,0.000351247225318855
1.0,2492.0,11022.648442604146,11022.652352632578,-0.003999239996119286,0.00035154687037437435
1.0,2493.0,11024.159775278647,11024.163226359953,-0.003541977751410741,0.0003394600223261821
1.0,2494.0,11025.670537151027,11025.67410008733,-0.0036604769443329133,0.0003452820011040806
1.0,2495.0,11027.181220745775,11027.184973814705,-0.0038560836305805424,0.00035337638424199404
1.0,2496.0,11028.692303620295,11028.69584754208,-0.0036422571420189342,0.00034830510076449677
1.0,2497.0,11030.203150166526,11030.206721269456,-0.003665596352675493,0.00034695358530105306
1.0,2498.0,11031.713797533537,11031.717594996831,-0.0038896757159818662,0.000350160832168216
1.0,2499.0,11033.224384834328,11033.228468724206,-0.004175581038907694,0.00035655672066152493
1.0,2500.0,11034.735183453788,11034.739342451583,-0.00424769608571296,0.00035739763353954143
1.0,2501.0,11036.246563781227,11036.250216178958,-0.0037443658229676657,0.00034529392445882393
1.0,2502.0,11037.757339474958,11037.761089906333,-0.003848806772566604,0.00035071977660771205
1.0,2503.0,11039.268006986582,11039.271963633708,-0.0040602033004688565,0.00035891641378379133
1.0,2504.0,11040.77902145512,11040.782837361083,-0.003913820082289021,0.00035482792792915343
1.0,2505.0,11042.289869993527,11042.29371108846,-0.0039346130870399065,0.00035326555821194803
1.0,2506.0,11043.800542342888,11043.804584815834,-0.004132780706186168,0.000355215977084285
1.0,2507.0,11045.311134823674,11045.31545854321,-0.004414485960296588,0.0003618055163046929
1.0,2508.0,11046.82193386992,11046.826332270586,-0.004487025068101502,0.000363269439003214
1.0,2509.0,11048.333349008082,11048.337205997961,-0.003950017025999841,0.0003513070458267833
1.0,2510.0,11049.84413188224,11049.848079725336,-0.004046947529332101,0.00035625611784084743
1.0,2511.0,11051.354787313756,11051.358953452711,-0.004270180068942864,0.0003645259539794441
1.0,2512.0,11052.865735486783,11052.869827180086,-0.0041891925116033235,0.0003615057530291432
1.0,2513.0,11054.37658523775,11054.380700907463,-0.004208368783110927,0.0003597742211327117
1.0,2514.0,11055.887295070359,11055.891574634838,-0.004368396998870594,0.00036035652328354653
1.0,2515.0,11057.397892510282,11057.402448362212,-0.004645907854410325,0.0003670707187934652
1.0,2516.0,11058.908685411585,11058.91332208959,-0.004725534469343984,0.000369148735328054
1.0,2517.0,11060.420128542284,11060.424195816964,-0.004161577250670234,0.00035753011577398556
1.0,2518.0,11061.930918721779,11061.935069544339,-0.004250496692748129,0.000361943755349667
1.0,2519.0,11063.441561862706,11063.445943271716,-0.004485644844407943,0.0003701669121892177
1.0,2520.0,11064.95245102128,11064.95681699909,-0.004463329936243099,0.0003683486721890369
1.0,2521.0,11066.463299180949,11066.467690726466,-0.00448359423353395,0.0003665097979627739
1.0,2522.0,11067.97404679084,11067.97856445384,-0.004605282265401911,0.0003655677870773925
1.0,2523.0,11069.484654275297,11069.489438181216,-0.00487375044485816,0.00037240192314400196
1.0,2524.0,11070.99544281798,11071.000311908592,-0.004958519908996095,0.0003751150893954753
1.0,2525.0,11072.506901940345,11072.511185635967,-0.00437916623423007,0.00036390908581616726
1.0,2526.0,11074.01770302053,11074.022059363342,-0.004456593554550636,0.000367788453633562
1.0,2527.0,11075.528333907441,11075.532933090719,-0.004703339966454223,0.000375880574953563
1.0,2528.0,11077.039160813336,11077.043806818094,-0.004743168051390967,0.000375256747483431
1.0,2529.0,11078.550008293105,11078.554680545469,-0.004763969655414257,0.00037341903015858895
1.0,2530.0,11080.060802796474,11080.065554272845,-0.00483821451825861,0.0003708939166504817
1.0,2531.0,11081.571420745593,11081.57642800022,-0.0050970742945537495,0.0003777617569855791
1.0,2532.0,11083.08220857528,11083.087301727595,-0.005183605560887372,0.00038114544500903586
1.0,2533.0,11084.593672418156,11084.59817545497,-0.004599547393809189,0.0003704198392960919
1.0,2534.0,11086.10447596614,11086.109049182345,-0.004673675011417799,0.0003736809733300833
1.0,2535.0,11087.61509655308,11087.619922909722,-0.004930233560571651,0.00038160544305628716
1.0,2536.0,11089.125869784022,11089.130796637097,-0.005023780761348462,0.0003821843908916658
1.0,2537.0,11090.636714619497,11090.641670364472,-0.005047035497682373,0.0003803633490464873
1.0,2538.0,11092.14756612593,11092.152544091849,-0.005064210884484055,0.00037626091330110364
1.0,2539.0,11093.658197221323,11093.663417819223,-0.005310630219810264,0.0003831432440803549
1.0,2540.0,11095.168976255629,11095.174291546598,-0.005406824230249185,0.0003871432246214248
1.0,2541.0,11096.680433213338,11096.685165273973,-0.004829461763620202,0.0003769422448148891
1.0,2542.0,11098.191241741872,11098.196039001348,-0.004897613342564,0.0003795904021393265
1.0,2543.0,11099.701851939066,11099.706912728725,-0.005163809874375147,0.0003872318746955805
1.0,2544.0,11101.212580783078,11101.2177864561,-0.005302259648942709,0.0003889934620030335
1.0,2545.0,11102.72342430372,11102.728660183475,-0.0053267074827090255,0.0003872865995708946
1.0,2546.0,11104.23433046737,11104.239533910852,-0.00528923904948897,0.00038161071609918326
1.0,2547.0,11105.744974876621,11105.750407638227,-0.00552321239547382,0.00038847330791992845
1.0,2548.0,11107.255748388983,11107.261281365601,-0.00562572671651651,0.00039310513553912873
1.0,2549.0,11108.76718572368,11108.772155092978,-0.005067137014520995,0.00038338941387409335
1.0,2550.0,11110.278001170454,11110.283028820353,-0.005127532420374337,0.00038543461229163773
1.0,2551.0,11111.78860584071,11111.793902547728,-0.005398468848397897,0.0003927670020383713
1.0,2552.0,11113.299290476552,11113.304776275103,-0.005581603623795672,0.00039557778050072035
1.0,2553.0,11114.8101298951,11114.815650002478,-0.00561036758017508,0.00039406108876250653
1.0,2554.0,11116.321098469842,11116.326523729855,-0.005510839411272173,0.00038695623744293227
1.0,2555.0,11117.831755995763,11117.83739745723,-0.005732215490297676,0.000393716387947561
1.0,2556.0,11119.342524958412,11119.348271184605,-0.005840193470703525,0.00039894319599581053
1.0,2557.0,11120.853935371611,11120.859144911981,-0.005307353879743459,0.00038975185948094624
1.0,2558.0,11122.364750704328,11122.370018639356,-0.005366750044231594,0.0003911661471521173
1.0,2559.0,11123.875348780506,11123.880892366731,-0.005643656530992303,0.00039813550953245424
1.0,2560.0,11125.386001068566,11125.391766094108,-0.005859827538643003,0.000401911433013725
1.0,2561.0,11126.896835527554,11126.902639821483,-0.005893621173527208,0.0004006167257491736
1.0,2562.0,11128.407870543218,11128.413513548858,-0.005728469448058604,0.0003922246779496525
1.0,2563.0,11129.918545968838,11129.924387276233,-0.005932448355906672,0.00039887312739130004
1.0,2564.0,11131.429303923785,11131.435261003608,-0.006051999571354827,0.0004046126106643997
1.0,2565.0,11132.94067341524,11132.946134730984,-0.005558772035783477,0.00039594892377882825
1.0,2566.0,11134.451492078679,11134.45700845836,-0.005613849793917325,0.00039681532406866894
1.0,2567.0,11135.962086331656,11135.967882185734,-0.005893681564430153,0.0004033331870206222
1.0,2568.0,11137.472714306186,11137.478755913111,-0.006135054843070975,0.0004079149250882183
1.0,2569.0,11138.983547681168,11138.989629640486,-0.006170267487505043,0.0004069563167956727
1.0,2570.0,11140.494645259452,11140.50050336786,-0.005943416665104451,0.0003974481787663864
1.0,2571.0,11142.005333745496,11142.011377095236,-0.006134816555913858,0.000403909798381498
1.0,2572.0,11143.516083674873,11143.52225082261,-0.006263018140089116,0.00041015089376431583
1.0,2573.0,11145.02740401404,11145.033124549987,-0.005817203510559921,0.00040204902307500634
1.0,2574.0,11146.538225685383,11146.543998277362,-0.005868377485967358,0.000402400182290799
1.0,2575.0,11148.04882457361,11148.054872004737,-0.006142860343061329,0.0004084398681481817
1.0,2576.0,11149.55943203267,11149.565745732114,-0.006405470012396108,0.00041365053624054253
1.0,2577.0,11151.070257990883,11151.076619459489,-0.006448623063988634,0.0004130647818710162
1.0,2578.0,11152.581420808749,11152.587493186864,-0.006157861610063264,0.0004027079014777318
1.0,2579.0,11154.092123573208,11154.09836691424,-0.006335095647500566,0.00040892562419865254
1.0,2580.0,11155.60286385824,11155.609240641616,-0.0064734528605185915,0.00041557462588732286
1.0,2581.0,11157.114132480307,11157.12011436899,-0.006077767931856215,0.000408160051573742
1.0,2582.0,11158.624953989487,11158.630988096365,-0.0061280388749764825,0.00040804656115005667
1.0,2583.0,11160.135555145662,11160.14186182374,-0.0063995530172178405,0.00041347956110435413
1.0,2584.0,11161.646152007583,11161.652735551117,-0.006673769571534649,0.00041920271492924534
1.0,2585.0,11163.156972222865,11163.163609278492,-0.006723099150349299,0.00041904224922244797
1.0,2586.0,11164.668197205387,11164.674483005867,-0.006371644094997464,0.0004080437353768611
1.0,2587.0,11166.17891888307,11166.185356733244,-0.006530162614581059,0.0004140067786507236
1.0,2588.0,11167.68964704986,11167.696230460619,-0.006680811166006606,0.0004209894932926108
1.0,2589.0,11169.200851317895,11169.207104187994,-0.006347907501094596,0.000414322259818621
1.0,2590.0,11170.711674582417,11170.717977915368,-0.006395686373707576,0.0004138494552770465
1.0,2591.0,11172.222285948115,11172.228851642745,-0.006656113712324441,0.0004185501347513578
1.0,2592.0,11173.73287674184,11173.73972537012,-0.006937367697901209,0.00042462431973373945
1.0,2593.0,11175.243695106954,11175.250599097495,-0.006989331820022926,0.0004249717320635116
1.0,2594.0,11176.754977523771,11176.76147282487,-0.0065818333227980474,0.0004135855949871216
1.0,2595.0,11178.265710144939,11178.272346552247,-0.006729369218646752,0.0004192096297655158
1.0,2596.0,11179.776426734274,11179.783220279622,-0.006891891808209039,0.00042648569063919226
1.0,2597.0,11181.28756568448,11181.294094006997,-0.006622763003178989,0.000420695352286534
1.0,2598.0,11182.79838920233,11182.804967734373,-0.0066695133941721,0.00041989473949964503
1.0,2599.0,11184.309021427904,11184.315841461748,-0.0069084578562979004,0.0004237348703029178
1.0,2600.0,11185.819611739738,11185.826715189123,-0.0071910914589352615,0.00043007610300700955
1.0,2601.0,11187.3304203528,11187.337588916498,-0.007253562350797438,0.0004309358617130694
1.0,2602.0,11188.841754850047,11188.848462643873,-0.006795618107844348,0.0004194271009902853
1.0,2603.0,11190.352501442274,11190.35933637125,-0.00692891991320721,0.0004246947152011706
1.0,2604.0,11191.863204208556,11191.870210098625,-0.0071052471321308985,0.0004321525739413104
1.0,2605.0,11193.374279206735,11193.381083826,-0.006899005205013964,0.0004273665128524689
1.0,2606.0,11194.885104193356,11194.891957553376,-0.006943533791854861,0.00042632074670306266
1.0,2607.0,11196.395756597965,11196.402831280751,-0.007161527658809064,0.00042909583663193197
1.0,2608.0,11197.90634980459,11197.913705008126,-0.007442451787483151,0.0004356396901123242
1.0,2609.0,11199.417152441014,11199.424578735503,-0.00751169631985249,0.0004370721532949713
1.0,2610.0,11200.928530539903,11200.935452462878,-0.007011432523086114,0.00042563044428262705
1.0,2611.0,11202.439293537558,11202.446326190253,-0.007128142252440739,0.00043051525147478904
1.0,2612.0,11203.949984473413,11203.957199917628,-0.0073160987076335005,0.00043810119728437144
1.0,2613.0,11205.46098799051,11205.468073645003,-0.007180349501140881,0.0004343553990120079
1.0,2614.0,11206.971812740174,11206.97894737238,-0.007224701642826403,0.0004331279513231627
1.0,2615.0,11208.482497169703,11208.489821099754,-0.0074099699136240815,0.0004347043538717777
1.0,2616.0,11209.99309503756,11210.00069482713,-0.007687197411087254,0.00044137455676831637
1.0,2617.0,11211.503893517296,11211.511568554506,-0.007761640490116406,0.0004434150335621331
1.0,2618.0,11213.015309640397,11213.022442281881,-0.007224386534289806,0.0004322566881657438
1.0,2619.0,11214.526081173957,11214.533316009256,-0.00733199770002102,0.00043667953645822906
1.0,2620.0,11216.036757150508,11216.04418973663,-0.0075347804249759065,0.00044431676948186965
1.0,2621.0,11217.54769477751,11217.555063464006,-0.007464316103323654,0.00044170844796560235
1.0,2622.0,11219.058518574488,11219.065937191383,-0.007509074945573957,0.00044032367721935373
1.0,2623.0,11220.569244439674,11220.576810918757,-0.007652479509943078,0.0004405655914840036
1.0,2624.0,11222.079853257626,11222.087684646132,-0.007919773817775422,0.0004473635133970281
1.0,2625.0,11223.590641019222,11223.59855837351,-0.008005753748875577,0.00045000848156729446
1.0,2626.0,11225.102081577461,11225.109432100884,-0.007444916699114401,0.00043926558222348247
1.0,2627.0,11226.612865155217,11226.620305828259,-0.0075399182042019675,0.00044322478671033136
1.0,2628.0,11228.123525897196,11228.131179555636,-0.007757426352782204,0.00045080509505913074
1.0,2629.0,11229.634401562456,11229.64205328301,-0.007748759344394784,0.0004493570640243925
1.0,2630.0,11231.14522851312,11231.152927010386,-0.007790037528138782,0.00044790364893887305
1.0,2631.0,11232.655997197517,11232.66380073776,-0.007890092153957085,0.0004466978706776409
1.0,2632.0,11234.166613896483,11234.174674465135,-0.008150604738602851,0.00045357897177346525
1.0,2633.0,11235.67739483759,11235.685548192512,-0.008244376576840295,0.00045687604568692483
1.0,2634.0,11237.188849585847,11237.196421919887,-0.007669524649372761,0.0004466128640680118
1.0,2635.0,11238.699644717724,11238.707295647262,-0.007752379407520493,0.0004500554760535896
1.0,2636.0,11240.210295327615,11240.218169374639,-0.007979539699135785,0.00045753457657980213
1.0,2637.0,11241.721108989967,11241.729043102014,-0.008032732306674006,0.0004572107445116938
1.0,2638.0,11243.231933390562,11243.239916829389,-0.008076424369392043,0.0004557193479496886
1.0,2639.0,11244.742755351703,11244.750790556765,-0.008123075192543183,0.00045306126565031283
1.0,2640.0,11246.253382118826,11246.26166428414,-0.008374309328701202,0.0004599939693426511
1.0,2641.0,11247.764155526474,11247.772538011515,-0.008476583704577934,0.0004639258096032744
1.0,2642.0,11249.275618132411,11249.28341173889,-0.00789376734292091,0.0004542008328729761
1.0,2643.0,11250.786420036718,11250.794285466265,-0.00796891534491806,0.0004570703216679181
1.0,2644.0,11252.297054464008,11252.305159193642,-0.008211712069169153,0.0004643462848867366
1.0,2645.0,11253.807814948133,11253.816032921017,-0.008318413690631132,0.0004651549167626835
1.0,2646.0,11255.31863830014,11255.326906648392,-0.008362924907487468,0.0004636760292476956
1.0,2647.0,11256.829518577022,11256.837780375768,-0.008351385663445399,0.00045956921240088025
1.0,2648.0,11258.340161427379,11258.348654103143,-0.008587438936046965,0.00046656047637009103
1.0,2649.0,11259.850924467837,11259.859527830518,-0.008700763582055515,0.00047110674812699855
1.0,2650.0,11261.362376590387,11261.370401557893,-0.008127848351250577,0.000461869234233934
1.0,2651.0,11262.873186968474,11262.881275285268,-0.008193777386622969,0.00046418096399291914
1.0,2652.0,11264.383808576451,11264.392149012645,-0.00844859959306632,0.00047117928500530176
1.0,2653.0,11265.89452151132,11265.90302274002,-0.008603327669334249,0.0004730289742858476
1.0,2654.0,11267.40534831148,11267.413896467395,-0.008644511176498781,0.00047166135566015645
1.0,2655.0,11268.916289581925,11268.924770194772,-0.008572204150368634,0.0004661974934655182
1.0,2656.0,11270.426941555535,11270.435643922146,-0.008799841985819512,0.0004731764707351338
1.0,2657.0,11271.937695752382,11271.946517649521,-0.008922868560148345,0.00047833282131759937
1.0,2658.0,11273.449129177054,11273.457391376898,-0.008367512113636622,0.0004695489405260948
1.0,2659.0,11274.959945698072,11274.968265104273,-0.008426412480275758,0.0004712632095944241
1.0,2660.0,11276.470560624683,11276.479138831648,-0.00868731174750792,0.0004779518543523423
1.0,2661.0,11277.981233337854,11277.990012559023,-0.008882722007456323,0.0004807428220065282
1.0,2662.0,11279.492055701345,11279.500886286398,-0.008928464653763513,0.0004795154605000144
1.0,2663.0,11281.003062112428,11281.011760013775,-0.008791820243004622,0.0004728644156919593
1.0,2664.0,11282.513727056767,11282.52263374115,-0.009006957167002838,0.00047980076359644867
1.0,2665.0,11284.024470557226,11284.033507468524,-0.009141288871433062,0.0004854879150403812
1.0,2666.0,11285.5358788798,11285.544381195901,-0.008609801832335506,0.00047714241177024475
1.0,2667.0,11287.046701157935,11287.055254923276,-0.008661925816340954,0.0004782750575182341
1.0,2668.0,11288.557303333377,11288.566128650651,-0.00893477507179341,0.0004845546184003207
1.0,2669.0,11290.067943542652,11290.077002378028,-0.009163511960196047,0.00048819466324174734
1.0,2670.0,11291.578765084972,11291.587876105403,-0.00921027411823161,0.0004871989760679521
1.0,2671.0,11293.089836847272,11293.098749832778,-0.009009217764287314,0.0004795243705831736
1.0,2672.0,11294.600518704867,11294.609623560153,-0.009207995520227996,0.00048638499153386296
1.0,2673.0,11296.11125299726,11296.120497287528,-0.009351953609893826,0.0004925588208913577
1.0,2674.0,11297.622618994383,11297.631371014904,-0.008861126659667207,0.000484595135790754
1.0,2675.0,11299.133444995388,11299.14224474228,-0.008908765347769076,0.0004851967911943779
1.0,2676.0,11300.64404158499,11300.653118469654,-0.009186385793327645,0.0004910271960510643
1.0,2677.0,11302.154656176157,11302.16399219703,-0.009441437309760659,0.0004953513322944154
1.0,2678.0,11303.665479569197,11303.674865924406,-0.009486897393799154,0.000494677817097338
1.0,2679.0,11305.176618954452,11305.18573965178,-0.009219412719630782,0.00048623256370078957
1.0,2680.0,11306.687310303416,11306.696613379156,-0.00940886138823771,0.000492920093063472
1.0,2681.0,11308.198032850436,11308.20748710653,-0.009565066839513747,0.0004995159946681115
1.0,2682.0,11309.70935248317,11309.718360833907,-0.009118871376358584,0.0004919897210838344
1.0,2683.0,11311.220180249165,11311.229234561282,-0.009163794412415882,0.0004920731850317858
1.0,2684.0,11312.730777331268,11312.740108288657,-0.00944029615357067,0.0004973880593667162
1.0,2685.0,11314.24137779026,11314.250982016034,-0.009710255665140721,0.0005022836485929847
1.0,2686.0,11315.752195978443,11315.761855743409,-0.009761345228980645,0.0005019667013143942
1.0,2687.0,11317.26339802067,11317.272729470784,-0.009432791924609774,0.000492995730353432
1.0,2688.0,11318.7741033622,11318.78360319816,-0.009608338421003282,0.0004994799824594691
1.0,2689.0,11320.284813383381,11320.294476925535,-0.009777198969459278,0.0005063896309080362
1.0,2690.0,11321.796081363082,11321.80535065291,-0.009381092024341342,0.0004993626475469159
1.0,2691.0,11323.306914043767,11323.316224380285,-0.009420279587175173,0.0004990139876365509
1.0,2692.0,11324.817509834364,11324.82709810766,-0.009697168775346654,0.0005036781357546472
1.0,2693.0,11326.328098854021,11326.337971835037,-0.009979529390420794,0.0005090241468662506
1.0,2694.0,11327.838915783694,11327.848845562412,-0.010032556106125412,0.0005091665736959387
1.0,2695.0,11329.35017688298,11329.359719289787,-0.009646419603086542,0.0004998889956569657
1.0,2696.0,11330.860897096192,11330.870593017164,-0.009807139640997775,0.0005061017958208326
1.0,2697.0,11332.371599001839,11332.381466744539,-0.009984225335756491,0.0005132754771126376
1.0,2698.0,11333.88280468987,11333.892340471913,-0.009648694788211287,0.00050680730612971
1.0,2699.0,11335.393636215003,11335.40321419929,-0.00968837780510512,0.0005060816713739947
1.0,2700.0,11336.90424087783,11336.914087926665,-0.009955658021226554,0.0005100033470667098
1.0,2701.0,11338.414825357591,11338.42496165404,-0.010243340765555331,0.0005156869652194501
1.0,2702.0,11339.925640934303,11339.935835381415,-0.010298589446847473,0.0005163403822920227
1.0,2703.0,11341.436960481988,11341.44670910879,-0.009855651910129382,0.0005070176366248629
1.0,2704.0,11342.947690869936,11342.957582836167,-0.010005817115597893,0.0005128666986330369
1.0,2705.0,11344.458378323987,11344.468456563542,-0.010197367708769889,0.0005201998949013174
1.0,2706.0,11345.969521533752,11345.979330290917,-0.009923019856614701,0.0005144473477391343
1.0,2707.0,11347.480352162833,11347.490204018293,-0.009962797747903096,0.0005133938415705186
1.0,2708.0,11348.990972330643,11349.001077745666,-0.010213874411874713,0.0005164121997234477
1.0,2709.0,11350.501562695657,11350.511951473043,-0.010496697359485552,0.000522396779889668
1.0,2710.0,11352.012373179248,11352.022825200418,-0.010557757331753237,0.0005235950315219704
1.0,2711.0,11353.523737560081,11353.533698927793,-0.010071514692754135,0.0005143961262717481
1.0,2712.0,11355.034481041257,11355.04457265517,-0.010208275828517799,0.0005198533945940634
1.0,2713.0,11356.54515586568,11356.555446382545,-0.010412143436951737,0.0005272474148266846
1.0,2714.0,11358.056233901705,11358.06632010992,-0.01020193714157358,0.0005223022291317837
1.0,2715.0,11359.5670680113,11359.577193837296,-0.010237736691124155,0.000521017398163483
1.0,2716.0,11361.077708854778,11361.088067564671,-0.010467242189406534,0.0005229694631929874
1.0,2717.0,11362.588301601694,11362.598941292046,-0.010748682483608718,0.0005291838953380075
1.0,2718.0,11364.099108681005,11364.109815019423,-0.010814167814714892,0.0005310011356257768
1.0,2719.0,11365.610511867877,11365.620688746796,-0.010290245293617772,0.0005220649184974321
1.0,2720.0,11367.121266931412,11367.131562474173,-0.01041489626186376,0.0005270392202875355
1.0,2721.0,11368.631934059602,11368.64243620155,-0.010626255555507669,0.0005344391728150992
1.0,2722.0,11370.142945522704,11370.153309928923,-0.010481721637916053,0.0005303982078833895
1.0,2723.0,11371.653774805356,11371.6641836563,-0.010521821129259479,0.0005289097341300576
1.0,2724.0,11373.164446218905,11373.175057383674,-0.010720175620917871,0.0005296922448514197
1.0,2725.0,11374.675047582634,11374.68593111105,-0.010993887260156043,0.0005361067972865514
1.0,2726.0,11376.185849261594,11376.196804838426,-0.011065724431318813,0.0005385443805865788
1.0,2727.0,11377.69728607704,11377.707678565801,-0.01050919711633469,0.0005299815744764498
1.0,2728.0,11379.208052244438,11379.218552293176,-0.010621937222822453,0.0005344046051146138
1.0,2729.0,11380.718703944522,11380.729426020553,-0.010848250274648308,0.0005416860159106857
1.0,2730.0,11382.229650454585,11382.240299747926,-0.010768350368380197,0.0005386777692171604
1.0,2731.0,11383.740477734993,11383.751173475302,-0.010809923413034994,0.0005370548769729017
1.0,2732.0,11385.251186292357,11385.262047202677,-0.010970528924190148,0.0005365421593549233
1.0,2733.0,11386.761802899218,11386.772920930052,-0.011230124426219845,0.0005431483207594665
1.0,2734.0,11388.272599520194,11388.28379465743,-0.011307883457448042,0.0005462275662147409
1.0,2735.0,11389.784051679177,11389.794668384804,-0.010736408532466157,0.0005380213799378623
1.0,2736.0,11391.294828167405,11391.305542112179,-0.010838137608516263,0.0005418634698616189
1.0,2737.0,11392.805468836359,11392.816415839556,-0.01107487166973442,0.0005489609827036441
1.0,2738.0,11394.31635182537,11394.32728956693,-0.011058305840379035,0.0005470113673579996
1.0,2739.0,11395.82718035304,11395.838163294306,-0.011098428024524765,0.0005453324700103328
1.0,2740.0,11397.337935626008,11397.349037021682,-0.011211839959287317,0.000543487511660847
1.0,2741.0,11398.848561384697,11398.859910749055,-0.011463142680440797,0.0005502186941768065
1.0,2742.0,11400.359350516617,11400.370784476432,-0.011549436073437391,0.0005539525938457564
1.0,2743.0,11401.870810956883,11401.881658203807,-0.010969585283419292,0.0005460865964307896
1.0,2744.0,11403.38159585666,11403.392531931182,-0.011061901162975118,0.0005492646899960883
1.0,2745.0,11404.89222894665,11404.903405658559,-0.011305736045869708,0.0005561224416679319
1.0,2746.0,11406.403055415443,11406.414279385934,-0.01134578615801729,0.0005552786862654421
1.0,2747.0,11407.913877772018,11407.925153113309,-0.01139171382146742,0.0005535638036225282
1.0,2748.0,11409.424684518635,11409.436026840685,-0.011453592191173811,0.0005504051148590399
1.0,2749.0,11410.935325132301,11410.946900568058,-0.011690879588059033,0.0005572452440651695
1.0,2750.0,11412.446104995934,11412.457774295435,-0.011787200946855592,0.0005615805444558803
1.0,2751.0,11413.957564540538,11413.96864802281,-0.0112078350784941,0.0005539853964144374
1.0,2752.0,11415.468360919127,11415.479521750185,-0.011287658156106772,0.0005564893422079421
1.0,2753.0,11416.978980725366,11416.990395477562,-0.011543979752786981,0.000563006300427068
1.0,2754.0,11418.489752087356,11418.501269204937,-0.011639627781732997,0.0005632825829799226
1.0,2755.0,11420.000572380592,11420.012142932312,-0.011687447113217786,0.0005616306279190399
1.0,2756.0,11421.511435984812,11421.523016659688,-0.011692457096614817,0.0005571988107938842
1.0,2757.0,11423.022093837586,11423.033890387063,-0.011913412924513977,0.0005641003049831753
1.0,2758.0,11424.532867748343,11424.544764114438,-0.012016472112918564,0.000569025204771119
1.0,2759.0,11426.044309427969,11426.055637841815,-0.011453822754447174,0.0005615807140875402
1.0,2760.0,11427.555112226735,11427.566511569188,-0.011526286206390068,0.0005634094935809937
1.0,2761.0,11429.065724256052,11429.077385296565,-0.01178969680222508,0.0005695780084439018
1.0,2762.0,11430.576446890675,11430.58825902394,-0.011934509187085496,0.0005709009704507171
1.0,2763.0,11432.087266098533,11432.099132751315,-0.011983467062236741,0.0005693782386247448
1.0,2764.0,11433.59819590625,11433.610006478692,-0.011922730487640365,0.0005638249650939561
1.0,2765.0,11435.108866316263,11435.120880206066,-0.012131659475926426,0.0005707027211669381
1.0,2766.0,11436.619627806042,11436.631753933441,-0.012247882276824384,0.0005761545464445848
1.0,2767.0,11438.13104471548,11438.142627660818,-0.011708615234056197,0.000568826158489226
1.0,2768.0,11439.64185364206,11439.653501388193,-0.011773765017096594,0.000569970660288623
1.0,2769.0,11441.152459489775,11441.164375115568,-0.012042722844853415,0.0005757483779181697
1.0,2770.0,11442.663145254544,11442.675248842945,-0.012225160333400709,0.0005780695923001579
1.0,2771.0,11444.173959610787,11444.186122570318,-0.012278890410925669,0.0005767219785631031
1.0,2772.0,11445.684952999778,11445.696996297695,-0.012155379028627067,0.0005701996137977792
1.0,2773.0,11447.1956396827,11447.20787002507,-0.012348632392786385,0.0005770199370072843
1.0,2774.0,11448.706389069319,11448.718743752444,-0.012477361644414486,0.0005829116533394101
1.0,2775.0,11450.217771013766,11450.229617479821,-0.011971387811172463,0.0005756499067110806
1.0,2776.0,11451.728590482897,11451.740491207196,-0.012025051283671928,0.0005761839935329379
1.0,2777.0,11453.23918942744,11453.251364934571,-0.012300065196541254,0.0005815186911056245
1.0,2778.0,11454.749838674197,11454.762238661948,-0.012519848239207931,0.000584721082737536
1.0,2779.0,11456.260651201643,11456.27311238932,-0.012575681817907025,0.0005836647189238278
1.0,2780.0,11457.771711534708,11457.783986116698,-0.012386161281028762,0.0005763596533893572
1.0,2781.0,11459.282413393768,11459.294859844073,-0.012564670265419409,0.0005830341124614981
1.0,2782.0,11460.793154742034,11460.805733571447,-0.012701950406153628,0.0005893210385180573
1.0,2783.0,11462.304491274024,11462.316607298824,-0.012239352224241884,0.000582141411941349
1.0,2784.0,11463.815313420004,11463.8274810262,-0.01228937516316364,0.000582112300983966
1.0,2785.0,11465.325910361043,11465.338354753574,-0.012565807352075353,0.000587010885300655
1.0,2786.0,11466.83653326412,11466.84922848095,-0.012812666560421349,0.0005909589411846642
1.0,2787.0,11468.347343170324,11468.360102208326,-0.012871458794506907,0.000590243810703956
1.0,2788.0,11469.858475087385,11469.8709759357,-0.012611815748641675,0.0005823954737027358
1.0,2789.0,11471.369190917725,11471.381849663077,-0.012776478960404347,0.0005888478022272858
1.0,2790.0,11472.879915895945,11472.89272339045,-0.012930379526551405,0.0005954217230519382
1.0,2791.0,11474.39120088472,11474.403597117827,-0.012517478194240539,0.0005884412196804615
1.0,2792.0,11475.902027714506,11475.914470845202,-0.012561799425384379,0.0005879261338025887
1.0,2793.0,11477.412624461633,11477.425344572577,-0.012837734007916879,0.0005923100432312668
1.0,2794.0,11478.923232637346,11478.936218299954,-0.013100348195621336,0.0005968939838900534
1.0,2795.0,11480.434040620767,11480.447092027329,-0.013161426163605938,0.0005965861300049283
1.0,2796.0,11481.945234850718,11481.957965754704,-0.012840966415751609,0.0005883722671670178
1.0,2797.0,11483.455964526262,11483.46883948208,-0.012991984531254275,0.0005945589500275691
1.0,2798.0,11484.966675998992,11484.979713209455,-0.013159411247215758,0.0006013414163302609
1.0,2799.0,11486.477902258532,11486.49058693683,-0.012803311485185986,0.0005946546974512917
1.0,2800.0,11487.988737023104,11488.001460664207,-0.012839020574574533,0.000593758971115904
1.0,2801.0,11489.499339598955,11489.51233439158,-0.013108388870023191,0.000597549756808256
1.0,2802.0,11491.009932117679,11491.023208118957,-0.013387537359449198,0.0006026265742482913
1.0,2803.0,11492.5207377541,11492.534081846332,-0.013451688093482517,0.000602811976645093
1.0,2804.0,11494.031994316567,11494.044955573707,-0.013070448069811391,0.0005944377362952397
1.0,2805.0,11495.542735447283,11495.555829301084,-0.013209854300839652,0.0006002657599759618
1.0,2806.0,11497.05343615586,11497.066703028459,-0.013388152186962543,0.0006071905946209399
1.0,2807.0,11498.564601808213,11498.577576755833,-0.013090921464026906,0.0006009727980847992
1.0,2808.0,11500.075436642051,11500.08845048321,-0.013125770002261561,0.0005997562536466447
1.0,2809.0,11501.586048898815,11501.599324210583,-0.013384938782110112,0.000602868956627442
1.0,2810.0,11503.096635989306,11503.11019793796,-0.01367044362359593,0.0006083560475836322
1.0,2811.0,11504.60743834233,11504.621071665335,-0.013738502332671487,0.0006090546627858333
1.0,2812.0,11506.11875432096,11506.13194539271,-0.013299576419740333,0.0006006970927487746
1.0,2813.0,11507.629509058206,11507.642819120087,-0.013425091797216737,0.0006061215599009705
1.0,2814.0,11509.140192093171,11509.153692847462,-0.013620787285617553,0.0006130745507666232
1.0,2815.0,11510.651291873593,11510.664566574836,-0.013388150287937606,0.0006075101694799944
1.0,2816.0,11512.162130053519,11512.175440302213,-0.013419020527180692,0.0006060753715927516
1.0,2817.0,11513.67275728565,11513.686314029588,-0.01366246391171444,0.0006083555783082539
1.0,2818.0,11515.183345640384,11515.197187756963,-0.013947831495897844,0.0006141766552911197
1.0,2819.0,11516.694148479968,11516.70806148434,-0.014016210464433243,0.0006154417852682015
1.0,2820.0,11518.205510767133,11518.218935211713,-0.013532294275137247,0.0006071973016630161
1.0,2821.0,11519.716274500679,11519.72980893909,-0.01364850640311488,0.0006121703542813763
1.0,2822.0,11521.226944123599,11521.240682666465,-0.01385729552293924,0.0006190949280627455
1.0,2823.0,11522.737976895201,11522.75155639384,-0.013690481321646075,0.0006143085846817355
1.0,2824.0,11524.248819030505,11524.262430121216,-0.013717004860154702,0.0006127264584595639
1.0,2825.0,11525.759472939106,11525.773303848591,-0.013933186906797346,0.0006140627390845719
1.0,2826.0,11527.2700611353,11527.284177575966,-0.014219605200196384,0.0006201365375071796
1.0,2827.0,11528.780859683824,11528.795051303343,-0.014293263042418403,0.0006219961873592144
1.0,2828.0,11530.292263622234,11530.305925030718,-0.013768864793746616,0.0006139721479943358
1.0,2829.0,11531.80303518098,11531.816798758093,-0.013876541003810416,0.0006184184404941652
1.0,2830.0,11533.31369206595,11533.32767248547,-0.014097708527515351,0.0006252325653586174
1.0,2831.0,11534.824663048166,11534.838546212843,-0.013992042833706364,0.0006213898751505852
1.0,2832.0,11536.335504049297,11536.34941994022,-0.014019177307091013,0.0006197087607209572
1.0,2833.0,11537.84618665703,11537.860293667594,-0.014206214666046435,0.0006199965501863343
1.0,2834.0,11539.356781825361,11539.37116739497,-0.01448672285732755,0.0006262949595141193
1.0,2835.0,11540.867576595985,11540.882041122346,-0.014564950763087836,0.0006287406032308471
1.0,2836.0,11542.379012089583,11542.392914849721,-0.01400981245933508,0.0006209630453298985
1.0,2837.0,11543.889795246163,11543.903788577096,-0.014105239203672681,0.0006248631695844243
1.0,2838.0,11545.400436685599,11545.414662304473,-0.014341157499984547,0.0006314736996698882
1.0,2839.0,11546.911341824085,11546.925536031846,-0.014301084369435557,0.0006286751625732544
1.0,2840.0,11548.422184104511,11548.436409759222,-0.014326725813589292,0.0006269873173688618
1.0,2841.0,11549.932903981015,11549.947283486597,-0.014475954644694866,0.000626139990360141
1.0,2842.0,11551.443507861164,11551.458157213972,-0.014748761990631465,0.000632595703415238
1.0,2843.0,11552.954303114157,11552.969030941349,-0.01482753320124175,0.0006356445132012778
1.0,2844.0,11554.465757009028,11554.479904668724,-0.014254136335694056,0.0006280858255744
1.0,2845.0,11555.976543999412,11555.990778396099,-0.014344921965857793,0.0006313961398001566
1.0,2846.0,11557.487173490174,11557.501652123476,-0.014592226184504398,0.0006377703473295295
1.0,2847.0,11558.998018456316,11559.01252585085,-0.014612230402235582,0.0006360620706302856
1.0,2848.0,11560.508860433929,11560.523399578226,-0.014638005842243729,0.0006344064816979112
1.0,2849.0,11562.019629716837,11562.034273305602,-0.014737711606358062,0.0006324137991710299
1.0,2850.0,11563.530243054829,11563.545147032975,-0.015001837499767134,0.0006389664497674567
1.0,2851.0,11565.041030956807,11565.056020760352,-0.015088890017977974,0.0006425883405299423
1.0,2852.0,11566.55249372118,11566.566894487727,-0.014506493179396784,0.0006352296212527263
1.0,2853.0,11568.063285938904,11568.077768215102,-0.014590989350836026,0.0006379194589690817
1.0,2854.0,11569.573903137636,11569.588641942479,-0.014849846420474933,0.0006439849318822461
1.0,2855.0,11571.084696856153,11571.099515669854,-0.014921559814865759,0.0006434188112981791
1.0,2856.0,11572.595537635298,11572.610389397229,-0.014948346974051674,0.0006418540197746909
1.0,2857.0,11574.106355340607,11574.121263124605,-0.014999636371612723,0.0006387318646306867
1.0,2858.0,11575.61698095788,11575.632136851978,-0.015252416427756543,0.00064534551486548
1.0,2859.0,11577.127763926255,11577.143010579355,-0.015345166817496647,0.0006495067932808972
1.0,2860.0,11578.639222250158,11578.653884306732,-0.014766425981179054,0.0006422696670522296
1.0,2861.0,11580.150022887203,11580.164758034105,-0.014841619809885742,0.0006443566020969048
1.0,2862.0,11581.660630254231,11581.675631761482,-0.01510944933306746,0.0006500743770078577
1.0,2863.0,11583.171371026427,11583.186505488857,-0.015234676561703964,0.0006506181841436681
1.0,2864.0,11584.682210056266,11584.697379216232,-0.01526338508756453,0.0006492326436501783
1.0,2865.0,11586.193085132229,11586.208252943608,-0.015257526536515797,0.0006450623177129363
1.0,2866.0,11587.703722628754,11587.719126670983,-0.015499062787966977,0.0006516533725785905
1.0,2867.0,11589.214503060844,11589.230000398358,-0.015595269901496067,0.00065632265602592
1.0,2868.0,11590.725947164272,11590.740874125735,-0.015029470027911884,0.0006491610386767708
1.0,2869.0,11592.236748143077,11592.251747853108,-0.015103216925126617,0.0006506440536193587
1.0,2870.0,11593.747346526765,11593.762621580485,-0.015379389264126075,0.0006560145606005844
1.0,2871.0,11595.258045055674,11595.27349530786,-0.015547604274615878,0.0006576102614529836
1.0,2872.0,11596.76888060064,11596.784369035235,-0.015579873283058987,0.00065644085781409
1.0,2873.0,11598.279820646192,11598.295242762611,-0.015509791272052098,0.0006513509994705608
1.0,2874.0,11599.79047362888,11599.806116489986,-0.015736353996544494,0.0006578628068902447
1.0,2875.0,11601.301243543221,11601.316990217361,-0.015843687291635433,0.000662965901093931
1.0,2876.0,11602.812660585201,11602.827863944738,-0.01530350427947269,0.0006558744818871683
1.0,2877.0,11604.323465324636,11604.338737672113,-0.015372410073723586,0.000656799758422355
1.0,2878.0,11605.834055757943,11605.849611399488,-0.01565566724548262,0.0006617819499363656
1.0,2879.0,11607.344721142908,11607.360485126865,-0.01585809803691518,0.0006643471335500006
1.0,2880.0,11608.855555932572,11608.871358854238,-0.01589137955215847,0.0006634731478408785
1.0,2881.0,11610.366557485206,11610.382232581615,-0.0157606212196697,0.0006576062317384327
1.0,2882.0,11611.87722365055,11611.89310630899,-0.015974554088643345,0.0006639861123516422
1.0,2883.0,11613.387986330938,11613.403980036364,-0.016089689604086743,0.0006694743228501051
1.0,2884.0,11614.899365389987,11614.914853763741,-0.015585542569169775,0.000662456910617643
1.0,2885.0,11616.410175019224,11616.425727491116,-0.015648660090846533,0.0006628864104291643
1.0,2886.0,11617.920764350432,11617.936601218491,-0.015932292834804684,0.0006674806769075876
2.0,1514.0,10922.785985332057,10922.784938109296,0.001279763233014819,0.00048213370151256786
2.0,1515.0,10925.208263638597,10925.206748844907,0.0017376362161485304,0.0004888194244413162
2.0,1516.0,10927.63033457613,10927.628559580515,0.001987357713005622,0.0004847405404605566
2.0,1517.0,10930.052185142622,10930.050370316125,0.0020298916333558736,0.0004900892413766757
2.0,1518.0,10932.473234636083,10932.472181051735,0.0012798906918760622,0.00048180419729558597
2.0,1519.0,10934.89522257337,10934.893991787345,0.0014670811451651389,0.0004936341571225484
2.0,1520.0,10937.317583002761,10937.315802522955,0.002007672514537262,0.0005008913870817626
2.0,1521.0,10939.739562552864,10939.737613258565,0.002165216207231424,0.0004946858224435533
2.0,1522.0,10942.161387034059,10942.159423994175,0.002183854359373072,0.0005004874546006752
2.0,1523.0,10944.582461006226,10944.581234729785,0.0014568311225957586,0.00049327594961639
2.0,1524.0,10947.004483999379,10947.003045465395,0.0016782411339590908,0.0005045161582926766
2.0,1525.0,10949.426882401109,10949.424856201005,0.0022566847983398475,0.0005124038701920592
2.0,1526.0,10951.848775724538,10951.846666936613,0.002328849554032786,0.0005041071871553005
2.0,1527.0,10954.270599747619,10954.268477672224,0.0023480783142986184,0.0005103699848707032
2.0,1528.0,10956.691692350185,10956.690288407834,0.001638551211271988,0.0005042490435644996
2.0,1529.0,10959.113754966982,10959.112099143444,0.0018975955799760413,0.0005146708689433337
2.0,1530.0,10961.5361725348,10961.533909879054,0.0024962156740002683,0.0005231858275425898
2.0,1531.0,10963.95800556265,10963.955720614664,0.002508688596662978,0.0005127166507829944
2.0,1532.0,10966.379786212328,10966.377531350274,0.0024862207619662513,0.0005199548511474735
2.0,1533.0,10968.800938825485,10968.799342085884,0.001834278411934065,0.0005142892827913524
2.0,1534.0,10971.223029599167,10971.221152821494,0.002119886843047425,0.0005241748315847159
2.0,1535.0,10973.645486418085,10973.642963557104,0.0027585488633121713,0.0005325686173442831
2.0,1536.0,10976.067198605751,10976.064774292714,0.002651617213814461,0.0005209748492423532
2.0,1537.0,10978.488979609338,10978.486585028324,0.002630960599617538,0.0005287205362910528
2.0,1538.0,10980.910198253663,10980.908395763934,0.002041990799625637,0.0005237015850611778
2.0,1539.0,10983.332340698867,10983.330206499544,0.002377991517278133,0.0005324923344460289
2.0,1540.0,10985.754769095887,10985.752017235154,0.0029886242678003327,0.0005410495041220901
2.0,1541.0,10988.176388131158,10988.173827970762,0.002791224585052987,0.0005283858521596467
2.0,1542.0,10990.598178830478,10990.595638706372,0.0027807627661786682,0.000536880791685936
2.0,1543.0,10993.019479600272,10993.017449441983,0.0022715427103321417,0.0005321819725013534
2.0,1544.0,10995.441645169965,10995.439260177593,0.0026283870715815283,0.0005400011250540513
2.0,1545.0,10997.86404492063,10997.861070913203,0.0032118793487825315,0.0005483937913319927
2.0,1546.0,11000.285590166593,11000.282881648813,0.002942770489880786,0.0005351073207795577
2.0,1547.0,11002.707373535817,11002.704692384423,0.002926303876847669,0.000544481839312012
2.0,1548.0,11005.128766445083,11005.126503120033,0.002505748294879595,0.0005398853436468177
2.0,1549.0,11007.550946794941,11007.548313855643,0.002875997879982606,0.000546690613382421
2.0,1550.0,11009.973338002423,11009.970124591251,0.0034516605783210252,0.0005544488448951338
2.0,1551.0,11012.394767613257,11012.391935326861,0.003070110489261424,0.0005415390844823234
2.0,1552.0,11014.816576531877,11014.813746062471,0.0030795775546721416,0.0005513827484546659
2.0,1553.0,11017.238057517532,11017.235556798081,0.0027442918030828878,0.0005472474269504366
2.0,1554.0,11019.660278776479,11019.657367533691,0.0031536096607851505,0.0005522197683164611
2.0,1555.0,11022.082594886242,11022.079178269301,0.0036552835667862382,0.0005599497260430263
2.0,1556.0,11024.5039491314,11024.500989004911,0.0032016638988352497,0.0005473867408426653
2.0,1557.0,11026.925780862275,11026.922799740521,0.003233974985050736,0.0005580437951735784
2.0,1558.0,11029.347379985817,11029.344610476131,0.0030146740673444583,0.0005539744560812589
2.0,1559.0,11031.769581727245,11031.766421211742,0.0034021393075818196,0.0005573414665468264
2.0,1560.0,11034.191847233134,11034.188231947352,0.00385511305739783,0.0005646725563093842
2.0,1561.0,11036.613136631633,11036.610042682962,0.003339069169214781,0.0005531203469361849
2.0,1562.0,11039.035002430459,11039.031853418572,0.003406094279853278,0.000564326905897399
2.0,1563.0,11041.456692877124,11041.453664154182,0.0032754039220890263,0.0005606157440549766
2.0,1564.0,11043.87887597712,11043.875474889792,0.0036429627043617074,0.0005619439053798972
2.0,1565.0,11046.301104305197,11046.297285625402,0.0040597446268293425,0.0005688915769360942
2.0,1566.0,11048.722319082039,11048.71909636101,0.0034722186769613472,0.0005588464811508984
2.0,1567.0,11051.14422641834,11051.14090709662,0.0035801024077954935,0.0005704000893044554
2.0,1568.0,11053.566005668068,11053.56271783223,0.0035370022342249285,0.0005673119204127836
2.0,1569.0,11055.98818651603,11055.98452856784,0.0039002179391900427,0.0005660021879651493
2.0,1570.0,11058.410330578667,11058.40633930345,0.004234641203765932,0.0005731251749259789
2.0,1571.0,11060.831507102897,11060.82815003906,0.0036107539581280435,0.0005643923897817115
2.0,1572.0,11063.253451169476,11063.24996077467,0.003755077869300294,0.0005765425412110546
2.0,1573.0,11065.675350161342,11065.67177151028,0.0038306331339299504,0.0005736831792500962
2.0,1574.0,11068.09745947528,11068.09358224589,0.004120713722841174,0.0005701952530301725
2.0,1575.0,11070.519552474132,11070.515392981499,0.004405944157497288,0.0005770859561040912
2.0,1576.0,11072.94069668948,11072.937203717109,0.0037508285167859867,0.0005700964016672436
2.0,1577.0,11075.362709529765,11075.359014452719,0.003963704229590803,0.0005822929032820045
2.0,1578.0,11077.78467200368,11077.780825188329,0.004101675164747576,0.0005802286462055449
2.0,1579.0,11080.206726098524,11080.202635923939,0.00433589551357727,0.0005741300081898315
2.0,1580.0,11082.628768061695,11082.624446659549,0.004571264697005972,0.000581105321333842
2.0,1581.0,11085.04990309324,11085.046257395159,0.003908069952103688,0.0005755896974233918
2.0,1582.0,11087.4719610832,11087.46806813077,0.004164690405559668,0.0005878885620253163
2.0,1583.0,11089.893994401353,11089.88987886638,0.0043739128454944876,0.000586571989075727
2.0,1584.0,11092.315995961479,11092.31168960199,0.004554344016014511,0.0005778644243751707
2.0,1585.0,11094.737969046077,11094.7335003376,0.004723005521100276,0.0005851881394700814
2.0,1586.0,11097.15911094024,11097.15531107321,0.0040658099283064075,0.0005807688264597712
2.0,1587.0,11099.581218124258,11099.57712180882,0.004371156599063397,0.0005932207061329153
2.0,1588.0,11102.003340471423,11101.99893254443,0.0046692701398569625,0.0005923211246206444
2.0,1589.0,11104.425235131795,11104.42074328004,0.004742933010675188,0.000581680682988978
2.0,1590.0,11106.847163489187,11106.842554015648,0.004868152913786616,0.0005890376906473558
2.0,1591.0,11109.268320363188,11109.264364751258,0.004224864131629147,0.0005857221763012504
2.0,1592.0,11111.690514802705,11111.686175486868,0.004616450061803334,0.0005977295509969736
2.0,1593.0,11114.112658241975,11114.107986222478,0.004936063895456755,0.0005978039320120144
2.0,1594.0,11116.534470164665,11116.529796958088,0.004927621505430579,0.0005851060539955689
2.0,1595.0,11118.956347094743,11118.951607693698,0.005002557647458161,0.0005928955887462731
2.0,1596.0,11121.377563334521,11121.373418429308,0.0044171049207761826,0.0005899274074804861
2.0,1597.0,11123.799795551284,11123.795229164918,0.004844905421123258,0.0006018248151914787
2.0,1598.0,11126.221976833469,11126.217039900528,0.005203562111091742,0.0006024599914652599
2.0,1599.0,11128.643697556094,11128.638850636138,0.0051045054224232445,0.000588330056490282
2.0,1600.0,11131.06553759771,11131.060661371746,0.005144338149420946,0.0005964475856659674
2.0,1601.0,11133.486799069231,11133.482472107356,0.004600995073815284,0.0005936589912017925
2.0,1602.0,11135.909087114254,11135.904282842966,0.005084078625714028,0.0006052911820562798
2.0,1603.0,11138.331304742518,11138.326093578577,0.005479453856878536,0.0006062729557931714
2.0,1604.0,11140.75291147274,11140.747904314187,0.005268659558623767,0.0005914064212835521
2.0,1605.0,11143.174716912567,11143.169715049797,0.005274303920032253,0.0005997149429271047
2.0,1606.0,11145.59603954633,11145.591525785407,0.0047896918576952885,0.0005970247704455806
2.0,1607.0,11148.018410201763,11148.013336521017,0.005353861675757798,0.0006079237817811767
2.0,1608.0,11150.44060690355,11150.435147256627,0.005729678201532806,0.0006096162269820353
2.0,1609.0,11152.862119199364,11152.856957992237,0.005426436571269733,0.0005942047170052879
2.0,1610.0,11155.283888351709,11155.278768727847,0.005396682677655917,0.0006030138488037008
2.0,1611.0,11157.705318816686,11157.700579463457,0.005016899603560887,0.0005998137725249008
2.0,1612.0,11160.127709428627,11160.122390199067,0.005599713087121927,0.0006103430701156145
2.0,1613.0,11162.549904209956,11162.544200934677,0.005974958331535163,0.0006122176825896973
2.0,1614.0,11164.971313163142,11164.966011670287,0.005570777103002911,0.0005971408850887279
2.0,1615.0,11167.393085362442,11167.387822405895,0.005544937977902009,0.0006060674233315883
2.0,1616.0,11169.814581110833,11169.809633141505,0.005227006048698968,0.0006027405205744927
2.0,1617.0,11172.237015442193,11172.231443877115,0.0058526788707240485,0.0006123325279106459
2.0,1618.0,11174.659194430784,11174.653254612726,0.006213073073467967,0.0006145522783972343
2.0,1619.0,11177.080514794325,11177.075065348336,0.005723745749946829,0.0006001875750671642
2.0,1620.0,11179.502265319301,11179.496876083946,0.00567579613880298,0.000609328956059333
2.0,1621.0,11181.923851617494,11181.918686819556,0.005446227124139114,0.0006058675554830826
2.0,1622.0,11184.346329573134,11184.340497555166,0.006113547329277935,0.0006140566025620079
2.0,1623.0,11186.76846820964,11186.762308290776,0.0064358268859905365,0.0006169284928535026
2.0,1624.0,11189.189704767969,11189.184119026384,0.005864990855116048,0.0006035972263856194
2.0,1625.0,11191.611446592886,11191.605929761994,0.005808738140785863,0.0006130567704391371
2.0,1626.0,11194.033154495639,11194.027740497604,0.005698072161067103,0.0006092279704483807
2.0,1627.0,11196.455614426508,11196.449551233214,0.006346193418721668,0.0006160834803402993
2.0,1628.0,11198.877726088409,11198.871361968824,0.006643076734235365,0.0006193415692542759
2.0,1629.0,11201.298882677555,11201.293172704434,0.005995052234084142,0.0006076953211270165
2.0,1630.0,11203.720663647797,11203.714983440044,0.0059776049124593555,0.0006169506800922612
2.0,1631.0,11206.142436089049,11206.136794175654,0.005929517899403436,0.0006134490914629896
2.0,1632.0,11208.564894298881,11208.558604911264,0.006574524031748297,0.0006182365695446033
2.0,1633.0,11210.98696527905,11210.980415646874,0.006832523936736834,0.0006223079611032197
2.0,1634.0,11213.408087690772,11213.402226382485,0.006152885158371646,0.0006121824702517401
2.0,1635.0,11215.829860694666,11215.824037118095,0.006126410855813447,0.0006215020100913382
2.0,1636.0,11218.251726907427,11218.245847853705,0.006171134582928062,0.0006182167856194662
2.0,1637.0,11220.674161466237,11220.667658589315,0.006790585588078102,0.0006208176992283981
2.0,1638.0,11223.096202220211,11223.089469324925,0.0070210741446317115,0.0006257161821575916
2.0,1639.0,11225.51727595854,11225.511280060535,0.006293695095337171,0.0006173424490386974
2.0,1640.0,11227.93907114534,11227.933090796143,0.0062890922899896395,0.0006265487729892568
2.0,1641.0,11230.361037335424,11230.354901531753,0.0064323994561164,0.0006235141076449866
2.0,1642.0,11232.783409896405,11232.776712267363,0.006989249653997831,0.0006239426495441938
2.0,1643.0,11235.205411973933,11235.198523002973,0.007182615615420218,0.0006295909165612893
2.0,1644.0,11237.626461655687,11237.620333738583,0.0064324213540203345,0.0006230294452069538
2.0,1645.0,11240.048317756537,11240.042144474193,0.006487247333552659,0.0006316390381882317
2.0,1646.0,11242.4703317379,11242.463955209803,0.0066783109200514446,0.0006294545467746294
2.0,1647.0,11244.89264455462,11244.885765945413,0.007174239609867072,0.0006273281670862972
2.0,1648.0,11247.314601761946,11247.307576681023,0.007324966313262848,0.0006340889188286981
2.0,1649.0,11249.735685936332,11249.729387416632,0.006609199417198397,0.0006286600878704499
2.0,1650.0,11252.15754808595,11252.151198152242,0.006668726111911383,0.0006370497940006034
2.0,1651.0,11254.579631377797,11254.573008887852,0.006929202401806833,0.0006353987856490222
2.0,1652.0,11257.001856869829,11256.994819623462,0.0073371253774894285,0.0006311132054534165
2.0,1653.0,11259.423804221056,11259.416630359072,0.007480339609173825,0.0006386718089784078
2.0,1654.0,11261.844890969933,11261.838441094682,0.006765855658159126,0.000634494688725902
2.0,1655.0,11264.266799984976,11264.260251830292,0.006871193823826616,0.0006423060921305507
2.0,1656.0,11266.688936464288,11266.682062565902,0.0071847300355329935,0.0006413567613716455
2.0,1657.0,11269.111069544999,11269.103873301512,0.007500906850964384,0.0006349878353311598
2.0,1658.0,11271.532972350706,11271.525684037122,0.007600773206377198,0.0006434521435434409
2.0,1659.0,11273.954104472708,11273.947494772732,0.006930563292826264,0.00064010365731667
2.0,1660.0,11276.376079128187,11276.369305508342,0.007099389381437504,0.0006471453883160584
2.0,1661.0,11278.798237414729,11278.791116243952,0.007435949732098379,0.000647102022214915
2.0,1662.0,11281.220260048856,11281.212926979562,0.007641748678452132,0.0006388553477064101
2.0,1663.0,11283.642129160005,11283.634737715172,0.007709970692758361,0.0006483303172699235
2.0,1664.0,11286.063355489327,11286.05654845078,0.007131309085707471,0.0006451459458137608
2.0,1665.0,11288.485351070303,11288.47835918639,0.007319811068555282,0.0006518362831500865
2.0,1666.0,11290.907532579247,11290.900169922,0.00768007618808042,0.0006522349730959555
2.0,1667.0,11293.329428204033,11293.32198065761,0.007760250202863972,0.0006428386906362784
2.0,1668.0,11295.751308146451,11295.74379139322,0.007840624169148214,0.0006528122877973935
2.0,1669.0,11298.172588630747,11298.16560212883,0.007313422242532397,0.0006501358975648365
2.0,1670.0,11300.594641562817,11300.587412864441,0.007557703582733666,0.0006560714840382505
2.0,1671.0,11303.016820119283,11303.009223600051,0.007915716827938013,0.0006571114738815511
2.0,1672.0,11305.438614247214,11305.431034335661,0.007896522800365346,0.0006466188391602602
2.0,1673.0,11307.860452231258,11307.852845071271,0.007935636968340987,0.0006573724171415468
2.0,1674.0,11310.281835067488,11310.27465580688,0.007508264845455415,0.0006547603968066672
2.0,1675.0,11312.703942173712,11312.69646654249,0.007804552132256504,0.0006600570805702537
2.0,1676.0,11315.1261149481,11315.1182772781,0.008158400959018763,0.0006614956358104331
2.0,1677.0,11317.547771006048,11317.54008801371,0.008002797873814416,0.0006505788345240849
2.0,1678.0,11319.969597803656,11319.96189874932,0.008032048943277914,0.0006619011985309858
2.0,1679.0,11322.3911065987,11322.38370948493,0.0077271344443943235,0.0006592303991184734
2.0,1680.0,11324.813243511122,11324.80552022054,0.008052192800732882,0.0006639615966404453
2.0,1681.0,11327.23538724541,11327.22733095615,0.008377591651878902,0.0006655636519881731
2.0,1682.0,11329.656913248205,11329.64914169176,0.008094965020973177,0.000654827334508054
2.0,1683.0,11332.078766481121,11332.07095242737,0.008150700166879687,0.0006662518274401232
2.0,1684.0,11334.500366412703,11334.49276316298,0.007934619006846333,0.0006640864389172165
2.0,1685.0,11336.922544688612,11336.91457389859,0.008299036178868846,0.0006676851453679454
2.0,1686.0,11339.344643192322,11339.3363846342,0.008580691694078268,0.0006698103040143611
2.0,1687.0,11341.766083251394,11341.75819536981,0.008214729973587964,0.0006591749753428785
2.0,1688.0,11344.187908309888,11344.18000610542,0.008242457624874078,0.0006710598320129754
2.0,1689.0,11346.609635226388,11346.60181684103,0.008151073179305968,0.0006690664213738422
2.0,1690.0,11349.031832363427,11349.02362757664,0.008532380332781031,0.0006715819936967987
2.0,1691.0,11351.453912763991,11351.44543831225,0.008797763854545337,0.0006739180438748179
2.0,1692.0,11353.875222370621,11353.86724904786,0.008303583150336635,0.0006642121490779653
2.0,1693.0,11356.29706217398,11356.28905978347,0.008346270979927795,0.0006760730291364804
2.0,1694.0,11358.718912326462,11358.710870519079,0.008375740150768252,0.0006745709588824384
2.0,1695.0,11361.141123248271,11361.132681254689,0.008769702198151208,0.0006755259948505707
2.0,1696.0,11363.563144161519,11363.554491990299,0.008976694172815769,0.0006783628931411895
2.0,1697.0,11365.984359631562,11365.976302725909,0.008391187701818126,0.0006697022395118845
2.0,1698.0,11368.406233997495,11368.398113461519,0.008467341874165868,0.0006812750764705523
2.0,1699.0,11370.82818894452,11370.819924197129,0.00860091642880434,0.0006806122080624889
2.0,1700.0,11373.250390422136,11373.241734932737,0.008983274718957546,0.0006796532520192111
2.0,1701.0,11375.672359022581,11375.663545668347,0.009140202356320515,0.0006832638606209911
2.0,1702.0,11378.093526595883,11378.085356403957,0.008508035505656153,0.0006754151839736004
2.0,1703.0,11380.515396122031,11380.507167139567,0.008578978106925206,0.0006869237940464236
2.0,1704.0,11382.93746430094,11382.928977875177,0.008824707061648951,0.0006868228354678334
2.0,1705.0,11385.359632294494,11385.350788610787,0.00917237728026521,0.0006841247152655099
2.0,1706.0,11387.78158874954,11387.772599346397,0.009318876658653608,0.0006881370917592029
2.0,1707.0,11390.202670903469,11390.194410082007,0.00860230680245877,0.0006816685620796286
2.0,1708.0,11392.62457513959,11392.616220817617,0.008706974888809782,0.0006924956167568317
2.0,1709.0,11395.046734976382,11395.038031553227,0.009043910796208365,0.0006933933501916
2.0,1710.0,11397.468884566893,11397.459842288838,0.009372440774313873,0.0006884612239358682
2.0,1711.0,11399.890774408512,11399.881653024448,0.009453779047362332,0.0006933995684282285
2.0,1712.0,11402.311825605511,11402.303463760058,0.008706785722097266,0.0006877838251470579
2.0,1713.0,11404.733765542333,11404.725274495668,0.008845362903230125,0.0006979162507932802
2.0,1714.0,11407.156018628979,11407.147085231278,0.009276347609556979,0.0006997145290013707
2.0,1715.0,11409.578099910774,11409.568895966888,0.009535424947898719,0.0006928477455807922
2.0,1716.0,11411.999951823622,11411.990706702498,0.0095811141663944,0.0006986593779864741
2.0,1717.0,11414.421006202965,11414.412517438108,0.008835917160467943,0.000693519675660777
2.0,1718.0,11416.842968265219,11416.834328173716,0.0089957941108878,0.0007029479199604818
2.0,1719.0,11419.265288581586,11419.256138909326,0.009494047988482635,0.0007054883548710648
2.0,1720.0,11421.687293747913,11421.677949644936,0.009677508384811517,0.0006970739398152876
2.0,1721.0,11424.109142058347,11424.099760380546,0.009720712920170627,0.0007034549636062256
2.0,1722.0,11426.530180773867,11426.521571116156,0.008958672967310122,0.0006988988714964255
2.0,1723.0,11428.952185136992,11428.943381851766,0.00915898362381995,0.0007071461473772932
2.0,1724.0,11431.374548360542,11431.365192587376,0.00970123108527332,0.0007107328592937002
2.0,1725.0,11433.796503234435,11433.787003322985,0.009834903853516153,0.0007006407163007292
2.0,1726.0,11436.218296131432,11436.208814058595,0.009824143045079836,0.0007081063531948427
2.0,1727.0,11438.639371148594,11438.630624794205,0.00909612375380675,0.0007032871675572565
2.0,1728.0,11441.06140745485,11441.052435529815,0.009326556338237424,0.0007106091664764252
2.0,1729.0,11443.483829965899,11443.474246265425,0.009929447349350085,0.0007147398263620931
2.0,1730.0,11445.905672550996,11445.896057001035,0.009951790339073341,0.0007039053785075694
2.0,1731.0,11448.327452676105,11448.317867736645,0.00992985687298642,0.0007120925881956688
2.0,1732.0,11450.74857911401,11450.739678472255,0.009249823134268809,0.0007068362177341529
2.0,1733.0,11453.170659941516,11453.161489207865,0.009523697286567767,0.0007130291102588719
2.0,1734.0,11455.593085174633,11455.583299943475,0.010129946287634084,0.0007177222045873727
2.0,1735.0,11458.014831515091,11458.005110679085,0.010058606264465197,0.0007065950190783366
2.0,1736.0,11460.436618071191,11460.426921414695,0.010043464470982144,0.0007153655669909123
2.0,1737.0,11462.857799204106,11462.848732150305,0.00941547148522659,0.0007096212906514889
2.0,1738.0,11465.279914783663,11465.270542885915,0.009721935837660567,0.0007145422538853606
2.0,1739.0,11467.702330446798,11467.692353621525,0.010320420130483399,0.0007198262167716117
2.0,1740.0,11470.124005278876,11470.114164357135,0.010179615715060208,0.000708637614633073
2.0,1741.0,11472.545765888017,11472.535975092746,0.010139661292669189,0.0007183279044459548
2.0,1742.0,11474.967030018874,11474.957785828356,0.00959093072287942,0.0007115684013312042
2.0,1743.0,11477.389169094455,11477.379596563964,0.009919536056258949,0.0007155232121263818
2.0,1744.0,11479.811596258518,11479.801407299574,0.010530706709687365,0.0007207799431764013
2.0,1745.0,11482.233145696115,11482.223218035184,0.010267500875670521,0.0007106282366046573
2.0,1746.0,11484.654921925194,11484.645028770794,0.01024367987520236,0.0007207181960683482
2.0,1747.0,11487.076268042943,11487.066839506404,0.00977342061469244,0.0007132736609420012
2.0,1748.0,11489.498457340545,11489.488650242014,0.010150915896701918,0.0007157438798710807
2.0,1749.0,11491.920826109555,11491.910460977622,0.010704768525101827,0.0007213335453986799
2.0,1750.0,11494.342286281411,11494.332271713232,0.01035591981781181,0.0007123778660657129
2.0,1751.0,11496.764081735608,11496.754082448842,0.010351059766435355,0.0007229165263687474
2.0,1752.0,11499.185531627849,11499.175893184452,0.009982074772779015,0.0007147809261113676
2.0,1753.0,11501.607726626462,11501.597703920062,0.010363092209445313,0.000715742619144387
2.0,1754.0,11504.030048600664,11504.019514655673,0.010872287777601741,0.0007216329062625295
2.0,1755.0,11506.45143642346,11506.441325391283,0.01045367443748546,0.0007141427642613457
2.0,1756.0,11508.873246331434,11508.863136126893,0.010463831747983932,0.0007251783752486521
2.0,1757.0,11511.294792991515,11511.284946862503,0.010188410306909645,0.0007163701919834111
2.0,1758.0,11513.716986863328,11513.706757598113,0.010567207227722974,0.0007157828400232008
2.0,1759.0,11516.13928193436,11516.128568333723,0.01105066686614009,0.0007217092284552566
2.0,1760.0,11518.560569449728,11518.550379069333,0.010535100150264043,0.000716335203484622
2.0,1761.0,11520.982417276027,11520.972189804943,0.010582532245280163,0.0007273405631163327
2.0,1762.0,11523.404054360877,11523.394000540553,0.010395676738880866,0.0007184730592117132
2.0,1763.0,11525.826269213312,11525.815811276163,0.010793673367516021,0.0007156523583623681
2.0,1764.0,11528.248478839654,11528.237622011773,0.011193479331268463,0.0007222460197935303
2.0,1765.0,11530.66970858824,11530.659432747383,0.010622652565871249,0.0007185716102508836
2.0,1766.0,11533.091589213924,11533.081243482993,0.010702231594223122,0.0007297024265916707
2.0,1767.0,11535.513347533739,11535.503054218603,0.01063535342382238,0.0007207013812233373
2.0,1768.0,11537.935515498972,11537.924864954211,0.010984645723510766,0.0007159349016518483
2.0,1769.0,11540.35767103486,11540.346675689821,0.011332531941661728,0.0007229856852536736
2.0,1770.0,11542.778852357435,11542.768486425432,0.010714561228269304,0.0007209712190275946
2.0,1771.0,11545.200786662419,11545.190297161042,0.010847629939235048,0.0007319596128668925
2.0,1772.0,11547.62262457555,11547.612107896652,0.010858840811124537,0.0007232202959394784
2.0,1773.0,11550.04475291158,11550.033918632262,0.01116786952388793,0.0007164649678510823
2.0,1774.0,11552.466863007878,11552.45572936787,0.011471465915747103,0.000723897370139477
2.0,1775.0,11554.888001369847,11554.87754010348,0.010812033135152888,0.000723391120743902
2.0,1776.0,11557.309983526196,11557.29935083909,0.010991431572620058,0.0007338576053688865
2.0,1777.0,11559.73190089832,11559.7211615747,0.011082282298048085,0.0007258942596399797
2.0,1778.0,11562.154000763872,11562.14297231031,0.01136144183237775,0.0007168900912130627
2.0,1779.0,11564.576030308443,11564.56478304592,0.01158656782899925,0.0007251828336262151
2.0,1780.0,11566.997156721745,11566.98659378153,0.01091477036698052,0.0007252600333746479
2.0,1781.0,11569.419183842987,11569.40840451714,0.011138371726701735,0.0007354193104544378
2.0,1782.0,11571.841207053247,11571.83021525275,0.011335042825521668,0.0007280038079510578
2.0,1783.0,11574.26321254794,11574.25202598836,0.011519457733811578,0.0007175146123885871
2.0,1784.0,11576.685193932572,11576.67383672397,0.011697947598804603,0.0007262344701281229
2.0,1785.0,11579.106314895454,11579.09564745958,0.011019576935723308,0.000726604937969567
2.0,1786.0,11581.528422840864,11581.51745819519,0.011323112675199809,0.0007360096246286756
2.0,1787.0,11583.95048779577,11583.9392689308,0.011561756702576531,0.0007296917192881707
2.0,1788.0,11586.37242017567,11586.36107966641,0.011673591643557302,0.0007178723509686167
2.0,1789.0,11588.794350282902,11588.78289040202,0.011801724658653256,0.0007270811972668637
2.0,1790.0,11591.215499335103,11591.20470113763,0.01115013072740112,0.0007270849963864181
2.0,1791.0,11593.637651799616,11593.62651187324,0.011496402325064992,0.0007356936374517644
2.0,1792.0,11596.05976975284,11596.04832260885,0.011789533667979413,0.000730628140307093
2.0,1793.0,11598.481627012105,11598.47013334446,0.011826418079181167,0.000717828601616081
2.0,1794.0,11600.903502146859,11600.89194408007,0.011901343764293415,0.0007277067849088292
2.0,1795.0,11603.324683785222,11603.31375481568,0.011279126552835805,0.0007265731463298663
2.0,1796.0,11605.746889498183,11605.73556555129,0.011678046835186251,0.0007346257980965717
2.0,1797.0,11608.16907080801,11608.1573762869,0.012035217660923081,0.0007304632038515272
2.0,1798.0,11610.590810072186,11610.57918702251,0.011955954531913449,0.0007177081092748173
2.0,1799.0,11613.012647851803,11613.000997758118,0.011994013923867897,0.0007277356772413695
2.0,1800.0,11615.433871848556,11615.422808493728,0.011411330080591142,0.0007254534656182145
2.0,1801.0,11617.856165681238,11617.844619229338,0.01189708312995208,0.000732495287576896
3.0,905.0,10921.886569760107,10921.89564686463,-0.009171373870231037,0.0012428065629369182
3.0,906.0,10925.935372729986,10925.945146580365,-0.00986963575678601,0.001244651789248528
3.0,907.0,10929.984701097617,10929.994646296102,-0.010031358010564873,0.0012598372012626094
3.0,908.0,10934.034581734279,10934.044146011838,-0.00965259527129092,0.0012836645413142403
3.0,909.0,10938.083626321362,10938.093645727575,-0.010107493644682108,0.0012856396285469529
3.0,910.0,10942.133151950287,10942.143145443311,-0.010072369724184682,0.0013020125546926355
3.0,911.0,10946.18328567435,10946.192645159048,-0.00944732941707116,0.0013247091968766767
3.0,912.0,10950.23224446384,10950.242144874785,-0.00999552079156274,0.001327110989576698
3.0,913.0,10954.281811894172,10954.291644590521,-0.009921789184772933,0.0013438690613232114
3.0,914.0,10958.331534138502,10958.341144306258,-0.009709206628485845,0.0013667595772973433
3.0,915.0,10962.38038650892,10962.390644021994,-0.010360481335283112,0.0013704008368989101
3.0,916.0,10966.42994260456,10966.440143737731,-0.010290854877439415,0.0013883171862032796
3.0,917.0,10970.479666221592,10970.489643453468,-0.010073876144360838,0.0014118337971900923
3.0,918.0,10974.528890183215,10974.539143169204,-0.010355446978792315,0.0014162743537411123
3.0,919.0,10978.578582794431,10978.58864288494,-0.010153147030450782,0.0014352069439454833
3.0,920.0,10982.628477399405,10982.638142600677,-0.009772547353804839,0.0014586686528078765
3.0,921.0,10986.677551024295,10986.687642316412,-0.010211128500941413,0.001464634745519875
3.0,922.0,10990.72716084467,10990.737142032149,-0.010092523714320123,0.0014842791173606544
3.0,923.0,10994.77669409186,10994.786641747885,-0.010070244050893962,0.0015094768006991726
3.0,924.0,10998.825765683661,10998.836141463622,-0.010506142173198896,0.0015178267347450323
3.0,925.0,11002.875505784084,11002.885641179359,-0.010252302937715285,0.0015383630442615465
3.0,926.0,11006.925117761293,11006.935140895095,-0.010150250753213186,0.0015650032656859276
3.0,927.0,11010.974615714307,11010.984640610832,-0.010164570422148245,0.0015745539732667363
3.0,928.0,11015.024380000217,11015.034140326568,-0.009893494701373129,0.001595854525519631
3.0,929.0,11019.074068611015,11019.083640042305,-0.009720614431444119,0.0016233326710856973
3.0,930.0,11023.123369886813,11023.13313975804,-0.009935465210219263,0.0016354883542854968
3.0,931.0,11027.172981996748,11027.182639473776,-0.009815435682867246,0.0016576167967421724
3.0,932.0,11031.222431099643,11031.232139189513,-0.009875554569134692,0.0016867609154229471
3.0,933.0,11035.271847320791,11035.28163890525,-0.009970482043627271,0.0017015668502189957
3.0,934.0,11039.32171454921,11039.331138620986,-0.009594535263659054,0.0017231880261943952
3.0,935.0,11043.37126729146,11043.380638336723,-0.009552013350912603,0.0017526202199931557
3.0,936.0,11047.42108622417,11047.43013805246,-0.00925053034825396,0.001768618214226915
3.0,937.0,11051.470856739426,11051.479637768196,-0.008980223456092062,0.0017900705644211877
3.0,938.0,11055.52039041208,11055.529137483933,-0.008959279562077427,0.001819814336353606
3.0,939.0,11059.569991785587,11059.57863719967,-0.008875056162651163,0.0018388920891380229
3.0,940.0,11063.619613831983,11063.628136915406,-0.008750787877033872,0.0018599177977199131
3.0,941.0,11067.66908125555,11067.677636631142,-0.008787819014287379,0.0018889041344613351
3.0,942.0,11071.718885772516,11071.727136346879,-0.0084964824745839,0.0019097833949069166
3.0,943.0,11075.768838151469,11075.776636062616,-0.008045546821904281,0.0019279625670211246
3.0,944.0,11079.818384004973,11079.826135778352,-0.00800704356015558,0.001954892968127601
3.0,945.0,11083.868493452052,11083.875635494087,-0.007417067217375006,0.001976819856523474
3.0,946.0,11087.918242391132,11087.925135209824,-0.007178194494372292,0.0019937225593031054
3.0,947.0,11091.9677072167,11091.97463492556,-0.007219383685878711,0.002019522547008831
3.0,948.0,11096.01761161689,11096.024134641297,-0.006829920343079721,0.0020436970202260384
3.0,949.0,11100.067278670129,11100.073634357033,-0.006669784007044655,0.0020580612825009514
3.0,950.0,11104.116867500854,11104.12313407277,-0.006579470905762719,0.002079996224988876
3.0,951.0,11108.166996640168,11108.172633788507,-0.005963434329260053,0.0021041766375635455
3.0,952.0,11112.217014064017,11112.222133504243,-0.005459664755107951,0.0021136761263339937
3.0,953.0,11116.266615307537,11116.27163321998,-0.005361496997920767,0.00213198712405903
3.0,954.0,11120.316894676263,11120.321132935715,-0.00460003478156068,0.0021566267853663995
3.0,955.0,11124.366642716106,11124.370632651451,-0.004371191121663287,0.002163923929056026
3.0,956.0,11128.416151348569,11128.420132367188,-0.004361182122920582,0.0021798734034381663
3.0,957.0,11132.466278269663,11132.469632082924,-0.0037446666178766463,0.002204380033050291
3.0,958.0,11136.516046424036,11136.519131798661,-0.0034922917520816554,0.00220705281519445
3.0,959.0,11140.565838344615,11140.568631514398,-0.0031945889254529902,0.0022172207381931253
3.0,960.0,11144.616128909382,11144.618131230134,-0.002415254592506244,0.0022395242122033392
3.0,961.0,11148.666217239206,11148.66763094587,-0.0018503501128179778,0.0022365541601373352
3.0,962.0,11152.715928051175,11152.717130661607,-0.0016392204533985932,0.0022432193901452467
3.0,963.0,11156.766197769804,11156.766630377344,-0.00088283672948819,0.002264871547637228
3.0,964.0,11160.816006809453,11160.81613009308,-0.0005976670854579424,0.002259027940223063
3.0,965.0,11164.865660011776,11164.865629808817,-0.0004380286468403938,0.00226283901361116
3.0,966.0,11168.915871631696,11168.915129524554,0.00026855996020458406,0.002281351850872695
3.0,967.0,11172.965801027445,11172.96462924029,0.000677153733704472,0.002269784845566583
3.0,968.0,11177.015824619803,11177.014128956027,0.0012074595583726477,0.0022678751962193658
3.0,969.0,11181.066075308509,11181.063628671762,0.0019497725706969504,0.002282540673057796
3.0,970.0,11185.11625089194,11185.113128387498,0.0025980499731304008,0.002266276005705522
3.0,971.0,11189.166092504718,11189.162628103235,0.002941618147360714,0.002262392411520814
3.0,972.0,11193.216183030254,11193.212127818972,0.0035248090580353164,0.0022753054330505156
3.0,973.0,11197.266133733816,11197.261627534708,0.003953121957692929,0.002256059835649839
3.0,974.0,11201.315979623669,11201.311127250445,0.0043074041263935214,0.002249416087949606
3.0,975.0,11205.366132589297,11205.360626966181,0.0049596300709708885,0.0022574354792130546
3.0,976.0,11209.416262429151,11209.410126681918,0.005568959624724812,0.00223334420260466
3.0,977.0,11213.466472372504,11213.459626397655,0.006284053019953717,0.0022223324268113263
3.0,978.0,11217.516521344682,11217.50912611339,0.006826979245488474,0.00222710632476878
3.0,979.0,11221.56679128545,11221.558625829126,0.007572471813091397,0.0022011811101087437
3.0,980.0,11225.616718630155,11225.608125544863,0.00800287174888581,0.0021897404690382084
3.0,981.0,11229.666554285193,11229.6576252606,0.008336179128946242,0.002192938375663213
3.0,982.0,11233.716715538249,11233.707124976336,0.008981552761724743,0.0021653609712638175
3.0,983.0,11237.766691493334,11237.756624692072,0.009466081529353687,0.002151807826814565
3.0,984.0,11241.81672212001,11241.806124407809,0.009997491546528181,0.0021506793960090398
3.0,985.0,11245.867057070405,11245.855624123546,0.010816477307798777,0.0021218725409630347
3.0,986.0,11249.91729920435,11249.905123839282,0.011561602789242897,0.0021068048583421867
3.0,987.0,11253.96710606708,11253.954623555019,0.011863420802455948,0.0021046054194111775
3.0,988.0,11258.01747129713,11258.004123270755,0.012711913122984697,0.0020784275047779008
3.0,989.0,11262.067364257513,11262.053622986492,0.013109313529639621,0.0020646364125587106
3.0,990.0,11266.116991134055,11266.103122702229,0.013236748344752414,0.0020616006956944814
3.0,991.0,11270.167407487981,11270.152622417965,0.014145629574159102,0.0020368077667333004
3.0,992.0,11274.21737488615,11274.202122133702,0.014620717510752002,0.0020226196359461918
3.0,993.0,11278.267289334166,11278.251621849437,0.015035172506941308,0.0020175432354281124
3.0,994.0,11282.317811144418,11282.301121565173,0.016046960215135186,0.0019967217288907537
3.0,995.0,11286.367903431845,11286.35062128091,0.01664040371269948,0.001984173598155136
3.0,996.0,11290.417507557058,11290.400120996646,0.016740229360493686,0.001980708488285704
3.0,997.0,11294.467969239771,11294.449620712383,0.01769394564689719,0.001966296835934689
3.0,998.0,11298.517723030298,11298.49912042812,0.01795346686412813,0.0019555569058151722
3.0,999.0,11302.567239566131,11302.548620143856,0.01797222364348272,0.0019526354481070446
3.0,1000.0,11306.617907041273,11306.598119859593,0.019138553952871007,0.0019424876826784486
3.0,1001.0,11310.667735816462,11310.64761957533,0.01947313641449,0.0019326879194126604
3.0,1002.0,11314.717574571368,11314.697119291064,0.019810742163372197,0.0019307965863798494
3.0,1003.0,11318.768226670465,11318.7466190068,0.020956701901468477,0.0019279967888353956
3.0,1004.0,11322.818033719355,11322.796118722537,0.021263615597945318,0.0019209824985733505
3.0,1005.0,11326.86752743572,11326.845618438274,0.021255159694192116,0.0019223014235156984
3.0,1006.0,11330.91806268903,11330.89511815401,0.022288178635790246,0.001926086882854838
3.0,1007.0,11334.967630959683,11334.944617869747,0.0223624618474787,0.0019198907600207844
3.0,1008.0,11339.01715467625,11338.994117585484,0.02239018878162824,0.001922838028443383
3.0,1009.0,11343.067995452413,11343.04361730122,0.023731054137442698,0.0019310345585402237
3.0,1010.0,11347.117611967062,11347.093117016957,0.023850357636547415,0.0019262034438151522
3.0,1011.0,11351.167433561488,11351.142616732694,0.024170989712274604,0.0019319263077169596
3.0,1012.0,11355.218106855533,11355.19211644843,0.025337936254800297,0.0019465847483734707
3.0,1013.0,11359.267593302411,11359.241616164167,0.02532326345681213,0.0019438086721446264
3.0,1014.0,11363.317094940132,11363.291115879903,0.025326824302283057,0.0019522832769045075
3.0,1015.0,11367.36763208413,11367.34061559564,0.026362313337813248,0.001970573154352911
3.0,1016.0,11371.417053732042,11371.390115311375,0.026288532745638804,0.0019676744509083584
3.0,1017.0,11375.466689496805,11375.439615027111,0.026430590201925952,0.0019780217599591715
3.0,1018.0,11379.517552827576,11379.489114742848,0.02778990468232223,0.0019989790169521343
3.0,1019.0,11383.566977016471,11383.538614458585,0.027712723745935364,0.0019977642792436694
3.0,1020.0,11387.6168330139,11387.588114174321,0.02806966434673086,0.0020108414116365636
3.0,1021.0,11391.667384506307,11391.637613890058,0.029111329761690286,0.0020356653488308673
3.0,1022.0,11395.716633677494,11395.687113605793,0.028858069376838102,0.0020358779595752493
3.0,1023.0,11399.766253901864,11399.73661332153,0.028985246598494996,0.0020505512078930178
3.0,1024.0,11403.816689266094,11403.786113037266,0.029915560432527855,0.00207656132306749
3.0,1025.0,11407.866072019031,11407.835612753002,0.029799226926115807,0.002077039639897274
3.0,1026.0,11411.915880113414,11411.885112468739,0.030115616194962058,0.0020938329990624377
3.0,1027.0,11415.966594848698,11415.934612184476,0.03131967611716391,0.0021212716348173372
3.0,1028.0,11420.015922365717,11419.984111900212,0.031140530922129983,0.0021243722345542964
3.0,1029.0,11424.065835313531,11424.033611615949,0.03155731153219676,0.0021435397277186578
3.0,1030.0,11428.116139005873,11428.083111331685,0.032347389306778496,0.002173408770923242
3.0,1031.0,11432.165316140981,11432.132611047422,0.03201964172603766,0.002178251801620063
3.0,1032.0,11436.21512221227,11436.182110763159,0.03233695791641367,0.002198413100909639
3.0,1033.0,11440.265361433867,11440.231610478895,0.03306675222120248,0.002228956217895148
3.0,1034.0,11444.314838810798,11444.281110194632,0.033039219561942446,0.0022349920617705282
3.0,1035.0,11448.364812564045,11448.330609910368,0.033522198466926056,0.002257461198093146
3.0,1036.0,11452.415250072676,11452.380109626105,0.03444327240049461,0.002289477363326004
3.0,1037.0,11456.464607521833,11456.429609341842,0.03428821500074264,0.0022990808077187545
3.0,1038.0,11460.51455164481,11460.479109057578,0.03473923293950065,0.0023232203613804065
3.0,1039.0,11464.56456773609,11464.528608773313,0.03524006079260289,0.002357488111498494
3.0,1040.0,11468.613855080186,11468.57810848905,0.0350188968141083,0.002369229531016426
3.0,1041.0,11472.663825995452,11472.627608204786,0.035503394034094526,0.0023931630131675615
3.0,1042.0,11476.713860765773,11476.677107920523,0.03602572296313156,0.002428200602912884
3.0,1043.0,11480.763548374252,11480.72660763626,0.036201631884068775,0.0024415388976289564
3.0,1044.0,11484.813589265734,11484.776107351996,0.03675084634414816,0.00246711506023403
3.0,1045.0,11488.863740573393,11488.82560706773,0.037383386386864004,0.002503436785371779
3.0,1046.0,11492.913252759514,11492.875106783467,0.037378276673734945,0.0025206708665375574
3.0,1047.0,11496.963148591974,11496.924606499204,0.037782445760967676,0.0025466540845530705
3.0,1048.0,11501.012962029845,11500.97410621494,0.03808258562003175,0.0025836402922946324
3.0,1049.0,11505.062516822165,11505.023605930677,0.03812537439989683,0.0026025919412649024
3.0,1050.0,11509.112567982433,11509.073105646414,0.03868850796789047,0.002626472360054256
3.0,1051.0,11513.162461454602,11513.12260536215,0.03906976539565221,0.0026628033668261394
3.0,1052.0,11517.212439819295,11517.172105077887,0.03953087806894473,0.0026830268833980407
3.0,1053.0,11521.262440733899,11521.221604793624,0.04003586230464862,0.0027073075881873343
3.0,1054.0,11525.31235689417,11525.27110450936,0.04043603397622064,0.0027435019166567425
3.0,1055.0,11529.362121534874,11529.320604225097,0.04068156259836542,0.0027670672145840972
3.0,1056.0,11533.41193584997,11533.370103940833,0.04100182951242459,0.002789648403969612
3.0,1057.0,11537.461658244336,11537.41960365657,0.04121680769821978,0.0028233368860175324
3.0,1058.0,11541.511570769748,11541.469103372307,0.04161558442046953,0.0028474149760738684
3.0,1059.0,11545.561648083265,11545.518603088043,0.04219818008277798,0.0028655861506274617
3.0,1060.0,11549.61146039124,11549.56810280378,0.04250225384384976,0.002896626501668702
3.0,1061.0,11553.661740597721,11553.617602519516,0.0432627758164017,0.002921457312165192
3.0,1062.0,11557.711654137755,11557.667102235253,0.04367268199712271,0.002938682577439905
3.0,1063.0,11561.76140966689,11561.716601950988,0.043919805972109316,0.002967792547066884
3.0,1064.0,11565.811459803514,11565.766101666724,0.04445290925195877,0.002994381133690915
3.0,1065.0,11569.861221783816,11569.815601382461,0.04471440965517104,0.003007636198956049
3.0,1066.0,11573.910968489874,11573.865101098198,0.04496205991745228,0.00303098596473554
3.0,1067.0,11577.961225369365,11577.914600813934,0.04570599504404527,0.0030564107297964566
3.0,1068.0,11582.011314812808,11581.96410052967,0.046290495141875,0.0030637079121060497
3.0,1069.0,11586.061114538372,11586.013600245406,0.04658835897498648,0.0030832340886808294
3.0,1070.0,11590.111611838678,11590.063099961142,0.04756749311763997,0.00310863794728846
3.0,1071.0,11594.161455472737,11594.112599676879,0.0478989460189041,0.003113989632517678
3.0,1072.0,11598.211157028567,11598.162099392615,0.04810188758892764,0.0031303053129188006
3.0,1073.0,11602.261439273167,11602.211599108352,0.04887262174815987,0.003154645957700002
3.0,1074.0,11606.311225149868,11606.261098824089,0.04915039509342023,0.0031541960636203964
3.0,1075.0,11610.361103168701,11610.310598539825,0.04953719764853304,0.003163079917205537
3.0,1076.0,11614.41157626699,11614.360098255562,0.05050056382151524,0.003184417019091461
4.0,601.0,10923.627732949197,10923.622337034205,0.005528666663849435,0.001222488267077004
4.0,602.0,10929.728979184987,10929.721887669684,0.007223775038710301,0.0012108482839779772
4.0,603.0,10935.828847726765,10935.821438305162,0.007532574646120338,0.0012048751937589627
4.0,604.0,10941.928836083014,10941.920988940641,0.007972272032475303,0.0011968051410855979
4.0,605.0,10948.0311923612,10948.020539576119,0.0107648207595048,0.0011788037510690964
4.0,606.0,10954.130480156857,10954.120090211598,0.010501658776775002,0.0011677973639528717
4.0,607.0,10960.231080112524,10960.219640847077,0.01153654907921009,0.0011586176803708066
4.0,608.0,10966.333083596839,10966.319191482555,0.013989372730065952,0.0011332662175615618
4.0,609.0,10972.433095062523,10972.418742118034,0.014433039552386617,0.0011240138155532468
4.0,610.0,10978.533007255523,10978.518292753513,0.014791441669785854,0.001109083472812602
4.0,611.0,10984.63589383917,10984.61784338899,0.018113255120169924,0.0010871960010270122
4.0,612.0,10990.735321101776,10990.71739402447,0.017983604302116873,0.0010721427150125686
4.0,613.0,10996.835640589843,10996.81694465995,0.018733188792793953,0.0010652732927248416
4.0,614.0,11002.938101057029,11002.916495295427,0.021641960919168923,0.0010371987199408344
4.0,615.0,11009.038017248336,11009.016045930906,0.021986794675285637,0.0010319116320731253
4.0,616.0,11015.137730051332,11015.115596566386,0.022140035850043205,0.0010219392885641378
4.0,617.0,11021.240639066016,11021.215147201863,0.025486295485279697,0.0010044366709897408
4.0,618.0,11027.340092474395,11027.314697837342,0.025376373193012114,0.000997583123723996
4.0,619.0,11033.439932956084,11033.414248472822,0.025647678096447635,0.000999863811806597
4.0,620.0,11039.542381399096,11039.5137991083,0.028540211025756435,0.0009826135525373486
4.0,621.0,11045.642071069224,11045.613349743779,0.028660479928930727,0.0009865644089194004
4.0,622.0,11051.741419406308,11051.712900379258,0.02844417877486194,0.0009916243643721201
4.0,623.0,11057.843896882552,11057.812451014735,0.03136236374530199,0.00098460988467408
4.0,624.0,11063.943230215562,11063.912001650215,0.0311273819629605,0.0009927651320006772
4.0,625.0,11070.04251300851,11070.011552285694,0.030846810708226258,0.0010050661289102176
4.0,626.0,11076.144455969472,11076.111102921172,0.033227705774606875,0.001005129586532112
4.0,627.0,11082.243875510294,11082.21065355665,0.033084340209825314,0.001016188672524566
4.0,628.0,11088.342731224655,11088.31020419213,0.03237305503080279,0.0010352483643458587
4.0,629.0,11094.44442463831,11094.409754827608,0.03451091034594356,0.0010378978914987306
4.0,630.0,11100.543519231029,11100.509305463087,0.03403578290135556,0.0010556339870683145
4.0,631.0,11106.642266209661,11106.608856098566,0.03322800577961971,0.0010725091349267502
4.0,632.0,11112.74329970272,11112.708406734044,0.034694823181325773,0.0010842394080010347
4.0,633.0,11118.84248578467,11118.807957369523,0.03432673002953379,0.001095948315708305
4.0,634.0,11124.940783164839,11124.907508005002,0.03305899654287714,0.0011195846991926693
4.0,635.0,11131.041513335462,11131.00705864048,0.034237704979204864,0.001126867535622131
4.0,636.0,11137.140300139383,11137.10660927596,0.03345851236690578,0.0011442880214842393
4.0,637.0,11143.238634246483,11143.206159911439,0.03224669529481616,0.0011603458338222392
4.0,638.0,11149.338535514114,11149.305710546916,0.03258230923393057,0.0011749070653775315
4.0,639.0,11155.437594835737,11155.405261182395,0.03209618630080513,0.0011829583901403922
4.0,640.0,11161.535370365693,11161.504811817875,0.030313189312437316,0.0012039613317800936
4.0,641.0,11167.635153126897,11167.604362453352,0.030549515366146807,0.0012120612108674697
4.0,642.0,11173.733667126786,11173.703913088832,0.02950630169334545,0.0012242070897676175
4.0,643.0,11179.831761574298,11179.80346372431,0.028061533785603388,0.0012376510174903796
4.0,644.0,11185.930585467093,11185.903014359788,0.02732777981009349,0.0012509132841221325
4.0,645.0,11192.029636236906,11192.002564995268,0.0268397828790512,0.001255389473538098
4.0,646.0,11198.12707391491,11198.102115630747,0.02472850908361579,0.0012721800945724201
4.0,647.0,11204.226084572956,11204.201666266224,0.024198122822326695,0.0012811183972392664
4.0,648.0,11210.324481801916,11210.301216901704,0.023049666975111904,0.0012883984149263655
4.0,649.0,11216.422518247015,11216.400767537183,0.02155017713221241,0.0013010853786629571
4.0,650.0,11222.52057976527,11222.50031817266,0.02006640646914093,0.001312879148331835
4.0,651.0,11228.61972419558,11228.59986880814,0.019675966761951713,0.0013172568673539763
4.0,652.0,11234.717112339797,11234.699419443617,0.017524613345813123,0.001330483274826535
4.0,653.0,11240.815643617707,11240.798970079097,0.016519470483217447,0.001342537553598354
4.0,654.0,11246.914142763118,11246.898520714576,0.015483659578421793,0.0013467216151653205
4.0,655.0,11253.012298114141,11252.998071350054,0.014103295436598273,0.0013608629268430578
4.0,656.0,11259.11006782502,11259.097621985533,0.01233913418764132,0.0013711002146444178
4.0,657.0,11265.209371109426,11265.19717262101,0.012109052109281038,0.001378217267780338
4.0,658.0,11271.307057482647,11271.29672325649,0.010261953807457758,0.0013870903046609567
4.0,659.0,11277.40543060481,11277.396273891969,0.009101135195123788,0.0014023633246714757
4.0,660.0,11283.50425275394,11283.495824527447,0.008394859233249008,0.0014034767914825788
4.0,661.0,11289.602715967269,11289.595375162926,0.007320639172576193,0.0014174298483041667
4.0,662.0,11295.700669517826,11295.694925798405,0.005746131155774492,0.0014238126791669315
4.0,663.0,11301.80015111347,11301.794476433883,0.005694364710961963,0.0014321788188390785
4.0,664.0,11307.898533563772,11307.894027069362,0.004543936394384218,0.0014331822867362485
4.0,665.0,11313.996985918935,11313.993577704841,0.0034626058245521563,0.0014473165986691177
4.0,666.0,11320.0963000479,11320.093128340319,0.003248970604090573,0.0014430067620059095
4.0,667.0,11326.195317801321,11326.192678975798,0.0027267418731753423,0.0014507158506358623
4.0,668.0,11332.293771532639,11332.292229611277,0.0016512700776729616,0.0014493858760672065
4.0,669.0,11338.393432038638,11338.391780246755,0.0017775948331291147,0.0014537642163040597
4.0,670.0,11344.492875417895,11344.491330882234,0.0016830231452331645,0.0014427527245592555
4.0,671.0,11350.591540814057,11350.590881517714,0.0008135286757351423,0.0014492057208097331
4.0,672.0,11356.691399681797,11356.690432153191,0.0011392501737645944,0.0014366231019499185
4.0,673.0,11362.791235111023,11362.789982788672,0.0014321805765575846,0.0014316938400491229
4.0,674.0,11368.89029945101,11368.88953342415,0.0009601293022569735,0.0014198293092869913
4.0,675.0,11374.990132501656,11374.989084059627,0.0012570730586958234,0.001414195511727426
4.0,676.0,11381.090833379605,11381.088634695108,0.0024116034646795015,0.001390335880083115
4.0,677.0,11387.189772719103,11387.188185330586,0.0018133536123059457,0.0013831604867492822
4.0,678.0,11393.290108527692,11393.287735966063,0.0026062507786264177,0.0013617346159719877
4.0,679.0,11399.390903457303,11399.387286601544,0.003857100781715417,0.0013408053560435387
4.0,680.0,11405.490538073842,11405.486837237022,0.003944500666875683,0.001318694681611453
4.0,681.0,11411.59050037187,11411.5863878725,0.004367135154097923,0.001299420425159366
4.0,682.0,11417.69240883214,11417.685938507979,0.006721062378346687,0.0012662730405249133
4.0,683.0,11423.791626561495,11423.785489143458,0.006396565532668319,0.0012435080219456427
4.0,684.0,11429.892250526402,11429.885039778936,0.007466347192348621,0.0012155856184936909
4.0,685.0,11435.99396475529,11435.984590414415,0.009635579412133666,0.0011810343918637507
4.0,686.0,11442.093996210493,11442.084141049894,0.010108468427461048,0.0011521684535836809
4.0,687.0,11448.19401617115,11448.183691685372,0.01058331208605523,0.0011212707059713065
4.0,688.0,11454.296809902877,11454.283242320851,0.01381701845639327,0.001085565987923136
4.0,689.0,11460.396279922163,11460.38279295633,0.013738319729782233,0.001051963022016101
4.0,690.0,11466.49690235149,11466.482343591808,0.0147972990425842,0.0010226850478419554
4.0,691.0,11472.59932442043,11472.581894227287,0.017672904780738463,0.0009835843327253527
4.0,692.0,11478.699492127478,11478.681444862767,0.018273754728397762,0.0009546094385503473
4.0,693.0,11484.799481876302,11484.780995498244,0.018711746135522844,0.0009211044392339819
4.0,694.0,11490.902652800778,11490.880546133723,0.022321012686006725,0.0008918670858138239
4.0,695.0,11497.002311032911,11496.980096769203,0.022422987415666285,0.000859272074430304
4.0,696.0,11503.102645914158,11503.07964740468,0.023190363328467356,0.0008366127186724615
4.0,697.0,11509.205397740054,11509.17919804016,0.026391908253572183,0.0008074122132801283
4.0,698.0,11515.305479992916,11515.278748675639,0.026904786131126457,0.0007873779711202082
4.0,699.0,11521.405296635634,11521.378299311116,0.027162617234353092,0.0007655433566975778
4.0,700.0,11527.50833421784,11527.477849946596,0.03064042292862723,0.0007513965475586541
4.0,701.0,11533.608042544463,11533.577400582075,0.03078503281722078,0.000734868671542251
4.0,702.0,11539.707923086438,11539.676951217552,0.031100383936063736,0.0007256603159434125
4.0,703.0,11545.810515044477,11545.776501853032,0.03413571225883061,0.000718847149879707
4.0,704.0,11551.91039851966,11551.876052488511,0.034453407213732135,0.0007130117753167923
4.0,705.0,11558.009877994478,11557.975603123989,0.034368640519460314,0.0007120179921859246
4.0,706.0,11564.112362792292,11564.075153759468,0.037297612077964004,0.0007133973549909912
4.0,707.0,11570.211968223088,11570.174704394947,0.037334471488975396,0.0007172122787959486
4.0,708.0,11576.311342856297,11576.274255030425,0.03715097932217759,0.0007200720132285341
4.0,709.0,11582.413309889485,11582.373805665904,0.03955513673463429,0.0007317282995699763
4.0,710.0,11588.512968782823,11588.473356301383,0.0396558183219895,0.0007358926923547592
4.0,711.0,11594.611986053354,11594.57290693686,0.039107135347876465,0.0007491108834178022
4.0,712.0,11600.713635999335,11600.67245757234,0.04120579816844838,0.0007575633735002832
4.0,713.0,11606.813013766445,11606.77200820782,0.041014758820892894,0.0007718268521195466
4.0,714.0,11612.911935234728,11612.871558843297,0.040386801419117546,0.0007804065615369697
5.0,399.0,10930.629372080475,10930.605987295636,0.023737068579521292,0.0009957823596367563
5.0,400.0,10939.833716159945,10939.812841679843,0.02123916502478096,0.0009890073772242025
5.0,401.0,10949.04550062741,10949.01969606405,0.026235204394197353,0.0010263221785300745
5.0,402.0,10958.251226998931,10958.226550448257,0.02513566022435043,0.0010170298552594024
5.0,403.0,10967.456928898178,10967.433404832464,0.02401490416195884,0.0010286576763181164
5.0,404.0,10976.660942590468,10976.640259216669,0.021188480606724625,0.0010202302098757028
5.0,405.0,10985.868989749093,10985.847113600876,0.022435115270582173,0.001052648443737756
5.0,406.0,10995.074813181009,10995.053967985083,0.02142273052368182,0.0010450382044534326
5.0,407.0,11004.279791264755,11004.26082236929,0.01957002216568071,0.0010601075498333967
5.0,408.0,11013.48368773375,11013.467676753497,0.01662555191796855,0.001048594183558756
5.0,409.0,11022.688705549135,11022.674531137704,0.014822177248788648,0.0010680259461228372
5.0,410.0,11031.894654985947,11031.88138552191,0.013922772848218301,0.0010596010445089133
5.0,411.0,11041.099198799044,11041.088239906117,0.01162804267505635,0.0010732564103833988
5.0,412.0,11050.303417061476,11050.295094290324,0.00900155697718219,0.0010588242610617574
5.0,413.0,11059.50667565825,11059.501948674531,0.005418957397523627,0.0010649933029297039
5.0,414.0,11068.712838966347,11068.708803058738,0.004720164721220499,0.0010553572887587468
5.0,415.0,11077.917279189118,11077.915657442945,0.002315862896921317,0.0010646217972141833
5.0,416.0,11087.122455766159,11087.122511827152,0.000640137676782615,0.001050030885357858
5.0,417.0,11096.325192618933,11096.32936621136,-0.00348035275374059,0.001048333131012921
5.0,418.0,11105.531639676878,11105.536220595566,-0.003905942571691412,0.0010402054703105492
5.0,419.0,11114.736237622788,11114.743074979773,-0.006157653437639965,0.0010449444380083031
5.0,420.0,11123.943294248566,11123.94992936398,-0.00596287354164815,0.001036944027711901
5.0,421.0,11133.146285135876,11133.156783748185,-0.009841160630003287,0.0010337378455730344
5.0,422.0,11142.35313831165,11142.363638132392,-0.009866639921256137,0.0010316898971603006
5.0,423.0,11151.558167910338,11151.5704925166,-0.01169204486950548,0.001034809763274544
5.0,424.0,11160.768087821443,11160.777346900806,-0.00864506720972713,0.0010386348277821981
5.0,425.0,11169.97170526447,11169.984201285013,-0.011905393845154322,0.0010388633224566774
5.0,426.0,11179.178993425932,11179.19105566922,-0.011497556394260755,0.0010455399324194974
5.0,427.0,11188.384548248254,11188.397910053427,-0.012805970868612349,0.0010513231067351809
5.0,428.0,11197.597880357676,11197.604764437634,-0.006358179712606216,0.0010655538708090537
5.0,429.0,11206.80215050257,11206.811618821841,-0.008971061890406418,0.00107161882100433
5.0,430.0,11216.009769912343,11216.018473206048,-0.008229042212860804,0.0010861799444844466
5.0,431.0,11225.215680226946,11225.225327590255,-0.00919118783031081,0.0010976813997292556
5.0,432.0,11234.432357607326,11234.432181974462,0.0005945703233010136,0.001116855104358245
5.0,433.0,11243.637189257184,11243.639036358669,-0.001455830228223931,0.0011284878035644592
5.0,434.0,11252.845057337818,11252.845890742876,-0.00045833004151063506,0.0011476413370797207
5.0,435.0,11262.051019430051,11262.052745127083,-0.0013750786015407357,0.001165124497506162
5.0,436.0,11271.270247684904,11271.25959951129,0.01096353166803965,0.0011836207988762412
5.0,437.0,11280.47539009987,11280.466453895497,0.009230695006408496,0.0011981320686521196
5.0,438.0,11289.683339289775,11289.673308279704,0.010318259975974797,0.0012181297720763409
5.0,439.0,11298.888923634937,11298.88016266391,0.009022516446293594,0.001238671383127667
5.0,440.0,11308.109167930681,11308.087017048118,0.02239218510703722,0.001253576436429837
5.0,441.0,11317.314297684932,11317.293871432325,0.02065786205821496,0.0012680692129843666
5.0,442.0,11326.522005687517,11326.500725816531,0.021514344477054692,0.001286915037374636
5.0,443.0,11335.727005330482,11335.707580200738,0.019638204868897446,0.0013081504598261087
5.0,444.0,11344.946445781246,11344.914434584945,0.03223013491469828,0.0013197685801722367
5.0,445.0,11354.151433456509,11354.121288969152,0.03036501999667962,0.0013336035018224517
5.0,446.0,11363.358533608356,11363.32814335336,0.030622710455645574,0.0013506540008010803
5.0,447.0,11372.562896813408,11372.534997737566,0.028116163482081902,0.0013718346647468562
5.0,448.0,11381.779858012897,11381.741852121773,0.03825500383936742,0.001382223245883709
5.0,449.0,11390.984615234476,11390.94870650598,0.036166884748126904,0.0013965641699929753
5.0,450.0,11400.190759907482,11400.155560890187,0.035473658133014396,0.0014123669531900542
5.0,451.0,11409.394434493213,11409.362415274392,0.0322846613744332,0.001434387568866946
5.0,452.0,11418.60774522965,11418.5692696586,0.038787408319876704,0.0014473523072038646
5.0,453.0,11427.812332209023,11427.776124042806,0.03653176657826407,0.0014646437468953883
5.0,454.0,11437.017417744004,11436.982978427013,0.034779201722813013,0.0014811898061823558
5.0,455.0,11446.22051671243,11446.18983281122,0.03101976476227719,0.0015060517922289767
5.0,456.0,11455.429771828489,11455.396687195427,0.03346482331016887,0.0015250112766530203
5.0,457.0,11464.63432971543,11464.603541579634,0.03117631460645498,0.0015470090448381857
5.0,458.0,11473.838483779786,11473.810395963841,0.02848825295404822,0.0015668415262793138
5.0,459.0,11483.041195438844,11483.017250348048,0.024344155473045248,0.001596204912698367
5.0,460.0,11492.246718441755,11492.224104732255,0.02304169224044017,0.001623674871496032
5.0,461.0,11501.451297152576,11501.430959116462,0.020764899750247423,0.001650901278429735
5.0,462.0,11510.654767746397,11510.637813500667,0.017387356248946162,0.001676860151609462
5.0,463.0,11519.857442650515,11519.844667884874,0.01320687726183678,0.0017113515542952866
5.0,464.0,11529.060277348111,11529.051522269081,0.00919697039807943,0.0017482971229536752
5.0,465.0,11538.26498821314,11538.258376653288,0.007041196883619705,0.001780258576917663
5.0,466.0,11547.468135304314,11547.465231037495,0.003334750106660067,0.0018136657821041177
5.0,467.0,11556.671357563933,11556.672085421702,-0.0003013431878571282,0.0018500878873866954
5.0,468.0,11565.872934762416,11565.878939805909,-0.005584694645222044,0.0018941239745896524
5.0,469.0,11575.077888382832,11575.085794190116,-0.007508120340389723,0.0019283999046950345
5.0,470.0,11584.281033324045,11584.292648574323,-0.011221456564271648,0.0019673510291147397
5.0,471.0,11593.485640022272,11593.49950295853,-0.013478618141562038,0.0019963012696578857
5.0,472.0,11602.68708670617,11602.706357342737,-0.018904439243669913,0.002042529227364724
5.0,473.0,11611.892395544972,11611.913211726944,-0.02047915586626914,0.002075702078437796
6.0,297.0,10926.644440088628,10926.66555577287,-0.021095042612614634,0.0015239117589486326
6.0,298.0,10938.999098571387,10939.01897794924,-0.019894099862995063,0.0015624741255918164
6.0,299.0,10951.347069380558,10951.372400125609,-0.025413639150883682,0.001607079388977271
6.0,300.0,10963.700688884624,10963.725822301976,-0.02526033597814603,0.0016029922514824318
6.0,301.0,10976.055703225531,10976.079244478346,-0.02368988524767701,0.0016458071271004875
6.0,302.0,10988.40681224647,10988.432666654715,-0.02604320236514468,0.001697772934797307
6.0,303.0,11000.760859805901,11000.786088831082,-0.025442705442401348,0.0016841605814283745
6.0,304.0,11013.116332445228,11013.139511007452,-0.023394849089982017,0.0017205767891093713
6.0,305.0,11025.470104272494,11025.492933183821,-0.023048857722187677,0.0017622529719898859
6.0,306.0,11037.824512910454,11037.84635536019,-0.02206490188018506,0.0017330233412604433
6.0,307.0,11050.180235509742,11050.199777536558,-0.019747092753277684,0.0017560363110186205
6.0,308.0,11062.535660608966,11062.553199712927,-0.017713912271119625,0.0017815110310460155
6.0,309.0,11074.890342922226,11074.906621889295,-0.01643368622444541,0.001737644131261022
6.0,310.0,11087.24584015403,11087.260044065664,-0.014324128548196313,0.0017435713385165362
6.0,311.0,11099.601835024876,11099.613466242034,-0.011700011006723798,0.0017587523136484461
6.0,312.0,11111.95652549948,11111.966888418403,-0.010394362865554285,0.001709298969388714
6.0,313.0,11124.310719823305,11124.320310594772,-0.009577079150403733,0.0017012644510575052
6.0,314.0,11136.666852004957,11136.67373277114,-0.006808915993133269,0.0017157609523885846
6.0,315.0,11149.02150539583,11149.02715494751,-0.005532113352273882,0.0016720494059108064
6.0,316.0,11161.373337683637,11161.380577123877,-0.007075107609125553,0.0016530246045727067
6.0,317.0,11173.729307451256,11173.733999300246,-0.004478198550714296,0.0016712068467773335
6.0,318.0,11186.083689752399,11186.087421476615,-0.0034769893673001206,0.0016436373456758988
6.0,319.0,11198.432419270128,11198.440843652985,-0.008128543186103343,0.0016140322463209743
6.0,320.0,11210.78807924136,11210.794265829352,-0.0058605081194400555,0.0016343473383890507
6.0,321.0,11223.14221300972,11223.147688005722,-0.005122114404912281,0.0016242161514595822
6.0,322.0,11235.487811784098,11235.501110182091,-0.012918317424919223,0.001580244670211735
6.0,323.0,11247.84300510553,11247.854532358459,-0.011142347666918795,0.0015974798461230494
6.0,324.0,11260.196972155218,11260.207954534828,-0.010590477655114228,0.001600510560303968
6.0,325.0,11272.540157720729,11272.561376711197,-0.020821027959755156,0.0015411549969910746
6.0,326.0,11284.894960890162,11284.914798887567,-0.019459697486581717,0.0015493726284869173
6.0,327.0,11297.249010545318,11297.268221063934,-0.018845477851755277,0.0015579880413585689
6.0,328.0,11309.590923441361,11309.621643240303,-0.030377271363704494,0.0014906897602243833
6.0,329.0,11321.945277738294,11321.975065416673,-0.02948470718911267,0.0014919526339432056
6.0,330.0,11334.299532132567,11334.32848759304,-0.02868031951629746,0.0015065010498818132
6.0,331.0,11346.641678056274,11346.68190976941,-0.040005950793783995,0.00144681259091152
6.0,332.0,11358.99587451486,11359.035331945779,-0.039281330243284174,0.0014437958452216406
6.0,333.0,11371.350554643856,11371.388754122148,-0.038057640170336526,0.001466524965708115
6.0,334.0,11383.694384961273,11383.742176298516,-0.047716423165184096,0.0014304593652091318
6.0,335.0,11396.048634803054,11396.095598474885,-0.04693879415572155,0.0014265754505902882
6.0,336.0,11408.403834758457,11408.449020651253,-0.04519185432309314,0.0014603691365224255
6.0,337.0,11420.750537123502,11420.802442827622,-0.0519775758493779,0.0014537941148625993
6.0,338.0,11433.105115930995,11433.155865003991,-0.05086234778900689,0.0014463230123934515
6.0,339.0,11445.460852303911,11445.50928718036,-0.04856795221894572,0.001487754697696109
6.0,340.0,11457.810870850466,11457.86270935673,-0.05201730608041544,0.001504948546656482
6.0,341.0,11470.165810847731,11470.216131533098,-0.050524643365861266,0.0014894569488709507
6.0,342.0,11482.52208887193,11482.569553709467,-0.04767057363096683,0.0015321123853146894
6.0,343.0,11494.875387552634,11494.922975885835,-0.047805164515921206,0.0015613258503251208
6.0,344.0,11507.23080864296,11507.276398062204,-0.04580995191918191,0.0015336882009626407
6.0,345.0,11519.587551275823,11519.629820238573,-0.04247137432139425,0.0015725291881750526
6.0,346.0,11531.943257556535,11531.983242414943,-0.04016246197079454,0.0016078609982693249
6.0,347.0,11544.298993644132,11544.336664591312,-0.037829581747246266,0.0015728534604563544
6.0,348.0,11556.655911473756,11556.69008676768,-0.03429784209038189,0.0016076185110404909
6.0,349.0,11569.012864695922,11569.043508944047,-0.030715595942638174,0.001647879411850926
6.0,350.0,11581.368726741708,11581.396931120416,-0.02823775510478299,0.0016152856205679347
6.0,351.0,11593.724895650117,11593.750353296786,-0.0254443879266546,0.0016432644740357368
6.0,352.0,11606.082097157721,11606.103775473155,-0.021603216387120483,0.0016908796495566341
7.0,196.0,10928.024487932713,10928.014284161694,0.009059101972070494,0.002491778078141601
7.0,197.0,10946.79477593056,10946.781231119789,0.01258268171977761,0.0025658062779434347
7.0,198.0,10965.560761695288,10965.548178077883,0.011820465703749505,0.0026055319977992854
7.0,199.0,10984.330476914944,10984.315125035979,0.014765874983822869,0.0026689416608649316
7.0,200.0,11003.094017403413,11003.082071994073,0.011543583306320215,0.002675210182764925
7.0,201.0,11021.863570168687,11021.849018952167,0.01428479095284274,0.00274594687827191
7.0,202.0,11040.625516369304,11040.615965910261,0.009410002493495995,0.002749566125947991
7.0,203.0,11059.394900875766,11059.382912868357,0.01191007084753437,0.002840406882766903
7.0,204.0,11078.156456101056,11078.149859826452,0.006549000078848621,0.002860167042074162
7.0,205.0,11096.925978862178,11096.916806784546,0.009101016872591572,0.00295944697874024
7.0,206.0,11115.688372040604,11115.68375374264,0.004469791016163072,0.002985403762318746
7.0,207.0,11134.4580328111,11134.450700700734,0.00708186324345661,0.0030677530766871548
7.0,208.0,11153.222240790059,11153.217647658828,0.004176081954028632,0.0030775708596646285
7.0,209.0,11171.992374358946,11171.984594616924,0.0072130583685066085,0.0031251653651917606
7.0,210.0,11190.759053444679,11190.751541575019,0.006739343845310941,0.0031194962455028596
7.0,211.0,11209.529500130535,11209.518488533113,0.010081352630095353,0.0031380718573202552
7.0,212.0,11228.298669982989,11228.285435491209,0.012118097919028514,0.0031357262994581438
7.0,213.0,11247.069627877714,11247.052382449303,0.01600463148952258,0.0031472460201704476
7.0,214.0,11265.84062291744,11265.819329407397,0.019934135282710486,0.003169980845539685
7.0,215.0,11284.611926620815,11284.586276365491,0.024230163842275942,0.003199618685050613
7.0,216.0,11303.383546643145,11303.353223323586,0.02887539801940875,0.003248795928252674
7.0,217.0,11322.155069437882,11322.12017028168,0.033470530368504114,0.0033028173547634525
7.0,218.0,11340.926278513476,11340.887117239776,0.03779561629244199,0.0033688793937514
7.0,219.0,11359.696849501805,11359.65406419787,0.04151651175379811,0.0034346378320646432
7.0,220.0,11378.46720361388,11378.421011155964,0.045059946393848804,0.003502558242048513
7.0,221.0,11397.235943312247,11397.18795811406,0.04701398948782298,0.003556408108744364
7.0,222.0,11416.00542516635,11415.954905072154,0.04973129795234854,0.0036155370779804856
7.0,223.0,11434.771511258194,11434.721852030249,0.04907173963056266,0.0036384297227822077
7.0,224.0,11453.540256635028,11453.488798988343,0.0510633716794473,0.0036840077907452132
7.0,225.0,11472.303750508658,11472.255745946437,0.04781651317989599,0.003671928055628903
7.0,226.0,11491.072117614276,11491.022692904531,0.049403866771172034,0.003714047074670499
7.0,227.0,11509.833335568857,11509.789639862625,0.0438404007054487,0.0036870130638894903
7.0,228.0,11528.601564387438,11528.556586820721,0.045227801932924194,0.00373645456535396
7.0,229.0,11547.361796065443,11547.323533778816,0.03859585363898077,0.003716166633875669
7.0,230.0,11566.130031483415,11566.090480736912,0.03990657904705586,0.003776623992104663
7.0,231.0,11584.890425515241,11584.857427695006,0.03332851383765956,0.0037656644259315775
7.0,232.0,11603.658709078809,11603.6243746531,0.03460093639205297,0.003821009992723517
