x_pixel,y_pixel,value,standard_deviation
0,0,4.933333333333331e-05,
1,0,4.5333333333333315e-05,
2,0,6.399999999999997e-05,
3,0,0.0,
4,0,0.0,
5,0,0.0,
6,0,0.0,
7,0,0.0,
8,0,0.0,
9,0,0.0,
10,0,0.0,
11,0,0.0,
12,0,0.0,
13,0,0.0,
14,0,0.0,
15,0,0.0,
16,0,0.0,
17,0,0.0,
18,0,0.0,
19,0,0.0,
20,0,0.0,
21,0,0.0,
22,0,0.0,
23,0,0.0,
24,0,0.0,
25,0,0.0,
26,0,0.0,
27,0,0.0,
28,0,0.0,
29,0,0.0,
30,0,0.0,
31,0,0.0,
32,0,0.0,
33,0,0.0,
34,0,0.0,
35,0,0.0,
36,0,0.0,
37,0,0.0,
38,0,0.0,
39,0,0.0,
40,0,0.0,
41,0,0.0,
42,0,0.0,
43,0,0.0,
44,0,0.0,
45,0,0.0,
46,0,0.0,
47,0,0.0,
48,0,0.0,
49,0,0.0,
50,0,0.0,
51,0,0.0,
52,0,0.0,
53,0,0.0,
54,0,0.0,
55,0,0.0,
56,0,0.0,
57,0,0.0,
58,0,0.0,
59,0,0.0,
60,0,0.0,
61,0,0.0,
62,0,0.0,
63,0,1.666666666666666e-05,
64,0,3.333333333333332e-06,
65,0,0.0,
66,0,0.0,
67,0,0.0,
68,0,0.0,
69,0,0.0,
70,0,0.0,
71,0,0.0,
72,0,0.0,
73,0,0.0,
74,0,0.0,
75,0,0.0,
76,0,0.0,
77,0,0.0,
78,0,0.0,
79,0,0.0,
80,0,0.0,
81,0,0.0,
82,0,0.0,
83,0,0.0,
84,0,0.0,
85,0,0.0,
86,0,0.0,
87,0,0.0,
88,0,0.0,
89,0,0.0,
90,0,0.0,
91,0,0.0,
92,0,0.0,
93,0,0.0,
94,0,0.0,
95,0,0.0,
96,0,0.0,
97,0,0.0,
98,0,0.0,
99,0,0.0,
100,0,0.0,
101,0,0.0,
102,0,0.0,
103,0,0.0,
104,0,0.0,
105,0,0.0,
106,0,0.0,
107,0,0.0,
108,0,0.0,
109,0,0.0,
110,0,0.0,
111,0,0.0,
112,0,0.0,
113,0,0.0,
114,0,0.0,
115,0,0.0,
116,0,0.0,
117,0,0.0,
118,0,0.0,
119,0,0.0,
120,0,0.0,
121,0,0.0,
122,0,0.0,
123,0,0.0,
124,0,0.0,
125,0,0.0,
126,0,0.0,
127,0,0.0,
0,1,6.53333333333333e-05,
1,1,3.666666666666665e-05,
2,1,2.733333333333332e-05,
3,1,0.0,
4,1,0.0,
5,1,0.0,
6,1,0.0,
7,1,0.0,
8,1,0.0,
9,1,0.0,
10,1,0.0,
11,1,0.0,
12,1,0.0,
13,1,0.0,
14,1,0.0,
15,1,0.0,
16,1,0.0,
17,1,0.0,
18,1,0.0,
19,1,0.0,
20,1,0.0,
21,1,0.0,
22,1,0.0,
23,1,0.0,
24,1,0.0,
25,1,0.0,
26,1,2.6666666666666656e-06,
27,1,0.0,
28,1,0.0,
29,1,0.0,
30,1,0.0,
31,1,0.0,
32,1,0.0,
33,1,0.0,
34,1,0.0,
35,1,0.0,
36,1,0.0,
37,1,0.0,
38,1,0.0,
39,1,0.0,
40,1,0.0,
41,1,0.0,
42,1,0.0,
43,1,0.0,
44,1,0.0,
45,1,0.0,
46,1,0.0,
47,1,0.0,
48,1,0.0,
49,1,0.0,
50,1,0.0,
51,1,0.0,
52,1,0.0,
53,1,0.0,
54,1,0.0,
55,1,0.0,
56,1,0.0,
57,1,0.0,
58,1,0.0,
59,1,0.0,
60,1,0.0,
61,1,0.0,
62,1,0.0,
63,1,3.999999999999998e-06,
64,1,4.066666666666665e-05,
65,1,0.0,
66,1,0.0,
67,1,0.0,
68,1,0.0,
69,1,0.0,
70,1,0.0,
71,1,0.0,
72,1,0.0,
73,1,0.0,
74,1,0.0,
75,1,0.0,
76,1,0.0,
77,1,0.0,
78,1,0.0,
79,1,0.0,
80,1,0.0,
81,1,0.0,
82,1,3.999999999999998e-06,
83,1,2.6666666666666656e-06,
84,1,0.0,
85,1,0.0,
86,1,0.0,
87,1,0.0,
88,1,0.0,
89,1,0.0,
90,1,0.0,
91,1,0.0,
92,1,0.0,
93,1,0.0,
94,1,0.0,
95,1,0.0,
96,1,0.0,
97,1,0.0,
98,1,0.0,
99,1,0.0,
100,1,0.0,
101,1,0.0,
102,1,0.0,
103,1,0.0,
104,1,0.0,
105,1,0.0,
106,1,0.0,
107,1,0.0,
108,1,0.0,
109,1,0.0,
110,1,0.0,
111,1,0.0,
112,1,0.0,
113,1,0.0,
114,1,0.0,
115,1,0.0,
116,1,0.0,
117,1,0.0,
118,1,0.0,
119,1,0.0,
120,1,0.0,
121,1,0.0,
122,1,0.0,
123,1,0.0,
124,1,0.0,
125,1,0.0,
126,1,0.0,
127,1,0.0,
0,2,3.1999999999999985e-05,
1,2,5.999999999999997e-06,
2,2,7.33333333333333e-06,
3,2,0.0,
4,2,0.0,
5,2,0.0,
6,2,0.0,
7,2,0.0,
8,2,0.0,
9,2,0.0,
10,2,0.0,
11,2,0.0,
12,2,0.0,
13,2,0.0,
14,2,0.0,
15,2,0.0,
16,2,0.0,
17,2,0.0,
18,2,0.0,
19,2,0.0,
20,2,0.0,
21,2,0.0,
22,2,0.0,
23,2,0.0,
24,2,0.0,
25,2,0.0,
26,2,1.5333333333333328e-05,
27,2,9.999999999999996e-06,
28,2,0.0,
29,2,0.0,
30,2,0.0,
31,2,0.0,
32,2,0.0,
33,2,0.0,
34,2,0.0,
35,2,0.0,
36,2,0.0,
37,2,0.0,
38,2,0.0,
39,2,0.0,
40,2,0.0,
41,2,0.0,
42,2,0.0,
43,2,0.0,
44,2,0.0,
45,2,0.0,
46,2,0.0,
47,2,0.0,
48,2,0.0,
49,2,0.0,
50,2,0.0,
51,2,0.0,
52,2,0.0,
53,2,0.0,
54,2,0.0,
55,2,0.0,
56,2,0.0,
57,2,0.0,
58,2,0.0,
59,2,0.0,
60,2,0.0,
61,2,0.0,
62,2,6.666666666666664e-06,
63,2,1.466666666666666e-05,
64,2,1.9333333333333327e-05,
65,2,0.0,
66,2,0.0,
67,2,0.0,
68,2,0.0,
69,2,0.0,
70,2,0.0,
71,2,0.0,
72,2,0.0,
73,2,0.0,
74,2,0.0,
75,2,0.0,
76,2,0.0,
77,2,0.0,
78,2,0.0,
79,2,0.0,
80,2,0.0,
81,2,5.999999999999997e-06,
82,2,1.3333333333333328e-05,
83,2,7.999999999999996e-06,
84,2,0.0,
85,2,0.0,
86,2,0.0,
87,2,0.0,
88,2,0.0,
89,2,0.0,
90,2,0.0,
91,2,0.0,
92,2,0.0,
93,2,0.0,
94,2,0.0,
95,2,0.0,
96,2,0.0,
97,2,0.0,
98,2,0.0,
99,2,0.0,
100,2,0.0,
101,2,0.0,
102,2,0.0,
103,2,0.0,
104,2,0.0,
105,2,0.0,
106,2,0.0,
107,2,0.0,
108,2,0.0,
109,2,0.0,
110,2,0.0,
111,2,0.0,
112,2,0.0,
113,2,0.0,
114,2,0.0,
115,2,0.0,
116,2,0.0,
117,2,0.0,
118,2,0.0,
119,2,0.0,
120,2,0.0,
121,2,0.0,
122,2,0.0,
123,2,0.0,
124,2,0.0,
125,2,0.0,
126,2,0.0,
127,2,0.0,
0,3,0.0,
1,3,0.0,
2,3,0.0,
3,3,0.0,
4,3,0.0,
5,3,0.0,
6,3,0.0,
7,3,0.0,
8,3,0.0,
9,3,0.0,
10,3,0.0,
11,3,0.0,
12,3,0.0,
13,3,0.0,
14,3,0.0,
15,3,0.0,
16,3,0.0,
17,3,0.0,
18,3,0.0,
19,3,0.0,
20,3,0.0,
21,3,0.0,
22,3,0.0,
23,3,0.0,
24,3,0.0,
25,3,0.0,
26,3,0.0,
27,3,3.333333333333332e-06,
28,3,6.666666666666664e-07,
29,3,0.0,
30,3,0.0,
31,3,0.0,
32,3,0.0,
33,3,0.0,
34,3,0.0,
35,3,0.0,
36,3,0.0,
37,3,0.0,
38,3,0.0,
39,3,0.0,
40,3,0.0,
41,3,0.0,
42,3,0.0,
43,3,0.0,
44,3,0.0,
45,3,0.0,
46,3,0.0,
47,3,0.0,
48,3,0.0,
49,3,0.0,
50,3,0.0,
51,3,0.0,
52,3,0.0,
53,3,0.0,
54,3,0.0,
55,3,0.0,
56,3,0.0,
57,3,0.0,
58,3,0.0,
59,3,0.0,
60,3,0.0,
61,3,0.0,
62,3,1.466666666666666e-05,
63,3,2.1999999999999993e-05,
64,3,0.00010733333333333329,
65,3,1.7333333333333325e-05,
66,3,0.0,
67,3,0.0,
68,3,0.0,
69,3,0.0,
70,3,0.0,
71,3,0.0,
72,3,0.0,
73,3,0.0,
74,3,0.0,
75,3,0.0,
76,3,1.999999999999999e-06,
77,3,1.466666666666666e-05,
78,3,0.0,
79,3,0.0,
80,3,0.0,
81,3,1.999999999999999e-05,
82,3,3.799999999999998e-05,
83,3,9.33333333333333e-06,
84,3,0.0,
85,3,0.0,
86,3,0.0,
87,3,0.0,
88,3,0.0,
89,3,0.0,
90,3,0.0,
91,3,0.0,
92,3,0.0,
93,3,0.0,
94,3,0.0,
95,3,0.0,
96,3,0.0,
97,3,0.0,
98,3,0.0,
99,3,0.0,
100,3,0.0,
101,3,0.0,
102,3,0.0,
103,3,0.0,
104,3,0.0,
105,3,0.0,
106,3,0.0,
107,3,0.0,
108,3,0.0,
109,3,0.0,
110,3,0.0,
111,3,0.0,
112,3,0.0,
113,3,0.0,
114,3,0.0,
115,3,0.0,
116,3,0.0,
117,3,0.0,
118,3,0.0,
119,3,0.0,
120,3,0.0,
121,3,0.0,
122,3,0.0,
123,3,0.0,
124,3,0.0,
125,3,0.0,
126,3,0.0,
127,3,0.0,
0,4,0.0,
1,4,0.0,
2,4,0.0,
3,4,0.0,
4,4,0.0,
5,4,0.0,
6,4,0.0,
7,4,0.0,
8,4,0.0,
9,4,0.0,
10,4,0.0,
11,4,0.0,
12,4,0.0,
13,4,0.0,
14,4,0.0,
15,4,0.0,
16,4,0.0,
17,4,0.0,
18,4,0.0,
19,4,0.0,
20,4,0.0,
21,4,0.0,
22,4,0.0,
23,4,0.0,
24,4,0.0,
25,4,0.0,
26,4,0.0,
27,4,8.666666666666663e-06,
28,4,8.666666666666663e-06,
29,4,9.33333333333333e-06,
30,4,0.0,
31,4,0.0,
32,4,0.0,
33,4,0.0,
34,4,0.0,
35,4,0.0,
36,4,0.0,
37,4,0.0,
38,4,0.0,
39,4,0.0,
40,4,0.0,
41,4,0.0,
42,4,0.0,
43,4,0.0,
44,4,0.0,
45,4,0.0,
46,4,0.0,
47,4,0.0,
48,4,0.0,
49,4,0.0,
50,4,0.0,
51,4,0.0,
52,4,0.0,
53,4,0.0,
54,4,0.0,
55,4,0.0,
56,4,0.0,
57,4,0.0,
58,4,0.0,
59,4,0.0,
60,4,0.0,
61,4,0.0,
62,4,1.999999999999999e-05,
63,4,3.333333333333332e-06,
64,4,1.666666666666666e-05,
65,4,2.6666666666666656e-05,
66,4,0.0,
67,4,0.0,
68,4,0.0,
69,4,0.0,
70,4,0.0,
71,4,0.0,
72,4,0.0,
73,4,0.0,
74,4,0.0,
75,4,0.0,
76,4,3.399999999999998e-05,
77,4,6.066666666666664e-05,
78,4,0.0,
79,4,0.0,
80,4,0.0,
81,4,9.999999999999996e-06,
82,4,3.999999999999998e-06,
83,4,3.999999999999998e-06,
84,4,0.0,
85,4,0.0,
86,4,0.0,
87,4,0.0,
88,4,0.0,
89,4,0.0,
90,4,0.0,
91,4,0.0,
92,4,0.0,
93,4,0.0,
94,4,0.0,
95,4,0.0,
96,4,0.0,
97,4,0.0,
98,4,0.0,
99,4,0.0,
100,4,0.0,
101,4,0.0,
102,4,0.0,
103,4,0.0,
104,4,0.0,
105,4,0.0,
106,4,0.0,
107,4,0.0,
108,4,0.0,
109,4,0.0,
110,4,0.0,
111,4,0.0,
112,4,0.0,
113,4,0.0,
114,4,0.0,
115,4,0.0,
116,4,0.0,
117,4,0.0,
118,4,0.0,
119,4,0.0,
120,4,0.0,
121,4,0.0,
122,4,0.0,
123,4,0.0,
124,4,0.0,
125,4,0.0,
126,4,0.0,
127,4,0.0,
0,5,0.0,
1,5,0.0,
2,5,0.0,
3,5,0.0,
4,5,0.0,
5,5,0.0,
6,5,0.0,
7,5,0.0,
8,5,0.0,
9,5,0.0,
10,5,0.0,
11,5,0.0,
12,5,0.0,
13,5,0.0,
14,5,0.0,
15,5,0.0,
16,5,0.0,
17,5,0.0,
18,5,0.0,
19,5,0.0,
20,5,0.0,
21,5,0.0,
22,5,0.0,
23,5,0.0,
24,5,0.0,
25,5,0.0,
26,5,0.0,
27,5,0.0,
28,5,0.0,
29,5,1.999999999999999e-06,
30,5,0.0,
31,5,0.0,
32,5,0.0,
33,5,0.0,
34,5,0.0,
35,5,0.0,
36,5,0.0,
37,5,0.0,
38,5,0.0,
39,5,0.0,
40,5,0.0,
41,5,0.0,
42,5,0.0,
43,5,0.0,
44,5,0.0,
45,5,0.0,
46,5,0.0,
47,5,0.0,
48,5,0.0,
49,5,0.0,
50,5,0.0,
51,5,0.0,
52,5,0.0,
53,5,0.0,
54,5,0.0,
55,5,0.0,
56,5,0.0,
57,5,0.0,
58,5,0.0,
59,5,0.0,
60,5,0.0,
61,5,0.0,
62,5,0.0,
63,5,0.0,
64,5,0.0,
65,5,0.0,
66,5,0.0,
67,5,0.0,
68,5,0.0,
69,5,0.0,
70,5,0.0,
71,5,0.0,
72,5,0.0,
73,5,0.0,
74,5,0.0,
75,5,0.0,
76,5,1.3333333333333328e-06,
77,5,5.73333333333333e-05,
78,5,0.0,
79,5,0.0,
80,5,0.0,
81,5,9.33333333333333e-06,
82,5,1.466666666666666e-05,
83,5,0.0,
84,5,0.0,
85,5,0.0,
86,5,0.0,
87,5,0.0,
88,5,0.0,
89,5,0.0,
90,5,0.0,
91,5,0.0,
92,5,0.0,
93,5,0.0,
94,5,0.0,
95,5,0.0,
96,5,0.0,
97,5,0.0,
98,5,0.0,
99,5,0.0,
100,5,0.0,
101,5,0.0,
102,5,0.0,
103,5,0.0,
104,5,0.0,
105,5,0.0,
106,5,0.0,
107,5,0.0,
108,5,0.0,
109,5,0.0,
110,5,0.0,
111,5,0.0,
112,5,0.0,
113,5,0.0,
114,5,0.0,
115,5,0.0,
116,5,0.0,
117,5,0.0,
118,5,0.0,
119,5,0.0,
120,5,0.0,
121,5,0.0,
122,5,0.0,
123,5,0.0,
124,5,0.0,
125,5,0.0,
126,5,0.0,
127,5,0.0,
0,6,0.0,
1,6,0.0,
2,6,0.0,
3,6,0.0,
4,6,0.0,
5,6,0.0,
6,6,0.0,
7,6,0.0,
8,6,0.0,
9,6,0.0,
10,6,0.0,
11,6,0.0,
12,6,0.0,
13,6,0.0,
14,6,0.0,
15,6,0.0,
16,6,0.0,
17,6,0.0,
18,6,0.0,
19,6,0.0,
20,6,0.0,
21,6,0.0,
22,6,0.0,
23,6,0.0,
24,6,0.0,
25,6,0.0,
26,6,0.0,
27,6,0.0,
28,6,0.0,
29,6,8.666666666666663e-06,
30,6,0.0,
31,6,0.0,
32,6,0.0,
33,6,0.0,
34,6,0.0,
35,6,0.0,
36,6,0.0,
37,6,0.0,
38,6,0.0,
39,6,0.0,
40,6,0.0,
41,6,0.0,
42,6,0.0,
43,6,0.0,
44,6,0.0,
45,6,0.0,
46,6,0.0,
47,6,0.0,
48,6,0.0,
49,6,0.0,
50,6,0.0,
51,6,0.0,
52,6,0.0,
53,6,0.0,
54,6,0.0,
55,6,0.0,
56,6,0.0,
57,6,0.0,
58,6,0.0,
59,6,0.0,
60,6,0.0,
61,6,0.0,
62,6,0.0,
63,6,0.0,
64,6,0.0,
65,6,0.0,
66,6,0.0,
67,6,0.0,
68,6,0.0,
69,6,0.0,
70,6,0.0,
71,6,0.0,
72,6,0.0,
73,6,0.0,
74,6,0.0,
75,6,0.0,
76,6,0.0,
77,6,5.999999999999997e-06,
78,6,0.0,
79,6,0.0,
80,6,0.0,
81,6,1.266666666666666e-05,
82,6,2.533333333333332e-05,
83,6,1.999999999999999e-06,
84,6,1.9333333333333327e-05,
85,6,0.0,
86,6,0.0,
87,6,0.0,
88,6,0.0,
89,6,0.0,
90,6,0.0,
91,6,0.0,
92,6,0.0,
93,6,0.0,
94,6,0.0,
95,6,0.0,
96,6,0.0,
97,6,0.0,
98,6,0.0,
99,6,0.0,
100,6,0.0,
101,6,0.0,
102,6,0.0,
103,6,0.0,
104,6,0.0,
105,6,0.0,
106,6,0.0,
107,6,0.0,
108,6,0.0,
109,6,0.0,
110,6,0.0,
111,6,0.0,
112,6,0.0,
113,6,0.0,
114,6,0.0,
115,6,0.0,
116,6,0.0,
117,6,0.0,
118,6,0.0,
119,6,0.0,
120,6,0.0,
121,6,0.0,
122,6,0.0,
123,6,0.0,
124,6,0.0,
125,6,0.0,
126,6,0.0,
127,6,0.0,
0,7,0.0,
1,7,0.0,
2,7,0.0,
3,7,0.0,
4,7,0.0,
5,7,0.0,
6,7,0.0,
7,7,0.0,
8,7,0.0,
9,7,0.0,
10,7,0.0,
11,7,0.0,
12,7,0.0,
13,7,0.0,
14,7,0.0,
15,7,0.0,
16,7,0.0,
17,7,0.0,
18,7,0.0,
19,7,0.0,
20,7,0.0,
21,7,0.0,
22,7,0.0,
23,7,0.0,
24,7,0.0,
25,7,0.0,
26,7,0.0,
27,7,0.0,
28,7,0.0,
29,7,1.3333333333333328e-06,
30,7,0.0,
31,7,3.333333333333332e-06,
32,7,0.0,
33,7,0.0,
34,7,0.0,
35,7,0.0,
36,7,0.0,
37,7,0.0,
38,7,0.0,
39,7,0.0,
40,7,0.0,
41,7,0.0,
42,7,0.0,
43,7,0.0,
44,7,0.0,
45,7,0.0,
46,7,0.0,
47,7,0.0,
48,7,0.0,
49,7,0.0,
50,7,0.0,
51,7,0.0,
52,7,0.0,
53,7,0.0,
54,7,0.0,
55,7,0.0,
56,7,0.0,
57,7,0.0,
58,7,0.0,
59,7,0.0,
60,7,0.0,
61,7,0.0,
62,7,0.0,
63,7,0.0,
64,7,0.0,
65,7,0.0,
66,7,0.0,
67,7,0.0,
68,7,0.0,
69,7,0.0,
70,7,0.0,
71,7,3.999999999999998e-06,
72,7,0.0,
73,7,0.0,
74,7,0.0,
75,7,0.0,
76,7,1.3333333333333328e-06,
77,7,5.7999999999999966e-05,
78,7,0.0,
79,7,0.0,
80,7,0.0,
81,7,1.3333333333333328e-06,
82,7,1.9333333333333327e-05,
83,7,1.1999999999999994e-05,
84,7,4.1999999999999984e-05,
85,7,0.0,
86,7,0.0,
87,7,0.0,
88,7,0.0,
89,7,0.0,
90,7,0.0,
91,7,0.0,
92,7,0.0,
93,7,0.0,
94,7,0.0,
95,7,0.0,
96,7,0.0,
97,7,0.0,
98,7,0.0,
99,7,0.0,
100,7,0.0,
101,7,0.0,
102,7,0.0,
103,7,0.0,
104,7,0.0,
105,7,0.0,
106,7,0.0,
107,7,0.0,
108,7,0.0,
109,7,0.0,
110,7,0.0,
111,7,0.0,
112,7,0.0,
113,7,0.0,
114,7,0.0,
115,7,0.0,
116,7,0.0,
117,7,0.0,
118,7,0.0,
119,7,0.0,
120,7,0.0,
121,7,0.0,
122,7,0.0,
123,7,0.0,
124,7,0.0,
125,7,0.0,
126,7,0.0,
127,7,0.0,
0,8,0.0,
1,8,0.0,
2,8,0.0,
3,8,0.0,
4,8,0.0,
5,8,0.0,
6,8,0.0,
7,8,0.0,
8,8,0.0,
9,8,0.0,
10,8,0.0,
11,8,0.0,
12,8,0.0,
13,8,0.0,
14,8,0.0,
15,8,0.0,
16,8,0.0,
17,8,0.0,
18,8,0.0,
19,8,0.0,
20,8,0.0,
21,8,0.0,
22,8,0.0,
23,8,0.0,
24,8,0.0,
25,8,0.0,
26,8,0.0,
27,8,0.0,
28,8,5.7999999999999966e-05,
29,8,1.3333333333333328e-06,
30,8,1.0666666666666662e-05,
31,8,3.1999999999999985e-05,
32,8,1.0666666666666662e-05,
33,8,4.666666666666665e-06,
34,8,0.0,
35,8,0.0,
36,8,0.0,
37,8,0.0,
38,8,0.0,
39,8,0.0,
40,8,0.0,
41,8,0.0,
42,8,0.0,
43,8,0.0,
44,8,0.0,
45,8,0.0,
46,8,0.0,
47,8,0.0,
48,8,0.0,
49,8,0.0,
50,8,0.0,
51,8,0.0,
52,8,0.0,
53,8,0.0,
54,8,0.0,
55,8,0.0,
56,8,0.0,
57,8,0.0,
58,8,0.0,
59,8,0.0,
60,8,0.0,
61,8,0.0,
62,8,0.0,
63,8,0.0,
64,8,0.0,
65,8,0.0,
66,8,0.0,
67,8,0.0,
68,8,0.0,
69,8,0.0,
70,8,0.0,
71,8,3.1999999999999985e-05,
72,8,3.999999999999998e-06,
73,8,0.0,
74,8,0.0,
75,8,1.3333333333333328e-06,
76,8,2.1333333333333324e-05,
77,8,9.999999999999996e-06,
78,8,5.333333333333331e-06,
79,8,9.999999999999996e-06,
80,8,0.0,
81,8,0.0,
82,8,1.266666666666666e-05,
83,8,1.666666666666666e-05,
84,8,3.999999999999998e-05,
85,8,6.666666666666664e-06,
86,8,0.0,
87,8,0.0,
88,8,1.0666666666666662e-05,
89,8,6.666666666666664e-07,
90,8,0.0,
91,8,0.0,
92,8,0.0,
93,8,0.0,
94,8,0.0,
95,8,0.0,
96,8,0.0,
97,8,0.0,
98,8,0.0,
99,8,0.0,
100,8,0.0,
101,8,0.0,
102,8,0.0,
103,8,0.0,
104,8,0.0,
105,8,0.0,
106,8,0.0,
107,8,0.0,
108,8,0.0,
109,8,0.0,
110,8,0.0,
111,8,0.0,
112,8,0.0,
113,8,0.0,
114,8,0.0,
115,8,0.0,
116,8,0.0,
117,8,0.0,
118,8,0.0,
119,8,0.0,
120,8,0.0,
121,8,0.0,
122,8,0.0,
123,8,0.0,
124,8,0.0,
125,8,0.0,
126,8,0.0,
127,8,0.0,
0,9,0.0,
1,9,0.0,
2,9,0.0,
3,9,0.0,
4,9,0.0,
5,9,0.0,
6,9,0.0,
7,9,0.0,
8,9,0.0,
9,9,0.0,
10,9,0.0,
11,9,0.0,
12,9,0.0,
13,9,0.0,
14,9,0.0,
15,9,0.0,
16,9,0.0,
17,9,0.0,
18,9,0.0,
19,9,0.0,
20,9,0.0,
21,9,0.0,
22,9,0.0,
23,9,0.0,
24,9,0.0,
25,9,0.0,
26,9,0.0,
27,9,0.0,
28,9,1.3999999999999995e-05,
29,9,0.0,
30,9,1.7333333333333325e-05,
31,9,2.2666666666666657e-05,
32,9,0.0,
33,9,2.9999999999999984e-05,
34,9,0.0,
35,9,0.0,
36,9,0.0,
37,9,0.0,
38,9,0.0,
39,9,0.0,
40,9,0.0,
41,9,0.0,
42,9,0.0,
43,9,0.0,
44,9,0.0,
45,9,0.0,
46,9,0.0,
47,9,0.0,
48,9,0.0,
49,9,0.0,
50,9,0.0,
51,9,0.0,
52,9,0.0,
53,9,0.0,
54,9,0.0,
55,9,0.0,
56,9,0.0,
57,9,0.0,
58,9,0.0,
59,9,0.0,
60,9,0.0,
61,9,0.0,
62,9,0.0,
63,9,0.0,
64,9,0.0,
65,9,0.0,
66,9,0.0,
67,9,0.0,
68,9,0.0,
69,9,0.0,
70,9,0.0,
71,9,1.3333333333333328e-06,
72,9,8.666666666666663e-06,
73,9,0.0,
74,9,0.0,
75,9,2.866666666666665e-05,
76,9,3.333333333333332e-06,
77,9,1.799999999999999e-05,
78,9,1.5333333333333328e-05,
79,9,1.1333333333333329e-05,
80,9,4.266666666666665e-05,
81,9,1.999999999999999e-06,
82,9,1.1999999999999994e-05,
83,9,2.5999999999999988e-05,
84,9,6.133333333333331e-05,
85,9,1.0666666666666662e-05,
86,9,0.0,
87,9,0.0,
88,9,1.799999999999999e-05,
89,9,7.33333333333333e-06,
90,9,0.0,
91,9,0.0,
92,9,0.0,
93,9,0.0,
94,9,0.0,
95,9,0.0,
96,9,0.0,
97,9,0.0,
98,9,0.0,
99,9,0.0,
100,9,0.0,
101,9,0.0,
102,9,0.0,
103,9,0.0,
104,9,0.0,
105,9,0.0,
106,9,0.0,
107,9,0.0,
108,9,0.0,
109,9,0.0,
110,9,0.0,
111,9,0.0,
112,9,0.0,
113,9,0.0,
114,9,0.0,
115,9,0.0,
116,9,0.0,
117,9,0.0,
118,9,0.0,
119,9,0.0,
120,9,0.0,
121,9,0.0,
122,9,0.0,
123,9,0.0,
124,9,0.0,
125,9,0.0,
126,9,0.0,
127,9,0.0,
0,10,0.0,
1,10,0.0,
2,10,0.0,
3,10,0.0,
4,10,0.0,
5,10,0.0,
6,10,0.0,
7,10,0.0,
8,10,0.0,
9,10,0.0,
10,10,0.0,
11,10,0.0,
12,10,0.0,
13,10,0.0,
14,10,0.0,
15,10,0.0,
16,10,0.0,
17,10,0.0,
18,10,0.0,
19,10,0.0,
20,10,0.0,
21,10,0.0,
22,10,0.0,
23,10,0.0,
24,10,0.0,
25,10,0.0,
26,10,0.0,
27,10,0.0,
28,10,1.466666666666666e-05,
29,10,9.33333333333333e-06,
30,10,5.599999999999998e-05,
31,10,3.266666666666665e-05,
32,10,7.999999999999996e-06,
33,10,6.666666666666664e-07,
34,10,0.0,
35,10,0.0,
36,10,0.0,
37,10,0.0,
38,10,0.0,
39,10,0.0,
40,10,0.0,
41,10,0.0,
42,10,0.0,
43,10,0.0,
44,10,0.0,
45,10,0.0,
46,10,0.0,
47,10,0.0,
48,10,0.0,
49,10,0.0,
50,10,0.0,
51,10,0.0,
52,10,0.0,
53,10,0.0,
54,10,0.0,
55,10,0.0,
56,10,0.0,
57,10,0.0,
58,10,0.0,
59,10,0.0,
60,10,0.0,
61,10,0.0,
62,10,0.0,
63,10,0.0,
64,10,0.0,
65,10,0.0,
66,10,0.0,
67,10,0.0,
68,10,0.0,
69,10,0.0,
70,10,0.0,
71,10,1.3333333333333328e-06,
72,10,1.3333333333333328e-05,
73,10,0.0,
74,10,0.0,
75,10,5.999999999999997e-06,
76,10,6.666666666666664e-07,
77,10,3.266666666666665e-05,
78,10,2.799999999999999e-05,
79,10,2.799999999999999e-05,
80,10,9.33333333333333e-06,
81,10,0.0,
82,10,3.333333333333332e-06,
83,10,2.533333333333332e-05,
84,10,2.6666666666666656e-05,
85,10,2.2666666666666657e-05,
86,10,5.333333333333331e-06,
87,10,0.0,
88,10,4.7999999999999974e-05,
89,10,0.0,
90,10,0.0,
91,10,0.0,
92,10,0.0,
93,10,0.0,
94,10,0.0,
95,10,0.0,
96,10,0.0,
97,10,0.0,
98,10,0.0,
99,10,0.0,
100,10,0.0,
101,10,0.0,
102,10,0.0,
103,10,0.0,
104,10,0.0,
105,10,0.0,
106,10,0.0,
107,10,0.0,
108,10,0.0,
109,10,0.0,
110,10,0.0,
111,10,0.0,
112,10,0.0,
113,10,0.0,
114,10,0.0,
115,10,0.0,
116,10,0.0,
117,10,0.0,
118,10,0.0,
119,10,0.0,
120,10,0.0,
121,10,0.0,
122,10,0.0,
123,10,0.0,
124,10,0.0,
125,10,0.0,
126,10,0.0,
127,10,0.0,
0,11,0.0,
1,11,0.0,
2,11,0.0,
3,11,0.0,
4,11,0.0,
5,11,0.0,
6,11,0.0,
7,11,0.0,
8,11,0.0,
9,11,0.0,
10,11,0.0,
11,11,0.0,
12,11,0.0,
13,11,0.0,
14,11,0.0,
15,11,0.0,
16,11,0.0,
17,11,0.0,
18,11,0.0,
19,11,0.0,
20,11,0.0,
21,11,0.0,
22,11,0.0,
23,11,0.0,
24,11,0.0,
25,11,0.0,
26,11,0.0,
27,11,0.0,
28,11,0.0,
29,11,9.33333333333333e-06,
30,11,0.0,
31,11,0.0,
32,11,1.999999999999999e-06,
33,11,6.666666666666664e-07,
34,11,0.0,
35,11,0.0,
36,11,0.0,
37,11,0.0,
38,11,0.0,
39,11,0.0,
40,11,0.0,
41,11,0.0,
42,11,0.0,
43,11,0.0,
44,11,0.0,
45,11,0.0,
46,11,0.0,
47,11,0.0,
48,11,0.0,
49,11,0.0,
50,11,0.0,
51,11,0.0,
52,11,0.0,
53,11,0.0,
54,11,0.0,
55,11,0.0,
56,11,0.0,
57,11,0.0,
58,11,0.0,
59,11,0.0,
60,11,0.0,
61,11,0.0,
62,11,0.0,
63,11,0.0,
64,11,0.0,
65,11,0.0,
66,11,0.0,
67,11,0.0,
68,11,0.0,
69,11,0.0,
70,11,0.0,
71,11,1.9333333333333327e-05,
72,11,2.6666666666666656e-06,
73,11,0.0,
74,11,0.0,
75,11,0.0,
76,11,0.0,
77,11,1.5333333333333328e-05,
78,11,3.466666666666665e-05,
79,11,8.399999999999997e-05,
80,11,1.5333333333333328e-05,
81,11,0.0,
82,11,0.0,
83,11,3.999999999999998e-06,
84,11,9.999999999999996e-06,
85,11,1.5999999999999992e-05,
86,11,1.1333333333333329e-05,
87,11,2.6666666666666656e-06,
88,11,6.133333333333331e-05,
89,11,0.0,
90,11,0.0,
91,11,0.0,
92,11,0.0,
93,11,0.0,
94,11,0.0,
95,11,0.0,
96,11,0.0,
97,11,0.0,
98,11,0.0,
99,11,0.0,
100,11,0.0,
101,11,0.0,
102,11,0.0,
103,11,0.0,
104,11,0.0,
105,11,0.0,
106,11,0.0,
107,11,0.0,
108,11,0.0,
109,11,0.0,
110,11,0.0,
111,11,0.0,
112,11,0.0,
113,11,0.0,
114,11,0.0,
115,11,0.0,
116,11,0.0,
117,11,0.0,
118,11,0.0,
119,11,0.0,
120,11,0.0,
121,11,0.0,
122,11,0.0,
123,11,0.0,
124,11,0.0,
125,11,0.0,
126,11,0.0,
127,11,0.0,
0,12,0.0,
1,12,0.0,
2,12,0.0,
3,12,0.0,
4,12,0.0,
5,12,0.0,
6,12,0.0,
7,12,0.0,
8,12,0.0,
9,12,0.0,
10,12,0.0,
11,12,0.0,
12,12,0.0,
13,12,0.0,
14,12,0.0,
15,12,0.0,
16,12,0.0,
17,12,0.0,
18,12,0.0,
19,12,0.0,
20,12,0.0,
21,12,0.0,
22,12,0.0,
23,12,0.0,
24,12,0.0,
25,12,0.0,
26,12,0.0,
27,12,0.0,
28,12,8.666666666666663e-06,
29,12,1.266666666666666e-05,
30,12,0.0,
31,12,0.0,
32,12,2.6666666666666656e-06,
33,12,1.5999999999999992e-05,
34,12,0.0,
35,12,0.0,
36,12,0.0,
37,12,0.0,
38,12,0.0,
39,12,0.0,
40,12,0.0,
41,12,0.0,
42,12,0.0,
43,12,0.0,
44,12,0.0,
45,12,0.0,
46,12,0.0,
47,12,0.0,
48,12,0.0,
49,12,0.0,
50,12,0.0,
51,12,0.0,
52,12,0.0,
53,12,0.0,
54,12,0.0,
55,12,0.0,
56,12,0.0,
57,12,0.0,
58,12,0.0,
59,12,0.0,
60,12,0.0,
61,12,0.0,
62,12,0.0,
63,12,1.3333333333333328e-06,
64,12,0.0,
65,12,0.0,
66,12,0.0,
67,12,0.0,
68,12,0.0,
69,12,0.0,
70,12,6.666666666666664e-07,
71,12,1.266666666666666e-05,
72,12,1.999999999999999e-06,
73,12,0.0,
74,12,0.0,
75,12,0.0,
76,12,0.0,
77,12,1.999999999999999e-06,
78,12,3.599999999999998e-05,
79,12,4.133333333333331e-05,
80,12,2.933333333333332e-05,
81,12,0.0,
82,12,0.0,
83,12,5.333333333333331e-06,
84,12,5.999999999999997e-06,
85,12,1.799999999999999e-05,
86,12,5.333333333333331e-06,
87,12,0.0,
88,12,0.0,
89,12,0.0,
90,12,0.0,
91,12,0.0,
92,12,0.0,
93,12,0.0,
94,12,0.0,
95,12,0.0,
96,12,0.0,
97,12,0.0,
98,12,0.0,
99,12,0.0,
100,12,0.0,
101,12,0.0,
102,12,0.0,
103,12,0.0,
104,12,0.0,
105,12,0.0,
106,12,0.0,
107,12,0.0,
108,12,0.0,
109,12,0.0,
110,12,0.0,
111,12,0.0,
112,12,0.0,
113,12,0.0,
114,12,0.0,
115,12,0.0,
116,12,0.0,
117,12,0.0,
118,12,0.0,
119,12,0.0,
120,12,0.0,
121,12,0.0,
122,12,0.0,
123,12,0.0,
124,12,0.0,
125,12,0.0,
126,12,0.0,
127,12,0.0,
0,13,0.0,
1,13,0.0,
2,13,0.0,
3,13,0.0,
4,13,0.0,
5,13,0.0,
6,13,0.0,
7,13,0.0,
8,13,0.0,
9,13,0.0,
10,13,0.0,
11,13,0.0,
12,13,0.0,
13,13,0.0,
14,13,0.0,
15,13,0.0,
16,13,0.0,
17,13,0.0,
18,13,0.0,
19,13,0.0,
20,13,0.0,
21,13,0.0,
22,13,0.0,
23,13,0.0,
24,13,0.0,
25,13,0.0,
26,13,0.0,
27,13,0.0,
28,13,4.933333333333331e-05,
29,13,3.933333333333331e-05,
30,13,1.799999999999999e-05,
31,13,0.0,
32,13,3.999999999999998e-06,
33,13,1.999999999999999e-06,
34,13,0.0,
35,13,0.0,
36,13,0.0,
37,13,0.0,
38,13,0.0,
39,13,0.0,
40,13,0.0,
41,13,0.0,
42,13,0.0,
43,13,0.0,
44,13,0.0,
45,13,0.0,
46,13,0.0,
47,13,0.0,
48,13,0.0,
49,13,0.0,
50,13,0.0,
51,13,0.0,
52,13,0.0,
53,13,0.0,
54,13,0.0,
55,13,0.0,
56,13,0.0,
57,13,0.0,
58,13,0.0,
59,13,0.0,
60,13,0.0,
61,13,0.0,
62,13,1.3333333333333328e-05,
63,13,8.999999999999997e-05,
64,13,4.5333333333333315e-05,
65,13,0.0,
66,13,0.0,
67,13,0.0,
68,13,0.0,
69,13,0.0,
70,13,0.0,
71,13,2.6666666666666656e-06,
72,13,1.3333333333333328e-06,
73,13,4.666666666666665e-06,
74,13,0.0,
75,13,0.0,
76,13,0.0,
77,13,0.0,
78,13,1.999999999999999e-06,
79,13,1.9333333333333327e-05,
80,13,1.1333333333333329e-05,
81,13,0.0,
82,13,0.0,
83,13,0.0,
84,13,6.666666666666664e-06,
85,13,1.3333333333333328e-05,
86,13,0.0,
87,13,0.0,
88,13,0.0,
89,13,0.0,
90,13,0.0,
91,13,0.0,
92,13,0.0,
93,13,0.0,
94,13,0.0,
95,13,0.0,
96,13,0.0,
97,13,0.0,
98,13,0.0,
99,13,0.0,
100,13,0.0,
101,13,0.0,
102,13,0.0,
103,13,0.0,
104,13,0.0,
105,13,0.0,
106,13,0.0,
107,13,0.0,
108,13,0.0,
109,13,0.0,
110,13,0.0,
111,13,0.0,
112,13,0.0,
113,13,0.0,
114,13,0.0,
115,13,0.0,
116,13,0.0,
117,13,0.0,
118,13,0.0,
119,13,0.0,
120,13,0.0,
121,13,0.0,
122,13,0.0,
123,13,0.0,
124,13,0.0,
125,13,0.0,
126,13,0.0,
127,13,0.0,
0,14,0.0,
1,14,0.0,
2,14,0.0,
3,14,0.0,
4,14,0.0,
5,14,0.0,
6,14,0.0,
7,14,0.0,
8,14,0.0,
9,14,0.0,
10,14,0.0,
11,14,0.0,
12,14,0.0,
13,14,0.0,
14,14,0.0,
15,14,0.0,
16,14,0.0,
17,14,0.0,
18,14,0.0,
19,14,0.0,
20,14,0.0,
21,14,0.0,
22,14,0.0,
23,14,0.0,
24,14,0.0,
25,14,0.0,
26,14,0.0,
27,14,0.0,
28,14,2.1999999999999993e-05,
29,14,4.5333333333333315e-05,
30,14,1.1333333333333329e-05,
31,14,0.0,
32,14,1.3333333333333328e-06,
33,14,3.333333333333332e-06,
34,14,0.0,
35,14,0.0,
36,14,0.0,
37,14,0.0,
38,14,0.0,
39,14,0.0,
40,14,0.0,
41,14,0.0,
42,14,0.0,
43,14,0.0,
44,14,0.0,
45,14,0.0,
46,14,0.0,
47,14,0.0,
48,14,0.0,
49,14,0.0,
50,14,0.0,
51,14,0.0,
52,14,0.0,
53,14,0.0,
54,14,0.0,
55,14,0.0,
56,14,0.0,
57,14,0.0,
58,14,1.0666666666666662e-05,
59,14,0.0,
60,14,0.0,
61,14,0.0,
62,14,9.999999999999996e-06,
63,14,2.933333333333332e-05,
64,14,4.3333333333333314e-05,
65,14,0.0,
66,14,0.0,
67,14,3.0666666666666655e-05,
68,14,0.0,
69,14,0.0,
70,14,0.0,
71,14,0.0,
72,14,0.0,
73,14,5.333333333333331e-06,
74,14,0.0,
75,14,0.0,
76,14,0.0,
77,14,0.0,
78,14,1.3333333333333328e-06,
79,14,8.666666666666663e-06,
80,14,0.0,
81,14,0.0,
82,14,0.0,
83,14,0.0,
84,14,0.0,
85,14,0.0,
86,14,0.0,
87,14,0.0,
88,14,0.0,
89,14,0.0,
90,14,0.0,
91,14,0.0,
92,14,0.0,
93,14,0.0,
94,14,0.0,
95,14,0.0,
96,14,0.0,
97,14,0.0,
98,14,0.0,
99,14,0.0,
100,14,0.0,
101,14,0.0,
102,14,0.0,
103,14,0.0,
104,14,0.0,
105,14,0.0,
106,14,0.0,
107,14,0.0,
108,14,0.0,
109,14,0.0,
110,14,0.0,
111,14,0.0,
112,14,0.0,
113,14,0.0,
114,14,0.0,
115,14,0.0,
116,14,0.0,
117,14,0.0,
118,14,0.0,
119,14,0.0,
120,14,0.0,
121,14,0.0,
122,14,0.0,
123,14,0.0,
124,14,0.0,
125,14,0.0,
126,14,0.0,
127,14,0.0,
0,15,0.0,
1,15,0.0,
2,15,0.0,
3,15,0.0,
4,15,0.0,
5,15,0.0,
6,15,0.0,
7,15,0.0,
8,15,0.0,
9,15,0.0,
10,15,0.0,
11,15,0.0,
12,15,0.0,
13,15,0.0,
14,15,0.0,
15,15,0.0,
16,15,0.0,
17,15,0.0,
18,15,0.0,
19,15,0.0,
20,15,0.0,
21,15,0.0,
22,15,0.0,
23,15,0.0,
24,15,0.0,
25,15,0.0,
26,15,0.0,
27,15,0.0,
28,15,0.0,
29,15,1.799999999999999e-05,
30,15,3.999999999999998e-06,
31,15,0.0,
32,15,0.0,
33,15,0.0,
34,15,0.0,
35,15,0.0,
36,15,0.0,
37,15,0.0,
38,15,0.0,
39,15,0.0,
40,15,0.0,
41,15,0.0,
42,15,0.0,
43,15,0.0,
44,15,0.0,
45,15,0.0,
46,15,0.0,
47,15,0.0,
48,15,0.0,
49,15,0.0,
50,15,0.0,
51,15,0.0,
52,15,0.0,
53,15,0.0,
54,15,0.0,
55,15,0.0,
56,15,0.0,
57,15,0.0,
58,15,3.266666666666665e-05,
59,15,0.0,
60,15,0.0,
61,15,0.0,
62,15,0.0,
63,15,5.1999999999999976e-05,
64,15,4.866666666666664e-05,
65,15,0.0,
66,15,0.0,
67,15,3.333333333333332e-06,
68,15,5.266666666666664e-05,
69,15,1.3333333333333328e-06,
70,15,0.0,
71,15,6.466666666666663e-05,
72,15,4.666666666666665e-05,
73,15,6.666666666666664e-07,
74,15,0.0,
75,15,0.0,
76,15,0.0,
77,15,0.0,
78,15,0.0,
79,15,2.6666666666666656e-06,
80,15,0.0,
81,15,0.0,
82,15,0.0,
83,15,0.0,
84,15,0.0,
85,15,0.0,
86,15,0.0,
87,15,0.0,
88,15,0.0,
89,15,0.0,
90,15,0.0,
91,15,0.0,
92,15,0.0,
93,15,0.0,
94,15,0.0,
95,15,0.0,
96,15,0.0,
97,15,0.0,
98,15,0.0,
99,15,0.0,
100,15,0.0,
101,15,0.0,
102,15,0.0,
103,15,0.0,
104,15,0.0,
105,15,0.0,
106,15,0.0,
107,15,0.0,
108,15,0.0,
109,15,0.0,
110,15,0.0,
111,15,0.0,
112,15,0.0,
113,15,0.0,
114,15,0.0,
115,15,0.0,
116,15,0.0,
117,15,0.0,
118,15,0.0,
119,15,0.0,
120,15,0.0,
121,15,0.0,
122,15,0.0,
123,15,0.0,
124,15,0.0,
125,15,0.0,
126,15,0.0,
127,15,0.0,
0,16,0.0,
1,16,0.0,
2,16,0.0,
3,16,0.0,
4,16,0.0,
5,16,0.0,
6,16,0.0,
7,16,0.0,
8,16,0.0,
9,16,0.0,
10,16,0.0,
11,16,0.0,
12,16,0.0,
13,16,0.0,
14,16,0.0,
15,16,0.0,
16,16,0.0,
17,16,0.0,
18,16,0.0,
19,16,0.0,
20,16,0.0,
21,16,0.0,
22,16,0.0,
23,16,0.0,
24,16,0.0,
25,16,0.0,
26,16,0.0,
27,16,0.0,
28,16,0.0,
29,16,0.0,
30,16,0.0,
31,16,0.0,
32,16,0.0,
33,16,0.0,
34,16,0.0,
35,16,0.0,
36,16,0.0,
37,16,0.0,
38,16,0.0,
39,16,0.0,
40,16,0.0,
41,16,0.0,
42,16,0.0,
43,16,0.0,
44,16,0.0,
45,16,0.0,
46,16,0.0,
47,16,0.0,
48,16,0.0,
49,16,0.0,
50,16,0.0,
51,16,0.0,
52,16,0.0,
53,16,0.0,
54,16,0.0,
55,16,0.0,
56,16,0.0,
57,16,6.666666666666664e-06,
58,16,3.599999999999998e-05,
59,16,0.0,
60,16,0.0,
61,16,0.0,
62,16,0.0,
63,16,0.0,
64,16,0.0,
65,16,0.0,
66,16,0.0,
67,16,1.5999999999999992e-05,
68,16,2.0666666666666656e-05,
69,16,2.0666666666666656e-05,
70,16,0.0,
71,16,4.666666666666665e-06,
72,16,0.0,
73,16,0.0,
74,16,0.0,
75,16,0.0,
76,16,0.0,
77,16,0.0,
78,16,9.33333333333333e-06,
79,16,1.266666666666666e-05,
80,16,3.999999999999998e-06,
81,16,0.0,
82,16,0.0,
83,16,0.0,
84,16,0.0,
85,16,0.0,
86,16,0.0,
87,16,0.0,
88,16,0.0,
89,16,0.0,
90,16,0.0,
91,16,0.0,
92,16,0.0,
93,16,0.0,
94,16,0.0,
95,16,0.0,
96,16,0.0,
97,16,0.0,
98,16,0.0,
99,16,0.0,
100,16,0.0,
101,16,0.0,
102,16,0.0,
103,16,0.0,
104,16,0.0,
105,16,0.0,
106,16,0.0,
107,16,0.0,
108,16,0.0,
109,16,0.0,
110,16,0.0,
111,16,0.0,
112,16,0.0,
113,16,0.0,
114,16,0.0,
115,16,0.0,
116,16,0.0,
117,16,0.0,
118,16,0.0,
119,16,0.0,
120,16,0.0,
121,16,0.0,
122,16,0.0,
123,16,0.0,
124,16,0.0,
125,16,0.0,
126,16,0.0,
127,16,0.0,
0,17,0.0,
1,17,0.0,
2,17,0.0,
3,17,0.0,
4,17,0.0,
5,17,0.0,
6,17,0.0,
7,17,0.0,
8,17,0.0,
9,17,0.0,
10,17,0.0,
11,17,0.0,
12,17,0.0,
13,17,0.0,
14,17,0.0,
15,17,0.0,
16,17,0.0,
17,17,0.0,
18,17,0.0,
19,17,0.0,
20,17,0.0,
21,17,0.0,
22,17,0.0,
23,17,0.0,
24,17,2.799999999999999e-05,
25,17,1.666666666666666e-05,
26,17,0.0,
27,17,0.0,
28,17,0.0,
29,17,0.0,
30,17,0.0,
31,17,0.0,
32,17,0.0,
33,17,0.0,
34,17,0.0,
35,17,0.0,
36,17,0.0,
37,17,0.0,
38,17,0.0,
39,17,0.0,
40,17,0.0,
41,17,0.0,
42,17,0.0,
43,17,0.0,
44,17,0.0,
45,17,0.0,
46,17,0.0,
47,17,0.0,
48,17,0.0,
49,17,0.0,
50,17,0.0,
51,17,0.0,
52,17,0.0,
53,17,0.0,
54,17,0.0,
55,17,0.0,
56,17,0.0,
57,17,2.1999999999999993e-05,
58,17,1.799999999999999e-05,
59,17,0.0,
60,17,0.0,
61,17,0.0,
62,17,0.0,
63,17,0.0,
64,17,0.0,
65,17,0.0,
66,17,0.0,
67,17,6.53333333333333e-05,
68,17,2.533333333333332e-05,
69,17,7.399999999999997e-05,
70,17,0.00010733333333333329,
71,17,2.9999999999999984e-05,
72,17,0.0,
73,17,0.0,
74,17,0.0,
75,17,0.0,
76,17,0.0,
77,17,0.0,
78,17,1.466666666666666e-05,
79,17,1.3333333333333328e-05,
80,17,2.6666666666666656e-06,
81,17,0.0,
82,17,0.0,
83,17,0.0,
84,17,0.0,
85,17,0.0,
86,17,0.0,
87,17,0.0,
88,17,0.0,
89,17,0.0,
90,17,0.0,
91,17,0.0,
92,17,0.0,
93,17,0.0,
94,17,0.0,
95,17,0.0,
96,17,0.0,
97,17,0.0,
98,17,0.0,
99,17,0.0,
100,17,0.0,
101,17,0.0,
102,17,0.0,
103,17,0.0,
104,17,0.0,
105,17,0.0,
106,17,0.0,
107,17,0.0,
108,17,0.0,
109,17,0.0,
110,17,0.0,
111,17,0.0,
112,17,0.0,
113,17,0.0,
114,17,0.0,
115,17,0.0,
116,17,0.0,
117,17,0.0,
118,17,0.0,
119,17,0.0,
120,17,0.0,
121,17,0.0,
122,17,0.0,
123,17,0.0,
124,17,0.0,
125,17,0.0,
126,17,0.0,
127,17,0.0,
0,18,0.0,
1,18,0.0,
2,18,0.0,
3,18,0.0,
4,18,0.0,
5,18,0.0,
6,18,0.0,
7,18,0.0,
8,18,0.0,
9,18,0.0,
10,18,0.0,
11,18,0.0,
12,18,0.0,
13,18,0.0,
14,18,0.0,
15,18,0.0,
16,18,0.0,
17,18,0.0,
18,18,0.0,
19,18,0.0,
20,18,0.0,
21,18,0.0,
22,18,0.0,
23,18,0.0,
24,18,0.0,
25,18,2.3333333333333326e-05,
26,18,3.999999999999998e-06,
27,18,0.0,
28,18,0.0,
29,18,0.0,
30,18,0.0,
31,18,0.0,
32,18,0.0,
33,18,0.0,
34,18,0.0,
35,18,0.0,
36,18,0.0,
37,18,0.0,
38,18,0.0,
39,18,0.0,
40,18,0.0,
41,18,0.0,
42,18,0.0,
43,18,0.0,
44,18,0.0,
45,18,0.0,
46,18,0.0,
47,18,0.0,
48,18,0.0,
49,18,0.0,
50,18,0.0,
51,18,0.0,
52,18,0.0,
53,18,0.0,
54,18,0.0,
55,18,0.0,
56,18,0.0,
57,18,8.666666666666663e-06,
58,18,7.999999999999996e-06,
59,18,0.0,
60,18,0.0,
61,18,0.0,
62,18,0.0,
63,18,0.0,
64,18,0.0,
65,18,0.0,
66,18,0.0,
67,18,7.999999999999996e-06,
68,18,0.0,
69,18,1.466666666666666e-05,
70,18,3.466666666666665e-05,
71,18,2.5999999999999988e-05,
72,18,0.0,
73,18,0.0,
74,18,0.0,
75,18,0.0,
76,18,0.0,
77,18,0.0,
78,18,3.133333333333332e-05,
79,18,3.133333333333332e-05,
80,18,2.933333333333332e-05,
81,18,0.0,
82,18,0.0,
83,18,0.0,
84,18,0.0,
85,18,0.0,
86,18,0.0,
87,18,0.0,
88,18,0.0,
89,18,0.0,
90,18,0.0,
91,18,0.0,
92,18,0.0,
93,18,0.0,
94,18,0.0,
95,18,0.0,
96,18,0.0,
97,18,0.0,
98,18,0.0,
99,18,0.0,
100,18,0.0,
101,18,0.0,
102,18,0.0,
103,18,0.0,
104,18,0.0,
105,18,0.0,
106,18,0.0,
107,18,0.0,
108,18,0.0,
109,18,0.0,
110,18,0.0,
111,18,0.0,
112,18,0.0,
113,18,0.0,
114,18,0.0,
115,18,0.0,
116,18,0.0,
117,18,0.0,
118,18,0.0,
119,18,0.0,
120,18,0.0,
121,18,0.0,
122,18,0.0,
123,18,0.0,
124,18,0.0,
125,18,0.0,
126,18,0.0,
127,18,0.0,
0,19,0.0,
1,19,0.0,
2,19,0.0,
3,19,0.0,
4,19,0.0,
5,19,0.0,
6,19,0.0,
7,19,0.0,
8,19,0.0,
9,19,0.0,
10,19,0.0,
11,19,0.0,
12,19,0.0,
13,19,0.0,
14,19,0.0,
15,19,0.0,
16,19,0.0,
17,19,0.0,
18,19,0.0,
19,19,0.0,
20,19,0.0,
21,19,0.0,
22,19,0.0,
23,19,0.0,
24,19,0.0,
25,19,0.0,
26,19,6.666666666666664e-06,
27,19,0.0,
28,19,0.0,
29,19,0.0,
30,19,0.0,
31,19,0.0,
32,19,0.0,
33,19,0.0,
34,19,0.0,
35,19,0.0,
36,19,0.0,
37,19,0.0,
38,19,0.0,
39,19,0.0,
40,19,0.0,
41,19,0.0,
42,19,0.0,
43,19,0.0,
44,19,0.0,
45,19,0.0,
46,19,0.0,
47,19,0.0,
48,19,0.0,
49,19,0.0,
50,19,0.0,
51,19,0.0,
52,19,0.0,
53,19,0.0,
54,19,0.0,
55,19,0.0,
56,19,7.999999999999996e-06,
57,19,1.799999999999999e-05,
58,19,3.333333333333332e-05,
59,19,0.0,
60,19,0.0,
61,19,0.0,
62,19,0.0,
63,19,0.0,
64,19,0.0,
65,19,2.9999999999999984e-05,
66,19,7.599999999999996e-05,
67,19,0.0,
68,19,6.799999999999996e-05,
69,19,1.5333333333333328e-05,
70,19,4.466666666666665e-05,
71,19,6.53333333333333e-05,
72,19,2.3999999999999987e-05,
73,19,0.0,
74,19,0.0,
75,19,0.0,
76,19,0.0,
77,19,0.0,
78,19,1.7333333333333325e-05,
79,19,6.199999999999998e-05,
80,19,3.399999999999998e-05,
81,19,2.733333333333332e-05,
82,19,5.333333333333331e-06,
83,19,0.0,
84,19,0.0,
85,19,0.0,
86,19,0.0,
87,19,0.0,
88,19,0.0,
89,19,0.0,
90,19,0.0,
91,19,0.0,
92,19,0.0,
93,19,0.0,
94,19,0.0,
95,19,0.0,
96,19,0.0,
97,19,0.0,
98,19,0.0,
99,19,0.0,
100,19,0.0,
101,19,0.0,
102,19,0.0,
103,19,0.0,
104,19,0.0,
105,19,0.0,
106,19,0.0,
107,19,0.0,
108,19,0.0,
109,19,0.0,
110,19,0.0,
111,19,0.0,
112,19,0.0,
113,19,0.0,
114,19,0.0,
115,19,0.0,
116,19,0.0,
117,19,0.0,
118,19,0.0,
119,19,0.0,
120,19,0.0,
121,19,0.0,
122,19,0.0,
123,19,0.0,
124,19,0.0,
125,19,0.0,
126,19,0.0,
127,19,0.0,
0,20,0.0,
1,20,0.0,
2,20,0.0,
3,20,0.0,
4,20,0.0,
5,20,0.0,
6,20,0.0,
7,20,0.0,
8,20,0.0,
9,20,0.0,
10,20,0.0,
11,20,0.0,
12,20,0.0,
13,20,0.0,
14,20,0.0,
15,20,0.0,
16,20,0.0,
17,20,0.0,
18,20,0.0,
19,20,0.0,
20,20,0.0,
21,20,0.0,
22,20,6.666666666666664e-07,
23,20,3.333333333333332e-06,
24,20,9.33333333333333e-06,
25,20,7.999999999999996e-06,
26,20,6.466666666666663e-05,
27,20,4.733333333333331e-05,
28,20,1.866666666666666e-05,
29,20,0.0,
30,20,0.0,
31,20,0.0,
32,20,0.0,
33,20,0.0,
34,20,0.0,
35,20,0.0,
36,20,0.0,
37,20,0.0,
38,20,0.0,
39,20,0.0,
40,20,0.0,
41,20,0.0,
42,20,0.0,
43,20,0.0,
44,20,0.0,
45,20,0.0,
46,20,0.0,
47,20,0.0,
48,20,0.0,
49,20,0.0,
50,20,0.0,
51,20,0.0,
52,20,0.0,
53,20,0.0,
54,20,0.0,
55,20,0.0,
56,20,2.5999999999999988e-05,
57,20,4.666666666666665e-06,
58,20,1.466666666666666e-05,
59,20,8.666666666666663e-06,
60,20,0.0,
61,20,0.0,
62,20,0.0,
63,20,0.0,
64,20,0.0,
65,20,4.933333333333331e-05,
66,20,3.599999999999998e-05,
67,20,0.0,
68,20,2.1999999999999993e-05,
69,20,0.0,
70,20,0.0,
71,20,2.3333333333333326e-05,
72,20,2.1999999999999993e-05,
73,20,0.0,
74,20,0.0,
75,20,0.0,
76,20,2.5999999999999988e-05,
77,20,0.0,
78,20,1.3333333333333328e-06,
79,20,4.133333333333331e-05,
80,20,2.6666666666666656e-05,
81,20,6.666666666666664e-07,
82,20,0.0,
83,20,0.0,
84,20,0.0,
85,20,0.0,
86,20,0.0,
87,20,0.0,
88,20,0.0,
89,20,0.0,
90,20,0.0,
91,20,0.0,
92,20,0.0,
93,20,0.0,
94,20,0.0,
95,20,0.0,
96,20,0.0,
97,20,0.0,
98,20,0.0,
99,20,0.0,
100,20,0.0,
101,20,0.0,
102,20,0.0,
103,20,0.0,
104,20,0.0,
105,20,0.0,
106,20,0.0,
107,20,0.0,
108,20,0.0,
109,20,0.0,
110,20,0.0,
111,20,0.0,
112,20,0.0,
113,20,0.0,
114,20,0.0,
115,20,0.0,
116,20,0.0,
117,20,0.0,
118,20,0.0,
119,20,0.0,
120,20,0.0,
121,20,0.0,
122,20,0.0,
123,20,0.0,
124,20,0.0,
125,20,0.0,
126,20,0.0,
127,20,0.0,
0,21,0.0,
1,21,0.0,
2,21,0.0,
3,21,0.0,
4,21,0.0,
5,21,0.0,
6,21,0.0,
7,21,0.0,
8,21,0.0,
9,21,0.0,
10,21,0.0,
11,21,0.0,
12,21,0.0,
13,21,0.0,
14,21,0.0,
15,21,0.0,
16,21,0.0,
17,21,0.0,
18,21,0.0,
19,21,0.0,
20,21,0.0,
21,21,6.666666666666664e-07,
22,21,3.266666666666665e-05,
23,21,1.666666666666666e-05,
24,21,2.6666666666666656e-06,
25,21,8.666666666666663e-06,
26,21,8.666666666666663e-06,
27,21,1.5333333333333328e-05,
28,21,0.0,
29,21,0.0,
30,21,0.0,
31,21,0.0,
32,21,0.0,
33,21,0.0,
34,21,0.0,
35,21,0.0,
36,21,0.0,
37,21,0.0,
38,21,0.0,
39,21,0.0,
40,21,0.0,
41,21,0.0,
42,21,0.0,
43,21,0.0,
44,21,0.0,
45,21,0.0,
46,21,0.0,
47,21,0.0,
48,21,0.0,
49,21,0.0,
50,21,0.0,
51,21,0.0,
52,21,0.0,
53,21,0.0,
54,21,0.0,
55,21,0.0,
56,21,0.0001146666666666666,
57,21,1.3333333333333328e-05,
58,21,2.6666666666666656e-05,
59,21,3.5333333333333316e-05,
60,21,0.0,
61,21,0.0,
62,21,0.0,
63,21,0.0,
64,21,2.2666666666666657e-05,
65,21,9.33333333333333e-06,
66,21,6.666666666666664e-06,
67,21,2.3999999999999987e-05,
68,21,1.466666666666666e-05,
69,21,0.0,
70,21,0.0,
71,21,0.0,
72,21,2.0666666666666656e-05,
73,21,2.3333333333333326e-05,
74,21,3.999999999999998e-06,
75,21,8.13333333333333e-05,
76,21,3.5333333333333316e-05,
77,21,0.0,
78,21,0.0,
79,21,1.866666666666666e-05,
80,21,1.999999999999999e-06,
81,21,3.1999999999999985e-05,
82,21,0.0,
83,21,0.0,
84,21,0.0,
85,21,0.0,
86,21,0.0,
87,21,0.0,
88,21,0.0,
89,21,0.0,
90,21,0.0,
91,21,0.0,
92,21,0.0,
93,21,0.0,
94,21,0.0,
95,21,0.0,
96,21,0.0,
97,21,0.0,
98,21,0.0,
99,21,0.0,
100,21,0.0,
101,21,0.0,
102,21,0.0,
103,21,0.0,
104,21,0.0,
105,21,0.0,
106,21,0.0,
107,21,0.0,
108,21,0.0,
109,21,0.0,
110,21,0.0,
111,21,0.0,
112,21,0.0,
113,21,0.0,
114,21,0.0,
115,21,0.0,
116,21,0.0,
117,21,0.0,
118,21,0.0,
119,21,0.0,
120,21,0.0,
121,21,0.0,
122,21,0.0,
123,21,0.0,
124,21,0.0,
125,21,0.0,
126,21,0.0,
127,21,0.0,
0,22,0.0,
1,22,0.0,
2,22,0.0,
3,22,0.0,
4,22,0.0,
5,22,0.0,
6,22,0.0,
7,22,0.0,
8,22,0.0,
9,22,0.0,
10,22,0.0,
11,22,0.0,
12,22,0.0,
13,22,0.0,
14,22,0.0,
15,22,0.0,
16,22,0.0,
17,22,0.0,
18,22,0.0,
19,22,0.0,
20,22,0.0,
21,22,0.0,
22,22,1.5333333333333328e-05,
23,22,1.799999999999999e-05,
24,22,3.0666666666666655e-05,
25,22,1.9333333333333327e-05,
26,22,1.7333333333333325e-05,
27,22,5.999999999999997e-06,
28,22,0.0,
29,22,0.0,
30,22,0.0,
31,22,1.1999999999999994e-05,
32,22,5.866666666666664e-05,
33,22,6.666666666666664e-07,
34,22,0.0,
35,22,0.0,
36,22,0.0,
37,22,0.0,
38,22,0.0,
39,22,0.0,
40,22,0.0,
41,22,0.0,
42,22,0.0,
43,22,0.0,
44,22,0.0,
45,22,0.0,
46,22,0.0,
47,22,0.0,
48,22,0.0,
49,22,0.0,
50,22,0.0,
51,22,0.0,
52,22,0.0,
53,22,0.0,
54,22,0.0,
55,22,0.0,
56,22,1.3333333333333328e-06,
57,22,1.999999999999999e-05,
58,22,1.999999999999999e-06,
59,22,2.1333333333333324e-05,
60,22,3.5333333333333316e-05,
61,22,0.0,
62,22,0.0,
63,22,0.0,
64,22,1.466666666666666e-05,
65,22,2.3999999999999987e-05,
66,22,2.533333333333332e-05,
67,22,1.3999999999999995e-05,
68,22,2.1999999999999993e-05,
69,22,0.0,
70,22,0.0,
71,22,0.0,
72,22,2.2666666666666657e-05,
73,22,1.999999999999999e-05,
74,22,0.00010399999999999995,
75,22,7.599999999999996e-05,
76,22,4.466666666666665e-05,
77,22,0.0,
78,22,0.0,
79,22,3.999999999999998e-06,
80,22,1.3999999999999995e-05,
81,22,1.266666666666666e-05,
82,22,0.0,
83,22,3.999999999999998e-06,
84,22,4.1999999999999984e-05,
85,22,1.9333333333333327e-05,
86,22,0.0,
87,22,0.0,
88,22,0.0,
89,22,0.0,
90,22,0.0,
91,22,0.0,
92,22,0.0,
93,22,0.0,
94,22,0.0,
95,22,0.0,
96,22,0.0,
97,22,0.0,
98,22,0.0,
99,22,0.0,
100,22,0.0,
101,22,0.0,
102,22,0.0,
103,22,0.0,
104,22,0.0,
105,22,0.0,
106,22,0.0,
107,22,0.0,
108,22,0.0,
109,22,0.0,
110,22,0.0,
111,22,0.0,
112,22,0.0,
113,22,0.0,
114,22,0.0,
115,22,0.0,
116,22,0.0,
117,22,0.0,
118,22,0.0,
119,22,0.0,
120,22,0.0,
121,22,0.0,
122,22,0.0,
123,22,0.0,
124,22,0.0,
125,22,0.0,
126,22,0.0,
127,22,0.0,
0,23,0.0,
1,23,0.0,
2,23,0.0,
3,23,7.999999999999996e-06,
4,23,0.0,
5,23,0.0,
6,23,0.0,
7,23,0.0,
8,23,0.0,
9,23,0.0,
10,23,0.0,
11,23,0.0,
12,23,0.0,
13,23,0.0,
14,23,0.0,
15,23,0.0,
16,23,0.0,
17,23,0.0,
18,23,0.0,
19,23,0.0,
20,23,0.0,
21,23,0.0,
22,23,0.0,
23,23,1.666666666666666e-05,
24,23,1.866666666666666e-05,
25,23,1.3999999999999995e-05,
26,23,1.5333333333333328e-05,
27,23,2.1999999999999993e-05,
28,23,0.0,
29,23,0.0,
30,23,0.0,
31,23,2.1999999999999993e-05,
32,23,6.93333333333333e-05,
33,23,5.999999999999997e-06,
34,23,0.0,
35,23,0.0,
36,23,0.0,
37,23,0.0,
38,23,0.0,
39,23,0.0,
40,23,0.0,
41,23,0.0,
42,23,0.0,
43,23,0.0,
44,23,0.0,
45,23,0.0,
46,23,0.0,
47,23,0.0,
48,23,0.0,
49,23,0.0,
50,23,0.0,
51,23,0.0,
52,23,0.0,
53,23,0.0,
54,23,0.0,
55,23,0.0,
56,23,0.0,
57,23,7.33333333333333e-06,
58,23,1.5333333333333328e-05,
59,23,3.333333333333332e-05,
60,23,3.333333333333332e-06,
61,23,0.0,
62,23,0.0,
63,23,0.0,
64,23,6.666666666666664e-06,
65,23,1.7333333333333325e-05,
66,23,4.3333333333333314e-05,
67,23,1.1333333333333329e-05,
68,23,1.3333333333333328e-05,
69,23,0.0,
70,23,0.0,
71,23,0.0,
72,23,1.3333333333333328e-05,
73,23,6.666666666666664e-07,
74,23,8.13333333333333e-05,
75,23,2.533333333333332e-05,
76,23,5.333333333333331e-05,
77,23,2.1999999999999993e-05,
78,23,0.0,
79,23,0.0,
80,23,0.0,
81,23,2.9999999999999984e-05,
82,23,7.33333333333333e-06,
83,23,5.999999999999997e-06,
84,23,1.866666666666666e-05,
85,23,7.33333333333333e-06,
86,23,0.0,
87,23,0.0,
88,23,0.0,
89,23,0.0,
90,23,0.0,
91,23,0.0,
92,23,0.0,
93,23,0.0,
94,23,0.0,
95,23,0.0,
96,23,0.0,
97,23,0.0,
98,23,0.0,
99,23,0.0,
100,23,0.0,
101,23,0.0,
102,23,0.0,
103,23,0.0,
104,23,0.0,
105,23,0.0,
106,23,0.0,
107,23,0.0,
108,23,0.0,
109,23,0.0,
110,23,0.0,
111,23,0.0,
112,23,0.0,
113,23,0.0,
114,23,0.0,
115,23,0.0,
116,23,0.0,
117,23,0.0,
118,23,0.0,
119,23,0.0,
120,23,0.0,
121,23,0.0,
122,23,0.0,
123,23,0.0,
124,23,0.0,
125,23,0.0,
126,23,0.0,
127,23,0.0,
0,24,0.0,
1,24,0.0,
2,24,0.0,
3,24,1.3333333333333328e-06,
4,24,5.333333333333331e-06,
5,24,1.999999999999999e-06,
6,24,1.9333333333333327e-05,
7,24,0.0,
8,24,0.0,
9,24,0.0,
10,24,0.0,
11,24,0.0,
12,24,0.0,
13,24,0.0,
14,24,0.0,
15,24,0.0,
16,24,0.0,
17,24,0.0,
18,24,0.0,
19,24,0.0,
20,24,0.0,
21,24,0.0,
22,24,0.0,
23,24,3.333333333333332e-05,
24,24,3.999999999999998e-06,
25,24,1.5999999999999992e-05,
26,24,1.1333333333333329e-05,
27,24,1.799999999999999e-05,
28,24,1.999999999999999e-06,
29,24,0.0,
30,24,0.0,
31,24,0.0,
32,24,0.00011999999999999994,
33,24,5.266666666666664e-05,
34,24,9.33333333333333e-06,
35,24,5.333333333333331e-06,
36,24,0.0,
37,24,0.0,
38,24,0.0,
39,24,0.0,
40,24,0.0,
41,24,0.0,
42,24,0.0,
43,24,0.0,
44,24,0.0,
45,24,0.0,
46,24,0.0,
47,24,0.0,
48,24,0.0,
49,24,0.0,
50,24,0.0,
51,24,0.0,
52,24,0.0,
53,24,0.0,
54,24,0.0,
55,24,0.0,
56,24,0.0,
57,24,0.0,
58,24,2.2666666666666657e-05,
59,24,1.266666666666666e-05,
60,24,0.0,
61,24,0.0,
62,24,0.0,
63,24,0.0,
64,24,6.666666666666664e-06,
65,24,3.999999999999998e-06,
66,24,0.0,
67,24,5.999999999999997e-06,
68,24,1.9333333333333327e-05,
69,24,0.0,
70,24,0.0,
71,24,0.0,
72,24,5.333333333333331e-06,
73,24,9.999999999999996e-06,
74,24,1.999999999999999e-05,
75,24,3.333333333333332e-06,
76,24,4.933333333333331e-05,
77,24,0.0,
78,24,1.3333333333333328e-06,
79,24,0.0,
80,24,0.0,
81,24,5.599999999999998e-05,
82,24,1.3333333333333328e-06,
83,24,0.0,
84,24,0.0,
85,24,1.3333333333333328e-06,
86,24,0.0,
87,24,0.0,
88,24,0.0,
89,24,0.0,
90,24,0.0,
91,24,0.0,
92,24,0.0,
93,24,0.0,
94,24,0.0,
95,24,0.0,
96,24,0.0,
97,24,0.0,
98,24,0.0,
99,24,0.0,
100,24,0.0,
101,24,0.0,
102,24,0.0,
103,24,0.0,
104,24,0.0,
105,24,0.0,
106,24,0.0,
107,24,0.0,
108,24,0.0,
109,24,0.0,
110,24,0.0,
111,24,0.0,
112,24,1.999999999999999e-06,
113,24,1.3333333333333328e-06,
114,24,0.0,
115,24,0.0,
116,24,0.0,
117,24,0.0,
118,24,0.0,
119,24,0.0,
120,24,6.666666666666664e-07,
121,24,3.333333333333332e-06,
122,24,1.3333333333333328e-06,
123,24,1.999999999999999e-06,
124,24,0.0,
125,24,0.0,
126,24,0.0,
127,24,0.0,
0,25,0.0,
1,25,0.0,
2,25,0.0,
3,25,0.0,
4,25,1.999999999999999e-06,
5,25,1.5333333333333328e-05,
6,25,1.1333333333333329e-05,
7,25,4.133333333333331e-05,
8,25,1.3333333333333328e-06,
9,25,0.0,
10,25,0.0,
11,25,0.0,
12,25,0.0,
13,25,0.0,
14,25,0.0,
15,25,0.0,
16,25,0.0,
17,25,0.0,
18,25,0.0,
19,25,0.0,
20,25,0.0,
21,25,0.0,
22,25,0.0,
23,25,0.0,
24,25,1.1999999999999994e-05,
25,25,3.133333333333332e-05,
26,25,1.466666666666666e-05,
27,25,3.999999999999998e-05,
28,25,6.666666666666664e-06,
29,25,1.866666666666666e-05,
30,25,0.00016399999999999992,
31,25,0.0,
32,25,6.93333333333333e-05,
33,25,0.0,
34,25,1.866666666666666e-05,
35,25,4.666666666666665e-06,
36,25,2.6666666666666656e-06,
37,25,7.399999999999997e-05,
38,25,0.0,
39,25,0.0,
40,25,0.0,
41,25,0.0,
42,25,0.0,
43,25,0.0,
44,25,0.0,
45,25,0.0,
46,25,0.0,
47,25,0.0,
48,25,0.0,
49,25,0.0,
50,25,0.0,
51,25,0.0,
52,25,2.6666666666666656e-06,
53,25,9.33333333333333e-06,
54,25,8.666666666666663e-06,
55,25,0.0,
56,25,0.0,
57,25,0.0,
58,25,1.5333333333333328e-05,
59,25,9.33333333333333e-06,
60,25,0.0,
61,25,0.0,
62,25,0.0,
63,25,0.0,
64,25,0.0,
65,25,1.3333333333333328e-06,
66,25,6.666666666666664e-07,
67,25,2.533333333333332e-05,
68,25,1.3333333333333328e-05,
69,25,0.0,
70,25,2.1333333333333324e-05,
71,25,0.0,
72,25,6.666666666666664e-07,
73,25,4.599999999999998e-05,
74,25,3.333333333333332e-06,
75,25,0.0,
76,25,3.599999999999998e-05,
77,25,0.0,
78,25,4.3999999999999985e-05,
79,25,3.599999999999998e-05,
80,25,4.5333333333333315e-05,
81,25,3.866666666666665e-05,
82,25,9.33333333333333e-06,
83,25,0.0,
84,25,0.0,
85,25,4.666666666666665e-06,
86,25,1.3333333333333328e-06,
87,25,0.0,
88,25,0.0,
89,25,0.0,
90,25,0.0,
91,25,0.0,
92,25,0.0,
93,25,0.0,
94,25,0.0,
95,25,0.0,
96,25,0.0,
97,25,0.0,
98,25,0.0,
99,25,0.0,
100,25,0.0,
101,25,0.0,
102,25,0.0,
103,25,0.0,
104,25,0.0,
105,25,0.0,
106,25,0.0,
107,25,0.0,
108,25,5.999999999999997e-06,
109,25,0.0,
110,25,0.0,
111,25,0.0,
112,25,1.266666666666666e-05,
113,25,1.666666666666666e-05,
114,25,2.0666666666666656e-05,
115,25,0.0,
116,25,0.0,
117,25,0.0,
118,25,0.0,
119,25,2.6666666666666656e-06,
120,25,1.1999999999999994e-05,
121,25,0.0,
122,25,0.0,
123,25,1.1333333333333329e-05,
124,25,0.0,
125,25,0.0,
126,25,0.0,
127,25,0.0,
0,26,0.0,
1,26,0.0,
2,26,0.0,
3,26,0.0,
4,26,5.333333333333331e-06,
5,26,6.666666666666664e-06,
6,26,1.1999999999999994e-05,
7,26,1.999999999999999e-05,
8,26,1.999999999999999e-06,
9,26,0.0,
10,26,0.0,
11,26,0.0,
12,26,0.0,
13,26,0.0,
14,26,0.0,
15,26,0.0,
16,26,0.0,
17,26,4.933333333333331e-05,
18,26,0.0,
19,26,0.0,
20,26,0.0,
21,26,0.0,
22,26,0.0,
23,26,0.0,
24,26,8.666666666666663e-06,
25,26,3.599999999999998e-05,
26,26,0.0,
27,26,1.999999999999999e-05,
28,26,1.999999999999999e-06,
29,26,0.0,
30,26,3.666666666666665e-05,
31,26,0.0,
32,26,0.0,
33,26,0.0,
34,26,4.5333333333333315e-05,
35,26,6.666666666666664e-07,
36,26,1.0666666666666662e-05,
37,26,0.0,
38,26,0.0,
39,26,0.0,
40,26,0.0,
41,26,0.0,
42,26,0.0,
43,26,0.0,
44,26,0.0,
45,26,0.0,
46,26,0.0,
47,26,0.0,
48,26,0.0,
49,26,0.0,
50,26,0.0,
51,26,0.0,
52,26,6.666666666666664e-07,
53,26,3.999999999999998e-06,
54,26,1.3333333333333328e-06,
55,26,0.0,
56,26,0.0,
57,26,0.0,
58,26,6.666666666666664e-06,
59,26,1.1999999999999994e-05,
60,26,0.0,
61,26,0.0,
62,26,0.0,
63,26,0.0,
64,26,0.0,
65,26,0.0,
66,26,8.666666666666663e-06,
67,26,1.5333333333333328e-05,
68,26,2.5999999999999988e-05,
69,26,8.666666666666663e-06,
70,26,1.5333333333333328e-05,
71,26,0.0,
72,26,2.4666666666666655e-05,
73,26,3.866666666666665e-05,
74,26,3.999999999999998e-06,
75,26,2.6666666666666656e-06,
76,26,4.133333333333331e-05,
77,26,1.3999999999999995e-05,
78,26,0.0,
79,26,6.733333333333331e-05,
80,26,0.00011399999999999995,
81,26,5.266666666666664e-05,
82,26,0.0,
83,26,0.0,
84,26,0.0,
85,26,1.999999999999999e-05,
86,26,3.333333333333332e-06,
87,26,4.733333333333331e-05,
88,26,0.0,
89,26,0.0,
90,26,0.0,
91,26,0.0,
92,26,0.0,
93,26,0.0,
94,26,0.0,
95,26,0.0,
96,26,0.0,
97,26,0.0,
98,26,0.0,
99,26,0.0,
100,26,0.0,
101,26,0.0,
102,26,0.0,
103,26,0.0,
104,26,0.0,
105,26,0.0,
106,26,0.0,
107,26,7.33333333333333e-06,
108,26,1.7333333333333325e-05,
109,26,0.0,
110,26,0.0,
111,26,0.0,
112,26,7.999999999999996e-06,
113,26,1.7333333333333325e-05,
114,26,2.1333333333333324e-05,
115,26,1.266666666666666e-05,
116,26,2.799999999999999e-05,
117,26,0.0,
118,26,0.0,
119,26,2.1999999999999993e-05,
120,26,4.466666666666665e-05,
121,26,0.0,
122,26,0.0,
123,26,1.5333333333333328e-05,
124,26,1.9333333333333327e-05,
125,26,0.0,
126,26,0.0,
127,26,0.0,
0,27,0.0,
1,27,0.0,
2,27,0.0,
3,27,0.0,
4,27,0.0,
5,27,1.666666666666666e-05,
6,27,1.5999999999999992e-05,
7,27,1.866666666666666e-05,
8,27,9.999999999999996e-06,
9,27,0.0,
10,27,0.0,
11,27,0.0,
12,27,0.0,
13,27,0.0,
14,27,6.666666666666664e-07,
15,27,0.0,
16,27,0.0,
17,27,3.733333333333332e-05,
18,27,0.0,
19,27,0.0,
20,27,0.0,
21,27,0.0,
22,27,0.0,
23,27,2.0666666666666656e-05,
24,27,6.666666666666664e-07,
25,27,0.0,
26,27,0.0,
27,27,8.466666666666663e-05,
28,27,1.0666666666666662e-05,
29,27,1.1999999999999994e-05,
30,27,1.5999999999999992e-05,
31,27,5.93333333333333e-05,
32,27,9.466666666666662e-05,
33,27,0.0,
34,27,7.999999999999996e-06,
35,27,3.999999999999998e-06,
36,27,1.466666666666666e-05,
37,27,0.0,
38,27,0.0,
39,27,0.0,
40,27,0.0,
41,27,0.0,
42,27,0.0,
43,27,0.0,
44,27,0.0,
45,27,0.0,
46,27,0.0,
47,27,0.0,
48,27,0.0,
49,27,1.999999999999999e-06,
50,27,0.0,
51,27,4.666666666666665e-06,
52,27,1.999999999999999e-06,
53,27,3.399999999999998e-05,
54,27,0.0,
55,27,0.0,
56,27,0.0,
57,27,0.0,
58,27,0.0,
59,27,2.6666666666666656e-06,
60,27,0.0,
61,27,0.0,
62,27,0.0,
63,27,3.999999999999998e-06,
64,27,0.0,
65,27,0.0,
66,27,3.799999999999998e-05,
67,27,1.5999999999999992e-05,
68,27,3.733333333333332e-05,
69,27,3.1999999999999985e-05,
70,27,3.1999999999999985e-05,
71,27,0.0,
72,27,3.1999999999999985e-05,
73,27,0.00010333333333333329,
74,27,7.799999999999997e-05,
75,27,1.666666666666666e-05,
76,27,2.2666666666666657e-05,
77,27,7.999999999999996e-06,
78,27,6.666666666666664e-06,
79,27,7.399999999999997e-05,
80,27,6.466666666666663e-05,
81,27,1.866666666666666e-05,
82,27,0.0,
83,27,0.0,
84,27,0.0,
85,27,0.0,
86,27,0.0,
87,27,0.0,
88,27,0.0,
89,27,0.0,
90,27,0.0,
91,27,0.0,
92,27,0.0,
93,27,0.0,
94,27,0.0,
95,27,0.0,
96,27,0.0,
97,27,0.0,
98,27,0.0,
99,27,0.0,
100,27,0.0,
101,27,0.0,
102,27,0.0,
103,27,0.0,
104,27,0.0,
105,27,0.0,
106,27,0.0,
107,27,1.3999999999999995e-05,
108,27,1.999999999999999e-05,
109,27,0.0,
110,27,0.0,
111,27,0.0,
112,27,0.0,
113,27,8.666666666666663e-06,
114,27,2.533333333333332e-05,
115,27,1.3333333333333328e-06,
116,27,1.5333333333333328e-05,
117,27,5.333333333333331e-06,
118,27,0.0,
119,27,5.333333333333331e-06,
120,27,1.866666666666666e-05,
121,27,0.0,
122,27,0.0,
123,27,9.33333333333333e-06,
124,27,2.866666666666665e-05,
125,27,0.0,
126,27,0.0001506666666666666,
127,27,0.0,
0,28,0.0,
1,28,0.0,
2,28,0.0,
3,28,0.0,
4,28,0.0,
5,28,1.7333333333333325e-05,
6,28,2.0666666666666656e-05,
7,28,6.666666666666664e-06,
8,28,1.0666666666666662e-05,
9,28,9.33333333333333e-06,
10,28,0.0,
11,28,0.0,
12,28,0.0,
13,28,1.266666666666666e-05,
14,28,1.466666666666666e-05,
15,28,3.333333333333332e-06,
16,28,1.666666666666666e-05,
17,28,4.666666666666665e-06,
18,28,0.0,
19,28,0.0,
20,28,0.0,
21,28,0.0,
22,28,0.0,
23,28,4.733333333333331e-05,
24,28,3.999999999999998e-06,
25,28,0.0,
26,28,0.0,
27,28,0.0,
28,28,4.866666666666664e-05,
29,28,8.666666666666663e-06,
30,28,1.5999999999999992e-05,
31,28,1.666666666666666e-05,
32,28,1.9333333333333327e-05,
33,28,0.0,
34,28,0.0,
35,28,0.0,
36,28,5.266666666666664e-05,
37,28,2.6666666666666656e-06,
38,28,0.0,
39,28,0.0,
40,28,7.399999999999997e-05,
41,28,0.0,
42,28,0.0,
43,28,0.0,
44,28,0.0,
45,28,0.0,
46,28,0.0,
47,28,0.0,
48,28,8.666666666666663e-06,
49,28,1.866666666666666e-05,
50,28,6.666666666666664e-06,
51,28,8.666666666666663e-06,
52,28,0.0,
53,28,2.9999999999999984e-05,
54,28,0.0,
55,28,0.0,
56,28,0.0,
57,28,0.0,
58,28,0.0,
59,28,0.0,
60,28,0.0,
61,28,0.0,
62,28,0.0,
63,28,1.3333333333333328e-05,
64,28,6.666666666666664e-06,
65,28,0.0,
66,28,1.5999999999999992e-05,
67,28,3.866666666666665e-05,
68,28,6.53333333333333e-05,
69,28,9.933333333333329e-05,
70,28,6.466666666666663e-05,
71,28,8.666666666666663e-06,
72,28,3.399999999999998e-05,
73,28,0.00015866666666666658,
74,28,3.666666666666665e-05,
75,28,3.333333333333332e-05,
76,28,6.666666666666664e-07,
77,28,2.1333333333333324e-05,
78,28,1.3999999999999995e-05,
79,28,1.666666666666666e-05,
80,28,3.399999999999998e-05,
81,28,1.0666666666666662e-05,
82,28,0.0,
83,28,0.0,
84,28,0.0,
85,28,0.0,
86,28,0.0,
87,28,0.0,
88,28,0.0,
89,28,0.0,
90,28,0.0,
91,28,0.0,
92,28,0.0,
93,28,0.0,
94,28,0.0,
95,28,0.0,
96,28,0.0,
97,28,0.0,
98,28,0.0,
99,28,0.0,
100,28,0.0,
101,28,0.0,
102,28,0.0,
103,28,0.0,
104,28,0.0,
105,28,0.0,
106,28,2.533333333333332e-05,
107,28,2.0666666666666656e-05,
108,28,4.466666666666665e-05,
109,28,0.0,
110,28,0.0,
111,28,1.799999999999999e-05,
112,28,6.666666666666664e-07,
113,28,1.7333333333333325e-05,
114,28,3.399999999999998e-05,
115,28,0.0,
116,28,1.7333333333333325e-05,
117,28,2.6666666666666656e-05,
118,28,1.999999999999999e-05,
119,28,0.00011599999999999993,
120,28,0.0,
121,28,0.0,
122,28,1.5333333333333328e-05,
123,28,6.666666666666664e-06,
124,28,1.666666666666666e-05,
125,28,2.5999999999999988e-05,
126,28,6.466666666666663e-05,
127,28,5.466666666666664e-05,
0,29,0.0,
1,29,0.0,
2,29,0.0,
3,29,0.0,
4,29,0.0,
5,29,0.0,
6,29,1.7333333333333325e-05,
7,29,5.999999999999997e-06,
8,29,5.333333333333331e-06,
9,29,1.3333333333333328e-06,
10,29,0.0,
11,29,0.0,
12,29,0.0,
13,29,2.6666666666666656e-06,
14,29,8.666666666666663e-06,
15,29,7.33333333333333e-06,
16,29,2.866666666666665e-05,
17,29,2.3333333333333326e-05,
18,29,2.0666666666666656e-05,
19,29,0.0,
20,29,0.0,
21,29,0.0,
22,29,0.0,
23,29,3.0666666666666655e-05,
24,29,4.666666666666665e-06,
25,29,7.33333333333333e-06,
26,29,2.799999999999999e-05,
27,29,0.0,
28,29,0.0,
29,29,0.0,
30,29,1.866666666666666e-05,
31,29,4.666666666666665e-05,
32,29,4.5333333333333315e-05,
33,29,6.466666666666663e-05,
34,29,0.0,
35,29,0.0,
36,29,2.6666666666666656e-06,
37,29,0.0,
38,29,0.0,
39,29,0.0,
40,29,2.1333333333333324e-05,
41,29,0.0,
42,29,0.0,
43,29,0.0,
44,29,0.0,
45,29,0.0,
46,29,0.0,
47,29,0.0,
48,29,1.3999999999999995e-05,
49,29,0.0,
50,29,5.333333333333331e-06,
51,29,2.6666666666666656e-06,
52,29,0.0,
53,29,5.999999999999997e-06,
54,29,0.0,
55,29,0.0,
56,29,0.0,
57,29,0.0,
58,29,0.0,
59,29,0.0,
60,29,1.3333333333333328e-06,
61,29,1.1333333333333329e-05,
62,29,1.3333333333333328e-05,
63,29,1.9333333333333327e-05,
64,29,2.3333333333333326e-05,
65,29,5.1999999999999976e-05,
66,29,3.1999999999999985e-05,
67,29,2.733333333333332e-05,
68,29,6.799999999999996e-05,
69,29,9.13333333333333e-05,
70,29,6.199999999999998e-05,
71,29,2.1333333333333324e-05,
72,29,5.73333333333333e-05,
73,29,3.799999999999998e-05,
74,29,0.0001486666666666666,
75,29,1.0666666666666662e-05,
76,29,2.6666666666666656e-06,
77,29,5.73333333333333e-05,
78,29,3.599999999999998e-05,
79,29,1.7333333333333325e-05,
80,29,0.0,
81,29,0.0,
82,29,0.0,
83,29,0.0,
84,29,0.0,
85,29,0.0,
86,29,0.0,
87,29,0.0,
88,29,0.0,
89,29,0.0,
90,29,0.0,
91,29,0.0,
92,29,0.0,
93,29,0.0,
94,29,0.0,
95,29,0.0,
96,29,0.0,
97,29,0.0,
98,29,0.0,
99,29,0.0,
100,29,0.0,
101,29,0.0,
102,29,0.0,
103,29,0.0,
104,29,0.0,
105,29,0.0,
106,29,0.0,
107,29,2.6666666666666656e-05,
108,29,1.999999999999999e-05,
109,29,1.3333333333333328e-06,
110,29,0.0,
111,29,1.1999999999999994e-05,
112,29,1.5333333333333328e-05,
113,29,4.666666666666665e-06,
114,29,1.866666666666666e-05,
115,29,3.999999999999998e-06,
116,29,1.5999999999999992e-05,
117,29,2.4666666666666655e-05,
118,29,2.533333333333332e-05,
119,29,7.933333333333329e-05,
120,29,6.666666666666664e-06,
121,29,0.0,
122,29,6.33333333333333e-05,
123,29,3.399999999999998e-05,
124,29,1.799999999999999e-05,
125,29,9.999999999999996e-06,
126,29,1.866666666666666e-05,
127,29,1.3333333333333328e-06,
0,30,0.0,
1,30,0.0,
2,30,0.0,
3,30,0.0,
4,30,0.0,
5,30,0.0,
6,30,0.0,
7,30,0.0,
8,30,0.0,
9,30,6.666666666666664e-07,
10,30,0.0,
11,30,0.0,
12,30,0.0,
13,30,0.0,
14,30,0.0,
15,30,5.333333333333331e-06,
16,30,6.133333333333331e-05,
17,30,1.666666666666666e-05,
18,30,0.0,
19,30,0.0,
20,30,0.0,
21,30,0.0,
22,30,0.0,
23,30,6.466666666666663e-05,
24,30,6.666666666666664e-06,
25,30,1.3333333333333328e-05,
26,30,1.999999999999999e-05,
27,30,1.5333333333333328e-05,
28,30,0.0,
29,30,1.799999999999999e-05,
30,30,2.1333333333333324e-05,
31,30,4.066666666666665e-05,
32,30,3.0666666666666655e-05,
33,30,9.066666666666663e-05,
34,30,6.666666666666664e-07,
35,30,0.0,
36,30,0.0,
37,30,0.0,
38,30,0.0,
39,30,0.0,
40,30,5.999999999999997e-06,
41,30,0.0,
42,30,0.0,
43,30,1.1999999999999994e-05,
44,30,7.33333333333333e-06,
45,30,0.0,
46,30,0.0,
47,30,0.0,
48,30,3.133333333333332e-05,
49,30,1.266666666666666e-05,
50,30,2.3999999999999987e-05,
51,30,5.266666666666664e-05,
52,30,1.666666666666666e-05,
53,30,8.666666666666663e-06,
54,30,0.0,
55,30,0.0,
56,30,6.666666666666664e-07,
57,30,0.0,
58,30,1.5999999999999992e-05,
59,30,0.0,
60,30,2.6666666666666656e-06,
61,30,1.3333333333333328e-06,
62,30,4.666666666666665e-06,
63,30,4.066666666666665e-05,
64,30,1.1333333333333329e-05,
65,30,9.399999999999995e-05,
66,30,6.666666666666664e-07,
67,30,3.333333333333332e-05,
68,30,1.7333333333333325e-05,
69,30,6.799999999999996e-05,
70,30,5.999999999999997e-05,
71,30,1.0666666666666662e-05,
72,30,3.266666666666665e-05,
73,30,9.999999999999995e-05,
74,30,2.9999999999999984e-05,
75,30,9.533333333333328e-05,
76,30,1.9333333333333327e-05,
77,30,2.733333333333332e-05,
78,30,0.00010333333333333329,
79,30,5.466666666666664e-05,
80,30,0.0,
81,30,0.0,
82,30,0.0,
83,30,0.0,
84,30,0.0,
85,30,0.0,
86,30,0.0,
87,30,0.0,
88,30,0.0,
89,30,0.0,
90,30,0.0,
91,30,0.0,
92,30,0.0,
93,30,0.0,
94,30,0.0,
95,30,0.0,
96,30,0.0,
97,30,0.0,
98,30,0.0,
99,30,0.0,
100,30,0.0,
101,30,0.0,
102,30,0.0,
103,30,0.0,
104,30,0.0,
105,30,0.0,
106,30,0.0,
107,30,0.0,
108,30,0.0,
109,30,3.733333333333332e-05,
110,30,0.0,
111,30,1.5999999999999992e-05,
112,30,1.3333333333333328e-05,
113,30,2.6666666666666656e-06,
114,30,4.666666666666665e-06,
115,30,4.599999999999998e-05,
116,30,3.266666666666665e-05,
117,30,2.3999999999999987e-05,
118,30,6.53333333333333e-05,
119,30,4.599999999999998e-05,
120,30,3.1999999999999985e-05,
121,30,2.1999999999999993e-05,
122,30,0.0001686666666666666,
123,30,0.00015533333333333328,
124,30,5.6666666666666644e-05,
125,30,2.3999999999999987e-05,
126,30,1.7333333333333325e-05,
127,30,3.333333333333332e-06,
0,31,0.0,
1,31,0.0,
2,31,0.0,
3,31,0.0,
4,31,7.33333333333333e-06,
5,31,0.0,
6,31,0.0,
7,31,0.0,
8,31,0.0,
9,31,2.3333333333333326e-05,
10,31,0.0,
11,31,0.0,
12,31,0.0,
13,31,0.0,
14,31,0.0,
15,31,0.0,
16,31,5.999999999999997e-06,
17,31,1.3333333333333328e-05,
18,31,0.0,
19,31,0.0,
20,31,0.0,
21,31,0.0,
22,31,0.0,
23,31,0.0,
24,31,2.6666666666666656e-06,
25,31,5.999999999999997e-06,
26,31,1.999999999999999e-05,
27,31,1.3333333333333328e-05,
28,31,6.999999999999997e-05,
29,31,3.0666666666666655e-05,
30,31,0.0,
31,31,2.733333333333332e-05,
32,31,2.1333333333333324e-05,
33,31,3.933333333333331e-05,
34,31,7.33333333333333e-06,
35,31,1.999999999999999e-06,
36,31,0.0001286666666666666,
37,31,7.33333333333333e-06,
38,31,0.0,
39,31,0.0,
40,31,2.6666666666666656e-06,
41,31,0.0,
42,31,3.933333333333331e-05,
43,31,1.9333333333333327e-05,
44,31,2.6666666666666656e-06,
45,31,0.0,
46,31,0.0,
47,31,0.0,
48,31,0.0,
49,31,0.0,
50,31,7.999999999999996e-06,
51,31,2.9999999999999984e-05,
52,31,2.733333333333332e-05,
53,31,2.4666666666666655e-05,
54,31,0.0,
55,31,0.0,
56,31,4.666666666666665e-06,
57,31,0.0,
58,31,2.0666666666666656e-05,
59,31,1.1999999999999994e-05,
60,31,1.5999999999999992e-05,
61,31,1.3333333333333328e-06,
62,31,2.533333333333332e-05,
63,31,6.399999999999997e-05,
64,31,9.33333333333333e-06,
65,31,1.0666666666666662e-05,
66,31,1.3999999999999995e-05,
67,31,8.13333333333333e-05,
68,31,1.5999999999999992e-05,
69,31,0.00011666666666666661,
70,31,8.199999999999996e-05,
71,31,2.1333333333333324e-05,
72,31,8.199999999999996e-05,
73,31,0.0001786666666666666,
74,31,4.266666666666665e-05,
75,31,7.066666666666663e-05,
76,31,1.9333333333333327e-05,
77,31,2.4666666666666655e-05,
78,31,3.0666666666666655e-05,
79,31,9.999999999999995e-05,
80,31,0.0,
81,31,0.0,
82,31,0.0,
83,31,0.0,
84,31,0.0,
85,31,0.0,
86,31,0.0,
87,31,0.0,
88,31,0.0,
89,31,0.0,
90,31,0.0,
91,31,0.0,
92,31,0.0,
93,31,0.0,
94,31,0.0,
95,31,0.0,
96,31,0.0,
97,31,0.0,
98,31,0.0,
99,31,0.0,
100,31,0.0,
101,31,0.0,
102,31,0.0,
103,31,0.0,
104,31,0.0,
105,31,0.0,
106,31,0.0,
107,31,0.0,
108,31,0.0,
109,31,2.5999999999999988e-05,
110,31,0.0,
111,31,1.799999999999999e-05,
112,31,6.733333333333331e-05,
113,31,3.5333333333333316e-05,
114,31,5.333333333333331e-05,
115,31,2.3999999999999987e-05,
116,31,0.0,
117,31,0.0,
118,31,8.199999999999996e-05,
119,31,3.933333333333331e-05,
120,31,3.466666666666665e-05,
121,31,8.93333333333333e-05,
122,31,1.799999999999999e-05,
123,31,1.466666666666666e-05,
124,31,6.799999999999996e-05,
125,31,2.933333333333332e-05,
126,31,4.133333333333331e-05,
127,31,2.4666666666666655e-05,
0,32,0.0,
1,32,0.0,
2,32,0.0,
3,32,0.0,
4,32,1.0666666666666662e-05,
5,32,6.666666666666664e-06,
6,32,0.0,
7,32,0.0,
8,32,0.0,
9,32,0.0,
10,32,0.0,
11,32,0.0,
12,32,0.0,
13,32,0.0,
14,32,0.0,
15,32,0.0,
16,32,0.0,
17,32,0.0,
18,32,0.0,
19,32,0.0,
20,32,0.0,
21,32,3.999999999999998e-06,
22,32,0.0,
23,32,0.0,
24,32,0.0,
25,32,0.0,
26,32,2.0666666666666656e-05,
27,32,1.9333333333333327e-05,
28,32,1.3333333333333328e-05,
29,32,2.5999999999999988e-05,
30,32,0.0,
31,32,0.0,
32,32,2.933333333333332e-05,
33,32,2.6666666666666656e-05,
34,32,2.9999999999999984e-05,
35,32,3.5333333333333316e-05,
36,32,2.4666666666666655e-05,
37,32,2.1999999999999993e-05,
38,32,3.599999999999998e-05,
39,32,1.3333333333333328e-05,
40,32,9.33333333333333e-06,
41,32,0.0,
42,32,1.5333333333333328e-05,
43,32,3.133333333333332e-05,
44,32,2.6666666666666656e-05,
45,32,3.133333333333332e-05,
46,32,0.0,
47,32,0.0,
48,32,0.0,
49,32,6.666666666666664e-06,
50,32,7.33333333333333e-06,
51,32,1.999999999999999e-06,
52,32,0.0,
53,32,0.0,
54,32,0.0,
55,32,3.333333333333332e-06,
56,32,1.5999999999999992e-05,
57,32,0.0,
58,32,8.666666666666663e-06,
59,32,1.466666666666666e-05,
60,32,2.2666666666666657e-05,
61,32,1.999999999999999e-05,
62,32,1.3333333333333328e-06,
63,32,5.066666666666664e-05,
64,32,5.999999999999997e-06,
65,32,9.999999999999996e-06,
66,32,7.933333333333329e-05,
67,32,0.0002733333333333332,
68,32,0.00014933333333333327,
69,32,4.066666666666665e-05,
70,32,0.00012933333333333327,
71,32,6.93333333333333e-05,
72,32,6.866666666666664e-05,
73,32,0.00010933333333333328,
74,32,0.00012599999999999995,
75,32,2.6666666666666656e-05,
76,32,3.133333333333332e-05,
77,32,8.333333333333329e-05,
78,32,0.00010533333333333328,
79,32,2.733333333333332e-05,
80,32,0.0,
81,32,0.0,
82,32,0.0,
83,32,0.0,
84,32,0.0,
85,32,0.0,
86,32,0.0,
87,32,0.0,
88,32,0.0,
89,32,0.0,
90,32,0.0,
91,32,0.0,
92,32,0.0,
93,32,0.0,
94,32,0.0,
95,32,0.0,
96,32,0.0,
97,32,0.0,
98,32,0.0,
99,32,0.0,
100,32,0.0,
101,32,0.0,
102,32,0.0,
103,32,0.0,
104,32,0.0,
105,32,0.0,
106,32,0.0,
107,32,0.0,
108,32,3.133333333333332e-05,
109,32,1.999999999999999e-05,
110,32,0.0,
111,32,1.266666666666666e-05,
112,32,2.9999999999999984e-05,
113,32,2.866666666666665e-05,
114,32,5.333333333333331e-05,
115,32,4.133333333333331e-05,
116,32,1.1333333333333329e-05,
117,32,1.466666666666666e-05,
118,32,2.733333333333332e-05,
119,32,2.933333333333332e-05,
120,32,2.6666666666666656e-05,
121,32,4.9999999999999975e-05,
122,32,2.9999999999999984e-05,
123,32,0.0,
124,32,1.999999999999999e-06,
125,32,1.999999999999999e-06,
126,32,4.066666666666665e-05,
127,32,2.1999999999999993e-05,
0,33,0.0,
1,33,0.0,
2,33,0.0,
3,33,2.5999999999999988e-05,
4,33,1.1999999999999994e-05,
5,33,1.999999999999999e-06,
6,33,0.0,
7,33,0.0,
8,33,0.0,
9,33,0.0,
10,33,0.0,
11,33,0.0,
12,33,0.0,
13,33,0.0,
14,33,0.0,
15,33,0.0,
16,33,0.0,
17,33,0.0,
18,33,0.0,
19,33,0.0,
20,33,0.0,
21,33,9.999999999999996e-06,
22,33,2.799999999999999e-05,
23,33,0.0,
24,33,0.0,
25,33,0.0,
26,33,1.5999999999999992e-05,
27,33,2.933333333333332e-05,
28,33,5.999999999999997e-06,
29,33,2.866666666666665e-05,
30,33,0.0,
31,33,0.0,
32,33,5.866666666666664e-05,
33,33,6.666666666666664e-06,
34,33,1.999999999999999e-05,
35,33,6.53333333333333e-05,
36,33,7.999999999999996e-06,
37,33,5.266666666666664e-05,
38,33,4.3999999999999985e-05,
39,33,4.599999999999998e-05,
40,33,8.066666666666663e-05,
41,33,2.1333333333333324e-05,
42,33,1.999999999999999e-06,
43,33,2.866666666666665e-05,
44,33,1.666666666666666e-05,
45,33,5.333333333333331e-06,
46,33,1.9333333333333327e-05,
47,33,0.0,
48,33,0.0,
49,33,3.333333333333332e-06,
50,33,7.999999999999996e-06,
51,33,1.7333333333333325e-05,
52,33,0.0,
53,33,0.0,
54,33,0.0,
55,33,8.93333333333333e-05,
56,33,1.5999999999999992e-05,
57,33,2.6666666666666656e-06,
58,33,4.1999999999999984e-05,
59,33,3.933333333333331e-05,
60,33,2.0666666666666656e-05,
61,33,6.666666666666664e-07,
62,33,5.999999999999997e-06,
63,33,7.199999999999996e-05,
64,33,1.3333333333333328e-06,
65,33,4.9999999999999975e-05,
66,33,7.066666666666663e-05,
67,33,0.00018533333333333328,
68,33,0.00016666666666666658,
69,33,8.866666666666664e-05,
70,33,0.00021466666666666658,
71,33,6.733333333333331e-05,
72,33,0.0001266666666666666,
73,33,0.00013333333333333329,
74,33,0.00012199999999999994,
75,33,6.599999999999998e-05,
76,33,0.0,
77,33,0.00012399999999999995,
78,33,3.333333333333332e-06,
79,33,0.0,
80,33,0.0,
81,33,0.0,
82,33,0.0,
83,33,0.0,
84,33,0.0,
85,33,0.0,
86,33,0.0,
87,33,0.0,
88,33,0.0,
89,33,0.0,
90,33,0.0,
91,33,0.0,
92,33,0.0,
93,33,0.0,
94,33,0.0,
95,33,0.0,
96,33,0.0,
97,33,0.0,
98,33,0.0,
99,33,0.0,
100,33,0.0,
101,33,0.0,
102,33,0.0,
103,33,0.0,
104,33,0.0,
105,33,0.0,
106,33,0.0,
107,33,0.0,
108,33,6.666666666666664e-07,
109,33,1.466666666666666e-05,
110,33,0.0,
111,33,0.0,
112,33,1.999999999999999e-05,
113,33,5.466666666666664e-05,
114,33,5.7999999999999966e-05,
115,33,5.5333333333333314e-05,
116,33,3.133333333333332e-05,
117,33,8.333333333333329e-05,
118,33,2.5999999999999988e-05,
119,33,1.799999999999999e-05,
120,33,1.866666666666666e-05,
121,33,1.466666666666666e-05,
122,33,2.9999999999999984e-05,
123,33,0.0,
124,33,0.0,
125,33,0.0,
126,33,0.0,
127,33,1.3999999999999995e-05,
0,34,0.0,
1,34,0.0,
2,34,0.0,
3,34,0.0,
4,34,7.33333333333333e-06,
5,34,0.0,
6,34,0.0,
7,34,0.0,
8,34,0.0,
9,34,0.0,
10,34,2.866666666666665e-05,
11,34,0.0,
12,34,0.0,
13,34,0.0,
14,34,0.0,
15,34,0.0,
16,34,0.0,
17,34,0.0,
18,34,0.0,
19,34,0.0,
20,34,0.0,
21,34,1.3333333333333328e-05,
22,34,2.1333333333333324e-05,
23,34,8.666666666666663e-06,
24,34,0.0,
25,34,0.0,
26,34,0.0,
27,34,2.1999999999999993e-05,
28,34,1.3333333333333328e-06,
29,34,3.333333333333332e-05,
30,34,0.0,
31,34,0.0,
32,34,7.999999999999996e-06,
33,34,1.3999999999999995e-05,
34,34,5.599999999999998e-05,
35,34,5.93333333333333e-05,
36,34,1.1999999999999994e-05,
37,34,7.599999999999996e-05,
38,34,6.866666666666664e-05,
39,34,5.333333333333331e-06,
40,34,5.93333333333333e-05,
41,34,9.399999999999995e-05,
42,34,2.733333333333332e-05,
43,34,3.133333333333332e-05,
44,34,4.5333333333333315e-05,
45,34,5.599999999999998e-05,
46,34,5.93333333333333e-05,
47,34,9.33333333333333e-06,
48,34,0.0,
49,34,0.0,
50,34,0.0,
51,34,5.999999999999997e-06,
52,34,5.999999999999997e-06,
53,34,1.5999999999999992e-05,
54,34,5.73333333333333e-05,
55,34,5.266666666666664e-05,
56,34,6.866666666666664e-05,
57,34,2.933333333333332e-05,
58,34,6.733333333333331e-05,
59,34,4.9999999999999975e-05,
60,34,3.866666666666665e-05,
61,34,4.599999999999998e-05,
62,34,7.999999999999997e-05,
63,34,6.999999999999997e-05,
64,34,3.0666666666666655e-05,
65,34,8.399999999999997e-05,
66,34,0.00010399999999999995,
67,34,0.00013933333333333327,
68,34,0.00017733333333333327,
69,34,0.00017199999999999993,
70,34,0.0002199999999999999,
71,34,9.466666666666662e-05,
72,34,0.00010466666666666662,
73,34,8.199999999999996e-05,
74,34,0.00012399999999999995,
75,34,0.00011199999999999996,
76,34,5.333333333333331e-06,
77,34,0.00010733333333333329,
78,34,0.0,
79,34,0.0,
80,34,0.0,
81,34,0.0,
82,34,0.0,
83,34,0.0,
84,34,0.0,
85,34,0.0,
86,34,0.0,
87,34,0.0,
88,34,0.0,
89,34,0.0,
90,34,0.0,
91,34,0.0,
92,34,0.0,
93,34,0.0,
94,34,0.0,
95,34,0.0,
96,34,0.0,
97,34,0.0,
98,34,0.0,
99,34,0.0,
100,34,0.0,
101,34,0.0,
102,34,0.0,
103,34,0.0,
104,34,0.0,
105,34,0.0,
106,34,0.0,
107,34,0.0,
108,34,0.0,
109,34,0.0,
110,34,0.0,
111,34,0.0,
112,34,3.0666666666666655e-05,
113,34,1.666666666666666e-05,
114,34,2.3333333333333326e-05,
115,34,5.266666666666664e-05,
116,34,5.066666666666664e-05,
117,34,3.799999999999998e-05,
118,34,9.599999999999995e-05,
119,34,2.3333333333333326e-05,
120,34,1.3999999999999995e-05,
121,34,4.666666666666665e-06,
122,34,7.33333333333333e-06,
123,34,0.0,
124,34,3.466666666666665e-05,
125,34,0.0,
126,34,0.0,
127,34,2.733333333333332e-05,
0,35,0.0,
1,35,0.0,
2,35,0.0,
3,35,0.0,
4,35,3.266666666666665e-05,
5,35,0.0,
6,35,0.0,
7,35,0.0,
8,35,0.0,
9,35,3.333333333333332e-06,
10,35,0.00010199999999999994,
11,35,0.0,
12,35,0.0,
13,35,0.0,
14,35,0.0,
15,35,0.0,
16,35,0.0,
17,35,0.0,
18,35,0.0,
19,35,0.0,
20,35,0.0,
21,35,2.6666666666666656e-06,
22,35,6.666666666666664e-06,
23,35,2.5999999999999988e-05,
24,35,0.0,
25,35,0.0,
26,35,0.0,
27,35,5.999999999999997e-06,
28,35,1.999999999999999e-06,
29,35,2.3999999999999987e-05,
30,35,0.0,
31,35,0.0,
32,35,6.733333333333331e-05,
33,35,2.933333333333332e-05,
34,35,5.399999999999998e-05,
35,35,3.1999999999999985e-05,
36,35,5.93333333333333e-05,
37,35,3.266666666666665e-05,
38,35,7.13333333333333e-05,
39,35,7.999999999999996e-06,
40,35,4.933333333333331e-05,
41,35,0.00010399999999999995,
42,35,6.733333333333331e-05,
43,35,1.866666666666666e-05,
44,35,0.0001446666666666666,
45,35,0.0001406666666666666,
46,35,0.00010599999999999995,
47,35,8.733333333333329e-05,
48,35,3.999999999999998e-06,
49,35,0.0,
50,35,9.999999999999996e-06,
51,35,4.1999999999999984e-05,
52,35,4.933333333333331e-05,
53,35,5.066666666666664e-05,
54,35,7.13333333333333e-05,
55,35,3.466666666666665e-05,
56,35,0.00010266666666666662,
57,35,5.6666666666666644e-05,
58,35,0.0001366666666666666,
59,35,9.666666666666661e-05,
60,35,2.5999999999999988e-05,
61,35,9.199999999999996e-05,
62,35,0.00012799999999999994,
63,35,0.00013999999999999993,
64,35,5.866666666666664e-05,
65,35,0.00015933333333333327,
66,35,8.333333333333329e-05,
67,35,0.0001766666666666666,
68,35,0.00024066666666666656,
69,35,0.0002079999999999999,
70,35,0.0002159999999999999,
71,35,0.0002559999999999999,
72,35,0.00011999999999999994,
73,35,5.5333333333333314e-05,
74,35,0.00013333333333333329,
75,35,0.0001146666666666666,
76,35,5.599999999999998e-05,
77,35,2.799999999999999e-05,
78,35,0.0,
79,35,3.866666666666665e-05,
80,35,0.0,
81,35,0.0,
82,35,0.0,
83,35,0.0,
84,35,0.0,
85,35,0.0,
86,35,0.0,
87,35,0.0,
88,35,0.0,
89,35,0.0,
90,35,0.0,
91,35,0.0,
92,35,0.0,
93,35,0.0,
94,35,0.0,
95,35,0.0,
96,35,0.0,
97,35,0.0,
98,35,0.0,
99,35,0.0,
100,35,0.0,
101,35,0.0,
102,35,0.0,
103,35,0.0,
104,35,0.0,
105,35,0.0,
106,35,0.0,
107,35,0.0,
108,35,0.0,
109,35,0.0,
110,35,0.0,
111,35,0.0,
112,35,1.999999999999999e-05,
113,35,1.1333333333333329e-05,
114,35,3.333333333333332e-06,
115,35,1.666666666666666e-05,
116,35,2.1999999999999993e-05,
117,35,4.3333333333333314e-05,
118,35,8.13333333333333e-05,
119,35,2.6666666666666656e-06,
120,35,3.466666666666665e-05,
121,35,0.0,
122,35,2.6666666666666656e-05,
123,35,0.0,
124,35,2.1333333333333324e-05,
125,35,7.199999999999996e-05,
126,35,0.0,
127,35,3.999999999999998e-06,
0,36,0.0,
1,36,0.0,
2,36,0.0,
3,36,0.0,
4,36,1.666666666666666e-05,
5,36,6.666666666666664e-07,
6,36,0.0,
7,36,0.0,
8,36,0.0,
9,36,6.666666666666664e-06,
10,36,2.799999999999999e-05,
11,36,1.5333333333333328e-05,
12,36,0.0,
13,36,0.0,
14,36,0.0,
15,36,0.0,
16,36,0.0,
17,36,0.0,
18,36,0.0,
19,36,0.0,
20,36,0.0,
21,36,0.0,
22,36,1.7333333333333325e-05,
23,36,4.266666666666665e-05,
24,36,3.0666666666666655e-05,
25,36,6.666666666666664e-07,
26,36,2.4666666666666655e-05,
27,36,1.266666666666666e-05,
28,36,1.999999999999999e-06,
29,36,9.999999999999996e-06,
30,36,0.0,
31,36,0.0,
32,36,8.666666666666663e-06,
33,36,1.266666666666666e-05,
34,36,3.1999999999999985e-05,
35,36,7.066666666666663e-05,
36,36,1.5333333333333328e-05,
37,36,1.9333333333333327e-05,
38,36,6.866666666666664e-05,
39,36,4.3333333333333314e-05,
40,36,0.00013933333333333327,
41,36,3.666666666666665e-05,
42,36,9.066666666666663e-05,
43,36,1.3333333333333328e-06,
44,36,1.7333333333333325e-05,
45,36,0.00010533333333333328,
46,36,8.53333333333333e-05,
47,36,0.00011066666666666663,
48,36,0.00010999999999999995,
49,36,1.3333333333333328e-06,
50,36,7.466666666666663e-05,
51,36,5.93333333333333e-05,
52,36,0.0001366666666666666,
53,36,6.733333333333331e-05,
54,36,0.00015399999999999995,
55,36,8.53333333333333e-05,
56,36,0.00010999999999999995,
57,36,7.53333333333333e-05,
58,36,0.00018733333333333327,
59,36,0.00014133333333333326,
60,36,0.0001766666666666666,
61,36,0.0002019999999999999,
62,36,0.0001486666666666666,
63,36,8.13333333333333e-05,
64,36,0.00010399999999999995,
65,36,0.00023866666666666654,
66,36,8.066666666666663e-05,
67,36,0.0001979999999999999,
68,36,0.00021466666666666658,
69,36,0.00016933333333333327,
70,36,0.0002619999999999999,
71,36,0.00021466666666666658,
72,36,5.93333333333333e-05,
73,36,0.00012999999999999993,
74,36,0.00013466666666666662,
75,36,6.133333333333331e-05,
76,36,1.1999999999999994e-05,
77,36,5.333333333333331e-05,
78,36,5.133333333333331e-05,
79,36,4.933333333333331e-05,
80,36,0.0,
81,36,0.0,
82,36,0.0,
83,36,0.0,
84,36,0.0,
85,36,0.0,
86,36,0.0,
87,36,0.0,
88,36,0.0,
89,36,0.0,
90,36,0.0,
91,36,0.0,
92,36,0.0,
93,36,0.0,
94,36,0.0,
95,36,0.0,
96,36,0.0,
97,36,0.0,
98,36,0.0,
99,36,0.0,
100,36,0.0,
101,36,0.0,
102,36,0.0,
103,36,0.0,
104,36,0.0,
105,36,0.0,
106,36,0.0,
107,36,0.0,
108,36,0.0,
109,36,0.0,
110,36,0.0,
111,36,0.0,
112,36,1.1999999999999994e-05,
113,36,1.0666666666666662e-05,
114,36,1.999999999999999e-06,
115,36,0.0,
116,36,1.799999999999999e-05,
117,36,4.666666666666665e-05,
118,36,2.6666666666666656e-05,
119,36,8.666666666666663e-06,
120,36,3.5333333333333316e-05,
121,36,1.999999999999999e-06,
122,36,4.3999999999999985e-05,
123,36,0.0,
124,36,2.6666666666666656e-06,
125,36,5.333333333333331e-06,
126,36,2.6666666666666656e-05,
127,36,6.666666666666664e-07,
0,37,0.0,
1,37,0.0,
2,37,0.0,
3,37,0.0,
4,37,0.0,
5,37,5.999999999999997e-05,
6,37,0.0,
7,37,0.0,
8,37,0.0,
9,37,3.333333333333332e-06,
10,37,3.933333333333331e-05,
11,37,4.7999999999999974e-05,
12,37,0.0,
13,37,0.0,
14,37,0.0,
15,37,0.0,
16,37,0.0,
17,37,0.0,
18,37,0.0,
19,37,0.0,
20,37,0.0,
21,37,0.0,
22,37,0.0,
23,37,2.799999999999999e-05,
24,37,1.799999999999999e-05,
25,37,4.266666666666665e-05,
26,37,1.5333333333333328e-05,
27,37,1.7333333333333325e-05,
28,37,0.0,
29,37,1.3333333333333328e-06,
30,37,6.666666666666664e-07,
31,37,0.0,
32,37,1.466666666666666e-05,
33,37,7.066666666666663e-05,
34,37,4.3999999999999985e-05,
35,37,2.1333333333333324e-05,
36,37,7.999999999999996e-06,
37,37,2.4666666666666655e-05,
38,37,8.399999999999997e-05,
39,37,8.666666666666663e-05,
40,37,6.066666666666664e-05,
41,37,0.00012199999999999994,
42,37,0.0001186666666666666,
43,37,5.333333333333331e-05,
44,37,3.266666666666665e-05,
45,37,8.799999999999997e-05,
46,37,0.0001186666666666666,
47,37,0.00016933333333333327,
48,37,0.0001579999999999999,
49,37,0.0001486666666666666,
50,37,3.599999999999998e-05,
51,37,3.0666666666666655e-05,
52,37,8.733333333333329e-05,
53,37,5.399999999999998e-05,
54,37,0.00017999999999999993,
55,37,0.00010666666666666663,
56,37,0.00013466666666666662,
57,37,0.00019466666666666656,
58,37,0.00018199999999999992,
59,37,0.00015999999999999993,
60,37,0.00021466666666666658,
61,37,0.00016199999999999993,
62,37,0.00015933333333333327,
63,37,0.00013266666666666662,
64,37,0.0002759999999999999,
65,37,0.0001866666666666666,
66,37,8.066666666666663e-05,
67,37,0.00023866666666666654,
68,37,0.00016666666666666658,
69,37,0.00011066666666666663,
70,37,0.00026866666666666657,
71,37,0.00024933333333333323,
72,37,0.00013399999999999995,
73,37,0.0002159999999999999,
74,37,6.93333333333333e-05,
75,37,8.53333333333333e-05,
76,37,0.0001579999999999999,
77,37,0.00010999999999999995,
78,37,8.93333333333333e-05,
79,37,5.333333333333331e-06,
80,37,0.0,
81,37,0.0,
82,37,0.0,
83,37,5.333333333333331e-06,
84,37,0.0,
85,37,0.0,
86,37,0.0,
87,37,0.0,
88,37,0.0,
89,37,0.0,
90,37,0.0,
91,37,0.0,
92,37,0.0,
93,37,0.0,
94,37,0.0,
95,37,0.0,
96,37,0.0,
97,37,0.0,
98,37,0.0,
99,37,0.0,
100,37,0.0,
101,37,0.0,
102,37,0.0,
103,37,0.0,
104,37,0.0,
105,37,0.0,
106,37,0.0,
107,37,0.0,
108,37,0.0,
109,37,0.0,
110,37,0.0,
111,37,0.0,
112,37,0.0,
113,37,0.0,
114,37,0.0,
115,37,0.0,
116,37,4.733333333333331e-05,
117,37,1.5333333333333328e-05,
118,37,1.3999999999999995e-05,
119,37,1.799999999999999e-05,
120,37,0.0,
121,37,0.0,
122,37,0.0,
123,37,0.0,
124,37,0.0,
125,37,6.666666666666664e-07,
126,37,0.0,
127,37,0.0,
0,38,0.0,
1,38,0.0,
2,38,0.0,
3,38,0.0,
4,38,0.0,
5,38,0.00010733333333333329,
6,38,4.3999999999999985e-05,
7,38,0.0,
8,38,0.0,
9,38,0.0,
10,38,3.1999999999999985e-05,
11,38,1.3999999999999995e-05,
12,38,4.666666666666665e-06,
13,38,0.0,
14,38,0.0,
15,38,0.0,
16,38,0.0,
17,38,0.0,
18,38,0.0,
19,38,0.0,
20,38,0.0,
21,38,0.0,
22,38,0.0,
23,38,0.0,
24,38,1.999999999999999e-06,
25,38,2.0666666666666656e-05,
26,38,4.266666666666665e-05,
27,38,3.799999999999998e-05,
28,38,0.0,
29,38,6.666666666666664e-06,
30,38,6.666666666666664e-06,
31,38,0.0,
32,38,6.666666666666664e-07,
33,38,3.1999999999999985e-05,
34,38,4.066666666666665e-05,
35,38,1.3999999999999995e-05,
36,38,5.999999999999997e-06,
37,38,3.133333333333332e-05,
38,38,9.33333333333333e-05,
39,38,7.399999999999997e-05,
40,38,4.866666666666664e-05,
41,38,7.53333333333333e-05,
42,38,8.333333333333329e-05,
43,38,7.33333333333333e-05,
44,38,7.466666666666663e-05,
45,38,0.0001266666666666666,
46,38,4.666666666666665e-05,
47,38,0.00012466666666666662,
48,38,0.00010466666666666662,
49,38,1.5999999999999992e-05,
50,38,6.399999999999997e-05,
51,38,0.00016399999999999992,
52,38,0.0001306666666666666,
53,38,0.0001466666666666666,
54,38,0.00019733333333333324,
55,38,0.00017999999999999993,
56,38,8.466666666666663e-05,
57,38,0.00013333333333333329,
58,38,0.00014599999999999994,
59,38,0.00015733333333333325,
60,38,0.00024266666666666656,
61,38,0.0003119999999999999,
62,38,0.0002519999999999999,
63,38,0.0002259999999999999,
64,38,0.00033133333333333317,
65,38,0.0002339999999999999,
66,38,0.00031333333333333316,
67,38,0.0003079999999999999,
68,38,0.0001526666666666666,
69,38,0.00024133333333333323,
70,38,0.00016733333333333324,
71,38,0.0002099999999999999,
72,38,0.00020466666666666658,
73,38,0.00026333333333333325,
74,38,8.799999999999997e-05,
75,38,8.666666666666663e-05,
76,38,9.13333333333333e-05,
77,38,4.1999999999999984e-05,
78,38,4.933333333333331e-05,
79,38,0.0,
80,38,0.0,
81,38,0.0,
82,38,0.0,
83,38,3.599999999999998e-05,
84,38,0.0,
85,38,0.0,
86,38,0.0,
87,38,0.0,
88,38,0.0,
89,38,0.0,
90,38,0.0,
91,38,0.0,
92,38,0.0,
93,38,0.0,
94,38,0.0,
95,38,0.0,
96,38,0.0,
97,38,0.0,
98,38,0.0,
99,38,0.0,
100,38,0.0,
101,38,0.0,
102,38,0.0,
103,38,0.0,
104,38,0.0,
105,38,0.0,
106,38,0.0,
107,38,0.0,
108,38,0.0,
109,38,0.0,
110,38,0.0,
111,38,0.0,
112,38,0.0,
113,38,0.0,
114,38,5.333333333333331e-06,
115,38,1.3333333333333328e-06,
116,38,2.1999999999999993e-05,
117,38,2.533333333333332e-05,
118,38,2.1999999999999993e-05,
119,38,1.1999999999999994e-05,
120,38,0.0,
121,38,0.0,
122,38,0.0,
123,38,0.0,
124,38,0.0,
125,38,0.0,
126,38,0.0,
127,38,0.0,
0,39,0.0,
1,39,0.0,
2,39,0.0,
3,39,0.0,
4,39,0.0,
5,39,0.0,
6,39,0.0,
7,39,0.0,
8,39,0.0,
9,39,0.0,
10,39,3.999999999999998e-06,
11,39,3.999999999999998e-06,
12,39,0.0,
13,39,3.999999999999998e-06,
14,39,0.0,
15,39,3.5333333333333316e-05,
16,39,0.0,
17,39,0.0,
18,39,0.0,
19,39,0.0,
20,39,0.0,
21,39,0.0,
22,39,0.0,
23,39,0.0,
24,39,0.0,
25,39,1.266666666666666e-05,
26,39,4.266666666666665e-05,
27,39,3.999999999999998e-05,
28,39,0.0,
29,39,7.999999999999997e-05,
30,39,1.666666666666666e-05,
31,39,0.0,
32,39,3.333333333333332e-06,
33,39,7.33333333333333e-05,
34,39,5.5333333333333314e-05,
35,39,6.666666666666664e-05,
36,39,1.266666666666666e-05,
37,39,2.1333333333333324e-05,
38,39,0.00014533333333333328,
39,39,0.00014799999999999994,
40,39,4.3333333333333314e-05,
41,39,8.333333333333329e-05,
42,39,5.73333333333333e-05,
43,39,0.00010599999999999995,
44,39,0.00011399999999999995,
45,39,0.00017999999999999993,
46,39,0.00010199999999999994,
47,39,7.933333333333329e-05,
48,39,0.00023533333333333322,
49,39,5.5333333333333314e-05,
50,39,0.0001726666666666666,
51,39,0.00015533333333333328,
52,39,0.00011066666666666663,
53,39,0.0002773333333333332,
54,39,0.00021399999999999992,
55,39,0.0001606666666666666,
56,39,0.0001286666666666666,
57,39,0.00021333333333333325,
58,39,0.00025266666666666656,
59,39,0.0001879999999999999,
60,39,0.00020733333333333324,
61,39,0.0003413333333333332,
62,39,0.0003539999999999999,
63,39,0.0003306666666666665,
64,39,0.0003193333333333332,
65,39,0.00033866666666666653,
66,39,0.00046333333333333307,
67,39,0.00037533333333333315,
68,39,0.00022733333333333324,
69,39,0.00025866666666666654,
70,39,0.0001766666666666666,
71,39,0.00020066666666666657,
72,39,0.00033199999999999983,
73,39,0.00033999999999999986,
74,39,9.799999999999996e-05,
75,39,0.00016533333333333325,
76,39,0.00010466666666666662,
77,39,9.799999999999996e-05,
78,39,3.933333333333331e-05,
79,39,8.666666666666663e-06,
80,39,1.466666666666666e-05,
81,39,0.0,
82,39,1.1999999999999994e-05,
83,39,1.7333333333333325e-05,
84,39,0.0,
85,39,0.0,
86,39,0.0,
87,39,0.0,
88,39,0.0,
89,39,0.0,
90,39,0.0,
91,39,0.0,
92,39,0.0,
93,39,0.0,
94,39,0.0,
95,39,0.0,
96,39,0.0,
97,39,0.0,
98,39,0.0,
99,39,0.0,
100,39,0.0,
101,39,0.0,
102,39,0.0,
103,39,0.0,
104,39,0.0,
105,39,0.0,
106,39,0.0,
107,39,0.0,
108,39,0.0,
109,39,0.0,
110,39,0.0,
111,39,0.0,
112,39,0.0,
113,39,0.0,
114,39,3.333333333333332e-06,
115,39,3.399999999999998e-05,
116,39,1.3333333333333328e-05,
117,39,5.133333333333331e-05,
118,39,1.999999999999999e-06,
119,39,0.0,
120,39,0.0,
121,39,0.0,
122,39,0.0,
123,39,0.0,
124,39,0.0,
125,39,0.0,
126,39,0.0,
127,39,0.0,
0,40,0.0,
1,40,0.0,
2,40,0.0,
3,40,0.0,
4,40,0.0,
5,40,3.333333333333332e-06,
6,40,0.0,
7,40,0.0,
8,40,0.0,
9,40,0.0,
10,40,0.0,
11,40,0.0,
12,40,6.666666666666664e-06,
13,40,1.5999999999999992e-05,
14,40,1.3999999999999995e-05,
15,40,0.00016199999999999993,
16,40,0.0,
17,40,0.0,
18,40,0.0,
19,40,0.0,
20,40,0.0,
21,40,0.0,
22,40,0.0,
23,40,0.0,
24,40,0.0,
25,40,3.999999999999998e-06,
26,40,4.3999999999999985e-05,
27,40,2.3333333333333326e-05,
28,40,1.5333333333333328e-05,
29,40,7.53333333333333e-05,
30,40,7.13333333333333e-05,
31,40,0.0,
32,40,6.666666666666664e-06,
33,40,8.13333333333333e-05,
34,40,8.066666666666663e-05,
35,40,2.9999999999999984e-05,
36,40,2.799999999999999e-05,
37,40,3.133333333333332e-05,
38,40,4.133333333333331e-05,
39,40,3.1999999999999985e-05,
40,40,1.999999999999999e-05,
41,40,5.999999999999997e-05,
42,40,9.799999999999996e-05,
43,40,0.00011599999999999993,
44,40,0.0001386666666666666,
45,40,0.00022466666666666658,
46,40,0.00017466666666666658,
47,40,0.0003266666666666665,
48,40,0.0001979999999999999,
49,40,9.13333333333333e-05,
50,40,0.0002646666666666666,
51,40,0.00022199999999999992,
52,40,0.00018199999999999992,
53,40,0.0001899999999999999,
54,40,0.00034933333333333317,
55,40,0.0002726666666666665,
56,40,0.00015399999999999995,
57,40,0.0002659999999999999,
58,40,0.00030066666666666653,
59,40,0.0002893333333333332,
60,40,0.0003213333333333332,
61,40,0.0004166666666666665,
62,40,0.0003099999999999999,
63,40,0.0003406666666666665,
64,40,0.0003939999999999998,
65,40,0.00035599999999999987,
66,40,0.00037466666666666654,
67,40,0.0003606666666666665,
68,40,0.0003653333333333332,
69,40,0.0002646666666666666,
70,40,0.0002199999999999999,
71,40,0.00021399999999999992,
72,40,0.0003506666666666665,
73,40,0.00027466666666666655,
74,40,0.0001686666666666666,
75,40,0.00011533333333333327,
76,40,0.00010866666666666662,
77,40,0.0001146666666666666,
78,40,3.5333333333333316e-05,
79,40,6.666666666666664e-07,
80,40,1.7333333333333325e-05,
81,40,0.0,
82,40,1.1999999999999994e-05,
83,40,1.5333333333333328e-05,
84,40,0.0,
85,40,5.999999999999997e-06,
86,40,0.0,
87,40,0.0,
88,40,0.0,
89,40,0.0,
90,40,0.0,
91,40,0.0,
92,40,5.333333333333331e-06,
93,40,0.0,
94,40,0.0,
95,40,0.0,
96,40,0.0,
97,40,0.0,
98,40,0.0,
99,40,0.0,
100,40,0.0,
101,40,0.0,
102,40,0.0,
103,40,0.0,
104,40,0.0,
105,40,0.0,
106,40,0.0,
107,40,0.0,
108,40,0.0,
109,40,0.0,
110,40,0.0,
111,40,0.0,
112,40,0.0,
113,40,0.0,
114,40,1.3333333333333328e-05,
115,40,6.666666666666664e-06,
116,40,3.1999999999999985e-05,
117,40,6.866666666666664e-05,
118,40,7.999999999999996e-06,
119,40,0.0,
120,40,0.0,
121,40,0.0,
122,40,0.0,
123,40,0.0,
124,40,0.0,
125,40,0.0,
126,40,0.0,
127,40,0.0,
0,41,0.0,
1,41,0.0,
2,41,0.0,
3,41,0.0,
4,41,0.0,
5,41,2.1999999999999993e-05,
6,41,0.0,
7,41,0.0,
8,41,2.866666666666665e-05,
9,41,0.0,
10,41,0.0,
11,41,0.0,
12,41,1.999999999999999e-06,
13,41,2.6666666666666656e-06,
14,41,1.3333333333333328e-06,
15,41,5.6666666666666644e-05,
16,41,0.0,
17,41,0.0,
18,41,0.0,
19,41,0.0,
20,41,0.0,
21,41,0.0,
22,41,0.0,
23,41,0.0,
24,41,0.0,
25,41,0.0,
26,41,2.866666666666665e-05,
27,41,1.1999999999999994e-05,
28,41,1.266666666666666e-05,
29,41,2.0666666666666656e-05,
30,41,1.999999999999999e-06,
31,41,0.0,
32,41,0.0,
33,41,7.199999999999996e-05,
34,41,0.00010599999999999995,
35,41,4.7999999999999974e-05,
36,41,3.999999999999998e-05,
37,41,4.1999999999999984e-05,
38,41,2.3999999999999987e-05,
39,41,3.133333333333332e-05,
40,41,4.3999999999999985e-05,
41,41,9.733333333333328e-05,
42,41,0.00012399999999999995,
43,41,0.00010799999999999996,
44,41,0.00014333333333333326,
45,41,0.00020466666666666658,
46,41,0.00020933333333333324,
47,41,0.00021933333333333323,
48,41,0.0003433333333333332,
49,41,9.999999999999995e-05,
50,41,0.00023799999999999988,
51,41,0.00031533333333333316,
52,41,0.00031999999999999986,
53,41,0.0001866666666666666,
54,41,0.00022199999999999992,
55,41,0.00033666666666666654,
56,41,0.0002339999999999999,
57,41,0.0002499999999999999,
58,41,0.0003253333333333332,
59,41,0.00025666666666666654,
60,41,0.0003506666666666665,
61,41,0.00020333333333333323,
62,41,0.0003573333333333332,
63,41,0.0003666666666666665,
64,41,0.00033133333333333317,
65,41,0.0003693333333333332,
66,41,0.0003893333333333331,
67,41,0.0003046666666666665,
68,41,0.0003893333333333331,
69,41,0.00019333333333333323,
70,41,0.0002019999999999999,
71,41,0.0002459999999999999,
72,41,0.0003413333333333332,
73,41,0.0001766666666666666,
74,41,0.0002579999999999999,
75,41,0.0002199999999999999,
76,41,0.00010399999999999995,
77,41,0.00011666666666666661,
78,41,0.00013599999999999992,
79,41,7.399999999999997e-05,
80,41,5.399999999999998e-05,
81,41,0.0,
82,41,1.1999999999999994e-05,
83,41,1.3333333333333328e-05,
84,41,2.4666666666666655e-05,
85,41,2.4666666666666655e-05,
86,41,0.0,
87,41,0.0,
88,41,0.0,
89,41,0.0,
90,41,0.0,
91,41,0.0,
92,41,1.0666666666666662e-05,
93,41,0.0,
94,41,0.0,
95,41,0.0,
96,41,0.0,
97,41,0.0,
98,41,0.0,
99,41,0.0,
100,41,0.0,
101,41,0.0,
102,41,0.0,
103,41,0.0,
104,41,0.0,
105,41,0.0,
106,41,0.0,
107,41,0.0,
108,41,0.0,
109,41,0.0,
110,41,0.0,
111,41,0.0,
112,41,0.0,
113,41,0.0,
114,41,3.933333333333331e-05,
115,41,5.333333333333331e-06,
116,41,2.5999999999999988e-05,
117,41,5.066666666666664e-05,
118,41,9.999999999999996e-06,
119,41,0.0,
120,41,0.0,
121,41,0.0,
122,41,0.0,
123,41,0.0,
124,41,0.0,
125,41,0.0,
126,41,0.0,
127,41,0.0,
0,42,0.0,
1,42,0.0,
2,42,0.0,
3,42,0.0,
4,42,0.0,
5,42,2.866666666666665e-05,
6,42,2.6666666666666656e-06,
7,42,7.33333333333333e-06,
8,42,6.666666666666664e-06,
9,42,1.466666666666666e-05,
10,42,0.0,
11,42,0.0,
12,42,0.0,
13,42,5.999999999999997e-06,
14,42,7.33333333333333e-06,
15,42,9.33333333333333e-06,
16,42,0.0,
17,42,0.0,
18,42,0.0,
19,42,0.0,
20,42,0.0,
21,42,0.0,
22,42,0.0,
23,42,0.0,
24,42,0.0,
25,42,0.0,
26,42,2.6666666666666656e-06,
27,42,0.0,
28,42,0.0,
29,42,2.3999999999999987e-05,
30,42,1.3333333333333328e-06,
31,42,0.0,
32,42,0.0,
33,42,3.333333333333332e-05,
34,42,0.00012733333333333328,
35,42,5.466666666666664e-05,
36,42,5.133333333333331e-05,
37,42,5.5333333333333314e-05,
38,42,4.599999999999998e-05,
39,42,0.0,
40,42,2.5999999999999988e-05,
41,42,0.00014533333333333328,
42,42,0.0002626666666666666,
43,42,0.0001706666666666666,
44,42,0.00014933333333333327,
45,42,0.0002039999999999999,
46,42,0.00012199999999999994,
47,42,0.00016533333333333325,
48,42,0.0002553333333333332,
49,42,0.00033799999999999987,
50,42,0.00015666666666666658,
51,42,0.00023666666666666655,
52,42,0.0002919999999999999,
53,42,0.00029866666666666654,
54,42,0.00034599999999999985,
55,42,0.0003473333333333332,
56,42,0.0002553333333333332,
57,42,0.00039333333333333315,
58,42,0.0005066666666666664,
59,42,0.00044599999999999984,
60,42,0.00037266666666666655,
61,42,0.0002293333333333332,
62,42,0.0004159999999999998,
63,42,0.00044599999999999984,
64,42,0.00042133333333333313,
65,42,0.0003719999999999999,
66,42,0.0003466666666666665,
67,42,0.00025266666666666656,
68,42,0.0004079999999999998,
69,42,0.00031533333333333316,
70,42,0.00031333333333333316,
71,42,0.0002759999999999999,
72,42,0.0003179999999999998,
73,42,0.0002619999999999999,
74,42,0.0002733333333333332,
75,42,8.666666666666663e-05,
76,42,9.999999999999995e-05,
77,42,0.00012599999999999995,
78,42,8.266666666666663e-05,
79,42,5.1999999999999976e-05,
80,42,7.199999999999996e-05,
81,42,2.1999999999999993e-05,
82,42,2.3333333333333326e-05,
83,42,1.466666666666666e-05,
84,42,1.999999999999999e-06,
85,42,2.866666666666665e-05,
86,42,0.0,
87,42,0.0,
88,42,0.0,
89,42,0.0,
90,42,0.0,
91,42,0.0,
92,42,0.0,
93,42,0.0,
94,42,0.0,
95,42,0.0,
96,42,0.0,
97,42,0.0,
98,42,0.0,
99,42,0.0,
100,42,0.0,
101,42,0.0,
102,42,0.0,
103,42,0.0,
104,42,0.0,
105,42,0.0,
106,42,0.0,
107,42,0.0,
108,42,0.0,
109,42,0.0,
110,42,0.0,
111,42,0.0,
112,42,0.0,
113,42,0.0,
114,42,4.666666666666665e-06,
115,42,0.0,
116,42,1.1333333333333329e-05,
117,42,4.066666666666665e-05,
118,42,1.799999999999999e-05,
119,42,0.0,
120,42,0.0,
121,42,0.0,
122,42,0.0,
123,42,0.0,
124,42,0.0,
125,42,0.0,
126,42,0.0,
127,42,0.0,
0,43,0.0,
1,43,0.0,
2,43,0.0,
3,43,0.0,
4,43,0.0,
5,43,4.1999999999999984e-05,
6,43,1.799999999999999e-05,
7,43,1.3333333333333328e-05,
8,43,1.999999999999999e-06,
9,43,2.6666666666666656e-06,
10,43,0.0,
11,43,0.0,
12,43,0.0,
13,43,0.0,
14,43,8.666666666666663e-06,
15,43,1.3333333333333328e-06,
16,43,0.0,
17,43,0.0,
18,43,0.0,
19,43,0.0,
20,43,0.0,
21,43,0.0,
22,43,0.0,
23,43,0.0,
24,43,0.0,
25,43,0.0,
26,43,6.666666666666664e-07,
27,43,1.9333333333333327e-05,
28,43,0.0,
29,43,0.0,
30,43,0.0,
31,43,0.0,
32,43,0.0,
33,43,4.666666666666665e-05,
34,43,9.199999999999996e-05,
35,43,6.33333333333333e-05,
36,43,2.533333333333332e-05,
37,43,6.866666666666664e-05,
38,43,3.333333333333332e-05,
39,43,2.533333333333332e-05,
40,43,8.93333333333333e-05,
41,43,6.666666666666664e-06,
42,43,0.0001466666666666666,
43,43,0.0001526666666666666,
44,43,0.00012599999999999995,
45,43,0.0001686666666666666,
46,43,0.0001386666666666666,
47,43,0.00020333333333333323,
48,43,0.00027133333333333317,
49,43,0.0005259999999999998,
50,43,0.00036799999999999984,
51,43,0.0004119999999999998,
52,43,0.00032199999999999986,
53,43,0.0003653333333333332,
54,43,0.0003426666666666665,
55,43,0.00027066666666666656,
56,43,0.00041533333333333315,
57,43,0.00031533333333333316,
58,43,0.0005319999999999998,
59,43,0.00048466666666666645,
60,43,0.00042266666666666646,
61,43,0.00047066666666666643,
62,43,0.0002813333333333332,
63,43,0.00038066666666666647,
64,43,0.00042933333333333316,
65,43,0.00045999999999999974,
66,43,0.0003759999999999998,
67,43,0.0002753333333333332,
68,43,0.0002159999999999999,
69,43,0.00042733333333333317,
70,43,0.0004039999999999998,
71,43,0.0002553333333333332,
72,43,0.00029066666666666656,
73,43,0.00024866666666666657,
74,43,0.00019266666666666656,
75,43,0.0001626666666666666,
76,43,0.00012399999999999995,
77,43,0.0001626666666666666,
78,43,8.199999999999996e-05,
79,43,4.599999999999998e-05,
80,43,0.00010666666666666663,
81,43,3.599999999999998e-05,
82,43,4.9999999999999975e-05,
83,43,1.1333333333333329e-05,
84,43,2.1333333333333324e-05,
85,43,1.3999999999999995e-05,
86,43,6.666666666666664e-07,
87,43,3.0666666666666655e-05,
88,43,2.6666666666666656e-06,
89,43,0.0,
90,43,0.0,
91,43,0.0,
92,43,3.5333333333333316e-05,
93,43,0.0,
94,43,0.0,
95,43,0.0,
96,43,0.0,
97,43,3.5333333333333316e-05,
98,43,0.0,
99,43,0.0,
100,43,0.0,
101,43,0.0,
102,43,0.0,
103,43,0.0,
104,43,0.0,
105,43,0.0,
106,43,0.0,
107,43,0.0,
108,43,0.0,
109,43,0.0,
110,43,0.0,
111,43,0.0,
112,43,0.0,
113,43,0.0,
114,43,0.0,
115,43,0.0,
116,43,0.0,
117,43,3.333333333333332e-06,
118,43,2.6666666666666656e-06,
119,43,0.0,
120,43,0.0,
121,43,0.0,
122,43,0.0,
123,43,0.0,
124,43,0.0,
125,43,0.0,
126,43,0.0,
127,43,0.0,
0,44,0.0,
1,44,0.0,
2,44,0.0,
3,44,0.0,
4,44,0.0,
5,44,0.0,
6,44,0.0,
7,44,0.0,
8,44,6.666666666666664e-06,
9,44,6.666666666666664e-06,
10,44,0.0,
11,44,0.0,
12,44,0.0,
13,44,0.0,
14,44,0.0,
15,44,0.0,
16,44,0.0,
17,44,0.0,
18,44,0.0,
19,44,0.0,
20,44,0.0,
21,44,0.0,
22,44,0.0,
23,44,0.0,
24,44,0.0,
25,44,0.0,
26,44,2.6666666666666656e-06,
27,44,3.933333333333331e-05,
28,44,0.0,
29,44,0.0,
30,44,0.0,
31,44,0.0,
32,44,0.0,
33,44,0.0,
34,44,4.066666666666665e-05,
35,44,3.866666666666665e-05,
36,44,2.733333333333332e-05,
37,44,9.066666666666663e-05,
38,44,2.799999999999999e-05,
39,44,2.0666666666666656e-05,
40,44,8.866666666666664e-05,
41,44,4.133333333333331e-05,
42,44,9.466666666666662e-05,
43,44,0.00015199999999999993,
44,44,0.00017533333333333325,
45,44,0.00024266666666666656,
46,44,0.0001546666666666666,
47,44,0.0001959999999999999,
48,44,0.00024933333333333323,
49,44,0.0002619999999999999,
50,44,0.00039733333333333314,
51,44,0.00039333333333333315,
52,44,0.0003873333333333331,
53,44,0.0003733333333333332,
54,44,0.0004466666666666665,
55,44,0.0004753333333333331,
56,44,0.0005386666666666665,
57,44,0.00035799999999999987,
58,44,0.0004806666666666664,
59,44,0.0004566666666666665,
60,44,0.0004713333333333331,
61,44,0.0004746666666666664,
62,44,0.0004466666666666665,
63,44,0.0003646666666666665,
64,44,0.0004199999999999998,
65,44,0.0004366666666666665,
66,44,0.0003139999999999998,
67,44,0.0003286666666666665,
68,44,0.0004566666666666665,
69,44,0.0003339999999999998,
70,44,0.00032399999999999985,
71,44,0.0003326666666666665,
72,44,0.0002739999999999999,
73,44,0.00024866666666666657,
74,44,0.00013999999999999993,
75,44,0.00018533333333333328,
76,44,0.0002679999999999999,
77,44,0.0002733333333333332,
78,44,0.00011799999999999994,
79,44,0.00010866666666666662,
80,44,0.00020933333333333324,
81,44,0.00017999999999999993,
82,44,0.00010399999999999995,
83,44,3.799999999999998e-05,
84,44,2.799999999999999e-05,
85,44,1.3999999999999995e-05,
86,44,1.466666666666666e-05,
87,44,1.866666666666666e-05,
88,44,1.999999999999999e-06,
89,44,0.0,
90,44,0.0,
91,44,0.0,
92,44,5.999999999999997e-06,
93,44,8.666666666666663e-06,
94,44,1.7333333333333325e-05,
95,44,1.666666666666666e-05,
96,44,8.666666666666663e-06,
97,44,5.333333333333331e-06,
98,44,0.0,
99,44,0.0,
100,44,0.0,
101,44,0.0,
102,44,0.0,
103,44,0.0,
104,44,0.0,
105,44,0.0,
106,44,0.0,
107,44,0.0,
108,44,0.0,
109,44,0.0,
110,44,0.0,
111,44,0.0,
112,44,0.0,
113,44,0.0,
114,44,0.0,
115,44,0.0,
116,44,0.0,
117,44,0.0,
118,44,0.0,
119,44,0.0,
120,44,0.0,
121,44,0.0,
122,44,0.0,
123,44,0.0,
124,44,0.0,
125,44,0.0,
126,44,0.0,
127,44,0.0,
0,45,0.0,
1,45,0.0,
2,45,0.0,
3,45,0.0,
4,45,0.0,
5,45,0.0,
6,45,0.0,
7,45,0.0,
8,45,0.0,
9,45,0.0,
10,45,0.0,
11,45,0.0,
12,45,0.0,
13,45,0.0,
14,45,0.0,
15,45,0.0,
16,45,0.0,
17,45,0.0,
18,45,0.0,
19,45,0.0,
20,45,3.333333333333332e-06,
21,45,0.0,
22,45,0.0,
23,45,0.0,
24,45,0.0,
25,45,0.0,
26,45,1.999999999999999e-06,
27,45,9.999999999999996e-06,
28,45,0.0,
29,45,0.0,
30,45,0.0,
31,45,0.0,
32,45,0.0,
33,45,0.0,
34,45,3.333333333333332e-05,
35,45,5.1999999999999976e-05,
36,45,8.666666666666663e-06,
37,45,6.466666666666663e-05,
38,45,3.0666666666666655e-05,
39,45,2.866666666666665e-05,
40,45,6.93333333333333e-05,
41,45,9.799999999999996e-05,
42,45,0.0002373333333333332,
43,45,0.00011799999999999994,
44,45,0.00025866666666666654,
45,45,0.0003353333333333332,
46,45,0.00014999999999999993,
47,45,0.0002279999999999999,
48,45,0.00035666666666666654,
49,45,0.00023466666666666655,
50,45,0.00027866666666666654,
51,45,0.0002793333333333332,
52,45,0.0005033333333333331,
53,45,0.00039533333333333315,
54,45,0.00044733333333333317,
55,45,0.0004199999999999998,
56,45,0.0004679999999999998,
57,45,0.00041733333333333314,
58,45,0.0002759999999999999,
59,45,0.0005106666666666664,
60,45,0.0004299999999999998,
61,45,0.00045333333333333315,
62,45,0.0004319999999999998,
63,45,0.0004446666666666665,
64,45,0.00048666666666666644,
65,45,0.00048666666666666644,
66,45,0.00035999999999999986,
67,45,0.00040066666666666647,
68,45,0.0004253333333333332,
69,45,0.0003553333333333332,
70,45,0.0003466666666666665,
71,45,0.00032199999999999986,
72,45,0.0003126666666666665,
73,45,0.0002939999999999999,
74,45,0.00030199999999999986,
75,45,0.0003033333333333332,
76,45,0.00024866666666666657,
77,45,0.00027799999999999987,
78,45,0.0001606666666666666,
79,45,0.00010266666666666662,
80,45,0.00017999999999999993,
81,45,0.00021866666666666657,
82,45,0.0001826666666666666,
83,45,6.266666666666664e-05,
84,45,6.399999999999997e-05,
85,45,1.3333333333333328e-05,
86,45,2.1333333333333324e-05,
87,45,4.466666666666665e-05,
88,45,4.266666666666665e-05,
89,45,1.866666666666666e-05,
90,45,0.0,
91,45,0.0,
92,45,3.866666666666665e-05,
93,45,1.999999999999999e-05,
94,45,2.733333333333332e-05,
95,45,2.1333333333333324e-05,
96,45,3.1999999999999985e-05,
97,45,1.999999999999999e-06,
98,45,0.0,
99,45,0.0,
100,45,0.0,
101,45,0.0,
102,45,0.0,
103,45,0.0,
104,45,0.0,
105,45,0.0,
106,45,0.0,
107,45,0.0,
108,45,0.0,
109,45,0.0,
110,45,0.0,
111,45,0.0,
112,45,0.0,
113,45,0.0,
114,45,0.0,
115,45,0.0,
116,45,0.0,
117,45,0.0,
118,45,0.0,
119,45,0.0,
120,45,0.0,
121,45,0.0,
122,45,0.0,
123,45,0.0,
124,45,0.0,
125,45,0.0,
126,45,0.0,
127,45,0.0,
0,46,0.0,
1,46,0.0,
2,46,0.0,
3,46,0.0,
4,46,0.0,
5,46,0.0,
6,46,0.0,
7,46,0.0,
8,46,0.0,
9,46,0.0,
10,46,0.0,
11,46,0.0,
12,46,0.0,
13,46,0.0,
14,46,0.0,
15,46,0.0,
16,46,0.0,
17,46,0.0,
18,46,0.0,
19,46,2.6666666666666656e-06,
20,46,2.6666666666666656e-06,
21,46,0.0,
22,46,0.0,
23,46,0.0,
24,46,0.0,
25,46,0.0,
26,46,1.999999999999999e-06,
27,46,0.0,
28,46,0.0,
29,46,0.0,
30,46,0.0,
31,46,0.0,
32,46,0.0,
33,46,7.33333333333333e-06,
34,46,1.799999999999999e-05,
35,46,2.933333333333332e-05,
36,46,5.73333333333333e-05,
37,46,0.00015399999999999995,
38,46,4.733333333333331e-05,
39,46,4.866666666666664e-05,
40,46,0.00015399999999999995,
41,46,0.00014933333333333327,
42,46,0.00019133333333333323,
43,46,0.00022999999999999987,
44,46,0.00019666666666666658,
45,46,0.00018933333333333324,
46,46,0.00026533333333333324,
47,46,0.0001686666666666666,
48,46,0.0003613333333333332,
49,46,0.0003213333333333332,
50,46,0.00035599999999999987,
51,46,0.0005133333333333331,
52,46,0.0004366666666666665,
53,46,0.00026333333333333325,
54,46,0.0004159999999999998,
55,46,0.0004733333333333331,
56,46,0.0004139999999999998,
57,46,0.0003939999999999998,
58,46,0.0002846666666666665,
59,46,0.0004359999999999998,
60,46,0.00045333333333333315,
61,46,0.0004693333333333331,
62,46,0.0004086666666666665,
63,46,0.0004253333333333332,
64,46,0.00045533333333333314,
65,46,0.00035599999999999987,
66,46,0.00028799999999999984,
67,46,0.0003099999999999999,
68,46,0.0003466666666666665,
69,46,0.0003026666666666665,
70,46,0.0004679999999999998,
71,46,0.00043333333333333315,
72,46,0.00037466666666666654,
73,46,0.00032599999999999985,
74,46,0.0004806666666666664,
75,46,0.0003719999999999999,
76,46,0.00020333333333333323,
77,46,0.00022733333333333324,
78,46,0.0003213333333333332,
79,46,0.00014133333333333326,
80,46,0.00026866666666666657,
81,46,0.0002099999999999999,
82,46,0.00020133333333333323,
83,46,3.933333333333331e-05,
84,46,5.7999999999999966e-05,
85,46,5.599999999999998e-05,
86,46,2.799999999999999e-05,
87,46,2.2666666666666657e-05,
88,46,3.799999999999998e-05,
89,46,1.799999999999999e-05,
90,46,2.2666666666666657e-05,
91,46,3.399999999999998e-05,
92,46,5.333333333333331e-05,
93,46,4.5333333333333315e-05,
94,46,1.5999999999999992e-05,
95,46,1.9333333333333327e-05,
96,46,5.599999999999998e-05,
97,46,0.0,
98,46,0.0,
99,46,0.0,
100,46,0.0,
101,46,0.0,
102,46,0.0,
103,46,0.0,
104,46,0.0,
105,46,0.0,
106,46,0.0,
107,46,0.0,
108,46,0.0,
109,46,0.0,
110,46,0.0,
111,46,0.0,
112,46,0.0,
113,46,0.0,
114,46,0.0,
115,46,0.0,
116,46,0.0,
117,46,0.0,
118,46,0.0,
119,46,0.0,
120,46,0.0,
121,46,0.0,
122,46,0.0,
123,46,0.0,
124,46,0.0,
125,46,0.0,
126,46,0.0,
127,46,0.0,
0,47,0.0,
1,47,0.0,
2,47,0.0,
3,47,0.0,
4,47,0.0,
5,47,0.0,
6,47,0.0,
7,47,0.0,
8,47,0.0,
9,47,0.0,
10,47,0.0,
11,47,0.0,
12,47,0.0,
13,47,0.0,
14,47,0.0,
15,47,0.0,
16,47,0.0,
17,47,0.0,
18,47,0.0,
19,47,9.33333333333333e-06,
20,47,1.5333333333333328e-05,
21,47,0.0,
22,47,0.0,
23,47,0.0,
24,47,0.0,
25,47,0.0,
26,47,0.0,
27,47,2.6666666666666656e-06,
28,47,6.666666666666664e-06,
29,47,6.666666666666664e-05,
30,47,2.866666666666665e-05,
31,47,0.0,
32,47,0.0,
33,47,4.266666666666665e-05,
34,47,9.999999999999996e-06,
35,47,4.599999999999998e-05,
36,47,5.1999999999999976e-05,
37,47,0.00010466666666666662,
38,47,5.266666666666664e-05,
39,47,0.0001313333333333333,
40,47,0.00011999999999999994,
41,47,0.0001286666666666666,
42,47,0.0001806666666666666,
43,47,0.00023333333333333322,
44,47,0.00029666666666666654,
45,47,0.00042266666666666646,
46,47,0.0002893333333333332,
47,47,0.0002959999999999999,
48,47,0.00029999999999999987,
49,47,0.0003653333333333332,
50,47,0.00032999999999999984,
51,47,0.00040133333333333313,
52,47,0.00047266666666666643,
53,47,0.0005173333333333331,
54,47,0.00047199999999999976,
55,47,0.00042599999999999984,
56,47,0.0003099999999999999,
57,47,0.0004119999999999998,
58,47,0.0003486666666666665,
59,47,0.00034199999999999986,
60,47,0.00046666666666666645,
61,47,0.00039133333333333316,
62,47,0.00046666666666666645,
63,47,0.0003473333333333332,
64,47,0.00033133333333333317,
65,47,0.00037933333333333314,
66,47,0.00028066666666666653,
67,47,0.00026066666666666653,
68,47,0.00022733333333333324,
69,47,0.00028399999999999986,
70,47,0.0003593333333333332,
71,47,0.00044066666666666646,
72,47,0.0004539999999999998,
73,47,0.0004219999999999998,
74,47,0.0004586666666666664,
75,47,0.0004306666666666665,
76,47,0.0004366666666666665,
77,47,0.0002339999999999999,
78,47,0.00021333333333333325,
79,47,0.0002499999999999999,
80,47,0.0004266666666666665,
81,47,0.00035133333333333316,
82,47,0.0002393333333333332,
83,47,0.0001446666666666666,
84,47,0.00016599999999999991,
85,47,8.93333333333333e-05,
86,47,4.1999999999999984e-05,
87,47,6.066666666666664e-05,
88,47,1.1333333333333329e-05,
89,47,1.999999999999999e-05,
90,47,8.666666666666663e-06,
91,47,1.3999999999999995e-05,
92,47,2.6666666666666656e-05,
93,47,0.0001526666666666666,
94,47,0.00010333333333333329,
95,47,0.0,
96,47,3.266666666666665e-05,
97,47,1.3333333333333328e-06,
98,47,0.0,
99,47,0.0,
100,47,0.0,
101,47,0.0,
102,47,0.0,
103,47,0.0,
104,47,0.0,
105,47,0.0,
106,47,0.0,
107,47,0.0,
108,47,0.0,
109,47,0.0,
110,47,0.0,
111,47,0.0,
112,47,0.0,
113,47,0.0,
114,47,0.0,
115,47,0.0,
116,47,0.0,
117,47,0.0,
118,47,0.0,
119,47,0.0,
120,47,0.0,
121,47,0.0,
122,47,0.0,
123,47,0.0,
124,47,0.0,
125,47,0.0,
126,47,0.0,
127,47,0.0,
0,48,0.0,
1,48,0.0,
2,48,0.0,
3,48,0.0,
4,48,0.0,
5,48,0.0,
6,48,0.0,
7,48,0.0,
8,48,0.0,
9,48,0.0,
10,48,0.0,
11,48,0.0,
12,48,0.0,
13,48,0.0,
14,48,0.0,
15,48,0.0,
16,48,0.0,
17,48,0.0,
18,48,0.0,
19,48,1.666666666666666e-05,
20,48,3.333333333333332e-06,
21,48,5.999999999999997e-06,
22,48,1.3999999999999995e-05,
23,48,0.0,
24,48,0.0,
25,48,0.0,
26,48,0.0,
27,48,1.7333333333333325e-05,
28,48,1.799999999999999e-05,
29,48,1.5999999999999992e-05,
30,48,1.266666666666666e-05,
31,48,2.2666666666666657e-05,
32,48,0.0,
33,48,6.666666666666664e-07,
34,48,5.999999999999997e-06,
35,48,4.9999999999999975e-05,
36,48,2.799999999999999e-05,
37,48,9.33333333333333e-05,
38,48,0.00010866666666666662,
39,48,9.999999999999995e-05,
40,48,0.0001579999999999999,
41,48,0.00022199999999999992,
42,48,0.0002159999999999999,
43,48,0.0002826666666666665,
44,48,0.0003326666666666665,
45,48,0.0004053333333333331,
46,48,0.0004499999999999998,
47,48,0.00029999999999999987,
48,48,0.0002446666666666665,
49,48,0.0003246666666666665,
50,48,0.00033133333333333317,
51,48,0.00030666666666666657,
52,48,0.00046999999999999977,
53,48,0.0003433333333333332,
54,48,0.0003486666666666665,
55,48,0.00038266666666666646,
56,48,0.00039133333333333316,
57,48,0.0004286666666666665,
58,48,0.0002459999999999999,
59,48,0.0004079999999999998,
60,48,0.00042799999999999983,
61,48,0.0003759999999999998,
62,48,0.0003013333333333332,
63,48,0.00034999999999999983,
64,48,0.00037533333333333315,
65,48,0.0003079999999999999,
66,48,0.0003126666666666665,
67,48,0.00030199999999999986,
68,48,0.00025866666666666654,
69,48,0.0003099999999999999,
70,48,0.0004379999999999998,
71,48,0.0004959999999999998,
72,48,0.0004873333333333331,
73,48,0.0004839999999999998,
74,48,0.00046399999999999973,
75,48,0.0004426666666666665,
76,48,0.00047199999999999976,
77,48,0.00035466666666666654,
78,48,0.00027066666666666656,
79,48,0.00030199999999999986,
80,48,0.0003946666666666665,
81,48,0.0003266666666666665,
82,48,0.00032066666666666653,
83,48,0.00014333333333333326,
84,48,0.00011399999999999995,
85,48,8.666666666666663e-05,
86,48,5.133333333333331e-05,
87,48,0.00011199999999999996,
88,48,1.799999999999999e-05,
89,48,2.6666666666666656e-05,
90,48,2.1333333333333324e-05,
91,48,2.6666666666666656e-05,
92,48,0.0,
93,48,6.666666666666664e-06,
94,48,5.999999999999997e-06,
95,48,9.999999999999996e-06,
96,48,5.7999999999999966e-05,
97,48,7.999999999999996e-06,
98,48,2.6666666666666656e-06,
99,48,0.0,
100,48,2.6666666666666656e-06,
101,48,0.0,
102,48,0.0,
103,48,0.0,
104,48,0.0,
105,48,0.0,
106,48,0.0,
107,48,0.0,
108,48,0.0,
109,48,0.0,
110,48,0.0,
111,48,0.0,
112,48,0.0,
113,48,0.0,
114,48,0.0,
115,48,0.0,
116,48,0.0,
117,48,0.0,
118,48,0.0,
119,48,0.0,
120,48,0.0,
121,48,0.0,
122,48,0.0,
123,48,0.0,
124,48,0.0,
125,48,0.0,
126,48,0.0,
127,48,0.0,
0,49,0.0,
1,49,0.0,
2,49,0.0,
3,49,0.0,
4,49,0.0,
5,49,0.0,
6,49,0.0,
7,49,0.0,
8,49,0.0,
9,49,0.0,
10,49,0.0,
11,49,0.0,
12,49,0.0,
13,49,0.0,
14,49,0.0,
15,49,0.0,
16,49,0.0,
17,49,0.0,
18,49,0.0,
19,49,4.1999999999999984e-05,
20,49,0.0,
21,49,0.0,
22,49,5.999999999999997e-06,
23,49,2.3333333333333326e-05,
24,49,0.0,
25,49,2.1999999999999993e-05,
26,49,4.666666666666665e-06,
27,49,4.666666666666665e-06,
28,49,2.5999999999999988e-05,
29,49,7.33333333333333e-06,
30,49,4.866666666666664e-05,
31,49,5.5333333333333314e-05,
32,49,0.0,
33,49,1.266666666666666e-05,
34,49,4.733333333333331e-05,
35,49,3.0666666666666655e-05,
36,49,8.666666666666663e-06,
37,49,6.666666666666664e-05,
38,49,6.799999999999996e-05,
39,49,0.0001313333333333333,
40,49,0.00044199999999999985,
41,49,0.0001446666666666666,
42,49,0.0003653333333333332,
43,49,0.00031066666666666656,
44,49,0.0003486666666666665,
45,49,0.00024266666666666656,
46,49,0.0002813333333333332,
47,49,0.00020933333333333324,
48,49,0.0002913333333333332,
49,49,0.0003926666666666665,
50,49,0.0003926666666666665,
51,49,0.0003446666666666665,
52,49,0.0002613333333333332,
53,49,0.00042599999999999984,
54,49,0.0003253333333333332,
55,49,0.0004539999999999998,
56,49,0.00040066666666666647,
57,49,0.0004019999999999998,
58,49,0.0003779999999999998,
59,49,0.0003799999999999998,
60,49,0.00027066666666666656,
61,49,0.00022133333333333326,
62,49,0.00035999999999999986,
63,49,0.0002519999999999999,
64,49,0.00030399999999999985,
65,49,0.00024333333333333322,
66,49,0.0003253333333333332,
67,49,0.00035599999999999987,
68,49,0.0003966666666666665,
69,49,0.00037466666666666654,
70,49,0.00041333333333333315,
71,49,0.0005706666666666664,
72,49,0.0004999999999999998,
73,49,0.0005493333333333331,
74,49,0.0004546666666666665,
75,49,0.0004199999999999998,
76,49,0.00047599999999999975,
77,49,0.00031333333333333316,
78,49,0.0003613333333333332,
79,49,0.0003966666666666665,
80,49,0.0003166666666666665,
81,49,0.0003306666666666665,
82,49,0.0003613333333333332,
83,49,0.00021133333333333323,
84,49,0.0002393333333333332,
85,49,0.00012599999999999995,
86,49,0.00013799999999999994,
87,49,0.00010133333333333328,
88,49,1.1999999999999994e-05,
89,49,2.3999999999999987e-05,
90,49,4.7999999999999974e-05,
91,49,6.066666666666664e-05,
92,49,3.333333333333332e-06,
93,49,5.73333333333333e-05,
94,49,4.666666666666665e-06,
95,49,3.5333333333333316e-05,
96,49,5.93333333333333e-05,
97,49,3.999999999999998e-06,
98,49,1.0666666666666662e-05,
99,49,1.1999999999999994e-05,
100,49,5.599999999999998e-05,
101,49,0.0,
102,49,0.0,
103,49,0.0,
104,49,0.0,
105,49,0.0,
106,49,0.0,
107,49,0.0,
108,49,0.0,
109,49,0.0,
110,49,0.0,
111,49,0.0,
112,49,0.0,
113,49,0.0,
114,49,0.0,
115,49,0.0,
116,49,0.0,
117,49,0.0,
118,49,0.0,
119,49,0.0,
120,49,0.0,
121,49,0.0,
122,49,0.0,
123,49,0.0,
124,49,0.0,
125,49,0.0,
126,49,0.0,
127,49,0.0,
0,50,0.0,
1,50,0.0,
2,50,0.0,
3,50,0.0,
4,50,0.0,
5,50,0.0,
6,50,0.0,
7,50,0.0,
8,50,0.0,
9,50,0.0,
10,50,0.0,
11,50,0.0,
12,50,0.0,
13,50,0.0,
14,50,0.0,
15,50,0.0,
16,50,0.0,
17,50,0.0,
18,50,0.0,
19,50,0.0,
20,50,0.0,
21,50,0.0,
22,50,0.0,
23,50,1.266666666666666e-05,
24,50,0.0,
25,50,2.6666666666666656e-06,
26,50,3.133333333333332e-05,
27,50,0.0,
28,50,0.0,
29,50,0.0,
30,50,7.266666666666664e-05,
31,50,3.5333333333333316e-05,
32,50,6.666666666666664e-06,
33,50,2.799999999999999e-05,
34,50,5.1999999999999976e-05,
35,50,6.666666666666664e-07,
36,50,1.666666666666666e-05,
37,50,3.666666666666665e-05,
38,50,0.00012599999999999995,
39,50,0.00021666666666666658,
40,50,0.00013999999999999993,
41,50,0.0003179999999999998,
42,50,0.00039733333333333314,
43,50,0.0003273333333333332,
44,50,0.00032999999999999984,
45,50,0.0002559999999999999,
46,50,0.00033199999999999983,
47,50,0.00044066666666666646,
48,50,0.00029999999999999987,
49,50,0.00045999999999999974,
50,50,0.0004999999999999998,
51,50,0.0003626666666666665,
52,50,0.0003466666666666665,
53,50,0.00045333333333333315,
54,50,0.0004346666666666665,
55,50,0.0003359999999999999,
56,50,0.0003779999999999998,
57,50,0.00045999999999999974,
58,50,0.00032599999999999985,
59,50,0.00025266666666666656,
60,50,0.00018733333333333327,
61,50,0.00030733333333333323,
62,50,0.0003759999999999998,
63,50,0.0001919999999999999,
64,50,0.00035599999999999987,
65,50,0.0002739999999999999,
66,50,0.0003979999999999998,
67,50,0.0004486666666666665,
68,50,0.0005073333333333332,
69,50,0.00045333333333333315,
70,50,0.0004793333333333331,
71,50,0.0005313333333333331,
72,50,0.00043333333333333315,
73,50,0.0004953333333333331,
74,50,0.0004566666666666665,
75,50,0.00044399999999999984,
76,50,0.00047266666666666643,
77,50,0.0003626666666666665,
78,50,0.0003593333333333332,
79,50,0.00038866666666666645,
80,50,0.00023466666666666655,
81,50,0.0004506666666666665,
82,50,0.00041733333333333314,
83,50,0.00026533333333333324,
84,50,0.0003406666666666665,
85,50,0.00029999999999999987,
86,50,0.0002646666666666666,
87,50,0.0001939999999999999,
88,50,9.999999999999995e-05,
89,50,0.00012266666666666662,
90,50,6.266666666666664e-05,
91,50,6.266666666666664e-05,
92,50,2.6666666666666656e-05,
93,50,4.466666666666665e-05,
94,50,0.0,
95,50,8.666666666666663e-06,
96,50,2.6666666666666656e-06,
97,50,0.0,
98,50,1.1333333333333329e-05,
99,50,1.0666666666666662e-05,
100,50,6.199999999999998e-05,
101,50,3.333333333333332e-06,
102,50,6.666666666666664e-06,
103,50,8.666666666666663e-06,
104,50,0.0,
105,50,0.0,
106,50,0.0,
107,50,0.0,
108,50,0.0,
109,50,0.0,
110,50,0.0,
111,50,0.0,
112,50,0.0,
113,50,0.0,
114,50,0.0,
115,50,0.0,
116,50,0.0,
117,50,0.0,
118,50,0.0,
119,50,0.0,
120,50,0.0,
121,50,0.0,
122,50,0.0,
123,50,0.0,
124,50,0.0,
125,50,0.0,
126,50,0.0,
127,50,0.0,
0,51,0.0,
1,51,0.0,
2,51,0.0,
3,51,0.0,
4,51,0.0,
5,51,0.0,
6,51,0.0,
7,51,0.0,
8,51,0.0,
9,51,0.0,
10,51,0.0,
11,51,0.0,
12,51,0.0,
13,51,0.0,
14,51,0.0,
15,51,0.0,
16,51,0.0,
17,51,0.0,
18,51,0.0,
19,51,0.0,
20,51,0.0,
21,51,0.0,
22,51,0.0,
23,51,3.333333333333332e-06,
24,51,0.0,
25,51,1.3999999999999995e-05,
26,51,0.0,
27,51,0.0,
28,51,0.0,
29,51,0.0,
30,51,1.999999999999999e-05,
31,51,5.399999999999998e-05,
32,51,1.1333333333333329e-05,
33,51,7.53333333333333e-05,
34,51,3.466666666666665e-05,
35,51,0.0,
36,51,0.0,
37,51,3.266666666666665e-05,
38,51,0.00010866666666666662,
39,51,0.00011733333333333328,
40,51,0.00017999999999999993,
41,51,0.0001386666666666666,
42,51,0.00035999999999999986,
43,51,0.00042466666666666645,
44,51,0.0004366666666666665,
45,51,0.00030666666666666657,
46,51,0.0002733333333333332,
47,51,0.00046666666666666645,
48,51,0.0004859999999999998,
49,51,0.00046666666666666645,
50,51,0.0003939999999999998,
51,51,0.0004033333333333331,
52,51,0.0004346666666666665,
53,51,0.00039733333333333314,
54,51,0.00041866666666666647,
55,51,0.00030599999999999985,
56,51,0.0003853333333333331,
57,51,0.00034933333333333317,
58,51,0.0003159999999999998,
59,51,0.0002853333333333332,
60,51,0.00036599999999999984,
61,51,0.00033133333333333317,
62,51,0.00023866666666666654,
63,51,0.0003193333333333332,
64,51,0.00024533333333333324,
65,51,0.00027133333333333317,
66,51,0.00048466666666666645,
67,51,0.0004679999999999998,
68,51,0.0005153333333333331,
69,51,0.0004486666666666665,
70,51,0.0004813333333333331,
71,51,0.0004813333333333331,
72,51,0.0004086666666666665,
73,51,0.0003339999999999998,
74,51,0.00036799999999999984,
75,51,0.0005019999999999997,
76,51,0.00047799999999999975,
77,51,0.0005026666666666665,
78,51,0.00036399999999999985,
79,51,0.0004746666666666664,
80,51,0.0004539999999999998,
81,51,0.00039933333333333314,
82,51,0.0005246666666666664,
83,51,0.00024133333333333323,
84,51,0.0003213333333333332,
85,51,0.0003533333333333332,
86,51,0.00030666666666666657,
87,51,0.00034599999999999985,
88,51,0.00013333333333333329,
89,51,0.00010599999999999995,
90,51,3.599999999999998e-05,
91,51,1.866666666666666e-05,
92,51,0.0,
93,51,1.9333333333333327e-05,
94,51,0.0,
95,51,0.0,
96,51,0.0,
97,51,0.0,
98,51,0.0,
99,51,1.666666666666666e-05,
100,51,1.466666666666666e-05,
101,51,6.666666666666664e-06,
102,51,4.466666666666665e-05,
103,51,1.466666666666666e-05,
104,51,1.466666666666666e-05,
105,51,7.13333333333333e-05,
106,51,0.0,
107,51,0.0,
108,51,0.0,
109,51,0.0,
110,51,0.0,
111,51,0.0,
112,51,0.0,
113,51,0.0,
114,51,0.0,
115,51,0.0,
116,51,0.0,
117,51,0.0,
118,51,0.0,
119,51,0.0,
120,51,0.0,
121,51,0.0,
122,51,0.0,
123,51,0.0,
124,51,0.0,
125,51,0.0,
126,51,0.0,
127,51,0.0,
0,52,0.0,
1,52,0.0,
2,52,0.0,
3,52,0.0,
4,52,0.0,
5,52,0.0,
6,52,0.0,
7,52,0.0,
8,52,0.0,
9,52,0.0,
10,52,0.0,
11,52,0.0,
12,52,0.0,
13,52,0.0,
14,52,0.0,
15,52,0.0,
16,52,0.0,
17,52,0.0,
18,52,0.0,
19,52,0.0,
20,52,0.0,
21,52,0.0,
22,52,0.0,
23,52,2.4666666666666655e-05,
24,52,3.333333333333332e-06,
25,52,6.666666666666664e-07,
26,52,6.666666666666664e-06,
27,52,3.0666666666666655e-05,
28,52,0.0,
29,52,0.0,
30,52,1.999999999999999e-06,
31,52,3.266666666666665e-05,
32,52,4.5333333333333315e-05,
33,52,5.133333333333331e-05,
34,52,7.999999999999997e-05,
35,52,3.866666666666665e-05,
36,52,0.00019733333333333324,
37,52,0.0,
38,52,3.333333333333332e-05,
39,52,5.73333333333333e-05,
40,52,0.0001306666666666666,
41,52,0.00021733333333333324,
42,52,0.0003246666666666665,
43,52,0.00042733333333333317,
44,52,0.00041866666666666647,
45,52,0.0003353333333333332,
46,52,0.00030733333333333323,
47,52,0.00044399999999999984,
48,52,0.0005346666666666665,
49,52,0.00038333333333333313,
50,52,0.00028066666666666653,
51,52,0.0003719999999999999,
52,52,0.0004053333333333331,
53,52,0.00041933333333333314,
54,52,0.00036866666666666656,
55,52,0.00037466666666666654,
56,52,0.00043333333333333315,
57,52,0.00046666666666666645,
58,52,0.0004286666666666665,
59,52,0.0002993333333333332,
60,52,0.00021866666666666657,
61,52,0.00023599999999999988,
62,52,0.0002579999999999999,
63,52,0.00045133333333333315,
64,52,0.0003899999999999998,
65,52,0.00022999999999999987,
66,52,0.00041533333333333315,
67,52,0.00041333333333333315,
68,52,0.00042933333333333316,
69,52,0.00044399999999999984,
70,52,0.0004399999999999998,
71,52,0.0003146666666666665,
72,52,0.0002953333333333332,
73,52,0.00023999999999999987,
74,52,0.0003326666666666665,
75,52,0.00036733333333333317,
76,52,0.0004466666666666665,
77,52,0.00030399999999999985,
78,52,0.00046866666666666644,
79,52,0.00046399999999999973,
80,52,0.0005006666666666664,
81,52,0.0003739999999999999,
82,52,0.0004399999999999998,
83,52,0.0003873333333333331,
84,52,0.000489333333333333,
85,52,0.00038866666666666645,
86,52,0.0004039999999999998,
87,52,0.0004126666666666665,
88,52,0.00019733333333333324,
89,52,0.00015533333333333328,
90,52,0.00011666666666666661,
91,52,2.3999999999999987e-05,
92,52,4.666666666666665e-06,
93,52,5.93333333333333e-05,
94,52,0.0,
95,52,0.0,
96,52,0.0,
97,52,0.0,
98,52,0.0,
99,52,0.0,
100,52,1.466666666666666e-05,
101,52,7.999999999999996e-06,
102,52,3.0666666666666655e-05,
103,52,2.9999999999999984e-05,
104,52,2.866666666666665e-05,
105,52,3.133333333333332e-05,
106,52,0.0,
107,52,0.0,
108,52,0.0,
109,52,0.0,
110,52,0.0,
111,52,0.0,
112,52,0.0,
113,52,0.0,
114,52,3.733333333333332e-05,
115,52,0.0,
116,52,0.0,
117,52,0.0,
118,52,0.0,
119,52,0.0,
120,52,0.0,
121,52,0.0,
122,52,0.0,
123,52,0.0,
124,52,0.0,
125,52,0.0,
126,52,0.0,
127,52,0.0,
0,53,0.0,
1,53,0.0,
2,53,0.0,
3,53,0.0,
4,53,0.0,
5,53,0.0,
6,53,0.0,
7,53,0.0,
8,53,0.0,
9,53,0.0,
10,53,0.0,
11,53,0.0,
12,53,0.0,
13,53,0.0,
14,53,0.0,
15,53,0.0,
16,53,0.0,
17,53,0.0,
18,53,0.0,
19,53,0.0,
20,53,0.0,
21,53,0.0,
22,53,0.0,
23,53,0.0,
24,53,0.0,
25,53,4.666666666666665e-06,
26,53,7.999999999999996e-06,
27,53,1.266666666666666e-05,
28,53,0.0,
29,53,0.0,
30,53,0.0,
31,53,2.2666666666666657e-05,
32,53,8.599999999999996e-05,
33,53,3.5333333333333316e-05,
34,53,6.066666666666664e-05,
35,53,2.933333333333332e-05,
36,53,0.00013399999999999995,
37,53,1.866666666666666e-05,
38,53,7.799999999999997e-05,
39,53,7.73333333333333e-05,
40,53,0.00016933333333333327,
41,53,0.0001526666666666666,
42,53,0.00020133333333333323,
43,53,0.00031999999999999986,
44,53,0.00023599999999999988,
45,53,0.00028399999999999986,
46,53,0.0003799999999999998,
47,53,0.0004139999999999998,
48,53,0.0005059999999999997,
49,53,0.00040266666666666646,
50,53,0.00029999999999999987,
51,53,0.0004086666666666665,
52,53,0.0005233333333333331,
53,53,0.0005226666666666664,
54,53,0.00033666666666666654,
55,53,0.00040933333333333316,
56,53,0.00042466666666666645,
57,53,0.00032599999999999985,
58,53,0.00044066666666666646,
59,53,0.0004733333333333331,
60,53,0.00028199999999999986,
61,53,0.00022266666666666659,
62,53,0.0003453333333333332,
63,53,0.00043133333333333316,
64,53,0.00039866666666666647,
65,53,0.00033866666666666653,
66,53,0.0004366666666666665,
67,53,0.00033199999999999983,
68,53,0.0003879999999999998,
69,53,0.0004953333333333331,
70,53,0.0004586666666666664,
71,53,0.00044799999999999983,
72,53,0.00044066666666666646,
73,53,0.0004839999999999998,
74,53,0.00044933333333333316,
75,53,0.00041133333333333316,
76,53,0.0003306666666666665,
77,53,0.0004159999999999998,
78,53,0.0003946666666666665,
79,53,0.0003999999999999998,
80,53,0.00046666666666666645,
81,53,0.0003026666666666665,
82,53,0.00047399999999999976,
83,53,0.00040266666666666646,
84,53,0.0005133333333333331,
85,53,0.0004233333333333331,
86,53,0.0003273333333333332,
87,53,0.0005266666666666665,
88,53,0.00023866666666666654,
89,53,0.0002899999999999999,
90,53,0.0001806666666666666,
91,53,8.53333333333333e-05,
92,53,9.33333333333333e-06,
93,53,0.00014799999999999994,
94,53,7.266666666666664e-05,
95,53,0.0,
96,53,0.0,
97,53,0.0,
98,53,0.0,
99,53,0.0,
100,53,4.133333333333331e-05,
101,53,0.0,
102,53,2.9999999999999984e-05,
103,53,3.266666666666665e-05,
104,53,2.4666666666666655e-05,
105,53,3.933333333333331e-05,
106,53,0.0,
107,53,0.0,
108,53,0.0,
109,53,0.0,
110,53,0.0,
111,53,0.0,
112,53,0.0,
113,53,0.0,
114,53,2.933333333333332e-05,
115,53,0.0,
116,53,0.0,
117,53,0.0,
118,53,0.0,
119,53,0.0,
120,53,0.0,
121,53,0.0,
122,53,0.0,
123,53,0.0,
124,53,0.0,
125,53,0.0,
126,53,0.0,
127,53,0.0,
0,54,0.0,
1,54,0.0,
2,54,0.0,
3,54,0.0,
4,54,0.0,
5,54,0.0,
6,54,0.0,
7,54,0.0,
8,54,0.0,
9,54,0.0,
10,54,0.0,
11,54,0.0,
12,54,0.0,
13,54,0.0,
14,54,0.0,
15,54,0.0,
16,54,0.0,
17,54,0.0,
18,54,0.0,
19,54,0.0,
20,54,0.0,
21,54,0.0,
22,54,0.0,
23,54,0.0,
24,54,0.0,
25,54,4.666666666666665e-06,
26,54,2.866666666666665e-05,
27,54,1.999999999999999e-05,
28,54,2.933333333333332e-05,
29,54,0.0,
30,54,0.0,
31,54,0.0,
32,54,0.00015399999999999995,
33,54,9.599999999999995e-05,
34,54,3.666666666666665e-05,
35,54,1.866666666666666e-05,
36,54,6.53333333333333e-05,
37,54,1.666666666666666e-05,
38,54,5.7999999999999966e-05,
39,54,5.7999999999999966e-05,
40,54,0.00022666666666666657,
41,54,0.00016133333333333326,
42,54,0.00019933333333333324,
43,54,0.00046666666666666645,
44,54,0.00023333333333333322,
45,54,0.00038066666666666647,
46,54,0.0003899999999999998,
47,54,0.00047066666666666643,
48,54,0.0004879999999999998,
49,54,0.00037466666666666654,
50,54,0.0003099999999999999,
51,54,0.00042599999999999984,
52,54,0.0003506666666666665,
53,54,0.0004239999999999998,
54,54,0.0003119999999999999,
55,54,0.0003999999999999998,
56,54,0.0003779999999999998,
57,54,0.0003733333333333332,
58,54,0.00033333333333333316,
59,54,0.00042599999999999984,
60,54,0.00037066666666666655,
61,54,0.0002919999999999999,
62,54,0.0003699999999999999,
63,54,0.00030066666666666653,
64,54,0.0004626666666666664,
65,54,0.0003879999999999998,
66,54,0.00043733333333333314,
67,54,0.0003326666666666665,
68,54,0.0004559999999999998,
69,54,0.0005153333333333331,
70,54,0.0004546666666666665,
71,54,0.00043733333333333314,
72,54,0.00043133333333333316,
73,54,0.0004499999999999998,
74,54,0.00046866666666666644,
75,54,0.00042933333333333316,
76,54,0.00031866666666666653,
77,54,0.0004626666666666664,
78,54,0.00040133333333333313,
79,54,0.0004466666666666665,
80,54,0.00042799999999999983,
81,54,0.00033199999999999983,
82,54,0.00048666666666666644,
83,54,0.00037933333333333314,
84,54,0.0005219999999999998,
85,54,0.00047599999999999975,
86,54,0.0003786666666666665,
87,54,0.0004733333333333331,
88,54,0.0003226666666666665,
89,54,0.00033199999999999983,
90,54,0.00014399999999999992,
91,54,3.733333333333332e-05,
92,54,4.266666666666665e-05,
93,54,8.399999999999997e-05,
94,54,0.0001386666666666666,
95,54,0.0,
96,54,0.0,
97,54,2.6666666666666656e-06,
98,54,1.3333333333333328e-06,
99,54,0.0,
100,54,0.00010399999999999995,
101,54,0.0,
102,54,2.4666666666666655e-05,
103,54,2.6666666666666656e-05,
104,54,8.666666666666663e-06,
105,54,1.1333333333333329e-05,
106,54,3.333333333333332e-06,
107,54,0.0,
108,54,0.0,
109,54,0.0,
110,54,0.0,
111,54,0.0,
112,54,9.999999999999996e-06,
113,54,1.466666666666666e-05,
114,54,5.333333333333331e-06,
115,54,0.0,
116,54,0.0,
117,54,0.0,
118,54,0.0,
119,54,0.0,
120,54,0.0,
121,54,0.0,
122,54,0.0,
123,54,0.0,
124,54,0.0,
125,54,0.0,
126,54,0.0,
127,54,0.0,
0,55,0.0,
1,55,0.0,
2,55,0.0,
3,55,0.0,
4,55,0.0,
5,55,0.0,
6,55,0.0,
7,55,0.0,
8,55,0.0,
9,55,0.0,
10,55,0.0,
11,55,0.0,
12,55,0.0,
13,55,0.0,
14,55,0.0,
15,55,0.0,
16,55,0.0,
17,55,0.0,
18,55,0.0,
19,55,0.0,
20,55,0.0,
21,55,0.0,
22,55,0.0,
23,55,0.0,
24,55,0.0,
25,55,3.0666666666666655e-05,
26,55,2.0666666666666656e-05,
27,55,1.1333333333333329e-05,
28,55,1.5333333333333328e-05,
29,55,7.33333333333333e-06,
30,55,0.0,
31,55,0.0,
32,55,0.0001626666666666666,
33,55,2.533333333333332e-05,
34,55,4.866666666666664e-05,
35,55,6.199999999999998e-05,
36,55,7.399999999999997e-05,
37,55,0.00010199999999999994,
38,55,0.0002339999999999999,
39,55,0.00013199999999999996,
40,55,0.00043333333333333315,
41,55,0.0003126666666666665,
42,55,0.00035133333333333316,
43,55,0.0004486666666666665,
44,55,0.0003486666666666665,
45,55,0.00027066666666666656,
46,55,0.0003113333333333332,
47,55,0.0004079999999999998,
48,55,0.0005213333333333331,
49,55,0.0003733333333333332,
50,55,0.0003033333333333332,
51,55,0.0003666666666666665,
52,55,0.0004033333333333331,
53,55,0.00039333333333333315,
54,55,0.0004219999999999998,
55,55,0.00042733333333333317,
56,55,0.0003433333333333332,
57,55,0.00039133333333333316,
58,55,0.00038333333333333313,
59,55,0.00047599999999999975,
60,55,0.00035466666666666654,
61,55,0.0002873333333333332,
62,55,0.00027999999999999987,
63,55,0.0002873333333333332,
64,55,0.0004559999999999998,
65,55,0.00035799999999999987,
66,55,0.0004773333333333331,
67,55,0.00044733333333333317,
68,55,0.00038133333333333313,
69,55,0.00046399999999999973,
70,55,0.0004793333333333331,
71,55,0.0003373333333333332,
72,55,0.00047399999999999976,
73,55,0.0004999999999999998,
74,55,0.0004426666666666665,
75,55,0.0004919999999999998,
76,55,0.00040266666666666646,
77,55,0.0004366666666666665,
78,55,0.0003486666666666665,
79,55,0.00044199999999999985,
80,55,0.00040133333333333313,
81,55,0.0004486666666666665,
82,55,0.00039866666666666647,
83,55,0.0004033333333333331,
84,55,0.0005253333333333332,
85,55,0.0004519999999999998,
86,55,0.0003653333333333332,
87,55,0.0005346666666666665,
88,55,0.00041133333333333316,
89,55,0.00032066666666666653,
90,55,0.00014199999999999993,
91,55,5.066666666666664e-05,
92,55,4.266666666666665e-05,
93,55,5.599999999999998e-05,
94,55,0.00010466666666666662,
95,55,0.0,
96,55,0.0,
97,55,3.333333333333332e-06,
98,55,5.999999999999997e-06,
99,55,1.5999999999999992e-05,
100,55,6.266666666666664e-05,
101,55,2.1999999999999993e-05,
102,55,0.0,
103,55,6.399999999999997e-05,
104,55,1.666666666666666e-05,
105,55,9.999999999999996e-06,
106,55,3.999999999999998e-06,
107,55,7.999999999999996e-06,
108,55,0.0,
109,55,0.0,
110,55,0.0,
111,55,0.0,
112,55,1.999999999999999e-06,
113,55,0.0,
114,55,0.0,
115,55,0.0,
116,55,0.0,
117,55,0.0,
118,55,0.0,
119,55,0.0,
120,55,0.0,
121,55,0.0,
122,55,0.0,
123,55,0.0,
124,55,0.0,
125,55,0.0,
126,55,0.0,
127,55,0.0,
0,56,0.0,
1,56,0.0,
2,56,0.0,
3,56,0.0,
4,56,0.0,
5,56,0.0,
6,56,0.0,
7,56,0.0,
8,56,0.0,
9,56,0.0,
10,56,0.0,
11,56,0.0,
12,56,0.0,
13,56,0.0,
14,56,0.0,
15,56,0.0,
16,56,0.0,
17,56,0.0,
18,56,0.0,
19,56,0.0,
20,56,0.0,
21,56,0.0,
22,56,0.0,
23,56,0.0,
24,56,0.0,
25,56,9.533333333333328e-05,
26,56,0.0,
27,56,9.999999999999996e-06,
28,56,2.3333333333333326e-05,
29,56,3.999999999999998e-06,
30,56,0.0,
31,56,0.0,
32,56,0.0,
33,56,0.00019733333333333324,
34,56,5.73333333333333e-05,
35,56,6.199999999999998e-05,
36,56,0.00010399999999999995,
37,56,6.133333333333331e-05,
38,56,0.00016466666666666659,
39,56,0.00021933333333333323,
40,56,0.00025666666666666654,
41,56,0.0002339999999999999,
42,56,0.00035266666666666655,
43,56,0.0004366666666666665,
44,56,0.0003759999999999998,
45,56,0.0002913333333333332,
46,56,0.00032066666666666653,
47,56,0.0004106666666666665,
48,56,0.0005086666666666665,
49,56,0.00048666666666666644,
50,56,0.00032933333333333317,
51,56,0.00032399999999999985,
52,56,0.00037466666666666654,
53,56,0.0004339999999999998,
54,56,0.00044733333333333317,
55,56,0.0003613333333333332,
56,56,0.0002933333333333332,
57,56,0.0003653333333333332,
58,56,0.0003859999999999998,
59,56,0.0004239999999999998,
60,56,0.0004346666666666665,
61,56,0.00038066666666666647,
62,56,0.0002919999999999999,
63,56,0.0004339999999999998,
64,56,0.0003286666666666665,
65,56,0.00032199999999999986,
66,56,0.0004879999999999998,
67,56,0.0005199999999999997,
68,56,0.00045333333333333315,
69,56,0.0004953333333333331,
70,56,0.00042933333333333316,
71,56,0.0004106666666666665,
72,56,0.0005286666666666664,
73,56,0.00046333333333333307,
74,56,0.0004606666666666664,
75,56,0.0004326666666666665,
76,56,0.00031733333333333315,
77,56,0.00029666666666666654,
78,56,0.0004873333333333331,
79,56,0.00045533333333333314,
80,56,0.00040466666666666646,
81,56,0.0004539999999999998,
82,56,0.0003893333333333331,
83,56,0.00027999999999999987,
84,56,0.0005573333333333331,
85,56,0.0005826666666666664,
86,56,0.0005079999999999998,
87,56,0.0005606666666666663,
88,56,0.0004166666666666665,
89,56,0.00036799999999999984,
90,56,0.0002873333333333332,
91,56,0.00011133333333333329,
92,56,0.00011066666666666663,
93,56,6.866666666666664e-05,
94,56,7.399999999999997e-05,
95,56,2.1999999999999993e-05,
96,56,0.0,
97,56,2.3333333333333326e-05,
98,56,1.3333333333333328e-06,
99,56,1.0666666666666662e-05,
100,56,8.666666666666663e-06,
101,56,3.599999999999998e-05,
102,56,0.0,
103,56,0.0,
104,56,1.1999999999999994e-05,
105,56,7.33333333333333e-06,
106,56,1.266666666666666e-05,
107,56,1.999999999999999e-05,
108,56,0.0,
109,56,0.0,
110,56,0.0,
111,56,0.0,
112,56,2.799999999999999e-05,
113,56,0.0,
114,56,0.0,
115,56,0.0,
116,56,0.0,
117,56,0.0,
118,56,0.0,
119,56,0.0,
120,56,0.0,
121,56,0.0,
122,56,0.0,
123,56,0.0,
124,56,0.0,
125,56,0.0,
126,56,0.0,
127,56,0.0,
0,57,0.0,
1,57,0.0,
2,57,0.0,
3,57,0.0,
4,57,0.0,
5,57,0.0,
6,57,0.0,
7,57,0.0,
8,57,0.0,
9,57,0.0,
10,57,0.0,
11,57,0.0,
12,57,0.0,
13,57,0.0,
14,57,0.0,
15,57,0.0,
16,57,0.0,
17,57,0.0,
18,57,0.0,
19,57,0.0,
20,57,0.0,
21,57,0.0,
22,57,0.0,
23,57,0.0,
24,57,0.0,
25,57,2.9999999999999984e-05,
26,57,0.0,
27,57,0.0,
28,57,3.0666666666666655e-05,
29,57,3.133333333333332e-05,
30,57,2.733333333333332e-05,
31,57,3.333333333333332e-06,
32,57,0.0,
33,57,2.3999999999999987e-05,
34,57,7.399999999999997e-05,
35,57,5.6666666666666644e-05,
36,57,3.799999999999998e-05,
37,57,2.3333333333333326e-05,
38,57,0.00011933333333333327,
39,57,0.0002933333333333332,
40,57,0.00021133333333333323,
41,57,0.00023266666666666656,
42,57,0.0004306666666666665,
43,57,0.0004966666666666664,
44,57,0.00028199999999999986,
45,57,0.00028199999999999986,
46,57,0.00033999999999999986,
47,57,0.00036733333333333317,
48,57,0.00040999999999999983,
49,57,0.0005006666666666664,
50,57,0.0002893333333333332,
51,57,0.00040466666666666646,
52,57,0.0003346666666666665,
53,57,0.00037933333333333314,
54,57,0.00037466666666666654,
55,57,0.0003626666666666665,
56,57,0.00023533333333333322,
57,57,0.00018399999999999992,
58,57,0.0003113333333333332,
59,57,0.00041333333333333315,
60,57,0.00044399999999999984,
61,57,0.0004773333333333331,
62,57,0.00041866666666666647,
63,57,0.00023333333333333322,
64,57,0.0004506666666666665,
65,57,0.00038466666666666646,
66,57,0.00040266666666666646,
67,57,0.00044533333333333317,
68,57,0.0005199999999999997,
69,57,0.00041333333333333315,
70,57,0.00047999999999999974,
71,57,0.00048666666666666644,
72,57,0.0004139999999999998,
73,57,0.0005086666666666665,
74,57,0.00041933333333333314,
75,57,0.00039333333333333315,
76,57,0.0003486666666666665,
77,57,0.0005239999999999998,
78,57,0.000547333333333333,
79,57,0.0005146666666666664,
80,57,0.0004839999999999998,
81,57,0.0004566666666666665,
82,57,0.0003519999999999999,
83,57,0.0002079999999999999,
84,57,0.0005013333333333331,
85,57,0.0004979999999999997,
86,57,0.0005093333333333331,
87,57,0.0005486666666666664,
88,57,0.0004973333333333331,
89,57,0.0004926666666666664,
90,57,0.00036799999999999984,
91,57,0.0001806666666666666,
92,57,9.533333333333328e-05,
93,57,9.066666666666663e-05,
94,57,5.93333333333333e-05,
95,57,3.933333333333331e-05,
96,57,0.0,
97,57,0.0,
98,57,1.0666666666666662e-05,
99,57,2.6666666666666656e-06,
100,57,1.666666666666666e-05,
101,57,1.866666666666666e-05,
102,57,0.0,
103,57,0.0,
104,57,9.33333333333333e-06,
105,57,0.0,
106,57,1.999999999999999e-06,
107,57,3.333333333333332e-06,
108,57,0.0,
109,57,0.0,
110,57,0.0,
111,57,5.333333333333331e-06,
112,57,6.666666666666664e-05,
113,57,0.0,
114,57,0.0,
115,57,0.0,
116,57,0.0,
117,57,0.0,
118,57,0.0,
119,57,0.0,
120,57,0.0,
121,57,0.0,
122,57,0.0,
123,57,0.0,
124,57,0.0,
125,57,0.0,
126,57,0.0,
127,57,0.0,
0,58,0.0,
1,58,0.0,
2,58,0.0,
3,58,0.0,
4,58,0.0,
5,58,0.0,
6,58,0.0,
7,58,0.0,
8,58,0.0,
9,58,0.0,
10,58,0.0,
11,58,0.0,
12,58,0.0,
13,58,0.0,
14,58,0.0,
15,58,0.0,
16,58,0.0,
17,58,0.0,
18,58,0.0,
19,58,0.0,
20,58,0.0,
21,58,0.0,
22,58,0.0,
23,58,0.0,
24,58,0.0,
25,58,0.0,
26,58,0.0,
27,58,0.0,
28,58,3.999999999999998e-06,
29,58,4.7999999999999974e-05,
30,58,3.466666666666665e-05,
31,58,7.999999999999996e-06,
32,58,4.066666666666665e-05,
33,58,3.599999999999998e-05,
34,58,6.666666666666664e-07,
35,58,3.333333333333332e-05,
36,58,2.799999999999999e-05,
37,58,2.1999999999999993e-05,
38,58,0.00017133333333333326,
39,58,0.00032199999999999986,
40,58,0.00023599999999999988,
41,58,0.00020533333333333325,
42,58,0.00040933333333333316,
43,58,0.0004126666666666665,
44,58,0.00030199999999999986,
45,58,0.0002826666666666665,
46,58,0.0003979999999999998,
47,58,0.0003519999999999999,
48,58,0.00046466666666666645,
49,58,0.0003573333333333332,
50,58,0.0004059999999999998,
51,58,0.00046333333333333307,
52,58,0.0003246666666666665,
53,58,0.0003553333333333332,
54,58,0.0003859999999999998,
55,58,0.0003626666666666665,
56,58,0.0003286666666666665,
57,58,0.00024666666666666657,
58,58,0.00039933333333333314,
59,58,0.0004039999999999998,
60,58,0.0004119999999999998,
61,58,0.00042733333333333317,
62,58,0.00032599999999999985,
63,58,0.0003246666666666665,
64,58,0.00035799999999999987,
65,58,0.00046466666666666645,
66,58,0.0004286666666666665,
67,58,0.0003966666666666665,
68,58,0.0004966666666666664,
69,58,0.0003819999999999998,
70,58,0.00025999999999999987,
71,58,0.0004159999999999998,
72,58,0.0004653333333333331,
73,58,0.0006173333333333331,
74,58,0.0005299999999999998,
75,58,0.0004159999999999998,
76,58,0.0004019999999999998,
77,58,0.0005166666666666665,
78,58,0.0004586666666666664,
79,58,0.0004519999999999998,
80,58,0.00041133333333333316,
81,58,0.0003939999999999998,
82,58,0.0003786666666666665,
83,58,0.00039133333333333316,
84,58,0.00042799999999999983,
85,58,0.0005013333333333331,
86,58,0.00048466666666666645,
87,58,0.0005539999999999997,
88,58,0.000489333333333333,
89,58,0.00036199999999999985,
90,58,0.00030066666666666653,
91,58,0.0003139999999999998,
92,58,0.00018866666666666657,
93,58,0.00011999999999999994,
94,58,8.13333333333333e-05,
95,58,7.066666666666663e-05,
96,58,1.3333333333333328e-06,
97,58,9.33333333333333e-06,
98,58,4.9999999999999975e-05,
99,58,3.266666666666665e-05,
100,58,5.999999999999997e-06,
101,58,4.3333333333333314e-05,
102,58,6.666666666666664e-07,
103,58,0.0,
104,58,0.0,
105,58,0.0,
106,58,0.0,
107,58,1.266666666666666e-05,
108,58,0.0,
109,58,0.0,
110,58,0.0,
111,58,3.333333333333332e-05,
112,58,2.533333333333332e-05,
113,58,0.0,
114,58,0.0,
115,58,0.0,
116,58,0.0,
117,58,0.0,
118,58,0.0,
119,58,0.0,
120,58,0.0,
121,58,0.0,
122,58,0.0,
123,58,0.0,
124,58,0.0,
125,58,0.0,
126,58,0.0,
127,58,0.0,
0,59,0.0,
1,59,0.0,
2,59,0.0,
3,59,0.0,
4,59,0.0,
5,59,0.0,
6,59,0.0,
7,59,3.999999999999998e-06,
8,59,0.0,
9,59,0.0,
10,59,0.0,
11,59,0.0,
12,59,0.0,
13,59,0.0,
14,59,0.0,
15,59,0.0,
16,59,0.0,
17,59,0.0,
18,59,0.0,
19,59,0.0,
20,59,0.0,
21,59,0.0,
22,59,0.0,
23,59,0.0,
24,59,4.666666666666665e-06,
25,59,2.2666666666666657e-05,
26,59,8.666666666666663e-06,
27,59,0.0,
28,59,4.733333333333331e-05,
29,59,8.266666666666663e-05,
30,59,7.199999999999996e-05,
31,59,4.3999999999999985e-05,
32,59,3.999999999999998e-05,
33,59,3.266666666666665e-05,
34,59,0.00014199999999999993,
35,59,9.33333333333333e-05,
36,59,4.3333333333333314e-05,
37,59,8.53333333333333e-05,
38,59,0.00022533333333333324,
39,59,0.0003519999999999999,
40,59,0.0003179999999999998,
41,59,0.00027199999999999984,
42,59,0.00032199999999999986,
43,59,0.0003406666666666665,
44,59,0.0003739999999999999,
45,59,0.0003626666666666665,
46,59,0.0003519999999999999,
47,59,0.00033799999999999987,
48,59,0.00032933333333333317,
49,59,0.0003126666666666665,
50,59,0.0003733333333333332,
51,59,0.0004793333333333331,
52,59,0.0002993333333333332,
53,59,0.0003926666666666665,
54,59,0.00039866666666666647,
55,59,0.0003326666666666665,
56,59,0.0004566666666666665,
57,59,0.00045999999999999974,
58,59,0.00033799999999999987,
59,59,0.0003486666666666665,
60,59,0.0002793333333333332,
61,59,0.00031866666666666653,
62,59,0.00024933333333333323,
63,59,0.0003013333333333332,
64,59,0.00036199999999999985,
65,59,0.0002539999999999999,
66,59,0.0002019999999999999,
67,59,0.0003946666666666665,
68,59,0.0005219999999999998,
69,59,0.0003899999999999998,
70,59,0.0003519999999999999,
71,59,0.0003026666666666665,
72,59,0.00047399999999999976,
73,59,0.00048466666666666645,
74,59,0.0005359999999999998,
75,59,0.0003426666666666665,
76,59,0.00045733333333333314,
77,59,0.0004979999999999997,
78,59,0.0003759999999999998,
79,59,0.0004939999999999998,
80,59,0.00035866666666666653,
81,59,0.0003893333333333331,
82,59,0.0004339999999999998,
83,59,0.0004766666666666664,
84,59,0.0004446666666666665,
85,59,0.0005119999999999998,
86,59,0.0004839999999999998,
87,59,0.000489333333333333,
88,59,0.00045133333333333315,
89,59,0.0003346666666666665,
90,59,0.0003879999999999998,
91,59,0.00040999999999999983,
92,59,0.0002393333333333332,
93,59,0.0001766666666666666,
94,59,0.00015666666666666658,
95,59,0.00010266666666666662,
96,59,3.266666666666665e-05,
97,59,2.1999999999999993e-05,
98,59,6.199999999999998e-05,
99,59,3.999999999999998e-06,
100,59,7.999999999999996e-06,
101,59,1.266666666666666e-05,
102,59,8.666666666666663e-06,
103,59,3.333333333333332e-06,
104,59,0.0,
105,59,0.0,
106,59,9.33333333333333e-06,
107,59,3.133333333333332e-05,
108,59,0.0,
109,59,0.0,
110,59,3.999999999999998e-06,
111,59,2.5999999999999988e-05,
112,59,1.466666666666666e-05,
113,59,0.0,
114,59,0.0,
115,59,0.0,
116,59,0.0,
117,59,0.0,
118,59,0.0,
119,59,0.0,
120,59,0.0,
121,59,0.0,
122,59,0.0,
123,59,0.0,
124,59,0.0,
125,59,0.0,
126,59,0.0,
127,59,0.0,
0,60,0.0,
1,60,0.0,
2,60,0.0,
3,60,0.0,
4,60,0.0,
5,60,0.0,
6,60,6.666666666666664e-07,
7,60,1.799999999999999e-05,
8,60,0.0,
9,60,0.0,
10,60,0.0,
11,60,0.0,
12,60,0.0,
13,60,0.0,
14,60,0.0,
15,60,0.0,
16,60,0.0,
17,60,0.0,
18,60,0.0,
19,60,0.0,
20,60,0.0,
21,60,0.0,
22,60,0.0,
23,60,0.0,
24,60,0.0,
25,60,1.1999999999999994e-05,
26,60,4.666666666666665e-06,
27,60,3.466666666666665e-05,
28,60,0.0002513333333333332,
29,60,0.00019733333333333324,
30,60,5.93333333333333e-05,
31,60,2.733333333333332e-05,
32,60,2.2666666666666657e-05,
33,60,6.666666666666664e-05,
34,60,0.0001846666666666666,
35,60,3.999999999999998e-06,
36,60,6.666666666666664e-06,
37,60,0.00013266666666666662,
38,60,0.00024333333333333322,
39,60,0.00027799999999999987,
40,60,0.0002953333333333332,
41,60,0.0003226666666666665,
42,60,0.00032399999999999985,
43,60,0.0003013333333333332,
44,60,0.0004219999999999998,
45,60,0.0005186666666666664,
46,60,0.00037533333333333315,
47,60,0.0002953333333333332,
48,60,0.0003359999999999999,
49,60,0.00034399999999999985,
50,60,0.0003839999999999998,
51,60,0.0003466666666666665,
52,60,0.00033999999999999986,
53,60,0.0003739999999999999,
54,60,0.00042799999999999983,
55,60,0.0003693333333333332,
56,60,0.0003893333333333331,
57,60,0.00037266666666666655,
58,60,0.00031066666666666656,
59,60,0.0003939999999999998,
60,60,0.0002933333333333332,
61,60,0.0003346666666666665,
62,60,0.00021066666666666657,
63,60,0.0003166666666666665,
64,60,0.0003346666666666665,
65,60,0.0004033333333333331,
66,60,0.00023066666666666654,
67,60,0.0004106666666666665,
68,60,0.00045999999999999974,
69,60,0.00047599999999999975,
70,60,0.00039133333333333316,
71,60,0.00040066666666666647,
72,60,0.0005246666666666664,
73,60,0.0005446666666666664,
74,60,0.0005253333333333332,
75,60,0.00033666666666666654,
76,60,0.0004139999999999998,
77,60,0.0004879999999999998,
78,60,0.0003926666666666665,
79,60,0.0002853333333333332,
80,60,0.00023333333333333322,
81,60,0.0005146666666666664,
82,60,0.0004499999999999998,
83,60,0.00042133333333333313,
84,60,0.0005059999999999997,
85,60,0.00041933333333333314,
86,60,0.0004973333333333331,
87,60,0.00032933333333333317,
88,60,0.0004139999999999998,
89,60,0.0003079999999999999,
90,60,0.0003593333333333332,
91,60,0.00023066666666666654,
92,60,0.00030666666666666657,
93,60,0.0002553333333333332,
94,60,0.0001826666666666666,
95,60,0.00012399999999999995,
96,60,9.13333333333333e-05,
97,60,6.466666666666663e-05,
98,60,2.3999999999999987e-05,
99,60,1.0666666666666662e-05,
100,60,7.33333333333333e-06,
101,60,3.333333333333332e-05,
102,60,1.0666666666666662e-05,
103,60,1.3333333333333328e-05,
104,60,6.666666666666664e-07,
105,60,1.3333333333333328e-06,
106,60,2.1333333333333324e-05,
107,60,1.3999999999999995e-05,
108,60,0.0,
109,60,0.0,
110,60,2.3999999999999987e-05,
111,60,2.799999999999999e-05,
112,60,2.733333333333332e-05,
113,60,0.0,
114,60,0.0,
115,60,0.0,
116,60,0.0,
117,60,0.0,
118,60,0.0,
119,60,0.0,
120,60,0.0,
121,60,0.0,
122,60,0.0,
123,60,0.0,
124,60,0.0,
125,60,0.0,
126,60,0.0,
127,60,0.0,
0,61,0.0,
1,61,0.0,
2,61,0.0,
3,61,0.0,
4,61,0.0,
5,61,0.0,
6,61,2.933333333333332e-05,
7,61,2.1333333333333324e-05,
8,61,0.0,
9,61,0.0,
10,61,1.1999999999999994e-05,
11,61,0.0,
12,61,0.0,
13,61,0.0,
14,61,0.0,
15,61,0.0,
16,61,0.0,
17,61,0.0,
18,61,0.0,
19,61,0.0,
20,61,0.0,
21,61,0.0,
22,61,0.0,
23,61,0.0,
24,61,0.0,
25,61,2.0666666666666656e-05,
26,61,2.3999999999999987e-05,
27,61,3.733333333333332e-05,
28,61,0.00013399999999999995,
29,61,0.0001806666666666666,
30,61,0.00017133333333333326,
31,61,1.266666666666666e-05,
32,61,7.666666666666664e-05,
33,61,0.00016466666666666659,
34,61,0.0001506666666666666,
35,61,8.13333333333333e-05,
36,61,0.00017799999999999994,
37,61,0.00020666666666666658,
38,61,0.00012933333333333327,
39,61,0.0001899999999999999,
40,61,0.0002593333333333332,
41,61,0.0002519999999999999,
42,61,0.0003053333333333332,
43,61,0.0002699999999999999,
44,61,0.0003306666666666665,
45,61,0.0002933333333333332,
46,61,0.00027066666666666656,
47,61,0.00032799999999999984,
48,61,0.00030199999999999986,
49,61,0.0004059999999999998,
50,61,0.0003159999999999998,
51,61,0.0003406666666666665,
52,61,0.0004886666666666664,
53,61,0.00041933333333333314,
54,61,0.00035999999999999986,
55,61,0.0003966666666666665,
56,61,0.0003799999999999998,
57,61,0.0003573333333333332,
58,61,0.0003099999999999999,
59,61,0.0003033333333333332,
60,61,0.00036866666666666656,
61,61,0.0002419999999999999,
62,61,0.00028066666666666653,
63,61,0.0003699999999999999,
64,61,0.0003226666666666665,
65,61,0.0002959999999999999,
66,61,0.0004039999999999998,
67,61,0.0003079999999999999,
68,61,0.0004219999999999998,
69,61,0.0003919999999999998,
70,61,0.00044066666666666646,
71,61,0.0004346666666666665,
72,61,0.0005146666666666664,
73,61,0.0004913333333333331,
74,61,0.0005519999999999998,
75,61,0.0004973333333333331,
76,61,0.000555333333333333,
77,61,0.0004306666666666665,
78,61,0.0004073333333333331,
79,61,0.0004119999999999998,
80,61,0.0004933333333333331,
81,61,0.0004586666666666664,
82,61,0.00043133333333333316,
83,61,0.0005193333333333331,
84,61,0.0004913333333333331,
85,61,0.00046133333333333307,
86,61,0.0005206666666666665,
87,61,0.0003486666666666665,
88,61,0.0004606666666666664,
89,61,0.00016599999999999991,
90,61,0.00022199999999999992,
91,61,0.00016199999999999993,
92,61,0.00016466666666666659,
93,61,0.00014733333333333327,
94,61,0.0002126666666666666,
95,61,0.00017466666666666658,
96,61,0.00013266666666666662,
97,61,0.00010933333333333328,
98,61,2.0666666666666656e-05,
99,61,2.3999999999999987e-05,
100,61,2.2666666666666657e-05,
101,61,9.999999999999996e-06,
102,61,2.2666666666666657e-05,
103,61,1.266666666666666e-05,
104,61,3.333333333333332e-06,
105,61,1.266666666666666e-05,
106,61,0.0,
107,61,1.799999999999999e-05,
108,61,0.0,
109,61,0.0,
110,61,2.533333333333332e-05,
111,61,4.133333333333331e-05,
112,61,9.999999999999996e-06,
113,61,5.333333333333331e-06,
114,61,0.0,
115,61,0.0,
116,61,0.0,
117,61,0.0,
118,61,0.0,
119,61,0.0,
120,61,0.0,
121,61,0.0,
122,61,0.0,
123,61,0.0,
124,61,0.0,
125,61,0.0,
126,61,0.0,
127,61,0.0,
0,62,0.0,
1,62,0.0,
2,62,0.0,
3,62,0.0,
4,62,0.0,
5,62,9.999999999999996e-06,
6,62,2.4666666666666655e-05,
7,62,1.266666666666666e-05,
8,62,0.0,
9,62,0.0,
10,62,3.1999999999999985e-05,
11,62,0.0,
12,62,0.0,
13,62,0.0,
14,62,2.9999999999999984e-05,
15,62,1.3333333333333328e-06,
16,62,0.0,
17,62,0.0,
18,62,0.0,
19,62,1.3333333333333328e-06,
20,62,0.0,
21,62,0.0,
22,62,0.0,
23,62,0.0,
24,62,0.0,
25,62,2.5999999999999988e-05,
26,62,2.799999999999999e-05,
27,62,5.6666666666666644e-05,
28,62,9.866666666666662e-05,
29,62,0.00012799999999999994,
30,62,0.00010666666666666663,
31,62,3.0666666666666655e-05,
32,62,0.0001919999999999999,
33,62,0.00014533333333333328,
34,62,0.00019866666666666657,
35,62,9.733333333333328e-05,
36,62,0.0001446666666666666,
37,62,0.00014333333333333326,
38,62,0.00022999999999999987,
39,62,2.6666666666666656e-05,
40,62,0.0002519999999999999,
41,62,0.00023466666666666655,
42,62,0.00031999999999999986,
43,62,0.00033133333333333317,
44,62,0.00037466666666666654,
45,62,0.00038333333333333313,
46,62,0.0003819999999999998,
47,62,0.0004586666666666664,
48,62,0.0003146666666666665,
49,62,0.00038866666666666645,
50,62,0.00042133333333333313,
51,62,0.00038266666666666646,
52,62,0.0005326666666666664,
53,62,0.0004233333333333331,
54,62,0.00039933333333333314,
55,62,0.0003273333333333332,
56,62,0.00039933333333333314,
57,62,0.0004746666666666664,
58,62,0.00037933333333333314,
59,62,0.0003779999999999998,
60,62,0.0003433333333333332,
61,62,0.0002179999999999999,
62,62,0.0002659999999999999,
63,62,0.0005093333333333331,
64,62,0.0003519999999999999,
65,62,0.00024333333333333322,
66,62,0.0003033333333333332,
67,62,0.0003159999999999998,
68,62,0.00031066666666666656,
69,62,0.0005079999999999998,
70,62,0.0005173333333333331,
71,62,0.0004546666666666665,
72,62,0.0005433333333333331,
73,62,0.0004566666666666665,
74,62,0.0005419999999999997,
75,62,0.0005433333333333331,
76,62,0.00041933333333333314,
77,62,0.00041866666666666647,
78,62,0.00036866666666666656,
79,62,0.0004146666666666665,
80,62,0.0006066666666666664,
81,62,0.0004253333333333332,
82,62,0.00046999999999999977,
83,62,0.00046466666666666645,
84,62,0.00046399999999999973,
85,62,0.0005086666666666665,
86,62,0.0004933333333333331,
87,62,0.0002873333333333332,
88,62,0.0003193333333333332,
89,62,0.00032799999999999984,
90,62,0.00020133333333333323,
91,62,0.00015666666666666658,
92,62,0.0001706666666666666,
93,62,0.00015599999999999994,
94,62,0.00024133333333333323,
95,62,0.00017333333333333325,
96,62,4.733333333333331e-05,
97,62,0.00016333333333333326,
98,62,5.7999999999999966e-05,
99,62,3.733333333333332e-05,
100,62,1.266666666666666e-05,
101,62,8.666666666666663e-06,
102,62,1.1999999999999994e-05,
103,62,1.5333333333333328e-05,
104,62,0.0,
105,62,1.266666666666666e-05,
106,62,0.0,
107,62,0.0,
108,62,0.0,
109,62,2.799999999999999e-05,
110,62,3.466666666666665e-05,
111,62,1.3333333333333328e-06,
112,62,1.999999999999999e-05,
113,62,0.0,
114,62,0.0,
115,62,0.0,
116,62,0.0,
117,62,0.0,
118,62,0.0,
119,62,0.0,
120,62,0.0,
121,62,0.0,
122,62,0.0,
123,62,0.0,
124,62,0.0,
125,62,0.0,
126,62,0.0,
127,62,0.0,
0,63,0.0,
1,63,0.0,
2,63,0.0,
3,63,0.0,
4,63,0.0,
5,63,3.999999999999998e-06,
6,63,1.3333333333333328e-05,
7,63,3.399999999999998e-05,
8,63,9.33333333333333e-06,
9,63,0.0,
10,63,4.066666666666665e-05,
11,63,2.1333333333333324e-05,
12,63,0.0,
13,63,0.0,
14,63,1.999999999999999e-06,
15,63,2.533333333333332e-05,
16,63,0.0,
17,63,0.0,
18,63,0.0,
19,63,1.466666666666666e-05,
20,63,6.666666666666664e-06,
21,63,2.933333333333332e-05,
22,63,0.0,
23,63,7.13333333333333e-05,
24,63,0.0,
25,63,4.666666666666665e-06,
26,63,1.1333333333333329e-05,
27,63,4.5333333333333315e-05,
28,63,9.13333333333333e-05,
29,63,8.199999999999996e-05,
30,63,0.00011333333333333329,
31,63,0.0001486666666666666,
32,63,0.00015533333333333328,
33,63,0.00016466666666666659,
34,63,0.0001186666666666666,
35,63,7.199999999999996e-05,
36,63,0.00020933333333333324,
37,63,0.00011533333333333327,
38,63,0.00014533333333333328,
39,63,0.0001466666666666666,
40,63,0.00023799999999999988,
41,63,0.00030599999999999985,
42,63,0.00037533333333333315,
43,63,0.00038066666666666647,
44,63,0.0004059999999999998,
45,63,0.00031533333333333316,
46,63,0.00040466666666666646,
47,63,0.0003999999999999998,
48,63,0.0004119999999999998,
49,63,0.0004773333333333331,
50,63,0.0004146666666666665,
51,63,0.0003473333333333332,
52,63,0.0004839999999999998,
53,63,0.00046399999999999973,
54,63,0.0005366666666666664,
55,63,0.0004966666666666664,
56,63,0.0004953333333333331,
57,63,0.0004839999999999998,
58,63,0.0003779999999999998,
59,63,0.0004346666666666665,
60,63,0.00031066666666666656,
61,63,0.0004499999999999998,
62,63,0.00034199999999999986,
63,63,0.00039066666666666644,
64,63,0.00033133333333333317,
65,63,0.00033133333333333317,
66,63,0.00038666666666666645,
67,63,0.0002813333333333332,
68,63,0.0003473333333333332,
69,63,0.0004606666666666664,
70,63,0.00041333333333333315,
71,63,0.0004813333333333331,
72,63,0.0005346666666666665,
73,63,0.0005386666666666665,
74,63,0.0005526666666666664,
75,63,0.0005306666666666665,
76,63,0.0003946666666666665,
77,63,0.00039533333333333315,
78,63,0.00033666666666666654,
79,63,0.0004859999999999998,
80,63,0.0005799999999999998,
81,63,0.00035133333333333316,
82,63,0.00035133333333333316,
83,63,0.00046199999999999974,
84,63,0.0005159999999999997,
85,63,0.0004766666666666664,
86,63,0.0004906666666666665,
87,63,0.0002419999999999999,
88,63,0.0003859999999999998,
89,63,0.0003126666666666665,
90,63,0.0001866666666666666,
91,63,0.00023266666666666656,
92,63,9.399999999999995e-05,
93,63,6.399999999999997e-05,
94,63,0.00010999999999999995,
95,63,9.999999999999995e-05,
96,63,7.799999999999997e-05,
97,63,0.00011266666666666662,
98,63,4.466666666666665e-05,
99,63,3.866666666666665e-05,
100,63,6.53333333333333e-05,
101,63,1.266666666666666e-05,
102,63,5.466666666666664e-05,
103,63,1.7333333333333325e-05,
104,63,3.666666666666665e-05,
105,63,1.0666666666666662e-05,
106,63,7.999999999999996e-06,
107,63,0.0,
108,63,0.0,
109,63,1.9333333333333327e-05,
110,63,3.133333333333332e-05,
111,63,0.0,
112,63,0.0,
113,63,0.0,
114,63,0.0,
115,63,0.0,
116,63,0.0,
117,63,0.0,
118,63,0.0,
119,63,0.0,
120,63,0.0,
121,63,0.0,
122,63,0.0,
123,63,0.0,
124,63,0.0,
125,63,0.0,
126,63,0.0,
127,63,0.0,
0,64,0.0,
1,64,0.0,
2,64,0.0,
3,64,0.0,
4,64,0.0,
5,64,6.399999999999997e-05,
6,64,2.533333333333332e-05,
7,64,1.999999999999999e-06,
8,64,2.5999999999999988e-05,
9,64,0.0,
10,64,9.999999999999996e-06,
11,64,3.0666666666666655e-05,
12,64,0.0,
13,64,0.0,
14,64,1.0666666666666662e-05,
15,64,3.0666666666666655e-05,
16,64,0.0,
17,64,0.0,
18,64,0.0,
19,64,3.133333333333332e-05,
20,64,4.666666666666665e-06,
21,64,8.666666666666663e-06,
22,64,2.3333333333333326e-05,
23,64,1.1333333333333329e-05,
24,64,0.0,
25,64,2.4666666666666655e-05,
26,64,7.13333333333333e-05,
27,64,6.999999999999997e-05,
28,64,6.866666666666664e-05,
29,64,0.00015333333333333328,
30,64,0.00020133333333333323,
31,64,0.00032066666666666653,
32,64,0.00013266666666666662,
33,64,0.0001286666666666666,
34,64,0.00019466666666666656,
35,64,0.0001386666666666666,
36,64,0.0001786666666666666,
37,64,8.599999999999996e-05,
38,64,0.00017466666666666658,
39,64,0.00021533333333333325,
40,64,0.00032999999999999984,
41,64,0.0001766666666666666,
42,64,0.00039866666666666647,
43,64,0.00040466666666666646,
44,64,0.00032933333333333317,
45,64,0.00033799999999999987,
46,64,0.00043333333333333315,
47,64,0.0003446666666666665,
48,64,0.00029999999999999987,
49,64,0.00030199999999999986,
50,64,0.0003533333333333332,
51,64,0.0003079999999999999,
52,64,0.0004466666666666665,
53,64,0.0004319999999999998,
54,64,0.0004033333333333331,
55,64,0.0004519999999999998,
56,64,0.0004973333333333331,
57,64,0.0004233333333333331,
58,64,0.0003646666666666665,
59,64,0.00046133333333333307,
60,64,0.0004506666666666665,
61,64,0.0004346666666666665,
62,64,0.00047999999999999974,
63,64,0.00037933333333333314,
64,64,0.0002479999999999999,
65,64,0.0003633333333333332,
66,64,0.00038466666666666646,
67,64,0.0002439999999999999,
68,64,0.0003466666666666665,
69,64,0.0003466666666666665,
70,64,0.0003413333333333332,
71,64,0.0004433333333333332,
72,64,0.0005253333333333332,
73,64,0.00046333333333333307,
74,64,0.0005579999999999997,
75,64,0.0005139999999999998,
76,64,0.0005146666666666664,
77,64,0.0004679999999999998,
78,64,0.0004746666666666664,
79,64,0.00033999999999999986,
80,64,0.00038266666666666646,
81,64,0.00022466666666666658,
82,64,0.00038066666666666647,
83,64,0.0004586666666666664,
84,64,0.0004539999999999998,
85,64,0.0004253333333333332,
86,64,0.0004019999999999998,
87,64,0.00020333333333333323,
88,64,0.0003473333333333332,
89,64,0.00020333333333333323,
90,64,0.00019533333333333322,
91,64,0.00018733333333333327,
92,64,0.0001286666666666666,
93,64,0.00011066666666666663,
94,64,0.00013466666666666662,
95,64,9.999999999999995e-05,
96,64,0.00014399999999999992,
97,64,2.5999999999999988e-05,
98,64,9.33333333333333e-05,
99,64,3.599999999999998e-05,
100,64,7.399999999999997e-05,
101,64,2.6666666666666656e-06,
102,64,2.799999999999999e-05,
103,64,7.999999999999996e-06,
104,64,1.866666666666666e-05,
105,64,3.999999999999998e-06,
106,64,2.6666666666666656e-06,
107,64,0.0,
108,64,0.0,
109,64,5.333333333333331e-06,
110,64,4.266666666666665e-05,
111,64,0.0,
112,64,0.0,
113,64,0.0,
114,64,0.0,
115,64,0.0,
116,64,0.0,
117,64,0.0,
118,64,0.0,
119,64,0.0,
120,64,0.0,
121,64,0.0,
122,64,0.0,
123,64,0.0,
124,64,0.0,
125,64,0.0,
126,64,0.0,
127,64,0.0,
0,65,0.0,
1,65,0.0,
2,65,0.0,
3,65,0.0,
4,65,0.0,
5,65,0.0,
6,65,2.4666666666666655e-05,
7,65,0.0,
8,65,9.999999999999996e-06,
9,65,0.0,
10,65,0.0,
11,65,1.799999999999999e-05,
12,65,6.93333333333333e-05,
13,65,1.1333333333333329e-05,
14,65,1.3333333333333328e-06,
15,65,1.466666666666666e-05,
16,65,0.0,
17,65,0.0,
18,65,0.0,
19,65,2.0666666666666656e-05,
20,65,1.466666666666666e-05,
21,65,1.999999999999999e-06,
22,65,3.5333333333333316e-05,
23,65,2.3333333333333326e-05,
24,65,0.0,
25,65,0.0,
26,65,5.866666666666664e-05,
27,65,0.00011933333333333327,
28,65,7.199999999999996e-05,
29,65,0.00010533333333333328,
30,65,0.0002199999999999999,
31,65,0.0001526666666666666,
32,65,0.0001959999999999999,
33,65,0.00011599999999999993,
34,65,0.00022666666666666657,
35,65,0.00010799999999999996,
36,65,0.00016133333333333326,
37,65,0.00010066666666666662,
38,65,8.399999999999997e-05,
39,65,0.00015933333333333327,
40,65,0.00032999999999999984,
41,65,0.0003179999999999998,
42,65,0.0003959999999999998,
43,65,0.0004139999999999998,
44,65,0.0004286666666666665,
45,65,0.0003139999999999998,
46,65,0.00035799999999999987,
47,65,0.0003306666666666665,
48,65,0.00045533333333333314,
49,65,0.00037733333333333314,
50,65,0.0004286666666666665,
51,65,0.0003959999999999998,
52,65,0.0004966666666666664,
53,65,0.00044133333333333313,
54,65,0.00044533333333333317,
55,65,0.0004906666666666665,
56,65,0.00043133333333333316,
57,65,0.00040066666666666647,
58,65,0.0003406666666666665,
59,65,0.00047599999999999975,
60,65,0.0004746666666666664,
61,65,0.0004679999999999998,
62,65,0.0005006666666666664,
63,65,0.0004546666666666665,
64,65,0.00044199999999999985,
65,65,0.0003946666666666665,
66,65,0.00042599999999999984,
67,65,0.0003733333333333332,
68,65,0.0003453333333333332,
69,65,0.00034399999999999985,
70,65,0.00035999999999999986,
71,65,0.00031333333333333316,
72,65,0.0004806666666666664,
73,65,0.00046666666666666645,
74,65,0.0005139999999999998,
75,65,0.00044399999999999984,
76,65,0.00044533333333333317,
77,65,0.0004693333333333331,
78,65,0.0004773333333333331,
79,65,0.0005266666666666665,
80,65,0.0005253333333333332,
81,65,0.0003453333333333332,
82,65,0.0003166666666666665,
83,65,0.00041733333333333314,
84,65,0.00048666666666666644,
85,65,0.0004873333333333331,
86,65,0.00039333333333333315,
87,65,0.0003613333333333332,
88,65,0.00027066666666666656,
89,65,0.0001313333333333333,
90,65,0.00012533333333333328,
91,65,0.00012999999999999993,
92,65,2.1999999999999993e-05,
93,65,0.00010599999999999995,
94,65,0.0001959999999999999,
95,65,0.00017333333333333325,
96,65,4.1999999999999984e-05,
97,65,4.066666666666665e-05,
98,65,4.599999999999998e-05,
99,65,6.133333333333331e-05,
100,65,8.199999999999996e-05,
101,65,7.199999999999996e-05,
102,65,5.266666666666664e-05,
103,65,1.7333333333333325e-05,
104,65,7.999999999999996e-06,
105,65,1.0666666666666662e-05,
106,65,3.333333333333332e-06,
107,65,1.3333333333333328e-06,
108,65,1.0666666666666662e-05,
109,65,0.0,
110,65,2.0666666666666656e-05,
111,65,0.0,
112,65,0.0,
113,65,0.0,
114,65,0.0,
115,65,0.0,
116,65,0.0,
117,65,0.0,
118,65,0.0,
119,65,0.0,
120,65,0.0,
121,65,0.0,
122,65,0.0,
123,65,0.0,
124,65,0.0,
125,65,0.0,
126,65,0.0,
127,65,0.0,
0,66,0.0,
1,66,0.0,
2,66,0.0,
3,66,0.0,
4,66,0.0,
5,66,0.0,
6,66,0.0,
7,66,0.0,
8,66,0.0,
9,66,0.0,
10,66,0.0,
11,66,1.266666666666666e-05,
12,66,0.0,
13,66,3.999999999999998e-06,
14,66,0.0,
15,66,3.999999999999998e-06,
16,66,6.666666666666664e-07,
17,66,0.0,
18,66,0.0,
19,66,3.666666666666665e-05,
20,66,1.3999999999999995e-05,
21,66,1.5333333333333328e-05,
22,66,2.1333333333333324e-05,
23,66,2.3999999999999987e-05,
24,66,0.0,
25,66,0.0,
26,66,4.666666666666665e-06,
27,66,8.666666666666663e-06,
28,66,2.1999999999999993e-05,
29,66,2.933333333333332e-05,
30,66,0.00012999999999999993,
31,66,0.00022133333333333326,
32,66,0.00014533333333333328,
33,66,0.00012133333333333328,
34,66,0.00018399999999999992,
35,66,1.3333333333333328e-05,
36,66,0.00011999999999999994,
37,66,0.00013399999999999995,
38,66,0.00010599999999999995,
39,66,0.0001486666666666666,
40,66,0.0003046666666666665,
41,66,0.0004359999999999998,
42,66,0.00035133333333333316,
43,66,0.0004446666666666665,
44,66,0.0004793333333333331,
45,66,0.00036733333333333317,
46,66,0.00040999999999999983,
47,66,0.0003626666666666665,
48,66,0.00042599999999999984,
49,66,0.00037933333333333314,
50,66,0.0003739999999999999,
51,66,0.00026866666666666657,
52,66,0.0005126666666666665,
53,66,0.0004946666666666665,
54,66,0.000489333333333333,
55,66,0.0004566666666666665,
56,66,0.0005266666666666665,
57,66,0.0004979999999999997,
58,66,0.0004166666666666665,
59,66,0.00046999999999999977,
60,66,0.0004059999999999998,
61,66,0.00039866666666666647,
62,66,0.0004233333333333331,
63,66,0.00035866666666666653,
64,66,0.00041333333333333315,
65,66,0.00032933333333333317,
66,66,0.0003473333333333332,
67,66,0.0003879999999999998,
68,66,0.0003486666666666665,
69,66,0.0002899999999999999,
70,66,0.00022666666666666657,
71,66,0.00031866666666666653,
72,66,0.0004346666666666665,
73,66,0.00041866666666666647,
74,66,0.0004139999999999998,
75,66,0.0005919999999999998,
76,66,0.0003346666666666665,
77,66,0.0004319999999999998,
78,66,0.0004166666666666665,
79,66,0.0004079999999999998,
80,66,0.00035999999999999986,
81,66,0.0003699999999999999,
82,66,0.0005813333333333331,
83,66,0.00044799999999999983,
84,66,0.0004499999999999998,
85,66,0.0004579999999999998,
86,66,0.0003613333333333332,
87,66,0.00044933333333333316,
88,66,0.00024133333333333323,
89,66,0.0001286666666666666,
90,66,0.0001146666666666666,
91,66,0.0002459999999999999,
92,66,0.00017733333333333327,
93,66,0.00016333333333333326,
94,66,0.00015333333333333328,
95,66,5.266666666666664e-05,
96,66,1.7333333333333325e-05,
97,66,5.599999999999998e-05,
98,66,3.799999999999998e-05,
99,66,2.0666666666666656e-05,
100,66,1.9333333333333327e-05,
101,66,2.5999999999999988e-05,
102,66,1.7333333333333325e-05,
103,66,4.466666666666665e-05,
104,66,2.533333333333332e-05,
105,66,5.999999999999997e-06,
106,66,5.999999999999997e-06,
107,66,3.999999999999998e-06,
108,66,3.333333333333332e-06,
109,66,0.0,
110,66,0.0,
111,66,0.0,
112,66,0.0,
113,66,0.0,
114,66,0.0,
115,66,0.0,
116,66,0.0,
117,66,0.0,
118,66,0.0,
119,66,0.0,
120,66,0.0,
121,66,0.0,
122,66,0.0,
123,66,0.0,
124,66,0.0,
125,66,0.0,
126,66,0.0,
127,66,0.0,
0,67,0.0,
1,67,0.0,
2,67,0.0,
3,67,0.0,
4,67,0.0,
5,67,0.0,
6,67,0.0,
7,67,0.0,
8,67,0.0,
9,67,0.0,
10,67,0.0,
11,67,1.999999999999999e-06,
12,67,0.0,
13,67,0.0,
14,67,0.0,
15,67,2.6666666666666656e-06,
16,67,1.0666666666666662e-05,
17,67,0.0,
18,67,0.0,
19,67,2.733333333333332e-05,
20,67,1.999999999999999e-06,
21,67,0.0,
22,67,5.999999999999997e-06,
23,67,1.3333333333333328e-06,
24,67,0.0,
25,67,0.0,
26,67,2.866666666666665e-05,
27,67,9.199999999999996e-05,
28,67,0.00013333333333333329,
29,67,7.933333333333329e-05,
30,67,5.399999999999998e-05,
31,67,0.00017933333333333327,
32,67,0.00011599999999999993,
33,67,4.933333333333331e-05,
34,67,5.6666666666666644e-05,
35,67,1.266666666666666e-05,
36,67,0.00011333333333333329,
37,67,0.00012733333333333328,
38,67,0.0001706666666666666,
39,67,0.00027866666666666654,
40,67,0.0002619999999999999,
41,67,0.00030666666666666657,
42,67,0.0003999999999999998,
43,67,0.0003126666666666665,
44,67,0.00044799999999999983,
45,67,0.00036733333333333317,
46,67,0.0004819999999999998,
47,67,0.00047199999999999976,
48,67,0.00041866666666666647,
49,67,0.0004539999999999998,
50,67,0.0005339999999999998,
51,67,0.0005813333333333331,
52,67,0.0004886666666666664,
53,67,0.000587333333333333,
54,67,0.0005293333333333332,
55,67,0.0004786666666666664,
56,67,0.0004506666666666665,
57,67,0.00042799999999999983,
58,67,0.00033199999999999983,
59,67,0.0004673333333333331,
60,67,0.0004926666666666664,
61,67,0.00043533333333333315,
62,67,0.00043933333333333313,
63,67,0.00037266666666666655,
64,67,0.00016666666666666658,
65,67,0.00023266666666666656,
66,67,0.00030199999999999986,
67,67,0.00031066666666666656,
68,67,0.0002813333333333332,
69,67,0.00030599999999999985,
70,67,0.00020533333333333325,
71,67,0.0003446666666666665,
72,67,0.0004659999999999998,
73,67,0.0004126666666666665,
74,67,0.0004359999999999998,
75,67,0.000565333333333333,
76,67,0.0003359999999999999,
77,67,0.0003306666666666665,
78,67,0.0004746666666666664,
79,67,0.0003839999999999998,
80,67,0.0003626666666666665,
81,67,0.0003159999999999998,
82,67,0.0004713333333333331,
83,67,0.0004773333333333331,
84,67,0.0003633333333333332,
85,67,0.00037466666666666654,
86,67,0.0003119999999999999,
87,67,0.0003033333333333332,
88,67,0.0001726666666666666,
89,67,0.00011999999999999994,
90,67,6.866666666666664e-05,
91,67,0.00011599999999999993,
92,67,7.199999999999996e-05,
93,67,0.00020066666666666657,
94,67,6.33333333333333e-05,
95,67,4.7999999999999974e-05,
96,67,1.5333333333333328e-05,
97,67,5.333333333333331e-05,
98,67,7.266666666666664e-05,
99,67,5.6666666666666644e-05,
100,67,3.799999999999998e-05,
101,67,2.533333333333332e-05,
102,67,1.5999999999999992e-05,
103,67,1.666666666666666e-05,
104,67,3.5333333333333316e-05,
105,67,2.5999999999999988e-05,
106,67,1.3333333333333328e-06,
107,67,0.0,
108,67,1.3333333333333328e-06,
109,67,0.0,
110,67,0.0,
111,67,0.0,
112,67,0.0,
113,67,0.0,
114,67,0.0,
115,67,0.0,
116,67,0.0,
117,67,0.0,
118,67,0.0,
119,67,0.0,
120,67,0.0,
121,67,0.0,
122,67,0.0,
123,67,0.0,
124,67,0.0,
125,67,0.0,
126,67,0.0,
127,67,0.0,
0,68,0.0,
1,68,0.0,
2,68,0.0,
3,68,0.0,
4,68,0.0,
5,68,0.0,
6,68,0.0,
7,68,0.0,
8,68,0.0,
9,68,0.0,
10,68,0.0,
11,68,0.0,
12,68,0.0,
13,68,0.0,
14,68,1.999999999999999e-06,
15,68,1.266666666666666e-05,
16,68,1.1999999999999994e-05,
17,68,0.0,
18,68,0.0,
19,68,2.0666666666666656e-05,
20,68,4.666666666666665e-06,
21,68,0.0,
22,68,0.0,
23,68,0.0,
24,68,0.0,
25,68,0.0,
26,68,9.266666666666664e-05,
27,68,4.599999999999998e-05,
28,68,5.066666666666664e-05,
29,68,2.1333333333333324e-05,
30,68,5.73333333333333e-05,
31,68,0.00024133333333333323,
32,68,0.00010866666666666662,
33,68,4.733333333333331e-05,
34,68,8.399999999999997e-05,
35,68,0.00016333333333333326,
36,68,6.599999999999998e-05,
37,68,4.599999999999998e-05,
38,68,0.00023333333333333322,
39,68,0.00022399999999999992,
40,68,0.0001959999999999999,
41,68,0.00031533333333333316,
42,68,0.00031733333333333315,
43,68,0.0004679999999999998,
44,68,0.0004673333333333331,
45,68,0.000573333333333333,
46,68,0.0003253333333333332,
47,68,0.00044133333333333313,
48,68,0.00046866666666666644,
49,68,0.0004346666666666665,
50,68,0.0003593333333333332,
51,68,0.0004593333333333331,
52,68,0.00039133333333333316,
53,68,0.0005639999999999997,
54,68,0.0005006666666666664,
55,68,0.00042466666666666645,
56,68,0.00045533333333333314,
57,68,0.0003799999999999998,
58,68,0.00042933333333333316,
59,68,0.0005333333333333331,
60,68,0.00045733333333333314,
61,68,0.00045533333333333314,
62,68,0.0004233333333333331,
63,68,0.0002593333333333332,
64,68,0.00024266666666666656,
65,68,0.00020133333333333323,
66,68,0.00030399999999999985,
67,68,0.00030199999999999986,
68,68,0.0002259999999999999,
69,68,0.00019866666666666657,
70,68,0.0002419999999999999,
71,68,0.0004106666666666665,
72,68,0.00029466666666666655,
73,68,0.0003573333333333332,
74,68,0.0003346666666666665,
75,68,0.00042599999999999984,
76,68,0.00032799999999999984,
77,68,0.00045133333333333315,
78,68,0.0004106666666666665,
79,68,0.0002626666666666666,
80,68,0.0003406666666666665,
81,68,0.0003853333333333331,
82,68,0.00029999999999999987,
83,68,0.0003246666666666665,
84,68,0.00033666666666666654,
85,68,0.00030866666666666656,
86,68,0.00023599999999999988,
87,68,0.00026533333333333324,
88,68,0.00013266666666666662,
89,68,0.00011333333333333329,
90,68,5.866666666666664e-05,
91,68,1.5999999999999992e-05,
92,68,2.9999999999999984e-05,
93,68,3.266666666666665e-05,
94,68,6.666666666666664e-06,
95,68,1.866666666666666e-05,
96,68,5.5333333333333314e-05,
97,68,7.33333333333333e-06,
98,68,2.533333333333332e-05,
99,68,3.799999999999998e-05,
100,68,2.4666666666666655e-05,
101,68,4.866666666666664e-05,
102,68,2.1999999999999993e-05,
103,68,8.666666666666663e-06,
104,68,2.2666666666666657e-05,
105,68,5.866666666666664e-05,
106,68,1.3333333333333328e-06,
107,68,0.0,
108,68,0.0,
109,68,0.0,
110,68,0.0,
111,68,0.0,
112,68,0.0,
113,68,0.0,
114,68,0.0,
115,68,0.0,
116,68,0.0,
117,68,0.0,
118,68,0.0,
119,68,0.0,
120,68,0.0,
121,68,0.0,
122,68,0.0,
123,68,0.0,
124,68,0.0,
125,68,0.0,
126,68,0.0,
127,68,0.0,
0,69,0.0,
1,69,0.0,
2,69,0.0,
3,69,0.0,
4,69,0.0,
5,69,0.0,
6,69,0.0,
7,69,0.0,
8,69,0.0,
9,69,0.0,
10,69,0.0,
11,69,0.0,
12,69,0.0,
13,69,0.0,
14,69,1.1333333333333329e-05,
15,69,9.999999999999996e-06,
16,69,4.599999999999998e-05,
17,69,2.6666666666666656e-06,
18,69,0.0,
19,69,2.3999999999999987e-05,
20,69,2.6666666666666656e-06,
21,69,0.0,
22,69,0.0,
23,69,0.0,
24,69,0.0,
25,69,0.0,
26,69,4.133333333333331e-05,
27,69,7.866666666666662e-05,
28,69,3.733333333333332e-05,
29,69,3.733333333333332e-05,
30,69,1.5333333333333328e-05,
31,69,0.0001726666666666666,
32,69,0.00012333333333333329,
33,69,5.93333333333333e-05,
34,69,8.466666666666663e-05,
35,69,0.00010399999999999995,
36,69,5.866666666666664e-05,
37,69,8.399999999999997e-05,
38,69,0.00017933333333333327,
39,69,0.0001313333333333333,
40,69,0.00020133333333333323,
41,69,0.00032599999999999985,
42,69,0.0003693333333333332,
43,69,0.0003413333333333332,
44,69,0.0004166666666666665,
45,69,0.0004733333333333331,
46,69,0.0004119999999999998,
47,69,0.00044066666666666646,
48,69,0.0003919999999999998,
49,69,0.0003879999999999998,
50,69,0.00040666666666666645,
51,69,0.0005079999999999998,
52,69,0.0005013333333333331,
53,69,0.0006666666666666663,
54,69,0.0003393333333333332,
55,69,0.0003699999999999999,
56,69,0.0004399999999999998,
57,69,0.0004039999999999998,
58,69,0.00041866666666666647,
59,69,0.000569333333333333,
60,69,0.00047799999999999975,
61,69,0.00037466666666666654,
62,69,0.0004339999999999998,
63,69,0.0003273333333333332,
64,69,0.00035466666666666654,
65,69,0.00028199999999999986,
66,69,0.0003819999999999998,
67,69,0.0002579999999999999,
68,69,0.0002519999999999999,
69,69,0.0003146666666666665,
70,69,0.0001959999999999999,
71,69,0.0003406666666666665,
72,69,0.0003426666666666665,
73,69,0.00041866666666666647,
74,69,0.0003646666666666665,
75,69,0.00046666666666666645,
76,69,0.00044733333333333317,
77,69,0.00033866666666666653,
78,69,0.00039933333333333314,
79,69,0.0002126666666666666,
80,69,0.0002973333333333332,
81,69,0.0002893333333333332,
82,69,0.0003353333333333332,
83,69,0.0002899999999999999,
84,69,0.00035666666666666654,
85,69,0.00014333333333333326,
86,69,0.00016533333333333325,
87,69,0.0002726666666666665,
88,69,0.00023799999999999988,
89,69,0.00011266666666666662,
90,69,0.00011266666666666662,
91,69,4.866666666666664e-05,
92,69,4.866666666666664e-05,
93,69,2.0666666666666656e-05,
94,69,3.799999999999998e-05,
95,69,6.666666666666664e-05,
96,69,1.799999999999999e-05,
97,69,2.4666666666666655e-05,
98,69,1.3333333333333328e-06,
99,69,9.999999999999996e-06,
100,69,2.933333333333332e-05,
101,69,2.1999999999999993e-05,
102,69,1.799999999999999e-05,
103,69,0.0,
104,69,3.466666666666665e-05,
105,69,3.799999999999998e-05,
106,69,1.999999999999999e-05,
107,69,0.0,
108,69,0.0,
109,69,0.0,
110,69,0.0,
111,69,0.0,
112,69,0.0,
113,69,0.0,
114,69,0.0,
115,69,0.0,
116,69,0.0,
117,69,0.0,
118,69,0.0,
119,69,0.0,
120,69,0.0,
121,69,0.0,
122,69,0.0,
123,69,0.0,
124,69,0.0,
125,69,0.0,
126,69,0.0,
127,69,0.0,
0,70,0.0,
1,70,0.0,
2,70,0.0,
3,70,0.0,
4,70,0.0,
5,70,0.0,
6,70,0.0,
7,70,0.0,
8,70,0.0,
9,70,0.0,
10,70,0.0,
11,70,0.0,
12,70,0.0,
13,70,1.3333333333333328e-06,
14,70,0.0,
15,70,1.0666666666666662e-05,
16,70,9.999999999999996e-06,
17,70,0.0,
18,70,0.0,
19,70,3.333333333333332e-06,
20,70,0.0,
21,70,0.0,
22,70,0.0,
23,70,0.0,
24,70,0.0,
25,70,0.0,
26,70,8.066666666666663e-05,
27,70,3.599999999999998e-05,
28,70,3.466666666666665e-05,
29,70,7.799999999999997e-05,
30,70,5.466666666666664e-05,
31,70,5.266666666666664e-05,
32,70,5.466666666666664e-05,
33,70,8.866666666666664e-05,
34,70,0.00011333333333333329,
35,70,3.733333333333332e-05,
36,70,9.13333333333333e-05,
37,70,7.53333333333333e-05,
38,70,0.00014933333333333327,
39,70,0.00017799999999999994,
40,70,0.0002499999999999999,
41,70,0.00037266666666666655,
42,70,0.00036733333333333317,
43,70,0.0004299999999999998,
44,70,0.0003839999999999998,
45,70,0.00032599999999999985,
46,70,0.00031533333333333316,
47,70,0.0004253333333333332,
48,70,0.00044533333333333317,
49,70,0.0003633333333333332,
50,70,0.0004839999999999998,
51,70,0.0005339999999999998,
52,70,0.0005326666666666664,
53,70,0.000633333333333333,
54,70,0.00033199999999999983,
55,70,0.0003166666666666665,
56,70,0.00039866666666666647,
57,70,0.0004179999999999998,
58,70,0.00035666666666666654,
59,70,0.0005353333333333331,
60,70,0.0005626666666666664,
61,70,0.0004746666666666664,
62,70,0.00043133333333333316,
63,70,0.0004199999999999998,
64,70,0.0003699999999999999,
65,70,0.0003226666666666665,
66,70,0.0003253333333333332,
67,70,0.0003099999999999999,
68,70,0.00036399999999999985,
69,70,0.00031999999999999986,
70,70,0.00029066666666666656,
71,70,0.00038133333333333313,
72,70,0.0003359999999999999,
73,70,0.00029266666666666655,
74,70,0.0003739999999999999,
75,70,0.0004126666666666665,
76,70,0.0003939999999999998,
77,70,0.00033333333333333316,
78,70,0.0003919999999999998,
79,70,0.00022066666666666656,
80,70,0.00024666666666666657,
81,70,0.00026666666666666657,
82,70,0.0002679999999999999,
83,70,0.00016133333333333326,
84,70,0.0004079999999999998,
85,70,0.0003053333333333332,
86,70,0.0002446666666666665,
87,70,0.0003126666666666665,
88,70,0.00022866666666666657,
89,70,0.0001826666666666666,
90,70,8.066666666666663e-05,
91,70,5.133333333333331e-05,
92,70,6.866666666666664e-05,
93,70,4.733333333333331e-05,
94,70,6.066666666666664e-05,
95,70,0.00010533333333333328,
96,70,1.799999999999999e-05,
97,70,4.5333333333333315e-05,
98,70,0.0,
99,70,4.3333333333333314e-05,
100,70,4.7999999999999974e-05,
101,70,0.0,
102,70,6.666666666666664e-07,
103,70,1.3333333333333328e-06,
104,70,9.33333333333333e-06,
105,70,0.0,
106,70,1.5999999999999992e-05,
107,70,0.0,
108,70,0.0,
109,70,0.0,
110,70,0.0,
111,70,0.0,
112,70,0.0,
113,70,0.0,
114,70,0.0,
115,70,0.0,
116,70,0.0,
117,70,0.0,
118,70,0.0,
119,70,0.0,
120,70,0.0,
121,70,0.0,
122,70,0.0,
123,70,0.0,
124,70,0.0,
125,70,0.0,
126,70,0.0,
127,70,0.0,
0,71,0.0,
1,71,0.0,
2,71,0.0,
3,71,0.0,
4,71,0.0,
5,71,0.0,
6,71,0.0,
7,71,0.0,
8,71,0.0,
9,71,0.0,
10,71,0.0,
11,71,0.0,
12,71,0.0,
13,71,0.0,
14,71,2.0666666666666656e-05,
15,71,2.2666666666666657e-05,
16,71,3.333333333333332e-05,
17,71,5.266666666666664e-05,
18,71,0.0,
19,71,2.6666666666666656e-06,
20,71,1.666666666666666e-05,
21,71,0.0,
22,71,0.0,
23,71,0.0,
24,71,0.0,
25,71,0.0,
26,71,1.9333333333333327e-05,
27,71,3.5333333333333316e-05,
28,71,1.799999999999999e-05,
29,71,2.733333333333332e-05,
30,71,8.599999999999996e-05,
31,71,4.133333333333331e-05,
32,71,5.1999999999999976e-05,
33,71,3.666666666666665e-05,
34,71,5.333333333333331e-05,
35,71,8.666666666666663e-05,
36,71,6.066666666666664e-05,
37,71,0.00012733333333333328,
38,71,0.0003026666666666665,
39,71,0.0002953333333333332,
40,71,0.00032066666666666653,
41,71,0.0004713333333333331,
42,71,0.00046333333333333307,
43,71,0.0004753333333333331,
44,71,0.0003713333333333332,
45,71,0.0004486666666666665,
46,71,0.0004319999999999998,
47,71,0.0003286666666666665,
48,71,0.00030599999999999985,
49,71,0.0004053333333333331,
50,71,0.0005226666666666664,
51,71,0.0005333333333333331,
52,71,0.0005293333333333332,
53,71,0.0005286666666666664,
54,71,0.0004793333333333331,
55,71,0.0004033333333333331,
56,71,0.00040133333333333313,
57,71,0.00047799999999999975,
58,71,0.00044933333333333316,
59,71,0.0005039999999999998,
60,71,0.0005313333333333331,
61,71,0.0004033333333333331,
62,71,0.00043133333333333316,
63,71,0.0003733333333333332,
64,71,0.0003893333333333331,
65,71,0.0002726666666666665,
66,71,0.00032933333333333317,
67,71,0.00036399999999999985,
68,71,0.0003213333333333332,
69,71,0.0003113333333333332,
70,71,0.00026533333333333324,
71,71,0.00032199999999999986,
72,71,0.0002886666666666665,
73,71,0.00027199999999999984,
74,71,0.0003979999999999998,
75,71,0.0004146666666666665,
76,71,0.0004233333333333331,
77,71,0.0004906666666666665,
78,71,0.00039133333333333316,
79,71,0.00034799999999999984,
80,71,0.0003359999999999999,
81,71,0.00038266666666666646,
82,71,0.0003159999999999998,
83,71,0.00026866666666666657,
84,71,0.00036799999999999984,
85,71,0.0003553333333333332,
86,71,0.0002846666666666665,
87,71,0.0002199999999999999,
88,71,0.00027799999999999987,
89,71,9.13333333333333e-05,
90,71,0.00012399999999999995,
91,71,0.0001406666666666666,
92,71,8.999999999999997e-05,
93,71,2.533333333333332e-05,
94,71,2.2666666666666657e-05,
95,71,7.33333333333333e-05,
96,71,5.7999999999999966e-05,
97,71,3.999999999999998e-06,
98,71,0.0,
99,71,4.266666666666665e-05,
100,71,1.266666666666666e-05,
101,71,0.0,
102,71,8.666666666666663e-06,
103,71,6.666666666666664e-07,
104,71,0.0,
105,71,0.0,
106,71,0.0,
107,71,0.0,
108,71,0.0,
109,71,0.0,
110,71,0.0,
111,71,0.0,
112,71,0.0,
113,71,0.0,
114,71,0.0,
115,71,0.0,
116,71,0.0,
117,71,0.0,
118,71,0.0,
119,71,0.0,
120,71,0.0,
121,71,0.0,
122,71,0.0,
123,71,0.0,
124,71,0.0,
125,71,0.0,
126,71,1.3333333333333328e-05,
127,71,0.0,
0,72,0.0,
1,72,0.0,
2,72,0.0,
3,72,0.0,
4,72,0.0,
5,72,0.0,
6,72,0.0,
7,72,0.0,
8,72,0.0,
9,72,0.0,
10,72,0.0,
11,72,0.0,
12,72,0.0,
13,72,0.0,
14,72,0.0,
15,72,0.0,
16,72,1.999999999999999e-05,
17,72,6.666666666666664e-07,
18,72,0.0,
19,72,3.599999999999998e-05,
20,72,1.266666666666666e-05,
21,72,0.0,
22,72,0.0,
23,72,0.0,
24,72,0.0,
25,72,0.0,
26,72,1.999999999999999e-05,
27,72,8.666666666666663e-06,
28,72,1.3999999999999995e-05,
29,72,8.666666666666663e-06,
30,72,4.1999999999999984e-05,
31,72,8.266666666666663e-05,
32,72,1.999999999999999e-05,
33,72,4.933333333333331e-05,
34,72,9.799999999999996e-05,
35,72,6.599999999999998e-05,
36,72,9.199999999999996e-05,
37,72,0.0001186666666666666,
38,72,0.00021133333333333323,
39,72,0.00024333333333333322,
40,72,0.00040066666666666647,
41,72,0.0002579999999999999,
42,72,0.00038266666666666646,
43,72,0.0004033333333333331,
44,72,0.00045333333333333315,
45,72,0.00038266666666666646,
46,72,0.00045133333333333315,
47,72,0.0003013333333333332,
48,72,0.00017399999999999992,
49,72,0.00048266666666666645,
50,72,0.00044799999999999983,
51,72,0.0005706666666666664,
52,72,0.0005539999999999997,
53,72,0.0005359999999999998,
54,72,0.0005573333333333331,
55,72,0.000489333333333333,
56,72,0.00046666666666666645,
57,72,0.00042933333333333316,
58,72,0.0004166666666666665,
59,72,0.0005179999999999998,
60,72,0.0005119999999999998,
61,72,0.0004873333333333331,
62,72,0.00027666666666666654,
63,72,0.0003053333333333332,
64,72,0.0002626666666666666,
65,72,0.0002553333333333332,
66,72,0.00038666666666666645,
67,72,0.0004146666666666665,
68,72,0.0002659999999999999,
69,72,0.0003306666666666665,
70,72,0.00030199999999999986,
71,72,0.0003879999999999998,
72,72,0.0001999999999999999,
73,72,0.0002513333333333332,
74,72,0.0004079999999999998,
75,72,0.0003273333333333332,
76,72,0.00039333333333333315,
77,72,0.0004973333333333331,
78,72,0.0003453333333333332,
79,72,0.00046399999999999973,
80,72,0.00037733333333333314,
81,72,0.00048466666666666645,
82,72,0.0003859999999999998,
83,72,0.00033799999999999987,
84,72,0.00036799999999999984,
85,72,0.0003119999999999999,
86,72,0.0002539999999999999,
87,72,0.00032999999999999984,
88,72,0.0002313333333333332,
89,72,0.00021533333333333325,
90,72,0.00015666666666666658,
91,72,5.866666666666664e-05,
92,72,0.00011799999999999994,
93,72,2.6666666666666656e-05,
94,72,2.533333333333332e-05,
95,72,2.6666666666666656e-06,
96,72,0.0,
97,72,1.799999999999999e-05,
98,72,0.0,
99,72,0.0,
100,72,0.0,
101,72,0.0,
102,72,0.0,
103,72,0.0,
104,72,0.0,
105,72,0.0,
106,72,0.0,
107,72,0.0,
108,72,0.0,
109,72,0.0,
110,72,0.0,
111,72,0.0,
112,72,0.0,
113,72,0.0,
114,72,0.0,
115,72,0.0,
116,72,0.0,
117,72,0.0,
118,72,0.0,
119,72,0.0,
120,72,0.0,
121,72,0.0,
122,72,0.0,
123,72,0.0,
124,72,0.0,
125,72,0.0,
126,72,4.9999999999999975e-05,
127,72,0.0,
0,73,0.0,
1,73,0.0,
2,73,0.0,
3,73,0.0,
4,73,0.0,
5,73,0.0,
6,73,0.0,
7,73,0.0,
8,73,0.0,
9,73,0.0,
10,73,0.0,
11,73,0.0,
12,73,0.0,
13,73,0.0,
14,73,0.0,
15,73,0.0,
16,73,0.0,
17,73,0.0,
18,73,0.0,
19,73,2.1999999999999993e-05,
20,73,3.0666666666666655e-05,
21,73,6.666666666666664e-07,
22,73,0.0,
23,73,0.0,
24,73,0.0,
25,73,0.0,
26,73,4.3333333333333314e-05,
27,73,1.0666666666666662e-05,
28,73,3.466666666666665e-05,
29,73,1.266666666666666e-05,
30,73,2.799999999999999e-05,
31,73,7.466666666666663e-05,
32,73,1.5999999999999992e-05,
33,73,7.599999999999996e-05,
34,73,0.00011999999999999994,
35,73,0.00011133333333333329,
36,73,0.00018399999999999992,
37,73,0.00011933333333333327,
38,73,0.00025066666666666656,
39,73,0.0002373333333333332,
40,73,0.0003306666666666665,
41,73,0.0004813333333333331,
42,73,0.00044799999999999983,
43,73,0.0005153333333333331,
44,73,0.0005673333333333331,
45,73,0.00042733333333333317,
46,73,0.00043333333333333315,
47,73,0.0003539999999999999,
48,73,0.0004379999999999998,
49,73,0.000547333333333333,
50,73,0.0004119999999999998,
51,73,0.00042066666666666647,
52,73,0.0005646666666666664,
53,73,0.0005826666666666664,
54,73,0.000551333333333333,
55,73,0.00041133333333333316,
56,73,0.0006099999999999998,
57,73,0.0004119999999999998,
58,73,0.0005486666666666664,
59,73,0.0005026666666666665,
60,73,0.00036733333333333317,
61,73,0.0005073333333333332,
62,73,0.0002853333333333332,
63,73,0.00021133333333333323,
64,73,0.0003046666666666665,
65,73,0.00031733333333333315,
66,73,0.0002866666666666665,
67,73,0.00038333333333333313,
68,73,0.0003553333333333332,
69,73,0.0002773333333333332,
70,73,0.0002619999999999999,
71,73,0.00036733333333333317,
72,73,0.00032066666666666653,
73,73,0.00023799999999999988,
74,73,0.00038866666666666645,
75,73,0.00039933333333333314,
76,73,0.00042599999999999984,
77,73,0.0004159999999999998,
78,73,0.00016999999999999993,
79,73,0.0003119999999999999,
80,73,0.00046866666666666644,
81,73,0.00042266666666666646,
82,73,0.00039733333333333314,
83,73,0.00042599999999999984,
84,73,0.0003533333333333332,
85,73,0.0003626666666666665,
86,73,0.00023199999999999987,
87,73,0.0002533333333333332,
88,73,0.0002853333333333332,
89,73,0.0002459999999999999,
90,73,2.799999999999999e-05,
91,73,8.599999999999996e-05,
92,73,4.933333333333331e-05,
93,73,0.00010799999999999996,
94,73,1.7333333333333325e-05,
95,73,1.0666666666666662e-05,
96,73,0.0,
97,73,2.4666666666666655e-05,
98,73,0.0,
99,73,0.0,
100,73,0.0,
101,73,0.0,
102,73,0.0,
103,73,0.0,
104,73,0.0,
105,73,0.0,
106,73,0.0,
107,73,0.0,
108,73,0.0,
109,73,0.0,
110,73,0.0,
111,73,0.0,
112,73,0.0,
113,73,0.0,
114,73,0.0,
115,73,0.0,
116,73,0.0,
117,73,0.0,
118,73,0.0,
119,73,0.0,
120,73,0.0,
121,73,0.0,
122,73,0.0,
123,73,0.0,
124,73,0.0,
125,73,0.0,
126,73,9.999999999999996e-06,
127,73,0.0,
0,74,0.0,
1,74,0.0,
2,74,0.0,
3,74,0.0,
4,74,0.0,
5,74,0.0,
6,74,0.0,
7,74,0.0,
8,74,0.0,
9,74,0.0,
10,74,0.0,
11,74,0.0,
12,74,0.0,
13,74,0.0,
14,74,0.0,
15,74,0.0,
16,74,0.0,
17,74,0.0,
18,74,0.0,
19,74,0.0,
20,74,2.3999999999999987e-05,
21,74,1.9333333333333327e-05,
22,74,0.0,
23,74,0.0,
24,74,0.0,
25,74,0.0,
26,74,0.0,
27,74,8.666666666666663e-06,
28,74,0.0,
29,74,0.0,
30,74,1.266666666666666e-05,
31,74,6.666666666666664e-05,
32,74,3.733333333333332e-05,
33,74,3.399999999999998e-05,
34,74,0.00012733333333333328,
35,74,0.00016999999999999993,
36,74,0.0002873333333333332,
37,74,0.00012466666666666662,
38,74,0.0001766666666666666,
39,74,0.00026733333333333324,
40,74,0.0002726666666666665,
41,74,0.00031066666666666656,
42,74,0.00031866666666666653,
43,74,0.0003166666666666665,
44,74,0.0005633333333333331,
45,74,0.00041533333333333315,
46,74,0.0004319999999999998,
47,74,0.0004433333333333332,
48,74,0.0003859999999999998,
49,74,0.0006059999999999998,
50,74,0.0005306666666666665,
51,74,0.00030733333333333323,
52,74,0.0005066666666666664,
53,74,0.0005399999999999998,
54,74,0.0005359999999999998,
55,74,0.0005113333333333331,
56,74,0.0006173333333333331,
57,74,0.0005386666666666665,
58,74,0.0005819999999999997,
59,74,0.0005126666666666665,
60,74,0.00047199999999999976,
61,74,0.0005099999999999998,
62,74,0.0003799999999999998,
63,74,0.00033666666666666654,
64,74,0.0004219999999999998,
65,74,0.0003539999999999999,
66,74,0.0002886666666666665,
67,74,0.0004766666666666664,
68,74,0.0003306666666666665,
69,74,0.00030666666666666657,
70,74,0.0003413333333333332,
71,74,0.0003166666666666665,
72,74,0.00030666666666666657,
73,74,0.00035466666666666654,
74,74,0.0004839999999999998,
75,74,0.0004559999999999998,
76,74,0.00044533333333333317,
77,74,0.0004853333333333331,
78,74,0.0002899999999999999,
79,74,0.0003999999999999998,
80,74,0.00035599999999999987,
81,74,0.0005699999999999998,
82,74,0.0004546666666666665,
83,74,0.0003253333333333332,
84,74,0.0003413333333333332,
85,74,0.00015133333333333326,
86,74,0.0002846666666666665,
87,74,0.0003486666666666665,
88,74,0.0001726666666666666,
89,74,5.866666666666664e-05,
90,74,0.0,
91,74,7.066666666666663e-05,
92,74,1.3333333333333328e-05,
93,74,1.9333333333333327e-05,
94,74,5.333333333333331e-05,
95,74,4.666666666666665e-05,
96,74,1.999999999999999e-05,
97,74,6.999999999999997e-05,
98,74,5.466666666666664e-05,
99,74,1.3333333333333328e-06,
100,74,0.00010733333333333329,
101,74,0.0,
102,74,0.0,
103,74,0.0,
104,74,0.0,
105,74,0.0,
106,74,0.0,
107,74,0.0,
108,74,0.0,
109,74,0.0,
110,74,0.0,
111,74,0.0,
112,74,0.0,
113,74,0.0,
114,74,0.0,
115,74,0.0,
116,74,0.0,
117,74,0.0,
118,74,0.0,
119,74,0.0,
120,74,0.0,
121,74,0.0,
122,74,0.0,
123,74,0.0,
124,74,0.0,
125,74,0.0,
126,74,2.933333333333332e-05,
127,74,0.0,
0,75,0.0,
1,75,0.0,
2,75,0.0,
3,75,0.0,
4,75,0.0,
5,75,0.0,
6,75,0.0,
7,75,0.0,
8,75,0.0,
9,75,0.0,
10,75,0.0,
11,75,0.0,
12,75,0.0,
13,75,0.0,
14,75,0.0,
15,75,0.0,
16,75,0.0,
17,75,0.0,
18,75,0.0,
19,75,0.0,
20,75,0.0,
21,75,0.0,
22,75,0.0,
23,75,0.0,
24,75,0.0,
25,75,0.0,
26,75,0.0,
27,75,0.0,
28,75,0.0,
29,75,0.0,
30,75,0.0,
31,75,3.5333333333333316e-05,
32,75,4.733333333333331e-05,
33,75,2.1333333333333324e-05,
34,75,0.00010199999999999994,
35,75,0.0001286666666666666,
36,75,0.00013733333333333327,
37,75,0.00026866666666666657,
38,75,0.00014399999999999992,
39,75,0.00021933333333333323,
40,75,0.0001879999999999999,
41,75,0.0002439999999999999,
42,75,0.00030599999999999985,
43,75,0.0001846666666666666,
44,75,0.00046333333333333307,
45,75,0.00032066666666666653,
46,75,0.0003139999999999998,
47,75,0.00042933333333333316,
48,75,0.00039866666666666647,
49,75,0.0004366666666666665,
50,75,0.0004579999999999998,
51,75,0.00038066666666666647,
52,75,0.0005633333333333331,
53,75,0.0005673333333333331,
54,75,0.0004766666666666664,
55,75,0.0005219999999999998,
56,75,0.0004953333333333331,
57,75,0.0005626666666666664,
58,75,0.0004713333333333331,
59,75,0.00037466666666666654,
60,75,0.00035266666666666655,
61,75,0.00036599999999999984,
62,75,0.0004253333333333332,
63,75,0.0003733333333333332,
64,75,0.00036399999999999985,
65,75,0.0003646666666666665,
66,75,0.00039866666666666647,
67,75,0.0004793333333333331,
68,75,0.00043933333333333313,
69,75,0.00041333333333333315,
70,75,0.0003339999999999998,
71,75,0.0003193333333333332,
72,75,0.00032999999999999984,
73,75,0.00044199999999999985,
74,75,0.0004519999999999998,
75,75,0.00042266666666666646,
76,75,0.0003979999999999998,
77,75,0.00045533333333333314,
78,75,0.0003113333333333332,
79,75,0.0003666666666666665,
80,75,0.00035999999999999986,
81,75,0.0005026666666666665,
82,75,0.00027066666666666656,
83,75,0.0002866666666666665,
84,75,0.00015133333333333326,
85,75,0.00024133333333333323,
86,75,0.00031533333333333316,
87,75,0.0002259999999999999,
88,75,0.0002513333333333332,
89,75,0.00013399999999999995,
90,75,0.0,
91,75,7.666666666666664e-05,
92,75,0.0,
93,75,0.0,
94,75,0.00011199999999999996,
95,75,0.0,
96,75,8.999999999999997e-05,
97,75,8.666666666666663e-05,
98,75,1.999999999999999e-06,
99,75,0.0,
100,75,0.0,
101,75,0.0,
102,75,0.0,
103,75,0.0,
104,75,0.0,
105,75,0.0,
106,75,0.0,
107,75,0.0,
108,75,0.0,
109,75,0.0,
110,75,0.0,
111,75,0.0,
112,75,0.0,
113,75,0.0,
114,75,0.0,
115,75,0.0,
116,75,0.0,
117,75,0.0,
118,75,0.0,
119,75,0.0,
120,75,1.7333333333333325e-05,
121,75,8.666666666666663e-06,
122,75,1.5999999999999992e-05,
123,75,5.73333333333333e-05,
124,75,0.0,
125,75,0.0,
126,75,2.6666666666666656e-05,
127,75,3.599999999999998e-05,
0,76,0.0,
1,76,0.0,
2,76,0.0,
3,76,0.0,
4,76,0.0,
5,76,0.0,
6,76,0.0,
7,76,0.0,
8,76,0.0,
9,76,0.0,
10,76,0.0,
11,76,0.0,
12,76,0.0,
13,76,0.0,
14,76,0.0,
15,76,0.0,
16,76,0.0,
17,76,0.0,
18,76,0.0,
19,76,0.0,
20,76,0.0,
21,76,0.0,
22,76,0.0,
23,76,0.0,
24,76,0.0,
25,76,0.0,
26,76,0.0,
27,76,0.0,
28,76,0.0,
29,76,0.0,
30,76,0.0,
31,76,2.5999999999999988e-05,
32,76,7.33333333333333e-06,
33,76,2.799999999999999e-05,
34,76,0.00013999999999999993,
35,76,3.733333333333332e-05,
36,76,0.00013333333333333329,
37,76,5.73333333333333e-05,
38,76,0.00012599999999999995,
39,76,0.00025666666666666654,
40,76,0.00024333333333333322,
41,76,0.0002726666666666665,
42,76,0.00024866666666666657,
43,76,0.0003013333333333332,
44,76,0.0003999999999999998,
45,76,0.0002833333333333332,
46,76,0.00018866666666666657,
47,76,0.0003739999999999999,
48,76,0.00040133333333333313,
49,76,0.0004059999999999998,
50,76,0.0004039999999999998,
51,76,0.00032799999999999984,
52,76,0.0005419999999999997,
53,76,0.0002993333333333332,
54,76,0.0004746666666666664,
55,76,0.00040933333333333316,
56,76,0.0005206666666666665,
57,76,0.0004579999999999998,
58,76,0.00044533333333333317,
59,76,0.00029466666666666655,
60,76,0.00035799999999999987,
61,76,0.00043933333333333313,
62,76,0.0004253333333333332,
63,76,0.0005139999999999998,
64,76,0.00039933333333333314,
65,76,0.00039933333333333314,
66,76,0.0003519999999999999,
67,76,0.0005526666666666664,
68,76,0.0004433333333333332,
69,76,0.0003053333333333332,
70,76,0.0003699999999999999,
71,76,0.0003306666666666665,
72,76,0.0003593333333333332,
73,76,0.00044533333333333317,
74,76,0.0004593333333333331,
75,76,0.0004199999999999998,
76,76,0.00044799999999999983,
77,76,0.0003733333333333332,
78,76,0.00032799999999999984,
79,76,0.00035999999999999986,
80,76,0.00034999999999999983,
81,76,0.0003859999999999998,
82,76,0.00034799999999999984,
83,76,0.00028599999999999985,
84,76,0.0001366666666666666,
85,76,0.00011399999999999995,
86,76,0.0003179999999999998,
87,76,0.0002019999999999999,
88,76,0.00021333333333333325,
89,76,0.00011599999999999993,
90,76,0.0,
91,76,0.00012133333333333328,
92,76,1.3333333333333328e-06,
93,76,1.5333333333333328e-05,
94,76,3.866666666666665e-05,
95,76,0.0,
96,76,0.0,
97,76,0.0001266666666666666,
98,76,1.3333333333333328e-06,
99,76,0.0,
100,76,0.0,
101,76,0.0,
102,76,0.0,
103,76,0.0,
104,76,0.0,
105,76,0.0,
106,76,0.0,
107,76,0.0,
108,76,0.0,
109,76,0.0,
110,76,0.0,
111,76,0.0,
112,76,0.0,
113,76,0.0,
114,76,0.0,
115,76,0.0,
116,76,0.0,
117,76,0.0,
118,76,0.0,
119,76,0.0,
120,76,2.0666666666666656e-05,
121,76,2.533333333333332e-05,
122,76,3.0666666666666655e-05,
123,76,3.799999999999998e-05,
124,76,3.333333333333332e-06,
125,76,7.799999999999997e-05,
126,76,6.666666666666664e-05,
127,76,4.466666666666665e-05,
0,77,0.0,
1,77,0.0,
2,77,0.0,
3,77,0.0,
4,77,0.0,
5,77,0.0,
6,77,0.0,
7,77,0.0,
8,77,0.0,
9,77,0.0,
10,77,0.0,
11,77,0.0,
12,77,0.0,
13,77,0.0,
14,77,0.0,
15,77,0.0,
16,77,0.0,
17,77,0.0,
18,77,0.0,
19,77,0.0,
20,77,0.0,
21,77,0.0,
22,77,0.0,
23,77,0.0,
24,77,0.0,
25,77,0.0,
26,77,0.0,
27,77,0.0,
28,77,0.0,
29,77,0.0,
30,77,0.0,
31,77,2.0666666666666656e-05,
32,77,5.333333333333331e-06,
33,77,8.333333333333329e-05,
34,77,9.666666666666661e-05,
35,77,2.6666666666666656e-05,
36,77,7.933333333333329e-05,
37,77,6.93333333333333e-05,
38,77,0.0001306666666666666,
39,77,0.0003326666666666665,
40,77,0.0001606666666666666,
41,77,0.00023333333333333322,
42,77,0.0002513333333333332,
43,77,0.0002793333333333332,
44,77,0.00028799999999999984,
45,77,0.0003766666666666665,
46,77,0.0005166666666666665,
47,77,0.00041133333333333316,
48,77,0.00041133333333333316,
49,77,0.0003453333333333332,
50,77,0.0004346666666666665,
51,77,0.0004959999999999998,
52,77,0.0004559999999999998,
53,77,0.0004426666666666665,
54,77,0.0005233333333333331,
55,77,0.0004253333333333332,
56,77,0.00047799999999999975,
57,77,0.0004673333333333331,
58,77,0.00047599999999999975,
59,77,0.00032933333333333317,
60,77,0.00029866666666666654,
61,77,0.0004119999999999998,
62,77,0.0004053333333333331,
63,77,0.0003873333333333331,
64,77,0.0004086666666666665,
65,77,0.00034199999999999986,
66,77,0.0003939999999999998,
67,77,0.00045999999999999974,
68,77,0.0004626666666666664,
69,77,0.0004526666666666665,
70,77,0.0003719999999999999,
71,77,0.0004139999999999998,
72,77,0.0003253333333333332,
73,77,0.0004073333333333331,
74,77,0.00042066666666666647,
75,77,0.00044066666666666646,
76,77,0.0003573333333333332,
77,77,0.0003446666666666665,
78,77,0.00032999999999999984,
79,77,0.0003666666666666665,
80,77,0.00036199999999999985,
81,77,0.0004299999999999998,
82,77,0.00040066666666666647,
83,77,0.00027466666666666655,
84,77,0.00012466666666666662,
85,77,0.00022866666666666657,
86,77,0.0002933333333333332,
87,77,0.0001406666666666666,
88,77,0.00014533333333333328,
89,77,7.466666666666663e-05,
90,77,1.999999999999999e-05,
91,77,0.00011799999999999994,
92,77,1.1999999999999994e-05,
93,77,8.466666666666663e-05,
94,77,2.3333333333333326e-05,
95,77,0.0,
96,77,0.0,
97,77,4.866666666666664e-05,
98,77,0.0,
99,77,0.0,
100,77,0.0,
101,77,0.0,
102,77,0.0,
103,77,0.0,
104,77,0.0,
105,77,0.0,
106,77,0.0,
107,77,0.0,
108,77,4.666666666666665e-06,
109,77,0.0,
110,77,0.0,
111,77,0.0,
112,77,0.0,
113,77,0.0,
114,77,0.0,
115,77,0.0,
116,77,0.0,
117,77,0.0,
118,77,0.0,
119,77,0.0,
120,77,5.5333333333333314e-05,
121,77,1.266666666666666e-05,
122,77,6.133333333333331e-05,
123,77,8.266666666666663e-05,
124,77,1.1333333333333329e-05,
125,77,5.399999999999998e-05,
126,77,2.533333333333332e-05,
127,77,4.3999999999999985e-05,
0,78,0.0,
1,78,0.0,
2,78,0.0,
3,78,0.0,
4,78,0.0,
5,78,0.0,
6,78,0.0,
7,78,0.0,
8,78,0.0,
9,78,0.0,
10,78,0.0,
11,78,0.0,
12,78,0.0,
13,78,0.0,
14,78,0.0,
15,78,0.0,
16,78,0.0,
17,78,0.0,
18,78,0.0,
19,78,0.0,
20,78,0.0,
21,78,0.0,
22,78,0.0,
23,78,0.0,
24,78,0.0,
25,78,0.0,
26,78,0.0,
27,78,0.0,
28,78,0.0,
29,78,0.0,
30,78,0.0,
31,78,1.9333333333333327e-05,
32,78,0.0,
33,78,0.00010399999999999995,
34,78,8.999999999999997e-05,
35,78,3.333333333333332e-06,
36,78,3.733333333333332e-05,
37,78,5.599999999999998e-05,
38,78,3.333333333333332e-05,
39,78,0.00014533333333333328,
40,78,3.266666666666665e-05,
41,78,0.00021066666666666657,
42,78,0.00016466666666666659,
43,78,0.0002019999999999999,
44,78,0.00021666666666666658,
45,78,0.00028199999999999986,
46,78,0.0004073333333333331,
47,78,0.0005146666666666664,
48,78,0.00044799999999999983,
49,78,0.0003873333333333331,
50,78,0.0003759999999999998,
51,78,0.0004486666666666665,
52,78,0.0004659999999999998,
53,78,0.0005186666666666664,
54,78,0.0005006666666666664,
55,78,0.0004906666666666665,
56,78,0.00041133333333333316,
57,78,0.0004926666666666664,
58,78,0.0004019999999999998,
59,78,0.0003693333333333332,
60,78,0.0003446666666666665,
61,78,0.00047399999999999976,
62,78,0.0004433333333333332,
63,78,0.0004179999999999998,
64,78,0.00036199999999999985,
65,78,0.00037266666666666655,
66,78,0.0004019999999999998,
67,78,0.00041866666666666647,
68,78,0.00043133333333333316,
69,78,0.0004219999999999998,
70,78,0.00031999999999999986,
71,78,0.0003626666666666665,
72,78,0.0004179999999999998,
73,78,0.0004326666666666665,
74,78,0.00036399999999999985,
75,78,0.00037266666666666655,
76,78,0.0003919999999999998,
77,78,0.0003939999999999998,
78,78,0.00043933333333333313,
79,78,0.00046133333333333307,
80,78,0.0004833333333333331,
81,78,0.00039533333333333315,
82,78,0.00032799999999999984,
83,78,0.00044199999999999985,
84,78,0.0003159999999999998,
85,78,0.00019533333333333322,
86,78,0.0003946666666666665,
87,78,0.0002613333333333332,
88,78,0.00013733333333333327,
89,78,0.00015133333333333326,
90,78,6.466666666666663e-05,
91,78,0.00016466666666666659,
92,78,8.066666666666663e-05,
93,78,6.666666666666664e-06,
94,78,1.3333333333333328e-06,
95,78,1.3999999999999995e-05,
96,78,0.0,
97,78,4.666666666666665e-06,
98,78,0.0,
99,78,0.0,
100,78,0.0,
101,78,0.0,
102,78,0.0,
103,78,0.0,
104,78,0.0,
105,78,0.0,
106,78,0.0,
107,78,0.0,
108,78,1.666666666666666e-05,
109,78,2.6666666666666656e-06,
110,78,1.999999999999999e-05,
111,78,0.0,
112,78,0.0,
113,78,0.0,
114,78,0.0,
115,78,0.0,
116,78,0.0,
117,78,0.0,
118,78,0.0,
119,78,0.0,
120,78,7.266666666666664e-05,
121,78,3.266666666666665e-05,
122,78,4.266666666666665e-05,
123,78,5.133333333333331e-05,
124,78,5.333333333333331e-05,
125,78,5.133333333333331e-05,
126,78,7.933333333333329e-05,
127,78,7.399999999999997e-05,
0,79,0.0,
1,79,0.0,
2,79,0.0,
3,79,0.0,
4,79,0.0,
5,79,0.0,
6,79,0.0,
7,79,0.0,
8,79,0.0,
9,79,0.0,
10,79,0.0,
11,79,0.0,
12,79,0.0,
13,79,0.0,
14,79,0.0,
15,79,0.0,
16,79,0.0,
17,79,0.0,
18,79,0.0,
19,79,0.0,
20,79,0.0,
21,79,0.0,
22,79,0.0,
23,79,0.0,
24,79,0.0,
25,79,0.0,
26,79,0.0,
27,79,0.0,
28,79,0.0,
29,79,0.0,
30,79,0.0,
31,79,0.0,
32,79,0.0,
33,79,0.0,
34,79,7.399999999999997e-05,
35,79,0.0,
36,79,2.3333333333333326e-05,
37,79,4.3999999999999985e-05,
38,79,2.799999999999999e-05,
39,79,7.866666666666662e-05,
40,79,0.00010199999999999994,
41,79,0.00018866666666666657,
42,79,0.00010533333333333328,
43,79,0.00015866666666666658,
44,79,0.00016799999999999994,
45,79,0.0002699999999999999,
46,79,0.0003759999999999998,
47,79,0.0003919999999999998,
48,79,0.00044733333333333317,
49,79,0.0004179999999999998,
50,79,0.00033199999999999983,
51,79,0.00037066666666666655,
52,79,0.0004579999999999998,
53,79,0.0003819999999999998,
54,79,0.0004586666666666664,
55,79,0.0004233333333333331,
56,79,0.0006066666666666664,
57,79,0.0004379999999999998,
58,79,0.00043333333333333315,
59,79,0.00032799999999999984,
60,79,0.00038866666666666645,
61,79,0.0004339999999999998,
62,79,0.00026933333333333323,
63,79,0.00030666666666666657,
64,79,0.0003193333333333332,
65,79,0.0004486666666666665,
66,79,0.00044199999999999985,
67,79,0.0004679999999999998,
68,79,0.00036799999999999984,
69,79,0.00039733333333333314,
70,79,0.0003406666666666665,
71,79,0.0004559999999999998,
72,79,0.0004359999999999998,
73,79,0.0003353333333333332,
74,79,0.0004079999999999998,
75,79,0.0003213333333333332,
76,79,0.00038266666666666646,
77,79,0.0003873333333333331,
78,79,0.0003406666666666665,
79,79,0.0004233333333333331,
80,79,0.0004773333333333331,
81,79,0.00033133333333333317,
82,79,0.00039133333333333316,
83,79,0.00037533333333333315,
84,79,0.00029466666666666655,
85,79,0.0002759999999999999,
86,79,0.0003766666666666665,
87,79,0.00023999999999999987,
88,79,8.866666666666664e-05,
89,79,6.733333333333331e-05,
90,79,3.5333333333333316e-05,
91,79,6.866666666666664e-05,
92,79,7.199999999999996e-05,
93,79,0.0,
94,79,6.666666666666664e-07,
95,79,4.599999999999998e-05,
96,79,0.0,
97,79,4.1999999999999984e-05,
98,79,0.0,
99,79,0.0,
100,79,0.0,
101,79,0.0,
102,79,0.0,
103,79,0.0,
104,79,0.0,
105,79,0.0,
106,79,2.5999999999999988e-05,
107,79,2.533333333333332e-05,
108,79,2.533333333333332e-05,
109,79,1.999999999999999e-06,
110,79,2.733333333333332e-05,
111,79,0.0,
112,79,0.0,
113,79,0.0,
114,79,0.0,
115,79,0.0,
116,79,0.0,
117,79,0.0,
118,79,0.0,
119,79,0.0,
120,79,4.666666666666665e-05,
121,79,5.866666666666664e-05,
122,79,2.2666666666666657e-05,
123,79,2.3999999999999987e-05,
124,79,1.7333333333333325e-05,
125,79,2.2666666666666657e-05,
126,79,6.133333333333331e-05,
127,79,5.999999999999997e-05,
0,80,0.0,
1,80,0.0,
2,80,0.0,
3,80,0.0,
4,80,0.0,
5,80,0.0,
6,80,0.0,
7,80,0.0,
8,80,0.0,
9,80,0.0,
10,80,0.0,
11,80,0.0,
12,80,0.0,
13,80,0.0,
14,80,0.0,
15,80,0.0,
16,80,0.0,
17,80,0.0,
18,80,0.0,
19,80,0.0,
20,80,0.0,
21,80,0.0,
22,80,0.0,
23,80,0.0,
24,80,0.0,
25,80,0.0,
26,80,0.0,
27,80,0.0,
28,80,0.0,
29,80,0.0,
30,80,0.0,
31,80,0.0,
32,80,0.0,
33,80,0.0,
34,80,0.0,
35,80,0.0,
36,80,1.999999999999999e-06,
37,80,2.1999999999999993e-05,
38,80,2.3333333333333326e-05,
39,80,0.00010533333333333328,
40,80,2.4666666666666655e-05,
41,80,0.00023333333333333322,
42,80,1.5999999999999992e-05,
43,80,0.00011933333333333327,
44,80,0.00010133333333333328,
45,80,0.00015866666666666658,
46,80,0.00027666666666666654,
47,80,0.0003593333333333332,
48,80,0.00037266666666666655,
49,80,0.00033999999999999986,
50,80,0.0003326666666666665,
51,80,0.0004426666666666665,
52,80,0.0003519999999999999,
53,80,0.0003373333333333332,
54,80,0.0004426666666666665,
55,80,0.0005406666666666665,
56,80,0.0005679999999999997,
57,80,0.0005139999999999998,
58,80,0.0004679999999999998,
59,80,0.00035266666666666655,
60,80,0.0003233333333333332,
61,80,0.00031333333333333316,
62,80,0.0003446666666666665,
63,80,0.0003879999999999998,
64,80,0.0004539999999999998,
65,80,0.0004146666666666665,
66,80,0.00036599999999999984,
67,80,0.0005073333333333332,
68,80,0.00047999999999999974,
69,80,0.00043533333333333315,
70,80,0.00040933333333333316,
71,80,0.0004433333333333332,
72,80,0.00024533333333333324,
73,80,0.00043533333333333315,
74,80,0.00042133333333333313,
75,80,0.0002813333333333332,
76,80,0.0003453333333333332,
77,80,0.00035999999999999986,
78,80,0.00046466666666666645,
79,80,0.00031533333333333316,
80,80,0.0004913333333333331,
81,80,0.00022199999999999992,
82,80,0.0003819999999999998,
83,80,0.00031733333333333315,
84,80,0.0002833333333333332,
85,80,0.0003426666666666665,
86,80,0.0002939999999999999,
87,80,0.00012133333333333328,
88,80,6.999999999999997e-05,
89,80,0.00011266666666666662,
90,80,2.1333333333333324e-05,
91,80,8.799999999999997e-05,
92,80,0.0,
93,80,8.666666666666663e-06,
94,80,6.666666666666664e-06,
95,80,1.5333333333333328e-05,
96,80,0.0,
97,80,6.266666666666664e-05,
98,80,0.0,
99,80,0.0,
100,80,0.0,
101,80,0.0,
102,80,0.0,
103,80,0.0,
104,80,0.0,
105,80,0.0,
106,80,1.466666666666666e-05,
107,80,0.0,
108,80,0.0,
109,80,0.0,
110,80,0.0,
111,80,0.0,
112,80,0.0,
113,80,0.0,
114,80,0.0,
115,80,0.0,
116,80,0.0,
117,80,0.0,
118,80,0.0,
119,80,0.0,
120,80,3.133333333333332e-05,
121,80,0.00011266666666666662,
122,80,2.733333333333332e-05,
123,80,2.533333333333332e-05,
124,80,3.1999999999999985e-05,
125,80,3.933333333333331e-05,
126,80,2.3333333333333326e-05,
127,80,1.3999999999999995e-05,
0,81,0.0,
1,81,0.0,
2,81,0.0,
3,81,0.0,
4,81,0.0,
5,81,0.0,
6,81,0.0,
7,81,3.5333333333333316e-05,
8,81,5.333333333333331e-06,
9,81,3.999999999999998e-06,
10,81,9.999999999999996e-06,
11,81,0.0,
12,81,0.0,
13,81,0.0,
14,81,0.0,
15,81,0.0,
16,81,0.0,
17,81,0.0,
18,81,0.0,
19,81,0.0,
20,81,0.0,
21,81,0.0,
22,81,0.0,
23,81,0.0,
24,81,0.0,
25,81,0.0,
26,81,0.0,
27,81,0.0,
28,81,0.0,
29,81,0.0,
30,81,0.0,
31,81,0.0,
32,81,0.0,
33,81,0.0,
34,81,0.0,
35,81,0.0,
36,81,0.0,
37,81,2.6666666666666656e-06,
38,81,6.666666666666664e-06,
39,81,4.133333333333331e-05,
40,81,5.866666666666664e-05,
41,81,6.133333333333331e-05,
42,81,3.5333333333333316e-05,
43,81,8.13333333333333e-05,
44,81,0.00011399999999999995,
45,81,0.00016199999999999993,
46,81,0.0002519999999999999,
47,81,0.0001806666666666666,
48,81,0.0002559999999999999,
49,81,0.0003159999999999998,
50,81,0.00027466666666666655,
51,81,0.00035599999999999987,
52,81,0.0002919999999999999,
53,81,0.0004526666666666665,
54,81,0.0003739999999999999,
55,81,0.00041533333333333315,
56,81,0.0003739999999999999,
57,81,0.0004773333333333331,
58,81,0.0005833333333333331,
59,81,0.00035799999999999987,
60,81,0.0003146666666666665,
61,81,0.0003179999999999998,
62,81,0.00032399999999999985,
63,81,0.00035599999999999987,
64,81,0.00042266666666666646,
65,81,0.00035799999999999987,
66,81,0.0004673333333333331,
67,81,0.0005013333333333331,
68,81,0.000489333333333333,
69,81,0.00046999999999999977,
70,81,0.00042599999999999984,
71,81,0.00040133333333333313,
72,81,0.00026533333333333324,
73,81,0.0004019999999999998,
74,81,0.00033333333333333316,
75,81,0.0002279999999999999,
76,81,0.00037733333333333314,
77,81,0.00037733333333333314,
78,81,0.00042066666666666647,
79,81,0.00035799999999999987,
80,81,0.0004933333333333331,
81,81,0.0002479999999999999,
82,81,0.0001846666666666666,
83,81,0.0003393333333333332,
84,81,0.0002659999999999999,
85,81,0.00021533333333333325,
86,81,0.00012799999999999994,
87,81,9.866666666666662e-05,
88,81,0.00014533333333333328,
89,81,0.00012533333333333328,
90,81,8.199999999999996e-05,
91,81,2.2666666666666657e-05,
92,81,0.0,
93,81,0.00013933333333333327,
94,81,1.999999999999999e-05,
95,81,8.666666666666663e-06,
96,81,0.0,
97,81,0.0,
98,81,0.0,
99,81,0.0,
100,81,0.0,
101,81,0.0,
102,81,0.0,
103,81,0.0,
104,81,0.0,
105,81,3.999999999999998e-06,
106,81,5.333333333333331e-06,
107,81,0.0,
108,81,0.0,
109,81,0.0,
110,81,0.0,
111,81,0.0,
112,81,0.0,
113,81,0.0,
114,81,0.0,
115,81,0.0,
116,81,0.0,
117,81,0.0,
118,81,0.0,
119,81,6.666666666666664e-07,
120,81,2.9999999999999984e-05,
121,81,6.266666666666664e-05,
122,81,2.933333333333332e-05,
123,81,1.7333333333333325e-05,
124,81,4.1999999999999984e-05,
125,81,3.466666666666665e-05,
126,81,2.1333333333333324e-05,
127,81,9.866666666666662e-05,
0,82,0.0,
1,82,0.0,
2,82,0.0,
3,82,0.0,
4,82,0.0,
5,82,0.0,
6,82,0.0,
7,82,0.0,
8,82,1.266666666666666e-05,
9,82,2.4666666666666655e-05,
10,82,2.3333333333333326e-05,
11,82,0.0,
12,82,9.999999999999996e-06,
13,82,0.0,
14,82,0.0,
15,82,0.0,
16,82,0.0,
17,82,0.0,
18,82,0.0,
19,82,0.0,
20,82,0.0,
21,82,0.0,
22,82,0.0,
23,82,0.0,
24,82,0.0,
25,82,0.0,
26,82,0.0,
27,82,0.0,
28,82,0.0,
29,82,0.0,
30,82,0.0,
31,82,0.0,
32,82,0.0,
33,82,0.0,
34,82,0.0,
35,82,0.0,
36,82,3.133333333333332e-05,
37,82,8.666666666666663e-06,
38,82,1.5999999999999992e-05,
39,82,5.6666666666666644e-05,
40,82,4.066666666666665e-05,
41,82,3.1999999999999985e-05,
42,82,1.5999999999999992e-05,
43,82,6.799999999999996e-05,
44,82,5.466666666666664e-05,
45,82,0.00011066666666666663,
46,82,0.00019533333333333322,
47,82,0.0001826666666666666,
48,82,0.0002339999999999999,
49,82,0.00018866666666666657,
50,82,0.0001846666666666666,
51,82,0.00024933333333333323,
52,82,0.00016333333333333326,
53,82,0.00044733333333333317,
54,82,0.0003966666666666665,
55,82,0.00033333333333333316,
56,82,0.0003146666666666665,
57,82,0.00033333333333333316,
58,82,0.0004559999999999998,
59,82,0.0004299999999999998,
60,82,0.0003719999999999999,
61,82,0.0003959999999999998,
62,82,0.00042599999999999984,
63,82,0.00035666666666666654,
64,82,0.00029866666666666654,
65,82,0.0004039999999999998,
66,82,0.0004299999999999998,
67,82,0.00032199999999999986,
68,82,0.0003966666666666665,
69,82,0.0004359999999999998,
70,82,0.00035799999999999987,
71,82,0.0002939999999999999,
72,82,0.00033999999999999986,
73,82,0.0003946666666666665,
74,82,8.733333333333329e-05,
75,82,0.00030599999999999985,
76,82,0.00039333333333333315,
77,82,0.0003166666666666665,
78,82,0.0002913333333333332,
79,82,0.0003606666666666665,
80,82,0.0003286666666666665,
81,82,5.333333333333331e-05,
82,82,0.0001826666666666666,
83,82,0.0002619999999999999,
84,82,0.00028599999999999985,
85,82,0.00021933333333333323,
86,82,0.00023333333333333322,
87,82,8.53333333333333e-05,
88,82,0.00011333333333333329,
89,82,5.1999999999999976e-05,
90,82,8.53333333333333e-05,
91,82,3.999999999999998e-05,
92,82,0.0,
93,82,0.00010466666666666662,
94,82,0.0,
95,82,0.0,
96,82,0.0,
97,82,0.0,
98,82,0.0,
99,82,0.0,
100,82,0.0,
101,82,0.0,
102,82,0.0,
103,82,0.0,
104,82,0.0,
105,82,0.0,
106,82,0.0,
107,82,0.0,
108,82,0.0,
109,82,0.0,
110,82,0.0,
111,82,0.0,
112,82,0.0,
113,82,0.0,
114,82,0.0,
115,82,0.0,
116,82,0.0,
117,82,0.0,
118,82,0.0,
119,82,5.999999999999997e-06,
120,82,1.666666666666666e-05,
121,82,3.866666666666665e-05,
122,82,2.2666666666666657e-05,
123,82,7.999999999999996e-06,
124,82,1.1999999999999994e-05,
125,82,1.5333333333333328e-05,
126,82,3.333333333333332e-06,
127,82,3.733333333333332e-05,
0,83,0.0,
1,83,0.0,
2,83,0.0,
3,83,0.0,
4,83,0.0,
5,83,0.0,
6,83,0.0,
7,83,0.0,
8,83,3.466666666666665e-05,
9,83,9.33333333333333e-06,
10,83,7.999999999999996e-06,
11,83,0.0,
12,83,3.666666666666665e-05,
13,83,0.0,
14,83,0.0,
15,83,0.0,
16,83,0.0,
17,83,0.0,
18,83,0.0,
19,83,0.0,
20,83,0.0,
21,83,0.0,
22,83,0.0,
23,83,0.0,
24,83,0.0,
25,83,0.0,
26,83,0.0,
27,83,0.0,
28,83,0.0,
29,83,0.0,
30,83,0.0,
31,83,0.0,
32,83,0.0,
33,83,0.0,
34,83,0.0,
35,83,0.0,
36,83,5.999999999999997e-06,
37,83,1.999999999999999e-05,
38,83,2.933333333333332e-05,
39,83,6.399999999999997e-05,
40,83,1.9333333333333327e-05,
41,83,2.5999999999999988e-05,
42,83,2.9999999999999984e-05,
43,83,6.133333333333331e-05,
44,83,4.266666666666665e-05,
45,83,0.00017999999999999993,
46,83,9.666666666666661e-05,
47,83,0.00018533333333333328,
48,83,0.0002419999999999999,
49,83,0.00023533333333333322,
50,83,0.0002726666666666665,
51,83,0.00015999999999999993,
52,83,0.00010133333333333328,
53,83,0.00042266666666666646,
54,83,0.0003733333333333332,
55,83,0.00039066666666666644,
56,83,0.0002899999999999999,
57,83,0.0003353333333333332,
58,83,0.0004059999999999998,
59,83,0.00034399999999999985,
60,83,0.00030666666666666657,
61,83,0.00039133333333333316,
62,83,0.0004366666666666665,
63,83,0.0003506666666666665,
64,83,0.00028599999999999985,
65,83,0.00046333333333333307,
66,83,0.00046133333333333307,
67,83,0.00047799999999999975,
68,83,0.0003166666666666665,
69,83,0.0002679999999999999,
70,83,0.0003099999999999999,
71,83,0.00034599999999999985,
72,83,0.0003159999999999998,
73,83,0.0002339999999999999,
74,83,0.0001546666666666666,
75,83,0.00026333333333333325,
76,83,0.00036599999999999984,
77,83,0.00027466666666666655,
78,83,0.00030599999999999985,
79,83,0.00031733333333333315,
80,83,0.0003246666666666665,
81,83,6.93333333333333e-05,
82,83,9.066666666666663e-05,
83,83,0.0002626666666666666,
84,83,0.00021399999999999992,
85,83,0.0002199999999999999,
86,83,0.00019266666666666656,
87,83,4.5333333333333315e-05,
88,83,4.7999999999999974e-05,
89,83,3.0666666666666655e-05,
90,83,8.999999999999997e-05,
91,83,3.599999999999998e-05,
92,83,1.866666666666666e-05,
93,83,0.00013266666666666662,
94,83,6.666666666666664e-07,
95,83,0.0,
96,83,0.0,
97,83,0.0,
98,83,0.0,
99,83,0.0,
100,83,0.0,
101,83,0.0,
102,83,0.0,
103,83,0.0,
104,83,0.0,
105,83,1.666666666666666e-05,
106,83,0.0,
107,83,0.0,
108,83,0.0,
109,83,0.0,
110,83,0.0,
111,83,0.0,
112,83,0.0,
113,83,0.0,
114,83,0.0,
115,83,0.0,
116,83,0.0,
117,83,0.0,
118,83,0.0,
119,83,1.3333333333333328e-06,
120,83,0.0,
121,83,2.6666666666666656e-05,
122,83,5.066666666666664e-05,
123,83,0.0,
124,83,2.6666666666666656e-06,
125,83,0.0,
126,83,0.0,
127,83,4.3999999999999985e-05,
0,84,0.0,
1,84,0.0,
2,84,0.0,
3,84,0.0,
4,84,0.0,
5,84,0.0,
6,84,0.0,
7,84,0.0,
8,84,1.3333333333333328e-06,
9,84,0.0,
10,84,0.0,
11,84,0.0,
12,84,2.733333333333332e-05,
13,84,7.999999999999996e-06,
14,84,0.0,
15,84,0.0,
16,84,0.0,
17,84,0.0,
18,84,0.0,
19,84,0.0,
20,84,0.0,
21,84,0.0,
22,84,0.0,
23,84,0.0,
24,84,0.0,
25,84,0.0,
26,84,0.0,
27,84,0.0,
28,84,0.0,
29,84,0.0,
30,84,0.0,
31,84,0.0,
32,84,0.0,
33,84,0.0,
34,84,0.0,
35,84,0.0,
36,84,0.0,
37,84,9.33333333333333e-06,
38,84,3.0666666666666655e-05,
39,84,1.1333333333333329e-05,
40,84,7.73333333333333e-05,
41,84,3.266666666666665e-05,
42,84,1.799999999999999e-05,
43,84,5.133333333333331e-05,
44,84,4.3999999999999985e-05,
45,84,0.00011133333333333329,
46,84,0.00011799999999999994,
47,84,6.866666666666664e-05,
48,84,0.00023533333333333322,
49,84,0.00021733333333333324,
50,84,0.00026333333333333325,
51,84,0.00026733333333333324,
52,84,0.0003573333333333332,
53,84,0.0003606666666666665,
54,84,0.0004319999999999998,
55,84,0.0003079999999999999,
56,84,0.0002699999999999999,
57,84,0.00021333333333333325,
58,84,0.00035799999999999987,
59,84,0.0003233333333333332,
60,84,0.0003859999999999998,
61,84,0.00042933333333333316,
62,84,0.00031333333333333316,
63,84,0.0003159999999999998,
64,84,0.0002993333333333332,
65,84,0.00037533333333333315,
66,84,0.0004673333333333331,
67,84,0.0005279999999999998,
68,84,0.0005119999999999998,
69,84,0.0003873333333333331,
70,84,0.00034399999999999985,
71,84,0.0004019999999999998,
72,84,0.0003426666666666665,
73,84,0.00027133333333333317,
74,84,0.00023999999999999987,
75,84,0.0002846666666666665,
76,84,0.00036199999999999985,
77,84,0.00016733333333333324,
78,84,0.00023333333333333322,
79,84,0.00013333333333333329,
80,84,0.0002733333333333332,
81,84,8.93333333333333e-05,
82,84,0.00011399999999999995,
83,84,0.0001406666666666666,
84,84,0.0002739999999999999,
85,84,0.0002539999999999999,
86,84,0.00020866666666666657,
87,84,0.00014599999999999994,
88,84,5.466666666666664e-05,
89,84,3.399999999999998e-05,
90,84,8.666666666666663e-05,
91,84,6.33333333333333e-05,
92,84,3.1999999999999985e-05,
93,84,2.799999999999999e-05,
94,84,2.866666666666665e-05,
95,84,0.0,
96,84,0.0,
97,84,0.0,
98,84,0.0,
99,84,0.0,
100,84,0.0,
101,84,0.0,
102,84,0.0,
103,84,0.0,
104,84,6.666666666666664e-07,
105,84,1.999999999999999e-06,
106,84,0.0,
107,84,0.0,
108,84,0.0,
109,84,0.0,
110,84,0.0,
111,84,0.0,
112,84,0.0,
113,84,0.0,
114,84,0.0,
115,84,0.0,
116,84,0.0,
117,84,0.0,
118,84,0.0,
119,84,3.333333333333332e-06,
120,84,2.5999999999999988e-05,
121,84,0.0,
122,84,5.999999999999997e-06,
123,84,0.0,
124,84,0.0,
125,84,0.0,
126,84,0.0,
127,84,1.999999999999999e-06,
0,85,0.0,
1,85,0.0,
2,85,0.0,
3,85,0.0,
4,85,0.0,
5,85,0.0,
6,85,0.0,
7,85,0.0,
8,85,0.0,
9,85,0.0,
10,85,0.0,
11,85,0.0,
12,85,4.1999999999999984e-05,
13,85,4.066666666666665e-05,
14,85,0.0,
15,85,0.0,
16,85,0.0,
17,85,0.0,
18,85,0.0,
19,85,0.0,
20,85,0.0,
21,85,0.0,
22,85,0.0,
23,85,0.0,
24,85,0.0,
25,85,0.0,
26,85,0.0,
27,85,0.0,
28,85,0.0,
29,85,0.0,
30,85,0.0,
31,85,0.0,
32,85,0.0,
33,85,0.0,
34,85,0.0,
35,85,0.0,
36,85,0.0,
37,85,1.1333333333333329e-05,
38,85,3.799999999999998e-05,
39,85,3.999999999999998e-05,
40,85,6.466666666666663e-05,
41,85,1.7333333333333325e-05,
42,85,5.333333333333331e-06,
43,85,3.466666666666665e-05,
44,85,2.9999999999999984e-05,
45,85,5.1999999999999976e-05,
46,85,0.0,
47,85,0.00015933333333333327,
48,85,0.0001766666666666666,
49,85,0.00020333333333333323,
50,85,0.00025266666666666656,
51,85,0.00024933333333333323,
52,85,0.0002853333333333332,
53,85,0.00016333333333333326,
54,85,0.00030199999999999986,
55,85,0.0001999999999999999,
56,85,0.0002079999999999999,
57,85,0.00026866666666666657,
58,85,0.0003339999999999998,
59,85,0.00027466666666666655,
60,85,0.0002959999999999999,
61,85,0.00028799999999999984,
62,85,0.00036199999999999985,
63,85,0.0003339999999999998,
64,85,0.0002079999999999999,
65,85,0.0003719999999999999,
66,85,0.0003786666666666665,
67,85,0.00043733333333333314,
68,85,0.0003166666666666665,
69,85,0.0002626666666666666,
70,85,0.00010066666666666662,
71,85,0.00040933333333333316,
72,85,0.00030399999999999985,
73,85,0.0002159999999999999,
74,85,0.00018866666666666657,
75,85,0.00020333333333333323,
76,85,0.00036866666666666656,
77,85,0.00019533333333333322,
78,85,0.00016399999999999992,
79,85,0.00017399999999999992,
80,85,0.0001386666666666666,
81,85,3.799999999999998e-05,
82,85,0.00012199999999999994,
83,85,8.399999999999997e-05,
84,85,0.00016666666666666658,
85,85,0.0001766666666666666,
86,85,0.00011799999999999994,
87,85,7.666666666666664e-05,
88,85,7.13333333333333e-05,
89,85,1.3333333333333328e-05,
90,85,4.266666666666665e-05,
91,85,4.5333333333333315e-05,
92,85,6.266666666666664e-05,
93,85,3.333333333333332e-05,
94,85,2.1333333333333324e-05,
95,85,0.0,
96,85,0.0,
97,85,0.0,
98,85,0.0,
99,85,0.0,
100,85,0.0,
101,85,0.0,
102,85,0.0,
103,85,0.0,
104,85,4.599999999999998e-05,
105,85,1.666666666666666e-05,
106,85,0.0,
107,85,0.0,
108,85,0.0,
109,85,0.0,
110,85,0.0,
111,85,0.0,
112,85,0.0,
113,85,0.0,
114,85,0.0,
115,85,0.0,
116,85,0.0,
117,85,0.0,
118,85,5.333333333333331e-06,
119,85,1.866666666666666e-05,
120,85,4.733333333333331e-05,
121,85,0.0,
122,85,3.333333333333332e-06,
123,85,0.0,
124,85,0.0,
125,85,0.0,
126,85,0.0,
127,85,0.0,
0,86,0.0,
1,86,0.0,
2,86,0.0,
3,86,0.0,
4,86,0.0,
5,86,0.0,
6,86,0.0,
7,86,0.0,
8,86,0.0,
9,86,0.0,
10,86,0.0,
11,86,0.0,
12,86,0.0,
13,86,0.0,
14,86,0.0,
15,86,0.0,
16,86,0.0,
17,86,0.0,
18,86,0.0,
19,86,0.0,
20,86,0.0,
21,86,0.0,
22,86,0.0,
23,86,0.0,
24,86,0.0,
25,86,0.0,
26,86,0.0,
27,86,0.0,
28,86,0.0,
29,86,0.0,
30,86,0.0,
31,86,0.0,
32,86,0.0,
33,86,0.0,
34,86,0.0,
35,86,0.0,
36,86,0.0,
37,86,2.0666666666666656e-05,
38,86,2.1999999999999993e-05,
39,86,1.9333333333333327e-05,
40,86,7.999999999999996e-06,
41,86,3.333333333333332e-05,
42,86,0.0,
43,86,3.133333333333332e-05,
44,86,2.2666666666666657e-05,
45,86,2.799999999999999e-05,
46,86,4.666666666666665e-06,
47,86,0.00013199999999999996,
48,86,8.13333333333333e-05,
49,86,0.00011799999999999994,
50,86,0.00023666666666666655,
51,86,0.00025066666666666656,
52,86,0.00021333333333333325,
53,86,0.00020466666666666658,
54,86,0.0003446666666666665,
55,86,0.00010399999999999995,
56,86,0.00015866666666666658,
57,86,0.0002953333333333332,
58,86,0.0003699999999999999,
59,86,0.00030066666666666653,
60,86,0.0003873333333333331,
61,86,0.0003146666666666665,
62,86,0.00030733333333333323,
63,86,0.00021066666666666657,
64,86,0.0002313333333333332,
65,86,0.0002899999999999999,
66,86,0.00024733333333333324,
67,86,0.00033333333333333316,
68,86,0.00032799999999999984,
69,86,0.00018399999999999992,
70,86,0.0003393333333333332,
71,86,0.0003946666666666665,
72,86,0.00027199999999999984,
73,86,0.0001686666666666666,
74,86,0.00015199999999999993,
75,86,0.0002893333333333332,
76,86,0.00031333333333333316,
77,86,0.0003253333333333332,
78,86,9.599999999999995e-05,
79,86,0.0002119999999999999,
80,86,8.599999999999996e-05,
81,86,3.5333333333333316e-05,
82,86,0.00018399999999999992,
83,86,0.00018133333333333326,
84,86,0.00013333333333333329,
85,86,0.0001526666666666666,
86,86,0.0001686666666666666,
87,86,7.599999999999996e-05,
88,86,3.466666666666665e-05,
89,86,6.666666666666664e-07,
90,86,5.6666666666666644e-05,
91,86,1.9333333333333327e-05,
92,86,5.866666666666664e-05,
93,86,7.799999999999997e-05,
94,86,2.933333333333332e-05,
95,86,1.999999999999999e-06,
96,86,0.0,
97,86,0.0,
98,86,0.0,
99,86,0.0,
100,86,0.0,
101,86,0.0,
102,86,0.0,
103,86,1.266666666666666e-05,
104,86,6.466666666666663e-05,
105,86,0.0,
106,86,0.0,
107,86,0.0,
108,86,0.0,
109,86,0.0,
110,86,0.0,
111,86,0.0,
112,86,0.0,
113,86,0.0,
114,86,0.0,
115,86,0.0,
116,86,0.0,
117,86,0.0,
118,86,0.0,
119,86,6.666666666666664e-07,
120,86,1.266666666666666e-05,
121,86,0.0,
122,86,0.0,
123,86,0.0,
124,86,0.0,
125,86,0.0,
126,86,0.0,
127,86,0.0,
0,87,0.0,
1,87,0.0,
2,87,0.0,
3,87,0.0,
4,87,0.0,
5,87,0.0,
6,87,0.0,
7,87,0.0,
8,87,0.0,
9,87,0.0,
10,87,0.0,
11,87,0.0,
12,87,0.0,
13,87,0.0,
14,87,0.0,
15,87,0.0,
16,87,0.0,
17,87,0.0,
18,87,0.0,
19,87,0.0,
20,87,0.0,
21,87,0.0,
22,87,0.0,
23,87,0.0,
24,87,3.933333333333331e-05,
25,87,2.2666666666666657e-05,
26,87,0.0,
27,87,0.0,
28,87,0.0,
29,87,0.0,
30,87,0.0,
31,87,0.0,
32,87,0.0,
33,87,0.0,
34,87,0.0,
35,87,0.0,
36,87,3.999999999999998e-06,
37,87,4.1999999999999984e-05,
38,87,1.7333333333333325e-05,
39,87,1.466666666666666e-05,
40,87,2.6666666666666656e-06,
41,87,0.0,
42,87,0.0,
43,87,0.0,
44,87,3.333333333333332e-06,
45,87,1.799999999999999e-05,
46,87,2.1999999999999993e-05,
47,87,2.866666666666665e-05,
48,87,3.133333333333332e-05,
49,87,0.0001466666666666666,
50,87,0.0002199999999999999,
51,87,0.00021466666666666658,
52,87,0.00021733333333333324,
53,87,0.00019466666666666656,
54,87,0.00016599999999999991,
55,87,0.0003119999999999999,
56,87,0.00033999999999999986,
57,87,0.0002826666666666665,
58,87,0.00035599999999999987,
59,87,0.00035133333333333316,
60,87,0.0003033333333333332,
61,87,0.0003213333333333332,
62,87,0.00040266666666666646,
63,87,0.00017333333333333325,
64,87,0.00010933333333333328,
65,87,0.00016333333333333326,
66,87,0.0002973333333333332,
67,87,0.0003046666666666665,
68,87,0.00021466666666666658,
69,87,0.00023999999999999987,
70,87,0.0001866666666666666,
71,87,0.00032199999999999986,
72,87,0.0002886666666666665,
73,87,0.00012799999999999994,
74,87,0.00022266666666666659,
75,87,0.0002019999999999999,
76,87,0.0002646666666666666,
77,87,0.00020733333333333324,
78,87,7.599999999999996e-05,
79,87,4.466666666666665e-05,
80,87,5.466666666666664e-05,
81,87,6.066666666666664e-05,
82,87,0.00010333333333333329,
83,87,6.133333333333331e-05,
84,87,9.933333333333329e-05,
85,87,0.0002119999999999999,
86,87,0.00019066666666666657,
87,87,8.399999999999997e-05,
88,87,8.866666666666664e-05,
89,87,5.999999999999997e-06,
90,87,5.73333333333333e-05,
91,87,4.933333333333331e-05,
92,87,5.73333333333333e-05,
93,87,7.53333333333333e-05,
94,87,6.93333333333333e-05,
95,87,3.999999999999998e-06,
96,87,0.0,
97,87,0.0,
98,87,0.0,
99,87,0.0,
100,87,0.0,
101,87,0.0,
102,87,0.0,
103,87,0.0,
104,87,2.4666666666666655e-05,
105,87,0.0,
106,87,0.0,
107,87,0.0,
108,87,0.0,
109,87,0.0,
110,87,0.0,
111,87,0.0,
112,87,0.0,
113,87,0.0,
114,87,0.0,
115,87,0.0,
116,87,0.0,
117,87,0.0,
118,87,0.0,
119,87,0.0,
120,87,0.0,
121,87,0.0,
122,87,0.0,
123,87,0.0,
124,87,0.0,
125,87,0.0,
126,87,0.0,
127,87,0.0,
0,88,0.0,
1,88,0.0,
2,88,0.0,
3,88,0.0,
4,88,0.0,
5,88,0.0,
6,88,0.0,
7,88,0.0,
8,88,0.0,
9,88,0.0,
10,88,0.0,
11,88,0.0,
12,88,0.0,
13,88,0.0,
14,88,0.0,
15,88,0.0,
16,88,0.0,
17,88,0.0,
18,88,0.0,
19,88,0.0,
20,88,0.0,
21,88,0.0,
22,88,0.0,
23,88,6.666666666666664e-06,
24,88,1.7333333333333325e-05,
25,88,1.999999999999999e-06,
26,88,2.1333333333333324e-05,
27,88,4.666666666666665e-05,
28,88,2.6666666666666656e-06,
29,88,0.0,
30,88,0.0,
31,88,0.0,
32,88,0.0,
33,88,0.0,
34,88,0.0,
35,88,0.0,
36,88,0.0,
37,88,5.333333333333331e-06,
38,88,3.1999999999999985e-05,
39,88,1.9333333333333327e-05,
40,88,1.866666666666666e-05,
41,88,1.999999999999999e-06,
42,88,0.0,
43,88,0.0,
44,88,1.7333333333333325e-05,
45,88,1.1333333333333329e-05,
46,88,2.866666666666665e-05,
47,88,3.866666666666665e-05,
48,88,8.599999999999996e-05,
49,88,0.00016466666666666659,
50,88,0.00015333333333333328,
51,88,0.00020733333333333324,
52,88,0.0001826666666666666,
53,88,0.0002059999999999999,
54,88,0.00019066666666666657,
55,88,0.0003139999999999998,
56,88,0.00040933333333333316,
57,88,0.0003339999999999998,
58,88,0.00042733333333333317,
59,88,0.00025666666666666654,
60,88,0.00024733333333333324,
61,88,0.00029866666666666654,
62,88,0.0002559999999999999,
63,88,0.00022066666666666656,
64,88,0.00015199999999999993,
65,88,0.0001446666666666666,
66,88,0.00023466666666666655,
67,88,0.00019733333333333324,
68,88,0.0001959999999999999,
69,88,0.0001766666666666666,
70,88,0.00011333333333333329,
71,88,0.0003079999999999999,
72,88,0.00022733333333333324,
73,88,5.73333333333333e-05,
74,88,0.00014333333333333326,
75,88,0.00016133333333333326,
76,88,0.0001506666666666666,
77,88,7.199999999999996e-05,
78,88,8.866666666666664e-05,
79,88,1.866666666666666e-05,
80,88,2.6666666666666656e-06,
81,88,4.933333333333331e-05,
82,88,9.733333333333328e-05,
83,88,4.599999999999998e-05,
84,88,7.199999999999996e-05,
85,88,0.00016133333333333326,
86,88,0.00014933333333333327,
87,88,0.00011666666666666661,
88,88,3.933333333333331e-05,
89,88,3.999999999999998e-05,
90,88,0.00015199999999999993,
91,88,5.5333333333333314e-05,
92,88,4.866666666666664e-05,
93,88,3.0666666666666655e-05,
94,88,7.33333333333333e-05,
95,88,7.33333333333333e-06,
96,88,0.0,
97,88,0.0,
98,88,0.0,
99,88,0.0,
100,88,0.0,
101,88,0.0,
102,88,0.0,
103,88,0.0,
104,88,7.999999999999996e-06,
105,88,0.0,
106,88,0.0,
107,88,0.0,
108,88,0.0,
109,88,5.333333333333331e-06,
110,88,1.1999999999999994e-05,
111,88,0.0,
112,88,0.0,
113,88,0.0,
114,88,0.0,
115,88,0.0,
116,88,0.0,
117,88,0.0,
118,88,0.0,
119,88,0.0,
120,88,0.0,
121,88,0.0,
122,88,0.0,
123,88,0.0,
124,88,0.0,
125,88,0.0,
126,88,0.0,
127,88,0.0,
0,89,0.0,
1,89,0.0,
2,89,0.0,
3,89,0.0,
4,89,0.0,
5,89,0.0,
6,89,0.0,
7,89,0.0,
8,89,0.0,
9,89,0.0,
10,89,0.0,
11,89,0.0,
12,89,0.0,
13,89,0.0,
14,89,0.0,
15,89,0.0,
16,89,0.0,
17,89,0.0,
18,89,0.0,
19,89,0.0,
20,89,0.0,
21,89,0.0,
22,89,0.0,
23,89,0.0,
24,89,0.0,
25,89,1.3333333333333328e-06,
26,89,2.6666666666666656e-06,
27,89,2.3333333333333326e-05,
28,89,4.3333333333333314e-05,
29,89,1.466666666666666e-05,
30,89,0.0,
31,89,0.0,
32,89,0.0,
33,89,0.0,
34,89,0.0,
35,89,0.0,
36,89,0.0,
37,89,0.0,
38,89,2.0666666666666656e-05,
39,89,1.1333333333333329e-05,
40,89,1.466666666666666e-05,
41,89,2.6666666666666656e-06,
42,89,0.0,
43,89,4.5333333333333315e-05,
44,89,5.999999999999997e-06,
45,89,0.0,
46,89,3.999999999999998e-05,
47,89,8.13333333333333e-05,
48,89,8.466666666666663e-05,
49,89,7.266666666666664e-05,
50,89,0.0001786666666666666,
51,89,0.0001606666666666666,
52,89,0.00012599999999999995,
53,89,0.0002593333333333332,
54,89,0.00019666666666666658,
55,89,0.0003553333333333332,
56,89,0.0003126666666666665,
57,89,0.00024066666666666656,
58,89,0.00022333333333333325,
59,89,0.00029066666666666656,
60,89,0.00021066666666666657,
61,89,0.0002646666666666666,
62,89,0.0002459999999999999,
63,89,0.0002059999999999999,
64,89,0.00012999999999999993,
65,89,0.00013799999999999994,
66,89,4.666666666666665e-05,
67,89,5.466666666666664e-05,
68,89,0.00016533333333333325,
69,89,0.0001386666666666666,
70,89,0.00014999999999999993,
71,89,0.00021399999999999992,
72,89,8.066666666666663e-05,
73,89,7.799999999999997e-05,
74,89,0.00011933333333333327,
75,89,0.00015866666666666658,
76,89,0.00011933333333333327,
77,89,7.933333333333329e-05,
78,89,0.00010199999999999994,
79,89,2.0666666666666656e-05,
80,89,3.933333333333331e-05,
81,89,3.799999999999998e-05,
82,89,0.00014133333333333326,
83,89,0.00012266666666666662,
84,89,4.933333333333331e-05,
85,89,0.00012599999999999995,
86,89,8.333333333333329e-05,
87,89,9.599999999999995e-05,
88,89,4.5333333333333315e-05,
89,89,1.999999999999999e-05,
90,89,0.00011599999999999993,
91,89,3.333333333333332e-05,
92,89,6.266666666666664e-05,
93,89,6.066666666666664e-05,
94,89,8.066666666666663e-05,
95,89,0.0001446666666666666,
96,89,0.0,
97,89,0.0,
98,89,0.0,
99,89,0.0,
100,89,0.0,
101,89,0.0,
102,89,0.0,
103,89,0.0,
104,89,1.1333333333333329e-05,
105,89,4.133333333333331e-05,
106,89,2.799999999999999e-05,
107,89,0.0,
108,89,1.3333333333333328e-06,
109,89,5.999999999999997e-06,
110,89,7.33333333333333e-06,
111,89,8.666666666666663e-06,
112,89,3.333333333333332e-06,
113,89,0.0,
114,89,0.0,
115,89,0.0,
116,89,0.0,
117,89,0.0,
118,89,0.0,
119,89,0.0,
120,89,0.0,
121,89,0.0,
122,89,0.0,
123,89,0.0,
124,89,0.0,
125,89,0.0,
126,89,0.0,
127,89,0.0,
0,90,0.0,
1,90,0.0,
2,90,0.0,
3,90,0.0,
4,90,0.0,
5,90,0.0,
6,90,0.0,
7,90,0.0,
8,90,0.0,
9,90,0.0,
10,90,0.0,
11,90,0.0,
12,90,0.0,
13,90,0.0,
14,90,0.0,
15,90,0.0,
16,90,0.0,
17,90,0.0,
18,90,0.0,
19,90,0.0,
20,90,0.0,
21,90,0.0,
22,90,0.0,
23,90,0.0,
24,90,7.999999999999996e-06,
25,90,1.5999999999999992e-05,
26,90,9.999999999999996e-06,
27,90,0.0,
28,90,1.5999999999999992e-05,
29,90,8.666666666666663e-06,
30,90,0.0,
31,90,0.0,
32,90,0.0,
33,90,0.0,
34,90,0.0,
35,90,0.0,
36,90,0.0,
37,90,6.666666666666664e-06,
38,90,3.599999999999998e-05,
39,90,5.333333333333331e-06,
40,90,2.1333333333333324e-05,
41,90,3.333333333333332e-06,
42,90,0.0,
43,90,1.1333333333333329e-05,
44,90,0.0,
45,90,0.0,
46,90,1.999999999999999e-06,
47,90,4.5333333333333315e-05,
48,90,1.1999999999999994e-05,
49,90,6.93333333333333e-05,
50,90,0.00012133333333333328,
51,90,0.00013733333333333327,
52,90,7.33333333333333e-05,
53,90,0.00015733333333333325,
54,90,0.00015933333333333327,
55,90,0.00026733333333333324,
56,90,0.0002613333333333332,
57,90,0.0002573333333333332,
58,90,0.00023799999999999988,
59,90,0.0002579999999999999,
60,90,0.00026533333333333324,
61,90,0.0003119999999999999,
62,90,0.00025866666666666654,
63,90,0.00011799999999999994,
64,90,4.5333333333333315e-05,
65,90,0.00013933333333333327,
66,90,2.866666666666665e-05,
67,90,0.0001406666666666666,
68,90,0.00019133333333333323,
69,90,0.00014333333333333326,
70,90,0.00012199999999999994,
71,90,0.00012399999999999995,
72,90,0.0,
73,90,0.0,
74,90,0.00017533333333333325,
75,90,8.466666666666663e-05,
76,90,0.0001626666666666666,
77,90,0.00014733333333333327,
78,90,7.599999999999996e-05,
79,90,4.9999999999999975e-05,
80,90,4.3999999999999985e-05,
81,90,3.266666666666665e-05,
82,90,0.00013533333333333328,
83,90,8.199999999999996e-05,
84,90,6.93333333333333e-05,
85,90,7.466666666666663e-05,
86,90,7.73333333333333e-05,
87,90,0.00011799999999999994,
88,90,7.666666666666664e-05,
89,90,3.1999999999999985e-05,
90,90,4.066666666666665e-05,
91,90,1.866666666666666e-05,
92,90,5.399999999999998e-05,
93,90,0.00011666666666666661,
94,90,1.466666666666666e-05,
95,90,0.00010133333333333328,
96,90,3.466666666666665e-05,
97,90,0.0,
98,90,2.1333333333333324e-05,
99,90,2.4666666666666655e-05,
100,90,9.999999999999996e-06,
101,90,0.0,
102,90,0.0,
103,90,0.0,
104,90,0.0,
105,90,0.0,
106,90,6.666666666666664e-07,
107,90,0.0,
108,90,0.00011933333333333327,
109,90,1.3333333333333328e-05,
110,90,0.0,
111,90,3.999999999999998e-06,
112,90,1.5333333333333328e-05,
113,90,0.0,
114,90,0.0,
115,90,0.0,
116,90,0.0,
117,90,0.0,
118,90,0.0,
119,90,0.0,
120,90,0.0,
121,90,0.0,
122,90,0.0,
123,90,0.0,
124,90,0.0,
125,90,0.0,
126,90,0.0,
127,90,0.0,
0,91,0.0,
1,91,0.0,
2,91,0.0,
3,91,0.0,
4,91,0.0,
5,91,0.0,
6,91,0.0,
7,91,0.0,
8,91,0.0,
9,91,0.0,
10,91,0.0,
11,91,0.0,
12,91,0.0,
13,91,0.0,
14,91,0.0,
15,91,0.0,
16,91,0.0,
17,91,0.0,
18,91,0.0,
19,91,0.0,
20,91,0.0,
21,91,0.0,
22,91,0.0,
23,91,0.0,
24,91,6.666666666666664e-07,
25,91,1.3333333333333328e-06,
26,91,6.666666666666664e-07,
27,91,0.0,
28,91,9.999999999999996e-06,
29,91,9.999999999999996e-06,
30,91,0.0,
31,91,0.0,
32,91,0.0,
33,91,0.0,
34,91,0.0,
35,91,0.0,
36,91,0.0,
37,91,3.733333333333332e-05,
38,91,1.7333333333333325e-05,
39,91,2.5999999999999988e-05,
40,91,1.466666666666666e-05,
41,91,4.666666666666665e-06,
42,91,9.999999999999996e-06,
43,91,5.333333333333331e-06,
44,91,0.0,
45,91,0.0,
46,91,1.0666666666666662e-05,
47,91,4.5333333333333315e-05,
48,91,0.0,
49,91,1.799999999999999e-05,
50,91,6.733333333333331e-05,
51,91,6.599999999999998e-05,
52,91,0.00016533333333333325,
53,91,4.466666666666665e-05,
54,91,0.00018866666666666657,
55,91,0.0002459999999999999,
56,91,0.0002559999999999999,
57,91,0.00023866666666666654,
58,91,0.00019266666666666656,
59,91,0.00013533333333333328,
60,91,0.00023066666666666654,
61,91,0.0002619999999999999,
62,91,5.6666666666666644e-05,
63,91,9.13333333333333e-05,
64,91,0.0001266666666666666,
65,91,6.53333333333333e-05,
66,91,6.733333333333331e-05,
67,91,0.00017133333333333326,
68,91,3.0666666666666655e-05,
69,91,2.799999999999999e-05,
70,91,4.9999999999999975e-05,
71,91,7.33333333333333e-06,
72,91,3.133333333333332e-05,
73,91,6.199999999999998e-05,
74,91,0.00014733333333333327,
75,91,0.00010599999999999995,
76,91,0.00020133333333333323,
77,91,3.133333333333332e-05,
78,91,4.733333333333331e-05,
79,91,2.2666666666666657e-05,
80,91,1.3999999999999995e-05,
81,91,7.799999999999997e-05,
82,91,6.133333333333331e-05,
83,91,0.0001286666666666666,
84,91,2.6666666666666656e-05,
85,91,2.1999999999999993e-05,
86,91,8.999999999999997e-05,
87,91,0.00010266666666666662,
88,91,6.33333333333333e-05,
89,91,8.666666666666663e-06,
90,91,9.33333333333333e-06,
91,91,3.5333333333333316e-05,
92,91,4.5333333333333315e-05,
93,91,5.999999999999997e-05,
94,91,2.1999999999999993e-05,
95,91,2.9999999999999984e-05,
96,91,3.133333333333332e-05,
97,91,4.666666666666665e-06,
98,91,3.733333333333332e-05,
99,91,1.466666666666666e-05,
100,91,1.0666666666666662e-05,
101,91,0.0,
102,91,0.0,
103,91,6.666666666666664e-07,
104,91,9.999999999999996e-06,
105,91,1.3333333333333328e-06,
106,91,2.4666666666666655e-05,
107,91,0.0,
108,91,4.266666666666665e-05,
109,91,3.999999999999998e-06,
110,91,0.0,
111,91,0.0,
112,91,1.999999999999999e-06,
113,91,0.0,
114,91,0.0,
115,91,0.0,
116,91,0.0,
117,91,0.0,
118,91,0.0,
119,91,0.0,
120,91,0.0,
121,91,0.0,
122,91,0.0,
123,91,0.0,
124,91,0.0,
125,91,0.0,
126,91,0.0,
127,91,0.0,
0,92,0.0,
1,92,0.0,
2,92,0.0,
3,92,0.0,
4,92,0.0,
5,92,0.0,
6,92,0.0,
7,92,0.0,
8,92,0.0,
9,92,0.0,
10,92,0.0,
11,92,0.0,
12,92,0.0,
13,92,0.0,
14,92,0.0,
15,92,0.0,
16,92,0.0,
17,92,0.0,
18,92,0.0,
19,92,0.0,
20,92,0.0,
21,92,0.0,
22,92,0.0,
23,92,0.0,
24,92,0.0,
25,92,0.0,
26,92,0.0,
27,92,0.0,
28,92,6.666666666666664e-07,
29,92,0.0,
30,92,0.0,
31,92,0.0,
32,92,0.0,
33,92,0.0,
34,92,0.0,
35,92,0.0,
36,92,0.0,
37,92,1.3333333333333328e-06,
38,92,2.3999999999999987e-05,
39,92,1.1999999999999994e-05,
40,92,3.999999999999998e-05,
41,92,9.33333333333333e-06,
42,92,2.1999999999999993e-05,
43,92,0.0,
44,92,1.3333333333333328e-06,
45,92,2.6666666666666656e-06,
46,92,2.6666666666666656e-06,
47,92,0.0,
48,92,0.0,
49,92,1.266666666666666e-05,
50,92,9.33333333333333e-05,
51,92,0.0001306666666666666,
52,92,0.0001306666666666666,
53,92,0.00014133333333333326,
54,92,0.00010133333333333328,
55,92,0.00010599999999999995,
56,92,0.00017133333333333326,
57,92,0.00022133333333333326,
58,92,0.00021399999999999992,
59,92,0.0002099999999999999,
60,92,0.00010599999999999995,
61,92,3.266666666666665e-05,
62,92,0.0,
63,92,3.933333333333331e-05,
64,92,6.066666666666664e-05,
65,92,6.399999999999997e-05,
66,92,7.599999999999996e-05,
67,92,0.00012199999999999994,
68,92,3.999999999999998e-06,
69,92,5.93333333333333e-05,
70,92,5.73333333333333e-05,
71,92,2.1333333333333324e-05,
72,92,5.466666666666664e-05,
73,92,0.00011266666666666662,
74,92,0.00018533333333333328,
75,92,2.933333333333332e-05,
76,92,6.999999999999997e-05,
77,92,1.266666666666666e-05,
78,92,6.466666666666663e-05,
79,92,3.999999999999998e-05,
80,92,9.066666666666663e-05,
81,92,8.333333333333329e-05,
82,92,0.00017733333333333327,
83,92,8.866666666666664e-05,
84,92,2.533333333333332e-05,
85,92,4.3999999999999985e-05,
86,92,9.466666666666662e-05,
87,92,0.00013533333333333328,
88,92,8.999999999999997e-05,
89,92,9.999999999999996e-06,
90,92,2.0666666666666656e-05,
91,92,4.3999999999999985e-05,
92,92,1.999999999999999e-05,
93,92,6.133333333333331e-05,
94,92,8.466666666666663e-05,
95,92,1.0666666666666662e-05,
96,92,7.999999999999997e-05,
97,92,0.0,
98,92,1.999999999999999e-06,
99,92,2.2666666666666657e-05,
100,92,3.666666666666665e-05,
101,92,3.733333333333332e-05,
102,92,0.0,
103,92,0.0,
104,92,2.3333333333333326e-05,
105,92,8.666666666666663e-06,
106,92,1.9333333333333327e-05,
107,92,0.0,
108,92,5.599999999999998e-05,
109,92,3.866666666666665e-05,
110,92,0.0,
111,92,0.0,
112,92,2.6666666666666656e-05,
113,92,0.0,
114,92,1.999999999999999e-06,
115,92,0.0,
116,92,0.0,
117,92,0.0,
118,92,0.0,
119,92,0.0,
120,92,0.0,
121,92,0.0,
122,92,0.0,
123,92,0.0,
124,92,0.0,
125,92,0.0,
126,92,0.0,
127,92,0.0,
0,93,0.0,
1,93,0.0,
2,93,0.0,
3,93,0.0,
4,93,0.0,
5,93,0.0,
6,93,0.0,
7,93,0.0,
8,93,0.0,
9,93,5.73333333333333e-05,
10,93,0.0,
11,93,0.0,
12,93,0.0,
13,93,0.0,
14,93,0.0,
15,93,0.0,
16,93,0.0,
17,93,0.0,
18,93,0.0,
19,93,0.0,
20,93,0.0,
21,93,0.0,
22,93,0.0,
23,93,0.0,
24,93,0.0,
25,93,0.0,
26,93,0.0,
27,93,0.0,
28,93,7.33333333333333e-06,
29,93,0.0,
30,93,0.0,
31,93,0.0,
32,93,0.0,
33,93,0.0,
34,93,0.0,
35,93,0.0,
36,93,0.0,
37,93,0.0,
38,93,2.1999999999999993e-05,
39,93,1.266666666666666e-05,
40,93,0.0,
41,93,0.0,
42,93,0.0,
43,93,0.0,
44,93,0.0,
45,93,6.666666666666664e-07,
46,93,0.0,
47,93,0.0,
48,93,3.733333333333332e-05,
49,93,2.2666666666666657e-05,
50,93,1.9333333333333327e-05,
51,93,9.399999999999995e-05,
52,93,0.00012999999999999993,
53,93,0.0001526666666666666,
54,93,0.00014799999999999994,
55,93,0.0001686666666666666,
56,93,0.00019666666666666658,
57,93,0.00018533333333333328,
58,93,0.00022399999999999992,
59,93,0.00019866666666666657,
60,93,0.0002373333333333332,
61,93,0.00015933333333333327,
62,93,0.0,
63,93,0.00023999999999999987,
64,93,1.266666666666666e-05,
65,93,5.1999999999999976e-05,
66,93,8.13333333333333e-05,
67,93,1.266666666666666e-05,
68,93,1.3333333333333328e-06,
69,93,0.0,
70,93,0.0,
71,93,0.0,
72,93,3.933333333333331e-05,
73,93,2.533333333333332e-05,
74,93,4.733333333333331e-05,
75,93,2.2666666666666657e-05,
76,93,2.3333333333333326e-05,
77,93,8.666666666666663e-06,
78,93,5.466666666666664e-05,
79,93,2.4666666666666655e-05,
80,93,2.3999999999999987e-05,
81,93,3.666666666666665e-05,
82,93,4.599999999999998e-05,
83,93,0.00010666666666666663,
84,93,0.00012799999999999994,
85,93,0.00015199999999999993,
86,93,0.00012066666666666661,
87,93,0.00011066666666666663,
88,93,9.933333333333329e-05,
89,93,5.93333333333333e-05,
90,93,2.6666666666666656e-05,
91,93,5.466666666666664e-05,
92,93,8.066666666666663e-05,
93,93,6.999999999999997e-05,
94,93,7.199999999999996e-05,
95,93,1.1999999999999994e-05,
96,93,3.999999999999998e-05,
97,93,1.3999999999999995e-05,
98,93,9.33333333333333e-06,
99,93,1.5333333333333328e-05,
100,93,7.999999999999996e-06,
101,93,0.0,
102,93,0.0,
103,93,0.0,
104,93,4.933333333333331e-05,
105,93,5.999999999999997e-06,
106,93,1.3999999999999995e-05,
107,93,6.666666666666664e-07,
108,93,3.0666666666666655e-05,
109,93,5.466666666666664e-05,
110,93,0.0,
111,93,0.0,
112,93,0.0,
113,93,0.0,
114,93,2.5999999999999988e-05,
115,93,0.0,
116,93,0.0,
117,93,0.0,
118,93,0.0,
119,93,0.0,
120,93,0.0,
121,93,0.0,
122,93,0.0,
123,93,0.0,
124,93,0.0,
125,93,0.0,
126,93,0.0,
127,93,0.0,
0,94,0.0,
1,94,0.0,
2,94,0.0,
3,94,0.0,
4,94,0.0,
5,94,0.0,
6,94,5.333333333333331e-06,
7,94,5.999999999999997e-06,
8,94,2.1333333333333324e-05,
9,94,3.5333333333333316e-05,
10,94,0.0,
11,94,0.0,
12,94,0.0,
13,94,0.0,
14,94,0.0,
15,94,0.0,
16,94,0.0,
17,94,0.0,
18,94,0.0,
19,94,0.0,
20,94,0.0,
21,94,0.0,
22,94,0.0,
23,94,0.0,
24,94,0.0,
25,94,0.0,
26,94,0.0,
27,94,0.0,
28,94,0.0,
29,94,0.0,
30,94,0.0,
31,94,0.0,
32,94,0.0,
33,94,0.0,
34,94,0.0,
35,94,0.0,
36,94,0.0,
37,94,0.0,
38,94,3.333333333333332e-06,
39,94,0.0,
40,94,0.0,
41,94,0.0,
42,94,0.0,
43,94,0.0,
44,94,0.0,
45,94,5.999999999999997e-06,
46,94,1.5999999999999992e-05,
47,94,9.999999999999996e-06,
48,94,3.466666666666665e-05,
49,94,3.333333333333332e-05,
50,94,2.6666666666666656e-06,
51,94,0.00013533333333333328,
52,94,6.799999999999996e-05,
53,94,7.933333333333329e-05,
54,94,0.00013199999999999996,
55,94,0.00019133333333333323,
56,94,0.00017133333333333326,
57,94,0.0001899999999999999,
58,94,0.00021066666666666657,
59,94,0.00014933333333333327,
60,94,0.00015999999999999993,
61,94,7.33333333333333e-05,
62,94,5.5333333333333314e-05,
63,94,0.00023199999999999987,
64,94,1.5999999999999992e-05,
65,94,5.066666666666664e-05,
66,94,7.799999999999997e-05,
67,94,3.333333333333332e-06,
68,94,8.066666666666663e-05,
69,94,9.999999999999996e-06,
70,94,0.00010866666666666662,
71,94,7.13333333333333e-05,
72,94,0.00010066666666666662,
73,94,4.5333333333333315e-05,
74,94,5.333333333333331e-06,
75,94,1.3333333333333328e-05,
76,94,1.9333333333333327e-05,
77,94,4.933333333333331e-05,
78,94,3.999999999999998e-06,
79,94,7.399999999999997e-05,
80,94,1.9333333333333327e-05,
81,94,5.866666666666664e-05,
82,94,4.733333333333331e-05,
83,94,7.13333333333333e-05,
84,94,4.7999999999999974e-05,
85,94,9.733333333333328e-05,
86,94,0.00010933333333333328,
87,94,4.599999999999998e-05,
88,94,0.00012533333333333328,
89,94,1.5999999999999992e-05,
90,94,2.1333333333333324e-05,
91,94,4.266666666666665e-05,
92,94,5.333333333333331e-05,
93,94,5.333333333333331e-05,
94,94,3.866666666666665e-05,
95,94,6.466666666666663e-05,
96,94,1.1999999999999994e-05,
97,94,3.266666666666665e-05,
98,94,1.866666666666666e-05,
99,94,1.466666666666666e-05,
100,94,1.666666666666666e-05,
101,94,3.999999999999998e-06,
102,94,0.0,
103,94,0.0,
104,94,5.333333333333331e-06,
105,94,5.999999999999997e-06,
106,94,9.999999999999996e-06,
107,94,1.0666666666666662e-05,
108,94,4.5333333333333315e-05,
109,94,9.999999999999996e-06,
110,94,0.0,
111,94,0.0,
112,94,0.0,
113,94,0.0,
114,94,7.199999999999996e-05,
115,94,3.999999999999998e-06,
116,94,1.999999999999999e-06,
117,94,4.666666666666665e-06,
118,94,5.999999999999997e-06,
119,94,0.0,
120,94,0.0,
121,94,0.0,
122,94,0.0,
123,94,0.0,
124,94,0.0,
125,94,0.0,
126,94,0.0,
127,94,0.0,
0,95,0.0,
1,95,0.0,
2,95,0.0,
3,95,0.0,
4,95,0.0,
5,95,0.0,
6,95,1.999999999999999e-06,
7,95,1.799999999999999e-05,
8,95,3.799999999999998e-05,
9,95,9.13333333333333e-05,
10,95,0.0,
11,95,0.0,
12,95,0.0,
13,95,0.0,
14,95,0.0,
15,95,0.0,
16,95,0.0,
17,95,0.0,
18,95,0.0,
19,95,0.0,
20,95,0.0,
21,95,0.0,
22,95,0.0,
23,95,0.0,
24,95,0.0,
25,95,0.0,
26,95,0.0,
27,95,0.0,
28,95,0.0,
29,95,0.0,
30,95,0.0,
31,95,0.0,
32,95,0.0,
33,95,0.0,
34,95,0.0,
35,95,0.0,
36,95,0.0,
37,95,0.0,
38,95,0.0,
39,95,0.0,
40,95,0.0,
41,95,0.0,
42,95,0.0,
43,95,0.0,
44,95,0.0,
45,95,5.333333333333331e-06,
46,95,8.666666666666663e-06,
47,95,1.666666666666666e-05,
48,95,4.5333333333333315e-05,
49,95,1.0666666666666662e-05,
50,95,0.0,
51,95,0.0001286666666666666,
52,95,4.266666666666665e-05,
53,95,7.599999999999996e-05,
54,95,9.999999999999995e-05,
55,95,8.799999999999997e-05,
56,95,0.00022399999999999992,
57,95,8.266666666666663e-05,
58,95,0.00015666666666666658,
59,95,7.933333333333329e-05,
60,95,7.53333333333333e-05,
61,95,4.7999999999999974e-05,
62,95,0.0,
63,95,0.00010399999999999995,
64,95,7.33333333333333e-06,
65,95,6.199999999999998e-05,
66,95,9.399999999999995e-05,
67,95,8.666666666666663e-06,
68,95,9.13333333333333e-05,
69,95,0.0,
70,95,4.066666666666665e-05,
71,95,0.0,
72,95,7.33333333333333e-06,
73,95,2.533333333333332e-05,
74,95,0.0,
75,95,2.9999999999999984e-05,
76,95,9.999999999999996e-06,
77,95,5.93333333333333e-05,
78,95,0.0,
79,95,6.53333333333333e-05,
80,95,7.933333333333329e-05,
81,95,6.599999999999998e-05,
82,95,4.466666666666665e-05,
83,95,0.00011266666666666662,
84,95,8.399999999999997e-05,
85,95,0.00011733333333333328,
86,95,0.00010133333333333328,
87,95,9.466666666666662e-05,
88,95,3.333333333333332e-05,
89,95,2.933333333333332e-05,
90,95,1.466666666666666e-05,
91,95,2.733333333333332e-05,
92,95,4.7999999999999974e-05,
93,95,9.666666666666661e-05,
94,95,5.93333333333333e-05,
95,95,4.866666666666664e-05,
96,95,4.666666666666665e-05,
97,95,5.866666666666664e-05,
98,95,6.666666666666664e-07,
99,95,9.999999999999996e-06,
100,95,1.799999999999999e-05,
101,95,0.0,
102,95,0.0,
103,95,0.0,
104,95,4.666666666666665e-06,
105,95,1.3999999999999995e-05,
106,95,1.3333333333333328e-05,
107,95,5.466666666666664e-05,
108,95,6.666666666666664e-07,
109,95,0.0,
110,95,0.0,
111,95,0.0,
112,95,0.0,
113,95,0.0,
114,95,0.0001879999999999999,
115,95,5.999999999999997e-05,
116,95,3.5333333333333316e-05,
117,95,4.666666666666665e-06,
118,95,9.999999999999996e-06,
119,95,0.0,
120,95,0.0,
121,95,0.0,
122,95,0.0,
123,95,0.0,
124,95,0.0,
125,95,0.0,
126,95,0.0,
127,95,0.0,
0,96,0.0,
1,96,0.0,
2,96,0.0,
3,96,0.0,
4,96,0.0,
5,96,0.0,
6,96,3.133333333333332e-05,
7,96,2.1999999999999993e-05,
8,96,2.1333333333333324e-05,
9,96,3.799999999999998e-05,
10,96,0.0,
11,96,0.0,
12,96,0.0,
13,96,0.0,
14,96,0.0,
15,96,0.0,
16,96,0.0,
17,96,0.0,
18,96,0.0,
19,96,0.0,
20,96,0.0,
21,96,0.0,
22,96,0.0,
23,96,0.0,
24,96,0.0,
25,96,0.0,
26,96,0.0,
27,96,0.0,
28,96,0.0,
29,96,0.0,
30,96,0.0,
31,96,0.0,
32,96,0.0,
33,96,0.0,
34,96,0.0,
35,96,0.0,
36,96,4.5333333333333315e-05,
37,96,9.999999999999996e-06,
38,96,0.0,
39,96,0.0,
40,96,0.0,
41,96,0.0,
42,96,0.0,
43,96,0.0,
44,96,0.0,
45,96,3.133333333333332e-05,
46,96,1.9333333333333327e-05,
47,96,2.5999999999999988e-05,
48,96,2.533333333333332e-05,
49,96,9.999999999999996e-06,
50,96,0.0,
51,96,0.00022866666666666657,
52,96,6.53333333333333e-05,
53,96,8.333333333333329e-05,
54,96,8.999999999999997e-05,
55,96,4.3999999999999985e-05,
56,96,0.00010133333333333328,
57,96,0.00014799999999999994,
58,96,0.00017133333333333326,
59,96,5.466666666666664e-05,
60,96,2.9999999999999984e-05,
61,96,9.866666666666662e-05,
62,96,0.0,
63,96,2.2666666666666657e-05,
64,96,4.066666666666665e-05,
65,96,4.599999999999998e-05,
66,96,2.6666666666666656e-06,
67,96,1.5999999999999992e-05,
68,96,5.066666666666664e-05,
69,96,0.0,
70,96,5.333333333333331e-06,
71,96,1.799999999999999e-05,
72,96,8.666666666666663e-06,
73,96,0.0,
74,96,1.1333333333333329e-05,
75,96,0.0,
76,96,0.0,
77,96,1.3999999999999995e-05,
78,96,1.7333333333333325e-05,
79,96,7.999999999999997e-05,
80,96,2.866666666666665e-05,
81,96,2.6666666666666656e-06,
82,96,5.066666666666664e-05,
83,96,4.9999999999999975e-05,
84,96,7.933333333333329e-05,
85,96,6.33333333333333e-05,
86,96,9.666666666666661e-05,
87,96,7.666666666666664e-05,
88,96,4.266666666666665e-05,
89,96,1.799999999999999e-05,
90,96,6.666666666666664e-06,
91,96,1.7333333333333325e-05,
92,96,1.666666666666666e-05,
93,96,4.733333333333331e-05,
94,96,4.1999999999999984e-05,
95,96,1.866666666666666e-05,
96,96,7.999999999999997e-05,
97,96,4.3999999999999985e-05,
98,96,7.33333333333333e-06,
99,96,2.5999999999999988e-05,
100,96,1.5333333333333328e-05,
101,96,0.0,
102,96,0.0,
103,96,1.3333333333333328e-05,
104,96,2.3999999999999987e-05,
105,96,1.3999999999999995e-05,
106,96,1.5999999999999992e-05,
107,96,6.666666666666664e-06,
108,96,2.3333333333333326e-05,
109,96,0.0,
110,96,0.0,
111,96,0.0,
112,96,0.0,
113,96,0.0,
114,96,4.5333333333333315e-05,
115,96,0.0,
116,96,3.133333333333332e-05,
117,96,3.599999999999998e-05,
118,96,1.266666666666666e-05,
119,96,2.3999999999999987e-05,
120,96,0.0,
121,96,0.0,
122,96,0.0,
123,96,0.0,
124,96,0.0,
125,96,0.0,
126,96,0.0,
127,96,0.0,
0,97,0.0,
1,97,0.0,
2,97,0.0,
3,97,0.0,
4,97,0.0,
5,97,0.0,
6,97,0.0,
7,97,0.0,
8,97,1.5999999999999992e-05,
9,97,2.6666666666666656e-06,
10,97,0.0,
11,97,0.0,
12,97,0.0,
13,97,0.0,
14,97,0.0,
15,97,0.0,
16,97,0.0,
17,97,0.0,
18,97,0.0,
19,97,0.0,
20,97,0.0,
21,97,0.0,
22,97,0.0,
23,97,0.0,
24,97,0.0,
25,97,0.0,
26,97,0.0,
27,97,0.0,
28,97,0.0,
29,97,0.0,
30,97,0.0,
31,97,0.0,
32,97,0.0,
33,97,0.0,
34,97,0.0,
35,97,0.0,
36,97,2.6666666666666656e-06,
37,97,3.399999999999998e-05,
38,97,0.0,
39,97,0.0,
40,97,0.0,
41,97,0.0,
42,97,0.0,
43,97,0.0,
44,97,0.0,
45,97,3.1999999999999985e-05,
46,97,0.0,
47,97,5.399999999999998e-05,
48,97,1.266666666666666e-05,
49,97,4.3999999999999985e-05,
50,97,0.0,
51,97,0.0,
52,97,6.666666666666664e-07,
53,97,7.266666666666664e-05,
54,97,6.199999999999998e-05,
55,97,2.733333333333332e-05,
56,97,3.5333333333333316e-05,
57,97,0.00017133333333333326,
58,97,0.00017799999999999994,
59,97,0.00012266666666666662,
60,97,2.0666666666666656e-05,
61,97,6.33333333333333e-05,
62,97,1.3333333333333328e-06,
63,97,2.6666666666666656e-06,
64,97,5.7999999999999966e-05,
65,97,3.999999999999998e-06,
66,97,2.6666666666666656e-06,
67,97,2.866666666666665e-05,
68,97,2.1999999999999993e-05,
69,97,0.0,
70,97,8.666666666666663e-06,
71,97,2.6666666666666656e-05,
72,97,1.866666666666666e-05,
73,97,4.666666666666665e-06,
74,97,0.00014333333333333326,
75,97,0.0,
76,97,0.0,
77,97,1.266666666666666e-05,
78,97,2.6666666666666656e-05,
79,97,3.266666666666665e-05,
80,97,4.066666666666665e-05,
81,97,6.666666666666664e-07,
82,97,9.33333333333333e-06,
83,97,5.066666666666664e-05,
84,97,5.7999999999999966e-05,
85,97,3.0666666666666655e-05,
86,97,0.00010066666666666662,
87,97,3.399999999999998e-05,
88,97,1.3999999999999995e-05,
89,97,1.666666666666666e-05,
90,97,5.266666666666664e-05,
91,97,2.799999999999999e-05,
92,97,1.3999999999999995e-05,
93,97,2.3333333333333326e-05,
94,97,1.3333333333333328e-05,
95,97,7.466666666666663e-05,
96,97,0.0001366666666666666,
97,97,4.466666666666665e-05,
98,97,5.333333333333331e-06,
99,97,3.466666666666665e-05,
100,97,2.533333333333332e-05,
101,97,2.6666666666666656e-06,
102,97,1.999999999999999e-06,
103,97,7.666666666666664e-05,
104,97,3.333333333333332e-06,
105,97,2.9999999999999984e-05,
106,97,2.3333333333333326e-05,
107,97,5.333333333333331e-06,
108,97,0.0,
109,97,0.0,
110,97,0.0,
111,97,0.0,
112,97,0.0,
113,97,0.0,
114,97,0.0,
115,97,0.0,
116,97,1.3333333333333328e-05,
117,97,1.3999999999999995e-05,
118,97,1.1333333333333329e-05,
119,97,8.666666666666663e-06,
120,97,0.0,
121,97,0.0,
122,97,0.0,
123,97,0.0,
124,97,0.0,
125,97,0.0,
126,97,0.0,
127,97,0.0,
0,98,0.0,
1,98,0.0,
2,98,0.0,
3,98,0.0,
4,98,0.0,
5,98,0.0,
6,98,0.0,
7,98,0.0,
8,98,8.666666666666663e-06,
9,98,1.3333333333333328e-06,
10,98,0.0,
11,98,4.666666666666665e-06,
12,98,0.0,
13,98,0.0,
14,98,0.0,
15,98,0.0,
16,98,0.0,
17,98,0.0,
18,98,0.0,
19,98,0.0,
20,98,0.0,
21,98,0.0,
22,98,0.0,
23,98,0.0,
24,98,0.0,
25,98,0.0,
26,98,0.0,
27,98,0.0,
28,98,0.0,
29,98,0.0,
30,98,0.0,
31,98,0.0,
32,98,0.0,
33,98,0.0,
34,98,0.0,
35,98,1.9333333333333327e-05,
36,98,3.333333333333332e-06,
37,98,0.0,
38,98,0.0,
39,98,0.0,
40,98,0.0,
41,98,0.0,
42,98,0.0,
43,98,0.0,
44,98,0.0,
45,98,0.0,
46,98,7.999999999999997e-05,
47,98,0.0,
48,98,1.266666666666666e-05,
49,98,1.1999999999999994e-05,
50,98,0.0,
51,98,5.1999999999999976e-05,
52,98,6.866666666666664e-05,
53,98,4.9999999999999975e-05,
54,98,8.266666666666663e-05,
55,98,2.0666666666666656e-05,
56,98,3.133333333333332e-05,
57,98,0.00010133333333333328,
58,98,1.5333333333333328e-05,
59,98,0.00010333333333333329,
60,98,4.866666666666664e-05,
61,98,6.133333333333331e-05,
62,98,3.333333333333332e-06,
63,98,1.999999999999999e-06,
64,98,9.933333333333329e-05,
65,98,5.999999999999997e-06,
66,98,4.733333333333331e-05,
67,98,2.6666666666666656e-05,
68,98,2.799999999999999e-05,
69,98,0.0,
70,98,1.3333333333333328e-06,
71,98,3.599999999999998e-05,
72,98,7.999999999999996e-06,
73,98,1.9333333333333327e-05,
74,98,1.1999999999999994e-05,
75,98,0.0,
76,98,0.0,
77,98,1.1333333333333329e-05,
78,98,0.0,
79,98,0.0,
80,98,9.33333333333333e-06,
81,98,0.0,
82,98,3.333333333333332e-06,
83,98,5.999999999999997e-06,
84,98,1.5999999999999992e-05,
85,98,1.3333333333333328e-06,
86,98,7.33333333333333e-05,
87,98,2.1333333333333324e-05,
88,98,1.3333333333333328e-05,
89,98,2.799999999999999e-05,
90,98,4.599999999999998e-05,
91,98,9.533333333333328e-05,
92,98,2.1333333333333324e-05,
93,98,4.933333333333331e-05,
94,98,2.1333333333333324e-05,
95,98,0.00010999999999999995,
96,98,9.666666666666661e-05,
97,98,2.733333333333332e-05,
98,98,1.999999999999999e-05,
99,98,3.266666666666665e-05,
100,98,4.5333333333333315e-05,
101,98,1.866666666666666e-05,
102,98,1.1333333333333329e-05,
103,98,2.866666666666665e-05,
104,98,2.4666666666666655e-05,
105,98,4.133333333333331e-05,
106,98,5.333333333333331e-06,
107,98,7.53333333333333e-05,
108,98,0.0,
109,98,0.0,
110,98,0.0,
111,98,0.0,
112,98,0.0,
113,98,0.0,
114,98,1.0666666666666662e-05,
115,98,0.0,
116,98,0.0,
117,98,2.2666666666666657e-05,
118,98,4.1999999999999984e-05,
119,98,1.466666666666666e-05,
120,98,0.0,
121,98,0.0,
122,98,0.0,
123,98,0.0,
124,98,0.0,
125,98,0.0,
126,98,0.0,
127,98,0.0,
0,99,0.0,
1,99,0.0,
2,99,0.0,
3,99,0.0,
4,99,0.0,
5,99,0.0,
6,99,0.0,
7,99,5.999999999999997e-06,
8,99,3.0666666666666655e-05,
9,99,3.666666666666665e-05,
10,99,7.999999999999996e-06,
11,99,7.199999999999996e-05,
12,99,0.0,
13,99,0.0,
14,99,0.0,
15,99,0.0,
16,99,0.0,
17,99,0.0,
18,99,0.0,
19,99,0.0,
20,99,0.0,
21,99,0.0,
22,99,0.0,
23,99,0.0,
24,99,0.0,
25,99,0.0,
26,99,0.0,
27,99,0.0,
28,99,0.0,
29,99,0.0,
30,99,0.0,
31,99,0.0,
32,99,0.0,
33,99,0.0,
34,99,0.0,
35,99,2.933333333333332e-05,
36,99,0.0,
37,99,0.0,
38,99,0.0,
39,99,0.0,
40,99,0.0,
41,99,0.0,
42,99,0.0,
43,99,0.0,
44,99,0.0,
45,99,6.666666666666664e-07,
46,99,6.93333333333333e-05,
47,99,0.0,
48,99,0.0,
49,99,5.999999999999997e-06,
50,99,1.3999999999999995e-05,
51,99,5.999999999999997e-05,
52,99,1.266666666666666e-05,
53,99,6.466666666666663e-05,
54,99,3.0666666666666655e-05,
55,99,1.799999999999999e-05,
56,99,1.999999999999999e-05,
57,99,0.00010133333333333328,
58,99,3.666666666666665e-05,
59,99,0.00010999999999999995,
60,99,3.399999999999998e-05,
61,99,5.333333333333331e-06,
62,99,0.0,
63,99,0.0,
64,99,1.1333333333333329e-05,
65,99,5.066666666666664e-05,
66,99,1.999999999999999e-05,
67,99,1.3333333333333328e-06,
68,99,0.0,
69,99,0.0,
70,99,1.3999999999999995e-05,
71,99,1.999999999999999e-05,
72,99,1.666666666666666e-05,
73,99,2.9999999999999984e-05,
74,99,6.666666666666664e-07,
75,99,0.0,
76,99,0.0,
77,99,9.33333333333333e-06,
78,99,5.599999999999998e-05,
79,99,0.0,
80,99,0.0,
81,99,0.0,
82,99,0.0,
83,99,1.1333333333333329e-05,
84,99,5.066666666666664e-05,
85,99,2.1999999999999993e-05,
86,99,2.3999999999999987e-05,
87,99,4.666666666666665e-06,
88,99,6.93333333333333e-05,
89,99,4.5333333333333315e-05,
90,99,7.866666666666662e-05,
91,99,9.266666666666664e-05,
92,99,1.999999999999999e-06,
93,99,3.799999999999998e-05,
94,99,5.066666666666664e-05,
95,99,5.6666666666666644e-05,
96,99,2.3999999999999987e-05,
97,99,3.999999999999998e-06,
98,99,8.13333333333333e-05,
99,99,7.066666666666663e-05,
100,99,1.466666666666666e-05,
101,99,1.7333333333333325e-05,
102,99,4.866666666666664e-05,
103,99,3.599999999999998e-05,
104,99,2.799999999999999e-05,
105,99,1.5333333333333328e-05,
106,99,0.0,
107,99,9.33333333333333e-06,
108,99,0.0,
109,99,0.0,
110,99,0.0,
111,99,7.999999999999996e-06,
112,99,9.999999999999996e-06,
113,99,3.133333333333332e-05,
114,99,4.5333333333333315e-05,
115,99,0.0,
116,99,0.0,
117,99,8.266666666666663e-05,
118,99,3.333333333333332e-05,
119,99,0.0,
120,99,0.0,
121,99,0.0,
122,99,0.0,
123,99,0.0,
124,99,0.0,
125,99,0.0,
126,99,0.0,
127,99,0.0,
0,100,0.0,
1,100,0.0,
2,100,0.0,
3,100,0.0,
4,100,0.0,
5,100,0.0,
6,100,0.0,
7,100,2.6666666666666656e-06,
8,100,4.666666666666665e-06,
9,100,6.666666666666664e-06,
10,100,9.999999999999996e-06,
11,100,6.733333333333331e-05,
12,100,0.0,
13,100,0.0,
14,100,0.0,
15,100,0.0,
16,100,0.0,
17,100,0.0,
18,100,0.0,
19,100,0.0,
20,100,0.0,
21,100,0.0,
22,100,0.0,
23,100,0.0,
24,100,0.0,
25,100,0.0,
26,100,0.0,
27,100,0.0,
28,100,0.0,
29,100,0.0,
30,100,0.0,
31,100,0.0,
32,100,0.0,
33,100,0.0,
34,100,0.0,
35,100,3.333333333333332e-06,
36,100,0.0,
37,100,0.0,
38,100,0.0,
39,100,0.0,
40,100,0.0,
41,100,0.0,
42,100,0.0,
43,100,0.0,
44,100,0.0,
45,100,1.999999999999999e-06,
46,100,5.333333333333331e-06,
47,100,0.0,
48,100,0.0,
49,100,1.0666666666666662e-05,
50,100,4.066666666666665e-05,
51,100,4.466666666666665e-05,
52,100,3.733333333333332e-05,
53,100,5.333333333333331e-06,
54,100,4.666666666666665e-05,
55,100,1.3333333333333328e-05,
56,100,2.6666666666666656e-06,
57,100,4.866666666666664e-05,
58,100,8.466666666666663e-05,
59,100,6.066666666666664e-05,
60,100,5.93333333333333e-05,
61,100,2.4666666666666655e-05,
62,100,1.3999999999999995e-05,
63,100,0.0,
64,100,3.866666666666665e-05,
65,100,3.799999999999998e-05,
66,100,5.999999999999997e-06,
67,100,1.3333333333333328e-06,
68,100,0.0,
69,100,0.0,
70,100,0.0,
71,100,0.0,
72,100,8.666666666666663e-06,
73,100,2.533333333333332e-05,
74,100,3.999999999999998e-06,
75,100,0.0,
76,100,7.33333333333333e-06,
77,100,2.1333333333333324e-05,
78,100,4.666666666666665e-06,
79,100,0.0,
80,100,0.0,
81,100,0.0,
82,100,0.0,
83,100,0.0,
84,100,0.0,
85,100,0.0,
86,100,4.666666666666665e-06,
87,100,0.0,
88,100,2.3333333333333326e-05,
89,100,7.266666666666664e-05,
90,100,4.933333333333331e-05,
91,100,0.00011799999999999994,
92,100,0.0,
93,100,0.0,
94,100,3.266666666666665e-05,
95,100,5.333333333333331e-05,
96,100,9.33333333333333e-06,
97,100,1.866666666666666e-05,
98,100,9.533333333333328e-05,
99,100,8.13333333333333e-05,
100,100,5.73333333333333e-05,
101,100,6.066666666666664e-05,
102,100,2.9999999999999984e-05,
103,100,9.999999999999996e-06,
104,100,1.866666666666666e-05,
105,100,1.866666666666666e-05,
106,100,0.0,
107,100,0.0,
108,100,0.0,
109,100,0.0,
110,100,0.0,
111,100,2.866666666666665e-05,
112,100,2.1999999999999993e-05,
113,100,5.066666666666664e-05,
114,100,5.333333333333331e-06,
115,100,0.0,
116,100,0.0,
117,100,3.599999999999998e-05,
118,100,0.0,
119,100,0.0,
120,100,0.0,
121,100,0.0,
122,100,0.0,
123,100,0.0,
124,100,0.0,
125,100,0.0,
126,100,0.0,
127,100,0.0,
0,101,0.0,
1,101,0.0,
2,101,0.0,
3,101,0.0,
4,101,0.0,
5,101,0.0,
6,101,0.0,
7,101,0.0,
8,101,0.0,
9,101,0.0,
10,101,0.0,
11,101,1.3333333333333328e-06,
12,101,0.0,
13,101,0.0,
14,101,0.0,
15,101,0.0,
16,101,0.0,
17,101,0.0,
18,101,0.0,
19,101,0.0,
20,101,0.0,
21,101,0.0,
22,101,0.0,
23,101,0.0,
24,101,0.0,
25,101,0.0,
26,101,0.0,
27,101,0.0,
28,101,0.0,
29,101,0.0,
30,101,0.0,
31,101,0.0,
32,101,0.0,
33,101,0.0,
34,101,0.0,
35,101,2.6666666666666656e-06,
36,101,0.0,
37,101,0.0,
38,101,0.0,
39,101,0.0,
40,101,0.0,
41,101,0.0,
42,101,0.0,
43,101,0.0,
44,101,0.0,
45,101,2.6666666666666656e-06,
46,101,0.0,
47,101,0.0,
48,101,0.0,
49,101,3.266666666666665e-05,
50,101,5.7999999999999966e-05,
51,101,3.866666666666665e-05,
52,101,7.066666666666663e-05,
53,101,4.733333333333331e-05,
54,101,8.666666666666663e-06,
55,101,4.466666666666665e-05,
56,101,0.00010066666666666662,
57,101,7.866666666666662e-05,
58,101,4.866666666666664e-05,
59,101,2.533333333333332e-05,
60,101,9.266666666666664e-05,
61,101,7.199999999999996e-05,
62,101,0.00010266666666666662,
63,101,0.0,
64,101,3.733333333333332e-05,
65,101,4.599999999999998e-05,
66,101,0.0,
67,101,0.0,
68,101,0.0,
69,101,0.0,
70,101,0.0,
71,101,0.0,
72,101,1.999999999999999e-05,
73,101,2.4666666666666655e-05,
74,101,4.666666666666665e-06,
75,101,1.5999999999999992e-05,
76,101,2.3333333333333326e-05,
77,101,1.1333333333333329e-05,
78,101,0.0,
79,101,0.0,
80,101,0.0,
81,101,0.0,
82,101,0.0,
83,101,0.0,
84,101,5.466666666666664e-05,
85,101,8.199999999999996e-05,
86,101,5.266666666666664e-05,
87,101,0.0,
88,101,6.666666666666664e-07,
89,101,1.1333333333333329e-05,
90,101,2.1999999999999993e-05,
91,101,1.1333333333333329e-05,
92,101,0.0,
93,101,0.0,
94,101,2.533333333333332e-05,
95,101,1.866666666666666e-05,
96,101,6.666666666666664e-06,
97,101,1.999999999999999e-06,
98,101,3.333333333333332e-05,
99,101,0.0,
100,101,5.7999999999999966e-05,
101,101,2.9999999999999984e-05,
102,101,2.5999999999999988e-05,
103,101,1.3999999999999995e-05,
104,101,1.3333333333333328e-06,
105,101,0.00010733333333333329,
106,101,0.0,
107,101,0.0,
108,101,0.0,
109,101,0.0,
110,101,0.0,
111,101,0.0,
112,101,7.999999999999996e-06,
113,101,6.266666666666664e-05,
114,101,5.333333333333331e-06,
115,101,0.0,
116,101,0.0,
117,101,3.5333333333333316e-05,
118,101,5.999999999999997e-05,
119,101,0.0,
120,101,0.0,
121,101,0.0,
122,101,0.0,
123,101,0.0,
124,101,0.0,
125,101,0.0,
126,101,0.0,
127,101,0.0,
0,102,0.0,
1,102,0.0,
2,102,0.0,
3,102,0.0,
4,102,0.0,
5,102,0.0,
6,102,0.0,
7,102,0.0,
8,102,0.0,
9,102,0.0,
10,102,0.0,
11,102,0.0,
12,102,0.0,
13,102,0.0,
14,102,0.0,
15,102,0.0,
16,102,0.0,
17,102,0.0,
18,102,0.0,
19,102,0.0,
20,102,0.0,
21,102,0.0,
22,102,0.0,
23,102,0.0,
24,102,0.0,
25,102,0.0,
26,102,0.0,
27,102,0.0,
28,102,0.0,
29,102,0.0,
30,102,0.0,
31,102,0.0,
32,102,0.0,
33,102,0.0,
34,102,0.0,
35,102,1.0666666666666662e-05,
36,102,0.0,
37,102,0.0,
38,102,0.0,
39,102,0.0,
40,102,0.0,
41,102,0.0,
42,102,0.0,
43,102,0.0,
44,102,0.0,
45,102,9.999999999999996e-06,
46,102,2.533333333333332e-05,
47,102,1.666666666666666e-05,
48,102,1.1333333333333329e-05,
49,102,2.4666666666666655e-05,
50,102,4.9999999999999975e-05,
51,102,2.799999999999999e-05,
52,102,3.999999999999998e-05,
53,102,6.53333333333333e-05,
54,102,4.266666666666665e-05,
55,102,3.333333333333332e-05,
56,102,0.00010999999999999995,
57,102,2.866666666666665e-05,
58,102,3.333333333333332e-06,
59,102,3.999999999999998e-06,
60,102,4.133333333333331e-05,
61,102,4.933333333333331e-05,
62,102,3.266666666666665e-05,
63,102,0.0,
64,102,0.0,
65,102,3.466666666666665e-05,
66,102,7.33333333333333e-06,
67,102,0.0,
68,102,0.0,
69,102,0.0,
70,102,0.0,
71,102,0.0,
72,102,0.0,
73,102,0.0,
74,102,0.0,
75,102,0.0,
76,102,6.666666666666664e-07,
77,102,1.1333333333333329e-05,
78,102,0.0,
79,102,0.0,
80,102,0.0,
81,102,0.0,
82,102,0.0,
83,102,0.0,
84,102,1.799999999999999e-05,
85,102,1.3999999999999995e-05,
86,102,0.0,
87,102,0.0,
88,102,0.0,
89,102,4.666666666666665e-06,
90,102,1.466666666666666e-05,
91,102,0.0,
92,102,0.0,
93,102,0.0,
94,102,3.399999999999998e-05,
95,102,3.399999999999998e-05,
96,102,1.866666666666666e-05,
97,102,3.999999999999998e-06,
98,102,7.13333333333333e-05,
99,102,3.866666666666665e-05,
100,102,0.00012066666666666661,
101,102,1.3333333333333328e-05,
102,102,2.1999999999999993e-05,
103,102,0.0,
104,102,4.666666666666665e-06,
105,102,4.1999999999999984e-05,
106,102,0.0,
107,102,0.0,
108,102,0.0,
109,102,0.0,
110,102,0.0,
111,102,0.0,
112,102,0.0,
113,102,7.33333333333333e-06,
114,102,6.666666666666664e-07,
115,102,0.0,
116,102,0.0,
117,102,8.666666666666663e-06,
118,102,0.0,
119,102,0.0,
120,102,0.0,
121,102,0.0,
122,102,0.0,
123,102,0.0,
124,102,0.0,
125,102,0.0,
126,102,0.0,
127,102,0.0,
0,103,0.0,
1,103,0.0,
2,103,0.0,
3,103,0.0,
4,103,0.0,
5,103,0.0,
6,103,0.0,
7,103,0.0,
8,103,0.0,
9,103,0.0,
10,103,0.0,
11,103,0.0,
12,103,0.0,
13,103,0.0,
14,103,0.0,
15,103,0.0,
16,103,0.0,
17,103,0.0,
18,103,0.0,
19,103,0.0,
20,103,0.0,
21,103,0.0,
22,103,0.0,
23,103,0.0,
24,103,0.0,
25,103,0.0,
26,103,0.0,
27,103,0.0,
28,103,0.0,
29,103,0.0,
30,103,0.0,
31,103,0.0,
32,103,0.0,
33,103,0.0,
34,103,0.0,
35,103,0.0001726666666666666,
36,103,0.0,
37,103,0.0,
38,103,0.0,
39,103,0.0,
40,103,0.0,
41,103,0.0,
42,103,0.0,
43,103,0.0,
44,103,0.0,
45,103,2.2666666666666657e-05,
46,103,1.799999999999999e-05,
47,103,2.4666666666666655e-05,
48,103,4.3999999999999985e-05,
49,103,0.0,
50,103,2.733333333333332e-05,
51,103,5.399999999999998e-05,
52,103,4.9999999999999975e-05,
53,103,8.866666666666664e-05,
54,103,4.3999999999999985e-05,
55,103,2.5999999999999988e-05,
56,103,1.999999999999999e-05,
57,103,4.066666666666665e-05,
58,103,0.0,
59,103,6.666666666666664e-07,
60,103,3.666666666666665e-05,
61,103,4.133333333333331e-05,
62,103,4.066666666666665e-05,
63,103,0.0,
64,103,0.0,
65,103,2.933333333333332e-05,
66,103,1.0666666666666662e-05,
67,103,0.0,
68,103,0.0,
69,103,0.0,
70,103,4.666666666666665e-06,
71,103,1.5999999999999992e-05,
72,103,0.0,
73,103,0.0,
74,103,0.0,
75,103,0.0,
76,103,2.1999999999999993e-05,
77,103,0.0,
78,103,0.0,
79,103,0.0,
80,103,0.0,
81,103,0.0,
82,103,0.0,
83,103,0.0,
84,103,0.0,
85,103,0.0,
86,103,0.0,
87,103,0.0,
88,103,0.0,
89,103,0.0,
90,103,1.999999999999999e-06,
91,103,0.0,
92,103,0.0,
93,103,0.0,
94,103,0.0,
95,103,3.933333333333331e-05,
96,103,0.0,
97,103,6.666666666666664e-07,
98,103,0.00011266666666666662,
99,103,6.599999999999998e-05,
100,103,4.666666666666665e-06,
101,103,5.999999999999997e-06,
102,103,1.1999999999999994e-05,
103,103,0.0,
104,103,3.999999999999998e-06,
105,103,3.333333333333332e-05,
106,103,4.133333333333331e-05,
107,103,0.0,
108,103,0.0,
109,103,0.0,
110,103,0.0,
111,103,0.0,
112,103,0.0,
113,103,2.1999999999999993e-05,
114,103,1.5333333333333328e-05,
115,103,0.0,
116,103,3.0666666666666655e-05,
117,103,2.6666666666666656e-06,
118,103,0.0,
119,103,0.0,
120,103,0.0,
121,103,0.0,
122,103,0.0,
123,103,0.0,
124,103,0.0,
125,103,0.0,
126,103,0.0,
127,103,0.0,
0,104,0.0,
1,104,0.0,
2,104,0.0,
3,104,0.0,
4,104,0.0,
5,104,0.0,
6,104,0.0,
7,104,0.0,
8,104,0.0,
9,104,0.0,
10,104,0.0,
11,104,0.0,
12,104,0.0,
13,104,0.0,
14,104,0.0,
15,104,0.0,
16,104,0.0,
17,104,0.0,
18,104,0.0,
19,104,0.0,
20,104,0.0,
21,104,0.0,
22,104,0.0,
23,104,0.0,
24,104,0.0,
25,104,0.0,
26,104,0.0,
27,104,0.0,
28,104,0.0,
29,104,0.0,
30,104,0.0,
31,104,0.0,
32,104,0.0,
33,104,0.0,
34,104,0.0,
35,104,0.0,
36,104,0.0,
37,104,0.0,
38,104,0.0,
39,104,0.0,
40,104,0.0,
41,104,0.0,
42,104,0.0,
43,104,0.0,
44,104,0.0,
45,104,1.0666666666666662e-05,
46,104,3.999999999999998e-06,
47,104,4.266666666666665e-05,
48,104,3.666666666666665e-05,
49,104,2.866666666666665e-05,
50,104,3.999999999999998e-06,
51,104,5.333333333333331e-06,
52,104,1.3333333333333328e-06,
53,104,8.599999999999996e-05,
54,104,3.133333333333332e-05,
55,104,3.266666666666665e-05,
56,104,6.666666666666664e-06,
57,104,1.466666666666666e-05,
58,104,0.0,
59,104,1.1333333333333329e-05,
60,104,5.73333333333333e-05,
61,104,5.266666666666664e-05,
62,104,1.5333333333333328e-05,
63,104,0.0,
64,104,4.666666666666665e-06,
65,104,3.333333333333332e-05,
66,104,0.0,
67,104,0.0,
68,104,0.0,
69,104,0.0,
70,104,6.666666666666664e-06,
71,104,6.799999999999996e-05,
72,104,0.0,
73,104,0.0,
74,104,0.0,
75,104,0.0,
76,104,3.333333333333332e-06,
77,104,0.0,
78,104,0.0,
79,104,0.0,
80,104,0.0,
81,104,0.0,
82,104,0.0,
83,104,0.0,
84,104,0.0,
85,104,0.0,
86,104,0.0,
87,104,0.0,
88,104,0.0,
89,104,0.0,
90,104,3.1999999999999985e-05,
91,104,6.666666666666664e-07,
92,104,0.0,
93,104,0.0,
94,104,0.0,
95,104,4.599999999999998e-05,
96,104,0.0,
97,104,0.0,
98,104,1.3999999999999995e-05,
99,104,2.3333333333333326e-05,
100,104,2.2666666666666657e-05,
101,104,0.0,
102,104,4.666666666666665e-06,
103,104,0.0,
104,104,7.33333333333333e-06,
105,104,6.666666666666664e-07,
106,104,1.7333333333333325e-05,
107,104,0.0,
108,104,0.0,
109,104,0.0,
110,104,0.0,
111,104,0.0,
112,104,0.0,
113,104,0.0,
114,104,0.0,
115,104,0.0,
116,104,1.999999999999999e-05,
117,104,0.0,
118,104,0.0,
119,104,0.0,
120,104,0.0,
121,104,0.0,
122,104,0.0,
123,104,0.0,
124,104,0.0,
125,104,0.0,
126,104,0.0,
127,104,0.0,
0,105,0.0,
1,105,0.0,
2,105,0.0,
3,105,0.0,
4,105,0.0,
5,105,0.0,
6,105,0.0,
7,105,0.0,
8,105,0.0,
9,105,0.0,
10,105,0.0,
11,105,0.0,
12,105,0.0,
13,105,0.0,
14,105,0.0,
15,105,0.0,
16,105,0.0,
17,105,0.0,
18,105,0.0,
19,105,0.0,
20,105,0.0,
21,105,0.0,
22,105,0.0,
23,105,0.0,
24,105,0.0,
25,105,0.0,
26,105,0.0,
27,105,3.333333333333332e-06,
28,105,0.0,
29,105,0.0,
30,105,0.0,
31,105,0.0,
32,105,0.0,
33,105,0.0,
34,105,0.0,
35,105,0.0,
36,105,0.0,
37,105,0.0,
38,105,0.0,
39,105,0.0,
40,105,0.0,
41,105,0.0,
42,105,0.0,
43,105,0.0,
44,105,0.0,
45,105,0.0,
46,105,0.0,
47,105,1.3333333333333328e-05,
48,105,2.533333333333332e-05,
49,105,1.0666666666666662e-05,
50,105,7.33333333333333e-06,
51,105,1.999999999999999e-06,
52,105,2.9999999999999984e-05,
53,105,0.00013533333333333328,
54,105,5.5333333333333314e-05,
55,105,2.866666666666665e-05,
56,105,4.466666666666665e-05,
57,105,2.933333333333332e-05,
58,105,5.333333333333331e-06,
59,105,3.133333333333332e-05,
60,105,1.866666666666666e-05,
61,105,4.666666666666665e-06,
62,105,2.2666666666666657e-05,
63,105,1.3333333333333328e-06,
64,105,2.799999999999999e-05,
65,105,3.0666666666666655e-05,
66,105,0.0,
67,105,0.0,
68,105,0.0,
69,105,0.0,
70,105,3.333333333333332e-06,
71,105,3.133333333333332e-05,
72,105,0.0,
73,105,0.0,
74,105,0.0,
75,105,0.0,
76,105,0.0,
77,105,0.0,
78,105,0.0,
79,105,0.0,
80,105,0.0,
81,105,0.0,
82,105,0.0,
83,105,0.0,
84,105,0.0,
85,105,0.0,
86,105,0.0,
87,105,0.0,
88,105,0.0,
89,105,0.0,
90,105,0.0,
91,105,0.0,
92,105,0.0,
93,105,0.0,
94,105,0.0,
95,105,0.0,
96,105,0.0,
97,105,0.0,
98,105,1.999999999999999e-06,
99,105,3.0666666666666655e-05,
100,105,6.866666666666664e-05,
101,105,0.0,
102,105,0.0,
103,105,1.5333333333333328e-05,
104,105,5.999999999999997e-06,
105,105,7.33333333333333e-06,
106,105,4.866666666666664e-05,
107,105,0.0,
108,105,0.0,
109,105,0.0,
110,105,0.0,
111,105,0.0,
112,105,0.0,
113,105,0.0,
114,105,0.0,
115,105,0.0,
116,105,0.0,
117,105,0.0,
118,105,0.0,
119,105,0.0,
120,105,0.0,
121,105,0.0,
122,105,0.0,
123,105,0.0,
124,105,0.0,
125,105,0.0,
126,105,0.0,
127,105,0.0,
0,106,0.0,
1,106,0.0,
2,106,0.0,
3,106,0.0,
4,106,0.0,
5,106,0.0,
6,106,0.0,
7,106,0.0,
8,106,0.0,
9,106,0.0,
10,106,0.0,
11,106,0.0,
12,106,0.0,
13,106,0.0,
14,106,0.0,
15,106,0.0,
16,106,0.0,
17,106,0.0,
18,106,0.0,
19,106,0.0,
20,106,0.0,
21,106,0.0,
22,106,0.0,
23,106,0.0,
24,106,0.0,
25,106,0.0,
26,106,0.0,
27,106,1.7333333333333325e-05,
28,106,2.533333333333332e-05,
29,106,3.333333333333332e-06,
30,106,5.999999999999997e-06,
31,106,0.0,
32,106,0.0,
33,106,0.0,
34,106,0.0,
35,106,0.0,
36,106,0.0,
37,106,0.0,
38,106,0.0,
39,106,0.0,
40,106,2.6666666666666656e-06,
41,106,1.0666666666666662e-05,
42,106,0.0,
43,106,0.0,
44,106,0.0,
45,106,0.0,
46,106,0.0,
47,106,0.0,
48,106,0.0,
49,106,0.0,
50,106,9.33333333333333e-06,
51,106,1.999999999999999e-05,
52,106,5.999999999999997e-05,
53,106,9.599999999999995e-05,
54,106,0.00012533333333333328,
55,106,7.466666666666663e-05,
56,106,5.73333333333333e-05,
57,106,4.1999999999999984e-05,
58,106,2.4666666666666655e-05,
59,106,3.933333333333331e-05,
60,106,2.1333333333333324e-05,
61,106,0.00010599999999999995,
62,106,4.133333333333331e-05,
63,106,1.1333333333333329e-05,
64,106,1.1999999999999994e-05,
65,106,5.999999999999997e-06,
66,106,2.533333333333332e-05,
67,106,0.0,
68,106,7.999999999999996e-06,
69,106,2.6666666666666656e-06,
70,106,2.0666666666666656e-05,
71,106,1.0666666666666662e-05,
72,106,0.0,
73,106,0.0,
74,106,0.0,
75,106,0.0,
76,106,0.0,
77,106,0.0,
78,106,0.0,
79,106,0.0,
80,106,0.0,
81,106,0.0,
82,106,0.0,
83,106,0.0,
84,106,0.0,
85,106,0.0,
86,106,0.0,
87,106,0.0,
88,106,0.0,
89,106,0.0,
90,106,0.0,
91,106,0.0,
92,106,0.0,
93,106,0.0,
94,106,0.0,
95,106,0.0,
96,106,0.0,
97,106,0.0,
98,106,6.199999999999998e-05,
99,106,1.3333333333333328e-05,
100,106,6.666666666666664e-05,
101,106,0.0,
102,106,0.0,
103,106,8.666666666666663e-06,
104,106,1.999999999999999e-05,
105,106,0.0,
106,106,2.6666666666666656e-06,
107,106,0.0,
108,106,0.0,
109,106,0.0,
110,106,0.0,
111,106,0.0,
112,106,0.0,
113,106,0.0,
114,106,0.0,
115,106,0.0,
116,106,0.0,
117,106,0.0,
118,106,0.0,
119,106,0.0,
120,106,0.0,
121,106,0.0,
122,106,0.0,
123,106,0.0,
124,106,0.0,
125,106,0.0,
126,106,0.0,
127,106,0.0,
0,107,0.0,
1,107,0.0,
2,107,0.0,
3,107,0.0,
4,107,0.0,
5,107,0.0,
6,107,0.0,
7,107,0.0,
8,107,0.0,
9,107,0.0,
10,107,0.0,
11,107,0.0,
12,107,0.0,
13,107,0.0,
14,107,0.0,
15,107,0.0,
16,107,0.0,
17,107,0.0,
18,107,0.0,
19,107,0.0,
20,107,0.0,
21,107,0.0,
22,107,0.0,
23,107,0.0,
24,107,0.0,
25,107,0.0,
26,107,0.0,
27,107,2.6666666666666656e-06,
28,107,2.1999999999999993e-05,
29,107,3.666666666666665e-05,
30,107,1.266666666666666e-05,
31,107,0.0,
32,107,0.0,
33,107,0.0,
34,107,0.0,
35,107,0.0,
36,107,0.0,
37,107,0.0,
38,107,0.0,
39,107,0.0,
40,107,2.866666666666665e-05,
41,107,2.1333333333333324e-05,
42,107,2.6666666666666656e-06,
43,107,1.0666666666666662e-05,
44,107,6.666666666666664e-07,
45,107,2.6666666666666656e-05,
46,107,8.266666666666663e-05,
47,107,0.0,
48,107,0.0,
49,107,5.999999999999997e-06,
50,107,3.399999999999998e-05,
51,107,5.999999999999997e-06,
52,107,2.5999999999999988e-05,
53,107,1.3333333333333328e-05,
54,107,0.0001386666666666666,
55,107,0.00016999999999999993,
56,107,8.066666666666663e-05,
57,107,0.00010066666666666662,
58,107,3.133333333333332e-05,
59,107,3.5333333333333316e-05,
60,107,7.199999999999996e-05,
61,107,4.599999999999998e-05,
62,107,1.3333333333333328e-06,
63,107,3.333333333333332e-06,
64,107,0.0,
65,107,0.0,
66,107,1.799999999999999e-05,
67,107,0.0,
68,107,6.666666666666664e-06,
69,107,1.3333333333333328e-05,
70,107,7.33333333333333e-06,
71,107,5.999999999999997e-06,
72,107,0.0,
73,107,0.0,
74,107,0.0,
75,107,0.0,
76,107,0.0,
77,107,0.0,
78,107,0.0,
79,107,0.0,
80,107,0.0,
81,107,0.0,
82,107,0.0,
83,107,0.0,
84,107,0.0,
85,107,0.0,
86,107,0.0,
87,107,0.0,
88,107,0.0,
89,107,0.0,
90,107,0.0,
91,107,0.0,
92,107,0.0,
93,107,0.0,
94,107,0.0,
95,107,0.0,
96,107,0.0,
97,107,0.0,
98,107,2.2666666666666657e-05,
99,107,1.799999999999999e-05,
100,107,3.133333333333332e-05,
101,107,0.0,
102,107,0.0,
103,107,0.0,
104,107,0.0,
105,107,0.0,
106,107,1.266666666666666e-05,
107,107,0.0,
108,107,0.0,
109,107,0.0,
110,107,0.0,
111,107,0.0,
112,107,0.0,
113,107,0.0,
114,107,0.0,
115,107,0.0,
116,107,0.0,
117,107,0.0,
118,107,0.0,
119,107,0.0,
120,107,0.0,
121,107,0.0,
122,107,0.0,
123,107,0.0,
124,107,0.0,
125,107,0.0,
126,107,0.0,
127,107,0.0,
0,108,0.0,
1,108,0.0,
2,108,0.0,
3,108,0.0,
4,108,0.0,
5,108,0.0,
6,108,0.0,
7,108,0.0,
8,108,0.0,
9,108,0.0,
10,108,0.0,
11,108,0.0,
12,108,0.0,
13,108,0.0,
14,108,0.0,
15,108,0.0,
16,108,0.0,
17,108,0.0,
18,108,0.0,
19,108,0.0,
20,108,0.0,
21,108,0.0,
22,108,0.0,
23,108,0.0,
24,108,0.0,
25,108,0.0,
26,108,0.0,
27,108,1.866666666666666e-05,
28,108,4.866666666666664e-05,
29,108,1.666666666666666e-05,
30,108,1.999999999999999e-06,
31,108,0.0,
32,108,0.0,
33,108,0.0,
34,108,0.0,
35,108,0.0,
36,108,0.0,
37,108,0.0,
38,108,0.0,
39,108,0.0,
40,108,1.3333333333333328e-05,
41,108,2.0666666666666656e-05,
42,108,2.733333333333332e-05,
43,108,5.6666666666666644e-05,
44,108,9.33333333333333e-06,
45,108,1.0666666666666662e-05,
46,108,3.1999999999999985e-05,
47,108,0.0,
48,108,0.0,
49,108,7.999999999999996e-06,
50,108,3.933333333333331e-05,
51,108,5.999999999999997e-06,
52,108,4.3333333333333314e-05,
53,108,4.1999999999999984e-05,
54,108,6.799999999999996e-05,
55,108,0.00015599999999999994,
56,108,0.0001306666666666666,
57,108,7.53333333333333e-05,
58,108,4.933333333333331e-05,
59,108,6.133333333333331e-05,
60,108,5.466666666666664e-05,
61,108,5.1999999999999976e-05,
62,108,1.866666666666666e-05,
63,108,9.999999999999996e-06,
64,108,0.0,
65,108,0.0,
66,108,0.0,
67,108,0.0,
68,108,0.0,
69,108,0.0,
70,108,1.3333333333333328e-06,
71,108,0.0,
72,108,0.0,
73,108,0.0,
74,108,0.0,
75,108,0.0,
76,108,0.0,
77,108,0.0,
78,108,0.0,
79,108,0.0,
80,108,0.0,
81,108,0.0,
82,108,0.0,
83,108,0.0,
84,108,0.0,
85,108,0.0,
86,108,0.0,
87,108,0.0,
88,108,0.0,
89,108,0.0,
90,108,0.0,
91,108,0.0,
92,108,0.0,
93,108,0.0,
94,108,0.0,
95,108,0.0,
96,108,0.0,
97,108,0.0,
98,108,1.5333333333333328e-05,
99,108,9.33333333333333e-06,
100,108,1.3333333333333328e-05,
101,108,0.0,
102,108,0.0,
103,108,0.0,
104,108,0.0,
105,108,0.0,
106,108,0.0,
107,108,0.0,
108,108,0.0,
109,108,0.0,
110,108,0.0,
111,108,0.0,
112,108,0.0,
113,108,0.0,
114,108,0.0,
115,108,0.0,
116,108,0.0,
117,108,0.0,
118,108,0.0,
119,108,0.0,
120,108,0.0,
121,108,0.0,
122,108,0.0,
123,108,0.0,
124,108,0.0,
125,108,0.0,
126,108,0.0,
127,108,0.0,
0,109,0.0,
1,109,0.0,
2,109,0.0,
3,109,0.0,
4,109,0.0,
5,109,0.0,
6,109,0.0,
7,109,0.0,
8,109,0.0,
9,109,0.0,
10,109,0.0,
11,109,0.0,
12,109,0.0,
13,109,0.0,
14,109,0.0,
15,109,0.0,
16,109,0.0,
17,109,0.0,
18,109,0.0,
19,109,0.0,
20,109,0.0,
21,109,0.0,
22,109,0.0,
23,109,0.0,
24,109,0.0,
25,109,0.0,
26,109,0.0,
27,109,0.0,
28,109,2.2666666666666657e-05,
29,109,1.9333333333333327e-05,
30,109,0.0,
31,109,1.1999999999999994e-05,
32,109,0.0,
33,109,0.0,
34,109,0.0,
35,109,0.0,
36,109,0.0,
37,109,0.0,
38,109,0.0,
39,109,1.3999999999999995e-05,
40,109,2.933333333333332e-05,
41,109,6.666666666666664e-06,
42,109,0.0,
43,109,2.6666666666666656e-05,
44,109,7.33333333333333e-06,
45,109,3.999999999999998e-06,
46,109,1.0666666666666662e-05,
47,109,0.0,
48,109,0.0,
49,109,5.333333333333331e-06,
50,109,2.933333333333332e-05,
51,109,2.866666666666665e-05,
52,109,2.533333333333332e-05,
53,109,1.666666666666666e-05,
54,109,4.3333333333333314e-05,
55,109,2.1333333333333324e-05,
56,109,3.599999999999998e-05,
57,109,4.9999999999999975e-05,
58,109,4.3999999999999985e-05,
59,109,3.399999999999998e-05,
60,109,3.599999999999998e-05,
61,109,3.599999999999998e-05,
62,109,2.6666666666666656e-05,
63,109,4.466666666666665e-05,
64,109,0.0,
65,109,0.0,
66,109,0.0,
67,109,0.0,
68,109,0.0,
69,109,1.3333333333333328e-06,
70,109,4.666666666666665e-06,
71,109,0.0,
72,109,0.0,
73,109,0.0,
74,109,0.0,
75,109,0.0,
76,109,0.0,
77,109,0.0,
78,109,0.0,
79,109,0.0,
80,109,0.0,
81,109,0.0,
82,109,0.0,
83,109,0.0,
84,109,0.0,
85,109,0.0,
86,109,0.0,
87,109,0.0,
88,109,0.0,
89,109,0.0,
90,109,0.0,
91,109,0.0,
92,109,0.0,
93,109,0.0,
94,109,0.0,
95,109,0.0,
96,109,0.0,
97,109,4.666666666666665e-06,
98,109,2.3999999999999987e-05,
99,109,3.333333333333332e-06,
100,109,3.266666666666665e-05,
101,109,6.666666666666664e-07,
102,109,2.1333333333333324e-05,
103,109,0.0,
104,109,0.0,
105,109,0.0,
106,109,0.0,
107,109,0.0,
108,109,0.0,
109,109,0.0,
110,109,0.0,
111,109,0.0,
112,109,0.0,
113,109,0.0,
114,109,0.0,
115,109,0.0,
116,109,0.0,
117,109,0.0,
118,109,0.0,
119,109,0.0,
120,109,0.0,
121,109,0.0,
122,109,0.0,
123,109,0.0,
124,109,0.0,
125,109,0.0,
126,109,0.0,
127,109,0.0,
0,110,0.0,
1,110,0.0,
2,110,0.0,
3,110,0.0,
4,110,0.0,
5,110,0.0,
6,110,0.0,
7,110,0.0,
8,110,0.0,
9,110,0.0,
10,110,0.0,
11,110,0.0,
12,110,0.0,
13,110,0.0,
14,110,0.0,
15,110,0.0,
16,110,0.0,
17,110,0.0,
18,110,0.0,
19,110,0.0,
20,110,0.0,
21,110,0.0,
22,110,0.0,
23,110,0.0,
24,110,0.0,
25,110,0.0,
26,110,0.0,
27,110,0.0,
28,110,0.0,
29,110,9.33333333333333e-06,
30,110,3.999999999999998e-06,
31,110,1.666666666666666e-05,
32,110,0.0,
33,110,0.0,
34,110,0.0,
35,110,0.0,
36,110,0.0,
37,110,0.0,
38,110,2.6666666666666656e-06,
39,110,1.666666666666666e-05,
40,110,3.999999999999998e-06,
41,110,0.0,
42,110,0.0,
43,110,0.0,
44,110,1.9333333333333327e-05,
45,110,1.5999999999999992e-05,
46,110,2.2666666666666657e-05,
47,110,1.5333333333333328e-05,
48,110,3.399999999999998e-05,
49,110,1.5999999999999992e-05,
50,110,3.466666666666665e-05,
51,110,3.133333333333332e-05,
52,110,2.9999999999999984e-05,
53,110,2.3999999999999987e-05,
54,110,1.7333333333333325e-05,
55,110,1.3333333333333328e-05,
56,110,7.999999999999996e-06,
57,110,3.999999999999998e-06,
58,110,3.466666666666665e-05,
59,110,4.666666666666665e-05,
60,110,6.33333333333333e-05,
61,110,2.933333333333332e-05,
62,110,1.799999999999999e-05,
63,110,1.266666666666666e-05,
64,110,1.1999999999999994e-05,
65,110,0.0,
66,110,0.0,
67,110,0.0,
68,110,0.0,
69,110,2.1333333333333324e-05,
70,110,1.0666666666666662e-05,
71,110,0.0,
72,110,0.0,
73,110,0.0,
74,110,0.0,
75,110,0.0,
76,110,0.0,
77,110,0.0,
78,110,0.0,
79,110,0.0,
80,110,0.0,
81,110,0.0,
82,110,0.0,
83,110,0.0,
84,110,0.0,
85,110,0.0,
86,110,0.0,
87,110,0.0,
88,110,0.0,
89,110,0.0,
90,110,0.0,
91,110,0.0,
92,110,0.0,
93,110,0.0,
94,110,0.0,
95,110,0.0,
96,110,0.0,
97,110,0.0,
98,110,2.5999999999999988e-05,
99,110,3.999999999999998e-05,
100,110,4.666666666666665e-06,
101,110,3.999999999999998e-06,
102,110,2.2666666666666657e-05,
103,110,0.0,
104,110,0.0,
105,110,0.0,
106,110,0.0,
107,110,0.0,
108,110,0.0,
109,110,0.0,
110,110,0.0,
111,110,0.0,
112,110,0.0,
113,110,0.0,
114,110,0.0,
115,110,0.0,
116,110,0.0,
117,110,0.0,
118,110,0.0,
119,110,0.0,
120,110,0.0,
121,110,0.0,
122,110,0.0,
123,110,0.0,
124,110,0.0,
125,110,0.0,
126,110,0.0,
127,110,0.0,
0,111,0.0,
1,111,0.0,
2,111,0.0,
3,111,0.0,
4,111,0.0,
5,111,0.0,
6,111,0.0,
7,111,0.0,
8,111,0.0,
9,111,0.0,
10,111,0.0,
11,111,0.0,
12,111,0.0,
13,111,0.0,
14,111,0.0,
15,111,0.0,
16,111,0.0,
17,111,0.0,
18,111,0.0,
19,111,0.0,
20,111,0.0,
21,111,0.0,
22,111,0.0,
23,111,0.0,
24,111,0.0,
25,111,0.0,
26,111,0.0,
27,111,0.0,
28,111,0.0,
29,111,0.0,
30,111,1.5333333333333328e-05,
31,111,1.5333333333333328e-05,
32,111,0.0,
33,111,0.0,
34,111,0.0,
35,111,0.0,
36,111,0.0,
37,111,0.0,
38,111,3.999999999999998e-06,
39,111,5.999999999999997e-06,
40,111,0.0,
41,111,0.0,
42,111,2.733333333333332e-05,
43,111,2.6666666666666656e-06,
44,111,1.3333333333333328e-06,
45,111,2.866666666666665e-05,
46,111,3.933333333333331e-05,
47,111,1.5333333333333328e-05,
48,111,5.73333333333333e-05,
49,111,1.866666666666666e-05,
50,111,0.0,
51,111,0.00010133333333333328,
52,111,2.0666666666666656e-05,
53,111,9.999999999999996e-06,
54,111,3.5333333333333316e-05,
55,111,2.733333333333332e-05,
56,111,3.799999999999998e-05,
57,111,0.0,
58,111,0.0,
59,111,1.0666666666666662e-05,
60,111,9.866666666666662e-05,
61,111,9.33333333333333e-06,
62,111,3.999999999999998e-06,
63,111,1.999999999999999e-05,
64,111,6.666666666666664e-06,
65,111,7.33333333333333e-06,
66,111,0.0,
67,111,0.0,
68,111,0.0,
69,111,1.266666666666666e-05,
70,111,9.33333333333333e-06,
71,111,8.666666666666663e-06,
72,111,0.0,
73,111,0.0,
74,111,0.0,
75,111,0.0,
76,111,0.0,
77,111,0.0,
78,111,0.0,
79,111,0.0,
80,111,0.0,
81,111,0.0,
82,111,0.0,
83,111,0.0,
84,111,0.0,
85,111,0.0,
86,111,0.0,
87,111,0.0,
88,111,0.0,
89,111,0.0,
90,111,0.0,
91,111,0.0,
92,111,0.0,
93,111,0.0,
94,111,0.0,
95,111,0.0,
96,111,0.0,
97,111,0.0,
98,111,0.0,
99,111,2.1333333333333324e-05,
100,111,3.666666666666665e-05,
101,111,0.0,
102,111,2.2666666666666657e-05,
103,111,0.0,
104,111,0.0,
105,111,0.0,
106,111,0.0,
107,111,0.0,
108,111,0.0,
109,111,0.0,
110,111,0.0,
111,111,0.0,
112,111,0.0,
113,111,0.0,
114,111,0.0,
115,111,0.0,
116,111,0.0,
117,111,0.0,
118,111,0.0,
119,111,0.0,
120,111,0.0,
121,111,0.0,
122,111,0.0,
123,111,0.0,
124,111,0.0,
125,111,0.0,
126,111,0.0,
127,111,0.0,
0,112,0.0,
1,112,0.0,
2,112,0.0,
3,112,0.0,
4,112,0.0,
5,112,0.0,
6,112,0.0,
7,112,0.0,
8,112,0.0,
9,112,0.0,
10,112,0.0,
11,112,0.0,
12,112,0.0,
13,112,0.0,
14,112,0.0,
15,112,0.0,
16,112,0.0,
17,112,0.0,
18,112,0.0,
19,112,0.0,
20,112,0.0,
21,112,0.0,
22,112,0.0,
23,112,0.0,
24,112,0.0,
25,112,0.0,
26,112,0.0,
27,112,0.0,
28,112,0.0,
29,112,0.0,
30,112,0.0,
31,112,3.333333333333332e-06,
32,112,0.0,
33,112,0.0,
34,112,0.0,
35,112,0.0,
36,112,1.0666666666666662e-05,
37,112,4.733333333333331e-05,
38,112,1.7333333333333325e-05,
39,112,1.5999999999999992e-05,
40,112,0.0,
41,112,6.666666666666664e-06,
42,112,1.1333333333333329e-05,
43,112,4.866666666666664e-05,
44,112,0.0,
45,112,3.599999999999998e-05,
46,112,3.666666666666665e-05,
47,112,2.2666666666666657e-05,
48,112,2.866666666666665e-05,
49,112,7.066666666666663e-05,
50,112,7.999999999999996e-06,
51,112,2.5999999999999988e-05,
52,112,1.9333333333333327e-05,
53,112,2.1999999999999993e-05,
54,112,4.3999999999999985e-05,
55,112,5.333333333333331e-05,
56,112,1.5333333333333328e-05,
57,112,0.0,
58,112,0.0,
59,112,0.0,
60,112,0.0,
61,112,9.999999999999996e-06,
62,112,5.333333333333331e-06,
63,112,4.666666666666665e-06,
64,112,0.0,
65,112,0.0,
66,112,2.3333333333333326e-05,
67,112,3.999999999999998e-06,
68,112,0.0,
69,112,0.0,
70,112,5.333333333333331e-06,
71,112,2.0666666666666656e-05,
72,112,0.0,
73,112,0.0,
74,112,0.0,
75,112,0.0,
76,112,0.0,
77,112,0.0,
78,112,0.0,
79,112,0.0,
80,112,0.0,
81,112,0.0,
82,112,0.0,
83,112,0.0,
84,112,0.0,
85,112,0.0,
86,112,0.0,
87,112,0.0,
88,112,0.0,
89,112,0.0,
90,112,0.0,
91,112,0.0,
92,112,0.0,
93,112,0.0,
94,112,0.0,
95,112,0.0,
96,112,0.0,
97,112,0.0,
98,112,0.0,
99,112,0.0,
100,112,0.0,
101,112,0.0,
102,112,0.0,
103,112,0.0,
104,112,0.0,
105,112,0.0,
106,112,0.0,
107,112,0.0,
108,112,0.0,
109,112,0.0,
110,112,0.0,
111,112,0.0,
112,112,0.0,
113,112,0.0,
114,112,0.0,
115,112,0.0,
116,112,0.0,
117,112,0.0,
118,112,0.0,
119,112,0.0,
120,112,0.0,
121,112,0.0,
122,112,0.0,
123,112,0.0,
124,112,0.0,
125,112,0.0,
126,112,0.0,
127,112,0.0,
0,113,0.0,
1,113,0.0,
2,113,0.0,
3,113,0.0,
4,113,0.0,
5,113,0.0,
6,113,0.0,
7,113,0.0,
8,113,0.0,
9,113,0.0,
10,113,0.0,
11,113,0.0,
12,113,0.0,
13,113,0.0,
14,113,0.0,
15,113,0.0,
16,113,0.0,
17,113,0.0,
18,113,0.0,
19,113,0.0,
20,113,0.0,
21,113,0.0,
22,113,0.0,
23,113,0.0,
24,113,0.0,
25,113,0.0,
26,113,0.0,
27,113,0.0,
28,113,0.0,
29,113,0.0,
30,113,0.0,
31,113,0.0,
32,113,0.0,
33,113,0.0,
34,113,0.0,
35,113,0.0,
36,113,1.999999999999999e-06,
37,113,6.53333333333333e-05,
38,113,6.733333333333331e-05,
39,113,1.9333333333333327e-05,
40,113,0.0,
41,113,0.0,
42,113,0.0,
43,113,0.0,
44,113,0.0,
45,113,1.999999999999999e-06,
46,113,0.0,
47,113,2.1999999999999993e-05,
48,113,1.3999999999999995e-05,
49,113,1.0666666666666662e-05,
50,113,3.999999999999998e-06,
51,113,4.7999999999999974e-05,
52,113,0.0,
53,113,0.0,
54,113,1.999999999999999e-05,
55,113,5.866666666666664e-05,
56,113,6.666666666666664e-07,
57,113,0.0,
58,113,0.0,
59,113,0.0,
60,113,0.0,
61,113,0.0,
62,113,0.0,
63,113,0.0,
64,113,0.0,
65,113,1.999999999999999e-06,
66,113,1.999999999999999e-06,
67,113,7.199999999999996e-05,
68,113,3.666666666666665e-05,
69,113,0.0,
70,113,0.0,
71,113,4.666666666666665e-06,
72,113,0.0,
73,113,0.0,
74,113,0.0,
75,113,0.0,
76,113,0.0,
77,113,0.0,
78,113,0.0,
79,113,0.0,
80,113,0.0,
81,113,0.0,
82,113,0.0,
83,113,0.0,
84,113,0.0,
85,113,0.0,
86,113,0.0,
87,113,0.0,
88,113,0.0,
89,113,0.0,
90,113,0.0,
91,113,0.0,
92,113,0.0,
93,113,0.0,
94,113,0.0,
95,113,0.0,
96,113,0.0,
97,113,0.0,
98,113,0.0,
99,113,0.0,
100,113,0.0,
101,113,0.0,
102,113,0.0,
103,113,0.0,
104,113,0.0,
105,113,0.0,
106,113,0.0,
107,113,0.0,
108,113,0.0,
109,113,0.0,
110,113,0.0,
111,113,0.0,
112,113,0.0,
113,113,0.0,
114,113,0.0,
115,113,0.0,
116,113,0.0,
117,113,0.0,
118,113,0.0,
119,113,0.0,
120,113,0.0,
121,113,0.0,
122,113,0.0,
123,113,0.0,
124,113,0.0,
125,113,0.0,
126,113,0.0,
127,113,0.0,
0,114,0.0,
1,114,0.0,
2,114,0.0,
3,114,0.0,
4,114,0.0,
5,114,0.0,
6,114,0.0,
7,114,0.0,
8,114,0.0,
9,114,0.0,
10,114,0.0,
11,114,0.0,
12,114,0.0,
13,114,0.0,
14,114,0.0,
15,114,0.0,
16,114,0.0,
17,114,0.0,
18,114,0.0,
19,114,0.0,
20,114,0.0,
21,114,0.0,
22,114,0.0,
23,114,0.0,
24,114,0.0,
25,114,0.0,
26,114,0.0,
27,114,0.0,
28,114,0.0,
29,114,0.0,
30,114,0.0,
31,114,0.0,
32,114,0.0,
33,114,0.0,
34,114,0.0,
35,114,1.3333333333333328e-06,
36,114,6.666666666666664e-06,
37,114,1.266666666666666e-05,
38,114,4.7999999999999974e-05,
39,114,0.0,
40,114,0.0,
41,114,0.0,
42,114,0.0,
43,114,0.0,
44,114,0.0,
45,114,0.0,
46,114,0.0,
47,114,5.5333333333333314e-05,
48,114,2.0666666666666656e-05,
49,114,7.666666666666664e-05,
50,114,1.666666666666666e-05,
51,114,1.999999999999999e-06,
52,114,0.0,
53,114,0.0,
54,114,5.73333333333333e-05,
55,114,7.066666666666663e-05,
56,114,0.0,
57,114,0.0,
58,114,0.0,
59,114,0.0,
60,114,0.0,
61,114,0.0,
62,114,0.0,
63,114,0.0,
64,114,0.0,
65,114,1.266666666666666e-05,
66,114,2.3333333333333326e-05,
67,114,2.933333333333332e-05,
68,114,1.3333333333333328e-06,
69,114,0.0,
70,114,1.5333333333333328e-05,
71,114,7.33333333333333e-06,
72,114,0.0,
73,114,0.0,
74,114,0.0,
75,114,0.0,
76,114,0.0,
77,114,0.0,
78,114,0.0,
79,114,0.0,
80,114,0.0,
81,114,0.0,
82,114,0.0,
83,114,0.0,
84,114,0.0,
85,114,0.0,
86,114,0.0,
87,114,0.0,
88,114,0.0,
89,114,0.0,
90,114,0.0,
91,114,0.0,
92,114,0.0,
93,114,0.0,
94,114,0.0,
95,114,0.0,
96,114,0.0,
97,114,0.0,
98,114,0.0,
99,114,0.0,
100,114,0.0,
101,114,0.0,
102,114,0.0,
103,114,0.0,
104,114,0.0,
105,114,0.0,
106,114,0.0,
107,114,0.0,
108,114,0.0,
109,114,0.0,
110,114,0.0,
111,114,0.0,
112,114,0.0,
113,114,0.0,
114,114,0.0,
115,114,0.0,
116,114,0.0,
117,114,0.0,
118,114,0.0,
119,114,0.0,
120,114,0.0,
121,114,0.0,
122,114,0.0,
123,114,0.0,
124,114,0.0,
125,114,0.0,
126,114,0.0,
127,114,0.0,
0,115,0.0,
1,115,0.0,
2,115,0.0,
3,115,0.0,
4,115,0.0,
5,115,0.0,
6,115,0.0,
7,115,0.0,
8,115,0.0,
9,115,0.0,
10,115,0.0,
11,115,0.0,
12,115,0.0,
13,115,0.0,
14,115,0.0,
15,115,0.0,
16,115,0.0,
17,115,0.0,
18,115,0.0,
19,115,0.0,
20,115,0.0,
21,115,0.0,
22,115,0.0,
23,115,0.0,
24,115,0.0,
25,115,0.0,
26,115,0.0,
27,115,0.0,
28,115,0.0,
29,115,0.0,
30,115,0.0,
31,115,0.0,
32,115,0.0,
33,115,0.0,
34,115,0.0,
35,115,0.0,
36,115,1.3999999999999995e-05,
37,115,1.5333333333333328e-05,
38,115,1.0666666666666662e-05,
39,115,0.0,
40,115,0.0,
41,115,0.0,
42,115,0.0,
43,115,0.0,
44,115,0.0,
45,115,0.0,
46,115,0.0,
47,115,1.3999999999999995e-05,
48,115,3.0666666666666655e-05,
49,115,1.1999999999999994e-05,
50,115,3.999999999999998e-06,
51,115,5.333333333333331e-06,
52,115,0.0,
53,115,0.0,
54,115,0.0,
55,115,0.0,
56,115,0.0,
57,115,0.0,
58,115,0.0,
59,115,0.0,
60,115,0.0,
61,115,0.0,
62,115,0.0,
63,115,0.0,
64,115,0.0,
65,115,2.1999999999999993e-05,
66,115,1.1333333333333329e-05,
67,115,1.1999999999999994e-05,
68,115,0.0,
69,115,0.0,
70,115,0.0,
71,115,4.666666666666665e-06,
72,115,0.0,
73,115,0.0,
74,115,0.0,
75,115,0.0,
76,115,0.0,
77,115,0.0,
78,115,0.0,
79,115,0.0,
80,115,0.0,
81,115,0.0,
82,115,0.0,
83,115,0.0,
84,115,0.0,
85,115,0.0,
86,115,0.0,
87,115,0.0,
88,115,0.0,
89,115,0.0,
90,115,0.0,
91,115,0.0,
92,115,0.0,
93,115,0.0,
94,115,0.0,
95,115,0.0,
96,115,0.0,
97,115,0.0,
98,115,0.0,
99,115,0.0,
100,115,0.0,
101,115,0.0,
102,115,0.0,
103,115,0.0,
104,115,0.0,
105,115,0.0,
106,115,0.0,
107,115,0.0,
108,115,0.0,
109,115,0.0,
110,115,0.0,
111,115,0.0,
112,115,0.0,
113,115,0.0,
114,115,0.0,
115,115,0.0,
116,115,0.0,
117,115,0.0,
118,115,0.0,
119,115,0.0,
120,115,0.0,
121,115,0.0,
122,115,0.0,
123,115,0.0,
124,115,0.0,
125,115,0.0,
126,115,0.0,
127,115,0.0,
0,116,0.0,
1,116,0.0,
2,116,0.0,
3,116,0.0,
4,116,0.0,
5,116,0.0,
6,116,0.0,
7,116,0.0,
8,116,0.0,
9,116,0.0,
10,116,0.0,
11,116,0.0,
12,116,0.0,
13,116,0.0,
14,116,0.0,
15,116,0.0,
16,116,0.0,
17,116,0.0,
18,116,0.0,
19,116,0.0,
20,116,0.0,
21,116,0.0,
22,116,0.0,
23,116,0.0,
24,116,0.0,
25,116,0.0,
26,116,0.0,
27,116,0.0,
28,116,0.0,
29,116,0.0,
30,116,1.999999999999999e-05,
31,116,0.0,
32,116,0.0,
33,116,0.0,
34,116,0.0,
35,116,0.0,
36,116,2.6666666666666656e-06,
37,116,4.666666666666665e-06,
38,116,3.333333333333332e-06,
39,116,5.999999999999997e-06,
40,116,0.0,
41,116,0.0,
42,116,0.0,
43,116,0.0,
44,116,0.0,
45,116,0.0,
46,116,0.0,
47,116,6.33333333333333e-05,
48,116,2.866666666666665e-05,
49,116,0.0,
50,116,0.0,
51,116,0.0,
52,116,0.0,
53,116,0.0,
54,116,0.0,
55,116,0.0,
56,116,0.0,
57,116,0.0,
58,116,0.0,
59,116,0.0,
60,116,0.0,
61,116,0.0,
62,116,0.0,
63,116,0.0,
64,116,6.399999999999997e-05,
65,116,5.999999999999997e-06,
66,116,6.666666666666664e-07,
67,116,7.33333333333333e-06,
68,116,0.0,
69,116,3.999999999999998e-05,
70,116,0.0,
71,116,0.0,
72,116,0.0,
73,116,0.0,
74,116,0.0,
75,116,0.0,
76,116,0.0,
77,116,0.0,
78,116,0.0,
79,116,0.0,
80,116,0.0,
81,116,0.0,
82,116,0.0,
83,116,0.0,
84,116,0.0,
85,116,0.0,
86,116,0.0,
87,116,0.0,
88,116,0.0,
89,116,0.0,
90,116,0.0,
91,116,0.0,
92,116,0.0,
93,116,0.0,
94,116,0.0,
95,116,0.0,
96,116,0.0,
97,116,0.0,
98,116,0.0,
99,116,0.0,
100,116,0.0,
101,116,0.0,
102,116,0.0,
103,116,0.0,
104,116,0.0,
105,116,0.0,
106,116,0.0,
107,116,0.0,
108,116,0.0,
109,116,0.0,
110,116,0.0,
111,116,0.0,
112,116,0.0,
113,116,0.0,
114,116,0.0,
115,116,0.0,
116,116,0.0,
117,116,0.0,
118,116,0.0,
119,116,0.0,
120,116,0.0,
121,116,0.0,
122,116,0.0,
123,116,0.0,
124,116,0.0,
125,116,0.0,
126,116,0.0,
127,116,0.0,
0,117,0.0,
1,117,0.0,
2,117,0.0,
3,117,0.0,
4,117,0.0,
5,117,0.0,
6,117,0.0,
7,117,0.0,
8,117,0.0,
9,117,0.0,
10,117,0.0,
11,117,0.0,
12,117,0.0,
13,117,0.0,
14,117,0.0,
15,117,0.0,
16,117,0.0,
17,117,0.0,
18,117,0.0,
19,117,0.0,
20,117,0.0,
21,117,0.0,
22,117,0.0,
23,117,0.0,
24,117,0.0,
25,117,0.0,
26,117,0.0,
27,117,0.0,
28,117,0.0,
29,117,2.6666666666666656e-06,
30,117,4.666666666666665e-06,
31,117,5.999999999999997e-06,
32,117,2.6666666666666656e-06,
33,117,0.0,
34,117,0.0,
35,117,0.0,
36,117,0.0,
37,117,6.666666666666664e-06,
38,117,1.3333333333333328e-06,
39,117,1.1333333333333329e-05,
40,117,0.0,
41,117,0.0,
42,117,0.0,
43,117,0.0,
44,117,0.0,
45,117,0.0,
46,117,0.0,
47,117,1.3333333333333328e-05,
48,117,2.6666666666666656e-06,
49,117,0.0,
50,117,0.0,
51,117,0.0,
52,117,0.0,
53,117,0.0,
54,117,0.0,
55,117,0.0,
56,117,0.0,
57,117,0.0,
58,117,1.5999999999999992e-05,
59,117,0.0,
60,117,0.0,
61,117,0.0,
62,117,0.0,
63,117,0.0,
64,117,0.0,
65,117,0.0,
66,117,0.0,
67,117,3.333333333333332e-06,
68,117,5.333333333333331e-06,
69,117,1.0666666666666662e-05,
70,117,7.999999999999996e-06,
71,117,0.0,
72,117,0.0,
73,117,0.0,
74,117,0.0,
75,117,0.0,
76,117,0.0,
77,117,0.0,
78,117,0.0,
79,117,0.0,
80,117,0.0,
81,117,0.0,
82,117,0.0,
83,117,0.0,
84,117,0.0,
85,117,0.0,
86,117,0.0,
87,117,0.0,
88,117,0.0,
89,117,0.0,
90,117,0.0,
91,117,0.0,
92,117,0.0,
93,117,0.0,
94,117,0.0,
95,117,0.0,
96,117,0.0,
97,117,0.0,
98,117,0.0,
99,117,0.0,
100,117,0.0,
101,117,0.0,
102,117,0.0,
103,117,0.0,
104,117,0.0,
105,117,0.0,
106,117,0.0,
107,117,0.0,
108,117,0.0,
109,117,0.0,
110,117,0.0,
111,117,0.0,
112,117,0.0,
113,117,0.0,
114,117,0.0,
115,117,0.0,
116,117,0.0,
117,117,0.0,
118,117,0.0,
119,117,0.0,
120,117,0.0,
121,117,0.0,
122,117,0.0,
123,117,0.0,
124,117,0.0,
125,117,0.0,
126,117,0.0,
127,117,0.0,
0,118,0.0,
1,118,0.0,
2,118,0.0,
3,118,0.0,
4,118,0.0,
5,118,0.0,
6,118,0.0,
7,118,0.0,
8,118,0.0,
9,118,0.0,
10,118,0.0,
11,118,0.0,
12,118,0.0,
13,118,0.0,
14,118,0.0,
15,118,0.0,
16,118,0.0,
17,118,0.0,
18,118,0.0,
19,118,0.0,
20,118,0.0,
21,118,0.0,
22,118,0.0,
23,118,0.0,
24,118,0.0,
25,118,0.0,
26,118,0.0,
27,118,0.0,
28,118,0.0,
29,118,8.666666666666663e-06,
30,118,9.999999999999996e-06,
31,118,9.33333333333333e-06,
32,118,0.0,
33,118,1.266666666666666e-05,
34,118,0.0,
35,118,0.0,
36,118,0.0,
37,118,1.3333333333333328e-06,
38,118,1.999999999999999e-06,
39,118,1.799999999999999e-05,
40,118,0.0,
41,118,0.0,
42,118,0.0,
43,118,0.0,
44,118,0.0,
45,118,0.0,
46,118,0.0,
47,118,0.0,
48,118,0.0,
49,118,0.0,
50,118,0.0,
51,118,0.0,
52,118,0.0,
53,118,0.0,
54,118,0.0,
55,118,0.0,
56,118,0.0,
57,118,9.399999999999995e-05,
58,118,0.0001579999999999999,
59,118,0.0,
60,118,0.0,
61,118,0.0,
62,118,0.0,
63,118,0.0,
64,118,0.0,
65,118,0.0,
66,118,0.0,
67,118,0.0,
68,118,1.1999999999999994e-05,
69,118,1.5333333333333328e-05,
70,118,6.666666666666664e-06,
71,118,4.666666666666665e-06,
72,118,0.0,
73,118,0.0,
74,118,0.0,
75,118,0.0,
76,118,0.0,
77,118,0.0,
78,118,0.0,
79,118,0.0,
80,118,0.0,
81,118,0.0,
82,118,0.0,
83,118,0.0,
84,118,0.0,
85,118,0.0,
86,118,0.0,
87,118,0.0,
88,118,0.0,
89,118,0.0,
90,118,0.0,
91,118,0.0,
92,118,0.0,
93,118,0.0,
94,118,0.0,
95,118,0.0,
96,118,0.0,
97,118,0.0,
98,118,0.0,
99,118,0.0,
100,118,0.0,
101,118,0.0,
102,118,0.0,
103,118,0.0,
104,118,0.0,
105,118,0.0,
106,118,0.0,
107,118,0.0,
108,118,0.0,
109,118,0.0,
110,118,0.0,
111,118,0.0,
112,118,0.0,
113,118,0.0,
114,118,0.0,
115,118,0.0,
116,118,0.0,
117,118,0.0,
118,118,0.0,
119,118,0.0,
120,118,0.0,
121,118,0.0,
122,118,0.0,
123,118,0.0,
124,118,0.0,
125,118,0.0,
126,118,0.0,
127,118,0.0,
0,119,0.0,
1,119,0.0,
2,119,0.0,
3,119,0.0,
4,119,0.0,
5,119,0.0,
6,119,0.0,
7,119,0.0,
8,119,0.0,
9,119,0.0,
10,119,0.0,
11,119,0.0,
12,119,0.0,
13,119,0.0,
14,119,0.0,
15,119,0.0,
16,119,0.0,
17,119,0.0,
18,119,0.0,
19,119,0.0,
20,119,0.0,
21,119,0.0,
22,119,0.0,
23,119,0.0,
24,119,0.0,
25,119,0.0,
26,119,0.0,
27,119,0.0,
28,119,0.0,
29,119,3.0666666666666655e-05,
30,119,1.1999999999999994e-05,
31,119,3.999999999999998e-06,
32,119,5.333333333333331e-06,
33,119,1.5333333333333328e-05,
34,119,0.0,
35,119,0.0,
36,119,0.0,
37,119,0.0,
38,119,1.266666666666666e-05,
39,119,1.999999999999999e-06,
40,119,0.0,
41,119,0.0,
42,119,0.0,
43,119,0.0,
44,119,0.0,
45,119,0.0,
46,119,0.0,
47,119,0.0,
48,119,0.0,
49,119,0.0,
50,119,0.0,
51,119,0.0,
52,119,0.0,
53,119,0.0,
54,119,0.0,
55,119,0.0,
56,119,0.0,
57,119,0.0,
58,119,8.999999999999997e-05,
59,119,0.0,
60,119,0.0,
61,119,0.0,
62,119,0.0,
63,119,0.0,
64,119,0.0,
65,119,0.0,
66,119,0.0,
67,119,0.0,
68,119,0.0,
69,119,4.666666666666665e-06,
70,119,1.999999999999999e-05,
71,119,5.333333333333331e-06,
72,119,1.3999999999999995e-05,
73,119,0.0,
74,119,0.0,
75,119,0.0,
76,119,0.0,
77,119,0.0,
78,119,0.0,
79,119,0.0,
80,119,0.0,
81,119,0.0,
82,119,0.0,
83,119,0.0,
84,119,0.0,
85,119,0.0,
86,119,0.0,
87,119,0.0,
88,119,0.0,
89,119,0.0,
90,119,0.0,
91,119,0.0,
92,119,0.0,
93,119,0.0,
94,119,0.0,
95,119,0.0,
96,119,0.0,
97,119,0.0,
98,119,0.0,
99,119,0.0,
100,119,0.0,
101,119,0.0,
102,119,0.0,
103,119,0.0,
104,119,0.0,
105,119,0.0,
106,119,0.0,
107,119,0.0,
108,119,0.0,
109,119,0.0,
110,119,0.0,
111,119,0.0,
112,119,0.0,
113,119,0.0,
114,119,0.0,
115,119,0.0,
116,119,0.0,
117,119,0.0,
118,119,0.0,
119,119,0.0,
120,119,0.0,
121,119,0.0,
122,119,0.0,
123,119,0.0,
124,119,0.0,
125,119,0.0,
126,119,0.0,
127,119,0.0,
0,120,0.0,
1,120,0.0,
2,120,0.0,
3,120,0.0,
4,120,0.0,
5,120,0.0,
6,120,0.0,
7,120,0.0,
8,120,0.0,
9,120,0.0,
10,120,0.0,
11,120,0.0,
12,120,0.0,
13,120,0.0,
14,120,0.0,
15,120,0.0,
16,120,0.0,
17,120,0.0,
18,120,0.0,
19,120,0.0,
20,120,0.0,
21,120,0.0,
22,120,0.0,
23,120,0.0,
24,120,0.0,
25,120,0.0,
26,120,0.0,
27,120,0.0,
28,120,0.0,
29,120,4.666666666666665e-06,
30,120,8.666666666666663e-06,
31,120,0.0,
32,120,0.0,
33,120,5.999999999999997e-06,
34,120,0.0,
35,120,0.0,
36,120,9.999999999999996e-06,
37,120,4.666666666666665e-05,
38,120,1.0666666666666662e-05,
39,120,0.0,
40,120,0.0,
41,120,0.0,
42,120,0.0,
43,120,0.0,
44,120,0.0,
45,120,0.0,
46,120,0.0,
47,120,0.0,
48,120,0.0,
49,120,0.0,
50,120,0.0,
51,120,0.0,
52,120,0.0,
53,120,0.0,
54,120,0.0,
55,120,0.0,
56,120,0.0,
57,120,2.6666666666666656e-06,
58,120,1.1999999999999994e-05,
59,120,2.733333333333332e-05,
60,120,0.0,
61,120,0.0,
62,120,0.0,
63,120,0.0,
64,120,0.0,
65,120,0.0,
66,120,0.0,
67,120,0.0,
68,120,0.0,
69,120,0.0,
70,120,2.733333333333332e-05,
71,120,3.133333333333332e-05,
72,120,1.999999999999999e-05,
73,120,0.0,
74,120,0.0,
75,120,0.0,
76,120,0.0,
77,120,0.0,
78,120,0.0,
79,120,0.0,
80,120,0.0,
81,120,0.0,
82,120,0.0,
83,120,0.0,
84,120,0.0,
85,120,0.0,
86,120,0.0,
87,120,0.0,
88,120,0.0,
89,120,0.0,
90,120,0.0,
91,120,0.0,
92,120,0.0,
93,120,0.0,
94,120,0.0,
95,120,0.0,
96,120,0.0,
97,120,0.0,
98,120,0.0,
99,120,0.0,
100,120,0.0,
101,120,0.0,
102,120,0.0,
103,120,0.0,
104,120,0.0,
105,120,0.0,
106,120,0.0,
107,120,0.0,
108,120,0.0,
109,120,0.0,
110,120,0.0,
111,120,0.0,
112,120,0.0,
113,120,0.0,
114,120,0.0,
115,120,0.0,
116,120,0.0,
117,120,0.0,
118,120,0.0,
119,120,0.0,
120,120,0.0,
121,120,0.0,
122,120,0.0,
123,120,0.0,
124,120,0.0,
125,120,0.0,
126,120,0.0,
127,120,0.0,
0,121,0.0,
1,121,0.0,
2,121,0.0,
3,121,0.0,
4,121,0.0,
5,121,0.0,
6,121,0.0,
7,121,0.0,
8,121,0.0,
9,121,0.0,
10,121,0.0,
11,121,0.0,
12,121,0.0,
13,121,0.0,
14,121,0.0,
15,121,0.0,
16,121,0.0,
17,121,0.0,
18,121,0.0,
19,121,0.0,
20,121,0.0,
21,121,0.0,
22,121,0.0,
23,121,0.0,
24,121,0.0,
25,121,0.0,
26,121,0.0,
27,121,0.0,
28,121,0.0,
29,121,0.0,
30,121,4.933333333333331e-05,
31,121,2.6666666666666656e-05,
32,121,3.0666666666666655e-05,
33,121,2.3333333333333326e-05,
34,121,0.0,
35,121,0.0,
36,121,1.999999999999999e-05,
37,121,3.5333333333333316e-05,
38,121,1.999999999999999e-06,
39,121,6.666666666666664e-07,
40,121,0.0,
41,121,0.0,
42,121,0.0,
43,121,0.0,
44,121,0.0,
45,121,0.0,
46,121,0.0,
47,121,0.0,
48,121,0.0,
49,121,0.0,
50,121,0.0,
51,121,0.0,
52,121,0.0,
53,121,0.0,
54,121,0.0,
55,121,0.0,
56,121,0.0,
57,121,6.666666666666664e-06,
58,121,5.066666666666664e-05,
59,121,1.5999999999999992e-05,
60,121,0.0,
61,121,0.0,
62,121,0.0,
63,121,0.0,
64,121,0.0,
65,121,0.0,
66,121,0.0,
67,121,0.0,
68,121,1.999999999999999e-05,
69,121,8.599999999999996e-05,
70,121,7.33333333333333e-06,
71,121,4.599999999999998e-05,
72,121,1.999999999999999e-05,
73,121,0.0,
74,121,0.0,
75,121,0.0,
76,121,0.0,
77,121,0.0,
78,121,0.0,
79,121,0.0,
80,121,0.0,
81,121,0.0,
82,121,0.0,
83,121,0.0,
84,121,0.0,
85,121,0.0,
86,121,0.0,
87,121,0.0,
88,121,0.0,
89,121,0.0,
90,121,0.0,
91,121,0.0,
92,121,0.0,
93,121,0.0,
94,121,0.0,
95,121,0.0,
96,121,0.0,
97,121,0.0,
98,121,0.0,
99,121,0.0,
100,121,0.0,
101,121,0.0,
102,121,0.0,
103,121,0.0,
104,121,0.0,
105,121,0.0,
106,121,0.0,
107,121,0.0,
108,121,0.0,
109,121,0.0,
110,121,0.0,
111,121,0.0,
112,121,0.0,
113,121,0.0,
114,121,0.0,
115,121,0.0,
116,121,0.0,
117,121,0.0,
118,121,0.0,
119,121,0.0,
120,121,0.0,
121,121,0.0,
122,121,0.0,
123,121,0.0,
124,121,0.0,
125,121,0.0,
126,121,0.0,
127,121,0.0,
0,122,0.0,
1,122,0.0,
2,122,0.0,
3,122,0.0,
4,122,0.0,
5,122,0.0,
6,122,0.0,
7,122,0.0,
8,122,0.0,
9,122,0.0,
10,122,0.0,
11,122,0.0,
12,122,0.0,
13,122,0.0,
14,122,0.0,
15,122,0.0,
16,122,0.0,
17,122,0.0,
18,122,0.0,
19,122,0.0,
20,122,0.0,
21,122,0.0,
22,122,0.0,
23,122,0.0,
24,122,0.0,
25,122,0.0,
26,122,0.0,
27,122,0.0,
28,122,0.0,
29,122,0.0,
30,122,1.3333333333333328e-06,
31,122,0.0,
32,122,6.666666666666664e-07,
33,122,2.733333333333332e-05,
34,122,0.0,
35,122,0.0,
36,122,4.866666666666664e-05,
37,122,4.666666666666665e-06,
38,122,0.0,
39,122,4.666666666666665e-06,
40,122,0.0,
41,122,0.0,
42,122,0.0,
43,122,0.0,
44,122,0.0,
45,122,0.0,
46,122,0.0,
47,122,0.0,
48,122,0.0,
49,122,0.0,
50,122,0.0,
51,122,0.0,
52,122,0.0,
53,122,0.0,
54,122,0.0,
55,122,0.0,
56,122,0.0,
57,122,2.733333333333332e-05,
58,122,3.399999999999998e-05,
59,122,0.0,
60,122,0.0,
61,122,0.0,
62,122,0.0,
63,122,0.0,
64,122,0.0,
65,122,0.0,
66,122,0.0,
67,122,0.0,
68,122,1.7333333333333325e-05,
69,122,1.5333333333333328e-05,
70,122,3.333333333333332e-06,
71,122,5.999999999999997e-06,
72,122,1.799999999999999e-05,
73,122,0.0,
74,122,0.0,
75,122,9.33333333333333e-06,
76,122,0.0,
77,122,0.0,
78,122,0.0,
79,122,0.0,
80,122,0.0,
81,122,0.0,
82,122,0.0,
83,122,0.0,
84,122,0.0,
85,122,0.0,
86,122,0.0,
87,122,0.0,
88,122,0.0,
89,122,0.0,
90,122,0.0,
91,122,0.0,
92,122,0.0,
93,122,0.0,
94,122,0.0,
95,122,0.0,
96,122,0.0,
97,122,0.0,
98,122,0.0,
99,122,0.0,
100,122,0.0,
101,122,0.0,
102,122,0.0,
103,122,0.0,
104,122,0.0,
105,122,0.0,
106,122,0.0,
107,122,0.0,
108,122,0.0,
109,122,0.0,
110,122,0.0,
111,122,0.0,
112,122,0.0,
113,122,0.0,
114,122,0.0,
115,122,0.0,
116,122,0.0,
117,122,0.0,
118,122,0.0,
119,122,0.0,
120,122,0.0,
121,122,0.0,
122,122,0.0,
123,122,0.0,
124,122,0.0,
125,122,0.0,
126,122,0.0,
127,122,0.0,
0,123,0.0,
1,123,0.0,
2,123,0.0,
3,123,0.0,
4,123,0.0,
5,123,0.0,
6,123,0.0,
7,123,0.0,
8,123,0.0,
9,123,0.0,
10,123,0.0,
11,123,0.0,
12,123,0.0,
13,123,0.0,
14,123,0.0,
15,123,0.0,
16,123,0.0,
17,123,0.0,
18,123,0.0,
19,123,0.0,
20,123,0.0,
21,123,0.0,
22,123,0.0,
23,123,0.0,
24,123,0.0,
25,123,0.0,
26,123,0.0,
27,123,0.0,
28,123,0.0,
29,123,0.0,
30,123,0.0,
31,123,0.0,
32,123,4.666666666666665e-06,
33,123,5.999999999999997e-06,
34,123,0.0,
35,123,0.0,
36,123,3.599999999999998e-05,
37,123,3.333333333333332e-06,
38,123,1.3333333333333328e-06,
39,123,7.33333333333333e-06,
40,123,0.0,
41,123,0.0,
42,123,0.0,
43,123,0.0,
44,123,0.0,
45,123,0.0,
46,123,0.0,
47,123,0.0,
48,123,0.0,
49,123,0.0,
50,123,0.0,
51,123,0.0,
52,123,0.0,
53,123,0.0,
54,123,0.0,
55,123,3.666666666666665e-05,
56,123,0.0,
57,123,4.733333333333331e-05,
58,123,4.066666666666665e-05,
59,123,0.0,
60,123,0.0,
61,123,0.0,
62,123,0.0,
63,123,1.9333333333333327e-05,
64,123,9.999999999999996e-06,
65,123,0.0,
66,123,0.0,
67,123,0.0,
68,123,8.666666666666663e-06,
69,123,3.599999999999998e-05,
70,123,9.13333333333333e-05,
71,123,2.2666666666666657e-05,
72,123,0.0,
73,123,0.0,
74,123,9.999999999999996e-06,
75,123,1.5999999999999992e-05,
76,123,1.466666666666666e-05,
77,123,0.0,
78,123,0.0,
79,123,0.0,
80,123,0.0,
81,123,0.0,
82,123,0.0,
83,123,0.0,
84,123,0.0,
85,123,0.0,
86,123,0.0,
87,123,0.0,
88,123,0.0,
89,123,0.0,
90,123,0.0,
91,123,0.0,
92,123,0.0,
93,123,0.0,
94,123,0.0,
95,123,0.0,
96,123,0.0,
97,123,0.0,
98,123,0.0,
99,123,0.0,
100,123,0.0,
101,123,0.0,
102,123,0.0,
103,123,0.0,
104,123,0.0,
105,123,0.0,
106,123,0.0,
107,123,0.0,
108,123,0.0,
109,123,0.0,
110,123,0.0,
111,123,0.0,
112,123,0.0,
113,123,0.0,
114,123,0.0,
115,123,0.0,
116,123,0.0,
117,123,0.0,
118,123,0.0,
119,123,0.0,
120,123,0.0,
121,123,0.0,
122,123,0.0,
123,123,0.0,
124,123,0.0,
125,123,0.0,
126,123,0.0,
127,123,0.0,
0,124,0.0,
1,124,0.0,
2,124,0.0,
3,124,0.0,
4,124,0.0,
5,124,0.0,
6,124,0.0,
7,124,0.0,
8,124,0.0,
9,124,0.0,
10,124,0.0,
11,124,0.0,
12,124,0.0,
13,124,0.0,
14,124,0.0,
15,124,0.0,
16,124,0.0,
17,124,0.0,
18,124,0.0,
19,124,0.0,
20,124,0.0,
21,124,0.0,
22,124,0.0,
23,124,0.0,
24,124,0.0,
25,124,0.0,
26,124,0.0,
27,124,0.0,
28,124,0.0,
29,124,0.0,
30,124,0.0,
31,124,0.0,
32,124,0.0,
33,124,0.0,
34,124,0.0,
35,124,0.0,
36,124,7.999999999999996e-06,
37,124,0.0,
38,124,0.0,
39,124,1.9333333333333327e-05,
40,124,6.666666666666664e-07,
41,124,1.1999999999999994e-05,
42,124,6.666666666666664e-06,
43,124,0.0,
44,124,0.0,
45,124,0.0,
46,124,0.0,
47,124,0.0,
48,124,0.0,
49,124,0.0,
50,124,0.0,
51,124,0.0,
52,124,0.0,
53,124,0.0,
54,124,3.999999999999998e-06,
55,124,2.6666666666666656e-05,
56,124,0.0,
57,124,5.999999999999997e-05,
58,124,2.3333333333333326e-05,
59,124,3.999999999999998e-06,
60,124,0.0,
61,124,0.0,
62,124,0.0,
63,124,7.866666666666662e-05,
64,124,3.999999999999998e-06,
65,124,0.0,
66,124,4.666666666666665e-06,
67,124,3.333333333333332e-06,
68,124,1.0666666666666662e-05,
69,124,2.1999999999999993e-05,
70,124,4.866666666666664e-05,
71,124,6.399999999999997e-05,
72,124,0.0,
73,124,0.0,
74,124,2.9999999999999984e-05,
75,124,1.1333333333333329e-05,
76,124,2.2666666666666657e-05,
77,124,9.33333333333333e-06,
78,124,0.0,
79,124,0.0,
80,124,0.0,
81,124,0.0,
82,124,0.0,
83,124,0.0,
84,124,0.0,
85,124,0.0,
86,124,0.0,
87,124,0.0,
88,124,0.0,
89,124,0.0,
90,124,0.0,
91,124,0.0,
92,124,0.0,
93,124,0.0,
94,124,0.0,
95,124,0.0,
96,124,0.0,
97,124,0.0,
98,124,0.0,
99,124,0.0,
100,124,0.0,
101,124,0.0,
102,124,0.0,
103,124,0.0,
104,124,0.0,
105,124,0.0,
106,124,0.0,
107,124,0.0,
108,124,0.0,
109,124,0.0,
110,124,0.0,
111,124,0.0,
112,124,0.0,
113,124,0.0,
114,124,0.0,
115,124,0.0,
116,124,0.0,
117,124,0.0,
118,124,0.0,
119,124,0.0,
120,124,0.0,
121,124,0.0,
122,124,0.0,
123,124,0.0,
124,124,0.0,
125,124,0.0,
126,124,0.0,
127,124,0.0,
0,125,0.0,
1,125,0.0,
2,125,0.0,
3,125,0.0,
4,125,0.0,
5,125,0.0,
6,125,0.0,
7,125,0.0,
8,125,0.0,
9,125,0.0,
10,125,0.0,
11,125,0.0,
12,125,0.0,
13,125,0.0,
14,125,0.0,
15,125,0.0,
16,125,0.0,
17,125,0.0,
18,125,0.0,
19,125,0.0,
20,125,0.0,
21,125,0.0,
22,125,0.0,
23,125,0.0,
24,125,0.0,
25,125,0.0,
26,125,0.0,
27,125,0.0,
28,125,0.0,
29,125,0.0,
30,125,0.0,
31,125,0.0,
32,125,0.0,
33,125,0.0,
34,125,0.0,
35,125,0.0,
36,125,3.733333333333332e-05,
37,125,0.0,
38,125,0.0,
39,125,4.666666666666665e-06,
40,125,9.999999999999996e-06,
41,125,3.599999999999998e-05,
42,125,9.33333333333333e-05,
43,125,0.0,
44,125,0.0,
45,125,0.0,
46,125,0.0,
47,125,0.0,
48,125,0.0,
49,125,0.0,
50,125,0.0,
51,125,0.0,
52,125,0.0,
53,125,3.333333333333332e-06,
54,125,9.33333333333333e-06,
55,125,2.1999999999999993e-05,
56,125,4.666666666666665e-06,
57,125,1.1333333333333329e-05,
58,125,8.666666666666663e-06,
59,125,3.999999999999998e-06,
60,125,0.0,
61,125,2.533333333333332e-05,
62,125,0.0,
63,125,2.1333333333333324e-05,
64,125,5.5333333333333314e-05,
65,125,0.0,
66,125,0.0,
67,125,0.0,
68,125,5.999999999999997e-06,
69,125,2.4666666666666655e-05,
70,125,5.999999999999997e-06,
71,125,1.3333333333333328e-05,
72,125,1.9333333333333327e-05,
73,125,1.866666666666666e-05,
74,125,1.5999999999999992e-05,
75,125,4.266666666666665e-05,
76,125,4.066666666666665e-05,
77,125,1.999999999999999e-06,
78,125,0.0,
79,125,2.6666666666666656e-06,
80,125,2.1333333333333324e-05,
81,125,0.0,
82,125,0.0,
83,125,0.0,
84,125,0.0,
85,125,0.0,
86,125,0.0,
87,125,0.0,
88,125,0.0,
89,125,0.0,
90,125,0.0,
91,125,0.0,
92,125,0.0,
93,125,0.0,
94,125,0.0,
95,125,0.0,
96,125,0.0,
97,125,0.0,
98,125,0.0,
99,125,0.0,
100,125,0.0,
101,125,0.0,
102,125,0.0,
103,125,0.0,
104,125,0.0,
105,125,0.0,
106,125,0.0,
107,125,0.0,
108,125,0.0,
109,125,0.0,
110,125,0.0,
111,125,0.0,
112,125,0.0,
113,125,0.0,
114,125,0.0,
115,125,0.0,
116,125,0.0,
117,125,0.0,
118,125,0.0,
119,125,0.0,
120,125,0.0,
121,125,0.0,
122,125,0.0,
123,125,0.0,
124,125,0.0,
125,125,0.0,
126,125,0.0,
127,125,0.0,
0,126,0.0,
1,126,0.0,
2,126,0.0,
3,126,0.0,
4,126,0.0,
5,126,0.0,
6,126,0.0,
7,126,0.0,
8,126,0.0,
9,126,0.0,
10,126,0.0,
11,126,0.0,
12,126,0.0,
13,126,0.0,
14,126,0.0,
15,126,0.0,
16,126,0.0,
17,126,0.0,
18,126,0.0,
19,126,0.0,
20,126,0.0,
21,126,0.0,
22,126,0.0,
23,126,0.0,
24,126,0.0,
25,126,0.0,
26,126,0.0,
27,126,0.0,
28,126,0.0,
29,126,0.0,
30,126,0.0,
31,126,0.0,
32,126,0.0,
33,126,0.0,
34,126,0.0,
35,126,0.0,
36,126,6.666666666666664e-07,
37,126,0.0,
38,126,0.0,
39,126,1.3999999999999995e-05,
40,126,1.999999999999999e-06,
41,126,1.1999999999999994e-05,
42,126,1.799999999999999e-05,
43,126,0.0,
44,126,0.0,
45,126,0.0,
46,126,0.0,
47,126,0.0,
48,126,0.0,
49,126,0.0,
50,126,0.0,
51,126,0.0,
52,126,0.0,
53,126,0.0,
54,126,0.0,
55,126,6.399999999999997e-05,
56,126,4.1999999999999984e-05,
57,126,5.999999999999997e-06,
58,126,0.0,
59,126,0.0,
60,126,0.0,
61,126,9.33333333333333e-06,
62,126,1.0666666666666662e-05,
63,126,3.733333333333332e-05,
64,126,3.333333333333332e-06,
65,126,0.0,
66,126,0.0,
67,126,0.0,
68,126,0.0,
69,126,9.999999999999996e-06,
70,126,8.666666666666663e-06,
71,126,7.13333333333333e-05,
72,126,4.3333333333333314e-05,
73,126,9.33333333333333e-06,
74,126,6.199999999999998e-05,
75,126,1.1333333333333329e-05,
76,126,6.666666666666664e-06,
77,126,0.0,
78,126,3.333333333333332e-06,
79,126,1.999999999999999e-06,
80,126,0.0,
81,126,0.0,
82,126,0.0,
83,126,0.0,
84,126,0.0,
85,126,0.0,
86,126,0.0,
87,126,0.0,
88,126,0.0,
89,126,0.0,
90,126,0.0,
91,126,0.0,
92,126,0.0,
93,126,0.0,
94,126,0.0,
95,126,0.0,
96,126,0.0,
97,126,0.0,
98,126,0.0,
99,126,0.0,
100,126,0.0,
101,126,0.0,
102,126,0.0,
103,126,0.0,
104,126,0.0,
105,126,0.0,
106,126,0.0,
107,126,0.0,
108,126,0.0,
109,126,0.0,
110,126,0.0,
111,126,0.0,
112,126,0.0,
113,126,0.0,
114,126,0.0,
115,126,0.0,
116,126,0.0,
117,126,0.0,
118,126,0.0,
119,126,0.0,
120,126,0.0,
121,126,0.0,
122,126,0.0,
123,126,0.0,
124,126,0.0,
125,126,0.0,
126,126,0.0,
127,126,0.0,
0,127,0.0,
1,127,0.0,
2,127,0.0,
3,127,0.0,
4,127,0.0,
5,127,0.0,
6,127,0.0,
7,127,0.0,
8,127,0.0,
9,127,0.0,
10,127,0.0,
11,127,0.0,
12,127,0.0,
13,127,0.0,
14,127,0.0,
15,127,0.0,
16,127,0.0,
17,127,0.0,
18,127,0.0,
19,127,0.0,
20,127,0.0,
21,127,0.0,
22,127,0.0,
23,127,0.0,
24,127,0.0,
25,127,0.0,
26,127,0.0,
27,127,0.0,
28,127,0.0,
29,127,0.0,
30,127,0.0,
31,127,0.0,
32,127,0.0,
33,127,0.0,
34,127,0.0,
35,127,0.0,
36,127,0.0,
37,127,0.0,
38,127,0.0,
39,127,0.0,
40,127,0.0,
41,127,1.999999999999999e-06,
42,127,1.9333333333333327e-05,
43,127,0.0,
44,127,0.0,
45,127,0.0,
46,127,0.0,
47,127,0.0,
48,127,0.0,
49,127,0.0,
50,127,0.0,
51,127,0.0,
52,127,0.0,
53,127,0.0,
54,127,0.0,
55,127,2.2666666666666657e-05,
56,127,2.4666666666666655e-05,
57,127,0.0,
58,127,0.0,
59,127,0.0,
60,127,0.0,
61,127,5.999999999999997e-06,
62,127,1.866666666666666e-05,
63,127,2.799999999999999e-05,
64,127,5.999999999999997e-06,
65,127,0.0,
66,127,0.0,
67,127,0.0,
68,127,0.0,
69,127,1.3333333333333328e-06,
70,127,3.333333333333332e-05,
71,127,4.866666666666664e-05,
72,127,0.0,
73,127,3.666666666666665e-05,
74,127,7.666666666666664e-05,
75,127,3.266666666666665e-05,
76,127,5.5333333333333314e-05,
77,127,1.3999999999999995e-05,
78,127,2.6666666666666656e-05,
79,127,0.0,
80,127,0.0,
81,127,0.0,
82,127,0.0,
83,127,0.0,
84,127,0.0,
85,127,0.0,
86,127,0.0,
87,127,0.0,
88,127,0.0,
89,127,0.0,
90,127,0.0,
91,127,0.0,
92,127,0.0,
93,127,0.0,
94,127,0.0,
95,127,0.0,
96,127,0.0,
97,127,0.0,
98,127,0.0,
99,127,0.0,
100,127,0.0,
101,127,0.0,
102,127,0.0,
103,127,0.0,
104,127,0.0,
105,127,0.0,
106,127,0.0,
107,127,0.0,
108,127,0.0,
109,127,0.0,
110,127,0.0,
111,127,0.0,
112,127,0.0,
113,127,0.0,
114,127,0.0,
115,127,0.0,
116,127,0.0,
117,127,0.0,
118,127,0.0,
119,127,0.0,
120,127,0.0,
121,127,0.0,
122,127,0.0,
123,127,0.0,
124,127,0.0,
125,127,0.0,
126,127,0.0,
127,127,0.0,
