   0.212  0.000    45.5   49.2 pmb05                                       ,17430-2844(pmb05)
   0.315 -0.200    20.5   18.0 pmb05                                       ,17439-2845(pmb05)
   0.340  0.000    37.5   37.0 pmb05                                       ,17432-2835(pmb05)
   0.393 -0.034    26.5   28.7 pmb05                                       
   0.496  0.188    -5.0    0.8 pmb05                                       ,17429-2823(pmb05)
   0.530  0.180    -2.0    7.0 pmb05                                       ,17430-2822(pmb05)
   0.546 -0.851    14.0   14.0 pmb05                                       ,17470-2853(pmb05)
   0.644 -0.041    50.5   49.1 pmb05                                       ,17441-2822(pmb05)
   0.666 -0.029    70.5   72.2 pmb05                                       ,17441-2822(pmb05)
   0.677 -0.025    73.5   73.4 pmb05                                       ,17441-2822(pmb05)
   0.700 -0.040    69.5   68.5 pmb05                                       ,17443-2821(pmb05)
   0.835  0.184     3.0    3.5 pmb05                                       ,17436-2806(pmb05)
   1.146 -0.124   -18.0  -21.0 pmb05                                       ,17455-2800(pmb05)
   2.140  0.010    59.0   63.0 pmb05                                       ,17474-2704(pmb05)
   2.535  0.198     4.5    4.5 pmb05                                       ,17476-2638(pmb05)
   3.910  0.000    20.5   17.0 pmb05                                       ,17516-2532(pmb05)
   5.618 -0.082   -23.3  -27.0 gm11                           n3kpc(gm11)                                 3.30  5.27   3.40  4.96   3.30  5.27
   5.630 -0.294    15.5   10.6 gm11                           knear(gm11)                                 4.95  3.58   4.77  3.56   4.91  3.62
   5.657  0.416    17.5   20.1 gm11                           kfar (gm11)                                 4.70 13.09   4.55 12.73   4.66 13.05
   5.677 -0.027   -12.8  -11.5 gm11                                        ,near GC(gm11)                20.64 29.08  16.69 24.93  21.73 30.17
   5.885 -0.393     6.8    6.7 gm11     1.28   0.09   msh+11                                              7.23  1.28   7.03  1.28   7.23  1.28
   5.900 -0.430     5.3   10.4 gm11                           knear(dwbw80)                               6.89  1.62   6.49  1.83   6.93  1.58
   6.189 -0.358   -32.3  -30.2 gm11                           n3kpc(gm11)                                 3.30  5.28   3.40  4.97   3.30  5.28
   6.368 -0.052   144.4  144.1 gm11                                        ,Galactic bar(gm11)
   6.539 -0.108    13.3   13.4 gm11                           kfar (dwbw80)                               5.55 13.91   5.33 13.49   5.54 13.90
   6.588 -0.192     5.3    5.0 gm11                                        
   6.610 -0.082     0.4    0.8 gm11                                        
   6.795 -0.257    21.8   16.3 gm11                                        
   6.881  0.093    -2.6   -2.1 gm11                           knear(gm11)                                 9.43 17.81   8.67 16.85   9.62 18.00
   7.166  0.131    82.8   85.7 gm11                           f3kpc(gm11)                                 3.30 11.56   3.40 11.47   3.30 11.56
   7.601 -0.139   153.8  154.7 gm11                                        ,Galactic bar(gm11)
   7.632 -0.109   152.7  157.0 gm11                                        ,Galactic bar(gm11)
   8.139  0.226    20.3   19.9 gm11                           knear(wam82)                                5.15  3.41   4.98  3.38   5.12  3.44
   8.317 -0.096    46.6   47.1 gm11                           kfar (srby87)                               3.45 11.63   3.40 11.39   3.38 11.55
   8.669 -0.356    37.8   39.0 gm11                           knear(gm11)                                 3.97  4.64   3.90  4.52   3.91  4.71
   8.683 -0.368    40.7   43.2 gm11                           knear(gm11)                                 3.82  4.81   3.75  4.67   3.75  4.87
   8.832 -0.028     0.0   -3.8 gm11                           n3kpc(gm11)                                 3.30  5.37   3.40  5.05   3.30  5.37
   8.872 -0.493    25.0   23.3 gm11                           knear(srby87)                               4.89  3.68   4.75  3.62   4.86  3.72
   9.215 -0.202    43.0   45.6 gm11
   9.621  0.196     2.1    1.3 gm11     5.2    0.6    srm+09  n3kpc(gm11)                                 3.48  5.20   3.29  5.20   3.48  5.20
   9.619  0.193     6.0    5.4 gm11     5.2    0.6    srm+09  n3kpc(gm11)                                 3.48  5.20   3.29  5.20   3.48  5.20
   9.986 -0.028    46.2   42.2 gm11                           kfar (gm11)                                 3.84 11.92   3.78 11.67   3.78 11.85
  10.205 -0.345     8.3    7.2 gm11     3.4    0.3    bdc01                ,W31(gm11)                     5.19  3.40   4.99  3.40   5.19  3.40
  10.287 -0.125     3.8    4.5 gm11     3.4    0.3    bdc01                ,W31(gm11)                     5.19  3.40   4.99  3.40   5.19  3.40
  10.299 -0.146    20.0   20.0 gm11     3.4    0.3    bdc01                ,W31(gm11)                     5.19  3.40   4.99  3.40   5.19  3.40
  10.320 -0.259    37.3   39.0 gm11     3.4    0.3    bdc01                ,W31(gm11)                     5.19  3.40   4.99  3.40   5.19  3.40
  10.323 -0.160    10.0   11.6 gm11     3.4    0.3    bdc01                ,W31(gm11)                     5.19  3.40   4.99  3.40   5.19  3.40
  10.342 -0.142    12.0   14.8 gm11     3.4    0.3    bdc01                ,W31(gm11)                     5.19  3.40   4.99  3.40   5.19  3.40
  10.356 -0.148    50.2   50.0 gm11
  10.444 -0.018    73.3   73.4 gm11                           kfar (gm11)                                 3.00 10.93   2.97 10.73   2.91 10.83
  10.472  0.027    67.6   75.1 gm11                           kfar (gm11)                                 3.16 11.11   3.13 10.91   3.08 11.02
  10.480  0.033    61.5   59.5 gm11                           kfar (gm11)                                 3.35 11.33   3.31 11.11   3.28 11.25
  10.627 -0.384     0.9    4.6 gm11     3.4    0.3    bdc01                ,W31(gm11)                     5.20  3.40   5.00  3.40   5.20  3.40
  10.629 -0.333    -6.3   -0.4 gm11                           n3kpc(gm11)                                 3.30  5.45   3.40  5.12   3.30  5.45
  10.724 -0.334    -2.1   -2.1 gm11                           n3kpc(gm11)                                 3.30  5.46   3.40  5.13   3.30  5.46
  10.822 -0.103    71.0   72.1 gm11
  10.886  0.123    18.3   17.2 gm11                           knear(gm11)                                 5.90  2.67   5.69  2.68   5.90  2.67
  10.958  0.022    24.3   24.5 gm11                           kfar (gm11)                                 5.38 13.47   5.21 13.11   5.36 13.45
  11.034  0.062    18.1   20.6 gm11                           knear(gm11)                                 5.94  2.63   5.73  2.64   5.95  2.62
  11.109 -0.114    28.3   24.1 gm11                           kfar (gm11)                                 5.10 13.17   4.95 12.83   5.07 13.14
  11.497 -1.485    10.9    6.7 gm11                           knear(gm11)                                 6.81  1.74   6.51  1.84   6.85  1.69
  11.903 -0.102    34.4   33.8 gm11                           kfar (gm11)                                 4.83 12.82   4.71 12.51   4.80 12.78
  11.904 -0.141    42.3   42.8 gm11                           knear(gm11)                                 4.40  4.28   4.31  4.17   4.35  4.34
  11.936 -0.150    48.0   48.4 gm11                           kfar (gm11)                                 4.14 12.06   4.06 11.80   4.08 12.00
  11.936 -0.616    37.4   32.2 gm11                           knear(gm11)                                 4.67  3.99   4.56  3.90   4.62  4.04
  11.992 -0.272    58.3   59.8 gm11                           kfar (gm11)                                 3.74 11.61   3.68 11.37   3.67 11.53
  12.025 -0.031   109.1  108.3 gm11                           f3kpc(gm11)                                 3.30 11.10   3.40 11.05   3.30 11.10
  12.112 -0.126    45.0   39.9 gm11                           knear(gm11)                                 4.30  4.39   4.22  4.27   4.25  4.45
  12.181 -0.123    30.0   29.7 gm11                                        
  12.199 -0.033    52.6   49.3 gm11                           kfar (gm11)                                 3.99 11.87   3.92 11.62   3.93 11.80
  12.202 -0.120    26.5   26.4 gm11                           kfar (dwbw80)                               5.41 13.42   5.25 13.06   5.40 13.40
  12.203 -0.107    26.0   20.5 gm11                                        
  12.209 -0.102    19.0   19.8 gm11                                        
  12.265 -0.051    64.4   68.3 gm11                           kfar (gm11)                                 3.57 11.39   3.53 11.17   3.50 11.31
  12.526  0.016    41.4   42.5 gm11                           kfar (gm11)                                 4.55 12.46   4.45 12.18   4.51 12.41
  12.625 -0.017    24.6   21.6 gm11                           knear(swa+04)                               5.62  2.99   5.44  2.97   5.61  3.00
  12.681 -0.182    56.0   57.5 gm11                                        
  12.776  0.128    31.7   32.9 gm11                           kfar (gm11)                                 5.15 13.08   5.01 12.75   5.12 13.05
  12.889  0.489    35.5   39.2 gm11     2.40   0.17   irm+13  kfar (gm11)  ,IRAS 18089-1732               6.18  2.40   5.98  2.40   6.18  2.40
  12.904 -0.031    58.4   59.1 gm11                                        
  12.909 -0.260    40.8   39.9 gm11                           knear(uhl12                                 4.64  4.05   4.54  3.94   4.60  4.09
  13.179  0.061    47.8   46.5 gm11                           knear(dwbw80)                               4.35  4.38   4.27  4.25   4.30  4.44
  13.657 -0.599    48.8   51.3 gm11                           kfar (gm11)                                 4.38 12.16   4.30 11.89   4.33 12.10
  13.696 -0.156   103.4   99.4 gm11                           f3kpc(gm11)                                 3.30 10.87   3.40 10.84   3.30 10.87
  13.713 -0.083    48.1   43.6 gm11                           knear(gm11)                                 4.42  4.32   4.34  4.20   4.37  4.38
  14.101  0.087    10.5   15.4 gm11                           n3kpc(gm11)                                 3.30  5.67   3.40  5.32   3.30  5.67
  14.230 -0.509    25.6   25.3 gm11                                        
  14.332 -0.639    22.5   21.0 pmb05    1.12   0.13   shr+10               ,18159-1648(pmb05)             7.42  1.12   7.22  1.12   7.42  1.12
  14.390 -0.020    26.5   26.9 gm11                           kfar (gm11)                                 5.73 13.55   5.54 13.19   5.72 13.55
  14.457 -0.143    41.1   43.1 gm11                           knear(gm11)                                 4.86  3.86   4.75  3.76   4.83  3.90
  14.490  0.014    22.2   20.2 gm11                           knear(gm11)                                 6.06  2.56   5.85  2.57   6.07  2.55
  14.521  0.155     1.5    4.1 gm11                           n3kpc(gm11)                                 3.30  5.71   3.40  5.35   3.30  5.71
  14.604  0.017    29.0   24.7 gm11                           knear(dwbw80)                               5.58  3.07   5.41  3.04   5.57  3.08
  14.631 -0.577    24.9   25.2 gm11                           kfar (swa+04)                               5.87 13.69   5.68 13.31   5.87 13.69
  14.991 -0.121    49.3   46.0 gm11                           kfar (gm11)                                 4.55 12.20   4.46 11.93   4.51 12.15
  15.034 -0.677    22.0   21.3 gm11     1.98   0.14   xmr+11  knear(dwbw80)                               6.61  1.98   6.41  1.98   6.61  1.98
  15.094  0.192    24.5   25.8 gm11                           kfar (gm11)                                 5.95 13.73   5.76 13.35   5.96 13.74
  15.607 -0.255    65.8   66.0 gm11                           kfar (gm11)                                 4.03 11.50   3.97 11.27   3.96 11.43
  15.665 -0.499    -3.5   -2.9 gm11                           kfar (gm11)                                 9.03 16.92   8.49 16.18   9.19 17.09
  16.112 -0.303    34.5   34.5 gm11                           knear(gm11)                                 5.43  3.27   5.28  3.22   5.41  3.29
  16.302 -0.196    50.2   51.8 gm11                           knear(gm11)                                 4.69  4.12   4.59  4.01   4.65  4.17
  16.403 -0.181    39.5   39.2 gm11                           kfar (gm11)                                 5.20 12.76   5.06 12.45   5.17 12.73
  16.585 -0.051    63.0   62.1 gm11                           knear(gm11)                                 4.24  4.67   4.17  4.52   4.19  4.73
  16.662 -0.331    43.4   43.0 gm11                           kfar (ab09)                                 5.04 12.55   4.92 12.25   5.01 12.51
  16.831  0.079    63.3   58.7 gm11                           kfar (gm11)                                 4.26 11.62   4.19 11.38   4.21 11.55
  16.855  0.641    24.0   24.2 gm11                           kfar (gm11)                                 6.18 13.80   5.96 13.40   6.19 13.81
  16.976 -0.005     7.0    6.6 gm11                           kfar (gm11)                                 7.66 15.38   7.30 14.83   7.75 15.47
  17.029 -0.071    93.2   91.4 gm11                           kfar (gm11)                                 3.47 10.55   3.44 10.37   3.40 10.45
  17.638  0.157    21.0   20.8 gm11                           knear(gm11)                                 6.46  2.17   6.23  2.21   6.49  2.14
  17.862  0.074   113.4  110.5 gm11                           kfar (gm11)                                 3.17  9.90   3.15  9.76   3.09  9.75
  18.073  0.077    50.8   55.8 gm11                                        
  18.159  0.094    57.0   59.0 gm11                           kfar (gm11)                                 4.64 11.89   4.55 11.63   4.60 11.84
  18.262 -0.244    76.5   74.2 gm11                           knear(kjb+03)                               4.03  5.05   3.97  4.88   3.97  5.13
  18.440  0.045    61.5   61.8 gm11                           kfar (gm11)                                 4.51 11.69   4.43 11.44   4.47 11.63
  18.460 -0.004    48.4   49.4 gm11                           knear(gm11)                                 5.02  3.83   4.90  3.74   4.98  3.87
  18.661  0.034    79.5   79.0 gm11                           kfar (gm11)                                 3.99 10.98   3.94 10.77   3.93 10.89
  18.667  0.025    78.6   76.6 gm11                           kfar (gm11)                                 4.02 11.01   3.96 10.80   3.96 10.92
  18.733 -0.224    46.5   45.9 gm11                           kfar (gm11)                                 5.13 12.39   5.00 12.10   5.10 12.36
  18.735 -0.227    37.4   38.2 gm11                           kfar (gm11)                                 5.56 12.89   5.40 12.56   5.55 12.88
  18.834 -0.300    40.8   41.2 gm11                                        
  18.874  0.053    39.1   38.7 gm11                           kfar (gm11)                                 5.49 12.79   5.34 12.47   5.47 12.77
  18.888 -0.475    55.3   56.4 gm11                           knear(gm11)                                 4.78  4.13   4.69  4.01   4.75  4.18
  18.999 -0.239    67.4   69.4 gm11                           knear(gm11)                                 4.38  4.64   4.31  4.50   4.33  4.71
  19.009 -0.029    58.0   55.4 gm11                           kfar (gm11)                                 4.70 11.83   4.60 11.57   4.66 11.78
  19.249  0.267    16.8   19.8 gm11                           kfar (gm11)                                 6.90 14.33   6.63 13.87   6.95 14.38
  19.267  0.349    15.0   16.3 gm11                           kfar (gm11)                                 7.04 14.49   6.76 14.01   7.10 14.54
  19.365 -0.030    27.0   25.3 gm11                           knear(gm11)                                 6.20  2.49   6.00  2.50   6.22  2.48
  19.472  0.170    20.0   21.7 gm11                           knear(gm11)                                 6.68  1.97   6.43  2.02   6.72  1.93
  19.472  0.170    15.2   13.8 gm11                           knear(gm11)                                 7.04  1.57   6.75  1.66   7.09  1.51
  19.486  0.151    23.3   20.9 gm11                           knear(gm11)                                 6.45  2.22   6.22  2.25   6.48  2.19
  19.496  0.115   121.0  121.3 gm11                           kfar (gm11)                                 3.21  9.51   3.19  9.41   3.13  9.34
  19.609 -0.234    39.0   40.2 gm11                                        
  19.612 -0.120    53.0   53.0 gm11                           kfar (ab09)                                 4.95 12.05   4.84 11.78   4.92 12.01
  19.612 -0.134    55.0   56.5 gm11                           kfar (gm11)                                 4.87 11.96   4.77 11.69   4.84 11.91
  19.614  0.011    32.8   32.9 gm11                           kfar (gm11)                                 5.89 13.15   5.71 12.80   5.89 13.16
  19.667  0.117    15.6   16.3 gm11                           kfar (gm11)                                 7.02 14.42   6.74 13.95   7.07 14.47
  19.701 -0.267    44.0   43.8 gm11                           kfar (gm11)                                 5.33 12.50   5.20 12.20   5.32 12.48
  19.755 -0.128   119.8  123.1 gm11                           kfar (gm11)                                 3.26  9.53   3.24  9.42   3.18  9.36
  19.884 -0.534    47.0   46.8 gm11                           knear(gm11)                                 5.22  3.65   5.09  3.57   5.20  3.67
  20.081 -0.135    43.8   43.6 gm11                           kfar (ab09)                                 5.38 12.50   5.24 12.20   5.36 12.48
  20.237  0.065    71.5   71.9 gm11                           knear(gm11)                                 4.38  4.73   4.31  4.57   4.33  4.79
  21.407 -0.254    87.4   89.0 gm11                           kfar (gm11)                                 4.07 10.55   4.02 10.36   4.01 10.46
  21.562 -0.033   114.8  117.2 gm11                           kfar (gm11)                                 3.51  9.51   3.48  9.40   3.44  9.35
  21.880  0.014    20.7   20.4 gm11                           knear(ab09)                                 6.79  1.89   6.53  1.95   6.83  1.84
  22.038  0.222    50.4   49.5 gm11                           knear(gm11)                                 5.28  3.67   5.15  3.59   5.26  3.70
  22.335 -0.155    32.6   35.6 gm11                           knear(gm11)                                 6.12  2.67   5.92  2.66   6.13  2.66
  22.356  0.066    82.4   80.2 gm11                           knear(gm11)                                 4.28  5.05   4.22  4.88   4.23  5.14
  22.435 -0.169    31.2   29.6 gm11                           kfar (rjh+09)                               6.20 13.14   6.00 12.76   6.21 13.15
  23.010 -0.411    77.7   74.8 gm11     4.59   0.38   brm+09  knear(gm11)                                 4.64  4.59   4.45  4.59   4.64  4.59
  23.206 -0.378    80.3   81.7 gm11                           kfar (gm11)                                 4.41 10.69   4.34 10.48   4.36 10.61
  23.257 -0.241    62.4   64.1 gm11                           knear(ab09)                                 4.95  4.18   4.84  4.06   4.91  4.22
  23.400  0.183    74.8   74.6 gm11                                        
  23.437 -0.184   101.5  103.0 gm11     5.88   1.37   brm+09  knear(ab09)                                 3.89  5.88   3.73  5.88   3.89  5.88
  23.440 -0.182   101.5   98.2 gm11     5.88   1.37   brm+09                                              3.89  5.88   3.73  5.88   3.89  5.88
  23.484  0.097    87.2   87.2 gm11                                        
  23.667 -0.117    82.0   82.4 gm11     3.19   0.46   bbs+08  knear(gm11)                                 5.72  3.19   5.53  3.19   5.72  3.19
  23.706 -0.198    76.8   79.1 gm11                           kfar (swa+04)                               4.55 10.79   4.47 10.58   4.50 10.72
  23.883  0.067    44.2   43.9 gm11                           kfar (gm11)                                 5.68 12.29   5.53 11.98   5.67 12.28
  23.967 -0.100    68.0   70.9 gm11                           kfar (gm11)                                 4.83 11.14   4.73 10.90   4.79 11.09
  24.133 -0.017    17.6   17.5 gm11                           kfar (gm11)                                 7.11 13.96   6.83 13.50   7.17 14.02
  24.329  0.144   115.4  115.5 gm11                           kfar (gm11)                                 3.74  9.06   3.70  8.98   3.67  8.85
  24.493 -0.039   114.0  115.2 gm11                           kfar (ab09)                                 3.78  9.10   3.74  9.02   3.71  8.90
  24.533  0.317   107.6  105.6 gm11                           knear(gm11)                                 3.90  6.07   3.86  5.81   3.84  6.22
  24.633 -0.333    40.6   43.9 gm11                           kfar (gm11)                                 5.89 12.43   5.72 12.10   5.89 12.44
  24.63   0.16    114.7  114.4 sxc+14                         knear(sxc+14)                               3.78  6.42   3.74  6.13   3.71  6.63
  24.667 -0.150   114.6  116.3 gm11                           knear(pmg08                                 3.78  6.42   3.74  6.13   3.71  6.62
  24.790  0.083   111.3  113.4 gm11                           knear(ab09)                                 3.85  6.25   3.81  5.98   3.79  6.44
  24.850  0.087    52.6   53.3 gm11                                        
  24.933  0.067    46.4   46.7 gm11                           knear(rjh+09)                               5.67  3.32   5.51  3.27   5.66  3.33
  25.23   0.29     41.8   41.8 sxc+14                         knear(sxc+14)                               5.88  3.06   5.71  3.03   5.88  3.06
  25.267 -0.433    60.6   65.9 gm11                           kfar (gm11)                                 5.17 11.36   5.05 11.10   5.14 11.33
  25.367 -0.183    57.6   58.2 gm11     2.67   0.70   mdf+11  knear(ab09)                                 6.19  2.67   6.00  2.67   6.19  2.67
  25.383 -0.183    61.3   60.7 gm11     2.67   0.70   mdf+11  knear(kjb+03)                               6.19  2.67   6.00  2.67   6.19  2.67
  25.400  0.100    95.7   97.2 gm11                           knear(gm11)                                 4.22  5.55   4.16  5.34   4.16  5.67
  25.650  1.050    40.6   41.9 gm11                           kfar (gm11)                                 5.96 12.35   5.78 12.02   5.96 12.36
  25.710  0.044    96.2   95.6 gm11                           kfar (ab09)                                 4.23  9.74   4.17  9.59   4.18  9.62
  25.81  -0.04     97.6   97.4 sxc+14                         knear(sxc+14)                               4.21  5.64   4.15  5.43   4.15  5.76
  25.826 -0.178    94.7   91.6 gm11                           knear(gm11)                                 4.28  5.51   4.21  5.31   4.22  5.62
  25.92  -0.14    113.5  113.9 sxc+14                         knear(sxc+14)                               3.90  6.46   3.86  6.16   3.83  6.70
  26.550 -0.300   108.6  109.6 gm11                           kfar (gm11)                                 4.04  8.97   3.99  8.89   3.98  8.79
  26.600 -0.217   109.1  103.4 gm11                           kfar (gm11)                                 4.03  8.93   3.98  8.86   3.97  8.74
  26.600 -0.020    23.2   24.9 gm11                           knear(gm11)                                 6.88  1.87   6.63  1.94   6.93  1.81
  26.650  0.017   107.3  107.7 gm11                           kfar (gm11)                                 4.07  9.03   4.02  8.94   4.01  8.85
  27.217  0.133   118.4  118.7 gm11                                        
  27.217  0.250     9.4    9.2 gm11                           kfar (gm11)                                 7.77 14.29   7.43 13.77   7.86 14.40
  27.283  0.150    30.3   34.8 gm11                           kfar (pmg08                                 6.54 12.80   6.31 12.42   6.57 12.84
  27.367 -0.167    97.0  100.2 gm11     8.0    4.0    xmr+11  knear(gm11)                                 3.93  8.00   3.87  8.00   3.93  8.00
  27.56   0.08     83.4   87.2 sxc+14                         knear(sxc+14)                               4.67  5.01   4.59  4.85   4.63  5.09
  27.783 -0.250    97.8   98.2 gm11                           kfar (gm11)                                 4.35  9.32   4.29  9.19   4.30  9.19
  27.783  0.050   110.8  108.5 gm11                           knear(gm11)                                 4.09  6.52   4.03  6.20   4.03  6.80
  27.867 -0.233    20.1   20.1 gm11                           kfar (gm11)                                 7.11 13.41   6.84 12.97   7.17 13.48
  28.017 -0.433    20.3   16.9 gm11                           knear(gm11)                                 7.10  1.63   6.83  1.72   7.16  1.56
  28.148 -0.004   100.8  101.2 gm11                           knear(gm11)                                 4.31  5.91   4.25  5.67   4.26  6.06
  28.201 -0.049    95.9   97.3 gm11                           kfar (ab09)                                 4.42  9.34   4.35  9.20   4.37  9.22
  28.22   0.36     50.0   50.3 sxc+14                         knear(sxc+14)                               5.74  3.39   5.59  3.34   5.74  3.40
  28.282 -0.359    41.6   40.9 gm11                           kfar (ab09)                                 6.08 12.03   5.89 11.70   6.09 12.05
  28.305 -0.387    80.9   81.6 gm11                           kfar (pmg08                                 4.79 10.07   4.70  9.87   4.75  9.99
  28.399  0.076    75.2   71.5 gm11                           knear(gm11)                                 4.95  4.63   4.85  4.49   4.91  4.69
  28.532  0.126    25.9   27.4 gm11                           knear(gm11)                                 6.82  1.99   6.57  2.05   6.86  1.94
  28.699  0.409    91.3   94.3 gm11                                        
  28.816  0.359    92.5   90.7 gm11                           kfar (gm11)                                 4.54  9.40   4.47  9.26   4.49  9.29
  28.832 -0.253    86.1   83.5 gm11                           knear(gm11)                                 4.69  5.16   4.61  4.99   4.65  5.25
  28.832  0.492    84.4   83.2 gm11                           knear(gm11)                                 4.73  5.08   4.65  4.91   4.69  5.16
  28.848 -0.228   103.1   99.8 gm11                           knear(ab09)                                 4.31  6.11   4.25  5.85   4.26  6.30
  28.850 -0.233   103.1  102.8 gm11                           knear(ab09)                                 4.31  6.11   4.25  5.85   4.26  6.30
  29.316 -0.174    45.3   48.9 gm11                           kfar (gm11)                                 5.98 11.71   5.81 11.39   5.99 11.72
  29.956 -0.016    99.9   96.0 gm11                           kfar (ab09)                                 4.45  8.71   4.38  8.62   4.40  8.53
  29.979 -0.047   101.7  103.0 gm11                           kfar (dwbw80)                               4.42  8.57   4.35  8.50   4.37  8.37
  30.199 -0.174   109.5  108.6 gm11                           knear(gm11)                                 4.28  7.35   4.21  6.60   4.22  6.65
  30.216 -0.174   109.5  113.4 gm11                           knear(gm11)                                 4.28  7.35   4.21  6.61   4.22  6.64
  30.316  0.076    42.6   36.5 gm11                           kfar (gm11)                                 6.14 11.73   5.96 11.40   6.16 11.75
  30.419 -0.232   102.8  103.0 gm11                           knear(gm11)                                 4.42  6.32   4.35  6.02   4.37  6.57
  30.42   0.46      6.9    6.4 sxc+14                         knear(sxc+14)                               8.00  0.58   7.64  0.78   8.11  0.46
  30.532  0.009    53.5   53.2 gm11                           kfar (gm11)                                 5.75 11.12   5.60 10.83   5.74 11.11
  30.583 -0.141   115.7  115.5 gm11                           kfar (gm11)                                 4.32  7.32   4.22  7.15   4.12  8.62
  30.591 -0.042    44.6   43.1 gm11                           knear(gm11)                                 6.08  3.05   5.90  3.03   6.09  3.03
  30.704 -0.068    88.9   88.2 gm11                                        
  30.760 -0.052    90.3   91.7 gm11                           knear(ab09)                                 4.72  5.48   4.63  5.28   4.67  5.59
  30.781  0.231    49.5   49.0 gm11                                        
  30.788  0.204    82.8   84.5 gm11                           kfar (gm11)                                 4.90  9.55   4.80  9.37   4.86  9.48
  30.818 -0.057   104.8  101.4 gm11     5.23   0.99   mdf+11                                              4.82  5.23   4.66  5.23   4.82  5.23
  30.816 -0.058   107.5  108.3 gm11     5.23   0.99   mdf+11                                              4.82  5.23   4.66  5.23   4.82  5.23
  30.816 -0.058    95.0   93.1 gm11     5.23   0.99   mdf+11                                              4.82  5.23   4.66  5.23   4.82  5.23
  30.819  0.273   104.9  104.8 gm11                           knear(rjh+09)                               4.40  6.65   4.34  6.27   4.35  7.15
  30.898  0.162   104.5  101.8 gm11                           knear(ab09)                                 4.42  6.63   4.35  6.25   4.37  7.21
  30.966 -0.141    76.2   77.9 gm11                           knear(gm11)                                 5.08  4.70   4.97  4.57   5.05  4.76
  30.98   0.22    110.9  110.9 sxc+14                         knear(sxc+14)                               4.38  7.29   4.27  7.12   4.24  6.21
  31.049  0.359    80.6   80.9 gm11                           kfar (gm11)                                 4.97  9.62   4.87  9.44   4.94  9.55
  31.061  0.094    16.2   16.5 gm11                                        
  31.08   0.46     26.2   25.7 sxc+14                         knear(sxc+14)                               6.91  1.95   6.66  2.01   6.95  1.89
  31.150  0.050    41.1   41.2 gm11                                        
  31.18  -0.15     46.4   46.2 sxc+14                         knear(sxc+14)                               6.04  3.14   5.86  3.11   6.05  3.12
  31.282  0.062   108.0  110.4 gm11                           knear(ab09)                                 4.41  7.26   4.31  7.09   4.32  6.35
  31.411  0.307    96.7   95.8 gm11     6.6    0.5     sh10   knear(ab09)                                 4.48  6.60   4.35  6.60   4.48  6.60
  31.583  0.076    97.4   98.9 gm11                           knear(gm11)                                 4.61  6.06   4.53  5.80   4.56  6.24
  32.050  0.059    97.1   92.9 gm11     7.2    1.1     sh10                                               4.51  7.20   4.41  7.20   4.51  7.20
  32.117  0.100    95.0   97.7 gm11                           kfar (ab09)                                 4.69  8.46   4.61  8.36   4.65  8.29
  32.14   0.13     92.8        oah+13                         knear(oah+13)                               4.74  5.77   4.66  5.55   4.70  5.91
  32.744 -0.075    34.8   38.5 gm11                           knear(oah+13)                               6.58  2.45   6.36  2.48   6.61  2.40
  32.802  0.193    27.2   27.5 gm11                           kfar (ab09)                                 6.92 12.31   6.67 11.90   6.97 12.38
  32.82  -0.08     59.4        oah+13                         knear(oah+13)                               5.67  3.83   5.53  3.76   5.67  3.84
  32.999  0.033    90.8   91.9 gm11                           kfar (gm11)                                 4.84  8.53   4.75  8.41   4.80  8.39
  33.09   0.06     81.4        oah+13                         knear(oah+13)                               5.07  5.09   4.96  4.93   5.04  5.16
  33.100 -0.067   100.5  103.9 gm11                           knear(gm11)                                 4.64  7.12   4.55  6.54   4.58  6.39
  33.133 -0.083    75.3   73.2 gm11                           knear(oah+13)                               5.23  4.72   5.11  4.59   5.20  4.77
  33.400  0.017   102.1  105.3 gm11                           kfar (gm11)                                 4.68  7.10   4.57  6.93   4.57  8.11
  33.59  -0.03    103.1        oah+13                                      
  33.61  -0.03    103.3        oah+13                                      
  33.633 -0.233    60.6   59.6 gm11                           kfar (gm11)                                 5.68 10.25   5.53  9.99   5.67 10.24
  33.65  -0.02    102.7        oah+13                         knear(oah+13)                               4.71  7.08   4.60  6.91   4.57  5.93
  33.733 -0.117    53.8   53.4 gm11                           kfar (gm11)                                 5.90 10.61   5.74 10.32   5.90 10.61
  33.867  0.033    63.7   64.1 gm11                           kfar (gm11)                                 5.59 10.03   5.46  9.78   5.58 10.01
  33.983 -0.017    59.1   58.9 gm11                           knear(gm11)                                 5.74  3.83   5.59  3.76   5.74  3.83
  34.100  0.017    55.9   56.0 gm11                           knear(oah+13)                               5.85  3.65   5.69  3.60   5.85  3.65
  34.19  -0.59     60.4        oah+13                         knear(oah+13)                               5.71  3.90   5.56  3.83   5.70  3.91
  34.250  0.160    59.5   57.8 gm11                           knear(rjh+09)                               5.74  3.85   5.59  3.79   5.74  3.86
  34.26  -0.21     52.5   54.6 sxc+14                         knear(sxc+14)                               5.97  3.46   5.80  3.42   5.97  3.45
  34.400  0.216    59.3   55.7 gm11     1.56   0.12   kns+11  knear(gm11)                                 7.27  1.56   7.07  1.56   7.27  1.56
  34.71  -0.59     78.9        oah+13                                      
  34.767 -0.100    50.9   52.8 gm11                           kfar (gm11)                                 6.05 10.60   5.87 10.30   6.06 10.61
  34.767  0.017    76.7   76.5 gm11                           knear(gm11)                                 5.27  4.90   5.16  4.76   5.25  4.96
  34.800 -1.384    46.3   47.0 gm11                                        
  34.817  0.350    59.8   59.7 gm11                           knear(gm11)                                 5.76  3.88   5.61  3.81   5.76  3.88
  35.024  0.349    45.4   44.4 gm11                           knear(gm11)                                 6.25  3.05   6.06  3.05   6.27  3.02
  35.133 -0.750    33.7   35.4 gm11                           knear(oah+13)                               6.71  2.35   6.48  2.40   6.75  2.30
  35.200 -0.750    30.4   28.5 gm11     2.19   0.24   zzr+09  knear(gm11)  ,18556+0136                    6.83  2.19   6.63  2.19   6.83  2.19
  35.2   -1.74     43.0   43.5 pmb05    3.27   0.56   zzr+09               ,IRAS 18592+0108(pmb05)        6.13  3.27   5.94  3.27   6.13  3.27
  35.250 -0.250    72.7   72.4 gm11                           knear(gm11)                                 5.41  4.67   5.28  4.56   5.39  4.71
  35.390  0.020    95.6   96.9 gm11                           kfar (gm11)                                 4.92  6.93   4.81  6.77   4.82  7.93
  35.400  0.020    89.4   89.0 gm11                           kfar (gm11)                                 5.00  7.77   4.90  7.70   4.96  7.56
  35.46   0.13     73.8        oah+13                         knear(oah+13)                               5.39  4.76   5.26  4.64   5.37  4.80
  35.57  -0.03    127.3        oah+13                         kfar (oah+13)                               4.94  6.91   4.83  6.75   4.21  9.51
  35.583  0.067    45.6   45.2 gm11                           kfar (gm11)                                 6.27 10.76   6.08 10.44   6.29 10.79
  35.800 -0.180    60.2   60.8 gm11                           knear(gm11)                                 5.79  3.93   5.64  3.86   5.79  3.93
  36.020 -0.200    93.0   93.0 gm11                           knear(pmg09)                                5.00  6.87   4.88  6.71   4.91  5.95
  36.120  0.550    75.2   73.0 gm11                           kfar (gm11)                                 5.38  8.83   5.26  8.63   5.36  8.78
  36.42  -0.16     71.9        oah+13                         kfar (oah+13)                               5.48  8.98   5.35  8.77   5.47  8.95
  36.650 -0.217    77.5   77.4 gm11                           kfar (rjh+09)                               5.35  8.50   5.23  8.32   5.33  8.44
  36.700  0.100    57.5   53.1 gm11                           kfar (gm11)                                 5.91  9.84   5.75  9.57   5.92  9.85
  36.850 -0.020    62.7   61.7 gm11                           knear(oah+13)                               5.76  4.12   5.61  4.05   5.76  4.12
  36.900 -0.410    84.1   84.7 gm11                           kfar (gm11)                                 5.19  7.76   5.08  7.65   5.17  7.61
  36.930  0.480   -35.8  -35.9 gm11                           kout (gm11)                                11.66 17.27  10.80 16.22  11.99 17.64
  37.033 -0.033    80.0   78.5 gm11                           knear(gm11)                                 5.30  5.41   5.18  5.25   5.28  5.50
  37.19  -0.41     29.8        oah+13                         kfar (oah+13)                               6.94 11.44   6.70 11.05   6.99 11.52
  37.34  -0.06     52.0        oah+13                         kfar (oah+13)                               6.12 10.05   5.94  9.75   6.13 10.07
  37.380 -0.090    69.2   70.6 gm11                           kfar (pmg09)                                5.60  8.93   5.46  8.70   5.59  8.90
  37.483 -0.100    59.7   54.7 gm11                           knear(gm11)                                 5.88  3.95   5.72  3.90   5.88  3.95
  37.550 -0.100    50.5   50.0 gm11                           kfar (ab09)                                 6.17 10.10   5.99  9.80   6.19 10.12
  37.550  0.200    85.1   83.8 gm11                           knear(gm11)                                 5.20  6.29   5.09  6.01   5.18  6.51
  37.600  0.433    87.0   87.0 gm11                           knear(gm11)                                 5.19  6.73   5.06  6.58   5.13  5.98
  37.733 -0.100    50.3   50.3 gm11                           kfar (gm11)                                 6.19 10.07   6.01  9.77   6.20 10.10
  37.750 -0.183    55.3   54.8 gm11                           kfar (ab09)                                 6.03  9.76   5.86  9.48   6.03  9.77
  37.770 -0.220    69.6   69.6 gm11                           kfar (pmg09)                                5.60  8.80   5.47  8.58   5.60  8.77
  37.800 -0.217    69.3   69.0 gm11                           knear(gm11)                                 5.61  4.62   5.48  4.53   5.61  4.65
  37.86  -0.60     51.8        oah+13                         knear(oah+13)                               6.14  3.47   5.97  3.45   6.16  3.44
  38.033 -0.300    57.0   58.2 gm11                           knear(gm11)                                 5.98  3.80   5.82  3.76   5.99  3.79
  38.080 -0.270    67.3   67.5 gm11                           knear(gm11)                                 5.68  4.50   5.54  4.42   5.68  4.52
  38.117 -0.233    73.7   70.3 gm11                           knear(gm11)                                 5.51  5.01   5.38  4.89   5.50  5.05
  38.200 -0.067    81.4   84.3 gm11                           kfar (gm11)                                 5.32  7.49   5.20  7.37   5.30  7.34
  38.267 -0.200    69.6   70.2 gm11                           kfar (gm11)                                 5.63  8.66   5.49  8.44   5.62  8.63
  38.267 -0.083    13.1   15.4 gm11                           knear(gm11)                                 7.75  0.98   7.43  1.15   7.84  0.86
  38.560  0.150    27.2   31.5 gm11                           knear(pmg09)                                7.09  1.93   6.83  2.03   7.15  1.85
  38.600 -0.217    62.9   62.4 gm11                           knear(pmg09)                                5.83  4.22   5.68  4.16   5.83  4.22
  38.650  0.083   -31.4  -31.4 gm11                           kout (gm11)                                11.02 16.29  10.27 15.35  11.31 16.62
  38.917 -0.350    32.4   32.0 gm11                           knear(oah+13)                               6.89  2.27   6.65  2.34   6.93  2.19
  39.100  0.500    16.8   15.9 gm11                                        
  39.400 -0.133    60.3   60.4 gm11                           knear(pmg09)                                5.94  4.09   5.78  4.05   5.94  4.08
  39.540 -0.380    48.4   47.8 gm11                           kfar (gm11)                                 6.32  9.81   6.13  9.50   6.34  9.85
  39.99  -0.64     71.8        oah+13                         knear(oah+13)                               5.64  5.12   5.50  5.02   5.63  5.15
  40.283 -0.217    74.7   74.0 gm11                           knear(gm11)                                 5.57  5.56   5.44  5.44   5.56  5.62
  40.425  0.700    12.8   15.6 gm11                           kfar (ab09)                                 7.80 11.99   7.47 11.50   7.89 12.12
  40.623 -0.138    30.8   31.2 gm11                           knear(gm11)                                 7.00  2.17   6.75  2.26   7.05  2.09
  40.933 -0.033    38.6   36.7 gm11                           knear(gm11)                                 6.70  2.69   6.48  2.74   6.74  2.62
  41.05  -0.24     65.4        oah+13                         kfar (oah+13)                               5.85  8.16   5.70  7.92   5.85  8.17
  41.083 -0.133    57.9   57.6 gm11                           kfar (rjh+09)                               6.07  8.78   5.90  8.50   6.08  8.81
  41.122 -0.216    62.7   63.5 gm11                           kfar (ab09)                                 5.93  8.38   5.77  8.13   5.93  8.39
  41.13  -0.19     59.7        oah+13                         knear(oah+13)                               6.02  4.18   5.85  4.14   6.02  4.16
  41.133 -0.100    36.6   36.5 gm11                           kfar (rjh+09)                               6.78 10.24   6.55  9.88   6.83 10.32
  41.166 -0.183    62.7   61.8 gm11                           knear(oah+13)                               5.93  4.43   5.77  4.38   5.94  4.42
  41.233 -0.200    58.2   55.5 gm11                           kfar (rjh+09)                               6.07  8.72   5.90  8.44   6.07  8.74
  41.270  0.370    20.0   20.3 gm11                           kfar (gm11)                                 7.47 11.33   7.18 10.88   7.55 11.44
  41.350 -0.133    10.3   11.8 gm11                           kfar (pmg09)                                7.94 11.99   7.59 11.49   8.04 12.13
  41.580  0.040    11.4   11.9 gm11                           kfar (gm11)                                 7.88 11.87   7.55 11.37   7.98 12.00
  41.870 -0.100    19.6   15.8 gm11                           knear(gm11)                                 7.50  1.43   7.20  1.58   7.58  1.31
  42.033  0.183    12.7   12.9 gm11                           kfar (pmg09)                                7.83 11.68   7.50 11.19   7.92 11.82
  42.300 -0.300    28.4   28.2 gm11                           kfar (pmg09)                                7.13 10.55   6.87 10.14   7.19 10.64
  42.433 -0.267    67.3   66.8 gm11     5.1    0.7      sh10  kfar (ab09)                                 5.85  5.10   5.69  5.10   5.85  5.10
  42.700 -0.150   -44.4  -42.9 gm11                           kout (gm11)                                12.10 16.89  11.19 15.77  12.47 17.30
  43.050 -0.450    57.3   54.9 gm11                           knear(gm11)                                 6.15  4.17   5.98  4.16   6.17  4.13
  43.083 -0.083    10.5   10.3 gm11                           kfar (gm11)                                 7.94 11.63   7.60 11.13   8.05 11.78
  43.10   0.04      9.5        oah+13                                      
  43.149  0.013    14.4   13.0 gm11                           kfar (rjh+09)                               7.76 11.34   7.44 10.86   7.85 11.47
  43.167 -0.004    -1.1   -1.2 gm11                           kfar (rjh+09)                               8.56 12.48   8.15 11.90   8.70 12.67
  43.165  0.013    14.2    9.3 gm11                           kfar (kjb+03)                               7.77 11.35   7.44 10.87   7.86 11.48
  43.53   0.01     52.3        oah+13                                      
  43.796 -0.127    41.4   39.7 gm11                           kfar (gm11)                                 6.68  9.31   6.46  8.96   6.72  9.38
  43.900 -0.783    49.7   47.6 gm11     8.26   1.64   wsr+14  kfar (ab09)                                 6.27  8.26   6.19  8.26   6.27  8.26
  44.317  0.050    55.8   55.7 gm11                           knear(gm11)                                 6.24  4.18   6.06  4.19   6.25  4.12
  44.633 -0.533    49.4   49.5 gm11                           knear(gm11)                                 6.44  3.63   6.24  3.67   6.47  3.57
  45.067  0.133    58.3   57.8 gm11     7.75   0.44   wsr+14  kfar (ab09)                                 6.27  7.75   6.17  7.75   6.27  7.75
  45.445  0.069    49.9   49.9 gm11                           kfar (ab09)                                 6.45  8.17   6.25  7.84   6.47  8.25
  45.467  0.053    57.4   56.0 gm11                           kfar (ab09)                                 6.22  7.38   6.04  7.05   6.24  7.45
  45.473  0.134    67.4   65.7 gm11                           kfar (ab09)                                 6.06  5.96   5.92  5.82   5.95  7.11
  45.493  0.126    56.3   57.2 gm11                           kfar (ab09)                                 6.26  7.50   6.07  7.18   6.27  7.57
  45.570 -0.120     5.5    1.6 gm11                           kfar (pmg09)                                8.21 11.48   7.84 10.95   8.33 11.65
  45.800 -0.350    65.1   65.1 gm11                           kfar (gm11)                                 6.09  5.93   5.95  5.79   6.02  6.85
  45.87  -0.37     60.1        oah+13                         knear(oah+13)                               6.16  5.09   5.98  5.23   6.17  5.00
  46.067  0.217    23.7   23.4 gm11                           knear(gm11)                                 7.39  1.75   7.11  1.91   7.47  1.62
  46.117  0.383    58.8   59.1 gm11                           kfar (gm11)                                 6.20  6.85   6.02  6.46   6.22  6.94
  46.32  -0.25     41.7        oah+13                         kfar (oah+13)                               6.73  8.62   6.51  8.26   6.77  8.72
  47.04   0.25    101.8        oah+13                         knear(oah+13)                               6.22  5.79   6.07  5.66
  48.890 -0.170    57.4   57.3 gm11                           kfar (pmg09)                                6.40  5.59   6.25  5.46   6.33  6.54
  48.900 -0.280    71.9   71.9 gm11                           kfar (ab09)                                 6.41  5.59   6.25  5.46   5.93  8.00
  49.000 -0.300    71.7   71.6 gm11                           kfar (pmg09)                                6.42  5.58   6.26  5.45   5.94  8.00
  49.049 -1.083    38.0   36.7 gm11                           kfar (gm11)                                 6.92  8.15   6.68  7.75   6.97  8.27
  49.266  0.316     0.9   -4.6 gm11                           kfar (gm11)                                 8.45 11.02   8.06 10.46   8.58 11.22
  49.349  0.416    68.0   68.1 gm11                           kfar (gm11)                                 6.45  5.54   6.30  5.41   6.05  7.78
  49.416  0.333   -18.2  -12.0 gm11                           kout (gm11)                                 9.54 12.55   9.02 11.85   9.73 12.81
  49.470 -0.371    64.4   63.9 gm11     5.21   0.26   wsr+14               ,W51                           6.47  5.21   6.31  5.21   6.47  5.21
  49.471 -0.369    73.5   73.2 gm11     5.21   0.26   wsr+14               ,W51                           6.47  5.21   6.31  5.21   6.47  5.21
  49.482 -0.402    49.5   50.0 gm11     5.21   0.26   wsr+14               ,W51                           6.47  5.21   6.31  5.21   6.47  5.21
  49.489 -0.369    58.0   56.1 gm11     5.21   0.26   wsr+14               ,W51                           6.47  5.21   6.31  5.21   6.47  5.21
  49.490 -0.388    56.4   59.3 gm11     5.21   0.26   wsr+14               ,W51                           6.47  5.21   6.31  5.21   6.47  5.21
  49.599 -0.250    64.4   63.0 gm11                           kfar (gm11)                                 6.47  5.51   6.32  5.38   6.15  7.52
  49.633 -0.367    50.3   50.2 gm11                           kfar (gm11)                                 6.54  6.40   6.34  5.75   6.57  6.60
  50.033  0.583    -6.4   -5.1 gm11                                                                       8.83 11.43   8.40 10.82   8.99 11.65
  50.317  0.683    29.4   30.1 gm11                           kfar (gm11)                                 7.24  8.54   6.98  8.11   7.31  8.68
  50.783  0.150    49.2   49.1 gm11                           kfar (gm11)                                 6.60  5.75   6.43  5.25   6.63  6.13
  52.667 -1.100    65.7   65.2 gm11                                        
  52.933  0.417    41.9   39.1 gm11                           knear(gm11)                                 6.86  4.08   6.63  4.63   6.91  3.82
  53.050  0.100     9.8   10.2 gm11                           knear(gm11)                                 8.05  0.79   7.71  1.07   8.16  0.59
  53.150  0.083    24.3   24.6 gm11                           knear(gm11)                                 7.47  2.01   7.18  2.24   7.54  1.83
  53.633  0.033    19.3   19.0 gm11                           kfar (gm11)                                 7.66  8.49   7.36  8.00   7.75  8.68
  56.96  -0.23     30.0        oah+13                         knear(oah+13)                               7.31  3.00   7.04  3.44   7.38  2.72
  58.767  0.650    33.0   33.3 gm11                           knear(gm11)                                 7.27  4.41   7.10  4.30   7.29  3.79
  59.63  -0.19     27.4        oah+13                         knear(oah+13)                               7.43  3.12   7.16  4.20   7.50  2.72
  59.780  0.060    25.0   25.0 gm11     2.16   0.10   xrm+09  knear(gm11)                                 7.64  2.16   7.45  2.16   7.64  2.16
  59.78   0.63     38.4        oah+13                         knear(oah+13)                               7.34  4.28   7.17  4.18   7.13  2.50
  59.840  0.660    38.4   38.4 gm11                           kfar (gm11)                                 7.35  4.27   7.18  4.17   7.13  6.06
  60.560 -0.170     3.6    3.6 gm11                           knear(gm11)                                 8.34  0.33   7.97  0.72   8.47  0.07
  69.520 -0.970     8.0   15.1 pmb05    2.35   0.20   xlr+13               ,20081+3122(pmb05),Onsla 1     7.99  2.35   7.80  2.35   7.99  2.35
  70.120  1.720   -26.5  -26.5 pmb05                                       ,19589+3320(pmb05)             9.75  8.47   9.21  7.72   9.95  8.82
  71.510 -0.380     7.0   10.7 pmb05                                       ,20110+3321(pmb05)
  73.040  1.800     1.5   -2.5 pmb05                                       ,20062+3550(pmb05)
  75.760  0.340    -5.0   -2.9 pmb05    3.51   0.27   xlr+13               ,Onsala 2 North(ano+11)        8.36  3.51   8.18  3.51   8.36  3.51
  78.100  3.640    -6.5   -6.1 pmb05    1.64   0.05   mcr+11               ,IRAS20126+4104(pmb05)         8.32  1.64   8.12  1.64   8.32  1.64
  78.620  0.980   -39.5  -39.0 pmb05                                                                     10.40  7.91   9.79  7.09  10.65  8.32
  78.89   0.71    -17.2        rbs+12   3.33   0.11   rbs+12               ,AFGL 2591                     8.51  3.33   8.33  3.33   8.51  3.33
  79.750  0.990    -4.5   -4.0 pmb05    1.36   0.12   rbs+12               ,IRAS 20290+4052               8.37  1.36   8.17  1.36   8.37  1.36
  80.86   0.38     -3.4        rbs+12   1.46   0.09   rbs+12               ,DR 20                         8.39  1.46   8.20  1.46   8.39  1.46
  80.850  0.430    -4.5   -4.1 pmb05                                       ,IRAS 20350+4126(pmb05)        8.68  3.57   8.28  2.52   8.82  4.07
  81.720  0.570     0.5    0.0 pmb05                                       
  81.760  0.590    -1.0   -1.0 pmb05                                                                      8.54  2.69   8.21  1.19   8.67  3.33
  81.74   0.59                 rbs+12   1.50   0.08   rbs+12               ,DR 21                         8.42  1.50   8.22  1.50   8.42  1.50
  81.870  0.780     6.5    6.0 pmb05    1.30   0.07   rbs+12               ,W75N                          8.42  1.30   8.22  1.30   8.42  1.30
  85.410  0.000   -31.0  -29.5 pmb05                                                                      9.90  5.80   9.36  5.04  10.11  6.20
  90.900  1.500   -70.0  -70.5 pmb05                                       ,21074+4949(pmb05)            12.46  8.99  11.55  7.91  12.86  9.52
  94.580 -1.790   -42.0  -40.9 pmb05    3.95   0.41   chr+14               ,AFGL 2789                     9.65  3.95   9.47  3.95   9.65  3.95
  97.521  3.172   -70.9  -69.9 xlh+08                                      ,21306+5540                   12.58  8.23  11.66  7.18  13.00  8.79
  98.020  1.440   -61.5  -61.6 pmb05                                       ,21413+5442(pmb05)            11.84  7.14  11.04  6.21  12.19  7.63
 106.797  5.312    -1.7   -2.0 xlh+08                                      ,22176+6303                    8.57  0.23   8.20  0.00   8.70  0.63
 108.180  5.510   -11.0  -10.9 pmb05    0.776  0.104  rbr+10               ,L1206                         8.77  0.77   8.57  0.77   8.77  0.77
 108.750 -0.960   -45.5  -45.7 pmb05                                       ,22566+5830(pmb05)            10.87  4.58  10.22  3.86  11.15  4.99
 109.860  2.100    -3.0   -2.5 pmb05    0.700  0.031  dlr+11               ,22543+6145=Cepheus A?         8.76  0.70   8.56  0.70   8.76  0.70
 109.920  1.980    -3.5   -2.4 pmb05                                       ,22551+6139(pmb05)             8.65  0.40   8.27  0.00   8.79  0.75
 111.240 -0.760   -39.5  -38.5 pmb05                                       ,23139+5939(pmb05)            10.53  3.85   9.92  3.21  10.78  4.24
 111.530  0.760   -55.0  -56.2 pmb05    2.65   0.12   mrm+09               ,23116+6111(pmb05)NGC7538      9.79  2.65   9.59  2.65   9.79  2.65
 121.280  0.650   -24.0  -22.4 pmb05    0.929  0.034  rbr+10               ,L1287,00338+6312(pmb05)       9.01  0.92   8.81  0.92   9.01  0.92
 123.050 -6.310   -32.0  -29.1 pmb05    2.38   0.13   rbr+10               ,NGC 281-W, 00494+5617(pmb05)  9.99  2.38   9.79  2.38   9.99  2.38
 133.940  1.040   -44.5  -44.6 pmb05    1.95   0.04   xrzm06               ,W3(OH),02232+6138(pmb05)      9.95  1.95   9.75  1.95   9.95  1.95
 136.840  1.120   -45.0  -45.1 pmb05                                       ,02455+6034(pmb05)            12.12  4.44  11.33  3.75  12.49  4.86
 168.063  0.819   -18.6  -16.2 xlh+08  11.6    5.3    hhk+11               ,IRAS05137+3919,H2O maser     19.99 11.60  19.79 11.60  19.99 11.60
 173.490  2.420   -13.5  -13.6 pmb05                                       ,05358+3543(pmb05)            18.50 10.04  17.50  9.24  19.44 10.97
 173.690  2.870   -24.5  -24.1 pmb05                                       ,05382+3547(pmb05)
 173.710  2.350   -13.5  -14.0 pmb05                                                                     19.29 10.83  18.23  9.97  20.31 11.84
 174.190 -0.090     3.0    2.1 pmb05                                       ,05274+3345(pmb05)
 183.340 -0.590   -10.0   -4.8 pmb05                                       ,05480+2544(pmb05)
 188.714  1.031    -5.0   -5.5 gcf+12                                      
 188.790  1.020    -6.5   -5.5 pmb05    2.02   0.13   nnh+11               ,IRAS 06061+2151(pmb05)       10.50  2.02  10.30  2.02  10.50  2.02
 188.946  0.886     3.5   10.8 gcf+12   1.76   0.11   okh+10               ,IRAS 06058+2138,s252         10.24  1.76  10.04  1.76  10.24  1.76
 189.030  0.783     9.2    8.9 gcf+12                                      ,06056+2131                   11.59  3.12  10.50  2.22  11.92  3.45
 189.471 -1.216    19.0   18.8 gcf+12                                                                    17.88  9.45  15.29  7.04  18.73 10.29
 189.778  0.345     4.0    5.5 gcf+12                                      ,06055+2039                    9.52  1.03   8.83  0.53   9.71  1.23
 192.600 -0.048     3.5    4.6 gcf+12   1.59   0.07   rbr+10               ,06099+1800=S255?             10.06  1.59   9.86  1.59  10.06  1.59
 196.454 -1.677    14.8   15.2 gcf+12   5.28   0.24   hbc+07               ,06117+1350, S269             13.64  5.28  13.44  5.28  13.64  5.28
 203.050-14.550     0.0   -1.0 pmb05                                       ,05393-0156(pmb05)
 202.920  1.470     8.1    8.0 pmb05                                       ,06384+0932(pmb05)             9.39  0.96   8.83  0.57   9.57  1.15
 206.542-16.355    12.2   12.3 gcf+12                                                                     9.60  1.27   9.07  0.89   9.97  1.61
 208.996-19.386     7.5    7.3 gcf+12   0.437  0.019  hbc+07               ,Orion                         8.86  0.43   8.66  0.43   8.86  0.43
 209.016-19.398    -1.0   -1.5 gcf+12                                      
 212.06  -0.74     45.8   43.3 gcf+12                                      ,06446+0029                   13.98  6.03  12.70  4.88  14.49  6.57
 213.705-12.597    11.0   10.7 gcf+12                                      ,06053-0622                    9.30  0.97   8.81  0.62   9.55  1.23
 232.620  0.996    21.5   22.9 gcf+12   1.68   0.11   rmb+09               ,07299-1651                    9.61  1.68   9.41  1.68   9.61  1.68
 254.880  0.451    30.2   30.1 gcf+12                                                                     9.91  3.34   9.36  2.67  10.12  3.71
 259.939 -0.041    -1.0   -1.0 gcf+12                                      ,08337-4028
 263.250  0.514    14.2   12.3 gcf+12                                      ,08470-4243                    9.09  2.38   8.65  1.64   9.26  2.80
 264.140  2.018     8.2    8.1 gcf+12                                                                     8.83  1.68   8.42  0.79   8.98  2.16
 264.289  1.469     7.8    8.7 gcf+12                                      ,08546-4254                    8.81  1.63   8.40  0.72   8.96  2.12
 269.153 -1.128    12.0   16.0 gcf+12                                      ,09018-4816                    8.99  2.81   8.56  1.98   9.15  3.26
 269.456 -1.467    55.0   56.1 gcf+12                                      ,09015-4843                   11.33  7.41  10.60  6.51  11.64  7.88
 269.658 -1.270    15.2   16.2 gcf+12                                                                     9.13  3.28   8.69  2.51   9.30  3.72
 270.255  0.835     4.0    3.9 gcf+12                                                                     8.66  1.68   8.30  0.04   8.80  2.31
 281.710 -1.104     1.8    0.9 gcf+12                                                                     8.57  3.77   8.20  2.75   8.71  4.28
 284.352 -0.419     7.0    3.9 gcf+12                                                                     8.79  5.18   8.39  4.46   8.94  5.58
 284.694 -0.361    13.0   13.3 gcf+12                                                                     9.05  5.95   8.63  5.26   9.22  6.32
 285.337 -0.002    -2.8    0.7 gcf+12                         kfar (gm11)                                 8.39  4.03   8.04  2.90   8.51  4.55
 286.383 -1.834     9.2    9.6 gcf+12                                                                     8.89  5.93   8.48  5.26   9.04  6.30
 287.371  0.644    -1.8   -1.9 gcf+12                         knear(gm11)                                 8.43  0.25   8.07  0.93   8.55  0.18
 290.374  1.661   -25.0  -24.2 gcf+12                                      
 290.411 -2.915   -16.0  -16.0 gcf+12                                      
 291.270 -0.719   -25.5  -31.2 gcf+12   0.98   0.26   mdf+11                                              8.20  0.98   8.00  0.98   8.20  0.98
 291.274 -0.709   -29.5  -29.7 gcf+12   0.98   0.26   mdf+11                                              8.20  0.98   8.00  0.98   8.20  0.98
 291.579 -0.431    15.0   15.2 gcf+12                         kout (gm11)                                 9.17  7.78   8.74  7.15   9.34  8.11
 291.582 -0.435     9.5   10.4 gcf+12                         kout (gm11)                                 8.91  7.25   8.51  6.63   9.07  7.57
 291.642 -0.546    12.0   12.1 gcf+12                                                                     9.03  7.51   8.61  6.88   9.19  7.83
 291.879 -0.810    32.2   33.5 gcf+12                                                                    10.09  9.46   9.54  8.73  10.32  9.82
 292.074 -1.131   -19.0  -19.1 gcf+12                                      
 292.468  0.168    16.0   10.9 gcf+12                                                                     9.23  8.09   8.78  7.45   9.40  8.41
 293.723 -1.742    24.5   24.2 gcf+12                                                                     9.67  9.17   9.18  8.50   9.88  9.51
 293.827 -0.746    37.2   37.0 gcf+12                         kout (gm11)                                10.43 10.38   9.84  9.61  10.68 10.75
 293.942 -0.874    39.2   41.1 gcf+12                         kout (gm11)                                10.56 10.60   9.95  9.81  10.82 10.98
 294.337 -1.706   -11.8  -11.7 gcf+12                                      
 294.511 -1.621    -9.0  -11.9 gcf+12                                      
 294.977 -1.734    -6.0   -5.3 gcf+12                                      
 294.990 -1.719   -12.2  -12.3 gcf+12                                      
 296.893 -1.305    21.8   22.2 gcf+12                         kout (gm11)                                 9.56  9.67   9.08  9.02   9.76  9.99
 297.406 -0.622    27.0   27.8 gcf+12                                                                     9.86 10.26   9.35  9.58  10.08 10.59
 298.177 -0.795    25.2   23.5 gcf+12                                                                     9.77 10.28   9.27  9.61   9.98 10.60
 298.213 -0.343    35.2   33.3 gcf+12                         kout (gm11)                                10.39 11.21   9.81 10.46  10.63 11.56
 298.262  0.739   -30.2  -30.1 gcf+12                         kfar (gm11)                                 7.49  4.02   7.31  3.93   7.42  5.00
 298.632 -0.362    41.0   37.2 gcf+12                                                                    10.79 11.87  10.16 11.06  11.06 12.24
 298.723 -0.086    19.5   23.5 gcf+12                                                                     9.46  9.90   8.99  9.27   9.64 10.20
 299.013  0.128    18.8   18.3 gcf+12                         kout (gm11)                                 9.42  9.91   8.96  9.28   9.61 10.21
 299.772 -0.005    -5.0   -6.8 gcf+12                                      
 300.504 -0.176     6.5    7.5 gcf+12                         knear(gm11)                                 8.80  9.20   8.41  8.65   8.95  9.46
 300.969  1.148   -37.2  -37.2 gcf+12                                      
 301.136 -0.226   -39.0  -39.6 gcf+12                         kfar (gm11)                                 7.28  4.40   7.10  4.29   7.10  6.00
 302.032 -0.061   -37.8  -35.7 gcf+12                         knear(gm11)                                 7.21  4.51   7.04  4.40   7.12  3.42
 302.034  0.625   -44.2  -39.1 gcf+12                                      
 302.455 -0.741    35.0   32.6 gcf+12                                                                    10.47 12.20   9.89 11.43  10.73 12.54
 303.507 -0.721    14.5   14.2 gcf+12                                                                     9.23 10.60   8.80 10.01   9.40 10.87
 303.846 -0.363    27.8   24.8 gcf+12                                                                    10.03 11.85   9.50 11.15  10.25 12.16
 303.869  0.194   -36.8  -36.9 gcf+12                                      
 304.367 -0.336    32.0   32.7 gcf+12                                                                    10.32 12.36   9.75 11.63  10.56 12.69
 304.887  0.635   -35.0  -35.1 gcf+12                                      
 305.199  0.005   -42.5  -42.8 gcf+12                                      
 305.200  0.019   -33.8  -33.1 gcf+12                                      
 305.202  0.208   -44.2  -44.0 gcf+12                                      
 305.208  0.206   -38.0  -38.3 gcf+12                                      
 305.248  0.245   -31.8  -32.1 gcf+12                                      
 305.362  0.150   -36.5  -36.5 gcf+12                         kfar (cmr+75)                               7.06  6.27   6.85  5.82   7.12  6.54
 305.366  0.184   -32.2  -33.7 gcf+12                         kfar (cmr+75)                               7.21  6.89   6.98  6.50   7.27  7.11
 305.475 -0.096   -40.8  -35.3 gcf+12                                      
 305.563  0.013   -37.0  -37.3 gcf+12                                      
 305.573 -0.342   -52.5  -51.0 gcf+12                                      
 305.615 -0.344   -31.2  -34.9 gcf+12                                      
 305.634  1.645   -56.0  -54.8 gcf+12                                      
 305.646  1.589   -57.5  -58.1 gcf+12                                      
 305.799 -0.245   -33.5  -39.3 gcf+12                         kfar (gm11)                                 7.16  6.89   6.93  6.51   7.22  7.10
 305.822 -0.115   -42.8  -42.2 gcf+12                                      
 305.887  0.017   -32.0  -34.2 gcf+12                         kfar (gm11)                                 7.21  7.11   6.98  6.72   7.27  7.31
 305.940 -0.164   -50.8  -50.9 gcf+12                                      
 306.322 -0.334   -23.0  -24.7 gcf+12                         knear(gm11)                                 7.52  1.92   7.27  2.07   7.60  1.74
 307.132 -0.476   -34.8  -34.0 gcf+12                                      
 307.133 -0.477   -38.0  -38.7 gcf+12                                      
 308.056 -0.396   -11.2  -11.8 gcf+12                                      
 308.075 -0.411    -7.5   -7.5 gcf+12                                      
 308.651 -0.507     2.0    3.2 gcf+12                                                                     8.60 10.78   8.24 10.27   8.74 10.99
 308.686  0.530   -49.0  -53.1 gcf+12                                      
 308.715 -0.216   -14.0  -12.5 gcf+12                                      
 308.754  0.549   -45.2  -45.3 gcf+12                         kfar (gm11)                                 6.73  6.47   6.54  6.12   6.77  6.68
 308.918  0.123   -54.2  -54.8 gcf+12                         knear(gm11)                                 6.61  5.34   6.46  5.21   6.48  4.03
 309.384 -0.135   -49.8  -49.6 gcf+12                         knear(gm11)                                 6.57  5.14   6.42  5.27   6.61  4.70
 309.901  0.231   -54.5  -54.6 gcf+12                                      
 309.921  0.479   -59.2  -59.7 gcf+12                         knear(gm11)                                 6.52  5.45   6.37  5.33   6.31  3.82
 310.144  0.760   -56.2  -55.7 gcf+12                                      
 310.180 -0.122     3.5    3.6 gcf+12                         kfar (gm11)                                 8.68 11.24   8.31 10.73   8.82 11.46
 311.230 -0.032    25.5   24.8 gcf+12                                                                    10.05 13.36   9.53 12.67  10.27 13.64
 311.551 -0.055   -56.2  -56.3 gcf+12                                      
 311.628  0.266   -57.5  -57.8 gcf+12                         knear(gm11)                                 6.35  5.65   6.20  5.51   6.32  4.97
 311.643 -0.380    33.8   32.6 gcf+12                         kout (gm11)                                10.70 14.26  10.09 13.48  10.97 14.59
 311.729 -0.735    28.5   30.9 gcf+12                                                                    10.28 13.75   9.73 13.03  10.53 14.06
 311.947  0.142   -43.0  -44.0 gcf+12                         kfar (cmr+75)                               6.73  7.99   6.54  7.72   6.77  8.10
 312.071  0.082   -30.0  -34.8 gcf+12                                      
 312.108  0.262   -51.5  -49.9 gcf+12                                      
 312.307  0.661   -12.2  -12.3 gcf+12                                      
 312.501 -0.084    23.0   21.8 gcf+12                                                                     9.90 13.41   9.40 12.74  10.12 13.69
 312.597  0.045   -59.8  -59.8 gcf+12                         knear(gm11)                                 6.26  5.75   6.11  5.62   6.22  5.10
 312.598  0.045   -66.2  -67.9 gcf+12                         knear(gm11)                                 6.26  5.75   6.11  5.62   6.04  4.13
 312.698  0.126    31.2   29.5 gcf+12                                                                    10.53 14.24   9.95 13.49  10.79 14.56
 312.702 -0.087   -57.2  -58.2 gcf+12                                      
 313.469  0.190    -9.2   -9.3 gcf+12                         kfar (gm11)                                 8.04 11.00   7.74 10.57   8.14 11.16
 313.577  0.325   -49.8  -47.8 gcf+12                         knear(gm11)                                 6.48  3.85   6.31  3.81   6.50  3.77
 313.705 -0.190   -44.2  -41.5 gcf+12                                      
 313.767 -0.863   -54.8  -56.3 gcf+12                                      
 313.774 -0.863   -43.2  -44.8 gcf+12                                      
 313.994 -0.084    -5.5   -4.9 gcf+12                                      
 314.221  0.273   -61.5  -61.6 gcf+12                                      
 314.320  0.112   -50.8  -43.5 gcf+12                         kfar (gm11)                                 6.43  8.02   6.26  7.79   6.45  8.09
 315.803 -0.575     8.3    8.2 gcf+12                                                                     8.99 12.85   8.59 12.30   9.15 13.06
 316.359 -0.362     5.0    3.4 gcf+12                         knear(gm11)                                 8.79 12.70   8.42 12.17   8.94 12.89
 316.381 -0.379    -2.2   -0.5 gcf+12                         knear(gm11)                                 8.38  0.17   8.05  0.35   8.50  0.00
 316.412 -0.308    -2.5   -5.6 gcf+12                         knear(gm11)                                 8.36  0.19   8.03  0.37   8.49  0.02
 316.484 -0.310   -13.5  -11.5 gcf+12                                      
 316.640 -0.087   -20.0  -20.4 gcf+12                                      
 316.811 -0.057   -43.0  -45.8 gcf+12                         knear(bph+06)                               6.61  3.06   6.44  3.02   6.65  2.99
 317.029  0.361   -48.8  -47.9 gcf+12                                      
 317.061  0.256   -44.0  -43.8 gcf+12                                      
 317.466 -0.402   -43.0  -37.7 gcf+12                         kfar (gm11)                                 6.59  9.50   6.42  9.24   6.63  9.56
 317.701  0.110   -44.0  -42.3 gcf+12                         knear(gm11)                                 6.55  3.09   6.38  3.05   6.58  3.03
 318.043 -1.404    45.5   46.3 gcf+12                         kout (gm11)                                12.30 17.24  11.48 16.23  12.69 17.67
 318.050  0.087   -52.5  -51.8 gcf+12                         knear(gm11)                                 6.26  3.69   6.12  3.60   6.28  3.64
 318.472 -0.214   -19.5  -19.1 gcf+12                                      
 318.948 -0.196   -35.0  -34.6 gcf+12                         kfar (gm11)                                 6.84 10.37   6.65 10.07   6.89 10.44
 319.163 -0.421   -17.5  -21.1 gcf+12                                      
 319.836 -0.197   -11.2   -9.2 gcf+12                         knear(gm11)                                 7.88  0.84   7.60  0.95   7.97  0.70
 320.123 -0.504   -10.5  -10.1 gcf+12                         knear(gm11)                                 7.91  0.79   7.63  0.90   8.01  0.65
 320.231 -0.284   -64.8  -62.5 gcf+12                         kfar (uhl12)                                5.82  8.61   5.70  8.46   5.82  8.61
 320.244 -0.562   -49.8  -49.7 gcf+12                                      
 320.285 -0.308   -69.0  -69.0 gcf+12                                      
 320.414  0.109   -13.8  -13.4 gcf+12                                      
 320.424  0.089    -7.0   -8.0 gcf+12                                      
 320.625  0.098    -7.2   -7.6 gcf+12                                      
 320.780  0.248    -7.5   -5.1 gcf+12                                      
 321.030 -0.485   -62.0  -66.5 gcf+12                                      
 321.033 -0.483   -61.5  -61.2 gcf+12                                      
 321.148 -0.529   -65.8  -66.1 gcf+12                         knear(gm11)                                 5.76  4.45   5.64  4.29   5.75  4.46
 321.704  1.168   -44.5  -44.3 gcf+12                                      
 322.158  0.636   -58.5  -64.0 gcf+12                         knear(cmr+75)                               5.93  3.89   5.81  3.76   5.93  3.88
 322.705 -0.331   -22.5  -21.6 gcf+12                                      
 323.459 -0.079   -67.2  -66.9 gcf+12                         knear(gm11)                                 5.62  4.39   5.51  4.22   5.61  4.41
 323.740 -0.263   -50.5  -50.5 gcf+12                         knear(gm11)                                 6.12  3.36   5.99  3.26   6.14  3.34
 323.766 -1.370    48.5   46.6 gcf+12                                                                    13.55 19.44  12.55 18.25  14.03 19.96
 323.793 -0.397   -24.0  -22.7 gcf+12                                      
 323.799  0.017   -57.8  -56.2 gcf+12                                      
 324.716  0.342   -48.0  -45.9 gcf+12                         kfar (gm11)                                 6.17 10.67   6.03 10.44   6.18 10.70
 324.789 -0.378    12.0   11.8 gcf+12                                                                     9.39 14.95   8.96 14.36   9.57 15.17
 324.915  0.158    -3.0   -2.3 gcf+12                                      
 324.923 -0.568   -78.5  -78.3 gcf+12                         knear(gm11)                                 5.24  5.05   5.16  4.82   5.22  5.11
 325.659 -0.022    29.5   29.4 gcf+12                                                                    11.15 17.09  10.51 16.26  11.45 17.41
 326.323 -0.393   -73.2  -69.4 gcf+12                                      
 326.448 -0.748   -65.2  -68.6 gcf+12                                      
 326.475  0.703   -44.0  -38.5 gcf+12                         kfar (gm11)                                 6.24 11.20   6.10 10.94   6.26 11.22
 326.476  0.695   -44.0  -43.6 gcf+12                                      
 326.608  0.799   -45.0  -45.2 gcf+12                         kfar (gm11)                                 6.20 11.16   6.06 10.91   6.21 11.18
 326.641  0.611   -39.8  -42.6 gcf+12                         knear(uhl12)                                6.40  2.73   6.24  2.67   6.42  2.70
 326.662  0.520   -40.5  -38.6 gcf+12                                      
 326.859 -0.677   -60.0  -58.1 gcf+12                         knear(gm11)                                 5.67  3.87   5.57  3.72   5.66  3.88
 326.986 -0.031   -58.8  -60.7 gcf+12                                      
 327.120  0.511   -87.5  -87.1 gcf+12                         knear(gm11)                                 4.91  5.47   4.84  5.19   4.87  5.58
 327.282 -0.469     0.0    0.0 gcf+12                                      
 327.291 -0.578   -42.5  -37.0 gcf+12                                      
 327.392  0.199   -83.0  -84.5 gcf+12                         knear(gm11)                                 5.00  5.16   4.93  4.91   4.97  5.24
 327.395  0.197   -89.0  -89.5 gcf+12                                      
 327.402  0.445   -78.2  -82.6 gcf+12                         knear(gm11)                                 5.12  4.87   5.05  4.65   5.09  4.93
 327.566 -0.850   -26.0  -29.0 gcf+12                                      
 327.590 -0.094   -86.0  -86.3 gcf+12                         kfar (gm11)                                 4.92  9.02   4.85  8.95   4.88  8.93
 327.618 -0.111   -96.8  -98.0 gcf+12                         kfar (gm11)                                 4.67  8.20   4.62  8.25   4.62  7.99
 327.710 -0.394   -76.0  -78.0 gcf+12                                      
 327.808 -0.634   -42.2  -42.3 gcf+12                                      
 327.863  0.098   -45.8  -46.3 gcf+12                                      
 327.945 -0.115   -51.2  -51.6 gcf+12                                      
 328.140 -0.432   -38.2  -39.2 gcf+12                                      
 328.164  0.587   -91.2  -91.9 gcf+12                                      
 328.237 -0.547   -39.2  -44.7 gcf+12                         kfar (gm11)                                 6.35 11.73   6.20 11.46   6.37 11.76
 328.254 -0.532   -43.5  -37.5 gcf+12                         knear(gm11)                                 6.18  2.97   6.04  2.88   6.19  2.95
 328.385  0.131    29.0   29.0 gcf+12                                                                    11.36 17.68  10.70 16.84  11.67 18.02
 328.808  0.633   -44.8  -44.0 gcf+12                         knear(gm11)                                 6.10  3.05   5.97  2.95   6.11  3.03
 328.809  0.633   -44.5  -44.4 gcf+12                         knear(gm11)                                 6.11  3.03   5.98  2.94   6.12  3.01
 328.819  1.704   -80.2  -86.2 gcf+12                                      
 328.940  0.558   -93.0  -98.8 gcf+12                                      
 328.942  0.565   -92.5  -90.9 gcf+12                                      
 329.029 -0.205   -37.5  -37.1 gcf+12                         kfar (gm11)                                 6.39 11.94   6.24 11.66   6.41 11.97
 329.031 -0.198   -45.0  -45.8 gcf+12                         kfar (gm11)                                 6.08 11.51   5.95 11.27   6.09 11.53
 329.066 -0.308   -44.5  -43.8 gcf+12                         kfar (gm11)                                 6.10 11.55   5.97 11.30   6.11 11.56
 329.183 -0.314   -55.0  -55.6 gcf+12                         knear(gm11)                                 5.71  3.60   5.61  3.47   5.71  3.61
 329.272  0.115   -71.8  -72.0 gcf+12                                      
 329.339  0.148  -106.5 -106.4 gcf+12                                      
 329.341 -0.644   -81.5  -81.4 gcf+12                                      
 329.405 -0.459   -68.2  -70.5 gcf+12                                      
 329.407 -0.459   -69.8  -66.8 gcf+12                                      
 329.469  0.503   -66.5  -72.0 gcf+12                         kfar (gm11)                                 5.33 10.44   5.25 10.27   5.31 10.41
 329.526  0.216   -93.0  -92.8 gcf+12                                      
 329.556  0.181  -107.0 -106.5 gcf+12                                      
 329.610  0.114   -63.8  -60.1 gcf+12                                      
 329.622  0.138   -84.5  -85.0 gcf+12                         kfar (gm11)                                 4.83  9.54   4.77  9.44   4.79  9.45
 329.719  1.164   -77.8  -75.8 gcf+12                                      
 330.070  1.064   -45.5  -41.3 gm11                                        
 330.226  0.290   -83.5  -75.4 gm11                           knear(gm11)                                 4.82  5.06   4.76  4.82   4.78  5.13
 330.283  0.493   -88.8  -88.6 gm11                           knear(gm11)                                 4.69  5.33   4.64  5.07   4.64  5.43
 330.875 -0.383   -64.5  -70.0 gm11                           knear(cmr+75)                               5.30  4.10   5.23  3.94   5.28  4.14
 330.878 -0.367   -59.0  -59.3 gm11                           knear(cmr+75)                               5.48  3.83   5.39  3.68   5.47  3.85
 330.953 -0.182   -88.8  -87.6 gm11                           knear(gm11)                                 4.64  5.31   4.59  5.05   4.60  5.40
 330.998  0.093   -29.3  -28.6 gm11                           kfar (gm11)                                 6.67 12.68   6.50 12.37   6.70 12.72
 331.059  0.375   -76.8  -82.0 gm11                           knear(gm11)                                 4.94  4.71   4.88  4.50   4.90  4.77
 331.120 -0.118   -92.8  -93.2 gm11                           kfar (gm11)                                 4.54  9.38   4.49  9.30   4.49  9.26
 331.132 -0.244   -86.5  -84.3 gm11                                        
 331.134  0.156   -78.0  -72.2 gm11                           knear(gm11)                                 4.90  4.76   4.84  4.55   4.87  4.83
 331.278 -0.188   -82.3  -78.1 gm11                           knear(bph+06)                               4.78  4.97   4.73  4.74   4.74  5.05
 331.342 -0.346   -70.0  -65.1 gm11                           knear(cmr+75)                               5.11  4.38   5.04  4.19   5.08  4.42
 331.425  0.264   -84.5  -88.8 gm11                           kfar (gm11)                                 4.71  9.85   4.66  9.74   4.67  9.77
 331.437 -0.304   -88.0  -89.8 gm11                                        
 331.442 -0.187   -88.5  -86.2 gm11                           kfar (gm11)                                 4.62  9.66   4.57  9.56   4.57  9.56
 331.542 -0.066   -89.5  -85.8 gm11                           knear(cmr+75)                               4.59  5.32   4.54  5.07   4.54  5.42
 331.543 -0.066   -82.0  -84.5 gm11                           knear(cmr+75)                               4.77  4.95   4.72  4.73   4.73  5.03
 331.556 -0.121   -99.5  -97.1 gm11                                        
 331.710  0.603   -72.3  -73.3 gm11                           knear(gm11)                                 5.02  4.49   4.96  4.30   4.99  4.54
 331.900 -1.186   -52.3  -46.3 gm11                           kfar (gm11)                                 5.65 11.48   5.55 11.26   5.64 11.47
 332.094 -0.421   -60.3  -58.5 gm11                           knear(bph+06)                               5.36  3.92   5.28  3.76   5.34  3.95
 332.295 -0.094   -51.0  -47.1 gm11                           knear(gm11)                                 5.67  3.46   5.57  3.33   5.67  3.47
 332.296 -0.094   -46.5  -46.5 gm11                           knear(gm11)                                 5.84  3.22   5.73  3.11   5.84  3.22
 332.351 -0.436   -48.8  -53.2 gm11                           knear(gm11)                                 5.75  3.34   5.65  3.22   5.75  3.35
 332.352 -0.117   -48.8  -44.6 gm11                           knear(gm11)                                 5.75  3.34   5.65  3.22   5.75  3.35
 332.364  0.607   -48.3  -48.3 gm11                           kfar (gm11)                                 5.77 11.74   5.66 11.51   5.77 11.74
 332.560 -0.148   -51.2  -54.8 gm11                           knear(gm11)                                 5.65  3.47   5.55  3.34   5.64  3.49
 332.583  0.147   -45.0  -40.2 gm11                           kfar (gm11)                                 5.89 11.94   5.77 11.70   5.89 11.94
 332.604 -0.168   -46.5  -49.0 gm11                           knear(gm11)                                 5.82  3.23   5.72  3.11   5.82  3.23
 332.653 -0.621   -48.0  -50.6 gm11                           knear(bph+06)                               5.76  3.31   5.66  3.19   5.76  3.32
 332.701 -0.588   -62.5  -62.8 gm11                           kfar (gm11)                                 5.25 11.07   5.17 10.88   5.23 11.03
 332.726 -0.621   -50.8  -47.1 gm11                           knear(gm11)                                 5.65  3.46   5.56  3.33   5.64  3.47
 332.813 -0.701   -55.0  -53.1 gm11                           kfar (gm11)                                 5.49 11.45   5.41 11.24   5.48 11.43
 332.826 -0.549   -58.8  -61.7 gm11                                        
 332.854  0.817   -47.0  -45.3 gm11                           kfar (gm11)                                 5.79 11.86   5.68 11.62   5.79 11.86
 332.942 -0.686   -54.0  -52.0 gm11                           knear(gm11)                                 5.52  3.63   5.43  3.49   5.51  3.65
 332.960  0.135   -54.5  -54.3 gm11                           knear(gm11)                                 5.50  3.65   5.41  3.51   5.49  3.67
 332.963 -0.679   -46.0  -45.9 gm11                           knear(gm11)                                 5.82  3.22   5.72  3.10   5.82  3.22
 332.975  0.773   -49.3  -43.2 gm11                           kfar (bph+06)                               5.69 11.75   5.59 11.52   5.69 11.75
 332.987 -0.487   -61.0  -55.7 gm11                           knear(gm11)                                 5.28  3.97   5.20  3.81   5.26  4.01
 333.029 -0.015   -57.5  -54.2 gm11                           knear(gm11)                                 5.39  3.80   5.31  3.65   5.37  3.83
 333.029 -0.063   -40.0  -40.3 gm11                           knear(gm11)                                 6.07  2.89   5.95  2.80   6.08  2.88
 333.068 -0.447   -55.3  -54.6 gm11                                        
 333.109 -0.500   -60.8  -60.9 gm11                                        
 333.121 -0.434   -49.5  -48.5 gm11                                        
 333.126 -0.440   -43.8  -42.6 gm11                                        
 333.128 -0.440   -45.5  -45.9 gm11                                        
 333.135 -0.431   -52.5  -52.5 gm11                                        
 333.128 -0.560   -56.5  -52.7 gm11                           knear(gm11)                                 5.42  3.76   5.34  3.61   5.40  3.78
 333.130 -0.560   -60.0  -56.7 gm11                           knear(gm11)                                 5.30  3.93   5.22  3.77   5.28  3.96
 333.163 -0.101   -93.5  -95.2 gm11                           knear(gm11)                                 4.38  5.48   4.34  5.21   4.33  5.58
 333.184 -0.091   -86.0  -81.9 gm11                           knear(gm11)                                 4.55  5.13   4.51  4.89   4.51  5.22
 333.234 -0.060   -86.5  -85.3 gm11                           knear(gm11)                                 4.54  5.15   4.50  4.91   4.49  5.24
 333.234 -0.062   -86.3  -90.2 gm11                           knear(gm11)                                 4.54  5.14   4.50  4.90   4.50  5.23
 333.315  0.105   -43.8  -43.8 gm11                           kfar (gm11)                                 5.89 12.08   5.78 11.83   5.89 12.08
 333.387  0.032   -65.0  -73.8 gm11                           kfar (gm11)                                 5.12 11.03   5.05 10.84   5.09 10.98
 333.466 -0.164   -43.0  -42.3 gm11                                        
 333.562 -0.025   -39.0  -35.2 gm11                           kfar (gm11)                                 6.08 12.37   5.96 12.10   6.09 12.38
 333.646  0.058   -85.0  -87.4 gm11                           kfar (gm11)                                 4.54 10.15   4.50 10.03   4.50 10.07
 333.683 -0.437    -4.0   -5.6 gm11                                        
 333.761 -0.226   -54.0  -55.0 gm11                                        
 333.851  0.527   -45.0  -40.4 gm11                           kfar (gm11)                                 5.81 12.07   5.70 11.82   5.80 12.06
 333.900 -0.099   -58.0  -56.8 gm11                           kfar (gm11)                                 5.31 11.41   5.24 11.21   5.29 11.38
 333.931 -0.135   -37.0  -36.9 gm11                                        
 334.138 -0.023   -32.5  -31.2 gm11                           kfar (gm11)                                 6.35 12.80   6.21 12.51   6.37 12.83
 334.307 -0.079   -36.0  -36.8 gm11                                        
 334.635 -0.015   -29.0  -30.1 gm11                           knear(gm11)                                 6.50  2.30   6.35  2.24   6.53  2.26
 334.933 -0.307  -106.0 -102.8 gm11                           kfar (gm11)                                 3.98  9.39   3.96  9.34   3.92  9.24
 334.935 -0.098   -20.0  -19.6 gm11                                        
 335.060 -0.427   -36.5  -31.1 gm11                           knear(gm11)                                 6.10  2.77   5.98  2.68   6.11  2.76
 335.426 -0.240   -42.0  -50.6 gm11                           knear(gm11)                                 5.83  3.10   5.72  2.98   5.83  3.10
 335.556 -0.307  -114.5 -116.0 gm11                           kfar (gm11)                                 3.76  9.08   3.75  9.07   3.70  8.88
 335.585 -0.285   -47.0  -48.8 gm11                           knear(gm11)                                 5.60  3.37   5.51  3.24   5.59  3.39
 335.585 -0.289   -53.0  -51.4 gm11                           knear(gm11)                                 5.37  3.68   5.29  3.53   5.35  3.70
 335.585 -0.290   -46.5  -47.3 gm11                           knear(gm11)                                 5.62  3.35   5.53  3.22   5.62  3.36
 335.726  0.191   -49.3  -44.4 gm11                           kfar (gm11)                                 5.50 12.00   5.42 11.77   5.49 11.98
 335.789  0.174   -52.0  -47.4 gm11                           knear(gm11)                                 5.39  3.64   5.31  3.49   5.37  3.66
 335.824 -0.177   -26.0  -26.1 gm11                           kfar (gm11)                                 6.60 13.36   6.44 13.05   6.63 13.40
 336.018 -0.827   -47.3  -53.3 gm11                           kfar (gm11)                                 5.56 12.12   5.47 11.89   5.55 12.11
 336.358 -0.137   -77.0  -73.5 gm11                           kfar (gm11)                                 4.54 10.78   4.50 10.63   4.49 10.71
 336.409 -0.257   -85.5  -86.2 gm11                                        
 336.433 -0.262   -90.5  -93.0 gm11                                        
 336.464 -0.157   -82.0  -85.9 gm11                                        
 336.496 -0.271   -23.0  -24.0 gm11                           knear(gm11)                                 6.73  1.98   6.57  1.93   6.77  1.93
 336.526 -0.156   -95.0  -94.8 gm11                                        
 336.703 -0.099   -35.5  -35.7 gm11                           knear(gm11)                                 6.04  2.79   5.92  2.69   6.05  2.78
 336.809  0.119   -83.0  -81.7 gm11                           kfar (gm11)                                 4.34 10.58   4.31 10.44   4.29 10.49
 336.822  0.028   -77.3  -76.8 gm11                                        
 336.825  0.139   -88.3  -88.6 gm11                           kfar (gm11)                                 4.21 10.37   4.18 10.24   4.15 10.27
 336.830 -0.375   -22.3  -22.8 gm11                           knear(gm11)                                 6.76  1.94   6.60  1.90   6.80  1.89
 336.864  0.005   -78.3  -76.0 gm11                           kfar (uhl12)                                4.46 10.77   4.43 10.62   4.41 10.70
 336.881  0.008   -68.0  -68.1 gm11                           kfar (uhl12)                                4.76 11.21   4.71 11.03   4.72 11.15
 336.916 -0.024  -121.0 -127.3 gm11                           knear(gm11)                                 3.54  6.63   3.53  6.26   3.47  6.87
 336.941 -0.156   -71.5  -67.2 gm11                                        
 336.957 -0.225   -67.0  -68.1 gm11                           kfar (gm11)                                 4.78 11.25   4.73 11.08   4.74 11.20
 336.958 -0.977   -49.3  -49.4 gm11                           kfar (gm11)                                 5.40 12.08   5.33 11.86   5.39 12.06
 336.983 -0.183   -82.5  -80.7 gm11                                        
 336.994 -0.027  -122.0 -125.8 gm11                                        
 337.052 -0.226   -77.0  -77.6 gm11                           kfar (cmr+75)                               4.48 10.84   4.44 10.69   4.43 10.77
 337.097 -0.929   -40.2  -40.5 gm11                           kfar (gm11)                                 5.78 12.58   5.68 12.32   5.78 12.57
 337.132 -0.068   -62.5  -60.5 gm11                           knear(gm11)                                 4.91  4.20   4.86  4.02   4.88  4.25
 337.153 -0.395   -49.8  -49.4 gm11                           knear(gm11)                                 5.37  3.60   5.29  3.45   5.35  3.62
 337.176 -0.032   -68.8  -64.7 gm11                           knear(gm11)                                 4.71  4.48   4.66  4.28   4.66  4.53
 337.201  0.114   -58.5  -57.2 gm11                           kfar (gm11)                                 5.04 11.65   4.98 11.46   5.01 11.61
 337.202 -0.094   -74.8  -71.7 gm11                           kfar (gm11)                                 4.53 10.94   4.49 10.79   4.48 10.87
 337.258 -0.101   -70.5  -69.4 gm11                           kfar (gm11)                                 4.65 11.13   4.61 10.96   4.60 11.06
 337.263 -0.070   -40.0  -40.1 gm11                           knear(gm11)                                 5.78  3.08   5.68  2.97   5.78  3.09
 337.300 -0.874   -92.8  -88.4 gm11                           kfar (gm11)                                 4.06 10.24   4.04 10.12   4.00 10.13
 337.388 -0.210   -59.8  -56.3 gm11                           knear(gm11)                                 4.98  4.09   4.92  3.91   4.95  4.13
 337.404 -0.402   -40.3  -39.5 gm11                           knear(gm11)                                 5.76  3.11   5.66  2.99   5.75  3.11
 337.517 -0.348     9.5    9.6 gm11                                                                       9.58 16.87   9.17 16.27   9.78 17.07
 337.613 -0.060   -46.0  -41.6 gm11                           knear(gm11)                                 5.49  3.43   5.41  3.29   5.47  3.45
 337.632 -0.079   -59.0  -56.9 gm11                           knear(gm11)                                 4.99  4.07   4.93  3.89   4.95  4.11
 337.686  0.137   -74.5  -74.9 gm11                           kfar (gm11)                                 4.49 10.99   4.46 10.83   4.45 10.92
 337.703 -0.053   -47.5  -44.1 gm11                           kfar (bph+06)                               5.42 12.22   5.34 11.99   5.40 12.20
 337.705 -0.053   -53.5  -54.6 gm11                           kfar (bph+06)                               5.18 11.92   5.11 11.71   5.15 11.89
 337.710  0.089   -75.5  -72.6 gm11                           knear(gm11)                                 4.46  4.78   4.43  4.57   4.41  4.85
 337.720  0.065   -65.3  -63.9 gm11                           knear(gm11)                                 4.77  4.35   4.72  4.16   4.73  4.41
 337.844 -0.375   -40.0  -38.6 gm11                           kfar (gm11)                                 5.73 12.63   5.64 12.38   5.73 12.62
 337.920 -0.456   -38.5  -37.9 gm11                           knear(cmr+75)                               5.80  3.04   5.70  2.92   5.80  3.04
 337.966 -0.169   -58.5  -59.5 gm11                           knear(gm11)                                 4.97  4.06   4.92  3.89   4.94  4.10
 337.997  0.136   -33.5  -32.0 gm11                           kfar (gm11)                                 6.04 13.02   5.93 12.75   6.05 13.03
 338.069  0.011   -39.5  -39.3 gm11                                        
 338.075  0.012   -49.0  -43.9 gm11                                        
 338.075  0.009   -36.3  -41.6 gm11                                        
 338.140  0.178   -38.3  -34.4 gm11                           kfar (gm11)                                 5.79 12.74   5.69 12.49   5.79 12.74
 338.160 -0.064   -65.7  -66.1 gm11                           kfar (gm11)                                 4.72 11.39   4.67 11.21   4.67 11.33
 338.280  0.542   -59.5  -56.7 gm11                           knear(gm11)                                 4.91  4.13   4.86  3.95   4.88  4.17
 338.287  0.120   -41.3  -40.0 gm11                           knear(gm11)                                 5.64  3.22   5.55  3.09   5.63  3.23
 338.325 -0.409   -27.0  -26.7 gm11                           knear(gm11)                                 6.38  2.34   6.25  2.27   6.40  2.32
 338.388  0.162   -31.8  -32.8 gm11                           kfar (uhl12)                                6.10 13.14   5.99 12.87   6.12 13.16
 338.392 -0.403   -33.5  -33.6 gm11                           kfar (gm11)                                 6.01 13.04   5.90 12.77   6.02 13.05
 338.396 -0.007   -50.0  -48.8 gm11                           kfar (gm11)                                 5.26 12.13   5.19 11.91   5.23 12.10
 338.432  0.058   -28.8  -30.2 gm11                                        
 338.461 -0.245   -56.0  -51.8 gm11                           knear(gm11)                                 5.02  3.97   4.96  3.80   4.99  4.01
 338.472  0.289   -32.0  -29.3 gm11                           knear(gm11)                                 6.09  2.68   5.97  2.58   6.10  2.67
 338.497  0.207   -29.5  -28.1 gm11                           knear(gm11)                                 6.22  2.52   6.10  2.43   6.24  2.50
 338.561  0.218   -36.3  -39.2 gm11                           kfar (gm11)                                 5.86 12.88   5.76 12.62   5.86 12.88
 338.566  0.110   -77.0  -78.1 gm11                           knear(bph+06)                               4.34  4.88   4.31  4.66   4.29  4.95
 338.850  0.409   -56.7  -55.7 gm11                           kfar (gm11)                                 4.96 11.82   4.90 11.62   4.93 11.78
 338.875 -0.084   -38.8  -41.4 gm11                           knear(gm11)                                 5.71  3.11   5.62  2.99   5.70  3.12
 338.902  0.394   -27.5  -26.2 gm11                           knear(gm11)                                 6.31  2.41   6.18  2.33   6.33  2.39
 338.920  0.550   -63.5  -61.3 gm11                           knear(cmr+75)                               4.72  4.34   4.67  4.15   4.67  4.39
 338.925  0.557   -62.5  -65.6 gm11                           knear(cmr+75)                               4.75  4.30   4.70  4.11   4.71  4.35
 338.925  0.634   -57.0  -60.9 gm11                           knear(cmr+75)                               4.94  4.05   4.89  3.87   4.91  4.09
 338.926  0.634   -64.0  -64.5 gm11                           knear(cmr+75)                               4.70  4.36   4.66  4.17   4.66  4.42
 338.935 -0.062   -42.3  -41.9 gm11                           knear(gm11)                                 5.54  3.31   5.46  3.18   5.53  3.33
 339.053 -0.315  -117.3 -111.7 gm11                           kfar (gm11)                                 3.41  9.49   3.41  9.44   3.34  9.32
 339.064  0.152   -87.0  -85.6 gm11                           kfar (gm11)                                 4.03 10.59   4.02 10.46   3.97 10.50
 339.204 -0.018   -14.0  -14.2 gm11                           knear(gm11)                                 7.21  1.40   7.02  1.39   7.27  1.33
 339.282  0.136   -70.5  -70.1 gm11                           knear(gm11)                                 4.46  4.66   4.43  4.45   4.41  4.72
 339.294  0.139   -71.0  -74.6 gm11                           knear(gm11)                                 4.44  4.68   4.41  4.47   4.39  4.74
 339.476  0.185   -92.2  -87.3 gm11                           kfar (gm11)                                 3.87 10.43   3.86 10.31   3.81 10.33
 339.477  0.043   -13.3   -9.7 gm11                           kfar (gm11)                                 7.25 14.57   7.06 14.20   7.31 14.64
 339.582 -0.127   -34.3  -30.4 gm11                           knear(gm11)                                 5.87  2.89   5.77  2.78   5.88  2.89
 339.622 -0.121   -35.5  -35.7 gm11                           knear(gm11)                                 5.81  2.97   5.71  2.85   5.81  2.97
 339.681 -1.208   -30.8  -21.4 gm11                           kfar (gm11)                                 6.06 13.26   5.95 12.99   6.07 13.27
 339.682 -1.207   -34.0  -34.4 gm11                           kfar (gm11)                                 5.88 13.06   5.78 12.80   5.88 13.06
 339.762  0.054   -51.8  -51.0 gm11                           kfar (gm11)                                 5.06 12.09   5.00 11.88   5.03 12.05
 339.884 -1.259   -34.3  -38.7 gm11                           knear(gm11)                                 5.85  2.92   5.75  2.80   5.85  2.92
 339.909  0.240   -12.3  -12.3 gm11                           kfar (gm11)                                 7.31 14.68   7.12 14.31   7.38 14.76
 339.949 -0.539   -99.0  -97.8 gm11                           knear(gm11)                                 3.68  5.74   3.67  5.48   3.61  5.86
 339.980 -0.538   -89.5  -89.2 gm11                           kfar (gm11)                                 3.88 10.56   3.87 10.43   3.82 10.46
 339.986 -0.425   -88.8  -89.4 gm11                           kfar (gm11)                                 3.90 10.58   3.89 10.45   3.84 10.49
 340.034 -1.110   -26.8  -27.6 gm11                           knear(gm11)                                 6.27  2.44   6.14  2.35   6.28  2.42
 340.054 -0.244   -54.5  -59.7 gm11                                        
 340.118 -0.021  -121.0 -123.3 gm11                           kfar (gm11)                                 3.25  9.47   3.25  9.42   3.17  9.30
 340.182 -0.047  -125.0 -131.2 gm11                           kfar (gm11)                                 3.18  9.33   3.18  9.30   3.10  9.14
 340.249 -0.046  -128.3 -126.3 gm11                           kfar (gm11)                                 3.12  9.21   3.13  9.19   3.04  8.99
 340.249 -0.372   -50.8  -51.5 gm11                           kfar (gm11)                                 5.05 12.15   4.99 11.94   5.02 12.12
 340.518 -0.152   -47.0  -48.2 gm11                           knear(gm11)                                 5.18  3.68   5.12  3.52   5.16  3.71
 340.543 -0.162   -50.8  -51.7 gm11                           knear(gm11)                                 5.02  3.87   4.97  3.70   4.99  3.91
 340.655 -0.235   -21.5  -21.6 gm11                           kfar (gm11)                                 6.56 13.95   6.42 13.64   6.59 13.98
 340.785 -0.096   -98.3 -105.1 gm11                           kfar (gm11)                                 3.61 10.30   3.60 10.19   3.54 10.19
 340.970 -1.022   -27.0  -31.3 gm11                           knear(cmr+75)                               6.18  2.52   6.06  2.42   6.19  2.50
 341.124 -0.361   -40.0  -37.2 gm11                           knear(gm11)                                 5.44  3.35   5.37  3.20   5.43  3.37
 341.218 -0.212   -42.5  -37.9 gm11                           knear(gm11)                                 5.31  3.49   5.25  3.34   5.29  3.52
 341.238 -0.270   -49.3  -51.4 gm11                           knear(gm11)                                 5.01  3.85   4.96  3.68   4.98  3.89
 341.276  0.062   -71.5  -70.5 gm11                           kfar (gm11)                                 4.22 11.27   4.20 11.11   4.17 11.20
 341.367  0.336   -80.0  -80.5 gm11                           kfar (gm11)                                 3.98 10.96   3.96 10.81   3.91 10.87
 341.973  0.233   -11.5  -11.5 gm11                           knear(gm11)                                 7.27  1.30   7.09  1.29   7.34  1.23
 341.990 -0.103   -39.2  -37.0 gm11                           knear(gm11)                                 5.39  3.37   5.32  3.23   5.37  3.39
 342.251  0.308  -123.0 -122.7 gm11                           kfar (gm11)                                 3.00  9.61   3.01  9.54   2.92  9.44
 342.338  0.305  -111.0 -110.2 gm11                           kfar (gm11)                                 3.19  9.98   3.20  9.88   3.11  9.85
 342.368  0.140    -7.3   -5.6 gm11                           knear(gm11)                                 7.66  0.89   7.45  0.90   7.75  0.80
 342.446 -0.072   -23.3  -30.0 gm11                           knear(gm11)                                 6.29  2.36   6.17  2.27   6.31  2.34
 342.484  0.183   -41.5  -41.9 gm11                           kfar (gm11)                                 5.23 12.66   5.17 12.44   5.20 12.63
 342.954 -0.019    -8.0   -4.1 gm11                           knear(gm11)                                 7.56  0.99   7.36  0.99   7.64  0.90
 343.354 -0.067  -125.0 -117.7 gm11                           kfar (gm11)                                 2.85  9.62   2.86  9.55   2.77  9.46
 343.502 -0.472   -37.5  -42.0 gm11                           knear(gm11)                                 5.31  3.42   5.25  3.27   5.29  3.44
 343.756 -0.163   -28.3  -30.8 gm11                           knear(gm11)                                 5.82  2.85   5.74  2.72   5.82  2.85
 343.929  0.125    13.3   14.5 gm11                           kout (gm11)                                10.87 18.79  10.36 18.08  11.15 19.07
 344.227 -0.569   -21.8  -19.8 gm11                           knear(gm11)                                 6.23  2.39   6.12  2.30   6.25  2.38
 344.419  0.044   -64.3  -63.2 gm11                           knear(uhl12)                                4.07  4.82   4.06  4.60   4.01  4.89
 344.421  0.045   -71.3  -71.5 gm11                           knear(uhl12)                                3.85  5.09   3.85  4.86   3.79  5.17
 344.581 -0.024    -1.3    1.6 gm11                           knear(gm11)                                 8.32  0.19   8.06  0.25   8.44  0.07
 345.003 -0.223   -22.6  -23.1 gm11                           knear(gm11)                                 6.08  2.54   5.99  2.43   6.09  2.53
 345.003 -0.224   -29.0  -26.2 gm11                           knear(gm11)                                 5.63  3.03   5.56  2.89   5.62  3.04
 345.010  1.792   -20.0  -22.6 gm11                           knear(gm11)                                 6.29  2.32   6.18  2.22   6.31  2.30
 345.012  1.797   -13.0  -12.2 gm11                           knear(gm11)                                 6.92  1.65   6.77  1.59   6.97  1.60
 345.131 -0.174   -29.5  -28.9 gm11                           knear(gm11)                                 5.58  3.08   5.51  2.94   5.57  3.09
 345.198 -0.030    -1.5   -0.6 gm11                           f3kpc(gm11)                                 3.30 10.70   3.40 10.68   3.30 10.70
 345.205  0.317   -62.0  -60.5 gm11                           kfar (gm11)                                 4.04 11.63   4.03 11.45   3.98 11.55
 345.407 -0.952   -14.8  -14.3 gm11     3.38   0.33   wxm+12  knear(cmr+75),RCW121,122(gm11)              5.30  3.38   5.10  3.38   5.30  3.38
 345.424 -0.951   -13.0  -13.2 gm11     3.38   0.33   wxm+12  knear(cmr+75),RCW121,122(gm11)              5.30  3.38   5.10  3.38   5.30  3.38
 345.441  0.205    -5.5    0.9 gm11                           f3kpc(gm11)                                 3.30 10.74   3.40 10.72   3.30 10.74
 345.487  0.314   -22.8  -22.6 gm11                           knear(gm11)                                 6.01  2.61   5.92  2.49   6.02  2.60
 345.505  0.348   -16.8  -17.8 gm11                           f3kpc(gm11)                                 3.30 10.75   3.40 10.73   3.30 10.75
 345.498  1.467   -14.1  -13.8 gm11                           knear(bph+06)                               6.77  1.80   6.63  1.74   6.81  1.76
 345.576 -0.225  -124.6 -126.8 gm11                           n3kpc(gm11)                                 3.30  5.70   3.40  5.34   3.30  5.70
 345.807 -0.044    -1.8   -2.0 gm11                           f3kpc(gm11)                                 3.30 10.80   3.40 10.77   3.30 10.80
 345.824  0.044   -10.5  -10.3 gm11                           f3kpc(gm11)                                 3.30 10.80   3.40 10.77   3.30 10.80
 345.949 -0.268   -21.9  -21.9 gm11                           kfar (gm11)                                 6.03 13.91   5.94 13.64   6.04 13.92
 345.985 -0.020   -83.6  -84.1 gm11                           kfar (gm11)                                 3.31 10.84   3.32 10.69   3.23 10.74
 346.036  0.048    -9.2   -6.4 gm11                           f3kpc(gm11)                                 3.30 10.83   3.40 10.80   3.30 10.83
 346.231  0.119   -94.6  -95.0 gm11                           kfar (gm11)                                 3.03 10.51   3.04 10.38   2.95 10.40
 346.480  0.221   -17.5  -18.9 gm11                           kfar (gm11)                                 6.34 14.29   6.24 14.00   6.36 14.31
 346.481  0.132    -8.3   -5.6 gm11                           f3kpc(gm11)                                 3.30 10.90   3.40 10.86   3.30 10.90
 346.517  0.117    -1.0   -1.7 gm11                           f3kpc(gm11)                                 3.30 10.90   3.40 10.87   3.30 10.90
 346.522  0.085     5.4    5.7 gm11                           f3kpc(gm11)                                 3.30 10.91   3.40 10.87   3.30 10.91
 347.230  0.016   -69.0  -68.9 gm11                           kfar (gm11)                                 3.51 11.26   3.52 11.10   3.44 11.17
 347.583  0.213   -99.9 -102.5 gm11                           n3kpc(gm11)                                 3.30  5.55   3.40  5.21   3.30  5.55
 347.628  0.149   -96.9  -96.5 gm11                           n3kpc(gm11)                                 3.30  5.55   3.40  5.21   3.30  5.55
 347.631  0.211   -91.5  -91.9 gm11                           knear(gm11)                                 2.89  6.06   2.91  5.81   2.81  6.17
 347.817  0.018   -24.4  -24.0 gm11                           kfar (gm11)                                 5.57 13.58   5.51 13.34   5.56 13.57
 347.863  0.019   -32.9  -34.8 gm11                           kfar (gm11)                                 4.97 12.94   4.93 12.73   4.93 12.91
 347.902  0.052   -29.2  -27.5 gm11                                        
 348.027  0.106  -118.6 -121.3 gm11                           n3kpc(gm11)                                 3.30  5.53   3.40  5.19   3.30  5.53
 348.195  0.768    -1.5   -0.8 gm11                           knear(gm11)                                 8.23  0.28   8.01  0.29   8.34  0.16
 348.550 -0.979   -13.0  -10.6 gm11     3.38   0.33   wxm+12               ,RCW121,122(gm11)              5.23  3.38   5.03  3.38   5.23  3.38
 348.550 -0.979   -18.5  -20.0 gm11     3.38   0.33   wxm+12               ,RCW121,122(gm11)              5.23  3.38   5.03  3.38   5.23  3.38
 348.579 -0.920   -15.0  -15.0 gm11     3.38   0.33   wxm+12               ,RCW121,122(gm11)              5.23  3.38   5.03  3.38   5.23  3.38
 348.617 -1.162   -15.0  -11.4 gm11     3.38   0.33   wxm+12               ,RCW121,122(gm11)              5.23  3.38   5.03  3.38   5.23  3.38
 348.654  0.244    17.0   16.9 gm11                           f3kpc(gm11)                                 3.30 11.18   3.40 11.12   3.30 11.18
 348.703 -1.043   -10.0   -3.5 gm11     3.38   0.33   wxm+12               ,RCW121,122(gm11)              5.23  3.38   5.03  3.38   5.23  3.38
 348.723 -0.078    10.5   11.5 gm11                           f3kpc(gm11)                                 3.30 11.19   3.40 11.13   3.30 11.19
 348.727 -1.037    -9.0   -7.4 gm11     3.38   0.33   wxm+12  knear(bph+06),RCW121,122(gm11)              5.23  3.38   5.03  3.38   5.23  3.38
 348.884  0.096   -76.0  -74.5 gm11                           kfar (gm11)                                 3.04 10.91   3.06 10.76   2.96 10.81
 348.892 -0.180     1.5    1.5 gm11                           f3kpc(gm11)                                 3.30 11.21   3.40 11.14   3.30 11.21
 349.067 -0.017    11.0   11.6 gm11                           f3kpc(gm11)                                 3.30 11.23   3.40 11.16   3.30 11.23
 349.092  0.105   -76.0  -76.5 gm11                           kfar (bph+06)                               3.01 10.89   3.03 10.74   2.93 10.79
 349.092  0.106   -80.5  -81.5 gm11                                        
 349.151  0.021    19.6   14.6 gm11                           f3kpc(gm11)                                 3.30 11.23   3.40 11.17   3.30 11.23
 349.579 -0.679   -25.0  -25.0 gm11                           kfar (gm11)                                 5.22 13.35   5.19 13.13   5.20 13.32
 349.799  0.108   -61.5  -62.4 gm11                                        
 349.884  0.231    15.5   16.2 gm11                           f3kpc(gm11)                                 3.30 11.31   3.40 11.24   3.30 11.31
 350.011 -1.342   -26.5  -25.8 gm11                                        
 350.015  0.433   -33.0  -30.4 gm11                           kfar (gm11)                                 4.56 12.68   4.55 12.49   4.51 12.64
 350.104  0.084   -68.3  -68.1 gm11                                        
 350.105  0.083   -68.5  -74.1 gm11                                        
 350.116  0.084   -68.0  -68.0 gm11                           f3kpc(gm11)                                 3.30 11.33   3.40 11.26   3.30 11.33
 350.116  0.220     4.0    4.2 gm11                           knear(gm11)                                 9.51 17.77   9.22 17.29   9.70 17.96
 350.189  0.003   -63.5  -62.4 gm11                                        
 350.299  0.122   -65.5  -62.2 gm11                           kfar (gm11)                                 3.07 11.10   3.09 10.94   2.99 11.01
 350.340  0.141   -58.8  -58.4 gm11                           kfar (gm11)                                 3.28 11.33   3.30 11.17   3.20 11.25
 350.344  0.116   -60.5  -65.4 gm11                           kfar (gm11)                                 3.22 11.27   3.24 11.11   3.14 11.18
 350.356 -0.068   -67.3  -67.6 gm11                           kfar (gm11)                                 3.01 11.03   3.03 10.87   2.93 10.94
 350.470  0.029    -8.3   -6.3 gm11                           knear(gm11)                                 6.92  1.60   6.82  1.50   6.97  1.56
 350.520 -0.350   -23.5  -24.6 gm11                           knear(gm11)                                 5.16  3.42   5.13  3.24   5.13  3.45
 350.686 -0.491   -14.0  -13.8 gm11                           knear(gm11)                                 6.10  2.44   6.04  2.30   6.11  2.43
 350.776  0.138    36.8   38.7 gm11                           f3kpc(gm11)                                 3.30 11.40   3.40 11.32   3.30 11.40
 351.161  0.697    -4.5   -5.2 gm11     1.35   0.15   wsr+14                                              7.17  1.35   6.97  1.35   7.17  1.35
 351.242  0.670     2.5    2.4 gm11     1.35   0.15   wsr+14                                              7.17  1.35   6.97  1.35   7.17  1.35
 351.251  0.652    -6.8   -7.1 gm11     1.35   0.15   wsr+14                                              7.17  1.35   6.97  1.35   7.17  1.35
 351.382 -0.181   -63.5  -59.8 gm11                           knear(gm11)                                 2.90  5.79   2.93  5.55   2.82  5.88
 351.417  0.645    -9.0  -10.4 gm11                                        
 351.417  0.646    -9.5  -11.2 gm11                                        
 351.445  0.660    -6.5   -7.1 gm11                                        
 351.581 -0.353   -94.0  -94.2 gm11                           n3kpc(gm11)                                 3.30  5.35   3.40  5.04   3.30  5.35
 351.611  0.172   -38.9  -43.7 gm11                                        
 351.688  0.171   -41.3  -36.1 gm11                           kfar (gm11)                                 3.70 11.90   3.72 11.73   3.63 11.83
 351.775 -0.536    -3.0    1.3 gm11                           knear(gm11)                                 7.76  0.75   7.64  0.67   7.85  0.66
 352.083  0.167   -65.9  -66.0 gm11                           kfar (gm11)                                 2.68 10.83   2.71 10.67   2.59 10.73
 352.111  0.176   -55.5  -54.8 gm11                           knear(gm11)                                 3.00  5.66   3.02  5.42   2.91  5.75
 352.133 -0.944   -12.2   -7.8 gm11                           knear(gm11)                                 6.05  2.48   6.01  2.32   6.06  2.48
 352.517 -0.155   -50.5  -51.3 gm11                           kfar (gm11)                                 3.08 11.30   3.11 11.14   3.00 11.21
 352.525 -0.158   -57.0  -53.0 gm11                           kfar (gm11)                                 2.84 11.05   2.87 10.89   2.76 10.96
 352.584 -0.185   -86.2  -85.6 gm11                           n3kpc(gm11)                                 3.30  5.32   3.40  5.00   3.30  5.32
 352.604 -0.225   -83.0  -81.8 gm11                           n3kpc(gm11)                                 3.30  5.32   3.40  5.00   3.30  5.32
 352.624 -1.077     2.5    5.8 gm11                           kfar (gm11)                                 9.32 17.69   9.13 17.30   9.50 17.87
 352.630 -1.067    -5.0   -3.0 gm11                           knear(gm11)                                 7.22  1.29   7.14  1.17   7.28  1.23
 352.855 -0.201   -52.1  -51.4 gm11                           kfar (gm11)                                 2.93 11.16   2.96 11.01   2.85 11.08
 353.216 -0.249   -20.0  -23.0 gm11                           knear(gm11)                                 4.80  3.74   4.81  3.53   4.77  3.78
 353.273  0.641    -5.0   -4.4 gm11                                        
 353.363 -0.166   -79.2  -79.0 gm11                           n3kpc(gm11)                                 3.30  5.29   3.40  4.98   3.30  5.29
 353.370 -0.091   -49.7  -45.7 gm11                                        
 353.378  0.438   -15.3  -15.7 gm11                           kfar (gm11)                                 5.30 13.65   5.30 13.46   5.28 13.63
 353.410 -0.360   -21.0  -20.4 gm11                                        
 353.429 -0.090   -54.5  -61.8 gm11                           kfar (gm11)                                 2.69 10.95   2.72 10.79   2.60 10.86
 353.464  0.562   -50.7  -50.3 gm11                           kfar (gm11)                                 2.81 11.08   2.84 10.93   2.73 11.00
 353.537 -0.091   -56.5  -56.6 gm11                           kfar (gm11)                                 2.59 10.85   2.62 10.70   2.51 10.76
 354.206 -0.038   -36.3  -37.1 gm11                                        
 354.308 -0.110    15.2   18.7 gm11                           kout (gm11)                                28.02 36.46  25.79 34.04  29.86 38.31
 354.496  0.083    22.5   26.9 gm11                           f3kpc(gm11)                                 3.30 11.66   3.40 11.57   3.30 11.66
 354.615  0.472   -19.8  -24.3 gm11                           knear(gm11)                                 4.34  4.20   4.38  3.96   4.29  4.25
 354.701  0.299   101.0  102.7 gm11                                        ,Galactic bar(gm11)
 354.724  0.300    93.0   93.8 gm11                                        ,Galactic bar(gm11)
 355.184 -0.419    -1.3   -1.4 gm11                           knear(gm11)                                 7.94  0.56   7.94  0.36   8.04  0.46
 355.343  0.148     5.5    5.8 gm11                                        ,near GC(gm11)                12.28 20.73  12.13 20.39  12.66 21.11
 355.344  0.147    20.0   19.9 gm11                                        ,near GC(gm11)
 355.346  0.149    10.8    9.9 gm11                                        ,near GC(gm11)                21.52 29.98  20.70 28.96  22.69 31.16
 355.538 -0.105     0.8    3.8 gm11                           knear(gm11)                                 8.92 17.37   8.92 17.17   9.07 17.52
 355.545 -0.103   -29.3  -28.2 gm11                           kfar (gm11)                                 3.13 11.54   3.18 11.39   3.05 11.45
 355.642  0.398    -7.9   -7.9 gm11                           kfar (gm11)                                 5.77 14.21   5.83 14.07   5.77 14.21
 355.666  0.374    -2.0   -3.4 gm11                           kfar (gm11)                                 7.59 16.04   7.62 15.87   7.67 16.12
 356.054 -0.095    16.7   16.9 gm11                                        ,near GC(gm11)
 356.662 -0.263   -50.5  -53.8 gm11                           n3kpc(gm11)                                 3.30  5.22   3.40  4.92   3.30  5.22
 357.558 -0.321    -2.8   -3.9 gm11                                        ,near GC(gm11)
 357.559 -0.321    16.5   16.2 gm11                                        ,near GC(gm11)
 357.922 -0.337    -4.8   -4.9 gm11                           knear(gm11)                                 5.31  3.20   5.55  2.75   5.29  3.22
 357.924 -0.337    -0.8   -2.1 gm11                           knear(gm11)                                 7.72  0.78   8.16  0.14   7.81  0.69
 357.965 -0.164    -3.0   -8.8 gm11                           kfar (gm11)                                 6.14 14.63   6.46 14.74   6.15 14.64
 357.967 -0.163    -3.0   -4.2 gm11                           kfar (gm11)                                 6.14 14.63   6.45 14.74   6.15 14.64
 358.270 -2.080     4.0    5.2 pmb05                                       ,17463-3128(pmb05)            21.33 29.84  25.38 33.70  22.55 31.05
 358.370 -0.468     1.0    1.0 pmb05                                       ,17403-3032(pmb05)            10.12 18.61  11.18 19.48  10.35 18.84
 359.137  0.031    -3.5   -4.0 pmb05                                       ,17402-2938(pmb05)
 359.436 -0.104   -51.0  -52.0 pmb05                                       
 359.615 -0.243    20.5   22.5 pmb05                                       ,17425-2921(pmb05)
 359.890 -0.060    20.5   10.0 pmb05                                       ,17424-2859(pmb05)
 359.970 -0.457    21.5   23.0 pmb05                                       ,17441-2910(pmb05)
