YYYY MM DD hh mm ss.sss   BX CSE BY CSE BZ CSE BT CSE X CSE      Y CSE      Z CSE      R CSE      
                           nT     nT     nT     nT    km         km         km         km         
1986 03 08 07 20 30.000    5.1    3.8   -2.2    6.7 -2467018.8  6094058.0  -878460.8  6632904.0
1986 03 08 07 21 30.000    6.9    5.0   -1.6    8.6 -2465430.5  6089691.5  -876207.0  6628003.0
1986 03 08 07 22 30.000    7.2    5.7   -1.3    9.3 -2463840.5  6085335.5  -874138.0  6623136.5
1986 03 08 07 23 30.000    7.2    7.2   -1.2   10.2 -2462248.8  6080989.0  -872243.8  6618301.0
1986 03 08 07 24 30.000    6.8    6.6   -1.2    9.5 -2460655.2  6076652.0  -870514.2  6613495.5
1986 03 08 07 25 30.000    7.2    5.5   -1.4    9.2 -2459060.0  6072324.0  -868939.6  6608718.0
1986 03 08 07 26 30.000    7.4    4.9   -1.5    9.0 -2457463.2  6068003.5  -867509.6  6603966.0
1986 03 08 07 27 30.000    7.6    4.8   -1.3    9.1 -2455865.0  6063691.0  -866214.5  6599238.5
1986 03 08 07 28 30.000    8.2    4.9   -1.9    9.7 -2454265.5  6059385.5  -865044.2  6594533.5
1986 03 08 07 29 30.000    8.5    4.8   -1.7    9.9 -2452664.8  6055086.5  -863988.8  6589849.0
1986 03 08 07 30 30.000    8.4    4.5   -1.7    9.7 -2451063.0  6050793.0  -863038.2  6585183.5
1986 03 08 07 31 30.000    8.4    4.3   -1.8    9.6 -2449460.0  6046505.0  -862182.4  6580534.5
1986 03 08 07 32 30.000    7.5    4.5   -1.4    8.9 -2447856.0  6042222.0  -861411.6  6575901.5
1986 03 08 07 33 30.000    7.6    4.6   -1.5    9.0 -2446251.2  6037943.0  -860715.6  6571281.0
1986 03 08 07 34 30.000    8.1    4.0   -1.8    9.2 -2444645.5  6033668.0  -860084.6  6566672.5
1986 03 08 07 35 30.000    8.0    3.9   -1.7    9.1 -2443039.2  6029396.0  -859508.5  6562074.0
1986 03 08 07 36 30.000    8.9    3.5   -2.0    9.7 -2441432.5  6025126.5  -858977.3  6557483.0
1986 03 08 07 37 30.000    8.9    3.1   -2.4    9.7 -2439825.0  6020859.0  -858481.1  6552898.5
1986 03 08 07 38 30.000    8.8    2.6   -2.4    9.5 -2438217.2  6016592.5  -858009.9  6548318.0
1986 03 08 07 39 30.000    8.6    2.7   -2.4    9.3 -2436609.2  6012327.5  -857553.6  6543741.0
1986 03 08 07 40 30.000    8.7    2.7   -2.4    9.4 -2435001.5  6008058.0  -857019.4  6539149.0
1986 03 08 07 41 30.000    9.4    2.3   -3.4   10.2 -2433394.8  6003784.0  -856402.1  6534543.0
1986 03 08 07 42 30.000    8.6    2.5   -3.8    9.8 -2431787.5  5999509.5  -855784.8  6529937.0
1986 03 08 07 43 30.000    7.2    2.4   -2.7    8.0 -2430180.2  5995235.5  -855167.6  6525330.5
1986 03 08 07 44 30.000    7.5    2.4   -2.7    8.4 -2428573.0  5990961.5  -854550.4  6520724.5
1986 03 08 07 45 30.000    7.5    2.3   -2.4    8.2 -2426965.2  5986687.5  -853933.1  6516118.0
1986 03 08 07 46 30.000    7.8    2.1   -2.7    8.5 -2425357.5  5982414.0  -853315.9  6511512.0
1986 03 08 07 47 30.000    8.3    1.3   -3.3    9.0 -2423749.5  5978140.0  -852698.8  6506905.5
1986 03 08 07 48 30.000    8.9    0.9   -4.3    9.9 -2422141.5  5973866.5  -852081.7  6502299.0
1986 03 08 07 49 30.000    9.1    1.0   -4.7   10.3 -2420533.2  5969593.0  -851464.6  6497693.0
1986 03 08 07 50 30.000    8.7    1.2   -4.6    9.9 -2418924.8  5965319.5  -850847.5  6493086.5
1986 03 08 07 51 30.000    3.9    2.0   -3.1    5.3 -2417316.0  5961046.0  -850230.6  6488480.5
1986 03 08 07 52 30.000    4.1    1.6   -3.6    5.7 -2415707.2  5956772.5  -849613.6  6483874.0
1986 03 08 07 53 30.000    4.8    1.4   -4.2    6.5 -2414098.2  5952499.5  -848996.7  6479268.5
1986 03 08 07 54 30.000    6.3    1.8   -3.8    7.6 -2412489.0  5948226.5  -848379.8  6474662.0
1986 03 08 07 55 30.000    6.6    1.7   -3.3    7.6 -2410879.8  5943953.0  -847762.9  6470055.5
1986 03 08 07 56 30.000    6.7    1.9   -3.9    8.0 -2409270.2  5939680.0  -847146.0  6465449.5
1986 03 08 07 57 30.000    7.5    1.0   -6.2    9.8 -2407660.8  5935407.0  -846529.1  6460843.5
1986 03 08 07 58 30.000    7.8    0.7   -8.1   11.3 -2406051.0  5931134.5  -845912.2  6456238.0
1986 03 08 07 59 30.000    7.3    2.1   -4.9    9.0 -2404441.0  5926861.5  -845295.4  6451631.5
1986 03 08 08 00 30.000    7.0    2.0   -4.5    8.6 -2402831.0  5922588.5  -844678.5  6447025.0
1986 03 08 08 01 30.000    6.8    2.2   -4.4    8.4 -2401221.0  5918315.5  -844061.6  6442419.0
1986 03 08 08 04 30.000    7.0    1.3   -4.6    8.5 -2396390.0  5905497.0  -842210.8  6428600.0
1986 03 08 08 05 30.000    6.7    1.7   -4.2    8.1 -2394779.2  5901224.5  -841593.9  6423994.0
1986 03 08 08 06 30.000    6.5    2.0   -3.6    7.7 -2393168.5  5896952.0  -840976.9  6419388.0
1986 03 08 08 07 30.000    6.0    2.8   -3.6    7.6 -2391557.5  5892679.5  -840360.1  6414781.5
1986 03 08 08 08 30.000    5.3    3.5   -3.2    7.1 -2389946.2  5888406.5  -839743.2  6410175.0
1986 03 08 08 09 30.000    3.9    5.5   -3.1    7.4 -2388334.8  5884134.0  -839126.4  6405568.5
1986 03 08 08 10 30.000    5.7    2.5   -4.6    7.7 -2386723.0  5879862.0  -838509.6  6400962.5
1986 03 08 08 11 30.000    5.6    2.5   -4.4    7.6 -2385111.0  5875589.5  -837892.9  6396356.0
1986 03 08 08 12 30.000    6.0    2.8   -4.3    7.9 -2383498.8  5871317.0  -837276.3  6391749.5
1986 03 08 08 13 30.000    6.5    1.9   -5.2    8.5 -2381886.5  5867045.0  -836659.7  6387143.5
1986 03 08 08 14 30.000    6.2    1.9   -5.6    8.5 -2380274.0  5862772.5  -836043.1  6382536.5
1986 03 08 08 15 30.000    5.4    1.9   -5.7    8.1 -2378661.2  5858500.5  -835426.4  6377930.0
1986 03 08 08 16 30.000    7.2    2.4   -6.7   10.1 -2377048.2  5854228.5  -834809.9  6373324.0
1986 03 08 08 17 30.000    7.3    2.6   -6.7   10.3 -2375435.2  5849956.5  -834193.3  6368717.5
1986 03 08 08 18 30.000    7.0    2.2   -7.5   10.5 -2373822.0  5845684.5  -833576.8  6364111.0
1986 03 08 08 33 30.000   12.2    4.4  -10.5   16.7 -2349608.8  5781615.0  -824329.4  6295018.0
1986 03 08 08 34 30.000   12.1    3.8   -9.1   15.6 -2347993.0  5777344.5  -823712.9  6290412.0
1986 03 08 08 35 30.000   11.1    5.8   -9.1   15.5 -2346377.2  5773073.5  -823096.6  6285806.0
1986 03 08 08 36 30.000   10.8    7.1   -9.1   15.8 -2344761.2  5768802.5  -822480.2  6281199.0
1986 03 08 08 37 30.000   10.8    7.5   -9.5   16.3 -2343145.0  5764531.5  -821863.8  6276592.5
1986 03 08 08 38 30.000   11.2    7.3   -8.5   15.8 -2341528.8  5760261.0  -821247.4  6271986.0
1986 03 08 08 39 30.000   11.1    7.1   -8.5   15.7 -2339912.2  5755990.5  -820631.1  6267380.0
1986 03 08 08 40 30.000   10.9    6.5   -8.3   15.2 -2338295.8  5751719.5  -820014.9  6262773.0
1986 03 08 08 41 30.000   10.9    6.3   -8.4   15.1 -2336679.0  5747449.5  -819398.7  6258167.5
1986 03 08 08 42 30.000   10.8    6.3   -8.4   15.1 -2335062.0  5743179.0  -818782.6  6253561.0
1986 03 08 08 43 30.000   10.8    7.2   -8.6   15.6 -2333445.0  5738908.5  -818166.4  6248955.0
1986 03 08 08 44 30.000   10.5    9.4   -8.6   16.5 -2331827.8  5734638.5  -817550.3  6244348.5
1986 03 08 08 45 30.000   10.7    6.4   -8.5   15.1 -2330210.2  5730368.0  -816934.2  6239742.0
1986 03 08 08 46 30.000   10.8    6.3   -8.2   14.9 -2328592.8  5726098.0  -816318.1  6235135.5
1986 03 08 08 47 30.000   10.9    6.8   -7.9   15.1 -2326975.0  5721828.0  -815702.1  6230529.5
1986 03 08 08 48 30.000   10.9    7.1   -7.8   15.2 -2325357.0  5717558.0  -815086.1  6225923.5
1986 03 08 08 49 30.000   10.9    7.3   -7.8   15.3 -2323739.0  5713288.0  -814470.0  6221317.0
1986 03 08 08 50 30.000   11.0    7.4   -7.6   15.3 -2322121.0  5709018.0  -813854.0  6216710.5
1986 03 08 08 51 30.000   10.9    6.5   -8.1   15.1 -2320502.5  5704748.0  -813237.9  6212104.0
1986 03 08 08 52 30.000   10.7    6.2   -8.4   14.9 -2318884.0  5700478.5  -812621.9  6207498.0
1986 03 08 08 53 30.000   10.9    6.3   -8.2   15.0 -2317265.2  5696208.5  -812005.9  6202891.5
1986 03 08 08 54 30.000   10.9    6.3   -8.0   15.0 -2315646.5  5691939.0  -811389.9  6198285.5
1986 03 08 08 55 30.000   11.0    6.6   -8.1   15.2 -2314027.5  5687669.5  -810773.9  6193679.0
1986 03 08 08 56 30.000   11.1    6.9   -7.9   15.3 -2312408.2  5683400.0  -810157.9  6189072.5
1986 03 08 08 57 30.000   11.3    7.5   -7.7   15.6 -2310789.0  5679130.5  -809541.9  6184467.0
1986 03 08 08 58 30.000   11.2    7.7   -7.8   15.7 -2309169.5  5674861.0  -808925.9  6179860.5
1986 03 08 08 59 30.000   11.1    7.6   -8.0   15.6 -2307550.0  5670591.5  -808310.0  6175254.0
1986 03 08 09 00 30.000   11.0    7.8   -8.1   15.8 -2305930.0  5666322.5  -807694.0  6170648.0
1986 03 08 09 01 30.000   11.1    9.0   -7.9   16.3 -2304310.0  5662053.0  -807078.1  6166041.5
1986 03 08 09 31 07.000   10.9    6.4   -4.4   13.4 -2256257.5  5535640.5  -788843.7  6029617.5
1986 03 08 09 32 07.000   10.9    6.8   -4.3   13.6 -2254632.8  5531373.0  -788228.2  6025011.0
1986 03 08 09 33 07.000   10.6    6.5   -3.4   12.9 -2253007.5  5527105.5  -787612.8  6020404.5
1986 03 08 09 34 07.000   10.5    6.7   -2.7   12.7 -2251382.2  5522838.0  -786997.3  6015798.0
1986 03 08 09 35 07.000   10.3    6.5   -2.4   12.4 -2249756.8  5518571.0  -786381.9  6011192.0
1986 03 08 09 36 08.000   10.4    6.1   -2.4   12.3 -2248104.0  5514232.5  -785756.2  6006508.5
1986 03 08 09 37 08.000   10.7    6.9   -2.5   13.0 -2246478.2  5509965.0  -785140.9  6001902.0
1986 03 08 09 38 08.000   10.6    6.9   -2.2   12.8 -2244852.5  5505698.0  -784525.6  5997295.5
1986 03 08 09 39 08.000   10.3    6.5   -2.2   12.4 -2243226.5  5501431.0  -783910.2  5992689.0
1986 03 08 09 40 08.000   10.3    6.8   -2.1   12.5 -2241600.2  5497164.0  -783295.0  5988082.5
1986 03 08 09 41 08.000   10.6    6.7   -2.3   12.8 -2239973.8  5492897.5  -782679.8  5983476.5
1986 03 08 09 42 08.000   10.3    6.6   -3.3   12.7 -2238347.2  5488630.5  -782064.6  5978870.0
1986 03 08 09 43 08.000   10.3    7.5   -2.3   12.9 -2236720.5  5484364.0  -781449.4  5974264.0
1986 03 08 09 44 08.000   10.4    6.8   -2.0   12.6 -2235093.5  5480097.5  -780834.3  5969657.5
1986 03 08 09 45 08.000   10.6    7.6   -2.1   13.2 -2233466.5  5475831.0  -780219.2  5965051.5
1986 03 08 09 46 09.000   10.7    7.7   -2.4   13.4 -2231812.2  5471493.0  -779593.9  5960368.0
1986 03 08 09 47 09.000   10.9    7.6   -2.8   13.6 -2230184.8  5467227.0  -778978.9  5955762.0
1986 03 08 09 48 09.000   11.0    8.0   -3.0   13.9 -2228557.2  5462960.5  -778363.8  5951155.5
1986 03 08 09 49 09.000   10.8    7.5   -2.7   13.4 -2226929.8  5458694.5  -777748.8  5946550.0
1986 03 08 09 50 09.000   10.5    7.1   -2.5   12.9 -2225301.8  5454428.0  -777133.8  5941943.5
1986 03 08 09 51 07.000   10.4    7.1   -2.4   12.8 -2223728.0  5450304.0  -776539.2  5937490.5
1986 03 08 09 52 07.000   10.4    6.9   -2.5   12.7 -2222100.0  5446038.0  -775924.2  5932884.5
1986 03 08 09 53 07.000   10.0    5.8   -2.6   11.9 -2220471.8  5441772.0  -775309.1  5928278.0
1986 03 08 09 54 07.000    9.1    5.4   -1.9   10.7 -2218843.2  5437506.0  -774694.1  5923672.0
1986 03 08 09 55 07.000    9.1    6.4   -1.7   11.2 -2217214.5  5433240.0  -774079.1  5919065.5
1986 03 08 09 56 08.000    9.1    6.2   -1.5   11.1 -2215558.8  5428903.0  -773453.9  5914382.5
1986 03 08 09 57 08.000    9.9    8.6   -3.9   13.7 -2213929.8  5424637.5  -772838.9  5909776.5
1986 03 08 09 58 08.000    9.1   11.8   -4.4   15.6 -2212300.5  5420371.5  -772223.9  5905170.0
1986 03 08 09 59 08.000    9.6   10.0   -3.6   14.3 -2210671.2  5416106.0  -771608.9  5900563.5
1986 03 08 10 00 08.000   10.2    8.2   -3.0   13.4 -2209041.8  5411840.0  -770994.0  5895957.0
1986 03 08 10 01 08.000   10.3    6.4   -3.5   12.6 -2207412.0  5407574.5  -770379.1  5891350.5
1986 03 08 10 02 08.000   10.3    6.8   -2.3   12.6 -2205782.0  5403309.0  -769764.1  5886744.5
1986 03 08 10 03 08.000    9.9    6.7   -1.0   12.0 -2204151.8  5399043.5  -769149.2  5882138.0
1986 03 08 10 04 08.000    9.2    7.7   -0.1   12.0 -2202521.5  5394778.0  -768534.2  5877531.5
1986 03 08 10 05 08.000    9.6    8.8   -0.7   13.0 -2200891.0  5390512.5  -767919.3  5872925.0
1986 03 08 10 06 09.000    8.8   11.0    0.0   14.1 -2199233.2  5386176.0  -767294.2  5868241.5
1986 03 08 10 07 09.000   10.9    7.4   -1.4   13.3 -2197602.5  5381911.0  -766679.3  5863635.5
1986 03 08 10 08 09.000   10.7    8.8    0.0   13.9 -2195971.5  5377645.5  -766064.4  5859029.0
1986 03 08 10 09 09.000   10.9    8.0   -0.6   13.6 -2194340.5  5373380.5  -765449.6  5854422.5
1986 03 08 10 10 09.000   11.1    8.2   -0.8   13.8 -2192709.2  5369115.0  -764834.8  5849815.5
1986 03 08 10 31 07.000   11.0    8.3   -0.5   13.8 -2158473.8  5279704.5  -751949.0  5753235.5
1986 03 08 10 32 07.000   11.3    7.2   -1.0   13.5 -2156839.0  5275441.0  -751334.6  5748629.0
1986 03 08 10 33 07.000   11.3    6.5   -1.1   13.0 -2155204.0  5271177.5  -750720.3  5744022.5
1986 03 08 10 34 07.000   11.2    7.9   -0.4   13.7 -2153569.0  5266913.5  -750106.0  5739416.0
1986 03 08 10 35 07.000   11.7    4.6   -1.9   12.7 -2151933.8  5262650.0  -749491.7  5734809.5
1986 03 08 10 36 08.000   12.2    4.5   -2.0   13.2 -2150271.0  5258315.5  -748867.2  5730126.5
1986 03 08 10 37 08.000   12.4    5.2   -1.6   13.5 -2148635.5  5254052.5  -748252.9  5725520.5
1986 03 08 10 38 08.000   12.0    4.0   -1.9   12.8 -2146999.8  5249789.0  -747638.6  5720914.0
1986 03 08 10 39 08.000   11.8    3.6   -2.1   12.5 -2145364.0  5245526.0  -747024.4  5716307.5
1986 03 08 10 40 08.000   11.6    4.1   -2.3   12.5 -2143727.8  5241262.5  -746410.1  5711701.0
1986 03 08 10 41 08.000   11.5    3.9   -2.3   12.4 -2142091.8  5236999.5  -745795.8  5707095.0
1986 03 08 10 42 08.000   11.6    4.0   -2.2   12.5 -2140455.5  5232736.5  -745181.4  5702488.5
1986 03 08 10 43 08.000   12.1    5.3   -1.7   13.3 -2138819.0  5228473.5  -744567.1  5697882.0
1986 03 08 10 44 08.000   12.0    5.4   -1.6   13.3 -2137182.5  5224210.5  -743952.8  5693276.0
1986 03 08 10 45 08.000   12.2    6.0   -1.3   13.7 -2135545.8  5219948.0  -743338.4  5688670.0
1986 03 08 10 46 09.000   11.6    5.5   -1.9   13.0 -2133881.5  5215614.0  -742713.9  5683986.5
1986 03 08 10 47 09.000   12.3    6.2   -1.6   13.9 -2132244.5  5211351.5  -742099.6  5679380.5
1986 03 08 10 48 09.000   11.7    4.8   -1.7   12.8 -2130607.2  5207088.5  -741485.3  5674773.5
1986 03 08 10 49 09.000   12.4    5.8   -1.4   13.7 -2128970.0  5202826.0  -740871.1  5670167.5
1986 03 08 10 50 09.000   12.4    5.7   -1.5   13.8 -2127332.2  5198563.5  -740256.9  5665561.5
1986 03 08 10 51 07.000   12.5    6.0   -1.8   14.0 -2125749.2  5194443.0  -739663.2  5661108.5
1986 03 08 10 52 07.000   12.6    5.9   -1.6   14.0 -2124111.2  5190180.5  -739049.1  5656502.0
1986 03 08 10 53 07.000   12.9    6.1   -1.2   14.3 -2122473.0  5185918.0  -738435.1  5651895.5
1986 03 08 10 54 07.000   13.1    6.4   -1.1   14.6 -2120834.8  5181656.0  -737821.1  5647289.5
1986 03 08 10 55 07.000   13.0    5.4   -1.3   14.2 -2119196.2  5177393.5  -737207.1  5642683.0
1986 03 08 10 56 08.000   13.1    5.2   -1.6   14.2 -2117530.5  5173060.0  -736582.8  5637999.5
1986 03 08 10 57 08.000   13.1    5.3   -1.1   14.2 -2115891.8  5168798.0  -735968.9  5633393.5
1986 03 08 10 58 08.000   13.1    5.7   -0.4   14.3 -2114252.8  5164536.0  -735354.9  5628787.0
1986 03 08 10 59 08.000   13.2    7.5   -0.1   15.2 -2112613.8  5160274.0  -734741.1  5624181.0
1986 03 08 11 00 08.000   13.0    7.5    0.3   15.0 -2110974.5  5156011.5  -734127.1  5619574.0
1986 03 08 11 01 08.000   12.9    7.3    0.4   14.9 -2109335.0  5151750.0  -733513.3  5614968.0
1986 03 08 11 02 08.000   12.7    7.0    0.7   14.5 -2107695.8  5147488.0  -732899.4  5610361.5
1986 03 08 11 03 08.000   12.8    6.9    0.6   14.5 -2106056.0  5143226.0  -732285.6  5605755.0
1986 03 08 11 04 08.000   13.0    7.0    0.2   14.8 -2104416.2  5138964.0  -731671.8  5601148.5
1986 03 08 11 05 08.000   13.1    7.1    0.3   14.9 -2102776.2  5134702.5  -731058.1  5596542.5
1986 03 08 11 06 09.000   12.7    7.8    0.9   14.9 -2101109.0  5130370.0  -730434.0  5591859.5
1986 03 08 11 07 09.000   12.9    7.2    0.6   14.8 -2099468.8  5126108.0  -729820.2  5587252.5
1986 03 08 11 08 09.000   13.0    7.4    0.3   15.0 -2097828.2  5121846.5  -729206.5  5582646.0
1986 03 08 11 09 09.000   13.3    7.1   -0.3   15.0 -2096187.6  5117585.0  -728592.7  5578040.0
1986 03 08 11 10 09.000   13.3    6.6   -0.5   14.9 -2094546.9  5113324.0  -727978.9  5573433.5
1986 03 08 11 11 07.000   13.5    7.0   -0.8   15.2 -2092960.6  5109204.5  -727385.5  5568980.5
1986 03 08 11 12 07.000   13.7    7.3   -1.0   15.6 -2091319.5  5104943.0  -726771.6  5564374.0
1986 03 08 11 13 07.000   13.7    6.2   -1.0   15.0 -2089678.2  5100682.0  -726157.8  5559768.0
1986 03 08 11 14 07.000   13.6    5.5   -1.2   14.7 -2088036.8  5096420.5  -725543.9  5555161.0
1986 03 08 11 15 07.000   13.4    5.7   -0.9   14.6 -2086395.1  5092159.5  -724930.1  5550554.5
1986 03 08 11 16 08.000   13.3    7.6   -0.3   15.3 -2084725.9  5087827.5  -724306.1  5545871.5
1986 03 08 11 17 08.000   13.4    8.1   -0.9   15.7 -2083084.0  5083566.5  -723692.3  5541265.0
1986 03 08 11 18 08.000   13.6    6.6   -2.1   15.3 -2081441.8  5079305.5  -723078.6  5536658.5
1986 03 08 11 19 08.000   13.7    7.1   -2.0   15.6 -2079799.5  5075044.5  -722464.9  5532052.0
1986 03 08 11 20 08.000   13.7    7.4   -1.8   15.7 -2078157.0  5070784.0  -721851.2  5527446.0
1986 03 08 11 21 08.000   13.6    7.5   -1.6   15.6 -2076514.2  5066523.0  -721237.7  5522839.0
1986 03 08 11 22 08.000   13.7    7.2   -1.9   15.6 -2074871.5  5062262.5  -720624.2  5518232.5
1986 03 08 11 23 08.000   13.8    7.3   -2.0   15.8 -2073228.4  5058002.0  -720010.8  5513626.5
1986 03 08 11 24 08.000   14.0    7.3   -2.3   15.9 -2071585.2  5053741.5  -719397.4  5509020.0
1986 03 08 11 25 08.000   13.9    6.9   -2.3   15.7 -2069941.9  5049481.0  -718783.9  5504413.5
1986 03 08 11 26 09.000   13.9    6.8   -2.0   15.6 -2068271.0  5045150.0  -718160.4  5499731.0
1986 03 08 11 27 09.000   13.9    7.1   -2.1   15.7 -2066627.2  5040889.5  -717547.0  5495124.0
1986 03 08 11 28 09.000   13.8    6.9   -2.1   15.5 -2064983.5  5036629.5  -716933.7  5490518.0
1986 03 08 11 29 09.000   13.9    6.5   -2.6   15.6 -2063339.5  5032369.0  -716320.3  5485911.0
1986 03 08 11 30 09.000   14.1    6.7   -2.8   15.9 -2061695.4  5028109.0  -715707.0  5481305.0
1986 03 08 11 31 07.000   14.0    6.6   -3.0   15.8 -2060106.0  5023991.0  -715114.0  5476852.0
1986 03 08 11 32 07.000   14.0    6.8   -2.8   15.8 -2058461.6  5019731.0  -714500.6  5472246.0
1986 03 08 11 33 07.000   14.1    7.0   -3.1   16.0 -2056817.0  5015471.0  -713887.1  5467639.5
1986 03 08 11 34 07.000   13.9    6.3   -2.8   15.5 -2055172.4  5011211.0  -713273.8  5463033.0
1986 03 08 11 35 07.000   13.9    6.7   -2.7   15.7 -2053527.5  5006951.5  -712660.3  5458427.0
1986 03 08 11 36 08.000   13.8    6.7   -2.2   15.5 -2051855.1  5002620.5  -712036.7  5453743.5
1986 03 08 11 37 08.000   13.6    6.8   -2.1   15.4 -2050210.0  4998361.0  -711423.3  5449137.5
1986 03 08 11 38 08.000   13.6    6.8   -2.0   15.3 -2048564.6  4994101.0  -710809.9  5444530.5
1986 03 08 11 39 08.000   13.6    7.0   -2.7   15.6 -2046919.2  4989841.5  -710196.6  5439924.5
1986 03 08 11 40 08.000   13.4    7.0   -3.0   15.4 -2045273.6  4985582.0  -709583.2  5435318.0
1986 03 08 11 41 08.000   13.0    6.9   -2.3   14.9 -2043627.8  4981322.5  -708969.9  5430711.5
1986 03 08 11 42 08.000   12.8    7.0   -1.5   14.7 -2041981.9  4977063.0  -708356.7  5426105.0
1986 03 08 11 43 08.000   12.9    6.6   -1.9   14.6 -2040335.8  4972803.5  -707743.4  5421498.5
1986 03 08 11 44 08.000   13.6    6.8   -3.0   15.5 -2038689.5  4968544.0  -707130.2  5416892.0
1986 03 08 11 45 08.000   13.2    5.5   -2.9   14.6 -2037043.0  4964285.0  -706517.0  5412285.5
1986 03 08 11 46 09.000   13.5    5.8   -3.5   15.1 -2035369.0  4959954.5  -705893.6  5407602.0
1986 03 08 11 47 09.000   13.4    5.7   -3.4   14.9 -2033722.2  4955695.5  -705280.4  5402996.0
1986 03 08 11 48 09.000   13.3    5.5   -3.9   14.9 -2032075.2  4951436.0  -704667.2  5398389.0
1986 03 08 11 49 09.000   13.4    5.2   -3.6   14.8 -2030428.1  4947177.0  -704054.1  5393782.5
1986 03 08 11 50 09.000   13.2    4.5   -3.2   14.3 -2028780.9  4942918.0  -703441.1  5389176.0
1986 03 08 11 51 07.000   13.3    5.0   -2.7   14.5 -2027188.4  4938801.0  -702848.4  5384723.5
1986 03 08 11 52 07.000   13.4    5.1   -2.6   14.5 -2025540.8  4934542.5  -702235.3  5380117.0
1986 03 08 11 53 07.000   13.6    5.2   -3.2   14.9 -2023892.9  4930283.5  -701622.2  5375510.0
1986 03 08 11 54 07.000   13.5    4.5   -3.9   14.8 -2022244.9  4926025.0  -701009.2  5370904.0
1986 03 08 11 55 07.000   13.6    5.4   -4.1   15.2 -2020596.8  4921766.5  -700396.2  5366298.0
1986 03 08 11 56 08.000   11.4    4.3   -1.1   12.2 -2018921.0  4917437.0  -699773.0  5361614.5
1986 03 08 11 57 08.000   10.8    3.5   -0.7   11.4 -2017272.5  4913178.5  -699160.1  5357008.0
1986 03 08 11 58 08.000   11.3    3.8   -1.4   12.0 -2015623.9  4908920.0  -698547.1  5352401.5
1986 03 08 11 59 08.000   12.0    4.3   -1.6   12.8 -2013975.1  4904661.5  -697934.2  5347795.0
1986 03 08 12 00 08.000   11.5    4.5   -0.8   12.4 -2012326.1  4900403.0  -697321.3  5343188.0
1986 03 08 12 01 08.000   11.6    4.5   -0.1   12.4 -2010677.0  4896145.0  -696708.4  5338582.5
1986 03 08 12 02 08.000   11.7    2.7   -1.7   12.1 -2009027.8  4891886.5  -696095.6  5333975.5
1986 03 08 12 03 08.000   11.7    2.7   -1.9   12.2 -2007378.4  4887628.5  -695482.8  5329369.0
1986 03 08 12 04 08.000   12.4    3.3   -2.2   13.0 -2005728.8  4883370.5  -694869.9  5324763.0
1986 03 08 12 05 08.000   12.4    3.2   -2.9   13.1 -2004079.0  4879112.5  -694257.2  5320156.5
1986 03 08 12 06 09.000   12.6    3.4   -3.6   13.5 -2002401.6  4874783.5  -693634.2  5315473.0
1986 03 08 12 07 09.000   12.8    3.3   -3.5   13.6 -2000751.5  4870525.5  -693021.4  5310866.5
1986 03 08 12 08 09.000   12.5    3.0   -4.6   13.7 -1999101.4  4866268.0  -692408.6  5306260.5
1986 03 08 12 09 09.000   12.6    2.8   -4.2   13.6 -1997451.0  4862010.0  -691795.9  5301654.0
1986 03 08 12 10 09.000   11.7    2.7   -4.6   12.9 -1995800.4  4857752.5  -691183.1  5297047.5
1986 03 08 12 11 07.000    7.1    9.5   -3.9   12.5 -1994204.8  4853636.5  -690590.6  5292594.5
1986 03 08 12 12 07.000    9.4    8.1   -4.2   13.1 -1992553.9  4849379.0  -689977.8  5287988.0
1986 03 08 12 13 07.000    7.0    8.2   -4.5   11.7 -1990902.9  4845122.0  -689364.9  5283382.0
1986 03 08 12 14 07.000    8.6    8.4   -3.9   12.6 -1989251.6  4840864.5  -688752.1  5278775.5
1986 03 08 12 15 07.000    8.6    8.3   -4.7   12.8 -1987600.4  4836607.0  -688139.2  5274169.0
1986 03 08 12 16 08.000   10.0    8.4   -6.1   14.4 -1985921.2  4832279.0  -687516.2  5269486.0
1986 03 08 12 17 08.000    9.8    8.0   -6.5   14.3 -1984269.6  4828021.5  -686903.4  5264879.0
1986 03 08 12 18 08.000    9.2    7.9   -6.3   13.7 -1982617.9  4823764.5  -686290.7  5260273.0
1986 03 08 12 19 08.000    8.0    7.4   -7.3   13.1 -1980965.9  4819507.5  -685678.0  5255667.0
1986 03 08 12 20 08.000    6.3    7.1   -7.3   11.9 -1979313.8  4815250.5  -685065.3  5251060.5
1986 03 08 12 21 08.000    6.8    6.6   -7.8   12.3 -1977661.4  4810993.5  -684452.8  5246454.0
1986 03 08 12 22 08.000   10.5    5.9   -7.6   14.2 -1976008.9  4806736.5  -683840.4  5241847.5
1986 03 08 12 23 08.000   12.6    6.3   -6.3   15.4 -1974356.2  4802479.5  -683227.9  5237241.0
1986 03 08 12 24 08.000   11.1    5.6   -7.3   14.4 -1972703.5  4798222.5  -682615.5  5232634.5
1986 03 08 12 25 08.000    9.0    5.5   -6.5   12.4 -1971050.5  4793965.5  -682003.1  5228028.0
1986 03 08 12 26 09.000   10.4    3.5   -7.0   13.0 -1969369.9  4789638.0  -681380.5  5223345.0
1986 03 08 12 27 09.000    9.7    2.7  -10.1   14.2 -1967716.6  4785381.5  -680768.2  5218738.5
1986 03 08 12 28 09.000    9.5    2.3   -7.7   12.5 -1966063.2  4781124.5  -680155.8  5214132.0
1986 03 08 12 29 09.000    7.9    3.9   -8.8   12.5 -1964409.6  4776868.0  -679543.5  5209525.0
1986 03 08 12 30 09.000    2.5    5.6  -14.3   15.6 -1962756.0  4772611.5  -678931.1  5204919.0
1986 03 08 12 51 07.000   -1.5   10.9  -12.9   17.0 -1928045.5  4683380.5  -666093.6  5108335.5
1986 03 08 12 52 07.000   -2.4   11.4  -11.9   16.6 -1926388.1  4679125.0  -665481.7  5103729.0
1986 03 08 12 53 07.000   -2.9   12.9  -11.2   17.3 -1924730.5  4674870.0  -664869.8  5099122.5
1986 03 08 12 54 07.000   -3.6   12.8  -10.6   17.0 -1923072.9  4670615.0  -664257.8  5094516.0
1986 03 08 12 55 07.000   -3.7   13.5   -8.9   16.6 -1921415.0  4666360.0  -663645.9  5089909.0
1986 03 08 12 56 08.000   -2.7   15.2   -4.2   16.0 -1919729.4  4662034.5  -663023.9  5085226.5
1986 03 08 12 57 08.000   -4.0   15.5   -5.3   16.9 -1918071.2  4657779.5  -662412.0  5080619.5
1986 03 08 12 58 08.000   -4.6   17.0   -5.5   18.4 -1916412.9  4653525.0  -661800.1  5076013.5
1986 03 08 12 59 08.000   -4.9   14.3   -9.7   18.0 -1914754.5  4649270.5  -661188.2  5071407.5
1986 03 08 13 00 08.000   -4.4   14.2  -10.7   18.4 -1913095.9  4645015.5  -660576.4  5066800.0
1986 03 08 13 01 08.000   -4.8   13.9  -11.6   18.8 -1911437.1  4640761.5  -659964.5  5062194.5
1986 03 08 13 02 08.000   -5.1   14.4  -10.3   18.4 -1909778.2  4636507.0  -659352.6  5057588.0
1986 03 08 13 03 08.000   -4.2   14.2  -10.5   18.1 -1908119.2  4632252.5  -658740.6  5052981.5
1986 03 08 13 04 08.000   -3.1   13.2  -11.3   17.7 -1906460.1  4627998.0  -658128.7  5048375.0
1986 03 08 13 05 08.000   -2.3   13.4   -5.9   14.9 -1904800.8  4623744.0  -657516.8  5043768.5
1986 03 08 13 06 09.000   -0.8   11.7   -3.0   12.1 -1903113.6  4619419.0  -656894.7  5039085.5
1986 03 08 13 07 09.000    1.6    9.5   -6.8   11.8 -1901453.9  4615165.0  -656282.8  5034479.5
1986 03 08 13 08 09.000    6.5    7.2  -14.9   17.8 -1899794.1  4610911.0  -655670.9  5029873.0
1986 03 08 13 09 09.000    8.0    6.3  -17.2   20.0 -1898134.1  4606657.0  -655059.1  5025266.5
1986 03 08 13 10 09.000    6.7    6.5  -18.0   20.3 -1896474.0  4602403.0  -654447.2  5020660.0
1986 03 08 13 11 07.000    7.5    5.7  -18.1   20.5 -1894868.9  4598291.0  -653855.8  5016207.0
1986 03 08 13 12 07.000    8.4    4.8  -17.6   20.0 -1893208.4  4594037.0  -653244.1  5011601.0
1986 03 08 13 13 07.000    9.3    4.5  -16.2   19.2 -1891547.6  4589783.0  -652632.2  5006994.0
1986 03 08 13 14 07.000    8.8    4.5  -16.7   19.4 -1889886.8  4585529.5  -652020.6  5002387.5
1986 03 08 13 15 07.000    9.0    4.5  -17.2   19.9 -1888225.6  4581275.5  -651408.8  4997781.0
1986 03 08 13 16 08.000   10.2    3.1  -16.4   19.6 -1886536.8  4576951.0  -650786.9  4993097.5
1986 03 08 13 17 08.000   10.7    2.2  -16.6   19.8 -1884875.4  4572697.5  -650175.2  4988491.0
1986 03 08 13 18 08.000   10.7    1.8  -16.6   19.8 -1883213.9  4568444.0  -649563.6  4983884.5
1986 03 08 13 19 08.000   10.4    1.6  -16.6   19.7 -1881552.2  4564190.5  -648952.1  4979278.5
1986 03 08 13 20 08.000   10.4    1.0  -15.7   18.9 -1879890.4  4559937.0  -648340.4  4974671.5
1986 03 08 13 21 08.000    9.3    2.5  -17.4   19.9 -1878228.6  4555683.5  -647729.0  4970065.0
1986 03 08 13 22 08.000    8.2    3.0  -17.8   19.8 -1876566.6  4551430.0  -647117.5  4965458.5
1986 03 08 13 23 08.000    7.3    2.9  -18.4   20.0 -1874904.5  4547177.0  -646506.1  4960852.5
1986 03 08 13 24 08.000    4.9    4.4  -19.5   20.5 -1873242.2  4542924.0  -645894.7  4956246.0
1986 03 08 13 25 08.000    4.2    5.1  -20.0   21.0 -1871579.9  4538670.5  -645283.3  4951639.0
1986 03 08 13 26 09.000    5.3    4.4  -19.9   21.1 -1869889.5  4534346.5  -644661.8  4946956.0
1986 03 08 13 27 09.000    6.1    3.4  -19.7   20.9 -1868226.8  4530093.5  -644050.4  4942349.5
1986 03 08 13 28 09.000    8.3    0.2  -17.3   19.2 -1866563.9  4525841.0  -643439.0  4937743.5
1986 03 08 13 29 09.000    4.9    6.4  -16.3   18.2 -1864900.8  4521588.0  -642827.6  4933137.0
1986 03 08 13 30 09.000    5.2    5.2  -16.1   17.7 -1863237.5  4517335.0  -642216.3  4928530.5
1986 03 08 13 31 07.000    4.9    6.5   -9.4   12.4 -1861629.4  4513224.0  -641625.2  4924077.5
1986 03 08 13 32 07.000    5.1    6.0  -13.4   15.5 -1859965.6  4508971.5  -641013.8  4919471.0
1986 03 08 13 33 07.000    4.8    5.0  -14.9   16.5 -1858301.8  4504718.5  -640402.3  4914864.0
1986 03 08 13 34 07.000    3.2    7.0  -15.5   17.3 -1856637.8  4500466.0  -639790.9  4910257.5
1986 03 08 13 35 07.000    5.0   12.2  -10.3   16.8 -1854973.5  4496213.5  -639179.5  4905651.0
1986 03 08 13 36 08.000    5.4   12.6  -12.1   18.2 -1853281.2  4491890.0  -638557.9  4900967.5
1986 03 08 13 37 08.000    7.0   12.1  -13.1   19.1 -1851616.8  4487638.0  -637946.5  4896361.5
1986 03 08 13 38 08.000    8.1   12.5  -14.8   21.0 -1849952.0  4483385.5  -637335.1  4891754.5
1986 03 08 13 39 08.000    8.8    9.5  -16.1   20.6 -1848287.0  4479133.0  -636723.8  4887148.0
1986 03 08 13 40 08.000    8.0    8.7  -16.2   20.1 -1846622.0  4474881.0  -636112.5  4882541.5
1986 03 08 13 41 08.000    8.5    7.4  -16.5   20.0 -1844956.8  4470629.0  -635501.3  4877935.0
1986 03 08 13 42 08.000    8.5    6.0  -17.1   20.0 -1843291.4  4466377.0  -634890.1  4873328.5
1986 03 08 13 43 08.000    7.3    3.1  -16.1   18.0 -1841625.9  4462125.0  -634279.0  4868722.0
1986 03 08 13 44 08.000    3.6   -1.5  -11.5   12.1 -1839960.2  4457873.0  -633667.9  4864115.5
1986 03 08 13 45 08.000    4.7    0.5  -11.3   12.2 -1838294.4  4453621.5  -633056.8  4859509.5
1986 03 08 13 46 09.000    4.6    0.4  -10.1   11.1 -1836600.6  4449298.5  -632435.5  4854826.0
1986 03 08 13 47 09.000    3.6   -0.4   -9.8   10.5 -1834934.5  4445047.0  -631824.4  4850219.5
1986 03 08 13 48 09.000    3.3    0.1   -9.3    9.8 -1833268.1  4440795.5  -631213.4  4845613.0
1986 03 08 13 49 09.000    3.8    0.6   -9.3   10.0 -1831601.6  4436544.0  -630602.4  4841007.0
1986 03 08 13 50 09.000    4.1   -0.2   -8.6    9.5 -1829935.0  4432292.5  -629991.3  4836400.0
1986 03 08 14 11 07.000    5.3    0.8   -4.6    7.1 -1794954.1  4343165.0  -617183.1  4739816.5
1986 03 08 14 12 07.000    6.2    0.9   -1.6    6.5 -1793284.0  4338914.5  -616572.4  4735209.5
1986 03 08 14 13 07.000    4.5    0.5   -3.7    5.9 -1791613.8  4334664.5  -615961.8  4730603.0
1986 03 08 14 14 07.000    3.7    1.3   -6.9    8.0 -1789943.2  4330414.5  -615351.2  4725996.5
1986 03 08 14 15 07.000    5.7    1.3  -10.8   12.3 -1788272.6  4326164.5  -614740.6  4721390.5
1986 03 08 14 16 08.000    8.0    1.4  -10.9   13.6 -1786573.9  4321843.5  -614119.8  4716706.5
1986 03 08 14 17 08.000    8.2    1.4  -11.2   13.9 -1784903.0  4317593.5  -613509.2  4712100.0
1986 03 08 14 18 08.000    7.9    1.5  -11.5   14.0 -1783231.9  4313344.0  -612898.7  4707493.5
1986 03 08 14 19 08.000    6.4    3.2   -1.2    7.3 -1781560.6  4309094.0  -612288.1  4702887.0
1986 03 08 14 20 08.000    6.6    1.0   -4.9    8.3 -1779889.1  4304844.5  -611677.6  4698280.5
1986 03 08 14 21 08.000    7.4    1.3   -5.4    9.2 -1778217.5  4300594.5  -611067.0  4693674.0
1986 03 08 14 22 08.000    7.5    0.6   -5.7    9.5 -1776545.8  4296345.0  -610456.5  4689067.5
1986 03 08 14 23 08.000    7.6    2.8   -1.3    8.2 -1774873.9  4292095.5  -609845.9  4684461.0
1986 03 08 14 24 08.000    8.2    1.9   -3.5    9.2 -1773201.8  4287846.0  -609235.4  4679854.5
1986 03 08 14 25 08.000    8.9    1.4   -5.0   10.3 -1771529.5  4283596.5  -608624.9  4675247.5
1986 03 08 14 26 09.000    9.5    1.6   -7.9   12.4 -1769829.2  4279276.5  -608004.2  4670564.5
1986 03 08 14 27 09.000    8.9    5.3   -1.3   10.4 -1768156.6  4275027.0  -607393.8  4665957.5
1986 03 08 14 28 09.000    8.7    5.4    0.7   10.3 -1766484.0  4270778.0  -606783.3  4661351.5
1986 03 08 14 29 09.000    8.2    5.8    1.2   10.1 -1764811.1  4266529.0  -606172.9  4656745.0
1986 03 08 14 30 09.000    9.5    3.9    0.6   10.2 -1763138.0  4262279.5  -605562.4  4652138.0
1986 03 08 14 31 07.000    8.9    3.9    1.6    9.8 -1761520.6  4258172.0  -604972.4  4647685.0
1986 03 08 14 32 07.000    6.0    2.8    0.9    6.7 -1759847.2  4253923.0  -604362.1  4643078.0
1986 03 08 14 33 07.000    0.8    1.6    0.6    1.9 -1758173.6  4249674.0  -603751.7  4638472.0
1986 03 08 14 34 07.000    2.7    2.7    4.0    5.5 -1756500.0  4245425.5  -603141.4  4633865.5
1986 03 08 14 35 07.000    3.1    3.2    4.4    6.2 -1754826.1  4241176.5  -602531.1  4629259.0
1986 03 08 14 36 08.000    4.3    3.4    3.1    6.3 -1753124.2  4236857.0  -601910.6  4624575.5
1986 03 08 14 37 08.000    4.2    2.8    3.2    6.0 -1751450.1  4232608.0  -601300.3  4619968.5
1986 03 08 14 38 08.000    3.5    4.2    3.0    6.2 -1749775.8  4228359.5  -600690.1  4615362.0
1986 03 08 14 39 08.000    5.7    3.0    2.5    6.9 -1748101.4  4224111.0  -600079.9  4610756.0
1986 03 08 14 40 08.000    9.1    1.8    0.4    9.3 -1746426.8  4219862.5  -599469.6  4606149.0
1986 03 08 14 41 08.000    9.4    0.8   -0.6    9.5 -1744752.0  4215614.0  -598859.5  4601542.5
1986 03 08 14 42 08.000    9.6    0.8   -0.7    9.6 -1743077.1  4211366.0  -598249.3  4596936.5
1986 03 08 14 43 08.000    8.4    1.3   -3.3    9.1 -1741402.1  4207117.5  -597639.2  4592329.5
1986 03 08 14 44 08.000    7.2    6.4  -15.2   18.0 -1739727.0  4202869.5  -597029.1  4587723.5
1986 03 08 14 45 08.000    6.5    8.7  -16.9   20.0 -1738051.6  4198621.5  -596418.9  4583117.0
1986 03 08 14 46 09.000    7.6    6.1  -16.6   19.3 -1736348.2  4194302.5  -595798.7  4578433.5
1986 03 08 14 47 09.000    8.4    4.1  -16.2   18.7 -1734672.5  4190054.5  -595188.6  4573827.0
1986 03 08 14 48 09.000    9.3    2.0  -13.9   16.8 -1732996.8  4185806.5  -594578.6  4569220.5
1986 03 08 14 49 09.000   10.5   -1.7   -4.6   11.6 -1731320.8  4181558.8  -593968.6  4564614.5
1986 03 08 14 50 09.000   10.9   -2.3   -8.7   14.1 -1729644.5  4177310.8  -593358.5  4560007.5
1986 03 08 14 51 07.000   10.2    1.2    3.3   10.8 -1728024.1  4173204.8  -592768.8  4555555.0
1986 03 08 14 52 07.000    8.3    3.0    6.1   10.8 -1726347.5  4168957.0  -592158.7  4550948.5
1986 03 08 14 53 07.000    7.3    3.5    6.5   10.4 -1724670.9  4164709.2  -591548.7  4546342.0
1986 03 08 14 54 07.000    8.6    3.2    5.8   10.9 -1722994.0  4160461.8  -590938.6  4541735.5
1986 03 08 14 55 07.000   10.8    1.2    4.1   11.6 -1721316.9  4156214.2  -590328.6  4537128.5
1986 03 08 14 56 08.000   10.9    0.3    3.8   11.5 -1719611.8  4151896.0  -589708.5  4532445.5
1986 03 08 14 57 08.000    8.3   -0.8    3.4    9.0 -1717934.4  4147648.5  -589098.5  4527839.0
1986 03 08 14 58 08.000    6.9   -2.4    3.4    8.0 -1716256.9  4143401.2  -588488.6  4523232.5
1986 03 08 14 59 08.000    7.6   -3.0    1.8    8.4 -1714579.1  4139154.0  -587878.6  4518626.0
1986 03 08 15 00 08.000    7.2   -3.6    0.4    8.1 -1712901.2  4134906.8  -587268.7  4514019.0
1986 03 08 15 01 08.000    6.8   -2.4    1.8    7.4 -1711223.2  4130659.5  -586658.8  4509412.5
1986 03 08 15 02 08.000    5.4   -3.6    1.4    6.6 -1709545.1  4126412.5  -586048.9  4504806.0
1986 03 08 15 03 08.000    5.2   -3.5    1.4    6.4 -1707866.9  4122165.5  -585439.1  4500200.0
1986 03 08 15 04 08.000    6.1   -3.6    1.6    7.2 -1706188.4  4117918.5  -584829.2  4495593.0
1986 03 08 15 05 08.000    9.4   -2.5   -0.2    9.7 -1704509.8  4113671.5  -584219.4  4490986.5
1986 03 08 15 06 09.000   10.9   -1.7    0.0   11.0 -1702803.0  4109353.8  -583599.5  4486303.0
1986 03 08 15 07 09.000    7.7   -5.1   -3.7    9.9 -1701124.0  4105107.0  -582989.8  4481696.5
1986 03 08 15 08 09.000    8.9   -4.5  -11.5   15.2 -1699444.9  4100860.2  -582380.0  4477090.0
1986 03 08 15 09 09.000    8.6   -4.2  -13.2   16.3 -1697765.5  4096613.8  -581770.2  4472483.5
1986 03 08 15 10 09.000    9.0   -3.9  -11.2   14.9 -1696086.0  4092367.0  -581160.6  4467877.0
1986 03 08 15 11 07.000   10.2   -3.3   -4.0   11.4 -1694462.4  4088262.0  -580571.2  4463423.5
1986 03 08 15 13 07.000   10.0   -3.5    0.1   10.6 -1691102.5  4079769.0  -579351.9  4454210.5
1986 03 08 15 14 07.000   11.0   -3.1    0.7   11.5 -1689422.2  4075522.8  -578742.2  4449604.0
1986 03 08 15 15 07.000   12.2    1.5    1.0   12.4 -1687742.0  4071276.2  -578132.6  4444997.5
1986 03 08 15 16 08.000   12.0    4.2    3.5   13.2 -1686033.4  4066959.2  -577512.9  4440314.0
1986 03 08 15 17 08.000   12.2    3.8    3.1   13.1 -1684352.8  4062713.0  -576903.3  4435707.5
1986 03 08 15 18 08.000   13.0    2.2    0.5   13.2 -1682672.0  4058467.0  -576293.8  4431101.0
1986 03 08 15 19 08.000   13.3    1.8    0.1   13.5 -1680991.0  4054221.0  -575684.2  4426494.0
1986 03 08 15 20 08.000   13.0    0.8    0.2   13.0 -1679309.9  4049974.8  -575074.8  4421887.5
1986 03 08 15 21 08.000   13.4    8.5    3.6   16.2 -1677628.6  4045729.0  -574465.2  4417281.0
1986 03 08 15 22 08.000   14.6    7.6    2.8   16.7 -1675947.2  4041483.0  -573855.8  4412674.0
1986 03 08 15 23 08.000   14.9    6.5    2.3   16.4 -1674265.8  4037237.0  -573246.4  4408067.5
1986 03 08 15 24 08.000   15.1    4.0    0.6   15.6 -1672584.0  4032991.2  -572636.9  4403461.0
1986 03 08 15 25 08.000   15.2    3.5   -0.3   15.6 -1670902.1  4028745.5  -572027.6  4398854.5
1986 03 08 15 26 09.000   15.2    2.6   -1.4   15.5 -1669192.1  4024429.2  -571408.0  4394171.0
1986 03 08 15 27 09.000   15.1    1.7   -1.9   15.3 -1667510.0  4020183.5  -570798.6  4389564.5
1986 03 08 15 28 09.000   15.3    1.6   -2.5   15.6 -1665827.8  4015938.0  -570189.3  4384958.0
1986 03 08 15 29 09.000   15.0    1.2   -1.7   15.2 -1664145.2  4011692.5  -569579.9  4380351.0
1986 03 08 15 30 09.000   15.6    1.4   -3.7   16.1 -1662462.6  4007447.2  -568970.6  4375745.0
1986 03 08 15 51 07.000   16.0    1.7   -3.1   16.4 -1627146.2  3918450.8  -556197.9  4279161.0
1986 03 08 15 52 07.000   11.8    0.4  -12.0   16.8 -1625460.1  3914206.5  -555589.0  4274554.0
1986 03 08 15 53 07.000   11.4   -0.1  -13.3   17.5 -1623773.9  3909962.5  -554980.1  4269947.5
1986 03 08 15 54 07.000   10.5    0.8  -14.5   17.9 -1622087.4  3905718.5  -554371.1  4265340.5
1986 03 08 15 55 07.000    9.6   -1.9  -13.1   16.4 -1620400.8  3901474.8  -553762.2  4260734.0
1986 03 08 15 56 08.000   10.7   -1.2  -13.5   17.3 -1618685.8  3897160.0  -553143.2  4256050.5
1986 03 08 15 57 08.000    9.2   -1.2  -14.7   17.3 -1616998.9  3892916.2  -552534.3  4251444.5
1986 03 08 15 58 08.000    9.1   -0.7  -15.1   17.6 -1615311.8  3888672.5  -551925.4  4246837.5
1986 03 08 15 59 08.000    9.2   -0.6  -15.1   17.7 -1613624.5  3884428.8  -551316.6  4242230.5
1986 03 08 16 00 08.000    7.5   -2.2  -13.7   15.8 -1611937.0  3880185.2  -550707.8  4237624.5
1986 03 08 16 01 08.000    7.7   -2.7  -13.6   15.8 -1610249.4  3875941.8  -550099.1  4233017.5
1986 03 08 16 02 08.000    9.5   -0.8  -14.9   17.7 -1608561.6  3871698.2  -549490.3  4228411.0
1986 03 08 16 03 08.000   11.0    1.4  -15.6   19.2 -1606873.8  3867455.0  -548881.6  4223804.5
1986 03 08 16 04 08.000   10.2    2.7  -17.1   20.1 -1605185.6  3863211.8  -548272.9  4219197.5
1986 03 08 16 05 08.000    8.5    3.9  -18.4   20.7 -1603497.4  3858968.5  -547664.1  4214591.0
1986 03 08 16 06 09.000    9.0    1.8  -16.1   18.6 -1601780.9  3854654.5  -547045.3  4209907.5
1986 03 08 16 07 09.000   11.1   -2.0   -5.0   12.4 -1600092.2  3850411.5  -546436.6  4205301.0
1986 03 08 16 08 09.000   10.5   -2.2   -0.4   10.8 -1598403.5  3846168.5  -545828.0  4200694.5
1986 03 08 16 09 09.000   11.3   -1.7   -1.0   11.5 -1596714.6  3841925.5  -545219.3  4196088.0
1986 03 08 16 10 09.000   11.6   -2.1   -1.4   11.9 -1595025.6  3837682.5  -544610.7  4191481.2
1986 03 08 16 12 07.000   15.1    2.5   -8.6   17.6 -1591703.4  3829338.2  -543413.6  4182421.5
1986 03 08 16 13 07.000   15.6    5.7  -12.3   20.7 -1590013.9  3825095.5  -542805.0  4177814.8
1986 03 08 16 14 07.000   13.8    8.8  -14.9   22.1 -1588324.1  3820852.8  -542196.4  4173208.0
1986 03 08 16 15 07.000   11.7    1.1   -7.7   14.0 -1586634.4  3816610.2  -541587.8  4168601.5
1986 03 08 16 16 08.000   12.0    4.9  -14.4   19.4 -1584916.1  3812297.0  -540969.0  4163918.2
1986 03 08 16 17 08.000   10.0    7.6  -17.4   21.5 -1583226.0  3808054.5  -540360.4  4159311.8
1986 03 08 16 18 08.000   10.9    7.4  -17.6   22.0 -1581535.8  3803812.0  -539751.9  4154705.0
1986 03 08 16 19 08.000   12.4    6.3  -16.6   21.7 -1579845.2  3799569.8  -539143.4  4150098.5
1986 03 08 16 20 08.000   11.5    5.1  -16.8   21.0 -1578154.6  3795327.2  -538534.9  4145491.5
1986 03 08 16 21 08.000   11.4    3.8  -16.3   20.3 -1576463.8  3791085.2  -537926.5  4140885.2
1986 03 08 16 22 08.000   10.2    6.2  -16.7   20.5 -1574772.8  3786843.0  -537318.1  4136278.5
1986 03 08 16 23 08.000   10.8    2.8  -16.0   19.5 -1573081.8  3782601.0  -536709.8  4131672.0
1986 03 08 16 24 08.000   11.5    2.7  -16.1   20.0 -1571390.4  3778359.0  -536101.4  4127065.5
1986 03 08 16 25 08.000   11.9    2.5  -15.7   19.8 -1569699.0  3774117.0  -535493.1  4122459.0
1986 03 08 16 26 09.000    9.8   -3.3  -10.3   14.6 -1567979.1  3769804.5  -534874.8  4117775.5
1986 03 08 16 27 09.000   10.5   -2.6  -11.8   16.0 -1566287.4  3765562.8  -534266.4  4113169.0
1986 03 08 16 28 09.000   11.7   -2.2  -11.3   16.4 -1564595.5  3761321.0  -533658.2  4108562.5
1986 03 08 16 29 09.000   12.6   -1.6  -11.1   16.9 -1562903.4  3757079.2  -533050.0  4103956.0
1986 03 08 16 30 09.000   12.2   -3.0   -9.5   15.8 -1561211.1  3752837.8  -532441.8  4099349.5
1986 03 08 16 31 07.000    8.7   -5.2   -8.0   12.9 -1559575.1  3748737.5  -531853.8  4094896.2
1986 03 08 16 32 07.000    9.8   -4.7   -7.1   13.0 -1557882.6  3744496.0  -531245.6  4090289.8
1986 03 08 16 33 07.000   10.9   -3.5   -6.8   13.3 -1556189.9  3740254.8  -530637.3  4085683.5
1986 03 08 16 34 07.000    9.8   -3.2   -2.6   10.6 -1554497.0  3736013.2  -530029.1  4081076.8
1986 03 08 16 35 07.000   11.2   -2.0   -6.5   13.1 -1552804.0  3731772.0  -529420.9  4076470.2
1986 03 08 16 36 08.000   13.1   -1.8   -6.4   14.7 -1551082.5  3727460.0  -528802.6  4071786.8
1986 03 08 16 37 08.000   13.0   -1.1   -6.2   14.4 -1549389.2  3723218.8  -528194.4  4067180.2
1986 03 08 16 38 08.000   11.7   -1.3   -8.0   14.3 -1547695.6  3718977.8  -527586.2  4062573.5
1986 03 08 16 39 08.000   10.7   -1.7  -11.5   15.9 -1546002.0  3714736.5  -526978.1  4057967.0
1986 03 08 16 40 08.000   11.4   -3.6   -7.0   13.9 -1544308.1  3710495.5  -526369.9  4053360.2
1986 03 08 16 41 08.000   11.9   -2.5   -4.6   13.0 -1542614.1  3706254.5  -525761.8  4048753.8
1986 03 08 16 42 08.000   10.1   -4.2   -4.4   11.8 -1540920.0  3702013.8  -525153.6  4044147.2
1986 03 08 16 43 08.000    9.5   -5.0   -5.1   11.9 -1539225.6  3697772.8  -524545.4  4039540.5
1986 03 08 16 44 08.000    9.9   -4.4   -7.6   13.2 -1537531.1  3693532.0  -523937.3  4034933.8
1986 03 08 16 45 08.000   11.7   -0.5   -6.5   13.4 -1535836.5  3689291.2  -523329.2  4030327.2
1986 03 08 16 46 09.000    6.3   -3.2  -10.2   12.4 -1534113.4  3684980.0  -522710.9  4025643.8
1986 03 08 16 47 09.000    6.7   -3.6   -3.3    8.3 -1532418.5  3680739.5  -522102.9  4021037.2
1986 03 08 16 48 09.000   12.7    0.7   -5.1   13.7 -1530723.4  3676498.8  -521494.8  4016430.5
1986 03 08 16 49 09.000   13.1    2.8   -1.6   13.5 -1529028.1  3672258.2  -520886.8  4011824.0
1986 03 08 16 50 09.000   15.4    4.2   -3.3   16.3 -1527332.6  3668018.0  -520278.8  4007217.5
1986 03 08 16 51 07.000    9.8   -2.6   -7.0   12.3 -1525693.8  3663919.0  -519691.2  4002764.2
1986 03 08 16 52 07.000    3.0   -2.4  -12.1   12.7 -1523998.0  3659678.5  -519083.3  3998157.5
1986 03 08 16 53 07.000    3.3    1.2  -15.0   15.4 -1522302.2  3655438.5  -518475.5  3993551.2
1986 03 08 16 54 07.000    0.9    4.4  -15.3   16.0 -1520606.2  3651198.2  -517867.7  3988944.5
1986 03 08 16 55 07.000    9.9   -2.1   -4.4   11.0 -1518910.1  3646958.0  -517259.9  3984338.0
1986 03 08 16 56 08.000   10.2   -1.8   -0.1   10.4 -1517185.5  3642647.2  -516642.0  3979654.5
1986 03 08 16 57 08.000   10.0   -2.2   -6.1   11.9 -1515489.1  3638407.2  -516034.2  3975048.0
1986 03 08 16 58 08.000    7.9   -3.5   -7.8   11.7 -1513792.5  3634167.5  -515426.5  3970441.5
1986 03 08 16 59 08.000    7.9   -4.0   -8.0   11.9 -1512095.6  3629927.5  -514818.7  3965834.8
1986 03 08 17 00 08.000    9.3   -2.5   -8.9   13.1 -1510398.8  3625687.8  -514211.0  3961228.2
1986 03 08 17 01 08.000    7.3   -4.1   -8.3   11.8 -1508701.5  3621448.0  -513603.1  3956621.8
1986 03 08 17 02 08.000   10.8   -1.8  -11.4   15.8 -1507004.2  3617208.2  -512995.2  3952014.8
1986 03 08 17 03 08.000   12.7   -0.8  -12.2   17.6 -1505306.8  3612968.5  -512387.4  3947408.0
1986 03 08 17 04 08.000   11.8   -1.1  -13.3   17.8 -1503609.0  3608729.0  -511779.6  3942801.5
1986 03 08 17 05 08.000    8.7   -1.9  -12.0   14.9 -1501911.1  3604489.5  -511171.8  3938194.8
1986 03 08 17 06 09.000    4.7   -5.0   -8.8   11.1 -1500184.9  3600179.2  -510553.8  3933511.2
1986 03 08 17 07 09.000    6.5   -5.0   -9.1   12.2 -1498486.8  3595940.0  -509946.1  3928904.8
1986 03 08 17 08 09.000    5.7   -6.0   -9.6   12.7 -1496788.4  3591700.5  -509338.3  3924297.8
1986 03 08 17 09 09.000    6.4   -5.7  -10.5   13.6 -1495089.9  3587461.2  -508730.6  3919691.0
1986 03 08 17 10 09.000    5.9   -5.3  -10.5   13.1 -1493391.2  3583222.2  -508122.8  3915084.8
1986 03 08 17 11 07.000    6.5   -4.7  -10.3   13.1 -1491749.0  3579124.2  -507535.5  3910631.2
1986 03 08 17 12 07.000    6.1   -5.4   -9.0   12.2 -1490050.0  3574885.2  -506927.9  3906024.8
1986 03 08 17 13 07.000    6.3   -5.1   -8.9   12.0 -1488351.0  3570646.2  -506320.3  3901418.2
1986 03 08 17 14 07.000    6.1   -4.6   -8.3   11.3 -1486651.6  3566407.5  -505712.8  3896811.8
1986 03 08 17 15 07.000    6.4   -4.8   -9.2   12.1 -1484952.2  3562168.8  -505105.3  3892205.0
1986 03 08 17 16 08.000    7.0   -4.7  -10.4   13.4 -1483224.2  3557859.2  -504487.7  3887521.8
1986 03 08 17 17 08.000    2.9   -5.1   -6.2    8.6 -1481524.5  3553620.5  -503880.2  3882915.0
1986 03 08 17 18 08.000    2.6   -4.8   -5.7    7.9 -1479824.6  3549382.0  -503272.8  3878308.5
1986 03 08 17 19 08.000    2.0   -4.6   -5.5    7.4 -1478124.5  3545143.2  -502665.4  3873701.8
1986 03 08 17 20 08.000    2.3   -5.0   -6.7    8.7 -1476424.2  3540904.8  -502058.0  3869095.2
1986 03 08 17 21 08.000    2.5   -6.2   -7.3    9.9 -1474723.9  3536666.5  -501450.7  3864488.8
1986 03 08 17 22 08.000    1.9   -7.3   -7.3   10.5 -1473023.2  3532428.0  -500843.3  3859881.8
1986 03 08 17 23 08.000    1.7   -7.1   -6.5    9.8 -1471322.5  3528189.8  -500236.0  3855275.5
1986 03 08 17 24 08.000    1.5   -6.9   -6.6    9.7 -1469621.6  3523951.5  -499628.7  3850669.0
1986 03 08 17 25 08.000    1.3   -7.6   -6.8   10.3 -1467920.6  3519713.2  -499021.3  3846062.2
1986 03 08 17 26 09.000   -1.2   -3.1   -2.0    3.9 -1466191.1  3515404.2  -498403.9  3841378.5
1986 03 08 17 27 09.000   -3.4   -2.7   -2.3    4.9 -1464489.8  3511166.2  -497796.7  3836772.0
1986 03 08 17 28 09.000   -2.8   -2.8   -4.6    6.1 -1462788.2  3506928.2  -497189.4  3832165.5
1986 03 08 17 29 09.000    0.6   -2.8  -11.3   11.7 -1461086.5  3502690.2  -496582.2  3827558.8
1986 03 08 17 30 09.000    1.0   -1.7  -13.8   13.9 -1459384.8  3498452.2  -495974.9  3822952.0
1986 03 08 17 31 07.000   14.3    1.2   -6.7   15.8 -1457739.5  3494355.8  -495387.9  3818499.0
1986 03 08 17 32 07.000   13.9   -0.3   -5.9   15.1 -1456037.5  3490118.0  -494780.7  3813892.8
1986 03 08 17 33 07.000   14.1   -0.2   -4.4   14.7 -1454335.2  3485880.2  -494173.4  3809286.0
1986 03 08 17 34 07.000   13.9   -0.8   -4.0   14.4 -1452632.9  3481642.5  -493566.2  3804679.2
1986 03 08 17 35 07.000   15.4    1.7   -2.9   15.8 -1450930.4  3477404.8  -492959.0  3800072.5
1986 03 08 17 36 08.000   12.0   -1.8   -6.0   13.6 -1449199.2  3473096.8  -492341.7  3795389.2
1986 03 08 17 37 08.000   11.2   -3.0   -5.8   13.0 -1447496.4  3468859.2  -491734.5  3790782.5
1986 03 08 17 38 08.000   12.9   -1.6   -6.1   14.4 -1445793.4  3464621.8  -491127.3  3786176.0
1986 03 08 17 39 08.000   10.3   -3.6   -8.0   13.5 -1444090.2  3460384.2  -490520.2  3781569.2
1986 03 08 17 40 08.000    8.2   -4.3   -9.1   12.9 -1442386.9  3456147.0  -489913.1  3776962.5
1986 03 08 17 41 08.000    7.7   -4.0   -9.5   12.9 -1440683.2  3451909.8  -489306.0  3772356.0
1986 03 08 17 42 08.000   13.3    4.3   -0.4   14.0 -1438979.5  3447672.5  -488698.9  3767749.2
1986 03 08 17 43 08.000   12.6   10.7    3.6   16.9 -1437275.6  3443435.5  -488091.8  3763142.5
1986 03 08 17 44 08.000   12.9    9.8    4.3   16.8 -1435571.5  3439198.2  -487484.8  3758536.0
1986 03 08 17 45 08.000   13.2    8.3    3.9   16.1 -1433867.2  3434961.2  -486877.8  3753929.2
1986 03 08 17 46 09.000   13.2    6.5    3.3   15.1 -1432134.5  3430653.8  -486260.7  3749245.8
1986 03 08 17 47 09.000   14.8    5.3    0.9   15.8 -1430429.9  3426416.8  -485653.8  3744639.0
1986 03 08 17 48 09.000   14.3    6.8    1.9   16.0 -1428725.1  3422180.0  -485046.8  3740032.2
1986 03 08 17 49 09.000   14.9    5.8    0.4   16.0 -1427020.2  3417943.2  -484439.9  3735425.8
1986 03 08 17 50 09.000   14.4   12.8   -2.0   19.4 -1425315.2  3413706.5  -483833.0  3730819.0
1986 03 08 17 51 07.000   10.7    9.9    5.0   15.4 -1423667.0  3409611.0  -483246.3  3726365.8
1986 03 08 17 52 07.000   12.0   12.0    4.0   17.4 -1421961.6  3405374.5  -482639.4  3721759.2
1986 03 08 17 53 07.000   11.8   15.2    2.9   19.5 -1420256.2  3401137.8  -482032.6  3717152.2
1986 03 08 17 54 07.000   10.9   10.5    5.9   16.2 -1418550.6  3396901.2  -481425.8  3712545.5
1986 03 08 17 55 07.000   12.3    7.2    5.4   15.3 -1416844.9  3392665.0  -480819.0  3707939.0
1986 03 08 17 56 08.000   11.6    9.4    4.0   15.5 -1415110.6  3388358.0  -480202.1  3703255.5
1986 03 08 17 57 08.000   12.7   13.4    1.3   18.5 -1413404.5  3384121.5  -479595.3  3698648.8
1986 03 08 17 58 08.000   13.2   13.1    3.8   19.0 -1411698.4  3379885.5  -478988.5  3694042.2
1986 03 08 17 59 08.000   13.7   12.2    4.5   18.8 -1409992.0  3375649.2  -478381.8  3689435.5
1986 03 08 18 00 08.000   13.9    7.4    4.5   16.4 -1408285.5  3371413.2  -477775.1  3684829.0
1986 03 08 18 01 08.000   13.9    7.7    4.8   16.6 -1406578.8  3367177.2  -477168.4  3680222.2
1986 03 08 18 02 08.000   13.6   11.6    4.9   18.5 -1404871.9  3362941.5  -476561.8  3675615.8
1986 03 08 18 03 08.000   12.8    3.7    4.8   14.2 -1403164.9  3358705.8  -475955.1  3671009.2
1986 03 08 18 04 08.000   11.3    1.5    5.2   12.6 -1401457.6  3354470.0  -475348.5  3666402.8
1986 03 08 18 05 08.000   10.2    1.1    6.0   11.9 -1399750.4  3350234.5  -474741.9  3661796.2
1986 03 08 18 06 09.000   11.5    4.4    6.1   13.7 -1398014.4  3345928.2  -474125.2  3657113.0
1986 03 08 18 07 09.000   13.4    0.7    2.0   13.6 -1396306.8  3341692.8  -473518.6  3652506.5
1986 03 08 18 08 09.000   15.2    1.1   -0.1   15.3 -1394598.9  3337457.5  -472912.1  3647900.0
1986 03 08 18 09 09.000   15.4    1.4   -1.0   15.5 -1392890.9  3333222.0  -472305.5  3643293.5
1986 03 08 18 10 09.000   15.3    4.6    0.6   16.0 -1391182.8  3328986.8  -471699.0  3638686.8
1986 03 08 18 31 07.000   16.5    2.5   -2.5   16.9 -1355331.9  3240197.8  -458985.2  3542100.2
1986 03 08 18 32 07.000   16.6    2.2   -2.7   17.0 -1353620.1  3235963.8  -458379.1  3537493.8
1986 03 08 18 33 07.000   15.5    1.0   -2.5   15.7 -1351908.4  3231729.8  -457773.0  3532886.8
1986 03 08 18 34 07.000   14.8    0.4   -1.6   14.9 -1350196.4  3227495.8  -457167.0  3528280.2
1986 03 08 18 35 07.000   15.3    2.1   -0.4   15.5 -1348484.2  3223261.8  -456561.0  3523673.2
1986 03 08 18 36 08.000   13.7   -1.3   -4.5   14.5 -1346743.4  3218957.2  -455944.9  3518989.8
1986 03 08 18 37 08.000   14.0    0.8   -1.5   14.1 -1345031.0  3214723.5  -455339.0  3514383.2
1986 03 08 18 38 08.000   12.6   -1.8   -0.3   12.7 -1343318.4  3210489.8  -454733.0  3509776.5
1986 03 08 18 39 08.000   11.6   -3.0   -0.5   12.0 -1341605.5  3206256.0  -454127.1  3505169.8
1986 03 08 18 40 08.000   14.3    1.1    0.8   14.4 -1339892.6  3202022.5  -453521.2  3500563.0
1986 03 08 18 41 08.000   16.2    9.1   -1.1   18.6 -1338179.5  3197789.0  -452915.2  3495956.5
1986 03 08 18 42 08.000   14.5   15.1   -1.6   21.0 -1336466.2  3193555.8  -452309.3  3491350.0
1986 03 08 18 43 08.000   16.7   11.7   -1.8   20.5 -1334752.8  3189322.2  -451703.4  3486743.2
1986 03 08 18 44 08.000   15.8    7.0    0.7   17.3 -1333039.1  3185089.0  -451097.5  3482136.5
1986 03 08 18 45 08.000   15.6    6.5    0.9   16.9 -1331325.4  3180855.8  -450491.6  3477529.8
1986 03 08 18 46 09.000   14.4    5.9    2.4   15.8 -1329583.0  3176552.0  -449875.6  3472846.2
1986 03 08 18 47 09.000   13.3    4.3    3.1   14.3 -1327868.9  3172319.0  -449269.7  3468239.8
1986 03 08 18 48 09.000   10.3   -0.2    2.2   10.5 -1326154.8  3168086.0  -448663.8  3463633.2
1986 03 08 18 49 09.000   13.0    3.0    2.8   13.6 -1324440.4  3163853.0  -448058.0  3459026.5
1986 03 08 18 50 09.000   14.3    8.4    3.4   16.9 -1322725.9  3159620.0  -447452.1  3454419.8
1986 03 08 18 51 07.000   14.1    6.9    3.4   16.1 -1321068.4  3155528.2  -446866.5  3449966.8
1986 03 08 18 52 07.000   12.3    1.4    1.8   12.5 -1319353.6  3151295.2  -446260.6  3445359.8
1986 03 08 18 53 07.000    6.4   -3.8    0.9    7.5 -1317638.6  3147062.5  -445654.8  3440753.2
1986 03 08 18 54 07.000    5.9   -3.4    1.3    6.9 -1315923.5  3142829.5  -445048.9  3436146.2
1986 03 08 18 55 07.000    4.6   -4.6   -1.5    6.7 -1314208.4  3138596.8  -444443.1  3431539.5
1986 03 08 18 56 08.000    8.1   -4.8   -4.1   10.3 -1312464.4  3134293.8  -443827.2  3426856.0
1986 03 08 18 57 08.000   10.5    0.2   -4.3   11.3 -1310748.8  3130061.0  -443221.5  3422249.2
1986 03 08 18 58 08.000   14.8    7.7    0.7   16.6 -1309033.1  3125828.5  -442615.7  3417642.5
1986 03 08 18 59 08.000   15.0    6.8    1.0   16.5 -1307317.2  3121596.0  -442010.0  3413035.8
1986 03 08 19 00 08.000   15.7   10.9   -1.3   19.2 -1305601.1  3117363.8  -441404.2  3408429.2
1986 03 08 19 01 08.000   14.0   12.3    0.3   18.7 -1303885.0  3113131.5  -440798.5  3403822.2
1986 03 08 19 02 08.000   12.8   15.1    1.4   19.8 -1302168.6  3108899.2  -440192.8  3399215.5
1986 03 08 19 03 08.000   15.6    8.6    0.0   17.8 -1300452.1  3104667.2  -439587.2  3394609.0
1986 03 08 19 04 08.000   16.2    8.1   -0.9   18.2 -1298735.5  3100435.2  -438981.6  3390002.8
1986 03 08 19 05 08.000   16.1    8.8   -0.3   18.4 -1297018.6  3096203.2  -438375.9  3385396.0
1986 03 08 19 06 09.000   16.3   10.2   -1.7   19.3 -1295273.0  3091901.0  -437760.2  3380712.5
1986 03 08 19 07 09.000   15.7   10.4   -0.1   18.9 -1293555.9  3087669.2  -437154.7  3376106.0
1986 03 08 19 08 09.000   16.3    7.4   -1.1   17.9 -1291838.5  3083437.5  -436549.2  3371499.5
1986 03 08 19 09 09.000   15.7    3.5   -1.2   16.1 -1290121.0  3079205.8  -435943.7  3366892.8
1986 03 08 19 10 09.000   15.8    3.8   -1.1   16.3 -1288403.4  3074974.2  -435338.2  3362286.2
1986 03 08 19 11 07.000   15.7    2.9   -1.7   16.1 -1286742.8  3070883.8  -434753.0  3357833.2
1986 03 08 19 12 07.000   14.6    1.5   -2.2   14.8 -1285024.6  3066652.2  -434147.6  3353226.8
1986 03 08 19 13 07.000   14.6    2.3   -1.8   14.9 -1283306.4  3062420.8  -433542.3  3348620.0
1986 03 08 19 14 07.000   13.9    1.2   -3.7   14.5 -1281588.0  3058189.5  -432937.0  3344013.2
1986 03 08 19 15 07.000   11.0   -2.5   -5.1   12.4 -1279869.5  3053958.2  -432331.7  3339406.8
1986 03 08 19 16 08.000    9.3   -3.8   -4.8   11.1 -1278122.1  3049656.5  -431716.3  3334723.5
1986 03 08 19 17 08.000   12.3   -0.7   -4.0   13.0 -1276403.2  3045425.2  -431111.1  3330116.8
1986 03 08 19 18 08.000   14.4    1.7   -3.1   14.8 -1274684.2  3041194.0  -430505.8  3325509.8
1986 03 08 19 19 08.000   12.7   -1.1   -7.4   14.8 -1272965.1  3036963.0  -429900.6  3320903.2
1986 03 08 19 20 08.000   14.4    5.9  -11.2   19.2 -1271245.8  3032731.8  -429295.3  3316296.2
1986 03 08 19 21 08.000   12.5    5.2  -11.8   18.0 -1269526.4  3028500.8  -428689.9  3311689.8
1986 03 08 19 22 08.000   14.4    9.4  -11.7   20.8 -1267806.8  3024269.8  -428084.6  3307083.0
1986 03 08 19 23 08.000   11.5   10.5  -11.0   19.1 -1266087.0  3020038.8  -427479.2  3302476.0
1986 03 08 19 24 08.000   10.6   -1.3   -4.4   11.6 -1264367.1  3015808.0  -426873.9  3297869.5
1986 03 08 19 25 08.000    9.0   -2.0   -7.0   11.6 -1262647.1  3011577.2  -426268.6  3293262.8
1986 03 08 19 26 09.000    8.2   -4.4   -6.2   11.2 -1260898.2  3007275.8  -425653.2  3288579.2
1986 03 08 19 27 09.000    7.3   -5.2   -7.5   11.7 -1259177.9  3003045.2  -425047.9  3283972.5
1986 03 08 19 28 09.000    5.8   -5.2   -9.0   11.9 -1257457.4  2998814.5  -424442.7  3279365.8
1986 03 08 19 29 09.000    7.5   -4.5   -9.6   13.0 -1255736.8  2994584.0  -423837.4  3274759.0
1986 03 08 19 30 09.000    8.2   -4.5   -8.3   12.4 -1254015.9  2990353.5  -423232.2  3270152.2
1986 03 08 19 31 18.000   14.2    5.0   -4.1   15.6 -1252036.8  2985488.5  -422536.4  3264854.5
1986 03 08 19 32 18.000   13.0    1.2   -1.7   13.2 -1250315.5  2981258.2  -421931.3  3260247.8
1986 03 08 19 33 18.000   12.2   -0.5   -3.3   12.6 -1248594.2  2977028.0  -421326.3  3255641.0
1986 03 08 19 34 18.000   11.2   -1.5   -4.7   12.2 -1246872.8  2972797.8  -420721.2  3251034.5
1986 03 08 19 35 18.000   12.2    1.3  -11.2   16.6 -1245151.0  2968567.5  -420116.2  3246427.5
1986 03 08 19 36 19.000   12.1    7.4  -14.2   20.1 -1243400.5  2964267.0  -419501.2  3241744.2
1986 03 08 19 37 19.000   11.6    9.5  -14.7   21.0 -1241678.5  2960037.0  -418896.2  3237137.5
1986 03 08 19 38 19.000    9.4    6.0   -8.5   14.0 -1239956.4  2955807.2  -418291.3  3232531.0
1986 03 08 19 39 19.000   10.3    0.3   -2.1   10.5 -1238234.0  2951577.2  -417686.4  3227924.2
1986 03 08 19 40 19.000   12.4    1.3   -5.2   13.5 -1236511.5  2947347.5  -417081.4  3223317.2
1986 03 08 19 41 19.000   11.9    2.5   -1.0   12.2 -1234788.8  2943118.0  -416476.4  3218710.8
1986 03 08 19 42 19.000   11.6    1.5   -1.1   11.8 -1233065.9  2938888.2  -415871.5  3214104.0
1986 03 08 19 43 19.000   13.8    5.5   -5.8   16.0 -1231342.8  2934658.8  -415266.5  3209497.5
1986 03 08 19 44 19.000   10.1    1.2   -2.9   10.6 -1229619.6  2930429.2  -414661.6  3204890.8
1986 03 08 19 45 19.000   11.6    0.9   -2.8   12.0 -1227896.1  2926200.0  -414056.7  3200284.0
1986 03 08 19 46 20.000   12.1    2.9   -8.9   15.2 -1226143.9  2921900.0  -413441.7  3195600.2
1986 03 08 19 47 20.000   12.5    1.2   -5.2   13.6 -1224420.2  2917670.8  -412836.8  3190993.8
1986 03 08 19 48 20.000   11.4    0.7   -7.8   13.8 -1222696.4  2913441.5  -412232.0  3186387.2
1986 03 08 19 49 20.000   10.0   -0.9   -5.1   11.2 -1220972.4  2909212.5  -411627.2  3181780.5
1986 03 08 19 50 20.000    8.8   -1.9   -6.0   10.8 -1219248.2  2904983.2  -411022.4  3177173.8
1986 03 08 20 11 18.000   11.6    0.4   -6.2   13.2 -1183065.5  2816326.0  -398346.3  3080587.0
1986 03 08 20 12 18.000   13.3    4.2   -4.3   14.7 -1181338.0  2812098.2  -397741.9  3075980.2
1986 03 08 20 13 18.000   12.0    2.1   -2.0   12.3 -1179610.4  2807870.5  -397137.6  3071373.5
1986 03 08 20 14 18.000   12.5    9.3   -0.7   15.6 -1177882.5  2803643.0  -396533.2  3066767.0
1986 03 08 20 15 18.000   11.4    5.6    0.9   12.7 -1176154.6  2799415.5  -395929.0  3062160.5
1986 03 08 20 16 19.000   12.3    2.3   -1.7   12.6 -1174397.6  2795117.5  -395314.6  3057477.0
1986 03 08 20 17 19.000   12.7    2.4   -6.5   14.5 -1172669.4  2790890.2  -394710.3  3052870.5
1986 03 08 20 18 19.000   12.3    1.6   -4.1   13.1 -1170940.9  2786663.0  -394106.1  3048263.8
1986 03 08 20 19 19.000   11.7    1.6   -2.4   12.0 -1169212.2  2782435.5  -393501.9  3043657.0
1986 03 08 20 20 19.000   12.9    3.4   -3.7   13.9 -1167483.5  2778208.2  -392897.7  3039050.2
1986 03 08 20 21 19.000   12.6    1.7   -5.7   13.9 -1165754.6  2773981.2  -392293.4  3034444.0
1986 03 08 20 22 19.000   11.4    0.9   -4.7   12.4 -1164025.5  2769754.0  -391689.1  3029837.0
1986 03 08 20 23 19.000   13.3    4.8   -5.6   15.2 -1162296.2  2765526.8  -391084.9  3025230.2
1986 03 08 20 24 19.000   13.4    4.6   -6.3   15.5 -1160566.9  2761299.8  -390480.6  3020623.8
1986 03 08 20 25 19.000   12.2    3.4   -4.6   13.5 -1158837.2  2757072.8  -389876.4  3016017.0
1986 03 08 20 26 20.000   13.0    3.9   -3.4   14.0 -1157078.8  2752775.2  -389262.2  3011333.2
1986 03 08 20 27 20.000   13.3    5.4   -2.8   14.6 -1155348.9  2748548.5  -388658.0  3006726.5
1986 03 08 20 28 20.000   11.5    2.6   -0.7   11.8 -1153618.8  2744321.5  -388053.8  3002119.8
1986 03 08 20 29 20.000   10.2    1.8    0.2   10.4 -1151888.6  2740094.8  -387449.7  2997513.0
1986 03 08 20 30 20.000   11.0    3.8    0.1   11.6 -1150158.2  2735868.0  -386845.7  2992906.0
1986 03 08 20 31 18.000   11.7    4.4   -0.4   12.5 -1148485.4  2731782.2  -386261.8  2988453.0
1986 03 08 20 32 18.000   11.7    2.8   -1.2   12.1 -1146754.6  2727555.8  -385657.8  2983846.2
1986 03 08 20 33 18.000   12.0    3.4   -2.5   12.8 -1145023.8  2723329.2  -385053.9  2979239.5
1986 03 08 20 34 18.000    9.6    4.4    1.4   10.6 -1143292.8  2719102.8  -384450.0  2974632.8
1986 03 08 20 35 18.000    9.7    4.6    2.1   10.9 -1141561.6  2714876.2  -383846.1  2970025.8
1986 03 08 20 36 19.000   10.1    5.8    1.7   11.8 -1139801.5  2710579.5  -383232.2  2965342.5
1986 03 08 20 37 19.000   11.6    5.7    0.0   12.9 -1138070.0  2706353.2  -382628.3  2960735.5
1986 03 08 20 38 19.000   11.7    5.5   -0.9   13.0 -1136338.2  2702127.0  -382024.4  2956129.0
1986 03 08 20 39 19.000   11.5    5.9    0.6   12.9 -1134606.5  2697900.8  -381420.6  2951522.0
1986 03 08 20 40 19.000   11.5    6.7    1.1   13.4 -1132874.5  2693674.8  -380816.8  2946915.2
1986 03 08 20 41 19.000   12.0    6.1    0.8   13.5 -1131142.4  2689448.8  -380212.9  2942308.5
1986 03 08 20 42 19.000   10.8    3.1    0.9   11.3 -1129410.1  2685223.0  -379609.0  2937702.0
1986 03 08 20 43 19.000   10.6    3.7    1.4   11.3 -1127677.6  2680997.0  -379005.2  2933095.0
1986 03 08 20 44 19.000   12.7    5.0   -0.6   13.7 -1125945.0  2676771.2  -378401.3  2928488.2
1986 03 08 20 45 19.000   13.8    3.9   -4.8   15.1 -1124212.2  2672545.5  -377797.5  2923881.8
1986 03 08 20 46 20.000   12.6    2.3   -6.2   14.2 -1122450.4  2668249.5  -377183.7  2919198.2
1986 03 08 20 47 20.000   12.6    2.2   -6.0   14.2 -1120717.2  2664024.0  -376579.9  2914591.5
1986 03 08 20 48 20.000   14.2    4.4   -3.7   15.3 -1118984.1  2659798.5  -375976.2  2909984.8
1986 03 08 20 49 20.000   13.7    5.0   -2.0   14.7 -1117250.6  2655573.0  -375372.5  2905378.0
1986 03 08 20 50 20.000   13.9    8.9   -6.0   17.6 -1115517.1  2651347.5  -374768.8  2900771.2
1986 03 08 20 51 18.000   14.8    7.0   -7.5   18.0 -1113841.2  2647263.0  -374185.3  2896318.2
1986 03 08 20 52 18.000   13.8    9.5   -7.8   18.5 -1112107.5  2643037.8  -373581.8  2891711.5
1986 03 08 20 53 18.000   12.4   11.3  -10.9   20.0 -1110373.6  2638812.5  -372978.2  2887104.8
1986 03 08 20 54 18.000   12.7    8.1   -8.2   17.2 -1108639.5  2634587.2  -372374.8  2882498.0
1986 03 08 20 55 18.000   13.1    3.4   -7.0   15.2 -1106905.2  2630362.2  -371771.3  2877891.2
1986 03 08 20 56 19.000   13.1    3.2   -7.4   15.4 -1105141.9  2626066.8  -371157.7  2873208.0
1986 03 08 20 57 19.000   13.5    3.4   -6.8   15.5 -1103407.2  2621841.8  -370554.3  2868601.2
1986 03 08 20 58 19.000   13.2    3.1   -7.9   15.6 -1101672.5  2617616.8  -369950.8  2863994.2
1986 03 08 20 59 19.000   12.1    2.5   -9.4   15.6 -1099937.6  2613392.0  -369347.3  2859387.8
1986 03 08 21 00 19.000   12.4    2.3   -8.0   14.9 -1098202.5  2609167.2  -368743.9  2854781.0
1986 03 08 21 01 19.000   13.2    4.7   -7.8   16.1 -1096467.2  2604942.5  -368140.3  2850174.2
1986 03 08 21 02 19.000   13.0    4.0   -5.7   14.8 -1094731.8  2600718.0  -367536.8  2845567.5
1986 03 08 21 03 19.000   12.4    3.5   -8.5   15.4 -1092996.0  2596493.5  -366933.2  2840961.0
1986 03 08 21 04 19.000   13.3    3.6   -8.1   15.9 -1091260.2  2592269.0  -366329.7  2836354.0
1986 03 08 21 05 19.000   13.6    5.2   -8.5   16.8 -1089524.2  2588044.5  -365726.2  2831747.2
1986 03 08 21 06 20.000   13.5    4.9   -8.9   16.9 -1087759.1  2583749.8  -365112.7  2827063.8
1986 03 08 21 07 20.000   12.9    3.7   -8.6   15.9 -1086022.9  2579525.5  -364509.2  2822457.2
1986 03 08 21 08 20.000   13.1    4.3   -9.4   16.7 -1084286.4  2575301.2  -363905.7  2817850.5
1986 03 08 21 09 20.000   13.4    5.1   -9.7   17.3 -1082549.9  2571077.0  -363302.3  2813243.8
1986 03 08 21 10 20.000   13.2    4.5   -9.4   16.8 -1080813.1  2566853.0  -362698.9  2808637.0
1986 03 08 21 11 18.000   12.3    3.3   -8.9   15.5 -1079134.1  2562769.5  -362115.7  2804183.8
1986 03 08 21 12 18.000   13.7    4.6   -8.3   16.6 -1077397.1  2558545.5  -361512.4  2799577.0
1986 03 08 21 13 18.000   13.6    4.7   -8.0   16.5 -1075660.0  2554321.5  -360909.2  2794970.2
1986 03 08 21 14 18.000   13.7    5.9   -8.4   17.1 -1073922.6  2550097.5  -360306.0  2790363.2
1986 03 08 21 15 18.000   13.3    5.2   -9.0   16.9 -1072185.1  2545873.5  -359702.8  2785756.5
1986 03 08 21 16 19.000   13.3    9.3  -10.1   19.2 -1070418.6  2541579.2  -359089.6  2781073.0
1986 03 08 21 17 19.000   11.4   12.7  -10.8   20.2 -1068680.9  2537355.5  -358486.4  2776466.2
1986 03 08 21 18 19.000   11.3   10.6  -11.9   19.5 -1066942.9  2533131.8  -357883.2  2771859.2
1986 03 08 21 19 19.000   11.6   11.0  -12.1   20.1 -1065204.8  2528908.2  -357280.1  2767252.5
1986 03 08 21 20 19.000   11.2   11.6  -10.7   19.3 -1063466.5  2524684.5  -356677.0  2762645.8
1986 03 08 21 21 19.000   11.7   10.6  -10.8   19.1 -1061728.1  2520461.0  -356073.8  2758039.0
1986 03 08 21 22 19.000   11.6   10.0  -10.5   18.6 -1059989.5  2516237.8  -355470.7  2753432.2
1986 03 08 21 23 19.000   11.9    8.2  -11.1   18.2 -1058250.8  2512014.2  -354867.5  2748825.5
1986 03 08 21 24 19.000   12.1    8.3   -9.9   17.7 -1056511.8  2507791.0  -354264.4  2744218.5
1986 03 08 21 25 19.000   11.6    8.0  -11.4   18.1 -1054772.8  2503567.8  -353661.3  2739611.8
1986 03 08 21 26 20.000   10.4    6.3  -11.9   17.1 -1053004.5  2499274.2  -353048.1  2734928.5
1986 03 08 21 27 20.000   10.9    6.4  -11.6   17.1 -1051265.1  2495051.2  -352445.1  2730321.8
1986 03 08 21 28 20.000   11.4    4.7  -10.4   16.1 -1049525.6  2490828.2  -351842.0  2725715.0
1986 03 08 21 29 20.000    8.5    3.1  -13.0   15.9 -1047785.9  2486605.2  -351239.0  2721108.2
1986 03 08 21 30 20.000    8.7    7.1  -14.4   18.3 -1046046.1  2482382.5  -350636.0  2716501.5
1986 03 08 21 31 18.000   10.1    8.3  -13.6   18.9 -1044364.1  2478300.5  -350053.2  2712048.5
1986 03 08 21 32 18.000   10.3    9.0  -14.1   19.7 -1042624.0  2474077.8  -349450.4  2707441.8
1986 03 08 21 33 18.000    8.5    9.7  -15.6   20.2 -1040883.8  2469855.0  -348847.5  2702835.0
1986 03 08 21 34 18.000   11.1    7.8  -12.5   18.4 -1039143.3  2465632.5  -348244.7  2698228.5
1986 03 08 21 35 18.000   10.3    6.6  -12.5   17.5 -1037402.8  2461410.0  -347641.9  2693621.8
1986 03 08 21 36 19.000   10.5    6.5  -12.1   17.3 -1035633.0  2457117.0  -347029.1  2688938.2
1986 03 08 21 37 19.000   11.8    5.7  -10.6   16.9 -1033892.1  2452894.8  -346426.3  2684331.8
1986 03 08 21 38 19.000   11.3    7.0  -12.3   18.1 -1032151.1  2448672.5  -345823.6  2679725.2
1986 03 08 21 39 19.000   10.6    4.8   -9.2   14.9 -1030409.9  2444450.2  -345220.8  2675118.5
1986 03 08 21 40 19.000    9.4    0.4   -3.9   10.2 -1028668.6  2440228.0  -344618.1  2670511.8
1986 03 08 21 41 19.000   10.3    0.7   -1.7   10.5 -1026927.1  2436005.8  -344015.4  2665905.0
1986 03 08 21 42 19.000   10.3    1.1   -1.2   10.4 -1025185.4  2431783.8  -343412.6  2661298.5
1986 03 08 21 43 19.000    9.5    1.8   -0.2    9.7 -1023443.5  2427561.8  -342809.9  2656691.8
1986 03 08 21 44 19.000    8.7    1.3    0.1    8.8 -1021701.5  2423339.8  -342207.2  2652085.0
1986 03 08 21 45 19.000    7.1    1.1    0.9    7.2 -1019959.4  2419118.0  -341604.5  2647478.5
1986 03 08 21 46 20.000   10.4    4.3    1.1   11.4 -1018188.0  2414825.8  -340991.7  2642795.0
1986 03 08 21 47 20.000    9.1    0.7   -0.5    9.1 -1016445.5  2410603.8  -340389.0  2638188.0
1986 03 08 21 48 20.000    8.3   -0.2   -0.6    8.3 -1014702.8  2406382.2  -339786.4  2633581.8
1986 03 08 21 49 20.000   10.2    0.1   -5.4   11.6 -1012960.0  2402160.5  -339183.8  2628974.8
1986 03 08 21 50 20.000   11.4    1.0   -7.2   13.5 -1011216.9  2397938.8  -338581.1  2624368.0
1986 03 08 21 51 18.000   10.6    0.9   -7.8   13.2 -1009531.8  2393857.8  -337998.6  2619914.5
1986 03 08 21 52 18.000    9.1   -0.4   -5.1   10.4 -1007788.4  2389636.2  -337396.1  2615307.8
1986 03 08 21 53 18.000    9.7   -0.4   -4.0   10.5 -1006044.9  2385414.8  -336793.5  2610701.0
1986 03 08 21 54 18.000   12.1    4.8   -9.5   16.1 -1004301.1  2381193.2  -336191.0  2606094.0
1986 03 08 21 55 18.000   12.7    5.4   -8.8   16.4 -1002557.2  2376971.8  -335588.5  2601487.2
1986 03 08 21 56 19.000   11.4    2.7   -9.4   15.0 -1000784.1  2372680.0  -334976.0  2596803.5
1986 03 08 21 57 19.000   12.6    3.2   -8.4   15.5  -999039.9  2368458.8  -334373.5  2592196.5
1986 03 08 21 58 19.000   12.2    4.5  -10.5   16.7  -997295.6  2364237.5  -333771.1  2587589.8
1986 03 08 21 59 19.000   10.5    1.5   -9.4   14.2  -995551.1  2360016.5  -333168.7  2582983.0
1986 03 08 22 00 19.000    9.7    1.1   -9.5   13.6  -993806.6  2355795.2  -332566.2  2578376.0
1986 03 08 22 01 19.000    9.1    0.0   -6.7   11.3  -992061.9  2351574.5  -331963.9  2573769.5
1986 03 08 22 02 19.000    8.9    0.0   -7.6   11.7  -990317.1  2347353.8  -331361.5  2569163.0
1986 03 08 22 03 19.000    9.0    0.3   -7.1   11.5  -988572.1  2343133.0  -330759.2  2564556.2
1986 03 08 22 04 19.000    7.9   -0.2   -3.2    8.6  -986827.0  2338912.2  -330156.9  2559949.5
1986 03 08 22 05 19.000    7.5    0.5   -2.1    7.8  -985081.8  2334691.8  -329554.6  2555343.0
1986 03 08 22 06 20.000    8.1    0.4   -3.0    8.6  -983307.2  2330400.8  -328942.2  2550659.5
1986 03 08 22 07 20.000    9.3    1.4   -2.1    9.7  -981561.7  2326180.2  -328340.0  2546053.0
1986 03 08 22 08 20.000    8.3   -0.5   -3.8    9.1  -979815.9  2321960.0  -327737.8  2541446.5
1986 03 08 22 09 20.000    6.7    0.8   -1.3    6.8  -978070.0  2317739.5  -327135.5  2536839.5
1986 03 08 22 10 20.000    3.7   -1.2   -1.5    4.2  -976323.9  2313519.2  -326533.2  2532233.0
1986 03 08 22 11 18.000    6.4   -1.2   -2.8    7.1  -974635.8  2309439.5  -325951.0  2527779.5
1986 03 08 22 12 18.000    6.0   -1.4   -2.5    6.6  -972889.4  2305219.2  -325348.8  2523173.0
1986 03 08 22 13 18.000    4.8   -1.7   -5.4    7.4  -971142.8  2300999.0  -324746.5  2518566.0
1986 03 08 22 14 18.000   -2.1    0.6   -4.3    4.8  -969395.9  2296778.8  -324144.3  2513959.0
1986 03 08 22 15 18.000    5.5    2.0   -2.9    6.5  -967648.9  2292558.8  -323542.1  2509352.5
1986 03 08 22 16 19.000    7.8    1.9   -0.8    8.1  -965872.7  2288268.2  -322929.9  2504668.8
1986 03 08 22 17 19.000   -0.1    1.7  -11.2   11.3  -964125.4  2284048.2  -322327.7  2500061.8
1986 03 08 22 18 19.000    8.1    1.7   -7.3   11.0  -962377.9  2279828.2  -321725.6  2495455.0
1986 03 08 22 19 19.000   10.4    3.2   -3.7   11.5  -960630.3  2275608.5  -321123.4  2490848.2
1986 03 08 22 20 19.000    1.0    0.1   -6.1    6.2  -958882.5  2271388.8  -320521.4  2486241.5
1986 03 08 22 21 19.000   -0.1   -0.8   -7.8    7.8  -957134.6  2267169.2  -319919.4  2481635.0
1986 03 08 22 22 19.000   -0.2   -0.9   -6.6    6.7  -955386.4  2262949.8  -319317.4  2477028.2
1986 03 08 22 23 19.000    5.3    1.5   -2.5    6.0  -953638.1  2258730.2  -318715.5  2472421.5
1986 03 08 22 24 19.000    5.2   -0.3   -2.5    5.8  -951889.8  2254511.0  -318113.6  2467814.8
1986 03 08 22 25 19.000    4.8   -0.8   -3.4    6.0  -950141.1  2250291.5  -317511.7  2463208.0
1986 03 08 22 26 20.000    6.0   -0.6   -3.5    7.0  -948363.2  2246002.0  -316899.8  2458524.8
1986 03 08 22 27 20.000    2.2    0.5   -2.2    3.2  -946614.4  2241782.8  -316297.9  2453918.0
1986 03 08 22 28 20.000    2.6   -0.1   -3.0    4.0  -944865.4  2237563.8  -315696.0  2449311.2
1986 03 08 22 29 20.000    3.6    0.4   -3.3    4.9  -943116.2  2233344.8  -315094.2  2444704.8
1986 03 08 22 30 20.000    5.6    2.2   -2.2    6.4  -941366.9  2229125.8  -314492.4  2440098.0
1986 03 08 22 31 18.000    6.5    0.7    0.0    6.6  -939675.9  2225047.2  -313910.6  2435644.8
1986 03 08 22 32 18.000    7.8   -0.4   -2.6    8.2  -937926.4  2220828.2  -313308.8  2431038.0
1986 03 08 22 33 18.000    6.6    0.2   -0.8    6.7  -936176.7  2216609.2  -312706.9  2426431.2
1986 03 08 22 34 18.000    3.5   -0.2   -0.2    3.5  -934426.9  2212390.5  -312105.1  2421824.5
1986 03 08 22 35 18.000    6.0    0.8   -0.2    6.1  -932676.9  2208171.5  -311503.3  2417217.8
1986 03 08 22 36 19.000    4.5    0.0   -0.9    4.5  -930897.6  2203882.5  -310891.5  2412534.2
1986 03 08 22 37 19.000    3.8   -1.3   -2.9    4.9  -929147.4  2199663.8  -310289.7  2407927.5
1986 03 08 22 38 19.000    5.0   -0.8   -3.5    6.2  -927396.9  2195445.2  -309688.0  2403321.0
1986 03 08 22 39 19.000    7.0    3.5    1.0    7.9  -925646.3  2191226.8  -309086.2  2398714.2
1986 03 08 22 40 19.000    7.0    4.5    2.6    8.7  -923895.6  2187008.2  -308484.4  2394107.5
1986 03 08 22 41 19.000    9.1    4.0    0.7   10.0  -922144.6  2182789.8  -307882.6  2389500.8
1986 03 08 22 42 19.000    8.6    4.7    1.8    9.9  -920393.4  2178571.5  -307280.9  2384894.0
1986 03 08 22 43 19.000    9.9    4.4    0.2   10.8  -918642.0  2174353.2  -306679.1  2380287.2
1986 03 08 22 44 19.000    9.1    3.0   -2.3    9.9  -916890.5  2170135.0  -306077.4  2375680.5
1986 03 08 22 45 19.000   10.0    3.9    0.0   10.8  -915138.9  2165917.0  -305475.7  2371073.8
1986 03 08 22 46 20.000   11.1    3.6   -1.2   11.7  -913357.8  2161628.5  -304863.9  2366390.0
1986 03 08 22 47 20.000   12.4    4.0   -3.1   13.4  -911605.8  2157410.8  -304262.3  2361783.8
1986 03 08 22 48 20.000   11.9    3.5   -5.1   13.5  -909853.6  2153192.8  -303660.6  2357176.8
1986 03 08 22 49 20.000   10.2    1.6   -9.3   13.9  -908101.3  2148974.8  -303059.0  2352569.8
1986 03 08 22 50 20.000   11.2    2.7   -9.8   15.2  -906348.8  2144757.0  -302457.5  2347963.2
1986 03 08 22 51 18.000    9.4    1.7  -10.5   14.2  -904654.6  2140680.0  -301876.2  2343510.2
1986 03 08 22 52 18.000    8.4    1.9  -10.0   13.2  -902901.8  2136462.2  -301274.8  2338903.2
1986 03 08 22 53 18.000    7.7    1.6   -9.7   12.6  -901148.8  2132244.8  -300673.5  2334296.8
1986 03 08 22 54 18.000    6.8    1.7   -9.6   11.9  -899395.6  2128027.0  -300072.2  2329689.8
1986 03 08 22 55 18.000    6.1    1.1   -7.0    9.3  -897642.4  2123809.5  -299470.9  2325083.0
1986 03 08 22 56 19.000    4.7    3.7   -2.6    6.6  -895859.8  2119521.8  -298859.6  2320399.5
1986 03 08 22 57 19.000    6.9    1.9   -6.7    9.8  -894106.1  2115304.5  -298258.3  2315793.0
1986 03 08 22 58 19.000    7.6    1.5   -8.2   11.3  -892352.4  2111087.0  -297657.1  2311186.0
1986 03 08 22 59 19.000    8.3    2.5   -9.9   13.2  -890598.6  2106869.8  -297055.8  2306579.5
1986 03 08 23 00 19.000    5.9    3.1  -11.4   13.2  -888844.6  2102652.5  -296454.6  2301972.5
1986 03 08 23 01 19.000    7.3    3.3  -10.7   13.4  -887090.5  2098435.2  -295853.2  2297365.8
1986 03 08 23 02 19.000    7.3    5.6  -13.6   16.4  -885336.3  2094218.0  -295251.9  2292758.8
1986 03 08 23 03 19.000    7.7    6.9  -14.2   17.6  -883581.9  2090000.9  -294650.6  2288152.0
1986 03 08 23 04 19.000    7.1    6.6  -14.0   17.0  -881827.4  2085783.9  -294049.3  2283545.2
1986 03 08 23 05 19.000    6.8    6.8  -13.5   16.5  -880072.8  2081566.8  -293448.0  2278938.5
1986 03 08 23 06 20.000    6.2    6.9  -13.3   16.2  -878288.7  2077279.6  -292836.6  2274254.8
1986 03 08 23 07 20.000    5.9    7.1  -14.0   16.8  -876533.8  2073062.6  -292235.3  2269648.0
1986 03 08 23 08 20.000    6.6    7.7  -13.5   16.9  -874778.6  2068845.9  -291634.1  2265041.2
1986 03 08 23 09 20.000    7.6    5.0  -13.2   16.0  -873023.3  2064629.1  -291032.8  2260434.2
1986 03 08 23 10 20.000    6.5    4.5  -14.0   16.1  -871267.8  2060412.5  -290431.6  2255827.5
1986 03 08 23 11 18.000    6.3    2.6  -12.5   14.2  -869570.6  2056336.5  -289850.4  2251374.2
1986 03 08 23 12 18.000    5.5    7.0  -15.0   17.5  -867814.8  2052120.1  -289249.2  2246767.8
1986 03 08 23 13 18.000    3.8    7.6  -14.6   16.9  -866058.7  2047903.8  -288648.1  2242160.8
1986 03 08 23 14 18.000    4.0    2.1  -12.4   13.2  -864302.5  2043687.5  -288047.0  2237554.0
1986 03 08 23 15 18.000    4.6    3.0  -12.9   14.0  -862546.1  2039471.2  -287445.8  2232947.2
1986 03 08 23 16 19.000    4.9    5.5  -14.3   16.1  -860760.3  2035184.9  -286834.8  2228264.0
1986 03 08 23 17 19.000    4.8    5.7  -13.9   15.8  -859003.6  2030968.8  -286233.7  2223657.2
1986 03 08 23 18 19.000    4.9    3.5  -11.7   13.1  -857246.8  2026752.8  -285632.7  2219050.5
1986 03 08 23 19 19.000    5.2    2.1  -10.4   11.8  -855489.8  2022536.9  -285031.7  2214443.8
1986 03 08 23 20 19.000    5.8    1.3   -7.0    9.1  -853732.6  2018321.0  -284430.7  2209837.0
1986 03 08 23 21 19.000    6.7    1.5   -3.9    7.9  -851975.2  2014105.1  -283829.8  2205230.2
1986 03 08 23 22 19.000    4.5    0.4   -4.5    6.4  -850217.7  2009889.2  -283228.9  2200623.5
1986 03 08 23 23 19.000    4.0    1.7   -7.2    8.4  -848460.0  2005673.5  -282628.1  2196016.8
1986 03 08 23 24 19.000    1.1    2.4   -7.7    8.1  -846702.2  2001457.9  -282027.3  2191410.0
1986 03 08 23 25 19.000    3.1    1.9   -7.4    8.2  -844944.2  1997242.2  -281426.5  2186803.2
1986 03 08 23 26 20.000    3.1    1.1   -4.7    5.7  -843156.8  1992956.5  -280815.7  2182119.8
1986 03 08 23 27 20.000    3.7    1.3   -4.7    6.1  -841398.5  1988741.0  -280214.9  2177513.0
1986 03 08 23 28 20.000    3.8    2.0   -2.2    4.8  -839640.1  1984525.5  -279614.2  2172906.0
1986 03 08 23 29 20.000    5.2    1.6   -2.8    6.1  -837881.5  1980310.2  -279013.5  2168299.5
1986 03 08 23 30 20.000    4.3    1.1   -3.6    5.7  -836122.8  1976094.9  -278412.8  2163692.8
1986 03 08 23 31 18.000    3.2    1.9   -2.1    4.2  -834422.5  1972020.2  -277832.0  2159239.5
1986 03 08 23 32 18.000    4.1    2.8   -1.5    5.2  -832663.5  1967805.1  -277231.2  2154632.8
1986 03 08 23 33 18.000    4.1    2.3   -1.0    4.8  -830904.3  1963590.1  -276630.5  2150026.2
1986 03 08 23 34 18.000    4.7    1.3   -2.2    5.3  -829145.0  1959375.2  -276029.8  2145419.8
1986 03 08 23 35 18.000    1.9    1.4   -0.7    2.5  -827385.5  1955160.2  -275429.1  2140813.0
1986 03 08 23 36 19.000    1.3    0.9   -2.6    3.0  -825596.6  1950875.2  -274818.4  2136129.5
1986 03 08 23 37 19.000    2.7    0.9   -2.1    3.6  -823836.8  1946660.4  -274217.7  2131522.8
1986 03 08 23 38 19.000    3.8    1.4   -3.2    5.2  -822076.9  1942445.6  -273617.1  2126916.0
1986 03 08 23 39 19.000    3.9    1.8   -0.8    4.3  -820316.8  1938231.0  -273016.4  2122309.2
1986 03 08 23 40 19.000    4.9    0.9   -3.0    5.8  -818556.6  1934016.4  -272415.8  2117702.8
1986 03 08 23 41 19.000    4.8    1.5   -5.6    7.5  -816796.2  1929801.8  -271815.2  2113096.0
1986 03 08 23 42 19.000    3.5    1.8   -5.1    6.4  -815035.8  1925587.1  -271214.6  2108489.2
1986 03 08 23 43 19.000    2.6    3.1   -7.8    8.9  -813275.1  1921372.6  -270614.1  2103882.5
1986 03 08 23 44 19.000    3.2    3.6   -9.5   10.7  -811514.3  1917158.1  -270013.5  2099275.8
1986 03 08 23 45 19.000    2.2    3.4   -9.1   10.0  -809753.4  1912943.8  -269413.0  2094668.9
1986 03 08 23 46 20.000    2.2    1.5   -7.6    8.1  -807962.9  1908659.1  -268802.5  2089985.4
1986 03 08 23 47 20.000    3.1    1.5   -7.2    8.0  -806201.6  1904444.8  -268202.1  2085378.4
1986 03 08 23 48 20.000    2.5    2.0   -6.9    7.6  -804440.1  1900230.6  -267601.7  2080771.8
1986 03 08 23 49 20.000    3.2    3.5  -10.0   11.1  -802678.5  1896016.4  -267001.2  2076164.9
1986 03 08 23 50 20.000    2.9    2.1   -9.1    9.7  -800916.7  1891802.4  -266400.9  2071558.2
1986 03 08 23 51 18.000    1.4    3.7  -10.7   11.4  -799213.4  1887728.9  -265820.6  2067105.0
1986 03 08 23 52 18.000    3.4    4.2   -7.1    8.9  -797451.2  1883514.9  -265220.4  2062498.1
1986 03 08 23 53 18.000    4.8    2.5   -7.3    9.1  -795688.9  1879301.1  -264620.2  2057891.5
1986 03 08 23 54 18.000    6.7    4.8  -10.3   13.2  -793926.4  1875087.2  -264019.9  2053284.6
1986 03 08 23 55 18.000    5.6    5.4  -11.3   13.7  -792163.7  1870873.6  -263419.8  2048678.0
1986 03 08 23 56 19.000    4.5    2.7  -10.1   11.4  -790371.4  1866589.8  -262809.6  2043994.4
1986 03 08 23 57 19.000    3.1    1.9   -9.8   10.5  -788608.4  1862376.1  -262209.4  2039387.6
1986 03 08 23 58 19.000    3.7    1.5   -4.1    5.7  -786845.3  1858162.6  -261609.2  2034781.0
1986 03 08 23 59 19.000    6.6    3.7   -3.6    8.4  -785082.0  1853949.1  -261009.1  2030174.1
1986 03 09 00 00 19.000    5.0    4.5   -1.2    6.8  -783318.6  1849735.8  -260408.9  2025567.4
1986 03 09 00 01 19.000    7.4    5.1   -5.9   10.7  -781555.0  1845522.4  -259808.7  2020960.6
1986 03 09 00 02 19.000    5.4    2.5   -7.5    9.6  -779791.3  1841309.1  -259208.5  2016353.9
1986 03 09 00 03 19.000    9.9    8.8   -6.3   14.7  -778027.4  1837095.9  -258608.2  2011747.0
1986 03 09 00 04 19.000    8.3    9.1   -7.8   14.6  -776263.4  1832882.8  -258008.0  2007140.2
1986 03 09 00 05 19.000    9.1   10.1   -8.5   16.1  -774499.2  1828669.6  -257407.8  2002533.5
1986 03 09 00 06 20.000    8.3    8.4  -10.3   15.7  -772705.6  1824386.4  -256797.6  1997850.0
1986 03 09 00 07 20.000    8.5    9.0  -10.3   16.2  -770941.1  1820173.4  -256197.4  1993243.2
1986 03 09 00 08 20.000    9.3    7.2   -7.9   14.2  -769176.4  1815960.4  -255597.2  1988636.4
1986 03 09 00 09 20.000    9.3    8.3   -8.6   15.1  -767411.6  1811747.5  -254997.1  1984029.5
1986 03 09 00 10 20.000    8.7    7.9   -8.4   14.4  -765646.7  1807534.8  -254397.0  1979422.8
1986 03 09 00 11 18.000    6.0    1.5   -7.9   10.1  -763940.4  1803462.4  -253816.9  1974969.4
1986 03 09 00 12 18.000    8.3    1.6   -6.1   10.4  -762175.1  1799249.6  -253216.8  1970362.6
1986 03 09 00 13 18.000    9.2    2.5   -6.4   11.5  -760409.6  1795037.0  -252616.7  1965755.9
1986 03 09 00 14 18.000    7.3    1.5   -6.6    9.9  -758644.0  1790824.5  -252016.7  1961149.1
1986 03 09 00 15 18.000    8.3    2.9   -6.4   10.9  -756878.2  1786612.0  -251416.7  1956542.2
1986 03 09 00 16 19.000   10.5    6.4   -7.1   14.2  -755082.9  1782329.2  -250806.7  1951858.5
1986 03 09 00 17 19.000    9.6    5.7   -8.6   14.1  -753316.8  1778116.9  -250206.8  1947251.8
1986 03 09 00 18 19.000   10.2    6.4   -7.7   14.2  -751550.6  1773904.6  -249606.8  1942644.9
1986 03 09 00 19 19.000    8.8    5.3   -4.6   11.3  -749784.1  1769692.4  -249006.9  1938038.1
1986 03 09 00 20 19.000   10.5    6.1   -5.5   13.3  -748017.6  1765480.1  -248407.0  1933431.2
1986 03 09 00 21 19.000   10.7    5.1   -4.6   12.7  -746250.8  1761268.1  -247807.2  1928824.5
1986 03 09 00 22 19.000   10.6    3.6   -5.3   12.4  -744483.9  1757056.1  -247207.5  1924217.8
1986 03 09 00 23 19.000    9.8    3.7   -6.0   12.1  -742716.8  1752844.1  -246607.7  1919610.9
1986 03 09 00 24 19.000    8.7    2.4   -6.0   10.9  -740949.6  1748632.2  -246008.0  1915004.1
1986 03 09 00 25 19.000    6.8    1.4   -7.2   10.0  -739182.2  1744420.5  -245408.3  1910397.5
1986 03 09 00 26 20.000    5.7    1.2   -8.9   10.6  -737385.2  1740138.5  -244798.6  1905713.9
1986 03 09 00 27 20.000    4.8    1.3   -7.6    9.1  -735617.5  1735926.9  -244199.0  1901107.1
1986 03 09 00 28 20.000    5.0    2.1   -8.4   10.0  -733849.7  1731715.2  -243599.3  1896500.4
1986 03 09 00 29 20.000    4.4    1.8   -8.9   10.1  -732081.8  1727503.6  -242999.7  1891893.6
1986 03 09 00 30 20.000    5.0    1.6   -6.5    8.4  -730313.6  1723292.1  -242400.1  1887286.8
1986 03 09 00 31 18.000    7.5    2.4   -5.7    9.8  -728604.4  1719221.1  -241820.6  1882833.8
1986 03 09 00 32 18.000    6.6    1.9   -8.1   10.6  -726836.1  1715009.6  -241221.0  1878226.9
1986 03 09 00 33 18.000    6.3    1.9   -7.9   10.3  -725067.7  1710798.4  -240621.5  1873620.4
1986 03 09 00 34 18.000    6.1    1.7   -6.4    9.0  -723299.1  1706587.0  -240022.0  1869013.5
1986 03 09 00 35 18.000    8.1    2.8   -6.4   10.7  -721530.4  1702375.9  -239422.5  1864406.9
1986 03 09 00 36 19.000    9.1    3.8   -4.1   10.7  -719731.9  1698094.5  -238813.0  1859723.4
1986 03 09 00 37 19.000    8.6    3.2   -5.8   10.9  -717962.9  1693883.4  -238213.6  1855116.5
1986 03 09 00 38 19.000    8.5    2.1   -6.2   10.8  -716193.6  1689672.4  -237614.1  1850509.8
1986 03 09 00 39 19.000    9.7    4.2   -7.7   13.1  -714424.2  1685461.5  -237014.6  1845903.1
1986 03 09 00 40 19.000    9.6    5.2   -4.8   11.9  -712654.6  1681250.6  -236415.1  1841296.4
1986 03 09 00 41 19.000    8.4    3.1   -4.5   10.0  -710884.6  1677039.8  -235815.6  1836689.5
1986 03 09 00 42 19.000    8.6    3.6   -2.2    9.6  -709114.6  1672829.1  -235216.0  1832082.8
1986 03 09 00 43 19.000    8.9    2.9   -3.1    9.9  -707344.3  1668618.5  -234616.5  1827476.0
1986 03 09 00 44 19.000    8.9    2.7   -3.6   10.0  -705573.9  1664407.9  -234017.0  1822869.2
1986 03 09 00 45 19.000    8.5    3.1   -3.6    9.8  -703803.3  1660197.4  -233417.5  1818262.5
1986 03 09 00 46 20.000    8.3    2.9   -2.4    9.1  -702003.1  1655916.8  -232808.0  1813578.9
1986 03 09 00 47 20.000   10.1    4.2   -5.4   12.2  -700232.1  1651706.4  -232208.5  1808972.0
1986 03 09 00 48 20.000   10.4    4.5   -7.9   13.8  -698461.1  1647496.0  -231609.0  1804365.2
1986 03 09 00 49 20.000    9.7    5.8   -8.8   14.3  -696689.9  1643285.8  -231009.6  1799758.5
1986 03 09 00 50 20.000    9.0    4.0   -7.0   12.1  -694918.6  1639075.6  -230410.2  1795151.6
1986 03 09 00 51 18.000    8.2    4.1   -9.7   13.4  -693206.2  1635005.8  -229830.9  1790698.5
1986 03 09 00 52 18.000    9.2    3.9   -5.1   11.2  -691434.7  1630795.8  -229231.6  1786091.8
1986 03 09 00 53 18.000    8.7    2.6   -4.7   10.3  -689663.1  1626585.6  -228632.4  1781485.0
1986 03 09 00 54 18.000    9.2    4.0   -5.4   11.4  -687891.2  1622375.8  -228033.1  1776878.2
1986 03 09 00 55 18.000   10.2    5.3   -6.3   13.1  -686119.2  1618165.8  -227433.9  1772271.6
1986 03 09 00 56 19.000    8.2    3.3   -4.4    9.9  -684317.6  1613885.8  -226824.8  1767588.0
1986 03 09 00 57 19.000    6.6    6.9   -5.9   11.2  -682545.4  1609676.0  -226225.6  1762981.2
1986 03 09 00 58 19.000    9.7    5.3   -6.2   12.7  -680772.9  1605466.2  -225626.5  1758374.5
1986 03 09 00 59 19.000    9.9    5.1   -5.4   12.4  -679000.4  1601256.6  -225027.4  1753767.9
1986 03 09 01 00 19.000   10.2    5.2   -5.6   12.8  -677227.6  1597047.0  -224428.3  1749161.0
1986 03 09 01 01 19.000   10.8    5.3   -5.9   13.4  -675454.6  1592837.4  -223829.2  1744554.2
1986 03 09 01 02 19.000   10.2    4.1   -4.2   11.7  -673681.6  1588627.9  -223230.2  1739947.4
1986 03 09 01 03 19.000    9.4    3.5   -6.4   11.9  -671908.3  1584418.5  -222631.1  1735340.6
1986 03 09 01 04 19.000    9.2    4.8   -3.7   11.0  -670134.9  1580209.0  -222032.1  1730733.9
1986 03 09 01 05 19.000    9.6    4.4   -4.3   11.4  -668361.3  1575999.8  -221433.1  1726127.1
1986 03 09 01 06 20.000    9.4    3.3   -4.3   10.9  -666558.0  1571720.4  -220824.2  1721443.5
1986 03 09 01 07 20.000    9.8    3.5   -4.1   11.2  -664784.1  1567511.1  -220225.2  1716836.8
1986 03 09 01 08 20.000    9.3    3.5   -4.4   10.9  -663010.1  1563302.0  -219626.2  1712230.0
1986 03 09 01 09 20.000    8.7    3.5   -5.2   10.7  -661235.9  1559093.0  -219027.3  1707623.1
1986 03 09 01 10 20.000    8.5    4.7   -2.9   10.1  -659461.6  1554884.0  -218428.3  1703016.4
1986 03 09 01 11 18.000    7.7    2.1   -5.3    9.6  -657746.2  1550815.5  -217849.3  1698563.2
1986 03 09 01 12 18.000    7.6    2.3   -4.8    9.3  -655971.6  1546606.6  -217250.3  1693956.5
1986 03 09 01 13 18.000    7.1    1.5   -4.8    8.7  -654196.9  1542397.9  -216651.4  1689349.8
1986 03 09 01 14 18.000    7.0    2.6   -3.7    8.4  -652421.9  1538189.2  -216052.4  1684743.1
1986 03 09 01 15 18.000    8.5    4.6   -4.9   10.8  -650646.9  1533980.6  -215453.5  1680136.4
1986 03 09 01 16 19.000    7.7    3.6   -3.3    9.1  -648842.1  1529701.9  -214844.6  1675452.8
1986 03 09 01 17 19.000    7.1    4.9   -1.0    8.7  -647066.7  1525493.5  -214245.8  1670846.1
1986 03 09 01 18 19.000    7.5    4.1   -3.3    9.1  -645291.2  1521285.0  -213647.0  1666239.5
1986 03 09 01 19 19.000    8.8    4.7   -3.9   10.8  -643515.5  1517076.6  -213048.2  1661632.8
1986 03 09 01 20 19.000    8.5    2.8   -6.0   10.8  -641739.6  1512868.4  -212449.4  1657026.0
1986 03 09 01 21 19.000    9.7    4.0   -6.4   12.3  -639963.6  1508660.1  -211850.8  1652419.2
1986 03 09 01 22 19.000    9.3    3.4   -6.0   11.6  -638187.4  1504451.9  -211252.3  1647812.5
1986 03 09 01 23 19.000    9.1    3.7   -6.4   11.8  -636411.1  1500243.8  -210653.7  1643205.9
1986 03 09 01 24 19.000    9.5    6.0   -4.5   12.1  -634634.6  1496035.8  -210055.2  1638599.2
1986 03 09 01 25 19.000    7.7    3.7   -4.4    9.6  -632857.9  1491827.8  -209456.7  1633992.5
1986 03 09 01 26 20.000   10.4    5.2   -6.1   13.1  -631051.4  1487549.6  -208848.3  1629308.9
1986 03 09 01 27 20.000   10.9    5.8   -8.5   15.0  -629274.4  1483341.8  -208249.8  1624702.1
1986 03 09 01 28 20.000    9.1    4.0   -9.3   13.6  -627497.2  1479133.9  -207651.4  1620095.4
1986 03 09 01 29 20.000    9.9    7.0   -9.1   15.1  -625719.9  1474926.1  -207053.0  1615488.6
1986 03 09 01 30 20.000    8.7    5.6  -10.2   14.6  -623942.5  1470718.4  -206454.5  1610881.9
1986 03 09 01 31 18.000   10.6    6.0   -5.1   13.2  -622224.1  1466651.0  -205875.9  1606428.8
1986 03 09 01 32 18.000    9.7    4.8   -7.6   13.2  -620446.3  1462443.4  -205277.4  1601821.9
1986 03 09 01 33 18.000   10.8    5.8   -6.4   13.9  -618668.4  1458235.9  -204678.9  1597215.1
1986 03 09 01 34 18.000   11.3    7.7   -7.6   15.7  -616890.2  1454028.4  -204080.3  1592608.1
1986 03 09 01 35 18.000   10.6    7.2   -5.9   14.1  -615112.0  1449821.0  -203481.8  1588001.4
1986 03 09 01 36 19.000   10.9    9.9   -5.6   15.7  -613303.9  1445543.5  -202873.3  1583317.9
1986 03 09 01 37 19.000    9.4    7.0   -5.9   13.1  -611525.3  1441336.2  -202274.9  1578711.0
1986 03 09 01 38 19.000    9.0    8.3   -9.1   15.2  -609746.6  1437129.0  -201676.4  1574104.2
1986 03 09 01 39 19.000    8.3    4.4   -9.5   13.3  -607967.7  1432921.9  -201077.9  1569497.4
1986 03 09 01 40 19.000    9.8    4.9   -7.9   13.5  -606188.6  1428714.8  -200479.5  1564890.5
1986 03 09 01 41 19.000    7.8    5.3   -8.5   12.6  -604409.4  1424507.8  -199881.1  1560283.9
1986 03 09 01 42 19.000    8.4    7.2   -7.8   13.5  -602629.9  1420300.9  -199282.8  1555677.0
1986 03 09 01 43 19.000    8.1    8.7   -7.7   14.2  -600850.4  1416094.0  -198684.4  1551070.2
1986 03 09 01 44 19.000    8.9    7.0   -6.5   13.0  -599070.7  1411887.2  -198086.1  1546463.4
1986 03 09 01 45 19.000    8.0    8.5   -8.2   14.3  -597290.8  1407680.6  -197487.8  1541856.9
1986 03 09 01 46 20.000    7.0    6.2   -4.9   10.5  -595481.1  1403403.9  -196879.5  1537173.2
1986 03 09 01 47 20.000    6.3    7.4   -6.3   11.6  -593700.9  1399197.2  -196281.3  1532566.5
1986 03 09 01 48 20.000    6.9    5.4   -8.4   12.1  -591920.6  1394990.8  -195683.0  1527959.8
1986 03 09 01 49 20.000    1.7    5.0  -11.3   12.5  -590140.1  1390784.2  -195084.8  1523353.0
1986 03 09 01 50 20.000   -0.6    3.4   -5.4    6.4  -588359.4  1386577.9  -194486.6  1518746.2
1986 03 09 01 51 18.000    1.0    2.7   -7.7    8.2  -586638.0  1382511.8  -193908.4  1514293.0
1986 03 09 01 52 18.000   -0.1    4.4   -1.9    4.8  -584857.1  1378305.5  -193310.2  1509686.4
1986 03 09 01 53 18.000   -0.6    5.6   -5.0    7.6  -583076.1  1374099.2  -192712.0  1505079.5
1986 03 09 01 54 18.000   -2.6    4.9   -5.9    8.2  -581294.8  1369893.0  -192113.9  1500472.6
1986 03 09 01 55 18.000   -3.2    9.2   -4.0   10.6  -579513.4  1365686.9  -191515.8  1495866.0
1986 03 09 01 56 19.000    1.2    7.7   -5.9    9.8  -577702.2  1361410.8  -190907.8  1491182.4
1986 03 09 01 57 19.000   -1.2    3.7   -9.1    9.9  -575920.6  1357204.8  -190309.7  1486575.6
1986 03 09 01 58 19.000   -1.5    5.4   -6.8    8.8  -574138.8  1352998.9  -189711.7  1481968.9
1986 03 09 01 59 19.000   -5.4    3.1   -8.8   10.8  -572356.8  1348793.0  -189113.6  1477362.1
1986 03 09 02 00 19.000   -0.8    3.8  -10.0   10.8  -570574.6  1344587.1  -188515.6  1472755.2
1986 03 09 02 01 19.000    1.3    5.3   -7.7    9.4  -568792.4  1340381.4  -187917.6  1468148.5
1986 03 09 02 02 19.000    3.4    0.7   -7.8    8.6  -567010.0  1336175.8  -187319.7  1463541.9
1986 03 09 02 03 19.000   -0.9    0.1   -9.3    9.3  -565227.5  1331970.0  -186721.7  1458935.0
1986 03 09 02 04 19.000   -0.3   -0.4   -7.7    7.8  -563444.8  1327764.5  -186123.8  1454328.2
1986 03 09 02 05 19.000   -3.6    5.1   -6.0    8.7  -561661.9  1323559.0  -185525.9  1449721.5
1986 03 09 02 06 20.000   -2.5    5.1   -2.1    6.0  -559849.2  1319283.4  -184918.0  1445037.9
1986 03 09 02 07 20.000   -0.6    1.2   -4.8    5.0  -558066.0  1315078.0  -184320.1  1440431.1
1986 03 09 02 08 20.000   -2.0    0.1   -9.3    9.5  -556282.6  1310872.8  -183722.3  1435824.4
1986 03 09 02 09 20.000    2.2    0.8   -4.1    4.7  -554499.1  1306667.5  -183124.5  1431217.6
1986 03 09 02 10 20.000   -2.0    2.2   -9.8   10.2  -552715.4  1302462.2  -182526.8  1426610.8
1986 03 09 02 11 18.000   -5.9    5.0   -9.5   12.3  -550990.9  1298397.4  -181949.0  1422157.6
1986 03 09 02 12 18.000   -1.0    2.0   -3.5    4.1  -549206.8  1294192.4  -181351.4  1417550.9
1986 03 09 02 13 18.000   -1.5    7.9   -4.5    9.2  -547422.6  1289987.4  -180753.7  1412944.0
1986 03 09 02 14 18.000   -4.5    6.7   -7.2   10.8  -545638.1  1285782.5  -180156.1  1408337.2
1986 03 09 02 15 18.000   -5.1    5.0   -8.4   11.0  -543853.6  1281577.8  -179558.5  1403730.5
1986 03 09 02 16 19.000   -5.6    5.2   -4.6    8.9  -542039.1  1277302.9  -178951.0  1399047.0
1986 03 09 02 17 19.000   -5.0    5.3   -9.1   11.6  -540254.2  1273098.2  -178353.4  1394440.4
1986 03 09 02 18 19.000   -3.2    2.1   -9.2    9.9  -538469.1  1268893.6  -177755.9  1389833.5
1986 03 09 02 19 19.000    0.0    1.2   -8.7    8.8  -536683.9  1264689.1  -177158.3  1385226.8
1986 03 09 02 20 19.000   -1.4    3.0   -8.9    9.5  -534898.7  1260484.6  -176560.8  1380620.1
1986 03 09 02 21 19.000   -2.4    2.7   -9.4   10.1  -533113.2  1256280.1  -175963.1  1376013.2
1986 03 09 02 22 19.000    1.5   -2.0   -8.9    9.2  -531327.8  1252075.8  -175365.5  1371406.5
1986 03 09 02 23 19.000   -1.1    4.2   -1.9    4.7  -529542.1  1247871.4  -174767.8  1366799.8
1986 03 09 02 24 19.000   -1.8    3.4  -11.7   12.3  -527756.2  1243667.1  -174170.2  1362193.0
1986 03 09 02 25 19.000    2.9   -3.5   -5.9    7.4  -525970.3  1239462.9  -173572.6  1357586.2
1986 03 09 02 26 20.000    1.6    2.6   -7.7    8.3  -524154.4  1235188.6  -172965.0  1352902.6
1986 03 09 02 27 20.000   -8.0    6.2  -10.7   14.8  -522368.2  1230984.5  -172367.4  1348295.9
1986 03 09 02 28 20.000   -9.5    6.2   -9.5   14.8  -520581.7  1226780.5  -171769.9  1343689.1
1986 03 09 02 29 20.000    0.1    0.5   -8.4    8.4  -518795.2  1222576.6  -171172.3  1339082.5
1986 03 09 02 30 20.000   -6.7    5.6  -14.5   16.9  -517008.4  1218372.8  -170574.9  1334475.9
1986 03 09 02 31 18.000    1.0   -0.5   -9.6    9.7  -515281.0  1214309.1  -169997.4  1330022.6
1986 03 09 02 32 18.000   -2.0    0.6   -2.1    3.0  -513493.9  1210105.4  -169400.0  1325415.9
1986 03 09 02 33 18.000   -3.0    2.0   -6.6    7.5  -511706.7  1205901.8  -168802.7  1320809.2
1986 03 09 02 34 18.000   11.1   -0.8   -9.1   14.3  -509919.3  1201698.1  -168205.4  1316202.5
1986 03 09 02 35 18.000   14.1    1.5   -3.1   14.5  -508131.7  1197494.6  -167608.1  1311595.8
1986 03 09 02 36 19.000    2.1    2.2  -15.9   16.2  -506314.2  1193221.1  -167000.8  1306912.4
1986 03 09 02 37 19.000    7.3   -2.2  -11.6   13.9  -504526.3  1189017.8  -166403.6  1302305.8
1986 03 09 02 38 19.000    0.4   -0.1   -7.6    7.6  -502738.2  1184814.5  -165806.3  1297699.1
1986 03 09 02 39 19.000   -3.4   -3.4  -14.6   15.4  -500950.0  1180611.2  -165209.1  1293092.4
1986 03 09 02 40 19.000   -0.1   -0.5   -2.9    3.0  -499161.7  1176408.0  -164611.9  1288485.6
1986 03 09 02 41 19.000    6.7   -7.8   -1.0   10.3  -497373.1  1172204.9  -164014.6  1283878.9
1986 03 09 02 42 19.000   -4.6    9.9    2.6   11.3  -495584.4  1168001.8  -163417.4  1279272.1
1986 03 09 02 43 19.000   -7.3    9.2   -9.4   15.0  -493795.6  1163798.8  -162820.1  1274665.5
1986 03 09 02 44 19.000    3.3   -3.6  -14.3   15.1  -492006.6  1159595.8  -162222.9  1270058.6
1986 03 09 02 45 19.000    1.0   -4.0   -9.5   10.3  -490217.4  1155392.9  -161625.7  1265452.0
1986 03 09 02 46 20.000    6.6   -4.1  -11.1   13.5  -488398.2  1151119.9  -161018.5  1260768.4
1986 03 09 02 47 20.000    1.0   -7.2   -7.5   10.5  -486608.8  1146917.1  -160421.4  1256161.6
1986 03 09 02 48 20.000    3.2   -1.4   -5.8    6.8  -484819.1  1142714.4  -159824.2  1251554.9
1986 03 09 02 49 20.000   10.3   -2.0  -11.8   15.8  -483029.3  1138511.8  -159227.1  1246948.1
1986 03 09 02 50 20.000    2.6   -0.2  -17.0   17.2  -481239.3  1134309.1  -158630.0  1242341.2
1986 03 09 03 08 30.000   15.0   -7.9  -11.2   20.3  -448694.4  1057973.0  -147786.0  1158651.9
1986 03 09 03 09 30.000   15.6   -5.5  -10.8   19.8  -446901.5  1053771.6  -147189.3  1154045.2
1986 03 09 03 10 30.000   16.2   -6.2   -7.1   18.8  -445108.4  1049570.4  -146592.7  1149438.5
1986 03 09 03 31 18.000   19.5    3.1  -11.2   22.7  -407776.9   962197.9  -134186.8  1053619.0
1986 03 09 03 32 18.000   16.6    0.1   -8.6   18.7  -405980.5   957997.9  -133590.6  1049012.2
1986 03 09 03 33 18.000   16.1   -1.7   -6.3   17.4  -404183.9   953797.9  -132994.3  1044405.4
1986 03 09 03 34 18.000   14.8   -1.3   -9.6   17.7  -402387.2   949598.1  -132398.1  1039798.6
1986 03 09 03 35 18.000   13.1   -2.4  -10.3   16.8  -400590.4   945398.2  -131801.9  1035191.9
1986 03 09 03 36 19.000   16.0   -1.2   -9.8   18.8  -398763.4   941128.5  -131195.8  1030508.3
1986 03 09 03 37 19.000   15.4   -0.1  -14.0   20.8  -396966.2   936928.8  -130599.6  1025901.6
1986 03 09 03 38 19.000   16.0    2.0  -14.6   21.7  -395168.9   932729.2  -130003.5  1021294.8
1986 03 09 03 39 19.000   16.0    1.1  -13.7   21.1  -393371.4   928529.6  -129407.3  1016688.1
1986 03 09 03 40 19.000   15.8    0.0  -14.4   21.4  -391573.7   924330.2  -128811.2  1012081.3
1986 03 09 03 41 19.000   17.4   -1.1  -12.3   21.3  -389775.7   920130.9  -128215.1  1007474.7
1986 03 09 03 42 19.000   15.2   -2.9  -14.4   21.1  -387977.5   915931.7  -127619.1  1002867.9
1986 03 09 03 43 19.000   15.9   -2.4  -13.1   20.7  -386179.2   911732.6  -127023.0   998261.2
1986 03 09 03 44 19.000   15.3   -2.6  -13.3   20.5  -384380.8   907533.5  -126427.0   993654.6
1986 03 09 03 45 19.000   14.0   -1.3  -12.2   18.6  -382582.3   903334.5  -125831.0   989048.0
1986 03 09 03 46 20.000   12.8   -2.2  -11.8   17.6  -380753.7   899065.6  -125225.1   984364.6
1986 03 09 03 47 20.000   14.1   -0.7  -11.4   18.2  -378954.9   894866.8  -124629.1   979758.0
1986 03 09 03 48 20.000   13.8   -1.0  -10.3   17.2  -377156.2   890667.9  -124033.2   975151.4
1986 03 09 03 49 20.000   12.2   -1.1  -16.3   20.4  -375357.3   886469.1  -123437.3   970544.9
1986 03 09 03 50 20.000   12.2   -0.6  -14.5   19.0  -373558.6   882270.4  -122841.4   965938.4
1986 03 09 04 12 30.000   19.4   -3.7   -8.3   21.4  -333639.8   789216.3  -109646.0   863828.8
1986 03 09 04 13 30.000   19.4   -5.0   -9.1   22.0  -331839.3   785019.8  -109054.7   859224.3
1986 03 09 04 14 30.000   17.9   -5.5   -7.4   20.1  -330038.6   780823.3  -108463.2   854619.8
1986 03 09 04 15 30.000   17.5   -3.8   -5.1   18.6  -328237.7   776626.9  -107871.6   850015.1
1986 03 09 04 16 30.000   17.1   -6.3   -7.3   19.6  -326436.4   772430.4  -107279.6   845410.1
1986 03 09 04 17 30.000   17.0   -8.5   -8.6   20.8  -324634.8   768233.9  -106687.3   840805.1
1986 03 09 04 18 30.000   17.4   -6.7   -8.5   20.5  -322832.7   764037.4  -106094.4   836199.8
1986 03 09 04 19 30.000   19.1   -4.2   -7.6   21.0  -321029.9   759840.8  -105500.8   831594.1
1986 03 09 04 20 30.000   19.0   -3.9   -7.5   20.7  -319226.3   755644.1  -104906.1   826987.8
1986 03 09 04 21 30.000   16.8   -3.5   -7.3   18.6  -317422.2   751447.4  -104310.8   822381.1
1986 03 09 04 22 30.000   16.1   -5.1   -8.3   18.8  -315617.8   747250.7  -103715.4   817774.4
1986 03 09 04 23 30.000   15.0   -2.9   -8.4   17.4  -313813.3   743054.1  -103120.1   813167.8
1986 03 09 04 24 30.000   15.2   -1.4   -6.5   16.6  -312008.7   738857.6  -102524.9   808561.2
1986 03 09 04 25 30.000   15.5   -1.7   -7.1   17.1  -310203.9   734661.1  -101929.6   803954.6
1986 03 09 04 26 30.000   17.3   -1.0   -7.5   18.9  -308399.0   730464.6  -101334.4   799348.0
1986 03 09 04 27 30.000   16.8   -2.6   -7.8   18.7  -306593.9   726268.2  -100739.2   794741.4
1986 03 09 04 28 30.000   17.9   -1.3   -6.8   19.2  -304788.7   722072.0  -100144.0   790134.8
1986 03 09 04 29 30.000   16.3   -3.3   -9.5   19.1  -302983.2   717875.8   -99548.8   785528.1
1986 03 09 04 30 30.000   16.0   -3.1   -8.6   18.5  -301177.7   713679.6   -98953.6   780921.5
1986 03 09 04 31 30.000   17.5   -0.3   -6.7   18.8  -299372.0   709483.5   -98358.5   776314.9
1986 03 09 04 32 30.000   16.5   -1.0   -7.0   18.0  -297566.2   705287.5   -97763.3   771708.3
1986 03 09 04 33 30.000   17.7   -0.5   -7.6   19.2  -295760.2   701091.5   -97168.2   767101.7
1986 03 09 04 34 30.000   18.6   -0.1   -5.7   19.5  -293954.0   696895.6   -96573.2   762495.1
1986 03 09 04 35 30.000   18.8   -0.3   -7.2   20.2  -292147.7   692699.7   -95978.1   757888.5
1986 03 09 04 36 30.000   19.0    2.3   -6.1   20.1  -290341.2   688503.9   -95383.1   753281.9
1986 03 09 04 37 30.000   18.1    0.9   -5.2   18.8  -288534.6   684308.2   -94788.1   748675.2
1986 03 09 04 38 30.000   18.1    1.7   -6.2   19.2  -286727.8   680112.6   -94193.1   744068.7
1986 03 09 04 39 30.000   17.0    0.6   -7.7   18.7  -284920.8   675917.1   -93598.1   739462.2
1986 03 09 04 40 30.000   16.4   -0.7   -8.3   18.4  -283113.8   671721.6   -93003.1   734855.7
1986 03 09 04 41 30.000   16.7   -2.2  -11.6   20.5  -281306.5   667526.1   -92408.2   730249.1
1986 03 09 04 42 30.000   17.8   -1.2   -7.8   19.5  -279499.1   663330.6   -91813.3   725642.4
1986 03 09 04 43 30.000   16.9   -0.2   -4.2   17.4  -277691.5   659135.3   -91218.3   721035.9
1986 03 09 04 44 30.000   18.4   -1.3   -5.2   19.2  -275883.8   654940.1   -90623.4   716429.3
1986 03 09 04 45 30.000   17.8   -0.3   -5.6   18.6  -274076.0   650744.9   -90028.5   711822.8
1986 03 09 04 46 30.000   18.2   -2.1   -5.3   19.0  -272268.0   646549.8   -89433.7   707216.2
1986 03 09 04 47 30.000   18.9    1.4   -6.0   19.9  -270459.8   642354.7   -88838.9   702609.7
1986 03 09 04 48 30.000   20.2    0.6   -7.1   21.5  -268651.4   638159.7   -88244.1   698003.1
1986 03 09 04 49 30.000   19.2    1.0   -5.2   19.9  -266842.9   633964.8   -87649.3   693396.6
1986 03 09 04 50 30.000   21.7   -0.9   -6.2   22.6  -265034.2   629769.9   -87054.5   688790.1
1986 03 09 04 51 30.000   19.8   -2.1  -10.3   22.4  -263225.5   625575.1   -86459.8   684183.5
1986 03 09 04 52 30.000   17.1    0.5   -5.9   18.1  -261416.5   621380.3   -85865.0   679577.0
1986 03 09 04 53 30.000    7.6   10.1   -5.9   14.0  -259607.4   617185.6   -85270.3   674970.5
1986 03 09 04 54 30.000    5.4   10.7   -5.4   13.2  -257798.2   612991.0   -84675.6   670363.9
1986 03 09 04 55 30.000    7.0    8.2   -5.4   12.0  -255988.8   608796.4   -84080.9   665757.4
1986 03 09 04 56 30.000   11.1    5.5   -3.2   12.8  -254179.2   604601.9   -83486.3   661150.9
1986 03 09 04 57 30.000   11.1    4.9   -4.5   12.9  -252369.4   600407.5   -82891.6   656544.4
1986 03 09 04 58 30.000   11.7    5.4   -5.3   13.9  -250559.6   596213.1   -82297.0   651937.8
1986 03 09 04 59 30.000   14.5    1.2   -6.7   16.1  -248749.6   592018.8   -81702.4   647331.4
1986 03 09 05 00 30.000   17.0   -1.1   -4.0   17.5  -246939.4   587824.6   -81107.8   642724.9
1986 03 09 05 01 30.000   19.0   -1.5   -4.1   19.5  -245129.0   583630.4   -80513.3   638118.4
1986 03 09 05 02 30.000   17.9   -2.1   -4.6   18.6  -243318.5   579436.3   -79918.7   633511.9
1986 03 09 05 03 30.000   17.1    1.4   -5.1   17.9  -241507.9   575242.3   -79324.2   628905.5
1986 03 09 05 04 30.000   13.8    3.9   -3.4   14.7  -239697.1   571048.3   -78729.6   624299.0
1986 03 09 05 05 30.000   11.2    7.5   -4.2   14.1  -237886.1   566854.4   -78135.1   619692.6
1986 03 09 05 06 30.000   12.3    7.1   -5.8   15.3  -236074.9   562660.6   -77540.7   615086.1
1986 03 09 05 07 30.000   10.9    7.4   -5.6   14.4  -234263.7   558466.8   -76946.2   610479.6
1986 03 09 05 08 30.000    8.6    6.4   -5.8   12.2  -232452.3   554273.1   -76351.8   605873.1
1986 03 09 05 09 30.000    9.5    7.3   -6.8   13.8  -230640.7   550079.4   -75757.4   601266.8
1986 03 09 05 10 30.000    7.9    6.0   -3.3   10.5  -228828.9   545885.8   -75163.0   596660.2
1986 03 09 05 11 30.000   10.5    3.7   -6.2   12.7  -227017.0   541692.2   -74568.6   592053.8
1986 03 09 05 12 30.000   12.7    4.2   -6.8   15.0  -225205.0   537498.8   -73974.2   587447.3
1986 03 09 05 13 30.000    9.8    3.9   -7.5   12.9  -223392.8   533305.4   -73379.9   582840.9
1986 03 09 05 14 30.000   11.7    4.2   -6.7   14.1  -221580.4   529112.1   -72785.6   578234.6
1986 03 09 05 15 30.000    9.5    7.1   -5.3   13.0  -219767.9   524918.8   -72191.4   573628.2
1986 03 09 05 16 30.000    7.7    9.2   -5.5   13.2  -217955.2   520725.6   -71597.0   569021.8
1986 03 09 05 17 30.000    5.6    8.7   -6.8   12.4  -216142.5   516532.5   -71002.7   564415.4
1986 03 09 05 18 30.000    7.1    7.6   -4.8   11.5  -214329.5   512339.3   -70408.5   559808.9
1986 03 09 05 19 30.000    6.0    8.5   -6.9   12.5  -212516.3   508146.3   -69814.3   555202.6
1986 03 09 05 20 30.000    7.4    9.1   -6.0   13.1  -210703.1   503953.3   -69220.1   550596.2
1986 03 09 05 21 30.000    6.6    6.5   -5.5   10.8  -208889.7   499760.5   -68625.9   545989.9
1986 03 09 05 22 30.000    8.0    8.4   -7.1   13.6  -207076.1   495567.7   -68031.7   541383.6
1986 03 09 05 23 30.000    9.6    5.6   -5.9   12.6  -205262.3   491374.9   -67437.6   536777.2
1986 03 09 05 24 30.000    9.8    8.8   -6.7   14.8  -203448.4   487182.2   -66843.4   532170.9
1986 03 09 05 25 30.000   11.3   10.2   -5.8   16.3  -201634.4   482989.6   -66249.3   527564.6
1986 03 09 05 26 30.000    9.5   11.8   -5.2   16.0  -199820.2   478797.0   -65655.3   522958.2
1986 03 09 05 27 30.000    7.8    9.5   -5.5   13.5  -198005.8   474604.5   -65061.2   518351.9
1986 03 09 05 28 30.000    9.7    7.3   -6.0   13.5  -196191.2   470412.1   -64467.2   513745.6
1986 03 09 05 29 30.000    9.1    5.3   -6.3   12.3  -194376.6   466219.7   -63873.1   509139.3
1986 03 09 05 30 30.000    8.8    4.7   -6.3   11.8  -192561.8   462027.4   -63279.1   504533.0
1986 03 09 05 31 30.000    9.3    5.4   -8.8   13.9  -190746.8   457835.2   -62685.1   499926.8
1986 03 09 05 32 30.000    9.7    3.2   -7.1   12.4  -188931.6   453643.0   -62091.1   495320.5
1986 03 09 05 33 30.000    9.6    4.9   -6.0   12.3  -187116.3   449450.9   -61497.2   490714.3
1986 03 09 05 34 30.000   10.7    1.2   -6.8   12.7  -185300.9   445258.8   -60903.2   486108.0
1986 03 09 05 35 30.000   15.9    4.8   -6.2   17.7  -183485.3   441066.8   -60309.3   481501.8
1986 03 09 05 36 30.000   11.8    2.8   -8.2   14.6  -181669.5   436874.8   -59715.4   476895.6
1986 03 09 05 37 30.000   10.5    4.3   -7.2   13.4  -179853.6   432683.0   -59121.5   472289.4
1986 03 09 05 38 30.000    9.7    4.1   -6.9   12.6  -178037.6   428491.2   -58527.7   467683.2
1986 03 09 05 39 30.000   11.2    2.7   -6.7   13.3  -176221.4   424299.5   -57933.9   463077.1
1986 03 09 05 40 30.000   14.8    1.6   -6.4   16.2  -174405.0   420107.9   -57340.1   458470.9
1986 03 09 05 41 30.000   12.4    1.9   -5.6   13.7  -172588.4   415916.3   -56746.3   453864.8
1986 03 09 05 42 30.000    9.6    2.8   -5.3   11.3  -170771.8   411724.7   -56152.5   449258.7
1986 03 09 05 43 30.000   11.8    2.9   -6.2   13.7  -168955.0   407533.2   -55558.7   444652.5
1986 03 09 05 44 30.000   11.0    3.2   -6.8   13.4  -167138.0   403341.8   -54964.9   440046.4
1986 03 09 05 45 30.000   11.1    1.7   -8.2   13.9  -165320.8   399150.5   -54371.2   435440.4
1986 03 09 05 46 30.000   10.5    1.0   -9.0   13.9  -163503.5   394959.2   -53777.5   430834.3
1986 03 09 05 47 30.000   11.5    1.5   -9.3   14.9  -161686.1   390768.0   -53183.8   426228.3
1986 03 09 05 48 30.000   11.1    1.5   -9.2   14.5  -159868.5   386576.8   -52590.2   421622.2
1986 03 09 05 49 30.000   13.5    0.6   -7.5   15.4  -158050.7   382385.7   -51996.5   417016.2
1986 03 09 05 50 30.000   15.1    2.7  -13.8   20.6  -156232.8   378194.7   -51402.9   412410.2
1986 03 09 05 51 30.000   11.9    2.0  -13.4   18.0  -154414.7   374003.8   -50809.3   407804.2
1986 03 09 05 52 30.000   13.7    3.6  -15.8   21.2  -152596.5   369812.9   -50215.7   403198.3
1986 03 09 05 53 30.000   13.7    2.1  -18.3   23.0  -150778.1   365622.0   -49622.2   398592.3
1986 03 09 05 54 30.000   13.6    3.1  -16.9   21.9  -148959.6   361431.2   -49028.6   393986.4
1986 03 09 05 55 30.000   14.6    1.8  -15.5   21.4  -147140.9   357240.5   -48435.1   389380.5
1986 03 09 05 56 30.000   14.9    1.5  -17.4   22.9  -145322.1   353049.9   -47841.5   384774.7
1986 03 09 05 57 30.000   16.9    2.5  -15.0   22.7  -143503.1   348859.3   -47248.0   380168.8
1986 03 09 05 58 30.000   15.5    0.5  -12.3   19.8  -141683.9   344668.8   -46654.6   375563.0
1986 03 09 05 59 30.000   17.3   -5.8   -8.7   20.2  -139864.6   340478.4   -46061.1   370957.2
1986 03 09 06 00 30.000   17.7   -6.2   -8.6   20.6  -138045.2   336288.0   -45467.7   366351.5
1986 03 09 06 01 30.000   17.4   -3.4   -9.0   19.8  -136225.6   332097.7   -44874.3   361745.8
1986 03 09 06 02 30.000   18.7   -0.9  -15.8   24.4  -134405.8   327907.5   -44280.9   357140.1
1986 03 09 06 03 30.000   20.6   -1.7  -15.6   25.9  -132585.8   323717.2   -43687.5   352534.3
1986 03 09 06 04 30.000   21.2   -3.0  -13.8   25.5  -130765.7   319527.1   -43094.1   347928.7
1986 03 09 06 05 30.000   22.9   -3.9  -13.6   26.9  -128945.5   315337.1   -42500.8   343323.1
1986 03 09 06 06 30.000   22.1   -6.4  -11.2   25.6  -127125.1   311147.1   -41907.4   338717.5
1986 03 09 06 07 30.000   23.7   -9.1  -11.7   27.9  -125304.6   306957.1   -41314.1   334111.9
1986 03 09 06 08 30.000   24.9   -9.7   -9.0   28.2  -123483.9   302767.2   -40720.9   329506.4
1986 03 09 06 09 30.000   25.3   -9.2   -9.9   28.7  -121663.1   298577.5   -40127.6   324901.0
1986 03 09 06 10 30.000   25.2   -9.4   -9.7   28.6  -119842.1   294387.8   -39534.4   320295.6
1986 03 09 06 11 30.000   24.4   -8.4  -12.4   28.7  -118020.9   290198.1   -38941.2   315690.2
1986 03 09 06 12 30.000   24.4   -8.4  -10.4   27.8  -116199.6   286008.5   -38348.0   311084.8
1986 03 09 06 13 30.000   23.9   -8.3  -12.2   28.1  -114378.1   281818.9   -37754.8   306479.5
1986 03 09 06 14 30.000   23.6   -8.1  -12.0   27.7  -112556.5   277629.5   -37161.6   301874.2
1986 03 09 06 15 30.000   23.0   -6.9  -13.0   27.3  -110734.7   273440.1   -36568.5   297269.1
1986 03 09 06 16 30.000   24.6   -7.9  -13.1   29.0  -108912.8   269250.8   -35975.3   292664.0
1986 03 09 06 17 30.000   24.1   -7.5  -14.2   28.9  -107090.7   265061.4   -35382.2   288058.8
1986 03 09 06 18 30.000   24.0   -7.4  -16.2   29.8  -105268.5   260872.2   -34789.1   283453.8
1986 03 09 06 19 30.000   24.1   -8.9  -14.5   29.5  -103446.1   256683.1   -34196.0   278848.8
1986 03 09 06 20 30.000   22.9   -9.0  -15.2   28.9  -101623.6   252494.0   -33603.0   274243.9
1986 03 09 06 21 30.000   25.3   -9.7  -14.3   30.7   -99800.9   248304.9   -33010.0   269639.0
1986 03 09 06 22 30.000   27.2  -11.9  -13.8   32.7   -97978.0   244115.9   -32417.0   265034.2
1986 03 09 06 23 30.000   28.9  -12.7  -12.2   33.9   -96155.0   239927.0   -31824.0   260429.5
1986 03 09 06 24 30.000   27.6  -13.3  -13.4   33.4   -94331.8   235738.2   -31231.0   255824.9
1986 03 09 06 25 30.000   26.6  -12.4  -11.2   31.4   -92508.5   231549.5   -30638.1   251220.3
1986 03 09 06 26 30.000   27.1  -13.0  -13.5   32.9   -90685.1   227360.8   -30045.1   246615.9
1986 03 09 06 27 30.000   28.1  -13.6  -10.5   33.0   -88861.5   223172.1   -29452.2   242011.5
1986 03 09 06 28 30.000   28.8  -13.3  -10.0   33.3   -87037.7   218983.5   -28859.3   237407.2
1986 03 09 06 29 30.000   29.5  -15.1  -12.0   35.2   -85213.7   214795.0   -28266.4   232803.1
1986 03 09 06 30 30.000   30.5  -14.5  -11.3   35.7   -83389.6   210606.6   -27673.6   228199.0
1986 03 09 06 31 30.000   30.1  -15.0  -11.5   35.5   -81565.4   206418.2   -27080.7   223595.0
1986 03 09 06 32 30.000   30.7  -15.6  -11.0   36.2   -79741.0   202229.8   -26487.9   218991.2
1986 03 09 06 33 30.000   30.6  -16.5  -11.3   36.6   -77916.4   198041.6   -25895.1   214387.5
1986 03 09 06 34 30.000   31.2  -16.6  -10.4   36.9   -76091.7   193853.4   -25302.3   209784.0
1986 03 09 06 35 30.000   30.6  -16.8  -10.3   36.4   -74266.9   189665.3   -24709.6   205180.6
1986 03 09 06 36 30.000   29.4  -16.7   -9.0   35.0   -72441.9   185477.3   -24116.8   200577.3
1986 03 09 06 37 30.000   29.7  -17.8   -9.4   35.9   -70616.7   181289.3   -23524.1   195974.3
1986 03 09 06 38 30.000   29.9  -17.8   -7.3   35.5   -68791.4   177101.3   -22931.3   191371.3
1986 03 09 06 39 30.000   32.0  -17.4  -10.5   37.9   -66966.0   172913.4   -22338.6   186768.6
1986 03 09 06 40 30.000   31.3  -17.6  -11.5   37.7   -65140.4   168725.6   -21746.0   182166.1
1986 03 09 06 41 30.000   29.8  -15.6  -12.4   35.8   -63314.6   164537.9   -21153.3   177563.9
1986 03 09 06 42 30.000   29.8  -16.1  -11.5   35.8   -61488.6   160350.2   -20560.7   172961.8
1986 03 09 06 43 30.000   29.8  -15.0  -13.6   36.0   -59662.5   156162.6   -19968.1   168360.0
1986 03 09 06 44 30.000   29.9  -12.2  -16.0   36.1   -57836.3   151975.0   -19375.5   163758.5
1986 03 09 06 45 30.000   28.7  -12.2  -15.2   34.7   -56009.9   147787.6   -18783.0   159157.4
1986 03 09 06 46 30.000   27.5  -13.3  -14.8   34.0   -54183.3   143600.2   -18190.4   154556.6
1986 03 09 06 47 30.000   28.7  -13.7  -15.9   35.6   -52356.6   139412.9   -17597.9   149956.1
1986 03 09 06 48 30.000   29.7  -13.6  -16.4   36.5   -50529.8   135225.6   -17005.3   145356.1
1986 03 09 06 49 30.000   29.7  -13.9  -14.9   36.0   -48702.8   131038.3   -16412.8   140756.4
1986 03 09 06 50 30.000   29.9  -15.0  -16.4   37.2   -46875.6   126851.1   -15820.4   136157.3
1986 03 09 06 51 30.000   29.5  -15.6  -17.7   37.8   -45048.3   122664.0   -15227.9   131558.8
1986 03 09 06 52 30.000   30.6  -12.9  -16.5   37.1   -43220.8   118477.0   -14635.5   126960.8
1986 03 09 06 53 30.000   30.8  -15.5  -14.5   37.5   -41393.2   114290.1   -14043.1   122363.5
1986 03 09 06 54 30.000   29.7  -15.1  -16.0   37.0   -39565.4   110103.2   -13450.7   117766.9
1986 03 09 06 55 30.000   31.2  -15.5  -15.1   38.0   -37737.4   105916.3   -12858.3   113171.2
1986 03 09 06 56 30.000   32.2  -15.0  -14.8   38.5   -35909.4   101729.5   -12265.9   108576.4
1986 03 09 06 57 30.000   32.6  -15.1  -15.6   39.1   -34081.2    97542.8   -11673.6   103982.7
1986 03 09 06 58 30.000   33.6  -16.8  -14.7   40.4   -32252.8    93356.2   -11081.4    99390.2
1986 03 09 06 59 30.000   33.2  -16.3  -14.4   39.7   -30424.2    89169.6   -10489.1    94799.2
1986 03 09 07 00 30.000   36.1  -18.2  -11.7   42.1   -28595.5    84983.2    -9896.7    90209.7
1986 03 09 07 01 30.000   36.1  -16.9  -11.4   41.4   -26766.6    80796.7    -9304.4    85622.0
1986 03 09 07 02 30.000   35.6  -17.0  -11.5   41.0   -24937.6    76610.3    -8712.2    81036.6
1986 03 09 07 03 30.000   37.3  -16.8  -12.5   42.8   -23108.4    72423.9    -8120.0    76453.7
1986 03 09 07 04 30.000   40.5  -18.6  -11.7   46.1   -21279.1    68237.7    -7527.8    71873.8
1986 03 09 07 05 30.000   40.0  -18.9  -11.4   45.7   -19449.7    64051.5    -6935.6    67297.7
1986 03 09 07 06 30.000   41.1  -18.8  -13.0   47.0   -17620.1    59865.3    -6343.4    62726.1
1986 03 09 07 07 30.000   41.3  -17.5  -13.1   46.7   -15790.3    55679.3    -5751.3    58160.1
1986 03 09 07 08 30.000   45.2  -19.7  -14.6   51.4   -13960.3    51493.3    -5159.1    53601.0
1986 03 09 07 09 30.000   42.8  -16.9  -22.2   51.1   -12130.2    47307.4    -4567.0    49050.9
1986 03 09 07 10 30.000   42.7  -16.9  -25.8   52.6   -10300.0    43121.6    -3975.0    44512.4
1986 03 09 07 11 30.000   30.4  -12.2  -18.1   37.4    -8469.6    38935.7    -3382.9    39989.6
1986 03 09 07 12 30.000   44.4  -19.7  -12.2   50.1    -6639.0    34749.9    -2790.9    35488.4
1986 03 09 07 13 30.000   43.6  -16.3   -3.4   46.7    -4808.3    30564.3    -2198.8    31018.2
1986 03 09 07 14 30.000   52.3  -22.0   -5.4   57.0    -2977.5    26378.7    -1606.8    26594.8
1986 03 09 07 15 30.000   55.5  -25.6   -4.5   61.3    -1146.5    22193.2    -1014.9    22245.9
1986 03 09 07 16 30.000   61.2  -31.1  -13.2   69.9      684.7    18007.7     -422.9    18025.7
1986 03 09 07 17 30.000   63.8  -38.9  -12.1   75.7     2516.0    13822.3      169.0    14050.4
