1586 3168
    0.000248     0.021159     0.408901
    0.269844     0.021159     0.387684
   -0.068145     0.359148     0.387684
   -0.163062     0.371348     0.394194
   -0.163062     0.184469     0.408901
   -0.193404     0.404842     0.389170
   -0.232601     0.399804     0.386482
   -0.378863     0.253542     0.386482
   -0.381360     0.234113     0.387814
   -0.326558     0.184469     0.396034
   -0.314025     0.086956     0.389346
    0.000248    -0.227316     0.389346
    0.004845    -0.245869     0.387524
    0.118527    -0.371363     0.368701
    0.137457    -0.368929     0.367402
    0.409803    -0.096583     0.367402
    0.283584     0.017754     0.386335
    0.468665    -0.124613     0.356058
    0.523018    -0.124613     0.343009
    0.403065     0.164978     0.343009
    0.333052     0.191888     0.357142
    0.226459     0.298481     0.357142
    0.089110     0.376141     0.364935
    0.004690     0.379839     0.375473
   -0.047667     0.401526     0.375473
   -0.051130     0.402060     0.375690
   -0.193404     0.411492     0.387573
   -0.197590     0.416551     0.385943
   -0.224744     0.432676     0.379371
   -0.305200     0.427342     0.372651
   -0.315101     0.423241     0.372651
   -0.397862     0.419615     0.362319
   -0.415455     0.402022     0.362319
   -0.416202     0.384979     0.364447
   -0.446072     0.312865     0.364447
   -0.449397     0.262718     0.368636
   -0.414830     0.234113     0.379779
   -0.408222     0.134448     0.371454
   -0.344343    -0.019770     0.371454
   -0.341798    -0.077858     0.364203
   -0.134269    -0.285388     0.364203
   -0.131820    -0.291759     0.362916
   -0.110421    -0.310239     0.360608
    0.103012    -0.398646     0.360608
    0.118527    -0.399674     0.361904
    0.175557    -0.468592     0.339687
    0.192759    -0.478808     0.335524
    0.323605    -0.470133     0.324594
    0.392806    -0.441469     0.324594
    0.494824    -0.437000     0.311858
    0.517562    -0.424144     0.310568
    0.545749    -0.395957     0.310568
    0.571703    -0.385982     0.305330
    0.626404    -0.253921     0.305330
    0.629350    -0.209484     0.309041
    0.530412    -0.127612     0.340936
    0.639573    -0.209484     0.304806
    0.637225    -0.166728     0.301034
    0.587032     0.020596     0.301034
    0.585632     0.021344     0.301531
    0.437090     0.160674     0.332143
    0.413736     0.165497     0.339340
    0.292912     0.286320     0.339340
    0.073461     0.392824     0.361496
    0.065338     0.397517     0.361049
   -0.081395     0.410170     0.375690
   -0.226521     0.434759     0.378311
   -0.228860     0.436069     0.377509
   -0.306752     0.431792     0.370636
   -0.312817     0.430166     0.370636
   -0.398227     0.427137     0.359733
   -0.398927     0.427708     0.359316
   -0.425998     0.422755     0.352065
   -0.445280     0.403472     0.352065
   -0.465270     0.399344     0.345904
   -0.466393     0.367681     0.349946
   -0.485918     0.294814     0.349946
   -0.486867     0.277540     0.351470
   -0.469484     0.262718     0.360315
   -0.466417     0.206873     0.355387
   -0.430737     0.073713     0.355387
   -0.428082    -0.001143     0.345832
   -0.346073    -0.078066     0.362733
   -0.337413    -0.125388     0.350056
   -0.179828    -0.282974     0.350056
    0.001858    -0.429941     0.335939
    0.017132    -0.430483     0.337889
    0.155182    -0.467473     0.337889
    0.210026    -0.499056     0.325220
    0.307180    -0.493721     0.316647
    0.353647    -0.481270     0.316647
    0.453385    -0.477732     0.303916
    0.460444    -0.473653     0.304305
    0.563857    -0.415672     0.298167
    0.592535    -0.386994     0.298167
    0.615858    -0.382178     0.290979
    0.649541    -0.350584     0.284037
    0.650650    -0.319325     0.288028
    0.661691    -0.278119     0.288028
    0.664302    -0.230570     0.292223
    0.682622    -0.230570     0.280997
    0.697920    -0.216218     0.269872
    0.694655    -0.157340     0.264697
    0.676693    -0.067038     0.264697
    0.674254    -0.012614     0.258029
    0.645300     0.015703     0.269760
    0.633318     0.019959     0.275713
    0.496991     0.223988     0.275713
    0.446732     0.241658     0.296943
    0.417357     0.271034     0.296943
    0.316096     0.289081     0.329264
    0.189883     0.373413     0.329264
    0.055763     0.407307     0.357082
   -0.073940     0.413121     0.372972
   -0.165795     0.431392     0.372972
   -0.244671     0.452921     0.365255
   -0.251725     0.452530     0.364634
   -0.323215     0.438310     0.364634
   -0.398828     0.434921     0.355371
   -0.427982     0.460212     0.330652
   -0.475262     0.428620     0.330652
   -0.478558     0.428033     0.329600
   -0.475993     0.406484     0.338966
   -0.520799     0.445499     0.299834
   -0.541819     0.414041     0.299834
   -0.535917     0.407238     0.305602
   -0.529835     0.405744     0.309511
   -0.561715     0.277540     0.305602
   -0.576350     0.268015     0.295473
   -0.531492     0.042500     0.295473
   -0.529599     0.000252     0.290297
   -0.534971    -0.005941     0.285046
   -0.364595    -0.260927     0.285046
   -0.353995    -0.264654     0.289524
   -0.329436    -0.289213     0.289524
   -0.290503    -0.296151     0.301951
   -0.012976    -0.481589     0.301951
    0.002603    -0.484187     0.306264
    0.028429    -0.510594     0.295564
    0.044451    -0.511312     0.297527
    0.207163    -0.543677     0.297527
    0.210026    -0.540626     0.299746
    0.225452    -0.539770     0.298390
    0.357267    -0.513551     0.298390
    0.421155    -0.510687     0.290563
    0.500477    -0.466979     0.293222
    0.575235    -0.417027     0.293222
    0.611301    -0.410599     0.281710
    0.618398    -0.403503     0.281710
    0.623094    -0.401852     0.279726
    0.656835    -0.351355     0.279726
    0.656981    -0.350482     0.279967
    0.671035    -0.336737     0.274273
    0.672445    -0.305283     0.278126
    0.680811    -0.263223     0.278126
    0.706030    -0.216218     0.262946
    0.730407    -0.189536     0.238516
    0.734499    -0.179564     0.233673
    0.730383    -0.110482     0.227843
    0.725289    -0.078321     0.227843
    0.721740    -0.014972     0.220646
    0.725405    -0.010274     0.215753
    0.717030     0.036594     0.203231
    0.664244     0.140191     0.203231
    0.659152     0.167575     0.194628
    0.611200     0.217741     0.204030
    0.592819     0.223988     0.213284
    0.450271     0.366536     0.213284
    0.417357     0.377230     0.227761
    0.411684     0.382652     0.226698
    0.339180     0.396133     0.249476
    0.110227     0.512790     0.249476
    0.075556     0.518986     0.258740
    0.051163     0.499961     0.284143
    0.016134     0.501924     0.288123
   -0.244671     0.543231     0.288123
   -0.259805     0.561634     0.270357
   -0.431999     0.534362     0.270357
   -0.429853     0.521588     0.281558
   -0.432470     0.468873     0.323056
   -0.466264     0.561087     0.234672
   -0.561782     0.512418     0.234672
   -0.544536     0.485927     0.263165
   -0.544536     0.469237     0.274038
   -0.588076     0.525325     0.209134
   -0.624071     0.489330     0.209134
   -0.593204     0.469237     0.242333
   -0.588485     0.438223     0.258907
   -0.637480     0.491045     0.197598
   -0.664275     0.438457     0.197598
   -0.645918     0.435372     0.213694
   -0.581036     0.268015     0.291748
   -0.670497     0.436435     0.192558
   -0.697357     0.266850     0.192558
   -0.586829     0.266850     0.286957
   -0.698029     0.266297     0.191908
   -0.742056     0.218110     0.147788
   -0.737186     0.136372     0.140890
   -0.710935    -0.029377     0.140890
   -0.701027    -0.027712     0.149577
   -0.587829    -0.033332     0.238689
   -0.740926    -0.067829     0.100843
   -0.737302    -0.088106     0.095426
   -0.652399    -0.254738     0.095426
   -0.644928    -0.258702     0.099828
   -0.621672    -0.255730     0.119834
   -0.606381    -0.260927     0.127533
   -0.403573    -0.463736     0.127533
   -0.329436    -0.487821     0.160139
   -0.309283    -0.507085     0.156362
   -0.251328    -0.517861     0.174569
   -0.034334    -0.628425     0.174569
    0.030908    -0.640084     0.192001
    0.032045    -0.639196     0.193186
    0.034183    -0.626478     0.204338
    0.203730    -0.560746     0.283413
    0.150093    -0.657893     0.193186
    0.177989    -0.659555     0.195540
    0.203730    -0.636037     0.219109
    0.213105    -0.635479     0.218318
    0.383433    -0.608501     0.218318
    0.388166    -0.602852     0.222502
    0.417937    -0.575508     0.239535
    0.428156    -0.573681     0.236804
    0.606043    -0.483044     0.236804
    0.609955    -0.482316     0.235575
    0.611301    -0.478354     0.237570
    0.671146    -0.418510     0.237570
    0.662969    -0.401852     0.253749
    0.663822    -0.397264     0.255190
    0.688384    -0.349058     0.255190
    0.690761    -0.335757     0.258744
    0.693564    -0.332705     0.256998
    0.695356    -0.300738     0.260629
    0.704395    -0.243667     0.260629
    0.745330    -0.164792     0.218714
    0.745721    -0.163551     0.218065
    0.741230    -0.093879     0.212584
    0.739891    -0.083706     0.212584
    0.735146    -0.011575     0.205170
    0.734741    -0.011055     0.205528
    0.726094     0.033270     0.194509
    0.719085     0.050189     0.194509
    0.714332     0.073410     0.187637
    0.697368     0.110868     0.185577
    0.678231     0.145465     0.187042
    0.673712     0.151449     0.188469
    0.667664     0.159342     0.190436
    0.660713     0.167440     0.193180
    0.659954     0.169676     0.192228
    0.638667     0.201155     0.189378
    0.611200     0.236951     0.189378
    0.610203     0.239738     0.188011
    0.598447     0.255296     0.185112
    0.559004     0.301982     0.179587
    0.494449     0.366536     0.179587
    0.494440     0.366553     0.179577
    0.478728     0.383854     0.174364
    0.478016     0.384594     0.174172
    0.406790     0.439248     0.174172
    0.400105     0.451811     0.165282
    0.324818     0.516440     0.139778
    0.293039     0.540439     0.132199
    0.285588     0.547547     0.127636
    0.273484     0.556591     0.123065
    0.260966     0.564782     0.119654
    0.064926     0.645985     0.119654
    0.064092     0.647112     0.118548
    0.037395     0.667901     0.100169
   -0.259805     0.562379     0.269531
    0.020989     0.683283     0.084687
   -0.167987     0.708162     0.084687
   -0.255287     0.713791     0.091554
   -0.265127     0.706576     0.101519
   -0.265127     0.591183     0.236627
   -0.296613     0.704546     0.099042
   -0.442295     0.685366     0.099042
   -0.454810     0.679533     0.103943
   -0.471058     0.664299     0.119275
   -0.471161     0.664219     0.119346
   -0.477614     0.587120     0.203783
   -0.485758     0.661371     0.115717
   -0.577911     0.623200     0.115717
   -0.591861     0.604398     0.130493
   -0.593223     0.603229     0.130954
   -0.594950     0.599982     0.133252
   -0.600071     0.540776     0.188200
   -0.645290     0.561356     0.133252
   -0.653415     0.545544     0.142771
   -0.653053     0.543489     0.145091
   -0.650339     0.540776     0.149857
   -0.650339     0.501027     0.180176
   -0.680972     0.507104     0.145091
   -0.683970     0.498268     0.148849
   -0.683706     0.498141     0.149209
   -0.674647     0.438244     0.187634
   -0.689023     0.494519     0.144879
   -0.711030     0.441392     0.144879
   -0.712258     0.435096     0.146443
   -0.732835     0.408670     0.128250
   -0.740028     0.391844     0.123225
   -0.740431     0.385720     0.123854
   -0.755021     0.274900     0.123854
   -0.758682     0.218110     0.128322
   -0.771186     0.201055     0.111052
   -0.777749     0.180234     0.100159
   -0.783222     0.148629     0.088878
   -0.776815     0.049247     0.081061
   -0.774463     0.031382     0.081061
   -0.768088    -0.065556     0.071096
   -0.769604    -0.067997     0.068229
   -0.758094    -0.126994     0.053563
   -0.757015    -0.130890     0.052956
   -0.747315    -0.154308     0.052956
   -0.740856    -0.185860     0.043618
   -0.730373    -0.209008     0.042345
   -0.716692    -0.233741     0.043393
   -0.715370    -0.235492     0.043810
   -0.702573    -0.250399     0.048860
   -0.702454    -0.250749     0.048711
   -0.658326    -0.308259     0.048711
   -0.648115    -0.317531     0.051788
   -0.648025    -0.317596     0.051829
   -0.644928    -0.319186     0.053693
   -0.602124    -0.361991     0.053693
   -0.590814    -0.371546     0.055031
   -0.552743    -0.400315     0.062127
   -0.552701    -0.400344     0.062136
   -0.511314    -0.428026     0.072590
   -0.475353    -0.450477     0.082895
   -0.438279    -0.463736     0.101060
   -0.371246    -0.515173     0.101060
   -0.355926    -0.524378     0.103594
   -0.353240    -0.525648     0.104382
   -0.342856    -0.530159     0.107817
   -0.306212    -0.542596     0.123405
   -0.296069    -0.551302     0.119969
   -0.198928    -0.595295     0.125312
   -0.115082    -0.629439     0.133640
   -0.083623    -0.635879     0.142950
   -0.042458    -0.652930     0.142950
   -0.012231    -0.660602     0.148450
    0.033370    -0.669499     0.159786
    0.036293    -0.671775     0.157773
    0.059269    -0.678829     0.153983
    0.086146    -0.680597     0.156746
    0.120185    -0.685079     0.156746
    0.173689    -0.688528     0.160955
    0.177989    -0.685374     0.165310
    0.245107    -0.681048     0.160030
    0.315389    -0.671795     0.160030
    0.347302    -0.669696     0.156750
    0.358457    -0.664927     0.160082
    0.380122    -0.648057     0.174997
    0.444103    -0.635574     0.159092
    0.549295    -0.592003     0.159092
    0.583066    -0.585089     0.149098
    0.610995    -0.561114     0.158559
    0.617022    -0.491421     0.223240
    0.614671    -0.559866     0.156995
    0.675649    -0.513076     0.156995
    0.679424    -0.505730     0.161418
    0.676901    -0.491421     0.177567
    0.676941    -0.491310     0.177621
    0.676941    -0.423009     0.229718
    0.701377    -0.459465     0.177621
    0.705353    -0.447749     0.182605
    0.694216    -0.421515     0.213685
    0.697164    -0.407113     0.217947
    0.713891    -0.366730     0.217947
    0.720155    -0.334623     0.225929
    0.717708    -0.330684     0.230556
    0.720456    -0.288905     0.234850
    0.727403    -0.236139     0.234850
    0.749400    -0.156726     0.210807
    0.745113    -0.094518     0.206365
    0.744002    -0.084663     0.206365
    0.738887    -0.014908     0.200017
    0.736965    -0.011807     0.202380
    0.729541     0.023557     0.194430
    0.726106     0.033374     0.194430
    0.719478     0.062987     0.186466
    0.622187     0.225786     0.186484
    0.558961     0.302033     0.179577
    0.461894     0.401505     0.168742
    0.403426     0.451722     0.162340
    0.398146     0.457129     0.159266
    0.359353     0.491395     0.144704
    0.330944     0.512591     0.139778
    0.225481     0.590760     0.103721
    0.151402     0.636999     0.081750
    0.117826     0.653577     0.077978
    0.096977     0.664865     0.071567
    0.030440     0.688147     0.071567
    0.020091     0.690320     0.073894
   -0.002850     0.704545     0.056410
   -0.002950     0.704588     0.056364
   -0.049513     0.720785     0.040657
   -0.111037     0.725296     0.046256
   -0.131607     0.727614     0.046256
   -0.197637     0.732164     0.050972
   -0.226664     0.729061     0.061372
   -0.236368     0.727889     0.065070
   -0.250618     0.724805     0.072723
   -0.255287     0.722288     0.077688
   -0.288238     0.720017     0.075335
   -0.331744     0.715116     0.075335
   -0.336574     0.714761     0.074895
   -0.417439     0.694224     0.090327
   -0.441517     0.685848     0.098450
   -0.478072     0.674650     0.098714
   -0.508278     0.664080     0.098714
   -0.523200     0.660740     0.094701
   -0.552799     0.646126     0.098026
   -0.576996     0.628411     0.108891
   -0.580043     0.627309     0.107697
   -0.616472     0.604419     0.107697
   -0.617848     0.602575     0.109138
   -0.638460     0.584057     0.112369
   -0.643442     0.575283     0.118291
   -0.664979     0.553746     0.118291
   -0.670590     0.543265     0.124321
   -0.677323     0.535771     0.123147
   -0.680424     0.527727     0.126820
   -0.697766     0.500127     0.126820
   -0.700526     0.492501     0.129811
   -0.712497     0.476150     0.122469
   -0.714262     0.468263     0.124590
   -0.729417     0.424953     0.124589
   -0.748824     0.377659     0.112414
   -0.758976     0.348473     0.102570
   -0.762539     0.299890     0.106991
   -0.767267     0.257930     0.106991
   -0.786768     0.132247     0.080081
   -0.780543     0.041922     0.073630
   -0.780128     0.038236     0.073630
   -0.772448    -0.066504     0.064099
   -0.771687    -0.067731     0.065034
   -0.760975    -0.118760     0.053563
   -0.747908    -0.171578     0.042014
   -0.706601    -0.249447     0.043810
   -0.702337    -0.255163     0.044801
   -0.687703    -0.277034     0.042232
   -0.677477    -0.288940     0.043536
   -0.667344    -0.300219     0.045303
   -0.666183    -0.301326     0.045676
   -0.611444    -0.354177     0.051829
   -0.441338    -0.473236     0.086891
   -0.300691    -0.549524     0.118313
   -0.299957    -0.549844     0.118522
   -0.079050    -0.644364     0.133640
    0.000121    -0.663903     0.150091
    0.060159    -0.679139     0.153682
    0.075561    -0.683051     0.150743
    0.116859    -0.686079     0.154502
    0.126975    -0.687219     0.154502
    0.173689    -0.690438     0.157838
    0.174997    -0.691143     0.156446
    0.241214    -0.686580     0.151717
    0.257426    -0.684754     0.151717
    0.323213    -0.679930     0.145730
    0.340489    -0.673920     0.151558
    0.425620    -0.650828     0.144983
    0.462789    -0.637823     0.144983
    0.517574    -0.625560     0.130251
    0.561900    -0.603673     0.135231
    0.582444    -0.588634     0.144455
    0.608148    -0.579331     0.134375
    0.640205    -0.559188     0.134375
    0.651344    -0.554894     0.129288
    0.670294    -0.537869     0.132258
    0.672989    -0.533122     0.135463
    0.693305    -0.512806     0.135463
    0.696730    -0.506410     0.139142
    0.696469    -0.503468     0.143109
    0.700484    -0.493052     0.147866
    0.713290    -0.472672     0.147866
    0.716655    -0.463376     0.151512
    0.712108    -0.446564     0.173756
    0.719514    -0.413473     0.182655
    0.728500    -0.387796     0.182655
    0.737294    -0.345902     0.192073
    0.731853    -0.333131     0.207984
    0.736699    -0.267040     0.213998
    0.740780    -0.230828     0.213998
    0.753893    -0.156726     0.199959
    0.751288    -0.120701     0.197683
    0.747615    -0.083407     0.197683
    0.742705    -0.020938     0.192759
    0.740061    -0.015141     0.197363
    0.734326     0.010806     0.192225
    0.729693     0.026077     0.192225
    0.721819     0.059039     0.184420
    0.696890     0.112122     0.185140
    0.679985     0.143750     0.185140
    0.678219     0.145607     0.186897
    0.286320     0.547019     0.127766
    0.237280     0.584300     0.104069
    0.235640     0.585331     0.103721
    0.083335     0.672953     0.064497
    0.053868     0.687733     0.054965
    0.047762     0.689192     0.056410
   -0.055499     0.723515     0.035903
   -0.057198     0.724047     0.035116
   -0.124098     0.729305     0.040389
   -0.129860     0.729872     0.040389
   -0.184086     0.733794     0.043815
   -0.275400     0.723013     0.071156
   -0.293585     0.721221     0.071156
   -0.320120     0.719136     0.069065
   -0.460393     0.681676     0.094712
   -0.482646     0.674926     0.094712
   -0.502322     0.670225     0.090053
   -0.519616     0.662866     0.092844
   -0.561592     0.642774     0.094963
   -0.592496     0.626255     0.094963
   -0.597096     0.624365     0.093082
   -0.614619     0.610847     0.097799
   -0.616176     0.609971     0.096987
   -0.648782     0.583212     0.096987
   -0.649971     0.581684     0.098102
   -0.657830     0.573824     0.098102
   -0.662390     0.566300     0.102730
   -0.686022     0.537505     0.102730
   -0.688868     0.532442     0.105371
   -0.691643     0.528844     0.104403
   -0.696295     0.517524     0.109032
   -0.715566     0.481469     0.109032
   -0.718248     0.474434     0.111483
   -0.725899     0.461530     0.104796
   -0.730469     0.442397     0.109326
   -0.745377     0.393255     0.109326
   -0.765030     0.335201     0.092028
   -0.770110     0.270558     0.097123
   -0.774275     0.228270     0.097123
   -0.787308     0.130677     0.078403
   -0.788087     0.124195     0.074980
   -0.781841     0.037824     0.069523
   -0.781727     0.036666     0.069523
   -0.773686    -0.065643     0.061459
   -0.773378    -0.066319     0.061995
   -0.763294    -0.111939     0.052963
   -0.761016    -0.119447     0.052963
   -0.749004    -0.169729     0.041056
   -0.728658    -0.213508     0.040777
   -0.716475    -0.236299     0.040777
   -0.716168    -0.237046     0.040472
   -0.671056    -0.296763     0.043536
   -0.611602    -0.354045     0.051788
   -0.552729    -0.400326     0.062127
   -0.355096    -0.524885     0.103622
    0.078028    -0.683707     0.149869
    0.125873    -0.687467     0.153640
    0.135387    -0.688404     0.153640
    0.174997    -0.691269     0.156143
    0.180350    -0.693109     0.150426
    0.236742    -0.689031     0.146863
    0.247427    -0.687979     0.146863
    0.317668    -0.682458     0.141326
    0.398667    -0.661060     0.140038
    0.431272    -0.651170     0.140038
    0.503470    -0.633921     0.122942
    0.584792    -0.594947     0.127255
    0.615111    -0.578742     0.127255
    0.636378    -0.570003     0.118559
    0.650022    -0.559477     0.122231
    0.658878    -0.554499     0.117612
    0.682111    -0.535432     0.117612
    0.686585    -0.532721     0.114860
    0.689480    -0.529826     0.114860
    0.689959    -0.529036     0.115346
    0.709569    -0.505140     0.115346
    0.709787    -0.502644     0.119038
    0.711005    -0.499680     0.120250
    0.724558    -0.474324     0.120250
    0.723626    -0.461296     0.138194
    0.731057    -0.430191     0.145560
    0.741898    -0.394454     0.145560
    0.747433    -0.369414     0.150518
    0.742089    -0.344950     0.181230
    0.748399    -0.264666     0.187558
    0.752455    -0.223482     0.187558
    0.756694    -0.164870     0.191262
    0.767378    -0.164870     0.146757
    0.758506    -0.063457     0.146757
    0.756696    -0.041293     0.145279
    0.750045    -0.023519     0.164691
    0.733485     0.038284     0.164691
    0.731722     0.045386     0.163253
    0.724763     0.057483     0.175337
    0.695393     0.120467     0.175337
    0.693250     0.125477     0.173569
    0.686700     0.135756     0.177059
    0.680330     0.143565     0.184324
    0.621703     0.227294     0.184324
    0.619144     0.231332     0.182158
    0.552447     0.310135     0.174364
    0.459756     0.403916     0.166859
    0.338776     0.510288     0.127765
    0.155780     0.636213     0.076607
    0.141517     0.645822     0.064497
    0.049485     0.690255     0.050586
    0.021333     0.703004     0.035121
    0.017468     0.703963     0.035903
   -0.059123     0.724767     0.033014
   -0.064188     0.726274     0.029022
   -0.121370     0.730943     0.032837
   -0.141434     0.732698     0.032837
   -0.175212     0.735211     0.034676
   -0.282242     0.723875     0.065070
   -0.307805     0.721788     0.063365
   -0.319159     0.719422     0.068308
   -0.422125     0.693157     0.089532
   -0.465562     0.681518     0.089532
   -0.491732     0.675021     0.084235
   -0.539864     0.654905     0.086778
   -0.568560     0.641525     0.086778
   -0.588745     0.632888     0.079655
   -0.594499     0.629222     0.081609
   -0.606019     0.622537     0.076394
   -0.630549     0.605361     0.076394
   -0.642168     0.597999     0.070164
   -0.643883     0.597152     0.067315
   -0.644880     0.596350     0.066673
   -0.675156     0.566075     0.066673
   -0.677521     0.563978     0.064827
   -0.677539     0.563949     0.064842
   -0.705902     0.523443     0.064842
   -0.706704     0.520791     0.068824
   -0.709819     0.513510     0.071393
   -0.735998     0.457370     0.071393
   -0.736450     0.456219     0.071738
   -0.736490     0.455932     0.072125
   -0.744439     0.423913     0.078605
   -0.763476     0.352863     0.078605
   -0.767713     0.334257     0.081765
   -0.771678     0.320930     0.071263
   -0.777291     0.252185     0.075848
   -0.783816     0.177603     0.075848
   -0.790301     0.110337     0.060708
   -0.786481     0.059001     0.057913
   -0.783486     0.024774     0.057913
   -0.776175    -0.064768     0.051941
   -0.776204    -0.066361     0.050016
   -0.772313    -0.083446     0.047114
   -0.763115    -0.117775     0.047114
   -0.750536    -0.168444     0.036860
   -0.750259    -0.169055     0.037195
   -0.750250    -0.169071     0.037211
   -0.728113    -0.216544     0.037211
   -0.722275    -0.230191     0.032396
   -0.717079    -0.236559     0.038320
   -0.686827    -0.279764     0.038320
   -0.685550    -0.281780     0.037240
   -0.677682    -0.290889     0.038362
   -0.621100    -0.346408     0.045676
   -0.570608    -0.388998     0.052541
   -0.472930    -0.454902     0.072590
   -0.348586    -0.529033     0.101411
   -0.221598    -0.586383     0.118521
   -0.078156    -0.644769     0.133149
   -0.001254    -0.663861     0.148713
    0.030900    -0.672477     0.148713
    0.087606    -0.686556     0.142322
    0.125506    -0.689650     0.144850
    0.180350    -0.694448     0.144850
    0.190297    -0.696317     0.133443
    0.197931    -0.697536     0.125581
    0.260664    -0.692048     0.125581
    0.315881    -0.687539     0.121898
    0.319743    -0.687609     0.117233
    0.324391    -0.686551     0.116443
    0.422213    -0.660340     0.116443
    0.478912    -0.646264     0.104968
    0.502623    -0.635525     0.117994
    0.516365    -0.630123     0.113877
    0.596181    -0.592904     0.113877
    0.624772    -0.580672     0.103787
    0.633722    -0.574970     0.106826
    0.643807    -0.569117     0.102261
    0.669592    -0.551062     0.102261
    0.681857    -0.543291     0.095685
    0.686786    -0.540857     0.087497
    0.704564    -0.523079     0.087497
    0.704952    -0.522735     0.087194
    0.710396    -0.505765     0.111508
    0.709113    -0.519685     0.079546
    0.722366    -0.500757     0.079546
    0.720926    -0.500134     0.086632
    0.725464    -0.474832     0.116355
    0.723910    -0.499119     0.076354
    0.736665    -0.471766     0.076354
    0.737086    -0.468689     0.080506
    0.739984    -0.457015     0.082868
    0.758410    -0.388247     0.082868
    0.758597    -0.387425     0.083008
    0.758200    -0.365628     0.109342
    0.762987    -0.307006     0.113252
    0.770984    -0.215593     0.113252
    0.772599    -0.193904     0.114433
    0.771274    -0.185610     0.122974
    0.783265    -0.193904    -0.021094
    0.783265    -0.185800    -0.029198
    0.774684    -0.076774    -0.029198
    0.772870    -0.054877    -0.028040
    0.772507    -0.052647    -0.025664
    0.771274    -0.052092    -0.010544
    0.759013    -0.039774     0.117280
    0.757356     0.010466    -0.025664
    0.751469     0.028379    -0.003873
    0.748200     0.028976     0.039066
    0.733878     0.046958     0.136762
    0.735689     0.066474    -0.003873
    0.719212     0.098622     0.041057
    0.717430     0.098441     0.067443
    0.675332     0.170228     0.041057
    0.657864     0.194207     0.079724
    0.651377     0.202368     0.085937
    0.530031     0.344446     0.085937
    0.525499     0.349454     0.089211
    0.495610     0.379343     0.089211
    0.486803     0.387314     0.083453
    0.325437     0.525133     0.083453
    0.276064     0.564374     0.045864
    0.272233     0.567056     0.045864
    0.226549     0.596513     0.025486
    0.131578     0.654711     0.025486
    0.091965     0.676683    -0.006614
    0.073297     0.686252    -0.032705
    0.008849     0.712947    -0.032705
    0.003074     0.714985    -0.037744
   -0.006239     0.718045    -0.049074
   -0.052743     0.729210    -0.049074
   -0.069948     0.732006    -0.030745
   -0.078293     0.732698    -0.030304
   -0.118869     0.735891    -0.030304
   -0.175212     0.735891     0.026038
   -0.261998     0.729061     0.026038
   -0.264637     0.728842     0.025898
   -0.268452     0.728509     0.025898
   -0.421049     0.694960     0.068308
   -0.438296     0.690613     0.071135
   -0.489321     0.676942     0.071135
   -0.492391     0.675858     0.068456
   -0.553472     0.650558     0.068456
   -0.582218     0.638063     0.060109
   -0.583765     0.637342     0.060109
   -0.606955     0.624479     0.041318
   -0.627083     0.612145     0.041318
   -0.634995     0.607043     0.037788
   -0.648153     0.597458     0.016570
   -0.650005     0.595986     0.015160
   -0.667444     0.581092     0.015160
   -0.667322     0.580970     0.018072
   -0.678402     0.564802     0.053086
   -0.676089     0.572447    -0.001034
   -0.693992     0.551486    -0.001034
   -0.693482     0.551253     0.008071
   -0.706826     0.524204     0.053114
   -0.697061     0.547272    -0.007828
   -0.718265     0.512671    -0.007828
   -0.718874     0.511572    -0.006938
   -0.719353     0.510637    -0.005632
   -0.718992     0.510601    -0.000280
   -0.742787     0.454065    -0.005632
   -0.746461     0.443651     0.003454
   -0.752865     0.419752     0.003454
   -0.753109     0.418781     0.003613
   -0.776569     0.321063     0.003613
   -0.777610     0.314969     0.009414
   -0.783816     0.244037     0.009414
   -0.784767     0.232555     0.008807
   -0.794386     0.110337     0.008807
   -0.794386     0.089326    -0.012204
   -0.786481    -0.011116    -0.012204
   -0.783813    -0.043310    -0.013906
   -0.782335    -0.060200    -0.013906
   -0.779353    -0.077665    -0.030533
   -0.761579    -0.151699    -0.030533
   -0.760517    -0.155913    -0.031223
   -0.756927    -0.166838    -0.044514
   -0.736613    -0.215879    -0.044514
   -0.735342    -0.215750    -0.025677
   -0.722362    -0.230262     0.031288
   -0.734257    -0.220475    -0.050938
   -0.710153    -0.259810    -0.050938
   -0.707168    -0.263909    -0.044329
   -0.706020    -0.263385    -0.023870
   -0.670990    -0.306267    -0.044329
   -0.658761    -0.318495    -0.021424
   -0.649195    -0.327153    -0.015169
   -0.583347    -0.383393    -0.015169
   -0.561247    -0.400957     0.001656
   -0.557238    -0.403878     0.008121
   -0.494964    -0.444032     0.035899
   -0.383774    -0.512169     0.035899
   -0.340773    -0.536021     0.070745
   -0.291056    -0.559204     0.070745
   -0.247741    -0.578031     0.083322
   -0.068986    -0.652073     0.083322
   -0.066523    -0.652942     0.081174
   -0.039170    -0.660272     0.081174
   -0.026666    -0.663423     0.083222
    0.093301    -0.692224     0.083222
    0.117263    -0.696317     0.060409
    0.148436    -0.701383     0.027201
    0.198612    -0.705332     0.027201
    0.198612    -0.698603     0.112708
    0.248679    -0.705332    -0.022866
    0.307763    -0.700682    -0.022866
    0.308698    -0.698603     0.002622
    0.316300    -0.699295    -0.031960
    0.422129    -0.673887    -0.031960
    0.437936    -0.668693    -0.012731
    0.460943    -0.660575     0.007342
    0.553662    -0.622170     0.007342
    0.579535    -0.610925     0.014855
    0.584625    -0.608316     0.021968
    0.608950    -0.594823     0.041679
    0.672414    -0.555932     0.041679
    0.674476    -0.554603     0.042599
    0.675569    -0.553807     0.044361
    0.675435    -0.553514     0.049594
    0.686797    -0.540869     0.087339
    0.703368    -0.530064     0.044361
    0.703040    -0.529736     0.052160
    0.709610    -0.520151     0.072919
    0.708602    -0.524830     0.034557
    0.719637    -0.511910     0.034557
    0.719069    -0.511651     0.044681
    0.724865    -0.499904     0.064242
    0.724249    -0.505580     0.024349
    0.732301    -0.492439     0.024349
    0.731605    -0.492368     0.034660
    0.737899    -0.472666     0.061188
    0.737384    -0.482522     0.010489
    0.745331    -0.463334     0.010489
    0.747621    -0.456845     0.004827
    0.750202    -0.448992    -0.004726
    0.755361    -0.428520    -0.008081
    0.767334    -0.378647    -0.008081
    0.769196    -0.367747    -0.018459
    0.770984    -0.347304    -0.018459
    0.775115    -0.297452    -0.021094
    0.780140    -0.185800    -0.068906
    0.778153    -0.173363    -0.081714
    0.775179    -0.148637    -0.094772
    0.774684    -0.144007    -0.096431
    0.772990    -0.129986    -0.101774
    0.767157    -0.063313    -0.101774
    0.765896    -0.047871    -0.100743
    0.763618    -0.040211    -0.106780
    0.755597     0.010787    -0.048762
    0.759536    -0.029303    -0.118693
    0.756414    -0.019329    -0.123315
    0.745500     0.021403    -0.123315
    0.746538     0.022160    -0.110555
    0.732485     0.066147    -0.051328
    0.744688     0.022681    -0.125298
    0.736708     0.036553    -0.139155
    0.717323     0.078125    -0.139155
    0.715114     0.083289    -0.137333
    0.716289     0.084256    -0.122410
    0.674143     0.169686     0.019850
    0.713026     0.085848    -0.139714
    0.646246     0.181219    -0.139714
    0.626335     0.212644    -0.122864
    0.599773     0.243399    -0.126655
    0.596474     0.247502    -0.124014
    0.395835     0.448141    -0.124014
    0.392402     0.452013    -0.120991
    0.323742     0.511314    -0.112529
    0.279570     0.539302    -0.136212
    0.129447     0.644419    -0.136213
    0.097912     0.662719    -0.150487
    0.073155     0.684861    -0.053311
    0.095137     0.663559    -0.154654
    0.051145     0.682380    -0.170179
    0.001932     0.705328    -0.170179
    0.003284     0.707183    -0.147390
   -0.005539     0.714210    -0.099453
   -0.009101     0.706836    -0.185068
   -0.009707     0.706986    -0.185191
   -0.038255     0.714636    -0.185191
   -0.041014     0.715668    -0.182178
   -0.046330     0.717746    -0.175460
   -0.044618     0.720356    -0.143911
   -0.052120     0.727823    -0.066067
   -0.073322     0.720108    -0.175460
   -0.114404     0.727823    -0.128351
   -0.118652     0.728502    -0.123975
   -0.118869     0.728842    -0.119869
   -0.184795     0.722715    -0.123975
   -0.210843     0.720589    -0.122238
   -0.275231     0.721761    -0.044449
   -0.330131     0.709259    -0.035124
   -0.419384     0.685344    -0.035124
   -0.508149     0.663307    -0.017160
   -0.514778     0.660305    -0.020801
   -0.524231     0.656589    -0.017969
   -0.622059     0.610971    -0.017969
   -0.622179     0.610890    -0.018070
   -0.626475     0.608153    -0.019529
   -0.638692     0.598186    -0.030895
   -0.663869     0.580558    -0.030895
   -0.664120     0.580327    -0.031102
   -0.675898     0.572255    -0.005595
   -0.668790     0.573955    -0.042815
   -0.687198     0.555548    -0.042815
   -0.687289     0.555634    -0.041591
   -0.696752     0.547131    -0.013343
   -0.689277     0.551338    -0.049808
   -0.689828     0.550467    -0.050274
   -0.707694     0.524953    -0.050274
   -0.708458     0.523636    -0.050871
   -0.708665     0.522949    -0.051902
   -0.711484     0.516362    -0.054227
   -0.730094     0.476451    -0.054227
   -0.730517     0.475377    -0.054548
   -0.736718     0.461683    -0.047026
   -0.745128     0.427807    -0.053882
   -0.760791     0.369353    -0.053882
   -0.767026     0.341971    -0.058534
   -0.771829     0.325825    -0.045810
   -0.780979     0.213758    -0.053284
   -0.784767     0.170464    -0.053284
   -0.790805     0.089326    -0.057702
   -0.785949     0.058928    -0.089007
   -0.783813     0.041170    -0.098386
   -0.782482     0.031470    -0.103907
   -0.773345    -0.072957    -0.103907
   -0.772390    -0.084661    -0.103127
   -0.766380    -0.104865    -0.119048
   -0.756625    -0.166893    -0.048482
   -0.758898    -0.124861    -0.140887
   -0.756357    -0.132976    -0.144647
   -0.742729    -0.183840    -0.144647
   -0.742980    -0.184023    -0.141554
   -0.731427    -0.220186    -0.092862
   -0.738960    -0.189771    -0.153851
   -0.726966    -0.210619    -0.174678
   -0.716370    -0.233344    -0.174678
   -0.718265    -0.234904    -0.150631
   -0.706744    -0.258255    -0.111747
   -0.710560    -0.239510    -0.186691
   -0.704237    -0.247260    -0.193901
   -0.688604    -0.269587    -0.193901
   -0.691312    -0.272122    -0.157815
   -0.669162    -0.304439    -0.087825
   -0.687480    -0.270411    -0.195969
   -0.651869    -0.306021    -0.195969
   -0.638663    -0.320917    -0.184339
   -0.632145    -0.329810    -0.167993
   -0.628427    -0.333224    -0.164932
   -0.518360    -0.410294    -0.164932
   -0.481693    -0.440206    -0.130820
   -0.420998    -0.478877    -0.110213
   -0.417822    -0.480237    -0.111334
   -0.155829    -0.602406    -0.111334
   -0.146966    -0.605890    -0.113989
   -0.097436    -0.628320    -0.086782
   -0.019511    -0.647666    -0.102552
    0.122325    -0.685671    -0.102552
    0.137943    -0.689228    -0.105205
    0.147043    -0.698285    -0.010772
    0.167537    -0.688688    -0.140958
    0.193287    -0.690791    -0.142675
    0.249535    -0.695712    -0.142675
    0.249535    -0.696943    -0.128605
    0.248679    -0.698285    -0.112408
    0.317356    -0.696943    -0.060783
    0.266234    -0.692576    -0.161824
    0.305480    -0.689142    -0.161824
    0.318330    -0.688093    -0.160967
    0.325706    -0.688227    -0.152056
    0.325867    -0.688473    -0.149089
    0.422233    -0.673317    -0.039458
    0.373626    -0.675387    -0.152056
    0.416462    -0.664753    -0.143387
    0.436407    -0.662027    -0.116470
    0.468949    -0.649234    -0.106722
    0.509128    -0.630498    -0.106722
    0.582979    -0.598903    -0.080661
    0.598089    -0.594331    -0.057972
    0.617979    -0.582788    -0.048969
    0.656331    -0.555934    -0.048969
    0.683518    -0.538708    -0.034392
    0.691057    -0.534985    -0.021867
    0.691591    -0.535555    -0.014262
    0.708049    -0.524276     0.021379
    0.713113    -0.512929    -0.021867
    0.714569    -0.511638    -0.020731
    0.715765    -0.510762    -0.018531
    0.716707    -0.511643    -0.005979
    0.723722    -0.505339     0.014963
    0.731746    -0.487938    -0.018531
    0.732145    -0.488266    -0.013468
    0.737291    -0.482513     0.009117
    0.732446    -0.485624    -0.022005
    0.735689    -0.478046    -0.024680
    0.745310    -0.457412    -0.024680
    0.747079    -0.452913    -0.026028
    0.747941    -0.446610    -0.034533
    0.756305    -0.412916    -0.041352
    0.759961    -0.399275    -0.041352
    0.766530    -0.370426    -0.046252
    0.766336    -0.359760    -0.059137
    0.773794    -0.268421    -0.065229
    0.775115    -0.253317    -0.065229
    0.765385    -0.094846    -0.120645
    0.764582    -0.083736    -0.119943
    0.760782    -0.045156    -0.119943
    0.751147    -0.007780    -0.132488
    0.748962    -0.001808    -0.134954
    0.745097     0.009304    -0.138702
    0.741496     0.017677    -0.142601
    0.735591     0.037144    -0.142601
    0.732116     0.042117    -0.147331
    0.720749     0.061290    -0.157268
    0.720141     0.062412    -0.157613
    0.718788     0.064321    -0.158713
    0.704984     0.090148    -0.158713
    0.703694     0.091505    -0.159996
    0.670818     0.134117    -0.171467
    0.670512     0.134528    -0.171538
    0.655779     0.156547    -0.168952
    0.652008     0.163255    -0.165452
    0.578385     0.252966    -0.165452
    0.567637     0.261324    -0.173296
    0.409053     0.419908    -0.173296
    0.407667     0.421690    -0.171995
    0.254595     0.547313    -0.171995
    0.239648     0.555714    -0.179793
    0.147491     0.617376    -0.190619
    0.100408     0.653700    -0.177945
    0.057889     0.671171    -0.195331
    0.029733     0.686221    -0.195331
    0.003534     0.696208    -0.204459
   -0.004321     0.700086    -0.203577
   -0.006087     0.701133    -0.202662
   -0.023700     0.705341    -0.206833
   -0.031304     0.707648    -0.206833
   -0.036176     0.708724    -0.207797
   -0.037425     0.708452    -0.209365
   -0.046763     0.709186    -0.210101
   -0.064864     0.710968    -0.210101
   -0.068045     0.712259    -0.206227
   -0.073322     0.714074    -0.200592
   -0.100613     0.712101    -0.198867
   -0.128395     0.709364    -0.198867
   -0.179533     0.705345    -0.194836
   -0.213588     0.712784    -0.152084
   -0.324603     0.688244    -0.130102
   -0.375617     0.672769    -0.130102
   -0.527349     0.636521    -0.094172
   -0.529202     0.635423    -0.095132
   -0.568120     0.620587    -0.081573
   -0.623031     0.591237    -0.081573
   -0.647864     0.581033    -0.071418
   -0.648895     0.580238    -0.071696
   -0.668728     0.573875    -0.043279
   -0.650734     0.578053    -0.073630
   -0.676175     0.557175    -0.073630
   -0.676191     0.557191    -0.073544
   -0.676785     0.554968    -0.077070
   -0.695827     0.531765    -0.077070
   -0.696800     0.530034    -0.077973
   -0.697773     0.528773    -0.077633
   -0.698295     0.527503    -0.078153
   -0.715137     0.495994    -0.078153
   -0.715689     0.494545    -0.078657
   -0.725474     0.478042    -0.070105
   -0.732636     0.448063    -0.077204
   -0.745840     0.404534    -0.077204
   -0.755158     0.362380    -0.085550
   -0.763978     0.343043    -0.070192
   -0.774961     0.203293    -0.081207
   -0.777022     0.182371    -0.081207
   -0.776676     0.014590    -0.121936
   -0.768304    -0.024095    -0.142711
   -0.767896    -0.029741    -0.142354
   -0.760360    -0.106254    -0.142354
   -0.744448    -0.159090    -0.165388
   -0.739460    -0.173430    -0.170225
   -0.730647    -0.193920    -0.179766
   -0.725317    -0.211491    -0.179766
   -0.717456    -0.222745    -0.190467
   -0.711881    -0.232147    -0.195340
   -0.706350    -0.238507    -0.202391
   -0.704395    -0.241266    -0.203980
   -0.699971    -0.249541    -0.203980
   -0.691046    -0.258930    -0.212859
   -0.689615    -0.260785    -0.213359
   -0.686716    -0.269820    -0.200415
   -0.679267    -0.269499    -0.222522
   -0.679217    -0.269547    -0.222550
   -0.674514    -0.275278    -0.222550
   -0.667596    -0.280657    -0.227599
   -0.659797    -0.288456    -0.227599
   -0.659630    -0.288671    -0.227442
   -0.608579    -0.330568    -0.227442
   -0.608108    -0.330832    -0.227688
   -0.527663    -0.392896    -0.206033
   -0.522546    -0.394998    -0.208125
   -0.335426    -0.495016    -0.208125
   -0.320315    -0.500776    -0.213390
   -0.242717    -0.539090    -0.204672
   -0.154687    -0.591283    -0.159049
   -0.056055    -0.614846    -0.182405
    0.060177    -0.650104    -0.182405
    0.141712    -0.668127    -0.198550
    0.163858    -0.678228    -0.180960
    0.202647    -0.681276    -0.184017
    0.239757    -0.684931    -0.184017
    0.265334    -0.686781    -0.185634
    0.266234    -0.687091    -0.184673
    0.280834    -0.686035    -0.183750
    0.294993    -0.684640    -0.183750
    0.315562    -0.683024    -0.182128
    0.319788    -0.683946    -0.176824
    0.356082    -0.675924    -0.169637
    0.365099    -0.673188    -0.169637
    0.418368    -0.660463    -0.157023
    0.418716    -0.660488    -0.156544
    0.486955    -0.634475    -0.132769
    0.503587    -0.625585    -0.132769
    0.587048    -0.591292    -0.098641
    0.592804    -0.586851    -0.100190
    0.636484    -0.562300    -0.077404
    0.654975    -0.547126    -0.077404
    0.688841    -0.526600    -0.056573
    0.688947    -0.526571    -0.056408
    0.697521    -0.519903    -0.050150
    0.714278    -0.499486    -0.050150
    0.720017    -0.494652    -0.045067
    0.723146    -0.490597    -0.043975
    0.724649    -0.486940    -0.045471
    0.738863    -0.460347    -0.045471
    0.741626    -0.453100    -0.047995
    0.744348    -0.448509    -0.045616
    0.752925    -0.412603    -0.054118
    0.756695    -0.400176    -0.054118
    0.765569    -0.360030    -0.062068
    0.764399    -0.354672    -0.068793
    0.772092    -0.256795    -0.076508
    0.772195    -0.255743    -0.076508
    0.758620    -0.082293    -0.133993
    0.757167    -0.061211    -0.132488
    0.731604     0.033630    -0.154758
    0.729735     0.035608    -0.157268
    0.717492     0.065646    -0.160050
    0.704364     0.083578    -0.168101
    0.700835     0.086346    -0.171467
    0.569421     0.252673    -0.184018
    0.562018     0.256877    -0.189015
    0.396371     0.422523    -0.189015
    0.375416     0.433743    -0.201072
    0.127084     0.625243    -0.199938
    0.053384     0.671552    -0.199938
    0.022356     0.682782    -0.212106
    0.020379     0.683876    -0.212023
   -0.022543     0.704165    -0.208477
   -0.025579     0.705227    -0.208477
   -0.037272     0.707682    -0.211105
   -0.041624     0.705828    -0.216528
   -0.049872     0.706432    -0.217279
   -0.055949     0.707117    -0.217279
   -0.064864     0.707731    -0.217915
   -0.065641     0.707313    -0.218741
   -0.106714     0.704482    -0.215808
   -0.125512     0.702364    -0.215808
   -0.176182     0.698649    -0.211197
   -0.180497     0.700487    -0.205821
   -0.326621     0.669814    -0.172972
   -0.382169     0.650376    -0.172972
   -0.534943     0.616181    -0.131888
   -0.541453     0.611414    -0.134811
   -0.589324     0.594088    -0.116037
   -0.637200     0.564006    -0.116037
   -0.652106     0.558259    -0.109231
   -0.655978     0.558603    -0.104009
   -0.656250     0.558926    -0.103080
   -0.676557     0.554739    -0.077911
   -0.679708     0.534873    -0.104009
   -0.680681     0.534737    -0.102703
   -0.680798     0.534650    -0.102612
   -0.700319     0.503582    -0.102612
   -0.700390     0.503386    -0.102689
   -0.704395     0.497915    -0.100232
   -0.705813     0.491579    -0.101936
   -0.730931     0.419797    -0.101936
   -0.739243     0.380200    -0.110837
   -0.749610     0.363482    -0.098096
   -0.760170     0.219469    -0.111202
   -0.766318     0.164905    -0.111202
   -0.755429    -0.047985    -0.168113
   -0.753510    -0.075832    -0.166124
   -0.745041    -0.150999    -0.166124
   -0.717040    -0.215863    -0.196489
   -0.713169    -0.219961    -0.201686
   -0.712283    -0.221550    -0.202391
   -0.697453    -0.248357    -0.211142
   -0.691220    -0.256870    -0.214965
   -0.683498    -0.262928    -0.222328
   -0.683196    -0.263245    -0.222522
   -0.671609    -0.275224    -0.228500
   -0.667855    -0.279402    -0.229155
   -0.662043    -0.282701    -0.233078
   -0.655376    -0.289368    -0.233078
   -0.646800    -0.293960    -0.238013
   -0.608930    -0.327982    -0.232077
   -0.592474    -0.334326    -0.239591
   -0.491772    -0.397601    -0.239591
   -0.464773    -0.407373    -0.250180
   -0.395741    -0.445558    -0.247256
   -0.169501    -0.555478    -0.224361
   -0.008105    -0.611953    -0.224361
    0.078462    -0.630125    -0.243821
    0.083258    -0.632175    -0.242389
    0.086137    -0.633516    -0.241262
    0.141678    -0.667957    -0.198935
    0.161824    -0.669434    -0.200768
    0.224086    -0.676450    -0.200768
    0.256547    -0.678687    -0.203086
    0.265334    -0.683422    -0.193743
    0.283902    -0.682143    -0.192417
    0.296481    -0.680725    -0.192417
    0.311802    -0.679602    -0.191022
    0.315895    -0.681346    -0.185923
    0.357063    -0.672704    -0.176668
    0.369307    -0.668420    -0.176668
    0.419335    -0.657222    -0.163214
    0.428041    -0.650848    -0.167123
    0.496088    -0.626219    -0.140436
    0.520821    -0.610678    -0.140436
    0.594077    -0.582438    -0.106985
    0.609069    -0.568969    -0.109335
    0.646667    -0.548839    -0.087701
    0.666123    -0.529383    -0.087701
    0.691203    -0.515144    -0.070773
    0.697979    -0.507601    -0.069591
    0.705440    -0.502034    -0.063757
    0.726162    -0.469056    -0.063757
    0.726209    -0.468927    -0.063807
    0.736725    -0.454562    -0.057358
    0.741937    -0.431275    -0.063620
    0.752271    -0.401744    -0.063620
    0.762054    -0.355138    -0.074097
    0.760269    -0.350949    -0.079316
    0.767354    -0.254329    -0.088109
    0.768749    -0.241949    -0.088109
    0.746685    -0.082293    -0.153468
    0.731130    -0.061078    -0.174951
    0.731117    -0.061064    -0.174969
    0.718196     0.037080    -0.174969
    0.714526     0.040994    -0.178662
    0.708201     0.044542    -0.185522
    0.690105     0.088228    -0.185522
    0.671372     0.102127    -0.200243
    0.663531     0.103203    -0.208633
    0.543754     0.259300    -0.208633
    0.531073     0.265816    -0.216269
    0.377293     0.419596    -0.216269
    0.359424     0.425987    -0.225024
    0.098767     0.625996    -0.225024
    0.081797     0.631755    -0.232243
    0.015180     0.684940    -0.213561
   -0.029277     0.703355    -0.213561
   -0.041616     0.705762    -0.216629
   -0.047991     0.701801    -0.224119
   -0.060008     0.703383    -0.224119
   -0.065641     0.703746    -0.224561
   -0.072973     0.698370    -0.231986
   -0.105308     0.696286    -0.229442
   -0.147708     0.690704    -0.229442
   -0.177444     0.688748    -0.226386
   -0.203298     0.668616    -0.244185
   -0.329355     0.644023    -0.212849
   -0.441065     0.597751    -0.212849
   -0.547678     0.575926    -0.181298
   -0.548257     0.575429    -0.181495
   -0.577220     0.565599    -0.169174
   -0.633956     0.522064    -0.169174
   -0.645796     0.524151    -0.155813
   -0.655363     0.533719    -0.135591
   -0.674713     0.531151    -0.114806
   -0.675334     0.507781    -0.135510
   -0.664014     0.500409    -0.155813
   -0.659074     0.488773    -0.169599
   -0.695032     0.401962    -0.169599
   -0.698258     0.385426    -0.173710
   -0.696159     0.382048    -0.177678
   -0.704957     0.248285    -0.191428
   -0.724402     0.100584    -0.191428
   -0.733980    -0.047985    -0.203114
   -0.730988    -0.052066    -0.207247
   -0.728216    -0.095074    -0.203864
   -0.714562    -0.198779    -0.203864
   -0.696644    -0.241634    -0.216218
   -0.690409    -0.246245    -0.222328
   -0.674444    -0.269739    -0.229400
   -0.671668    -0.272972    -0.230495
   -0.666406    -0.275772    -0.234219
   -0.660981    -0.282843    -0.234219
   -0.652705    -0.287095    -0.239201
   -0.646947    -0.292853    -0.239201
   -0.623590    -0.301207    -0.250645
   -0.579996    -0.334657    -0.250645
   -0.539531    -0.348391    -0.267859
   -0.519689    -0.360231    -0.268783
   -0.326917    -0.459647    -0.267624
   -0.112202    -0.548585    -0.267624
    0.002479    -0.570959    -0.296132
    0.221830    -0.651381    -0.241262
    0.227894    -0.651772    -0.241739
    0.256547    -0.672781    -0.212724
    0.267686    -0.672062    -0.211848
    0.302960    -0.667418    -0.211848
    0.312593    -0.673403    -0.200531
    0.350026    -0.666100    -0.191226
    0.413509    -0.639804    -0.191226
    0.430591    -0.636308    -0.186171
    0.433832    -0.633525    -0.187269
    0.499480    -0.611246    -0.159342
    0.576961    -0.551792    -0.159342
    0.596340    -0.544862    -0.149848
    0.611904    -0.547605    -0.132283
    0.640836    -0.532738    -0.114863
    0.687885    -0.471423    -0.114863
    0.694052    -0.470577    -0.108264
    0.698879    -0.473720    -0.099607
    0.734823    -0.372147    -0.108264
    0.738415    -0.353736    -0.112841
    0.720469    -0.324852    -0.146774
    0.741199    -0.167393    -0.146774
    0.639747    -0.061064    -0.281949
    0.675924     0.040827    -0.223886
    0.618485    -0.064992    -0.306238
    0.599709    -0.064992    -0.327078
    0.594372    -0.060603    -0.332230
    0.583143     0.010290    -0.332230
    0.590865     0.020190    -0.321919
    0.644276     0.043476    -0.258546
    0.652510     0.097917    -0.223621
    0.546594     0.107076    -0.321919
    0.541651     0.109699    -0.324832
    0.535852     0.115766    -0.325969
    0.531072     0.130479    -0.319498
    0.235564     0.425987    -0.319498
    0.233719     0.426586    -0.320310
    0.109335     0.545480    -0.296999
    0.085349     0.590679    -0.270364
   -0.030370     0.649641    -0.270364
   -0.040501     0.669036    -0.256546
   -0.042819     0.676168    -0.250768
   -0.046842     0.680969    -0.247212
   -0.048335     0.698811    -0.227672
   -0.073862     0.685249    -0.247212
   -0.072973     0.690063    -0.241712
   -0.083732     0.676231    -0.256249
   -0.103611     0.675046    -0.254572
   -0.169286     0.664644    -0.254572
   -0.203792     0.662711    -0.250652
   -0.231457     0.637301    -0.266480
   -0.257193     0.623110    -0.270485
   -0.307889     0.602111    -0.270485
   -0.382151     0.588840    -0.250643
   -0.503028     0.527251    -0.250643
   -0.553231     0.517916    -0.234871
   -0.556451     0.514838    -0.235475
   -0.559436     0.513868    -0.234162
   -0.625760     0.513868    -0.183573
   -0.604551     0.468754    -0.234162
   -0.625760     0.485219    -0.205425
   -0.647708     0.483320    -0.185057
   -0.602038     0.463636    -0.239133
   -0.604193     0.452047    -0.242773
   -0.634101     0.393351    -0.242773
   -0.635209     0.387150    -0.244430
   -0.630764     0.381452    -0.250365
   -0.640595     0.205999    -0.270296
   -0.655818     0.109884    -0.270296
   -0.663995    -0.027377    -0.281880
   -0.665457    -0.030332    -0.280624
   -0.685315    -0.052066    -0.260724
   -0.682032    -0.107159    -0.256074
   -0.672397    -0.167997    -0.256074
   -0.668076    -0.245123    -0.247313
   -0.669732    -0.247247    -0.245101
   -0.671135    -0.247858    -0.243436
   -0.654681    -0.276786    -0.245101
   -0.652705    -0.277834    -0.246265
   -0.650654    -0.277572    -0.248030
   -0.633495    -0.283405    -0.256669
   -0.615693    -0.301207    -0.256669
   -0.585953    -0.310868    -0.269749
   -0.565670    -0.323406    -0.272758
   -0.491989    -0.365381    -0.277485
   -0.473046    -0.371071    -0.281332
   -0.305548    -0.456415    -0.281332
   -0.234145    -0.469175    -0.300411
   -0.114742    -0.509537    -0.310730
   -0.027510    -0.545670    -0.310730
   -0.018227    -0.550788    -0.309285
    0.002374    -0.569711    -0.297498
    0.073006    -0.573669    -0.305522
    0.194046    -0.592840    -0.305522
    0.199182    -0.593146    -0.305955
    0.225593    -0.617276    -0.281773
    0.227894    -0.629729    -0.267548
    0.301636    -0.655911    -0.225526
    0.291436    -0.606847    -0.281773
    0.300160    -0.613651    -0.272689
    0.304366    -0.623298    -0.261243
    0.432395    -0.546274    -0.272689
    0.439216    -0.549622    -0.266063
    0.440901    -0.551792    -0.263123
    0.554788    -0.434051    -0.266063
    0.596339    -0.466306    -0.209767
    0.664863    -0.460380    -0.146171
    0.551132    -0.426601    -0.273298
    0.608824    -0.313373    -0.273298
    0.645017    -0.329153    -0.230355
    0.710334    -0.323685    -0.158820
    0.574610    -0.269507    -0.318983
    0.578603    -0.198247    -0.327078
    0.550913    -0.060603    -0.369348
    0.550211    -0.059945    -0.369858
    0.549848    -0.053406    -0.369283
    0.573943     0.008743    -0.340297
    0.544088    -0.024449    -0.369283
    0.543699    -0.021299    -0.369095
    0.543075    -0.015407    -0.368659
    0.541921     0.010333    -0.365505
    0.539470     0.012730    -0.366498
    0.535262     0.020015    -0.366900
    0.534542     0.021748    -0.366767
    0.531261     0.041427    -0.361319
    0.482455     0.114470    -0.361319
    0.482225     0.115766    -0.360905
    0.296644     0.301346    -0.360905
    0.246141     0.369115    -0.349658
    0.233719     0.404447    -0.334733
    0.127154     0.475651    -0.334733
    0.075923     0.523829    -0.325648
    0.065017     0.538736    -0.320683
    0.033891     0.562512    -0.314290
   -0.018575     0.616159    -0.292553
   -0.029515     0.632420    -0.283921
   -0.077933     0.642051    -0.283921
   -0.083934     0.651272    -0.277539
   -0.083732     0.652276    -0.276709
   -0.128428     0.648804    -0.273627
   -0.173116     0.639916    -0.273627
   -0.462838     0.530159    -0.264834
   -0.491134     0.525440    -0.256999
   -0.354909     0.574944    -0.273077
   -0.544545     0.489753    -0.256999
   -0.556451     0.487631    -0.253199
   -0.580446     0.463636    -0.253199
   -0.600446     0.427426    -0.255931
   -0.581972     0.455075    -0.255931
   -0.602893     0.412750    -0.259995
   -0.619359     0.384252    -0.258424
   -0.621766     0.381898    -0.257449
   -0.627634     0.250971    -0.273489
   -0.632839     0.208941    -0.275998
   -0.635855     0.193775    -0.275998
   -0.652747    -0.010270    -0.289173
   -0.660474    -0.024072    -0.284441
   -0.646224     0.006793    -0.292436
   -0.659647    -0.135109    -0.271413
   -0.656302    -0.151927    -0.271413
   -0.652089    -0.245916    -0.259898
   -0.646786    -0.251102    -0.262046
   -0.646702    -0.251606    -0.261907
   -0.625456    -0.283405    -0.261907
   -0.606890    -0.289932    -0.269749
   -0.562097    -0.324043    -0.273898
   -0.545722    -0.329478    -0.277485
   -0.468903    -0.371761    -0.282479
    0.060044    -0.554297    -0.318874
    0.076548    -0.556340    -0.319859
    0.103747    -0.561750    -0.319859
    0.199182    -0.567043    -0.328249
    0.200473    -0.565667    -0.329250
    0.200706    -0.565654    -0.329229
    0.290355    -0.600409    -0.287418
    0.276239    -0.550629    -0.329229
    0.292863    -0.549884    -0.327193
    0.314684    -0.527573    -0.336233
    0.316793    -0.526355    -0.336349
    0.319013    -0.525985    -0.335734
    0.430201    -0.542905    -0.276313
    0.430201    -0.451691    -0.335734
    0.432123    -0.446225    -0.338043
    0.457403    -0.420944    -0.338043
    0.462373    -0.419197    -0.335944
    0.539758    -0.419197    -0.285531
    0.507768    -0.351259    -0.335944
    0.526641    -0.333005    -0.331595
    0.560884    -0.270188    -0.329788
    0.545825    -0.152200    -0.360421
    0.547228    -0.120910    -0.364255
    0.547700    -0.118536    -0.364255
    0.547140    -0.059945    -0.371740
    0.546253    -0.059189    -0.372191
    0.546078    -0.058895    -0.372262
    0.544963    -0.040371    -0.370688
    0.539690     0.006528    -0.367290
    0.482524     0.113748    -0.361547
    0.482431     0.114260    -0.361410
    0.298015     0.298676    -0.361410
    0.145828     0.455743    -0.338836
    0.014807     0.567626    -0.314290
   -0.036915     0.608898    -0.299238
   -0.066956     0.626738    -0.291967
   -0.077933     0.639609    -0.285418
   -0.160841     0.635056    -0.278101
   -0.197526     0.625227    -0.278101
   -0.530321     0.492002    -0.261004
   -0.543375     0.489614    -0.257508
   -0.581540     0.451448    -0.257508
   -0.593388     0.421666    -0.261954
   -0.583929     0.438395    -0.261004
   -0.623354     0.271618    -0.272801
   -0.625054     0.260598    -0.273489
   -0.643707     0.011031    -0.293462
   -0.653800    -0.145607    -0.273716
   -0.649139    -0.163001    -0.273716
   -0.646013    -0.251113    -0.262469
   -0.606662    -0.288023    -0.270579
   -0.595893    -0.290247    -0.273898
   -0.542711    -0.330029    -0.278292
    0.031651    -0.547768    -0.318281
    0.041152    -0.549235    -0.318874
    0.200473    -0.563146    -0.330795
    0.203176    -0.559976    -0.332408
    0.234689    -0.541263    -0.340034
    0.250400    -0.540400    -0.338648
    0.295765    -0.528244    -0.338648
    0.356316    -0.484218    -0.345033
    0.389936    -0.455185    -0.348660
    0.406322    -0.445919    -0.347730
    0.415482    -0.444243    -0.345276
    0.455422    -0.404304    -0.345276
    0.462746    -0.385155    -0.348297
    0.457098    -0.395144    -0.347730
    0.542159    -0.120946    -0.367033
    0.544211    -0.113289    -0.367033
    0.541084    -0.142321    -0.364478
    0.541748    -0.123609    -0.366867
    0.535399     0.016890    -0.367290
    0.298276     0.297996    -0.361547
    0.114545     0.468701    -0.338836
    0.057424     0.516971    -0.330541
    0.056108     0.517716    -0.330379
   -0.181176     0.619166    -0.282427
   -0.280016     0.578225    -0.282427
   -0.597194     0.334774    -0.272801
   -0.641477     0.012876    -0.294181
   -0.643610    -0.148087    -0.277662
   -0.584945    -0.289716    -0.277662
   -0.581826    -0.290915    -0.278292
   -0.054249    -0.512187    -0.318281
    0.251777    -0.520613    -0.346691
    0.271628    -0.519296    -0.345033
    0.526937    -0.159366    -0.366867
    0.525950    -0.163550    -0.366615
    0.541446    -0.058895    -0.373374
    0.532856     0.007939    -0.368790
    0.275136     0.291422    -0.365427
    0.283624     0.257171    -0.368790
   -0.028660     0.506820    -0.324565
   -0.509478     0.026002    -0.324565
   -0.511165     0.012876    -0.325465
   -0.498726     0.001608    -0.327332
   -0.434410    -0.014330    -0.333648
    0.037409    -0.486149    -0.333648
    0.251777    -0.513702    -0.348350
    0.322214    -0.435946    -0.360013
    0.329825    -0.405234    -0.363029
    0.500250    -0.234808    -0.363029
    0.539640    -0.060531    -0.373645
    0.329825    -0.060531    -0.390158
    0.283624    -0.014330    -0.390158
     1      2      3
     1      3      4
     1      4      5
     5      4      6
     5      6      7
     5      7      8
     5      8      9
     5      9     10
     1      5     10
     1     10     11
     1     11     12
    12     13     14
    12     14     15
    12     15     16
    12     16     17
    12     17      2
    12      2      1
    16     18     19
    16     19     20
    16     20     21
    16     21     17
    17     21     22
    17     22     23
    17     23     24
    17     24      3
    17      3      2
     3     24     25
     3     25     26
     3     26     27
     3     27      6
     3      6      4
     6     27     28
     6     28     29
     6     29     30
     6     30     31
     6     31      7
     7     31     32
     7     32     33
     7     33     34
     7     34      8
     8     34     35
     8     35     36
     8     36     37
     8     37      9
    10      9     37
    10     37     38
    10     38     39
    10     39     11
    11     39     40
    11     40     41
    11     41     13
    11     13     12
    13     41     42
    13     42     43
    13     43     44
    13     44     45
    13     45     14
    14     45     46
    14     46     47
    14     47     48
    14     48     49
    14     49     15
    15     49     50
    15     50     51
    15     51     52
    15     52     18
    15     18     16
    52     53     54
    52     54     55
    52     55     56
    52     56     19
    52     19     18
    55     57     58
    55     58     59
    55     59     60
    55     60     56
    19     56     60
    19     60     61
    19     61     62
    19     62     20
    20     62     63
    20     63     22
    20     22     21
    23     64     65
    23     65     25
    23     25     24
    26     66     28
    26     28     27
    29     67     68
    29     68     69
    29     69     70
    29     70     30
    30     70     71
    30     71     32
    30     32     31
    32     71     72
    32     72     73
    32     73     74
    32     74     33
    33     74     75
    33     75     76
    33     76     35
    33     35     34
    35     76     77
    35     77     78
    35     78     79
    35     79     36
    37     36     79
    37     79     80
    37     80     81
    37     81     38
    38     81     82
    38     82     83
    38     83     40
    38     40     39
    40     83     84
    40     84     85
    40     85     42
    40     42     41
    43     86     87
    43     87     44
    44     87     88
    44     88     46
    44     46     45
    47     89     90
    47     90     91
    47     91     48
    48     91     92
    48     92     93
    48     93     50
    48     50     49
    51     94     95
    51     95     53
    51     53     52
    95     96     97
    95     97     98
    95     98     54
    95     54     53
    54     98     99
    54     99    100
    54    100     57
    54     57     55
   100    101    102
   100    102    103
   100    103    104
   100    104     58
   100     58     57
    58    104    105
    58    105    106
    58    106    107
    58    107     59
    60     59    107
    60    107    108
    60    108    109
    60    109     61
    61    109    110
    61    110    111
    61    111     63
    61     63     62
    22     63    111
    22    111    112
    22    112     64
    22     64     23
    25     65    113
    25    113    114
    25    114     66
    25     66     26
    28     66    114
    28    114    115
    28    115     67
    28     67     29
    68    116    117
    68    117    118
    68    118     69
    69    118    119
    69    119     72
    69     72     71
    69     71     70
    72    119    120
    72    120    121
    72    121     73
    73    121    122
    73    122    123
    73    123     75
    73     75     74
   122    124    125
   122    125    126
   122    126    127
   122    127    123
    75    123    127
    75    127     77
    75     77     76
    77    127    126
    77    126    128
    77    128     78
    79     78    128
    79    128    129
    79    129    130
    79    130     80
    80    130    131
    80    131     82
    80     82     81
    82    131    132
    82    132    133
    82    133    134
    82    134     84
    82     84     83
    84    134    135
    84    135    136
    84    136     85
    42     85    136
    42    136    137
    42    137    138
    42    138     86
    42     86     43
   138    139    140
   138    140     88
   138     88     87
   138     87     86
    46     88    140
    46    140    141
    46    141    142
    46    142     89
    46     89     47
   142    143    144
   142    144     90
   142     90     89
    90    144    145
    90    145     92
    90     92     91
    50     93    146
    50    146    147
    50    147     94
    50     94     51
   147    148    149
   147    149     96
   147     96     95
   147     95     94
   149    150    151
   149    151    152
   149    152     97
   149     97     96
    97    152    153
    97    153    154
    97    154     99
    97     99     98
    99    154    155
    99    155    101
    99    101    100
   102    156    157
   102    157    158
   102    158    159
   102    159    160
   102    160    103
   103    160    161
   103    161    105
   103    105    104
   105    161    162
   105    162    163
   105    163    164
   105    164    106
   107    106    164
   107    164    165
   107    165    166
   107    166    167
   107    167    108
   108    167    168
   108    168    169
   108    169    110
   108    110    109
   111    110    169
   111    169    170
   111    170    171
   111    171    112
   112    171    172
   112    172    173
   112    173    174
   112    174    113
   112    113     65
   112     65     64
   113    174    175
   113    175    115
   113    115    114
   115    175    176
   115    176    116
   115    116     68
   115     68     67
   176    177    178
   176    178    179
   176    179    117
   176    117    116
   117    179    180
   117    180    120
   117    120    119
   117    119    118
   178    181    182
   178    182    183
   178    183    180
   178    180    179
   120    180    183
   120    183    184
   120    184    124
   120    124    122
   120    122    121
   183    182    185
   183    185    186
   183    186    187
   183    187    184
   125    124    184
   125    184    187
   125    187    188
   188    187    186
   188    186    189
   188    189    190
   188    190    191
   128    126    125
   128    125    188
   128    188    191
   128    191    192
   128    192    129
   191    190    193
   191    193    194
   191    194    195
   191    195    192
   195    194    196
   195    196    197
   195    197    198
   195    198    199
   195    199    200
   129    192    195
   129    195    200
   129    200    201
   129    201    132
   129    132    131
   129    131    130
   200    199    202
   200    202    203
   200    203    204
   200    204    205
   200    205    206
   200    206    201
   132    201    206
   132    206    207
   132    207    133
   133    207    208
   133    208    209
   133    209    135
   133    135    134
   136    135    209
   136    209    210
   136    210    211
   136    211    137
   137    211    212
   137    212    213
   137    213    214
   137    214    215
   137    215    139
   137    139    138
   140    139    215
   140    215    216
   140    216    141
   214    217    218
   214    218    219
   214    219    216
   214    216    215
   141    216    219
   141    219    220
   141    220    221
   141    221    222
   141    222    143
   141    143    142
   222    223    145
   222    145    144
   222    144    143
    92    145    223
    92    223    224
    92    224    225
    92    225    146
    92    146     93
   146    225    226
   146    226    227
   146    227    148
   146    148    147
   227    228    229
   227    229    150
   227    150    149
   227    149    148
   229    230    151
   229    151    150
   151    230    231
   151    231    232
   151    232    153
   151    153    152
   153    232    233
   153    233    234
   153    234    155
   153    155    154
   155    234    235
   155    235    156
   155    156    102
   155    102    101
   158    236    237
   158    237    238
   158    238    239
   158    239    159
   159    239    240
   159    240    241
   159    241    162
   159    162    161
   159    161    160
   162    241    242
   162    242    243
   162    243    163
   164    163    243
   164    243    244
   164    244    245
   164    245    246
   164    246    247
   164    247    248
   164    248    249
   164    249    165
   165    249    250
   165    250    251
   165    251    252
   165    252    166
   166    252    253
   166    253    254
   166    254    255
   166    255    256
   166    256    168
   166    168    167
   169    168    256
   169    256    257
   169    257    258
   169    258    259
   169    259    260
   169    260    170
   170    260    261
   170    261    262
   170    262    263
   170    263    172
   170    172    171
   172    263    264
   172    264    265
   172    265    266
   172    266    267
   172    267    173
   173    267    268
   173    268    269
   173    269    270
   173    270    177
   173    177    176
   173    176    175
   173    175    174
   269    271    272
   269    272    273
   269    273    274
   269    274    275
   269    275    270
   274    276    277
   274    277    278
   274    278    279
   274    279    275
   270    275    279
   270    279    280
   270    280    281
   270    281    181
   270    181    178
   270    178    177
   280    282    283
   280    283    284
   280    284    281
   281    284    285
   281    285    286
   281    286    287
   281    287    185
   281    185    182
   281    182    181
   287    286    288
   287    288    289
   287    289    290
   287    290    291
   186    185    287
   186    287    291
   186    291    292
   186    292    189
   291    290    293
   291    293    294
   291    294    295
   291    295    292
   189    292    295
   189    295    296
   189    296    193
   189    193    190
   295    294    297
   295    297    298
   295    298    299
   295    299    296
   193    296    299
   193    299    300
   193    300    301
   193    301    302
   193    302    196
   193    196    194
   196    302    303
   196    303    304
   196    304    197
   197    304    305
   197    305    306
   197    306    307
   197    307    308
   197    308    309
   197    309    198
   198    309    310
   198    310    202
   198    202    199
   202    310    311
   202    311    312
   202    312    313
   202    313    314
   202    314    203
   203    314    315
   203    315    316
   203    316    317
   203    317    318
   203    318    319
   203    319    204
   204    319    320
   204    320    321
   204    321    322
   204    322    323
   204    323    324
   204    324    205
   206    205    324
   206    324    325
   206    325    326
   206    326    327
   206    327    328
   206    328    329
   206    329    330
   206    330    331
   206    331    208
   206    208    207
   209    208    331
   209    331    332
   209    332    333
   209    333    334
   209    334    335
   209    335    336
   209    336    210
   210    336    337
   210    337    338
   210    338    339
   210    339    340
   210    340    212
   210    212    211
   212    340    341
   212    341    342
   212    342    343
   212    343    213
   213    343    344
   213    344    345
   213    345    346
   213    346    217
   213    217    214
   346    347    348
   346    348    349
   346    349    218
   346    218    217
   219    218    349
   219    349    350
   219    350    351
   219    351    220
   220    351    352
   220    352    353
   220    353    354
   220    354    221
   221    354    355
   221    355    356
   221    356    224
   221    224    223
   221    223    222
   224    356    357
   224    357    358
   224    358    359
   224    359    226
   224    226    225
   358    360    361
   358    361    362
   358    362    363
   358    363    359
   226    359    363
   226    363    364
   226    364    365
   226    365    228
   226    228    227
   364    366    367
   364    367    368
   364    368    365
   365    368    369
   365    369    231
   365    231    230
   365    230    229
   365    229    228
   369    370    371
   369    371    372
   369    372    233
   369    233    232
   369    232    231
   233    372    373
   233    373    235
   233    235    234
   235    373    374
   235    374    157
   235    157    156
   237    375    376
   237    376    377
   237    377    238
   238    377    378
   238    378    379
   238    379    240
   238    240    239
   240    379    380
   240    380    381
   240    381    242
   240    242    241
   243    242    381
   243    381    382
   243    382    244
   248    250    249
   251    383    253
   251    253    252
   256    255    384
   256    384    257
   259    385    386
   259    386    261
   259    261    260
   261    386    387
   261    387    388
   261    388    389
   261    389    262
   266    390    391
   266    391    392
   266    392    268
   266    268    267
   268    392    393
   268    393    394
   268    394    395
   268    395    271
   268    271    269
   395    396    397
   395    397    398
   395    398    399
   395    399    272
   395    272    271
   272    399    400
   272    400    401
   272    401    402
   272    402    403
   272    403    404
   272    404    405
   272    405    273
   273    405    406
   273    406    407
   273    407    276
   273    276    274
   407    408    409
   407    409    410
   407    410    277
   407    277    276
   279    278    411
   279    411    412
   279    412    282
   279    282    280
   412    413    414
   412    414    415
   412    415    283
   412    283    282
   283    415    416
   283    416    417
   283    417    418
   283    418    285
   283    285    284
   285    418    419
   285    419    420
   285    420    288
   285    288    286
   288    420    421
   288    421    422
   288    422    289
   289    422    423
   289    423    424
   289    424    293
   289    293    290
   293    424    425
   293    425    426
   293    426    297
   293    297    294
   297    426    427
   297    427    428
   297    428    298
   299    298    428
   299    428    429
   299    429    300
   301    430    431
   301    431    432
   301    432    303
   301    303    302
   303    432    433
   303    433    305
   303    305    304
   307    434    435
   307    435    436
   307    436    308
   308    436    437
   308    437    438
   308    438    311
   308    311    310
   308    310    309
   311    438    439
   311    439    312
   313    440    315
   313    315    314
   318    441    442
   318    442    320
   318    320    319
   320    442    443
   320    443    444
   320    444    445
   320    445    446
   320    446    321
   324    323    447
   324    447    325
   331    330    448
   331    448    332
   335    449    450
   335    450    337
   335    337    336
   339    451    341
   339    341    340
   342    452    344
   342    344    343
   345    453    454
   345    454    455
   345    455    347
   345    347    346
   455    456    457
   455    457    348
   455    348    347
   349    348    457
   349    457    458
   349    458    459
   349    459    460
   349    460    350
   350    460    461
   350    461    462
   350    462    352
   350    352    351
   353    463    464
   353    464    355
   353    355    354
   355    464    465
   355    465    466
   355    466    467
   355    467    357
   355    357    356
   357    467    468
   357    468    469
   357    469    360
   357    360    358
   469    470    471
   469    471    472
   469    472    361
   469    361    360
   361    472    473
   361    473    474
   361    474    475
   361    475    362
   363    362    475
   363    475    476
   363    476    366
   363    366    364
   476    477    478
   476    478    479
   476    479    367
   476    367    366
   367    479    480
   367    480    370
   367    370    369
   367    369    368
   480    481    482
   480    482    483
   480    483    371
   480    371    370
   371    483    484
   371    484    374
   371    374    373
   371    373    372
   157    374    484
   157    484    485
   157    485    236
   157    236    158
   486    487    488
   486    488    376
   486    376    375
   376    488    489
   376    489    490
   376    490    378
   376    378    377
   378    490    491
   378    491    492
   378    492    380
   378    380    379
   381    380    492
   381    492    493
   381    493    382
   245    494    495
   245    495    496
   245    496    246
   246    496    247
   262    389    497
   262    497    264
   262    264    263
   265    498    499
   265    499    390
   265    390    266
   393    500    501
   393    501    502
   393    502    394
   394    502    396
   394    396    395
   398    503    504
   398    504    505
   398    505    400
   398    400    399
   400    505    506
   400    506    507
   400    507    401
   404    508    509
   404    509    406
   404    406    405
   406    509    510
   406    510    408
   406    408    407
   277    410    511
   277    511    512
   277    512    411
   277    411    278
   411    512    513
   411    513    514
   411    514    413
   411    413    412
   414    515    516
   414    516    416
   414    416    415
   416    516    517
   416    517    518
   416    518    417
   417    518    519
   417    519    520
   417    520    521
   417    521    419
   417    419    418
   419    521    522
   419    522    523
   419    523    421
   419    421    420
   421    523    524
   421    524    525
   421    525    423
   421    423    422
   423    525    526
   423    526    527
   423    527    425
   423    425    424
   425    527    528
   425    528    529
   425    529    427
   425    427    426
   428    427    529
   428    529    530
   428    530    531
   428    531    429
   300    429    531
   300    531    532
   300    532    430
   300    430    301
   431    533    534
   431    534    433
   431    433    432
   305    433    534
   305    534    535
   305    535    306
   536    537    538
   536    538    539
   536    539    435
   536    435    434
   435    539    540
   435    540    541
   435    541    437
   435    437    436
   437    541    542
   437    542    543
   437    543    439
   437    439    438
   312    439    543
   312    543    544
   312    544    440
   312    440    313
   316    545    546
   316    546    317
   317    546    547
   317    547    441
   317    441    318
   444    548    445
   322    549    447
   322    447    323
   327    550    328
   333    551    334
   454    552    553
   454    553    456
   454    456    455
   457    456    553
   457    553    554
   457    554    555
   457    555    458
   458    555    556
   458    556    557
   458    557    558
   458    558    459
   459    558    559
   459    559    461
   459    461    460
   352    462    560
   352    560    561
   352    561    463
   352    463    353
   561    562    465
   561    465    464
   561    464    463
   466    563    564
   466    564    468
   466    468    467
   468    564    565
   468    565    566
   468    566    470
   468    470    469
   566    567    568
   566    568    471
   566    471    470
   471    568    569
   471    569    570
   471    570    571
   471    571    473
   471    473    472
   473    571    572
   473    572    573
   473    573    474
   475    474    573
   475    573    574
   475    574    477
   475    477    476
   574    575    576
   574    576    478
   574    478    477
   478    576    577
   478    577    481
   478    481    480
   478    480    479
   577    578    579
   577    579    580
   577    580    482
   577    482    481
   484    483    482
   484    482    580
   484    580    581
   484    581    485
   485    581    582
   485    582    583
   485    583    486
   485    486    375
   485    375    237
   485    237    236
   583    584    585
   583    585    487
   583    487    486
   585    586    587
   585    587    489
   585    489    488
   585    488    487
   491    490    489
   491    489    587
   491    587    588
   493    492    491
   493    491    588
   493    588    589
   493    589    590
   244    382    493
   244    493    590
   244    590    591
   244    591    494
   244    494    245
   591    592    593
   591    593    594
   591    594    495
   591    495    494
   247    496    495
   247    495    594
   247    594    595
   247    595    383
   247    383    251
   247    251    250
   247    250    248
   253    383    595
   253    595    596
   253    596    254
   257    384    597
   257    597    258
   598    387    386
   598    386    385
   388    599    497
   388    497    389
   499    600    391
   499    391    390
   391    600    601
   391    601    500
   391    500    393
   391    393    392
   501    602    603
   501    603    604
   501    604    397
   501    397    396
   501    396    502
   397    604    503
   397    503    398
   504    605    606
   504    606    607
   504    607    506
   504    506    505
   506    607    608
   506    608    609
   506    609    507
   403    610    508
   403    508    404
   611    612    510
   611    510    509
   611    509    508
   611    508    610
   409    613    614
   409    614    511
   409    511    410
   511    614    615
   511    615    513
   511    513    512
   514    616    617
   514    617    515
   514    515    414
   514    414    413
   617    618    619
   617    619    517
   617    517    516
   617    516    515
   517    619    620
   517    620    621
   517    621    519
   517    519    518
   519    621    622
   519    622    520
   520    622    623
   520    623    624
   520    624    625
   520    625    522
   520    522    521
   522    625    626
   522    626    627
   522    627    524
   522    524    523
   524    627    628
   524    628    629
   524    629    526
   524    526    525
   526    629    630
   526    630    528
   526    528    527
   529    528    630
   529    630    631
   529    631    632
   529    632    633
   529    633    530
   531    530    633
   531    633    634
   531    634    532
   532    634    635
   532    635    636
   532    636    533
   532    533    431
   532    431    430
   534    533    636
   534    636    637
   534    637    638
   534    638    535
   306    535    638
   306    638    639
   306    639    536
   306    536    434
   306    434    307
   640    641    642
   640    642    538
   640    538    537
   538    642    643
   538    643    540
   538    540    539
   540    643    644
   540    644    645
   540    645    646
   540    646    542
   540    542    541
   543    542    646
   543    646    647
   543    647    648
   543    648    649
   543    649    544
   315    440    544
   315    544    649
   315    649    650
   315    650    545
   315    545    316
   650    651    652
   650    652    547
   650    547    546
   650    546    545
   547    652    653
   547    653    443
   547    443    442
   547    442    441
   443    653    654
   443    654    655
   443    655    548
   443    548    444
   321    446    656
   321    656    549
   321    549    322
   326    657    550
   326    550    327
   329    658    448
   329    448    330
   334    551    659
   334    659    449
   334    449    335
   337    450    660
   337    660    338
   341    451    661
   341    661    662
   341    662    452
   341    452    342
   344    452    662
   344    662    663
   344    663    453
   344    453    345
   664    665    554
   664    554    553
   664    553    552
   554    665    666
   554    666    556
   554    556    555
   556    666    667
   556    667    668
   556    668    669
   556    669    557
   557    669    670
   557    670    559
   557    559    558
   461    559    670
   461    670    671
   461    671    672
   461    672    673
   461    673    560
   461    560    462
   560    673    674
   560    674    675
   560    675    562
   560    562    561
   465    562    675
   465    675    676
   465    676    677
   465    677    563
   465    563    466
   677    678    679
   677    679    565
   677    565    564
   677    564    563
   565    679    680
   565    680    681
   565    681    567
   565    567    566
   681    682    569
   681    569    568
   681    568    567
   569    682    683
   569    683    684
   569    684    570
   570    684    685
   570    685    686
   570    686    572
   570    572    571
   686    685    687
   686    687    688
   686    688    689
   573    572    686
   573    686    689
   573    689    690
   573    690    575
   573    575    574
   689    688    691
   689    691    692
   689    692    693
   689    693    690
   690    693    694
   690    694    578
   690    578    577
   690    577    576
   690    576    575
   694    695    696
   694    696    697
   694    697    579
   694    579    578
   580    579    697
   580    697    698
   580    698    582
   580    582    581
   582    698    699
   582    699    700
   582    700    701
   582    701    584
   582    584    583
   700    702    703
   700    703    704
   700    704    705
   700    705    706
   700    706    707
   700    707    701
   701    707    708
   701    708    586
   701    586    585
   701    585    584
   708    707    706
   708    706    709
   708    709    710
   708    710    711
   588    587    586
   588    586    708
   588    708    711
   588    711    712
   588    712    589
   712    711    710
   712    710    713
   712    713    714
   712    714    715
   590    589    712
   590    712    715
   590    715    592
   590    592    591
   715    714    716
   715    716    717
   715    717    593
   715    593    592
   594    593    717
   594    717    718
   594    718    596
   594    596    595
   254    596    718
   254    718    719
   254    719    720
   254    720    597
   254    597    384
   254    384    255
   258    597    720
   258    720    721
   258    721    598
   258    598    385
   258    385    259
   721    722    723
   721    723    599
   721    599    388
   721    388    387
   721    387    598
   264    497    599
   264    599    723
   264    723    724
   264    724    725
   264    725    498
   264    498    265
   725    726    727
   725    727    601
   725    601    600
   725    600    499
   725    499    498
   727    728    602
   727    602    501
   727    501    500
   727    500    601
   729    730    603
   729    603    602
   729    602    728
   603    730    731
   603    731    605
   603    605    504
   603    504    503
   603    503    604
   732    733    734
   732    734    606
   732    606    605
   732    605    731
   606    734    735
   606    735    608
   606    608    607
   609    608    735
   609    735    736
   609    736    737
   401    507    609
   401    609    737
   401    737    738
   401    738    402
   402    738    739
   402    739    740
   402    740    611
   402    611    610
   402    610    403
   510    612    741
   510    741    742
   510    742    613
   510    613    409
   510    409    408
   742    743    615
   742    615    614
   742    614    613
   513    615    743
   513    743    744
   513    744    745
   513    745    616
   513    616    514
   745    746    747
   745    747    618
   745    618    617
   745    617    616
   747    748    749
   747    749    620
   747    620    619
   747    619    618
   620    749    750
   620    750    623
   620    623    622
   620    622    621
   623    750    751
   623    751    752
   623    752    753
   623    753    754
   623    754    624
   624    754    755
   624    755    626
   624    626    625
   753    756    757
   753    757    758
   753    758    755
   753    755    754
   626    755    758
   626    758    759
   626    759    628
   626    628    627
   759    758    757
   759    757    760
   759    760    761
   759    761    762
   759    762    763
   759    763    764
   630    629    628
   630    628    759
   630    759    764
   630    764    631
   631    764    763
   631    763    765
   631    765    766
   631    766    632
   633    632    766
   633    766    767
   633    767    768
   633    768    635
   633    635    634
   635    768    769
   635    769    770
   635    770    637
   635    637    636
   638    637    770
   638    770    771
   638    771    639
   639    771    772
   639    772    773
   639    773    640
   639    640    537
   639    537    536
   773    774    775
   773    775    641
   773    641    640
   775    776    777
   775    777    644
   775    644    643
   775    643    642
   775    642    641
   644    777    778
   644    778    779
   644    779    645
   646    645    779
   646    779    780
   646    780    647
   647    780    781
   647    781    782
   647    782    783
   647    783    648
   649    648    783
   649    783    784
   649    784    651
   649    651    650
   783    782    785
   783    785    786
   783    786    787
   783    787    788
   783    788    784
   784    788    654
   784    654    653
   784    653    652
   784    652    651
   655    654    788
   655    788    787
   655    787    789
   655    789    790
   656    446    445
   656    445    548
   656    548    655
   656    655    790
   656    790    791
   325    447    549
   325    549    656
   325    656    791
   325    791    792
   325    792    793
   325    793    794
   325    794    657
   325    657    326
   328    550    657
   328    657    794
   328    794    795
   328    795    658
   328    658    329
   332    448    658
   332    658    795
   332    795    796
   332    796    797
   332    797    659
   332    659    551
   332    551    333
   797    798    799
   797    799    660
   797    660    450
   797    450    449
   797    449    659
   338    660    799
   338    799    800
   338    800    661
   338    661    451
   338    451    339
   800    801    802
   800    802    803
   800    803    663
   800    663    662
   800    662    661
   663    803    804
   663    804    664
   663    664    552
   663    552    454
   663    454    453
   804    805    667
   804    667    666
   804    666    665
   804    665    664
   806    807    808
   806    808    668
   806    668    667
   806    667    805
   808    807    809
   808    809    810
   808    810    811
   670    669    668
   670    668    808
   670    808    811
   670    811    671
   671    811    810
   671    810    812
   671    812    813
   671    813    814
   671    814    672
   672    814    815
   672    815    674
   672    674    673
   674    815    816
   674    816    817
   674    817    818
   674    818    676
   674    676    675
   676    818    819
   676    819    678
   676    678    677
   819    820    821
   819    821    822
   819    822    823
   819    823    680
   819    680    679
   819    679    678
   680    823    824
   680    824    683
   680    683    682
   680    682    681
   822    825    826
   822    826    824
   822    824    823
   824    826    827
   824    827    687
   824    687    685
   824    685    684
   824    684    683
   828    829    830
   828    830    827
   828    827    826
   828    826    825
   687    827    830
   687    830    831
   687    831    691
   687    691    688
   830    829    832
   830    832    833
   830    833    834
   830    834    831
   691    831    834
   691    834    835
   691    835    692
   834    833    836
   834    836    837
   834    837    835
   692    835    837
   692    837    838
   692    838    695
   692    695    694
   692    694    693
   838    839    840
   838    840    841
   838    841    696
   838    696    695
   697    696    841
   697    841    842
   697    842    843
   697    843    699
   697    699    698
   699    843    844
   699    844    702
   699    702    700
   703    845    846
   703    846    847
   703    847    848
   703    848    704
   704    848    849
   704    849    850
   704    850    851
   704    851    705
   705    851    852
   705    852    853
   705    853    709
   705    709    706
   853    852    854
   853    854    855
   853    855    856
   853    856    857
   710    709    853
   710    853    857
   710    857    858
   710    858    713
   858    857    856
   858    856    859
   858    859    860
   858    860    861
   858    861    862
   858    862    863
   716    714    713
   716    713    858
   716    858    863
   716    863    864
   864    863    862
   864    862    865
   864    865    866
   864    866    867
   718    717    716
   718    716    864
   718    864    867
   718    867    868
   718    868    869
   718    869    719
   720    719    869
   720    869    870
   720    870    871
   720    871    722
   720    722    721
   723    722    871
   723    871    872
   723    872    724
   724    872    873
   724    873    874
   724    874    726
   724    726    725
   874    875    876
   874    876    729
   874    729    728
   874    728    727
   874    727    726
   877    878    879
   877    879    880
   877    880    876
   877    876    875
   876    880    881
   876    881    732
   876    732    731
   876    731    730
   876    730    729
   879    882    883
   879    883    884
   879    884    885
   879    885    886
   879    886    887
   879    887    881
   879    881    880
   881    887    888
   881    888    733
   881    733    732
   886    889    890
   886    890    888
   886    888    887
   735    734    733
   735    733    888
   735    888    890
   735    890    891
   735    891    892
   735    892    736
   737    736    892
   737    892    739
   737    739    738
   739    892    891
   739    891    893
   739    893    894
   739    894    895
   739    895    740
   740    895    896
   740    896    741
   740    741    612
   740    612    611
   896    897    898
   896    898    744
   896    744    743
   896    743    742
   896    742    741
   744    898    899
   744    899    900
   744    900    746
   744    746    745
   900    901    748
   900    748    747
   900    747    746
   902    903    751
   902    751    750
   902    750    749
   902    749    748
   902    748    901
   751    903    904
   751    904    905
   751    905    752
   752    905    906
   752    906    907
   752    907    756
   752    756    753
   906    908    909
   906    909    910
   906    910    907
   757    756    907
   757    907    910
   757    910    911
   757    911    760
   910    909    912
   910    912    913
   910    913    914
   910    914    911
   760    911    914
   760    914    915
   760    915    761
   761    915    916
   761    916    917
   761    917    918
   761    918    762
   763    762    918
   763    918    919
   763    919    920
   763    920    765
   766    765    920
   766    920    921
   766    921    922
   766    922    767
   767    922    923
   767    923    924
   767    924    769
   767    769    768
   770    769    924
   770    924    925
   770    925    926
   770    926    772
   770    772    771
   772    926    927
   772    927    774
   772    774    773
   927    928    929
   927    929    776
   927    776    775
   927    775    774
   929    930    931
   929    931    932
   929    932    778
   929    778    777
   929    777    776
   779    778    932
   779    932    933
   779    933    934
   779    934    781
   779    781    780
   933    935    936
   933    936    937
   933    937    938
   933    938    934
   781    934    938
   781    938    939
   781    939    785
   781    785    782
   939    938    937
   939    937    940
   939    940    941
   939    941    942
   939    942    943
   786    785    939
   786    939    943
   786    943    944
   944    943    942
   944    942    945
   944    945    946
   944    946    947
   944    947    948
   789    787    786
   789    786    944
   789    944    948
   789    948    949
   949    948    947
   949    947    950
   949    950    951
   949    951    952
   949    952    953
   791    790    789
   791    789    949
   791    949    953
   791    953    954
   791    954    792
   792    954    955
   792    955    956
   792    956    793
   795    794    793
   795    793    956
   795    956    957
   795    957    796
   796    957    958
   796    958    959
   796    959    798
   796    798    797
   799    798    959
   799    959    960
   799    960    961
   799    961    801
   799    801    800
   961    962    963
   961    963    802
   961    802    801
   802    963    964
   802    964    965
   802    965    806
   802    806    805
   802    805    804
   802    804    803
   964    966    967
   964    967    968
   964    968    969
   964    969    970
   964    970    965
   965    970    809
   965    809    807
   965    807    806
   810    809    970
   810    970    969
   810    969    971
   810    971    812
   968    972    973
   968    973    974
   968    974    975
   968    975    976
   968    976    971
   968    971    969
   812    971    976
   812    976    977
   812    977    813
   976    975    978
   976    978    979
   976    979    980
   976    980    977
   813    977    980
   813    980    981
   813    981    816
   813    816    815
   813    815    814
   816    981    982
   816    982    983
   816    983    984
   816    984    817
   817    984    985
   817    985    820
   817    820    819
   817    819    818
   985    986    987
   985    987    988
   985    988    989
   985    989    821
   985    821    820
   821    989    990
   821    990    828
   821    828    825
   821    825    822
   988    991    992
   988    992    993
   988    993    994
   988    994    990
   988    990    989
   990    994    995
   990    995    832
   990    832    829
   990    829    828
   993    996    997
   993    997    995
   993    995    994
   995    997    998
   995    998    836
   995    836    833
   995    833    832
   998    997    996
   998    996    999
   998    999   1000
   998   1000   1001
   837    836    998
   837    998   1001
   837   1001   1002
   837   1002    839
   837    839    838
  1002   1003   1004
  1002   1004   1005
  1002   1005    840
  1002    840    839
   841    840   1005
   841   1005   1006
   841   1006    842
   842   1006   1007
   842   1007   1008
   842   1008   1009
   842   1009    844
   842    844    843
   844   1009    845
   844    845    703
   844    703    702
   849   1010   1011
   849   1011    850
   850   1011   1012
   850   1012    854
   850    854    852
   850    852    851
   856    855   1013
   856   1013   1014
   856   1014   1015
   856   1015    859
   859   1015   1016
   859   1016   1017
   859   1017    860
   860   1017   1018
   860   1018   1019
   860   1019   1020
   860   1020    861
   862    861   1020
   862   1020   1021
   862   1021   1022
   862   1022    865
   865   1022   1023
   865   1023   1024
   865   1024   1025
   865   1025   1026
   865   1026   1027
   865   1027    866
   867    866   1027
   867   1027   1028
   867   1028    868
   869    868   1028
   869   1028   1029
   869   1029   1030
   869   1030   1031
   869   1031    870
   870   1031   1032
   870   1032    873
   870    873    872
   870    872    871
   873   1032   1033
   873   1033   1034
   873   1034   1035
   873   1035    877
   873    877    875
   873    875    874
  1035   1036   1037
  1035   1037    878
  1035    878    877
  1037   1038   1039
  1037   1039   1040
  1037   1040    882
  1037    882    879
  1037    879    878
  1040   1041   1042
  1040   1042    883
  1040    883    882
   883   1042   1043
   883   1043    884
   884   1043   1044
   884   1044   1045
   884   1045   1046
   884   1046   1047
   884   1047    885
   885   1047   1048
   885   1048    889
   885    889    886
   891    890    889
   891    889   1048
   891   1048   1049
   891   1049    893
   893   1049   1050
   893   1050   1051
   893   1051   1052
   893   1052    894
   894   1052   1053
   894   1053    897
   894    897    896
   894    896    895
  1053   1054   1055
  1053   1055    899
  1053    899    898
  1053    898    897
   899   1055   1056
   899   1056   1057
   899   1057    902
   899    902    901
   899    901    900
  1057   1058   1059
  1057   1059    904
  1057    904    903
  1057    903    902
  1059   1060   1061
  1059   1061    908
  1059    908    906
  1059    906    905
  1059    905    904
  1062   1063   1064
  1062   1064   1061
  1062   1061   1060
  1061   1064    912
  1061    912    909
  1061    909    908
   912   1064   1063
   912   1063   1065
   912   1065   1066
   912   1066    913
   914    913   1066
   914   1066   1067
   914   1067   1068
   914   1068    916
   914    916    915
   916   1068   1069
   916   1069   1070
   916   1070    917
   918    917   1070
   918   1070   1071
   918   1071   1072
   918   1072    919
   920    919   1072
   920   1072   1073
   920   1073   1074
   920   1074    921
   921   1074   1075
   921   1075   1076
   921   1076    923
   921    923    922
   924    923   1076
   924   1076   1077
   924   1077   1078
   924   1078    925
   925   1078    928
   925    928    927
   925    927    926
  1079   1080   1081
  1079   1081    931
  1079    931    930
   932    931   1081
   932   1081   1082
   932   1082    935
   932    935    933
   937    936   1083
   937   1083   1084
   937   1084    940
   940   1084   1085
   940   1085   1086
   940   1086    941
   942    941   1086
   942   1086   1087
   942   1087   1088
   942   1088    945
   945   1088   1089
   945   1089   1090
   945   1090   1091
   945   1091    946
   947    946   1091
   947   1091   1092
   947   1092   1093
   947   1093   1094
   947   1094    950
  1093   1095   1096
  1093   1096   1097
  1093   1097   1094
   950   1094   1097
   950   1097   1098
   950   1098   1099
   950   1099   1100
   950   1100    951
   951   1100   1101
   951   1101    952
   953    952   1101
   953   1101   1102
   953   1102   1103
   953   1103    955
   953    955    954
   956    955   1103
   956   1103   1104
   956   1104   1105
   956   1105    958
   956    958    957
   958   1105   1106
   958   1106   1107
   958   1107   1108
   958   1108    960
   958    960    959
   960   1108   1109
   960   1109   1110
   960   1110    962
   960    962    961
  1110   1111   1112
  1110   1112    966
  1110    966    964
  1110    964    963
  1110    963    962
  1112   1113   1114
  1112   1114    967
  1112    967    966
   967   1114   1115
   967   1115   1116
   967   1116    972
   967    972    968
  1116   1117    973
  1116    973    972
   973   1117   1118
   973   1118   1119
   973   1119   1120
   973   1120    974
   974   1120   1121
   974   1121    978
   974    978    975
   978   1121   1122
   978   1122   1123
   978   1123   1124
   978   1124    979
   980    979   1124
   980   1124   1125
   980   1125    982
   980    982    981
   982   1125   1126
   982   1126   1127
   982   1127    983
   983   1127   1128
   983   1128   1129
   983   1129    986
   983    986    985
   983    985    984
  1129   1130   1131
  1129   1131   1132
  1129   1132    987
  1129    987    986
   987   1132   1133
   987   1133    991
   987    991    988
  1133   1134   1135
  1133   1135    992
  1133    992    991
   992   1135   1136
   992   1136    999
   992    999    996
   992    996    993
  1136   1137   1138
  1136   1138   1000
  1136   1000    999
  1001   1000   1138
  1001   1138   1139
  1001   1139   1140
  1001   1140   1003
  1001   1003   1002
  1140   1141   1142
  1140   1142   1004
  1140   1004   1003
  1005   1004   1142
  1005   1142   1143
  1005   1143   1007
  1005   1007   1006
  1007   1143   1144
  1007   1144   1145
  1007   1145   1146
  1007   1146   1008
  1008   1146    846
  1008    846    845
  1008    845   1009
  1147   1148   1012
  1147   1012   1011
  1147   1011   1010
   854   1012   1148
   854   1148   1013
   854   1013    855
  1016   1149   1018
  1016   1018   1017
  1018   1149   1150
  1018   1150   1019
  1021   1151   1152
  1021   1152   1023
  1021   1023   1022
  1023   1152   1153
  1023   1153   1024
  1028   1027   1026
  1028   1026   1154
  1028   1154   1029
  1029   1154   1155
  1029   1155   1156
  1029   1156   1030
  1030   1156   1157
  1030   1157   1033
  1030   1033   1032
  1030   1032   1031
  1034   1158   1159
  1034   1159   1036
  1034   1036   1035
  1159   1160   1161
  1159   1161   1038
  1159   1038   1037
  1159   1037   1036
  1039   1162   1163
  1039   1163   1041
  1039   1041   1040
  1163   1164   1044
  1163   1044   1043
  1163   1043   1042
  1163   1042   1041
  1044   1164   1165
  1044   1165   1166
  1044   1166   1167
  1044   1167   1045
  1045   1167   1168
  1045   1168   1046
  1048   1047   1046
  1048   1046   1168
  1048   1168   1169
  1048   1169   1170
  1048   1170   1050
  1048   1050   1049
  1050   1170   1171
  1050   1171   1172
  1050   1172   1173
  1050   1173   1051
  1051   1173   1174
  1051   1174   1054
  1051   1054   1053
  1051   1053   1052
  1174   1175   1176
  1174   1176   1056
  1174   1056   1055
  1174   1055   1054
  1056   1176   1177
  1056   1177   1178
  1056   1178   1058
  1056   1058   1057
  1178   1179   1180
  1178   1180   1181
  1178   1181   1182
  1178   1182   1062
  1178   1062   1060
  1178   1060   1059
  1178   1059   1058
  1182   1183   1065
  1182   1065   1063
  1182   1063   1062
  1181   1184   1185
  1181   1185   1183
  1181   1183   1182
  1066   1065   1183
  1066   1183   1185
  1066   1185   1186
  1066   1186   1067
  1067   1186   1187
  1067   1187   1069
  1067   1069   1068
  1070   1069   1187
  1070   1187   1188
  1070   1188   1189
  1070   1189   1071
  1072   1071   1189
  1072   1189   1190
  1072   1190   1191
  1072   1191   1073
  1073   1191   1192
  1073   1192   1193
  1073   1193   1075
  1073   1075   1074
  1076   1075   1193
  1076   1193   1194
  1076   1194   1195
  1076   1195   1077
  1077   1195   1079
  1077   1079    930
  1077    930    929
  1077    929    928
  1077    928   1078
  1081   1080   1196
  1081   1196   1197
  1081   1197   1082
  1082   1197   1198
  1082   1198   1083
  1082   1083    936
  1082    936    935
  1086   1085   1199
  1086   1199   1087
  1087   1199   1200
  1087   1200   1201
  1087   1201   1089
  1087   1089   1088
  1091   1090   1202
  1091   1202   1203
  1091   1203   1092
  1092   1203   1204
  1092   1204   1205
  1092   1205   1095
  1092   1095   1093
  1097   1096   1206
  1097   1206   1207
  1097   1207   1098
  1098   1207   1208
  1098   1208   1209
  1098   1209   1099
  1101   1100   1099
  1101   1099   1209
  1101   1209   1210
  1101   1210   1211
  1101   1211   1102
  1103   1102   1211
  1103   1211   1212
  1103   1212   1213
  1103   1213   1104
  1104   1213   1214
  1104   1214   1215
  1104   1215   1106
  1104   1106   1105
  1107   1216   1217
  1107   1217   1109
  1107   1109   1108
  1109   1217   1218
  1109   1218   1219
  1109   1219   1220
  1109   1220   1221
  1109   1221   1111
  1109   1111   1110
  1221   1222   1223
  1221   1223   1113
  1221   1113   1112
  1221   1112   1111
  1223   1224   1225
  1223   1225   1115
  1223   1115   1114
  1223   1114   1113
  1115   1225   1226
  1115   1226   1118
  1115   1118   1117
  1115   1117   1116
  1226   1227   1228
  1226   1228   1229
  1226   1229   1119
  1226   1119   1118
  1119   1229   1230
  1119   1230   1122
  1119   1122   1121
  1119   1121   1120
  1122   1230   1231
  1122   1231   1232
  1122   1232   1123
  1124   1123   1232
  1124   1232   1233
  1124   1233   1234
  1124   1234   1126
  1124   1126   1125
  1126   1234   1235
  1126   1235   1236
  1126   1236   1128
  1126   1128   1127
  1128   1236   1237
  1128   1237   1238
  1128   1238   1130
  1128   1130   1129
  1238   1239   1240
  1238   1240   1131
  1238   1131   1130
  1131   1240   1241
  1131   1241   1242
  1131   1242   1134
  1131   1134   1133
  1131   1133   1132
  1242   1243   1137
  1242   1137   1136
  1242   1136   1135
  1242   1135   1134
  1138   1137   1243
  1138   1243   1244
  1138   1244   1245
  1138   1245   1139
  1139   1245   1246
  1139   1246   1247
  1139   1247   1141
  1139   1141   1140
  1142   1141   1247
  1142   1247   1248
  1142   1248   1144
  1142   1144   1143
  1144   1248   1249
  1144   1249   1250
  1144   1250   1251
  1144   1251   1145
   846   1146   1145
   846   1145   1251
   846   1251    847
  1013   1148   1147
  1013   1147   1252
  1013   1252   1253
  1013   1253   1014
  1014   1253   1254
  1014   1254   1255
  1014   1255   1150
  1014   1150   1149
  1014   1149   1016
  1014   1016   1015
  1020   1019   1150
  1020   1150   1255
  1020   1255   1256
  1020   1256   1151
  1020   1151   1021
  1256   1257   1258
  1256   1258   1153
  1256   1153   1152
  1256   1152   1151
  1024   1153   1258
  1024   1258   1259
  1024   1259   1025
  1026   1025   1259
  1026   1259   1260
  1026   1260   1261
  1026   1261   1155
  1026   1155   1154
  1155   1261   1262
  1155   1262   1263
  1155   1263   1157
  1155   1157   1156
  1033   1157   1263
  1033   1263   1264
  1033   1264   1265
  1033   1265   1158
  1033   1158   1034
  1265   1266   1160
  1265   1160   1159
  1265   1159   1158
  1161   1267   1268
  1161   1268   1162
  1161   1162   1039
  1161   1039   1038
  1268   1269   1165
  1268   1165   1164
  1268   1164   1163
  1268   1163   1162
  1270   1271   1166
  1270   1166   1165
  1270   1165   1269
  1168   1167   1166
  1168   1166   1271
  1168   1271   1272
  1168   1272   1169
  1169   1272   1273
  1169   1273   1274
  1169   1274   1171
  1169   1171   1170
  1171   1274   1275
  1171   1275   1276
  1171   1276   1172
  1172   1276   1277
  1172   1277   1278
  1172   1278   1175
  1172   1175   1174
  1172   1174   1173
  1278   1279   1280
  1278   1280   1177
  1278   1177   1176
  1278   1176   1175
  1177   1280   1281
  1177   1281   1282
  1177   1282   1179
  1177   1179   1178
  1282   1283   1284
  1282   1284   1285
  1282   1285   1180
  1282   1180   1179
  1180   1285   1286
  1180   1286   1184
  1180   1184   1181
  1287   1286   1285
  1287   1285   1284
  1287   1284   1288
  1187   1186   1185
  1187   1185   1184
  1187   1184   1286
  1187   1286   1287
  1187   1287   1188
  1189   1188   1287
  1189   1287   1288
  1189   1288   1289
  1189   1289   1290
  1189   1290   1190
  1190   1290   1291
  1190   1291   1192
  1190   1192   1191
  1193   1192   1291
  1193   1291   1292
  1193   1292   1293
  1193   1293   1294
  1193   1294   1194
  1194   1294   1295
  1194   1295   1196
  1194   1196   1080
  1194   1080   1079
  1194   1079   1195
  1295   1296   1297
  1295   1297   1198
  1295   1198   1197
  1295   1197   1196
  1083   1198   1297
  1083   1297   1298
  1083   1298   1200
  1083   1200   1199
  1083   1199   1085
  1083   1085   1084
  1089   1201   1299
  1089   1299   1202
  1089   1202   1090
  1202   1299   1300
  1202   1300   1204
  1202   1204   1203
  1205   1301   1302
  1205   1302   1206
  1205   1206   1096
  1205   1096   1095
  1206   1302   1303
  1206   1303   1304
  1206   1304   1208
  1206   1208   1207
  1209   1208   1304
  1209   1304   1305
  1209   1305   1306
  1209   1306   1210
  1211   1210   1306
  1211   1306   1307
  1211   1307   1308
  1211   1308   1212
  1212   1308   1309
  1212   1309   1310
  1212   1310   1214
  1212   1214   1213
  1106   1215   1311
  1106   1311   1312
  1106   1312   1216
  1106   1216   1107
  1312   1313   1218
  1312   1218   1217
  1312   1217   1216
  1220   1314   1222
  1220   1222   1221
  1315   1316   1224
  1315   1224   1223
  1315   1223   1222
  1315   1222   1314
  1317   1227   1226
  1317   1226   1225
  1317   1225   1224
  1317   1224   1316
  1318   1319   1228
  1318   1228   1227
  1318   1227   1317
  1320   1231   1230
  1320   1230   1229
  1320   1229   1228
  1320   1228   1319
  1232   1231   1320
  1232   1320   1321
  1232   1321   1322
  1232   1322   1233
  1233   1322   1323
  1233   1323   1324
  1233   1324   1235
  1233   1235   1234
  1235   1324   1325
  1235   1325   1326
  1235   1326   1327
  1235   1327   1237
  1235   1237   1236
  1237   1327   1328
  1237   1328   1239
  1237   1239   1238
  1328   1329   1330
  1328   1330   1331
  1328   1331   1241
  1328   1241   1240
  1328   1240   1239
  1241   1331   1244
  1241   1244   1243
  1241   1243   1242
  1330   1332   1246
  1330   1246   1245
  1330   1245   1244
  1330   1244   1331
  1246   1332   1333
  1246   1333   1249
  1246   1249   1248
  1246   1248   1247
  1250   1249   1333
  1250   1333   1334
  1250   1334   1335
   847   1251   1250
   847   1250   1335
   847   1335   1252
   847   1252   1147
   847   1147   1010
   847   1010    849
   847    849    848
  1255   1254   1336
  1255   1336   1337
  1255   1337   1257
  1255   1257   1256
  1337   1336   1338
  1337   1338   1339
  1337   1339   1340
  1337   1340   1341
  1337   1341   1342
  1337   1342   1343
  1259   1258   1257
  1259   1257   1337
  1259   1337   1343
  1259   1343   1344
  1259   1344   1260
  1343   1342   1345
  1343   1345   1344
  1260   1344   1345
  1260   1345   1346
  1260   1346   1347
  1260   1347   1348
  1260   1348   1262
  1260   1262   1261
  1263   1262   1348
  1263   1348   1349
  1263   1349   1264
  1264   1349   1350
  1264   1350   1351
  1264   1351   1352
  1264   1352   1266
  1264   1266   1265
  1352   1353   1354
  1352   1354   1355
  1352   1355   1267
  1352   1267   1161
  1352   1161   1160
  1352   1160   1266
  1355   1356   1357
  1355   1357   1270
  1355   1270   1269
  1355   1269   1268
  1355   1268   1267
  1358   1359   1357
  1358   1357   1356
  1357   1359   1273
  1357   1273   1272
  1357   1272   1271
  1357   1271   1270
  1360   1361   1275
  1360   1275   1274
  1360   1274   1273
  1360   1273   1359
  1360   1359   1358
  1275   1361   1362
  1275   1362   1363
  1275   1363   1277
  1275   1277   1276
  1277   1363   1364
  1277   1364   1365
  1277   1365   1366
  1277   1366   1367
  1277   1367   1279
  1277   1279   1278
  1367   1368   1369
  1367   1369   1281
  1367   1281   1280
  1367   1280   1279
  1281   1369   1370
  1281   1370   1371
  1281   1371   1372
  1281   1372   1283
  1281   1283   1282
  1371   1373   1374
  1371   1374   1372
  1288   1284   1283
  1288   1283   1372
  1288   1372   1374
  1288   1374   1375
  1288   1375   1289
  1375   1374   1373
  1375   1373   1376
  1375   1376   1377
  1375   1377   1378
  1291   1290   1289
  1291   1289   1375
  1291   1375   1378
  1291   1378   1379
  1291   1379   1292
  1292   1379   1380
  1292   1380   1381
  1292   1381   1382
  1292   1382   1293
  1293   1382   1383
  1293   1383   1384
  1293   1384   1385
  1293   1385   1296
  1293   1296   1295
  1293   1295   1294
  1297   1296   1385
  1297   1385   1386
  1297   1386   1298
  1200   1298   1386
  1200   1386   1387
  1200   1387   1388
  1200   1388   1389
  1200   1389   1390
  1200   1390   1300
  1200   1300   1299
  1200   1299   1201
  1204   1300   1390
  1204   1390   1301
  1204   1301   1205
  1390   1389   1391
  1390   1391   1303
  1390   1303   1302
  1390   1302   1301
  1304   1303   1391
  1304   1391   1392
  1304   1392   1305
  1306   1305   1392
  1306   1392   1393
  1306   1393   1394
  1306   1394   1395
  1306   1395   1307
  1307   1395   1396
  1307   1396   1397
  1307   1397   1309
  1307   1309   1308
  1214   1310   1398
  1214   1398   1399
  1214   1399   1400
  1214   1400   1311
  1214   1311   1215
  1311   1400   1401
  1311   1401   1402
  1311   1402   1403
  1311   1403   1404
  1311   1404   1405
  1311   1405   1313
  1311   1313   1312
  1218   1313   1405
  1218   1405   1406
  1218   1406   1407
  1218   1407   1219
  1219   1407   1408
  1219   1408   1409
  1219   1409   1410
  1219   1410   1315
  1219   1315   1314
  1219   1314   1220
  1410   1411   1318
  1410   1318   1317
  1410   1317   1316
  1410   1316   1315
  1409   1412   1413
  1409   1413   1414
  1409   1414   1411
  1409   1411   1410
  1414   1321   1320
  1414   1320   1319
  1414   1319   1318
  1414   1318   1411
  1413   1415   1416
  1413   1416   1417
  1413   1417   1323
  1413   1323   1322
  1413   1322   1321
  1413   1321   1414
  1417   1325   1324
  1417   1324   1323
  1416   1418   1419
  1416   1419   1326
  1416   1326   1325
  1416   1325   1417
  1326   1419   1420
  1326   1420   1329
  1326   1329   1328
  1326   1328   1327
  1421   1422   1423
  1421   1423   1420
  1421   1420   1419
  1421   1419   1418
  1420   1423   1424
  1420   1424   1334
  1420   1334   1333
  1420   1333   1332
  1420   1332   1330
  1420   1330   1329
  1338   1424   1423
  1338   1423   1422
  1338   1422   1425
  1338   1425   1426
  1338   1426   1339
  1335   1334   1424
  1335   1424   1338
  1335   1338   1336
  1335   1336   1254
  1335   1254   1253
  1335   1253   1252
  1340   1427   1428
  1340   1428   1429
  1340   1429   1430
  1340   1430   1341
  1430   1429   1431
  1430   1431   1432
  1430   1432   1433
  1430   1433   1434
  1345   1342   1341
  1345   1341   1430
  1345   1430   1434
  1345   1434   1435
  1345   1435   1436
  1345   1436   1437
  1345   1437   1438
  1345   1438   1346
  1346   1438   1439
  1346   1439   1440
  1346   1440   1347
  1348   1347   1440
  1348   1440   1441
  1348   1441   1442
  1348   1442   1443
  1348   1443   1350
  1348   1350   1349
  1350   1443   1444
  1350   1444   1445
  1350   1445   1446
  1350   1446   1351
  1351   1446   1447
  1351   1447   1448
  1351   1448   1449
  1351   1449   1353
  1351   1353   1352
  1449   1450   1451
  1449   1451   1452
  1449   1452   1354
  1449   1354   1353
  1354   1452   1360
  1354   1360   1358
  1354   1358   1356
  1354   1356   1355
  1451   1453   1362
  1451   1362   1361
  1451   1361   1360
  1451   1360   1452
  1454   1364   1363
  1454   1363   1362
  1454   1362   1453
  1455   1456   1368
  1455   1368   1367
  1455   1367   1366
  1455   1366   1457
  1458   1459   1370
  1458   1370   1369
  1458   1369   1368
  1458   1368   1456
  1370   1459   1460
  1370   1460   1376
  1370   1376   1373
  1370   1373   1371
  1461   1377   1376
  1461   1376   1460
  1461   1460   1462
  1378   1377   1461
  1378   1461   1463
  1378   1463   1464
  1378   1464   1465
  1378   1465   1380
  1378   1380   1379
  1381   1380   1465
  1381   1465   1466
  1381   1466   1467
  1381   1467   1468
  1469   1470   1383
  1469   1383   1382
  1469   1382   1381
  1469   1381   1468
  1469   1468   1471
  1386   1385   1384
  1386   1384   1472
  1386   1472   1387
  1388   1387   1472
  1388   1472   1473
  1388   1473   1474
  1392   1391   1389
  1392   1389   1388
  1392   1388   1474
  1392   1474   1475
  1392   1475   1476
  1392   1476   1393
  1393   1476   1477
  1393   1477   1394
  1394   1477   1478
  1394   1478   1396
  1394   1396   1395
  1309   1397   1479
  1309   1479   1480
  1309   1480   1398
  1309   1398   1310
  1399   1481   1401
  1399   1401   1400
  1404   1482   1483
  1404   1483   1484
  1404   1484   1406
  1404   1406   1405
  1406   1484   1485
  1406   1485   1408
  1406   1408   1407
  1408   1485   1486
  1408   1486   1487
  1408   1487   1488
  1408   1488   1412
  1408   1412   1409
  1487   1489   1490
  1487   1490   1488
  1488   1490   1491
  1488   1491   1492
  1488   1492   1493
  1488   1493   1494
  1488   1494   1415
  1488   1415   1413
  1488   1413   1412
  1493   1495   1494
  1494   1495   1496
  1494   1496   1497
  1494   1497   1498
  1494   1498   1499
  1494   1499   1421
  1494   1421   1418
  1494   1418   1416
  1494   1416   1415
  1498   1500   1501
  1498   1501   1499
  1499   1501   1502
  1499   1502   1425
  1499   1425   1422
  1499   1422   1421
  1425   1502   1503
  1425   1503   1504
  1425   1504   1505
  1425   1505   1426
  1339   1426   1505
  1339   1505   1427
  1339   1427   1340
  1428   1506   1507
  1428   1507   1508
  1428   1508   1509
  1428   1509   1431
  1428   1431   1429
  1434   1433   1510
  1434   1510   1435
  1437   1511   1512
  1437   1512   1439
  1437   1439   1438
  1440   1439   1512
  1440   1512   1513
  1440   1513   1441
  1442   1514   1444
  1442   1444   1443
  1447   1515   1516
  1447   1516   1448
  1448   1516   1517
  1448   1517   1518
  1448   1518   1450
  1448   1450   1449
  1518   1519   1454
  1518   1454   1453
  1518   1453   1451
  1518   1451   1450
  1520   1365   1364
  1520   1364   1454
  1520   1454   1519
  1521   1522   1458
  1521   1458   1456
  1521   1456   1455
  1462   1460   1459
  1462   1459   1458
  1462   1458   1522
  1462   1522   1523
  1524   1463   1461
  1524   1461   1462
  1524   1462   1523
  1524   1523   1525
  1466   1465   1464
  1466   1464   1526
  1466   1526   1527
  1471   1468   1467
  1471   1467   1528
  1472   1384   1383
  1472   1383   1470
  1472   1470   1529
  1472   1529   1473
  1474   1473   1529
  1474   1529   1530
  1474   1530   1531
  1474   1531   1475
  1475   1531   1532
  1475   1532   1478
  1475   1478   1477
  1475   1477   1476
  1396   1478   1532
  1396   1532   1533
  1396   1533   1479
  1396   1479   1397
  1398   1480   1534
  1398   1534   1481
  1398   1481   1399
  1403   1535   1536
  1403   1536   1482
  1403   1482   1404
  1483   1537   1486
  1483   1486   1485
  1483   1485   1484
  1486   1537   1538
  1486   1538   1539
  1486   1539   1540
  1486   1540   1489
  1486   1489   1487
  1540   1541   1491
  1540   1491   1490
  1540   1490   1489
  1492   1542   1543
  1492   1543   1544
  1492   1544   1545
  1492   1545   1496
  1492   1496   1495
  1492   1495   1493
  1545   1546   1497
  1545   1497   1496
  1547   1500   1498
  1547   1498   1497
  1547   1497   1546
  1547   1546   1548
  1549   1550   1504
  1549   1504   1503
  1549   1503   1551
  1549   1551   1552
  1505   1504   1550
  1505   1550   1506
  1505   1506   1428
  1505   1428   1427
  1431   1509   1432
  1435   1510   1553
  1435   1553   1436
  1512   1511   1554
  1512   1554   1513
  1444   1514   1555
  1444   1555   1556
  1444   1556   1445
  1445   1556   1557
  1445   1557   1515
  1445   1515   1447
  1445   1447   1446
  1517   1558   1520
  1517   1520   1519
  1517   1519   1518
  1457   1366   1365
  1457   1365   1520
  1457   1520   1558
  1457   1558   1559
  1525   1523   1522
  1525   1522   1521
  1526   1464   1463
  1526   1463   1524
  1526   1524   1560
  1528   1467   1466
  1528   1466   1527
  1528   1527   1561
  1562   1530   1529
  1562   1529   1470
  1562   1470   1469
  1532   1531   1530
  1532   1530   1562
  1532   1562   1563
  1532   1563   1533
  1479   1533   1563
  1479   1563   1564
  1479   1564   1534
  1479   1534   1480
  1402   1565   1535
  1402   1535   1403
  1536   1538   1537
  1536   1537   1483
  1536   1483   1482
  1566   1567   1541
  1566   1541   1540
  1566   1540   1539
  1491   1541   1567
  1491   1567   1542
  1491   1542   1492
  1548   1546   1545
  1548   1545   1544
  1568   1552   1551
  1568   1551   1569
  1507   1506   1550
  1507   1550   1549
  1553   1510   1433
  1553   1433   1432
  1553   1432   1509
  1553   1509   1508
  1553   1508   1570
  1553   1570   1571
  1572   1554   1511
  1572   1511   1437
  1572   1437   1436
  1572   1436   1553
  1572   1553   1571
  1572   1571   1573
  1441   1513   1554
  1441   1554   1572
  1441   1572   1555
  1441   1555   1514
  1441   1514   1442
  1574   1559   1558
  1574   1558   1517
  1574   1517   1516
  1574   1516   1515
  1574   1515   1557
  1575   1560   1524
  1575   1524   1525
  1575   1525   1521
  1575   1521   1455
  1575   1455   1457
  1575   1457   1559
  1575   1559   1574
  1561   1527   1526
  1561   1526   1560
  1561   1560   1575
  1561   1575   1576
  1564   1563   1562
  1564   1562   1469
  1564   1469   1471
  1564   1471   1528
  1564   1528   1561
  1564   1561   1576
  1564   1576   1577
  1401   1481   1534
  1401   1534   1564
  1401   1564   1577
  1401   1577   1578
  1401   1578   1579
  1401   1579   1565
  1401   1565   1402
  1579   1580   1566
  1579   1566   1539
  1579   1539   1538
  1579   1538   1536
  1579   1536   1535
  1579   1535   1565
  1581   1543   1542
  1581   1542   1567
  1581   1567   1566
  1581   1566   1580
  1582   1583   1547
  1582   1547   1548
  1582   1548   1544
  1582   1544   1543
  1582   1543   1581
  1570   1508   1507
  1570   1507   1549
  1570   1549   1552
  1570   1552   1568
  1570   1568   1584
  1573   1571   1570
  1573   1570   1584
  1573   1584   1585
  1573   1585   1586
  1577   1576   1575
  1577   1575   1574
  1577   1574   1557
  1577   1557   1556
  1577   1556   1555
  1577   1555   1572
  1577   1572   1573
  1577   1573   1586
  1577   1586   1578
  1578   1586   1585
  1578   1585   1582
  1578   1582   1581
  1578   1581   1580
  1578   1580   1579
  1585   1584   1568
  1585   1568   1569
  1585   1569   1583
  1585   1583   1582
  1569   1551   1503
  1569   1503   1502
  1569   1502   1501
  1569   1501   1500
  1569   1500   1547
  1569   1547   1583
