# Celestia native CMS export; GPL-2.0-or-later. See ../upstream.json and ../../native/.
v -153.6610582843423 187.3961789533496 -17637.088894844055
v 1719.4371297955513 187.3961789533496 -17616.43409729004
v 1714.710183441639 105.1328144967556 -17589.62631225586
v 1702.6066035032272 23.381095379590988 -17562.514543533325
v 1683.1855103373528 -57.535325177013874 -17535.197138786316
v 1656.5370932221413 -137.29863334447145 -17507.80463218689
v 1622.7810457348824 -215.59864282608032 -17480.499744415283
v 1582.0623189210892 -292.1329904347658 -17453.400492668152
v 1534.5551446080208 -366.60960875451565 -17426.68390274048
v 1480.4576709866524 -438.7464467436075 -17400.48050880432
v 1419.9931919574738 -508.2726292312145 -17374.92799758911
v 1353.4114882349968 -574.9320611357689 -17350.23558139801
v 1280.980445444584 -638.4783424437046 -17326.494455337524
v 1202.9927596449852 -698.681753128767 -17303.897738456726
v 1119.7590082883835 -755.3249225020409 -17282.55808353424
v 1031.6092148423195 -808.205846697092 -17262.614965438843
v 938.8908371329308 -857.1383357048035 -17244.207859039307
v 841.9670909643173 -901.9508957862854 -17227.469086647034
v 741.2153296172619 -942.4882382154465 -17212.50593662262
v 637.0262056589127 -978.6098822951317 -17199.416756629944
v 529.8019386827946 -1010.1918876171112 -17188.2963180542
v 419.9543595314026 -1037.1259599924088 -17179.21257019043
v 307.90558084845543 -1059.3222454190254 -17172.271013259888
v 194.08291205763817 -1076.7034068703651 -17167.49668121338
v 78.92146473750472 -1089.2105475068092 -17164.934277534485
v -37.13991609402001 -1096.8004167079926 -17164.621353149414
v -153.65985687822104 -1099.4447395205498 -17166.53287410736
v -270.1930236071348 -1097.1059650182724 -17170.1842546463
v -386.28967478871346 -1089.7564888000488 -17174.938917160034
v -501.4987662434578 -1077.4238035082817 -17180.82368373871
v -615.3740733861923 -1060.1510480046272 -17187.82067298889
v -727.4731993675232 -1038.0006954073906 -17195.926308631897
v -837.3607881367207 -1011.0550001263618 -17205.16562461853
v -944.6097537875175 -979.4102981686592 -17215.49391746521
v -1048.8029569387436 -943.1837126612663 -17226.92906856537
v -1149.5345458388329 -902.5080688297749 -17239.463925361633
v -1246.4115768671036 -857.5338497757912 -17253.094911575317
v -1339.0573114156723 -808.4268495440483 -17267.829179763794
v -1427.1074160933495 -755.3685642778873 -17283.645272254944
v -1510.217785835266 -698.554739356041 -17300.527095794678
v -1588.0614146590233 -638.1960399448872 -17318.453192710876
v -1660.3321954607964 -574.5177716016769 -17337.432503700256
v -1726.742684841156 -507.755521684885 -17357.39529132843
v -1787.0308086276054 -438.16027231514454 -17378.368377685547
v -1840.953379869461 -365.9900464117527 -17400.24983882904
v -1888.2932513952255 -291.51697643101215 -17423.003911972046
v -1928.858757019043 -215.02223331481218 -17446.600198745728
v -1962.481364607811 -136.79384719580412 -17470.940351486206
v -1989.0209287405014 -57.130856439471245 -17495.976090431213
v -2008.3623379468918 23.66335247643292 -17521.596550941467
v -2020.418420433998 105.2777236327529 -17547.714114189148
v -2025.131955742836 187.39629071205854 -17574.25367832184
v -2022.4758982658386 269.69977654516697 -17601.231336593628
v -2012.4536007642746 351.86723805963993 -17628.647089004517
v -1995.0912147760391 433.57735499739647 -17656.397223472595
v -1970.4435020685196 514.5072564482689 -17684.34226512909
v -1938.5931640863419 594.3333730101585 -17712.314128875732
v -1899.6535241603851 672.7350130677223 -17740.185856819153
v -1853.76338660717 749.3938878178596 -17767.769694328308
v -1801.0924011468887 823.9961229264736 -17794.931530952454
v -1741.8383806943893 896.2335996329784 -17821.52831554413
v -1676.2222722172737 965.803898870945 -17847.33295440674
v -1604.4985502958298 1032.414548099041 -17872.252464294434
v -1526.9410237669945 1095.782183110714 -17896.079421043396
v -1443.8528940081596 1155.6361243128777 -17918.692231178284
v -1355.559602379799 1211.7177620530128 -17939.93353843689
v -1262.4100595712662 1263.7823447585106 -17959.654927253723
v -1164.7717282176018 1311.602108180523 -17977.704405784607
v -1063.0366578698158 1354.9651578068733 -17993.962168693542
v -957.612432539463 1393.6793804168701 -18008.30841064453
v -848.9239029586315 1427.5715500116348 -18020.63226699829
v -737.4117895960808 1456.4904570579529 -18030.84969520569
v -623.5266476869583 1480.303555727005 -18038.83194923401
v -507.73244351148605 1498.904898762703 -18044.536113739014
v -390.5033692717552 1512.2098848223686 -18047.906756401062
v -272.318534553051 1520.158164203167 -18048.884868621826
v -153.65974511951208 1522.7164328098297 -18047.490119934082
v -35.012365551665425 1519.8996663093567 -18044.17848587036
v 83.14458187669516 1511.7555856704712 -18039.584755897522
v 200.33540669828653 1498.3172714710236 -18033.66780281067
v 316.08846969902515 1479.6428382396698 -18026.440143585205
v 429.93818409740925 1455.8127522468567 -18017.90177822113
v 541.4264649152756 1426.9264787435532 -18008.02767276764
v 650.1061096787453 1393.1096345186234 -17996.873259544373
v 755.5409520864487 1354.5051589608192 -17984.424233436584
v 857.3078736662865 1311.277113854885 -17970.709204673767
v 955.0020843744278 1263.6082246899605 -17955.74426651001
v 1048.2313111424446 1211.7009982466698 -17939.547300338745
v 1136.6257444024086 1155.7750403881073 -17922.164797782898
v 1219.8345735669136 1096.0667207837105 -17903.645038604736
v 1297.5287809967995 1032.8278318047523 -17884.03630256653
v 1369.4027066230774 966.322124004364 -17863.365411758423
v 1435.176506638527 896.829217672348 -17841.739654541016
v 1494.591124355793 824.6379531919956 -17819.16081905365
v 1547.4198013544083 750.0500790774822 -17795.77374458313
v 1593.460589647293 673.3722612261772 -17771.642804145813
v 1632.5383633375168 594.9199944734573 -17746.830582618713
v 1664.5091772079468 515.0149762630463 -17721.469402313232
v 1689.2561316490173 433.98122303187847 -17695.629000663757
v 1706.693060696125 352.1486185491085 -17669.443488121033
v 1716.7629674077034 269.8438335210085 -17643.016576766968
v 3593.035340309143 187.3961789533496 -17614.315152168274
v 3581.5228521823883 22.657607914879918 -17560.969591140747
v 3555.167242884636 -140.66750183701515 -17505.860924720764
v 3514.1298919916153 -301.90874822437763 -17449.285984039307
v 3458.6376696825027 -460.4170471429825 -17391.602396965027
v 3388.979136943817 -615.5703775584698 -17333.244681358337
v 3305.4938167333603 -766.7729258537292 -17274.604439735413
v 3208.5753232240677 -913.4586341679096 -17216.0804271698
v 3098.6693501472473 -1055.09664863348 -17158.151865005493
v 2976.2647300958633 -1191.1855638027191 -17101.221084594727
v 2841.8952226638794 -1321.2613016366959 -17045.74763774872
v 2696.133255958557 -1444.893591105938 -16992.167830467224
v 2539.585456252098 -1561.6846829652786 -16940.882205963135
v 2372.893765568733 -1671.2725907564163 -16892.314553260803
v 2196.727842092514 -1773.328185081482 -16846.843957901
v 2011.781483888626 -1867.5490468740463 -16804.79407310486
v 1818.7762051820755 -1953.6687433719635 -16766.51358604431
v 1618.4526309370995 -2031.4490050077438 -16732.31542110443
v 1411.5694910287857 -2100.6783843040466 -16702.45885848999
v 1198.902502655983 -2161.172702908516 -16677.192449569702
v 981.239452958107 -2212.7701342105865 -16656.691431999207
v 759.3833841383457 -2255.341485142708 -16641.181111335754
v 534.1429822146893 -2288.7729853391647 -16630.772352218628
v 306.33822083473206 -2312.9741102457047 -16625.556349754333
v 76.794542837888 -2327.8840631246567 -16625.649333000183
v -153.65994069725275 -2333.4570229053497 -16631.076335906982
v -384.1822687536478 -2329.4346034526825 -16639.705896377563
v -613.8897500932217 -2315.588817000389 -16649.40297603607
v -841.8893069028854 -2291.9659316539764 -16660.189032554626
v -1067.296788096428 -2258.6459666490555 -16672.04976081848
v -1289.2377376556396 -2215.750515460968 -16685.04774570465
v -1506.851390004158 -2163.441628217697 -16699.27418231964
v -1719.294972717762 -2101.9088476896286 -16714.76662158966
v -1925.7478415966034 -2031.3839614391327 -16731.644868850708
v -2125.4125982522964 -1952.1291553974152 -16750.01621246338
v -2317.51911342144 -1864.4388020038605 -16770.007610321045
v -2501.3304501771927 -1768.6347663402557 -16791.733503341675
v -2676.135376095772 -1665.0687530636787 -16815.30475616455
v -2841.2657976150513 -1554.1191771626472 -16840.88408946991
v -2996.0864782333374 -1436.1874759197235 -16868.584156036377
v -3139.9990618228912 -1311.6955384612083 -16898.494362831116
v -3272.447884082794 -1181.0887232422829 -16930.72199821472
v -3392.917290329933 -1044.8304936289787 -16965.32964706421
v -3500.9336471557617 -903.4006297588348 -17002.342343330383
v -3596.0684716701508 -757.3012076318264 -17041.80121421814
v -3677.9355257749557 -607.0469319820404 -17083.661556243896
v -3746.1964040994644 -453.1682375818491 -17127.880454063416
v -3800.5591928958893 -296.2157875299454 -17174.384593963623
v -3840.7766819000244 -136.74936722964048 -17222.996950149536
v -3866.6510581970215 24.652277352288365 -17273.54943752289
v -3878.0388236045837 187.39641644060612 -17325.852513313293
v -3874.872475862503 350.879430770874 -17380.029559135437
v -3857.1350276470184 514.4937336444855 -17436.13064289093
v -3824.835866689682 677.623562514782 -17493.842840194702
v -3778.0362367630005 839.6404422819614 -17552.806735038757
v -3716.8512493371964 999.903492629528 -17612.59138584137
v -3641.4581537246704 1157.7670276165009 -17672.84095287323
v -3552.09119617939 1312.5834614038467 -17733.181715011597
v -3449.038937687874 1463.6987820267677 -17793.177366256714
v -3332.654982805252 1610.4647889733315 -17852.472066879272
v -3203.3445686101913 1752.2375285625458 -17910.63666343689
v -3061.576411128044 1888.3781880140305 -17967.26882457733
v -2907.872423529625 2018.2668417692184 -18021.987676620483
v -2742.8117394447327 2141.2955224514008 -18074.37300682068
v -2567.0275837183 2256.879284977913 -18124.035000801086
v -2381.209284067154 2364.4595593214035 -18170.6303358078
v -2186.0868483781815 2463.506832718849 -18213.762044906616
v -1982.448399066925 2553.519755601883 -18253.056406974792
v -1771.1199447512627 2634.03944671154 -18288.171887397766
v -1552.9711917042732 2704.64725792408 -18318.777680397034
v -1328.9108499884605 2764.9739384651184 -18344.600200653076
v -1099.8733341693878 2814.6904706954956 -18365.2925491333
v -866.827592253685 2853.529304265976 -18380.64193725586
v -630.7688914239407 2881.278544664383 -18390.44988155365
v -392.70649664103985 2897.7761417627335 -18394.48571205139
v -153.65973114967346 2902.9302299022675 -18392.63141155243
v 85.3505521081388 2896.9475626945496 -18386.97373867035
v 323.34594056010246 2880.087196826935 -18379.58872318268
v 559.3608878552914 2852.412387728691 -18370.360136032104
v 792.437307536602 2814.0418231487274 -18359.236121177673
v 1021.626815199852 2765.129953622818 -18346.086144447327
v 1245.9947168827057 2705.8788388967514 -18330.767154693604
v 1464.628167450428 2636.547088623047 -18313.2541179657
v 1676.6345500946045 2557.4277341365814 -18293.41471195221
v 1881.1478465795517 2468.865215778351 -18271.18456363678
v 2077.3398131132126 2371.2430894374847 -18246.49930000305
v 2264.408692717552 2264.992743730545 -18219.326734542847
v 2441.600114107132 2150.5840122699738 -18189.67580795288
v 2608.197256922722 2028.5184681415558 -18157.51075744629
v 2763.531133532524 1899.3385881185532 -18122.860193252563
v 2906.9893062114716 1763.6161297559738 -18085.80994606018
v 3038.0049347877502 1621.9496726989746 -18046.42617702484
v 3156.0679525136948 1474.9660715460777 -18004.82153892517
v 3260.7299834489822 1323.3111798763275 -17961.16054058075
v 3351.598083972931 1167.6422506570816 -17915.571928024292
v 3428.344577550888 1008.6348652839661 -17868.28100681305
v 3490.699678659439 846.969410777092 -17819.488048553467
v 3538.4568572044373 683.3287328481674 -17769.40405368805
v 3571.475073695183 518.4026621282101 -17718.33837032318
v 3589.6749794483185 352.8670594096184 -17666.55385494232
v 5466.295927762985 187.3961789533496 -17597.696185112
v 5445.996075868607 -60.30997261404991 -17518.715858459473
v 5403.162091970444 -305.29470182955265 -17435.361742973328
v 5338.127017021179 -546.4857257902622 -17348.313331604004
v 5251.32492184639 -782.8659005463123 -17258.319854736328
v 5143.2837545871735 -1013.4798288345337 -17166.202068328857
v 5014.617741107941 -1237.4400347471237 -17072.816491127014
v 4866.021126508713 -1453.9309591054916 -16979.064345359802
v 4698.2525289058685 -1662.20773011446 -16885.830760002136
v 4512.132704257965 -1861.5973368287086 -16793.993711471558
v 4308.536052703857 -2051.4971762895584 -16704.425811767578
v 4088.382124900818 -2231.3743829727173 -16617.976427078247
v 3852.626234292984 -2400.752529501915 -16535.409092903137
v 3602.2569984197617 -2559.2152029275894 -16457.444429397583
v 3338.2918685674667 -2706.398293375969 -16384.76014137268
v 3061.7715418338776 -2841.985300183296 -16317.962408065796
v 2773.759514093399 -2965.7042026519775 -16257.630586624146
v 2475.3302335739136 -3077.3109197616577 -16204.195618629456
v 2167.5780415534973 -3176.60428583622 -16158.113479614258
v 1851.6084551811218 -3263.4032517671585 -16119.720339775085
v 1528.5367146134377 -3337.5562727451324 -16089.320182800293
v 1199.4891241192818 -3398.927003145218 -16067.122220993042
v 865.600761026144 -3447.4144130945206 -16053.375005722046
v 528.0137434601784 -3482.9168021678925 -16048.167943954468
v 187.87658773362637 -3505.368009209633 -16051.647663116455
v -153.65999657660723 -3514.706790447235 -16063.855290412903
v -495.4066872596741 -3510.153740644455 -16080.370545387268
v -836.0451646149158 -3490.954264998436 -16096.699833869934
v -1174.2236092686653 -3457.1700543165207 -16112.871766090393
v -1508.6038783192635 -3408.91532599926 -16128.898859024048
v -1837.865486741066 -3346.386104822159 -16144.942045211792
v -2160.7091277837753 -3269.827365875244 -16161.113977432251
v -2475.8711457252502 -3179.556056857109 -16177.659630775452
v -2782.1246534585953 -3075.9434401988983 -16194.849014282227
v -3078.2870203256607 -2959.4162106513977 -16213.016510009766
v -3363.220989704132 -2830.4430842399597 -16232.494711875916
v -3635.852336883545 -2689.543515443802 -16253.719925880432
v -3895.1504230499268 -2537.2689217329025 -16277.090907096863
v -4140.153229236603 -2374.2004483938217 -16303.04753780365
v -4369.955956935883 -2200.9465098381042 -16332.017183303833
v -4583.714604377747 -2018.1363075971603 -16364.423632621765
v -4780.647754669189 -1826.4159187674522 -16400.66921710968
v -4960.032105445862 -1626.4423727989197 -16441.08474254608
v -5121.204704046249 -1418.8826456665993 -16485.95094680786
v -5263.559371232986 -1204.420030117035 -16535.478830337524
v -5386.548042297363 -983.7476536631584 -16589.81144428253
v -5489.681214094162 -757.5695961713791 -16648.988127708435
v -5572.519898414612 -526.6121216118336 -16712.955236434937
v -5634.686797857285 -291.6158828884363 -16781.557202339172
v -5675.86362361908 -53.3485715277493 -16854.577660560608
v -5695.781707763672 187.39652819931507 -16931.59282207489
v -5694.292634725571 429.79792691767216 -17012.600898742676
v -5671.297162771225 673.0149127542973 -17097.35333919525
v -5626.725107431412 916.1758236587048 -17185.201048851013
v -5560.587197542191 1158.3717539906502 -17275.49135684967
v -5472.981780767441 1398.6609131097794 -17367.578744888306
v -5364.093035459518 1636.0760852694511 -17460.831999778748
v -5234.192311763763 1869.6298822760582 -17554.607391357422
v -5083.64662528038 2098.3169227838516 -17648.30231666565
v -4912.915080785751 2321.1215436458588 -17741.30880832672
v -4722.543954849243 2537.025734782219 -17833.0135345459
v -4513.179212808609 2745.0044453144073 -17922.787070274353
v -4285.554438829422 2944.052517414093 -18010.041117668152
v -4040.496200323105 3133.174628019333 -18094.17486190796
v -3778.9204716682434 3311.396688222885 -18174.56066608429
v -3501.829504966736 3477.7723252773285 -18250.574469566345
v -3210.3028893470764 3631.390482187271 -18321.54929637909
v -2905.5192321538925 3771.3906168937683 -18386.898636817932
v -2588.721513748169 3896.954655647278 -18445.944786071777
v -2261.2320631742477 4007.3315799236298 -18498.07620048523
v -1924.4440644979477 4101.83921456337 -18542.672395706177
v -1579.807922244072 4179.878979921341 -18579.179048538208
v -1228.8305908441544 4240.9224808216095 -18606.959581375122
v -873.0780333280563 4284.559786319733 -18625.574111938477
v -514.1469463706017 4310.4614317417145 -18634.498715400696
v -153.65970320999622 4318.425357341766 -18633.373975753784
v 206.76983054727316 4309.152066707611 -18626.638054847717
v 565.6618438661098 4283.434599637985 -18618.78454685211
v 921.5682372450829 4241.329729557037 -18609.4468832016
v 1273.0450183153152 4182.975143194199 -18598.331809043884
v 1618.6534613370895 4108.560383319855 -18585.011959075928
v 1956.9747895002365 4018.371105194092 -18569.210171699524
v 2286.609336733818 3912.7546548843384 -18550.56345462799
v 2606.1880588531494 3792.1415269374847 -18528.762459754944
v 2914.3761098384857 3657.0362001657486 -18503.506779670715
v 3209.8976522684097 3508.0280900001526 -18474.61223602295
v 3491.509258747101 3345.770537853241 -18441.819548606873
v 3758.043944835663 3170.999363064766 -18405.023217201233
v 4008.3973109722137 2984.5114052295685 -18364.121317863464
v 4241.539388895035 2787.1712297201157 -18319.0780878067
v 4456.526041030884 2579.8916816711426 -18269.904255867004
v 4652.4931490421295 2363.637238740921 -18216.65346622467
v 4828.671813011169 2139.4240111112595 -18159.488439559937
v 4984.390139579773 1908.2949310541153 -18098.61123561859
v 5119.076818227768 1671.3157296180725 -18034.29365158081
v 5232.2593331336975 1429.5719191432 -17966.837882995605
v 5323.568433523178 1184.1564998030663 -17896.633744239807
v 5392.740368843079 936.1586719751358 -17824.119329452515
v 5439.610630273819 686.6644509136677 -17749.770283699036
v 5464.114844799042 436.7302358150482 -17674.083709716797
v 7334.713339805603 187.3961789533496 -17540.92812538147
v 7303.728461265564 -143.72206293046474 -17437.70956993103
v 7242.160141468048 -470.3945852816105 -17326.281666755676
v 7150.610089302063 -791.0592667758465 -17207.937240600586
v 7029.83558177948 -1104.2746156454086 -17084.108591079712
v 6880.715936422348 -1408.7263494729996 -16956.24053478241
v 6704.260557889938 -1703.2456398010254 -16825.95133781433
v 6501.559764146805 -1986.7980480194092 -16694.76270675659
v 6273.790597915649 -2258.4933042526245 -16564.25178050995
v 6022.187769412994 -2517.5687670707703 -16435.917019844055
v 5748.02353978157 -2763.381153345108 -16311.144232749939
v 5452.6108503341675 -2995.401844382286 -16191.272735595703
v 5137.286335229874 -3213.197886943817 -16077.538132667542
v 4803.395122289658 -3416.4123237133026 -15971.000790596008
v 4452.293515205383 -3604.761064052582 -15872.633457183838
v 4085.3476524353027 -3778.0170142650604 -15783.299803733826
v 3703.9198726415634 -3935.9839260578156 -15703.682899475098
v 3309.3787729740143 -4078.507572412491 -15634.390711784363
v 2903.0918329954147 -4205.444902181625 -15575.870275497437
v 2486.4356964826584 -4316.677004098892 -15528.523921966553
v 2060.7858896255493 -4412.088990211487 -15492.62523651123
v 1627.5279968976974 -4491.574466228485 -15468.390583992004
v 1188.0508437752724 -4555.029273033142 -15455.94871044159
v 743.7552697956562 -4602.351486682892 -15455.392599105835
v 296.04798182845116 -4633.454829454422 -15466.809868812561
v -153.66008039563894 -4648.250788450241 -15490.230917930603
v -603.8781255483627 -4645.053595304489 -15518.515706062317
v -1052.8318583965302 -4622.202962636948 -15544.418692588806
v -1498.6707642674446 -4579.738676548004 -15567.866563796997
v -1939.5609945058823 -4517.800658941269 -15588.855743408203
v -2373.6921697854996 -4436.646401882172 -15607.506036758423
v -2799.2892265319824 -4336.642026901245 -15624.058842658997
v -3214.6328687667847 -4218.255579471588 -15638.864636421204
v -3618.0659383535385 -4082.057923078537 -15652.416944503784
v -4008.004814386368 -3928.699940443039 -15665.300488471985
v -4382.952600717545 -3758.9143216609955 -15678.253769874573
v -4741.508066654205 -3573.4932124614716 -15692.093968391418
v -5082.354247570038 -3373.2687681913376 -15707.688331604004
v -5404.285937547684 -3159.107565879822 -15725.995302200317
v -5706.186443567276 -2931.8848997354507 -15747.951865196228
v -5987.035632133484 -2692.48366355896 -15774.51467514038
v -6245.901435613632 -2441.7704343795776 -15806.561708450317
v -6481.928676366806 -2180.599719285965 -15844.901204109192
v -6694.347560405731 -1909.8050147294998 -15890.259146690369
v -6882.442384958267 -1630.202941596508 -15943.193435668945
v -7045.559138059616 -1342.5932452082634 -16004.101037979126
v -7183.104604482651 -1047.7684065699577 -16073.24481010437
v -7294.520437717438 -746.527723968029 -16150.626540184021
v -7379.310429096222 -439.683822914958 -16236.135363578796
v -7437.014579772949 -128.08002065867186 -16329.413652420044
v -7467.226088047028 187.3966120183468 -16429.89993095398
v -7469.5707857608795 505.7992413640022 -16536.73768043518
v -7443.7277019023895 826.1012099683285 -16648.807525634766
v -7389.483600854874 1147.1985653042793 -16765.066981315613
v -7306.740581989288 1467.9119735956192 -16884.53435897827
v -7195.538431406021 1787.002645432949 -17006.385326385498
v -7056.021988391876 2103.174850344658 -17129.745483398438
v -6888.479143381119 2415.100336074829 -17253.89063358307
v -6693.318039178848 2721.4092761278152 -17378.07869911194
v -6471.080034971237 3020.709827542305 -17501.61051750183
v -6222.432106733322 3311.6018772125244 -17623.82984161377
v -5948.173105716705 3592.6634073257446 -17744.03214454651
v -5649.214535951614 3862.4779880046844 -17861.48250102997
v -5326.606035232544 4119.637906551361 -17975.47459602356
v -4981.514811515808 4362.74528503418 -18085.21270751953
v -4615.228772163391 4590.417891740799 -18189.838528633118
v -4229.154735803604 4801.322221755981 -18288.506269454956
v -3824.8300552368164 4994.1471219062805 -18380.266427993774
v -3403.9027243852615 5167.656093835831 -18464.189171791077
v -2968.1338369846344 5320.663601160049 -18539.233803749084
v -2519.4011628627777 5452.07753777504 -18604.3918132782
v -2059.6767961978912 5560.904145240784 -18658.618927001953
v -1591.0369902849197 5646.27081155777 -18700.91199874878
v -1115.652658045292 5707.438141107559 -18730.30185699463
v -635.7623264193535 5743.8138127326965 -18745.82290649414
v -153.65967527031898 5754.9843192100525 -18746.643662452698
v 328.38846556842327 5742.576420307159 -18740.30649662018
v 808.4170147776604 5708.34293961525 -18734.360933303833
v 1284.521408379078 5652.262419462204 -18728.052377700806
v 1754.7855153679848 5574.414432048798 -18720.674514770508
v 2217.2876447439194 5474.965274333954 -18711.458444595337
v 2670.1102405786514 5354.192554950714 -18699.674606323242
v 3111.3553047180176 5212.491452693939 -18684.64708328247
v 3539.1513258218765 5050.373375415802 -18665.73214530945
v 3951.670825481415 4868.483394384384 -18642.398715019226
v 4347.1477925777435 4667.570739984512 -18614.121079444885
v 4723.8689661026 4448.518306016922 -18580.477237701416
v 5080.220550298691 4212.328344583511 -18541.190028190613
v 5414.670556783676 3960.1023495197296 -18495.978713035583
v 5725.80099105835 3693.055137991905 -18444.73421573639
v 6012.3056173324585 3412.477523088455 -18387.377858161926
v 6273.010969161987 3119.753524661064 -18323.99010658264
v 6506.871432065964 2816.3346648216248 -18254.735469818115
v 6712.98086643219 2503.714933991432 -18179.83388900757
v 6890.590935945511 2183.428555727005 -18099.659085273743
v 7039.100378751755 1857.035905122757 -18014.69385623932
v 7158.05321931839 1526.0962396860123 -17925.458550453186
v 7247.166037559509 1192.1609938144684 -17832.67915248871
v 7306.283265352249 856.7584119737148 -17737.063765525818
v 7335.414737462997 521.3614739477634 -17639.4921541214
v 9191.157817840576 187.3961789533496 -17423.97665977478
v 9147.6970911026 -227.29043383151293 -17298.136353492737
v 9065.11902809143 -635.3811174631119 -17159.096002578735
v 8944.440186023712 -1034.7078368067741 -17009.0514421463
v 8786.89169883728 -1423.332542181015 -16850.36838054657
v 8593.892455101013 -1799.5711416006088 -16685.58955192566
v 8366.977572441101 -2161.991000175476 -16517.21477508545
v 8107.77872800827 -2509.4038993120193 -16347.686648368835
v 7818.002700805664 -2840.8661484718323 -16179.431676864624
v 7499.38890337944 -3155.6466221809387 -16014.710068702698
v 7153.676301240921 -3453.1914442777634 -15855.544209480286
v 6782.606989145279 -3733.117952942848 -15703.818798065186
v 6387.91099190712 -3995.174914598465 -15561.23971939087
v 5971.275866031647 -4239.193797111511 -15429.187417030334
v 5534.375309944153 -4465.100169181824 -15308.935046195984
v 5078.836530447006 -4672.841280698776 -15201.430320739746
v 4606.272876262665 -4862.40416765213 -15107.501149177551
v 4118.269979953766 -5033.777207136154 -15027.755498886108
v 3616.3920164108276 -5186.927318572998 -14962.59480714798
v 3102.2024899721146 -5321.80979847908 -14912.307858467102
v 2577.2566348314285 -5438.354015350342 -14877.037703990936
v 2043.1195199489594 -5536.458045244217 -14856.82725906372
v 1501.3614669442177 -5615.996271371841 -14851.65148973465
v 953.5736963152885 -5676.821619272232 -14861.44334077835
v 401.3602249324322 -5718.767791986465 -14886.094629764557
v -153.66015024483204 -5741.678774356842 -14925.565123558044
v -709.7287103533745 -5742.5907254219055 -14969.96819972992
v -1264.5838782191277 -5718.533545732498 -15009.178519248962
v -1815.8187344670296 -5669.44420337677 -15042.845606803894
v -2361.038848757744 -5595.435798168182 -15070.787072181702
v -2897.8711366653442 -5496.8006908893585 -15092.976093292236
v -3423.992246389389 -5374.018549919128 -15109.614729881287
v -3937.1609687805176 -5227.752327919006 -15121.142864227295
v -4435.236006975174 -5058.839321136475 -15128.254294395447
v -4916.19810461998 -4868.264347314835 -15131.891369819641
v -5378.17195057869 -4657.141864299774 -15133.243203163147
v -5819.443613290787 -4426.672160625458 -15133.693814277649
v -6238.446682691574 -4178.115427494049 -15134.773850440979
v -6633.79043340683 -3912.7519726753235 -15138.16237449646
v -7004.232555627823 -3631.8422108888626 -15145.536661148071
v -7348.674684762955 -3336.6114646196365 -15158.620476722717
v -7666.143178939819 -3028.208389878273 -15179.007053375244
v -7955.769002437592 -2707.705870270729 -15208.184123039246
v -8216.778337955475 -2376.0853707790375 -15247.46060371399
v -8448.44788312912 -2034.2467725276947 -15297.884345054626
v -8650.101721286774 -1683.0137372016907 -15360.215306282043
v -8821.099698543549 -1323.154829442501 -15434.94701385498
v -8960.81417798996 -955.4208442568779 -15522.247552871704
v -9068.622887134552 -580.5512331426144 -15621.902346611023
v -9143.922328948975 -199.32948052883148 -15733.43575000763
v -9186.122417449951 187.39672377705574 -15856.03952407837
v -9194.379150867462 578.6578729748726 -15987.217426300049
v -9167.883396148682 973.256528377533 -16124.120950698853
v -9106.231927871704 1369.8411360383034 -16265.364289283752
v -9009.198546409607 1766.9438570737839 -16409.78693962097
v -8876.72334909439 2162.998840212822 -16556.348204612732
v -8708.935976028442 2556.3760846853256 -16704.232692718506
v -8506.140410900116 2945.3983157873154 -16852.768063545227
v -8268.797099590302 3328.3384144306183 -17001.296281814575
v -7997.53725528717 3703.441768884659 -17149.223685264587
v -7693.150341510773 4068.9459443092346 -17296.01562023163
v -7356.58586025238 4423.0543076992035 -17441.055178642273
v -6988.922953605652 4763.962626457214 -17583.636045455933
v -6591.411083936691 5089.868009090424 -17723.055481910706
v -6165.433824062347 5398.9434242248535 -17858.40332508087
v -5712.538808584213 5689.381510019302 -17988.749742507935
v -5234.406888484955 5959.37579870224 -18112.971782684326
v -4732.896834611893 6207.132786512375 -18229.83205318451
v -4210.017621517181 6430.911719799042 -18338.025212287903
v -3667.937144637108 6629.0174424648285 -18436.08856201172
v -3108.993172645569 6799.833923578262 -18522.49324321747
v -2535.669431090355 6941.854655742645 -18595.640659332275
v -1950.6114721298218 7053.705006837845 -18653.89108657837
v -1356.6217571496964 7134.174853563309 -18695.592284202576
v -756.6275261342525 7182.275801897049 -18719.199299812317
v -153.65966130048037 7197.231352329254 -18723.156452178955
v 449.30010102689266 7182.093858718872 -18718.560934066772
v 1049.8309135437012 7140.1020884513855 -18716.588616371155
v 1645.614355802536 7071.0620284080505 -18715.980648994446
v 2234.2832386493683 6974.866837263107 -18715.403079986572
v 2813.4387731552124 6851.55987739563 -18713.602423667908
v 3380.66428899765 6701.332479715347 -18709.38777923584
v 3933.5444569587708 6524.5431661605835 -18701.64155960083
v 4469.68138217926 6321.727931499481 -18689.340949058533
v 4986.7187440395355 6093.6082899570465 -18671.602606773376
v 5482.369959354401 5841.07831120491 -18647.616505622864
v 5954.415053129196 5565.231889486313 -18616.746068000793
v 6400.756537914276 5267.3377096652985 -18578.5174369812
v 6819.399744272232 4948.81197810173 -18532.490730285645
v 7208.509147167206 4611.249715089798 -18478.48892211914
v 7566.392719745636 4256.351888179779 -18416.34750366211
v 7891.5417194366455 3885.9593868255615 -18346.139788627625
v 8182.61593580246 3502.0072013139725 -18268.023133277893
v 8438.465595245361 3106.496036052704 -18182.25145339966
v 8658.162653446198 2701.481133699417 -18089.28608894348
v 8840.97844362259 2289.0539467334747 -17989.729642868042
v 8986.391723155975 1871.2997809052467 -17884.28485393524
v 9094.095826148987 1450.2795785665512 -17773.829698562622
v 9164.013862609863 1028.0201956629753 -17659.467458724976
v 9196.259379386902 606.4464524388313 -17542.385458946228
v 11026.445925235748 187.3961789533496 -17230.77893257141
v 10968.819558620453 -310.5367999523878 -17084.078192710876
v 10862.925946712494 -799.284428358078 -16918.070912361145
v 10710.438787937164 -1275.9388983249664 -16736.347675323486
v 10513.279438018799 -1737.9991337656975 -16542.572379112244
v 10273.606181144714 -2183.4053099155426 -16340.627074241638
v 9993.671178817749 -2610.5117797851562 -16134.195327758789
v 9675.815999507904 -3018.0837213993073 -15926.894545555115
v 9322.393834590912 -3405.2498638629913 -15722.097158432007
v 8935.723900794983 -3771.449625492096 -15522.857308387756
v 8518.064618110657 -4116.3817048072815 -15331.891179084778
v 8071.616291999817 -4439.972341060638 -15151.66461467743
v 7598.471939563751 -4742.281436920166 -14984.203577041626
v 7100.643664598465 -5023.485571146011 -14831.253290176392
v 6580.05103468895 -5283.819884061813 -14694.223701953888
v 6038.524657487869 -5523.513704538345 -14574.143886566162
v 5477.837473154068 -5742.799490690231 -14471.835494041443
v 4899.7025191783905 -5941.856950521469 -14387.82513141632
v 4305.792152881622 -6120.801866054535 -14322.412312030792
v 3697.756826877594 -6279.6516716480255 -14275.643527507782
v 3077.2416293621063 -6418.361216783524 -14247.454404830933
v 2445.901930332184 -6536.782532930374 -14237.59639263153
v 1805.4112046957016 -6634.6970200538635 -14245.74226140976
v 1157.483495771885 -6711.832880973816 -14271.542429924011
v 503.8655363023281 -6767.864674329758 -14314.621388912201
v -153.66023406386375 -6802.4638295173645 -14374.696612358093
v -813.0881935358047 -6811.083108186722 -14439.409375190735
v -1471.6359972953796 -6789.075136184692 -14495.902955532074
v -2126.276046037674 -6736.128330230713 -14543.308317661285
v -2773.963585495949 -6652.1917283535 -14580.95759153366
v -3411.6632491350174 -6537.512540817261 -14608.481526374817
v -4036.3959968090057 -6392.655372619629 -14625.880122184753
v -4645.2972292900085 -6218.507140874863 -14633.585214614868
v -5235.65411567688 -6016.255617141724 -14632.481038570404
v -5804.952532052994 -5787.354111671448 -14623.903334140778
v -6350.908130407333 -5533.469617366791 -14609.609842300415
v -6871.502101421356 -5256.412625312805 -14591.726660728455
v -7364.965081214905 -4958.073645830154 -14572.67314195633
v -7829.799950122833 -4640.337824821472 -14555.060863494873
v -8264.752328395844 -4305.027276277542 -14541.603326797485
v -8668.777048587799 -3953.8344740867615 -14534.986317157745
v -9041.005969047546 -3588.2817953824997 -14537.77939081192
v -9380.705058574677 -3209.68821644783 -14552.308022975922
v -9687.226116657257 -2819.1614896059036 -14580.585658550262
v -9959.962964057922 -2417.6211655139923 -14624.25023317337
v -10198.31120967865 -2005.8070868253708 -14684.462249279022
v -10401.639640331268 -1584.324985742569 -14761.894047260284
v -10569.273233413696 -1153.7200212478638 -14856.77719116211
v -10700.460970401764 -714.5020924508572 -14968.739748001099
v -10794.418752193451 -267.2401908785105 -15097.058415412903
v -10850.290954113007 187.39682156592607 -15240.46003818512
v -10866.407454013824 648.5040485858917 -15394.00041103363
v -10841.124951839447 1114.6794632077217 -15552.409887313843
v -10773.811340332031 1584.2513367533684 -15713.977217674255
v -10664.127767086029 2055.399790406227 -15877.531170845032
v -10511.960685253143 2526.1878222227097 -16042.109727859497
v -10317.47281551361 2994.6269094944 -16207.172870635986
v -10081.032514572144 3458.685949444771 -16372.295022010803
v -9803.22003364563 3916.308581829071 -16537.195444107056
v -9484.81410741806 4365.42883515358 -16701.65777206421
v -9126.757979393005 4803.979843854904 -16865.44954776764
v -8730.159401893616 5229.847133159637 -17028.18274497986
v -8296.27901315689 5640.921592712402 -17189.408540725708
v -7826.533913612366 6035.043150186539 -17348.451018333435
v -7322.496771812439 6410.01284122467 -17504.432201385498
v -6785.922646522522 6763.607561588287 -17656.325697898865
v -6218.710541725159 7093.5554802417755 -17802.793979644775
v -5622.980743646622 7397.552579641342 -17942.315340042114
v -5001.035034656525 7673.28679561615 -18073.121309280396
v -4355.398714542389 7918.477356433868 -18193.30394268036
v -3688.8159066438675 8130.861818790436 -18300.694227218628
v -3004.252463579178 8308.289051055908 -18393.044471740723
v -2304.9120604991913 8448.732197284698 -18467.976450920105
v -1594.235636293888 8550.328016281128 -18523.006439208984
v -875.8732862770557 8611.490428447723 -18555.713295936584
v -153.65963336080313 8630.909621715546 -18563.67588043213
v 568.6474218964577 8613.609373569489 -18561.832308769226
v 1288.2095575332642 8564.893305301666 -18565.31023979187
v 2002.3401081562042 8484.24106836319 -18572.155237197876
v 2708.2494646310806 8371.252119541168 -18580.36994934082
v 3403.073251247406 8225.7279753685 -18588.13762664795
v 4083.888530731201 8047.6632714271545 -18593.698740005493
v 4747.741520404816 7837.285101413727 -18595.426082611084
v 5391.688495874405 7595.098614692688 -18591.940999031067
v 6012.806743383408 7321.847677230835 -18581.957817077637
v 6608.265191316605 7018.554210662842 -18564.435839653015
v 7175.300717353821 6686.509698629379 -18538.531064987183
v 7711.302638053894 6327.2519409656525 -18503.592610359192
v 8213.794827461243 5942.534655332565 -18459.09833908081
v 8680.490255355835 5534.342676401138 -18404.75857257843
v 9109.305739402771 5104.834735393524 -18340.433835983276
v 9498.362839221954 4656.324237585068 -18266.109824180603
v 9846.023619174957 4191.276580095291 -18181.98323249817
v 10150.891542434692 3712.238296866417 -18088.349103927612
v 10411.832928657532 3221.8214124441147 -17985.658049583435
v 10627.985000610352 2722.689136862755 -17874.571681022644
v 10798.766613006592 2217.5057977437973 -17755.95724582672
v 10923.867523670197 1708.8885605335236 -17630.805373191833
v 11003.288626670837 1199.4073167443275 -17500.498294830322
v 11037.293672561646 691.4822570979595 -17366.521954536438
v 12829.670011997223 187.3961789533496 -16948.161721229553
v 12756.222188472748 -392.81423203647137 -16782.306432724
v 12624.702751636505 -960.8010202646255 -16590.29245376587
v 12437.705397605896 -1512.7673372626305 -16377.412676811218
v 12198.1742978096 -2045.6119626760483 -16149.210333824158
v 11909.220814704895 -2556.915432214737 -15911.051630973816
v 11574.061810970306 -3044.9308454990387 -15668.17581653595
v 11195.871233940125 -3508.4883123636246 -15425.326824188232
v 10777.761340141296 -3946.9510316848755 -15186.908841133118
v 10322.713851928711 -4360.110014677048 -14956.825375556946
v 9833.517372608185 -4748.079031705856 -14738.396108150482
v 9312.797784805298 -5111.231803894043 -14534.486532211304
v 8762.990534305573 -5450.098067522049 -14347.462356090546
v 8186.342418193817 -5765.282213687897 -14179.159998893738
v 7584.958970546722 -6057.4378073215485 -14031.089544296265
v 6960.786581039429 -6327.1598517894745 -13904.29437160492
v 6315.669268369675 -6574.982106685638 -13799.51924085617
v 5651.347786188126 -6801.308691501617 -13717.142343521118
v 4969.503879547119 -7006.400227546692 -13657.263815402985
v 4271.785765886307 -7190.355956554413 -13619.73524093628
v 3559.829816222191 -7353.106141090393 -13604.18289899826
v 2835.293859243393 -7494.407594203949 -13610.035479068756
v 2099.875956773758 -7613.872289657593 -13636.61527633667
v 1355.341114103794 -7710.978090763092 -13683.149814605713
v 603.5256944596767 -7785.128653049469 -13748.893439769745
v -153.66030391305685 -7835.683822631836 -13833.182752132416
v -913.979597389698 -7856.306433677673 -13921.671509742737
v -1674.1054505109787 -7840.370535850525 -13999.1095662117
v -2430.3216487169266 -7787.050902843475 -14063.725769519806
v -3178.8311898708344 -7695.920169353485 -14114.056527614594
v -3915.8061146736145 -7567.025721073151 -14149.095118045807
v -4637.472778558731 -7400.951832532883 -14168.460667133331
v -5340.206623077393 -7198.816537857056 -14172.450006008148
v -6020.608842372894 -6962.261348962784 -14162.110090255737
v -6675.586402416229 -6693.37660074234 -14139.228165149689
v -7302.408367395401 -6394.607573747635 -14106.27007484436
v -7898.76401424408 -6068.632900714874 -14066.292643547058
v -8462.74048089981 -5718.242526054382 -14022.83102273941
v -8992.850482463837 -5346.183925867081 -13979.712724685669
v -9487.967491149902 -4955.05303144455 -13940.91546535492
v -9947.274327278137 -4547.175765037537 -13910.358846187592
v -10370.193421840668 -4124.53830242157 -13891.748785972595
v -10756.296515464783 -3688.7354403734207 -13888.411223888397
v -11105.228662490845 -3240.9632205963135 -13903.163373470306
v -11416.614353656769 -2782.0513397455215 -13938.189446926117
v -11689.994931221008 -2312.5089704990387 -13994.970917701721
v -11924.795508384705 -1832.61226862669 -14074.299037456512
v -12120.257914066315 -1342.509314417839 -14176.185429096222
v -12275.469303131104 -842.3122018575668 -14299.986362457275
v -12389.334440231323 -332.2172071784735 -14444.347321987152
v -12460.6454372406 187.3969193547964 -14607.422947883606
v -12486.428618431091 715.737696737051 -14781.043231487274
v -12463.807761669159 1251.0934844613075 -14956.983625888824
v -12391.979098320007 1791.3488298654556 -15133.531093597412
v -12270.507216453552 2334.2138528823853 -15309.576988220215
v -12099.366188049316 2877.3218393325806 -15484.668016433716
v -11878.834068775177 3418.2822704315186 -15658.693313598633
v -11609.491109848022 3954.7401666641235 -15831.917524337769
v -11292.138397693634 4484.358876943588 -16004.658937454224
v -10927.775502204895 5004.833042621613 -16177.255511283875
v -10517.562925815582 5513.8881504535675 -16349.9915599823
v -10062.812268733978 6009.2103481292725 -16522.918939590454
v -9564.95225429535 6488.464325666428 -16695.842742919922
v -9025.565385818481 6949.249505996704 -16868.315935134888
v -8446.361124515533 7389.049977064133 -17039.47126865387
v -7829.231321811676 7805.261313915253 -17208.171486854553
v -7176.229208707809 8195.163309574127 -17372.878789901733
v -6489.658802747726 8555.922210216522 -17531.749606132507
v -5772.045403718948 8884.629607200623 -17682.60955810547
v -5026.187896728516 9178.30914258957 -17822.95525074005
v -4255.185574293137 9433.969259262085 -17950.02579689026
v -3462.4363481998444 9648.664891719818 -18060.813546180725
v -2651.6716182231903 9819.536805152893 -18152.085542678833
v -1826.973371207714 9943.917989730835 -18220.492601394653
v -992.7373006939888 10019.392669200897 -18262.57288455963
v -153.6596054211259 10043.900907039642 -18274.853825569153
v 685.6643222272396 10024.984180927277 -18276.14665031433
v 1522.0193937420845 9970.594346523285 -18285.632729530334
v 2352.398559451103 9879.747033119202 -18300.581574440002
v 3173.622116446495 9751.625955104828 -18318.341374397278
v 3982.3633432388306 9585.641026496887 -18336.37297153473
v 4775.189459323883 9381.502568721771 -18352.394700050354
v 5548.597276210785 9139.23293352127 -18364.29476737976
v 6299.065053462982 8859.224617481232 -18370.254635810852
v 7023.090720176697 8542.233109474182 -18368.71862411499
v 7717.265188694 8189.375996589661 -18358.4064245224
v 8378.261625766754 7802.13475227356 -18338.28091621399
v 9002.93916463852 7382.3341727256775 -18307.61432647705
v 9588.32859992981 6932.089179754257 -18265.841603279114
v 10131.69139623642 6453.807950019836 -18212.669491767883
v 10630.525946617126 5950.1029551029205 -18147.9012966156
v 11082.601547241211 5423.809736967087 -18071.569204330444
v 11485.956609249115 4877.927005290985 -17983.826994895935
v 11838.927268981934 4315.565675497055 -17884.95182991028
v 12140.180468559265 3739.9260699748993 -17775.41756629944
v 12388.705015182495 3154.270648956299 -17655.885815620422
v 12583.815157413483 2561.854273080826 -17527.15229988098
v 12725.214064121246 1965.9043103456497 -17390.379309654236
v 12812.954485416412 1369.566097855568 -17246.98305130005
v 12847.5022315979 775.8092321455479 -17098.839282989502
v 14588.387310504913 187.3961789533496 -16565.539240837097
v 14497.430920600891 -473.32361340522766 -16382.097601890564
v 14337.922632694244 -1118.3121800422668 -16165.187358856201
v 14113.816916942596 -1742.7689954638481 -15922.486782073975
v 13829.354345798492 -2342.962995171547 -15661.52036190033
v 13488.932847976685 -2916.2098467350006 -15389.572978019714
v 13096.921741962433 -3460.7847779989243 -15113.441348075867
v 12657.482922077179 -3975.769579410553 -14839.116632938385
v 12174.566388130188 -4460.947662591934 -14571.973979473114
v 11651.791334152222 -4916.60937666893 -14316.509664058685
v 11092.464923858643 -5343.443155288696 -14076.524376869202
v 10499.577820301056 -5742.398500442505 -13855.118751525879
v 9875.807762145996 -6114.544719457626 -13654.70677614212
v 9223.573207855225 -6461.0181748867035 -13477.179408073425
v 8545.058369636536 -6782.928854227066 -13323.96537065506
v 7842.239141464233 -7081.277668476105 -13196.013271808624
v 7116.941660642624 -7356.92024230957 -13093.924820423126
v 6370.857059955597 -7610.518634319305 -13017.94409751892
v 5605.59868812561 -7842.508256435394 -12968.027293682098
v 4822.728931903839 -8053.06077003479 -12943.828403949738
v 4023.7927436828613 -8242.07067489624 -12944.718897342682
v 3210.3726267814636 -8409.164249897003 -12969.850301742554
v 2384.1076344251633 -8553.702235221863 -13018.161356449127
v 1546.7463433742523 -8674.821853637695 -13088.460266590118
v 700.1568004488945 -8771.502077579498 -13179.517686367035
v -153.66037376224995 -8842.628002166748 -13290.165066719055
v -1012.2532770037651 -8879.978656768799 -13404.67482805252
v -1871.7453628778458 -8874.714374542236 -13505.836129188538
v -2727.6717871427536 -8825.123012065887 -13590.557277202606
v -3575.369194149971 -8730.077147483826 -13656.195402145386
v -4410.069286823273 -8589.207530021667 -13700.8336186409
v -5227.031707763672 -8402.986228466034 -13723.460733890533
v -6021.711230278015 -8172.780275344849 -13724.161684513092
v -6789.879351854324 -7900.779247283936 -13704.102337360382
v -7527.768909931183 -7589.920163154602 -13665.584921836853
v -8232.1697473526 -7243.711352348328 -13611.938059329987
v -8900.495767593384 -6866.018325090408 -13547.353148460388
v -9530.784487724304 -6460.854560136795 -13476.713597774506
v -10121.69748544693 -6032.135188579559 -13405.324816703796
v -10672.435462474823 -5583.486557006836 -13338.682651519775
v -11182.62380361557 -5118.047297000885 -13282.161355018616
v -11652.192771434784 -4638.356566429138 -13240.771293640137
v -12081.228196620941 -4146.284759044647 -13218.927383422852
v -12469.826638698578 -3643.0274695158005 -13220.239877700806
v -12817.957699298859 -3129.1738897562027 -13247.386515140533
v -13125.359416007996 -2604.801133275032 -13302.004337310791
v -13391.477465629578 -2069.626897573471 -13384.702205657959
v -13615.397214889526 -1523.1934189796448 -13495.03755569458
v -13795.865178108215 -965.0243818759918 -13631.613850593567
v -13931.342661380768 -394.8227595537901 -13792.278170585632
v -14020.02364397049 187.39700317382812 -13974.101543426514
v -14057.148098945618 780.9239253401756 -14165.31354188919
v -14038.275182247162 1383.5637643933296 -14354.688227176666
v -13962.443768978119 1992.5601035356522 -14540.581405162811
v -13829.326629638672 2605.024203658104 -14722.477197647095
v -13639.100790023804 3218.05939078331 -14900.577664375305
v -13392.36170053482 3828.8578391075134 -15075.629353523254
v -13090.05618095398 4434.76215004921 -15248.7713098526
v -12733.350098133087 5033.230483531952 -15421.180129051208
v -12323.597967624664 5621.843487024307 -15594.02346611023
v -11862.24639415741 6198.241263628006 -15768.19896697998
v -11350.842118263245 6760.035753250122 -15944.269895553589
v -10790.992677211761 7304.803133010864 -16122.41506576538
v -10184.395909309387 7829.97339963913 -16302.325129508972
v -9532.853364944458 8332.804441452026 -16483.188271522522
v -8838.323056697845 8810.35029888153 -16663.73312473297
v -8102.934658527374 9259.462058544159 -16842.212677001953
v -7329.090982675552 9676.761031150818 -17016.42394065857
v -6519.4568037986755 10058.680772781372 -17183.72941017151
v -5677.040666341782 10401.504635810852 -17341.108918190002
v -4805.232435464859 10701.414048671722 -17485.166788101196
v -3907.8113436698914 10954.546630382538 -17612.151503562927
v -2989.0121519565582 11157.097220420837 -17718.03617477417
v -2053.540125489235 11305.385828018188 -17798.50959777832
v -1106.5548285841942 11396.00694179535 -17849.090695381165
v -153.65959145128727 11425.930559635162 -17865.171432495117
v 799.6612787246704 11405.670046806335 -17869.150042533875
v 1749.8530447483063 11346.378028392792 -17884.104251861572
v 2693.636566400528 11246.48541212082 -17906.548976898193
v 3627.4661868810654 11104.627847671509 -17933.136820793152
v 4547.572731971741 10919.75212097168 -17960.73853969574
v 5450.009107589722 10691.170692443848 -17986.485958099365
v 6330.716460943222 10418.649315834045 -18007.85779953003
v 7185.58207154274 10102.414190769196 -18022.64928817749
v 8010.506629943848 9743.193984031677 -18029.034733772278
v 8801.492750644684 9342.201054096222 -18025.567531585693
v 9554.64631319046 8901.118040084839 -18011.115789413452
v 10266.283750534058 8422.050476074219 -17984.86053943634
v 10932.951271533966 7907.506227493286 -17946.29395008087
v 11551.448106765747 7360.311895608902 -17895.07806301117
v 12118.882834911346 6783.575266599655 -17831.103801727295
v 12632.646560668945 6180.63747882843 -17754.358649253845
v 13090.460300445557 5555.042177438736 -17664.983868598938
v 13490.390181541443 4910.470694303513 -17563.231587409973
v 13830.859959125519 4250.700920820236 -17449.45228099823
v 14110.678732395172 3579.597696661949 -17324.21636581421
v 14329.04988527298 2901.0406136512756 -17188.255190849304
v 14485.635459423065 2218.8811004161835 -17042.664885520935
v 14580.5624127388 1536.8923544883728 -16888.943910598755
v 14614.430665969849 858.6300350725651 -16729.021668434143
v 16288.923025131226 187.3961789533496 -16075.177788734436
v 16178.619861602783 -551.1343292891979 -15875.433683395386
v 15988.74807357788 -1269.9439376592636 -15635.093450546265
v 15725.038647651672 -1963.1324708461761 -15364.510416984558
v 15393.483638763428 -2626.3978332281113 -15073.646306991577
v 15000.050067901611 -3256.930857896805 -14771.835207939148
v 14550.420641899109 -3853.2131910324097 -14467.366933822632
v 14049.878418445587 -4414.802044630051 -14167.478084564209
v 13503.17895412445 -4942.072033882141 -13878.212571144104
v 12914.557456970215 -5435.996353626251 -13604.53337430954
v 12287.721633911133 -5897.938907146454 -13350.376188755035
v 11625.88745355606 -6329.466551542282 -13118.732571601868
v 10931.87391757965 -6732.248067855835 -12911.910116672516
v 10208.132565021515 -7107.92675614357 -12731.56464099884
v 9456.835985183716 -7458.059638738632 -12578.892409801483
v 8679.910004138947 -7784.043252468109 -12454.667687416077
v 7879.0998458862305 -8087.06134557724 -12359.338402748108
v 7056.003659963608 -8368.059396743774 -12293.07621717453
v 6212.112754583359 -8627.659678459167 -12255.745232105255
v 5348.858088254929 -8866.148293018341 -12246.928811073303
v 4467.640221118927 -9083.42331647873 -12265.89560508728
v 3569.8990523815155 -9278.97423505783 -12311.604917049408
v 2657.1469008922577 -9451.887309551239 -12382.724583148956
v 1731.0433834791183 -9600.881338119507 -12477.669417858124
v 793.4254221618176 -9724.37471151352 -12594.696879386902
v -153.66044361144304 -9820.591807365417 -12732.023298740387
v -1107.574850320816 -9879.468977451324 -12873.222827911377
v -2063.913568854332 -9889.777600765228 -12999.579906463623
v -3017.4176394939423 -9848.421514034271 -13106.254935264587
v -3962.4416828155518 -9753.152132034302 -13189.046680927277
v -4893.109202384949 -9602.877795696259 -13244.833946228027
v -5803.5314083099365 -9397.820234298706 -13271.823227405548
v -6688.050180673599 -9139.551222324371 -13269.720375537872
v -7541.458904743195 -8830.94608783722 -13239.82447385788
v -8359.21436548233 -8476.028144359589 -13185.025155544281
v -9137.581586837769 -8079.673647880554 -13109.617531299591
v -9873.760342597961 -7647.32301235199 -13019.147515296936
v -10565.848052501678 -7184.593230485916 -12920.064926147461
v -11212.854087352753 -6696.91264629364 -12819.395363330841
v -11814.534366130829 -6189.214736223221 -12724.375426769257
v -12371.22505903244 -5665.634125471115 -12642.01819896698
v -12883.625328540802 -5129.336714744568 -12578.776180744171
v -13352.559506893158 -4582.423567771912 -12540.178298950195
v -13778.74732017517 -4025.944769382477 -12530.593872070312
v -14162.586629390717 -3460.0232541561127 -12553.024291992188
v -14504.00859117508 -2884.0340673923492 -12609.014511108398
v -14802.369475364685 -2296.854481101036 -12698.636949062347
v -15056.414008140564 -1697.1735656261444 -12820.59520483017
v -15264.304876327515 -1083.7407410144806 -12972.326874732971
v -15423.71928691864 -455.66325075924397 -13150.292336940765
v -15531.976819038391 187.39708699285984 -13350.180387496948
v -15582.042932510376 844.6874096989632 -13556.478917598724
v -15567.671656608582 1513.2810920476913 -13755.254745483398
v -15487.918853759766 2189.556732773781 -13945.366144180298
v -15342.714786529541 2869.8480874300003 -14127.049148082733
v -15132.66921043396 3550.635650753975 -14301.509857177734
v -14858.93726348877 4228.682667016983 -14470.662474632263
v -14523.02098274231 4901.066422462463 -14636.717140674591
v -14126.645922660828 5565.154999494553 -14801.951050758362
v -13671.62436246872 6218.526810407639 -14968.402683734894
v -13159.774839878082 6858.885437250137 -15137.706398963928
v -12592.9194688797 7483.919709920883 -15310.987830162048
v -11972.815096378326 8091.210722923279 -15488.707423210144
v -11301.239132881165 8678.120970726013 -15670.695304870605
v -10580.019056797028 9241.72818660736 -15856.114625930786
v -9811.102151870728 9778.772592544556 -16043.516993522644
v -8996.614515781403 10285.668075084686 -16230.871081352234
v -8138.980865478516 10758.453011512756 -16415.594816207886
v -7240.946441888809 11192.883253097534 -16594.626903533936
v -6305.673122406006 11584.444642066956 -16764.45722579956
v -5336.796194314957 11928.429007530212 -16921.135783195496
v -4338.449835777283 12220.015525817871 -17060.31560897827
v -3315.33819437027 12454.343140125275 -17177.242040634155
v -2272.78433740139 12626.644670963287 -17266.80278778076
v -1216.7131528258324 12732.384502887726 -17323.57621192932
v -153.65956351161003 12767.404317855835 -17341.888546943665
v 909.9719300866127 12745.504975318909 -17347.140312194824
v 1970.318779349327 12681.443095207214 -17365.79954624176
v 3023.872822523117 12573.010325431824 -17393.76962184906
v 4066.758155822754 12418.246865272522 -17427.13451385498
v 5094.784498214722 12215.566635131836 -17462.25893497467
v 6103.514134883881 11963.852047920227 -17495.83661556244
v 7088.337689638138 11662.539839744568 -17524.943947792053
v 8044.562637805939 11311.671137809753 -17547.097206115723
v 8967.496454715729 10911.91828250885 -17560.256123542786
v 9852.558374404907 10464.55442905426 -17562.81316280365
v 10695.28877735138 9971.461594104767 -17553.579211235046
v 11491.48017168045 9435.031414031982 -17531.719207763672
v 12237.181663513184 8858.124911785126 -17496.694922447205
v 12928.754389286041 8244.009912014008 -17448.216676712036
v 13562.892973423004 7596.255540847778 -17386.152148246765
v 14136.633574962616 6918.713003396988 -17310.50133705139
v 14647.348523139954 6215.445399284363 -17221.308946609497
v 15092.804431915283 5490.686148405075 -17118.7162399292
v 15471.169352531433 4748.791605234146 -17002.950310707092
v 15781.019926071167 3994.2263066768646 -16874.372363090515
v 16021.419167518616 3231.5124571323395 -16733.590364456177
v 16191.93434715271 2465.1530385017395 -16581.519842147827
v 16292.726397514343 1699.5938122272491 -16419.600248336792
v 16324.571371078491 939.042717218399 -16249.871850013733
v 17916.8701171875 187.3961789533496 -15472.873449325562
v 17785.13789176941 -625.2310238778591 -15257.897973060608
v 17562.426924705505 -1413.6361330747604 -14995.78446149826
v 17256.83033466339 -2170.7944571971893 -14699.990451335907
v 16876.53422355652 -2891.964465379715 -14383.199214935303
v 16429.331302642822 -3574.417233467102 -14056.724309921265
v 15922.42419719696 -4217.117428779602 -13730.406761169434
v 15362.212657928467 -4820.337295532227 -13412.444293498993
v 14754.180014133453 -5385.238230228424 -13109.267950057983
v 14103.032648563385 -5913.608372211456 -12825.939953327179
v 13412.6678109169 -6407.513916492462 -12566.105425357819
v 12686.372101306915 -6869.1685795784 -12332.417070865631
v 11926.882266998291 -7300.7190227508545 -12126.612067222595
v 11136.566698551178 -7704.246640205383 -11949.934959411621
v 10317.473709583282 -8081.657588481903 -11803.167164325714
v 9471.424520015717 -8434.67116355896 -11686.837077140808
v 8600.064218044281 -8764.77599143982 -11601.263880729675
v 7704.8832178115845 -9073.186218738556 -11546.582579612732
v 6787.25928068161 -9360.77356338501 -11522.727012634277
v 5848.487913608551 -9628.008306026459 -11529.379785060883
v 4889.811873435974 -9874.87256526947 -11565.897166728973
v 3912.4904572963715 -10100.795924663544 -11631.244719028473
v 2917.8567230701447 -10304.630398750305 -11723.978519439697
v 1907.4129313230515 -10484.649538993835 -11842.229962348938
v 882.8944712877274 -10638.609230518341 -11983.769237995148
v -153.66049949079752 -10763.89342546463 -12146.156430244446
v -1199.46900755167 -10848.76924753189 -12312.947809696198
v -2249.654307961464 -10879.51809167862 -12464.40589427948
v -3298.1394231319427 -10851.02766752243 -12593.521177768707
v -4338.187426328659 -10759.442746639252 -12694.254219532013
v -5362.648665904999 -10602.588951587677 -12762.025594711304
v -6364.281624555588 -10380.21057844162 -12794.053852558136
v -7336.122840642929 -10094.058215618134 -12789.588868618011
v -8271.8226313591 -9747.815430164337 -12750.04506111145
v -9165.957570075989 -9346.8376994133 -12678.918242454529
v -10014.256238937378 -8897.749185562134 -12581.6211104393
v -10813.74853849411 -8407.949209213257 -12465.152442455292
v -11562.762558460236 -7885.090112686157 -12337.741255760193
v -12260.87898015976 -7336.5068435668945 -12208.3380818367
v -12908.700406551361 -6768.72119307518 -12086.082100868225
v -13507.583141326904 -6187.054216861725 -11979.788839817047
v -14059.294760227203 -5595.337450504303 -11897.417306900024
v -14565.643072128296 -4995.811432600021 -11845.625638961792
v -15028.138160705566 -4389.16951417923 -11829.439401626587
v -15447.674989700317 -3774.767965078354 -11851.992309093475
v -15824.305415153503 -3150.9335339069366 -11914.441287517548
v -16157.121062278748 -2515.3619796037674 -12015.9512758255
v -16444.206833839417 -1865.5934929847717 -12153.85526418686
v -16682.76071548462 -1199.4197219610214 -12323.960959911346
v -16869.224309921265 -515.2885057032108 -12520.794868469238
v -16999.574303627014 187.39717081189156 -12738.083302974701
v -17064.149379730225 907.6024778187275 -12956.962287425995
v -17054.908275604248 1641.3731127977371 -13161.644339561462
v -16971.082091331482 2383.9661478996277 -13351.680636405945
v -16813.058853149414 3130.7537108659744 -13528.291583061218
v -16582.167148590088 3877.5059580802917 -13693.984150886536
v -16280.350685119629 4620.534181594849 -13851.958215236664
v -15909.903645515442 5356.7174077034 -14005.702435970306
v -15473.286509513855 6083.433777093887 -14158.667922019958
v -14972.899854183197 6798.402965068817 -14313.834607601166
v -14411.007463932037 7499.537765979767 -14473.585188388824
v -13789.699673652649 8184.698224067688 -14639.49054479599
v -13110.870122909546 8851.58121585846 -14812.275767326355
v -12376.311421394348 9497.520625591278 -14991.774559020996
v -11587.798297405243 10119.419395923615 -15177.01506614685
v -10747.195780277252 10713.680684566498 -15366.27173423767
v -9856.553077697754 11276.222169399261 -15557.159185409546
v -8918.275237083435 11802.476048469543 -15746.72520160675
v -7935.1606965065 12287.472188472748 -15931.531190872192
v -6910.501420497894 12725.878357887268 -16107.668280601501
v -5848.175883293152 13112.097680568695 -16270.802021026611
v -4752.6682913303375 13440.36340713501 -16416.186690330505
v -3629.155531525612 13704.80328798294 -16538.61165046692
v -2483.5672974586487 13899.57994222641 -16632.426381111145
v -1322.5828483700752 14019.019603729248 -16691.52081012726
v -153.6595495417714 14057.800769805908 -16709.395051002502
v 1015.8825293183327 14033.070802688599 -16713.531017303467
v 2181.897461414337 13963.361084461212 -16732.925176620483
v 3340.6873047351837 13845.905363559723 -16763.166189193726
v 4488.094747066498 13678.196668624878 -16800.037622451782
v 5619.562268257141 13458.141088485718 -16839.5859003067
v 6730.210930109024 13184.186518192291 -16878.2240152359
v 7814.934253692627 12855.43441772461 -16912.77801990509
v 8868.49969625473 12471.695244312286 -16940.537095069885
v 9885.659515857697 12033.538520336151 -16959.287524223328
v 10861.274600028992 11542.257070541382 -16967.291235923767
v 11790.339052677155 10999.850928783417 -16963.25719356537
v 12668.123245239258 10408.946871757507 -16946.2788105011
v 13490.193486213684 9772.710800170898 -16915.77136516571
v 14252.444207668304 9094.772636890411 -16871.37007713318
v 14951.151609420776 8379.127979278564 -16812.880039215088
v 15582.931637763977 7630.065679550171 -16740.14389514923
v 16144.790053367615 6852.157115936279 -16653.090119361877
v 16634.13405418396 6050.159186124802 -16551.641821861267
v 17048.819661140442 5229.012072086334 -16435.83655357361
v 17387.144565582275 4393.798112869263 -16305.769085884094
v 17647.976875305176 3549.7165471315384 -16161.847114562988
v 17830.792665481567 2701.9914239645004 -16004.857420921326
v 17935.751080513 1855.8010831475258 -15836.114287376404
v 17963.837385177612 1016.082689166069 -15657.758116722107
v 19457.792043685913 187.3961789533496 -14758.615493774414
v 19302.154183387756 -694.5698149502277 -14529.220461845398
v 19044.00587081909 -1547.2663566470146 -14247.23893404007
v 18694.451451301575 -2362.600564956665 -13929.565250873566
v 18264.307379722595 -3135.6000155210495 -13591.630160808563
v 17763.54432106018 -3863.946944475174 -13246.850967407227
v 17200.934886932373 -4547.409117221832 -12906.356155872345
v 16583.9284658432 -5187.240242958069 -12578.948736190796
v 15918.595790863037 -5785.618275403976 -12271.183133125305
v 15209.813117980957 -6345.19949555397 -11987.687945365906
v 14461.420476436615 -6868.767589330673 -11731.481552124023
v 13676.445186138153 -7359.017729759216 -11504.343152046204
v 12857.358455657959 -7818.445265293121 -11307.232081890106
v 12006.25330209732 -8249.348402023315 -11140.649914741516
v 11124.958097934723 -8653.796911239624 -11004.817485809326
v 10215.157270431519 -9033.688008785248 -10899.935960769653
v 9278.405606746674 -9390.73383808136 -10826.207399368286
v 8316.141664981842 -9726.416766643524 -10783.844590187073
v 7329.687774181366 -10041.916966438293 -10773.006677627563
v 6320.256292819977 -10337.999761104584 -10793.676674365997
v 5288.960784673691 -10614.874362945557 -10845.516622066498
v 4236.883521080017 -10872.056186199188 -10927.737951278687
v 3165.1436537504196 -11108.259558677673 -11038.969159126282
v 2075.0293135643005 -11321.362853050232 -11177.231669425964
v 968.1065753102303 -11508.421003818512 -11339.918375015259
v -153.660555370152 -11665.802299976349 -11523.908078670502
v -1287.4051183462143 -11780.432760715485 -11713.429391384125
v -2427.869886159897 -11836.084127426147 -11888.230741024017
v -3568.166121840477 -11824.950277805328 -12038.859128952026
v -4700.375497341156 -11740.989089012146 -12157.178521156311
v -5815.903544425964 -11580.4722905159 -12236.906290054321
v -6905.964910984039 -11342.463791370392 -12274.196147918701
v -7962.097227573395 -11028.834879398346 -12267.774045467377
v -8976.632952690125 -10644.14530992508 -12219.058871269226
v -9943.172335624695 -10195.364356040955 -12132.205367088318
v -10856.880247592926 -9691.21366739273 -12013.748288154602
v -11714.7096991539 -9141.505658626556 -11872.259080410004
v -12515.392005443573 -8556.37013912201 -11717.83983707428
v -13259.35184955597 -7945.4505443573 -11561.493873596191
v -13948.358595371246 -7317.171692848206 -11414.37828540802
v -14585.14541387558 -6678.211390972137 -11287.19687461853
v -15172.879099845886 -6033.096760511398 -11189.456284046173
v -15714.635252952576 -5384.077727794647 -11128.927767276764
v -16212.884187698364 -4731.220901012421 -11111.187636852264
v -16669.054627418518 -4072.744846343994 -11139.311492443085
v -17083.20915699005 -3405.5082499980927 -11213.7570977211
v -17453.90474796295 -2725.621461868286 -11332.41355419159
v -17778.162360191345 -2029.1496813297272 -11490.837335586548
v -18051.679730415344 -1312.7181306481361 -11682.618856430054
v -18269.083499908447 -574.0973353385925 -11899.868845939636
v -18424.3905544281 187.39725463092327 -12133.800387382507
v -18505.12146949768 970.1064974069595 -12362.887859344482
v -18501.69539451599 1768.7243968248367 -12570.648193359375
v -18413.679599761963 2577.1278887987137 -12757.457792758942
v -18242.180943489075 3389.5553648471832 -12925.731539726257
v -17989.466786384583 4200.961589813232 -13079.298734664917
v -17658.53226184845 5007.200092077255 -13222.783505916595
v -17252.703309059143 5805.01601099968 -13361.024558544159
v -16775.32196044922 6591.894328594208 -13498.612940311432
v -16229.506731033325 7365.827411413193 -13639.48255777359
v -15618.004202842712 8125.036954879761 -13786.65179014206
v -14943.172931671143 8867.656588554382 -13942.060768604279
v -14206.987023353577 9591.518640518188 -14106.526672840118
v -13411.18186712265 10293.911397457123 -14279.752671718597
v -12557.397186756134 10971.502661705017 -14460.476338863373
v -11647.350490093231 11620.266437530518 -14646.585881710052
v -10682.985484600067 12235.543727874756 -14835.301637649536
v -9666.670560836792 12812.063992023468 -15023.274421691895
v -8601.267635822296 13344.09087896347 -15206.758975982666
v -7490.2573227882385 13825.507164001465 -15381.62112236023
v -6337.802410125732 14249.898791313171 -15543.379783630371
v -5148.784518241882 14610.682725906372 -15687.174797058105
v -3928.884118795395 14901.163280010223 -15807.727575302124
v -2684.638649225235 15114.612579345703 -15899.2338180542
v -1423.4557002782822 15244.427919387817 -15955.347418785095
v -153.65952160209417 15284.273028373718 -15969.150066375732
v 1116.572879254818 15254.334211349487 -15968.949794769287
v 2382.8255385160446 15176.76830291748 -15985.089540481567
v 3641.2493884563446 15048.505067825317 -16013.293862342834
v 4887.479692697525 14866.70583486557 -16049.416065216064
v 6116.690039634705 14628.921747207642 -16089.536547660828
v 7323.666661977768 14333.246648311615 -16130.003929138184
v 8502.914607524872 13978.455662727356 -16167.56021976471
v 9648.765921592712 13564.100861549377 -16199.374794960022
v 10755.492746829987 13090.557754039764 -16223.076581954956
v 11817.455291748047 12559.004724025726 -16236.763000488281
v 12829.13625240326 11971.429288387299 -16238.951683044434
v 13785.28118133545 11330.519914627075 -16228.54471206665
v 14680.93603849411 10639.59002494812 -16204.73027229309
v 15511.484742164612 9902.493953704834 -16166.916489601135
v 16272.684931755066 9123.50982427597 -16114.616990089417
v 16960.66439151764 8307.3028922081 -16047.415137290955
v 17571.934461593628 7458.873242139816 -15964.906811714172
v 18103.455305099487 6583.511531352997 -15866.729021072388
v 18552.66809463501 5686.75696849823 -15752.599239349365
v 18917.55223274231 4774.395972490311 -15622.392296791077
v 19196.736216545105 3852.400928735733 -15476.31025314331
v 19389.59240913391 2926.819548010826 -15315.016508102417
v 19496.389031410217 2003.6984235048294 -15139.932632446289
v 19518.345594406128 1088.7910053133965 -14953.311681747437
v 20898.082852363586 187.3961789533496 -13936.994969844818
v 20715.583562850952 -758.1596821546555 -13693.932294845581
v 20419.210195541382 -1668.807528913021 -13394.26964521408
v 20023.775696754456 -2535.5223566293716 -13058.505356311798
v 19543.26868057251 -3353.428468108177 -12704.907059669495
v 18990.039825439453 -4121.006727218628 -12348.771393299103
v 18374.528288841248 -4839.237034320831 -12002.334594726562
v 17705.102562904358 -5510.7057094573975 -11674.723327159882
v 16988.09802532196 -6138.78071308136 -11372.107565402985
v 16228.206753730774 -6727.050393819809 -11098.279058933258
v 15428.77972126007 -7278.883159160614 -10855.101943016052
v 14592.280983924866 -7797.284424304962 -10643.184185028076
v 13720.58629989624 -8284.781277179718 -10462.295114994049
v 12815.326452255249 -8743.588328361511 -10311.960875988007
v 11878.025829792023 -9175.665378570557 -10191.717445850372
v 10910.209715366364 -9582.874774932861 -10101.364552974701
v 9913.407862186432 -9967.018961906433 -10041.018426418304
v 8889.10174369812 -10329.827070236206 -10011.064410209656
v 7838.672697544098 -10672.852993011475 -10012.036263942719
v 6763.359010219574 -10997.293889522552 -10044.4096326828
v 5664.217919111252 -11303.772926330566 -10108.364224433899
v 4542.194902896881 -11592.080891132355 -10203.564763069153
v 3398.1914073228836 -11860.966980457306 -10328.931212425232
v 2233.242318034172 -12108.003795146942 -10482.53059387207
v 1048.6814752221107 -12329.542636871338 -10661.50188446045
v -153.66061124950647 -12520.811855793 -10862.107872962952
v -1370.9022849798203 -12667.908668518066 -11069.930791854858
v -2597.537934780121 -12752.258777618408 -11264.820992946625
v -3825.906068086624 -12762.570083141327 -11434.660255908966
v -5046.83643579483 -12689.967155456543 -11569.064855575562
v -6250.157207250595 -12528.760135173798 -11660.026609897614
v -7425.346076488495 -12276.983857154846 -11702.460050582886
v -8562.24238872528 -11936.514973640442 -11694.46885585785
v -9651.709198951721 -11512.91012763977 -11637.479066848755
v -10686.24347448349 -11014.920473098755 -11536.15415096283
v -11660.439670085907 -10453.752279281616 -11398.158967494965
v -12571.247220039368 -9842.052161693573 -11233.600080013275
v -13417.992889881134 -9192.891418933868 -11054.47143316269
v -14202.229678630829 -8518.639504909515 -10873.84432554245
v -14927.25670337677 -7829.967141151428 -10704.956352710724
v -15597.565770149231 -7135.095298290253 -10560.408532619476
v -16218.0894613266 -6439.258754253387 -10451.253354549408
v -16793.47515106201 -5744.573324918747 -10386.34568452835
v -17327.343821525574 -5050.170868635178 -10371.71334028244
v -17821.69461250305 -4352.720081806183 -10410.227179527283
v -18276.461362838745 -3647.136390209198 -10501.424074172974
v -18689.35525417328 -2927.490547299385 -10641.635656356812
v -19055.83083629608 -2187.993675470352 -10824.236869812012
v -19369.46153640747 -1423.8962531089783 -11040.233373641968
v -19622.329473495483 -632.2779692709446 -11278.818547725677
v -19805.74071407318 187.397338449955 -11528.220176696777
v -19904.404878616333 1032.4250534176826 -11765.2228474617
v -19907.739758491516 1895.8311527967453 -11973.95771741867
v -19815.779328346252 2769.881933927536 -12155.66486120224
v -19630.52809238434 3647.506758570671 -12313.908040523529
v -19355.440735816956 4522.762298583984 -12453.875541687012
v -18994.771242141724 5391.021966934204 -12581.537961959839
v -18553.059697151184 6248.932778835297 -12703.008949756622
v -18034.70492362976 7094.182223081589 -12823.985517024994
v -17443.628311157227 7925.122976303101 -12949.235737323761
v -16783.089637756348 8740.375936031342 -13082.309067249298
v -16055.68528175354 9538.359940052032 -13225.34590959549
v -15263.400077819824 10317.01773405075 -13379.093706607819
v -14407.829940319061 11073.504388332367 -13542.958796024323
v -13490.40538072586 11804.10236120224 -13715.236186981201
v -12512.64363527298 12504.186630249023 -13893.30267906189
v -11476.370394229889 13168.359696865082 -14073.905646800995
v -10383.967459201813 13790.54456949234 -14253.353476524353
v -9238.446950912476 14364.203810691833 -14427.673816680908
v -8043.575584888458 14882.479906082153 -14592.701196670532
v -6803.928762674332 15338.32311630249 -14744.08507347107
v -5524.889230728149 15724.596977233887 -14877.248704433441
v -4212.7083241939545 16034.132838249207 -14987.261295318604
v -2874.55290555954 16259.747743606567 -15068.707466125488
v -1518.5102820396423 16394.33205127716 -15115.551352500916
v -153.65950763225555 16430.92453479767 -15121.033787727356
v 1211.090125143528 16392.036080360413 -15112.783312797546
v 2571.0520148277283 16302.81150341034 -15120.999813079834
v 3922.263979911804 16160.423755645752 -15142.151713371277
v 5260.262042284012 15962.13698387146 -15172.687768936157
v 6580.110043287277 15705.44421672821 -15209.112167358398
v 7876.447141170502 15388.27657699585 -15248.04711341858
v 9143.57990026474 15009.153485298157 -15286.354422569275
v 10375.577509403229 14567.30604171753 -15321.1909532547
v 11566.379964351654 14062.773585319519 -15350.0497341156
v 12709.945142269135 13496.399223804474 -15370.77248096466
v 13800.273835659027 12869.873642921448 -15381.547808647156
v 14831.578731536865 12185.638546943665 -15380.859375
v 15798.305869102478 11446.858048439026 -15367.417931556702
v 16695.186495780945 10657.327473163605 -15340.104103088379
v 17517.308592796326 9821.398258209229 -15297.89686203003
v 18260.0998878479 8943.943083286285 -15239.819884300232
v 18919.401168823242 8030.3362011909485 -15164.963006973267
v 19491.528868675232 7086.396217346191 -15072.4858045578
v 19973.382353782654 6118.359267711639 -14961.732029914856
v 20362.520813941956 5132.863372564316 -14832.322597503662
v 20657.34028816223 4136.8550062179565 -14684.378206729889
v 20857.202410697937 3137.425258755684 -14518.66239309311
v 20962.58282661438 2141.660749912262 -14336.828291416168
v 20975.18742084503 1156.2825366854668 -14141.583144664764
v 22225.817441940308 187.3961789533496 -13017.185032367706
v 22012.97163963318 -815.1421509683132 -12761.35504245758
v 21675.310134887695 -1776.4833569526672 -12446.531653404236
v 21232.15913772583 -2686.891481280327 -12096.864581108093
v 20701.156854629517 -3541.985973715782 -11733.307242393494
v 20097.402334213257 -4341.576397418976 -11373.008787631989
v 19432.95121192932 -5088.3302092552185 -11028.977930545807
v 18716.819286346436 -5786.5069806575775 -10710.219740867615
v 17955.236434936523 -6440.875232219696 -10422.148704528809
v 17152.254581451416 -7055.980861186981 -10167.329907417297
v 16310.244798660278 -7635.625898838043 -9946.087896823883
v 15430.630445480347 -8182.777762413025 -9757.41595029831
v 14514.390528202057 -8699.65374469757 -9599.68239068985
v 13562.458455562592 -9187.970459461212 -9471.222460269928
v 12575.956284999847 -9649.221897125244 -9370.758533477783
v 11556.258201599121 -10084.952116012573 -9297.650456428528
v 10504.961013793945 -10496.892929077148 -9251.95723772049
v 9423.73126745224 -10886.975526809692 -9234.325289726257
v 8314.164876937866 -11257.181167602539 -9245.772957801819
v 7177.665531635284 -11609.286367893219 -9287.408888339996
v 6015.353500843048 -11944.506168365479 -9360.075294971466
v 4828.108102083206 -12263.132929801941 -9464.054703712463
v 3616.638109087944 -12564.125955104828 -9598.707854747772
v 2381.7142099142075 -12844.88171339035 -9762.299358844757
v 1124.3963241577148 -13101.057708263397 -9951.817989349365
v -153.66066712886095 -13326.630592346191 -10162.981152534485
v -1449.6222138404846 -13507.661819458008 -10383.481085300446
v -2757.8991651535034 -13623.582422733307 -10593.91736984253
v -4070.1399743556976 -13658.843636512756 -10779.514610767365
v -5375.896543264389 -13601.087629795074 -10927.647650241852
v -6663.301438093185 -13442.124724388123 -11028.517484664917
v -7919.93647813797 -13178.651332855225 -11075.794994831085
v -9133.746922016144 -12812.32863664627 -11066.824793815613
v -10293.95967721939 -12349.71821308136 -11002.918481826782
v -11391.849517822266 -11801.53101682663 -10889.132022857666
v -12421.383261680603 -11181.743144989014 -10734.071731567383
v -13379.597961902618 -10506.286919116974 -10549.31491613388
v -14266.582131385803 -9791.618585586548 -10348.608791828156
v -15085.290670394897 -9053.252935409546 -10146.979093551636
v -15840.911865234375 -8304.458856582642 -9959.676861763
v -16540.099382400513 -7555.219531059265 -9801.150262355804
v -17189.959287643433 -6811.545789241791 -9683.990478515625
v -17797.0290184021 -6075.266897678375 -9618.05373430252
v -18366.31178855896 -5344.2902863025665 -9609.783589839935
v -18900.423645973206 -4613.300263881683 -9661.75228357315
v -19399.06418323517 -3874.7812807559967 -9772.494435310364
v -19858.755469322205 -3120.2707439661026 -9936.61344051361
v -20272.890329360962 -2341.727614402771 -10145.157873630524
v -20632.182955741882 -1532.767228782177 -10386.21962070465
v -20925.382375717163 -689.7694431245327 -10645.813643932343
v -21140.220165252686 187.3974222689867 -10908.834636211395
v -21258.78095626831 1094.529703259468 -11151.45206451416
v -21270.246505737305 2022.710144519806 -11359.684467315674
v -21175.16577243805 2962.401732802391 -11535.486280918121
v -20976.57322883606 3905.0795137882233 -11683.453917503357
v -20679.219961166382 4843.788295984268 -11809.885203838348
v -20288.817286491394 5773.386508226395 -11921.980082988739
v -19811.29825115204 6690.455675125122 -12027.004659175873
v -19252.241849899292 7592.931389808655 -12131.608128547668
v -18616.44208431244 8479.585647583008 -12241.238951683044
v -17907.684445381165 9349.465370178223 -12359.831929206848
v -17128.76558303833 10201.262533664703 -12489.582896232605
v -16281.595230102539 11032.918989658356 -12630.983591079712
v -15367.546677589417 11841.284036636353 -12782.988846302032
v -14387.75360584259 12622.026801109314 -12943.293750286102
v -13343.521356582642 13369.685411453247 -13108.683228492737
v -12236.583530902863 14077.898561954498 -13275.389671325684
v -11069.42743062973 14739.634394645691 -13439.385294914246
v -9845.360219478607 15347.514152526855 -13596.602082252502
v -8568.622469902039 15894.041061401367 -13743.04711818695
v -7244.391739368439 16371.796131134033 -13874.81153011322
v -5878.712385892868 16773.49627017975 -13987.967669963837
v -4478.52686047554 17092.047929763794 -14078.443944454193
v -3051.6593903303146 17320.446968078613 -14141.744077205658
v -1606.8175435066223 17451.778650283813 -14172.78528213501
v -153.65949366241693 17479.1818857193 -14165.652394294739
v 1298.3713299036026 17426.17964744568 -14145.61003446579
v 2744.2963421344757 17319.81933116913 -14141.078889369965
v 4180.072546005249 17158.35750102997 -14149.969518184662
v 5601.285696029663 16939.81647491455 -14169.90727186203
v 7003.120332956314 16662.188172340393 -14198.326170444489
v 8380.347490310669 16323.5342502594 -14232.48142004013
v 9727.37342119217 15922.26505279541 -14269.630908966064
v 11038.268208503723 15457.223653793335 -14307.024478912354
v 12306.862771511078 14927.898645401001 -14342.041611671448
v 13526.85660123825 14334.434866905212 -14372.176229953766
v 14691.82401895523 13677.778244018555 -14395.068883895874
v 15795.392990112305 12959.653437137604 -14408.516585826874
v 16831.27462863922 12182.576358318329 -14410.424530506134
v 17793.332934379578 11349.854171276093 -14398.791790008545
v 18675.68850517273 10465.556681156158 -14371.694326400757
v 19472.764134407043 9534.535109996796 -14327.289462089539
v 20179.393887519836 8562.427461147308 -14263.867735862732
v 20790.975093841553 7555.619180202484 -14179.932475090027
v 21303.656101226807 6521.214991807938 -14074.377715587616
v 21714.475750923157 5466.966927051544 -13946.612477302551
v 22021.60120010376 4401.109367609024 -13796.78875207901
v 22224.521040916443 3332.1066945791245 -13626.008033752441
v 22324.209809303284 2268.381267786026 -13436.528742313385
v 22323.235273361206 1217.8179994225502 -13231.906592845917
v 23431.55801296234 187.3961789533496 -12012.385725975037
v 23184.367418289185 -864.8673444986343 -11745.167970657349
v 22802.04713344574 -1868.9307197928429 -11418.190598487854
v 22309.282422065735 -2814.6276623010635 -11059.117019176483
v 21727.97977924347 -3698.5766887664795 -10691.4684176445
v 21076.1958360672 -4522.484242916107 -10333.934426307678
v 20367.579460144043 -5291.247367858887 -10000.008344650269
v 19611.529111862183 -6011.230051517487 -9698.310792446136
v 18813.684582710266 -6688.8101398944855 -9433.125257492065
v 17976.865768432617 -7329.471856355667 -9205.41912317276
v 17101.909518241882 -7937.232255935669 -9013.67336511612
v 16188.69960308075 -8514.682352542877 -8855.042159557343
v 15236.919522285461 -9063.250422477722 -8726.261258125305
v 14246.57016992569 -9583.692848682404 -8624.350726604462
v 13218.262195587158 -10076.632797718048 -8547.163009643555
v 12153.258919715881 -10542.987585067749 -8493.622541427612
v 11053.3207654953 -10984.220802783966 -8463.748097419739
v 9920.458495616913 -11402.393281459808 -8458.490073680878
v 8756.664991378784 -11799.95745420456 -8479.42739725113
v 7563.667595386505 -12179.373800754547 -8528.34016084671
v 6342.7868485450745 -12542.632520198822 -8606.813549995422
v 5094.924420118332 -12890.671491622925 -8715.783655643463
v 3820.655196905136 -13222.839832305908 -8855.141401290894
v 2520.495057106018 -13536.431193351746 -9023.40441942215
v 1195.2316761016846 -13826.424479484558 -9217.505156993866
v -153.66072300821543 -14085.38818359375 -9432.66212940216
v -1523.4288945794106 -14300.497770309448 -9659.447371959686
v -2908.5932672023773 -14449.847638607025 -9879.988431930542
v -4300.241768360138 -14512.900114059448 -10077.040493488312
v -5686.658620834351 -14473.13278913498 -10235.837996006012
v -7054.216414690018 -14319.35727596283 -10344.923436641693
v -8388.451337814331 -14046.461284160614 -10396.650731563568
v -9675.255417823792 -13655.679523944855 -10387.569665908813
v -10902.027189731598 -13154.456913471222 -10318.679809570312
v -12058.688700199127 -12555.566132068634 -10195.252597332
v -13138.511180877686 -11875.977516174316 -10026.589035987854
v -14138.610363006592 -11135.230958461761 -9825.408160686493
v -15059.972405433655 -10353.584289550781 -9606.966376304626
v -15907.207131385803 -9550.17775297165 -9388.057887554169
v -16687.740683555603 -8741.25748872757 -9185.755848884583
v -17410.765886306763 -7938.825488090515 -9016.19553565979
v -18085.976243019104 -7149.772793054581 -8893.401324748993
v -18722.169399261475 -6375.579535961151 -8828.197717666626
v -19325.979351997375 -5612.681061029434 -8827.430605888367
v -19900.7785320282 -4853.39418053627 -8893.398642539978
v -20445.95181941986 -4087.2953832149506 -9023.670852184296
v -20956.54785633087 -3302.8922975063324 -9211.165308952332
v -21423.404216766357 -2489.4630163908005 -9444.611370563507
v -21833.71067047119 -1638.7120261788368 -9709.212183952332
v -22172.023057937622 -746.2577149271965 -9987.707734107971
v -22421.5829372406 187.39750608801842 -10261.540710926056
v -22562.187910079956 1156.119927763939 -10507.308840751648
v -22583.656311035156 2148.8461643457413 -10713.904201984406
v -22486.99128627777 3154.0971994400024 -10883.737206459045
v -22276.230454444885 4161.745011806488 -11022.083759307861
v -21957.516074180603 5163.716822862625 -11136.118769645691
v -21538.125872612 6154.291480779648 -11233.998835086823
v -21025.51281452179 7129.961550235748 -11323.917210102081
v -20426.546931266785 8088.928163051605 -11413.2821559906
v -19746.9699382782 9030.419290065765 -11508.100926876068
v -18991.10734462738 9953.895807266235 -11612.52737045288
v -18161.906003952026 10858.250856399536 -11728.67238521576
v -17261.120080947876 11741.273403167725 -11856.638789176941
v -16289.786696434021 12599.271833896637 -11994.794011116028
v -15248.701572418213 13426.998853683472 -12140.130400657654
v -14138.932228088379 14217.844605445862 -12288.76680135727
v -12962.185442447662 14964.214861392975 -12436.403632164001
v -11721.193492412567 15657.931566238403 -12578.724324703217
v -10419.76422071457 16290.736198425293 -12711.67516708374
v -9062.85971403122 16854.658126831055 -12831.64769411087
v -7656.501531600952 17342.21577644348 -12935.435771942139
v -6207.625865936279 17746.535539627075 -13020.137250423431
v -4724.00575876236 18061.2713098526 -13082.92955160141
v -3214.182034134865 18280.479311943054 -13120.804131031036
v -1687.396578490734 18398.385643959045 -13130.209743976593
v -153.65947969257832 18409.228920936584 -13106.801211833954
v 1377.3173466324806 18335.707783699036 -13071.782290935516
v 2900.213599205017 18205.15215396881 -13050.166368484497
v 4410.925358533859 18018.041253089905 -13041.986525058746
v 5905.273854732513 17774.17302131653 -13046.685755252838
v 7378.8633942604065 17472.71418571472 -13063.098192214966
v 8826.980888843536 17112.388014793396 -13089.550137519836
v 10244.524776935577 16691.67459011078 -13123.943209648132
v 11625.948250293732 16208.991408348083 -13163.794577121735
v 12965.275347232819 15662.963390350342 -13206.374645233154
v 14256.150126457214 15052.592754364014 -13248.742818832397
v 15491.7973279953 14377.45749950409 -13287.803828716278
v 16665.20118713379 13637.874126434326 -13320.373892784119
v 17769.121527671814 12835.027277469635 -13343.19680929184
v 18796.24307155609 11971.1172580719 -13353.016376495361
v 19739.309549331665 11049.430668354034 -13346.620202064514
v 20591.26853942871 10074.466466903687 -13320.94520330429
v 21345.49856185913 9051.986038684845 -13273.201882839203
v 21996.08087539673 7989.000678062439 -13201.036155223846
v 22538.103461265564 6893.713474273682 -13102.789521217346
v 22967.934608459473 5775.36553144455 -12977.679669857025
v 23283.550143241882 4643.942713737488 -12826.074063777924
v 23484.796285629272 3509.7536444664 -12649.686634540558
v 23573.55773448944 2382.9560726881027 -12451.77447795868
v 23553.8113117218 1272.8622928261757 -12237.178087234497
v 24508.922696113586 187.3961789533496 -10938.853025436401
v 24223.015308380127 -906.9574624300003 -10662.490725517273
v 23792.388439178467 -1945.3366845846176 -10327.079594135284
v 23248.003721237183 -2917.4653440713882 -9963.507950305939
v 22616.686820983887 -3821.520656347275 -9597.612619400024
v 21919.652223587036 -4661.712795495987 -9249.218702316284
v 21172.158122062683 -5445.791780948639 -8932.11543560028
v 20383.622646331787 -6182.654500007629 -8654.218018054962
v 19558.594822883606 -6880.53622841835 -8418.484032154083
v 18698.008060455322 -7545.8139181137085 -8224.011361598969
v 17800.56059360504 -8182.510435581207 -8067.305088043213
v 16864.047646522522 -8792.430460453033 -7943.5595870018005
v 15886.432528495789 -9375.724196434021 -7847.78505563736
v 14866.545796394348 -9931.72287940979 -7775.702476501465
v 13804.389238357544 -10459.742546081543 -7724.286317825317
v 12701.117098331451 -10959.742963314056 -7692.04169511795
v 11558.775007724762 -11432.729959487915 -7678.983807563782
v 10379.87619638443 -11880.806386470795 -7686.3813400268555
v 9166.968762874603 -12306.887805461884 -7716.340720653534
v 7922.270894050598 -12714.206278324127 -7771.310806274414
v 6647.426784038544 -13105.600476264954 -7853.555381298065
v 5343.4619307518005 -13482.767343521118 -7964.62744474411
v 4010.8779072761536 -13845.454752445221 -8104.868531227112
v 2649.993449449539 -14190.88751077652 -8273.058235645294
v 1261.3634392619133 -14513.261318206787 -8466.064631938934
v -153.66076491773129 -14803.609549999237 -8678.70032787323
v -1592.392958700657 -15051.645040512085 -8905.077874660492
v -3049.676790833473 -15235.310196876526 -9129.782617092133
v -4516.20876789093 -15328.313112258911 -9333.403408527374
v -5979.079306125641 -15309.391021728516 -9499.381184577942
v -7422.85743355751 -15163.7202501297 -9614.6821975708
v -8830.951452255249 -14884.004294872284 -9670.497179031372
v -10187.040567398071 -14470.697343349457 -9662.505090236664
v -11476.504504680634 -13931.858539581299 -9591.172635555267
v -12687.736451625824 -13282.29010105133 -9461.70687675476
v -13813.188672065735 -12542.091608047485 -9283.778965473175
v -14850.01266002655 -11734.668910503387 -9070.867002010345
v -15800.153017044067 -10884.478390216827 -8839.353024959564
v -16670.032739639282 -10014.66304063797 -8607.383072376251
v -17469.592094421387 -9144.874513149261 -8393.53859424591
v -18210.947513580322 -8289.484083652496 -8215.417563915253
v -18906.744718551636 -7456.435561180115 -8088.264763355255
v -19568.44210624695 -6646.913141012192 -8023.827373981476
v -20204.628109931946 -5855.736136436462 -8029.363453388214
v -20819.63002681732 -5072.571337223053 -8107.0393323898315
v -21412.532329559326 -4283.67555141449 -8253.631889820099
v -21976.783275604248 -3474.080041050911 -8460.653722286224
v -22500.223517417908 -2629.934996366501 -8714.735805988312
v -22965.973019599915 -1740.7304048538208 -8998.529613018036
v -23353.57904434204 -801.1919260025024 -9291.695952415466
v -23640.870451927185 187.3975759372115 -9572.371244430542
v -23805.76729774475 1216.6288867592812 -9818.445146083832
v -23839.579224586487 2273.181527853012 -10022.251009941101
v -23743.51680278778 3343.5413986444473 -10186.24484539032
v -23522.497415542603 4415.840059518814 -10315.985083580017
v -23184.056282043457 5480.7619750499725 -10419.186651706696
v -22737.07151412964 6531.895101070404 -10504.615902900696
v -22190.63401222229 7565.592527389526 -10581.142902374268
v -21553.024649620056 8580.323159694672 -10656.768679618835
v -20831.011533737183 9575.761556625366 -10737.874209880829
v -20029.47449684143 10551.77092552185 -10828.733146190643
v -19151.46768093109 11507.340967655182 -10931.249856948853
v -18198.503851890564 12439.935207366943 -11045.067608356476
v -17171.205282211304 13345.026075839996 -11167.872548103333
v -16069.952845573425 14216.126203536987 -11295.922994613647
v -14895.572662353516 15045.120120048523 -11424.640417098999
v -13649.834990501404 15822.855234146118 -11549.212038516998
v -12335.880696773529 16539.820432662964 -11665.09062051773
v -10958.26506614685 17186.856865882874 -11768.367290496826
v -9522.941708564758 17755.646109580994 -11855.939626693726
v -8037.077486515045 18239.05885219574 -11925.531327724457
v -6508.747637271881 18631.210327148438 -11975.510716438293
v -4946.741759777069 18927.37627029419 -12004.682421684265
v -3360.365107655525 19123.61204624176 -12011.857330799103
v -1759.3073844909668 19216.44687652588 -11995.543241500854
v -153.6594657227397 19202.427864074707 -11953.517496585846
v 1446.9096064567566 19101.122617721558 -11901.507675647736
v 3036.646619439125 18938.024640083313 -11859.623193740845
v 4611.386954784393 18717.328906059265 -11830.660700798035
v 6167.390942573547 18441.824913024902 -11816.385984420776
v 7701.047658920288 18112.821578979492 -11817.509829998016
v 9208.617210388184 17730.324268341064 -11833.780109882355
v 10685.985088348389 17293.19393634796 -11864.01218175888
v 12128.475308418274 16799.4225025177 -11906.18097782135
v 13530.695736408234 16246.461868286133 -11957.507729530334
v 14886.500537395477 15631.547570228577 -12014.548480510712
v 16188.87484073639 14952.160120010376 -12073.32730293274
v 17430.07779121399 14206.33614063263 -12129.441797733307
v 18601.686358451843 13393.06354522705 -12178.195416927338
v 19694.78130340576 12512.633800506592 -12214.733362197876
v 20700.209140777588 11566.902101039886 -12234.233915805817
v 21608.86824131012 10559.575259685516 -12232.099771499634
v 22412.095069885254 9496.352076530457 -12204.20926809311
v 23102.129101753235 8384.921550750732 -12147.173881530762
v 23672.600984573364 7234.8640859127045 -12058.676183223724
v 24119.011759757996 6057.382375001907 -11937.768459320068
v 24439.170956611633 4864.789098501205 -11785.147190093994
v 24633.566737174988 3669.8325723409653 -11603.400707244873
v 24705.514311790466 2484.9193543195724 -11397.112011909485
v 24661.084413528442 1321.1200386285782 -11172.795295715332
v 25454.941391944885 187.3961789533496 -9814.552366733551
v 25125.83076953888 -941.3450583815575 -9532.535970211029
v 24643.163681030273 -2005.549594759941 -9193.500280380249
v 24045.100808143616 -2995.1561987400055 -8831.000626087189
v 23363.9395236969 -3910.428285598755 -8472.627997398376
v 22624.49026107788 -4758.775234222412 -8139.165043830872
v 21843.488216400146 -5551.388114690781 -7844.316065311432
v 21030.081510543823 -6300.178617238998 -7595.1531529426575
v 20187.138319015503 -7015.441954135895 -7393.126040697098
v 19313.10474872589 -7704.4665813446045 -7235.476523637772
v 18403.889536857605 -8371.033072471619 -7116.725295782089
v 17454.662919044495 -9015.785157680511 -7030.166834592819
v 16461.278200149536 -9637.15374469757 -6969.213634729385
v 15421.12112045288 -10232.570171356201 -6928.351521492004
v 14333.476424217224 -10799.646377563477 -6903.782039880753
v 13199.412524700165 -11337.104737758636 -6893.656700849533
v 12021.338939666748 -11845.280528068542 -6897.988021373749
v 10802.399218082428 -12326.234579086304 -6918.341517448425
v 9545.837044715881 -12783.32233428955 -6957.279145717621
v 8254.47142124176 -13220.498263835907 -7017.771899700165
v 6930.385082960129 -13641.49421453476 -7102.640122175217
v 5574.797093868256 -14048.660695552826 -7213.861495256424
v 4188.2215440273285 -14442.113041877747 -7352.121323347092
v 2770.850881934166 -14818.820357322693 -7516.326606273651
v 1323.1047615408897 -15172.029733657837 -7703.255116939545
v -153.66080682724714 -15490.960478782654 -7907.339036464691
v -1656.7440703511238 -15769.675970077515 -8126.76876783371
v -3181.530386209488 -15987.592935562134 -8349.496722221375
v -4718.534499406815 -16112.058162689209 -8554.472923278809
v -6253.764778375626 -16116.480231285095 -8723.743557929993
v -7770.029604434967 -15981.942415237427 -8843.083083629608
v -9248.532056808472 -15698.357820510864 -8902.573585510254
v -10670.62497138977 -15265.034437179565 -8897.064328193665
v -12019.48195695877 -14690.292477607727 -8826.302289962769
v -13281.772434711456 -13990.79293012619 -8695.149421691895
v -14448.93479347229 -13189.719021320343 -8513.207137584686
v -15518.004298210144 -12314.44001197815 -8294.185996055603
v -16491.867899894714 -11393.95147562027 -8055.116236209869
v -17378.826141357422 -10455.786287784576 -7814.984321594238
v -18191.510438919067 -9523.404836654663 -7593.388259410858
v -18945.220112800598 -8613.91693353653 -7408.970296382904
v -19655.951857566833 -7736.67186498642 -7277.988642454147
v -20338.186025619507 -6892.713010311127 -7212.951332330704
v -21002.846360206604 -6075.276732444763 -7221.582680940628
v -21655.4993391037 -5271.231830120087 -7306.085228919983
v -22295.14181613922 -4463.253021240234 -7462.806701660156
v -22913.573384284973 -3632.5085163116455 -7682.27219581604
v -23495.49651145935 -2761.6314589977264 -7949.599027633667
v -24019.42491531372 -1837.5203758478165 -8245.334029197693
v -24459.308981895447 -853.8170903921127 -8546.67842388153
v -24786.765575408936 187.39765975624323 -8828.965723514557
v -24978.142976760864 1275.2439826726913 -9071.912169456482
v -25026.875138282776 2394.1263556480408 -9271.295964717865
v -24934.038519859314 3528.4461826086044 -9429.228007793427
v -24705.2139043808 4664.472341537476 -9551.1594414711
v -24349.164962768555 5791.467726230621 -9644.875824451447
v -23876.425623893738 6902.208030223846 -9719.459116458893
v -23297.81413078308 7992.828190326691 -9784.17992591858
v -22623.165249824524 9062.044322490692 -9847.432672977448
v -21860.37003993988 10109.98785495758 -9915.850460529327
v -21014.907360076904 11136.888563632965 -9993.714094161987
v -20089.913606643677 12141.768336296082 -10082.69190788269
v -19086.57968044281 13121.569454669952 -10181.920230388641
v -18005.01823425293 14070.671796798706 -10288.42806816101
v -16845.12734413147 14980.988502502441 -10397.743284702301
v -15607.489943504333 15842.51582622528 -10504.636466503143
v -14294.02470588684 16644.258499145508 -10603.849589824677
v -12908.445596694946 17375.142574310303 -10690.675377845764
v -11456.298530101776 18025.059700012207 -10761.431157588959
v -9944.829940795898 18585.54482460022 -10813.639461994171
v -8382.640779018402 19050.20534992218 -10846.045911312103
v -6779.207289218903 19414.785504341125 -10858.432352542877
v -5144.505947828293 19676.960706710815 -10851.32896900177
v -3488.6793047189713 19835.872650146484 -10825.61194896698
v -1821.7678740620613 19891.539216041565 -10782.090425491333
v -153.6594657227397 19844.16425228119 -10721.029937267303
v 1506.345458328724 19707.54325389862 -10651.701986789703
v 3151.9239395856857 19502.85494327545 -10588.218569755554
v 4778.814017772675 19239.71951007843 -10536.519885063171
v 6383.918523788452 18925.330638885498 -10501.041412353516
v 7964.805364608765 18564.298152923584 -10484.705865383148
v 9519.218802452087 18158.685564994812 -10488.947331905365
v 11044.594645500183 17708.120942115784 -10513.705015182495
v 12537.684738636017 17210.256457328796 -10557.60383605957
v 13994.156420230865 16661.02945804596 -10617.895424365997
v 15408.405661582947 16055.331230163574 -10690.678060054779
v 16773.34427833557 15387.699007987976 -10771.061182022095
v 18080.427646636963 14652.882814407349 -10853.291451931
v 19319.78702545166 13846.67158126831 -10931.068360805511
v 20480.452179908752 12966.508269309998 -10997.765064239502
v 21550.80020427704 12012.06386089325 -11046.754717826843
v 22519.0007686615 10985.704064369202 -11071.719825267792
v 23373.661637306213 9892.802238464355 -11067.04205274582
v 24104.577898979187 8741.753697395325 -11028.181314468384
v 24703.457951545715 7543.811202049255 -10952.106714248657
v 25164.64054584503 6312.629878520966 -10837.661325931549
v 25485.793948173523 5063.504129648209 -10685.965418815613
v 25668.291449546814 3812.28044629097 -10500.549674034119
v 25717.443823814392 2574.215680360794 -10287.518799304962
v 25642.257928848267 1362.5501096248627 -10055.336952209473
v 26270.118355751038 187.3961789533496 -8657.737970352173
v 25893.65065097809 -968.2975709438324 -8375.179767608643
v 25355.42070865631 -2050.141766667366 -8038.696646690369
v 24701.682329177856 -3048.5744029283524 -7683.690190315247
v 23970.907330513 -3966.485559940338 -7338.961064815521
v 23191.71130657196 -4815.080165863037 -7025.685757398605
v 22382.3082447052 -5609.575510025024 -6757.247596979141
v 21551.227569580078 -6365.320086479187 -6539.730280637741
v 20699.21314716339 -7094.9238538742065 -6373.165100812912
v 19821.63369655609 -7806.595265865326 -6253.08483839035
v 18911.0004901886 -8503.6700963974 -6172.2224950790405
v 17959.388494491577 -9185.324013233185 -6122.27126955986
v 16960.142254829407 -9847.873449325562 -6095.286011695862
v 15908.991694450378 -10486.486852169037 -6084.771305322647
v 14804.398119449615 -11096.759140491486 -6086.317598819733
v 13647.320866584778 -11675.920486450195 -6097.807735204697
v 12440.589666366577 -12223.503291606903 -6119.281947612762
v 11188.037395477295 -12741.380631923676 -6152.493506669998
v 9893.686473369598 -13233.288824558258 -6200.338304042816
v 8561.034500598907 -13703.856468200684 -6266.133338212967
v 7192.625552415848 -14157.458245754242 -6352.957785129547
v 5789.956748485565 -14597.024917602539 -6463.059335947037
v 4353.606551885605 -15022.709369659424 -6597.2113609313965
v 2883.74662399292 -15430.954098701477 -6754.309237003326
v 1380.80433011055 -15813.698172569275 -6930.966675281525
v -153.660848736763 -16157.96148777008 -7121.247947216034
v -1716.77615493536 -16464.30194377899 -7327.74093747139
v -3304.6728372573853 -16715.59453010559 -7542.417347431183
v -4907.922148704529 -16872.405409812927 -7743.32731962204
v -6511.610001325607 -16902.3460149765 -7911.703884601593
v -8096.863031387329 -16781.898736953735 -8032.528460025787
v -9642.699658870697 -16497.811675071716 -8095.109760761261
v -11128.0158162117 -16047.551035881042 -8093.407452106476
v -12533.648908138275 -15439.43166732788 -8026.458621025085
v -13844.312131404877 -14691.572785377502 -7898.434102535248
v -15050.164461135864 -13830.004334449768 -7718.395292758942
v -16147.956848144531 -12886.175215244293 -7499.826103448868
v -17141.30401611328 -11893.655955791473 -7259.680777788162
v -18040.35723209381 -10884.72694158554 -7017.180919647217
v -18860.464096069336 -9887.03191280365 -6792.3058569431305
v -19620.301723480225 -8920.890390872955 -6604.253500699997
v -20339.462757110596 -7997.441589832306 -6469.869911670685
v -21035.837531089783 -7117.938995361328 -6402.242034673691
v -21723.07848930359 -6274.2505967617035 -6409.550160169601
v -22408.406138420105 -5450.511574745178 -6494.258344173431
v -23091.02475643158 -4625.696539878845 -6652.670055627823
v -23761.321306228638 -3776.882439851761 -6874.931752681732
v -24400.84397792816 -2882.842719554901 -7145.364135503769
v -24983.38222503662 -1927.5368750095367 -7443.300783634186
v -25476.81748867035 -903.2109752297401 -7744.283974170685
v -25845.921635627747 187.39774357527494 -8021.685183048248
v -26065.63925743103 1330.9287652373314 -8257.277011871338
v -26131.821870803833 2509.5876306295395 -8449.804186820984
v -26044.930815696716 3705.671578645706 -8600.671291351318
v -25810.845494270325 4903.437942266464 -8714.796602725983
v -25439.454317092896 6090.565770864487 -8799.710869789124
v -24942.936301231384 7258.8662803173065 -8864.47548866272
v -24333.97114276886 8404.178023338318 -8918.505012989044
v -23624.083399772644 9525.445103645325 -8970.379829406738
v -22822.42476940155 10623.282194137573 -9026.853740215302
v -21935.155391693115 11698.324978351593 -9092.170894145966
v -20965.47245979309 12749.564945697784 -9167.739450931549
v -19914.182424545288 13773.296177387238 -9252.244234085083
v -18780.78818321228 14762.561023235321 -9342.126846313477
v -17564.629912376404 15707.364678382874 -9432.299137115479
v -16266.031265258789 16595.492362976074 -9516.992568969727
v -14887.101352214813 17413.777112960815 -9590.60937166214
v -13432.289063930511 18149.42479133606 -9648.396670818329
v -11908.333897590637 18791.322112083435 -9686.941802501678
v -10324.03439283371 19331.005811691284 -9704.424440860748
v -8689.690232276917 19763.179421424866 -9700.605869293213
v -7016.401290893555 20085.74366569519 -9676.608145236969
v -5315.501689910889 20299.580097198486 -9634.657502174377
v -3598.0211198329926 20407.819747924805 -9577.618539333344
v -1874.2664158344269 20415.111780166626 -9508.583843708038
v -153.65945175290108 20326.65252685547 -9430.401027202606
v 1555.166356265545 20147.602558135986 -9345.443844795227
v 3245.1365143060684 19892.40288734436 -9261.418282985687
v 4911.8126928806305 19577.776193618774 -9187.412559986115
v 6552.9124438762665 19216.833114624023 -9130.591750144958
v 8167.558014392853 18818.70925426483 -9096.172749996185
v 9755.47581911087 18388.364911079407 -9087.357223033905
v 11316.277384757996 17926.856875419617 -9105.445146560669
v 12848.701179027557 17431.493997573853 -9149.750769138336
v 14350.004196166992 16896.52919769287 -9217.740297317505
v 15815.531015396118 16313.960552215576 -9305.187463760376
v 17238.287329673767 15674.48616027832 -9406.331777572632
v 18608.94799232483 14968.637824058533 -9514.194130897522
v 19915.941953659058 14187.908470630646 -9620.894193649292
v 21145.834922790527 13325.916230678558 -9718.074202537537
v 22283.931970596313 12379.290461540222 -9797.313809394836
v 23315.008878707886 11348.464787006378 -9850.598573684692
v 24224.25627708435 10238.143801689148 -9870.817959308624
v 24998.356103897095 9057.392477989197 -9852.270483970642
v 25626.57058238983 7819.361686706543 -9791.184961795807
v 26101.770401000977 6540.636420249939 -9686.194360256195
v 26421.337723731995 5240.081548690796 -9538.716673851013
v 26587.77415752411 3937.3424649238586 -9353.21420431137
v 26608.90817642212 2651.149034500122 -9137.265086174011
v 26497.426629066467 1397.3533362150192 -8901.199400424957
v 26958.307027816772 187.3961789533496 -7485.530376434326
v 26531.243920326233 -988.4167090058327 -7209.377735853195
v 25934.731364250183 -2080.463245511055 -6883.3306431770325
v 25223.845839500427 -3079.8985809087753 -6543.492525815964
v 24443.80760192871 -3992.661237716675 -6219.007819890976
v 23627.302050590515 -4834.258407354355 -5930.884480476379
v 22794.01659965515 -5624.428689479828 -5691.893845796585
v 21951.624155044556 -6382.320374250412 -5507.111102342606
v 21098.341941833496 -7123.074531555176 -5375.335514545441
v 20225.93915462494 -7855.804860591888 -5290.697067975998
v 19323.13621044159 -8583.32633972168 -5244.642198085785
v 18378.483653068542 -9303.114116191864 -5227.704495191574
v 17382.55262374878 -10009.13143157959 -5231.0313284397125
v 16329.215168952942 -10694.04423236847 -5247.496962547302
v 15216.010808944702 -11351.22835636139 -5272.323936223984
v 14043.75046491623 -11976.27604007721 -5303.248465061188
v 12815.65546989441 -12567.765712738037 -5340.308099985123
v 11536.282002925873 -13127.336204051971 -5385.375916957855
v 10210.39366722107 -13658.89996290207 -5441.437214612961
v 8842.174708843231 -14167.606830596924 -5511.932373046875
v 7434.641271829605 -14658.281207084656 -5599.97096657753
v 5989.560931921005 -15133.97991657257 -5707.73720741272
v 4507.649391889572 -15594.567060470581 -5835.924446582794
v 2989.164814352989 -16035.495400428772 -5983.259528875351
v 1434.7213134169579 -16446.897983551025 -6146.1241543293
v -153.66089064627886 -16813.173294067383 -6318.3000683784485
v -1772.7206647396088 -17143.542766571045 -6506.616622209549
v -3419.5080399513245 -17426.62489414215 -6707.4161767959595
v -5084.89117026329 -17615.9530878067 -6898.692101240158
v -6753.232777118683 -17673.0877161026 -7061.591148376465
v -8404.117226600647 -17569.559812545776 -7180.87300658226
v -10014.415383338928 -17288.376688957214 -7245.377898216248
v -11560.562252998352 -16824.840903282166 -7248.4637796878815
v -13020.921349525452 -16186.662912368774 -7188.3805096149445
v -14377.998411655426 -15392.897129058838 -7068.352103233337
v -15620.46468257904 -14472.236931324005 -6896.584331989288
v -16744.43542957306 -13459.879159927368 -6685.682237148285
v -17754.029631614685 -12394.059598445892 -6451.897770166397
v -18661.006093025208 -11311.925947666168 -6213.908940553665
v -19483.340978622437 -10245.65577507019 -5991.3647174835205
v -20243.108868598938 -9219.208359718323 -5803.350359201431
v -20963.64676952362 -8245.99027633667 -5666.7740643024445
v -21666.537523269653 -7327.95774936676 -5594.972670078278
v -22368.557453155518 -6456.005126237869 -5596.489906311035
v -23079.06210422516 -5611.828118562698 -5674.21942949295
v -23797.93882369995 -4770.816117525101 -5824.854075908661
v -24514.580368995667 -3905.8917760849 -6038.825064897537
v -25207.679271697998 -2991.7433112859726 -6300.525069236755
v -25846.388339996338 -2009.0574771165848 -6589.097678661346
v -26392.396688461304 -948.3150020241737 -6879.551410675049
v -26803.316473960876 187.39779945462942 -7144.445478916168
v -27052.574157714844 1382.446065545082 -7367.583364248276
v -27138.211727142334 2616.9846206903458 -7549.760341644287
v -27059.571146965027 3871.2023198604584 -7691.4578676223755
v -26822.47281074524 5127.216428518295 -7796.782851219177
v -26437.772512435913 6370.94646692276 -7872.710824012756
v -25919.317603111267 7593.1039452552795 -7927.982211112976
v -25281.779766082764 8789.16710615158 -7971.890866756439
v -24538.557529449463 9958.330392837524 -8012.99661397934
v -23700.25098323822 11101.784706115723 -8058.0514669418335
v -22773.762345314026 12220.627069473267 -8111.191391944885
v -21762.37642765045 13313.857913017273 -8173.595666885376
v -20666.449069976807 14377.065002918243 -8243.608474731445
v -19484.771490097046 15401.789546012878 -8317.241370677948
v -18216.024041175842 16375.898122787476 -8388.976156711578
v -16860.221028327942 17284.698486328125 -8452.711701393127
v -15419.687032699585 18112.624883651733 -8502.673208713531
v -13899.669349193573 18844.966292381287 -8534.159660339355
v -12308.270037174225 19469.608068466187 -8544.097244739532
v -10656.000673770905 19978.151321411133 -8531.244993209839
v -8955.051898956299 20366.64605140686 -8496.24127149582
v -7218.325585126877 20635.610818862915 -8441.37042760849
v -5458.620339632034 20789.628624916077 -8370.234668254852
v -3687.8934502601624 20836.570858955383 -8287.37497329712
v -1916.6582822799683 20786.622762680054 -8197.855353355408
v -153.65945175290108 20651.058554649353 -8106.809556484222
v 1593.3602303266525 20423.78604412079 -8010.099828243256
v 3316.3563162088394 20110.217928886414 -7909.271121025085
v 5010.594427585602 19735.794067382812 -7816.170752048492
v 6674.721390008926 19320.942163467407 -7740.3876185417175
v 8309.710621833801 18880.46443462372 -7689.205706119537
v 9917.749464511871 18423.237204551697 -7667.561173439026
v 11501.13433599472 17952.19123363495 -7678.001224994659
v 13061.174154281616 17464.640736579895 -7720.668911933899
v 14597.257375717163 16953.07731628418 -7793.4131026268005
v 16106.057167053223 16406.08012676239 -7891.8322920799255
v 17580.95383644104 15809.8965883255 -8009.60898399353
v 19011.881947517395 15149.88899230957 -8138.784170150757
v 20385.43403148651 14412.331581115723 -8270.220458507538
v 21685.3666305542 13586.040437221527 -8394.121527671814
v 22893.437147140503 12663.803100585938 -8500.58376789093
v 23990.43381214142 11643.469333648682 -8580.151498317719
v 24957.497119903564 10528.693199157715 -8624.445497989655
v 25777.596831321716 9329.06448841095 -8626.757562160492
v 26437.007188796997 8059.738576412201 -8582.631647586823
v 26926.74458026886 6740.555316209793 -8490.433394908905
v 27243.733406066895 5394.448488950729 -8351.750671863556
v 27391.671538352966 4045.4421937465668 -8171.716332435608
v 27381.17516040802 2716.2938565015793 -7958.97513628006
v 27229.31921482086 1425.9480312466621 -7725.425362586975
v 27526.482939720154 187.3961789533496 -6312.659829854965
v 27047.12927341461 -1002.6207938790321 -6051.6357421875
v 26391.0573720932 -2098.618671298027 -5745.649337768555
v 25622.758269309998 -3092.6265567541122 -5430.1004111766815
v 24794.3776845932 -3993.8628673553467 -5133.254528045654
v 23942.95334815979 -4822.489321231842 -4875.298887491226
v 23089.56742286682 -5603.03270816803 -4668.015092611313
v 22240.96655845642 -6358.732581138611 -4515.566825866699
v 21392.512321472168 -7107.339799404144 -4415.778815746307
v 20532.161593437195 -7858.960926532745 -4361.967444419861
v 19644.54174041748 -8615.842759609222 -4344.901889562607
v 18714.483976364136 -9373.705387115479 -4354.6172976493835
v 17729.62510585785 -10124.098062515259 -4381.941854953766
v 16681.8505525589 -10857.102870941162 -4419.5616245269775
v 15567.685961723328 -11563.840806484222 -4462.635219097137
v 14387.701749801636 -12238.178551197052 -4508.863985538483
v 13145.478665828705 -12877.732515335083 -4558.300673961639
v 11846.170127391815 -13483.735620975494 -4612.765163183212
v 10495.223701000214 -14060.134291648865 -4675.140827894211
v 9097.410142421722 -14612.288475036621 -4748.699963092804
v 7656.17161989212 -15145.128965377808 -4836.331754922867
v 6173.534989356995 -15661.466717720032 -4939.958900213242
v 4650.379568338394 -16160.298585891724 -5059.981048107147
v 3087.170049548149 -16635.584235191345 -5194.8849856853485
v 1484.903208911419 -17075.141072273254 -5340.853929519653
v -153.66093255579472 -17460.27410030365 -5491.554290056229
v -1824.6205151081085 -17810.8012676239 -5657.329112291336
v -3526.064157485962 -18123.40557575226 -5838.750600814819
v -5249.3758499622345 -18344.603776931763 -6014.7106647491455
v -6978.409588336945 -18429.826498031616 -6167.090982198715
v -8691.383600234985 -18345.426321029663 -6281.0710072517395
v -10363.15530538559 -18070.430159568787 -6345.571875572205
v -11967.730522155762 -17597.474455833435 -6353.624314069748
v -13480.911254882812 -16933.107376098633 -6302.776783704758
v -14882.865250110626 -16096.903681755066 -6195.262223482132
v -16160.479187965393 -15119.646191596985 -6038.055270910263
v -17308.951020240784 -14040.032029151917 -5842.416286468506
v -18332.499861717224 -12900.676131248474 -5623.174756765366
v -19244.18270587921 -11743.626594543457 -5397.701561450958
v -20064.33606147766 -10605.78167438507 -5184.497684240341
v -20818.24779510498 -9515.076577663422 -5001.743137836456
v -21533.026099205017 -8487.72794008255 -4865.7819628715515
v -22234.078645706177 -7526.922225952148 -4789.713174104691
v -22941.652536392212 -6623.164415359497 -4782.213717699051
v -23667.672872543335 -5756.189972162247 -4846.645295619965
v -24413.344860076904 -4898.1839418411255 -4980.466514825821
v -25167.61064529419 -4018.03582906723 -5174.994617700577
v -25906.922221183777 -3086.3166600465775 -5415.642857551575
v -26596.165895462036 -2080.172225832939 -5682.4614107608795
v -27191.21754169464 -987.9486635327339 -5951.31978392601
v -27642.534971237183 187.39786930382252 -6195.345818996429
v -27921.52762413025 1428.3833652734756 -6400.140970945358
v -28027.634024620056 2713.300511240959 -6567.4276649951935
v -27958.602905273438 4020.2200412750244 -6696.728467941284
v -27719.988226890564 5329.034775495529 -6791.271418333054
v -27323.450446128845 6623.767465353012 -6857.232749462128
v -26784.557104110718 7893.930673599243 -6902.770847082138
v -26120.123863220215 9134.63830947876 -6936.783045530319
v -25345.646739006042 10345.424115657806 -6967.574805021286
v -24473.308324813843 11528.174579143524 -7001.703679561615
v -23510.876297950745 12684.613466262817 -7043.140679597855
v -22461.719512939453 13813.852071762085 -7092.881351709366
v -21325.69670677185 14910.81565618515 -7149.074077606201
v -20100.765824317932 15965.495109558105 -7207.531929016113
v -18784.859776496887 16963.51647377014 -7262.590527534485
v -17377.576231956482 17887.553572654724 -7308.079898357391
v -15881.39533996582 18719.478249549866 -7338.267266750336
v -14302.377104759216 19442.56067276001 -7348.6460745334625
v -12650.006711483002 20043.604373931885 -7336.47957444191
v -10936.591923236847 20514.31953907013 -7301.0194301605225
v -9176.287651062012 20852.200984954834 -7243.530750274658
v -7383.863925933838 21060.524582862854 -7167.067229747772
v -5573.64821434021 21147.905588150024 -7076.176553964615
v -3758.5419416427612 21127.299070358276 -6976.509243249893
v -1949.227899312973 21014.944911003113 -6874.496340751648
v -153.65943778306246 20828.86576652527 -6776.924282312393
v 1621.4216127991676 20549.747943878174 -6674.37270283699
v 3366.771787405014 20172.14834690094 -6563.1625056266785
v 5077.207535505295 19731.502532958984 -6457.086950540543
v 6752.335578203201 19256.651401519775 -6367.464065551758
v 8395.181894302368 18769.10448074341 -6303.13977599144
v 10010.702311992645 18282.371163368225 -6270.371675491333
v 11604.307293891907 17801.937460899353 -6272.802650928497
v 13180.354535579681 17325.468063354492 -6311.385333538055
v 14740.803837776184 16843.72365474701 -6384.437531232834
v 16284.070014953613 16341.701745986938 -6487.699449062347
v 17804.17799949646 15800.696611404419 -6614.650636911392
v 19290.493726730347 15200.339555740356 -6756.8787932395935
v 20727.74827480316 14520.91008424759 -6904.53439950943
v 22096.737027168274 13745.702505111694 -7046.979367733002
v 23375.356793403625 12862.91778087616 -7173.386961221695
v 24540.022015571594 11867.26301908493 -7273.4105587005615
v 25567.374229431152 10760.903656482697 -7337.863594293594
v 26436.190009117126 9553.700387477875 -7359.3538999557495
v 27129.313945770264 8262.752294540405 -7332.928776741028
v 27635.459303855896 6911.234557628632 -7256.643623113632
v 27950.84774494171 5526.430159807205 -7132.068425416946
v 28080.18922805786 4137.0923817157745 -6964.539885520935
v 28037.05394268036 2770.4626321792603 -6763.245016336441
v 27843.090891838074 1448.9497616887093 -6540.803164243698
v 27984.482645988464 187.3961789533496 -5150.394290685654
v 27453.460693359375 -1012.1343657374382 -4914.721101522446
v 26738.948822021484 -2107.495665550232 -4640.010595321655
v 25914.67559337616 -3091.583400964737 -4359.070658683777
v 25040.032267570496 -3977.0038425922394 -4098.123461008072
v 24156.235456466675 -4788.577705621719 -3875.5586743354797
v 23285.86220741272 -5555.726587772369 -3701.8896639347076
v 22434.563040733337 -6305.741965770721 -3580.3453624248505
v 21594.865322113037 -7059.0537786483765 -3508.2554072141647
v 20750.908255577087 -7826.815545558929 -3478.7895530462265
v 19883.240461349487 -8610.780537128448 -3482.818230986595
v 18972.979187965393 -9405.035376548767 -3510.6544196605682
v 18004.825115203857 -10198.851227760315 -3553.4846037626266
v 16968.650221824646 -10979.864001274109 -3604.324758052826
v 15859.896540641785 -11737.03908920288 -3658.5840582847595
v 14678.805470466614 -12462.598979473114 -3714.0852212905884
v 13429.13568019867 -13153.114914894104 -3770.8376348018646
v 12116.504609584808 -13809.311091899872 -3830.474317073822
v 10746.880173683167 -14434.956908226013 -3895.571529865265
v 9325.483739376068 -15035.306811332703 -3968.9961075782776
v 7856.0784459114075 -15614.994764328003 -4053.201377391815
v 6340.902596712112 -16176.086068153381 -4149.678647518158
v 4781.033992767334 -16716.259717941284 -4258.480221033096
v 3177.2390753030777 -17227.39577293396 -4377.850592136383
v 1531.0900658369064 -17694.620490074158 -4503.947496414185
v -153.66096049547195 -18095.678687095642 -4630.575925111771
v -1872.2257018089294 -18462.488651275635 -4770.355224609375
v -3623.773008584976 -18801.611065864563 -4927.271157503128
v -5400.376170873642 -19052.923321723938 -5082.165151834488
v -7185.57670712471 -19165.889024734497 -5218.508541584015
v -8956.448435783386 -19101.76992416382 -5322.665870189667
v -10686.01369857788 -18835.448026657104 -5384.216755628586
v -12345.976531505585 -18356.605768203735 -5396.313965320587
v -13909.61229801178 -17670.207023620605 -5356.054902076721
v -15354.672074317932 -16795.817613601685 -5264.71808552742
v -16666.046977043152 -15765.759944915771 -5127.84406542778
v -17837.70203590393 -14621.70124053955 -4954.922050237656
v -18873.603343963623 -13410.30478477478 -4758.784621953964
v -19787.66620159149 -12178.291976451874 -4554.733783006668
v -20602.165460586548 -10967.235267162323 -4359.271377325058
v -21345.296502113342 -9809.298813343048 -4188.8585686683655
v -22047.683000564575 -8723.849058151245 -4058.4696829319
v -22738.56282234192 -7715.916037559509 -3980.3744852542877
v -23441.812992095947 -6776.257753372192 -3962.98885345459
v -24172.34480381012 -5883.304327726364 -4010.014235973358
v -24933.207035064697 -5006.5778195858 -4119.832366704941
v -25713.724493980408 -4111.3825142383575 -4285.229444503784
v -26488.791704177856 -3164.2895936965942 -4493.423402309418
v -27219.940423965454 -2138.8379484415054 -4726.601243019104
v -27857.69820213318 -1020.8439454436302 -4962.756782770157
v -28346.10342979431 187.397925183177 -5177.255272865295
v -28653.60975265503 1467.1745896339417 -5357.239097356796
v -28779.70039844513 2795.119285583496 -5504.280477762222
v -28720.38781642914 4147.222191095352 -5617.204159498215
v -28480.653762817383 5501.078814268112 -5698.3087956905365
v -28073.009848594666 6838.78093957901 -5752.889961004257
v -27514.824271202087 8148.643970489502 -5788.27366232872
v -26825.201511383057 9425.483644008636 -5812.64466047287
v -26021.887063980103 10669.311583042145 -5833.746045827866
v -25118.79801750183 11882.911026477814 -5857.713371515274
v -24124.63903427124 13068.836331367493 -5888.238698244095
v -23042.88625717163 14226.52155160904 -5926.179438829422
v -21872.82085418701 15350.360870361328 -5969.662517309189
v -20611.50312423706 16428.93075942993 -6014.605164527893
v -19255.950450897217 17445.61493396759 -6055.528521537781
v -17805.229425430298 18380.464911460876 -6086.531728506088
v -16261.847019195557 19212.749004364014 -6102.202087640762
v -14632.558822631836 19923.652410507202 -6098.37681055069
v -12928.138375282288 20498.80027770996 -6072.664707899094
v -11162.6136302948 20929.938554763794 -6024.651378393173
v -9352.043867111206 21215.883493423462 -5955.917090177536
v -7513.031959533691 21362.605690956116 -5869.830697774887
v -5661.404728889465 21382.609605789185 -5771.271586418152
v -3811.0122084617615 21293.933987617493 -5666.314959526062
v -1972.7059453725815 21118.794679641724 -5561.914443969727
v -153.65943778306246 20882.205963134766 -5465.663820505142
v 1640.3573378920555 20550.454258918762 -5364.7322952747345
v 3398.701697587967 20106.49859905243 -5251.885950565338
v 5115.568935871124 19596.29237651825 -5141.588598489761
v 6791.4775013923645 19057.83176422119 -5045.894086360931
v 8431.53029680252 18519.853949546814 -4974.3470549583435
v 10043.595135211945 18001.14333629608 -4933.933317661285
v 11636.409759521484 17510.220408439636 -4928.991347551346
v 13217.662274837494 17045.509815216064 -4961.120188236237
v 14792.206585407257 16596.28450870514 -5029.183924198151
v 16360.541582107544 16144.101619720459 -5129.363983869553
v 17917.633652687073 15665.214657783508 -5255.437642335892
v 19452.497363090515 15133.25572013855 -5399.162471294403
v 20948.166847229004 14522.176086902618 -5550.750643014908
v 22382.553219795227 13809.321820735931 -5699.54976439476
v 23729.658722877502 12977.840602397919 -5834.636986255646
v 24961.443543434143 12018.859684467316 -5945.56912779808
v 26049.84998703003 10932.615995407104 -6023.00226688385
v 26969.216465950012 9728.88708114624 -6059.385538101196
v 27698.634266853333 8426.433205604553 -6049.56328868866
v 28224.1952419281 7051.598131656647 -5991.362482309341
v 28540.974855422974 5635.921955108643 -5886.062979698181
v 28654.391169548035 4212.975203990936 -5738.72834444046
v 28580.660820007324 2814.660295844078 -5558.26798081398
v 28345.99256515503 1467.142514884472 -5357.091575860977
v 28344.796299934387 187.3961789533496 -4005.6292712688446
v 27765.771746635437 -1018.4644907712936 -3806.3639402389526
v 26996.877193450928 -2110.6503903865814 -3574.9606043100357
v 26120.864152908325 -3082.8970670700073 -3339.863643050194
v 25203.647017478943 -3950.914442539215 -3123.5969066619873
v 24290.598034858704 -4743.953347206116 -2941.921278834343
v 23405.61032295227 -5496.002286672592 -2803.615853190422
v 22553.39205265045 -6238.207072019577 -2711.1098170280457
v 21723.86348247528 -6993.569880723953 -2661.712020635605
v 20897.642970085144 -7774.325609207153 -2649.1621881723404
v 20051.5079498291 -8581.919074058533 -2665.2704179286957
v 19163.16032409668 -9409.102499485016 -2701.4511823654175
v 18214.56491947174 -10243.212282657623 -2749.9452978372574
v 17193.673253059387 -11069.798469543457 -2804.6388924121857
v 16094.781160354614 -11875.876486301422 -2861.495688557625
v 14917.715191841125 -12652.25350856781 -2918.6204820871353
v 13666.18663072586 -13394.40107345581 -2975.9372770786285
v 12346.065044403076 -14102.435410022736 -3034.774884581566
v 10963.633954524994 -14779.72000837326 -3097.2252041101456
v 9524.37311410904 -15431.018471717834 -3165.559619665146
v 8032.253980636597 -16060.309410095215 -3241.6679710149765
v 6489.669978618622 -16668.46811771393 -3326.5460282564163
v 4897.919744253159 -17251.503467559814 -3419.9485927820206
v 3258.151486515999 -17798.88153076172 -3520.0370103120804
v 1572.6465359330177 -18292.681574821472 -3623.1911927461624
v -153.6609884351492 -18707.0095539093 -3723.790794610977
v -1914.9161875247955 -19086.29357814789 -3834.935277700424
v -3711.318075656891 -19448.09854030609 -3962.688446044922
v -5535.707026720047 -19726.304411888123 -4090.8314287662506
v -7371.484190225601 -19864.917397499084 -4205.317497253418
v -9194.81098651886 -19820.494651794434 -4294.473677873611
v -10977.108478546143 -19563.84837627411 -4349.18537735939
v -12688.001990318298 -19081.674814224243 -4363.260269165039
v -14298.390448093414 -18377.069234848022 -4333.712160587311
v -15783.671736717224 -17469.19333934784 -4261.045753955841
v -17126.668095588684 -16391.358375549316 -4149.32906627655
v -18319.870233535767 -15187.557935714722 -4005.9900283813477
v -19366.695284843445 -13908.04409980774 -3841.4177298545837
v -20281.405448913574 -12603.639364242554 -3668.135851621628
v -21087.743639945984 -11320.407092571259 -3499.9005496501923
v -21816.30313396454 -10094.658136367798 -3350.5864441394806
v -22500.829696655273 -8949.155509471893 -3233.005553483963
v -23174.10707473755 -7891.180515289307 -3157.8554213047028
v -23863.59751224518 -6912.379413843155 -3132.740780711174
v -24587.411284446716 -5990.614593029022 -3161.397725343704
v -25350.94141960144 -5093.487203121185 -3243.1190460920334
v -26144.569516181946 -4183.311313390732 -3372.439742088318
v -26942.651867866516 -3223.096579313278 -3539.099246263504
v -27704.254388809204 -2182.8485280275345 -3728.354796767235
v -28375.918865203857 -1045.6809774041176 -3921.789675951004
v -28896.015286445618 187.39795312285423 -4098.41001033783
v -29229.07590866089 1497.1567690372467 -4246.976673603058
v -29372.96211719513 2858.7915748357773 -4368.186146020889
v -29321.799874305725 4246.239513158798 -4460.45994758606
v -29080.20794391632 5634.889304637909 -4525.396674871445
v -28661.52584552765 7004.961222410202 -4567.294120788574
v -28085.010051727295 8343.693315982819 -4592.395126819611
v -27372.177243232727 9645.762741565704 -4607.8115701675415
v -26543.10643672943 10911.86374425888 -4620.343297719955
v -25613.520741462708 12145.908772945404 -4635.405242443085
v -24593.095779418945 13351.550102233887 -4656.258970499039
v -23485.406041145325 14528.805613517761 -4683.638513088226
v -22289.122939109802 15671.828985214233 -4715.846925973892
v -21000.28932094574 16767.99237728119 -4749.215841293335
v -19614.908695220947 17798.70629310608 -4778.8578271865845
v -18131.30557537079 18741.509914398193 -4799.510836601257
v -16551.826000213623 19573.18603992462 -4806.3987493515015
v -14883.675277233124 20272.79555797577 -4795.877784490585
v -13138.67300748825 20824.679732322693 -4765.9143805503845
v -11332.335770130157 21220.407485961914 -4716.276079416275
v -9482.411742210388 21459.78569984436 -4648.518115282059
v -7607.172131538391 21551.04696750641 -4565.831869840622
v -5723.835825920105 21510.053873062134 -4472.778886556625
v -3847.1733033657074 21359.36200618744 -4375.076740980148
v -1988.271027803421 21126.673221588135 -4279.331266880035
v -153.65943778306246 20843.392610549927 -4192.8742825984955
v 1651.6678780317307 20461.735725402832 -4101.919233798981
v 3415.532335639 19953.33194732666 -3997.6975321769714
v 5131.375640630722 19374.568462371826 -3893.880844116211
v 6800.462007522583 18772.475123405457 -3801.9441068172455
v 8429.83067035675 18183.104395866394 -3731.0881912708282
v 10030.166208744049 17630.77676296234 -3688.2222443819046
v 11613.479554653168 17127.327919006348 -3677.811697125435
v 13190.827667713165 16672.37877845764 -3701.8176913261414
v 14770.06584405899 16254.111528396606 -3759.6295773983
v 16353.957653045654 15851.04525089264 -3848.128616809845
v 17938.70508670807 15434.827208518982 -3961.919993162155
v 19513.233304023743 14973.267316818237 -4093.625396490097
v 21059.285402297974 14434.233605861664 -4234.434217214584
v 22552.160024642944 13789.074718952179 -4374.616295099258
v 23962.31710910797 13015.81621170044 -4504.163861274719
v 25257.478952407837 12101.72563791275 -4613.450914621353
v 26405.076384544373 11044.802963733673 -4693.828225135803
v 27375.05614757538 9854.289293289185 -4738.225489854813
v 28142.665028572083 8550.126850605011 -4741.719514131546
v 28691.117763519287 7161.3384783267975 -4702.051430940628
v 29013.968110084534 5723.310112953186 -4620.0791001319885
v 29116.81294441223 4274.115711450577 -4500.088691711426
v 29017.916321754456 2850.1781076192856 -4349.886327981949
v 28747.35116958618 1481.4761281013489 -4180.50080537796
v 28622.43354320526 187.3961789533496 -2879.994213581085
v 28002.42841243744 -1023.3510285615921 -2727.9317378997803
v 27187.018990516663 -2112.2630685567856 -2551.7696142196655
v 26266.475915908813 -3073.6861377954483 -2373.543530702591
v 25312.58761882782 -3925.9837567806244 -2210.71757376194
v 24374.20964241028 -4702.13457942009 -2075.4144340753555
v 23476.49037837982 -5440.041124820709 -1974.3002951145172
v 22623.417377471924 -6174.185872077942 -1909.0870767831802
v 21802.797317504883 -6929.85936999321 -1877.514123916626
v 20992.342829704285 -7720.369398593903 -1874.57587569952
v 20165.762901306152 -8547.139763832092 -1893.8183784484863
v 19297.916293144226 -9402.03845500946 -1928.5167753696442
v 18368.41106414795 -10270.987451076508 -1972.610279917717
v 17363.50178718567 -11137.951612472534 -2021.3323831558228
v 16276.41499042511 -11988.486349582672 -2071.538195014
v 15106.363892555237 -12812.093496322632 -2121.700868010521
v 13856.864869594574 -13603.326380252838 -2171.7070788145065
v 12533.75619649887 -14361.514449119568 -2222.4752604961395
v 11143.395602703094 -15089.358687400818 -2275.4929214715958
v 9691.340625286102 -15790.86184501648 -2332.349047064781
v 8181.65123462677 -16469.008326530457 -2394.315227866173
v 6616.838425397873 -17123.295664787292 -2461.9531631469727
v 4998.41183423996 -17747.769355773926 -2534.834146499634
v 3327.9669284820557 -18329.511880874634 -2611.319348216057
v 1608.552485704422 -18847.57161140442 -2688.3745193481445
v -153.66101637482643 -19272.562265396118 -2761.4369988441467
v -1951.6823440790176 -19660.717248916626 -2842.051461338997
v -3786.5839898586273 -20040.366053581238 -2936.5818947553635
v -5651.931613683701 -20340.383648872375 -3032.665327191353
v -7531.104683876038 -20500.298738479614 -3119.5762753486633
v -9399.541318416595 -20472.482442855835 -3188.3016228675842
v -11227.389872074127 -20224.304795265198 -3231.7326217889786
v -12982.491552829742 -19739.615321159363 -3244.8727637529373
v -14633.671939373016 -19019.672870635986 -3225.1057773828506
v -16154.195666313171 -18082.96501636505 -3172.4312156438828
v -17524.924278259277 -16963.341236114502 -3089.5402282476425
v -18736.8643283844 -15706.597566604614 -2981.713190674782
v -19792.567491531372 -14365.708529949188 -2856.501415371895
v -20706.34424686432 -12995.091676712036 -2723.2005447149277
v -21502.82621383667 -11644.638776779175 -2592.116743326187
v -22214.364409446716 -10354.447066783905 -2473.7752228975296
v -22877.254486083984 -9150.610864162445 -2378.039136528969
v -23527.302145957947 -8042.865693569183 -2313.28122317791
v -24195.22225856781 -7024.213671684265 -2285.645306110382
v -24902.247190475464 -6072.6383328437805 -2298.428490757942
v -25656.37171268463 -5154.629945755005 -2351.6079783439636
v -26449.64039325714 -4230.321496725082 -2441.544234752655
v -27256.77788257599 -3259.808197617531 -2560.894265770912
v -28035.718202590942 -2209.9656611680984 -2698.805183172226
v -28730.21900653839 -1061.1411184072495 -2841.453328728676
v -29274.719953536987 187.39798106253147 -2972.947284579277
v -29628.562331199646 1516.6782215237617 -3083.9938670396805
v -29786.072373390198 2900.6443172693253 -3174.1945445537567
v -29740.004539489746 4311.3139271736145 -3242.073431611061
v -29494.720101356506 5722.043216228485 -3288.6678725481033
v -29064.618945121765 7111.436426639557 -3317.2347396612167
v -28470.89946269989 8465.905487537384 -3332.6422423124313
v -27737.478017807007 9780.235290527344 -3340.514749288559
v -26886.74747943878 11056.04499578476 -3346.2705463171005
v -25936.18869781494 12298.627495765686 -3354.2487770318985
v -24896.426796913147 13513.016402721405 -3367.074653506279
v -23771.120309829712 14700.148701667786 -3385.356143116951
v -22558.282613754272 15854.297876358032 -3407.7463299036026
v -21252.894401550293 16962.066292762756 -3431.3225001096725
v -19849.782586097717 18003.255128860474 -3452.1739929914474
v -18346.35615348816 18953.264951705933 -3466.1000221967697
v -16744.472980499268 19786.54146194458 -3469.272404909134
v -15051.45013332367 20480.117797851562 -3458.782508969307
v -13279.753625392914 21016.892194747925 -3433.0008924007416
v -11445.9827542305 21387.86494731903 -3391.7436003684998
v -9569.211602210999 21593.270301818848 -3336.2507075071335
v -7669.082880020142 21642.783880233765 -3269.0729945898056
v -5764.033198356628 21554.784178733826 -3193.885311484337
v -3869.694471359253 21355.172395706177 -3115.2936816215515
v -1997.5092262029648 21076.03669166565 -3038.700968027115
v -153.65942381322384 20753.998160362244 -2970.168963074684
v 1657.2864353656769 20328.902006149292 -2897.5000977516174
v 3421.584963798523 19762.909412384033 -2812.57800757885
v 5131.841450929642 19121.755957603455 -2726.6983687877655
v 6789.827048778534 18460.575342178345 -2649.3841409683228
v 8404.210209846497 17822.306156158447 -2588.377073407173
v 9988.09039592743 17236.357927322388 -2549.5563447475433
v 11556.420028209686 16718.015670776367 -2536.870390176773
v 13123.34418296814 16268.370151519775 -2552.2396713495255
v 14699.563086032867 15875.102877616882 -2595.481127500534
v 16290.121078491211 15514.442324638367 -2664.358466863632
v 17892.59433746338 15154.155492782593 -2754.7310292720795
v 19496.245980262756 14757.216274738312 -2860.8278185129166
v 21081.926822662354 14285.99238395691 -2975.623235106468
v 22623.002529144287 13706.476986408234 -3091.3232266902924
v 24087.02552318573 12991.884648799896 -3199.847638607025
v 25438.09711933136 12125.663459300995 -3293.36553812027
v 26639.68563079834 11103.352904319763 -3364.7965639829636
v 27657.744884490967 9933.229386806488 -3408.2894772291183
v 28463.8774394989 8635.757267475128 -3419.6696430444717
v 29038.35654258728 7241.887450218201 -3396.8625962734222
v 29372.87449836731 5790.06627202034 -3340.2641862630844
v 29472.575783729553 4322.17463850975 -3253.016620874405
v 29356.908202171326 2878.6542266607285 -3141.101449728012
v 29058.873653411865 1493.091657757759 -3013.157621026039
v 28834.662437438965 187.3961789533496 -1768.9090222120285
v 28184.244632720947 -1028.7325456738472 -1673.3422502875328
v 27333.810925483704 -2116.878479719162 -1562.7260506153107
v 26379.3808221817 -3071.747347712517 -1451.0711655020714
v 25397.043228149414 -3913.5535061359406 -1349.4531065225601
v 24438.287615776062 -4677.940607070923 -1265.5320391058922
v 23529.358506202698 -5405.689626932144 -1203.5075202584267
v 22673.871517181396 -6133.784204721451 -1164.4181236624718
v 21858.272552490234 -6889.340579509735 -1146.7919871211052
v 21058.350205421448 -7686.68532371521 -1147.429570555687
v 20245.694518089294 -8527.507781982422 -1162.2275412082672
v 19393.16689968109 -9403.347373008728 -1186.9221925735474
v 18478.649854660034 -10299.388468265533 -1217.670477926731
v 17487.06042766571 -11198.676824569702 -1251.4487653970718
v 16410.627365112305 -12085.760235786438 -1286.2392514944077
v 15247.925519943237 -12949.230372905731 -1321.0402429103851
v 14002.043902873993 -13782.763481140137 -1355.7196408510208
v 12678.561508655548 -14584.843218326569 -1390.7771185040474
v 11283.703744411469 -15357.37931728363 -1427.067294716835
v 9822.945892810822 -16103.426814079285 -1465.490274131298
v 8300.329148769379 -16824.796199798584 -1506.7332610487938
v 6718.439161777496 -17519.533038139343 -1551.0306134819984
v 5079.01668548584 -18179.95548248291 -1597.994640469551
v 3384.086787700653 -18790.959119796753 -1646.4623808860779
v 1637.4308243393898 -19329.094290733337 -1694.394014775753
v -153.66104431450367 -19762.06362247467 -1738.780327141285
v -1981.1493158340454 -20155.604481697083 -1787.598878145218
v -3846.704363822937 -20547.051429748535 -1845.6757441163063
v -5744.440108537674 -20861.713886260986 -1905.260905623436
v -7657.7237248420715 -21035.74275970459 -1959.6051424741745
v -9561.496675014496 -21018.546223640442 -2003.016471862793
v -11424.911320209503 -20774.704813957214 -2030.9355854988098
v -13214.467763900757 -20285.929441452026 -2040.10471701622
v -14897.379577159882 -19551.973342895508 -2028.7218689918518
v -16445.193886756897 -18590.64817428589 -1996.5992867946625
v -17837.128043174744 -17436.005473136902 -1945.2209025621414
v -19062.860012054443 -16135.051846504211 -1877.7090311050415
v -20124.08494949341 -14742.799401283264 -1798.6328154802322
v -21034.830808639526 -13316.275477409363 -1713.6794328689575
v -21820.18518447876 -11908.43939781189 -1629.234440624714
v -22513.598799705505 -10562.431812286377 -1551.867127418518
v -23153.153657913208 -9307.214319705963 -1487.8113940358162
v -23776.89778804779 -8154.803216457367 -1442.427970468998
v -24418.185353279114 -7099.778205156326 -1419.7611808776855
v -25100.934505462646 -6120.763421058655 -1422.1278950572014
v -25835.64519882202 -5183.906704187393 -1449.8092979192734
v -26616.371870040894 -4248.068779706955 -1500.8429065346718
v -27418.95854473114 -3271.298110485077 -1570.9276869893074
v -28201.475143432617 -2218.003123998642 -1653.5348072648048
v -28906.617164611816 -1066.0355910658836 -1740.20703881979
v -29466.590881347656 187.3979950323701 -1821.0994452238083
v -29834.64002609253 1524.2403745651245 -1889.7105753421783
v -29999.966025352478 2917.3683375120163 -1944.996491074562
v -29954.538345336914 4337.071180343628 -1985.9522581100464
v -29703.02939414978 5755.039304494858 -2013.2171362638474
v -29261.06035709381 7148.681133985519 -2028.8944244384766
v -28651.785850524902 8503.961563110352 -2036.1580699682236
v -27901.382446289062 9816.100001335144 -2038.7008041143417
v -27034.367322921753 11087.892651557922 -2040.0955528020859
v -26069.82707977295 12326.258718967438 -2043.219432234764
v -25019.23620700836 13537.885844707489 -2049.8306304216385
v -23886.287212371826 14724.994897842407 -2060.3641122579575
v -22668.346166610718 15882.466435432434 -2073.9680528640747
v -21359.276175498962 16996.665000915527 -2088.746353983879
v -19952.62920856476 18046.363592147827 -2102.1437644958496
v -18444.643020629883 19005.31053543091 -2111.396938562393
v -16836.35115623474 19845.988154411316 -2113.9736473560333
v -15134.695172309875 20543.4787273407 -2107.9277247190475
v -13352.240324020386 21079.015731811523 -2092.1339839696884
v -11506.10625743866 21442.50512123108 -2066.403105854988
v -9616.185128688812 21633.7913274765 -2031.4718037843704
v -7703.086137771606 21662.914752960205 -1988.9312982559204
v -5786.200314760208 21549.333930015564 -1941.1034882068634
v -3881.974071264267 21320.86157798767 -1890.9408152103424
v -2002.3678243160248 21012.151837348938 -1841.9260159134865
v -153.65942381322384 20663.21611404419 -1798.020601272583
v 1659.5018282532692 20205.005407333374 -1750.904694199562
v 3421.9148755073547 19593.46890449524 -1694.9830949306488
v 5125.344693660736 18901.652097702026 -1637.7420723438263
v 6771.797239780426 18191.195726394653 -1585.526391863823
v 8371.034860610962 17510.438561439514 -1543.5193106532097
v 9937.974214553833 16893.242597579956 -1515.727937221527
v 11489.82435464859 16357.90765285492 -1504.899300634861
v 13043.197989463806 15907.144546508789 -1512.4691650271416
v 14611.193239688873 15528.801083564758 -1538.502797484398
v 16200.92511177063 15197.850465774536 -1581.7195549607277
v 17811.411023139954 14879.471361637115 -1639.5653039216995
v 19432.559609413147 14533.093571662903 -1708.3917930722237
v 21045.010685920715 14116.985499858856 -1783.7055400013924
v 22620.965838432312 13592.811226844788 -1860.4601919651031
v 24126.046299934387 12929.78972196579 -1933.3957135677338
v 25521.71230316162 12107.9421043396 -1997.3643869161606
v 26768.406629562378 11120.359897613525 -2047.6824045181274
v 27828.832268714905 9973.920285701752 -2080.417647957802
v 28671.441078186035 8688.901662826538 -2092.6999300718307
v 29273.761510849 7297.21873998642 -2082.9952508211136
v 29625.44023990631 5839.297324419022 -2051.3512194156647
v 29730.589985847473 4359.780550003052 -1999.598667025566
v 29608.821272850037 2902.2400081157684 -1931.4119964838028
v 29294.60048675537 1503.3184736967087 -1852.2197753190994
v 29000.50699710846 187.3961789533496 -660.585779696703
v 28333.3021402359 -1036.6382449865341 -627.9361434280872
v 27462.81623840332 -2129.199430346489 -590.132474899292
v 26487.983465194702 -3084.9556624889374 -551.9756488502026
v 25487.467646598816 -3924.9716699123383 -517.2764137387276
v 24514.31930065155 -4686.206728219986 -488.6624962091446
v 23595.466017723083 -5410.886853933334 -467.5717558711767
v 22734.668254852295 -6137.419044971466 -454.36891727149487
v 21917.940974235535 -6894.071102142334 -448.5576041042805
v 21120.33784389496 -7696.023881435394 -449.05428774654865
v 20312.55304813385 -8545.496463775635 -454.46639880537987
v 19466.498494148254 -9434.266984462738 -463.34512531757355
v 18559.155464172363 -10347.522497177124 -474.38235953450203
v 17574.597001075745 -11268.095076084137 -486.5429922938347
v 16504.300832748413 -12180.136442184448 -499.12774935364723
v 15346.181988716125 -13071.678578853607 -511.7763765156269
v 14102.81091928482 -13935.754895210266 -524.4209244847298
v 12779.335677623749 -14770.073890686035 -537.2036620974541
v 11381.6499710083 -15575.600266456604 -550.382025539875
v 9915.061891078949 -16354.479789733887 -564.233623445034
v 8383.530378341675 -17107.42950439453 -578.9598450064659
v 6789.701879024506 -17831.32553100586 -594.6103110909462
v 5135.518312454224 -18517.18246936798 -611.0226362943649
v 3423.3760088682175 -19148.492217063904 -627.7726963162422
v 1657.6169058680534 -19700.170755386353 -644.133947789669
v -153.6610582843423 -20138.150453567505 -659.0488739311695
v -2001.6442984342575 -20533.697605133057 -675.3801181912422
v -3888.211101293564 -20929.654240608215 -694.9404068291187
v -5807.687491178513 -21249.459385871887 -715.0879874825478
v -7743.37112903595 -21427.565217018127 -733.5194572806358
v -9669.829308986664 -21411.675810813904 -748.2804916799068
v -11555.5939078331 -21164.912581443787 -757.7976956963539
v -13366.313874721527 -20667.781233787537 -760.9331980347633
v -15068.185329437256 -19919.187426567078 -757.0380717515945
v -16631.680727005005 -18936.601281166077 -746.0116781294346
v -18034.939169883728 -17754.199504852295 -728.3179834485054
v -19266.7418718338 -16419.737935066223 -704.9841620028019
v -20328.088402748108 -14989.3918633461 -677.5303557515144
v -21232.69021511078 -13521.841764450073 -647.8692591190338
v -22005.69212436676 -12071.92987203598 -618.1592121720314
v -22681.05983734131 -10684.838891029358 -590.636283159256
v -23297.7694272995 -9391.462504863739 -567.4340017139912
v -23895.199298858643 -8205.58100938797 -550.408624112606
v -24508.37016105652 -7123.167961835861 -540.9856885671616
v -25163.11526298523 -6123.739778995514 -540.0197021663189
v -25871.962308883667 -5173.738449811935 -547.6879701018333
v -26630.87010383606 -4231.638461351395 -563.4117498993874
v -27417.402863502502 -3254.486918449402 -585.8244560658932
v -28190.812468528748 -2205.1186859607697 -612.7950176596642
v -28894.209265708923 -1059.4290867447853 -641.5163353085518
v -29459.72442626953 187.39798106253147 -668.7040999531746
v -29834.00523662567 1518.6923369765282 -691.8448023498058
v -30000 2906.413972377777 -710.2585583925247
v -29949.991106987 4319.445043802261 -723.623726516962
v -29689.45562839508 5728.312432765961 -732.1855053305626
v -29235.500693321228 7109.792679548264 -736.7094978690147
v -28613.154888153076 8449.917733669281 -738.3398897945881
v -27850.558161735535 9744.699597358704 -738.4037040174007
v -26974.019408226013 10998.36677312851 -738.1886802613735
v -26003.9484500885 12219.673097133636 -738.7376949191093
v -24952.509999275208 13417.227566242218 -740.6974397599697
v -23823.39298725128 14594.922065734863 -744.2446053028107
v -22613.321542739868 15748.783349990845 -749.0949891507626
v -21315.03939628601 16865.61942100525 -754.5881532132626
v -19920.730590820312 17923.895716667175 -759.8206959664822
v -18425.213098526 18896.35920524597 -763.8047263026237
v -16828.2687664032 19753.96156311035 -765.6219229102135
v -15135.887861251831 20469.943284988403 -764.5504362881184
v -13360.07684469223 21023.67639541626 -760.151669383049
v -11517.768502235413 21403.273344039917 -752.3077726364136
v -9629.040956497192 21607.14089870453 -741.2261702120304
v -7714.958488941193 21644.264459609985 -727.4127937853336
v -5795.558989048004 21533.519625663757 -711.6320170462132
v -3888.0273699760437 21302.549242973328 -694.8687694966793
v -2005.0790905952454 20986.438393592834 -678.3021055161953
v -153.65942381322384 20626.01387500763 -663.2791645824909
v 1660.85634380579 20148.478746414185 -646.8898616731167
v 3422.0581501722336 19508.323073387146 -627.2084824740887
v 5120.971351861954 18782.99117088318 -606.8719178438187
v 6759.497970342636 18038.057684898376 -588.1187506020069
v 8347.873985767365 17325.430512428284 -572.792049497366
v 9901.939630508423 16681.91134929657 -562.3279139399529
v 11440.215110778809 16128.16572189331 -557.7327311038971
v 12980.868816375732 15668.545961380005 -559.5614947378635
v 14538.643062114716 15291.643738746643 -567.8938888013363
v 16122.257709503174 14972.414374351501 -582.343339920044
v 17732.064127922058 14675.072729587555 -602.0727194845676
v 19358.981251716614 14357.410669326782 -625.8601695299149
v 20984.00831222534 13975.28350353241 -652.1680019795895
v 22579.262852668762 13487.780392169952 -679.2625598609447
v 24109.565019607544 12861.279845237732 -705.3116708993912
v 25535.058975219727 12073.184251785278 -728.5098172724247
v 26814.361810684204 11114.320456981659 -747.1943087875843
v 27908.007502555847 9989.908933639526 -759.9499449133873
v 28782.11796283722 8719.308972358704 -765.7182589173317
v 29411.938190460205 7334.3320190906525 -763.8952508568764
v 29785.117506980896 5876.117795705795 -754.4220797717571
v 29904.232621192932 4390.711784362793 -737.8551922738552
v 29788.00356388092 2923.6172139644623 -715.393926948309
v 29470.98433971405 1513.6802941560745 -688.861794769764
v 29126.628041267395 187.3961789533496 464.17837031185627
v 28459.06913280487 -1047.9418560862541 431.52300640940666
v 27587.313652038574 -2151.6674011945724 393.69111880660057
v 26610.084772109985 -3118.230476975441 355.47112114727497
v 25605.905055999756 -3968.414068222046 320.6636756658554
v 24627.821445465088 -4738.892018795013 291.89293272793293
v 23702.967166900635 -5471.690744161606 270.603122189641
v 22835.479974746704 -6205.187737941742 257.1755088865757
v 22011.888027191162 -6967.853307723999 251.13933719694614
v 21207.78501033783 -7775.304615497589 251.4417003840208
v 20394.335389137268 -8630.381226539612 256.72112591564655
v 19543.74611377716 -9525.560438632965 265.55526070296764
v 18633.066415786743 -10446.675717830658 276.6532637178898
v 17646.210193634033 -11377.037465572357 288.9860048890114
v 16574.29039478302 -12300.995886325836 301.8479235470295
v 15414.730310440063 -13206.46047592163 314.8610517382622
v 14169.568419456482 -14086.031913757324 327.9315959662199
v 12843.471765518188 -14936.736524105072 341.17089584469795
v 11441.962122917175 -15758.700370788574 354.80473190546036
v 9970.137476921082 -16553.204655647278 369.081711396575
v 8431.912064552307 -17320.150136947632 384.1795586049557
v 6830.03693819046 -18055.744171142578 400.1305717974901
v 5166.674852371216 -18750.507831573486 416.76124557852745
v 3444.518744945526 -19387.58075237274 433.6404986679554
v 1668.250635266304 -19941.623210906982 450.0369820743799
v -153.6610582843423 -20378.376245498657 464.88817781209946
v -2012.021765112877 -20769.331455230713 481.0650274157524
v -3908.405900001526 -21158.024668693542 500.40408968925476
v -5836.90881729126 -21468.2936668396 520.2745646238327
v -7780.630588531494 -21634.878516197205 538.3789725601673
v -9713.961482048035 -21605.71038722992 552.765280008316
v -11605.251431465149 -21344.085931777954 561.8592537939548
v -13419.973254203796 -20830.684304237366 564.5207315683365
v -15124.136209487915 -20064.581036567688 560.0973218679428
v -16688.028573989868 -19063.446521759033 548.4840273857117
v -18089.59186077118 -17861.66489124298 530.1394499838352
v -19317.414164543152 -16507.244110107422 506.08478486537933
v -20372.289419174194 -15056.635737419128 477.83324494957924
v -21267.734169960022 -13568.854629993439 447.2905118018389
v -22028.721570968628 -12099.14892911911 416.60855524241924
v -22689.110040664673 -10693.193078041077 388.0197834223509
v -23287.86313533783 -9382.48336315155 363.6588156223297
v -23864.538073539734 -8181.501030921936 345.3904017806053
v -24454.56326007843 -7086.9965851306915 334.65919084846973
v -25084.485411643982 -6079.266518354416 332.35165290534496
v -25767.88902282715 -5125.430077314377 338.69110979139805
v -26502.124071121216 -4184.414595365524 353.159224614501
v -27266.419529914856 -3213.341608643532 374.46110509335995
v -28021.85297012329 -2174.626439809799 400.54469369351864
v -28713.34433555603 -1043.173223733902 428.68240736424923
v -29274.61266517639 187.39796709269285 455.66244050860405
v -29646.127223968506 1501.806266605854 478.6353372037411
v -29804.490208625793 2871.130406856537 496.57803028821945
v -29743.300080299377 4263.117760419846 509.2291720211506
v -29469.56992149353 5647.66064286232 516.9041454792023
v -29002.134203910828 7001.470774412155 520.4467847943306
v -28367.761373519897 8311.120569705963 521.0857093334198
v -27596.27938270569 9573.765099048615 520.2357284724712
v -26715.456247329712 10795.30119895935 519.2705802619457
v -25746.801495552063 11986.543536186218 519.3118751049042
v -24703.089594841003 13158.348798751831 521.0716277360916
v -23588.061332702637 14316.802024841309 524.7725173830986
v -22397.91512489319 15459.811091423035 530.1535874605179
v -21124.359369277954 16575.54030418396 536.5522764623165
v -19758.12256336212 17643.09525489807 543.0382490158081
v -18292.336463928223 18635.085225105286 548.574049025774
v -16725.010871887207 19521.517753601074 552.1740764379501
v -15060.482025146484 20273.998975753784 553.036630153656
v -13309.35537815094 20869.694352149963 550.6366677582264
v -11487.525701522827 21294.150352478027 544.7686649858952
v -9614.457786083221 21543.02179813385 535.5556681752205
v -7711.0496163368225 21622.511744499207 523.4244279563427
v -5797.602832317352 21548.820734024048 509.0666748583317
v -3891.965299844742 21347.07748889923 493.39989200234413
v -2007.8808814287186 21050.055027008057 477.53870487213135
v -153.65942381322384 20696.480870246887 462.7673886716366
v 1663.823425769806 20215.854048728943 446.26724906265736
v 3427.2319078445435 19566.827416419983 426.2665193527937
v 5126.961171627045 18827.848434448242 405.4322373121977
v 6764.443963766098 18065.58072566986 386.03363558650017
v 8349.63083267212 17333.160638809204 369.9479252099991
v 9898.298978805542 16668.77567768097 358.65113139152527
v 11429.157257080078 16094.596982002258 353.1964961439371
v 12960.85149049759 15616.527199745178 354.19254563748837
v 14508.879482746124 15224.64394569397 361.7769107222557
v 16082.959771156311 14895.142614841461 375.62177516520023
v 17684.597969055176 14593.10531616211 394.94454860687256
v 19305.909276008606 14276.675283908844 418.56841184198856
v 20928.990840911865 13901.478052139282 444.9860751628876
v 22526.809573173523 13425.790071487427 472.4758677184582
v 24064.6630525589 12814.676463603973 499.1970397531986
v 25502.724051475525 12043.868601322174 523.3147367835045
v 26799.148321151733 11102.372109889984 543.1182123720646
v 27913.547158241272 9993.632733821869 557.1290105581284
v 28810.747861862183 8735.503256320953 564.2159096896648
v 29464.43796157837 7358.69899392128 563.697125762701
v 29860.557317733765 5903.788357973099 555.4366484284401
v 30000 4416.810125112534 539.917778223753
v 29899.89459514618 2943.8097774982452 518.273301422596
v 29593.38068962097 1524.6805921196938 492.267943918705
v 29141.550064086914 187.3961789533496 1615.1025518774986
v 28493.512272834778 -1056.5290600061417 1520.0170129537582
v 27648.15866947174 -2173.6085414886475 1410.5205237865448
v 26699.12874698639 -3158.883824944496 1300.259605050087
v 25720.428228378296 -4032.1697294712067 1199.9855563044548
v 24762.09282875061 -4828.241318464279 1117.12496727705
v 23849.803805351257 -5586.936771869659 1055.7720065116882
v 22987.507581710815 -6344.621479511261 1017.000786960125
v 22162.694334983826 -7128.422856330872 999.4979202747345
v 21352.563500404358 -7953.419387340546 1000.3070533275604
v 20530.089139938354 -8822.686672210693 1015.5992209911346
v 19669.15011405945 -9729.507565498352 1041.3626208901405
v 18748.011589050293 -10660.742819309235 1073.932908475399
v 17751.290202140808 -11600.645184516907 1110.3612184524536
v 16670.286655426025 -12534.15048122406 1148.5862731933594
v 15502.22396850586 -13449.245989322662 1187.4520406126976
v 14248.698055744171 -14337.99684047699 1226.5826761722565
v 12913.928925991058 -15196.461081504822 1266.1807984113693
v 11503.15672159195 -16023.611426353455 1306.7883253097534
v 10021.388232707977 -16819.438934326172 1349.0131124854088
v 8472.756743431091 -17582.906484603882 1393.2987302541733
v 6860.455423593521 -18309.699296951294 1439.6975934505463
v 5187.237560749054 -18990.40460586548 1487.7048879861832
v 3456.41165971756 -19608.83617401123 1536.094956099987
v 1673.1864586472511 -20140.98286628723 1582.8018262982368
v -153.6610582843423 -20554.404258728027 1624.8075664043427
v -2014.6659761667252 -20916.65267944336 1670.2736914157867
v -3910.515457391739 -21268.64790916443 1724.3865877389908
v -5834.754556417465 -21538.063287734985 1779.6065658330917
v -7770.446240901947 -21662.914752960205 1829.3329328298569
v -9692.390263080597 -21594.042778015137 1867.9721653461456
v -11569.700539112091 -21297.12402820587 1891.0248577594757
v -13368.874490261078 -20754.6865940094 1895.2631950378418
v -15057.120323181152 -19967.072010040283 1878.8860738277435
v -16605.931520462036 -18952.481746673584 1841.682605445385
v -17994.369864463806 -17745.181918144226 1785.084307193756
v -19211.822748184204 -16392.288208007812 1712.1349275112152
v -20259.543657302856 -14948.86726140976 1627.3001208901405
v -21150.975823402405 -13472.084105014801 1536.1478179693222
v -21910.552382469177 -12015.23870229721 1444.9432119727135
v -22571.135759353638 -10622.148513793945 1360.1535558700562
v -23170.44496536255 -9322.889149188995 1287.955641746521
v -23746.60849571228 -8131.013810634613 1233.7222695350647
v -24333.74583721161 -7043.016850948334 1201.6091868281364
v -24957.395195961 -6039.576083421707 1194.1584572196007
v -25630.64217567444 -5088.749527931213 1212.0040878653526
v -26351.071000099182 -4150.758236646652 1253.6558881402016
v -27098.849415779114 -3184.063732624054 1315.3837993741035
v -27836.791276931763 -2152.1884202957153 1391.2861794233322
v -28512.316346168518 -1030.5964574217796 1473.5371246933937
v -29061.790108680725 187.3979391530156 1552.867367863655
v -29421.131014823914 1487.0747923851013 1619.9462860822678
v -29561.685919761658 2838.2717818021774 1670.8209738135338
v -29478.92725467682 4207.4596881866455 1704.9554362893105
v -29181.92446231842 5563.901513814926 1723.567619919777
v -28691.37704372406 6884.251087903976 1729.4380813837051
v -28035.873770713806 8155.593574047089 1726.5032976865768
v -27246.95384502411 9376.171231269836 1719.2653566598892
v -26353.999972343445 10553.556382656097 1712.116040289402
v -25379.937887191772 11700.806021690369 1708.6989060044289
v -24338.693618774414 12831.538617610931 1711.4338651299477
v -23234.6910238266 13954.927325248718 1721.2488502264023
v -22064.24832344055 15072.060227394104 1737.5804856419563
v -20818.498134613037 16173.993945121765 1758.5840821266174
v -19486.894011497498 17242.108583450317 1781.5203219652176
v -18060.677647590637 18250.338435173035 1803.2201752066612
v -16535.54856777191 19168.860912322998 1820.5659091472626
v -14913.30474615097 19968.184232711792 1830.892413854599
v -13202.072381973267 20623.127818107605 1832.280233502388
v -11415.593326091766 21115.922927856445 1823.723092675209
v -9571.66850566864 21438.06517124176 1805.1616474986076
v -7690.182030200958 21591.11738204956 1777.4398997426033
v -5791.14094376564 21586.33589744568 1742.1945556998253
v -3892.8544521331787 21443.894505500793 1701.74952596426
v -2010.2673768997192 21191.52545928955 1659.005843102932
v -153.65942381322384 20863.122940063477 1617.371141910553
v 1667.8358986973763 20394.24240589142 1569.0965205430984
v 3435.8882904052734 19751.484990119934 1509.760357439518
v 5140.061974525452 19011.86764240265 1447.2219720482826
v 6780.826896429062 18241.435289382935 1388.2160559296608
v 8367.147445678711 17493.34216117859 1338.3480906486511
v 9913.96576166153 16806.616187095642 1302.0940124988556
v 11439.417600631714 16204.878687858582 1282.7168405056
v 12961.950302124023 15696.018934249878 1282.2053208947182
v 14497.329890727997 15272.485613822937 1301.1882081627846
v 16055.974960327148 14912.83804178238 1338.9216363430023
v 17640.527486801147 14584.385454654694 1393.3143764734268
v 19244.46165561676 14246.94299697876 1461.0642939805984
v 20851.460695266724 13857.33425617218 1537.867784500122
v 22435.864806175232 13374.055624008179 1618.6874359846115
v 23964.2071723938 12761.813700199127 1698.0840638279915
v 25397.44734764099 11995.284855365753 1770.5534398555756
v 26694.15235519409 11062.043309211731 1830.9105187654495
v 27813.899517059326 9963.882565498352 1874.6158853173256
v 28721.126317977905 8717.00406074524 1898.1436640024185
v 29388.82827758789 7350.628226995468 1899.2994725704193
v 29802.019000053406 5904.067307710648 1877.5152415037155
v 29960.48927307129 4422.430247068405 1834.079660475254
v 29880.04982471466 2951.189875602722 1772.2196504473686
v 29592.209458351135 1530.066691339016 1697.0157623291016
v 29022.60661125183 187.3961789533496 2784.6720814704895
v 28411.064743995667 -1060.0784048438072 2635.107859969139
v 27615.72003364563 -2189.630940556526 2465.052679181099
v 26720.741987228394 -3197.4805891513824 2295.0048744678497
v 25792.365074157715 -4101.964384317398 2141.0398185253143
v 24875.215888023376 -4934.688359498978 2014.2106711864471
v 23991.998434066772 -5731.61780834198 1920.5472618341446
v 23146.117329597473 -6525.563299655914 1861.5955486893654
v 22326.35736465454 -7341.045588254929 1835.3534862399101
v 21512.36057281494 -8191.819489002228 1837.3822420835495
v 20680.001378059387 -9080.877900123596 1861.9431182742119
v 19805.874824523926 -10002.353489398956 1903.0042737722397
v 18870.429396629333 -10944.454371929169 1955.0252705812454
v 17859.65323448181 -11892.734169960022 2013.479545712471
v 16765.49792289734 -12833.057641983032 2075.134813785553
v 15585.1811170578 -13753.57300043106 2138.051614165306
v 14319.968819618225 -14645.807147026062 2201.441377401352
v 12973.667085170746 -15504.652261734009 2265.375852584839
v 11551.223695278168 -16327.469944953918 2330.436632037163
v 10057.682991027832 -17112.68126964569 2397.3483592271805
v 8497.58505821228 -17858.072519302368 2466.6501581668854
v 6874.842345714569 -18558.80856513977 2538.3487343788147
v 5193.107128143311 -19205.8128118515 2611.655741930008
v 3456.617295742035 -19784.33132171631 2684.755101799965
v 1671.3204234838486 -20272.81165122986 2754.581496119499
v -153.6610582843423 -20642.346739768982 2816.6520595550537
v -2008.6312294006348 -20953.82809638977 2883.2868486642838
v -3892.991691827774 -21243.656873703003 2962.1969908475876
v -5799.596607685089 -21446.224451065063 3041.8572574853897
v -7711.769342422485 -21505.504846572876 3112.175166606903
v -9605.339169502258 -21377.3113489151 3164.6009534597397
v -11451.12007856369 -21031.556725502014 3192.344382405281
v -13217.749893665314 -20453.830361366272 3190.6049698591232
v -14874.834716320038 -19646.34418487549 3156.8410992622375
v -16396.257877349854 -18627.86293029785 3091.0076200962067
v -17763.21530342102 -17431.885600090027 2995.6284910440445
v -18966.643810272217 -16103.389263153076 2875.695526599884
v -20008.549690246582 -14694.278240203857 2738.3670955896378
v -20902.281403541565 -13257.942795753479 2592.475712299347
v -21671.18489742279 -11843.609511852264 2447.8431791067123
v -22346.282601356506 -10491.366684436798 2314.562425017357
v -22962.79549598694 -9228.161573410034 2202.1879255771637
v -23556.103706359863 -8065.486550331116 2118.988037109375
v -24157.524704933167 -6998.872607946396 2071.269527077675
v -24790.213108062744 -6009.2693567276 2062.8102868795395
v -25465.559363365173 -5066.060721874237 2094.39754486084
v -26180.455684661865 -4131.584912538528 2163.5084599256516
v -26915.608048439026 -3166.8347865343094 2264.157459139824
v -27635.602355003357 -2137.756571173668 2386.985868215561
v -28290.807008743286 -1021.6477140784264 2519.6684896945953
v -28821.499943733215 187.397925183177 2647.6749032735825
v -29161.369800567627 1474.6880158782005 2754.708454012871
v -29278.099536895752 2808.9697659015656 2833.080142736435
v -29169.16787624359 4155.75385093689 2882.33645260334
v -28845.4270362854 5483.884960412979 2904.887795448303
v -28329.083919525146 6770.021617412567 2905.6917876005173
v -27650.020122528076 8001.606166362762 2891.5970027446747
v -26841.006875038147 9177.597463130951 2870.399057865143
v -25932.694673538208 10306.76543712616 2849.760353565216
v -24949.400424957275 11404.005289077759 2836.180552840233
v -23906.434178352356 12485.48448085785 2834.194153547287
v -22809.45897102356 13563.639521598816 2845.9060192108154
v -21655.572652816772 14643.296599388123 2870.9209710359573
v -20436.033010482788 15719.398856163025 2906.6363722085953
v -19139.572978019714 16776.83115005493 2948.801815509796
v -17755.8696269989 17792.211771011353 2992.2571778297424
v -16278.278231620789 18737.10036277771 3031.68386220932
v -14705.767035484314 19581.838846206665 3062.2845143079758
v -13043.432235717773 20299.453139305115 3080.2951008081436
v -11302.132308483124 20868.82710456848 3083.299621939659
v -9497.233629226685 21276.803612709045 3070.337399840355
v -7646.893858909607 21519.32716369629 3041.881173849106
v -5770.266652107239 21601.463556289673 2999.698519706726
v -3885.7515156269073 21536.752581596375 2946.665436029434
v -2009.407952427864 21346.213817596436 2886.611893773079
v -153.65942381322384 21056.93757534027 2824.1588920354843
v 1669.7999462485313 20613.04271221161 2748.0491995811462
v 3441.7616575956345 19991.0706281662 2652.8052985668182
v 5150.906592607498 19264.529943466187 2550.964057445526
v 6796.406954526901 18497.183918952942 2453.3629417419434
v 8385.777175426483 17741.260528564453 2369.1532015800476
v 9932.513236999512 17035.827040672302 2305.7258874177933
v 11453.569829463959 16405.776143074036 2268.6318308115005
v 12966.614663600922 15861.096382141113 2261.427640914917
v 14487.161636352539 15396.974086761475 2285.5201363563538
v 16025.939583778381 14994.990527629852 2340.1015251874924
v 17586.482763290405 14625.547528266907 2422.180473804474
v 19163.60914707184 14251.184463500977 2526.743933558464
v 20742.61486530304 13830.800950527191 2647.051066160202
v 22299.605011940002 13324.280977249146 2775.0789374113083
v 23802.743554115295 12696.82377576828 2902.01336145401
v 25214.47777748108 11922.930479049683 3018.8503861427307
v 26494.503021240234 10989.333987236023 3117.004930973053
v 27603.304982185364 9896.632432937622 3188.927248120308
v 28505.90944290161 8659.529685974121 3228.7001609802246
v 29175.61948299408 7305.601984262466 3232.6023280620575
v 29597.477316856384 5872.448980808258 3199.596405029297
v 29770.84457874298 4403.456300497055 3131.684437394142
v 29710.693359375 2942.5010830163956 3034.0366065502167
v 29447.080492973328 1527.9827266931534 2914.8177802562714
v 28765.318393707275 187.3961789533496 3962.4515175819397
v 28202.56233215332 -1057.722419500351 3769.7039544582367
v 27473.273277282715 -2196.62569463253 3554.4779151678085
v 26649.71888065338 -3227.0172983407974 3341.5237069129944
v 25788.209438323975 -4165.32889008522 3150.0334292650223
v 24926.499724388123 -5039.121508598328 2993.1242018938065
v 24083.586931228638 -5879.473686218262 2877.8542578220367
v 23262.13538646698 -6714.647859334946 2805.93104660511
v 22452.460527420044 -7565.7811760902405 2774.8484909534454
v 21637.185215950012 -8444.795608520508 2779.211327433586
v 20795.735120773315 -9354.367554187775 2812.0652586221695
v 19908.1027507782 -10289.486646652222 2866.085171699524
v 18957.508206367493 -11239.886283874512 2934.49804186821
v 17931.790351867676 -12192.676663398743 3011.6665363311768
v 16823.803782463074 -13134.784698486328 3093.419373035431
v 15631.005764007568 -14054.766297340393 3177.1040707826614
v 14354.369044303894 -14943.5493350029 3261.360302567482
v 12997.333109378815 -15794.797539710999 3345.8874374628067
v 11564.598083496094 -16604.166626930237 3431.0004115104675
v 10061.301290988922 -17368.340492248535 3517.2542184591293
v 8492.471873760223 -18083.741068840027 3605.0576716661453
v 6862.874329090118 -18744.946718215942 3694.2674964666367
v 5177.264213562012 -19343.47093105316 3783.904016017914
v 3440.9744292497635 -19866.304993629456 3871.7874884605408
v 1660.8354449272156 -20295.143723487854 3954.322636127472
v -153.66104431450367 -20605.684518814087 4026.2317657470703
v -1992.6238059997559 -20850.759744644165 4102.566987276077
v -3853.9838790893555 -21061.40434741974 4192.55331158638
v -5729.936063289642 -21180.85026741028 4281.992465257645
v -7604.3835282325745 -21160.744428634644 4358.421564102173
v -9454.793930053711 -20963.560938835144 4411.372393369675
v -11254.40776348114 -20564.3892288208 4432.589560747147
v -12974.89196062088 -19952.634572982788 4416.430592536926
v -14589.138329029083 -19132.595658302307 4360.148459672928
v -16074.219346046448 -18123.24285507202 4264.172315597534
v -17414.063215255737 -16956.453323364258 4132.180362939835
v -18601.480722427368 -15673.854947090149 3970.905840396881
v -19639.36150074005 -14322.84414768219 3789.7932529449463
v -20540.59624671936 -12951.348423957825 3600.245788693428
v -21326.95198059082 -11603.109240531921 3414.8526191711426
v -22026.802897453308 -10313.138365745544 3246.4174926280975
v -22671.89919948578 -9104.24530506134 3106.931895017624
v -23293.808698654175 -7985.192835330963 3006.6724866628647
v -23920.072317123413 -6950.342953205109 2953.336536884308
v -24570.540189743042 -5981.072187423706 2951.348125934601
v -25254.19592857361 -5048.581212759018 3001.275882124901
v -25966.77303314209 -4118.0965304374695 3099.464178085327
v -26689.374446868896 -3154.0746241807938 3237.866833806038
v -27388.604879379272 -2125.8828788995743 3404.1785448789597
v -28018.510937690735 -1013.5577246546745 3582.4133455753326
v -28524.10912513733 187.39791121333838 3753.7881731987
v -28839.73181247711 1462.1631056070328 3895.428031682968
v -28931.263089179993 2779.078334569931 3995.6796169281006
v -28797.724843025208 4103.421717882156 4054.357409477234
v -28451.09760761261 5404.135286808014 4075.1713514328003
v -27914.199829101562 6658.074706792831 4065.2310848236084
v -27217.20814704895 7852.854430675507 4034.198373556137
v -26393.133401870728 8987.615704536438 3993.0573105812073
v -25473.110675811768 10071.525871753693 3952.70973443985
v -24482.36882686615 11120.407283306122 3922.6265251636505
v -23437.492847442627 12152.12881565094 3909.7394049167633
v -22345.613837242126 13181.780576705933 3917.771726846695
v -21205.1922082901 14217.716753482819 3947.061002254486
v -20008.342266082764 15258.969068527222 3994.840979576111
v -18743.906021118164 16294.618248939514 4055.9090673923492
v -17400.66647529602 17304.88657951355 4123.506098985672
v -15970.214009284973 18263.935446739197 4190.341830253601
v -14448.926746845245 19143.07415485382 4249.442517757416
v -12838.883399963379 19914.55614566803 4294.925183057785
v -11147.821247577667 20554.643869400024 4322.458952665329
v -9388.286769390106 21045.949459075928 4329.502433538437
v -7576.224803924561 21378.854513168335 4315.347075462341
v -5729.415714740753 21551.840901374817 4280.960708856583
v -3865.917921066284 21571.328043937683 4228.822141885757
v -2002.543956041336 21450.764536857605 4162.65606880188
v -153.65942381322384 21209.614276885986 4087.2471034526825
v 1666.651926934719 20801.97036266327 3989.5503222942352
v 3438.6608004570007 20214.87593650818 3864.7502660751343
v 5150.314271450043 19516.398310661316 3729.1818112134933
v 6799.4025349617 18766.581416130066 3597.177341580391
v 8391.677141189575 18015.353679656982 3480.972871184349
v 9938.808381557465 17301.144003868103 3390.670269727707
v 11456.041932106018 16649.370789527893 3334.0054750442505
v 12959.69545841217 16071.76423072815 3316.1620795726776
v 14464.462101459503 15566.173195838928 3339.522108435631
v 15980.85343837738 15117.430686950684 3403.5153687000275
v 17512.872219085693 14699.478149414062 3504.6418011188507
v 19056.32436275482 14278.179109096527 3636.571168899536
v 20598.052740097046 13815.481960773468 3790.597915649414
v 22115.957736968994 13273.563086986542 3956.11435174942
v 23580.177426338196 12619.186341762543 4121.332615613937
v 24955.204725265503 11827.683448791504 4274.11749958992
v 26202.67689228058 10885.845422744751 4402.82016992569
v 27284.871339797974 9793.66511106491 4497.164189815521
v 28168.437480926514 8564.704656600952 4549.117684364319
v 28828.014135360718 7224.881798028946 4553.661793470383
v 29249.55189228058 5809.721052646637 4509.45720076561
v 29432.72352218628 4360.205680131912 4419.284015893936
v 29392.020106315613 2917.6924377679825 4290.182143449783
v 29156.06439113617 1518.210545182228 4133.139252662659
v 28370.819091796875 187.3961789533496 5138.352960348129
v 27864.087224006653 -1049.0407794713974 4915.096610784531
v 27209.474444389343 -2192.412167787552 4671.463966369629
v 26466.087698936462 -3241.8523728847504 4433.604329824448
v 25679.81779575348 -4211.673885583878 4221.716970205307
v 24880.96296787262 -5124.9754428863525 4049.3550896644592
v 24084.649085998535 -6007.529497146606 3923.712819814682
v 23292.735815048218 -6882.635951042175 3846.3516533374786
v 22497.167587280273 -7767.689824104309 3814.4418597221375
v 21683.735847473145 -8672.515153884888 3822.1487402915955
v 20835.660696029663 -9599.31492805481 3862.0103895664215
v 19936.593174934387 -10543.851256370544 3926.13485455513
v 18972.76997566223 -11497.36762046814 4007.159024477005
v 17934.093475341797 -12448.571026325226 4098.814129829407
v 16814.59128856659 -13385.653495788574 4196.307510137558
v 15612.013936042786 -14297.529458999634 4296.292662620544
v 14327.242076396942 -15174.812078475952 4396.794140338898
v 12963.376343250275 -16009.957194328308 4496.883451938629
v 11524.909436702728 -16796.953082084656 4596.316963434219
v 10017.11368560791 -17530.81977367401 4695.210009813309
v 8445.519804954529 -18206.59339427948 4793.602377176285
v 6815.794855356216 -18818.349838256836 4891.11989736557
v 5133.809298276901 -19358.139038085938 4986.607879400253
v 3406.0610085725784 -19814.990758895874 5077.807009220123
v 1640.2891650795937 -20174.151062965393 5161.062777042389
v -153.66103034466505 -20416.477918624878 5231.029987335205
v -1965.7652825117111 -20586.442351341248 5304.105430841446
v -3792.501837015152 -20709.643363952637 5390.053242444992
v -5625.566393136978 -20739.33720588684 5473.487377166748
v -7449.790388345718 -20635.95414161682 5540.898889303207
v -9244.734048843384 -20369.27103996277 5580.992102622986
v -10986.653566360474 -19920.206665992737 5585.048943758011
v -12650.804221630096 -19282.021522521973 5547.308027744293
v -14213.898181915283 -18460.916876792908 5465.345978736877
v -15656.5922498703 -17475.462555885315 5340.294688940048
v -16965.778470039368 -16355.112791061401 5176.941901445389
v -18136.242628097534 -15137.234330177307 4983.451366424561
v -19171.451926231384 -13863.416612148285 4770.866632461548
v -20083.587169647217 -12575.274109840393 4552.390873432159
v -20892.23027229309 -11310.039460659027 4342.3426151275635
v -21622.440218925476 -10096.952319145203 4155.166894197464
v -22301.84555053711 -8954.27405834198 4004.2273700237274
v -22957.547307014465 -7887.900173664093 3900.841176509857
v -23612.72692680359 -6891.151964664459 3853.2789051532745
v -24283.477663993835 -5946.161895990372 3865.9925758838654
v -24976.10628604889 -5026.490539312363 3938.998728990555
v -25685.128569602966 -4100.895076990128 4067.47967004776
v -26392.16423034668 -3137.95767724514 4241.61896109581
v -27066.31064414978 -2111.1124008893967 4446.857124567032
v -27665.67885875702 -1003.5857185721397 4664.440155029297
v -28141.01815223694 187.39789724349976 4872.662276029587
v -28429.95285987854 1447.0728859305382 5043.241381645203
v -28498.427867889404 2744.358256459236 5160.895586013794
v -28346.378803253174 4045.3000366687775 5225.716531276703
v -27985.86666584015 5319.594293832779 5242.474973201752
v -27439.189553260803 6544.579714536667 5220.085233449936
v -26735.576391220093 7707.892656326294 5170.554220676422
v -25907.068848609924 8808.284103870392 5107.5683534145355
v -24984.244108200073 9854.38585281372 5044.872611761093
v -23992.4418926239 10861.760079860687 4994.68132853508
v -22949.125170707703 11848.751306533813 4966.348260641098
v -21862.912774086 12832.00889825821 4965.508729219437
v -20733.96384716034 13822.566568851471 4993.720650672913
v -19555.951952934265 14823.151230812073 5048.7130880355835
v -18318.647146224976 15827.035903930664 5125.010758638382
v -17010.939717292786 16818.684339523315 5214.941203594208
v -15623.450875282288 17775.67684650421 5309.709459543228
v -14150.708019733429 18671.536445617676 5400.474071502686
v -12592.230141162872 19479.026198387146 5479.270666837692
v -10952.840745449066 20173.04241657257 5539.62841629982
v -9242.228865623474 20733.05904865265 5576.984882354736
v -7473.870366811752 21144.71733570099 5588.791519403458
v -5663.801729679108 21400.564312934875 5574.454218149185
v -3829.2476534843445 21500.14579296112 5535.139739513397
v -1987.2723519802094 21449.541449546814 5473.520457744598
v -153.65943778306246 21260.642409324646 5393.555760383606
v 1655.6617990136147 20897.966623306274 5282.154679298401
v 3420.9823608398438 20358.45994949341 5136.676579713821
v 5129.835605621338 19703.131914138794 4976.104348897934
v 6778.719127178192 18986.846208572388 4817.372113466263
v 8371.549844741821 18256.142735481262 4675.1900017261505
v 9917.893409729004 17547.592520713806 4561.879634857178
v 11430.911421775818 16886.354684829712 4487.104117870331
v 12925.06456375122 16285.175085067749 4457.539469003677
v 14413.652122020721 15744.130611419678 4476.567953824997
v 15906.370282173157 15251.081585884094 4544.004052877426
v 17407.05907344818 14783.52963924408 4656.072109937668
v 18912.153840065002 14311.24895811081 4805.562794208527
v 20409.652590751648 13799.749910831451 4982.183575630188
v 21879.265308380127 13214.530348777771 5173.302590847015
v 23293.31874847412 12524.95676279068 5364.699214696884
v 24618.807435035706 11708.225011825562 5541.685670614243
v 25820.002555847168 10752.10154056549 5690.112411975861
v 26861.878037452698 9656.7302942276 5797.559916973114
v 27713.62602710724 8434.913456439972 5854.39458489418
v 28352.13303565979 7110.982239246368 5854.758471250534
v 28765.017986297607 5718.099474906921 5797.336399555206
v 28952.783346176147 4294.29218173027 5685.847252607346
v 28929.7091960907 2877.6533156633377 5529.154390096664
v 28723.089694976807 1501.0353550314903 5340.849012136459
v 27844.260334968567 187.3961789533496 6304.420083761215
v 27396.19731903076 -1033.9944809675217 6063.011884689331
v 26818.061470985413 -2175.680547952652 5806.4863085746765
v 26156.381964683533 -3238.0472123622894 5560.151785612106
v 25446.701645851135 -4233.131557703018 5343.186110258102
v 24712.366461753845 -5179.6285808086395 5168.35480928421
v 23964.73467350006 -6098.03706407547 5042.191296815872
v 23204.98824119568 -7006.780654191971 4965.893179178238
v 22426.65946483612 -7919.520735740662 4936.455488204956
v 21618.584990501404 -8843.912780284882 4948.035031557083
v 20767.655968666077 -9781.545102596283 4993.23382973671
v 19861.12654209137 -10728.826224803925 5064.225643873215
v 18888.17310333252 -11678.311228752136 5153.587460517883
v 17840.845584869385 -12620.252072811127 5254.8640966415405
v 16714.38753604889 -13544.019162654877 5362.878888845444
v 15507.03227519989 -14439.074993133545 5473.728775978088
v 14219.672977924347 -15295.817255973816 5584.758818149567
v 12855.208218097687 -16105.783581733704 5694.282352924347
v 11418.004631996155 -16861.578226089478 5801.289081573486
v 9913.467764854431 -17556.751370429993 5905.221104621887
v 8347.612023353577 -18185.18042564392 6005.582213401794
v 6726.9328236579895 -18740.528225898743 6101.666986942291
v 5058.3431124687195 -19215.470552444458 6192.205399274826
v 3349.413424730301 -19601.114988327026 6275.089234113693
v 1608.7036952376366 -19886.215925216675 6347.010433673859
v -153.6610024049878 -20056.99932575226 6403.294801712036
v -1927.6365637779236 -20149.937868118286 6460.460722446442
v -3708.438277244568 -20185.750722885132 6528.095304965973
v -5487.51175403595 -20127.963423728943 6591.043621301651
v -7250.926494598389 -19946.086406707764 6636.056005954742
v -8980.671465396881 -19617.335200309753 6652.112603187561
v -10656.341314315796 -19128.289818763733 6630.9137642383575
v -12257.050573825836 -18475.81386566162 6567.251533269882
v -13763.50611448288 -17667.44613647461 6459.416896104813
v -15160.013437271118 -16720.78549861908 6309.359818696976
v -16436.356902122498 -15662.09614276886 6122.785359621048
v -17589.041590690613 -14523.705840110779 5908.779948949814
v -18621.84762954712 -13340.851664543152 5679.2789697647095
v -19545.770287513733 -12148.211002349854 5448.307245969772
v -20377.816557884216 -10976.259112358093 5230.889171361923
v -21139.2742395401 -9848.27846288681 5041.9798493385315
v -21853.322982788086 -8778.107464313507 4895.308166742325
v -22542.25194454193 -7768.949568271637 4802.262336015701
v -23224.72035884857 -6813.452392816544 4770.947098731995
v -23913.021683692932 -5894.961655139923 4805.346876382828
v -24610.87703704834 -4989.873468875885 4904.710650444031
v -25311.768651008606 -4070.912003517151 5063.133090734482
v -25998.21925163269 -3111.1959367990494 5269.500017166138
v -26642.08173751831 -2088.458687067032 5507.6998472213745
v -27206.262946128845 -989.3009439110756 5757.417529821396
v -27647.464871406555 187.39786930382252 5995.221734046936
v -27909.11078453064 1427.2673428058624 6189.361363649368
v -27958.897948265076 2700.895741581917 6321.786046028137
v -27796.776294708252 3976.1200547218323 6392.534673213959
v -27433.966398239136 5224.123299121857 6407.000720500946
v -26891.013979911804 6423.043012619019 6375.200897455215
v -26194.97001171112 7560.453414916992 6310.687959194183
v -25375.701785087585 8634.211421012878 6229.017823934555
v -24462.137818336487 9651.5491604805 6146.037876605988
v -23478.834629058838 10626.58667564392 6076.1359333992
v -22443.568110466003 11576.835215091705 6030.823588371277
v -21366.14978313446 12519.088089466095 6017.630696296692
v -20248.64137172699 13465.927541255951 6039.701700210571
v -19086.726307868958 14422.864615917206 6095.812618732452
v -17871.90556526184 15386.985540390015 6180.970072746277
v -16594.077944755554 16346.989274024963 6287.35676407814
v -15243.92545223236 17284.491062164307 6405.421793460846
v -13815.04476070404 18176.196813583374 6525.046080350876
v -12305.159568786621 18996.69349193573 6636.568754911423
v -10716.722309589386 19720.99542617798 6731.537282466888
v -9056.82384967804 20326.951146125793 6803.266257047653
v -7336.480468511581 20796.890258789062 6847.057789564133
v -5569.744259119034 21118.67129802704 6860.2511286735535
v -3772.581070661545 21286.06081008911 6842.067092657089
v -1961.7263227701187 21298.742294311523 6793.435961008072
v -153.65943778306246 21161.781549453735 6716.71137213707
v 1634.642332792282 20849.947929382324 6600.367873907089
v 3384.1299265623093 20368.439555168152 6444.960683584213
v 5082.35827088356 19770.070910453796 6270.798146724701
v 6724.766939878464 19103.263020515442 6096.324026584625
v 8313.50862979889 18410.01033782959 5937.883257865906
v 9855.939745903015 17723.960280418396 5809.365212917328
v 11362.869143486023 17068.963050842285 5721.854567527771
v 12846.49282693863 16457.911133766174 5683.178007602692
v 14318.176209926605 15892.356634140015 5697.516202926636
v 15786.20195388794 15362.763404846191 5765.030533075333
v 17253.702878952026 14850.115478038788 5881.819278001785
v 18717.176914215088 14328.171908855438 6040.0450229644775
v 20165.49825668335 13766.643404960632 6228.31329703331
v 21580.002307891846 13135.018944740295 6432.498246431351
v 22935.370802879333 12406.249344348907 6636.667996644974
v 24201.41637325287 11560.283303260803 6824.287176132202
v 25345.680713653564 10586.793422698975 6979.546397924423
v 26336.51554584503 9486.6943359375 7088.639438152313
v 27146.430015563965 8272.434175014496 7141.072154045105
v 27755.218148231506 6966.8228924274445 7130.729556083679
v 28152.72331237793 5600.476562976837 7056.756019592285
v 28340.613842010498 4208.062291145325 6924.0036606788635
v 28333.069682121277 2823.8846361637115 6743.0998384952545
v 28155.866861343384 1477.0613238215446 6529.874503612518
v 27193.100452423096 187.3961789533496 7455.608993768692
v 26802.459955215454 -1012.7930715680122 7206.722795963287
v 26297.543048858643 -2145.940437912941 6949.9871134758
v 25713.37401866913 -3213.301822543144 6708.021908998489
v 25076.483488082886 -4224.72283244133 6497.7774024009705
v 24403.964281082153 -5194.762498140335 6330.23276925087
v 23703.977465629578 -6139.1133069992065 6210.805624723434
v 22977.091670036316 -7071.675360202789 6140.115112066269
v 22218.317985534668 -8002.663850784302 6115.1222884655
v 21419.237852096558 -8937.648832798004 6130.268275737762
v 20570.059418678284 -9877.5315284729 6178.627610206604
v 19661.25726699829 -10819.121897220612 6252.844333648682
v 18684.75615978241 -11756.061315536499 6345.834285020828
v 17634.631991386414 -12679.93837594986 6451.284885406494
v 16507.36927986145 -13581.205308437347 6563.853174448013
v 15301.823616027832 -14449.97638463974 6679.225265979767
v 14019.007980823517 -15276.59296989441 6794.063597917557
v 12661.796808242798 -16052.058935165405 6905.903220176697
v 11234.524548053741 -16768.024563789368 7012.886255979538
v 9742.746949195862 -17417.01900959015 7113.684564828873
v 8192.893266677856 -17992.08104610443 7207.163572311401
v 6592.13662147522 -18486.65714263916 7292.239218950272
v 4948.2594430446625 -18894.224166870117 7367.609292268753
v 3269.6939259767532 -19207.80658721924 7431.469112634659
v 1565.6407177448273 -19419.61705684662 7481.268346309662
v -153.66097446531057 -19520.897269248962 7513.552308082581
v -1878.3098459243774 -19541.10324382782 7544.134855270386
v -3602.570816874504 -19496.750235557556 7581.879794597626
v -5317.939817905426 -19361.214637756348 7613.133788108826
v -7011.946588754654 -19112.552404403687 7625.965476036072
v -8669.18832063675 -18734.99572277069 7610.585689544678
v -10272.663831710815 -18220.17788887024 7559.802532196045
v -11805.338859558105 -17567.952275276184 7469.461262226105
v -13251.788914203644 -16786.587238311768 7338.7956619262695
v -14599.741101264954 -15892.05265045166 7170.521020889282
v -15841.53413772583 -14906.920194625854 6970.922201871872
v -16975.017786026 -13858.054876327515 6749.41822886467
v -18003.939986228943 -12774.241268634796 6518.094688653946
v -18937.758207321167 -11683.194637298584 6290.861070156097
v -19790.613055229187 -10608.795583248138 6082.436889410019
v -20579.883456230164 -9568.75205039978 5907.323956489563
v -21324.1446018219 -8572.816550731659 5778.632014989853
v -22040.988206863403 -7622.037827968597 5707.083642482758
v -22744.669318199158 -6708.83908867836 5700.016021728516
v -23443.9480304718 -5818.211138248444 5760.61025261879
v -24140.256643295288 -4929.709285497665 5887.257903814316
v -24826.478362083435 -4020.2946960926056 6073.255240917206
v -25486.36257648468 -3067.6887184381485 6306.693255901337
v -26094.993352890015 -2053.9236813783646 6570.824682712555
v -26620.134115219116 -968.7837213277817 6844.756901264191
v -27024.822235107422 187.39784136414528 7104.720175266266
v -27259.86957550049 1401.0774716734886 7317.676842212677
v -27296.02575302124 2645.4654335975647 7463.969439268112
v -27132.65597820282 3891.1181688308716 7543.202340602875
v -26779.18016910553 5111.33685708046 7560.659050941467
v -26253.48687171936 6285.405904054642 7526.601254940033
v -25579.3958902359 7400.840520858765 7455.103844404221
v -24783.584475517273 8454.263806343079 7362.520694732666
v -23892.366886138916 9450.83498954773 7265.804260969162
v -22928.688526153564 10402.2878408432 7180.70313334465
v -21909.95156764984 11324.062049388885 7120.28905749321
v -20846.824049949646 12231.844961643219 7093.787491321564
v -19743.13974380493 13138.428032398224 7105.984836816788
v -18596.836924552917 14051.002264022827 7157.105952501297
v -17401.683926582336 14969.659745693207 7243.2741522789
v -16149.376630783081 15886.990427970886 7357.315868139267
v -14831.606447696686 16788.817048072815 7489.793747663498
v -13441.993296146393 17655.6658744812 7630.1005482673645
v -11977.364122867584 18465.020656585693 7767.558395862579
v -10438.5244846344 19193.458557128906 7892.235517501831
v -8830.45345544815 19818.822741508484 7995.6114292144775
v -7161.935716867447 20321.86210155487 8070.930540561676
v -5444.972366094589 20687.42036819458 8113.350570201874
v -3693.956583738327 20905.131697654724 8119.916617870331
v -1924.7214496135712 20969.703197479248 8089.446723461151
v -153.65943778306246 20880.830883979797 8022.326231002808
v 1602.1158546209335 20622.594952583313 7909.829020500183
v 3324.8640596866608 20206.425189971924 7756.203711032867
v 5002.623796463013 19676.105976104736 7581.639289855957
v 6630.123853683472 19072.80385494232 7404.933124780655
v 8207.919895648956 18432.923555374146 7243.030518293381
v 9741.192162036896 17786.187529563904 7110.561579465866
v 11238.247454166412 17154.10351753235 7019.327133893967
v 12708.718478679657 16548.761129379272 6977.751106023788
v 14161.624610424042 15972.431302070618 6990.437060594559
v 15603.355765342712 15417.643189430237 7057.698369026184
v 17035.84313392639 14868.577122688293 7175.525575876236
v 18455.16800880432 14302.97702550888 7335.62707901001
v 19850.767850875854 13695.069551467896 7525.943219661713
v 21205.46042919159 13018.879294395447 7731.454074382782
v 22496.32716178894 12251.633405685425 7935.289442539215
v 23696.284890174866 11376.795172691345 8119.972050189972
v 24776.5052318573 10386.549532413483 8268.917798995972
v 25709.229111671448 9283.104836940765 8367.862701416016
v 26470.74580192566 8078.822493553162 8406.255841255188
v 27044.191360473633 6795.070320367813 8378.393054008484
v 27421.855330467224 5459.78307723999 8284.281492233276
v 27606.711387634277 4104.043543338776 8130.082190036774
v 27612.735629081726 2758.083790540695 7928.026020526886
v 27464.123368263245 1447.051540017128 7695.853114128113
v 26425.418257713318 187.3961789533496 8589.622378349304
v 26088.151931762695 -985.7788681983948 8341.484069824219
v 25649.65009689331 -2103.2412350177765 8093.411922454834
v 25135.295391082764 -3166.7402386665344 7864.3664717674255
v 24564.02063369751 -4184.03685092926 7668.2522892951965
v 23947.845697402954 -5166.055709123611 7513.830363750458
v 23292.32633113861 -6124.293655157089 7405.122220516205
v 22597.63240814209 -7068.750411272049 7342.132776975632
v 21860.04102230072 -8006.595969200134 7321.827113628387
v 21073.479652404785 -8941.51657819748 7339.101433753967
v 20230.947732925415 -9873.668253421783 7387.7012729644775
v 19325.71291923523 -10800.07016658783 7460.976094007492
v 18352.081775665283 -11715.185344219208 7552.414834499359
v 17305.95052242279 -12611.644864082336 7656.014263629913
v 16185.02676486969 -13480.891585350037 7766.459584236145
v 14988.844692707062 -14313.70496749878 7879.14901971817
v 13718.737363815308 -15100.70264339447 7990.215718746185
v 12377.653419971466 -15832.672119140625 8096.436560153961
v 10970.02387046814 -16500.908732414246 8195.215165615082
v 9501.5349984169 -17097.33545780182 8284.419178962708
v 7978.945076465607 -17614.662051200867 8362.32215166092
v 6409.93595123291 -18046.537041664124 8427.55526304245
v 4802.878350019455 -18387.229442596436 8478.80333662033
v 3166.7887419462204 -18631.685972213745 8514.76639509201
v 1511.2325549125671 -18775.266408920288 8533.939719200134
v -153.66093255579472 -18813.716769218445 8534.522652626038
v -1818.3421343564987 -18770.51532268524 8531.042039394379
v -3476.5085577964783 -18658.761978149414 8531.378209590912
v -5119.994133710861 -18460.573554039 8524.248898029327
v -6737.92228102684 -18161.53049468994 8499.815762043
v -8317.476511001587 -17751.869559288025 8450.132310390472
v -9844.940900802612 -17227.52809524536 8369.648158550262
v -11306.85031414032 -16590.46769142151 8255.461156368256
v -12691.256403923035 -15848.983526229858 8107.768893241882
v -13988.910019397736 -15017.069578170776 7929.927706718445
v -15194.215178489685 -14113.247394561768 7728.33913564682
v -16305.981874465942 -13159.058690071106 7512.237131595612
v -17327.54409313202 -12176.97411775589 7293.088585138321
v -18266.605138778687 -11188.240349292755 7083.895057439804
v -19134.360551834106 -10210.726261138916 6898.239701986313
v -19944.312572479248 -9257.186651229858 6749.3391036987305
v -20710.69300174713 -8333.998918533325 6649.019569158554
v -21446.66612148285 -7440.588623285294 6606.73052072525
v -22162.497639656067 -6569.643616676331 6628.665626049042
v -22863.847017288208 -5708.114057779312 6717.023849487305
v -23550.347685813904 -4838.901311159134 6869.455575942993
v -24214.686155319214 -3943.1744813919067 7078.771144151688
v -24842.199683189392 -3003.118336200714 7332.893013954163
v -25411.351919174194 -2004.7726482152939 7615.228593349457
v -25894.920229911804 -940.7895058393478 7905.396223068237
v -26262.091398239136 187.3977854847908 8180.396854877472
v -26471.940279006958 1367.4463704228401 8408.10477733612
v -26499.098539352417 2575.870156288147 8568.540215492249
v -26341.9246673584 3786.6058945655823 8660.414814949036
v -26007.53903388977 4975.584000349045 8688.220381736755
v -25510.49530506134 6123.540848493576 8661.511838436127
v -24870.734810829163 7218.027412891388 8593.804836273193
v -24111.04917526245 8254.323899745941 8501.139879226685
v -23254.42135334015 9235.126376152039 8400.441706180573
v -22321.534752845764 10169.176161289215 8307.883143424988
v -21328.795552253723 11068.973243236542 8237.332999706268
v -20287.234783172607 11948.012709617615 8199.223279953003
v -19202.16143131256 12818.107903003693 8199.81336593628
v -18073.78649711609 13687.016665935516 8240.958452224731
v -16898.38171005249 14556.853473186493 8320.332169532776
v -15669.946074485779 15423.436760902405 8432.068526744843
v -14381.88761472702 16276.50797367096 8567.638993263245
v -13028.707802295685 17100.693583488464 8716.84044599533
v -11607.185304164886 17877.071499824524 8868.807256221771
v -10117.270052433014 18584.967255592346 9012.905359268188
v -8562.438189983368 19203.69029045105 9139.399230480194
v -6949.604004621506 19714.09499645233 9239.915907382965
v -5288.832485675812 20099.85387325287 9307.756125926971
v -3592.757284641266 20348.294377326965 9337.953329086304
v -1875.8437782526016 20450.926423072815 9327.27724313736
v -153.65945175290108 20403.719544410706 9274.16056394577
v 1557.4227645993233 20198.838114738464 9173.541069030762
v 3241.526260972023 19851.579666137695 9033.224880695343
v 4887.611567974091 19396.539330482483 8871.965110301971
v 6490.059345960617 18867.1213388443 8707.686960697174
v 8048.088848590851 18293.4433221817 8556.868135929108
v 9564.817249774933 17700.442671775818 8433.879017829895
v 11046.041250228882 17106.456756591797 8350.439965724945
v 12498.699724674225 16521.992683410645 8314.899802207947
v 13929.192423820496 15949.251651763916 8331.730663776398
v 15341.72236919403 15382.327437400818 8401.14176273346
v 16736.62841320038 14808.201491832733 8518.880903720856
v 18109.304308891296 14208.541810512543 8676.40882730484
v 19449.493288993835 13562.16162443161 8861.377537250519
v 20741.389989852905 12847.93496131897 9058.521687984467
v 21964.430809020996 12047.674655914307 9250.77885389328
v 23094.77984905243 11148.805618286133 9420.656561851501
v 24107.43534564972 10146.396160125732 9551.754891872406
v 24978.747367858887 9044.210314750671 9630.27834892273
v 25688.969492912292 7854.6541929244995 9646.389484405518
v 26224.65670108795 6597.6762771606445 9595.394432544708
v 26580.569744110107 5298.487097024918 9478.511810302734
v 26760.82134246826 3984.5001697540283 9303.244650363922
v 26779.101490974426 2681.8639039993286 9083.274006843567
v 26657.642126083374 1411.753110587597 8837.63462305069
v 25548.42710494995 187.3961789533496 9705.852270126343
v 25258.798599243164 -953.2958641648293 9463.993906974792
v 24878.069758415222 -2047.9430258274078 9229.571521282196
v 24423.97713661194 -3098.405599594116 9017.545580863953
v 23909.5276594162 -4110.546559095383 8838.585913181305
v 23342.841267585754 -5092.21225976944 8699.145019054413
v 22727.540731430054 -6051.417589187622 8601.821064949036
v 22063.57777118683 -6994.929313659668 8546.018600463867
v 21348.29878807068 -7927.375137805939 8528.741598129272
v 20577.539205551147 -8850.800693035126 8545.37844657898
v 19746.580123901367 -9764.634668827057 8590.393960475922
v 18850.951194763184 -10665.940046310425 8657.909631729126
v 17886.963486671448 -11549.733281135559 8742.046058177948
v 16852.108240127563 -12409.4957113266 8837.239444255829
v 15745.219588279724 -13237.508833408356 8938.301503658295
v 14566.575586795807 -14025.300443172455 9040.51959514618
v 13317.904472351074 -14763.936996459961 9139.612913131714
v 12002.405226230621 -15444.522500038147 9231.86480998993
v 10624.625980854034 -16058.385372161865 9314.01640176773
v 9190.393388271332 -16597.453951835632 9383.32200050354
v 7706.70086145401 -17054.718732833862 9437.687695026398
v 6181.479692459106 -17424.193024635315 9475.4558801651
v 4623.4215795993805 -17701.252698898315 9495.530426502228
v 3041.7852848768234 -17882.636189460754 9497.249722480774
v 1446.1711049079895 -17966.431975364685 9480.327665805817
v -153.66089064627886 -17952.216267585754 9444.88674402237
v -1748.7375810742378 -17858.524918556213 9403.8587808609
v -3332.577422261238 -17695.67370414734 9363.973438739777
v -4897.587597370148 -17452.95524597168 9316.75672531128
v -6434.508115053177 -17122.122645378113 9254.89068031311
v -7932.947874069214 -16698.244214057922 9172.600507736206
v -9382.118582725525 -16180.36150932312 9066.060483455658
v -10771.720111370087 -15571.945309638977 8933.801651000977
v -12092.732191085815 -14880.637228488922 8776.772618293762
v -13338.342905044556 -14118.135273456573 8598.664999008179
v -14504.57900762558 -13299.128115177155 8405.702412128448
v -15590.738654136658 -12440.041601657867 8206.323087215424
v -16599.528193473816 -11557.733416557312 8010.865151882172
v -17536.797523498535 -10667.705833911896 7830.778062343597
v -18410.91513633728 -9782.698452472687 7677.931487560272
v -19231.789112091064 -8911.351561546326 7563.701570034027
v -20009.713768959045 -8057.39164352417 7498.157322406769
v -20753.9302110672 -7219.223231077194 7489.135265350342
v -21471.29237651825 -6390.180587768555 7541.504502296448
v -22164.90089893341 -5559.354722499847 7656.475603580475
v -22833.099961280823 -4712.957292795181 7831.149995326996
v -23468.762040138245 -3836.1476361751556 8058.245480060577
v -24059.03935432434 -2915.2049124240875 8326.087296009064
v -24585.794806480408 -1939.733326435089 8618.959486484528
v -25026.615858078003 -904.8052690923214 8917.832672595978
v -25356.43458366394 187.39772960543633 9201.377034187317
v -25542.680025100708 1325.983665883541 9440.266191959381
v -25564.25392627716 2491.1069869995117 9615.393877029419
v -25418.384671211243 3660.437911748886 9724.257588386536
v -25109.71248149872 4812.83962726593 9769.945442676544
v -24649.232625961304 5930.749922990799 9760.49691438675
v -24052.75583267212 7001.942843198776 9707.918465137482
v -23338.89126777649 8020.440638065338 9626.893401145935
v -22526.915073394775 8986.452519893646 9533.308446407318
v -21634.773015975952 9905.460476875305 9442.742764949799
v -20677.413940429688 10786.59474849701 9369.080364704132
v -19665.71867465973 11640.449166297913 9323.312044143677
v -18606.1030626297 12476.9988656044 9312.830865383148
v -17500.739693641663 13303.524255752563 9340.995848178864
v -16348.380446434021 14123.185873031616 9407.231211662292
v -15145.524144172668 14934.172332286835 9507.413506507874
v -13887.720108032227 15729.639530181885 9634.578824043274
v -12570.932507514954 16498.09241294861 9779.682755470276
v -11192.615032196045 17224.55084323883 9932.57761001587
v -9752.552211284637 17891.77358150482 10082.766115665436
v -8253.334164619446 18481.682538986206 10220.120251178741
v -6700.476408004761 18976.7324924469 10335.423946380615
v -5102.3246347904205 19361.064434051514 10420.73518037796
v -3469.71832215786 19621.4497089386 10469.609498977661
v -1815.4464662075043 19748.003482818604 10477.22339630127
v -153.6594657227397 19734.626412391663 10440.410077571869
v 1500.7291361689568 19580.01136779785 10358.178913593292
v 3134.094402194023 19301.233291625977 10241.339206695557
v 4736.657291650772 18924.014568328857 10106.06199502945
v 6302.789747714996 18473.934531211853 9968.291223049164
v 7830.6591510772705 17974.494695663452 9842.957854270935
v 9321.540892124176 17445.43433189392 9743.256568908691
v 10778.814554214478 16901.251673698425 9679.880440235138
v 12206.763625144958 16350.333094596863 9660.43621301651
v 13609.12710428238 15794.302225112915 9688.741564750671
v 14987.766444683075 15228.243470191956 9764.489829540253
v 16341.33517742157 14641.685485839844 9883.157908916473
v 17664.35444355011 14019.922614097595 10036.047399044037
v 18946.775794029236 13346.274197101593 10210.930109024048
v 20174.058079719543 12604.407370090485 10392.851829528809
v 21327.98731327057 11780.802011489868 10565.342903137207
v 22387.924790382385 10866.872370243073 10711.721777915955
v 23332.698941230774 9860.631823539734 10816.662311553955
v 24142.701029777527 8767.381310462952 10867.599248886108
v 24802.055954933167 7599.57879781723 10856.096148490906
v 25300.546288490295 6375.713646411896 10778.88697385788
v 25635.164380073547 5118.291825056076 10638.622641563416
v 25810.879468917847 3851.137161254883 10444.057881832123
v 25840.705633163452 2596.46013379097 10209.892988204956
v 25744.736194610596 1371.760480105877 9955.926239490509
v 24567.350149154663 187.3961789533496 10803.63392829895
v 24318.864941596985 -915.572214871645 10571.000576019287
v 23986.769914627075 -1980.4168492555618 10351.717472076416
v 23583.086729049683 -3008.7807029485703 10156.955122947693
v 23116.507530212402 -4004.852771759033 9994.403421878815
v 22592.307329177856 -4973.9402532577515 9868.344068527222
v 22012.80176639557 -5921.270549297333 9780.116379261017
v 21377.896070480347 -6851.039528846741 9728.595614433289
v 20685.843229293823 -7765.835523605347 9710.85637807846
v 19933.987855911255 -8666.353225708008 9722.745716571808
v 19119.41349506378 -9551.372230052948 9759.413301944733
v 18239.42720890045 -10417.8786277771 9815.669059753418
v 17291.99230670929 -11261.308193206787 9886.297881603241
v 16275.925040245056 -12075.773477554321 9966.16154909134
v 15191.073417663574 -12854.334712028503 10050.309598445892
v 14038.448631763458 -13589.285016059875 10134.037435054779
v 12820.275127887726 -14272.452592849731 10212.941765785217
v 11540.021002292633 -14895.517230033875 10282.96172618866
v 10202.408730983734 -15450.350046157837 10340.47544002533
v 8813.383877277374 -15929.483771324158 10382.440388202667
v 7379.991263151169 -16326.465010643005 10406.49265050888
v 5910.225212574005 -16636.192202568054 10411.030054092407
v 4412.781447172165 -16855.244636535645 10395.30873298645
v 2896.812781691551 -16981.998682022095 10359.417200088501
v 1371.622234582901 -17016.85130596161 10304.409563541412
v -153.66083476692438 -16962.313055992126 10232.342183589935
v -1670.8435490727425 -16832.98945426941 10154.483914375305
v -3173.6035645008087 -16636.7107629776 10076.18397474289
v -4655.080586671829 -16368.3021068573 9991.880357265472
v -6107.542365789413 -16024.153232574463 9896.786212921143
v -7522.740662097931 -15602.881908416748 9787.326157093048
v -8892.384767532349 -15105.661153793335 9661.364257335663
v -10208.722651004791 -14536.522328853607 9518.565237522125
v -11465.12120962143 -13902.280926704407 9360.558986663818
v -12656.604945659637 -13212.212920188904 9191.016554832458
v -13780.30925989151 -12477.445006370544 9015.602767467499
v -14835.745990276337 -11710.031032562256 8841.699063777924
v -15824.781060218811 -10921.946167945862 8678.036034107208
v -16751.516461372375 -10123.975574970245 8534.191846847534
v -17621.74129486084 -9324.687123298645 8419.961929321289
v -18442.237973213196 -8529.54626083374 8344.64818239212
v -19219.892621040344 -7740.33397436142 8316.306173801422
v -19960.681200027466 -6954.963058233261 8341.063857078552
v -20668.659210205078 -6167.672127485275 8422.439396381378
v -21344.967484474182 -5369.708687067032 8560.77790260315
v -21987.09547519684 -4550.3707230091095 8752.845525741577
v -22588.403820991516 -3698.4195560216904 8991.639018058777
v -23137.922286987305 -2803.7171065807343 9266.34281873703
v -23620.811104774475 -1858.9096516370773 9562.747478485107
v -24019.02973651886 -861.0015548765659 9863.731563091278
v -24312.65652179718 187.39767372608185 10150.238871574402
v -24476.83095932007 1276.9430503249168 10397.01908826828
v -24494.705200195312 2391.412854194641 10586.806833744049
v -24362.55991458893 3512.2400522232056 10715.773701667786
v -24082.68392086029 4621.314704418182 10785.237550735474
v -23662.74118423462 5702.953040599823 10801.197588443756
v -23114.52805995941 6745.388209819794 10773.443877696991
v -22452.537417411804 7741.653621196747 10714.513063430786
v -21692.309975624084 8689.712584018707 10638.413429260254
v -20848.87146949768 9591.95762872696 10559.32492017746
v -19935.33432483673 10454.062521457672 10490.305423736572
v -18962.055444717407 11283.491849899292 10442.309081554413
v -17936.021089553833 12087.807655334473 10423.30116033554
v -16860.995292663574 12873.110175132751 10437.884330749512
v -15737.89894580841 13642.726242542267 10487.150251865387
v -14565.627872943878 14396.364390850067 10568.892359733582
v -13341.95852279663 15129.804611206055 10678.060054779053
v -12064.653038978577 15835.02173423767 10807.403326034546
v -10732.285380363464 16500.81217288971 10948.184430599213
v -9345.016479492188 17113.664746284485 11090.87884426117
v -7905.099391937256 17658.791542053223 11225.852966308594
v -6417.094767093658 18121.259808540344 11343.897879123688
v -4887.934774160385 18486.979007720947 11436.671018600464
v -3326.7630636692047 18743.6306476593 11497.018039226532
v -1744.5524409413338 18881.410360336304 11519.204378128052
v -153.6594657227397 18893.63408088684 11499.071717262268
v 1432.93809145689 18783.87987613678 11439.675092697144
v 3004.0378868579865 18569.272756576538 11353.99729013443
v 4551.316201686859 18267.465233802795 11254.80830669403
v 6069.405376911163 17896.642684936523 11155.17407655716
v 7555.713951587677 17473.833560943604 11067.58564710617
v 9009.93436574936 17013.44668865204 11003.166139125824
v 10433.291494846344 16526.053547859192 10970.886647701263
v 11827.569901943207 16017.50135421753 10976.876020431519
v 13194.013237953186 15488.564372062683 11023.855805397034
v 14532.260298728943 14935.01901626587 11110.744178295135
v 15839.293599128723 14348.487854003906 11232.58352279663
v 17108.84928703308 13717.660009860992 11380.742490291595
v 18331.047892570496 13029.997944831848 11543.422937393188
v 19492.59638786316 12273.688316345215 11706.522703170776
v 20577.503442764282 11439.545452594757 11854.756772518158
v 21568.23992729187 10522.741377353668 11973.012685775757
v 22447.219491004944 9523.936808109283 12047.663033008575
v 23198.620676994324 8449.787199497223 12068.01027059555
v 23810.078501701355 7312.622219324112 12027.434706687927
v 24274.218678474426 6129.426062107086 11924.353837966919
v 24589.78772163391 4920.034557580948 11762.78829574585
v 24762.221574783325 3704.8932909965515 11552.526354789734
v 24803.513288497925 2502.6051700115204 11308.806538581848
v 24731.28855228424 1327.429823577404 11051.430702209473
v 23484.883904457092 187.3961789533496 11880.117952823639
v 23271.092176437378 -872.6622350513935 11657.51963853836
v 22979.074716567993 -1900.8788466453552 11452.20547914505
v 22616.81020259857 -2898.433282971382 11272.081732749939
v 22189.981341362 -3868.0368661880493 11122.29734659195
v 21702.03745365143 -4812.981337308884 11005.415618419647
v 21154.46627140045 -5736.321061849594 10921.727120876312
v 20547.287464141846 -6640.280932188034 10869.726240634918
v 19879.521131515503 -7525.8806347846985 10846.57073020935
v 19149.699211120605 -8392.764329910278 10848.526060581207
v 18356.282114982605 -9239.16757106781 10871.315896511078
v 17497.984170913696 -10062.016546726227 10910.390317440033
v 16574.040055274963 -10857.023298740387 10961.077809333801
v 15584.37466621399 -11618.861854076385 11018.698811531067
v 14529.738128185272 -12341.349720954895 11078.635454177856
v 13411.796987056732 -13017.601668834686 11136.33245229721
v 12233.256697654724 -13640.339076519012 11187.443733215332
v 10997.881293296814 -14202.14295387268 11227.87356376648
v 9710.56044101715 -14695.861637592316 11253.983974456787
v 8377.251327037811 -15114.916563034058 11262.660026550293
v 7004.931718111038 -15453.878045082092 11251.637935638428
v 5601.41533613205 -15708.743333816528 11219.575703144073
v 4175.1158237457275 -15877.341628074646 11166.238188743591
v 2734.7711473703384 -15959.53345298767 11092.596352100372
v 1289.086751639843 -15957.546830177307 11001.043617725372
v -153.6607788875699 -15875.957608222961 10895.437896251678
v -1586.2104669213295 -15726.047158241272 10785.23576259613
v -3002.6500672101974 -15513.473153114319 10674.290657043457
v -4396.922886371613 -15236.93561553955 10559.671819210052
v -5762.659013271332 -14895.992875099182 10438.876748085022
v -7093.378007411957 -14491.541683673859 10310.21922826767
v -8382.779359817505 -14025.99424123764 10173.025131225586
v -9625.0981092453 -13503.40873003006 10027.851462364197
v -10815.468728542328 -12929.528653621674 9876.725971698761
v -11950.227320194244 -12311.413586139679 9723.068475723267
v -13027.194142341614 -11657.102108001709 9571.731090545654
v -14045.829176902771 -10975.01277923584 9428.801536560059
v -15007.16507434845 -10273.251235485077 9301.289319992065
v -15913.723111152649 -9558.91728401184 9196.79045677185
v -16769.086718559265 -8837.395012378693 9122.931361198425
v -17577.436566352844 -8111.8181347846985 9086.87174320221
v -18342.910408973694 -7382.708787918091 9094.714522361755
v -19068.873524665833 -6647.869795560837 9150.911271572113
v -19757.22849369049 -5902.581363916397 9257.755279541016
v -20407.683849334717 -5140.106230974197 9414.879083633423
v -21017.27843284607 -4352.489858865738 9618.96926164627
v -21580.01661300659 -3531.5776616334915 9863.566160202026
v -22086.798548698425 -2670.2481508255005 10139.098763465881
v -22525.683045387268 -1763.5925486683846 10433.093011379242
v -22882.502675056458 -810.1143501698971 10730.743110179901
v -23141.770362854004 187.39758990705013 11015.612483024597
v -23285.223841667175 1221.10515832901 11267.06600189209
v -23299.866914749146 2278.100699186325 11470.254063606262
v -23181.4044713974 3343.3355391025543 11620.197594165802
v -22930.267453193665 4401.642680168152 11716.43078327179
v -22551.194429397583 5439.2847418785095 11762.650609016418
v -22052.473425865173 6445.212364196777 11766.116917133331
v -21444.85294818878 7411.856800317764 11736.751198768616
v -20740.376114845276 8335.39992570877 11686.134338378906
v -19951.186180114746 9215.562343597412 11626.428365707397
v -19088.44292163849 10054.92389202118 11569.29463148117
v -18161.580562591553 10857.865512371063 11524.962186813354
v -17177.751660346985 11629.436016082764 11501.491963863373
v -16141.771674156189 12374.099493026733 11504.25910949707
v -15056.26916885376 13094.695508480072 11535.733044147491
v -13922.197222709656 13791.6898727417 11595.533788204193
v -12739.406526088715 14462.723135948181 11680.652797222137
v -11507.464349269867 15102.54442691803 11785.916090011597
v -10226.260721683502 15703.28414440155 11904.485821723938
v -8896.671831607819 16255.0288438797 12028.481662273407
v -7521.005272865295 16746.482849121094 12149.506509304047
v -6103.255748748779 17165.833711624146 12259.189188480377
v -4649.265110492706 17501.551508903503 12349.639534950256
v -3166.6716188192368 17743.21138858795 12413.82122039795
v -1664.6629571914673 17882.185578346252 12445.849478244781
v -153.65947969257832 17912.23168373108 12441.25485420227
v 1355.4979115724564 17840.269804000854 12406.775057315826
v 2853.97008061409 17682.22153186798 12356.623113155365
v 4334.924519062042 17448.883652687073 12299.756705760956
v 5793.434232473373 17151.909470558167 12245.815694332123
v 7226.409763097763 16802.423000335693 12204.229831695557
v 8632.27754831314 16409.865617752075 12183.423042297363
v 10010.433197021484 15981.005430221558 12190.055251121521
v 11360.506117343903 15519.222021102905 12228.314280509949
v 12681.557536125183 15024.299025535583 12299.466133117676
v 13971.300423145294 14492.50727891922 12401.488423347473
v 15225.31807422638 13917.291462421417 12529.01315689087
v 16436.70916557312 13290.276825428009 12673.588693141937
v 17595.857977867126 12602.587044239044 12824.135720729828
v 18690.712451934814 11846.39722108841 12967.828810214996
v 19707.423448562622 11016.33757352829 13091.090619564056
v 20631.279945373535 10110.740661621094 13180.784583091736
v 21447.973251342773 9132.466614246368 13225.481808185577
v 22145.00069618225 8089.110553264618 13216.643035411835
v 22712.99421787262 6992.634683847427 13149.654865264893
v 23146.864771842957 5858.419686555862 13024.595081806183
v 23446.59984111786 4703.748822212219 12846.671640872955
v 23617.608547210693 3545.946478843689 12626.247704029083
v 23670.494556427002 2400.4503339529037 12378.492057323456
v 23620.24426460266 1278.8332253694534 12122.503817081451
v 22301.312685012817 187.3961789533496 12928.307354450226
v 22116.41550064087 -824.439637362957 12715.094089508057
v 21857.18536376953 -1809.3063309788704 12520.861029624939
v 21528.913378715515 -2767.7612006664276 12350.99047422409
v 21135.3600025177 -3701.2499570846558 12208.695709705353
v 20678.853392601013 -4611.469209194183 12095.249891281128
v 20160.49861907959 -5499.83873963356 12010.233700275421
v 19580.52635192871 -6367.121636867523 11951.909065246582
v 18938.618302345276 -7213.188260793686 11917.570531368256
v 18234.243392944336 -8036.911189556122 11903.859078884125
v 17466.91346168518 -8836.152255535126 11906.997263431549
v 16636.42108440399 -9607.802331447601 11922.964453697205
v 15743.004083633423 -10347.862243652344 11947.614848613739
v 14787.46086359024 -11051.534414291382 11976.713240146637
v 13771.282732486725 -11713.367700576782 12006.025314331055
v 12696.716487407684 -12327.390611171722 12031.330168247223
v 11566.877961158752 -12887.341976165771 12048.550844192505
v 10385.77526807785 -13386.908769607544 12053.826749324799
v 9158.37049484253 -13820.079267024994 12043.732702732086
v 7890.570759773254 -14181.560575962067 12015.521228313446
v 6589.0949964523315 -14467.071890830994 11967.220902442932
v 5261.389911174774 -14673.877358436584 11898.026168346405
v 3915.3264462947845 -14800.95237493515 11808.293759822845
v 2558.9818507432938 -14849.481582641602 11699.975430965424
v 1200.2265080809593 -14822.894632816315 11576.625108718872
v -153.6607090383768 -14727.104008197784 11443.684995174408
v -1496.42676115036 -14570.429921150208 11308.59911441803
v -2822.7223455905914 -14356.622993946075 11173.625886440277
v -4127.275496721268 -14086.724817752838 11037.896275520325
v -5404.8603773117065 -13762.241005897522 10900.784432888031
v -6650.374084711075 -13385.286927223206 10762.048065662384
v -7859.0163588523865 -12958.842515945435 10622.162818908691
v -9026.457667350769 -12486.613690853119 10482.271313667297
v -10149.05869960785 -11973.186135292053 10344.507694244385
v -11224.012076854706 -11423.718631267548 10211.870670318604
v -12249.506413936615 -10843.788385391235 10088.319182395935
v -13224.813044071198 -10238.998532295227 9978.615939617157
v -14150.186777114868 -9614.5498752594 9888.09585571289
v -15026.816725730896 -8974.80994462967 9822.416603565216
v -15856.520533561707 -8322.90530204773 9787.192046642303
v -16641.445755958557 -7660.409510135651 9787.615835666656
v -17383.598685264587 -6987.100839614868 9827.98308134079
v -18084.40089225769 -6300.958693027496 9911.275506019592
v -18744.179606437683 -5598.307102918625 10038.747489452362
v -19361.692070961 -4874.198734760284 10209.52194929123
v -19933.79831314087 -4122.988432645798 10420.381128787994
v -20455.239415168762 -3339.0574157238007 10665.600299835205
v -20918.57671737671 -2517.6863372325897 10936.957597732544
v -21314.41354751587 -1655.8894515037537 11223.917305469513
v -21631.81185722351 -753.2620802521706 11514.049172401428
v -21858.948469161987 187.39752005785704 11793.569326400757
v -21982.816457748413 1159.604787826538 12046.388983726501
v -21993.709802627563 2153.2735973596573 12260.288000106812
v -21887.17782497406 3156.435415148735 12429.488897323608
v -21662.362217903137 4156.6237807273865 12552.001476287842
v -21321.773529052734 5142.04278588295 12629.371583461761
v -20870.82803249359 6102.578490972519 12666.311860084534
v -20317.132472991943 7030.494958162308 12670.03208398819
v -19669.675827026367 7920.767068862915 12649.47921037674
v -18937.95669078827 8771.072924137115 12614.472806453705
v -18131.189346313477 9581.446945667267 12574.85032081604
v -17257.676124572754 10353.612899780273 12539.674043655396
v -16324.326395988464 11090.240478515625 12516.556978225708
v -15336.49742603302 11794.049441814423 12511.187195777893
v -14297.992587089539 12467.022836208344 12526.998817920685
v -13211.326897144318 13109.755218029022 12565.115690231323
v -12078.056931495667 13721.044063568115 12624.429166316986
v -10899.345874786377 14297.667145729065 12701.858282089233
v -9676.368534564972 14834.473729133606 12792.695760726929
v -8410.817384719849 15324.656367301941 12891.048789024353
v -7105.286121368408 15760.195255279541 12990.299463272095
v -5763.493627309799 16132.43043422699 13083.55450630188
v -4390.480667352676 16432.684063911438 13164.079785346985
v -2992.62598156929 16652.873754501343 13225.657045841217
v -1577.5015577673912 16786.115169525146 13262.947797775269
v -153.65949366241693 16827.253103256226 13271.761536598206
v 1270.1385095715523 16785.115599632263 13261.885643005371
v 2687.159925699234 16673.70557785034 13247.908651828766
v 4091.951698064804 16498.435735702515 13235.001862049103
v 5480.104833841324 16265.5770778656 13229.204714298248
v 6848.258972167969 15981.312990188599 13236.638009548187
v 8193.896412849426 15650.79152584076 13262.70192861557
v 9514.9827003479 15277.478098869324 13311.448395252228
v 10809.440910816193 14862.603843212128 13384.923040866852
v 12074.601352214813 14405.061900615692 13482.794165611267
v 13306.68032169342 13901.512026786804 13602.046072483063
v 14500.233829021454 13346.932232379913 13736.974596977234
v 15647.991299629211 12735.417187213898 13879.448175430298
v 16740.785837173462 12061.18494272232 14019.386172294617
v 17767.805457115173 11319.686472415924 14145.497381687164
v 18717.17870235443 10508.619546890259 14246.171414852142
v 19576.735496520996 9628.795087337494 14310.530126094818
v 20334.99240875244 8684.629797935486 14329.482614994049
v 20982.22017288208 7684.1801404953 14296.703338623047
v 21511.448621749878 6638.744026422501 14209.502041339874
v 21919.25883293152 5562.020391225815 14069.378077983856
v 22206.332087516785 4468.86733174324 13882.32171535492
v 22377.61616706848 3373.827114701271 13658.765852451324
v 22442.0428276062 2289.646491408348 13413.152396678925
v 22411.81790828705 1225.779466331005 13163.10167312622
v 21015.357971191406 187.3961789533496 13935.675323009491
v 20854.573845863342 -770.6519030034542 13730.455040931702
v 20622.507333755493 -1705.4970189929008 13543.772399425507
v 20322.775840759277 -2617.0042902231216 13379.205465316772
v 19958.016872406006 -3505.5557638406754 13238.67917060852
v 19529.94167804718 -4371.61311507225 13122.594058513641
v 19039.573073387146 -5215.393155813217 13030.148148536682
v 18487.436771392822 -6036.618500947952 12959.568500518799
v 17873.781323432922 -6834.363788366318 12908.341884613037
v 17198.80700111389 -7606.994211673737 12873.47674369812
v 16462.844610214233 -8352.157473564148 12851.653397083282
v 15666.496753692627 -9066.8123960495 12839.33937549591
v 14810.769259929657 -9747.280776500702 12832.88061618805
v 13897.14002609253 -10389.323830604553 12828.52292060852
v 12927.67345905304 -10988.245904445648 12822.495996952057
v 11905.059814453125 -11539.008021354675 12811.026871204376
v 10832.709968090057 -12036.429941654205 12790.486514568329
v 9714.79207277298 -12475.436925888062 12757.534682750702
v 8556.240499019623 -12851.293981075287 12709.24597978592
v 7362.747341394424 -13159.984946250916 12643.384337425232
v 6140.659600496292 -13398.53972196579 12558.604180812836
v 4896.854013204575 -13565.376698970795 12454.711496829987
v 3638.497442007065 -13660.579919815063 12332.831919193268
v 2372.8052526712418 -13686.225414276123 12195.744216442108
v 1106.6803336143494 -13646.494746208191 12047.995626926422
v -153.6606391891837 -13547.784090042114 11896.130740642548
v -1402.9623940587044 -13395.884335041046 11745.49251794815
v -2636.4898681640625 -13192.740082740784 11596.530675888062
v -3849.6842980384827 -12940.64462184906 11449.9032497406
v -5038.218945264816 -12642.019987106323 11306.282579898834
v -6198.013722896576 -12299.502789974213 11166.48405790329
v -7325.313538312912 -11916.050612926483 11031.663715839386
v -8416.770100593567 -11494.883000850677 10903.336107730865
v -9469.524621963501 -11039.490401744843 10783.509314060211
v -10481.284260749817 -10553.542077541351 10674.715340137482
v -11450.397670269012 -10040.753781795502 10580.028891563416
v -12375.866174697876 -9504.657983779907 10502.943992614746
v -13257.288336753845 -8948.416113853455 10447.307825088501
v -14094.81793642044 -8374.544978141785 10417.114198207855
v -14888.943135738373 -7784.688770771027 10416.233539581299
v -15640.296936035156 -7179.448306560516 10448.160767555237
v -16349.371075630188 -6558.277755975723 10515.690743923187
v -17016.189694404602 -5919.48464512825 10620.583891868591
v -17640.01965522766 -5260.361284017563 10763.26847076416
v -18219.04957294464 -4577.469974756241 10942.566990852356
v -18750.162720680237 -3867.0140504837036 11155.451238155365
v -19228.82080078125 -3125.3640353679657 11397.008299827576
v -19649.013876914978 -2349.64482486248 11660.345792770386
v -20003.462433815002 -1538.3148193359375 11936.854720115662
v -20283.830165863037 -691.7323172092438 12216.343581676483
v -20481.210350990295 187.3974222689867 12487.536370754242
v -20586.52639389038 1093.732975423336 12738.305926322937
v -20592.663288116455 2019.4394141435623 12958.912253379822
v -20495.452880859375 2955.1029950380325 13143.308758735657
v -20293.312668800354 3890.6125724315643 13288.389444351196
v -19987.247586250305 4816.029667854309 13394.007682800293
v -19580.540657043457 5722.339600324631 13462.619483470917
v -19078.332781791687 6602.039784193039 13498.924970626831
v -18487.11848258972 7449.492663145065 13509.331047534943
v -17814.136147499084 8261.025846004486 13501.283526420593
v -17066.774368286133 9034.817218780518 13482.625186443329
v -16252.124905586243 9770.515859127045 13460.952937602997
v -15376.541018486023 10468.798577785492 13443.051874637604
v -14445.472955703735 11130.770444869995 13434.446454048157
v -13463.366031646729 11757.409572601318 13439.084887504578
v -12433.753609657288 12349.069118499756 13459.17284488678
v -11359.4251871109 12905.10892868042 13495.154678821564
v -10242.770612239838 13423.63715171814 13545.809090137482
v -9086.033999919891 13901.49861574173 13608.484268188477
v -7891.664206981659 14334.35708284378 13679.368793964386
v -6662.598699331284 14716.936647891998 13753.845691680908
v -5402.456670999527 15043.390989303589 13826.848268508911
v -4115.707129240036 15307.70480632782 13893.221318721771
v -2807.7343851327896 15504.140853881836 13948.062658309937
v -1484.747752547264 15627.70664691925 13987.038731575012
v -153.65950763225555 15674.521923065186 14006.66356086731
v 1178.5932630300522 15654.151439666748 14018.959701061249
v 2506.991922855377 15578.400492668152 14038.231372833252
v 3827.2395730018616 15448.799729347229 14066.26582145691
v 5135.4387402534485 15267.627239227295 14105.744361877441
v 6428.13116312027 15037.241578102112 14159.566462039948
v 7702.175974845886 14759.477376937866 14230.187237262726
v 8954.52618598938 14435.209035873413 14319.064915180206
v 10181.89787864685 14064.013659954071 14426.15658044815
v 11380.407214164734 13644.135296344757 14549.590945243835
v 12545.267343521118 13172.599375247955 14685.465395450592
v 13670.459389686584 12645.70266008377 14827.915728092194
v 14748.678803443909 12059.525549411774 14969.29943561554
v 15771.360397338867 11410.712599754333 15100.661516189575
v 16728.9537191391 10697.23516702652 15212.379097938538
v 17611.39690876007 9919.056594371796 15294.899940490723
v 18408.724665641785 9078.686535358429 15339.608788490295
v 19111.79780960083 8181.43755197525 15339.66064453125
v 19713.100790977478 7235.343754291534 15290.762186050415
v 20207.449793815613 6250.749975442886 15191.829800605774
v 20592.51308441162 5239.619314670563 15045.356154441833
v 20869.19367313385 4214.561283588409 14857.649803161621
v 21041.622161865234 3187.682256102562 14638.617932796478
v 21116.90640449524 2169.511467218399 14401.377439498901
v 21104.493141174316 1167.9043248295784 14161.409139633179
v 19625.569581985474 187.3961789533496 14883.934557437897
v 19485.27216911316 -711.0282406210899 14685.285687446594
v 19276.528358459473 -1589.229516685009 14502.92944908142
v 19001.95062160492 -2446.3988095521927 14339.281618595123
v 18663.56134414673 -3282.043933868408 14195.476770401001
v 18262.842893600464 -4095.7072377204895 14071.514010429382
v 17800.8770942688 -4886.743426322937 13966.4626121521
v 17278.509736061096 -5654.161870479584 13878.656923770905
v 16696.470379829407 -6396.532952785492 13805.88948726654
v 16055.549383163452 -7111.943811178207 13745.56839466095
v 15356.690883636475 -7797.987163066864 13694.82547044754
v 14601.107239723206 -8451.800644397736 13650.628924369812
v 13790.363073348999 -9070.088267326355 13609.81822013855
v 12926.43517255783 -9649.198651313782 13569.164872169495
v 12011.788487434387 -10185.216665267944 13525.450229644775
v 11049.414575099945 -10674.055516719818 13475.483357906342
v 10042.886137962341 -11111.630201339722 13416.254818439484
v 8996.381163597107 -11494.061350822449 13345.068991184235
v 7914.683818817139 -11817.888021469116 13259.70858335495
v 6803.140193223953 -12080.320715904236 13158.602714538574
v 5667.590796947479 -12279.591858386993 13041.157722473145
v 4514.22393321991 -12415.155172348022 12907.894849777222
v 3349.3709564208984 -12487.90830373764 12760.631740093231
v 2179.3024241924286 -12500.516474246979 12602.876722812653
v 1009.8990797996521 -12457.382082939148 12439.82881307602
v -153.66056933999062 -12364.719808101654 12278.579771518707
v -1307.0346415042877 -12226.150631904602 12122.315168380737
v -2446.080967783928 -12042.020559310913 11969.548165798187
v -3566.8446868658066 -11815.056502819061 11821.905970573425
v -4665.677547454834 -11547.933518886566 11680.878102779388
v -5739.209800958633 -11243.273913860321 11547.869145870209
v -6784.377247095108 -10903.757214546204 11424.42137002945
v -7798.445820808411 -10532.011091709137 11312.146782875061
v -8779.015839099884 -10130.623877048492 11212.829947471619
v -9724.074304103851 -9702.160656452179 11128.53616476059
v -10631.985068321228 -9249.010384082794 11061.531007289886
v -11501.506268978119 -8773.336708545685 11014.284789562225
v -12331.721484661102 -8276.95906162262 10989.408195018768
v -13122.02364206314 -7761.223018169403 10989.530682563782
v -13871.967494487762 -7226.891666650772 11017.13240146637
v -14581.145346164703 -6674.059331417084 11074.368953704834
v -15249.014496803284 -6102.121621370316 11162.846088409424
v -15874.705910682678 -5509.7924172878265 11283.3970785141
v -16456.827521324158 -4895.206689834595 11435.852944850922
v -16993.26753616333 -4256.124347448349 11618.83682012558
v -17481.0791015625 -3590.1883989572525 11829.630732536316
v -17916.389107704163 -2895.258218050003 12064.067423343658
v -18294.382095336914 -2169.8270738124847 12316.548228263855
v -18609.437942504883 -1413.3770763874054 12580.108344554901
v -18855.26955127716 -626.7825700342655 12846.601009368896
v -19025.251865386963 187.397338449955 13106.997013092041
v -19113.033413887024 1024.7443243861198 13352.2367477417
v -19113.450050354004 1879.1279196739197 13574.687540531158
v -19022.911190986633 2743.151932954788 13768.54419708252
v -18839.630484580994 3608.696535229683 13930.183053016663
v -18563.708066940308 4467.507898807526 14058.231711387634
v -18197.001814842224 5311.7649257183075 14153.451025485992
v -17742.88773536682 6134.534776210785 14218.480288982391
v -17205.93810081482 6930.085122585297 14257.509112358093
v -16591.54772758484 7694.052457809448 14275.806248188019
v -15905.515551567078 8423.451483249664 14279.262721538544
v -15153.73170375824 9116.500318050385 14273.914396762848
v -14341.810941696167 9772.38804101944 14265.471696853638
v -13474.940657615662 10390.905439853668 14258.94945859909
v -12557.733356952667 10972.083806991577 14258.36205482483
v -11594.23828125 11515.831053256989 14266.532063484192
v -10587.971806526184 12021.661698818207 14284.998178482056
v -9542.131125926971 12488.43938112259 14314.020574092865
v -8459.70332622528 12914.31874036789 14352.686405181885
v -7343.70544552803 13296.727538108826 14399.08504486084
v -6197.369545698166 13632.456958293915 14450.523555278778
v -5024.267882108688 13917.883336544037 14503.794014453888
v -3828.471153974533 14149.18452501297 14555.460512638092
v -2614.603713154793 14322.634935379028 14602.105915546417
v -1387.8042250871658 14434.91131067276 14640.61439037323
v -153.6595355719328 14483.355581760406 14668.401181697845
v 1082.3523625731468 14477.308988571167 14698.833525180817
v 2316.473051905632 14426.434636116028 14745.486080646515
v 3545.2810674905777 14329.81252670288 14807.466566562653
v 4765.326976776123 14187.056422233582 14884.6435546875
v 5973.1753170490265 13997.932076454163 14977.157413959503
v 7165.348827838898 13762.007653713226 15084.884762763977
v 8338.19568157196 13478.389978408813 15207.020044326782
v 9487.712681293488 13145.594000816345 15341.734886169434
v 10609.324872493744 12761.52491569519 15485.875010490417
v 11697.75366783142 12323.63909482956 15634.916424751282
v 12746.82104587555 11829.284727573395 15782.986879348755
v 13749.509453773499 11276.10057592392 15923.091173171997
v 14698.034226894379 10662.524700164795 16047.499179840088
v 15584.086775779724 9988.295137882233 16148.237586021423
v 16399.240493774414 9254.86296415329 16217.72289276123
v 17135.38885116577 8465.70611000061 16249.399781227112
v 17785.27557849884 7626.423239707947 16238.381266593933
v 18343.07312965393 6744.591593742371 16182.0387840271
v 18804.84938621521 5829.393714666367 16080.451011657715
v 19168.896675109863 4891.062676906586 15936.638116836548
v 19435.93919277191 3940.139561891556 15756.656527519226
v 19609.08830165863 2986.6357147693634 15549.341440200806
v 19693.631529808044 2039.2951369285583 15326.011776924133
v 19696.478247642517 1104.8011109232903 15099.590420722961
v 18131.990432739258 187.3961789533496 15750.12981891632
v 18009.6834897995 -645.412802696228 15557.191371917725
v 17822.043299674988 -1460.4894071817398 15377.01666355133
v 17571.110129356384 -2256.4398497343063 15211.33840084076
v 17258.591651916504 -3032.1011692285538 15060.9290599823
v 16885.90407371521 -3786.3443791866302 14925.653636455536
v 16454.281210899353 -4517.941921949387 14804.698526859283
v 15964.860320091248 -5225.457698106766 14696.677029132843
v 15418.762564659119 -5907.1773290634155 14599.743783473969
v 14817.220866680145 -6561.091840267181 14511.767327785492
v 14161.635339260101 -7184.8806738853455 14430.380165576935
v 13453.645706176758 -7775.945663452148 14353.058338165283
v 12695.208191871643 -8331.44098520279 14277.214407920837
v 11888.624131679535 -8848.332166671753 14200.202822685242
v 11036.591827869415 -9323.464930057526 14119.412004947662
v 10142.242312431335 -9753.672480583191 14032.335877418518
v 9209.162592887878 -10135.900676250458 13936.67757511139
v 8241.408169269562 -10467.378795146942 13830.507695674896
v 7243.467718362808 -10745.7634806633 13712.361752986908
v 6220.2487885952 -10969.380140304565 13581.472635269165
v 5176.965594291687 -11137.399971485138 13437.932431697845
v 4119.051843881607 -11250.085830688477 13282.96959400177
v 3051.9571155309677 -11308.887004852295 13119.01867389679
v 1980.9841364622116 -11316.618025302887 12949.973344802856
v 911.0314026474953 -11277.501583099365 12781.329452991486
v -153.66051346063614 -11197.12918996811 12620.25386095047
v -1209.5317617058754 -11077.260375022888 12467.688024044037
v -2252.969518303871 -10917.008221149445 12320.327460765839
v -3280.5072516202927 -10718.984305858612 12180.238366127014
v -4288.985878229141 -10485.686659812927 12049.282193183899
v -5275.513976812363 -10219.485461711884 11929.180026054382
v -6237.458735704422 -9922.613203525543 11821.551024913788
v -7172.440141439438 -9597.139656543732 11727.940142154694
v -8078.320920467377 -9244.98975276947 11649.91557598114
v -8953.20475101471 -8867.914080619812 11589.072346687317
v -9795.41927576065 -8467.459380626678 11547.04213142395
v -10603.523254394531 -8044.922053813934 11525.490581989288
v -11376.236379146576 -7601.332068443298 11526.093184947968
v -12112.441956996918 -7137.374728918076 11550.454795360565
v -12811.087667942047 -6653.361618518829 11600.025594234467
v -13471.110463142395 -6149.199306964874 11675.965189933777
v -14091.331958770752 -5624.382644891739 11779.006719589233
v -14670.353829860687 -5078.047513961792 11909.32184457779
v -15206.440687179565 -4509.02983546257 12066.352665424347
v -15697.392225265503 -3916.010409593582 12248.623967170715
v -16140.50567150116 -3297.703340649605 12453.758418560028
v -16532.49442577362 -2653.0462503433228 12678.265571594238
v -16869.5068359375 -1981.4935326576233 12917.60265827179
v -17147.220969200134 -1283.2413241267204 13166.282773017883
v -17360.917925834656 -559.4809725880623 13417.860567569733
v -17505.712509155273 187.39722669124603 13665.238916873932
v -17577.064633369446 953.7023305892944 13901.512026786804
v -17571.208477020264 1734.5498129725456 14120.648503303528
v -17485.275864601135 2524.091452360153 14317.524433135986
v -17317.623496055603 3315.8259093761444 14488.478600978851
v -17067.972421646118 4103.002846240997 14631.555676460266
v -16737.316846847534 4878.998100757599 14746.369421482086
v -16327.8329372406 5637.662261724472 14834.030270576477
v -15842.733979225159 6373.583078384399 14897.0165848732
v -15285.98427772522 7082.244157791138 14938.766062259674
v -14662.070274353027 7760.120630264282 14963.462054729462
v -13975.76630115509 8404.59555387497 14975.621402263641
v -13231.86993598938 9013.904929161072 14979.80922460556
v -12435.062527656555 9586.896300315857 14980.28576374054
v -11589.775085449219 10122.831165790558 14980.790913105011
v -10700.13552904129 10621.147155761719 14984.32606458664
v -9769.944548606873 11081.260442733765 14993.049502372742
v -8802.786469459534 11502.369046211243 15008.221864700317
v -7802.049815654755 11883.366107940674 15030.22849559784
v -6771.067231893539 12222.777307033539 15058.6599111557
v -5713.23037147522 12518.783211708069 15092.441439628601
v -4632.059186697006 12769.306898117065 15129.99951839447
v -3531.3179343938828 12972.111403942108 15169.445872306824
v -2415.069043636322 13124.97764825821 15208.775997161865
v -1287.6521050930023 13225.863575935364 15246.04082107544
v -153.6595495417714 13273.070454597473 15279.536247253418
v 982.4999794363976 13275.071382522583 15323.11499118805
v 2117.893472313881 13239.585757255554 15389.358401298523
v 3249.69045817852 13164.449036121368 15475.535988807678
v 4374.796450138092 13047.81585931778 15579.496622085571
v 5489.883273839951 12887.98302412033 15699.284076690674
v 6591.371297836304 12683.230340480804 15832.822322845459
v 7675.367295742035 12431.727647781372 15977.611541748047
v 8737.572133541107 12131.473124027252 16130.474209785461
v 9773.19359779358 11780.37017583847 16287.41204738617
v 10776.901245117188 11376.356184482574 16443.582773208618
v 11742.737889289856 10917.651951313019 16593.34123134613
v 12664.236724376678 10403.034389019012 16730.452179908752
v 13534.511625766754 9832.165539264679 16848.390698432922
v 14346.47262096405 9205.89655637741 16940.744519233704
v 15093.135237693787 8526.495695114136 17001.6610622406
v 15767.932534217834 7797.785997390747 17026.306986808777
v 16365.095973014832 7025.176137685776 17011.367082595825
v 16880.035400390625 6215.461492538452 16955.392956733704
v 17309.64481830597 5376.537591218948 16859.149932861328
v 17652.477622032166 4516.957998275757 16725.652813911438
v 17908.88786315918 3645.4175412654877 16560.264229774475
v 18080.944418907166 2770.1617777347565 16370.422840118408
v 18172.20389842987 1898.4735757112503 16165.205240249634
v 18187.41738796234 1036.1774638295174 15954.887866973877
v 16537.71221637726 187.3961789533496 16509.050130844116
v 16431.84006214142 -573.8933198153973 16321.932077407837
v 16264.405846595764 -1319.6926563978195 16143.377423286438
v 16037.090420722961 -2048.1716841459274 15974.771976470947
v 15751.429796218872 -2757.6912939548492 15816.739797592163
v 15408.852696418762 -3446.6855227947235 15669.280886650085
v 15010.714530944824 -4113.562703132629 15531.803369522095
v 14558.385014533997 -4756.63885474205 15403.293371200562
v 14053.271412849426 -5374.095439910889 15282.368659973145
v 13496.908843517303 -5963.957458734512 15167.39308834076
v 12890.999615192413 -6524.093002080917 15056.546330451965
v 12237.461507320404 -7052.236497402191 14947.88110256195
v 11538.47336769104 -7546.013295650482 14839.407205581665
v 10796.500146389008 -8002.996444702148 14729.1299700737
v 10014.322400093079 -8420.756757259369 14615.10568857193
v 9195.055961608887 -8796.958029270172 14495.556950569153
v 8342.161774635315 -9129.449129104614 14368.94416809082
v 7459.43158864975 -9416.393637657166 14234.097003936768
v 6550.966948270798 -9656.37892484665 14090.326130390167
v 5621.137171983719 -9848.577976226807 13937.598466873169
v 4674.489051103592 -9992.878139019012 13776.664137840271
v 3715.667948126793 -10090.023279190063 13609.268367290497
v 2749.2566406726837 -10141.686201095581 13438.213169574738
v 1779.6504870057106 -10150.547325611115 13267.532587051392
v 810.8628541231155 -10120.319724082947 13102.614283561707
v -153.66044361144304 -10055.682063102722 12950.237095355988
v -1110.9856143593788 -9956.915974617004 12809.16541814804
v -2057.9494535923004 -9822.337925434113 12674.605250358582
v -2991.47866666317 -9654.170572757721 12548.676431179047
v -3908.768445253372 -9454.520344734192 12433.302998542786
v -4807.241410017014 -9225.34704208374 12330.214083194733
v -5684.530287981033 -8968.447744846344 12240.987718105316
v -6538.461148738861 -8685.42104959488 12167.022228240967
v -7367.029041051865 -8377.68405675888 12109.624743461609
v -8168.387711048126 -8046.467006206512 12070.025503635406
v -8940.82099199295 -7692.79271364212 12049.37070608139
v -9682.752192020416 -7317.483276128769 12048.752903938293
v -10392.670333385468 -6921.143978834152 12069.180607795715
v -11069.161891937256 -6504.149436950684 12111.550569534302
v -11710.821390151978 -6066.645830869675 12176.592350006104
v -12316.218316555023 -5608.543306589127 12264.792323112488
v -12883.841693401337 -5129.532963037491 12376.291751861572
v -13412.038385868073 -4629.136919975281 12510.827779769897
v -13898.945152759552 -4106.747657060623 12667.588591575623
v -14342.428743839264 -3561.745136976242 12845.141887664795
v -14740.0563955307 -2993.602082133293 13041.369616985321
v -15089.06900882721 -2402.0149558782578 13253.391981124878
v -15386.400818824768 -1787.1002107858658 13477.606773376465
v -15628.708004951477 -1149.505153298378 13709.639310836792
v -15812.47866153717 -490.6044155359268 13944.52303647995
v -15934.138298034668 187.3971289023757 14176.753163337708
v -15990.318059921265 881.3825994729996 14400.773048400879
v -15978.224873542786 1587.374322116375 14611.67424917221
v -15895.734429359436 2300.6927222013474 14805.246591567993
v -15741.569995880127 3016.146495938301 14978.281259536743
v -15515.3489112854 3728.265166282654 15128.628015518188
v -15217.646956443787 4431.573450565338 15255.34987449646
v -14849.915206432343 5120.817571878433 15358.614921569824
v -14414.418339729309 5791.162401437759 15439.646244049072
v -13914.083540439606 6438.340544700623 15500.528812408447
v -13352.343142032623 7058.756500482559 15544.025301933289
v -12733.00677537918 7649.479508399963 15573.36688041687
v -12060.050368309021 8208.2399725914 15591.977834701538
v -11337.526738643646 8733.327090740204 15603.287816047668
v -10569.444000720978 9223.471283912659 15610.506534576416
v -9759.70208644867 9677.708745002747 15616.475343704224
v -8912.029266357422 10095.264315605164 15623.54564666748
v -8030.048310756683 10475.386083126068 15633.493065834045
v -7117.22731590271 10817.291736602783 15647.499561309814
v -6176.974922418594 11120.08273601532 15666.171312332153
v -5212.680101394653 11382.72911310196 15689.594149589539
v -4227.747023105621 11604.07841205597 15717.415809631348
v -3225.67842900753 11782.895922660828 15748.958587646484
v -2210.112288594246 11917.931735515594 15783.328413963318
v -1184.810847043991 12007.997632026672 15819.541811943054
v -153.65957748144865 12052.048444747925 15856.608152389526
v 879.6626329421997 12057.289481163025 15908.061861991882
v 1912.6897305250168 12029.756605625153 15985.34882068634
v 2942.943647503853 11966.946423053741 16084.781885147095
v 3967.5915241241455 11866.495013237 16203.004717826843
v 4983.470588922501 11726.153790950775 16336.795091629028
v 5987.077206373215 11543.733179569244 16482.837796211243
v 6974.5588302612305 11317.126750946045 16637.595891952515
v 7941.675782203674 11044.315695762634 16797.131896018982
v 8883.777558803558 10723.460912704468 16957.064867019653
v 9795.833230018616 10353.021025657654 17112.57576942444
v 10672.390758991241 9931.921362876892 17258.461117744446
v 11507.720053195953 9459.739029407501 17389.326095581055
v 12295.898795127869 8936.897814273834 17499.797344207764
v 13030.99125623703 8364.837169647217 17584.816217422485
v 13707.272708415985 7746.11234664917 17639.960646629333
v 14319.449365139008 7084.454745054245 17661.758065223694
v 14862.90156841278 6384.734809398651 17647.98939228058
v 15333.943963050842 5652.788579463959 17597.944736480713
v 15729.997158050537 4895.188808441162 17512.58432865143
v 16049.696803092957 4118.938744068146 17394.572496414185
v 16292.944550514221 3331.107571721077 17248.23296070099
v 16460.840106010437 2538.4345650672913 17079.3217420578
v 16555.54711818695 1747.0258846879005 16894.7571516037
v 16580.021381378174 962.0020911097527 16702.09228992462
v 14850.014448165894 187.3961789533496 17136.635184288025
v 14759.710729122162 -496.89676612615585 16956.655383110046
v 14612.46371269226 -1167.8586155176163 16780.951023101807
v 14409.712851047516 -1823.4051391482353 16610.78631877899
v 14152.854681015015 -2461.6216868162155 16446.772813796997
v 13843.300938606262 -3080.6969851255417 16289.089322090149
v 13482.491970062256 -3678.867816925049 16137.503385543823
v 13071.902096271515 -4254.356324672699 15991.373062133789
v 12613.11650276184 -4805.367887020111 15849.831104278564
v 12107.829451560974 -5330.054014921188 15711.761713027954
v 11557.90239572525 -5826.530009508133 15575.920343399048
v 10965.378284454346 -6292.889714241028 15440.987348556519
v 10332.507491111755 -6727.214455604553 15305.582284927368
v 9661.769270896912 -7127.636075019836 15168.381929397583
v 8955.883383750916 -7492.362409830093 15028.138160705566
v 8217.81724691391 -7819.762229919434 14883.796870708466
v 7450.776547193527 -8108.4054708480835 14734.525680541992
v 6658.196747303009 -8357.189297676086 14579.87755537033
v 5843.710005283356 -8565.382361412048 14419.848024845123
v 5011.099129915237 -8732.729852199554 14254.978001117706
v 4164.236336946487 -8859.55810546875 14086.54510974884
v 3307.0018887519836 -8946.80142402649 13916.561901569366
v 2443.181052803993 -8996.09237909317 13747.966289520264
v 1576.3644129037857 -9009.751081466675 13584.646582603455
v 709.8139263689518 -8990.77981710434 13431.510329246521
v -153.66037376224995 -8942.774534225464 13294.473588466644
v -1011.5973651409149 -8865.085244178772 13170.614540576935
v -1861.2118810415268 -8755.601048469543 13053.978681564331
v -2699.7578144073486 -8616.079688072205 12946.55978679657
v -3524.70226585865 -8448.169827461243 12850.123643875122
v -4333.6933851242065 -8253.408372402191 12766.267955303192
v -5124.538242816925 -8033.173084259033 12696.373164653778
v -5895.194560289383 -7788.69241476059 12641.674876213074
v -6643.739193677902 -7521.0240483284 12603.236138820648
v -7368.354052305222 -7231.067419052124 12581.9993019104
v -8067.311346530914 -6919.556558132172 12578.769028186798
v -8738.959729671478 -6587.069481611252 12594.248950481415
v -9381.685853004456 -6234.035342931747 12629.005908966064
v -9993.92956495285 -5860.733091831207 12683.489620685577
v -10574.125349521637 -5467.302650213242 12757.954001426697
v -11120.687127113342 -5053.761899471283 12852.451801300049
v -11631.98322057724 -4620.035290718079 12966.791689395905
v -12106.295228004456 -4165.972173213959 13100.43454170227
v -12541.789412498474 -3691.4031207561493 13252.453207969666
v -12936.493456363678 -3196.219280362129 13421.52088880539
v -13288.264274597168 -2680.416852235794 13605.75646162033
v -13594.826459884644 -2144.2142128944397 13802.849650382996
v -13853.720426559448 -1588.1399810314178 14009.884893894196
v -14062.385559082031 -1013.1233185529709 14223.458468914032
v -14218.228161334991 -420.60747742652893 14439.797401428223
v -14318.634867668152 187.39704508334398 14654.644131660461
v -14361.051321029663 808.2382567226887 14863.296747207642
v -14343.385398387909 1438.6270567774773 15061.640739440918
v -14264.156520366669 2074.781209230423 15246.403813362122
v -14122.489392757416 2712.554633617401 15415.036082267761
v -13918.114006519318 3347.5689589977264 15565.61529636383
v -13651.413023471832 3975.3806591033936 15697.002410888672
v -13323.43876361847 4591.650366783142 15808.927416801453
v -12935.829162597656 5192.250162363052 15901.81589126587
v -12490.777373313904 5773.408859968185 15976.831912994385
v -11990.910172462463 6331.782639026642 16035.69209575653
v -11439.217329025269 6864.480078220367 16080.551147460938
v -10838.92822265625 7369.109094142914 16113.865971565247
v -10193.427801132202 7843.714356422424 16138.224005699158
v -9506.177008152008 8286.738395690918 16156.191229820251
v -8780.649304389954 8696.949183940887 16170.21381855011
v -8020.26629447937 9073.36950302124 16182.489395141602
v -7228.424996137619 9415.17323255539 16194.899082183838
v -6408.437490463257 9721.640646457672 16208.953857421875
v -5563.5711550712585 9992.088675498962 16225.783824920654
v -4697.064757347107 10225.836038589478 16246.141791343689
v -3812.1306896209717 10422.186255455017 16270.42829990387
v -2912.0077192783356 10580.422282218933 16298.743486404419
v -1999.9895989894867 10699.81724023819 16330.937147140503
v -1079.411320388317 10779.673755168915 16366.662383079529
v -153.65959145128727 10819.336473941803 16405.44354915619
v 774.0684784948826 10824.550688266754 16459.81013774872
v 1701.5307024121284 10799.93337392807 16539.97778892517
v 2626.4331489801407 10743.210911750793 16642.05014705658
v 3546.14295065403 10652.14991569519 16762.259602546692
v 4457.694590091705 10524.584949016571 16896.85821533203
v 5357.798784971237 10358.460545539856 17042.060494422913
v 6242.8392469882965 10151.866972446442 17193.930745124817
v 7108.8820695877075 9903.10549736023 17348.345518112183
v 7951.67863368988 9610.769748687744 17500.988245010376
v 8766.726851463318 9273.84227514267 17647.385001182556
v 9549.259543418884 8891.81524515152 17782.95636177063
v 10294.378995895386 8464.793264865875 17903.1765460968
v 10997.13921546936 7993.614971637726 18003.72362136841
v 11652.664840221405 7479.930818080902 18080.674409866333
v 12256.328165531158 6926.232576370239 18130.72443008423
v 12803.876996040344 6335.874795913696 18151.3649225235
v 13291.599154472351 5713.008642196655 18141.09206199646
v 13716.480731964111 5062.456727027893 18099.5374917984
v 14076.301753520966 4389.525353908539 18027.509450912476
v 14369.707703590393 3699.8310685157776 17927.069664001465
v 14596.202373504639 2999.0304261446 17801.342010498047
v 14756.139814853668 2292.59692132473 17654.460668563843
v 14850.594699382782 1585.625410079956 17491.26434326172
v 14881.201386451721 882.6069720089436 17316.901087760925
v 13080.708682537079 187.3961789533496 17613.82520198822
v 13005.455732345581 -415.2148962020874 17443.429827690125
v 12878.817915916443 -1006.6612064838409 17273.590564727783
v 12701.97719335556 -1584.78531986475 17105.369567871094
v 12476.212084293365 -2147.594690322876 16939.5250082016
v 12202.843129634857 -2693.2065188884735 16776.389479637146
v 11883.288323879242 -3219.832554459572 16616.047024726868
v 11519.038081169128 -3725.7318198680878 16458.258032798767
v 11111.702620983124 -4209.2156410217285 16302.618384361267
v 10663.018226623535 -4668.629318475723 16148.571968078613
v 10174.848139286041 -5102.353245019913 15995.41962146759
v 9649.221003055573 -5508.822798728943 15842.43357181549
v 9088.321924209595 -5886.535495519638 15688.866376876831
v 8494.50945854187 -6234.088093042374 15534.011721611023
v 7870.318293571472 -6550.209224224091 15377.286672592163
v 7218.45343708992 -6833.801418542862 15218.288898468018
v 6541.781276464462 -7083.9764177799225 15056.816339492798
v 5843.306332826614 -7300.12446641922 14893.004894256592
v 5126.147121191025 -7481.948733329773 14727.362394332886
v 4393.502175807953 -7629.527449607849 14560.884833335876
v 3648.5854536294937 -7743.338048458099 14395.064413547516
v 2894.586995244026 -7824.311256408691 14232.037961483002
v 2134.586423635483 -7873.813211917877 14074.559211730957
v 1371.496506035328 -7893.667817115784 13926.106989383698
v 607.9722382128239 -7886.09504699707 13790.832459926605
v -153.66030391305685 -7853.654623031616 13673.569858074188
v -911.2889505922794 -7795.211970806122 13570.221662521362
v -1662.457287311554 -7708.649039268494 13474.315702915192
v -2404.709681868553 -7595.248818397522 13387.5373005867
v -3135.751336812973 -7456.228137016296 13311.393857002258
v -3853.417932987213 -7292.726039886475 13247.227370738983
v -4555.665850639343 -7105.778306722641 13196.214437484741
v -5240.563452243805 -6896.313428878784 13159.369826316833
v -5906.268060207367 -6665.14053940773 13137.550055980682
v -6551.012098789215 -6412.952542304993 13131.465911865234
v -7173.088788986206 -6140.331029891968 13141.688704490662
v -7770.854830741882 -5847.753435373306 13168.667256832123
v -8342.67944097519 -5535.597056150436 13212.688565254211
v -8886.98011636734 -5204.156935214996 13273.930549621582
v -9402.162730693817 -4853.6476492881775 13352.36370563507
v -9886.642098426819 -4484.2444360256195 13447.832465171814
v -10338.802635669708 -4096.079170703888 13559.93002653122
v -10756.990313529968 -3689.279705286026 13688.001036643982
v -11139.514446258545 -3264.010325074196 13831.149637699127
v -11484.606564044952 -2820.5081820487976 13988.125026226044
v -11790.437400341034 -2359.131798148155 14157.332181930542
v -12055.147290229797 -1880.4247677326202 14336.915016174316
v -12276.795208454132 -1385.1678371429443 14524.560570716858
v -12453.45264673233 -874.4329959154129 14717.711806297302
v -12583.184838294983 -349.64011050760746 14913.416504859924
v -12664.154469966888 187.39693332463503 15108.593702316284
v -12694.392800331116 734.4291731715202 15299.057364463806
v -12672.309279441833 1288.7217476963997 15481.165051460266
v -12596.990168094635 1847.217120230198 15652.69410610199
v -12467.878460884094 2406.608462333679 15811.657905578613
v -12284.878492355347 2963.431477546692 15956.595540046692
v -12048.332691192627 3514.152467250824 16086.46273612976
v -11759.059131145477 4055.2841126918793 16200.84822177887
v -11418.302357196808 4583.443701267242 16299.78060722351
v -11027.727127075195 5095.449239015579 16383.807063102722
v -10589.35135602951 5588.399022817612 16453.946828842163
v -10105.512142181396 6059.672981500626 16511.560678482056
v -9578.76741886139 6506.998389959335 16558.286547660828
v -9011.878967285156 6928.428411483765 16595.97337245941
v -8407.719433307648 7322.321534156799 16626.52015686035
v -7769.249081611633 7687.3210072517395 16651.850938796997
v -7099.444270133972 8022.314608097076 16673.78067970276
v -6401.322036981583 8326.373398303986 16693.995594978333
v -5677.870362997055 8598.72579574585 16713.97089958191
v -4932.066947221756 8838.704824447632 16734.94040966034
v -4166.880548000336 9045.717716217041 16757.891178131104
v -3385.252207517624 9219.219982624054 16783.542037010193
v -2590.1343673467636 9358.693957328796 16812.36505508423
v -1784.5028266310692 9463.6470079422 16844.587326049805
v -971.342995762825 9533.600807189941 16880.216002464294
v -153.6596193909645 9568.112790584564 16919.057965278625
v 665.6908057630062 9571.456611156464 16972.10669517517
v 1484.5650270581245 9547.04761505127 17048.24209213257
v 2300.772964954376 9493.131637573242 17143.927216529846
v 3111.853748559952 9407.951831817627 17255.59651851654
v 3915.076106786728 9289.799630641937 17379.63616847992
v 4707.446247339249 9137.073755264282 17512.369751930237
v 5485.717803239822 8948.339223861694 17650.0403881073
v 6246.407032012939 8722.389936447144 17788.81788253784
v 6985.816061496735 8458.32645893097 17924.82018470764
v 7700.096368789673 8155.615925788879 18054.165244102478
v 8385.239839553833 7814.185917377472 18173.02107810974
v 9037.213325500488 7434.47408080101 18277.743458747864
v 9651.986360549927 7017.48713850975 18364.91882801056
v 10225.652754306793 6564.853638410568 18431.56099319458
v 10754.519999027252 6078.798025846481 18475.18265247345
v 11235.208511352539 5562.163442373276 18493.950963020325
v 11664.738357067108 5018.335282802582 18486.75549030304
v 12040.624022483826 4451.153129339218 18453.272581100464
v 12360.95130443573 3864.796757698059 18394.033312797546
v 12624.388039112091 3263.6674493551254 18310.37700176239
v 12830.179631710052 2652.2196829319 18204.29563522339
v 12978.166937828064 2034.8377525806427 18078.45890522003
v 13068.680763244629 1415.7170802354813 17935.906648635864
v 13102.503418922424 798.7282052636147 17779.961228370667
v 11245.697736740112 187.3961789533496 17930.22572994232
v 11185.055673122406 -329.9716953188181 17772.871255874634
v 11079.413294792175 -838.3540436625481 17613.219022750854
v 10929.743349552155 -1335.7027620077133 17452.293634414673
v 10737.1124625206 -1820.100098848343 17290.765643119812
v 10502.72136926651 -2289.753779768944 17129.21440601349
v 10227.850377559662 -2742.966189980507 16967.904567718506
v 9913.907647132874 -3178.137168288231 16806.99348449707
v 9562.406837940216 -3593.7467962503433 16646.475791931152
v 9174.9769449234 -3988.3558452129364 16486.237049102783
v 8753.364086151123 -4360.603988170624 16326.071619987488
v 8299.453854560852 -4709.233492612839 16165.802478790283
v 7815.240919589996 -5033.080726861954 16005.215048789978
v 7302.8576374053955 -5331.109017133713 15844.173431396484
v 6764.553040266037 -5602.426528930664 15682.652592658997
v 6202.683448791504 -5846.292525529861 15520.724058151245
v 5619.7138130664825 -6062.173694372177 15358.709692955017
v 5018.185973167419 -6249.745041131973 15197.15130329132
v 4400.699883699417 -6408.930122852325 15036.892890930176
v 3769.886791706085 -6539.908200502396 14879.116415977478
v 3128.3652037382126 -6643.136143684387 14725.373089313507
v 2478.7158519029617 -6719.35647726059 14577.636122703552
v 1823.4234675765038 -6769.588887691498 14438.317716121674
v 1164.8468300700188 -6795.098930597305 14310.247600078583
v 505.1654577255249 -6797.379702329636 14196.694493293762
v -153.66023406386375 -6778.086572885513 14101.300835609436
v -809.7814209759235 -6735.997796058655 14019.461274147034
v -1461.0450714826584 -6669.310480356216 13944.886922836304
v -2105.279266834259 -6578.88650894165 13878.866136074066
v -2740.4236793518066 -6465.577036142349 13822.601437568665
v -3364.5080029964447 -6330.185383558273 13777.134418487549
v -3975.648432970047 -6173.468828201294 13743.398487567902
v -4572.046101093292 -5996.126085519791 13722.199201583862
v -5151.962488889694 -5798.778086900711 13714.169561862946
v -5713.724344968796 -5581.994354724884 13719.861209392548
v -6255.70222735405 -5346.270650625229 13739.664852619171
v -6776.317656040192 -5092.043727636337 13773.844242095947
v -7274.006903171539 -4819.701611995697 13822.525441646576
v -7747.252285480499 -4529.597461223602 13885.738849639893
v -8194.542825222015 -4222.052246332169 13963.336944580078
v -8614.374697208405 -3897.3695039749146 14055.01127243042
v -9005.255699157715 -3555.8702051639557 14160.321056842804
v -9365.68021774292 -3197.888508439064 14278.578758239746
v -9694.152474403381 -2823.817804455757 14408.95289182663
v -9989.16506767273 -2434.137985110283 14550.396502017975
v -10249.204337596893 -2029.4297486543655 14701.605141162872
v -10472.761988639832 -1610.4122623801231 14861.032962799072
v -10658.363699913025 -1177.9985949397087 15027.000904083252
v -10804.546773433685 -733.2862727344036 15197.483897209167
v -10909.943282604218 -277.62332931160927 15370.432734489441
v -10973.259508609772 187.3968355357647 15543.538928031921
v -10993.029177188873 659.8846055567265 15713.147521018982
v -10968.090891838074 1137.5931277871132 15876.09887123108
v -10897.890329360962 1618.0646046996117 16030.837297439575
v -10782.175362110138 2098.6993610858917 16176.116466522217
v -10620.963871479034 2576.7843425273895 16310.790181159973
v -10414.618849754333 3049.5735257864 16434.150338172913
v -10163.802802562714 3514.326810836792 16545.726656913757
v -9869.499206542969 3968.360871076584 16645.408272743225
v -9532.99731016159 4409.112632274628 16733.440160751343
v -9155.857264995575 4834.182411432266 16810.373067855835
v -8739.882409572601 5241.338163614273 16876.981258392334
v -8287.081718444824 5628.582537174225 16934.316158294678
v -7799.639403820038 5994.129180908203 16983.565092086792
v -7279.876917600632 6336.4143669605255 17026.026248931885
v -6730.2243411540985 6654.0902853012085 17063.080072402954
v -6153.164952993393 6946.007162332535 17096.065878868103
v -5551.258474588394 7211.176156997681 17126.278281211853
v -4927.078485488892 7448.76354932785 17154.913544654846
v -4283.225387334824 7658.06257724762 17183.042764663696
v -3622.3098635673523 7838.455438613892 17211.55822277069
v -2946.9410330057144 7989.411950111389 17241.185903549194
v -2259.741649031639 8110.45914888382 17272.45330810547
v -1563.3591637015343 8201.166987419128 17305.684089660645
v -860.4444935917854 8261.156380176544 17341.01414680481
v -153.65963336080313 8290.081322193146 17378.366589546204
v 554.4342286884785 8290.877044200897 17426.830530166626
v 1261.7726996541023 8265.937864780426 17493.816018104553
v 1966.266855597496 8214.097917079926 17576.497793197632
v 2665.6410098075867 8134.182393550873 17671.900391578674
v 3357.4343472719193 8025.067448616028 17776.992917060852
v 4039.006233215332 7885.719537734985 17888.63182067871
v 4707.544595003128 7715.251743793488 18003.627061843872
v 5360.092520713806 7512.994408607483 18118.797540664673
v 5993.559211492538 7278.520613908768 18230.931758880615
v 6604.781895875931 7011.706084012985 18336.896896362305
v 7190.521359443665 6712.792664766312 18433.678150177002
v 7747.553586959839 6382.39860534668 18518.446683883667
v 8272.69971370697 6021.555662155151 18588.600754737854
v 8762.897551059723 5631.733685731888 18641.899824142456
v 9215.268194675446 5214.815586805344 18676.480650901794
v 9627.160727977753 4773.091524839401 18690.937757492065
v 9996.213018894196 4309.228956699371 18684.38959121704
v 10320.411622524261 3826.194852590561 18656.466007232666
v 10598.117709159851 3327.186182141304 18607.308268547058
v 10828.092098236084 2815.573364496231 18537.60302066803
v 11009.500622749329 2294.8021441698074 18448.47857952118
v 11141.886413097382 1768.3018371462822 18341.363668441772
v 11225.180625915527 1239.45202678442 18218.066096305847
v 11259.607672691345 711.4634290337563 18080.38294315338
v 9363.697171211243 187.3961789533496 18086.93289756775
v 9317.0365691185 -242.5103634595871 17946.70879840851
v 9232.442378997803 -665.5779853463173 17802.540063858032
v 9110.645055770874 -1080.0011828541756 17655.252814292908
v 8952.50916481018 -1484.0802177786827 17505.542635917664
v 8759.026229381561 -1876.2221932411194 17354.033589363098
v 8531.292378902435 -2254.929766058922 17201.18522644043
v 8270.511031150818 -2618.798241019249 17047.33371734619
v 7978.003621101379 -2966.524511575699 16892.809867858887
v 7655.192613601685 -3296.898677945137 16737.855076789856
v 7303.599715232849 -3608.800023794174 16582.632064819336
v 6924.849897623062 -3901.2233912944794 16427.355408668518
v 6520.667374134064 -4173.26956987381 16272.262930870056
v 6092.858612537384 -4424.153566360474 16117.594242095947
v 5643.318146467209 -4653.22807431221 15963.71591091156
v 5174.010246992111 -4859.977662563324 15811.07497215271
v 4686.9635581970215 -5044.043809175491 15660.27581691742
v 4184.249639511108 -5205.229818820953 15512.099862098694
v 3667.965978384018 -5343.499481678009 15367.482304573059
v 3140.2234733104706 -5458.995848894119 15227.612257003784
v 2603.112906217575 -5552.036762237549 15093.90413761139
v 2058.691754937172 -5623.1023371219635 14968.004822731018
v 1508.9507773518562 -5672.831833362579 14851.814210414886
v 955.7999297976494 -5701.995491981506 14747.453927993774
v 401.03877894580364 -5711.469054222107 14657.248556613922
v -153.66015024483204 -5702.204704284668 14583.712220191956
v -706.6718302667141 -5673.179179430008 14522.437155246735
v -1256.142407655716 -5623.075515031815 14467.94182062149
v -1800.1937493681908 -5552.430599927902 14421.120285987854
v -2337.021231651306 -5461.802780628204 14382.846057415009
v -2864.8775070905685 -5351.737886667252 14353.872835636139
v -3382.074013352394 -5222.770571708679 14334.870278835297
v -3886.982202529907 -5075.416266918182 14326.409697532654
v -4378.022700548172 -4910.167157649994 14328.960478305817
v -4853.66016626358 -4727.487713098526 14342.87577867508
v -5312.404185533524 -4527.82541513443 14368.43454837799
v -5752.8068125247955 -4311.600923538208 14405.77894449234
v -6173.437088727951 -4079.2183578014374 14454.9161195755
v -6572.915464639664 -3831.086754798889 14515.821039676666
v -6949.872672557831 -3567.599058151245 14588.247835636139
v -7302.976101636887 -3289.1803979873657 14671.926498413086
v -7630.906105041504 -2996.2626099586487 14766.367077827454
v -7932.368516921997 -2689.327597618103 14870.988428592682
v -8206.105828285217 -2368.9109086990356 14985.10479927063
v -8450.873494148254 -2035.6189459562302 15107.833743095398
v -8665.460050106049 -1690.1426017284393 15238.13009262085
v -8848.707675933838 -1333.281509578228 15374.881625175476
v -8999.506831169128 -965.9649431705475 15516.824126243591
v -9116.79893732071 -589.2455577850342 15662.503838539124
v -9199.626445770264 -204.336061142385 15810.461640357971
v -9247.130155563354 187.39672377705574 15959.13290977478
v -9258.273839950562 584.4005942344666 16105.43668270111
v -9232.253730297089 984.8736226558685 16246.665716171265
v -9168.784618377686 1386.8874683976173 16381.875872612
v -9067.780673503876 1788.431704044342 16510.244607925415
v -8929.360806941986 2187.4315291643143 16631.02090358734
v -8753.872811794281 2581.79247379303 16743.686199188232
v -8541.88621044159 2969.427779316902 16847.925782203674
v -8294.183313846588 3348.2757210731506 16943.567991256714
v -8011.763691902161 3716.3393944501877 17030.657529830933
v -7695.826292037964 4071.7242658138275 17109.476923942566
v -7347.766309976578 4412.630349397659 17180.448174476624
v -6969.119310379028 4737.395346164703 17244.1166639328
v -6561.589390039444 5044.500678777695 17301.22447013855
v -6126.992404460907 5332.560986280441 17352.52797603607
v -5667.259097099304 5600.349605083466 17398.90694618225
v -5184.385925531387 5846.774876117706 17441.216111183167
v -4680.460095405579 6070.873439311981 17480.310201644897
v -4157.609939575195 6271.809786558151 17517.017126083374
v -3618.0060356855392 6448.8570392131805 17552.07896232605
v -3063.8571828603745 6601.3844311237335 17586.146593093872
v -2497.3858147859573 6728.849709033966 17619.754672050476
v -1920.8438694477081 6830.7825922966 17653.309106826782
v -1336.5130126476288 6906.778067350388 17687.065601348877
v -746.6842420399189 6956.499963998795 17721.151113510132
v -153.65966130048037 6979.660391807556 17755.504846572876
v 440.31514786183834 6978.076994419098 17797.118425369263
v 1033.3116352558136 6953.29561829567 17851.81760787964
v 1623.394936323166 6904.664486646652 17917.59967803955
v 2208.5226327180862 6831.536293029785 17992.28310585022
v 2786.545380949974 6733.318269252777 18073.59516620636
v 3355.2125841379166 6609.499007463455 18159.18266773224
v 3912.182003259659 6459.6909284591675 18246.644139289856
v 4455.033391714096 6283.663362264633 18333.563804626465
v 4981.285035610199 6081.3769698143005 18417.550921440125
v 5488.436669111252 5853.007882833481 18496.282696723938
v 5973.961651325226 5598.985701799393 18567.52574443817
v 6435.376703739166 5320.0046718120575 18629.236221313477
v 6870.249509811401 5017.027705907822 18679.497241973877
v 7276.256382465363 4691.313654184341 18716.697692871094
v 7651.204168796539 4344.378858804703 18739.428520202637
v 7993.077635765076 3978.0114591121674 18746.643662452698
v 8300.05019903183 3594.236522912979 18737.576007843018
v 8570.533096790314 3195.2760368585587 18711.774945259094
v 8803.19595336914 2783.513367176056 18669.151067733765
v 8996.96946144104 2361.4601790905 18609.90822315216
v 9151.051640510559 1931.6960871219635 18534.497022628784
v 9264.909625053406 1496.8284219503403 18443.5772895813
v 9338.283240795135 1059.470772743225 18338.05561065674
v 9371.142983436584 622.1647001802921 18218.84572505951
v 7454.372942447662 187.3961789533496 18098.278641700745
v 7420.713007450104 -154.23623844981194 17979.52651977539
v 7356.618940830231 -491.05050042271614 17856.355905532837
v 7262.610197067261 -821.580458432436 17729.446291923523
v 7139.332294464111 -1144.4367840886116 17599.441409111023
v 6987.525075674057 -1458.3036303520203 17466.859817504883
v 6808.053106069565 -1761.9509249925613 17332.28087425232
v 6601.8640995025635 -2054.225206375122 17196.15340232849
v 6370.01171708107 -2334.0602964162827 17058.956623077393
v 6113.63410949707 -2600.473389029503 16921.11611366272
v 5833.9521288871765 -2852.567285299301 16783.04135799408
v 5532.2688817977905 -3089.541792869568 16645.179390907288
v 5209.960788488388 -3310.689926147461 16508.00049304962
v 4868.464171886444 -3515.3988003730774 16371.973156929016
v 4509.278386831284 -3703.163042664528 16237.657070159912
v 4133.951514959335 -3873.581886291504 16105.679869651794
v 3744.0676242113113 -4026.3569355010986 15976.728200912476
v 3341.243416070938 -4161.307811737061 15851.606726646423
v 2927.107661962509 -4278.351366519928 15731.18805885315
v 2503.2994151115417 -4377.521127462387 15616.507530212402
v 2071.4445412158966 -4458.949863910675 15508.679151535034
v 1633.1516951322556 -4522.861540317535 15408.940315246582
v 1189.991645514965 -4569.561034440994 15318.610668182373
v 743.4966042637825 -4599.423855543137 15239.10641670227
v 295.1419819146395 -4612.880051136017 15171.934962272644
v -153.66008039563894 -4610.386043787003 15118.61264705658
v -601.5089526772499 -4591.25429391861 15075.532793998718
v -1046.8614846467972 -4554.6855032444 15038.486123085022
v -1488.15605789423 -4500.993937253952 15008.055567741394
v -1923.8729774951935 -4430.512636899948 14984.752535820007
v -2352.529764175415 -4343.598783016205 14969.07502412796
v -2772.679030895233 -4240.625202655792 14961.458444595337
v -3182.9164177179337 -4121.966511011124 14962.25506067276
v -3581.8737745285034 -3988.007605075836 14971.76617383957
v -3968.2164788246155 -3839.131146669388 14990.180432796478
v -4340.649247169495 -3675.733432173729 15017.661452293396
v -4697.91367650032 -3498.210534453392 15054.248571395874
v -5038.779526948929 -3306.977301836014 15099.94626045227
v -5362.053662538528 -3102.450370788574 15154.613256454468
v -5666.575133800507 -2885.0702941417694 15218.040347099304
v -5951.220989227295 -2655.3091406822205 15289.978981018066
v -6214.899122714996 -2413.6628955602646 15370.023250579834
v -6456.554085016251 -2160.6700122356415 15457.69214630127
v -6675.1813888549805 -1896.9199061393738 15552.461743354797
v -6869.810074567795 -1623.0572015047073 15653.67579460144
v -7039.51969742775 -1339.78933095932 15760.576128959656
v -7183.457762002945 -1047.8971526026726 15872.390270233154
v -7300.813794136047 -748.2422702014446 15988.174080848694
v -7390.8743262290955 -441.77044183015823 16107.04779624939
v -7452.993392944336 -129.51591052114964 16227.997541427612
v -7486.619800329208 187.3966259881854 16349.989771842957
v -7491.099536418915 507.7340081334114 16470.66593170166
v -7465.938180685043 830.1091007888317 16587.91959285736
v -7411.004304885864 1153.0627682805061 16701.14278793335
v -7326.309978961945 1475.0894531607628 16809.779405593872
v -7212.03088760376 1794.6576699614525 16913.437843322754
v -7068.4754848480225 2110.21788418293 17011.7050409317
v -6896.11628651619 2420.233190059662 17104.366421699524
v -6695.57198882103 2723.178416490555 17191.255688667297
v -6467.6132798194885 3017.5651609897614 17272.3388671875
v -6213.146299123764 3301.962912082672 17347.70894050598
v -5933.2215785980225 3574.991896748543 17417.532205581665
v -5628.997832536697 3835.3554904460907 17482.05006122589
v -5301.760733127594 4081.840217113495 17541.627287864685
v -4952.892512083054 4313.317090272903 17596.65012359619
v -4583.866149187088 4528.748989105225 17647.544145584106
v -4196.2288320064545 4727.201163768768 17694.78142261505
v -3791.6091084480286 4907.81843662262 17738.812565803528
v -3371.6855943202972 5069.846212863922 17780.102491378784
v -2938.1878674030304 5212.612152099609 17819.044589996338
v -2492.8928911685944 5335.526168346405 17856.0072183609
v -2037.6019924879074 5438.079535961151 17891.28541946411
v -1574.1544961929321 5519.837290048599 17925.108075141907
v -1104.4219136238098 5580.434650182724 17957.611083984375
v -630.2909553050995 5619.574785232544 17988.83020877838
v -153.65967527031898 5637.031942605972 18018.715381622314
v 323.5970064997673 5633.775293827057 18052.135705947876
v 799.7815310955048 5610.687732696533 18093.27721595764
v 1273.200362920761 5567.478239536285 18140.886425971985
v 1742.1114072203636 5503.893792629242 18193.593621253967
v 2204.725295305252 5419.730097055435 18249.911069869995
v 2659.2088490724564 5314.856171607971 18308.28845500946
v 3103.695809841156 5189.235806465149 18367.13969707489
v 3536.2927615642548 5042.942315340042 18424.84474182129
v 3955.0937712192535 4876.18625164032 18479.824662208557
v 4358.205646276474 4689.3104910850525 18530.516624450684
v 4743.739664554596 4482.8300178050995 18575.438261032104
v 5109.856724739075 4257.411360740662 18613.18051815033
v 5454.778075218201 4013.90478014946 18642.49348640442
v 5776.8018543720245 3753.3272802829742 18662.254214286804
v 6074.32946562767 3476.8518805503845 18671.47207260132
v 6345.88435292244 3185.8187913894653 18669.37279701233
v 6590.120047330856 2881.7137330770493 18655.351996421814
v 6805.844753980637 2566.140443086624 18628.9644241333
v 6992.041915655136 2240.8097237348557 18589.98477458954
v 7147.863507270813 1907.5197726488113 18538.366556167603
v 7272.6380825042725 1568.1245550513268 18474.177718162537
v 7365.8908903598785 1224.5150282979012 18397.700786590576
v 7427.313476800919 878.6005340516567 18309.24153327942
v 7456.7873775959015 532.270073890686 18209.25772190094
v 5536.131262779236 187.3961789533496 17992.22767353058
v 5514.041483402252 -66.42596097663045 17899.08528327942
v 5469.224452972412 -317.21717678010464 17802.096605300903
v 5402.017682790756 -563.8973414897919 17701.83026790619
v 5312.841832637787 -805.4306544363499 17598.740458488464
v 5202.206969261169 -1040.831208229065 17493.302822113037
v 5070.710331201553 -1269.1675499081612 17385.993003845215
v 4919.0278351306915 -1489.565223455429 17277.29558944702
v 4747.91094660759 -1701.2086138129234 17167.67191886902
v 4558.178186416626 -1903.3431261777878 17057.583332061768
v 4350.718259811401 -2095.2799916267395 16947.519779205322
v 4126.478880643845 -2276.3988375663757 16837.98909187317
v 3886.459171772003 -2446.141317486763 16729.48122024536
v 3631.7072063684464 -2604.018822312355 16622.503995895386
v 3363.317549228668 -2749.6158331632614 16517.634987831116
v 3082.4176222085953 -2882.5825452804565 16415.44461250305
v 2790.168598294258 -3002.643585205078 16316.587328910828
v 2487.7484142780304 -3109.583482146263 16221.681833267212
v 2176.3571351766586 -3203.2589614391327 16131.454110145569
v 1857.2011962532997 -3283.585086464882 16046.619415283203
v 1531.4887091517448 -3350.5377173423767 15967.95916557312
v 1200.4253268241882 -3404.1378647089005 15896.220803260803
v 865.207202732563 -3444.4700181484222 15832.282304763794
v 527.0157381892204 -3471.633866429329 15776.903629302979
v 187.0138105005026 -3485.7796132564545 15730.937719345093
v -153.65999657660723 -3487.0679676532745 15695.146322250366
v -493.86486411094666 -3475.1464426517487 15667.110085487366
v -832.3912136256695 -3449.6375173330307 15644.086003303528
v -1168.0194362998009 -3410.7110649347305 15626.404881477356
v -1499.5523169636726 -3358.55595767498 15614.299178123474
v -1825.8148804306984 -3293.4055477380753 15608.087182044983
v -2145.6509828567505 -3215.4981046915054 15607.935190200806
v -2457.9354375600815 -3125.1083314418793 15614.045262336731
v -2761.5677565336227 -3022.5274711847305 15626.556873321533
v -3055.4763972759247 -2908.0700129270554 15645.579099655151
v -3338.6144042015076 -2782.0616215467453 15671.110153198242
v -3609.9763959646225 -2644.861713051796 15703.19652557373
v -3868.5746490955353 -2496.842220425606 15741.73629283905
v -4113.465696573257 -2338.400110602379 15786.620378494263
v -4343.735575675964 -2169.9605137109756 15837.673544883728
v -4558.508545160294 -1991.976946592331 15894.675850868225
v -4756.951779127121 -1804.9347773194313 15957.371592521667
v -4938.266426324844 -1609.3496605753899 16025.40671825409
v -5101.703256368637 -1405.7740196585655 16098.384261131287
v -5246.557742357254 -1194.8046460747719 16175.875067710876
v -5372.180789709091 -977.0792350172997 16257.407069206238
v -5477.976948022842 -753.2770000398159 16342.456340789795
v -5563.409775495529 -524.1298489272594 16430.46498298645
v -5628.011673688889 -290.4114592820406 16520.859003067017
v -5671.3879108428955 -52.946414798498154 16613.07692527771
v -5693.206340074539 187.39652819931507 16706.43389225006
v -5693.115592002869 429.6922869980335 16799.39031600952
v -5670.855492353439 672.93556407094 16890.43164253235
v -5626.392960548401 916.085746139288 16979.191303253174
v -5559.791475534439 1158.0803990364075 17065.338492393494
v -5471.2168872356415 1397.8425040841103 17148.5835313797
v -5360.938310623169 1634.2926397919655 17228.676080703735
v -5229.320973157883 1866.3562461733818 17305.414080619812
v -5076.835602521896 2092.9688215255737 17378.668785095215
v -4904.051274061203 2313.086986541748 17448.352575302124
v -4711.627811193466 2525.6963074207306 17514.41717147827
v -4500.322043895721 2729.8110723495483 17576.866149902344
v -4270.975291728973 2924.4958609342575 17635.77103614807
v -4024.5120227336884 3108.859732747078 17691.224813461304
v -3761.930912733078 3282.060921192169 17743.35265159607
v -3484.3048453330994 3443.3159977197647 17792.304754257202
v -3192.7581131458282 3591.8980836868286 17838.215231895447
v -2888.490781188011 3727.142885327339 17881.280779838562
v -2572.7415829896927 3848.443329334259 17921.640872955322
v -2246.7999905347824 3955.2609622478485 17959.45107936859
v -1911.9968265295029 4047.1141040325165 17994.83835697174
v -1569.691076874733 4123.592376708984 18027.920722961426
v -1221.2740257382393 4184.335470199585 18058.724999427795
v -868.1698143482208 4229.058176279068 18087.31734752655
v -511.8156597018242 4257.528930902481 18113.64769935608
v -153.65970320999622 4269.586801528931 18137.669563293457
v 204.85325250774622 4265.635460615158 18162.304759025574
v 562.3594298958778 4246.092438697815 18190.171122550964
v 917.5017848610878 4210.8795046806335 18220.607042312622
v 1268.9092755317688 4159.96715426445 18252.8954744339
v 1615.198329091072 4093.371480703354 18286.208510398865
v 1954.9796730279922 4011.174291372299 18319.709300994873
v 2286.861017346382 3913.5217666625977 18352.505564689636
v 2609.4552129507065 3800.6338477134705 18383.687138557434
v 2921.3847219944 3672.815188765526 18412.327766418457
v 3221.304416656494 3530.4587334394455 18437.576293945312
v 3507.8830271959305 3374.047502875328 18458.53865146637
v 3779.842257499695 3204.16197180748 18474.419116973877
v 4035.949856042862 3021.475374698639 18484.468460083008
v 4275.036156177521 2826.7595171928406 18488.001823425293
v 4496.006816625595 2620.870918035507 18484.42554473877
v 4697.844386100769 2404.754161834717 18473.20854663849
v 4879.621714353561 2179.439663887024 18453.948497772217
v 5040.514916181564 1946.0251182317734 18426.332473754883
v 5179.806053638458 1705.6657746434212 18390.149474143982
v 5296.886265277863 1459.570750594139 18345.26538848877
v 5391.264259815216 1208.987720310688 18291.651606559753
v 5462.569892406464 955.1884979009628 18229.37250137329
v 5510.548800230026 699.4670256972313 18158.56397151947
v 5535.07000207901 443.1076906621456 18079.399466514587
v 3623.862862586975 187.3961789533496 17809.701561927795
v 3611.4616692066193 19.966672989539802 17745.62180042267
v 3584.051728248596 -145.88058460503817 17679.094076156616
v 3541.807606816292 -309.45148319005966 17610.395550727844
v 3484.9633276462555 -470.0738936662674 17539.830207824707
v 3413.822427392006 -627.1026469767094 17467.796802520752
v 3328.7351578474045 -779.9193263053894 17394.611835479736
v 3230.1080971956253 -927.9348514974117 17320.59359550476
v 3118.404597043991 -1070.5967992544174 17246.151566505432
v 2994.1291362047195 -1207.3826417326927 17171.60940170288
v 2857.837826013565 -1337.8096371889114 17097.36943244934
v 2710.1265639066696 -1461.4326506853104 17023.816108703613
v 2551.6287982463837 -1577.8425335884094 16951.330304145813
v 2383.0150812864304 -1686.6712644696236 16880.321502685547
v 2204.9863636493683 -1787.5909432768822 16811.20991706848
v 2018.2693004608154 -1880.3076446056366 16744.362115859985
v 1823.6184865236282 -1964.5708054304123 16680.22334575653
v 1621.8075156211853 -2040.1690900325775 16619.226336479187
v 1413.6257395148277 -2106.9232374429703 16561.78057193756
v 1199.8775973916054 -2164.6928787231445 16508.32235813141
v 981.3746809959412 -2213.3664786815643 16459.23614501953
v 758.9391991496086 -2252.8722882270813 16414.985060691833
v 533.3930253982544 -2283.1588983535767 16375.930309295654
v 305.5623918771744 -2304.202616214752 16342.427730560303
v 76.27156097441912 -2316.010817885399 16314.876079559326
v -153.65994069725275 -2318.6058551073074 16293.566823005676
v -383.40833969414234 -2311.8632286787033 16277.271509170532
v -612.1284887194633 -2295.6745326519012 16264.650821685791
v -838.9722928404808 -2270.1238095760345 16255.858540534973
v -1063.1029307842255 -2235.313653945923 16250.951886177063
v -1283.6943939328194 -2191.379740834236 16250.056028366089
v -1499.934308230877 -2138.485237956047 16253.278255462646
v -1711.0258340835571 -2076.8067240715027 16260.611414909363
v -1916.1918014287949 -2006.5538585186005 16272.130608558655
v -2114.6734803915024 -1927.9564172029495 16287.839412689209
v -2305.733934044838 -1841.2677571177483 16307.72352218628
v -2488.662824034691 -1746.7616870999336 16331.738233566284
v -2662.768140435219 -1644.735038280487 16359.783411026001
v -2827.3945301771164 -1535.5123579502106 16391.807198524475
v -2981.9123446941376 -1419.4376394152641 16427.68621444702
v -3125.7203221321106 -1296.8765571713448 16467.241644859314
v -3258.2543045282364 -1168.2220548391342 16510.316133499146
v -3378.9847791194916 -1033.889539539814 16556.70404434204
v -3487.418219447136 -894.3161554634571 16606.1532497406
v -3583.1042379140854 -749.9691657721996 16658.45274925232
v -3665.6295508146286 -601.335559040308 16713.300347328186
v -3734.6313893795013 -448.92679899930954 16770.42782306671
v -3789.791017770767 -293.2816743850708 16829.570531845093
v -3830.835074186325 -134.95548628270626 16890.36190509796
v -3857.5440645217896 25.47070209402591 16952.483654022217
v -3869.7539269924164 187.39641644060612 17015.65682888031
v -3867.310881614685 350.19993782043457 17078.985571861267
v -3850.119709968567 513.2279545068741 17141.62051677704
v -3818.1960582733154 675.8146360516548 17203.363180160522
v -3771.614581346512 837.2857421636581 17264.004349708557
v -3710.508942604065 996.9603270292282 17323.2901096344
v -3635.0807547569275 1154.1607975959778 17381.070256233215
v -3545.5910861492157 1308.2148134708405 17437.214255332947
v -3442.3602372407913 1458.454392850399 17491.55044555664
v -3325.7728815078735 1604.2264178395271 17544.001936912537
v -3196.2675601243973 1744.893305003643 17594.45607662201
v -3054.344281554222 1879.832223057747 17642.834186553955
v -2900.553345680237 2008.4495097398758 17689.093351364136
v -2735.499143600464 2130.172848701477 17733.181715011597
v -2559.8347932100296 2244.4599866867065 17775.063514709473
v -2374.262586236 2350.80286860466 17814.75841999054
v -2179.519906640053 2448.7262964248657 17852.23424434662
v -1976.3930886983871 2537.7870351076126 17887.48025894165
v -1765.6993120908737 2617.584988474846 17920.498251914978
v -1548.2893958687782 2687.7569407224655 17951.279282569885
v -1325.0462338328362 2747.984603047371 17979.835867881775
v -1096.8706011772156 2797.9856729507446 18006.116151809692
v -864.6906539797783 2837.5279158353806 18030.118346214294
v -629.4549442827702 2866.421565413475 18051.822781562805
v -392.1224735677242 2884.5173120498657 18071.15077972412
v -153.65973114967346 2891.7190432548523 18088.064789772034
v 84.96221853420138 2888.1320357322693 18103.925585746765
v 322.7981273084879 2873.8953173160553 18119.99022960663
v 558.90753865242 2849.0205109119415 18135.985136032104
v 792.3511415719986 2813.563719391823 18151.647448539734
v 1022.1920907497406 2767.617478966713 18166.624903678894
v 1247.500665485859 2711.3141119480133 18180.538415908813
v 1467.3592150211334 2644.839808344841 18193.05717945099
v 1680.8629408478737 2568.417862057686 18203.768134117126
v 1887.124925851822 2482.3223054409027 18212.274312973022
v 2085.288092494011 2386.8736624717712 18218.19305419922
v 2274.51391518116 2282.4449837207794 18221.14884853363
v 2454.0042132139206 2169.45581138134 18220.800161361694
v 2622.993439435959 2048.3699440956116 18216.782212257385
v 2780.759409070015 1919.7001308202744 18208.773136138916
v 2926.6302287578583 1784.0031534433365 18196.526169776917
v 3059.982508420944 1641.8754681944847 18179.787397384644
v 3180.2458316087723 1493.9552173018456 18158.356547355652
v 3286.91303730011 1340.913400053978 18132.10666179657
v 3379.5375376939774 1183.4459379315376 18100.89647769928
v 3457.738682627678 1022.2795978188515 18064.69202041626
v 3521.202653646469 858.1583015620708 18023.464679718018
v 3569.6833580732346 691.8388791382313 17977.22339630127
v 3603.009581565857 524.0939185023308 17926.093339920044
v 3621.08051776886 355.68983294069767 17870.208621025085
v 1726.7460376024246 187.3961789533496 17603.03020477295
v 1721.7842862010002 104.4970192015171 17570.478916168213
v 1709.3951627612114 22.155968472361565 17536.996006965637
v 1689.642257988453 -59.294875245541334 17502.686977386475
v 1662.6209020614624 -139.53013345599174 17467.71275997162
v 1628.4559294581413 -218.23273971676826 17432.24859237671
v 1587.2981026768684 -295.0944285839796 17396.43931388855
v 1539.328247308731 -369.81825716793537 17360.478043556213
v 1484.7511053085327 -442.11837463080883 17324.520349502563
v 1423.7967878580093 -511.72100007534027 17288.727164268494
v 1356.7227870225906 -578.3689767122269 17253.34346294403
v 1283.804029226303 -641.8153457343578 17218.480110168457
v 1205.3409218788147 -701.8319517374039 17184.373140335083
v 1121.651530265808 -758.2037709653378 17151.174545288086
v 1033.0724716186523 -810.7328228652477 17119.063138961792
v 939.9586915969849 -859.238114207983 17088.2248878479
v 842.6797762513161 -903.5552479326725 17058.85112285614
v 741.6188903152943 -943.5367584228516 17031.102776527405
v 637.1716596186161 -979.0516644716263 17005.138993263245
v 529.7447741031647 -1009.9856927990913 16981.11891746521
v 419.7533894330263 -1036.2421721220016 16959.17844772339
v 307.62174166738987 -1057.7428713440895 16939.49282169342
v 193.7783695757389 -1074.4228586554527 16922.15859889984
v 78.65834282711148 -1086.2350836396217 16907.288432121277
v -37.300712428987026 -1093.149371445179 16894.994974136353
v -153.65985687822104 -1095.1488465070724 16885.319352149963
v -269.9777204543352 -1092.2171920537949 16878.021955490112
v -385.8111519366503 -1084.3449085950851 16872.671842575073
v -500.71684643626213 -1071.5676471590996 16869.340538978577
v -614.2567656934261 -1053.9345815777779 16868.044137954712
v -725.9973138570786 -1031.5118730068207 16868.796944618225
v -835.5120196938515 -1004.384234547615 16871.643662452698
v -942.3821792006493 -972.6476669311523 16876.532435417175
v -1046.1992025375366 -936.4176727831364 16883.477568626404
v -1146.5651169419289 -895.8237245678902 16892.454028129578
v -1243.0943548679352 -851.0112762451172 16903.44214439392
v -1335.4166597127914 -802.1400310099125 16916.411519050598
v -1423.1731742620468 -749.3836060166359 16931.30314350128
v -1506.0245990753174 -692.9297000169754 16948.058009147644
v -1583.6478397250175 -632.9799816012383 16966.604590415955
v -1655.7391360402107 -569.7505921125412 16986.90354824066
v -1722.012721002102 -503.4673400223255 17008.82077217102
v -1782.2076380252838 -434.37235057353973 17032.3383808136
v -1836.080141365528 -362.71411925554276 17057.286500930786
v -1883.4123015403748 -288.75622898340225 17083.57572555542
v -1924.0106642246246 -212.77198567986488 17111.125588417053
v -1957.705020904541 -135.04190370440483 17139.77873325348
v -1984.352320432663 -55.85859878920019 17169.445753097534
v -2003.8340985774994 24.480540887452662 17199.96750354767
v -2016.0609483718872 105.66937504336238 17231.218814849854
v -2020.9714025259018 187.39629071205854 17263.10133934021
v -2018.5241103172302 269.3445794284344 17295.28784751892
v -2008.7067782878876 351.19106993079185 17327.463626861572
v -1991.5453344583511 432.61103332042694 17359.539270401
v -1967.0931994915009 513.2784135639668 17391.40033721924
v -1935.4330748319626 592.8665958344936 17422.910928726196
v -1896.6789543628693 671.0525415837765 17453.98700237274
v -1850.9707599878311 747.5166767835617 17484.503388404846
v -1798.4798178076744 821.9442330300808 17514.384984970093
v -1739.4047230482101 894.0272592008114 17543.556690216064
v -1673.9686578512192 963.4647890925407 17571.87008857727
v -1602.42710262537 1029.9665853381157 17599.31445121765
v -1525.0549837946892 1093.2520776987076 17625.766396522522
v -1442.1558380126953 1153.0543863773346 17651.184797286987
v -1354.0548831224442 1209.1194838285446 17675.507068634033
v -1261.1004710197449 1261.2070888280869 17698.663473129272
v -1163.6577174067497 1309.0944662690163 17720.58606147766
v -1062.1164366602898 1352.5740802288055 17741.230130195618
v -956.8807482719421 1391.4578408002853 17760.54561138153
v -848.3708649873734 1425.5763217806816 17778.489589691162
v -737.0227575302124 1454.779990017414 17795.020937919617
v -623.2812814414501 1478.9380878210068 17810.068130493164
v -507.604144513607 1497.9441091418266 17823.615074157715
v -390.4592525213957 1511.7111057043076 17835.61885356903
v -272.3192609846592 1520.1745927333832 17846.036553382874
v -153.65974511951208 1523.2953429222107 17854.86102104187
v -34.96076096780598 1521.071344614029 17862.36584186554
v 83.30155396834016 1513.5306492447853 17868.94977092743
v 200.65296906977892 1500.6953850388527 17874.516248703003
v 316.6221734136343 1482.6123788952827 17879.006266593933
v 430.7427629828453 1459.3502506613731 17882.344722747803
v 542.5545014441013 1430.9965074062347 17884.42611694336
v 651.6065262258053 1397.6648077368736 17885.20574569702
v 757.4580051004887 1359.4869151711464 17884.583473205566
v 859.6797846257687 1316.6167214512825 17882.48062133789
v 957.8598663210869 1269.2272290587425 17878.80778312683
v 1051.5973716974258 1217.513456940651 17873.47912788391
v 1140.5129358172417 1161.6886407136917 17866.432070732117
v 1224.2462486028671 1101.985014975071 17857.60223865509
v 1302.4573400616646 1038.6525839567184 17846.937775611877
v 1374.8295977711678 971.9548746943474 17834.35821533203
v 1441.0725608468056 902.1745249629021 17819.870710372925
v 1500.9161084890366 829.6052925288677 17803.38406562805
v 1554.1234239935875 754.5564137399197 17784.955501556396
v 1600.4831716418266 677.3443333804607 17764.56892490387
v 1639.8116201162338 598.2960574328899 17742.21360683441
v 1671.9580069184303 517.7471414208412 17717.961072921753
v 1696.799173951149 436.03680096566677 17691.82562828064
v 1714.2454907298088 353.5115998238325 17663.912773132324
v 1724.2373898625374 270.51564306020737 17634.292244911194
v -153.6610582843423 187.3961789533496 17433.940172195435
f 1 2 3
f 1 3 4
f 1 4 5
f 1 5 6
f 1 6 7
f 1 7 8
f 1 8 9
f 1 9 10
f 1 10 11
f 1 11 12
f 1 12 13
f 1 13 14
f 1 14 15
f 1 15 16
f 1 16 17
f 1 17 18
f 1 18 19
f 1 19 20
f 1 20 21
f 1 21 22
f 1 22 23
f 1 23 24
f 1 24 25
f 1 25 26
f 1 26 27
f 1 27 28
f 1 28 29
f 1 29 30
f 1 30 31
f 1 31 32
f 1 32 33
f 1 33 34
f 1 34 35
f 1 35 36
f 1 36 37
f 1 37 38
f 1 38 39
f 1 39 40
f 1 40 41
f 1 41 42
f 1 42 43
f 1 43 44
f 1 44 45
f 1 45 46
f 1 46 47
f 1 47 48
f 1 48 49
f 1 49 50
f 1 50 51
f 1 51 52
f 1 52 53
f 1 53 54
f 1 54 55
f 1 55 56
f 1 56 57
f 1 57 58
f 1 58 59
f 1 59 60
f 1 60 61
f 1 61 62
f 1 62 63
f 1 63 64
f 1 64 65
f 1 65 66
f 1 66 67
f 1 67 68
f 1 68 69
f 1 69 70
f 1 70 71
f 1 71 72
f 1 72 73
f 1 73 74
f 1 74 75
f 1 75 76
f 1 76 77
f 1 77 78
f 1 78 79
f 1 79 80
f 1 80 81
f 1 81 82
f 1 82 83
f 1 83 84
f 1 84 85
f 1 85 86
f 1 86 87
f 1 87 88
f 1 88 89
f 1 89 90
f 1 90 91
f 1 91 92
f 1 92 93
f 1 93 94
f 1 94 95
f 1 95 96
f 1 96 97
f 1 97 98
f 1 98 99
f 1 99 100
f 1 100 101
f 1 101 2
f 2 102 3
f 3 102 103
f 3 103 4
f 4 103 104
f 4 104 5
f 5 104 105
f 5 105 6
f 6 105 106
f 6 106 7
f 7 106 107
f 7 107 8
f 8 107 108
f 8 108 9
f 9 108 109
f 9 109 10
f 10 109 110
f 10 110 11
f 11 110 111
f 11 111 12
f 12 111 112
f 12 112 13
f 13 112 113
f 13 113 14
f 14 113 114
f 14 114 15
f 15 114 115
f 15 115 16
f 16 115 116
f 16 116 17
f 17 116 117
f 17 117 18
f 18 117 118
f 18 118 19
f 19 118 119
f 19 119 20
f 20 119 120
f 20 120 21
f 21 120 121
f 21 121 22
f 22 121 122
f 22 122 23
f 23 122 123
f 23 123 24
f 24 123 124
f 24 124 25
f 25 124 125
f 25 125 26
f 26 125 126
f 26 126 27
f 27 126 127
f 27 127 28
f 28 127 128
f 28 128 29
f 29 128 129
f 29 129 30
f 30 129 130
f 30 130 31
f 31 130 131
f 31 131 32
f 32 131 132
f 32 132 33
f 33 132 133
f 33 133 34
f 34 133 134
f 34 134 35
f 35 134 135
f 35 135 36
f 36 135 136
f 36 136 37
f 37 136 137
f 37 137 38
f 38 137 138
f 38 138 39
f 39 138 139
f 39 139 40
f 40 139 140
f 40 140 41
f 41 140 141
f 41 141 42
f 42 141 142
f 42 142 43
f 43 142 143
f 43 143 44
f 44 143 144
f 44 144 45
f 45 144 145
f 45 145 46
f 46 145 146
f 46 146 47
f 47 146 147
f 47 147 48
f 48 147 148
f 48 148 49
f 49 148 149
f 49 149 50
f 50 149 150
f 50 150 51
f 51 150 151
f 51 151 52
f 52 151 152
f 52 152 53
f 53 152 153
f 53 153 54
f 54 153 154
f 54 154 55
f 55 154 155
f 55 155 56
f 56 155 156
f 56 156 57
f 57 156 157
f 57 157 58
f 58 157 158
f 58 158 59
f 59 158 159
f 59 159 60
f 60 159 160
f 60 160 61
f 61 160 161
f 61 161 62
f 62 161 162
f 62 162 63
f 63 162 163
f 63 163 64
f 64 163 164
f 64 164 65
f 65 164 165
f 65 165 66
f 66 165 166
f 66 166 67
f 67 166 167
f 67 167 68
f 68 167 168
f 68 168 69
f 69 168 169
f 69 169 70
f 70 169 170
f 70 170 71
f 71 170 171
f 71 171 72
f 72 171 172
f 72 172 73
f 73 172 173
f 73 173 74
f 74 173 174
f 74 174 75
f 75 174 175
f 75 175 76
f 76 175 176
f 76 176 77
f 77 176 177
f 77 177 78
f 78 177 178
f 78 178 79
f 79 178 179
f 79 179 80
f 80 179 180
f 80 180 81
f 81 180 181
f 81 181 82
f 82 181 182
f 82 182 83
f 83 182 183
f 83 183 84
f 84 183 184
f 84 184 85
f 85 184 185
f 85 185 86
f 86 185 186
f 86 186 87
f 87 186 187
f 87 187 88
f 88 187 188
f 88 188 89
f 89 188 189
f 89 189 90
f 90 189 190
f 90 190 91
f 91 190 191
f 91 191 92
f 92 191 192
f 92 192 93
f 93 192 193
f 93 193 94
f 94 193 194
f 94 194 95
f 95 194 195
f 95 195 96
f 96 195 196
f 96 196 97
f 97 196 197
f 97 197 98
f 98 197 198
f 98 198 99
f 99 198 199
f 99 199 100
f 100 199 200
f 100 200 101
f 101 200 201
f 101 201 2
f 2 201 102
f 102 202 103
f 103 202 203
f 103 203 104
f 104 203 204
f 104 204 105
f 105 204 205
f 105 205 106
f 106 205 206
f 106 206 107
f 107 206 207
f 107 207 108
f 108 207 208
f 108 208 109
f 109 208 209
f 109 209 110
f 110 209 210
f 110 210 111
f 111 210 211
f 111 211 112
f 112 211 212
f 112 212 113
f 113 212 213
f 113 213 114
f 114 213 214
f 114 214 115
f 115 214 215
f 115 215 116
f 116 215 216
f 116 216 117
f 117 216 217
f 117 217 118
f 118 217 218
f 118 218 119
f 119 218 219
f 119 219 120
f 120 219 220
f 120 220 121
f 121 220 221
f 121 221 122
f 122 221 222
f 122 222 123
f 123 222 223
f 123 223 124
f 124 223 224
f 124 224 125
f 125 224 225
f 125 225 126
f 126 225 226
f 126 226 127
f 127 226 227
f 127 227 128
f 128 227 228
f 128 228 129
f 129 228 229
f 129 229 130
f 130 229 230
f 130 230 131
f 131 230 231
f 131 231 132
f 132 231 232
f 132 232 133
f 133 232 233
f 133 233 134
f 134 233 234
f 134 234 135
f 135 234 235
f 135 235 136
f 136 235 236
f 136 236 137
f 137 236 237
f 137 237 138
f 138 237 238
f 138 238 139
f 139 238 239
f 139 239 140
f 140 239 240
f 140 240 141
f 141 240 241
f 141 241 142
f 142 241 242
f 142 242 143
f 143 242 243
f 143 243 144
f 144 243 244
f 144 244 145
f 145 244 245
f 145 245 146
f 146 245 246
f 146 246 147
f 147 246 247
f 147 247 148
f 148 247 248
f 148 248 149
f 149 248 249
f 149 249 150
f 150 249 250
f 150 250 151
f 151 250 251
f 151 251 152
f 152 251 252
f 152 252 153
f 153 252 253
f 153 253 154
f 154 253 254
f 154 254 155
f 155 254 255
f 155 255 156
f 156 255 256
f 156 256 157
f 157 256 257
f 157 257 158
f 158 257 258
f 158 258 159
f 159 258 259
f 159 259 160
f 160 259 260
f 160 260 161
f 161 260 261
f 161 261 162
f 162 261 262
f 162 262 163
f 163 262 263
f 163 263 164
f 164 263 264
f 164 264 165
f 165 264 265
f 165 265 166
f 166 265 266
f 166 266 167
f 167 266 267
f 167 267 168
f 168 267 268
f 168 268 169
f 169 268 269
f 169 269 170
f 170 269 270
f 170 270 171
f 171 270 271
f 171 271 172
f 172 271 272
f 172 272 173
f 173 272 273
f 173 273 174
f 174 273 274
f 174 274 175
f 175 274 275
f 175 275 176
f 176 275 276
f 176 276 177
f 177 276 277
f 177 277 178
f 178 277 278
f 178 278 179
f 179 278 279
f 179 279 180
f 180 279 280
f 180 280 181
f 181 280 281
f 181 281 182
f 182 281 282
f 182 282 183
f 183 282 283
f 183 283 184
f 184 283 284
f 184 284 185
f 185 284 285
f 185 285 186
f 186 285 286
f 186 286 187
f 187 286 287
f 187 287 188
f 188 287 288
f 188 288 189
f 189 288 289
f 189 289 190
f 190 289 290
f 190 290 191
f 191 290 291
f 191 291 192
f 192 291 292
f 192 292 193
f 193 292 293
f 193 293 194
f 194 293 294
f 194 294 195
f 195 294 295
f 195 295 196
f 196 295 296
f 196 296 197
f 197 296 297
f 197 297 198
f 198 297 298
f 198 298 199
f 199 298 299
f 199 299 200
f 200 299 300
f 200 300 201
f 201 300 301
f 201 301 102
f 102 301 202
f 202 302 203
f 203 302 303
f 203 303 204
f 204 303 304
f 204 304 205
f 205 304 305
f 205 305 206
f 206 305 306
f 206 306 207
f 207 306 307
f 207 307 208
f 208 307 308
f 208 308 209
f 209 308 309
f 209 309 210
f 210 309 310
f 210 310 211
f 211 310 311
f 211 311 212
f 212 311 312
f 212 312 213
f 213 312 313
f 213 313 214
f 214 313 314
f 214 314 215
f 215 314 315
f 215 315 216
f 216 315 316
f 216 316 217
f 217 316 317
f 217 317 218
f 218 317 318
f 218 318 219
f 219 318 319
f 219 319 220
f 220 319 320
f 220 320 221
f 221 320 321
f 221 321 222
f 222 321 322
f 222 322 223
f 223 322 323
f 223 323 224
f 224 323 324
f 224 324 225
f 225 324 325
f 225 325 226
f 226 325 326
f 226 326 227
f 227 326 327
f 227 327 228
f 228 327 328
f 228 328 229
f 229 328 329
f 229 329 230
f 230 329 330
f 230 330 231
f 231 330 331
f 231 331 232
f 232 331 332
f 232 332 233
f 233 332 333
f 233 333 234
f 234 333 334
f 234 334 235
f 235 334 335
f 235 335 236
f 236 335 336
f 236 336 237
f 237 336 337
f 237 337 238
f 238 337 338
f 238 338 239
f 239 338 339
f 239 339 240
f 240 339 340
f 240 340 241
f 241 340 341
f 241 341 242
f 242 341 342
f 242 342 243
f 243 342 343
f 243 343 244
f 244 343 344
f 244 344 245
f 245 344 345
f 245 345 246
f 246 345 346
f 246 346 247
f 247 346 347
f 247 347 248
f 248 347 348
f 248 348 249
f 249 348 349
f 249 349 250
f 250 349 350
f 250 350 251
f 251 350 351
f 251 351 252
f 252 351 352
f 252 352 253
f 253 352 353
f 253 353 254
f 254 353 354
f 254 354 255
f 255 354 355
f 255 355 256
f 256 355 356
f 256 356 257
f 257 356 357
f 257 357 258
f 258 357 358
f 258 358 259
f 259 358 359
f 259 359 260
f 260 359 360
f 260 360 261
f 261 360 361
f 261 361 262
f 262 361 362
f 262 362 263
f 263 362 363
f 263 363 264
f 264 363 364
f 264 364 265
f 265 364 365
f 265 365 266
f 266 365 366
f 266 366 267
f 267 366 367
f 267 367 268
f 268 367 368
f 268 368 269
f 269 368 369
f 269 369 270
f 270 369 370
f 270 370 271
f 271 370 371
f 271 371 272
f 272 371 372
f 272 372 273
f 273 372 373
f 273 373 274
f 274 373 374
f 274 374 275
f 275 374 375
f 275 375 276
f 276 375 376
f 276 376 277
f 277 376 377
f 277 377 278
f 278 377 378
f 278 378 279
f 279 378 379
f 279 379 280
f 280 379 380
f 280 380 281
f 281 380 381
f 281 381 282
f 282 381 382
f 282 382 283
f 283 382 383
f 283 383 284
f 284 383 384
f 284 384 285
f 285 384 385
f 285 385 286
f 286 385 386
f 286 386 287
f 287 386 387
f 287 387 288
f 288 387 388
f 288 388 289
f 289 388 389
f 289 389 290
f 290 389 390
f 290 390 291
f 291 390 391
f 291 391 292
f 292 391 392
f 292 392 293
f 293 392 393
f 293 393 294
f 294 393 394
f 294 394 295
f 295 394 395
f 295 395 296
f 296 395 396
f 296 396 297
f 297 396 397
f 297 397 298
f 298 397 398
f 298 398 299
f 299 398 399
f 299 399 300
f 300 399 400
f 300 400 301
f 301 400 401
f 301 401 202
f 202 401 302
f 302 402 303
f 303 402 403
f 303 403 304
f 304 403 404
f 304 404 305
f 305 404 405
f 305 405 306
f 306 405 406
f 306 406 307
f 307 406 407
f 307 407 308
f 308 407 408
f 308 408 309
f 309 408 409
f 309 409 310
f 310 409 410
f 310 410 311
f 311 410 411
f 311 411 312
f 312 411 412
f 312 412 313
f 313 412 413
f 313 413 314
f 314 413 414
f 314 414 315
f 315 414 415
f 315 415 316
f 316 415 416
f 316 416 317
f 317 416 417
f 317 417 318
f 318 417 418
f 318 418 319
f 319 418 419
f 319 419 320
f 320 419 420
f 320 420 321
f 321 420 421
f 321 421 322
f 322 421 422
f 322 422 323
f 323 422 423
f 323 423 324
f 324 423 424
f 324 424 325
f 325 424 425
f 325 425 326
f 326 425 426
f 326 426 327
f 327 426 427
f 327 427 328
f 328 427 428
f 328 428 329
f 329 428 429
f 329 429 330
f 330 429 430
f 330 430 331
f 331 430 431
f 331 431 332
f 332 431 432
f 332 432 333
f 333 432 433
f 333 433 334
f 334 433 434
f 334 434 335
f 335 434 435
f 335 435 336
f 336 435 436
f 336 436 337
f 337 436 437
f 337 437 338
f 338 437 438
f 338 438 339
f 339 438 439
f 339 439 340
f 340 439 440
f 340 440 341
f 341 440 441
f 341 441 342
f 342 441 442
f 342 442 343
f 343 442 443
f 343 443 344
f 344 443 444
f 344 444 345
f 345 444 445
f 345 445 346
f 346 445 446
f 346 446 347
f 347 446 447
f 347 447 348
f 348 447 448
f 348 448 349
f 349 448 449
f 349 449 350
f 350 449 450
f 350 450 351
f 351 450 451
f 351 451 352
f 352 451 452
f 352 452 353
f 353 452 453
f 353 453 354
f 354 453 454
f 354 454 355
f 355 454 455
f 355 455 356
f 356 455 456
f 356 456 357
f 357 456 457
f 357 457 358
f 358 457 458
f 358 458 359
f 359 458 459
f 359 459 360
f 360 459 460
f 360 460 361
f 361 460 461
f 361 461 362
f 362 461 462
f 362 462 363
f 363 462 463
f 363 463 364
f 364 463 464
f 364 464 365
f 365 464 465
f 365 465 366
f 366 465 466
f 366 466 367
f 367 466 467
f 367 467 368
f 368 467 468
f 368 468 369
f 369 468 469
f 369 469 370
f 370 469 470
f 370 470 371
f 371 470 471
f 371 471 372
f 372 471 472
f 372 472 373
f 373 472 473
f 373 473 374
f 374 473 474
f 374 474 375
f 375 474 475
f 375 475 376
f 376 475 476
f 376 476 377
f 377 476 477
f 377 477 378
f 378 477 478
f 378 478 379
f 379 478 479
f 379 479 380
f 380 479 480
f 380 480 381
f 381 480 481
f 381 481 382
f 382 481 482
f 382 482 383
f 383 482 483
f 383 483 384
f 384 483 484
f 384 484 385
f 385 484 485
f 385 485 386
f 386 485 486
f 386 486 387
f 387 486 487
f 387 487 388
f 388 487 488
f 388 488 389
f 389 488 489
f 389 489 390
f 390 489 490
f 390 490 391
f 391 490 491
f 391 491 392
f 392 491 492
f 392 492 393
f 393 492 493
f 393 493 394
f 394 493 494
f 394 494 395
f 395 494 495
f 395 495 396
f 396 495 496
f 396 496 397
f 397 496 497
f 397 497 398
f 398 497 498
f 398 498 399
f 399 498 499
f 399 499 400
f 400 499 500
f 400 500 401
f 401 500 501
f 401 501 302
f 302 501 402
f 402 502 403
f 403 502 503
f 403 503 404
f 404 503 504
f 404 504 405
f 405 504 505
f 405 505 406
f 406 505 506
f 406 506 407
f 407 506 507
f 407 507 408
f 408 507 508
f 408 508 409
f 409 508 509
f 409 509 410
f 410 509 510
f 410 510 411
f 411 510 511
f 411 511 412
f 412 511 512
f 412 512 413
f 413 512 513
f 413 513 414
f 414 513 514
f 414 514 415
f 415 514 515
f 415 515 416
f 416 515 516
f 416 516 417
f 417 516 517
f 417 517 418
f 418 517 518
f 418 518 419
f 419 518 519
f 419 519 420
f 420 519 520
f 420 520 421
f 421 520 521
f 421 521 422
f 422 521 522
f 422 522 423
f 423 522 523
f 423 523 424
f 424 523 524
f 424 524 425
f 425 524 525
f 425 525 426
f 426 525 526
f 426 526 427
f 427 526 527
f 427 527 428
f 428 527 528
f 428 528 429
f 429 528 529
f 429 529 430
f 430 529 530
f 430 530 431
f 431 530 531
f 431 531 432
f 432 531 532
f 432 532 433
f 433 532 533
f 433 533 434
f 434 533 534
f 434 534 435
f 435 534 535
f 435 535 436
f 436 535 536
f 436 536 437
f 437 536 537
f 437 537 438
f 438 537 538
f 438 538 439
f 439 538 539
f 439 539 440
f 440 539 540
f 440 540 441
f 441 540 541
f 441 541 442
f 442 541 542
f 442 542 443
f 443 542 543
f 443 543 444
f 444 543 544
f 444 544 445
f 445 544 545
f 445 545 446
f 446 545 546
f 446 546 447
f 447 546 547
f 447 547 448
f 448 547 548
f 448 548 449
f 449 548 549
f 449 549 450
f 450 549 550
f 450 550 451
f 451 550 551
f 451 551 452
f 452 551 552
f 452 552 453
f 453 552 553
f 453 553 454
f 454 553 554
f 454 554 455
f 455 554 555
f 455 555 456
f 456 555 556
f 456 556 457
f 457 556 557
f 457 557 458
f 458 557 558
f 458 558 459
f 459 558 559
f 459 559 460
f 460 559 560
f 460 560 461
f 461 560 561
f 461 561 462
f 462 561 562
f 462 562 463
f 463 562 563
f 463 563 464
f 464 563 564
f 464 564 465
f 465 564 565
f 465 565 466
f 466 565 566
f 466 566 467
f 467 566 567
f 467 567 468
f 468 567 568
f 468 568 469
f 469 568 569
f 469 569 470
f 470 569 570
f 470 570 471
f 471 570 571
f 471 571 472
f 472 571 572
f 472 572 473
f 473 572 573
f 473 573 474
f 474 573 574
f 474 574 475
f 475 574 575
f 475 575 476
f 476 575 576
f 476 576 477
f 477 576 577
f 477 577 478
f 478 577 578
f 478 578 479
f 479 578 579
f 479 579 480
f 480 579 580
f 480 580 481
f 481 580 581
f 481 581 482
f 482 581 582
f 482 582 483
f 483 582 583
f 483 583 484
f 484 583 584
f 484 584 485
f 485 584 585
f 485 585 486
f 486 585 586
f 486 586 487
f 487 586 587
f 487 587 488
f 488 587 588
f 488 588 489
f 489 588 589
f 489 589 490
f 490 589 590
f 490 590 491
f 491 590 591
f 491 591 492
f 492 591 592
f 492 592 493
f 493 592 593
f 493 593 494
f 494 593 594
f 494 594 495
f 495 594 595
f 495 595 496
f 496 595 596
f 496 596 497
f 497 596 597
f 497 597 498
f 498 597 598
f 498 598 499
f 499 598 599
f 499 599 500
f 500 599 600
f 500 600 501
f 501 600 601
f 501 601 402
f 402 601 502
f 502 602 503
f 503 602 603
f 503 603 504
f 504 603 604
f 504 604 505
f 505 604 605
f 505 605 506
f 506 605 606
f 506 606 507
f 507 606 607
f 507 607 508
f 508 607 608
f 508 608 509
f 509 608 609
f 509 609 510
f 510 609 610
f 510 610 511
f 511 610 611
f 511 611 512
f 512 611 612
f 512 612 513
f 513 612 613
f 513 613 514
f 514 613 614
f 514 614 515
f 515 614 615
f 515 615 516
f 516 615 616
f 516 616 517
f 517 616 617
f 517 617 518
f 518 617 618
f 518 618 519
f 519 618 619
f 519 619 520
f 520 619 620
f 520 620 521
f 521 620 621
f 521 621 522
f 522 621 622
f 522 622 523
f 523 622 623
f 523 623 524
f 524 623 624
f 524 624 525
f 525 624 625
f 525 625 526
f 526 625 626
f 526 626 527
f 527 626 627
f 527 627 528
f 528 627 628
f 528 628 529
f 529 628 629
f 529 629 530
f 530 629 630
f 530 630 531
f 531 630 631
f 531 631 532
f 532 631 632
f 532 632 533
f 533 632 633
f 533 633 534
f 534 633 634
f 534 634 535
f 535 634 635
f 535 635 536
f 536 635 636
f 536 636 537
f 537 636 637
f 537 637 538
f 538 637 638
f 538 638 539
f 539 638 639
f 539 639 540
f 540 639 640
f 540 640 541
f 541 640 641
f 541 641 542
f 542 641 642
f 542 642 543
f 543 642 643
f 543 643 544
f 544 643 644
f 544 644 545
f 545 644 645
f 545 645 546
f 546 645 646
f 546 646 547
f 547 646 647
f 547 647 548
f 548 647 648
f 548 648 549
f 549 648 649
f 549 649 550
f 550 649 650
f 550 650 551
f 551 650 651
f 551 651 552
f 552 651 652
f 552 652 553
f 553 652 653
f 553 653 554
f 554 653 654
f 554 654 555
f 555 654 655
f 555 655 556
f 556 655 656
f 556 656 557
f 557 656 657
f 557 657 558
f 558 657 658
f 558 658 559
f 559 658 659
f 559 659 560
f 560 659 660
f 560 660 561
f 561 660 661
f 561 661 562
f 562 661 662
f 562 662 563
f 563 662 663
f 563 663 564
f 564 663 664
f 564 664 565
f 565 664 665
f 565 665 566
f 566 665 666
f 566 666 567
f 567 666 667
f 567 667 568
f 568 667 668
f 568 668 569
f 569 668 669
f 569 669 570
f 570 669 670
f 570 670 571
f 571 670 671
f 571 671 572
f 572 671 672
f 572 672 573
f 573 672 673
f 573 673 574
f 574 673 674
f 574 674 575
f 575 674 675
f 575 675 576
f 576 675 676
f 576 676 577
f 577 676 677
f 577 677 578
f 578 677 678
f 578 678 579
f 579 678 679
f 579 679 580
f 580 679 680
f 580 680 581
f 581 680 681
f 581 681 582
f 582 681 682
f 582 682 583
f 583 682 683
f 583 683 584
f 584 683 684
f 584 684 585
f 585 684 685
f 585 685 586
f 586 685 686
f 586 686 587
f 587 686 687
f 587 687 588
f 588 687 688
f 588 688 589
f 589 688 689
f 589 689 590
f 590 689 690
f 590 690 591
f 591 690 691
f 591 691 592
f 592 691 692
f 592 692 593
f 593 692 693
f 593 693 594
f 594 693 694
f 594 694 595
f 595 694 695
f 595 695 596
f 596 695 696
f 596 696 597
f 597 696 697
f 597 697 598
f 598 697 698
f 598 698 599
f 599 698 699
f 599 699 600
f 600 699 700
f 600 700 601
f 601 700 701
f 601 701 502
f 502 701 602
f 602 702 603
f 603 702 703
f 603 703 604
f 604 703 704
f 604 704 605
f 605 704 705
f 605 705 606
f 606 705 706
f 606 706 607
f 607 706 707
f 607 707 608
f 608 707 708
f 608 708 609
f 609 708 709
f 609 709 610
f 610 709 710
f 610 710 611
f 611 710 711
f 611 711 612
f 612 711 712
f 612 712 613
f 613 712 713
f 613 713 614
f 614 713 714
f 614 714 615
f 615 714 715
f 615 715 616
f 616 715 716
f 616 716 617
f 617 716 717
f 617 717 618
f 618 717 718
f 618 718 619
f 619 718 719
f 619 719 620
f 620 719 720
f 620 720 621
f 621 720 721
f 621 721 622
f 622 721 722
f 622 722 623
f 623 722 723
f 623 723 624
f 624 723 724
f 624 724 625
f 625 724 725
f 625 725 626
f 626 725 726
f 626 726 627
f 627 726 727
f 627 727 628
f 628 727 728
f 628 728 629
f 629 728 729
f 629 729 630
f 630 729 730
f 630 730 631
f 631 730 731
f 631 731 632
f 632 731 732
f 632 732 633
f 633 732 733
f 633 733 634
f 634 733 734
f 634 734 635
f 635 734 735
f 635 735 636
f 636 735 736
f 636 736 637
f 637 736 737
f 637 737 638
f 638 737 738
f 638 738 639
f 639 738 739
f 639 739 640
f 640 739 740
f 640 740 641
f 641 740 741
f 641 741 642
f 642 741 742
f 642 742 643
f 643 742 743
f 643 743 644
f 644 743 744
f 644 744 645
f 645 744 745
f 645 745 646
f 646 745 746
f 646 746 647
f 647 746 747
f 647 747 648
f 648 747 748
f 648 748 649
f 649 748 749
f 649 749 650
f 650 749 750
f 650 750 651
f 651 750 751
f 651 751 652
f 652 751 752
f 652 752 653
f 653 752 753
f 653 753 654
f 654 753 754
f 654 754 655
f 655 754 755
f 655 755 656
f 656 755 756
f 656 756 657
f 657 756 757
f 657 757 658
f 658 757 758
f 658 758 659
f 659 758 759
f 659 759 660
f 660 759 760
f 660 760 661
f 661 760 761
f 661 761 662
f 662 761 762
f 662 762 663
f 663 762 763
f 663 763 664
f 664 763 764
f 664 764 665
f 665 764 765
f 665 765 666
f 666 765 766
f 666 766 667
f 667 766 767
f 667 767 668
f 668 767 768
f 668 768 669
f 669 768 769
f 669 769 670
f 670 769 770
f 670 770 671
f 671 770 771
f 671 771 672
f 672 771 772
f 672 772 673
f 673 772 773
f 673 773 674
f 674 773 774
f 674 774 675
f 675 774 775
f 675 775 676
f 676 775 776
f 676 776 677
f 677 776 777
f 677 777 678
f 678 777 778
f 678 778 679
f 679 778 779
f 679 779 680
f 680 779 780
f 680 780 681
f 681 780 781
f 681 781 682
f 682 781 782
f 682 782 683
f 683 782 783
f 683 783 684
f 684 783 784
f 684 784 685
f 685 784 785
f 685 785 686
f 686 785 786
f 686 786 687
f 687 786 787
f 687 787 688
f 688 787 788
f 688 788 689
f 689 788 789
f 689 789 690
f 690 789 790
f 690 790 691
f 691 790 791
f 691 791 692
f 692 791 792
f 692 792 693
f 693 792 793
f 693 793 694
f 694 793 794
f 694 794 695
f 695 794 795
f 695 795 696
f 696 795 796
f 696 796 697
f 697 796 797
f 697 797 698
f 698 797 798
f 698 798 699
f 699 798 799
f 699 799 700
f 700 799 800
f 700 800 701
f 701 800 801
f 701 801 602
f 602 801 702
f 702 802 703
f 703 802 803
f 703 803 704
f 704 803 804
f 704 804 705
f 705 804 805
f 705 805 706
f 706 805 806
f 706 806 707
f 707 806 807
f 707 807 708
f 708 807 808
f 708 808 709
f 709 808 809
f 709 809 710
f 710 809 810
f 710 810 711
f 711 810 811
f 711 811 712
f 712 811 812
f 712 812 713
f 713 812 813
f 713 813 714
f 714 813 814
f 714 814 715
f 715 814 815
f 715 815 716
f 716 815 816
f 716 816 717
f 717 816 817
f 717 817 718
f 718 817 818
f 718 818 719
f 719 818 819
f 719 819 720
f 720 819 820
f 720 820 721
f 721 820 821
f 721 821 722
f 722 821 822
f 722 822 723
f 723 822 823
f 723 823 724
f 724 823 824
f 724 824 725
f 725 824 825
f 725 825 726
f 726 825 826
f 726 826 727
f 727 826 827
f 727 827 728
f 728 827 828
f 728 828 729
f 729 828 829
f 729 829 730
f 730 829 830
f 730 830 731
f 731 830 831
f 731 831 732
f 732 831 832
f 732 832 733
f 733 832 833
f 733 833 734
f 734 833 834
f 734 834 735
f 735 834 835
f 735 835 736
f 736 835 836
f 736 836 737
f 737 836 837
f 737 837 738
f 738 837 838
f 738 838 739
f 739 838 839
f 739 839 740
f 740 839 840
f 740 840 741
f 741 840 841
f 741 841 742
f 742 841 842
f 742 842 743
f 743 842 843
f 743 843 744
f 744 843 844
f 744 844 745
f 745 844 845
f 745 845 746
f 746 845 846
f 746 846 747
f 747 846 847
f 747 847 748
f 748 847 848
f 748 848 749
f 749 848 849
f 749 849 750
f 750 849 850
f 750 850 751
f 751 850 851
f 751 851 752
f 752 851 852
f 752 852 753
f 753 852 853
f 753 853 754
f 754 853 854
f 754 854 755
f 755 854 855
f 755 855 756
f 756 855 856
f 756 856 757
f 757 856 857
f 757 857 758
f 758 857 858
f 758 858 759
f 759 858 859
f 759 859 760
f 760 859 860
f 760 860 761
f 761 860 861
f 761 861 762
f 762 861 862
f 762 862 763
f 763 862 863
f 763 863 764
f 764 863 864
f 764 864 765
f 765 864 865
f 765 865 766
f 766 865 866
f 766 866 767
f 767 866 867
f 767 867 768
f 768 867 868
f 768 868 769
f 769 868 869
f 769 869 770
f 770 869 870
f 770 870 771
f 771 870 871
f 771 871 772
f 772 871 872
f 772 872 773
f 773 872 873
f 773 873 774
f 774 873 874
f 774 874 775
f 775 874 875
f 775 875 776
f 776 875 876
f 776 876 777
f 777 876 877
f 777 877 778
f 778 877 878
f 778 878 779
f 779 878 879
f 779 879 780
f 780 879 880
f 780 880 781
f 781 880 881
f 781 881 782
f 782 881 882
f 782 882 783
f 783 882 883
f 783 883 784
f 784 883 884
f 784 884 785
f 785 884 885
f 785 885 786
f 786 885 886
f 786 886 787
f 787 886 887
f 787 887 788
f 788 887 888
f 788 888 789
f 789 888 889
f 789 889 790
f 790 889 890
f 790 890 791
f 791 890 891
f 791 891 792
f 792 891 892
f 792 892 793
f 793 892 893
f 793 893 794
f 794 893 894
f 794 894 795
f 795 894 895
f 795 895 796
f 796 895 896
f 796 896 797
f 797 896 897
f 797 897 798
f 798 897 898
f 798 898 799
f 799 898 899
f 799 899 800
f 800 899 900
f 800 900 801
f 801 900 901
f 801 901 702
f 702 901 802
f 802 902 803
f 803 902 903
f 803 903 804
f 804 903 904
f 804 904 805
f 805 904 905
f 805 905 806
f 806 905 906
f 806 906 807
f 807 906 907
f 807 907 808
f 808 907 908
f 808 908 809
f 809 908 909
f 809 909 810
f 810 909 910
f 810 910 811
f 811 910 911
f 811 911 812
f 812 911 912
f 812 912 813
f 813 912 913
f 813 913 814
f 814 913 914
f 814 914 815
f 815 914 915
f 815 915 816
f 816 915 916
f 816 916 817
f 817 916 917
f 817 917 818
f 818 917 918
f 818 918 819
f 819 918 919
f 819 919 820
f 820 919 920
f 820 920 821
f 821 920 921
f 821 921 822
f 822 921 922
f 822 922 823
f 823 922 923
f 823 923 824
f 824 923 924
f 824 924 825
f 825 924 925
f 825 925 826
f 826 925 926
f 826 926 827
f 827 926 927
f 827 927 828
f 828 927 928
f 828 928 829
f 829 928 929
f 829 929 830
f 830 929 930
f 830 930 831
f 831 930 931
f 831 931 832
f 832 931 932
f 832 932 833
f 833 932 933
f 833 933 834
f 834 933 934
f 834 934 835
f 835 934 935
f 835 935 836
f 836 935 936
f 836 936 837
f 837 936 937
f 837 937 838
f 838 937 938
f 838 938 839
f 839 938 939
f 839 939 840
f 840 939 940
f 840 940 841
f 841 940 941
f 841 941 842
f 842 941 942
f 842 942 843
f 843 942 943
f 843 943 844
f 844 943 944
f 844 944 845
f 845 944 945
f 845 945 846
f 846 945 946
f 846 946 847
f 847 946 947
f 847 947 848
f 848 947 948
f 848 948 849
f 849 948 949
f 849 949 850
f 850 949 950
f 850 950 851
f 851 950 951
f 851 951 852
f 852 951 952
f 852 952 853
f 853 952 953
f 853 953 854
f 854 953 954
f 854 954 855
f 855 954 955
f 855 955 856
f 856 955 956
f 856 956 857
f 857 956 957
f 857 957 858
f 858 957 958
f 858 958 859
f 859 958 959
f 859 959 860
f 860 959 960
f 860 960 861
f 861 960 961
f 861 961 862
f 862 961 962
f 862 962 863
f 863 962 963
f 863 963 864
f 864 963 964
f 864 964 865
f 865 964 965
f 865 965 866
f 866 965 966
f 866 966 867
f 867 966 967
f 867 967 868
f 868 967 968
f 868 968 869
f 869 968 969
f 869 969 870
f 870 969 970
f 870 970 871
f 871 970 971
f 871 971 872
f 872 971 972
f 872 972 873
f 873 972 973
f 873 973 874
f 874 973 974
f 874 974 875
f 875 974 975
f 875 975 876
f 876 975 976
f 876 976 877
f 877 976 977
f 877 977 878
f 878 977 978
f 878 978 879
f 879 978 979
f 879 979 880
f 880 979 980
f 880 980 881
f 881 980 981
f 881 981 882
f 882 981 982
f 882 982 883
f 883 982 983
f 883 983 884
f 884 983 984
f 884 984 885
f 885 984 985
f 885 985 886
f 886 985 986
f 886 986 887
f 887 986 987
f 887 987 888
f 888 987 988
f 888 988 889
f 889 988 989
f 889 989 890
f 890 989 990
f 890 990 891
f 891 990 991
f 891 991 892
f 892 991 992
f 892 992 893
f 893 992 993
f 893 993 894
f 894 993 994
f 894 994 895
f 895 994 995
f 895 995 896
f 896 995 996
f 896 996 897
f 897 996 997
f 897 997 898
f 898 997 998
f 898 998 899
f 899 998 999
f 899 999 900
f 900 999 1000
f 900 1000 901
f 901 1000 1001
f 901 1001 802
f 802 1001 902
f 902 1002 903
f 903 1002 1003
f 903 1003 904
f 904 1003 1004
f 904 1004 905
f 905 1004 1005
f 905 1005 906
f 906 1005 1006
f 906 1006 907
f 907 1006 1007
f 907 1007 908
f 908 1007 1008
f 908 1008 909
f 909 1008 1009
f 909 1009 910
f 910 1009 1010
f 910 1010 911
f 911 1010 1011
f 911 1011 912
f 912 1011 1012
f 912 1012 913
f 913 1012 1013
f 913 1013 914
f 914 1013 1014
f 914 1014 915
f 915 1014 1015
f 915 1015 916
f 916 1015 1016
f 916 1016 917
f 917 1016 1017
f 917 1017 918
f 918 1017 1018
f 918 1018 919
f 919 1018 1019
f 919 1019 920
f 920 1019 1020
f 920 1020 921
f 921 1020 1021
f 921 1021 922
f 922 1021 1022
f 922 1022 923
f 923 1022 1023
f 923 1023 924
f 924 1023 1024
f 924 1024 925
f 925 1024 1025
f 925 1025 926
f 926 1025 1026
f 926 1026 927
f 927 1026 1027
f 927 1027 928
f 928 1027 1028
f 928 1028 929
f 929 1028 1029
f 929 1029 930
f 930 1029 1030
f 930 1030 931
f 931 1030 1031
f 931 1031 932
f 932 1031 1032
f 932 1032 933
f 933 1032 1033
f 933 1033 934
f 934 1033 1034
f 934 1034 935
f 935 1034 1035
f 935 1035 936
f 936 1035 1036
f 936 1036 937
f 937 1036 1037
f 937 1037 938
f 938 1037 1038
f 938 1038 939
f 939 1038 1039
f 939 1039 940
f 940 1039 1040
f 940 1040 941
f 941 1040 1041
f 941 1041 942
f 942 1041 1042
f 942 1042 943
f 943 1042 1043
f 943 1043 944
f 944 1043 1044
f 944 1044 945
f 945 1044 1045
f 945 1045 946
f 946 1045 1046
f 946 1046 947
f 947 1046 1047
f 947 1047 948
f 948 1047 1048
f 948 1048 949
f 949 1048 1049
f 949 1049 950
f 950 1049 1050
f 950 1050 951
f 951 1050 1051
f 951 1051 952
f 952 1051 1052
f 952 1052 953
f 953 1052 1053
f 953 1053 954
f 954 1053 1054
f 954 1054 955
f 955 1054 1055
f 955 1055 956
f 956 1055 1056
f 956 1056 957
f 957 1056 1057
f 957 1057 958
f 958 1057 1058
f 958 1058 959
f 959 1058 1059
f 959 1059 960
f 960 1059 1060
f 960 1060 961
f 961 1060 1061
f 961 1061 962
f 962 1061 1062
f 962 1062 963
f 963 1062 1063
f 963 1063 964
f 964 1063 1064
f 964 1064 965
f 965 1064 1065
f 965 1065 966
f 966 1065 1066
f 966 1066 967
f 967 1066 1067
f 967 1067 968
f 968 1067 1068
f 968 1068 969
f 969 1068 1069
f 969 1069 970
f 970 1069 1070
f 970 1070 971
f 971 1070 1071
f 971 1071 972
f 972 1071 1072
f 972 1072 973
f 973 1072 1073
f 973 1073 974
f 974 1073 1074
f 974 1074 975
f 975 1074 1075
f 975 1075 976
f 976 1075 1076
f 976 1076 977
f 977 1076 1077
f 977 1077 978
f 978 1077 1078
f 978 1078 979
f 979 1078 1079
f 979 1079 980
f 980 1079 1080
f 980 1080 981
f 981 1080 1081
f 981 1081 982
f 982 1081 1082
f 982 1082 983
f 983 1082 1083
f 983 1083 984
f 984 1083 1084
f 984 1084 985
f 985 1084 1085
f 985 1085 986
f 986 1085 1086
f 986 1086 987
f 987 1086 1087
f 987 1087 988
f 988 1087 1088
f 988 1088 989
f 989 1088 1089
f 989 1089 990
f 990 1089 1090
f 990 1090 991
f 991 1090 1091
f 991 1091 992
f 992 1091 1092
f 992 1092 993
f 993 1092 1093
f 993 1093 994
f 994 1093 1094
f 994 1094 995
f 995 1094 1095
f 995 1095 996
f 996 1095 1096
f 996 1096 997
f 997 1096 1097
f 997 1097 998
f 998 1097 1098
f 998 1098 999
f 999 1098 1099
f 999 1099 1000
f 1000 1099 1100
f 1000 1100 1001
f 1001 1100 1101
f 1001 1101 902
f 902 1101 1002
f 1002 1102 1003
f 1003 1102 1103
f 1003 1103 1004
f 1004 1103 1104
f 1004 1104 1005
f 1005 1104 1105
f 1005 1105 1006
f 1006 1105 1106
f 1006 1106 1007
f 1007 1106 1107
f 1007 1107 1008
f 1008 1107 1108
f 1008 1108 1009
f 1009 1108 1109
f 1009 1109 1010
f 1010 1109 1110
f 1010 1110 1011
f 1011 1110 1111
f 1011 1111 1012
f 1012 1111 1112
f 1012 1112 1013
f 1013 1112 1113
f 1013 1113 1014
f 1014 1113 1114
f 1014 1114 1015
f 1015 1114 1115
f 1015 1115 1016
f 1016 1115 1116
f 1016 1116 1017
f 1017 1116 1117
f 1017 1117 1018
f 1018 1117 1118
f 1018 1118 1019
f 1019 1118 1119
f 1019 1119 1020
f 1020 1119 1120
f 1020 1120 1021
f 1021 1120 1121
f 1021 1121 1022
f 1022 1121 1122
f 1022 1122 1023
f 1023 1122 1123
f 1023 1123 1024
f 1024 1123 1124
f 1024 1124 1025
f 1025 1124 1125
f 1025 1125 1026
f 1026 1125 1126
f 1026 1126 1027
f 1027 1126 1127
f 1027 1127 1028
f 1028 1127 1128
f 1028 1128 1029
f 1029 1128 1129
f 1029 1129 1030
f 1030 1129 1130
f 1030 1130 1031
f 1031 1130 1131
f 1031 1131 1032
f 1032 1131 1132
f 1032 1132 1033
f 1033 1132 1133
f 1033 1133 1034
f 1034 1133 1134
f 1034 1134 1035
f 1035 1134 1135
f 1035 1135 1036
f 1036 1135 1136
f 1036 1136 1037
f 1037 1136 1137
f 1037 1137 1038
f 1038 1137 1138
f 1038 1138 1039
f 1039 1138 1139
f 1039 1139 1040
f 1040 1139 1140
f 1040 1140 1041
f 1041 1140 1141
f 1041 1141 1042
f 1042 1141 1142
f 1042 1142 1043
f 1043 1142 1143
f 1043 1143 1044
f 1044 1143 1144
f 1044 1144 1045
f 1045 1144 1145
f 1045 1145 1046
f 1046 1145 1146
f 1046 1146 1047
f 1047 1146 1147
f 1047 1147 1048
f 1048 1147 1148
f 1048 1148 1049
f 1049 1148 1149
f 1049 1149 1050
f 1050 1149 1150
f 1050 1150 1051
f 1051 1150 1151
f 1051 1151 1052
f 1052 1151 1152
f 1052 1152 1053
f 1053 1152 1153
f 1053 1153 1054
f 1054 1153 1154
f 1054 1154 1055
f 1055 1154 1155
f 1055 1155 1056
f 1056 1155 1156
f 1056 1156 1057
f 1057 1156 1157
f 1057 1157 1058
f 1058 1157 1158
f 1058 1158 1059
f 1059 1158 1159
f 1059 1159 1060
f 1060 1159 1160
f 1060 1160 1061
f 1061 1160 1161
f 1061 1161 1062
f 1062 1161 1162
f 1062 1162 1063
f 1063 1162 1163
f 1063 1163 1064
f 1064 1163 1164
f 1064 1164 1065
f 1065 1164 1165
f 1065 1165 1066
f 1066 1165 1166
f 1066 1166 1067
f 1067 1166 1167
f 1067 1167 1068
f 1068 1167 1168
f 1068 1168 1069
f 1069 1168 1169
f 1069 1169 1070
f 1070 1169 1170
f 1070 1170 1071
f 1071 1170 1171
f 1071 1171 1072
f 1072 1171 1172
f 1072 1172 1073
f 1073 1172 1173
f 1073 1173 1074
f 1074 1173 1174
f 1074 1174 1075
f 1075 1174 1175
f 1075 1175 1076
f 1076 1175 1176
f 1076 1176 1077
f 1077 1176 1177
f 1077 1177 1078
f 1078 1177 1178
f 1078 1178 1079
f 1079 1178 1179
f 1079 1179 1080
f 1080 1179 1180
f 1080 1180 1081
f 1081 1180 1181
f 1081 1181 1082
f 1082 1181 1182
f 1082 1182 1083
f 1083 1182 1183
f 1083 1183 1084
f 1084 1183 1184
f 1084 1184 1085
f 1085 1184 1185
f 1085 1185 1086
f 1086 1185 1186
f 1086 1186 1087
f 1087 1186 1187
f 1087 1187 1088
f 1088 1187 1188
f 1088 1188 1089
f 1089 1188 1189
f 1089 1189 1090
f 1090 1189 1190
f 1090 1190 1091
f 1091 1190 1191
f 1091 1191 1092
f 1092 1191 1192
f 1092 1192 1093
f 1093 1192 1193
f 1093 1193 1094
f 1094 1193 1194
f 1094 1194 1095
f 1095 1194 1195
f 1095 1195 1096
f 1096 1195 1196
f 1096 1196 1097
f 1097 1196 1197
f 1097 1197 1098
f 1098 1197 1198
f 1098 1198 1099
f 1099 1198 1199
f 1099 1199 1100
f 1100 1199 1200
f 1100 1200 1101
f 1101 1200 1201
f 1101 1201 1002
f 1002 1201 1102
f 1102 1202 1103
f 1103 1202 1203
f 1103 1203 1104
f 1104 1203 1204
f 1104 1204 1105
f 1105 1204 1205
f 1105 1205 1106
f 1106 1205 1206
f 1106 1206 1107
f 1107 1206 1207
f 1107 1207 1108
f 1108 1207 1208
f 1108 1208 1109
f 1109 1208 1209
f 1109 1209 1110
f 1110 1209 1210
f 1110 1210 1111
f 1111 1210 1211
f 1111 1211 1112
f 1112 1211 1212
f 1112 1212 1113
f 1113 1212 1213
f 1113 1213 1114
f 1114 1213 1214
f 1114 1214 1115
f 1115 1214 1215
f 1115 1215 1116
f 1116 1215 1216
f 1116 1216 1117
f 1117 1216 1217
f 1117 1217 1118
f 1118 1217 1218
f 1118 1218 1119
f 1119 1218 1219
f 1119 1219 1120
f 1120 1219 1220
f 1120 1220 1121
f 1121 1220 1221
f 1121 1221 1122
f 1122 1221 1222
f 1122 1222 1123
f 1123 1222 1223
f 1123 1223 1124
f 1124 1223 1224
f 1124 1224 1125
f 1125 1224 1225
f 1125 1225 1126
f 1126 1225 1226
f 1126 1226 1127
f 1127 1226 1227
f 1127 1227 1128
f 1128 1227 1228
f 1128 1228 1129
f 1129 1228 1229
f 1129 1229 1130
f 1130 1229 1230
f 1130 1230 1131
f 1131 1230 1231
f 1131 1231 1132
f 1132 1231 1232
f 1132 1232 1133
f 1133 1232 1233
f 1133 1233 1134
f 1134 1233 1234
f 1134 1234 1135
f 1135 1234 1235
f 1135 1235 1136
f 1136 1235 1236
f 1136 1236 1137
f 1137 1236 1237
f 1137 1237 1138
f 1138 1237 1238
f 1138 1238 1139
f 1139 1238 1239
f 1139 1239 1140
f 1140 1239 1240
f 1140 1240 1141
f 1141 1240 1241
f 1141 1241 1142
f 1142 1241 1242
f 1142 1242 1143
f 1143 1242 1243
f 1143 1243 1144
f 1144 1243 1244
f 1144 1244 1145
f 1145 1244 1245
f 1145 1245 1146
f 1146 1245 1246
f 1146 1246 1147
f 1147 1246 1247
f 1147 1247 1148
f 1148 1247 1248
f 1148 1248 1149
f 1149 1248 1249
f 1149 1249 1150
f 1150 1249 1250
f 1150 1250 1151
f 1151 1250 1251
f 1151 1251 1152
f 1152 1251 1252
f 1152 1252 1153
f 1153 1252 1253
f 1153 1253 1154
f 1154 1253 1254
f 1154 1254 1155
f 1155 1254 1255
f 1155 1255 1156
f 1156 1255 1256
f 1156 1256 1157
f 1157 1256 1257
f 1157 1257 1158
f 1158 1257 1258
f 1158 1258 1159
f 1159 1258 1259
f 1159 1259 1160
f 1160 1259 1260
f 1160 1260 1161
f 1161 1260 1261
f 1161 1261 1162
f 1162 1261 1262
f 1162 1262 1163
f 1163 1262 1263
f 1163 1263 1164
f 1164 1263 1264
f 1164 1264 1165
f 1165 1264 1265
f 1165 1265 1166
f 1166 1265 1266
f 1166 1266 1167
f 1167 1266 1267
f 1167 1267 1168
f 1168 1267 1268
f 1168 1268 1169
f 1169 1268 1269
f 1169 1269 1170
f 1170 1269 1270
f 1170 1270 1171
f 1171 1270 1271
f 1171 1271 1172
f 1172 1271 1272
f 1172 1272 1173
f 1173 1272 1273
f 1173 1273 1174
f 1174 1273 1274
f 1174 1274 1175
f 1175 1274 1275
f 1175 1275 1176
f 1176 1275 1276
f 1176 1276 1177
f 1177 1276 1277
f 1177 1277 1178
f 1178 1277 1278
f 1178 1278 1179
f 1179 1278 1279
f 1179 1279 1180
f 1180 1279 1280
f 1180 1280 1181
f 1181 1280 1281
f 1181 1281 1182
f 1182 1281 1282
f 1182 1282 1183
f 1183 1282 1283
f 1183 1283 1184
f 1184 1283 1284
f 1184 1284 1185
f 1185 1284 1285
f 1185 1285 1186
f 1186 1285 1286
f 1186 1286 1187
f 1187 1286 1287
f 1187 1287 1188
f 1188 1287 1288
f 1188 1288 1189
f 1189 1288 1289
f 1189 1289 1190
f 1190 1289 1290
f 1190 1290 1191
f 1191 1290 1291
f 1191 1291 1192
f 1192 1291 1292
f 1192 1292 1193
f 1193 1292 1293
f 1193 1293 1194
f 1194 1293 1294
f 1194 1294 1195
f 1195 1294 1295
f 1195 1295 1196
f 1196 1295 1296
f 1196 1296 1197
f 1197 1296 1297
f 1197 1297 1198
f 1198 1297 1298
f 1198 1298 1199
f 1199 1298 1299
f 1199 1299 1200
f 1200 1299 1300
f 1200 1300 1201
f 1201 1300 1301
f 1201 1301 1102
f 1102 1301 1202
f 1202 1302 1203
f 1203 1302 1303
f 1203 1303 1204
f 1204 1303 1304
f 1204 1304 1205
f 1205 1304 1305
f 1205 1305 1206
f 1206 1305 1306
f 1206 1306 1207
f 1207 1306 1307
f 1207 1307 1208
f 1208 1307 1308
f 1208 1308 1209
f 1209 1308 1309
f 1209 1309 1210
f 1210 1309 1310
f 1210 1310 1211
f 1211 1310 1311
f 1211 1311 1212
f 1212 1311 1312
f 1212 1312 1213
f 1213 1312 1313
f 1213 1313 1214
f 1214 1313 1314
f 1214 1314 1215
f 1215 1314 1315
f 1215 1315 1216
f 1216 1315 1316
f 1216 1316 1217
f 1217 1316 1317
f 1217 1317 1218
f 1218 1317 1318
f 1218 1318 1219
f 1219 1318 1319
f 1219 1319 1220
f 1220 1319 1320
f 1220 1320 1221
f 1221 1320 1321
f 1221 1321 1222
f 1222 1321 1322
f 1222 1322 1223
f 1223 1322 1323
f 1223 1323 1224
f 1224 1323 1324
f 1224 1324 1225
f 1225 1324 1325
f 1225 1325 1226
f 1226 1325 1326
f 1226 1326 1227
f 1227 1326 1327
f 1227 1327 1228
f 1228 1327 1328
f 1228 1328 1229
f 1229 1328 1329
f 1229 1329 1230
f 1230 1329 1330
f 1230 1330 1231
f 1231 1330 1331
f 1231 1331 1232
f 1232 1331 1332
f 1232 1332 1233
f 1233 1332 1333
f 1233 1333 1234
f 1234 1333 1334
f 1234 1334 1235
f 1235 1334 1335
f 1235 1335 1236
f 1236 1335 1336
f 1236 1336 1237
f 1237 1336 1337
f 1237 1337 1238
f 1238 1337 1338
f 1238 1338 1239
f 1239 1338 1339
f 1239 1339 1240
f 1240 1339 1340
f 1240 1340 1241
f 1241 1340 1341
f 1241 1341 1242
f 1242 1341 1342
f 1242 1342 1243
f 1243 1342 1343
f 1243 1343 1244
f 1244 1343 1344
f 1244 1344 1245
f 1245 1344 1345
f 1245 1345 1246
f 1246 1345 1346
f 1246 1346 1247
f 1247 1346 1347
f 1247 1347 1248
f 1248 1347 1348
f 1248 1348 1249
f 1249 1348 1349
f 1249 1349 1250
f 1250 1349 1350
f 1250 1350 1251
f 1251 1350 1351
f 1251 1351 1252
f 1252 1351 1352
f 1252 1352 1253
f 1253 1352 1353
f 1253 1353 1254
f 1254 1353 1354
f 1254 1354 1255
f 1255 1354 1355
f 1255 1355 1256
f 1256 1355 1356
f 1256 1356 1257
f 1257 1356 1357
f 1257 1357 1258
f 1258 1357 1358
f 1258 1358 1259
f 1259 1358 1359
f 1259 1359 1260
f 1260 1359 1360
f 1260 1360 1261
f 1261 1360 1361
f 1261 1361 1262
f 1262 1361 1362
f 1262 1362 1263
f 1263 1362 1363
f 1263 1363 1264
f 1264 1363 1364
f 1264 1364 1265
f 1265 1364 1365
f 1265 1365 1266
f 1266 1365 1366
f 1266 1366 1267
f 1267 1366 1367
f 1267 1367 1268
f 1268 1367 1368
f 1268 1368 1269
f 1269 1368 1369
f 1269 1369 1270
f 1270 1369 1370
f 1270 1370 1271
f 1271 1370 1371
f 1271 1371 1272
f 1272 1371 1372
f 1272 1372 1273
f 1273 1372 1373
f 1273 1373 1274
f 1274 1373 1374
f 1274 1374 1275
f 1275 1374 1375
f 1275 1375 1276
f 1276 1375 1376
f 1276 1376 1277
f 1277 1376 1377
f 1277 1377 1278
f 1278 1377 1378
f 1278 1378 1279
f 1279 1378 1379
f 1279 1379 1280
f 1280 1379 1380
f 1280 1380 1281
f 1281 1380 1381
f 1281 1381 1282
f 1282 1381 1382
f 1282 1382 1283
f 1283 1382 1383
f 1283 1383 1284
f 1284 1383 1384
f 1284 1384 1285
f 1285 1384 1385
f 1285 1385 1286
f 1286 1385 1386
f 1286 1386 1287
f 1287 1386 1387
f 1287 1387 1288
f 1288 1387 1388
f 1288 1388 1289
f 1289 1388 1389
f 1289 1389 1290
f 1290 1389 1390
f 1290 1390 1291
f 1291 1390 1391
f 1291 1391 1292
f 1292 1391 1392
f 1292 1392 1293
f 1293 1392 1393
f 1293 1393 1294
f 1294 1393 1394
f 1294 1394 1295
f 1295 1394 1395
f 1295 1395 1296
f 1296 1395 1396
f 1296 1396 1297
f 1297 1396 1397
f 1297 1397 1298
f 1298 1397 1398
f 1298 1398 1299
f 1299 1398 1399
f 1299 1399 1300
f 1300 1399 1400
f 1300 1400 1301
f 1301 1400 1401
f 1301 1401 1202
f 1202 1401 1302
f 1302 1402 1303
f 1303 1402 1403
f 1303 1403 1304
f 1304 1403 1404
f 1304 1404 1305
f 1305 1404 1405
f 1305 1405 1306
f 1306 1405 1406
f 1306 1406 1307
f 1307 1406 1407
f 1307 1407 1308
f 1308 1407 1408
f 1308 1408 1309
f 1309 1408 1409
f 1309 1409 1310
f 1310 1409 1410
f 1310 1410 1311
f 1311 1410 1411
f 1311 1411 1312
f 1312 1411 1412
f 1312 1412 1313
f 1313 1412 1413
f 1313 1413 1314
f 1314 1413 1414
f 1314 1414 1315
f 1315 1414 1415
f 1315 1415 1316
f 1316 1415 1416
f 1316 1416 1317
f 1317 1416 1417
f 1317 1417 1318
f 1318 1417 1418
f 1318 1418 1319
f 1319 1418 1419
f 1319 1419 1320
f 1320 1419 1420
f 1320 1420 1321
f 1321 1420 1421
f 1321 1421 1322
f 1322 1421 1422
f 1322 1422 1323
f 1323 1422 1423
f 1323 1423 1324
f 1324 1423 1424
f 1324 1424 1325
f 1325 1424 1425
f 1325 1425 1326
f 1326 1425 1426
f 1326 1426 1327
f 1327 1426 1427
f 1327 1427 1328
f 1328 1427 1428
f 1328 1428 1329
f 1329 1428 1429
f 1329 1429 1330
f 1330 1429 1430
f 1330 1430 1331
f 1331 1430 1431
f 1331 1431 1332
f 1332 1431 1432
f 1332 1432 1333
f 1333 1432 1433
f 1333 1433 1334
f 1334 1433 1434
f 1334 1434 1335
f 1335 1434 1435
f 1335 1435 1336
f 1336 1435 1436
f 1336 1436 1337
f 1337 1436 1437
f 1337 1437 1338
f 1338 1437 1438
f 1338 1438 1339
f 1339 1438 1439
f 1339 1439 1340
f 1340 1439 1440
f 1340 1440 1341
f 1341 1440 1441
f 1341 1441 1342
f 1342 1441 1442
f 1342 1442 1343
f 1343 1442 1443
f 1343 1443 1344
f 1344 1443 1444
f 1344 1444 1345
f 1345 1444 1445
f 1345 1445 1346
f 1346 1445 1446
f 1346 1446 1347
f 1347 1446 1447
f 1347 1447 1348
f 1348 1447 1448
f 1348 1448 1349
f 1349 1448 1449
f 1349 1449 1350
f 1350 1449 1450
f 1350 1450 1351
f 1351 1450 1451
f 1351 1451 1352
f 1352 1451 1452
f 1352 1452 1353
f 1353 1452 1453
f 1353 1453 1354
f 1354 1453 1454
f 1354 1454 1355
f 1355 1454 1455
f 1355 1455 1356
f 1356 1455 1456
f 1356 1456 1357
f 1357 1456 1457
f 1357 1457 1358
f 1358 1457 1458
f 1358 1458 1359
f 1359 1458 1459
f 1359 1459 1360
f 1360 1459 1460
f 1360 1460 1361
f 1361 1460 1461
f 1361 1461 1362
f 1362 1461 1462
f 1362 1462 1363
f 1363 1462 1463
f 1363 1463 1364
f 1364 1463 1464
f 1364 1464 1365
f 1365 1464 1465
f 1365 1465 1366
f 1366 1465 1466
f 1366 1466 1367
f 1367 1466 1467
f 1367 1467 1368
f 1368 1467 1468
f 1368 1468 1369
f 1369 1468 1469
f 1369 1469 1370
f 1370 1469 1470
f 1370 1470 1371
f 1371 1470 1471
f 1371 1471 1372
f 1372 1471 1472
f 1372 1472 1373
f 1373 1472 1473
f 1373 1473 1374
f 1374 1473 1474
f 1374 1474 1375
f 1375 1474 1475
f 1375 1475 1376
f 1376 1475 1476
f 1376 1476 1377
f 1377 1476 1477
f 1377 1477 1378
f 1378 1477 1478
f 1378 1478 1379
f 1379 1478 1479
f 1379 1479 1380
f 1380 1479 1480
f 1380 1480 1381
f 1381 1480 1481
f 1381 1481 1382
f 1382 1481 1482
f 1382 1482 1383
f 1383 1482 1483
f 1383 1483 1384
f 1384 1483 1484
f 1384 1484 1385
f 1385 1484 1485
f 1385 1485 1386
f 1386 1485 1486
f 1386 1486 1387
f 1387 1486 1487
f 1387 1487 1388
f 1388 1487 1488
f 1388 1488 1389
f 1389 1488 1489
f 1389 1489 1390
f 1390 1489 1490
f 1390 1490 1391
f 1391 1490 1491
f 1391 1491 1392
f 1392 1491 1492
f 1392 1492 1393
f 1393 1492 1493
f 1393 1493 1394
f 1394 1493 1494
f 1394 1494 1395
f 1395 1494 1495
f 1395 1495 1396
f 1396 1495 1496
f 1396 1496 1397
f 1397 1496 1497
f 1397 1497 1398
f 1398 1497 1498
f 1398 1498 1399
f 1399 1498 1499
f 1399 1499 1400
f 1400 1499 1500
f 1400 1500 1401
f 1401 1500 1501
f 1401 1501 1302
f 1302 1501 1402
f 1402 1502 1403
f 1403 1502 1503
f 1403 1503 1404
f 1404 1503 1504
f 1404 1504 1405
f 1405 1504 1505
f 1405 1505 1406
f 1406 1505 1506
f 1406 1506 1407
f 1407 1506 1507
f 1407 1507 1408
f 1408 1507 1508
f 1408 1508 1409
f 1409 1508 1509
f 1409 1509 1410
f 1410 1509 1510
f 1410 1510 1411
f 1411 1510 1511
f 1411 1511 1412
f 1412 1511 1512
f 1412 1512 1413
f 1413 1512 1513
f 1413 1513 1414
f 1414 1513 1514
f 1414 1514 1415
f 1415 1514 1515
f 1415 1515 1416
f 1416 1515 1516
f 1416 1516 1417
f 1417 1516 1517
f 1417 1517 1418
f 1418 1517 1518
f 1418 1518 1419
f 1419 1518 1519
f 1419 1519 1420
f 1420 1519 1520
f 1420 1520 1421
f 1421 1520 1521
f 1421 1521 1422
f 1422 1521 1522
f 1422 1522 1423
f 1423 1522 1523
f 1423 1523 1424
f 1424 1523 1524
f 1424 1524 1425
f 1425 1524 1525
f 1425 1525 1426
f 1426 1525 1526
f 1426 1526 1427
f 1427 1526 1527
f 1427 1527 1428
f 1428 1527 1528
f 1428 1528 1429
f 1429 1528 1529
f 1429 1529 1430
f 1430 1529 1530
f 1430 1530 1431
f 1431 1530 1531
f 1431 1531 1432
f 1432 1531 1532
f 1432 1532 1433
f 1433 1532 1533
f 1433 1533 1434
f 1434 1533 1534
f 1434 1534 1435
f 1435 1534 1535
f 1435 1535 1436
f 1436 1535 1536
f 1436 1536 1437
f 1437 1536 1537
f 1437 1537 1438
f 1438 1537 1538
f 1438 1538 1439
f 1439 1538 1539
f 1439 1539 1440
f 1440 1539 1540
f 1440 1540 1441
f 1441 1540 1541
f 1441 1541 1442
f 1442 1541 1542
f 1442 1542 1443
f 1443 1542 1543
f 1443 1543 1444
f 1444 1543 1544
f 1444 1544 1445
f 1445 1544 1545
f 1445 1545 1446
f 1446 1545 1546
f 1446 1546 1447
f 1447 1546 1547
f 1447 1547 1448
f 1448 1547 1548
f 1448 1548 1449
f 1449 1548 1549
f 1449 1549 1450
f 1450 1549 1550
f 1450 1550 1451
f 1451 1550 1551
f 1451 1551 1452
f 1452 1551 1552
f 1452 1552 1453
f 1453 1552 1553
f 1453 1553 1454
f 1454 1553 1554
f 1454 1554 1455
f 1455 1554 1555
f 1455 1555 1456
f 1456 1555 1556
f 1456 1556 1457
f 1457 1556 1557
f 1457 1557 1458
f 1458 1557 1558
f 1458 1558 1459
f 1459 1558 1559
f 1459 1559 1460
f 1460 1559 1560
f 1460 1560 1461
f 1461 1560 1561
f 1461 1561 1462
f 1462 1561 1562
f 1462 1562 1463
f 1463 1562 1563
f 1463 1563 1464
f 1464 1563 1564
f 1464 1564 1465
f 1465 1564 1565
f 1465 1565 1466
f 1466 1565 1566
f 1466 1566 1467
f 1467 1566 1567
f 1467 1567 1468
f 1468 1567 1568
f 1468 1568 1469
f 1469 1568 1569
f 1469 1569 1470
f 1470 1569 1570
f 1470 1570 1471
f 1471 1570 1571
f 1471 1571 1472
f 1472 1571 1572
f 1472 1572 1473
f 1473 1572 1573
f 1473 1573 1474
f 1474 1573 1574
f 1474 1574 1475
f 1475 1574 1575
f 1475 1575 1476
f 1476 1575 1576
f 1476 1576 1477
f 1477 1576 1577
f 1477 1577 1478
f 1478 1577 1578
f 1478 1578 1479
f 1479 1578 1579
f 1479 1579 1480
f 1480 1579 1580
f 1480 1580 1481
f 1481 1580 1581
f 1481 1581 1482
f 1482 1581 1582
f 1482 1582 1483
f 1483 1582 1583
f 1483 1583 1484
f 1484 1583 1584
f 1484 1584 1485
f 1485 1584 1585
f 1485 1585 1486
f 1486 1585 1586
f 1486 1586 1487
f 1487 1586 1587
f 1487 1587 1488
f 1488 1587 1588
f 1488 1588 1489
f 1489 1588 1589
f 1489 1589 1490
f 1490 1589 1590
f 1490 1590 1491
f 1491 1590 1591
f 1491 1591 1492
f 1492 1591 1592
f 1492 1592 1493
f 1493 1592 1593
f 1493 1593 1494
f 1494 1593 1594
f 1494 1594 1495
f 1495 1594 1595
f 1495 1595 1496
f 1496 1595 1596
f 1496 1596 1497
f 1497 1596 1597
f 1497 1597 1498
f 1498 1597 1598
f 1498 1598 1499
f 1499 1598 1599
f 1499 1599 1500
f 1500 1599 1600
f 1500 1600 1501
f 1501 1600 1601
f 1501 1601 1402
f 1402 1601 1502
f 1502 1602 1503
f 1503 1602 1603
f 1503 1603 1504
f 1504 1603 1604
f 1504 1604 1505
f 1505 1604 1605
f 1505 1605 1506
f 1506 1605 1606
f 1506 1606 1507
f 1507 1606 1607
f 1507 1607 1508
f 1508 1607 1608
f 1508 1608 1509
f 1509 1608 1609
f 1509 1609 1510
f 1510 1609 1610
f 1510 1610 1511
f 1511 1610 1611
f 1511 1611 1512
f 1512 1611 1612
f 1512 1612 1513
f 1513 1612 1613
f 1513 1613 1514
f 1514 1613 1614
f 1514 1614 1515
f 1515 1614 1615
f 1515 1615 1516
f 1516 1615 1616
f 1516 1616 1517
f 1517 1616 1617
f 1517 1617 1518
f 1518 1617 1618
f 1518 1618 1519
f 1519 1618 1619
f 1519 1619 1520
f 1520 1619 1620
f 1520 1620 1521
f 1521 1620 1621
f 1521 1621 1522
f 1522 1621 1622
f 1522 1622 1523
f 1523 1622 1623
f 1523 1623 1524
f 1524 1623 1624
f 1524 1624 1525
f 1525 1624 1625
f 1525 1625 1526
f 1526 1625 1626
f 1526 1626 1527
f 1527 1626 1627
f 1527 1627 1528
f 1528 1627 1628
f 1528 1628 1529
f 1529 1628 1629
f 1529 1629 1530
f 1530 1629 1630
f 1530 1630 1531
f 1531 1630 1631
f 1531 1631 1532
f 1532 1631 1632
f 1532 1632 1533
f 1533 1632 1633
f 1533 1633 1534
f 1534 1633 1634
f 1534 1634 1535
f 1535 1634 1635
f 1535 1635 1536
f 1536 1635 1636
f 1536 1636 1537
f 1537 1636 1637
f 1537 1637 1538
f 1538 1637 1638
f 1538 1638 1539
f 1539 1638 1639
f 1539 1639 1540
f 1540 1639 1640
f 1540 1640 1541
f 1541 1640 1641
f 1541 1641 1542
f 1542 1641 1642
f 1542 1642 1543
f 1543 1642 1643
f 1543 1643 1544
f 1544 1643 1644
f 1544 1644 1545
f 1545 1644 1645
f 1545 1645 1546
f 1546 1645 1646
f 1546 1646 1547
f 1547 1646 1647
f 1547 1647 1548
f 1548 1647 1648
f 1548 1648 1549
f 1549 1648 1649
f 1549 1649 1550
f 1550 1649 1650
f 1550 1650 1551
f 1551 1650 1651
f 1551 1651 1552
f 1552 1651 1652
f 1552 1652 1553
f 1553 1652 1653
f 1553 1653 1554
f 1554 1653 1654
f 1554 1654 1555
f 1555 1654 1655
f 1555 1655 1556
f 1556 1655 1656
f 1556 1656 1557
f 1557 1656 1657
f 1557 1657 1558
f 1558 1657 1658
f 1558 1658 1559
f 1559 1658 1659
f 1559 1659 1560
f 1560 1659 1660
f 1560 1660 1561
f 1561 1660 1661
f 1561 1661 1562
f 1562 1661 1662
f 1562 1662 1563
f 1563 1662 1663
f 1563 1663 1564
f 1564 1663 1664
f 1564 1664 1565
f 1565 1664 1665
f 1565 1665 1566
f 1566 1665 1666
f 1566 1666 1567
f 1567 1666 1667
f 1567 1667 1568
f 1568 1667 1668
f 1568 1668 1569
f 1569 1668 1669
f 1569 1669 1570
f 1570 1669 1670
f 1570 1670 1571
f 1571 1670 1671
f 1571 1671 1572
f 1572 1671 1672
f 1572 1672 1573
f 1573 1672 1673
f 1573 1673 1574
f 1574 1673 1674
f 1574 1674 1575
f 1575 1674 1675
f 1575 1675 1576
f 1576 1675 1676
f 1576 1676 1577
f 1577 1676 1677
f 1577 1677 1578
f 1578 1677 1678
f 1578 1678 1579
f 1579 1678 1679
f 1579 1679 1580
f 1580 1679 1680
f 1580 1680 1581
f 1581 1680 1681
f 1581 1681 1582
f 1582 1681 1682
f 1582 1682 1583
f 1583 1682 1683
f 1583 1683 1584
f 1584 1683 1684
f 1584 1684 1585
f 1585 1684 1685
f 1585 1685 1586
f 1586 1685 1686
f 1586 1686 1587
f 1587 1686 1687
f 1587 1687 1588
f 1588 1687 1688
f 1588 1688 1589
f 1589 1688 1689
f 1589 1689 1590
f 1590 1689 1690
f 1590 1690 1591
f 1591 1690 1691
f 1591 1691 1592
f 1592 1691 1692
f 1592 1692 1593
f 1593 1692 1693
f 1593 1693 1594
f 1594 1693 1694
f 1594 1694 1595
f 1595 1694 1695
f 1595 1695 1596
f 1596 1695 1696
f 1596 1696 1597
f 1597 1696 1697
f 1597 1697 1598
f 1598 1697 1698
f 1598 1698 1599
f 1599 1698 1699
f 1599 1699 1600
f 1600 1699 1700
f 1600 1700 1601
f 1601 1700 1701
f 1601 1701 1502
f 1502 1701 1602
f 1602 1702 1603
f 1603 1702 1703
f 1603 1703 1604
f 1604 1703 1704
f 1604 1704 1605
f 1605 1704 1705
f 1605 1705 1606
f 1606 1705 1706
f 1606 1706 1607
f 1607 1706 1707
f 1607 1707 1608
f 1608 1707 1708
f 1608 1708 1609
f 1609 1708 1709
f 1609 1709 1610
f 1610 1709 1710
f 1610 1710 1611
f 1611 1710 1711
f 1611 1711 1612
f 1612 1711 1712
f 1612 1712 1613
f 1613 1712 1713
f 1613 1713 1614
f 1614 1713 1714
f 1614 1714 1615
f 1615 1714 1715
f 1615 1715 1616
f 1616 1715 1716
f 1616 1716 1617
f 1617 1716 1717
f 1617 1717 1618
f 1618 1717 1718
f 1618 1718 1619
f 1619 1718 1719
f 1619 1719 1620
f 1620 1719 1720
f 1620 1720 1621
f 1621 1720 1721
f 1621 1721 1622
f 1622 1721 1722
f 1622 1722 1623
f 1623 1722 1723
f 1623 1723 1624
f 1624 1723 1724
f 1624 1724 1625
f 1625 1724 1725
f 1625 1725 1626
f 1626 1725 1726
f 1626 1726 1627
f 1627 1726 1727
f 1627 1727 1628
f 1628 1727 1728
f 1628 1728 1629
f 1629 1728 1729
f 1629 1729 1630
f 1630 1729 1730
f 1630 1730 1631
f 1631 1730 1731
f 1631 1731 1632
f 1632 1731 1732
f 1632 1732 1633
f 1633 1732 1733
f 1633 1733 1634
f 1634 1733 1734
f 1634 1734 1635
f 1635 1734 1735
f 1635 1735 1636
f 1636 1735 1736
f 1636 1736 1637
f 1637 1736 1737
f 1637 1737 1638
f 1638 1737 1738
f 1638 1738 1639
f 1639 1738 1739
f 1639 1739 1640
f 1640 1739 1740
f 1640 1740 1641
f 1641 1740 1741
f 1641 1741 1642
f 1642 1741 1742
f 1642 1742 1643
f 1643 1742 1743
f 1643 1743 1644
f 1644 1743 1744
f 1644 1744 1645
f 1645 1744 1745
f 1645 1745 1646
f 1646 1745 1746
f 1646 1746 1647
f 1647 1746 1747
f 1647 1747 1648
f 1648 1747 1748
f 1648 1748 1649
f 1649 1748 1749
f 1649 1749 1650
f 1650 1749 1750
f 1650 1750 1651
f 1651 1750 1751
f 1651 1751 1652
f 1652 1751 1752
f 1652 1752 1653
f 1653 1752 1753
f 1653 1753 1654
f 1654 1753 1754
f 1654 1754 1655
f 1655 1754 1755
f 1655 1755 1656
f 1656 1755 1756
f 1656 1756 1657
f 1657 1756 1757
f 1657 1757 1658
f 1658 1757 1758
f 1658 1758 1659
f 1659 1758 1759
f 1659 1759 1660
f 1660 1759 1760
f 1660 1760 1661
f 1661 1760 1761
f 1661 1761 1662
f 1662 1761 1762
f 1662 1762 1663
f 1663 1762 1763
f 1663 1763 1664
f 1664 1763 1764
f 1664 1764 1665
f 1665 1764 1765
f 1665 1765 1666
f 1666 1765 1766
f 1666 1766 1667
f 1667 1766 1767
f 1667 1767 1668
f 1668 1767 1768
f 1668 1768 1669
f 1669 1768 1769
f 1669 1769 1670
f 1670 1769 1770
f 1670 1770 1671
f 1671 1770 1771
f 1671 1771 1672
f 1672 1771 1772
f 1672 1772 1673
f 1673 1772 1773
f 1673 1773 1674
f 1674 1773 1774
f 1674 1774 1675
f 1675 1774 1775
f 1675 1775 1676
f 1676 1775 1776
f 1676 1776 1677
f 1677 1776 1777
f 1677 1777 1678
f 1678 1777 1778
f 1678 1778 1679
f 1679 1778 1779
f 1679 1779 1680
f 1680 1779 1780
f 1680 1780 1681
f 1681 1780 1781
f 1681 1781 1682
f 1682 1781 1782
f 1682 1782 1683
f 1683 1782 1783
f 1683 1783 1684
f 1684 1783 1784
f 1684 1784 1685
f 1685 1784 1785
f 1685 1785 1686
f 1686 1785 1786
f 1686 1786 1687
f 1687 1786 1787
f 1687 1787 1688
f 1688 1787 1788
f 1688 1788 1689
f 1689 1788 1789
f 1689 1789 1690
f 1690 1789 1790
f 1690 1790 1691
f 1691 1790 1791
f 1691 1791 1692
f 1692 1791 1792
f 1692 1792 1693
f 1693 1792 1793
f 1693 1793 1694
f 1694 1793 1794
f 1694 1794 1695
f 1695 1794 1795
f 1695 1795 1696
f 1696 1795 1796
f 1696 1796 1697
f 1697 1796 1797
f 1697 1797 1698
f 1698 1797 1798
f 1698 1798 1699
f 1699 1798 1799
f 1699 1799 1700
f 1700 1799 1800
f 1700 1800 1701
f 1701 1800 1801
f 1701 1801 1602
f 1602 1801 1702
f 1702 1802 1703
f 1703 1802 1803
f 1703 1803 1704
f 1704 1803 1804
f 1704 1804 1705
f 1705 1804 1805
f 1705 1805 1706
f 1706 1805 1806
f 1706 1806 1707
f 1707 1806 1807
f 1707 1807 1708
f 1708 1807 1808
f 1708 1808 1709
f 1709 1808 1809
f 1709 1809 1710
f 1710 1809 1810
f 1710 1810 1711
f 1711 1810 1811
f 1711 1811 1712
f 1712 1811 1812
f 1712 1812 1713
f 1713 1812 1813
f 1713 1813 1714
f 1714 1813 1814
f 1714 1814 1715
f 1715 1814 1815
f 1715 1815 1716
f 1716 1815 1816
f 1716 1816 1717
f 1717 1816 1817
f 1717 1817 1718
f 1718 1817 1818
f 1718 1818 1719
f 1719 1818 1819
f 1719 1819 1720
f 1720 1819 1820
f 1720 1820 1721
f 1721 1820 1821
f 1721 1821 1722
f 1722 1821 1822
f 1722 1822 1723
f 1723 1822 1823
f 1723 1823 1724
f 1724 1823 1824
f 1724 1824 1725
f 1725 1824 1825
f 1725 1825 1726
f 1726 1825 1826
f 1726 1826 1727
f 1727 1826 1827
f 1727 1827 1728
f 1728 1827 1828
f 1728 1828 1729
f 1729 1828 1829
f 1729 1829 1730
f 1730 1829 1830
f 1730 1830 1731
f 1731 1830 1831
f 1731 1831 1732
f 1732 1831 1832
f 1732 1832 1733
f 1733 1832 1833
f 1733 1833 1734
f 1734 1833 1834
f 1734 1834 1735
f 1735 1834 1835
f 1735 1835 1736
f 1736 1835 1836
f 1736 1836 1737
f 1737 1836 1837
f 1737 1837 1738
f 1738 1837 1838
f 1738 1838 1739
f 1739 1838 1839
f 1739 1839 1740
f 1740 1839 1840
f 1740 1840 1741
f 1741 1840 1841
f 1741 1841 1742
f 1742 1841 1842
f 1742 1842 1743
f 1743 1842 1843
f 1743 1843 1744
f 1744 1843 1844
f 1744 1844 1745
f 1745 1844 1845
f 1745 1845 1746
f 1746 1845 1846
f 1746 1846 1747
f 1747 1846 1847
f 1747 1847 1748
f 1748 1847 1848
f 1748 1848 1749
f 1749 1848 1849
f 1749 1849 1750
f 1750 1849 1850
f 1750 1850 1751
f 1751 1850 1851
f 1751 1851 1752
f 1752 1851 1852
f 1752 1852 1753
f 1753 1852 1853
f 1753 1853 1754
f 1754 1853 1854
f 1754 1854 1755
f 1755 1854 1855
f 1755 1855 1756
f 1756 1855 1856
f 1756 1856 1757
f 1757 1856 1857
f 1757 1857 1758
f 1758 1857 1858
f 1758 1858 1759
f 1759 1858 1859
f 1759 1859 1760
f 1760 1859 1860
f 1760 1860 1761
f 1761 1860 1861
f 1761 1861 1762
f 1762 1861 1862
f 1762 1862 1763
f 1763 1862 1863
f 1763 1863 1764
f 1764 1863 1864
f 1764 1864 1765
f 1765 1864 1865
f 1765 1865 1766
f 1766 1865 1866
f 1766 1866 1767
f 1767 1866 1867
f 1767 1867 1768
f 1768 1867 1868
f 1768 1868 1769
f 1769 1868 1869
f 1769 1869 1770
f 1770 1869 1870
f 1770 1870 1771
f 1771 1870 1871
f 1771 1871 1772
f 1772 1871 1872
f 1772 1872 1773
f 1773 1872 1873
f 1773 1873 1774
f 1774 1873 1874
f 1774 1874 1775
f 1775 1874 1875
f 1775 1875 1776
f 1776 1875 1876
f 1776 1876 1777
f 1777 1876 1877
f 1777 1877 1778
f 1778 1877 1878
f 1778 1878 1779
f 1779 1878 1879
f 1779 1879 1780
f 1780 1879 1880
f 1780 1880 1781
f 1781 1880 1881
f 1781 1881 1782
f 1782 1881 1882
f 1782 1882 1783
f 1783 1882 1883
f 1783 1883 1784
f 1784 1883 1884
f 1784 1884 1785
f 1785 1884 1885
f 1785 1885 1786
f 1786 1885 1886
f 1786 1886 1787
f 1787 1886 1887
f 1787 1887 1788
f 1788 1887 1888
f 1788 1888 1789
f 1789 1888 1889
f 1789 1889 1790
f 1790 1889 1890
f 1790 1890 1791
f 1791 1890 1891
f 1791 1891 1792
f 1792 1891 1892
f 1792 1892 1793
f 1793 1892 1893
f 1793 1893 1794
f 1794 1893 1894
f 1794 1894 1795
f 1795 1894 1895
f 1795 1895 1796
f 1796 1895 1896
f 1796 1896 1797
f 1797 1896 1897
f 1797 1897 1798
f 1798 1897 1898
f 1798 1898 1799
f 1799 1898 1899
f 1799 1899 1800
f 1800 1899 1900
f 1800 1900 1801
f 1801 1900 1901
f 1801 1901 1702
f 1702 1901 1802
f 1802 1902 1803
f 1803 1902 1903
f 1803 1903 1804
f 1804 1903 1904
f 1804 1904 1805
f 1805 1904 1905
f 1805 1905 1806
f 1806 1905 1906
f 1806 1906 1807
f 1807 1906 1907
f 1807 1907 1808
f 1808 1907 1908
f 1808 1908 1809
f 1809 1908 1909
f 1809 1909 1810
f 1810 1909 1910
f 1810 1910 1811
f 1811 1910 1911
f 1811 1911 1812
f 1812 1911 1912
f 1812 1912 1813
f 1813 1912 1913
f 1813 1913 1814
f 1814 1913 1914
f 1814 1914 1815
f 1815 1914 1915
f 1815 1915 1816
f 1816 1915 1916
f 1816 1916 1817
f 1817 1916 1917
f 1817 1917 1818
f 1818 1917 1918
f 1818 1918 1819
f 1819 1918 1919
f 1819 1919 1820
f 1820 1919 1920
f 1820 1920 1821
f 1821 1920 1921
f 1821 1921 1822
f 1822 1921 1922
f 1822 1922 1823
f 1823 1922 1923
f 1823 1923 1824
f 1824 1923 1924
f 1824 1924 1825
f 1825 1924 1925
f 1825 1925 1826
f 1826 1925 1926
f 1826 1926 1827
f 1827 1926 1927
f 1827 1927 1828
f 1828 1927 1928
f 1828 1928 1829
f 1829 1928 1929
f 1829 1929 1830
f 1830 1929 1930
f 1830 1930 1831
f 1831 1930 1931
f 1831 1931 1832
f 1832 1931 1932
f 1832 1932 1833
f 1833 1932 1933
f 1833 1933 1834
f 1834 1933 1934
f 1834 1934 1835
f 1835 1934 1935
f 1835 1935 1836
f 1836 1935 1936
f 1836 1936 1837
f 1837 1936 1937
f 1837 1937 1838
f 1838 1937 1938
f 1838 1938 1839
f 1839 1938 1939
f 1839 1939 1840
f 1840 1939 1940
f 1840 1940 1841
f 1841 1940 1941
f 1841 1941 1842
f 1842 1941 1942
f 1842 1942 1843
f 1843 1942 1943
f 1843 1943 1844
f 1844 1943 1944
f 1844 1944 1845
f 1845 1944 1945
f 1845 1945 1846
f 1846 1945 1946
f 1846 1946 1847
f 1847 1946 1947
f 1847 1947 1848
f 1848 1947 1948
f 1848 1948 1849
f 1849 1948 1949
f 1849 1949 1850
f 1850 1949 1950
f 1850 1950 1851
f 1851 1950 1951
f 1851 1951 1852
f 1852 1951 1952
f 1852 1952 1853
f 1853 1952 1953
f 1853 1953 1854
f 1854 1953 1954
f 1854 1954 1855
f 1855 1954 1955
f 1855 1955 1856
f 1856 1955 1956
f 1856 1956 1857
f 1857 1956 1957
f 1857 1957 1858
f 1858 1957 1958
f 1858 1958 1859
f 1859 1958 1959
f 1859 1959 1860
f 1860 1959 1960
f 1860 1960 1861
f 1861 1960 1961
f 1861 1961 1862
f 1862 1961 1962
f 1862 1962 1863
f 1863 1962 1963
f 1863 1963 1864
f 1864 1963 1964
f 1864 1964 1865
f 1865 1964 1965
f 1865 1965 1866
f 1866 1965 1966
f 1866 1966 1867
f 1867 1966 1967
f 1867 1967 1868
f 1868 1967 1968
f 1868 1968 1869
f 1869 1968 1969
f 1869 1969 1870
f 1870 1969 1970
f 1870 1970 1871
f 1871 1970 1971
f 1871 1971 1872
f 1872 1971 1972
f 1872 1972 1873
f 1873 1972 1973
f 1873 1973 1874
f 1874 1973 1974
f 1874 1974 1875
f 1875 1974 1975
f 1875 1975 1876
f 1876 1975 1976
f 1876 1976 1877
f 1877 1976 1977
f 1877 1977 1878
f 1878 1977 1978
f 1878 1978 1879
f 1879 1978 1979
f 1879 1979 1880
f 1880 1979 1980
f 1880 1980 1881
f 1881 1980 1981
f 1881 1981 1882
f 1882 1981 1982
f 1882 1982 1883
f 1883 1982 1983
f 1883 1983 1884
f 1884 1983 1984
f 1884 1984 1885
f 1885 1984 1985
f 1885 1985 1886
f 1886 1985 1986
f 1886 1986 1887
f 1887 1986 1987
f 1887 1987 1888
f 1888 1987 1988
f 1888 1988 1889
f 1889 1988 1989
f 1889 1989 1890
f 1890 1989 1990
f 1890 1990 1891
f 1891 1990 1991
f 1891 1991 1892
f 1892 1991 1992
f 1892 1992 1893
f 1893 1992 1993
f 1893 1993 1894
f 1894 1993 1994
f 1894 1994 1895
f 1895 1994 1995
f 1895 1995 1896
f 1896 1995 1996
f 1896 1996 1897
f 1897 1996 1997
f 1897 1997 1898
f 1898 1997 1998
f 1898 1998 1899
f 1899 1998 1999
f 1899 1999 1900
f 1900 1999 2000
f 1900 2000 1901
f 1901 2000 2001
f 1901 2001 1802
f 1802 2001 1902
f 1902 2002 1903
f 1903 2002 2003
f 1903 2003 1904
f 1904 2003 2004
f 1904 2004 1905
f 1905 2004 2005
f 1905 2005 1906
f 1906 2005 2006
f 1906 2006 1907
f 1907 2006 2007
f 1907 2007 1908
f 1908 2007 2008
f 1908 2008 1909
f 1909 2008 2009
f 1909 2009 1910
f 1910 2009 2010
f 1910 2010 1911
f 1911 2010 2011
f 1911 2011 1912
f 1912 2011 2012
f 1912 2012 1913
f 1913 2012 2013
f 1913 2013 1914
f 1914 2013 2014
f 1914 2014 1915
f 1915 2014 2015
f 1915 2015 1916
f 1916 2015 2016
f 1916 2016 1917
f 1917 2016 2017
f 1917 2017 1918
f 1918 2017 2018
f 1918 2018 1919
f 1919 2018 2019
f 1919 2019 1920
f 1920 2019 2020
f 1920 2020 1921
f 1921 2020 2021
f 1921 2021 1922
f 1922 2021 2022
f 1922 2022 1923
f 1923 2022 2023
f 1923 2023 1924
f 1924 2023 2024
f 1924 2024 1925
f 1925 2024 2025
f 1925 2025 1926
f 1926 2025 2026
f 1926 2026 1927
f 1927 2026 2027
f 1927 2027 1928
f 1928 2027 2028
f 1928 2028 1929
f 1929 2028 2029
f 1929 2029 1930
f 1930 2029 2030
f 1930 2030 1931
f 1931 2030 2031
f 1931 2031 1932
f 1932 2031 2032
f 1932 2032 1933
f 1933 2032 2033
f 1933 2033 1934
f 1934 2033 2034
f 1934 2034 1935
f 1935 2034 2035
f 1935 2035 1936
f 1936 2035 2036
f 1936 2036 1937
f 1937 2036 2037
f 1937 2037 1938
f 1938 2037 2038
f 1938 2038 1939
f 1939 2038 2039
f 1939 2039 1940
f 1940 2039 2040
f 1940 2040 1941
f 1941 2040 2041
f 1941 2041 1942
f 1942 2041 2042
f 1942 2042 1943
f 1943 2042 2043
f 1943 2043 1944
f 1944 2043 2044
f 1944 2044 1945
f 1945 2044 2045
f 1945 2045 1946
f 1946 2045 2046
f 1946 2046 1947
f 1947 2046 2047
f 1947 2047 1948
f 1948 2047 2048
f 1948 2048 1949
f 1949 2048 2049
f 1949 2049 1950
f 1950 2049 2050
f 1950 2050 1951
f 1951 2050 2051
f 1951 2051 1952
f 1952 2051 2052
f 1952 2052 1953
f 1953 2052 2053
f 1953 2053 1954
f 1954 2053 2054
f 1954 2054 1955
f 1955 2054 2055
f 1955 2055 1956
f 1956 2055 2056
f 1956 2056 1957
f 1957 2056 2057
f 1957 2057 1958
f 1958 2057 2058
f 1958 2058 1959
f 1959 2058 2059
f 1959 2059 1960
f 1960 2059 2060
f 1960 2060 1961
f 1961 2060 2061
f 1961 2061 1962
f 1962 2061 2062
f 1962 2062 1963
f 1963 2062 2063
f 1963 2063 1964
f 1964 2063 2064
f 1964 2064 1965
f 1965 2064 2065
f 1965 2065 1966
f 1966 2065 2066
f 1966 2066 1967
f 1967 2066 2067
f 1967 2067 1968
f 1968 2067 2068
f 1968 2068 1969
f 1969 2068 2069
f 1969 2069 1970
f 1970 2069 2070
f 1970 2070 1971
f 1971 2070 2071
f 1971 2071 1972
f 1972 2071 2072
f 1972 2072 1973
f 1973 2072 2073
f 1973 2073 1974
f 1974 2073 2074
f 1974 2074 1975
f 1975 2074 2075
f 1975 2075 1976
f 1976 2075 2076
f 1976 2076 1977
f 1977 2076 2077
f 1977 2077 1978
f 1978 2077 2078
f 1978 2078 1979
f 1979 2078 2079
f 1979 2079 1980
f 1980 2079 2080
f 1980 2080 1981
f 1981 2080 2081
f 1981 2081 1982
f 1982 2081 2082
f 1982 2082 1983
f 1983 2082 2083
f 1983 2083 1984
f 1984 2083 2084
f 1984 2084 1985
f 1985 2084 2085
f 1985 2085 1986
f 1986 2085 2086
f 1986 2086 1987
f 1987 2086 2087
f 1987 2087 1988
f 1988 2087 2088
f 1988 2088 1989
f 1989 2088 2089
f 1989 2089 1990
f 1990 2089 2090
f 1990 2090 1991
f 1991 2090 2091
f 1991 2091 1992
f 1992 2091 2092
f 1992 2092 1993
f 1993 2092 2093
f 1993 2093 1994
f 1994 2093 2094
f 1994 2094 1995
f 1995 2094 2095
f 1995 2095 1996
f 1996 2095 2096
f 1996 2096 1997
f 1997 2096 2097
f 1997 2097 1998
f 1998 2097 2098
f 1998 2098 1999
f 1999 2098 2099
f 1999 2099 2000
f 2000 2099 2100
f 2000 2100 2001
f 2001 2100 2101
f 2001 2101 1902
f 1902 2101 2002
f 2002 2102 2003
f 2003 2102 2103
f 2003 2103 2004
f 2004 2103 2104
f 2004 2104 2005
f 2005 2104 2105
f 2005 2105 2006
f 2006 2105 2106
f 2006 2106 2007
f 2007 2106 2107
f 2007 2107 2008
f 2008 2107 2108
f 2008 2108 2009
f 2009 2108 2109
f 2009 2109 2010
f 2010 2109 2110
f 2010 2110 2011
f 2011 2110 2111
f 2011 2111 2012
f 2012 2111 2112
f 2012 2112 2013
f 2013 2112 2113
f 2013 2113 2014
f 2014 2113 2114
f 2014 2114 2015
f 2015 2114 2115
f 2015 2115 2016
f 2016 2115 2116
f 2016 2116 2017
f 2017 2116 2117
f 2017 2117 2018
f 2018 2117 2118
f 2018 2118 2019
f 2019 2118 2119
f 2019 2119 2020
f 2020 2119 2120
f 2020 2120 2021
f 2021 2120 2121
f 2021 2121 2022
f 2022 2121 2122
f 2022 2122 2023
f 2023 2122 2123
f 2023 2123 2024
f 2024 2123 2124
f 2024 2124 2025
f 2025 2124 2125
f 2025 2125 2026
f 2026 2125 2126
f 2026 2126 2027
f 2027 2126 2127
f 2027 2127 2028
f 2028 2127 2128
f 2028 2128 2029
f 2029 2128 2129
f 2029 2129 2030
f 2030 2129 2130
f 2030 2130 2031
f 2031 2130 2131
f 2031 2131 2032
f 2032 2131 2132
f 2032 2132 2033
f 2033 2132 2133
f 2033 2133 2034
f 2034 2133 2134
f 2034 2134 2035
f 2035 2134 2135
f 2035 2135 2036
f 2036 2135 2136
f 2036 2136 2037
f 2037 2136 2137
f 2037 2137 2038
f 2038 2137 2138
f 2038 2138 2039
f 2039 2138 2139
f 2039 2139 2040
f 2040 2139 2140
f 2040 2140 2041
f 2041 2140 2141
f 2041 2141 2042
f 2042 2141 2142
f 2042 2142 2043
f 2043 2142 2143
f 2043 2143 2044
f 2044 2143 2144
f 2044 2144 2045
f 2045 2144 2145
f 2045 2145 2046
f 2046 2145 2146
f 2046 2146 2047
f 2047 2146 2147
f 2047 2147 2048
f 2048 2147 2148
f 2048 2148 2049
f 2049 2148 2149
f 2049 2149 2050
f 2050 2149 2150
f 2050 2150 2051
f 2051 2150 2151
f 2051 2151 2052
f 2052 2151 2152
f 2052 2152 2053
f 2053 2152 2153
f 2053 2153 2054
f 2054 2153 2154
f 2054 2154 2055
f 2055 2154 2155
f 2055 2155 2056
f 2056 2155 2156
f 2056 2156 2057
f 2057 2156 2157
f 2057 2157 2058
f 2058 2157 2158
f 2058 2158 2059
f 2059 2158 2159
f 2059 2159 2060
f 2060 2159 2160
f 2060 2160 2061
f 2061 2160 2161
f 2061 2161 2062
f 2062 2161 2162
f 2062 2162 2063
f 2063 2162 2163
f 2063 2163 2064
f 2064 2163 2164
f 2064 2164 2065
f 2065 2164 2165
f 2065 2165 2066
f 2066 2165 2166
f 2066 2166 2067
f 2067 2166 2167
f 2067 2167 2068
f 2068 2167 2168
f 2068 2168 2069
f 2069 2168 2169
f 2069 2169 2070
f 2070 2169 2170
f 2070 2170 2071
f 2071 2170 2171
f 2071 2171 2072
f 2072 2171 2172
f 2072 2172 2073
f 2073 2172 2173
f 2073 2173 2074
f 2074 2173 2174
f 2074 2174 2075
f 2075 2174 2175
f 2075 2175 2076
f 2076 2175 2176
f 2076 2176 2077
f 2077 2176 2177
f 2077 2177 2078
f 2078 2177 2178
f 2078 2178 2079
f 2079 2178 2179
f 2079 2179 2080
f 2080 2179 2180
f 2080 2180 2081
f 2081 2180 2181
f 2081 2181 2082
f 2082 2181 2182
f 2082 2182 2083
f 2083 2182 2183
f 2083 2183 2084
f 2084 2183 2184
f 2084 2184 2085
f 2085 2184 2185
f 2085 2185 2086
f 2086 2185 2186
f 2086 2186 2087
f 2087 2186 2187
f 2087 2187 2088
f 2088 2187 2188
f 2088 2188 2089
f 2089 2188 2189
f 2089 2189 2090
f 2090 2189 2190
f 2090 2190 2091
f 2091 2190 2191
f 2091 2191 2092
f 2092 2191 2192
f 2092 2192 2093
f 2093 2192 2193
f 2093 2193 2094
f 2094 2193 2194
f 2094 2194 2095
f 2095 2194 2195
f 2095 2195 2096
f 2096 2195 2196
f 2096 2196 2097
f 2097 2196 2197
f 2097 2197 2098
f 2098 2197 2198
f 2098 2198 2099
f 2099 2198 2199
f 2099 2199 2100
f 2100 2199 2200
f 2100 2200 2101
f 2101 2200 2201
f 2101 2201 2002
f 2002 2201 2102
f 2102 2202 2103
f 2103 2202 2203
f 2103 2203 2104
f 2104 2203 2204
f 2104 2204 2105
f 2105 2204 2205
f 2105 2205 2106
f 2106 2205 2206
f 2106 2206 2107
f 2107 2206 2207
f 2107 2207 2108
f 2108 2207 2208
f 2108 2208 2109
f 2109 2208 2209
f 2109 2209 2110
f 2110 2209 2210
f 2110 2210 2111
f 2111 2210 2211
f 2111 2211 2112
f 2112 2211 2212
f 2112 2212 2113
f 2113 2212 2213
f 2113 2213 2114
f 2114 2213 2214
f 2114 2214 2115
f 2115 2214 2215
f 2115 2215 2116
f 2116 2215 2216
f 2116 2216 2117
f 2117 2216 2217
f 2117 2217 2118
f 2118 2217 2218
f 2118 2218 2119
f 2119 2218 2219
f 2119 2219 2120
f 2120 2219 2220
f 2120 2220 2121
f 2121 2220 2221
f 2121 2221 2122
f 2122 2221 2222
f 2122 2222 2123
f 2123 2222 2223
f 2123 2223 2124
f 2124 2223 2224
f 2124 2224 2125
f 2125 2224 2225
f 2125 2225 2126
f 2126 2225 2226
f 2126 2226 2127
f 2127 2226 2227
f 2127 2227 2128
f 2128 2227 2228
f 2128 2228 2129
f 2129 2228 2229
f 2129 2229 2130
f 2130 2229 2230
f 2130 2230 2131
f 2131 2230 2231
f 2131 2231 2132
f 2132 2231 2232
f 2132 2232 2133
f 2133 2232 2233
f 2133 2233 2134
f 2134 2233 2234
f 2134 2234 2135
f 2135 2234 2235
f 2135 2235 2136
f 2136 2235 2236
f 2136 2236 2137
f 2137 2236 2237
f 2137 2237 2138
f 2138 2237 2238
f 2138 2238 2139
f 2139 2238 2239
f 2139 2239 2140
f 2140 2239 2240
f 2140 2240 2141
f 2141 2240 2241
f 2141 2241 2142
f 2142 2241 2242
f 2142 2242 2143
f 2143 2242 2243
f 2143 2243 2144
f 2144 2243 2244
f 2144 2244 2145
f 2145 2244 2245
f 2145 2245 2146
f 2146 2245 2246
f 2146 2246 2147
f 2147 2246 2247
f 2147 2247 2148
f 2148 2247 2248
f 2148 2248 2149
f 2149 2248 2249
f 2149 2249 2150
f 2150 2249 2250
f 2150 2250 2151
f 2151 2250 2251
f 2151 2251 2152
f 2152 2251 2252
f 2152 2252 2153
f 2153 2252 2253
f 2153 2253 2154
f 2154 2253 2254
f 2154 2254 2155
f 2155 2254 2255
f 2155 2255 2156
f 2156 2255 2256
f 2156 2256 2157
f 2157 2256 2257
f 2157 2257 2158
f 2158 2257 2258
f 2158 2258 2159
f 2159 2258 2259
f 2159 2259 2160
f 2160 2259 2260
f 2160 2260 2161
f 2161 2260 2261
f 2161 2261 2162
f 2162 2261 2262
f 2162 2262 2163
f 2163 2262 2263
f 2163 2263 2164
f 2164 2263 2264
f 2164 2264 2165
f 2165 2264 2265
f 2165 2265 2166
f 2166 2265 2266
f 2166 2266 2167
f 2167 2266 2267
f 2167 2267 2168
f 2168 2267 2268
f 2168 2268 2169
f 2169 2268 2269
f 2169 2269 2170
f 2170 2269 2270
f 2170 2270 2171
f 2171 2270 2271
f 2171 2271 2172
f 2172 2271 2272
f 2172 2272 2173
f 2173 2272 2273
f 2173 2273 2174
f 2174 2273 2274
f 2174 2274 2175
f 2175 2274 2275
f 2175 2275 2176
f 2176 2275 2276
f 2176 2276 2177
f 2177 2276 2277
f 2177 2277 2178
f 2178 2277 2278
f 2178 2278 2179
f 2179 2278 2279
f 2179 2279 2180
f 2180 2279 2280
f 2180 2280 2181
f 2181 2280 2281
f 2181 2281 2182
f 2182 2281 2282
f 2182 2282 2183
f 2183 2282 2283
f 2183 2283 2184
f 2184 2283 2284
f 2184 2284 2185
f 2185 2284 2285
f 2185 2285 2186
f 2186 2285 2286
f 2186 2286 2187
f 2187 2286 2287
f 2187 2287 2188
f 2188 2287 2288
f 2188 2288 2189
f 2189 2288 2289
f 2189 2289 2190
f 2190 2289 2290
f 2190 2290 2191
f 2191 2290 2291
f 2191 2291 2192
f 2192 2291 2292
f 2192 2292 2193
f 2193 2292 2293
f 2193 2293 2194
f 2194 2293 2294
f 2194 2294 2195
f 2195 2294 2295
f 2195 2295 2196
f 2196 2295 2296
f 2196 2296 2197
f 2197 2296 2297
f 2197 2297 2198
f 2198 2297 2298
f 2198 2298 2199
f 2199 2298 2299
f 2199 2299 2200
f 2200 2299 2300
f 2200 2300 2201
f 2201 2300 2301
f 2201 2301 2102
f 2102 2301 2202
f 2202 2302 2203
f 2203 2302 2303
f 2203 2303 2204
f 2204 2303 2304
f 2204 2304 2205
f 2205 2304 2305
f 2205 2305 2206
f 2206 2305 2306
f 2206 2306 2207
f 2207 2306 2307
f 2207 2307 2208
f 2208 2307 2308
f 2208 2308 2209
f 2209 2308 2309
f 2209 2309 2210
f 2210 2309 2310
f 2210 2310 2211
f 2211 2310 2311
f 2211 2311 2212
f 2212 2311 2312
f 2212 2312 2213
f 2213 2312 2313
f 2213 2313 2214
f 2214 2313 2314
f 2214 2314 2215
f 2215 2314 2315
f 2215 2315 2216
f 2216 2315 2316
f 2216 2316 2217
f 2217 2316 2317
f 2217 2317 2218
f 2218 2317 2318
f 2218 2318 2219
f 2219 2318 2319
f 2219 2319 2220
f 2220 2319 2320
f 2220 2320 2221
f 2221 2320 2321
f 2221 2321 2222
f 2222 2321 2322
f 2222 2322 2223
f 2223 2322 2323
f 2223 2323 2224
f 2224 2323 2324
f 2224 2324 2225
f 2225 2324 2325
f 2225 2325 2226
f 2226 2325 2326
f 2226 2326 2227
f 2227 2326 2327
f 2227 2327 2228
f 2228 2327 2328
f 2228 2328 2229
f 2229 2328 2329
f 2229 2329 2230
f 2230 2329 2330
f 2230 2330 2231
f 2231 2330 2331
f 2231 2331 2232
f 2232 2331 2332
f 2232 2332 2233
f 2233 2332 2333
f 2233 2333 2234
f 2234 2333 2334
f 2234 2334 2235
f 2235 2334 2335
f 2235 2335 2236
f 2236 2335 2336
f 2236 2336 2237
f 2237 2336 2337
f 2237 2337 2238
f 2238 2337 2338
f 2238 2338 2239
f 2239 2338 2339
f 2239 2339 2240
f 2240 2339 2340
f 2240 2340 2241
f 2241 2340 2341
f 2241 2341 2242
f 2242 2341 2342
f 2242 2342 2243
f 2243 2342 2343
f 2243 2343 2244
f 2244 2343 2344
f 2244 2344 2245
f 2245 2344 2345
f 2245 2345 2246
f 2246 2345 2346
f 2246 2346 2247
f 2247 2346 2347
f 2247 2347 2248
f 2248 2347 2348
f 2248 2348 2249
f 2249 2348 2349
f 2249 2349 2250
f 2250 2349 2350
f 2250 2350 2251
f 2251 2350 2351
f 2251 2351 2252
f 2252 2351 2352
f 2252 2352 2253
f 2253 2352 2353
f 2253 2353 2254
f 2254 2353 2354
f 2254 2354 2255
f 2255 2354 2355
f 2255 2355 2256
f 2256 2355 2356
f 2256 2356 2257
f 2257 2356 2357
f 2257 2357 2258
f 2258 2357 2358
f 2258 2358 2259
f 2259 2358 2359
f 2259 2359 2260
f 2260 2359 2360
f 2260 2360 2261
f 2261 2360 2361
f 2261 2361 2262
f 2262 2361 2362
f 2262 2362 2263
f 2263 2362 2363
f 2263 2363 2264
f 2264 2363 2364
f 2264 2364 2265
f 2265 2364 2365
f 2265 2365 2266
f 2266 2365 2366
f 2266 2366 2267
f 2267 2366 2367
f 2267 2367 2268
f 2268 2367 2368
f 2268 2368 2269
f 2269 2368 2369
f 2269 2369 2270
f 2270 2369 2370
f 2270 2370 2271
f 2271 2370 2371
f 2271 2371 2272
f 2272 2371 2372
f 2272 2372 2273
f 2273 2372 2373
f 2273 2373 2274
f 2274 2373 2374
f 2274 2374 2275
f 2275 2374 2375
f 2275 2375 2276
f 2276 2375 2376
f 2276 2376 2277
f 2277 2376 2377
f 2277 2377 2278
f 2278 2377 2378
f 2278 2378 2279
f 2279 2378 2379
f 2279 2379 2280
f 2280 2379 2380
f 2280 2380 2281
f 2281 2380 2381
f 2281 2381 2282
f 2282 2381 2382
f 2282 2382 2283
f 2283 2382 2383
f 2283 2383 2284
f 2284 2383 2384
f 2284 2384 2285
f 2285 2384 2385
f 2285 2385 2286
f 2286 2385 2386
f 2286 2386 2287
f 2287 2386 2387
f 2287 2387 2288
f 2288 2387 2388
f 2288 2388 2289
f 2289 2388 2389
f 2289 2389 2290
f 2290 2389 2390
f 2290 2390 2291
f 2291 2390 2391
f 2291 2391 2292
f 2292 2391 2392
f 2292 2392 2293
f 2293 2392 2393
f 2293 2393 2294
f 2294 2393 2394
f 2294 2394 2295
f 2295 2394 2395
f 2295 2395 2296
f 2296 2395 2396
f 2296 2396 2297
f 2297 2396 2397
f 2297 2397 2298
f 2298 2397 2398
f 2298 2398 2299
f 2299 2398 2399
f 2299 2399 2300
f 2300 2399 2400
f 2300 2400 2301
f 2301 2400 2401
f 2301 2401 2202
f 2202 2401 2302
f 2302 2402 2303
f 2303 2402 2403
f 2303 2403 2304
f 2304 2403 2404
f 2304 2404 2305
f 2305 2404 2405
f 2305 2405 2306
f 2306 2405 2406
f 2306 2406 2307
f 2307 2406 2407
f 2307 2407 2308
f 2308 2407 2408
f 2308 2408 2309
f 2309 2408 2409
f 2309 2409 2310
f 2310 2409 2410
f 2310 2410 2311
f 2311 2410 2411
f 2311 2411 2312
f 2312 2411 2412
f 2312 2412 2313
f 2313 2412 2413
f 2313 2413 2314
f 2314 2413 2414
f 2314 2414 2315
f 2315 2414 2415
f 2315 2415 2316
f 2316 2415 2416
f 2316 2416 2317
f 2317 2416 2417
f 2317 2417 2318
f 2318 2417 2418
f 2318 2418 2319
f 2319 2418 2419
f 2319 2419 2320
f 2320 2419 2420
f 2320 2420 2321
f 2321 2420 2421
f 2321 2421 2322
f 2322 2421 2422
f 2322 2422 2323
f 2323 2422 2423
f 2323 2423 2324
f 2324 2423 2424
f 2324 2424 2325
f 2325 2424 2425
f 2325 2425 2326
f 2326 2425 2426
f 2326 2426 2327
f 2327 2426 2427
f 2327 2427 2328
f 2328 2427 2428
f 2328 2428 2329
f 2329 2428 2429
f 2329 2429 2330
f 2330 2429 2430
f 2330 2430 2331
f 2331 2430 2431
f 2331 2431 2332
f 2332 2431 2432
f 2332 2432 2333
f 2333 2432 2433
f 2333 2433 2334
f 2334 2433 2434
f 2334 2434 2335
f 2335 2434 2435
f 2335 2435 2336
f 2336 2435 2436
f 2336 2436 2337
f 2337 2436 2437
f 2337 2437 2338
f 2338 2437 2438
f 2338 2438 2339
f 2339 2438 2439
f 2339 2439 2340
f 2340 2439 2440
f 2340 2440 2341
f 2341 2440 2441
f 2341 2441 2342
f 2342 2441 2442
f 2342 2442 2343
f 2343 2442 2443
f 2343 2443 2344
f 2344 2443 2444
f 2344 2444 2345
f 2345 2444 2445
f 2345 2445 2346
f 2346 2445 2446
f 2346 2446 2347
f 2347 2446 2447
f 2347 2447 2348
f 2348 2447 2448
f 2348 2448 2349
f 2349 2448 2449
f 2349 2449 2350
f 2350 2449 2450
f 2350 2450 2351
f 2351 2450 2451
f 2351 2451 2352
f 2352 2451 2452
f 2352 2452 2353
f 2353 2452 2453
f 2353 2453 2354
f 2354 2453 2454
f 2354 2454 2355
f 2355 2454 2455
f 2355 2455 2356
f 2356 2455 2456
f 2356 2456 2357
f 2357 2456 2457
f 2357 2457 2358
f 2358 2457 2458
f 2358 2458 2359
f 2359 2458 2459
f 2359 2459 2360
f 2360 2459 2460
f 2360 2460 2361
f 2361 2460 2461
f 2361 2461 2362
f 2362 2461 2462
f 2362 2462 2363
f 2363 2462 2463
f 2363 2463 2364
f 2364 2463 2464
f 2364 2464 2365
f 2365 2464 2465
f 2365 2465 2366
f 2366 2465 2466
f 2366 2466 2367
f 2367 2466 2467
f 2367 2467 2368
f 2368 2467 2468
f 2368 2468 2369
f 2369 2468 2469
f 2369 2469 2370
f 2370 2469 2470
f 2370 2470 2371
f 2371 2470 2471
f 2371 2471 2372
f 2372 2471 2472
f 2372 2472 2373
f 2373 2472 2473
f 2373 2473 2374
f 2374 2473 2474
f 2374 2474 2375
f 2375 2474 2475
f 2375 2475 2376
f 2376 2475 2476
f 2376 2476 2377
f 2377 2476 2477
f 2377 2477 2378
f 2378 2477 2478
f 2378 2478 2379
f 2379 2478 2479
f 2379 2479 2380
f 2380 2479 2480
f 2380 2480 2381
f 2381 2480 2481
f 2381 2481 2382
f 2382 2481 2482
f 2382 2482 2383
f 2383 2482 2483
f 2383 2483 2384
f 2384 2483 2484
f 2384 2484 2385
f 2385 2484 2485
f 2385 2485 2386
f 2386 2485 2486
f 2386 2486 2387
f 2387 2486 2487
f 2387 2487 2388
f 2388 2487 2488
f 2388 2488 2389
f 2389 2488 2489
f 2389 2489 2390
f 2390 2489 2490
f 2390 2490 2391
f 2391 2490 2491
f 2391 2491 2392
f 2392 2491 2492
f 2392 2492 2393
f 2393 2492 2493
f 2393 2493 2394
f 2394 2493 2494
f 2394 2494 2395
f 2395 2494 2495
f 2395 2495 2396
f 2396 2495 2496
f 2396 2496 2397
f 2397 2496 2497
f 2397 2497 2398
f 2398 2497 2498
f 2398 2498 2399
f 2399 2498 2499
f 2399 2499 2400
f 2400 2499 2500
f 2400 2500 2401
f 2401 2500 2501
f 2401 2501 2302
f 2302 2501 2402
f 2402 2502 2403
f 2403 2502 2503
f 2403 2503 2404
f 2404 2503 2504
f 2404 2504 2405
f 2405 2504 2505
f 2405 2505 2406
f 2406 2505 2506
f 2406 2506 2407
f 2407 2506 2507
f 2407 2507 2408
f 2408 2507 2508
f 2408 2508 2409
f 2409 2508 2509
f 2409 2509 2410
f 2410 2509 2510
f 2410 2510 2411
f 2411 2510 2511
f 2411 2511 2412
f 2412 2511 2512
f 2412 2512 2413
f 2413 2512 2513
f 2413 2513 2414
f 2414 2513 2514
f 2414 2514 2415
f 2415 2514 2515
f 2415 2515 2416
f 2416 2515 2516
f 2416 2516 2417
f 2417 2516 2517
f 2417 2517 2418
f 2418 2517 2518
f 2418 2518 2419
f 2419 2518 2519
f 2419 2519 2420
f 2420 2519 2520
f 2420 2520 2421
f 2421 2520 2521
f 2421 2521 2422
f 2422 2521 2522
f 2422 2522 2423
f 2423 2522 2523
f 2423 2523 2424
f 2424 2523 2524
f 2424 2524 2425
f 2425 2524 2525
f 2425 2525 2426
f 2426 2525 2526
f 2426 2526 2427
f 2427 2526 2527
f 2427 2527 2428
f 2428 2527 2528
f 2428 2528 2429
f 2429 2528 2529
f 2429 2529 2430
f 2430 2529 2530
f 2430 2530 2431
f 2431 2530 2531
f 2431 2531 2432
f 2432 2531 2532
f 2432 2532 2433
f 2433 2532 2533
f 2433 2533 2434
f 2434 2533 2534
f 2434 2534 2435
f 2435 2534 2535
f 2435 2535 2436
f 2436 2535 2536
f 2436 2536 2437
f 2437 2536 2537
f 2437 2537 2438
f 2438 2537 2538
f 2438 2538 2439
f 2439 2538 2539
f 2439 2539 2440
f 2440 2539 2540
f 2440 2540 2441
f 2441 2540 2541
f 2441 2541 2442
f 2442 2541 2542
f 2442 2542 2443
f 2443 2542 2543
f 2443 2543 2444
f 2444 2543 2544
f 2444 2544 2445
f 2445 2544 2545
f 2445 2545 2446
f 2446 2545 2546
f 2446 2546 2447
f 2447 2546 2547
f 2447 2547 2448
f 2448 2547 2548
f 2448 2548 2449
f 2449 2548 2549
f 2449 2549 2450
f 2450 2549 2550
f 2450 2550 2451
f 2451 2550 2551
f 2451 2551 2452
f 2452 2551 2552
f 2452 2552 2453
f 2453 2552 2553
f 2453 2553 2454
f 2454 2553 2554
f 2454 2554 2455
f 2455 2554 2555
f 2455 2555 2456
f 2456 2555 2556
f 2456 2556 2457
f 2457 2556 2557
f 2457 2557 2458
f 2458 2557 2558
f 2458 2558 2459
f 2459 2558 2559
f 2459 2559 2460
f 2460 2559 2560
f 2460 2560 2461
f 2461 2560 2561
f 2461 2561 2462
f 2462 2561 2562
f 2462 2562 2463
f 2463 2562 2563
f 2463 2563 2464
f 2464 2563 2564
f 2464 2564 2465
f 2465 2564 2565
f 2465 2565 2466
f 2466 2565 2566
f 2466 2566 2467
f 2467 2566 2567
f 2467 2567 2468
f 2468 2567 2568
f 2468 2568 2469
f 2469 2568 2569
f 2469 2569 2470
f 2470 2569 2570
f 2470 2570 2471
f 2471 2570 2571
f 2471 2571 2472
f 2472 2571 2572
f 2472 2572 2473
f 2473 2572 2573
f 2473 2573 2474
f 2474 2573 2574
f 2474 2574 2475
f 2475 2574 2575
f 2475 2575 2476
f 2476 2575 2576
f 2476 2576 2477
f 2477 2576 2577
f 2477 2577 2478
f 2478 2577 2578
f 2478 2578 2479
f 2479 2578 2579
f 2479 2579 2480
f 2480 2579 2580
f 2480 2580 2481
f 2481 2580 2581
f 2481 2581 2482
f 2482 2581 2582
f 2482 2582 2483
f 2483 2582 2583
f 2483 2583 2484
f 2484 2583 2584
f 2484 2584 2485
f 2485 2584 2585
f 2485 2585 2486
f 2486 2585 2586
f 2486 2586 2487
f 2487 2586 2587
f 2487 2587 2488
f 2488 2587 2588
f 2488 2588 2489
f 2489 2588 2589
f 2489 2589 2490
f 2490 2589 2590
f 2490 2590 2491
f 2491 2590 2591
f 2491 2591 2492
f 2492 2591 2592
f 2492 2592 2493
f 2493 2592 2593
f 2493 2593 2494
f 2494 2593 2594
f 2494 2594 2495
f 2495 2594 2595
f 2495 2595 2496
f 2496 2595 2596
f 2496 2596 2497
f 2497 2596 2597
f 2497 2597 2498
f 2498 2597 2598
f 2498 2598 2499
f 2499 2598 2599
f 2499 2599 2500
f 2500 2599 2600
f 2500 2600 2501
f 2501 2600 2601
f 2501 2601 2402
f 2402 2601 2502
f 2502 2602 2503
f 2503 2602 2603
f 2503 2603 2504
f 2504 2603 2604
f 2504 2604 2505
f 2505 2604 2605
f 2505 2605 2506
f 2506 2605 2606
f 2506 2606 2507
f 2507 2606 2607
f 2507 2607 2508
f 2508 2607 2608
f 2508 2608 2509
f 2509 2608 2609
f 2509 2609 2510
f 2510 2609 2610
f 2510 2610 2511
f 2511 2610 2611
f 2511 2611 2512
f 2512 2611 2612
f 2512 2612 2513
f 2513 2612 2613
f 2513 2613 2514
f 2514 2613 2614
f 2514 2614 2515
f 2515 2614 2615
f 2515 2615 2516
f 2516 2615 2616
f 2516 2616 2517
f 2517 2616 2617
f 2517 2617 2518
f 2518 2617 2618
f 2518 2618 2519
f 2519 2618 2619
f 2519 2619 2520
f 2520 2619 2620
f 2520 2620 2521
f 2521 2620 2621
f 2521 2621 2522
f 2522 2621 2622
f 2522 2622 2523
f 2523 2622 2623
f 2523 2623 2524
f 2524 2623 2624
f 2524 2624 2525
f 2525 2624 2625
f 2525 2625 2526
f 2526 2625 2626
f 2526 2626 2527
f 2527 2626 2627
f 2527 2627 2528
f 2528 2627 2628
f 2528 2628 2529
f 2529 2628 2629
f 2529 2629 2530
f 2530 2629 2630
f 2530 2630 2531
f 2531 2630 2631
f 2531 2631 2532
f 2532 2631 2632
f 2532 2632 2533
f 2533 2632 2633
f 2533 2633 2534
f 2534 2633 2634
f 2534 2634 2535
f 2535 2634 2635
f 2535 2635 2536
f 2536 2635 2636
f 2536 2636 2537
f 2537 2636 2637
f 2537 2637 2538
f 2538 2637 2638
f 2538 2638 2539
f 2539 2638 2639
f 2539 2639 2540
f 2540 2639 2640
f 2540 2640 2541
f 2541 2640 2641
f 2541 2641 2542
f 2542 2641 2642
f 2542 2642 2543
f 2543 2642 2643
f 2543 2643 2544
f 2544 2643 2644
f 2544 2644 2545
f 2545 2644 2645
f 2545 2645 2546
f 2546 2645 2646
f 2546 2646 2547
f 2547 2646 2647
f 2547 2647 2548
f 2548 2647 2648
f 2548 2648 2549
f 2549 2648 2649
f 2549 2649 2550
f 2550 2649 2650
f 2550 2650 2551
f 2551 2650 2651
f 2551 2651 2552
f 2552 2651 2652
f 2552 2652 2553
f 2553 2652 2653
f 2553 2653 2554
f 2554 2653 2654
f 2554 2654 2555
f 2555 2654 2655
f 2555 2655 2556
f 2556 2655 2656
f 2556 2656 2557
f 2557 2656 2657
f 2557 2657 2558
f 2558 2657 2658
f 2558 2658 2559
f 2559 2658 2659
f 2559 2659 2560
f 2560 2659 2660
f 2560 2660 2561
f 2561 2660 2661
f 2561 2661 2562
f 2562 2661 2662
f 2562 2662 2563
f 2563 2662 2663
f 2563 2663 2564
f 2564 2663 2664
f 2564 2664 2565
f 2565 2664 2665
f 2565 2665 2566
f 2566 2665 2666
f 2566 2666 2567
f 2567 2666 2667
f 2567 2667 2568
f 2568 2667 2668
f 2568 2668 2569
f 2569 2668 2669
f 2569 2669 2570
f 2570 2669 2670
f 2570 2670 2571
f 2571 2670 2671
f 2571 2671 2572
f 2572 2671 2672
f 2572 2672 2573
f 2573 2672 2673
f 2573 2673 2574
f 2574 2673 2674
f 2574 2674 2575
f 2575 2674 2675
f 2575 2675 2576
f 2576 2675 2676
f 2576 2676 2577
f 2577 2676 2677
f 2577 2677 2578
f 2578 2677 2678
f 2578 2678 2579
f 2579 2678 2679
f 2579 2679 2580
f 2580 2679 2680
f 2580 2680 2581
f 2581 2680 2681
f 2581 2681 2582
f 2582 2681 2682
f 2582 2682 2583
f 2583 2682 2683
f 2583 2683 2584
f 2584 2683 2684
f 2584 2684 2585
f 2585 2684 2685
f 2585 2685 2586
f 2586 2685 2686
f 2586 2686 2587
f 2587 2686 2687
f 2587 2687 2588
f 2588 2687 2688
f 2588 2688 2589
f 2589 2688 2689
f 2589 2689 2590
f 2590 2689 2690
f 2590 2690 2591
f 2591 2690 2691
f 2591 2691 2592
f 2592 2691 2692
f 2592 2692 2593
f 2593 2692 2693
f 2593 2693 2594
f 2594 2693 2694
f 2594 2694 2595
f 2595 2694 2695
f 2595 2695 2596
f 2596 2695 2696
f 2596 2696 2597
f 2597 2696 2697
f 2597 2697 2598
f 2598 2697 2698
f 2598 2698 2599
f 2599 2698 2699
f 2599 2699 2600
f 2600 2699 2700
f 2600 2700 2601
f 2601 2700 2701
f 2601 2701 2502
f 2502 2701 2602
f 2602 2702 2603
f 2603 2702 2703
f 2603 2703 2604
f 2604 2703 2704
f 2604 2704 2605
f 2605 2704 2705
f 2605 2705 2606
f 2606 2705 2706
f 2606 2706 2607
f 2607 2706 2707
f 2607 2707 2608
f 2608 2707 2708
f 2608 2708 2609
f 2609 2708 2709
f 2609 2709 2610
f 2610 2709 2710
f 2610 2710 2611
f 2611 2710 2711
f 2611 2711 2612
f 2612 2711 2712
f 2612 2712 2613
f 2613 2712 2713
f 2613 2713 2614
f 2614 2713 2714
f 2614 2714 2615
f 2615 2714 2715
f 2615 2715 2616
f 2616 2715 2716
f 2616 2716 2617
f 2617 2716 2717
f 2617 2717 2618
f 2618 2717 2718
f 2618 2718 2619
f 2619 2718 2719
f 2619 2719 2620
f 2620 2719 2720
f 2620 2720 2621
f 2621 2720 2721
f 2621 2721 2622
f 2622 2721 2722
f 2622 2722 2623
f 2623 2722 2723
f 2623 2723 2624
f 2624 2723 2724
f 2624 2724 2625
f 2625 2724 2725
f 2625 2725 2626
f 2626 2725 2726
f 2626 2726 2627
f 2627 2726 2727
f 2627 2727 2628
f 2628 2727 2728
f 2628 2728 2629
f 2629 2728 2729
f 2629 2729 2630
f 2630 2729 2730
f 2630 2730 2631
f 2631 2730 2731
f 2631 2731 2632
f 2632 2731 2732
f 2632 2732 2633
f 2633 2732 2733
f 2633 2733 2634
f 2634 2733 2734
f 2634 2734 2635
f 2635 2734 2735
f 2635 2735 2636
f 2636 2735 2736
f 2636 2736 2637
f 2637 2736 2737
f 2637 2737 2638
f 2638 2737 2738
f 2638 2738 2639
f 2639 2738 2739
f 2639 2739 2640
f 2640 2739 2740
f 2640 2740 2641
f 2641 2740 2741
f 2641 2741 2642
f 2642 2741 2742
f 2642 2742 2643
f 2643 2742 2743
f 2643 2743 2644
f 2644 2743 2744
f 2644 2744 2645
f 2645 2744 2745
f 2645 2745 2646
f 2646 2745 2746
f 2646 2746 2647
f 2647 2746 2747
f 2647 2747 2648
f 2648 2747 2748
f 2648 2748 2649
f 2649 2748 2749
f 2649 2749 2650
f 2650 2749 2750
f 2650 2750 2651
f 2651 2750 2751
f 2651 2751 2652
f 2652 2751 2752
f 2652 2752 2653
f 2653 2752 2753
f 2653 2753 2654
f 2654 2753 2754
f 2654 2754 2655
f 2655 2754 2755
f 2655 2755 2656
f 2656 2755 2756
f 2656 2756 2657
f 2657 2756 2757
f 2657 2757 2658
f 2658 2757 2758
f 2658 2758 2659
f 2659 2758 2759
f 2659 2759 2660
f 2660 2759 2760
f 2660 2760 2661
f 2661 2760 2761
f 2661 2761 2662
f 2662 2761 2762
f 2662 2762 2663
f 2663 2762 2763
f 2663 2763 2664
f 2664 2763 2764
f 2664 2764 2665
f 2665 2764 2765
f 2665 2765 2666
f 2666 2765 2766
f 2666 2766 2667
f 2667 2766 2767
f 2667 2767 2668
f 2668 2767 2768
f 2668 2768 2669
f 2669 2768 2769
f 2669 2769 2670
f 2670 2769 2770
f 2670 2770 2671
f 2671 2770 2771
f 2671 2771 2672
f 2672 2771 2772
f 2672 2772 2673
f 2673 2772 2773
f 2673 2773 2674
f 2674 2773 2774
f 2674 2774 2675
f 2675 2774 2775
f 2675 2775 2676
f 2676 2775 2776
f 2676 2776 2677
f 2677 2776 2777
f 2677 2777 2678
f 2678 2777 2778
f 2678 2778 2679
f 2679 2778 2779
f 2679 2779 2680
f 2680 2779 2780
f 2680 2780 2681
f 2681 2780 2781
f 2681 2781 2682
f 2682 2781 2782
f 2682 2782 2683
f 2683 2782 2783
f 2683 2783 2684
f 2684 2783 2784
f 2684 2784 2685
f 2685 2784 2785
f 2685 2785 2686
f 2686 2785 2786
f 2686 2786 2687
f 2687 2786 2787
f 2687 2787 2688
f 2688 2787 2788
f 2688 2788 2689
f 2689 2788 2789
f 2689 2789 2690
f 2690 2789 2790
f 2690 2790 2691
f 2691 2790 2791
f 2691 2791 2692
f 2692 2791 2792
f 2692 2792 2693
f 2693 2792 2793
f 2693 2793 2694
f 2694 2793 2794
f 2694 2794 2695
f 2695 2794 2795
f 2695 2795 2696
f 2696 2795 2796
f 2696 2796 2697
f 2697 2796 2797
f 2697 2797 2698
f 2698 2797 2798
f 2698 2798 2699
f 2699 2798 2799
f 2699 2799 2700
f 2700 2799 2800
f 2700 2800 2701
f 2701 2800 2801
f 2701 2801 2602
f 2602 2801 2702
f 2702 2802 2703
f 2703 2802 2803
f 2703 2803 2704
f 2704 2803 2804
f 2704 2804 2705
f 2705 2804 2805
f 2705 2805 2706
f 2706 2805 2806
f 2706 2806 2707
f 2707 2806 2807
f 2707 2807 2708
f 2708 2807 2808
f 2708 2808 2709
f 2709 2808 2809
f 2709 2809 2710
f 2710 2809 2810
f 2710 2810 2711
f 2711 2810 2811
f 2711 2811 2712
f 2712 2811 2812
f 2712 2812 2713
f 2713 2812 2813
f 2713 2813 2714
f 2714 2813 2814
f 2714 2814 2715
f 2715 2814 2815
f 2715 2815 2716
f 2716 2815 2816
f 2716 2816 2717
f 2717 2816 2817
f 2717 2817 2718
f 2718 2817 2818
f 2718 2818 2719
f 2719 2818 2819
f 2719 2819 2720
f 2720 2819 2820
f 2720 2820 2721
f 2721 2820 2821
f 2721 2821 2722
f 2722 2821 2822
f 2722 2822 2723
f 2723 2822 2823
f 2723 2823 2724
f 2724 2823 2824
f 2724 2824 2725
f 2725 2824 2825
f 2725 2825 2726
f 2726 2825 2826
f 2726 2826 2727
f 2727 2826 2827
f 2727 2827 2728
f 2728 2827 2828
f 2728 2828 2729
f 2729 2828 2829
f 2729 2829 2730
f 2730 2829 2830
f 2730 2830 2731
f 2731 2830 2831
f 2731 2831 2732
f 2732 2831 2832
f 2732 2832 2733
f 2733 2832 2833
f 2733 2833 2734
f 2734 2833 2834
f 2734 2834 2735
f 2735 2834 2835
f 2735 2835 2736
f 2736 2835 2836
f 2736 2836 2737
f 2737 2836 2837
f 2737 2837 2738
f 2738 2837 2838
f 2738 2838 2739
f 2739 2838 2839
f 2739 2839 2740
f 2740 2839 2840
f 2740 2840 2741
f 2741 2840 2841
f 2741 2841 2742
f 2742 2841 2842
f 2742 2842 2743
f 2743 2842 2843
f 2743 2843 2744
f 2744 2843 2844
f 2744 2844 2745
f 2745 2844 2845
f 2745 2845 2746
f 2746 2845 2846
f 2746 2846 2747
f 2747 2846 2847
f 2747 2847 2748
f 2748 2847 2848
f 2748 2848 2749
f 2749 2848 2849
f 2749 2849 2750
f 2750 2849 2850
f 2750 2850 2751
f 2751 2850 2851
f 2751 2851 2752
f 2752 2851 2852
f 2752 2852 2753
f 2753 2852 2853
f 2753 2853 2754
f 2754 2853 2854
f 2754 2854 2755
f 2755 2854 2855
f 2755 2855 2756
f 2756 2855 2856
f 2756 2856 2757
f 2757 2856 2857
f 2757 2857 2758
f 2758 2857 2858
f 2758 2858 2759
f 2759 2858 2859
f 2759 2859 2760
f 2760 2859 2860
f 2760 2860 2761
f 2761 2860 2861
f 2761 2861 2762
f 2762 2861 2862
f 2762 2862 2763
f 2763 2862 2863
f 2763 2863 2764
f 2764 2863 2864
f 2764 2864 2765
f 2765 2864 2865
f 2765 2865 2766
f 2766 2865 2866
f 2766 2866 2767
f 2767 2866 2867
f 2767 2867 2768
f 2768 2867 2868
f 2768 2868 2769
f 2769 2868 2869
f 2769 2869 2770
f 2770 2869 2870
f 2770 2870 2771
f 2771 2870 2871
f 2771 2871 2772
f 2772 2871 2872
f 2772 2872 2773
f 2773 2872 2873
f 2773 2873 2774
f 2774 2873 2874
f 2774 2874 2775
f 2775 2874 2875
f 2775 2875 2776
f 2776 2875 2876
f 2776 2876 2777
f 2777 2876 2877
f 2777 2877 2778
f 2778 2877 2878
f 2778 2878 2779
f 2779 2878 2879
f 2779 2879 2780
f 2780 2879 2880
f 2780 2880 2781
f 2781 2880 2881
f 2781 2881 2782
f 2782 2881 2882
f 2782 2882 2783
f 2783 2882 2883
f 2783 2883 2784
f 2784 2883 2884
f 2784 2884 2785
f 2785 2884 2885
f 2785 2885 2786
f 2786 2885 2886
f 2786 2886 2787
f 2787 2886 2887
f 2787 2887 2788
f 2788 2887 2888
f 2788 2888 2789
f 2789 2888 2889
f 2789 2889 2790
f 2790 2889 2890
f 2790 2890 2791
f 2791 2890 2891
f 2791 2891 2792
f 2792 2891 2892
f 2792 2892 2793
f 2793 2892 2893
f 2793 2893 2794
f 2794 2893 2894
f 2794 2894 2795
f 2795 2894 2895
f 2795 2895 2796
f 2796 2895 2896
f 2796 2896 2797
f 2797 2896 2897
f 2797 2897 2798
f 2798 2897 2898
f 2798 2898 2799
f 2799 2898 2899
f 2799 2899 2800
f 2800 2899 2900
f 2800 2900 2801
f 2801 2900 2901
f 2801 2901 2702
f 2702 2901 2802
f 2802 2902 2803
f 2803 2902 2903
f 2803 2903 2804
f 2804 2903 2904
f 2804 2904 2805
f 2805 2904 2905
f 2805 2905 2806
f 2806 2905 2906
f 2806 2906 2807
f 2807 2906 2907
f 2807 2907 2808
f 2808 2907 2908
f 2808 2908 2809
f 2809 2908 2909
f 2809 2909 2810
f 2810 2909 2910
f 2810 2910 2811
f 2811 2910 2911
f 2811 2911 2812
f 2812 2911 2912
f 2812 2912 2813
f 2813 2912 2913
f 2813 2913 2814
f 2814 2913 2914
f 2814 2914 2815
f 2815 2914 2915
f 2815 2915 2816
f 2816 2915 2916
f 2816 2916 2817
f 2817 2916 2917
f 2817 2917 2818
f 2818 2917 2918
f 2818 2918 2819
f 2819 2918 2919
f 2819 2919 2820
f 2820 2919 2920
f 2820 2920 2821
f 2821 2920 2921
f 2821 2921 2822
f 2822 2921 2922
f 2822 2922 2823
f 2823 2922 2923
f 2823 2923 2824
f 2824 2923 2924
f 2824 2924 2825
f 2825 2924 2925
f 2825 2925 2826
f 2826 2925 2926
f 2826 2926 2827
f 2827 2926 2927
f 2827 2927 2828
f 2828 2927 2928
f 2828 2928 2829
f 2829 2928 2929
f 2829 2929 2830
f 2830 2929 2930
f 2830 2930 2831
f 2831 2930 2931
f 2831 2931 2832
f 2832 2931 2932
f 2832 2932 2833
f 2833 2932 2933
f 2833 2933 2834
f 2834 2933 2934
f 2834 2934 2835
f 2835 2934 2935
f 2835 2935 2836
f 2836 2935 2936
f 2836 2936 2837
f 2837 2936 2937
f 2837 2937 2838
f 2838 2937 2938
f 2838 2938 2839
f 2839 2938 2939
f 2839 2939 2840
f 2840 2939 2940
f 2840 2940 2841
f 2841 2940 2941
f 2841 2941 2842
f 2842 2941 2942
f 2842 2942 2843
f 2843 2942 2943
f 2843 2943 2844
f 2844 2943 2944
f 2844 2944 2845
f 2845 2944 2945
f 2845 2945 2846
f 2846 2945 2946
f 2846 2946 2847
f 2847 2946 2947
f 2847 2947 2848
f 2848 2947 2948
f 2848 2948 2849
f 2849 2948 2949
f 2849 2949 2850
f 2850 2949 2950
f 2850 2950 2851
f 2851 2950 2951
f 2851 2951 2852
f 2852 2951 2952
f 2852 2952 2853
f 2853 2952 2953
f 2853 2953 2854
f 2854 2953 2954
f 2854 2954 2855
f 2855 2954 2955
f 2855 2955 2856
f 2856 2955 2956
f 2856 2956 2857
f 2857 2956 2957
f 2857 2957 2858
f 2858 2957 2958
f 2858 2958 2859
f 2859 2958 2959
f 2859 2959 2860
f 2860 2959 2960
f 2860 2960 2861
f 2861 2960 2961
f 2861 2961 2862
f 2862 2961 2962
f 2862 2962 2863
f 2863 2962 2963
f 2863 2963 2864
f 2864 2963 2964
f 2864 2964 2865
f 2865 2964 2965
f 2865 2965 2866
f 2866 2965 2966
f 2866 2966 2867
f 2867 2966 2967
f 2867 2967 2868
f 2868 2967 2968
f 2868 2968 2869
f 2869 2968 2969
f 2869 2969 2870
f 2870 2969 2970
f 2870 2970 2871
f 2871 2970 2971
f 2871 2971 2872
f 2872 2971 2972
f 2872 2972 2873
f 2873 2972 2973
f 2873 2973 2874
f 2874 2973 2974
f 2874 2974 2875
f 2875 2974 2975
f 2875 2975 2876
f 2876 2975 2976
f 2876 2976 2877
f 2877 2976 2977
f 2877 2977 2878
f 2878 2977 2978
f 2878 2978 2879
f 2879 2978 2979
f 2879 2979 2880
f 2880 2979 2980
f 2880 2980 2881
f 2881 2980 2981
f 2881 2981 2882
f 2882 2981 2982
f 2882 2982 2883
f 2883 2982 2983
f 2883 2983 2884
f 2884 2983 2984
f 2884 2984 2885
f 2885 2984 2985
f 2885 2985 2886
f 2886 2985 2986
f 2886 2986 2887
f 2887 2986 2987
f 2887 2987 2888
f 2888 2987 2988
f 2888 2988 2889
f 2889 2988 2989
f 2889 2989 2890
f 2890 2989 2990
f 2890 2990 2891
f 2891 2990 2991
f 2891 2991 2892
f 2892 2991 2992
f 2892 2992 2893
f 2893 2992 2993
f 2893 2993 2894
f 2894 2993 2994
f 2894 2994 2895
f 2895 2994 2995
f 2895 2995 2896
f 2896 2995 2996
f 2896 2996 2897
f 2897 2996 2997
f 2897 2997 2898
f 2898 2997 2998
f 2898 2998 2899
f 2899 2998 2999
f 2899 2999 2900
f 2900 2999 3000
f 2900 3000 2901
f 2901 3000 3001
f 2901 3001 2802
f 2802 3001 2902
f 2902 3002 2903
f 2903 3002 3003
f 2903 3003 2904
f 2904 3003 3004
f 2904 3004 2905
f 2905 3004 3005
f 2905 3005 2906
f 2906 3005 3006
f 2906 3006 2907
f 2907 3006 3007
f 2907 3007 2908
f 2908 3007 3008
f 2908 3008 2909
f 2909 3008 3009
f 2909 3009 2910
f 2910 3009 3010
f 2910 3010 2911
f 2911 3010 3011
f 2911 3011 2912
f 2912 3011 3012
f 2912 3012 2913
f 2913 3012 3013
f 2913 3013 2914
f 2914 3013 3014
f 2914 3014 2915
f 2915 3014 3015
f 2915 3015 2916
f 2916 3015 3016
f 2916 3016 2917
f 2917 3016 3017
f 2917 3017 2918
f 2918 3017 3018
f 2918 3018 2919
f 2919 3018 3019
f 2919 3019 2920
f 2920 3019 3020
f 2920 3020 2921
f 2921 3020 3021
f 2921 3021 2922
f 2922 3021 3022
f 2922 3022 2923
f 2923 3022 3023
f 2923 3023 2924
f 2924 3023 3024
f 2924 3024 2925
f 2925 3024 3025
f 2925 3025 2926
f 2926 3025 3026
f 2926 3026 2927
f 2927 3026 3027
f 2927 3027 2928
f 2928 3027 3028
f 2928 3028 2929
f 2929 3028 3029
f 2929 3029 2930
f 2930 3029 3030
f 2930 3030 2931
f 2931 3030 3031
f 2931 3031 2932
f 2932 3031 3032
f 2932 3032 2933
f 2933 3032 3033
f 2933 3033 2934
f 2934 3033 3034
f 2934 3034 2935
f 2935 3034 3035
f 2935 3035 2936
f 2936 3035 3036
f 2936 3036 2937
f 2937 3036 3037
f 2937 3037 2938
f 2938 3037 3038
f 2938 3038 2939
f 2939 3038 3039
f 2939 3039 2940
f 2940 3039 3040
f 2940 3040 2941
f 2941 3040 3041
f 2941 3041 2942
f 2942 3041 3042
f 2942 3042 2943
f 2943 3042 3043
f 2943 3043 2944
f 2944 3043 3044
f 2944 3044 2945
f 2945 3044 3045
f 2945 3045 2946
f 2946 3045 3046
f 2946 3046 2947
f 2947 3046 3047
f 2947 3047 2948
f 2948 3047 3048
f 2948 3048 2949
f 2949 3048 3049
f 2949 3049 2950
f 2950 3049 3050
f 2950 3050 2951
f 2951 3050 3051
f 2951 3051 2952
f 2952 3051 3052
f 2952 3052 2953
f 2953 3052 3053
f 2953 3053 2954
f 2954 3053 3054
f 2954 3054 2955
f 2955 3054 3055
f 2955 3055 2956
f 2956 3055 3056
f 2956 3056 2957
f 2957 3056 3057
f 2957 3057 2958
f 2958 3057 3058
f 2958 3058 2959
f 2959 3058 3059
f 2959 3059 2960
f 2960 3059 3060
f 2960 3060 2961
f 2961 3060 3061
f 2961 3061 2962
f 2962 3061 3062
f 2962 3062 2963
f 2963 3062 3063
f 2963 3063 2964
f 2964 3063 3064
f 2964 3064 2965
f 2965 3064 3065
f 2965 3065 2966
f 2966 3065 3066
f 2966 3066 2967
f 2967 3066 3067
f 2967 3067 2968
f 2968 3067 3068
f 2968 3068 2969
f 2969 3068 3069
f 2969 3069 2970
f 2970 3069 3070
f 2970 3070 2971
f 2971 3070 3071
f 2971 3071 2972
f 2972 3071 3072
f 2972 3072 2973
f 2973 3072 3073
f 2973 3073 2974
f 2974 3073 3074
f 2974 3074 2975
f 2975 3074 3075
f 2975 3075 2976
f 2976 3075 3076
f 2976 3076 2977
f 2977 3076 3077
f 2977 3077 2978
f 2978 3077 3078
f 2978 3078 2979
f 2979 3078 3079
f 2979 3079 2980
f 2980 3079 3080
f 2980 3080 2981
f 2981 3080 3081
f 2981 3081 2982
f 2982 3081 3082
f 2982 3082 2983
f 2983 3082 3083
f 2983 3083 2984
f 2984 3083 3084
f 2984 3084 2985
f 2985 3084 3085
f 2985 3085 2986
f 2986 3085 3086
f 2986 3086 2987
f 2987 3086 3087
f 2987 3087 2988
f 2988 3087 3088
f 2988 3088 2989
f 2989 3088 3089
f 2989 3089 2990
f 2990 3089 3090
f 2990 3090 2991
f 2991 3090 3091
f 2991 3091 2992
f 2992 3091 3092
f 2992 3092 2993
f 2993 3092 3093
f 2993 3093 2994
f 2994 3093 3094
f 2994 3094 2995
f 2995 3094 3095
f 2995 3095 2996
f 2996 3095 3096
f 2996 3096 2997
f 2997 3096 3097
f 2997 3097 2998
f 2998 3097 3098
f 2998 3098 2999
f 2999 3098 3099
f 2999 3099 3000
f 3000 3099 3100
f 3000 3100 3001
f 3001 3100 3101
f 3001 3101 2902
f 2902 3101 3002
f 3002 3102 3003
f 3003 3102 3103
f 3003 3103 3004
f 3004 3103 3104
f 3004 3104 3005
f 3005 3104 3105
f 3005 3105 3006
f 3006 3105 3106
f 3006 3106 3007
f 3007 3106 3107
f 3007 3107 3008
f 3008 3107 3108
f 3008 3108 3009
f 3009 3108 3109
f 3009 3109 3010
f 3010 3109 3110
f 3010 3110 3011
f 3011 3110 3111
f 3011 3111 3012
f 3012 3111 3112
f 3012 3112 3013
f 3013 3112 3113
f 3013 3113 3014
f 3014 3113 3114
f 3014 3114 3015
f 3015 3114 3115
f 3015 3115 3016
f 3016 3115 3116
f 3016 3116 3017
f 3017 3116 3117
f 3017 3117 3018
f 3018 3117 3118
f 3018 3118 3019
f 3019 3118 3119
f 3019 3119 3020
f 3020 3119 3120
f 3020 3120 3021
f 3021 3120 3121
f 3021 3121 3022
f 3022 3121 3122
f 3022 3122 3023
f 3023 3122 3123
f 3023 3123 3024
f 3024 3123 3124
f 3024 3124 3025
f 3025 3124 3125
f 3025 3125 3026
f 3026 3125 3126
f 3026 3126 3027
f 3027 3126 3127
f 3027 3127 3028
f 3028 3127 3128
f 3028 3128 3029
f 3029 3128 3129
f 3029 3129 3030
f 3030 3129 3130
f 3030 3130 3031
f 3031 3130 3131
f 3031 3131 3032
f 3032 3131 3132
f 3032 3132 3033
f 3033 3132 3133
f 3033 3133 3034
f 3034 3133 3134
f 3034 3134 3035
f 3035 3134 3135
f 3035 3135 3036
f 3036 3135 3136
f 3036 3136 3037
f 3037 3136 3137
f 3037 3137 3038
f 3038 3137 3138
f 3038 3138 3039
f 3039 3138 3139
f 3039 3139 3040
f 3040 3139 3140
f 3040 3140 3041
f 3041 3140 3141
f 3041 3141 3042
f 3042 3141 3142
f 3042 3142 3043
f 3043 3142 3143
f 3043 3143 3044
f 3044 3143 3144
f 3044 3144 3045
f 3045 3144 3145
f 3045 3145 3046
f 3046 3145 3146
f 3046 3146 3047
f 3047 3146 3147
f 3047 3147 3048
f 3048 3147 3148
f 3048 3148 3049
f 3049 3148 3149
f 3049 3149 3050
f 3050 3149 3150
f 3050 3150 3051
f 3051 3150 3151
f 3051 3151 3052
f 3052 3151 3152
f 3052 3152 3053
f 3053 3152 3153
f 3053 3153 3054
f 3054 3153 3154
f 3054 3154 3055
f 3055 3154 3155
f 3055 3155 3056
f 3056 3155 3156
f 3056 3156 3057
f 3057 3156 3157
f 3057 3157 3058
f 3058 3157 3158
f 3058 3158 3059
f 3059 3158 3159
f 3059 3159 3060
f 3060 3159 3160
f 3060 3160 3061
f 3061 3160 3161
f 3061 3161 3062
f 3062 3161 3162
f 3062 3162 3063
f 3063 3162 3163
f 3063 3163 3064
f 3064 3163 3164
f 3064 3164 3065
f 3065 3164 3165
f 3065 3165 3066
f 3066 3165 3166
f 3066 3166 3067
f 3067 3166 3167
f 3067 3167 3068
f 3068 3167 3168
f 3068 3168 3069
f 3069 3168 3169
f 3069 3169 3070
f 3070 3169 3170
f 3070 3170 3071
f 3071 3170 3171
f 3071 3171 3072
f 3072 3171 3172
f 3072 3172 3073
f 3073 3172 3173
f 3073 3173 3074
f 3074 3173 3174
f 3074 3174 3075
f 3075 3174 3175
f 3075 3175 3076
f 3076 3175 3176
f 3076 3176 3077
f 3077 3176 3177
f 3077 3177 3078
f 3078 3177 3178
f 3078 3178 3079
f 3079 3178 3179
f 3079 3179 3080
f 3080 3179 3180
f 3080 3180 3081
f 3081 3180 3181
f 3081 3181 3082
f 3082 3181 3182
f 3082 3182 3083
f 3083 3182 3183
f 3083 3183 3084
f 3084 3183 3184
f 3084 3184 3085
f 3085 3184 3185
f 3085 3185 3086
f 3086 3185 3186
f 3086 3186 3087
f 3087 3186 3187
f 3087 3187 3088
f 3088 3187 3188
f 3088 3188 3089
f 3089 3188 3189
f 3089 3189 3090
f 3090 3189 3190
f 3090 3190 3091
f 3091 3190 3191
f 3091 3191 3092
f 3092 3191 3192
f 3092 3192 3093
f 3093 3192 3193
f 3093 3193 3094
f 3094 3193 3194
f 3094 3194 3095
f 3095 3194 3195
f 3095 3195 3096
f 3096 3195 3196
f 3096 3196 3097
f 3097 3196 3197
f 3097 3197 3098
f 3098 3197 3198
f 3098 3198 3099
f 3099 3198 3199
f 3099 3199 3100
f 3100 3199 3200
f 3100 3200 3101
f 3101 3200 3201
f 3101 3201 3002
f 3002 3201 3102
f 3102 3202 3103
f 3103 3202 3203
f 3103 3203 3104
f 3104 3203 3204
f 3104 3204 3105
f 3105 3204 3205
f 3105 3205 3106
f 3106 3205 3206
f 3106 3206 3107
f 3107 3206 3207
f 3107 3207 3108
f 3108 3207 3208
f 3108 3208 3109
f 3109 3208 3209
f 3109 3209 3110
f 3110 3209 3210
f 3110 3210 3111
f 3111 3210 3211
f 3111 3211 3112
f 3112 3211 3212
f 3112 3212 3113
f 3113 3212 3213
f 3113 3213 3114
f 3114 3213 3214
f 3114 3214 3115
f 3115 3214 3215
f 3115 3215 3116
f 3116 3215 3216
f 3116 3216 3117
f 3117 3216 3217
f 3117 3217 3118
f 3118 3217 3218
f 3118 3218 3119
f 3119 3218 3219
f 3119 3219 3120
f 3120 3219 3220
f 3120 3220 3121
f 3121 3220 3221
f 3121 3221 3122
f 3122 3221 3222
f 3122 3222 3123
f 3123 3222 3223
f 3123 3223 3124
f 3124 3223 3224
f 3124 3224 3125
f 3125 3224 3225
f 3125 3225 3126
f 3126 3225 3226
f 3126 3226 3127
f 3127 3226 3227
f 3127 3227 3128
f 3128 3227 3228
f 3128 3228 3129
f 3129 3228 3229
f 3129 3229 3130
f 3130 3229 3230
f 3130 3230 3131
f 3131 3230 3231
f 3131 3231 3132
f 3132 3231 3232
f 3132 3232 3133
f 3133 3232 3233
f 3133 3233 3134
f 3134 3233 3234
f 3134 3234 3135
f 3135 3234 3235
f 3135 3235 3136
f 3136 3235 3236
f 3136 3236 3137
f 3137 3236 3237
f 3137 3237 3138
f 3138 3237 3238
f 3138 3238 3139
f 3139 3238 3239
f 3139 3239 3140
f 3140 3239 3240
f 3140 3240 3141
f 3141 3240 3241
f 3141 3241 3142
f 3142 3241 3242
f 3142 3242 3143
f 3143 3242 3243
f 3143 3243 3144
f 3144 3243 3244
f 3144 3244 3145
f 3145 3244 3245
f 3145 3245 3146
f 3146 3245 3246
f 3146 3246 3147
f 3147 3246 3247
f 3147 3247 3148
f 3148 3247 3248
f 3148 3248 3149
f 3149 3248 3249
f 3149 3249 3150
f 3150 3249 3250
f 3150 3250 3151
f 3151 3250 3251
f 3151 3251 3152
f 3152 3251 3252
f 3152 3252 3153
f 3153 3252 3253
f 3153 3253 3154
f 3154 3253 3254
f 3154 3254 3155
f 3155 3254 3255
f 3155 3255 3156
f 3156 3255 3256
f 3156 3256 3157
f 3157 3256 3257
f 3157 3257 3158
f 3158 3257 3258
f 3158 3258 3159
f 3159 3258 3259
f 3159 3259 3160
f 3160 3259 3260
f 3160 3260 3161
f 3161 3260 3261
f 3161 3261 3162
f 3162 3261 3262
f 3162 3262 3163
f 3163 3262 3263
f 3163 3263 3164
f 3164 3263 3264
f 3164 3264 3165
f 3165 3264 3265
f 3165 3265 3166
f 3166 3265 3266
f 3166 3266 3167
f 3167 3266 3267
f 3167 3267 3168
f 3168 3267 3268
f 3168 3268 3169
f 3169 3268 3269
f 3169 3269 3170
f 3170 3269 3270
f 3170 3270 3171
f 3171 3270 3271
f 3171 3271 3172
f 3172 3271 3272
f 3172 3272 3173
f 3173 3272 3273
f 3173 3273 3174
f 3174 3273 3274
f 3174 3274 3175
f 3175 3274 3275
f 3175 3275 3176
f 3176 3275 3276
f 3176 3276 3177
f 3177 3276 3277
f 3177 3277 3178
f 3178 3277 3278
f 3178 3278 3179
f 3179 3278 3279
f 3179 3279 3180
f 3180 3279 3280
f 3180 3280 3181
f 3181 3280 3281
f 3181 3281 3182
f 3182 3281 3282
f 3182 3282 3183
f 3183 3282 3283
f 3183 3283 3184
f 3184 3283 3284
f 3184 3284 3185
f 3185 3284 3285
f 3185 3285 3186
f 3186 3285 3286
f 3186 3286 3187
f 3187 3286 3287
f 3187 3287 3188
f 3188 3287 3288
f 3188 3288 3189
f 3189 3288 3289
f 3189 3289 3190
f 3190 3289 3290
f 3190 3290 3191
f 3191 3290 3291
f 3191 3291 3192
f 3192 3291 3292
f 3192 3292 3193
f 3193 3292 3293
f 3193 3293 3194
f 3194 3293 3294
f 3194 3294 3195
f 3195 3294 3295
f 3195 3295 3196
f 3196 3295 3296
f 3196 3296 3197
f 3197 3296 3297
f 3197 3297 3198
f 3198 3297 3298
f 3198 3298 3199
f 3199 3298 3299
f 3199 3299 3200
f 3200 3299 3300
f 3200 3300 3201
f 3201 3300 3301
f 3201 3301 3102
f 3102 3301 3202
f 3202 3302 3203
f 3203 3302 3303
f 3203 3303 3204
f 3204 3303 3304
f 3204 3304 3205
f 3205 3304 3305
f 3205 3305 3206
f 3206 3305 3306
f 3206 3306 3207
f 3207 3306 3307
f 3207 3307 3208
f 3208 3307 3308
f 3208 3308 3209
f 3209 3308 3309
f 3209 3309 3210
f 3210 3309 3310
f 3210 3310 3211
f 3211 3310 3311
f 3211 3311 3212
f 3212 3311 3312
f 3212 3312 3213
f 3213 3312 3313
f 3213 3313 3214
f 3214 3313 3314
f 3214 3314 3215
f 3215 3314 3315
f 3215 3315 3216
f 3216 3315 3316
f 3216 3316 3217
f 3217 3316 3317
f 3217 3317 3218
f 3218 3317 3318
f 3218 3318 3219
f 3219 3318 3319
f 3219 3319 3220
f 3220 3319 3320
f 3220 3320 3221
f 3221 3320 3321
f 3221 3321 3222
f 3222 3321 3322
f 3222 3322 3223
f 3223 3322 3323
f 3223 3323 3224
f 3224 3323 3324
f 3224 3324 3225
f 3225 3324 3325
f 3225 3325 3226
f 3226 3325 3326
f 3226 3326 3227
f 3227 3326 3327
f 3227 3327 3228
f 3228 3327 3328
f 3228 3328 3229
f 3229 3328 3329
f 3229 3329 3230
f 3230 3329 3330
f 3230 3330 3231
f 3231 3330 3331
f 3231 3331 3232
f 3232 3331 3332
f 3232 3332 3233
f 3233 3332 3333
f 3233 3333 3234
f 3234 3333 3334
f 3234 3334 3235
f 3235 3334 3335
f 3235 3335 3236
f 3236 3335 3336
f 3236 3336 3237
f 3237 3336 3337
f 3237 3337 3238
f 3238 3337 3338
f 3238 3338 3239
f 3239 3338 3339
f 3239 3339 3240
f 3240 3339 3340
f 3240 3340 3241
f 3241 3340 3341
f 3241 3341 3242
f 3242 3341 3342
f 3242 3342 3243
f 3243 3342 3343
f 3243 3343 3244
f 3244 3343 3344
f 3244 3344 3245
f 3245 3344 3345
f 3245 3345 3246
f 3246 3345 3346
f 3246 3346 3247
f 3247 3346 3347
f 3247 3347 3248
f 3248 3347 3348
f 3248 3348 3249
f 3249 3348 3349
f 3249 3349 3250
f 3250 3349 3350
f 3250 3350 3251
f 3251 3350 3351
f 3251 3351 3252
f 3252 3351 3352
f 3252 3352 3253
f 3253 3352 3353
f 3253 3353 3254
f 3254 3353 3354
f 3254 3354 3255
f 3255 3354 3355
f 3255 3355 3256
f 3256 3355 3356
f 3256 3356 3257
f 3257 3356 3357
f 3257 3357 3258
f 3258 3357 3358
f 3258 3358 3259
f 3259 3358 3359
f 3259 3359 3260
f 3260 3359 3360
f 3260 3360 3261
f 3261 3360 3361
f 3261 3361 3262
f 3262 3361 3362
f 3262 3362 3263
f 3263 3362 3363
f 3263 3363 3264
f 3264 3363 3364
f 3264 3364 3265
f 3265 3364 3365
f 3265 3365 3266
f 3266 3365 3366
f 3266 3366 3267
f 3267 3366 3367
f 3267 3367 3268
f 3268 3367 3368
f 3268 3368 3269
f 3269 3368 3369
f 3269 3369 3270
f 3270 3369 3370
f 3270 3370 3271
f 3271 3370 3371
f 3271 3371 3272
f 3272 3371 3372
f 3272 3372 3273
f 3273 3372 3373
f 3273 3373 3274
f 3274 3373 3374
f 3274 3374 3275
f 3275 3374 3375
f 3275 3375 3276
f 3276 3375 3376
f 3276 3376 3277
f 3277 3376 3377
f 3277 3377 3278
f 3278 3377 3378
f 3278 3378 3279
f 3279 3378 3379
f 3279 3379 3280
f 3280 3379 3380
f 3280 3380 3281
f 3281 3380 3381
f 3281 3381 3282
f 3282 3381 3382
f 3282 3382 3283
f 3283 3382 3383
f 3283 3383 3284
f 3284 3383 3384
f 3284 3384 3285
f 3285 3384 3385
f 3285 3385 3286
f 3286 3385 3386
f 3286 3386 3287
f 3287 3386 3387
f 3287 3387 3288
f 3288 3387 3388
f 3288 3388 3289
f 3289 3388 3389
f 3289 3389 3290
f 3290 3389 3390
f 3290 3390 3291
f 3291 3390 3391
f 3291 3391 3292
f 3292 3391 3392
f 3292 3392 3293
f 3293 3392 3393
f 3293 3393 3294
f 3294 3393 3394
f 3294 3394 3295
f 3295 3394 3395
f 3295 3395 3296
f 3296 3395 3396
f 3296 3396 3297
f 3297 3396 3397
f 3297 3397 3298
f 3298 3397 3398
f 3298 3398 3299
f 3299 3398 3399
f 3299 3399 3300
f 3300 3399 3400
f 3300 3400 3301
f 3301 3400 3401
f 3301 3401 3202
f 3202 3401 3302
f 3302 3402 3303
f 3303 3402 3403
f 3303 3403 3304
f 3304 3403 3404
f 3304 3404 3305
f 3305 3404 3405
f 3305 3405 3306
f 3306 3405 3406
f 3306 3406 3307
f 3307 3406 3407
f 3307 3407 3308
f 3308 3407 3408
f 3308 3408 3309
f 3309 3408 3409
f 3309 3409 3310
f 3310 3409 3410
f 3310 3410 3311
f 3311 3410 3411
f 3311 3411 3312
f 3312 3411 3412
f 3312 3412 3313
f 3313 3412 3413
f 3313 3413 3314
f 3314 3413 3414
f 3314 3414 3315
f 3315 3414 3415
f 3315 3415 3316
f 3316 3415 3416
f 3316 3416 3317
f 3317 3416 3417
f 3317 3417 3318
f 3318 3417 3418
f 3318 3418 3319
f 3319 3418 3419
f 3319 3419 3320
f 3320 3419 3420
f 3320 3420 3321
f 3321 3420 3421
f 3321 3421 3322
f 3322 3421 3422
f 3322 3422 3323
f 3323 3422 3423
f 3323 3423 3324
f 3324 3423 3424
f 3324 3424 3325
f 3325 3424 3425
f 3325 3425 3326
f 3326 3425 3426
f 3326 3426 3327
f 3327 3426 3427
f 3327 3427 3328
f 3328 3427 3428
f 3328 3428 3329
f 3329 3428 3429
f 3329 3429 3330
f 3330 3429 3430
f 3330 3430 3331
f 3331 3430 3431
f 3331 3431 3332
f 3332 3431 3432
f 3332 3432 3333
f 3333 3432 3433
f 3333 3433 3334
f 3334 3433 3434
f 3334 3434 3335
f 3335 3434 3435
f 3335 3435 3336
f 3336 3435 3436
f 3336 3436 3337
f 3337 3436 3437
f 3337 3437 3338
f 3338 3437 3438
f 3338 3438 3339
f 3339 3438 3439
f 3339 3439 3340
f 3340 3439 3440
f 3340 3440 3341
f 3341 3440 3441
f 3341 3441 3342
f 3342 3441 3442
f 3342 3442 3343
f 3343 3442 3443
f 3343 3443 3344
f 3344 3443 3444
f 3344 3444 3345
f 3345 3444 3445
f 3345 3445 3346
f 3346 3445 3446
f 3346 3446 3347
f 3347 3446 3447
f 3347 3447 3348
f 3348 3447 3448
f 3348 3448 3349
f 3349 3448 3449
f 3349 3449 3350
f 3350 3449 3450
f 3350 3450 3351
f 3351 3450 3451
f 3351 3451 3352
f 3352 3451 3452
f 3352 3452 3353
f 3353 3452 3453
f 3353 3453 3354
f 3354 3453 3454
f 3354 3454 3355
f 3355 3454 3455
f 3355 3455 3356
f 3356 3455 3456
f 3356 3456 3357
f 3357 3456 3457
f 3357 3457 3358
f 3358 3457 3458
f 3358 3458 3359
f 3359 3458 3459
f 3359 3459 3360
f 3360 3459 3460
f 3360 3460 3361
f 3361 3460 3461
f 3361 3461 3362
f 3362 3461 3462
f 3362 3462 3363
f 3363 3462 3463
f 3363 3463 3364
f 3364 3463 3464
f 3364 3464 3365
f 3365 3464 3465
f 3365 3465 3366
f 3366 3465 3466
f 3366 3466 3367
f 3367 3466 3467
f 3367 3467 3368
f 3368 3467 3468
f 3368 3468 3369
f 3369 3468 3469
f 3369 3469 3370
f 3370 3469 3470
f 3370 3470 3371
f 3371 3470 3471
f 3371 3471 3372
f 3372 3471 3472
f 3372 3472 3373
f 3373 3472 3473
f 3373 3473 3374
f 3374 3473 3474
f 3374 3474 3375
f 3375 3474 3475
f 3375 3475 3376
f 3376 3475 3476
f 3376 3476 3377
f 3377 3476 3477
f 3377 3477 3378
f 3378 3477 3478
f 3378 3478 3379
f 3379 3478 3479
f 3379 3479 3380
f 3380 3479 3480
f 3380 3480 3381
f 3381 3480 3481
f 3381 3481 3382
f 3382 3481 3482
f 3382 3482 3383
f 3383 3482 3483
f 3383 3483 3384
f 3384 3483 3484
f 3384 3484 3385
f 3385 3484 3485
f 3385 3485 3386
f 3386 3485 3486
f 3386 3486 3387
f 3387 3486 3487
f 3387 3487 3388
f 3388 3487 3488
f 3388 3488 3389
f 3389 3488 3489
f 3389 3489 3390
f 3390 3489 3490
f 3390 3490 3391
f 3391 3490 3491
f 3391 3491 3392
f 3392 3491 3492
f 3392 3492 3393
f 3393 3492 3493
f 3393 3493 3394
f 3394 3493 3494
f 3394 3494 3395
f 3395 3494 3495
f 3395 3495 3396
f 3396 3495 3496
f 3396 3496 3397
f 3397 3496 3497
f 3397 3497 3398
f 3398 3497 3498
f 3398 3498 3399
f 3399 3498 3499
f 3399 3499 3400
f 3400 3499 3500
f 3400 3500 3401
f 3401 3500 3501
f 3401 3501 3302
f 3302 3501 3402
f 3402 3502 3403
f 3403 3502 3503
f 3403 3503 3404
f 3404 3503 3504
f 3404 3504 3405
f 3405 3504 3505
f 3405 3505 3406
f 3406 3505 3506
f 3406 3506 3407
f 3407 3506 3507
f 3407 3507 3408
f 3408 3507 3508
f 3408 3508 3409
f 3409 3508 3509
f 3409 3509 3410
f 3410 3509 3510
f 3410 3510 3411
f 3411 3510 3511
f 3411 3511 3412
f 3412 3511 3512
f 3412 3512 3413
f 3413 3512 3513
f 3413 3513 3414
f 3414 3513 3514
f 3414 3514 3415
f 3415 3514 3515
f 3415 3515 3416
f 3416 3515 3516
f 3416 3516 3417
f 3417 3516 3517
f 3417 3517 3418
f 3418 3517 3518
f 3418 3518 3419
f 3419 3518 3519
f 3419 3519 3420
f 3420 3519 3520
f 3420 3520 3421
f 3421 3520 3521
f 3421 3521 3422
f 3422 3521 3522
f 3422 3522 3423
f 3423 3522 3523
f 3423 3523 3424
f 3424 3523 3524
f 3424 3524 3425
f 3425 3524 3525
f 3425 3525 3426
f 3426 3525 3526
f 3426 3526 3427
f 3427 3526 3527
f 3427 3527 3428
f 3428 3527 3528
f 3428 3528 3429
f 3429 3528 3529
f 3429 3529 3430
f 3430 3529 3530
f 3430 3530 3431
f 3431 3530 3531
f 3431 3531 3432
f 3432 3531 3532
f 3432 3532 3433
f 3433 3532 3533
f 3433 3533 3434
f 3434 3533 3534
f 3434 3534 3435
f 3435 3534 3535
f 3435 3535 3436
f 3436 3535 3536
f 3436 3536 3437
f 3437 3536 3537
f 3437 3537 3438
f 3438 3537 3538
f 3438 3538 3439
f 3439 3538 3539
f 3439 3539 3440
f 3440 3539 3540
f 3440 3540 3441
f 3441 3540 3541
f 3441 3541 3442
f 3442 3541 3542
f 3442 3542 3443
f 3443 3542 3543
f 3443 3543 3444
f 3444 3543 3544
f 3444 3544 3445
f 3445 3544 3545
f 3445 3545 3446
f 3446 3545 3546
f 3446 3546 3447
f 3447 3546 3547
f 3447 3547 3448
f 3448 3547 3548
f 3448 3548 3449
f 3449 3548 3549
f 3449 3549 3450
f 3450 3549 3550
f 3450 3550 3451
f 3451 3550 3551
f 3451 3551 3452
f 3452 3551 3552
f 3452 3552 3453
f 3453 3552 3553
f 3453 3553 3454
f 3454 3553 3554
f 3454 3554 3455
f 3455 3554 3555
f 3455 3555 3456
f 3456 3555 3556
f 3456 3556 3457
f 3457 3556 3557
f 3457 3557 3458
f 3458 3557 3558
f 3458 3558 3459
f 3459 3558 3559
f 3459 3559 3460
f 3460 3559 3560
f 3460 3560 3461
f 3461 3560 3561
f 3461 3561 3462
f 3462 3561 3562
f 3462 3562 3463
f 3463 3562 3563
f 3463 3563 3464
f 3464 3563 3564
f 3464 3564 3465
f 3465 3564 3565
f 3465 3565 3466
f 3466 3565 3566
f 3466 3566 3467
f 3467 3566 3567
f 3467 3567 3468
f 3468 3567 3568
f 3468 3568 3469
f 3469 3568 3569
f 3469 3569 3470
f 3470 3569 3570
f 3470 3570 3471
f 3471 3570 3571
f 3471 3571 3472
f 3472 3571 3572
f 3472 3572 3473
f 3473 3572 3573
f 3473 3573 3474
f 3474 3573 3574
f 3474 3574 3475
f 3475 3574 3575
f 3475 3575 3476
f 3476 3575 3576
f 3476 3576 3477
f 3477 3576 3577
f 3477 3577 3478
f 3478 3577 3578
f 3478 3578 3479
f 3479 3578 3579
f 3479 3579 3480
f 3480 3579 3580
f 3480 3580 3481
f 3481 3580 3581
f 3481 3581 3482
f 3482 3581 3582
f 3482 3582 3483
f 3483 3582 3583
f 3483 3583 3484
f 3484 3583 3584
f 3484 3584 3485
f 3485 3584 3585
f 3485 3585 3486
f 3486 3585 3586
f 3486 3586 3487
f 3487 3586 3587
f 3487 3587 3488
f 3488 3587 3588
f 3488 3588 3489
f 3489 3588 3589
f 3489 3589 3490
f 3490 3589 3590
f 3490 3590 3491
f 3491 3590 3591
f 3491 3591 3492
f 3492 3591 3592
f 3492 3592 3493
f 3493 3592 3593
f 3493 3593 3494
f 3494 3593 3594
f 3494 3594 3495
f 3495 3594 3595
f 3495 3595 3496
f 3496 3595 3596
f 3496 3596 3497
f 3497 3596 3597
f 3497 3597 3498
f 3498 3597 3598
f 3498 3598 3499
f 3499 3598 3599
f 3499 3599 3500
f 3500 3599 3600
f 3500 3600 3501
f 3501 3600 3601
f 3501 3601 3402
f 3402 3601 3502
f 3502 3602 3503
f 3503 3602 3603
f 3503 3603 3504
f 3504 3603 3604
f 3504 3604 3505
f 3505 3604 3605
f 3505 3605 3506
f 3506 3605 3606
f 3506 3606 3507
f 3507 3606 3607
f 3507 3607 3508
f 3508 3607 3608
f 3508 3608 3509
f 3509 3608 3609
f 3509 3609 3510
f 3510 3609 3610
f 3510 3610 3511
f 3511 3610 3611
f 3511 3611 3512
f 3512 3611 3612
f 3512 3612 3513
f 3513 3612 3613
f 3513 3613 3514
f 3514 3613 3614
f 3514 3614 3515
f 3515 3614 3615
f 3515 3615 3516
f 3516 3615 3616
f 3516 3616 3517
f 3517 3616 3617
f 3517 3617 3518
f 3518 3617 3618
f 3518 3618 3519
f 3519 3618 3619
f 3519 3619 3520
f 3520 3619 3620
f 3520 3620 3521
f 3521 3620 3621
f 3521 3621 3522
f 3522 3621 3622
f 3522 3622 3523
f 3523 3622 3623
f 3523 3623 3524
f 3524 3623 3624
f 3524 3624 3525
f 3525 3624 3625
f 3525 3625 3526
f 3526 3625 3626
f 3526 3626 3527
f 3527 3626 3627
f 3527 3627 3528
f 3528 3627 3628
f 3528 3628 3529
f 3529 3628 3629
f 3529 3629 3530
f 3530 3629 3630
f 3530 3630 3531
f 3531 3630 3631
f 3531 3631 3532
f 3532 3631 3632
f 3532 3632 3533
f 3533 3632 3633
f 3533 3633 3534
f 3534 3633 3634
f 3534 3634 3535
f 3535 3634 3635
f 3535 3635 3536
f 3536 3635 3636
f 3536 3636 3537
f 3537 3636 3637
f 3537 3637 3538
f 3538 3637 3638
f 3538 3638 3539
f 3539 3638 3639
f 3539 3639 3540
f 3540 3639 3640
f 3540 3640 3541
f 3541 3640 3641
f 3541 3641 3542
f 3542 3641 3642
f 3542 3642 3543
f 3543 3642 3643
f 3543 3643 3544
f 3544 3643 3644
f 3544 3644 3545
f 3545 3644 3645
f 3545 3645 3546
f 3546 3645 3646
f 3546 3646 3547
f 3547 3646 3647
f 3547 3647 3548
f 3548 3647 3648
f 3548 3648 3549
f 3549 3648 3649
f 3549 3649 3550
f 3550 3649 3650
f 3550 3650 3551
f 3551 3650 3651
f 3551 3651 3552
f 3552 3651 3652
f 3552 3652 3553
f 3553 3652 3653
f 3553 3653 3554
f 3554 3653 3654
f 3554 3654 3555
f 3555 3654 3655
f 3555 3655 3556
f 3556 3655 3656
f 3556 3656 3557
f 3557 3656 3657
f 3557 3657 3558
f 3558 3657 3658
f 3558 3658 3559
f 3559 3658 3659
f 3559 3659 3560
f 3560 3659 3660
f 3560 3660 3561
f 3561 3660 3661
f 3561 3661 3562
f 3562 3661 3662
f 3562 3662 3563
f 3563 3662 3663
f 3563 3663 3564
f 3564 3663 3664
f 3564 3664 3565
f 3565 3664 3665
f 3565 3665 3566
f 3566 3665 3666
f 3566 3666 3567
f 3567 3666 3667
f 3567 3667 3568
f 3568 3667 3668
f 3568 3668 3569
f 3569 3668 3669
f 3569 3669 3570
f 3570 3669 3670
f 3570 3670 3571
f 3571 3670 3671
f 3571 3671 3572
f 3572 3671 3672
f 3572 3672 3573
f 3573 3672 3673
f 3573 3673 3574
f 3574 3673 3674
f 3574 3674 3575
f 3575 3674 3675
f 3575 3675 3576
f 3576 3675 3676
f 3576 3676 3577
f 3577 3676 3677
f 3577 3677 3578
f 3578 3677 3678
f 3578 3678 3579
f 3579 3678 3679
f 3579 3679 3580
f 3580 3679 3680
f 3580 3680 3581
f 3581 3680 3681
f 3581 3681 3582
f 3582 3681 3682
f 3582 3682 3583
f 3583 3682 3683
f 3583 3683 3584
f 3584 3683 3684
f 3584 3684 3585
f 3585 3684 3685
f 3585 3685 3586
f 3586 3685 3686
f 3586 3686 3587
f 3587 3686 3687
f 3587 3687 3588
f 3588 3687 3688
f 3588 3688 3589
f 3589 3688 3689
f 3589 3689 3590
f 3590 3689 3690
f 3590 3690 3591
f 3591 3690 3691
f 3591 3691 3592
f 3592 3691 3692
f 3592 3692 3593
f 3593 3692 3693
f 3593 3693 3594
f 3594 3693 3694
f 3594 3694 3595
f 3595 3694 3695
f 3595 3695 3596
f 3596 3695 3696
f 3596 3696 3597
f 3597 3696 3697
f 3597 3697 3598
f 3598 3697 3698
f 3598 3698 3599
f 3599 3698 3699
f 3599 3699 3600
f 3600 3699 3700
f 3600 3700 3601
f 3601 3700 3701
f 3601 3701 3502
f 3502 3701 3602
f 3602 3702 3603
f 3603 3702 3703
f 3603 3703 3604
f 3604 3703 3704
f 3604 3704 3605
f 3605 3704 3705
f 3605 3705 3606
f 3606 3705 3706
f 3606 3706 3607
f 3607 3706 3707
f 3607 3707 3608
f 3608 3707 3708
f 3608 3708 3609
f 3609 3708 3709
f 3609 3709 3610
f 3610 3709 3710
f 3610 3710 3611
f 3611 3710 3711
f 3611 3711 3612
f 3612 3711 3712
f 3612 3712 3613
f 3613 3712 3713
f 3613 3713 3614
f 3614 3713 3714
f 3614 3714 3615
f 3615 3714 3715
f 3615 3715 3616
f 3616 3715 3716
f 3616 3716 3617
f 3617 3716 3717
f 3617 3717 3618
f 3618 3717 3718
f 3618 3718 3619
f 3619 3718 3719
f 3619 3719 3620
f 3620 3719 3720
f 3620 3720 3621
f 3621 3720 3721
f 3621 3721 3622
f 3622 3721 3722
f 3622 3722 3623
f 3623 3722 3723
f 3623 3723 3624
f 3624 3723 3724
f 3624 3724 3625
f 3625 3724 3725
f 3625 3725 3626
f 3626 3725 3726
f 3626 3726 3627
f 3627 3726 3727
f 3627 3727 3628
f 3628 3727 3728
f 3628 3728 3629
f 3629 3728 3729
f 3629 3729 3630
f 3630 3729 3730
f 3630 3730 3631
f 3631 3730 3731
f 3631 3731 3632
f 3632 3731 3732
f 3632 3732 3633
f 3633 3732 3733
f 3633 3733 3634
f 3634 3733 3734
f 3634 3734 3635
f 3635 3734 3735
f 3635 3735 3636
f 3636 3735 3736
f 3636 3736 3637
f 3637 3736 3737
f 3637 3737 3638
f 3638 3737 3738
f 3638 3738 3639
f 3639 3738 3739
f 3639 3739 3640
f 3640 3739 3740
f 3640 3740 3641
f 3641 3740 3741
f 3641 3741 3642
f 3642 3741 3742
f 3642 3742 3643
f 3643 3742 3743
f 3643 3743 3644
f 3644 3743 3744
f 3644 3744 3645
f 3645 3744 3745
f 3645 3745 3646
f 3646 3745 3746
f 3646 3746 3647
f 3647 3746 3747
f 3647 3747 3648
f 3648 3747 3748
f 3648 3748 3649
f 3649 3748 3749
f 3649 3749 3650
f 3650 3749 3750
f 3650 3750 3651
f 3651 3750 3751
f 3651 3751 3652
f 3652 3751 3752
f 3652 3752 3653
f 3653 3752 3753
f 3653 3753 3654
f 3654 3753 3754
f 3654 3754 3655
f 3655 3754 3755
f 3655 3755 3656
f 3656 3755 3756
f 3656 3756 3657
f 3657 3756 3757
f 3657 3757 3658
f 3658 3757 3758
f 3658 3758 3659
f 3659 3758 3759
f 3659 3759 3660
f 3660 3759 3760
f 3660 3760 3661
f 3661 3760 3761
f 3661 3761 3662
f 3662 3761 3762
f 3662 3762 3663
f 3663 3762 3763
f 3663 3763 3664
f 3664 3763 3764
f 3664 3764 3665
f 3665 3764 3765
f 3665 3765 3666
f 3666 3765 3766
f 3666 3766 3667
f 3667 3766 3767
f 3667 3767 3668
f 3668 3767 3768
f 3668 3768 3669
f 3669 3768 3769
f 3669 3769 3670
f 3670 3769 3770
f 3670 3770 3671
f 3671 3770 3771
f 3671 3771 3672
f 3672 3771 3772
f 3672 3772 3673
f 3673 3772 3773
f 3673 3773 3674
f 3674 3773 3774
f 3674 3774 3675
f 3675 3774 3775
f 3675 3775 3676
f 3676 3775 3776
f 3676 3776 3677
f 3677 3776 3777
f 3677 3777 3678
f 3678 3777 3778
f 3678 3778 3679
f 3679 3778 3779
f 3679 3779 3680
f 3680 3779 3780
f 3680 3780 3681
f 3681 3780 3781
f 3681 3781 3682
f 3682 3781 3782
f 3682 3782 3683
f 3683 3782 3783
f 3683 3783 3684
f 3684 3783 3784
f 3684 3784 3685
f 3685 3784 3785
f 3685 3785 3686
f 3686 3785 3786
f 3686 3786 3687
f 3687 3786 3787
f 3687 3787 3688
f 3688 3787 3788
f 3688 3788 3689
f 3689 3788 3789
f 3689 3789 3690
f 3690 3789 3790
f 3690 3790 3691
f 3691 3790 3791
f 3691 3791 3692
f 3692 3791 3792
f 3692 3792 3693
f 3693 3792 3793
f 3693 3793 3694
f 3694 3793 3794
f 3694 3794 3695
f 3695 3794 3795
f 3695 3795 3696
f 3696 3795 3796
f 3696 3796 3697
f 3697 3796 3797
f 3697 3797 3698
f 3698 3797 3798
f 3698 3798 3699
f 3699 3798 3799
f 3699 3799 3700
f 3700 3799 3800
f 3700 3800 3701
f 3701 3800 3801
f 3701 3801 3602
f 3602 3801 3702
f 3702 3802 3703
f 3703 3802 3803
f 3703 3803 3704
f 3704 3803 3804
f 3704 3804 3705
f 3705 3804 3805
f 3705 3805 3706
f 3706 3805 3806
f 3706 3806 3707
f 3707 3806 3807
f 3707 3807 3708
f 3708 3807 3808
f 3708 3808 3709
f 3709 3808 3809
f 3709 3809 3710
f 3710 3809 3810
f 3710 3810 3711
f 3711 3810 3811
f 3711 3811 3712
f 3712 3811 3812
f 3712 3812 3713
f 3713 3812 3813
f 3713 3813 3714
f 3714 3813 3814
f 3714 3814 3715
f 3715 3814 3815
f 3715 3815 3716
f 3716 3815 3816
f 3716 3816 3717
f 3717 3816 3817
f 3717 3817 3718
f 3718 3817 3818
f 3718 3818 3719
f 3719 3818 3819
f 3719 3819 3720
f 3720 3819 3820
f 3720 3820 3721
f 3721 3820 3821
f 3721 3821 3722
f 3722 3821 3822
f 3722 3822 3723
f 3723 3822 3823
f 3723 3823 3724
f 3724 3823 3824
f 3724 3824 3725
f 3725 3824 3825
f 3725 3825 3726
f 3726 3825 3826
f 3726 3826 3727
f 3727 3826 3827
f 3727 3827 3728
f 3728 3827 3828
f 3728 3828 3729
f 3729 3828 3829
f 3729 3829 3730
f 3730 3829 3830
f 3730 3830 3731
f 3731 3830 3831
f 3731 3831 3732
f 3732 3831 3832
f 3732 3832 3733
f 3733 3832 3833
f 3733 3833 3734
f 3734 3833 3834
f 3734 3834 3735
f 3735 3834 3835
f 3735 3835 3736
f 3736 3835 3836
f 3736 3836 3737
f 3737 3836 3837
f 3737 3837 3738
f 3738 3837 3838
f 3738 3838 3739
f 3739 3838 3839
f 3739 3839 3740
f 3740 3839 3840
f 3740 3840 3741
f 3741 3840 3841
f 3741 3841 3742
f 3742 3841 3842
f 3742 3842 3743
f 3743 3842 3843
f 3743 3843 3744
f 3744 3843 3844
f 3744 3844 3745
f 3745 3844 3845
f 3745 3845 3746
f 3746 3845 3846
f 3746 3846 3747
f 3747 3846 3847
f 3747 3847 3748
f 3748 3847 3848
f 3748 3848 3749
f 3749 3848 3849
f 3749 3849 3750
f 3750 3849 3850
f 3750 3850 3751
f 3751 3850 3851
f 3751 3851 3752
f 3752 3851 3852
f 3752 3852 3753
f 3753 3852 3853
f 3753 3853 3754
f 3754 3853 3854
f 3754 3854 3755
f 3755 3854 3855
f 3755 3855 3756
f 3756 3855 3856
f 3756 3856 3757
f 3757 3856 3857
f 3757 3857 3758
f 3758 3857 3858
f 3758 3858 3759
f 3759 3858 3859
f 3759 3859 3760
f 3760 3859 3860
f 3760 3860 3761
f 3761 3860 3861
f 3761 3861 3762
f 3762 3861 3862
f 3762 3862 3763
f 3763 3862 3863
f 3763 3863 3764
f 3764 3863 3864
f 3764 3864 3765
f 3765 3864 3865
f 3765 3865 3766
f 3766 3865 3866
f 3766 3866 3767
f 3767 3866 3867
f 3767 3867 3768
f 3768 3867 3868
f 3768 3868 3769
f 3769 3868 3869
f 3769 3869 3770
f 3770 3869 3870
f 3770 3870 3771
f 3771 3870 3871
f 3771 3871 3772
f 3772 3871 3872
f 3772 3872 3773
f 3773 3872 3873
f 3773 3873 3774
f 3774 3873 3874
f 3774 3874 3775
f 3775 3874 3875
f 3775 3875 3776
f 3776 3875 3876
f 3776 3876 3777
f 3777 3876 3877
f 3777 3877 3778
f 3778 3877 3878
f 3778 3878 3779
f 3779 3878 3879
f 3779 3879 3780
f 3780 3879 3880
f 3780 3880 3781
f 3781 3880 3881
f 3781 3881 3782
f 3782 3881 3882
f 3782 3882 3783
f 3783 3882 3883
f 3783 3883 3784
f 3784 3883 3884
f 3784 3884 3785
f 3785 3884 3885
f 3785 3885 3786
f 3786 3885 3886
f 3786 3886 3787
f 3787 3886 3887
f 3787 3887 3788
f 3788 3887 3888
f 3788 3888 3789
f 3789 3888 3889
f 3789 3889 3790
f 3790 3889 3890
f 3790 3890 3791
f 3791 3890 3891
f 3791 3891 3792
f 3792 3891 3892
f 3792 3892 3793
f 3793 3892 3893
f 3793 3893 3794
f 3794 3893 3894
f 3794 3894 3795
f 3795 3894 3895
f 3795 3895 3796
f 3796 3895 3896
f 3796 3896 3797
f 3797 3896 3897
f 3797 3897 3798
f 3798 3897 3898
f 3798 3898 3799
f 3799 3898 3899
f 3799 3899 3800
f 3800 3899 3900
f 3800 3900 3801
f 3801 3900 3901
f 3801 3901 3702
f 3702 3901 3802
f 3802 3902 3803
f 3803 3902 3903
f 3803 3903 3804
f 3804 3903 3904
f 3804 3904 3805
f 3805 3904 3905
f 3805 3905 3806
f 3806 3905 3906
f 3806 3906 3807
f 3807 3906 3907
f 3807 3907 3808
f 3808 3907 3908
f 3808 3908 3809
f 3809 3908 3909
f 3809 3909 3810
f 3810 3909 3910
f 3810 3910 3811
f 3811 3910 3911
f 3811 3911 3812
f 3812 3911 3912
f 3812 3912 3813
f 3813 3912 3913
f 3813 3913 3814
f 3814 3913 3914
f 3814 3914 3815
f 3815 3914 3915
f 3815 3915 3816
f 3816 3915 3916
f 3816 3916 3817
f 3817 3916 3917
f 3817 3917 3818
f 3818 3917 3918
f 3818 3918 3819
f 3819 3918 3919
f 3819 3919 3820
f 3820 3919 3920
f 3820 3920 3821
f 3821 3920 3921
f 3821 3921 3822
f 3822 3921 3922
f 3822 3922 3823
f 3823 3922 3923
f 3823 3923 3824
f 3824 3923 3924
f 3824 3924 3825
f 3825 3924 3925
f 3825 3925 3826
f 3826 3925 3926
f 3826 3926 3827
f 3827 3926 3927
f 3827 3927 3828
f 3828 3927 3928
f 3828 3928 3829
f 3829 3928 3929
f 3829 3929 3830
f 3830 3929 3930
f 3830 3930 3831
f 3831 3930 3931
f 3831 3931 3832
f 3832 3931 3932
f 3832 3932 3833
f 3833 3932 3933
f 3833 3933 3834
f 3834 3933 3934
f 3834 3934 3835
f 3835 3934 3935
f 3835 3935 3836
f 3836 3935 3936
f 3836 3936 3837
f 3837 3936 3937
f 3837 3937 3838
f 3838 3937 3938
f 3838 3938 3839
f 3839 3938 3939
f 3839 3939 3840
f 3840 3939 3940
f 3840 3940 3841
f 3841 3940 3941
f 3841 3941 3842
f 3842 3941 3942
f 3842 3942 3843
f 3843 3942 3943
f 3843 3943 3844
f 3844 3943 3944
f 3844 3944 3845
f 3845 3944 3945
f 3845 3945 3846
f 3846 3945 3946
f 3846 3946 3847
f 3847 3946 3947
f 3847 3947 3848
f 3848 3947 3948
f 3848 3948 3849
f 3849 3948 3949
f 3849 3949 3850
f 3850 3949 3950
f 3850 3950 3851
f 3851 3950 3951
f 3851 3951 3852
f 3852 3951 3952
f 3852 3952 3853
f 3853 3952 3953
f 3853 3953 3854
f 3854 3953 3954
f 3854 3954 3855
f 3855 3954 3955
f 3855 3955 3856
f 3856 3955 3956
f 3856 3956 3857
f 3857 3956 3957
f 3857 3957 3858
f 3858 3957 3958
f 3858 3958 3859
f 3859 3958 3959
f 3859 3959 3860
f 3860 3959 3960
f 3860 3960 3861
f 3861 3960 3961
f 3861 3961 3862
f 3862 3961 3962
f 3862 3962 3863
f 3863 3962 3963
f 3863 3963 3864
f 3864 3963 3964
f 3864 3964 3865
f 3865 3964 3965
f 3865 3965 3866
f 3866 3965 3966
f 3866 3966 3867
f 3867 3966 3967
f 3867 3967 3868
f 3868 3967 3968
f 3868 3968 3869
f 3869 3968 3969
f 3869 3969 3870
f 3870 3969 3970
f 3870 3970 3871
f 3871 3970 3971
f 3871 3971 3872
f 3872 3971 3972
f 3872 3972 3873
f 3873 3972 3973
f 3873 3973 3874
f 3874 3973 3974
f 3874 3974 3875
f 3875 3974 3975
f 3875 3975 3876
f 3876 3975 3976
f 3876 3976 3877
f 3877 3976 3977
f 3877 3977 3878
f 3878 3977 3978
f 3878 3978 3879
f 3879 3978 3979
f 3879 3979 3880
f 3880 3979 3980
f 3880 3980 3881
f 3881 3980 3981
f 3881 3981 3882
f 3882 3981 3982
f 3882 3982 3883
f 3883 3982 3983
f 3883 3983 3884
f 3884 3983 3984
f 3884 3984 3885
f 3885 3984 3985
f 3885 3985 3886
f 3886 3985 3986
f 3886 3986 3887
f 3887 3986 3987
f 3887 3987 3888
f 3888 3987 3988
f 3888 3988 3889
f 3889 3988 3989
f 3889 3989 3890
f 3890 3989 3990
f 3890 3990 3891
f 3891 3990 3991
f 3891 3991 3892
f 3892 3991 3992
f 3892 3992 3893
f 3893 3992 3993
f 3893 3993 3894
f 3894 3993 3994
f 3894 3994 3895
f 3895 3994 3995
f 3895 3995 3896
f 3896 3995 3996
f 3896 3996 3897
f 3897 3996 3997
f 3897 3997 3898
f 3898 3997 3998
f 3898 3998 3899
f 3899 3998 3999
f 3899 3999 3900
f 3900 3999 4000
f 3900 4000 3901
f 3901 4000 4001
f 3901 4001 3802
f 3802 4001 3902
f 3902 4002 3903
f 3903 4002 4003
f 3903 4003 3904
f 3904 4003 4004
f 3904 4004 3905
f 3905 4004 4005
f 3905 4005 3906
f 3906 4005 4006
f 3906 4006 3907
f 3907 4006 4007
f 3907 4007 3908
f 3908 4007 4008
f 3908 4008 3909
f 3909 4008 4009
f 3909 4009 3910
f 3910 4009 4010
f 3910 4010 3911
f 3911 4010 4011
f 3911 4011 3912
f 3912 4011 4012
f 3912 4012 3913
f 3913 4012 4013
f 3913 4013 3914
f 3914 4013 4014
f 3914 4014 3915
f 3915 4014 4015
f 3915 4015 3916
f 3916 4015 4016
f 3916 4016 3917
f 3917 4016 4017
f 3917 4017 3918
f 3918 4017 4018
f 3918 4018 3919
f 3919 4018 4019
f 3919 4019 3920
f 3920 4019 4020
f 3920 4020 3921
f 3921 4020 4021
f 3921 4021 3922
f 3922 4021 4022
f 3922 4022 3923
f 3923 4022 4023
f 3923 4023 3924
f 3924 4023 4024
f 3924 4024 3925
f 3925 4024 4025
f 3925 4025 3926
f 3926 4025 4026
f 3926 4026 3927
f 3927 4026 4027
f 3927 4027 3928
f 3928 4027 4028
f 3928 4028 3929
f 3929 4028 4029
f 3929 4029 3930
f 3930 4029 4030
f 3930 4030 3931
f 3931 4030 4031
f 3931 4031 3932
f 3932 4031 4032
f 3932 4032 3933
f 3933 4032 4033
f 3933 4033 3934
f 3934 4033 4034
f 3934 4034 3935
f 3935 4034 4035
f 3935 4035 3936
f 3936 4035 4036
f 3936 4036 3937
f 3937 4036 4037
f 3937 4037 3938
f 3938 4037 4038
f 3938 4038 3939
f 3939 4038 4039
f 3939 4039 3940
f 3940 4039 4040
f 3940 4040 3941
f 3941 4040 4041
f 3941 4041 3942
f 3942 4041 4042
f 3942 4042 3943
f 3943 4042 4043
f 3943 4043 3944
f 3944 4043 4044
f 3944 4044 3945
f 3945 4044 4045
f 3945 4045 3946
f 3946 4045 4046
f 3946 4046 3947
f 3947 4046 4047
f 3947 4047 3948
f 3948 4047 4048
f 3948 4048 3949
f 3949 4048 4049
f 3949 4049 3950
f 3950 4049 4050
f 3950 4050 3951
f 3951 4050 4051
f 3951 4051 3952
f 3952 4051 4052
f 3952 4052 3953
f 3953 4052 4053
f 3953 4053 3954
f 3954 4053 4054
f 3954 4054 3955
f 3955 4054 4055
f 3955 4055 3956
f 3956 4055 4056
f 3956 4056 3957
f 3957 4056 4057
f 3957 4057 3958
f 3958 4057 4058
f 3958 4058 3959
f 3959 4058 4059
f 3959 4059 3960
f 3960 4059 4060
f 3960 4060 3961
f 3961 4060 4061
f 3961 4061 3962
f 3962 4061 4062
f 3962 4062 3963
f 3963 4062 4063
f 3963 4063 3964
f 3964 4063 4064
f 3964 4064 3965
f 3965 4064 4065
f 3965 4065 3966
f 3966 4065 4066
f 3966 4066 3967
f 3967 4066 4067
f 3967 4067 3968
f 3968 4067 4068
f 3968 4068 3969
f 3969 4068 4069
f 3969 4069 3970
f 3970 4069 4070
f 3970 4070 3971
f 3971 4070 4071
f 3971 4071 3972
f 3972 4071 4072
f 3972 4072 3973
f 3973 4072 4073
f 3973 4073 3974
f 3974 4073 4074
f 3974 4074 3975
f 3975 4074 4075
f 3975 4075 3976
f 3976 4075 4076
f 3976 4076 3977
f 3977 4076 4077
f 3977 4077 3978
f 3978 4077 4078
f 3978 4078 3979
f 3979 4078 4079
f 3979 4079 3980
f 3980 4079 4080
f 3980 4080 3981
f 3981 4080 4081
f 3981 4081 3982
f 3982 4081 4082
f 3982 4082 3983
f 3983 4082 4083
f 3983 4083 3984
f 3984 4083 4084
f 3984 4084 3985
f 3985 4084 4085
f 3985 4085 3986
f 3986 4085 4086
f 3986 4086 3987
f 3987 4086 4087
f 3987 4087 3988
f 3988 4087 4088
f 3988 4088 3989
f 3989 4088 4089
f 3989 4089 3990
f 3990 4089 4090
f 3990 4090 3991
f 3991 4090 4091
f 3991 4091 3992
f 3992 4091 4092
f 3992 4092 3993
f 3993 4092 4093
f 3993 4093 3994
f 3994 4093 4094
f 3994 4094 3995
f 3995 4094 4095
f 3995 4095 3996
f 3996 4095 4096
f 3996 4096 3997
f 3997 4096 4097
f 3997 4097 3998
f 3998 4097 4098
f 3998 4098 3999
f 3999 4098 4099
f 3999 4099 4000
f 4000 4099 4100
f 4000 4100 4001
f 4001 4100 4101
f 4001 4101 3902
f 3902 4101 4002
f 4002 4102 4003
f 4003 4102 4103
f 4003 4103 4004
f 4004 4103 4104
f 4004 4104 4005
f 4005 4104 4105
f 4005 4105 4006
f 4006 4105 4106
f 4006 4106 4007
f 4007 4106 4107
f 4007 4107 4008
f 4008 4107 4108
f 4008 4108 4009
f 4009 4108 4109
f 4009 4109 4010
f 4010 4109 4110
f 4010 4110 4011
f 4011 4110 4111
f 4011 4111 4012
f 4012 4111 4112
f 4012 4112 4013
f 4013 4112 4113
f 4013 4113 4014
f 4014 4113 4114
f 4014 4114 4015
f 4015 4114 4115
f 4015 4115 4016
f 4016 4115 4116
f 4016 4116 4017
f 4017 4116 4117
f 4017 4117 4018
f 4018 4117 4118
f 4018 4118 4019
f 4019 4118 4119
f 4019 4119 4020
f 4020 4119 4120
f 4020 4120 4021
f 4021 4120 4121
f 4021 4121 4022
f 4022 4121 4122
f 4022 4122 4023
f 4023 4122 4123
f 4023 4123 4024
f 4024 4123 4124
f 4024 4124 4025
f 4025 4124 4125
f 4025 4125 4026
f 4026 4125 4126
f 4026 4126 4027
f 4027 4126 4127
f 4027 4127 4028
f 4028 4127 4128
f 4028 4128 4029
f 4029 4128 4129
f 4029 4129 4030
f 4030 4129 4130
f 4030 4130 4031
f 4031 4130 4131
f 4031 4131 4032
f 4032 4131 4132
f 4032 4132 4033
f 4033 4132 4133
f 4033 4133 4034
f 4034 4133 4134
f 4034 4134 4035
f 4035 4134 4135
f 4035 4135 4036
f 4036 4135 4136
f 4036 4136 4037
f 4037 4136 4137
f 4037 4137 4038
f 4038 4137 4138
f 4038 4138 4039
f 4039 4138 4139
f 4039 4139 4040
f 4040 4139 4140
f 4040 4140 4041
f 4041 4140 4141
f 4041 4141 4042
f 4042 4141 4142
f 4042 4142 4043
f 4043 4142 4143
f 4043 4143 4044
f 4044 4143 4144
f 4044 4144 4045
f 4045 4144 4145
f 4045 4145 4046
f 4046 4145 4146
f 4046 4146 4047
f 4047 4146 4147
f 4047 4147 4048
f 4048 4147 4148
f 4048 4148 4049
f 4049 4148 4149
f 4049 4149 4050
f 4050 4149 4150
f 4050 4150 4051
f 4051 4150 4151
f 4051 4151 4052
f 4052 4151 4152
f 4052 4152 4053
f 4053 4152 4153
f 4053 4153 4054
f 4054 4153 4154
f 4054 4154 4055
f 4055 4154 4155
f 4055 4155 4056
f 4056 4155 4156
f 4056 4156 4057
f 4057 4156 4157
f 4057 4157 4058
f 4058 4157 4158
f 4058 4158 4059
f 4059 4158 4159
f 4059 4159 4060
f 4060 4159 4160
f 4060 4160 4061
f 4061 4160 4161
f 4061 4161 4062
f 4062 4161 4162
f 4062 4162 4063
f 4063 4162 4163
f 4063 4163 4064
f 4064 4163 4164
f 4064 4164 4065
f 4065 4164 4165
f 4065 4165 4066
f 4066 4165 4166
f 4066 4166 4067
f 4067 4166 4167
f 4067 4167 4068
f 4068 4167 4168
f 4068 4168 4069
f 4069 4168 4169
f 4069 4169 4070
f 4070 4169 4170
f 4070 4170 4071
f 4071 4170 4171
f 4071 4171 4072
f 4072 4171 4172
f 4072 4172 4073
f 4073 4172 4173
f 4073 4173 4074
f 4074 4173 4174
f 4074 4174 4075
f 4075 4174 4175
f 4075 4175 4076
f 4076 4175 4176
f 4076 4176 4077
f 4077 4176 4177
f 4077 4177 4078
f 4078 4177 4178
f 4078 4178 4079
f 4079 4178 4179
f 4079 4179 4080
f 4080 4179 4180
f 4080 4180 4081
f 4081 4180 4181
f 4081 4181 4082
f 4082 4181 4182
f 4082 4182 4083
f 4083 4182 4183
f 4083 4183 4084
f 4084 4183 4184
f 4084 4184 4085
f 4085 4184 4185
f 4085 4185 4086
f 4086 4185 4186
f 4086 4186 4087
f 4087 4186 4187
f 4087 4187 4088
f 4088 4187 4188
f 4088 4188 4089
f 4089 4188 4189
f 4089 4189 4090
f 4090 4189 4190
f 4090 4190 4091
f 4091 4190 4191
f 4091 4191 4092
f 4092 4191 4192
f 4092 4192 4093
f 4093 4192 4193
f 4093 4193 4094
f 4094 4193 4194
f 4094 4194 4095
f 4095 4194 4195
f 4095 4195 4096
f 4096 4195 4196
f 4096 4196 4097
f 4097 4196 4197
f 4097 4197 4098
f 4098 4197 4198
f 4098 4198 4099
f 4099 4198 4199
f 4099 4199 4100
f 4100 4199 4200
f 4100 4200 4101
f 4101 4200 4201
f 4101 4201 4002
f 4002 4201 4102
f 4102 4202 4103
f 4103 4202 4203
f 4103 4203 4104
f 4104 4203 4204
f 4104 4204 4105
f 4105 4204 4205
f 4105 4205 4106
f 4106 4205 4206
f 4106 4206 4107
f 4107 4206 4207
f 4107 4207 4108
f 4108 4207 4208
f 4108 4208 4109
f 4109 4208 4209
f 4109 4209 4110
f 4110 4209 4210
f 4110 4210 4111
f 4111 4210 4211
f 4111 4211 4112
f 4112 4211 4212
f 4112 4212 4113
f 4113 4212 4213
f 4113 4213 4114
f 4114 4213 4214
f 4114 4214 4115
f 4115 4214 4215
f 4115 4215 4116
f 4116 4215 4216
f 4116 4216 4117
f 4117 4216 4217
f 4117 4217 4118
f 4118 4217 4218
f 4118 4218 4119
f 4119 4218 4219
f 4119 4219 4120
f 4120 4219 4220
f 4120 4220 4121
f 4121 4220 4221
f 4121 4221 4122
f 4122 4221 4222
f 4122 4222 4123
f 4123 4222 4223
f 4123 4223 4124
f 4124 4223 4224
f 4124 4224 4125
f 4125 4224 4225
f 4125 4225 4126
f 4126 4225 4226
f 4126 4226 4127
f 4127 4226 4227
f 4127 4227 4128
f 4128 4227 4228
f 4128 4228 4129
f 4129 4228 4229
f 4129 4229 4130
f 4130 4229 4230
f 4130 4230 4131
f 4131 4230 4231
f 4131 4231 4132
f 4132 4231 4232
f 4132 4232 4133
f 4133 4232 4233
f 4133 4233 4134
f 4134 4233 4234
f 4134 4234 4135
f 4135 4234 4235
f 4135 4235 4136
f 4136 4235 4236
f 4136 4236 4137
f 4137 4236 4237
f 4137 4237 4138
f 4138 4237 4238
f 4138 4238 4139
f 4139 4238 4239
f 4139 4239 4140
f 4140 4239 4240
f 4140 4240 4141
f 4141 4240 4241
f 4141 4241 4142
f 4142 4241 4242
f 4142 4242 4143
f 4143 4242 4243
f 4143 4243 4144
f 4144 4243 4244
f 4144 4244 4145
f 4145 4244 4245
f 4145 4245 4146
f 4146 4245 4246
f 4146 4246 4147
f 4147 4246 4247
f 4147 4247 4148
f 4148 4247 4248
f 4148 4248 4149
f 4149 4248 4249
f 4149 4249 4150
f 4150 4249 4250
f 4150 4250 4151
f 4151 4250 4251
f 4151 4251 4152
f 4152 4251 4252
f 4152 4252 4153
f 4153 4252 4253
f 4153 4253 4154
f 4154 4253 4254
f 4154 4254 4155
f 4155 4254 4255
f 4155 4255 4156
f 4156 4255 4256
f 4156 4256 4157
f 4157 4256 4257
f 4157 4257 4158
f 4158 4257 4258
f 4158 4258 4159
f 4159 4258 4259
f 4159 4259 4160
f 4160 4259 4260
f 4160 4260 4161
f 4161 4260 4261
f 4161 4261 4162
f 4162 4261 4262
f 4162 4262 4163
f 4163 4262 4263
f 4163 4263 4164
f 4164 4263 4264
f 4164 4264 4165
f 4165 4264 4265
f 4165 4265 4166
f 4166 4265 4266
f 4166 4266 4167
f 4167 4266 4267
f 4167 4267 4168
f 4168 4267 4268
f 4168 4268 4169
f 4169 4268 4269
f 4169 4269 4170
f 4170 4269 4270
f 4170 4270 4171
f 4171 4270 4271
f 4171 4271 4172
f 4172 4271 4272
f 4172 4272 4173
f 4173 4272 4273
f 4173 4273 4174
f 4174 4273 4274
f 4174 4274 4175
f 4175 4274 4275
f 4175 4275 4176
f 4176 4275 4276
f 4176 4276 4177
f 4177 4276 4277
f 4177 4277 4178
f 4178 4277 4278
f 4178 4278 4179
f 4179 4278 4279
f 4179 4279 4180
f 4180 4279 4280
f 4180 4280 4181
f 4181 4280 4281
f 4181 4281 4182
f 4182 4281 4282
f 4182 4282 4183
f 4183 4282 4283
f 4183 4283 4184
f 4184 4283 4284
f 4184 4284 4185
f 4185 4284 4285
f 4185 4285 4186
f 4186 4285 4286
f 4186 4286 4187
f 4187 4286 4287
f 4187 4287 4188
f 4188 4287 4288
f 4188 4288 4189
f 4189 4288 4289
f 4189 4289 4190
f 4190 4289 4290
f 4190 4290 4191
f 4191 4290 4291
f 4191 4291 4192
f 4192 4291 4292
f 4192 4292 4193
f 4193 4292 4293
f 4193 4293 4194
f 4194 4293 4294
f 4194 4294 4195
f 4195 4294 4295
f 4195 4295 4196
f 4196 4295 4296
f 4196 4296 4197
f 4197 4296 4297
f 4197 4297 4198
f 4198 4297 4298
f 4198 4298 4199
f 4199 4298 4299
f 4199 4299 4200
f 4200 4299 4300
f 4200 4300 4201
f 4201 4300 4301
f 4201 4301 4102
f 4102 4301 4202
f 4202 4302 4203
f 4203 4302 4303
f 4203 4303 4204
f 4204 4303 4304
f 4204 4304 4205
f 4205 4304 4305
f 4205 4305 4206
f 4206 4305 4306
f 4206 4306 4207
f 4207 4306 4307
f 4207 4307 4208
f 4208 4307 4308
f 4208 4308 4209
f 4209 4308 4309
f 4209 4309 4210
f 4210 4309 4310
f 4210 4310 4211
f 4211 4310 4311
f 4211 4311 4212
f 4212 4311 4312
f 4212 4312 4213
f 4213 4312 4313
f 4213 4313 4214
f 4214 4313 4314
f 4214 4314 4215
f 4215 4314 4315
f 4215 4315 4216
f 4216 4315 4316
f 4216 4316 4217
f 4217 4316 4317
f 4217 4317 4218
f 4218 4317 4318
f 4218 4318 4219
f 4219 4318 4319
f 4219 4319 4220
f 4220 4319 4320
f 4220 4320 4221
f 4221 4320 4321
f 4221 4321 4222
f 4222 4321 4322
f 4222 4322 4223
f 4223 4322 4323
f 4223 4323 4224
f 4224 4323 4324
f 4224 4324 4225
f 4225 4324 4325
f 4225 4325 4226
f 4226 4325 4326
f 4226 4326 4227
f 4227 4326 4327
f 4227 4327 4228
f 4228 4327 4328
f 4228 4328 4229
f 4229 4328 4329
f 4229 4329 4230
f 4230 4329 4330
f 4230 4330 4231
f 4231 4330 4331
f 4231 4331 4232
f 4232 4331 4332
f 4232 4332 4233
f 4233 4332 4333
f 4233 4333 4234
f 4234 4333 4334
f 4234 4334 4235
f 4235 4334 4335
f 4235 4335 4236
f 4236 4335 4336
f 4236 4336 4237
f 4237 4336 4337
f 4237 4337 4238
f 4238 4337 4338
f 4238 4338 4239
f 4239 4338 4339
f 4239 4339 4240
f 4240 4339 4340
f 4240 4340 4241
f 4241 4340 4341
f 4241 4341 4242
f 4242 4341 4342
f 4242 4342 4243
f 4243 4342 4343
f 4243 4343 4244
f 4244 4343 4344
f 4244 4344 4245
f 4245 4344 4345
f 4245 4345 4246
f 4246 4345 4346
f 4246 4346 4247
f 4247 4346 4347
f 4247 4347 4248
f 4248 4347 4348
f 4248 4348 4249
f 4249 4348 4349
f 4249 4349 4250
f 4250 4349 4350
f 4250 4350 4251
f 4251 4350 4351
f 4251 4351 4252
f 4252 4351 4352
f 4252 4352 4253
f 4253 4352 4353
f 4253 4353 4254
f 4254 4353 4354
f 4254 4354 4255
f 4255 4354 4355
f 4255 4355 4256
f 4256 4355 4356
f 4256 4356 4257
f 4257 4356 4357
f 4257 4357 4258
f 4258 4357 4358
f 4258 4358 4259
f 4259 4358 4359
f 4259 4359 4260
f 4260 4359 4360
f 4260 4360 4261
f 4261 4360 4361
f 4261 4361 4262
f 4262 4361 4362
f 4262 4362 4263
f 4263 4362 4363
f 4263 4363 4264
f 4264 4363 4364
f 4264 4364 4265
f 4265 4364 4365
f 4265 4365 4266
f 4266 4365 4366
f 4266 4366 4267
f 4267 4366 4367
f 4267 4367 4268
f 4268 4367 4368
f 4268 4368 4269
f 4269 4368 4369
f 4269 4369 4270
f 4270 4369 4370
f 4270 4370 4271
f 4271 4370 4371
f 4271 4371 4272
f 4272 4371 4372
f 4272 4372 4273
f 4273 4372 4373
f 4273 4373 4274
f 4274 4373 4374
f 4274 4374 4275
f 4275 4374 4375
f 4275 4375 4276
f 4276 4375 4376
f 4276 4376 4277
f 4277 4376 4377
f 4277 4377 4278
f 4278 4377 4378
f 4278 4378 4279
f 4279 4378 4379
f 4279 4379 4280
f 4280 4379 4380
f 4280 4380 4281
f 4281 4380 4381
f 4281 4381 4282
f 4282 4381 4382
f 4282 4382 4283
f 4283 4382 4383
f 4283 4383 4284
f 4284 4383 4384
f 4284 4384 4285
f 4285 4384 4385
f 4285 4385 4286
f 4286 4385 4386
f 4286 4386 4287
f 4287 4386 4387
f 4287 4387 4288
f 4288 4387 4388
f 4288 4388 4289
f 4289 4388 4389
f 4289 4389 4290
f 4290 4389 4390
f 4290 4390 4291
f 4291 4390 4391
f 4291 4391 4292
f 4292 4391 4392
f 4292 4392 4293
f 4293 4392 4393
f 4293 4393 4294
f 4294 4393 4394
f 4294 4394 4295
f 4295 4394 4395
f 4295 4395 4296
f 4296 4395 4396
f 4296 4396 4297
f 4297 4396 4397
f 4297 4397 4298
f 4298 4397 4398
f 4298 4398 4299
f 4299 4398 4399
f 4299 4399 4300
f 4300 4399 4400
f 4300 4400 4301
f 4301 4400 4401
f 4301 4401 4202
f 4202 4401 4302
f 4302 4402 4303
f 4303 4402 4403
f 4303 4403 4304
f 4304 4403 4404
f 4304 4404 4305
f 4305 4404 4405
f 4305 4405 4306
f 4306 4405 4406
f 4306 4406 4307
f 4307 4406 4407
f 4307 4407 4308
f 4308 4407 4408
f 4308 4408 4309
f 4309 4408 4409
f 4309 4409 4310
f 4310 4409 4410
f 4310 4410 4311
f 4311 4410 4411
f 4311 4411 4312
f 4312 4411 4412
f 4312 4412 4313
f 4313 4412 4413
f 4313 4413 4314
f 4314 4413 4414
f 4314 4414 4315
f 4315 4414 4415
f 4315 4415 4316
f 4316 4415 4416
f 4316 4416 4317
f 4317 4416 4417
f 4317 4417 4318
f 4318 4417 4418
f 4318 4418 4319
f 4319 4418 4419
f 4319 4419 4320
f 4320 4419 4420
f 4320 4420 4321
f 4321 4420 4421
f 4321 4421 4322
f 4322 4421 4422
f 4322 4422 4323
f 4323 4422 4423
f 4323 4423 4324
f 4324 4423 4424
f 4324 4424 4325
f 4325 4424 4425
f 4325 4425 4326
f 4326 4425 4426
f 4326 4426 4327
f 4327 4426 4427
f 4327 4427 4328
f 4328 4427 4428
f 4328 4428 4329
f 4329 4428 4429
f 4329 4429 4330
f 4330 4429 4430
f 4330 4430 4331
f 4331 4430 4431
f 4331 4431 4332
f 4332 4431 4432
f 4332 4432 4333
f 4333 4432 4433
f 4333 4433 4334
f 4334 4433 4434
f 4334 4434 4335
f 4335 4434 4435
f 4335 4435 4336
f 4336 4435 4436
f 4336 4436 4337
f 4337 4436 4437
f 4337 4437 4338
f 4338 4437 4438
f 4338 4438 4339
f 4339 4438 4439
f 4339 4439 4340
f 4340 4439 4440
f 4340 4440 4341
f 4341 4440 4441
f 4341 4441 4342
f 4342 4441 4442
f 4342 4442 4343
f 4343 4442 4443
f 4343 4443 4344
f 4344 4443 4444
f 4344 4444 4345
f 4345 4444 4445
f 4345 4445 4346
f 4346 4445 4446
f 4346 4446 4347
f 4347 4446 4447
f 4347 4447 4348
f 4348 4447 4448
f 4348 4448 4349
f 4349 4448 4449
f 4349 4449 4350
f 4350 4449 4450
f 4350 4450 4351
f 4351 4450 4451
f 4351 4451 4352
f 4352 4451 4452
f 4352 4452 4353
f 4353 4452 4453
f 4353 4453 4354
f 4354 4453 4454
f 4354 4454 4355
f 4355 4454 4455
f 4355 4455 4356
f 4356 4455 4456
f 4356 4456 4357
f 4357 4456 4457
f 4357 4457 4358
f 4358 4457 4458
f 4358 4458 4359
f 4359 4458 4459
f 4359 4459 4360
f 4360 4459 4460
f 4360 4460 4361
f 4361 4460 4461
f 4361 4461 4362
f 4362 4461 4462
f 4362 4462 4363
f 4363 4462 4463
f 4363 4463 4364
f 4364 4463 4464
f 4364 4464 4365
f 4365 4464 4465
f 4365 4465 4366
f 4366 4465 4466
f 4366 4466 4367
f 4367 4466 4467
f 4367 4467 4368
f 4368 4467 4468
f 4368 4468 4369
f 4369 4468 4469
f 4369 4469 4370
f 4370 4469 4470
f 4370 4470 4371
f 4371 4470 4471
f 4371 4471 4372
f 4372 4471 4472
f 4372 4472 4373
f 4373 4472 4473
f 4373 4473 4374
f 4374 4473 4474
f 4374 4474 4375
f 4375 4474 4475
f 4375 4475 4376
f 4376 4475 4476
f 4376 4476 4377
f 4377 4476 4477
f 4377 4477 4378
f 4378 4477 4478
f 4378 4478 4379
f 4379 4478 4479
f 4379 4479 4380
f 4380 4479 4480
f 4380 4480 4381
f 4381 4480 4481
f 4381 4481 4382
f 4382 4481 4482
f 4382 4482 4383
f 4383 4482 4483
f 4383 4483 4384
f 4384 4483 4484
f 4384 4484 4385
f 4385 4484 4485
f 4385 4485 4386
f 4386 4485 4486
f 4386 4486 4387
f 4387 4486 4487
f 4387 4487 4388
f 4388 4487 4488
f 4388 4488 4389
f 4389 4488 4489
f 4389 4489 4390
f 4390 4489 4490
f 4390 4490 4391
f 4391 4490 4491
f 4391 4491 4392
f 4392 4491 4492
f 4392 4492 4393
f 4393 4492 4493
f 4393 4493 4394
f 4394 4493 4494
f 4394 4494 4395
f 4395 4494 4495
f 4395 4495 4396
f 4396 4495 4496
f 4396 4496 4397
f 4397 4496 4497
f 4397 4497 4398
f 4398 4497 4498
f 4398 4498 4399
f 4399 4498 4499
f 4399 4499 4400
f 4400 4499 4500
f 4400 4500 4401
f 4401 4500 4501
f 4401 4501 4302
f 4302 4501 4402
f 4402 4502 4403
f 4403 4502 4503
f 4403 4503 4404
f 4404 4503 4504
f 4404 4504 4405
f 4405 4504 4505
f 4405 4505 4406
f 4406 4505 4506
f 4406 4506 4407
f 4407 4506 4507
f 4407 4507 4408
f 4408 4507 4508
f 4408 4508 4409
f 4409 4508 4509
f 4409 4509 4410
f 4410 4509 4510
f 4410 4510 4411
f 4411 4510 4511
f 4411 4511 4412
f 4412 4511 4512
f 4412 4512 4413
f 4413 4512 4513
f 4413 4513 4414
f 4414 4513 4514
f 4414 4514 4415
f 4415 4514 4515
f 4415 4515 4416
f 4416 4515 4516
f 4416 4516 4417
f 4417 4516 4517
f 4417 4517 4418
f 4418 4517 4518
f 4418 4518 4419
f 4419 4518 4519
f 4419 4519 4420
f 4420 4519 4520
f 4420 4520 4421
f 4421 4520 4521
f 4421 4521 4422
f 4422 4521 4522
f 4422 4522 4423
f 4423 4522 4523
f 4423 4523 4424
f 4424 4523 4524
f 4424 4524 4425
f 4425 4524 4525
f 4425 4525 4426
f 4426 4525 4526
f 4426 4526 4427
f 4427 4526 4527
f 4427 4527 4428
f 4428 4527 4528
f 4428 4528 4429
f 4429 4528 4529
f 4429 4529 4430
f 4430 4529 4530
f 4430 4530 4431
f 4431 4530 4531
f 4431 4531 4432
f 4432 4531 4532
f 4432 4532 4433
f 4433 4532 4533
f 4433 4533 4434
f 4434 4533 4534
f 4434 4534 4435
f 4435 4534 4535
f 4435 4535 4436
f 4436 4535 4536
f 4436 4536 4437
f 4437 4536 4537
f 4437 4537 4438
f 4438 4537 4538
f 4438 4538 4439
f 4439 4538 4539
f 4439 4539 4440
f 4440 4539 4540
f 4440 4540 4441
f 4441 4540 4541
f 4441 4541 4442
f 4442 4541 4542
f 4442 4542 4443
f 4443 4542 4543
f 4443 4543 4444
f 4444 4543 4544
f 4444 4544 4445
f 4445 4544 4545
f 4445 4545 4446
f 4446 4545 4546
f 4446 4546 4447
f 4447 4546 4547
f 4447 4547 4448
f 4448 4547 4548
f 4448 4548 4449
f 4449 4548 4549
f 4449 4549 4450
f 4450 4549 4550
f 4450 4550 4451
f 4451 4550 4551
f 4451 4551 4452
f 4452 4551 4552
f 4452 4552 4453
f 4453 4552 4553
f 4453 4553 4454
f 4454 4553 4554
f 4454 4554 4455
f 4455 4554 4555
f 4455 4555 4456
f 4456 4555 4556
f 4456 4556 4457
f 4457 4556 4557
f 4457 4557 4458
f 4458 4557 4558
f 4458 4558 4459
f 4459 4558 4559
f 4459 4559 4460
f 4460 4559 4560
f 4460 4560 4461
f 4461 4560 4561
f 4461 4561 4462
f 4462 4561 4562
f 4462 4562 4463
f 4463 4562 4563
f 4463 4563 4464
f 4464 4563 4564
f 4464 4564 4465
f 4465 4564 4565
f 4465 4565 4466
f 4466 4565 4566
f 4466 4566 4467
f 4467 4566 4567
f 4467 4567 4468
f 4468 4567 4568
f 4468 4568 4469
f 4469 4568 4569
f 4469 4569 4470
f 4470 4569 4570
f 4470 4570 4471
f 4471 4570 4571
f 4471 4571 4472
f 4472 4571 4572
f 4472 4572 4473
f 4473 4572 4573
f 4473 4573 4474
f 4474 4573 4574
f 4474 4574 4475
f 4475 4574 4575
f 4475 4575 4476
f 4476 4575 4576
f 4476 4576 4477
f 4477 4576 4577
f 4477 4577 4478
f 4478 4577 4578
f 4478 4578 4479
f 4479 4578 4579
f 4479 4579 4480
f 4480 4579 4580
f 4480 4580 4481
f 4481 4580 4581
f 4481 4581 4482
f 4482 4581 4582
f 4482 4582 4483
f 4483 4582 4583
f 4483 4583 4484
f 4484 4583 4584
f 4484 4584 4485
f 4485 4584 4585
f 4485 4585 4486
f 4486 4585 4586
f 4486 4586 4487
f 4487 4586 4587
f 4487 4587 4488
f 4488 4587 4588
f 4488 4588 4489
f 4489 4588 4589
f 4489 4589 4490
f 4490 4589 4590
f 4490 4590 4491
f 4491 4590 4591
f 4491 4591 4492
f 4492 4591 4592
f 4492 4592 4493
f 4493 4592 4593
f 4493 4593 4494
f 4494 4593 4594
f 4494 4594 4495
f 4495 4594 4595
f 4495 4595 4496
f 4496 4595 4596
f 4496 4596 4497
f 4497 4596 4597
f 4497 4597 4498
f 4498 4597 4598
f 4498 4598 4499
f 4499 4598 4599
f 4499 4599 4500
f 4500 4599 4600
f 4500 4600 4501
f 4501 4600 4601
f 4501 4601 4402
f 4402 4601 4502
f 4502 4602 4503
f 4503 4602 4603
f 4503 4603 4504
f 4504 4603 4604
f 4504 4604 4505
f 4505 4604 4605
f 4505 4605 4506
f 4506 4605 4606
f 4506 4606 4507
f 4507 4606 4607
f 4507 4607 4508
f 4508 4607 4608
f 4508 4608 4509
f 4509 4608 4609
f 4509 4609 4510
f 4510 4609 4610
f 4510 4610 4511
f 4511 4610 4611
f 4511 4611 4512
f 4512 4611 4612
f 4512 4612 4513
f 4513 4612 4613
f 4513 4613 4514
f 4514 4613 4614
f 4514 4614 4515
f 4515 4614 4615
f 4515 4615 4516
f 4516 4615 4616
f 4516 4616 4517
f 4517 4616 4617
f 4517 4617 4518
f 4518 4617 4618
f 4518 4618 4519
f 4519 4618 4619
f 4519 4619 4520
f 4520 4619 4620
f 4520 4620 4521
f 4521 4620 4621
f 4521 4621 4522
f 4522 4621 4622
f 4522 4622 4523
f 4523 4622 4623
f 4523 4623 4524
f 4524 4623 4624
f 4524 4624 4525
f 4525 4624 4625
f 4525 4625 4526
f 4526 4625 4626
f 4526 4626 4527
f 4527 4626 4627
f 4527 4627 4528
f 4528 4627 4628
f 4528 4628 4529
f 4529 4628 4629
f 4529 4629 4530
f 4530 4629 4630
f 4530 4630 4531
f 4531 4630 4631
f 4531 4631 4532
f 4532 4631 4632
f 4532 4632 4533
f 4533 4632 4633
f 4533 4633 4534
f 4534 4633 4634
f 4534 4634 4535
f 4535 4634 4635
f 4535 4635 4536
f 4536 4635 4636
f 4536 4636 4537
f 4537 4636 4637
f 4537 4637 4538
f 4538 4637 4638
f 4538 4638 4539
f 4539 4638 4639
f 4539 4639 4540
f 4540 4639 4640
f 4540 4640 4541
f 4541 4640 4641
f 4541 4641 4542
f 4542 4641 4642
f 4542 4642 4543
f 4543 4642 4643
f 4543 4643 4544
f 4544 4643 4644
f 4544 4644 4545
f 4545 4644 4645
f 4545 4645 4546
f 4546 4645 4646
f 4546 4646 4547
f 4547 4646 4647
f 4547 4647 4548
f 4548 4647 4648
f 4548 4648 4549
f 4549 4648 4649
f 4549 4649 4550
f 4550 4649 4650
f 4550 4650 4551
f 4551 4650 4651
f 4551 4651 4552
f 4552 4651 4652
f 4552 4652 4553
f 4553 4652 4653
f 4553 4653 4554
f 4554 4653 4654
f 4554 4654 4555
f 4555 4654 4655
f 4555 4655 4556
f 4556 4655 4656
f 4556 4656 4557
f 4557 4656 4657
f 4557 4657 4558
f 4558 4657 4658
f 4558 4658 4559
f 4559 4658 4659
f 4559 4659 4560
f 4560 4659 4660
f 4560 4660 4561
f 4561 4660 4661
f 4561 4661 4562
f 4562 4661 4662
f 4562 4662 4563
f 4563 4662 4663
f 4563 4663 4564
f 4564 4663 4664
f 4564 4664 4565
f 4565 4664 4665
f 4565 4665 4566
f 4566 4665 4666
f 4566 4666 4567
f 4567 4666 4667
f 4567 4667 4568
f 4568 4667 4668
f 4568 4668 4569
f 4569 4668 4669
f 4569 4669 4570
f 4570 4669 4670
f 4570 4670 4571
f 4571 4670 4671
f 4571 4671 4572
f 4572 4671 4672
f 4572 4672 4573
f 4573 4672 4673
f 4573 4673 4574
f 4574 4673 4674
f 4574 4674 4575
f 4575 4674 4675
f 4575 4675 4576
f 4576 4675 4676
f 4576 4676 4577
f 4577 4676 4677
f 4577 4677 4578
f 4578 4677 4678
f 4578 4678 4579
f 4579 4678 4679
f 4579 4679 4580
f 4580 4679 4680
f 4580 4680 4581
f 4581 4680 4681
f 4581 4681 4582
f 4582 4681 4682
f 4582 4682 4583
f 4583 4682 4683
f 4583 4683 4584
f 4584 4683 4684
f 4584 4684 4585
f 4585 4684 4685
f 4585 4685 4586
f 4586 4685 4686
f 4586 4686 4587
f 4587 4686 4687
f 4587 4687 4588
f 4588 4687 4688
f 4588 4688 4589
f 4589 4688 4689
f 4589 4689 4590
f 4590 4689 4690
f 4590 4690 4591
f 4591 4690 4691
f 4591 4691 4592
f 4592 4691 4692
f 4592 4692 4593
f 4593 4692 4693
f 4593 4693 4594
f 4594 4693 4694
f 4594 4694 4595
f 4595 4694 4695
f 4595 4695 4596
f 4596 4695 4696
f 4596 4696 4597
f 4597 4696 4697
f 4597 4697 4598
f 4598 4697 4698
f 4598 4698 4599
f 4599 4698 4699
f 4599 4699 4600
f 4600 4699 4700
f 4600 4700 4601
f 4601 4700 4701
f 4601 4701 4502
f 4502 4701 4602
f 4602 4702 4603
f 4603 4702 4703
f 4603 4703 4604
f 4604 4703 4704
f 4604 4704 4605
f 4605 4704 4705
f 4605 4705 4606
f 4606 4705 4706
f 4606 4706 4607
f 4607 4706 4707
f 4607 4707 4608
f 4608 4707 4708
f 4608 4708 4609
f 4609 4708 4709
f 4609 4709 4610
f 4610 4709 4710
f 4610 4710 4611
f 4611 4710 4711
f 4611 4711 4612
f 4612 4711 4712
f 4612 4712 4613
f 4613 4712 4713
f 4613 4713 4614
f 4614 4713 4714
f 4614 4714 4615
f 4615 4714 4715
f 4615 4715 4616
f 4616 4715 4716
f 4616 4716 4617
f 4617 4716 4717
f 4617 4717 4618
f 4618 4717 4718
f 4618 4718 4619
f 4619 4718 4719
f 4619 4719 4620
f 4620 4719 4720
f 4620 4720 4621
f 4621 4720 4721
f 4621 4721 4622
f 4622 4721 4722
f 4622 4722 4623
f 4623 4722 4723
f 4623 4723 4624
f 4624 4723 4724
f 4624 4724 4625
f 4625 4724 4725
f 4625 4725 4626
f 4626 4725 4726
f 4626 4726 4627
f 4627 4726 4727
f 4627 4727 4628
f 4628 4727 4728
f 4628 4728 4629
f 4629 4728 4729
f 4629 4729 4630
f 4630 4729 4730
f 4630 4730 4631
f 4631 4730 4731
f 4631 4731 4632
f 4632 4731 4732
f 4632 4732 4633
f 4633 4732 4733
f 4633 4733 4634
f 4634 4733 4734
f 4634 4734 4635
f 4635 4734 4735
f 4635 4735 4636
f 4636 4735 4736
f 4636 4736 4637
f 4637 4736 4737
f 4637 4737 4638
f 4638 4737 4738
f 4638 4738 4639
f 4639 4738 4739
f 4639 4739 4640
f 4640 4739 4740
f 4640 4740 4641
f 4641 4740 4741
f 4641 4741 4642
f 4642 4741 4742
f 4642 4742 4643
f 4643 4742 4743
f 4643 4743 4644
f 4644 4743 4744
f 4644 4744 4645
f 4645 4744 4745
f 4645 4745 4646
f 4646 4745 4746
f 4646 4746 4647
f 4647 4746 4747
f 4647 4747 4648
f 4648 4747 4748
f 4648 4748 4649
f 4649 4748 4749
f 4649 4749 4650
f 4650 4749 4750
f 4650 4750 4651
f 4651 4750 4751
f 4651 4751 4652
f 4652 4751 4752
f 4652 4752 4653
f 4653 4752 4753
f 4653 4753 4654
f 4654 4753 4754
f 4654 4754 4655
f 4655 4754 4755
f 4655 4755 4656
f 4656 4755 4756
f 4656 4756 4657
f 4657 4756 4757
f 4657 4757 4658
f 4658 4757 4758
f 4658 4758 4659
f 4659 4758 4759
f 4659 4759 4660
f 4660 4759 4760
f 4660 4760 4661
f 4661 4760 4761
f 4661 4761 4662
f 4662 4761 4762
f 4662 4762 4663
f 4663 4762 4763
f 4663 4763 4664
f 4664 4763 4764
f 4664 4764 4665
f 4665 4764 4765
f 4665 4765 4666
f 4666 4765 4766
f 4666 4766 4667
f 4667 4766 4767
f 4667 4767 4668
f 4668 4767 4768
f 4668 4768 4669
f 4669 4768 4769
f 4669 4769 4670
f 4670 4769 4770
f 4670 4770 4671
f 4671 4770 4771
f 4671 4771 4672
f 4672 4771 4772
f 4672 4772 4673
f 4673 4772 4773
f 4673 4773 4674
f 4674 4773 4774
f 4674 4774 4675
f 4675 4774 4775
f 4675 4775 4676
f 4676 4775 4776
f 4676 4776 4677
f 4677 4776 4777
f 4677 4777 4678
f 4678 4777 4778
f 4678 4778 4679
f 4679 4778 4779
f 4679 4779 4680
f 4680 4779 4780
f 4680 4780 4681
f 4681 4780 4781
f 4681 4781 4682
f 4682 4781 4782
f 4682 4782 4683
f 4683 4782 4783
f 4683 4783 4684
f 4684 4783 4784
f 4684 4784 4685
f 4685 4784 4785
f 4685 4785 4686
f 4686 4785 4786
f 4686 4786 4687
f 4687 4786 4787
f 4687 4787 4688
f 4688 4787 4788
f 4688 4788 4689
f 4689 4788 4789
f 4689 4789 4690
f 4690 4789 4790
f 4690 4790 4691
f 4691 4790 4791
f 4691 4791 4692
f 4692 4791 4792
f 4692 4792 4693
f 4693 4792 4793
f 4693 4793 4694
f 4694 4793 4794
f 4694 4794 4695
f 4695 4794 4795
f 4695 4795 4696
f 4696 4795 4796
f 4696 4796 4697
f 4697 4796 4797
f 4697 4797 4698
f 4698 4797 4798
f 4698 4798 4699
f 4699 4798 4799
f 4699 4799 4700
f 4700 4799 4800
f 4700 4800 4701
f 4701 4800 4801
f 4701 4801 4602
f 4602 4801 4702
f 4702 4802 4703
f 4703 4802 4704
f 4704 4802 4705
f 4705 4802 4706
f 4706 4802 4707
f 4707 4802 4708
f 4708 4802 4709
f 4709 4802 4710
f 4710 4802 4711
f 4711 4802 4712
f 4712 4802 4713
f 4713 4802 4714
f 4714 4802 4715
f 4715 4802 4716
f 4716 4802 4717
f 4717 4802 4718
f 4718 4802 4719
f 4719 4802 4720
f 4720 4802 4721
f 4721 4802 4722
f 4722 4802 4723
f 4723 4802 4724
f 4724 4802 4725
f 4725 4802 4726
f 4726 4802 4727
f 4727 4802 4728
f 4728 4802 4729
f 4729 4802 4730
f 4730 4802 4731
f 4731 4802 4732
f 4732 4802 4733
f 4733 4802 4734
f 4734 4802 4735
f 4735 4802 4736
f 4736 4802 4737
f 4737 4802 4738
f 4738 4802 4739
f 4739 4802 4740
f 4740 4802 4741
f 4741 4802 4742
f 4742 4802 4743
f 4743 4802 4744
f 4744 4802 4745
f 4745 4802 4746
f 4746 4802 4747
f 4747 4802 4748
f 4748 4802 4749
f 4749 4802 4750
f 4750 4802 4751
f 4751 4802 4752
f 4752 4802 4753
f 4753 4802 4754
f 4754 4802 4755
f 4755 4802 4756
f 4756 4802 4757
f 4757 4802 4758
f 4758 4802 4759
f 4759 4802 4760
f 4760 4802 4761
f 4761 4802 4762
f 4762 4802 4763
f 4763 4802 4764
f 4764 4802 4765
f 4765 4802 4766
f 4766 4802 4767
f 4767 4802 4768
f 4768 4802 4769
f 4769 4802 4770
f 4770 4802 4771
f 4771 4802 4772
f 4772 4802 4773
f 4773 4802 4774
f 4774 4802 4775
f 4775 4802 4776
f 4776 4802 4777
f 4777 4802 4778
f 4778 4802 4779
f 4779 4802 4780
f 4780 4802 4781
f 4781 4802 4782
f 4782 4802 4783
f 4783 4802 4784
f 4784 4802 4785
f 4785 4802 4786
f 4786 4802 4787
f 4787 4802 4788
f 4788 4802 4789
f 4789 4802 4790
f 4790 4802 4791
f 4791 4802 4792
f 4792 4802 4793
f 4793 4802 4794
f 4794 4802 4795
f 4795 4802 4796
f 4796 4802 4797
f 4797 4802 4798
f 4798 4802 4799
f 4799 4802 4800
f 4800 4802 4801
f 4801 4802 4702
