TITLE     = "Magnetic map of HD 6569, 2015-09-25, from 12 ESPaDOnS spectra (program hd-6569-2015-09)"
VARIABLES = "Longitude [Deg]" "Latitude [Deg]" "B<sub>R</sub> [G]" "B<sub>A</sub> [G]" "B<sub>M</sub> [G]"
ZONE I=73, J=37, K=1, ZONETYPE=Ordered
DATAPACKING=POINT
DT=(SINGLE SINGLE SINGLE SINGLE SINGLE)
      0.00000    -90.00000     25.09907     -0.32719      0.09624
      5.00000    -90.00000     25.09907     -0.33432      0.06735
     10.00000    -90.00000     25.09907     -0.33891      0.03794
     15.00000    -90.00000     25.09906     -0.34092      0.00825
     20.00000    -90.00000     25.09906     -0.34033     -0.02151
     25.00000    -90.00000     25.09906     -0.33715     -0.05111
     30.00000    -90.00000     25.09906     -0.33141     -0.08031
     35.00000    -90.00000     25.09906     -0.32314     -0.10891
     40.00000    -90.00000     25.09906     -0.31242     -0.13667
     45.00000    -90.00000     25.09906     -0.29932     -0.16340
     50.00000    -90.00000     25.09906     -0.28394     -0.18888
     55.00000    -90.00000     25.09906     -0.26639     -0.21292
     60.00000    -90.00000     25.09906     -0.24682     -0.23535
     65.00000    -90.00000     25.09906     -0.22538     -0.25598
     70.00000    -90.00000     25.09906     -0.20221     -0.27466
     75.00000    -90.00000     25.09906     -0.17751     -0.29126
     80.00000    -90.00000     25.09906     -0.15146     -0.30564
     85.00000    -90.00000     25.09906     -0.12425     -0.31769
     90.00000    -90.00000     25.09906     -0.09610     -0.32732
     95.00000    -90.00000     25.09906     -0.06722     -0.33447
    100.00000    -90.00000     25.09905     -0.03783     -0.33906
    105.00000    -90.00000     25.09905     -0.00815     -0.34108
    110.00000    -90.00000     25.09905      0.02160     -0.34050
    115.00000    -90.00000     25.09905      0.05118     -0.33733
    120.00000    -90.00000     25.09905      0.08037     -0.33159
    125.00000    -90.00000     25.09905      0.10895     -0.32333
    130.00000    -90.00000     25.09905      0.13670     -0.31261
    135.00000    -90.00000     25.09905      0.16341     -0.29951
    140.00000    -90.00000     25.09905      0.18887     -0.28413
    145.00000    -90.00000     25.09905      0.21290     -0.26659
    150.00000    -90.00000     25.09905      0.23531     -0.24702
    155.00000    -90.00000     25.09905      0.25592     -0.22556
    160.00000    -90.00000     25.09906      0.27459     -0.20240
    165.00000    -90.00000     25.09906      0.29117     -0.17769
    170.00000    -90.00000     25.09906      0.30554     -0.15163
    175.00000    -90.00000     25.09906      0.31757     -0.12441
    180.00000    -90.00000     25.09906      0.32720     -0.09625
    185.00000    -90.00000     25.09906      0.33433     -0.06736
    190.00000    -90.00000     25.09906      0.33891     -0.03795
    195.00000    -90.00000     25.09906      0.34092     -0.00826
    200.00000    -90.00000     25.09906      0.34033      0.02150
    205.00000    -90.00000     25.09906      0.33716      0.05110
    210.00000    -90.00000     25.09906      0.33141      0.08030
    215.00000    -90.00000     25.09906      0.32315      0.10890
    220.00000    -90.00000     25.09906      0.31242      0.13666
    225.00000    -90.00000     25.09906      0.29932      0.16339
    230.00000    -90.00000     25.09906      0.28394      0.18887
    235.00000    -90.00000     25.09906      0.26640      0.21291
    240.00000    -90.00000     25.09906      0.24683      0.23534
    245.00000    -90.00000     25.09907      0.22538      0.25597
    250.00000    -90.00000     25.09907      0.20222      0.27465
    255.00000    -90.00000     25.09907      0.17752      0.29125
    260.00000    -90.00000     25.09907      0.15146      0.30563
    265.00000    -90.00000     25.09907      0.12426      0.31768
    270.00000    -90.00000     25.09907      0.09611      0.32731
    275.00000    -90.00000     25.09907      0.06723      0.33445
    280.00000    -90.00000     25.09907      0.03783      0.33905
    285.00000    -90.00000     25.09907      0.00815      0.34107
    290.00000    -90.00000     25.09907     -0.02159      0.34049
    295.00000    -90.00000     25.09907     -0.05117      0.33732
    300.00000    -90.00000     25.09907     -0.08036      0.33158
    305.00000    -90.00000     25.09907     -0.10894      0.32332
    310.00000    -90.00000     25.09907     -0.13669      0.31260
    315.00000    -90.00000     25.09907     -0.16340      0.29950
    320.00000    -90.00000     25.09907     -0.18887      0.28412
    325.00000    -90.00000     25.09907     -0.21289      0.26658
    330.00000    -90.00000     25.09907     -0.23530      0.24700
    335.00000    -90.00000     25.09907     -0.25592      0.22555
    340.00000    -90.00000     25.09907     -0.27459      0.20239
    345.00000    -90.00000     25.09907     -0.29117      0.17768
    350.00000    -90.00000     25.09907     -0.30553      0.15162
    355.00000    -90.00000     25.09907     -0.31757      0.12440
    360.00000    -90.00000     25.09907     -0.32719      0.09624
      0.00000    -85.00000     25.43041     -0.08304     -0.36796
      5.00000    -85.00000     25.38514     -0.09197     -0.39121
     10.00000    -85.00000     25.33681     -0.09957     -0.41562
     15.00000    -85.00000     25.28574     -0.10567     -0.44117
     20.00000    -85.00000     25.23228     -0.11007     -0.46780
     25.00000    -85.00000     25.17681     -0.11259     -0.49543
     30.00000    -85.00000     25.11972     -0.11301     -0.52391
     35.00000    -85.00000     25.06143     -0.11115     -0.55305
     40.00000    -85.00000     25.00238     -0.10682     -0.58261
     45.00000    -85.00000     24.94302     -0.09989     -0.61231
     50.00000    -85.00000     24.88381     -0.09025     -0.64184
     55.00000    -85.00000     24.82522     -0.07784     -0.67086
     60.00000    -85.00000     24.76772     -0.06267     -0.69901
     65.00000    -85.00000     24.71177     -0.04478     -0.72594
     70.00000    -85.00000     24.65783     -0.02426     -0.75128
     75.00000    -85.00000     24.60636     -0.00128     -0.77470
     80.00000    -85.00000     24.55777      0.02399     -0.79590
     85.00000    -85.00000     24.51249      0.05130     -0.81459
     90.00000    -85.00000     24.47088      0.08040     -0.83054
     95.00000    -85.00000     24.43330      0.11100     -0.84352
    100.00000    -85.00000     24.40007      0.14281     -0.85339
    105.00000    -85.00000     24.37148      0.17550     -0.86000
    110.00000    -85.00000     24.34776      0.20877     -0.86327
    115.00000    -85.00000     24.32912      0.24229     -0.86313
    120.00000    -85.00000     24.31573      0.27574     -0.85957
    125.00000    -85.00000     24.30769      0.30880     -0.85257
    130.00000    -85.00000     24.30509      0.34114     -0.84219
    135.00000    -85.00000     24.30794      0.37244     -0.82848
    140.00000    -85.00000     24.31623      0.40239     -0.81154
    145.00000    -85.00000     24.32989      0.43067     -0.79150
    150.00000    -85.00000     24.34880      0.45698     -0.76854
    155.00000    -85.00000     24.37280      0.48102     -0.74284
    160.00000    -85.00000     24.40171      0.50253     -0.71466
    165.00000    -85.00000     24.43526      0.52124     -0.68427
    170.00000    -85.00000     24.47318      0.53695     -0.65198
    175.00000    -85.00000     24.51514      0.54945     -0.61813
    180.00000    -85.00000     24.56080      0.55862     -0.58309
    185.00000    -85.00000     24.60976      0.56433     -0.54725
    190.00000    -85.00000     24.66161      0.56655     -0.51102
    195.00000    -85.00000     24.71592      0.56527     -0.47480
    200.00000    -85.00000     24.77225      0.56053     -0.43902
    205.00000    -85.00000     24.83011      0.55245     -0.40406
    210.00000    -85.00000     24.88905      0.54116     -0.37031
    215.00000    -85.00000     24.94859      0.52687     -0.33813
    220.00000    -85.00000     25.00824      0.50981     -0.30784
    225.00000    -85.00000     25.06756      0.49026     -0.27972
    230.00000    -85.00000     25.12607      0.46852     -0.25403
    235.00000    -85.00000     25.18333      0.44492     -0.23093
    240.00000    -85.00000     25.23892      0.41979     -0.21059
    245.00000    -85.00000     25.29243      0.39348     -0.19308
    250.00000    -85.00000     25.34348      0.36631     -0.17844
    255.00000    -85.00000     25.39171      0.33861     -0.16666
    260.00000    -85.00000     25.43679      0.31067     -0.15769
    265.00000    -85.00000     25.47842      0.28278     -0.15145
    270.00000    -85.00000     25.51632      0.25518     -0.14781
    275.00000    -85.00000     25.55026      0.22809     -0.14664
    280.00000    -85.00000     25.58003      0.20167     -0.14778
    285.00000    -85.00000     25.60544      0.17608     -0.15105
    290.00000    -85.00000     25.62635      0.15144     -0.15629
    295.00000    -85.00000     25.64263      0.12781     -0.16334
    300.00000    -85.00000     25.65419      0.10527     -0.17202
    305.00000    -85.00000     25.66097      0.08383     -0.18218
    310.00000    -85.00000     25.66294      0.06351     -0.19369
    315.00000    -85.00000     25.66009      0.04429     -0.20644
    320.00000    -85.00000     25.65244      0.02616     -0.22031
    325.00000    -85.00000     25.64005      0.00906     -0.23525
    330.00000    -85.00000     25.62299     -0.00702     -0.25119
    335.00000    -85.00000     25.60137     -0.02212     -0.26811
    340.00000    -85.00000     25.57532     -0.03627     -0.28601
    345.00000    -85.00000     25.54500     -0.04947     -0.30492
    350.00000    -85.00000     25.51059     -0.06169     -0.32485
    355.00000    -85.00000     25.47232     -0.07291     -0.34585
    360.00000    -85.00000     25.43041     -0.08304     -0.36796
      0.00000    -80.00000     25.55623      0.18626     -0.86242
      5.00000    -80.00000     25.46961      0.17523     -0.87915
     10.00000    -80.00000     25.37648      0.16347     -0.89838
     15.00000    -80.00000     25.27732      0.15140     -0.92054
     20.00000    -80.00000     25.17271      0.13959     -0.94595
     25.00000    -80.00000     25.06329      0.12871     -0.97478
     30.00000    -80.00000     24.94980      0.11948     -1.00696
     35.00000    -80.00000     24.83307      0.11266     -1.04225
     40.00000    -80.00000     24.71397      0.10891     -1.08016
     45.00000    -80.00000     24.59349      0.10882     -1.12004
     50.00000    -80.00000     24.47261      0.11279     -1.16112
     55.00000    -80.00000     24.35240      0.12107     -1.20251
     60.00000    -80.00000     24.23393      0.13371     -1.24331
     65.00000    -80.00000     24.11826      0.15058     -1.28263
     70.00000    -80.00000     24.00646      0.17138     -1.31966
     75.00000    -80.00000     23.89954      0.19570     -1.35371
     80.00000    -80.00000     23.79847      0.22302     -1.38423
     85.00000    -80.00000     23.70416      0.25278     -1.41081
     90.00000    -80.00000     23.61745      0.28443     -1.43320
     95.00000    -80.00000     23.53909      0.31741     -1.45129
    100.00000    -80.00000     23.46977      0.35126     -1.46507
    105.00000    -80.00000     23.41007      0.38558     -1.47462
    110.00000    -80.00000     23.36050      0.42004     -1.48005
    115.00000    -80.00000     23.32149      0.45441     -1.48148
    120.00000    -80.00000     23.29335      0.48851     -1.47903
    125.00000    -80.00000     23.27634      0.52217     -1.47274
    130.00000    -80.00000     23.27063      0.55526     -1.46264
    135.00000    -80.00000     23.27628      0.58758     -1.44869
    140.00000    -80.00000     23.29328      0.61890     -1.43084
    145.00000    -80.00000     23.32151      0.64892     -1.40903
    150.00000    -80.00000     23.36075      0.67727     -1.38327
    155.00000    -80.00000     23.41069      0.70351     -1.35359
    160.00000    -80.00000     23.47091      0.72720     -1.32015
    165.00000    -80.00000     23.54089      0.74787     -1.28320
    170.00000    -80.00000     23.62002      0.76508     -1.24311
    175.00000    -80.00000     23.70758      0.77846     -1.20033
    180.00000    -80.00000     23.80279      0.78768     -1.15540
    185.00000    -80.00000     23.90477      0.79253     -1.10895
    190.00000    -80.00000     24.01261      0.79287     -1.06162
    195.00000    -80.00000     24.12530      0.78865     -1.01411
    200.00000    -80.00000     24.24183      0.77991     -0.96712
    205.00000    -80.00000     24.36116      0.76679     -0.92136
    210.00000    -80.00000     24.48221      0.74952     -0.87752
    215.00000    -80.00000     24.60393      0.72842     -0.83626
    220.00000    -80.00000     24.72529      0.70391     -0.79820
    225.00000    -80.00000     24.84527      0.67650     -0.76385
    230.00000    -80.00000     24.96290      0.64678     -0.73365
    235.00000    -80.00000     25.07727      0.61539     -0.70791
    240.00000    -80.00000     25.18754      0.58301     -0.68677
    245.00000    -80.00000     25.29292      0.55031     -0.67027
    250.00000    -80.00000     25.39271      0.51792     -0.65827
    255.00000    -80.00000     25.48628      0.48638     -0.65054
    260.00000    -80.00000     25.57309      0.45618     -0.64675
    265.00000    -80.00000     25.65265      0.42767     -0.64647
    270.00000    -80.00000     25.72457      0.40111     -0.64928
    275.00000    -80.00000     25.78849      0.37665     -0.65473
    280.00000    -80.00000     25.84414      0.35437     -0.66239
    285.00000    -80.00000     25.89130      0.33428     -0.67183
    290.00000    -80.00000     25.92980      0.31632     -0.68269
    295.00000    -80.00000     25.95950      0.30043     -0.69462
    300.00000    -80.00000     25.98033      0.28648     -0.70731
    305.00000    -80.00000     25.99225      0.27434     -0.72047
    310.00000    -80.00000     25.99525      0.26382     -0.73383
    315.00000    -80.00000     25.98938      0.25472     -0.74719
    320.00000    -80.00000     25.97468      0.24679     -0.76035
    325.00000    -80.00000     25.95126      0.23973     -0.77320
    330.00000    -80.00000     25.91923      0.23320     -0.78568
    335.00000    -80.00000     25.87873      0.22684     -0.79782
    340.00000    -80.00000     25.82994      0.22028     -0.80979
    345.00000    -80.00000     25.77304      0.21317     -0.82182
    350.00000    -80.00000     25.70828      0.20524     -0.83428
    355.00000    -80.00000     25.63591      0.19629     -0.84764
    360.00000    -80.00000     25.55623      0.18626     -0.86242
      0.00000    -75.00000     25.46873      0.49716     -1.42316
      5.00000    -75.00000     25.34553      0.48393     -1.43052
     10.00000    -75.00000     25.21171      0.46636     -1.44258
     15.00000    -75.00000     25.06767      0.44528     -1.46079
     20.00000    -75.00000     24.91396      0.42195     -1.48628
     25.00000    -75.00000     24.75136      0.39796     -1.51977
     30.00000    -75.00000     24.58086      0.37513     -1.56142
     35.00000    -75.00000     24.40370      0.35532     -1.61078
     40.00000    -75.00000     24.22131      0.34022     -1.66685
     45.00000    -75.00000     24.03535      0.33124     -1.72809
     50.00000    -75.00000     23.84761      0.32932     -1.79261
     55.00000    -75.00000     23.66002      0.33493     -1.85829
     60.00000    -75.00000     23.47454      0.34801     -1.92298
     65.00000    -75.00000     23.29315      0.36802     -1.98468
     70.00000    -75.00000     23.11776      0.39405     -2.04163
     75.00000    -75.00000     22.95016      0.42491     -2.09249
     80.00000    -75.00000     22.79204      0.45926     -2.13630
     85.00000    -75.00000     22.64487      0.49573     -2.17259
     90.00000    -75.00000     22.50995      0.53302     -2.20130
     95.00000    -75.00000     22.38841      0.57001     -2.22279
    100.00000    -75.00000     22.28116      0.60584     -2.23767
    105.00000    -75.00000     22.18898      0.63999     -2.24679
    110.00000    -75.00000     22.11250      0.67226     -2.25104
    115.00000    -75.00000     22.05223      0.70279     -2.25124
    120.00000    -75.00000     22.00860      0.73199     -2.24801
    125.00000    -75.00000     21.98195      0.76042     -2.24169
    130.00000    -75.00000     21.97256      0.78867     -2.23227
    135.00000    -75.00000     21.98060      0.81718     -2.21938
    140.00000    -75.00000     22.00616      0.84615     -2.20246
    145.00000    -75.00000     22.04920      0.87545     -2.18078
    150.00000    -75.00000     22.10951      0.90458     -2.15366
    155.00000    -75.00000     22.18673      0.93277     -2.12059
    160.00000    -75.00000     22.28028      0.95906     -2.08133
    165.00000    -75.00000     22.38941      0.98245     -2.03597
    170.00000    -75.00000     22.51316      1.00199     -1.98495
    175.00000    -75.00000     22.65037      1.01694     -1.92895
    180.00000    -75.00000     22.79974      1.02676     -1.86886
    185.00000    -75.00000     22.95981      1.03111     -1.80569
    190.00000    -75.00000     23.12899      1.02982     -1.74047
    195.00000    -75.00000     23.30562      1.02284     -1.67429
    200.00000    -75.00000     23.48793      1.01017     -1.60823
    205.00000    -75.00000     23.67412      0.99187     -1.54343
    210.00000    -75.00000     23.86237      0.96810     -1.48107
    215.00000    -75.00000     24.05085      0.93915     -1.42237
    220.00000    -75.00000     24.23778      0.90552     -1.36854
    225.00000    -75.00000     24.42147      0.86794     -1.32071
    230.00000    -75.00000     24.60030      0.82742     -1.27980
    235.00000    -75.00000     24.77283      0.78515     -1.24649
    240.00000    -75.00000     24.93776      0.74247     -1.22107
    245.00000    -75.00000     25.09396      0.70069     -1.20349
    250.00000    -75.00000     25.24049      0.66103     -1.19332
    255.00000    -75.00000     25.37658      0.62448     -1.18984
    260.00000    -75.00000     25.50162      0.59173     -1.19215
    265.00000    -75.00000     25.61514      0.56317     -1.19923
    270.00000    -75.00000     25.71678      0.53892     -1.21009
    275.00000    -75.00000     25.80629      0.51887     -1.22380
    280.00000    -75.00000     25.88349      0.50275     -1.23957
    285.00000    -75.00000     25.94826      0.49025     -1.25674
    290.00000    -75.00000     26.00055      0.48103     -1.27475
    295.00000    -75.00000     26.04034      0.47481     -1.29314
    300.00000    -75.00000     26.06766      0.47133     -1.31151
    305.00000    -75.00000     26.08258      0.47041     -1.32945
    310.00000    -75.00000     26.08521      0.47183     -1.34655
    315.00000    -75.00000     26.07569      0.47534     -1.36236
    320.00000    -75.00000     26.05418      0.48060     -1.37647
    325.00000    -75.00000     26.02087      0.48710     -1.38851
    330.00000    -75.00000     25.97592      0.49416     -1.39821
    335.00000    -75.00000     25.91948      0.50094     -1.40551
    340.00000    -75.00000     25.85169      0.50647     -1.41058
    345.00000    -75.00000     25.77264      0.50972     -1.41392
    350.00000    -75.00000     25.68241      0.50974     -1.41633
    355.00000    -75.00000     25.58108      0.50572     -1.41895
    360.00000    -75.00000     25.46873      0.49716     -1.42316
      0.00000    -70.00000     25.15441      0.86774     -2.06189
      5.00000    -70.00000     25.00082      0.85298     -2.05571
     10.00000    -70.00000     24.83162      0.82845     -2.05721
     15.00000    -70.00000     24.64666      0.79539     -2.06946
     20.00000    -70.00000     24.44608      0.75603     -2.09501
     25.00000    -70.00000     24.23051      0.71339     -2.13565
     30.00000    -70.00000     24.00106      0.67103     -2.19204
     35.00000    -70.00000     23.75939      0.63263     -2.26364
     40.00000    -70.00000     23.50768      0.60165     -2.34864
     45.00000    -70.00000     23.24858      0.58088     -2.44410
     50.00000    -70.00000     22.98511      0.57220     -2.54625
     55.00000    -70.00000     22.72058      0.57636     -2.65087
     60.00000    -70.00000     22.45842      0.59304     -2.75367
     65.00000    -70.00000     22.20202      0.62094     -2.85066
     70.00000    -70.00000     21.95465      0.65803     -2.93849
     75.00000    -70.00000     21.71926      0.70176     -3.01463
     80.00000    -70.00000     21.49846      0.74939     -3.07750
     85.00000    -70.00000     21.29439      0.79811     -3.12647
     90.00000    -70.00000     21.10873      0.84537     -3.16188
     95.00000    -70.00000     20.94274      0.88895     -3.18491
    100.00000    -70.00000     20.79728      0.92723     -3.19740
    105.00000    -70.00000     20.67291      0.95932     -3.20169
    110.00000    -70.00000     20.56998      0.98521     -3.20028
    115.00000    -70.00000     20.48879      1.00572     -3.19547
    120.00000    -70.00000     20.42961      1.02249     -3.18906
    125.00000    -70.00000     20.39278      1.03763     -3.18203
    130.00000    -70.00000     20.37873      1.05339     -3.17438
    135.00000    -70.00000     20.38791      1.07170     -3.16516
    140.00000    -70.00000     20.42079      1.09379     -3.15261
    145.00000    -70.00000     20.47771      1.11991     -3.13458
    150.00000    -70.00000     20.55880      1.14928     -3.10889
    155.00000    -70.00000     20.66389      1.18029     -3.07379
    160.00000    -70.00000     20.79242      1.21079     -3.02822
    165.00000    -70.00000     20.94348      1.23855     -2.97200
    170.00000    -70.00000     21.11574      1.26164     -2.90573
    175.00000    -70.00000     21.30754      1.27868     -2.83065
    180.00000    -70.00000     21.51692      1.28897     -2.74835
    185.00000    -70.00000     21.74168      1.29230     -2.66054
    190.00000    -70.00000     21.97942      1.28879     -2.56889
    195.00000    -70.00000     22.22760      1.27861     -2.47496
    200.00000    -70.00000     22.48353      1.26180     -2.38031
    205.00000    -70.00000     22.74442      1.23819     -2.28658
    210.00000    -70.00000     23.00743      1.20757     -2.19560
    215.00000    -70.00000     23.26971      1.16984     -2.10945
    220.00000    -70.00000     23.52844      1.12529     -2.03034
    225.00000    -70.00000     23.78097      1.07479     -1.96045
    230.00000    -70.00000     24.02485      1.01991     -1.90164
    235.00000    -70.00000     24.25794      0.96275     -1.85524
    240.00000    -70.00000     24.47842      0.90581     -1.82183
    245.00000    -70.00000     24.68487      0.85159     -1.80117
    250.00000    -70.00000     24.87625      0.80229     -1.79228
    255.00000    -70.00000     25.05184      0.75958     -1.79362
    260.00000    -70.00000     25.21122      0.72442     -1.80331
    265.00000    -70.00000     25.35419      0.69708     -1.81941
    270.00000    -70.00000     25.48073      0.67725     -1.84010
    275.00000    -70.00000     25.59090      0.66420     -1.86386
    280.00000    -70.00000     25.68482      0.65702     -1.88947
    285.00000    -70.00000     25.76264      0.65478     -1.91605
    290.00000    -70.00000     25.82453      0.65670     -1.94296
    295.00000    -70.00000     25.87064      0.66223     -1.96971
    300.00000    -70.00000     25.90118      0.67107     -1.99585
    305.00000    -70.00000     25.91640      0.68313     -2.02087
    310.00000    -70.00000     25.91659      0.69843     -2.04414
    315.00000    -70.00000     25.90210      0.71694     -2.06489
    320.00000    -70.00000     25.87334      0.73843     -2.08222
    325.00000    -70.00000     25.83070      0.76233     -2.09526
    330.00000    -70.00000     25.77451      0.78758     -2.10326
    335.00000    -70.00000     25.70503      0.81272     -2.10580
    340.00000    -70.00000     25.62233      0.83585     -2.10295
    345.00000    -70.00000     25.52628      0.85488     -2.09542
    350.00000    -70.00000     25.41660      0.86769     -2.08460
    355.00000    -70.00000     25.29283      0.87243     -2.07254
    360.00000    -70.00000     25.15441      0.86774     -2.06189
      0.00000    -65.00000     24.60026      1.31124     -2.75891
      5.00000    -65.00000     24.42435      1.29706     -2.73481
     10.00000    -65.00000     24.22677      1.26613     -2.72170
     15.00000    -65.00000     24.00611      1.22002     -2.72472
     20.00000    -65.00000     23.76160      1.16188     -2.74841
     25.00000    -65.00000     23.49325      1.09635     -2.79619
     30.00000    -65.00000     23.20207      1.02912     -2.86978
     35.00000    -65.00000     22.89011      0.96640     -2.96889
     40.00000    -65.00000     22.56045      0.91415     -3.09101
     45.00000    -65.00000     22.21718      0.87737     -3.23158
     50.00000    -65.00000     21.86517      0.85945     -3.38440
     55.00000    -65.00000     21.50987      0.86184     -3.54223
     60.00000    -65.00000     21.15703      0.88398     -3.69762
     65.00000    -65.00000     20.81239      0.92355     -3.84357
     70.00000    -65.00000     20.48131      0.97691     -3.97419
     75.00000    -65.00000     20.16856      1.03956     -4.08508
     80.00000    -65.00000     19.87807      1.10665     -4.17358
     85.00000    -65.00000     19.61275      1.17333     -4.23883
     90.00000    -65.00000     19.37451      1.23505     -4.28173
     95.00000    -65.00000     19.16428      1.28793     -4.30475
    100.00000    -65.00000     18.98223      1.32907     -4.31170
    105.00000    -65.00000     18.82797      1.35692     -4.30721
    110.00000    -65.00000     18.70086      1.37158     -4.29628
    115.00000    -65.00000     18.60032      1.37498     -4.28351
    120.00000    -65.00000     18.52608      1.37065     -4.27246
    125.00000    -65.00000     18.47832      1.36327     -4.26508
    130.00000    -65.00000     18.45773      1.35787     -4.26135
    135.00000    -65.00000     18.46543      1.35888     -4.25932
    140.00000    -65.00000     18.50275      1.36925     -4.25550
    145.00000    -65.00000     18.57102      1.38986     -4.24546
    150.00000    -65.00000     18.67122      1.41940     -4.22477
    155.00000    -65.00000     18.80381      1.45472     -4.18975
    160.00000    -65.00000     18.96855      1.49160     -4.13809
    165.00000    -65.00000     19.16443      1.52571     -4.06913
    170.00000    -65.00000     19.38973      1.55350     -3.98376
    175.00000    -65.00000     19.64214      1.57272     -3.88401
    180.00000    -65.00000     19.91887      1.58257     -3.77253
    185.00000    -65.00000     20.21675      1.58338     -3.65209
    190.00000    -65.00000     20.53237      1.57601     -3.52526
    195.00000    -65.00000     20.86208      1.56122     -3.39438
    200.00000    -65.00000     21.20201      1.53923     -3.26164
    205.00000    -65.00000     21.54811      1.50957     -3.12939
    210.00000    -65.00000     21.89615      1.47133     -3.00036
    215.00000    -65.00000     22.24187      1.42366     -2.87774
    220.00000    -65.00000     22.58102      1.36634     -2.76507
    225.00000    -65.00000     22.90962      1.30029     -2.66588
    230.00000    -65.00000     23.22405      1.22775     -2.58324
    235.00000    -65.00000     23.52130      1.15216     -2.51929
    240.00000    -65.00000     23.79899      1.07765     -2.47486
    245.00000    -65.00000     24.05546      1.00840     -2.44942
    250.00000    -65.00000     24.28977      0.94801     -2.44117
    255.00000    -65.00000     24.50155      0.89896     -2.44742
    260.00000    -65.00000     24.69093      0.86244     -2.46506
    265.00000    -65.00000     24.85834      0.83837     -2.49099
    270.00000    -65.00000     25.00443      0.82571     -2.52245
    275.00000    -65.00000     25.12989      0.82280     -2.55722
    280.00000    -65.00000     25.23538      0.82777     -2.59367
    285.00000    -65.00000     25.32145      0.83881     -2.63071
    290.00000    -65.00000     25.38854      0.85449     -2.66765
    295.00000    -65.00000     25.43701      0.87388     -2.70407
    300.00000    -65.00000     25.46721      0.89668     -2.73961
    305.00000    -65.00000     25.47952      0.92309     -2.77374
    310.00000    -65.00000     25.47449      0.95370     -2.80560
    315.00000    -65.00000     25.45282      0.98913     -2.83392
    320.00000    -65.00000     25.41536      1.02965     -2.85709
    325.00000    -65.00000     25.36301      1.07477     -2.87330
    330.00000    -65.00000     25.29660      1.12309     -2.88094
    335.00000    -65.00000     25.21666      1.17221     -2.87897
    340.00000    -65.00000     25.12333      1.21893     -2.86722
    345.00000    -65.00000     25.01622      1.25962     -2.84664
    350.00000    -65.00000     24.89435      1.29060     -2.81939
    355.00000    -65.00000     24.75629      1.30863     -2.78873
    360.00000    -65.00000     24.60026      1.31124     -2.75891
      0.00000    -60.00000     23.80174      1.83154     -3.46640
      5.00000    -60.00000     23.61364      1.82137     -3.42029
     10.00000    -60.00000     23.39657      1.78677     -3.38854
     15.00000    -60.00000     23.14709      1.72933     -3.37857
     20.00000    -60.00000     22.86275      1.65276     -3.39718
     25.00000    -60.00000     22.54245      1.56293     -3.44983
     30.00000    -60.00000     22.18670      1.46760     -3.53990
     35.00000    -60.00000     21.79780      1.37574     -3.66794
     40.00000    -60.00000     21.37987      1.29649     -3.83126
     45.00000    -60.00000     20.93880      1.23799     -4.02386
     50.00000    -60.00000     20.48201      1.20618     -4.23690
     55.00000    -60.00000     20.01811      1.20401     -4.45953
     60.00000    -60.00000     19.55636      1.23118     -4.68009
     65.00000    -60.00000     19.10609      1.28438     -4.88735
     70.00000    -60.00000     18.67606      1.35794     -5.07164
     75.00000    -60.00000     18.27382      1.44471     -5.22572
     80.00000    -60.00000     17.90525      1.53683     -5.34526
     85.00000    -60.00000     17.57423      1.62641     -5.42910
     90.00000    -60.00000     17.28256      1.70610     -5.47913
     95.00000    -60.00000     17.03012      1.76963     -5.49996
    100.00000    -60.00000     16.81529      1.81242     -5.49836
    105.00000    -60.00000     16.63554      1.83221     -5.48236
    110.00000    -60.00000     16.48810      1.82959     -5.46022
    115.00000    -60.00000     16.37064      1.80816     -5.43929
    120.00000    -60.00000     16.28180      1.77426     -5.42493
    125.00000    -60.00000     16.22153      1.73605     -5.41978
    130.00000    -60.00000     16.19109      1.70216     -5.42338
    135.00000    -60.00000     16.19286      1.68013     -5.43234
    140.00000    -60.00000     16.22986      1.67495     -5.44097
    145.00000    -60.00000     16.30520      1.68811     -5.44235
    150.00000    -60.00000     16.42144      1.71744     -5.42954
    155.00000    -60.00000     16.58019      1.75771     -5.39678
    160.00000    -60.00000     16.78179      1.80203     -5.34030
    165.00000    -60.00000     17.02528      1.84341     -5.25878
    170.00000    -60.00000     17.30848      1.87628     -5.15312
    175.00000    -60.00000     17.62828      1.89737     -5.02597
    180.00000    -60.00000     17.98083      1.90584     -4.88092
    185.00000    -60.00000     18.36183      1.90267     -4.72189
    190.00000    -60.00000     18.76657      1.88964     -4.55265
    195.00000    -60.00000     19.19001      1.86830     -4.37672
    200.00000    -60.00000     19.62676      1.83913     -4.19754
    205.00000    -60.00000     20.07104      1.80142     -4.01870
    210.00000    -60.00000     20.51680      1.75360     -3.84427
    215.00000    -60.00000     20.95780      1.69403     -3.67879
    220.00000    -60.00000     21.38790      1.62196     -3.52719
    225.00000    -60.00000     21.80133      1.53838     -3.39430
    230.00000    -60.00000     22.19301      1.44629     -3.28428
    235.00000    -60.00000     22.55884      1.35059     -3.19995
    240.00000    -60.00000     22.89587      1.25729     -3.14233
    245.00000    -60.00000     23.20234      1.17246     -3.11048
    250.00000    -60.00000     23.47763      1.10118     -3.10173
    255.00000    -60.00000     23.72208      1.04681     -3.11220
    260.00000    -60.00000     23.93678      1.01070     -3.13746
    265.00000    -60.00000     24.12323      0.99236     -3.17318
    270.00000    -60.00000     24.28318      0.98990     -3.21555
    275.00000    -60.00000     24.41832      1.00059     -3.26153
    280.00000    -60.00000     24.53011      1.02137     -3.30891
    285.00000    -60.00000     24.61969      1.04926     -3.35631
    290.00000    -60.00000     24.68780      1.08176     -3.40304
    295.00000    -60.00000     24.73490      1.11724     -3.44893
    300.00000    -60.00000     24.76126      1.15522     -3.49402
    305.00000    -60.00000     24.76729      1.19644     -3.53809
    310.00000    -60.00000     24.75370      1.24259     -3.58026
    315.00000    -60.00000     24.72167      1.29567     -3.61869
    320.00000    -60.00000     24.67285      1.35710     -3.65063
    325.00000    -60.00000     24.60916      1.42691     -3.67279
    330.00000    -60.00000     24.53245      1.50322     -3.68207
    335.00000    -60.00000     24.44406      1.58224     -3.67629
    340.00000    -60.00000     24.34444      1.65881     -3.65488
    345.00000    -60.00000     24.23285      1.72714     -3.61917
    350.00000    -60.00000     24.10736      1.78166     -3.57240
    355.00000    -60.00000     23.96493      1.81763     -3.51943
    360.00000    -60.00000     23.80174      1.83154     -3.46640
      0.00000    -55.00000     22.76814      2.42355     -4.12666
      5.00000    -55.00000     22.58002      2.42144     -4.05422
     10.00000    -55.00000     22.35429      2.38718     -3.99973
     15.00000    -55.00000     22.08451      2.32210     -3.97306
     20.00000    -55.00000     21.76579      2.22991     -3.98336
     25.00000    -55.00000     21.39532      2.11707     -4.03828
     30.00000    -55.00000     20.97269      1.99279     -4.14299
     35.00000    -55.00000     20.50020      1.86860     -4.29929
     40.00000    -55.00000     19.98298      1.75714     -4.50481
     45.00000    -55.00000     19.42900      1.67053     -4.75263
     50.00000    -55.00000     18.84890      1.61851     -5.03149
     55.00000    -55.00000     18.25551      1.60687     -5.32668
     60.00000    -55.00000     17.66307      1.63655     -5.62161
     65.00000    -55.00000     17.08625      1.70364     -5.89964
     70.00000    -55.00000     16.53890      1.80025     -6.14598
     75.00000    -55.00000     16.03285      1.91570     -6.34932
     80.00000    -55.00000     15.57692      2.03789     -6.50290
     85.00000    -55.00000     15.17619      2.15450     -6.60511
     90.00000    -55.00000     14.83183      2.25411     -6.65947
     95.00000    -55.00000     14.54150      2.32725     -6.67401
    100.00000    -55.00000     14.30016      2.36751     -6.65996
    105.00000    -55.00000     14.10137      2.37249     -6.63013
    110.00000    -55.00000     13.93866      2.34431     -6.59689
    115.00000    -55.00000     13.80686      2.28962     -6.57038
    120.00000    -55.00000     13.70307      2.21871     -6.55712
    125.00000    -55.00000     13.62712      2.14394     -6.55937
    130.00000    -55.00000     13.58154      2.07770     -6.57513
    135.00000    -55.00000     13.57094      2.03029     -6.59885
    140.00000    -55.00000     13.60107      2.00813     -6.62249
    145.00000    -55.00000     13.67775      2.01269     -6.63695
    150.00000    -55.00000     13.80585      2.04052     -6.63339
    155.00000    -55.00000     13.98858      2.08420     -6.60448
    160.00000    -55.00000     14.22706      2.13425     -6.54527
    165.00000    -55.00000     14.52042      2.18132     -6.45356
    170.00000    -55.00000     14.86601      2.21812     -6.32978
    175.00000    -55.00000     15.25984      2.24046     -6.17642
    180.00000    -55.00000     15.69700      2.24736     -5.99735
    185.00000    -55.00000     16.17188      2.24009     -5.79721
    190.00000    -55.00000     16.67828      2.22087     -5.58103
    195.00000    -55.00000     17.20937      2.19158     -5.35412
    200.00000    -55.00000     17.75769      2.15287     -5.12199
    205.00000    -55.00000     18.31513      2.10400     -4.89041
    210.00000    -55.00000     18.87310      2.04328     -4.66542
    215.00000    -55.00000     19.42276      1.96888     -4.45318
    220.00000    -55.00000     19.95550      1.88001     -4.25985
    225.00000    -55.00000     20.46337      1.77788     -4.09119
    230.00000    -55.00000     20.93955      1.66622     -3.95203
    235.00000    -55.00000     21.37875      1.55112     -3.84562
    240.00000    -55.00000     21.77747      1.44019     -3.77312
    245.00000    -55.00000     22.13399      1.34118     -3.73331
    250.00000    -55.00000     22.44830      1.26059     -3.72280
    255.00000    -55.00000     22.72179      1.20265     -3.73662
    260.00000    -55.00000     22.95691      1.16897     -3.76906
    265.00000    -55.00000     23.15674      1.15878     -3.81444
    270.00000    -55.00000     23.32462      1.16955     -3.86771
    275.00000    -55.00000     23.46371      1.19755     -3.92472
    280.00000    -55.00000     23.57670      1.23839     -3.98241
    285.00000    -55.00000     23.66548      1.28746     -4.03894
    290.00000    -55.00000     23.73109      1.34050     -4.09369
    295.00000    -55.00000     23.77380      1.39446     -4.14710
    300.00000    -55.00000     23.79347      1.44834     -4.20016
    305.00000    -55.00000     23.79007      1.50358     -4.25357
    310.00000    -55.00000     23.76427      1.56378     -4.30682
    315.00000    -55.00000     23.71782      1.63345     -4.35754
    320.00000    -55.00000     23.65364      1.71627     -4.40145
    325.00000    -55.00000     23.57543      1.81337     -4.43303
    330.00000    -55.00000     23.48697      1.92233     -4.44684
    335.00000    -55.00000     23.39120      2.03731     -4.43891
    340.00000    -55.00000     23.28937      2.15020     -4.40786
    345.00000    -55.00000     23.18047      2.25227     -4.35543
    350.00000    -55.00000     23.06116      2.33564     -4.28622
    355.00000    -55.00000     22.92601      2.39415     -4.20714
    360.00000    -55.00000     22.76814      2.42355     -4.12666
      0.00000    -50.00000     21.52214      3.07662     -4.69296
      5.00000    -50.00000     21.34820      3.08675     -4.58911
     10.00000    -50.00000     21.12643      3.05665     -4.50724
     15.00000    -50.00000     20.84632      2.98741     -4.46027
     20.00000    -50.00000     20.49975      2.88260     -4.45990
     25.00000    -50.00000     20.08167      2.74891     -4.51569
     30.00000    -50.00000     19.59044      2.59649     -4.63420
     35.00000    -50.00000     19.02814      2.43878     -4.81812
     40.00000    -50.00000     18.40079      2.29169     -5.06544
     45.00000    -50.00000     17.71856      2.17171     -5.36871
     50.00000    -50.00000     16.99575      2.09341     -5.71480
     55.00000    -50.00000     16.25041      2.06678     -6.08550
     60.00000    -50.00000     15.50336      2.09528     -6.45915
     65.00000    -50.00000     14.77664      2.17525     -6.81309
     70.00000    -50.00000     14.09141      2.29663     -7.12637
     75.00000    -50.00000     13.46581      2.44453     -7.38239
     80.00000    -50.00000     12.91294      2.60124     -7.57097
     85.00000    -50.00000     12.43948      2.74830     -7.68970
     90.00000    -50.00000     12.04530      2.86858     -7.74411
     95.00000    -50.00000     11.72414      2.94840     -7.74680
    100.00000    -50.00000     11.46527      2.97943     -7.71518
    105.00000    -50.00000     11.25593      2.96010     -7.66843
    110.00000    -50.00000     11.08395      2.89592     -7.62404
    115.00000    -50.00000     10.94007      2.79863     -7.59506
    120.00000    -50.00000     10.81953      2.68409     -7.58838
    125.00000    -50.00000     10.72265      2.56953     -7.60445
    130.00000    -50.00000     10.65434      2.47067     -7.63827
    135.00000    -50.00000     10.62286      2.39926     -7.68110
    140.00000    -50.00000     10.63800      2.36151     -7.72231
    145.00000    -50.00000     10.70928      2.35759     -7.75102
    150.00000    -50.00000     10.84442      2.38211     -7.75734
    155.00000    -50.00000     11.04840      2.42566     -7.73330
    160.00000    -50.00000     11.32315      2.47702     -7.67333
    165.00000    -50.00000     11.66780      2.52555     -7.57449
    170.00000    -50.00000     12.07926      2.56325     -7.43632
    175.00000    -50.00000     12.55283      2.58560     -7.26040
    180.00000    -50.00000     13.08267      2.59135     -7.04998
    185.00000    -50.00000     13.66198      2.58134     -6.80975
    190.00000    -50.00000     14.28288      2.55710     -6.54574
    195.00000    -50.00000     14.93636      2.51981     -6.26527
    200.00000    -50.00000     15.61217      2.46980     -5.97668
    205.00000    -50.00000     16.29895      2.40659     -5.68877
    210.00000    -50.00000     16.98467      2.32919     -5.41022
    215.00000    -50.00000     17.65715      2.23672     -5.14915
    220.00000    -50.00000     18.30468      2.12917     -4.91282
    225.00000    -50.00000     18.91679      2.00830     -4.70757
    230.00000    -50.00000     19.48475      1.87834     -4.53856
    235.00000    -50.00000     20.00208      1.74604     -4.40930
    240.00000    -50.00000     20.46478      1.62002     -4.32112
    245.00000    -50.00000     20.87135      1.50931     -4.27265
    250.00000    -50.00000     21.22261      1.42168     -4.25993
    255.00000    -50.00000     21.52134      1.36228     -4.27692
    260.00000    -50.00000     21.77179      1.33319     -4.31652
    265.00000    -50.00000     21.97913      1.33364     -4.37153
    270.00000    -50.00000     22.14887      1.36071     -4.43541
    275.00000    -50.00000     22.28628      1.40989     -4.50268
    280.00000    -50.00000     22.39569      1.47533     -4.56925
    285.00000    -50.00000     22.48006      1.55022     -4.63277
    290.00000    -50.00000     22.54063      1.62770     -4.69287
    295.00000    -50.00000     22.57709      1.70245     -4.75099
    300.00000    -50.00000     22.58820      1.77245     -4.80963
    305.00000    -50.00000     22.57286      1.84003     -4.87094
    310.00000    -50.00000     22.53123      1.91153     -4.93517
    315.00000    -50.00000     22.46565      1.99526     -4.99953
    320.00000    -50.00000     22.38083      2.09843     -5.05801
    325.00000    -50.00000     22.28330      2.22405     -5.10238
    330.00000    -50.00000     22.18002      2.36926     -5.12414
    335.00000    -50.00000     22.07669      2.52556     -5.11677
    340.00000    -50.00000     21.97612      2.68099     -5.07752
    345.00000    -50.00000     21.87726      2.82302     -5.00811
    350.00000    -50.00000     21.77489      2.94097     -4.91444
    355.00000    -50.00000     21.66026      3.02713     -4.80562
    360.00000    -50.00000     21.52214      3.07662     -4.69296
      0.00000    -45.00000     20.09538      3.77705     -5.13670
      5.00000    -45.00000     19.95153      3.80362     -4.99642
     10.00000    -45.00000     19.74786      3.78026     -4.88255
     15.00000    -45.00000     19.46844      3.70825     -4.81211
     20.00000    -45.00000     19.10113      3.59186     -4.79968
     25.00000    -45.00000     18.63832      3.43861     -4.85623
     30.00000    -45.00000     18.07711      3.25948     -4.98864
     35.00000    -45.00000     17.41937      3.06919     -5.19950
     40.00000    -45.00000     16.67195      2.88600     -5.48670
     45.00000    -45.00000     15.84714      2.73037     -5.84244
     50.00000    -45.00000     14.96307      2.62198     -6.25241
     55.00000    -45.00000     14.04374      2.57590     -6.69571
     60.00000    -45.00000     13.11798      2.59933     -7.14629
     65.00000    -45.00000     12.21731      2.68988     -7.57565
     70.00000    -45.00000     11.37281      2.83587     -7.95636
     75.00000    -45.00000     10.61136      3.01809     -8.26576
     80.00000    -45.00000      9.95216      3.21232     -8.48927
     85.00000    -45.00000      9.40415      3.39239     -8.62284
     90.00000    -45.00000      8.96513      3.53372     -8.67385
     95.00000    -45.00000      8.62289      3.61704     -8.65997
    100.00000    -45.00000      8.35814      3.63178     -8.60590
    105.00000    -45.00000      8.14877      3.57812     -8.53847
    110.00000    -45.00000      7.97444      3.46691     -8.48146
    115.00000    -45.00000      7.82039      3.31727     -8.45131
    120.00000    -45.00000      7.67988      3.15260     -8.45501
    125.00000    -45.00000      7.55467      2.99588     -8.49032
    130.00000    -45.00000      7.45379      2.86569     -8.54803
    135.00000    -45.00000      7.39098      2.77363     -8.61510
    140.00000    -45.00000      7.38164      2.72368     -8.67764
    145.00000    -45.00000      7.43999      2.71289     -8.72295
    150.00000    -45.00000      7.57697      2.73306     -8.74052
    155.00000    -45.00000      7.79925      2.77289     -8.72232
    160.00000    -45.00000      8.10924      2.82032     -8.66282
    165.00000    -45.00000      8.50584      2.86483     -8.55878
    170.00000    -45.00000      8.98552      2.89899     -8.40905
    175.00000    -45.00000      9.54312      2.91891     -8.21423
    180.00000    -45.00000     10.17229      2.92330     -7.97655
    185.00000    -45.00000     10.86535      2.91196     -7.70011
    190.00000    -45.00000     11.61281      2.88459     -7.39139
    195.00000    -45.00000     12.40303      2.84042     -7.05941
    200.00000    -45.00000     13.22215      2.77871     -6.71532
    205.00000    -45.00000     14.05456      2.69921     -6.37129
    210.00000    -45.00000     14.88369      2.60240     -6.03907
    215.00000    -45.00000     15.69307      2.48934     -5.72906
    220.00000    -45.00000     16.46733      2.36169     -5.44989
    225.00000    -45.00000     17.19308      2.22216     -5.20850
    230.00000    -45.00000     17.85962      2.07530     -5.01032
    235.00000    -45.00000     18.45932      1.92803     -4.85905
    240.00000    -45.00000     18.98783      1.78948     -4.75611
    245.00000    -45.00000     19.44405      1.66969     -4.69996
    250.00000    -45.00000     19.82989      1.57766     -4.68587
    255.00000    -45.00000     20.14984      1.51955     -4.70654
    260.00000    -45.00000     20.41038      1.49792     -4.75325
    265.00000    -45.00000     20.61932      1.51204     -4.81718
    270.00000    -45.00000     20.78500      1.55871     -4.89029
    275.00000    -45.00000     20.91539      1.63269     -4.96587
    280.00000    -45.00000     21.01704      1.72662     -5.03893
    285.00000    -45.00000     21.09422      1.83114     -5.10678
    290.00000    -45.00000     21.14828      1.93613     -5.16949
    295.00000    -45.00000     21.17779      2.03334     -5.22980
    300.00000    -45.00000     21.17962      2.11940     -5.29192
    305.00000    -45.00000     21.15067      2.19765     -5.35957
    310.00000    -45.00000     21.08996      2.27774     -5.43387
    315.00000    -45.00000     21.00029      2.37265     -5.51178
    320.00000    -45.00000     20.88872      2.49404     -5.58574
    325.00000    -45.00000     20.76572      2.64767     -5.64488
    330.00000    -45.00000     20.64297      2.83061     -5.67750
    335.00000    -45.00000     20.53041      3.03167     -5.67402
    340.00000    -45.00000     20.43357      3.23461     -5.62950
    345.00000    -45.00000     20.35171      3.42259     -5.54484
    350.00000    -45.00000     20.27748      3.58163     -5.42653
    355.00000    -45.00000     20.19774      3.70186     -5.28566
    360.00000    -45.00000     20.09538      3.77705     -5.13670
      0.00000    -40.00000     18.52422      4.50824     -5.43933
      5.00000    -40.00000     18.42730      4.55529     -5.26023
     10.00000    -40.00000     18.25660      4.53980     -5.11211
     15.00000    -40.00000     17.98924      4.46407     -5.01688
     20.00000    -40.00000     17.60830      4.33481     -4.99209
     25.00000    -40.00000     17.10356      4.16199     -5.04942
     30.00000    -40.00000     16.47125      3.95796     -5.19493
     35.00000    -40.00000     15.71339      3.73797     -5.43013
     40.00000    -40.00000     14.83772      3.52132     -5.75228
     45.00000    -40.00000     13.85840      3.33123     -6.15345
     50.00000    -40.00000     12.79723      3.19195     -6.61883
     55.00000    -40.00000     11.68441      3.12386     -7.12589
     60.00000    -40.00000     10.55785      3.13859     -7.64528
     65.00000    -40.00000      9.46060      3.23604     -8.14355
     70.00000    -40.00000      8.43625      3.40401     -8.58716
     75.00000    -40.00000      7.52320      3.61960     -8.94720
     80.00000    -40.00000      6.74895      3.85199     -9.20405
     85.00000    -40.00000      6.12564      4.06630     -9.35127
     90.00000    -40.00000      5.64836      4.22892     -9.39741
     95.00000    -40.00000      5.29672      4.31358     -9.36499
    100.00000    -40.00000      5.03967      4.30679     -9.28608
    105.00000    -40.00000      4.84233      4.21086     -9.19562
    110.00000    -40.00000      4.67337      4.04329     -9.12422
    115.00000    -40.00000      4.51100      3.83247     -9.09235
    120.00000    -40.00000      4.34639      3.61116     -9.10750
    125.00000    -40.00000      4.18401      3.40928     -9.16480
    130.00000    -40.00000      4.03903      3.24833     -9.25039
    135.00000    -40.00000      3.93294      3.13876     -9.34615
    140.00000    -40.00000      3.88859      3.08050     -9.43413
    145.00000    -40.00000      3.92592      3.06569     -9.49924
    150.00000    -40.00000      4.05935      3.08218     -9.53016
    155.00000    -40.00000      4.29692      3.11651     -9.51899
    160.00000    -40.00000      4.64094      3.15628     -9.46060
    165.00000    -40.00000      5.08967      3.19195     -9.35211
    170.00000    -40.00000      5.63895      3.21778     -9.19239
    175.00000    -40.00000      6.28345      3.23152     -8.98165
    180.00000    -40.00000      7.01681      3.23255     -8.72136
    185.00000    -40.00000      7.83097      3.21972     -8.41483
    190.00000    -40.00000      8.71507      3.19032     -8.06827
    195.00000    -40.00000      9.65457      3.14074     -7.69160
    200.00000    -40.00000     10.63131      3.06828     -7.29806
    205.00000    -40.00000     11.62430      2.97256     -6.90275
    210.00000    -40.00000     12.61134      2.85561     -6.52058
    215.00000    -40.00000     13.57064      2.72093     -6.16459
    220.00000    -40.00000     14.48244      2.57239     -5.84522
    225.00000    -40.00000     15.33011      2.41407     -5.57040
    230.00000    -40.00000     16.10089      2.25098     -5.34595
    235.00000    -40.00000     16.78614      2.09011     -5.17564
    240.00000    -40.00000     17.38140      1.94096     -5.06071
    245.00000    -40.00000     17.88619      1.81457     -4.99907
    250.00000    -40.00000     18.30381      1.72123     -4.98493
    255.00000    -40.00000     18.64079      1.66805     -5.00945
    260.00000    -40.00000     18.90630      1.65775     -5.06225
    265.00000    -40.00000     19.11127      1.68922     -5.13308
    270.00000    -40.00000     19.26745      1.75871     -5.21279
    275.00000    -40.00000     19.38609      1.86030     -5.29380
    280.00000    -40.00000     19.47651      1.98523     -5.37049
    285.00000    -40.00000     19.54456      2.12151     -5.43998
    290.00000    -40.00000     19.59159      2.25555     -5.50294
    295.00000    -40.00000     19.61449      2.37597     -5.56343
    300.00000    -40.00000     19.60731      2.47800     -5.62727
    305.00000    -40.00000     19.56398      2.56604     -5.69957
    310.00000    -40.00000     19.48163      2.65311     -5.78216
    315.00000    -40.00000     19.36321      2.75689     -5.87192
    320.00000    -40.00000     19.21856      2.89387     -5.96032
    325.00000    -40.00000     19.06322      3.07318     -6.03447
    330.00000    -40.00000     18.91515      3.29274     -6.07969
    335.00000    -40.00000     18.79032      3.53937     -6.08309
    340.00000    -40.00000     18.69831      3.79289     -6.03683
    345.00000    -40.00000     18.63952      4.03210     -5.94003
    350.00000    -40.00000     18.60426      4.23913     -5.79893
    355.00000    -40.00000     18.57405      4.40089     -5.62611
    360.00000    -40.00000     18.52422      4.50824     -5.43933
      0.00000    -35.00000     16.84781      5.25066     -5.58435
      5.00000    -35.00000     16.81404      5.32126     -5.36910
     10.00000    -35.00000     16.69050      5.31351     -5.18937
     15.00000    -35.00000     16.44585      5.23190     -5.07163
     20.00000    -35.00000     16.05775      5.08774     -5.03573
     25.00000    -35.00000     15.51369      4.89531     -5.09324
     30.00000    -35.00000     14.80974      4.66891     -5.24873
     35.00000    -35.00000     13.94873      4.42352     -5.50229
     40.00000    -35.00000     12.93939      4.17799     -5.85068
     45.00000    -35.00000     11.79737      3.95689     -6.28617
     50.00000    -35.00000     10.54757      3.78812     -6.79414
     55.00000    -35.00000      9.22622      3.69700     -7.35137
     60.00000    -35.00000      7.88097      3.69982     -7.92632
     65.00000    -35.00000      6.56799      3.79968     -8.48164
     70.00000    -35.00000      5.34592      3.98515     -8.97849
     75.00000    -35.00000      4.26752      4.23086     -9.38203
     80.00000    -35.00000      3.37091      4.49984     -9.66759
     85.00000    -35.00000      2.67262      4.74804     -9.82606
     90.00000    -35.00000      2.16448      4.93167     -9.86683
     95.00000    -35.00000      1.81584      5.01631     -9.81669
    100.00000    -35.00000      1.58063      4.98490     -9.71436
    105.00000    -35.00000      1.40776      4.84186     -9.60211
    110.00000    -35.00000      1.25210      4.61184     -9.51686
    115.00000    -35.00000      1.08323      4.33347     -9.48306
    120.00000    -35.00000      0.89018      4.05003     -9.50920
    125.00000    -35.00000      0.68140      3.79958     -9.58838
    130.00000    -35.00000      0.48038      3.60727     -9.70242
    135.00000    -35.00000      0.31871      3.48211     -9.82812
    140.00000    -35.00000      0.22859      3.41884     -9.94308
    145.00000    -35.00000      0.23680      3.40326    -10.02947
    150.00000    -35.00000      0.36140      3.41807    -10.07494
    155.00000    -35.00000      0.61132      3.44713    -10.07175
    160.00000    -35.00000      0.98810      3.47767    -10.01540
    165.00000    -35.00000      1.48869      3.50139     -9.90371
    170.00000    -35.00000      2.10808      3.51480     -9.73619
    175.00000    -35.00000      2.84088      3.51809     -9.51331
    180.00000    -35.00000      3.68123      3.51225     -9.23624
    185.00000    -35.00000      4.62128      3.49598     -8.90754
    190.00000    -35.00000      5.64915      3.46432     -8.53271
    195.00000    -35.00000      6.74742      3.41045     -8.12165
    200.00000    -35.00000      7.89305      3.32903     -7.68877
    205.00000    -35.00000      9.05878      3.21881     -7.25140
    210.00000    -35.00000     10.21563      3.08287     -6.82725
    215.00000    -35.00000     11.33549      2.92691     -6.43213
    220.00000    -35.00000     12.39346      2.75725     -6.07867
    225.00000    -35.00000     13.36931      2.57982     -5.77612
    230.00000    -35.00000     14.24818      2.40056     -5.53069
    235.00000    -35.00000     15.02065      2.22686     -5.34592
    240.00000    -35.00000     15.68242      2.06872     -5.22243
    245.00000    -35.00000     16.23399      1.93822     -5.15725
    250.00000    -35.00000     16.68030      1.84699     -5.14339
    255.00000    -35.00000     17.03030      1.80280     -5.17058
    260.00000    -35.00000     17.29614      1.80794     -5.22719
    265.00000    -35.00000     17.49230      1.86019     -5.30204
    270.00000    -35.00000     17.63431      1.95492     -5.38544
    275.00000    -35.00000     17.73725      2.08569     -5.46923
    280.00000    -35.00000     17.81369      2.24268     -5.54715
    285.00000    -35.00000     17.87139      2.41147     -5.61604
    290.00000    -35.00000     17.91160      2.57497     -5.67707
    295.00000    -35.00000     17.92903      2.71869     -5.73560
    300.00000    -35.00000     17.91399      2.83664     -5.79900
    305.00000    -35.00000     17.85644      2.93436     -5.87357
    310.00000    -35.00000     17.75078      3.02780     -5.96177
    315.00000    -35.00000     17.59973      3.13877     -6.06066
    320.00000    -35.00000     17.41614      3.28836     -6.16133
    325.00000    -35.00000     17.22155      3.48973     -6.24951
    330.00000    -35.00000     17.04180      3.74289     -6.30791
    335.00000    -35.00000     16.90065      4.03390     -6.32013
    340.00000    -35.00000     16.81341      4.33943     -6.27491
    345.00000    -35.00000     16.78247      4.63394     -6.16907
    350.00000    -35.00000     16.79592      4.89512     -6.00822
    355.00000    -35.00000     16.82902      5.10533     -5.80627
    360.00000    -35.00000     16.84781      5.25066     -5.58435
      0.00000    -30.00000     15.10675      5.98340     -5.56007
      5.00000    -30.00000     15.14979      6.07855     -5.31679
     10.00000    -30.00000     15.08520      6.07750     -5.11340
     15.00000    -30.00000     14.87191      5.98823     -4.97931
     20.00000    -30.00000     14.48192      5.82840     -4.93523
     25.00000    -30.00000     13.90099      5.61773     -4.99185
     30.00000    -30.00000     13.12600      5.37245     -5.15229
     35.00000    -30.00000     12.16119      5.10639     -5.41574
     40.00000    -30.00000     11.01635      4.83683     -5.77894
     45.00000    -30.00000      9.70807      4.58866     -6.23483
     50.00000    -30.00000      8.26359      4.39261     -6.76946
     55.00000    -30.00000      6.72459      4.27829     -7.35972
     60.00000    -30.00000      5.14867      4.26663     -7.97298
     65.00000    -30.00000      3.60635      4.36464     -8.56915
     70.00000    -30.00000      2.17340      4.56294     -9.10498
     75.00000    -30.00000      0.91953      4.83496     -9.54043
     80.00000    -30.00000     -0.10424      5.13803     -9.84632
     85.00000    -30.00000     -0.87589      5.41854    -10.01139
     90.00000    -30.00000     -1.40726      5.62179    -10.04604
     95.00000    -30.00000     -1.74121      5.70466     -9.98087
    100.00000    -30.00000     -1.94166      5.64644     -9.86002
    105.00000    -30.00000     -2.07888      5.45382     -9.73136
    110.00000    -30.00000     -2.21425      5.15865     -9.63639
    115.00000    -30.00000     -2.38811      4.80977     -9.60253
    120.00000    -30.00000     -2.61359      4.46132     -9.63909
    125.00000    -30.00000     -2.87710      4.16019     -9.73775
    130.00000    -30.00000     -3.14487      3.93597     -9.87696
    135.00000    -30.00000     -3.37307      3.79649    -10.02913
    140.00000    -30.00000     -3.51843      3.73072    -10.16796
    145.00000    -30.00000     -3.54643      3.71699    -10.27326
    150.00000    -30.00000     -3.43530      3.73200    -10.33204
    155.00000    -30.00000     -3.17574      3.75653    -10.33698
    160.00000    -30.00000     -2.76775      3.77740    -10.28432
    165.00000    -30.00000     -2.21627      3.78756    -10.17257
    170.00000    -30.00000     -1.52747      3.78581    -10.00177
    175.00000    -30.00000     -0.70672      3.77517     -9.77273
    180.00000    -30.00000      0.24104      3.75908     -9.48651
    185.00000    -30.00000      1.30874      3.73693     -9.14500
    190.00000    -30.00000      2.48399      3.70214     -8.75284
    195.00000    -30.00000      3.74655      3.64470     -8.31952
    200.00000    -30.00000      5.06817      3.55620     -7.85997
    205.00000    -30.00000      6.41461      3.43380     -7.39305
    210.00000    -30.00000      7.74918      3.28082     -6.93872
    215.00000    -30.00000      9.03656      3.10466     -6.51524
    220.00000    -30.00000     10.24603      2.91408     -6.13733
    225.00000    -30.00000     11.35343      2.71741     -5.81543
    230.00000    -30.00000     12.34188      2.52224     -5.55595
    235.00000    -30.00000     13.20146      2.33675     -5.36180
    240.00000    -30.00000     13.92840      2.17147     -5.23271
    245.00000    -30.00000     14.52445      2.03943     -5.16474
    250.00000    -30.00000     14.99649      1.95341     -5.15001
    255.00000    -30.00000     15.35603      1.92151     -5.17746
    260.00000    -30.00000     15.61846      1.94500     -5.23487
    265.00000    -30.00000     15.80192      2.01997     -5.31086
    270.00000    -30.00000     15.92605      2.14084     -5.39554
    275.00000    -30.00000     16.01014      2.30107     -5.48022
    280.00000    -30.00000     16.07049      2.49034     -5.55772
    285.00000    -30.00000     16.11715      2.69192     -5.62422
    290.00000    -30.00000     16.15130      2.88500     -5.68120
    295.00000    -30.00000     16.16495      3.05194     -5.73528
    300.00000    -30.00000     16.14386      3.18572     -5.79547
    305.00000    -30.00000     16.07309      3.29308     -5.86927
    310.00000    -30.00000     15.94345      3.39244     -5.95987
    315.00000    -30.00000     15.75701      3.50893     -6.06474
    320.00000    -30.00000     15.52964      3.66788     -6.17500
    325.00000    -30.00000     15.28964      3.88720     -6.27543
    330.00000    -30.00000     15.07214      4.17037     -6.34631
    335.00000    -30.00000     14.91043      4.50397     -6.36773
    340.00000    -30.00000     14.82708      4.86204     -6.32495
    345.00000    -30.00000     14.82752      5.21455     -6.21250
    350.00000    -30.00000     14.89768      5.53399     -6.03568
    355.00000    -30.00000     15.00570      5.79694     -5.81004
    360.00000    -30.00000     15.10675      5.98340     -5.56007
      0.00000    -25.00000     13.34060      6.68711     -5.36706
      5.00000    -25.00000     13.46975      6.80545     -5.10763
     10.00000    -25.00000     13.47194      6.80956     -4.89171
     15.00000    -25.00000     13.29573      6.71207     -4.74952
     20.00000    -25.00000     12.90759      6.53776     -4.70109
     25.00000    -25.00000     12.29227      6.31170     -4.75586
     30.00000    -25.00000     11.44823      6.05138     -4.91606
     35.00000    -25.00000     10.38168      5.76881     -5.18060
     40.00000    -25.00000      9.10339      5.47928     -5.54657
     45.00000    -25.00000      7.63035      5.20764     -6.00752
     50.00000    -25.00000      5.99124      4.98671     -6.55049
     55.00000    -25.00000      4.23248      4.84965     -7.15336
     60.00000    -25.00000      2.42134      4.82176     -7.78385
     65.00000    -25.00000      0.64333      4.91465     -8.40061
     70.00000    -25.00000     -1.00707      5.12221     -8.95726
     75.00000    -25.00000     -2.44123      5.41751     -9.40966
     80.00000    -25.00000     -3.59344      5.75232     -9.72522
     85.00000    -25.00000     -4.43535      6.06294     -9.89137
     90.00000    -25.00000     -4.98284      6.28331     -9.91973
     95.00000    -25.00000     -5.29251      6.36176     -9.84399
    100.00000    -25.00000     -5.44820      6.27459     -9.71206
    105.00000    -25.00000     -5.54153      6.03134     -9.57508
    110.00000    -25.00000     -5.65165      5.67109     -9.47688
    115.00000    -25.00000     -5.82962      5.25233     -9.44611
    120.00000    -25.00000     -6.09062      4.83946     -9.49232
    125.00000    -25.00000     -6.41499      4.48820     -9.60615
    130.00000    -25.00000     -6.75726      4.23297     -9.76386
    135.00000    -25.00000     -7.05978      4.08066     -9.93498
    140.00000    -25.00000     -7.26703      4.01415    -10.09062
    145.00000    -25.00000     -7.33621      4.00367    -10.20925
    150.00000    -25.00000     -7.24199      4.01949    -10.27800
    155.00000    -25.00000     -6.97523      4.03941    -10.29038
    160.00000    -25.00000     -6.53806      4.05013    -10.24343
    165.00000    -25.00000     -5.93778      4.04598    -10.13599
    170.00000    -25.00000     -5.18189      4.02790     -9.96814
    175.00000    -25.00000     -4.27560      4.00170     -9.74058
    180.00000    -25.00000     -3.22262      3.97357     -9.45409
    185.00000    -25.00000     -2.02872      3.94416     -9.11000
    190.00000    -25.00000     -0.70644      3.90571     -8.71223
    195.00000    -25.00000      0.72138      3.84521     -8.26990
    200.00000    -25.00000      2.22108      3.75104     -7.79816
    205.00000    -25.00000      3.75094      3.61835     -7.31682
    210.00000    -25.00000      5.26595      3.45013     -6.84726
    215.00000    -25.00000      6.72298      3.25501     -6.40937
    220.00000    -25.00000      8.08502      3.04414     -6.01926
    225.00000    -25.00000      9.32386      2.82872     -5.68812
    230.00000    -25.00000     10.42073      2.61857     -5.42224
    235.00000    -25.00000     11.36552      2.42291     -5.22380
    240.00000    -25.00000     12.15530      2.25262     -5.09159
    245.00000    -25.00000     12.79333      2.12131     -5.02100
    250.00000    -25.00000     13.28849      2.04259     -5.00380
    255.00000    -25.00000     13.65495      2.02466     -5.02883
    260.00000    -25.00000     13.91129      2.06741     -5.08402
    265.00000    -25.00000     14.07936      2.16508     -5.15825
    270.00000    -25.00000     14.18299      2.31134     -5.24169
    275.00000    -25.00000     14.24598      2.50024     -5.32511
    280.00000    -25.00000     14.28880      2.72149     -5.40036
    285.00000    -25.00000     14.32420      2.95600     -5.46280
    290.00000    -25.00000     14.35331      3.17877     -5.51403
    295.00000    -25.00000     14.36508      3.36869     -5.56177
    300.00000    -25.00000     14.34005      3.51790     -5.61647
    305.00000    -25.00000     14.25755      3.63447     -5.68677
    310.00000    -25.00000     14.10419      3.73896     -5.77658
    315.00000    -25.00000     13.88089      3.85914     -5.88389
    320.00000    -25.00000     13.60651      4.02436     -6.00007
    325.00000    -25.00000     13.31661      4.25790     -6.10931
    330.00000    -25.00000     13.05663      4.56791     -6.18998
    335.00000    -25.00000     12.87079      4.94242     -6.21919
    340.00000    -25.00000     12.79026      5.35298     -6.17927
    345.00000    -25.00000     12.82429      5.76452     -6.06297
    350.00000    -25.00000     12.95668      6.14348     -5.87559
    355.00000    -25.00000     13.14778      6.45990     -5.63446
    360.00000    -25.00000     13.34060      6.68711     -5.36706
      0.00000    -20.00000     11.58497      7.34629     -5.01786
      5.00000    -20.00000     11.80397      7.48498     -4.75577
     10.00000    -20.00000     11.87602      7.49272     -4.53912
     15.00000    -20.00000     11.73931      7.38754     -4.39705
     20.00000    -20.00000     11.35523      7.20102     -4.34804
     25.00000    -20.00000     10.70809      6.96256     -4.40042
     30.00000    -20.00000      9.79847      6.69010     -4.55614
     35.00000    -20.00000      8.63478      6.39392     -4.81413
     40.00000    -20.00000      7.22877      6.08777     -5.17131
     45.00000    -20.00000      5.59743      5.79634     -5.62135
     50.00000    -20.00000      3.77017      5.55358     -6.15236
     55.00000    -20.00000      1.79727      5.39505     -6.74437
     60.00000    -20.00000     -0.24495      5.35011     -7.36727
     65.00000    -20.00000     -2.25605      5.43564     -7.98048
     70.00000    -20.00000     -4.12225      5.64986     -8.53645
     75.00000    -20.00000     -5.73494      5.96604     -8.98883
     80.00000    -20.00000     -7.01278      6.33023     -9.30318
     85.00000    -20.00000     -7.92062      6.66827     -9.46640
     90.00000    -20.00000     -8.47867      6.90278     -9.49090
     95.00000    -20.00000     -8.75801      6.97421     -9.41175
    100.00000    -20.00000     -8.86344      6.85679     -9.27813
    105.00000    -20.00000     -8.90871      6.56359     -9.14192
    110.00000    -20.00000     -8.99128      6.14085     -9.04705
    115.00000    -20.00000     -9.17307      5.65592     -9.02189
    120.00000    -20.00000     -9.47103      5.18246     -9.07553
    125.00000    -20.00000     -9.85898      4.78426     -9.19812
    130.00000    -20.00000    -10.27906      4.50036     -9.36523
    135.00000    -20.00000    -10.65916      4.33680     -9.54548
    140.00000    -20.00000    -10.93105      4.27038     -9.70923
    145.00000    -20.00000    -11.04365      4.26322     -9.83476
    150.00000    -20.00000    -10.96831      4.27927     -9.90973
    155.00000    -20.00000    -10.69650      4.29382     -9.92857
    160.00000    -20.00000    -10.23282      4.29398     -9.88894
    165.00000    -20.00000     -9.58708      4.27565     -9.78972
    170.00000    -20.00000     -8.76810      4.24166     -9.63064
    175.00000    -20.00000     -7.78081      4.20026     -9.41199
    180.00000    -20.00000     -6.62741      4.16021     -9.13416
    185.00000    -20.00000     -5.31208      4.12353     -8.79809
    190.00000    -20.00000     -3.84722      4.08150     -8.40728
    195.00000    -20.00000     -2.25818      4.01828     -7.97053
    200.00000    -20.00000     -0.58403      3.91917     -7.50297
    205.00000    -20.00000      1.12587      3.77734     -7.02460
    210.00000    -20.00000      2.81797      3.59526     -6.55716
    215.00000    -20.00000      4.44114      3.38253     -6.12093
    220.00000    -20.00000      5.95203      3.15256     -5.73239
    225.00000    -20.00000      7.31838      2.91951     -5.40291
    230.00000    -20.00000      8.51974      2.69573     -5.13859
    235.00000    -20.00000      9.54603      2.49156     -4.94109
    240.00000    -20.00000     10.39539      2.31795     -4.80858
    245.00000    -20.00000     11.07265      2.18873     -4.73607
    250.00000    -20.00000     11.58873      2.11810     -4.71543
    255.00000    -20.00000     11.96034      2.11427     -4.73591
    260.00000    -20.00000     12.20915      2.17568     -4.78600
    265.00000    -20.00000     12.36060      2.29474     -4.85503
    270.00000    -20.00000     12.44259      2.46469     -4.93342
    275.00000    -20.00000     12.48355      2.68064     -5.01182
    280.00000    -20.00000     12.50837      2.93265     -5.08173
    285.00000    -20.00000     12.53270      3.19922     -5.13822
    290.00000    -20.00000     12.55771      3.45086     -5.18297
    295.00000    -20.00000     12.56910      3.66288     -5.22416
    300.00000    -20.00000     12.54179      3.82670     -5.27284
    305.00000    -20.00000     12.44904      3.95190     -5.33815
    310.00000    -20.00000     12.27289      4.06091     -5.42438
    315.00000    -20.00000     12.01279      4.18360     -5.52994
    320.00000    -20.00000     11.69048      4.35303     -5.64658
    325.00000    -20.00000     11.34887      4.59808     -5.75853
    330.00000    -20.00000     11.04417      4.93222     -5.84352
    335.00000    -20.00000     10.83229      5.34549     -5.87731
    340.00000    -20.00000     10.75370      5.80708     -5.84056
    345.00000    -20.00000     10.82196      6.27652     -5.72474
    350.00000    -20.00000     11.01882      6.71359     -5.53492
    355.00000    -20.00000     11.29644      7.08126     -5.28952
    360.00000    -20.00000     11.58497      7.34629     -5.01786
      0.00000    -15.00000      9.87059      7.94954     -4.52817
      5.00000    -15.00000     10.17696      8.10556     -4.27759
     10.00000    -15.00000     10.31691      8.11590     -4.07182
     15.00000    -15.00000     10.21888      8.00407     -3.93763
     20.00000    -15.00000      9.83969      7.80733     -3.89159
     25.00000    -15.00000      9.16353      7.55814     -3.94140
     30.00000    -15.00000      8.19314      7.27468     -4.08916
     35.00000    -15.00000      6.93920      6.96647     -4.33357
     40.00000    -15.00000      5.41449      6.64679     -4.67067
     45.00000    -15.00000      3.63600      6.33992     -5.09357
     50.00000    -15.00000      1.63349      6.07939     -5.59160
     55.00000    -15.00000     -0.53973      5.90166     -6.14802
     60.00000    -15.00000     -2.79933      5.83971     -6.73655
     65.00000    -15.00000     -5.03087      5.91638     -7.31954
     70.00000    -15.00000     -7.10180      6.13497     -7.85089
     75.00000    -15.00000     -8.88384      6.46917     -8.28482
     80.00000    -15.00000    -10.28018      6.85933     -8.58736
     85.00000    -15.00000    -11.24898      7.22121     -8.74567
     90.00000    -15.00000    -11.81470      7.46704     -8.77171
     95.00000    -15.00000    -12.06259      7.53036     -8.69910
    100.00000    -15.00000    -12.11786      7.38393     -8.57495
    105.00000    -15.00000    -12.11572      7.04432     -8.44901
    110.00000    -15.00000    -12.17127      6.56444     -8.36336
    115.00000    -15.00000    -12.35674      6.01968     -8.34493
    120.00000    -15.00000    -12.69069      5.49179     -8.40205
    125.00000    -15.00000    -13.14046      5.05152     -8.52506
    130.00000    -15.00000    -13.63616      4.74178     -8.69068
    135.00000    -15.00000    -14.09171      4.56778     -8.86908
    140.00000    -15.00000    -14.42667      4.50090     -9.03194
    145.00000    -15.00000    -14.58205      4.49594     -9.15833
    150.00000    -15.00000    -14.52621      4.51131     -9.23636
    155.00000    -15.00000    -14.25132      4.52028     -9.26079
    160.00000    -15.00000    -13.76443      4.51059     -9.22945
    165.00000    -15.00000    -13.07769      4.47961     -9.14114
    170.00000    -15.00000    -12.20108      4.43168     -8.99526
    175.00000    -15.00000    -11.13913      4.37695     -8.79179
    180.00000    -15.00000     -9.89250      4.32637     -8.53098
    185.00000    -15.00000     -8.46375      4.28318     -8.21366
    190.00000    -15.00000     -6.86508      4.23783     -7.84316
    195.00000    -15.00000     -5.12423      4.17193     -7.42789
    200.00000    -15.00000     -3.28550      4.06806     -6.98236
    205.00000    -15.00000     -1.40565      3.91773     -6.52581
    210.00000    -15.00000      0.45359      3.72307     -6.07904
    215.00000    -15.00000      2.23341      3.49443     -5.66143
    220.00000    -15.00000      3.88438      3.24714     -5.28877
    225.00000    -15.00000      5.37044      2.99798     -4.97214
    230.00000    -15.00000      6.66955      2.76171     -4.71757
    235.00000    -15.00000      7.77178      2.54984     -4.52659
    240.00000    -15.00000      8.67639      2.37344     -4.39707
    245.00000    -15.00000      9.38978      2.24646     -4.32397
    250.00000    -15.00000      9.92483      2.18363     -4.29945
    255.00000    -15.00000     10.30068      2.19308     -4.31354
    260.00000    -15.00000     10.54186      2.27192     -4.35551
    265.00000    -15.00000     10.67715      2.41081     -4.41524
    270.00000    -15.00000     10.73833      2.60251     -4.48358
    275.00000    -15.00000     10.75815      2.84313     -4.55184
    280.00000    -15.00000     10.76579      3.12308     -4.61238
    285.00000    -15.00000     10.77969      3.41869     -4.66102
    290.00000    -15.00000     10.80107      3.69641     -4.69950
    295.00000    -15.00000     10.81247      3.92843     -4.73544
    300.00000    -15.00000     10.78342      4.10578     -4.77907
    305.00000    -15.00000     10.68131      4.23946     -4.83893
    310.00000    -15.00000     10.48371      4.35342     -4.91912
    315.00000    -15.00000     10.18863      4.47908     -5.01818
    320.00000    -15.00000      9.82041      4.65253     -5.12835
    325.00000    -15.00000      9.42895      4.90773     -5.23476
    330.00000    -15.00000      9.08085      5.26332     -5.31643
    335.00000    -15.00000      8.84340      5.71171     -5.35018
    340.00000    -15.00000      8.76632      6.22040     -5.31687
    345.00000    -15.00000      8.86754      6.74401     -5.20724
    350.00000    -15.00000      9.12701      7.23554     -5.02538
    355.00000    -15.00000      9.48887      7.65060     -4.78924
    360.00000    -15.00000      9.87059      7.94954     -4.52817
      0.00000    -10.00000      8.22424      8.48844     -3.91080
      5.00000    -10.00000      8.60906      8.65915     -3.68649
     10.00000    -10.00000      8.80987      8.67161     -3.50360
     15.00000    -10.00000      8.74654      8.55429     -3.38537
     20.00000    -10.00000      8.37183      8.34858     -3.34620
     25.00000    -10.00000      7.66970      8.08880     -3.39346
     30.00000    -10.00000      6.64469      7.79388     -3.52957
     35.00000    -10.00000      5.30952      7.47430     -3.75290
     40.00000    -10.00000      3.67825      7.14397     -4.05831
     45.00000    -10.00000      1.76815      6.82620     -4.43836
     50.00000    -10.00000     -0.39066      6.55237     -4.88386
     55.00000    -10.00000     -2.74245      6.35832     -5.38172
     60.00000    -10.00000     -5.19615      6.28041     -5.91034
     65.00000    -10.00000     -7.62497      6.34773     -6.43657
     70.00000    -10.00000     -9.87956      6.56869     -6.91857
     75.00000    -10.00000    -11.81388      6.91722     -7.31463
     80.00000    -10.00000    -13.31721      7.32827     -7.59417
     85.00000    -10.00000    -14.34170      7.70910     -7.74573
     90.00000    -10.00000    -14.91556      7.96361     -7.77946
     95.00000    -10.00000    -15.13660      8.01978     -7.72442
    100.00000    -10.00000    -15.14811      7.84880     -7.62191
    105.00000    -10.00000    -15.10438      7.46971     -7.51643
    110.00000    -10.00000    -15.13626      6.94100     -7.44610
    115.00000    -10.00000    -15.32521      6.34515     -7.43529
    120.00000    -10.00000    -15.69124      5.77091     -7.49129
    125.00000    -10.00000    -16.19601      5.29453     -7.60552
    130.00000    -10.00000    -16.75906      4.96174     -7.75781
    135.00000    -10.00000    -17.28213      4.77692     -7.92252
    140.00000    -10.00000    -17.67405      4.70738     -8.07491
    145.00000    -10.00000    -17.86878      4.70248     -8.19589
    150.00000    -10.00000    -17.83183      4.71639     -8.27379
    155.00000    -10.00000    -17.55577      4.72073     -8.30288
    160.00000    -10.00000    -17.04956      4.70353     -8.28055
    165.00000    -10.00000    -16.32723      4.66304     -8.20539
    170.00000    -10.00000    -15.39964      4.60456     -8.07663
    175.00000    -10.00000    -14.27094      4.53955     -7.89419
    180.00000    -10.00000    -12.94047      4.48063     -7.65845
    185.00000    -10.00000    -11.40947      4.43202     -7.37052
    190.00000    -10.00000     -9.69011      4.38352     -7.03377
    195.00000    -10.00000     -7.81238      4.31468     -6.65598
    200.00000    -10.00000     -5.82537      4.20596     -6.25035
    205.00000    -10.00000     -3.79244      4.04767     -5.83423
    210.00000    -10.00000     -1.78268      3.84180     -5.42629
    215.00000    -10.00000      0.13827      3.59930     -5.04383
    220.00000    -10.00000      1.91558      3.33681     -4.70112
    225.00000    -10.00000      3.50967      3.07311     -4.40853
    230.00000    -10.00000      4.89703      2.82497     -4.17202
    235.00000    -10.00000      6.06778      2.60522     -3.99319
    240.00000    -10.00000      7.02221      2.42542     -3.86988
    245.00000    -10.00000      7.76823      2.29985     -3.79712
    250.00000    -10.00000      8.32056      2.24363     -3.76779
    255.00000    -10.00000      8.70057      2.26484     -3.77318
    260.00000    -10.00000      8.93544      2.35943     -3.80375
    265.00000    -10.00000      9.05691      2.51644     -3.85013
    270.00000    -10.00000      9.10019      2.72784     -3.90376
    275.00000    -10.00000      9.10179      2.98998     -3.95725
    280.00000    -10.00000      9.09445      3.29333     -4.00492
    285.00000    -10.00000      9.09895      3.61261     -4.04421
    290.00000    -10.00000      9.11647      3.91158     -4.07691
    295.00000    -10.00000      9.12688      4.16045     -4.10900
    300.00000    -10.00000      9.09514      4.35017     -4.14847
    305.00000    -10.00000      8.98367      4.49281     -4.20232
    310.00000    -10.00000      8.76629      4.61333     -4.27396
    315.00000    -10.00000      8.43982      4.74411     -4.36185
    320.00000    -10.00000      8.03092      4.92336     -4.45868
    325.00000    -10.00000      7.59559      5.18876     -4.55130
    330.00000    -10.00000      7.20945      5.56310     -4.62178
    335.00000    -10.00000      6.94972      6.04133     -4.65042
    340.00000    -10.00000      6.87433      6.59059     -4.62029
    345.00000    -10.00000      7.00529      7.16198     -4.52219
    350.00000    -10.00000      7.32106      7.70236     -4.35869
    355.00000    -10.00000      7.75872      8.15982     -4.14579
    360.00000    -10.00000      8.22424      8.48844     -3.91080
      0.00000     -5.00000      6.66973      8.95614     -3.17897
      5.00000     -5.00000      7.11777      9.13876     -2.99544
     10.00000     -5.00000      7.36742      9.15317     -2.84761
     15.00000     -5.00000      7.33165      9.03166     -2.75383
     20.00000     -5.00000      6.95973      8.81791     -2.72587
     25.00000     -5.00000      6.23497      8.54714     -2.77063
     30.00000     -5.00000      5.16286      8.23978     -2.89092
     35.00000     -5.00000      3.75774      7.90891     -3.08499
     40.00000     -5.00000      2.03505      7.56997     -3.34723
     45.00000     -5.00000      0.01289      7.24473     -3.67035
     50.00000     -5.00000     -2.27788      6.96120     -4.04693
     55.00000     -5.00000     -4.77941      6.75389     -4.46715
     60.00000     -5.00000     -7.39511      6.66234     -4.91387
     65.00000     -5.00000     -9.98816      6.72152     -5.35949
     70.00000     -5.00000    -12.39564      6.94398     -5.76899
     75.00000     -5.00000    -14.45735      7.30297     -6.10823
     80.00000     -5.00000    -16.05167      7.72873     -6.35302
     85.00000     -5.00000    -17.12612      8.12249     -6.49450
     90.00000     -5.00000    -17.71180      8.38285     -6.54025
     95.00000     -5.00000    -17.91617      8.43399     -6.51232
    100.00000     -5.00000    -17.89653      8.24516     -6.44304
    105.00000     -5.00000    -17.82223      7.83625     -6.36846
    110.00000     -5.00000    -17.83669      7.26969     -6.32024
    115.00000     -5.00000    -18.02889      6.63390     -6.31867
    120.00000     -5.00000    -18.42023      6.02341     -6.36971
    125.00000     -5.00000    -18.96816      5.51828     -6.46664
    130.00000     -5.00000    -19.58433      5.16557     -6.59425
    135.00000     -5.00000    -20.16121      4.96889     -6.73349
    140.00000     -5.00000    -20.59942      4.89331     -6.86531
    145.00000     -5.00000    -20.82718      4.88541     -6.97372
    150.00000     -5.00000    -20.80724      4.89695     -7.04740
    155.00000     -5.00000    -20.53180      4.89818     -7.07968
    160.00000     -5.00000    -20.01071      4.87674     -7.06706
    165.00000     -5.00000    -19.25911      4.83096     -7.00766
    170.00000     -5.00000    -18.28836      4.76649     -6.90046
    175.00000     -5.00000    -17.10234      4.69546     -6.74522
    180.00000     -5.00000    -15.69956      4.63140     -6.54256
    185.00000     -5.00000    -14.08055      4.57907     -6.29410
    190.00000     -5.00000    -12.25781      4.52781     -6.00350
    195.00000     -5.00000    -10.26342      4.45580     -5.67781
    200.00000     -5.00000     -8.15050      4.34214     -5.32828
    205.00000     -5.00000     -5.98783      4.17643     -4.96936
    210.00000     -5.00000     -3.85042      3.96069     -4.61654
    215.00000     -5.00000     -1.80950      3.70626     -4.28423
    220.00000     -5.00000      0.07564      3.43053     -3.98457
    225.00000     -5.00000      1.76238      3.15358     -3.72676
    230.00000     -5.00000      3.22576      2.89384     -3.51645
    235.00000     -5.00000      4.45581      2.66563     -3.35518
    240.00000     -5.00000      5.45365      2.48146     -3.24076
    245.00000     -5.00000      6.22852      2.35600     -3.16853
    250.00000     -5.00000      6.79685      2.30452     -3.13262
    255.00000     -5.00000      7.18192      2.33490     -3.12637
    260.00000     -5.00000      7.41316      2.44238     -3.14218
    265.00000     -5.00000      7.52486      2.61486     -3.17184
    270.00000     -5.00000      7.55501      2.84318     -3.20758
    275.00000     -5.00000      7.54299      3.12293     -3.24349
    280.00000     -5.00000      7.52403      3.44394     -3.27630
    285.00000     -5.00000      7.52039      3.78014     -3.30537
    290.00000     -5.00000      7.53315      4.09444     -3.33235
    295.00000     -5.00000      7.54029      4.35658     -3.36089
    300.00000     -5.00000      7.50359      4.55760     -3.39599
    305.00000     -5.00000      7.38205      4.70996     -3.44246
    310.00000     -5.00000      7.14688      4.83908     -3.50285
    315.00000     -5.00000      6.79428      4.97796     -3.57538
    320.00000     -5.00000      6.35290      5.16597     -3.65333
    325.00000     -5.00000      5.88350      5.44275     -3.72568
    330.00000     -5.00000      5.46851      5.83356     -3.77873
    335.00000     -5.00000      5.19256      6.33571     -3.79785
    340.00000     -5.00000      5.11983      6.91746     -3.76994
    345.00000     -5.00000      5.27558      7.52824     -3.68699
    350.00000     -5.00000      5.63730      8.10976     -3.55033
    355.00000     -5.00000      6.13645      8.60296     -3.37317
    360.00000     -5.00000      6.66973      8.95614     -3.17897
      0.00000      0.00000      5.22757      9.34641     -2.35183
      5.00000      0.00000      5.71805      9.53755     -2.22138
     10.00000      0.00000      6.00006      9.55368     -2.11897
     15.00000      0.00000      5.98178      9.42941     -2.05699
     20.00000      0.00000      5.60968      9.20875     -2.04404
     25.00000      0.00000      4.86578      8.92695     -2.08630
     30.00000      0.00000      3.75547      8.60651     -2.18678
     35.00000      0.00000      2.29387      8.26409     -2.34412
     40.00000      0.00000      0.49778      7.91719     -2.55316
     45.00000      0.00000     -1.61329      7.58596     -2.80773
     50.00000      0.00000     -4.00707      7.29496     -3.10216
     55.00000      0.00000     -6.62345      7.07751     -3.42923
     60.00000      0.00000     -9.36146      6.97609     -3.77586
     65.00000      0.00000    -12.07711      7.03027     -4.12099
     70.00000      0.00000    -14.59824      7.25471     -4.43880
     75.00000      0.00000    -16.75555      7.62083     -4.70546
     80.00000      0.00000    -18.42072      8.05502     -4.90513
     85.00000      0.00000    -19.53861      8.45532     -5.03239
     90.00000      0.00000    -20.14211      8.71842     -5.09197
     95.00000      0.00000    -20.34448      8.76670     -5.09764
    100.00000      0.00000    -20.31158      8.56747     -5.07062
    105.00000      0.00000    -20.22227      8.13995     -5.03579
    110.00000      0.00000    -20.22823      7.54873     -5.01577
    115.00000      0.00000    -20.42364      6.88658     -5.02519
    120.00000      0.00000    -20.83122      6.25208     -5.06842
    125.00000      0.00000    -21.40631      5.72712     -5.14147
    130.00000      0.00000    -22.05619      5.35851     -5.23555
    135.00000      0.00000    -22.66814      5.14913     -5.33973
    140.00000      0.00000    -23.13780      5.06385     -5.44214
    145.00000      0.00000    -23.38941      5.04938     -5.53090
    150.00000      0.00000    -23.38308      5.05713     -5.59570
    155.00000      0.00000    -23.10963      5.05639     -5.62910
    160.00000      0.00000    -22.57852      5.03384     -5.62656
    165.00000      0.00000    -21.80485      4.98727     -5.58547
    170.00000      0.00000    -20.80001      4.92216     -5.50420
    175.00000      0.00000    -19.56771      4.85061     -5.38210
    180.00000      0.00000    -18.10627      4.78596     -5.21985
    185.00000      0.00000    -16.41636      4.73266     -5.01977
    190.00000      0.00000    -14.51135      4.67962     -4.78599
    195.00000      0.00000    -12.42524      4.60451     -4.52483
    200.00000      0.00000    -10.21413      4.48599     -4.24508
    205.00000      0.00000     -7.95066      4.31345     -3.95750
    210.00000      0.00000     -5.71397      4.08892     -3.67357
    215.00000      0.00000     -3.57923      3.82392     -3.40420
    220.00000      0.00000     -1.60909      3.53625     -3.15896
    225.00000      0.00000      0.15145      3.24686     -2.94555
    230.00000      0.00000      1.67604      2.97567     -2.76891
    235.00000      0.00000      2.95447      2.73866     -2.63023
    240.00000      0.00000      3.98840      2.54945     -2.52722
    245.00000      0.00000      4.78822      2.42285     -2.45579
    250.00000      0.00000      5.37169      2.37365     -2.41178
    255.00000      0.00000      5.76363      2.40935     -2.39125
    260.00000      0.00000      5.99516      2.52520     -2.38930
    265.00000      0.00000      6.10254      2.70884     -2.39946
    270.00000      0.00000      6.12574      2.95003     -2.41514
    275.00000      0.00000      6.10587      3.24257     -2.43197
    280.00000      0.00000      6.07939      3.57492     -2.44889
    285.00000      0.00000      6.06902      3.92095     -2.46701
    290.00000      0.00000      6.07566      4.24455     -2.48771
    295.00000      0.00000      6.07641      4.51641     -2.51211
    300.00000      0.00000      6.03168      4.72768     -2.54188
    305.00000      0.00000      5.89895      4.89044     -2.57935
    310.00000      0.00000      5.64843      5.03005     -2.62581
    315.00000      0.00000      5.27640      5.17995     -2.67928
    320.00000      0.00000      4.81318      5.37994     -2.73392
    325.00000      0.00000      4.32257      5.66983     -2.78147
    330.00000      0.00000      3.89091      6.07549     -2.81303
    335.00000      0.00000      3.60700      6.59607     -2.81975
    340.00000      0.00000      3.53859      7.20191     -2.79324
    345.00000      0.00000      3.71293      7.84235     -2.72778
    350.00000      0.00000      4.10690      8.45523     -2.62427
    355.00000      0.00000      4.64830      8.97533     -2.49294
    360.00000      0.00000      5.22757      9.34641     -2.35183
      0.00000      5.00000      3.91442      9.65315     -1.45319
      5.00000      5.00000      4.42254      9.84895     -1.38375
     10.00000      5.00000      4.71707      9.86641     -1.33309
     15.00000      5.00000      4.70396      9.74061     -1.30725
     20.00000      5.00000      4.32761      9.51416     -1.31163
     25.00000      5.00000      3.56809      9.22168     -1.35132
     30.00000      5.00000      2.42948      8.88791     -1.42925
     35.00000      5.00000      0.92677      8.53351     -1.54449
     40.00000      5.00000     -0.92212      8.17826     -1.69296
     45.00000      5.00000     -3.09571      7.84122     -1.86995
     50.00000      5.00000     -5.55944      7.54441     -2.07142
     55.00000      5.00000     -8.25062      7.32053     -2.29237
     60.00000      5.00000    -11.06508      7.21416     -2.52409
     65.00000      5.00000    -13.85494      7.26729     -2.75356
     70.00000      5.00000    -16.44411      7.49449     -2.96617
     75.00000      5.00000    -18.66012      7.86454     -3.14991
     80.00000      5.00000    -20.37286      8.30124     -3.29775
     85.00000      5.00000    -21.52673      8.70217     -3.40755
     90.00000      5.00000    -22.15520      8.96507     -3.48095
     95.00000      5.00000    -22.37295      9.01254     -3.52316
    100.00000      5.00000    -22.34812      8.81049     -3.54330
    105.00000      5.00000    -22.26249      8.37663     -3.55334
    110.00000      5.00000    -22.27079      7.77588     -3.56492
    115.00000      5.00000    -22.46957      7.10306     -3.58589
    120.00000      5.00000    -22.88284      6.45842     -3.61918
    125.00000      5.00000    -23.46632      5.92348     -3.66446
    130.00000      5.00000    -24.12709      5.54357     -3.72019
    135.00000      5.00000    -24.75180      5.32121     -3.78406
    140.00000      5.00000    -25.23489      5.22312     -3.85163
    145.00000      5.00000    -25.49871      5.19876     -3.91568
    150.00000      5.00000    -25.50096      5.20107     -3.96760
    155.00000      5.00000    -25.23014      5.19898     -3.99979
    160.00000      5.00000    -24.69383      5.17794     -4.00689
    165.00000      5.00000    -23.90593      5.13493     -3.98546
    170.00000      5.00000    -22.87716      5.07497     -3.93308
    175.00000      5.00000    -21.61114      5.00924     -3.84852
    180.00000      5.00000    -20.10672      4.94951     -3.73253
    185.00000      5.00000    -18.36566      4.89875     -3.58809
    190.00000      5.00000    -16.40279      4.84538     -3.41987
    195.00000      5.00000    -14.25382      4.76752     -3.23333
    200.00000      5.00000    -11.97667      4.64444     -3.03439
    205.00000      5.00000     -9.64590      4.46578     -2.82947
    210.00000      5.00000     -7.34276      4.23343     -2.62540
    215.00000      5.00000     -5.14453      3.95879     -2.42910
    220.00000      5.00000     -3.11584      3.65983     -2.24730
    225.00000      5.00000     -1.30342      3.35830     -2.08593
    230.00000      5.00000      0.26526      3.07565     -1.94896
    235.00000      5.00000      1.57952      2.82969     -1.83716
    240.00000      5.00000      2.64135      2.63505     -1.74825
    245.00000      5.00000      3.46191      2.50612     -1.67890
    250.00000      5.00000      4.05993      2.45641     -1.62680
    255.00000      5.00000      4.46119      2.49285     -1.59083
    260.00000      5.00000      4.69788      2.61141     -1.56906
    265.00000      5.00000      4.80740      2.80057     -1.55740
    270.00000      5.00000      4.83077      3.04927     -1.55101
    275.00000      5.00000      4.80958      3.34886     -1.54731
    280.00000      5.00000      4.78010      3.68580     -1.54723
    285.00000      5.00000      4.76454      4.03444     -1.55329
    290.00000      5.00000      4.76354      4.36122     -1.56656
    295.00000      5.00000      4.75446      4.63906     -1.58588
    300.00000      5.00000      4.69834      4.85936     -1.60955
    305.00000      5.00000      4.55335      5.03322     -1.63680
    310.00000      5.00000      4.29048      5.18534     -1.66708
    315.00000      5.00000      3.90701      5.34920     -1.69815
    320.00000      5.00000      3.43439      5.56419     -1.72577
    325.00000      5.00000      2.93743      5.86874     -1.74531
    330.00000      5.00000      2.50316      6.28782     -1.75321
    335.00000      5.00000      2.22081      6.82173     -1.74647
    340.00000      5.00000      2.15862      7.44331     -1.72169
    345.00000      5.00000      2.34426      8.10281     -1.67613
    350.00000      5.00000      2.75433      8.73554     -1.61081
    355.00000      5.00000      3.31511      9.27194     -1.53272
    360.00000      5.00000      3.91442      9.65315     -1.45319
      0.00000     10.00000      2.74373      9.86994     -0.50522
      5.00000     10.00000      3.24264     10.06673     -0.49956
     10.00000     10.00000      3.52819     10.08486     -0.50238
     15.00000     10.00000      3.50663      9.95803     -0.51390
     20.00000     10.00000      3.12112      9.72623     -0.53640
     25.00000     10.00000      2.34930      9.42318     -0.57355
     30.00000     10.00000      1.19287      9.07607     -0.62760
     35.00000     10.00000     -0.33420      8.70945     -0.69775
     40.00000     10.00000     -2.21309      8.34553     -0.78096
     45.00000     10.00000     -4.41985      8.00315     -0.87399
     50.00000     10.00000     -6.91682      7.70303     -0.97433
     55.00000     10.00000     -9.63847      7.47743     -1.07947
     60.00000     10.00000    -12.47890      7.37137     -1.18613
     65.00000     10.00000    -15.29020      7.42665     -1.29082
     70.00000     10.00000    -17.89806      7.65602     -1.39134
     75.00000     10.00000    -20.13308      8.02591     -1.48760
     80.00000     10.00000    -21.86830      8.45943     -1.58065
     85.00000     10.00000    -23.04978      8.85606     -1.67077
     90.00000     10.00000    -23.71023      9.11664     -1.75628
     95.00000     10.00000    -23.96128      9.16573     -1.83409
    100.00000     10.00000    -23.96683      8.96885     -1.90137
    105.00000     10.00000    -23.90467      8.54196     -1.95666
    110.00000     10.00000    -23.92689      7.94845     -1.99987
    115.00000     10.00000    -24.12933      7.28216     -2.03177
    120.00000     10.00000    -24.53725      6.64189     -2.05426
    125.00000     10.00000    -25.10941      6.10676     -2.07116
    130.00000     10.00000    -25.75699      5.72009     -2.08827
    135.00000     10.00000    -26.37069      5.48503     -2.11125
    140.00000     10.00000    -26.84754      5.37209     -2.14251
    145.00000     10.00000    -27.11018      5.33552     -2.17950
    150.00000     10.00000    -27.11445      5.33123     -2.21594
    155.00000     10.00000    -26.84578      5.32837     -2.24478
    160.00000     10.00000    -26.30862      5.31130     -2.26030
    165.00000     10.00000    -25.51444      5.27608     -2.25838
    170.00000     10.00000    -24.47264      5.22699     -2.23599
    175.00000     10.00000    -23.18682      5.17336     -2.19156
    180.00000     10.00000    -21.65696      5.12397     -2.12599
    185.00000     10.00000    -19.88681      5.07925     -2.04282
    190.00000     10.00000    -17.89323      5.02707     -1.94683
    195.00000     10.00000    -15.71331      4.94693     -1.84224
    200.00000     10.00000    -13.40550      4.81981     -1.73182
    205.00000     10.00000    -11.04432      4.63603     -1.61737
    210.00000     10.00000     -8.71086      4.39710     -1.50076
    215.00000     10.00000     -6.48255      4.11382     -1.38460
    220.00000     10.00000     -4.42461      3.80410     -1.27243
    225.00000     10.00000     -2.58460      3.49053     -1.16815
    230.00000     10.00000     -0.99091      3.19625     -1.07469
    235.00000     10.00000      0.34524      2.94099     -0.99259
    240.00000     10.00000      1.42583      2.74026     -0.92004
    245.00000     10.00000      2.26245      2.60752     -0.85474
    250.00000     10.00000      2.87430      2.55440     -0.79611
    255.00000     10.00000      3.28755      2.58707     -0.74535
    260.00000     10.00000      3.53469      2.70267     -0.70323
    265.00000     10.00000      3.65337      2.89126     -0.66839
    270.00000     10.00000      3.68451      3.14127     -0.63844
    275.00000     10.00000      3.66885      3.44126     -0.61296
    280.00000     10.00000      3.64112      3.77544     -0.59468
    285.00000     10.00000      3.62211      4.11910     -0.58716
    290.00000     10.00000      3.61218      4.44246     -0.59127
    295.00000     10.00000      3.59009      4.72191     -0.60401
    300.00000     10.00000      3.51950      4.94971     -0.62047
    305.00000     10.00000      3.36165      5.13567     -0.63641
    310.00000     10.00000      3.09022      5.30308     -0.64878
    315.00000     10.00000      2.70429      5.48435     -0.65504
    320.00000     10.00000      2.23577      5.71712     -0.65328
    325.00000     10.00000      1.74820      6.03712     -0.64340
    330.00000     10.00000      1.32581      6.46747     -0.62746
    335.00000     10.00000      1.05458      7.00921     -0.60812
    340.00000     10.00000      1.00008      7.63774     -0.58675
    345.00000     10.00000      1.18876      8.30489     -0.56367
    350.00000     10.00000      1.59723      8.94498     -0.54014
    355.00000     10.00000      2.15252      9.48644     -0.51941
    360.00000     10.00000      2.74373      9.86994     -0.50522
      0.00000     15.00000      1.72687      9.98949      0.47313
      5.00000     15.00000      2.18988     10.18369      0.41696
     10.00000     15.00000      2.44488     10.20123      0.36229
     15.00000     15.00000      2.40089     10.07282      0.31426
     20.00000     15.00000      2.00078      9.83524      0.27376
     25.00000     15.00000      1.21961      9.52163      0.23925
     30.00000     15.00000      0.05604      9.16166      0.20976
     35.00000     15.00000     -1.47760      8.78348      0.18629
     40.00000     15.00000     -3.36177      8.41167      0.17091
     45.00000     15.00000     -5.56973      8.06576      0.16527
     50.00000     15.00000     -8.06022      7.76619      0.17002
     55.00000     15.00000    -10.76511      7.54432      0.18447
     60.00000     15.00000    -13.57870      7.44343      0.20561
     65.00000     15.00000    -16.35710      7.50256      0.22694
     70.00000     15.00000    -18.93347      7.73175      0.23856
     75.00000     15.00000    -21.14737      8.09635      0.22969
     80.00000     15.00000    -22.87936      8.52111      0.19242
     85.00000     15.00000    -24.07895      8.90936      0.12475
     90.00000     15.00000    -24.77674      9.16647      0.03153
     95.00000     15.00000    -25.07714      9.22022     -0.07667
    100.00000     15.00000    -25.13369      9.03695     -0.18606
    105.00000     15.00000    -25.11359      8.63097     -0.28259
    110.00000     15.00000    -25.16082      8.06224     -0.35502
    115.00000     15.00000    -25.36739      7.42018     -0.39742
    120.00000     15.00000    -25.75970      6.79878     -0.41067
    125.00000     15.00000    -26.30195      6.27295     -0.40237
    130.00000     15.00000    -26.91337      5.88418     -0.38459
    135.00000     15.00000    -27.49290      5.63762     -0.36970
    140.00000     15.00000    -27.94369      5.50926     -0.36604
    145.00000     15.00000    -28.19089      5.45953     -0.37565
    150.00000     15.00000    -28.18931      5.44829     -0.39522
    155.00000     15.00000    -27.92103      5.44552     -0.41904
    160.00000     15.00000    -27.38644      5.43476     -0.44156
    165.00000     15.00000    -26.59365      5.41121     -0.45831
    170.00000     15.00000    -25.55018      5.37794     -0.46603
    175.00000     15.00000    -24.25959      5.34162     -0.46321
    180.00000     15.00000    -22.72352      5.30703     -0.45101
    185.00000     15.00000    -20.94833      5.27132     -0.43299
    190.00000     15.00000    -18.95322      5.22186     -0.41331
    195.00000     15.00000    -16.77623      5.14023     -0.39435
    200.00000     15.00000    -14.47506      5.00990     -0.37568
    205.00000     15.00000    -12.12220      4.82226     -0.35482
    210.00000     15.00000     -9.79645      4.57829     -0.32895
    215.00000     15.00000     -7.57340      4.28780     -0.29630
    220.00000     15.00000     -5.51730      3.96837     -0.25687
    225.00000     15.00000     -3.67568      3.64330     -0.21212
    230.00000     15.00000     -2.07744      3.33742     -0.16376
    235.00000     15.00000     -0.73442      3.07232     -0.11240
    240.00000     15.00000      0.35502      2.86428     -0.05728
    245.00000     15.00000      1.20241      2.72568      0.00240
    250.00000     15.00000      1.82695      2.66612      0.06561
    255.00000     15.00000      2.25457      2.69090      0.12940
    260.00000     15.00000      2.51730      2.79837      0.19076
    265.00000     15.00000      2.65200      2.98032      0.24827
    270.00000     15.00000      2.69829      3.22482      0.30146
    275.00000     15.00000      2.69474      3.51784      0.34845
    280.00000     15.00000      2.67337      3.84147      0.38518
    285.00000     15.00000      2.65288      4.17244      0.40754
    290.00000     15.00000      2.63342      4.48558      0.41499
    295.00000     15.00000      2.59614      4.76185      0.41180
    300.00000     15.00000      2.50919      4.99525      0.40531
    305.00000     15.00000      2.33898      5.19448      0.40287
    310.00000     15.00000      2.06367      5.38045      0.40987
    315.00000     15.00000      1.68480      5.58278      0.42899
    320.00000     15.00000      1.23385      5.83560      0.45954
    325.00000     15.00000      0.77074      6.17080      0.49705
    330.00000     15.00000      0.37370      6.60920      0.53426
    335.00000     15.00000      0.12192      7.15242      0.56355
    340.00000     15.00000      0.07555      7.77837      0.57929
    345.00000     15.00000      0.25827      8.44109      0.57830
    350.00000     15.00000      0.64698      9.07567      0.55927
    355.00000     15.00000      1.17181      9.61108      0.52293
    360.00000     15.00000      1.72687      9.98949      0.47313
      0.00000     20.00000      0.87321     10.00285      1.46085
      5.00000     20.00000      1.27574     10.19013      1.34864
     10.00000     20.00000      1.48004     10.20471      1.24635
     15.00000     20.00000      1.40013     10.07333      1.16421
     20.00000     20.00000      0.97980      9.82954      1.10692
     25.00000     20.00000      0.19193      9.50624      1.07588
     30.00000     20.00000     -0.96795      9.13535      1.07192
     35.00000     20.00000     -2.48944      8.74786      1.09615
     40.00000     20.00000     -4.35249      8.37050      1.14930
     45.00000     20.00000     -6.52765      8.02412      1.23090
     50.00000     20.00000     -8.97018      7.72954      1.33898
     55.00000     20.00000    -11.61023      7.51665      1.46903
     60.00000     20.00000    -14.34460      7.42493      1.61182
     65.00000     20.00000    -17.03736      7.48866      1.75191
     70.00000     20.00000    -19.53413      7.71473      1.86924
     75.00000     20.00000    -21.68833      8.06895      1.94406
     80.00000     20.00000    -23.39159      8.47979      1.96271
     85.00000     20.00000    -24.59818      8.85616      1.92156
     90.00000     20.00000    -25.33540      9.10901      1.82793
     95.00000     20.00000    -25.69694      9.17051      1.69858
    100.00000     20.00000    -25.82088      9.00899      1.55650
    105.00000     20.00000    -25.85821      8.63726      1.42629
    110.00000     20.00000    -25.93998      8.11014      1.32865
    115.00000     20.00000    -26.15154      7.50943      1.27543
    120.00000     20.00000    -26.52004      6.92118      1.26720
    125.00000     20.00000    -27.01686      6.41463      1.29409
    130.00000     20.00000    -27.57234      6.02972      1.33971
    135.00000     20.00000    -28.09706      5.77480      1.38669
    140.00000     20.00000    -28.50326      5.63241      1.42166
    145.00000     20.00000    -28.72078      5.56993      1.43800
    150.00000     20.00000    -28.70458      5.55189      1.43542
    155.00000     20.00000    -28.43362      5.54986      1.41754
    160.00000     20.00000    -27.90394      5.54713      1.38918
    165.00000     20.00000    -27.11970      5.53800      1.35469
    170.00000     20.00000    -26.08617      5.52394      1.31711
    175.00000     20.00000    -24.80684      5.50840      1.27756
    180.00000     20.00000    -23.28524      5.49173      1.23479
    185.00000     20.00000    -21.53058      5.46763      1.18593
    190.00000     20.00000    -19.56432      5.42290      1.12845
    195.00000     20.00000    -17.42484      5.34131      1.06234
    200.00000     20.00000    -15.16788      5.20907      0.99104
    205.00000     20.00000    -12.86225      5.01887      0.92048
    210.00000     20.00000    -10.58251      4.77132      0.85736
    215.00000     20.00000     -8.40056      4.47530      0.80738
    220.00000     20.00000     -6.37818      4.14788      0.77425
    225.00000     20.00000     -4.56177      3.81284      0.75941
    230.00000     20.00000     -2.98027      3.49629      0.76266
    235.00000     20.00000     -1.64612      3.22125      0.78329
    240.00000     20.00000     -0.55835      3.00459      0.82072
    245.00000     20.00000      0.29398      2.85774      0.87386
    250.00000     20.00000      0.92949      2.78855      0.94002
    255.00000     20.00000      1.37319      2.80141      1.01474
    260.00000     20.00000      1.65582      2.89563      1.09306
    265.00000     20.00000      1.81244      3.06443      1.17090
    270.00000     20.00000      1.88014      3.29582      1.24489
    275.00000     20.00000      1.89425      3.57388      1.31118
    280.00000     20.00000      1.88329      3.87937      1.36505
    285.00000     20.00000      1.86347      4.19083      1.40281
    290.00000     20.00000      1.83497      4.48798      1.42455
    295.00000     20.00000      1.78219      4.75684      1.43531
    300.00000     20.00000      1.67908      4.99385      1.44359
    305.00000     20.00000      1.49886      5.20686      1.45830
    310.00000     20.00000      1.22537      5.41367      1.48597
    315.00000     20.00000      0.86292      5.63947      1.52890
    320.00000     20.00000      0.44161      5.91328      1.58413
    325.00000     20.00000      0.01575      6.26234      1.64376
    330.00000     20.00000     -0.34517      6.70488      1.69676
    335.00000     20.00000     -0.57146      7.24285      1.73183
    340.00000     20.00000     -0.61068      7.85650      1.73986
    345.00000     20.00000     -0.44315      8.50255      1.71524
    350.00000     20.00000     -0.09132      9.11876      1.65668
    355.00000     20.00000      0.37997      9.63711      1.56842
    360.00000     20.00000      0.87321     10.00285      1.46085
      0.00000     25.00000      0.18890      9.89912      2.43056
      5.00000     25.00000      0.51034     10.07366      2.27177
     10.00000     25.00000      0.64660     10.08169      2.12922
     15.00000     25.00000      0.51883      9.94578      2.01801
     20.00000     25.00000      0.07321      9.69649      1.94727
     25.00000     25.00000     -0.71859      9.36638      1.92194
     30.00000     25.00000     -1.86365      8.98876      1.94471
     35.00000     25.00000     -3.35344      8.59625      2.01655
     40.00000     25.00000     -5.16780      8.21715      2.13630
     45.00000     25.00000     -7.27512      7.87400      2.30074
     50.00000     25.00000     -9.62816      7.58851      2.50464
     55.00000     25.00000    -12.15688      7.38880      2.73933
     60.00000     25.00000    -14.76301      7.30931      2.99014
     65.00000     25.00000    -17.32196      7.37824      3.23480
     70.00000     25.00000    -19.69562      7.59905      3.44587
     75.00000     25.00000    -21.75481      7.93881      3.59693
     80.00000     25.00000    -23.40471      8.33129      3.66974
     85.00000     25.00000    -24.60521      8.69240      3.65898
     90.00000     25.00000    -25.37943      8.93995      3.57354
     95.00000     25.00000    -25.80778      9.01173      3.43482
    100.00000     25.00000    -26.00918      8.87899      3.27268
    105.00000     25.00000    -26.11430      8.55308      3.11943
    110.00000     25.00000    -26.23759      8.08229      3.00259
    115.00000     25.00000    -26.45539      7.53836      2.93870
    120.00000     25.00000    -26.79485      6.99713      2.93026
    125.00000     25.00000    -27.23531      6.52096      2.96710
    130.00000     25.00000    -27.72001      6.14819      3.03088
    135.00000     25.00000    -28.17347      5.89075      3.10119
    140.00000     25.00000    -28.51931      5.73796      3.16080
    145.00000     25.00000    -28.69406      5.66447      3.19883
    150.00000     25.00000    -28.65428      5.64011      3.21120
    155.00000     25.00000    -28.37670      5.63900      3.19891
    160.00000     25.00000    -27.85320      5.64484      3.16543
    165.00000     25.00000    -27.08403      5.65119      3.11440
    170.00000     25.00000    -26.07208      5.65757      3.04813
    175.00000     25.00000    -24.82070      5.66407      2.96710
    180.00000     25.00000    -23.33524      5.66691      2.87015
    185.00000     25.00000    -21.62746      5.65658      2.75574
    190.00000     25.00000    -19.72056      5.61923      2.62375
    195.00000     25.00000    -17.65252      5.54022      2.47703
    200.00000     25.00000    -15.47605      5.40799      2.32175
    205.00000     25.00000    -13.25499      5.21654      2.16650
    210.00000     25.00000    -11.05814      4.96659      2.02079
    215.00000     25.00000     -8.95217      4.66658      1.89349
    220.00000     25.00000     -6.99492      4.33334      1.79166
    225.00000     25.00000     -5.23059      3.99083      1.71962
    230.00000     25.00000     -3.68744      3.66571      1.67893
    235.00000     25.00000     -2.37837      3.38169      1.66908
    240.00000     25.00000     -1.30335      3.15584      1.68824
    245.00000     25.00000     -0.45253      2.99877      1.73357
    250.00000     25.00000      0.19141      2.91690      1.80074
    255.00000     25.00000      0.65186      2.91378      1.88389
    260.00000     25.00000      0.95734      2.98918      1.97624
    265.00000     25.00000      1.14011      3.13751      2.07116
    270.00000     25.00000      1.23373      3.34724      2.16268
    275.00000     25.00000      1.26948      3.60194      2.24536
    280.00000     25.00000      1.27202      3.88237      2.31460
    285.00000     25.00000      1.25516      4.16931      2.36786
    290.00000     25.00000      1.21952      4.44688      2.40634
    295.00000     25.00000      1.15330      4.70566      2.43548
    300.00000     25.00000      1.03701      4.94446      2.46358
    305.00000     25.00000      0.85137      5.17038      2.49918
    310.00000     25.00000      0.58631      5.39772      2.54819
    315.00000     25.00000      0.24876      5.64651      2.61181
    320.00000     25.00000     -0.13340      5.93996      2.68550
    325.00000     25.00000     -0.51296      6.30029      2.75958
    330.00000     25.00000     -0.83088      6.74286      2.82119
    335.00000     25.00000     -1.02875      7.26927      2.85694
    340.00000     25.00000     -1.06334      7.86146      2.85539
    345.00000     25.00000     -0.91977      8.47921      2.80912
    350.00000     25.00000     -0.61961      9.06455      2.71692
    355.00000     25.00000     -0.22115      9.55462      2.58569
    360.00000     25.00000      0.18890      9.89912      2.43056
      0.00000     30.00000     -0.32396      9.66638      3.35160
      5.00000     30.00000     -0.09872      9.82134      3.15915
     10.00000     30.00000     -0.04341      9.81865      2.98760
     15.00000     30.00000     -0.22807      9.67716      2.85617
     20.00000     30.00000     -0.70241      9.42464      2.77820
     25.00000     30.00000     -1.49449      9.09271      2.76200
     30.00000     30.00000     -2.61308      8.71470      2.81194
     35.00000     30.00000     -4.05125      8.32342      2.92868
     40.00000     30.00000     -5.78914      7.94794      3.10922
     45.00000     30.00000     -7.79412      7.61246      3.34754
     50.00000     30.00000    -10.01805      7.33984      3.63486
     55.00000     30.00000    -12.39282      7.15645      3.95846
     60.00000     30.00000    -14.82752      7.09127      4.29905
     65.00000     30.00000    -17.21138      7.16583      4.62961
     70.00000     30.00000    -19.42504      7.37979      4.91804
     75.00000     30.00000    -21.35864      7.70177      5.13379
     80.00000     30.00000    -22.93225      8.07176      5.25556
     85.00000     30.00000    -24.11175      8.41409      5.27680
     90.00000     30.00000    -24.91549      8.65501      5.20740
     95.00000     30.00000    -25.40915      8.73913      5.07178
    100.00000     30.00000    -25.69044      8.64112      4.90402
    105.00000     30.00000    -25.86733      8.37050      4.74074
    110.00000     30.00000    -26.03555      7.96794      4.61320
    115.00000     30.00000    -26.26073      7.49369      4.54079
    120.00000     30.00000    -26.56901      7.01216      4.52804
    125.00000     30.00000    -26.94748      6.57802      4.56599
    130.00000     30.00000    -27.35272      6.22754      4.63661
    135.00000     30.00000    -27.72415      5.97577      4.71857
    140.00000     30.00000    -27.99820      5.81840      4.79243
    145.00000     30.00000    -28.11972      5.73723      4.84417
    150.00000     30.00000    -28.04843      5.70788      4.86644
    155.00000     30.00000    -27.76009      5.70791      4.85756
    160.00000     30.00000    -27.24338      5.72212      4.81911
    165.00000     30.00000    -26.49507      5.74335      4.75325
    170.00000     30.00000    -25.51596      5.76908      4.66102
    175.00000     30.00000    -24.30921      5.79640      4.54194
    180.00000     30.00000    -22.88160      5.81824      4.39497
    185.00000     30.00000    -21.24677      5.82268      4.22009
    190.00000     30.00000    -19.42876      5.79513      4.01989
    195.00000     30.00000    -17.46419      5.72168      3.80021
    200.00000     30.00000    -15.40184      5.59204      3.56991
    205.00000     30.00000    -13.29963      5.40112      3.33983
    210.00000     30.00000    -11.21960      5.15015      3.12157
    215.00000     30.00000     -9.22197      4.84786      2.92633
    220.00000     30.00000     -7.35949      4.51127      2.76356
    225.00000     30.00000     -5.67306      4.16433      2.63987
    230.00000     30.00000     -4.18959      3.83356      2.55831
    235.00000     30.00000     -2.92206      3.54249      2.51873
    240.00000     30.00000     -1.87151      3.30790      2.51860
    245.00000     30.00000     -1.02965      3.13962      2.55386
    250.00000     30.00000     -0.38106      3.04285      2.61898
    255.00000     30.00000      0.09523      3.02016      2.70696
    260.00000     30.00000      0.42469      3.07130      2.80950
    265.00000     30.00000      0.63582      3.19162      2.91788
    270.00000     30.00000      0.75783      3.37087      3.02395
    275.00000     30.00000      0.81753      3.59388      3.12107
    280.00000     30.00000      0.83577      3.84310      3.20488
    285.00000     30.00000      0.82440      4.10205      3.27414
    290.00000     30.00000      0.78494      4.35842      3.33119
    295.00000     30.00000      0.70972      4.60601      3.38153
    300.00000     30.00000      0.58588      4.84502      3.43240
    305.00000     30.00000      0.40140      5.08141      3.49056
    310.00000     30.00000      0.15190      5.32612      3.56004
    315.00000     30.00000     -0.15371      5.59418      3.64045
    320.00000     30.00000     -0.49051      5.90329      3.72627
    325.00000     30.00000     -0.81907      6.27082      3.80737
    330.00000     30.00000     -1.09155      6.70880      3.87059
    335.00000     30.00000     -1.26149      7.21757      3.90192
    340.00000     30.00000     -1.29549      7.77990      3.88888
    345.00000     30.00000     -1.18377      8.35870      3.82336
    350.00000     30.00000     -0.94676      8.90152      3.70456
    355.00000     30.00000     -0.63532      9.35230      3.54128
    360.00000     30.00000     -0.32396      9.66638      3.35160
      0.00000     35.00000     -0.66733      9.29374      4.19510
      5.00000     35.00000     -0.54658      9.42276      3.98446
     10.00000     35.00000     -0.57929      9.40575      3.79837
     15.00000     35.00000     -0.82538      9.25851      3.65868
     20.00000     35.00000     -1.32889      9.00613      3.58172
     25.00000     35.00000     -2.11601      8.67848      3.57833
     30.00000     35.00000     -3.19596      8.30762      3.65415
     35.00000     35.00000     -4.56297      7.92533      3.80978
     40.00000     35.00000     -6.19792      7.56061      4.04101
     45.00000     35.00000     -8.06852      7.23877      4.33964
     50.00000     35.00000    -10.12783      6.98349      4.69379
     55.00000     35.00000    -12.31201      6.81918      5.08693
     60.00000     35.00000    -14.53971      6.76935      5.49601
     65.00000     35.00000    -16.71573      6.84888      5.89083
     70.00000     35.00000    -18.74041      7.05368      6.23702
     75.00000     35.00000    -20.52373      7.35410      6.50247
     80.00000     35.00000    -22.00067      7.69719      6.66487
     85.00000     35.00000    -23.14297      8.01719      6.71742
     90.00000     35.00000    -23.96388      8.25035      6.67064
     95.00000     35.00000    -24.51402      8.34894      6.55021
    100.00000     35.00000    -24.86945      8.29091      6.39149
    105.00000     35.00000    -25.11505      8.08312      6.23196
    110.00000     35.00000    -25.32721      7.75771      6.10353
    115.00000     35.00000    -25.55999      7.36292      6.02650
    120.00000     35.00000    -25.83753      6.95146      6.00708
    125.00000     35.00000    -26.15357      6.57005      6.03843
    130.00000     35.00000    -26.47722      6.25235      6.10454
    135.00000     35.00000    -26.76253      6.01568      6.18518
    140.00000     35.00000    -26.95908      5.86129      6.26071
    145.00000     35.00000    -27.02103      5.77766      6.31564
    150.00000     35.00000    -26.91273      5.74638      6.34040
    155.00000     35.00000    -26.61046      5.74887      6.33090
    160.00000     35.00000    -26.10104      5.77130      6.28646
    165.00000     35.00000    -25.37883      5.80581      6.20723
    170.00000     35.00000    -24.44304      5.84789      6.09256
    175.00000     35.00000    -23.29671      5.89228      5.94089
    180.00000     35.00000    -21.94755      5.92992      5.75117
    185.00000     35.00000    -20.41016      5.94771      5.52467
    190.00000     35.00000    -18.70830      5.93069      5.26626
    195.00000     35.00000    -16.87617      5.86513      4.98450
    200.00000     35.00000    -14.95780      5.74097      4.69079
    205.00000     35.00000    -13.00452      5.55343      4.39817
    210.00000     35.00000    -11.07092      5.30418      4.12009
    215.00000     35.00000     -9.21008      5.00254      3.86936
    220.00000     35.00000     -7.46879      4.66587      3.65692
    225.00000     35.00000     -5.88389      4.31791      3.49056
    230.00000     35.00000     -4.48022      3.98456      3.37411
    235.00000     35.00000     -3.27051      3.68864      3.30759
    240.00000     35.00000     -2.25679      3.44632      3.28814
    245.00000     35.00000     -1.43258      3.26669      3.31106
    250.00000     35.00000     -0.78490      3.15387      3.37024
    255.00000     35.00000     -0.29580      3.10921      3.45809
    260.00000     35.00000      0.05641      3.13195      3.56559
    265.00000     35.00000      0.29576      3.21812      3.68284
    270.00000     35.00000      0.44663      3.35941      3.80038
    275.00000     35.00000      0.53119      3.54350      3.91070
    280.00000     35.00000      0.56678      3.75614      4.00944
    285.00000     35.00000      0.56382      3.98422      4.09592
    290.00000     35.00000      0.52516      4.21831      4.17288
    295.00000     35.00000      0.44727      4.45392      4.24533
    300.00000     35.00000      0.32334      4.69127      4.31895
    305.00000     35.00000      0.14771      4.93462      4.39833
    310.00000     35.00000     -0.07937      5.19160      4.48533
    315.00000     35.00000     -0.34791      5.47294      4.57803
    320.00000     35.00000     -0.63650      5.79160      4.67035
    325.00000     35.00000     -0.91366      6.16045      4.75240
    330.00000     35.00000     -1.14248      6.58788      4.81157
    335.00000     35.00000     -1.28817      7.07214      4.83426
    340.00000     35.00000     -1.32683      7.59624      4.80835
    345.00000     35.00000     -1.25356      8.12641      4.72626
    350.00000     35.00000     -1.08739      8.61655      4.58831
    355.00000     35.00000     -0.87138      9.01842      4.40475
    360.00000     35.00000     -0.66733      9.29374      4.19510
      0.00000     40.00000     -0.84755      8.77356      4.93310
      5.00000     40.00000     -0.83205      8.87226      4.72043
     10.00000     40.00000     -0.95294      8.83884      4.53519
     15.00000     40.00000     -1.25938      8.68668      4.40002
     20.00000     40.00000     -1.78852      8.43820      4.33262
     25.00000     40.00000     -2.56323      8.12103      4.34516
     30.00000     40.00000     -3.59199      7.76515      4.44409
     35.00000     40.00000     -4.86959      7.40059      4.63021
     40.00000     40.00000     -6.37808      7.05547      4.89886
     45.00000     40.00000     -8.08688      6.75516      5.24050
     50.00000     40.00000     -9.95237      6.52296      5.64089
     55.00000     40.00000    -11.91728      6.38061      6.08052
     60.00000     40.00000    -13.91161      6.34616      6.53361
     65.00000     40.00000    -15.85653      6.42847      6.96851
     70.00000     40.00000    -17.67189      6.62033      7.35084
     75.00000     40.00000    -19.28660      6.89463      7.64943
     80.00000     40.00000    -20.64952      7.20639      7.84305
     85.00000     40.00000    -21.73762      7.50101      7.92553
     90.00000     40.00000    -22.55906      7.72578      7.90733
     95.00000     40.00000    -23.15008      7.84089      7.81321
    100.00000     40.00000    -23.56629      7.82688      7.67671
    105.00000     40.00000    -23.87071      7.68699      7.53310
    110.00000     40.00000    -24.12122      7.44431      7.41245
    115.00000     40.00000    -24.36035      7.13526      7.33462
    120.00000     40.00000    -24.60928      6.80132      7.30707
    125.00000     40.00000    -24.86684      6.48147      7.32570
    130.00000     40.00000    -25.11288      6.20632      7.37770
    135.00000     40.00000    -25.31465      5.99456      7.44555
    140.00000     40.00000    -25.43427      5.85193      7.51107
    145.00000     40.00000    -25.43548      5.77286      7.55885
    150.00000     40.00000    -25.28828      5.74450      7.57806
    155.00000     40.00000    -24.97106      5.75204      7.56259
    160.00000     40.00000    -24.47033      5.78295      7.50949
    165.00000     40.00000    -23.77934      5.82856      7.41686
    170.00000     40.00000    -22.89653      5.88263      7.28252
    175.00000     40.00000    -21.82491      5.93838      7.10416
    180.00000     40.00000    -20.57261      5.98616      6.88077
    185.00000     40.00000    -19.15421      6.01312      6.61445
    190.00000     40.00000    -17.59209      6.00482      6.31149
    195.00000     40.00000    -15.91705      5.94775      5.98224
    200.00000     40.00000    -14.16763      5.83165      5.64005
    205.00000     40.00000    -12.38811      5.65143      5.29984
    210.00000     40.00000    -10.62526      5.40866      4.97674
    215.00000     40.00000     -8.92461      5.11274      4.68484
    220.00000     40.00000     -7.32657      4.78088      4.43590
    225.00000     40.00000     -5.86341      4.43617      4.23808
    230.00000     40.00000     -4.55746      4.10347      4.09525
    235.00000     40.00000     -3.42086      3.80473      4.00721
    240.00000     40.00000     -2.45653      3.55555      3.97073
    245.00000     40.00000     -1.65992      3.36457      3.98065
    250.00000     40.00000     -1.02072      3.23506      4.03063
    255.00000     40.00000     -0.52440      3.16722      4.11313
    260.00000     40.00000     -0.15345      3.15942      4.21932
    265.00000     40.00000      0.11138      3.20806      4.33948
    270.00000     40.00000      0.28950      3.30695      4.46416
    275.00000     40.00000      0.39860      3.44742      4.58567
    280.00000     40.00000      0.45290      3.61949      4.69937
    285.00000     40.00000      0.46177      3.81393      4.80414
    290.00000     40.00000      0.42953      4.02384      4.90183
    295.00000     40.00000      0.35636      4.24551      4.99602
    300.00000     40.00000      0.24054      4.47824      5.09042
    305.00000     40.00000      0.08140      4.72399      5.18752
    310.00000     40.00000     -0.11753      4.98719      5.28740
    315.00000     40.00000     -0.34619      5.27474      5.38717
    320.00000     40.00000     -0.58698      5.59544      5.48065
    325.00000     40.00000     -0.81597      5.95789      5.55858
    330.00000     40.00000     -1.00635      6.36681      5.60944
    335.00000     40.00000     -1.13383      6.81815      5.62090
    340.00000     40.00000     -1.18299      7.29519      5.58230
    345.00000     40.00000     -1.15303      7.76794      5.48772
    350.00000     40.00000     -1.06123      8.19723      5.33906
    355.00000     40.00000     -0.94291      8.54299      5.14760
    360.00000     40.00000     -0.84755      8.77356      4.93310
      0.00000     45.00000     -0.87695      8.10324      5.53353
      5.00000     45.00000     -0.95995      8.16973      5.33384
     10.00000     45.00000     -1.16204      8.11976      5.16346
     15.00000     45.00000     -1.52165      7.96468      5.04431
     20.00000     45.00000     -2.06837      7.72434      4.99402
     25.00000     45.00000     -2.82074      7.42385      5.02495
     30.00000     45.00000     -3.78548      7.09081      5.14381
     35.00000     45.00000     -4.95751      6.75312      5.35148
     40.00000     45.00000     -6.32037      6.43720      5.64310
     45.00000     45.00000     -7.84646      6.16710      6.00835
     50.00000     45.00000     -9.49727      5.96414      6.43154
     55.00000     45.00000    -11.22392      5.84635      6.89150
     60.00000     45.00000    -12.96887      5.82648      7.36155
     65.00000     45.00000    -14.66950      5.90843      7.81075
     70.00000     45.00000    -16.26388      6.08327      8.20709
     75.00000     45.00000    -17.69790      6.32745      8.52251
     80.00000     45.00000    -18.93253      6.60472      8.73837
     85.00000     45.00000    -19.94906      6.87214      8.84934
     90.00000     45.00000    -20.75099      7.08815      8.86459
     95.00000     45.00000    -21.36181      7.22047      8.80557
    100.00000     45.00000    -21.81919      7.25159      8.70127
    105.00000     45.00000    -22.16687      7.18069      8.58236
    110.00000     45.00000    -22.44615      7.02211      8.47553
    115.00000     45.00000    -22.68869      6.80132      8.39942
    120.00000     45.00000    -22.91202      6.54957      8.36276
    125.00000     45.00000    -23.11818      6.29843      8.36451
    130.00000     45.00000    -23.29541      6.07500      8.39576
    135.00000     45.00000    -23.42197      5.89823      8.44260
    140.00000     45.00000    -23.47111      5.77705      8.48938
    145.00000     45.00000    -23.41574      5.71061      8.52159
    150.00000     45.00000    -23.23217      5.69082      8.52789
    155.00000     45.00000    -22.90214      5.70620      8.50059
    160.00000     45.00000    -22.41344      5.74546      8.43483
    165.00000     45.00000    -21.75950      5.79934      8.32719
    170.00000     45.00000    -20.93874      5.86035      8.17473
    175.00000     45.00000    -19.95428      5.92103      7.97513
    180.00000     45.00000    -18.81420      5.97223      7.72776
    185.00000     45.00000    -17.53223      6.00253      7.43521
    190.00000     45.00000    -16.12846      5.99902      7.10418
    195.00000     45.00000    -14.62954      5.94906      6.74550
    200.00000     45.00000    -13.06804      5.84245      6.37318
    205.00000     45.00000    -11.48090      5.67357      6.00313
    210.00000     45.00000     -9.90698      5.44324      5.65156
    215.00000     45.00000     -8.38415      5.15994      5.33350
    220.00000     45.00000     -6.94630      4.83968      5.06123
    225.00000     45.00000     -5.62094      4.50397      4.84306
    230.00000     45.00000     -4.42767      4.17610      4.68269
    235.00000     45.00000     -3.37781      3.87693      4.57956
    240.00000     45.00000     -2.47504      3.62171      4.52988
    245.00000     45.00000     -1.71674      3.41906      4.52802
    250.00000     45.00000     -1.09540      3.27209      4.56738
    255.00000     45.00000     -0.60001      3.18032      4.64071
    260.00000     45.00000     -0.21720      3.14145      4.74010
    265.00000     45.00000      0.06764      3.15211      4.85718
    270.00000     45.00000      0.26927      3.20796      4.98376
    275.00000     45.00000      0.40132      3.30375      5.11289
    280.00000     45.00000      0.47527      3.43374      5.23977
    285.00000     45.00000      0.49961      3.59247      5.36215
    290.00000     45.00000      0.47983      3.77544      5.47995
    295.00000     45.00000      0.41898      3.97947      5.59432
    300.00000     45.00000      0.31910      4.20271      5.70655
    305.00000     45.00000      0.18299      4.44478      5.81706
    310.00000     45.00000      0.01601      4.70704      5.92466
    315.00000     45.00000     -0.17247      4.99278      6.02605
    320.00000     45.00000     -0.36875      5.30682      6.11551
    325.00000     45.00000     -0.55567      5.65371      6.18500
    330.00000     45.00000     -0.71510      6.03460      6.22466
    335.00000     45.00000     -0.83158      6.44355      6.22429
    340.00000     45.00000     -0.89659      6.86479      6.17550
    345.00000     45.00000     -0.91233      7.27271      6.07460
    350.00000     45.00000     -0.89397      7.63533      5.92501
    355.00000     45.00000     -0.86947      7.92060      5.73836
    360.00000     45.00000     -0.87695      8.10324      5.53353
      0.00000     50.00000     -0.77588      7.28688      5.96063
      5.00000     50.00000     -0.94367      7.32169      5.78654
     10.00000     50.00000     -1.21326      7.25705      5.64254
     15.00000     50.00000     -1.61300      7.10263      5.54870
     20.00000     50.00000     -2.16485      6.87575      5.52150
     25.00000     50.00000     -2.88250      6.59877      5.57260
     30.00000     50.00000     -3.77037      6.29664      5.70821
     35.00000     50.00000     -4.82331      5.99461      5.92881
     40.00000     50.00000     -6.02672      5.71662      6.22915
     45.00000     50.00000     -7.35693      5.48404      6.59842
     50.00000     50.00000     -8.78184      5.31488      7.02050
     55.00000     50.00000    -10.26196      5.22289      7.47429
     60.00000     50.00000    -11.75232      5.21613      7.93447
     65.00000     50.00000    -13.20544      5.29497      8.37316
     70.00000     50.00000    -14.57536      5.45026      8.76278
     75.00000     50.00000    -15.82239      5.66282      9.07987
     80.00000     50.00000    -16.91747      5.90514      9.30896
     85.00000     50.00000    -17.84538      6.14521      9.44529
     90.00000     50.00000    -18.60580      6.35173      9.49547
     95.00000     50.00000    -19.21190      6.49928      9.47588
    100.00000     50.00000    -19.68674      6.57213      9.40919
    105.00000     50.00000    -20.05822      6.56603      9.32008
    110.00000     50.00000    -20.35366      6.48796      9.23099
    115.00000     50.00000    -20.59503      6.35409      9.15894
    120.00000     50.00000    -20.79571      6.18662      9.11363
    125.00000     50.00000    -20.95915      6.01000      9.09702
    130.00000     50.00000    -21.07944      5.84704      9.10418
    135.00000     50.00000    -21.14333      5.71548      9.12507
    140.00000     50.00000    -21.13328      5.62563      9.14697
    145.00000     50.00000    -21.03050      5.57985      9.15695
    150.00000     50.00000    -20.81770      5.57373      9.14378
    155.00000     50.00000    -20.48086      5.59877      9.09889
    160.00000     50.00000    -20.01021      5.64517      9.01631
    165.00000     50.00000    -19.40041      5.70379      8.89195
    170.00000     50.00000    -18.65046      5.76672      8.72297
    175.00000     50.00000    -17.76363      5.82652      8.50771
    180.00000     50.00000    -16.74755      5.87515      8.24631
    185.00000     50.00000    -15.61449      5.90315      7.94162
    190.00000     50.00000    -14.38167      5.89978      7.60001
    195.00000     50.00000    -13.07120      5.85408      7.23150
    200.00000     50.00000    -11.70958      5.75661      6.84939
    205.00000     50.00000    -10.32647      5.60156      6.46911
    210.00000     50.00000     -8.95296      5.38879      6.10683
    215.00000     50.00000     -7.61945      5.12507      5.77778
    220.00000     50.00000     -6.35342      4.82403      5.49452
    225.00000     50.00000     -5.17760      4.50448      5.26559
    230.00000     50.00000     -4.10875      4.18724      5.09485
    235.00000     50.00000     -3.15724      3.89154      4.98169
    240.00000     50.00000     -2.32741      3.63216      4.92214
    245.00000     50.00000     -1.61846      3.41812      4.91022
    250.00000     50.00000     -1.02563      3.25309      4.93912
    255.00000     50.00000     -0.54125      3.13692      5.00193
    260.00000     50.00000     -0.15579      3.06748      5.09179
    265.00000     50.00000      0.14128      3.04189      5.20203
    270.00000     50.00000      0.36070      3.05729      5.32627
    275.00000     50.00000      0.51269      3.11097      5.45882
    280.00000     50.00000      0.60635      3.20038      5.59503
    285.00000     50.00000      0.64926      3.32301      5.73151
    290.00000     50.00000      0.64742      3.47635      5.86594
    295.00000     50.00000      0.60562      3.65779      5.99675
    300.00000     50.00000      0.52813      3.86472      6.12260
    305.00000     50.00000      0.41964      4.09493      6.24192
    310.00000     50.00000      0.28616      4.34714      6.35246
    315.00000     50.00000      0.13571      4.62137      6.45088
    320.00000     50.00000     -0.02159      4.91869      6.53239
    325.00000     50.00000     -0.17431      5.23980      6.59065
    330.00000     50.00000     -0.31123      5.58278      6.61818
    335.00000     50.00000     -0.42371      5.94045      6.60751
    340.00000     50.00000     -0.50828      6.29870      6.55307
    345.00000     50.00000     -0.56894      6.63668      6.45340
    350.00000     50.00000     -0.61843      6.92952      6.31299
    355.00000     50.00000     -0.67806      7.15268      6.14304
    360.00000     50.00000     -0.77588      7.28688      5.96063
      0.00000     55.00000     -0.57306      6.33726      6.18242
      5.00000     55.00000     -0.80605      6.34329      6.04354
     10.00000     55.00000     -1.12378      6.26799      5.93444
     15.00000     55.00000     -1.54560      6.11962      5.87253
     20.00000     55.00000     -2.08639      5.91291      5.87220
     25.00000     55.00000     -2.75509      5.66710      5.94357
     30.00000     55.00000     -3.55380      5.40383      6.09167
     35.00000     55.00000     -4.47733      5.14505      6.31616
     40.00000     55.00000     -5.51336      4.91129      6.61130
     45.00000     55.00000     -6.64276      4.72042      6.96626
     50.00000     55.00000     -7.84036      4.58661      7.36560
     55.00000     55.00000     -9.07614      4.51963      7.79007
     60.00000     55.00000    -10.31681      4.52399      8.21764
     65.00000     55.00000    -11.52807      4.59812      8.62518
     70.00000     55.00000    -12.67727      4.73383      8.99063
     75.00000     55.00000    -13.73621      4.91648      9.29561
     80.00000     55.00000    -14.68375      5.12622      9.52781
     85.00000     55.00000    -15.50755      5.34031      9.68268
     90.00000     55.00000    -16.20462      5.53614      9.76385
     95.00000     55.00000    -16.78058      5.69433      9.78215
    100.00000     55.00000    -17.24758      5.80133      9.75353
    105.00000     55.00000    -17.62143      5.85105      9.69628
    110.00000     55.00000    -17.91841      5.84526      9.62812
    115.00000     55.00000    -18.15230      5.79298      9.56373
    120.00000     55.00000    -18.33225      5.70873      9.51293
    125.00000     55.00000    -18.46166      5.61005      9.47980
    130.00000     55.00000    -18.53811      5.51456      9.46271
    135.00000     55.00000    -18.55438      5.43706      9.45529
    140.00000     55.00000    -18.50002      5.38733      9.44801
    145.00000     55.00000    -18.36324      5.36914      9.43020
    150.00000     55.00000    -18.13270      5.38069      9.39177
    155.00000     55.00000    -17.79892      5.41620      9.32442
    160.00000     55.00000    -17.35519      5.46789      9.22210
    165.00000     55.00000    -16.79800      5.52777      9.08084
    170.00000     55.00000    -16.12727      5.58846      8.89839
    175.00000     55.00000    -15.34637      5.64317      8.67400
    180.00000     55.00000    -14.46219      5.68506      8.40853
    185.00000     55.00000    -13.48519      5.70658      8.10498
    190.00000     55.00000    -12.42949      5.69928      7.76896
    195.00000     55.00000    -11.31271      5.65435      7.40907
    200.00000     55.00000    -10.15547      5.56389      7.03677
    205.00000     55.00000     -8.98065      5.42268      6.66575
    210.00000     55.00000     -7.81209      5.22996      6.31080
    215.00000     55.00000     -6.67315      4.99062      5.98622
    220.00000     55.00000     -5.58526      4.71528      5.70420
    225.00000     55.00000     -4.56649      4.41914      5.47339
    230.00000     55.00000     -3.63072      4.11957      5.29813
    235.00000     55.00000     -2.78721      3.83332      5.17847
    240.00000     55.00000     -2.04072      3.57412      5.11100
    245.00000     55.00000     -1.39211      3.35127      5.09014
    250.00000     55.00000     -0.83903      3.16951      5.10937
    255.00000     55.00000     -0.37684      3.03005      5.16221
    260.00000     55.00000      0.00070      2.93194      5.24265
    265.00000     55.00000      0.30072      2.87343      5.34524
    270.00000     55.00000      0.53075      2.85294      5.46501
    275.00000     55.00000      0.69823      2.86933      5.59729
    280.00000     55.00000      0.81022      2.92183      5.73769
    285.00000     55.00000      0.87318      3.00962      5.88199
    290.00000     55.00000      0.89292      3.13136      6.02624
    295.00000     55.00000      0.87474      3.28494      6.16671
    300.00000     55.00000      0.82368      3.46750      6.29997
    305.00000     55.00000      0.74491      3.67578      6.42283
    310.00000     55.00000      0.64411      3.90669      6.53218
    315.00000     55.00000      0.52765      4.15771      6.62474
    320.00000     55.00000      0.40248      4.42676      6.69673
    325.00000     55.00000      0.27567      4.71139      6.74372
    330.00000     55.00000      0.15336      5.00729      6.76083
    335.00000     55.00000      0.03948      5.30672      6.74359
    340.00000     55.00000     -0.06573      5.59760      6.68924
    345.00000     55.00000     -0.16691      5.86380      6.59834
    350.00000     55.00000     -0.27420      6.08697      6.47602
    355.00000     55.00000     -0.40306      6.24939      6.33248
    360.00000     55.00000     -0.57306      6.33726      6.18242
      0.00000     60.00000     -0.30507      5.27726      6.17452
      5.00000     60.00000     -0.57931      5.25998      6.07690
     10.00000     60.00000     -0.92165      5.18003      6.00763
     15.00000     60.00000     -1.34398      5.04443      5.98070
     20.00000     60.00000     -1.85516      4.86519      6.00764
     25.00000     60.00000     -2.46005      4.65797      6.09634
     30.00000     60.00000     -3.15877      4.44035      6.25032
     35.00000     60.00000     -3.94645      4.23016      6.46838
     40.00000     60.00000     -4.81325      4.04393      6.74471
     45.00000     60.00000     -5.74470      3.89567      7.06928
     50.00000     60.00000     -6.72240      3.79605      7.42858
     55.00000     60.00000     -7.72491      3.75175      7.80646
     60.00000     60.00000     -8.72902      3.76517      8.18524
     65.00000     60.00000     -9.71118      3.83422      8.54706
     70.00000     60.00000    -10.64915      3.95234      8.87537
     75.00000     60.00000    -11.52356      4.10896      9.15645
     80.00000     60.00000    -12.31933      4.29036      9.38078
     85.00000     60.00000    -13.02659      4.48093      9.54403
     90.00000     60.00000    -13.64094      4.66493      9.64729
     95.00000     60.00000    -14.16310      4.82824      9.69667
    100.00000     60.00000    -14.59788      4.96000      9.70216
    105.00000     60.00000    -14.95261      5.05392      9.67607
    110.00000     60.00000    -15.23551      5.10889      9.63119
    115.00000     60.00000    -15.45398      5.12894      9.57894
    120.00000     60.00000    -15.61333      5.12240      9.52794
    125.00000     60.00000    -15.71599      5.10038      9.48291
    130.00000     60.00000    -15.76127      5.07476      9.44440
    135.00000     60.00000    -15.74574      5.05615      9.40908
    140.00000     60.00000    -15.66399      5.05216      9.37078
    145.00000     60.00000    -15.50960      5.06645      9.32181
    150.00000     60.00000    -15.27625      5.09873      9.25440
    155.00000     60.00000    -14.95858      5.14554      9.16180
    160.00000     60.00000    -14.55294      5.20151      9.03893
    165.00000     60.00000    -14.05780      5.26051      8.88253
    170.00000     60.00000    -13.47404      5.31654      8.69106
    175.00000     60.00000    -12.80506      5.36385      8.46442
    180.00000     60.00000    -12.05686      5.39680      8.20396
    185.00000     60.00000    -11.23798      5.40946      7.91262
    190.00000     60.00000    -10.35950      5.39542      7.59522
    195.00000     60.00000     -9.43486      5.34815      7.25881
    200.00000     60.00000     -8.47945      5.26179      6.91266
    205.00000     60.00000     -7.51009      5.13242      6.56799
    210.00000     60.00000     -6.54422      4.95933      6.23713
    215.00000     60.00000     -5.59899      4.74594      5.93235
    220.00000     60.00000     -4.69026      4.49998      5.66449
    225.00000     60.00000     -3.83182      4.23275      5.44172
    230.00000     60.00000     -3.03466      3.95764      5.26875
    235.00000     60.00000     -2.30673      3.68815      5.14666
    240.00000     60.00000     -1.65285      3.43612      5.07341
    245.00000     60.00000     -1.07506      3.21055      5.04470
    250.00000     60.00000     -0.57300      3.01719      5.05510
    255.00000     60.00000     -0.14446      2.85890      5.09892
    260.00000     60.00000      0.21409      2.73658      5.17082
    265.00000     60.00000      0.50710      2.65011      5.26596
    270.00000     60.00000      0.73953      2.59916      5.37990
    275.00000     60.00000      0.91658      2.58353      5.50836
    280.00000     60.00000      1.04349      2.60313      5.64698
    285.00000     60.00000      1.12541      2.65766      5.79119
    290.00000     60.00000      1.16730      2.74618      5.93626
    295.00000     60.00000      1.17398      2.86682      6.07745
    300.00000     60.00000      1.15011      3.01673      6.21029
    305.00000     60.00000      1.10032      3.19232      6.33074
    310.00000     60.00000      1.02925      3.38963      6.43525
    315.00000     60.00000      0.94153      3.60462      6.52067
    320.00000     60.00000      0.84161      3.83321      6.58407
    325.00000     60.00000      0.73341      4.07085      6.62264
    330.00000     60.00000      0.61979      4.31180      6.63378
    335.00000     60.00000      0.50185      4.54843      6.61565
    340.00000     60.00000      0.37827      4.77078      6.56793
    345.00000     60.00000      0.24471      4.96693      6.49279
    350.00000     60.00000      0.09365      5.12413      6.39567
    355.00000     60.00000     -0.08536      5.23054      6.28553
    360.00000     60.00000     -0.30507      5.27726      6.17452
      0.00000     65.00000     -0.01752      4.13855      5.91153
      5.00000     65.00000     -0.30656      4.10572      5.85751
     10.00000     65.00000     -0.64786      4.02836      5.82890
     15.00000     65.00000     -1.04764      3.91228      5.83591
     20.00000     65.00000     -1.51019      3.76673      5.88677
     25.00000     65.00000     -2.03730      3.60346      5.98692
     30.00000     65.00000     -2.62778      3.43563      6.13838
     35.00000     65.00000     -3.27738      3.27653      6.33952
     40.00000     65.00000     -3.97872      3.13846      6.58519
     45.00000     65.00000     -4.72164      3.03175      6.86715
     50.00000     65.00000     -5.49362      2.96411      7.17467
     55.00000     65.00000     -6.28039      2.94021      7.49539
     60.00000     65.00000     -7.06674      2.96154      7.81614
     65.00000     65.00000     -7.83737      3.02639      8.12394
     70.00000     65.00000     -8.57778      3.13012      8.40692
     75.00000     65.00000     -9.27514      3.26557      8.65517
     80.00000     65.00000     -9.91895      3.42357      8.86153
     85.00000     65.00000    -10.50151      3.59384      9.02203
     90.00000     65.00000    -11.01812      3.76580      9.13612
     95.00000     65.00000    -11.46686      3.92970      9.20650
    100.00000     65.00000    -11.84817      4.07753      9.23858
    105.00000     65.00000    -12.16414      4.20385      9.23960
    110.00000     65.00000    -12.41769      4.30636      9.21762
    115.00000     65.00000    -12.61177      4.38591      9.18032
    120.00000     65.00000    -12.74872      4.44619      9.13400
    125.00000     65.00000    -12.82971      4.49287      9.08272
    130.00000     65.00000    -12.85465      4.53247      9.02797
    135.00000     65.00000    -12.82220      4.57110      8.96866
    140.00000     65.00000    -12.73010      4.61343      8.90167
    145.00000     65.00000    -12.57559      4.66199      8.82260
    150.00000     65.00000    -12.35598      4.71699      8.72668
    155.00000     65.00000    -12.06914      4.77659      8.60956
    160.00000     65.00000    -11.71390      4.83752      8.46790
    165.00000     65.00000    -11.29042      4.89570      8.29957
    170.00000     65.00000    -10.80038      4.94676      8.10374
    175.00000     65.00000    -10.24709      4.98630      7.88079
    180.00000     65.00000     -9.63558      5.00991      7.63227
    185.00000     65.00000     -8.97257      5.01309      7.36095
    190.00000     65.00000     -8.26638      4.99127      7.07098
    195.00000     65.00000     -7.52676      4.94005      6.76803
    200.00000     65.00000     -6.76468      4.85571      6.45932
    205.00000     65.00000     -5.99189      4.73592      6.15346
    210.00000     65.00000     -5.22051      4.58056      5.85989
    215.00000     65.00000     -4.46246      4.39220      5.58811
    220.00000     65.00000     -3.72890      4.17627      5.34680
    225.00000     65.00000     -3.02977      3.94065      5.14285
    230.00000     65.00000     -2.37334      3.69488      4.98079
    235.00000     65.00000     -1.76603      3.44898      4.86253
    240.00000     65.00000     -1.21230      3.21235      4.78748
    245.00000     65.00000     -0.71477      2.99292      4.75312
    250.00000     65.00000     -0.27440      2.79671      4.75561
    255.00000     65.00000      0.10923      2.62781      4.79051
    260.00000     65.00000      0.43766      2.48875      4.85323
    265.00000     65.00000      0.71321      2.38097      4.93930
    270.00000     65.00000      0.93880      2.30528      5.04439
    275.00000     65.00000      1.11777      2.26212      5.16420
    280.00000     65.00000      1.25366      2.25164      5.29430
    285.00000     65.00000      1.35016      2.27350      5.43011
    290.00000     65.00000      1.41099      2.32673      5.56688
    295.00000     65.00000      1.43983      2.40950      5.69989
    300.00000     65.00000      1.44030      2.51910      5.82465
    305.00000     65.00000      1.41588      2.65206      5.93714
    310.00000     65.00000      1.36986      2.80429      6.03390
    315.00000     65.00000      1.30527      2.97128      6.11212
    320.00000     65.00000      1.22467      3.14818      6.16955
    325.00000     65.00000      1.13001      3.32965      6.20455
    330.00000     65.00000      1.02228      3.50968      6.21618
    335.00000     65.00000      0.90130      3.68137      6.20442
    340.00000     65.00000      0.76537      3.83693      6.17065
    345.00000     65.00000      0.61118      3.96801      6.11804
    350.00000     65.00000      0.43375      4.06635      6.05194
    355.00000     65.00000      0.22665      4.12484      5.97993
    360.00000     65.00000     -0.01752      4.13855      5.91153
      0.00000     70.00000      0.23117      2.95725      5.35575
      5.00000     70.00000     -0.04574      2.91761      5.34447
     10.00000     70.00000     -0.36042      2.84986      5.35401
     15.00000     70.00000     -0.71524      2.75856      5.39092
     20.00000     70.00000     -1.11150      2.65024      5.46036
     25.00000     70.00000     -1.54902      2.53298      5.56552
     30.00000     70.00000     -2.02605      2.41566      5.70729
     35.00000     70.00000     -2.53912      2.30728      5.88411
     40.00000     70.00000     -3.08308      2.21616      6.09209
     45.00000     70.00000     -3.65128      2.14938      6.32526
     50.00000     70.00000     -4.23583      2.11227      6.57607
     55.00000     70.00000     -4.82792      2.10814      6.83592
     60.00000     70.00000     -5.41823      2.13817      7.09576
     65.00000     70.00000     -5.99742      2.20147      7.34670
     70.00000     70.00000     -6.55652      2.29521      7.58058
     75.00000     70.00000     -7.08736      2.41494      7.79045
     80.00000     70.00000     -7.58291      2.55495      7.97099
     85.00000     70.00000     -8.03748      2.70880      8.11876
     90.00000     70.00000     -8.44682      2.86976      8.23233
     95.00000     70.00000     -8.80809      3.03145      8.31217
    100.00000     70.00000     -9.11968      3.18833      8.36046
    105.00000     70.00000     -9.38096      3.33614      8.38062
    110.00000     70.00000     -9.59196      3.47225      8.37677
    115.00000     70.00000     -9.75303      3.59569      8.35312
    120.00000     70.00000     -9.86456      3.70700      8.31341
    125.00000     70.00000     -9.92676      3.80790      8.26040
    130.00000     70.00000     -9.93955      3.90072      8.19563
    135.00000     70.00000     -9.90253      3.98782      8.11933
    140.00000     70.00000     -9.81510      4.07108      8.03064
    145.00000     70.00000     -9.67659      4.15148      7.92794
    150.00000     70.00000     -9.48650      4.22895      7.80927
    155.00000     70.00000     -9.24470      4.30239      7.67278
    160.00000     70.00000     -8.95166      4.36987      7.51704
    165.00000     70.00000     -8.60858      4.42886      7.34132
    170.00000     70.00000     -8.21756      4.47649      7.14565
    175.00000     70.00000     -7.78166      4.50971      6.93089
    180.00000     70.00000     -7.30492      4.52543      6.69876
    185.00000     70.00000     -6.79236      4.52059      6.45188
    190.00000     70.00000     -6.24992      4.49230      6.19380
    195.00000     70.00000     -5.68432      4.43804      5.92905
    200.00000     70.00000     -5.10294      4.35593      5.66307
    205.00000     70.00000     -4.51355      4.24514      5.40211
    210.00000     70.00000     -3.92407      4.10622      5.15283
    215.00000     70.00000     -3.34231      3.94134      4.92194
    220.00000     70.00000     -2.77568      3.75436      4.71560
    225.00000     70.00000     -2.23091      3.55059      4.53895
    230.00000     70.00000     -1.71384      3.33646      4.39572
    235.00000     70.00000     -1.22929      3.11890      4.28794
    240.00000     70.00000     -0.78097      2.90480      4.21602
    245.00000     70.00000     -0.37150      2.70048      4.17887
    250.00000     70.00000     -0.00246      2.51135      4.17424
    255.00000     70.00000      0.32549      2.34177      4.19906
    260.00000     70.00000      0.61252      2.19502      4.24975
    265.00000     70.00000      0.85942      2.07346      4.32245
    270.00000     70.00000      1.06752      1.97869      4.41316
    275.00000     70.00000      1.23857      1.91161      4.51775
    280.00000     70.00000      1.37458      1.87254      4.63202
    285.00000     70.00000      1.47775      1.86117      4.75171
    290.00000     70.00000      1.55042      1.87650      4.87257
    295.00000     70.00000      1.59493      1.91684      4.99046
    300.00000     70.00000      1.61359      1.97976      5.10152
    305.00000     70.00000      1.60858      2.06216      5.20232
    310.00000     70.00000      1.58188      2.16038      5.28996
    315.00000     70.00000      1.53519      2.27024      5.36216
    320.00000     70.00000      1.46984      2.38719      5.41735
    325.00000     70.00000      1.38663      2.50629      5.45471
    330.00000     70.00000      1.28578      2.62229      5.47425
    335.00000     70.00000      1.16682      2.72969      5.47695
    340.00000     70.00000      1.02847      2.82289      5.46492
    345.00000     70.00000      0.86872      2.89647      5.44151
    350.00000     70.00000      0.68483      2.94560      5.41141
    355.00000     70.00000      0.47351      2.96657      5.38052
    360.00000     70.00000      0.23117      2.95725      5.35575
      0.00000     75.00000      0.36716      1.76891      4.46267
      5.00000     75.00000      0.12796      1.73039      4.49153
     10.00000     75.00000     -0.13638      1.67768      4.53538
     15.00000     75.00000     -0.42609      1.61392      4.59782
     20.00000     75.00000     -0.74082      1.54331      4.68154
     25.00000     75.00000     -1.07953      1.47077      4.78805
     30.00000     75.00000     -1.44042      1.40166      4.91754
     35.00000     75.00000     -1.82088      1.34136      5.06881
     40.00000     75.00000     -2.21757      1.29491      5.23927
     45.00000     75.00000     -2.62646      1.26665      5.42518
     50.00000     75.00000     -3.04292      1.25995      5.62185
     55.00000     75.00000     -3.46194      1.27706      5.82391
     60.00000     75.00000     -3.87825      1.31898      6.02573
     65.00000     75.00000     -4.28653      1.38546      6.22166
     70.00000     75.00000     -4.68161      1.47511      6.40642
     75.00000     75.00000     -5.05861      1.58554      6.57534
     80.00000     75.00000     -5.41312      1.71356      6.72459
     85.00000     75.00000     -5.74125      1.85546      6.85129
     90.00000     75.00000     -6.03975      2.00724      6.95364
     95.00000     75.00000     -6.30597      2.16494      7.03085
    100.00000     75.00000     -6.53788      2.32487      7.08308
    105.00000     75.00000     -6.73393      2.48385      7.11122
    110.00000     75.00000     -6.89305      2.63929      7.11668
    115.00000     75.00000     -7.01448      2.78935      7.10115
    120.00000     75.00000     -7.09772      2.93282      7.06632
    125.00000     75.00000     -7.14246      3.06904      7.01368
    130.00000     75.00000     -7.14848      3.19771      6.94440
    135.00000     75.00000     -7.11573      3.31869      6.85923
    140.00000     75.00000     -7.04424      3.43179      6.75856
    145.00000     75.00000     -6.93423      3.53661      6.64251
    150.00000     75.00000     -6.78617      3.63244      6.51107
    155.00000     75.00000     -6.60081      3.71823      6.36428
    160.00000     75.00000     -6.37925      3.79260      6.20235
    165.00000     75.00000     -6.12306      3.85391      6.02582
    170.00000     75.00000     -5.83423      3.90037      5.83564
    175.00000     75.00000     -5.51530      3.93010      5.63324
    180.00000     75.00000     -5.16928      3.94127      5.42056
    185.00000     75.00000     -4.79967      3.93217      5.20007
    190.00000     75.00000     -4.41041      3.90138      4.97480
    195.00000     75.00000     -4.00583      3.84786      4.74828
    200.00000     75.00000     -3.59052      3.77111      4.52446
    205.00000     75.00000     -3.16927      3.67134      4.30762
    210.00000     75.00000     -2.74691      3.54958      4.10217
    215.00000     75.00000     -2.32819      3.40776      3.91241
    220.00000     75.00000     -1.91769      3.24868      3.74231
    225.00000     75.00000     -1.51963      3.07593      3.59524
    230.00000     75.00000     -1.13783      2.89374      3.47377
    235.00000     75.00000     -0.77561      2.70668      3.37954
    240.00000     75.00000     -0.43573      2.51947      3.31323
    245.00000     75.00000     -0.12038      2.33668      3.27452
    250.00000     75.00000      0.16879      2.16251      3.26228
    255.00000     75.00000      0.43069      2.00068      3.27460
    260.00000     75.00000      0.66472      1.85430      3.30904
    265.00000     75.00000      0.87072      1.72583      3.36271
    270.00000     75.00000      1.04889      1.61708      3.43241
    275.00000     75.00000      1.19974      1.52920      3.51478
    280.00000     75.00000      1.32403      1.46272      3.60631
    285.00000     75.00000      1.42271      1.41753      3.70351
    290.00000     75.00000      1.49681      1.39292      3.80296
    295.00000     75.00000      1.54746      1.38756      3.90141
    300.00000     75.00000      1.57576      1.39959      3.99589
    305.00000     75.00000      1.58277      1.42659      4.08380
    310.00000     75.00000      1.56944      1.46573      4.16299
    315.00000     75.00000      1.53656      1.51376      4.23189
    320.00000     75.00000      1.48470      1.56718      4.28950
    325.00000     75.00000      1.41418      1.62229      4.33552
    330.00000     75.00000      1.32505      1.67531      4.37036
    335.00000     75.00000      1.21705      1.72252      4.39520
    340.00000     75.00000      1.08964      1.76045      4.41199
    345.00000     75.00000      0.94200      1.78603      4.42346
    350.00000     75.00000      0.77313      1.79683      4.43301
    355.00000     75.00000      0.58189      1.79129      4.44464
    360.00000     75.00000      0.36716      1.76891      4.46267
      0.00000     80.00000      0.30490      0.60609      3.20994
      5.00000     80.00000      0.12649      0.57461      3.27605
     10.00000     80.00000     -0.06669      0.54004      3.35112
     15.00000     80.00000     -0.27398      0.50420      3.43662
     20.00000     80.00000     -0.49451      0.46934      3.53353
     25.00000     80.00000     -0.72709      0.43801      3.64224
     30.00000     80.00000     -0.97030      0.41292      3.76253
     35.00000     80.00000     -1.22239      0.39676      3.89349
     40.00000     80.00000     -1.48138      0.39207      4.03359
     45.00000     80.00000     -1.74503      0.40105      4.18072
     50.00000     80.00000     -2.01088      0.42549      4.33230
     55.00000     80.00000     -2.27636      0.46663      4.48540
     60.00000     80.00000     -2.53876      0.52509      4.63686
     65.00000     80.00000     -2.79539      0.60091      4.78349
     70.00000     80.00000     -3.04355      0.69351      4.92216
     75.00000     80.00000     -3.28065      0.80178      5.04999
     80.00000     80.00000     -3.50423      0.92413      5.16439
     85.00000     80.00000     -3.71205      1.05859      5.26319
     90.00000     80.00000     -3.90203      1.20297      5.34469
     95.00000     80.00000     -4.07238      1.35490      5.40763
    100.00000     80.00000     -4.22153      1.51198      5.45123
    105.00000     80.00000     -4.34816      1.67189      5.47513
    110.00000     80.00000     -4.45119      1.83240      5.47931
    115.00000     80.00000     -4.52980      1.99148      5.46404
    120.00000     80.00000     -4.58334      2.14728      5.42981
    125.00000     80.00000     -4.61142      2.29812      5.37724
    130.00000     80.00000     -4.61381      2.44252      5.30704
    135.00000     80.00000     -4.59050      2.57908      5.21998
    140.00000     80.00000     -4.54165      2.70650      5.11688
    145.00000     80.00000     -4.46765      2.82354      4.99860
    150.00000     80.00000     -4.36907      2.92896      4.86607
    155.00000     80.00000     -4.24671      3.02152      4.72034
    160.00000     80.00000     -4.10159      3.10002      4.56258
    165.00000     80.00000     -3.93496      3.16324      4.39417
    170.00000     80.00000     -3.74831      3.21007      4.21667
    175.00000     80.00000     -3.54334      3.23945      4.03187
    180.00000     80.00000     -3.32200      3.25052      3.84183
    185.00000     80.00000     -3.08641      3.24259      3.64879
    190.00000     80.00000     -2.83888      3.21527      3.45524
    195.00000     80.00000     -2.58188      3.16846      3.26383
    200.00000     80.00000     -2.31795      3.10248      3.07729
    205.00000     80.00000     -2.04973      3.01805      2.89844
    210.00000     80.00000     -1.77983      2.91634      2.73001
    215.00000     80.00000     -1.51087      2.79895      2.57458
    220.00000     80.00000     -1.24537      2.66794      2.43450
    225.00000     80.00000     -0.98571      2.52573      2.31175
    230.00000     80.00000     -0.73411      2.37501      2.20790
    235.00000     80.00000     -0.49260      2.21872      2.12399
    240.00000     80.00000     -0.26298      2.05986      2.06057
    245.00000     80.00000     -0.04681      1.90143      2.01762
    250.00000     80.00000      0.15461      1.74630      1.99463
    255.00000     80.00000      0.34021      1.59712      1.99059
    260.00000     80.00000      0.50917      1.45624      2.00408
    265.00000     80.00000      0.66090      1.32564      2.03332
    270.00000     80.00000      0.79498      1.20691      2.07628
    275.00000     80.00000      0.91122      1.10116      2.13071
    280.00000     80.00000      1.00955      1.00908      2.19428
    285.00000     80.00000      1.09003      0.93089      2.26462
    290.00000     80.00000      1.15284      0.86636      2.33942
    295.00000     80.00000      1.19821      0.81485      2.41649
    300.00000     80.00000      1.22641      0.77530      2.49384
    305.00000     80.00000      1.23774      0.74636      2.56978
    310.00000     80.00000      1.23249      0.72635      2.64292
    315.00000     80.00000      1.21093      0.71338      2.71225
    320.00000     80.00000      1.17328      0.70544      2.77719
    325.00000     80.00000      1.11972      0.70045      2.83760
    330.00000     80.00000      1.05036      0.69636      2.89378
    335.00000     80.00000      0.96527      0.69127      2.94648
    340.00000     80.00000      0.86448      0.68351      2.99689
    345.00000     80.00000      0.74801      0.67176      3.04653
    350.00000     80.00000      0.61587      0.65511      3.09724
    355.00000     80.00000      0.46812      0.63317      3.15101
    360.00000     80.00000      0.30490      0.60609      3.20994
      0.00000     85.00000     -0.04108     -0.50119      1.63126
      5.00000     85.00000     -0.13874     -0.52209      1.73217
     10.00000     85.00000     -0.24295     -0.53759      1.83689
     15.00000     85.00000     -0.35309     -0.54697      1.94542
     20.00000     85.00000     -0.46848     -0.54942      2.05759
     25.00000     85.00000     -0.58835     -0.54407      2.17304
     30.00000     85.00000     -0.71187     -0.53004      2.29121
     35.00000     85.00000     -0.83816     -0.50647      2.41132
     40.00000     85.00000     -0.96627     -0.47262      2.53240
     45.00000     85.00000     -1.09520     -0.42783      2.65327
     50.00000     85.00000     -1.22391     -0.37163      2.77261
     55.00000     85.00000     -1.35134     -0.30374      2.88896
     60.00000     85.00000     -1.47641     -0.22411      3.00080
     65.00000     85.00000     -1.59804     -0.13292      3.10652
     70.00000     85.00000     -1.71516     -0.03060      3.20457
     75.00000     85.00000     -1.82672      0.08220      3.29342
     80.00000     85.00000     -1.93173      0.20459      3.37163
     85.00000     85.00000     -2.02923      0.33548      3.43788
     90.00000     85.00000     -2.11834      0.47362      3.49104
     95.00000     85.00000     -2.19825      0.61758      3.53011
    100.00000     85.00000     -2.26822      0.76584      3.55434
    105.00000     85.00000     -2.32763      0.91679      3.56314
    110.00000     85.00000     -2.37593      1.06877      3.55617
    115.00000     85.00000     -2.41268      1.22009      3.53325
    120.00000     85.00000     -2.43754      1.36907      3.49446
    125.00000     85.00000     -2.45030      1.51406      3.44004
    130.00000     85.00000     -2.45081      1.65343      3.37042
    135.00000     85.00000     -2.43909      1.78564      3.28621
    140.00000     85.00000     -2.41522      1.90921      3.18820
    145.00000     85.00000     -2.37941      2.02276      3.07732
    150.00000     85.00000     -2.33198      2.12501      2.95466
    155.00000     85.00000     -2.27334      2.21478      2.82144
    160.00000     85.00000     -2.20401      2.29104      2.67903
    165.00000     85.00000     -2.12461      2.35289      2.52891
    170.00000     85.00000     -2.03585      2.39961      2.37265
    175.00000     85.00000     -1.93850      2.43063      2.21196
    180.00000     85.00000     -1.83345      2.44557      2.04858
    185.00000     85.00000     -1.72163      2.44427      1.88433
    190.00000     85.00000     -1.60402      2.42678      1.72104
    195.00000     85.00000     -1.48167      2.39335      1.56057
    200.00000     85.00000     -1.35564      2.34449      1.40472
    205.00000     85.00000     -1.22704      2.28090      1.25524
    210.00000     85.00000     -1.09694      2.20352      1.11376
    215.00000     85.00000     -0.96646      2.11349      0.98182
    220.00000     85.00000     -0.83666      2.01213      0.86075
    225.00000     85.00000     -0.70860      1.90091      0.75170
    230.00000     85.00000     -0.58327      1.78143      0.65560
    235.00000     85.00000     -0.46162      1.65538      0.57316
    240.00000     85.00000     -0.34457      1.52449      0.50481
    245.00000     85.00000     -0.23292      1.39049      0.45074
    250.00000     85.00000     -0.12744      1.25507      0.41090
    255.00000     85.00000     -0.02880      1.11987      0.38500
    260.00000     85.00000      0.06237      0.98638      0.37254
    265.00000     85.00000      0.14557      0.85597      0.37281
    270.00000     85.00000      0.22032      0.72981      0.38498
    275.00000     85.00000      0.28626      0.60891      0.40805
    280.00000     85.00000      0.34306      0.49404      0.44097
    285.00000     85.00000      0.39049      0.38580      0.48265
    290.00000     85.00000      0.42835      0.28453      0.53197
    295.00000     85.00000      0.45651      0.19043      0.58786
    300.00000     85.00000      0.47489      0.10347      0.64931
    305.00000     85.00000      0.48346      0.02350      0.71542
    310.00000     85.00000      0.48221     -0.04979      0.78539
    315.00000     85.00000      0.47121     -0.11679      0.85860
    320.00000     85.00000      0.45053     -0.17794      0.93456
    325.00000     85.00000      0.42029     -0.23373      1.01294
    330.00000     85.00000      0.38064     -0.28460      1.09359
    335.00000     85.00000      0.33178     -0.33096      1.17648
    340.00000     85.00000      0.27393     -0.37311      1.26174
    345.00000     85.00000      0.20738     -0.41124      1.34955
    350.00000     85.00000      0.13244     -0.44541      1.44021
    355.00000     85.00000      0.04947     -0.47548      1.53402
    360.00000     85.00000     -0.04108     -0.50119      1.63126
      0.00000     90.00000     -0.74052     -1.52550     -0.17155
      5.00000     90.00000     -0.74052     -1.53464     -0.03793
     10.00000     90.00000     -0.74052     -1.53210      0.09598
     15.00000     90.00000     -0.74052     -1.51790      0.22916
     20.00000     90.00000     -0.74052     -1.49214      0.36059
     25.00000     90.00000     -0.74053     -1.45503      0.48928
     30.00000     90.00000     -0.74053     -1.40685      0.61425
     35.00000     90.00000     -0.74053     -1.34796      0.73454
     40.00000     90.00000     -0.74053     -1.27881      0.84925
     45.00000     90.00000     -0.74053     -1.19992      0.95749
     50.00000     90.00000     -0.74053     -1.11191      1.05844
     55.00000     90.00000     -0.74053     -1.01543      1.15133
     60.00000     90.00000     -0.74054     -0.91123      1.23547
     65.00000     90.00000     -0.74054     -0.80008      1.31020
     70.00000     90.00000     -0.74054     -0.68285      1.37496
     75.00000     90.00000     -0.74054     -0.56043      1.42926
     80.00000     90.00000     -0.74054     -0.43374      1.47268
     85.00000     90.00000     -0.74054     -0.30374      1.50489
     90.00000     90.00000     -0.74054     -0.17144      1.52565
     95.00000     90.00000     -0.74054     -0.03783      1.53480
    100.00000     90.00000     -0.74054      0.09607      1.53227
    105.00000     90.00000     -0.74054      0.22924      1.51807
    110.00000     90.00000     -0.74055      0.36066      1.49233
    115.00000     90.00000     -0.74055      0.48934      1.45522
    120.00000     90.00000     -0.74055      0.61429      1.40704
    125.00000     90.00000     -0.74055      0.73457      1.34815
    130.00000     90.00000     -0.74055      0.84926      1.27901
    135.00000     90.00000     -0.74055      0.95748      1.20012
    140.00000     90.00000     -0.74055      1.05842      1.11211
    145.00000     90.00000     -0.74055      1.15130      1.01563
    150.00000     90.00000     -0.74054      1.23542      0.91142
    155.00000     90.00000     -0.74054      1.31014      0.80028
    160.00000     90.00000     -0.74054      1.37489      0.68304
    165.00000     90.00000     -0.74054      1.42917      0.56061
    170.00000     90.00000     -0.74054      1.47258      0.43391
    175.00000     90.00000     -0.74054      1.50478      0.30390
    180.00000     90.00000     -0.74054      1.52552      0.17159
    185.00000     90.00000     -0.74054      1.53466      0.03797
    190.00000     90.00000     -0.74054      1.53212     -0.09594
    195.00000     90.00000     -0.74054      1.51792     -0.22912
    200.00000     90.00000     -0.74053      1.49216     -0.36055
    205.00000     90.00000     -0.74053      1.45505     -0.48924
    210.00000     90.00000     -0.74053      1.40687     -0.61421
    215.00000     90.00000     -0.74053      1.34797     -0.73450
    220.00000     90.00000     -0.74053      1.27882     -0.84921
    225.00000     90.00000     -0.74053      1.19994     -0.95745
    230.00000     90.00000     -0.74053      1.11192     -1.05840
    235.00000     90.00000     -0.74052      1.01545     -1.15129
    240.00000     90.00000     -0.74052      0.91124     -1.23543
    245.00000     90.00000     -0.74052      0.80010     -1.31016
    250.00000     90.00000     -0.74052      0.68287     -1.37492
    255.00000     90.00000     -0.74052      0.56044     -1.42922
    260.00000     90.00000     -0.74052      0.43375     -1.47264
    265.00000     90.00000     -0.74052      0.30376     -1.50485
    270.00000     90.00000     -0.74052      0.17145     -1.52561
    275.00000     90.00000     -0.74051      0.03784     -1.53475
    280.00000     90.00000     -0.74051     -0.09606     -1.53222
    285.00000     90.00000     -0.74051     -0.22922     -1.51803
    290.00000     90.00000     -0.74051     -0.36064     -1.49228
    295.00000     90.00000     -0.74051     -0.48932     -1.45517
    300.00000     90.00000     -0.74051     -0.61427     -1.40699
    305.00000     90.00000     -0.74051     -0.73455     -1.34811
    310.00000     90.00000     -0.74051     -0.84924     -1.27896
    315.00000     90.00000     -0.74051     -0.95746     -1.20008
    320.00000     90.00000     -0.74051     -1.05840     -1.11206
    325.00000     90.00000     -0.74051     -1.15128     -1.01558
    330.00000     90.00000     -0.74051     -1.23540     -0.91137
    335.00000     90.00000     -0.74051     -1.31012     -0.80023
    340.00000     90.00000     -0.74052     -1.37487     -0.68299
    345.00000     90.00000     -0.74052     -1.42915     -0.56056
    350.00000     90.00000     -0.74052     -1.47256     -0.43386
    355.00000     90.00000     -0.74052     -1.50475     -0.30386
    360.00000     90.00000     -0.74052     -1.52550     -0.17155
