1598 3192
   10.096305    -1.454118    60.893704
   14.307634    -1.454118    60.562238
   13.722178     3.101371    60.249814
    9.153894     7.669554    60.249814
    9.153894    -0.511708    60.893704
    3.635542    -0.511708    60.459373
    8.897083     8.705763    60.148057
    2.737158     2.545737    60.148057
    2.478736     0.536188    60.285883
    4.116721    -4.255660    60.202563
   10.096305   -10.235243    60.202563
   10.188289   -10.606606    60.166091
   14.864678    -5.930217    60.166091
   15.321879    -2.372853    60.410107
   18.360685    -2.372853    59.680580
   18.047656     2.347765    59.286246
   15.354925     8.848827    59.286246
   15.174180    12.974116    58.771315
   14.398510    13.749686    58.771315
    8.897083    12.186860    59.693576
   12.573533    18.497909    57.812785
    7.438734    20.624832    57.812785
    7.438734    15.249544    59.103285
   -1.163963    17.693424    57.661056
    5.939884    24.320525    56.776475
   -2.489927    20.828749    56.776475
   -1.217662    16.467202    57.814195
   -6.798782     2.993166    57.814195
   -3.829694     0.536188    58.771315
   -3.485735    -4.652814    58.337891
    0.957015   -15.378505    58.337891
    1.135846   -19.462285    57.828099
    9.435892   -17.104445    59.219550
   10.188289   -15.524290    59.524116
   -0.348698   -22.972700    56.837630
    8.411068   -26.601193    56.837630
    9.435892   -24.074396    57.546202
   16.187015   -21.277993    57.546202
   17.308860   -18.359280    58.135284
   16.918456   -17.436213    58.395822
   17.080763   -13.731251    58.858262
   19.536835    -7.801841    58.858262
   19.816818    -3.577918    59.211087
   22.231380    -3.577918    58.211047
   22.078946    -0.803680    57.966226
   19.897518     7.337686    57.966226
   19.772589    10.859586    57.516682
   17.402759    13.082422    58.005015
   16.274465    19.247888    56.353428
   12.779767    22.742586    56.353428
   11.883399    27.083378    55.015576
    5.939884    24.880087    56.587872
   11.919065    27.466730    54.852865
   10.014194    31.029434    53.588560
    5.017522    32.368294    53.588560
    5.017522    27.874362    55.450007
    3.314957    35.627036    52.049712
    2.953770    36.050688    51.834209
   -5.586261    33.762364    51.834209
   -4.672463    31.466485    52.886537
   -4.240550    22.579372    55.942068
   -7.267468    35.136185    50.832457
  -18.127357    24.276195    50.832457
  -15.202700    23.112135    52.173130
   -7.866222     3.321911    57.408578
  -18.431621    24.304505    50.703396
  -21.716659    12.044501    50.703396
  -11.487764     3.321911    55.908418
  -11.283645    -0.395040    55.580478
   -7.349781   -15.076256    55.580478
   -7.031614   -24.048100    54.435259
   -1.137567   -23.761669    56.461633
   -8.944242   -26.388612    53.040684
   -8.536005   -28.619508    52.443038
   -2.058115   -35.097398    52.443038
   -1.636982   -34.039528    52.927945
    7.554596   -30.632080    55.359534
    8.411068   -27.851494    56.416296
   -2.241177   -37.065338    51.607623
    5.660506   -39.182589    51.607623
    6.060381   -38.713600    51.846198
    7.554596   -35.853725    53.196745
   14.356296   -34.031267    53.196745
   15.916805   -31.112453    54.232450
   15.870762   -30.616967    54.442815
   16.494200   -27.597908    55.373337
   21.742241   -22.349866    55.373337
   22.340794   -19.079034    56.249455
   21.936386   -18.584152    56.544349
   22.075924   -14.651094    57.046383
   23.848611    -8.035378    57.046383
   24.010112    -5.094702    57.305914
   26.357979    -5.094702    55.867110
   24.359008     4.955262    55.867110
   24.276192     6.800691    55.640928
   20.131257    10.854649    57.320523
   18.873097    18.400383    55.231280
   16.581852    21.829493    55.231280
   15.667248    26.961068    53.593396
   14.816620    27.811797    53.593396
   13.309307    32.099192    51.782323
    9.968756    34.331196    51.782323
    8.744549    37.776728    50.070589
    8.687121    38.242695    49.792016
    6.453404    41.562894    48.029706
    2.125206    42.423899    48.029706
    2.125206    39.548207    49.791916
   -0.332981    46.200696    45.415559
   -3.491276    49.566837    42.967850
  -10.548779    48.163095    42.967850
   -9.569896    44.178250    45.529003
   -9.645056    38.706848    48.522170
  -15.226276    52.220881    39.001745
  -25.601257    45.288611    39.001745
  -25.613549    45.253751    39.016455
  -23.593118    40.367502    42.459569
  -24.178674    37.081960    43.508371
  -23.021163    27.360641    47.733805
  -27.676294    31.847217    43.508371
  -28.436751    27.286187    44.771165
  -28.837230    26.894574    44.608858
  -23.086449    12.369015    49.903445
  -31.048682    25.406806    43.435025
  -33.642075    12.369015    43.435025
  -37.461085     9.883222    40.791762
  -39.715859     7.767785    39.152164
  -39.629113     6.203649    39.014641
  -33.907348   -22.561440    39.014641
  -29.680101   -25.405498    41.258433
  -22.041777   -26.347606    45.824401
  -21.506193   -26.216028    46.168662
  -11.357898   -42.337156    45.824401
  -10.008661   -40.987919    47.067146
   -4.409205   -40.321159    49.500951
  -11.981336   -43.844872    44.761997
   -6.426512   -47.556484    44.761997
   -4.903180   -47.810473    45.183634
   -4.870537   -47.782163    45.211340
   -4.336565   -45.608392    46.608534
    5.015306   -41.905948    50.017292
    2.380807   -49.224593    45.211340
    3.630000   -49.293808    45.321157
    5.015306   -47.165274    46.794417
   12.837698   -45.609298    46.794417
   13.221353   -45.039157    47.097068
   13.631806   -41.711200    49.086367
   14.275595   -39.899220    49.986665
   19.865782   -36.164033    49.986665
   21.411783   -31.766720    51.844082
   21.707684   -31.470718    51.844082
   22.379381   -27.701680    53.047132
   25.331140   -23.284016    53.047132
   26.040719   -19.028156    54.225397
   26.300551   -18.773965    54.120114
   26.483613   -14.691091    54.620335
   28.159279    -6.267023    54.620335
   29.249187    -6.348630    53.740893
   38.198866    -6.348630    46.097129
   41.338119    -3.766924    43.066685
   40.317124     2.679936    43.066685
   33.207735     4.989920    48.826131
   28.843469    -6.267023    54.076288
   30.315217     6.500860    50.886962
   20.134179    26.482206    50.886962
   20.105364    26.497520    50.903989
   19.662268    26.961068    50.990835
   18.758444    29.743064    49.767333
   13.309307    35.192201    49.767333
   12.103940    38.738684    47.981649
   12.082279    38.759338    47.977619
   10.889405    41.007261    46.652964
    6.366558    43.311805    46.652964
    4.779250    46.350410    44.488059
    3.376515    47.638794    43.685489
   -0.199387    51.906341    40.524372
   -3.721993    52.464292    40.524372
   -3.721993    50.714072    42.019193
   -6.485954    55.825295    37.279936
   -9.377969    58.467552    34.632038
   -9.704296    58.448107    34.604534
  -16.637272    57.350038    34.604534
  -16.344494    55.607777    36.132198
  -16.400209    54.486133    37.015167
  -18.359081    58.693029    32.811293
  -19.546918    58.480750    32.493932
  -24.860043    55.773510    32.493932
  -25.098013    55.729281    32.419176
  -25.601257    54.248666    33.164622
  -30.724168    49.125857    33.164622
  -28.823629    45.253751    36.925197
  -29.314682    42.613006    37.754870
  -36.154263    29.189546    37.754870
  -36.881977    25.117151    38.842964
  -41.442302    20.152316    36.002332
  -47.062814    15.442479    31.839061
  -48.278357     7.767785    31.839061
  -51.550801     5.076665    28.680060
  -48.219721   -15.954893    28.680060
  -47.888456   -21.867276    28.008464
  -48.318858   -22.419081    27.433789
  -48.197556   -23.097931    27.252339
  -41.970935   -35.318442    27.252339
  -41.032050   -36.038701    27.714275
  -32.025549   -40.818156    33.021457
  -31.302571   -41.574583    33.163312
  -21.549314   -44.889544    38.074145
  -13.026007   -44.889544    43.626651
  -20.777976   -45.660882    38.074145
  -13.760773   -47.940642    41.160404
  -13.026007   -47.579959    41.874013
  -10.125026   -48.119371    42.785292
   -7.342829   -49.537017    42.785292
   -4.794874   -49.992304    43.466157
   -3.405539   -51.268498    42.671244
   -2.956196   -51.293686    42.722223
    3.690853   -52.346417    42.722223
    3.690853   -49.596460    45.070895
    3.941820   -52.651587    42.427631
    5.963560   -54.498829    40.576460
   12.469258   -53.468464    40.576460
   12.522050   -53.305754    40.708240
   12.470769   -53.000382    40.976032
   18.482793   -50.268660    40.708240
   18.836525   -49.602001    41.101163
   18.353129   -45.820066    44.354566
   19.865782   -41.369457    46.595436
   24.583982   -36.651258    46.595436
   26.186100   -31.719872    48.764372
   26.063790   -31.470718    49.006271
   26.346090   -29.953129    49.483018
   32.191072   -18.481590    49.483018
   33.656272   -17.716196    48.439152
   35.969178   -16.964705    46.565413
   36.601382   -16.434863    46.097129
   45.388450    -3.247359    38.479964
   51.022060    -3.247359    31.883894
   51.781409    -2.424941    30.868037
   52.277600    -1.748307    30.182739
   51.279878     5.829869    30.182739
   48.497580     5.509687    33.489740
   42.576230    -3.766924    41.692563
   47.079833     5.628370    35.042492
   52.733794     8.169776    27.433688
   52.378551     9.990621    26.981121
   48.980372    18.194552    26.981121
   48.430380    20.881541    26.185906
   46.732751    22.859153    26.855789
   43.764066    24.438805    28.956517
   34.677973    36.280094    28.956517
   26.772462    40.342415    33.716326
   18.990470    38.970610    42.498357
   18.758444    38.738684    42.905889
   10.502224    45.483863    42.498357
   10.482679    45.520536    42.472364
    8.806510    46.959440    41.904540
    5.714910    51.126339    38.630080
   -0.344265    53.636110    38.630080
   -2.903504    57.097258    35.238449
   -3.606433    58.350582    33.879439
   -4.862175    59.527940    32.694424
   -9.377969    60.122463    32.694424
  -11.660549    62.230142    29.874748
  -11.893482    62.400913    29.638893
  -18.145190    61.577890    29.638893
  -18.129272    61.439360    29.803518
  -18.643799    61.887695    29.053135
  -24.910519    59.291884    29.053135
  -25.202088    59.232240    28.966793
  -25.464238    56.200990    31.780021
  -26.110042    59.617607    27.891091
  -27.059203    59.295612    27.487388
  -31.053316    56.230711    27.487388
  -31.023595    56.200990    27.539677
  -31.023595    49.358185    32.759004
  -32.519524    56.489235    25.832779
  -33.392619    56.040496    25.307068
  -39.052927    48.663820    25.307068
  -39.096048    48.640949    25.276541
  -41.858498    48.261829    22.320752
  -46.241605    45.009837    18.876227
  -55.711655    22.147156    18.876227
  -56.912186    15.993377    20.406008
  -56.195454    14.839896    21.761189
  -55.381600    14.746300    22.728485
  -51.948460     5.076665    28.238777
  -57.441020     5.379015    21.761189
  -57.485451     4.690593    21.815292
  -54.037702     4.690593    25.852122
  -60.615435     0.421736    17.492433
  -61.003321    -0.808818    16.848644
  -60.568788    -7.550068    16.318399
  -59.977691   -12.039465    16.318399
  -59.656804   -16.917353    15.816969
  -56.982207   -20.352407    18.181761
  -54.936085   -21.865261    20.186676
  -52.620963   -27.454440    20.186676
  -49.236182   -29.965823    22.846563
  -46.886805   -32.702583    23.773761
  -38.576684   -39.238605    27.714275
  -31.471930   -42.889465    31.991998
  -31.302571   -42.859542    32.183120
  -23.469801   -45.660882    36.020870
  -21.058865   -47.510844    36.020870
  -14.371718   -49.780328    38.865532
  -13.628892   -49.465082    39.745579
  -10.755920   -50.053157    40.595804
   -3.270433   -53.153723    40.595804
   -3.247362   -53.158257    40.601547
   -1.442737   -54.563410    39.359205
   -0.603594   -55.350263    38.567213
    5.989856   -56.218321    38.567213
    5.989856   -54.641088    40.413951
    7.780880   -57.872023    36.354955
    8.519776   -58.413753    35.606790
   13.197878   -57.797872    35.606790
   13.126245   -57.174837    36.347298
   13.280694   -55.329610    38.368132
   14.531801   -58.626738    34.039631
   18.446121   -57.005275    34.039631
   17.983580   -56.040901    35.351188
   19.422383   -57.419759    32.883027
   24.969751   -53.163093    32.883027
   24.342082   -49.602001    36.901723
   24.583982   -48.925569    37.233189
   36.374494   -33.559860    37.233189
   37.325871   -30.756505    38.425660
   37.945783   -30.034333    38.181040
   38.950054   -29.289190    37.391869
   44.550114   -15.769615    37.391869
   46.362094   -14.429747    35.616361
   48.182637   -13.408752    33.642074
   49.929633   -11.545490    31.883894
   52.435576    -1.719190    29.930261
   55.485263    -1.719190    24.953638
   55.578557    -1.576227    24.775110
   56.197260    -0.428186    23.554429
   56.135500     0.468484    23.490353
   55.306735     7.823903    23.490353
   55.305425     7.841836    23.488741
   55.923422     9.292629    21.681295
   55.697844    10.367223    21.439798
   53.261520    17.329819    21.439798
   52.631433    20.144760    20.682767
   52.889754    21.099765    19.419066
   46.509692    31.253601    19.419066
   46.492564    31.298133    19.398714
   44.901931    33.068603    19.676178
   40.638515    35.489110    22.553785
   34.574402    41.553222    22.553785
   26.654283    45.793869    27.110887
   26.140561    45.104541    28.600871
   26.617509    45.843136    27.072400
    4.454131    59.769336    27.072400
    4.281346    59.299541    27.923935
    3.895677    61.028906    25.363689
    3.472529    61.443188    24.936310
   -5.413879    64.552620    24.936310
   -5.445212    64.100053    25.680546
   -6.170407    65.401938    23.689333
  -12.018613    66.060840    23.689333
  -12.018613    63.081476    28.551403
  -12.609912    66.446811    22.950839
  -18.416811    65.792544    22.950839
  -18.361298    64.989671    24.271262
  -18.728933    62.106523    28.694165
  -18.616395    65.877576    22.702189
  -24.979331    63.651113    22.702189
  -25.580604    63.062535    23.309507
  -25.529927    62.924709    23.559165
  -25.830966    62.971860    23.211277
  -31.885910    59.167257    23.211277
  -32.179091    59.054317    23.077381
  -33.230311    59.147611    21.659936
  -35.870956    57.733692    20.140533
  -38.202400    55.402248    20.140533
  -41.721882    53.404083    17.765162
  -41.914112    53.377083    17.506941
  -45.091046    51.006749    15.022660
  -49.183491    44.493798    15.022660
  -51.341847    42.800703    12.964549
  -54.823850    38.044319    10.828962
  -56.645200    29.907185    13.017140
  -58.865819    23.560974    13.017140
  -60.063227    17.856638    14.299480
  -59.148019    15.708256    16.976092
  -59.422561    11.965110    17.316726
  -60.445773     2.883147    17.316726
  -62.284250    -3.185499    14.321544
  -62.014342    -7.101027    14.041863
  -61.583638   -10.923564    14.041863
  -61.255598   -15.398050    13.634735
  -60.393283   -16.788494    14.694418
  -60.355804   -16.828290    14.744692
  -58.155838   -23.115361    14.744692
  -57.406664   -23.880755    15.517743
  -56.323305   -25.360564    16.182186
  -53.951561   -27.221105    18.443710
  -50.262518   -33.092181    18.443710
  -46.807918   -35.669655    21.145207
  -46.671503   -35.821585    21.168984
  -41.286140   -38.879030    24.803723
  -37.353283   -42.811989    24.803723
  -33.343352   -44.958960    27.111088
  -31.222273   -44.770760    29.971064
  -24.340579   -47.423696    33.113542
  -13.906961   -53.979567    33.113542
  -13.616702   -54.084548    33.227389
  -13.248462   -54.354153    33.062059
  -12.383225   -55.201154    32.188158
   -0.073249   -59.508598    32.188158
    0.509990   -60.059597    31.448354
    0.893543   -60.490100    30.816252
    2.109791   -61.347982    29.640102
    8.710798   -62.091715    29.640102
    8.710798   -59.452582    33.946841
    9.794258   -62.798875    28.286936
   14.720404   -62.243846    28.286936
   14.650887   -61.239575    29.938321
   14.872435   -59.502352    32.603548
   15.889401   -62.741851    26.830501
   20.384743   -61.168849    26.830501
   19.998771   -60.119039    28.732954
   20.249436   -58.689807    30.605181
   21.971749   -61.598042    24.730579
   25.901281   -59.128974    24.730579
   25.470577   -58.551075    25.979671
   26.043137   -54.236377    30.614450
   27.271676   -59.250579    22.882632
   27.707921   -59.016941    22.631665
   33.474621   -53.250241    22.631665
   34.101585   -52.894394    22.208517
   35.596103   -51.230717    21.947777
   35.927871   -50.370014    22.340801
   47.294228   -32.280543    22.340801
   49.015936   -27.523655    24.206379
   49.289874   -27.149572    24.038430
   49.644915   -25.563473    24.464903
   53.483572   -14.593163    24.464903
   54.238689   -10.996003    25.273619
   54.320397   -10.864122    25.173071
   54.480387   -10.637334    24.953638
   58.126915    -0.428186    18.895672
   58.448205     0.363201    17.931902
   58.377479     1.341982    17.870143
   57.755048     7.661495    17.870143
   57.653795     8.949073    17.768688
   58.258191    11.716158    14.294845
   57.945465    13.130983    14.014762
   56.209652    18.853051    14.014762
   55.856726    20.330643    13.664859
   53.021635    21.176334    19.080547
   55.968860    21.897499    11.506704
   52.440815    28.498002    11.506704
   52.398500    28.542533    11.548817
   52.308027    28.659805    11.580352
   50.571911    30.121580    13.117789
   45.673773    36.090081    13.117789
   44.012515    37.381891    14.330108
   41.671802    39.722604    14.330108
   40.753571    40.279144    14.894909
   24.336541    53.752173    14.894909
   22.870031    55.493930    13.352535
   17.826814    59.384674    11.994936
   16.399697    59.971137    12.578578
    6.307116    65.365668    12.578578
    3.791804    66.324501    13.454897
    2.053472    66.200076    15.849209
    2.020628    66.208035    15.856966
   -6.052228    65.721012    22.920614
   -4.849581    68.292038    15.856966
   -5.747662    68.490615    16.034789
   -6.489682    68.328509    16.966319
   -6.495828    67.956139    17.866717
  -12.609912    66.579498    22.643956
  -12.661798    68.936331    16.966319
  -12.661798    66.834092    22.041676
  -12.722449    68.961015    16.892470
  -12.921631    69.029524    16.679687
  -18.371675    68.492731    16.679687
  -18.365428    68.118346    17.585122
  -18.742634    66.218110    21.881686
  -24.116915    66.542322    17.179203
  -18.402504    68.499381    16.641100
  -23.994706    66.803061    16.641100
  -24.157315    66.689416    16.795750
  -24.160942    66.688005    16.794541
  -32.106652    62.441011    16.794541
  -32.303819    62.360008    16.713841
  -32.700772    62.325351    16.126572
  -34.501266    61.313322    15.187486
  -39.867185    56.909662    15.187486
  -41.374095    55.996368    14.260490
  -41.890637    55.853404    13.455199
  -44.792122    53.597119    11.337747
  -47.484350    50.316514    11.337747
  -50.532123    47.750324     8.638769
  -50.971190    47.181190     8.485529
  -52.936107    45.114314     6.530787
  -57.047291    37.422896     6.530787
  -57.065325    37.375644     6.547209
  -58.641249    34.717570     5.169661
  -59.357880    31.717855     5.880046
  -61.624240    24.246776     5.880046
  -62.627000    19.710328     6.778228
  -62.132320    17.445983     9.620975
  -62.544385    12.203584    10.034149
  -63.459291     2.914077    10.034149
  -63.888786    -3.024299    10.409441
  -63.833374    -3.185499    10.581521
  -63.687388    -5.203410    10.453972
  -63.048233   -11.692988    10.453972
  -62.810364   -14.720006    10.215398
  -62.625085   -15.126128    10.537997
  -62.532497   -15.545346    10.454980
  -60.762731   -21.379347    10.454980
  -60.677598   -21.501253    10.570842
  -60.186142   -22.330120    11.000438
  -59.975273   -22.572724    11.269338
  -57.020391   -28.100748    11.269338
  -56.000705   -29.173328    12.283684
  -54.968124   -30.511885    12.643964
  -52.758486   -32.372326    14.600721
  -49.563215   -36.265790    14.600721
  -46.010184   -39.028845    17.193811
  -45.100617   -39.938311    17.193811
  -41.909276   -41.872500    19.156714
  -35.762549   -46.916926    19.156714
  -32.201458   -48.918516    21.014434
  -30.874184   -49.942534    20.657176
  -22.900667   -53.218706    23.917631
  -13.255313   -58.374260    23.917631
  -11.203348   -59.156479    24.632550
   -8.044549   -61.029311    22.995471
   -7.920023   -61.116359    22.877091
    2.703407   -64.338932    22.877091
    2.870954   -64.444014    22.677607
    9.794258   -62.885218    28.087149
    3.619623   -64.965090    21.597773
    3.971239   -65.138883    21.261774
    9.904981   -65.723230    21.261774
    9.904981   -63.429466    26.799571
   10.324905   -65.893698    20.750369
   15.830059   -65.351465    20.750369
   15.820186   -64.761274    22.177688
   16.105307   -63.324586    25.426254
   17.154915   -65.640918    19.087197
   21.798258   -64.232339    19.087197
   21.640383   -63.658470    20.583125
   22.158840   -61.920642    23.902922
   22.594582   -64.289263    17.990337
   26.875327   -62.001242    17.990337
   26.610255   -61.544040    19.351463
   27.734015   -61.926284    16.720087
   32.477402   -58.033525    16.720087
   33.122401   -57.642516    16.323336
   34.940627   -57.139373    13.488849
   35.196329   -56.940594    13.302261
   41.211175   -49.611371    13.302261
   45.711151   -45.822384     9.317316
   46.262049   -44.481408     9.865696
   52.585289   -32.651503     9.865696
   53.262427   -30.875188    10.484600
   52.918468   -26.067120    17.106865
   53.922235   -21.865261    18.101867
   56.716825   -12.652828    18.101867
   57.237599   -10.296700    18.568438
   57.194377   -10.098627    18.816987
   57.272760    -9.101005    18.895672
   58.464325     0.358768    17.866314
   60.364662     0.358768     9.950930
   59.499828    10.243402     9.950930
   59.412780    11.310138     9.879801
   59.478671    14.932485     5.503646
   57.834137    21.070044     5.503646
   57.703263    21.048483     6.080840
   56.031023    21.932359    11.239315
   57.703162    22.028675     4.209921
   55.328194    27.121764     4.209921
   55.298675    27.153097     4.270875
   55.109266    27.071187     5.202707
   50.671452    33.761558     4.270875
   50.589139    33.891324     4.201257
   50.466830    34.139067     3.789796
   49.893867    34.851668     3.331184
   38.959625    45.785910     3.331184
   37.417855    47.525048     1.973484
   32.701369    51.598552     1.392059
   30.330632    53.100727     2.663215
   20.485794    59.994108     2.663215
   16.436269    62.344191     4.496352
   16.207366    62.413406     4.839908
   11.472442    64.439176     6.510839
    7.446190    66.316643     6.510839
    4.069772    67.644017     7.522363
    3.018350    67.787686     8.941219
    1.807341    68.088323     9.186241
   -3.508001    69.512618     9.186241
   -4.845652    69.817285     9.413432
   -6.202949    69.792500    11.053130
   -6.202244    69.783231    11.091817
  -12.394610    70.334230    11.053130
  -12.512991    70.342996    11.059578
  -12.681645    70.316096    11.233270
  -12.935333    70.268441    11.524133
  -12.935333    69.080201    16.473352
  -18.048571    69.821113    11.524133
  -18.055624    69.725905    11.918165
  -18.447136    68.612220    16.176947
  -23.113853    68.469458    11.500659
  -18.368753    69.826957    11.137155
  -18.397668    69.820307    11.132319
  -23.127555    68.552979    11.132319
  -24.226833    68.402762     9.648883
  -24.842311    68.160762     9.464512
  -30.400863    65.568779     9.464512
  -31.134319    65.254945     9.205686
  -31.252196    65.219380     9.028770
  -31.739118    64.936778     8.808330
  -38.953588    59.885198     8.808330
  -40.042186    59.195467     8.224688
  -40.618373    58.697664     8.295717
  -42.597395    57.106627     7.022344
  -47.171019    52.533003     7.022344
  -49.253209    50.686970     5.396751
  -49.789196    50.066555     5.320282
  -51.329757    48.388673     3.939107
  -54.033168    44.527750     3.939107
  -55.140405    43.170554     2.676413
  -56.359575    41.257019     2.026781
  -56.626964    40.860167     1.689774
  -59.769341    34.121335     1.689774
  -59.786771    34.091009     1.659448
  -60.993246    31.426790     0.195961
  -61.462335    29.537434     0.578305
  -63.495763    21.948378     0.578305
  -64.125447    19.183408     1.047999
  -64.422658    18.183973     0.260440
  -64.800872    13.553023     0.569338
  -65.438918     6.258860     0.569338
  -65.861159     0.585656     0.878236
  -65.318321    -2.812222     4.377468
  -65.278525    -3.024299     4.620677
  -64.514239   -11.760389     4.620677
  -64.451372   -12.529914     4.569396
  -63.996891   -14.057780     5.773352
  -63.891406   -14.339878     6.081444
  -62.458244   -19.688367     6.081444
  -62.402127   -19.806345     6.185115
  -62.100382   -20.472500     6.551038
  -61.935254   -20.759536     6.837871
  -59.839966   -25.252963     6.837871
  -59.597261   -25.613243     7.143747
  -59.147011   -26.319900     7.383631
  -58.215582   -27.461795     8.445934
  -55.562344   -31.250782     8.445934
  -54.284639   -32.642334     9.591456
  -53.488013   -33.564797     9.705101
  -51.335601   -35.472992    11.385603
  -44.173218   -42.635375    11.385603
  -43.737476   -42.985681    11.665888
  -41.539223   -44.884406    11.394973
  -40.965052   -45.248111    11.702762
  -29.783470   -53.077556    11.702762
  -28.934454   -53.570221    12.087122
  -26.123240   -55.361447    11.132621
  -23.286840   -56.574974    12.133668
   -6.228036   -64.529550    12.133668
   -6.086483   -64.585164    12.175983
   -5.890223   -64.674126    12.068181
   -5.818187   -64.708381    12.004910
    4.038741   -67.349529    12.004910
    4.662280   -67.491585    12.110798
    4.626211   -67.001137    14.140296
   10.324905   -66.282591    19.210111
    4.678299   -67.496421    12.096290
   10.372257   -67.994628    12.096290
   10.372257   -66.457493    18.498719
   11.296735   -68.168219    11.036103
   11.690565   -68.231087    10.630586
   16.895888   -67.775699    10.630586
   16.932057   -67.284646    12.662905
   17.343115   -66.115649    17.133160
   17.382911   -67.784565    10.042209
   22.239641   -66.483284    10.042209
   22.154911   -65.968454    12.311390
   22.825097   -64.700623    16.222385
   22.544912   -66.441574     9.630244
   26.935878   -64.393941     9.630244
   26.763092   -63.994268    11.596371
   27.813003   -62.030660    16.235180
   27.856930   -64.115268     8.247155
   33.388178   -60.242256     8.247155
   33.617685   -60.096875     8.124140
   36.447839   -58.699177     3.422866
   37.991422   -57.458144     2.429678
   41.190017   -54.259549     2.429678
   43.882850   -51.872089     0.327237
   45.801624   -45.890692     8.897090
   44.781435   -51.213590    -1.324450
   45.480737   -50.451924    -1.951414
   49.750299   -44.354363    -1.951414
   49.957843   -43.668460    -0.921452
   51.079487   -41.046757     0.003731
   52.911012   -37.118937     0.003731
   54.879456   -32.111989     1.503588
   55.776127   -29.546504     2.730214
   56.238567   -28.281997     2.440458
   56.307076   -28.097021     2.360463
   59.979396   -14.391966     2.360463
   60.089112   -13.909880     2.442372
   60.007202    -9.408392     7.880629
   59.698808    -9.431161     9.156722
   60.701467    -1.472556     7.880629
   60.660865    -1.218264     8.142477
   60.782571    -1.524341     6.902049
   61.714604    -1.524341    -4.940954
   61.714604     0.840149    -7.305343
   60.883925    11.395069    -7.305343
   60.694113    13.686113    -7.184242
   60.660865    13.890634    -6.966422
   60.607972    14.200338    -6.671528
   59.721074    15.091468     2.574858
   59.006458    20.870963    -6.671528
   58.943590    21.062286    -6.438797
   58.777152    21.092712    -4.252432
   57.911008    22.180202     1.656224
   56.858579    26.095932    -6.438797
   56.666248    26.076286    -3.589802
   55.560422    27.312885     1.263805
   56.770423    26.268012    -6.679286
   53.634998    31.384475    -6.679286
   53.566992    31.353444    -5.464650
   53.397935    31.709896    -7.204090
   52.624179    32.683539    -7.945304
   46.325219    40.058604    -7.945304
   45.891896    40.537365    -8.258433
   42.944368    43.484993    -8.258433
   41.795522    44.524728    -7.507245
   32.733709    52.264304    -7.507245
   30.528000    54.017245    -5.828053
   28.926184    55.138889    -5.828053
   24.362433    58.081580    -3.792309
   19.564843    61.021451    -3.792309
   15.221331    63.430774    -0.272524
   14.980640    63.543009    -0.272524
   11.797762    64.926400     0.651651
    5.034952    67.727639     0.651651
    3.728533    68.188568     1.791430
    3.145496    68.380194     2.500606
    2.237844    68.608996     2.649413
   -4.065649    70.122253     2.649413
   -4.743794    70.238115     3.295015
   -5.367433    70.339469     3.959458
   -5.365116    70.334230     4.023736
  -10.731034    70.761610     3.959458
  -12.512991    70.761610     5.741314
  -17.866517    70.340275     5.741314
  -17.877398    70.316096     6.037618
  -17.877902    70.338462     5.729224
  -18.362305    70.255646     5.268093
  -23.441591    69.036275     5.268093
  -23.443404    69.026804     5.392015
  -24.123967    68.812006     4.438119
  -25.289035    68.400948     3.421557
  -29.330298    66.726995     3.421557
  -29.789716    66.527310     3.288164
  -30.525893    66.149902     2.259210
  -31.362113    65.686152     1.581669
  -36.078802    62.795750     1.581669
  -37.517404    61.868149     0.939895
  -37.849273    61.635720     0.939895
  -38.647310    61.001603     0.332476
  -45.686475    54.989578     0.332476
  -46.507282    54.246651    -0.204216
  -47.480723    53.273210    -0.204216
  -48.048547    52.645843    -0.614468
  -52.855104    47.017976    -0.614468
  -53.558537    46.132992    -1.288281
  -53.965767    45.551365    -1.288281
  -54.746172    44.341062    -1.828197
  -57.428527    39.963899    -1.828197
  -58.101131    38.751278    -2.810807
  -58.726181    37.411008    -2.810807
  -59.307807    36.072651    -3.199398
  -61.491049    30.801841    -3.199398
  -61.865031    29.741855    -4.124278
  -62.845727    26.082029    -4.124278
  -63.061935    25.224046    -4.264824
  -64.856788    17.747829    -4.264824
  -64.977788    17.039358    -4.939443
  -65.387032    12.362265    -4.939443
  -65.438918    11.734494    -4.906296
  -66.082506     3.557766    -4.906296
  -66.082506     0.585656    -1.934186
  -65.596994    -5.583437    -1.934186
  -65.318321    -8.946053    -1.756363
  -65.285174    -9.324971    -1.756363
  -64.797144   -12.182529     0.964276
  -63.789850   -16.378544     0.964276
  -63.369826   -18.044941     1.237408
  -63.360254   -18.080607     1.237408
  -63.059316   -18.933854     1.981746
  -61.231015   -23.347689     1.981746
  -61.045636   -23.774162     2.105567
  -61.042714   -23.780308     2.105567
  -60.856025   -24.116912     2.378396
  -57.878777   -28.975355     2.378396
  -57.721003   -29.220075     2.487508
  -57.706193   -29.240326     2.520352
  -57.472353   -29.534615     2.744319
  -51.285125   -36.778907     2.744319
  -51.034863   -37.055565     2.563473
  -48.724778   -39.365449     2.563473
  -48.040084   -39.985159     3.011204
  -39.015549   -47.692798     3.011204
  -38.763776   -47.892886     2.819478
  -35.118055   -50.445778     2.819478
  -31.734181   -52.627609     1.310049
  -23.620925   -57.599496     1.310049
  -21.980925   -58.509062    -0.018837
  -17.277435   -60.702379    -0.018837
  -14.696938   -61.824023     0.730437
   -7.240165   -64.912600     0.730437
   -4.706718   -65.806550     2.940780
   -4.251734   -65.956062     3.494298
   -3.305796   -66.194436     3.649351
    4.639813   -68.102027     3.649351
    5.377400   -68.221918     4.434996
    5.353220   -68.168219     5.092588
   11.750813   -68.723550     4.434996
   11.750813   -68.325590     9.491311
   13.602286   -68.723550     2.583522
   16.992205   -68.456665     2.583522
   17.051143   -68.325590     4.190981
   17.466533   -67.912114     8.501044
   17.906305   -68.308160     1.609678
   21.837651   -67.364238     1.609678
   21.863947   -67.220468     3.498227
   22.654024   -66.591187     7.790861
   22.364470   -67.191150     0.968810
   26.478173   -65.487174     0.968810
   26.466486   -65.373226     2.657472
   27.863781   -64.123630     8.141973
   28.058126   -64.677450    -1.239317
   29.009504   -64.149624    -2.010352
   33.960334   -61.115855    -2.010352
   34.711522   -60.631451    -2.345345
   36.321096   -59.458929    -4.940954
   38.103254   -58.042592    -6.297647
   42.021201   -54.696298    -6.297647
   43.004214   -53.806580    -6.940328
   43.860181   -52.950612    -8.543756
   44.116085   -52.667909    -8.728530
   47.751026   -48.411948    -8.728530
   47.982448   -48.120782    -8.950179
   49.814577   -44.407256    -2.766276
   48.265050   -47.732795    -9.575733
   51.115153   -43.081896    -9.575733
   51.009466   -43.071116    -8.010791
   51.387277   -42.550947   -10.317753
   58.853520   -21.550218    -5.783320
   59.226797   -20.652439    -7.950241
   60.256759   -16.362626    -7.950241
   60.787205   -13.256015    -4.992538
   60.795064   -13.207555    -4.940954
   60.782571   -13.213197    -4.786908
   61.038575     0.840149   -15.895245
   60.883925     2.918410   -15.782103
   60.353680     8.979600   -15.782103
   59.986650    13.474438   -15.482273
   60.003072    14.380378   -14.387831
   59.944133    14.639304   -14.343804
   58.962732    20.878922    -7.245397
   58.567391    19.777629   -14.343804
   58.142732    21.487952   -13.997729
   58.084600    21.912813   -13.424364
   58.119157    21.938001   -12.999805
   56.736975    26.264587    -7.174268
   55.528988    27.393384   -13.424364
   55.347034    27.818749   -13.274247
   55.216866    28.023069   -13.343663
   54.565319    28.821811   -14.086691
   50.566874    34.532191   -14.086691
   49.606832    35.577770   -14.947394
   48.077858    37.348039   -15.165617
   47.591640    37.779045   -15.545241
   39.818515    45.552171   -15.545241
   39.648651    45.743797   -15.395628
   36.477258    48.482874   -15.004720
   34.500755    50.297775   -13.377717
   25.929995    56.299019   -13.377717
   24.943657    57.103706   -12.459990
   23.080295    58.290938   -11.827383
   21.206556    59.553228   -10.236549
   11.289380    64.177731   -10.236549
    9.160140    65.402543    -8.109626
    8.290471    65.796372    -7.631872
    6.225710    66.779284    -5.818079
   -0.079395    68.468652    -5.818079
   -1.549330    69.018644    -4.212837
   -2.701904    69.361494    -3.304379
   -3.568047    69.626969    -2.514402
   -9.064033    70.107746    -2.514402
   -9.757694    70.238115    -1.718884
  -10.731034    70.393572    -0.716527
  -11.472551    70.338462    -0.676127
  -18.258533    69.744745    -0.676127
  -18.930835    69.689837    -0.631394
  -19.366274    69.560273    -0.974446
  -19.767156    69.410257    -1.412404
  -26.178653    67.692276    -1.412404
  -27.159348    67.225504    -2.273812
  -27.244079    67.171704    -2.405290
  -28.562486    66.413262    -3.722288
  -32.713265    64.477662    -3.722288
  -34.040841    63.583309    -4.849473
  -34.479807    63.169631    -5.704837
  -35.539591    62.305100    -6.690771
  -40.761236    58.648901    -6.690771
  -41.914314    57.590225    -7.639831
  -42.409900    57.162241    -7.700886
  -43.314530    56.434830    -7.118856
  -49.772573    49.976787    -7.118856
  -50.040768    49.739119    -6.909498
  -51.757539    47.751231    -6.664475
  -51.784440    47.708916    -6.687245
  -56.185681    41.423155    -6.687245
  -56.396953    41.059147    -6.851970
  -57.288586    39.659736    -6.376836
  -58.225657    37.469442    -7.149887
  -60.245080    33.138826    -7.149887
  -61.152027    30.831965    -7.840827
  -61.356548    30.380204    -7.592681
  -62.370391    26.296726    -8.419129
  -63.636207    21.572381    -8.419129
  -64.477869    17.876385    -9.046899
  -64.619825    17.398933    -8.670599
  -64.936279    13.524108    -8.929022
  -65.387032     8.372685    -8.929022
  -65.623592     5.193233    -9.102210
  -65.884835     3.557766    -7.417981
  -65.596994    -0.310209    -7.207415
  -65.289104    -3.829489    -7.207415
  -64.996930    -7.406701    -6.968739
  -65.036525    -9.574830    -4.349454
  -64.465476   -12.082082    -3.923485
  -63.296581   -16.444838    -3.923485
  -62.703469   -18.833709    -3.440089
  -62.691681   -18.920051    -3.323521
  -62.445147   -19.547015    -3.135724
  -59.848530   -25.115541    -3.135724
  -59.663151   -25.390789    -3.369362
  -59.592727   -25.501210    -3.406841
  -58.873577   -26.382869    -4.227144
  -55.471670   -31.241211    -4.227144
  -54.492284   -32.307846    -5.105176
  -53.533552   -33.417904    -5.241993
  -53.495267   -33.465558    -5.211365
  -46.131385   -40.829339    -5.211365
  -45.422915   -41.628484    -4.587525
  -40.822693   -45.601641    -4.020506
  -38.349091   -47.168901    -5.346773
  -27.736643   -54.599780    -5.346773
  -24.554772   -56.446317    -6.787188
  -23.624754   -57.038926    -6.471339
  -22.611012   -57.472652    -6.829100
  -12.219608   -62.318300    -6.829100
  -10.015008   -63.184947    -7.489513
   -8.962075   -63.661795    -6.911211
   -8.585775   -63.840827    -6.580652
    3.488649   -67.076195    -6.580652
    3.571062   -67.108435    -6.476477
    3.673726   -67.139869    -6.382780
    4.639510   -68.101120     3.638067
   13.553725   -68.004300    -6.382780
   13.553725   -68.101120    -5.276248
   13.602286   -68.177186    -4.358017
   17.965143   -68.177186     0.004940
   13.628683   -67.990195    -6.468719
   18.371465   -67.575308    -6.468719
   18.449848   -67.694797    -5.024173
   22.385527   -67.075792    -0.546664
   18.916319   -67.362324    -7.157241
   23.602278   -66.106683    -7.157241
   23.638951   -66.089253    -7.189481
   24.748102   -65.384309    -8.910786
   24.964915   -65.259682    -9.127297
   30.822693   -62.528061    -9.127297
   32.799297   -61.196455   -10.805582
   33.159376   -60.857130   -11.507101
   34.812373   -59.508699   -13.045042
   40.134263   -55.782277   -13.045042
   41.328044   -54.686123   -14.027652
   41.678854   -54.207462   -14.907598
   42.131219   -53.697266   -15.305961
   46.197570   -49.630815   -15.305961
   46.462440   -49.301465   -15.517838
   48.227269   -47.715668   -10.249344
   46.898282   -48.418900   -16.983944
   50.098892   -43.847895   -16.983944
   50.124886   -43.869254   -16.654493
   51.461529   -42.374635   -10.787850
   50.413231   -42.808966   -18.544050
   50.787515   -41.933957   -18.852847
   53.385643   -36.362510   -18.852847
   51.482687   -42.318921   -10.832583
   54.207961   -34.270748   -19.479409
   55.674672   -31.032055   -17.700273
   55.722830   -30.971605   -17.371427
   55.951431   -29.917161   -17.925952
   58.923440   -18.825347   -17.925952
   59.032552   -18.533878   -17.607584
   58.223533   -23.677443   -11.756154
   59.431822   -17.191291   -16.549613
   59.806509   -12.602554   -16.855690
   60.787205    -1.392863   -16.855690
   60.879189    -0.157775   -16.922890
   60.173641    -0.157775   -19.861451
   59.819305     4.742177   -19.551847
   59.539826     7.580391   -19.551847
   59.082221    13.401798   -19.093034
   59.161511    13.764597   -18.637445
   58.685369    15.918621   -18.210972
   57.434262    20.043104   -18.210972
   56.936761    22.125395   -17.717904
   56.273225    23.244621   -18.297919
   55.958382    23.606714   -18.699204
   52.612895    29.865676   -18.699204
   51.883670    30.632682   -19.424702
   50.701576    32.164880   -19.837170
   49.014022    33.585851   -21.331487
   44.401811    39.205961   -21.331487
   43.268278    40.087418   -22.158741
   41.449347    41.906349   -22.158741
   41.242206    42.031782   -22.286189
   33.127337    48.691626   -22.286189
   32.128406    49.877851   -21.235573
   28.775866    52.464292   -20.333160
   27.157829    54.002435   -18.802876
   17.457667    59.187306   -18.802876
   17.295360    59.328557   -18.622937
   15.096099    60.632558   -17.483158
   12.031702    62.773283   -14.568979
    6.362226    64.493077   -14.568979
    4.079444    65.925130   -11.851664
    2.857151    66.482678   -10.880842
    0.148199    67.821639    -8.292386
   -8.308714    68.654535    -8.292386
   -8.691260    68.682241    -8.316566
   -9.064033    68.810394    -7.918404
  -10.198473    68.728384    -7.846771
  -20.358959    67.727639    -7.846771
  -20.791476    67.513849    -8.260045
  -21.131707    67.358695    -8.530255
  -21.458035    67.153871    -8.918846
  -29.452910    64.728730    -8.918846
  -29.865681    64.440284    -9.311366
  -30.937051    63.805159    -9.866597
  -32.595388    62.362930   -11.704973
  -36.674433    60.182610   -11.704973
  -38.121699    58.806775   -13.073655
  -38.166029    58.721944   -13.212891
  -38.826241    57.937710   -13.907256
  -43.940285    53.740788   -13.907256
  -43.973533    53.697970   -13.938589
  -44.823052    52.848450   -13.938589
  -46.814064    51.300132   -12.485479
  -50.769590    46.480377   -12.485479
  -52.699849    44.854985   -10.776163
  -55.088721    41.758651    -9.942663
  -55.252640    41.359582   -10.105776
  -58.677015    34.953123   -10.105776
  -59.726119    32.200949   -11.064609
  -60.257472    31.304782   -10.600255
  -61.374482    26.629300   -11.707290
  -62.470737    23.015315   -11.707290
  -63.463623    18.523399   -12.596807
  -63.621397    18.177526   -12.322063
  -63.966968    13.780717   -12.668642
  -64.406236     9.320637   -12.668642
  -64.661132     5.796218   -12.891399
  -64.868474     5.193233   -12.247307
  -64.607130     1.578945   -12.018908
  -64.167157    -2.887885   -12.018908
  -63.911959    -6.135645   -11.762904
  -64.247152    -7.670463    -9.836170
  -63.455463   -11.252108    -9.126995
  -61.900294   -16.378746    -9.126995
  -61.112936   -19.674363    -8.346589
  -60.504309   -20.700899    -8.878546
  -60.402350   -20.818071    -9.008513
  -56.849520   -27.465120    -9.008513
  -55.929576   -28.432718    -9.923722
  -55.597103   -28.863825   -10.039684
  -53.456075   -30.666536   -11.935689
  -49.843500   -35.068483   -11.935689
  -48.102751   -36.422153   -13.206140
  -47.396799   -36.617506   -14.306627
  -40.635299   -40.715492   -18.465667
  -29.192675   -50.106051   -18.465667
  -28.108610   -50.715384   -19.031174
  -27.275210   -51.358367   -18.806805
  -25.110909   -52.247683   -19.691889
  -11.974585   -59.269217   -19.691889
  -12.031307   -59.370269   -19.257155
  -11.506201   -59.235668   -20.337089
    0.601974   -62.908592   -20.337089
    0.613863   -62.916047   -20.322883
    2.174875   -64.002530   -18.071233
    2.522360   -64.174307   -17.739263
    3.474242   -66.881043    -7.388562
   10.865124   -64.995920   -17.739263
   12.656652   -65.723129   -15.557634
   13.530553   -66.023665   -14.624190
   13.628683   -66.386162   -13.150224
   18.938886   -67.055642    -8.426080
   19.428932   -65.442744   -14.624190
   19.469836   -65.545810   -14.199933
   20.940174   -64.404520   -16.754437
   26.271737   -62.787188   -16.754437
   20.743310   -64.527938   -16.520094
   27.609489   -61.852636   -18.026601
   28.518048   -60.806655   -19.880190
   29.042248   -60.350763   -20.461313
   36.490960   -56.369345   -20.461313
   37.281038   -55.618156   -21.208572
   37.766852   -54.687130   -22.734423
   37.898834   -54.530364   -22.873155
   43.850006   -49.646431   -22.873155
   43.914385   -49.710810   -22.537357
   46.863222   -48.391798   -17.188365
   43.963450   -49.236482   -23.512209
   48.278954   -43.977962   -23.512209
   48.301421   -43.938066   -23.532964
   48.357034   -43.300825   -24.475878
   51.646203   -37.147247   -24.475878
   51.808813   -36.720573   -24.624484
   52.829204   -34.999570   -23.732549
   53.065764   -34.009404   -23.967093
   56.135903   -23.888513   -23.967093
   56.600157   -21.788289   -24.382887
   57.765828   -19.232476   -22.352986
   58.034930   -15.808101   -22.622894
   58.989129    -6.119828   -22.622894
   59.208057    -3.093212   -22.814116
   59.282411    -2.749556   -22.629543
   58.797705     4.284271   -22.127206
   58.579683     6.218862   -22.127206
   58.037751    13.609040   -21.454703
   57.899019    13.832804   -21.625272
   57.247069    16.939012   -20.926977
   55.041965    23.240792   -20.926977
   54.888624    23.925788   -20.742706
   52.132521    27.690495   -22.433082
   51.217816    28.408032   -23.305270
   47.732085    33.955501   -23.305270
   45.325885    35.750857   -25.186968
   43.815852    37.431661   -25.450327
   41.575787    38.703422   -26.962275
   37.469540    42.809770   -26.962275
   34.340361    44.485133   -28.762769
   33.730021    44.430930   -29.585792
   31.469706    45.302313   -30.617971
   20.522870    52.180682   -30.617971
   20.473201    52.243953   -30.557722
   20.048239    53.202685   -29.257046
   18.910878    54.316068   -28.108401
   12.842736    56.439364   -28.108401
   10.513206    58.639833   -25.153519
    9.062313    60.268550   -22.762532
    6.897710    61.795207   -20.669260
   -6.230857    63.274411   -20.669260
   -7.554604    64.138439   -19.016062
   -8.682495    64.746260   -17.816840
   -8.691260    64.789381   -17.714680
  -19.936012    63.478227   -17.816840
  -22.012056    64.362606   -15.230298
  -23.477559    64.055018   -14.900848
  -33.094501    60.689884   -14.900848
  -34.815202    59.005352   -16.638978
  -35.250440    58.023952   -17.970282
  -39.587302    55.298879   -17.970282
  -40.057198    54.669094   -18.462846
  -40.554095    54.403015   -18.176818
  -44.328876    50.628334   -18.176818
  -45.407097    50.016180   -17.449105
  -45.987011    49.370577   -17.347952
  -49.288270    46.907554   -14.766347
  -55.638209    36.801574   -14.766347
  -55.987205    35.837300   -15.144561
  -58.348572    32.611906   -13.696287
  -58.959718    29.881595   -14.430549
  -61.186685    23.516947   -14.430549
  -62.038320    19.460167   -15.342533
  -62.500660    18.714621   -14.774407
  -62.876556    13.588285   -15.240877
  -63.225754    10.488828   -15.240877
  -63.549160     5.796218   -15.575970
  -63.240866     5.224263   -16.184195
  -63.029897     2.163091   -15.965568
  -62.459352    -2.901083   -15.965568
  -62.218863    -6.180076   -15.667148
  -62.333416    -6.448876   -15.332156
  -61.531651   -10.268289   -14.473569
  -58.987626   -17.538776   -14.473569
  -58.099821   -21.504981   -13.406934
  -56.308696   -23.951683   -14.505507
  -55.701278   -24.428228   -15.084715
  -51.410760   -31.256424   -15.084715
  -49.714340   -32.522140   -16.411385
  -47.802517   -34.650272   -16.744866
  -40.353502   -38.879333   -21.772568
  -37.967250   -41.265585   -21.772568
  -30.748650   -45.130637   -25.926067
  -29.359314   -46.378823   -25.708347
  -21.797661   -49.293909   -29.161234
  -15.849814   -53.031111   -29.161234
  -12.562761   -54.220862   -30.450324
  -11.295433   -58.469266   -22.334750
  -11.250197   -53.865820   -32.187043
  -10.106186   -54.121926   -32.494732
   -0.729733   -57.402934   -32.494732
   -0.396353   -57.777218   -31.945345
   -0.409551   -57.812682   -31.859708
    5.845381   -58.480450   -31.945345
    9.556690   -60.902568   -27.310264
   10.706141   -61.522077   -26.088072
   10.865124   -62.303792   -24.238513
   21.693478   -60.284067   -26.088072
   21.735491   -60.397511   -25.814839
   22.556902   -59.314857   -27.510957
   23.326729   -58.587647   -28.487421
   30.295672   -56.149106   -28.487421
   31.223676   -55.240648   -29.424794
   31.543958   -54.518274   -30.404684
   38.991764   -49.838460   -30.404684
   39.185405   -50.069176   -29.742055
   43.837009   -49.110041   -23.976665
   38.993275   -49.827378   -30.419696
   44.582152   -44.238501   -30.419696
   44.802290   -44.113571   -30.271090
   44.857702   -44.160017   -30.111906
   48.184350   -43.200680   -24.989902
   44.831406   -44.038110   -30.305546
   48.465038   -38.255089   -30.305546
   48.612535   -38.139428   -30.164900
   49.048377   -37.543999   -29.897612
   49.300553   -36.417418   -30.200566
   52.636067   -26.885206   -30.200566
   52.719185   -26.489160   -30.289628
   55.498461   -22.006915   -26.873918
   55.577348   -20.931011   -26.971746
   56.781707   -10.242195   -26.971746
   56.843265    -9.349554   -27.035520
   58.262020    -4.848470   -24.680501
   57.730465     3.396265   -24.031976
   57.338953     6.369987   -24.031976
   56.839235    13.968010   -23.250966
   54.364122    17.146657   -25.439346
   54.329868    17.322162   -25.395721
   49.622045    28.687915   -25.395721
   47.137865    30.531026   -27.347944
   45.411220    32.542389   -28.029313
   41.315551    34.721802   -30.927473
   37.884426    39.193266   -30.927473
   34.171807    41.101059   -33.162802
   32.802924    40.859663   -34.707695
   29.692082    41.972240   -36.231833
   25.132865    45.470665   -36.231833
   22.352884    46.414184   -37.414431
   21.391129    47.239826   -37.088607
   21.389013    47.242748   -37.086391
   13.187904    50.639719   -37.086391
   13.484913    51.403198   -35.834074
   -5.776275    53.739076   -36.145995
   12.203077    50.027766   -38.243398
    8.125443    50.295961   -38.662516
   -4.777545    51.994699   -38.662516
   -5.776275    52.916758   -37.428939
   -6.230857    56.210864   -32.195909
  -19.713860    60.267341   -23.097323
  -15.546256    51.630590   -37.428939
  -17.013068    51.534072   -37.278218
  -19.699755    53.203390   -34.121736
  -20.388780    54.974567   -31.216725
  -34.765129    56.704133   -20.362176
  -26.481405    50.394293   -34.121736
  -28.464054    49.988474   -33.535072
  -28.835618    50.020915   -33.271813
  -34.569776    52.455124   -26.478275
  -35.310789    53.593089   -24.437392
  -39.178662    53.490224   -21.010801
  -37.512669    50.197025   -26.478275
  -38.586457    50.386334   -25.266460
  -39.472952    51.272627   -23.392922
  -44.255933    42.997769   -25.266460
  -46.183573    41.971937   -23.902412
  -47.920596    39.948585   -23.216913
  -52.679901    36.417517   -19.476890
  -58.074835    23.392924   -19.476890
  -58.170547    23.322198   -19.383092
  -61.082913    19.581974   -16.808237
  -61.366422    15.269694   -17.251434
  -61.980087    10.608820   -17.251434
  -62.327270     5.224263   -17.674985
  -61.118780     3.576102   -19.344001
  -61.011481     1.911318   -19.213027
  -59.907468    -6.474768   -19.213027
  -58.980875    -7.463020   -20.145564
  -58.608001    -7.941882   -20.475217
  -58.128635   -10.398860   -19.864372
  -52.933085   -22.941971   -19.864372
  -52.514470   -24.987186   -19.259170
  -49.831612   -28.112435   -20.317846
  -44.608859   -30.891610   -24.013640
  -38.267182   -39.156192   -24.013640
  -31.350427   -42.710433   -28.178221
  -31.026819   -43.034040   -28.178221
  -20.561264   -46.776985   -33.305867
  -17.119258   -49.418133   -33.305867
  -11.708204   -51.254494   -35.607690
   -8.331484   -49.821030   -39.608251
   -8.326748   -49.822038   -39.609763
   -1.039840   -52.840291   -39.609763
   -1.117719   -53.040581   -39.281319
   -0.670593   -56.547571   -33.901296
   -0.874006   -52.737225   -39.804511
    5.897670   -53.628757   -39.804511
    5.897670   -54.302771   -38.752989
    5.845381   -54.587187   -38.298407
    6.307721   -53.250140   -40.311080
   20.471689   -51.385469   -40.311080
   21.062887   -51.346579   -40.250227
   23.793400   -53.043100   -37.042464
   23.974346   -53.508462   -36.279186
   31.505774   -54.414502   -30.592783
   31.622644   -49.800074   -37.042464
   32.267138   -50.073710   -36.278783
   32.548431   -49.978300   -36.159193
   38.978364   -49.807429   -30.462816
   38.400969   -45.487492   -36.159193
   39.194170   -45.203782   -35.770501
   39.580242   -45.271788   -35.334861
   40.549855   -44.773581   -34.751118
   44.452185   -39.688049   -34.751118
   44.954019   -39.420962   -34.395875
   45.321049   -38.993482   -34.250998
   45.650903   -38.748661   -33.991870
   48.696459   -31.396063   -33.991870
   48.742200   -31.161720   -34.050103
   51.554320   -27.550253   -31.563908
   52.526049   -26.513742   -30.585832
   53.896947   -16.100778   -30.585832
   54.036888   -15.810720   -30.427050
   56.490944    -9.829928   -27.522039
   55.786302     1.996955   -26.524015
   54.337122    11.147024   -26.524015
   53.999208    17.177184   -25.838918
   46.373781    25.479043   -30.588854
   39.319603    29.163855   -35.614642
   36.265180    35.158551   -35.614642
   32.802924    36.995920   -37.654920
   32.101708    36.906253   -38.258107
   30.106666    37.584297   -39.262580
   25.718723    41.972240   -39.262580
   23.101352    42.822565   -40.413744
   22.624001    43.278960   -40.324278
   19.725539    43.817769   -41.234852
   14.927948    46.262355   -41.234852
   12.481650    46.699507   -41.888414
   11.402018    45.857342   -43.012879
    6.662661    46.122917   -43.551284
   -0.453377    47.250002   -43.551284
   -3.745165    47.446161   -43.829051
   -4.777545    48.389378   -42.883718
   -6.181993    48.305756   -42.765237
  -11.435173    47.473767   -42.765237
  -14.252431    47.315791   -42.445256
  -17.175275    49.595551   -39.401110
  -19.020199    49.265899   -38.908244
  -21.877858    47.809867   -38.908244
  -23.435445    47.520212   -38.418903
  -29.658842    49.753425   -32.909820
  -37.069169    49.753425   -27.257471
  -36.029132    43.383035   -32.909820
  -36.909885    43.495572   -32.152184
  -37.069169    43.619292   -31.936379
  -41.681280    34.131108   -32.152184
  -44.554454    32.630242   -30.105156
  -46.707975    31.930537   -28.360577
  -56.765797    23.502539   -20.910454
  -59.086763     8.848727   -20.910454
  -59.400799     3.576102   -21.355465
  -56.275852     0.155758   -24.487162
  -53.289234    -2.300314   -27.370210
  -52.312266    -8.468802   -27.370210
  -50.920613    -9.634877   -28.401079
  -46.104888   -11.199617   -32.302402
  -45.276828   -11.632236   -32.892290
  -35.042090   -31.718864   -32.892290
  -31.350427   -33.678039   -35.067774
  -30.329834   -33.547569   -35.945705
  -21.591830   -36.517462   -40.345435
  -11.332307   -46.776985   -40.345435
   -8.515654   -47.691992   -41.584251
   -5.150318   -46.040103   -44.852766
   -0.776077   -48.268984   -44.852766
   -0.967904   -48.709058   -44.330481
   -0.733158   -51.513622   -41.259032
    0.757128   -47.073088   -46.449444
    6.498238   -47.982352   -46.449444
    6.307721   -49.013725   -45.271280
    7.726374   -46.860305   -47.574010
    7.739875   -46.843983   -47.589727
   16.033875   -45.530311   -47.589727
   17.695033   -45.437218   -47.401023
   21.320806   -48.265257   -43.624832
   21.700430   -48.197452   -43.523478
   31.569851   -49.690056   -37.192077
   28.421026   -44.773078   -43.523478
   29.534308   -44.566037   -43.173675
   31.911996   -45.733119   -40.864497
   32.668222   -45.487492   -40.531822
   36.821116   -41.334497   -40.531822
   38.797015   -40.663002   -39.536921
   39.194170   -40.713780   -39.195279
   40.479733   -40.031504   -38.437844
   43.530831   -34.043357   -38.437844
   44.496112   -33.539106   -37.750028
   45.248308   -32.720214   -37.281643
   46.926996   -31.313549   -36.038092
   48.424738   -21.856798   -36.038092
   49.282419   -21.151451   -35.210234
   42.993836   -21.856798   -40.676599
   42.812185   -18.580223   -40.388556
   33.255390    29.464995   -40.388556
   31.181562    30.860174   -41.489244
   30.290433    30.970092   -42.022008
   25.870956    37.584297   -42.022008
   24.717273    37.989914   -42.509333
   23.101352    39.605735   -42.509333
   18.966693    40.342717   -43.829051
   14.871327    43.079174   -43.829051
   11.512137    43.639241   -44.759069
   11.229233    43.393815   -44.998954
    5.861602    43.634405   -45.656546
    2.148681    44.372899   -45.656546
   -2.544634    44.633235   -46.069216
   -3.745165    45.912653   -45.138693
   -6.950309    45.734931   -44.856897
   -9.617148    45.204586   -44.856897
  -12.310585    45.083787   -44.526943
  -14.278525    46.790987   -42.858430
  -14.709834    46.719052   -42.738941
  -21.910098    41.908062   -42.738941
  -22.961620    42.342897   -41.997929
  -23.435445    42.816621   -41.482998
  -35.159161    42.816621   -33.845582
  -29.657936    32.321244   -41.997929
  -33.896266    34.517683   -38.280776
  -25.608713    27.653721   -45.955570
  -30.891815     1.093836   -45.955570
  -32.038747     0.347283   -45.161664
  -32.734322    -0.305272   -44.655902
  -42.654722    -2.300314   -36.452878
  -30.333663   -12.374155   -44.655902
  -27.407293   -14.342901   -46.209157
  -18.164131   -15.482982   -51.734360
  -16.273567   -16.154780   -52.673648
   -4.963025   -33.082207   -52.673648
   -4.478722   -35.799824   -51.806194
   -4.775429   -36.517462   -51.300533
   -4.420187   -37.527879   -50.873657
   -4.420187   -44.918661   -46.058939
    1.437389   -41.441795   -50.873657
    1.549322   -41.756940   -50.717092
    1.628511   -42.398815   -50.333438
    0.728717   -44.135132   -48.810610
    0.847803   -46.533876   -46.922262
    7.787630   -43.623929   -50.333438
    7.739875   -43.861899   -50.136675
    8.301251   -43.076456   -50.731500
    9.528682   -43.008349   -50.623698
   14.685646   -41.982619   -50.623698
   15.925469   -41.927005   -50.471767
   17.789032   -43.543732   -48.891612
   19.007497   -43.340520   -48.554202
   23.604696   -40.268870   -48.554202
   24.727751   -40.068681   -48.195735
   29.534308   -42.056267   -44.808739
   31.587079   -41.334497   -43.941689
   35.886060   -34.900634   -43.941689
   37.882613   -34.654403   -42.748109
   38.413261   -34.297447   -42.466515
   40.480338   -23.905136   -42.466515
   41.558660   -23.203315   -41.720263
   30.756802   -23.905136   -48.425041
   22.998084   -22.067163   -52.955645
   15.164307   -15.386968   -56.941900
   14.488277    -3.076185   -55.855619
   27.716888    30.337889   -43.676113
   12.888678     2.893424   -55.855619
   12.377172    17.312793   -54.015026
   22.172643    29.299565   -46.873096
   23.812543    30.391589   -45.812002
   11.963394    39.508814   -46.873096
   11.471938    39.598682   -47.004776
   11.276383    39.964604   -46.874910
    2.519136    42.311060   -46.874910
   -1.839690    42.550441   -47.259571
   -2.544634    43.377090   -46.838841
   -4.702084    43.258609   -46.648525
  -12.363882    41.205637   -46.648525
  -13.429610    39.212409   -47.355787
  -19.996361    39.994325   -44.501554
  -13.086558    35.524372   -48.921535
  -13.478876    33.624338   -49.507091
  -18.625161    28.478154   -49.507091
  -18.789181    27.582088   -49.747177
  -24.971271    27.497156   -46.365218
  -12.830956    20.290948   -54.091294
  -12.331440    19.213835   -54.524013
  -12.606184    11.469221   -55.512668
  -15.035859     2.401464   -55.512668
  -15.107693     1.093836   -55.628026
  -12.486292    -1.141493   -56.961949
  -11.683016    -1.561215   -57.341271
   -8.357074   -13.973956   -57.341271
   -8.275769   -16.264597   -57.048795
   -5.278774   -19.075810   -57.666490
   -4.077135   -25.641957   -55.907606
   -0.211376   -29.507816   -55.907606
    0.738188   -34.105822   -54.490463
    0.637237   -35.190692   -54.029837
    1.370290   -36.561691   -53.543317
    7.243683   -38.135398   -53.543317
    7.835486   -39.268226   -53.008438
    8.301251   -39.814389   -52.730470
    9.098381   -39.770663   -52.660147
   14.777227   -38.249044   -52.660147
   15.752482   -39.045972   -52.079125
   15.960631   -39.358699   -51.876719
   21.616204   -33.182251   -52.079125
   24.105220   -34.839580   -50.468644
   35.026465   -34.689463   -44.494199
   20.413960   -31.711107   -52.955645
   14.272069   -15.386968   -57.311449
   11.155081   -12.807579   -58.316325
   10.535069    -3.455407   -57.535113
    7.393699     4.128411   -57.535113
    7.090645    11.048088   -56.671287
    9.597192    16.975080   -54.999147
    9.810176    17.188065   -54.897592
   10.819484    37.959589   -47.756065
   -1.839690    33.266576   -51.104978
   -2.368121    21.931250   -54.999147
   -2.368121    31.550913   -51.757029
   -2.380110    21.901932   -55.007308
  -11.317497    18.199892   -55.007308
   -8.587891    11.745678   -56.828355
   -8.730653     8.487741   -57.235081
  -10.192528     4.958386   -57.235081
  -10.624744    -1.561215   -57.779632
   -7.094985    -4.482145   -58.917497
   -6.752638    -9.646262   -58.486088
   -4.077135   -16.105614   -58.486088
   -3.949888   -19.011230   -58.123389
   -1.820245   -21.140872   -58.123389
   -0.031035   -25.796003   -57.183699
    4.767664   -27.783589   -57.183699
    6.416228   -31.848328   -56.043920
    6.416228   -32.000862   -55.992538
    7.243683   -34.687247   -54.971643
   14.418055   -37.346832   -53.073724
   12.524468   -29.318205   -56.043920
   14.104724   -30.898461   -55.290717
   18.966089   -31.134719   -53.619383
   11.055944   -25.845773   -57.023608
   11.080224   -25.291752   -57.092823
   14.098578   -18.004742   -57.092823
    5.274131   -10.330754   -59.481896
    4.654925    -5.512711   -59.151437
    8.008271   -12.807579   -59.071845
   -1.698741     8.551213   -58.144849
   -1.101901     0.244115   -59.151437
   -1.698741     2.652330   -58.914978
   -2.380110     9.982158   -57.868997
   -5.883976    -1.532905   -58.914978
   -6.262996    -4.482145   -59.117182
   -3.351638    -7.119464   -59.553931
   -2.782403   -11.548110   -59.250172
    2.109388   -16.439901   -59.250172
    2.758517   -19.059589   -58.992858
    2.758517   -19.840096   -58.891000
    4.767664   -24.059384   -58.077851
    7.860472   -13.957736   -58.992858
    2.109388   -10.330754   -59.730948
   -1.101901    -7.119464   -59.730948
     1      2      3
     1      3      4
     1      4      5
     6      5      4
     6      4      7
     6      7      8
     6      8      9
    10     11      1
    10      1      5
    10      5      6
    12     13     14
    12     14      2
    12      2      1
    12      1     11
    14     15     16
    14     16     17
    14     17      3
    14      3      2
     4      3     17
     4     17     18
     4     18     19
     4     19     20
     4     20      7
    19     21     22
    19     22     23
    19     23     20
    24     23     22
    24     22     25
    24     25     26
     7     20     23
     7     23     24
     7     24     27
     7     27      8
     9      8     27
     9     27     28
     9     28     29
    30     31     10
    30     10      6
    30      6      9
    30      9     29
    31     32     33
    31     33     34
    31     34     12
    31     12     11
    31     11     10
    35     36     37
    35     37     33
    35     33     32
    33     37     38
    33     38     39
    33     39     40
    33     40     34
    34     40     41
    34     41     13
    34     13     12
    41     42     43
    41     43     15
    41     15     14
    41     14     13
    43     44     45
    43     45     46
    43     46     16
    43     16     15
    17     16     46
    17     46     47
    17     47     48
    17     48     18
    18     48     49
    18     49     50
    18     50     21
    18     21     19
    22     21     50
    22     50     51
    22     51     52
    22     52     25
    52     51     53
    52     53     54
    52     54     55
    52     55     56
    56     55     57
    56     57     58
    56     58     59
    56     59     60
    26     25     52
    26     52     56
    26     56     60
    26     60     61
    61     60     59
    61     59     62
    61     62     63
    61     63     64
    28     27     24
    28     24     26
    28     26     61
    28     61     64
    28     64     65
    65     64     63
    65     63     66
    65     66     67
    65     67     68
    29     28     65
    29     65     68
    29     68     69
    29     69     70
    29     70     30
    30     70     71
    30     71     72
    30     72     35
    30     35     32
    30     32     31
    71     73     74
    71     74     75
    71     75     76
    71     76     72
    72     76     77
    72     77     78
    72     78     36
    72     36     35
    75     79     80
    75     80     81
    75     81     82
    75     82     77
    75     77     76
    77     82     83
    77     83     84
    77     84     85
    77     85     78
    78     85     86
    78     86     38
    78     38     37
    78     37     36
    38     86     87
    38     87     88
    38     88     89
    38     89     39
    39     89     90
    39     90     42
    39     42     41
    39     41     40
    90     91     92
    90     92     44
    90     44     43
    90     43     42
    92     93     94
    92     94     45
    92     45     44
    46     45     94
    46     94     95
    46     95     96
    46     96     47
    47     96     97
    47     97     98
    47     98     49
    47     49     48
    49     98     99
    49     99    100
    49    100     53
    49     53     51
    49     51     50
    53    100    101
    53    101    102
    53    102     54
    54    102    103
    54    103     57
    54     57     55
    57    103    104
    57    104    105
    57    105    106
    57    106    107
    57    107     58
   107    106    108
   107    108    109
   107    109    110
   107    110    111
    59     58    107
    59    107    111
    59    111    112
    59    112     62
   112    111    110
   112    110    113
   112    113    114
   112    114    115
   112    115    116
    63     62    112
    63    112    116
    63    116    117
    63    117    118
    63    118     66
   117    119    120
   117    120    118
    66    118    120
    66    120    121
    66    121    122
    66    122     67
   122    121    123
   122    123    124
    68     67    122
    68    122    124
    68    124    125
    68    125    126
    68    126    127
    68    127    128
    68    128    129
    68    129    130
    68    130    131
    68    131     69
    69    131     73
    69     73     71
    69     71     70
   130    132    133
   130    133     74
   130     74     73
   130     73    131
    74    133    134
    74    134     79
    74     79     75
   135    136    137
   135    137    138
   135    138    139
   135    139    134
   135    134    133
   135    133    132
   134    139    140
   134    140     80
   134     80     79
   138    141    142
   138    142    143
   138    143    140
   138    140    139
    80    140    143
    80    143    144
    80    144    145
    80    145    146
    80    146     81
    81    146    147
    81    147     83
    81     83     82
    83    147    148
    83    148    149
    83    149     84
    84    149    150
    84    150    151
    84    151     87
    84     87     86
    84     86     85
    87    151    152
    87    152    153
    87    153     88
    88    153    154
    88    154    155
    88    155     91
    88     91     90
    88     90     89
   155    156     93
   155     93     92
   155     92     91
   157    158    159
   157    159    160
   157    160    161
   157    161    162
    94     93    156
    94    156    162
    94    162    161
    94    161    163
    94    163     95
    95    163    164
    95    164    165
    95    165     97
    95     97     96
    97    165    166
    97    166     99
    97     99     98
    99    166    167
    99    167    168
    99    168    101
    99    101    100
   101    168    169
   101    169    170
   101    170    104
   101    104    103
   101    103    102
   104    170    171
   104    171    172
   104    172    105
   105    172    173
   105    173    174
   105    174    108
   105    108    106
   108    174    175
   108    175    176
   108    176    177
   108    177    109
   177    176    178
   177    178    179
   177    179    180
   177    180    181
   177    181    182
   110    109    177
   110    177    182
   110    182    183
   110    183    113
   182    181    184
   182    184    185
   182    185    186
   182    186    183
   113    183    186
   113    186    187
   113    187    188
   113    188    114
   114    188    189
   114    189    190
   114    190    115
   116    115    190
   116    190    191
   116    191    119
   116    119    117
   120    119    191
   120    191    192
   120    192    193
   120    193    123
   120    123    121
   124    123    193
   124    193    194
   124    194    125
   125    194    195
   125    195    196
   125    196    126
   126    196    197
   126    197    198
   126    198    127
   127    198    199
   127    199    128
   128    199    200
   128    200    201
   128    201    202
   128    202    203
   128    203    204
   128    204    129
   129    204    205
   129    205    206
   129    206    207
   129    207    135
   129    135    132
   129    132    130
   206    208    209
   206    209    210
   206    210    207
   207    210    211
   207    211    136
   207    136    135
   211    212    213
   211    213    137
   211    137    136
   137    213    214
   137    214    215
   137    215    141
   137    141    138
   215    216    217
   215    217    142
   215    142    141
   217    216    218
   217    218    219
   217    219    220
   217    220    221
   217    221    222
   143    142    217
   143    217    222
   143    222    144
   144    222    221
   144    221    223
   144    223    224
   144    224    225
   144    225    145
   145    225    226
   145    226    148
   145    148    147
   145    147    146
   148    226    227
   148    227    228
   148    228    229
   148    229    150
   148    150    149
   150    229    230
   150    230    152
   150    152    151
   152    230    231
   152    231    154
   152    154    153
   154    231    232
   154    232    157
   154    157    162
   154    162    156
   154    156    155
   232    233    234
   232    234    158
   232    158    157
   235    236    237
   235    237    238
   235    238    239
   235    239    240
   159    241    235
   159    235    240
   159    240    242
   159    242    160
   242    240    239
   242    239    243
   242    243    244
   242    244    245
   161    160    242
   161    242    245
   161    245    246
   161    246    247
   161    247    248
   161    248    164
   161    164    163
   164    248    249
   164    249    250
   164    250    251
   164    251    252
   164    252    167
   164    167    166
   164    166    165
   167    252    169
   167    169    168
   169    252    251
   169    251    253
   169    253    171
   169    171    170
   171    253    254
   171    254    255
   171    255    173
   171    173    172
   173    255    256
   173    256    257
   173    257    175
   173    175    174
   175    257    258
   175    258    178
   175    178    176
   178    258    259
   178    259    260
   178    260    261
   178    261    179
   179    261    262
   179    262    263
   179    263    264
   179    264    265
   179    265    180
   180    265    184
   180    184    181
   184    265    264
   184    264    266
   184    266    267
   184    267    185
   186    185    267
   186    267    268
   186    268    269
   186    269    187
   268    270    271
   268    271    272
   268    272    273
   268    273    269
   187    269    273
   187    273    274
   187    274    189
   187    189    188
   274    273    272
   274    272    275
   274    275    276
   274    276    277
   190    189    274
   190    274    277
   190    277    278
   190    278    192
   190    192    191
   193    192    278
   193    278    279
   193    279    280
   193    280    281
   193    281    282
   193    282    283
   193    283    284
   193    284    195
   193    195    194
   195    284    285
   195    285    197
   195    197    196
   283    286    287
   283    287    288
   283    288    285
   283    285    284
   288    287    289
   288    289    290
   288    290    291
   288    291    292
   197    285    288
   197    288    292
   197    292    293
   197    293    294
   197    294    295
   197    295    200
   197    200    199
   197    199    198
   200    295    296
   200    296    297
   200    297    201
   201    297    298
   201    298    202
   203    299    300
   203    300    301
   203    301    205
   203    205    204
   205    301    302
   205    302    208
   205    208    206
   302    303    304
   302    304    305
   302    305    209
   302    209    208
   209    305    306
   209    306    212
   209    212    211
   209    211    210
   306    307    308
   306    308    214
   306    214    213
   306    213    212
   214    308    309
   214    309    218
   214    218    216
   214    216    215
   309    310    311
   309    311    312
   309    312    219
   309    219    218
   311    313    314
   311    314    315
   311    315    316
   311    316    312
   219    312    316
   219    316    317
   219    317    220
   317    316    315
   317    315    318
   317    318    319
   317    319    320
   221    220    317
   221    317    320
   221    320    223
   223    320    319
   223    319    321
   223    321    322
   223    322    323
   223    323    224
   224    323    324
   224    324    227
   224    227    226
   224    226    225
   227    324    325
   227    325    326
   227    326    228
   228    326    327
   228    327    233
   228    233    232
   228    232    231
   228    231    230
   228    230    229
   327    328    329
   327    329    234
   327    234    233
   234    329    330
   234    330    241
   234    241    159
   234    159    158
   330    331    332
   330    332    236
   330    236    235
   330    235    241
   333    334    335
   333    335    336
   333    336    337
   333    337    338
   239    238    333
   239    333    338
   239    338    339
   239    339    243
   243    339    340
   243    340    341
   243    341    342
   243    342    244
   245    244    342
   245    342    343
   245    343    246
   246    343    344
   246    344    345
   246    345    247
   247    345    346
   247    346    347
   247    347    348
   247    348    249
   247    249    248
   249    348    349
   249    349    350
   249    350    351
   249    351    250
   250    351    254
   250    254    253
   250    253    251
   254    351    350
   254    350    352
   254    352    353
   254    353    354
   254    354    256
   254    256    255
   256    354    259
   256    259    258
   256    258    257
   259    354    353
   259    353    355
   259    355    356
   259    356    357
   259    357    358
   259    358    260
   260    358    262
   260    262    261
   262    358    357
   262    357    359
   262    359    360
   262    360    361
   262    361    263
   360    362    363
   360    363    364
   360    364    361
   263    361    364
   263    364    365
   263    365    266
   263    266    264
   365    364    363
   365    363    366
   365    366    367
   365    367    368
   365    368    369
   267    266    365
   267    365    369
   267    369    270
   267    270    268
   369    368    370
   369    370    371
   369    371    271
   369    271    270
   272    271    371
   272    371    372
   272    372    275
   276    275    372
   276    372    373
   276    373    374
   276    374    375
   278    277    276
   278    276    375
   278    375    376
   278    376    279
   279    376    377
   279    377    378
   279    378    379
   279    379    280
   280    379    380
   280    380    381
   280    381    382
   280    382    281
   281    382    383
   281    383    384
   281    384    385
   281    385    282
   282    385    386
   282    386    286
   282    286    283
   386    387    289
   386    289    287
   386    287    286
   290    388    389
   290    389    390
   290    390    291
   292    291    390
   292    390    391
   292    391    392
   292    392    393
   292    393    293
   293    393    394
   293    394    395
   293    395    294
   294    395    396
   294    396    397
   294    397    296
   294    296    295
   296    397    398
   296    398    399
   296    399    298
   296    298    297
   202    298    399
   202    399    400
   202    400    401
   202    401    299
   202    299    203
   401    402    403
   401    403    404
   401    404    300
   401    300    299
   300    404    405
   300    405    303
   300    303    302
   300    302    301
   405    406    407
   405    407    304
   405    304    303
   304    407    408
   304    408    307
   304    307    306
   304    306    305
   408    409    410
   408    410    310
   408    310    309
   408    309    308
   408    308    307
   410    411    313
   410    313    311
   410    311    310
   412    413    414
   412    414    415
   412    415    314
   412    314    313
   412    313    411
   415    414    416
   415    416    417
   415    417    418
   315    314    415
   315    415    418
   315    418    419
   315    419    318
   419    418    417
   419    417    420
   419    420    421
   419    421    422
   319    318    419
   319    419    422
   319    422    423
   319    423    321
   422    421    424
   422    424    425
   422    425    426
   422    426    423
   321    423    426
   321    426    427
   321    427    322
   426    425    428
   426    428    429
   426    429    430
   426    430    427
   322    427    430
   322    430    431
   322    431    432
   322    432    433
   322    433    325
   322    325    324
   322    324    323
   325    433    434
   325    434    435
   325    435    328
   325    328    327
   325    327    326
   435    436    437
   435    437    331
   435    331    330
   435    330    329
   435    329    328
   437    438    439
   437    439    332
   437    332    331
   332    439    440
   332    440    237
   332    237    236
   237    440    441
   237    441    334
   237    334    333
   237    333    238
   336    442    443
   336    443    444
   336    444    445
   336    445    337
   338    337    445
   338    445    446
   338    446    340
   338    340    339
   340    446    447
   340    447    448
   340    448    449
   340    449    341
   342    341    449
   342    449    450
   342    450    451
   342    451    344
   342    344    343
   450    452    453
   450    453    454
   450    454    451
   344    451    454
   344    454    455
   344    455    456
   344    456    346
   344    346    345
   346    456    457
   346    457    458
   346    458    347
   347    458    459
   347    459    460
   347    460    349
   347    349    348
   349    460    461
   349    461    352
   349    352    350
   352    461    462
   352    462    463
   352    463    464
   352    464    355
   352    355    353
   355    464    465
   355    465    466
   355    466    467
   355    467    356
   356    467    468
   356    468    469
   356    469    359
   356    359    357
   468    470    471
   468    471    472
   468    472    473
   468    473    469
   359    469    473
   359    473    474
   359    474    362
   359    362    360
   473    472    475
   473    475    476
   473    476    474
   476    475    477
   476    477    478
   476    478    479
   476    479    480
   363    362    474
   363    474    476
   363    476    480
   363    480    481
   363    481    366
   482    481    480
   482    480    479
   482    479    483
   482    483    484
   482    484    485
   366    481    482
   366    482    367
   370    368    367
   370    367    482
   370    482    485
   370    485    486
   370    486    487
   372    371    370
   372    370    487
   372    487    488
   372    488    373
   373    488    489
   373    489    490
   373    490    491
   373    491    374
   375    374    491
   375    491    492
   375    492    377
   375    377    376
   377    492    493
   377    493    494
   377    494    495
   377    495    378
   378    495    496
   378    496    497
   378    497    380
   378    380    379
   380    497    498
   380    498    499
   380    499    500
   380    500    381
   381    500    501
   381    501    502
   381    502    383
   381    383    382
   383    502    503
   383    503    504
   383    504    505
   383    505    384
   384    505    506
   384    506    387
   384    387    386
   384    386    385
   289    387    506
   289    506    507
   289    507    508
   289    508    509
   289    509    388
   289    388    290
   509    510    511
   509    511    389
   509    389    388
   390    389    511
   390    511    512
   390    512    513
   390    513    391
   391    513    514
   391    514    515
   391    515    516
   391    516    392
   392    516    517
   392    517    518
   392    518    394
   392    394    393
   394    518    519
   394    519    520
   394    520    396
   394    396    395
   396    520    521
   396    521    522
   396    522    398
   396    398    397
   399    398    522
   399    522    523
   399    523    524
   399    524    400
   400    524    525
   400    525    526
   400    526    402
   400    402    401
   526    527    528
   526    528    403
   526    403    402
   403    528    529
   403    529    530
   403    530    406
   403    406    405
   403    405    404
   530    531    532
   530    532    409
   530    409    408
   530    408    407
   530    407    406
   532    533    412
   532    412    411
   532    411    410
   532    410    409
   534    535    413
   534    413    412
   534    412    533
   536    537    416
   536    416    414
   536    414    413
   536    413    535
   538    539    540
   538    540    541
   538    541    537
   538    537    536
   541    540    542
   541    542    543
   541    543    544
   417    416    537
   417    537    541
   417    541    544
   417    544    545
   417    545    420
   544    543    546
   544    546    547
   544    547    548
   544    548    545
   420    545    548
   420    548    549
   420    549    424
   420    424    421
   548    547    550
   548    550    551
   548    551    552
   548    552    549
   424    549    552
   424    552    428
   424    428    425
   428    552    551
   428    551    553
   428    553    554
   428    554    429
   430    429    554
   430    554    555
   430    555    431
   431    555    556
   431    556    557
   431    557    558
   431    558    432
   432    558    559
   432    559    560
   432    560    434
   432    434    433
   434    560    561
   434    561    562
   434    562    563
   434    563    436
   434    436    435
   563    564    438
   563    438    437
   563    437    436
   565    566    567
   565    567    441
   565    441    440
   565    440    439
   565    439    438
   565    438    564
   441    567    568
   441    568    335
   441    335    334
   335    568    442
   335    442    336
   443    569    570
   443    570    571
   443    571    444
   445    444    571
   445    571    572
   445    572    447
   445    447    446
   447    572    573
   447    573    574
   447    574    575
   447    575    448
   449    448    575
   449    575    576
   449    576    452
   449    452    450
   575    574    577
   575    577    578
   575    578    579
   575    579    580
   575    580    576
   576    580    453
   576    453    452
   454    453    580
   454    580    579
   454    579    581
   454    581    455
   455    581    582
   455    582    457
   455    457    456
   457    582    583
   457    583    584
   457    584    585
   457    585    459
   457    459    458
   459    585    586
   459    586    587
   459    587    588
   459    588    462
   459    462    461
   459    461    460
   462    588    589
   462    589    590
   462    590    591
   462    591    463
   463    591    592
   463    592    465
   463    465    464
   465    592    593
   465    593    594
   465    594    595
   465    595    466
   466    595    596
   466    596    470
   466    470    468
   466    468    467
   596    597    598
   596    598    599
   596    599    600
   596    600    471
   596    471    470
   471    600    477
   471    477    475
   471    475    472
   477    600    599
   477    599    601
   477    601    602
   477    602    603
   477    603    604
   477    604    605
   477    605    478
   605    604    606
   605    606    607
   479    478    605
   479    605    607
   479    607    608
   479    608    483
   609    608    607
   609    607    606
   609    606    610
   609    610    611
   609    611    612
   483    608    609
   483    609    484
   485    484    609
   485    609    612
   485    612    613
   485    613    614
   485    614    615
   485    615    486
   487    486    615
   487    615    616
   487    616    489
   487    489    488
   489    616    617
   489    617    618
   489    618    619
   489    619    490
   491    490    619
   491    619    620
   491    620    621
   491    621    493
   491    493    492
   493    621    622
   493    622    623
   493    623    494
   494    623    624
   494    624    625
   494    625    496
   494    496    495
   496    625    626
   496    626    627
   496    627    498
   496    498    497
   498    627    628
   498    628    629
   498    629    499
   499    629    630
   499    630    631
   499    631    501
   499    501    500
   501    631    632
   501    632    633
   501    633    634
   501    634    503
   501    503    502
   503    634    635
   503    635    636
   503    636    504
   504    636    637
   504    637    638
   504    638    507
   504    507    506
   504    506    505
   507    638    639
   507    639    640
   507    640    641
   507    641    642
   507    642    508
   508    642    643
   508    643    510
   508    510    509
   511    510    643
   511    643    644
   511    644    645
   511    645    646
   511    646    512
   512    646    647
   512    647    648
   512    648    514
   512    514    513
   514    648    649
   514    649    650
   514    650    515
   515    650    651
   515    651    652
   515    652    517
   515    517    516
   517    652    653
   517    653    654
   517    654    519
   517    519    518
   519    654    655
   519    655    656
   519    656    521
   519    521    520
   522    521    656
   522    656    657
   522    657    658
   522    658    523
   523    658    659
   523    659    660
   523    660    525
   523    525    524
   525    660    661
   525    661    662
   525    662    527
   525    527    526
   662    663    664
   662    664    529
   662    529    528
   662    528    527
   529    664    665
   529    665    666
   529    666    531
   529    531    530
   666    667    668
   666    668    534
   666    534    533
   666    533    532
   666    532    531
   668    669    538
   668    538    536
   668    536    535
   668    535    534
   670    671    672
   670    672    673
   670    673    539
   670    539    538
   670    538    669
   673    674    542
   673    542    540
   673    540    539
   672    675    676
   672    676    677
   672    677    674
   672    674    673
   676    678    679
   676    679    680
   676    680    681
   676    681    677
   542    674    677
   542    677    681
   542    681    682
   542    682    546
   542    546    543
   681    680    683
   681    683    684
   681    684    685
   681    685    682
   546    682    685
   546    685    686
   546    686    550
   546    550    547
   686    685    684
   686    684    687
   686    687    688
   686    688    689
   551    550    686
   551    686    689
   551    689    690
   551    690    553
   690    689    688
   690    688    691
   690    691    692
   554    553    690
   554    690    692
   554    692    693
   554    693    556
   554    556    555
   556    693    694
   556    694    695
   556    695    696
   556    696    557
   557    696    697
   557    697    698
   557    698    559
   557    559    558
   697    699    700
   697    700    701
   697    701    702
   697    702    698
   559    698    702
   559    702    703
   559    703    561
   559    561    560
   561    703    704
   561    704    705
   561    705    706
   561    706    562
   562    706    707
   562    707    565
   562    565    564
   562    564    563
   707    708    709
   707    709    710
   707    710    711
   707    711    712
   707    712    566
   707    566    565
   712    569    443
   712    443    442
   712    442    568
   712    568    567
   712    567    566
   711    713    714
   711    714    570
   711    570    569
   711    569    712
   715    716    717
   715    717    718
   715    718    719
   715    719    720
   715    720    714
   715    714    713
   571    570    714
   571    714    720
   571    720    721
   571    721    722
   571    722    573
   571    573    572
   721    723    724
   721    724    725
   721    725    722
   573    722    725
   573    725    726
   573    726    577
   573    577    574
   725    724    727
   725    727    728
   725    728    726
   577    726    728
   577    728    729
   577    729    578
   729    728    727
   729    727    730
   729    730    731
   729    731    732
   579    578    729
   579    729    732
   579    732    583
   579    583    582
   579    582    581
   583    732    731
   583    731    733
   583    733    734
   583    734    735
   583    735    584
   584    735    736
   584    736    737
   584    737    738
   584    738    586
   584    586    585
   586    738    739
   586    739    740
   586    740    587
   587    740    741
   587    741    742
   587    742    589
   587    589    588
   589    742    743
   589    743    744
   589    744    590
   590    744    745
   590    745    746
   590    746    593
   590    593    592
   590    592    591
   593    746    747
   593    747    748
   593    748    749
   593    749    594
   594    749    750
   594    750    597
   594    597    596
   594    596    595
   750    751    752
   750    752    753
   750    753    754
   750    754    598
   750    598    597
   598    754    601
   598    601    599
   601    754    753
   601    753    755
   601    755    756
   601    756    602
   602    756    757
   602    757    758
   602    758    603
   606    604    603
   606    603    758
   606    758    610
   610    758    757
   610    757    759
   610    759    760
   610    760    761
   610    761    762
   610    762    611
   612    611    762
   612    762    613
   613    762    761
   613    761    763
   613    763    764
   613    764    765
   613    765    614
   615    614    765
   615    765    766
   615    766    617
   615    617    616
   617    766    767
   617    767    768
   617    768    769
   617    769    618
   619    618    769
   619    769    770
   619    770    771
   619    771    620
   620    771    772
   620    772    773
   620    773    622
   620    622    621
   622    773    774
   622    774    775
   622    775    624
   622    624    623
   624    775    776
   624    776    777
   624    777    626
   624    626    625
   626    777    778
   626    778    779
   626    779    628
   626    628    627
   628    779    780
   628    780    781
   628    781    630
   628    630    629
   630    781    782
   630    782    783
   630    783    632
   630    632    631
   632    783    784
   632    784    785
   632    785    633
   633    785    786
   633    786    787
   633    787    635
   633    635    634
   635    787    788
   635    788    789
   635    789    637
   635    637    636
   637    789    790
   637    790    791
   637    791    792
   637    792    639
   637    639    638
   639    792    793
   639    793    794
   639    794    640
   640    794    795
   640    795    796
   640    796    641
   641    796    797
   641    797    798
   641    798    644
   641    644    643
   641    643    642
   644    798    799
   644    799    800
   644    800    645
   645    800    801
   645    801    802
   645    802    647
   645    647    646
   647    802    803
   647    803    804
   647    804    649
   647    649    648
   649    804    805
   649    805    806
   649    806    651
   649    651    650
   651    806    807
   651    807    808
   651    808    809
   651    809    653
   651    653    652
   653    809    810
   653    810    655
   653    655    654
   656    655    810
   656    810    811
   656    811    657
   657    811    812
   657    812    813
   657    813    814
   657    814    659
   657    659    658
   659    814    815
   659    815    661
   659    661    660
   661    815    816
   661    816    817
   661    817    663
   661    663    662
   817    818    819
   817    819    665
   817    665    664
   817    664    663
   665    819    820
   665    820    821
   665    821    822
   665    822    667
   665    667    666
   822    823    824
   822    824    825
   822    825    670
   822    670    669
   822    669    668
   822    668    667
   825    826    671
   825    671    670
   827    828    829
   827    829    675
   827    675    672
   827    672    671
   827    671    826
   829    678    676
   829    676    675
   830    831    679
   830    679    678
   830    678    829
   830    829    828
   832    833    834
   832    834    831
   832    831    830
   834    835    683
   834    683    680
   834    680    679
   834    679    831
   836    837    838
   836    838    835
   836    835    834
   836    834    833
   684    683    835
   684    835    838
   684    838    839
   684    839    687
   839    838    837
   839    837    840
   839    840    841
   839    841    842
   688    687    839
   688    839    842
   688    842    843
   688    843    691
   843    842    841
   843    841    844
   843    844    845
   843    845    846
   692    691    843
   692    843    846
   692    846    847
   692    847    694
   692    694    693
   694    847    848
   694    848    849
   694    849    850
   694    850    695
   695    850    851
   695    851    699
   695    699    697
   695    697    696
   851    852    853
   851    853    854
   851    854    700
   851    700    699
   700    854    855
   700    855    856
   700    856    701
   856    855    857
   856    857    858
   856    858    859
   702    701    856
   702    856    859
   702    859    704
   702    704    703
   704    859    858
   704    858    860
   704    860    705
   861    709    708
   862    863    864
   862    864    865
   862    865    866
   862    866    710
   862    710    709
   862    709    861
   710    866    715
   710    715    713
   710    713    711
   865    716    715
   865    715    866
   867    868    718
   867    718    717
   718    868    869
   718    869    870
   718    870    871
   718    871    719
   720    719    871
   720    871    872
   720    872    873
   720    873    723
   720    723    721
   872    874    875
   872    875    876
   872    876    877
   872    877    873
   727    724    723
   727    723    873
   727    873    877
   727    877    878
   727    878    730
   878    877    876
   878    876    879
   878    879    880
   731    730    878
   731    878    880
   731    880    881
   731    881    733
   733    881    882
   733    882    883
   733    883    734
   734    883    884
   734    884    885
   734    885    736
   734    736    735
   736    885    886
   736    886    887
   736    887    888
   736    888    737
   737    888    889
   737    889    890
   737    890    739
   737    739    738
   739    890    891
   739    891    892
   739    892    741
   739    741    740
   741    892    893
   741    893    894
   741    894    743
   741    743    742
   743    894    895
   743    895    896
   743    896    745
   743    745    744
   745    896    897
   745    897    898
   745    898    747
   745    747    746
   747    898    899
   747    899    900
   747    900    748
   748    900    901
   748    901    902
   748    902    751
   748    751    750
   748    750    749
   902    903    904
   902    904    752
   902    752    751
   752    904    905
   752    905    755
   752    755    753
   757    756    755
   757    755    905
   757    905    906
   757    906    759
   759    906    907
   759    907    908
   759    908    760
   761    760    908
   761    908    909
   761    909    763
   763    909    910
   763    910    911
   763    911    764
   765    764    911
   765    911    912
   765    912    767
   765    767    766
   767    912    913
   767    913    914
   767    914    915
   767    915    768
   769    768    915
   769    915    916
   769    916    770
   770    916    917
   770    917    918
   770    918    919
   770    919    772
   770    772    771
   772    919    920
   772    920    921
   772    921    922
   772    922    774
   772    774    773
   774    922    923
   774    923    924
   774    924    776
   774    776    775
   776    924    925
   776    925    778
   776    778    777
   778    925    926
   778    926    927
   778    927    780
   778    780    779
   780    927    928
   780    928    929
   780    929    782
   780    782    781
   782    929    930
   782    930    931
   782    931    784
   782    784    783
   784    931    932
   784    932    933
   784    933    786
   784    786    785
   786    933    934
   786    934    935
   786    935    788
   786    788    787
   788    935    936
   788    936    937
   788    937    790
   788    790    789
   790    937    938
   790    938    939
   790    939    791
   791    939    940
   791    940    941
   791    941    793
   791    793    792
   793    941    942
   793    942    795
   793    795    794
   795    942    943
   795    943    944
   795    944    945
   795    945    797
   795    797    796
   797    945    946
   797    946    799
   797    799    798
   799    946    947
   799    947    948
   799    948    949
   799    949    801
   799    801    800
   801    949    950
   801    950    803
   801    803    802
   803    950    951
   803    951    805
   803    805    804
   805    951    952
   805    952    953
   805    953    807
   805    807    806
   807    953    954
   807    954    955
   807    955    808
   810    809    808
   810    808    955
   810    955    956
   810    956    957
   810    957    958
   810    958    812
   810    812    811
   812    958    959
   812    959    960
   812    960    813
   813    960    961
   813    961    816
   813    816    815
   813    815    814
   816    961    962
   816    962    963
   816    963    818
   816    818    817
   963    964    965
   963    965    820
   963    820    819
   963    819    818
   820    965    966
   820    966    967
   820    967    821
   821    967    968
   821    968    969
   821    969    970
   821    970    823
   821    823    822
   970    971    972
   970    972    824
   970    824    823
   824    972    973
   824    973    974
   824    974    827
   824    827    826
   824    826    825
   973    975    976
   973    976    974
   974    976    977
   974    977    832
   974    832    830
   974    830    828
   974    828    827
   977    978    836
   977    836    833
   977    833    832
   979    980    981
   979    981    978
   979    978    977
   979    977    976
   979    976    975
   981    982    840
   981    840    837
   981    837    836
   981    836    978
   983    984    982
   983    982    981
   983    981    980
   841    840    982
   841    982    984
   841    984    985
   841    985    844
   844    985    986
   844    986    987
   844    987    988
   844    988    845
   846    845    988
   846    988    989
   846    989    848
   846    848    847
   848    989    990
   848    990    991
   848    991    992
   848    992    849
   849    992    993
   849    993    852
   849    852    851
   849    851    850
   993    994    995
   993    995    996
   993    996    853
   993    853    852
   853    996    997
   853    997    998
   853    998    857
   853    857    855
   853    855    854
   998    997    999
   998    999   1000
   998   1000   1001
   858    857    998
   858    998   1001
   858   1001   1002
   858   1002    860
  1002   1001   1000
  1002   1000   1003
  1002   1003   1004
  1002   1004   1005
  1002   1005   1006
  1006   1005   1007
  1006   1007   1008
  1006   1008   1009
  1009   1008   1010
  1009   1010   1011
  1009   1011   1012
  1009   1012   1013
  1013   1012   1014
  1013   1014    863
  1013    863    862
  1014   1015   1016
  1014   1016    864
  1014    864    863
   864   1016   1017
   864   1017    867
   864    867    717
   864    717    716
   864    716    865
  1017   1018   1019
  1017   1019    869
  1017    869    868
  1017    868    867
  1019   1020   1021
  1019   1021   1022
  1019   1022    870
  1019    870    869
   871    870   1022
   871   1022   1023
   871   1023    874
   871    874    872
  1023   1024   1025
  1023   1025    875
  1023    875    874
   876    875   1025
   876   1025   1026
   876   1026    879
   880    879   1026
   880   1026   1027
   880   1027   1028
   880   1028    882
   880    882    881
   882   1028   1029
   882   1029   1030
   882   1030    884
   882    884    883
   884   1030   1031
   884   1031   1032
   884   1032    886
   884    886    885
   886   1032   1033
   886   1033   1034
   886   1034    887
   887   1034   1035
   887   1035   1036
   887   1036   1037
   887   1037    889
   887    889    888
   889   1037   1038
   889   1038   1039
   889   1039    891
   889    891    890
   891   1039   1040
   891   1040   1041
   891   1041    893
   891    893    892
   893   1041   1042
   893   1042   1043
   893   1043    895
   893    895    894
   895   1043   1044
   895   1044   1045
   895   1045    897
   895    897    896
   897   1045   1046
   897   1046   1047
   897   1047    899
   897    899    898
   899   1047   1048
   899   1048    901
   899    901    900
   901   1048   1049
   901   1049   1050
   901   1050    903
   901    903    902
   905    904    903
   905    903   1050
   905   1050   1051
   905   1051    907
   905    907    906
   908    907   1051
   908   1051   1052
   908   1052    910
   908    910    909
   911    910   1052
   911   1052   1053
   911   1053   1054
   911   1054    913
   911    913    912
   913   1054   1055
   913   1055   1056
   913   1056    914
   915    914   1056
   915   1056   1057
   915   1057   1058
   915   1058    917
   915    917    916
   917   1058   1059
   917   1059   1060
   917   1060    918
   918   1060   1061
   918   1061    920
   918    920    919
   920   1061   1062
   920   1062   1063
   920   1063   1064
   920   1064    921
   921   1064   1065
   921   1065   1066
   921   1066   1067
   921   1067    923
   921    923    922
   923   1067   1068
   923   1068   1069
   923   1069    926
   923    926    925
   923    925    924
   926   1069   1070
   926   1070    928
   926    928    927
   928   1070   1071
   928   1071   1072
   928   1072    930
   928    930    929
   930   1072   1073
   930   1073   1074
   930   1074    932
   930    932    931
   932   1074   1075
   932   1075   1076
   932   1076    934
   932    934    933
   934   1076   1077
   934   1077   1078
   934   1078    936
   934    936    935
   936   1078   1079
   936   1079   1080
   936   1080    938
   936    938    937
   938   1080   1081
   938   1081   1082
   938   1082    940
   938    940    939
   940   1082   1083
   940   1083    943
   940    943    942
   940    942    941
   943   1083   1084
   943   1084   1085
   943   1085   1086
   943   1086    944
   944   1086   1087
   944   1087    947
   944    947    946
   944    946    945
   947   1087   1088
   947   1088   1089
   947   1089    948
   948   1089   1090
   948   1090    952
   948    952    951
   948    951    950
   948    950    949
   952   1090   1091
   952   1091   1092
   952   1092    954
   952    954    953
   955    954   1092
   955   1092   1093
   955   1093   1094
   955   1094    956
   956   1094   1095
   956   1095   1096
   956   1096    957
   957   1096   1097
   957   1097    959
   957    959    958
   959   1097   1098
   959   1098   1099
   959   1099   1100
   959   1100    962
   959    962    961
   959    961    960
   962   1100   1101
   962   1101   1102
   962   1102    964
   962    964    963
  1102   1103   1104
  1102   1104   1105
  1102   1105    966
  1102    966    965
  1102    965    964
   966   1105    968
   966    968    967
   968   1105   1104
   968   1104   1106
   968   1106   1107
   968   1107   1108
   968   1108   1109
   968   1109    969
   969   1109   1110
   969   1110   1111
   969   1111    971
   969    971    970
  1110   1112   1113
  1110   1113   1111
  1111   1113   1114
  1111   1114   1115
  1111   1115    979
  1111    979    975
  1111    975    973
  1111    973    972
  1111    972    971
  1115   1116    983
  1115    983    980
  1115    980    979
  1114   1117   1118
  1114   1118   1116
  1114   1116   1115
  1118    986    985
  1118    985    984
  1118    984    983
  1118    983   1116
  1119   1120    987
  1119    987    986
  1119    986   1118
  1119   1118   1117
  1119   1117   1121
   988    987   1120
   988   1120   1122
   988   1122    990
   988    990    989
   990   1122   1123
   990   1123   1124
   990   1124   1125
   990   1125    991
   991   1125   1126
   991   1126    994
   991    994    993
   991    993    992
  1126   1127   1128
  1126   1128   1129
  1126   1129   1130
  1126   1130    995
  1126    995    994
   995   1130   1131
   995   1131    999
   995    999    997
   995    997    996
  1131   1130   1129
  1131   1129   1132
  1131   1132   1133
  1000    999   1131
  1000   1131   1133
  1000   1133   1134
  1000   1134   1003
  1003   1134   1135
  1003   1135   1136
  1003   1136   1004
  1004   1136   1137
  1004   1137   1138
  1004   1138   1007
  1004   1007   1005
  1007   1138   1139
  1007   1139   1140
  1007   1140   1010
  1007   1010   1008
  1010   1140   1141
  1010   1141   1142
  1010   1142   1011
  1011   1142   1143
  1011   1143   1144
  1011   1144   1015
  1011   1015   1014
  1011   1014   1012
  1144   1145   1146
  1144   1146   1018
  1144   1018   1017
  1144   1017   1016
  1144   1016   1015
  1146   1147   1020
  1146   1020   1019
  1146   1019   1018
  1148   1149   1021
  1148   1021   1020
  1148   1020   1147
  1022   1021   1149
  1022   1149   1150
  1022   1150   1151
  1022   1151   1024
  1022   1024   1023
  1026   1025   1024
  1026   1024   1151
  1026   1151   1152
  1026   1152   1153
  1026   1153   1027
  1027   1153   1154
  1027   1154   1029
  1027   1029   1028
  1029   1154   1155
  1029   1155   1156
  1029   1156   1031
  1029   1031   1030
  1031   1156   1157
  1031   1157   1158
  1031   1158   1033
  1031   1033   1032
  1033   1158   1159
  1033   1159   1160
  1033   1160   1035
  1033   1035   1034
  1035   1160   1161
  1035   1161   1036
  1036   1161   1162
  1036   1162   1163
  1036   1163   1164
  1036   1164   1165
  1036   1165   1166
  1036   1166   1038
  1036   1038   1037
  1038   1166   1167
  1038   1167   1040
  1038   1040   1039
  1040   1167   1168
  1040   1168   1169
  1040   1169   1170
  1040   1170   1042
  1040   1042   1041
  1042   1170   1171
  1042   1171   1044
  1042   1044   1043
  1044   1171   1172
  1044   1172   1173
  1044   1173   1046
  1044   1046   1045
  1049   1048   1047
  1049   1047   1046
  1049   1046   1173
  1049   1173   1174
  1049   1174   1175
  1052   1051   1050
  1052   1050   1049
  1052   1049   1175
  1052   1175   1053
  1053   1175   1174
  1053   1174   1176
  1053   1176   1177
  1053   1177   1055
  1053   1055   1054
  1056   1055   1177
  1056   1177   1178
  1056   1178   1057
  1057   1178   1179
  1057   1179   1059
  1057   1059   1058
  1059   1179   1180
  1059   1180   1062
  1059   1062   1061
  1059   1061   1060
  1062   1180   1181
  1062   1181   1182
  1062   1182   1063
  1063   1182   1183
  1063   1183   1184
  1063   1184   1065
  1063   1065   1064
  1065   1184   1185
  1065   1185   1186
  1065   1186   1066
  1066   1186   1187
  1066   1187   1188
  1066   1188   1068
  1066   1068   1067
  1068   1188   1189
  1068   1189   1071
  1068   1071   1070
  1068   1070   1069
  1071   1189   1190
  1071   1190   1191
  1071   1191   1073
  1071   1073   1072
  1073   1191   1192
  1073   1192   1193
  1073   1193   1075
  1073   1075   1074
  1075   1193   1194
  1075   1194   1195
  1075   1195   1077
  1075   1077   1076
  1077   1195   1196
  1077   1196   1197
  1077   1197   1079
  1077   1079   1078
  1079   1197   1198
  1079   1198   1081
  1079   1081   1080
  1081   1198   1199
  1081   1199   1200
  1081   1200   1084
  1081   1084   1083
  1081   1083   1082
  1084   1200   1201
  1084   1201   1202
  1084   1202   1203
  1084   1203   1085
  1085   1203   1204
  1085   1204   1088
  1085   1088   1087
  1085   1087   1086
  1088   1204   1205
  1088   1205   1206
  1088   1206   1091
  1088   1091   1090
  1088   1090   1089
  1092   1091   1206
  1092   1206   1207
  1092   1207   1093
  1093   1207   1208
  1093   1208   1209
  1093   1209   1095
  1093   1095   1094
  1095   1209   1210
  1095   1210   1211
  1095   1211   1098
  1095   1098   1097
  1095   1097   1096
  1098   1211   1212
  1098   1212   1213
  1098   1213   1099
  1099   1213   1214
  1099   1214   1215
  1099   1215   1101
  1099   1101   1100
  1101   1215   1216
  1101   1216   1217
  1101   1217   1103
  1101   1103   1102
  1217   1218   1219
  1217   1219   1106
  1217   1106   1104
  1217   1104   1103
  1220   1221   1222
  1220   1222   1223
  1220   1223   1224
  1220   1224   1219
  1220   1219   1218
  1106   1219   1224
  1106   1224   1107
  1107   1224   1223
  1107   1223   1225
  1107   1225   1226
  1107   1226   1108
  1108   1226   1227
  1108   1227   1228
  1108   1228   1112
  1108   1112   1110
  1108   1110   1109
  1228   1121   1117
  1228   1117   1114
  1228   1114   1113
  1228   1113   1112
  1227   1229   1230
  1227   1230   1119
  1227   1119   1121
  1227   1121   1228
  1230   1123   1122
  1230   1122   1120
  1230   1120   1119
  1231   1232   1233
  1231   1233   1124
  1231   1124   1123
  1231   1123   1230
  1231   1230   1229
  1124   1233   1234
  1124   1234   1127
  1124   1127   1126
  1124   1126   1125
  1234   1235   1236
  1234   1236   1237
  1234   1237   1128
  1234   1128   1127
  1128   1237   1238
  1128   1238   1132
  1128   1132   1129
  1238   1237   1236
  1238   1236   1239
  1238   1239   1240
  1238   1240   1241
  1238   1241   1242
  1133   1132   1238
  1133   1238   1242
  1133   1242   1243
  1133   1243   1135
  1133   1135   1134
  1242   1241   1244
  1242   1244   1245
  1242   1245   1246
  1242   1246   1243
  1135   1243   1246
  1135   1246   1247
  1135   1247   1137
  1135   1137   1136
  1137   1247   1248
  1137   1248   1249
  1137   1249   1139
  1137   1139   1138
  1139   1249   1250
  1139   1250   1251
  1139   1251   1141
  1139   1141   1140
  1141   1251   1252
  1141   1252   1253
  1141   1253   1143
  1141   1143   1142
  1143   1253   1254
  1143   1254   1255
  1143   1255   1145
  1143   1145   1144
  1255   1256   1148
  1255   1148   1147
  1255   1147   1146
  1255   1146   1145
  1257   1258   1150
  1257   1150   1149
  1257   1149   1148
  1257   1148   1256
  1151   1150   1258
  1151   1258   1259
  1151   1259   1260
  1151   1260   1152
  1152   1260   1261
  1152   1261   1155
  1152   1155   1154
  1152   1154   1153
  1155   1261   1262
  1155   1262   1263
  1155   1263   1157
  1155   1157   1156
  1157   1263   1264
  1157   1264   1265
  1157   1265   1159
  1157   1159   1158
  1159   1265   1266
  1159   1266   1162
  1159   1162   1161
  1159   1161   1160
  1162   1266   1267
  1162   1267   1268
  1162   1268   1269
  1162   1269   1163
  1163   1269   1270
  1163   1270   1271
  1163   1271   1272
  1163   1272   1164
  1164   1272   1273
  1164   1273   1274
  1164   1274   1165
  1165   1274   1168
  1165   1168   1167
  1165   1167   1166
  1275   1169   1168
  1275   1168   1274
  1275   1274   1273
  1275   1273   1276
  1275   1276   1277
  1275   1277   1278
  1275   1278   1279
  1172   1171   1170
  1172   1170   1169
  1172   1169   1275
  1172   1275   1280
  1174   1173   1172
  1174   1172   1280
  1174   1280   1281
  1174   1281   1176
  1281   1280   1275
  1281   1275   1279
  1281   1279   1282
  1281   1282   1283
  1281   1283   1284
  1281   1284   1285
  1177   1176   1281
  1177   1281   1285
  1177   1285   1286
  1177   1286   1181
  1177   1181   1180
  1177   1180   1179
  1177   1179   1178
  1285   1284   1287
  1285   1287   1288
  1285   1288   1289
  1285   1289   1290
  1285   1290   1291
  1285   1291   1286
  1181   1286   1291
  1181   1291   1292
  1181   1292   1183
  1181   1183   1182
  1291   1290   1293
  1291   1293   1294
  1291   1294   1295
  1291   1295   1292
  1183   1292   1295
  1183   1295   1185
  1183   1185   1184
  1185   1295   1294
  1185   1294   1296
  1185   1296   1297
  1185   1297   1187
  1185   1187   1186
  1187   1297   1298
  1187   1298   1299
  1187   1299   1190
  1187   1190   1189
  1187   1189   1188
  1190   1299   1300
  1190   1300   1301
  1190   1301   1192
  1190   1192   1191
  1192   1301   1302
  1192   1302   1194
  1192   1194   1193
  1194   1302   1303
  1194   1303   1304
  1194   1304   1196
  1194   1196   1195
  1196   1304   1305
  1196   1305   1199
  1196   1199   1198
  1196   1198   1197
  1199   1305   1306
  1199   1306   1307
  1199   1307   1201
  1199   1201   1200
  1201   1307   1308
  1201   1308   1202
  1202   1308   1309
  1202   1309   1310
  1202   1310   1311
  1202   1311   1205
  1202   1205   1204
  1202   1204   1203
  1206   1205   1311
  1206   1311   1312
  1206   1312   1313
  1206   1313   1208
  1206   1208   1207
  1208   1313   1314
  1208   1314   1210
  1208   1210   1209
  1210   1314   1315
  1210   1315   1316
  1210   1316   1212
  1210   1212   1211
  1212   1316   1317
  1212   1317   1318
  1212   1318   1214
  1212   1214   1213
  1214   1318   1319
  1214   1319   1320
  1214   1320   1216
  1214   1216   1215
  1216   1320   1321
  1216   1321   1220
  1216   1220   1218
  1216   1218   1217
  1321   1322   1323
  1321   1323   1324
  1321   1324   1325
  1321   1325   1221
  1321   1221   1220
  1325   1326   1222
  1325   1222   1221
  1324   1327   1328
  1324   1328   1329
  1324   1329   1330
  1324   1330   1326
  1324   1326   1325
  1223   1222   1326
  1223   1326   1330
  1223   1330   1225
  1225   1330   1329
  1225   1329   1231
  1225   1231   1229
  1225   1229   1227
  1225   1227   1226
  1329   1328   1331
  1329   1331   1332
  1329   1332   1333
  1329   1333   1334
  1329   1334   1335
  1329   1335   1232
  1329   1232   1231
  1335   1336   1235
  1335   1235   1234
  1335   1234   1233
  1335   1233   1232
  1334   1337   1338
  1334   1338   1336
  1334   1336   1335
  1338   1339   1340
  1338   1340   1239
  1338   1239   1236
  1338   1236   1235
  1338   1235   1336
  1341   1342   1343
  1341   1343   1340
  1341   1340   1339
  1239   1340   1343
  1239   1343   1344
  1239   1344   1240
  1240   1344   1345
  1240   1345   1346
  1240   1346   1244
  1240   1244   1241
  1244   1346   1347
  1244   1347   1348
  1244   1348   1245
  1246   1245   1348
  1246   1348   1349
  1246   1349   1248
  1246   1248   1247
  1248   1349   1350
  1248   1350   1351
  1248   1351   1352
  1248   1352   1250
  1248   1250   1249
  1250   1352   1353
  1250   1353   1354
  1250   1354   1252
  1250   1252   1251
  1252   1354   1355
  1252   1355   1254
  1252   1254   1253
  1254   1355   1356
  1254   1356   1257
  1254   1257   1256
  1254   1256   1255
  1356   1357   1358
  1356   1358   1259
  1356   1259   1258
  1356   1258   1257
  1259   1358   1359
  1259   1359   1262
  1259   1262   1261
  1259   1261   1260
  1262   1359   1360
  1262   1360   1361
  1262   1361   1264
  1262   1264   1263
  1264   1361   1362
  1264   1362   1267
  1264   1267   1266
  1264   1266   1265
  1267   1362   1363
  1267   1363   1364
  1267   1364   1365
  1267   1365   1268
  1268   1365   1366
  1268   1366   1367
  1268   1367   1270
  1268   1270   1269
  1270   1367   1368
  1270   1368   1369
  1270   1369   1271
  1273   1272   1271
  1273   1271   1369
  1273   1369   1370
  1273   1370   1276
  1276   1370   1371
  1276   1371   1372
  1276   1372   1373
  1276   1373   1277
  1277   1373   1374
  1277   1374   1375
  1277   1375   1278
  1279   1278   1375
  1279   1375   1376
  1279   1376   1282
  1282   1376   1377
  1282   1377   1378
  1282   1378   1379
  1282   1379   1283
  1283   1379   1380
  1283   1380   1287
  1283   1287   1284
  1287   1380   1381
  1287   1381   1382
  1287   1382   1288
  1289   1383   1384
  1289   1384   1293
  1289   1293   1290
  1384   1383   1385
  1384   1385   1386
  1384   1386   1387
  1294   1293   1384
  1294   1384   1387
  1294   1387   1296
  1296   1387   1386
  1296   1386   1388
  1296   1388   1389
  1296   1389   1390
  1296   1390   1298
  1296   1298   1297
  1298   1390   1391
  1298   1391   1300
  1298   1300   1299
  1300   1391   1392
  1300   1392   1303
  1300   1303   1302
  1300   1302   1301
  1303   1392   1393
  1303   1393   1306
  1303   1306   1305
  1303   1305   1304
  1306   1393   1394
  1306   1394   1309
  1306   1309   1308
  1306   1308   1307
  1309   1394   1395
  1309   1395   1396
  1309   1396   1310
  1311   1310   1396
  1311   1396   1397
  1311   1397   1312
  1312   1397   1398
  1312   1398   1399
  1312   1399   1400
  1312   1400   1315
  1312   1315   1314
  1312   1314   1313
  1315   1400   1401
  1315   1401   1317
  1315   1317   1316
  1317   1401   1402
  1317   1402   1403
  1317   1403   1404
  1317   1404   1319
  1317   1319   1318
  1319   1404   1405
  1319   1405   1322
  1319   1322   1321
  1319   1321   1320
  1405   1406   1407
  1405   1407   1408
  1405   1408   1323
  1405   1323   1322
  1323   1408   1409
  1323   1409   1327
  1323   1327   1324
  1407   1410   1411
  1407   1411   1412
  1407   1412   1409
  1407   1409   1408
  1409   1412   1331
  1409   1331   1328
  1409   1328   1327
  1331   1412   1411
  1331   1411   1413
  1331   1413   1332
  1332   1413   1414
  1332   1414   1415
  1332   1415   1416
  1332   1416   1417
  1332   1417   1333
  1333   1417   1418
  1333   1418   1419
  1333   1419   1337
  1333   1337   1334
  1418   1420   1421
  1418   1421   1422
  1418   1422   1419
  1419   1422   1423
  1419   1423   1341
  1419   1341   1339
  1419   1339   1338
  1419   1338   1337
  1423   1424   1425
  1423   1425   1426
  1423   1426   1342
  1423   1342   1341
  1343   1342   1426
  1343   1426   1427
  1343   1427   1345
  1343   1345   1344
  1345   1427   1428
  1345   1428   1429
  1345   1429   1347
  1345   1347   1346
  1348   1347   1429
  1348   1429   1430
  1348   1430   1431
  1348   1431   1350
  1348   1350   1349
  1350   1431   1432
  1350   1432   1433
  1350   1433   1351
  1351   1433   1353
  1351   1353   1352
  1353   1433   1432
  1353   1432   1434
  1353   1434   1435
  1353   1435   1357
  1353   1357   1356
  1353   1356   1355
  1353   1355   1354
  1435   1436   1360
  1435   1360   1359
  1435   1359   1358
  1435   1358   1357
  1360   1436   1437
  1360   1437   1363
  1360   1363   1362
  1360   1362   1361
  1363   1437   1438
  1363   1438   1439
  1363   1439   1364
  1364   1439   1440
  1364   1440   1441
  1364   1441   1366
  1364   1366   1365
  1366   1441   1442
  1366   1442   1443
  1366   1443   1368
  1366   1368   1367
  1369   1368   1443
  1369   1443   1444
  1369   1444   1371
  1369   1371   1370
  1371   1444   1445
  1371   1445   1446
  1371   1446   1447
  1371   1447   1372
  1372   1447   1448
  1372   1448   1449
  1372   1449   1374
  1372   1374   1373
  1375   1374   1449
  1375   1449   1450
  1375   1450   1377
  1375   1377   1376
  1377   1450   1451
  1377   1451   1452
  1377   1452   1453
  1377   1453   1378
  1378   1453   1454
  1378   1454   1381
  1378   1381   1380
  1378   1380   1379
  1381   1454   1455
  1381   1455   1456
  1381   1456   1457
  1381   1457   1382
  1288   1382   1457
  1288   1457   1458
  1288   1458   1385
  1288   1385   1383
  1288   1383   1289
  1457   1456   1459
  1457   1459   1460
  1457   1460   1458
  1386   1385   1458
  1386   1458   1460
  1386   1460   1388
  1388   1460   1459
  1388   1459   1461
  1388   1461   1462
  1388   1462   1463
  1388   1463   1389
  1389   1463   1464
  1389   1464   1465
  1389   1465   1395
  1389   1395   1394
  1389   1394   1393
  1389   1393   1392
  1389   1392   1391
  1389   1391   1390
  1396   1395   1465
  1396   1465   1398
  1396   1398   1397
  1398   1465   1464
  1398   1464   1466
  1398   1466   1399
  1399   1466   1467
  1399   1467   1402
  1399   1402   1401
  1399   1401   1400
  1402   1467   1468
  1402   1468   1469
  1402   1469   1470
  1402   1470   1471
  1402   1471   1472
  1402   1472   1403
  1403   1472   1473
  1403   1473   1474
  1403   1474   1406
  1403   1406   1405
  1403   1405   1404
  1473   1475   1476
  1473   1476   1477
  1473   1477   1478
  1473   1478   1474
  1474   1478   1479
  1474   1479   1410
  1474   1410   1407
  1474   1407   1406
  1477   1480   1481
  1477   1481   1479
  1477   1479   1478
  1479   1481   1414
  1479   1414   1413
  1479   1413   1411
  1479   1411   1410
  1414   1481   1480
  1414   1480   1482
  1414   1482   1483
  1414   1483   1415
  1415   1483   1484
  1415   1484   1485
  1415   1485   1486
  1415   1486   1416
  1416   1486   1487
  1416   1487   1420
  1416   1420   1418
  1416   1418   1417
  1487   1488   1489
  1487   1489   1490
  1487   1490   1421
  1487   1421   1420
  1421   1490   1491
  1421   1491   1424
  1421   1424   1423
  1421   1423   1422
  1491   1492   1493
  1491   1493   1425
  1491   1425   1424
  1425   1493   1494
  1425   1494   1428
  1425   1428   1427
  1425   1427   1426
  1429   1428   1494
  1429   1494   1495
  1429   1495   1496
  1429   1496   1430
  1430   1496   1434
  1430   1434   1432
  1430   1432   1431
  1434   1496   1495
  1434   1495   1497
  1434   1497   1498
  1434   1498   1499
  1434   1499   1500
  1434   1500   1501
  1434   1501   1438
  1434   1438   1437
  1434   1437   1436
  1434   1436   1435
  1500   1502   1503
  1500   1503   1504
  1500   1504   1505
  1500   1505   1501
  1501   1505   1440
  1501   1440   1439
  1501   1439   1438
  1440   1505   1504
  1440   1504   1506
  1440   1506   1442
  1440   1442   1441
  1443   1442   1506
  1443   1506   1507
  1443   1507   1508
  1443   1508   1445
  1443   1445   1444
  1445   1508   1509
  1445   1509   1446
  1446   1509   1510
  1446   1510   1511
  1446   1511   1448
  1446   1448   1447
  1449   1448   1511
  1449   1511   1512
  1449   1512   1451
  1449   1451   1450
  1451   1512   1513
  1451   1513   1452
  1452   1513   1514
  1452   1514   1515
  1452   1515   1455
  1452   1455   1454
  1452   1454   1453
  1515   1514   1516
  1515   1516   1517
  1515   1517   1518
  1459   1456   1455
  1459   1455   1515
  1459   1515   1518
  1459   1518   1519
  1459   1519   1520
  1459   1520   1461
  1519   1521   1522
  1519   1522   1523
  1519   1523   1524
  1519   1524   1520
  1461   1520   1524
  1461   1524   1525
  1461   1525   1462
  1464   1463   1462
  1464   1462   1525
  1464   1525   1526
  1464   1526   1468
  1464   1468   1467
  1464   1467   1466
  1468   1526   1527
  1468   1527   1528
  1468   1528   1529
  1468   1529   1469
  1469   1529   1530
  1469   1530   1531
  1469   1531   1470
  1470   1531   1532
  1470   1532   1533
  1470   1533   1534
  1470   1534   1471
  1471   1534   1535
  1471   1535   1475
  1471   1475   1473
  1471   1473   1472
  1535   1536   1537
  1535   1537   1476
  1535   1476   1475
  1476   1537   1538
  1476   1538   1482
  1476   1482   1480
  1476   1480   1477
  1538   1539   1484
  1538   1484   1483
  1538   1483   1482
  1484   1539   1540
  1484   1540   1541
  1484   1541   1542
  1484   1542   1485
  1485   1542   1488
  1485   1488   1487
  1485   1487   1486
  1541   1543   1544
  1541   1544   1489
  1541   1489   1488
  1541   1488   1542
  1489   1544   1545
  1489   1545   1492
  1489   1492   1491
  1489   1491   1490
  1497   1545   1544
  1497   1544   1543
  1497   1543   1546
  1497   1546   1498
  1494   1493   1492
  1494   1492   1545
  1494   1545   1497
  1494   1497   1495
  1499   1547   1548
  1499   1548   1549
  1499   1549   1502
  1499   1502   1500
  1549   1550   1551
  1549   1551   1552
  1549   1552   1553
  1549   1553   1503
  1549   1503   1502
  1506   1504   1503
  1506   1503   1553
  1506   1553   1554
  1506   1554   1507
  1555   1554   1553
  1555   1553   1552
  1555   1552   1556
  1555   1556   1557
  1507   1554   1555
  1507   1555   1510
  1507   1510   1509
  1507   1509   1508
  1511   1510   1555
  1511   1555   1557
  1511   1557   1516
  1511   1516   1514
  1511   1514   1513
  1511   1513   1512
  1516   1557   1556
  1516   1556   1558
  1516   1558   1559
  1516   1559   1522
  1516   1522   1521
  1516   1521   1517
  1518   1517   1521
  1518   1521   1519
  1523   1522   1559
  1523   1559   1560
  1523   1560   1561
  1523   1561   1562
  1525   1524   1523
  1525   1523   1562
  1525   1562   1563
  1525   1563   1527
  1525   1527   1526
  1527   1563   1564
  1527   1564   1565
  1527   1565   1528
  1528   1565   1566
  1528   1566   1567
  1528   1567   1530
  1528   1530   1529
  1530   1567   1568
  1530   1568   1569
  1530   1569   1532
  1530   1532   1531
  1532   1569   1570
  1532   1570   1571
  1532   1571   1572
  1532   1572   1533
  1533   1572   1573
  1533   1573   1536
  1533   1536   1535
  1533   1535   1534
  1573   1574   1540
  1573   1540   1539
  1573   1539   1538
  1573   1538   1537
  1573   1537   1536
  1571   1575   1576
  1571   1576   1574
  1571   1574   1573
  1571   1573   1572
  1576   1577   1546
  1576   1546   1543
  1576   1543   1541
  1576   1541   1540
  1576   1540   1574
  1578   1579   1580
  1578   1580   1577
  1578   1577   1576
  1578   1576   1575
  1498   1546   1577
  1498   1577   1580
  1498   1580   1547
  1498   1547   1499
  1581   1582   1550
  1581   1550   1549
  1581   1549   1548
  1581   1548   1583
  1584   1551   1550
  1584   1550   1582
  1584   1582   1585
  1584   1585   1586
  1556   1552   1551
  1556   1551   1584
  1556   1584   1587
  1556   1587   1558
  1559   1558   1587
  1559   1587   1560
  1560   1587   1584
  1560   1584   1586
  1560   1586   1588
  1560   1588   1561
  1562   1561   1588
  1562   1588   1589
  1562   1589   1564
  1562   1564   1563
  1564   1589   1590
  1564   1590   1591
  1564   1591   1566
  1564   1566   1565
  1566   1591   1592
  1566   1592   1593
  1566   1593   1594
  1566   1594   1568
  1566   1568   1567
  1568   1594   1595
  1568   1595   1570
  1568   1570   1569
  1570   1595   1578
  1570   1578   1575
  1570   1575   1571
  1593   1596   1579
  1593   1579   1578
  1593   1578   1595
  1593   1595   1594
  1583   1548   1547
  1583   1547   1580
  1583   1580   1579
  1583   1579   1596
  1585   1582   1581
  1585   1581   1597
  1585   1597   1598
  1588   1586   1585
  1588   1585   1598
  1588   1598   1590
  1588   1590   1589
  1590   1598   1597
  1590   1597   1592
  1590   1592   1591
  1592   1597   1581
  1592   1581   1583
  1592   1583   1596
  1592   1596   1593
   705    860   1002
   705   1002   1006
   705   1006   1009
   705   1009   1013
   705   1013    862
   705    862    861
   705    861    708
   705    708    707
   705    707    706
