# Celestia native CMS export; GPL-2.0-or-later. See ../upstream.json and ../../native/.
v -6.658645858988166 8.120501087978482 -764.2738521099091
v 74.50894229114056 8.120501087978482 -763.3788108825684
v 74.30410794913769 4.555755294859409 -762.2171401977539
v 73.77961948513985 1.0131807997822762 -761.0422968864441
v 72.93803878128529 -2.493197424337268 -759.8585426807404
v 71.78327403962612 -5.949607444927096 -758.6715340614319
v 70.3205119818449 -9.342607855796814 -757.4883222579956
v 68.55603381991386 -12.659096252173185 -756.3140213489532
v 66.4973895996809 -15.886416379362345 -755.1563024520874
v 64.15316574275494 -19.012346025556326 -754.0208220481873
v 61.533038318157196 -22.025147266685963 -752.9135465621948
v 58.64783115684986 -24.913722649216652 -751.8435418605804
v 55.50915263593197 -27.6673948392272 -750.8147597312927
v 52.12968625128269 -30.27620930224657 -749.8355686664581
v 48.522890359163284 -32.730746641755104 -748.9108502864838
v 44.70306597650051 -35.02225335687399 -748.0466485023499
v 40.685269609093666 -37.14266121387482 -747.2490072250366
v 36.48524060845375 -39.0845388174057 -746.5236604213715
v 32.11933095008135 -40.841156989336014 -745.8752572536469
v 27.604468911886215 -42.40642823278904 -745.3080594539642
v 22.958084009587765 -43.774981796741486 -744.8261737823486
v 18.19802224636078 -44.94212493300438 -744.432544708252
v 13.342575170099735 -45.90396396815777 -744.1317439079285
v 8.410259522497654 -46.657147631049156 -743.9248561859131
v 3.4199301386252046 -47.19912372529507 -743.813818693161
v -1.6093963640742004 -47.528018057346344 -743.8002586364746
v -6.658593798056245 -47.64260537922382 -743.883091211319
v -11.708364356309175 -47.54125848412514 -744.0413177013397
v -16.73921924084425 -47.22278118133545 -744.2473530769348
v -21.73161320388317 -46.68836481869221 -744.5023596286774
v -26.666209846735 -45.93987874686718 -744.8055624961853
v -31.52383863925934 -44.98003013432026 -745.1568067073822
v -36.28563415259123 -43.81238333880901 -745.557177066803
v -40.93308933079243 -42.4411129206419 -746.0047364234924
v -45.44812813401222 -40.87129421532154 -746.5002596378326
v -49.81316365301609 -39.10868298262358 -747.0434367656708
v -54.01116833090782 -37.15980015695095 -747.6341128349304
v -58.025816828012466 -35.03183014690876 -748.2725977897644
v -61.84132136404514 -32.73263778537512 -748.9579617977142
v -65.4427707195282 -30.270705372095108 -749.689507484436
v -68.81599463522434 -27.65516173094511 -750.4663050174713
v -71.94772846996784 -24.895770102739334 -751.2887418270111
v -74.82551634311676 -22.002739273011684 -752.1537959575653
v -77.43800170719624 -18.986945133656263 -753.062629699707
v -79.77464646100998 -15.859568677842617 -754.0108263492584
v -81.8260408937931 -12.632402312010527 -754.9968361854553
v -83.5838794708252 -9.317630110308528 -756.0193419456482
v -85.04085913300514 -5.927733378484845 -757.0740818977356
v -86.1909069120884 -2.4756704457104206 -758.1589639186859
v -87.02903464436531 1.0254119406454265 -759.2691838741302
v -87.55146488547325 4.5620346907526255 -760.4009449481964
v -87.75571808218956 8.12050593085587 -761.5509927272797
v -87.64062225818634 11.686990316957235 -762.7200245857239
v -87.20632269978523 15.24758031591773 -763.908040523529
v -86.45395264029503 18.78835204988718 -765.1105463504791
v -85.38588508963585 22.295314446091652 -766.3214981555939
v -84.00570377707481 25.754446163773537 -767.5336122512817
v -82.31831938028336 29.151850566267967 -768.74138712883
v -80.32974675297737 32.47373513877392 -769.9366867542267
v -78.04733738303185 35.70649866014719 -771.1136996746063
v -75.47966316342354 38.836789317429066 -772.2662270069122
v -72.63629846274853 41.851502284407616 -773.384428024292
v -69.52827051281929 44.73796375095844 -774.4642734527588
v -66.16744436323643 47.48389460146427 -775.4967749118805
v -62.566958740353584 50.077565386891365 -776.476663351059
v -58.74091610312462 52.50776968896389 -777.3971199989319
v -54.70443591475487 54.763901606202126 -778.251713514328
v -50.47344155609608 56.83609135448933 -779.0338575839996
v -46.06492184102535 58.715156838297844 -779.7383606433868
v -41.49653874337673 60.392773151397705 -780.3600311279297
v -36.7867024615407 61.86143383383751 -780.8940649032593
v -31.954510882496834 63.11458647251129 -781.3368201255798
v -27.01948806643486 64.14648741483688 -781.6827178001404
v -22.001739218831062 64.95254561305046 -781.9298982620239
v -16.921812668442726 65.5290950089693 -782.075959444046
v -11.80046983063221 65.8735204488039 -782.1183443069458
v -6.658588955178857 65.98437875509262 -782.0579051971436
v -1.517202507238835 65.86231887340546 -781.9144010543823
v 3.6029318813234568 65.50940871238708 -781.715339422226
v 8.68120095692575 64.92708176374435 -781.4589381217957
v 13.69716702029109 64.11785632371902 -781.1457395553589
v 18.630654644221067 63.08521926403046 -780.7757437229156
v 23.46181347966194 61.83348074555397 -780.347865819931
v 28.17126475274563 60.36808416247368 -779.8645079135895
v 32.74010792374611 58.695223554968834 -779.3250501155853
v 37.150007858872414 56.82200826704502 -778.7307322025299
v 41.383423656225204 54.75635640323162 -778.0822515487671
v 45.4233568161726 52.50704325735569 -777.380383014679
v 49.253782257437706 50.08358508348465 -776.6271412372589
v 52.85949818789959 47.49622456729412 -775.8246183395386
v 56.22624717652798 44.75587271153927 -774.9749064445496
v 59.34078395366669 41.873958706855774 -774.079167842865
v 62.190981954336166 38.862599432468414 -773.1420516967773
v 64.76561538875103 35.73431130498648 -772.1636354923248
v 67.05485805869102 32.50217009335756 -771.1501955986023
v 69.04995888471603 29.179464653134346 -770.1045215129852
v 70.74332907795906 25.77986642718315 -769.0293252468109
v 72.12873101234436 22.317315638065338 -767.9303407669067
v 73.20109903812408 18.805852998048067 -766.8105900287628
v 73.95669929683208 15.259773470461369 -765.6758844852448
v 74.39306192100048 11.693232785910368 -764.5307183265686
v 155.69819808006287 8.120501087978482 -763.2869899272919
v 155.19932359457016 0.9818296763114631 -760.9753489494324
v 154.05724719166756 -6.095591746270657 -758.5873067378998
v 152.27896198630333 -13.082712423056364 -756.1357259750366
v 149.87429901957512 -19.951405376195908 -753.6361038684845
v 146.85576260089874 -26.674716360867023 -751.107269525528
v 143.23806539177895 -33.226826786994934 -748.5661923885345
v 139.03826400637627 -39.58320748060942 -746.0301518440247
v 134.27567183971405 -45.72085477411747 -743.519914150238
v 128.9714716374874 -51.61804109811783 -741.0529136657715
v 123.14879298210144 -57.25465640425682 -738.6490643024445
v 116.83244109153748 -62.612055614590645 -736.3272726535797
v 110.04870310425758 -67.6730029284954 -734.1048955917358
v 102.82539650797844 -72.42181226611137 -732.0002973079681
v 95.19153982400894 -76.84422135353088 -730.0299048423767
v 87.1771976351738 -80.92712536454201 -728.2077431678772
v 78.81363555788994 -84.65897887945175 -726.5489220619202
v 70.13294734060764 -88.0294568836689 -725.067001581192
v 61.16801127791405 -91.02939665317535 -723.7732172012329
v 51.95244178175926 -93.65081712603569 -722.6783394813538
v 42.5203762948513 -95.88670581579208 -721.789962053299
v 32.90661331266165 -97.731464356184 -721.1178481578827
v 23.146195895969868 -99.18016269803047 -720.6668019294739
v 13.274656236171722 -100.2288781106472 -720.4407751560211
v 3.3277635229751468 -100.87497606873512 -720.4448044300079
v -6.658597430214286 -101.11647099256516 -720.6799745559692
v -16.64789831265807 -100.94216614961624 -721.0539221763611
v -26.601889170706272 -100.34218207001686 -721.4741289615631
v -36.4818699657917 -99.31852370500565 -721.9415247440338
v -46.24952748417854 -97.8746585547924 -722.4554896354675
v -55.866968631744385 -96.01585566997528 -723.0187356472015
v -65.29689356684685 -93.74913722276688 -723.6352145671844
v -74.50278215110302 -91.08271673321724 -724.3065536022186
v -83.44907313585281 -88.02663832902908 -725.037944316864
v -92.10121259093285 -84.59226340055466 -725.8340358734131
v -100.4258282482624 -80.79234808683395 -726.7003297805786
v -108.39098617434502 -76.64083987474442 -727.6417851448059
v -115.96586629748344 -72.15297929942608 -728.6632061004639
v -123.12151789665222 -67.34516434371471 -729.7716438770294
v -129.83041405677795 -62.23479062318802 -730.9719800949097
v -136.0666260123253 -56.840139999985695 -732.268089056015
v -141.80607497692108 -51.180511340498924 -733.6646199226379
v -147.0264159142971 -45.275988057255745 -735.1642847061157
v -151.707124710083 -39.14736062288284 -736.7681682109833
v -155.8296337723732 -32.81638566404581 -738.4780526161194
v -159.37720611691475 -26.305367052555084 -740.2920007705688
v -162.3351775109768 -19.63729029521346 -742.2081530094147
v -164.69089835882187 -12.836017459630966 -744.2233324050903
v -166.43365621566772 -5.925805913284421 -746.3298678398132
v -167.5548791885376 1.0682653519324958 -748.5204756259918
v -168.0483490228653 8.120511379092932 -750.786942243576
v -167.91114062070847 15.204775333404541 -753.1346142292023
v -167.14251786470413 22.294728457927704 -755.5656611919403
v -165.7428875565529 29.363687708973885 -758.0665230751038
v -163.71490359306335 36.38441916555166 -760.6216251850128
v -161.06355413794518 43.32915134727955 -763.2122933864594
v -157.79651999473572 50.16990453004837 -765.82310795784
v -153.92395183444023 56.87861666083336 -768.4378743171692
v -149.45835396647453 63.426947221159935 -771.0376858711243
v -144.41504925489426 69.7868075221777 -773.6071228981018
v -138.8115979731083 75.93029290437698 -776.1275887489319
v -132.6683111488819 81.82972148060799 -778.5816490650177
v -126.00780501961708 87.45822980999947 -780.952799320221
v -118.85517537593842 92.7894726395607 -783.2228302955627
v -111.23786196112633 97.79810234904289 -785.3748500347137
v -103.18573564291 102.45991423726082 -787.393981218338
v -94.73043009638786 106.75196275115013 -789.2630219459534
v -85.90609729290009 110.65252274274826 -790.9657776355743
v -76.74853093922138 114.14170935750008 -792.4874484539032
v -67.29541830718517 117.20138117671013 -793.8136994838715
v -57.58613683283329 119.81553733348846 -794.9326753616333
v -47.661177814006805 121.96992039680481 -795.8293437957764
v -37.56252899765968 123.65293651819229 -796.4944839477539
v -27.333318628370762 124.85540360212326 -796.9194948673248
v -17.017281521111727 125.57029947638512 -797.0943808555603
v -6.658588349819183 125.79364329576492 -797.0140278339386
v 3.6985239246860147 125.53439438343048 -796.7688620090485
v 14.011657424271107 124.80377852916718 -796.4488446712494
v 24.238971807062626 123.60453680157661 -796.0489392280579
v 34.338949993252754 121.94181233644485 -795.5668985843658
v 44.27049532532692 119.82229799032211 -794.9970662593842
v 53.99310439825058 117.2547496855259 -794.3332433700562
v 63.46722058951855 114.25037384033203 -793.5743451118469
v 72.65416383743286 110.82186847925186 -792.7146375179291
v 81.5164066851139 106.9841593503952 -791.7513310909271
v 90.01805856823921 102.75386720895767 -790.6816363334656
v 98.12437668442726 98.14968556165695 -789.5041584968567
v 105.80267161130905 93.1919738650322 -788.2192850112915
v 113.02188113331795 87.90246695280075 -786.8254661560059
v 119.75301578640938 82.30467215180397 -785.3239417076111
v 125.9695366024971 76.42336562275887 -783.7184309959412
v 131.64688050746918 70.28448581695557 -782.0118010044098
v 136.76294460892677 63.91519643366337 -780.2089333534241
v 141.29829928278923 57.343484461307526 -778.3169567584991
v 145.23591697216034 50.59783086180687 -776.341450214386
v 148.56159836053848 43.70751082897186 -774.2921769618988
v 151.26365274190903 36.70200780034065 -772.1778154373169
v 153.33313047885895 29.61091175675392 -770.0075089931488
v 154.7639198601246 22.464115358889103 -767.7946627140045
v 155.55258244276047 15.29090590775013 -765.5506670475006
v 236.87282353639603 8.120501087978482 -762.5668346881866
v 235.99316328763962 -2.6134321466088295 -759.1443538665771
v 234.1370239853859 -13.229437079280615 -755.5323421955109
v 231.3188374042511 -23.68104811757803 -751.7602443695068
v 227.55741328001022 -33.924189023673534 -747.8605270385742
v 222.87562936544418 -43.91745924949646 -743.8687562942505
v 217.30010211467743 -53.622401505708694 -739.8220479488373
v 210.86091548204422 -63.003674894571304 -735.7594549655914
v 203.5909429192543 -72.02900163829327 -731.7193329334259
v 195.52575051784515 -80.66921792924404 -727.7397274971008
v 186.7032289505005 -88.89821097254753 -723.8584518432617
v 177.16322541236877 -96.69288992881775 -720.1123118400574
v 166.94713681936264 -104.03260961174965 -716.5343940258026
v 156.09780326485634 -110.89932546019554 -713.1559252738953
v 144.65931430459023 -117.27725937962532 -710.0062727928162
v 132.67676681280136 -123.15269634127617 -707.1117043495178
v 120.19624561071396 -128.5138487815857 -704.4973254203796
v 107.26431012153625 -133.3501398563385 -702.1818101406097
v 93.92838180065155 -137.6528523862362 -700.1849174499512
v 80.23636639118195 -141.4141409099102 -698.521214723587
v 66.2365909665823 -144.6274384856224 -697.2038745880127
v 51.97786204516888 -147.28683680295944 -696.2419629096985
v 37.50936631113291 -149.38795790076256 -695.6462502479553
v 22.880595549941063 -150.92639476060867 -695.4206109046936
v 8.141318801790476 -151.8992803990841 -695.5713987350464
v -6.65859985165298 -152.3039609193802 -696.1003959178925
v -21.467623114585876 -152.10666209459305 -696.8160569667816
v -36.22862379997969 -151.2746848165989 -697.5236594676971
v -50.88302306830883 -149.8107023537159 -698.2244431972504
v -65.37283472716808 -147.7196641266346 -698.9189505577087
v -79.64083775877953 -145.01006454229355 -699.614155292511
v -93.63072887063026 -141.69251918792725 -700.3149390220642
v -107.28774964809418 -137.78076246380806 -701.0319173336029
v -120.5587349832058 -133.29088240861893 -701.7767906188965
v -133.3924375474453 -128.24136912822723 -702.5640487670898
v -145.7395762205124 -122.65253365039825 -703.4081041812897
v -157.5536012649536 -116.54688566923141 -704.3278634548187
v -168.78985166549683 -109.94831994175911 -705.3406059741974
v -179.40663993358612 -102.88201943039894 -706.4653933048248
v -189.36475813388824 -95.37434875965118 -707.7207446098328
v -198.62763285636902 -87.45257332921028 -709.1250240802765
v -207.16140270233154 -79.14468981325626 -710.6956660747528
v -214.93472456932068 -70.47916948795319 -712.4470055103302
v -221.9188705086708 -61.484914645552635 -714.3912076950073
v -228.0875727534294 -52.191534638404846 -716.5374159812927
v -233.41708183288574 -42.6290649920702 -718.891829252243
v -237.88618594408035 -32.828015834093094 -721.4561522006989
v -241.47586226463318 -22.819858603179455 -724.2280602455139
v -244.16976124048233 -12.636688258498907 -727.2008121013641
v -245.95409035682678 -2.3117714328691363 -730.3650319576263
v -246.81720733642578 8.12051622197032 -733.7023556232452
v -246.75268083810806 18.624576833099127 -737.2127056121826
v -245.75621038675308 29.163979552686214 -740.8853113651276
v -243.82475465536118 39.70095235854387 -744.6920454502106
v -240.9587785601616 50.19610933959484 -748.6046254634857
v -237.16254383325577 60.60863956809044 -752.5950789451599
v -232.44403153657913 70.89663036167622 -756.6360533237457
v -226.81500017642975 81.01729489862919 -760.6996536254883
v -220.2913537621498 90.9270666539669 -764.7597670555115
v -212.89298683404922 100.58193355798721 -768.7900483608246
v -204.64357137680054 109.93778184056282 -772.7639198303223
v -195.5710992217064 118.95019263029099 -776.6541063785553
v -185.70735901594162 127.57560908794403 -780.4351150989532
v -175.08816868066788 135.77090054750443 -784.0809106826782
v -163.75322043895721 143.49385648965836 -787.5642955303192
v -151.74594521522522 150.70346742868423 -790.8582270145416
v -139.11312520503998 157.36025422811508 -793.9338028430939
v -125.90583339333534 163.4269267320633 -796.7656075954437
v -112.17793226242065 168.8680350780487 -799.3242740631104
v -97.98672273755074 173.65103513002396 -801.5833020210266
v -83.3925761282444 177.7463659644127 -803.5158038139343
v -68.45834329724312 181.12808912992477 -805.097758769989
v -53.24932560324669 183.77330750226974 -806.3015818595886
v -37.833381444215775 185.66425740718842 -807.108211517334
v -22.27970100939274 186.78666204214096 -807.4949443340302
v -6.658587139099836 187.13176548480988 -807.4462056159973
v 8.960025990381837 186.72992289066315 -807.1543157100677
v 24.512013234198093 185.61549931764603 -806.8139970302582
v 39.93462361395359 183.79095494747162 -806.409364938736
v 55.165284126996994 181.26225620508194 -805.927711725235
v 70.14164999127388 178.03761661052704 -805.3505182266235
v 84.80224087834358 174.12941455841064 -804.6657741069794
v 99.08640459179878 169.55270171165466 -803.8577497005463
v 112.93481588363647 164.32613283395767 -802.9130399227142
v 126.28963142633438 158.4715686738491 -801.8186271190643
v 139.0955649316311 152.01455056667328 -800.5665302276611
v 151.2987345457077 144.98338997364044 -799.1455137729645
v 162.84857094287872 137.4099723994732 -797.5510060787201
v 173.69721680879593 129.32882755994797 -795.7785904407501
v 183.8000401854515 120.77741995453835 -793.8267171382904
v 193.11612844467163 111.79530620574951 -791.6958510875702
v 201.60803645849228 102.42428034543991 -789.3883168697357
v 209.242445230484 92.70837381482124 -786.9111657142639
v 215.99023938179016 82.69278034567833 -784.2731535434723
v 221.82666212320328 72.42368161678314 -781.4860582351685
v 226.7312377691269 61.94811649620533 -778.5629749298096
v 230.68796545267105 51.31344832479954 -775.520795583725
v 233.68541598320007 40.56687578558922 -772.3785042762756
v 235.71646064519882 29.755459539592266 -769.1567122936249
v 236.7783099412918 18.924976885318756 -765.8769607543945
v 317.8375780582428 8.120501087978482 -760.106885433197
v 316.49489998817444 -6.227956060320139 -755.634081363678
v 313.8269394636154 -20.38376536220312 -750.805538892746
v 309.85977053642273 -34.279234893620014 -745.6772804260254
v 304.62620854377747 -47.85190001130104 -740.3113722801208
v 298.1643572449684 -61.044808477163315 -734.7704231739044
v 290.517957508564 -73.80731105804443 -729.1245579719543
v 281.73425644636154 -86.09458208084106 -723.4397172927856
v 271.8642592430115 -97.8680431842804 -717.7842438220978
v 260.9614700078964 -109.09464657306671 -712.2230708599091
v 249.08102005720139 -119.74651664495468 -706.8162500858307
v 236.2798035144806 -129.80074658989906 -701.6218185424805
v 222.61574119329453 -139.23857510089874 -696.6933190822601
v 208.14712196588516 -148.04453402757645 -692.076700925827
v 192.93271899223328 -156.20631277561188 -687.8141164779663
v 177.03173160552979 -163.71407061815262 -683.9429914951324
v 160.50319448113441 -170.55930346250534 -680.4929256439209
v 143.40641349554062 -176.7353281378746 -677.4902641773224
v 125.80064609646797 -182.23594576120377 -674.9543786048889
v 107.74554684758186 -187.056003510952 -672.9027032852173
v 89.3007218837738 -191.19052290916443 -671.3470935821533
v 70.52621319890022 -194.6348935365677 -670.2969253063202
v 51.4822032302618 -197.38460183143616 -669.7577774524689
v 32.229395024478436 -199.43523108959198 -669.7336792945862
v 12.828745879232883 -200.78304260969162 -670.2284276485443
v -6.658603483811021 -201.42420083284378 -671.2433397769928
v -26.16805210709572 -201.28565579652786 -672.4690139293671
v -45.62271386384964 -200.29546171426773 -673.5914766788483
v -64.9423997849226 -198.4553426504135 -674.6075510978699
v -84.0476430952549 -195.771361887455 -675.5170822143555
v -102.85999402403831 -192.2546774148941 -676.325261592865
v -121.30253314971924 -187.92115449905396 -677.0425498485565
v -139.30075764656067 -182.7910751104355 -677.6841342449188
v -156.78285732865334 -176.8891766667366 -678.2714009284973
v -173.68020862340927 -170.24366408586502 -678.829687833786
v -189.9279460310936 -162.88628727197647 -679.3909966945648
v -205.46534955501556 -154.8513725399971 -679.9907386302948
v -220.23535072803497 -146.17497995495796 -680.6664943695068
v -234.18572396039963 -136.8946611881256 -681.4597964286804
v -247.26807922124863 -127.04834565520287 -682.4112474918365
v -259.4382107257843 -116.67429208755493 -683.5623025894165
v -270.65572887659073 -105.81005215644836 -684.9510073661804
v -280.8835759758949 -94.49265450239182 -686.6123855113983
v -290.08839428424835 -82.75821730494499 -688.5778963565826
v -298.23917001485825 -70.64212746918201 -690.8717155456543
v -305.30756264925003 -58.179040625691414 -693.5110449790955
v -311.2678661942482 -45.4032976180315 -696.5072751045227
v -316.0958856344223 -32.34953470528126 -699.8604834079742
v -319.7701185941696 -19.05296565964818 -703.5658657550812
v -322.27063179016113 -5.550134228542447 -707.6079249382019
v -323.57979714870453 8.12051985412836 -711.9623303413391
v -323.6814007163048 21.91796712577343 -716.5919661521912
v -322.56153374910355 35.79771909862757 -721.4483261108398
v -320.2109560370445 49.711937829852104 -726.4862358570099
v -316.6254252195358 63.609518855810165 -731.6631555557251
v -311.8066653609276 77.43678130209446 -736.9433641433716
v -305.76095283031464 91.13757684826851 -742.2889709472656
v -298.5007628798485 104.65434789657593 -747.668594121933
v -290.0437816977501 117.927735298872 -753.0500769615173
v -280.41346818208694 130.89742586016655 -758.4031224250793
v -269.6387246251106 143.50274801254272 -763.6992931365967
v -257.75416791439056 155.6820809841156 -768.9080595970154
v -244.7992965579033 167.37404614686966 -773.997575044632
v -230.8195948600769 178.51764261722565 -778.9372324943542
v -215.86564183235168 189.05229568481445 -783.6925506591797
v -199.99324679374695 198.9181086421013 -788.2263362407684
v -183.26337188482285 208.05729627609253 -792.5019383430481
v -165.7426357269287 216.41304194927216 -796.4782118797302
v -147.502451390028 223.93176406621933 -800.1148641109467
v -128.61913293600082 230.56208938360214 -803.3667981624603
v -109.17405039072037 236.25669330358505 -806.1903119087219
v -89.25266116857529 240.97251296043396 -808.540153503418
v -68.94493624567986 244.67173516750336 -810.3728532791138
v -48.34494851529598 247.32231944799423 -811.6464138031006
v -27.549700811505318 248.89859855175018 -812.3189926147461
v -6.658585928380489 249.3826538324356 -812.3545587062836
v 14.230166841298342 248.84497821331024 -812.0799481868744
v 35.031403973698616 247.36152738332748 -811.8223071098328
v 55.662594363093376 244.93137151002884 -811.5489363670349
v 76.040705665946 241.55795872211456 -811.2292289733887
v 96.08246460556984 237.248495221138 -810.8298659324646
v 115.70477709174156 232.01501071453094 -810.3192329406738
v 134.82539653778076 225.87462961673737 -809.6680402755737
v 153.36322411894798 218.84951293468475 -808.8483929634094
v 171.23906910419464 210.96761375665665 -807.8372776508331
v 188.37640434503555 202.2613987326622 -806.6119134426117
v 204.70098853111267 192.76912659406662 -805.154013633728
v 220.14289051294327 182.5342282652855 -803.4515678882599
v 234.63572412729263 171.60443514585495 -801.4924108982086
v 248.11804294586182 160.03238931298256 -799.2718160152435
v 260.53324341773987 147.87402600049973 -796.7863738536835
v 271.8304753303528 135.18931940197945 -794.0395712852478
v 281.96442872285843 122.04116880893707 -791.0385370254517
v 290.8958375453949 108.4943138062954 -787.7928018569946
v 298.59227389097214 94.61523741483688 -784.3185603618622
v 305.0276830792427 80.4715558886528 -780.6367337703705
v 310.18230617046356 66.13083705306053 -776.7698705196381
v 314.04386162757874 51.6603097319603 -772.7494299411774
v 316.60560816526413 37.12619785219431 -768.6060965061188
v 317.8679719567299 22.592330537736416 -764.3779933452606
v 398.2835054397583 8.120501087978482 -755.0389885902405
v 396.40020728111267 -9.849252132698894 -749.5859086513519
v 392.82182455062866 -27.533181756734848 -743.5608267784119
v 387.5924080610275 -44.83733959496021 -737.0588958263397
v 380.7653069496155 -61.67774349451065 -730.1826298236847
v 372.40200638771057 -77.98141613602638 -723.0422139167786
v 362.5690281391144 -93.68627667427063 -715.7459735870361
v 351.3370782136917 -108.74083563685417 -708.3997547626495
v 338.7801170349121 -123.10419976711273 -701.108705997467
v 324.9735191464424 -136.744686961174 -693.9707696437836
v 309.9926397204399 -149.63829591870308 -687.0735824108124
v 293.91296952962875 -161.76844462752342 -680.4988145828247
v 276.8094763159752 -173.12424629926682 -674.320387840271
v 258.755287528038 -183.69839787483215 -668.5981214046478
v 239.82293009757996 -193.48767399787903 -663.3871853351593
v 220.08291631937027 -202.4897888302803 -658.7286472320557
v 199.60515797138214 -210.70418059825897 -654.6583831310272
v 178.45836579799652 -218.13034564256668 -651.2027382850647
v 156.71032071113586 -224.76685047149658 -648.3791083097458
v 134.4287745654583 -230.61175793409348 -646.2000072002411
v 111.68112084269524 -235.66200733184814 -644.6716338396072
v 88.53517919778824 -239.91318196058273 -643.7958478927612
v 65.0589969009161 -243.35983842611313 -643.5715645551682
v 41.32152684032917 -245.99560350179672 -643.9958781003952
v 17.392276413738728 -247.81327098608017 -645.0641006231308
v -6.658606510609388 -248.80608022212982 -646.7744886875153
v -30.75491078197956 -248.8455981016159 -648.6986219882965
v -54.798634722828865 -247.80312031507492 -650.3977358341217
v -78.68547849357128 -245.67591547966003 -651.8566429615021
v -102.3116834461689 -242.4688845872879 -653.0674397945404
v -125.57441592216492 -238.19469660520554 -654.0289640426636
v -148.3729973435402 -232.87413716316223 -654.7499716281891
v -170.61030864715576 -226.5359342098236 -655.2495241165161
v -192.19356030225754 -219.21637058258057 -655.5576860904694
v -213.03525120019913 -210.95812171697617 -655.7152926921844
v -233.05411785840988 -201.80948078632355 -655.7738721370697
v -252.17588990926743 -191.82246029376984 -655.7933986186981
v -270.33268958330154 -181.05166852474213 -655.8402001857758
v -287.46425211429596 -169.55258548259735 -655.9870362281799
v -303.51674407720566 -157.37982913851738 -656.3065886497498
v -318.44256967306137 -144.58649680018425 -656.8735539913177
v -332.19953775405884 -131.22236356139183 -657.7569723129272
v -344.74999010562897 -117.33392104506493 -659.0213119983673
v -356.06039464473724 -102.96369940042496 -660.7232928276062
v -366.0994082689285 -88.1506934762001 -662.9083216190338
v -374.8377412557602 -72.93059527873993 -665.6093299388885
v -382.2476536035538 -57.33670927584171 -668.8477039337158
v -388.30194771289825 -41.40156991779804 -672.6307272911072
v -392.97365844249725 -25.157220102846622 -676.9491016864777
v -396.23663425445557 -8.63761082291603 -681.7822158336639
v -398.06530475616455 8.120524697005749 -687.095046043396
v -398.42309653759 25.075174495577812 -692.7794218063354
v -397.27494716644287 42.17444956302643 -698.711907863617
v -394.6033835411072 59.35978256165981 -704.8324525356293
v -390.39860367774963 76.56756713986397 -711.0907673835754
v -384.65801179409027 93.72994974255562 -717.4417555332184
v -377.38722562789917 110.77629700303078 -723.8500833511353
v -368.5994178056717 127.63392701745033 -730.2866160869598
v -358.3145409822464 144.22799795866013 -736.7228388786316
v -346.5599477291107 160.48247665166855 -743.1330263614655
v -333.3698481321335 176.32099092006683 -749.4940102100372
v -318.78538727760315 191.66568666696548 -755.7790577411652
v -302.85332798957825 206.43838047981262 -761.9575619697571
v -285.6278136372566 220.56094706058502 -767.9990708827972
v -267.1687990427017 233.95421504974365 -773.8641440868378
v -247.54334837198257 246.53986543416977 -779.5124888420105
v -226.8242985010147 258.23961794376373 -784.8954439163208
v -205.09219616651535 268.9757540822029 -789.9593889713287
v -182.4340969324112 278.6728411912918 -794.6477591991425
v -158.94394293427467 287.25742250680923 -798.8971710205078
v -134.72303748130798 294.6594700217247 -802.641373872757
v -109.87900868058205 300.81370174884796 -805.8110952377319
v -84.52649712562561 305.6605502963066 -808.335280418396
v -58.786942809820175 309.1475769877434 -810.142332315445
v -32.787192799150944 311.2319514155388 -811.1653029918671
v -6.658585323020816 311.880025267601 -811.3367795944214
v 19.469671044498682 311.2240672111511 -811.1376404762268
v 45.49267292022705 309.4044238328934 -811.0521733760834
v 71.3099554181099 306.4126878976822 -811.0258281230927
v 96.81894034147263 302.24422961473465 -811.0008001327515
v 121.9156801700592 296.9009280204773 -810.922771692276
v 146.4954525232315 290.3910741209984 -810.7401371002197
v 170.45359313488007 282.7302038669586 -810.4044675827026
v 193.68619322776794 273.94154369831085 -809.8714411258698
v 216.09114557504654 264.056359231472 -809.1027796268463
v 237.56936490535736 253.1133934855461 -808.0633819103241
v 258.02465230226517 241.1600485444069 -806.725662946701
v 277.36611664295197 228.25130075216293 -805.069088935852
v 295.5073222517967 214.44851905107498 -803.0745983123779
v 312.3687297105789 199.82082098722458 -800.7345199584961
v 327.8770178556442 184.4419151544571 -798.0417251586914
v 341.96680784225464 168.39157342910767 -794.9993908405304
v 354.58002388477325 151.75364539027214 -791.6143357753754
v 365.6668424606323 134.6148282289505 -787.8975629806519
v 375.1870483160019 117.06418246030807 -783.8690638542175
v 383.1090658903122 99.1923376917839 -779.5549511909485
v 389.4103080034256 81.08965717256069 -774.9856770038605
v 394.07748579978943 62.84544840455055 -770.1992869377136
v 397.10726737976074 44.54754181206226 -765.2435898780823
v 398.50457310676575 26.279346272349358 -760.1700365543365
v 477.81265676021576 8.120501087978482 -746.6670870780945
v 475.3155142068863 -13.456594664603472 -740.3100550174713
v 470.72679102420807 -34.63565856218338 -733.1164062023163
v 464.1190141439438 -55.29068559408188 -725.2417325973511
v 455.57544231414795 -75.31329579651356 -716.8448030948639
v 445.1896011829376 -94.61423009634018 -708.0938398838043
v 433.0590844154358 -113.12217712402344 -699.1484642028809
v 419.28535997867584 -130.7836279273033 -690.1654303073883
v 403.9703994989395 -147.56082743406296 -681.290876865387
v 387.2147023677826 -163.42948377132416 -672.6571500301361
v 369.1161334514618 -178.37654054164886 -664.3819510936737
v 349.77003931999207 -192.398801445961 -656.5721333026886
v 329.2671173810959 -205.49886226654053 -649.3154883384705
v 307.6945587992668 -217.6843747496605 -642.6876425743103
v 285.13554483652115 -228.96552830934525 -636.7496937513351
v 261.66940182447433 -239.35226052999496 -631.5462350845337
v 237.3729571700096 -248.8546445965767 -627.1128714084625
v 212.32044249773026 -257.4804678559303 -623.4724223613739
v 186.5843266248703 -265.23474752902985 -620.6378668546677
v 160.23612916469574 -272.1182391047478 -618.6112195253372
v 133.34713727235794 -278.12898606061935 -617.3896908760071
v 105.98908364772797 -283.2605764269829 -616.9625103473663
v 78.23448553681374 -287.5035375356674 -617.3154979944229
v 50.15761815011501 -290.84609150886536 -618.4335052967072
v 21.83417323976755 -293.27413588762283 -620.3002601861954
v -6.658610142767429 -294.7734326124191 -622.9035198688507
v -35.23382171988487 -295.1469346880913 -625.7077395915985
v -63.77089321613312 -294.19325590133667 -628.1557947397232
v -92.13862866163254 -291.89889430999756 -630.2100270986557
v -120.20508870482445 -288.261641561985 -631.8414956331253
v -147.83874079585075 -283.2922101020813 -633.0341994762421
v -174.91049319505692 -277.0150661468506 -633.788138628006
v -201.2962132692337 -269.46864277124405 -634.1220259666443
v -226.8783450126648 -260.70441007614136 -634.0741783380508
v -251.54794305562973 -250.78534483909607 -633.702477812767
v -275.2060189843178 -239.7836834192276 -633.0830931663513
v -297.7650910615921 -227.77788043022156 -632.308155298233
v -319.1484868526459 -214.84985798597336 -631.4825028181076
v -339.29133117198944 -201.0813057422638 -630.7193040847778
v -358.1392675638199 -186.55118197202682 -630.1361441612244
v -375.6470054388046 -171.33282721042633 -629.8494070768356
v -391.7769253253937 -155.49221113324165 -629.9704402685165
v -406.49721920490265 -139.08648937940598 -630.6000143289566
v -419.77979838848114 -122.16366454958916 -631.825378537178
v -431.59839510917664 -104.76358383893967 -633.7175101041794
v -441.92681908607483 -86.91830709576607 -636.3266974687576
v -450.7377177476883 -68.65408271551132 -639.682075381279
v -458.0018401145935 -49.9945342540741 -643.7936782836914
v -463.6866420507431 -30.961757339537144 -648.6453890800476
v -467.7581459283829 -11.58040827140212 -654.2058646678925
v -470.1792746782303 8.120528934523463 -660.4199349880219
v -470.87765634059906 28.10184210538864 -667.0733511447906
v -469.78208124637604 48.302776739001274 -673.9377617835999
v -466.8651580810547 68.65089125931263 -680.9390127658844
v -462.1122032403946 89.06732425093651 -688.026350736618
v -455.51829636096954 109.46813896298409 -695.1580882072449
v -447.09048867225647 129.76716607809067 -702.3108243942261
v -436.8447422981262 149.87639114260674 -709.4661176204681
v -424.8062014579773 169.70670521259308 -716.6118025779724
v -411.0086113214493 189.16858285665512 -723.7385034561157
v -395.4928457736969 208.17245990037918 -730.836147069931
v -378.30690741539 226.6267091035843 -737.8879189491272
v -359.50542390346527 244.4399356842041 -744.874370098114
v -339.1498029232025 261.51853650808334 -751.7662107944489
v -317.3081934452057 277.7672231197357 -758.5253953933716
v -294.05664801597595 293.0896610021591 -765.1074469089508
v -269.4774568080902 307.3874041438103 -771.4544057846069
v -243.6624988913536 320.56061178445816 -777.500331401825
v -216.7115181684494 332.50909447669983 -783.1685900688171
v -188.73394429683685 343.13401877880096 -788.3765041828156
v -159.84868928790092 352.3373454809189 -793.0300831794739
v -130.18427342176437 360.02585887908936 -797.0319271087646
v -99.87952262163162 366.1117285490036 -800.2789795398712
v -69.08354423940182 370.5142140388489 -802.6636123657227
v -37.95450907200575 373.1645852327347 -804.0809094905853
v -6.658584112301469 374.00608360767365 -804.4259548187256
v 24.641388282179832 373.25640618801117 -804.3460667133331
v 55.82241415977478 371.1453765630722 -804.4967770576477
v 86.76807135343552 367.6504462957382 -804.793393611908
v 117.35747680068016 362.7542585134506 -805.1493644714355
v 147.46650755405426 356.4482122659683 -805.4859638214111
v 176.96850299835205 348.7320750951767 -805.726945400238
v 205.73546588420868 339.61568772792816 -805.801796913147
v 233.6398348212242 329.1209399700165 -805.6507766246796
v 260.55495887994766 317.2800660133362 -805.2181720733643
v 286.3581582903862 304.13734912872314 -804.458886384964
v 310.9296977519989 289.7487536072731 -803.3363461494446
v 334.1564476490021 274.18091744184494 -801.8223464488983
v 355.9311091899872 257.50983506441116 -799.8942613601685
v 376.1545777320862 239.82151597738266 -797.5395381450653
v 394.73658204078674 221.20950520038605 -794.7521328926086
v 411.59572303295135 201.77405029535294 -791.5314257144928
v 426.6610234975815 181.62198513746262 -787.8859400749207
v 439.87196683883667 160.86365953087807 -783.8284611701965
v 451.17942690849304 139.61226120591164 -779.3785154819489
v 460.54601669311523 117.98319593071938 -774.5647728443146
v 467.94655323028564 96.09191790223122 -769.4248139858246
v 473.3675926923752 74.05183762311935 -764.0015661716461
v 476.80917382240295 51.97431705892086 -758.354926109314
v 478.28272581100464 29.96423114091158 -752.549284696579
v 555.9523671865463 8.120501087978482 -734.4203412532806
v 552.7696281671524 -17.02195005491376 -727.2332787513733
v 547.0704525709152 -41.634710878133774 -718.912672996521
v 538.9672338962555 -65.55325128138065 -709.6878826618195
v 528.5875529050827 -88.64318504929543 -699.7991144657135
v 516.0662353038788 -110.79966872930527 -689.4789040088654
v 501.54267847537994 -131.94700330495834 -678.9542853832245
v 485.1544201374054 -152.03449353575706 -668.4308290481567
v 467.0363247394562 -171.0345447063446 -658.0993831157684
v 447.31760025024414 -188.9381006360054 -648.1290996074677
v 426.1190861463547 -205.75009137392044 -638.6638313531876
v 403.55457067489624 -221.4867115020752 -629.8277497291565
v 379.72958981990814 -236.1709162592888 -621.7233687639236
v 354.74150478839874 -249.82889592647552 -614.4302666187286
v 328.68155539035797 -262.48897165060043 -608.0138802528381
v 301.63408517837524 -274.1769269108772 -602.5194227695465
v 273.67900162935257 -284.915891289711 -597.9791671037674
v 244.89173740148544 -294.72337663173676 -594.4095015525818
v 215.3451681137085 -303.6106765270233 -591.8147653341293
v 185.11071652173996 -311.5820914506912 -590.1885271072388
v 154.25929203629494 -318.63459944725037 -589.5145922899246
v 122.86273390054703 -324.75766241550446 -589.7682040929794
v 90.99462479352951 -329.93446588516235 -590.9199953079224
v 58.73144827783108 -334.1423839330673 -592.9364919662476
v 26.15278009325266 -337.355574965477 -595.7853823900223
v -6.658613169565797 -339.5462989807129 -599.4379192590714
v -39.60578255355358 -340.43994545936584 -603.2724320888519
v -72.54456952214241 -339.7493898868561 -606.628081202507
v -105.31393811106682 -337.4388724565506 -609.4281166791916
v -137.7493515610695 -333.4898740053177 -611.6091161966324
v -169.68493163585663 -327.90444791316986 -613.1274551153183
v -200.957153737545 -320.7079127430916 -613.966628909111
v -231.408953666687 -311.9487166404724 -614.1395002603531
v -260.89304983615875 -301.6979917883873 -613.6914372444153
v -289.27541077136993 -290.0463193655014 -612.6998871564865
v -316.4376959204674 -277.0996615290642 -611.2717032432556
v -342.2797739505768 -262.9740923643112 -609.5393478870392
v -366.71875417232513 -247.79050946235657 -607.6560109853745
v -389.6901875734329 -231.66797012090683 -605.7875514030457
v -411.1452579498291 -214.71896469593048 -604.1063368320465
v -431.0485541820526 -197.0442831516266 -602.782216668129
v -449.37504827976227 -178.7299931049347 -601.9757807254791
v -466.10618233680725 -159.84520241618156 -601.8311530351639
v -481.22657537460327 -140.44173955917358 -602.47041285038
v -494.71995532512665 -120.55555805563927 -603.9882093667984
v -506.566447019577 -100.20872205495834 -606.4487397670746
v -516.7411386966705 -79.41319830715656 -609.8862916231155
v -525.211176276207 -58.175403624773026 -614.3013685941696
v -531.9370031356812 -36.500195413827896 -619.6660757064819
v -536.8711590766907 -14.39607897773385 -625.9217172861099
v -539.961302280426 8.120533172041178 -632.9883277416229
v -541.0785734653473 31.015300191938877 -640.5118733644485
v -540.0983363389969 54.214050993323326 -648.1359571218491
v -536.9857609272003 77.62511596083641 -655.7863473892212
v -531.7219793796539 101.1492669582367 -663.415002822876
v -524.3058681488037 124.68394637107849 -671.0022807121277
v -514.749476313591 148.12556505203247 -678.5433769226074
v -503.0779480934143 171.3720738887787 -686.04975938797
v -489.3259972333908 194.32221800088882 -693.5352206230164
v -473.5369384288788 216.8760985136032 -701.0144054889679
v -455.76106011867523 238.93515318632126 -708.4996342658997
v -436.0551983118057 260.3991150856018 -715.9931540489197
v -414.48126435279846 281.1667874455452 -723.4865188598633
v -391.10783338546753 301.1341452598572 -730.9603571891785
v -366.0089820623398 320.1921656727791 -738.3770883083344
v -339.2666906118393 338.22799026966095 -745.6874310970306
v -310.9699323773384 355.12374341487885 -752.8247475624084
v -281.21854811906815 370.75662910938263 -759.7091495990753
v -250.12196749448776 385.000616312027 -766.2464141845703
v -217.80147552490234 397.72672951221466 -772.3280608654022
v -184.39137488603592 408.8053345680237 -777.8344511985779
v -150.03890842199326 418.10881197452545 -782.6352536678314
v -114.90577012300491 425.51326155662537 -786.5903735160828
v -79.16884608566761 430.9031128883362 -789.5546793937683
v -43.01861636340618 434.1736823320389 -791.3781583309174
v -6.658582901582122 435.23570597171783 -791.91033244133
v 29.71212062984705 434.4159811735153 -791.9663548469543
v 65.95417372882366 432.05908834934235 -792.3774182796478
v 101.9372709095478 428.1223714351654 -793.0252015590668
v 137.52362504601479 422.57045805454254 -793.7947928905487
v 172.569078207016 415.3777778148651 -794.5761620998383
v 206.9248765707016 406.5317779779434 -795.270437002182
v 240.43921530246735 396.03342711925507 -795.7861065864563
v 272.95948565006256 383.8997334241867 -796.0443675518036
v 304.33393120765686 370.1634347438812 -795.9778070449829
v 334.4148248434067 354.8729598522186 -795.5309450626373
v 363.058003783226 338.09250593185425 -794.6588397026062
v 390.1273638010025 319.90114748477936 -793.3299541473389
v 415.49423933029175 300.3905311226845 -791.5198028087616
v 439.0399605035782 279.66501116752625 -789.2156779766083
v 460.6561243534088 257.83779472112656 -786.409056186676
v 480.24606704711914 235.03175526857376 -783.1013321876526
v 497.724786400795 211.3768368959427 -779.2991697788239
v 513.0201816558838 187.00784593820572 -775.0145792961121
v 526.0744869709015 162.06346303224564 -770.2680945396423
v 536.8438839912415 136.68506145477295 -765.0883853435516
v 545.2986568212509 111.01368516683578 -759.5099329948425
v 551.4259427785873 85.18918678164482 -753.5831034183502
v 555.2280277013779 59.347864240407944 -747.3692655563354
v 556.7250967025757 33.61840005964041 -740.9497022628784
v 632.1634501218796 8.120501087978482 -717.8400337696075
v 628.222006559372 -20.510689914226532 -709.8908960819244
v 621.3099807500839 -48.46019446849823 -700.491452217102
v 611.5987330675125 -75.51998980343342 -689.9744272232056
v 599.272021651268 -101.5283964574337 -678.6658823490143
v 584.520423412323 -126.3690933585167 -666.8814957141876
v 567.5332754850388 -149.96734037995338 -654.9157917499542
v 548.4909266233444 -172.28334844112396 -643.02838742733
v 527.5645434856415 -193.30773204565048 -631.4522057771683
v 504.91095781326294 -213.05307298898697 -620.382085442543
v 480.6734800338745 -231.5492033958435 -609.9827229976654
v 454.9817055463791 -248.83726835250854 -600.3884792327881
v 427.95166969299316 -264.9636045098305 -591.7039602994919
v 399.68817234039307 -279.9774542450905 -584.0111076831818
v 370.2858626842499 -293.9269170165062 -577.3718327283859
v 339.83036279678345 -306.85536563396454 -571.8272417783737
v 308.4008052945137 -318.79987716674805 -567.4034088850021
v 276.07047259807587 -329.78914082050323 -564.1109108924866
v 242.90927648544312 -339.84202444553375 -561.9478493928909
v 208.9849203824997 -348.96596670150757 -560.899230837822
v 174.36435222625732 -357.1563959121704 -560.9378188848495
v 139.1161471605301 -364.3971174955368 -562.026846408844
v 103.31133082509041 -370.6604301929474 -564.1203254461288
v 67.02567487955093 -375.9089469909668 -567.1666115522385
v 30.340128019452095 -380.09842336177826 -571.1124330759048
v -6.658616196364164 -383.1805467605591 -575.9071528911591
v -43.864308670163155 -384.79907512664795 -580.8692425489426
v -81.10896572470665 -384.5709562301636 -585.2528989315033
v -118.19911077618599 -382.4219971895218 -588.9241486787796
v -154.93266507983208 -378.30334305763245 -591.7684674263
v -191.10300242900848 -372.1989929676056 -593.7027901411057
v -226.50470733642578 -364.12940323352814 -594.6832984685898
v -260.940819978714 -354.1538119316101 -594.7136729955673
v -294.2281052470207 -342.3671007156372 -593.8444346189499
v -326.20331943035126 -328.8965404033661 -592.1753466129303
v -356.72735571861267 -313.89415860176086 -589.8506492376328
v -385.68814992904663 -297.5274607539177 -587.0519697666168
v -413.00066113471985 -279.97036427259445 -583.9909225702286
v -438.60689103603363 -261.39252483844757 -580.8974087238312
v -462.472203373909 -241.9510841369629 -578.0095815658569
v -484.58036482334137 -221.78204953670502 -575.56032538414
v -504.92835342884064 -200.99545121192932 -573.7667560577393
v -523.5198885202408 -179.67233955860138 -572.8201866149902
v -540.359154343605 -157.86452367901802 -572.8770613670349
v -555.4448336362839 -135.59753522276878 -574.0534156560898
v -568.7655746936798 -112.87471577525139 -576.4201879501343
v -580.2973568439484 -89.68383222818375 -580.0037622451782
v -590.0005459785461 -66.0050481557846 -584.7849607467651
v -597.8208243846893 -41.81772321462631 -590.7032668590546
v -603.6915153264999 -17.108986247330904 -597.6653873920441
v -607.5343579053879 8.120536804199219 -605.5444002151489
v -609.1430842876434 33.840036764740944 -613.8302534818649
v -608.325257897377 59.95442979037762 -622.0364898443222
v -605.0392299890518 86.3442711532116 -630.0918608903885
v -599.2708206176758 112.88438215851784 -637.9740118980408
v -591.0277009010315 139.44924026727676 -645.6916987895966
v -580.3356736898422 165.91717302799225 -653.2772719860077
v -567.2357678413391 192.17302650213242 -660.7800900936127
v -551.7785042524338 218.10665428638458 -668.2511389255524
v -534.0225785970688 243.6132177710533 -675.7410168647766
v -514.0306770801544 268.5904547572136 -683.2886219024658
v -491.8698251247406 292.9348826408386 -690.9183621406555
v -467.60968267917633 316.54146909713745 -698.6379861831665
v -441.3238227367401 339.2988473176956 -706.4340889453888
v -413.0903124809265 361.08819246292114 -714.271491765976
v -382.9939991235733 381.78184628486633 -722.0951020717621
v -351.1271685361862 401.2433558702469 -729.829216003418
v -317.59394258260727 419.3263113498688 -737.3783707618713
v -282.50979483127594 435.8761668205261 -744.6282744407654
v -246.0050955414772 450.7318675518036 -751.4480531215668
v -208.2267388701439 463.72794210910797 -757.6905608177185
v -169.33849155902863 474.69702064991 -763.1932318210602
v -129.52385991811752 483.47421288490295 -767.7815675735474
v -88.98673877120018 489.90005254745483 -771.2687492370605
v -47.950709238648415 493.82696747779846 -773.4605967998505
v -6.658582296222448 495.12365758419037 -774.1574287414551
v 34.65198874473572 494.24570202827454 -774.3298351764679
v 75.8269652724266 491.6763812303543 -774.9778509140015
v 116.72425121068954 487.34770119190216 -775.9504556655884
v 157.19020143151283 481.2005400657654 -777.1025955677032
v 197.06148505210876 473.18925857543945 -778.298670053482
v 236.16706132888794 463.2840633392334 -779.4143915176392
v 274.33104664087296 451.47480368614197 -780.3405046463013
v 311.3752231001854 437.7712815999985 -780.9814691543579
v 347.1219539642334 422.2050726413727 -781.2581717967987
v 381.39801919460297 404.8287123441696 -781.1079263687134
v 414.0346735715866 385.715115070343 -780.4816842079163
v 444.87229585647583 364.9555206298828 -779.3439567089081
v 473.76122176647186 342.65860319137573 -777.6727378368378
v 500.5627512931824 318.9468488097191 -775.453382730484
v 525.151589512825 293.9549282193184 -772.6811647415161
v 547.4146842956543 267.8276240825653 -769.3555414676666
v 567.2532796859741 240.71849435567856 -765.482634305954
v 584.5835745334625 212.78706341981888 -761.0733687877655
v 599.3372648954391 184.19703990221024 -756.14293217659
v 611.4627450704575 155.11590018868446 -750.7160425186157
v 620.9254950284958 125.71175992488861 -744.8243916034698
v 627.7108699083328 96.15151435136795 -738.5154783725739
v 631.8243712186813 66.59866869449615 -731.854236125946
v 633.2919955253601 37.20730151981115 -724.9242722988129
v 705.8533310890198 8.120501087978482 -696.5910375118256
v 701.0735273361206 -23.88248760253191 -687.9354596138
v 692.8457498550415 -55.03090396523476 -677.5207161903381
v 681.4183413982391 -85.06907373666763 -665.7954514026642
v 667.0509576797485 -113.81057277321815 -653.191339969635
v 650.0021696090698 -141.13367050886154 -640.1128590106964
v 630.518227815628 -166.97257161140442 -626.9192337989807
v 608.8280647993088 -191.30808860063553 -613.9240503311157
v 585.1377546787262 -214.15645480155945 -601.3892114162445
v 559.630823135376 -235.5598419904709 -589.5297795534134
v 532.4679374694824 -255.577352643013 -578.5163015127182
v 503.78845632076263 -274.27688390016556 -568.4784114360809
v 473.71453642845154 -291.7307496070862 -559.516105055809
v 442.3524111509323 -308.01015943288803 -551.7011344432831
v 409.7962260246277 -323.18258434534073 -545.0853377580643
v 376.1294335126877 -337.30854094028473 -539.7022664546967
v 341.4276599884033 -350.43932497501373 -535.5713307857513
v 305.760158598423 -362.6159071922302 -532.6999694108963
v 269.1915526986122 -373.8652527332306 -531.0822933912277
v 231.7838504910469 -384.1997593641281 -530.7002484798431
v 193.5977429151535 -393.61501038074493 -531.5221428871155
v 154.695625603199 -402.08888351917267 -533.5028797388077
v 115.14303237199783 -409.581783413887 -536.5847319364548
v 75.0118799507618 -416.03819131851196 -540.6990081071854
v 34.38176829367876 -421.3895708322525 -545.7701981067657
v -6.658619223162532 -425.5589783191681 -551.7210096120834
v -47.994910180568695 -428.11032235622406 -557.8396558761597
v -89.43625465035439 -428.5570293664932 -563.3151292800903
v -130.75476437807083 -426.7649322748184 -567.9377138614655
v -171.70580625534058 -422.6365923881531 -571.5253561735153
v -212.03473210334778 -416.1247044801712 -573.9428043365479
v -251.48636102676392 -407.2388768196106 -575.1123398542404
v -289.8155078291893 -396.0472196340561 -575.0212162733078
v -326.79655253887177 -382.67433047294617 -573.7257272005081
v -362.2326225042343 -367.29455292224884 -571.3510900735855
v -395.96186876296997 -350.11919140815735 -568.0834263563156
v -427.862948179245 -331.38399720191956 -564.1630589962006
v -457.85341560840607 -311.33237332105637 -559.8694801330566
v -485.89034378528595 -290.19954800605774 -555.5071324110031
v -511.96315586566925 -268.19930523633957 -551.3896018266678
v -536.0864192247391 -245.51081210374832 -547.8207886219025
v -558.2904309034348 -222.27125763893127 -545.0803011655807
v -578.6109119653702 -198.57168793678284 -543.4077262878418
v -597.0790505409241 -174.45760667324066 -542.9924011230469
v -613.7120872735977 -149.93434101343155 -543.9643859863281
v -628.5070389509201 -124.9748095870018 -546.3906288146973
v -641.4360105991364 -99.53036084771156 -550.2742677927017
v -652.4446070194244 -73.54418784379959 -555.5591255426407
v -661.4532113075256 -46.96209877729416 -562.1341645717621
v -668.3611690998077 -19.745407532900572 -569.8460012674332
v -673.052328824997 8.12054043635726 -578.5078167915344
v -675.221860408783 36.60312108695507 -587.4474197626114
v -674.5991051197052 65.57551398873329 -596.0610389709473
v -671.1431503295898 94.8807917535305 -604.2991995811462
v -664.8509740829468 124.36008378863335 -612.1721297502518
v -655.7489991188049 153.8608781993389 -619.7320938110352
v -643.8872814178467 183.24291557073593 -627.0620405673981
v -629.3309092521667 212.3795449733734 -634.2577427625656
v -612.1546566486359 241.15671664476395 -641.4178788661957
v -592.4370557069778 269.46949511766434 -648.6307829618454
v -570.2569097280502 297.21836894750595 -655.9672772884369
v -545.693176984787 324.30318742990494 -663.4761393070221
v -518.8219875097275 350.6191313266754 -671.1773216724396
v -489.72036242485046 376.05190873146057 -679.0634632110596
v -458.46749246120453 400.47488808631897 -687.0983004570007
v -425.1477599143982 423.7468123435974 -695.2190697193146
v -389.8532956838608 445.71228325366974 -703.3377468585968
v -352.68917083740234 466.1996304988861 -711.342442035675
v -313.77434581518173 485.0249409675598 -719.1004991531372
v -273.24583530426025 501.99260115623474 -726.459813117981
v -231.2611684203148 516.8985903263092 -733.2492172718048
v -187.99949288368225 529.5340061187744 -739.2803430557251
v -143.66465508937836 539.6882027387619 -744.3471550941467
v -98.48732128739357 547.1546024084091 -748.228120803833
v -52.724236622452736 551.7366617918015 -750.6883025169373
v -6.658581085503101 553.2541871070862 -751.4818370342255
v 39.432116970419884 552.3052155971527 -751.7094135284424
v 85.38048043847084 549.5292007923126 -752.517980337143
v 131.03448897600174 544.830447435379 -753.7300169467926
v 176.22618675231934 538.124030828476 -755.1758289337158
v 220.77399492263794 529.3412208557129 -756.6978871822357
v 264.4856125116348 518.4335887432098 -758.1529200077057
v 307.1612998843193 505.3767263889313 -759.4142377376556
v 348.597714304924 490.172415971756 -760.3742122650146
v 388.5915130376816 472.84979224205017 -760.9444320201874
v 426.94419622421265 453.46402525901794 -761.0552370548248
v 463.46251368522644 432.09666907787323 -760.6550991535187
v 497.9641407728195 408.85136127471924 -759.7078323364258
v 530.2778720855713 383.8520795106888 -758.1901133060455
v 560.2460235357285 357.240429520607 -756.0893893241882
v 587.7253621816635 329.17107343673706 -753.3999264240265
v 612.5874549150467 299.8108968138695 -750.1217246055603
v 634.7184360027313 269.3359673023224 -746.2567210197449
v 654.0215253829956 237.92973309755325 -741.8110370635986
v 670.4173386096954 205.78096956014633 -736.794513463974
v 683.8441967964172 173.08313995599747 -731.222802400589
v 694.26149725914 140.0322064757347 -725.1222491264343
v 701.6504883766174 106.82329833507538 -718.5325264930725
v 706.0181438922882 73.64906519651413 -711.516010761261
v 707.3980927467346 40.69185107946396 -704.1611135005951
v 776.397705078125 8.120501087978482 -670.4911828041077
v 770.6893086433411 -27.09334436804056 -661.1755788326263
v 761.0385000705719 -61.25756576657295 -649.8173266649246
v 747.795981168747 -94.0677598118782 -636.999586224556
v 731.3164830207825 -125.31846016645432 -623.2719659805298
v 711.937689781189 -154.8914134502411 -609.1247200965881
v 689.9717152118683 -182.7417552471161 -594.9842929840088
v 665.6958818435669 -208.88128280639648 -581.2059193849564
v 639.3478006124496 -233.36032330989838 -568.068277835846
v 611.13141477108 -256.2563627958298 -555.7907313108444
v 581.2156051397324 -277.65893638134 -544.5312350988388
v 549.742791056633 -297.66397178173065 -534.4047397375107
v 516.8315649032593 -316.36449098587036 -525.4865229129791
v 482.5845569372177 -333.8506877422333 -517.8305149078369
v 447.0905274152756 -350.20516216754913 -511.47057712078094
v 410.4283958673477 -365.50241708755493 -506.4296066761017
v 372.6694494485855 -379.80695962905884 -502.72143483161926
v 333.8782727718353 -393.1714028120041 -500.3519117832184
v 294.11456882953644 -405.6335210800171 -499.31817054748535
v 253.43447625637054 -417.21369326114655 -499.60645735263824
v 211.8918478488922 -427.9111444950104 -501.1888772249222
v 169.54125314950943 -437.7011567354202 -504.0206044912338
v 126.44045799970627 -446.53398394584656 -508.0390691757202
v 82.65456035733223 -454.33481335639954 -513.163298368454
v 38.258760422468185 -461.0063999891281 -519.2966669797897
v -6.658621644601226 -466.435381770134 -526.3334453105927
v -51.97699032723904 -470.11333405971527 -533.5610717535019
v -97.48502001166344 -471.4457839727402 -540.1242554187775
v -142.9193750023842 -470.211198925972 -545.719251036644
v -187.98812180757523 -466.24251902103424 -550.0843495130539
v -232.3814421892166 -459.445521235466 -553.0211091041565
v -275.78553706407547 -449.8091250658035 -554.4090002775192
v -317.89865642786026 -437.40918934345245 -554.2155176401138
v -358.44564735889435 -422.4053353071213 -552.5019526481628
v -397.19149470329285 -405.029633641243 -549.4197905063629
v -433.9511036872864 -385.56913137435913 -545.2035814523697
v -468.59577000141144 -364.34446573257446 -540.1566058397293
v -501.05304419994354 -341.68723821640015 -534.635454416275
v -531.3047558069229 -317.91529655456543 -529.027983546257
v -559.3770176172256 -293.31125169992447 -523.7302243709564
v -585.3286027908325 -268.10568273067474 -519.1241830587387
v -609.2361062765121 -242.46462285518646 -515.5547499656677
v -631.1778664588928 -216.48516207933426 -513.310444355011
v -651.2193202972412 -190.1973456144333 -512.6090407371521
v -669.3992495536804 -163.57327848672867 -513.5863333940506
v -685.7199013233185 -136.54045313596725 -516.2924557924271
v -700.1419126987457 -108.99901911616325 -520.6912219524384
v -712.5822961330414 -80.84238469600677 -526.6670614480972
v -722.9196310043335 -51.97485461831093 -534.038308262825
v -730.9997200965881 -22.32916858047247 -542.567777633667
v -736.6482198238373 8.1205440685153 -551.9836097955704
v -739.4464731216431 39.32944070547819 -561.4683657884598
v -739.0460252761841 71.12616822123528 -570.3379213809967
v -735.4135572910309 103.3051997423172 -578.5728275775909
v -728.5658836364746 135.66599413752556 -586.2259685993195
v -718.5605764389038 168.0252581834793 -593.4059798717499
v -705.4818630218506 200.2231478691101 -600.2515226602554
v -689.4291579723358 232.12442100048065 -606.91377222538
v -670.5090820789337 263.61546367406845 -613.5422766208649
v -648.8256603479385 294.59746181964874 -620.2661663293839
v -624.4769901037216 324.97996985912323 -627.1886914968491
v -597.5536525249481 354.6702563762665 -634.3779236078262
v -568.1377053260803 383.5685193538666 -641.8652832508087
v -536.3068282604218 411.5592271089554 -649.6435642242432
v -502.13792622089386 438.5081738233566 -657.6706528663635
v -465.7118171453476 464.2594963312149 -665.8717751502991
v -427.11730003356934 488.63629400730133 -674.1435647010803
v -386.45859360694885 511.44062876701355 -682.3580920696259
v -343.8569635152817 532.4571281671524 -690.3663516044617
v -299.45506155490875 551.4547288417816 -697.9989588260651
v -253.42095494270325 568.1908994913101 -705.0680875778198
v -205.9489592909813 582.4157476425171 -711.3680899143219
v -157.26340636610985 593.8748091459274 -716.6731715202332
v -107.62124955654144 602.3151308298111 -720.7384765148163
v -57.31192342936993 607.4908494949341 -723.2992351055145
v -6.658580480143428 609.1713666915894 -724.0737855434418
v 44.02157627046108 608.0997347831726 -724.2530107498169
v 94.54888999462128 605.0789803266525 -725.093424320221
v 144.76311653852463 599.9892324209213 -726.4038681983948
v 194.4841057062149 592.7218556404114 -728.0016303062439
v 243.51436495780945 583.1861138343811 -729.7153890132904
v 291.6424736380577 571.314749121666 -731.389707326889
v 338.64715099334717 557.0688247680664 -732.8870475292206
v 384.30165350437164 540.4401272535324 -734.0899407863617
v 428.3785790205002 521.4533358812332 -734.9024593830109
v 470.655232667923 500.1644730567932 -735.2492868900299
v 510.9146922826767 476.66020691394806 -735.0744783878326
v 548.9520072937012 451.0543644428253 -734.3387484550476
v 584.5750510692596 423.48413467407227 -733.0167591571808
v 617.6059156656265 394.10681426525116 -731.0927033424377
v 647.8832364082336 363.0955457687378 -728.5581350326538
v 675.2603709697723 330.6361794471741 -725.4062354564667
v 699.6075689792633 296.92680835723877 -721.633905172348
v 720.8124756813049 262.17356473207474 -717.2378122806549
v 738.7821853160858 226.59052312374115 -712.2195839881897
v 753.4429311752319 190.39791822433472 -706.5833270549774
v 764.7456645965576 153.8210503757 -700.3467082977295
v 772.6676821708679 117.08629503846169 -693.5438215732574
v 777.2158801555634 80.41804693639278 -686.2316191196442
v 778.4329533576965 44.03024986386299 -678.5028517246246
v 843.1709885597229 8.120501087978482 -639.5400047302246
v 836.4266812801361 -30.09802531450987 -629.5995533466339
v 825.2402544021606 -67.0482087880373 -617.380353808403
v 810.0928962230682 -102.37935781478882 -603.6144942045212
v 791.4533197879791 -135.8760006725788 -588.9706403017044
v 769.7535872459412 -167.43770092725754 -574.0302085876465
v 745.3738451004028 -197.05439507961273 -559.275433421135
v 718.6369001865387 -224.78041052818298 -545.0877785682678
v 689.8058176040649 -250.71012526750565 -531.7512691020966
v 659.0919017791748 -274.9586448073387 -519.4664776325226
v 626.66155397892 -297.6465955376625 -508.364200592041
v 592.6459580659866 -318.89076828956604 -498.5215365886688
v 557.1521997451782 -338.7992948293686 -489.9800568819046
v 520.2709764242172 -357.471764087677 -482.7614963054657
v 482.0815175771713 -374.99786615371704 -476.8754243850708
v 442.65681505203247 -391.4598137140274 -472.3305583000183
v 402.0642429590225 -406.93179965019226 -469.13565397262573
v 360.3661388158798 -421.47805988788605 -467.2999322414398
v 317.6198035478592 -435.14973521232605 -466.8302893638611
v 273.87777268886566 -447.9799896478653 -467.72598922252655
v 229.18830066919327 -459.9778890609741 -469.9723869562149
v 183.5982859134674 -471.12243473529816 -473.5353112220764
v 137.15622499585152 -481.35791420936584 -478.35533022880554
v 89.91793692111969 -490.5923902988434 -484.3467056751251
v 41.95128493010998 -498.6982434988022 -491.3964629173279
v -6.65862406603992 -505.5180996656418 -499.36935007572174
v -55.78755512833595 -510.48541963100433 -507.5819402933121
v -105.20769506692886 -512.896978855133 -515.1566654443741
v -154.62053194642067 -512.4145120382309 -521.6838955879211
v -203.68293821811676 -508.776193857193 -526.8110692501068
v -252.02248692512512 -501.82046592235565 -530.2659392356873
v -299.25847947597504 -491.506764292717 -531.881833076477
v -345.0242131948471 -477.91617810726166 -531.603541970253
v -388.9874279499054 -461.2462967634201 -529.4925510883331
v -430.87080121040344 -441.79912209510803 -525.7288992404938
v -470.4648107290268 -419.952592253685 -520.5957591533661
v -507.637420296669 -396.13191187381744 -514.4645601511002
v -542.3336535692215 -370.77603936195374 -507.7730596065521
v -574.5719134807587 -344.30285692214966 -500.99806785583496
v -604.4288724660873 -317.07744002342224 -494.62305903434753
v -632.0229679346085 -289.3891602754593 -489.111864566803
v -657.4914276599884 -261.4341929554939 -484.87643897533417
v -680.967527627945 -233.31003487110138 -482.2535365819931
v -702.5583148002625 -205.0195723772049 -481.48479759693146
v -722.3257005214691 -176.48561000823975 -482.703498005867
v -740.2723968029022 -147.57202416658401 -485.929474234581
v -756.3358724117279 -118.11026334762573 -491.0712540149689
v -770.3870356082916 -87.92981952428818 -497.93628454208374
v -782.2394549846649 -56.8844523280859 -506.246817111969
v -791.6602849960327 -24.877551198005676 -515.6609833240509
v -798.390257358551 8.120547700673342 -525.7980167865753
v -801.8885970115662 42.03794822096825 -535.7251405715942
v -801.7401337623596 76.64472386240959 -544.7280883789062
v -797.9261159896851 111.67554184794426 -552.8231710195541
v -790.4945075511932 146.88073247671127 -560.1150333881378
v -779.5435607433319 182.04166889190674 -566.7696118354797
v -765.2030646800995 216.97867065668106 -572.9872852563858
v -747.6171433925629 251.55069380998611 -578.9777308702469
v -726.9306182861328 285.64875423908234 -584.939894080162
v -703.2786250114441 319.1858544945717 -591.0442441701889
v -676.7801821231842 352.0849347114563 -597.4215775728226
v -647.5374937057495 384.26511883735657 -604.1559666395187
v -615.6361043453217 415.63247442245483 -611.2828224897385
v -581.1512142419815 446.06949388980865 -618.7892824411392
v -544.1538780927658 475.4317820072174 -626.6206413507462
v -504.71852123737335 503.54487895965576 -634.6853882074356
v -462.92937099933624 530.2068948745728 -642.8630709648132
v -418.889057636261 555.1894396543503 -651.0085582733154
v -372.7215975522995 578.243938088417 -658.9595556259155
v -324.57781732082367 599.1053104400635 -666.5369153022766
v -274.63810443878174 617.4956142902374 -673.5464572906494
v -223.11399579048157 633.1295847892761 -679.7775745391846
v -170.25164514780045 645.7170754671097 -685.001528263092
v -116.33434146642685 654.9665451049805 -688.9667987823486
v -61.68308034539223 660.5918765068054 -691.3983881473541
v -6.658579269424081 662.3184978961945 -691.9965028762817
v 48.38482476770878 661.0211491584778 -691.9878244400024
v 103.25577333569527 657.6599597930908 -692.6872134208679
v 157.78747349977493 652.1018862724304 -693.9094007015228
v 211.79078668355942 644.2239195108414 -695.4746961593628
v 265.05656838417053 633.9199423789978 -697.2132503986359
v 317.3588886857033 621.10735476017 -698.9668369293213
v 368.45963299274445 605.7330787181854 -700.5942761898041
v 418.1131899356842 587.777704000473 -701.972907781601
v 466.07135236263275 567.2575026750565 -702.9999852180481
v 512.089729309082 544.2235380411148 -703.5930633544922
v 555.9292376041412 518.7619358301163 -703.6879062652588
v 597.3621845245361 490.9891963005066 -703.2369375228882
v 636.1738950014114 461.0489010810852 -702.2049784660339
v 672.1643388271332 429.1080713272095 -700.5663812160492
v 705.1496803760529 395.35209238529205 -698.3000695705414
v 734.962123632431 359.98312532901764 -695.387989282608
v 761.4504933357239 323.2178404927254 -691.8126285076141
v 784.4830632209778 285.2854996919632 -687.5582575798035
v 803.9489507675171 246.42613530158997 -682.6126337051392
v 819.7605967521667 206.8904921412468 -676.9703328609467
v 831.8585693836212 166.93737357854843 -670.6401109695435
v 840.2156710624695 126.82884708046913 -663.6507153511047
v 844.8435246944427 86.82693168520927 -656.0637474060059
v 845.7949757575989 47.18094356358051 -647.9768395423889
v 905.5835902690887 8.120501087978482 -603.9364486932755
v 897.6752877235413 -32.85358622670174 -593.4037327766418
v 884.8324418067932 -72.31499291956425 -580.4183512926102
v 867.6969468593597 -109.87263545393944 -565.8685654401779
v 846.8749761581421 -145.315233618021 -550.5459725856781
v 822.901725769043 -178.57695817947388 -535.1134270429611
v 796.2295591831207 -209.70027148723602 -520.1011657714844
v 767.2211110591888 -238.79724740982056 -505.90467751026154
v 736.1509144306183 -266.01383090019226 -492.79132783412933
v 703.2222926616669 -291.50551706552505 -480.92542588710785
v 668.5804545879364 -315.4182702302933 -470.38775086402893
v 632.3321759700775 -337.882325053215 -461.2046480178833
v 594.5587396621704 -359.0071886777878 -453.3661216497421
v 555.3308129310608 -378.88882756233215 -446.8516379594803
v 514.714452624321 -397.6121664047241 -441.6410893201828
v 472.7757543325424 -415.2579069137573 -437.7257972955704
v 429.58100736141205 -431.90415501594543 -435.1107984781265
v 385.1944088935852 -447.6258397102356 -433.8127911090851
v 339.6758168935776 -462.49029636383057 -433.85490477085114
v 293.0788904428482 -476.5494018793106 -435.257750749588
v 245.44944316148758 -489.8301601409912 -438.0291163921356
v 196.82844579219818 -502.32350528240204 -442.15447306632996
v 147.25496098399162 -513.9752358198166 -447.5870192050934
v 96.77383378148079 -524.6801644563675 -454.24299240112305
v 45.442863926291466 -534.2801809310913 -461.99841499328613
v -6.658626487478614 -542.56851375103 -470.6913411617279
v -59.40576568245888 -548.9427089691162 -479.6970009803772
v -112.55997717380524 -552.5978803634644 -488.1422430276871
v -165.78926295042038 -553.0447036027908 -495.50194442272186
v -218.6962455511093 -549.8985767364502 -501.32614374160767
v -270.8401456475258 -542.9129391908646 -505.2678197622299
v -321.7649966478348 -532.0026338100433 -507.10660219192505
v -371.03050351142883 -517.2489821910858 -506.76031708717346
v -418.2407319545746 -498.8927721977234 -504.29075956344604
v -463.07055056095123 -477.31322050094604 -499.9000132083893
v -505.28571903705597 -452.99593210220337 -493.9202219247818
v -544.7540462017059 -426.4889270067215 -486.78933680057526
v -581.4463585615158 -398.35862815380096 -479.02709543704987
v -615.4299527406693 -369.14104521274567 -471.19992077350616
v -646.84779047966 -339.2985761165619 -463.88144195079803
v -675.8945167064667 -309.18746292591095 -457.6177030801773
v -702.783876657486 -279.0345460176468 -452.8876453638077
v -727.7172565460205 -248.93151074647903 -450.0749796628952
v -750.8515655994415 -218.8407376408577 -449.4409114122391
v -772.2734332084656 -188.61787021160126 -451.10984444618225
v -791.979992389679 -158.04257690906525 -455.06170988082886
v -809.8720610141754 -126.85792371630669 -461.13754510879517
v -825.7526695728302 -94.81305927038193 -469.0502643585205
v -839.3433332443237 -61.702170968055725 -478.4101128578186
v -850.300943851471 -27.398712001740932 -488.74880373477936
v -858.2487642765045 8.120551332831383 -499.55620765686035
v -862.5242114067078 44.738418981432915 -509.826323390007
v -862.6687228679657 82.15268328785896 -518.8715010881424
v -858.6837708950043 120.0282171368599 -526.7454773187637
v -850.6562173366547 158.05862620472908 -533.6026817560196
v -838.7357652187347 195.98636627197266 -539.6679401397705
v -823.1067538261414 233.61095190048218 -545.199978351593
v -803.9659202098846 270.78708708286285 -550.4637211561203
v -781.5038800239563 307.4145630002022 -555.7060390710831
v -755.8905601501465 343.421995639801 -561.133548617363
v -727.2672176361084 378.74962389469147 -566.9000595808029
v -695.7463622093201 413.3289307355881 -573.0983227491379
v -661.4140033721924 447.07076847553253 -579.7607272863388
v -624.339297413826 479.8518568277359 -586.8615478277206
v -584.5842331647873 511.51110231876373 -594.326901435852
v -542.2145575284958 541.848087310791 -602.0431160926819
v -497.30938374996185 570.6289201974869 -609.8692446947098
v -449.97192323207855 597.5902646780014 -617.6453173160553
v -400.3327012062073 622.4488317966461 -625.1991987228394
v -348.5549420118332 644.9074625968933 -632.3503851890564
v -294.83691304922104 664.6606683731079 -638.9103531837463
v -239.41186666488647 681.3992023468018 -644.6807771921158
v -182.5506940484047 694.812422990799 -649.4479894638062
v -124.56395924091339 704.5890688896179 -652.9773235321045
v -65.80211222171783 710.4210555553436 -655.0072252750397
v -6.658578664064407 712.0067298412323 -655.2447974681854
v 52.48057208955288 710.3215634822845 -654.8872768878937
v 111.41225397586823 706.4551651477814 -655.2433252334595
v 169.96477246284485 700.2850294113159 -656.159907579422
v 227.94468849897385 691.6926026344299 -657.4831366539001
v 285.138101875782 680.5692493915558 -659.0615272521973
v 341.31270945072174 666.8253183364868 -660.7487082481384
v 396.22179567813873 650.3966510295868 -662.4086916446686
v 449.6083587408066 631.2499284744263 -663.918274641037
v 501.20979845523834 609.3868553638458 -665.168821811676
v 550.7642894983292 584.8439663648605 -666.0668075084686
v 598.0118662118912 557.6945245265961 -666.5337383747101
v 642.7017450332642 528.0443370342255 -666.50390625
v 684.593254327774 496.0305154323578 -665.9214437007904
v 723.4580814838409 461.81752383708954 -664.7378444671631
v 759.0833723545074 425.5939245223999 -662.9088640213013
v 791.2709951400757 387.5708669424057 -660.3921949863434
v 819.8407173156738 347.9812353849411 -657.1483969688416
v 844.6329176425934 307.07716941833496 -653.141051530838
v 865.5132353305817 265.1289016008377 -648.3417212963104
v 882.3759019374847 222.42407947778702 -642.7339792251587
v 895.15141248703 179.26371693611145 -636.3230556249619
v 903.8121044635773 135.95509454607964 -629.1420370340347
v 908.3785891532898 92.80529916286469 -621.2625592947006
v 908.924788236618 50.10557658970356 -612.8019362688065
v 963.1187558174133 8.120501087978482 -564.0780180692673
v 953.8954377174377 -35.32282654196024 -552.9920518398285
v 939.2634391784668 -76.98094546794891 -539.3497049808502
v 920.0602293014526 -116.43196418881416 -524.1974651813507
v 897.050130367279 -153.48605886101723 -508.4433138370514
v 870.8874344825745 -188.13497722148895 -492.83038079738617
v 842.0945525169373 -220.49430906772614 -477.9223769903183
v 811.0621690750122 -250.74863582849503 -464.1095221042633
v 778.060245513916 -279.10459339618683 -451.62644386291504
v 743.264365196228 -305.75917065143585 -440.5842959880829
v 706.7772746086121 -330.8771222829819 -430.9971421957016
v 668.6606526374817 -354.5870363712311 -422.82135784626007
v 628.9569228887558 -376.9849956035614 -415.9862369298935
v 587.706533074379 -398.1453865766525 -410.4196399450302
v 544.9581056833267 -418.13294887542725 -406.0662031173706
v 500.7711887359619 -437.0145916938782 -402.8981864452362
v 455.2149772644043 -454.86536026000977 -400.9181469678879
v 408.36168825626373 -471.76893949508667 -400.1540958881378
v 360.28047800064087 -487.81118392944336 -400.6501615047455
v 311.032173037529 -503.0690759420395 -402.45438516139984
v 260.6653183698654 -517.5952672958374 -405.60326278209686
v 209.21801775693893 -531.4024269580841 -410.1090371608734
v 156.72098472714424 -544.4454580545425 -415.94400703907013
v 103.20761576294899 -556.6115409135818 -423.03297221660614
v 48.72384071350098 -567.7125006914139 -431.24544620513916
v -6.658628908917308 -577.487325668335 -440.395849943161
v -62.81696259975433 -585.3320121765137 -449.950847029686
v -119.50896382331848 -590.3552383184433 -459.06975269317627
v -176.37273222208023 -591.8832242488861 -467.1122997999191
v -232.9555168747902 -589.3804639577866 -473.5313981771469
v -288.74306231737137 -582.492071390152 -477.90242433547974
v -343.1972473859787 -571.0748910903931 -479.95111644268036
v -395.7956999540329 -555.2009075880051 -479.5624077320099
v -446.07158601284027 -535.1544559001923 -476.7931342124939
v -493.64681243896484 -511.3996773958206 -471.8623876571655
v -538.2599413394928 -484.5422029495239 -465.1431083679199
v -579.7825783491135 -455.27243316173553 -457.1369796991348
v -618.2185590267181 -424.30347204208374 -448.4397143125534
v -653.6959290504456 -392.3076272010803 -439.70242738723755
v -686.4395141601562 -359.8598837852478 -431.58599734306335
v -716.7376399040222 -327.3928463459015 -424.7165113687515
v -744.8982357978821 -295.1669842004776 -419.63958740234375
v -771.2045907974243 -263.2615655660629 -416.78232848644257
v -795.8735108375549 -231.58591240644455 -416.42395555973053
v -819.0183579921722 -199.9096781015396 -418.67593228816986
v -840.6261146068573 -167.90718883275986 -423.4747588634491
v -860.5460703372955 -135.2117322385311 -430.58658242225647
v -878.4919142723083 -101.47486329078674 -439.6235078573227
v -894.0612614154816 -66.41991324722767 -450.06951689720154
v -906.7665696144104 -29.890009202063084 -461.3185912370682
v -916.0762071609497 8.120554964989424 -472.71616756916046
v -921.2138414382935 47.42962047457695 -483.2295894622803
v -921.7106819152832 87.65077292919159 -492.2529935836792
v -917.5905168056488 128.37074175477028 -499.8710721731186
v -908.9848399162292 169.22011226415634 -506.28300309181213
v -896.0995316505432 209.89749282598495 -511.76169216632843
v -879.1820824146271 250.18008202314377 -516.619136929512
v -858.489590883255 289.9197459220886 -521.1702018976212
v -834.263813495636 329.0270268917084 -525.7030189037323
v -806.7124903202057 367.4487113952637 -530.4536879062653
v -775.9996592998505 405.14349937438965 -535.5927169322968
v -742.2465085983276 442.05470979213715 -541.2152588367462
v -705.5357933044434 478.09315621852875 -547.3426222801208
v -665.9270226955414 513.122308254242 -553.9295166730881
v -623.4693229198456 546.9544947147369 -560.8760625123978
v -578.2192587852478 579.3530344963074 -568.0429399013519
v -530.2519530057907 610.0422710180283 -575.2668857574463
v -479.67518866062164 638.7174904346466 -582.3733627796173
v -426.6322761774063 665.0589466094971 -589.1860902309418
v -371.306973695755 688.7417793273926 -595.5320417881012
v -313.923642039299 709.4444990158081 -601.2418329715729
v -254.74420338869095 726.8515050411224 -606.1452656984329
v -194.0694972872734 740.6554102897644 -610.0659042596817
v -132.2385735809803 750.5527019500732 -612.8089100122452
v -69.6287602186203 756.2437415122986 -614.1540288925171
v -6.658578058704734 757.4312150478363 -613.8449370861053
v 56.26275762915611 755.1344513893127 -612.9764348268509
v 118.91950815916061 750.5255043506622 -612.7800852060318
v 181.1364769935608 743.528825044632 -613.165345788002
v 242.7223801612854 734.0587139129639 -614.0293151140213
v 303.4685477614403 722.0281541347504 -615.2608007192612
v 363.14839124679565 707.353150844574 -616.7408615350723
v 421.51951491832733 689.9648189544678 -618.3506727218628
v 478.324955701828 669.8130249977112 -619.9710607528687
v 533.29738676548 646.8756079673767 -621.4884698390961
v 586.1637860536575 621.1588442325592 -622.7943032979965
v 636.64570748806 592.7037239074707 -623.7863183021545
v 684.4670295715332 561.5849822759628 -624.3690520524979
v 729.3552339076996 527.9116421937943 -624.4517296552658
v 771.0444271564484 491.8270140886307 -623.9476442337036
v 809.2798352241516 453.50745618343353 -622.7734208106995
v 843.8197791576385 413.16318809986115 -620.84921002388
v 874.4404017925262 371.03852331638336 -618.1009352207184
v 900.9422540664673 327.410164475441 -614.4637405872345
v 923.1584310531616 282.58598297834396 -609.8897010087967
v 940.9606158733368 236.90190017223358 -604.3532073497772
v 954.2693853378296 190.7147392630577 -597.8608459234238
v 963.0625784397125 144.39129009842873 -590.4603481292725
v 967.382425069809 98.29652160406113 -582.24957883358
v 967.3401951789856 52.77211330831051 -573.3826190233231
v 1015.3675138950348 8.120501087978482 -520.5367147922516
v 1004.655921459198 -37.477584928274155 -508.9572787284851
v 988.088709115982 -80.98699785768986 -494.788259267807
v 966.7355716228485 -121.96719869971275 -479.22840416431427
v 941.5457904338837 -160.2716565132141 -463.29696476459503
v 913.301819562912 -195.9743171930313 -447.8038251399994
v 882.5951099395752 -229.28738594055176 -433.33369493484497
v 849.8329281806946 -260.48663556575775 -420.2601343393326
v 815.2596652507782 -289.8484393954277 -408.7687611579895
v 778.9975166320801 -317.6104471087456 -398.90149533748627
v 741.0827457904816 -343.94673109054565 -390.5925124883652
v 701.5103161334991 -368.96956861019135 -383.7184935808182
v 660.26651263237 -392.7408516407013 -378.13798785209656
v 617.3513740301132 -415.2933567762375 -373.7218648195267
v 572.7913618087769 -436.6540879011154 -370.3770637512207
v 526.6412198543549 -456.8627953529358 -368.05697679519653
v 478.977233171463 -475.98290145397186 -366.76241755485535
v 429.8865348100662 -494.10370886325836 -366.5345698595047
v 379.4554829597473 -511.33148968219757 -367.44185388088226
v 327.7589291334152 -527.7728646993637 -369.5614069700241
v 274.85409677028656 -543.5140758752823 -372.96192049980164
v 220.78005820512772 -558.5957646369934 -377.68395841121674
v 165.56172519922256 -572.9897260665894 -383.7227940559387
v 109.22145247459412 -586.5786850452423 -391.01419150829315
v 51.793372631073 -599.1450607776642 -399.4252234697342
v -6.658631330356002 -610.3668212890625 -408.7486922740936
v -66.01525209844112 -619.6882367134094 -418.57605278491974
v -126.03904157876968 -626.1600643396378 -428.1328320503235
v -186.34380996227264 -628.8923382759094 -436.67175471782684
v -246.42187356948853 -627.1690875291824 -443.5529798269272
v -305.6827113032341 -620.5054819583893 -448.2800155878067
v -363.49955797195435 -608.6799889802933 -450.52153170108795
v -419.26106810569763 -591.746112704277 -450.1280188560486
v -472.4211782217026 -570.0264662504196 -447.1427917480469
v -522.5431770086288 -544.0745323896408 -441.79427921772003
v -569.3354845046997 -514.6256923675537 -434.485524892807
v -612.6731157302856 -482.52667486667633 -425.76768696308136
v -652.5988042354584 -448.6553192138672 -416.3018763065338
v -689.3123090267181 -413.8410359621048 -406.815841794014
v -723.1354296207428 -378.787824511528 -398.0494201183319
v -754.4665217399597 -344.015771150589 -390.70180654525757
v -783.7256371974945 -309.82348769903183 -385.38072407245636
v -811.2940073013306 -276.2751132249832 -382.55523443222046
v -837.4591052532196 -243.21617931127548 -382.5219929218292
v -862.3670697212219 -210.31374782323837 -385.38060784339905
v -885.991245508194 -177.11613327264786 -391.02573692798615
v -908.1170737743378 -143.12533289194107 -399.1504967212677
v -928.3475160598755 -107.87673071026802 -409.26649272441864
v -946.127462387085 -71.0108544677496 -420.7325279712677
v -960.7876658439636 -32.33783431351185 -432.8006684780121
v -971.601927280426 8.120558597147465 -444.6667641401291
v -977.6948094367981 50.09853020310402 -455.3167164325714
v -978.6251068115234 93.11666712164879 -464.2691820859909
v -974.4362890720367 136.67754530906677 -471.62861227989197
v -965.3033196926117 180.34228384494781 -477.6236295700073
v -951.4923632144928 223.7610623240471 -482.5651466846466
v -933.3187878131866 266.6859641671181 -486.80661618709564
v -911.1055552959442 308.96500051021576 -490.7030791044235
v -885.1503670215607 350.5202203989029 -494.575560092926
v -855.7020306587219 391.31816923618317 -498.68437349796295
v -822.9479849338531 431.33548498153687 -503.2095193862915
v -787.0159268379211 470.52420377731323 -508.24247002601624
v -747.981870174408 508.78851413726807 -513.7876808643341
v -705.8907568454742 545.9684461355209 -519.7744071483612
v -660.7770681381226 581.8366169929504 -526.0723173618317
v -612.6870632171631 616.1065995693207 -532.513228058815
v -561.6947025060654 648.4493106603622 -538.9108240604401
v -507.91838467121124 678.5103678703308 -545.0780540704727
v -451.52311623096466 705.9319019317627 -550.8392572402954
v -392.72392094135284 730.3685188293457 -556.0380667448044
v -331.78173303604126 751.4960169792175 -560.5355501174927
v -268.99712085723877 769.0165400505066 -564.2059475183487
v -204.70691621303558 782.6550900936127 -566.9269472360611
v -139.28122147917747 792.1541035175323 -568.5681790113449
v -73.12051840126514 797.263377904892 -568.975755572319
v -6.65857745334506 797.7332532405853 -567.961385846138
v 59.683751687407494 794.5473372936249 -566.4438992738724
v 125.67592263221741 788.8899266719818 -565.5072093009949
v 191.14009886980057 780.7817876338959 -565.1527494192123
v 255.89520037174225 770.2141642570496 -565.356382727623
v 319.7507470846176 757.1509480476379 -566.0675883293152
v 382.5025051832199 741.5368139743805 -567.2138392925262
v 443.9294070005417 723.3058989048004 -568.7042057514191
v 503.7910908460617 702.3896276950836 -570.4310983419418
v 561.8285983800888 678.7284135818481 -572.27623462677
v 617.7665054798126 652.2790193557739 -574.1121888160706
v 671.311217546463 623.0231583118439 -575.8048325777054
v 722.1587181091309 590.9745454788208 -577.2162020206451
v 769.9952661991119 556.1845153570175 -578.205195069313
v 814.5038664340973 518.748414516449 -578.6307096481323
v 855.3700804710388 478.8086622953415 -578.3535420894623
v 892.2883033752441 436.5602135658264 -577.2409588098526
v 924.971604347229 392.25272834300995 -575.1720815896988
v 953.1635046005249 346.1900293827057 -572.0449000597
v 976.6511499881744 298.72758388519287 -567.7875459194183
v 995.2771663665771 250.26583969593048 -562.3661190271378
v 1008.9538395404816 201.23751759529114 -555.79654276371
v 1017.6745057106018 152.089324593544 -548.1530874967575
v 1021.5208351612091 103.26142981648445 -539.5768940448761
v 1020.6651568412781 55.15736602246761 -530.2777171134949
v 1062.0533168315887 8.120501087978482 -474.0169644355774
v 1049.6639966964722 -39.30149003863335 -462.04126477241516
v 1031.003499031067 -84.29792299866676 -447.506782412529
v 1007.4134945869446 -126.42349824309349 -431.752011179924
v 980.0564289093018 -165.59922844171524 -415.8965468406677
v 949.8515963554382 -202.00755447149277 -400.7994771003723
v 917.4601852893829 -235.98431050777435 -387.05833554267883
v 883.2903146743774 -267.91502833366394 -375.016114115715
v 847.5391089916229 -298.1565698981285 -364.80097472667694
v 810.247015953064 -326.98526978492737 -356.37382566928864
v 771.3576257228851 -354.575452208519 -349.58322048187256
v 730.775398015976 -381.0053199529648 -344.2209154367447
v 688.4120762348175 -406.28138184547424 -340.0706857442856
v 644.2169845104218 -430.37465810775757 -336.9471073150635
v 598.1902003288269 -453.2555103302002 -334.7190737724304
v 550.3817409276962 -474.92219507694244 -333.3218067884445
v 500.8802503347397 -495.4182982444763 -332.75596499443054
v 449.79463517665863 -514.8349434137344 -333.07652473449707
v 397.2353130578995 -533.298471570015 -334.37476456165314
v 343.29840540885925 -550.9489387273788 -336.7568016052246
v 288.0551606416702 -567.9093539714813 -340.3207331895828
v 231.5500169992447 -584.2532515525818 -345.13385593891144
v 173.8047093153 -599.9697059392929 -351.2109696865082
v 114.8330494761467 -614.9384588003159 -358.4991902112961
v 54.65908236801624 -628.9079904556274 -366.8628007173538
v -6.658633146435022 -641.4897471666336 -376.07701420783997
v -69.00369487702847 -652.2379517555237 -385.88670790195465
v -132.15266093611717 -660.1967751979828 -395.62391340732574
v -195.7023799419403 -664.2269015312195 -404.4474810361862
v -259.09343659877777 -663.4069442749023 -411.6398513317108
v -321.6571554541588 -657.094544172287 -416.63622856140137
v -382.6745629310608 -644.9735194444656 -419.0548777580261
v -441.43842458724976 -627.0635515451431 -418.70855391025543
v -497.31519520282745 -603.713870048523 -415.6174808740616
v -549.8019129037857 -575.565904378891 -410.0072979927063
v -598.5715091228485 -543.4906363487244 -402.2970885038376
v -643.5005486011505 -508.5023194551468 -393.0709034204483
v -684.6732974052429 -471.6607302427292 -383.0386310815811
v -722.3680853843689 -433.9687317609787 -372.9865998029709
v -757.0156574249268 -396.27789556980133 -363.7200057506561
v -789.141058921814 -359.21097695827484 -356.00142776966095
v -819.2922711372375 -323.1122076511383 -350.4914730787277
v -847.9658246040344 -288.032902777195 -347.69918620586395
v -875.5338847637177 -253.7485659122467 -347.93908298015594
v -902.1839678287506 -219.81142461299896 -351.3050377368927
v -927.8764009475708 -185.62594056129456 -357.6573818922043
v -952.3272752761841 -150.54346844553947 -366.6283279657364
v -975.009685754776 -113.96384984254837 -377.63855159282684
v -995.192164182663 -75.4316508769989 -389.93628323078156
v -1011.9884252548218 -34.71831679344177 -402.64015793800354
v -1024.4377195835114 8.120561623945832 -414.8027539253235
v -1031.5832495689392 52.72058509290218 -425.4659563302994
v -1033.0484330654144 98.50453287363052 -434.2975437641144
v -1028.8857281208038 144.88679394125938 -441.4039433002472
v -1019.3082213401794 191.35306924581528 -447.0260202884674
v -1004.6424388885498 237.4996855854988 -451.4980882406235
v -985.2730989456177 283.04878771305084 -455.20002245903015
v -961.5941405296326 327.84234285354614 -458.51619243621826
v -933.9644014835358 371.8140035867691 -461.79330945014954
v -902.6771664619446 414.94966745376587 -465.30788242816925
v -867.9438948631287 457.2434067726135 -469.24510300159454
v -829.8969328403473 498.65144193172455 -473.68749380111694
v -788.6018335819244 539.0638589859009 -478.61959636211395
v -744.0855622291565 578.2844632863998 -483.9411437511444
v -696.3646233081818 616.0321354866028 -489.48999643325806
v -645.4748153686523 651.9552052021027 -495.0677514076233
v -591.4928495883942 685.6570601463318 -500.46585500240326
v -534.5548301935196 716.7255520820618 -505.487260222435
v -474.8581528663635 744.7637975215912 -509.9625825881958
v -412.6608073711395 769.4113314151764 -513.7573838233948
v -348.2733577489853 790.359216928482 -516.7730242013931
v -282.0457309484482 807.3524475097656 -518.938797712326
v -214.35880959033966 820.1863050460815 -520.2029049396515
v -145.61582133173943 828.689855337143 -520.5138176679611
v -76.2366533279419 832.7126979827881 -519.8068737983704
v -6.658576847985387 832.1052074432373 -517.9857581853867
v 62.699416279792786 827.7153134346008 -515.7319992780685
v 131.58802017569542 820.6477344036102 -513.9170050621033
v 199.82676804065704 811.0842525959015 -512.6619637012482
v 267.2536075115204 799.1457462310791 -512.0433926582336
v 333.71206521987915 784.8889350891113 -512.0920926332474
v 399.0400791168213 768.3140516281128 -512.797138094902
v 463.0593538284302 749.371737241745 -514.1071945428848
v 525.5672633647919 727.9749751091003 -515.9345090389252
v 586.3301485776901 704.0133476257324 -518.1586682796478
v 645.081689953804 677.3670613765717 -520.6304341554642
v 701.5179097652435 647.926938533783 -523.1775164604187
v 755.3033709526062 615.6078994274139 -525.6091445684433
v 806.0730755329132 580.3660869598389 -527.7218014001846
v 853.440523147583 542.2141313552856 -529.305112361908
v 897.0090627670288 501.2324243783951 -530.1501363515854
v 936.3842904567719 457.5815945863724 -530.0576567649841
v 971.1907863616943 411.50858998298645 -528.8490682840347
v 1001.0922610759735 363.34660053253174 -526.377534866333
v 1025.8127093315125 313.5107770562172 -522.5426346063614
v 1045.1571762561798 262.486569583416 -517.3032999038696
v 1059.0307414531708 210.8075276017189 -510.68971157073975
v 1067.4545586109161 159.02607813477516 -502.81403064727783
v 1070.5722868442535 107.67983868718147 -493.874853849411
v 1068.6469912528992 57.24853500723839 -484.15446281433105
v 1103.0474603176117 8.120501087978482 -425.29726922512054
v 1088.7860000133514 -40.79161919653416 -413.0765587091446
v 1067.8704261779785 -86.90714910626411 -398.3850121498108
v 1041.95436835289 -129.79010194540024 -382.6766937971115
v 1012.437379360199 -169.45189237594604 -367.1472132205963
v 980.3945779800415 -206.2135934829712 -352.69715189933777
v 946.5511560440063 -240.5601516366005 -339.92036283016205
v 911.3035321235657 -273.0077400803566 -329.1233032941818
v 874.7759938240051 -304.0024846792221 -320.36879509687424
v 836.901205778122 -333.86021852493286 -313.53731602430344
v 797.5018799304962 -362.74476647377014 -308.39142948389053
v 756.3687264919281 -390.68402349948883 -304.6405628323555
v 713.3220553398132 -417.6099956035614 -301.99925750494003
v 668.2485818862915 -443.41137409210205 -300.2285659313202
v 621.1173117160797 -467.984676361084 -299.1638883948326
v 571.9745427370071 -491.2745386362076 -298.72512370347977
v 520.9246873855591 -513.2954895496368 -298.9128142595291
v 468.1039661169052 -534.1368317604065 -299.79479908943176
v 413.65293860435486 -553.9439678192139 -301.48209631443024
v 357.69376158714294 -572.888258099556 -304.10344898700714
v 300.31668692827225 -591.1314159631729 -307.78107196092606
v 241.57454073429108 -608.7752968072891 -312.60066479444504
v 181.48960024118423 -625.824898481369 -318.5919240117073
v 120.07020488381386 -642.14888215065 -325.7074862718582
v 57.33453966677189 -657.4546217918396 -333.80772173404694
v -6.658634962514043 -671.2749540805817 -342.6513582468033
v -71.7922430485487 -683.3526253700256 -352.15997993946075
v -137.86631673574448 -692.7956938743591 -361.8115246295929
v -204.46982830762863 -698.1891870498657 -370.69382667541504
v -270.99647372961044 -698.3808100223541 -378.0288875102997
v -336.7012828588486 -692.5508379936218 -383.200266957283
v -400.76972246170044 -680.2621722221375 -385.77818870544434
v -462.3937487602234 -661.4848256111145 -385.53945422172546
v -520.8442181348801 -636.5793406963348 -382.47309923171997
v -575.5434721708298 -606.2676936388016 -376.78980827331543
v -626.1205077171326 -571.5544909238815 -368.90564262866974
v -672.4468529224396 -533.6257338523865 -359.4147264957428
v -714.6476089954376 -493.73789727687836 -349.0550369024277
v -753.0824661254883 -453.084072470665 -338.649320602417
v -788.2987856864929 -412.6808762550354 -329.0468245744705
v -820.9595382213593 -373.26973378658295 -321.05537950992584
v -851.7579138278961 -335.2557808160782 -315.3795078396797
v -881.321394443512 -298.6842304468155 -312.56122440099716
v -910.1233422756195 -263.26199173927307 -312.9352495074272
v -938.4049713611603 -228.42004597187042 -316.5970265865326
v -966.1228120326996 -193.40763092041016 -323.38829040527344
v -992.9215133190155 -157.40870237350464 -332.89846181869507
v -1018.1381821632385 -119.67069655656815 -344.48262453079224
v -1040.8417463302612 -79.62588295340538 -357.2978079319
v -1059.9033892154694 -36.99874058365822 -370.35606503486633
v -1074.0931749343872 8.120565256103873 -382.5885146856308
v -1082.3861956596375 55.26057258248329 -393.1161940097809
v -1084.4979226589203 103.7454754114151 -401.7561584711075
v -1080.475002527237 152.8993345797062 -408.59988033771515
v -1070.5592691898346 202.12713479995728 -413.883575797081
v -1055.1304817199707 250.9636014699936 -417.9446190595627
v -1034.6451103687286 299.0956813097 -421.1765617132187
v -1009.5719456672668 346.35588824748993 -423.9811301231384
v -980.3371608257294 392.68858730793 -426.7220824956894
v -947.2827017307281 438.0994737148285 -429.6868532896042
v -910.6459856033325 482.59850442409515 -433.0609440803528
v -870.5629229545593 526.1432945728302 -436.91664934158325
v -827.0851194858551 568.6013430356979 -441.2165433168411
v -780.217456817627 609.7291111946106 -445.8318829536438
v -729.955518245697 649.1761684417725 -450.56887567043304
v -676.3245642185211 686.5090191364288 -455.20091354846954
v -619.4077372550964 721.2512016296387 -459.50014889240265
v -559.365975856781 752.9228448867798 -463.2625997066498
v -496.43960297107697 781.0859203338623 -466.32868349552155
v -430.94263076782227 805.3736090660095 -468.59104335308075
v -363.2477670907974 825.5088984966278 -469.9953228235245
v -293.7656491994858 841.3073718547821 -470.53206861019135
v -222.92859107255936 852.668297290802 -470.22425532341003
v -151.17610320448875 859.5544815063477 -469.10985112190247
v -78.94327454268932 861.9666993618011 -467.22391843795776
v -6.658576847985387 859.9137842655182 -464.5779639482498
v 65.27496986091137 853.9935410022736 -461.57375276088715
v 136.58337071537971 845.1237142086029 -458.82280468940735
v 207.08194077014923 833.7211787700653 -456.5825283527374
v 276.63646936416626 820.0976610183716 -455.04512786865234
v 345.14156579971313 804.452919960022 -454.3372541666031
v 412.49948143959045 786.8763744831085 -454.5210510492325
v 478.59910130500793 767.351907491684 -455.59388399124146
v 543.2996720075607 745.7777798175812 -457.49616622924805
v 606.4134448766708 721.9779431819916 -460.10880172252655
v 667.6975786685944 695.7310199737549 -463.2627159357071
v 726.8449187278748 666.8002903461456 -466.74598455429077
v 783.4851980209351 634.9582552909851 -470.3092962503433
v 837.1907711029053 600.0224351882935 -473.67962896823883
v 887.4862611293793 561.8820250034332 -476.5698194503784
v 933.868008852005 520.5227673053741 -478.6927044391632
v 975.8233666419983 476.0471761226654 -479.7745257616043
v 1012.8586709499359 428.68809700012207 -479.57182228565216
v 1044.5317089557648 378.80932688713074 -477.88785696029663
v 1070.4831779003143 326.8984854221344 -474.59129095077515
v 1090.467756986618 273.5472947359085 -469.6319907903671
v 1104.3844044208527 219.4185122847557 -463.0585014820099
v 1112.292629480362 165.19881933927536 -455.02381920814514
v 1114.4225656986237 111.54934614896774 -445.792481303215
v 1111.1645102500916 59.04383808374405 -435.73126792907715
v 1138.3717954158783 8.120501087978482 -375.1686453819275
v 1122.0581948757172 -41.95956140756607 -362.9244565963745
v 1098.7348973751068 -88.83947655558586 -348.34352135658264
v 1070.4062342643738 -132.10489079356194 -332.959908246994
v 1038.7393176555634 -171.881040930748 -318.0216461420059
v 1004.9741566181183 -208.65347385406494 -304.44638282060623
v 969.9000239372253 -243.08160543441772 -292.8140625357628
v 933.8865280151367 -275.83053708076477 -283.3883121609688
v 896.965903043747 -307.44670033454895 -276.17048770189285
v 858.9374601840973 -338.2857948541641 -270.96700966358185
v 819.4766879081726 -368.49237084388733 -267.4629747867584
v 778.240168094635 -398.0307072401047 -265.2984216809273
v 734.9394977092743 -426.74118280410767 -264.1290605068207
v 689.3896400928497 -454.41443026065826 -263.67342323064804
v 641.5239185094833 -480.85956275463104 -263.7404292821884
v 591.3839042186737 -505.9565544128418 -264.2383351922035
v 539.092218875885 -529.6851426362991 -265.16888439655304
v 484.8149538040161 -552.1264940500259 -266.6080519556999
v 428.72641384601593 -573.4425157308578 -268.68132650852203
v 370.9781616926193 -593.8337802886963 -271.53244465589523
v 311.68044060468674 -613.4898573160172 -275.2948373556137
v 250.89812576770782 -632.5377464294434 -280.0659045577049
v 188.65628391504288 -650.9840726852417 -285.87915897369385
v 124.96235370635986 -668.6746776103973 -292.6867336034775
v 59.8348543047905 -685.2602541446686 -300.3418892621994
v -6.658636778593063 -700.1783311367035 -308.58741104602814
v -74.39363338053226 -713.453084230423 -317.5354406237602
v -143.2024896144867 -724.3424296379089 -326.83808505535126
v -212.67662644386292 -731.1375677585602 -335.5441838502884
v -282.16976672410965 -732.4349939823151 -342.84050166606903
v -350.8640646934509 -727.2156119346619 -348.0762332677841
v -417.85031855106354 -714.905172586441 -350.788089632988
v -482.214018702507 -695.3938782215118 -350.71432292461395
v -543.1247860193253 -669.0420389175415 -347.81320691108704
v -599.920192360878 -636.6348206996918 -342.2654777765274
v -652.1737933158875 -599.3001878261566 -334.46379601955414
v -699.7447967529297 -558.4009259939194 -324.99246448278427
v -742.7898406982422 -515.3917580842972 -314.58616703748703
v -781.7488133907318 -471.6715008020401 -304.0778398513794
v -817.2867774963379 -428.43804955482483 -294.333253800869
v -850.2130746841431 -386.57191693782806 -286.18431836366653
v -881.3767194747925 -346.5558022260666 -280.3610295057297
v -911.5529596805573 -308.4440231323242 -277.43048816919327
v -941.3334012031555 -271.8841925263405 -277.7471736073494
v -971.0309326648712 -236.1888349056244 -281.4178615808487
v -1000.6110727787018 -200.44685006141663 -288.28236907720566
v -1029.657256603241 -163.66490572690964 -297.91370928287506
v -1057.3699057102203 -124.92318451404572 -309.63244587183
v -1082.613229751587 -83.52659791707993 -322.5430339574814
v -1103.9954245090485 -39.139142259955406 -335.5856388807297
v -1119.989937543869 8.120568888261914 -347.60635793209076
v -1129.511034488678 57.67357982695103 -357.8153371810913
v -1132.3789477348328 108.74879732728004 -366.1581814289093
v -1128.613668680191 160.57910174131393 -372.69575595855713
v -1118.4699714183807 212.48231083154678 -377.6411861181259
v -1102.3763537406921 263.9245167374611 -381.3208043575287
v -1080.86057305336 314.5508721470833 -384.1272711753845
v -1054.4720828533173 364.1810476779938 -386.4685505628586
v -1023.7102806568146 412.76928782463074 -388.716459274292
v -988.9717400074005 460.3422284126282 -391.1636620759964
v -950.5234003067017 506.92741572856903 -393.9940720796585
v -908.5038065910339 552.481147646904 -397.2687095403671
v -862.9479050636292 596.842834353447 -400.93058347702026
v -813.8341546058655 639.7109776735306 -404.825496673584
v -761.1339628696442 680.6524693965912 -408.7329626083374
v -704.8613548278809 719.1380023956299 -412.4030113220215
v -645.1077252626419 754.597008228302 -415.59307277202606
v -582.0658594369888 786.4750742912292 -418.09718906879425
v -516.0278022289276 814.2906248569489 -419.76747810840607
v -447.37482368946075 837.6769185066223 -420.52505910396576
v -376.5532433986664 856.4044415950775 -420.35958766937256
v -304.0440559387207 870.3822255134583 -419.319686293602
v -230.33840656280518 879.6484708786011 -417.501825094223
v -155.91424852609634 884.3388557434082 -415.0301367044449
v -81.21821135282516 884.6548438072205 -412.0386332273483
v -6.658576242625713 880.8216094970703 -408.6507111787796
v 67.39054210484028 873.0627775192261 -404.96923327445984
v 140.6225822865963 862.0041251182556 -401.32812559604645
v 212.845216691494 848.3703017234802 -398.1212109327316
v 283.9595392346382 832.729434967041 -395.65897583961487
v 353.9275139570236 815.4774010181427 -394.16748583316803
v 422.7372854948044 796.8291461467743 -393.78547966480255
v 490.3720200061798 776.8304646015167 -394.56928968429565
v 556.7770510911942 755.364739894867 -396.48919999599457
v 621.8335151672363 732.1829319000244 -399.43541288375854
v 685.3396773338318 706.9382905960083 -403.22479009628296
v 746.9924509525299 679.2277336120605 -407.6077103614807
v 806.3877463340759 648.6409723758698 -412.28174567222595
v 863.0241513252258 614.8093670606613 -416.905415058136
v 916.3195133209229 577.4563699960709 -421.1165487766266
v 965.6370520591736 536.4359200000763 -424.55026507377625
v 1010.317051410675 491.76680743694305 -426.85927152633667
v 1049.7177720069885 443.6528980731964 -427.7354449033737
v 1083.2620978355408 392.48700737953186 -426.93172097206116
v 1110.4847252368927 338.8390064239502 -424.2846816778183
v 1131.076717376709 283.4275782108307 -419.7350889444351
v 1144.924634695053 227.07020044326782 -413.34438920021057
v 1152.136880159378 170.61817348003387 -405.30594885349274
v 1153.0526876449585 114.88312482833862 -395.94815373420715
v 1148.2218205928802 60.55197790265083 -385.7186406850815
v 1168.1933045387268 8.120501087978482 -324.3729829788208
v 1149.68723654747 -42.83139072358608 -312.40636855363846
v 1123.838359117508 -90.15340730547905 -298.2776612043381
v 1093.0333197116852 -133.46227183938026 -283.55134278535843
v 1059.2316627502441 -173.0153203010559 -269.4903388619423
v 1023.849755525589 -209.48453098535538 -257.00499415397644
v 987.7407193183899 -243.72524321079254 -246.64873331785202
v 951.2370467185974 -276.56721621751785 -238.6414811015129
v 914.2614841461182 -308.6665630340576 -232.93120563030243
v 876.4573633670807 -340.4182106256485 -229.26353961229324
v 837.3359024524689 -371.94414138793945 -227.26782858371735
v 796.4009582996368 -403.1349450349808 -226.53386145830154
v 753.2439470291138 -433.7290287017822 -226.67802423238754
v 707.5993239879608 -463.40858340263367 -227.39153504371643
v 659.3604683876038 -491.88656210899353 -228.46737056970596
v 608.5625201463699 -518.9719617366791 -229.8074334859848
v 555.3450703620911 -544.6031808853149 -231.41335099935532
v 499.90555346012115 -568.8512355089188 -233.3662897348404
v 442.45039224624634 -591.8856650590897 -235.7956126332283
v 383.16090404987335 -613.9296293258667 -238.85040283203125
v 322.16778844594955 -635.1921856403351 -242.66540855169296
v 259.54764038324356 -655.8057963848114 -247.33527898788452
v 195.33147364854813 -675.7645726203918 -252.89005935192108
v 129.53047528862953 -694.8714673519135 -259.27457958459854
v 62.17125691473484 -712.6989126205444 -266.332046687603
v -6.658638594672084 -728.5708427429199 -273.7930029630661
v -76.81789547204971 -742.8868532180786 -281.9533869624138
v -148.17868173122406 -755.1537454128265 -290.6547009944916
v -220.34528404474258 -763.3579671382904 -298.9433243870735
v -292.64008700847626 -765.8338010311127 -306.0022830963135
v -364.1784131526947 -761.3475918769836 -311.1711636185646
v -433.9579999446869 -749.1629898548126 -313.9663755893707
v -500.9576976299286 -729.0764391422272 -314.1000971198082
v -564.2399251461029 -701.4220595359802 -311.4964887499809
v -623.0465978384018 -667.0255422592163 -306.29525780677795
v -676.8868029117584 -627.1302670240402 -298.8519877195358
v -725.5922019481659 -583.2614302635193 -289.71289694309235
v -769.3412840366364 -537.0759159326553 -279.58223670721054
v -808.6435973644257 -490.1834577322006 -269.26938742399216
v -844.2781090736389 -443.97841691970825 -259.6258044242859
v -877.201384305954 -399.4990289211273 -251.47851556539536
v -908.4246933460236 -357.32624530792236 -245.56020945310593
v -938.8832926750183 -317.54483580589294 -242.44881570339203
v -969.3041563034058 -279.76022213697433 -242.51456260681152
v -1000.0926911830902 -243.17921847105026 -245.88284194469452
v -1031.2440156936646 -206.73536509275436 -252.4103432893753
v -1062.2984826564789 -169.25531029701233 -261.6824194788933
v -1092.3327684402466 -129.64221015572548 -273.0227530002594
v -1120.0101613998413 -87.05915734171867 -285.527566075325
v -1143.6705231666565 -41.093650087714195 -298.11389446258545
v -1161.4770472049713 8.120571309700608 -309.5926374197006
v -1172.2782135009766 59.905996173620224 -319.26194578409195
v -1175.9891748428345 113.40266689658165 -327.15628147125244
v -1172.5814163684845 167.75210052728653 -333.2965075969696
v -1162.3071551322937 222.17937856912613 -337.8605902194977
v -1145.636808872223 276.07434689998627 -341.1508023738861
v -1123.170429468155 329.03450429439545 -343.54589581489563
v -1095.5437898635864 380.86390793323517 -345.44860422611237
v -1063.33749294281 431.5276503562927 -347.22985327243805
v -1027.0108759403229 481.07733726501465 -349.1822302341461
v -986.8630349636078 529.5605063438416 -351.4849603176117
v -943.0363118648529 576.9338428974152 -354.18914556503296
v -895.5461263656616 623.0061501264572 -357.2230339050293
v -844.3400979042053 667.4108803272247 -360.41379272937775
v -789.3610417842865 709.6222519874573 -363.5223001241684
v -730.6095778942108 749.0036010742188 -366.2841737270355
v -668.1864380836487 784.8804116249084 -368.44917237758636
v -602.3190051317215 816.6152060031891 -369.81358528137207
v -533.3583682775497 843.6830163002014 -370.2442139387131
v -461.7600291967392 865.7198905944824 -369.687283039093
v -388.05224895477295 882.5546622276306 -368.17045509815216
v -312.79410868883133 894.2098021507263 -365.79271852970123
v -236.54021471738815 900.8839070796967 -362.71016895771027
v -159.80871617794037 902.9180705547333 -359.1195821762085
v -83.05519223213196 900.753653049469 -355.240398645401
v -6.658576242625713 894.8792040348053 -351.29508078098297
v 69.04560998082161 885.0307285785675 -347.1043258905411
v 143.70877370238304 871.4427769184113 -342.73508191108704
v 217.1257585287094 855.2177429199219 -338.700732588768
v 289.2379269003868 837.2408270835876 -335.4167968034744
v 360.0874602794647 818.1534588336945 -333.1989139318466
v 429.7691434621811 798.3402788639069 -332.2609841823578
v 498.38248789310455 777.9282867908478 -332.71338641643524
v 565.9842133522034 756.8010985851288 -334.5623195171356
v 632.5478196144104 734.6333503723145 -337.7145677804947
v 697.9291439056396 710.9301388263702 -341.97939932346344
v 761.8413329124451 685.0955188274384 -347.083055973053
v 823.8482177257538 656.495189666748 -352.68064737319946
v 883.3688080310822 624.5343685150146 -358.37621986866
v 939.6992206573486 588.7284189462662 -363.74526619911194
v 992.0489430427551 548.7648010253906 -368.3586299419403
v 1039.5854651927948 504.55033779144287 -371.80656492710114
v 1081.4915418624878 456.243371963501 -373.7259715795517
v 1117.029196023941 404.2594611644745 -373.82616102695465
v 1145.6036448478699 349.2553383111954 -371.91403806209564
v 1166.8255984783173 292.09073036909103 -367.91878044605255
v 1180.5617809295654 233.75943452119827 -361.9091957807541
v 1186.9724333286285 175.30249506235123 -354.10770773887634
v 1186.5175902843475 117.70606711506844 -344.8889225721359
v 1179.9371659755707 61.791081354022026 -334.7684323787689
v 1192.8142607212067 8.120501087978482 -273.5485926270485
v 1172.0422685146332 -43.44690106809139 -262.237548828125
v 1143.6124861240387 -90.9401424229145 -248.9781379699707
v 1110.3195250034332 -134.01381745934486 -235.30435115098953
v 1074.4230329990387 -173.0673909187317 -222.44102954864502
v 1037.5279784202576 -208.97453725337982 -211.26295179128647
v 1000.5479216575623 -242.79808402061462 -202.2806540131569
v 963.7752175331116 -275.54507851600647 -195.67456245422363
v 927.008867263794 -307.98472464084625 -191.35041534900665
v 889.7270023822784 -340.55497348308563 -189.01858925819397
v 851.2634754180908 -373.35318624973297 -188.2790818810463
v 810.9609723091125 -406.1939001083374 -188.70008289813995
v 768.2837545871735 -438.7109160423279 -189.88414704799652
v 722.8801906108856 -470.4744577407837 -191.5143370628357
v 674.5997250080109 -501.09976828098297 -193.3808594942093
v 623.4670758247375 -530.3210705518723 -195.38410604000092
v 569.6374088525772 -558.0350756645203 -197.5263625383377
v 513.3340388536453 -584.2952102422714 -199.88649040460587
v 454.7930270433426 -609.2724859714508 -202.5894358754158
v 394.22110617160797 -633.1991672515869 -205.77699840068817
v 331.7674368619919 -656.2889218330383 -209.57437604665756
v 267.5198495388031 -678.663557767868 -214.06488567590714
v 201.5164479613304 -700.2796053886414 -219.26584541797638
v 133.77736881375313 -720.8753168582916 -225.11168271303177
v 64.34580571949482 -739.9227797985077 -231.4370036125183
v -6.658640410751104 -756.6118776798248 -237.96735256910324
v -79.06688898801804 -771.8013882637024 -245.15092819929123
v -152.79611349105835 -785.3475749492645 -253.01252603530884
v -227.4729534983635 -794.9328303337097 -260.63746213912964
v -302.39774882793427 -798.6258149147034 -267.240609228611
v -376.62662267684937 -794.9684739112854 -272.1797436475754
v -449.07006323337555 -783.0519735813141 -274.97478127479553
v -518.601655960083 -762.5572264194489 -275.32372027635574
v -584.1728210449219 -733.7679862976074 -273.12032729387283
v -644.9241608381271 -697.5324928760529 -268.46136301755905
v -700.2874314785004 -655.184668302536 -261.64906173944473
v -750.054544210434 -608.4013879299164 -253.17137241363525
v -794.4083273410797 -559.0292990207672 -243.67090612649918
v -833.9145839214325 -508.8904857635498 -233.9004009962082
v -869.454562664032 -459.5838725566864 -224.66156631708145
v -902.1240711212158 -412.3199850320816 -216.74220263957977
v -933.0977976322174 -367.80154407024384 -210.8505517244339
v -963.4767413139343 -326.16662979125977 -207.5542375445366
v -994.1382765769958 -287.0037913322449 -207.2292611002922
v -1025.5991578102112 -249.43489879369736 -210.0212961435318
v -1057.9116106033325 -212.2546374797821 -215.82021564245224
v -1090.5964612960815 -174.11488592624664 -224.249766767025
v -1122.633296251297 -133.74038860201836 -234.67785716056824
v -1152.5005221366882 -90.1407964527607 -246.23999446630478
v -1178.2860934734344 -42.811108753085136 -257.8905239701271
v -1197.8431820869446 8.120574336498976 -268.4649854898453
v -1209.9328637123108 61.896612495183945 -277.33944207429886
v -1214.5308077335358 117.57635548710823 -284.5885321497917
v -1211.5394592285156 174.20953512191772 -290.1915669441223
v -1201.1994898319244 230.92484027147293 -294.28842812776566
v -1184.0161859989166 287.0299234986305 -297.1467524766922
v -1160.664141178131 342.07032918930054 -299.120070040226
v -1131.872034072876 395.8343267440796 -300.5939319729805
v -1098.3113586902618 448.30171167850494 -301.9282415509224
v -1060.5100274085999 499.55423176288605 -303.40715944767
v -1018.8046395778656 549.6665835380554 -305.2027627825737
v -973.341178894043 598.6002564430237 -307.35819190740585
v -924.1135239601135 646.1353451013565 -309.79321002960205
v -871.0331857204437 691.8381214141846 -312.32638359069824
v -814.0105903148651 735.0857138633728 -314.712256193161
v -753.0283033847809 775.1273214817047 -316.6834622621536
v -688.1937980651855 811.1773908138275 -317.9915815591812
v -619.769674539566 842.5109624862671 -318.44132989645004
v -548.1669574975967 868.5561895370483 -317.91411489248276
v -473.91898334026337 888.9538466930389 -316.3775086402893
v -397.6391315460205 903.5953760147095 -313.88633251190186
v -319.9674367904663 912.622731924057 -310.57291328907013
v -241.52475595474243 916.4092421531677 -306.63431733846664
v -162.87015080451965 915.5162930488586 -302.3154005408287
v -84.46654230356216 910.6476128101349 -297.8948414325714
v -6.65857563726604 902.584183216095 -293.6667189002037
v 70.26160322129726 890.4890775680542 -289.22281712293625
v 145.89344412088394 874.1264283657074 -284.40370857715607
v 220.01232653856277 855.0317764282227 -279.8071011900902
v 292.6012083888054 834.4548940658569 -275.9234428405762
v 363.7912154197693 813.3278608322144 -273.13605695962906
v 433.79710018634796 792.2360837459564 -271.71610593795776
v 502.8533160686493 771.4172899723053 -271.82144820690155
v 571.1486965417862 750.7702827453613 -273.49336445331573
v 638.7681663036346 729.8946917057037 -276.65895968675613
v 705.6430339813232 708.1404089927673 -281.1336427927017
v 771.5143799781799 684.6968531608582 -286.634860932827
v 835.9213948249817 658.6813807487488 -292.7980810403824
v 898.2024252414703 629.2394369840622 -299.19649064540863
v 957.5252711772919 595.6471085548401 -305.36910593509674
v 1012.9321277141571 557.3931038379669 -310.8467683196068
v 1063.4009540081024 514.248064160347 -315.18112421035767
v 1107.9195499420166 466.3058251142502 -317.97408908605576
v 1145.5682337284088 413.9936834573746 -318.90533566474915
v 1175.6036043167114 358.05259943008423 -317.7602469921112
v 1197.5365698337555 299.48683083057404 -314.45455700159073
v 1211.2034022808075 239.47864025831223 -309.05629843473434
v 1216.8081998825073 179.27400320768356 -301.79672837257385
v 1214.9390041828156 120.05338072776794 -293.07395070791245
v 1206.5339386463165 62.787823006510735 -283.4348037838936
v 1212.6609146595001 8.120501087978482 -223.18375259637833
v 1189.6499633789062 -43.85915584862232 -212.9712477326393
v 1158.6877822875977 -91.32481217384338 -201.06712579727173
v 1122.969275712967 -133.96861404180527 -188.893061876297
v 1085.0680649280548 -172.33683317899704 -177.58534997701645
v 1046.770203113556 -207.5050339102745 -167.9408758878708
v 1009.0540289878845 -240.74815213680267 -160.415218770504
v 972.164398431778 -273.24881851673126 -155.1482990384102
v 935.7774972915649 -305.8923304080963 -152.02440097928047
v 899.2060244083405 -339.1620069742203 -150.74754729866982
v 861.6070866584778 -373.1338232755661 -150.92212334275246
v 822.1624314785004 -407.5515329837799 -152.1283581852913
v 780.2090883255005 -441.95021986961365 -153.98433282971382
v 735.308176279068 -475.79410672187805 -156.18740618228912
v 687.2621834278107 -508.6050271987915 -158.5386425256729
v 636.0815703868866 -540.0459557771683 -160.94369292259216
v 581.929212808609 -569.9683129787445 -163.40296417474747
v 525.0485330820084 -598.4034806489944 -165.9872204065323
v 465.6981408596039 -625.5147993564606 -168.8080996274948
v 404.10429537296295 -651.5299618244171 -171.98983132839203
v 340.4300659894943 -676.6497731208801 -175.63872635364532
v 274.7724458575249 -700.9637296199799 -179.81940805912018
v 207.17813968658447 -724.3712544441223 -184.53414291143417
v 137.68035992980003 -746.5204834938049 -189.7068589925766
v 66.34723618626595 -766.7668879032135 -195.171058177948
v -6.658641621470451 -784.1460764408112 -200.65829008817673
v -81.12978041172028 -800.0411748886108 -206.71539306640625
v -157.03016370534897 -814.7364795207977 -213.51508349180222
v -234.01630073785782 -825.626677274704 -220.22715657949448
v -311.37499064207077 -830.5218577384949 -226.1353701353073
v -388.1127655506134 -827.7433633804321 -230.64885437488556
v -463.0605936050415 -816.2027478218079 -233.31605941057205
v -534.992316365242 -795.4529166221619 -233.84027183055878
v -602.7498662471771 -765.7089710235596 -232.09571242332458
v -665.3691232204437 -727.818763256073 -228.1377837061882
v -722.1953690052032 -683.1829309463501 -222.20657616853714
v -772.9670882225037 -633.6070537567139 -214.71328884363174
v -817.8561449050903 -581.1132073402405 -206.21400028467178
v -857.465535402298 -527.7259856462479 -197.37179726362228
v -892.7605032920837 -475.246861577034 -188.90175968408585
v -924.9628484249115 -425.0696152448654 -181.51720464229584
v -955.3995966911316 -378.03345918655396 -175.86701959371567
v -985.3377223014832 -334.35636162757874 -172.48289436101913
v -1015.8118963241577 -293.63783597946167 -171.72951698303223
v -1047.4682748317719 -254.9431875348091 -173.76728355884552
v -1080.4389715194702 -216.95170551538467 -178.52606922388077
v -1114.261394739151 -178.15990895032883 -185.69327592849731
v -1147.8476405143738 -137.11921572685242 -194.71501410007477
v -1179.5307517051697 -92.68297776579857 -204.8193871974945
v -1207.1669220924377 -44.236570969223976 -215.05279392004013
v -1228.3311486244202 8.12057675793767 -224.34772849082947
v -1241.6564226150513 63.57756555080414 -232.14702755212784
v -1247.120350599289 121.12183570861816 -238.51882070302963
v -1244.5501387119293 179.71296161413193 -243.41218024492264
v -1234.16166305542 238.3800819516182 -246.92671447992325
v -1216.4970934391022 296.34717404842377 -249.29189831018448
v -1192.3090517520905 353.1079053878784 -250.82519203424454
v -1162.4253988265991 408.4376245737076 -251.88126862049103
v -1127.6151061058044 462.3368352651596 -252.79566198587418
v -1088.4812474250793 514.9261444807053 -253.8342460989952
v -1045.4010248184204 566.3162410259247 -255.1570102572441
v -998.525071144104 616.482600569725 -256.8011090159416
v -947.8222370147705 665.1823043823242 -258.68537575006485
v -893.165135383606 711.9203329086304 -260.63289046287537
v -834.4245195388794 755.9766471385956 -262.40623593330383
v -771.5599417686462 796.4868128299713 -263.7497082352638
v -704.6800374984741 832.5524568557739 -264.4287571310997
v -634.0775489807129 863.3582711219788 -264.2629951238632
v -560.2193295955658 888.2813453674316 -263.1488040089607
v -483.71325731277466 906.9640040397644 -261.0682263970375
v -405.2552342414856 919.3549513816833 -258.0897405743599
v -325.56471824645996 925.712913274765 -254.35933023691177
v -245.32753825187683 926.579749584198 -250.08843541145325
v -165.14386236667633 922.7371394634247 -245.54031491279602
v -85.48392429947853 915.1477694511414 -241.01629257202148
v -6.65857563726604 904.8955917358398 -236.8454322218895
v 71.08215130865574 890.5196845531464 -232.4717327952385
v 147.27707356214523 871.2816059589386 -227.581724524498
v 221.67465388774872 849.1726696491241 -222.802172601223
v 294.2973583936691 825.839376449585 -218.6554104089737
v 365.36631286144257 802.5270044803619 -215.55503904819489
v 435.22245585918427 780.0495445728302 -213.8037770986557
v 504.24442291259766 758.7762176990509 -213.58962506055832
v 572.7653652429581 738.6387586593628 -214.98187482357025
v 640.9956187009811 719.172328710556 -217.93130338191986
v 708.9568018913269 699.5777368545532 -222.27243930101395
v 776.4307916164398 678.825968503952 -227.73563116788864
v 842.941552400589 655.7744145393372 -233.96370708942413
v 907.7538967132568 629.2942970991135 -240.53252786397934
v 969.9106395244598 598.4039455652237 -246.9804897904396
v 1028.2852113246918 562.3730927705765 -252.83426940441132
v 1081.6625535488129 520.8172529935837 -257.64132887125015
v 1128.8268327713013 473.74669313430786 -260.99676489830017
v 1168.6660468578339 421.5851068496704 -262.5733733177185
v 1200.2741515636444 365.14543890953064 -262.1477425098419
v 1223.048460483551 305.569252371788 -259.62570756673813
v 1236.7755770683289 244.2232847213745 -255.06272912025452
v 1241.6902840137482 182.56225883960724 -248.6782282590866
v 1238.4953022003174 121.96861281991005 -240.8582791686058
v 1228.3263444900513 63.57617564499378 -232.14063495397568
v 1228.27450633049 8.120501087978482 -173.57726842164993
v 1203.1834423542023 -44.13346126675606 -164.94243741035461
v 1169.8646783828735 -91.46151691675186 -154.91495952010155
v 1131.904113292694 -133.59220623970032 -144.72742453217506
v 1092.1580374240875 -171.20629251003265 -135.35586595535278
v 1052.5925815105438 -205.57131171226501 -127.48325541615486
v 1014.2431139945984 -238.16009908914566 -121.49002030491829
v 977.3136556148529 -270.32230645418167 -117.48142540454865
v 941.3674175739288 -303.0546948313713 -115.34085422754288
v 905.5645287036896 -336.8874430656433 -114.79702815413475
v 868.8986778259277 -371.88315987586975 -115.49505144357681
v 830.4036140441895 -407.727774977684 -117.06288456916809
v 789.2978131771088 -443.872532248497 -119.16429623961449
v 745.0591742992401 -479.6912670135498 -121.53435200452805
v 697.4405169487 -514.621314406395 -123.99814650416374
v 646.4343249797821 -548.2643187046051 -126.47355422377586
v 592.2014206647873 -580.4240465164185 -128.95728200674057
v 534.9961519241333 -611.1055344343185 -131.5069116652012
v 475.09080469608307 -640.4545336961746 -134.2130921781063
v 412.72283494472504 -668.6774671077728 -137.17425018548965
v 348.0643391609192 -695.946741104126 -140.47227874398232
v 281.21903240680695 -722.3002851009369 -144.15032789111137
v 212.24318891763687 -747.5651502609253 -148.19777235388756
v 141.18656441569328 -771.2848663330078 -152.53493711352348
v 68.14801655709743 -792.6828682422638 -157.00495168566704
v -6.658642832189798 -810.6370806694031 -161.36426776647568
v -82.9797014594078 -827.0727217197418 -166.18052870035172
v -160.82378327846527 -842.7509367465973 -171.71649932861328
v -239.88063782453537 -854.806524515152 -177.2693619132042
v -319.4309815764427 -860.8130872249603 -182.23042488098145
v -398.44180941581726 -858.8881015777588 -186.09385937452316
v -475.6747007369995 -847.766762971878 -188.46469968557358
v -549.8134195804596 -826.8725752830505 -189.07461166381836
v -619.5969194173813 -796.3396668434143 -187.79419362545013
v -683.9591085910797 -756.9983780384064 -184.6453160047531
v -742.1556174755096 -710.2921962738037 -179.8042595386505
v -793.8610434532166 -658.1275105476379 -173.5929012298584
v -839.2234623432159 -602.6819109916687 -166.4614349603653
v -878.8609027862549 -546.157705783844 -158.95255357027054
v -913.8022243976593 -490.5509740114212 -151.66235715150833
v -945.37313580513 -437.43518590927124 -145.19207924604416
v -975.0359535217285 -387.79673874378204 -140.0969073176384
v -1004.2113065719604 -341.9511556625366 -136.84040158987045
v -1034.0892255306244 -299.5364412665367 -135.7521004974842
v -1065.454488992691 -259.59329903125763 -136.99390143156052
v -1098.5407948493958 -220.71777880191803 -140.5351586639881
v -1132.9313457012177 -181.27682358026505 -146.13905549049377
v -1167.5149142742157 -139.66751843690872 -153.36096733808517
v -1200.5176901817322 -94.59010288119316 -161.56204119324684
v -1229.6231508255005 -45.31284235417843 -169.94421929121017
v -1252.1606624126434 8.120577968657017 -177.59776711463928
v -1266.5932893753052 64.87679332494736 -184.0356558561325
v -1272.828358411789 123.88096824288368 -189.28806632757187
v -1270.6113278865814 184.00371223688126 -193.28659772872925
v -1260.142344236374 244.1785365343094 -196.1005225777626
v -1241.9994533061981 303.5483196377754 -197.91607856750488
v -1217.017102241516 361.5600436925888 -199.0037888288498
v -1186.1276805400848 417.98305213451385 -199.67183470726013
v -1150.201278924942 472.8474289178848 -200.2148762345314
v -1109.9192321300507 526.3227134943008 -200.867560505867
v -1065.7008171081543 578.5671710968018 -201.77122205495834
v -1017.7009284496307 629.5815765857697 -202.9576689004898
v -965.8619940280914 679.1125893592834 -204.353366792202
v -910.012537240982 726.6130030155182 -205.79935312271118
v -849.9793767929077 771.2772727012634 -207.08383917808533
v -785.6899082660675 812.1320962905884 -207.97880291938782
v -717.2457933425903 848.1713950634003 -208.27727913856506
v -644.9592620134354 878.4878075122833 -207.8213706612587
v -569.3424969911575 902.40278840065 -206.52295649051666
v -491.0678833723068 919.5509910583496 -204.37196344137192
v -410.9045088291168 929.9240469932556 -201.43578499555588
v -329.64412569999695 933.8787019252777 -197.85271435976028
v -248.03288578987122 932.1023344993591 -193.82041841745377
v -166.71084314584732 925.5723536014557 -189.58665877580643
v -86.15841120481491 915.4891729354858 -185.4376882314682
v -6.65857563726604 903.2136797904968 -181.69121891260147
v 71.57227471470833 886.675214767456 -177.7498334646225
v 148.00640121102333 864.6443843841553 -173.23355972766876
v 222.35961109399796 839.5646333694458 -168.73483657836914
v 294.68668699264526 813.4739220142365 -164.75091129541397
v 365.29266238212585 787.9345238208771 -161.68048828840256
v 434.6405357122421 764.0003263950348 -159.82296392321587
v 503.25078070163727 742.1842098236084 -159.37184020876884
v 571.6025322675705 722.4697470664978 -160.41209995746613
v 640.0361865758896 704.3448328971863 -162.91728168725967
v 708.671498298645 686.878627538681 -166.75224006175995
v 777.343887090683 668.8425123691559 -171.6831997036934
v 845.5734431743622 648.8415837287903 -177.3904338479042
v 912.5690340995789 625.4834562540054 -183.492149412632
v 977.2602677345276 597.5265711545944 -189.56670612096786
v 1038.367074728012 564.018702507019 -195.18043398857117
v 1094.4907546043396 524.4081109762192 -199.91620630025864
v 1144.2199766635895 478.60812842845917 -203.39922308921814
v 1186.2524330615997 427.019202709198 -205.3231045603752
v 1219.515484571457 370.5054968595505 -205.47451227903366
v 1243.2817697525024 310.3246673941612 -203.75556200742722
v 1257.2719514369965 248.01010489463806 -200.20342767238617
v 1261.72856092453 185.211680829525 -195.00384330749512
v 1257.4430406093597 123.50771799683571 -188.49507421255112
v 1245.7185506820679 64.19729888439178 -181.1550348997116
v 1240.3054535388947 8.120501087978482 -124.79974925518036
v 1213.4385645389557 -44.34521123766899 -118.21037530899048
v 1178.104156255722 -91.53139963746071 -110.57668328285217
v 1138.2139563560486 -133.1930659711361 -102.85355299711227
v 1096.8787968158722 -170.12596279382706 -95.79776152968407
v 1056.215751171112 -203.7591651082039 -89.93462547659874
v 1017.3145830631256 -235.7351154088974 -85.55301278829575
v 980.3480863571167 -267.5480544567108 -82.72710666060448
v 944.7878837585449 -300.2939060330391 -81.35894536972046
v 909.6681892871857 -334.5493406057358 -81.23162128031254
v 873.8497257232666 -370.376056432724 -82.06546306610107
v 836.2430393695831 -407.4216663837433 -83.56906026601791
v 795.9644794464111 -445.076122879982 -85.4797787964344
v 752.4184107780457 -482.6445698738098 -87.59106993675232
v 705.3113162517548 -519.5010751485825 -89.76665511727333
v 654.6091020107269 -555.1907181739807 -91.94037094712257
v 600.4641443490982 -589.477476477623 -94.10730674862862
v 543.1294351816177 -622.3322927951813 -96.30726128816605
v 482.8804761171341 -653.8722097873688 -98.60469326376915
v 419.95809376239777 -684.2706799507141 -101.06845870614052
v 354.53822016716003 -713.6570274829865 -103.75365987420082
v 286.7296651005745 -742.0094788074493 -106.68463706970215
v 216.59784615039825 -769.0700054168701 -109.84281301498413
v 144.2119002342224 -794.2788481712341 -113.15717175602913
v 69.70394104719162 -816.7281031608582 -116.49622917175293
v -6.658644042909145 -835.1443648338318 -119.66226994991302
v -84.57290157675743 -851.9644141197205 -123.15556332468987
v -164.08530622720718 -868.4158623218536 -127.25188210606575
v -244.91703659296036 -881.4166247844696 -131.4154975116253
v -326.3478696346283 -888.34627866745 -135.18163859844208
v -407.3134571313858 -887.1409058570862 -138.15973699092865
v -486.52022778987885 -876.3865411281586 -140.04174694418907
v -562.5746339559555 -855.3833305835724 -140.61115309596062
v -634.1257840394974 -824.1858243942261 -139.7545836865902
v -700.0151455402374 -783.5951507091522 -137.47201934456825
v -759.4133853912354 -735.0781202316284 -133.88007655739784
v -811.930787563324 -680.6192278862 -129.2075715959072
v -857.6779246330261 -622.5140362977982 -123.78172799944878
v -897.2749173641205 -563.1206393241882 -118.00535693764687
v -931.7891359329224 -504.6010136604309 -112.32505887746811
v -962.622457742691 -448.69270622730255 -107.19692632555962
v -991.3476943969727 -396.5264707803726 -103.04836258292198
v -1019.5164263248444 -348.5241800546646 -100.24218633770943
v -1048.459631204605 -304.3825924396515 -99.04462993144989
v -1079.0973782539368 -263.14766108989716 -99.59856793284416
v -1111.7761075496674 -223.36729764938354 -101.90301239490509
v -1146.1510837078094 -183.31393152475357 -105.80025017261505
v -1181.1270415782928 -141.258355230093 -110.97208485007286
v -1214.8811221122742 -95.7651786506176 -116.94822460412979
v -1244.976156949997 -45.982781797647476 -123.12964424490929
v -1268.5711979866028 8.120579179376364 -128.827715665102
v -1283.904367685318 65.72272293269634 -133.63973423838615
v -1290.7298028469086 125.69458708167076 -137.54843026399612
v -1288.7335300445557 186.82360351085663 -140.48984870314598
v -1278.1045377254486 247.9552060365677 -142.50894114375114
v -1259.4668209552765 308.1622451543808 -143.74683871865273
v -1233.7389767169952 366.8559044599533 -144.41449716687202
v -1201.957380771637 423.81019592285156 -144.75563913583755
v -1165.0923907756805 479.0952831506729 -145.00505700707436
v -1123.9015102386475 532.9405248165131 -145.35078033804893
v -1078.8451611995697 585.5640441179276 -145.90656831860542
v -1030.0818800926208 637.0064437389374 -146.69876620173454
v -977.5255799293518 687.0195746421814 -147.6690076291561
v -920.9587574005127 735.0228726863861 -148.69064167141914
v -860.1572453975677 780.1410555839539 -149.59420636296272
v -795.0087666511536 821.3081479072571 -150.1976676285267
v -725.5938291549683 857.4167966842651 -150.33513754606247
v -652.229505777359 887.4717712402344 -149.88057538866997
v -575.4559904336929 910.7319951057434 -148.76337200403214
v -495.99258601665497 926.8074810504913 -146.97555601596832
v -414.66583609580994 935.7083797454834 -144.57086399197578
v -332.3269248008728 937.8539681434631 -141.65982976555824
v -249.77477192878723 934.0406477451324 -138.40169683098793
v -167.68676042556763 925.3908038139343 -134.9960595369339
v -86.55873313546181 913.2949233055115 -131.67704194784164
v -6.658575031906366 899.3399202823639 -128.7073217332363
v 71.81574553251266 880.919086933136 -125.55833756923676
v 148.26868176460266 856.3927412033081 -121.87838032841682
v 222.37979620695114 828.609424829483 -118.1569293141365
v 294.22583878040314 799.9582648277283 -114.80664610862732
v 364.1824424266815 772.2999334335327 -112.16300651431084
v 432.8172504901886 746.9088435173035 -110.48077493906021
v 500.77820122241974 724.4473457336426 -109.9310502409935
v 568.6782479286194 704.9627065658569 -110.5970524251461
v 636.9810670614243 687.9211246967316 -112.47084885835648
v 705.9052467346191 672.2925007343292 -115.45553356409073
v 775.3457546234131 656.6800713539124 -119.37167793512344
v 844.8373258113861 639.4793719053268 -123.96920546889305
v 913.5501623153687 619.0596699714661 -128.9436735212803
v 980.3301095962524 593.9473360776901 -133.957339823246
v 1043.771106004715 562.9816681146622 -138.66006433963776
v 1102.3175418376923 525.4454165697098 -142.71250665187836
v 1154.3863773345947 481.14529252052307 -145.80785110592842
v 1198.502278327942 430.4399400949478 -147.6925440132618
v 1233.4346890449524 374.21614825725555 -148.1856845319271
v 1258.3287835121155 313.8151228427887 -147.1973791718483
v 1272.8245615959167 250.90287178754807 -144.74478140473366
v 1277.1449506282806 187.29423433542252 -140.9640535712242
v 1272.1326887607574 124.74168315529823 -136.11439615488052
v 1259.2178583145142 64.70063850283623 -130.57016357779503
v 1249.5020389556885 8.120501087978482 -76.65272429585457
v 1221.3172674179077 -44.57841031253338 -72.51149751245975
v 1184.4651401042938 -91.73140078783035 -67.7181288599968
v 1143.1065022945404 -133.10905173420906 -62.87975050508976
v 1100.5385398864746 -169.5873185992241 -58.47630128264427
v 1058.992463350296 -202.71075963974 -54.83972169458866
v 1019.6055352687836 -234.2465505003929 -52.15199254453182
v 982.5344324111938 -265.79731553792953 -50.45811869204044
v 947.1918106079102 -298.5380917787552 -49.69431944191456
v 912.5285089015961 -333.08969736099243 -49.7219480574131
v 877.3134291172028 -369.5253372192383 -50.363193452358246
v 840.3705656528473 -407.47838616371155 -51.433295011520386
v 800.7414937019348 -446.3068336248398 -52.76572071015835
v 757.7726185321808 -485.27599573135376 -54.22944650053978
v 711.1271858215332 -523.716276884079 -55.73703423142433
v 660.7434391975403 -561.1333161592484 -57.245077192783356
v 606.7552357912064 -597.2530841827393 -58.747851103544235
v 549.4043320417404 -632.0098727941513 -60.26700846850872
v 488.96049559116364 -665.4864370822906 -61.83958277106285
v 425.66098868846893 -697.8151619434357 -63.50457854568958
v 359.6809297800064 -729.074501991272 -65.29177464544773
v 291.13236367702484 -759.1797649860382 -67.21132658421993
v 220.09072303771973 -787.7980709075928 -69.24643442034721
v 146.64376080036163 -814.2748951911926 -71.34670317173004
v 70.95533572137356 -837.594085931778 -73.42374064028263
v -6.658645253628492 -856.3560903072357 -75.34714750945568
v -85.84980368614197 -873.4095275402069 -77.46261805295944
v -166.69052243232727 -890.3722286224365 -79.97928224503994
v -248.92573803663254 -904.0076017379761 -82.56130591034889
v -331.83469474315643 -911.5488529205322 -84.91622284054756
v -414.3315225839615 -910.8036696910858 -86.7973804473877
v -495.0794905424118 -900.2372086048126 -88.00720870494843
v -572.6269364356995 -879.0569424629211 -88.40453773736954
v -645.5531150102615 -847.2521781921387 -87.91128098964691
v -712.6250684261322 -805.5947542190552 -86.51930242776871
v -772.9422152042389 -755.5602371692657 -84.2929057776928
v -826.0572671890259 -699.1855800151825 -81.36739134788513
v -872.0436811447144 -638.8546407222748 -77.94075533747673
v -911.5093350410461 -577.0386040210724 -74.25944209098816
v -945.5413579940796 -516.0323739051819 -70.6001590937376
v -975.5892813205719 -457.70537853240967 -67.24757552146912
v -1003.303325176239 -403.31262052059174 -64.47182707488537
v -1030.332237482071 -353.3748060464859 -62.50521205365658
v -1058.1213653087616 -307.65705555677414 -61.52298450469971
v -1087.7071619033813 -265.2330815792084 -61.62554211914539
v -1119.5446252822876 -224.6359571814537 -62.825069576501846
v -1153.3761143684387 -184.08298045396805 -65.03652594983578
v -1188.1548702716827 -141.75625145435333 -68.07353310286999
v -1222.06392288208 -96.11346870660782 -71.65317498147488
v -1252.6200771331787 -46.19487561285496 -75.4089716821909
v -1276.8856048583984 8.120579784736037 -78.91430929303169
v -1292.8344011306763 66.0504162311554 -81.88745826482773
v -1299.998527765274 126.4192946255207 -84.28318127989769
v -1298.0299949645996 187.93975114822388 -86.05793118476868
v -1287.1312737464905 249.3850365281105 -87.23940923810005
v -1267.9792821407318 309.77618247270584 -87.91875839233398
v -1241.577386856079 368.50500106811523 -88.23351636528969
v -1209.0599060058594 425.3643333911896 -88.34370151162148
v -1171.4892506599426 480.47534823417664 -88.40414062142372
v -1129.6925067901611 534.1378778219223 -88.53950873017311
v -1084.1669023036957 586.6417199373245 -88.82599398493767
v -1035.0724458694458 638.0831122398376 -89.28244486451149
v -982.2950005531311 688.2402122020721 -89.87194895744324
v -925.5686342716217 736.5221500396729 -90.5123420059681
v -864.6139323711395 782.0090889930725 -91.09289646148682
v -799.2678642272949 823.5634565353394 -91.4938673377037
v -729.5752167701721 859.9928200244904 -91.60552471876144
v -655.8367908000946 890.2174115180969 -91.3435347378254
v -578.59708070755 913.424015045166 -90.65913930535316
v -498.5979378223419 929.1752219200134 -89.54413458704948
v -416.7013555765152 937.4642908573151 -88.03044483065605
v -333.8003993034363 938.7263059616089 -86.18702292442322
v -250.73534697294235 933.8044703006744 -84.11448448896408
v -168.21887642145157 923.9040017127991 -81.94076865911484
v -86.76927238702774 910.526579618454 -79.81679402291775
v -6.658575031906366 895.4060316085815 -77.91422605514526
v 71.911745890975 875.5502343177795 -75.87253674864769
v 148.28297793865204 849.0503191947937 -73.44926744699478
v 222.0982700586319 819.0715909004211 -70.96882313489914
v 293.4445470571518 788.2851481437683 -68.70614364743233
v 362.74484395980835 758.7856709957123 -66.88583679497242
v 430.64554929733276 732.0405125617981 -65.68154394626617
v 497.8923887014389 708.8426649570465 -65.21230302751064
v 565.2052462100983 689.3095970153809 -65.54033048450947
v 633.1517070531845 672.9147136211395 -66.66845455765724
v 702.0400881767273 658.5735201835632 -68.54118071496487
v 771.8278110027313 644.7770923376083 -71.04782983660698
v 842.0775830745697 629.7673881053925 -74.03031103312969
v 911.9504630565643 611.7360383272171 -77.29390673339367
v 980.2418529987335 589.0218198299408 -80.61994165182114
v 1045.46200633049 560.2908879518509 -83.78048092126846
v 1105.940866470337 524.6774911880493 -86.55245676636696
v 1159.9642872810364 481.88226222991943 -88.73290419578552
v 1205.9160649776459 432.20321238040924 -90.15143141150475
v 1242.4291133880615 376.51907205581665 -90.683663636446
v 1268.5296654701233 316.2128120660782 -90.26312753558159
v 1283.7690770626068 253.03621739149094 -88.8918861746788
v 1288.3255660533905 188.92382383346558 -86.64927557110786
v 1283.0489218235016 125.76373368501663 -83.69451984763145
v 1269.4326877593994 65.14380052685738 -80.26285693049431
v 1256.6886365413666 8.120501087978482 -28.625383786857128
v 1227.776426076889 -44.920990616083145 -27.210566215217113
v 1190.0553703308105 -92.26530864834785 -25.572407245635986
v 1147.8126168251038 -133.6814120411873 -23.918944783508778
v 1104.4569313526154 -170.08210569620132 -22.415311262011528
v 1062.2871696949005 -203.06895822286606 -21.1753748357296
v 1022.4701941013336 -234.4717636704445 -20.261442754417658
v 985.1689577102661 -265.95482528209686 -19.689319748431444
v 949.7774422168732 -298.7430810928345 -19.437496177852154
v 915.2146399021149 -333.49436819553375 -19.459019135683775
v 880.2106320858002 -370.30484676361084 -19.693543948233128
v 843.5482680797577 -408.8182359933853 -20.07828876376152
v 804.2300701141357 -448.39264154434204 -20.556568913161755
v 761.5658700466156 -488.28411996364594 -21.08352966606617
v 715.1863694190979 -527.8059124946594 -21.628869138658047
v 665.0012195110321 -566.4394050836563 -22.176976315677166
v 611.1218065023422 -603.8827121257782 -22.724906727671623
v 553.7712126970291 -640.0365352630615 -23.278825357556343
v 493.20483207702637 -674.9426782131195 -23.849887773394585
v 429.65268194675446 -708.6941242218018 -24.45012368261814
v 363.2863163948059 -741.3219451904297 -25.08825995028019
v 294.2204147577286 -772.6907730102539 -25.766446813941002
v 222.53912687301636 -802.4112403392792 -26.477647572755814
v 148.34629371762276 -829.7679960727692 -27.203483507037163
v 71.83006592094898 -853.674066066742 -27.91247107088566
v -6.658645858988166 -872.6531863212585 -28.558784537017345
v -86.73791959881783 -889.7935628890991 -29.266471788287163
v -168.4891477227211 -906.9516837596893 -30.11408429592848
v -251.66645795106888 -920.8099067211151 -30.987146124243736
v -335.5460822582245 -928.5278260707855 -31.785843148827553
v -419.02593672275543 -927.8392851352692 -32.42548797279596
v -500.74240267276764 -917.1462118625641 -32.837900146842
v -579.2069345712662 -895.6038534641266 -32.973771914839745
v -652.9546976089478 -863.1647884845734 -32.80498310923576
v -720.7061648368835 -820.5860555171967 -32.327172718942165
v -781.5140306949615 -769.3486452102661 -31.560445949435234
v -834.8921477794647 -711.521977186203 -30.549313686788082
v -880.8838307857513 -649.540314078331 -29.359648749232292
v -920.0832426548004 -585.9464764595032 -28.0743345618248
v -953.579992055893 -523.1169611215591 -26.78689919412136
v -982.84592628479 -463.00968527793884 -25.594238936901093
v -1009.5700085163116 -406.963375210762 -24.588806740939617
v -1035.4586362838745 -355.5751770734787 -23.85104037821293
v -1062.0293736457825 -308.670611679554 -23.442713171243668
v -1090.4016613960266 -265.3620570898056 -23.400853760540485
v -1121.1183667182922 -224.19533282518387 -23.733145371079445
v -1154.0043711662292 -183.37099999189377 -24.414509162306786
v -1188.0874574184418 -141.02776646614075 -25.385726429522038
v -1221.6018736362457 -95.55514305830002 -26.554450765252113
v -1252.0824015140533 -45.9085937589407 -27.79904119670391
v -1276.5880584716797 8.120579179376364 -28.977177664637566
v -1292.8068935871124 65.81000126898289 -29.979941435158253
v -1300 125.94460546970367 -30.77787086367607
v -1297.8329479694366 187.175951898098 -31.357028149068356
v -1286.5430772304535 248.22687208652496 -31.72803856432438
v -1266.8716967105865 308.0910161137581 -31.92407824099064
v -1239.9033784866333 366.1631017923355 -31.994728557765484
v -1206.8575203418732 422.2703158855438 -31.997493840754032
v -1168.8741743564606 476.5958935022354 -31.98817614465952
v -1126.8377661705017 529.5191675424576 -32.01196677982807
v -1081.2754333019257 581.4131945371628 -32.096889056265354
v -1032.3470294475555 632.4466228485107 -32.250599563121796
v -979.9106001853943 682.4472784996033 -32.46078286319971
v -923.6517071723938 730.8435082435608 -32.69881997257471
v -863.2316589355469 776.7021477222443 -32.925563491880894
v -798.4259009361267 818.8422322273254 -33.09820480644703
v -729.2249798774719 856.0050010681152 -33.17694999277592
v -655.8884739875793 887.0308756828308 -33.13051890581846
v -578.9366632699966 911.0259771347046 -32.93990567326546
v -499.10330176353455 927.4751782417297 -32.600003480911255
v -417.25844144821167 936.3094389438629 -32.119800709187984
v -334.31486785411835 937.9181265830994 -31.521221064031124
v -251.1408895254135 933.1191837787628 -30.837387405335903
v -168.48118603229523 923.1104671955109 -30.11098001152277
v -86.88676059246063 909.4123303890228 -29.39309123903513
v -6.658575031906366 893.7939345836639 -28.74209713190794
v 71.97044156491756 873.100745677948 -28.031894005835056
v 148.28918650746346 845.360666513443 -27.179034240543842
v 221.90875858068466 813.9296174049377 -26.297783106565475
v 292.91157871484756 781.6491663455963 -25.4851458594203
v 361.7412060499191 750.768655538559 -24.820988811552525
v 429.084050655365 722.8828251361847 -24.367542937397957
v 495.74265480041504 698.8871812820435 -24.16841834783554
v 562.5043153762817 678.9703249931335 -24.247664771974087
v 630.007866024971 662.6378953456879 -24.60873518139124
v 698.6311674118042 648.8046228885651 -25.234878063201904
v 768.3894455432892 635.9198182821274 -26.089817844331264
v 838.8891875743866 622.1544623374939 -27.12060734629631
v 909.3070268630981 605.5956184864044 -28.260613419115543
v 978.4347236156464 584.4704836606979 -29.434710927307606
v 1044.747817516327 557.3221266269684 -30.563505738973618
v 1106.5192222595215 523.1713175773621 -31.568758748471737
v 1161.9556784629822 481.6205531358719 -32.37842004746199
v 1209.34699177742 432.89605379104614 -32.931164279580116
v 1247.2251117229462 377.8367221355438 -33.18112455308437
v 1274.517321586609 317.82105416059494 -33.10212753713131
v 1290.6884253025055 254.63177114725113 -32.69162345677614
v 1295.8500802516937 190.2641773223877 -31.973724998533726
v 1290.8134877681732 126.69007927179337 -31.000403501093388
v 1277.0759880542755 65.59281274676323 -29.850677773356438
v 1262.1538817882538 8.120501087978482 20.114396046847105
v 1233.226329088211 -45.41081376373768 18.699330277740955
v 1195.4502582550049 -93.23892071843147 17.059948481619358
v 1153.1036734580994 -135.12332066893578 15.403748583048582
v 1109.5892190933228 -171.96460962295532 13.895425945520401
v 1067.2055959701538 -205.35198748111725 12.64869375154376
v 1027.1285772323608 -237.1065989136696 11.726135294884443
v 989.5374655723572 -268.89146864414215 11.144272051751614
v 953.8484811782837 -301.9403100013733 10.882704611867666
v 919.0040171146393 -336.9298666715622 10.895807016640902
v 883.7545335292816 -373.9831864833832 11.12458212301135
v 846.8956649303436 -412.77428567409515 11.507394630461931
v 807.4328780174255 -452.6892811059952 11.98830809444189
v 764.6691083908081 -493.0049568414688 12.522726878523827
v 718.2192504405975 -533.0431550741196 13.080076687037945
v 667.9716467857361 -572.279953956604 13.643978908658028
v 614.0146315097809 -610.3947162628174 14.210369158536196
v 556.5504431724548 -647.2585827112198 14.784072153270245
v 495.81835865974426 -682.8770160675049 15.374871715903282
v 432.0392906665802 -717.3055350780487 15.993540827184916
v 365.3828561306 -750.5398392677307 16.647780872881413
v 295.9682673215866 -782.4155807495117 17.338991444557905
v 223.88924360275269 -812.5220060348511 18.059653975069523
v 149.26247894763947 -840.1284992694855 18.7910882756114
v 72.29086086153984 -864.1370058059692 19.501602556556463
v -6.658645858988166 -883.0629706382751 20.145154371857643
v -87.187609821558 -900.0043630599976 20.846151188015938
v -169.3642556667328 -916.8477356433868 21.684177219867706
v -252.9327154159546 -930.2927255630493 22.545231133699417
v -337.16065883636475 -937.5114023685455 23.32975547760725
v -420.93833088874817 -936.2474501132965 23.953162133693695
v -502.8942286968231 -924.9103903770447 24.347234331071377
v -581.5321743488312 -902.6629865169525 24.462565034627914
v -655.3792357444763 -869.4651782512665 24.270883947610855
v -723.1479048728943 -826.0826826095581 23.767641186714172
v -783.8823139667511 -774.0054786205292 22.972709499299526
v -837.0879471302032 -715.3139114379883 21.93034067749977
v -882.7992081642151 -652.4542152881622 20.706107281148434
v -921.601814031601 -587.983700633049 19.38258884474635
v -954.5779347419739 -524.2964535951614 18.053037393838167
v -983.1947684288025 -463.37170004844666 16.81419061496854
v -1009.1407358646393 -406.5742790699005 15.75854867696762
v -1034.1299831867218 -354.53171133995056 14.966917410492897
v -1059.6977412700653 -307.1031853556633 14.501898270100355
v -1086.9943678379059 -263.4348824620247 14.401904959231615
v -1116.6085243225098 -222.10197001695633 14.676614757627249
v -1148.4253764152527 -181.3246324658394 15.30356639996171
v -1181.5448462963104 -139.2448030412197 16.22664788737893
v -1214.2802953720093 -94.23381239175797 17.35693672671914
v -1244.244921207428 -45.204173028469086 18.5762376524508
v -1268.5665488243103 8.12057857401669 19.74537242203951
v -1284.6655130386353 65.07827155292034 20.740864612162113
v -1291.527909040451 124.41565096378326 21.51838131248951
v -1288.876336812973 184.73510295152664 22.06659745424986
v -1277.014696598053 244.73196119070053 22.3991796374321
v -1256.7591488361359 303.3970668911934 22.552694007754326
v -1229.2696595191956 360.14855802059174 22.580380737781525
v -1195.8387732505798 414.8631542921066 22.543548233807087
v -1157.6697707176208 467.7963852882385 22.501725144684315
v -1115.6947314739227 519.4168865680695 22.50351458787918
v -1070.4672157764435 570.1951146125793 22.579770535230637
v -1022.1493244171143 620.39475440979 22.740142419934273
v -970.5763220787048 669.9251472949982 22.97332212328911
v -915.3889060020447 718.2734131813049 23.250598646700382
v -856.1853110790253 764.5341277122498 23.531657457351685
v -792.6679134368896 807.5203597545624 23.771542124450207
v -724.7504711151123 845.9324359893799 23.927543312311172
v -652.6208877563477 878.5399556159973 23.96492063999176
v -576.7387330532074 904.3534219264984 23.860922269523144
v -497.7927803993225 922.7465152740479 23.60664214938879
v -416.62650406360626 933.5309445858002 23.207412287592888
v -334.14548337459564 936.975508928299 22.681725211441517
v -251.22945606708527 933.7822318077087 22.059555910527706
v -168.6518296599388 925.0400245189667 21.380661986768246
v -87.0081715285778 912.1690511703491 20.69334387779236
v -6.658575031906366 896.8475043773651 20.053253509104252
v 72.09901511669159 876.0203421115875 19.33824745938182
v 148.51338267326355 847.8958547115326 18.471549171954393
v 222.16831743717194 815.8734321594238 17.568730283528566
v 293.1259050965309 782.841831445694 16.72812420874834
v 361.8173360824585 751.1036276817322 16.03107675909996
v 428.9262890815735 722.3136126995087 15.541549026966095
v 495.2634811401367 697.4325358867645 15.305181499570608
v 561.6368979215622 676.7161786556244 15.348343644291162
v 628.7181109189987 659.734570980072 15.67699946463108
v 696.9282567501068 645.4561799764633 16.27694359049201
v 766.3325786590576 632.3678970336914 17.114263772964478
v 836.5894019603729 618.6559289693832 18.137964513152838
v 906.9229364395142 602.3973822593689 19.282729923725128
v 976.1617481708527 581.7842364311218 20.473954267799854
v 1042.8020656108856 555.3026467561722 21.631871722638607
v 1105.118042230606 521.9009727239609 22.676971927285194
v 1161.2964272499084 481.102791428566 23.5351225361228
v 1209.5870435237885 433.0574184656143 24.142257124185562
v 1248.4657406806946 378.53847444057465 24.449356086552143
v 1276.792311668396 318.87695640325546 24.426875449717045
v 1293.9574837684631 255.83082884550095 24.06892143189907
v 1300 191.39510542154312 23.39643705636263
v 1295.662099123001 127.5650903582573 22.458509728312492
v 1282.3798298835754 66.06949232518673 21.331610903143883
v 1262.8005027770996 8.120501087978482 69.98777724802494
v 1234.7188651561737 -45.78292593359947 65.86740389466286
v 1198.0868756771088 -94.18970346450806 61.122556030750275
v 1156.9622457027435 -136.88496574759483 56.34458288550377
v 1114.5518898963928 -174.7273549437523 51.999374106526375
v 1073.0240225791931 -209.22379046678543 48.4087485820055
v 1033.4914982318878 -242.10059344768524 45.75012028217316
v 996.125328540802 -274.933597445488 44.070034101605415
v 960.3834211826324 -308.89832377433777 43.311576545238495
v 925.2777516841888 -344.64817345142365 43.34663897752762
v 889.6371960639954 -382.3164224624634 44.0092995762825
v 852.3298382759094 -421.6119945049286 45.12571357190609
v 812.4138355255127 -461.96552217006683 46.537092700600624
v 769.2225754261017 -502.6946246623993 48.11565279960632
v 722.3790884017944 -543.1465208530426 49.772071838378906
v 671.7630386352539 -582.8006595373154 51.456255093216896
v 617.4435824155807 -621.3131964206696 53.15191596746445
v 559.6035867929459 -658.5133135318756 54.867834597826004
v 498.4701246023178 -694.356495141983 56.62749409675598
v 434.260156750679 -728.8423538208008 58.457234874367714
v 367.1527922153473 -761.9259476661682 60.376278311014175
v 297.2864016890526 -793.4203028678894 62.38689571619034
v 224.78029429912567 -822.9175329208374 64.4672118127346
v 149.77783858776093 -849.7162342071533 66.56411476433277
v 72.50474654138088 -872.77592420578 68.58807913959026
v -6.658645858988166 -890.6908512115479 70.40832787752151
v -87.30219230055809 -906.3882827758789 72.37852662801743
v -169.45566982030869 -921.6414093971252 74.72341880202293
v -252.8393641114235 -933.3160758018494 77.11628451943398
v -336.71933710575104 -938.7263059616089 79.27109375596046
v -420.00357806682587 -935.7418537139893 80.94546049833298
v -501.3536900281906 -922.8753745555878 81.94441050291061
v -579.31789457798 -899.369752407074 82.12807178497314
v -652.4752140045166 -865.2397871017456 81.41839653253555
v -719.5903658866882 -821.274209022522 79.80624623596668
v -779.7560274600983 -768.9578831195831 77.35365331172943
v -832.5123190879822 -710.3324890136719 74.19251352548599
v -877.9135584831238 -647.7842479944229 70.51633857190609
v -916.5422856807709 -583.790311217308 66.5664054453373
v -949.4572699069977 -520.6603437662125 62.61420585215092
v -978.082549571991 -460.2931022644043 58.93998742103577
v -1004.0526151657104 -403.99186313152313 55.81141114234924
v -1029.0197014808655 -352.34393179416656 53.46129834651947
v -1054.462319612503 -305.1973968744278 52.069731429219246
v -1081.48712515831 -261.71496361494064 51.74686647951603
v -1110.6611609458923 -220.5124795436859 52.52017714083195
v -1141.8797433376312 -179.86619025468826 54.3250884860754
v -1174.2834746837616 -137.97609508037567 56.99996463954449
v -1206.2609553337097 -93.26149821281433 60.28906777501106
v -1235.5337083339691 -44.65917982161045 63.853275403380394
v -1259.3442380428314 8.120577363297343 67.29091927409172
v -1274.9156773090363 64.43990767002106 70.19767239689827
v -1281.0063898563385 122.99177721142769 72.40224219858646
v -1277.4201810359955 182.32325315475464 73.88140223920345
v -1264.5500600337982 241.10239893198013 74.68793019652367
v -1243.2930052280426 298.31754714250565 74.94231685996056
v -1214.8878633975983 353.40905487537384 74.81514289975166
v -1180.701333284378 406.30075335502625 74.5014987885952
v -1142.006665468216 457.3207765817642 74.19169507920742
v -1099.7973084449768 507.03492760658264 74.04361926019192
v -1054.6767234802246 556.0333400964737 74.16213415563107
v -1006.836611032486 604.7135174274445 74.58745017647743
v -956.1174273490906 653.1226098537445 75.29515437781811
v -902.1349191665649 700.8730709552765 76.20531022548676
v -844.4320738315582 747.1580386161804 77.1992139518261
v -782.6293647289276 790.8479988574982 78.13954092562199
v -716.5404379367828 830.6506395339966 78.89118939638138
v -646.243205666542 865.287983417511 79.33867126703262
v -572.0898032188416 893.6688721179962 79.39881011843681
v -494.6757107973099 915.0233268737793 79.02800068259239
v -414.77230191230774 928.982824087143 78.22367139160633
v -333.2412213087082 935.615086555481 77.02239565551281
v -250.94944089651108 935.4078888893127 75.4950974136591
v -168.69035959243774 929.235428571701 73.74247945845127
v -87.11158633232117 918.2994365692139 71.89025320112705
v -6.658575031906366 904.068660736084 70.08608281612396
v 72.27288894355297 883.7505042552948 67.9941825568676
v 148.88849258422852 855.8976829051971 65.42294882237911
v 222.7360188961029 823.8475978374481 62.71295212209225
v 293.8358321785927 790.4621958732605 60.1560290902853
v 362.57638931274414 758.0448269844055 57.995083928108215
v 429.60518300533295 728.2867014408112 56.42407387495041
v 495.70809602737427 702.2114098072052 55.58439642190933
v 561.684513092041 680.1608204841614 55.562230572104454
v 628.2176285982132 661.8077099323273 56.384822353720665
v 695.7589149475098 646.2229818105698 58.019937574863434
v 764.422857761383 631.99003636837 60.376956313848495
v 833.926671743393 617.3675298690796 63.3127860724926
v 903.5632967948914 600.4844844341278 66.64093732833862
v 972.2208082675934 579.5424103736877 70.14312222599983
v 1038.448977470398 553.0119270086288 73.58364276587963
v 1100.5560517311096 519.7956770658493 76.72398239374161
v 1156.7466020584106 479.3552100658417 79.33945581316948
v 1205.2689790725708 431.7682445049286 81.23335503041744
v 1244.5821404457092 377.7368426322937 82.25289210677147
v 1273.5158920288086 318.5272231698036 82.30297714471817
v 1291.4208233356476 255.8429166674614 81.35899379849434
v 1298.2878684997559 191.6386440396309 79.47678528726101
v 1294.8021590709686 127.8848946094513 76.7961848527193
v 1282.3290765285492 66.30288995802402 73.53734970092773
v 1257.6462864875793 8.120501087978482 120.66912353038788
v 1231.1461389064789 -45.93673087656498 114.18800726532936
v 1196.6812014579773 -94.88400742411613 106.81894943118095
v 1157.8988194465637 -138.5574921965599 99.45021122694016
v 1117.669153213501 -177.75178998708725 92.77839213609695
v 1077.9260218143463 -213.83649557828903 87.28246241807938
v 1039.6532654762268 -248.37010502815247 83.2237146794796
v 1002.9984176158905 -282.7744096517563 80.66914044320583
v 967.4754858016968 -318.1119754910469 79.53198440372944
v 932.2022914886475 -354.97884452342987 79.61989715695381
v 896.1333930492401 -393.50470900535583 80.68420179188251
v 858.2545757293701 -433.4353178739548 82.46351853013039
v 817.7186071872711 -474.259689450264 84.7177617251873
v 773.9183068275452 -515.351814031601 87.25078031420708
v 726.504909992218 -556.0991644859314 89.92250859737396
v 675.357848405838 -595.9881633520126 92.6489032804966
v 620.5319821834564 -634.651643037796 95.39579302072525
v 562.192240357399 -671.8682646751404 98.16628694534302
v 500.55302679538727 -707.5236976146698 100.98558738827705
v 435.83292961120605 -741.5495216846466 103.88509556651115
v 368.2286858558655 -773.8498091697693 106.88817352056503
v 297.90983498096466 -804.2150378227234 109.99511182308197
v 225.03464221954346 -832.2518885135651 113.17174881696701
v 149.78674948215485 -857.32102394104 116.33938774466515
v 72.42388501763344 -878.4885048866272 119.3651981651783
v -6.658645858988166 -894.5016920566559 122.054922580719
v -87.04068660736084 -907.9992175102234 124.94243010878563
v -168.6963066458702 -920.5584645271301 128.36186960339546
v -251.3158529996872 -929.3363928794861 131.81381449103355
v -334.17667150497437 -931.905210018158 134.86092388629913
v -416.2313640117645 -926.3501584529877 137.1327079832554
v -496.2152034044266 -911.3674581050873 138.33492323756218
v -572.7691620588303 -886.3326489925385 138.25954869389534
v -644.576171040535 -851.3415813446045 136.79644763469696
v -710.5045080184937 -807.2073936462402 133.9436635375023
v -769.7393298149109 -755.3817093372345 129.81056794524193
v -821.8878984451294 -697.8135347366333 124.61347281932831
v -867.0371532440186 -636.7520570755005 118.66257414221764
v -905.7655274868011 -574.5108544826508 112.34061419963837
v -939.0846788883209 -513.2230788469315 106.07320442795753
v -968.3389127254486 -454.6258896589279 100.29770508408546
v -995.0544714927673 -399.8870015144348 95.4281434416771
v -1020.7644939422607 -349.504417181015 91.82281494140625
v -1046.8260705471039 -303.28447967767715 89.75501284003258
v -1074.2425680160522 -260.40167212486267 89.38844576478004
v -1103.5075724124908 -219.5292979478836 90.75722694396973
v -1134.4864130020142 -179.0353462100029 93.7520332634449
v -1166.3430154323578 -137.22950741648674 98.11348989605904
v -1197.5427687168121 -92.63611808419228 103.43605428934097
v -1225.9349703788757 -44.271400943398476 109.18563455343246
v -1248.9316642284393 8.12057675793767 114.73257914185524
v -1263.6593580245972 63.90314735472202 119.37069967389107
v -1268.717646598816 121.72202318906784 122.76680618524551
v -1263.9972746372223 180.08266687393188 124.90124627947807
v -1249.9685049057007 237.6350149512291 125.87847113609314
v -1227.5936365127563 293.36760342121124 125.91331079602242
v -1198.1675386428833 346.73626720905304 125.30253678560257
v -1163.1102979183197 397.6958900690079 124.38395917415619
v -1123.750102519989 446.6265022754669 123.48961532115936
v -1081.140685081482 494.1735625267029 122.90115728974342
v -1035.9454810619354 541.0376608371735 122.8150799870491
v -988.4098887443542 587.7577126026154 123.322594165802
v -938.4081482887268 634.542852640152 124.40657541155815
v -885.5614304542542 681.1739504337311 125.9542427957058
v -829.3814957141876 726.9960165023804 127.7814120054245
v -769.4210171699524 770.995843410492 129.6644777059555
v -705.3920567035675 811.9410157203674 131.37296736240387
v -637.2499048709869 848.5463500022888 132.69899562001228
v -565.2153968811035 879.6429693698883 133.4794543683529
v -489.75906670093536 904.3158411979675 133.6096502840519
v -411.546790599823 921.994823217392 133.04795399308205
v -331.36540055274963 932.5041770935059 131.8148508667946
v -250.04488825798035 936.0634207725525 129.98693585395813
v -168.38256567716599 933.2592785358429 127.68883556127548
v -87.07434460520744 925.0025987625122 125.08651539683342
v -6.658575031906366 912.4672949314117 122.38021865487099
v 72.35799767076969 893.231850862503 119.08213198184967
v 149.1430051624775 866.2797272205353 114.95489627122879
v 223.20595234632492 834.7962975502014 110.54177582263947
v 294.51096802949905 801.5446364879608 106.31239414215088
v 363.38367760181427 768.787956237793 102.66330540180206
v 430.4089069366455 738.2191717624664 99.91478845477104
v 496.32135927677155 710.9169661998749 98.30737933516502
v 561.8866354227066 687.3141765594482 97.99519777297974
v 627.7770042419434 667.2022104263306 99.03920590877533
v 694.4573819637299 649.7829228639603 101.40439942479134
v 762.0809197425842 633.7737262248993 104.96115386486053
v 830.4230630397797 617.551326751709 109.49223712086678
v 898.8466441631317 599.3347078561783 114.70554620027542
v 966.3162171840668 577.3855090141296 120.25342062115669
v 1031.4522206783295 550.1956969499588 125.75391232967377
v 1092.6273703575134 516.6603207588196 130.816850066185
v 1148.0951309204102 476.20447278022766 135.07021367549896
v 1196.143215894699 428.8540720939636 138.18684741854668
v 1235.2560758590698 375.2462863922119 139.91034030914307
v 1264.2768442630768 316.5760859847069 140.0794342160225
v 1282.55735039711 254.47278916835785 138.64917755126953
v 1290.0699317455292 190.81643968820572 135.70632562041283
v 1287.46337890625 127.50838026404381 131.47491961717606
v 1276.0401546955109 66.21258482336998 126.30877047777176
v 1246.497130393982 8.120501087978482 171.70623242855072
v 1222.1110343933105 -45.83463817834854 163.3538380265236
v 1190.508508682251 -95.18711343407631 154.02737632393837
v 1154.8211514949799 -139.83741626143456 144.79936063289642
v 1117.4890756607056 -180.49758523702621 136.5014486014843
v 1080.148321390152 -218.36193203926086 129.7020487487316
v 1043.622100353241 -254.777193069458 124.70701783895493
v 1008.0258667469025 -290.9680739045143 121.59034535288811
v 972.9399561882019 -327.8505176305771 120.24343460798264
v 937.6113593578339 -365.9411430358887 120.4324908554554
v 901.148521900177 -405.3559273481369 121.85616120696068
v 862.6844525337219 -445.87775468826294 124.19702410697937
v 821.4920222759247 -487.0617389678955 127.1615818142891
v 777.0442485809326 -528.3493220806122 130.50554990768433
v 729.0314972400665 -569.1740036010742 134.04817283153534
v 677.3435831069946 -609.0398728847504 137.67450973391533
v 622.0226585865021 -647.5538045167923 141.32561311125755
v 563.217768073082 -684.4412267208099 144.9884556233883
v 501.13258361816406 -719.5138871669769 148.67668449878693
v 435.98972260951996 -752.6280879974365 152.41434946656227
v 368.0071145296097 -783.6287796497345 156.21916577219963
v 297.39122092723846 -812.2810244560242 160.0849248468876
v 224.3481159210205 -838.2170736789703 163.96917402744293
v 149.10889193415642 -860.8732163906097 167.7774578332901
v 71.96953594684601 -879.456228017807 171.35398089885712
v -6.658645253628492 -892.9129958152771 174.47004318237305
v -86.34703159332275 -903.5329222679138 177.77790278196335
v -167.00596809387207 -912.6608550548553 181.67731016874313
v -248.29722940921783 -917.8368449211121 185.55300682783127
v -329.52328622341156 -916.9655919075012 188.8649344444275
v -409.70773696899414 -908.4209740161896 191.15947037935257
v -487.69100308418274 -891.1235332489014 192.0788809657097
v -562.2453182935715 -864.6141648292542 191.37865900993347
v -632.1959942579269 -829.0791451931 188.93976658582687
v -696.5495049953461 -785.3405237197876 184.78080034255981
v -754.6094059944153 -734.7796440124512 179.06114906072617
v -806.0641646385193 -679.2003810405731 172.07258641719818
v -851.0389983654022 -620.6565797328949 164.224374294281
v -890.0925040245056 -561.2250983715057 156.01065084338188
v -924.1679191589355 -502.8014004230499 147.9769468307495
v -954.4947922229767 -446.90266251564026 140.67809134721756
v -982.4489653110504 -394.5172965526581 134.6337154507637
v -1009.3983769416809 -346.02502286434174 130.28914108872414
v -1036.536467075348 -301.1815279722214 127.97791659832001
v -1064.7234082221985 -259.1797947883606 127.8917521238327
v -1094.3484902381897 -218.77185255289078 130.05528822541237
v -1125.2268314361572 -178.45084965229034 134.3101143836975
v -1156.5395593643188 -136.6765670478344 140.30756279826164
v -1186.8395447731018 -92.12159141898155 147.51440361142159
v -1214.1354739665985 -43.920834735035896 155.23791164159775
v -1236.044728755951 8.120576152577996 162.66415417194366
v -1249.7217118740082 63.36040124297142 168.80188137292862
v -1253.6880671977997 120.42672783136368 173.14611673355103
v -1247.9014098644257 177.81494110822678 175.6888210773468
v -1232.8808963298798 234.1791957616806 176.590758562088
v -1209.6153259277344 288.51657062768936 176.1600136756897
v -1179.4123530387878 340.2903586626053 174.81526285409927
v -1143.7024474143982 389.463347196579 173.03248345851898
v -1103.8347959518433 436.43278777599335 171.2840884923935
v -1060.9026491641998 481.88431560993195 169.98048275709152
v -1015.6246900558472 526.5922486782074 169.4220408797264
v -968.3099329471588 571.2104916572571 169.77010816335678
v -918.8916623592377 616.1010593175888 171.0393100976944
v -867.0281648635864 661.2219929695129 173.10977578163147
v -812.2359275817871 706.1001241207123 175.7560595870018
v -754.0288805961609 749.8784184455872 178.68526428937912
v -692.0426070690155 791.4372026920319 181.58147931098938
v -626.1201590299606 829.5332133769989 184.14250910282135
v -556.3516139984131 862.9640996456146 186.11342459917068
v -483.0722540616989 890.7012343406677 187.3065546154976
v -406.8257600069046 911.9911432266235 187.61177211999893
v -328.30307483673096 926.4170289039612 186.9983732700348
v -248.2746809720993 933.9131057262421 185.50829738378525
v -167.52310991287231 934.7575485706329 183.24895948171616
v -86.77690476179123 929.5331299304962 180.3817629814148
v -6.658575031906366 919.0832853317261 177.11404114961624
v 72.2215835005045 901.4187157154083 172.88051396608353
v 149.00863468647003 875.9779572486877 167.47251152992249
v 223.18028509616852 845.7105934619904 161.59787848591805
v 294.640776515007 813.2185280323029 155.87768480181694
v 363.6393427848816 780.6653261184692 150.8421577513218
v 430.6816965341568 749.7162401676178 146.92904502153397
v 496.4284837245941 721.4727342128754 144.47357058525085
v 561.5868031978607 696.4431166648865 143.7003567814827
v 626.7933577299118 674.5341718196869 144.71262469887733
v 692.5036489963531 655.0886631011963 147.4856659770012
v 758.8911294937134 636.9773864746094 151.86781138181686
v 825.7740557193756 618.7210947275162 157.58475065231323
v 892.5822854042053 598.6708849668503 164.2592430114746
v 958.3581686019897 575.1877337694168 171.43162190914154
v 1021.8076884746552 546.8314081430435 178.5910800099373
v 1081.3922047615051 512.5329494476318 185.2117583155632
v 1135.449331998825 471.7199683189392 190.78887403011322
v 1182.3444247245789 424.3921548128128 194.87711489200592
v 1220.632290840149 371.13720178604126 197.12843298912048
v 1249.213945865631 313.078211247921 197.32534438371658
v 1267.480581998825 251.75457894802094 195.40981203317642
v 1275.4180192947388 188.94224613904953 191.5023073554039
v 1273.65420460701 126.43333896994591 185.90789288282394
v 1263.429456949234 65.78912362456322 179.1027009487152
v 1229.4021606445312 8.120501087978482 222.6619616150856
v 1207.443779706955 -45.45843377709389 212.987519800663
v 1179.0772259235382 -95.00452727079391 202.4301052093506
v 1146.8638002872467 -140.48026949167252 192.12285429239273
v 1112.7921044826508 -182.50586837530136 182.94106870889664
v 1078.1750619411469 -222.08226919174194 175.4720538854599
v 1043.6681270599365 -260.3262782096863 170.0275555253029
v 1009.3518853187561 -298.24755787849426 166.67523831129074
v 974.8772621154785 -336.5998923778534 165.2924805879593
v 939.6285533905029 -375.80899000167847 165.6264454126358
v 902.8786301612854 -415.97031354904175 167.35378354787827
v 863.9190375804901 -456.90022110939026 170.13251036405563
v 822.15336561203 -498.2192635536194 173.64355772733688
v 777.1440505981445 -539.4380778074265 177.6152789592743
v 728.6322891712189 -580.0449848175049 181.83999210596085
v 676.5206038951874 -619.5596098899841 186.17268204689026
v 620.8471566438675 -657.5751900672913 190.52774608135223
v 561.7463082075119 -693.7648117542267 194.86494958400726
v 499.4127422571182 -727.8679668903351 199.1737350821495
v 434.0749263763428 -759.6688568592072 203.45910042524338
v 365.9725248813629 -788.9523804187775 207.722769677639
v 295.3511103987694 -815.4618263244629 211.94852888584137
v 222.46506959199905 -838.8526916503906 216.08634144067764
v 147.59597703814507 -858.6495995521545 220.038303732872
v 71.07919715344906 -874.2132127285004 223.64605367183685
v -6.658644648268819 -884.7140431404114 226.6779661178589
v -85.18316224217415 -892.0791685581207 229.844568669796
v -164.34174627065659 -897.4178791046143 233.568973839283
v -243.7745437026024 -898.7046122550964 237.18445301055908
v -322.8242501616478 -894.2246794700623 240.10561853647232
v -400.60514211654663 -882.66841173172 241.84299111366272
v -476.08832120895386 -863.2089555263519 242.01878756284714
v -548.2015162706375 -835.5542659759521 240.38334786891937
v -615.9355878829956 -799.973064661026 236.83165907859802
v -678.452330827713 -757.2700440883636 231.41276985406876
v -735.1837337017059 -708.7215542793274 224.33414906263351
v -785.9038472175598 -655.94682097435 215.94955921173096
v -830.76291680336 -600.7480531930923 206.73755407333374
v -870.2887773513794 -544.9285447597504 197.27027118206024
v -905.3299784660339 -490.1017099618912 188.16817998886108
v -936.9724094867706 -437.5346004962921 180.0572320818901
v -966.4133071899414 -388.01854252815247 173.51651936769485
v -994.8270499706268 -341.80900752544403 169.0364509820938
v -1023.2181668281555 -298.6165851354599 166.97541922330856
v -1052.2840321063995 -257.6670154929161 167.5263449549675
v -1082.2979390621185 -217.81459003686905 170.68994492292404
v -1113.0222380161285 -177.70545333623886 176.25745236873627
v -1143.6604499816895 -135.97816601395607 183.80348831415176
v -1172.8734612464905 -91.48153737187386 192.69714206457138
v -1198.8460838794708 -43.48871447145939 202.12574005126953
v -1219.4441199302673 8.120575547218323 211.14869862794876
v -1231.96462392807 62.706491723656654 218.54045987129211
v -1234.9318742752075 118.92219111323357 223.6388087272644
v -1228.3430814743042 175.2963349223137 226.4477163553238
v -1212.7208888530731 230.51575273275375 227.17391550540924
v -1189.0315473079681 283.5984542965889 226.20369344949722
v -1158.5416436195374 334.0086817741394 224.05734956264496
v -1122.63965010643 381.692311167717 221.32796198129654
v -1082.6505780220032 427.02338695526123 218.61114650964737
v -1039.6724820137024 470.67627012729645 216.4361909031868
v -994.4620907306671 513.4458899497986 215.20842462778091
v -947.3928868770599 556.0537189245224 215.17204493284225
v -898.4717667102814 598.9778846502304 216.39456152915955
v -847.4245846271515 642.3365533351898 218.77756714820862
v -793.8080430030823 685.8382225036621 222.08379954099655
v -737.1407210826874 728.809654712677 225.98078548908234
v -677.0162045955658 770.2793300151825 230.0874099135399
v -613.1973475217819 809.0999126434326 234.0205430984497
v -545.6633061170578 844.091135263443 237.43506222963333
v -474.62309896945953 874.1651713848114 240.05056470632553
v -400.4965841770172 898.4325587749481 241.66934490203857
v -323.86771589517593 916.2710845470428 242.1809658408165
v -245.43140828609467 927.3577868938446 241.5596827864647
v -165.9340649843216 931.6729843616486 239.85605537891388
v -86.11513525247574 929.4801294803619 237.18588650226593
v -6.65857563726604 921.294504404068 233.72074961662292
v 71.7453446239233 905.5785536766052 228.89336943626404
v 148.24256896972656 882.1999311447144 222.5893184542656
v 222.2928762435913 853.8023829460144 215.6311884522438
v 293.744495511055 822.7633357048035 208.75279158353806
v 362.76715993881226 791.0995185375214 202.59156674146652
v 429.77538108825684 760.3956758975983 197.68145084381104
v 495.3394949436188 731.7420363426208 194.44117844104767
v 560.0861310958862 705.6909203529358 193.16004365682602
v 624.5915919542313 682.245659828186 193.98461133241653
v 689.2760455608368 660.8802020549774 196.90684229135513
v 754.3058931827545 640.6196177005768 201.7631247639656
v 819.5266664028168 620.1541215181351 208.24105441570282
v 884.4182789325714 597.9891628026962 215.89462161064148
v 948.1014966964722 572.6296484470367 224.17644560337067
v 1009.3771457672119 542.7481263875961 232.47029930353165
v 1066.8149888515472 507.35641717910767 240.13971239328384
v 1118.866777420044 465.92440009117126 246.5715378522873
v 1164.0147149562836 418.45831274986267 251.22759640216827
v 1200.9237945079803 365.5129164457321 253.69043201208115
v 1228.5924315452576 308.14256370067596 253.70620042085648
v 1246.484112739563 247.78431057929993 251.21791064739227
v 1254.620611667633 186.08599454164505 246.38671427965164
v 1253.620731830597 124.6983103454113 239.59669023752213
v 1244.6672201156616 65.04486538469791 231.43679052591324
v 1206.5846145153046 8.120501087978482 273.191536962986
v 1187.168550491333 -44.806427508592606 262.73051500320435
v 1162.1159970760345 -94.27949041128159 251.61440670490265
v 1133.4432184696198 -140.31537920236588 240.93991070985794
v 1102.6904046535492 -183.43570083379745 231.5380647778511
v 1070.8692133426666 -224.45057183504105 223.9620417356491
v 1038.4718358516693 -264.2482727766037 218.49495619535446
v 1005.5494904518127 -303.62716168165207 215.18870443105698
v 971.8219101428986 -343.17923188209534 213.9130711555481
v 936.8053495883942 -383.23622047901154 214.4148513674736
v 899.9317586421967 -423.8669544458389 216.37346595525742
v 860.6488168239594 -464.91580307483673 219.44977790117264
v 818.4875011444092 -506.0601532459259 223.32212328910828
v 773.1033086776733 -546.8775898218155 227.71077752113342
v 724.2901265621185 -586.907497048378 232.3914185166359
v 671.9713985919952 -625.6932497024536 237.19491362571716
v 616.1858290433884 -662.8187477588654 242.0062154531479
v 557.0590227842331 -697.9172885417938 246.75223529338837
v 494.7802007198334 -730.6683897972107 251.38919353485107
v 429.583603143692 -760.7925593852997 255.8929145336151
v 361.72985434532166 -788.0244851112366 260.24189591407776
v 291.5004223585129 -812.0895564556122 264.40556943416595
v 219.19486820697784 -832.6703906059265 268.32890063524246
v 145.1412484049797 -849.3816494941711 271.92053347826004
v 69.71049346029758 -861.7360234260559 275.0371187925339
v -6.658643437549472 -869.1366374492645 277.47610807418823
v -83.53091776371002 -873.1639742851257 279.95329797267914
v -160.69899201393127 -874.7158646583557 282.8841298818588
v -237.7921760082245 -872.2117483615875 285.6118902564049
v -314.2068147659302 -864.3304109573364 287.5624269247055
v -389.1624301671982 -850.084525346756 288.2582128047943
v -461.7747902870178 -828.8925588130951 287.3395964503288
v -531.1388581991196 -800.6186008453369 284.58089977502823
v -596.4185982942581 -765.5893325805664 279.9080654978752
v -656.9339156150818 -724.5673716068268 273.4055921435356
v -712.2421324253082 -678.6908328533173 265.3206989169121
v -762.1918022632599 -629.3605864048004 256.0471311211586
v -806.9467306137085 -578.1035721302032 246.10208868980408
v -846.9833791255951 -526.4224767684937 236.09331399202347
v -883.038717508316 -475.6378948688507 226.67186409235
v -916.0352170467377 -426.7587333917618 218.48579347133636
v -946.9773292541504 -380.38465678691864 212.13002055883408
v -976.830917596817 -336.65448129177094 208.0980345606804
v -1006.4045488834381 -295.2496036887169 206.7410409450531
v -1036.2309396266937 -255.44833838939667 208.2316979765892
v -1066.4713382720947 -216.22785031795502 212.53746151924133
v -1096.843308210373 -176.40618681907654 219.40243393182755
v -1126.5895009040833 -134.81849059462547 228.34500074386597
v -1154.4902086257935 -90.49987643957138 238.6669933795929
v -1178.9380609989166 -42.86970756947994 249.48809295892715
v -1198.056811094284 8.120574336498976 259.79294180870056
v -1209.3948006629944 61.84825152158737 268.2056590914726
v -1211.55224442482 117.03881546854973 273.9440619945526
v -1204.526972770691 172.29853570461273 277.00983583927155
v -1188.8052105903625 226.37867629528046 277.63669788837433
v -1165.2772724628448 278.33186388015747 276.25870555639267
v -1135.1153671741486 327.6196479797363 273.4631448984146
v -1099.613744020462 374.14916157722473 269.9241057038307
v -1060.0259721279144 418.23379695415497 266.32830798625946
v -1017.4161672592163 460.4854226112366 263.299223780632
v -972.5546181201935 501.66285932064056 261.335688829422
v -925.8664906024933 542.4938172101974 260.7639968395233
v -877.4411261081696 583.5235267877579 261.72040700912476
v -827.0914733409882 624.9908000230789 264.15188014507294
v -774.4492411613464 666.7693734169006 267.842036485672
v -719.0767109394073 708.3695352077484 272.4521264433861
v -660.570102930069 748.9946126937866 277.56827771663666
v -598.6519396305084 787.6351952552795 282.7519968152046
v -533.2235813140869 823.190051317215 287.58464604616165
v -464.3913000822067 854.5764684677124 291.6999489068985
v -392.4623668193817 880.834549665451 294.808204472065
v -317.91415363550186 901.1985778808594 296.7058375477791
v -241.3555845618248 915.142422914505 297.2775489091873
v -163.47851306200027 922.3959684371948 296.48957401514053
v -85.00814065337181 922.945499420166 294.38222497701645
v -6.65857563726604 917.0105338096619 291.05749279260635
v 70.83450108766556 903.4977436065674 286.01594120264053
v 146.6456301510334 882.6323807239532 279.2816296219826
v 220.23552507162094 856.7030727863312 271.7345863580704
v 291.40656739473343 827.8080642223358 264.1740411520004
v 360.25204062461853 797.7671146392822 257.3082745075226
v 427.090722322464 768.0382788181305 251.73915922641754
v 492.39099621772766 739.655065536499 247.94703125953674
v 556.6813558340073 713.1761491298676 246.27104699611664
v 620.4543024301529 688.6687874794006 246.89236879348755
v 684.068751335144 665.719747543335 249.81798976659775
v 747.6604580879211 643.5050040483475 254.87883538007736
v 811.0776662826538 620.8874493837357 261.7352843284607
v 873.8382577896118 596.5545475482941 269.89357620477676
v 935.13343334198 569.1841542720795 278.74159067869186
v 993.8660681247711 537.6041382551193 287.5889465212822
v 1048.7280428409576 500.94560980796814 295.71911096572876
v 1098.3128309249878 458.76104831695557 302.447010576725
v 1141.249006986618 411.090087890625 307.1743756532669
v 1176.3453006744385 358.4721475839615 309.4464600086212
v 1202.7261197566986 301.8956586718559 308.9982807636261
v 1219.951343536377 242.68731772899628 305.792760848999
v 1228.0932664871216 182.34936594963074 300.0401586294174
v 1227.766352891922 122.36833423376083 292.20099300146103
v 1220.0875639915466 64.0059906989336 282.9612284898758
v 1178.3676862716675 8.120501087978482 323.07638972997665
v 1161.4399313926697 -43.8876997679472 312.2913211584091
v 1139.5601987838745 -92.99075230956078 301.166108250618
v 1114.2462074756622 -139.24307897686958 290.68094938993454
v 1086.647617816925 -183.0713227391243 281.57035410404205
v 1057.5051188468933 -225.10637491941452 274.3100866675377
v 1027.1723568439484 -266.02824330329895 269.13491040468216
v 995.6739723682404 -306.43926560878754 266.071654856205
v 962.793779373169 -346.7821002006531 264.98863250017166
v 928.1669735908508 -387.2981160879135 265.64495861530304
v 891.369241476059 -428.0263662338257 267.7405297756195
v 851.9878149032593 -468.8286155462265 270.95658779144287
v 809.6727669239044 -509.4293236732483 274.98615235090256
v 764.1673862934113 -549.4639962911606 279.55567836761475
v 715.3193354606628 -588.5188966989517 284.4336375594139
v 663.079023361206 -626.1656433343887 289.43309485912323
v 607.4903458356857 -661.9856953620911 294.40942257642746
v 548.6778616905212 -695.5892205238342 299.25580620765686
v 486.8293970823288 -726.6143977642059 303.8917377591133
v 422.1857011318207 -754.7374904155731 308.2596644759178
v 355.0253748893738 -779.656845331192 312.3104214668274
v 285.6592535972595 -801.0884761810303 315.99703282117844
v 214.4245758652687 -818.7497138977051 319.26306933164597
v 141.68673679232597 -832.338285446167 322.03032821416855
v 67.84443110227585 -841.5167391300201 324.188295006752
v -6.658642226830125 -845.9055483341217 325.5872666835785
v -81.39342665672302 -846.7811405658722 326.91251039505005
v -156.11140206456184 -844.8591768741608 328.5481244325638
v -230.4440587759018 -838.9859676361084 329.90246415138245
v -303.851018846035 -828.2106041908264 330.4585039615631
v -375.66482722759247 -811.8498146533966 329.79204654693604
v -445.148766040802 -789.5410418510437 327.5914430618286
v -511.56468391418457 -761.2779319286346 323.67665469646454
v -574.2441862821579 -727.4187803268433 318.0144786834717
v -632.6554477214813 -688.6556148529053 310.7225775718689
v -686.4664793014526 -645.9665417671204 302.0732954144478
v -735.5841040611267 -600.5157113075256 292.474789917469
v -780.1707327365875 -553.5504549741745 282.450769841671
v -820.6361889839172 -506.271767616272 272.6039797067642
v -857.5932323932648 -459.714475274086 263.5722652077675
v -891.7949497699738 -414.6459221839905 255.98403811454773
v -924.046266078949 -371.4887171983719 250.40738731622696
v -955.1094889640808 -330.2883058786392 247.3069578409195
v -985.6023371219635 -290.7163605093956 247.00069427490234
v -1015.9044146537781 -252.12248265743256 249.62644428014755
v -1046.0777878761292 -213.62073570489883 255.11450916528702
v -1075.8140623569489 -174.2127701640129 263.1743937730789
v -1104.4090449810028 -132.93317779898643 273.2900410890579
v -1130.7830452919006 -89.0033595263958 284.7357362508774
v -1153.5391449928284 -41.98062792420387 296.60613238811493
v -1171.0756301879883 8.120573125779629 307.8712075948715
v -1181.2610149383545 60.71335710585117 317.099329829216
v -1182.8277826309204 114.63683545589447 323.4386757016182
v -1175.7484257221222 168.61512064933777 326.8721014261246
v -1160.4311406612396 221.49126380681992 327.62855887413025
v -1137.6510977745056 272.36758917570114 326.1527210474014
v -1108.440488576889 320.70308923721313 323.0544999241829
v -1073.9553272724152 366.3514316082001 319.0425634384155
v -1035.335898399353 409.5361828804016 314.85151797533035
v -993.5765027999878 450.7658064365387 311.16380244493484
v -949.4312345981598 490.7093554735184 308.5458591580391
v -903.362375497818 530.0466150045395 307.39745795726776
v -855.5360555648804 569.331881403923 307.92600959539413
v -805.8629333972931 608.8767647743225 310.14125794172287
v -754.0729701519012 648.6852556467056 313.875213265419
v -699.8063206672668 688.4362518787384 318.81702095270157
v -642.7029460668564 727.5154054164886 324.55772906541824
v -582.4863761663437 765.078854560852 330.6376904249191
v -519.0191119909286 800.1508951187134 336.5941971540451
v -452.336061000824 831.7165374755859 341.99687242507935
v -382.65298306941986 858.8156521320343 346.4764952659607
v -310.3505477309227 880.6140244007111 349.7403234243393
v -235.94880253076553 896.4548826217651 351.57852470874786
v -160.07145196199417 905.8890402317047 351.86305344104767
v -83.40459614992142 908.6871385574341 350.5426913499832
v -6.65857563726604 904.8360049724579 347.63413667678833
v 69.42502036690712 893.6457812786102 342.75925755500793
v 144.07744258642197 875.6117582321167 336.10216081142426
v 216.78036451339722 852.6312589645386 328.5377025604248
v 287.30536699295044 826.4881670475006 320.8804354071617
v 355.6765288114548 798.7600207328796 313.86465579271317
v 422.1183270215988 770.7347929477692 308.12433511018753
v 486.99072301387787 743.3444857597351 304.17084246873856
v 550.7111340761185 717.1129822731018 302.36921459436417
v 613.6703997850418 692.1386897563934 302.9189392924309
v 676.1454164981842 668.0978715419769 305.83359599113464
v 738.2198691368103 644.305008649826 310.93944162130356
v 799.7239470481873 619.7956711053848 317.8771734237671
v 860.1999402046204 593.4530138969421 326.1242061853409
v 918.9032852649689 564.1514360904694 335.0296765565872
v 974.8408436775208 530.9041142463684 343.86254251003265
v 1026.8390119075775 492.9944574832916 351.8654555082321
v 1073.6485600471497 450.0838130712509 358.31977128982544
v 1114.066594839096 402.26787626743317 362.60738372802734
v 1147.0656514167786 350.08230805397034 364.2710864543915
v 1171.9149589538574 294.45304721593857 363.0636990070343
v 1188.2803976535797 236.5906000137329 358.98553133010864
v 1196.2908267974854 177.8418868780136 352.3035615682602
v 1196.5518772602081 119.51696425676346 343.5477942228317
v 1190.1120126247406 62.705566734075546 333.4869682788849
v 1145.1014578342438 8.120501087978482 372.21696972846985
v 1130.4865837097168 -42.71708428859711 361.4643096923828
v 1111.4848375320435 -91.14045351743698 350.7145166397095
v 1089.1961336135864 -137.2254103422165 340.78921377658844
v 1064.440894126892 -181.30826354026794 332.2909325361252
v 1037.7399802207947 -223.86241406202316 325.59931576251984
v 1009.3341410160065 -265.38605839014053 320.8886295557022
v 979.2307376861572 -306.3125178217888 318.1590870022774
v 947.2684442996979 -346.9524919986725 317.2791749238968
v 913.184118270874 -387.46571838855743 318.02772879600525
v 876.6744017601013 -427.8589576482773 320.1337218284607
v 837.4475598335266 -468.0030405521393 323.308964073658
v 795.2568769454956 -507.65803158283234 327.27130949497223
v 749.9245226383209 -546.5046107769012 331.7606180906296
v 701.3511598110199 -584.1719686985016 336.5465819835663
v 649.5166033506393 -620.2605485916138 341.42979085445404
v 594.4786190986633 -654.3637812137604 346.24268114566803
v 536.3649815320969 -686.0824584960938 350.8455842733383
v 475.3677010536194 -715.0393784046173 355.1259905099869
v 411.73318326473236 -740.8845365047455 358.99149775505066
v 345.75428664684296 -763.3020222187042 362.36729323863983
v 277.7638912200928 -782.0166051387787 365.19406139850616
v 208.12472850084305 -796.7799425125122 367.41481125354767
v 137.22751215100288 -807.373058795929 368.9732104539871
v 65.48674404621124 -813.5948777198792 369.8040544986725
v -6.658640410751104 -815.2610599994659 369.8293149471283
v -78.79482582211494 -813.3889973163605 369.6784883737564
v -150.64870417118073 -808.5463523864746 369.6930557489395
v -221.86641246080399 -799.9581873416901 369.3841189146042
v -291.97663217782974 -786.9996547698975 368.32534968852997
v -360.4239821434021 -769.2476809024811 366.17240011692047
v -426.61410570144653 -746.5262174606323 362.68475353717804
v -489.9635136127472 -718.9202666282654 357.7366501092911
v -549.9544441699982 -686.7892861366272 351.33665204048157
v -606.1861008405685 -650.7396817207336 343.63020062446594
v -658.4159910678864 -611.5740537643433 334.89469587802887
v -706.5925478935242 -570.2258765697479 325.5302757024765
v -750.8602440357208 -527.6688784360886 316.03383868932724
v -791.5528893470764 -484.8237484693527 306.9687858223915
v -829.1556239128113 -442.464804649353 298.9237204194069
v -864.2535448074341 -401.1447548866272 292.4713611602783
v -897.4633634090424 -361.1399531364441 288.124181330204
v -929.3555319309235 -322.4255070090294 286.2916558980942
v -960.3748977184296 -284.684556722641 287.2421771287918
v -990.766704082489 -247.35160917043686 291.0710334777832
v -1020.5150663852692 -209.68572348356247 297.67640829086304
v -1049.3030667304993 -170.8708941936493 306.74674957990646
v -1076.4953196048737 -130.13512790203094 317.75869727134705
v -1101.158583164215 -86.87348142266273 329.9932390451431
v -1122.1132099628448 -40.767545253038406 342.5671696662903
v -1138.0239605903625 8.120570704340935 354.4838637113571
v -1147.1174120903015 59.25600938498974 364.35120701789856
v -1148.2942700386047 111.6210401058197 371.30340933799744
v -1141.4834022521973 164.08625543117523 375.2846419811249
v -1126.9933581352234 215.60864001512527 376.4895498752594
v -1105.454796552658 265.35343676805496 375.3321796655655
v -1077.731841802597 312.78118789196014 372.3982095718384
v -1044.8121309280396 357.6873689889908 368.382728099823
v -1007.6915919780731 400.188809633255 364.01914060115814
v -967.2665059566498 440.66430032253265 360.00826954841614
v -924.247807264328 479.6555072069168 356.9510966539383
v -879.113507270813 517.7472174167633 355.2996754646301
v -832.0936620235443 555.4513424634933 355.32524585723877
v -783.1974148750305 593.1040555238724 357.10819959640503
v -732.2632074356079 630.7969838380814 360.5477273464203
v -679.0309965610504 668.3489263057709 365.3896361589432
v -623.2151299715042 705.3153455257416 371.2643563747406
v -564.5773380994797 741.0300552845001 377.72975265979767
v -502.9780298471451 774.6730983257294 384.3149811029434
v -438.4150356054306 805.3485810756683 390.55923223495483
v -371.0389882326126 832.1599125862122 396.0406333208084
v -301.1495068669319 854.2774498462677 400.39635598659515
v -229.18274104595184 870.9936678409576 403.33609879016876
v -155.68614900112152 881.7594230175018 404.6446442604065
v -81.2865637242794 886.2068116664886 404.1820138692856
v -6.658576242625713 884.1611802577972 401.8802911043167
v 67.48831979930401 875.2829849720001 397.520112991333
v 140.46613797545433 860.2351188659668 391.43974483013153
v 211.79650127887726 840.5167043209076 384.45182144641876
v 281.23590499162674 817.5752580165863 377.3331016302109
v 348.7505167722702 792.7158772945404 370.79761922359467
v 414.47541415691376 767.0191824436188 365.4680907726288
v 478.6617875099182 741.2797927856445 361.8523985147476
v 541.6103214025497 715.9530162811279 360.31232476234436
v 603.5983383655548 691.134238243103 361.04166209697723
v 664.8079693317413 666.5675222873688 364.0494763851166
v 725.2538979053497 641.6887313127518 369.15150582790375
v 784.7365200519562 615.7034784555435 375.9777158498764
v 842.8113758563995 587.6936703920364 383.99302661418915
v 898.7935662269592 556.743848323822 392.5359398126602
v 951.7920017242432 522.0659017562866 400.8670836687088
v 1000.7737934589386 483.1149101257324 408.22845101356506
v 1044.6555316448212 439.67716693878174 413.90937864780426
v 1082.4123859405518 391.9157803058624 417.3120617866516
v 1113.1886780261993 340.36834836006165 418.01021099090576
v 1136.401790380478 285.89930534362793 415.8004254102707
v 1151.824688911438 229.60110753774643 410.73551177978516
v 1159.635591506958 172.66167402267456 403.14060151576996
v 1160.4277312755585 116.21410250663757 393.60854029655457
v 1155.1644921302795 61.17596812546253 382.9641669988632
v 1107.0985078811646 8.120501087978482 420.58693170547485
v 1094.547939300537 -41.3094874471426 410.10640263557434
v 1078.0496895313263 -88.74419778585434 399.94809925556183
v 1058.3723425865173 -134.26424264907837 390.7603085041046
v 1036.0795319080353 -178.12368422746658 383.0053895711899
v 1011.5231215953827 -220.66253125667572 376.9629508256912
v 984.860098361969 -262.2280955314636 372.7455794811249
v 956.0883700847626 -303.11360359191895 370.3274726867676
v 925.0929474830627 -343.519589304924 369.5788025856018
v 891.693365573883 -383.5346966981888 370.2997326850891
v 855.6851387023926 -423.1341689825058 372.2504049539566
v 816.8745517730713 -462.1907353401184 375.17608404159546
v 775.1017510890961 -500.4884421825409 378.82199585437775
v 730.2580237388611 -537.744814157486 382.94704258441925
v 682.2928488254547 -573.6253827810287 387.32639849185944
v 631.2182754278183 -607.7630192041397 391.7558491230011
v 577.1091938018799 -639.7706031799316 396.04989290237427
v 520.1042264699936 -669.2626416683197 400.0474750995636
v 460.4004591703415 -695.8633661270142 403.607377409935
v 398.2503801584244 -719.2230045795441 406.61062002182007
v 333.95703732967377 -739.037811756134 408.96646678447723
v 267.8641200065613 -755.0483644008636 410.60308814048767
v 200.3482684493065 -767.054283618927 411.47298514842987
v 131.81069567799568 -774.9142348766327 411.54748797416687
v 62.66741454601288 -778.5453855991364 410.8141988515854
v -6.658638594672084 -777.9293715953827 409.2784255743027
v -75.77862851321697 -773.8694131374359 407.50054717063904
v -144.41168829798698 -766.812527179718 405.7721823453903
v -212.22879588603973 -756.2947273254395 403.72612476348877
v -278.82868498563766 -741.9586479663849 401.0452628135681
v -343.76107454299927 -723.5905826091766 397.4793553352356
v -406.5584719181061 -701.1489987373352 392.8626209497452
v -466.7745381593704 -674.7842967510223 387.131404876709
v -524.018394947052 -644.82761323452 380.32681345939636
v -577.9948592185974 -611.7858618497849 372.60881662368774
v -628.5317569971085 -576.2955516576767 364.2471045255661
v -675.5986750125885 -539.0684694051743 355.607333779335
v -719.3128883838654 -500.8351147174835 347.1374899148941
v -759.9278926849365 -462.2672528028488 339.3337160348892
v -797.8063225746155 -423.9169329404831 332.71036446094513
v -833.3775281906128 -386.15856766700745 327.7604013681412
v -867.087596654892 -349.15363788604736 324.92015063762665
v -899.336975812912 -312.83300668001175 324.52919483184814
v -930.4226696491241 -276.9078254699707 326.79852843284607
v -960.4790389537811 -240.90537130832672 331.78060948848724
v -989.4343316555023 -204.22814935445786 339.3498331308365
v -1016.9796884059906 -166.23306423425674 349.1906374692917
v -1042.5583720207214 -126.32554620504379 360.79711616039276
v -1065.384441614151 -84.0551108121872 373.48824441432953
v -1084.4866871833801 -39.20822832733393 386.43941581249237
v -1098.7788319587708 8.12056828290224 398.72633814811707
v -1106.849467754364 57.45929218828678 409.0782016515732
v -1107.7843368053436 107.94796943664551 416.66706800460815
v -1101.4633357524872 158.61897617578506 421.3844954967499
v -1088.0875408649445 208.5563838481903 423.3643025159836
v -1068.1334137916565 256.9991633296013 422.95486629009247
v -1042.2860860824585 303.4175232052803 420.6764668226242
v -1011.3519549369812 347.552427649498 417.16538071632385
v -976.1663198471069 389.41294252872467 413.11003267765045
v -937.5068306922913 429.23662066459656 409.1855198144913
v -896.0212707519531 467.41910576820374 405.9934824705124
v -852.1811425685883 504.41946387290955 404.0101885795593
v -806.264466047287 540.6699508428574 403.5560041666031
v -758.365386724472 576.4860510826111 404.7764867544174
v -708.4298193454742 612.0047211647034 407.64668583869934
v -656.3060462474823 647.1474677324295 411.9879186153412
v -601.8012046813965 681.6177129745483 417.49841570854187
v -544.7404086589813 714.9173378944397 423.7862527370453
v -485.0133180618286 746.397203207016 430.411696434021
v -422.6105958223343 775.3101885318756 436.9198650121689
v -357.64448046684265 800.8729100227356 442.8718775510788
v -290.3539776802063 822.325074672699 447.86837100982666
v -221.10073417425156 838.9794588088989 451.5651911497116
v -150.3544606268406 850.2628207206726 453.683078289032
v -78.66934686899185 855.7468175888062 454.0130138397217
v -6.658576847985387 855.167144536972 452.4177700281143
v 65.03159590065479 848.4671592712402 448.85441958904266
v 135.81075742840767 836.386775970459 443.7913656234741
v 205.2551493048668 820.0406312942505 437.9293531179428
v 273.12088906764984 800.5371630191803 431.95928633213043
v 339.3285632133484 778.8947701454163 426.52817368507385
v 403.9334386587143 755.9688210487366 422.20778465270996
v 467.0819640159607 732.3875725269318 419.46148574352264
v 528.9597570896149 708.5144340991974 418.61890256404877
v 589.7288411855698 684.4197630882263 419.8454678058624
v 649.4698792695999 659.8905503749847 423.12789261341095
v 708.1245243549347 634.4730377197266 428.2701760530472
v 765.4553592205048 607.5299799442291 434.89538729190826
v 821.0269510746002 578.338548541069 442.47363805770874
v 874.2091834545135 546.1909860372543 450.35691261291504
v 924.212783575058 510.5014204978943 457.8315258026123
v 970.1434075832367 470.89780271053314 464.17461037635803
v 1011.0836207866669 427.2940456867218 468.7220335006714
v 1046.1837112903595 379.9198567867279 470.9293007850647
v 1074.7557580471039 329.31508123874664 470.4308331012726
v 1096.3570058345795 276.2809246778488 467.0851022005081
v 1110.8571231365204 221.79264575242996 461.0069811344147
v 1118.4714436531067 166.88261032104492 452.57584154605865
v 1119.7639107704163 112.51327246427536 442.4286961555481
v 1115.6052350997925 59.44295413792133 431.42347037792206
v 1064.5851731300354 8.120501087978482 468.15747022628784
v 1053.817480802536 -39.67479597777128 458.07669162750244
v 1039.4266963005066 -85.81806346774101 448.574423789978
v 1021.9337582588196 -130.38049712777138 440.1347219944
v 1001.7153263092041 -173.5436201095581 433.09081494808197
v 978.9999842643738 -215.53741097450256 427.62824296951294
v 953.888076543808 -256.5883904695511 423.80504310131073
v 926.3754963874817 -296.87837958335876 421.5724766254425
v 896.3865399360657 -336.5195393562317 420.80377638339996
v 863.806140422821 -375.5419731140137 421.318981051445
v 828.5079181194305 -413.89279663562775 422.9079097509384
v 790.3751790523529 -451.4414072036743 425.34565925598145
v 749.3196666240692 -487.99002170562744 428.40624153614044
v 705.2900850772858 -523.2835173606873 431.8670004606247
v 658.2798480987549 -557.0211708545685 435.51341593265533
v 608.3327740430832 -588.8690173625946 439.1416221857071
v 555.5452555418015 -618.472945690155 442.56080985069275
v 500.0675767660141 -645.4724133014679 445.5950081348419
v 442.1043783426285 -669.5151686668396 448.0872690677643
v 381.9133013486862 -690.2776300907135 449.9057501554489
v 319.7996214032173 -707.4801504611969 450.9480148553848
v 256.1097592115402 -720.9016621112823 451.14463567733765
v 191.22052937746048 -730.3939342498779 450.46337842941284
v 125.52855387330055 -735.8866095542908 448.9080786705017
v 59.43696349859238 -737.396889925003 446.52441442012787
v -6.65863617323339 -735.0335657596588 443.40149462223053
v -72.40322045981884 -729.4295430183411 440.02763628959656
v -137.52282112836838 -720.9241330623627 436.6346389055252
v -201.72015875577927 -709.2930912971497 432.98148214817047
v -264.6601691842079 -694.3799734115601 428.8607358932495
v -325.98542869091034 -676.1248826980591 424.1174668073654
v -385.3366732597351 -654.5786499977112 418.6591178178787
v -442.37798154354095 -629.9159675836563 412.4711602926254
v -496.8219190835953 -602.4321734905243 405.62422275543213
v -548.4528809785843 -572.5292265415192 398.27738404273987
v -597.1467345952988 -540.6892836093903 390.6761199235916
v -642.8823262453079 -507.43467807769775 383.14029276371
v -685.7405126094818 -473.2843339443207 376.0482281446457
v -725.8990466594696 -438.70560824871063 369.8149800300598
v -763.6087894439697 -404.0697753429413 364.86501693725586
v -799.1636455059052 -369.6136713027954 361.6014212369919
v -832.8620135784149 -335.4144722223282 360.37326753139496
v -864.9628520011902 -301.3817325234413 361.44610047340393
v -895.6418991088867 -267.2657921910286 364.97237384319305
v -924.9485909938812 -232.68737643957138 370.9670424461365
v -952.7741372585297 -197.18273133039474 379.289972782135
v -978.8308322429657 -160.26484742760658 389.637690782547
v -1002.6432991027832 -121.49440795183182 401.5415221452713
v -1023.5684812068939 -80.55275157094002 414.385724067688
v -1040.8246219158173 -37.310067377984524 427.4283677339554
v -1053.5484492778778 8.120565861463547 439.84368443489075
v -1060.6626749038696 55.33419884741306 450.5374938249588
v -1061.4372253417969 103.62789034843445 458.7616294622421
v -1055.710929632187 152.19706892967224 464.3501937389374
v -1043.582969903946 200.2569705247879 467.36029386520386
v -1025.3854513168335 247.127965092659 468.05189549922943
v -1001.6295492649078 292.3001557588577 466.84923470020294
v -972.9432880878448 335.4716569185257 464.29556608200073
v -940.0000989437103 376.554211974144 460.99791526794434
v -903.4510970115662 415.6514972448349 457.57074654102325
v -863.8644874095917 453.00937592983246 454.57990169525146
v -821.6890692710876 488.951313495636 452.5000602006912
v -777.2275805473328 523.8049983978271 451.6763836145401
v -730.6431293487549 557.8347742557526 452.3083209991455
v -681.9756209850311 591.1848038434982 454.44317758083344
v -631.177207827568 623.8424569368362 457.9853355884552
v -578.151535987854 655.6248664855957 462.7159357070923
v -522.8016316890717 686.1842751502991 468.3208107948303
v -465.0656998157501 715.0351941585541 474.4213253259659
v -404.9507141113281 741.592139005661 480.604749917984
v -342.55430698394775 765.2143001556396 486.45362854003906
v -278.07410657405853 785.2545917034149 491.5689080953598
v -211.81050688028336 801.1024236679077 495.58907747268677
v -144.15973275899887 812.2239947319031 498.2041150331497
v -75.59727244079113 818.1944489479065 499.1655230522156
v -6.658576847985387 818.7241435050964 498.2931077480316
v 62.093983963131905 813.9681279659271 495.7192540168762
v 130.1749750971794 804.6684861183167 492.00654923915863
v 197.22370207309723 791.5901601314545 487.70835995674133
v 263.0075663328171 775.521183013916 483.39087665081024
v 327.414271235466 757.1994543075562 479.5953780412674
v 390.43048918247223 737.249356508255 476.8038660287857
v 452.10929811000824 716.1289870738983 475.40508806705475
v 512.5280290842056 694.0917253494263 475.66462755203247
v 571.7405736446381 671.1711227893829 477.70041823387146
v 629.7312796115875 647.184157371521 481.4655810594559
v 686.369389295578 621.7678070068359 486.745285987854
v 741.3834691047668 594.431933760643 493.1655079126358
v 794.3454086780548 564.6332442760468 500.21499395370483
v 844.6791768074036 531.859827041626 507.28265047073364
v 891.6918158531189 495.71363627910614 513.7061268091202
v 934.6237301826477 455.9854596853256 518.8305497169495
v 972.7128446102142 412.7039283514023 522.0653980970383
v 1005.273562669754 366.1574453115463 522.9471117258072
v 1031.7700684070587 316.8802961707115 521.1888372898102
v 1051.8828094005585 265.60846269130707 516.7219996452332
v 1065.5574679374695 213.2014974951744 509.7208261489868
v 1073.029601573944 160.5453759431839 500.6094753742218
v 1074.8189091682434 108.44622403383255 490.04828333854675
v 1071.6891705989838 57.52195902168751 478.89533042907715
v 1017.678302526474 8.120501087978482 514.8051112890244
v 1008.4139943122864 -37.81536351889372 505.1591843366623
v 995.759904384613 -82.3714166879654 496.26223742961884
v 980.0617754459381 -125.59877559542656 488.4568750858307
v 961.5658581256866 -167.6149308681488 481.9662183523178
v 940.4216229915619 -208.5625246167183 476.9013434648514
v 916.6935384273529 -248.57391268014908 473.2748419046402
v 890.38245677948 -287.7455070614815 471.0214704275131
v 861.4459156990051 -326.1214941740036 470.0180649757385
v 829.8202991485596 -363.68645429611206 470.102795958519
v 795.4388916492462 -400.3639280796051 471.09035551548004
v 758.2459807395935 -436.02071702480316 472.7835804224014
v 718.2084023952484 -470.47100961208344 474.9800384044647
v 675.3229022026062 -503.4840136766434 477.47694849967957
v 629.6219855546951 -534.7918212413788 480.0742030143738
v 581.1778694391251 -564.0960723161697 482.57440626621246
v 530.1077902317047 -591.0813599824905 484.78922843933105
v 476.57485604286194 -615.4261946678162 486.5411877632141
v 420.79095244407654 -636.8206709623337 487.67263889312744
v 363.0142241716385 -654.9797177314758 488.0486011505127
v 303.547041118145 -669.668048620224 487.57097721099854
v 242.72799789905548 -680.7122111320496 486.18161380290985
v 180.9216856956482 -688.018137216568 483.8703215122223
v 118.50674971938133 -691.5797829627991 480.6791752576828
v 55.860425904393196 -691.49369597435 476.7118901014328
v -6.658633751794696 -687.958163022995 472.13564217090607
v -68.73578689992428 -681.4620435237885 467.36021637916565
v -130.11483624577522 -672.2505033016205 462.5525951385498
v -190.5333250761032 -660.2672100067139 457.5857788324356
v -249.71522390842438 -645.4930245876312 452.35132575035095
v -307.3797136545181 -627.9668062925339 446.7761665582657
v -363.25377225875854 -607.7930837869644 440.8310890197754
v -417.087584733963 -585.1477116346359 434.54023003578186
v -468.67031157016754 -560.2795749902725 427.991458773613
v -517.8431838750839 -533.4945887327194 421.33296728134155
v -564.5117461681366 -505.1410913467407 414.775013923645
v -608.6525976657867 -475.5838871002197 408.58139991760254
v -650.3104865550995 -445.17422020435333 403.0558705329895
v -689.5946681499481 -414.21974897384644 398.5275864601135
v -726.6604244709015 -382.95378386974335 395.32702565193176
v -761.6889178752899 -351.5121191740036 393.7644422054291
v -794.8594510555267 -319.91738080978394 394.1042959690094
v -826.3178527355194 -288.07435780763626 396.53948843479156
v -856.1465680599213 -255.77852576971054 401.16939544677734
v -884.3329668045044 -222.73793667554855 407.978093624115
v -910.7487320899963 -188.60789388418198 416.82200133800507
v -935.1340532302856 -153.03503200411797 427.42120027542114
v -957.0946037769318 -115.71075320243835 439.36094641685486
v -976.1129319667816 -76.42234377563 452.10069715976715
v -991.5751159191132 -35.10495517402887 464.9988681077957
v -1002.8100490570068 8.120562229305506 477.34320759773254
v -1009.0263664722443 52.91455686092377 488.2395267486572
v -1009.6608996391296 98.71769696474075 497.04434275627136
v -1004.5275270938873 144.8778733611107 503.54189574718475
v -993.6449229717255 190.73784947395325 507.7120006084442
v -977.2184252738953 235.7023388147354 509.7148597240448
v -955.6071817874908 279.29253578186035 509.865066409111
v -929.2769610881805 321.1804613471031 508.59255194664
v -898.7496316432953 361.20066344738007 506.39915466308594
v -864.5514011383057 399.3410348892212 503.81189584732056
v -827.1658599376678 435.7133686542511 501.3361006975174
v -787.0018243789673 470.5075055360794 499.41502809524536
v -744.369238615036 503.9422273635864 498.39798510074615
v -699.4767725467682 536.2109780311584 498.51789474487305
v -652.4383306503296 567.4368053674698 499.8817652463913
v -603.2952129840851 597.6398944854736 502.4731308221817
v -552.0409494638443 626.7180025577545 506.1616212129593
v -498.6567884683609 654.4435918331146 510.7230305671692
v -443.1379646062851 680.4756462574005 515.861052274704
v -385.5224460363388 704.384583234787 521.234205365181
v -325.91022849082947 725.6809234619141 526.4786154031754
v -264.47441577911377 743.8527941703796 531.2315315008163
v -201.46815478801727 758.4005653858185 535.1510465145111
v -137.22243681550026 768.8724935054779 537.9322528839111
v -72.13539481163025 774.8947083950043 539.3201440572739
v -6.65857745334506 776.1967062950134 539.1210436820984
v 58.73824283480644 773.0783581733704 537.6269191503525
v 123.67203682661057 766.2295997142792 535.4536682367325
v 187.84672915935516 756.1182916164398 532.9894572496414
v 251.04881674051285 743.2494103908539 530.6520134210587
v 313.14442306756973 728.1049966812134 528.8499593734741
v 374.06536042690277 711.0941767692566 527.9483318328857
v 433.78543853759766 692.5102353096008 528.2357275485992
v 492.2885984182358 672.4996209144592 529.8936188220978
v 549.5341598987579 651.0529577732086 532.9768657684326
v 605.4230183362961 628.0086487531662 537.3978316783905
v 659.7637832164764 603.0826300382614 542.923903465271
v 712.2573971748352 575.9119957685471 549.188843369484
v 762.4871790409088 546.1121052503586 555.7125478982925
v 809.9308729171753 513.3438795804977 561.9392484426498
v 853.9883494377136 477.3746281862259 567.2805935144424
v 894.0221309661865 438.13209533691406 571.1673319339752
v 929.4121742248535 395.74021995067596 573.1042116880417
v 959.6166968345642 350.5281239748001 572.7211982011795
v 984.2297494411469 303.0141696333885 569.818377494812
v 1003.0308067798615 253.86485308408737 564.3991202116013
v 1016.0193264484406 203.82911562919617 556.6891044378281
v 1023.4297037124634 153.6576807498932 547.1374005079269
v 1025.7214307785034 104.0195144712925 536.4013224840164
v 1023.543918132782 55.416106432676315 525.3084987401962
v 966.3902163505554 8.120501087978482 560.2266520261765
v 958.378005027771 -35.72571761906147 550.9874105453491
v 947.1446990966797 -78.40327434241772 542.5706446170807
v 932.919579744339 -119.9363186955452 535.2095872163773
v 915.8656001091003 -160.38749814033508 529.0434807538986
v 896.0836470127106 -199.8303323984146 524.1274952888489
v 873.6216068267822 -238.32634538412094 520.4434603452682
v 848.4894752502441 -275.90860426425934 517.9160594940186
v 820.6734597682953 -312.5714913010597 516.4280563592911
v 790.1505470275879 -348.26615154743195 515.8338934183121
v 756.8995833396912 -382.8999310731888 515.9698814153671
v 720.911580324173 -416.33810102939606 516.6617929935455
v 682.196843624115 -448.40736389160156 517.729976773262
v 640.7899707555771 -478.8998246192932 518.9909070730209
v 596.7555850744247 -507.5792670249939 520.2610969543457
v 550.1910477876663 -534.186926484108 521.3576406240463
v 501.2313783168793 -558.4514856338501 522.1038699150085
v 450.05026161670685 -580.0993800163269 522.3324924707413
v 396.86272144317627 -598.8701015710831 521.8950837850571
v 341.9247329235077 -614.5342916250229 520.6725865602493
v 285.5274498462677 -626.9064486026764 518.5795724391937
v 227.99356281757355 -635.8680188655853 515.5811339616776
v 169.66414600610733 -641.3746029138565 511.6927295923233
v 110.8892135322094 -643.4775352478027 506.998935341835
v 52.009815350174904 -642.325434088707 501.6537547111511
v -6.658630724996328 -638.174507021904 495.8930164575577
v -64.84515964984894 -631.3852965831757 490.0392949581146
v -122.31796830892563 -622.1203297376633 484.1904550790787
v -178.8486048579216 -610.424742102623 478.30883860588074
v -234.21061635017395 -596.363776922226 472.367325425148
v -288.1828770041466 -580.0291001796722 466.3554161787033
v -340.5573755502701 -561.5498423576355 460.29372215270996
v -391.1464989185333 -541.0865932703018 454.2317569255829
v -439.79254364967346 -518.8380658626556 448.26200008392334
v -486.3738566637039 -495.02780735492706 442.51439571380615
v -530.81194460392 -469.89749670028687 437.16049790382385
v -573.0752319097519 -443.68993639945984 432.40669071674347
v -613.1747603416443 -416.630494594574 428.4841537475586
v -651.1620581150055 -388.90843093395233 425.63805282115936
v -687.115889787674 -360.6592297554016 424.1116553544998
v -721.1293160915375 -331.95107877254486 424.1300195455551
v -753.2892763614655 -302.7743697166443 425.8792668581009
v -783.6573719978333 -273.04154336452484 429.488605260849
v -812.2477829456329 -242.5933077931404 435.01239120960236
v -839.0066564083099 -211.215278506279 442.41261780261993
v -863.797926902771 -178.6628320813179 451.5498489141464
v -886.3937079906464 -144.69248801469803 462.1760129928589
v -906.4716577529907 -109.09974128007889 473.9348292350769
v -923.624587059021 -71.75520956516266 486.3697499036789
v -937.3785138130188 -32.64135681092739 498.9421308040619
v -947.2211003303528 8.120559202507138 511.05467081069946
v -952.5887131690979 50.24954080581665 522.0101892948151
v -953.0607581138611 93.30852255225182 531.2791466712952
v -948.4443724155426 136.77886798977852 538.6111855506897
v -938.7023627758026 180.12036383152008 543.9200639724731
v -923.9435195922852 222.82185405492783 547.2727686166763
v -904.4025480747223 264.4450679421425 548.8735139369965
v -880.4090738296509 304.65478152036667 549.0347236394882
v -852.3526191711426 343.2332396507263 548.1440991163254
v -820.6447899341583 380.07982671260834 546.6271549463272
v -785.684871673584 415.19603431224823 544.9101805686951
v -747.8326320648193 448.6565589904785 543.3858752250671
v -707.3874771595001 480.57708740234375 542.384135723114
v -664.5815551280975 511.0754758119583 542.1514451503754
v -619.57967877388 540.2376562356949 542.8366154432297
v -572.4908322095871 568.0893927812576 544.4883465766907
v -523.3824670314789 594.5785760879517 547.0585972070694
v -472.30498790740967 619.5655763149261 550.4138588905334
v -419.3093031644821 642.8271949291229 554.3501496315002
v -364.4687533378601 664.0684425830841 558.6121141910553
v -307.89573192596436 682.9417943954468 562.9129767417908
v -249.75139051675797 699.0719854831696 566.9540286064148
v -190.2541622519493 712.082976102829 570.443457365036
v -129.6804592013359 721.6245293617249 573.1118053197861
v -68.35840083658695 727.3983240127563 574.727737903595
v -6.658578058704734 729.1809678077698 575.1096665859222
v 55.039335414767265 727.3550093173981 574.6817111968994
v 116.44359678030014 722.5272417068481 574.0760415792465
v 177.3179069161415 714.9322152137756 573.5167473554611
v 237.47120946645737 704.841673374176 573.2655376195908
v 296.7578887939453 692.5235629081726 573.5876470804214
v 355.0688445568085 678.2009661197662 574.7170835733414
v 412.3159170150757 662.024050951004 576.8294304609299
v 468.40910613536835 644.0461665391922 580.0133317708969
v 523.2327252626419 624.21934902668 584.2544138431549
v 576.6228139400482 602.3988544940948 589.421996474266
v 628.343465924263 578.3670634031296 595.2688992023468
v 678.0796229839325 551.8680781126022 601.4427542686462
v 725.4340529441833 522.6513475179672 607.5067341327667
v 769.9382364749908 490.5197471380234 612.9715532064438
v 811.077743768692 455.3735136985779 617.3340946435928
v 848.3252048492432 417.24778711795807 620.1229721307755
v 881.1830043792725 376.3339579105377 620.9442466497421
v 909.2295408248901 332.981139421463 619.523811340332
v 932.1627736091614 287.6789078116417 615.7450884580612
v 949.8345494270325 241.0208836197853 609.6730500459671
v 962.2743904590607 193.65091770887375 601.5672743320465
v 969.6967005729675 146.1991749703884 591.8798536062241
v 972.488522529602 99.21801462769508 581.2366038560867
v 971.1787760257721 53.11711020767689 570.4010725021362
v 910.6655120849609 8.120501087978482 603.8792639970779
v 903.6981999874115 -33.39491579681635 594.9863851070404
v 893.641984462738 -73.9048708230257 586.8968039751053
v 880.6536197662354 -113.40351924300194 579.7655701637268
v 864.8473978042603 -151.90741643309593 573.6760973930359
v 846.2974727153778 -189.43656831979752 568.6457425355911
v 825.048166513443 -226.0003700852394 564.6397531032562
v 801.122260093689 -261.5868017077446 561.581301689148
v 774.5305240154266 -296.15576416254044 559.3614816665649
v 745.2816367149353 -329.63641583919525 557.8506588935852
v 713.3899331092834 -361.9268238544464 556.9049805402756
v 678.8815259933472 -392.89520382881165 556.3713729381561
v 641.8000012636185 -422.3821669816971 556.0914933681488
v 602.2094011306763 -450.20403265953064 555.9026598930359
v 560.1991832256317 -476.1573225259781 555.6414932012558
v 515.8859252929688 -500.02368092536926 555.1444977521896
v 469.41743195056915 -521.5786308050156 554.2544156312943
v 420.9743231534958 -540.6022667884827 552.8265029191971
v 370.77042162418365 -556.8894058465958 550.7339924573898
v 319.0523847937584 -570.2660143375397 547.8799879550934
v 266.0952493548393 -580.6033879518509 544.2061811685562
v 212.1970072388649 -587.8329902887344 539.7041648626328
v 157.6682224869728 -591.9584631919861 534.4227164983749
v 102.82156094908714 -593.0697679519653 528.482249379158
v 47.95614778995514 -591.3481056690216 522.079810500145
v -6.658627698197961 -587.070643901825 515.4989987611771
v -60.79503707587719 -580.488321185112 508.97134244441986
v -114.24789428710938 -571.685403585434 502.51632928848267
v -166.81965291500092 -560.7612669467926 496.162474155426
v -218.32282096147537 -547.8208661079407 489.93891179561615
v -268.5805946588516 -532.9784542322159 483.8809758424759
v -317.43025332689285 -516.3621932268143 478.0387610197067
v -364.72670435905457 -498.11159670352936 472.47789800167084
v -410.3460669517517 -478.3779174089432 467.2854036092758
v -454.18898463249207 -457.32015669345856 462.5709980726242
v -496.18389904499054 -435.09933054447174 458.4679186344147
v -536.287534236908 -411.86851263046265 455.12757301330566
v -574.4824945926666 -387.76469826698303 452.7166724205017
v -610.7754439115524 -362.89694905281067 451.4082819223404
v -645.1875358819962 -337.3365134000778 451.37012004852295
v -677.7462005615234 -311.1094266176224 452.75363326072693
v -708.4727466106415 -284.19203609228134 455.67993223667145
v -737.3682200908661 -256.51100128889084 460.2253019809723
v -764.400851726532 -227.9489889740944 466.4083003997803
v -789.4921481609344 -198.3570322394371 474.1779029369354
v -812.5070512294769 -167.57060885429382 483.4028869867325
v -833.2489013671875 -135.43244153261185 493.87035965919495
v -851.457267999649 -101.81794241070747 505.28165102005005
v -866.8167054653168 -66.66030883789062 517.2637045383453
v -878.9659738540649 -29.97506707906723 529.3748885393143
v -887.5191152095795 8.120554964989424 541.1265760660172
v -892.0828104019165 47.395095601677895 551.9932568073273
v -892.3487424850464 87.50904127955437 561.5528643131256
v -888.1362915039062 128.05446311831474 569.5433795452118
v -879.376882314682 168.59321147203445 575.8302092552185
v -866.1140620708466 208.6946189403534 580.4069995880127
v -848.4900951385498 247.96804934740067 583.3801776170731
v -826.7277538776398 286.088390648365 584.9534153938293
v -801.1084675788879 322.81134873628616 585.4043453931808
v -771.9458997249603 357.9777866601944 585.0556194782257
v -739.5602226257324 391.50874614715576 584.2470914125443
v -704.2587459087372 423.38902056217194 583.3079606294632
v -666.3167774677277 453.64793837070465 582.5322479009628
v -625.9704947471619 482.33338594436646 582.1593463420868
v -583.4125280380249 509.48774814605713 582.3603451251984
v -538.7959897518158 535.1263284683228 583.2308232784271
v -492.24175810813904 559.2213869094849 584.7900360822678
v -443.85339319705963 581.6909432411194 586.9850605726242
v -393.7281399965286 602.3982733488083 589.700984954834
v -341.9721156358719 621.1554735898972 592.7726477384567
v -288.7126103043556 637.7339214086533 595.9999799728394
v -234.10645574331284 651.8802762031555 599.1634249687195
v -178.3473089337349 663.3338749408722 602.0395904779434
v -121.66849002242088 671.8461036682129 604.4160485267639
v -64.33906927704811 677.2006213665009 606.1050117015839
v -6.658578664064407 679.2292833328247 606.9554209709167
v 51.07237473130226 678.3465623855591 607.4882537126541
v 108.63631665706635 675.0640213489532 608.3233594894409
v 165.847048163414 669.4479882717133 609.5381855964661
v 222.5356787443161 661.5971803665161 611.2489223480225
v 278.55235040187836 651.6138017177582 613.5812133550644
v 333.7609589099884 639.5773530006409 616.6414469480515
v 388.0294680595398 625.5257248878479 620.4928129911423
v 441.2155747413635 609.4405919313431 625.1334518194199
v 493.1509792804718 591.2458628416061 630.4822742938995
v 543.6282515525818 570.8126395940781 636.3701671361923
v 592.3865735530853 547.9804486036301 642.543014883995
v 639.1094148159027 522.5794404745102 648.6696422100067
v 683.4256172180176 494.4642126560211 654.3619990348816
v 724.921327829361 463.54685723781586 659.2030942440033
v 763.1605327129364 429.82578575611115 662.7789974212646
v 797.7114021778107 393.4097498655319 664.7163808345795
v 828.1779050827026 354.5289605855942 664.7186279296875
v 854.234367609024 313.5315626859665 662.5996947288513
v 875.6561577320099 270.86583226919174 658.3126246929169
v 892.3422336578369 227.05017030239105 651.9654333591461
v 904.3317258358002 182.63098895549774 643.8314914703369
v 911.8036270141602 138.13289776444435 634.3401104211807
v 915.0659441947937 94.01216357946396 624.0596890449524
v 914.5280361175537 50.60918740928173 613.6610627174377
v 850.4413485527039 8.120501087978482 644.9704974889755
v 844.3617939949036 -30.81122376024723 636.3623797893524
v 835.3162288665771 -68.86661238968372 628.4602761268616
v 823.4178602695465 -106.01061508059502 621.368870139122
v 808.7543249130249 -142.22190380096436 615.1373267173767
v 791.3898587226868 -177.48064696788788 609.7656071186066
v 771.371340751648 -211.75888180732727 605.2133798599243
v 748.7354218959808 -245.0136810541153 601.4084666967392
v 723.5137164592743 -277.18309462070465 598.2552111148834
v 695.7404732704163 -308.1842318177223 595.6412971019745
v 665.4566049575806 -337.9127770662308 593.4424370527267
v 632.7146470546722 -366.24469459056854 591.5272533893585
v 597.5823998451233 -393.0371582508087 589.7587895393372
v 560.1455241441727 -418.13194155693054 587.9971444606781
v 520.5108344554901 -441.3593888282776 586.1028432846069
v 478.8079649209976 -462.54240572452545 583.9376121759415
v 435.1917326450348 -481.50397539138794 581.3710421323776
v 389.84318375587463 -498.0759918689728 578.2863229513168
v 342.9696321487427 -512.1084809303284 574.5873719453812
v 294.8027417063713 -523.4805643558502 570.2061176300049
v 245.59560120105743 -532.1156471967697 565.1168346405029
v 195.61637043952942 -537.9900574684143 559.3421101570129
v 145.13940811157227 -541.1426931619644 552.9607087373734
v 94.4364383816719 -541.6890472173691 546.1246579885483
v 43.762293457984924 -539.8198902606964 539.0592485666275
v -6.658624671399593 -535.8045250177383 532.071790099144
v -56.638167798519135 -529.7998607158661 525.3003239631653
v -105.99684193730354 -521.8208909034729 518.6804205179214
v -154.56326976418495 -511.985781788826 512.2825920581818
v -202.17936038970947 -500.41045248508453 506.1713844537735
v -248.69909137487411 -487.2085362672806 500.40766298770905
v -293.9896807074547 -472.4961459636688 495.0582593679428
v -337.9326522350311 -456.38714730739594 490.1930272579193
v -380.4240196943283 -438.993701338768 485.88929772377014
v -421.37655317783356 -420.4269617795944 482.23656713962555
v -460.71935296058655 -400.7904499769211 479.3330103158951
v -498.3986049890518 -380.1779240369797 477.2856742143631
v -534.3745976686478 -358.66822600364685 476.2076884508133
v -568.6210244894028 -336.31966412067413 476.21299624443054
v -601.118591427803 -313.1653055548668 477.40907073020935
v -631.8496316671371 -289.2092376947403 479.8893213272095
v -660.790628194809 -264.42527025938034 483.7233304977417
v -687.9039227962494 -238.75767141580582 488.94720673561096
v -713.1291925907135 -212.12562322616577 495.5536276102066
v -736.3749265670776 -184.43205505609512 503.48292887210846
v -757.513427734375 -155.57483062148094 512.6173317432404
v -776.376861333847 -125.46118944883347 522.7762550115585
v -792.7565574645996 -94.02583986520767 533.7170898914337
v -806.4089775085449 -61.24633997678757 545.1380282640457
v -817.0616805553436 -27.160578034818172 556.6860437393188
v -824.4275808334351 8.120551332831383 567.9698705673218
v -828.2314479351044 44.40558739006519 578.5969257354736
v -828.2495021820068 81.42887651920319 588.2364600896835
v -824.3261516094208 118.86991709470749 596.6369152069092
v -816.3839876651764 156.37684985995293 603.641265630722
v -804.4273495674133 193.5920089483261 609.1900408267975
v -788.5367453098297 230.17648011446 613.316211104393
v -768.8584685325623 265.82984030246735 616.1341458559036
v -745.5906510353088 300.30368864536285 617.8253948688507
v -718.967068195343 333.4089398384094 618.6182707548141
v -689.2390072345734 365.0162309408188 618.7680512666702
v -656.661707162857 395.04834711551666 618.5362905263901
v -621.4784741401672 423.4701484441757 618.170440196991
v -583.9140951633453 450.2725690603256 617.8878098726273
v -544.1684454679489 475.456964969635 617.8623557090759
v -502.4169921875 499.01934564113617 618.2163894176483
v -458.81211161613464 520.9386736154556 619.0165877342224
v -413.49234879016876 541.1657065153122 620.2742248773575
v -366.58714413642883 559.6204787492752 621.9497442245483
v -318.2272359728813 576.1915266513824 623.9603519439697
v -268.5526803135872 590.7398015260696 626.1893540620804
v -217.7182748913765 603.1082779169083 628.4977406263351
v -165.90041667222977 613.1313294172287 630.7366222143173
v -113.29949423670769 620.6475138664246 632.7579230070114
v -60.13818308711052 625.5128234624863 634.42662358284
v -6.658579874783754 627.6120752096176 635.6307178735733
v 46.90193571150303 627.3500561714172 636.9494527578354
v 100.38049891591072 625.1455008983612 638.9710634946823
v 153.62884625792503 620.9585428237915 641.6568845510483
v 206.49750232696533 614.7724449634552 645.001220703125
v 258.8375970721245 606.577056646347 649.0101546049118
v 310.49844920635223 596.3536649942398 653.6783397197723
v 361.3218128681183 584.0635657310486 658.9708685874939
v 411.13421618938446 569.6424067020416 664.8085117340088
v 459.73741114139557 552.9994130134583 671.0545837879181
v 506.9026589393616 534.0243607759476 677.5130450725555
v 552.3622453212738 512.6023381948471 683.929431438446
v 595.8120763301849 488.6310249567032 690.0006175041199
v 636.9148164987564 462.0427370071411 695.3916311264038
v 675.3104269504547 432.8261226415634 699.7569620609283
v 710.6337547302246 401.0440617799759 702.7679920196533
v 742.5335168838501 366.8472647666931 704.1406571865082
v 770.6952750682831 330.47834038734436 703.6631882190704
v 794.8665022850037 292.26563572883606 701.2216806411743
v 814.8768067359924 252.60706096887589 696.819543838501
v 830.6521892547607 211.9460493326187 690.5876517295837
v 842.2240316867828 170.73938101530075 682.7884495258331
v 849.7271597385406 129.42088097333908 673.8047957420349
v 853.3906996250153 88.36945593357086 664.1271770000458
v 853.5140573978424 47.87471480667591 654.315584897995
v 785.7195854187012 8.120501087978482 682.5056254863739
v 780.4196178913116 -27.967888116836548 674.1449594497681
v 772.2885429859161 -63.287874311208725 666.337388753891
v 761.41477227211 -97.77906015515327 659.1579973697662
v 747.8723049163818 -131.39105066657066 652.6402592658997
v 731.7225098609924 -164.0749230980873 646.7783242464066
v 713.0188524723053 -195.77748328447342 641.5369361639023
v 691.8106138706207 -226.43650025129318 636.8560045957565
v 668.1463778018951 -255.97768425941467 632.6555639505386
v 642.079570889473 -284.3139797449112 628.8432508707047
v 613.6708647012711 -311.3448292016983 625.3164738416672
v 582.9913139343262 -336.95764541625977 621.9658613204956
v 550.1256883144379 -361.02910935878754 618.679291009903
v 515.1737123727798 -383.4277272224426 615.3421223163605
v 478.252312541008 -404.0168136358261 611.8411868810654
v 439.49716687202454 -422.6591408252716 608.0678880214691
v 399.06371235847473 -439.22236263751984 603.9226949214935
v 357.12768733501434 -453.5864144563675 599.3220001459122
v 313.883601129055 -465.649750828743 594.2023426294327
v 269.54411417245865 -475.3398060798645 588.5304808616638
v 224.33517575263977 -482.62066543102264 582.3104053735733
v 178.49224656820297 -487.503719329834 575.59534907341
v 132.25147500634193 -490.0517702102661 568.4908092021942
v 85.8426459133625 -490.38678109645844 561.1655116081238
v 39.47802744805813 -488.69173526763916 553.857609629631
v -6.658622249960899 -485.20893156528473 546.8776673078537
v -52.4130430072546 -480.0146162509918 540.2664810419083
v -97.62867912650108 -473.07035624980927 533.8808566331863
v -142.15531423687935 -464.48931992053986 527.8103291988373
v -185.8560547232628 -454.3797552585602 522.1355617046356
v -228.60560566186905 -442.84437000751495 516.9311344623566
v -270.2898785471916 -429.9799054861069 512.2672110795975
v -310.80573946237564 -415.8760517835617 508.21073949337006
v -350.060573220253 -400.6162226200104 504.82967495918274
v -387.9722058773041 -384.2762768268585 502.19313502311707
v -424.46816861629486 -366.92323982715607 500.37182569503784
v -459.4860076904297 -348.6132889986038 499.4379252195358
v -492.9702430963516 -329.3910562992096 499.4640380144119
v -524.8724848031998 -309.2862382531166 500.5197077989578
v -555.1471322774887 -288.3123368024826 502.6677757501602
v -583.7481200695038 -266.4653033018112 505.958491563797
v -610.6243848800659 -243.72324794530869 510.42362451553345
v -635.7153326272964 -220.048725605011 516.0706132650375
v -658.9457631111145 -195.3912928700447 522.8752821683884
v -680.2203297615051 -169.6937844157219 530.7737052440643
v -699.4219124317169 -142.9004780948162 539.6628648042679
v -716.4080917835236 -114.96533751487732 549.391508102417
v -731.011962890625 -85.86471974849701 559.7627818584442
v -743.0462419986725 -55.60712404549122 570.5389201641083
v -752.3064434528351 -24.244175478816032 581.4406245946884
v -758.5808753967285 8.120546489953995 592.160353064537
v -761.6728007793427 41.32710099220276 602.3988544940948
v -761.4190340042114 75.16382522881031 611.8947684764862
v -757.6952874660492 109.37729626893997 620.4260587692261
v -750.4303514957428 143.6857894062996 627.8340727090836
v -739.6121382713318 177.79679000377655 634.0340793132782
v -725.2837300300598 211.42325103282928 639.0093415975571
v -707.539427280426 244.29869800806046 642.8079783916473
v -686.5184724330902 276.188600063324 645.5373853445053
v -662.3926520347595 306.89724683761597 647.3465293645859
v -635.3563785552979 336.2718939781189 648.4166890382767
v -605.6165397167206 364.19914066791534 648.9435940980911
v -573.3810305595398 390.6025469303131 649.1250663995743
v -538.8527095317841 415.43217301368713 649.1457164287567
v -502.2235870361328 438.6560171842575 649.1676062345505
v -463.67253959178925 460.2497100830078 649.3207961320877
v -423.3642637729645 480.18795251846313 649.6988117694855
v -381.45408034324646 498.4359920024872 650.3562808036804
v -338.08882534503937 514.9458646774292 651.3099014759064
v -293.4129133820534 529.6536833047867 652.5419294834137
v -247.57331609725952 542.480605840683 654.0057957172394
v -200.72256475687027 553.3366322517395 655.6333124637604
v -153.02377715706825 562.124827504158 657.342654466629
v -104.65299189090729 568.7490314245224 659.0469598770142
v -55.798257887363434 573.1207549571991 660.661768913269
v -6.658580480143428 575.1663863658905 662.1132373809814
v 42.57499910891056 575.2530932426453 664.0016496181488
v 91.77538380026817 573.7153828144073 666.8721973896027
v 140.81991985440254 570.459458231926 670.6065595149994
v 189.57451283931732 565.4053539037704 675.1115202903748
v 237.89494186639786 558.4792643785477 680.3023099899292
v 285.6260895729065 549.6066480875015 686.0889673233032
v 332.59924948215485 538.7081980705261 692.363166809082
v 378.6281257867813 525.6971687078476 698.98721575737
v 423.5050559043884 510.48270761966705 705.787855386734
v 466.9990539550781 492.97543466091156 712.5552535057068
v 508.8519752025604 473.09825122356415 719.0447866916656
v 548.7835913896561 450.79815685749054 724.9862611293793
v 586.495503783226 426.0605067014694 730.0969302654266
v 621.6804802417755 398.9221841096878 734.0989291667938
v 654.0358603000641 369.48148012161255 736.738646030426
v 683.2770764827728 337.9040598869324 737.806636095047
v 709.1541588306427 304.42429929971695 737.1592402458191
v 731.4682006835938 269.33666467666626 734.7336947917938
v 750.0846087932587 232.98329561948776 730.5631637573242
v 764.9406969547272 195.73484659194946 724.778288602829
v 776.0518074035645 157.9680934548378 717.6114499568939
v 783.5075914859772 120.04034370183945 709.3849897384644
v 787.4621689319611 82.26718828082085 700.4922270774841
v 788.1214201450348 44.90102343261242 691.3784742355347
v 716.6341960430145 8.120501087978482 715.3921723365784
v 712.0464026927948 -24.86871052533388 707.2837233543396
v 704.7909200191498 -57.186681777238846 699.546355009079
v 694.940584897995 -88.75410631299019 692.2401189804077
v 682.5619578361511 -119.4999560713768 685.3920578956604
v 667.7169501781464 -149.35637265443802 679.002171754837
v 650.4642963409424 -178.25438380241394 673.0448126792908
v 630.8633506298065 -206.12101703882217 667.4760460853577
v 608.9750945568085 -232.87746906280518 662.2359752655029
v 584.8660498857498 -258.4381565451622 657.2537004947662
v 558.6099833250046 -282.71069675683975 652.4503409862518
v 530.2899986505508 -305.5969148874283 647.7415144443512
v 500.00051259994507 -326.99390947818756 643.0409789085388
v 467.848339676857 -346.79651260375977 638.2622987031937
v 433.9539706707001 -364.8994594812393 633.3212465047836
v 398.45242500305176 -381.20151460170746 628.14080119133
v 361.49367690086365 -395.60946226119995 622.6542472839355
v 323.2420355081558 -408.0437242984772 616.8108701705933
v 283.8752344250679 -418.4430867433548 610.5807989835739
v 243.58261078596115 -426.7717123031616 603.9626002311707
v 202.56119221448898 -433.02471935749054 596.9887793064117
v 161.01227775216103 -437.2343420982361 589.7349625825882
v 119.13445442914963 -439.47306871414185 582.322570681572
v 77.11818777024746 -439.8570507764816 574.9264121055603
v 35.13739034533501 -438.54718804359436 567.779952287674
v -6.658619223162532 -435.7462227344513 561.1769407987595
v -48.14270995557308 -431.4663589000702 555.0638347864151
v -89.17780965566635 -425.6346434354782 549.2328941822052
v -129.6307422220707 -418.3473914861679 543.7759786844254
v -169.37996596097946 -409.6958816051483 538.7764632701874
v -208.3137944340706 -399.7650384902954 534.3092769384384
v -246.32964581251144 -388.63273561000824 530.442801117897
v -283.33331644535065 -376.36824548244476 527.2376298904419
v -319.23792511224747 -363.0329757928848 524.750405550003
v -353.96346747875214 -348.68023693561554 523.0344384908676
v -387.4355763196945 -333.3543509244919 522.1393972635269
v -419.5859283208847 -317.09094196558 522.112625837326
v -450.3490477800369 -299.91623908281326 522.9978263378143
v -479.66368198394775 -281.8464756011963 524.8338580131531
v -507.4689269065857 -262.88798600435257 527.6523351669312
v -533.7027937173843 -243.03687661886215 531.4743340015411
v -558.2998067140579 -222.2797617316246 536.3059759140015
v -581.1883300542831 -200.59593319892883 542.1358704566956
v -602.2876232862473 -177.95906513929367 548.928838968277
v -621.5052455663681 -154.3422892689705 556.6228151321411
v -638.7357771396637 -129.7227568924427 565.1260167360306
v -653.8596570491791 -104.0873147547245 574.3136525154114
v -666.7440354824066 -77.44100913405418 584.0296268463135
v -677.2440135478973 -49.811889976263046 594.084370136261
v -685.2074086666107 -21.259524673223495 604.2626649141312
v -690.479326248169 8.12054225243628 614.3259704113007
v -692.9137825965881 38.193245977163315 624.0334987640381
v -692.3897445201874 68.78622062504292 633.1725507974625
v -688.8151586055756 99.69668462872505 641.560685634613
v -682.1346998214722 130.6996814906597 649.0588545799255
v -672.3317861557007 161.55815720558167 655.5738806724548
v -659.4313681125641 192.034849524498 661.0651612281799
v -643.4963256120682 221.90209478139877 665.5399799346924
v -624.6247947216034 250.95037072896957 669.0513372421265
v -602.9436200857162 278.994756937027 671.6895818710327
v -578.601536154747 305.87944835424423 673.5744297504425
v -551.7636269330978 331.4774453639984 674.8458981513977
v -522.6021826267242 355.690398812294 675.6523728370667
v -491.29282534122467 378.4441739320755 676.1424720287323
v -458.00924003124237 399.6837556362152 676.455283164978
v -422.920423746109 419.367378950119 676.7139315605164
v -386.1879348754883 437.46145367622375 677.0203113555908
v -347.9687601327896 453.93339693546295 677.451366186142
v -308.41318368911743 468.7493085861206 678.0583143234253
v -267.66891330480576 481.8702518939972 678.8674235343933
v -225.8828043937683 493.2515949010849 679.88241314888
v -183.2023710012436 502.84339785575867 681.0880184173584
v -139.7793985903263 510.59215664863586 682.4548721313477
v -95.77153250575066 516.4437085390091 683.9442312717438
v -51.34180337190628 520.3465640544891 685.5134785175323
v -6.658581690862775 522.2554326057434 687.1196866035461
v 38.11871409416199 522.4825441837311 689.3493473529816
v 82.88322165608406 521.2894529104233 692.6984488964081
v 127.52755805850029 518.5676783323288 697.0072150230408
v 171.92896604537964 514.2147839069366 702.1302044391632
v 215.9503921866417 508.13333094120026 707.9277873039246
v 259.44001227617264 500.2284377813339 714.2563045024872
v 302.2308826446533 490.4088258743286 720.9624886512756
v 344.13928389549255 478.5870134830475 727.8757154941559
v 384.96369421482086 464.6833062171936 734.8061442375183
v 424.48610663414 448.63091111183167 741.5449500083923
v 462.4702662229538 430.38325905799866 747.8666484355927
v 498.66786897182465 409.9220246076584 753.5374641418457
v 532.8222811222076 387.26557195186615 758.3245515823364
v 564.6762877702713 362.4762773513794 762.0087027549744
v 593.9818173646927 335.66486835479736 764.3982946872711
v 620.509472489357 306.9930389523506 765.3428494930267
v 644.0590679645538 276.6718417406082 764.7462069988251
v 664.4709050655365 244.95417177677155 762.5776052474976
v 681.6332101821899 212.1248483657837 758.8786542415619
v 695.4868614673615 178.48734557628632 753.764808177948
v 706.0275971889496 144.34799477458 747.4234282970428
v 713.3030712604523 109.99883115291595 740.103942155838
v 717.4070417881012 75.70445500314236 732.1061432361603
v 718.4675931930542 41.686757281422615 723.7573325634003
v 643.5006260871887 8.120501087978482 742.5875246524811
v 639.587464928627 -21.532193198800087 734.7883999347687
v 633.2067608833313 -50.60720667243004 727.1745443344116
v 624.420890212059 -79.01422269642353 719.800740480423
v 613.2903695106506 -106.67027309536934 712.6934885978699
v 599.8763740062714 -133.49686935544014 705.8605372905731
v 584.2413187026978 -159.41760540008545 699.2918133735657
v 566.4490908384323 -184.35544073581696 692.9594993591309
v 546.5683817863464 -208.23260843753815 686.8260145187378
v 524.6726095676422 -230.9690073132515 680.8430075645447
v 500.8424371480942 -252.48296707868576 674.9565482139587
v 475.166392326355 -272.6918876171112 669.1094517707825
v 447.7419912815094 -291.51262640953064 663.2418990135193
v 418.67666840553284 -308.86422991752625 657.2965502738953
v 388.0882799625397 -324.66903775930405 651.2193202972412
v 356.1054140329361 -338.8563632965088 644.9645310640335
v 322.8669837117195 -351.3642370700836 638.4961128234863
v 288.52185904979706 -362.14486956596375 631.7946940660477
v 253.22743356227875 -371.1665689945221 624.860081076622
v 217.14762896299362 -378.418293595314 617.7157133817673
v 180.45024126768112 -383.9141845703125 610.4169547557831
v 143.30341517925262 -387.6947283744812 603.0510157346725
v 105.8711789548397 -389.83066976070404 595.7452058792114
v 68.30912455916405 -390.4225468635559 588.668018579483
v 30.75860347598791 -389.60045874118805 582.0321142673492
v -6.658616196364164 -387.52022981643677 576.0938555002213
v -43.83588582277298 -384.15369391441345 570.7266300916672
v -80.65251484513283 -379.40937876701355 565.6724095344543
v -116.98950529098511 -373.36345314979553 561.0175907611847
v -152.73709818720818 -366.0873591899872 556.8386912345886
v -187.79338002204895 -357.6476961374283 553.204944729805
v -222.06332385540009 -348.1041669845581 550.1761704683304
v -255.45843094587326 -337.51000463962555 547.8059113025665
v -287.89536505937576 -325.91104209423065 546.1402326822281
v -319.2953422665596 -313.34625482559204 545.2199697494507
v -349.5834916830063 -299.8474508523941 545.0799912214279
v -378.6882549524307 -285.4396775364876 545.7507878541946
v -406.53972029685974 -270.1415315270424 547.2569227218628
v -433.07028114795685 -253.96510064601898 549.6178835630417
v -458.21209847927094 -236.91644817590714 552.8446733951569
v -481.8964421749115 -218.99634897708893 556.9395780563354
v -504.05260622501373 -200.20152926445007 561.8943065404892
v -524.6061265468597 -180.52546083927155 567.6854968070984
v -543.4775412082672 -159.96080189943314 574.2729723453522
v -560.5813831090927 -138.50283548235893 581.5992385149002
v -575.824785232544 -116.15139693021774 589.5827800035477
v -589.1091465950012 -92.91594922542572 598.1234848499298
v -600.3278851509094 -68.8193991780281 607.0950120687485
v -609.3700408935547 -43.90201047062874 616.3498669862747
v -616.1232203245163 -18.226324021816254 625.7245540618896
v -620.4741775989532 8.12053862027824 635.03457903862
v -622.3122239112854 35.02365779131651 644.0761923789978
v -621.5467005968094 62.34050579369068 652.6710987091064
v -618.113449215889 89.90718573331833 660.6774985790253
v -611.9745403528214 117.54403412342072 667.9848968982697
v -603.1182736158371 145.06132155656815 674.509996175766
v -591.5612310171127 172.26649522781372 680.2034378051758
v -577.3490130901337 198.97151589393616 685.0535213947296
v -560.5525970458984 224.99750703573227 689.078688621521
v -541.2670195102692 250.18105059862137 692.3293828964233
v -519.6061074733734 274.3772476911545 694.8799908161163
v -495.69941759109497 297.46080338954926 696.8238830566406
v -469.6868896484375 319.32806074619293 698.267525434494
v -441.71520471572876 339.89428877830505 699.3230402469635
v -411.93433701992035 359.09199714660645 700.1016199588776
v -380.4948031902313 376.8677979707718 700.7092654705048
v -347.5448727607727 393.1793451309204 701.2412071228027
v -313.23174983263016 407.9908400774002 701.7789602279663
v -277.69895792007446 421.27109467983246 702.3880004882812
v -241.0880833864212 432.9905092716217 703.117299079895
v -203.53947281837463 443.1195616722107 703.9994776248932
v -165.19232988357544 451.6280710697174 705.0518929958344
v -126.18700116872787 458.48496556282043 706.2788844108582
v -86.66621595621109 463.6587470769882 707.6739430427551
v -46.77449055016041 467.11919605731964 709.2220366001129
v -6.658582296222448 468.83791387081146 710.9025537967682
v 33.54296740144491 469.063863158226 713.2584393024445
v 73.73299710452557 467.99711287021637 716.7323708534241
v 113.81210312247276 465.53913950920105 721.1555063724518
v 153.6661945283413 461.59316301345825 726.3645827770233
v 193.16676557064056 456.0653477907181 732.1971893310547
v 232.17128068208694 448.8666236400604 738.4892880916595
v 270.5230340361595 439.91423547267914 745.0703322887421
v 308.05155634880066 429.1345715522766 751.7616391181946
v 344.57274079322815 416.46668910980225 758.376157283783
v 379.8914968967438 401.8664985895157 764.7200167179108
v 413.801246881485 385.31199395656586 770.5947756767273
v 446.08975648880005 366.8077081441879 775.8043169975281
v 476.5426993370056 346.38998210430145 780.1613569259644
v 504.94880974292755 324.1303354501724 783.4958910942078
v 531.1075538396835 300.1367449760437 785.6647253036499
v 554.8346698284149 274.5545744895935 786.5591466426849
v 575.9692966938019 247.56370782852173 786.1139893531799
v 594.3808317184448 219.37312483787537 784.313291311264
v 609.9730759859085 190.21276533603668 781.1920762062073
v 622.6873338222504 160.32601296901703 776.8396854400635
v 632.5021028518677 129.95798513293266 771.391487121582
v 639.4327253103256 99.3458665907383 765.0266289710999
v 643.5257703065872 68.7104344367981 757.9547882080078
v 644.8520600795746 38.246302120387554 750.3990471363068
v 566.8307095766068 8.120501087978482 763.2657587528229
v 563.5697484016418 -17.992645502090454 755.8819591999054
v 558.0821096897125 -43.621985614299774 748.5222578048706
v 550.4190117120743 -68.6740305274725 741.2326812744141
v 540.6358569860458 -93.06243658065796 734.046083688736
v 528.7898689508438 -116.70561581850052 726.976877450943
v 514.9424940347672 -139.52607735991478 720.0287044048309
v 499.15831685066223 -161.44837886095047 713.1911814212799
v 481.50711357593536 -182.3993444442749 706.4467966556549
v 462.0641231536865 -202.30727046728134 699.7714519500732
v 440.91008603572845 -221.10197395086288 693.1348502635956
v 418.13291013240814 -238.71565461158752 686.5054547786713
v 393.82728338241577 -255.08320480585098 679.8508763313293
v 368.0954098701477 -270.1438173651695 673.1405079364777
v 341.0471260547638 -283.84239971637726 666.3490891456604
v 312.7996489405632 -296.131394803524 659.4591856002808
v 283.47718864679337 -306.97231143713 652.4620413780212
v 253.2099410891533 -316.3387268781662 645.3635454177856
v 222.13304191827774 -324.21777844429016 638.185703754425
v 190.3850942850113 -330.61285614967346 630.9716761112213
v 158.10536965727806 -335.54464876651764 623.786124587059
v 125.43210312724113 -339.05348777770996 616.7216449975967
v 92.49874502420425 -341.19857251644135 609.8975658416748
v 59.431515261530876 -342.05893874168396 603.4646362066269
v 26.345463655889034 -341.73078536987305 597.6027399301529
v -6.658613169565797 -340.32503366470337 592.5213605165482
v -39.489187858998775 -337.79251873493195 588.042938709259
v -72.03981578350067 -334.0414583683014 583.8870137929916
v -104.20408621430397 -329.12744879722595 580.126616358757
v -135.88255792856216 -323.1032192707062 576.8270671367645
v -166.98144376277924 -316.01812839508057 574.0465193986893
v -197.4121868610382 -307.9170599579811 571.8359589576721
v -227.09108293056488 -298.8402485847473 570.2393591403961
v -255.9382826089859 -288.8227567076683 569.2938357591629
v -283.87719094753265 -277.8946101665497 569.0301895141602
v -310.8338475227356 -266.0810112953186 569.4731771945953
v -336.73704266548157 -253.4026488661766 570.6422477960587
v -361.51610910892487 -239.87587243318558 572.5498378276825
v -385.1024717092514 -225.51346719264984 575.2036571502686
v -407.42705166339874 -210.32473146915436 578.6024272441864
v -428.4211575984955 -194.3172588944435 582.7394068241119
v -448.0147808790207 -177.49676406383514 587.5969678163528
v -466.13624691963196 -159.86878722906113 593.1467115879059
v -482.7122926712036 -141.44044741988182 599.3498176336288
v -497.66628444194794 -122.22202122211456 606.1520844697952
v -510.91895401477814 -102.22904458642006 613.4843945503235
v -522.3897159099579 -81.48507326841354 621.2663173675537
v -531.9944590330124 -60.02393960952759 629.3976247310638
v -539.6496146917343 -37.89209648966789 637.7675116062164
v -545.2713429927826 -15.151071455329657 646.24804854393
v -548.7800270318985 8.120533777400851 654.7057271003723
v -550.090354681015 31.825264170765877 662.9591524600983
v -549.1334021091461 55.84460906684399 670.8504855632782
v -545.8695739507675 80.04607520997524 678.2834112644196
v -540.2747333049774 104.2863667011261 685.1718425750732
v -532.3447346687317 128.41536402702332 691.4524734020233
v -522.0944166183472 152.2799402475357 697.0800518989563
v -509.559229016304 175.7289782166481 702.0367562770844
v -494.793102145195 198.6158937215805 706.3238263130188
v -477.8681755065918 220.80280035734177 709.9649727344513
v -458.8718920946121 242.16395765542984 713.0043625831604
v -437.90552616119385 262.58582919836044 715.5009627342224
v -415.07992148399353 281.9699302315712 717.5257503986359
v -390.51475524902344 300.23189783096313 719.1588461399078
v -364.33450877666473 317.3005998134613 720.4825401306152
v -336.6674602031708 333.1172436475754 721.5802073478699
v -307.6425850391388 347.63363301754 722.5304961204529
v -277.39062160253525 360.80951392650604 723.4064757823944
v -246.04104906320572 372.6114511489868 724.2720723152161
v -213.7229010462761 383.0105423927307 725.1807510852814
v -180.5648237466812 391.9811010360718 726.1752843856812
v -146.6942623257637 399.49953258037567 727.286821603775
v -112.23915591835976 405.5434048175812 728.5358190536499
v -77.32845582067966 410.091370344162 729.9321174621582
v -42.091529816389084 413.12270164489746 731.4760267734528
v -6.658583506941795 414.6182209253311 733.1591784954071
v 28.846601583063602 414.7631198167801 735.4579567909241
v 64.33115117251873 413.7053966522217 738.7571573257446
v 99.70016181468964 411.3690376281738 742.9035127162933
v 134.84699577093124 407.67791271209717 747.7425158023834
v 169.6532979607582 402.55798399448395 753.1175673007965
v 203.98933738470078 395.9398627281189 758.8693559169769
v 237.7144381403923 387.7613663673401 764.8350834846497
v 270.67763805389404 377.9702305793762 770.8487749099731
v 302.71869599819183 366.52747988700867 776.7422080039978
v 333.6708426475525 353.41002345085144 782.347160577774
v 363.36039304733276 338.6147230863571 787.4975800514221
v 391.6125774383545 322.1605435013771 792.0355498790741
v 418.2527422904968 304.0911093354225 795.8131492137909
v 443.1116193532944 284.4769909977913 798.7009763717651
v 466.0291999578476 263.4145811200142 800.5912482738495
v 486.85903549194336 241.02708250284195 801.4045417308807
v 505.471995472908 217.46119558811188 801.0927379131317
v 521.7603743076324 192.88330227136612 799.6418118476868
v 535.641223192215 167.4745261669159 797.0747768878937
v 547.0568150281906 141.42558947205544 793.4496700763702
v 555.9744507074356 114.92951959371567 788.8528108596802
v 562.3872339725494 88.17630261182785 783.399885892868
v 566.3094997406006 61.34774014353752 777.2226214408875
v 567.775148153305 34.6115555614233 770.4649865627289
v 487.31356859207153 8.120501087978482 776.9764482975006
v 484.68574583530426 -14.29877346381545 770.1577544212341
v 480.10790944099426 -36.32867522537708 763.2394909858704
v 473.6222118139267 -57.880453020334244 756.2660574913025
v 465.27487337589264 -78.87100428342819 749.2665112018585
v 455.11792600154877 -99.22266378998756 742.2659575939178
v 443.206849694252 -118.86186823248863 735.2758646011353
v 429.6026647090912 -137.71927729249 728.303050994873
v 414.37096297740936 -155.72902783751488 721.3472843170166
v 397.58233428001404 -172.82875329256058 714.4036054611206
v 379.31244373321533 -188.95950615406036 707.4631035327911
v 359.6430003643036 -204.06678467988968 700.5181074142456
v 338.66043984889984 -218.10016483068466 693.559318780899
v 316.45716428756714 -231.01472407579422 686.5808486938477
v 293.1306317448616 -242.7718162536621 679.5816123485565
v 268.78294944763184 -253.33934277296066 672.564709186554
v 243.52093189954758 -262.69419342279434 665.5440866947174
v 217.4547255039215 -270.82228511571884 658.5432231426239
v 190.69699496030807 -277.72030532360077 651.5986919403076
v 163.36176097393036 -283.3960220217705 644.761711359024
v 135.5624921619892 -287.8692328929901 638.0995005369186
v 107.41102024912834 -291.17211401462555 631.6975653171539
v 79.01501692831516 -293.3488517999649 625.6604343652725
v 50.47669596970081 -294.4542869925499 620.1107293367386
v 21.89050316810608 -294.5531204342842 615.1900947093964
v -6.658610142767429 -293.7170848250389 611.0563695430756
v -35.09052824229002 -291.8932378292084 607.5099885463715
v -63.31195309758186 -289.0034541487694 604.2784333229065
v -91.22876822948456 -285.0850820541382 601.4175325632095
v -118.75169277191162 -280.1750048995018 598.9793956279755
v -145.7953467965126 -274.3080332875252 597.0091581344604
v -172.27809876203537 -267.5169825553894 595.5472677946091
v -198.12199771404266 -259.83213037252426 594.628632068634
v -223.25170785188675 -251.28038376569748 594.280681014061
v -247.59472161531448 -241.8864220380783 594.5273190736771
v -271.0804298520088 -231.67172819375992 595.3854769468307
v -293.64043176174164 -220.65522819757462 596.8665838241577
v -315.20696580410004 -208.85373651981354 598.9761024713516
v -335.71426570415497 -196.28255665302277 601.715350151062
v -355.09685575962067 -182.95559734106064 605.0779342651367
v -373.2895702123642 -168.88601183891296 609.0504884719849
v -390.227746963501 -154.08770889043808 613.6139124631882
v -405.84614276885986 -138.5751686990261 618.7384128570557
v -420.07994055747986 -122.36543819308281 624.3879586458206
v -432.8638195991516 -105.47931268811226 630.5171817541122
v -444.13218796253204 -87.9419557750225 637.0695561170578
v -453.8196861743927 -69.78453136980534 643.9780950546265
v -461.8624269962311 -51.04660578072071 651.1700391769409
v -468.19702684879303 -31.77573848515749 658.5576355457306
v -472.7642089128494 -12.030344270169735 666.0520851612091
v -475.5079120397568 8.120529539883137 673.5533535480499
v -476.3645976781845 28.594999574124813 680.9030592441559
v -475.2839386463165 49.29570220410824 687.9642844200134
v -472.24191427230835 70.1161328703165 694.6696162223816
v -467.22759902477264 90.94363898038864 700.9650468826294
v -460.2417677640915 111.66065484285355 706.8009078502655
v -451.3001501560211 132.14818611741066 712.1465146541595
v -440.4314547777176 152.287495136261 716.9814884662628
v -427.6782989501953 171.96230441331863 721.3010251522064
v -413.09655010700226 191.0615473985672 725.1157402992249
v -396.7538148164749 209.48123782873154 728.4494996070862
v -378.72823774814606 227.1246537566185 731.3358545303345
v -359.1068744659424 243.90524327754974 733.820366859436
v -337.984374165535 259.74559783935547 735.954487323761
v -315.4613330960274 274.5779559016228 737.7944707870483
v -291.64305478334427 288.34391236305237 739.4001364707947
v -266.637147963047 300.9936437010765 740.8295214176178
v -240.5545338988304 312.48430013656616 742.1387255191803
v -213.5067343711853 322.77975380420685 743.3795869350433
v -185.6064334511757 331.84937834739685 744.5985198020935
v -156.96676075458527 339.6664023399353 745.8341896533966
v -127.70077809691429 346.20785117149353 747.1180558204651
v -97.92213812470436 351.4532297849655 748.4729766845703
v -67.74556376039982 355.38390278816223 749.9129772186279
v -37.285928055644035 357.9834431409836 751.4439463615417
v -6.658584112301469 359.2368572950363 753.0625522136688
v 24.0254832431674 359.2713385820389 755.1626563072205
v 54.6768169850111 358.1906408071518 758.0653607845306
v 85.2048970758915 355.94424307346344 761.6482377052307
v 115.51111042499542 352.48123705387115 765.7823503017426
v 145.4888217151165 347.7529227733612 770.3363597393036
v 175.02360343933105 341.71451330184937 775.1740455627441
v 203.99359911680222 334.32757556438446 780.1571726799011
v 232.27067589759827 325.5630910396576 785.1478934288025
v 259.72089916467667 315.4025599360466 790.0070428848267
v 286.207215487957 303.840596973896 794.5988655090332
v 311.58925890922546 290.8876821398735 798.7927198410034
v 335.727322101593 276.57060623168945 802.4660229682922
v 358.4836542606354 260.9340786933899 805.506032705307
v 379.7255605459213 244.0417930483818 807.8156590461731
v 399.328288435936 225.97534209489822 809.3141615390778
v 417.17696487903595 206.83396607637405 809.9406361579895
v 433.1692308187485 186.7332547903061 809.6568822860718
v 447.21783697605133 165.80177694559097 808.4468603134155
v 459.2517673969269 144.17806789278984 806.3166916370392
v 469.217324256897 122.00817912817001 803.2961308956146
v 477.0783603191376 99.44142624735832 799.4340717792511
v 482.81507790088654 76.62641294300556 794.7924256324768
v 486.42449378967285 53.70958782732487 789.44953083992
v 487.9163324832916 30.830081924796104 783.4832608699799
v 405.7602107524872 8.120501087978482 783.7670922279358
v 403.7382513284683 -10.508782416582108 777.690714597702
v 400.0725030899048 -28.841712698340416 771.4434027671814
v 394.79461908340454 -46.800051257014275 765.060955286026
v 387.94206380844116 -64.31014277040958 758.5735142230988
v 379.557803273201 -81.30296170711517 752.0081222057343
v 369.68933641910553 -97.71362319588661 745.384693145752
v 358.3888113498688 -113.48125711083412 738.717794418335
v 345.71349024772644 -128.54939550161362 732.0217609405518
v 331.725013256073 -142.8656093776226 725.3070533275604
v 316.48932099342346 -156.38133436441422 718.5807228088379
v 300.07682889699936 -169.05301362276077 711.8520677089691
v 282.56225287914276 -180.84168136119843 705.1313936710358
v 264.0238732099533 -191.71332120895386 698.4290838241577
v 244.54378634691238 -201.63988322019577 691.7610228061676
v 224.20711070299149 -210.5990320444107 685.1465821266174
v 203.1017541885376 -218.57523173093796 678.6119520664215
v 181.3174843788147 -225.55995881557465 672.1909940242767
v 158.94519239664078 -231.55164420604706 665.9242331981659
v 136.0763505101204 -236.55648678541183 659.8631978034973
v 112.80155926942825 -240.58825969696045 654.0691792964935
v 89.20997604727745 -243.66776794195175 648.6135423183441
v 65.38786701858044 -245.8227127790451 643.5786157846451
v 41.41799695789814 -247.0864713191986 639.0563368797302
v 17.37834708765149 -247.49699234962463 635.14743745327
v -6.658606510609388 -247.09553718566895 631.9608628749847
v -30.622445978224277 -245.837764441967 629.3056100606918
v -54.432837665081024 -243.66660565137863 626.9441455602646
v -78.00839580595493 -240.60532599687576 624.915212392807
v -101.27092003822327 -236.67812049388885 623.2566624879837
v -124.14469197392464 -231.9086417555809 622.0011562108994
v -146.55654057860374 -226.3200581073761 621.1777120828629
v -168.43589544296265 -219.9347048997879 620.8110868930817
v -189.71431702375412 -212.77391016483307 620.9216207265854
v -210.3252738714218 -204.85780090093613 621.5246170759201
v -230.20418137311935 -196.20576798915863 622.6321637630463
v -249.2882952094078 -186.836040019989 624.2504209280014
v -267.5156071782112 -176.7661288380623 626.3796985149384
v -284.8263368010521 -166.01375937461853 629.0189117193222
v -301.16114914417267 -154.59595918655396 632.1574062108994
v -316.4622977375984 -142.53115057945251 635.7834815979004
v -330.67259788513184 -129.83804643154144 639.8759067058563
v -343.7359690666199 -116.5375292301178 644.4094985723495
v -355.59791922569275 -102.65280604362488 649.3545413017273
v -366.2045180797577 -88.21015432476997 654.6727955341339
v -375.5032688379288 -73.2395127415657 660.3189706802368
v -383.4439992904663 -57.77553208172321 666.2448704242706
v -389.97862935066223 -41.858480870723724 672.3957121372223
v -395.0612872838974 -25.533974170684814 678.7084996700287
v -398.6504793167114 -8.85456264950335 685.1200044155121
v -400.70897340774536 8.120524697005749 691.5624260902405
v -401.19186639785767 25.324025750160217 697.9022562503815
v -400.06432831287384 42.6778569817543 704.0221810340881
v -397.3140001296997 60.09845696389675 709.8812878131866
v -392.9371625185013 77.49870717525482 715.4439330101013
v -386.9389683008194 94.78869959712029 720.6775724887848
v -379.3344885110855 111.87767386436462 725.5597352981567
v -370.1484024524689 128.6752037703991 730.0767838954926
v -359.4146102666855 145.09194791316986 734.2212796211243
v -347.1764266490936 161.04137375950813 737.9951596260071
v -333.48580598831177 176.44138485193253 741.4106667041779
v -318.4032067656517 191.2139818072319 744.4860875606537
v -301.99517011642456 205.28713166713715 747.245055437088
v -284.3355402350426 218.5950294137001 749.7197270393372
v -265.50300419330597 231.07764273881912 751.9428789615631
v -245.58122754096985 242.6818162202835 753.9526343345642
v -224.65672343969345 253.36024463176727 755.7860314846039
v -202.81993746757507 263.07118237018585 757.4801087379456
v -180.1630973815918 271.77842408418655 759.0707421302795
v -156.78026154637337 279.4504716992378 760.5900883674622
v -132.76714459061623 286.0599920153618 762.0663523674011
v -108.22005197405815 291.58348739147186 763.5227024555206
v -83.23656767606735 296.00057899951935 764.9767279624939
v -57.91556388139725 299.2937162518501 766.4395093917847
v -32.35631715506315 301.4483317732811 767.9165482521057
v -6.658585323020816 302.45195031166077 769.405210018158
v 19.080323074012995 302.3833364248276 771.2084650993347
v 44.77683752775192 301.30947679281235 773.5787630081177
v 70.34711390733719 299.20212775468826 776.4293193817139
v 95.70264741778374 296.033239364624 779.6656012535095
v 120.75029984116554 291.7771250009537 783.1891238689423
v 145.39254531264305 286.4116236567497 786.8979156017303
v 169.52788680791855 279.9199402332306 790.6879127025604
v 193.0514469742775 272.29207903146744 794.4544315338135
v 215.85568487644196 263.5263353586197 798.0938732624054
v 237.83225566148758 253.63034158945084 801.505583524704
v 258.87167155742645 242.62271374464035 804.5927822589874
v 278.8663238286972 230.5335357785225 807.266902923584
v 297.7108120918274 217.40453392267227 809.4448804855347
v 315.3044432401657 203.29025834798813 811.0569000244141
v 331.55218064785004 188.25641721487045 812.0419025421143
v 346.36669754981995 172.38049656152725 812.3545587062836
v 359.66884195804596 155.7502493262291 811.9616270065308
v 371.38976752758026 138.4619615972042 810.8435809612274
v 381.4718246459961 120.61891257762909 808.9965462684631
v 389.86867666244507 102.32994109392166 806.4293563365936
v 396.5455710887909 83.70683044195175 803.1615376472473
v 401.4794170856476 64.86256495118141 799.221682548523
v 404.6589404344559 45.91040015220642 794.649076461792
v 406.0828626155853 26.960470341145992 789.4833147525787
v 323.02282750606537 8.120501087978482 784.2587411403656
v 321.56423032283783 -6.683570332825184 779.1128158569336
v 318.78682076931 -21.2788550183177 773.7754225730896
v 314.7131085395813 -35.60181986540556 768.2760059833527
v 309.3710660934448 -49.592260643839836 762.6424610614777
v 302.79275327920914 -63.19315731525421 756.8972587585449
v 295.0156345963478 -76.35120674967766 751.0655045509338
v 286.0807776451111 -89.01642560958862 745.1666474342346
v 276.03384107351303 -101.14261284470558 739.221453666687
v 264.92414474487305 -112.68718019127846 733.2483649253845
v 252.80459225177765 -123.61124902963638 727.2651255130768
v 239.73165154457092 -133.88014435768127 721.2911069393158
v 225.76496750116348 -143.46323013305664 715.3466880321503
v 210.9667807817459 -152.3339480161667 709.4521701335907
v 195.40206342935562 -160.47039851546288 703.6318063735962
v 179.1378989815712 -167.85521507263184 697.9127943515778
v 162.24293038249016 -174.4754672050476 692.3248887062073
v 144.78721469640732 -180.32333850860596 686.9029581546783
v 126.8413320183754 -185.3952258825302 681.6848158836365
v 108.47630798816681 -189.69258219003677 676.7153263092041
v 89.76259678602219 -193.22116076946259 672.0427632331848
v 70.76990678906441 -195.9906667470932 667.7207469940186
v 51.56630463898182 -198.01431149244308 663.8064622879028
v 32.21818618476391 -199.30836707353592 660.3612780570984
v 12.78948588296771 -199.89146888256073 657.4505150318146
v -6.658603483811021 -199.7833952307701 655.1398813724518
v -26.065387949347496 -198.95435273647308 653.2730877399445
v -45.36399766802788 -197.36970514059067 651.667732000351
v -64.48676250874996 -195.04307061433792 650.3490746021271
v -83.36782902479172 -191.98888093233109 649.3392765522003
v -101.94295644760132 -188.2226139307022 648.6599177122116
v -120.14942467212677 -183.76042544841766 648.3298659324646
v -137.92637810111046 -178.61854881048203 648.3643859624863
v -155.21453022956848 -172.81366288661957 648.7765341997147
v -171.95604741573334 -166.3623496890068 649.5744854211807
v -188.0948007106781 -159.2817820608616 650.7653295993805
v -203.57625931501389 -151.589123159647 652.3507714271545
v -218.34711283445358 -143.30234974622726 654.3310046195984
v -232.3556587100029 -134.43951606750488 656.6999077796936
v -245.55158913135529 -125.01971274614334 659.4484150409698
v -257.8862428665161 -115.06339609622955 662.5657558441162
v -269.31229531764984 -104.59205880761147 666.0343408584595
v -279.7840103507042 -93.62903386354446 669.8333263397217
v -289.2578601837158 -82.19986259937286 673.9400088787079
v -297.6917698979378 -70.33247873187065 678.3259510993958
v -305.0458535552025 -58.05753767490387 682.9582989215851
v -311.2831696867943 -45.40887661278248 687.80357837677
v -316.3685977458954 -32.42383170872927 692.8208768367767
v -320.2712208032608 -19.14338581264019 697.9720711708069
v -322.9630470275879 -5.612356122583151 703.2132267951965
v -324.42019134759903 8.120520459488034 708.4995567798615
v -324.61431324481964 22.001807019114494 713.7288570404053
v -323.5239878296852 35.97139436751604 718.809849023819
v -321.14351987838745 49.966053292155266 723.7161874771118
v -317.47343242168427 63.92054297029972 728.4237742424011
v -312.5213384628296 77.76849903166294 732.9156398773193
v -306.3006043434143 91.4427749812603 737.1738851070404
v -298.8317057490349 104.87677156925201 741.1892116069794
v -290.1414528489113 118.00439804792404 744.9544131755829
v -280.26324212551117 130.761156976223 748.468017578125
v -269.23633962869644 143.08505952358246 751.7340540885925
v -257.1062684059143 154.9163155257702 754.7597289085388
v -243.92323940992355 166.1987379193306 757.555502653122
v -229.74296510219574 176.87974274158478 760.1371824741364
v -214.62534219026566 186.91040724515915 762.521505355835
v -198.63419979810715 196.24578952789307 764.7269129753113
v -181.8365827202797 204.8453837633133 766.7738616466522
v -164.30306136608124 212.67213225364685 768.6818778514862
v -146.10637575387955 219.69333589076996 770.4711079597473
v -127.32147425413132 225.8798599243164 772.1585988998413
v -108.02535861730576 231.20613396167755 773.760312795639
v -88.29608634114265 235.65011322498322 775.2890348434448
v -68.21336150169373 239.1929492354393 776.7546832561493
v -47.858282923698425 241.81883484125137 778.1631469726562
v -27.312608063220978 243.5149073600769 779.5159757137299
v -6.658585928380489 244.27138417959213 780.8109998703003
v 14.02253694832325 244.1302627325058 782.259213924408
v 34.657199680805206 243.1298017501831 784.0420126914978
v 55.172015726566315 241.2573903799057 786.105078458786
v 75.49149431288242 238.50206434726715 788.3890569210052
v 95.53809612989426 234.8549708724022 790.8294796943665
v 115.23238345980644 230.31043410301208 793.3591663837433
v 134.49348509311676 224.86688494682312 795.9093868732452
v 153.2393530011177 218.52750033140182 798.4099388122559
v 171.38739675283432 211.3014042377472 800.7924020290375
v 188.85557800531387 203.2034546136856 802.9890537261963
v 205.56205213069916 194.25596743822098 804.9356579780579
v 221.42712473869324 184.48782563209534 806.5711557865143
v 236.3737165927887 173.9358738064766 807.8413844108582
v 250.32808035612106 162.64418214559555 808.6976826190948
v 263.2209435105324 150.66358149051666 809.0971231460571
v 274.9883219599724 138.05214762687683 809.0061545372009
v 285.57186871767044 124.87426176667213 808.3985865116119
v 294.9199393391609 111.19941920042038 807.2551250457764
v 302.98848301172256 97.10175469517708 805.56600689888
v 309.74075198173523 82.65919014811516 803.3292174339294
v 315.1476502418518 67.95206405222416 800.5477011203766
v 319.18860524892807 53.06231789290905 797.2337007522583
v 321.85025066137314 38.072689808905125 793.4004664421082
v 323.12745302915573 23.06503653526306 789.0678346157074
v 239.89902138710022 8.120501087978482 779.6631991863251
v 238.9417976140976 -2.8784583089873195 775.6270289421082
v 236.9997262954712 -13.746077660471201 771.4241862297058
v 234.08743292093277 -24.435551464557648 767.0793116092682
v 230.22314608097076 -34.90199502557516 762.6120865345001
v 225.428968667984 -45.10268568992615 758.0431222915649
v 219.73078101873398 -54.99726049602032 753.393030166626
v 213.1578728556633 -64.54782634973526 748.6828088760376
v 205.7428076863289 -73.71903993189335 743.9324498176575
v 197.52105474472046 -82.4782021343708 739.1619443893433
v 188.5311245918274 -90.79546630382538 734.392523765564
v 178.81408482789993 -98.64394962787628 729.6461939811707
v 168.4132307767868 -105.99945709109306 724.9441862106323
v 157.37397894263268 -112.84081563353539 720.3085064888
v 145.74376046657562 -119.15001943707466 715.764182806015
v 133.5714302957058 -124.91191029548645 711.3359332084656
v 120.90730592608452 -130.11455535888672 707.0521175861359
v 107.80243128538132 -134.7486175596714 702.9395461082458
v 94.30880919098854 -138.80788832902908 699.029678106308
v 80.47871850430965 -142.28868708014488 695.3535079956055
v 66.36451072990894 -145.189967751503 691.9448971748352
v 52.01843082904816 -147.51264080405235 688.8362348079681
v 37.492312118411064 -149.2603674530983 686.0655665397644
v 22.83734865486622 -150.43746754527092 683.6658239364624
v 8.103931788355112 -151.0504499077797 681.6739678382874
v -6.65859985165298 -151.10627859830856 680.1230072975159
v -21.40081077814102 -150.58967918157578 678.9081037044525
v -36.07028592377901 -149.48429241776466 677.9103934764862
v -50.61417557299137 -147.797479480505 677.1442115306854
v -64.98060040175915 -145.53742483258247 676.6196310520172
v -79.1186448186636 -142.71424040198326 676.3504445552826
v -92.97820925712585 -139.33825120329857 676.3438582420349
v -106.51053562760353 -135.4213610291481 676.6086280345917
v -119.66793611645699 -130.976190418005 677.1507978439331
v -132.40397721529007 -126.01636722683907 677.9750943183899
v -144.673290848732 -120.55600360035896 679.0814399719238
v -156.4323104918003 -114.61067423224449 680.4718494415283
v -167.63823479413986 -108.19649621844292 682.1419060230255
v -178.25018018484116 -101.33067145943642 684.0868830680847
v -188.22854161262512 -94.03162226080894 686.2991869449615
v -197.5353702902794 -86.319001019001 688.7692868709564
v -206.13457709550858 -78.21384035050869 691.4861023426056
v -213.99154514074326 -69.73848529160023 694.4342911243439
v -221.07380777597427 -60.916874185204506 697.5966513156891
v -227.35083550214767 -51.77486799657345 700.9545862674713
v -232.79450088739395 -42.340100184082985 704.4876396656036
v -237.37900108098984 -32.64200333505869 708.1731081008911
v -241.08109027147293 -22.712293453514576 711.9868159294128
v -243.88050585985184 -12.584496568888426 715.903890132904
v -245.76014280319214 -2.2943446412682533 719.9000000953674
v -246.7056080698967 8.12051622197032 723.9454686641693
v -246.70167565345764 18.61999910324812 727.9735803604126
v -245.7370713353157 29.160541109740734 731.9187045097351
v -243.81036162376404 39.697048999369144 735.7649564743042
v -240.92429727315903 50.183483958244324 739.4980013370514
v -237.08606511354446 60.57317517697811 743.105286359787
v -232.30732679367065 70.8193477243185 746.5759634971619
v -226.60390883684158 80.87543733417988 749.9012768268585
v -219.9962094426155 90.69531559944153 753.075647354126
v -212.50888854265213 100.23376941680908 756.095278263092
v -204.1705384850502 109.44683998823166 758.9580774307251
v -195.01395523548126 118.2918131351471 761.6641998291016
v -185.07559597492218 126.72815397381783 764.2167448997498
v -174.3955209851265 134.7172550857067 766.6197419166565
v -163.01700621843338 142.22263991832733 768.8786149024963
v -150.98654329776764 149.2103599011898 770.9998726844788
v -138.35285156965256 155.64891695976257 772.9893267154694
v -125.16793385148048 161.50952503085136 774.855500459671
v -111.48546859622002 166.76587760448456 776.604437828064
v -97.3613329231739 171.39464169740677 778.2428801059723
v -82.85319581627846 175.3749445080757 779.7763288021088
v -68.01994666457176 178.68900299072266 781.2098979949951
v -52.921874448657036 181.32120370864868 782.5447499752045
v -37.62069195508957 183.2591876387596 783.7837517261505
v -22.178678587079048 184.4929203391075 784.9247336387634
v -6.658587139099836 185.01542806625366 785.9656810760498
v 8.87697427533567 184.84420329332352 787.0332062244415
v 24.368908628821373 183.99733901023865 788.2407486438751
v 39.758410677313805 182.47144520282745 789.5596385002136
v 54.98606860637665 180.2652433514595 790.9588038921356
v 69.99192759394646 177.37943083047867 792.4023687839508
v 84.715785831213 173.81755262613297 793.8540697097778
v 99.09731075167656 169.5859432220459 795.2752411365509
v 113.07639256119728 164.69413340091705 796.6264426708221
v 126.59333795309067 159.15532484650612 797.8675365447998
v 139.58985805511475 152.9865451157093 798.9616394042969
v 152.00826451182365 146.20872512459755 799.8700082302094
v 163.79316449165344 138.84701877832413 800.5581617355347
v 174.89116042852402 130.93059957027435 800.9936332702637
v 185.25156676769257 122.49291241168976 801.1467456817627
v 194.8269620537758 113.57107311487198 800.9917736053467
v 203.57325673103333 104.2060136795044 800.5057036876678
v 211.45027428865433 94.44238543510437 799.6711015701294
v 218.42231303453445 84.32775512337685 798.4744071960449
v 224.4582623243332 73.91218356788158 796.9064772129059
v 229.5317381620407 63.24806585907936 794.9615001678467
v 233.62145125865936 52.389467880129814 792.638236284256
v 236.7113620042801 41.39150157570839 789.9394750595093
v 238.7904480099678 30.310237780213356 786.8711054325104
v 239.85303342342377 19.20133326202631 783.4406435489655
v 157.03405737876892 8.120501087978482 771.7537343502045
v 156.49667233228683 0.8652224962133914 768.9769446849823
v 155.30890822410583 -6.321491999551654 766.0940766334534
v 153.47832962870598 -13.409564271569252 763.1171405315399
v 151.01507753133774 -20.369868725538254 760.0593090057373
v 147.93230518698692 -27.174448035657406 756.9378614425659
v 144.24519017338753 -33.79650413990021 753.7665128707886
v 139.9713508784771 -40.21051023155451 750.5590558052063
v 135.13086587190628 -46.39252796769142 747.3332345485687
v 129.7455959022045 -52.31991447508335 744.1030740737915
v 123.83963912725449 -57.97175094485283 740.8860087394714
v 117.43881776928902 -63.32874819636345 737.6986980438232
v 110.57058125734329 -68.37317645549774 734.5576465129852
v 103.26398685574532 -73.08908812701702 731.480598449707
v 95.54940909147263 -77.4622742086649 728.4857630729675
v 87.458336353302 -81.47999793291092 725.5890250205994
v 79.02346774935722 -85.1314015686512 722.8096783161163
v 70.27832567691803 -88.40732723474503 720.1664745807648
v 61.25711537897587 -91.30000695586205 717.6771581172943
v 51.994695886969566 -93.80335807800293 715.3606355190277
v 42.526236176490784 -95.91254740953445 713.2335662841797
v 32.88736529648304 -97.62446582317352 711.3160192966461
v 23.11369776725769 -98.93688559532166 709.623646736145
v 13.241036981344223 -99.8487800359726 708.1718683242798
v 3.3051009755581617 -100.36046877503395 706.9779634475708
v -6.658597430214286 -100.47292038798332 706.054562330246
v -16.614361386746168 -100.18073990941048 705.3484320640564
v -26.52556784451008 -99.47922974824905 704.8015356063843
v -36.3554660230875 -98.37203174829483 704.4205367565155
v -46.06779366731644 -96.86359167098999 704.2079150676727
v -55.62675707042217 -94.95978876948357 704.1690945625305
v -64.99715335667133 -92.66769364476204 704.3087244033813
v -74.14445281028748 -89.99495804309845 704.6264946460724
v -83.03497806191444 -86.95066720247269 705.1256597042084
v -91.6358508169651 -83.54477807879448 705.8063745498657
v -99.91513714194298 -79.78826947510242 706.6680192947388
v -107.84205570816994 -75.69300644099712 707.7086567878723
v -115.38661941885948 -71.2718516588211 708.9239478111267
v -122.52042964100838 -66.53886884450912 710.3116452693939
v -129.21620160341263 -61.508964374661446 711.8664026260376
v -135.4478806257248 -56.197984144091606 713.5804712772369
v -141.19101986289024 -50.622955709695816 715.4470324516296
v -146.42267376184464 -44.80188004672527 717.4571752548218
v -151.12145617604256 -38.75370007008314 719.599974155426
v -155.26785030961037 -32.49866385012865 721.8662858009338
v -158.84394720196724 -26.057874225080013 724.2430150508881
v -161.83402687311172 -19.453494623303413 726.7185389995575
v -164.22427743673325 -12.708872556686401 729.2813897132874
v -166.00285321474075 -5.848071072250605 731.915682554245
v -167.1602427959442 1.103730424074456 734.6076250076294
v -167.68933683633804 8.120511379092932 737.3451292514801
v -167.58347153663635 15.175330638885498 740.0893747806549
v -166.83852076530457 22.23987802863121 742.803555727005
v -165.455162525177 29.28530089557171 745.4790711402893
v -163.43663185834885 36.282382160425186 748.1068551540375
v -160.78872084617615 43.201614171266556 750.675904750824
v -157.52016603946686 50.01363456249237 753.1797111034393
v -153.64228039979935 56.68930858373642 755.6126177310944
v -149.16894361376762 63.199690356850624 757.9671859741211
v -144.1168248653412 69.51647810637951 760.2400839328766
v -138.50492760539055 75.61204321682453 762.4264299869537
v -132.35491886734962 81.45939633250237 764.5228147506714
v -125.69064497947693 87.03281208872795 766.5273785591125
v -118.53829622268677 92.30749011039734 768.4378743171692
v -110.92617437243462 97.25993275642395 770.2527523040771
v -102.88471207022667 101.86812430620193 771.9728648662567
v -94.44586262106895 106.11147284507751 773.5968172550201
v -85.64370051026344 109.97077152132988 775.1241445541382
v -76.5136368572712 113.42868283390999 776.554924249649
v -67.09254048764706 116.46946743130684 777.8887689113617
v -57.41867013275623 119.0793327987194 779.1262209415436
v -47.53105938434601 121.2460458278656 780.2650332450867
v -37.469928339123726 122.95954301953316 781.3051283359528
v -27.27638091892004 124.21160116791725 782.2456538677216
v -16.991973854601383 124.99575018882751 783.0832004547119
v -6.658588349819183 125.30782520771027 783.8161408901215
v 3.68169613648206 125.152388215065 784.5034420490265
v 13.987918850034475 124.5354637503624 785.1995766162872
v 24.219326674938202 123.4575554728508 785.8926892280579
v 34.335216134786606 121.92109450697899 786.5713894367218
v 44.294990599155426 119.93009075522423 787.2204124927521
v 54.058362171053886 117.49027818441391 787.8233313560486
v 63.585565984249115 114.60972502827644 788.3658111095428
v 72.83739410340786 111.29810735583305 788.8299524784088
v 81.77541345357895 107.56729990243912 789.1985535621643
v 90.3624840080738 103.43119204044342 789.4550323486328
v 98.56226965785027 98.90594929456711 789.5831167697906
v 106.34018257260323 94.00975182652473 789.5680069923401
v 113.66304904222488 88.7626975774765 789.3938958644867
v 120.49957439303398 83.18700566887856 789.046835899353
v 126.82064324617386 77.30680331587791 788.5161340236664
v 132.59924203157425 71.14793695509434 787.7907872200012
v 137.8106527030468 64.73805941641331 786.8621170520782
v 142.43289828300476 58.10624733567238 785.7246220111847
v 146.44662663340569 51.28265731036663 784.3721807003021
v 149.83534291386604 44.29878257215023 782.8033208847046
v 152.58544832468033 37.1868597343564 781.0168027877808
v 154.68627884984016 29.97968476265669 779.0130138397217
v 156.13041520118713 22.710736468434334 776.7973780632019
v 156.91348910331726 15.413226094096899 774.375706911087
v 74.8256616294384 8.120501087978482 762.7979755401611
v 74.61065240204334 4.5282041653990746 761.3874197006226
v 74.07379038631916 0.9600919671356678 759.9364936351776
v 73.21783117949963 -2.569444593973458 758.4497690200806
v 72.0469057559967 -6.046305783092976 756.9342195987701
v 70.56642360985279 -9.456752054393291 755.3974390029907
v 68.7829177826643 -12.787425238639116 753.8457036018372
v 66.70422405004501 -16.025457810610533 752.2873818874359
v 64.33921456336975 -19.158462900668383 750.7292151451111
v 61.697860807180405 -22.17457666993141 749.1781771183014
v 58.79132077097893 -25.06265565752983 747.6448833942413
v 55.6315079331398 -27.811998315155506 746.1341381072998
v 52.23143994808197 -30.412717908620834 744.6561694145203
v 48.604899644851685 -32.8554967418313 743.2175636291504
v 44.7664737701416 -35.13175565749407 741.826069355011
v 40.73154330253601 -37.233651615679264 740.4897451400757
v 36.51612363755703 -39.15406074374914 739.2168819904327
v 32.13681858032942 -40.886592864990234 738.0144536495209
v 27.610771916806698 -42.425572127103806 736.8893563747406
v 22.955606877803802 -43.766046687960625 735.8484864234924
v 18.189313542097807 -44.90382745862007 734.8977327346802
v 13.330275472253561 -45.835524424910545 734.0446889400482
v 8.397062681615353 -46.55832387506962 733.2935392856598
v 3.408528189174831 -47.07018695771694 732.649165391922
v -1.6163642052561045 -47.369806095957756 732.116448879242
v -6.658593798056245 -47.45645001530647 731.6971719264984
v -11.699034553021193 -47.329411655664444 731.3809514045715
v -16.71848325058818 -46.98827937245369 731.1491131782532
v -21.697730012238026 -46.43459804356098 731.0047566890717
v -26.617793180048466 -45.67049853503704 730.9485793113708
v -31.459883600473404 -44.69884783029556 730.9812009334564
v -36.20552085340023 -43.52331683039665 731.1045587062836
v -40.8365610986948 -42.1480655670166 731.3164055347443
v -45.33529877662659 -40.57809915393591 731.6173613071442
v -49.68448840081692 -38.819028064608574 732.0063412189484
v -53.86742204427719 -36.87715530395508 732.4824929237366
v -57.86805525422096 -34.759401343762875 733.0444991588593
v -61.67083755135536 -32.47328959405422 733.6898028850555
v -65.26106595993042 -30.026953667402267 734.4158470630646
v -68.62473972141743 -27.429132536053658 735.219532251358
v -71.7486958950758 -24.689192324876785 736.0991537570953
v -74.62055124342442 -21.816918067634106 737.0489001274109
v -77.2289976477623 -18.822801858186722 738.0679965019226
v -79.56347279250622 -15.717611834406853 739.1490817070007
v -81.61453306674957 -12.512769922614098 740.2882814407349
v -83.37379544973373 -9.220119379460812 741.4821088314056
v -84.83388423919678 -5.851815827190876 742.7237451076508
v -85.98860055208206 -2.4205392808653414 744.0093159675598
v -86.8328109383583 1.060823438456282 745.3319251537323
v -87.36264109611511 4.579006251879036 746.6861486434937
v -87.57542744278908 8.12050593085587 748.0677247047424
v -87.46937811374664 11.671598441898823 749.4624733924866
v -87.04396039247513 15.21827969700098 750.8567571640015
v -86.30029782652855 18.746478110551834 752.2467017173767
v -85.24070531129837 22.242064587771893 753.627347946167
v -83.86876657605171 25.690885819494724 754.9928069114685
v -82.18942135572433 29.078943468630314 756.3394367694855
v -80.20873293280602 32.392389327287674 757.6618134975433
v -77.93412543833256 35.6175834313035 758.9566826820374
v -75.37420466542244 38.74118123203516 760.2207899093628
v -72.5386418402195 41.750140860676765 761.4477038383484
v -69.4385077804327 44.63188536465168 762.6369595527649
v -66.08571596443653 47.37425670027733 763.783210515976
v -62.4934196472168 49.965690076351166 764.8846745491028
v -58.67571160197258 52.39517763257027 765.9386396408081
v -54.64768707752228 54.65230718255043 766.9420838356018
v -50.42516775429249 56.72742687165737 767.892062664032
v -46.02504558861256 58.61154347658157 768.7866389751434
v -41.46483242511749 60.29650643467903 769.6236431598663
v -36.76273748278618 61.774973943829536 770.4012155532837
v -31.937652826309204 63.040466234087944 771.1175739765167
v -27.008855529129505 64.0873171389103 771.7696189880371
v -21.996179595589638 64.91091139614582 772.356653213501
v -16.919900942593813 65.50748124718666 772.8768169879913
v -11.800501309335232 65.87423235177994 773.3282506465912
v -6.658588955178857 66.00946485996246 773.7106442451477
v -1.5149663086049259 65.91309159994125 774.0358531475067
v 3.60973400529474 65.5863281339407 774.3211567401886
v 8.694961993023753 65.03013335168362 774.5623707771301
v 13.720294181257486 64.24653641879559 774.7569382190704
v 18.66551972925663 63.238510861992836 774.9016046524048
v 23.510695062577724 62.00984865427017 774.9917984008789
v 28.23628280311823 60.56547500193119 775.0255823135376
v 32.823180221021175 58.911099657416344 774.9986171722412
v 37.25279066711664 57.05339126288891 774.9074935913086
v 41.507260873913765 54.99984659254551 774.7483372688293
v 45.56921944022179 52.75891646742821 774.5174288749695
v 49.42222721874714 50.33984109759331 774.2120563983917
v 53.05067077279091 47.752683982253075 773.8294303417206
v 56.4398180693388 45.008278638124466 773.367303609848
v 59.5759492367506 42.11804457008839 772.8221893310547
v 62.44647763669491 39.09422941505909 772.1943974494934
v 65.03969803452492 35.949562676250935 771.4799761772156
v 67.34534837305546 32.69744459539652 770.6814050674438
v 69.35427077114582 29.351587779819965 769.7979867458344
v 71.05850353837013 25.926162488758564 768.8292562961578
v 72.45151363313198 22.435709461569786 767.7783131599426
v 73.52796420454979 18.89492804184556 766.6457772254944
v 74.28397126495838 15.318835992366076 765.4362201690674
v 74.71695356070995 11.722344532608986 764.1526639461517
v -6.658645858988166 8.120501087978482 755.4707407951355
f 1 2 3
f 1 3 4
f 1 4 5
f 1 5 6
f 1 6 7
f 1 7 8
f 1 8 9
f 1 9 10
f 1 10 11
f 1 11 12
f 1 12 13
f 1 13 14
f 1 14 15
f 1 15 16
f 1 16 17
f 1 17 18
f 1 18 19
f 1 19 20
f 1 20 21
f 1 21 22
f 1 22 23
f 1 23 24
f 1 24 25
f 1 25 26
f 1 26 27
f 1 27 28
f 1 28 29
f 1 29 30
f 1 30 31
f 1 31 32
f 1 32 33
f 1 33 34
f 1 34 35
f 1 35 36
f 1 36 37
f 1 37 38
f 1 38 39
f 1 39 40
f 1 40 41
f 1 41 42
f 1 42 43
f 1 43 44
f 1 44 45
f 1 45 46
f 1 46 47
f 1 47 48
f 1 48 49
f 1 49 50
f 1 50 51
f 1 51 52
f 1 52 53
f 1 53 54
f 1 54 55
f 1 55 56
f 1 56 57
f 1 57 58
f 1 58 59
f 1 59 60
f 1 60 61
f 1 61 62
f 1 62 63
f 1 63 64
f 1 64 65
f 1 65 66
f 1 66 67
f 1 67 68
f 1 68 69
f 1 69 70
f 1 70 71
f 1 71 72
f 1 72 73
f 1 73 74
f 1 74 75
f 1 75 76
f 1 76 77
f 1 77 78
f 1 78 79
f 1 79 80
f 1 80 81
f 1 81 82
f 1 82 83
f 1 83 84
f 1 84 85
f 1 85 86
f 1 86 87
f 1 87 88
f 1 88 89
f 1 89 90
f 1 90 91
f 1 91 92
f 1 92 93
f 1 93 94
f 1 94 95
f 1 95 96
f 1 96 97
f 1 97 98
f 1 98 99
f 1 99 100
f 1 100 101
f 1 101 2
f 2 102 3
f 3 102 103
f 3 103 4
f 4 103 104
f 4 104 5
f 5 104 105
f 5 105 6
f 6 105 106
f 6 106 7
f 7 106 107
f 7 107 8
f 8 107 108
f 8 108 9
f 9 108 109
f 9 109 10
f 10 109 110
f 10 110 11
f 11 110 111
f 11 111 12
f 12 111 112
f 12 112 13
f 13 112 113
f 13 113 14
f 14 113 114
f 14 114 15
f 15 114 115
f 15 115 16
f 16 115 116
f 16 116 17
f 17 116 117
f 17 117 18
f 18 117 118
f 18 118 19
f 19 118 119
f 19 119 20
f 20 119 120
f 20 120 21
f 21 120 121
f 21 121 22
f 22 121 122
f 22 122 23
f 23 122 123
f 23 123 24
f 24 123 124
f 24 124 25
f 25 124 125
f 25 125 26
f 26 125 126
f 26 126 27
f 27 126 127
f 27 127 28
f 28 127 128
f 28 128 29
f 29 128 129
f 29 129 30
f 30 129 130
f 30 130 31
f 31 130 131
f 31 131 32
f 32 131 132
f 32 132 33
f 33 132 133
f 33 133 34
f 34 133 134
f 34 134 35
f 35 134 135
f 35 135 36
f 36 135 136
f 36 136 37
f 37 136 137
f 37 137 38
f 38 137 138
f 38 138 39
f 39 138 139
f 39 139 40
f 40 139 140
f 40 140 41
f 41 140 141
f 41 141 42
f 42 141 142
f 42 142 43
f 43 142 143
f 43 143 44
f 44 143 144
f 44 144 45
f 45 144 145
f 45 145 46
f 46 145 146
f 46 146 47
f 47 146 147
f 47 147 48
f 48 147 148
f 48 148 49
f 49 148 149
f 49 149 50
f 50 149 150
f 50 150 51
f 51 150 151
f 51 151 52
f 52 151 152
f 52 152 53
f 53 152 153
f 53 153 54
f 54 153 154
f 54 154 55
f 55 154 155
f 55 155 56
f 56 155 156
f 56 156 57
f 57 156 157
f 57 157 58
f 58 157 158
f 58 158 59
f 59 158 159
f 59 159 60
f 60 159 160
f 60 160 61
f 61 160 161
f 61 161 62
f 62 161 162
f 62 162 63
f 63 162 163
f 63 163 64
f 64 163 164
f 64 164 65
f 65 164 165
f 65 165 66
f 66 165 166
f 66 166 67
f 67 166 167
f 67 167 68
f 68 167 168
f 68 168 69
f 69 168 169
f 69 169 70
f 70 169 170
f 70 170 71
f 71 170 171
f 71 171 72
f 72 171 172
f 72 172 73
f 73 172 173
f 73 173 74
f 74 173 174
f 74 174 75
f 75 174 175
f 75 175 76
f 76 175 176
f 76 176 77
f 77 176 177
f 77 177 78
f 78 177 178
f 78 178 79
f 79 178 179
f 79 179 80
f 80 179 180
f 80 180 81
f 81 180 181
f 81 181 82
f 82 181 182
f 82 182 83
f 83 182 183
f 83 183 84
f 84 183 184
f 84 184 85
f 85 184 185
f 85 185 86
f 86 185 186
f 86 186 87
f 87 186 187
f 87 187 88
f 88 187 188
f 88 188 89
f 89 188 189
f 89 189 90
f 90 189 190
f 90 190 91
f 91 190 191
f 91 191 92
f 92 191 192
f 92 192 93
f 93 192 193
f 93 193 94
f 94 193 194
f 94 194 95
f 95 194 195
f 95 195 96
f 96 195 196
f 96 196 97
f 97 196 197
f 97 197 98
f 98 197 198
f 98 198 99
f 99 198 199
f 99 199 100
f 100 199 200
f 100 200 101
f 101 200 201
f 101 201 2
f 2 201 102
f 102 202 103
f 103 202 203
f 103 203 104
f 104 203 204
f 104 204 105
f 105 204 205
f 105 205 106
f 106 205 206
f 106 206 107
f 107 206 207
f 107 207 108
f 108 207 208
f 108 208 109
f 109 208 209
f 109 209 110
f 110 209 210
f 110 210 111
f 111 210 211
f 111 211 112
f 112 211 212
f 112 212 113
f 113 212 213
f 113 213 114
f 114 213 214
f 114 214 115
f 115 214 215
f 115 215 116
f 116 215 216
f 116 216 117
f 117 216 217
f 117 217 118
f 118 217 218
f 118 218 119
f 119 218 219
f 119 219 120
f 120 219 220
f 120 220 121
f 121 220 221
f 121 221 122
f 122 221 222
f 122 222 123
f 123 222 223
f 123 223 124
f 124 223 224
f 124 224 125
f 125 224 225
f 125 225 126
f 126 225 226
f 126 226 127
f 127 226 227
f 127 227 128
f 128 227 228
f 128 228 129
f 129 228 229
f 129 229 130
f 130 229 230
f 130 230 131
f 131 230 231
f 131 231 132
f 132 231 232
f 132 232 133
f 133 232 233
f 133 233 134
f 134 233 234
f 134 234 135
f 135 234 235
f 135 235 136
f 136 235 236
f 136 236 137
f 137 236 237
f 137 237 138
f 138 237 238
f 138 238 139
f 139 238 239
f 139 239 140
f 140 239 240
f 140 240 141
f 141 240 241
f 141 241 142
f 142 241 242
f 142 242 143
f 143 242 243
f 143 243 144
f 144 243 244
f 144 244 145
f 145 244 245
f 145 245 146
f 146 245 246
f 146 246 147
f 147 246 247
f 147 247 148
f 148 247 248
f 148 248 149
f 149 248 249
f 149 249 150
f 150 249 250
f 150 250 151
f 151 250 251
f 151 251 152
f 152 251 252
f 152 252 153
f 153 252 253
f 153 253 154
f 154 253 254
f 154 254 155
f 155 254 255
f 155 255 156
f 156 255 256
f 156 256 157
f 157 256 257
f 157 257 158
f 158 257 258
f 158 258 159
f 159 258 259
f 159 259 160
f 160 259 260
f 160 260 161
f 161 260 261
f 161 261 162
f 162 261 262
f 162 262 163
f 163 262 263
f 163 263 164
f 164 263 264
f 164 264 165
f 165 264 265
f 165 265 166
f 166 265 266
f 166 266 167
f 167 266 267
f 167 267 168
f 168 267 268
f 168 268 169
f 169 268 269
f 169 269 170
f 170 269 270
f 170 270 171
f 171 270 271
f 171 271 172
f 172 271 272
f 172 272 173
f 173 272 273
f 173 273 174
f 174 273 274
f 174 274 175
f 175 274 275
f 175 275 176
f 176 275 276
f 176 276 177
f 177 276 277
f 177 277 178
f 178 277 278
f 178 278 179
f 179 278 279
f 179 279 180
f 180 279 280
f 180 280 181
f 181 280 281
f 181 281 182
f 182 281 282
f 182 282 183
f 183 282 283
f 183 283 184
f 184 283 284
f 184 284 185
f 185 284 285
f 185 285 186
f 186 285 286
f 186 286 187
f 187 286 287
f 187 287 188
f 188 287 288
f 188 288 189
f 189 288 289
f 189 289 190
f 190 289 290
f 190 290 191
f 191 290 291
f 191 291 192
f 192 291 292
f 192 292 193
f 193 292 293
f 193 293 194
f 194 293 294
f 194 294 195
f 195 294 295
f 195 295 196
f 196 295 296
f 196 296 197
f 197 296 297
f 197 297 198
f 198 297 298
f 198 298 199
f 199 298 299
f 199 299 200
f 200 299 300
f 200 300 201
f 201 300 301
f 201 301 102
f 102 301 202
f 202 302 203
f 203 302 303
f 203 303 204
f 204 303 304
f 204 304 205
f 205 304 305
f 205 305 206
f 206 305 306
f 206 306 207
f 207 306 307
f 207 307 208
f 208 307 308
f 208 308 209
f 209 308 309
f 209 309 210
f 210 309 310
f 210 310 211
f 211 310 311
f 211 311 212
f 212 311 312
f 212 312 213
f 213 312 313
f 213 313 214
f 214 313 314
f 214 314 215
f 215 314 315
f 215 315 216
f 216 315 316
f 216 316 217
f 217 316 317
f 217 317 218
f 218 317 318
f 218 318 219
f 219 318 319
f 219 319 220
f 220 319 320
f 220 320 221
f 221 320 321
f 221 321 222
f 222 321 322
f 222 322 223
f 223 322 323
f 223 323 224
f 224 323 324
f 224 324 225
f 225 324 325
f 225 325 226
f 226 325 326
f 226 326 227
f 227 326 327
f 227 327 228
f 228 327 328
f 228 328 229
f 229 328 329
f 229 329 230
f 230 329 330
f 230 330 231
f 231 330 331
f 231 331 232
f 232 331 332
f 232 332 233
f 233 332 333
f 233 333 234
f 234 333 334
f 234 334 235
f 235 334 335
f 235 335 236
f 236 335 336
f 236 336 237
f 237 336 337
f 237 337 238
f 238 337 338
f 238 338 239
f 239 338 339
f 239 339 240
f 240 339 340
f 240 340 241
f 241 340 341
f 241 341 242
f 242 341 342
f 242 342 243
f 243 342 343
f 243 343 244
f 244 343 344
f 244 344 245
f 245 344 345
f 245 345 246
f 246 345 346
f 246 346 247
f 247 346 347
f 247 347 248
f 248 347 348
f 248 348 249
f 249 348 349
f 249 349 250
f 250 349 350
f 250 350 251
f 251 350 351
f 251 351 252
f 252 351 352
f 252 352 253
f 253 352 353
f 253 353 254
f 254 353 354
f 254 354 255
f 255 354 355
f 255 355 256
f 256 355 356
f 256 356 257
f 257 356 357
f 257 357 258
f 258 357 358
f 258 358 259
f 259 358 359
f 259 359 260
f 260 359 360
f 260 360 261
f 261 360 361
f 261 361 262
f 262 361 362
f 262 362 263
f 263 362 363
f 263 363 264
f 264 363 364
f 264 364 265
f 265 364 365
f 265 365 266
f 266 365 366
f 266 366 267
f 267 366 367
f 267 367 268
f 268 367 368
f 268 368 269
f 269 368 369
f 269 369 270
f 270 369 370
f 270 370 271
f 271 370 371
f 271 371 272
f 272 371 372
f 272 372 273
f 273 372 373
f 273 373 274
f 274 373 374
f 274 374 275
f 275 374 375
f 275 375 276
f 276 375 376
f 276 376 277
f 277 376 377
f 277 377 278
f 278 377 378
f 278 378 279
f 279 378 379
f 279 379 280
f 280 379 380
f 280 380 281
f 281 380 381
f 281 381 282
f 282 381 382
f 282 382 283
f 283 382 383
f 283 383 284
f 284 383 384
f 284 384 285
f 285 384 385
f 285 385 286
f 286 385 386
f 286 386 287
f 287 386 387
f 287 387 288
f 288 387 388
f 288 388 289
f 289 388 389
f 289 389 290
f 290 389 390
f 290 390 291
f 291 390 391
f 291 391 292
f 292 391 392
f 292 392 293
f 293 392 393
f 293 393 294
f 294 393 394
f 294 394 295
f 295 394 395
f 295 395 296
f 296 395 396
f 296 396 297
f 297 396 397
f 297 397 298
f 298 397 398
f 298 398 299
f 299 398 399
f 299 399 300
f 300 399 400
f 300 400 301
f 301 400 401
f 301 401 202
f 202 401 302
f 302 402 303
f 303 402 403
f 303 403 304
f 304 403 404
f 304 404 305
f 305 404 405
f 305 405 306
f 306 405 406
f 306 406 307
f 307 406 407
f 307 407 308
f 308 407 408
f 308 408 309
f 309 408 409
f 309 409 310
f 310 409 410
f 310 410 311
f 311 410 411
f 311 411 312
f 312 411 412
f 312 412 313
f 313 412 413
f 313 413 314
f 314 413 414
f 314 414 315
f 315 414 415
f 315 415 316
f 316 415 416
f 316 416 317
f 317 416 417
f 317 417 318
f 318 417 418
f 318 418 319
f 319 418 419
f 319 419 320
f 320 419 420
f 320 420 321
f 321 420 421
f 321 421 322
f 322 421 422
f 322 422 323
f 323 422 423
f 323 423 324
f 324 423 424
f 324 424 325
f 325 424 425
f 325 425 326
f 326 425 426
f 326 426 327
f 327 426 427
f 327 427 328
f 328 427 428
f 328 428 329
f 329 428 429
f 329 429 330
f 330 429 430
f 330 430 331
f 331 430 431
f 331 431 332
f 332 431 432
f 332 432 333
f 333 432 433
f 333 433 334
f 334 433 434
f 334 434 335
f 335 434 435
f 335 435 336
f 336 435 436
f 336 436 337
f 337 436 437
f 337 437 338
f 338 437 438
f 338 438 339
f 339 438 439
f 339 439 340
f 340 439 440
f 340 440 341
f 341 440 441
f 341 441 342
f 342 441 442
f 342 442 343
f 343 442 443
f 343 443 344
f 344 443 444
f 344 444 345
f 345 444 445
f 345 445 346
f 346 445 446
f 346 446 347
f 347 446 447
f 347 447 348
f 348 447 448
f 348 448 349
f 349 448 449
f 349 449 350
f 350 449 450
f 350 450 351
f 351 450 451
f 351 451 352
f 352 451 452
f 352 452 353
f 353 452 453
f 353 453 354
f 354 453 454
f 354 454 355
f 355 454 455
f 355 455 356
f 356 455 456
f 356 456 357
f 357 456 457
f 357 457 358
f 358 457 458
f 358 458 359
f 359 458 459
f 359 459 360
f 360 459 460
f 360 460 361
f 361 460 461
f 361 461 362
f 362 461 462
f 362 462 363
f 363 462 463
f 363 463 364
f 364 463 464
f 364 464 365
f 365 464 465
f 365 465 366
f 366 465 466
f 366 466 367
f 367 466 467
f 367 467 368
f 368 467 468
f 368 468 369
f 369 468 469
f 369 469 370
f 370 469 470
f 370 470 371
f 371 470 471
f 371 471 372
f 372 471 472
f 372 472 373
f 373 472 473
f 373 473 374
f 374 473 474
f 374 474 375
f 375 474 475
f 375 475 376
f 376 475 476
f 376 476 377
f 377 476 477
f 377 477 378
f 378 477 478
f 378 478 379
f 379 478 479
f 379 479 380
f 380 479 480
f 380 480 381
f 381 480 481
f 381 481 382
f 382 481 482
f 382 482 383
f 383 482 483
f 383 483 384
f 384 483 484
f 384 484 385
f 385 484 485
f 385 485 386
f 386 485 486
f 386 486 387
f 387 486 487
f 387 487 388
f 388 487 488
f 388 488 389
f 389 488 489
f 389 489 390
f 390 489 490
f 390 490 391
f 391 490 491
f 391 491 392
f 392 491 492
f 392 492 393
f 393 492 493
f 393 493 394
f 394 493 494
f 394 494 395
f 395 494 495
f 395 495 396
f 396 495 496
f 396 496 397
f 397 496 497
f 397 497 398
f 398 497 498
f 398 498 399
f 399 498 499
f 399 499 400
f 400 499 500
f 400 500 401
f 401 500 501
f 401 501 302
f 302 501 402
f 402 502 403
f 403 502 503
f 403 503 404
f 404 503 504
f 404 504 405
f 405 504 505
f 405 505 406
f 406 505 506
f 406 506 407
f 407 506 507
f 407 507 408
f 408 507 508
f 408 508 409
f 409 508 509
f 409 509 410
f 410 509 510
f 410 510 411
f 411 510 511
f 411 511 412
f 412 511 512
f 412 512 413
f 413 512 513
f 413 513 414
f 414 513 514
f 414 514 415
f 415 514 515
f 415 515 416
f 416 515 516
f 416 516 417
f 417 516 517
f 417 517 418
f 418 517 518
f 418 518 419
f 419 518 519
f 419 519 420
f 420 519 520
f 420 520 421
f 421 520 521
f 421 521 422
f 422 521 522
f 422 522 423
f 423 522 523
f 423 523 424
f 424 523 524
f 424 524 425
f 425 524 525
f 425 525 426
f 426 525 526
f 426 526 427
f 427 526 527
f 427 527 428
f 428 527 528
f 428 528 429
f 429 528 529
f 429 529 430
f 430 529 530
f 430 530 431
f 431 530 531
f 431 531 432
f 432 531 532
f 432 532 433
f 433 532 533
f 433 533 434
f 434 533 534
f 434 534 435
f 435 534 535
f 435 535 436
f 436 535 536
f 436 536 437
f 437 536 537
f 437 537 438
f 438 537 538
f 438 538 439
f 439 538 539
f 439 539 440
f 440 539 540
f 440 540 441
f 441 540 541
f 441 541 442
f 442 541 542
f 442 542 443
f 443 542 543
f 443 543 444
f 444 543 544
f 444 544 445
f 445 544 545
f 445 545 446
f 446 545 546
f 446 546 447
f 447 546 547
f 447 547 448
f 448 547 548
f 448 548 449
f 449 548 549
f 449 549 450
f 450 549 550
f 450 550 451
f 451 550 551
f 451 551 452
f 452 551 552
f 452 552 453
f 453 552 553
f 453 553 454
f 454 553 554
f 454 554 455
f 455 554 555
f 455 555 456
f 456 555 556
f 456 556 457
f 457 556 557
f 457 557 458
f 458 557 558
f 458 558 459
f 459 558 559
f 459 559 460
f 460 559 560
f 460 560 461
f 461 560 561
f 461 561 462
f 462 561 562
f 462 562 463
f 463 562 563
f 463 563 464
f 464 563 564
f 464 564 465
f 465 564 565
f 465 565 466
f 466 565 566
f 466 566 467
f 467 566 567
f 467 567 468
f 468 567 568
f 468 568 469
f 469 568 569
f 469 569 470
f 470 569 570
f 470 570 471
f 471 570 571
f 471 571 472
f 472 571 572
f 472 572 473
f 473 572 573
f 473 573 474
f 474 573 574
f 474 574 475
f 475 574 575
f 475 575 476
f 476 575 576
f 476 576 477
f 477 576 577
f 477 577 478
f 478 577 578
f 478 578 479
f 479 578 579
f 479 579 480
f 480 579 580
f 480 580 481
f 481 580 581
f 481 581 482
f 482 581 582
f 482 582 483
f 483 582 583
f 483 583 484
f 484 583 584
f 484 584 485
f 485 584 585
f 485 585 486
f 486 585 586
f 486 586 487
f 487 586 587
f 487 587 488
f 488 587 588
f 488 588 489
f 489 588 589
f 489 589 490
f 490 589 590
f 490 590 491
f 491 590 591
f 491 591 492
f 492 591 592
f 492 592 493
f 493 592 593
f 493 593 494
f 494 593 594
f 494 594 495
f 495 594 595
f 495 595 496
f 496 595 596
f 496 596 497
f 497 596 597
f 497 597 498
f 498 597 598
f 498 598 499
f 499 598 599
f 499 599 500
f 500 599 600
f 500 600 501
f 501 600 601
f 501 601 402
f 402 601 502
f 502 602 503
f 503 602 603
f 503 603 504
f 504 603 604
f 504 604 505
f 505 604 605
f 505 605 506
f 506 605 606
f 506 606 507
f 507 606 607
f 507 607 508
f 508 607 608
f 508 608 509
f 509 608 609
f 509 609 510
f 510 609 610
f 510 610 511
f 511 610 611
f 511 611 512
f 512 611 612
f 512 612 513
f 513 612 613
f 513 613 514
f 514 613 614
f 514 614 515
f 515 614 615
f 515 615 516
f 516 615 616
f 516 616 517
f 517 616 617
f 517 617 518
f 518 617 618
f 518 618 519
f 519 618 619
f 519 619 520
f 520 619 620
f 520 620 521
f 521 620 621
f 521 621 522
f 522 621 622
f 522 622 523
f 523 622 623
f 523 623 524
f 524 623 624
f 524 624 525
f 525 624 625
f 525 625 526
f 526 625 626
f 526 626 527
f 527 626 627
f 527 627 528
f 528 627 628
f 528 628 529
f 529 628 629
f 529 629 530
f 530 629 630
f 530 630 531
f 531 630 631
f 531 631 532
f 532 631 632
f 532 632 533
f 533 632 633
f 533 633 534
f 534 633 634
f 534 634 535
f 535 634 635
f 535 635 536
f 536 635 636
f 536 636 537
f 537 636 637
f 537 637 538
f 538 637 638
f 538 638 539
f 539 638 639
f 539 639 540
f 540 639 640
f 540 640 541
f 541 640 641
f 541 641 542
f 542 641 642
f 542 642 543
f 543 642 643
f 543 643 544
f 544 643 644
f 544 644 545
f 545 644 645
f 545 645 546
f 546 645 646
f 546 646 547
f 547 646 647
f 547 647 548
f 548 647 648
f 548 648 549
f 549 648 649
f 549 649 550
f 550 649 650
f 550 650 551
f 551 650 651
f 551 651 552
f 552 651 652
f 552 652 553
f 553 652 653
f 553 653 554
f 554 653 654
f 554 654 555
f 555 654 655
f 555 655 556
f 556 655 656
f 556 656 557
f 557 656 657
f 557 657 558
f 558 657 658
f 558 658 559
f 559 658 659
f 559 659 560
f 560 659 660
f 560 660 561
f 561 660 661
f 561 661 562
f 562 661 662
f 562 662 563
f 563 662 663
f 563 663 564
f 564 663 664
f 564 664 565
f 565 664 665
f 565 665 566
f 566 665 666
f 566 666 567
f 567 666 667
f 567 667 568
f 568 667 668
f 568 668 569
f 569 668 669
f 569 669 570
f 570 669 670
f 570 670 571
f 571 670 671
f 571 671 572
f 572 671 672
f 572 672 573
f 573 672 673
f 573 673 574
f 574 673 674
f 574 674 575
f 575 674 675
f 575 675 576
f 576 675 676
f 576 676 577
f 577 676 677
f 577 677 578
f 578 677 678
f 578 678 579
f 579 678 679
f 579 679 580
f 580 679 680
f 580 680 581
f 581 680 681
f 581 681 582
f 582 681 682
f 582 682 583
f 583 682 683
f 583 683 584
f 584 683 684
f 584 684 585
f 585 684 685
f 585 685 586
f 586 685 686
f 586 686 587
f 587 686 687
f 587 687 588
f 588 687 688
f 588 688 589
f 589 688 689
f 589 689 590
f 590 689 690
f 590 690 591
f 591 690 691
f 591 691 592
f 592 691 692
f 592 692 593
f 593 692 693
f 593 693 594
f 594 693 694
f 594 694 595
f 595 694 695
f 595 695 596
f 596 695 696
f 596 696 597
f 597 696 697
f 597 697 598
f 598 697 698
f 598 698 599
f 599 698 699
f 599 699 600
f 600 699 700
f 600 700 601
f 601 700 701
f 601 701 502
f 502 701 602
f 602 702 603
f 603 702 703
f 603 703 604
f 604 703 704
f 604 704 605
f 605 704 705
f 605 705 606
f 606 705 706
f 606 706 607
f 607 706 707
f 607 707 608
f 608 707 708
f 608 708 609
f 609 708 709
f 609 709 610
f 610 709 710
f 610 710 611
f 611 710 711
f 611 711 612
f 612 711 712
f 612 712 613
f 613 712 713
f 613 713 614
f 614 713 714
f 614 714 615
f 615 714 715
f 615 715 616
f 616 715 716
f 616 716 617
f 617 716 717
f 617 717 618
f 618 717 718
f 618 718 619
f 619 718 719
f 619 719 620
f 620 719 720
f 620 720 621
f 621 720 721
f 621 721 622
f 622 721 722
f 622 722 623
f 623 722 723
f 623 723 624
f 624 723 724
f 624 724 625
f 625 724 725
f 625 725 626
f 626 725 726
f 626 726 627
f 627 726 727
f 627 727 628
f 628 727 728
f 628 728 629
f 629 728 729
f 629 729 630
f 630 729 730
f 630 730 631
f 631 730 731
f 631 731 632
f 632 731 732
f 632 732 633
f 633 732 733
f 633 733 634
f 634 733 734
f 634 734 635
f 635 734 735
f 635 735 636
f 636 735 736
f 636 736 637
f 637 736 737
f 637 737 638
f 638 737 738
f 638 738 639
f 639 738 739
f 639 739 640
f 640 739 740
f 640 740 641
f 641 740 741
f 641 741 642
f 642 741 742
f 642 742 643
f 643 742 743
f 643 743 644
f 644 743 744
f 644 744 645
f 645 744 745
f 645 745 646
f 646 745 746
f 646 746 647
f 647 746 747
f 647 747 648
f 648 747 748
f 648 748 649
f 649 748 749
f 649 749 650
f 650 749 750
f 650 750 651
f 651 750 751
f 651 751 652
f 652 751 752
f 652 752 653
f 653 752 753
f 653 753 654
f 654 753 754
f 654 754 655
f 655 754 755
f 655 755 656
f 656 755 756
f 656 756 657
f 657 756 757
f 657 757 658
f 658 757 758
f 658 758 659
f 659 758 759
f 659 759 660
f 660 759 760
f 660 760 661
f 661 760 761
f 661 761 662
f 662 761 762
f 662 762 663
f 663 762 763
f 663 763 664
f 664 763 764
f 664 764 665
f 665 764 765
f 665 765 666
f 666 765 766
f 666 766 667
f 667 766 767
f 667 767 668
f 668 767 768
f 668 768 669
f 669 768 769
f 669 769 670
f 670 769 770
f 670 770 671
f 671 770 771
f 671 771 672
f 672 771 772
f 672 772 673
f 673 772 773
f 673 773 674
f 674 773 774
f 674 774 675
f 675 774 775
f 675 775 676
f 676 775 776
f 676 776 677
f 677 776 777
f 677 777 678
f 678 777 778
f 678 778 679
f 679 778 779
f 679 779 680
f 680 779 780
f 680 780 681
f 681 780 781
f 681 781 682
f 682 781 782
f 682 782 683
f 683 782 783
f 683 783 684
f 684 783 784
f 684 784 685
f 685 784 785
f 685 785 686
f 686 785 786
f 686 786 687
f 687 786 787
f 687 787 688
f 688 787 788
f 688 788 689
f 689 788 789
f 689 789 690
f 690 789 790
f 690 790 691
f 691 790 791
f 691 791 692
f 692 791 792
f 692 792 693
f 693 792 793
f 693 793 694
f 694 793 794
f 694 794 695
f 695 794 795
f 695 795 696
f 696 795 796
f 696 796 697
f 697 796 797
f 697 797 698
f 698 797 798
f 698 798 699
f 699 798 799
f 699 799 700
f 700 799 800
f 700 800 701
f 701 800 801
f 701 801 602
f 602 801 702
f 702 802 703
f 703 802 803
f 703 803 704
f 704 803 804
f 704 804 705
f 705 804 805
f 705 805 706
f 706 805 806
f 706 806 707
f 707 806 807
f 707 807 708
f 708 807 808
f 708 808 709
f 709 808 809
f 709 809 710
f 710 809 810
f 710 810 711
f 711 810 811
f 711 811 712
f 712 811 812
f 712 812 713
f 713 812 813
f 713 813 714
f 714 813 814
f 714 814 715
f 715 814 815
f 715 815 716
f 716 815 816
f 716 816 717
f 717 816 817
f 717 817 718
f 718 817 818
f 718 818 719
f 719 818 819
f 719 819 720
f 720 819 820
f 720 820 721
f 721 820 821
f 721 821 722
f 722 821 822
f 722 822 723
f 723 822 823
f 723 823 724
f 724 823 824
f 724 824 725
f 725 824 825
f 725 825 726
f 726 825 826
f 726 826 727
f 727 826 827
f 727 827 728
f 728 827 828
f 728 828 729
f 729 828 829
f 729 829 730
f 730 829 830
f 730 830 731
f 731 830 831
f 731 831 732
f 732 831 832
f 732 832 733
f 733 832 833
f 733 833 734
f 734 833 834
f 734 834 735
f 735 834 835
f 735 835 736
f 736 835 836
f 736 836 737
f 737 836 837
f 737 837 738
f 738 837 838
f 738 838 739
f 739 838 839
f 739 839 740
f 740 839 840
f 740 840 741
f 741 840 841
f 741 841 742
f 742 841 842
f 742 842 743
f 743 842 843
f 743 843 744
f 744 843 844
f 744 844 745
f 745 844 845
f 745 845 746
f 746 845 846
f 746 846 747
f 747 846 847
f 747 847 748
f 748 847 848
f 748 848 749
f 749 848 849
f 749 849 750
f 750 849 850
f 750 850 751
f 751 850 851
f 751 851 752
f 752 851 852
f 752 852 753
f 753 852 853
f 753 853 754
f 754 853 854
f 754 854 755
f 755 854 855
f 755 855 756
f 756 855 856
f 756 856 757
f 757 856 857
f 757 857 758
f 758 857 858
f 758 858 759
f 759 858 859
f 759 859 760
f 760 859 860
f 760 860 761
f 761 860 861
f 761 861 762
f 762 861 862
f 762 862 763
f 763 862 863
f 763 863 764
f 764 863 864
f 764 864 765
f 765 864 865
f 765 865 766
f 766 865 866
f 766 866 767
f 767 866 867
f 767 867 768
f 768 867 868
f 768 868 769
f 769 868 869
f 769 869 770
f 770 869 870
f 770 870 771
f 771 870 871
f 771 871 772
f 772 871 872
f 772 872 773
f 773 872 873
f 773 873 774
f 774 873 874
f 774 874 775
f 775 874 875
f 775 875 776
f 776 875 876
f 776 876 777
f 777 876 877
f 777 877 778
f 778 877 878
f 778 878 779
f 779 878 879
f 779 879 780
f 780 879 880
f 780 880 781
f 781 880 881
f 781 881 782
f 782 881 882
f 782 882 783
f 783 882 883
f 783 883 784
f 784 883 884
f 784 884 785
f 785 884 885
f 785 885 786
f 786 885 886
f 786 886 787
f 787 886 887
f 787 887 788
f 788 887 888
f 788 888 789
f 789 888 889
f 789 889 790
f 790 889 890
f 790 890 791
f 791 890 891
f 791 891 792
f 792 891 892
f 792 892 793
f 793 892 893
f 793 893 794
f 794 893 894
f 794 894 795
f 795 894 895
f 795 895 796
f 796 895 896
f 796 896 797
f 797 896 897
f 797 897 798
f 798 897 898
f 798 898 799
f 799 898 899
f 799 899 800
f 800 899 900
f 800 900 801
f 801 900 901
f 801 901 702
f 702 901 802
f 802 902 803
f 803 902 903
f 803 903 804
f 804 903 904
f 804 904 805
f 805 904 905
f 805 905 806
f 806 905 906
f 806 906 807
f 807 906 907
f 807 907 808
f 808 907 908
f 808 908 809
f 809 908 909
f 809 909 810
f 810 909 910
f 810 910 811
f 811 910 911
f 811 911 812
f 812 911 912
f 812 912 813
f 813 912 913
f 813 913 814
f 814 913 914
f 814 914 815
f 815 914 915
f 815 915 816
f 816 915 916
f 816 916 817
f 817 916 917
f 817 917 818
f 818 917 918
f 818 918 819
f 819 918 919
f 819 919 820
f 820 919 920
f 820 920 821
f 821 920 921
f 821 921 822
f 822 921 922
f 822 922 823
f 823 922 923
f 823 923 824
f 824 923 924
f 824 924 825
f 825 924 925
f 825 925 826
f 826 925 926
f 826 926 827
f 827 926 927
f 827 927 828
f 828 927 928
f 828 928 829
f 829 928 929
f 829 929 830
f 830 929 930
f 830 930 831
f 831 930 931
f 831 931 832
f 832 931 932
f 832 932 833
f 833 932 933
f 833 933 834
f 834 933 934
f 834 934 835
f 835 934 935
f 835 935 836
f 836 935 936
f 836 936 837
f 837 936 937
f 837 937 838
f 838 937 938
f 838 938 839
f 839 938 939
f 839 939 840
f 840 939 940
f 840 940 841
f 841 940 941
f 841 941 842
f 842 941 942
f 842 942 843
f 843 942 943
f 843 943 844
f 844 943 944
f 844 944 845
f 845 944 945
f 845 945 846
f 846 945 946
f 846 946 847
f 847 946 947
f 847 947 848
f 848 947 948
f 848 948 849
f 849 948 949
f 849 949 850
f 850 949 950
f 850 950 851
f 851 950 951
f 851 951 852
f 852 951 952
f 852 952 853
f 853 952 953
f 853 953 854
f 854 953 954
f 854 954 855
f 855 954 955
f 855 955 856
f 856 955 956
f 856 956 857
f 857 956 957
f 857 957 858
f 858 957 958
f 858 958 859
f 859 958 959
f 859 959 860
f 860 959 960
f 860 960 861
f 861 960 961
f 861 961 862
f 862 961 962
f 862 962 863
f 863 962 963
f 863 963 864
f 864 963 964
f 864 964 865
f 865 964 965
f 865 965 866
f 866 965 966
f 866 966 867
f 867 966 967
f 867 967 868
f 868 967 968
f 868 968 869
f 869 968 969
f 869 969 870
f 870 969 970
f 870 970 871
f 871 970 971
f 871 971 872
f 872 971 972
f 872 972 873
f 873 972 973
f 873 973 874
f 874 973 974
f 874 974 875
f 875 974 975
f 875 975 876
f 876 975 976
f 876 976 877
f 877 976 977
f 877 977 878
f 878 977 978
f 878 978 879
f 879 978 979
f 879 979 880
f 880 979 980
f 880 980 881
f 881 980 981
f 881 981 882
f 882 981 982
f 882 982 883
f 883 982 983
f 883 983 884
f 884 983 984
f 884 984 885
f 885 984 985
f 885 985 886
f 886 985 986
f 886 986 887
f 887 986 987
f 887 987 888
f 888 987 988
f 888 988 889
f 889 988 989
f 889 989 890
f 890 989 990
f 890 990 891
f 891 990 991
f 891 991 892
f 892 991 992
f 892 992 893
f 893 992 993
f 893 993 894
f 894 993 994
f 894 994 895
f 895 994 995
f 895 995 896
f 896 995 996
f 896 996 897
f 897 996 997
f 897 997 898
f 898 997 998
f 898 998 899
f 899 998 999
f 899 999 900
f 900 999 1000
f 900 1000 901
f 901 1000 1001
f 901 1001 802
f 802 1001 902
f 902 1002 903
f 903 1002 1003
f 903 1003 904
f 904 1003 1004
f 904 1004 905
f 905 1004 1005
f 905 1005 906
f 906 1005 1006
f 906 1006 907
f 907 1006 1007
f 907 1007 908
f 908 1007 1008
f 908 1008 909
f 909 1008 1009
f 909 1009 910
f 910 1009 1010
f 910 1010 911
f 911 1010 1011
f 911 1011 912
f 912 1011 1012
f 912 1012 913
f 913 1012 1013
f 913 1013 914
f 914 1013 1014
f 914 1014 915
f 915 1014 1015
f 915 1015 916
f 916 1015 1016
f 916 1016 917
f 917 1016 1017
f 917 1017 918
f 918 1017 1018
f 918 1018 919
f 919 1018 1019
f 919 1019 920
f 920 1019 1020
f 920 1020 921
f 921 1020 1021
f 921 1021 922
f 922 1021 1022
f 922 1022 923
f 923 1022 1023
f 923 1023 924
f 924 1023 1024
f 924 1024 925
f 925 1024 1025
f 925 1025 926
f 926 1025 1026
f 926 1026 927
f 927 1026 1027
f 927 1027 928
f 928 1027 1028
f 928 1028 929
f 929 1028 1029
f 929 1029 930
f 930 1029 1030
f 930 1030 931
f 931 1030 1031
f 931 1031 932
f 932 1031 1032
f 932 1032 933
f 933 1032 1033
f 933 1033 934
f 934 1033 1034
f 934 1034 935
f 935 1034 1035
f 935 1035 936
f 936 1035 1036
f 936 1036 937
f 937 1036 1037
f 937 1037 938
f 938 1037 1038
f 938 1038 939
f 939 1038 1039
f 939 1039 940
f 940 1039 1040
f 940 1040 941
f 941 1040 1041
f 941 1041 942
f 942 1041 1042
f 942 1042 943
f 943 1042 1043
f 943 1043 944
f 944 1043 1044
f 944 1044 945
f 945 1044 1045
f 945 1045 946
f 946 1045 1046
f 946 1046 947
f 947 1046 1047
f 947 1047 948
f 948 1047 1048
f 948 1048 949
f 949 1048 1049
f 949 1049 950
f 950 1049 1050
f 950 1050 951
f 951 1050 1051
f 951 1051 952
f 952 1051 1052
f 952 1052 953
f 953 1052 1053
f 953 1053 954
f 954 1053 1054
f 954 1054 955
f 955 1054 1055
f 955 1055 956
f 956 1055 1056
f 956 1056 957
f 957 1056 1057
f 957 1057 958
f 958 1057 1058
f 958 1058 959
f 959 1058 1059
f 959 1059 960
f 960 1059 1060
f 960 1060 961
f 961 1060 1061
f 961 1061 962
f 962 1061 1062
f 962 1062 963
f 963 1062 1063
f 963 1063 964
f 964 1063 1064
f 964 1064 965
f 965 1064 1065
f 965 1065 966
f 966 1065 1066
f 966 1066 967
f 967 1066 1067
f 967 1067 968
f 968 1067 1068
f 968 1068 969
f 969 1068 1069
f 969 1069 970
f 970 1069 1070
f 970 1070 971
f 971 1070 1071
f 971 1071 972
f 972 1071 1072
f 972 1072 973
f 973 1072 1073
f 973 1073 974
f 974 1073 1074
f 974 1074 975
f 975 1074 1075
f 975 1075 976
f 976 1075 1076
f 976 1076 977
f 977 1076 1077
f 977 1077 978
f 978 1077 1078
f 978 1078 979
f 979 1078 1079
f 979 1079 980
f 980 1079 1080
f 980 1080 981
f 981 1080 1081
f 981 1081 982
f 982 1081 1082
f 982 1082 983
f 983 1082 1083
f 983 1083 984
f 984 1083 1084
f 984 1084 985
f 985 1084 1085
f 985 1085 986
f 986 1085 1086
f 986 1086 987
f 987 1086 1087
f 987 1087 988
f 988 1087 1088
f 988 1088 989
f 989 1088 1089
f 989 1089 990
f 990 1089 1090
f 990 1090 991
f 991 1090 1091
f 991 1091 992
f 992 1091 1092
f 992 1092 993
f 993 1092 1093
f 993 1093 994
f 994 1093 1094
f 994 1094 995
f 995 1094 1095
f 995 1095 996
f 996 1095 1096
f 996 1096 997
f 997 1096 1097
f 997 1097 998
f 998 1097 1098
f 998 1098 999
f 999 1098 1099
f 999 1099 1000
f 1000 1099 1100
f 1000 1100 1001
f 1001 1100 1101
f 1001 1101 902
f 902 1101 1002
f 1002 1102 1003
f 1003 1102 1103
f 1003 1103 1004
f 1004 1103 1104
f 1004 1104 1005
f 1005 1104 1105
f 1005 1105 1006
f 1006 1105 1106
f 1006 1106 1007
f 1007 1106 1107
f 1007 1107 1008
f 1008 1107 1108
f 1008 1108 1009
f 1009 1108 1109
f 1009 1109 1010
f 1010 1109 1110
f 1010 1110 1011
f 1011 1110 1111
f 1011 1111 1012
f 1012 1111 1112
f 1012 1112 1013
f 1013 1112 1113
f 1013 1113 1014
f 1014 1113 1114
f 1014 1114 1015
f 1015 1114 1115
f 1015 1115 1016
f 1016 1115 1116
f 1016 1116 1017
f 1017 1116 1117
f 1017 1117 1018
f 1018 1117 1118
f 1018 1118 1019
f 1019 1118 1119
f 1019 1119 1020
f 1020 1119 1120
f 1020 1120 1021
f 1021 1120 1121
f 1021 1121 1022
f 1022 1121 1122
f 1022 1122 1023
f 1023 1122 1123
f 1023 1123 1024
f 1024 1123 1124
f 1024 1124 1025
f 1025 1124 1125
f 1025 1125 1026
f 1026 1125 1126
f 1026 1126 1027
f 1027 1126 1127
f 1027 1127 1028
f 1028 1127 1128
f 1028 1128 1029
f 1029 1128 1129
f 1029 1129 1030
f 1030 1129 1130
f 1030 1130 1031
f 1031 1130 1131
f 1031 1131 1032
f 1032 1131 1132
f 1032 1132 1033
f 1033 1132 1133
f 1033 1133 1034
f 1034 1133 1134
f 1034 1134 1035
f 1035 1134 1135
f 1035 1135 1036
f 1036 1135 1136
f 1036 1136 1037
f 1037 1136 1137
f 1037 1137 1038
f 1038 1137 1138
f 1038 1138 1039
f 1039 1138 1139
f 1039 1139 1040
f 1040 1139 1140
f 1040 1140 1041
f 1041 1140 1141
f 1041 1141 1042
f 1042 1141 1142
f 1042 1142 1043
f 1043 1142 1143
f 1043 1143 1044
f 1044 1143 1144
f 1044 1144 1045
f 1045 1144 1145
f 1045 1145 1046
f 1046 1145 1146
f 1046 1146 1047
f 1047 1146 1147
f 1047 1147 1048
f 1048 1147 1148
f 1048 1148 1049
f 1049 1148 1149
f 1049 1149 1050
f 1050 1149 1150
f 1050 1150 1051
f 1051 1150 1151
f 1051 1151 1052
f 1052 1151 1152
f 1052 1152 1053
f 1053 1152 1153
f 1053 1153 1054
f 1054 1153 1154
f 1054 1154 1055
f 1055 1154 1155
f 1055 1155 1056
f 1056 1155 1156
f 1056 1156 1057
f 1057 1156 1157
f 1057 1157 1058
f 1058 1157 1158
f 1058 1158 1059
f 1059 1158 1159
f 1059 1159 1060
f 1060 1159 1160
f 1060 1160 1061
f 1061 1160 1161
f 1061 1161 1062
f 1062 1161 1162
f 1062 1162 1063
f 1063 1162 1163
f 1063 1163 1064
f 1064 1163 1164
f 1064 1164 1065
f 1065 1164 1165
f 1065 1165 1066
f 1066 1165 1166
f 1066 1166 1067
f 1067 1166 1167
f 1067 1167 1068
f 1068 1167 1168
f 1068 1168 1069
f 1069 1168 1169
f 1069 1169 1070
f 1070 1169 1170
f 1070 1170 1071
f 1071 1170 1171
f 1071 1171 1072
f 1072 1171 1172
f 1072 1172 1073
f 1073 1172 1173
f 1073 1173 1074
f 1074 1173 1174
f 1074 1174 1075
f 1075 1174 1175
f 1075 1175 1076
f 1076 1175 1176
f 1076 1176 1077
f 1077 1176 1177
f 1077 1177 1078
f 1078 1177 1178
f 1078 1178 1079
f 1079 1178 1179
f 1079 1179 1080
f 1080 1179 1180
f 1080 1180 1081
f 1081 1180 1181
f 1081 1181 1082
f 1082 1181 1182
f 1082 1182 1083
f 1083 1182 1183
f 1083 1183 1084
f 1084 1183 1184
f 1084 1184 1085
f 1085 1184 1185
f 1085 1185 1086
f 1086 1185 1186
f 1086 1186 1087
f 1087 1186 1187
f 1087 1187 1088
f 1088 1187 1188
f 1088 1188 1089
f 1089 1188 1189
f 1089 1189 1090
f 1090 1189 1190
f 1090 1190 1091
f 1091 1190 1191
f 1091 1191 1092
f 1092 1191 1192
f 1092 1192 1093
f 1093 1192 1193
f 1093 1193 1094
f 1094 1193 1194
f 1094 1194 1095
f 1095 1194 1195
f 1095 1195 1096
f 1096 1195 1196
f 1096 1196 1097
f 1097 1196 1197
f 1097 1197 1098
f 1098 1197 1198
f 1098 1198 1099
f 1099 1198 1199
f 1099 1199 1100
f 1100 1199 1200
f 1100 1200 1101
f 1101 1200 1201
f 1101 1201 1002
f 1002 1201 1102
f 1102 1202 1103
f 1103 1202 1203
f 1103 1203 1104
f 1104 1203 1204
f 1104 1204 1105
f 1105 1204 1205
f 1105 1205 1106
f 1106 1205 1206
f 1106 1206 1107
f 1107 1206 1207
f 1107 1207 1108
f 1108 1207 1208
f 1108 1208 1109
f 1109 1208 1209
f 1109 1209 1110
f 1110 1209 1210
f 1110 1210 1111
f 1111 1210 1211
f 1111 1211 1112
f 1112 1211 1212
f 1112 1212 1113
f 1113 1212 1213
f 1113 1213 1114
f 1114 1213 1214
f 1114 1214 1115
f 1115 1214 1215
f 1115 1215 1116
f 1116 1215 1216
f 1116 1216 1117
f 1117 1216 1217
f 1117 1217 1118
f 1118 1217 1218
f 1118 1218 1119
f 1119 1218 1219
f 1119 1219 1120
f 1120 1219 1220
f 1120 1220 1121
f 1121 1220 1221
f 1121 1221 1122
f 1122 1221 1222
f 1122 1222 1123
f 1123 1222 1223
f 1123 1223 1124
f 1124 1223 1224
f 1124 1224 1125
f 1125 1224 1225
f 1125 1225 1126
f 1126 1225 1226
f 1126 1226 1127
f 1127 1226 1227
f 1127 1227 1128
f 1128 1227 1228
f 1128 1228 1129
f 1129 1228 1229
f 1129 1229 1130
f 1130 1229 1230
f 1130 1230 1131
f 1131 1230 1231
f 1131 1231 1132
f 1132 1231 1232
f 1132 1232 1133
f 1133 1232 1233
f 1133 1233 1134
f 1134 1233 1234
f 1134 1234 1135
f 1135 1234 1235
f 1135 1235 1136
f 1136 1235 1236
f 1136 1236 1137
f 1137 1236 1237
f 1137 1237 1138
f 1138 1237 1238
f 1138 1238 1139
f 1139 1238 1239
f 1139 1239 1140
f 1140 1239 1240
f 1140 1240 1141
f 1141 1240 1241
f 1141 1241 1142
f 1142 1241 1242
f 1142 1242 1143
f 1143 1242 1243
f 1143 1243 1144
f 1144 1243 1244
f 1144 1244 1145
f 1145 1244 1245
f 1145 1245 1146
f 1146 1245 1246
f 1146 1246 1147
f 1147 1246 1247
f 1147 1247 1148
f 1148 1247 1248
f 1148 1248 1149
f 1149 1248 1249
f 1149 1249 1150
f 1150 1249 1250
f 1150 1250 1151
f 1151 1250 1251
f 1151 1251 1152
f 1152 1251 1252
f 1152 1252 1153
f 1153 1252 1253
f 1153 1253 1154
f 1154 1253 1254
f 1154 1254 1155
f 1155 1254 1255
f 1155 1255 1156
f 1156 1255 1256
f 1156 1256 1157
f 1157 1256 1257
f 1157 1257 1158
f 1158 1257 1258
f 1158 1258 1159
f 1159 1258 1259
f 1159 1259 1160
f 1160 1259 1260
f 1160 1260 1161
f 1161 1260 1261
f 1161 1261 1162
f 1162 1261 1262
f 1162 1262 1163
f 1163 1262 1263
f 1163 1263 1164
f 1164 1263 1264
f 1164 1264 1165
f 1165 1264 1265
f 1165 1265 1166
f 1166 1265 1266
f 1166 1266 1167
f 1167 1266 1267
f 1167 1267 1168
f 1168 1267 1268
f 1168 1268 1169
f 1169 1268 1269
f 1169 1269 1170
f 1170 1269 1270
f 1170 1270 1171
f 1171 1270 1271
f 1171 1271 1172
f 1172 1271 1272
f 1172 1272 1173
f 1173 1272 1273
f 1173 1273 1174
f 1174 1273 1274
f 1174 1274 1175
f 1175 1274 1275
f 1175 1275 1176
f 1176 1275 1276
f 1176 1276 1177
f 1177 1276 1277
f 1177 1277 1178
f 1178 1277 1278
f 1178 1278 1179
f 1179 1278 1279
f 1179 1279 1180
f 1180 1279 1280
f 1180 1280 1181
f 1181 1280 1281
f 1181 1281 1182
f 1182 1281 1282
f 1182 1282 1183
f 1183 1282 1283
f 1183 1283 1184
f 1184 1283 1284
f 1184 1284 1185
f 1185 1284 1285
f 1185 1285 1186
f 1186 1285 1286
f 1186 1286 1187
f 1187 1286 1287
f 1187 1287 1188
f 1188 1287 1288
f 1188 1288 1189
f 1189 1288 1289
f 1189 1289 1190
f 1190 1289 1290
f 1190 1290 1191
f 1191 1290 1291
f 1191 1291 1192
f 1192 1291 1292
f 1192 1292 1193
f 1193 1292 1293
f 1193 1293 1194
f 1194 1293 1294
f 1194 1294 1195
f 1195 1294 1295
f 1195 1295 1196
f 1196 1295 1296
f 1196 1296 1197
f 1197 1296 1297
f 1197 1297 1198
f 1198 1297 1298
f 1198 1298 1199
f 1199 1298 1299
f 1199 1299 1200
f 1200 1299 1300
f 1200 1300 1201
f 1201 1300 1301
f 1201 1301 1102
f 1102 1301 1202
f 1202 1302 1203
f 1203 1302 1303
f 1203 1303 1204
f 1204 1303 1304
f 1204 1304 1205
f 1205 1304 1305
f 1205 1305 1206
f 1206 1305 1306
f 1206 1306 1207
f 1207 1306 1307
f 1207 1307 1208
f 1208 1307 1308
f 1208 1308 1209
f 1209 1308 1309
f 1209 1309 1210
f 1210 1309 1310
f 1210 1310 1211
f 1211 1310 1311
f 1211 1311 1212
f 1212 1311 1312
f 1212 1312 1213
f 1213 1312 1313
f 1213 1313 1214
f 1214 1313 1314
f 1214 1314 1215
f 1215 1314 1315
f 1215 1315 1216
f 1216 1315 1316
f 1216 1316 1217
f 1217 1316 1317
f 1217 1317 1218
f 1218 1317 1318
f 1218 1318 1219
f 1219 1318 1319
f 1219 1319 1220
f 1220 1319 1320
f 1220 1320 1221
f 1221 1320 1321
f 1221 1321 1222
f 1222 1321 1322
f 1222 1322 1223
f 1223 1322 1323
f 1223 1323 1224
f 1224 1323 1324
f 1224 1324 1225
f 1225 1324 1325
f 1225 1325 1226
f 1226 1325 1326
f 1226 1326 1227
f 1227 1326 1327
f 1227 1327 1228
f 1228 1327 1328
f 1228 1328 1229
f 1229 1328 1329
f 1229 1329 1230
f 1230 1329 1330
f 1230 1330 1231
f 1231 1330 1331
f 1231 1331 1232
f 1232 1331 1332
f 1232 1332 1233
f 1233 1332 1333
f 1233 1333 1234
f 1234 1333 1334
f 1234 1334 1235
f 1235 1334 1335
f 1235 1335 1236
f 1236 1335 1336
f 1236 1336 1237
f 1237 1336 1337
f 1237 1337 1238
f 1238 1337 1338
f 1238 1338 1239
f 1239 1338 1339
f 1239 1339 1240
f 1240 1339 1340
f 1240 1340 1241
f 1241 1340 1341
f 1241 1341 1242
f 1242 1341 1342
f 1242 1342 1243
f 1243 1342 1343
f 1243 1343 1244
f 1244 1343 1344
f 1244 1344 1245
f 1245 1344 1345
f 1245 1345 1246
f 1246 1345 1346
f 1246 1346 1247
f 1247 1346 1347
f 1247 1347 1248
f 1248 1347 1348
f 1248 1348 1249
f 1249 1348 1349
f 1249 1349 1250
f 1250 1349 1350
f 1250 1350 1251
f 1251 1350 1351
f 1251 1351 1252
f 1252 1351 1352
f 1252 1352 1253
f 1253 1352 1353
f 1253 1353 1254
f 1254 1353 1354
f 1254 1354 1255
f 1255 1354 1355
f 1255 1355 1256
f 1256 1355 1356
f 1256 1356 1257
f 1257 1356 1357
f 1257 1357 1258
f 1258 1357 1358
f 1258 1358 1259
f 1259 1358 1359
f 1259 1359 1260
f 1260 1359 1360
f 1260 1360 1261
f 1261 1360 1361
f 1261 1361 1262
f 1262 1361 1362
f 1262 1362 1263
f 1263 1362 1363
f 1263 1363 1264
f 1264 1363 1364
f 1264 1364 1265
f 1265 1364 1365
f 1265 1365 1266
f 1266 1365 1366
f 1266 1366 1267
f 1267 1366 1367
f 1267 1367 1268
f 1268 1367 1368
f 1268 1368 1269
f 1269 1368 1369
f 1269 1369 1270
f 1270 1369 1370
f 1270 1370 1271
f 1271 1370 1371
f 1271 1371 1272
f 1272 1371 1372
f 1272 1372 1273
f 1273 1372 1373
f 1273 1373 1274
f 1274 1373 1374
f 1274 1374 1275
f 1275 1374 1375
f 1275 1375 1276
f 1276 1375 1376
f 1276 1376 1277
f 1277 1376 1377
f 1277 1377 1278
f 1278 1377 1378
f 1278 1378 1279
f 1279 1378 1379
f 1279 1379 1280
f 1280 1379 1380
f 1280 1380 1281
f 1281 1380 1381
f 1281 1381 1282
f 1282 1381 1382
f 1282 1382 1283
f 1283 1382 1383
f 1283 1383 1284
f 1284 1383 1384
f 1284 1384 1285
f 1285 1384 1385
f 1285 1385 1286
f 1286 1385 1386
f 1286 1386 1287
f 1287 1386 1387
f 1287 1387 1288
f 1288 1387 1388
f 1288 1388 1289
f 1289 1388 1389
f 1289 1389 1290
f 1290 1389 1390
f 1290 1390 1291
f 1291 1390 1391
f 1291 1391 1292
f 1292 1391 1392
f 1292 1392 1293
f 1293 1392 1393
f 1293 1393 1294
f 1294 1393 1394
f 1294 1394 1295
f 1295 1394 1395
f 1295 1395 1296
f 1296 1395 1396
f 1296 1396 1297
f 1297 1396 1397
f 1297 1397 1298
f 1298 1397 1398
f 1298 1398 1299
f 1299 1398 1399
f 1299 1399 1300
f 1300 1399 1400
f 1300 1400 1301
f 1301 1400 1401
f 1301 1401 1202
f 1202 1401 1302
f 1302 1402 1303
f 1303 1402 1403
f 1303 1403 1304
f 1304 1403 1404
f 1304 1404 1305
f 1305 1404 1405
f 1305 1405 1306
f 1306 1405 1406
f 1306 1406 1307
f 1307 1406 1407
f 1307 1407 1308
f 1308 1407 1408
f 1308 1408 1309
f 1309 1408 1409
f 1309 1409 1310
f 1310 1409 1410
f 1310 1410 1311
f 1311 1410 1411
f 1311 1411 1312
f 1312 1411 1412
f 1312 1412 1313
f 1313 1412 1413
f 1313 1413 1314
f 1314 1413 1414
f 1314 1414 1315
f 1315 1414 1415
f 1315 1415 1316
f 1316 1415 1416
f 1316 1416 1317
f 1317 1416 1417
f 1317 1417 1318
f 1318 1417 1418
f 1318 1418 1319
f 1319 1418 1419
f 1319 1419 1320
f 1320 1419 1420
f 1320 1420 1321
f 1321 1420 1421
f 1321 1421 1322
f 1322 1421 1422
f 1322 1422 1323
f 1323 1422 1423
f 1323 1423 1324
f 1324 1423 1424
f 1324 1424 1325
f 1325 1424 1425
f 1325 1425 1326
f 1326 1425 1426
f 1326 1426 1327
f 1327 1426 1427
f 1327 1427 1328
f 1328 1427 1428
f 1328 1428 1329
f 1329 1428 1429
f 1329 1429 1330
f 1330 1429 1430
f 1330 1430 1331
f 1331 1430 1431
f 1331 1431 1332
f 1332 1431 1432
f 1332 1432 1333
f 1333 1432 1433
f 1333 1433 1334
f 1334 1433 1434
f 1334 1434 1335
f 1335 1434 1435
f 1335 1435 1336
f 1336 1435 1436
f 1336 1436 1337
f 1337 1436 1437
f 1337 1437 1338
f 1338 1437 1438
f 1338 1438 1339
f 1339 1438 1439
f 1339 1439 1340
f 1340 1439 1440
f 1340 1440 1341
f 1341 1440 1441
f 1341 1441 1342
f 1342 1441 1442
f 1342 1442 1343
f 1343 1442 1443
f 1343 1443 1344
f 1344 1443 1444
f 1344 1444 1345
f 1345 1444 1445
f 1345 1445 1346
f 1346 1445 1446
f 1346 1446 1347
f 1347 1446 1447
f 1347 1447 1348
f 1348 1447 1448
f 1348 1448 1349
f 1349 1448 1449
f 1349 1449 1350
f 1350 1449 1450
f 1350 1450 1351
f 1351 1450 1451
f 1351 1451 1352
f 1352 1451 1452
f 1352 1452 1353
f 1353 1452 1453
f 1353 1453 1354
f 1354 1453 1454
f 1354 1454 1355
f 1355 1454 1455
f 1355 1455 1356
f 1356 1455 1456
f 1356 1456 1357
f 1357 1456 1457
f 1357 1457 1358
f 1358 1457 1458
f 1358 1458 1359
f 1359 1458 1459
f 1359 1459 1360
f 1360 1459 1460
f 1360 1460 1361
f 1361 1460 1461
f 1361 1461 1362
f 1362 1461 1462
f 1362 1462 1363
f 1363 1462 1463
f 1363 1463 1364
f 1364 1463 1464
f 1364 1464 1365
f 1365 1464 1465
f 1365 1465 1366
f 1366 1465 1466
f 1366 1466 1367
f 1367 1466 1467
f 1367 1467 1368
f 1368 1467 1468
f 1368 1468 1369
f 1369 1468 1469
f 1369 1469 1370
f 1370 1469 1470
f 1370 1470 1371
f 1371 1470 1471
f 1371 1471 1372
f 1372 1471 1472
f 1372 1472 1373
f 1373 1472 1473
f 1373 1473 1374
f 1374 1473 1474
f 1374 1474 1375
f 1375 1474 1475
f 1375 1475 1376
f 1376 1475 1476
f 1376 1476 1377
f 1377 1476 1477
f 1377 1477 1378
f 1378 1477 1478
f 1378 1478 1379
f 1379 1478 1479
f 1379 1479 1380
f 1380 1479 1480
f 1380 1480 1381
f 1381 1480 1481
f 1381 1481 1382
f 1382 1481 1482
f 1382 1482 1383
f 1383 1482 1483
f 1383 1483 1384
f 1384 1483 1484
f 1384 1484 1385
f 1385 1484 1485
f 1385 1485 1386
f 1386 1485 1486
f 1386 1486 1387
f 1387 1486 1487
f 1387 1487 1388
f 1388 1487 1488
f 1388 1488 1389
f 1389 1488 1489
f 1389 1489 1390
f 1390 1489 1490
f 1390 1490 1391
f 1391 1490 1491
f 1391 1491 1392
f 1392 1491 1492
f 1392 1492 1393
f 1393 1492 1493
f 1393 1493 1394
f 1394 1493 1494
f 1394 1494 1395
f 1395 1494 1495
f 1395 1495 1396
f 1396 1495 1496
f 1396 1496 1397
f 1397 1496 1497
f 1397 1497 1398
f 1398 1497 1498
f 1398 1498 1399
f 1399 1498 1499
f 1399 1499 1400
f 1400 1499 1500
f 1400 1500 1401
f 1401 1500 1501
f 1401 1501 1302
f 1302 1501 1402
f 1402 1502 1403
f 1403 1502 1503
f 1403 1503 1404
f 1404 1503 1504
f 1404 1504 1405
f 1405 1504 1505
f 1405 1505 1406
f 1406 1505 1506
f 1406 1506 1407
f 1407 1506 1507
f 1407 1507 1408
f 1408 1507 1508
f 1408 1508 1409
f 1409 1508 1509
f 1409 1509 1410
f 1410 1509 1510
f 1410 1510 1411
f 1411 1510 1511
f 1411 1511 1412
f 1412 1511 1512
f 1412 1512 1413
f 1413 1512 1513
f 1413 1513 1414
f 1414 1513 1514
f 1414 1514 1415
f 1415 1514 1515
f 1415 1515 1416
f 1416 1515 1516
f 1416 1516 1417
f 1417 1516 1517
f 1417 1517 1418
f 1418 1517 1518
f 1418 1518 1419
f 1419 1518 1519
f 1419 1519 1420
f 1420 1519 1520
f 1420 1520 1421
f 1421 1520 1521
f 1421 1521 1422
f 1422 1521 1522
f 1422 1522 1423
f 1423 1522 1523
f 1423 1523 1424
f 1424 1523 1524
f 1424 1524 1425
f 1425 1524 1525
f 1425 1525 1426
f 1426 1525 1526
f 1426 1526 1427
f 1427 1526 1527
f 1427 1527 1428
f 1428 1527 1528
f 1428 1528 1429
f 1429 1528 1529
f 1429 1529 1430
f 1430 1529 1530
f 1430 1530 1431
f 1431 1530 1531
f 1431 1531 1432
f 1432 1531 1532
f 1432 1532 1433
f 1433 1532 1533
f 1433 1533 1434
f 1434 1533 1534
f 1434 1534 1435
f 1435 1534 1535
f 1435 1535 1436
f 1436 1535 1536
f 1436 1536 1437
f 1437 1536 1537
f 1437 1537 1438
f 1438 1537 1538
f 1438 1538 1439
f 1439 1538 1539
f 1439 1539 1440
f 1440 1539 1540
f 1440 1540 1441
f 1441 1540 1541
f 1441 1541 1442
f 1442 1541 1542
f 1442 1542 1443
f 1443 1542 1543
f 1443 1543 1444
f 1444 1543 1544
f 1444 1544 1445
f 1445 1544 1545
f 1445 1545 1446
f 1446 1545 1546
f 1446 1546 1447
f 1447 1546 1547
f 1447 1547 1448
f 1448 1547 1548
f 1448 1548 1449
f 1449 1548 1549
f 1449 1549 1450
f 1450 1549 1550
f 1450 1550 1451
f 1451 1550 1551
f 1451 1551 1452
f 1452 1551 1552
f 1452 1552 1453
f 1453 1552 1553
f 1453 1553 1454
f 1454 1553 1554
f 1454 1554 1455
f 1455 1554 1555
f 1455 1555 1456
f 1456 1555 1556
f 1456 1556 1457
f 1457 1556 1557
f 1457 1557 1458
f 1458 1557 1558
f 1458 1558 1459
f 1459 1558 1559
f 1459 1559 1460
f 1460 1559 1560
f 1460 1560 1461
f 1461 1560 1561
f 1461 1561 1462
f 1462 1561 1562
f 1462 1562 1463
f 1463 1562 1563
f 1463 1563 1464
f 1464 1563 1564
f 1464 1564 1465
f 1465 1564 1565
f 1465 1565 1466
f 1466 1565 1566
f 1466 1566 1467
f 1467 1566 1567
f 1467 1567 1468
f 1468 1567 1568
f 1468 1568 1469
f 1469 1568 1569
f 1469 1569 1470
f 1470 1569 1570
f 1470 1570 1471
f 1471 1570 1571
f 1471 1571 1472
f 1472 1571 1572
f 1472 1572 1473
f 1473 1572 1573
f 1473 1573 1474
f 1474 1573 1574
f 1474 1574 1475
f 1475 1574 1575
f 1475 1575 1476
f 1476 1575 1576
f 1476 1576 1477
f 1477 1576 1577
f 1477 1577 1478
f 1478 1577 1578
f 1478 1578 1479
f 1479 1578 1579
f 1479 1579 1480
f 1480 1579 1580
f 1480 1580 1481
f 1481 1580 1581
f 1481 1581 1482
f 1482 1581 1582
f 1482 1582 1483
f 1483 1582 1583
f 1483 1583 1484
f 1484 1583 1584
f 1484 1584 1485
f 1485 1584 1585
f 1485 1585 1486
f 1486 1585 1586
f 1486 1586 1487
f 1487 1586 1587
f 1487 1587 1488
f 1488 1587 1588
f 1488 1588 1489
f 1489 1588 1589
f 1489 1589 1490
f 1490 1589 1590
f 1490 1590 1491
f 1491 1590 1591
f 1491 1591 1492
f 1492 1591 1592
f 1492 1592 1493
f 1493 1592 1593
f 1493 1593 1494
f 1494 1593 1594
f 1494 1594 1495
f 1495 1594 1595
f 1495 1595 1496
f 1496 1595 1596
f 1496 1596 1497
f 1497 1596 1597
f 1497 1597 1498
f 1498 1597 1598
f 1498 1598 1499
f 1499 1598 1599
f 1499 1599 1500
f 1500 1599 1600
f 1500 1600 1501
f 1501 1600 1601
f 1501 1601 1402
f 1402 1601 1502
f 1502 1602 1503
f 1503 1602 1603
f 1503 1603 1504
f 1504 1603 1604
f 1504 1604 1505
f 1505 1604 1605
f 1505 1605 1506
f 1506 1605 1606
f 1506 1606 1507
f 1507 1606 1607
f 1507 1607 1508
f 1508 1607 1608
f 1508 1608 1509
f 1509 1608 1609
f 1509 1609 1510
f 1510 1609 1610
f 1510 1610 1511
f 1511 1610 1611
f 1511 1611 1512
f 1512 1611 1612
f 1512 1612 1513
f 1513 1612 1613
f 1513 1613 1514
f 1514 1613 1614
f 1514 1614 1515
f 1515 1614 1615
f 1515 1615 1516
f 1516 1615 1616
f 1516 1616 1517
f 1517 1616 1617
f 1517 1617 1518
f 1518 1617 1618
f 1518 1618 1519
f 1519 1618 1619
f 1519 1619 1520
f 1520 1619 1620
f 1520 1620 1521
f 1521 1620 1621
f 1521 1621 1522
f 1522 1621 1622
f 1522 1622 1523
f 1523 1622 1623
f 1523 1623 1524
f 1524 1623 1624
f 1524 1624 1525
f 1525 1624 1625
f 1525 1625 1526
f 1526 1625 1626
f 1526 1626 1527
f 1527 1626 1627
f 1527 1627 1528
f 1528 1627 1628
f 1528 1628 1529
f 1529 1628 1629
f 1529 1629 1530
f 1530 1629 1630
f 1530 1630 1531
f 1531 1630 1631
f 1531 1631 1532
f 1532 1631 1632
f 1532 1632 1533
f 1533 1632 1633
f 1533 1633 1534
f 1534 1633 1634
f 1534 1634 1535
f 1535 1634 1635
f 1535 1635 1536
f 1536 1635 1636
f 1536 1636 1537
f 1537 1636 1637
f 1537 1637 1538
f 1538 1637 1638
f 1538 1638 1539
f 1539 1638 1639
f 1539 1639 1540
f 1540 1639 1640
f 1540 1640 1541
f 1541 1640 1641
f 1541 1641 1542
f 1542 1641 1642
f 1542 1642 1543
f 1543 1642 1643
f 1543 1643 1544
f 1544 1643 1644
f 1544 1644 1545
f 1545 1644 1645
f 1545 1645 1546
f 1546 1645 1646
f 1546 1646 1547
f 1547 1646 1647
f 1547 1647 1548
f 1548 1647 1648
f 1548 1648 1549
f 1549 1648 1649
f 1549 1649 1550
f 1550 1649 1650
f 1550 1650 1551
f 1551 1650 1651
f 1551 1651 1552
f 1552 1651 1652
f 1552 1652 1553
f 1553 1652 1653
f 1553 1653 1554
f 1554 1653 1654
f 1554 1654 1555
f 1555 1654 1655
f 1555 1655 1556
f 1556 1655 1656
f 1556 1656 1557
f 1557 1656 1657
f 1557 1657 1558
f 1558 1657 1658
f 1558 1658 1559
f 1559 1658 1659
f 1559 1659 1560
f 1560 1659 1660
f 1560 1660 1561
f 1561 1660 1661
f 1561 1661 1562
f 1562 1661 1662
f 1562 1662 1563
f 1563 1662 1663
f 1563 1663 1564
f 1564 1663 1664
f 1564 1664 1565
f 1565 1664 1665
f 1565 1665 1566
f 1566 1665 1666
f 1566 1666 1567
f 1567 1666 1667
f 1567 1667 1568
f 1568 1667 1668
f 1568 1668 1569
f 1569 1668 1669
f 1569 1669 1570
f 1570 1669 1670
f 1570 1670 1571
f 1571 1670 1671
f 1571 1671 1572
f 1572 1671 1672
f 1572 1672 1573
f 1573 1672 1673
f 1573 1673 1574
f 1574 1673 1674
f 1574 1674 1575
f 1575 1674 1675
f 1575 1675 1576
f 1576 1675 1676
f 1576 1676 1577
f 1577 1676 1677
f 1577 1677 1578
f 1578 1677 1678
f 1578 1678 1579
f 1579 1678 1679
f 1579 1679 1580
f 1580 1679 1680
f 1580 1680 1581
f 1581 1680 1681
f 1581 1681 1582
f 1582 1681 1682
f 1582 1682 1583
f 1583 1682 1683
f 1583 1683 1584
f 1584 1683 1684
f 1584 1684 1585
f 1585 1684 1685
f 1585 1685 1586
f 1586 1685 1686
f 1586 1686 1587
f 1587 1686 1687
f 1587 1687 1588
f 1588 1687 1688
f 1588 1688 1589
f 1589 1688 1689
f 1589 1689 1590
f 1590 1689 1690
f 1590 1690 1591
f 1591 1690 1691
f 1591 1691 1592
f 1592 1691 1692
f 1592 1692 1593
f 1593 1692 1693
f 1593 1693 1594
f 1594 1693 1694
f 1594 1694 1595
f 1595 1694 1695
f 1595 1695 1596
f 1596 1695 1696
f 1596 1696 1597
f 1597 1696 1697
f 1597 1697 1598
f 1598 1697 1698
f 1598 1698 1599
f 1599 1698 1699
f 1599 1699 1600
f 1600 1699 1700
f 1600 1700 1601
f 1601 1700 1701
f 1601 1701 1502
f 1502 1701 1602
f 1602 1702 1603
f 1603 1702 1703
f 1603 1703 1604
f 1604 1703 1704
f 1604 1704 1605
f 1605 1704 1705
f 1605 1705 1606
f 1606 1705 1706
f 1606 1706 1607
f 1607 1706 1707
f 1607 1707 1608
f 1608 1707 1708
f 1608 1708 1609
f 1609 1708 1709
f 1609 1709 1610
f 1610 1709 1710
f 1610 1710 1611
f 1611 1710 1711
f 1611 1711 1612
f 1612 1711 1712
f 1612 1712 1613
f 1613 1712 1713
f 1613 1713 1614
f 1614 1713 1714
f 1614 1714 1615
f 1615 1714 1715
f 1615 1715 1616
f 1616 1715 1716
f 1616 1716 1617
f 1617 1716 1717
f 1617 1717 1618
f 1618 1717 1718
f 1618 1718 1619
f 1619 1718 1719
f 1619 1719 1620
f 1620 1719 1720
f 1620 1720 1621
f 1621 1720 1721
f 1621 1721 1622
f 1622 1721 1722
f 1622 1722 1623
f 1623 1722 1723
f 1623 1723 1624
f 1624 1723 1724
f 1624 1724 1625
f 1625 1724 1725
f 1625 1725 1626
f 1626 1725 1726
f 1626 1726 1627
f 1627 1726 1727
f 1627 1727 1628
f 1628 1727 1728
f 1628 1728 1629
f 1629 1728 1729
f 1629 1729 1630
f 1630 1729 1730
f 1630 1730 1631
f 1631 1730 1731
f 1631 1731 1632
f 1632 1731 1732
f 1632 1732 1633
f 1633 1732 1733
f 1633 1733 1634
f 1634 1733 1734
f 1634 1734 1635
f 1635 1734 1735
f 1635 1735 1636
f 1636 1735 1736
f 1636 1736 1637
f 1637 1736 1737
f 1637 1737 1638
f 1638 1737 1738
f 1638 1738 1639
f 1639 1738 1739
f 1639 1739 1640
f 1640 1739 1740
f 1640 1740 1641
f 1641 1740 1741
f 1641 1741 1642
f 1642 1741 1742
f 1642 1742 1643
f 1643 1742 1743
f 1643 1743 1644
f 1644 1743 1744
f 1644 1744 1645
f 1645 1744 1745
f 1645 1745 1646
f 1646 1745 1746
f 1646 1746 1647
f 1647 1746 1747
f 1647 1747 1648
f 1648 1747 1748
f 1648 1748 1649
f 1649 1748 1749
f 1649 1749 1650
f 1650 1749 1750
f 1650 1750 1651
f 1651 1750 1751
f 1651 1751 1652
f 1652 1751 1752
f 1652 1752 1653
f 1653 1752 1753
f 1653 1753 1654
f 1654 1753 1754
f 1654 1754 1655
f 1655 1754 1755
f 1655 1755 1656
f 1656 1755 1756
f 1656 1756 1657
f 1657 1756 1757
f 1657 1757 1658
f 1658 1757 1758
f 1658 1758 1659
f 1659 1758 1759
f 1659 1759 1660
f 1660 1759 1760
f 1660 1760 1661
f 1661 1760 1761
f 1661 1761 1662
f 1662 1761 1762
f 1662 1762 1663
f 1663 1762 1763
f 1663 1763 1664
f 1664 1763 1764
f 1664 1764 1665
f 1665 1764 1765
f 1665 1765 1666
f 1666 1765 1766
f 1666 1766 1667
f 1667 1766 1767
f 1667 1767 1668
f 1668 1767 1768
f 1668 1768 1669
f 1669 1768 1769
f 1669 1769 1670
f 1670 1769 1770
f 1670 1770 1671
f 1671 1770 1771
f 1671 1771 1672
f 1672 1771 1772
f 1672 1772 1673
f 1673 1772 1773
f 1673 1773 1674
f 1674 1773 1774
f 1674 1774 1675
f 1675 1774 1775
f 1675 1775 1676
f 1676 1775 1776
f 1676 1776 1677
f 1677 1776 1777
f 1677 1777 1678
f 1678 1777 1778
f 1678 1778 1679
f 1679 1778 1779
f 1679 1779 1680
f 1680 1779 1780
f 1680 1780 1681
f 1681 1780 1781
f 1681 1781 1682
f 1682 1781 1782
f 1682 1782 1683
f 1683 1782 1783
f 1683 1783 1684
f 1684 1783 1784
f 1684 1784 1685
f 1685 1784 1785
f 1685 1785 1686
f 1686 1785 1786
f 1686 1786 1687
f 1687 1786 1787
f 1687 1787 1688
f 1688 1787 1788
f 1688 1788 1689
f 1689 1788 1789
f 1689 1789 1690
f 1690 1789 1790
f 1690 1790 1691
f 1691 1790 1791
f 1691 1791 1692
f 1692 1791 1792
f 1692 1792 1693
f 1693 1792 1793
f 1693 1793 1694
f 1694 1793 1794
f 1694 1794 1695
f 1695 1794 1795
f 1695 1795 1696
f 1696 1795 1796
f 1696 1796 1697
f 1697 1796 1797
f 1697 1797 1698
f 1698 1797 1798
f 1698 1798 1699
f 1699 1798 1799
f 1699 1799 1700
f 1700 1799 1800
f 1700 1800 1701
f 1701 1800 1801
f 1701 1801 1602
f 1602 1801 1702
f 1702 1802 1703
f 1703 1802 1803
f 1703 1803 1704
f 1704 1803 1804
f 1704 1804 1705
f 1705 1804 1805
f 1705 1805 1706
f 1706 1805 1806
f 1706 1806 1707
f 1707 1806 1807
f 1707 1807 1708
f 1708 1807 1808
f 1708 1808 1709
f 1709 1808 1809
f 1709 1809 1710
f 1710 1809 1810
f 1710 1810 1711
f 1711 1810 1811
f 1711 1811 1712
f 1712 1811 1812
f 1712 1812 1713
f 1713 1812 1813
f 1713 1813 1714
f 1714 1813 1814
f 1714 1814 1715
f 1715 1814 1815
f 1715 1815 1716
f 1716 1815 1816
f 1716 1816 1717
f 1717 1816 1817
f 1717 1817 1718
f 1718 1817 1818
f 1718 1818 1719
f 1719 1818 1819
f 1719 1819 1720
f 1720 1819 1820
f 1720 1820 1721
f 1721 1820 1821
f 1721 1821 1722
f 1722 1821 1822
f 1722 1822 1723
f 1723 1822 1823
f 1723 1823 1724
f 1724 1823 1824
f 1724 1824 1725
f 1725 1824 1825
f 1725 1825 1726
f 1726 1825 1826
f 1726 1826 1727
f 1727 1826 1827
f 1727 1827 1728
f 1728 1827 1828
f 1728 1828 1729
f 1729 1828 1829
f 1729 1829 1730
f 1730 1829 1830
f 1730 1830 1731
f 1731 1830 1831
f 1731 1831 1732
f 1732 1831 1832
f 1732 1832 1733
f 1733 1832 1833
f 1733 1833 1734
f 1734 1833 1834
f 1734 1834 1735
f 1735 1834 1835
f 1735 1835 1736
f 1736 1835 1836
f 1736 1836 1737
f 1737 1836 1837
f 1737 1837 1738
f 1738 1837 1838
f 1738 1838 1739
f 1739 1838 1839
f 1739 1839 1740
f 1740 1839 1840
f 1740 1840 1741
f 1741 1840 1841
f 1741 1841 1742
f 1742 1841 1842
f 1742 1842 1743
f 1743 1842 1843
f 1743 1843 1744
f 1744 1843 1844
f 1744 1844 1745
f 1745 1844 1845
f 1745 1845 1746
f 1746 1845 1846
f 1746 1846 1747
f 1747 1846 1847
f 1747 1847 1748
f 1748 1847 1848
f 1748 1848 1749
f 1749 1848 1849
f 1749 1849 1750
f 1750 1849 1850
f 1750 1850 1751
f 1751 1850 1851
f 1751 1851 1752
f 1752 1851 1852
f 1752 1852 1753
f 1753 1852 1853
f 1753 1853 1754
f 1754 1853 1854
f 1754 1854 1755
f 1755 1854 1855
f 1755 1855 1756
f 1756 1855 1856
f 1756 1856 1757
f 1757 1856 1857
f 1757 1857 1758
f 1758 1857 1858
f 1758 1858 1759
f 1759 1858 1859
f 1759 1859 1760
f 1760 1859 1860
f 1760 1860 1761
f 1761 1860 1861
f 1761 1861 1762
f 1762 1861 1862
f 1762 1862 1763
f 1763 1862 1863
f 1763 1863 1764
f 1764 1863 1864
f 1764 1864 1765
f 1765 1864 1865
f 1765 1865 1766
f 1766 1865 1866
f 1766 1866 1767
f 1767 1866 1867
f 1767 1867 1768
f 1768 1867 1868
f 1768 1868 1769
f 1769 1868 1869
f 1769 1869 1770
f 1770 1869 1870
f 1770 1870 1771
f 1771 1870 1871
f 1771 1871 1772
f 1772 1871 1872
f 1772 1872 1773
f 1773 1872 1873
f 1773 1873 1774
f 1774 1873 1874
f 1774 1874 1775
f 1775 1874 1875
f 1775 1875 1776
f 1776 1875 1876
f 1776 1876 1777
f 1777 1876 1877
f 1777 1877 1778
f 1778 1877 1878
f 1778 1878 1779
f 1779 1878 1879
f 1779 1879 1780
f 1780 1879 1880
f 1780 1880 1781
f 1781 1880 1881
f 1781 1881 1782
f 1782 1881 1882
f 1782 1882 1783
f 1783 1882 1883
f 1783 1883 1784
f 1784 1883 1884
f 1784 1884 1785
f 1785 1884 1885
f 1785 1885 1786
f 1786 1885 1886
f 1786 1886 1787
f 1787 1886 1887
f 1787 1887 1788
f 1788 1887 1888
f 1788 1888 1789
f 1789 1888 1889
f 1789 1889 1790
f 1790 1889 1890
f 1790 1890 1791
f 1791 1890 1891
f 1791 1891 1792
f 1792 1891 1892
f 1792 1892 1793
f 1793 1892 1893
f 1793 1893 1794
f 1794 1893 1894
f 1794 1894 1795
f 1795 1894 1895
f 1795 1895 1796
f 1796 1895 1896
f 1796 1896 1797
f 1797 1896 1897
f 1797 1897 1798
f 1798 1897 1898
f 1798 1898 1799
f 1799 1898 1899
f 1799 1899 1800
f 1800 1899 1900
f 1800 1900 1801
f 1801 1900 1901
f 1801 1901 1702
f 1702 1901 1802
f 1802 1902 1803
f 1803 1902 1903
f 1803 1903 1804
f 1804 1903 1904
f 1804 1904 1805
f 1805 1904 1905
f 1805 1905 1806
f 1806 1905 1906
f 1806 1906 1807
f 1807 1906 1907
f 1807 1907 1808
f 1808 1907 1908
f 1808 1908 1809
f 1809 1908 1909
f 1809 1909 1810
f 1810 1909 1910
f 1810 1910 1811
f 1811 1910 1911
f 1811 1911 1812
f 1812 1911 1912
f 1812 1912 1813
f 1813 1912 1913
f 1813 1913 1814
f 1814 1913 1914
f 1814 1914 1815
f 1815 1914 1915
f 1815 1915 1816
f 1816 1915 1916
f 1816 1916 1817
f 1817 1916 1917
f 1817 1917 1818
f 1818 1917 1918
f 1818 1918 1819
f 1819 1918 1919
f 1819 1919 1820
f 1820 1919 1920
f 1820 1920 1821
f 1821 1920 1921
f 1821 1921 1822
f 1822 1921 1922
f 1822 1922 1823
f 1823 1922 1923
f 1823 1923 1824
f 1824 1923 1924
f 1824 1924 1825
f 1825 1924 1925
f 1825 1925 1826
f 1826 1925 1926
f 1826 1926 1827
f 1827 1926 1927
f 1827 1927 1828
f 1828 1927 1928
f 1828 1928 1829
f 1829 1928 1929
f 1829 1929 1830
f 1830 1929 1930
f 1830 1930 1831
f 1831 1930 1931
f 1831 1931 1832
f 1832 1931 1932
f 1832 1932 1833
f 1833 1932 1933
f 1833 1933 1834
f 1834 1933 1934
f 1834 1934 1835
f 1835 1934 1935
f 1835 1935 1836
f 1836 1935 1936
f 1836 1936 1837
f 1837 1936 1937
f 1837 1937 1838
f 1838 1937 1938
f 1838 1938 1839
f 1839 1938 1939
f 1839 1939 1840
f 1840 1939 1940
f 1840 1940 1841
f 1841 1940 1941
f 1841 1941 1842
f 1842 1941 1942
f 1842 1942 1843
f 1843 1942 1943
f 1843 1943 1844
f 1844 1943 1944
f 1844 1944 1845
f 1845 1944 1945
f 1845 1945 1846
f 1846 1945 1946
f 1846 1946 1847
f 1847 1946 1947
f 1847 1947 1848
f 1848 1947 1948
f 1848 1948 1849
f 1849 1948 1949
f 1849 1949 1850
f 1850 1949 1950
f 1850 1950 1851
f 1851 1950 1951
f 1851 1951 1852
f 1852 1951 1952
f 1852 1952 1853
f 1853 1952 1953
f 1853 1953 1854
f 1854 1953 1954
f 1854 1954 1855
f 1855 1954 1955
f 1855 1955 1856
f 1856 1955 1956
f 1856 1956 1857
f 1857 1956 1957
f 1857 1957 1858
f 1858 1957 1958
f 1858 1958 1859
f 1859 1958 1959
f 1859 1959 1860
f 1860 1959 1960
f 1860 1960 1861
f 1861 1960 1961
f 1861 1961 1862
f 1862 1961 1962
f 1862 1962 1863
f 1863 1962 1963
f 1863 1963 1864
f 1864 1963 1964
f 1864 1964 1865
f 1865 1964 1965
f 1865 1965 1866
f 1866 1965 1966
f 1866 1966 1867
f 1867 1966 1967
f 1867 1967 1868
f 1868 1967 1968
f 1868 1968 1869
f 1869 1968 1969
f 1869 1969 1870
f 1870 1969 1970
f 1870 1970 1871
f 1871 1970 1971
f 1871 1971 1872
f 1872 1971 1972
f 1872 1972 1873
f 1873 1972 1973
f 1873 1973 1874
f 1874 1973 1974
f 1874 1974 1875
f 1875 1974 1975
f 1875 1975 1876
f 1876 1975 1976
f 1876 1976 1877
f 1877 1976 1977
f 1877 1977 1878
f 1878 1977 1978
f 1878 1978 1879
f 1879 1978 1979
f 1879 1979 1880
f 1880 1979 1980
f 1880 1980 1881
f 1881 1980 1981
f 1881 1981 1882
f 1882 1981 1982
f 1882 1982 1883
f 1883 1982 1983
f 1883 1983 1884
f 1884 1983 1984
f 1884 1984 1885
f 1885 1984 1985
f 1885 1985 1886
f 1886 1985 1986
f 1886 1986 1887
f 1887 1986 1987
f 1887 1987 1888
f 1888 1987 1988
f 1888 1988 1889
f 1889 1988 1989
f 1889 1989 1890
f 1890 1989 1990
f 1890 1990 1891
f 1891 1990 1991
f 1891 1991 1892
f 1892 1991 1992
f 1892 1992 1893
f 1893 1992 1993
f 1893 1993 1894
f 1894 1993 1994
f 1894 1994 1895
f 1895 1994 1995
f 1895 1995 1896
f 1896 1995 1996
f 1896 1996 1897
f 1897 1996 1997
f 1897 1997 1898
f 1898 1997 1998
f 1898 1998 1899
f 1899 1998 1999
f 1899 1999 1900
f 1900 1999 2000
f 1900 2000 1901
f 1901 2000 2001
f 1901 2001 1802
f 1802 2001 1902
f 1902 2002 1903
f 1903 2002 2003
f 1903 2003 1904
f 1904 2003 2004
f 1904 2004 1905
f 1905 2004 2005
f 1905 2005 1906
f 1906 2005 2006
f 1906 2006 1907
f 1907 2006 2007
f 1907 2007 1908
f 1908 2007 2008
f 1908 2008 1909
f 1909 2008 2009
f 1909 2009 1910
f 1910 2009 2010
f 1910 2010 1911
f 1911 2010 2011
f 1911 2011 1912
f 1912 2011 2012
f 1912 2012 1913
f 1913 2012 2013
f 1913 2013 1914
f 1914 2013 2014
f 1914 2014 1915
f 1915 2014 2015
f 1915 2015 1916
f 1916 2015 2016
f 1916 2016 1917
f 1917 2016 2017
f 1917 2017 1918
f 1918 2017 2018
f 1918 2018 1919
f 1919 2018 2019
f 1919 2019 1920
f 1920 2019 2020
f 1920 2020 1921
f 1921 2020 2021
f 1921 2021 1922
f 1922 2021 2022
f 1922 2022 1923
f 1923 2022 2023
f 1923 2023 1924
f 1924 2023 2024
f 1924 2024 1925
f 1925 2024 2025
f 1925 2025 1926
f 1926 2025 2026
f 1926 2026 1927
f 1927 2026 2027
f 1927 2027 1928
f 1928 2027 2028
f 1928 2028 1929
f 1929 2028 2029
f 1929 2029 1930
f 1930 2029 2030
f 1930 2030 1931
f 1931 2030 2031
f 1931 2031 1932
f 1932 2031 2032
f 1932 2032 1933
f 1933 2032 2033
f 1933 2033 1934
f 1934 2033 2034
f 1934 2034 1935
f 1935 2034 2035
f 1935 2035 1936
f 1936 2035 2036
f 1936 2036 1937
f 1937 2036 2037
f 1937 2037 1938
f 1938 2037 2038
f 1938 2038 1939
f 1939 2038 2039
f 1939 2039 1940
f 1940 2039 2040
f 1940 2040 1941
f 1941 2040 2041
f 1941 2041 1942
f 1942 2041 2042
f 1942 2042 1943
f 1943 2042 2043
f 1943 2043 1944
f 1944 2043 2044
f 1944 2044 1945
f 1945 2044 2045
f 1945 2045 1946
f 1946 2045 2046
f 1946 2046 1947
f 1947 2046 2047
f 1947 2047 1948
f 1948 2047 2048
f 1948 2048 1949
f 1949 2048 2049
f 1949 2049 1950
f 1950 2049 2050
f 1950 2050 1951
f 1951 2050 2051
f 1951 2051 1952
f 1952 2051 2052
f 1952 2052 1953
f 1953 2052 2053
f 1953 2053 1954
f 1954 2053 2054
f 1954 2054 1955
f 1955 2054 2055
f 1955 2055 1956
f 1956 2055 2056
f 1956 2056 1957
f 1957 2056 2057
f 1957 2057 1958
f 1958 2057 2058
f 1958 2058 1959
f 1959 2058 2059
f 1959 2059 1960
f 1960 2059 2060
f 1960 2060 1961
f 1961 2060 2061
f 1961 2061 1962
f 1962 2061 2062
f 1962 2062 1963
f 1963 2062 2063
f 1963 2063 1964
f 1964 2063 2064
f 1964 2064 1965
f 1965 2064 2065
f 1965 2065 1966
f 1966 2065 2066
f 1966 2066 1967
f 1967 2066 2067
f 1967 2067 1968
f 1968 2067 2068
f 1968 2068 1969
f 1969 2068 2069
f 1969 2069 1970
f 1970 2069 2070
f 1970 2070 1971
f 1971 2070 2071
f 1971 2071 1972
f 1972 2071 2072
f 1972 2072 1973
f 1973 2072 2073
f 1973 2073 1974
f 1974 2073 2074
f 1974 2074 1975
f 1975 2074 2075
f 1975 2075 1976
f 1976 2075 2076
f 1976 2076 1977
f 1977 2076 2077
f 1977 2077 1978
f 1978 2077 2078
f 1978 2078 1979
f 1979 2078 2079
f 1979 2079 1980
f 1980 2079 2080
f 1980 2080 1981
f 1981 2080 2081
f 1981 2081 1982
f 1982 2081 2082
f 1982 2082 1983
f 1983 2082 2083
f 1983 2083 1984
f 1984 2083 2084
f 1984 2084 1985
f 1985 2084 2085
f 1985 2085 1986
f 1986 2085 2086
f 1986 2086 1987
f 1987 2086 2087
f 1987 2087 1988
f 1988 2087 2088
f 1988 2088 1989
f 1989 2088 2089
f 1989 2089 1990
f 1990 2089 2090
f 1990 2090 1991
f 1991 2090 2091
f 1991 2091 1992
f 1992 2091 2092
f 1992 2092 1993
f 1993 2092 2093
f 1993 2093 1994
f 1994 2093 2094
f 1994 2094 1995
f 1995 2094 2095
f 1995 2095 1996
f 1996 2095 2096
f 1996 2096 1997
f 1997 2096 2097
f 1997 2097 1998
f 1998 2097 2098
f 1998 2098 1999
f 1999 2098 2099
f 1999 2099 2000
f 2000 2099 2100
f 2000 2100 2001
f 2001 2100 2101
f 2001 2101 1902
f 1902 2101 2002
f 2002 2102 2003
f 2003 2102 2103
f 2003 2103 2004
f 2004 2103 2104
f 2004 2104 2005
f 2005 2104 2105
f 2005 2105 2006
f 2006 2105 2106
f 2006 2106 2007
f 2007 2106 2107
f 2007 2107 2008
f 2008 2107 2108
f 2008 2108 2009
f 2009 2108 2109
f 2009 2109 2010
f 2010 2109 2110
f 2010 2110 2011
f 2011 2110 2111
f 2011 2111 2012
f 2012 2111 2112
f 2012 2112 2013
f 2013 2112 2113
f 2013 2113 2014
f 2014 2113 2114
f 2014 2114 2015
f 2015 2114 2115
f 2015 2115 2016
f 2016 2115 2116
f 2016 2116 2017
f 2017 2116 2117
f 2017 2117 2018
f 2018 2117 2118
f 2018 2118 2019
f 2019 2118 2119
f 2019 2119 2020
f 2020 2119 2120
f 2020 2120 2021
f 2021 2120 2121
f 2021 2121 2022
f 2022 2121 2122
f 2022 2122 2023
f 2023 2122 2123
f 2023 2123 2024
f 2024 2123 2124
f 2024 2124 2025
f 2025 2124 2125
f 2025 2125 2026
f 2026 2125 2126
f 2026 2126 2027
f 2027 2126 2127
f 2027 2127 2028
f 2028 2127 2128
f 2028 2128 2029
f 2029 2128 2129
f 2029 2129 2030
f 2030 2129 2130
f 2030 2130 2031
f 2031 2130 2131
f 2031 2131 2032
f 2032 2131 2132
f 2032 2132 2033
f 2033 2132 2133
f 2033 2133 2034
f 2034 2133 2134
f 2034 2134 2035
f 2035 2134 2135
f 2035 2135 2036
f 2036 2135 2136
f 2036 2136 2037
f 2037 2136 2137
f 2037 2137 2038
f 2038 2137 2138
f 2038 2138 2039
f 2039 2138 2139
f 2039 2139 2040
f 2040 2139 2140
f 2040 2140 2041
f 2041 2140 2141
f 2041 2141 2042
f 2042 2141 2142
f 2042 2142 2043
f 2043 2142 2143
f 2043 2143 2044
f 2044 2143 2144
f 2044 2144 2045
f 2045 2144 2145
f 2045 2145 2046
f 2046 2145 2146
f 2046 2146 2047
f 2047 2146 2147
f 2047 2147 2048
f 2048 2147 2148
f 2048 2148 2049
f 2049 2148 2149
f 2049 2149 2050
f 2050 2149 2150
f 2050 2150 2051
f 2051 2150 2151
f 2051 2151 2052
f 2052 2151 2152
f 2052 2152 2053
f 2053 2152 2153
f 2053 2153 2054
f 2054 2153 2154
f 2054 2154 2055
f 2055 2154 2155
f 2055 2155 2056
f 2056 2155 2156
f 2056 2156 2057
f 2057 2156 2157
f 2057 2157 2058
f 2058 2157 2158
f 2058 2158 2059
f 2059 2158 2159
f 2059 2159 2060
f 2060 2159 2160
f 2060 2160 2061
f 2061 2160 2161
f 2061 2161 2062
f 2062 2161 2162
f 2062 2162 2063
f 2063 2162 2163
f 2063 2163 2064
f 2064 2163 2164
f 2064 2164 2065
f 2065 2164 2165
f 2065 2165 2066
f 2066 2165 2166
f 2066 2166 2067
f 2067 2166 2167
f 2067 2167 2068
f 2068 2167 2168
f 2068 2168 2069
f 2069 2168 2169
f 2069 2169 2070
f 2070 2169 2170
f 2070 2170 2071
f 2071 2170 2171
f 2071 2171 2072
f 2072 2171 2172
f 2072 2172 2073
f 2073 2172 2173
f 2073 2173 2074
f 2074 2173 2174
f 2074 2174 2075
f 2075 2174 2175
f 2075 2175 2076
f 2076 2175 2176
f 2076 2176 2077
f 2077 2176 2177
f 2077 2177 2078
f 2078 2177 2178
f 2078 2178 2079
f 2079 2178 2179
f 2079 2179 2080
f 2080 2179 2180
f 2080 2180 2081
f 2081 2180 2181
f 2081 2181 2082
f 2082 2181 2182
f 2082 2182 2083
f 2083 2182 2183
f 2083 2183 2084
f 2084 2183 2184
f 2084 2184 2085
f 2085 2184 2185
f 2085 2185 2086
f 2086 2185 2186
f 2086 2186 2087
f 2087 2186 2187
f 2087 2187 2088
f 2088 2187 2188
f 2088 2188 2089
f 2089 2188 2189
f 2089 2189 2090
f 2090 2189 2190
f 2090 2190 2091
f 2091 2190 2191
f 2091 2191 2092
f 2092 2191 2192
f 2092 2192 2093
f 2093 2192 2193
f 2093 2193 2094
f 2094 2193 2194
f 2094 2194 2095
f 2095 2194 2195
f 2095 2195 2096
f 2096 2195 2196
f 2096 2196 2097
f 2097 2196 2197
f 2097 2197 2098
f 2098 2197 2198
f 2098 2198 2099
f 2099 2198 2199
f 2099 2199 2100
f 2100 2199 2200
f 2100 2200 2101
f 2101 2200 2201
f 2101 2201 2002
f 2002 2201 2102
f 2102 2202 2103
f 2103 2202 2203
f 2103 2203 2104
f 2104 2203 2204
f 2104 2204 2105
f 2105 2204 2205
f 2105 2205 2106
f 2106 2205 2206
f 2106 2206 2107
f 2107 2206 2207
f 2107 2207 2108
f 2108 2207 2208
f 2108 2208 2109
f 2109 2208 2209
f 2109 2209 2110
f 2110 2209 2210
f 2110 2210 2111
f 2111 2210 2211
f 2111 2211 2112
f 2112 2211 2212
f 2112 2212 2113
f 2113 2212 2213
f 2113 2213 2114
f 2114 2213 2214
f 2114 2214 2115
f 2115 2214 2215
f 2115 2215 2116
f 2116 2215 2216
f 2116 2216 2117
f 2117 2216 2217
f 2117 2217 2118
f 2118 2217 2218
f 2118 2218 2119
f 2119 2218 2219
f 2119 2219 2120
f 2120 2219 2220
f 2120 2220 2121
f 2121 2220 2221
f 2121 2221 2122
f 2122 2221 2222
f 2122 2222 2123
f 2123 2222 2223
f 2123 2223 2124
f 2124 2223 2224
f 2124 2224 2125
f 2125 2224 2225
f 2125 2225 2126
f 2126 2225 2226
f 2126 2226 2127
f 2127 2226 2227
f 2127 2227 2128
f 2128 2227 2228
f 2128 2228 2129
f 2129 2228 2229
f 2129 2229 2130
f 2130 2229 2230
f 2130 2230 2131
f 2131 2230 2231
f 2131 2231 2132
f 2132 2231 2232
f 2132 2232 2133
f 2133 2232 2233
f 2133 2233 2134
f 2134 2233 2234
f 2134 2234 2135
f 2135 2234 2235
f 2135 2235 2136
f 2136 2235 2236
f 2136 2236 2137
f 2137 2236 2237
f 2137 2237 2138
f 2138 2237 2238
f 2138 2238 2139
f 2139 2238 2239
f 2139 2239 2140
f 2140 2239 2240
f 2140 2240 2141
f 2141 2240 2241
f 2141 2241 2142
f 2142 2241 2242
f 2142 2242 2143
f 2143 2242 2243
f 2143 2243 2144
f 2144 2243 2244
f 2144 2244 2145
f 2145 2244 2245
f 2145 2245 2146
f 2146 2245 2246
f 2146 2246 2147
f 2147 2246 2247
f 2147 2247 2148
f 2148 2247 2248
f 2148 2248 2149
f 2149 2248 2249
f 2149 2249 2150
f 2150 2249 2250
f 2150 2250 2151
f 2151 2250 2251
f 2151 2251 2152
f 2152 2251 2252
f 2152 2252 2153
f 2153 2252 2253
f 2153 2253 2154
f 2154 2253 2254
f 2154 2254 2155
f 2155 2254 2255
f 2155 2255 2156
f 2156 2255 2256
f 2156 2256 2157
f 2157 2256 2257
f 2157 2257 2158
f 2158 2257 2258
f 2158 2258 2159
f 2159 2258 2259
f 2159 2259 2160
f 2160 2259 2260
f 2160 2260 2161
f 2161 2260 2261
f 2161 2261 2162
f 2162 2261 2262
f 2162 2262 2163
f 2163 2262 2263
f 2163 2263 2164
f 2164 2263 2264
f 2164 2264 2165
f 2165 2264 2265
f 2165 2265 2166
f 2166 2265 2266
f 2166 2266 2167
f 2167 2266 2267
f 2167 2267 2168
f 2168 2267 2268
f 2168 2268 2169
f 2169 2268 2269
f 2169 2269 2170
f 2170 2269 2270
f 2170 2270 2171
f 2171 2270 2271
f 2171 2271 2172
f 2172 2271 2272
f 2172 2272 2173
f 2173 2272 2273
f 2173 2273 2174
f 2174 2273 2274
f 2174 2274 2175
f 2175 2274 2275
f 2175 2275 2176
f 2176 2275 2276
f 2176 2276 2177
f 2177 2276 2277
f 2177 2277 2178
f 2178 2277 2278
f 2178 2278 2179
f 2179 2278 2279
f 2179 2279 2180
f 2180 2279 2280
f 2180 2280 2181
f 2181 2280 2281
f 2181 2281 2182
f 2182 2281 2282
f 2182 2282 2183
f 2183 2282 2283
f 2183 2283 2184
f 2184 2283 2284
f 2184 2284 2185
f 2185 2284 2285
f 2185 2285 2186
f 2186 2285 2286
f 2186 2286 2187
f 2187 2286 2287
f 2187 2287 2188
f 2188 2287 2288
f 2188 2288 2189
f 2189 2288 2289
f 2189 2289 2190
f 2190 2289 2290
f 2190 2290 2191
f 2191 2290 2291
f 2191 2291 2192
f 2192 2291 2292
f 2192 2292 2193
f 2193 2292 2293
f 2193 2293 2194
f 2194 2293 2294
f 2194 2294 2195
f 2195 2294 2295
f 2195 2295 2196
f 2196 2295 2296
f 2196 2296 2197
f 2197 2296 2297
f 2197 2297 2198
f 2198 2297 2298
f 2198 2298 2199
f 2199 2298 2299
f 2199 2299 2200
f 2200 2299 2300
f 2200 2300 2201
f 2201 2300 2301
f 2201 2301 2102
f 2102 2301 2202
f 2202 2302 2203
f 2203 2302 2303
f 2203 2303 2204
f 2204 2303 2304
f 2204 2304 2205
f 2205 2304 2305
f 2205 2305 2206
f 2206 2305 2306
f 2206 2306 2207
f 2207 2306 2307
f 2207 2307 2208
f 2208 2307 2308
f 2208 2308 2209
f 2209 2308 2309
f 2209 2309 2210
f 2210 2309 2310
f 2210 2310 2211
f 2211 2310 2311
f 2211 2311 2212
f 2212 2311 2312
f 2212 2312 2213
f 2213 2312 2313
f 2213 2313 2214
f 2214 2313 2314
f 2214 2314 2215
f 2215 2314 2315
f 2215 2315 2216
f 2216 2315 2316
f 2216 2316 2217
f 2217 2316 2317
f 2217 2317 2218
f 2218 2317 2318
f 2218 2318 2219
f 2219 2318 2319
f 2219 2319 2220
f 2220 2319 2320
f 2220 2320 2221
f 2221 2320 2321
f 2221 2321 2222
f 2222 2321 2322
f 2222 2322 2223
f 2223 2322 2323
f 2223 2323 2224
f 2224 2323 2324
f 2224 2324 2225
f 2225 2324 2325
f 2225 2325 2226
f 2226 2325 2326
f 2226 2326 2227
f 2227 2326 2327
f 2227 2327 2228
f 2228 2327 2328
f 2228 2328 2229
f 2229 2328 2329
f 2229 2329 2230
f 2230 2329 2330
f 2230 2330 2231
f 2231 2330 2331
f 2231 2331 2232
f 2232 2331 2332
f 2232 2332 2233
f 2233 2332 2333
f 2233 2333 2234
f 2234 2333 2334
f 2234 2334 2235
f 2235 2334 2335
f 2235 2335 2236
f 2236 2335 2336
f 2236 2336 2237
f 2237 2336 2337
f 2237 2337 2238
f 2238 2337 2338
f 2238 2338 2239
f 2239 2338 2339
f 2239 2339 2240
f 2240 2339 2340
f 2240 2340 2241
f 2241 2340 2341
f 2241 2341 2242
f 2242 2341 2342
f 2242 2342 2243
f 2243 2342 2343
f 2243 2343 2244
f 2244 2343 2344
f 2244 2344 2245
f 2245 2344 2345
f 2245 2345 2246
f 2246 2345 2346
f 2246 2346 2247
f 2247 2346 2347
f 2247 2347 2248
f 2248 2347 2348
f 2248 2348 2249
f 2249 2348 2349
f 2249 2349 2250
f 2250 2349 2350
f 2250 2350 2251
f 2251 2350 2351
f 2251 2351 2252
f 2252 2351 2352
f 2252 2352 2253
f 2253 2352 2353
f 2253 2353 2254
f 2254 2353 2354
f 2254 2354 2255
f 2255 2354 2355
f 2255 2355 2256
f 2256 2355 2356
f 2256 2356 2257
f 2257 2356 2357
f 2257 2357 2258
f 2258 2357 2358
f 2258 2358 2259
f 2259 2358 2359
f 2259 2359 2260
f 2260 2359 2360
f 2260 2360 2261
f 2261 2360 2361
f 2261 2361 2262
f 2262 2361 2362
f 2262 2362 2263
f 2263 2362 2363
f 2263 2363 2264
f 2264 2363 2364
f 2264 2364 2265
f 2265 2364 2365
f 2265 2365 2266
f 2266 2365 2366
f 2266 2366 2267
f 2267 2366 2367
f 2267 2367 2268
f 2268 2367 2368
f 2268 2368 2269
f 2269 2368 2369
f 2269 2369 2270
f 2270 2369 2370
f 2270 2370 2271
f 2271 2370 2371
f 2271 2371 2272
f 2272 2371 2372
f 2272 2372 2273
f 2273 2372 2373
f 2273 2373 2274
f 2274 2373 2374
f 2274 2374 2275
f 2275 2374 2375
f 2275 2375 2276
f 2276 2375 2376
f 2276 2376 2277
f 2277 2376 2377
f 2277 2377 2278
f 2278 2377 2378
f 2278 2378 2279
f 2279 2378 2379
f 2279 2379 2280
f 2280 2379 2380
f 2280 2380 2281
f 2281 2380 2381
f 2281 2381 2282
f 2282 2381 2382
f 2282 2382 2283
f 2283 2382 2383
f 2283 2383 2284
f 2284 2383 2384
f 2284 2384 2285
f 2285 2384 2385
f 2285 2385 2286
f 2286 2385 2386
f 2286 2386 2287
f 2287 2386 2387
f 2287 2387 2288
f 2288 2387 2388
f 2288 2388 2289
f 2289 2388 2389
f 2289 2389 2290
f 2290 2389 2390
f 2290 2390 2291
f 2291 2390 2391
f 2291 2391 2292
f 2292 2391 2392
f 2292 2392 2293
f 2293 2392 2393
f 2293 2393 2294
f 2294 2393 2394
f 2294 2394 2295
f 2295 2394 2395
f 2295 2395 2296
f 2296 2395 2396
f 2296 2396 2297
f 2297 2396 2397
f 2297 2397 2298
f 2298 2397 2398
f 2298 2398 2299
f 2299 2398 2399
f 2299 2399 2300
f 2300 2399 2400
f 2300 2400 2301
f 2301 2400 2401
f 2301 2401 2202
f 2202 2401 2302
f 2302 2402 2303
f 2303 2402 2403
f 2303 2403 2304
f 2304 2403 2404
f 2304 2404 2305
f 2305 2404 2405
f 2305 2405 2306
f 2306 2405 2406
f 2306 2406 2307
f 2307 2406 2407
f 2307 2407 2308
f 2308 2407 2408
f 2308 2408 2309
f 2309 2408 2409
f 2309 2409 2310
f 2310 2409 2410
f 2310 2410 2311
f 2311 2410 2411
f 2311 2411 2312
f 2312 2411 2412
f 2312 2412 2313
f 2313 2412 2413
f 2313 2413 2314
f 2314 2413 2414
f 2314 2414 2315
f 2315 2414 2415
f 2315 2415 2316
f 2316 2415 2416
f 2316 2416 2317
f 2317 2416 2417
f 2317 2417 2318
f 2318 2417 2418
f 2318 2418 2319
f 2319 2418 2419
f 2319 2419 2320
f 2320 2419 2420
f 2320 2420 2321
f 2321 2420 2421
f 2321 2421 2322
f 2322 2421 2422
f 2322 2422 2323
f 2323 2422 2423
f 2323 2423 2324
f 2324 2423 2424
f 2324 2424 2325
f 2325 2424 2425
f 2325 2425 2326
f 2326 2425 2426
f 2326 2426 2327
f 2327 2426 2427
f 2327 2427 2328
f 2328 2427 2428
f 2328 2428 2329
f 2329 2428 2429
f 2329 2429 2330
f 2330 2429 2430
f 2330 2430 2331
f 2331 2430 2431
f 2331 2431 2332
f 2332 2431 2432
f 2332 2432 2333
f 2333 2432 2433
f 2333 2433 2334
f 2334 2433 2434
f 2334 2434 2335
f 2335 2434 2435
f 2335 2435 2336
f 2336 2435 2436
f 2336 2436 2337
f 2337 2436 2437
f 2337 2437 2338
f 2338 2437 2438
f 2338 2438 2339
f 2339 2438 2439
f 2339 2439 2340
f 2340 2439 2440
f 2340 2440 2341
f 2341 2440 2441
f 2341 2441 2342
f 2342 2441 2442
f 2342 2442 2343
f 2343 2442 2443
f 2343 2443 2344
f 2344 2443 2444
f 2344 2444 2345
f 2345 2444 2445
f 2345 2445 2346
f 2346 2445 2446
f 2346 2446 2347
f 2347 2446 2447
f 2347 2447 2348
f 2348 2447 2448
f 2348 2448 2349
f 2349 2448 2449
f 2349 2449 2350
f 2350 2449 2450
f 2350 2450 2351
f 2351 2450 2451
f 2351 2451 2352
f 2352 2451 2452
f 2352 2452 2353
f 2353 2452 2453
f 2353 2453 2354
f 2354 2453 2454
f 2354 2454 2355
f 2355 2454 2455
f 2355 2455 2356
f 2356 2455 2456
f 2356 2456 2357
f 2357 2456 2457
f 2357 2457 2358
f 2358 2457 2458
f 2358 2458 2359
f 2359 2458 2459
f 2359 2459 2360
f 2360 2459 2460
f 2360 2460 2361
f 2361 2460 2461
f 2361 2461 2362
f 2362 2461 2462
f 2362 2462 2363
f 2363 2462 2463
f 2363 2463 2364
f 2364 2463 2464
f 2364 2464 2365
f 2365 2464 2465
f 2365 2465 2366
f 2366 2465 2466
f 2366 2466 2367
f 2367 2466 2467
f 2367 2467 2368
f 2368 2467 2468
f 2368 2468 2369
f 2369 2468 2469
f 2369 2469 2370
f 2370 2469 2470
f 2370 2470 2371
f 2371 2470 2471
f 2371 2471 2372
f 2372 2471 2472
f 2372 2472 2373
f 2373 2472 2473
f 2373 2473 2374
f 2374 2473 2474
f 2374 2474 2375
f 2375 2474 2475
f 2375 2475 2376
f 2376 2475 2476
f 2376 2476 2377
f 2377 2476 2477
f 2377 2477 2378
f 2378 2477 2478
f 2378 2478 2379
f 2379 2478 2479
f 2379 2479 2380
f 2380 2479 2480
f 2380 2480 2381
f 2381 2480 2481
f 2381 2481 2382
f 2382 2481 2482
f 2382 2482 2383
f 2383 2482 2483
f 2383 2483 2384
f 2384 2483 2484
f 2384 2484 2385
f 2385 2484 2485
f 2385 2485 2386
f 2386 2485 2486
f 2386 2486 2387
f 2387 2486 2487
f 2387 2487 2388
f 2388 2487 2488
f 2388 2488 2389
f 2389 2488 2489
f 2389 2489 2390
f 2390 2489 2490
f 2390 2490 2391
f 2391 2490 2491
f 2391 2491 2392
f 2392 2491 2492
f 2392 2492 2393
f 2393 2492 2493
f 2393 2493 2394
f 2394 2493 2494
f 2394 2494 2395
f 2395 2494 2495
f 2395 2495 2396
f 2396 2495 2496
f 2396 2496 2397
f 2397 2496 2497
f 2397 2497 2398
f 2398 2497 2498
f 2398 2498 2399
f 2399 2498 2499
f 2399 2499 2400
f 2400 2499 2500
f 2400 2500 2401
f 2401 2500 2501
f 2401 2501 2302
f 2302 2501 2402
f 2402 2502 2403
f 2403 2502 2503
f 2403 2503 2404
f 2404 2503 2504
f 2404 2504 2405
f 2405 2504 2505
f 2405 2505 2406
f 2406 2505 2506
f 2406 2506 2407
f 2407 2506 2507
f 2407 2507 2408
f 2408 2507 2508
f 2408 2508 2409
f 2409 2508 2509
f 2409 2509 2410
f 2410 2509 2510
f 2410 2510 2411
f 2411 2510 2511
f 2411 2511 2412
f 2412 2511 2512
f 2412 2512 2413
f 2413 2512 2513
f 2413 2513 2414
f 2414 2513 2514
f 2414 2514 2415
f 2415 2514 2515
f 2415 2515 2416
f 2416 2515 2516
f 2416 2516 2417
f 2417 2516 2517
f 2417 2517 2418
f 2418 2517 2518
f 2418 2518 2419
f 2419 2518 2519
f 2419 2519 2420
f 2420 2519 2520
f 2420 2520 2421
f 2421 2520 2521
f 2421 2521 2422
f 2422 2521 2522
f 2422 2522 2423
f 2423 2522 2523
f 2423 2523 2424
f 2424 2523 2524
f 2424 2524 2425
f 2425 2524 2525
f 2425 2525 2426
f 2426 2525 2526
f 2426 2526 2427
f 2427 2526 2527
f 2427 2527 2428
f 2428 2527 2528
f 2428 2528 2429
f 2429 2528 2529
f 2429 2529 2430
f 2430 2529 2530
f 2430 2530 2431
f 2431 2530 2531
f 2431 2531 2432
f 2432 2531 2532
f 2432 2532 2433
f 2433 2532 2533
f 2433 2533 2434
f 2434 2533 2534
f 2434 2534 2435
f 2435 2534 2535
f 2435 2535 2436
f 2436 2535 2536
f 2436 2536 2437
f 2437 2536 2537
f 2437 2537 2438
f 2438 2537 2538
f 2438 2538 2439
f 2439 2538 2539
f 2439 2539 2440
f 2440 2539 2540
f 2440 2540 2441
f 2441 2540 2541
f 2441 2541 2442
f 2442 2541 2542
f 2442 2542 2443
f 2443 2542 2543
f 2443 2543 2444
f 2444 2543 2544
f 2444 2544 2445
f 2445 2544 2545
f 2445 2545 2446
f 2446 2545 2546
f 2446 2546 2447
f 2447 2546 2547
f 2447 2547 2448
f 2448 2547 2548
f 2448 2548 2449
f 2449 2548 2549
f 2449 2549 2450
f 2450 2549 2550
f 2450 2550 2451
f 2451 2550 2551
f 2451 2551 2452
f 2452 2551 2552
f 2452 2552 2453
f 2453 2552 2553
f 2453 2553 2454
f 2454 2553 2554
f 2454 2554 2455
f 2455 2554 2555
f 2455 2555 2456
f 2456 2555 2556
f 2456 2556 2457
f 2457 2556 2557
f 2457 2557 2458
f 2458 2557 2558
f 2458 2558 2459
f 2459 2558 2559
f 2459 2559 2460
f 2460 2559 2560
f 2460 2560 2461
f 2461 2560 2561
f 2461 2561 2462
f 2462 2561 2562
f 2462 2562 2463
f 2463 2562 2563
f 2463 2563 2464
f 2464 2563 2564
f 2464 2564 2465
f 2465 2564 2565
f 2465 2565 2466
f 2466 2565 2566
f 2466 2566 2467
f 2467 2566 2567
f 2467 2567 2468
f 2468 2567 2568
f 2468 2568 2469
f 2469 2568 2569
f 2469 2569 2470
f 2470 2569 2570
f 2470 2570 2471
f 2471 2570 2571
f 2471 2571 2472
f 2472 2571 2572
f 2472 2572 2473
f 2473 2572 2573
f 2473 2573 2474
f 2474 2573 2574
f 2474 2574 2475
f 2475 2574 2575
f 2475 2575 2476
f 2476 2575 2576
f 2476 2576 2477
f 2477 2576 2577
f 2477 2577 2478
f 2478 2577 2578
f 2478 2578 2479
f 2479 2578 2579
f 2479 2579 2480
f 2480 2579 2580
f 2480 2580 2481
f 2481 2580 2581
f 2481 2581 2482
f 2482 2581 2582
f 2482 2582 2483
f 2483 2582 2583
f 2483 2583 2484
f 2484 2583 2584
f 2484 2584 2485
f 2485 2584 2585
f 2485 2585 2486
f 2486 2585 2586
f 2486 2586 2487
f 2487 2586 2587
f 2487 2587 2488
f 2488 2587 2588
f 2488 2588 2489
f 2489 2588 2589
f 2489 2589 2490
f 2490 2589 2590
f 2490 2590 2491
f 2491 2590 2591
f 2491 2591 2492
f 2492 2591 2592
f 2492 2592 2493
f 2493 2592 2593
f 2493 2593 2494
f 2494 2593 2594
f 2494 2594 2495
f 2495 2594 2595
f 2495 2595 2496
f 2496 2595 2596
f 2496 2596 2497
f 2497 2596 2597
f 2497 2597 2498
f 2498 2597 2598
f 2498 2598 2499
f 2499 2598 2599
f 2499 2599 2500
f 2500 2599 2600
f 2500 2600 2501
f 2501 2600 2601
f 2501 2601 2402
f 2402 2601 2502
f 2502 2602 2503
f 2503 2602 2603
f 2503 2603 2504
f 2504 2603 2604
f 2504 2604 2505
f 2505 2604 2605
f 2505 2605 2506
f 2506 2605 2606
f 2506 2606 2507
f 2507 2606 2607
f 2507 2607 2508
f 2508 2607 2608
f 2508 2608 2509
f 2509 2608 2609
f 2509 2609 2510
f 2510 2609 2610
f 2510 2610 2511
f 2511 2610 2611
f 2511 2611 2512
f 2512 2611 2612
f 2512 2612 2513
f 2513 2612 2613
f 2513 2613 2514
f 2514 2613 2614
f 2514 2614 2515
f 2515 2614 2615
f 2515 2615 2516
f 2516 2615 2616
f 2516 2616 2517
f 2517 2616 2617
f 2517 2617 2518
f 2518 2617 2618
f 2518 2618 2519
f 2519 2618 2619
f 2519 2619 2520
f 2520 2619 2620
f 2520 2620 2521
f 2521 2620 2621
f 2521 2621 2522
f 2522 2621 2622
f 2522 2622 2523
f 2523 2622 2623
f 2523 2623 2524
f 2524 2623 2624
f 2524 2624 2525
f 2525 2624 2625
f 2525 2625 2526
f 2526 2625 2626
f 2526 2626 2527
f 2527 2626 2627
f 2527 2627 2528
f 2528 2627 2628
f 2528 2628 2529
f 2529 2628 2629
f 2529 2629 2530
f 2530 2629 2630
f 2530 2630 2531
f 2531 2630 2631
f 2531 2631 2532
f 2532 2631 2632
f 2532 2632 2533
f 2533 2632 2633
f 2533 2633 2534
f 2534 2633 2634
f 2534 2634 2535
f 2535 2634 2635
f 2535 2635 2536
f 2536 2635 2636
f 2536 2636 2537
f 2537 2636 2637
f 2537 2637 2538
f 2538 2637 2638
f 2538 2638 2539
f 2539 2638 2639
f 2539 2639 2540
f 2540 2639 2640
f 2540 2640 2541
f 2541 2640 2641
f 2541 2641 2542
f 2542 2641 2642
f 2542 2642 2543
f 2543 2642 2643
f 2543 2643 2544
f 2544 2643 2644
f 2544 2644 2545
f 2545 2644 2645
f 2545 2645 2546
f 2546 2645 2646
f 2546 2646 2547
f 2547 2646 2647
f 2547 2647 2548
f 2548 2647 2648
f 2548 2648 2549
f 2549 2648 2649
f 2549 2649 2550
f 2550 2649 2650
f 2550 2650 2551
f 2551 2650 2651
f 2551 2651 2552
f 2552 2651 2652
f 2552 2652 2553
f 2553 2652 2653
f 2553 2653 2554
f 2554 2653 2654
f 2554 2654 2555
f 2555 2654 2655
f 2555 2655 2556
f 2556 2655 2656
f 2556 2656 2557
f 2557 2656 2657
f 2557 2657 2558
f 2558 2657 2658
f 2558 2658 2559
f 2559 2658 2659
f 2559 2659 2560
f 2560 2659 2660
f 2560 2660 2561
f 2561 2660 2661
f 2561 2661 2562
f 2562 2661 2662
f 2562 2662 2563
f 2563 2662 2663
f 2563 2663 2564
f 2564 2663 2664
f 2564 2664 2565
f 2565 2664 2665
f 2565 2665 2566
f 2566 2665 2666
f 2566 2666 2567
f 2567 2666 2667
f 2567 2667 2568
f 2568 2667 2668
f 2568 2668 2569
f 2569 2668 2669
f 2569 2669 2570
f 2570 2669 2670
f 2570 2670 2571
f 2571 2670 2671
f 2571 2671 2572
f 2572 2671 2672
f 2572 2672 2573
f 2573 2672 2673
f 2573 2673 2574
f 2574 2673 2674
f 2574 2674 2575
f 2575 2674 2675
f 2575 2675 2576
f 2576 2675 2676
f 2576 2676 2577
f 2577 2676 2677
f 2577 2677 2578
f 2578 2677 2678
f 2578 2678 2579
f 2579 2678 2679
f 2579 2679 2580
f 2580 2679 2680
f 2580 2680 2581
f 2581 2680 2681
f 2581 2681 2582
f 2582 2681 2682
f 2582 2682 2583
f 2583 2682 2683
f 2583 2683 2584
f 2584 2683 2684
f 2584 2684 2585
f 2585 2684 2685
f 2585 2685 2586
f 2586 2685 2686
f 2586 2686 2587
f 2587 2686 2687
f 2587 2687 2588
f 2588 2687 2688
f 2588 2688 2589
f 2589 2688 2689
f 2589 2689 2590
f 2590 2689 2690
f 2590 2690 2591
f 2591 2690 2691
f 2591 2691 2592
f 2592 2691 2692
f 2592 2692 2593
f 2593 2692 2693
f 2593 2693 2594
f 2594 2693 2694
f 2594 2694 2595
f 2595 2694 2695
f 2595 2695 2596
f 2596 2695 2696
f 2596 2696 2597
f 2597 2696 2697
f 2597 2697 2598
f 2598 2697 2698
f 2598 2698 2599
f 2599 2698 2699
f 2599 2699 2600
f 2600 2699 2700
f 2600 2700 2601
f 2601 2700 2701
f 2601 2701 2502
f 2502 2701 2602
f 2602 2702 2603
f 2603 2702 2703
f 2603 2703 2604
f 2604 2703 2704
f 2604 2704 2605
f 2605 2704 2705
f 2605 2705 2606
f 2606 2705 2706
f 2606 2706 2607
f 2607 2706 2707
f 2607 2707 2608
f 2608 2707 2708
f 2608 2708 2609
f 2609 2708 2709
f 2609 2709 2610
f 2610 2709 2710
f 2610 2710 2611
f 2611 2710 2711
f 2611 2711 2612
f 2612 2711 2712
f 2612 2712 2613
f 2613 2712 2713
f 2613 2713 2614
f 2614 2713 2714
f 2614 2714 2615
f 2615 2714 2715
f 2615 2715 2616
f 2616 2715 2716
f 2616 2716 2617
f 2617 2716 2717
f 2617 2717 2618
f 2618 2717 2718
f 2618 2718 2619
f 2619 2718 2719
f 2619 2719 2620
f 2620 2719 2720
f 2620 2720 2621
f 2621 2720 2721
f 2621 2721 2622
f 2622 2721 2722
f 2622 2722 2623
f 2623 2722 2723
f 2623 2723 2624
f 2624 2723 2724
f 2624 2724 2625
f 2625 2724 2725
f 2625 2725 2626
f 2626 2725 2726
f 2626 2726 2627
f 2627 2726 2727
f 2627 2727 2628
f 2628 2727 2728
f 2628 2728 2629
f 2629 2728 2729
f 2629 2729 2630
f 2630 2729 2730
f 2630 2730 2631
f 2631 2730 2731
f 2631 2731 2632
f 2632 2731 2732
f 2632 2732 2633
f 2633 2732 2733
f 2633 2733 2634
f 2634 2733 2734
f 2634 2734 2635
f 2635 2734 2735
f 2635 2735 2636
f 2636 2735 2736
f 2636 2736 2637
f 2637 2736 2737
f 2637 2737 2638
f 2638 2737 2738
f 2638 2738 2639
f 2639 2738 2739
f 2639 2739 2640
f 2640 2739 2740
f 2640 2740 2641
f 2641 2740 2741
f 2641 2741 2642
f 2642 2741 2742
f 2642 2742 2643
f 2643 2742 2743
f 2643 2743 2644
f 2644 2743 2744
f 2644 2744 2645
f 2645 2744 2745
f 2645 2745 2646
f 2646 2745 2746
f 2646 2746 2647
f 2647 2746 2747
f 2647 2747 2648
f 2648 2747 2748
f 2648 2748 2649
f 2649 2748 2749
f 2649 2749 2650
f 2650 2749 2750
f 2650 2750 2651
f 2651 2750 2751
f 2651 2751 2652
f 2652 2751 2752
f 2652 2752 2653
f 2653 2752 2753
f 2653 2753 2654
f 2654 2753 2754
f 2654 2754 2655
f 2655 2754 2755
f 2655 2755 2656
f 2656 2755 2756
f 2656 2756 2657
f 2657 2756 2757
f 2657 2757 2658
f 2658 2757 2758
f 2658 2758 2659
f 2659 2758 2759
f 2659 2759 2660
f 2660 2759 2760
f 2660 2760 2661
f 2661 2760 2761
f 2661 2761 2662
f 2662 2761 2762
f 2662 2762 2663
f 2663 2762 2763
f 2663 2763 2664
f 2664 2763 2764
f 2664 2764 2665
f 2665 2764 2765
f 2665 2765 2666
f 2666 2765 2766
f 2666 2766 2667
f 2667 2766 2767
f 2667 2767 2668
f 2668 2767 2768
f 2668 2768 2669
f 2669 2768 2769
f 2669 2769 2670
f 2670 2769 2770
f 2670 2770 2671
f 2671 2770 2771
f 2671 2771 2672
f 2672 2771 2772
f 2672 2772 2673
f 2673 2772 2773
f 2673 2773 2674
f 2674 2773 2774
f 2674 2774 2675
f 2675 2774 2775
f 2675 2775 2676
f 2676 2775 2776
f 2676 2776 2677
f 2677 2776 2777
f 2677 2777 2678
f 2678 2777 2778
f 2678 2778 2679
f 2679 2778 2779
f 2679 2779 2680
f 2680 2779 2780
f 2680 2780 2681
f 2681 2780 2781
f 2681 2781 2682
f 2682 2781 2782
f 2682 2782 2683
f 2683 2782 2783
f 2683 2783 2684
f 2684 2783 2784
f 2684 2784 2685
f 2685 2784 2785
f 2685 2785 2686
f 2686 2785 2786
f 2686 2786 2687
f 2687 2786 2787
f 2687 2787 2688
f 2688 2787 2788
f 2688 2788 2689
f 2689 2788 2789
f 2689 2789 2690
f 2690 2789 2790
f 2690 2790 2691
f 2691 2790 2791
f 2691 2791 2692
f 2692 2791 2792
f 2692 2792 2693
f 2693 2792 2793
f 2693 2793 2694
f 2694 2793 2794
f 2694 2794 2695
f 2695 2794 2795
f 2695 2795 2696
f 2696 2795 2796
f 2696 2796 2697
f 2697 2796 2797
f 2697 2797 2698
f 2698 2797 2798
f 2698 2798 2699
f 2699 2798 2799
f 2699 2799 2700
f 2700 2799 2800
f 2700 2800 2701
f 2701 2800 2801
f 2701 2801 2602
f 2602 2801 2702
f 2702 2802 2703
f 2703 2802 2803
f 2703 2803 2704
f 2704 2803 2804
f 2704 2804 2705
f 2705 2804 2805
f 2705 2805 2706
f 2706 2805 2806
f 2706 2806 2707
f 2707 2806 2807
f 2707 2807 2708
f 2708 2807 2808
f 2708 2808 2709
f 2709 2808 2809
f 2709 2809 2710
f 2710 2809 2810
f 2710 2810 2711
f 2711 2810 2811
f 2711 2811 2712
f 2712 2811 2812
f 2712 2812 2713
f 2713 2812 2813
f 2713 2813 2714
f 2714 2813 2814
f 2714 2814 2715
f 2715 2814 2815
f 2715 2815 2716
f 2716 2815 2816
f 2716 2816 2717
f 2717 2816 2817
f 2717 2817 2718
f 2718 2817 2818
f 2718 2818 2719
f 2719 2818 2819
f 2719 2819 2720
f 2720 2819 2820
f 2720 2820 2721
f 2721 2820 2821
f 2721 2821 2722
f 2722 2821 2822
f 2722 2822 2723
f 2723 2822 2823
f 2723 2823 2724
f 2724 2823 2824
f 2724 2824 2725
f 2725 2824 2825
f 2725 2825 2726
f 2726 2825 2826
f 2726 2826 2727
f 2727 2826 2827
f 2727 2827 2728
f 2728 2827 2828
f 2728 2828 2729
f 2729 2828 2829
f 2729 2829 2730
f 2730 2829 2830
f 2730 2830 2731
f 2731 2830 2831
f 2731 2831 2732
f 2732 2831 2832
f 2732 2832 2733
f 2733 2832 2833
f 2733 2833 2734
f 2734 2833 2834
f 2734 2834 2735
f 2735 2834 2835
f 2735 2835 2736
f 2736 2835 2836
f 2736 2836 2737
f 2737 2836 2837
f 2737 2837 2738
f 2738 2837 2838
f 2738 2838 2739
f 2739 2838 2839
f 2739 2839 2740
f 2740 2839 2840
f 2740 2840 2741
f 2741 2840 2841
f 2741 2841 2742
f 2742 2841 2842
f 2742 2842 2743
f 2743 2842 2843
f 2743 2843 2744
f 2744 2843 2844
f 2744 2844 2745
f 2745 2844 2845
f 2745 2845 2746
f 2746 2845 2846
f 2746 2846 2747
f 2747 2846 2847
f 2747 2847 2748
f 2748 2847 2848
f 2748 2848 2749
f 2749 2848 2849
f 2749 2849 2750
f 2750 2849 2850
f 2750 2850 2751
f 2751 2850 2851
f 2751 2851 2752
f 2752 2851 2852
f 2752 2852 2753
f 2753 2852 2853
f 2753 2853 2754
f 2754 2853 2854
f 2754 2854 2755
f 2755 2854 2855
f 2755 2855 2756
f 2756 2855 2856
f 2756 2856 2757
f 2757 2856 2857
f 2757 2857 2758
f 2758 2857 2858
f 2758 2858 2759
f 2759 2858 2859
f 2759 2859 2760
f 2760 2859 2860
f 2760 2860 2761
f 2761 2860 2861
f 2761 2861 2762
f 2762 2861 2862
f 2762 2862 2763
f 2763 2862 2863
f 2763 2863 2764
f 2764 2863 2864
f 2764 2864 2765
f 2765 2864 2865
f 2765 2865 2766
f 2766 2865 2866
f 2766 2866 2767
f 2767 2866 2867
f 2767 2867 2768
f 2768 2867 2868
f 2768 2868 2769
f 2769 2868 2869
f 2769 2869 2770
f 2770 2869 2870
f 2770 2870 2771
f 2771 2870 2871
f 2771 2871 2772
f 2772 2871 2872
f 2772 2872 2773
f 2773 2872 2873
f 2773 2873 2774
f 2774 2873 2874
f 2774 2874 2775
f 2775 2874 2875
f 2775 2875 2776
f 2776 2875 2876
f 2776 2876 2777
f 2777 2876 2877
f 2777 2877 2778
f 2778 2877 2878
f 2778 2878 2779
f 2779 2878 2879
f 2779 2879 2780
f 2780 2879 2880
f 2780 2880 2781
f 2781 2880 2881
f 2781 2881 2782
f 2782 2881 2882
f 2782 2882 2783
f 2783 2882 2883
f 2783 2883 2784
f 2784 2883 2884
f 2784 2884 2785
f 2785 2884 2885
f 2785 2885 2786
f 2786 2885 2886
f 2786 2886 2787
f 2787 2886 2887
f 2787 2887 2788
f 2788 2887 2888
f 2788 2888 2789
f 2789 2888 2889
f 2789 2889 2790
f 2790 2889 2890
f 2790 2890 2791
f 2791 2890 2891
f 2791 2891 2792
f 2792 2891 2892
f 2792 2892 2793
f 2793 2892 2893
f 2793 2893 2794
f 2794 2893 2894
f 2794 2894 2795
f 2795 2894 2895
f 2795 2895 2796
f 2796 2895 2896
f 2796 2896 2797
f 2797 2896 2897
f 2797 2897 2798
f 2798 2897 2898
f 2798 2898 2799
f 2799 2898 2899
f 2799 2899 2800
f 2800 2899 2900
f 2800 2900 2801
f 2801 2900 2901
f 2801 2901 2702
f 2702 2901 2802
f 2802 2902 2803
f 2803 2902 2903
f 2803 2903 2804
f 2804 2903 2904
f 2804 2904 2805
f 2805 2904 2905
f 2805 2905 2806
f 2806 2905 2906
f 2806 2906 2807
f 2807 2906 2907
f 2807 2907 2808
f 2808 2907 2908
f 2808 2908 2809
f 2809 2908 2909
f 2809 2909 2810
f 2810 2909 2910
f 2810 2910 2811
f 2811 2910 2911
f 2811 2911 2812
f 2812 2911 2912
f 2812 2912 2813
f 2813 2912 2913
f 2813 2913 2814
f 2814 2913 2914
f 2814 2914 2815
f 2815 2914 2915
f 2815 2915 2816
f 2816 2915 2916
f 2816 2916 2817
f 2817 2916 2917
f 2817 2917 2818
f 2818 2917 2918
f 2818 2918 2819
f 2819 2918 2919
f 2819 2919 2820
f 2820 2919 2920
f 2820 2920 2821
f 2821 2920 2921
f 2821 2921 2822
f 2822 2921 2922
f 2822 2922 2823
f 2823 2922 2923
f 2823 2923 2824
f 2824 2923 2924
f 2824 2924 2825
f 2825 2924 2925
f 2825 2925 2826
f 2826 2925 2926
f 2826 2926 2827
f 2827 2926 2927
f 2827 2927 2828
f 2828 2927 2928
f 2828 2928 2829
f 2829 2928 2929
f 2829 2929 2830
f 2830 2929 2930
f 2830 2930 2831
f 2831 2930 2931
f 2831 2931 2832
f 2832 2931 2932
f 2832 2932 2833
f 2833 2932 2933
f 2833 2933 2834
f 2834 2933 2934
f 2834 2934 2835
f 2835 2934 2935
f 2835 2935 2836
f 2836 2935 2936
f 2836 2936 2837
f 2837 2936 2937
f 2837 2937 2838
f 2838 2937 2938
f 2838 2938 2839
f 2839 2938 2939
f 2839 2939 2840
f 2840 2939 2940
f 2840 2940 2841
f 2841 2940 2941
f 2841 2941 2842
f 2842 2941 2942
f 2842 2942 2843
f 2843 2942 2943
f 2843 2943 2844
f 2844 2943 2944
f 2844 2944 2845
f 2845 2944 2945
f 2845 2945 2846
f 2846 2945 2946
f 2846 2946 2847
f 2847 2946 2947
f 2847 2947 2848
f 2848 2947 2948
f 2848 2948 2849
f 2849 2948 2949
f 2849 2949 2850
f 2850 2949 2950
f 2850 2950 2851
f 2851 2950 2951
f 2851 2951 2852
f 2852 2951 2952
f 2852 2952 2853
f 2853 2952 2953
f 2853 2953 2854
f 2854 2953 2954
f 2854 2954 2855
f 2855 2954 2955
f 2855 2955 2856
f 2856 2955 2956
f 2856 2956 2857
f 2857 2956 2957
f 2857 2957 2858
f 2858 2957 2958
f 2858 2958 2859
f 2859 2958 2959
f 2859 2959 2860
f 2860 2959 2960
f 2860 2960 2861
f 2861 2960 2961
f 2861 2961 2862
f 2862 2961 2962
f 2862 2962 2863
f 2863 2962 2963
f 2863 2963 2864
f 2864 2963 2964
f 2864 2964 2865
f 2865 2964 2965
f 2865 2965 2866
f 2866 2965 2966
f 2866 2966 2867
f 2867 2966 2967
f 2867 2967 2868
f 2868 2967 2968
f 2868 2968 2869
f 2869 2968 2969
f 2869 2969 2870
f 2870 2969 2970
f 2870 2970 2871
f 2871 2970 2971
f 2871 2971 2872
f 2872 2971 2972
f 2872 2972 2873
f 2873 2972 2973
f 2873 2973 2874
f 2874 2973 2974
f 2874 2974 2875
f 2875 2974 2975
f 2875 2975 2876
f 2876 2975 2976
f 2876 2976 2877
f 2877 2976 2977
f 2877 2977 2878
f 2878 2977 2978
f 2878 2978 2879
f 2879 2978 2979
f 2879 2979 2880
f 2880 2979 2980
f 2880 2980 2881
f 2881 2980 2981
f 2881 2981 2882
f 2882 2981 2982
f 2882 2982 2883
f 2883 2982 2983
f 2883 2983 2884
f 2884 2983 2984
f 2884 2984 2885
f 2885 2984 2985
f 2885 2985 2886
f 2886 2985 2986
f 2886 2986 2887
f 2887 2986 2987
f 2887 2987 2888
f 2888 2987 2988
f 2888 2988 2889
f 2889 2988 2989
f 2889 2989 2890
f 2890 2989 2990
f 2890 2990 2891
f 2891 2990 2991
f 2891 2991 2892
f 2892 2991 2992
f 2892 2992 2893
f 2893 2992 2993
f 2893 2993 2894
f 2894 2993 2994
f 2894 2994 2895
f 2895 2994 2995
f 2895 2995 2896
f 2896 2995 2996
f 2896 2996 2897
f 2897 2996 2997
f 2897 2997 2898
f 2898 2997 2998
f 2898 2998 2899
f 2899 2998 2999
f 2899 2999 2900
f 2900 2999 3000
f 2900 3000 2901
f 2901 3000 3001
f 2901 3001 2802
f 2802 3001 2902
f 2902 3002 2903
f 2903 3002 3003
f 2903 3003 2904
f 2904 3003 3004
f 2904 3004 2905
f 2905 3004 3005
f 2905 3005 2906
f 2906 3005 3006
f 2906 3006 2907
f 2907 3006 3007
f 2907 3007 2908
f 2908 3007 3008
f 2908 3008 2909
f 2909 3008 3009
f 2909 3009 2910
f 2910 3009 3010
f 2910 3010 2911
f 2911 3010 3011
f 2911 3011 2912
f 2912 3011 3012
f 2912 3012 2913
f 2913 3012 3013
f 2913 3013 2914
f 2914 3013 3014
f 2914 3014 2915
f 2915 3014 3015
f 2915 3015 2916
f 2916 3015 3016
f 2916 3016 2917
f 2917 3016 3017
f 2917 3017 2918
f 2918 3017 3018
f 2918 3018 2919
f 2919 3018 3019
f 2919 3019 2920
f 2920 3019 3020
f 2920 3020 2921
f 2921 3020 3021
f 2921 3021 2922
f 2922 3021 3022
f 2922 3022 2923
f 2923 3022 3023
f 2923 3023 2924
f 2924 3023 3024
f 2924 3024 2925
f 2925 3024 3025
f 2925 3025 2926
f 2926 3025 3026
f 2926 3026 2927
f 2927 3026 3027
f 2927 3027 2928
f 2928 3027 3028
f 2928 3028 2929
f 2929 3028 3029
f 2929 3029 2930
f 2930 3029 3030
f 2930 3030 2931
f 2931 3030 3031
f 2931 3031 2932
f 2932 3031 3032
f 2932 3032 2933
f 2933 3032 3033
f 2933 3033 2934
f 2934 3033 3034
f 2934 3034 2935
f 2935 3034 3035
f 2935 3035 2936
f 2936 3035 3036
f 2936 3036 2937
f 2937 3036 3037
f 2937 3037 2938
f 2938 3037 3038
f 2938 3038 2939
f 2939 3038 3039
f 2939 3039 2940
f 2940 3039 3040
f 2940 3040 2941
f 2941 3040 3041
f 2941 3041 2942
f 2942 3041 3042
f 2942 3042 2943
f 2943 3042 3043
f 2943 3043 2944
f 2944 3043 3044
f 2944 3044 2945
f 2945 3044 3045
f 2945 3045 2946
f 2946 3045 3046
f 2946 3046 2947
f 2947 3046 3047
f 2947 3047 2948
f 2948 3047 3048
f 2948 3048 2949
f 2949 3048 3049
f 2949 3049 2950
f 2950 3049 3050
f 2950 3050 2951
f 2951 3050 3051
f 2951 3051 2952
f 2952 3051 3052
f 2952 3052 2953
f 2953 3052 3053
f 2953 3053 2954
f 2954 3053 3054
f 2954 3054 2955
f 2955 3054 3055
f 2955 3055 2956
f 2956 3055 3056
f 2956 3056 2957
f 2957 3056 3057
f 2957 3057 2958
f 2958 3057 3058
f 2958 3058 2959
f 2959 3058 3059
f 2959 3059 2960
f 2960 3059 3060
f 2960 3060 2961
f 2961 3060 3061
f 2961 3061 2962
f 2962 3061 3062
f 2962 3062 2963
f 2963 3062 3063
f 2963 3063 2964
f 2964 3063 3064
f 2964 3064 2965
f 2965 3064 3065
f 2965 3065 2966
f 2966 3065 3066
f 2966 3066 2967
f 2967 3066 3067
f 2967 3067 2968
f 2968 3067 3068
f 2968 3068 2969
f 2969 3068 3069
f 2969 3069 2970
f 2970 3069 3070
f 2970 3070 2971
f 2971 3070 3071
f 2971 3071 2972
f 2972 3071 3072
f 2972 3072 2973
f 2973 3072 3073
f 2973 3073 2974
f 2974 3073 3074
f 2974 3074 2975
f 2975 3074 3075
f 2975 3075 2976
f 2976 3075 3076
f 2976 3076 2977
f 2977 3076 3077
f 2977 3077 2978
f 2978 3077 3078
f 2978 3078 2979
f 2979 3078 3079
f 2979 3079 2980
f 2980 3079 3080
f 2980 3080 2981
f 2981 3080 3081
f 2981 3081 2982
f 2982 3081 3082
f 2982 3082 2983
f 2983 3082 3083
f 2983 3083 2984
f 2984 3083 3084
f 2984 3084 2985
f 2985 3084 3085
f 2985 3085 2986
f 2986 3085 3086
f 2986 3086 2987
f 2987 3086 3087
f 2987 3087 2988
f 2988 3087 3088
f 2988 3088 2989
f 2989 3088 3089
f 2989 3089 2990
f 2990 3089 3090
f 2990 3090 2991
f 2991 3090 3091
f 2991 3091 2992
f 2992 3091 3092
f 2992 3092 2993
f 2993 3092 3093
f 2993 3093 2994
f 2994 3093 3094
f 2994 3094 2995
f 2995 3094 3095
f 2995 3095 2996
f 2996 3095 3096
f 2996 3096 2997
f 2997 3096 3097
f 2997 3097 2998
f 2998 3097 3098
f 2998 3098 2999
f 2999 3098 3099
f 2999 3099 3000
f 3000 3099 3100
f 3000 3100 3001
f 3001 3100 3101
f 3001 3101 2902
f 2902 3101 3002
f 3002 3102 3003
f 3003 3102 3103
f 3003 3103 3004
f 3004 3103 3104
f 3004 3104 3005
f 3005 3104 3105
f 3005 3105 3006
f 3006 3105 3106
f 3006 3106 3007
f 3007 3106 3107
f 3007 3107 3008
f 3008 3107 3108
f 3008 3108 3009
f 3009 3108 3109
f 3009 3109 3010
f 3010 3109 3110
f 3010 3110 3011
f 3011 3110 3111
f 3011 3111 3012
f 3012 3111 3112
f 3012 3112 3013
f 3013 3112 3113
f 3013 3113 3014
f 3014 3113 3114
f 3014 3114 3015
f 3015 3114 3115
f 3015 3115 3016
f 3016 3115 3116
f 3016 3116 3017
f 3017 3116 3117
f 3017 3117 3018
f 3018 3117 3118
f 3018 3118 3019
f 3019 3118 3119
f 3019 3119 3020
f 3020 3119 3120
f 3020 3120 3021
f 3021 3120 3121
f 3021 3121 3022
f 3022 3121 3122
f 3022 3122 3023
f 3023 3122 3123
f 3023 3123 3024
f 3024 3123 3124
f 3024 3124 3025
f 3025 3124 3125
f 3025 3125 3026
f 3026 3125 3126
f 3026 3126 3027
f 3027 3126 3127
f 3027 3127 3028
f 3028 3127 3128
f 3028 3128 3029
f 3029 3128 3129
f 3029 3129 3030
f 3030 3129 3130
f 3030 3130 3031
f 3031 3130 3131
f 3031 3131 3032
f 3032 3131 3132
f 3032 3132 3033
f 3033 3132 3133
f 3033 3133 3034
f 3034 3133 3134
f 3034 3134 3035
f 3035 3134 3135
f 3035 3135 3036
f 3036 3135 3136
f 3036 3136 3037
f 3037 3136 3137
f 3037 3137 3038
f 3038 3137 3138
f 3038 3138 3039
f 3039 3138 3139
f 3039 3139 3040
f 3040 3139 3140
f 3040 3140 3041
f 3041 3140 3141
f 3041 3141 3042
f 3042 3141 3142
f 3042 3142 3043
f 3043 3142 3143
f 3043 3143 3044
f 3044 3143 3144
f 3044 3144 3045
f 3045 3144 3145
f 3045 3145 3046
f 3046 3145 3146
f 3046 3146 3047
f 3047 3146 3147
f 3047 3147 3048
f 3048 3147 3148
f 3048 3148 3049
f 3049 3148 3149
f 3049 3149 3050
f 3050 3149 3150
f 3050 3150 3051
f 3051 3150 3151
f 3051 3151 3052
f 3052 3151 3152
f 3052 3152 3053
f 3053 3152 3153
f 3053 3153 3054
f 3054 3153 3154
f 3054 3154 3055
f 3055 3154 3155
f 3055 3155 3056
f 3056 3155 3156
f 3056 3156 3057
f 3057 3156 3157
f 3057 3157 3058
f 3058 3157 3158
f 3058 3158 3059
f 3059 3158 3159
f 3059 3159 3060
f 3060 3159 3160
f 3060 3160 3061
f 3061 3160 3161
f 3061 3161 3062
f 3062 3161 3162
f 3062 3162 3063
f 3063 3162 3163
f 3063 3163 3064
f 3064 3163 3164
f 3064 3164 3065
f 3065 3164 3165
f 3065 3165 3066
f 3066 3165 3166
f 3066 3166 3067
f 3067 3166 3167
f 3067 3167 3068
f 3068 3167 3168
f 3068 3168 3069
f 3069 3168 3169
f 3069 3169 3070
f 3070 3169 3170
f 3070 3170 3071
f 3071 3170 3171
f 3071 3171 3072
f 3072 3171 3172
f 3072 3172 3073
f 3073 3172 3173
f 3073 3173 3074
f 3074 3173 3174
f 3074 3174 3075
f 3075 3174 3175
f 3075 3175 3076
f 3076 3175 3176
f 3076 3176 3077
f 3077 3176 3177
f 3077 3177 3078
f 3078 3177 3178
f 3078 3178 3079
f 3079 3178 3179
f 3079 3179 3080
f 3080 3179 3180
f 3080 3180 3081
f 3081 3180 3181
f 3081 3181 3082
f 3082 3181 3182
f 3082 3182 3083
f 3083 3182 3183
f 3083 3183 3084
f 3084 3183 3184
f 3084 3184 3085
f 3085 3184 3185
f 3085 3185 3086
f 3086 3185 3186
f 3086 3186 3087
f 3087 3186 3187
f 3087 3187 3088
f 3088 3187 3188
f 3088 3188 3089
f 3089 3188 3189
f 3089 3189 3090
f 3090 3189 3190
f 3090 3190 3091
f 3091 3190 3191
f 3091 3191 3092
f 3092 3191 3192
f 3092 3192 3093
f 3093 3192 3193
f 3093 3193 3094
f 3094 3193 3194
f 3094 3194 3095
f 3095 3194 3195
f 3095 3195 3096
f 3096 3195 3196
f 3096 3196 3097
f 3097 3196 3197
f 3097 3197 3098
f 3098 3197 3198
f 3098 3198 3099
f 3099 3198 3199
f 3099 3199 3100
f 3100 3199 3200
f 3100 3200 3101
f 3101 3200 3201
f 3101 3201 3002
f 3002 3201 3102
f 3102 3202 3103
f 3103 3202 3203
f 3103 3203 3104
f 3104 3203 3204
f 3104 3204 3105
f 3105 3204 3205
f 3105 3205 3106
f 3106 3205 3206
f 3106 3206 3107
f 3107 3206 3207
f 3107 3207 3108
f 3108 3207 3208
f 3108 3208 3109
f 3109 3208 3209
f 3109 3209 3110
f 3110 3209 3210
f 3110 3210 3111
f 3111 3210 3211
f 3111 3211 3112
f 3112 3211 3212
f 3112 3212 3113
f 3113 3212 3213
f 3113 3213 3114
f 3114 3213 3214
f 3114 3214 3115
f 3115 3214 3215
f 3115 3215 3116
f 3116 3215 3216
f 3116 3216 3117
f 3117 3216 3217
f 3117 3217 3118
f 3118 3217 3218
f 3118 3218 3119
f 3119 3218 3219
f 3119 3219 3120
f 3120 3219 3220
f 3120 3220 3121
f 3121 3220 3221
f 3121 3221 3122
f 3122 3221 3222
f 3122 3222 3123
f 3123 3222 3223
f 3123 3223 3124
f 3124 3223 3224
f 3124 3224 3125
f 3125 3224 3225
f 3125 3225 3126
f 3126 3225 3226
f 3126 3226 3127
f 3127 3226 3227
f 3127 3227 3128
f 3128 3227 3228
f 3128 3228 3129
f 3129 3228 3229
f 3129 3229 3130
f 3130 3229 3230
f 3130 3230 3131
f 3131 3230 3231
f 3131 3231 3132
f 3132 3231 3232
f 3132 3232 3133
f 3133 3232 3233
f 3133 3233 3134
f 3134 3233 3234
f 3134 3234 3135
f 3135 3234 3235
f 3135 3235 3136
f 3136 3235 3236
f 3136 3236 3137
f 3137 3236 3237
f 3137 3237 3138
f 3138 3237 3238
f 3138 3238 3139
f 3139 3238 3239
f 3139 3239 3140
f 3140 3239 3240
f 3140 3240 3141
f 3141 3240 3241
f 3141 3241 3142
f 3142 3241 3242
f 3142 3242 3143
f 3143 3242 3243
f 3143 3243 3144
f 3144 3243 3244
f 3144 3244 3145
f 3145 3244 3245
f 3145 3245 3146
f 3146 3245 3246
f 3146 3246 3147
f 3147 3246 3247
f 3147 3247 3148
f 3148 3247 3248
f 3148 3248 3149
f 3149 3248 3249
f 3149 3249 3150
f 3150 3249 3250
f 3150 3250 3151
f 3151 3250 3251
f 3151 3251 3152
f 3152 3251 3252
f 3152 3252 3153
f 3153 3252 3253
f 3153 3253 3154
f 3154 3253 3254
f 3154 3254 3155
f 3155 3254 3255
f 3155 3255 3156
f 3156 3255 3256
f 3156 3256 3157
f 3157 3256 3257
f 3157 3257 3158
f 3158 3257 3258
f 3158 3258 3159
f 3159 3258 3259
f 3159 3259 3160
f 3160 3259 3260
f 3160 3260 3161
f 3161 3260 3261
f 3161 3261 3162
f 3162 3261 3262
f 3162 3262 3163
f 3163 3262 3263
f 3163 3263 3164
f 3164 3263 3264
f 3164 3264 3165
f 3165 3264 3265
f 3165 3265 3166
f 3166 3265 3266
f 3166 3266 3167
f 3167 3266 3267
f 3167 3267 3168
f 3168 3267 3268
f 3168 3268 3169
f 3169 3268 3269
f 3169 3269 3170
f 3170 3269 3270
f 3170 3270 3171
f 3171 3270 3271
f 3171 3271 3172
f 3172 3271 3272
f 3172 3272 3173
f 3173 3272 3273
f 3173 3273 3174
f 3174 3273 3274
f 3174 3274 3175
f 3175 3274 3275
f 3175 3275 3176
f 3176 3275 3276
f 3176 3276 3177
f 3177 3276 3277
f 3177 3277 3178
f 3178 3277 3278
f 3178 3278 3179
f 3179 3278 3279
f 3179 3279 3180
f 3180 3279 3280
f 3180 3280 3181
f 3181 3280 3281
f 3181 3281 3182
f 3182 3281 3282
f 3182 3282 3183
f 3183 3282 3283
f 3183 3283 3184
f 3184 3283 3284
f 3184 3284 3185
f 3185 3284 3285
f 3185 3285 3186
f 3186 3285 3286
f 3186 3286 3187
f 3187 3286 3287
f 3187 3287 3188
f 3188 3287 3288
f 3188 3288 3189
f 3189 3288 3289
f 3189 3289 3190
f 3190 3289 3290
f 3190 3290 3191
f 3191 3290 3291
f 3191 3291 3192
f 3192 3291 3292
f 3192 3292 3193
f 3193 3292 3293
f 3193 3293 3194
f 3194 3293 3294
f 3194 3294 3195
f 3195 3294 3295
f 3195 3295 3196
f 3196 3295 3296
f 3196 3296 3197
f 3197 3296 3297
f 3197 3297 3198
f 3198 3297 3298
f 3198 3298 3199
f 3199 3298 3299
f 3199 3299 3200
f 3200 3299 3300
f 3200 3300 3201
f 3201 3300 3301
f 3201 3301 3102
f 3102 3301 3202
f 3202 3302 3203
f 3203 3302 3303
f 3203 3303 3204
f 3204 3303 3304
f 3204 3304 3205
f 3205 3304 3305
f 3205 3305 3206
f 3206 3305 3306
f 3206 3306 3207
f 3207 3306 3307
f 3207 3307 3208
f 3208 3307 3308
f 3208 3308 3209
f 3209 3308 3309
f 3209 3309 3210
f 3210 3309 3310
f 3210 3310 3211
f 3211 3310 3311
f 3211 3311 3212
f 3212 3311 3312
f 3212 3312 3213
f 3213 3312 3313
f 3213 3313 3214
f 3214 3313 3314
f 3214 3314 3215
f 3215 3314 3315
f 3215 3315 3216
f 3216 3315 3316
f 3216 3316 3217
f 3217 3316 3317
f 3217 3317 3218
f 3218 3317 3318
f 3218 3318 3219
f 3219 3318 3319
f 3219 3319 3220
f 3220 3319 3320
f 3220 3320 3221
f 3221 3320 3321
f 3221 3321 3222
f 3222 3321 3322
f 3222 3322 3223
f 3223 3322 3323
f 3223 3323 3224
f 3224 3323 3324
f 3224 3324 3225
f 3225 3324 3325
f 3225 3325 3226
f 3226 3325 3326
f 3226 3326 3227
f 3227 3326 3327
f 3227 3327 3228
f 3228 3327 3328
f 3228 3328 3229
f 3229 3328 3329
f 3229 3329 3230
f 3230 3329 3330
f 3230 3330 3231
f 3231 3330 3331
f 3231 3331 3232
f 3232 3331 3332
f 3232 3332 3233
f 3233 3332 3333
f 3233 3333 3234
f 3234 3333 3334
f 3234 3334 3235
f 3235 3334 3335
f 3235 3335 3236
f 3236 3335 3336
f 3236 3336 3237
f 3237 3336 3337
f 3237 3337 3238
f 3238 3337 3338
f 3238 3338 3239
f 3239 3338 3339
f 3239 3339 3240
f 3240 3339 3340
f 3240 3340 3241
f 3241 3340 3341
f 3241 3341 3242
f 3242 3341 3342
f 3242 3342 3243
f 3243 3342 3343
f 3243 3343 3244
f 3244 3343 3344
f 3244 3344 3245
f 3245 3344 3345
f 3245 3345 3246
f 3246 3345 3346
f 3246 3346 3247
f 3247 3346 3347
f 3247 3347 3248
f 3248 3347 3348
f 3248 3348 3249
f 3249 3348 3349
f 3249 3349 3250
f 3250 3349 3350
f 3250 3350 3251
f 3251 3350 3351
f 3251 3351 3252
f 3252 3351 3352
f 3252 3352 3253
f 3253 3352 3353
f 3253 3353 3254
f 3254 3353 3354
f 3254 3354 3255
f 3255 3354 3355
f 3255 3355 3256
f 3256 3355 3356
f 3256 3356 3257
f 3257 3356 3357
f 3257 3357 3258
f 3258 3357 3358
f 3258 3358 3259
f 3259 3358 3359
f 3259 3359 3260
f 3260 3359 3360
f 3260 3360 3261
f 3261 3360 3361
f 3261 3361 3262
f 3262 3361 3362
f 3262 3362 3263
f 3263 3362 3363
f 3263 3363 3264
f 3264 3363 3364
f 3264 3364 3265
f 3265 3364 3365
f 3265 3365 3266
f 3266 3365 3366
f 3266 3366 3267
f 3267 3366 3367
f 3267 3367 3268
f 3268 3367 3368
f 3268 3368 3269
f 3269 3368 3369
f 3269 3369 3270
f 3270 3369 3370
f 3270 3370 3271
f 3271 3370 3371
f 3271 3371 3272
f 3272 3371 3372
f 3272 3372 3273
f 3273 3372 3373
f 3273 3373 3274
f 3274 3373 3374
f 3274 3374 3275
f 3275 3374 3375
f 3275 3375 3276
f 3276 3375 3376
f 3276 3376 3277
f 3277 3376 3377
f 3277 3377 3278
f 3278 3377 3378
f 3278 3378 3279
f 3279 3378 3379
f 3279 3379 3280
f 3280 3379 3380
f 3280 3380 3281
f 3281 3380 3381
f 3281 3381 3282
f 3282 3381 3382
f 3282 3382 3283
f 3283 3382 3383
f 3283 3383 3284
f 3284 3383 3384
f 3284 3384 3285
f 3285 3384 3385
f 3285 3385 3286
f 3286 3385 3386
f 3286 3386 3287
f 3287 3386 3387
f 3287 3387 3288
f 3288 3387 3388
f 3288 3388 3289
f 3289 3388 3389
f 3289 3389 3290
f 3290 3389 3390
f 3290 3390 3291
f 3291 3390 3391
f 3291 3391 3292
f 3292 3391 3392
f 3292 3392 3293
f 3293 3392 3393
f 3293 3393 3294
f 3294 3393 3394
f 3294 3394 3295
f 3295 3394 3395
f 3295 3395 3296
f 3296 3395 3396
f 3296 3396 3297
f 3297 3396 3397
f 3297 3397 3298
f 3298 3397 3398
f 3298 3398 3299
f 3299 3398 3399
f 3299 3399 3300
f 3300 3399 3400
f 3300 3400 3301
f 3301 3400 3401
f 3301 3401 3202
f 3202 3401 3302
f 3302 3402 3303
f 3303 3402 3403
f 3303 3403 3304
f 3304 3403 3404
f 3304 3404 3305
f 3305 3404 3405
f 3305 3405 3306
f 3306 3405 3406
f 3306 3406 3307
f 3307 3406 3407
f 3307 3407 3308
f 3308 3407 3408
f 3308 3408 3309
f 3309 3408 3409
f 3309 3409 3310
f 3310 3409 3410
f 3310 3410 3311
f 3311 3410 3411
f 3311 3411 3312
f 3312 3411 3412
f 3312 3412 3313
f 3313 3412 3413
f 3313 3413 3314
f 3314 3413 3414
f 3314 3414 3315
f 3315 3414 3415
f 3315 3415 3316
f 3316 3415 3416
f 3316 3416 3317
f 3317 3416 3417
f 3317 3417 3318
f 3318 3417 3418
f 3318 3418 3319
f 3319 3418 3419
f 3319 3419 3320
f 3320 3419 3420
f 3320 3420 3321
f 3321 3420 3421
f 3321 3421 3322
f 3322 3421 3422
f 3322 3422 3323
f 3323 3422 3423
f 3323 3423 3324
f 3324 3423 3424
f 3324 3424 3325
f 3325 3424 3425
f 3325 3425 3326
f 3326 3425 3426
f 3326 3426 3327
f 3327 3426 3427
f 3327 3427 3328
f 3328 3427 3428
f 3328 3428 3329
f 3329 3428 3429
f 3329 3429 3330
f 3330 3429 3430
f 3330 3430 3331
f 3331 3430 3431
f 3331 3431 3332
f 3332 3431 3432
f 3332 3432 3333
f 3333 3432 3433
f 3333 3433 3334
f 3334 3433 3434
f 3334 3434 3335
f 3335 3434 3435
f 3335 3435 3336
f 3336 3435 3436
f 3336 3436 3337
f 3337 3436 3437
f 3337 3437 3338
f 3338 3437 3438
f 3338 3438 3339
f 3339 3438 3439
f 3339 3439 3340
f 3340 3439 3440
f 3340 3440 3341
f 3341 3440 3441
f 3341 3441 3342
f 3342 3441 3442
f 3342 3442 3343
f 3343 3442 3443
f 3343 3443 3344
f 3344 3443 3444
f 3344 3444 3345
f 3345 3444 3445
f 3345 3445 3346
f 3346 3445 3446
f 3346 3446 3347
f 3347 3446 3447
f 3347 3447 3348
f 3348 3447 3448
f 3348 3448 3349
f 3349 3448 3449
f 3349 3449 3350
f 3350 3449 3450
f 3350 3450 3351
f 3351 3450 3451
f 3351 3451 3352
f 3352 3451 3452
f 3352 3452 3353
f 3353 3452 3453
f 3353 3453 3354
f 3354 3453 3454
f 3354 3454 3355
f 3355 3454 3455
f 3355 3455 3356
f 3356 3455 3456
f 3356 3456 3357
f 3357 3456 3457
f 3357 3457 3358
f 3358 3457 3458
f 3358 3458 3359
f 3359 3458 3459
f 3359 3459 3360
f 3360 3459 3460
f 3360 3460 3361
f 3361 3460 3461
f 3361 3461 3362
f 3362 3461 3462
f 3362 3462 3363
f 3363 3462 3463
f 3363 3463 3364
f 3364 3463 3464
f 3364 3464 3365
f 3365 3464 3465
f 3365 3465 3366
f 3366 3465 3466
f 3366 3466 3367
f 3367 3466 3467
f 3367 3467 3368
f 3368 3467 3468
f 3368 3468 3369
f 3369 3468 3469
f 3369 3469 3370
f 3370 3469 3470
f 3370 3470 3371
f 3371 3470 3471
f 3371 3471 3372
f 3372 3471 3472
f 3372 3472 3373
f 3373 3472 3473
f 3373 3473 3374
f 3374 3473 3474
f 3374 3474 3375
f 3375 3474 3475
f 3375 3475 3376
f 3376 3475 3476
f 3376 3476 3377
f 3377 3476 3477
f 3377 3477 3378
f 3378 3477 3478
f 3378 3478 3379
f 3379 3478 3479
f 3379 3479 3380
f 3380 3479 3480
f 3380 3480 3381
f 3381 3480 3481
f 3381 3481 3382
f 3382 3481 3482
f 3382 3482 3383
f 3383 3482 3483
f 3383 3483 3384
f 3384 3483 3484
f 3384 3484 3385
f 3385 3484 3485
f 3385 3485 3386
f 3386 3485 3486
f 3386 3486 3387
f 3387 3486 3487
f 3387 3487 3388
f 3388 3487 3488
f 3388 3488 3389
f 3389 3488 3489
f 3389 3489 3390
f 3390 3489 3490
f 3390 3490 3391
f 3391 3490 3491
f 3391 3491 3392
f 3392 3491 3492
f 3392 3492 3393
f 3393 3492 3493
f 3393 3493 3394
f 3394 3493 3494
f 3394 3494 3395
f 3395 3494 3495
f 3395 3495 3396
f 3396 3495 3496
f 3396 3496 3397
f 3397 3496 3497
f 3397 3497 3398
f 3398 3497 3498
f 3398 3498 3399
f 3399 3498 3499
f 3399 3499 3400
f 3400 3499 3500
f 3400 3500 3401
f 3401 3500 3501
f 3401 3501 3302
f 3302 3501 3402
f 3402 3502 3403
f 3403 3502 3503
f 3403 3503 3404
f 3404 3503 3504
f 3404 3504 3405
f 3405 3504 3505
f 3405 3505 3406
f 3406 3505 3506
f 3406 3506 3407
f 3407 3506 3507
f 3407 3507 3408
f 3408 3507 3508
f 3408 3508 3409
f 3409 3508 3509
f 3409 3509 3410
f 3410 3509 3510
f 3410 3510 3411
f 3411 3510 3511
f 3411 3511 3412
f 3412 3511 3512
f 3412 3512 3413
f 3413 3512 3513
f 3413 3513 3414
f 3414 3513 3514
f 3414 3514 3415
f 3415 3514 3515
f 3415 3515 3416
f 3416 3515 3516
f 3416 3516 3417
f 3417 3516 3517
f 3417 3517 3418
f 3418 3517 3518
f 3418 3518 3419
f 3419 3518 3519
f 3419 3519 3420
f 3420 3519 3520
f 3420 3520 3421
f 3421 3520 3521
f 3421 3521 3422
f 3422 3521 3522
f 3422 3522 3423
f 3423 3522 3523
f 3423 3523 3424
f 3424 3523 3524
f 3424 3524 3425
f 3425 3524 3525
f 3425 3525 3426
f 3426 3525 3526
f 3426 3526 3427
f 3427 3526 3527
f 3427 3527 3428
f 3428 3527 3528
f 3428 3528 3429
f 3429 3528 3529
f 3429 3529 3430
f 3430 3529 3530
f 3430 3530 3431
f 3431 3530 3531
f 3431 3531 3432
f 3432 3531 3532
f 3432 3532 3433
f 3433 3532 3533
f 3433 3533 3434
f 3434 3533 3534
f 3434 3534 3435
f 3435 3534 3535
f 3435 3535 3436
f 3436 3535 3536
f 3436 3536 3437
f 3437 3536 3537
f 3437 3537 3438
f 3438 3537 3538
f 3438 3538 3439
f 3439 3538 3539
f 3439 3539 3440
f 3440 3539 3540
f 3440 3540 3441
f 3441 3540 3541
f 3441 3541 3442
f 3442 3541 3542
f 3442 3542 3443
f 3443 3542 3543
f 3443 3543 3444
f 3444 3543 3544
f 3444 3544 3445
f 3445 3544 3545
f 3445 3545 3446
f 3446 3545 3546
f 3446 3546 3447
f 3447 3546 3547
f 3447 3547 3448
f 3448 3547 3548
f 3448 3548 3449
f 3449 3548 3549
f 3449 3549 3450
f 3450 3549 3550
f 3450 3550 3451
f 3451 3550 3551
f 3451 3551 3452
f 3452 3551 3552
f 3452 3552 3453
f 3453 3552 3553
f 3453 3553 3454
f 3454 3553 3554
f 3454 3554 3455
f 3455 3554 3555
f 3455 3555 3456
f 3456 3555 3556
f 3456 3556 3457
f 3457 3556 3557
f 3457 3557 3458
f 3458 3557 3558
f 3458 3558 3459
f 3459 3558 3559
f 3459 3559 3460
f 3460 3559 3560
f 3460 3560 3461
f 3461 3560 3561
f 3461 3561 3462
f 3462 3561 3562
f 3462 3562 3463
f 3463 3562 3563
f 3463 3563 3464
f 3464 3563 3564
f 3464 3564 3465
f 3465 3564 3565
f 3465 3565 3466
f 3466 3565 3566
f 3466 3566 3467
f 3467 3566 3567
f 3467 3567 3468
f 3468 3567 3568
f 3468 3568 3469
f 3469 3568 3569
f 3469 3569 3470
f 3470 3569 3570
f 3470 3570 3471
f 3471 3570 3571
f 3471 3571 3472
f 3472 3571 3572
f 3472 3572 3473
f 3473 3572 3573
f 3473 3573 3474
f 3474 3573 3574
f 3474 3574 3475
f 3475 3574 3575
f 3475 3575 3476
f 3476 3575 3576
f 3476 3576 3477
f 3477 3576 3577
f 3477 3577 3478
f 3478 3577 3578
f 3478 3578 3479
f 3479 3578 3579
f 3479 3579 3480
f 3480 3579 3580
f 3480 3580 3481
f 3481 3580 3581
f 3481 3581 3482
f 3482 3581 3582
f 3482 3582 3483
f 3483 3582 3583
f 3483 3583 3484
f 3484 3583 3584
f 3484 3584 3485
f 3485 3584 3585
f 3485 3585 3486
f 3486 3585 3586
f 3486 3586 3487
f 3487 3586 3587
f 3487 3587 3488
f 3488 3587 3588
f 3488 3588 3489
f 3489 3588 3589
f 3489 3589 3490
f 3490 3589 3590
f 3490 3590 3491
f 3491 3590 3591
f 3491 3591 3492
f 3492 3591 3592
f 3492 3592 3493
f 3493 3592 3593
f 3493 3593 3494
f 3494 3593 3594
f 3494 3594 3495
f 3495 3594 3595
f 3495 3595 3496
f 3496 3595 3596
f 3496 3596 3497
f 3497 3596 3597
f 3497 3597 3498
f 3498 3597 3598
f 3498 3598 3499
f 3499 3598 3599
f 3499 3599 3500
f 3500 3599 3600
f 3500 3600 3501
f 3501 3600 3601
f 3501 3601 3402
f 3402 3601 3502
f 3502 3602 3503
f 3503 3602 3603
f 3503 3603 3504
f 3504 3603 3604
f 3504 3604 3505
f 3505 3604 3605
f 3505 3605 3506
f 3506 3605 3606
f 3506 3606 3507
f 3507 3606 3607
f 3507 3607 3508
f 3508 3607 3608
f 3508 3608 3509
f 3509 3608 3609
f 3509 3609 3510
f 3510 3609 3610
f 3510 3610 3511
f 3511 3610 3611
f 3511 3611 3512
f 3512 3611 3612
f 3512 3612 3513
f 3513 3612 3613
f 3513 3613 3514
f 3514 3613 3614
f 3514 3614 3515
f 3515 3614 3615
f 3515 3615 3516
f 3516 3615 3616
f 3516 3616 3517
f 3517 3616 3617
f 3517 3617 3518
f 3518 3617 3618
f 3518 3618 3519
f 3519 3618 3619
f 3519 3619 3520
f 3520 3619 3620
f 3520 3620 3521
f 3521 3620 3621
f 3521 3621 3522
f 3522 3621 3622
f 3522 3622 3523
f 3523 3622 3623
f 3523 3623 3524
f 3524 3623 3624
f 3524 3624 3525
f 3525 3624 3625
f 3525 3625 3526
f 3526 3625 3626
f 3526 3626 3527
f 3527 3626 3627
f 3527 3627 3528
f 3528 3627 3628
f 3528 3628 3529
f 3529 3628 3629
f 3529 3629 3530
f 3530 3629 3630
f 3530 3630 3531
f 3531 3630 3631
f 3531 3631 3532
f 3532 3631 3632
f 3532 3632 3533
f 3533 3632 3633
f 3533 3633 3534
f 3534 3633 3634
f 3534 3634 3535
f 3535 3634 3635
f 3535 3635 3536
f 3536 3635 3636
f 3536 3636 3537
f 3537 3636 3637
f 3537 3637 3538
f 3538 3637 3638
f 3538 3638 3539
f 3539 3638 3639
f 3539 3639 3540
f 3540 3639 3640
f 3540 3640 3541
f 3541 3640 3641
f 3541 3641 3542
f 3542 3641 3642
f 3542 3642 3543
f 3543 3642 3643
f 3543 3643 3544
f 3544 3643 3644
f 3544 3644 3545
f 3545 3644 3645
f 3545 3645 3546
f 3546 3645 3646
f 3546 3646 3547
f 3547 3646 3647
f 3547 3647 3548
f 3548 3647 3648
f 3548 3648 3549
f 3549 3648 3649
f 3549 3649 3550
f 3550 3649 3650
f 3550 3650 3551
f 3551 3650 3651
f 3551 3651 3552
f 3552 3651 3652
f 3552 3652 3553
f 3553 3652 3653
f 3553 3653 3554
f 3554 3653 3654
f 3554 3654 3555
f 3555 3654 3655
f 3555 3655 3556
f 3556 3655 3656
f 3556 3656 3557
f 3557 3656 3657
f 3557 3657 3558
f 3558 3657 3658
f 3558 3658 3559
f 3559 3658 3659
f 3559 3659 3560
f 3560 3659 3660
f 3560 3660 3561
f 3561 3660 3661
f 3561 3661 3562
f 3562 3661 3662
f 3562 3662 3563
f 3563 3662 3663
f 3563 3663 3564
f 3564 3663 3664
f 3564 3664 3565
f 3565 3664 3665
f 3565 3665 3566
f 3566 3665 3666
f 3566 3666 3567
f 3567 3666 3667
f 3567 3667 3568
f 3568 3667 3668
f 3568 3668 3569
f 3569 3668 3669
f 3569 3669 3570
f 3570 3669 3670
f 3570 3670 3571
f 3571 3670 3671
f 3571 3671 3572
f 3572 3671 3672
f 3572 3672 3573
f 3573 3672 3673
f 3573 3673 3574
f 3574 3673 3674
f 3574 3674 3575
f 3575 3674 3675
f 3575 3675 3576
f 3576 3675 3676
f 3576 3676 3577
f 3577 3676 3677
f 3577 3677 3578
f 3578 3677 3678
f 3578 3678 3579
f 3579 3678 3679
f 3579 3679 3580
f 3580 3679 3680
f 3580 3680 3581
f 3581 3680 3681
f 3581 3681 3582
f 3582 3681 3682
f 3582 3682 3583
f 3583 3682 3683
f 3583 3683 3584
f 3584 3683 3684
f 3584 3684 3585
f 3585 3684 3685
f 3585 3685 3586
f 3586 3685 3686
f 3586 3686 3587
f 3587 3686 3687
f 3587 3687 3588
f 3588 3687 3688
f 3588 3688 3589
f 3589 3688 3689
f 3589 3689 3590
f 3590 3689 3690
f 3590 3690 3591
f 3591 3690 3691
f 3591 3691 3592
f 3592 3691 3692
f 3592 3692 3593
f 3593 3692 3693
f 3593 3693 3594
f 3594 3693 3694
f 3594 3694 3595
f 3595 3694 3695
f 3595 3695 3596
f 3596 3695 3696
f 3596 3696 3597
f 3597 3696 3697
f 3597 3697 3598
f 3598 3697 3698
f 3598 3698 3599
f 3599 3698 3699
f 3599 3699 3600
f 3600 3699 3700
f 3600 3700 3601
f 3601 3700 3701
f 3601 3701 3502
f 3502 3701 3602
f 3602 3702 3603
f 3603 3702 3703
f 3603 3703 3604
f 3604 3703 3704
f 3604 3704 3605
f 3605 3704 3705
f 3605 3705 3606
f 3606 3705 3706
f 3606 3706 3607
f 3607 3706 3707
f 3607 3707 3608
f 3608 3707 3708
f 3608 3708 3609
f 3609 3708 3709
f 3609 3709 3610
f 3610 3709 3710
f 3610 3710 3611
f 3611 3710 3711
f 3611 3711 3612
f 3612 3711 3712
f 3612 3712 3613
f 3613 3712 3713
f 3613 3713 3614
f 3614 3713 3714
f 3614 3714 3615
f 3615 3714 3715
f 3615 3715 3616
f 3616 3715 3716
f 3616 3716 3617
f 3617 3716 3717
f 3617 3717 3618
f 3618 3717 3718
f 3618 3718 3619
f 3619 3718 3719
f 3619 3719 3620
f 3620 3719 3720
f 3620 3720 3621
f 3621 3720 3721
f 3621 3721 3622
f 3622 3721 3722
f 3622 3722 3623
f 3623 3722 3723
f 3623 3723 3624
f 3624 3723 3724
f 3624 3724 3625
f 3625 3724 3725
f 3625 3725 3626
f 3626 3725 3726
f 3626 3726 3627
f 3627 3726 3727
f 3627 3727 3628
f 3628 3727 3728
f 3628 3728 3629
f 3629 3728 3729
f 3629 3729 3630
f 3630 3729 3730
f 3630 3730 3631
f 3631 3730 3731
f 3631 3731 3632
f 3632 3731 3732
f 3632 3732 3633
f 3633 3732 3733
f 3633 3733 3634
f 3634 3733 3734
f 3634 3734 3635
f 3635 3734 3735
f 3635 3735 3636
f 3636 3735 3736
f 3636 3736 3637
f 3637 3736 3737
f 3637 3737 3638
f 3638 3737 3738
f 3638 3738 3639
f 3639 3738 3739
f 3639 3739 3640
f 3640 3739 3740
f 3640 3740 3641
f 3641 3740 3741
f 3641 3741 3642
f 3642 3741 3742
f 3642 3742 3643
f 3643 3742 3743
f 3643 3743 3644
f 3644 3743 3744
f 3644 3744 3645
f 3645 3744 3745
f 3645 3745 3646
f 3646 3745 3746
f 3646 3746 3647
f 3647 3746 3747
f 3647 3747 3648
f 3648 3747 3748
f 3648 3748 3649
f 3649 3748 3749
f 3649 3749 3650
f 3650 3749 3750
f 3650 3750 3651
f 3651 3750 3751
f 3651 3751 3652
f 3652 3751 3752
f 3652 3752 3653
f 3653 3752 3753
f 3653 3753 3654
f 3654 3753 3754
f 3654 3754 3655
f 3655 3754 3755
f 3655 3755 3656
f 3656 3755 3756
f 3656 3756 3657
f 3657 3756 3757
f 3657 3757 3658
f 3658 3757 3758
f 3658 3758 3659
f 3659 3758 3759
f 3659 3759 3660
f 3660 3759 3760
f 3660 3760 3661
f 3661 3760 3761
f 3661 3761 3662
f 3662 3761 3762
f 3662 3762 3663
f 3663 3762 3763
f 3663 3763 3664
f 3664 3763 3764
f 3664 3764 3665
f 3665 3764 3765
f 3665 3765 3666
f 3666 3765 3766
f 3666 3766 3667
f 3667 3766 3767
f 3667 3767 3668
f 3668 3767 3768
f 3668 3768 3669
f 3669 3768 3769
f 3669 3769 3670
f 3670 3769 3770
f 3670 3770 3671
f 3671 3770 3771
f 3671 3771 3672
f 3672 3771 3772
f 3672 3772 3673
f 3673 3772 3773
f 3673 3773 3674
f 3674 3773 3774
f 3674 3774 3675
f 3675 3774 3775
f 3675 3775 3676
f 3676 3775 3776
f 3676 3776 3677
f 3677 3776 3777
f 3677 3777 3678
f 3678 3777 3778
f 3678 3778 3679
f 3679 3778 3779
f 3679 3779 3680
f 3680 3779 3780
f 3680 3780 3681
f 3681 3780 3781
f 3681 3781 3682
f 3682 3781 3782
f 3682 3782 3683
f 3683 3782 3783
f 3683 3783 3684
f 3684 3783 3784
f 3684 3784 3685
f 3685 3784 3785
f 3685 3785 3686
f 3686 3785 3786
f 3686 3786 3687
f 3687 3786 3787
f 3687 3787 3688
f 3688 3787 3788
f 3688 3788 3689
f 3689 3788 3789
f 3689 3789 3690
f 3690 3789 3790
f 3690 3790 3691
f 3691 3790 3791
f 3691 3791 3692
f 3692 3791 3792
f 3692 3792 3693
f 3693 3792 3793
f 3693 3793 3694
f 3694 3793 3794
f 3694 3794 3695
f 3695 3794 3795
f 3695 3795 3696
f 3696 3795 3796
f 3696 3796 3697
f 3697 3796 3797
f 3697 3797 3698
f 3698 3797 3798
f 3698 3798 3699
f 3699 3798 3799
f 3699 3799 3700
f 3700 3799 3800
f 3700 3800 3701
f 3701 3800 3801
f 3701 3801 3602
f 3602 3801 3702
f 3702 3802 3703
f 3703 3802 3803
f 3703 3803 3704
f 3704 3803 3804
f 3704 3804 3705
f 3705 3804 3805
f 3705 3805 3706
f 3706 3805 3806
f 3706 3806 3707
f 3707 3806 3807
f 3707 3807 3708
f 3708 3807 3808
f 3708 3808 3709
f 3709 3808 3809
f 3709 3809 3710
f 3710 3809 3810
f 3710 3810 3711
f 3711 3810 3811
f 3711 3811 3712
f 3712 3811 3812
f 3712 3812 3713
f 3713 3812 3813
f 3713 3813 3714
f 3714 3813 3814
f 3714 3814 3715
f 3715 3814 3815
f 3715 3815 3716
f 3716 3815 3816
f 3716 3816 3717
f 3717 3816 3817
f 3717 3817 3718
f 3718 3817 3818
f 3718 3818 3719
f 3719 3818 3819
f 3719 3819 3720
f 3720 3819 3820
f 3720 3820 3721
f 3721 3820 3821
f 3721 3821 3722
f 3722 3821 3822
f 3722 3822 3723
f 3723 3822 3823
f 3723 3823 3724
f 3724 3823 3824
f 3724 3824 3725
f 3725 3824 3825
f 3725 3825 3726
f 3726 3825 3826
f 3726 3826 3727
f 3727 3826 3827
f 3727 3827 3728
f 3728 3827 3828
f 3728 3828 3729
f 3729 3828 3829
f 3729 3829 3730
f 3730 3829 3830
f 3730 3830 3731
f 3731 3830 3831
f 3731 3831 3732
f 3732 3831 3832
f 3732 3832 3733
f 3733 3832 3833
f 3733 3833 3734
f 3734 3833 3834
f 3734 3834 3735
f 3735 3834 3835
f 3735 3835 3736
f 3736 3835 3836
f 3736 3836 3737
f 3737 3836 3837
f 3737 3837 3738
f 3738 3837 3838
f 3738 3838 3739
f 3739 3838 3839
f 3739 3839 3740
f 3740 3839 3840
f 3740 3840 3741
f 3741 3840 3841
f 3741 3841 3742
f 3742 3841 3842
f 3742 3842 3743
f 3743 3842 3843
f 3743 3843 3744
f 3744 3843 3844
f 3744 3844 3745
f 3745 3844 3845
f 3745 3845 3746
f 3746 3845 3846
f 3746 3846 3747
f 3747 3846 3847
f 3747 3847 3748
f 3748 3847 3848
f 3748 3848 3749
f 3749 3848 3849
f 3749 3849 3750
f 3750 3849 3850
f 3750 3850 3751
f 3751 3850 3851
f 3751 3851 3752
f 3752 3851 3852
f 3752 3852 3753
f 3753 3852 3853
f 3753 3853 3754
f 3754 3853 3854
f 3754 3854 3755
f 3755 3854 3855
f 3755 3855 3756
f 3756 3855 3856
f 3756 3856 3757
f 3757 3856 3857
f 3757 3857 3758
f 3758 3857 3858
f 3758 3858 3759
f 3759 3858 3859
f 3759 3859 3760
f 3760 3859 3860
f 3760 3860 3761
f 3761 3860 3861
f 3761 3861 3762
f 3762 3861 3862
f 3762 3862 3763
f 3763 3862 3863
f 3763 3863 3764
f 3764 3863 3864
f 3764 3864 3765
f 3765 3864 3865
f 3765 3865 3766
f 3766 3865 3866
f 3766 3866 3767
f 3767 3866 3867
f 3767 3867 3768
f 3768 3867 3868
f 3768 3868 3769
f 3769 3868 3869
f 3769 3869 3770
f 3770 3869 3870
f 3770 3870 3771
f 3771 3870 3871
f 3771 3871 3772
f 3772 3871 3872
f 3772 3872 3773
f 3773 3872 3873
f 3773 3873 3774
f 3774 3873 3874
f 3774 3874 3775
f 3775 3874 3875
f 3775 3875 3776
f 3776 3875 3876
f 3776 3876 3777
f 3777 3876 3877
f 3777 3877 3778
f 3778 3877 3878
f 3778 3878 3779
f 3779 3878 3879
f 3779 3879 3780
f 3780 3879 3880
f 3780 3880 3781
f 3781 3880 3881
f 3781 3881 3782
f 3782 3881 3882
f 3782 3882 3783
f 3783 3882 3883
f 3783 3883 3784
f 3784 3883 3884
f 3784 3884 3785
f 3785 3884 3885
f 3785 3885 3786
f 3786 3885 3886
f 3786 3886 3787
f 3787 3886 3887
f 3787 3887 3788
f 3788 3887 3888
f 3788 3888 3789
f 3789 3888 3889
f 3789 3889 3790
f 3790 3889 3890
f 3790 3890 3791
f 3791 3890 3891
f 3791 3891 3792
f 3792 3891 3892
f 3792 3892 3793
f 3793 3892 3893
f 3793 3893 3794
f 3794 3893 3894
f 3794 3894 3795
f 3795 3894 3895
f 3795 3895 3796
f 3796 3895 3896
f 3796 3896 3797
f 3797 3896 3897
f 3797 3897 3798
f 3798 3897 3898
f 3798 3898 3799
f 3799 3898 3899
f 3799 3899 3800
f 3800 3899 3900
f 3800 3900 3801
f 3801 3900 3901
f 3801 3901 3702
f 3702 3901 3802
f 3802 3902 3803
f 3803 3902 3903
f 3803 3903 3804
f 3804 3903 3904
f 3804 3904 3805
f 3805 3904 3905
f 3805 3905 3806
f 3806 3905 3906
f 3806 3906 3807
f 3807 3906 3907
f 3807 3907 3808
f 3808 3907 3908
f 3808 3908 3809
f 3809 3908 3909
f 3809 3909 3810
f 3810 3909 3910
f 3810 3910 3811
f 3811 3910 3911
f 3811 3911 3812
f 3812 3911 3912
f 3812 3912 3813
f 3813 3912 3913
f 3813 3913 3814
f 3814 3913 3914
f 3814 3914 3815
f 3815 3914 3915
f 3815 3915 3816
f 3816 3915 3916
f 3816 3916 3817
f 3817 3916 3917
f 3817 3917 3818
f 3818 3917 3918
f 3818 3918 3819
f 3819 3918 3919
f 3819 3919 3820
f 3820 3919 3920
f 3820 3920 3821
f 3821 3920 3921
f 3821 3921 3822
f 3822 3921 3922
f 3822 3922 3823
f 3823 3922 3923
f 3823 3923 3824
f 3824 3923 3924
f 3824 3924 3825
f 3825 3924 3925
f 3825 3925 3826
f 3826 3925 3926
f 3826 3926 3827
f 3827 3926 3927
f 3827 3927 3828
f 3828 3927 3928
f 3828 3928 3829
f 3829 3928 3929
f 3829 3929 3830
f 3830 3929 3930
f 3830 3930 3831
f 3831 3930 3931
f 3831 3931 3832
f 3832 3931 3932
f 3832 3932 3833
f 3833 3932 3933
f 3833 3933 3834
f 3834 3933 3934
f 3834 3934 3835
f 3835 3934 3935
f 3835 3935 3836
f 3836 3935 3936
f 3836 3936 3837
f 3837 3936 3937
f 3837 3937 3838
f 3838 3937 3938
f 3838 3938 3839
f 3839 3938 3939
f 3839 3939 3840
f 3840 3939 3940
f 3840 3940 3841
f 3841 3940 3941
f 3841 3941 3842
f 3842 3941 3942
f 3842 3942 3843
f 3843 3942 3943
f 3843 3943 3844
f 3844 3943 3944
f 3844 3944 3845
f 3845 3944 3945
f 3845 3945 3846
f 3846 3945 3946
f 3846 3946 3847
f 3847 3946 3947
f 3847 3947 3848
f 3848 3947 3948
f 3848 3948 3849
f 3849 3948 3949
f 3849 3949 3850
f 3850 3949 3950
f 3850 3950 3851
f 3851 3950 3951
f 3851 3951 3852
f 3852 3951 3952
f 3852 3952 3853
f 3853 3952 3953
f 3853 3953 3854
f 3854 3953 3954
f 3854 3954 3855
f 3855 3954 3955
f 3855 3955 3856
f 3856 3955 3956
f 3856 3956 3857
f 3857 3956 3957
f 3857 3957 3858
f 3858 3957 3958
f 3858 3958 3859
f 3859 3958 3959
f 3859 3959 3860
f 3860 3959 3960
f 3860 3960 3861
f 3861 3960 3961
f 3861 3961 3862
f 3862 3961 3962
f 3862 3962 3863
f 3863 3962 3963
f 3863 3963 3864
f 3864 3963 3964
f 3864 3964 3865
f 3865 3964 3965
f 3865 3965 3866
f 3866 3965 3966
f 3866 3966 3867
f 3867 3966 3967
f 3867 3967 3868
f 3868 3967 3968
f 3868 3968 3869
f 3869 3968 3969
f 3869 3969 3870
f 3870 3969 3970
f 3870 3970 3871
f 3871 3970 3971
f 3871 3971 3872
f 3872 3971 3972
f 3872 3972 3873
f 3873 3972 3973
f 3873 3973 3874
f 3874 3973 3974
f 3874 3974 3875
f 3875 3974 3975
f 3875 3975 3876
f 3876 3975 3976
f 3876 3976 3877
f 3877 3976 3977
f 3877 3977 3878
f 3878 3977 3978
f 3878 3978 3879
f 3879 3978 3979
f 3879 3979 3880
f 3880 3979 3980
f 3880 3980 3881
f 3881 3980 3981
f 3881 3981 3882
f 3882 3981 3982
f 3882 3982 3883
f 3883 3982 3983
f 3883 3983 3884
f 3884 3983 3984
f 3884 3984 3885
f 3885 3984 3985
f 3885 3985 3886
f 3886 3985 3986
f 3886 3986 3887
f 3887 3986 3987
f 3887 3987 3888
f 3888 3987 3988
f 3888 3988 3889
f 3889 3988 3989
f 3889 3989 3890
f 3890 3989 3990
f 3890 3990 3891
f 3891 3990 3991
f 3891 3991 3892
f 3892 3991 3992
f 3892 3992 3893
f 3893 3992 3993
f 3893 3993 3894
f 3894 3993 3994
f 3894 3994 3895
f 3895 3994 3995
f 3895 3995 3896
f 3896 3995 3996
f 3896 3996 3897
f 3897 3996 3997
f 3897 3997 3898
f 3898 3997 3998
f 3898 3998 3899
f 3899 3998 3999
f 3899 3999 3900
f 3900 3999 4000
f 3900 4000 3901
f 3901 4000 4001
f 3901 4001 3802
f 3802 4001 3902
f 3902 4002 3903
f 3903 4002 4003
f 3903 4003 3904
f 3904 4003 4004
f 3904 4004 3905
f 3905 4004 4005
f 3905 4005 3906
f 3906 4005 4006
f 3906 4006 3907
f 3907 4006 4007
f 3907 4007 3908
f 3908 4007 4008
f 3908 4008 3909
f 3909 4008 4009
f 3909 4009 3910
f 3910 4009 4010
f 3910 4010 3911
f 3911 4010 4011
f 3911 4011 3912
f 3912 4011 4012
f 3912 4012 3913
f 3913 4012 4013
f 3913 4013 3914
f 3914 4013 4014
f 3914 4014 3915
f 3915 4014 4015
f 3915 4015 3916
f 3916 4015 4016
f 3916 4016 3917
f 3917 4016 4017
f 3917 4017 3918
f 3918 4017 4018
f 3918 4018 3919
f 3919 4018 4019
f 3919 4019 3920
f 3920 4019 4020
f 3920 4020 3921
f 3921 4020 4021
f 3921 4021 3922
f 3922 4021 4022
f 3922 4022 3923
f 3923 4022 4023
f 3923 4023 3924
f 3924 4023 4024
f 3924 4024 3925
f 3925 4024 4025
f 3925 4025 3926
f 3926 4025 4026
f 3926 4026 3927
f 3927 4026 4027
f 3927 4027 3928
f 3928 4027 4028
f 3928 4028 3929
f 3929 4028 4029
f 3929 4029 3930
f 3930 4029 4030
f 3930 4030 3931
f 3931 4030 4031
f 3931 4031 3932
f 3932 4031 4032
f 3932 4032 3933
f 3933 4032 4033
f 3933 4033 3934
f 3934 4033 4034
f 3934 4034 3935
f 3935 4034 4035
f 3935 4035 3936
f 3936 4035 4036
f 3936 4036 3937
f 3937 4036 4037
f 3937 4037 3938
f 3938 4037 4038
f 3938 4038 3939
f 3939 4038 4039
f 3939 4039 3940
f 3940 4039 4040
f 3940 4040 3941
f 3941 4040 4041
f 3941 4041 3942
f 3942 4041 4042
f 3942 4042 3943
f 3943 4042 4043
f 3943 4043 3944
f 3944 4043 4044
f 3944 4044 3945
f 3945 4044 4045
f 3945 4045 3946
f 3946 4045 4046
f 3946 4046 3947
f 3947 4046 4047
f 3947 4047 3948
f 3948 4047 4048
f 3948 4048 3949
f 3949 4048 4049
f 3949 4049 3950
f 3950 4049 4050
f 3950 4050 3951
f 3951 4050 4051
f 3951 4051 3952
f 3952 4051 4052
f 3952 4052 3953
f 3953 4052 4053
f 3953 4053 3954
f 3954 4053 4054
f 3954 4054 3955
f 3955 4054 4055
f 3955 4055 3956
f 3956 4055 4056
f 3956 4056 3957
f 3957 4056 4057
f 3957 4057 3958
f 3958 4057 4058
f 3958 4058 3959
f 3959 4058 4059
f 3959 4059 3960
f 3960 4059 4060
f 3960 4060 3961
f 3961 4060 4061
f 3961 4061 3962
f 3962 4061 4062
f 3962 4062 3963
f 3963 4062 4063
f 3963 4063 3964
f 3964 4063 4064
f 3964 4064 3965
f 3965 4064 4065
f 3965 4065 3966
f 3966 4065 4066
f 3966 4066 3967
f 3967 4066 4067
f 3967 4067 3968
f 3968 4067 4068
f 3968 4068 3969
f 3969 4068 4069
f 3969 4069 3970
f 3970 4069 4070
f 3970 4070 3971
f 3971 4070 4071
f 3971 4071 3972
f 3972 4071 4072
f 3972 4072 3973
f 3973 4072 4073
f 3973 4073 3974
f 3974 4073 4074
f 3974 4074 3975
f 3975 4074 4075
f 3975 4075 3976
f 3976 4075 4076
f 3976 4076 3977
f 3977 4076 4077
f 3977 4077 3978
f 3978 4077 4078
f 3978 4078 3979
f 3979 4078 4079
f 3979 4079 3980
f 3980 4079 4080
f 3980 4080 3981
f 3981 4080 4081
f 3981 4081 3982
f 3982 4081 4082
f 3982 4082 3983
f 3983 4082 4083
f 3983 4083 3984
f 3984 4083 4084
f 3984 4084 3985
f 3985 4084 4085
f 3985 4085 3986
f 3986 4085 4086
f 3986 4086 3987
f 3987 4086 4087
f 3987 4087 3988
f 3988 4087 4088
f 3988 4088 3989
f 3989 4088 4089
f 3989 4089 3990
f 3990 4089 4090
f 3990 4090 3991
f 3991 4090 4091
f 3991 4091 3992
f 3992 4091 4092
f 3992 4092 3993
f 3993 4092 4093
f 3993 4093 3994
f 3994 4093 4094
f 3994 4094 3995
f 3995 4094 4095
f 3995 4095 3996
f 3996 4095 4096
f 3996 4096 3997
f 3997 4096 4097
f 3997 4097 3998
f 3998 4097 4098
f 3998 4098 3999
f 3999 4098 4099
f 3999 4099 4000
f 4000 4099 4100
f 4000 4100 4001
f 4001 4100 4101
f 4001 4101 3902
f 3902 4101 4002
f 4002 4102 4003
f 4003 4102 4103
f 4003 4103 4004
f 4004 4103 4104
f 4004 4104 4005
f 4005 4104 4105
f 4005 4105 4006
f 4006 4105 4106
f 4006 4106 4007
f 4007 4106 4107
f 4007 4107 4008
f 4008 4107 4108
f 4008 4108 4009
f 4009 4108 4109
f 4009 4109 4010
f 4010 4109 4110
f 4010 4110 4011
f 4011 4110 4111
f 4011 4111 4012
f 4012 4111 4112
f 4012 4112 4013
f 4013 4112 4113
f 4013 4113 4014
f 4014 4113 4114
f 4014 4114 4015
f 4015 4114 4115
f 4015 4115 4016
f 4016 4115 4116
f 4016 4116 4017
f 4017 4116 4117
f 4017 4117 4018
f 4018 4117 4118
f 4018 4118 4019
f 4019 4118 4119
f 4019 4119 4020
f 4020 4119 4120
f 4020 4120 4021
f 4021 4120 4121
f 4021 4121 4022
f 4022 4121 4122
f 4022 4122 4023
f 4023 4122 4123
f 4023 4123 4024
f 4024 4123 4124
f 4024 4124 4025
f 4025 4124 4125
f 4025 4125 4026
f 4026 4125 4126
f 4026 4126 4027
f 4027 4126 4127
f 4027 4127 4028
f 4028 4127 4128
f 4028 4128 4029
f 4029 4128 4129
f 4029 4129 4030
f 4030 4129 4130
f 4030 4130 4031
f 4031 4130 4131
f 4031 4131 4032
f 4032 4131 4132
f 4032 4132 4033
f 4033 4132 4133
f 4033 4133 4034
f 4034 4133 4134
f 4034 4134 4035
f 4035 4134 4135
f 4035 4135 4036
f 4036 4135 4136
f 4036 4136 4037
f 4037 4136 4137
f 4037 4137 4038
f 4038 4137 4138
f 4038 4138 4039
f 4039 4138 4139
f 4039 4139 4040
f 4040 4139 4140
f 4040 4140 4041
f 4041 4140 4141
f 4041 4141 4042
f 4042 4141 4142
f 4042 4142 4043
f 4043 4142 4143
f 4043 4143 4044
f 4044 4143 4144
f 4044 4144 4045
f 4045 4144 4145
f 4045 4145 4046
f 4046 4145 4146
f 4046 4146 4047
f 4047 4146 4147
f 4047 4147 4048
f 4048 4147 4148
f 4048 4148 4049
f 4049 4148 4149
f 4049 4149 4050
f 4050 4149 4150
f 4050 4150 4051
f 4051 4150 4151
f 4051 4151 4052
f 4052 4151 4152
f 4052 4152 4053
f 4053 4152 4153
f 4053 4153 4054
f 4054 4153 4154
f 4054 4154 4055
f 4055 4154 4155
f 4055 4155 4056
f 4056 4155 4156
f 4056 4156 4057
f 4057 4156 4157
f 4057 4157 4058
f 4058 4157 4158
f 4058 4158 4059
f 4059 4158 4159
f 4059 4159 4060
f 4060 4159 4160
f 4060 4160 4061
f 4061 4160 4161
f 4061 4161 4062
f 4062 4161 4162
f 4062 4162 4063
f 4063 4162 4163
f 4063 4163 4064
f 4064 4163 4164
f 4064 4164 4065
f 4065 4164 4165
f 4065 4165 4066
f 4066 4165 4166
f 4066 4166 4067
f 4067 4166 4167
f 4067 4167 4068
f 4068 4167 4168
f 4068 4168 4069
f 4069 4168 4169
f 4069 4169 4070
f 4070 4169 4170
f 4070 4170 4071
f 4071 4170 4171
f 4071 4171 4072
f 4072 4171 4172
f 4072 4172 4073
f 4073 4172 4173
f 4073 4173 4074
f 4074 4173 4174
f 4074 4174 4075
f 4075 4174 4175
f 4075 4175 4076
f 4076 4175 4176
f 4076 4176 4077
f 4077 4176 4177
f 4077 4177 4078
f 4078 4177 4178
f 4078 4178 4079
f 4079 4178 4179
f 4079 4179 4080
f 4080 4179 4180
f 4080 4180 4081
f 4081 4180 4181
f 4081 4181 4082
f 4082 4181 4182
f 4082 4182 4083
f 4083 4182 4183
f 4083 4183 4084
f 4084 4183 4184
f 4084 4184 4085
f 4085 4184 4185
f 4085 4185 4086
f 4086 4185 4186
f 4086 4186 4087
f 4087 4186 4187
f 4087 4187 4088
f 4088 4187 4188
f 4088 4188 4089
f 4089 4188 4189
f 4089 4189 4090
f 4090 4189 4190
f 4090 4190 4091
f 4091 4190 4191
f 4091 4191 4092
f 4092 4191 4192
f 4092 4192 4093
f 4093 4192 4193
f 4093 4193 4094
f 4094 4193 4194
f 4094 4194 4095
f 4095 4194 4195
f 4095 4195 4096
f 4096 4195 4196
f 4096 4196 4097
f 4097 4196 4197
f 4097 4197 4098
f 4098 4197 4198
f 4098 4198 4099
f 4099 4198 4199
f 4099 4199 4100
f 4100 4199 4200
f 4100 4200 4101
f 4101 4200 4201
f 4101 4201 4002
f 4002 4201 4102
f 4102 4202 4103
f 4103 4202 4203
f 4103 4203 4104
f 4104 4203 4204
f 4104 4204 4105
f 4105 4204 4205
f 4105 4205 4106
f 4106 4205 4206
f 4106 4206 4107
f 4107 4206 4207
f 4107 4207 4108
f 4108 4207 4208
f 4108 4208 4109
f 4109 4208 4209
f 4109 4209 4110
f 4110 4209 4210
f 4110 4210 4111
f 4111 4210 4211
f 4111 4211 4112
f 4112 4211 4212
f 4112 4212 4113
f 4113 4212 4213
f 4113 4213 4114
f 4114 4213 4214
f 4114 4214 4115
f 4115 4214 4215
f 4115 4215 4116
f 4116 4215 4216
f 4116 4216 4117
f 4117 4216 4217
f 4117 4217 4118
f 4118 4217 4218
f 4118 4218 4119
f 4119 4218 4219
f 4119 4219 4120
f 4120 4219 4220
f 4120 4220 4121
f 4121 4220 4221
f 4121 4221 4122
f 4122 4221 4222
f 4122 4222 4123
f 4123 4222 4223
f 4123 4223 4124
f 4124 4223 4224
f 4124 4224 4125
f 4125 4224 4225
f 4125 4225 4126
f 4126 4225 4226
f 4126 4226 4127
f 4127 4226 4227
f 4127 4227 4128
f 4128 4227 4228
f 4128 4228 4129
f 4129 4228 4229
f 4129 4229 4130
f 4130 4229 4230
f 4130 4230 4131
f 4131 4230 4231
f 4131 4231 4132
f 4132 4231 4232
f 4132 4232 4133
f 4133 4232 4233
f 4133 4233 4134
f 4134 4233 4234
f 4134 4234 4135
f 4135 4234 4235
f 4135 4235 4136
f 4136 4235 4236
f 4136 4236 4137
f 4137 4236 4237
f 4137 4237 4138
f 4138 4237 4238
f 4138 4238 4139
f 4139 4238 4239
f 4139 4239 4140
f 4140 4239 4240
f 4140 4240 4141
f 4141 4240 4241
f 4141 4241 4142
f 4142 4241 4242
f 4142 4242 4143
f 4143 4242 4243
f 4143 4243 4144
f 4144 4243 4244
f 4144 4244 4145
f 4145 4244 4245
f 4145 4245 4146
f 4146 4245 4246
f 4146 4246 4147
f 4147 4246 4247
f 4147 4247 4148
f 4148 4247 4248
f 4148 4248 4149
f 4149 4248 4249
f 4149 4249 4150
f 4150 4249 4250
f 4150 4250 4151
f 4151 4250 4251
f 4151 4251 4152
f 4152 4251 4252
f 4152 4252 4153
f 4153 4252 4253
f 4153 4253 4154
f 4154 4253 4254
f 4154 4254 4155
f 4155 4254 4255
f 4155 4255 4156
f 4156 4255 4256
f 4156 4256 4157
f 4157 4256 4257
f 4157 4257 4158
f 4158 4257 4258
f 4158 4258 4159
f 4159 4258 4259
f 4159 4259 4160
f 4160 4259 4260
f 4160 4260 4161
f 4161 4260 4261
f 4161 4261 4162
f 4162 4261 4262
f 4162 4262 4163
f 4163 4262 4263
f 4163 4263 4164
f 4164 4263 4264
f 4164 4264 4165
f 4165 4264 4265
f 4165 4265 4166
f 4166 4265 4266
f 4166 4266 4167
f 4167 4266 4267
f 4167 4267 4168
f 4168 4267 4268
f 4168 4268 4169
f 4169 4268 4269
f 4169 4269 4170
f 4170 4269 4270
f 4170 4270 4171
f 4171 4270 4271
f 4171 4271 4172
f 4172 4271 4272
f 4172 4272 4173
f 4173 4272 4273
f 4173 4273 4174
f 4174 4273 4274
f 4174 4274 4175
f 4175 4274 4275
f 4175 4275 4176
f 4176 4275 4276
f 4176 4276 4177
f 4177 4276 4277
f 4177 4277 4178
f 4178 4277 4278
f 4178 4278 4179
f 4179 4278 4279
f 4179 4279 4180
f 4180 4279 4280
f 4180 4280 4181
f 4181 4280 4281
f 4181 4281 4182
f 4182 4281 4282
f 4182 4282 4183
f 4183 4282 4283
f 4183 4283 4184
f 4184 4283 4284
f 4184 4284 4185
f 4185 4284 4285
f 4185 4285 4186
f 4186 4285 4286
f 4186 4286 4187
f 4187 4286 4287
f 4187 4287 4188
f 4188 4287 4288
f 4188 4288 4189
f 4189 4288 4289
f 4189 4289 4190
f 4190 4289 4290
f 4190 4290 4191
f 4191 4290 4291
f 4191 4291 4192
f 4192 4291 4292
f 4192 4292 4193
f 4193 4292 4293
f 4193 4293 4194
f 4194 4293 4294
f 4194 4294 4195
f 4195 4294 4295
f 4195 4295 4196
f 4196 4295 4296
f 4196 4296 4197
f 4197 4296 4297
f 4197 4297 4198
f 4198 4297 4298
f 4198 4298 4199
f 4199 4298 4299
f 4199 4299 4200
f 4200 4299 4300
f 4200 4300 4201
f 4201 4300 4301
f 4201 4301 4102
f 4102 4301 4202
f 4202 4302 4203
f 4203 4302 4303
f 4203 4303 4204
f 4204 4303 4304
f 4204 4304 4205
f 4205 4304 4305
f 4205 4305 4206
f 4206 4305 4306
f 4206 4306 4207
f 4207 4306 4307
f 4207 4307 4208
f 4208 4307 4308
f 4208 4308 4209
f 4209 4308 4309
f 4209 4309 4210
f 4210 4309 4310
f 4210 4310 4211
f 4211 4310 4311
f 4211 4311 4212
f 4212 4311 4312
f 4212 4312 4213
f 4213 4312 4313
f 4213 4313 4214
f 4214 4313 4314
f 4214 4314 4215
f 4215 4314 4315
f 4215 4315 4216
f 4216 4315 4316
f 4216 4316 4217
f 4217 4316 4317
f 4217 4317 4218
f 4218 4317 4318
f 4218 4318 4219
f 4219 4318 4319
f 4219 4319 4220
f 4220 4319 4320
f 4220 4320 4221
f 4221 4320 4321
f 4221 4321 4222
f 4222 4321 4322
f 4222 4322 4223
f 4223 4322 4323
f 4223 4323 4224
f 4224 4323 4324
f 4224 4324 4225
f 4225 4324 4325
f 4225 4325 4226
f 4226 4325 4326
f 4226 4326 4227
f 4227 4326 4327
f 4227 4327 4228
f 4228 4327 4328
f 4228 4328 4229
f 4229 4328 4329
f 4229 4329 4230
f 4230 4329 4330
f 4230 4330 4231
f 4231 4330 4331
f 4231 4331 4232
f 4232 4331 4332
f 4232 4332 4233
f 4233 4332 4333
f 4233 4333 4234
f 4234 4333 4334
f 4234 4334 4235
f 4235 4334 4335
f 4235 4335 4236
f 4236 4335 4336
f 4236 4336 4237
f 4237 4336 4337
f 4237 4337 4238
f 4238 4337 4338
f 4238 4338 4239
f 4239 4338 4339
f 4239 4339 4240
f 4240 4339 4340
f 4240 4340 4241
f 4241 4340 4341
f 4241 4341 4242
f 4242 4341 4342
f 4242 4342 4243
f 4243 4342 4343
f 4243 4343 4244
f 4244 4343 4344
f 4244 4344 4245
f 4245 4344 4345
f 4245 4345 4246
f 4246 4345 4346
f 4246 4346 4247
f 4247 4346 4347
f 4247 4347 4248
f 4248 4347 4348
f 4248 4348 4249
f 4249 4348 4349
f 4249 4349 4250
f 4250 4349 4350
f 4250 4350 4251
f 4251 4350 4351
f 4251 4351 4252
f 4252 4351 4352
f 4252 4352 4253
f 4253 4352 4353
f 4253 4353 4254
f 4254 4353 4354
f 4254 4354 4255
f 4255 4354 4355
f 4255 4355 4256
f 4256 4355 4356
f 4256 4356 4257
f 4257 4356 4357
f 4257 4357 4258
f 4258 4357 4358
f 4258 4358 4259
f 4259 4358 4359
f 4259 4359 4260
f 4260 4359 4360
f 4260 4360 4261
f 4261 4360 4361
f 4261 4361 4262
f 4262 4361 4362
f 4262 4362 4263
f 4263 4362 4363
f 4263 4363 4264
f 4264 4363 4364
f 4264 4364 4265
f 4265 4364 4365
f 4265 4365 4266
f 4266 4365 4366
f 4266 4366 4267
f 4267 4366 4367
f 4267 4367 4268
f 4268 4367 4368
f 4268 4368 4269
f 4269 4368 4369
f 4269 4369 4270
f 4270 4369 4370
f 4270 4370 4271
f 4271 4370 4371
f 4271 4371 4272
f 4272 4371 4372
f 4272 4372 4273
f 4273 4372 4373
f 4273 4373 4274
f 4274 4373 4374
f 4274 4374 4275
f 4275 4374 4375
f 4275 4375 4276
f 4276 4375 4376
f 4276 4376 4277
f 4277 4376 4377
f 4277 4377 4278
f 4278 4377 4378
f 4278 4378 4279
f 4279 4378 4379
f 4279 4379 4280
f 4280 4379 4380
f 4280 4380 4281
f 4281 4380 4381
f 4281 4381 4282
f 4282 4381 4382
f 4282 4382 4283
f 4283 4382 4383
f 4283 4383 4284
f 4284 4383 4384
f 4284 4384 4285
f 4285 4384 4385
f 4285 4385 4286
f 4286 4385 4386
f 4286 4386 4287
f 4287 4386 4387
f 4287 4387 4288
f 4288 4387 4388
f 4288 4388 4289
f 4289 4388 4389
f 4289 4389 4290
f 4290 4389 4390
f 4290 4390 4291
f 4291 4390 4391
f 4291 4391 4292
f 4292 4391 4392
f 4292 4392 4293
f 4293 4392 4393
f 4293 4393 4294
f 4294 4393 4394
f 4294 4394 4295
f 4295 4394 4395
f 4295 4395 4296
f 4296 4395 4396
f 4296 4396 4297
f 4297 4396 4397
f 4297 4397 4298
f 4298 4397 4398
f 4298 4398 4299
f 4299 4398 4399
f 4299 4399 4300
f 4300 4399 4400
f 4300 4400 4301
f 4301 4400 4401
f 4301 4401 4202
f 4202 4401 4302
f 4302 4402 4303
f 4303 4402 4403
f 4303 4403 4304
f 4304 4403 4404
f 4304 4404 4305
f 4305 4404 4405
f 4305 4405 4306
f 4306 4405 4406
f 4306 4406 4307
f 4307 4406 4407
f 4307 4407 4308
f 4308 4407 4408
f 4308 4408 4309
f 4309 4408 4409
f 4309 4409 4310
f 4310 4409 4410
f 4310 4410 4311
f 4311 4410 4411
f 4311 4411 4312
f 4312 4411 4412
f 4312 4412 4313
f 4313 4412 4413
f 4313 4413 4314
f 4314 4413 4414
f 4314 4414 4315
f 4315 4414 4415
f 4315 4415 4316
f 4316 4415 4416
f 4316 4416 4317
f 4317 4416 4417
f 4317 4417 4318
f 4318 4417 4418
f 4318 4418 4319
f 4319 4418 4419
f 4319 4419 4320
f 4320 4419 4420
f 4320 4420 4321
f 4321 4420 4421
f 4321 4421 4322
f 4322 4421 4422
f 4322 4422 4323
f 4323 4422 4423
f 4323 4423 4324
f 4324 4423 4424
f 4324 4424 4325
f 4325 4424 4425
f 4325 4425 4326
f 4326 4425 4426
f 4326 4426 4327
f 4327 4426 4427
f 4327 4427 4328
f 4328 4427 4428
f 4328 4428 4329
f 4329 4428 4429
f 4329 4429 4330
f 4330 4429 4430
f 4330 4430 4331
f 4331 4430 4431
f 4331 4431 4332
f 4332 4431 4432
f 4332 4432 4333
f 4333 4432 4433
f 4333 4433 4334
f 4334 4433 4434
f 4334 4434 4335
f 4335 4434 4435
f 4335 4435 4336
f 4336 4435 4436
f 4336 4436 4337
f 4337 4436 4437
f 4337 4437 4338
f 4338 4437 4438
f 4338 4438 4339
f 4339 4438 4439
f 4339 4439 4340
f 4340 4439 4440
f 4340 4440 4341
f 4341 4440 4441
f 4341 4441 4342
f 4342 4441 4442
f 4342 4442 4343
f 4343 4442 4443
f 4343 4443 4344
f 4344 4443 4444
f 4344 4444 4345
f 4345 4444 4445
f 4345 4445 4346
f 4346 4445 4446
f 4346 4446 4347
f 4347 4446 4447
f 4347 4447 4348
f 4348 4447 4448
f 4348 4448 4349
f 4349 4448 4449
f 4349 4449 4350
f 4350 4449 4450
f 4350 4450 4351
f 4351 4450 4451
f 4351 4451 4352
f 4352 4451 4452
f 4352 4452 4353
f 4353 4452 4453
f 4353 4453 4354
f 4354 4453 4454
f 4354 4454 4355
f 4355 4454 4455
f 4355 4455 4356
f 4356 4455 4456
f 4356 4456 4357
f 4357 4456 4457
f 4357 4457 4358
f 4358 4457 4458
f 4358 4458 4359
f 4359 4458 4459
f 4359 4459 4360
f 4360 4459 4460
f 4360 4460 4361
f 4361 4460 4461
f 4361 4461 4362
f 4362 4461 4462
f 4362 4462 4363
f 4363 4462 4463
f 4363 4463 4364
f 4364 4463 4464
f 4364 4464 4365
f 4365 4464 4465
f 4365 4465 4366
f 4366 4465 4466
f 4366 4466 4367
f 4367 4466 4467
f 4367 4467 4368
f 4368 4467 4468
f 4368 4468 4369
f 4369 4468 4469
f 4369 4469 4370
f 4370 4469 4470
f 4370 4470 4371
f 4371 4470 4471
f 4371 4471 4372
f 4372 4471 4472
f 4372 4472 4373
f 4373 4472 4473
f 4373 4473 4374
f 4374 4473 4474
f 4374 4474 4375
f 4375 4474 4475
f 4375 4475 4376
f 4376 4475 4476
f 4376 4476 4377
f 4377 4476 4477
f 4377 4477 4378
f 4378 4477 4478
f 4378 4478 4379
f 4379 4478 4479
f 4379 4479 4380
f 4380 4479 4480
f 4380 4480 4381
f 4381 4480 4481
f 4381 4481 4382
f 4382 4481 4482
f 4382 4482 4383
f 4383 4482 4483
f 4383 4483 4384
f 4384 4483 4484
f 4384 4484 4385
f 4385 4484 4485
f 4385 4485 4386
f 4386 4485 4486
f 4386 4486 4387
f 4387 4486 4487
f 4387 4487 4388
f 4388 4487 4488
f 4388 4488 4389
f 4389 4488 4489
f 4389 4489 4390
f 4390 4489 4490
f 4390 4490 4391
f 4391 4490 4491
f 4391 4491 4392
f 4392 4491 4492
f 4392 4492 4393
f 4393 4492 4493
f 4393 4493 4394
f 4394 4493 4494
f 4394 4494 4395
f 4395 4494 4495
f 4395 4495 4396
f 4396 4495 4496
f 4396 4496 4397
f 4397 4496 4497
f 4397 4497 4398
f 4398 4497 4498
f 4398 4498 4399
f 4399 4498 4499
f 4399 4499 4400
f 4400 4499 4500
f 4400 4500 4401
f 4401 4500 4501
f 4401 4501 4302
f 4302 4501 4402
f 4402 4502 4403
f 4403 4502 4503
f 4403 4503 4404
f 4404 4503 4504
f 4404 4504 4405
f 4405 4504 4505
f 4405 4505 4406
f 4406 4505 4506
f 4406 4506 4407
f 4407 4506 4507
f 4407 4507 4408
f 4408 4507 4508
f 4408 4508 4409
f 4409 4508 4509
f 4409 4509 4410
f 4410 4509 4510
f 4410 4510 4411
f 4411 4510 4511
f 4411 4511 4412
f 4412 4511 4512
f 4412 4512 4413
f 4413 4512 4513
f 4413 4513 4414
f 4414 4513 4514
f 4414 4514 4415
f 4415 4514 4515
f 4415 4515 4416
f 4416 4515 4516
f 4416 4516 4417
f 4417 4516 4517
f 4417 4517 4418
f 4418 4517 4518
f 4418 4518 4419
f 4419 4518 4519
f 4419 4519 4420
f 4420 4519 4520
f 4420 4520 4421
f 4421 4520 4521
f 4421 4521 4422
f 4422 4521 4522
f 4422 4522 4423
f 4423 4522 4523
f 4423 4523 4424
f 4424 4523 4524
f 4424 4524 4425
f 4425 4524 4525
f 4425 4525 4426
f 4426 4525 4526
f 4426 4526 4427
f 4427 4526 4527
f 4427 4527 4428
f 4428 4527 4528
f 4428 4528 4429
f 4429 4528 4529
f 4429 4529 4430
f 4430 4529 4530
f 4430 4530 4431
f 4431 4530 4531
f 4431 4531 4432
f 4432 4531 4532
f 4432 4532 4433
f 4433 4532 4533
f 4433 4533 4434
f 4434 4533 4534
f 4434 4534 4435
f 4435 4534 4535
f 4435 4535 4436
f 4436 4535 4536
f 4436 4536 4437
f 4437 4536 4537
f 4437 4537 4438
f 4438 4537 4538
f 4438 4538 4439
f 4439 4538 4539
f 4439 4539 4440
f 4440 4539 4540
f 4440 4540 4441
f 4441 4540 4541
f 4441 4541 4442
f 4442 4541 4542
f 4442 4542 4443
f 4443 4542 4543
f 4443 4543 4444
f 4444 4543 4544
f 4444 4544 4445
f 4445 4544 4545
f 4445 4545 4446
f 4446 4545 4546
f 4446 4546 4447
f 4447 4546 4547
f 4447 4547 4448
f 4448 4547 4548
f 4448 4548 4449
f 4449 4548 4549
f 4449 4549 4450
f 4450 4549 4550
f 4450 4550 4451
f 4451 4550 4551
f 4451 4551 4452
f 4452 4551 4552
f 4452 4552 4453
f 4453 4552 4553
f 4453 4553 4454
f 4454 4553 4554
f 4454 4554 4455
f 4455 4554 4555
f 4455 4555 4456
f 4456 4555 4556
f 4456 4556 4457
f 4457 4556 4557
f 4457 4557 4458
f 4458 4557 4558
f 4458 4558 4459
f 4459 4558 4559
f 4459 4559 4460
f 4460 4559 4560
f 4460 4560 4461
f 4461 4560 4561
f 4461 4561 4462
f 4462 4561 4562
f 4462 4562 4463
f 4463 4562 4563
f 4463 4563 4464
f 4464 4563 4564
f 4464 4564 4465
f 4465 4564 4565
f 4465 4565 4466
f 4466 4565 4566
f 4466 4566 4467
f 4467 4566 4567
f 4467 4567 4468
f 4468 4567 4568
f 4468 4568 4469
f 4469 4568 4569
f 4469 4569 4470
f 4470 4569 4570
f 4470 4570 4471
f 4471 4570 4571
f 4471 4571 4472
f 4472 4571 4572
f 4472 4572 4473
f 4473 4572 4573
f 4473 4573 4474
f 4474 4573 4574
f 4474 4574 4475
f 4475 4574 4575
f 4475 4575 4476
f 4476 4575 4576
f 4476 4576 4477
f 4477 4576 4577
f 4477 4577 4478
f 4478 4577 4578
f 4478 4578 4479
f 4479 4578 4579
f 4479 4579 4480
f 4480 4579 4580
f 4480 4580 4481
f 4481 4580 4581
f 4481 4581 4482
f 4482 4581 4582
f 4482 4582 4483
f 4483 4582 4583
f 4483 4583 4484
f 4484 4583 4584
f 4484 4584 4485
f 4485 4584 4585
f 4485 4585 4486
f 4486 4585 4586
f 4486 4586 4487
f 4487 4586 4587
f 4487 4587 4488
f 4488 4587 4588
f 4488 4588 4489
f 4489 4588 4589
f 4489 4589 4490
f 4490 4589 4590
f 4490 4590 4491
f 4491 4590 4591
f 4491 4591 4492
f 4492 4591 4592
f 4492 4592 4493
f 4493 4592 4593
f 4493 4593 4494
f 4494 4593 4594
f 4494 4594 4495
f 4495 4594 4595
f 4495 4595 4496
f 4496 4595 4596
f 4496 4596 4497
f 4497 4596 4597
f 4497 4597 4498
f 4498 4597 4598
f 4498 4598 4499
f 4499 4598 4599
f 4499 4599 4500
f 4500 4599 4600
f 4500 4600 4501
f 4501 4600 4601
f 4501 4601 4402
f 4402 4601 4502
f 4502 4602 4503
f 4503 4602 4603
f 4503 4603 4504
f 4504 4603 4604
f 4504 4604 4505
f 4505 4604 4605
f 4505 4605 4506
f 4506 4605 4606
f 4506 4606 4507
f 4507 4606 4607
f 4507 4607 4508
f 4508 4607 4608
f 4508 4608 4509
f 4509 4608 4609
f 4509 4609 4510
f 4510 4609 4610
f 4510 4610 4511
f 4511 4610 4611
f 4511 4611 4512
f 4512 4611 4612
f 4512 4612 4513
f 4513 4612 4613
f 4513 4613 4514
f 4514 4613 4614
f 4514 4614 4515
f 4515 4614 4615
f 4515 4615 4516
f 4516 4615 4616
f 4516 4616 4517
f 4517 4616 4617
f 4517 4617 4518
f 4518 4617 4618
f 4518 4618 4519
f 4519 4618 4619
f 4519 4619 4520
f 4520 4619 4620
f 4520 4620 4521
f 4521 4620 4621
f 4521 4621 4522
f 4522 4621 4622
f 4522 4622 4523
f 4523 4622 4623
f 4523 4623 4524
f 4524 4623 4624
f 4524 4624 4525
f 4525 4624 4625
f 4525 4625 4526
f 4526 4625 4626
f 4526 4626 4527
f 4527 4626 4627
f 4527 4627 4528
f 4528 4627 4628
f 4528 4628 4529
f 4529 4628 4629
f 4529 4629 4530
f 4530 4629 4630
f 4530 4630 4531
f 4531 4630 4631
f 4531 4631 4532
f 4532 4631 4632
f 4532 4632 4533
f 4533 4632 4633
f 4533 4633 4534
f 4534 4633 4634
f 4534 4634 4535
f 4535 4634 4635
f 4535 4635 4536
f 4536 4635 4636
f 4536 4636 4537
f 4537 4636 4637
f 4537 4637 4538
f 4538 4637 4638
f 4538 4638 4539
f 4539 4638 4639
f 4539 4639 4540
f 4540 4639 4640
f 4540 4640 4541
f 4541 4640 4641
f 4541 4641 4542
f 4542 4641 4642
f 4542 4642 4543
f 4543 4642 4643
f 4543 4643 4544
f 4544 4643 4644
f 4544 4644 4545
f 4545 4644 4645
f 4545 4645 4546
f 4546 4645 4646
f 4546 4646 4547
f 4547 4646 4647
f 4547 4647 4548
f 4548 4647 4648
f 4548 4648 4549
f 4549 4648 4649
f 4549 4649 4550
f 4550 4649 4650
f 4550 4650 4551
f 4551 4650 4651
f 4551 4651 4552
f 4552 4651 4652
f 4552 4652 4553
f 4553 4652 4653
f 4553 4653 4554
f 4554 4653 4654
f 4554 4654 4555
f 4555 4654 4655
f 4555 4655 4556
f 4556 4655 4656
f 4556 4656 4557
f 4557 4656 4657
f 4557 4657 4558
f 4558 4657 4658
f 4558 4658 4559
f 4559 4658 4659
f 4559 4659 4560
f 4560 4659 4660
f 4560 4660 4561
f 4561 4660 4661
f 4561 4661 4562
f 4562 4661 4662
f 4562 4662 4563
f 4563 4662 4663
f 4563 4663 4564
f 4564 4663 4664
f 4564 4664 4565
f 4565 4664 4665
f 4565 4665 4566
f 4566 4665 4666
f 4566 4666 4567
f 4567 4666 4667
f 4567 4667 4568
f 4568 4667 4668
f 4568 4668 4569
f 4569 4668 4669
f 4569 4669 4570
f 4570 4669 4670
f 4570 4670 4571
f 4571 4670 4671
f 4571 4671 4572
f 4572 4671 4672
f 4572 4672 4573
f 4573 4672 4673
f 4573 4673 4574
f 4574 4673 4674
f 4574 4674 4575
f 4575 4674 4675
f 4575 4675 4576
f 4576 4675 4676
f 4576 4676 4577
f 4577 4676 4677
f 4577 4677 4578
f 4578 4677 4678
f 4578 4678 4579
f 4579 4678 4679
f 4579 4679 4580
f 4580 4679 4680
f 4580 4680 4581
f 4581 4680 4681
f 4581 4681 4582
f 4582 4681 4682
f 4582 4682 4583
f 4583 4682 4683
f 4583 4683 4584
f 4584 4683 4684
f 4584 4684 4585
f 4585 4684 4685
f 4585 4685 4586
f 4586 4685 4686
f 4586 4686 4587
f 4587 4686 4687
f 4587 4687 4588
f 4588 4687 4688
f 4588 4688 4589
f 4589 4688 4689
f 4589 4689 4590
f 4590 4689 4690
f 4590 4690 4591
f 4591 4690 4691
f 4591 4691 4592
f 4592 4691 4692
f 4592 4692 4593
f 4593 4692 4693
f 4593 4693 4594
f 4594 4693 4694
f 4594 4694 4595
f 4595 4694 4695
f 4595 4695 4596
f 4596 4695 4696
f 4596 4696 4597
f 4597 4696 4697
f 4597 4697 4598
f 4598 4697 4698
f 4598 4698 4599
f 4599 4698 4699
f 4599 4699 4600
f 4600 4699 4700
f 4600 4700 4601
f 4601 4700 4701
f 4601 4701 4502
f 4502 4701 4602
f 4602 4702 4603
f 4603 4702 4703
f 4603 4703 4604
f 4604 4703 4704
f 4604 4704 4605
f 4605 4704 4705
f 4605 4705 4606
f 4606 4705 4706
f 4606 4706 4607
f 4607 4706 4707
f 4607 4707 4608
f 4608 4707 4708
f 4608 4708 4609
f 4609 4708 4709
f 4609 4709 4610
f 4610 4709 4710
f 4610 4710 4611
f 4611 4710 4711
f 4611 4711 4612
f 4612 4711 4712
f 4612 4712 4613
f 4613 4712 4713
f 4613 4713 4614
f 4614 4713 4714
f 4614 4714 4615
f 4615 4714 4715
f 4615 4715 4616
f 4616 4715 4716
f 4616 4716 4617
f 4617 4716 4717
f 4617 4717 4618
f 4618 4717 4718
f 4618 4718 4619
f 4619 4718 4719
f 4619 4719 4620
f 4620 4719 4720
f 4620 4720 4621
f 4621 4720 4721
f 4621 4721 4622
f 4622 4721 4722
f 4622 4722 4623
f 4623 4722 4723
f 4623 4723 4624
f 4624 4723 4724
f 4624 4724 4625
f 4625 4724 4725
f 4625 4725 4626
f 4626 4725 4726
f 4626 4726 4627
f 4627 4726 4727
f 4627 4727 4628
f 4628 4727 4728
f 4628 4728 4629
f 4629 4728 4729
f 4629 4729 4630
f 4630 4729 4730
f 4630 4730 4631
f 4631 4730 4731
f 4631 4731 4632
f 4632 4731 4732
f 4632 4732 4633
f 4633 4732 4733
f 4633 4733 4634
f 4634 4733 4734
f 4634 4734 4635
f 4635 4734 4735
f 4635 4735 4636
f 4636 4735 4736
f 4636 4736 4637
f 4637 4736 4737
f 4637 4737 4638
f 4638 4737 4738
f 4638 4738 4639
f 4639 4738 4739
f 4639 4739 4640
f 4640 4739 4740
f 4640 4740 4641
f 4641 4740 4741
f 4641 4741 4642
f 4642 4741 4742
f 4642 4742 4643
f 4643 4742 4743
f 4643 4743 4644
f 4644 4743 4744
f 4644 4744 4645
f 4645 4744 4745
f 4645 4745 4646
f 4646 4745 4746
f 4646 4746 4647
f 4647 4746 4747
f 4647 4747 4648
f 4648 4747 4748
f 4648 4748 4649
f 4649 4748 4749
f 4649 4749 4650
f 4650 4749 4750
f 4650 4750 4651
f 4651 4750 4751
f 4651 4751 4652
f 4652 4751 4752
f 4652 4752 4653
f 4653 4752 4753
f 4653 4753 4654
f 4654 4753 4754
f 4654 4754 4655
f 4655 4754 4755
f 4655 4755 4656
f 4656 4755 4756
f 4656 4756 4657
f 4657 4756 4757
f 4657 4757 4658
f 4658 4757 4758
f 4658 4758 4659
f 4659 4758 4759
f 4659 4759 4660
f 4660 4759 4760
f 4660 4760 4661
f 4661 4760 4761
f 4661 4761 4662
f 4662 4761 4762
f 4662 4762 4663
f 4663 4762 4763
f 4663 4763 4664
f 4664 4763 4764
f 4664 4764 4665
f 4665 4764 4765
f 4665 4765 4666
f 4666 4765 4766
f 4666 4766 4667
f 4667 4766 4767
f 4667 4767 4668
f 4668 4767 4768
f 4668 4768 4669
f 4669 4768 4769
f 4669 4769 4670
f 4670 4769 4770
f 4670 4770 4671
f 4671 4770 4771
f 4671 4771 4672
f 4672 4771 4772
f 4672 4772 4673
f 4673 4772 4773
f 4673 4773 4674
f 4674 4773 4774
f 4674 4774 4675
f 4675 4774 4775
f 4675 4775 4676
f 4676 4775 4776
f 4676 4776 4677
f 4677 4776 4777
f 4677 4777 4678
f 4678 4777 4778
f 4678 4778 4679
f 4679 4778 4779
f 4679 4779 4680
f 4680 4779 4780
f 4680 4780 4681
f 4681 4780 4781
f 4681 4781 4682
f 4682 4781 4782
f 4682 4782 4683
f 4683 4782 4783
f 4683 4783 4684
f 4684 4783 4784
f 4684 4784 4685
f 4685 4784 4785
f 4685 4785 4686
f 4686 4785 4786
f 4686 4786 4687
f 4687 4786 4787
f 4687 4787 4688
f 4688 4787 4788
f 4688 4788 4689
f 4689 4788 4789
f 4689 4789 4690
f 4690 4789 4790
f 4690 4790 4691
f 4691 4790 4791
f 4691 4791 4692
f 4692 4791 4792
f 4692 4792 4693
f 4693 4792 4793
f 4693 4793 4694
f 4694 4793 4794
f 4694 4794 4695
f 4695 4794 4795
f 4695 4795 4696
f 4696 4795 4796
f 4696 4796 4697
f 4697 4796 4797
f 4697 4797 4698
f 4698 4797 4798
f 4698 4798 4699
f 4699 4798 4799
f 4699 4799 4700
f 4700 4799 4800
f 4700 4800 4701
f 4701 4800 4801
f 4701 4801 4602
f 4602 4801 4702
f 4702 4802 4703
f 4703 4802 4704
f 4704 4802 4705
f 4705 4802 4706
f 4706 4802 4707
f 4707 4802 4708
f 4708 4802 4709
f 4709 4802 4710
f 4710 4802 4711
f 4711 4802 4712
f 4712 4802 4713
f 4713 4802 4714
f 4714 4802 4715
f 4715 4802 4716
f 4716 4802 4717
f 4717 4802 4718
f 4718 4802 4719
f 4719 4802 4720
f 4720 4802 4721
f 4721 4802 4722
f 4722 4802 4723
f 4723 4802 4724
f 4724 4802 4725
f 4725 4802 4726
f 4726 4802 4727
f 4727 4802 4728
f 4728 4802 4729
f 4729 4802 4730
f 4730 4802 4731
f 4731 4802 4732
f 4732 4802 4733
f 4733 4802 4734
f 4734 4802 4735
f 4735 4802 4736
f 4736 4802 4737
f 4737 4802 4738
f 4738 4802 4739
f 4739 4802 4740
f 4740 4802 4741
f 4741 4802 4742
f 4742 4802 4743
f 4743 4802 4744
f 4744 4802 4745
f 4745 4802 4746
f 4746 4802 4747
f 4747 4802 4748
f 4748 4802 4749
f 4749 4802 4750
f 4750 4802 4751
f 4751 4802 4752
f 4752 4802 4753
f 4753 4802 4754
f 4754 4802 4755
f 4755 4802 4756
f 4756 4802 4757
f 4757 4802 4758
f 4758 4802 4759
f 4759 4802 4760
f 4760 4802 4761
f 4761 4802 4762
f 4762 4802 4763
f 4763 4802 4764
f 4764 4802 4765
f 4765 4802 4766
f 4766 4802 4767
f 4767 4802 4768
f 4768 4802 4769
f 4769 4802 4770
f 4770 4802 4771
f 4771 4802 4772
f 4772 4802 4773
f 4773 4802 4774
f 4774 4802 4775
f 4775 4802 4776
f 4776 4802 4777
f 4777 4802 4778
f 4778 4802 4779
f 4779 4802 4780
f 4780 4802 4781
f 4781 4802 4782
f 4782 4802 4783
f 4783 4802 4784
f 4784 4802 4785
f 4785 4802 4786
f 4786 4802 4787
f 4787 4802 4788
f 4788 4802 4789
f 4789 4802 4790
f 4790 4802 4791
f 4791 4802 4792
f 4792 4802 4793
f 4793 4802 4794
f 4794 4802 4795
f 4795 4802 4796
f 4796 4802 4797
f 4797 4802 4798
f 4798 4802 4799
f 4799 4802 4800
f 4800 4802 4801
f 4801 4802 4702
