TITLE     = "Magnetic map of HD 179949, 2009-10-02, from 18 ESPaDOnS spectra (program hd-179949-2009-09)"
VARIABLES = "Longitude [Deg]" "Latitude [Deg]" "B<sub>R</sub> [G]" "B<sub>A</sub> [G]" "B<sub>M</sub> [G]"
ZONE I=73, J=37, K=1, ZONETYPE=Ordered
DATAPACKING=POINT
DT=(SINGLE SINGLE SINGLE SINGLE SINGLE)
      0.00000    -90.00000     -2.85568     -0.11567      0.02375
      5.00000    -90.00000     -2.85568     -0.11730      0.01358
     10.00000    -90.00000     -2.85568     -0.11803      0.00331
     15.00000    -90.00000     -2.85568     -0.11787     -0.00699
     20.00000    -90.00000     -2.85568     -0.11681     -0.01724
     25.00000    -90.00000     -2.85568     -0.11486     -0.02735
     30.00000    -90.00000     -2.85568     -0.11204     -0.03726
     35.00000    -90.00000     -2.85568     -0.10836     -0.04688
     40.00000    -90.00000     -2.85568     -0.10386     -0.05615
     45.00000    -90.00000     -2.85568     -0.09857     -0.06499
     50.00000    -90.00000     -2.85568     -0.09253     -0.07333
     55.00000    -90.00000     -2.85568     -0.08579     -0.08112
     60.00000    -90.00000     -2.85568     -0.07839     -0.08829
     65.00000    -90.00000     -2.85568     -0.07039     -0.09478
     70.00000    -90.00000     -2.85568     -0.06186     -0.10056
     75.00000    -90.00000     -2.85568     -0.05286     -0.10557
     80.00000    -90.00000     -2.85568     -0.04346     -0.10978
     85.00000    -90.00000     -2.85568     -0.03373     -0.11315
     90.00000    -90.00000     -2.85568     -0.02374     -0.11566
     95.00000    -90.00000     -2.85568     -0.01356     -0.11729
    100.00000    -90.00000     -2.85568     -0.00329     -0.11803
    105.00000    -90.00000     -2.85568      0.00701     -0.11787
    110.00000    -90.00000     -2.85568      0.01726     -0.11681
    115.00000    -90.00000     -2.85568      0.02737     -0.11486
    120.00000    -90.00000     -2.85568      0.03728     -0.11204
    125.00000    -90.00000     -2.85568      0.04690     -0.10837
    130.00000    -90.00000     -2.85568      0.05617     -0.10387
    135.00000    -90.00000     -2.85568      0.06501     -0.09858
    140.00000    -90.00000     -2.85568      0.07335     -0.09254
    145.00000    -90.00000     -2.85568      0.08114     -0.08580
    150.00000    -90.00000     -2.85568      0.08830     -0.07840
    155.00000    -90.00000     -2.85568      0.09480     -0.07041
    160.00000    -90.00000     -2.85568      0.10057     -0.06188
    165.00000    -90.00000     -2.85568      0.10558     -0.05288
    170.00000    -90.00000     -2.85568      0.10979     -0.04348
    175.00000    -90.00000     -2.85568      0.11316     -0.03374
    180.00000    -90.00000     -2.85568      0.11567     -0.02375
    185.00000    -90.00000     -2.85568      0.11730     -0.01358
    190.00000    -90.00000     -2.85568      0.11803     -0.00331
    195.00000    -90.00000     -2.85568      0.11787      0.00699
    200.00000    -90.00000     -2.85568      0.11681      0.01724
    205.00000    -90.00000     -2.85568      0.11486      0.02735
    210.00000    -90.00000     -2.85568      0.11204      0.03726
    215.00000    -90.00000     -2.85568      0.10836      0.04688
    220.00000    -90.00000     -2.85568      0.10386      0.05615
    225.00000    -90.00000     -2.85568      0.09857      0.06499
    230.00000    -90.00000     -2.85568      0.09253      0.07333
    235.00000    -90.00000     -2.85568      0.08579      0.08112
    240.00000    -90.00000     -2.85568      0.07839      0.08829
    245.00000    -90.00000     -2.85568      0.07040      0.09478
    250.00000    -90.00000     -2.85568      0.06187      0.10056
    255.00000    -90.00000     -2.85568      0.05286      0.10557
    260.00000    -90.00000     -2.85568      0.04346      0.10978
    265.00000    -90.00000     -2.85568      0.03373      0.11315
    270.00000    -90.00000     -2.85568      0.02374      0.11566
    275.00000    -90.00000     -2.85568      0.01356      0.11729
    280.00000    -90.00000     -2.85568      0.00329      0.11803
    285.00000    -90.00000     -2.85568     -0.00701      0.11787
    290.00000    -90.00000     -2.85568     -0.01726      0.11681
    295.00000    -90.00000     -2.85568     -0.02737      0.11486
    300.00000    -90.00000     -2.85568     -0.03728      0.11204
    305.00000    -90.00000     -2.85568     -0.04690      0.10837
    310.00000    -90.00000     -2.85568     -0.05617      0.10387
    315.00000    -90.00000     -2.85568     -0.06501      0.09858
    320.00000    -90.00000     -2.85568     -0.07335      0.09254
    325.00000    -90.00000     -2.85568     -0.08114      0.08580
    330.00000    -90.00000     -2.85568     -0.08830      0.07840
    335.00000    -90.00000     -2.85568     -0.09480      0.07041
    340.00000    -90.00000     -2.85568     -0.10057      0.06188
    345.00000    -90.00000     -2.85568     -0.10558      0.05288
    350.00000    -90.00000     -2.85568     -0.10979      0.04348
    355.00000    -90.00000     -2.85568     -0.11316      0.03374
    360.00000    -90.00000     -2.85568     -0.11567      0.02375
      0.00000    -85.00000     -2.81573     -0.09874      0.04847
      5.00000    -85.00000     -2.81995     -0.09796      0.03869
     10.00000    -85.00000     -2.82413     -0.09639      0.02912
     15.00000    -85.00000     -2.82823     -0.09406      0.01982
     20.00000    -85.00000     -2.83223     -0.09104      0.01085
     25.00000    -85.00000     -2.83609     -0.08736      0.00226
     30.00000    -85.00000     -2.83981     -0.08307     -0.00589
     35.00000    -85.00000     -2.84337     -0.07825     -0.01356
     40.00000    -85.00000     -2.84679     -0.07295     -0.02071
     45.00000    -85.00000     -2.85008     -0.06725     -0.02732
     50.00000    -85.00000     -2.85326     -0.06124     -0.03335
     55.00000    -85.00000     -2.85636     -0.05496     -0.03883
     60.00000    -85.00000     -2.85943     -0.04850     -0.04376
     65.00000    -85.00000     -2.86249     -0.04190     -0.04817
     70.00000    -85.00000     -2.86560     -0.03519     -0.05209
     75.00000    -85.00000     -2.86878     -0.02841     -0.05557
     80.00000    -85.00000     -2.87207     -0.02153     -0.05864
     85.00000    -85.00000     -2.87549     -0.01456     -0.06133
     90.00000    -85.00000     -2.87904     -0.00745     -0.06367
     95.00000    -85.00000     -2.88271     -0.00017     -0.06565
    100.00000    -85.00000     -2.88649      0.00733     -0.06726
    105.00000    -85.00000     -2.89033      0.01509     -0.06846
    110.00000    -85.00000     -2.89418      0.02314     -0.06918
    115.00000    -85.00000     -2.89797      0.03149     -0.06936
    120.00000    -85.00000     -2.90162      0.04012     -0.06891
    125.00000    -85.00000     -2.90504      0.04901     -0.06774
    130.00000    -85.00000     -2.90814      0.05808     -0.06577
    135.00000    -85.00000     -2.91083      0.06724     -0.06292
    140.00000    -85.00000     -2.91301      0.07637     -0.05913
    145.00000    -85.00000     -2.91462      0.08535     -0.05438
    150.00000    -85.00000     -2.91557      0.09404     -0.04866
    155.00000    -85.00000     -2.91582      0.10228     -0.04199
    160.00000    -85.00000     -2.91531      0.10993     -0.03442
    165.00000    -85.00000     -2.91402      0.11687     -0.02604
    170.00000    -85.00000     -2.91195      0.12299     -0.01692
    175.00000    -85.00000     -2.90911      0.12819     -0.00720
    180.00000    -85.00000     -2.90551      0.13240      0.00302
    185.00000    -85.00000     -2.90119      0.13559      0.01362
    190.00000    -85.00000     -2.89621      0.13773      0.02448
    195.00000    -85.00000     -2.89063      0.13882      0.03549
    200.00000    -85.00000     -2.88451      0.13886      0.04656
    205.00000    -85.00000     -2.87794      0.13787      0.05760
    210.00000    -85.00000     -2.87101      0.13586      0.06854
    215.00000    -85.00000     -2.86380      0.13286      0.07931
    220.00000    -85.00000     -2.85641      0.12887      0.08985
    225.00000    -85.00000     -2.84893      0.12391      0.10010
    230.00000    -85.00000     -2.84146      0.11798      0.10997
    235.00000    -85.00000     -2.83410      0.11109      0.11939
    240.00000    -85.00000     -2.82693      0.10325      0.12827
    245.00000    -85.00000     -2.82005      0.09450      0.13649
    250.00000    -85.00000     -2.81355      0.08487      0.14396
    255.00000    -85.00000     -2.80749      0.07443      0.15054
    260.00000    -85.00000     -2.80196      0.06326      0.15612
    265.00000    -85.00000     -2.79700      0.05147      0.16058
    270.00000    -85.00000     -2.79268      0.03921      0.16382
    275.00000    -85.00000     -2.78903      0.02663      0.16576
    280.00000    -85.00000     -2.78607      0.01391      0.16636
    285.00000    -85.00000     -2.78382      0.00123      0.16558
    290.00000    -85.00000     -2.78229     -0.01121      0.16345
    295.00000    -85.00000     -2.78145     -0.02324      0.16000
    300.00000    -85.00000     -2.78129     -0.03468      0.15532
    305.00000    -85.00000     -2.78178     -0.04539      0.14952
    310.00000    -85.00000     -2.78288     -0.05524      0.14271
    315.00000    -85.00000     -2.78455     -0.06415      0.13505
    320.00000    -85.00000     -2.78673     -0.07206      0.12666
    325.00000    -85.00000     -2.78936     -0.07892      0.11769
    330.00000    -85.00000     -2.79240     -0.08472      0.10828
    335.00000    -85.00000     -2.79578     -0.08949      0.09855
    340.00000    -85.00000     -2.79943     -0.09323      0.08861
    345.00000    -85.00000     -2.80332     -0.09599      0.07855
    350.00000    -85.00000     -2.80736     -0.09780      0.06847
    355.00000    -85.00000     -2.81152     -0.09870      0.05842
    360.00000    -85.00000     -2.81573     -0.09874      0.04847
      0.00000    -80.00000     -2.77650     -0.08130      0.08405
      5.00000    -80.00000     -2.78637     -0.07966      0.07504
     10.00000    -80.00000     -2.79589     -0.07740      0.06572
     15.00000    -80.00000     -2.80491     -0.07439      0.05612
     20.00000    -80.00000     -2.81324     -0.07048      0.04634
     25.00000    -80.00000     -2.82074     -0.06559      0.03658
     30.00000    -80.00000     -2.82727     -0.05969      0.02709
     35.00000    -80.00000     -2.83275     -0.05285      0.01816
     40.00000    -80.00000     -2.83713     -0.04523      0.01007
     45.00000    -80.00000     -2.84046     -0.03707      0.00305
     50.00000    -80.00000     -2.84285     -0.02868     -0.00272
     55.00000    -80.00000     -2.84449     -0.02040     -0.00717
     60.00000    -80.00000     -2.84563     -0.01255     -0.01036
     65.00000    -80.00000     -2.84659     -0.00543     -0.01240
     70.00000    -80.00000     -2.84771      0.00078     -0.01355
     75.00000    -80.00000     -2.84935      0.00595     -0.01409
     80.00000    -80.00000     -2.85186      0.01013     -0.01434
     85.00000    -80.00000     -2.85552      0.01345     -0.01462
     90.00000    -80.00000     -2.86055      0.01618     -0.01520
     95.00000    -80.00000     -2.86709      0.01865     -0.01625
    100.00000    -80.00000     -2.87513      0.02127     -0.01786
    105.00000    -80.00000     -2.88458      0.02444     -0.01997
    110.00000    -80.00000     -2.89523      0.02854     -0.02244
    115.00000    -80.00000     -2.90675      0.03386     -0.02500
    120.00000    -80.00000     -2.91875      0.04059     -0.02730
    125.00000    -80.00000     -2.93078      0.04879     -0.02896
    130.00000    -80.00000     -2.94236      0.05836     -0.02960
    135.00000    -80.00000     -2.95301      0.06908     -0.02888
    140.00000    -80.00000     -2.96231      0.08059     -0.02653
    145.00000    -80.00000     -2.96987      0.09247     -0.02241
    150.00000    -80.00000     -2.97539      0.10424     -0.01648
    155.00000    -80.00000     -2.97866      0.11541     -0.00885
    160.00000    -80.00000     -2.97957      0.12553      0.00025
    165.00000    -80.00000     -2.97809      0.13424      0.01049
    170.00000    -80.00000     -2.97426      0.14129      0.02149
    175.00000    -80.00000     -2.96821      0.14656      0.03283
    180.00000    -80.00000     -2.96010      0.15004      0.04410
    185.00000    -80.00000     -2.95012      0.15187      0.05496
    190.00000    -80.00000     -2.93850      0.15228      0.06516
    195.00000    -80.00000     -2.92543      0.15154      0.07457
    200.00000    -80.00000     -2.91115      0.14996      0.08317
    205.00000    -80.00000     -2.89586      0.14784      0.09106
    210.00000    -80.00000     -2.87974      0.14541      0.09845
    215.00000    -80.00000     -2.86299      0.14280      0.10563
    220.00000    -80.00000     -2.84581      0.14005      0.11288
    225.00000    -80.00000     -2.82838      0.13707      0.12049
    230.00000    -80.00000     -2.81091      0.13367      0.12869
    235.00000    -80.00000     -2.79361      0.12959      0.13760
    240.00000    -80.00000     -2.77673      0.12451      0.14722
    245.00000    -80.00000     -2.76050      0.11812      0.15740
    250.00000    -80.00000     -2.74518      0.11013      0.16788
    255.00000    -80.00000     -2.73100      0.10037      0.17825
    260.00000    -80.00000     -2.71820      0.08877      0.18804
    265.00000    -80.00000     -2.70699      0.07540      0.19675
    270.00000    -80.00000     -2.69753      0.06050      0.20388
    275.00000    -80.00000     -2.68995      0.04442      0.20900
    280.00000    -80.00000     -2.68432      0.02764      0.21180
    285.00000    -80.00000     -2.68065      0.01070      0.21210
    290.00000    -80.00000     -2.67891     -0.00584      0.20989
    295.00000    -80.00000     -2.67901     -0.02142      0.20530
    300.00000    -80.00000     -2.68082     -0.03559      0.19863
    305.00000    -80.00000     -2.68418     -0.04799      0.19026
    310.00000    -80.00000     -2.68892     -0.05840      0.18065
    315.00000    -80.00000     -2.69484     -0.06677      0.17028
    320.00000    -80.00000     -2.70179     -0.07315      0.15958
    325.00000    -80.00000     -2.70957     -0.07772      0.14893
    330.00000    -80.00000     -2.71805     -0.08076      0.13858
    335.00000    -80.00000     -2.72709     -0.08256      0.12868
    340.00000    -80.00000     -2.73656     -0.08341      0.11926
    345.00000    -80.00000     -2.74635     -0.08357      0.11025
    350.00000    -80.00000     -2.75636     -0.08323      0.10150
    355.00000    -80.00000     -2.76645     -0.08247      0.09282
    360.00000    -80.00000     -2.77650     -0.08130      0.08405
      0.00000    -75.00000     -2.71775     -0.06393      0.14127
      5.00000    -75.00000     -2.73583     -0.06520      0.13412
     10.00000    -75.00000     -2.75407     -0.06611      0.12447
     15.00000    -75.00000     -2.77199     -0.06585      0.11227
     20.00000    -75.00000     -2.78899     -0.06368      0.09781
     25.00000    -75.00000     -2.80441     -0.05902      0.08175
     30.00000    -75.00000     -2.81757     -0.05157      0.06496
     35.00000    -75.00000     -2.82790     -0.04135      0.04847
     40.00000    -75.00000     -2.83494     -0.02872      0.03331
     45.00000    -75.00000     -2.83849     -0.01436      0.02041
     50.00000    -75.00000     -2.83858      0.00083      0.01048
     55.00000    -75.00000     -2.83558      0.01581      0.00391
     60.00000    -75.00000     -2.83012      0.02953      0.00078
     65.00000    -75.00000     -2.82311      0.04103      0.00081
     70.00000    -75.00000     -2.81565      0.04959      0.00340
     75.00000    -75.00000     -2.80895      0.05482      0.00775
     80.00000    -75.00000     -2.80422      0.05666      0.01292
     85.00000    -75.00000     -2.80257      0.05544      0.01796
     90.00000    -75.00000     -2.80491      0.05184      0.02203
     95.00000    -75.00000     -2.81180      0.04681      0.02449
    100.00000    -75.00000     -2.82350      0.04146      0.02499
    105.00000    -75.00000     -2.83981      0.03698      0.02350
    110.00000    -75.00000     -2.86019      0.03445      0.02032
    115.00000    -75.00000     -2.88374      0.03478      0.01603
    120.00000    -75.00000     -2.90928      0.03856      0.01142
    125.00000    -75.00000     -2.93550      0.04603      0.00742
    130.00000    -75.00000     -2.96099      0.05703      0.00495
    135.00000    -75.00000     -2.98444      0.07105      0.00482
    140.00000    -75.00000     -3.00468      0.08722      0.00762
    145.00000    -75.00000     -3.02078      0.10447      0.01368
    150.00000    -75.00000     -3.03212      0.12161      0.02296
    155.00000    -75.00000     -3.03840      0.13744      0.03509
    160.00000    -75.00000     -3.03960      0.15092      0.04940
    165.00000    -75.00000     -3.03600      0.16122      0.06496
    170.00000    -75.00000     -3.02806      0.16785      0.08069
    175.00000    -75.00000     -3.01638      0.17067      0.09549
    180.00000    -75.00000     -3.00161      0.16993      0.10837
    185.00000    -75.00000     -2.98438      0.16619      0.11850
    190.00000    -75.00000     -2.96524      0.16031      0.12540
    195.00000    -75.00000     -2.94463      0.15329      0.12892
    200.00000    -75.00000     -2.92287      0.14617      0.12933
    205.00000    -75.00000     -2.90012      0.13993      0.12724
    210.00000    -75.00000     -2.87648      0.13534      0.12360
    215.00000    -75.00000     -2.85195      0.13285      0.11957
    220.00000    -75.00000     -2.82656      0.13258      0.11638
    225.00000    -75.00000     -2.80033      0.13427      0.11523
    230.00000    -75.00000     -2.77339      0.13727      0.11711
    235.00000    -75.00000     -2.74596      0.14068      0.12270
    240.00000    -75.00000     -2.71839      0.14337      0.13229
    245.00000    -75.00000     -2.69113      0.14419      0.14568
    250.00000    -75.00000     -2.66474      0.14206      0.16224
    255.00000    -75.00000     -2.63986      0.13616      0.18092
    260.00000    -75.00000     -2.61710      0.12596      0.20040
    265.00000    -75.00000     -2.59709      0.11140      0.21920
    270.00000    -75.00000     -2.58032      0.09283      0.23583
    275.00000    -75.00000     -2.56717      0.07105      0.24900
    280.00000    -75.00000     -2.55787      0.04719      0.25771
    285.00000    -75.00000     -2.55246      0.02260      0.26141
    290.00000    -75.00000     -2.55078     -0.00129      0.26001
    295.00000    -75.00000     -2.55255     -0.02314      0.25392
    300.00000    -75.00000     -2.55733     -0.04182      0.24395
    305.00000    -75.00000     -2.56465     -0.05657      0.23123
    310.00000    -75.00000     -2.57399     -0.06704      0.21705
    315.00000    -75.00000     -2.58487     -0.07331      0.20271
    320.00000    -75.00000     -2.59687     -0.07587      0.18934
    325.00000    -75.00000     -2.60971     -0.07551      0.17778
    330.00000    -75.00000     -2.62319     -0.07321      0.16852
    335.00000    -75.00000     -2.63725     -0.07000      0.16160
    340.00000    -75.00000     -2.65191     -0.06683      0.15668
    345.00000    -75.00000     -2.66725     -0.06440      0.15309
    350.00000    -75.00000     -2.68333     -0.06312      0.14995
    355.00000    -75.00000     -2.70019     -0.06305      0.14631
    360.00000    -75.00000     -2.71775     -0.06393      0.14127
      0.00000    -70.00000     -2.61499     -0.04813      0.22674
      5.00000    -70.00000     -2.64417     -0.05758      0.22288
     10.00000    -70.00000     -2.67613     -0.06683      0.21219
     15.00000    -70.00000     -2.70983     -0.07382      0.19454
     20.00000    -70.00000     -2.74380     -0.07668      0.17062
     25.00000    -70.00000     -2.77625     -0.07395      0.14192
     30.00000    -70.00000     -2.80525     -0.06487      0.11048
     35.00000    -70.00000     -2.82892     -0.04941      0.07868
     40.00000    -70.00000     -2.84564     -0.02833      0.04892
     45.00000    -70.00000     -2.85433     -0.00308      0.02336
     50.00000    -70.00000     -2.85451      0.02436      0.00370
     55.00000    -70.00000     -2.84650      0.05171     -0.00903
     60.00000    -70.00000     -2.83141      0.07667     -0.01453
     65.00000    -70.00000     -2.81106      0.09714     -0.01325
     70.00000    -70.00000     -2.78788      0.11154     -0.00630
     75.00000    -70.00000     -2.76468      0.11892      0.00473
     80.00000    -70.00000     -2.74440      0.11911      0.01792
     85.00000    -70.00000     -2.72978      0.11272      0.03133
     90.00000    -70.00000     -2.72311      0.10109      0.04322
     95.00000    -70.00000     -2.72602      0.08609      0.05221
    100.00000    -70.00000     -2.73922      0.06999      0.05750
    105.00000    -70.00000     -2.76251      0.05513      0.05890
    110.00000    -70.00000     -2.79475      0.04370      0.05689
    115.00000    -70.00000     -2.83396      0.03749      0.05247
    120.00000    -70.00000     -2.87755      0.03768      0.04709
    125.00000    -70.00000     -2.92257      0.04475      0.04238
    130.00000    -70.00000     -2.96600      0.05838      0.04002
    135.00000    -70.00000     -3.00503      0.07754      0.04141
    140.00000    -70.00000     -3.03736      0.10061      0.04758
    145.00000    -70.00000     -3.06131      0.12550      0.05895
    150.00000    -70.00000     -3.07599      0.14995      0.07531
    155.00000    -70.00000     -3.08132      0.17174      0.09582
    160.00000    -70.00000     -3.07791      0.18896      0.11903
    165.00000    -70.00000     -3.06696      0.20014      0.14308
    170.00000    -70.00000     -3.05003      0.20450      0.16585
    175.00000    -70.00000     -3.02886      0.20194      0.18522
    180.00000    -70.00000     -3.00510      0.19312      0.19929
    185.00000    -70.00000     -2.98019      0.17934      0.20663
    190.00000    -70.00000     -2.95515      0.16240      0.20640
    195.00000    -70.00000     -2.93056      0.14444      0.19855
    200.00000    -70.00000     -2.90654      0.12766      0.18384
    205.00000    -70.00000     -2.88278      0.11410      0.16377
    210.00000    -70.00000     -2.85866      0.10541      0.14050
    215.00000    -70.00000     -2.83342      0.10260      0.11666
    220.00000    -70.00000     -2.80627      0.10597      0.09506
    225.00000    -70.00000     -2.77655      0.11500      0.07842
    230.00000    -70.00000     -2.74391      0.12840      0.06907
    235.00000    -70.00000     -2.70832      0.14425      0.06865
    240.00000    -70.00000     -2.67019      0.16016      0.07795
    245.00000    -70.00000     -2.63032      0.17359      0.09675
    250.00000    -70.00000     -2.58986      0.18211      0.12380
    255.00000    -70.00000     -2.55020      0.18374      0.15699
    260.00000    -70.00000     -2.51286      0.17718      0.19349
    265.00000    -70.00000     -2.47931      0.16202      0.23008
    270.00000    -70.00000     -2.45086      0.13878      0.26354
    275.00000    -70.00000     -2.42849      0.10890      0.29099
    280.00000    -70.00000     -2.41279      0.07460      0.31024
    285.00000    -70.00000     -2.40389      0.03856      0.32002
    290.00000    -70.00000     -2.40146      0.00366      0.32014
    295.00000    -70.00000     -2.40476     -0.02740      0.31148
    300.00000    -70.00000     -2.41277     -0.05243      0.29586
    305.00000    -70.00000     -2.42428     -0.07000      0.27575
    310.00000    -70.00000     -2.43806     -0.07960      0.25401
    315.00000    -70.00000     -2.45303     -0.08166      0.23341
    320.00000    -70.00000     -2.46837     -0.07746      0.21634
    325.00000    -70.00000     -2.48359     -0.06895      0.20449
    330.00000    -70.00000     -2.49863     -0.05841      0.19864
    335.00000    -70.00000     -2.51377     -0.04815      0.19858
    340.00000    -70.00000     -2.52961     -0.04017      0.20321
    345.00000    -70.00000     -2.54693     -0.03591      0.21067
    350.00000    -70.00000     -2.56654     -0.03605      0.21866
    355.00000    -70.00000     -2.58910     -0.04043      0.22476
    360.00000    -70.00000     -2.61499     -0.04813      0.22674
      0.00000    -65.00000     -2.44782     -0.03590      0.34198
      5.00000    -65.00000     -2.49072     -0.05924      0.34210
     10.00000    -65.00000     -2.54203     -0.08214      0.32900
     15.00000    -65.00000     -2.59997     -0.10072      0.30251
     20.00000    -65.00000     -2.66175     -0.11152      0.26403
     25.00000    -65.00000     -2.72370     -0.11195      0.21630
     30.00000    -65.00000     -2.78168     -0.10066      0.16311
     35.00000    -65.00000     -2.83149     -0.07771      0.10873
     40.00000    -65.00000     -2.86937     -0.04453      0.05749
     45.00000    -65.00000     -2.89240     -0.00376      0.01326
     50.00000    -65.00000     -2.89894      0.04106     -0.02095
     55.00000    -65.00000     -2.88884      0.08592     -0.04328
     60.00000    -65.00000     -2.86361      0.12681     -0.05314
     65.00000    -65.00000     -2.82627      0.16016     -0.05124
     70.00000    -65.00000     -2.78116      0.18326     -0.03939
     75.00000    -65.00000     -2.73352      0.19456     -0.02024
     80.00000    -65.00000     -2.68894      0.19380      0.00307
     85.00000    -65.00000     -2.65282      0.18204      0.02732
     90.00000    -65.00000     -2.62973      0.16152      0.04961
     95.00000    -65.00000     -2.62298      0.13540      0.06767
    100.00000    -65.00000     -2.63420      0.10737      0.08015
    105.00000    -65.00000     -2.66318      0.08124      0.08671
    110.00000    -65.00000     -2.70788      0.06050      0.08801
    115.00000    -65.00000     -2.76469      0.04794      0.08560
    120.00000    -65.00000     -2.82882      0.04534      0.08168
    125.00000    -65.00000     -2.89486      0.05329      0.07874
    130.00000    -65.00000     -2.95737      0.07116      0.07924
    135.00000    -65.00000     -3.01144      0.09717      0.08523
    140.00000    -65.00000     -3.05325      0.12863      0.09807
    145.00000    -65.00000     -3.08038      0.16223      0.11820
    150.00000    -65.00000     -3.09197      0.19446      0.14505
    155.00000    -65.00000     -3.08873      0.22192      0.17704
    160.00000    -65.00000     -3.07271      0.24177      0.21175
    165.00000    -65.00000     -3.04695      0.25196      0.24612
    170.00000    -65.00000     -3.01502      0.25148      0.27678
    175.00000    -65.00000     -2.98056      0.24041      0.30043
    180.00000    -65.00000     -2.94681      0.21999      0.31416
    185.00000    -65.00000     -2.91626      0.19240      0.31583
    190.00000    -65.00000     -2.89041      0.16064      0.30435
    195.00000    -65.00000     -2.86964      0.12817      0.27982
    200.00000    -65.00000     -2.85330      0.09855      0.24367
    205.00000    -65.00000     -2.83983      0.07512      0.19857
    210.00000    -65.00000     -2.82708      0.06060      0.14825
    215.00000    -65.00000     -2.81259      0.05675      0.09725
    220.00000    -65.00000     -2.79397      0.06418      0.05044
    225.00000    -65.00000     -2.76920      0.08215      0.01257
    230.00000    -65.00000     -2.73691      0.10868     -0.01220
    235.00000    -65.00000     -2.69660      0.14063     -0.02083
    240.00000    -65.00000     -2.64865      0.17405     -0.01176
    245.00000    -65.00000     -2.59439      0.20460      0.01483
    250.00000    -65.00000     -2.53592      0.22805      0.05698
    255.00000    -65.00000     -2.47595      0.24080      0.11108
    260.00000    -65.00000     -2.41748      0.24040      0.17222
    265.00000    -65.00000     -2.36353      0.22581      0.23474
    270.00000    -65.00000     -2.31680      0.19768      0.29286
    275.00000    -65.00000     -2.27940      0.15822      0.34137
    280.00000    -65.00000     -2.25265      0.11104      0.37623
    285.00000    -65.00000     -2.23690      0.06063      0.39511
    290.00000    -65.00000     -2.23160      0.01186      0.39760
    295.00000    -65.00000     -2.23533     -0.03071      0.38527
    300.00000    -65.00000     -2.24603     -0.06340      0.36138
    305.00000    -65.00000     -2.26129     -0.08388      0.33048
    310.00000    -65.00000     -2.27865     -0.09146      0.29771
    315.00000    -65.00000     -2.29596     -0.08716      0.26808
    320.00000    -65.00000     -2.31169     -0.07347      0.24585
    325.00000    -65.00000     -2.32507     -0.05400      0.23391
    330.00000    -65.00000     -2.33625     -0.03293      0.23344
    335.00000    -65.00000     -2.34626     -0.01438      0.24380
    340.00000    -65.00000     -2.35683     -0.00179      0.26266
    345.00000    -65.00000     -2.37014      0.00249      0.28636
    350.00000    -65.00000     -2.38849     -0.00243      0.31047
    355.00000    -65.00000     -2.41391     -0.01591      0.33039
    360.00000    -65.00000     -2.44782     -0.03590      0.34198
      0.00000    -60.00000     -2.20739     -0.02931      0.48370
      5.00000    -60.00000     -2.26630     -0.07147      0.48622
     10.00000    -60.00000     -2.34236     -0.11221      0.46763
     15.00000    -60.00000     -2.43296     -0.14539      0.42797
     20.00000    -60.00000     -2.53353     -0.16570      0.36970
     25.00000    -60.00000     -2.63787     -0.16935      0.29734
     30.00000    -60.00000     -2.73877     -0.15453      0.21683
     35.00000    -60.00000     -2.82872     -0.12162      0.13483
     40.00000    -60.00000     -2.90076     -0.07310      0.05792
     45.00000    -60.00000     -2.94927     -0.01323     -0.00813
     50.00000    -60.00000     -2.97062      0.05251     -0.05890
     55.00000    -60.00000     -2.96376      0.11803     -0.09176
     60.00000    -60.00000     -2.93035      0.17740     -0.10597
     65.00000    -60.00000     -2.87480      0.22546     -0.10270
     70.00000    -60.00000     -2.80379      0.25841     -0.08468
     75.00000    -60.00000     -2.72569      0.27421     -0.05585
     80.00000    -60.00000     -2.64964      0.27275     -0.02077
     85.00000    -60.00000     -2.58456      0.25581      0.01593
     90.00000    -60.00000     -2.53818      0.22682      0.05012
     95.00000    -60.00000     -2.51612      0.19042      0.07865
    100.00000    -60.00000     -2.52127      0.15190      0.09965
    105.00000    -60.00000     -2.55342      0.11659      0.11270
    110.00000    -60.00000     -2.60939      0.08920      0.11881
    115.00000    -60.00000     -2.68335      0.07334      0.12015
    120.00000    -60.00000     -2.76758      0.07108      0.11975
    125.00000    -60.00000     -2.85345      0.08282      0.12096
    130.00000    -60.00000     -2.93242      0.10723      0.12698
    135.00000    -60.00000     -2.99707      0.14151      0.14037
    140.00000    -60.00000     -3.04193      0.18170      0.16267
    145.00000    -60.00000     -3.06406      0.22320      0.19410
    150.00000    -60.00000     -3.06319      0.26130      0.23352
    155.00000    -60.00000     -3.04167      0.29166      0.27844
    160.00000    -60.00000     -3.00396      0.31079      0.32533
    165.00000    -60.00000     -2.95591      0.31638      0.36987
    170.00000    -60.00000     -2.90401      0.30751      0.40747
    175.00000    -60.00000     -2.85443      0.28473      0.43371
    180.00000    -60.00000     -2.81236      0.24997      0.44482
    185.00000    -60.00000     -2.78135      0.20639      0.43808
    190.00000    -60.00000     -2.76306      0.15807      0.41220
    195.00000    -60.00000     -2.75710      0.10967      0.36756
    200.00000    -60.00000     -2.76127      0.06600      0.30630
    205.00000    -60.00000     -2.77190      0.03157      0.23229
    210.00000    -60.00000     -2.78435      0.01011      0.15089
    215.00000    -60.00000     -2.79364      0.00422      0.06863
    220.00000    -60.00000     -2.79503      0.01490     -0.00738
    225.00000    -60.00000     -2.78454      0.04146     -0.07006
    230.00000    -60.00000     -2.75941      0.08134     -0.11311
    235.00000    -60.00000     -2.71837      0.13036     -0.13174
    240.00000    -60.00000     -2.66179      0.18302     -0.12327
    245.00000    -60.00000     -2.59163      0.23307     -0.08757
    250.00000    -60.00000     -2.51127      0.27425     -0.02727
    255.00000    -60.00000     -2.42516      0.30105      0.05243
    260.00000    -60.00000     -2.33838      0.30946      0.14423
    265.00000    -60.00000     -2.25609      0.29753      0.23946
    270.00000    -60.00000     -2.18305      0.26577      0.32916
    275.00000    -60.00000     -2.12308      0.21714      0.40508
    280.00000    -60.00000     -2.07867      0.15670      0.46076
    285.00000    -60.00000     -2.05076      0.09103      0.49232
    290.00000    -60.00000     -2.03860      0.02731      0.49893
    295.00000    -60.00000     -2.03998     -0.02766      0.48292
    300.00000    -60.00000     -2.05150     -0.06839      0.44937
    305.00000    -60.00000     -2.06905     -0.09146      0.40537
    310.00000    -60.00000     -2.08845     -0.09600      0.35901
    315.00000    -60.00000     -2.10600     -0.08376      0.31817
    320.00000    -60.00000     -2.11902     -0.05880      0.28947
    325.00000    -60.00000     -2.12631     -0.02684      0.27731
    330.00000    -60.00000     -2.12827      0.00560      0.28333
    335.00000    -60.00000     -2.12695      0.03223      0.30624
    340.00000    -60.00000     -2.12573      0.04789      0.34209
    345.00000    -60.00000     -2.12889      0.04931      0.38487
    350.00000    -60.00000     -2.14096      0.03556      0.42745
    355.00000    -60.00000     -2.16610      0.00813      0.46253
    360.00000    -60.00000     -2.20739     -0.02931      0.48370
      0.00000    -55.00000     -1.90033     -0.03001      0.64505
      5.00000    -55.00000     -1.97815     -0.09418      0.64458
     10.00000    -55.00000     -2.08395     -0.15485      0.61456
     15.00000    -55.00000     -2.21421     -0.20347      0.55573
     20.00000    -55.00000     -2.36232     -0.23289      0.47217
     25.00000    -55.00000     -2.51912     -0.23831      0.37061
     30.00000    -55.00000     -2.67376     -0.21777      0.25958
     35.00000    -55.00000     -2.81478     -0.17242      0.14829
     40.00000    -55.00000     -2.93138     -0.10620      0.04561
     45.00000    -55.00000     -3.01457     -0.02535     -0.04092
     50.00000    -55.00000     -3.05827      0.06240     -0.10578
     55.00000    -55.00000     -3.06006      0.14883     -0.14593
     60.00000    -55.00000     -3.02164      0.22610     -0.16092
     65.00000    -55.00000     -2.94875      0.28770     -0.15274
     70.00000    -55.00000     -2.85069      0.32907     -0.12542
     75.00000    -55.00000     -2.73934      0.34811     -0.08438
     80.00000    -55.00000     -2.62793      0.34527     -0.03575
     85.00000    -55.00000     -2.52950      0.32347      0.01444
     90.00000    -55.00000     -2.45543      0.28760      0.06093
     95.00000    -55.00000     -2.41405      0.24394      0.09984
    100.00000    -55.00000     -2.40969      0.19934      0.12902
    105.00000    -55.00000     -2.44214      0.16038      0.14823
    110.00000    -55.00000     -2.50674      0.13260      0.15900
    115.00000    -55.00000     -2.59500      0.11987      0.16433
    120.00000    -55.00000     -2.69577      0.12394      0.16810
    125.00000    -55.00000     -2.79670      0.14436      0.17451
    130.00000    -55.00000     -2.88583      0.17859      0.18738
    135.00000    -55.00000     -2.95317      0.22240      0.20956
    140.00000    -55.00000     -2.99185      0.27045      0.24248
    145.00000    -55.00000     -2.99889      0.31697      0.28591
    150.00000    -55.00000     -2.97545      0.35641      0.33791
    155.00000    -55.00000     -2.92642      0.38409      0.39499
    160.00000    -55.00000     -2.85957      0.39656      0.45250
    165.00000    -55.00000     -2.78442      0.39199      0.50507
    170.00000    -55.00000     -2.71086      0.37017      0.54713
    175.00000    -55.00000     -2.64788      0.33250      0.57349
    180.00000    -55.00000     -2.60248      0.28179      0.57983
    185.00000    -55.00000     -2.57889      0.22202      0.56317
    190.00000    -55.00000     -2.57826      0.15802      0.52219
    195.00000    -55.00000     -2.59870      0.09510      0.45750
    200.00000    -55.00000     -2.63566      0.03872      0.37181
    205.00000    -55.00000     -2.68261     -0.00597      0.26985
    210.00000    -55.00000     -2.73189     -0.03454      0.15829
    215.00000    -55.00000     -2.77553     -0.04376      0.04528
    220.00000    -55.00000     -2.80613     -0.03202     -0.06007
    225.00000    -55.00000     -2.81756      0.00029     -0.14847
    230.00000    -55.00000     -2.80549      0.05057     -0.21135
    235.00000    -55.00000     -2.76780      0.11410     -0.24188
    240.00000    -55.00000     -2.70473      0.18427     -0.23580
    245.00000    -55.00000     -2.61880      0.25327     -0.19224
    250.00000    -55.00000     -2.51465      0.31287     -0.11401
    255.00000    -55.00000     -2.39853      0.35553     -0.00761
    260.00000    -55.00000     -2.27777      0.37541      0.11733
    265.00000    -55.00000     -2.16003      0.36926      0.24906
    270.00000    -55.00000     -2.05256      0.33705      0.37505
    275.00000    -55.00000     -1.96143      0.28210      0.48358
    280.00000    -55.00000     -1.89091      0.21077      0.56518
    285.00000    -55.00000     -1.84296      0.13160      0.61395
    290.00000    -55.00000     -1.81709      0.05417      0.62830
    295.00000    -55.00000     -1.81047     -0.01232      0.61114
    300.00000    -55.00000     -1.81836     -0.06039      0.56935
    305.00000    -55.00000     -1.83482     -0.08542      0.51281
    310.00000    -55.00000     -1.85358     -0.08632      0.45284
    315.00000    -55.00000     -1.86900     -0.06564      0.40050
    320.00000    -55.00000     -1.87697     -0.02919      0.36504
    325.00000    -55.00000     -1.87552      0.01495      0.35250
    330.00000    -55.00000     -1.86526      0.05772      0.36495
    335.00000    -55.00000     -1.84932      0.09048      0.40026
    340.00000    -55.00000     -1.83299      0.10635      0.45255
    345.00000    -55.00000     -1.82304      0.10125      0.51316
    350.00000    -55.00000     -1.82672      0.07450      0.57195
    355.00000    -55.00000     -1.85076      0.02883      0.61881
    360.00000    -55.00000     -1.90033     -0.03001      0.64505
      0.00000    -50.00000     -1.54800     -0.03891      0.81747
      5.00000    -50.00000     -1.65000     -0.12601      0.80370
     10.00000    -50.00000     -1.79089     -0.20625      0.75261
     15.00000    -50.00000     -1.96605     -0.26873      0.66640
     20.00000    -50.00000     -2.16672     -0.30477      0.55139
     25.00000    -50.00000     -2.38066     -0.30895      0.41706
     30.00000    -50.00000     -2.59333     -0.27976      0.27474
     35.00000    -50.00000     -2.78932     -0.21959      0.13620
     40.00000    -50.00000     -2.95396     -0.13435      0.01226
     45.00000    -50.00000     -3.07492     -0.03257     -0.08827
     50.00000    -50.00000     -3.14365      0.07571     -0.15945
     55.00000    -50.00000     -3.15641      0.18017     -0.19857
     60.00000    -50.00000     -3.11486      0.27146     -0.20619
     65.00000    -50.00000     -3.02611      0.34218     -0.18579
     70.00000    -50.00000     -2.90203      0.38770     -0.14312
     75.00000    -50.00000     -2.75808      0.40650     -0.08545
     80.00000    -50.00000     -2.61157      0.40028     -0.02053
     85.00000    -50.00000     -2.47972      0.37357      0.04423
     90.00000    -50.00000     -2.37754      0.33308      0.10268
     95.00000    -50.00000     -2.31605      0.28678      0.15053
    100.00000    -50.00000     -2.30086      0.24289      0.18574
    105.00000    -50.00000     -2.33155      0.20879      0.20861
    110.00000    -50.00000     -2.40170      0.19011      0.22158
    115.00000    -50.00000     -2.49993      0.19009      0.22866
    120.00000    -50.00000     -2.61141      0.20921      0.23479
    125.00000    -50.00000     -2.72003      0.24524      0.24498
    130.00000    -50.00000     -2.81058      0.29369      0.26353
    135.00000    -50.00000     -2.87087      0.34844      0.29338
    140.00000    -50.00000     -2.89327      0.40265      0.33561
    145.00000    -50.00000     -2.87566      0.44965      0.38925
    150.00000    -50.00000     -2.82147      0.48374      0.45144
    155.00000    -50.00000     -2.73895      0.50078      0.51767
    160.00000    -50.00000     -2.63987      0.49851      0.58234
    165.00000    -50.00000     -2.53769      0.47660      0.63933
    170.00000    -50.00000     -2.44568      0.43646      0.68261
    175.00000    -50.00000     -2.37521      0.38094      0.70675
    180.00000    -50.00000     -2.33436      0.31388      0.70741
    185.00000    -50.00000     -2.32716      0.23981      0.68168
    190.00000    -50.00000     -2.35335      0.16364      0.62834
    195.00000    -50.00000     -2.40873      0.09043      0.54814
    200.00000    -50.00000     -2.48592      0.02527      0.44387
    205.00000    -50.00000     -2.57536     -0.02696      0.32052
    210.00000    -50.00000     -2.66643     -0.06185      0.18517
    215.00000    -50.00000     -2.74856     -0.07583      0.04683
    220.00000    -50.00000     -2.81213     -0.06662     -0.08412
    225.00000    -50.00000     -2.84925     -0.03382     -0.19663
    230.00000    -50.00000     -2.85431      0.02070     -0.27999
    235.00000    -50.00000     -2.82431      0.09257     -0.32508
    240.00000    -50.00000     -2.75904      0.17499     -0.32558
    245.00000    -50.00000     -2.66112      0.25924     -0.27906
    250.00000    -50.00000     -2.53574      0.33564     -0.18771
    255.00000    -50.00000     -2.39033      0.39470     -0.05849
    260.00000    -50.00000     -2.23395      0.42857      0.09729
    265.00000    -50.00000     -2.07653      0.43224      0.26515
    270.00000    -50.00000     -1.92787      0.40456      0.42911
    275.00000    -50.00000     -1.79669      0.34862      0.57376
    280.00000    -50.00000     -1.68965      0.27147      0.68627
    285.00000    -50.00000     -1.61057      0.18326      0.75819
    290.00000    -50.00000     -1.56005      0.09568      0.78660
    295.00000    -50.00000     -1.53540      0.02026      0.77447
    300.00000    -50.00000     -1.53112     -0.03355      0.73015
    305.00000    -50.00000     -1.53975     -0.05982      0.66595
    310.00000    -50.00000     -1.55309     -0.05714      0.59626
    315.00000    -50.00000     -1.56350     -0.02885      0.53520
    320.00000    -50.00000     -1.56518      0.01755      0.49453
    325.00000    -50.00000     -1.55519      0.07166      0.48180
    330.00000    -50.00000     -1.53404      0.12187      0.49937
    335.00000    -50.00000     -1.50574      0.15730      0.54411
    340.00000    -50.00000     -1.47733      0.16953      0.60815
    345.00000    -50.00000     -1.45794      0.15395      0.68012
    350.00000    -50.00000     -1.45746      0.11048      0.74705
    355.00000    -50.00000     -1.48510      0.04347      0.79631
    360.00000    -50.00000     -1.54800     -0.03891      0.81747
      0.00000    -45.00000     -1.18083     -0.05625      0.99234
      5.00000    -45.00000     -1.31686     -0.16511      0.95012
     10.00000    -45.00000     -1.50015     -0.26237      0.86461
     15.00000    -45.00000     -1.72460     -0.33514      0.74046
     20.00000    -45.00000     -1.97918     -0.37363      0.58705
     25.00000    -45.00000     -2.24875     -0.37246      0.41705
     30.00000    -45.00000     -2.51555     -0.33112      0.24473
     35.00000    -45.00000     -2.76092     -0.25393      0.08415
     40.00000    -45.00000     -2.96716     -0.14917     -0.05245
     45.00000    -45.00000     -3.11948     -0.02796     -0.15588
     50.00000    -45.00000     -3.20763      0.09732     -0.22072
     55.00000    -45.00000     -3.22715      0.21456     -0.24568
     60.00000    -45.00000     -3.18010      0.31337     -0.23328
     65.00000    -45.00000     -3.07505      0.38619     -0.18934
     70.00000    -45.00000     -2.92633      0.42911     -0.12202
     75.00000    -45.00000     -2.75264      0.44212     -0.04079
     80.00000    -45.00000     -2.57492      0.42891      0.04474
     85.00000    -45.00000     -2.41395      0.39629      0.12591
     90.00000    -45.00000     -2.28779      0.35317      0.19590
     95.00000    -45.00000     -2.20950      0.30931      0.25040
    100.00000    -45.00000     -2.18544      0.27401      0.28796
    105.00000    -45.00000     -2.21450      0.25485      0.30993
    110.00000    -45.00000     -2.28824      0.25665      0.32009
    115.00000    -45.00000     -2.39222      0.28093      0.32387
    120.00000    -45.00000     -2.50811      0.32568      0.32749
    125.00000    -45.00000     -2.61641      0.38581      0.33690
    130.00000    -45.00000     -2.69933      0.45394      0.35686
    135.00000    -45.00000     -2.74336      0.52150      0.39026
    140.00000    -45.00000     -2.74115      0.58005      0.43763
    145.00000    -45.00000     -2.69240      0.62236      0.49715
    150.00000    -45.00000     -2.60369      0.64339      0.56494
    155.00000    -45.00000     -2.48725      0.64072      0.63555
    160.00000    -45.00000     -2.35892      0.61458      0.70273
    165.00000    -45.00000     -2.23577      0.56748      0.76005
    170.00000    -45.00000     -2.13364      0.50354      0.80158
    175.00000    -45.00000     -2.06508      0.42771      0.82230
    180.00000    -45.00000     -2.03794      0.34507      0.81838
    185.00000    -45.00000     -2.05471      0.26033      0.78735
    190.00000    -45.00000     -2.11273      0.17762      0.72819
    195.00000    -45.00000     -2.20495      0.10059      0.64141
    200.00000    -45.00000     -2.32121      0.03260      0.52930
    205.00000    -45.00000     -2.44952     -0.02295      0.39605
    210.00000    -45.00000     -2.57746     -0.06260      0.24804
    215.00000    -45.00000     -2.69320     -0.08287      0.09386
    220.00000    -45.00000     -2.78630     -0.08081     -0.05586
    225.00000    -45.00000     -2.84823     -0.05464     -0.18906
    230.00000    -45.00000     -2.87271     -0.00454     -0.29326
    235.00000    -45.00000     -2.85586      0.06664     -0.35688
    240.00000    -45.00000     -2.79642      0.15312     -0.37090
    245.00000    -45.00000     -2.69587      0.24637     -0.33034
    250.00000    -45.00000     -2.55849      0.33593     -0.23552
    255.00000    -45.00000     -2.39127      0.41072     -0.09262
    260.00000    -45.00000     -2.20362      0.46076      0.08657
    265.00000    -45.00000     -2.00670      0.47885      0.28575
    270.00000    -45.00000     -1.81247      0.46199      0.48607
    275.00000    -45.00000     -1.63245      0.41218      0.66858
    280.00000    -45.00000     -1.47644      0.33638      0.81686
    285.00000    -45.00000     -1.35131      0.24559      0.91942
    290.00000    -45.00000     -1.26011      0.15316      0.97126
    295.00000    -45.00000     -1.20174      0.07258      0.97460
    300.00000    -45.00000     -1.17125      0.01521      0.93832
    305.00000    -45.00000     -1.16072     -0.01168      0.87638
    310.00000    -45.00000     -1.16072     -0.00624      0.80544
    315.00000    -45.00000     -1.16196      0.02764      0.74207
    320.00000    -45.00000     -1.15706      0.08100      0.69998
    325.00000    -45.00000     -1.14188      0.14133      0.68786
    330.00000    -45.00000     -1.11646      0.19477      0.70809
    335.00000    -45.00000     -1.08515      0.22847      0.75651
    340.00000    -45.00000     -1.05608      0.23282      0.82333
    345.00000    -45.00000     -1.04000      0.20305      0.89487
    350.00000    -45.00000     -1.04863      0.13999      0.95590
    355.00000    -45.00000     -1.09282      0.04997      0.99212
    360.00000    -45.00000     -1.18083     -0.05625      0.99234
      0.00000    -40.00000     -0.82918     -0.08187      1.16223
      5.00000    -40.00000     -1.01559     -0.21002      1.07288
     10.00000    -40.00000     -1.25262     -0.32061      0.93700
     15.00000    -40.00000     -1.53190     -0.39909      0.76282
     20.00000    -40.00000     -1.83984     -0.43517      0.56356
     25.00000    -40.00000     -2.15871     -0.42404      0.35550
     30.00000    -40.00000     -2.46837     -0.36690      0.15584
     35.00000    -40.00000     -2.74818     -0.27052     -0.01949
     40.00000    -40.00000     -2.97907     -0.14606     -0.15757
     45.00000    -40.00000     -3.14550     -0.00743     -0.24980
     50.00000    -40.00000     -3.23719      0.13064     -0.29249
     55.00000    -40.00000     -3.25034      0.25450     -0.28689
     60.00000    -40.00000     -3.18837      0.35322     -0.23866
     65.00000    -40.00000     -3.06180      0.41984     -0.15690
     70.00000    -40.00000     -2.88743      0.45203     -0.05296
     75.00000    -40.00000     -2.68668      0.45217      0.06099
     80.00000    -40.00000     -2.48329      0.42686      0.17326
     85.00000    -40.00000     -2.30051      0.38590      0.27385
     90.00000    -40.00000     -2.15826      0.34085      0.35550
     95.00000    -40.00000     -2.07047      0.30343      0.41426
    100.00000    -40.00000     -2.04328      0.28382      0.44971
    105.00000    -40.00000     -2.07411      0.28920      0.46481
    110.00000    -40.00000     -2.15210      0.32273      0.46518
    115.00000    -40.00000     -2.25975      0.38303      0.45818
    120.00000    -40.00000     -2.37557      0.46440      0.45166
    125.00000    -40.00000     -2.47746      0.55768      0.45279
    130.00000    -40.00000     -2.54607      0.65161      0.46694
    135.00000    -40.00000     -2.56780      0.73458      0.49696
    140.00000    -40.00000     -2.53679      0.79633      0.54284
    145.00000    -40.00000     -2.45562      0.82947      0.60188
    150.00000    -40.00000     -2.33470      0.83040      0.66920
    155.00000    -40.00000     -2.19034      0.79958      0.73862
    160.00000    -40.00000     -2.04202      0.74111      0.80349
    165.00000    -40.00000     -1.90937      0.66170      0.85757
    170.00000    -40.00000     -1.80924      0.56929      0.89557
    175.00000    -40.00000     -1.75354      0.47165      0.91343
    180.00000    -40.00000     -1.74805      0.37526      0.90834
    185.00000    -40.00000     -1.79228      0.28459      0.87852
    190.00000    -40.00000     -1.88027      0.20212      0.82308
    195.00000    -40.00000     -2.00207      0.12877      0.74192
    200.00000    -40.00000     -2.14552      0.06483      0.63594
    205.00000    -40.00000     -2.29785      0.01085      0.50745
    210.00000    -40.00000     -2.44699     -0.03163      0.36073
    215.00000    -40.00000     -2.58226     -0.05982      0.20258
    220.00000    -40.00000     -2.69464     -0.07000      0.04259
    225.00000    -40.00000     -2.77666     -0.05845     -0.10711
    230.00000    -40.00000     -2.82222     -0.02268     -0.23269
    235.00000    -40.00000     -2.82642      0.03734     -0.32007
    240.00000    -40.00000     -2.78583      0.11818     -0.35687
    245.00000    -40.00000     -2.69883      0.21269     -0.33445
    250.00000    -40.00000     -2.56633      0.31053     -0.24978
    255.00000    -40.00000     -2.39233      0.39948     -0.10662
    260.00000    -40.00000     -2.18424      0.46742      0.08432
    265.00000    -40.00000     -1.95277      0.50449      0.30627
    270.00000    -40.00000     -1.71109      0.50511      0.53846
    275.00000    -40.00000     -1.47358      0.46926      0.75892
    280.00000    -40.00000     -1.25403      0.40283      0.94766
    285.00000    -40.00000     -1.06385      0.31682      1.08965
    290.00000    -40.00000     -0.91053      0.22553      1.17698
    295.00000    -40.00000     -0.79670      0.14403      1.20996
    300.00000    -40.00000     -0.71996      0.08539      1.19671
    305.00000    -40.00000     -0.67370      0.05824      1.15149
    310.00000    -40.00000     -0.64857      0.06507      1.09196
    315.00000    -40.00000     -0.63453      0.10177      1.03598
    320.00000    -40.00000     -0.62296      0.15827      0.99832
    325.00000    -40.00000     -0.60849      0.22036      0.98819
    330.00000    -40.00000     -0.59024      0.27233      1.00768
    335.00000    -40.00000     -0.57212      0.29979      1.05162
    340.00000    -40.00000     -0.56229      0.29228      1.10871
    345.00000    -40.00000     -0.57180      0.24522      1.16367
    350.00000    -40.00000     -0.61271      0.16068      1.20004
    355.00000    -40.00000     -0.69591      0.04715      1.20308
    360.00000    -40.00000     -0.82918     -0.08187      1.16223
      0.00000    -35.00000     -0.51332     -0.11577      1.32128
      5.00000    -35.00000     -0.77370     -0.26074      1.16524
     10.00000    -35.00000     -1.08148     -0.38118      0.96276
     15.00000    -35.00000     -1.42474     -0.46125      0.72667
     20.00000    -35.00000     -1.78666     -0.49049      0.47464
     25.00000    -35.00000     -2.14705     -0.46520      0.22684
     30.00000    -35.00000     -2.48426     -0.38877      0.00321
     35.00000    -35.00000     -2.77728     -0.27093     -0.17889
     40.00000    -35.00000     -3.00773     -0.12612     -0.30670
     45.00000    -35.00000     -3.16172      0.02868     -0.37317
     50.00000    -35.00000     -3.23129      0.17628     -0.37743
     55.00000    -35.00000     -3.21545      0.30160     -0.32441
     60.00000    -35.00000     -3.12061      0.39355     -0.22394
     65.00000    -35.00000     -2.96027      0.44627     -0.08933
     70.00000    -35.00000     -2.75400      0.45973      0.06417
     75.00000    -35.00000     -2.52565      0.43953      0.22109
     80.00000    -35.00000     -2.30082      0.39598      0.36734
     85.00000    -35.00000     -2.10393      0.34260      0.49149
     90.00000    -35.00000     -1.95519      0.29419      0.58588
     95.00000    -35.00000     -1.86792      0.26470      0.64713
    100.00000    -35.00000     -1.84660      0.26515      0.67627
    105.00000    -35.00000     -1.88620      0.30200      0.67828
    110.00000    -35.00000     -1.97285      0.37600      0.66116
    115.00000    -35.00000     -2.08593      0.48198      0.63467
    120.00000    -35.00000     -2.20126      0.60945      0.60880
    125.00000    -35.00000     -2.29499      0.74411      0.59233
    130.00000    -35.00000     -2.34742      0.86993      0.59155
    135.00000    -35.00000     -2.34615      0.97160      0.60953
    140.00000    -35.00000     -2.28802      1.03685      0.64586
    145.00000    -35.00000     -2.17935      1.05832      0.69710
    150.00000    -35.00000     -2.03471      1.03449      0.75755
    155.00000    -35.00000     -1.87419      0.96969      0.82044
    160.00000    -35.00000     -1.71991      0.87301      0.87905
    165.00000    -35.00000     -1.59238      0.75650      0.92765
    170.00000    -35.00000     -1.50745      0.63287      0.96201
    175.00000    -35.00000     -1.47424      0.51332      0.97942
    180.00000    -35.00000     -1.49452      0.40582      0.97836
    185.00000    -35.00000     -1.56345      0.31429      0.95789
    190.00000    -35.00000     -1.67132      0.23870      0.91707
    195.00000    -35.00000     -1.80585      0.17619      0.85474
    200.00000    -35.00000     -1.95450      0.12268      0.76960
    205.00000    -35.00000     -2.10622      0.07473      0.66097
    210.00000    -35.00000     -2.25231      0.03104      0.52976
    215.00000    -35.00000     -2.38640     -0.00671      0.37962
    220.00000    -35.00000     -2.50364     -0.03404      0.21788
    225.00000    -35.00000     -2.59957     -0.04477      0.05577
    230.00000    -35.00000     -2.66908     -0.03277     -0.09206
    235.00000    -35.00000     -2.70580      0.00599     -0.20900
    240.00000    -35.00000     -2.70240      0.07173     -0.27878
    245.00000    -35.00000     -2.65156      0.15981     -0.28803
    250.00000    -35.00000     -2.54755      0.26085     -0.22893
    255.00000    -35.00000     -2.38804      0.36195     -0.10109
    260.00000    -35.00000     -2.17550      0.44889      0.08760
    265.00000    -35.00000     -1.91795      0.50880      0.32149
    270.00000    -35.00000     -1.62866      0.53283      0.57915
    275.00000    -35.00000     -1.32476      0.51808      0.83635
    280.00000    -35.00000     -1.02503      0.46842      1.06976
    285.00000    -35.00000     -0.74730      0.39404      1.26045
    290.00000    -35.00000     -0.50588      0.30950      1.39674
    295.00000    -35.00000     -0.30974      0.23097      1.47573
    300.00000    -35.00000     -0.16163      0.17306      1.50320
    305.00000    -35.00000     -0.05847      0.14576      1.49199
    310.00000    -35.00000      0.00721      0.15248      1.45913
    315.00000    -35.00000      0.04500      0.18917      1.42225
    320.00000    -35.00000      0.06407      0.24507      1.39606
    325.00000    -35.00000      0.07090      0.30474      1.38949
    330.00000    -35.00000      0.06768      0.35100      1.40408
    335.00000    -35.00000      0.05178      0.36830      1.43382
    340.00000    -35.00000      0.01627      0.34568      1.46655
    345.00000    -35.00000     -0.04859      0.27899      1.48641
    350.00000    -35.00000     -0.15323      0.17177      1.47704
    355.00000    -35.00000     -0.30644      0.03477      1.42478
    360.00000    -35.00000     -0.51332     -0.11577      1.32128
      0.00000    -30.00000     -0.23528     -0.15859      1.46488
      5.00000    -30.00000     -0.59937     -0.31935      1.22531
     10.00000    -30.00000     -1.00106     -0.44795      0.94291
     15.00000    -30.00000     -1.42304     -0.52730      0.63571
     20.00000    -30.00000     -1.84413     -0.54693      0.32619
     25.00000    -30.00000     -2.24131     -0.50447      0.03833
     30.00000    -30.00000     -2.59197     -0.40579     -0.20545
     35.00000    -30.00000     -2.87607     -0.26390     -0.38698
     40.00000    -30.00000     -3.07802     -0.09688     -0.49432
     45.00000    -30.00000     -3.18808      0.07483     -0.52279
     50.00000    -30.00000     -3.20342      0.23133     -0.47514
     55.00000    -30.00000     -3.12845      0.35594     -0.36078
     60.00000    -30.00000     -2.97481      0.43740     -0.19442
     65.00000    -30.00000     -2.76062      0.47114      0.00574
     70.00000    -30.00000     -2.50913      0.45983      0.22001
     75.00000    -30.00000     -2.24669      0.41279      0.42921
     80.00000    -30.00000     -2.00018      0.34471      0.61646
     85.00000    -30.00000     -1.79403      0.27350      0.76872
     90.00000    -30.00000     -1.64725      0.21780      0.87783
     95.00000    -30.00000     -1.57083      0.19424      0.94103
    100.00000    -30.00000     -1.56613      0.21496      0.96093
    105.00000    -30.00000     -1.62443      0.28561      0.94482
    110.00000    -30.00000     -1.72807      0.40426      0.90345
    115.00000    -30.00000     -1.85308      0.56140      0.84941
    120.00000    -30.00000     -1.97289      0.74105      0.79529
    125.00000    -30.00000     -2.06266      0.92302      0.75194
    130.00000    -30.00000     -2.10333      1.08579      0.72702
    135.00000    -30.00000     -2.08479      1.20986      0.72419
    140.00000    -30.00000     -2.00746      1.28068      0.74303
    145.00000    -30.00000     -1.88194      1.29091      0.77959
    150.00000    -30.00000     -1.72688      1.24147      0.82759
    155.00000    -30.00000     -1.56541      1.14105      0.87989
    160.00000    -30.00000     -1.42090      1.00446      0.92985
    165.00000    -30.00000     -1.31290      0.84975      0.97243
    170.00000    -30.00000     -1.25409      0.69498      1.00462
    175.00000    -30.00000     -1.24874      0.55513      1.02519
    180.00000    -30.00000     -1.29303      0.43972      1.03399
    185.00000    -30.00000     -1.37688      0.35181      1.03085
    190.00000    -30.00000     -1.48698      0.28838      1.01461
    195.00000    -30.00000     -1.60998      0.24198      0.98259
    200.00000    -30.00000     -1.73523      0.20335      0.93075
    205.00000    -30.00000     -1.85641      0.16432      0.85457
    210.00000    -30.00000     -1.97163      0.12018      0.75064
    215.00000    -30.00000     -2.08214      0.07120      0.61845
    220.00000    -30.00000     -2.18998      0.02266      0.46205
    225.00000    -30.00000     -2.29545     -0.01638      0.29099
    230.00000    -30.00000     -2.39483     -0.03550      0.12022
    235.00000    -30.00000     -2.47938     -0.02578     -0.03131
    240.00000    -30.00000     -2.53570      0.01749     -0.14308
    245.00000    -30.00000     -2.54763      0.09304     -0.19624
    250.00000    -30.00000     -2.49925      0.19309     -0.17698
    255.00000    -30.00000     -2.37826      0.30442     -0.07930
    260.00000    -30.00000     -2.17908      0.41077      0.09335
    265.00000    -30.00000     -1.90484      0.49604      0.32805
    270.00000    -30.00000     -1.56774      0.54761      0.60403
    275.00000    -30.00000     -1.18775      0.55905      0.89578
    280.00000    -30.00000     -0.78979      0.53158      1.17703
    285.00000    -30.00000     -0.40008      0.47385      1.42482
    290.00000    -30.00000     -0.04233      0.40019      1.62294
    295.00000    -30.00000      0.26539      0.32753      1.76401
    300.00000    -30.00000      0.51250      0.27180      1.84985
    305.00000    -30.00000      0.69619      0.24444      1.89007
    310.00000    -30.00000      0.82013      0.24988      1.89922
    315.00000    -30.00000      0.89210      0.28445      1.89312
    320.00000    -30.00000      0.92103      0.33703      1.88515
    325.00000    -30.00000      0.91422      0.39125      1.88325
    330.00000    -30.00000      0.87540      0.42880      1.88819
    335.00000    -30.00000      0.80391      0.43319      1.89351
    340.00000    -30.00000      0.69517      0.39315      1.88703
    345.00000    -30.00000      0.54233      0.30509      1.85356
    350.00000    -30.00000      0.33852      0.17407      1.77833
    355.00000    -30.00000      0.07930      0.01317      1.65031
    360.00000    -30.00000     -0.23528     -0.15859      1.46488
      0.00000    -25.00000      0.02476     -0.21190      1.58883
      5.00000    -25.00000     -0.47571     -0.39009      1.25549
     10.00000    -25.00000     -0.99918     -0.52810      0.88613
     15.00000    -25.00000     -1.52081     -0.60734      0.50415
     20.00000    -25.00000     -2.01337     -0.61714      0.13661
     25.00000    -25.00000     -2.45000     -0.55629     -0.18913
     30.00000    -25.00000     -2.80689     -0.43315     -0.44876
     35.00000    -25.00000     -3.06565     -0.26418     -0.62386
     40.00000    -25.00000     -3.21491     -0.07141     -0.70384
     45.00000    -25.00000     -3.25129      0.12085     -0.68686
     50.00000    -25.00000     -3.17957      0.28945     -0.57963
     55.00000    -25.00000     -3.01233      0.41563     -0.39629
     60.00000    -25.00000     -2.76903      0.48748     -0.15663
     65.00000    -25.00000     -2.47453      0.50151      0.11612
     70.00000    -25.00000     -2.15727      0.46296      0.39766
     75.00000    -25.00000     -1.84694      0.38507      0.66491
     80.00000    -25.00000     -1.57172      0.28722      0.89804
     85.00000    -25.00000     -1.35545      0.19226      1.08215
     90.00000    -25.00000     -1.21480      0.12323      1.20837
     95.00000    -25.00000     -1.15711      0.10006      1.27438
    100.00000    -25.00000     -1.17914      0.13647      1.28425
    105.00000    -25.00000     -1.26723      0.23769      1.24755
    110.00000    -25.00000     -1.39903      0.39929      1.17788
    115.00000    -25.00000     -1.54676      0.60741      1.09089
    120.00000    -25.00000     -1.68141      0.84043      1.00208
    125.00000    -25.00000     -1.77746      1.07197      0.92478
    130.00000    -25.00000     -1.81705      1.27474      0.86849
    135.00000    -25.00000     -1.79293      1.42469      0.83794
    140.00000    -25.00000     -1.70949      1.50472      0.83309
    145.00000    -25.00000     -1.58158      1.50737      0.84989
    150.00000    -25.00000     -1.43147      1.43584      0.88173
    155.00000    -25.00000     -1.28433      1.30324      0.92124
    160.00000    -25.00000     -1.16333      1.13007      0.96196
    165.00000    -25.00000     -1.08534      0.94048      0.99947
    170.00000    -25.00000     -1.05812      0.75792      1.03188
    175.00000    -25.00000     -1.07966      0.60111      1.05931
    180.00000    -25.00000     -1.13960      0.48108      1.08279
    185.00000    -25.00000     -1.22263      0.39992      1.10277
    190.00000    -25.00000     -1.31266      0.35137      1.11769
    195.00000    -25.00000     -1.39703      0.32322      1.12317
    200.00000    -25.00000     -1.46957      0.30087      1.11216
    205.00000    -25.00000     -1.53171      0.27119      1.07600
    210.00000    -25.00000     -1.59149      0.22601      1.00653
    215.00000    -25.00000     -1.66052      0.16416      0.89859
    220.00000    -25.00000     -1.74981      0.09185      0.75240
    225.00000    -25.00000     -1.86534      0.02119      0.57525
    230.00000    -25.00000     -2.00463     -0.03283      0.38186
    235.00000    -25.00000     -2.15510     -0.05609      0.19325
    240.00000    -25.00000     -2.29489     -0.03898      0.03409
    245.00000    -25.00000     -2.39591      0.02088     -0.07103
    250.00000    -25.00000     -2.42866      0.11758     -0.10167
    255.00000    -25.00000     -2.36774      0.23778     -0.04526
    260.00000    -25.00000     -2.19692      0.36322      0.10039
    265.00000    -25.00000     -1.91270      0.47450      0.32639
    270.00000    -25.00000     -1.52554      0.55509      0.61391
    275.00000    -25.00000     -1.05858      0.59478      0.93719
    280.00000    -25.00000     -0.54415      0.59181      1.26763
    285.00000    -25.00000     -0.01879      0.55303      1.57833
    290.00000    -25.00000      0.48212      0.49223      1.84809
    295.00000    -25.00000      0.92897      0.42691      2.06405
    300.00000    -25.00000      1.30109      0.37425      2.22266
    305.00000    -25.00000      1.58778      0.34707      2.32860
    310.00000    -25.00000      1.78738      0.35092      2.39226
    315.00000    -25.00000      1.90469      0.38263      2.42616
    320.00000    -25.00000      1.94767      0.43085      2.44124
    325.00000    -25.00000      1.92410      0.47840      2.44385
    330.00000    -25.00000      1.83920      0.50591      2.43399
    335.00000    -25.00000      1.69458      0.49598      2.40531
    340.00000    -25.00000      1.48872      0.43703      2.34663
    345.00000    -25.00000      1.21867      0.32600      2.24476
    350.00000    -25.00000      0.88256      0.16948      2.08796
    355.00000    -25.00000      0.48214     -0.01712      1.86923
    360.00000    -25.00000      0.02476     -0.21190      1.58883
      0.00000    -20.00000      0.30615     -0.27811      1.68863
      5.00000    -20.00000     -0.36113     -0.47856      1.26103
     10.00000    -20.00000     -1.03547     -0.63066      0.80693
     15.00000    -20.00000     -1.68236     -0.71375      0.35445
     20.00000    -20.00000     -2.26644     -0.71634     -0.06562
     25.00000    -20.00000     -2.75526     -0.63796     -0.42345
     30.00000    -20.00000     -3.12266     -0.48911     -0.69366
     35.00000    -20.00000     -3.35142     -0.28967     -0.85821
     40.00000    -20.00000     -3.43476     -0.06584     -0.90822
     45.00000    -20.00000     -3.37676      0.15368     -0.84473
     50.00000    -20.00000     -3.19168      0.34180     -0.67819
     55.00000    -20.00000     -2.90251      0.47683     -0.42704
     60.00000    -20.00000     -2.53897      0.54541     -0.11563
     65.00000    -20.00000     -2.13509      0.54432      0.22827
     70.00000    -20.00000     -1.72658      0.48087      0.57619
     75.00000    -20.00000     -1.34794      0.37191      0.90138
     80.00000    -20.00000     -1.02958      0.24151      1.18114
     85.00000    -20.00000     -0.79494      0.11766      1.39857
     90.00000    -20.00000     -0.65805      0.02831      1.54384
     95.00000    -20.00000     -0.62177     -0.00271      1.61467
    100.00000    -20.00000     -0.67727      0.04062      1.61621
    105.00000    -20.00000     -0.80489      0.16383      1.55994
    110.00000    -20.00000     -0.97667      0.36065      1.46204
    115.00000    -20.00000     -1.16025      0.61344      1.34106
    120.00000    -20.00000     -1.32378      0.89540      1.21549
    125.00000    -20.00000     -1.44080      1.17429      1.10134
    130.00000    -20.00000     -1.49454      1.41716      1.01028
    135.00000    -20.00000     -1.48047      1.59541      0.94853
    140.00000    -20.00000     -1.40664      1.68920      0.91689
    145.00000    -20.00000     -1.29166      1.69055      0.91158
    150.00000    -20.00000     -1.16057      1.60450      0.92594
    155.00000    -20.00000     -1.03951      1.44791      0.95249
    160.00000    -20.00000     -0.95027      1.24635      0.98484
    165.00000    -20.00000     -0.90589      1.02941      1.01903
    170.00000    -20.00000     -0.90832      0.82536      1.05391
    175.00000    -20.00000     -0.94878      0.65626      1.09060
    180.00000    -20.00000     -1.01060      0.53444      1.13101
    185.00000    -20.00000     -1.07400      0.46102      1.17597
    190.00000    -20.00000     -1.12167      0.42680      1.22345
    195.00000    -20.00000     -1.14367      0.41521      1.26752
    200.00000    -20.00000     -1.14062      0.40678      1.29829
    205.00000    -20.00000     -1.12409      0.38400      1.30327
    210.00000    -20.00000     -1.11410      0.33567      1.26981
    215.00000    -20.00000     -1.13416      0.25952      1.18821
    220.00000    -20.00000     -1.20493      0.16283      1.05480
    225.00000    -20.00000     -1.33794      0.06069      0.87432
    230.00000    -20.00000     -1.53087     -0.02752      0.66083
    235.00000    -20.00000     -1.76557     -0.08277      0.43682
    240.00000    -20.00000     -2.00940     -0.09091      0.23058
    245.00000    -20.00000     -2.21986     -0.04616      0.07206
    250.00000    -20.00000     -2.35147      0.04725     -0.01184
    255.00000    -20.00000     -2.36372      0.17579     -0.00176
    260.00000    -20.00000     -2.22838      0.31928      0.11072
    265.00000    -20.00000     -1.93465      0.45515      0.32158
    270.00000    -20.00000     -1.49137      0.56317      0.61495
    275.00000    -20.00000     -0.92559      0.62960      0.96579
    280.00000    -20.00000     -0.27826      0.64985      1.34399
    285.00000    -20.00000      0.40222      0.62911      1.71911
    290.00000    -20.00000      1.06714      0.58072      2.06490
    295.00000    -20.00000      1.67388      0.52272      2.36248
    300.00000    -20.00000      2.19034      0.47347      2.60192
    305.00000    -20.00000      2.59691      0.44715      2.78175
    310.00000    -20.00000      2.88581      0.45028      2.90689
    315.00000    -20.00000      3.05831      0.48009      2.98538
    320.00000    -20.00000      3.12096      0.52486      3.02492
    325.00000    -20.00000      3.08168      0.56646      3.02997
    330.00000    -20.00000      2.94690      0.58428      3.00000
    335.00000    -20.00000      2.72031      0.55983      2.92949
    340.00000    -20.00000      2.40332      0.48100      2.80936
    345.00000    -20.00000      1.99702      0.34514      2.62970
    350.00000    -20.00000      1.50500      0.16025      2.38304
    355.00000    -20.00000      0.93607     -0.05582      2.06742
    360.00000    -20.00000      0.30615     -0.27811      1.68863
      0.00000    -15.00000      0.65958     -0.35980      1.75913
      5.00000    -15.00000     -0.19641     -0.59020      1.24835
     10.00000    -15.00000     -1.04671     -0.76408      0.72253
     15.00000    -15.00000     -1.84536     -0.85788      0.21313
     20.00000    -15.00000     -2.54677     -0.85847     -0.24683
     25.00000    -15.00000     -3.11063     -0.76532     -0.62645
     30.00000    -15.00000     -3.50630     -0.59056     -0.90043
     35.00000    -15.00000     -3.71601     -0.35721     -1.05179
     40.00000    -15.00000     -3.73652     -0.09580     -1.07354
     45.00000    -15.00000     -3.57906      0.16013     -0.96922
     50.00000    -15.00000     -3.26787      0.37875     -0.75223
     55.00000    -15.00000     -2.83766      0.53440     -0.44423
     60.00000    -15.00000     -2.33028      0.61114     -0.07288
     65.00000    -15.00000     -1.79112      0.60494      0.33080
     70.00000    -15.00000     -1.26539      0.52420      0.73517
     75.00000    -15.00000     -0.79455      0.38863      1.11066
     80.00000    -15.00000     -0.41286      0.22658      1.43213
     85.00000    -15.00000     -0.14457      0.07109      1.68079
     90.00000    -15.00000     -0.00162     -0.04477      1.84559
     95.00000    -15.00000      0.01750     -0.09274      1.92384
    100.00000    -15.00000     -0.07243     -0.05375      1.92106
    105.00000    -15.00000     -0.24514      0.07898      1.84996
    110.00000    -15.00000     -0.46627      0.29837      1.72858
    115.00000    -15.00000     -0.69813      0.58414      1.57788
    120.00000    -15.00000     -0.90513      0.90530      1.41894
    125.00000    -15.00000     -1.05914      1.22465      1.27036
    130.00000    -15.00000     -1.14362      1.50425      1.14604
    135.00000    -15.00000     -1.15590      1.71126      1.05400
    140.00000    -15.00000     -1.10676      1.82307      0.99619
    145.00000    -15.00000     -1.01751      1.83077      0.96945
    150.00000    -15.00000     -0.91497      1.74035      0.96732
    155.00000    -15.00000     -0.82535      1.57135      0.98228
    160.00000    -15.00000     -0.76839      1.35310      1.00790
    165.00000    -15.00000     -0.75300      1.11930      1.04029
    170.00000    -15.00000     -0.77556      0.90193      1.07865
    175.00000    -15.00000     -0.82133      0.72562      1.12459
    180.00000    -15.00000     -0.86859      0.60367      1.18049
    185.00000    -15.00000     -0.89484      0.53643      1.24742
    190.00000    -15.00000     -0.88341      0.51237      1.32301
    195.00000    -15.00000     -0.82900      0.51161      1.40016
    200.00000    -15.00000     -0.74061      0.51103      1.46690
    205.00000    -15.00000     -0.64099      0.48995      1.50778
    210.00000    -15.00000     -0.56258      0.43508      1.50653
    215.00000    -15.00000     -0.54048      0.34369      1.44963
    220.00000    -15.00000     -0.60403      0.22425      1.32996
    225.00000    -15.00000     -0.76878      0.09456      1.14969
    230.00000    -15.00000     -1.03077     -0.02236      0.92176
    235.00000    -15.00000     -1.36436     -0.10348      0.66934
    240.00000    -15.00000     -1.72448     -0.13112      0.42323
    245.00000    -15.00000     -2.05291     -0.09701      0.21766
    250.00000    -15.00000     -2.28744     -0.00431      0.08504
    255.00000    -15.00000     -2.37231      0.13293      0.05090
    260.00000    -15.00000     -2.26762      0.29270      0.12971
    265.00000    -15.00000     -1.95611      0.44968      0.32260
    270.00000    -15.00000     -1.44602      0.58051      0.61734
    275.00000    -15.00000     -0.76951      0.66862      0.99051
    280.00000    -15.00000      0.02278      0.70731      1.41139
    285.00000    -15.00000      0.86980      0.70066      1.84679
    290.00000    -15.00000      1.70901      0.66192      2.26581
    295.00000    -15.00000      2.48458      0.60987      2.64358
    300.00000    -15.00000      3.15311      0.56403      2.96344
    305.00000    -15.00000      3.68641      0.53971      3.21712
    310.00000    -15.00000      4.07092      0.54416      3.40332
    315.00000    -15.00000      4.30470      0.57461      3.52496
    320.00000    -15.00000      4.39298      0.61860      3.58614
    325.00000    -15.00000      4.34361      0.65663      3.58942
    330.00000    -15.00000      4.16375      0.66643      3.53426
    335.00000    -15.00000      3.85832      0.62805      3.41677
    340.00000    -15.00000      3.43071      0.52856      3.23108
    345.00000    -15.00000      2.88507      0.36547      2.97164
    350.00000    -15.00000      2.22957      0.14814      2.63616
    355.00000    -15.00000      1.47957     -0.10307      2.22822
    360.00000    -15.00000      0.65958     -0.35980      1.75913
      0.00000    -10.00000      1.13478     -0.45871      1.79496
      5.00000    -10.00000      0.08283     -0.72819      1.22342
     10.00000    -10.00000     -0.95843     -0.93317      0.64941
     15.00000    -10.00000     -1.93071     -1.04626      0.10574
     20.00000    -10.00000     -2.77646     -1.05170     -0.37440
     25.00000    -10.00000     -3.44511     -0.94799     -0.76092
     30.00000    -10.00000     -3.89878     -0.74820     -1.02994
     35.00000    -10.00000     -4.11638     -0.47810     -1.16628
     40.00000    -10.00000     -4.09566     -0.17243     -1.16491
     45.00000    -10.00000     -3.85314      0.13004     -1.03120
     50.00000    -10.00000     -3.42198      0.39202     -0.78027
     55.00000    -10.00000     -2.84844      0.58291     -0.43530
     60.00000    -10.00000     -2.18725      0.68297     -0.02539
     65.00000    -10.00000     -1.49665      0.68607      0.41706
     70.00000    -10.00000     -0.83339      0.60045      0.85900
     75.00000    -10.00000     -0.24805      0.44763      1.26933
     80.00000    -10.00000      0.21899      0.25942      1.62138
     85.00000    -10.00000      0.54079      0.07343      1.89485
     90.00000    -10.00000      0.70596     -0.07230      2.07739
     95.00000    -10.00000      0.71939     -0.14483      2.16538
    100.00000    -10.00000      0.60129     -0.12141      2.16389
    105.00000    -10.00000      0.38451      0.00695      2.08581
    110.00000    -10.00000      0.11017      0.23364      1.95004
    115.00000    -10.00000     -0.17800      0.53709      1.77892
    120.00000    -10.00000     -0.43974      0.88367      1.59540
    125.00000    -10.00000     -0.64402      1.23257      1.42011
    130.00000    -10.00000     -0.77325      1.54198      1.26897
    135.00000    -10.00000     -0.82510      1.77556      1.15180
    140.00000    -10.00000     -0.81164      1.90809      1.07188
    145.00000    -10.00000     -0.75555      1.92927      1.02695
    150.00000    -10.00000     -0.68437      1.84511      1.01094
    155.00000    -10.00000     -0.62380      1.67631      1.01637
    160.00000    -10.00000     -0.59153      1.45424      1.03661
    165.00000    -10.00000     -0.59308      1.21496      1.06757
    170.00000    -10.00000     -0.62066      0.99261      1.10832
    175.00000    -10.00000     -0.65551      0.81332      1.16048
    180.00000    -10.00000     -0.67318      0.69098      1.22661
    185.00000    -10.00000     -0.65074      0.62550      1.30790
    190.00000    -10.00000     -0.57415      0.60405      1.40196
    195.00000    -10.00000     -0.44401      0.60491      1.50125
    200.00000    -10.00000     -0.27810      0.60310      1.59281
    205.00000    -10.00000     -0.10976      0.57645      1.65956
    210.00000    -10.00000      0.01776      0.51099      1.68297
    215.00000    -10.00000      0.06013      0.40428      1.64689
    220.00000    -10.00000     -0.01792      0.26612      1.54147
    225.00000    -10.00000     -0.23323      0.11639      1.36653
    230.00000    -10.00000     -0.57782     -0.01936      1.13344
    235.00000    -10.00000     -1.01699     -0.11565      0.86496
    240.00000    -10.00000     -1.49260     -0.15283      0.59292
    245.00000    -10.00000     -1.93110     -0.12155      0.35407
    250.00000    -10.00000     -2.25492     -0.02491      0.18469
    255.00000    -10.00000     -2.39503      0.12210      0.11509
    260.00000    -10.00000     -2.30226      0.29573      0.16490
    265.00000    -10.00000     -1.95529      0.46849      0.34017
    270.00000    -10.00000     -1.36378      0.61491      0.63258
    275.00000    -10.00000     -0.56641      0.71670      1.02109
    280.00000    -10.00000      0.37587      0.76615      1.47540
    285.00000    -10.00000      1.38945      0.76714      1.96062
    290.00000    -10.00000      2.39891      0.73346      2.44214
    295.00000    -10.00000      3.33662      0.68493      2.88976
    300.00000    -10.00000      4.14970      0.64217      3.28040
    305.00000    -10.00000      4.80320      0.62135      3.59906
    310.00000    -10.00000      5.27948      0.62997      3.83810
    315.00000    -10.00000      5.57465      0.66466      3.99526
    320.00000    -10.00000      5.69332      0.71162      4.07109
    325.00000    -10.00000      5.64336      0.74940      4.06668
    330.00000    -10.00000      5.43194      0.75355      3.98203
    335.00000    -10.00000      5.06399      0.70222      3.81583
    340.00000    -10.00000      4.54305      0.58129      3.56631
    345.00000    -10.00000      3.87418      0.38822      3.23310
    350.00000    -10.00000      3.06797      0.13368      2.81955
    355.00000    -10.00000      2.14432     -0.15933      2.33478
    360.00000    -10.00000      1.13478     -0.45871      1.79496
      0.00000     -5.00000      1.76677     -0.57439      1.79167
      5.00000     -5.00000      0.53093     -0.89146      1.19077
     10.00000     -5.00000     -0.70056     -1.13639      0.60030
     15.00000     -5.00000     -1.85745     -1.27718      0.05199
     20.00000     -5.00000     -2.86932     -1.29459     -0.42319
     25.00000     -5.00000     -3.67344     -1.18529     -0.79797
     30.00000     -5.00000     -4.22180     -0.96247     -1.05145
     35.00000     -5.00000     -4.48656     -0.65409     -1.17106
     40.00000     -5.00000     -4.46291     -0.29887     -1.15366
     45.00000     -5.00000     -4.16933      0.05918     -1.00568
     50.00000     -5.00000     -3.64525      0.37690     -0.74242
     55.00000     -5.00000     -2.94670      0.61797     -0.38662
     60.00000     -5.00000     -2.14055      0.75785      0.03351
     65.00000     -5.00000     -1.29819      0.78709      0.48649
     70.00000     -5.00000     -0.48906      0.71251      0.93999
     75.00000     -5.00000      0.22526      0.55616      1.36322
     80.00000     -5.00000      0.79609      0.35215      1.72922
     85.00000     -5.00000      1.19146      0.14176      2.01690
     90.00000     -5.00000      1.39839     -0.03256      2.21270
     95.00000     -5.00000      1.42330     -0.13335      2.31163
    100.00000     -5.00000      1.29047     -0.13387      2.31746
    105.00000     -5.00000      1.03853     -0.02218      2.24208
    110.00000     -5.00000      0.71507      0.19675      2.10390
    115.00000     -5.00000      0.37018      0.50162      1.92535
    120.00000     -5.00000      0.04954      0.85782      1.73007
    125.00000     -5.00000     -0.21169      1.22267      1.53984
    130.00000     -5.00000     -0.39324      1.55195      1.37204
    135.00000     -5.00000     -0.49147      1.80686      1.23798
    140.00000     -5.00000     -0.51799      1.95997      1.14233
    145.00000     -5.00000     -0.49541      1.99938      1.08383
    150.00000     -5.00000     -0.45110      1.93006      1.05701
    155.00000     -5.00000     -0.41003      1.77238      1.05455
    160.00000     -5.00000     -0.38854      1.55779      1.06961
    165.00000     -5.00000     -0.39035      1.32275      1.09769
    170.00000     -5.00000     -0.40588      1.10185      1.13739
    175.00000     -5.00000     -0.41516      0.92161      1.19004
    180.00000     -5.00000     -0.39391      0.79609      1.25812
    185.00000     -5.00000     -0.32125      0.72521      1.34304
    190.00000     -5.00000     -0.18741      0.69609      1.44283
    195.00000     -5.00000      0.00074      0.68700      1.55039
    200.00000     -5.00000      0.21770      0.67313      1.65305
    205.00000     -5.00000      0.42200      0.63282      1.73359
    210.00000     -5.00000      0.56313      0.55292      1.77285
    215.00000     -5.00000      0.59171      0.43213      1.75340
    220.00000     -5.00000      0.47075      0.28155      1.66361
    225.00000     -5.00000      0.18574      0.12231      1.50118
    230.00000     -5.00000     -0.24890     -0.01903      1.27543
    235.00000     -5.00000     -0.78851     -0.11645      1.00751
    240.00000     -5.00000     -1.36265     -0.15031      0.72851
    245.00000     -5.00000     -1.88479     -0.11187      0.47557
    250.00000     -5.00000     -2.26553     -0.00537      0.28664
    255.00000     -5.00000     -2.42678      0.15272      0.19494
    260.00000     -5.00000     -2.31434      0.33710      0.22389
    265.00000     -5.00000     -1.90655      0.51895      0.38370
    270.00000     -5.00000     -1.21727      0.67189      0.66996
    275.00000     -5.00000     -0.29305      0.77732      1.06462
    280.00000     -5.00000      0.79477      0.82792      1.53890
    285.00000     -5.00000      1.96140      0.82847      2.05751
    290.00000     -5.00000      3.12086      0.79407      2.58349
    295.00000     -5.00000      4.19684      0.74585      3.08247
    300.00000     -5.00000      5.13032      0.70549      3.52595
    305.00000     -5.00000      5.88288      0.68960      3.89290
    310.00000     -5.00000      6.43566      0.70530      4.16988
    315.00000     -5.00000      6.78498      0.74799      4.34988
    320.00000     -5.00000      6.93613      0.80180      4.43041
    325.00000     -5.00000      6.89726      0.84273      4.41161
    330.00000     -5.00000      6.67498      0.84366      4.29480
    335.00000     -5.00000      6.27260      0.78042      4.08196
    340.00000     -5.00000      5.69145      0.63744      3.77611
    345.00000     -5.00000      4.93458      0.41197      3.38253
    350.00000     -5.00000      4.01169      0.11595      2.91023
    355.00000     -5.00000      2.94389     -0.22489      2.37331
    360.00000     -5.00000      1.76677     -0.57439      1.79167
      0.00000      0.00000      2.56431     -0.70307      1.74729
      5.00000      0.00000      1.17787     -1.07301      1.15325
     10.00000      0.00000     -0.22361     -1.36387      0.58212
     15.00000      0.00000     -1.55961     -1.53857      0.06209
     20.00000      0.00000     -2.74734     -1.57384     -0.38045
     25.00000      0.00000     -3.71088     -1.46380     -0.72310
     30.00000      0.00000     -4.38985     -1.22109     -0.94939
     35.00000      0.00000     -4.74631     -0.87514     -1.05013
     40.00000      0.00000     -4.76888     -0.46805     -1.02403
     45.00000      0.00000     -4.47382     -0.04874     -0.87779
     50.00000      0.00000     -3.90283      0.33385     -0.62541
     55.00000      0.00000     -3.11840      0.63745     -0.28713
     60.00000      0.00000     -2.19722      0.83214      0.11206
     65.00000      0.00000     -1.22256      0.90428      0.54406
     70.00000      0.00000     -0.27643      0.85812      0.97958
     75.00000      0.00000      0.56775      0.71495      1.39009
     80.00000      0.00000      1.25134      0.50982      1.74989
     85.00000      0.00000      1.73521      0.28642      2.03804
     90.00000      0.00000      2.00239      0.09060      2.24012
     95.00000      0.00000      2.05852     -0.03636      2.34947
    100.00000      0.00000      1.92990     -0.06391      2.36779
    105.00000      0.00000      1.65927      0.02316      2.30480
    110.00000      0.00000      1.29969      0.22245      2.17694
    115.00000      0.00000      0.90720      0.51426      2.00530
    120.00000      0.00000      0.53319      0.86472      1.81277
    125.00000      0.00000      0.21784      1.23101      1.62112
    130.00000      0.00000     -0.01461      1.56821      1.44836
    135.00000      0.00000     -0.15752      1.83628      1.30680
    140.00000      0.00000     -0.22045      2.00629      1.20232
    145.00000      0.00000     -0.22467      2.06463      1.13474
    150.00000      0.00000     -0.19665      2.01452      1.09939
    155.00000      0.00000     -0.16086      1.87456      1.08933
    160.00000      0.00000     -0.13346      1.67454      1.09764
    165.00000      0.00000     -0.11851      1.44945      1.11943
    170.00000      0.00000     -0.10746      1.23273      1.15278
    175.00000      0.00000     -0.08236      1.05021      1.19855
    180.00000      0.00000     -0.02204      0.91585      1.25913
    185.00000      0.00000      0.09012      0.83017      1.33630
    190.00000      0.00000      0.25875      0.78152      1.42896
    195.00000      0.00000      0.47142      0.75004      1.53133
    200.00000      0.00000      0.69739      0.71319      1.63221
    205.00000      0.00000      0.89107      0.65172      1.71571
    210.00000      0.00000      0.99976      0.55477      1.76349
    215.00000      0.00000      0.97446      0.42285      1.75816
    220.00000      0.00000      0.78151      0.26813      1.68712
    225.00000      0.00000      0.41252      0.11195      1.54626
    230.00000      0.00000     -0.10963     -0.01983      1.34234
    235.00000      0.00000     -0.73047     -0.10274      1.09368
    240.00000      0.00000     -1.36960     -0.11925      0.82878
    245.00000      0.00000     -1.93169     -0.06303      0.58296
    250.00000      0.00000     -2.32095      0.05936      0.39358
    255.00000      0.00000     -2.45615      0.22952      0.29462
    260.00000      0.00000     -2.28372      0.42089      0.31167
    265.00000      0.00000     -1.78615      0.60425      0.45813
    270.00000      0.00000     -0.98443      0.75368      0.73331
    275.00000      0.00000      0.06589      0.85181      1.12263
    280.00000      0.00000      1.28397      0.89313      1.59983
    285.00000      0.00000      2.57627      0.88450      2.13074
    290.00000      0.00000      3.84996      0.84299      2.67763
    295.00000      0.00000      5.02443      0.79134      3.20361
    300.00000      0.00000      6.03912      0.75210      3.67615
    305.00000      0.00000      6.85644      0.74188      4.06945
    310.00000      0.00000      7.45992      0.76679      4.36528
    315.00000      0.00000      7.84880      0.82031      4.55271
    320.00000      0.00000      8.03075      0.88395      4.62694
    325.00000      0.00000      8.01478      0.93066      4.58784
    330.00000      0.00000      7.80635      0.93033      4.43865
    335.00000      0.00000      7.40563      0.85627      4.18514
    340.00000      0.00000      6.80924      0.69133      3.83551
    345.00000      0.00000      6.01492      0.43246      3.40067
    350.00000      0.00000      5.02764      0.09283      2.89490
    355.00000      0.00000      3.86559     -0.29909      2.33638
    360.00000      0.00000      2.56431     -0.70307      1.74729
      0.00000      5.00000      3.50330     -0.83687      1.66378
      5.00000      5.00000      2.01912     -1.25944      1.11245
     10.00000      5.00000      0.48833     -1.59709      0.59537
     15.00000      5.00000     -1.00147     -1.80787      0.13512
     20.00000      5.00000     -2.35702     -1.86428     -0.24846
     25.00000      5.00000     -3.48970     -1.75760     -0.53954
     30.00000      5.00000     -4.32570     -1.49926     -0.72731
     35.00000      5.00000     -4.81450     -1.11935     -0.80654
     40.00000      5.00000     -4.93456     -0.66249     -0.77784
     45.00000      5.00000     -4.69550     -0.18162     -0.64746
     50.00000      5.00000     -4.13665      0.26926     -0.42686
     55.00000      5.00000     -3.32254      0.64237     -0.13206
     60.00000      5.00000     -2.33583      0.90250      0.21718
     65.00000      5.00000     -1.26879      1.03146      0.59832
     70.00000      5.00000     -0.21426      1.03013      0.98723
     75.00000      5.00000      0.74306      0.91787      1.35959
     80.00000      5.00000      1.53409      0.72929      1.69247
     85.00000      5.00000      2.11112      0.50893      1.96613
     90.00000      5.00000      2.45116      0.30456      2.16579
     95.00000      5.00000      2.55664      0.16011      2.28310
    100.00000      5.00000      2.45340      0.10916      2.31707
    105.00000      5.00000      2.18606      0.17004      2.27421
    110.00000      5.00000      1.81130      0.34327      2.16777
    115.00000      5.00000      1.38983      0.61177      2.01595
    120.00000      5.00000      0.97827      0.94377      1.83950
    125.00000      5.00000      0.62192      1.29803      1.65893
    130.00000      5.00000      0.34978      1.63049      1.49187
    135.00000      5.00000      0.17256      1.90127      1.35104
    140.00000      5.00000      0.08396      2.08077      1.24324
    145.00000      5.00000      0.06502      2.15393      1.16943
    150.00000      5.00000      0.09054      2.12176      1.12599
    155.00000      5.00000      0.13615      2.00009      1.10668
    160.00000      5.00000      0.18445      1.81568      1.10490
    165.00000      5.00000      0.22889      1.60060      1.11561
    170.00000      5.00000      0.27420      1.38588      1.13651
    175.00000      5.00000      0.33341      1.19592      1.16816
    180.00000      5.00000      0.42211      1.04446      1.21290
    185.00000      5.00000      0.55119      0.93321      1.27309
    190.00000      5.00000      0.72021      0.85304      1.34888
    195.00000      5.00000      0.91296      0.78762      1.43642
    200.00000      5.00000      1.09704      0.71848      1.52685
    205.00000      5.00000      1.22768      0.63042      1.60665
    210.00000      5.00000      1.25581      0.51595      1.65940
    215.00000      5.00000      1.13867      0.37775      1.66867
    220.00000      5.00000      0.85084      0.22863      1.62161
    225.00000      5.00000      0.39340      0.08896      1.51237
    230.00000      5.00000     -0.20128     -0.01789      1.34472
    235.00000      5.00000     -0.87028     -0.07100      1.13310
    240.00000      5.00000     -1.52701     -0.05692      0.90184
    245.00000      5.00000     -2.07294      0.02668      0.68248
    250.00000      5.00000     -2.41255      0.16991      0.50968
    255.00000      5.00000     -2.46835      0.35218      0.41626
    260.00000      5.00000     -2.19346      0.54612      0.42843
    265.00000      5.00000     -1.57915      0.72306      0.56180
    270.00000      5.00000     -0.65610      0.85892      0.81906
    275.00000      5.00000      0.51081      0.93900      1.18946
    280.00000      5.00000      1.83297      0.96089      1.65032
    285.00000      5.00000      3.21157      0.93451      2.16993
    290.00000      5.00000      4.55151      0.87947      2.71155
    295.00000      5.00000      5.77309      0.82021      3.23751
    300.00000      5.00000      6.81931      0.77994      3.71302
    305.00000      5.00000      7.65801      0.77479      4.10901
    310.00000      5.00000      8.27897      0.80934      4.40374
    315.00000      5.00000      8.68715      0.87468      4.58342
    320.00000      5.00000      8.89429      0.94933      4.64171
    325.00000      5.00000      8.91098      1.00306      4.57881
    330.00000      5.00000      8.74124      1.00273      4.40022
    335.00000      5.00000      8.38083      0.91921      4.11573
    340.00000      5.00000      7.81953      0.73385      3.73854
    345.00000      5.00000      7.04678      0.44331      3.28485
    350.00000      5.00000      6.05915      0.06186      2.77344
    355.00000      5.00000      4.86766     -0.37952      2.22544
    360.00000      5.00000      3.50330     -0.83687      1.66378
      0.00000     10.00000      4.52705     -0.96388      1.54790
      5.00000     10.00000      3.01242     -1.43167      1.06941
     10.00000     10.00000      1.41071     -1.81048      0.63481
     15.00000     10.00000     -0.18760     -2.05418      0.25963
     20.00000     10.00000     -1.68218     -2.13158     -0.04412
     25.00000     10.00000     -2.97386     -2.03106     -0.26820
     30.00000     10.00000     -3.97605     -1.76241     -0.40818
     35.00000     10.00000     -4.62473     -1.35553     -0.46322
     40.00000     10.00000     -4.88571     -0.85630     -0.43575
     45.00000     10.00000     -4.75825     -0.32026     -0.33117
     50.00000     10.00000     -4.27478      0.19491     -0.15760
     55.00000     10.00000     -3.49686      0.63712      0.07431
     60.00000     10.00000     -2.50829      0.96665      0.35142
     65.00000     10.00000     -1.40606      1.16105      0.65832
     70.00000     10.00000     -0.29047      1.21753      0.97761
     75.00000     10.00000      0.74475      1.15266      1.29065
     80.00000     10.00000      1.62108      0.99921      1.57859
     85.00000     10.00000      2.28204      0.80091      1.82390
     90.00000     10.00000      2.69741      0.60569      2.01203
     95.00000     10.00000      2.86440      0.45846      2.13306
    100.00000     10.00000      2.80590      0.39455      2.18306
    105.00000     10.00000      2.56573      0.43462      2.16466
    110.00000     10.00000      2.20169      0.58198      2.08685
    115.00000     10.00000      1.77710      0.82260      1.96381
    120.00000     10.00000      1.35228      1.12780      1.81289
    125.00000     10.00000      0.97685      1.45919      1.65220
    130.00000     10.00000      0.68442      1.77501      1.49809
    135.00000     10.00000      0.49006      2.03682      1.36305
    140.00000     10.00000      0.39131      2.21533      1.25453
    145.00000     10.00000      0.37200      2.29451      1.17469
    150.00000     10.00000      0.40829      2.27314      1.12126
    155.00000     10.00000      0.47543      2.16383      1.08921
    160.00000     10.00000      0.55368      1.98952      1.07275
    165.00000     10.00000      0.63217      1.77849      1.06723
    170.00000     10.00000      0.70969      1.55868      1.07038
    175.00000     10.00000      0.79234      1.35265      1.08269
    180.00000     10.00000      0.88862      1.17407      1.10668
    185.00000     10.00000      1.00330      1.02644      1.14535
    190.00000     10.00000      1.13183      0.90421      1.20029
    195.00000     10.00000      1.25686      0.79585      1.26977
    200.00000     10.00000      1.34833      0.68831      1.34760
    205.00000     10.00000      1.36750      0.57146      1.42310
    210.00000     10.00000      1.27450      0.44174      1.48223
    215.00000     10.00000      1.03794      0.30398      1.51004
    220.00000     10.00000      0.64471      0.17095      1.49367
    225.00000     10.00000      0.10744      0.06078      1.42560
    230.00000     10.00000     -0.53218     -0.00725      1.30628
    235.00000     10.00000     -1.20544     -0.01748      1.14551
    240.00000     10.00000     -1.82428      0.03783      0.96236
    245.00000     10.00000     -2.29328      0.15588      0.78319
    250.00000     10.00000     -2.52416      0.32281      0.63844
    255.00000     10.00000     -2.44990      0.51582      0.55834
    260.00000     10.00000     -2.03589      0.70727      0.56845
    265.00000     10.00000     -1.28599      0.87006      0.68579
    270.00000     10.00000     -0.24216      0.98308      0.91613
    275.00000     10.00000      1.02204      1.03552      1.25287
    280.00000     10.00000      2.41285      1.02903      1.67764
    285.00000     10.00000      3.83028      0.97724      2.16252
    290.00000     10.00000      5.18197      0.90260      2.67330
    295.00000     10.00000      6.39428      0.83119      3.17330
    300.00000     10.00000      7.41866      0.78660      3.62720
    305.00000     10.00000      8.23260      0.78409      4.00422
    310.00000     10.00000      8.83535      0.82638      4.28050
    315.00000     10.00000      9.23991      0.90201      4.44038
    320.00000     10.00000      9.46355      0.98656      4.47670
    325.00000     10.00000      9.51909      1.04686      4.39029
    330.00000     10.00000      9.40907      1.04715      4.18899
    335.00000     10.00000      9.12417      0.95624      3.88625
    340.00000     10.00000      8.64599      0.75424      3.49979
    345.00000     10.00000      7.95367      0.43760      3.05025
    350.00000     10.00000      7.03253      0.02142      2.55994
    355.00000     10.00000      5.88291     -0.46136      2.05170
    360.00000     10.00000      4.52705     -0.96388      1.54790
      0.00000     15.00000      5.55361     -1.06911      1.41076
      5.00000     15.00000      4.08226     -1.56723      1.02533
     10.00000     15.00000      2.47973     -1.97472      0.69114
     15.00000     15.00000      0.83460     -2.24269      0.41618
     20.00000     15.00000     -0.75022     -2.33720      0.20433
     25.00000     15.00000     -2.16875     -2.24418      0.05601
     30.00000     15.00000     -3.32416     -1.97150     -0.03082
     35.00000     15.00000     -4.13990     -1.54791     -0.05968
     40.00000     15.00000     -4.56844     -1.01905     -0.03478
     45.00000     15.00000     -4.59639     -0.44122      0.03950
     50.00000     15.00000     -4.24548      0.12624      0.15867
     55.00000     15.00000     -3.56965      0.62881      0.31782
     60.00000     15.00000     -2.64860      1.02375      0.51097
     65.00000     15.00000     -1.57887      1.28524      0.73047
     70.00000     15.00000     -0.46348      1.40707      0.96643
     75.00000     15.00000      0.59856      1.40245      1.20672
     80.00000     15.00000      1.52191      1.30117      1.43741
     85.00000     15.00000      2.24260      1.14447      1.64387
     90.00000     15.00000      2.72309      0.97852      1.81237
     95.00000     15.00000      2.95422      0.84730      1.93178
    100.00000     15.00000      2.95379      0.78618      1.99524
    105.00000     15.00000      2.76216      0.81690      2.00126
    110.00000     15.00000      2.43532      0.94486      1.95407
    115.00000     15.00000      2.03645      1.15895      1.86307
    120.00000     15.00000      1.62717      1.43402      1.74140
    125.00000     15.00000      1.25966      1.73539      1.60394
    130.00000     15.00000      0.97090      2.02467      1.46502
    135.00000     15.00000      0.77982      2.26596      1.33649
    140.00000     15.00000      0.68754      2.43123      1.22622
    145.00000     15.00000      0.68069      2.50417      1.13766
    150.00000     15.00000      0.73676      2.48173      1.07030
    155.00000     15.00000      0.83028      2.37336      1.02084
    160.00000     15.00000      0.93851      2.19810      0.98498
    165.00000     15.00000      1.04537      1.98024      0.95910
    170.00000     15.00000      1.14271      1.74450      0.94149
    175.00000     15.00000      1.22887      1.51171      0.93294
    180.00000     15.00000      1.30506      1.29577      0.93628
    185.00000     15.00000      1.37059      1.10255      0.95517
    190.00000     15.00000      1.41859      0.93076      0.99239
    195.00000     15.00000      1.43348      0.77451      1.04807
    200.00000     15.00000      1.39147      0.62674      1.11844
    205.00000     15.00000      1.26425      0.48277      1.19537
    210.00000     15.00000      1.02550      0.34298      1.26711
    215.00000     15.00000      0.65891      0.21384      1.32004
    220.00000     15.00000      0.16596      0.10722      1.34131
    225.00000     15.00000     -0.42870      0.03782      1.32167
    230.00000     15.00000     -1.07563      0.01951      1.25808
    235.00000     15.00000     -1.70390      0.06143      1.15549
    240.00000     15.00000     -2.22915      0.16467      1.02720
    245.00000     15.00000     -2.56514      0.32060      0.89380
    250.00000     15.00000     -2.63708      0.51128      0.78076
    255.00000     15.00000     -2.39393      0.71199      0.71490
    260.00000     15.00000     -1.81751      0.89546      0.72045
    265.00000     15.00000     -0.92648      1.03701      0.81531
    270.00000     15.00000      0.22571      1.11942      1.00810
    275.00000     15.00000      1.55858      1.13654      1.29650
    280.00000     15.00000      2.97651      1.09464      1.66708
    285.00000     15.00000      4.38266      1.01128      2.09663
    290.00000     15.00000      5.69204      0.91170      2.55476
    295.00000     15.00000      6.84155      0.82339      3.00726
    300.00000     15.00000      7.79495      0.76999      3.41980
    305.00000     15.00000      8.54234      0.76568      3.76137
    310.00000     15.00000      9.09452      0.81130      4.00717
    315.00000     15.00000      9.47389      0.89302      4.14055
    320.00000     15.00000      9.70401      0.98403      4.15395
    325.00000     15.00000      9.80034      1.04890      4.04890
    330.00000     15.00000      9.76419      1.05003      3.83511
    335.00000     15.00000      9.58121      0.95489      3.52901
    340.00000     15.00000      9.22464      0.74280      3.15183
    345.00000     15.00000      8.66263      0.41001      2.72751
    350.00000     15.00000      7.86797     -0.02796      2.28070
    355.00000     15.00000      6.82817     -0.53716      1.83487
    360.00000     15.00000      5.55361     -1.06911      1.41076
      0.00000     20.00000      6.48867     -1.13640      1.26625
      5.00000     20.00000      5.13130     -1.64354      0.98177
     10.00000     20.00000      3.60126     -2.06144      0.75310
     15.00000     20.00000      1.98056     -2.34034      0.58123
     20.00000     20.00000      0.36963     -2.44496      0.46255
     25.00000     20.00000     -1.12370     -2.35946      0.39041
     30.00000     20.00000     -2.39651     -2.08969      0.35692
     35.00000     20.00000     -3.36268     -1.66232      0.35460
     40.00000     20.00000     -3.96265     -1.12112      0.37767
     45.00000     20.00000     -4.16988     -0.52097      0.42271
     50.00000     20.00000     -3.99324      0.07958      0.48859
     55.00000     20.00000     -3.47528      0.62590      0.57574
     60.00000     20.00000     -2.68679      1.07426      0.68496
     65.00000     20.00000     -1.71842      1.39691      0.81599
     70.00000     20.00000     -0.67052      1.58481      0.96628
     75.00000     20.00000      0.35755      1.64774      1.13020
     80.00000     20.00000      1.27754      1.61158      1.29892
     85.00000     20.00000      2.02066      1.51365      1.46110
     90.00000     20.00000      2.54332      1.39647      1.60425
     95.00000     20.00000      2.82980      1.30110      1.71646
    100.00000     20.00000      2.89146      1.26107      1.78833
    105.00000     20.00000      2.76285      1.29763      1.81445
    110.00000     20.00000      2.49526      1.41716      1.79433
    115.00000     20.00000      2.14860      1.61094      1.73245
    120.00000     20.00000      1.78281      1.85724      1.63744
    125.00000     20.00000      1.45003      2.12543      1.52057
    130.00000     20.00000      1.18863      2.38114      1.39387
    135.00000     20.00000      1.01991      2.59182      1.26822
    140.00000     20.00000      0.94779      2.73158      1.15189
    145.00000     20.00000      0.96128      2.78461      1.04980
    150.00000     20.00000      1.03904      2.74672      0.96351
    155.00000     20.00000      1.15492      2.62478      0.89207
    160.00000     20.00000      1.28329      2.43440      0.83330
    165.00000     20.00000      1.40299      2.19633      0.78526
    170.00000     20.00000      1.49923      1.93251      0.74735
    175.00000     20.00000      1.56320      1.66244      0.72099
    180.00000     20.00000      1.58982      1.40072      0.70937
    185.00000     20.00000      1.57457      1.15601      0.71652
    190.00000     20.00000      1.51044      0.93165      0.74592
    195.00000     20.00000      1.38637      0.72751      0.79882
    200.00000     20.00000      1.18785      0.54250      0.87299
    205.00000     20.00000      0.89992      0.37706      0.96205
    210.00000     20.00000      0.51228      0.23487      1.05577
    215.00000     20.00000      0.02521      0.12325      1.14139
    220.00000     20.00000     -0.54506      0.05216      1.20574
    225.00000     20.00000     -1.16311      0.03190      1.23778
    230.00000     20.00000     -1.77460      0.07008      1.23117
    235.00000     20.00000     -2.31041      0.16864      1.18620
    240.00000     20.00000     -2.69469      0.32166      1.11069
    245.00000     20.00000     -2.85542      0.51476      1.01966
    250.00000     20.00000     -2.73580      0.72623      0.93367
    255.00000     20.00000     -2.30426      0.92999      0.87606
    260.00000     20.00000     -1.56101      1.09985      0.86955
    265.00000     20.00000     -0.53975      1.21423      0.93272
    270.00000     20.00000      0.69601      1.26036      1.07690
    275.00000     20.00000      2.06164      1.23700      1.30404
    280.00000     20.00000      3.46335      1.15509      1.60591
    285.00000     20.00000      4.81140      1.03593      1.96460
    290.00000     20.00000      6.03196      0.90717      2.35438
    295.00000     20.00000      7.07555      0.79732      2.74459
    300.00000     20.00000      7.92039      0.72976      3.10308
    305.00000     20.00000      8.57044      0.71756      3.39976
    310.00000     20.00000      9.04855      0.75991      3.60984
    315.00000     20.00000      9.38648      0.84129      3.71627
    320.00000     20.00000      9.61396      0.93339      3.71128
    325.00000     20.00000      9.74913      0.99967      3.59674
    330.00000     20.00000      9.79249      1.00181      3.38348
    335.00000     20.00000      9.72545      0.90686      3.08977
    340.00000     20.00000      9.51390      0.69389      2.73899
    345.00000     20.00000      9.11598      0.35894      2.35702
    350.00000     20.00000      8.49246     -0.08267      1.96959
    355.00000     20.00000      7.61765     -0.59723      1.59981
    360.00000     20.00000      6.48867     -1.13640      1.26625
      0.00000     25.00000      7.24109     -1.15093      1.12830
      5.00000     25.00000      6.05622     -1.64191      0.94023
     10.00000     25.00000      4.66579     -2.04843      0.80943
     15.00000     25.00000      3.14133     -2.32205      0.73128
     20.00000     25.00000      1.57581     -2.42776      0.69625
     25.00000     25.00000      0.07352     -2.34889      0.69215
     30.00000     25.00000     -1.26184     -2.08928      0.70652
     35.00000     25.00000     -2.33910     -1.67266      0.72881
     40.00000     25.00000     -3.08987     -1.13929      0.75199
     45.00000     25.00000     -3.47597     -0.54035      0.77339
     50.00000     25.00000     -3.49301      0.06887      0.79455
     55.00000     25.00000     -3.16996      0.63625      0.82019
     60.00000     25.00000     -2.56496      1.11930      0.85663
     65.00000     25.00000     -1.75793      1.49002      0.90977
     70.00000     25.00000     -0.84119      1.73760      0.98328
     75.00000     25.00000      0.09088      1.86853      1.07721
     80.00000     25.00000      0.95183      1.90430      1.18737
     85.00000     25.00000      1.67175      1.87711      1.30560
     90.00000     25.00000      2.20339      1.82424      1.42088
     95.00000     25.00000      2.52538      1.78204      1.52104
    100.00000     25.00000      2.64218      1.78039      1.59473
    105.00000     25.00000      2.58092      1.83846      1.63328
    110.00000     25.00000      2.38569      1.96232      1.63208
    115.00000     25.00000      2.11011      2.14471      1.59111
    120.00000     25.00000      1.80930      2.36690      1.51480
    125.00000     25.00000      1.53239      2.60222      1.41097
    130.00000     25.00000      1.31660      2.82055      1.28935
    135.00000     25.00000      1.18369      2.99319      1.15991
    140.00000     25.00000      1.13905      3.09702      1.03139
    145.00000     25.00000      1.17340      3.11756      0.91031
    150.00000     25.00000      1.26654      3.05030      0.80066
    155.00000     25.00000      1.39208      2.90045      0.70426
    160.00000     25.00000      1.52234      2.68107      0.62158
    165.00000     25.00000      1.63231      2.41025      0.55286
    170.00000     25.00000      1.70208      2.10792      0.49903
    175.00000     25.00000      1.71747      1.79294      0.46232
    180.00000     25.00000      1.66917      1.48105      0.44615
    185.00000     25.00000      1.55093      1.18391      0.45450
    190.00000     25.00000      1.35782      0.90941      0.49070
    195.00000     25.00000      1.08529      0.66278      0.55607
    200.00000     25.00000      0.72972      0.44819      0.64870
    205.00000     25.00000      0.29053      0.27030      0.76271
    210.00000     25.00000     -0.22644      0.13503      0.88833
    215.00000     25.00000     -0.80520      0.04952      1.01287
    220.00000     25.00000     -1.41666      0.02090      1.12245
    225.00000     25.00000     -2.01754      0.05439      1.20431
    230.00000     25.00000     -2.55214      0.15097      1.24924
    235.00000     25.00000     -2.95710      0.30540      1.25360
    240.00000     25.00000     -3.16890      0.50514      1.22064
    245.00000     25.00000     -3.13295      0.73063      1.16070
    250.00000     25.00000     -2.81266      0.95719      1.09021
    255.00000     25.00000     -2.19681      1.15817      1.02958
    260.00000     25.00000     -1.30347      1.30916      1.00028
    265.00000     25.00000     -0.17953      1.39210      1.02158
    270.00000     25.00000      1.10438      1.39877      1.10736
    275.00000     25.00000      2.46300      1.33273      1.26373
    280.00000     25.00000      3.80798      1.20910      1.48755
    285.00000     25.00000      5.05988      1.05229      1.76632
    290.00000     25.00000      6.15842      0.89172      2.07937
    295.00000     25.00000      7.06902      0.75636      2.40021
    300.00000     25.00000      7.78461      0.66913      2.69963
    305.00000     25.00000      8.32227      0.64206      2.94929
    310.00000     25.00000      8.71559      0.67328      3.12502
    315.00000     25.00000      9.00426      0.74653      3.20975
    320.00000     25.00000      9.22305      0.83325      3.19539
    325.00000     25.00000      9.39237      0.89720      3.08355
    330.00000     25.00000      9.51236      0.90066      2.88517
    335.00000     25.00000      9.56162      0.81131      2.61894
    340.00000     25.00000      9.50080      0.60855      2.30881
    345.00000     25.00000      9.28048      0.28814      1.98113
    350.00000     25.00000      8.85168     -0.13563      1.66145
    355.00000     25.00000      8.17712     -0.63071      1.37177
    360.00000     25.00000      7.24109     -1.15093      1.12830
      0.00000     30.00000      7.73773     -1.10192      1.00764
      5.00000     30.00000      6.76452     -1.55121      0.90116
     10.00000     30.00000      5.56604     -1.92423      0.85020
     15.00000     30.00000      4.20070     -2.17596      0.84647
     20.00000     30.00000      2.74990     -2.27338      0.87674
     25.00000     30.00000      1.30921     -2.19989      0.92539
     30.00000     30.00000     -0.02251     -1.95750      0.97716
     35.00000     30.00000     -1.15443     -1.56629      1.01960
     40.00000     30.00000     -2.01388     -1.06153      1.04497
     45.00000     30.00000     -2.55423     -0.48873      1.05108
     50.00000     30.00000     -2.75928      0.10251      1.04118
     55.00000     30.00000     -2.64404      0.66494      1.02282
     60.00000     30.00000     -2.25187      1.15949      1.00600
     65.00000     30.00000     -1.64841      1.55968      1.00083
     70.00000     30.00000     -0.91343      1.85403      1.01542
     75.00000     30.00000     -0.13140      2.04625      1.05401
     80.00000     30.00000      0.61785      2.15325      1.11601
     85.00000     30.00000      1.26736      2.20137      1.19596
     90.00000     30.00000      1.76932      2.22152      1.28431
     95.00000     30.00000      2.09855      2.24394      1.36907
    100.00000     30.00000      2.25311      2.29340      1.43774
    105.00000     30.00000      2.25200      2.38559      1.47938
    110.00000     30.00000      2.13038      2.52506      1.48624
    115.00000     30.00000      1.93317      2.70507      1.45483
    120.00000     30.00000      1.70788      2.90919      1.38611
    125.00000     30.00000      1.49782      3.11430      1.28506
    130.00000     30.00000      1.33648      3.29448      1.15953
    135.00000     30.00000      1.24398      3.42503      1.01882
    140.00000     30.00000      1.22576      3.48605      0.87227
    145.00000     30.00000      1.27360      3.46502      0.72815
    150.00000     30.00000      1.36847      3.35799      0.59303
    155.00000     30.00000      1.48458      3.16951      0.47168
    160.00000     30.00000      1.59368      2.91114      0.36751
    165.00000     30.00000      1.66894      2.59937      0.28317
    170.00000     30.00000      1.68773      2.25303      0.22130
    175.00000     30.00000      1.63309      1.89101      0.18489
    180.00000     30.00000      1.49397      1.53051      0.17732
    185.00000     30.00000      1.26469      1.18614      0.20190
    190.00000     30.00000      0.94405      0.86979      0.26092
    195.00000     30.00000      0.53496      0.59117      0.35456
    200.00000     30.00000      0.04464      0.35856      0.47990
    205.00000     30.00000     -0.51416      0.17951      0.63025
    210.00000     30.00000     -1.12155      0.06094      0.79518
    215.00000     30.00000     -1.74883      0.00869      0.96128
    220.00000     30.00000     -2.35764      0.02639      1.11368
    225.00000     30.00000     -2.90077      0.11391      1.23811
    230.00000     30.00000     -3.32494      0.26582      1.32319
    235.00000     30.00000     -3.57579      0.47034      1.36249
    240.00000     30.00000     -3.60441      0.70927      1.35603
    245.00000     30.00000     -3.37467      0.95900      1.31084
    250.00000     30.00000     -2.86985      1.19297      1.24044
    255.00000     30.00000     -2.09737      1.38491      1.16321
    260.00000     30.00000     -1.09026      1.51273      1.09989
    265.00000     30.00000      0.09505      1.56208      1.07051
    270.00000     30.00000      1.38480      1.52908      1.09134
    275.00000     30.00000      2.69693      1.42141      1.17221
    280.00000     30.00000      3.95168      1.25755      1.31467
    285.00000     30.00000      5.08202      1.06404      1.51133
    290.00000     30.00000      6.04194      0.87121      1.74651
    295.00000     30.00000      6.81126      0.70791      1.99806
    300.00000     30.00000      7.39586      0.59636      2.24014
    305.00000     30.00000      7.82344      0.54781      2.44658
    310.00000     30.00000      8.13546      0.56008      2.59430
    315.00000     30.00000      8.37685      0.61726      2.66631
    320.00000     30.00000      8.58543      0.69200      2.65396
    325.00000     30.00000      8.78301      0.74985      2.55795
    330.00000     30.00000      8.96979      0.75507      2.38815
    335.00000     30.00000      9.12328      0.67702      2.16218
    340.00000     30.00000      9.20177      0.49593      1.90303
    345.00000     30.00000      9.15180      0.20715      1.63595
    350.00000     30.00000      8.91833     -0.17685      1.38521
    355.00000     30.00000      8.45574     -0.62721      1.17111
    360.00000     30.00000      7.73773     -1.10192      1.00764
      0.00000     35.00000      7.93419     -0.98512      0.90892
      5.00000     35.00000      7.18862     -1.37075      0.86278
     10.00000     35.00000      6.21356     -1.69120      0.86738
     15.00000     35.00000      5.05324     -1.90676      0.91294
     20.00000     35.00000      3.77475     -1.98781      0.98492
     25.00000     35.00000      2.46078     -1.91874      1.06663
     30.00000     35.00000      1.20029     -1.69990      1.14198
     35.00000     35.00000      0.07839     -1.34731      1.19805
     40.00000     35.00000     -0.83316     -0.89015      1.22694
     45.00000     35.00000     -1.48349     -0.36669      1.22675
     50.00000     35.00000     -1.84758      0.18099      1.20146
     55.00000     35.00000     -1.92783      0.71243      1.15980
     60.00000     35.00000     -1.75252      1.19381      1.11337
     65.00000     35.00000     -1.37122      1.60167      1.07430
     70.00000     35.00000     -0.84811      1.92497      1.05292
     75.00000     35.00000     -0.25398      2.16527      1.05582
     80.00000     35.00000      0.34197      2.33503      1.08466
     85.00000     35.00000      0.87966      2.45450      1.13585
     90.00000     35.00000      1.31393      2.54764      1.20116
     95.00000     35.00000      1.61817      2.63778      1.26914
    100.00000     35.00000      1.78537      2.74368      1.32701
    105.00000     35.00000      1.82664      2.87657      1.36269
    110.00000     35.00000      1.76753      3.03858      1.36660
    115.00000     35.00000      1.64280      3.22267      1.33301
    120.00000     35.00000      1.49040      3.41402      1.26061
    125.00000     35.00000      1.34563      3.59257      1.15241
    130.00000     35.00000      1.23618      3.73626      1.01501
    135.00000     35.00000      1.17874      3.82432      0.85739
    140.00000     35.00000      1.17756      3.84026      0.68965
    145.00000     35.00000      1.22494      3.77396      0.52180
    150.00000     35.00000      1.30329      3.62277      0.36288
    155.00000     35.00000      1.38847      3.39140      0.22055
    160.00000     35.00000      1.45347      3.09098      0.10100
    165.00000     35.00000      1.47203      2.73729      0.00924
    170.00000     35.00000      1.42157      2.34887     -0.05058
    175.00000     35.00000      1.28512      1.94511     -0.07489
    180.00000     35.00000      1.05245      1.54473     -0.06078
    185.00000     35.00000      0.72020      1.16482     -0.00624
    190.00000     35.00000      0.29185      0.82045      0.08913
    195.00000     35.00000     -0.22260      0.52456      0.22336
    200.00000     35.00000     -0.80663      0.28810      0.39138
    205.00000     35.00000     -1.43704      0.12003      0.58463
    210.00000     35.00000     -2.08370      0.02701      0.79111
    215.00000     35.00000     -2.70962      0.01273      0.99618
    220.00000     35.00000     -3.27184      0.07694      1.18390
    225.00000     35.00000     -3.72343      0.21437      1.33896
    230.00000     35.00000     -4.01693      0.41393      1.44872
    235.00000     35.00000     -4.10900      0.65852      1.50527
    240.00000     35.00000     -3.96586      0.92568      1.50693
    245.00000     35.00000     -3.56868      1.18926      1.45895
    250.00000     35.00000     -2.91796      1.42207      1.37325
    255.00000     35.00000     -2.03587      1.59915      1.26714
    260.00000     35.00000     -0.96579      1.70115      1.16111
    265.00000     35.00000      0.23118      1.71737      1.07604
    270.00000     35.00000      1.48263      1.64764      1.03017
    275.00000     35.00000      2.71328      1.50286      1.03641
    280.00000     35.00000      3.85427      1.30367      1.10028
    285.00000     35.00000      4.85176      1.07761      1.21886
    290.00000     35.00000      5.67328      0.85491      1.38103
    295.00000     35.00000      6.31087      0.66368      1.56882
    300.00000     35.00000      6.78015      0.52523      1.75985
    305.00000     35.00000      7.11555      0.45035      1.93037
    310.00000     35.00000      7.36246      0.43727      2.05861
    315.00000     35.00000      7.56758      0.47164      2.12779
    320.00000     35.00000      7.76926      0.52865      2.12843
    325.00000     35.00000      7.98942      0.57703      2.05968
    330.00000     35.00000      8.22863      0.58430      1.92933
    335.00000     35.00000      8.46509      0.52242      1.75263
    340.00000     35.00000      8.65779      0.37287      1.55011
    345.00000     35.00000      8.75327      0.13048      1.34461
    350.00000     35.00000      8.69490     -0.19486      1.15814
    355.00000     35.00000      8.43298     -0.57877      1.00890
    360.00000     35.00000      7.93419     -0.98512      0.90892
      0.00000     40.00000      7.81945     -0.80430      0.82902
      5.00000     40.00000      7.29444     -1.11140      0.82016
     10.00000     40.00000      6.55091     -1.36640      0.85475
     15.00000     40.00000      5.61942     -1.53618      0.92350
     20.00000     40.00000      4.55170     -1.59558      1.01281
     25.00000     40.00000      3.41501     -1.53072      1.10708
     30.00000     40.00000      2.28463     -1.34058      1.19129
     35.00000     40.00000      1.23535     -1.03692      1.25335
     40.00000     40.00000      0.33327     -0.64234      1.28589
     45.00000     40.00000     -0.37113     -0.18694      1.28716
     50.00000     40.00000     -0.84781      0.29579      1.26102
     55.00000     40.00000     -1.08932      0.77342      1.21588
     60.00000     40.00000     -1.11030      1.21857      1.16302
     65.00000     40.00000     -0.94433      1.61185      1.11441
     70.00000     40.00000     -0.63890      1.94357      1.08049
     75.00000     40.00000     -0.24903      2.21379      1.06834
     80.00000     40.00000      0.16944      2.43099      1.08039
     85.00000     40.00000      0.56622      2.60953      1.11404
     90.00000     40.00000      0.90167      2.76645      1.16210
     95.00000     40.00000      1.15020      2.91805      1.21397
    100.00000     40.00000      1.30155      3.07681      1.25736
    105.00000     40.00000      1.36009      3.24916      1.28020
    110.00000     40.00000      1.34214      3.43436      1.27244
    115.00000     40.00000      1.27202      3.62456      1.22749
    120.00000     40.00000      1.17736      3.80603      1.14300
    125.00000     40.00000      1.08431      3.96129      1.02102
    130.00000     40.00000      1.01350      4.07174      0.86757
    135.00000     40.00000      0.97709      4.12030      0.69166
    140.00000     40.00000      0.97736      4.09386      0.50417
    145.00000     40.00000      1.00683      3.98492      0.31663
    150.00000     40.00000      1.04977      3.79251      0.14019
    155.00000     40.00000      1.08478      3.52218     -0.01510
    160.00000     40.00000      1.08787      3.18525     -0.14071
    165.00000     40.00000      1.03563      2.79748     -0.22975
    170.00000     40.00000      0.90802      2.37754     -0.27696
    175.00000     40.00000      0.69055      1.94540     -0.27865
    180.00000     40.00000      0.37568      1.52100     -0.23277
    185.00000     40.00000     -0.03645      1.12322     -0.13913
    190.00000     40.00000     -0.53785      0.76909      0.00021
    195.00000     40.00000     -1.11282      0.47340      0.18048
    200.00000     40.00000     -1.73839      0.24824      0.39383
    205.00000     40.00000     -2.38484      0.10262      0.62923
    210.00000     40.00000     -3.01659      0.04189      0.87275
    215.00000     40.00000     -3.59345      0.06708      1.10839
    220.00000     40.00000     -4.07255      0.17411      1.31941
    225.00000     40.00000     -4.41111      0.35331      1.49007
    230.00000     40.00000     -4.56987      0.58915      1.60755
    235.00000     40.00000     -4.51719      0.86078      1.66372
    240.00000     40.00000     -4.23322      1.14321      1.65660
    245.00000     40.00000     -3.71348      1.40937      1.59101
    250.00000     40.00000     -2.97133      1.63278      1.47841
    255.00000     40.00000     -2.03842      1.79054      1.33577
    260.00000     40.00000     -0.96296      1.86635      1.18359
    265.00000     40.00000      0.19445      1.85275      1.04339
    270.00000     40.00000      1.36696      1.75252      0.93479
    275.00000     40.00000      2.48897      1.57856      0.87293
    280.00000     40.00000      3.50376      1.35242      0.86632
    285.00000     40.00000      4.37023      1.10136      0.91564
    290.00000     40.00000      5.06747      0.85453      1.01366
    295.00000     40.00000      5.59648      0.63862      1.14623
    300.00000     40.00000      5.97851      0.47384      1.29430
    305.00000     40.00000      6.25030      0.37078      1.43672
    310.00000     40.00000      6.45683      0.32875      1.55321
    315.00000     40.00000      6.64290      0.33586      1.62731
    320.00000     40.00000      6.84467      0.37098      1.64867
    325.00000     40.00000      7.08284      0.40716      1.61447
    330.00000     40.00000      7.35836      0.41617      1.52970
    335.00000     40.00000      7.65165      0.37325      1.40626
    340.00000     40.00000      7.92522      0.26153      1.26110
    345.00000     40.00000      8.12944      0.07521      1.11364
    350.00000     40.00000      8.21051     -0.17889      0.98284
    355.00000     40.00000      8.11925     -0.48173      0.88449
    360.00000     40.00000      7.81945     -0.80430      0.82902
      0.00000     45.00000      7.41377     -0.57167      0.75713
      5.00000     45.00000      7.08301     -0.79490      0.76504
     10.00000     45.00000      6.55717     -0.97979      0.80742
     15.00000     45.00000      5.85504     -1.10044      0.87702
     20.00000     45.00000      5.01357     -1.13674      0.96280
     25.00000     45.00000      4.08386     -1.07694      1.05195
     30.00000     45.00000      3.12554     -0.91906      1.13196
     35.00000     45.00000      2.20004     -0.67079      1.19268
     40.00000     45.00000      1.36403     -0.34814      1.22783
     45.00000     45.00000      0.66352      0.02701      1.23581
     50.00000     45.00000      0.12958      0.43003      1.21975
     55.00000     45.00000     -0.22401      0.83687      1.18663
     60.00000     45.00000     -0.40101      1.22700      1.14593
     65.00000     45.00000     -0.42082      1.58567      1.10773
     70.00000     45.00000     -0.31503      1.90508      1.08088
     75.00000     45.00000     -0.12272      2.18442      1.07136
     80.00000     45.00000      0.11461      2.42880      1.08116
     85.00000     45.00000      0.35807      2.64735      1.10789
     90.00000     45.00000      0.57551      2.85079      1.14510
     95.00000     45.00000      0.74443      3.04891      1.18325
    100.00000     45.00000      0.85335      3.24831      1.21119
    105.00000     45.00000      0.90161      3.45089      1.21787
    110.00000     45.00000      0.89765      3.65313      1.19397
    115.00000     45.00000      0.85628      3.84626      1.13325
    120.00000     45.00000      0.79522      4.01743      1.03345
    125.00000     45.00000      0.73159      4.15139      0.89654
    130.00000     45.00000      0.67878      4.23260      0.72852
    135.00000     45.00000      0.64415      4.24739      0.53863
    140.00000     45.00000      0.62777      4.18580      0.33837
    145.00000     45.00000      0.62247      4.04290      0.14030
    150.00000     45.00000      0.61479      3.81954     -0.04298
    155.00000     45.00000      0.58701      3.52232     -0.19983
    160.00000     45.00000      0.51951      3.16302     -0.32020
    165.00000     45.00000      0.39344      2.75756     -0.39607
    170.00000     45.00000      0.19313      2.32470     -0.42167
    175.00000     45.00000     -0.09184      1.88471     -0.39369
    180.00000     45.00000     -0.46524      1.45807     -0.31130
    185.00000     45.00000     -0.92331      1.06436     -0.17636
    190.00000     45.00000     -1.45448      0.72132      0.00645
    195.00000     45.00000     -2.03962      0.44414      0.22947
    200.00000     45.00000     -2.65269      0.24468      0.48205
    205.00000     45.00000     -3.26183      0.13091      0.75077
    210.00000     45.00000     -3.83081      0.10623      1.01996
    215.00000     45.00000     -4.32097      0.16888      1.27264
    220.00000     45.00000     -4.69362      0.31155      1.49186
    225.00000     45.00000     -4.91288      0.52123      1.66226
    230.00000     45.00000     -4.94888      0.77955      1.77175
    235.00000     45.00000     -4.78098      1.06372      1.81309
    240.00000     45.00000     -4.40068      1.34804      1.78506
    245.00000     45.00000     -3.81378      1.60609      1.69295
    250.00000     45.00000     -3.04131      1.81326      1.54843
    255.00000     45.00000     -2.11879      1.94940      1.36844
    260.00000     45.00000     -1.09382      2.00121      1.17342
    265.00000     45.00000     -0.02187      1.96401      0.98498
    270.00000     45.00000      1.03915      1.84251      0.82332
    275.00000     45.00000      2.03510      1.65045      0.70478
    280.00000     45.00000      2.92152      1.40892      0.63977
    285.00000     45.00000      3.66861      1.14374      0.63158
    290.00000     45.00000      4.26427      0.88198      0.67609
    295.00000     45.00000      4.71479      0.64831      0.76248
    300.00000     45.00000      5.04286      0.46160      0.87495
    305.00000     45.00000      5.28327      0.33234      0.99497
    310.00000     45.00000      5.47670      0.26134      1.10405
    315.00000     45.00000      5.66273      0.23980      1.18631
    320.00000     45.00000      5.87301      0.25095      1.23070
    325.00000     45.00000      6.12567      0.27289      1.23241
    330.00000     45.00000      6.42196      0.28223      1.19333
    335.00000     45.00000      6.74551      0.25800      1.12151
    340.00000     45.00000      7.06444      0.18523      1.02970
    345.00000     45.00000      7.33598      0.05757      0.93323
    350.00000     45.00000      7.51286     -0.12139      0.84753
    355.00000     45.00000      7.55046     -0.33828      0.78583
    360.00000     45.00000      7.41377     -0.57167      0.75713
      0.00000     50.00000      6.76089     -0.30684      0.67695
      5.00000     50.00000      6.58537     -0.45118      0.68678
     10.00000     50.00000      6.24637     -0.57020      0.72157
     15.00000     50.00000      5.75359     -0.64511      0.77682
     20.00000     50.00000      5.13118     -0.66090      0.84499
     25.00000     50.00000      4.41511     -0.60819      0.91694
     30.00000     50.00000      3.64923     -0.48438      0.98356
     35.00000     50.00000      2.88048     -0.29363      1.03729
     40.00000     50.00000      2.15389     -0.04599      1.07334
     45.00000     50.00000      1.50808      0.24423      1.09032
     50.00000     50.00000      0.97167      0.56066      1.09031
     55.00000     50.00000      0.56114      0.88712      1.07831
     60.00000     50.00000      0.28015      1.20965      1.06108
     65.00000     50.00000      0.12043      1.51805      1.04584
     70.00000     50.00000      0.06390      1.80664      1.03877
     75.00000     50.00000      0.08584      2.07422      1.04376
     80.00000     50.00000      0.15837      2.32330      1.06156
     85.00000     50.00000      0.25409      2.55872      1.08947
     90.00000     50.00000      0.34916      2.78590      1.12156
     95.00000     50.00000      0.42557      3.00918      1.14953
    100.00000     50.00000      0.47242      3.23030      1.16384
    105.00000     50.00000      0.48599      3.44742      1.15517
    110.00000     50.00000      0.46888      3.65479      1.11580
    115.00000     50.00000      0.42818      3.84306      1.04077
    120.00000     50.00000      0.37329      4.00031      0.92869
    125.00000     50.00000      0.31350      4.11336      0.78205
    130.00000     50.00000      0.25581      4.16949      0.60713
    135.00000     50.00000      0.20331      4.15806      0.41334
    140.00000     50.00000      0.15427      4.07195      0.21238
    145.00000     50.00000      0.10207      3.90855      0.01721
    150.00000     50.00000      0.03594      3.67031     -0.15910
    155.00000     50.00000     -0.05768      3.36474     -0.30433
    160.00000     50.00000     -0.19327      3.00390     -0.40791
    165.00000     50.00000     -0.38431      2.60358     -0.46158
    170.00000     50.00000     -0.64125      2.18220     -0.45982
    175.00000     50.00000     -0.96991      1.75957     -0.40009
    180.00000     50.00000     -1.37021      1.35573     -0.28297
    185.00000     50.00000     -1.83545      0.98978     -0.11228
    190.00000     50.00000     -2.35210      0.67887      0.10500
    195.00000     50.00000     -2.90013      0.43726      0.35882
    200.00000     50.00000     -3.45385      0.27555      0.63636
    205.00000     50.00000     -3.98314      0.19993      0.92251
    210.00000     50.00000     -4.45518      0.21162      1.20063
    215.00000     50.00000     -4.83649      0.30649      1.45358
    220.00000     50.00000     -5.09529      0.47489      1.66500
    225.00000     50.00000     -5.20410      0.70192      1.82069
    230.00000     50.00000     -5.14225      0.96806      1.91013
    235.00000     50.00000     -4.89827      1.25041      1.92764
    240.00000     50.00000     -4.47174      1.52430      1.87329
    245.00000     50.00000     -3.87429      1.76536      1.75328
    250.00000     50.00000     -3.12959      1.95178      1.57955
    255.00000     50.00000     -2.27200      2.06650      1.36883
    260.00000     50.00000     -1.34401      2.09910      1.14099
    265.00000     50.00000     -0.39258      2.04699      0.91700
    270.00000     50.00000      0.53539      1.91588      0.71663
    275.00000     50.00000      1.39774      1.71913      0.55627
    280.00000     50.00000      2.16139      1.47624      0.44717
    285.00000     50.00000      2.80576      1.21050      0.39423
    290.00000     50.00000      3.32461      0.94607      0.39571
    295.00000     50.00000      3.72609      0.70504      0.44366
    300.00000     50.00000      4.03082      0.50462      0.52531
    305.00000     50.00000      4.26827      0.35516      0.62494
    310.00000     50.00000      4.47192      0.25901      0.72615
    315.00000     50.00000      4.67383      0.21067      0.81411
    320.00000     50.00000      4.89943      0.19797      0.87751
    325.00000     50.00000      5.16333      0.20426      0.90990
    330.00000     50.00000      5.46679      0.21123      0.91032
    335.00000     50.00000      5.79708      0.20190      0.88299
    340.00000     50.00000      6.12908      0.16341      0.83634
    345.00000     50.00000      6.42866      0.08908      0.78144
    350.00000     50.00000      6.65748     -0.02042      0.73003
    355.00000     50.00000      6.77841     -0.15712      0.69263
    360.00000     50.00000      6.76089     -0.30684      0.67695
      0.00000     55.00000      5.91702     -0.03453      0.57064
      5.00000     55.00000      5.85282     -0.11422      0.57453
     10.00000     55.00000      5.65987     -0.17956      0.59453
     15.00000     55.00000      5.34180     -0.21815      0.62888
     20.00000     55.00000      4.91276     -0.21962      0.67357
     25.00000     55.00000      4.39593     -0.17698      0.72330
     30.00000     55.00000      3.82102     -0.08738      0.77247
     35.00000     55.00000      3.22106      0.04778      0.81628
     40.00000     55.00000      2.62903      0.22328      0.85153
     45.00000     55.00000      2.07464      0.43115      0.87715
     50.00000     55.00000      1.58168      0.66196      0.89419
     55.00000     55.00000      1.16621      0.90618      0.90552
     60.00000     55.00000      0.83579      1.15552      0.91508
     65.00000     55.00000      0.58964      1.40375      0.92691
     70.00000     55.00000      0.41987      1.64720      0.94422
     75.00000     55.00000      0.31321      1.88463      0.96854
     80.00000     55.00000      0.25330      2.11671      0.99910
     85.00000     55.00000      0.22297      2.34507      1.03269
     90.00000     55.00000      0.20635      2.57121      1.06390
     95.00000     55.00000      0.19049      2.79542      1.08574
    100.00000     55.00000      0.16634      3.01591      1.09057
    105.00000     55.00000      0.12908      3.22829      1.07119
    110.00000     55.00000      0.07763      3.42552      1.02193
    115.00000     55.00000      0.01380      3.59829      0.93958
    120.00000     55.00000     -0.05908      3.73589      0.82399
    125.00000     55.00000     -0.13755      3.82725      0.67840
    130.00000     55.00000     -0.21941      3.86228      0.50932
    135.00000     55.00000     -0.30464      3.83306      0.32601
    140.00000     55.00000     -0.39604      3.73489      0.13982
    145.00000     55.00000     -0.49923      3.56706     -0.03681
    150.00000     55.00000     -0.62213      3.33319     -0.19133
    155.00000     55.00000     -0.77405      3.04124     -0.31203
    160.00000     55.00000     -0.96442      2.70301     -0.38892
    165.00000     55.00000     -1.20138      2.33354     -0.41440
    170.00000     55.00000     -1.49042      1.95006     -0.38378
    175.00000     55.00000     -1.83316      1.57099     -0.29561
    180.00000     55.00000     -2.22649      1.21479     -0.15183
    185.00000     55.00000     -2.66204      0.89889      0.04224
    190.00000     55.00000     -3.12616      0.63864      0.27805
    195.00000     55.00000     -3.60028      0.44642      0.54416
    200.00000     55.00000     -4.06177      0.33079      0.82670
    205.00000     55.00000     -4.48518      0.29591      1.11006
    210.00000     55.00000     -4.84376      0.34104      1.37778
    215.00000     55.00000     -5.11133      0.46037      1.61361
    220.00000     55.00000     -5.26426      0.64313      1.80265
    225.00000     55.00000     -5.28345      0.87401      1.93264
    230.00000     55.00000     -5.15622      1.13407      1.99504
    235.00000     55.00000     -4.87783      1.40194      1.98603
    240.00000     55.00000     -4.45250      1.65541      1.90707
    245.00000     55.00000     -3.89370      1.87326      1.76501
    250.00000     55.00000     -3.22363      2.03709      1.57173
    255.00000     55.00000     -2.47177      2.13307      1.34313
    260.00000     55.00000     -1.67264      2.15330      1.09771
    265.00000     55.00000     -0.86284      2.09664      0.85485
    270.00000     55.00000     -0.07777      1.96886      0.63285
    275.00000     55.00000      0.65179      1.78198      0.44713
    280.00000     55.00000      1.30249      1.55295      0.30874
    285.00000     55.00000      1.86069      1.30168      0.22334
    290.00000     55.00000      2.32335      1.04883      0.19084
    295.00000     55.00000      2.69786      0.81337      0.20580
    300.00000     55.00000      3.00038      0.61053      0.25834
    305.00000     55.00000      3.25314      0.45022      0.33569
    310.00000     55.00000      3.48090      0.33613      0.42392
    315.00000     55.00000      3.70713      0.26579      0.50981
    320.00000     55.00000      3.95032      0.23137      0.58247
    325.00000     55.00000      4.22109      0.22123      0.63453
    330.00000     55.00000      4.52035      0.22198      0.66279
    335.00000     55.00000      4.83893      0.22058      0.66823
    340.00000     55.00000      5.15855      0.20645      0.65539
    345.00000     55.00000      5.45416      0.17302      0.63130
    350.00000     55.00000      5.69724      0.11866      0.60415
    355.00000     55.00000      5.85957      0.04682      0.58181
    360.00000     55.00000      5.91702     -0.03453      0.57064
      0.00000     60.00000      4.93972      0.21858      0.42361
      5.00000     60.00000      4.94523      0.18282      0.42014
     10.00000     60.00000      4.85530      0.15339      0.42562
     15.00000     60.00000      4.67020      0.13751      0.44042
     20.00000     60.00000      4.39721      0.14167      0.46348
     25.00000     60.00000      4.04977      0.17072      0.49266
     30.00000     60.00000      3.64616      0.22738      0.52543
     35.00000     60.00000      3.20757      0.31206      0.55940
     40.00000     60.00000      2.75603      0.42306      0.59284
     45.00000     60.00000      2.31232      0.55705      0.62501
     50.00000     60.00000      1.89427      0.70977      0.65616
     55.00000     60.00000      1.51535      0.87676      0.68737
     60.00000     60.00000      1.18403      1.05399      0.72009
     65.00000     60.00000      0.90359      1.23834      0.75567
     70.00000     60.00000      0.67261      1.42776      0.79473
     75.00000     60.00000      0.48585      1.62120      0.83670
     80.00000     60.00000      0.33549      1.81816      0.87957
     85.00000     60.00000      0.21241      2.01822      0.91981
     90.00000     60.00000      0.10744      2.22035      0.95260
     95.00000     60.00000      0.01244      2.42234      0.97236
    100.00000     60.00000     -0.07910      2.62039      0.97340
    105.00000     60.00000     -0.17166      2.80888      0.95070
    110.00000     60.00000     -0.26785      2.98057      0.90069
    115.00000     60.00000     -0.36877      3.12691      0.82190
    120.00000     60.00000     -0.47466      3.23883      0.71540
    125.00000     60.00000     -0.58558      3.30749      0.58499
    130.00000     60.00000     -0.70215      3.32530      0.43707
    135.00000     60.00000     -0.82601      3.28672      0.28028
    140.00000     60.00000     -0.96012      3.18907      0.12485
    145.00000     60.00000     -1.10871      3.03299     -0.01814
    150.00000     60.00000     -1.27694      2.82272     -0.13764
    155.00000     60.00000     -1.47031      2.56598     -0.22347
    160.00000     60.00000     -1.69386      2.27365     -0.26711
    165.00000     60.00000     -1.95132      1.95914     -0.26236
    170.00000     60.00000     -2.24419      1.63761     -0.20581
    175.00000     60.00000     -2.57111      1.32505     -0.09719
    180.00000     60.00000     -2.92721      1.03730      0.06056
    185.00000     60.00000     -3.30397      0.78908      0.26129
    190.00000     60.00000     -3.68925      0.59306      0.49591
    195.00000     60.00000     -4.06769      0.45903      0.75284
    200.00000     60.00000     -4.42144      0.39326      1.01854
    205.00000     60.00000     -4.73122      0.39793      1.27829
    210.00000     60.00000     -4.97748      0.47086      1.51709
    215.00000     60.00000     -5.14186      0.60552      1.72063
    220.00000     60.00000     -5.20858      0.79121      1.87628
    225.00000     60.00000     -5.16586      1.01367      1.97416
    230.00000     60.00000     -5.00707      1.25597      2.00793
    235.00000     60.00000     -4.73163      1.49959      1.97550
    240.00000     60.00000     -4.34546      1.72585      1.87932
    245.00000     60.00000     -3.86086      1.91733      1.72638
    250.00000     60.00000     -3.29593      2.05931      1.52772
    255.00000     60.00000     -2.67325      2.14110      1.29761
    260.00000     60.00000     -2.01824      2.15689      1.05229
    265.00000     60.00000     -1.35706      2.10637      0.80861
    270.00000     60.00000     -0.71436      1.99462      0.58249
    275.00000     60.00000     -0.11116      1.83161      0.38747
    280.00000     60.00000      0.43697      1.63108      0.23359
    285.00000     60.00000      0.92110      1.40907      0.12653
    290.00000     60.00000      1.33949      1.18227      0.06737
    295.00000     60.00000      1.69722      0.96621      0.05273
    300.00000     60.00000      2.00500      0.77379      0.07553
    305.00000     60.00000      2.27740      0.61405      0.12601
    310.00000     60.00000      2.53046      0.49152      0.19309
    315.00000     60.00000      2.77930      0.40614      0.26573
    320.00000     60.00000      3.03572      0.35378      0.33424
    325.00000     60.00000      3.30642      0.32719      0.39120
    330.00000     60.00000      3.59175      0.31738      0.43217
    335.00000     60.00000      3.88551      0.31503      0.45579
    340.00000     60.00000      4.17552      0.31194      0.46352
    345.00000     60.00000      4.44501      0.30214      0.45903
    350.00000     60.00000      4.67475      0.28265      0.44737
    355.00000     60.00000      4.84534      0.25372      0.43392
    360.00000     60.00000      4.93972      0.21858      0.42361
      0.00000     65.00000      3.87948      0.42739      0.22932
      5.00000     65.00000      3.92069      0.41234      0.22128
     10.00000     65.00000      3.89505      0.39883      0.21745
     15.00000     65.00000      3.80161      0.39040      0.21942
     20.00000     65.00000      3.64348      0.39061      0.22794
     25.00000     65.00000      3.42759      0.40255      0.24303
     30.00000     65.00000      3.16397      0.42850      0.26427
     35.00000     65.00000      2.86480      0.46980      0.29100
     40.00000     65.00000      2.54330      0.52680      0.32260
     45.00000     65.00000      2.21253      0.59909      0.35861
     50.00000     65.00000      1.88441      0.68570      0.39879
     55.00000     65.00000      1.56879      0.78542      0.44298
     60.00000     65.00000      1.27302      0.89704      0.49097
     65.00000     65.00000      1.00161      1.01948      0.54220
     70.00000     65.00000      0.75636      1.15183      0.59556
     75.00000     65.00000      0.53672      1.29326      0.64918
     80.00000     65.00000      0.34025      1.44275      0.70038
     85.00000     65.00000      0.16331      1.59884      0.74571
     90.00000     65.00000      0.00169      1.75928      0.78116
     95.00000     65.00000     -0.14888      1.92081      0.80259
    100.00000     65.00000     -0.29228      2.07900      0.80612
    105.00000     65.00000     -0.43175      2.22830      0.78869
    110.00000     65.00000     -0.56987      2.36221      0.74853
    115.00000     65.00000     -0.70859      2.47368      0.68556
    120.00000     65.00000     -0.84953      2.55564      0.60166
    125.00000     65.00000     -0.99416      2.60158      0.50073
    130.00000     65.00000     -1.14412      2.60623      0.38859
    135.00000     65.00000     -1.30135      2.56613      0.27260
    140.00000     65.00000     -1.46818      2.48013      0.16124
    145.00000     65.00000     -1.64729      2.34969      0.06349
    150.00000     65.00000     -1.84142      2.17903     -0.01188
    155.00000     65.00000     -2.05306      1.97501     -0.05695
    160.00000     65.00000     -2.28402      1.74683     -0.06530
    165.00000     65.00000     -2.53495      1.50552     -0.03254
    170.00000     65.00000     -2.80487      1.26337      0.04329
    175.00000     65.00000     -3.09086      1.03311      0.16146
    180.00000     65.00000     -3.38775      0.82717      0.31848
    185.00000     65.00000     -3.68816      0.65686      0.50821
    190.00000     65.00000     -3.98256      0.53167      0.72212
    195.00000     65.00000     -4.25968      0.45857      0.94971
    200.00000     65.00000     -4.50703      0.44153      1.17912
    205.00000     65.00000     -4.71163      0.48114      1.39779
    210.00000     65.00000     -4.86085      0.57448      1.59324
    215.00000     65.00000     -4.94329      0.71518      1.75395
    220.00000     65.00000     -4.94971      0.89373      1.87010
    225.00000     65.00000     -4.87383      1.09806      1.93435
    230.00000     65.00000     -4.71299      1.31425      1.94246
    235.00000     65.00000     -4.46854      1.52751      1.89365
    240.00000     65.00000     -4.14601      1.72322      1.79080
    245.00000     65.00000     -3.75487      1.88804      1.64026
    250.00000     65.00000     -3.30798      2.01091      1.45149
    255.00000     65.00000     -2.82074      2.08392      1.23629
    260.00000     65.00000     -2.30997      2.10296      1.00790
    265.00000     65.00000     -1.79259      2.06798      0.77992
    270.00000     65.00000     -1.28435      1.98290      0.56520
    275.00000     65.00000     -0.79854      1.85523      0.37482
    280.00000     65.00000     -0.34508      1.69521      0.21721
    285.00000     65.00000      0.07017      1.51483      0.09759
    290.00000     65.00000      0.44561      1.32666      0.01768
    295.00000     65.00000      0.78358      1.14264     -0.02411
    300.00000     65.00000      1.08969      0.97300     -0.03233
    305.00000     65.00000      1.37174      0.82549     -0.01372
    310.00000     65.00000      1.63835      0.70481      0.02368
    315.00000     65.00000      1.89759      0.61252      0.07146
    320.00000     65.00000      2.15568      0.54723      0.12179
    325.00000     65.00000      2.41593      0.50521      0.16816
    330.00000     65.00000      2.67808      0.48114      0.20590
    335.00000     65.00000      2.93815      0.46899      0.23241
    340.00000     65.00000      3.18871      0.46296      0.24718
    345.00000     65.00000      3.41971      0.45820      0.25142
    350.00000     65.00000      3.61952      0.45139      0.24766
    355.00000     65.00000      3.77633      0.44103      0.23915
    360.00000     65.00000      3.87948      0.42739      0.22932
      0.00000     70.00000      2.77602      0.57164     -0.00747
      5.00000     70.00000      2.82892      0.55596     -0.01612
     10.00000     70.00000      2.83736      0.53994     -0.02260
     15.00000     70.00000      2.80036      0.52489     -0.02513
     20.00000     70.00000      2.71899      0.51245     -0.02231
     25.00000     70.00000      2.59636      0.50438     -0.01313
     30.00000     70.00000      2.43728      0.50237      0.00300
     35.00000     70.00000      2.24791      0.50791      0.02634
     40.00000     70.00000      2.03520      0.52221      0.05687
     45.00000     70.00000      1.80638      0.54617      0.09433
     50.00000     70.00000      1.56841      0.58045      0.13823
     55.00000     70.00000      1.32756      0.62546      0.18784
     60.00000     70.00000      1.08904      0.68142      0.24209
     65.00000     70.00000      0.85679      0.74832      0.29958
     70.00000     70.00000      0.63347      0.82591      0.35846
     75.00000     70.00000      0.42046      0.91356      0.41646
     80.00000     70.00000      0.21807      1.01019      0.47095
     85.00000     70.00000      0.02573      1.11412      0.51902
     90.00000     70.00000     -0.15774      1.22293      0.55770
     95.00000     70.00000     -0.33389      1.33346      0.58420
    100.00000     70.00000     -0.50441      1.44179      0.59621
    105.00000     70.00000     -0.67103      1.54338      0.59218
    110.00000     70.00000     -0.83539      1.63323      0.57163
    115.00000     70.00000     -0.99900      1.70623      0.53528
    120.00000     70.00000     -1.16329      1.75750      0.48525
    125.00000     70.00000     -1.32965      1.78280      0.42497
    130.00000     70.00000     -1.49941      1.77895      0.35910
    135.00000     70.00000     -1.67391      1.74417      0.29326
    140.00000     70.00000     -1.85445      1.67835      0.23368
    145.00000     70.00000     -2.04221      1.58326      0.18677
    150.00000     70.00000     -2.23809      1.46256      0.15861
    155.00000     70.00000     -2.44260      1.32171      0.15455
    160.00000     70.00000     -2.65559      1.16768      0.17867
    165.00000     70.00000     -2.87608      1.00867      0.23349
    170.00000     70.00000     -3.10207      0.85356      0.31964
    175.00000     70.00000     -3.33045      0.71140      0.43573
    180.00000     70.00000     -3.55688      0.59086      0.57831
    185.00000     70.00000     -3.77589      0.49965      0.74200
    190.00000     70.00000     -3.98103      0.44398      0.91973
    195.00000     70.00000     -4.16507      0.42811      1.10308
    200.00000     70.00000     -4.32043      0.45406      1.28283
    205.00000     70.00000     -4.43953      0.52134      1.44941
    210.00000     70.00000     -4.51532      0.62693      1.59359
    215.00000     70.00000     -4.54173      0.76540      1.70702
    220.00000     70.00000     -4.51419      0.92920      1.78285
    225.00000     70.00000     -4.42996      1.10907      1.81618
    230.00000     70.00000     -4.28849      1.29468      1.80450
    235.00000     70.00000     -4.09153      1.47525      1.74785
    240.00000     70.00000     -3.84312      1.64031      1.64887
    245.00000     70.00000     -3.54943      1.78042      1.51271
    250.00000     70.00000     -3.21841      1.88784      1.34660
    255.00000     70.00000     -2.85922      1.95709      1.15938
    260.00000     70.00000     -2.48171      1.98526      0.96084
    265.00000     70.00000     -2.09566      1.97223      0.76100
    270.00000     70.00000     -1.71018      1.92058      0.56936
    275.00000     70.00000     -1.33304      1.83524      0.39421
    280.00000     70.00000     -0.97027      1.72306      0.24212
    285.00000     70.00000     -0.62584      1.59215      0.11746
    290.00000     70.00000     -0.30158      1.45110      0.02229
    295.00000     70.00000      0.00264      1.30830     -0.04364
    300.00000     70.00000      0.28857      1.17122     -0.08264
    305.00000     70.00000      0.55903      1.04591     -0.09869
    310.00000     70.00000      0.81729      0.93660     -0.09684
    315.00000     70.00000      1.06640      0.84557     -0.08268
    320.00000     70.00000      1.30856      0.77320     -0.06173
    325.00000     70.00000      1.54465      0.71823     -0.03891
    330.00000     70.00000      1.77390      0.67816     -0.01819
    335.00000     70.00000      1.99378      0.64970     -0.00230
    340.00000     70.00000      2.20018      0.62931      0.00732
    345.00000     70.00000      2.38772      0.61365      0.01046
    350.00000     70.00000      2.55028      0.59995      0.00791
    355.00000     70.00000      2.68162      0.58628      0.00126
    360.00000     70.00000      2.77602      0.57164     -0.00747
      0.00000     75.00000      1.65966      0.63838     -0.26976
      5.00000     75.00000      1.70971      0.60665     -0.27681
     10.00000     75.00000      1.73163      0.57464     -0.28141
     15.00000     75.00000      1.72489      0.54266     -0.28230
     20.00000     75.00000      1.68978      0.51134     -0.27833
     25.00000     75.00000      1.62751      0.48159     -0.26853
     30.00000     75.00000      1.54005      0.45450     -0.25219
     35.00000     75.00000      1.43007      0.43122     -0.22888
     40.00000     75.00000      1.30068      0.41295     -0.19851
     45.00000     75.00000      1.15529      0.40079     -0.16125
     50.00000     75.00000      0.99736      0.39577     -0.11763
     55.00000     75.00000      0.83022      0.39870     -0.06850
     60.00000     75.00000      0.65692      0.41020     -0.01500
     65.00000     75.00000      0.48008      0.43061      0.04143
     70.00000     75.00000      0.30185      0.45991      0.09908
     75.00000     75.00000      0.12385      0.49769      0.15605
     80.00000     75.00000     -0.05278      0.54308      0.21033
     85.00000     75.00000     -0.22739      0.59473      0.25991
     90.00000     75.00000     -0.39967      0.65078      0.30290
     95.00000     75.00000     -0.56966      0.70891      0.33774
    100.00000     75.00000     -0.73761      0.76639      0.36326
    105.00000     75.00000     -0.90394      0.82019      0.37894
    110.00000     75.00000     -1.06915      0.86718      0.38491
    115.00000     75.00000     -1.23381      0.90430      0.38211
    120.00000     75.00000     -1.39849      0.92876      0.37230
    125.00000     75.00000     -1.56374      0.93832      0.35794
    130.00000     75.00000     -1.73005      0.93147      0.34216
    135.00000     75.00000     -1.89782      0.90765      0.32855
    140.00000     75.00000     -2.06731      0.86733      0.32092
    145.00000     75.00000     -2.23857      0.81212      0.32305
    150.00000     75.00000     -2.41141      0.74473      0.33838
    155.00000     75.00000     -2.58529      0.66890      0.36975
    160.00000     75.00000     -2.75926      0.58922      0.41916
    165.00000     75.00000     -2.93193      0.51087      0.48749
    170.00000     75.00000     -3.10139      0.43933      0.57443
    175.00000     75.00000     -3.26523      0.38007      0.67836
    180.00000     75.00000     -3.42052      0.33816      0.79637
    185.00000     75.00000     -3.56391      0.31795      0.92440
    190.00000     75.00000     -3.69175      0.32276      1.05736
    195.00000     75.00000     -3.80017      0.35459      1.18946
    200.00000     75.00000     -3.88532      0.41399      1.31448
    205.00000     75.00000     -3.94355      0.49994      1.42617
    210.00000     75.00000     -3.97160      0.60983      1.51861
    215.00000     75.00000     -3.96688      0.73963      1.58660
    220.00000     75.00000     -3.92758      0.88402      1.62598
    225.00000     75.00000     -3.85288      1.03679      1.63396
    230.00000     75.00000     -3.74300      1.19108      1.60927
    235.00000     75.00000     -3.59927      1.33994      1.55228
    240.00000     75.00000     -3.42409      1.47663      1.46502
    245.00000     75.00000     -3.22080      1.59514      1.35102
    250.00000     75.00000     -2.99355      1.69054      1.21511
    255.00000     75.00000     -2.74700      1.75924      1.06308
    260.00000     75.00000     -2.48612      1.79923      0.90133
    265.00000     75.00000     -2.21587      1.81016      0.73638
    270.00000     75.00000     -1.94097      1.79327      0.57451
    275.00000     75.00000     -1.66559      1.75125      0.42132
    280.00000     75.00000     -1.39323      1.68796      0.28144
    285.00000     75.00000     -1.12660      1.60808      0.15826
    290.00000     75.00000     -0.86756      1.51673      0.05382
    295.00000     75.00000     -0.61721      1.41907     -0.03120
    300.00000     75.00000     -0.37601      1.31991     -0.09740
    305.00000     75.00000     -0.14396      1.22339     -0.14643
    310.00000     75.00000      0.07914      1.13278     -0.18075
    315.00000     75.00000      0.29348      1.05031     -0.20331
    320.00000     75.00000      0.49898      0.97719     -0.21722
    325.00000     75.00000      0.69516      0.91364     -0.22550
    330.00000     75.00000      0.88099      0.85906     -0.23076
    335.00000     75.00000      1.05484      0.81223     -0.23509
    340.00000     75.00000      1.21460      0.77157     -0.23991
    345.00000     75.00000      1.35770      0.73535     -0.24596
    350.00000     75.00000      1.48138      0.70194     -0.25332
    355.00000     75.00000      1.58287      0.66995     -0.26155
    360.00000     75.00000      1.65966      0.63838     -0.26976
      0.00000     80.00000      0.55666      0.62318     -0.53013
      5.00000     80.00000      0.59589      0.56874     -0.53722
     10.00000     80.00000      0.61868      0.51467     -0.54012
     15.00000     80.00000      0.62483      0.46112     -0.53833
     20.00000     80.00000      0.61444      0.40841     -0.53138
     25.00000     80.00000      0.58792      0.35705     -0.51886
     30.00000     80.00000      0.54594      0.30766     -0.50047
     35.00000     80.00000      0.48943      0.26096     -0.47608
     40.00000     80.00000      0.41954      0.21771     -0.44574
     45.00000     80.00000      0.33756      0.17868     -0.40969
     50.00000     80.00000      0.24488      0.14459     -0.36838
     55.00000     80.00000      0.14291      0.11603     -0.32246
     60.00000     80.00000      0.03306      0.09347     -0.27277
     65.00000     80.00000     -0.08334      0.07719     -0.22030
     70.00000     80.00000     -0.20505      0.06721     -0.16613
     75.00000     80.00000     -0.33098      0.06333     -0.11141
     80.00000     80.00000     -0.46017      0.06508     -0.05730
     85.00000     80.00000     -0.59180      0.07169     -0.00485
     90.00000     80.00000     -0.72521      0.08219      0.04500
     95.00000     80.00000     -0.85987      0.09538      0.09153
    100.00000     80.00000     -0.99535      0.10990      0.13433
    105.00000     80.00000     -1.13132      0.12432      0.17326
    110.00000     80.00000     -1.26751      0.13723      0.20859
    115.00000     80.00000     -1.40370      0.14733      0.24093
    120.00000     80.00000     -1.53968      0.15353      0.27123
    125.00000     80.00000     -1.67525      0.15506      0.30076
    130.00000     80.00000     -1.81014      0.15155      0.33102
    135.00000     80.00000     -1.94405      0.14308      0.36360
    140.00000     80.00000     -2.07659      0.13025      0.40016
    145.00000     80.00000     -2.20727      0.11418      0.44219
    150.00000     80.00000     -2.33546      0.09645      0.49095
    155.00000     80.00000     -2.46039      0.07907      0.54733
    160.00000     80.00000     -2.58113      0.06437      0.61172
    165.00000     80.00000     -2.69660      0.05487      0.68396
    170.00000     80.00000     -2.80555      0.05313      0.76325
    175.00000     80.00000     -2.90660      0.06159      0.84817
    180.00000     80.00000     -2.99823      0.08239      0.93670
    185.00000     80.00000     -3.07888      0.11724      1.02627
    190.00000     80.00000     -3.14693      0.16724      1.11390
    195.00000     80.00000     -3.20079      0.23283      1.19634
    200.00000     80.00000     -3.23897      0.31365      1.27020
    205.00000     80.00000     -3.26015      0.40858      1.33220
    210.00000     80.00000     -3.26323      0.51573      1.37930
    215.00000     80.00000     -3.24741      0.63251      1.40891
    220.00000     80.00000     -3.21222      0.75576      1.41903
    225.00000     80.00000     -3.15759      0.88188      1.40840
    230.00000     80.00000     -3.08385      1.00704      1.37657
    235.00000     80.00000     -2.99173      1.12737      1.32394
    240.00000     80.00000     -2.88235      1.23918      1.25173
    245.00000     80.00000     -2.75716      1.33912      1.16196
    250.00000     80.00000     -2.61792      1.42440      1.05728
    255.00000     80.00000     -2.46658      1.49287      0.94084
    260.00000     80.00000     -2.30524      1.54317      0.81614
    265.00000     80.00000     -2.13606      1.57473      0.68679
    270.00000     80.00000     -1.96116      1.58779      0.55634
    275.00000     80.00000     -1.78256      1.58329      0.42808
    280.00000     80.00000     -1.60213      1.56282      0.30489
    285.00000     80.00000     -1.42157      1.52844      0.18913
    290.00000     80.00000     -1.24235      1.48252      0.08256
    295.00000     80.00000     -1.06575      1.42760     -0.01372
    300.00000     80.00000     -0.89288      1.36617     -0.09918
    305.00000     80.00000     -0.72470      1.30058     -0.17390
    310.00000     80.00000     -0.56209      1.23287     -0.23837
    315.00000     80.00000     -0.40588      1.16472     -0.29347
    320.00000     80.00000     -0.25692      1.09739     -0.34026
    325.00000     80.00000     -0.11608      1.03171     -0.37991
    330.00000     80.00000      0.01568      0.96812     -0.41356
    335.00000     80.00000      0.13736      0.90673     -0.44221
    340.00000     80.00000      0.24787      0.84738     -0.46667
    345.00000     80.00000      0.34610      0.78975     -0.48751
    350.00000     80.00000      0.43097      0.73342     -0.50503
    355.00000     80.00000      0.50145      0.67801     -0.51929
    360.00000     80.00000      0.55666      0.62318     -0.53013
      0.00000     85.00000     -0.50375      0.53008     -0.75536
      5.00000     85.00000     -0.48077      0.45618     -0.76857
     10.00000     85.00000     -0.46537      0.38241     -0.77557
     15.00000     85.00000     -0.45762      0.30918     -0.77639
     20.00000     85.00000     -0.45750      0.23693     -0.77107
     25.00000     85.00000     -0.46493      0.16610     -0.75969
     30.00000     85.00000     -0.47975      0.09716     -0.74237
     35.00000     85.00000     -0.50172      0.03057     -0.71927
     40.00000     85.00000     -0.53056     -0.03321     -0.69062
     45.00000     85.00000     -0.56593     -0.09375     -0.65673
     50.00000     85.00000     -0.60742     -0.15065     -0.61795
     55.00000     85.00000     -0.65461     -0.20357     -0.57468
     60.00000     85.00000     -0.70705     -0.25220     -0.52738
     65.00000     85.00000     -0.76426     -0.29635     -0.47656
     70.00000     85.00000     -0.82575     -0.33587     -0.42271
     75.00000     85.00000     -0.89105     -0.37073     -0.36637
     80.00000     85.00000     -0.95965     -0.40095     -0.30801
     85.00000     85.00000     -1.03109     -0.42665     -0.24810
     90.00000     85.00000     -1.10490     -0.44799     -0.18705
     95.00000     85.00000     -1.18062     -0.46519     -0.12518
    100.00000     85.00000     -1.25780     -0.47849     -0.06275
    105.00000     85.00000     -1.33601     -0.48815      0.00008
    110.00000     85.00000     -1.41483     -0.49439      0.06322
    115.00000     85.00000     -1.49381     -0.49737      0.12666
    120.00000     85.00000     -1.57256     -0.49722      0.19047
    125.00000     85.00000     -1.65063     -0.49392      0.25475
    130.00000     85.00000     -1.72761     -0.48741      0.31962
    135.00000     85.00000     -1.80305     -0.47746      0.38517
    140.00000     85.00000     -1.87650     -0.46376      0.45147
    145.00000     85.00000     -1.94749     -0.44590      0.51849
    150.00000     85.00000     -2.01554     -0.42337      0.58609
    155.00000     85.00000     -2.08017     -0.39562      0.65401
    160.00000     85.00000     -2.14085     -0.36206      0.72180
    165.00000     85.00000     -2.19708     -0.32214      0.78887
    170.00000     85.00000     -2.24834     -0.27538      0.85443
    175.00000     85.00000     -2.29412     -0.22138      0.91756
    180.00000     85.00000     -2.33390     -0.15992      0.97717
    185.00000     85.00000     -2.36722     -0.09097      1.03208
    190.00000     85.00000     -2.39363     -0.01472      1.08102
    195.00000     85.00000     -2.41272      0.06841      1.12273
    200.00000     85.00000     -2.42417      0.15771      1.15595
    205.00000     85.00000     -2.42768      0.25226      1.17955
    210.00000     85.00000     -2.42308      0.35088      1.19250
    215.00000     85.00000     -2.41025      0.45218      1.19401
    220.00000     85.00000     -2.38919      0.55462      1.18350
    225.00000     85.00000     -2.35999      0.65655      1.16068
    230.00000     85.00000     -2.32282      0.75623      1.12555
    235.00000     85.00000     -2.27799      0.85197      1.07842
    240.00000     85.00000     -2.22588      0.94212      1.01989
    245.00000     85.00000     -2.16696      1.02516      0.95083
    250.00000     85.00000     -2.10178      1.09974      0.87236
    255.00000     85.00000     -2.03097      1.16475      0.78582
    260.00000     85.00000     -1.95521      1.21932      0.69267
    265.00000     85.00000     -1.87520      1.26285      0.59448
    270.00000     85.00000     -1.79170      1.29502      0.49286
    275.00000     85.00000     -1.70548      1.31579      0.38938
    280.00000     85.00000     -1.61731      1.32534      0.28557
    285.00000     85.00000     -1.52796      1.32410      0.18281
    290.00000     85.00000     -1.43818      1.31267      0.08237
    295.00000     85.00000     -1.34872      1.29178     -0.01468
    300.00000     85.00000     -1.26029      1.26227     -0.10743
    305.00000     85.00000     -1.17359      1.22504     -0.19518
    310.00000     85.00000     -1.08928      1.18098     -0.27736
    315.00000     85.00000     -1.00802      1.13098     -0.35360
    320.00000     85.00000     -0.93040      1.07589     -0.42366
    325.00000     85.00000     -0.85703      1.01647     -0.48737
    330.00000     85.00000     -0.78845      0.95343     -0.54469
    335.00000     85.00000     -0.72518      0.88740     -0.59560
    340.00000     85.00000     -0.66770      0.81894     -0.64015
    345.00000     85.00000     -0.61645      0.74854     -0.67836
    350.00000     85.00000     -0.57183      0.67665     -0.71028
    355.00000     85.00000     -0.53417      0.60370     -0.73594
    360.00000     85.00000     -0.50375      0.53008     -0.75536
      0.00000     90.00000     -1.48354      0.37024     -0.91281
      5.00000     90.00000     -1.48354      0.28927     -0.94162
     10.00000     90.00000     -1.48354      0.20611     -0.96325
     15.00000     90.00000     -1.48354      0.12137     -0.97756
     20.00000     90.00000     -1.48354      0.03572     -0.98442
     25.00000     90.00000     -1.48354     -0.05021     -0.98380
     30.00000     90.00000     -1.48354     -0.13576     -0.97568
     35.00000     90.00000     -1.48354     -0.22027     -0.96014
     40.00000     90.00000     -1.48354     -0.30311     -0.93730
     45.00000     90.00000     -1.48354     -0.38364     -0.90732
     50.00000     90.00000     -1.48354     -0.46125     -0.87043
     55.00000     90.00000     -1.48354     -0.53535     -0.82692
     60.00000     90.00000     -1.48354     -0.60537     -0.77712
     65.00000     90.00000     -1.48354     -0.67079     -0.72140
     70.00000     90.00000     -1.48355     -0.73110     -0.66019
     75.00000     90.00000     -1.48355     -0.78585     -0.59396
     80.00000     90.00000     -1.48355     -0.83462     -0.52321
     85.00000     90.00000     -1.48355     -0.87704     -0.44848
     90.00000     90.00000     -1.48355     -0.91278     -0.37033
     95.00000     90.00000     -1.48355     -0.94157     -0.28936
    100.00000     90.00000     -1.48355     -0.96320     -0.20619
    105.00000     90.00000     -1.48355     -0.97750     -0.12146
    110.00000     90.00000     -1.48355     -0.98436     -0.03579
    115.00000     90.00000     -1.48355     -0.98373      0.05014
    120.00000     90.00000     -1.48355     -0.97561      0.13569
    125.00000     90.00000     -1.48356     -0.96006      0.22021
    130.00000     90.00000     -1.48356     -0.93721      0.30306
    135.00000     90.00000     -1.48356     -0.90723      0.38359
    140.00000     90.00000     -1.48356     -0.87034      0.46121
    145.00000     90.00000     -1.48356     -0.82683      0.53532
    150.00000     90.00000     -1.48356     -0.77702      0.60536
    155.00000     90.00000     -1.48356     -0.72130      0.67078
    160.00000     90.00000     -1.48356     -0.66009      0.73110
    165.00000     90.00000     -1.48356     -0.59386      0.78586
    170.00000     90.00000     -1.48356     -0.52311      0.83464
    175.00000     90.00000     -1.48356     -0.44838      0.87707
    180.00000     90.00000     -1.48356     -0.37023      0.91282
    185.00000     90.00000     -1.48356     -0.28927      0.94162
    190.00000     90.00000     -1.48356     -0.20610      0.96326
    195.00000     90.00000     -1.48356     -0.12137      0.97756
    200.00000     90.00000     -1.48356     -0.03571      0.98443
    205.00000     90.00000     -1.48356      0.05022      0.98380
    210.00000     90.00000     -1.48356      0.13576      0.97569
    215.00000     90.00000     -1.48356      0.22028      0.96015
    220.00000     90.00000     -1.48356      0.30311      0.93730
    225.00000     90.00000     -1.48356      0.38364      0.90732
    230.00000     90.00000     -1.48356      0.46125      0.87044
    235.00000     90.00000     -1.48356      0.53535      0.82693
    240.00000     90.00000     -1.48356      0.60538      0.77712
    245.00000     90.00000     -1.48356      0.67080      0.72141
    250.00000     90.00000     -1.48356      0.73111      0.66020
    255.00000     90.00000     -1.48356      0.78586      0.59397
    260.00000     90.00000     -1.48356      0.83463      0.52321
    265.00000     90.00000     -1.48356      0.87705      0.44848
    270.00000     90.00000     -1.48356      0.91279      0.37033
    275.00000     90.00000     -1.48356      0.94158      0.28936
    280.00000     90.00000     -1.48355      0.96321      0.20620
    285.00000     90.00000     -1.48355      0.97751      0.12146
    290.00000     90.00000     -1.48355      0.98437      0.03580
    295.00000     90.00000     -1.48355      0.98373     -0.05014
    300.00000     90.00000     -1.48355      0.97561     -0.13569
    305.00000     90.00000     -1.48355      0.96007     -0.22021
    310.00000     90.00000     -1.48355      0.93722     -0.30306
    315.00000     90.00000     -1.48355      0.90723     -0.38359
    320.00000     90.00000     -1.48355      0.87034     -0.46121
    325.00000     90.00000     -1.48355      0.82683     -0.53532
    330.00000     90.00000     -1.48355      0.77703     -0.60535
    335.00000     90.00000     -1.48354      0.72131     -0.67078
    340.00000     90.00000     -1.48354      0.66010     -0.73110
    345.00000     90.00000     -1.48354      0.59387     -0.78586
    350.00000     90.00000     -1.48354      0.52311     -0.83464
    355.00000     90.00000     -1.48354      0.44838     -0.87706
    360.00000     90.00000     -1.48354      0.37024     -0.91281
