instrument	target	count	decision	proposals	reason
Caha Calar Alto 1.23m	Uranus Rings	12	qualification	97	Occultation profiles and ring images require different reductions. Preserve individual event geometry, sampling, uncertainty and radial limits before comparing with the current summary-table rings.
Cassini CIRS	Calypso	3	qualification	37	Native heat-radiation spectra extend the existing Cassini moon-temperature proposal. Recover individual footprints, local time, calibration and temperature-retrieval assumptions; do not average distinct illumination states.
Cassini CIRS	Dione	1970	qualification	37	Native heat-radiation spectra extend the existing Cassini moon-temperature proposal. Recover individual footprints, local time, calibration and temperature-retrieval assumptions; do not average distinct illumination states.
Cassini CIRS	Enceladus	3403	qualification	37	Native heat-radiation spectra extend the existing Cassini moon-temperature proposal. Recover individual footprints, local time, calibration and temperature-retrieval assumptions; do not average distinct illumination states.
Cassini CIRS	Epimetheus	26	qualification	37	Native heat-radiation spectra extend the existing Cassini moon-temperature proposal. Recover individual footprints, local time, calibration and temperature-retrieval assumptions; do not average distinct illumination states.
Cassini CIRS	Helene	22	qualification	37	Native heat-radiation spectra extend the existing Cassini moon-temperature proposal. Recover individual footprints, local time, calibration and temperature-retrieval assumptions; do not average distinct illumination states.
Cassini CIRS	Hyperion	309	qualification	37	Native heat-radiation spectra extend the existing Cassini moon-temperature proposal. Recover individual footprints, local time, calibration and temperature-retrieval assumptions; do not average distinct illumination states.
Cassini CIRS	Iapetus	1214	qualification	37	Native heat-radiation spectra extend the existing Cassini moon-temperature proposal. Recover individual footprints, local time, calibration and temperature-retrieval assumptions; do not average distinct illumination states.
Cassini CIRS	Janus	102	qualification	37	Native heat-radiation spectra extend the existing Cassini moon-temperature proposal. Recover individual footprints, local time, calibration and temperature-retrieval assumptions; do not average distinct illumination states.
Cassini CIRS	Mimas	841	qualification	37	Native heat-radiation spectra extend the existing Cassini moon-temperature proposal. Recover individual footprints, local time, calibration and temperature-retrieval assumptions; do not average distinct illumination states.
Cassini CIRS	Pallene	2	qualification	37	Native heat-radiation spectra extend the existing Cassini moon-temperature proposal. Recover individual footprints, local time, calibration and temperature-retrieval assumptions; do not average distinct illumination states.
Cassini CIRS	Pandora	20	qualification	37	Native heat-radiation spectra extend the existing Cassini moon-temperature proposal. Recover individual footprints, local time, calibration and temperature-retrieval assumptions; do not average distinct illumination states.
Cassini CIRS	Phoebe	618	qualification	37	Native heat-radiation spectra extend the existing Cassini moon-temperature proposal. Recover individual footprints, local time, calibration and temperature-retrieval assumptions; do not average distinct illumination states.
Cassini CIRS	Polydeuces	12	qualification	37	Native heat-radiation spectra extend the existing Cassini moon-temperature proposal. Recover individual footprints, local time, calibration and temperature-retrieval assumptions; do not average distinct illumination states.
Cassini CIRS	Rhea	2866	qualification	37	Native heat-radiation spectra extend the existing Cassini moon-temperature proposal. Recover individual footprints, local time, calibration and temperature-retrieval assumptions; do not average distinct illumination states.
Cassini CIRS	Saturn	22476	qualification	43,108	Separate clouds, atmospheric spectra and thermal retrievals; current OPAL imagery already exists. CIRS spectra require radiometric/footprint interpretation before any claimed temperature map.
Cassini CIRS	Saturn Rings	31656	qualification	96,44	Separate native occultation optical depth from reflected or thermal spectra. Date, wavelength, geometry and sampled radius determine whether this slice extends the current UVIS profile or the spectral proposal.
Cassini CIRS	Sky	13389	target-unresolved		The archive target is non-specific. Inspect observation purpose and the separate geometry slices before assigning a body. These rows are not evidence that useful observations are absent.
Cassini CIRS	Star	149	event-review		Stellar pointing can be calibration, stellar science or a planetary occultation. Follow the observation purpose and foreground-body geometry before accepting or rejecting it; do not paint the star onto a body.
Cassini CIRS	Telesto	10	qualification	37	Native heat-radiation spectra extend the existing Cassini moon-temperature proposal. Recover individual footprints, local time, calibration and temperature-retrieval assumptions; do not average distinct illumination states.
Cassini CIRS	Tethys	1504	qualification	37	Native heat-radiation spectra extend the existing Cassini moon-temperature proposal. Recover individual footprints, local time, calibration and temperature-retrieval assumptions; do not average distinct illumination states.
Cassini CIRS	Titan	20546	qualification	34	Titan infrared surface, atmospheric spectra, seasonal temperature and dated clouds are separate measurements. Reuse the existing Titan proposals and preserve the VIMS registration/calibration blockers.
Cassini CIRS	Unknown	1533	target-unresolved		The archive target is non-specific. Inspect observation purpose and the separate geometry slices before assigning a body. These rows are not evidence that useful observations are absent.
Cassini ISS	Aegaeon	633	qualification	68	Extend the existing Saturn-moon photography proposal only if native IDs, registration and actual area coverage improve on the selected observations. Current shapes and scene geometry stay fixed.
Cassini ISS	Albiorix	2282	qualification	18,22	Retain calibrated disk-integrated brightness, colors or rotation sampling where supported. Establish the target aperture and phase first; detector dimensions and intended-target tags do not imply a resolved surface.
Cassini ISS	Alp PsA (Fomalhaut)	30	event-review		Stellar pointing can be calibration, stellar science or a planetary occultation. Follow the observation purpose and foreground-body geometry before accepting or rejecting it; do not paint the star onto a body.
Cassini ISS	Alp Vir (Spica)	44	event-review		Stellar pointing can be calibration, stellar science or a planetary occultation. Follow the observation purpose and foreground-body geometry before accepting or rejecting it; do not paint the star onto a body.
Cassini ISS	Anthe	802	qualification	68	Extend the existing Saturn-moon photography proposal only if native IDs, registration and actual area coverage improve on the selected observations. Current shapes and scene geometry stay fixed.
Cassini ISS	Atlas	1473	prior-limit	73	The existing Atlas additional-coverage proposal retains its source/registration blocker. An OPUS listing alone does not reopen the rejected footprint.
Cassini ISS	Bebhionn	1367	qualification	18,22	Retain calibrated disk-integrated brightness, colors or rotation sampling where supported. Establish the target aperture and phase first; detector dimensions and intended-target tags do not imply a resolved surface.
Cassini ISS	Bergelmir	582	qualification	18,22	Retain calibrated disk-integrated brightness, colors or rotation sampling where supported. Establish the target aperture and phase first; detector dimensions and intended-target tags do not imply a resolved surface.
Cassini ISS	Bestla	1623	qualification	18,22	Retain calibrated disk-integrated brightness, colors or rotation sampling where supported. Establish the target aperture and phase first; detector dimensions and intended-target tags do not imply a resolved surface.
Cassini ISS	Callisto	38	qualification	58	Use exact calibrated observation IDs to test an additional date or controlled regional coverage against the selected global mosaic. A raw-frame count does not establish a detail improvement.
Cassini ISS	Calypso	1024	qualification	68	Extend the existing Saturn-moon photography proposal only if native IDs, registration and actual area coverage improve on the selected observations. Current shapes and scene geometry stay fixed.
Cassini ISS	Daphnis	735	qualification	68	Extend the existing Saturn-moon photography proposal only if native IDs, registration and actual area coverage improve on the selected observations. Current shapes and scene geometry stay fixed.
Cassini ISS	Dark	22	calibration-support		The intended target identifies a calibration, detector-background or acquisition product. Retain for calibration of linked science observations; it does not itself establish a body map.
Cassini ISS	Dark Sky	188	calibration-support		The intended target identifies a calibration, detector-background or acquisition product. Retain for calibration of linked science observations; it does not itself establish a body map.
Cassini ISS	Dione	5226	qualification	68	Extend the existing Saturn-moon photography proposal only if native IDs, registration and actual area coverage improve on the selected observations. Current shapes and scene geometry stay fixed.
Cassini ISS	Earth	13	qualification	60	Use the native historical observation as a separate epoch/band only if it adds supported information. Distant cruise photometry, slit spectra and raw detector images are not automatically global georeferenced maps.
Cassini ISS	Enceladus	12382	qualification	68	Extend the existing Saturn-moon photography proposal only if native IDs, registration and actual area coverage improve on the selected observations. Current shapes and scene geometry stay fixed.
Cassini ISS	Epimetheus	1834	qualification	68	Extend the existing Saturn-moon photography proposal only if native IDs, registration and actual area coverage improve on the selected observations. Current shapes and scene geometry stay fixed.
Cassini ISS	Erriapus	2942	qualification	18,22	Retain calibrated disk-integrated brightness, colors or rotation sampling where supported. Establish the target aperture and phase first; detector dimensions and intended-target tags do not imply a resolved surface.
Cassini ISS	Europa	302	qualification	55	Use exact calibrated observation IDs to test an additional date or controlled regional coverage against the selected global mosaic. A raw-frame count does not establish a detail improvement.
Cassini ISS	Fornjot	951	qualification	18,22	Retain calibrated disk-integrated brightness, colors or rotation sampling where supported. Establish the target aperture and phase first; detector dimensions and intended-target tags do not imply a resolved surface.
Cassini ISS	Ganymede	343	qualification	57	Use exact calibrated observation IDs to test an additional date or controlled regional coverage against the selected global mosaic. A raw-frame count does not establish a detail improvement.
Cassini ISS	Greip	409	qualification	18,22	Retain calibrated disk-integrated brightness, colors or rotation sampling where supported. Establish the target aperture and phase first; detector dimensions and intended-target tags do not imply a resolved surface.
Cassini ISS	Hati	396	qualification	18,22	Retain calibrated disk-integrated brightness, colors or rotation sampling where supported. Establish the target aperture and phase first; detector dimensions and intended-target tags do not imply a resolved surface.
Cassini ISS	Helene	1682	qualification	68	Extend the existing Saturn-moon photography proposal only if native IDs, registration and actual area coverage improve on the selected observations. Current shapes and scene geometry stay fixed.
Cassini ISS	Himalia	93	qualification	18,22	Retain calibrated disk-integrated brightness, colors or rotation sampling where supported. Establish the target aperture and phase first; detector dimensions and intended-target tags do not imply a resolved surface.
Cassini ISS	Hyperion	2036	qualification	68	Extend the existing Saturn-moon photography proposal only if native IDs, registration and actual area coverage improve on the selected observations. Current shapes and scene geometry stay fixed.
Cassini ISS	Hyrrokkin	1271	qualification	18,22	Retain calibrated disk-integrated brightness, colors or rotation sampling where supported. Establish the target aperture and phase first; detector dimensions and intended-target tags do not imply a resolved surface.
Cassini ISS	Iapetus	6815	qualification	68	Extend the existing Saturn-moon photography proposal only if native IDs, registration and actual area coverage improve on the selected observations. Current shapes and scene geometry stay fixed.
Cassini ISS	Ijiraq	2757	qualification	18,22	Retain calibrated disk-integrated brightness, colors or rotation sampling where supported. Establish the target aperture and phase first; detector dimensions and intended-target tags do not imply a resolved surface.
Cassini ISS	Io	600	qualification	41	Use exact calibrated observation IDs to test an additional date or controlled regional coverage against the selected global mosaic. A raw-frame count does not establish a detail improvement.
Cassini ISS	Janus	2026	qualification	68	Extend the existing Saturn-moon photography proposal only if native IDs, registration and actual area coverage improve on the selected observations. Current shapes and scene geometry stay fixed.
Cassini ISS	Jarnsaxa	64	qualification	18,22	Retain calibrated disk-integrated brightness, colors or rotation sampling where supported. Establish the target aperture and phase first; detector dimensions and intended-target tags do not imply a resolved surface.
Cassini ISS	Jupiter	25153	qualification	42	Match a coherent observing program to dated clouds or an observed spectrum. Keep auroral, reflected-light and thermal signals distinct and compare against current OPAL dates.
Cassini ISS	Kari	155	qualification	18,22	Retain calibrated disk-integrated brightness, colors or rotation sampling where supported. Establish the target aperture and phase first; detector dimensions and intended-target tags do not imply a resolved surface.
Cassini ISS	Kiviuq	4761	qualification	18,22	Retain calibrated disk-integrated brightness, colors or rotation sampling where supported. Establish the target aperture and phase first; detector dimensions and intended-target tags do not imply a resolved surface.
Cassini ISS	Loge	838	qualification	18,22	Retain calibrated disk-integrated brightness, colors or rotation sampling where supported. Establish the target aperture and phase first; detector dimensions and intended-target tags do not imply a resolved surface.
Cassini ISS	Masursky	106	qualification	18,22	Retain calibrated disk-integrated brightness, colors or rotation sampling where supported. Establish the target aperture and phase first; detector dimensions and intended-target tags do not imply a resolved surface.
Cassini ISS	Methone	1036	qualification	68	Extend the existing Saturn-moon photography proposal only if native IDs, registration and actual area coverage improve on the selected observations. Current shapes and scene geometry stay fixed.
Cassini ISS	Mimas	3565	qualification	68	Extend the existing Saturn-moon photography proposal only if native IDs, registration and actual area coverage improve on the selected observations. Current shapes and scene geometry stay fixed.
Cassini ISS	Moon	56	qualification	94	Use the native historical observation as a separate epoch/band only if it adds supported information. Distant cruise photometry, slit spectra and raw detector images are not automatically global georeferenced maps.
Cassini ISS	Mundilfari	88	qualification	18,22	Retain calibrated disk-integrated brightness, colors or rotation sampling where supported. Establish the target aperture and phase first; detector dimensions and intended-target tags do not imply a resolved surface.
Cassini ISS	Narvi	511	qualification	18,22	Retain calibrated disk-integrated brightness, colors or rotation sampling where supported. Establish the target aperture and phase first; detector dimensions and intended-target tags do not imply a resolved surface.
Cassini ISS	None	825	target-unresolved		The archive target is non-specific. Inspect observation purpose and the separate geometry slices before assigning a body. These rows are not evidence that useful observations are absent.
Cassini ISS	Paaliaq	2823	qualification	18,22	Retain calibrated disk-integrated brightness, colors or rotation sampling where supported. Establish the target aperture and phase first; detector dimensions and intended-target tags do not imply a resolved surface.
Cassini ISS	Pallene	966	qualification	68	Extend the existing Saturn-moon photography proposal only if native IDs, registration and actual area coverage improve on the selected observations. Current shapes and scene geometry stay fixed.
Cassini ISS	Pan	1376	qualification	68	Extend the existing Saturn-moon photography proposal only if native IDs, registration and actual area coverage improve on the selected observations. Current shapes and scene geometry stay fixed.
Cassini ISS	Pandora	1523	qualification	68	Extend the existing Saturn-moon photography proposal only if native IDs, registration and actual area coverage improve on the selected observations. Current shapes and scene geometry stay fixed.
Cassini ISS	Phoebe	1665	qualification	68	Extend the existing Saturn-moon photography proposal only if native IDs, registration and actual area coverage improve on the selected observations. Current shapes and scene geometry stay fixed.
Cassini ISS	Pluto	65	qualification	56,22	These historical disk/photometry observations overlap the prior telescope-map proposal. Require actual spatial information or retain measured disk-integrated photometry; no reconstructed detailed surface from an unresolved source.
Cassini ISS	Polydeuces	744	qualification	68	Extend the existing Saturn-moon photography proposal only if native IDs, registration and actual area coverage improve on the selected observations. Current shapes and scene geometry stay fixed.
Cassini ISS	Prometheus	3774	qualification	68	Extend the existing Saturn-moon photography proposal only if native IDs, registration and actual area coverage improve on the selected observations. Current shapes and scene geometry stay fixed.
Cassini ISS	Rhea	5914	qualification	68	Extend the existing Saturn-moon photography proposal only if native IDs, registration and actual area coverage improve on the selected observations. Current shapes and scene geometry stay fixed.
Cassini ISS	S/2004 S 12	145	qualification	18,22	Retain calibrated disk-integrated brightness, colors or rotation sampling where supported. Establish the target aperture and phase first; detector dimensions and intended-target tags do not imply a resolved surface.
Cassini ISS	S/2004 S 13	13	qualification	18,22	Retain calibrated disk-integrated brightness, colors or rotation sampling where supported. Establish the target aperture and phase first; detector dimensions and intended-target tags do not imply a resolved surface.
Cassini ISS	Saturn	132010	qualification	43	Separate clouds, atmospheric spectra and thermal retrievals; current OPAL imagery already exists. CIRS spectra require radiometric/footprint interpretation before any claimed temperature map.
Cassini ISS	Saturn Rings	113394	qualification	96,44	Separate native occultation optical depth from reflected or thermal spectra. Date, wavelength, geometry and sampled radius determine whether this slice extends the current UVIS profile or the spectral proposal.
Cassini ISS	Siarnaq	1867	qualification	18,22	Retain calibrated disk-integrated brightness, colors or rotation sampling where supported. Establish the target aperture and phase first; detector dimensions and intended-target tags do not imply a resolved surface.
Cassini ISS	Skathi	1388	qualification	18,22	Retain calibrated disk-integrated brightness, colors or rotation sampling where supported. Establish the target aperture and phase first; detector dimensions and intended-target tags do not imply a resolved surface.
Cassini ISS	Skoll	795	qualification	18,22	Retain calibrated disk-integrated brightness, colors or rotation sampling where supported. Establish the target aperture and phase first; detector dimensions and intended-target tags do not imply a resolved surface.
Cassini ISS	Sky	21868	target-unresolved		The archive target is non-specific. Inspect observation purpose and the separate geometry slices before assigning a body. These rows are not evidence that useful observations are absent.
Cassini ISS	Star	56	event-review		Stellar pointing can be calibration, stellar science or a planetary occultation. Follow the observation purpose and foreground-body geometry before accepting or rejecting it; do not paint the star onto a body.
Cassini ISS	Sun	999	event-review		Sun-targeted cruise/calibration and occultation observations are mixed. The label does not establish a useful solar surface map; inspect occulting body, observing mode and calibration purpose first.
Cassini ISS	Surtur	489	qualification	18,22	Retain calibrated disk-integrated brightness, colors or rotation sampling where supported. Establish the target aperture and phase first; detector dimensions and intended-target tags do not imply a resolved surface.
Cassini ISS	Suttungr	403	qualification	18,22	Retain calibrated disk-integrated brightness, colors or rotation sampling where supported. Establish the target aperture and phase first; detector dimensions and intended-target tags do not imply a resolved surface.
Cassini ISS	Tarqeq	1437	qualification	18,22	Retain calibrated disk-integrated brightness, colors or rotation sampling where supported. Establish the target aperture and phase first; detector dimensions and intended-target tags do not imply a resolved surface.
Cassini ISS	Tarvos	1730	qualification	18,22	Retain calibrated disk-integrated brightness, colors or rotation sampling where supported. Establish the target aperture and phase first; detector dimensions and intended-target tags do not imply a resolved surface.
Cassini ISS	Telesto	1030	qualification	68	Extend the existing Saturn-moon photography proposal only if native IDs, registration and actual area coverage improve on the selected observations. Current shapes and scene geometry stay fixed.
Cassini ISS	Tethys	3796	qualification	68	Extend the existing Saturn-moon photography proposal only if native IDs, registration and actual area coverage improve on the selected observations. Current shapes and scene geometry stay fixed.
Cassini ISS	Thrymr	1546	qualification	18,22	Retain calibrated disk-integrated brightness, colors or rotation sampling where supported. Establish the target aperture and phase first; detector dimensions and intended-target tags do not imply a resolved surface.
Cassini ISS	Titan	45170	qualification	69	Titan infrared surface, atmospheric spectra, seasonal temperature and dated clouds are separate measurements. Reuse the existing Titan proposals and preserve the VIMS registration/calibration blockers.
Cassini ISS	Unknown	4336	target-unresolved		The archive target is non-specific. Inspect observation purpose and the separate geometry slices before assigning a body. These rows are not evidence that useful observations are absent.
Cassini ISS	Venus	24	qualification	107	Historical flyby imaging/spectra can test a dated cloud-band addition. Raw signal, cloud altitude, pointing and temporal coherence still require qualification.
Cassini ISS	Ymir	1752	qualification	18,22	Retain calibrated disk-integrated brightness, colors or rotation sampling where supported. Establish the target aperture and phase first; detector dimensions and intended-target tags do not imply a resolved surface.
Cassini RSS	Saturn Rings	204	qualification	96	Separate native occultation optical depth from reflected or thermal spectra. Date, wavelength, geometry and sampled radius determine whether this slice extends the current UVIS profile or the spectral proposal.
Cassini UVIS	Aegaeon	24	qualification	100	Qualify reflected ultraviolet spectra separately from background and exospheric signals. Unresolved data may support a prepared chart; the target tag does not establish a registered surface band.
Cassini UVIS	Albiorix	52	qualification	20,22	Retain calibrated disk-integrated brightness, colors or rotation sampling where supported. Establish the target aperture and phase first; detector dimensions and intended-target tags do not imply a resolved surface.
Cassini UVIS	Atlas	42	qualification	100	Qualify reflected ultraviolet spectra separately from background and exospheric signals. Unresolved data may support a prepared chart; the target tag does not establish a registered surface band.
Cassini UVIS	Bebhionn	9	qualification	20,22	Retain calibrated disk-integrated brightness, colors or rotation sampling where supported. Establish the target aperture and phase first; detector dimensions and intended-target tags do not imply a resolved surface.
Cassini UVIS	Calibration	1126	calibration-support		The intended target identifies a calibration, detector-background or acquisition product. Retain for calibration of linked science observations; it does not itself establish a body map.
Cassini UVIS	Calypso	12	qualification	100	Qualify reflected ultraviolet spectra separately from background and exospheric signals. Unresolved data may support a prepared chart; the target tag does not establish a registered surface band.
Cassini UVIS	Daphnis	57	qualification	100	Qualify reflected ultraviolet spectra separately from background and exospheric signals. Unresolved data may support a prepared chart; the target tag does not establish a registered surface band.
Cassini UVIS	Dione	2133	qualification	100	Qualify reflected ultraviolet spectra separately from background and exospheric signals. Unresolved data may support a prepared chart; the target tag does not establish a registered surface band.
Cassini UVIS	Earth	176	qualification	60	Use the native historical observation as a separate epoch/band only if it adds supported information. Distant cruise photometry, slit spectra and raw detector images are not automatically global georeferenced maps.
Cassini UVIS	Enceladus	4965	qualification	100,109	Qualify reflected ultraviolet spectra separately from background and exospheric signals. Unresolved data may support a prepared chart; the target tag does not establish a registered surface band.
Cassini UVIS	Epimetheus	72	qualification	100	Qualify reflected ultraviolet spectra separately from background and exospheric signals. Unresolved data may support a prepared chart; the target tag does not establish a registered surface band.
Cassini UVIS	Erriapus	12	qualification	20,22	Retain calibrated disk-integrated brightness, colors or rotation sampling where supported. Establish the target aperture and phase first; detector dimensions and intended-target tags do not imply a resolved surface.
Cassini UVIS	Helene	54	qualification	100	Qualify reflected ultraviolet spectra separately from background and exospheric signals. Unresolved data may support a prepared chart; the target tag does not establish a registered surface band.
Cassini UVIS	Hyperion	554	qualification	100	Qualify reflected ultraviolet spectra separately from background and exospheric signals. Unresolved data may support a prepared chart; the target tag does not establish a registered surface band.
Cassini UVIS	Iapetus	2303	qualification	100	Qualify reflected ultraviolet spectra separately from background and exospheric signals. Unresolved data may support a prepared chart; the target tag does not establish a registered surface band.
Cassini UVIS	Ijiraq	27	qualification	20,22	Retain calibrated disk-integrated brightness, colors or rotation sampling where supported. Establish the target aperture and phase first; detector dimensions and intended-target tags do not imply a resolved surface.
Cassini UVIS	Interstellar Medium	3	outside-current-proposals		The archived UVIS time series concern interplanetary/background signals. No supported surface, ring or existing chart addition was established in this screen; retain for a separately scoped heliophysics investigation.
Cassini UVIS	Io	29	qualification	101,41	Inspect native UV/optical/infrared bandpass and observing mode. Separate atmospheric/auroral emission from reflected surface light; spectra and images need their own spatial qualification.
Cassini UVIS	Janus	90	qualification	100	Qualify reflected ultraviolet spectra separately from background and exospheric signals. Unresolved data may support a prepared chart; the target tag does not establish a registered surface band.
Cassini UVIS	Jupiter	1716	qualification	42,108	Match a coherent observing program to dated clouds or an observed spectrum. Keep auroral, reflected-light and thermal signals distinct and compare against current OPAL dates.
Cassini UVIS	Kiviuq	56	qualification	20,22	Retain calibrated disk-integrated brightness, colors or rotation sampling where supported. Establish the target aperture and phase first; detector dimensions and intended-target tags do not imply a resolved surface.
Cassini UVIS	Methone	9	qualification	100	Qualify reflected ultraviolet spectra separately from background and exospheric signals. Unresolved data may support a prepared chart; the target tag does not establish a registered surface band.
Cassini UVIS	Mimas	1053	qualification	100	Qualify reflected ultraviolet spectra separately from background and exospheric signals. Unresolved data may support a prepared chart; the target tag does not establish a registered surface band.
Cassini UVIS	None	525	target-unresolved		The archive target is non-specific. Inspect observation purpose and the separate geometry slices before assigning a body. These rows are not evidence that useful observations are absent.
Cassini UVIS	Paaliaq	6	qualification	20,22	Retain calibrated disk-integrated brightness, colors or rotation sampling where supported. Establish the target aperture and phase first; detector dimensions and intended-target tags do not imply a resolved surface.
Cassini UVIS	Pallene	9	qualification	100	Qualify reflected ultraviolet spectra separately from background and exospheric signals. Unresolved data may support a prepared chart; the target tag does not establish a registered surface band.
Cassini UVIS	Pan	12	qualification	100	Qualify reflected ultraviolet spectra separately from background and exospheric signals. Unresolved data may support a prepared chart; the target tag does not establish a registered surface band.
Cassini UVIS	Pandora	33	qualification	100	Qualify reflected ultraviolet spectra separately from background and exospheric signals. Unresolved data may support a prepared chart; the target tag does not establish a registered surface band.
Cassini UVIS	Phoebe	87	qualification	100	Qualify reflected ultraviolet spectra separately from background and exospheric signals. Unresolved data may support a prepared chart; the target tag does not establish a registered surface band.
Cassini UVIS	Polydeuces	54	qualification	100	Qualify reflected ultraviolet spectra separately from background and exospheric signals. Unresolved data may support a prepared chart; the target tag does not establish a registered surface band.
Cassini UVIS	Prometheus	3	qualification	100	Qualify reflected ultraviolet spectra separately from background and exospheric signals. Unresolved data may support a prepared chart; the target tag does not establish a registered surface band.
Cassini UVIS	Rhea	2291	qualification	100	Qualify reflected ultraviolet spectra separately from background and exospheric signals. Unresolved data may support a prepared chart; the target tag does not establish a registered surface band.
Cassini UVIS	Saturn	109715	qualification	43,108	Separate clouds, atmospheric spectra and thermal retrievals; current OPAL imagery already exists. CIRS spectra require radiometric/footprint interpretation before any claimed temperature map.
Cassini UVIS	Saturn Rings	8250	qualification	96,44	Separate native occultation optical depth from reflected or thermal spectra. Date, wavelength, geometry and sampled radius determine whether this slice extends the current UVIS profile or the spectral proposal.
Cassini UVIS	Siarnaq	9	qualification	20,22	Retain calibrated disk-integrated brightness, colors or rotation sampling where supported. Establish the target aperture and phase first; detector dimensions and intended-target tags do not imply a resolved surface.
Cassini UVIS	Skathi	9	qualification	20,22	Retain calibrated disk-integrated brightness, colors or rotation sampling where supported. Establish the target aperture and phase first; detector dimensions and intended-target tags do not imply a resolved surface.
Cassini UVIS	Solar Wind	47983	outside-current-proposals		The archived UVIS time series concern interplanetary/background signals. No supported surface, ring or existing chart addition was established in this screen; retain for a separately scoped heliophysics investigation.
Cassini UVIS	Star	3378	event-review	96,109	Stellar pointing can be calibration, stellar science or a planetary occultation. Follow the observation purpose and foreground-body geometry before accepting or rejecting it; do not paint the star onto a body.
Cassini UVIS	Sun	317	event-review	96,109	Sun-targeted cruise/calibration and occultation observations are mixed. The label does not establish a useful solar surface map; inspect occulting body, observing mode and calibration purpose first.
Cassini UVIS	Tarqeq	24	qualification	20,22	Retain calibrated disk-integrated brightness, colors or rotation sampling where supported. Establish the target aperture and phase first; detector dimensions and intended-target tags do not imply a resolved surface.
Cassini UVIS	Tarvos	20	qualification	20,22	Retain calibrated disk-integrated brightness, colors or rotation sampling where supported. Establish the target aperture and phase first; detector dimensions and intended-target tags do not imply a resolved surface.
Cassini UVIS	Telesto	30	qualification	100	Qualify reflected ultraviolet spectra separately from background and exospheric signals. Unresolved data may support a prepared chart; the target tag does not establish a registered surface band.
Cassini UVIS	Tethys	1481	qualification	100	Qualify reflected ultraviolet spectra separately from background and exospheric signals. Unresolved data may support a prepared chart; the target tag does not establish a registered surface band.
Cassini UVIS	Titan	13886	qualification	80	Titan infrared surface, atmospheric spectra, seasonal temperature and dated clouds are separate measurements. Reuse the existing Titan proposals and preserve the VIMS registration/calibration blockers.
Cassini UVIS	Unknown	865	target-unresolved		The archive target is non-specific. Inspect observation purpose and the separate geometry slices before assigning a body. These rows are not evidence that useful observations are absent.
Cassini UVIS	Venus	2	qualification	107	Historical flyby imaging/spectra can test a dated cloud-band addition. Raw signal, cloud altitude, pointing and temporal coherence still require qualification.
Cassini VIMS	Aegaeon	732	qualification	99	Mimas/Hyperion are the clearest missing VIMS cases; several other moons already have infrared views. Require distinct measured bands or area gain against each selected source and retain raw-cube calibration/geometry limits.
Cassini VIMS	Albiorix	1092	qualification	20,22	Retain calibrated disk-integrated brightness, colors or rotation sampling where supported. Establish the target aperture and phase first; detector dimensions and intended-target tags do not imply a resolved surface.
Cassini VIMS	Alp PsA (Fomalhaut)	897	event-review	96,109	Stellar pointing can be calibration, stellar science or a planetary occultation. Follow the observation purpose and foreground-body geometry before accepting or rejecting it; do not paint the star onto a body.
Cassini VIMS	Alp Vir (Spica)	128	event-review	96,109	Stellar pointing can be calibration, stellar science or a planetary occultation. Follow the observation purpose and foreground-body geometry before accepting or rejecting it; do not paint the star onto a body.
Cassini VIMS	Anthe	882	qualification	99	Mimas/Hyperion are the clearest missing VIMS cases; several other moons already have infrared views. Require distinct measured bands or area gain against each selected source and retain raw-cube calibration/geometry limits.
Cassini VIMS	Atlas	134	qualification	99	Mimas/Hyperion are the clearest missing VIMS cases; several other moons already have infrared views. Require distinct measured bands or area gain against each selected source and retain raw-cube calibration/geometry limits.
Cassini VIMS	Bebhionn	828	qualification	20,22	Retain calibrated disk-integrated brightness, colors or rotation sampling where supported. Establish the target aperture and phase first; detector dimensions and intended-target tags do not imply a resolved surface.
Cassini VIMS	Bestla	453	qualification	20,22	Retain calibrated disk-integrated brightness, colors or rotation sampling where supported. Establish the target aperture and phase first; detector dimensions and intended-target tags do not imply a resolved surface.
Cassini VIMS	Calypso	126	qualification	99	Mimas/Hyperion are the clearest missing VIMS cases; several other moons already have infrared views. Require distinct measured bands or area gain against each selected source and retain raw-cube calibration/geometry limits.
Cassini VIMS	Daphnis	166	qualification	99	Mimas/Hyperion are the clearest missing VIMS cases; several other moons already have infrared views. Require distinct measured bands or area gain against each selected source and retain raw-cube calibration/geometry limits.
Cassini VIMS	Dark Sky	3080	calibration-support		The intended target identifies a calibration, detector-background or acquisition product. Retain for calibration of linked science observations; it does not itself establish a body map.
Cassini VIMS	Dione	9817	qualification	99	Mimas/Hyperion are the clearest missing VIMS cases; several other moons already have infrared views. Require distinct measured bands or area gain against each selected source and retain raw-cube calibration/geometry limits.
Cassini VIMS	Dust	176	qualification	86	Inspect the optical observation and its background before connecting it to the dust-content proposal. An image target called Dust is not a calibrated particle-detector count or dust-density map.
Cassini VIMS	Earth	16	qualification	60	Use the native historical observation as a separate epoch/band only if it adds supported information. Distant cruise photometry, slit spectra and raw detector images are not automatically global georeferenced maps.
Cassini VIMS	Enceladus	27249	existing-family		The Enceladus infrared mosaic is merged at the current audit baseline. These native cubes are potential provenance/coverage follow-up, not a second proposal to add the same infrared view.
Cassini VIMS	Epimetheus	322	qualification	99	Mimas/Hyperion are the clearest missing VIMS cases; several other moons already have infrared views. Require distinct measured bands or area gain against each selected source and retain raw-cube calibration/geometry limits.
Cassini VIMS	Erriapus	126	qualification	20,22	Retain calibrated disk-integrated brightness, colors or rotation sampling where supported. Establish the target aperture and phase first; detector dimensions and intended-target tags do not imply a resolved surface.
Cassini VIMS	Europa	352	qualification	11	Cassini spectral cubes provide an alternative infrared source route within the existing moon spectroscopy work. Check resolved sampling and geometry; they do not remove NIMS-specific blockers by themselves.
Cassini VIMS	Ganymede	174	qualification	35	Cassini spectral cubes provide an alternative infrared source route within the existing moon spectroscopy work. Check resolved sampling and geometry; they do not remove NIMS-specific blockers by themselves.
Cassini VIMS	Greip	154	qualification	20,22	Retain calibrated disk-integrated brightness, colors or rotation sampling where supported. Establish the target aperture and phase first; detector dimensions and intended-target tags do not imply a resolved surface.
Cassini VIMS	Hati	308	qualification	20,22	Retain calibrated disk-integrated brightness, colors or rotation sampling where supported. Establish the target aperture and phase first; detector dimensions and intended-target tags do not imply a resolved surface.
Cassini VIMS	Helene	470	qualification	99	Mimas/Hyperion are the clearest missing VIMS cases; several other moons already have infrared views. Require distinct measured bands or area gain against each selected source and retain raw-cube calibration/geometry limits.
Cassini VIMS	Himalia	300	qualification	20,22	Retain calibrated disk-integrated brightness, colors or rotation sampling where supported. Establish the target aperture and phase first; detector dimensions and intended-target tags do not imply a resolved surface.
Cassini VIMS	Hyperion	3658	qualification	99	Mimas/Hyperion are the clearest missing VIMS cases; several other moons already have infrared views. Require distinct measured bands or area gain against each selected source and retain raw-cube calibration/geometry limits.
Cassini VIMS	Iapetus	7237	qualification	99	Mimas/Hyperion are the clearest missing VIMS cases; several other moons already have infrared views. Require distinct measured bands or area gain against each selected source and retain raw-cube calibration/geometry limits.
Cassini VIMS	Ijiraq	894	qualification	20,22	Retain calibrated disk-integrated brightness, colors or rotation sampling where supported. Establish the target aperture and phase first; detector dimensions and intended-target tags do not imply a resolved surface.
Cassini VIMS	Io	296	qualification	41	Cassini spectral cubes provide an alternative infrared source route within the existing moon spectroscopy work. Check resolved sampling and geometry; they do not remove NIMS-specific blockers by themselves.
Cassini VIMS	Janus	830	qualification	99	Mimas/Hyperion are the clearest missing VIMS cases; several other moons already have infrared views. Require distinct measured bands or area gain against each selected source and retain raw-cube calibration/geometry limits.
Cassini VIMS	Jarnsaxa	18	qualification	20,22	Retain calibrated disk-integrated brightness, colors or rotation sampling where supported. Establish the target aperture and phase first; detector dimensions and intended-target tags do not imply a resolved surface.
Cassini VIMS	Jupiter	28583	qualification	42,108	Match a coherent observing program to dated clouds or an observed spectrum. Keep auroral, reflected-light and thermal signals distinct and compare against current OPAL dates.
Cassini VIMS	Kiviuq	414	qualification	20,22	Retain calibrated disk-integrated brightness, colors or rotation sampling where supported. Establish the target aperture and phase first; detector dimensions and intended-target tags do not imply a resolved surface.
Cassini VIMS	Methone	454	qualification	99	Mimas/Hyperion are the clearest missing VIMS cases; several other moons already have infrared views. Require distinct measured bands or area gain against each selected source and retain raw-cube calibration/geometry limits.
Cassini VIMS	Mimas	4442	qualification	99	Mimas/Hyperion are the clearest missing VIMS cases; several other moons already have infrared views. Require distinct measured bands or area gain against each selected source and retain raw-cube calibration/geometry limits.
Cassini VIMS	Mundilfari	18	qualification	20,22	Retain calibrated disk-integrated brightness, colors or rotation sampling where supported. Establish the target aperture and phase first; detector dimensions and intended-target tags do not imply a resolved surface.
Cassini VIMS	Other	4	target-unresolved		The archive target is non-specific. Inspect observation purpose and the separate geometry slices before assigning a body. These rows are not evidence that useful observations are absent.
Cassini VIMS	Paaliaq	928	qualification	20,22	Retain calibrated disk-integrated brightness, colors or rotation sampling where supported. Establish the target aperture and phase first; detector dimensions and intended-target tags do not imply a resolved surface.
Cassini VIMS	Pallene	318	qualification	99	Mimas/Hyperion are the clearest missing VIMS cases; several other moons already have infrared views. Require distinct measured bands or area gain against each selected source and retain raw-cube calibration/geometry limits.
Cassini VIMS	Pan	248	qualification	99	Mimas/Hyperion are the clearest missing VIMS cases; several other moons already have infrared views. Require distinct measured bands or area gain against each selected source and retain raw-cube calibration/geometry limits.
Cassini VIMS	Pandora	224	qualification	99	Mimas/Hyperion are the clearest missing VIMS cases; several other moons already have infrared views. Require distinct measured bands or area gain against each selected source and retain raw-cube calibration/geometry limits.
Cassini VIMS	Phoebe	1010	qualification	99	Mimas/Hyperion are the clearest missing VIMS cases; several other moons already have infrared views. Require distinct measured bands or area gain against each selected source and retain raw-cube calibration/geometry limits.
Cassini VIMS	Polydeuces	168	qualification	99	Mimas/Hyperion are the clearest missing VIMS cases; several other moons already have infrared views. Require distinct measured bands or area gain against each selected source and retain raw-cube calibration/geometry limits.
Cassini VIMS	Prometheus	190	qualification	99	Mimas/Hyperion are the clearest missing VIMS cases; several other moons already have infrared views. Require distinct measured bands or area gain against each selected source and retain raw-cube calibration/geometry limits.
Cassini VIMS	Rhea	12656	qualification	99	Mimas/Hyperion are the clearest missing VIMS cases; several other moons already have infrared views. Require distinct measured bands or area gain against each selected source and retain raw-cube calibration/geometry limits.
Cassini VIMS	Saturn	121046	qualification	43,108	Separate clouds, atmospheric spectra and thermal retrievals; current OPAL imagery already exists. CIRS spectra require radiometric/footprint interpretation before any claimed temperature map.
Cassini VIMS	Saturn Rings	161187	qualification	96,44	Separate native occultation optical depth from reflected or thermal spectra. Date, wavelength, geometry and sampled radius determine whether this slice extends the current UVIS profile or the spectral proposal.
Cassini VIMS	Siarnaq	2	qualification	20,22	Retain calibrated disk-integrated brightness, colors or rotation sampling where supported. Establish the target aperture and phase first; detector dimensions and intended-target tags do not imply a resolved surface.
Cassini VIMS	Skathi	1006	qualification	20,22	Retain calibrated disk-integrated brightness, colors or rotation sampling where supported. Establish the target aperture and phase first; detector dimensions and intended-target tags do not imply a resolved surface.
Cassini VIMS	Sky	106682	target-unresolved		The archive target is non-specific. Inspect observation purpose and the separate geometry slices before assigning a body. These rows are not evidence that useful observations are absent.
Cassini VIMS	Sun	80316	event-review	96,109	Sun-targeted cruise/calibration and occultation observations are mixed. The label does not establish a useful solar surface map; inspect occulting body, observing mode and calibration purpose first.
Cassini VIMS	Surtur	2	qualification	20,22	Retain calibrated disk-integrated brightness, colors or rotation sampling where supported. Establish the target aperture and phase first; detector dimensions and intended-target tags do not imply a resolved surface.
Cassini VIMS	Tarqeq	2276	qualification	20,22	Retain calibrated disk-integrated brightness, colors or rotation sampling where supported. Establish the target aperture and phase first; detector dimensions and intended-target tags do not imply a resolved surface.
Cassini VIMS	Tarvos	372	qualification	20,22	Retain calibrated disk-integrated brightness, colors or rotation sampling where supported. Establish the target aperture and phase first; detector dimensions and intended-target tags do not imply a resolved surface.
Cassini VIMS	Telesto	162	qualification	99	Mimas/Hyperion are the clearest missing VIMS cases; several other moons already have infrared views. Require distinct measured bands or area gain against each selected source and retain raw-cube calibration/geometry limits.
Cassini VIMS	Tethys	9348	qualification	99	Mimas/Hyperion are the clearest missing VIMS cases; several other moons already have infrared views. Require distinct measured bands or area gain against each selected source and retain raw-cube calibration/geometry limits.
Cassini VIMS	Thrymr	1132	qualification	20,22	Retain calibrated disk-integrated brightness, colors or rotation sampling where supported. Establish the target aperture and phase first; detector dimensions and intended-target tags do not imply a resolved surface.
Cassini VIMS	Titan	115767	qualification	33,80	Titan infrared surface, atmospheric spectra, seasonal temperature and dated clouds are separate measurements. Reuse the existing Titan proposals and preserve the VIMS registration/calibration blockers.
Cassini VIMS	Unknown	29924	target-unresolved		The archive target is non-specific. Inspect observation purpose and the separate geometry slices before assigning a body. These rows are not evidence that useful observations are absent.
Cassini VIMS	Venus	246	qualification	107	Historical flyby imaging/spectra can test a dated cloud-band addition. Raw signal, cloud altitude, pointing and temporal coherence still require qualification.
Cassini VIMS	Ymir	66	qualification	20,22	Retain calibrated disk-integrated brightness, colors or rotation sampling where supported. Establish the target aperture and phase first; detector dimensions and intended-target tags do not imply a resolved surface.
Cerro Tololo SMARTS 1.5m	Uranus	2	qualification	110	Choose the physical measurement first: the ground-based/FOS records are atmospheric occultation light curves; imager and STIS records require dated cloud or spectral interpretation.
Cerro Tololo SMARTS 1.5m	Uranus Rings	18	qualification	97	Occultation profiles and ring images require different reductions. Preserve individual event geometry, sampling, uncertainty and radial limits before comparing with the current summary-table rings.
Cerro Tololo Victor Blanco 4m	Uranus	7	qualification	110	Choose the physical measurement first: the ground-based/FOS records are atmospheric occultation light curves; imager and STIS records require dated cloud or spectral interpretation.
Cerro Tololo Victor Blanco 4m	Uranus Rings	116	qualification	97	Occultation profiles and ring images require different reductions. Preserve individual event geometry, sampling, uncertainty and radial limits before comparing with the current summary-table rings.
ESO La Silla 1m	Saturn Rings	2	qualification	96	Separate native occultation optical depth from reflected or thermal spectra. Date, wavelength, geometry and sampled radius determine whether this slice extends the current UVIS profile or the spectral proposal.
ESO La Silla 1m	Uranus Rings	15	qualification	97	Occultation profiles and ring images require different reductions. Preserve individual event geometry, sampling, uncertainty and radial limits before comparing with the current summary-table rings.
ESO La Silla 2.2m	Saturn Rings	2	qualification	96	Separate native occultation optical depth from reflected or thermal spectra. Date, wavelength, geometry and sampled radius determine whether this slice extends the current UVIS profile or the spectral proposal.
ESO La Silla 2.2m	Uranus Rings	15	qualification	97	Occultation profiles and ring images require different reductions. Preserve individual event geometry, sampling, uncertainty and radial limits before comparing with the current summary-table rings.
ESO La Silla 3.6m	Uranus	1	qualification	110	Choose the physical measurement first: the ground-based/FOS records are atmospheric occultation light curves; imager and STIS records require dated cloud or spectral interpretation.
ESO La Silla 3.6m	Uranus Rings	19	qualification	97	Occultation profiles and ring images require different reductions. Preserve individual event geometry, sampling, uncertainty and radial limits before comparing with the current summary-table rings.
Galileo SSI	Adrastea	16	qualification	90,22	Resolve actual native sampling and compare with the current small-moon inputs. Additional photometry/phase coverage can fit the existing historical small-body work; no surface map follows from detector dimensions.
Galileo SSI	Alp CMa (Sirius)	54	event-review		Stellar pointing can be calibration, stellar science or a planetary occultation. Follow the observation purpose and foreground-body geometry before accepting or rejecting it; do not paint the star onto a body.
Galileo SSI	Amalthea	39	qualification	90,22	Resolve actual native sampling and compare with the current small-moon inputs. Additional photometry/phase coverage can fit the existing historical small-body work; no surface map follows from detector dimensions.
Galileo SSI	Bet Ari	67	event-review		Stellar pointing can be calibration, stellar science or a planetary occultation. Follow the observation purpose and foreground-body geometry before accepting or rejecting it; do not paint the star onto a body.
Galileo SSI	Black Sky	1310	calibration-support		The intended target identifies a calibration, detector-background or acquisition product. Retain for calibration of linked science observations; it does not itself establish a body map.
Galileo SSI	Callisto	280	qualification	58	Use exact calibrated observation IDs to test an additional date or controlled regional coverage against the selected global mosaic. A raw-frame count does not establish a detail improvement.
Galileo SSI	Del Psc	56	event-review		Stellar pointing can be calibration, stellar science or a planetary occultation. Follow the observation purpose and foreground-body geometry before accepting or rejecting it; do not paint the star onto a body.
Galileo SSI	Earth	5691	qualification	60	Use the native historical observation as a separate epoch/band only if it adds supported information. Distant cruise photometry, slit spectra and raw detector images are not automatically global georeferenced maps.
Galileo SSI	Europa	706	qualification	55	Use exact calibrated observation IDs to test an additional date or controlled regional coverage against the selected global mosaic. A raw-frame count does not establish a detail improvement.
Galileo SSI	Gam Ori	60	event-review		Stellar pointing can be calibration, stellar science or a planetary occultation. Follow the observation purpose and foreground-body geometry before accepting or rejecting it; do not paint the star onto a body.
Galileo SSI	Ganymede	314	qualification	57	Use exact calibrated observation IDs to test an additional date or controlled regional coverage against the selected global mosaic. A raw-frame count does not establish a detail improvement.
Galileo SSI	Gaspra	154	qualification	18,22,90	Retain calibrated disk-integrated brightness, colors or rotation sampling where supported. Establish the target aperture and phase first; detector dimensions and intended-target tags do not imply a resolved surface.
Galileo SSI	HD 151288	32	event-review		Stellar pointing can be calibration, stellar science or a planetary occultation. Follow the observation purpose and foreground-body geometry before accepting or rejecting it; do not paint the star onto a body.
Galileo SSI	Ida	104	qualification	18,22,90	Retain calibrated disk-integrated brightness, colors or rotation sampling where supported. Establish the target aperture and phase first; detector dimensions and intended-target tags do not imply a resolved surface.
Galileo SSI	Io	847	qualification	41	Use exact calibrated observation IDs to test an additional date or controlled regional coverage against the selected global mosaic. A raw-frame count does not establish a detail improvement.
Galileo SSI	Jupiter	1539	qualification	42	Match a coherent observing program to dated clouds or an observed spectrum. Keep auroral, reflected-light and thermal signals distinct and compare against current OPAL dates.
Galileo SSI	Jupiter Rings	51	qualification	64	Native reflected-light imaging can constrain a measured radial brightness profile. Resolve background, phase, radius and projection before replacing any schematic ring input.
Galileo SSI	Metis	20	qualification	90,22	Resolve actual native sampling and compare with the current small-moon inputs. Additional photometry/phase coverage can fit the existing historical small-body work; no surface map follows from detector dimensions.
Galileo SSI	Moon	2023	qualification	60	Use the native historical observation as a separate epoch/band only if it adds supported information. Distant cruise photometry, slit spectra and raw detector images are not automatically global georeferenced maps.
Galileo SSI	None	819	target-unresolved		The archive target is non-specific. Inspect observation purpose and the separate geometry slices before assigning a body. These rows are not evidence that useful observations are absent.
Galileo SSI	Pleiades	85	qualification	76	The intended target is a sky source or field. Check calibrated signal, filters and observing purpose against the existing image-layer/sky proposals; many fields are calibration observations, not new planetary surfaces.
Galileo SSI	Star	29	event-review		Stellar pointing can be calibration, stellar science or a planetary occultation. Follow the observation purpose and foreground-body geometry before accepting or rejecting it; do not paint the star onto a body.
Galileo SSI	Tau Cet	60	event-review		Stellar pointing can be calibration, stellar science or a planetary occultation. Follow the observation purpose and foreground-body geometry before accepting or rejecting it; do not paint the star onto a body.
Galileo SSI	Thebe	33	qualification	90,22	Resolve actual native sampling and compare with the current small-moon inputs. Additional photometry/phase coverage can fit the existing historical small-body work; no surface map follows from detector dimensions.
Galileo SSI	Venus	81	qualification	107	Historical flyby imaging/spectra can test a dated cloud-band addition. Raw signal, cloud altitude, pointing and temporal coherence still require qualification.
Hubble ACS	2002 UX25	54	qualification	18,22	Retain calibrated disk-integrated brightness, colors or rotation sampling where supported. Establish the target aperture and phase first; detector dimensions and intended-target tags do not imply a resolved surface.
Hubble ACS	Adrastea	51	qualification	90,22	Resolve actual native sampling and compare with the current small-moon inputs. Additional photometry/phase coverage can fit the existing historical small-body work; no surface map follows from detector dimensions.
Hubble ACS	Calibration	1	calibration-support		The intended target identifies a calibration, detector-background or acquisition product. Retain for calibration of linked science observations; it does not itself establish a body map.
Hubble ACS	Eris	18	qualification	18,22	Retain calibrated disk-integrated brightness, colors or rotation sampling where supported. Establish the target aperture and phase first; detector dimensions and intended-target tags do not imply a resolved surface.
Hubble ACS	Europa	11	qualification	101	Inspect native UV/optical/infrared bandpass and observing mode. Separate atmospheric/auroral emission from reflected surface light; spectra and images need their own spatial qualification.
Hubble ACS	Ganymede	96	qualification	101	Inspect native UV/optical/infrared bandpass and observing mode. Separate atmospheric/auroral emission from reflected surface light; spectra and images need their own spatial qualification.
Hubble ACS	Io	341	qualification	101,41	Inspect native UV/optical/infrared bandpass and observing mode. Separate atmospheric/auroral emission from reflected surface light; spectra and images need their own spatial qualification.
Hubble ACS	Jupiter	1819	qualification	42	Match a coherent observing program to dated clouds or an observed spectrum. Keep auroral, reflected-light and thermal signals distinct and compare against current OPAL dates.
Hubble ACS	Jupiter Rings	24	qualification	64	Native reflected-light imaging can constrain a measured radial brightness profile. Resolve background, phase, radius and projection before replacing any schematic ring input.
Hubble ACS	Mab	48	prior-limit	103	The major Uranian moons already have Voyager color. Numeric-band interpretation or added coverage needs independent calibration/control evidence beyond the current recipes; small unresolved moons stay photometric constraints.
Hubble ACS	Makemake	18	qualification	18,22	Retain calibrated disk-integrated brightness, colors or rotation sampling where supported. Establish the target aperture and phase first; detector dimensions and intended-target tags do not imply a resolved surface.
Hubble ACS	Mars	143	deferred-scope		Mars implementation is excluded. Retain this instrument-specific archive slice without proposing a Mars addition.
Hubble ACS	Metis	68	qualification	90,22	Resolve actual native sampling and compare with the current small-moon inputs. Additional photometry/phase coverage can fit the existing historical small-body work; no surface map follows from detector dimensions.
Hubble ACS	Naiad	10	prior-limit	104	Triton and Proteus already use Voyager bands. Check current native IDs and reopen conditions before proposing more; unresolved observations of other moons are photometry, not detailed surface maps.
Hubble ACS	Neptune	110	qualification	59	Voyager imaging can extend the dated cloud proposal; Hubble and distant New Horizons records require comparison with current OPAL data and measured aperture/spectral information.
Hubble ACS	Neptune Rings	138	qualification	98	Determine whether this is a radial occultation or ring/arc imaging. Native segment limits and absolute arc longitudes must be established separately; no full-ring coverage follows from the target name.
Hubble ACS	Orcus	54	qualification	18,22	Retain calibrated disk-integrated brightness, colors or rotation sampling where supported. Establish the target aperture and phase first; detector dimensions and intended-target tags do not imply a resolved surface.
Hubble ACS	Pluto	438	qualification	56,22	These historical disk/photometry observations overlap the prior telescope-map proposal. Require actual spatial information or retain measured disk-integrated photometry; no reconstructed detailed surface from an unresolved source.
Hubble ACS	Saturn	2466	qualification	43	Separate clouds, atmospheric spectra and thermal retrievals; current OPAL imagery already exists. CIRS spectra require radiometric/footprint interpretation before any claimed temperature map.
Hubble ACS	Sedna	18	qualification	18,22	Retain calibrated disk-integrated brightness, colors or rotation sampling where supported. Establish the target aperture and phase first; detector dimensions and intended-target tags do not imply a resolved surface.
Hubble ACS	Thalassa	10	prior-limit	104	Triton and Proteus already use Voyager bands. Check current native IDs and reopen conditions before proposing more; unresolved observations of other moons are photometry, not detailed surface maps.
Hubble ACS	Titan	490	qualification	69	Titan infrared surface, atmospheric spectra, seasonal temperature and dated clouds are separate measurements. Reuse the existing Titan proposals and preserve the VIMS registration/calibration blockers.
Hubble ACS	Triton	144	prior-limit	104	Triton and Proteus already use Voyager bands. Check current native IDs and reopen conditions before proposing more; unresolved observations of other moons are photometry, not detailed surface maps.
Hubble ACS	Uranus	764	qualification	102	Choose the physical measurement first: the ground-based/FOS records are atmospheric occultation light curves; imager and STIS records require dated cloud or spectral interpretation.
Hubble FOS	Uranus	1	qualification	110	Choose the physical measurement first: the ground-based/FOS records are atmospheric occultation light curves; imager and STIS records require dated cloud or spectral interpretation.
Hubble FOS	Uranus Rings	14	qualification	97	Occultation profiles and ring images require different reductions. Preserve individual event geometry, sampling, uncertainty and radial limits before comparing with the current summary-table rings.
Hubble NICMOS	Calibration	61	calibration-support		The intended target identifies a calibration, detector-background or acquisition product. Retain for calibration of linked science observations; it does not itself establish a body map.
Hubble NICMOS	Charon	144	qualification	56,22	These historical disk/photometry observations overlap the prior telescope-map proposal. Require actual spatial information or retain measured disk-integrated photometry; no reconstructed detailed surface from an unresolved source.
Hubble NICMOS	Enceladus	26	qualification	68	Extend the existing Saturn-moon photography proposal only if native IDs, registration and actual area coverage improve on the selected observations. Current shapes and scene geometry stay fixed.
Hubble NICMOS	Io	178	qualification	101,41	Inspect native UV/optical/infrared bandpass and observing mode. Separate atmospheric/auroral emission from reflected surface light; spectra and images need their own spatial qualification.
Hubble NICMOS	Jupiter	592	qualification	42,108	Match a coherent observing program to dated clouds or an observed spectrum. Keep auroral, reflected-light and thermal signals distinct and compare against current OPAL dates.
Hubble NICMOS	Mars	60	deferred-scope		Mars implementation is excluded. Retain this instrument-specific archive slice without proposing a Mars addition.
Hubble NICMOS	Neptune	141	qualification	59,108	Voyager imaging can extend the dated cloud proposal; Hubble and distant New Horizons records require comparison with current OPAL data and measured aperture/spectral information.
Hubble NICMOS	Pluto	72	qualification	56,22	These historical disk/photometry observations overlap the prior telescope-map proposal. Require actual spatial information or retain measured disk-integrated photometry; no reconstructed detailed surface from an unresolved source.
Hubble NICMOS	Proteus	26	prior-limit	104	Triton and Proteus already use Voyager bands. Check current native IDs and reopen conditions before proposing more; unresolved observations of other moons are photometry, not detailed surface maps.
Hubble NICMOS	Puck	26	prior-limit	103	The major Uranian moons already have Voyager color. Numeric-band interpretation or added coverage needs independent calibration/control evidence beyond the current recipes; small unresolved moons stay photometric constraints.
Hubble NICMOS	Saturn	102	qualification	43,108	Separate clouds, atmospheric spectra and thermal retrievals; current OPAL imagery already exists. CIRS spectra require radiometric/footprint interpretation before any claimed temperature map.
Hubble NICMOS	Saturn Rings	156	qualification	96,44	Separate native occultation optical depth from reflected or thermal spectra. Date, wavelength, geometry and sampled radius determine whether this slice extends the current UVIS profile or the spectral proposal.
Hubble NICMOS	Titan	212	qualification	69	Titan infrared surface, atmospheric spectra, seasonal temperature and dated clouds are separate measurements. Reuse the existing Titan proposals and preserve the VIMS registration/calibration blockers.
Hubble NICMOS	Uranus	336	qualification	108	Choose the physical measurement first: the ground-based/FOS records are atmospheric occultation light curves; imager and STIS records require dated cloud or spectral interpretation.
Hubble NICMOS	Uranus Rings	26	qualification	97	Occultation profiles and ring images require different reductions. Preserve individual event geometry, sampling, uncertainty and radial limits before comparing with the current summary-table rings.
Hubble STIS	Acq-Eclpse	3	calibration-support		The intended target identifies a calibration, detector-background or acquisition product. Retain for calibration of linked science observations; it does not itself establish a body map.
Hubble STIS	Calibration	11	calibration-support		The intended target identifies a calibration, detector-background or acquisition product. Retain for calibration of linked science observations; it does not itself establish a body map.
Hubble STIS	Dione	9	qualification	100	Qualify reflected ultraviolet spectra separately from background and exospheric signals. Unresolved data may support a prepared chart; the target tag does not establish a registered surface band.
Hubble STIS	Enceladus	22	qualification	100,109	Qualify reflected ultraviolet spectra separately from background and exospheric signals. Unresolved data may support a prepared chart; the target tag does not establish a registered surface band.
Hubble STIS	Europa	173	qualification	101	Inspect native UV/optical/infrared bandpass and observing mode. Separate atmospheric/auroral emission from reflected surface light; spectra and images need their own spatial qualification.
Hubble STIS	Flatfield	27	calibration-support		The intended target identifies a calibration, detector-background or acquisition product. Retain for calibration of linked science observations; it does not itself establish a body map.
Hubble STIS	Ganymede	184	qualification	101	Inspect native UV/optical/infrared bandpass and observing mode. Separate atmospheric/auroral emission from reflected surface light; spectra and images need their own spatial qualification.
Hubble STIS	Io	282	qualification	101,41	Inspect native UV/optical/infrared bandpass and observing mode. Separate atmospheric/auroral emission from reflected surface light; spectra and images need their own spatial qualification.
Hubble STIS	Jupiter	464	qualification	42,108	Match a coherent observing program to dated clouds or an observed spectrum. Keep auroral, reflected-light and thermal signals distinct and compare against current OPAL dates.
Hubble STIS	Mimas	8	qualification	100	Qualify reflected ultraviolet spectra separately from background and exospheric signals. Unresolved data may support a prepared chart; the target tag does not establish a registered surface band.
Hubble STIS	Moon	1	qualification	94	Use the native historical observation as a separate epoch/band only if it adds supported information. Distant cruise photometry, slit spectra and raw detector images are not automatically global georeferenced maps.
Hubble STIS	Neptune	79	qualification	59,108	Voyager imaging can extend the dated cloud proposal; Hubble and distant New Horizons records require comparison with current OPAL data and measured aperture/spectral information.
Hubble STIS	Pluto	3	qualification	56,22	These historical disk/photometry observations overlap the prior telescope-map proposal. Require actual spatial information or retain measured disk-integrated photometry; no reconstructed detailed surface from an unresolved source.
Hubble STIS	Prometheus	16	qualification	100	Qualify reflected ultraviolet spectra separately from background and exospheric signals. Unresolved data may support a prepared chart; the target tag does not establish a registered surface band.
Hubble STIS	Rhea	8	qualification	100	Qualify reflected ultraviolet spectra separately from background and exospheric signals. Unresolved data may support a prepared chart; the target tag does not establish a registered surface band.
Hubble STIS	Saturn	175	qualification	43,108	Separate clouds, atmospheric spectra and thermal retrievals; current OPAL imagery already exists. CIRS spectra require radiometric/footprint interpretation before any claimed temperature map.
Hubble STIS	Saturn Rings	20	qualification	96,44	Separate native occultation optical depth from reflected or thermal spectra. Date, wavelength, geometry and sampled radius determine whether this slice extends the current UVIS profile or the spectral proposal.
Hubble STIS	Tethys	16	qualification	100	Qualify reflected ultraviolet spectra separately from background and exospheric signals. Unresolved data may support a prepared chart; the target tag does not establish a registered surface band.
Hubble STIS	Titan	68	qualification	80	Titan infrared surface, atmospheric spectra, seasonal temperature and dated clouds are separate measurements. Reuse the existing Titan proposals and preserve the VIMS registration/calibration blockers.
Hubble STIS	Titania	1	prior-limit	103	The major Uranian moons already have Voyager color. Numeric-band interpretation or added coverage needs independent calibration/control evidence beyond the current recipes; small unresolved moons stay photometric constraints.
Hubble STIS	Triton	2	prior-limit	104	Triton and Proteus already use Voyager bands. Check current native IDs and reopen conditions before proposing more; unresolved observations of other moons are photometry, not detailed surface maps.
Hubble STIS	Uranus	242	qualification	108	Choose the physical measurement first: the ground-based/FOS records are atmospheric occultation light curves; imager and STIS records require dated cloud or spectral interpretation.
Hubble WFC3	1999 HG12	8	qualification	18,22	Retain calibrated disk-integrated brightness, colors or rotation sampling where supported. Establish the target aperture and phase first; detector dimensions and intended-target tags do not imply a resolved surface.
Hubble WFC3	1999 HT11	8	qualification	18,22	Retain calibrated disk-integrated brightness, colors or rotation sampling where supported. Establish the target aperture and phase first; detector dimensions and intended-target tags do not imply a resolved surface.
Hubble WFC3	1999 RT214	16	qualification	18,22	Retain calibrated disk-integrated brightness, colors or rotation sampling where supported. Establish the target aperture and phase first; detector dimensions and intended-target tags do not imply a resolved surface.
Hubble WFC3	2000 CM105	16	qualification	18,22	Retain calibrated disk-integrated brightness, colors or rotation sampling where supported. Establish the target aperture and phase first; detector dimensions and intended-target tags do not imply a resolved surface.
Hubble WFC3	2000 CM114	16	qualification	18,22	Retain calibrated disk-integrated brightness, colors or rotation sampling where supported. Establish the target aperture and phase first; detector dimensions and intended-target tags do not imply a resolved surface.
Hubble WFC3	2000 CQ114	16	qualification	18,22	Retain calibrated disk-integrated brightness, colors or rotation sampling where supported. Establish the target aperture and phase first; detector dimensions and intended-target tags do not imply a resolved surface.
Hubble WFC3	2000 FC8	8	qualification	18,22	Retain calibrated disk-integrated brightness, colors or rotation sampling where supported. Establish the target aperture and phase first; detector dimensions and intended-target tags do not imply a resolved surface.
Hubble WFC3	2000 OB51	8	qualification	18,22	Retain calibrated disk-integrated brightness, colors or rotation sampling where supported. Establish the target aperture and phase first; detector dimensions and intended-target tags do not imply a resolved surface.
Hubble WFC3	2000 PM30	8	qualification	18,22	Retain calibrated disk-integrated brightness, colors or rotation sampling where supported. Establish the target aperture and phase first; detector dimensions and intended-target tags do not imply a resolved surface.
Hubble WFC3	2000 PN30	8	qualification	18,22	Retain calibrated disk-integrated brightness, colors or rotation sampling where supported. Establish the target aperture and phase first; detector dimensions and intended-target tags do not imply a resolved surface.
Hubble WFC3	2000 QN251	8	qualification	18,22	Retain calibrated disk-integrated brightness, colors or rotation sampling where supported. Establish the target aperture and phase first; detector dimensions and intended-target tags do not imply a resolved surface.
Hubble WFC3	2001 FL185	24	qualification	18,22	Retain calibrated disk-integrated brightness, colors or rotation sampling where supported. Establish the target aperture and phase first; detector dimensions and intended-target tags do not imply a resolved surface.
Hubble WFC3	2001 KP77	8	qualification	18,22	Retain calibrated disk-integrated brightness, colors or rotation sampling where supported. Establish the target aperture and phase first; detector dimensions and intended-target tags do not imply a resolved surface.
Hubble WFC3	2002 GZ31	16	qualification	18,22	Retain calibrated disk-integrated brightness, colors or rotation sampling where supported. Establish the target aperture and phase first; detector dimensions and intended-target tags do not imply a resolved surface.
Hubble WFC3	2002 VV130	8	qualification	18,22	Retain calibrated disk-integrated brightness, colors or rotation sampling where supported. Establish the target aperture and phase first; detector dimensions and intended-target tags do not imply a resolved surface.
Hubble WFC3	2002 WC19	16	qualification	18,22	Retain calibrated disk-integrated brightness, colors or rotation sampling where supported. Establish the target aperture and phase first; detector dimensions and intended-target tags do not imply a resolved surface.
Hubble WFC3	2003 TJ58	8	qualification	18,22	Retain calibrated disk-integrated brightness, colors or rotation sampling where supported. Establish the target aperture and phase first; detector dimensions and intended-target tags do not imply a resolved surface.
Hubble WFC3	2004 VE131	8	qualification	18,22	Retain calibrated disk-integrated brightness, colors or rotation sampling where supported. Establish the target aperture and phase first; detector dimensions and intended-target tags do not imply a resolved surface.
Hubble WFC3	2005 EF298	48	qualification	18,22	Retain calibrated disk-integrated brightness, colors or rotation sampling where supported. Establish the target aperture and phase first; detector dimensions and intended-target tags do not imply a resolved surface.
Hubble WFC3	2005 SE278	8	qualification	18,22	Retain calibrated disk-integrated brightness, colors or rotation sampling where supported. Establish the target aperture and phase first; detector dimensions and intended-target tags do not imply a resolved surface.
Hubble WFC3	2005 SF278	8	qualification	18,22	Retain calibrated disk-integrated brightness, colors or rotation sampling where supported. Establish the target aperture and phase first; detector dimensions and intended-target tags do not imply a resolved surface.
Hubble WFC3	2011 JX31	8	qualification	18,22	Retain calibrated disk-integrated brightness, colors or rotation sampling where supported. Establish the target aperture and phase first; detector dimensions and intended-target tags do not imply a resolved surface.
Hubble WFC3	2014 MU69	10	qualification	18,22	This historical target name refers to Arrokoth; preserve the alias. Hubble discovery/photometry images do not replace the resolved New Horizons surface. Assess only measured photometry not already covered.
Hubble WFC3	2014 PN70	25	qualification	18,22	Retain calibrated disk-integrated brightness, colors or rotation sampling where supported. Establish the target aperture and phase first; detector dimensions and intended-target tags do not imply a resolved surface.
Hubble WFC3	Chariklo Ring	36	qualification	18,22	Retain calibrated disk-integrated brightness, colors or rotation sampling where supported. Establish the target aperture and phase first; detector dimensions and intended-target tags do not imply a resolved surface.
Hubble WFC3	Cupid	9	prior-limit	103	The major Uranian moons already have Voyager color. Numeric-band interpretation or added coverage needs independent calibration/control evidence beyond the current recipes; small unresolved moons stay photometric constraints.
Hubble WFC3	Eris	16	qualification	18,22	Retain calibrated disk-integrated brightness, colors or rotation sampling where supported. Establish the target aperture and phase first; detector dimensions and intended-target tags do not imply a resolved surface.
Hubble WFC3	Europa	59	qualification	101	Inspect native UV/optical/infrared bandpass and observing mode. Separate atmospheric/auroral emission from reflected surface light; spectra and images need their own spatial qualification.
Hubble WFC3	Ganymede	16	qualification	101	Inspect native UV/optical/infrared bandpass and observing mode. Separate atmospheric/auroral emission from reflected surface light; spectra and images need their own spatial qualification.
Hubble WFC3	Haumea	84	qualification	18,22	Retain calibrated disk-integrated brightness, colors or rotation sampling where supported. Establish the target aperture and phase first; detector dimensions and intended-target tags do not imply a resolved surface.
Hubble WFC3	Jupiter	940	qualification	42	Match a coherent observing program to dated clouds or an observed spectrum. Keep auroral, reflected-light and thermal signals distinct and compare against current OPAL dates.
Hubble WFC3	Mab	197	prior-limit	103	The major Uranian moons already have Voyager color. Numeric-band interpretation or added coverage needs independent calibration/control evidence beyond the current recipes; small unresolved moons stay photometric constraints.
Hubble WFC3	Makemake	16	qualification	18,22	Retain calibrated disk-integrated brightness, colors or rotation sampling where supported. Establish the target aperture and phase first; detector dimensions and intended-target tags do not imply a resolved surface.
Hubble WFC3	Manwe	8	qualification	18,22	Retain calibrated disk-integrated brightness, colors or rotation sampling where supported. Establish the target aperture and phase first; detector dimensions and intended-target tags do not imply a resolved surface.
Hubble WFC3	Mars	25	deferred-scope		Mars implementation is excluded. Retain this instrument-specific archive slice without proposing a Mars addition.
Hubble WFC3	Necklace Nebula	24	qualification	76	The intended target is a sky source or field. Check calibrated signal, filters and observing purpose against the existing image-layer/sky proposals; many fields are calibration observations, not new planetary surfaces.
Hubble WFC3	Neptune	632	qualification	59	Voyager imaging can extend the dated cloud proposal; Hubble and distant New Horizons records require comparison with current OPAL data and measured aperture/spectral information.
Hubble WFC3	Pluto	1587	qualification	56,22	These historical disk/photometry observations overlap the prior telescope-map proposal. Require actual spatial information or retain measured disk-integrated photometry; no reconstructed detailed surface from an unresolved source.
Hubble WFC3	Saturn	45	qualification	43	Separate clouds, atmospheric spectra and thermal retrievals; current OPAL imagery already exists. CIRS spectra require radiometric/footprint interpretation before any claimed temperature map.
Hubble WFC3	Uranus	787	qualification	102	Choose the physical measurement first: the ground-based/FOS records are atmospheric occultation light curves; imager and STIS records require dated cloud or spectral interpretation.
Hubble WFC3	Varda	32	qualification	18,22	Retain calibrated disk-integrated brightness, colors or rotation sampling where supported. Establish the target aperture and phase first; detector dimensions and intended-target tags do not imply a resolved surface.
Hubble WFPC2	Callisto	15	qualification	101	Inspect native UV/optical/infrared bandpass and observing mode. Separate atmospheric/auroral emission from reflected surface light; spectra and images need their own spatial qualification.
Hubble WFPC2	Europa	64	qualification	101	Inspect native UV/optical/infrared bandpass and observing mode. Separate atmospheric/auroral emission from reflected surface light; spectra and images need their own spatial qualification.
Hubble WFPC2	Ganymede	69	qualification	101	Inspect native UV/optical/infrared bandpass and observing mode. Separate atmospheric/auroral emission from reflected surface light; spectra and images need their own spatial qualification.
Hubble WFPC2	Haumea	60	qualification	18,22	Retain calibrated disk-integrated brightness, colors or rotation sampling where supported. Establish the target aperture and phase first; detector dimensions and intended-target tags do not imply a resolved surface.
Hubble WFPC2	Iapetus	13	qualification	68	Extend the existing Saturn-moon photography proposal only if native IDs, registration and actual area coverage improve on the selected observations. Current shapes and scene geometry stay fixed.
Hubble WFPC2	Io	332	qualification	101,41	Inspect native UV/optical/infrared bandpass and observing mode. Separate atmospheric/auroral emission from reflected surface light; spectra and images need their own spatial qualification.
Hubble WFPC2	Jupiter	2228	qualification	42	Match a coherent observing program to dated clouds or an observed spectrum. Keep auroral, reflected-light and thermal signals distinct and compare against current OPAL dates.
Hubble WFPC2	Mab	301	prior-limit	103	The major Uranian moons already have Voyager color. Numeric-band interpretation or added coverage needs independent calibration/control evidence beyond the current recipes; small unresolved moons stay photometric constraints.
Hubble WFPC2	Mars	104	deferred-scope		Mars implementation is excluded. Retain this instrument-specific archive slice without proposing a Mars addition.
Hubble WFPC2	Moon	10	qualification	94	Use the native historical observation as a separate epoch/band only if it adds supported information. Distant cruise photometry, slit spectra and raw detector images are not automatically global georeferenced maps.
Hubble WFPC2	Neptune	480	qualification	59	Voyager imaging can extend the dated cloud proposal; Hubble and distant New Horizons records require comparison with current OPAL data and measured aperture/spectral information.
Hubble WFPC2	Pandora	30	qualification	68	Extend the existing Saturn-moon photography proposal only if native IDs, registration and actual area coverage improve on the selected observations. Current shapes and scene geometry stay fixed.
Hubble WFPC2	Pluto	215	qualification	56,22	These historical disk/photometry observations overlap the prior telescope-map proposal. Require actual spatial information or retain measured disk-integrated photometry; no reconstructed detailed surface from an unresolved source.
Hubble WFPC2	Prometheus	200	qualification	68	Extend the existing Saturn-moon photography proposal only if native IDs, registration and actual area coverage improve on the selected observations. Current shapes and scene geometry stay fixed.
Hubble WFPC2	Quaoar	8	qualification	18,22	Retain calibrated disk-integrated brightness, colors or rotation sampling where supported. Establish the target aperture and phase first; detector dimensions and intended-target tags do not imply a resolved surface.
Hubble WFPC2	Saturn	265	qualification	43	Separate clouds, atmospheric spectra and thermal retrievals; current OPAL imagery already exists. CIRS spectra require radiometric/footprint interpretation before any claimed temperature map.
Hubble WFPC2	Saturn Rings	195	qualification	96,44	Separate native occultation optical depth from reflected or thermal spectra. Date, wavelength, geometry and sampled radius determine whether this slice extends the current UVIS profile or the spectral proposal.
Hubble WFPC2	Shoemaker Levy 9	6	qualification	42	Preserve the dated comet/impact context in the Jupiter history work. Confirm whether each frame measures the comet, an impact site or a calibration field.
Hubble WFPC2	Titan	260	qualification	69	Titan infrared surface, atmospheric spectra, seasonal temperature and dated clouds are separate measurements. Reuse the existing Titan proposals and preserve the VIMS registration/calibration blockers.
Hubble WFPC2	Unknown	104	target-unresolved		The archive target is non-specific. Inspect observation purpose and the separate geometry slices before assigning a body. These rows are not evidence that useful observations are absent.
Hubble WFPC2	Uranus	658	qualification	102	Choose the physical measurement first: the ground-based/FOS records are atmospheric occultation light curves; imager and STIS records require dated cloud or spectral interpretation.
IRTF 3.2m	Saturn Rings	2	qualification	96	Separate native occultation optical depth from reflected or thermal spectra. Date, wavelength, geometry and sampled radius determine whether this slice extends the current UVIS profile or the spectral proposal.
IRTF 3.2m	Uranus	11	qualification	110	Choose the physical measurement first: the ground-based/FOS records are atmospheric occultation light curves; imager and STIS records require dated cloud or spectral interpretation.
IRTF 3.2m	Uranus Rings	166	qualification	97	Occultation profiles and ring images require different reductions. Preserve individual event geometry, sampling, uncertainty and radial limits before comparing with the current summary-table rings.
Kuiper Airborne Observatory 0.91m	Uranus	2	qualification	110	Choose the physical measurement first: the ground-based/FOS records are atmospheric occultation light curves; imager and STIS records require dated cloud or spectral interpretation.
Kuiper Airborne Observatory 0.91m	Uranus Rings	20	qualification	97	Occultation profiles and ring images require different reductions. Preserve individual event geometry, sampling, uncertainty and radial limits before comparing with the current summary-table rings.
Las Campanas Henrietta Swope 1.0m	Uranus	2	qualification	110	Choose the physical measurement first: the ground-based/FOS records are atmospheric occultation light curves; imager and STIS records require dated cloud or spectral interpretation.
Las Campanas Henrietta Swope 1.0m	Uranus Rings	12	qualification	97	Occultation profiles and ring images require different reductions. Preserve individual event geometry, sampling, uncertainty and radial limits before comparing with the current summary-table rings.
Las Campanas Irenee Dupont 2.5m	Uranus	2	qualification	110	Choose the physical measurement first: the ground-based/FOS records are atmospheric occultation light curves; imager and STIS records require dated cloud or spectral interpretation.
Las Campanas Irenee Dupont 2.5m	Uranus Rings	70	qualification	97	Occultation profiles and ring images require different reductions. Preserve individual event geometry, sampling, uncertainty and radial limits before comparing with the current summary-table rings.
Lick Anna L Nickel 1m	Saturn Rings	2	qualification	96	Separate native occultation optical depth from reflected or thermal spectra. Date, wavelength, geometry and sampled radius determine whether this slice extends the current UVIS profile or the spectral proposal.
Lowell Perkins 1.83m	Uranus	2	qualification	110	Choose the physical measurement first: the ground-based/FOS records are atmospheric occultation light curves; imager and STIS records require dated cloud or spectral interpretation.
Lowell Perkins 1.83m	Uranus Rings	7	qualification	97	Occultation profiles and ring images require different reductions. Preserve individual event geometry, sampling, uncertainty and radial limits before comparing with the current summary-table rings.
McDonald Harlan J Smith 2.7m	Saturn Rings	2	qualification	96	Separate native occultation optical depth from reflected or thermal spectra. Date, wavelength, geometry and sampled radius determine whether this slice extends the current UVIS profile or the spectral proposal.
McDonald Harlan J Smith 2.7m	Uranus Rings	30	qualification	97	Occultation profiles and ring images require different reductions. Preserve individual event geometry, sampling, uncertainty and radial limits before comparing with the current summary-table rings.
Mount Stromlo 1.9m	Uranus	2	qualification	110	Choose the physical measurement first: the ground-based/FOS records are atmospheric occultation light curves; imager and STIS records require dated cloud or spectral interpretation.
Mount Stromlo 1.9m	Uranus Rings	20	qualification	97	Occultation profiles and ring images require different reductions. Preserve individual event geometry, sampling, uncertainty and radial limits before comparing with the current summary-table rings.
New Horizons LORRI	2002 HZ84	225	qualification	18,22	Retain calibrated disk-integrated brightness, colors or rotation sampling where supported. Establish the target aperture and phase first; detector dimensions and intended-target tags do not imply a resolved surface.
New Horizons LORRI	2002 KX14	90	qualification	18,22	Retain calibrated disk-integrated brightness, colors or rotation sampling where supported. Establish the target aperture and phase first; detector dimensions and intended-target tags do not imply a resolved surface.
New Horizons LORRI	2002 MS4	285	qualification	18,22	Retain calibrated disk-integrated brightness, colors or rotation sampling where supported. Establish the target aperture and phase first; detector dimensions and intended-target tags do not imply a resolved surface.
New Horizons LORRI	2004 LW31	108	qualification	18,22	Retain calibrated disk-integrated brightness, colors or rotation sampling where supported. Establish the target aperture and phase first; detector dimensions and intended-target tags do not imply a resolved surface.
New Horizons LORRI	2010 JJ124	90	qualification	18,22	Retain calibrated disk-integrated brightness, colors or rotation sampling where supported. Establish the target aperture and phase first; detector dimensions and intended-target tags do not imply a resolved surface.
New Horizons LORRI	2011 HF103	162	qualification	18,22	Retain calibrated disk-integrated brightness, colors or rotation sampling where supported. Establish the target aperture and phase first; detector dimensions and intended-target tags do not imply a resolved surface.
New Horizons LORRI	2011 HJ103	232	qualification	18,22	Retain calibrated disk-integrated brightness, colors or rotation sampling where supported. Establish the target aperture and phase first; detector dimensions and intended-target tags do not imply a resolved surface.
New Horizons LORRI	2011 HK103	634	qualification	18,22	Retain calibrated disk-integrated brightness, colors or rotation sampling where supported. Establish the target aperture and phase first; detector dimensions and intended-target tags do not imply a resolved surface.
New Horizons LORRI	2011 HZ102	560	qualification	18,22	Retain calibrated disk-integrated brightness, colors or rotation sampling where supported. Establish the target aperture and phase first; detector dimensions and intended-target tags do not imply a resolved surface.
New Horizons LORRI	2011 JA32	60	qualification	18,22	Retain calibrated disk-integrated brightness, colors or rotation sampling where supported. Establish the target aperture and phase first; detector dimensions and intended-target tags do not imply a resolved surface.
New Horizons LORRI	2011 JW31	130	qualification	18,22	Retain calibrated disk-integrated brightness, colors or rotation sampling where supported. Establish the target aperture and phase first; detector dimensions and intended-target tags do not imply a resolved surface.
New Horizons LORRI	2011 JX31	216	qualification	18,22	Retain calibrated disk-integrated brightness, colors or rotation sampling where supported. Establish the target aperture and phase first; detector dimensions and intended-target tags do not imply a resolved surface.
New Horizons LORRI	2011 JY31	651	qualification	18,22	Retain calibrated disk-integrated brightness, colors or rotation sampling where supported. Establish the target aperture and phase first; detector dimensions and intended-target tags do not imply a resolved surface.
New Horizons LORRI	2012 HE85	160	qualification	18,22	Retain calibrated disk-integrated brightness, colors or rotation sampling where supported. Establish the target aperture and phase first; detector dimensions and intended-target tags do not imply a resolved surface.
New Horizons LORRI	2014 OE394	153	qualification	18,22	Retain calibrated disk-integrated brightness, colors or rotation sampling where supported. Establish the target aperture and phase first; detector dimensions and intended-target tags do not imply a resolved surface.
New Horizons LORRI	2014 OJ394	120	qualification	18,22	Retain calibrated disk-integrated brightness, colors or rotation sampling where supported. Establish the target aperture and phase first; detector dimensions and intended-target tags do not imply a resolved surface.
New Horizons LORRI	2014 OS393	548	qualification	18,22	Retain calibrated disk-integrated brightness, colors or rotation sampling where supported. Establish the target aperture and phase first; detector dimensions and intended-target tags do not imply a resolved surface.
New Horizons LORRI	2014 PN70	701	qualification	18,22	Retain calibrated disk-integrated brightness, colors or rotation sampling where supported. Establish the target aperture and phase first; detector dimensions and intended-target tags do not imply a resolved surface.
New Horizons LORRI	2018 MF13	90	qualification	18,22	Retain calibrated disk-integrated brightness, colors or rotation sampling where supported. Establish the target aperture and phase first; detector dimensions and intended-target tags do not imply a resolved surface.
New Horizons LORRI	2018 MG13	54	qualification	18,22	Retain calibrated disk-integrated brightness, colors or rotation sampling where supported. Establish the target aperture and phase first; detector dimensions and intended-target tags do not imply a resolved surface.
New Horizons LORRI	2020 KH42	54	qualification	18,22	Retain calibrated disk-integrated brightness, colors or rotation sampling where supported. Establish the target aperture and phase first; detector dimensions and intended-target tags do not imply a resolved surface.
New Horizons LORRI	2020 KO11	20	qualification	18,22	Retain calibrated disk-integrated brightness, colors or rotation sampling where supported. Establish the target aperture and phase first; detector dimensions and intended-target tags do not imply a resolved surface.
New Horizons LORRI	2020 KP11	162	qualification	18,22	Retain calibrated disk-integrated brightness, colors or rotation sampling where supported. Establish the target aperture and phase first; detector dimensions and intended-target tags do not imply a resolved surface.
New Horizons LORRI	2020 KR11	114	qualification	18,22	Retain calibrated disk-integrated brightness, colors or rotation sampling where supported. Establish the target aperture and phase first; detector dimensions and intended-target tags do not imply a resolved surface.
New Horizons LORRI	2020 KT11	80	qualification	18,22	Retain calibrated disk-integrated brightness, colors or rotation sampling where supported. Establish the target aperture and phase first; detector dimensions and intended-target tags do not imply a resolved surface.
New Horizons LORRI	Alp Cen	13	event-review		Stellar pointing can be calibration, stellar science or a planetary occultation. Follow the observation purpose and foreground-body geometry before accepting or rejecting it; do not paint the star onto a body.
New Horizons LORRI	Alp Lyr (Vega)	5	event-review		Stellar pointing can be calibration, stellar science or a planetary occultation. Follow the observation purpose and foreground-body geometry before accepting or rejecting it; do not paint the star onto a body.
New Horizons LORRI	Arawn	290	qualification	18,22	Retain calibrated disk-integrated brightness, colors or rotation sampling where supported. Establish the target aperture and phase first; detector dimensions and intended-target tags do not imply a resolved surface.
New Horizons LORRI	Arrokoth	4637	existing-family		Arrokoth already uses native LORRI and a derived MVIC cube. Compare exact source IDs with the current selected inputs; this screen establishes archive overlap, not an additional qualified surface.
New Horizons LORRI	Calibration	1341	calibration-support		The intended target identifies a calibration, detector-background or acquisition product. Retain for calibration of linked science observations; it does not itself establish a body map.
New Horizons LORRI	Callirrhoe	24	qualification	18,22	Retain calibrated disk-integrated brightness, colors or rotation sampling where supported. Establish the target aperture and phase first; detector dimensions and intended-target tags do not imply a resolved surface.
New Horizons LORRI	Callisto	9	qualification	58	Use exact calibrated observation IDs to test an additional date or controlled regional coverage against the selected global mosaic. A raw-frame count does not establish a detail improvement.
New Horizons LORRI	Chariklo	10	qualification	18,22	Retain calibrated disk-integrated brightness, colors or rotation sampling where supported. Establish the target aperture and phase first; detector dimensions and intended-target tags do not imply a resolved surface.
New Horizons LORRI	Charon	537	qualification	105	Native encounter imagery can qualify individual MVIC bands, but intended-target indexing misses bodies elsewhere in a frame. Current controlled monochrome and enhanced-color products are the comparison baseline.
New Horizons LORRI	Chiron	90	qualification	18,22	Retain calibrated disk-integrated brightness, colors or rotation sampling where supported. Establish the target aperture and phase first; detector dimensions and intended-target tags do not imply a resolved surface.
New Horizons LORRI	CN Leo	13	event-review		Stellar pointing can be calibration, stellar science or a planetary occultation. Follow the observation purpose and foreground-body geometry before accepting or rejecting it; do not paint the star onto a body.
New Horizons LORRI	Dark Sky	16	calibration-support		The intended target identifies a calibration, detector-background or acquisition product. Retain for calibration of linked science observations; it does not itself establish a body map.
New Horizons LORRI	Dust	32	qualification	86	Inspect the optical observation and its background before connecting it to the dust-content proposal. An image target called Dust is not a calibrated particle-detector count or dust-density map.
New Horizons LORRI	Elara	8	qualification	18,22	Retain calibrated disk-integrated brightness, colors or rotation sampling where supported. Establish the target aperture and phase first; detector dimensions and intended-target tags do not imply a resolved surface.
New Horizons LORRI	Eris	180	qualification	18,22	Retain calibrated disk-integrated brightness, colors or rotation sampling where supported. Establish the target aperture and phase first; detector dimensions and intended-target tags do not imply a resolved surface.
New Horizons LORRI	Europa	53	qualification	55	Use exact calibrated observation IDs to test an additional date or controlled regional coverage against the selected global mosaic. A raw-frame count does not establish a detail improvement.
New Horizons LORRI	Ganymede	97	qualification	57	Use exact calibrated observation IDs to test an additional date or controlled regional coverage against the selected global mosaic. A raw-frame count does not establish a detail improvement.
New Horizons LORRI	Haumea	210	qualification	18,22	Retain calibrated disk-integrated brightness, colors or rotation sampling where supported. Establish the target aperture and phase first; detector dimensions and intended-target tags do not imply a resolved surface.
New Horizons LORRI	HD 205905	10	event-review		Stellar pointing can be calibration, stellar science or a planetary occultation. Follow the observation purpose and foreground-body geometry before accepting or rejecting it; do not paint the star onto a body.
New Horizons LORRI	HD 37962	20	event-review		Stellar pointing can be calibration, stellar science or a planetary occultation. Follow the observation purpose and foreground-body geometry before accepting or rejecting it; do not paint the star onto a body.
New Horizons LORRI	Himalia	26	qualification	18,22	Retain calibrated disk-integrated brightness, colors or rotation sampling where supported. Establish the target aperture and phase first; detector dimensions and intended-target tags do not imply a resolved surface.
New Horizons LORRI	Huya	90	qualification	18,22	Retain calibrated disk-integrated brightness, colors or rotation sampling where supported. Establish the target aperture and phase first; detector dimensions and intended-target tags do not imply a resolved surface.
New Horizons LORRI	Hydra	191	prior-limit	106	Native files exist, but the current body ledgers retain resolution, registration or mesh-frame blockers. OPUS metadata does not meet those reopen conditions; preserve exact IDs and seek genuinely new control evidence.
New Horizons LORRI	Io	179	qualification	41	Use exact calibrated observation IDs to test an additional date or controlled regional coverage against the selected global mosaic. A raw-frame count does not establish a detail improvement.
New Horizons LORRI	Ixion	60	qualification	18,22	Retain calibrated disk-integrated brightness, colors or rotation sampling where supported. Establish the target aperture and phase first; detector dimensions and intended-target tags do not imply a resolved surface.
New Horizons LORRI	Jupiter	204	qualification	42	Match a coherent observing program to dated clouds or an observed spectrum. Keep auroral, reflected-light and thermal signals distinct and compare against current OPAL dates.
New Horizons LORRI	Jupiter Rings	517	qualification	64	Native reflected-light imaging can constrain a measured radial brightness profile. Resolve background, phase, radius and projection before replacing any schematic ring input.
New Horizons LORRI	Kerberos	100	prior-limit	106	Native files exist, but the current body ledgers retain resolution, registration or mesh-frame blockers. OPUS metadata does not meet those reopen conditions; preserve exact IDs and seek genuinely new control evidence.
New Horizons LORRI	M7	4	qualification	76	The intended target is a sky source or field. Check calibrated signal, filters and observing purpose against the existing image-layer/sky proposals; many fields are calibration observations, not new planetary surfaces.
New Horizons LORRI	Makemake	130	qualification	18,22	Retain calibrated disk-integrated brightness, colors or rotation sampling where supported. Establish the target aperture and phase first; detector dimensions and intended-target tags do not imply a resolved surface.
New Horizons LORRI	Neptune	31	qualification	59	Voyager imaging can extend the dated cloud proposal; Hubble and distant New Horizons records require comparison with current OPAL data and measured aperture/spectral information.
New Horizons LORRI	NGC 3532	74	qualification	76	The intended target is a sky source or field. Check calibrated signal, filters and observing purpose against the existing image-layer/sky proposals; many fields are calibration observations, not new planetary surfaces.
New Horizons LORRI	Nix	102	prior-limit	106	Native files exist, but the current body ledgers retain resolution, registration or mesh-frame blockers. OPUS metadata does not meet those reopen conditions; preserve exact IDs and seek genuinely new control evidence.
New Horizons LORRI	None	177	target-unresolved		The archive target is non-specific. Inspect observation purpose and the separate geometry slices before assigning a body. These rows are not evidence that useful observations are absent.
New Horizons LORRI	Pholus	90	qualification	18,22	Retain calibrated disk-integrated brightness, colors or rotation sampling where supported. Establish the target aperture and phase first; detector dimensions and intended-target tags do not imply a resolved surface.
New Horizons LORRI	Pluto	5378	qualification	105	Native encounter imagery can qualify individual MVIC bands, but intended-target indexing misses bodies elsewhere in a frame. Current controlled monochrome and enhanced-color products are the comparison baseline.
New Horizons LORRI	Quaoar	532	qualification	18,22	Retain calibrated disk-integrated brightness, colors or rotation sampling where supported. Establish the target aperture and phase first; detector dimensions and intended-target tags do not imply a resolved surface.
New Horizons LORRI	Star	221	event-review		Stellar pointing can be calibration, stellar science or a planetary occultation. Follow the observation purpose and foreground-body geometry before accepting or rejecting it; do not paint the star onto a body.
New Horizons LORRI	Styx	54	prior-limit	106	Native files exist, but the current body ledgers retain resolution, registration or mesh-frame blockers. OPUS metadata does not meet those reopen conditions; preserve exact IDs and seek genuinely new control evidence.
New Horizons LORRI	Sun	144	event-review		Sun-targeted cruise/calibration and occultation observations are mixed. The label does not establish a useful solar surface map; inspect occulting body, observing mode and calibration purpose first.
New Horizons LORRI	Triton	40	prior-limit	104	Triton and Proteus already use Voyager bands. Check current native IDs and reopen conditions before proposing more; unresolved observations of other moons are photometry, not detailed surface maps.
New Horizons LORRI	Uranus	3	qualification	102	Choose the physical measurement first: the ground-based/FOS records are atmospheric occultation light curves; imager and STIS records require dated cloud or spectral interpretation.
New Horizons LORRI	Variable Stars in Milky Way Bulge	40	qualification	76	The intended target is a sky source or field. Check calibrated signal, filters and observing purpose against the existing image-layer/sky proposals; many fields are calibration observations, not new planetary surfaces.
New Horizons LORRI	Voyager 1	6	target-purpose-unresolved		The intended target is a spacecraft direction. This metadata alone does not establish a resolved spacecraft observation or a planetary dataset.
New Horizons MVIC	2002 JF56	30	qualification	18,22	Retain calibrated disk-integrated brightness, colors or rotation sampling where supported. Establish the target aperture and phase first; detector dimensions and intended-target tags do not imply a resolved surface.
New Horizons MVIC	Arrokoth	271	existing-family		Arrokoth already uses native LORRI and a derived MVIC cube. Compare exact source IDs with the current selected inputs; this screen establishes archive overlap, not an additional qualified surface.
New Horizons MVIC	Calibration	250	calibration-support		The intended target identifies a calibration, detector-background or acquisition product. Retain for calibration of linked science observations; it does not itself establish a body map.
New Horizons MVIC	Callisto	4	qualification	58	Use exact calibrated observation IDs to test an additional date or controlled regional coverage against the selected global mosaic. A raw-frame count does not establish a detail improvement.
New Horizons MVIC	Charon	8	qualification	105	Native encounter imagery can qualify individual MVIC bands, but intended-target indexing misses bodies elsewhere in a frame. Current controlled monochrome and enhanced-color products are the comparison baseline.
New Horizons MVIC	Earth	58	qualification	60	Use the native historical observation as a separate epoch/band only if it adds supported information. Distant cruise photometry, slit spectra and raw detector images are not automatically global georeferenced maps.
New Horizons MVIC	Europa	4	qualification	55	Use exact calibrated observation IDs to test an additional date or controlled regional coverage against the selected global mosaic. A raw-frame count does not establish a detail improvement.
New Horizons MVIC	Ganymede	4	qualification	57	Use exact calibrated observation IDs to test an additional date or controlled regional coverage against the selected global mosaic. A raw-frame count does not establish a detail improvement.
New Horizons MVIC	HD 205905	10	event-review		Stellar pointing can be calibration, stellar science or a planetary occultation. Follow the observation purpose and foreground-body geometry before accepting or rejecting it; do not paint the star onto a body.
New Horizons MVIC	HD 37962	11	event-review		Stellar pointing can be calibration, stellar science or a planetary occultation. Follow the observation purpose and foreground-body geometry before accepting or rejecting it; do not paint the star onto a body.
New Horizons MVIC	Hydra	12	prior-limit	106	Native files exist, but the current body ledgers retain resolution, registration or mesh-frame blockers. OPUS metadata does not meet those reopen conditions; preserve exact IDs and seek genuinely new control evidence.
New Horizons MVIC	Io	68	qualification	41	Use exact calibrated observation IDs to test an additional date or controlled regional coverage against the selected global mosaic. A raw-frame count does not establish a detail improvement.
New Horizons MVIC	Jupiter	18	qualification	42	Match a coherent observing program to dated clouds or an observed spectrum. Keep auroral, reflected-light and thermal signals distinct and compare against current OPAL dates.
New Horizons MVIC	Kerberos	5	prior-limit	106	Native files exist, but the current body ledgers retain resolution, registration or mesh-frame blockers. OPUS metadata does not meet those reopen conditions; preserve exact IDs and seek genuinely new control evidence.
New Horizons MVIC	M7	36	qualification	76	The intended target is a sky source or field. Check calibrated signal, filters and observing purpose against the existing image-layer/sky proposals; many fields are calibration observations, not new planetary surfaces.
New Horizons MVIC	Neptune	10	qualification	59	Voyager imaging can extend the dated cloud proposal; Hubble and distant New Horizons records require comparison with current OPAL data and measured aperture/spectral information.
New Horizons MVIC	Nix	17	prior-limit	106	Native files exist, but the current body ledgers retain resolution, registration or mesh-frame blockers. OPUS metadata does not meet those reopen conditions; preserve exact IDs and seek genuinely new control evidence.
New Horizons MVIC	None	285	target-unresolved		The archive target is non-specific. Inspect observation purpose and the separate geometry slices before assigning a body. These rows are not evidence that useful observations are absent.
New Horizons MVIC	Pluto	527	qualification	105	Native encounter imagery can qualify individual MVIC bands, but intended-target indexing misses bodies elsewhere in a frame. Current controlled monochrome and enhanced-color products are the comparison baseline.
New Horizons MVIC	Star	33	event-review		Stellar pointing can be calibration, stellar science or a planetary occultation. Follow the observation purpose and foreground-body geometry before accepting or rejecting it; do not paint the star onto a body.
New Horizons MVIC	Sun	267	event-review		Sun-targeted cruise/calibration and occultation observations are mixed. The label does not establish a useful solar surface map; inspect occulting body, observing mode and calibration purpose first.
New Horizons MVIC	Uranus	8	qualification	102	Choose the physical measurement first: the ground-based/FOS records are atmospheric occultation light curves; imager and STIS records require dated cloud or spectral interpretation.
Palomar Hale 5.08m	Saturn Rings	2	qualification	96	Separate native occultation optical depth from reflected or thermal spectra. Date, wavelength, geometry and sampled radius determine whether this slice extends the current UVIS profile or the spectral proposal.
Palomar Hale 5.08m	Uranus	3	qualification	110	Choose the physical measurement first: the ground-based/FOS records are atmospheric occultation light curves; imager and STIS records require dated cloud or spectral interpretation.
Palomar Hale 5.08m	Uranus Rings	71	qualification	97	Occultation profiles and ring images require different reductions. Preserve individual event geometry, sampling, uncertainty and radial limits before comparing with the current summary-table rings.
Pic du Midi 1.06m	Uranus Rings	6	qualification	97	Occultation profiles and ring images require different reductions. Preserve individual event geometry, sampling, uncertainty and radial limits before comparing with the current summary-table rings.
Pic du Midi Bernard Lyot 2.0m	Uranus Rings	13	qualification	97	Occultation profiles and ring images require different reductions. Preserve individual event geometry, sampling, uncertainty and radial limits before comparing with the current summary-table rings.
SAAO Radcliffe 1.88m	Uranus	4	qualification	110	Choose the physical measurement first: the ground-based/FOS records are atmospheric occultation light curves; imager and STIS records require dated cloud or spectral interpretation.
SAAO Radcliffe 1.88m	Uranus Rings	41	qualification	97	Occultation profiles and ring images require different reductions. Preserve individual event geometry, sampling, uncertainty and radial limits before comparing with the current summary-table rings.
SSO AAT 3.9m	Uranus	2	qualification	110	Choose the physical measurement first: the ground-based/FOS records are atmospheric occultation light curves; imager and STIS records require dated cloud or spectral interpretation.
SSO AAT 3.9m	Uranus Rings	25	qualification	97	Occultation profiles and ring images require different reductions. Preserve individual event geometry, sampling, uncertainty and radial limits before comparing with the current summary-table rings.
SSO ANU 2.3m	Uranus Rings	3	qualification	97	Occultation profiles and ring images require different reductions. Preserve individual event geometry, sampling, uncertainty and radial limits before comparing with the current summary-table rings.
Teide Carlos Sanchez 1.55m	Uranus	2	qualification	110	Choose the physical measurement first: the ground-based/FOS records are atmospheric occultation light curves; imager and STIS records require dated cloud or spectral interpretation.
Teide Carlos Sanchez 1.55m	Uranus Rings	27	qualification	97	Occultation profiles and ring images require different reductions. Preserve individual event geometry, sampling, uncertainty and radial limits before comparing with the current summary-table rings.
UKIRT 3.8m	Uranus Rings	9	qualification	97	Occultation profiles and ring images require different reductions. Preserve individual event geometry, sampling, uncertainty and radial limits before comparing with the current summary-table rings.
Voyager ISS	Adrastea	4	qualification	90,22	Resolve actual native sampling and compare with the current small-moon inputs. Additional photometry/phase coverage can fit the existing historical small-body work; no surface map follows from detector dimensions.
Voyager ISS	Alp Boo (Arcturus)	32	event-review		Stellar pointing can be calibration, stellar science or a planetary occultation. Follow the observation purpose and foreground-body geometry before accepting or rejecting it; do not paint the star onto a body.
Voyager ISS	Alp Lyr (Vega)	64	event-review		Stellar pointing can be calibration, stellar science or a planetary occultation. Follow the observation purpose and foreground-body geometry before accepting or rejecting it; do not paint the star onto a body.
Voyager ISS	Amalthea	98	qualification	90,22	Resolve actual native sampling and compare with the current small-moon inputs. Additional photometry/phase coverage can fit the existing historical small-body work; no surface map follows from detector dimensions.
Voyager ISS	Ariel	101	prior-limit	103	The major Uranian moons already have Voyager color. Numeric-band interpretation or added coverage needs independent calibration/control evidence beyond the current recipes; small unresolved moons stay photometric constraints.
Voyager ISS	Bet CMa	5	event-review		Stellar pointing can be calibration, stellar science or a planetary occultation. Follow the observation purpose and foreground-body geometry before accepting or rejecting it; do not paint the star onto a body.
Voyager ISS	Calibration Lamps	643	calibration-support		The intended target identifies a calibration, detector-background or acquisition product. Retain for calibration of linked science observations; it does not itself establish a body map.
Voyager ISS	Callisto	831	qualification	58	Use exact calibrated observation IDs to test an additional date or controlled regional coverage against the selected global mosaic. A raw-frame count does not establish a detail improvement.
Voyager ISS	Calypso	11	qualification	68	Extend the existing Saturn-moon photography proposal only if native IDs, registration and actual area coverage improve on the selected observations. Current shapes and scene geometry stay fixed.
Voyager ISS	Dark	1520	calibration-support		The intended target identifies a calibration, detector-background or acquisition product. Retain for calibration of linked science observations; it does not itself establish a body map.
Voyager ISS	Dione	138	qualification	68	Extend the existing Saturn-moon photography proposal only if native IDs, registration and actual area coverage improve on the selected observations. Current shapes and scene geometry stay fixed.
Voyager ISS	Enceladus	87	qualification	68	Extend the existing Saturn-moon photography proposal only if native IDs, registration and actual area coverage improve on the selected observations. Current shapes and scene geometry stay fixed.
Voyager ISS	Epimetheus	11	qualification	68	Extend the existing Saturn-moon photography proposal only if native IDs, registration and actual area coverage improve on the selected observations. Current shapes and scene geometry stay fixed.
Voyager ISS	Europa	459	qualification	55	Use exact calibrated observation IDs to test an additional date or controlled regional coverage against the selected global mosaic. A raw-frame count does not establish a detail improvement.
Voyager ISS	Ganymede	835	qualification	57	Use exact calibrated observation IDs to test an additional date or controlled regional coverage against the selected global mosaic. A raw-frame count does not establish a detail improvement.
Voyager ISS	Helene	45	qualification	68	Extend the existing Saturn-moon photography proposal only if native IDs, registration and actual area coverage improve on the selected observations. Current shapes and scene geometry stay fixed.
Voyager ISS	Hyperion	110	qualification	68	Extend the existing Saturn-moon photography proposal only if native IDs, registration and actual area coverage improve on the selected observations. Current shapes and scene geometry stay fixed.
Voyager ISS	Iapetus	151	qualification	68	Extend the existing Saturn-moon photography proposal only if native IDs, registration and actual area coverage improve on the selected observations. Current shapes and scene geometry stay fixed.
Voyager ISS	Io	851	qualification	41	Use exact calibrated observation IDs to test an additional date or controlled regional coverage against the selected global mosaic. A raw-frame count does not establish a detail improvement.
Voyager ISS	Janus	7	qualification	68	Extend the existing Saturn-moon photography proposal only if native IDs, registration and actual area coverage improve on the selected observations. Current shapes and scene geometry stay fixed.
Voyager ISS	Jupiter	26717	qualification	42	Match a coherent observing program to dated clouds or an observed spectrum. Keep auroral, reflected-light and thermal signals distinct and compare against current OPAL dates.
Voyager ISS	Jupiter Rings	30	qualification	64	Native reflected-light imaging can constrain a measured radial brightness profile. Resolve background, phase, radius and projection before replacing any schematic ring input.
Voyager ISS	Larissa	3	prior-limit	104	Triton and Proteus already use Voyager bands. Check current native IDs and reopen conditions before proposing more; unresolved observations of other moons are photometry, not detailed surface maps.
Voyager ISS	Metis	6	qualification	90,22	Resolve actual native sampling and compare with the current small-moon inputs. Additional photometry/phase coverage can fit the existing historical small-body work; no surface map follows from detector dimensions.
Voyager ISS	Mimas	78	qualification	68	Extend the existing Saturn-moon photography proposal only if native IDs, registration and actual area coverage improve on the selected observations. Current shapes and scene geometry stay fixed.
Voyager ISS	Miranda	90	prior-limit	103	The major Uranian moons already have Voyager color. Numeric-band interpretation or added coverage needs independent calibration/control evidence beyond the current recipes; small unresolved moons stay photometric constraints.
Voyager ISS	Neptune	6869	qualification	59	Voyager imaging can extend the dated cloud proposal; Hubble and distant New Horizons records require comparison with current OPAL data and measured aperture/spectral information.
Voyager ISS	Neptune Rings	798	qualification	98	Determine whether this is a radial occultation or ring/arc imaging. Native segment limits and absolute arc longitudes must be established separately; no full-ring coverage follows from the target name.
Voyager ISS	Nereid	206	prior-limit	104	Triton and Proteus already use Voyager bands. Check current native IDs and reopen conditions before proposing more; unresolved observations of other moons are photometry, not detailed surface maps.
Voyager ISS	Oberon	74	prior-limit	103	The major Uranian moons already have Voyager color. Numeric-band interpretation or added coverage needs independent calibration/control evidence beyond the current recipes; small unresolved moons stay photometric constraints.
Voyager ISS	Orion	23	qualification	76	The intended target is a sky source or field. Check calibrated signal, filters and observing purpose against the existing image-layer/sky proposals; many fields are calibration observations, not new planetary surfaces.
Voyager ISS	Pandora	14	qualification	68	Extend the existing Saturn-moon photography proposal only if native IDs, registration and actual area coverage improve on the selected observations. Current shapes and scene geometry stay fixed.
Voyager ISS	Phoebe	305	qualification	68	Extend the existing Saturn-moon photography proposal only if native IDs, registration and actual area coverage improve on the selected observations. Current shapes and scene geometry stay fixed.
Voyager ISS	Plaque	305	calibration-support		The intended target identifies a calibration, detector-background or acquisition product. Retain for calibration of linked science observations; it does not itself establish a body map.
Voyager ISS	Pleiades	23	qualification	76	The intended target is a sky source or field. Check calibrated signal, filters and observing purpose against the existing image-layer/sky proposals; many fields are calibration observations, not new planetary surfaces.
Voyager ISS	Prometheus	2	qualification	68	Extend the existing Saturn-moon photography proposal only if native IDs, registration and actual area coverage improve on the selected observations. Current shapes and scene geometry stay fixed.
Voyager ISS	Proteus	42	prior-limit	104	Triton and Proteus already use Voyager bands. Check current native IDs and reopen conditions before proposing more; unresolved observations of other moons are photometry, not detailed surface maps.
Voyager ISS	Puck	1	prior-limit	103	The major Uranian moons already have Voyager color. Numeric-band interpretation or added coverage needs independent calibration/control evidence beyond the current recipes; small unresolved moons stay photometric constraints.
Voyager ISS	Rhea	233	qualification	68	Extend the existing Saturn-moon photography proposal only if native IDs, registration and actual area coverage improve on the selected observations. Current shapes and scene geometry stay fixed.
Voyager ISS	Saturn	23735	qualification	43	Separate clouds, atmospheric spectra and thermal retrievals; current OPAL imagery already exists. CIRS spectra require radiometric/footprint interpretation before any claimed temperature map.
Voyager ISS	Saturn Rings	2219	qualification	96,44	Separate native occultation optical depth from reflected or thermal spectra. Date, wavelength, geometry and sampled radius determine whether this slice extends the current UVIS profile or the spectral proposal.
Voyager ISS	Scorpius	23	qualification	76	The intended target is a sky source or field. Check calibrated signal, filters and observing purpose against the existing image-layer/sky proposals; many fields are calibration observations, not new planetary surfaces.
Voyager ISS	Sig Sgr	29	event-review		Stellar pointing can be calibration, stellar science or a planetary occultation. Follow the observation purpose and foreground-body geometry before accepting or rejecting it; do not paint the star onto a body.
Voyager ISS	Sky	791	target-unresolved		The archive target is non-specific. Inspect observation purpose and the separate geometry slices before assigning a body. These rows are not evidence that useful observations are absent.
Voyager ISS	Star	394	event-review		Stellar pointing can be calibration, stellar science or a planetary occultation. Follow the observation purpose and foreground-body geometry before accepting or rejecting it; do not paint the star onto a body.
Voyager ISS	System	210	target-unresolved		The archive target is non-specific. Inspect observation purpose and the separate geometry slices before assigning a body. These rows are not evidence that useful observations are absent.
Voyager ISS	Taurus	45	qualification	76	The intended target is a sky source or field. Check calibrated signal, filters and observing purpose against the existing image-layer/sky proposals; many fields are calibration observations, not new planetary surfaces.
Voyager ISS	Telesto	2	qualification	68	Extend the existing Saturn-moon photography proposal only if native IDs, registration and actual area coverage improve on the selected observations. Current shapes and scene geometry stay fixed.
Voyager ISS	Tethys	106	qualification	68	Extend the existing Saturn-moon photography proposal only if native IDs, registration and actual area coverage improve on the selected observations. Current shapes and scene geometry stay fixed.
Voyager ISS	The Car	20	event-review		Stellar pointing can be calibration, stellar science or a planetary occultation. Follow the observation purpose and foreground-body geometry before accepting or rejecting it; do not paint the star onto a body.
Voyager ISS	Thebe	8	qualification	90,22	Resolve actual native sampling and compare with the current small-moon inputs. Additional photometry/phase coverage can fit the existing historical small-body work; no surface map follows from detector dimensions.
Voyager ISS	Titan	926	qualification	69	Titan infrared surface, atmospheric spectra, seasonal temperature and dated clouds are separate measurements. Reuse the existing Titan proposals and preserve the VIMS registration/calibration blockers.
Voyager ISS	Titania	102	prior-limit	103	The major Uranian moons already have Voyager color. Numeric-band interpretation or added coverage needs independent calibration/control evidence beyond the current recipes; small unresolved moons stay photometric constraints.
Voyager ISS	Triton	660	prior-limit	104	Triton and Proteus already use Voyager bands. Check current native IDs and reopen conditions before proposing more; unresolved observations of other moons are photometry, not detailed surface maps.
Voyager ISS	Umbriel	100	prior-limit	103	The major Uranian moons already have Voyager color. Numeric-band interpretation or added coverage needs independent calibration/control evidence beyond the current recipes; small unresolved moons stay photometric constraints.
Voyager ISS	Unknown	16	target-unresolved		The archive target is non-specific. Inspect observation purpose and the separate geometry slices before assigning a body. These rows are not evidence that useful observations are absent.
Voyager ISS	Uranus	4944	qualification	102	Choose the physical measurement first: the ground-based/FOS records are atmospheric occultation light curves; imager and STIS records require dated cloud or spectral interpretation.
Voyager ISS	Uranus Rings	502	qualification	97	Occultation profiles and ring images require different reductions. Preserve individual event geometry, sampling, uncertainty and radial limits before comparing with the current summary-table rings.
Voyager PPS	Neptune Rings	1	qualification	98	Determine whether this is a radial occultation or ring/arc imaging. Native segment limits and absolute arc longitudes must be established separately; no full-ring coverage follows from the target name.
Voyager PPS	Saturn Rings	1	qualification	96	Separate native occultation optical depth from reflected or thermal spectra. Date, wavelength, geometry and sampled radius determine whether this slice extends the current UVIS profile or the spectral proposal.
Voyager PPS	Uranus Rings	28	qualification	97	Occultation profiles and ring images require different reductions. Preserve individual event geometry, sampling, uncertainty and radial limits before comparing with the current summary-table rings.
Voyager RSS	Saturn Rings	2	qualification	96	Separate native occultation optical depth from reflected or thermal spectra. Date, wavelength, geometry and sampled radius determine whether this slice extends the current UVIS profile or the spectral proposal.
Voyager RSS	Uranus Rings	36	qualification	97	Occultation profiles and ring images require different reductions. Preserve individual event geometry, sampling, uncertainty and radial limits before comparing with the current summary-table rings.
Voyager UVS	Neptune Rings	1	qualification	98	Determine whether this is a radial occultation or ring/arc imaging. Native segment limits and absolute arc longitudes must be established separately; no full-ring coverage follows from the target name.
Voyager UVS	Saturn Rings	3	qualification	96	Separate native occultation optical depth from reflected or thermal spectra. Date, wavelength, geometry and sampled radius determine whether this slice extends the current UVIS profile or the spectral proposal.
Voyager UVS	Uranus Rings	6	qualification	97	Occultation profiles and ring images require different reductions. Preserve individual event geometry, sampling, uncertainty and radial limits before comparing with the current summary-table rings.
