0 -90 1559.500000
2 -90 1559.500000
4 -90 1559.500000
6 -90 1559.500000
8 -90 1559.500000
10 -90 1559.500000
12 -90 1559.500000
14 -90 1559.500000
16 -90 1559.500000
18 -90 1559.500000
20 -90 1559.500000
22 -90 1559.500000
24 -90 1559.500000
26 -90 1559.500000
28 -90 1559.500000
30 -90 1559.500000
32 -90 1559.500000
34 -90 1559.500000
36 -90 1559.500000
38 -90 1559.500000
40 -90 1559.500000
42 -90 1559.500000
44 -90 1559.500000
46 -90 1559.500000
48 -90 1559.500000
50 -90 1559.500000
52 -90 1559.500000
54 -90 1559.500000
56 -90 1559.500000
58 -90 1559.500000
60 -90 1559.500000
62 -90 1559.500000
64 -90 1559.500000
66 -90 1559.500000
68 -90 1559.500000
70 -90 1559.500000
72 -90 1559.500000
74 -90 1559.500000
76 -90 1559.500000
78 -90 1559.500000
80 -90 1559.500000
82 -90 1559.500000
84 -90 1559.500000
86 -90 1559.500000
88 -90 1559.500000
90 -90 1559.500000
92 -90 1559.500000
94 -90 1559.500000
96 -90 1559.500000
98 -90 1559.500000
100 -90 1559.500000
102 -90 1559.500000
104 -90 1559.500000
106 -90 1559.500000
108 -90 1559.500000
110 -90 1559.500000
112 -90 1559.500000
114 -90 1559.500000
116 -90 1559.500000
118 -90 1559.500000
120 -90 1559.500000
122 -90 1559.500000
124 -90 1559.500000
126 -90 1559.500000
128 -90 1559.500000
130 -90 1559.500000
132 -90 1559.500000
134 -90 1559.500000
136 -90 1559.500000
138 -90 1559.500000
140 -90 1559.500000
142 -90 1559.500000
144 -90 1559.500000
146 -90 1559.500000
148 -90 1559.500000
150 -90 1559.500000
152 -90 1559.500000
154 -90 1559.500000
156 -90 1559.500000
158 -90 1559.500000
160 -90 1559.500000
162 -90 1559.500000
164 -90 1559.500000
166 -90 1559.500000
168 -90 1559.500000
170 -90 1559.500000
172 -90 1559.500000
174 -90 1559.500000
176 -90 1559.500000
178 -90 1559.500000
180 -90 1559.500000
182 -90 1559.500000
184 -90 1559.500000
186 -90 1559.500000
188 -90 1559.500000
190 -90 1559.500000
192 -90 1559.500000
194 -90 1559.500000
196 -90 1559.500000
198 -90 1559.500000
200 -90 1559.500000
202 -90 1559.500000
204 -90 1559.500000
206 -90 1559.500000
208 -90 1559.500000
210 -90 1559.500000
212 -90 1559.500000
214 -90 1559.500000
216 -90 1559.500000
218 -90 1559.500000
220 -90 1559.500000
222 -90 1559.500000
224 -90 1559.500000
226 -90 1559.500000
228 -90 1559.500000
230 -90 1559.500000
232 -90 1559.500000
234 -90 1559.500000
236 -90 1559.500000
238 -90 1559.500000
240 -90 1559.500000
242 -90 1559.500000
244 -90 1559.500000
246 -90 1559.500000
248 -90 1559.500000
250 -90 1559.500000
252 -90 1559.500000
254 -90 1559.500000
256 -90 1559.500000
258 -90 1559.500000
260 -90 1559.500000
262 -90 1559.500000
264 -90 1559.500000
266 -90 1559.500000
268 -90 1559.500000
270 -90 1559.500000
272 -90 1559.500000
274 -90 1559.500000
276 -90 1559.500000
278 -90 1559.500000
280 -90 1559.500000
282 -90 1559.500000
284 -90 1559.500000
286 -90 1559.500000
288 -90 1559.500000
290 -90 1559.500000
292 -90 1559.500000
294 -90 1559.500000
296 -90 1559.500000
298 -90 1559.500000
300 -90 1559.500000
302 -90 1559.500000
304 -90 1559.500000
306 -90 1559.500000
308 -90 1559.500000
310 -90 1559.500000
312 -90 1559.500000
314 -90 1559.500000
316 -90 1559.500000
318 -90 1559.500000
320 -90 1559.500000
322 -90 1559.500000
324 -90 1559.500000
326 -90 1559.500000
328 -90 1559.500000
330 -90 1559.500000
332 -90 1559.500000
334 -90 1559.500000
336 -90 1559.500000
338 -90 1559.500000
340 -90 1559.500000
342 -90 1559.500000
344 -90 1559.500000
346 -90 1559.500000
348 -90 1559.500000
350 -90 1559.500000
352 -90 1559.500000
354 -90 1559.500000
356 -90 1559.500000
358 -90 1559.500000
360 -90 1559.500000
0 -88 1559.503765
2 -88 1559.503761
4 -88 1559.503751
6 -88 1559.503734
8 -88 1559.503710
10 -88 1559.503680
12 -88 1559.503644
14 -88 1559.503601
16 -88 1559.503552
18 -88 1559.503498
20 -88 1559.503438
22 -88 1559.503373
24 -88 1559.503303
26 -88 1559.503228
28 -88 1559.503149
30 -88 1559.503067
32 -88 1559.502981
34 -88 1559.502892
36 -88 1559.502800
38 -88 1559.502707
40 -88 1559.502611
42 -88 1559.502515
44 -88 1559.502418
46 -88 1559.502320
48 -88 1559.502223
50 -88 1559.502127
52 -88 1559.502031
54 -88 1559.501938
56 -88 1559.501846
58 -88 1559.501757
60 -88 1559.501671
62 -88 1559.501589
64 -88 1559.501510
66 -88 1559.501435
68 -88 1559.501365
70 -88 1559.501300
72 -88 1559.501240
74 -88 1559.501186
76 -88 1559.501137
78 -88 1559.501094
80 -88 1559.501058
82 -88 1559.501028
84 -88 1559.501004
86 -88 1559.500987
88 -88 1559.500977
90 -88 1559.500974
92 -88 1559.500977
94 -88 1559.500987
96 -88 1559.501004
98 -88 1559.501028
100 -88 1559.501058
102 -88 1559.501094
104 -88 1559.501137
106 -88 1559.501186
108 -88 1559.501240
110 -88 1559.501300
112 -88 1559.501365
114 -88 1559.501435
116 -88 1559.501510
118 -88 1559.501589
120 -88 1559.501671
122 -88 1559.501757
124 -88 1559.501846
126 -88 1559.501938
128 -88 1559.502031
130 -88 1559.502127
132 -88 1559.502223
134 -88 1559.502320
136 -88 1559.502418
138 -88 1559.502515
140 -88 1559.502611
142 -88 1559.502707
144 -88 1559.502800
146 -88 1559.502892
148 -88 1559.502981
150 -88 1559.503067
152 -88 1559.503149
154 -88 1559.503228
156 -88 1559.503303
158 -88 1559.503373
160 -88 1559.503438
162 -88 1559.503498
164 -88 1559.503552
166 -88 1559.503601
168 -88 1559.503644
170 -88 1559.503680
172 -88 1559.503710
174 -88 1559.503734
176 -88 1559.503751
178 -88 1559.503761
180 -88 1559.503765
182 -88 1559.503761
184 -88 1559.503751
186 -88 1559.503734
188 -88 1559.503710
190 -88 1559.503680
192 -88 1559.503644
194 -88 1559.503601
196 -88 1559.503552
198 -88 1559.503498
200 -88 1559.503438
202 -88 1559.503373
204 -88 1559.503303
206 -88 1559.503228
208 -88 1559.503149
210 -88 1559.503067
212 -88 1559.502981
214 -88 1559.502892
216 -88 1559.502800
218 -88 1559.502707
220 -88 1559.502611
222 -88 1559.502515
224 -88 1559.502418
226 -88 1559.502320
228 -88 1559.502223
230 -88 1559.502127
232 -88 1559.502031
234 -88 1559.501938
236 -88 1559.501846
238 -88 1559.501757
240 -88 1559.501671
242 -88 1559.501589
244 -88 1559.501510
246 -88 1559.501435
248 -88 1559.501365
250 -88 1559.501300
252 -88 1559.501240
254 -88 1559.501186
256 -88 1559.501137
258 -88 1559.501094
260 -88 1559.501058
262 -88 1559.501028
264 -88 1559.501004
266 -88 1559.500987
268 -88 1559.500977
270 -88 1559.500974
272 -88 1559.500977
274 -88 1559.500987
276 -88 1559.501004
278 -88 1559.501028
280 -88 1559.501058
282 -88 1559.501094
284 -88 1559.501137
286 -88 1559.501186
288 -88 1559.501240
290 -88 1559.501300
292 -88 1559.501365
294 -88 1559.501435
296 -88 1559.501510
298 -88 1559.501589
300 -88 1559.501671
302 -88 1559.501757
304 -88 1559.501846
306 -88 1559.501938
308 -88 1559.502031
310 -88 1559.502127
312 -88 1559.502223
314 -88 1559.502320
316 -88 1559.502418
318 -88 1559.502515
320 -88 1559.502611
322 -88 1559.502707
324 -88 1559.502800
326 -88 1559.502892
328 -88 1559.502981
330 -88 1559.503067
332 -88 1559.503149
334 -88 1559.503228
336 -88 1559.503303
338 -88 1559.503373
340 -88 1559.503438
342 -88 1559.503498
344 -88 1559.503552
346 -88 1559.503601
348 -88 1559.503644
350 -88 1559.503680
352 -88 1559.503710
354 -88 1559.503734
356 -88 1559.503751
358 -88 1559.503761
360 -88 1559.503765
0 -86 1559.515040
2 -86 1559.515026
4 -86 1559.514986
6 -86 1559.514918
8 -86 1559.514824
10 -86 1559.514704
12 -86 1559.514558
14 -86 1559.514387
16 -86 1559.514193
18 -86 1559.513975
20 -86 1559.513736
22 -86 1559.513475
24 -86 1559.513195
26 -86 1559.512897
28 -86 1559.512582
30 -86 1559.512252
32 -86 1559.511909
34 -86 1559.511553
36 -86 1559.511188
38 -86 1559.510814
40 -86 1559.510433
42 -86 1559.510048
44 -86 1559.509659
46 -86 1559.509270
48 -86 1559.508882
50 -86 1559.508497
52 -86 1559.508116
54 -86 1559.507742
56 -86 1559.507376
58 -86 1559.507021
60 -86 1559.506677
62 -86 1559.506347
64 -86 1559.506032
66 -86 1559.505734
68 -86 1559.505454
70 -86 1559.505194
72 -86 1559.504955
74 -86 1559.504737
76 -86 1559.504542
78 -86 1559.504372
80 -86 1559.504226
82 -86 1559.504106
84 -86 1559.504012
86 -86 1559.503944
88 -86 1559.503903
90 -86 1559.503890
92 -86 1559.503903
94 -86 1559.503944
96 -86 1559.504012
98 -86 1559.504106
100 -86 1559.504226
102 -86 1559.504372
104 -86 1559.504542
106 -86 1559.504737
108 -86 1559.504955
110 -86 1559.505194
112 -86 1559.505454
114 -86 1559.505734
116 -86 1559.506032
118 -86 1559.506347
120 -86 1559.506677
122 -86 1559.507021
124 -86 1559.507376
126 -86 1559.507742
128 -86 1559.508116
130 -86 1559.508497
132 -86 1559.508882
134 -86 1559.509270
136 -86 1559.509659
138 -86 1559.510048
140 -86 1559.510433
142 -86 1559.510814
144 -86 1559.511188
146 -86 1559.511553
148 -86 1559.511909
150 -86 1559.512252
152 -86 1559.512582
154 -86 1559.512897
156 -86 1559.513195
158 -86 1559.513475
160 -86 1559.513736
162 -86 1559.513975
164 -86 1559.514193
166 -86 1559.514387
168 -86 1559.514558
170 -86 1559.514704
172 -86 1559.514824
174 -86 1559.514918
176 -86 1559.514986
178 -86 1559.515026
180 -86 1559.515040
182 -86 1559.515026
184 -86 1559.514986
186 -86 1559.514918
188 -86 1559.514824
190 -86 1559.514704
192 -86 1559.514558
194 -86 1559.514387
196 -86 1559.514193
198 -86 1559.513975
200 -86 1559.513736
202 -86 1559.513475
204 -86 1559.513195
206 -86 1559.512897
208 -86 1559.512582
210 -86 1559.512252
212 -86 1559.511909
214 -86 1559.511553
216 -86 1559.511188
218 -86 1559.510814
220 -86 1559.510433
222 -86 1559.510048
224 -86 1559.509659
226 -86 1559.509270
228 -86 1559.508882
230 -86 1559.508497
232 -86 1559.508116
234 -86 1559.507742
236 -86 1559.507376
238 -86 1559.507021
240 -86 1559.506677
242 -86 1559.506347
244 -86 1559.506032
246 -86 1559.505734
248 -86 1559.505454
250 -86 1559.505194
252 -86 1559.504955
254 -86 1559.504737
256 -86 1559.504542
258 -86 1559.504372
260 -86 1559.504226
262 -86 1559.504106
264 -86 1559.504012
266 -86 1559.503944
268 -86 1559.503903
270 -86 1559.503890
272 -86 1559.503903
274 -86 1559.503944
276 -86 1559.504012
278 -86 1559.504106
280 -86 1559.504226
282 -86 1559.504372
284 -86 1559.504542
286 -86 1559.504737
288 -86 1559.504955
290 -86 1559.505194
292 -86 1559.505454
294 -86 1559.505734
296 -86 1559.506032
298 -86 1559.506347
300 -86 1559.506677
302 -86 1559.507021
304 -86 1559.507376
306 -86 1559.507742
308 -86 1559.508116
310 -86 1559.508497
312 -86 1559.508882
314 -86 1559.509270
316 -86 1559.509659
318 -86 1559.510048
320 -86 1559.510433
322 -86 1559.510814
324 -86 1559.511188
326 -86 1559.511553
328 -86 1559.511909
330 -86 1559.512252
332 -86 1559.512582
334 -86 1559.512897
336 -86 1559.513195
338 -86 1559.513475
340 -86 1559.513736
342 -86 1559.513975
344 -86 1559.514193
346 -86 1559.514387
348 -86 1559.514558
350 -86 1559.514704
352 -86 1559.514824
354 -86 1559.514918
356 -86 1559.514986
358 -86 1559.515026
360 -86 1559.515040
0 -84 1559.533772
2 -84 1559.533741
4 -84 1559.533650
6 -84 1559.533498
8 -84 1559.533287
10 -84 1559.533017
12 -84 1559.532689
14 -84 1559.532306
16 -84 1559.531869
18 -84 1559.531381
20 -84 1559.530843
22 -84 1559.530258
24 -84 1559.529629
26 -84 1559.528960
28 -84 1559.528253
30 -84 1559.527512
32 -84 1559.526741
34 -84 1559.525942
36 -84 1559.525121
38 -84 1559.524281
40 -84 1559.523427
42 -84 1559.522561
44 -84 1559.521690
46 -84 1559.520816
48 -84 1559.519944
50 -84 1559.519079
52 -84 1559.518224
54 -84 1559.517384
56 -84 1559.516563
58 -84 1559.515765
60 -84 1559.514994
62 -84 1559.514253
64 -84 1559.513546
66 -84 1559.512876
68 -84 1559.512248
70 -84 1559.511663
72 -84 1559.511125
74 -84 1559.510637
76 -84 1559.510200
78 -84 1559.509817
80 -84 1559.509489
82 -84 1559.509219
84 -84 1559.509008
86 -84 1559.508856
88 -84 1559.508765
90 -84 1559.508734
92 -84 1559.508765
94 -84 1559.508856
96 -84 1559.509008
98 -84 1559.509219
100 -84 1559.509489
102 -84 1559.509817
104 -84 1559.510200
106 -84 1559.510637
108 -84 1559.511125
110 -84 1559.511663
112 -84 1559.512248
114 -84 1559.512876
116 -84 1559.513546
118 -84 1559.514253
120 -84 1559.514994
122 -84 1559.515765
124 -84 1559.516563
126 -84 1559.517384
128 -84 1559.518224
130 -84 1559.519079
132 -84 1559.519944
134 -84 1559.520816
136 -84 1559.521690
138 -84 1559.522561
140 -84 1559.523427
142 -84 1559.524281
144 -84 1559.525121
146 -84 1559.525942
148 -84 1559.526741
150 -84 1559.527512
152 -84 1559.528253
154 -84 1559.528960
156 -84 1559.529629
158 -84 1559.530258
160 -84 1559.530843
162 -84 1559.531381
164 -84 1559.531869
166 -84 1559.532306
168 -84 1559.532689
170 -84 1559.533017
172 -84 1559.533287
174 -84 1559.533498
176 -84 1559.533650
178 -84 1559.533741
180 -84 1559.533772
182 -84 1559.533741
184 -84 1559.533650
186 -84 1559.533498
188 -84 1559.533287
190 -84 1559.533017
192 -84 1559.532689
194 -84 1559.532306
196 -84 1559.531869
198 -84 1559.531381
200 -84 1559.530843
202 -84 1559.530258
204 -84 1559.529629
206 -84 1559.528960
208 -84 1559.528253
210 -84 1559.527512
212 -84 1559.526741
214 -84 1559.525942
216 -84 1559.525121
218 -84 1559.524281
220 -84 1559.523427
222 -84 1559.522561
224 -84 1559.521690
226 -84 1559.520816
228 -84 1559.519944
230 -84 1559.519079
232 -84 1559.518224
234 -84 1559.517384
236 -84 1559.516563
238 -84 1559.515765
240 -84 1559.514994
242 -84 1559.514253
244 -84 1559.513546
246 -84 1559.512876
248 -84 1559.512248
250 -84 1559.511663
252 -84 1559.511125
254 -84 1559.510637
256 -84 1559.510200
258 -84 1559.509817
260 -84 1559.509489
262 -84 1559.509219
264 -84 1559.509008
266 -84 1559.508856
268 -84 1559.508765
270 -84 1559.508734
272 -84 1559.508765
274 -84 1559.508856
276 -84 1559.509008
278 -84 1559.509219
280 -84 1559.509489
282 -84 1559.509817
284 -84 1559.510200
286 -84 1559.510637
288 -84 1559.511125
290 -84 1559.511663
292 -84 1559.512248
294 -84 1559.512876
296 -84 1559.513546
298 -84 1559.514253
300 -84 1559.514994
302 -84 1559.515765
304 -84 1559.516563
306 -84 1559.517384
308 -84 1559.518224
310 -84 1559.519079
312 -84 1559.519944
314 -84 1559.520816
316 -84 1559.521690
318 -84 1559.522561
320 -84 1559.523427
322 -84 1559.524281
324 -84 1559.525121
326 -84 1559.525942
328 -84 1559.526741
330 -84 1559.527512
332 -84 1559.528253
334 -84 1559.528960
336 -84 1559.529629
338 -84 1559.530258
340 -84 1559.530843
342 -84 1559.531381
344 -84 1559.531869
346 -84 1559.532306
348 -84 1559.532689
350 -84 1559.533017
352 -84 1559.533287
354 -84 1559.533498
356 -84 1559.533650
358 -84 1559.533741
360 -84 1559.533772
0 -82 1559.559869
2 -82 1559.559815
4 -82 1559.559653
6 -82 1559.559384
8 -82 1559.559010
10 -82 1559.558531
12 -82 1559.557951
14 -82 1559.557271
16 -82 1559.556497
18 -82 1559.555631
20 -82 1559.554677
22 -82 1559.553640
24 -82 1559.552526
26 -82 1559.551339
28 -82 1559.550086
30 -82 1559.548772
32 -82 1559.547405
34 -82 1559.545990
36 -82 1559.544534
38 -82 1559.543045
40 -82 1559.541530
42 -82 1559.539996
44 -82 1559.538450
46 -82 1559.536901
48 -82 1559.535356
50 -82 1559.533822
52 -82 1559.532307
54 -82 1559.530818
56 -82 1559.529362
58 -82 1559.527947
60 -82 1559.526580
62 -82 1559.525266
64 -82 1559.524013
66 -82 1559.522826
68 -82 1559.521712
70 -82 1559.520676
72 -82 1559.519722
74 -82 1559.518856
76 -82 1559.518081
78 -82 1559.517402
80 -82 1559.516822
82 -82 1559.516343
84 -82 1559.515969
86 -82 1559.515700
88 -82 1559.515538
90 -82 1559.515484
92 -82 1559.515538
94 -82 1559.515700
96 -82 1559.515969
98 -82 1559.516343
100 -82 1559.516822
102 -82 1559.517402
104 -82 1559.518081
106 -82 1559.518856
108 -82 1559.519722
110 -82 1559.520676
112 -82 1559.521712
114 -82 1559.522826
116 -82 1559.524013
118 -82 1559.525266
120 -82 1559.526580
122 -82 1559.527947
124 -82 1559.529362
126 -82 1559.530818
128 -82 1559.532307
130 -82 1559.533822
132 -82 1559.535356
134 -82 1559.536901
136 -82 1559.538450
138 -82 1559.539996
140 -82 1559.541530
142 -82 1559.543045
144 -82 1559.544534
146 -82 1559.545990
148 -82 1559.547405
150 -82 1559.548772
152 -82 1559.550086
154 -82 1559.551339
156 -82 1559.552526
158 -82 1559.553640
160 -82 1559.554677
162 -82 1559.555631
164 -82 1559.556497
166 -82 1559.557271
168 -82 1559.557951
170 -82 1559.558531
172 -82 1559.559010
174 -82 1559.559384
176 -82 1559.559653
178 -82 1559.559815
180 -82 1559.559869
182 -82 1559.559815
184 -82 1559.559653
186 -82 1559.559384
188 -82 1559.559010
190 -82 1559.558531
192 -82 1559.557951
194 -82 1559.557271
196 -82 1559.556497
198 -82 1559.555631
200 -82 1559.554677
202 -82 1559.553640
204 -82 1559.552526
206 -82 1559.551339
208 -82 1559.550086
210 -82 1559.548772
212 -82 1559.547405
214 -82 1559.545990
216 -82 1559.544534
218 -82 1559.543045
220 -82 1559.541530
222 -82 1559.539996
224 -82 1559.538450
226 -82 1559.536901
228 -82 1559.535356
230 -82 1559.533822
232 -82 1559.532307
234 -82 1559.530818
236 -82 1559.529362
238 -82 1559.527947
240 -82 1559.526580
242 -82 1559.525266
244 -82 1559.524013
246 -82 1559.522826
248 -82 1559.521712
250 -82 1559.520676
252 -82 1559.519722
254 -82 1559.518856
256 -82 1559.518081
258 -82 1559.517402
260 -82 1559.516822
262 -82 1559.516343
264 -82 1559.515969
266 -82 1559.515700
268 -82 1559.515538
270 -82 1559.515484
272 -82 1559.515538
274 -82 1559.515700
276 -82 1559.515969
278 -82 1559.516343
280 -82 1559.516822
282 -82 1559.517402
284 -82 1559.518081
286 -82 1559.518856
288 -82 1559.519722
290 -82 1559.520676
292 -82 1559.521712
294 -82 1559.522826
296 -82 1559.524013
298 -82 1559.525266
300 -82 1559.526580
302 -82 1559.527947
304 -82 1559.529362
306 -82 1559.530818
308 -82 1559.532307
310 -82 1559.533822
312 -82 1559.535356
314 -82 1559.536901
316 -82 1559.538450
318 -82 1559.539996
320 -82 1559.541530
322 -82 1559.543045
324 -82 1559.544534
326 -82 1559.545990
328 -82 1559.547405
330 -82 1559.548772
332 -82 1559.550086
334 -82 1559.551339
336 -82 1559.552526
338 -82 1559.553640
340 -82 1559.554677
342 -82 1559.555631
344 -82 1559.556497
346 -82 1559.557271
348 -82 1559.557951
350 -82 1559.558531
352 -82 1559.559010
354 -82 1559.559384
356 -82 1559.559653
358 -82 1559.559815
360 -82 1559.559869
0 -80 1559.593207
2 -80 1559.593123
4 -80 1559.592871
6 -80 1559.592452
8 -80 1559.591868
10 -80 1559.591123
12 -80 1559.590220
14 -80 1559.589162
16 -80 1559.587956
18 -80 1559.586608
20 -80 1559.585123
22 -80 1559.583509
24 -80 1559.581774
26 -80 1559.579927
28 -80 1559.577976
30 -80 1559.575930
32 -80 1559.573801
34 -80 1559.571598
36 -80 1559.569332
38 -80 1559.567013
40 -80 1559.564654
42 -80 1559.562266
44 -80 1559.559861
46 -80 1559.557449
48 -80 1559.555043
50 -80 1559.552655
52 -80 1559.550296
54 -80 1559.547978
56 -80 1559.545712
58 -80 1559.543509
60 -80 1559.541380
62 -80 1559.539334
64 -80 1559.537383
66 -80 1559.535536
68 -80 1559.533801
70 -80 1559.532188
72 -80 1559.530703
74 -80 1559.529355
76 -80 1559.528149
78 -80 1559.527092
80 -80 1559.526189
82 -80 1559.525443
84 -80 1559.524860
86 -80 1559.524441
88 -80 1559.524189
90 -80 1559.524105
92 -80 1559.524189
94 -80 1559.524441
96 -80 1559.524860
98 -80 1559.525443
100 -80 1559.526189
102 -80 1559.527092
104 -80 1559.528149
106 -80 1559.529355
108 -80 1559.530703
110 -80 1559.532188
112 -80 1559.533801
114 -80 1559.535536
116 -80 1559.537383
118 -80 1559.539334
120 -80 1559.541380
122 -80 1559.543509
124 -80 1559.545712
126 -80 1559.547978
128 -80 1559.550296
130 -80 1559.552655
132 -80 1559.555043
134 -80 1559.557449
136 -80 1559.559861
138 -80 1559.562266
140 -80 1559.564654
142 -80 1559.567013
144 -80 1559.569332
146 -80 1559.571598
148 -80 1559.573801
150 -80 1559.575930
152 -80 1559.577976
154 -80 1559.579927
156 -80 1559.581774
158 -80 1559.583509
160 -80 1559.585123
162 -80 1559.586608
164 -80 1559.587956
166 -80 1559.589162
168 -80 1559.590220
170 -80 1559.591123
172 -80 1559.591868
174 -80 1559.592452
176 -80 1559.592871
178 -80 1559.593123
180 -80 1559.593207
182 -80 1559.593123
184 -80 1559.592871
186 -80 1559.592452
188 -80 1559.591868
190 -80 1559.591123
192 -80 1559.590220
194 -80 1559.589162
196 -80 1559.587956
198 -80 1559.586608
200 -80 1559.585123
202 -80 1559.583509
204 -80 1559.581774
206 -80 1559.579927
208 -80 1559.577976
210 -80 1559.575930
212 -80 1559.573801
214 -80 1559.571598
216 -80 1559.569332
218 -80 1559.567013
220 -80 1559.564654
222 -80 1559.562266
224 -80 1559.559861
226 -80 1559.557449
228 -80 1559.555043
230 -80 1559.552655
232 -80 1559.550296
234 -80 1559.547978
236 -80 1559.545712
238 -80 1559.543509
240 -80 1559.541380
242 -80 1559.539334
244 -80 1559.537383
246 -80 1559.535536
248 -80 1559.533801
250 -80 1559.532188
252 -80 1559.530703
254 -80 1559.529355
256 -80 1559.528149
258 -80 1559.527092
260 -80 1559.526189
262 -80 1559.525443
264 -80 1559.524860
266 -80 1559.524441
268 -80 1559.524189
270 -80 1559.524105
272 -80 1559.524189
274 -80 1559.524441
276 -80 1559.524860
278 -80 1559.525443
280 -80 1559.526189
282 -80 1559.527092
284 -80 1559.528149
286 -80 1559.529355
288 -80 1559.530703
290 -80 1559.532188
292 -80 1559.533801
294 -80 1559.535536
296 -80 1559.537383
298 -80 1559.539334
300 -80 1559.541380
302 -80 1559.543509
304 -80 1559.545712
306 -80 1559.547978
308 -80 1559.550296
310 -80 1559.552655
312 -80 1559.555043
314 -80 1559.557449
316 -80 1559.559861
318 -80 1559.562266
320 -80 1559.564654
322 -80 1559.567013
324 -80 1559.569332
326 -80 1559.571598
328 -80 1559.573801
330 -80 1559.575930
332 -80 1559.577976
334 -80 1559.579927
336 -80 1559.581774
338 -80 1559.583509
340 -80 1559.585123
342 -80 1559.586608
344 -80 1559.587956
346 -80 1559.589162
348 -80 1559.590220
350 -80 1559.591123
352 -80 1559.591868
354 -80 1559.592452
356 -80 1559.592871
358 -80 1559.593123
360 -80 1559.593207
0 -78 1559.633623
2 -78 1559.633503
4 -78 1559.633141
6 -78 1559.632541
8 -78 1559.631704
10 -78 1559.630636
12 -78 1559.629340
14 -78 1559.627825
16 -78 1559.626096
18 -78 1559.624162
20 -78 1559.622034
22 -78 1559.619720
24 -78 1559.617233
26 -78 1559.614584
28 -78 1559.611787
30 -78 1559.608855
32 -78 1559.605802
34 -78 1559.602643
36 -78 1559.599394
38 -78 1559.596071
40 -78 1559.592689
42 -78 1559.589265
44 -78 1559.585816
46 -78 1559.582359
48 -78 1559.578910
50 -78 1559.575486
52 -78 1559.572104
54 -78 1559.568781
56 -78 1559.565532
58 -78 1559.562374
60 -78 1559.559321
62 -78 1559.556389
64 -78 1559.553593
66 -78 1559.550944
68 -78 1559.548457
70 -78 1559.546144
72 -78 1559.544016
74 -78 1559.542082
76 -78 1559.540354
78 -78 1559.538838
80 -78 1559.537543
82 -78 1559.536475
84 -78 1559.535639
86 -78 1559.535038
88 -78 1559.534677
90 -78 1559.534556
92 -78 1559.534677
94 -78 1559.535038
96 -78 1559.535639
98 -78 1559.536475
100 -78 1559.537543
102 -78 1559.538838
104 -78 1559.540354
106 -78 1559.542082
108 -78 1559.544016
110 -78 1559.546144
112 -78 1559.548457
114 -78 1559.550944
116 -78 1559.553593
118 -78 1559.556389
120 -78 1559.559321
122 -78 1559.562374
124 -78 1559.565532
126 -78 1559.568781
128 -78 1559.572104
130 -78 1559.575486
132 -78 1559.578910
134 -78 1559.582359
136 -78 1559.585816
138 -78 1559.589265
140 -78 1559.592689
142 -78 1559.596071
144 -78 1559.599394
146 -78 1559.602643
148 -78 1559.605802
150 -78 1559.608855
152 -78 1559.611787
154 -78 1559.614584
156 -78 1559.617233
158 -78 1559.619720
160 -78 1559.622034
162 -78 1559.624162
164 -78 1559.626096
166 -78 1559.627825
168 -78 1559.629340
170 -78 1559.630636
172 -78 1559.631704
174 -78 1559.632541
176 -78 1559.633141
178 -78 1559.633503
180 -78 1559.633623
182 -78 1559.633503
184 -78 1559.633141
186 -78 1559.632541
188 -78 1559.631704
190 -78 1559.630636
192 -78 1559.629340
194 -78 1559.627825
196 -78 1559.626096
198 -78 1559.624162
200 -78 1559.622034
202 -78 1559.619720
204 -78 1559.617233
206 -78 1559.614584
208 -78 1559.611787
210 -78 1559.608855
212 -78 1559.605802
214 -78 1559.602643
216 -78 1559.599394
218 -78 1559.596071
220 -78 1559.592689
222 -78 1559.589265
224 -78 1559.585816
226 -78 1559.582359
228 -78 1559.578910
230 -78 1559.575486
232 -78 1559.572104
234 -78 1559.568781
236 -78 1559.565532
238 -78 1559.562374
240 -78 1559.559321
242 -78 1559.556389
244 -78 1559.553593
246 -78 1559.550944
248 -78 1559.548457
250 -78 1559.546144
252 -78 1559.544016
254 -78 1559.542082
256 -78 1559.540354
258 -78 1559.538838
260 -78 1559.537543
262 -78 1559.536475
264 -78 1559.535639
266 -78 1559.535038
268 -78 1559.534677
270 -78 1559.534556
272 -78 1559.534677
274 -78 1559.535038
276 -78 1559.535639
278 -78 1559.536475
280 -78 1559.537543
282 -78 1559.538838
284 -78 1559.540354
286 -78 1559.542082
288 -78 1559.544016
290 -78 1559.546144
292 -78 1559.548457
294 -78 1559.550944
296 -78 1559.553593
298 -78 1559.556389
300 -78 1559.559321
302 -78 1559.562374
304 -78 1559.565532
306 -78 1559.568781
308 -78 1559.572104
310 -78 1559.575486
312 -78 1559.578910
314 -78 1559.582359
316 -78 1559.585816
318 -78 1559.589265
320 -78 1559.592689
322 -78 1559.596071
324 -78 1559.599394
326 -78 1559.602643
328 -78 1559.605802
330 -78 1559.608855
332 -78 1559.611787
334 -78 1559.614584
336 -78 1559.617233
338 -78 1559.619720
340 -78 1559.622034
342 -78 1559.624162
344 -78 1559.626096
346 -78 1559.627825
348 -78 1559.629340
350 -78 1559.630636
352 -78 1559.631704
354 -78 1559.632541
356 -78 1559.633141
358 -78 1559.633503
360 -78 1559.633623
0 -76 1559.680923
2 -76 1559.680760
4 -76 1559.680270
6 -76 1559.679457
8 -76 1559.678325
10 -76 1559.676878
12 -76 1559.675124
14 -76 1559.673072
16 -76 1559.670731
18 -76 1559.668113
20 -76 1559.665230
22 -76 1559.662098
24 -76 1559.658730
26 -76 1559.655144
28 -76 1559.651356
30 -76 1559.647386
32 -76 1559.643252
34 -76 1559.638976
36 -76 1559.634576
38 -76 1559.630076
40 -76 1559.625497
42 -76 1559.620861
44 -76 1559.616191
46 -76 1559.611510
48 -76 1559.606840
50 -76 1559.602205
52 -76 1559.597626
54 -76 1559.593126
56 -76 1559.588727
58 -76 1559.584451
60 -76 1559.580318
62 -76 1559.576348
64 -76 1559.572561
66 -76 1559.568975
68 -76 1559.565608
70 -76 1559.562476
72 -76 1559.559594
74 -76 1559.556977
76 -76 1559.554637
78 -76 1559.552585
80 -76 1559.550831
82 -76 1559.549385
84 -76 1559.548252
86 -76 1559.547440
88 -76 1559.546950
90 -76 1559.546787
92 -76 1559.546950
94 -76 1559.547440
96 -76 1559.548252
98 -76 1559.549385
100 -76 1559.550831
102 -76 1559.552585
104 -76 1559.554637
106 -76 1559.556977
108 -76 1559.559594
110 -76 1559.562476
112 -76 1559.565608
114 -76 1559.568975
116 -76 1559.572561
118 -76 1559.576348
120 -76 1559.580318
122 -76 1559.584451
124 -76 1559.588727
126 -76 1559.593126
128 -76 1559.597626
130 -76 1559.602205
132 -76 1559.606840
134 -76 1559.611510
136 -76 1559.616191
138 -76 1559.620861
140 -76 1559.625497
142 -76 1559.630076
144 -76 1559.634576
146 -76 1559.638976
148 -76 1559.643252
150 -76 1559.647386
152 -76 1559.651356
154 -76 1559.655144
156 -76 1559.658730
158 -76 1559.662098
160 -76 1559.665230
162 -76 1559.668113
164 -76 1559.670731
166 -76 1559.673072
168 -76 1559.675124
170 -76 1559.676878
172 -76 1559.678325
174 -76 1559.679457
176 -76 1559.680270
178 -76 1559.680760
180 -76 1559.680923
182 -76 1559.680760
184 -76 1559.680270
186 -76 1559.679457
188 -76 1559.678325
190 -76 1559.676878
192 -76 1559.675124
194 -76 1559.673072
196 -76 1559.670731
198 -76 1559.668113
200 -76 1559.665230
202 -76 1559.662098
204 -76 1559.658730
206 -76 1559.655144
208 -76 1559.651356
210 -76 1559.647386
212 -76 1559.643252
214 -76 1559.638976
216 -76 1559.634576
218 -76 1559.630076
220 -76 1559.625497
222 -76 1559.620861
224 -76 1559.616191
226 -76 1559.611510
228 -76 1559.606840
230 -76 1559.602205
232 -76 1559.597626
234 -76 1559.593126
236 -76 1559.588727
238 -76 1559.584451
240 -76 1559.580318
242 -76 1559.576348
244 -76 1559.572561
246 -76 1559.568975
248 -76 1559.565608
250 -76 1559.562476
252 -76 1559.559594
254 -76 1559.556977
256 -76 1559.554637
258 -76 1559.552585
260 -76 1559.550831
262 -76 1559.549385
264 -76 1559.548252
266 -76 1559.547440
268 -76 1559.546950
270 -76 1559.546787
272 -76 1559.546950
274 -76 1559.547440
276 -76 1559.548252
278 -76 1559.549385
280 -76 1559.550831
282 -76 1559.552585
284 -76 1559.554637
286 -76 1559.556977
288 -76 1559.559594
290 -76 1559.562476
292 -76 1559.565608
294 -76 1559.568975
296 -76 1559.572561
298 -76 1559.576348
300 -76 1559.580318
302 -76 1559.584451
304 -76 1559.588727
306 -76 1559.593126
308 -76 1559.597626
310 -76 1559.602205
312 -76 1559.606840
314 -76 1559.611510
316 -76 1559.616191
318 -76 1559.620861
320 -76 1559.625497
322 -76 1559.630076
324 -76 1559.634576
326 -76 1559.638976
328 -76 1559.643252
330 -76 1559.647386
332 -76 1559.651356
334 -76 1559.655144
336 -76 1559.658730
338 -76 1559.662098
340 -76 1559.665230
342 -76 1559.668113
344 -76 1559.670731
346 -76 1559.673072
348 -76 1559.675124
350 -76 1559.676878
352 -76 1559.678325
354 -76 1559.679457
356 -76 1559.680270
358 -76 1559.680760
360 -76 1559.680923
0 -74 1559.734878
2 -74 1559.734666
4 -74 1559.734031
6 -74 1559.732975
8 -74 1559.731505
10 -74 1559.729626
12 -74 1559.727349
14 -74 1559.724685
16 -74 1559.721646
18 -74 1559.718247
20 -74 1559.714505
22 -74 1559.710437
24 -74 1559.706065
26 -74 1559.701409
28 -74 1559.696492
30 -74 1559.691337
32 -74 1559.685971
34 -74 1559.680419
36 -74 1559.674707
38 -74 1559.668865
40 -74 1559.662920
42 -74 1559.656902
44 -74 1559.650839
46 -74 1559.644762
48 -74 1559.638699
50 -74 1559.632681
52 -74 1559.626737
54 -74 1559.620895
56 -74 1559.615184
58 -74 1559.609633
60 -74 1559.604267
62 -74 1559.599114
64 -74 1559.594197
66 -74 1559.589542
68 -74 1559.585171
70 -74 1559.581105
72 -74 1559.577364
74 -74 1559.573966
76 -74 1559.570928
78 -74 1559.568264
80 -74 1559.565988
82 -74 1559.564110
84 -74 1559.562640
86 -74 1559.561585
88 -74 1559.560950
90 -74 1559.560738
92 -74 1559.560950
94 -74 1559.561585
96 -74 1559.562640
98 -74 1559.564110
100 -74 1559.565988
102 -74 1559.568264
104 -74 1559.570928
106 -74 1559.573966
108 -74 1559.577364
110 -74 1559.581105
112 -74 1559.585171
114 -74 1559.589542
116 -74 1559.594197
118 -74 1559.599114
120 -74 1559.604267
122 -74 1559.609633
124 -74 1559.615184
126 -74 1559.620895
128 -74 1559.626737
130 -74 1559.632681
132 -74 1559.638699
134 -74 1559.644762
136 -74 1559.650839
138 -74 1559.656902
140 -74 1559.662920
142 -74 1559.668865
144 -74 1559.674707
146 -74 1559.680419
148 -74 1559.685971
150 -74 1559.691337
152 -74 1559.696492
154 -74 1559.701409
156 -74 1559.706065
158 -74 1559.710437
160 -74 1559.714505
162 -74 1559.718247
164 -74 1559.721646
166 -74 1559.724685
168 -74 1559.727349
170 -74 1559.729626
172 -74 1559.731505
174 -74 1559.732975
176 -74 1559.734031
178 -74 1559.734666
180 -74 1559.734878
182 -74 1559.734666
184 -74 1559.734031
186 -74 1559.732975
188 -74 1559.731505
190 -74 1559.729626
192 -74 1559.727349
194 -74 1559.724685
196 -74 1559.721646
198 -74 1559.718247
200 -74 1559.714505
202 -74 1559.710437
204 -74 1559.706065
206 -74 1559.701409
208 -74 1559.696492
210 -74 1559.691337
212 -74 1559.685971
214 -74 1559.680419
216 -74 1559.674707
218 -74 1559.668865
220 -74 1559.662920
222 -74 1559.656902
224 -74 1559.650839
226 -74 1559.644762
228 -74 1559.638699
230 -74 1559.632681
232 -74 1559.626737
234 -74 1559.620895
236 -74 1559.615184
238 -74 1559.609633
240 -74 1559.604267
242 -74 1559.599114
244 -74 1559.594197
246 -74 1559.589542
248 -74 1559.585171
250 -74 1559.581105
252 -74 1559.577364
254 -74 1559.573966
256 -74 1559.570928
258 -74 1559.568264
260 -74 1559.565988
262 -74 1559.564110
264 -74 1559.562640
266 -74 1559.561585
268 -74 1559.560950
270 -74 1559.560738
272 -74 1559.560950
274 -74 1559.561585
276 -74 1559.562640
278 -74 1559.564110
280 -74 1559.565988
282 -74 1559.568264
284 -74 1559.570928
286 -74 1559.573966
288 -74 1559.577364
290 -74 1559.581105
292 -74 1559.585171
294 -74 1559.589542
296 -74 1559.594197
298 -74 1559.599114
300 -74 1559.604267
302 -74 1559.609633
304 -74 1559.615184
306 -74 1559.620895
308 -74 1559.626737
310 -74 1559.632681
312 -74 1559.638699
314 -74 1559.644762
316 -74 1559.650839
318 -74 1559.656902
320 -74 1559.662920
322 -74 1559.668865
324 -74 1559.674707
326 -74 1559.680419
328 -74 1559.685971
330 -74 1559.691337
332 -74 1559.696492
334 -74 1559.701409
336 -74 1559.706065
338 -74 1559.710437
340 -74 1559.714505
342 -74 1559.718247
344 -74 1559.721646
346 -74 1559.724685
348 -74 1559.727349
350 -74 1559.729626
352 -74 1559.731505
354 -74 1559.732975
356 -74 1559.734031
358 -74 1559.734666
360 -74 1559.734878
0 -72 1559.795227
2 -72 1559.794960
4 -72 1559.794162
6 -72 1559.792835
8 -72 1559.790987
10 -72 1559.788626
12 -72 1559.785763
14 -72 1559.782414
16 -72 1559.778594
18 -72 1559.774321
20 -72 1559.769617
22 -72 1559.764505
24 -72 1559.759009
26 -72 1559.753157
28 -72 1559.746976
30 -72 1559.740497
32 -72 1559.733751
34 -72 1559.726772
36 -72 1559.719593
38 -72 1559.712250
40 -72 1559.704777
42 -72 1559.697212
44 -72 1559.689592
46 -72 1559.681953
48 -72 1559.674332
50 -72 1559.666768
52 -72 1559.659296
54 -72 1559.651953
56 -72 1559.644775
58 -72 1559.637797
60 -72 1559.631053
62 -72 1559.624576
64 -72 1559.618396
66 -72 1559.612545
68 -72 1559.607051
70 -72 1559.601940
72 -72 1559.597238
74 -72 1559.592967
76 -72 1559.589148
78 -72 1559.585800
80 -72 1559.582939
82 -72 1559.580579
84 -72 1559.578731
86 -72 1559.577405
88 -72 1559.576607
90 -72 1559.576340
92 -72 1559.576607
94 -72 1559.577405
96 -72 1559.578731
98 -72 1559.580579
100 -72 1559.582939
102 -72 1559.585800
104 -72 1559.589148
106 -72 1559.592967
108 -72 1559.597238
110 -72 1559.601940
112 -72 1559.607051
114 -72 1559.612545
116 -72 1559.618396
118 -72 1559.624576
120 -72 1559.631053
122 -72 1559.637797
124 -72 1559.644775
126 -72 1559.651953
128 -72 1559.659296
130 -72 1559.666768
132 -72 1559.674332
134 -72 1559.681953
136 -72 1559.689592
138 -72 1559.697212
140 -72 1559.704777
142 -72 1559.712250
144 -72 1559.719593
146 -72 1559.726772
148 -72 1559.733751
150 -72 1559.740497
152 -72 1559.746976
154 -72 1559.753157
156 -72 1559.759009
158 -72 1559.764505
160 -72 1559.769617
162 -72 1559.774321
164 -72 1559.778594
166 -72 1559.782414
168 -72 1559.785763
170 -72 1559.788626
172 -72 1559.790987
174 -72 1559.792835
176 -72 1559.794162
178 -72 1559.794960
180 -72 1559.795227
182 -72 1559.794960
184 -72 1559.794162
186 -72 1559.792835
188 -72 1559.790987
190 -72 1559.788626
192 -72 1559.785763
194 -72 1559.782414
196 -72 1559.778594
198 -72 1559.774321
200 -72 1559.769617
202 -72 1559.764505
204 -72 1559.759009
206 -72 1559.753157
208 -72 1559.746976
210 -72 1559.740497
212 -72 1559.733751
214 -72 1559.726772
216 -72 1559.719593
218 -72 1559.712250
220 -72 1559.704777
222 -72 1559.697212
224 -72 1559.689592
226 -72 1559.681953
228 -72 1559.674332
230 -72 1559.666768
232 -72 1559.659296
234 -72 1559.651953
236 -72 1559.644775
238 -72 1559.637797
240 -72 1559.631053
242 -72 1559.624576
244 -72 1559.618396
246 -72 1559.612545
248 -72 1559.607051
250 -72 1559.601940
252 -72 1559.597238
254 -72 1559.592967
256 -72 1559.589148
258 -72 1559.585800
260 -72 1559.582939
262 -72 1559.580579
264 -72 1559.578731
266 -72 1559.577405
268 -72 1559.576607
270 -72 1559.576340
272 -72 1559.576607
274 -72 1559.577405
276 -72 1559.578731
278 -72 1559.580579
280 -72 1559.582939
282 -72 1559.585800
284 -72 1559.589148
286 -72 1559.592967
288 -72 1559.597238
290 -72 1559.601940
292 -72 1559.607051
294 -72 1559.612545
296 -72 1559.618396
298 -72 1559.624576
300 -72 1559.631053
302 -72 1559.637797
304 -72 1559.644775
306 -72 1559.651953
308 -72 1559.659296
310 -72 1559.666768
312 -72 1559.674332
314 -72 1559.681953
316 -72 1559.689592
318 -72 1559.697212
320 -72 1559.704777
322 -72 1559.712250
324 -72 1559.719593
326 -72 1559.726772
328 -72 1559.733751
330 -72 1559.740497
332 -72 1559.746976
334 -72 1559.753157
336 -72 1559.759009
338 -72 1559.764505
340 -72 1559.769617
342 -72 1559.774321
344 -72 1559.778594
346 -72 1559.782414
348 -72 1559.785763
350 -72 1559.788626
352 -72 1559.790987
354 -72 1559.792835
356 -72 1559.794162
358 -72 1559.794960
360 -72 1559.795227
0 -70 1559.861678
2 -70 1559.861352
4 -70 1559.860373
6 -70 1559.858748
8 -70 1559.856483
10 -70 1559.853590
12 -70 1559.850084
14 -70 1559.845980
16 -70 1559.841300
18 -70 1559.836066
20 -70 1559.830303
22 -70 1559.824039
24 -70 1559.817306
26 -70 1559.810136
28 -70 1559.802563
30 -70 1559.794626
32 -70 1559.786361
34 -70 1559.777811
36 -70 1559.769016
38 -70 1559.760019
40 -70 1559.750865
42 -70 1559.741597
44 -70 1559.732261
46 -70 1559.722902
48 -70 1559.713566
50 -70 1559.704299
52 -70 1559.695145
54 -70 1559.686150
56 -70 1559.677357
58 -70 1559.668808
60 -70 1559.660546
62 -70 1559.652610
64 -70 1559.645040
66 -70 1559.637872
68 -70 1559.631141
70 -70 1559.624880
72 -70 1559.619120
74 -70 1559.613888
76 -70 1559.609209
78 -70 1559.605108
80 -70 1559.601603
82 -70 1559.598711
84 -70 1559.596448
86 -70 1559.594823
88 -70 1559.593845
90 -70 1559.593519
92 -70 1559.593845
94 -70 1559.594823
96 -70 1559.596448
98 -70 1559.598711
100 -70 1559.601603
102 -70 1559.605108
104 -70 1559.609209
106 -70 1559.613888
108 -70 1559.619120
110 -70 1559.624880
112 -70 1559.631141
114 -70 1559.637872
116 -70 1559.645040
118 -70 1559.652610
120 -70 1559.660546
122 -70 1559.668808
124 -70 1559.677357
126 -70 1559.686150
128 -70 1559.695145
130 -70 1559.704299
132 -70 1559.713566
134 -70 1559.722902
136 -70 1559.732261
138 -70 1559.741597
140 -70 1559.750865
142 -70 1559.760019
144 -70 1559.769016
146 -70 1559.777811
148 -70 1559.786361
150 -70 1559.794626
152 -70 1559.802563
154 -70 1559.810136
156 -70 1559.817306
158 -70 1559.824039
160 -70 1559.830303
162 -70 1559.836066
164 -70 1559.841300
166 -70 1559.845980
168 -70 1559.850084
170 -70 1559.853590
172 -70 1559.856483
174 -70 1559.858748
176 -70 1559.860373
178 -70 1559.861352
180 -70 1559.861678
182 -70 1559.861352
184 -70 1559.860373
186 -70 1559.858748
188 -70 1559.856483
190 -70 1559.853590
192 -70 1559.850084
194 -70 1559.845980
196 -70 1559.841300
198 -70 1559.836066
200 -70 1559.830303
202 -70 1559.824039
204 -70 1559.817306
206 -70 1559.810136
208 -70 1559.802563
210 -70 1559.794626
212 -70 1559.786361
214 -70 1559.777811
216 -70 1559.769016
218 -70 1559.760019
220 -70 1559.750865
222 -70 1559.741597
224 -70 1559.732261
226 -70 1559.722902
228 -70 1559.713566
230 -70 1559.704299
232 -70 1559.695145
234 -70 1559.686150
236 -70 1559.677357
238 -70 1559.668808
240 -70 1559.660546
242 -70 1559.652610
244 -70 1559.645040
246 -70 1559.637872
248 -70 1559.631141
250 -70 1559.624880
252 -70 1559.619120
254 -70 1559.613888
256 -70 1559.609209
258 -70 1559.605108
260 -70 1559.601603
262 -70 1559.598711
264 -70 1559.596448
266 -70 1559.594823
268 -70 1559.593845
270 -70 1559.593519
272 -70 1559.593845
274 -70 1559.594823
276 -70 1559.596448
278 -70 1559.598711
280 -70 1559.601603
282 -70 1559.605108
284 -70 1559.609209
286 -70 1559.613888
288 -70 1559.619120
290 -70 1559.624880
292 -70 1559.631141
294 -70 1559.637872
296 -70 1559.645040
298 -70 1559.652610
300 -70 1559.660546
302 -70 1559.668808
304 -70 1559.677357
306 -70 1559.686150
308 -70 1559.695145
310 -70 1559.704299
312 -70 1559.713566
314 -70 1559.722902
316 -70 1559.732261
318 -70 1559.741597
320 -70 1559.750865
322 -70 1559.760019
324 -70 1559.769016
326 -70 1559.777811
328 -70 1559.786361
330 -70 1559.794626
332 -70 1559.802563
334 -70 1559.810136
336 -70 1559.817306
338 -70 1559.824039
340 -70 1559.830303
342 -70 1559.836066
344 -70 1559.841300
346 -70 1559.845980
348 -70 1559.850084
350 -70 1559.853590
352 -70 1559.856483
354 -70 1559.858748
356 -70 1559.860373
358 -70 1559.861352
360 -70 1559.861678
0 -68 1559.933911
2 -68 1559.933519
4 -68 1559.932345
6 -68 1559.930394
8 -68 1559.927677
10 -68 1559.924207
12 -68 1559.919999
14 -68 1559.915076
16 -68 1559.909461
18 -68 1559.903180
20 -68 1559.896266
22 -68 1559.888752
24 -68 1559.880673
26 -68 1559.872070
28 -68 1559.862985
30 -68 1559.853462
32 -68 1559.843547
34 -68 1559.833288
36 -68 1559.822736
38 -68 1559.811942
40 -68 1559.800959
42 -68 1559.789840
44 -68 1559.778639
46 -68 1559.767411
48 -68 1559.756211
50 -68 1559.745093
52 -68 1559.734111
54 -68 1559.723319
56 -68 1559.712769
58 -68 1559.702514
60 -68 1559.692601
62 -68 1559.683081
64 -68 1559.673999
66 -68 1559.665400
68 -68 1559.657325
70 -68 1559.649814
72 -68 1559.642903
74 -68 1559.636626
76 -68 1559.631013
78 -68 1559.626093
80 -68 1559.621888
82 -68 1559.618419
84 -68 1559.615704
86 -68 1559.613755
88 -68 1559.612582
90 -68 1559.612190
92 -68 1559.612582
94 -68 1559.613755
96 -68 1559.615704
98 -68 1559.618419
100 -68 1559.621888
102 -68 1559.626093
104 -68 1559.631013
106 -68 1559.636626
108 -68 1559.642903
110 -68 1559.649814
112 -68 1559.657325
114 -68 1559.665400
116 -68 1559.673999
118 -68 1559.683081
120 -68 1559.692601
122 -68 1559.702514
124 -68 1559.712769
126 -68 1559.723319
128 -68 1559.734111
130 -68 1559.745093
132 -68 1559.756211
134 -68 1559.767411
136 -68 1559.778639
138 -68 1559.789840
140 -68 1559.800959
142 -68 1559.811942
144 -68 1559.822736
146 -68 1559.833288
148 -68 1559.843547
150 -68 1559.853462
152 -68 1559.862985
154 -68 1559.872070
156 -68 1559.880673
158 -68 1559.888752
160 -68 1559.896266
162 -68 1559.903180
164 -68 1559.909461
166 -68 1559.915076
168 -68 1559.919999
170 -68 1559.924207
172 -68 1559.927677
174 -68 1559.930394
176 -68 1559.932345
178 -68 1559.933519
180 -68 1559.933911
182 -68 1559.933519
184 -68 1559.932345
186 -68 1559.930394
188 -68 1559.927677
190 -68 1559.924207
192 -68 1559.919999
194 -68 1559.915076
196 -68 1559.909461
198 -68 1559.903180
200 -68 1559.896266
202 -68 1559.888752
204 -68 1559.880673
206 -68 1559.872070
208 -68 1559.862985
210 -68 1559.853462
212 -68 1559.843547
214 -68 1559.833288
216 -68 1559.822736
218 -68 1559.811942
220 -68 1559.800959
222 -68 1559.789840
224 -68 1559.778639
226 -68 1559.767411
228 -68 1559.756211
230 -68 1559.745093
232 -68 1559.734111
234 -68 1559.723319
236 -68 1559.712769
238 -68 1559.702514
240 -68 1559.692601
242 -68 1559.683081
244 -68 1559.673999
246 -68 1559.665400
248 -68 1559.657325
250 -68 1559.649814
252 -68 1559.642903
254 -68 1559.636626
256 -68 1559.631013
258 -68 1559.626093
260 -68 1559.621888
262 -68 1559.618419
264 -68 1559.615704
266 -68 1559.613755
268 -68 1559.612582
270 -68 1559.612190
272 -68 1559.612582
274 -68 1559.613755
276 -68 1559.615704
278 -68 1559.618419
280 -68 1559.621888
282 -68 1559.626093
284 -68 1559.631013
286 -68 1559.636626
288 -68 1559.642903
290 -68 1559.649814
292 -68 1559.657325
294 -68 1559.665400
296 -68 1559.673999
298 -68 1559.683081
300 -68 1559.692601
302 -68 1559.702514
304 -68 1559.712769
306 -68 1559.723319
308 -68 1559.734111
310 -68 1559.745093
312 -68 1559.756211
314 -68 1559.767411
316 -68 1559.778639
318 -68 1559.789840
320 -68 1559.800959
322 -68 1559.811942
324 -68 1559.822736
326 -68 1559.833288
328 -68 1559.843547
330 -68 1559.853462
332 -68 1559.862985
334 -68 1559.872070
336 -68 1559.880673
338 -68 1559.888752
340 -68 1559.896266
342 -68 1559.903180
344 -68 1559.909461
346 -68 1559.915076
348 -68 1559.919999
350 -68 1559.924207
352 -68 1559.927677
354 -68 1559.930394
356 -68 1559.932345
358 -68 1559.933519
360 -68 1559.933911
0 -66 1560.011574
2 -66 1560.011112
4 -66 1560.009728
6 -66 1560.007428
8 -66 1560.004224
10 -66 1560.000132
12 -66 1559.995172
14 -66 1559.989367
16 -66 1559.982746
18 -66 1559.975341
20 -66 1559.967189
22 -66 1559.958329
24 -66 1559.948804
26 -66 1559.938661
28 -66 1559.927949
30 -66 1559.916720
32 -66 1559.905030
34 -66 1559.892935
36 -66 1559.880494
38 -66 1559.867768
40 -66 1559.854818
42 -66 1559.841709
44 -66 1559.828503
46 -66 1559.815265
48 -66 1559.802060
50 -66 1559.788952
52 -66 1559.776004
54 -66 1559.763280
56 -66 1559.750842
58 -66 1559.738751
60 -66 1559.727065
62 -66 1559.715841
64 -66 1559.705133
66 -66 1559.694995
68 -66 1559.685475
70 -66 1559.676620
72 -66 1559.668472
74 -66 1559.661072
76 -66 1559.654455
78 -66 1559.648654
80 -66 1559.643696
82 -66 1559.639607
84 -66 1559.636406
86 -66 1559.634108
88 -66 1559.632725
90 -66 1559.632263
92 -66 1559.632725
94 -66 1559.634108
96 -66 1559.636406
98 -66 1559.639607
100 -66 1559.643696
102 -66 1559.648654
104 -66 1559.654455
106 -66 1559.661072
108 -66 1559.668472
110 -66 1559.676620
112 -66 1559.685475
114 -66 1559.694995
116 -66 1559.705133
118 -66 1559.715841
120 -66 1559.727065
122 -66 1559.738751
124 -66 1559.750842
126 -66 1559.763280
128 -66 1559.776004
130 -66 1559.788952
132 -66 1559.802060
134 -66 1559.815265
136 -66 1559.828503
138 -66 1559.841709
140 -66 1559.854818
142 -66 1559.867768
144 -66 1559.880494
146 -66 1559.892935
148 -66 1559.905030
150 -66 1559.916720
152 -66 1559.927949
154 -66 1559.938661
156 -66 1559.948804
158 -66 1559.958329
160 -66 1559.967189
162 -66 1559.975341
164 -66 1559.982746
166 -66 1559.989367
168 -66 1559.995172
170 -66 1560.000132
172 -66 1560.004224
174 -66 1560.007428
176 -66 1560.009728
178 -66 1560.011112
180 -66 1560.011574
182 -66 1560.011112
184 -66 1560.009728
186 -66 1560.007428
188 -66 1560.004224
190 -66 1560.000132
192 -66 1559.995172
194 -66 1559.989367
196 -66 1559.982746
198 -66 1559.975341
200 -66 1559.967189
202 -66 1559.958329
204 -66 1559.948804
206 -66 1559.938661
208 -66 1559.927949
210 -66 1559.916720
212 -66 1559.905030
214 -66 1559.892935
216 -66 1559.880494
218 -66 1559.867768
220 -66 1559.854818
222 -66 1559.841709
224 -66 1559.828503
226 -66 1559.815265
228 -66 1559.802060
230 -66 1559.788952
232 -66 1559.776004
234 -66 1559.763280
236 -66 1559.750842
238 -66 1559.738751
240 -66 1559.727065
242 -66 1559.715841
244 -66 1559.705133
246 -66 1559.694995
248 -66 1559.685475
250 -66 1559.676620
252 -66 1559.668472
254 -66 1559.661072
256 -66 1559.654455
258 -66 1559.648654
260 -66 1559.643696
262 -66 1559.639607
264 -66 1559.636406
266 -66 1559.634108
268 -66 1559.632725
270 -66 1559.632263
272 -66 1559.632725
274 -66 1559.634108
276 -66 1559.636406
278 -66 1559.639607
280 -66 1559.643696
282 -66 1559.648654
284 -66 1559.654455
286 -66 1559.661072
288 -66 1559.668472
290 -66 1559.676620
292 -66 1559.685475
294 -66 1559.694995
296 -66 1559.705133
298 -66 1559.715841
300 -66 1559.727065
302 -66 1559.738751
304 -66 1559.750842
306 -66 1559.763280
308 -66 1559.776004
310 -66 1559.788952
312 -66 1559.802060
314 -66 1559.815265
316 -66 1559.828503
318 -66 1559.841709
320 -66 1559.854818
322 -66 1559.867768
324 -66 1559.880494
326 -66 1559.892935
328 -66 1559.905030
330 -66 1559.916720
332 -66 1559.927949
334 -66 1559.938661
336 -66 1559.948804
338 -66 1559.958329
340 -66 1559.967189
342 -66 1559.975341
344 -66 1559.982746
346 -66 1559.989367
348 -66 1559.995172
350 -66 1560.000132
352 -66 1560.004224
354 -66 1560.007428
356 -66 1560.009728
358 -66 1560.011112
360 -66 1560.011574
0 -64 1560.094293
2 -64 1560.093756
4 -64 1560.092148
6 -64 1560.089476
8 -64 1560.085754
10 -64 1560.081000
12 -64 1560.075237
14 -64 1560.068493
16 -64 1560.060801
18 -64 1560.052198
20 -64 1560.042727
22 -64 1560.032433
24 -64 1560.021368
26 -64 1560.009584
28 -64 1559.997139
30 -64 1559.984094
32 -64 1559.970513
34 -64 1559.956462
36 -64 1559.942009
38 -64 1559.927224
40 -64 1559.912180
42 -64 1559.896950
44 -64 1559.881609
46 -64 1559.866230
48 -64 1559.850890
50 -64 1559.835662
52 -64 1559.820621
54 -64 1559.805839
56 -64 1559.791390
58 -64 1559.777344
60 -64 1559.763768
62 -64 1559.750729
64 -64 1559.738291
66 -64 1559.726513
68 -64 1559.715454
70 -64 1559.705167
72 -64 1559.695702
74 -64 1559.687106
76 -64 1559.679419
78 -64 1559.672680
80 -64 1559.666922
82 -64 1559.662171
84 -64 1559.658453
86 -64 1559.655783
88 -64 1559.654176
90 -64 1559.653640
92 -64 1559.654176
94 -64 1559.655783
96 -64 1559.658453
98 -64 1559.662171
100 -64 1559.666922
102 -64 1559.672680
104 -64 1559.679419
106 -64 1559.687106
108 -64 1559.695702
110 -64 1559.705167
112 -64 1559.715454
114 -64 1559.726513
116 -64 1559.738291
118 -64 1559.750729
120 -64 1559.763768
122 -64 1559.777344
124 -64 1559.791390
126 -64 1559.805839
128 -64 1559.820621
130 -64 1559.835662
132 -64 1559.850890
134 -64 1559.866230
136 -64 1559.881609
138 -64 1559.896950
140 -64 1559.912180
142 -64 1559.927224
144 -64 1559.942009
146 -64 1559.956462
148 -64 1559.970513
150 -64 1559.984094
152 -64 1559.997139
154 -64 1560.009584
156 -64 1560.021368
158 -64 1560.032433
160 -64 1560.042727
162 -64 1560.052198
164 -64 1560.060801
166 -64 1560.068493
168 -64 1560.075237
170 -64 1560.081000
172 -64 1560.085754
174 -64 1560.089476
176 -64 1560.092148
178 -64 1560.093756
180 -64 1560.094293
182 -64 1560.093756
184 -64 1560.092148
186 -64 1560.089476
188 -64 1560.085754
190 -64 1560.081000
192 -64 1560.075237
194 -64 1560.068493
196 -64 1560.060801
198 -64 1560.052198
200 -64 1560.042727
202 -64 1560.032433
204 -64 1560.021368
206 -64 1560.009584
208 -64 1559.997139
210 -64 1559.984094
212 -64 1559.970513
214 -64 1559.956462
216 -64 1559.942009
218 -64 1559.927224
220 -64 1559.912180
222 -64 1559.896950
224 -64 1559.881609
226 -64 1559.866230
228 -64 1559.850890
230 -64 1559.835662
232 -64 1559.820621
234 -64 1559.805839
236 -64 1559.791390
238 -64 1559.777344
240 -64 1559.763768
242 -64 1559.750729
244 -64 1559.738291
246 -64 1559.726513
248 -64 1559.715454
250 -64 1559.705167
252 -64 1559.695702
254 -64 1559.687106
256 -64 1559.679419
258 -64 1559.672680
260 -64 1559.666922
262 -64 1559.662171
264 -64 1559.658453
266 -64 1559.655783
268 -64 1559.654176
270 -64 1559.653640
272 -64 1559.654176
274 -64 1559.655783
276 -64 1559.658453
278 -64 1559.662171
280 -64 1559.666922
282 -64 1559.672680
284 -64 1559.679419
286 -64 1559.687106
288 -64 1559.695702
290 -64 1559.705167
292 -64 1559.715454
294 -64 1559.726513
296 -64 1559.738291
298 -64 1559.750729
300 -64 1559.763768
302 -64 1559.777344
304 -64 1559.791390
306 -64 1559.805839
308 -64 1559.820621
310 -64 1559.835662
312 -64 1559.850890
314 -64 1559.866230
316 -64 1559.881609
318 -64 1559.896950
320 -64 1559.912180
322 -64 1559.927224
324 -64 1559.942009
326 -64 1559.956462
328 -64 1559.970513
330 -64 1559.984094
332 -64 1559.997139
334 -64 1560.009584
336 -64 1560.021368
338 -64 1560.032433
340 -64 1560.042727
342 -64 1560.052198
344 -64 1560.060801
346 -64 1560.068493
348 -64 1560.075237
350 -64 1560.081000
352 -64 1560.085754
354 -64 1560.089476
356 -64 1560.092148
358 -64 1560.093756
360 -64 1560.094293
0 -62 1560.181666
2 -62 1560.181050
4 -62 1560.179205
6 -62 1560.176141
8 -62 1560.171871
10 -62 1560.166417
12 -62 1560.159806
14 -62 1560.152070
16 -62 1560.143247
18 -62 1560.133379
20 -62 1560.122514
22 -62 1560.110706
24 -62 1560.098013
26 -62 1560.084496
28 -62 1560.070221
30 -62 1560.055258
32 -62 1560.039679
34 -62 1560.023561
36 -62 1560.006982
38 -62 1559.990023
40 -62 1559.972767
42 -62 1559.955298
44 -62 1559.937700
46 -62 1559.920060
48 -62 1559.902464
50 -62 1559.884997
52 -62 1559.867744
54 -62 1559.850790
56 -62 1559.834216
58 -62 1559.818105
60 -62 1559.802533
62 -62 1559.787578
64 -62 1559.773311
66 -62 1559.759802
68 -62 1559.747117
70 -62 1559.735318
72 -62 1559.724462
74 -62 1559.714602
76 -62 1559.705786
78 -62 1559.698056
80 -62 1559.691451
82 -62 1559.686003
84 -62 1559.681737
86 -62 1559.678675
88 -62 1559.676832
90 -62 1559.676217
92 -62 1559.676832
94 -62 1559.678675
96 -62 1559.681737
98 -62 1559.686003
100 -62 1559.691451
102 -62 1559.698056
104 -62 1559.705786
106 -62 1559.714602
108 -62 1559.724462
110 -62 1559.735318
112 -62 1559.747117
114 -62 1559.759802
116 -62 1559.773311
118 -62 1559.787578
120 -62 1559.802533
122 -62 1559.818105
124 -62 1559.834216
126 -62 1559.850790
128 -62 1559.867744
130 -62 1559.884997
132 -62 1559.902464
134 -62 1559.920060
136 -62 1559.937700
138 -62 1559.955298
140 -62 1559.972767
142 -62 1559.990023
144 -62 1560.006982
146 -62 1560.023561
148 -62 1560.039679
150 -62 1560.055258
152 -62 1560.070221
154 -62 1560.084496
156 -62 1560.098013
158 -62 1560.110706
160 -62 1560.122514
162 -62 1560.133379
164 -62 1560.143247
166 -62 1560.152070
168 -62 1560.159806
170 -62 1560.166417
172 -62 1560.171871
174 -62 1560.176141
176 -62 1560.179205
178 -62 1560.181050
180 -62 1560.181666
182 -62 1560.181050
184 -62 1560.179205
186 -62 1560.176141
188 -62 1560.171871
190 -62 1560.166417
192 -62 1560.159806
194 -62 1560.152070
196 -62 1560.143247
198 -62 1560.133379
200 -62 1560.122514
202 -62 1560.110706
204 -62 1560.098013
206 -62 1560.084496
208 -62 1560.070221
210 -62 1560.055258
212 -62 1560.039679
214 -62 1560.023561
216 -62 1560.006982
218 -62 1559.990023
220 -62 1559.972767
222 -62 1559.955298
224 -62 1559.937700
226 -62 1559.920060
228 -62 1559.902464
230 -62 1559.884997
232 -62 1559.867744
234 -62 1559.850790
236 -62 1559.834216
238 -62 1559.818105
240 -62 1559.802533
242 -62 1559.787578
244 -62 1559.773311
246 -62 1559.759802
248 -62 1559.747117
250 -62 1559.735318
252 -62 1559.724462
254 -62 1559.714602
256 -62 1559.705786
258 -62 1559.698056
260 -62 1559.691451
262 -62 1559.686003
264 -62 1559.681737
266 -62 1559.678675
268 -62 1559.676832
270 -62 1559.676217
272 -62 1559.676832
274 -62 1559.678675
276 -62 1559.681737
278 -62 1559.686003
280 -62 1559.691451
282 -62 1559.698056
284 -62 1559.705786
286 -62 1559.714602
288 -62 1559.724462
290 -62 1559.735318
292 -62 1559.747117
294 -62 1559.759802
296 -62 1559.773311
298 -62 1559.787578
300 -62 1559.802533
302 -62 1559.818105
304 -62 1559.834216
306 -62 1559.850790
308 -62 1559.867744
310 -62 1559.884997
312 -62 1559.902464
314 -62 1559.920060
316 -62 1559.937700
318 -62 1559.955298
320 -62 1559.972767
322 -62 1559.990023
324 -62 1560.006982
326 -62 1560.023561
328 -62 1560.039679
330 -62 1560.055258
332 -62 1560.070221
334 -62 1560.084496
336 -62 1560.098013
338 -62 1560.110706
340 -62 1560.122514
342 -62 1560.133379
344 -62 1560.143247
346 -62 1560.152070
348 -62 1560.159806
350 -62 1560.166417
352 -62 1560.171871
354 -62 1560.176141
356 -62 1560.179205
358 -62 1560.181050
360 -62 1560.181666
0 -60 1560.273270
2 -60 1560.272571
4 -60 1560.270478
6 -60 1560.267002
8 -60 1560.262158
10 -60 1560.255971
12 -60 1560.248471
14 -60 1560.239695
16 -60 1560.229684
18 -60 1560.218489
20 -60 1560.206164
22 -60 1560.192769
24 -60 1560.178369
26 -60 1560.163034
28 -60 1560.146840
30 -60 1560.129864
32 -60 1560.112191
34 -60 1560.093906
36 -60 1560.075099
38 -60 1560.055860
40 -60 1560.036284
42 -60 1560.016467
44 -60 1559.996504
46 -60 1559.976493
48 -60 1559.956532
50 -60 1559.936717
52 -60 1559.917146
54 -60 1559.897913
56 -60 1559.879112
58 -60 1559.860836
60 -60 1559.843172
62 -60 1559.826206
64 -60 1559.810023
66 -60 1559.794699
68 -60 1559.780310
70 -60 1559.766925
72 -60 1559.754611
74 -60 1559.743426
76 -60 1559.733425
78 -60 1559.724657
80 -60 1559.717165
82 -60 1559.710985
84 -60 1559.706146
86 -60 1559.702673
88 -60 1559.700583
90 -60 1559.699885
92 -60 1559.700583
94 -60 1559.702673
96 -60 1559.706146
98 -60 1559.710985
100 -60 1559.717165
102 -60 1559.724657
104 -60 1559.733425
106 -60 1559.743426
108 -60 1559.754611
110 -60 1559.766925
112 -60 1559.780310
114 -60 1559.794699
116 -60 1559.810023
118 -60 1559.826206
120 -60 1559.843172
122 -60 1559.860836
124 -60 1559.879112
126 -60 1559.897913
128 -60 1559.917146
130 -60 1559.936717
132 -60 1559.956532
134 -60 1559.976493
136 -60 1559.996504
138 -60 1560.016467
140 -60 1560.036284
142 -60 1560.055860
144 -60 1560.075099
146 -60 1560.093906
148 -60 1560.112191
150 -60 1560.129864
152 -60 1560.146840
154 -60 1560.163034
156 -60 1560.178369
158 -60 1560.192769
160 -60 1560.206164
162 -60 1560.218489
164 -60 1560.229684
166 -60 1560.239695
168 -60 1560.248471
170 -60 1560.255971
172 -60 1560.262158
174 -60 1560.267002
176 -60 1560.270478
178 -60 1560.272571
180 -60 1560.273270
182 -60 1560.272571
184 -60 1560.270478
186 -60 1560.267002
188 -60 1560.262158
190 -60 1560.255971
192 -60 1560.248471
194 -60 1560.239695
196 -60 1560.229684
198 -60 1560.218489
200 -60 1560.206164
202 -60 1560.192769
204 -60 1560.178369
206 -60 1560.163034
208 -60 1560.146840
210 -60 1560.129864
212 -60 1560.112191
214 -60 1560.093906
216 -60 1560.075099
218 -60 1560.055860
220 -60 1560.036284
222 -60 1560.016467
224 -60 1559.996504
226 -60 1559.976493
228 -60 1559.956532
230 -60 1559.936717
232 -60 1559.917146
234 -60 1559.897913
236 -60 1559.879112
238 -60 1559.860836
240 -60 1559.843172
242 -60 1559.826206
244 -60 1559.810023
246 -60 1559.794699
248 -60 1559.780310
250 -60 1559.766925
252 -60 1559.754611
254 -60 1559.743426
256 -60 1559.733425
258 -60 1559.724657
260 -60 1559.717165
262 -60 1559.710985
264 -60 1559.706146
266 -60 1559.702673
268 -60 1559.700583
270 -60 1559.699885
272 -60 1559.700583
274 -60 1559.702673
276 -60 1559.706146
278 -60 1559.710985
280 -60 1559.717165
282 -60 1559.724657
284 -60 1559.733425
286 -60 1559.743426
288 -60 1559.754611
290 -60 1559.766925
292 -60 1559.780310
294 -60 1559.794699
296 -60 1559.810023
298 -60 1559.826206
300 -60 1559.843172
302 -60 1559.860836
304 -60 1559.879112
306 -60 1559.897913
308 -60 1559.917146
310 -60 1559.936717
312 -60 1559.956532
314 -60 1559.976493
316 -60 1559.996504
318 -60 1560.016467
320 -60 1560.036284
322 -60 1560.055860
324 -60 1560.075099
326 -60 1560.093906
328 -60 1560.112191
330 -60 1560.129864
332 -60 1560.146840
334 -60 1560.163034
336 -60 1560.178369
338 -60 1560.192769
340 -60 1560.206164
342 -60 1560.218489
344 -60 1560.229684
346 -60 1560.239695
348 -60 1560.248471
350 -60 1560.255971
352 -60 1560.262158
354 -60 1560.267002
356 -60 1560.270478
358 -60 1560.272571
360 -60 1560.273270
0 -58 1560.368661
2 -58 1560.367876
4 -58 1560.365525
6 -58 1560.361619
8 -58 1560.356177
10 -58 1560.349226
12 -58 1560.340801
14 -58 1560.330940
16 -58 1560.319694
18 -58 1560.307117
20 -58 1560.293271
22 -58 1560.278222
24 -58 1560.262044
26 -58 1560.244816
28 -58 1560.226623
30 -58 1560.207553
32 -58 1560.187698
34 -58 1560.167157
36 -58 1560.146028
38 -58 1560.124415
40 -58 1560.102424
42 -58 1560.080161
44 -58 1560.057735
46 -58 1560.035255
48 -58 1560.012830
50 -58 1559.990571
52 -58 1559.968585
54 -58 1559.946980
56 -58 1559.925860
58 -58 1559.905329
60 -58 1559.885486
62 -58 1559.866428
64 -58 1559.848248
66 -58 1559.831034
68 -58 1559.814871
70 -58 1559.799835
72 -58 1559.786002
74 -58 1559.773438
76 -58 1559.762204
78 -58 1559.752355
80 -58 1559.743939
82 -58 1559.736996
84 -58 1559.731561
86 -58 1559.727660
88 -58 1559.725311
90 -58 1559.724527
92 -58 1559.725311
94 -58 1559.727660
96 -58 1559.731561
98 -58 1559.736996
100 -58 1559.743939
102 -58 1559.752355
104 -58 1559.762204
106 -58 1559.773438
108 -58 1559.786002
110 -58 1559.799835
112 -58 1559.814871
114 -58 1559.831034
116 -58 1559.848248
118 -58 1559.866428
120 -58 1559.885486
122 -58 1559.905329
124 -58 1559.925860
126 -58 1559.946980
128 -58 1559.968585
130 -58 1559.990571
132 -58 1560.012830
134 -58 1560.035255
136 -58 1560.057735
138 -58 1560.080161
140 -58 1560.102424
142 -58 1560.124415
144 -58 1560.146028
146 -58 1560.167157
148 -58 1560.187698
150 -58 1560.207553
152 -58 1560.226623
154 -58 1560.244816
156 -58 1560.262044
158 -58 1560.278222
160 -58 1560.293271
162 -58 1560.307117
164 -58 1560.319694
166 -58 1560.330940
168 -58 1560.340801
170 -58 1560.349226
172 -58 1560.356177
174 -58 1560.361619
176 -58 1560.365525
178 -58 1560.367876
180 -58 1560.368661
182 -58 1560.367876
184 -58 1560.365525
186 -58 1560.361619
188 -58 1560.356177
190 -58 1560.349226
192 -58 1560.340801
194 -58 1560.330940
196 -58 1560.319694
198 -58 1560.307117
200 -58 1560.293271
202 -58 1560.278222
204 -58 1560.262044
206 -58 1560.244816
208 -58 1560.226623
210 -58 1560.207553
212 -58 1560.187698
214 -58 1560.167157
216 -58 1560.146028
218 -58 1560.124415
220 -58 1560.102424
222 -58 1560.080161
224 -58 1560.057735
226 -58 1560.035255
228 -58 1560.012830
230 -58 1559.990571
232 -58 1559.968585
234 -58 1559.946980
236 -58 1559.925860
238 -58 1559.905329
240 -58 1559.885486
242 -58 1559.866428
244 -58 1559.848248
246 -58 1559.831034
248 -58 1559.814871
250 -58 1559.799835
252 -58 1559.786002
254 -58 1559.773438
256 -58 1559.762204
258 -58 1559.752355
260 -58 1559.743939
262 -58 1559.736996
264 -58 1559.731561
266 -58 1559.727660
268 -58 1559.725311
270 -58 1559.724527
272 -58 1559.725311
274 -58 1559.727660
276 -58 1559.731561
278 -58 1559.736996
280 -58 1559.743939
282 -58 1559.752355
284 -58 1559.762204
286 -58 1559.773438
288 -58 1559.786002
290 -58 1559.799835
292 -58 1559.814871
294 -58 1559.831034
296 -58 1559.848248
298 -58 1559.866428
300 -58 1559.885486
302 -58 1559.905329
304 -58 1559.925860
306 -58 1559.946980
308 -58 1559.968585
310 -58 1559.990571
312 -58 1560.012830
314 -58 1560.035255
316 -58 1560.057735
318 -58 1560.080161
320 -58 1560.102424
322 -58 1560.124415
324 -58 1560.146028
326 -58 1560.167157
328 -58 1560.187698
330 -58 1560.207553
332 -58 1560.226623
334 -58 1560.244816
336 -58 1560.262044
338 -58 1560.278222
340 -58 1560.293271
342 -58 1560.307117
344 -58 1560.319694
346 -58 1560.330940
348 -58 1560.340801
350 -58 1560.349226
352 -58 1560.356177
354 -58 1560.361619
356 -58 1560.365525
358 -58 1560.367876
360 -58 1560.368661
0 -56 1560.467376
2 -56 1560.466502
4 -56 1560.463883
6 -56 1560.459533
8 -56 1560.453473
10 -56 1560.445731
12 -56 1560.436347
14 -56 1560.425365
16 -56 1560.412840
18 -56 1560.398833
20 -56 1560.383411
22 -56 1560.366651
24 -56 1560.348633
26 -56 1560.329447
28 -56 1560.309185
30 -56 1560.287946
32 -56 1560.265834
34 -56 1560.242957
36 -56 1560.219426
38 -56 1560.195356
40 -56 1560.170864
42 -56 1560.146070
44 -56 1560.121095
46 -56 1560.096060
48 -56 1560.071087
50 -56 1560.046297
52 -56 1560.021813
54 -56 1559.997752
56 -56 1559.974232
58 -56 1559.951368
60 -56 1559.929270
62 -56 1559.908047
64 -56 1559.887801
66 -56 1559.868632
68 -56 1559.850631
70 -56 1559.833888
72 -56 1559.818483
74 -56 1559.804492
76 -56 1559.791982
78 -56 1559.781014
80 -56 1559.771641
82 -56 1559.763910
84 -56 1559.757858
86 -56 1559.753513
88 -56 1559.750898
90 -56 1559.750025
92 -56 1559.750898
94 -56 1559.753513
96 -56 1559.757858
98 -56 1559.763910
100 -56 1559.771641
102 -56 1559.781014
104 -56 1559.791982
106 -56 1559.804492
108 -56 1559.818483
110 -56 1559.833888
112 -56 1559.850631
114 -56 1559.868632
116 -56 1559.887801
118 -56 1559.908047
120 -56 1559.929270
122 -56 1559.951368
124 -56 1559.974232
126 -56 1559.997752
128 -56 1560.021813
130 -56 1560.046297
132 -56 1560.071087
134 -56 1560.096060
136 -56 1560.121095
138 -56 1560.146070
140 -56 1560.170864
142 -56 1560.195356
144 -56 1560.219426
146 -56 1560.242957
148 -56 1560.265834
150 -56 1560.287946
152 -56 1560.309185
154 -56 1560.329447
156 -56 1560.348633
158 -56 1560.366651
160 -56 1560.383411
162 -56 1560.398833
164 -56 1560.412840
166 -56 1560.425365
168 -56 1560.436347
170 -56 1560.445731
172 -56 1560.453473
174 -56 1560.459533
176 -56 1560.463883
178 -56 1560.466502
180 -56 1560.467376
182 -56 1560.466502
184 -56 1560.463883
186 -56 1560.459533
188 -56 1560.453473
190 -56 1560.445731
192 -56 1560.436347
194 -56 1560.425365
196 -56 1560.412840
198 -56 1560.398833
200 -56 1560.383411
202 -56 1560.366651
204 -56 1560.348633
206 -56 1560.329447
208 -56 1560.309185
210 -56 1560.287946
212 -56 1560.265834
214 -56 1560.242957
216 -56 1560.219426
218 -56 1560.195356
220 -56 1560.170864
222 -56 1560.146070
224 -56 1560.121095
226 -56 1560.096060
228 -56 1560.071087
230 -56 1560.046297
232 -56 1560.021813
234 -56 1559.997752
236 -56 1559.974232
238 -56 1559.951368
240 -56 1559.929270
242 -56 1559.908047
244 -56 1559.887801
246 -56 1559.868632
248 -56 1559.850631
250 -56 1559.833888
252 -56 1559.818483
254 -56 1559.804492
256 -56 1559.791982
258 -56 1559.781014
260 -56 1559.771641
262 -56 1559.763910
264 -56 1559.757858
266 -56 1559.753513
268 -56 1559.750898
270 -56 1559.750025
272 -56 1559.750898
274 -56 1559.753513
276 -56 1559.757858
278 -56 1559.763910
280 -56 1559.771641
282 -56 1559.781014
284 -56 1559.791982
286 -56 1559.804492
288 -56 1559.818483
290 -56 1559.833888
292 -56 1559.850631
294 -56 1559.868632
296 -56 1559.887801
298 -56 1559.908047
300 -56 1559.929270
302 -56 1559.951368
304 -56 1559.974232
306 -56 1559.997752
308 -56 1560.021813
310 -56 1560.046297
312 -56 1560.071087
314 -56 1560.096060
316 -56 1560.121095
318 -56 1560.146070
320 -56 1560.170864
322 -56 1560.195356
324 -56 1560.219426
326 -56 1560.242957
328 -56 1560.265834
330 -56 1560.287946
332 -56 1560.309185
334 -56 1560.329447
336 -56 1560.348633
338 -56 1560.366651
340 -56 1560.383411
342 -56 1560.398833
344 -56 1560.412840
346 -56 1560.425365
348 -56 1560.436347
350 -56 1560.445731
352 -56 1560.453473
354 -56 1560.459533
356 -56 1560.463883
358 -56 1560.466502
360 -56 1560.467376
0 -54 1560.568937
2 -54 1560.567970
4 -54 1560.565077
6 -54 1560.560269
8 -54 1560.553572
10 -54 1560.545017
12 -54 1560.534646
14 -54 1560.522511
16 -54 1560.508669
18 -54 1560.493190
20 -54 1560.476148
22 -54 1560.457627
24 -54 1560.437716
26 -54 1560.416514
28 -54 1560.394123
30 -54 1560.370653
32 -54 1560.346218
34 -54 1560.320938
36 -54 1560.294935
38 -54 1560.268337
40 -54 1560.241273
42 -54 1560.213875
44 -54 1560.186277
46 -54 1560.158612
48 -54 1560.131017
50 -54 1560.103625
52 -54 1560.076570
54 -54 1560.049983
56 -54 1560.023993
58 -54 1559.998729
60 -54 1559.974311
62 -54 1559.950860
64 -54 1559.928490
66 -54 1559.907308
68 -54 1559.887418
70 -54 1559.868918
72 -54 1559.851896
74 -54 1559.836436
76 -54 1559.822613
78 -54 1559.810495
80 -54 1559.800139
82 -54 1559.791596
84 -54 1559.784909
86 -54 1559.780108
88 -54 1559.777219
90 -54 1559.776254
92 -54 1559.777219
94 -54 1559.780108
96 -54 1559.784909
98 -54 1559.791596
100 -54 1559.800139
102 -54 1559.810495
104 -54 1559.822613
106 -54 1559.836436
108 -54 1559.851896
110 -54 1559.868918
112 -54 1559.887418
114 -54 1559.907308
116 -54 1559.928490
118 -54 1559.950860
120 -54 1559.974311
122 -54 1559.998729
124 -54 1560.023993
126 -54 1560.049983
128 -54 1560.076570
130 -54 1560.103625
132 -54 1560.131017
134 -54 1560.158612
136 -54 1560.186277
138 -54 1560.213875
140 -54 1560.241273
142 -54 1560.268337
144 -54 1560.294935
146 -54 1560.320938
148 -54 1560.346218
150 -54 1560.370653
152 -54 1560.394123
154 -54 1560.416514
156 -54 1560.437716
158 -54 1560.457627
160 -54 1560.476148
162 -54 1560.493190
164 -54 1560.508669
166 -54 1560.522511
168 -54 1560.534646
170 -54 1560.545017
172 -54 1560.553572
174 -54 1560.560269
176 -54 1560.565077
178 -54 1560.567970
180 -54 1560.568937
182 -54 1560.567970
184 -54 1560.565077
186 -54 1560.560269
188 -54 1560.553572
190 -54 1560.545017
192 -54 1560.534646
194 -54 1560.522511
196 -54 1560.508669
198 -54 1560.493190
200 -54 1560.476148
202 -54 1560.457627
204 -54 1560.437716
206 -54 1560.416514
208 -54 1560.394123
210 -54 1560.370653
212 -54 1560.346218
214 -54 1560.320938
216 -54 1560.294935
218 -54 1560.268337
220 -54 1560.241273
222 -54 1560.213875
224 -54 1560.186277
226 -54 1560.158612
228 -54 1560.131017
230 -54 1560.103625
232 -54 1560.076570
234 -54 1560.049983
236 -54 1560.023993
238 -54 1559.998729
240 -54 1559.974311
242 -54 1559.950860
244 -54 1559.928490
246 -54 1559.907308
248 -54 1559.887418
250 -54 1559.868918
252 -54 1559.851896
254 -54 1559.836436
256 -54 1559.822613
258 -54 1559.810495
260 -54 1559.800139
262 -54 1559.791596
264 -54 1559.784909
266 -54 1559.780108
268 -54 1559.777219
270 -54 1559.776254
272 -54 1559.777219
274 -54 1559.780108
276 -54 1559.784909
278 -54 1559.791596
280 -54 1559.800139
282 -54 1559.810495
284 -54 1559.822613
286 -54 1559.836436
288 -54 1559.851896
290 -54 1559.868918
292 -54 1559.887418
294 -54 1559.907308
296 -54 1559.928490
298 -54 1559.950860
300 -54 1559.974311
302 -54 1559.998729
304 -54 1560.023993
306 -54 1560.049983
308 -54 1560.076570
310 -54 1560.103625
312 -54 1560.131017
314 -54 1560.158612
316 -54 1560.186277
318 -54 1560.213875
320 -54 1560.241273
322 -54 1560.268337
324 -54 1560.294935
326 -54 1560.320938
328 -54 1560.346218
330 -54 1560.370653
332 -54 1560.394123
334 -54 1560.416514
336 -54 1560.437716
338 -54 1560.457627
340 -54 1560.476148
342 -54 1560.493190
344 -54 1560.508669
346 -54 1560.522511
348 -54 1560.534646
350 -54 1560.545017
352 -54 1560.553572
354 -54 1560.560269
356 -54 1560.565077
358 -54 1560.567970
360 -54 1560.568937
0 -52 1560.672849
2 -52 1560.671788
4 -52 1560.668613
6 -52 1560.663337
8 -52 1560.655988
10 -52 1560.646601
12 -52 1560.635221
14 -52 1560.621905
16 -52 1560.606716
18 -52 1560.589731
20 -52 1560.571031
22 -52 1560.550707
24 -52 1560.528859
26 -52 1560.505594
28 -52 1560.481025
30 -52 1560.455272
32 -52 1560.428460
34 -52 1560.400720
36 -52 1560.372189
38 -52 1560.343004
40 -52 1560.313307
42 -52 1560.283245
44 -52 1560.252963
46 -52 1560.222609
48 -52 1560.192330
50 -52 1560.162275
52 -52 1560.132589
54 -52 1560.103417
56 -52 1560.074902
58 -52 1560.047181
60 -52 1560.020391
62 -52 1559.994660
64 -52 1559.970115
66 -52 1559.946875
68 -52 1559.925052
70 -52 1559.904754
72 -52 1559.886079
74 -52 1559.869116
76 -52 1559.853950
78 -52 1559.840654
80 -52 1559.829292
82 -52 1559.819919
84 -52 1559.812582
86 -52 1559.807315
88 -52 1559.804145
90 -52 1559.803086
92 -52 1559.804145
94 -52 1559.807315
96 -52 1559.812582
98 -52 1559.819919
100 -52 1559.829292
102 -52 1559.840654
104 -52 1559.853950
106 -52 1559.869116
108 -52 1559.886079
110 -52 1559.904754
112 -52 1559.925052
114 -52 1559.946875
116 -52 1559.970115
118 -52 1559.994660
120 -52 1560.020391
122 -52 1560.047181
124 -52 1560.074902
126 -52 1560.103417
128 -52 1560.132589
130 -52 1560.162275
132 -52 1560.192330
134 -52 1560.222609
136 -52 1560.252963
138 -52 1560.283245
140 -52 1560.313307
142 -52 1560.343004
144 -52 1560.372189
146 -52 1560.400720
148 -52 1560.428460
150 -52 1560.455272
152 -52 1560.481025
154 -52 1560.505594
156 -52 1560.528859
158 -52 1560.550707
160 -52 1560.571031
162 -52 1560.589731
164 -52 1560.606716
166 -52 1560.621905
168 -52 1560.635221
170 -52 1560.646601
172 -52 1560.655988
174 -52 1560.663337
176 -52 1560.668613
178 -52 1560.671788
180 -52 1560.672849
182 -52 1560.671788
184 -52 1560.668613
186 -52 1560.663337
188 -52 1560.655988
190 -52 1560.646601
192 -52 1560.635221
194 -52 1560.621905
196 -52 1560.606716
198 -52 1560.589731
200 -52 1560.571031
202 -52 1560.550707
204 -52 1560.528859
206 -52 1560.505594
208 -52 1560.481025
210 -52 1560.455272
212 -52 1560.428460
214 -52 1560.400720
216 -52 1560.372189
218 -52 1560.343004
220 -52 1560.313307
222 -52 1560.283245
224 -52 1560.252963
226 -52 1560.222609
228 -52 1560.192330
230 -52 1560.162275
232 -52 1560.132589
234 -52 1560.103417
236 -52 1560.074902
238 -52 1560.047181
240 -52 1560.020391
242 -52 1559.994660
244 -52 1559.970115
246 -52 1559.946875
248 -52 1559.925052
250 -52 1559.904754
252 -52 1559.886079
254 -52 1559.869116
256 -52 1559.853950
258 -52 1559.840654
260 -52 1559.829292
262 -52 1559.819919
264 -52 1559.812582
266 -52 1559.807315
268 -52 1559.804145
270 -52 1559.803086
272 -52 1559.804145
274 -52 1559.807315
276 -52 1559.812582
278 -52 1559.819919
280 -52 1559.829292
282 -52 1559.840654
284 -52 1559.853950
286 -52 1559.869116
288 -52 1559.886079
290 -52 1559.904754
292 -52 1559.925052
294 -52 1559.946875
296 -52 1559.970115
298 -52 1559.994660
300 -52 1560.020391
302 -52 1560.047181
304 -52 1560.074902
306 -52 1560.103417
308 -52 1560.132589
310 -52 1560.162275
312 -52 1560.192330
314 -52 1560.222609
316 -52 1560.252963
318 -52 1560.283245
320 -52 1560.313307
322 -52 1560.343004
324 -52 1560.372189
326 -52 1560.400720
328 -52 1560.428460
330 -52 1560.455272
332 -52 1560.481025
334 -52 1560.505594
336 -52 1560.528859
338 -52 1560.550707
340 -52 1560.571031
342 -52 1560.589731
344 -52 1560.606716
346 -52 1560.621905
348 -52 1560.635221
350 -52 1560.646601
352 -52 1560.655988
354 -52 1560.663337
356 -52 1560.668613
358 -52 1560.671788
360 -52 1560.672849
0 -50 1560.778607
2 -50 1560.777451
4 -50 1560.773989
6 -50 1560.768237
8 -50 1560.760224
10 -50 1560.749990
12 -50 1560.737583
14 -50 1560.723064
16 -50 1560.706505
18 -50 1560.687986
20 -50 1560.667598
22 -50 1560.645440
24 -50 1560.621620
26 -50 1560.596255
28 -50 1560.569468
30 -50 1560.541391
32 -50 1560.512160
34 -50 1560.481917
36 -50 1560.450811
38 -50 1560.418993
40 -50 1560.386618
42 -50 1560.353843
44 -50 1560.320830
46 -50 1560.287737
48 -50 1560.254728
50 -50 1560.221962
52 -50 1560.189599
54 -50 1560.157797
56 -50 1560.126710
58 -50 1560.096490
60 -50 1560.067283
62 -50 1560.039233
64 -50 1560.012475
66 -50 1559.987140
68 -50 1559.963350
70 -50 1559.941222
72 -50 1559.920863
74 -50 1559.902372
76 -50 1559.885839
78 -50 1559.871345
80 -50 1559.858958
82 -50 1559.848741
84 -50 1559.840743
86 -50 1559.835001
88 -50 1559.831545
90 -50 1559.830392
92 -50 1559.831545
94 -50 1559.835001
96 -50 1559.840743
98 -50 1559.848741
100 -50 1559.858958
102 -50 1559.871345
104 -50 1559.885839
106 -50 1559.902372
108 -50 1559.920863
110 -50 1559.941222
112 -50 1559.963350
114 -50 1559.987140
116 -50 1560.012475
118 -50 1560.039233
120 -50 1560.067283
122 -50 1560.096490
124 -50 1560.126710
126 -50 1560.157797
128 -50 1560.189599
130 -50 1560.221962
132 -50 1560.254728
134 -50 1560.287737
136 -50 1560.320830
138 -50 1560.353843
140 -50 1560.386618
142 -50 1560.418993
144 -50 1560.450811
146 -50 1560.481917
148 -50 1560.512160
150 -50 1560.541391
152 -50 1560.569468
154 -50 1560.596255
156 -50 1560.621620
158 -50 1560.645440
160 -50 1560.667598
162 -50 1560.687986
164 -50 1560.706505
166 -50 1560.723064
168 -50 1560.737583
170 -50 1560.749990
172 -50 1560.760224
174 -50 1560.768237
176 -50 1560.773989
178 -50 1560.777451
180 -50 1560.778607
182 -50 1560.777451
184 -50 1560.773989
186 -50 1560.768237
188 -50 1560.760224
190 -50 1560.749990
192 -50 1560.737583
194 -50 1560.723064
196 -50 1560.706505
198 -50 1560.687986
200 -50 1560.667598
202 -50 1560.645440
204 -50 1560.621620
206 -50 1560.596255
208 -50 1560.569468
210 -50 1560.541391
212 -50 1560.512160
214 -50 1560.481917
216 -50 1560.450811
218 -50 1560.418993
220 -50 1560.386618
222 -50 1560.353843
224 -50 1560.320830
226 -50 1560.287737
228 -50 1560.254728
230 -50 1560.221962
232 -50 1560.189599
234 -50 1560.157797
236 -50 1560.126710
238 -50 1560.096490
240 -50 1560.067283
242 -50 1560.039233
244 -50 1560.012475
246 -50 1559.987140
248 -50 1559.963350
250 -50 1559.941222
252 -50 1559.920863
254 -50 1559.902372
256 -50 1559.885839
258 -50 1559.871345
260 -50 1559.858958
262 -50 1559.848741
264 -50 1559.840743
266 -50 1559.835001
268 -50 1559.831545
270 -50 1559.830392
272 -50 1559.831545
274 -50 1559.835001
276 -50 1559.840743
278 -50 1559.848741
280 -50 1559.858958
282 -50 1559.871345
284 -50 1559.885839
286 -50 1559.902372
288 -50 1559.920863
290 -50 1559.941222
292 -50 1559.963350
294 -50 1559.987140
296 -50 1560.012475
298 -50 1560.039233
300 -50 1560.067283
302 -50 1560.096490
304 -50 1560.126710
306 -50 1560.157797
308 -50 1560.189599
310 -50 1560.221962
312 -50 1560.254728
314 -50 1560.287737
316 -50 1560.320830
318 -50 1560.353843
320 -50 1560.386618
322 -50 1560.418993
324 -50 1560.450811
326 -50 1560.481917
328 -50 1560.512160
330 -50 1560.541391
332 -50 1560.569468
334 -50 1560.596255
336 -50 1560.621620
338 -50 1560.645440
340 -50 1560.667598
342 -50 1560.687986
344 -50 1560.706505
346 -50 1560.723064
348 -50 1560.737583
350 -50 1560.749990
352 -50 1560.760224
354 -50 1560.768237
356 -50 1560.773989
358 -50 1560.777451
360 -50 1560.778607
0 -48 1560.885698
2 -48 1560.884445
4 -48 1560.880692
6 -48 1560.874459
8 -48 1560.865774
10 -48 1560.854680
12 -48 1560.841233
14 -48 1560.825497
16 -48 1560.807549
18 -48 1560.787477
20 -48 1560.765379
22 -48 1560.741364
24 -48 1560.715547
26 -48 1560.688055
28 -48 1560.659023
30 -48 1560.628592
32 -48 1560.596911
34 -48 1560.564133
36 -48 1560.530420
38 -48 1560.495935
40 -48 1560.460847
42 -48 1560.425326
44 -48 1560.389546
46 -48 1560.353681
48 -48 1560.317906
50 -48 1560.282395
52 -48 1560.247321
54 -48 1560.212855
56 -48 1560.179165
58 -48 1560.146414
60 -48 1560.114762
62 -48 1560.084362
64 -48 1560.055364
66 -48 1560.027907
68 -48 1560.002126
70 -48 1559.978145
72 -48 1559.956082
74 -48 1559.936043
76 -48 1559.918126
78 -48 1559.902417
80 -48 1559.888995
82 -48 1559.877922
84 -48 1559.869254
86 -48 1559.863032
88 -48 1559.859287
90 -48 1559.858036
92 -48 1559.859287
94 -48 1559.863032
96 -48 1559.869254
98 -48 1559.877922
100 -48 1559.888995
102 -48 1559.902417
104 -48 1559.918126
106 -48 1559.936043
108 -48 1559.956082
110 -48 1559.978145
112 -48 1560.002126
114 -48 1560.027907
116 -48 1560.055364
118 -48 1560.084362
120 -48 1560.114762
122 -48 1560.146414
124 -48 1560.179165
126 -48 1560.212855
128 -48 1560.247321
130 -48 1560.282395
132 -48 1560.317906
134 -48 1560.353681
136 -48 1560.389546
138 -48 1560.425326
140 -48 1560.460847
142 -48 1560.495935
144 -48 1560.530420
146 -48 1560.564133
148 -48 1560.596911
150 -48 1560.628592
152 -48 1560.659023
154 -48 1560.688055
156 -48 1560.715547
158 -48 1560.741364
160 -48 1560.765379
162 -48 1560.787477
164 -48 1560.807549
166 -48 1560.825497
168 -48 1560.841233
170 -48 1560.854680
172 -48 1560.865774
174 -48 1560.874459
176 -48 1560.880692
178 -48 1560.884445
180 -48 1560.885698
182 -48 1560.884445
184 -48 1560.880692
186 -48 1560.874459
188 -48 1560.865774
190 -48 1560.854680
192 -48 1560.841233
194 -48 1560.825497
196 -48 1560.807549
198 -48 1560.787477
200 -48 1560.765379
202 -48 1560.741364
204 -48 1560.715547
206 -48 1560.688055
208 -48 1560.659023
210 -48 1560.628592
212 -48 1560.596911
214 -48 1560.564133
216 -48 1560.530420
218 -48 1560.495935
220 -48 1560.460847
222 -48 1560.425326
224 -48 1560.389546
226 -48 1560.353681
228 -48 1560.317906
230 -48 1560.282395
232 -48 1560.247321
234 -48 1560.212855
236 -48 1560.179165
238 -48 1560.146414
240 -48 1560.114762
242 -48 1560.084362
244 -48 1560.055364
246 -48 1560.027907
248 -48 1560.002126
250 -48 1559.978145
252 -48 1559.956082
254 -48 1559.936043
256 -48 1559.918126
258 -48 1559.902417
260 -48 1559.888995
262 -48 1559.877922
264 -48 1559.869254
266 -48 1559.863032
268 -48 1559.859287
270 -48 1559.858036
272 -48 1559.859287
274 -48 1559.863032
276 -48 1559.869254
278 -48 1559.877922
280 -48 1559.888995
282 -48 1559.902417
284 -48 1559.918126
286 -48 1559.936043
288 -48 1559.956082
290 -48 1559.978145
292 -48 1560.002126
294 -48 1560.027907
296 -48 1560.055364
298 -48 1560.084362
300 -48 1560.114762
302 -48 1560.146414
304 -48 1560.179165
306 -48 1560.212855
308 -48 1560.247321
310 -48 1560.282395
312 -48 1560.317906
314 -48 1560.353681
316 -48 1560.389546
318 -48 1560.425326
320 -48 1560.460847
322 -48 1560.495935
324 -48 1560.530420
326 -48 1560.564133
328 -48 1560.596911
330 -48 1560.628592
332 -48 1560.659023
334 -48 1560.688055
336 -48 1560.715547
338 -48 1560.741364
340 -48 1560.765379
342 -48 1560.787477
344 -48 1560.807549
346 -48 1560.825497
348 -48 1560.841233
350 -48 1560.854680
352 -48 1560.865774
354 -48 1560.874459
356 -48 1560.880692
358 -48 1560.884445
360 -48 1560.885698
0 -46 1560.993600
2 -46 1560.992250
4 -46 1560.988204
6 -46 1560.981484
8 -46 1560.972122
10 -46 1560.960164
12 -46 1560.945668
14 -46 1560.928705
16 -46 1560.909358
18 -46 1560.887721
20 -46 1560.863900
22 -46 1560.838012
24 -46 1560.810183
26 -46 1560.780548
28 -46 1560.749253
30 -46 1560.716451
32 -46 1560.682300
34 -46 1560.646968
36 -46 1560.610628
38 -46 1560.573456
40 -46 1560.535634
42 -46 1560.497345
44 -46 1560.458778
46 -46 1560.420120
48 -46 1560.381558
50 -46 1560.343281
52 -46 1560.305476
54 -46 1560.268326
56 -46 1560.232012
58 -46 1560.196710
60 -46 1560.162594
62 -46 1560.129828
64 -46 1560.098572
66 -46 1560.068978
68 -46 1560.041190
70 -46 1560.015343
72 -46 1559.991562
74 -46 1559.969963
76 -46 1559.950652
78 -46 1559.933721
80 -46 1559.919254
82 -46 1559.907320
84 -46 1559.897977
86 -46 1559.891271
88 -46 1559.887234
90 -46 1559.885887
92 -46 1559.887234
94 -46 1559.891271
96 -46 1559.897977
98 -46 1559.907320
100 -46 1559.919254
102 -46 1559.933721
104 -46 1559.950652
106 -46 1559.969963
108 -46 1559.991562
110 -46 1560.015343
112 -46 1560.041190
114 -46 1560.068978
116 -46 1560.098572
118 -46 1560.129828
120 -46 1560.162594
122 -46 1560.196710
124 -46 1560.232012
126 -46 1560.268326
128 -46 1560.305476
130 -46 1560.343281
132 -46 1560.381558
134 -46 1560.420120
136 -46 1560.458778
138 -46 1560.497345
140 -46 1560.535634
142 -46 1560.573456
144 -46 1560.610628
146 -46 1560.646968
148 -46 1560.682300
150 -46 1560.716451
152 -46 1560.749253
154 -46 1560.780548
156 -46 1560.810183
158 -46 1560.838012
160 -46 1560.863900
162 -46 1560.887721
164 -46 1560.909358
166 -46 1560.928705
168 -46 1560.945668
170 -46 1560.960164
172 -46 1560.972122
174 -46 1560.981484
176 -46 1560.988204
178 -46 1560.992250
180 -46 1560.993600
182 -46 1560.992250
184 -46 1560.988204
186 -46 1560.981484
188 -46 1560.972122
190 -46 1560.960164
192 -46 1560.945668
194 -46 1560.928705
196 -46 1560.909358
198 -46 1560.887721
200 -46 1560.863900
202 -46 1560.838012
204 -46 1560.810183
206 -46 1560.780548
208 -46 1560.749253
210 -46 1560.716451
212 -46 1560.682300
214 -46 1560.646968
216 -46 1560.610628
218 -46 1560.573456
220 -46 1560.535634
222 -46 1560.497345
224 -46 1560.458778
226 -46 1560.420120
228 -46 1560.381558
230 -46 1560.343281
232 -46 1560.305476
234 -46 1560.268326
236 -46 1560.232012
238 -46 1560.196710
240 -46 1560.162594
242 -46 1560.129828
244 -46 1560.098572
246 -46 1560.068978
248 -46 1560.041190
250 -46 1560.015343
252 -46 1559.991562
254 -46 1559.969963
256 -46 1559.950652
258 -46 1559.933721
260 -46 1559.919254
262 -46 1559.907320
264 -46 1559.897977
266 -46 1559.891271
268 -46 1559.887234
270 -46 1559.885887
272 -46 1559.887234
274 -46 1559.891271
276 -46 1559.897977
278 -46 1559.907320
280 -46 1559.919254
282 -46 1559.933721
284 -46 1559.950652
286 -46 1559.969963
288 -46 1559.991562
290 -46 1560.015343
292 -46 1560.041190
294 -46 1560.068978
296 -46 1560.098572
298 -46 1560.129828
300 -46 1560.162594
302 -46 1560.196710
304 -46 1560.232012
306 -46 1560.268326
308 -46 1560.305476
310 -46 1560.343281
312 -46 1560.381558
314 -46 1560.420120
316 -46 1560.458778
318 -46 1560.497345
320 -46 1560.535634
322 -46 1560.573456
324 -46 1560.610628
326 -46 1560.646968
328 -46 1560.682300
330 -46 1560.716451
332 -46 1560.749253
334 -46 1560.780548
336 -46 1560.810183
338 -46 1560.838012
340 -46 1560.863900
342 -46 1560.887721
344 -46 1560.909358
346 -46 1560.928705
348 -46 1560.945668
350 -46 1560.960164
352 -46 1560.972122
354 -46 1560.981484
356 -46 1560.988204
358 -46 1560.992250
360 -46 1560.993600
0 -44 1561.101788
2 -44 1561.100340
4 -44 1561.096001
6 -44 1561.088794
8 -44 1561.078752
10 -44 1561.065927
12 -44 1561.050379
14 -44 1561.032185
16 -44 1561.011435
18 -44 1560.988229
20 -44 1560.962681
22 -44 1560.934915
24 -44 1560.905068
26 -44 1560.873284
28 -44 1560.839720
30 -44 1560.804538
32 -44 1560.767912
34 -44 1560.730019
36 -44 1560.691044
38 -44 1560.651177
40 -44 1560.610614
42 -44 1560.569551
44 -44 1560.528188
46 -44 1560.486729
48 -44 1560.445373
50 -44 1560.404323
52 -44 1560.363779
54 -44 1560.323937
56 -44 1560.284993
58 -44 1560.247135
60 -44 1560.210547
62 -44 1560.175409
64 -44 1560.141889
66 -44 1560.110152
68 -44 1560.080352
70 -44 1560.052634
72 -44 1560.027131
74 -44 1560.003969
76 -44 1559.983260
78 -44 1559.965103
80 -44 1559.949589
82 -44 1559.936791
84 -44 1559.926772
86 -44 1559.919580
88 -44 1559.915251
90 -44 1559.913806
92 -44 1559.915251
94 -44 1559.919580
96 -44 1559.926772
98 -44 1559.936791
100 -44 1559.949589
102 -44 1559.965103
104 -44 1559.983260
106 -44 1560.003969
108 -44 1560.027131
110 -44 1560.052634
112 -44 1560.080352
114 -44 1560.110152
116 -44 1560.141889
118 -44 1560.175409
120 -44 1560.210547
122 -44 1560.247135
124 -44 1560.284993
126 -44 1560.323937
128 -44 1560.363779
130 -44 1560.404323
132 -44 1560.445373
134 -44 1560.486729
136 -44 1560.528188
138 -44 1560.569551
140 -44 1560.610614
142 -44 1560.651177
144 -44 1560.691044
146 -44 1560.730019
148 -44 1560.767912
150 -44 1560.804538
152 -44 1560.839720
154 -44 1560.873284
156 -44 1560.905068
158 -44 1560.934915
160 -44 1560.962681
162 -44 1560.988229
164 -44 1561.011435
166 -44 1561.032185
168 -44 1561.050379
170 -44 1561.065927
172 -44 1561.078752
174 -44 1561.088794
176 -44 1561.096001
178 -44 1561.100340
180 -44 1561.101788
182 -44 1561.100340
184 -44 1561.096001
186 -44 1561.088794
188 -44 1561.078752
190 -44 1561.065927
192 -44 1561.050379
194 -44 1561.032185
196 -44 1561.011435
198 -44 1560.988229
200 -44 1560.962681
202 -44 1560.934915
204 -44 1560.905068
206 -44 1560.873284
208 -44 1560.839720
210 -44 1560.804538
212 -44 1560.767912
214 -44 1560.730019
216 -44 1560.691044
218 -44 1560.651177
220 -44 1560.610614
222 -44 1560.569551
224 -44 1560.528188
226 -44 1560.486729
228 -44 1560.445373
230 -44 1560.404323
232 -44 1560.363779
234 -44 1560.323937
236 -44 1560.284993
238 -44 1560.247135
240 -44 1560.210547
242 -44 1560.175409
244 -44 1560.141889
246 -44 1560.110152
248 -44 1560.080352
250 -44 1560.052634
252 -44 1560.027131
254 -44 1560.003969
256 -44 1559.983260
258 -44 1559.965103
260 -44 1559.949589
262 -44 1559.936791
264 -44 1559.926772
266 -44 1559.919580
268 -44 1559.915251
270 -44 1559.913806
272 -44 1559.915251
274 -44 1559.919580
276 -44 1559.926772
278 -44 1559.936791
280 -44 1559.949589
282 -44 1559.965103
284 -44 1559.983260
286 -44 1560.003969
288 -44 1560.027131
290 -44 1560.052634
292 -44 1560.080352
294 -44 1560.110152
296 -44 1560.141889
298 -44 1560.175409
300 -44 1560.210547
302 -44 1560.247135
304 -44 1560.284993
306 -44 1560.323937
308 -44 1560.363779
310 -44 1560.404323
312 -44 1560.445373
314 -44 1560.486729
316 -44 1560.528188
318 -44 1560.569551
320 -44 1560.610614
322 -44 1560.651177
324 -44 1560.691044
326 -44 1560.730019
328 -44 1560.767912
330 -44 1560.804538
332 -44 1560.839720
334 -44 1560.873284
336 -44 1560.905068
338 -44 1560.934915
340 -44 1560.962681
342 -44 1560.988229
344 -44 1561.011435
346 -44 1561.032185
348 -44 1561.050379
350 -44 1561.065927
352 -44 1561.078752
354 -44 1561.088794
356 -44 1561.096001
358 -44 1561.100340
360 -44 1561.101788
0 -42 1561.209735
2 -42 1561.208189
4 -42 1561.203558
6 -42 1561.195863
8 -42 1561.185144
10 -42 1561.171453
12 -42 1561.154856
14 -42 1561.135435
16 -42 1561.113284
18 -42 1561.088511
20 -42 1561.061239
22 -42 1561.031600
24 -42 1560.999738
26 -42 1560.965810
28 -42 1560.929981
30 -42 1560.892426
32 -42 1560.853329
34 -42 1560.812880
36 -42 1560.771276
38 -42 1560.728721
40 -42 1560.685422
42 -42 1560.641590
44 -42 1560.597439
46 -42 1560.553184
48 -42 1560.509040
50 -42 1560.465223
52 -42 1560.421946
54 -42 1560.379419
56 -42 1560.337850
58 -42 1560.297441
60 -42 1560.258389
62 -42 1560.220882
64 -42 1560.185105
66 -42 1560.151230
68 -42 1560.119422
70 -42 1560.089836
72 -42 1560.062616
74 -42 1560.037894
76 -42 1560.015790
78 -42 1559.996411
80 -42 1559.979851
82 -42 1559.966191
84 -42 1559.955498
86 -42 1559.947822
88 -42 1559.943202
90 -42 1559.941659
92 -42 1559.943202
94 -42 1559.947822
96 -42 1559.955498
98 -42 1559.966191
100 -42 1559.979851
102 -42 1559.996411
104 -42 1560.015790
106 -42 1560.037894
108 -42 1560.062616
110 -42 1560.089836
112 -42 1560.119422
114 -42 1560.151230
116 -42 1560.185105
118 -42 1560.220882
120 -42 1560.258389
122 -42 1560.297441
124 -42 1560.337850
126 -42 1560.379419
128 -42 1560.421946
130 -42 1560.465223
132 -42 1560.509040
134 -42 1560.553184
136 -42 1560.597439
138 -42 1560.641590
140 -42 1560.685422
142 -42 1560.728721
144 -42 1560.771276
146 -42 1560.812880
148 -42 1560.853329
150 -42 1560.892426
152 -42 1560.929981
154 -42 1560.965810
156 -42 1560.999738
158 -42 1561.031600
160 -42 1561.061239
162 -42 1561.088511
164 -42 1561.113284
166 -42 1561.135435
168 -42 1561.154856
170 -42 1561.171453
172 -42 1561.185144
174 -42 1561.195863
176 -42 1561.203558
178 -42 1561.208189
180 -42 1561.209735
182 -42 1561.208189
184 -42 1561.203558
186 -42 1561.195863
188 -42 1561.185144
190 -42 1561.171453
192 -42 1561.154856
194 -42 1561.135435
196 -42 1561.113284
198 -42 1561.088511
200 -42 1561.061239
202 -42 1561.031600
204 -42 1560.999738
206 -42 1560.965810
208 -42 1560.929981
210 -42 1560.892426
212 -42 1560.853329
214 -42 1560.812880
216 -42 1560.771276
218 -42 1560.728721
220 -42 1560.685422
222 -42 1560.641590
224 -42 1560.597439
226 -42 1560.553184
228 -42 1560.509040
230 -42 1560.465223
232 -42 1560.421946
234 -42 1560.379419
236 -42 1560.337850
238 -42 1560.297441
240 -42 1560.258389
242 -42 1560.220882
244 -42 1560.185105
246 -42 1560.151230
248 -42 1560.119422
250 -42 1560.089836
252 -42 1560.062616
254 -42 1560.037894
256 -42 1560.015790
258 -42 1559.996411
260 -42 1559.979851
262 -42 1559.966191
264 -42 1559.955498
266 -42 1559.947822
268 -42 1559.943202
270 -42 1559.941659
272 -42 1559.943202
274 -42 1559.947822
276 -42 1559.955498
278 -42 1559.966191
280 -42 1559.979851
282 -42 1559.996411
284 -42 1560.015790
286 -42 1560.037894
288 -42 1560.062616
290 -42 1560.089836
292 -42 1560.119422
294 -42 1560.151230
296 -42 1560.185105
298 -42 1560.220882
300 -42 1560.258389
302 -42 1560.297441
304 -42 1560.337850
306 -42 1560.379419
308 -42 1560.421946
310 -42 1560.465223
312 -42 1560.509040
314 -42 1560.553184
316 -42 1560.597439
318 -42 1560.641590
320 -42 1560.685422
322 -42 1560.728721
324 -42 1560.771276
326 -42 1560.812880
328 -42 1560.853329
330 -42 1560.892426
332 -42 1560.929981
334 -42 1560.965810
336 -42 1560.999738
338 -42 1561.031600
340 -42 1561.061239
342 -42 1561.088511
344 -42 1561.113284
346 -42 1561.135435
348 -42 1561.154856
350 -42 1561.171453
352 -42 1561.185144
354 -42 1561.195863
356 -42 1561.203558
358 -42 1561.208189
360 -42 1561.209735
0 -40 1561.316915
2 -40 1561.315272
4 -40 1561.310349
6 -40 1561.302172
8 -40 1561.290780
10 -40 1561.276229
12 -40 1561.258590
14 -40 1561.237949
16 -40 1561.214407
18 -40 1561.188079
20 -40 1561.159095
22 -40 1561.127595
24 -40 1561.093733
26 -40 1561.057676
28 -40 1561.019598
30 -40 1560.979686
32 -40 1560.938136
34 -40 1560.895148
36 -40 1560.850934
38 -40 1560.805709
40 -40 1560.759694
42 -40 1560.713112
44 -40 1560.666192
46 -40 1560.619161
48 -40 1560.572249
50 -40 1560.525685
52 -40 1560.479694
54 -40 1560.434502
56 -40 1560.390327
58 -40 1560.347385
60 -40 1560.305884
62 -40 1560.266027
64 -40 1560.228007
66 -40 1560.192010
68 -40 1560.158209
70 -40 1560.126770
72 -40 1560.097844
74 -40 1560.071573
76 -40 1560.048084
78 -40 1560.027491
80 -40 1560.009894
82 -40 1559.995379
84 -40 1559.984015
86 -40 1559.975859
88 -40 1559.970949
90 -40 1559.969310
92 -40 1559.970949
94 -40 1559.975859
96 -40 1559.984015
98 -40 1559.995379
100 -40 1560.009894
102 -40 1560.027491
104 -40 1560.048084
106 -40 1560.071573
108 -40 1560.097844
110 -40 1560.126770
112 -40 1560.158209
114 -40 1560.192010
116 -40 1560.228007
118 -40 1560.266027
120 -40 1560.305884
122 -40 1560.347385
124 -40 1560.390327
126 -40 1560.434502
128 -40 1560.479694
130 -40 1560.525685
132 -40 1560.572249
134 -40 1560.619161
136 -40 1560.666192
138 -40 1560.713112
140 -40 1560.759694
142 -40 1560.805709
144 -40 1560.850934
146 -40 1560.895148
148 -40 1560.938136
150 -40 1560.979686
152 -40 1561.019598
154 -40 1561.057676
156 -40 1561.093733
158 -40 1561.127595
160 -40 1561.159095
162 -40 1561.188079
164 -40 1561.214407
166 -40 1561.237949
168 -40 1561.258590
170 -40 1561.276229
172 -40 1561.290780
174 -40 1561.302172
176 -40 1561.310349
178 -40 1561.315272
180 -40 1561.316915
182 -40 1561.315272
184 -40 1561.310349
186 -40 1561.302172
188 -40 1561.290780
190 -40 1561.276229
192 -40 1561.258590
194 -40 1561.237949
196 -40 1561.214407
198 -40 1561.188079
200 -40 1561.159095
202 -40 1561.127595
204 -40 1561.093733
206 -40 1561.057676
208 -40 1561.019598
210 -40 1560.979686
212 -40 1560.938136
214 -40 1560.895148
216 -40 1560.850934
218 -40 1560.805709
220 -40 1560.759694
222 -40 1560.713112
224 -40 1560.666192
226 -40 1560.619161
228 -40 1560.572249
230 -40 1560.525685
232 -40 1560.479694
234 -40 1560.434502
236 -40 1560.390327
238 -40 1560.347385
240 -40 1560.305884
242 -40 1560.266027
244 -40 1560.228007
246 -40 1560.192010
248 -40 1560.158209
250 -40 1560.126770
252 -40 1560.097844
254 -40 1560.071573
256 -40 1560.048084
258 -40 1560.027491
260 -40 1560.009894
262 -40 1559.995379
264 -40 1559.984015
266 -40 1559.975859
268 -40 1559.970949
270 -40 1559.969310
272 -40 1559.970949
274 -40 1559.975859
276 -40 1559.984015
278 -40 1559.995379
280 -40 1560.009894
282 -40 1560.027491
284 -40 1560.048084
286 -40 1560.071573
288 -40 1560.097844
290 -40 1560.126770
292 -40 1560.158209
294 -40 1560.192010
296 -40 1560.228007
298 -40 1560.266027
300 -40 1560.305884
302 -40 1560.347385
304 -40 1560.390327
306 -40 1560.434502
308 -40 1560.479694
310 -40 1560.525685
312 -40 1560.572249
314 -40 1560.619161
316 -40 1560.666192
318 -40 1560.713112
320 -40 1560.759694
322 -40 1560.805709
324 -40 1560.850934
326 -40 1560.895148
328 -40 1560.938136
330 -40 1560.979686
332 -40 1561.019598
334 -40 1561.057676
336 -40 1561.093733
338 -40 1561.127595
340 -40 1561.159095
342 -40 1561.188079
344 -40 1561.214407
346 -40 1561.237949
348 -40 1561.258590
350 -40 1561.276229
352 -40 1561.290780
354 -40 1561.302172
356 -40 1561.310349
358 -40 1561.315272
360 -40 1561.316915
0 -38 1561.422805
2 -38 1561.421065
4 -38 1561.415855
6 -38 1561.407201
8 -38 1561.395144
10 -38 1561.379743
12 -38 1561.361074
14 -38 1561.339228
16 -38 1561.314312
18 -38 1561.286448
20 -38 1561.255771
22 -38 1561.222433
24 -38 1561.186595
26 -38 1561.148433
28 -38 1561.108133
30 -38 1561.065893
32 -38 1561.021918
34 -38 1560.976422
36 -38 1560.929629
38 -38 1560.881766
40 -38 1560.833067
42 -38 1560.783769
44 -38 1560.734113
46 -38 1560.684340
48 -38 1560.634693
50 -38 1560.585414
52 -38 1560.536742
54 -38 1560.488915
56 -38 1560.442166
58 -38 1560.396721
60 -38 1560.352803
62 -38 1560.310623
64 -38 1560.270389
66 -38 1560.232294
68 -38 1560.196524
70 -38 1560.163254
72 -38 1560.132643
74 -38 1560.104842
76 -38 1560.079985
78 -38 1560.058193
80 -38 1560.039571
82 -38 1560.024211
84 -38 1560.012186
86 -38 1560.003554
88 -38 1559.998359
90 -38 1559.996624
92 -38 1559.998359
94 -38 1560.003554
96 -38 1560.012186
98 -38 1560.024211
100 -38 1560.039571
102 -38 1560.058193
104 -38 1560.079985
106 -38 1560.104842
108 -38 1560.132643
110 -38 1560.163254
112 -38 1560.196524
114 -38 1560.232294
116 -38 1560.270389
118 -38 1560.310623
120 -38 1560.352803
122 -38 1560.396721
124 -38 1560.442166
126 -38 1560.488915
128 -38 1560.536742
130 -38 1560.585414
132 -38 1560.634693
134 -38 1560.684340
136 -38 1560.734113
138 -38 1560.783769
140 -38 1560.833067
142 -38 1560.881766
144 -38 1560.929629
146 -38 1560.976422
148 -38 1561.021918
150 -38 1561.065893
152 -38 1561.108133
154 -38 1561.148433
156 -38 1561.186595
158 -38 1561.222433
160 -38 1561.255771
162 -38 1561.286448
164 -38 1561.314312
166 -38 1561.339228
168 -38 1561.361074
170 -38 1561.379743
172 -38 1561.395144
174 -38 1561.407201
176 -38 1561.415855
178 -38 1561.421065
180 -38 1561.422805
182 -38 1561.421065
184 -38 1561.415855
186 -38 1561.407201
188 -38 1561.395144
190 -38 1561.379743
192 -38 1561.361074
194 -38 1561.339228
196 -38 1561.314312
198 -38 1561.286448
200 -38 1561.255771
202 -38 1561.222433
204 -38 1561.186595
206 -38 1561.148433
208 -38 1561.108133
210 -38 1561.065893
212 -38 1561.021918
214 -38 1560.976422
216 -38 1560.929629
218 -38 1560.881766
220 -38 1560.833067
222 -38 1560.783769
224 -38 1560.734113
226 -38 1560.684340
228 -38 1560.634693
230 -38 1560.585414
232 -38 1560.536742
234 -38 1560.488915
236 -38 1560.442166
238 -38 1560.396721
240 -38 1560.352803
242 -38 1560.310623
244 -38 1560.270389
246 -38 1560.232294
248 -38 1560.196524
250 -38 1560.163254
252 -38 1560.132643
254 -38 1560.104842
256 -38 1560.079985
258 -38 1560.058193
260 -38 1560.039571
262 -38 1560.024211
264 -38 1560.012186
266 -38 1560.003554
268 -38 1559.998359
270 -38 1559.996624
272 -38 1559.998359
274 -38 1560.003554
276 -38 1560.012186
278 -38 1560.024211
280 -38 1560.039571
282 -38 1560.058193
284 -38 1560.079985
286 -38 1560.104842
288 -38 1560.132643
290 -38 1560.163254
292 -38 1560.196524
294 -38 1560.232294
296 -38 1560.270389
298 -38 1560.310623
300 -38 1560.352803
302 -38 1560.396721
304 -38 1560.442166
306 -38 1560.488915
308 -38 1560.536742
310 -38 1560.585414
312 -38 1560.634693
314 -38 1560.684340
316 -38 1560.734113
318 -38 1560.783769
320 -38 1560.833067
322 -38 1560.881766
324 -38 1560.929629
326 -38 1560.976422
328 -38 1561.021918
330 -38 1561.065893
332 -38 1561.108133
334 -38 1561.148433
336 -38 1561.186595
338 -38 1561.222433
340 -38 1561.255771
342 -38 1561.286448
344 -38 1561.314312
346 -38 1561.339228
348 -38 1561.361074
350 -38 1561.379743
352 -38 1561.395144
354 -38 1561.407201
356 -38 1561.415855
358 -38 1561.421065
360 -38 1561.422805
0 -36 1561.526887
2 -36 1561.525053
4 -36 1561.519561
6 -36 1561.510437
8 -36 1561.497726
10 -36 1561.481490
12 -36 1561.461809
14 -36 1561.438778
16 -36 1561.412511
18 -36 1561.383136
20 -36 1561.350796
22 -36 1561.315650
24 -36 1561.277869
26 -36 1561.237639
28 -36 1561.195155
30 -36 1561.150625
32 -36 1561.104266
34 -36 1561.056306
36 -36 1561.006977
38 -36 1560.956521
40 -36 1560.905184
42 -36 1560.853215
44 -36 1560.800869
46 -36 1560.748401
48 -36 1560.696065
50 -36 1560.644118
52 -36 1560.592811
54 -36 1560.542395
56 -36 1560.493115
58 -36 1560.445211
60 -36 1560.398915
62 -36 1560.354454
64 -36 1560.312042
66 -36 1560.271886
68 -36 1560.234181
70 -36 1560.199110
72 -36 1560.166844
74 -36 1560.137539
76 -36 1560.111337
78 -36 1560.088367
80 -36 1560.068738
82 -36 1560.052546
84 -36 1560.039871
86 -36 1560.030773
88 -36 1560.025296
90 -36 1560.023468
92 -36 1560.025296
94 -36 1560.030773
96 -36 1560.039871
98 -36 1560.052546
100 -36 1560.068738
102 -36 1560.088367
104 -36 1560.111337
106 -36 1560.137539
108 -36 1560.166844
110 -36 1560.199110
112 -36 1560.234181
114 -36 1560.271886
116 -36 1560.312042
118 -36 1560.354454
120 -36 1560.398915
122 -36 1560.445211
124 -36 1560.493115
126 -36 1560.542395
128 -36 1560.592811
130 -36 1560.644118
132 -36 1560.696065
134 -36 1560.748401
136 -36 1560.800869
138 -36 1560.853215
140 -36 1560.905184
142 -36 1560.956521
144 -36 1561.006977
146 -36 1561.056306
148 -36 1561.104266
150 -36 1561.150625
152 -36 1561.195155
154 -36 1561.237639
156 -36 1561.277869
158 -36 1561.315650
160 -36 1561.350796
162 -36 1561.383136
164 -36 1561.412511
166 -36 1561.438778
168 -36 1561.461809
170 -36 1561.481490
172 -36 1561.497726
174 -36 1561.510437
176 -36 1561.519561
178 -36 1561.525053
180 -36 1561.526887
182 -36 1561.525053
184 -36 1561.519561
186 -36 1561.510437
188 -36 1561.497726
190 -36 1561.481490
192 -36 1561.461809
194 -36 1561.438778
196 -36 1561.412511
198 -36 1561.383136
200 -36 1561.350796
202 -36 1561.315650
204 -36 1561.277869
206 -36 1561.237639
208 -36 1561.195155
210 -36 1561.150625
212 -36 1561.104266
214 -36 1561.056306
216 -36 1561.006977
218 -36 1560.956521
220 -36 1560.905184
222 -36 1560.853215
224 -36 1560.800869
226 -36 1560.748401
228 -36 1560.696065
230 -36 1560.644118
232 -36 1560.592811
234 -36 1560.542395
236 -36 1560.493115
238 -36 1560.445211
240 -36 1560.398915
242 -36 1560.354454
244 -36 1560.312042
246 -36 1560.271886
248 -36 1560.234181
250 -36 1560.199110
252 -36 1560.166844
254 -36 1560.137539
256 -36 1560.111337
258 -36 1560.088367
260 -36 1560.068738
262 -36 1560.052546
264 -36 1560.039871
266 -36 1560.030773
268 -36 1560.025296
270 -36 1560.023468
272 -36 1560.025296
274 -36 1560.030773
276 -36 1560.039871
278 -36 1560.052546
280 -36 1560.068738
282 -36 1560.088367
284 -36 1560.111337
286 -36 1560.137539
288 -36 1560.166844
290 -36 1560.199110
292 -36 1560.234181
294 -36 1560.271886
296 -36 1560.312042
298 -36 1560.354454
300 -36 1560.398915
302 -36 1560.445211
304 -36 1560.493115
306 -36 1560.542395
308 -36 1560.592811
310 -36 1560.644118
312 -36 1560.696065
314 -36 1560.748401
316 -36 1560.800869
318 -36 1560.853215
320 -36 1560.905184
322 -36 1560.956521
324 -36 1561.006977
326 -36 1561.056306
328 -36 1561.104266
330 -36 1561.150625
332 -36 1561.195155
334 -36 1561.237639
336 -36 1561.277869
338 -36 1561.315650
340 -36 1561.350796
342 -36 1561.383136
344 -36 1561.412511
346 -36 1561.438778
348 -36 1561.461809
350 -36 1561.481490
352 -36 1561.497726
354 -36 1561.510437
356 -36 1561.519561
358 -36 1561.525053
360 -36 1561.526887
0 -34 1561.628654
2 -34 1561.626728
4 -34 1561.620960
6 -34 1561.611377
8 -34 1561.598026
10 -34 1561.580973
12 -34 1561.560302
14 -34 1561.536113
16 -34 1561.508524
18 -34 1561.477672
20 -34 1561.443705
22 -34 1561.406792
24 -34 1561.367111
26 -34 1561.324858
28 -34 1561.280238
30 -34 1561.233469
32 -34 1561.184780
34 -34 1561.134409
36 -34 1561.082601
38 -34 1561.029609
40 -34 1560.975692
42 -34 1560.921112
44 -34 1560.866136
46 -34 1560.811032
48 -34 1560.756068
50 -34 1560.701511
52 -34 1560.647628
54 -34 1560.594680
56 -34 1560.542926
58 -34 1560.492617
60 -34 1560.443997
62 -34 1560.397304
64 -34 1560.352763
66 -34 1560.310592
68 -34 1560.270995
70 -34 1560.234164
72 -34 1560.200279
74 -34 1560.169504
76 -34 1560.141988
78 -34 1560.117865
80 -34 1560.097251
82 -34 1560.080248
84 -34 1560.066936
86 -34 1560.057382
88 -34 1560.051631
90 -34 1560.049710
92 -34 1560.051631
94 -34 1560.057382
96 -34 1560.066936
98 -34 1560.080248
100 -34 1560.097251
102 -34 1560.117865
104 -34 1560.141988
106 -34 1560.169504
108 -34 1560.200279
110 -34 1560.234164
112 -34 1560.270995
114 -34 1560.310592
116 -34 1560.352763
118 -34 1560.397304
120 -34 1560.443997
122 -34 1560.492617
124 -34 1560.542926
126 -34 1560.594680
128 -34 1560.647628
130 -34 1560.701511
132 -34 1560.756068
134 -34 1560.811032
136 -34 1560.866136
138 -34 1560.921112
140 -34 1560.975692
142 -34 1561.029609
144 -34 1561.082601
146 -34 1561.134409
148 -34 1561.184780
150 -34 1561.233469
152 -34 1561.280238
154 -34 1561.324858
156 -34 1561.367111
158 -34 1561.406792
160 -34 1561.443705
162 -34 1561.477672
164 -34 1561.508524
166 -34 1561.536113
168 -34 1561.560302
170 -34 1561.580973
172 -34 1561.598026
174 -34 1561.611377
176 -34 1561.620960
178 -34 1561.626728
180 -34 1561.628654
182 -34 1561.626728
184 -34 1561.620960
186 -34 1561.611377
188 -34 1561.598026
190 -34 1561.580973
192 -34 1561.560302
194 -34 1561.536113
196 -34 1561.508524
198 -34 1561.477672
200 -34 1561.443705
202 -34 1561.406792
204 -34 1561.367111
206 -34 1561.324858
208 -34 1561.280238
210 -34 1561.233469
212 -34 1561.184780
214 -34 1561.134409
216 -34 1561.082601
218 -34 1561.029609
220 -34 1560.975692
222 -34 1560.921112
224 -34 1560.866136
226 -34 1560.811032
228 -34 1560.756068
230 -34 1560.701511
232 -34 1560.647628
234 -34 1560.594680
236 -34 1560.542926
238 -34 1560.492617
240 -34 1560.443997
242 -34 1560.397304
244 -34 1560.352763
246 -34 1560.310592
248 -34 1560.270995
250 -34 1560.234164
252 -34 1560.200279
254 -34 1560.169504
256 -34 1560.141988
258 -34 1560.117865
260 -34 1560.097251
262 -34 1560.080248
264 -34 1560.066936
266 -34 1560.057382
268 -34 1560.051631
270 -34 1560.049710
272 -34 1560.051631
274 -34 1560.057382
276 -34 1560.066936
278 -34 1560.080248
280 -34 1560.097251
282 -34 1560.117865
284 -34 1560.141988
286 -34 1560.169504
288 -34 1560.200279
290 -34 1560.234164
292 -34 1560.270995
294 -34 1560.310592
296 -34 1560.352763
298 -34 1560.397304
300 -34 1560.443997
302 -34 1560.492617
304 -34 1560.542926
306 -34 1560.594680
308 -34 1560.647628
310 -34 1560.701511
312 -34 1560.756068
314 -34 1560.811032
316 -34 1560.866136
318 -34 1560.921112
320 -34 1560.975692
322 -34 1561.029609
324 -34 1561.082601
326 -34 1561.134409
328 -34 1561.184780
330 -34 1561.233469
332 -34 1561.280238
334 -34 1561.324858
336 -34 1561.367111
338 -34 1561.406792
340 -34 1561.443705
342 -34 1561.477672
344 -34 1561.508524
346 -34 1561.536113
348 -34 1561.560302
350 -34 1561.580973
352 -34 1561.598026
354 -34 1561.611377
356 -34 1561.620960
358 -34 1561.626728
360 -34 1561.628654
0 -32 1561.727609
2 -32 1561.725593
4 -32 1561.719556
6 -32 1561.709526
8 -32 1561.695554
10 -32 1561.677707
12 -32 1561.656072
14 -32 1561.630757
16 -32 1561.601883
18 -32 1561.569594
20 -32 1561.534045
22 -32 1561.495413
24 -32 1561.453885
26 -32 1561.409664
28 -32 1561.362966
30 -32 1561.314021
32 -32 1561.263065
34 -32 1561.210350
36 -32 1561.156131
38 -32 1561.100673
40 -32 1561.044247
42 -32 1560.987128
44 -32 1560.929595
46 -32 1560.871928
48 -32 1560.814407
50 -32 1560.757314
52 -32 1560.700925
54 -32 1560.645516
56 -32 1560.591356
58 -32 1560.538708
60 -32 1560.487829
62 -32 1560.438965
64 -32 1560.392355
66 -32 1560.348224
68 -32 1560.306787
70 -32 1560.268246
72 -32 1560.232786
74 -32 1560.200582
76 -32 1560.171787
78 -32 1560.146544
80 -32 1560.124973
82 -32 1560.107180
84 -32 1560.093250
86 -32 1560.083252
88 -32 1560.077234
90 -32 1560.075224
92 -32 1560.077234
94 -32 1560.083252
96 -32 1560.093250
98 -32 1560.107180
100 -32 1560.124973
102 -32 1560.146544
104 -32 1560.171787
106 -32 1560.200582
108 -32 1560.232786
110 -32 1560.268246
112 -32 1560.306787
114 -32 1560.348224
116 -32 1560.392355
118 -32 1560.438965
120 -32 1560.487829
122 -32 1560.538708
124 -32 1560.591356
126 -32 1560.645516
128 -32 1560.700925
130 -32 1560.757314
132 -32 1560.814407
134 -32 1560.871928
136 -32 1560.929595
138 -32 1560.987128
140 -32 1561.044247
142 -32 1561.100673
144 -32 1561.156131
146 -32 1561.210350
148 -32 1561.263065
150 -32 1561.314021
152 -32 1561.362966
154 -32 1561.409664
156 -32 1561.453885
158 -32 1561.495413
160 -32 1561.534045
162 -32 1561.569594
164 -32 1561.601883
166 -32 1561.630757
168 -32 1561.656072
170 -32 1561.677707
172 -32 1561.695554
174 -32 1561.709526
176 -32 1561.719556
178 -32 1561.725593
180 -32 1561.727609
182 -32 1561.725593
184 -32 1561.719556
186 -32 1561.709526
188 -32 1561.695554
190 -32 1561.677707
192 -32 1561.656072
194 -32 1561.630757
196 -32 1561.601883
198 -32 1561.569594
200 -32 1561.534045
202 -32 1561.495413
204 -32 1561.453885
206 -32 1561.409664
208 -32 1561.362966
210 -32 1561.314021
212 -32 1561.263065
214 -32 1561.210350
216 -32 1561.156131
218 -32 1561.100673
220 -32 1561.044247
222 -32 1560.987128
224 -32 1560.929595
226 -32 1560.871928
228 -32 1560.814407
230 -32 1560.757314
232 -32 1560.700925
234 -32 1560.645516
236 -32 1560.591356
238 -32 1560.538708
240 -32 1560.487829
242 -32 1560.438965
244 -32 1560.392355
246 -32 1560.348224
248 -32 1560.306787
250 -32 1560.268246
252 -32 1560.232786
254 -32 1560.200582
256 -32 1560.171787
258 -32 1560.146544
260 -32 1560.124973
262 -32 1560.107180
264 -32 1560.093250
266 -32 1560.083252
268 -32 1560.077234
270 -32 1560.075224
272 -32 1560.077234
274 -32 1560.083252
276 -32 1560.093250
278 -32 1560.107180
280 -32 1560.124973
282 -32 1560.146544
284 -32 1560.171787
286 -32 1560.200582
288 -32 1560.232786
290 -32 1560.268246
292 -32 1560.306787
294 -32 1560.348224
296 -32 1560.392355
298 -32 1560.438965
300 -32 1560.487829
302 -32 1560.538708
304 -32 1560.591356
306 -32 1560.645516
308 -32 1560.700925
310 -32 1560.757314
312 -32 1560.814407
314 -32 1560.871928
316 -32 1560.929595
318 -32 1560.987128
320 -32 1561.044247
322 -32 1561.100673
324 -32 1561.156131
326 -32 1561.210350
328 -32 1561.263065
330 -32 1561.314021
332 -32 1561.362966
334 -32 1561.409664
336 -32 1561.453885
338 -32 1561.495413
340 -32 1561.534045
342 -32 1561.569594
344 -32 1561.601883
346 -32 1561.630757
348 -32 1561.656072
350 -32 1561.677707
352 -32 1561.695554
354 -32 1561.709526
356 -32 1561.719556
358 -32 1561.725593
360 -32 1561.727609
0 -30 1561.823267
2 -30 1561.821165
4 -30 1561.814867
6 -30 1561.804406
8 -30 1561.789832
10 -30 1561.771217
12 -30 1561.748652
14 -30 1561.722247
16 -30 1561.692131
18 -30 1561.658452
20 -30 1561.621375
22 -30 1561.581080
24 -30 1561.537766
26 -30 1561.491643
28 -30 1561.442937
30 -30 1561.391886
32 -30 1561.338740
34 -30 1561.283758
36 -30 1561.227208
38 -30 1561.169366
40 -30 1561.110515
42 -30 1561.050941
44 -30 1560.990936
46 -30 1560.930791
48 -30 1560.870799
50 -30 1560.811253
52 -30 1560.752442
54 -30 1560.694653
56 -30 1560.638167
58 -30 1560.583259
60 -30 1560.530195
62 -30 1560.479234
64 -30 1560.430623
66 -30 1560.384598
68 -30 1560.341383
70 -30 1560.301187
72 -30 1560.264207
74 -30 1560.230620
76 -30 1560.200590
78 -30 1560.174264
80 -30 1560.151768
82 -30 1560.133211
84 -30 1560.118684
86 -30 1560.108257
88 -30 1560.101980
90 -30 1560.099885
92 -30 1560.101980
94 -30 1560.108257
96 -30 1560.118684
98 -30 1560.133211
100 -30 1560.151768
102 -30 1560.174264
104 -30 1560.200590
106 -30 1560.230620
108 -30 1560.264207
110 -30 1560.301187
112 -30 1560.341383
114 -30 1560.384598
116 -30 1560.430623
118 -30 1560.479234
120 -30 1560.530195
122 -30 1560.583259
124 -30 1560.638167
126 -30 1560.694653
128 -30 1560.752442
130 -30 1560.811253
132 -30 1560.870799
134 -30 1560.930791
136 -30 1560.990936
138 -30 1561.050941
140 -30 1561.110515
142 -30 1561.169366
144 -30 1561.227208
146 -30 1561.283758
148 -30 1561.338740
150 -30 1561.391886
152 -30 1561.442937
154 -30 1561.491643
156 -30 1561.537766
158 -30 1561.581080
160 -30 1561.621375
162 -30 1561.658452
164 -30 1561.692131
166 -30 1561.722247
168 -30 1561.748652
170 -30 1561.771217
172 -30 1561.789832
174 -30 1561.804406
176 -30 1561.814867
178 -30 1561.821165
180 -30 1561.823267
182 -30 1561.821165
184 -30 1561.814867
186 -30 1561.804406
188 -30 1561.789832
190 -30 1561.771217
192 -30 1561.748652
194 -30 1561.722247
196 -30 1561.692131
198 -30 1561.658452
200 -30 1561.621375
202 -30 1561.581080
204 -30 1561.537766
206 -30 1561.491643
208 -30 1561.442937
210 -30 1561.391886
212 -30 1561.338740
214 -30 1561.283758
216 -30 1561.227208
218 -30 1561.169366
220 -30 1561.110515
222 -30 1561.050941
224 -30 1560.990936
226 -30 1560.930791
228 -30 1560.870799
230 -30 1560.811253
232 -30 1560.752442
234 -30 1560.694653
236 -30 1560.638167
238 -30 1560.583259
240 -30 1560.530195
242 -30 1560.479234
244 -30 1560.430623
246 -30 1560.384598
248 -30 1560.341383
250 -30 1560.301187
252 -30 1560.264207
254 -30 1560.230620
256 -30 1560.200590
258 -30 1560.174264
260 -30 1560.151768
262 -30 1560.133211
264 -30 1560.118684
266 -30 1560.108257
268 -30 1560.101980
270 -30 1560.099885
272 -30 1560.101980
274 -30 1560.108257
276 -30 1560.118684
278 -30 1560.133211
280 -30 1560.151768
282 -30 1560.174264
284 -30 1560.200590
286 -30 1560.230620
288 -30 1560.264207
290 -30 1560.301187
292 -30 1560.341383
294 -30 1560.384598
296 -30 1560.430623
298 -30 1560.479234
300 -30 1560.530195
302 -30 1560.583259
304 -30 1560.638167
306 -30 1560.694653
308 -30 1560.752442
310 -30 1560.811253
312 -30 1560.870799
314 -30 1560.930791
316 -30 1560.990936
318 -30 1561.050941
320 -30 1561.110515
322 -30 1561.169366
324 -30 1561.227208
326 -30 1561.283758
328 -30 1561.338740
330 -30 1561.391886
332 -30 1561.442937
334 -30 1561.491643
336 -30 1561.537766
338 -30 1561.581080
340 -30 1561.621375
342 -30 1561.658452
344 -30 1561.692131
346 -30 1561.722247
348 -30 1561.748652
350 -30 1561.771217
352 -30 1561.789832
354 -30 1561.804406
356 -30 1561.814867
358 -30 1561.821165
360 -30 1561.823267
0 -28 1561.915161
2 -28 1561.912975
4 -28 1561.906428
6 -28 1561.895552
8 -28 1561.880401
10 -28 1561.861048
12 -28 1561.837588
14 -28 1561.810136
16 -28 1561.778826
18 -28 1561.743813
20 -28 1561.705266
22 -28 1561.663375
24 -28 1561.618344
26 -28 1561.570393
28 -28 1561.519758
30 -28 1561.466685
32 -28 1561.411434
34 -28 1561.354274
36 -28 1561.295484
38 -28 1561.235352
40 -28 1561.174171
42 -28 1561.112239
44 -28 1561.049859
46 -28 1560.987333
48 -28 1560.924967
50 -28 1560.863065
52 -28 1560.801928
54 -28 1560.741853
56 -28 1560.683133
58 -28 1560.626053
60 -28 1560.570891
62 -28 1560.517914
64 -28 1560.467381
66 -28 1560.419537
68 -28 1560.374613
70 -28 1560.332829
72 -28 1560.294387
74 -28 1560.259473
76 -28 1560.228257
78 -28 1560.200889
80 -28 1560.177504
82 -28 1560.158214
84 -28 1560.143113
86 -28 1560.132274
88 -28 1560.125750
90 -28 1560.123571
92 -28 1560.125750
94 -28 1560.132274
96 -28 1560.143113
98 -28 1560.158214
100 -28 1560.177504
102 -28 1560.200889
104 -28 1560.228257
106 -28 1560.259473
108 -28 1560.294387
110 -28 1560.332829
112 -28 1560.374613
114 -28 1560.419537
116 -28 1560.467381
118 -28 1560.517914
120 -28 1560.570891
122 -28 1560.626053
124 -28 1560.683133
126 -28 1560.741853
128 -28 1560.801928
130 -28 1560.863065
132 -28 1560.924967
134 -28 1560.987333
136 -28 1561.049859
138 -28 1561.112239
140 -28 1561.174171
142 -28 1561.235352
144 -28 1561.295484
146 -28 1561.354274
148 -28 1561.411434
150 -28 1561.466685
152 -28 1561.519758
154 -28 1561.570393
156 -28 1561.618344
158 -28 1561.663375
160 -28 1561.705266
162 -28 1561.743813
164 -28 1561.778826
166 -28 1561.810136
168 -28 1561.837588
170 -28 1561.861048
172 -28 1561.880401
174 -28 1561.895552
176 -28 1561.906428
178 -28 1561.912975
180 -28 1561.915161
182 -28 1561.912975
184 -28 1561.906428
186 -28 1561.895552
188 -28 1561.880401
190 -28 1561.861048
192 -28 1561.837588
194 -28 1561.810136
196 -28 1561.778826
198 -28 1561.743813
200 -28 1561.705266
202 -28 1561.663375
204 -28 1561.618344
206 -28 1561.570393
208 -28 1561.519758
210 -28 1561.466685
212 -28 1561.411434
214 -28 1561.354274
216 -28 1561.295484
218 -28 1561.235352
220 -28 1561.174171
222 -28 1561.112239
224 -28 1561.049859
226 -28 1560.987333
228 -28 1560.924967
230 -28 1560.863065
232 -28 1560.801928
234 -28 1560.741853
236 -28 1560.683133
238 -28 1560.626053
240 -28 1560.570891
242 -28 1560.517914
244 -28 1560.467381
246 -28 1560.419537
248 -28 1560.374613
250 -28 1560.332829
252 -28 1560.294387
254 -28 1560.259473
256 -28 1560.228257
258 -28 1560.200889
260 -28 1560.177504
262 -28 1560.158214
264 -28 1560.143113
266 -28 1560.132274
268 -28 1560.125750
270 -28 1560.123571
272 -28 1560.125750
274 -28 1560.132274
276 -28 1560.143113
278 -28 1560.158214
280 -28 1560.177504
282 -28 1560.200889
284 -28 1560.228257
286 -28 1560.259473
288 -28 1560.294387
290 -28 1560.332829
292 -28 1560.374613
294 -28 1560.419537
296 -28 1560.467381
298 -28 1560.517914
300 -28 1560.570891
302 -28 1560.626053
304 -28 1560.683133
306 -28 1560.741853
308 -28 1560.801928
310 -28 1560.863065
312 -28 1560.924967
314 -28 1560.987333
316 -28 1561.049859
318 -28 1561.112239
320 -28 1561.174171
322 -28 1561.235352
324 -28 1561.295484
326 -28 1561.354274
328 -28 1561.411434
330 -28 1561.466685
332 -28 1561.519758
334 -28 1561.570393
336 -28 1561.618344
338 -28 1561.663375
340 -28 1561.705266
342 -28 1561.743813
344 -28 1561.778826
346 -28 1561.810136
348 -28 1561.837588
350 -28 1561.861048
352 -28 1561.880401
354 -28 1561.895552
356 -28 1561.906428
358 -28 1561.912975
360 -28 1561.915161
0 -26 1562.002840
2 -26 1562.000575
4 -26 1561.993790
6 -26 1561.982518
8 -26 1561.966815
10 -26 1561.946758
12 -26 1561.922444
14 -26 1561.893994
16 -26 1561.861545
18 -26 1561.825258
20 -26 1561.785309
22 -26 1561.741894
24 -26 1561.695225
26 -26 1561.645531
28 -26 1561.593054
30 -26 1561.538051
32 -26 1561.480791
34 -26 1561.421553
36 -26 1561.360627
38 -26 1561.298310
40 -26 1561.234905
42 -26 1561.170723
44 -26 1561.106076
46 -26 1561.041279
48 -26 1560.976648
50 -26 1560.912498
52 -26 1560.849141
54 -26 1560.786884
56 -26 1560.726032
58 -26 1560.666880
60 -26 1560.609716
62 -26 1560.554817
64 -26 1560.502450
66 -26 1560.452870
68 -26 1560.406317
70 -26 1560.363016
72 -26 1560.323179
74 -26 1560.286999
76 -26 1560.254651
78 -26 1560.226291
80 -26 1560.202058
82 -26 1560.182068
84 -26 1560.166420
86 -26 1560.155188
88 -26 1560.148426
90 -26 1560.146169
92 -26 1560.148426
94 -26 1560.155188
96 -26 1560.166420
98 -26 1560.182068
100 -26 1560.202058
102 -26 1560.226291
104 -26 1560.254651
106 -26 1560.286999
108 -26 1560.323179
110 -26 1560.363016
112 -26 1560.406317
114 -26 1560.452870
116 -26 1560.502450
118 -26 1560.554817
120 -26 1560.609716
122 -26 1560.666880
124 -26 1560.726032
126 -26 1560.786884
128 -26 1560.849141
130 -26 1560.912498
132 -26 1560.976648
134 -26 1561.041279
136 -26 1561.106076
138 -26 1561.170723
140 -26 1561.234905
142 -26 1561.298310
144 -26 1561.360627
146 -26 1561.421553
148 -26 1561.480791
150 -26 1561.538051
152 -26 1561.593054
154 -26 1561.645531
156 -26 1561.695225
158 -26 1561.741894
160 -26 1561.785309
162 -26 1561.825258
164 -26 1561.861545
166 -26 1561.893994
168 -26 1561.922444
170 -26 1561.946758
172 -26 1561.966815
174 -26 1561.982518
176 -26 1561.993790
178 -26 1562.000575
180 -26 1562.002840
182 -26 1562.000575
184 -26 1561.993790
186 -26 1561.982518
188 -26 1561.966815
190 -26 1561.946758
192 -26 1561.922444
194 -26 1561.893994
196 -26 1561.861545
198 -26 1561.825258
200 -26 1561.785309
202 -26 1561.741894
204 -26 1561.695225
206 -26 1561.645531
208 -26 1561.593054
210 -26 1561.538051
212 -26 1561.480791
214 -26 1561.421553
216 -26 1561.360627
218 -26 1561.298310
220 -26 1561.234905
222 -26 1561.170723
224 -26 1561.106076
226 -26 1561.041279
228 -26 1560.976648
230 -26 1560.912498
232 -26 1560.849141
234 -26 1560.786884
236 -26 1560.726032
238 -26 1560.666880
240 -26 1560.609716
242 -26 1560.554817
244 -26 1560.502450
246 -26 1560.452870
248 -26 1560.406317
250 -26 1560.363016
252 -26 1560.323179
254 -26 1560.286999
256 -26 1560.254651
258 -26 1560.226291
260 -26 1560.202058
262 -26 1560.182068
264 -26 1560.166420
266 -26 1560.155188
268 -26 1560.148426
270 -26 1560.146169
272 -26 1560.148426
274 -26 1560.155188
276 -26 1560.166420
278 -26 1560.182068
280 -26 1560.202058
282 -26 1560.226291
284 -26 1560.254651
286 -26 1560.286999
288 -26 1560.323179
290 -26 1560.363016
292 -26 1560.406317
294 -26 1560.452870
296 -26 1560.502450
298 -26 1560.554817
300 -26 1560.609716
302 -26 1560.666880
304 -26 1560.726032
306 -26 1560.786884
308 -26 1560.849141
310 -26 1560.912498
312 -26 1560.976648
314 -26 1561.041279
316 -26 1561.106076
318 -26 1561.170723
320 -26 1561.234905
322 -26 1561.298310
324 -26 1561.360627
326 -26 1561.421553
328 -26 1561.480791
330 -26 1561.538051
332 -26 1561.593054
334 -26 1561.645531
336 -26 1561.695225
338 -26 1561.741894
340 -26 1561.785309
342 -26 1561.825258
344 -26 1561.861545
346 -26 1561.893994
348 -26 1561.922444
350 -26 1561.946758
352 -26 1561.966815
354 -26 1561.982518
356 -26 1561.993790
358 -26 1562.000575
360 -26 1562.002840
0 -24 1562.085876
2 -24 1562.083535
4 -24 1562.076525
6 -24 1562.064878
8 -24 1562.048653
10 -24 1562.027929
12 -24 1562.002806
14 -24 1561.973410
16 -24 1561.939882
18 -24 1561.902388
20 -24 1561.861111
22 -24 1561.816253
24 -24 1561.768033
26 -24 1561.716687
28 -24 1561.662466
30 -24 1561.605636
32 -24 1561.546473
34 -24 1561.485267
36 -24 1561.422317
38 -24 1561.357930
40 -24 1561.292420
42 -24 1561.226106
44 -24 1561.159313
46 -24 1561.092365
48 -24 1561.025589
50 -24 1560.959309
52 -24 1560.893849
54 -24 1560.829527
56 -24 1560.766656
58 -24 1560.705542
60 -24 1560.646482
62 -24 1560.589762
64 -24 1560.535659
66 -24 1560.484434
68 -24 1560.436337
70 -24 1560.391602
72 -24 1560.350444
74 -24 1560.313065
76 -24 1560.279644
78 -24 1560.250344
80 -24 1560.225308
82 -24 1560.204656
84 -24 1560.188489
86 -24 1560.176885
88 -24 1560.169899
90 -24 1560.167567
92 -24 1560.169899
94 -24 1560.176885
96 -24 1560.188489
98 -24 1560.204656
100 -24 1560.225308
102 -24 1560.250344
104 -24 1560.279644
106 -24 1560.313065
108 -24 1560.350444
110 -24 1560.391602
112 -24 1560.436337
114 -24 1560.484434
116 -24 1560.535659
118 -24 1560.589762
120 -24 1560.646482
122 -24 1560.705542
124 -24 1560.766656
126 -24 1560.829527
128 -24 1560.893849
130 -24 1560.959309
132 -24 1561.025589
134 -24 1561.092365
136 -24 1561.159313
138 -24 1561.226106
140 -24 1561.292420
142 -24 1561.357930
144 -24 1561.422317
146 -24 1561.485267
148 -24 1561.546473
150 -24 1561.605636
152 -24 1561.662466
154 -24 1561.716687
156 -24 1561.768033
158 -24 1561.816253
160 -24 1561.861111
162 -24 1561.902388
164 -24 1561.939882
166 -24 1561.973410
168 -24 1562.002806
170 -24 1562.027929
172 -24 1562.048653
174 -24 1562.064878
176 -24 1562.076525
178 -24 1562.083535
180 -24 1562.085876
182 -24 1562.083535
184 -24 1562.076525
186 -24 1562.064878
188 -24 1562.048653
190 -24 1562.027929
192 -24 1562.002806
194 -24 1561.973410
196 -24 1561.939882
198 -24 1561.902388
200 -24 1561.861111
202 -24 1561.816253
204 -24 1561.768033
206 -24 1561.716687
208 -24 1561.662466
210 -24 1561.605636
212 -24 1561.546473
214 -24 1561.485267
216 -24 1561.422317
218 -24 1561.357930
220 -24 1561.292420
222 -24 1561.226106
224 -24 1561.159313
226 -24 1561.092365
228 -24 1561.025589
230 -24 1560.959309
232 -24 1560.893849
234 -24 1560.829527
236 -24 1560.766656
238 -24 1560.705542
240 -24 1560.646482
242 -24 1560.589762
244 -24 1560.535659
246 -24 1560.484434
248 -24 1560.436337
250 -24 1560.391602
252 -24 1560.350444
254 -24 1560.313065
256 -24 1560.279644
258 -24 1560.250344
260 -24 1560.225308
262 -24 1560.204656
264 -24 1560.188489
266 -24 1560.176885
268 -24 1560.169899
270 -24 1560.167567
272 -24 1560.169899
274 -24 1560.176885
276 -24 1560.188489
278 -24 1560.204656
280 -24 1560.225308
282 -24 1560.250344
284 -24 1560.279644
286 -24 1560.313065
288 -24 1560.350444
290 -24 1560.391602
292 -24 1560.436337
294 -24 1560.484434
296 -24 1560.535659
298 -24 1560.589762
300 -24 1560.646482
302 -24 1560.705542
304 -24 1560.766656
306 -24 1560.829527
308 -24 1560.893849
310 -24 1560.959309
312 -24 1561.025589
314 -24 1561.092365
316 -24 1561.159313
318 -24 1561.226106
320 -24 1561.292420
322 -24 1561.357930
324 -24 1561.422317
326 -24 1561.485267
328 -24 1561.546473
330 -24 1561.605636
332 -24 1561.662466
334 -24 1561.716687
336 -24 1561.768033
338 -24 1561.816253
340 -24 1561.861111
342 -24 1561.902388
344 -24 1561.939882
346 -24 1561.973410
348 -24 1562.002806
350 -24 1562.027929
352 -24 1562.048653
354 -24 1562.064878
356 -24 1562.076525
358 -24 1562.083535
360 -24 1562.085876
0 -22 1562.163861
2 -22 1562.161450
4 -22 1562.154227
6 -22 1562.142228
8 -22 1562.125513
10 -22 1562.104162
12 -22 1562.078280
14 -22 1562.047995
16 -22 1562.013454
18 -22 1561.974827
20 -22 1561.932302
22 -22 1561.886088
24 -22 1561.836411
26 -22 1561.783514
28 -22 1561.727655
30 -22 1561.669108
32 -22 1561.608158
34 -22 1561.545103
36 -22 1561.480252
38 -22 1561.413921
40 -22 1561.346433
42 -22 1561.278118
44 -22 1561.209309
46 -22 1561.140340
48 -22 1561.071549
50 -22 1561.003270
52 -22 1560.935836
54 -22 1560.869574
56 -22 1560.804807
58 -22 1560.741850
60 -22 1560.681008
62 -22 1560.622579
64 -22 1560.566844
66 -22 1560.514076
68 -22 1560.464530
70 -22 1560.418446
72 -22 1560.376048
74 -22 1560.337542
76 -22 1560.303115
78 -22 1560.272932
80 -22 1560.247142
82 -22 1560.225868
84 -22 1560.209213
86 -22 1560.197260
88 -22 1560.190064
90 -22 1560.187662
92 -22 1560.190064
94 -22 1560.197260
96 -22 1560.209213
98 -22 1560.225868
100 -22 1560.247142
102 -22 1560.272932
104 -22 1560.303115
106 -22 1560.337542
108 -22 1560.376048
110 -22 1560.418446
112 -22 1560.464530
114 -22 1560.514076
116 -22 1560.566844
118 -22 1560.622579
120 -22 1560.681008
122 -22 1560.741850
124 -22 1560.804807
126 -22 1560.869574
128 -22 1560.935836
130 -22 1561.003270
132 -22 1561.071549
134 -22 1561.140340
136 -22 1561.209309
138 -22 1561.278118
140 -22 1561.346433
142 -22 1561.413921
144 -22 1561.480252
146 -22 1561.545103
148 -22 1561.608158
150 -22 1561.669108
152 -22 1561.727655
154 -22 1561.783514
156 -22 1561.836411
158 -22 1561.886088
160 -22 1561.932302
162 -22 1561.974827
164 -22 1562.013454
166 -22 1562.047995
168 -22 1562.078280
170 -22 1562.104162
172 -22 1562.125513
174 -22 1562.142228
176 -22 1562.154227
178 -22 1562.161450
180 -22 1562.163861
182 -22 1562.161450
184 -22 1562.154227
186 -22 1562.142228
188 -22 1562.125513
190 -22 1562.104162
192 -22 1562.078280
194 -22 1562.047995
196 -22 1562.013454
198 -22 1561.974827
200 -22 1561.932302
202 -22 1561.886088
204 -22 1561.836411
206 -22 1561.783514
208 -22 1561.727655
210 -22 1561.669108
212 -22 1561.608158
214 -22 1561.545103
216 -22 1561.480252
218 -22 1561.413921
220 -22 1561.346433
222 -22 1561.278118
224 -22 1561.209309
226 -22 1561.140340
228 -22 1561.071549
230 -22 1561.003270
232 -22 1560.935836
234 -22 1560.869574
236 -22 1560.804807
238 -22 1560.741850
240 -22 1560.681008
242 -22 1560.622579
244 -22 1560.566844
246 -22 1560.514076
248 -22 1560.464530
250 -22 1560.418446
252 -22 1560.376048
254 -22 1560.337542
256 -22 1560.303115
258 -22 1560.272932
260 -22 1560.247142
262 -22 1560.225868
264 -22 1560.209213
266 -22 1560.197260
268 -22 1560.190064
270 -22 1560.187662
272 -22 1560.190064
274 -22 1560.197260
276 -22 1560.209213
278 -22 1560.225868
280 -22 1560.247142
282 -22 1560.272932
284 -22 1560.303115
286 -22 1560.337542
288 -22 1560.376048
290 -22 1560.418446
292 -22 1560.464530
294 -22 1560.514076
296 -22 1560.566844
298 -22 1560.622579
300 -22 1560.681008
302 -22 1560.741850
304 -22 1560.804807
306 -22 1560.869574
308 -22 1560.935836
310 -22 1561.003270
312 -22 1561.071549
314 -22 1561.140340
316 -22 1561.209309
318 -22 1561.278118
320 -22 1561.346433
322 -22 1561.413921
324 -22 1561.480252
326 -22 1561.545103
328 -22 1561.608158
330 -22 1561.669108
332 -22 1561.727655
334 -22 1561.783514
336 -22 1561.836411
338 -22 1561.886088
340 -22 1561.932302
342 -22 1561.974827
344 -22 1562.013454
346 -22 1562.047995
348 -22 1562.078280
350 -22 1562.104162
352 -22 1562.125513
354 -22 1562.142228
356 -22 1562.154227
358 -22 1562.161450
360 -22 1562.163861
0 -20 1562.236414
2 -20 1562.233936
4 -20 1562.226516
6 -20 1562.214190
8 -20 1562.197018
10 -20 1562.175084
12 -20 1562.148496
14 -20 1562.117384
16 -20 1562.081900
18 -20 1562.042218
20 -20 1561.998533
22 -20 1561.951057
24 -20 1561.900024
26 -20 1561.845684
28 -20 1561.788301
30 -20 1561.728156
32 -20 1561.665544
34 -20 1561.600770
36 -20 1561.534150
38 -20 1561.466010
40 -20 1561.396682
42 -20 1561.326504
44 -20 1561.255819
46 -20 1561.184971
48 -20 1561.114306
50 -20 1561.044166
52 -20 1560.974894
54 -20 1560.906827
56 -20 1560.840297
58 -20 1560.775625
60 -20 1560.713127
62 -20 1560.653107
64 -20 1560.595855
66 -20 1560.541650
68 -20 1560.490755
70 -20 1560.443417
72 -20 1560.399866
74 -20 1560.360312
76 -20 1560.324948
78 -20 1560.293945
80 -20 1560.267452
82 -20 1560.245600
84 -20 1560.228492
86 -20 1560.216213
88 -20 1560.208822
90 -20 1560.206354
92 -20 1560.208822
94 -20 1560.216213
96 -20 1560.228492
98 -20 1560.245600
100 -20 1560.267452
102 -20 1560.293945
104 -20 1560.324948
106 -20 1560.360312
108 -20 1560.399866
110 -20 1560.443417
112 -20 1560.490755
114 -20 1560.541650
116 -20 1560.595855
118 -20 1560.653107
120 -20 1560.713127
122 -20 1560.775625
124 -20 1560.840297
126 -20 1560.906827
128 -20 1560.974894
130 -20 1561.044166
132 -20 1561.114306
134 -20 1561.184971
136 -20 1561.255819
138 -20 1561.326504
140 -20 1561.396682
142 -20 1561.466010
144 -20 1561.534150
146 -20 1561.600770
148 -20 1561.665544
150 -20 1561.728156
152 -20 1561.788301
154 -20 1561.845684
156 -20 1561.900024
158 -20 1561.951057
160 -20 1561.998533
162 -20 1562.042218
164 -20 1562.081900
166 -20 1562.117384
168 -20 1562.148496
170 -20 1562.175084
172 -20 1562.197018
174 -20 1562.214190
176 -20 1562.226516
178 -20 1562.233936
180 -20 1562.236414
182 -20 1562.233936
184 -20 1562.226516
186 -20 1562.214190
188 -20 1562.197018
190 -20 1562.175084
192 -20 1562.148496
194 -20 1562.117384
196 -20 1562.081900
198 -20 1562.042218
200 -20 1561.998533
202 -20 1561.951057
204 -20 1561.900024
206 -20 1561.845684
208 -20 1561.788301
210 -20 1561.728156
212 -20 1561.665544
214 -20 1561.600770
216 -20 1561.534150
218 -20 1561.466010
220 -20 1561.396682
222 -20 1561.326504
224 -20 1561.255819
226 -20 1561.184971
228 -20 1561.114306
230 -20 1561.044166
232 -20 1560.974894
234 -20 1560.906827
236 -20 1560.840297
238 -20 1560.775625
240 -20 1560.713127
242 -20 1560.653107
244 -20 1560.595855
246 -20 1560.541650
248 -20 1560.490755
250 -20 1560.443417
252 -20 1560.399866
254 -20 1560.360312
256 -20 1560.324948
258 -20 1560.293945
260 -20 1560.267452
262 -20 1560.245600
264 -20 1560.228492
266 -20 1560.216213
268 -20 1560.208822
270 -20 1560.206354
272 -20 1560.208822
274 -20 1560.216213
276 -20 1560.228492
278 -20 1560.245600
280 -20 1560.267452
282 -20 1560.293945
284 -20 1560.324948
286 -20 1560.360312
288 -20 1560.399866
290 -20 1560.443417
292 -20 1560.490755
294 -20 1560.541650
296 -20 1560.595855
298 -20 1560.653107
300 -20 1560.713127
302 -20 1560.775625
304 -20 1560.840297
306 -20 1560.906827
308 -20 1560.974894
310 -20 1561.044166
312 -20 1561.114306
314 -20 1561.184971
316 -20 1561.255819
318 -20 1561.326504
320 -20 1561.396682
322 -20 1561.466010
324 -20 1561.534150
326 -20 1561.600770
328 -20 1561.665544
330 -20 1561.728156
332 -20 1561.788301
334 -20 1561.845684
336 -20 1561.900024
338 -20 1561.951057
340 -20 1561.998533
342 -20 1562.042218
344 -20 1562.081900
346 -20 1562.117384
348 -20 1562.148496
350 -20 1562.175084
352 -20 1562.197018
354 -20 1562.214190
356 -20 1562.226516
358 -20 1562.233936
360 -20 1562.236414
0 -18 1562.303178
2 -18 1562.300640
4 -18 1562.293038
6 -18 1562.280410
8 -18 1562.262818
10 -18 1562.240348
12 -18 1562.213109
14 -18 1562.181236
16 -18 1562.144884
18 -18 1562.104232
20 -18 1562.059478
22 -18 1562.010842
24 -18 1561.958562
26 -18 1561.902892
28 -18 1561.844107
30 -18 1561.782492
32 -18 1561.718350
34 -18 1561.651993
36 -18 1561.583745
38 -18 1561.513941
40 -18 1561.442919
42 -18 1561.371028
44 -18 1561.298617
46 -18 1561.226039
48 -18 1561.153648
50 -18 1561.081797
52 -18 1561.010835
54 -18 1560.941107
56 -18 1560.872953
58 -18 1560.806703
60 -18 1560.742681
62 -18 1560.681197
64 -18 1560.622549
66 -18 1560.567022
68 -18 1560.514887
70 -18 1560.466395
72 -18 1560.421781
74 -18 1560.381264
76 -18 1560.345037
78 -18 1560.313278
80 -18 1560.286141
82 -18 1560.263755
84 -18 1560.246231
86 -18 1560.233653
88 -18 1560.226082
90 -18 1560.223554
92 -18 1560.226082
94 -18 1560.233653
96 -18 1560.246231
98 -18 1560.263755
100 -18 1560.286141
102 -18 1560.313278
104 -18 1560.345037
106 -18 1560.381264
108 -18 1560.421781
110 -18 1560.466395
112 -18 1560.514887
114 -18 1560.567022
116 -18 1560.622549
118 -18 1560.681197
120 -18 1560.742681
122 -18 1560.806703
124 -18 1560.872953
126 -18 1560.941107
128 -18 1561.010835
130 -18 1561.081797
132 -18 1561.153648
134 -18 1561.226039
136 -18 1561.298617
138 -18 1561.371028
140 -18 1561.442919
142 -18 1561.513941
144 -18 1561.583745
146 -18 1561.651993
148 -18 1561.718350
150 -18 1561.782492
152 -18 1561.844107
154 -18 1561.902892
156 -18 1561.958562
158 -18 1562.010842
160 -18 1562.059478
162 -18 1562.104232
164 -18 1562.144884
166 -18 1562.181236
168 -18 1562.213109
170 -18 1562.240348
172 -18 1562.262818
174 -18 1562.280410
176 -18 1562.293038
178 -18 1562.300640
180 -18 1562.303178
182 -18 1562.300640
184 -18 1562.293038
186 -18 1562.280410
188 -18 1562.262818
190 -18 1562.240348
192 -18 1562.213109
194 -18 1562.181236
196 -18 1562.144884
198 -18 1562.104232
200 -18 1562.059478
202 -18 1562.010842
204 -18 1561.958562
206 -18 1561.902892
208 -18 1561.844107
210 -18 1561.782492
212 -18 1561.718350
214 -18 1561.651993
216 -18 1561.583745
218 -18 1561.513941
220 -18 1561.442919
222 -18 1561.371028
224 -18 1561.298617
226 -18 1561.226039
228 -18 1561.153648
230 -18 1561.081797
232 -18 1561.010835
234 -18 1560.941107
236 -18 1560.872953
238 -18 1560.806703
240 -18 1560.742681
242 -18 1560.681197
244 -18 1560.622549
246 -18 1560.567022
248 -18 1560.514887
250 -18 1560.466395
252 -18 1560.421781
254 -18 1560.381264
256 -18 1560.345037
258 -18 1560.313278
260 -18 1560.286141
262 -18 1560.263755
264 -18 1560.246231
266 -18 1560.233653
268 -18 1560.226082
270 -18 1560.223554
272 -18 1560.226082
274 -18 1560.233653
276 -18 1560.246231
278 -18 1560.263755
280 -18 1560.286141
282 -18 1560.313278
284 -18 1560.345037
286 -18 1560.381264
288 -18 1560.421781
290 -18 1560.466395
292 -18 1560.514887
294 -18 1560.567022
296 -18 1560.622549
298 -18 1560.681197
300 -18 1560.742681
302 -18 1560.806703
304 -18 1560.872953
306 -18 1560.941107
308 -18 1561.010835
310 -18 1561.081797
312 -18 1561.153648
314 -18 1561.226039
316 -18 1561.298617
318 -18 1561.371028
320 -18 1561.442919
322 -18 1561.513941
324 -18 1561.583745
326 -18 1561.651993
328 -18 1561.718350
330 -18 1561.782492
332 -18 1561.844107
334 -18 1561.902892
336 -18 1561.958562
338 -18 1562.010842
340 -18 1562.059478
342 -18 1562.104232
344 -18 1562.144884
346 -18 1562.181236
348 -18 1562.213109
350 -18 1562.240348
352 -18 1562.262818
354 -18 1562.280410
356 -18 1562.293038
358 -18 1562.300640
360 -18 1562.303178
0 -16 1562.363825
2 -16 1562.361232
4 -16 1562.353466
6 -16 1562.340564
8 -16 1562.322590
10 -16 1562.299632
12 -16 1562.271803
14 -16 1562.239238
16 -16 1562.202098
18 -16 1562.160564
20 -16 1562.114840
22 -16 1562.065149
24 -16 1562.011735
26 -16 1561.954859
28 -16 1561.894799
30 -16 1561.831849
32 -16 1561.766317
34 -16 1561.698522
36 -16 1561.628796
38 -16 1561.557479
40 -16 1561.484920
42 -16 1561.411471
44 -16 1561.337492
46 -16 1561.263343
48 -16 1561.189385
50 -16 1561.115979
52 -16 1561.043481
54 -16 1560.972244
56 -16 1560.902615
58 -16 1560.834933
60 -16 1560.769526
62 -16 1560.706712
64 -16 1560.646796
66 -16 1560.590068
68 -16 1560.536806
70 -16 1560.487265
72 -16 1560.441688
74 -16 1560.400294
76 -16 1560.363285
78 -16 1560.330840
80 -16 1560.303115
82 -16 1560.280246
84 -16 1560.262344
86 -16 1560.249494
88 -16 1560.241759
90 -16 1560.239176
92 -16 1560.241759
94 -16 1560.249494
96 -16 1560.262344
98 -16 1560.280246
100 -16 1560.303115
102 -16 1560.330840
104 -16 1560.363285
106 -16 1560.400294
108 -16 1560.441688
110 -16 1560.487265
112 -16 1560.536806
114 -16 1560.590068
116 -16 1560.646796
118 -16 1560.706712
120 -16 1560.769526
122 -16 1560.834933
124 -16 1560.902615
126 -16 1560.972244
128 -16 1561.043481
130 -16 1561.115979
132 -16 1561.189385
134 -16 1561.263343
136 -16 1561.337492
138 -16 1561.411471
140 -16 1561.484920
142 -16 1561.557479
144 -16 1561.628796
146 -16 1561.698522
148 -16 1561.766317
150 -16 1561.831849
152 -16 1561.894799
154 -16 1561.954859
156 -16 1562.011735
158 -16 1562.065149
160 -16 1562.114840
162 -16 1562.160564
164 -16 1562.202098
166 -16 1562.239238
168 -16 1562.271803
170 -16 1562.299632
172 -16 1562.322590
174 -16 1562.340564
176 -16 1562.353466
178 -16 1562.361232
180 -16 1562.363825
182 -16 1562.361232
184 -16 1562.353466
186 -16 1562.340564
188 -16 1562.322590
190 -16 1562.299632
192 -16 1562.271803
194 -16 1562.239238
196 -16 1562.202098
198 -16 1562.160564
200 -16 1562.114840
202 -16 1562.065149
204 -16 1562.011735
206 -16 1561.954859
208 -16 1561.894799
210 -16 1561.831849
212 -16 1561.766317
214 -16 1561.698522
216 -16 1561.628796
218 -16 1561.557479
220 -16 1561.484920
222 -16 1561.411471
224 -16 1561.337492
226 -16 1561.263343
228 -16 1561.189385
230 -16 1561.115979
232 -16 1561.043481
234 -16 1560.972244
236 -16 1560.902615
238 -16 1560.834933
240 -16 1560.769526
242 -16 1560.706712
244 -16 1560.646796
246 -16 1560.590068
248 -16 1560.536806
250 -16 1560.487265
252 -16 1560.441688
254 -16 1560.400294
256 -16 1560.363285
258 -16 1560.330840
260 -16 1560.303115
262 -16 1560.280246
264 -16 1560.262344
266 -16 1560.249494
268 -16 1560.241759
270 -16 1560.239176
272 -16 1560.241759
274 -16 1560.249494
276 -16 1560.262344
278 -16 1560.280246
280 -16 1560.303115
282 -16 1560.330840
284 -16 1560.363285
286 -16 1560.400294
288 -16 1560.441688
290 -16 1560.487265
292 -16 1560.536806
294 -16 1560.590068
296 -16 1560.646796
298 -16 1560.706712
300 -16 1560.769526
302 -16 1560.834933
304 -16 1560.902615
306 -16 1560.972244
308 -16 1561.043481
310 -16 1561.115979
312 -16 1561.189385
314 -16 1561.263343
316 -16 1561.337492
318 -16 1561.411471
320 -16 1561.484920
322 -16 1561.557479
324 -16 1561.628796
326 -16 1561.698522
328 -16 1561.766317
330 -16 1561.831849
332 -16 1561.894799
334 -16 1561.954859
336 -16 1562.011735
338 -16 1562.065149
340 -16 1562.114840
342 -16 1562.160564
344 -16 1562.202098
346 -16 1562.239238
348 -16 1562.271803
350 -16 1562.299632
352 -16 1562.322590
354 -16 1562.340564
356 -16 1562.353466
358 -16 1562.361232
360 -16 1562.363825
0 -14 1562.418059
2 -14 1562.415417
4 -14 1562.407503
6 -14 1562.394356
8 -14 1562.376041
10 -14 1562.352647
12 -14 1562.324289
14 -14 1562.291107
16 -14 1562.253261
18 -14 1562.210939
20 -14 1562.164347
22 -14 1562.113713
24 -14 1562.059285
26 -14 1562.001330
28 -14 1561.940130
30 -14 1561.875986
32 -14 1561.809210
34 -14 1561.740130
36 -14 1561.669081
38 -14 1561.596412
40 -14 1561.522477
42 -14 1561.447636
44 -14 1561.372255
46 -14 1561.296701
48 -14 1561.221341
50 -14 1561.146544
52 -14 1561.072673
54 -14 1561.000087
56 -14 1560.929139
58 -14 1560.860175
60 -14 1560.793530
62 -14 1560.729527
64 -14 1560.668477
66 -14 1560.610676
68 -14 1560.556405
70 -14 1560.505927
72 -14 1560.459487
74 -14 1560.417311
76 -14 1560.379601
78 -14 1560.346542
80 -14 1560.318294
82 -14 1560.294992
84 -14 1560.276751
86 -14 1560.263658
88 -14 1560.255776
90 -14 1560.253145
92 -14 1560.255776
94 -14 1560.263658
96 -14 1560.276751
98 -14 1560.294992
100 -14 1560.318294
102 -14 1560.346542
104 -14 1560.379601
106 -14 1560.417311
108 -14 1560.459487
110 -14 1560.505927
112 -14 1560.556405
114 -14 1560.610676
116 -14 1560.668477
118 -14 1560.729527
120 -14 1560.793530
122 -14 1560.860175
124 -14 1560.929139
126 -14 1561.000087
128 -14 1561.072673
130 -14 1561.146544
132 -14 1561.221341
134 -14 1561.296701
136 -14 1561.372255
138 -14 1561.447636
140 -14 1561.522477
142 -14 1561.596412
144 -14 1561.669081
146 -14 1561.740130
148 -14 1561.809210
150 -14 1561.875986
152 -14 1561.940130
154 -14 1562.001330
156 -14 1562.059285
158 -14 1562.113713
160 -14 1562.164347
162 -14 1562.210939
164 -14 1562.253261
166 -14 1562.291107
168 -14 1562.324289
170 -14 1562.352647
172 -14 1562.376041
174 -14 1562.394356
176 -14 1562.407503
178 -14 1562.415417
180 -14 1562.418059
182 -14 1562.415417
184 -14 1562.407503
186 -14 1562.394356
188 -14 1562.376041
190 -14 1562.352647
192 -14 1562.324289
194 -14 1562.291107
196 -14 1562.253261
198 -14 1562.210939
200 -14 1562.164347
202 -14 1562.113713
204 -14 1562.059285
206 -14 1562.001330
208 -14 1561.940130
210 -14 1561.875986
212 -14 1561.809210
214 -14 1561.740130
216 -14 1561.669081
218 -14 1561.596412
220 -14 1561.522477
222 -14 1561.447636
224 -14 1561.372255
226 -14 1561.296701
228 -14 1561.221341
230 -14 1561.146544
232 -14 1561.072673
234 -14 1561.000087
236 -14 1560.929139
238 -14 1560.860175
240 -14 1560.793530
242 -14 1560.729527
244 -14 1560.668477
246 -14 1560.610676
248 -14 1560.556405
250 -14 1560.505927
252 -14 1560.459487
254 -14 1560.417311
256 -14 1560.379601
258 -14 1560.346542
260 -14 1560.318294
262 -14 1560.294992
264 -14 1560.276751
266 -14 1560.263658
268 -14 1560.255776
270 -14 1560.253145
272 -14 1560.255776
274 -14 1560.263658
276 -14 1560.276751
278 -14 1560.294992
280 -14 1560.318294
282 -14 1560.346542
284 -14 1560.379601
286 -14 1560.417311
288 -14 1560.459487
290 -14 1560.505927
292 -14 1560.556405
294 -14 1560.610676
296 -14 1560.668477
298 -14 1560.729527
300 -14 1560.793530
302 -14 1560.860175
304 -14 1560.929139
306 -14 1561.000087
308 -14 1561.072673
310 -14 1561.146544
312 -14 1561.221341
314 -14 1561.296701
316 -14 1561.372255
318 -14 1561.447636
320 -14 1561.522477
322 -14 1561.596412
324 -14 1561.669081
326 -14 1561.740130
328 -14 1561.809210
330 -14 1561.875986
332 -14 1561.940130
334 -14 1562.001330
336 -14 1562.059285
338 -14 1562.113713
340 -14 1562.164347
342 -14 1562.210939
344 -14 1562.253261
346 -14 1562.291107
348 -14 1562.324289
350 -14 1562.352647
352 -14 1562.376041
354 -14 1562.394356
356 -14 1562.407503
358 -14 1562.415417
360 -14 1562.418059
0 -12 1562.465613
2 -12 1562.462927
4 -12 1562.454884
6 -12 1562.441523
8 -12 1562.422908
10 -12 1562.399132
12 -12 1562.370311
14 -12 1562.336586
16 -12 1562.298122
18 -12 1562.255109
20 -12 1562.207755
22 -12 1562.156294
24 -12 1562.100978
26 -12 1562.042076
28 -12 1561.979877
30 -12 1561.914685
32 -12 1561.846820
34 -12 1561.776611
36 -12 1561.704404
38 -12 1561.630549
40 -12 1561.555407
42 -12 1561.479346
44 -12 1561.402735
46 -12 1561.325948
48 -12 1561.249360
50 -12 1561.173343
52 -12 1561.098268
54 -12 1561.024499
56 -12 1560.952395
58 -12 1560.882308
60 -12 1560.814576
62 -12 1560.749530
64 -12 1560.687486
66 -12 1560.628744
68 -12 1560.573589
70 -12 1560.522290
72 -12 1560.475094
74 -12 1560.432230
76 -12 1560.393907
78 -12 1560.360310
80 -12 1560.331602
82 -12 1560.307921
84 -12 1560.289383
86 -12 1560.276076
88 -12 1560.268067
90 -12 1560.265393
92 -12 1560.268067
94 -12 1560.276076
96 -12 1560.289383
98 -12 1560.307921
100 -12 1560.331602
102 -12 1560.360310
104 -12 1560.393907
106 -12 1560.432230
108 -12 1560.475094
110 -12 1560.522290
112 -12 1560.573589
114 -12 1560.628744
116 -12 1560.687486
118 -12 1560.749530
120 -12 1560.814576
122 -12 1560.882308
124 -12 1560.952395
126 -12 1561.024499
128 -12 1561.098268
130 -12 1561.173343
132 -12 1561.249360
134 -12 1561.325948
136 -12 1561.402735
138 -12 1561.479346
140 -12 1561.555407
142 -12 1561.630549
144 -12 1561.704404
146 -12 1561.776611
148 -12 1561.846820
150 -12 1561.914685
152 -12 1561.979877
154 -12 1562.042076
156 -12 1562.100978
158 -12 1562.156294
160 -12 1562.207755
162 -12 1562.255109
164 -12 1562.298122
166 -12 1562.336586
168 -12 1562.370311
170 -12 1562.399132
172 -12 1562.422908
174 -12 1562.441523
176 -12 1562.454884
178 -12 1562.462927
180 -12 1562.465613
182 -12 1562.462927
184 -12 1562.454884
186 -12 1562.441523
188 -12 1562.422908
190 -12 1562.399132
192 -12 1562.370311
194 -12 1562.336586
196 -12 1562.298122
198 -12 1562.255109
200 -12 1562.207755
202 -12 1562.156294
204 -12 1562.100978
206 -12 1562.042076
208 -12 1561.979877
210 -12 1561.914685
212 -12 1561.846820
214 -12 1561.776611
216 -12 1561.704404
218 -12 1561.630549
220 -12 1561.555407
222 -12 1561.479346
224 -12 1561.402735
226 -12 1561.325948
228 -12 1561.249360
230 -12 1561.173343
232 -12 1561.098268
234 -12 1561.024499
236 -12 1560.952395
238 -12 1560.882308
240 -12 1560.814576
242 -12 1560.749530
244 -12 1560.687486
246 -12 1560.628744
248 -12 1560.573589
250 -12 1560.522290
252 -12 1560.475094
254 -12 1560.432230
256 -12 1560.393907
258 -12 1560.360310
260 -12 1560.331602
262 -12 1560.307921
264 -12 1560.289383
266 -12 1560.276076
268 -12 1560.268067
270 -12 1560.265393
272 -12 1560.268067
274 -12 1560.276076
276 -12 1560.289383
278 -12 1560.307921
280 -12 1560.331602
282 -12 1560.360310
284 -12 1560.393907
286 -12 1560.432230
288 -12 1560.475094
290 -12 1560.522290
292 -12 1560.573589
294 -12 1560.628744
296 -12 1560.687486
298 -12 1560.749530
300 -12 1560.814576
302 -12 1560.882308
304 -12 1560.952395
306 -12 1561.024499
308 -12 1561.098268
310 -12 1561.173343
312 -12 1561.249360
314 -12 1561.325948
316 -12 1561.402735
318 -12 1561.479346
320 -12 1561.555407
322 -12 1561.630549
324 -12 1561.704404
326 -12 1561.776611
328 -12 1561.846820
330 -12 1561.914685
332 -12 1561.979877
334 -12 1562.042076
336 -12 1562.100978
338 -12 1562.156294
340 -12 1562.207755
342 -12 1562.255109
344 -12 1562.298122
346 -12 1562.336586
348 -12 1562.370311
350 -12 1562.399132
352 -12 1562.422908
354 -12 1562.441523
356 -12 1562.454884
358 -12 1562.462927
360 -12 1562.465613
0 -10 1562.506253
2 -10 1562.503531
4 -10 1562.495377
6 -10 1562.481832
8 -10 1562.462961
10 -10 1562.438859
12 -10 1562.409641
14 -10 1562.375453
16 -10 1562.336461
18 -10 1562.292856
20 -10 1562.244852
22 -10 1562.192685
24 -10 1562.136608
26 -10 1562.076897
28 -10 1562.013845
30 -10 1561.947758
32 -10 1561.878961
34 -10 1561.807789
36 -10 1561.734590
38 -10 1561.659721
40 -10 1561.583549
42 -10 1561.506444
44 -10 1561.428783
46 -10 1561.350943
48 -10 1561.273305
50 -10 1561.196246
52 -10 1561.120141
54 -10 1561.045361
56 -10 1560.972269
58 -10 1560.901221
60 -10 1560.832562
62 -10 1560.766625
64 -10 1560.703731
66 -10 1560.644184
68 -10 1560.588274
70 -10 1560.536272
72 -10 1560.488430
74 -10 1560.444980
76 -10 1560.406132
78 -10 1560.372075
80 -10 1560.342974
82 -10 1560.318969
84 -10 1560.300177
86 -10 1560.286689
88 -10 1560.278570
90 -10 1560.275859
92 -10 1560.278570
94 -10 1560.286689
96 -10 1560.300177
98 -10 1560.318969
100 -10 1560.342974
102 -10 1560.372075
104 -10 1560.406132
106 -10 1560.444980
108 -10 1560.488430
110 -10 1560.536272
112 -10 1560.588274
114 -10 1560.644184
116 -10 1560.703731
118 -10 1560.766625
120 -10 1560.832562
122 -10 1560.901221
124 -10 1560.972269
126 -10 1561.045361
128 -10 1561.120141
130 -10 1561.196246
132 -10 1561.273305
134 -10 1561.350943
136 -10 1561.428783
138 -10 1561.506444
140 -10 1561.583549
142 -10 1561.659721
144 -10 1561.734590
146 -10 1561.807789
148 -10 1561.878961
150 -10 1561.947758
152 -10 1562.013845
154 -10 1562.076897
156 -10 1562.136608
158 -10 1562.192685
160 -10 1562.244852
162 -10 1562.292856
164 -10 1562.336461
166 -10 1562.375453
168 -10 1562.409641
170 -10 1562.438859
172 -10 1562.462961
174 -10 1562.481832
176 -10 1562.495377
178 -10 1562.503531
180 -10 1562.506253
182 -10 1562.503531
184 -10 1562.495377
186 -10 1562.481832
188 -10 1562.462961
190 -10 1562.438859
192 -10 1562.409641
194 -10 1562.375453
196 -10 1562.336461
198 -10 1562.292856
200 -10 1562.244852
202 -10 1562.192685
204 -10 1562.136608
206 -10 1562.076897
208 -10 1562.013845
210 -10 1561.947758
212 -10 1561.878961
214 -10 1561.807789
216 -10 1561.734590
218 -10 1561.659721
220 -10 1561.583549
222 -10 1561.506444
224 -10 1561.428783
226 -10 1561.350943
228 -10 1561.273305
230 -10 1561.196246
232 -10 1561.120141
234 -10 1561.045361
236 -10 1560.972269
238 -10 1560.901221
240 -10 1560.832562
242 -10 1560.766625
244 -10 1560.703731
246 -10 1560.644184
248 -10 1560.588274
250 -10 1560.536272
252 -10 1560.488430
254 -10 1560.444980
256 -10 1560.406132
258 -10 1560.372075
260 -10 1560.342974
262 -10 1560.318969
264 -10 1560.300177
266 -10 1560.286689
268 -10 1560.278570
270 -10 1560.275859
272 -10 1560.278570
274 -10 1560.286689
276 -10 1560.300177
278 -10 1560.318969
280 -10 1560.342974
282 -10 1560.372075
284 -10 1560.406132
286 -10 1560.444980
288 -10 1560.488430
290 -10 1560.536272
292 -10 1560.588274
294 -10 1560.644184
296 -10 1560.703731
298 -10 1560.766625
300 -10 1560.832562
302 -10 1560.901221
304 -10 1560.972269
306 -10 1561.045361
308 -10 1561.120141
310 -10 1561.196246
312 -10 1561.273305
314 -10 1561.350943
316 -10 1561.428783
318 -10 1561.506444
320 -10 1561.583549
322 -10 1561.659721
324 -10 1561.734590
326 -10 1561.807789
328 -10 1561.878961
330 -10 1561.947758
332 -10 1562.013845
334 -10 1562.076897
336 -10 1562.136608
338 -10 1562.192685
340 -10 1562.244852
342 -10 1562.292856
344 -10 1562.336461
346 -10 1562.375453
348 -10 1562.409641
350 -10 1562.438859
352 -10 1562.462961
354 -10 1562.481832
356 -10 1562.495377
358 -10 1562.503531
360 -10 1562.506253
0 -8 1562.539780
2 -8 1562.537027
4 -8 1562.528782
6 -8 1562.515085
8 -8 1562.496004
10 -8 1562.471632
12 -8 1562.442088
14 -8 1562.407517
16 -8 1562.368089
18 -8 1562.323997
20 -8 1562.275456
22 -8 1562.222705
24 -8 1562.166002
26 -8 1562.105624
28 -8 1562.041867
30 -8 1561.975041
32 -8 1561.905475
34 -8 1561.833509
36 -8 1561.759492
38 -8 1561.683788
40 -8 1561.606765
42 -8 1561.528799
44 -8 1561.450271
46 -8 1561.371562
48 -8 1561.293058
50 -8 1561.215139
52 -8 1561.138185
54 -8 1561.062571
56 -8 1560.988664
58 -8 1560.916824
60 -8 1560.847399
62 -8 1560.780727
64 -8 1560.717132
66 -8 1560.656922
68 -8 1560.600389
70 -8 1560.547807
72 -8 1560.499432
74 -8 1560.455498
76 -8 1560.416217
78 -8 1560.381781
80 -8 1560.352355
82 -8 1560.328083
84 -8 1560.309082
86 -8 1560.295444
88 -8 1560.287234
90 -8 1560.284493
92 -8 1560.287234
94 -8 1560.295444
96 -8 1560.309082
98 -8 1560.328083
100 -8 1560.352355
102 -8 1560.381781
104 -8 1560.416217
106 -8 1560.455498
108 -8 1560.499432
110 -8 1560.547807
112 -8 1560.600389
114 -8 1560.656922
116 -8 1560.717132
118 -8 1560.780727
120 -8 1560.847399
122 -8 1560.916824
124 -8 1560.988664
126 -8 1561.062571
128 -8 1561.138185
130 -8 1561.215139
132 -8 1561.293058
134 -8 1561.371562
136 -8 1561.450271
138 -8 1561.528799
140 -8 1561.606765
142 -8 1561.683788
144 -8 1561.759492
146 -8 1561.833509
148 -8 1561.905475
150 -8 1561.975041
152 -8 1562.041867
154 -8 1562.105624
156 -8 1562.166002
158 -8 1562.222705
160 -8 1562.275456
162 -8 1562.323997
164 -8 1562.368089
166 -8 1562.407517
168 -8 1562.442088
170 -8 1562.471632
172 -8 1562.496004
174 -8 1562.515085
176 -8 1562.528782
178 -8 1562.537027
180 -8 1562.539780
182 -8 1562.537027
184 -8 1562.528782
186 -8 1562.515085
188 -8 1562.496004
190 -8 1562.471632
192 -8 1562.442088
194 -8 1562.407517
196 -8 1562.368089
198 -8 1562.323997
200 -8 1562.275456
202 -8 1562.222705
204 -8 1562.166002
206 -8 1562.105624
208 -8 1562.041867
210 -8 1561.975041
212 -8 1561.905475
214 -8 1561.833509
216 -8 1561.759492
218 -8 1561.683788
220 -8 1561.606765
222 -8 1561.528799
224 -8 1561.450271
226 -8 1561.371562
228 -8 1561.293058
230 -8 1561.215139
232 -8 1561.138185
234 -8 1561.062571
236 -8 1560.988664
238 -8 1560.916824
240 -8 1560.847399
242 -8 1560.780727
244 -8 1560.717132
246 -8 1560.656922
248 -8 1560.600389
250 -8 1560.547807
252 -8 1560.499432
254 -8 1560.455498
256 -8 1560.416217
258 -8 1560.381781
260 -8 1560.352355
262 -8 1560.328083
264 -8 1560.309082
266 -8 1560.295444
268 -8 1560.287234
270 -8 1560.284493
272 -8 1560.287234
274 -8 1560.295444
276 -8 1560.309082
278 -8 1560.328083
280 -8 1560.352355
282 -8 1560.381781
284 -8 1560.416217
286 -8 1560.455498
288 -8 1560.499432
290 -8 1560.547807
292 -8 1560.600389
294 -8 1560.656922
296 -8 1560.717132
298 -8 1560.780727
300 -8 1560.847399
302 -8 1560.916824
304 -8 1560.988664
306 -8 1561.062571
308 -8 1561.138185
310 -8 1561.215139
312 -8 1561.293058
314 -8 1561.371562
316 -8 1561.450271
318 -8 1561.528799
320 -8 1561.606765
322 -8 1561.683788
324 -8 1561.759492
326 -8 1561.833509
328 -8 1561.905475
330 -8 1561.975041
332 -8 1562.041867
334 -8 1562.105624
336 -8 1562.166002
338 -8 1562.222705
340 -8 1562.275456
342 -8 1562.323997
344 -8 1562.368089
346 -8 1562.407517
348 -8 1562.442088
350 -8 1562.471632
352 -8 1562.496004
354 -8 1562.515085
356 -8 1562.528782
358 -8 1562.537027
360 -8 1562.539780
0 -6 1562.566029
2 -6 1562.563252
4 -6 1562.554936
6 -6 1562.541120
8 -6 1562.521874
10 -6 1562.497290
12 -6 1562.467491
14 -6 1562.432621
16 -6 1562.392851
18 -6 1562.348377
20 -6 1562.299417
22 -6 1562.246209
24 -6 1562.189015
26 -6 1562.128114
28 -6 1562.063805
30 -6 1561.996402
32 -6 1561.926234
34 -6 1561.853645
36 -6 1561.778988
38 -6 1561.702629
40 -6 1561.624940
42 -6 1561.546301
44 -6 1561.467094
46 -6 1561.387705
48 -6 1561.308522
50 -6 1561.229930
52 -6 1561.152312
54 -6 1561.076045
56 -6 1561.001500
58 -6 1560.929039
60 -6 1560.859015
62 -6 1560.791768
64 -6 1560.727623
66 -6 1560.666894
68 -6 1560.609873
70 -6 1560.556838
72 -6 1560.508045
74 -6 1560.463732
76 -6 1560.424113
78 -6 1560.389379
80 -6 1560.359700
82 -6 1560.335219
84 -6 1560.316053
86 -6 1560.302297
88 -6 1560.294017
90 -6 1560.291252
92 -6 1560.294017
94 -6 1560.302297
96 -6 1560.316053
98 -6 1560.335219
100 -6 1560.359700
102 -6 1560.389379
104 -6 1560.424113
106 -6 1560.463732
108 -6 1560.508045
110 -6 1560.556838
112 -6 1560.609873
114 -6 1560.666894
116 -6 1560.727623
118 -6 1560.791768
120 -6 1560.859015
122 -6 1560.929039
124 -6 1561.001500
126 -6 1561.076045
128 -6 1561.152312
130 -6 1561.229930
132 -6 1561.308522
134 -6 1561.387705
136 -6 1561.467094
138 -6 1561.546301
140 -6 1561.624940
142 -6 1561.702629
144 -6 1561.778988
146 -6 1561.853645
148 -6 1561.926234
150 -6 1561.996402
152 -6 1562.063805
154 -6 1562.128114
156 -6 1562.189015
158 -6 1562.246209
160 -6 1562.299417
162 -6 1562.348377
164 -6 1562.392851
166 -6 1562.432621
168 -6 1562.467491
170 -6 1562.497290
172 -6 1562.521874
174 -6 1562.541120
176 -6 1562.554936
178 -6 1562.563252
180 -6 1562.566029
182 -6 1562.563252
184 -6 1562.554936
186 -6 1562.541120
188 -6 1562.521874
190 -6 1562.497290
192 -6 1562.467491
194 -6 1562.432621
196 -6 1562.392851
198 -6 1562.348377
200 -6 1562.299417
202 -6 1562.246209
204 -6 1562.189015
206 -6 1562.128114
208 -6 1562.063805
210 -6 1561.996402
212 -6 1561.926234
214 -6 1561.853645
216 -6 1561.778988
218 -6 1561.702629
220 -6 1561.624940
222 -6 1561.546301
224 -6 1561.467094
226 -6 1561.387705
228 -6 1561.308522
230 -6 1561.229930
232 -6 1561.152312
234 -6 1561.076045
236 -6 1561.001500
238 -6 1560.929039
240 -6 1560.859015
242 -6 1560.791768
244 -6 1560.727623
246 -6 1560.666894
248 -6 1560.609873
250 -6 1560.556838
252 -6 1560.508045
254 -6 1560.463732
256 -6 1560.424113
258 -6 1560.389379
260 -6 1560.359700
262 -6 1560.335219
264 -6 1560.316053
266 -6 1560.302297
268 -6 1560.294017
270 -6 1560.291252
272 -6 1560.294017
274 -6 1560.302297
276 -6 1560.316053
278 -6 1560.335219
280 -6 1560.359700
282 -6 1560.389379
284 -6 1560.424113
286 -6 1560.463732
288 -6 1560.508045
290 -6 1560.556838
292 -6 1560.609873
294 -6 1560.666894
296 -6 1560.727623
298 -6 1560.791768
300 -6 1560.859015
302 -6 1560.929039
304 -6 1561.001500
306 -6 1561.076045
308 -6 1561.152312
310 -6 1561.229930
312 -6 1561.308522
314 -6 1561.387705
316 -6 1561.467094
318 -6 1561.546301
320 -6 1561.624940
322 -6 1561.702629
324 -6 1561.778988
326 -6 1561.853645
328 -6 1561.926234
330 -6 1561.996402
332 -6 1562.063805
334 -6 1562.128114
336 -6 1562.189015
338 -6 1562.246209
340 -6 1562.299417
342 -6 1562.348377
344 -6 1562.392851
346 -6 1562.432621
348 -6 1562.467491
350 -6 1562.497290
352 -6 1562.521874
354 -6 1562.541120
356 -6 1562.554936
358 -6 1562.563252
360 -6 1562.566029
0 -4 1562.584871
2 -4 1562.582077
4 -4 1562.573709
6 -4 1562.559809
8 -4 1562.540444
10 -4 1562.515709
12 -4 1562.485725
14 -4 1562.450640
16 -4 1562.410626
18 -4 1562.365878
20 -4 1562.316616
22 -4 1562.263080
24 -4 1562.205534
26 -4 1562.144258
28 -4 1562.079553
30 -4 1562.011735
32 -4 1561.941135
34 -4 1561.868099
36 -4 1561.792983
38 -4 1561.716154
40 -4 1561.637987
42 -4 1561.558864
44 -4 1561.479169
46 -4 1561.399293
48 -4 1561.319623
50 -4 1561.240548
52 -4 1561.162452
54 -4 1561.085716
56 -4 1561.010713
58 -4 1560.937807
60 -4 1560.867353
62 -4 1560.799692
64 -4 1560.735154
66 -4 1560.674051
68 -4 1560.616681
70 -4 1560.563320
72 -4 1560.514228
74 -4 1560.469643
76 -4 1560.429780
78 -4 1560.394833
80 -4 1560.364972
82 -4 1560.340340
84 -4 1560.321057
86 -4 1560.307217
88 -4 1560.298886
90 -4 1560.296104
92 -4 1560.298886
94 -4 1560.307217
96 -4 1560.321057
98 -4 1560.340340
100 -4 1560.364972
102 -4 1560.394833
104 -4 1560.429780
106 -4 1560.469643
108 -4 1560.514228
110 -4 1560.563320
112 -4 1560.616681
114 -4 1560.674051
116 -4 1560.735154
118 -4 1560.799692
120 -4 1560.867353
122 -4 1560.937807
124 -4 1561.010713
126 -4 1561.085716
128 -4 1561.162452
130 -4 1561.240548
132 -4 1561.319623
134 -4 1561.399293
136 -4 1561.479169
138 -4 1561.558864
140 -4 1561.637987
142 -4 1561.716154
144 -4 1561.792983
146 -4 1561.868099
148 -4 1561.941135
150 -4 1562.011735
152 -4 1562.079553
154 -4 1562.144258
156 -4 1562.205534
158 -4 1562.263080
160 -4 1562.316616
162 -4 1562.365878
164 -4 1562.410626
166 -4 1562.450640
168 -4 1562.485725
170 -4 1562.515709
172 -4 1562.540444
174 -4 1562.559809
176 -4 1562.573709
178 -4 1562.582077
180 -4 1562.584871
182 -4 1562.582077
184 -4 1562.573709
186 -4 1562.559809
188 -4 1562.540444
190 -4 1562.515709
192 -4 1562.485725
194 -4 1562.450640
196 -4 1562.410626
198 -4 1562.365878
200 -4 1562.316616
202 -4 1562.263080
204 -4 1562.205534
206 -4 1562.144258
208 -4 1562.079553
210 -4 1562.011735
212 -4 1561.941135
214 -4 1561.868099
216 -4 1561.792983
218 -4 1561.716154
220 -4 1561.637987
222 -4 1561.558864
224 -4 1561.479169
226 -4 1561.399293
228 -4 1561.319623
230 -4 1561.240548
232 -4 1561.162452
234 -4 1561.085716
236 -4 1561.010713
238 -4 1560.937807
240 -4 1560.867353
242 -4 1560.799692
244 -4 1560.735154
246 -4 1560.674051
248 -4 1560.616681
250 -4 1560.563320
252 -4 1560.514228
254 -4 1560.469643
256 -4 1560.429780
258 -4 1560.394833
260 -4 1560.364972
262 -4 1560.340340
264 -4 1560.321057
266 -4 1560.307217
268 -4 1560.298886
270 -4 1560.296104
272 -4 1560.298886
274 -4 1560.307217
276 -4 1560.321057
278 -4 1560.340340
280 -4 1560.364972
282 -4 1560.394833
284 -4 1560.429780
286 -4 1560.469643
288 -4 1560.514228
290 -4 1560.563320
292 -4 1560.616681
294 -4 1560.674051
296 -4 1560.735154
298 -4 1560.799692
300 -4 1560.867353
302 -4 1560.937807
304 -4 1561.010713
306 -4 1561.085716
308 -4 1561.162452
310 -4 1561.240548
312 -4 1561.319623
314 -4 1561.399293
316 -4 1561.479169
318 -4 1561.558864
320 -4 1561.637987
322 -4 1561.716154
324 -4 1561.792983
326 -4 1561.868099
328 -4 1561.941135
330 -4 1562.011735
332 -4 1562.079553
334 -4 1562.144258
336 -4 1562.205534
338 -4 1562.263080
340 -4 1562.316616
342 -4 1562.365878
344 -4 1562.410626
346 -4 1562.450640
348 -4 1562.485725
350 -4 1562.515709
352 -4 1562.540444
354 -4 1562.559809
356 -4 1562.573709
358 -4 1562.582077
360 -4 1562.584871
0 -2 1562.596213
2 -2 1562.593409
4 -2 1562.585010
6 -2 1562.571059
8 -2 1562.551622
10 -2 1562.526796
12 -2 1562.496702
14 -2 1562.461488
16 -2 1562.421326
18 -2 1562.376413
20 -2 1562.326969
22 -2 1562.273236
24 -2 1562.215478
26 -2 1562.153977
28 -2 1562.089033
30 -2 1562.020965
32 -2 1561.950105
34 -2 1561.876800
36 -2 1561.801407
38 -2 1561.724295
40 -2 1561.645841
42 -2 1561.566426
44 -2 1561.486438
46 -2 1561.406268
48 -2 1561.326305
50 -2 1561.246939
52 -2 1561.168556
54 -2 1561.091538
56 -2 1561.016259
58 -2 1560.943085
60 -2 1560.872372
62 -2 1560.804463
64 -2 1560.739687
66 -2 1560.678360
68 -2 1560.620778
70 -2 1560.567222
72 -2 1560.517949
74 -2 1560.473200
76 -2 1560.433192
78 -2 1560.398117
80 -2 1560.368145
82 -2 1560.343423
84 -2 1560.324070
86 -2 1560.310178
88 -2 1560.301817
90 -2 1560.299025
92 -2 1560.301817
94 -2 1560.310178
96 -2 1560.324070
98 -2 1560.343423
100 -2 1560.368145
102 -2 1560.398117
104 -2 1560.433192
106 -2 1560.473200
108 -2 1560.517949
110 -2 1560.567222
112 -2 1560.620778
114 -2 1560.678360
116 -2 1560.739687
118 -2 1560.804463
120 -2 1560.872372
122 -2 1560.943085
124 -2 1561.016259
126 -2 1561.091538
128 -2 1561.168556
130 -2 1561.246939
132 -2 1561.326305
134 -2 1561.406268
136 -2 1561.486438
138 -2 1561.566426
140 -2 1561.645841
142 -2 1561.724295
144 -2 1561.801407
146 -2 1561.876800
148 -2 1561.950105
150 -2 1562.020965
152 -2 1562.089033
154 -2 1562.153977
156 -2 1562.215478
158 -2 1562.273236
160 -2 1562.326969
162 -2 1562.376413
164 -2 1562.421326
166 -2 1562.461488
168 -2 1562.496702
170 -2 1562.526796
172 -2 1562.551622
174 -2 1562.571059
176 -2 1562.585010
178 -2 1562.593409
180 -2 1562.596213
182 -2 1562.593409
184 -2 1562.585010
186 -2 1562.571059
188 -2 1562.551622
190 -2 1562.526796
192 -2 1562.496702
194 -2 1562.461488
196 -2 1562.421326
198 -2 1562.376413
200 -2 1562.326969
202 -2 1562.273236
204 -2 1562.215478
206 -2 1562.153977
208 -2 1562.089033
210 -2 1562.020965
212 -2 1561.950105
214 -2 1561.876800
216 -2 1561.801407
218 -2 1561.724295
220 -2 1561.645841
222 -2 1561.566426
224 -2 1561.486438
226 -2 1561.406268
228 -2 1561.326305
230 -2 1561.246939
232 -2 1561.168556
234 -2 1561.091538
236 -2 1561.016259
238 -2 1560.943085
240 -2 1560.872372
242 -2 1560.804463
244 -2 1560.739687
246 -2 1560.678360
248 -2 1560.620778
250 -2 1560.567222
252 -2 1560.517949
254 -2 1560.473200
256 -2 1560.433192
258 -2 1560.398117
260 -2 1560.368145
262 -2 1560.343423
264 -2 1560.324070
266 -2 1560.310178
268 -2 1560.301817
270 -2 1560.299025
272 -2 1560.301817
274 -2 1560.310178
276 -2 1560.324070
278 -2 1560.343423
280 -2 1560.368145
282 -2 1560.398117
284 -2 1560.433192
286 -2 1560.473200
288 -2 1560.517949
290 -2 1560.567222
292 -2 1560.620778
294 -2 1560.678360
296 -2 1560.739687
298 -2 1560.804463
300 -2 1560.872372
302 -2 1560.943085
304 -2 1561.016259
306 -2 1561.091538
308 -2 1561.168556
310 -2 1561.246939
312 -2 1561.326305
314 -2 1561.406268
316 -2 1561.486438
318 -2 1561.566426
320 -2 1561.645841
322 -2 1561.724295
324 -2 1561.801407
326 -2 1561.876800
328 -2 1561.950105
330 -2 1562.020965
332 -2 1562.089033
334 -2 1562.153977
336 -2 1562.215478
338 -2 1562.273236
340 -2 1562.326969
342 -2 1562.376413
344 -2 1562.421326
346 -2 1562.461488
348 -2 1562.496702
350 -2 1562.526796
352 -2 1562.551622
354 -2 1562.571059
356 -2 1562.585010
358 -2 1562.593409
360 -2 1562.596213
0 0 1562.600000
2 0 1562.597192
4 0 1562.588784
6 0 1562.574815
8 0 1562.555354
10 0 1562.530498
12 0 1562.500367
14 0 1562.465109
16 0 1562.424898
18 0 1562.379930
20 0 1562.330426
22 0 1562.276627
24 0 1562.218798
26 0 1562.157221
28 0 1562.092198
30 0 1562.024047
32 0 1561.953100
34 0 1561.879705
36 0 1561.804220
38 0 1561.727014
40 0 1561.648463
42 0 1561.568951
44 0 1561.488865
46 0 1561.408597
48 0 1561.328536
50 0 1561.249073
52 0 1561.170594
54 0 1561.093482
56 0 1561.018111
58 0 1560.944847
60 0 1560.874048
62 0 1560.806056
64 0 1560.741201
66 0 1560.679799
68 0 1560.622147
70 0 1560.568524
72 0 1560.519192
74 0 1560.474388
76 0 1560.434331
78 0 1560.399213
80 0 1560.369205
82 0 1560.344453
84 0 1560.325075
86 0 1560.311167
88 0 1560.302795
90 0 1560.300000
92 0 1560.302795
94 0 1560.311167
96 0 1560.325075
98 0 1560.344453
100 0 1560.369205
102 0 1560.399213
104 0 1560.434331
106 0 1560.474388
108 0 1560.519192
110 0 1560.568524
112 0 1560.622147
114 0 1560.679799
116 0 1560.741201
118 0 1560.806056
120 0 1560.874048
122 0 1560.944847
124 0 1561.018111
126 0 1561.093482
128 0 1561.170594
130 0 1561.249073
132 0 1561.328536
134 0 1561.408597
136 0 1561.488865
138 0 1561.568951
140 0 1561.648463
142 0 1561.727014
144 0 1561.804220
146 0 1561.879705
148 0 1561.953100
150 0 1562.024047
152 0 1562.092198
154 0 1562.157221
156 0 1562.218798
158 0 1562.276627
160 0 1562.330426
162 0 1562.379930
164 0 1562.424898
166 0 1562.465109
168 0 1562.500367
170 0 1562.530498
172 0 1562.555354
174 0 1562.574815
176 0 1562.588784
178 0 1562.597192
180 0 1562.600000
182 0 1562.597192
184 0 1562.588784
186 0 1562.574815
188 0 1562.555354
190 0 1562.530498
192 0 1562.500367
194 0 1562.465109
196 0 1562.424898
198 0 1562.379930
200 0 1562.330426
202 0 1562.276627
204 0 1562.218798
206 0 1562.157221
208 0 1562.092198
210 0 1562.024047
212 0 1561.953100
214 0 1561.879705
216 0 1561.804220
218 0 1561.727014
220 0 1561.648463
222 0 1561.568951
224 0 1561.488865
226 0 1561.408597
228 0 1561.328536
230 0 1561.249073
232 0 1561.170594
234 0 1561.093482
236 0 1561.018111
238 0 1560.944847
240 0 1560.874048
242 0 1560.806056
244 0 1560.741201
246 0 1560.679799
248 0 1560.622147
250 0 1560.568524
252 0 1560.519192
254 0 1560.474388
256 0 1560.434331
258 0 1560.399213
260 0 1560.369205
262 0 1560.344453
264 0 1560.325075
266 0 1560.311167
268 0 1560.302795
270 0 1560.300000
272 0 1560.302795
274 0 1560.311167
276 0 1560.325075
278 0 1560.344453
280 0 1560.369205
282 0 1560.399213
284 0 1560.434331
286 0 1560.474388
288 0 1560.519192
290 0 1560.568524
292 0 1560.622147
294 0 1560.679799
296 0 1560.741201
298 0 1560.806056
300 0 1560.874048
302 0 1560.944847
304 0 1561.018111
306 0 1561.093482
308 0 1561.170594
310 0 1561.249073
312 0 1561.328536
314 0 1561.408597
316 0 1561.488865
318 0 1561.568951
320 0 1561.648463
322 0 1561.727014
324 0 1561.804220
326 0 1561.879705
328 0 1561.953100
330 0 1562.024047
332 0 1562.092198
334 0 1562.157221
336 0 1562.218798
338 0 1562.276627
340 0 1562.330426
342 0 1562.379930
344 0 1562.424898
346 0 1562.465109
348 0 1562.500367
350 0 1562.530498
352 0 1562.555354
354 0 1562.574815
356 0 1562.588784
358 0 1562.597192
360 0 1562.600000
0 2 1562.596213
2 2 1562.593409
4 2 1562.585010
6 2 1562.571059
8 2 1562.551622
10 2 1562.526796
12 2 1562.496702
14 2 1562.461488
16 2 1562.421326
18 2 1562.376413
20 2 1562.326969
22 2 1562.273236
24 2 1562.215478
26 2 1562.153977
28 2 1562.089033
30 2 1562.020965
32 2 1561.950105
34 2 1561.876800
36 2 1561.801407
38 2 1561.724295
40 2 1561.645841
42 2 1561.566426
44 2 1561.486438
46 2 1561.406268
48 2 1561.326305
50 2 1561.246939
52 2 1561.168556
54 2 1561.091538
56 2 1561.016259
58 2 1560.943085
60 2 1560.872372
62 2 1560.804463
64 2 1560.739687
66 2 1560.678360
68 2 1560.620778
70 2 1560.567222
72 2 1560.517949
74 2 1560.473200
76 2 1560.433192
78 2 1560.398117
80 2 1560.368145
82 2 1560.343423
84 2 1560.324070
86 2 1560.310178
88 2 1560.301817
90 2 1560.299025
92 2 1560.301817
94 2 1560.310178
96 2 1560.324070
98 2 1560.343423
100 2 1560.368145
102 2 1560.398117
104 2 1560.433192
106 2 1560.473200
108 2 1560.517949
110 2 1560.567222
112 2 1560.620778
114 2 1560.678360
116 2 1560.739687
118 2 1560.804463
120 2 1560.872372
122 2 1560.943085
124 2 1561.016259
126 2 1561.091538
128 2 1561.168556
130 2 1561.246939
132 2 1561.326305
134 2 1561.406268
136 2 1561.486438
138 2 1561.566426
140 2 1561.645841
142 2 1561.724295
144 2 1561.801407
146 2 1561.876800
148 2 1561.950105
150 2 1562.020965
152 2 1562.089033
154 2 1562.153977
156 2 1562.215478
158 2 1562.273236
160 2 1562.326969
162 2 1562.376413
164 2 1562.421326
166 2 1562.461488
168 2 1562.496702
170 2 1562.526796
172 2 1562.551622
174 2 1562.571059
176 2 1562.585010
178 2 1562.593409
180 2 1562.596213
182 2 1562.593409
184 2 1562.585010
186 2 1562.571059
188 2 1562.551622
190 2 1562.526796
192 2 1562.496702
194 2 1562.461488
196 2 1562.421326
198 2 1562.376413
200 2 1562.326969
202 2 1562.273236
204 2 1562.215478
206 2 1562.153977
208 2 1562.089033
210 2 1562.020965
212 2 1561.950105
214 2 1561.876800
216 2 1561.801407
218 2 1561.724295
220 2 1561.645841
222 2 1561.566426
224 2 1561.486438
226 2 1561.406268
228 2 1561.326305
230 2 1561.246939
232 2 1561.168556
234 2 1561.091538
236 2 1561.016259
238 2 1560.943085
240 2 1560.872372
242 2 1560.804463
244 2 1560.739687
246 2 1560.678360
248 2 1560.620778
250 2 1560.567222
252 2 1560.517949
254 2 1560.473200
256 2 1560.433192
258 2 1560.398117
260 2 1560.368145
262 2 1560.343423
264 2 1560.324070
266 2 1560.310178
268 2 1560.301817
270 2 1560.299025
272 2 1560.301817
274 2 1560.310178
276 2 1560.324070
278 2 1560.343423
280 2 1560.368145
282 2 1560.398117
284 2 1560.433192
286 2 1560.473200
288 2 1560.517949
290 2 1560.567222
292 2 1560.620778
294 2 1560.678360
296 2 1560.739687
298 2 1560.804463
300 2 1560.872372
302 2 1560.943085
304 2 1561.016259
306 2 1561.091538
308 2 1561.168556
310 2 1561.246939
312 2 1561.326305
314 2 1561.406268
316 2 1561.486438
318 2 1561.566426
320 2 1561.645841
322 2 1561.724295
324 2 1561.801407
326 2 1561.876800
328 2 1561.950105
330 2 1562.020965
332 2 1562.089033
334 2 1562.153977
336 2 1562.215478
338 2 1562.273236
340 2 1562.326969
342 2 1562.376413
344 2 1562.421326
346 2 1562.461488
348 2 1562.496702
350 2 1562.526796
352 2 1562.551622
354 2 1562.571059
356 2 1562.585010
358 2 1562.593409
360 2 1562.596213
0 4 1562.584871
2 4 1562.582077
4 4 1562.573709
6 4 1562.559809
8 4 1562.540444
10 4 1562.515709
12 4 1562.485725
14 4 1562.450640
16 4 1562.410626
18 4 1562.365878
20 4 1562.316616
22 4 1562.263080
24 4 1562.205534
26 4 1562.144258
28 4 1562.079553
30 4 1562.011735
32 4 1561.941135
34 4 1561.868099
36 4 1561.792983
38 4 1561.716154
40 4 1561.637987
42 4 1561.558864
44 4 1561.479169
46 4 1561.399293
48 4 1561.319623
50 4 1561.240548
52 4 1561.162452
54 4 1561.085716
56 4 1561.010713
58 4 1560.937807
60 4 1560.867353
62 4 1560.799692
64 4 1560.735154
66 4 1560.674051
68 4 1560.616681
70 4 1560.563320
72 4 1560.514228
74 4 1560.469643
76 4 1560.429780
78 4 1560.394833
80 4 1560.364972
82 4 1560.340340
84 4 1560.321057
86 4 1560.307217
88 4 1560.298886
90 4 1560.296104
92 4 1560.298886
94 4 1560.307217
96 4 1560.321057
98 4 1560.340340
100 4 1560.364972
102 4 1560.394833
104 4 1560.429780
106 4 1560.469643
108 4 1560.514228
110 4 1560.563320
112 4 1560.616681
114 4 1560.674051
116 4 1560.735154
118 4 1560.799692
120 4 1560.867353
122 4 1560.937807
124 4 1561.010713
126 4 1561.085716
128 4 1561.162452
130 4 1561.240548
132 4 1561.319623
134 4 1561.399293
136 4 1561.479169
138 4 1561.558864
140 4 1561.637987
142 4 1561.716154
144 4 1561.792983
146 4 1561.868099
148 4 1561.941135
150 4 1562.011735
152 4 1562.079553
154 4 1562.144258
156 4 1562.205534
158 4 1562.263080
160 4 1562.316616
162 4 1562.365878
164 4 1562.410626
166 4 1562.450640
168 4 1562.485725
170 4 1562.515709
172 4 1562.540444
174 4 1562.559809
176 4 1562.573709
178 4 1562.582077
180 4 1562.584871
182 4 1562.582077
184 4 1562.573709
186 4 1562.559809
188 4 1562.540444
190 4 1562.515709
192 4 1562.485725
194 4 1562.450640
196 4 1562.410626
198 4 1562.365878
200 4 1562.316616
202 4 1562.263080
204 4 1562.205534
206 4 1562.144258
208 4 1562.079553
210 4 1562.011735
212 4 1561.941135
214 4 1561.868099
216 4 1561.792983
218 4 1561.716154
220 4 1561.637987
222 4 1561.558864
224 4 1561.479169
226 4 1561.399293
228 4 1561.319623
230 4 1561.240548
232 4 1561.162452
234 4 1561.085716
236 4 1561.010713
238 4 1560.937807
240 4 1560.867353
242 4 1560.799692
244 4 1560.735154
246 4 1560.674051
248 4 1560.616681
250 4 1560.563320
252 4 1560.514228
254 4 1560.469643
256 4 1560.429780
258 4 1560.394833
260 4 1560.364972
262 4 1560.340340
264 4 1560.321057
266 4 1560.307217
268 4 1560.298886
270 4 1560.296104
272 4 1560.298886
274 4 1560.307217
276 4 1560.321057
278 4 1560.340340
280 4 1560.364972
282 4 1560.394833
284 4 1560.429780
286 4 1560.469643
288 4 1560.514228
290 4 1560.563320
292 4 1560.616681
294 4 1560.674051
296 4 1560.735154
298 4 1560.799692
300 4 1560.867353
302 4 1560.937807
304 4 1561.010713
306 4 1561.085716
308 4 1561.162452
310 4 1561.240548
312 4 1561.319623
314 4 1561.399293
316 4 1561.479169
318 4 1561.558864
320 4 1561.637987
322 4 1561.716154
324 4 1561.792983
326 4 1561.868099
328 4 1561.941135
330 4 1562.011735
332 4 1562.079553
334 4 1562.144258
336 4 1562.205534
338 4 1562.263080
340 4 1562.316616
342 4 1562.365878
344 4 1562.410626
346 4 1562.450640
348 4 1562.485725
350 4 1562.515709
352 4 1562.540444
354 4 1562.559809
356 4 1562.573709
358 4 1562.582077
360 4 1562.584871
0 6 1562.566029
2 6 1562.563252
4 6 1562.554936
6 6 1562.541120
8 6 1562.521874
10 6 1562.497290
12 6 1562.467491
14 6 1562.432621
16 6 1562.392851
18 6 1562.348377
20 6 1562.299417
22 6 1562.246209
24 6 1562.189015
26 6 1562.128114
28 6 1562.063805
30 6 1561.996402
32 6 1561.926234
34 6 1561.853645
36 6 1561.778988
38 6 1561.702629
40 6 1561.624940
42 6 1561.546301
44 6 1561.467094
46 6 1561.387705
48 6 1561.308522
50 6 1561.229930
52 6 1561.152312
54 6 1561.076045
56 6 1561.001500
58 6 1560.929039
60 6 1560.859015
62 6 1560.791768
64 6 1560.727623
66 6 1560.666894
68 6 1560.609873
70 6 1560.556838
72 6 1560.508045
74 6 1560.463732
76 6 1560.424113
78 6 1560.389379
80 6 1560.359700
82 6 1560.335219
84 6 1560.316053
86 6 1560.302297
88 6 1560.294017
90 6 1560.291252
92 6 1560.294017
94 6 1560.302297
96 6 1560.316053
98 6 1560.335219
100 6 1560.359700
102 6 1560.389379
104 6 1560.424113
106 6 1560.463732
108 6 1560.508045
110 6 1560.556838
112 6 1560.609873
114 6 1560.666894
116 6 1560.727623
118 6 1560.791768
120 6 1560.859015
122 6 1560.929039
124 6 1561.001500
126 6 1561.076045
128 6 1561.152312
130 6 1561.229930
132 6 1561.308522
134 6 1561.387705
136 6 1561.467094
138 6 1561.546301
140 6 1561.624940
142 6 1561.702629
144 6 1561.778988
146 6 1561.853645
148 6 1561.926234
150 6 1561.996402
152 6 1562.063805
154 6 1562.128114
156 6 1562.189015
158 6 1562.246209
160 6 1562.299417
162 6 1562.348377
164 6 1562.392851
166 6 1562.432621
168 6 1562.467491
170 6 1562.497290
172 6 1562.521874
174 6 1562.541120
176 6 1562.554936
178 6 1562.563252
180 6 1562.566029
182 6 1562.563252
184 6 1562.554936
186 6 1562.541120
188 6 1562.521874
190 6 1562.497290
192 6 1562.467491
194 6 1562.432621
196 6 1562.392851
198 6 1562.348377
200 6 1562.299417
202 6 1562.246209
204 6 1562.189015
206 6 1562.128114
208 6 1562.063805
210 6 1561.996402
212 6 1561.926234
214 6 1561.853645
216 6 1561.778988
218 6 1561.702629
220 6 1561.624940
222 6 1561.546301
224 6 1561.467094
226 6 1561.387705
228 6 1561.308522
230 6 1561.229930
232 6 1561.152312
234 6 1561.076045
236 6 1561.001500
238 6 1560.929039
240 6 1560.859015
242 6 1560.791768
244 6 1560.727623
246 6 1560.666894
248 6 1560.609873
250 6 1560.556838
252 6 1560.508045
254 6 1560.463732
256 6 1560.424113
258 6 1560.389379
260 6 1560.359700
262 6 1560.335219
264 6 1560.316053
266 6 1560.302297
268 6 1560.294017
270 6 1560.291252
272 6 1560.294017
274 6 1560.302297
276 6 1560.316053
278 6 1560.335219
280 6 1560.359700
282 6 1560.389379
284 6 1560.424113
286 6 1560.463732
288 6 1560.508045
290 6 1560.556838
292 6 1560.609873
294 6 1560.666894
296 6 1560.727623
298 6 1560.791768
300 6 1560.859015
302 6 1560.929039
304 6 1561.001500
306 6 1561.076045
308 6 1561.152312
310 6 1561.229930
312 6 1561.308522
314 6 1561.387705
316 6 1561.467094
318 6 1561.546301
320 6 1561.624940
322 6 1561.702629
324 6 1561.778988
326 6 1561.853645
328 6 1561.926234
330 6 1561.996402
332 6 1562.063805
334 6 1562.128114
336 6 1562.189015
338 6 1562.246209
340 6 1562.299417
342 6 1562.348377
344 6 1562.392851
346 6 1562.432621
348 6 1562.467491
350 6 1562.497290
352 6 1562.521874
354 6 1562.541120
356 6 1562.554936
358 6 1562.563252
360 6 1562.566029
0 8 1562.539780
2 8 1562.537027
4 8 1562.528782
6 8 1562.515085
8 8 1562.496004
10 8 1562.471632
12 8 1562.442088
14 8 1562.407517
16 8 1562.368089
18 8 1562.323997
20 8 1562.275456
22 8 1562.222705
24 8 1562.166002
26 8 1562.105624
28 8 1562.041867
30 8 1561.975041
32 8 1561.905475
34 8 1561.833509
36 8 1561.759492
38 8 1561.683788
40 8 1561.606765
42 8 1561.528799
44 8 1561.450271
46 8 1561.371562
48 8 1561.293058
50 8 1561.215139
52 8 1561.138185
54 8 1561.062571
56 8 1560.988664
58 8 1560.916824
60 8 1560.847399
62 8 1560.780727
64 8 1560.717132
66 8 1560.656922
68 8 1560.600389
70 8 1560.547807
72 8 1560.499432
74 8 1560.455498
76 8 1560.416217
78 8 1560.381781
80 8 1560.352355
82 8 1560.328083
84 8 1560.309082
86 8 1560.295444
88 8 1560.287234
90 8 1560.284493
92 8 1560.287234
94 8 1560.295444
96 8 1560.309082
98 8 1560.328083
100 8 1560.352355
102 8 1560.381781
104 8 1560.416217
106 8 1560.455498
108 8 1560.499432
110 8 1560.547807
112 8 1560.600389
114 8 1560.656922
116 8 1560.717132
118 8 1560.780727
120 8 1560.847399
122 8 1560.916824
124 8 1560.988664
126 8 1561.062571
128 8 1561.138185
130 8 1561.215139
132 8 1561.293058
134 8 1561.371562
136 8 1561.450271
138 8 1561.528799
140 8 1561.606765
142 8 1561.683788
144 8 1561.759492
146 8 1561.833509
148 8 1561.905475
150 8 1561.975041
152 8 1562.041867
154 8 1562.105624
156 8 1562.166002
158 8 1562.222705
160 8 1562.275456
162 8 1562.323997
164 8 1562.368089
166 8 1562.407517
168 8 1562.442088
170 8 1562.471632
172 8 1562.496004
174 8 1562.515085
176 8 1562.528782
178 8 1562.537027
180 8 1562.539780
182 8 1562.537027
184 8 1562.528782
186 8 1562.515085
188 8 1562.496004
190 8 1562.471632
192 8 1562.442088
194 8 1562.407517
196 8 1562.368089
198 8 1562.323997
200 8 1562.275456
202 8 1562.222705
204 8 1562.166002
206 8 1562.105624
208 8 1562.041867
210 8 1561.975041
212 8 1561.905475
214 8 1561.833509
216 8 1561.759492
218 8 1561.683788
220 8 1561.606765
222 8 1561.528799
224 8 1561.450271
226 8 1561.371562
228 8 1561.293058
230 8 1561.215139
232 8 1561.138185
234 8 1561.062571
236 8 1560.988664
238 8 1560.916824
240 8 1560.847399
242 8 1560.780727
244 8 1560.717132
246 8 1560.656922
248 8 1560.600389
250 8 1560.547807
252 8 1560.499432
254 8 1560.455498
256 8 1560.416217
258 8 1560.381781
260 8 1560.352355
262 8 1560.328083
264 8 1560.309082
266 8 1560.295444
268 8 1560.287234
270 8 1560.284493
272 8 1560.287234
274 8 1560.295444
276 8 1560.309082
278 8 1560.328083
280 8 1560.352355
282 8 1560.381781
284 8 1560.416217
286 8 1560.455498
288 8 1560.499432
290 8 1560.547807
292 8 1560.600389
294 8 1560.656922
296 8 1560.717132
298 8 1560.780727
300 8 1560.847399
302 8 1560.916824
304 8 1560.988664
306 8 1561.062571
308 8 1561.138185
310 8 1561.215139
312 8 1561.293058
314 8 1561.371562
316 8 1561.450271
318 8 1561.528799
320 8 1561.606765
322 8 1561.683788
324 8 1561.759492
326 8 1561.833509
328 8 1561.905475
330 8 1561.975041
332 8 1562.041867
334 8 1562.105624
336 8 1562.166002
338 8 1562.222705
340 8 1562.275456
342 8 1562.323997
344 8 1562.368089
346 8 1562.407517
348 8 1562.442088
350 8 1562.471632
352 8 1562.496004
354 8 1562.515085
356 8 1562.528782
358 8 1562.537027
360 8 1562.539780
0 10 1562.506253
2 10 1562.503531
4 10 1562.495377
6 10 1562.481832
8 10 1562.462961
10 10 1562.438859
12 10 1562.409641
14 10 1562.375453
16 10 1562.336461
18 10 1562.292856
20 10 1562.244852
22 10 1562.192685
24 10 1562.136608
26 10 1562.076897
28 10 1562.013845
30 10 1561.947758
32 10 1561.878961
34 10 1561.807789
36 10 1561.734590
38 10 1561.659721
40 10 1561.583549
42 10 1561.506444
44 10 1561.428783
46 10 1561.350943
48 10 1561.273305
50 10 1561.196246
52 10 1561.120141
54 10 1561.045361
56 10 1560.972269
58 10 1560.901221
60 10 1560.832562
62 10 1560.766625
64 10 1560.703731
66 10 1560.644184
68 10 1560.588274
70 10 1560.536272
72 10 1560.488430
74 10 1560.444980
76 10 1560.406132
78 10 1560.372075
80 10 1560.342974
82 10 1560.318969
84 10 1560.300177
86 10 1560.286689
88 10 1560.278570
90 10 1560.275859
92 10 1560.278570
94 10 1560.286689
96 10 1560.300177
98 10 1560.318969
100 10 1560.342974
102 10 1560.372075
104 10 1560.406132
106 10 1560.444980
108 10 1560.488430
110 10 1560.536272
112 10 1560.588274
114 10 1560.644184
116 10 1560.703731
118 10 1560.766625
120 10 1560.832562
122 10 1560.901221
124 10 1560.972269
126 10 1561.045361
128 10 1561.120141
130 10 1561.196246
132 10 1561.273305
134 10 1561.350943
136 10 1561.428783
138 10 1561.506444
140 10 1561.583549
142 10 1561.659721
144 10 1561.734590
146 10 1561.807789
148 10 1561.878961
150 10 1561.947758
152 10 1562.013845
154 10 1562.076897
156 10 1562.136608
158 10 1562.192685
160 10 1562.244852
162 10 1562.292856
164 10 1562.336461
166 10 1562.375453
168 10 1562.409641
170 10 1562.438859
172 10 1562.462961
174 10 1562.481832
176 10 1562.495377
178 10 1562.503531
180 10 1562.506253
182 10 1562.503531
184 10 1562.495377
186 10 1562.481832
188 10 1562.462961
190 10 1562.438859
192 10 1562.409641
194 10 1562.375453
196 10 1562.336461
198 10 1562.292856
200 10 1562.244852
202 10 1562.192685
204 10 1562.136608
206 10 1562.076897
208 10 1562.013845
210 10 1561.947758
212 10 1561.878961
214 10 1561.807789
216 10 1561.734590
218 10 1561.659721
220 10 1561.583549
222 10 1561.506444
224 10 1561.428783
226 10 1561.350943
228 10 1561.273305
230 10 1561.196246
232 10 1561.120141
234 10 1561.045361
236 10 1560.972269
238 10 1560.901221
240 10 1560.832562
242 10 1560.766625
244 10 1560.703731
246 10 1560.644184
248 10 1560.588274
250 10 1560.536272
252 10 1560.488430
254 10 1560.444980
256 10 1560.406132
258 10 1560.372075
260 10 1560.342974
262 10 1560.318969
264 10 1560.300177
266 10 1560.286689
268 10 1560.278570
270 10 1560.275859
272 10 1560.278570
274 10 1560.286689
276 10 1560.300177
278 10 1560.318969
280 10 1560.342974
282 10 1560.372075
284 10 1560.406132
286 10 1560.444980
288 10 1560.488430
290 10 1560.536272
292 10 1560.588274
294 10 1560.644184
296 10 1560.703731
298 10 1560.766625
300 10 1560.832562
302 10 1560.901221
304 10 1560.972269
306 10 1561.045361
308 10 1561.120141
310 10 1561.196246
312 10 1561.273305
314 10 1561.350943
316 10 1561.428783
318 10 1561.506444
320 10 1561.583549
322 10 1561.659721
324 10 1561.734590
326 10 1561.807789
328 10 1561.878961
330 10 1561.947758
332 10 1562.013845
334 10 1562.076897
336 10 1562.136608
338 10 1562.192685
340 10 1562.244852
342 10 1562.292856
344 10 1562.336461
346 10 1562.375453
348 10 1562.409641
350 10 1562.438859
352 10 1562.462961
354 10 1562.481832
356 10 1562.495377
358 10 1562.503531
360 10 1562.506253
0 12 1562.465613
2 12 1562.462927
4 12 1562.454884
6 12 1562.441523
8 12 1562.422908
10 12 1562.399132
12 12 1562.370311
14 12 1562.336586
16 12 1562.298122
18 12 1562.255109
20 12 1562.207755
22 12 1562.156294
24 12 1562.100978
26 12 1562.042076
28 12 1561.979877
30 12 1561.914685
32 12 1561.846820
34 12 1561.776611
36 12 1561.704404
38 12 1561.630549
40 12 1561.555407
42 12 1561.479346
44 12 1561.402735
46 12 1561.325948
48 12 1561.249360
50 12 1561.173343
52 12 1561.098268
54 12 1561.024499
56 12 1560.952395
58 12 1560.882308
60 12 1560.814576
62 12 1560.749530
64 12 1560.687486
66 12 1560.628744
68 12 1560.573589
70 12 1560.522290
72 12 1560.475094
74 12 1560.432230
76 12 1560.393907
78 12 1560.360310
80 12 1560.331602
82 12 1560.307921
84 12 1560.289383
86 12 1560.276076
88 12 1560.268067
90 12 1560.265393
92 12 1560.268067
94 12 1560.276076
96 12 1560.289383
98 12 1560.307921
100 12 1560.331602
102 12 1560.360310
104 12 1560.393907
106 12 1560.432230
108 12 1560.475094
110 12 1560.522290
112 12 1560.573589
114 12 1560.628744
116 12 1560.687486
118 12 1560.749530
120 12 1560.814576
122 12 1560.882308
124 12 1560.952395
126 12 1561.024499
128 12 1561.098268
130 12 1561.173343
132 12 1561.249360
134 12 1561.325948
136 12 1561.402735
138 12 1561.479346
140 12 1561.555407
142 12 1561.630549
144 12 1561.704404
146 12 1561.776611
148 12 1561.846820
150 12 1561.914685
152 12 1561.979877
154 12 1562.042076
156 12 1562.100978
158 12 1562.156294
160 12 1562.207755
162 12 1562.255109
164 12 1562.298122
166 12 1562.336586
168 12 1562.370311
170 12 1562.399132
172 12 1562.422908
174 12 1562.441523
176 12 1562.454884
178 12 1562.462927
180 12 1562.465613
182 12 1562.462927
184 12 1562.454884
186 12 1562.441523
188 12 1562.422908
190 12 1562.399132
192 12 1562.370311
194 12 1562.336586
196 12 1562.298122
198 12 1562.255109
200 12 1562.207755
202 12 1562.156294
204 12 1562.100978
206 12 1562.042076
208 12 1561.979877
210 12 1561.914685
212 12 1561.846820
214 12 1561.776611
216 12 1561.704404
218 12 1561.630549
220 12 1561.555407
222 12 1561.479346
224 12 1561.402735
226 12 1561.325948
228 12 1561.249360
230 12 1561.173343
232 12 1561.098268
234 12 1561.024499
236 12 1560.952395
238 12 1560.882308
240 12 1560.814576
242 12 1560.749530
244 12 1560.687486
246 12 1560.628744
248 12 1560.573589
250 12 1560.522290
252 12 1560.475094
254 12 1560.432230
256 12 1560.393907
258 12 1560.360310
260 12 1560.331602
262 12 1560.307921
264 12 1560.289383
266 12 1560.276076
268 12 1560.268067
270 12 1560.265393
272 12 1560.268067
274 12 1560.276076
276 12 1560.289383
278 12 1560.307921
280 12 1560.331602
282 12 1560.360310
284 12 1560.393907
286 12 1560.432230
288 12 1560.475094
290 12 1560.522290
292 12 1560.573589
294 12 1560.628744
296 12 1560.687486
298 12 1560.749530
300 12 1560.814576
302 12 1560.882308
304 12 1560.952395
306 12 1561.024499
308 12 1561.098268
310 12 1561.173343
312 12 1561.249360
314 12 1561.325948
316 12 1561.402735
318 12 1561.479346
320 12 1561.555407
322 12 1561.630549
324 12 1561.704404
326 12 1561.776611
328 12 1561.846820
330 12 1561.914685
332 12 1561.979877
334 12 1562.042076
336 12 1562.100978
338 12 1562.156294
340 12 1562.207755
342 12 1562.255109
344 12 1562.298122
346 12 1562.336586
348 12 1562.370311
350 12 1562.399132
352 12 1562.422908
354 12 1562.441523
356 12 1562.454884
358 12 1562.462927
360 12 1562.465613
0 14 1562.418059
2 14 1562.415417
4 14 1562.407503
6 14 1562.394356
8 14 1562.376041
10 14 1562.352647
12 14 1562.324289
14 14 1562.291107
16 14 1562.253261
18 14 1562.210939
20 14 1562.164347
22 14 1562.113713
24 14 1562.059285
26 14 1562.001330
28 14 1561.940130
30 14 1561.875986
32 14 1561.809210
34 14 1561.740130
36 14 1561.669081
38 14 1561.596412
40 14 1561.522477
42 14 1561.447636
44 14 1561.372255
46 14 1561.296701
48 14 1561.221341
50 14 1561.146544
52 14 1561.072673
54 14 1561.000087
56 14 1560.929139
58 14 1560.860175
60 14 1560.793530
62 14 1560.729527
64 14 1560.668477
66 14 1560.610676
68 14 1560.556405
70 14 1560.505927
72 14 1560.459487
74 14 1560.417311
76 14 1560.379601
78 14 1560.346542
80 14 1560.318294
82 14 1560.294992
84 14 1560.276751
86 14 1560.263658
88 14 1560.255776
90 14 1560.253145
92 14 1560.255776
94 14 1560.263658
96 14 1560.276751
98 14 1560.294992
100 14 1560.318294
102 14 1560.346542
104 14 1560.379601
106 14 1560.417311
108 14 1560.459487
110 14 1560.505927
112 14 1560.556405
114 14 1560.610676
116 14 1560.668477
118 14 1560.729527
120 14 1560.793530
122 14 1560.860175
124 14 1560.929139
126 14 1561.000087
128 14 1561.072673
130 14 1561.146544
132 14 1561.221341
134 14 1561.296701
136 14 1561.372255
138 14 1561.447636
140 14 1561.522477
142 14 1561.596412
144 14 1561.669081
146 14 1561.740130
148 14 1561.809210
150 14 1561.875986
152 14 1561.940130
154 14 1562.001330
156 14 1562.059285
158 14 1562.113713
160 14 1562.164347
162 14 1562.210939
164 14 1562.253261
166 14 1562.291107
168 14 1562.324289
170 14 1562.352647
172 14 1562.376041
174 14 1562.394356
176 14 1562.407503
178 14 1562.415417
180 14 1562.418059
182 14 1562.415417
184 14 1562.407503
186 14 1562.394356
188 14 1562.376041
190 14 1562.352647
192 14 1562.324289
194 14 1562.291107
196 14 1562.253261
198 14 1562.210939
200 14 1562.164347
202 14 1562.113713
204 14 1562.059285
206 14 1562.001330
208 14 1561.940130
210 14 1561.875986
212 14 1561.809210
214 14 1561.740130
216 14 1561.669081
218 14 1561.596412
220 14 1561.522477
222 14 1561.447636
224 14 1561.372255
226 14 1561.296701
228 14 1561.221341
230 14 1561.146544
232 14 1561.072673
234 14 1561.000087
236 14 1560.929139
238 14 1560.860175
240 14 1560.793530
242 14 1560.729527
244 14 1560.668477
246 14 1560.610676
248 14 1560.556405
250 14 1560.505927
252 14 1560.459487
254 14 1560.417311
256 14 1560.379601
258 14 1560.346542
260 14 1560.318294
262 14 1560.294992
264 14 1560.276751
266 14 1560.263658
268 14 1560.255776
270 14 1560.253145
272 14 1560.255776
274 14 1560.263658
276 14 1560.276751
278 14 1560.294992
280 14 1560.318294
282 14 1560.346542
284 14 1560.379601
286 14 1560.417311
288 14 1560.459487
290 14 1560.505927
292 14 1560.556405
294 14 1560.610676
296 14 1560.668477
298 14 1560.729527
300 14 1560.793530
302 14 1560.860175
304 14 1560.929139
306 14 1561.000087
308 14 1561.072673
310 14 1561.146544
312 14 1561.221341
314 14 1561.296701
316 14 1561.372255
318 14 1561.447636
320 14 1561.522477
322 14 1561.596412
324 14 1561.669081
326 14 1561.740130
328 14 1561.809210
330 14 1561.875986
332 14 1561.940130
334 14 1562.001330
336 14 1562.059285
338 14 1562.113713
340 14 1562.164347
342 14 1562.210939
344 14 1562.253261
346 14 1562.291107
348 14 1562.324289
350 14 1562.352647
352 14 1562.376041
354 14 1562.394356
356 14 1562.407503
358 14 1562.415417
360 14 1562.418059
0 16 1562.363825
2 16 1562.361232
4 16 1562.353466
6 16 1562.340564
8 16 1562.322590
10 16 1562.299632
12 16 1562.271803
14 16 1562.239238
16 16 1562.202098
18 16 1562.160564
20 16 1562.114840
22 16 1562.065149
24 16 1562.011735
26 16 1561.954859
28 16 1561.894799
30 16 1561.831849
32 16 1561.766317
34 16 1561.698522
36 16 1561.628796
38 16 1561.557479
40 16 1561.484920
42 16 1561.411471
44 16 1561.337492
46 16 1561.263343
48 16 1561.189385
50 16 1561.115979
52 16 1561.043481
54 16 1560.972244
56 16 1560.902615
58 16 1560.834933
60 16 1560.769526
62 16 1560.706712
64 16 1560.646796
66 16 1560.590068
68 16 1560.536806
70 16 1560.487265
72 16 1560.441688
74 16 1560.400294
76 16 1560.363285
78 16 1560.330840
80 16 1560.303115
82 16 1560.280246
84 16 1560.262344
86 16 1560.249494
88 16 1560.241759
90 16 1560.239176
92 16 1560.241759
94 16 1560.249494
96 16 1560.262344
98 16 1560.280246
100 16 1560.303115
102 16 1560.330840
104 16 1560.363285
106 16 1560.400294
108 16 1560.441688
110 16 1560.487265
112 16 1560.536806
114 16 1560.590068
116 16 1560.646796
118 16 1560.706712
120 16 1560.769526
122 16 1560.834933
124 16 1560.902615
126 16 1560.972244
128 16 1561.043481
130 16 1561.115979
132 16 1561.189385
134 16 1561.263343
136 16 1561.337492
138 16 1561.411471
140 16 1561.484920
142 16 1561.557479
144 16 1561.628796
146 16 1561.698522
148 16 1561.766317
150 16 1561.831849
152 16 1561.894799
154 16 1561.954859
156 16 1562.011735
158 16 1562.065149
160 16 1562.114840
162 16 1562.160564
164 16 1562.202098
166 16 1562.239238
168 16 1562.271803
170 16 1562.299632
172 16 1562.322590
174 16 1562.340564
176 16 1562.353466
178 16 1562.361232
180 16 1562.363825
182 16 1562.361232
184 16 1562.353466
186 16 1562.340564
188 16 1562.322590
190 16 1562.299632
192 16 1562.271803
194 16 1562.239238
196 16 1562.202098
198 16 1562.160564
200 16 1562.114840
202 16 1562.065149
204 16 1562.011735
206 16 1561.954859
208 16 1561.894799
210 16 1561.831849
212 16 1561.766317
214 16 1561.698522
216 16 1561.628796
218 16 1561.557479
220 16 1561.484920
222 16 1561.411471
224 16 1561.337492
226 16 1561.263343
228 16 1561.189385
230 16 1561.115979
232 16 1561.043481
234 16 1560.972244
236 16 1560.902615
238 16 1560.834933
240 16 1560.769526
242 16 1560.706712
244 16 1560.646796
246 16 1560.590068
248 16 1560.536806
250 16 1560.487265
252 16 1560.441688
254 16 1560.400294
256 16 1560.363285
258 16 1560.330840
260 16 1560.303115
262 16 1560.280246
264 16 1560.262344
266 16 1560.249494
268 16 1560.241759
270 16 1560.239176
272 16 1560.241759
274 16 1560.249494
276 16 1560.262344
278 16 1560.280246
280 16 1560.303115
282 16 1560.330840
284 16 1560.363285
286 16 1560.400294
288 16 1560.441688
290 16 1560.487265
292 16 1560.536806
294 16 1560.590068
296 16 1560.646796
298 16 1560.706712
300 16 1560.769526
302 16 1560.834933
304 16 1560.902615
306 16 1560.972244
308 16 1561.043481
310 16 1561.115979
312 16 1561.189385
314 16 1561.263343
316 16 1561.337492
318 16 1561.411471
320 16 1561.484920
322 16 1561.557479
324 16 1561.628796
326 16 1561.698522
328 16 1561.766317
330 16 1561.831849
332 16 1561.894799
334 16 1561.954859
336 16 1562.011735
338 16 1562.065149
340 16 1562.114840
342 16 1562.160564
344 16 1562.202098
346 16 1562.239238
348 16 1562.271803
350 16 1562.299632
352 16 1562.322590
354 16 1562.340564
356 16 1562.353466
358 16 1562.361232
360 16 1562.363825
0 18 1562.303178
2 18 1562.300640
4 18 1562.293038
6 18 1562.280410
8 18 1562.262818
10 18 1562.240348
12 18 1562.213109
14 18 1562.181236
16 18 1562.144884
18 18 1562.104232
20 18 1562.059478
22 18 1562.010842
24 18 1561.958562
26 18 1561.902892
28 18 1561.844107
30 18 1561.782492
32 18 1561.718350
34 18 1561.651993
36 18 1561.583745
38 18 1561.513941
40 18 1561.442919
42 18 1561.371028
44 18 1561.298617
46 18 1561.226039
48 18 1561.153648
50 18 1561.081797
52 18 1561.010835
54 18 1560.941107
56 18 1560.872953
58 18 1560.806703
60 18 1560.742681
62 18 1560.681197
64 18 1560.622549
66 18 1560.567022
68 18 1560.514887
70 18 1560.466395
72 18 1560.421781
74 18 1560.381264
76 18 1560.345037
78 18 1560.313278
80 18 1560.286141
82 18 1560.263755
84 18 1560.246231
86 18 1560.233653
88 18 1560.226082
90 18 1560.223554
92 18 1560.226082
94 18 1560.233653
96 18 1560.246231
98 18 1560.263755
100 18 1560.286141
102 18 1560.313278
104 18 1560.345037
106 18 1560.381264
108 18 1560.421781
110 18 1560.466395
112 18 1560.514887
114 18 1560.567022
116 18 1560.622549
118 18 1560.681197
120 18 1560.742681
122 18 1560.806703
124 18 1560.872953
126 18 1560.941107
128 18 1561.010835
130 18 1561.081797
132 18 1561.153648
134 18 1561.226039
136 18 1561.298617
138 18 1561.371028
140 18 1561.442919
142 18 1561.513941
144 18 1561.583745
146 18 1561.651993
148 18 1561.718350
150 18 1561.782492
152 18 1561.844107
154 18 1561.902892
156 18 1561.958562
158 18 1562.010842
160 18 1562.059478
162 18 1562.104232
164 18 1562.144884
166 18 1562.181236
168 18 1562.213109
170 18 1562.240348
172 18 1562.262818
174 18 1562.280410
176 18 1562.293038
178 18 1562.300640
180 18 1562.303178
182 18 1562.300640
184 18 1562.293038
186 18 1562.280410
188 18 1562.262818
190 18 1562.240348
192 18 1562.213109
194 18 1562.181236
196 18 1562.144884
198 18 1562.104232
200 18 1562.059478
202 18 1562.010842
204 18 1561.958562
206 18 1561.902892
208 18 1561.844107
210 18 1561.782492
212 18 1561.718350
214 18 1561.651993
216 18 1561.583745
218 18 1561.513941
220 18 1561.442919
222 18 1561.371028
224 18 1561.298617
226 18 1561.226039
228 18 1561.153648
230 18 1561.081797
232 18 1561.010835
234 18 1560.941107
236 18 1560.872953
238 18 1560.806703
240 18 1560.742681
242 18 1560.681197
244 18 1560.622549
246 18 1560.567022
248 18 1560.514887
250 18 1560.466395
252 18 1560.421781
254 18 1560.381264
256 18 1560.345037
258 18 1560.313278
260 18 1560.286141
262 18 1560.263755
264 18 1560.246231
266 18 1560.233653
268 18 1560.226082
270 18 1560.223554
272 18 1560.226082
274 18 1560.233653
276 18 1560.246231
278 18 1560.263755
280 18 1560.286141
282 18 1560.313278
284 18 1560.345037
286 18 1560.381264
288 18 1560.421781
290 18 1560.466395
292 18 1560.514887
294 18 1560.567022
296 18 1560.622549
298 18 1560.681197
300 18 1560.742681
302 18 1560.806703
304 18 1560.872953
306 18 1560.941107
308 18 1561.010835
310 18 1561.081797
312 18 1561.153648
314 18 1561.226039
316 18 1561.298617
318 18 1561.371028
320 18 1561.442919
322 18 1561.513941
324 18 1561.583745
326 18 1561.651993
328 18 1561.718350
330 18 1561.782492
332 18 1561.844107
334 18 1561.902892
336 18 1561.958562
338 18 1562.010842
340 18 1562.059478
342 18 1562.104232
344 18 1562.144884
346 18 1562.181236
348 18 1562.213109
350 18 1562.240348
352 18 1562.262818
354 18 1562.280410
356 18 1562.293038
358 18 1562.300640
360 18 1562.303178
0 20 1562.236414
2 20 1562.233936
4 20 1562.226516
6 20 1562.214190
8 20 1562.197018
10 20 1562.175084
12 20 1562.148496
14 20 1562.117384
16 20 1562.081900
18 20 1562.042218
20 20 1561.998533
22 20 1561.951057
24 20 1561.900024
26 20 1561.845684
28 20 1561.788301
30 20 1561.728156
32 20 1561.665544
34 20 1561.600770
36 20 1561.534150
38 20 1561.466010
40 20 1561.396682
42 20 1561.326504
44 20 1561.255819
46 20 1561.184971
48 20 1561.114306
50 20 1561.044166
52 20 1560.974894
54 20 1560.906827
56 20 1560.840297
58 20 1560.775625
60 20 1560.713127
62 20 1560.653107
64 20 1560.595855
66 20 1560.541650
68 20 1560.490755
70 20 1560.443417
72 20 1560.399866
74 20 1560.360312
76 20 1560.324948
78 20 1560.293945
80 20 1560.267452
82 20 1560.245600
84 20 1560.228492
86 20 1560.216213
88 20 1560.208822
90 20 1560.206354
92 20 1560.208822
94 20 1560.216213
96 20 1560.228492
98 20 1560.245600
100 20 1560.267452
102 20 1560.293945
104 20 1560.324948
106 20 1560.360312
108 20 1560.399866
110 20 1560.443417
112 20 1560.490755
114 20 1560.541650
116 20 1560.595855
118 20 1560.653107
120 20 1560.713127
122 20 1560.775625
124 20 1560.840297
126 20 1560.906827
128 20 1560.974894
130 20 1561.044166
132 20 1561.114306
134 20 1561.184971
136 20 1561.255819
138 20 1561.326504
140 20 1561.396682
142 20 1561.466010
144 20 1561.534150
146 20 1561.600770
148 20 1561.665544
150 20 1561.728156
152 20 1561.788301
154 20 1561.845684
156 20 1561.900024
158 20 1561.951057
160 20 1561.998533
162 20 1562.042218
164 20 1562.081900
166 20 1562.117384
168 20 1562.148496
170 20 1562.175084
172 20 1562.197018
174 20 1562.214190
176 20 1562.226516
178 20 1562.233936
180 20 1562.236414
182 20 1562.233936
184 20 1562.226516
186 20 1562.214190
188 20 1562.197018
190 20 1562.175084
192 20 1562.148496
194 20 1562.117384
196 20 1562.081900
198 20 1562.042218
200 20 1561.998533
202 20 1561.951057
204 20 1561.900024
206 20 1561.845684
208 20 1561.788301
210 20 1561.728156
212 20 1561.665544
214 20 1561.600770
216 20 1561.534150
218 20 1561.466010
220 20 1561.396682
222 20 1561.326504
224 20 1561.255819
226 20 1561.184971
228 20 1561.114306
230 20 1561.044166
232 20 1560.974894
234 20 1560.906827
236 20 1560.840297
238 20 1560.775625
240 20 1560.713127
242 20 1560.653107
244 20 1560.595855
246 20 1560.541650
248 20 1560.490755
250 20 1560.443417
252 20 1560.399866
254 20 1560.360312
256 20 1560.324948
258 20 1560.293945
260 20 1560.267452
262 20 1560.245600
264 20 1560.228492
266 20 1560.216213
268 20 1560.208822
270 20 1560.206354
272 20 1560.208822
274 20 1560.216213
276 20 1560.228492
278 20 1560.245600
280 20 1560.267452
282 20 1560.293945
284 20 1560.324948
286 20 1560.360312
288 20 1560.399866
290 20 1560.443417
292 20 1560.490755
294 20 1560.541650
296 20 1560.595855
298 20 1560.653107
300 20 1560.713127
302 20 1560.775625
304 20 1560.840297
306 20 1560.906827
308 20 1560.974894
310 20 1561.044166
312 20 1561.114306
314 20 1561.184971
316 20 1561.255819
318 20 1561.326504
320 20 1561.396682
322 20 1561.466010
324 20 1561.534150
326 20 1561.600770
328 20 1561.665544
330 20 1561.728156
332 20 1561.788301
334 20 1561.845684
336 20 1561.900024
338 20 1561.951057
340 20 1561.998533
342 20 1562.042218
344 20 1562.081900
346 20 1562.117384
348 20 1562.148496
350 20 1562.175084
352 20 1562.197018
354 20 1562.214190
356 20 1562.226516
358 20 1562.233936
360 20 1562.236414
0 22 1562.163861
2 22 1562.161450
4 22 1562.154227
6 22 1562.142228
8 22 1562.125513
10 22 1562.104162
12 22 1562.078280
14 22 1562.047995
16 22 1562.013454
18 22 1561.974827
20 22 1561.932302
22 22 1561.886088
24 22 1561.836411
26 22 1561.783514
28 22 1561.727655
30 22 1561.669108
32 22 1561.608158
34 22 1561.545103
36 22 1561.480252
38 22 1561.413921
40 22 1561.346433
42 22 1561.278118
44 22 1561.209309
46 22 1561.140340
48 22 1561.071549
50 22 1561.003270
52 22 1560.935836
54 22 1560.869574
56 22 1560.804807
58 22 1560.741850
60 22 1560.681008
62 22 1560.622579
64 22 1560.566844
66 22 1560.514076
68 22 1560.464530
70 22 1560.418446
72 22 1560.376048
74 22 1560.337542
76 22 1560.303115
78 22 1560.272932
80 22 1560.247142
82 22 1560.225868
84 22 1560.209213
86 22 1560.197260
88 22 1560.190064
90 22 1560.187662
92 22 1560.190064
94 22 1560.197260
96 22 1560.209213
98 22 1560.225868
100 22 1560.247142
102 22 1560.272932
104 22 1560.303115
106 22 1560.337542
108 22 1560.376048
110 22 1560.418446
112 22 1560.464530
114 22 1560.514076
116 22 1560.566844
118 22 1560.622579
120 22 1560.681008
122 22 1560.741850
124 22 1560.804807
126 22 1560.869574
128 22 1560.935836
130 22 1561.003270
132 22 1561.071549
134 22 1561.140340
136 22 1561.209309
138 22 1561.278118
140 22 1561.346433
142 22 1561.413921
144 22 1561.480252
146 22 1561.545103
148 22 1561.608158
150 22 1561.669108
152 22 1561.727655
154 22 1561.783514
156 22 1561.836411
158 22 1561.886088
160 22 1561.932302
162 22 1561.974827
164 22 1562.013454
166 22 1562.047995
168 22 1562.078280
170 22 1562.104162
172 22 1562.125513
174 22 1562.142228
176 22 1562.154227
178 22 1562.161450
180 22 1562.163861
182 22 1562.161450
184 22 1562.154227
186 22 1562.142228
188 22 1562.125513
190 22 1562.104162
192 22 1562.078280
194 22 1562.047995
196 22 1562.013454
198 22 1561.974827
200 22 1561.932302
202 22 1561.886088
204 22 1561.836411
206 22 1561.783514
208 22 1561.727655
210 22 1561.669108
212 22 1561.608158
214 22 1561.545103
216 22 1561.480252
218 22 1561.413921
220 22 1561.346433
222 22 1561.278118
224 22 1561.209309
226 22 1561.140340
228 22 1561.071549
230 22 1561.003270
232 22 1560.935836
234 22 1560.869574
236 22 1560.804807
238 22 1560.741850
240 22 1560.681008
242 22 1560.622579
244 22 1560.566844
246 22 1560.514076
248 22 1560.464530
250 22 1560.418446
252 22 1560.376048
254 22 1560.337542
256 22 1560.303115
258 22 1560.272932
260 22 1560.247142
262 22 1560.225868
264 22 1560.209213
266 22 1560.197260
268 22 1560.190064
270 22 1560.187662
272 22 1560.190064
274 22 1560.197260
276 22 1560.209213
278 22 1560.225868
280 22 1560.247142
282 22 1560.272932
284 22 1560.303115
286 22 1560.337542
288 22 1560.376048
290 22 1560.418446
292 22 1560.464530
294 22 1560.514076
296 22 1560.566844
298 22 1560.622579
300 22 1560.681008
302 22 1560.741850
304 22 1560.804807
306 22 1560.869574
308 22 1560.935836
310 22 1561.003270
312 22 1561.071549
314 22 1561.140340
316 22 1561.209309
318 22 1561.278118
320 22 1561.346433
322 22 1561.413921
324 22 1561.480252
326 22 1561.545103
328 22 1561.608158
330 22 1561.669108
332 22 1561.727655
334 22 1561.783514
336 22 1561.836411
338 22 1561.886088
340 22 1561.932302
342 22 1561.974827
344 22 1562.013454
346 22 1562.047995
348 22 1562.078280
350 22 1562.104162
352 22 1562.125513
354 22 1562.142228
356 22 1562.154227
358 22 1562.161450
360 22 1562.163861
0 24 1562.085876
2 24 1562.083535
4 24 1562.076525
6 24 1562.064878
8 24 1562.048653
10 24 1562.027929
12 24 1562.002806
14 24 1561.973410
16 24 1561.939882
18 24 1561.902388
20 24 1561.861111
22 24 1561.816253
24 24 1561.768033
26 24 1561.716687
28 24 1561.662466
30 24 1561.605636
32 24 1561.546473
34 24 1561.485267
36 24 1561.422317
38 24 1561.357930
40 24 1561.292420
42 24 1561.226106
44 24 1561.159313
46 24 1561.092365
48 24 1561.025589
50 24 1560.959309
52 24 1560.893849
54 24 1560.829527
56 24 1560.766656
58 24 1560.705542
60 24 1560.646482
62 24 1560.589762
64 24 1560.535659
66 24 1560.484434
68 24 1560.436337
70 24 1560.391602
72 24 1560.350444
74 24 1560.313065
76 24 1560.279644
78 24 1560.250344
80 24 1560.225308
82 24 1560.204656
84 24 1560.188489
86 24 1560.176885
88 24 1560.169899
90 24 1560.167567
92 24 1560.169899
94 24 1560.176885
96 24 1560.188489
98 24 1560.204656
100 24 1560.225308
102 24 1560.250344
104 24 1560.279644
106 24 1560.313065
108 24 1560.350444
110 24 1560.391602
112 24 1560.436337
114 24 1560.484434
116 24 1560.535659
118 24 1560.589762
120 24 1560.646482
122 24 1560.705542
124 24 1560.766656
126 24 1560.829527
128 24 1560.893849
130 24 1560.959309
132 24 1561.025589
134 24 1561.092365
136 24 1561.159313
138 24 1561.226106
140 24 1561.292420
142 24 1561.357930
144 24 1561.422317
146 24 1561.485267
148 24 1561.546473
150 24 1561.605636
152 24 1561.662466
154 24 1561.716687
156 24 1561.768033
158 24 1561.816253
160 24 1561.861111
162 24 1561.902388
164 24 1561.939882
166 24 1561.973410
168 24 1562.002806
170 24 1562.027929
172 24 1562.048653
174 24 1562.064878
176 24 1562.076525
178 24 1562.083535
180 24 1562.085876
182 24 1562.083535
184 24 1562.076525
186 24 1562.064878
188 24 1562.048653
190 24 1562.027929
192 24 1562.002806
194 24 1561.973410
196 24 1561.939882
198 24 1561.902388
200 24 1561.861111
202 24 1561.816253
204 24 1561.768033
206 24 1561.716687
208 24 1561.662466
210 24 1561.605636
212 24 1561.546473
214 24 1561.485267
216 24 1561.422317
218 24 1561.357930
220 24 1561.292420
222 24 1561.226106
224 24 1561.159313
226 24 1561.092365
228 24 1561.025589
230 24 1560.959309
232 24 1560.893849
234 24 1560.829527
236 24 1560.766656
238 24 1560.705542
240 24 1560.646482
242 24 1560.589762
244 24 1560.535659
246 24 1560.484434
248 24 1560.436337
250 24 1560.391602
252 24 1560.350444
254 24 1560.313065
256 24 1560.279644
258 24 1560.250344
260 24 1560.225308
262 24 1560.204656
264 24 1560.188489
266 24 1560.176885
268 24 1560.169899
270 24 1560.167567
272 24 1560.169899
274 24 1560.176885
276 24 1560.188489
278 24 1560.204656
280 24 1560.225308
282 24 1560.250344
284 24 1560.279644
286 24 1560.313065
288 24 1560.350444
290 24 1560.391602
292 24 1560.436337
294 24 1560.484434
296 24 1560.535659
298 24 1560.589762
300 24 1560.646482
302 24 1560.705542
304 24 1560.766656
306 24 1560.829527
308 24 1560.893849
310 24 1560.959309
312 24 1561.025589
314 24 1561.092365
316 24 1561.159313
318 24 1561.226106
320 24 1561.292420
322 24 1561.357930
324 24 1561.422317
326 24 1561.485267
328 24 1561.546473
330 24 1561.605636
332 24 1561.662466
334 24 1561.716687
336 24 1561.768033
338 24 1561.816253
340 24 1561.861111
342 24 1561.902388
344 24 1561.939882
346 24 1561.973410
348 24 1562.002806
350 24 1562.027929
352 24 1562.048653
354 24 1562.064878
356 24 1562.076525
358 24 1562.083535
360 24 1562.085876
0 26 1562.002840
2 26 1562.000575
4 26 1561.993790
6 26 1561.982518
8 26 1561.966815
10 26 1561.946758
12 26 1561.922444
14 26 1561.893994
16 26 1561.861545
18 26 1561.825258
20 26 1561.785309
22 26 1561.741894
24 26 1561.695225
26 26 1561.645531
28 26 1561.593054
30 26 1561.538051
32 26 1561.480791
34 26 1561.421553
36 26 1561.360627
38 26 1561.298310
40 26 1561.234905
42 26 1561.170723
44 26 1561.106076
46 26 1561.041279
48 26 1560.976648
50 26 1560.912498
52 26 1560.849141
54 26 1560.786884
56 26 1560.726032
58 26 1560.666880
60 26 1560.609716
62 26 1560.554817
64 26 1560.502450
66 26 1560.452870
68 26 1560.406317
70 26 1560.363016
72 26 1560.323179
74 26 1560.286999
76 26 1560.254651
78 26 1560.226291
80 26 1560.202058
82 26 1560.182068
84 26 1560.166420
86 26 1560.155188
88 26 1560.148426
90 26 1560.146169
92 26 1560.148426
94 26 1560.155188
96 26 1560.166420
98 26 1560.182068
100 26 1560.202058
102 26 1560.226291
104 26 1560.254651
106 26 1560.286999
108 26 1560.323179
110 26 1560.363016
112 26 1560.406317
114 26 1560.452870
116 26 1560.502450
118 26 1560.554817
120 26 1560.609716
122 26 1560.666880
124 26 1560.726032
126 26 1560.786884
128 26 1560.849141
130 26 1560.912498
132 26 1560.976648
134 26 1561.041279
136 26 1561.106076
138 26 1561.170723
140 26 1561.234905
142 26 1561.298310
144 26 1561.360627
146 26 1561.421553
148 26 1561.480791
150 26 1561.538051
152 26 1561.593054
154 26 1561.645531
156 26 1561.695225
158 26 1561.741894
160 26 1561.785309
162 26 1561.825258
164 26 1561.861545
166 26 1561.893994
168 26 1561.922444
170 26 1561.946758
172 26 1561.966815
174 26 1561.982518
176 26 1561.993790
178 26 1562.000575
180 26 1562.002840
182 26 1562.000575
184 26 1561.993790
186 26 1561.982518
188 26 1561.966815
190 26 1561.946758
192 26 1561.922444
194 26 1561.893994
196 26 1561.861545
198 26 1561.825258
200 26 1561.785309
202 26 1561.741894
204 26 1561.695225
206 26 1561.645531
208 26 1561.593054
210 26 1561.538051
212 26 1561.480791
214 26 1561.421553
216 26 1561.360627
218 26 1561.298310
220 26 1561.234905
222 26 1561.170723
224 26 1561.106076
226 26 1561.041279
228 26 1560.976648
230 26 1560.912498
232 26 1560.849141
234 26 1560.786884
236 26 1560.726032
238 26 1560.666880
240 26 1560.609716
242 26 1560.554817
244 26 1560.502450
246 26 1560.452870
248 26 1560.406317
250 26 1560.363016
252 26 1560.323179
254 26 1560.286999
256 26 1560.254651
258 26 1560.226291
260 26 1560.202058
262 26 1560.182068
264 26 1560.166420
266 26 1560.155188
268 26 1560.148426
270 26 1560.146169
272 26 1560.148426
274 26 1560.155188
276 26 1560.166420
278 26 1560.182068
280 26 1560.202058
282 26 1560.226291
284 26 1560.254651
286 26 1560.286999
288 26 1560.323179
290 26 1560.363016
292 26 1560.406317
294 26 1560.452870
296 26 1560.502450
298 26 1560.554817
300 26 1560.609716
302 26 1560.666880
304 26 1560.726032
306 26 1560.786884
308 26 1560.849141
310 26 1560.912498
312 26 1560.976648
314 26 1561.041279
316 26 1561.106076
318 26 1561.170723
320 26 1561.234905
322 26 1561.298310
324 26 1561.360627
326 26 1561.421553
328 26 1561.480791
330 26 1561.538051
332 26 1561.593054
334 26 1561.645531
336 26 1561.695225
338 26 1561.741894
340 26 1561.785309
342 26 1561.825258
344 26 1561.861545
346 26 1561.893994
348 26 1561.922444
350 26 1561.946758
352 26 1561.966815
354 26 1561.982518
356 26 1561.993790
358 26 1562.000575
360 26 1562.002840
0 28 1561.915161
2 28 1561.912975
4 28 1561.906428
6 28 1561.895552
8 28 1561.880401
10 28 1561.861048
12 28 1561.837588
14 28 1561.810136
16 28 1561.778826
18 28 1561.743813
20 28 1561.705266
22 28 1561.663375
24 28 1561.618344
26 28 1561.570393
28 28 1561.519758
30 28 1561.466685
32 28 1561.411434
34 28 1561.354274
36 28 1561.295484
38 28 1561.235352
40 28 1561.174171
42 28 1561.112239
44 28 1561.049859
46 28 1560.987333
48 28 1560.924967
50 28 1560.863065
52 28 1560.801928
54 28 1560.741853
56 28 1560.683133
58 28 1560.626053
60 28 1560.570891
62 28 1560.517914
64 28 1560.467381
66 28 1560.419537
68 28 1560.374613
70 28 1560.332829
72 28 1560.294387
74 28 1560.259473
76 28 1560.228257
78 28 1560.200889
80 28 1560.177504
82 28 1560.158214
84 28 1560.143113
86 28 1560.132274
88 28 1560.125750
90 28 1560.123571
92 28 1560.125750
94 28 1560.132274
96 28 1560.143113
98 28 1560.158214
100 28 1560.177504
102 28 1560.200889
104 28 1560.228257
106 28 1560.259473
108 28 1560.294387
110 28 1560.332829
112 28 1560.374613
114 28 1560.419537
116 28 1560.467381
118 28 1560.517914
120 28 1560.570891
122 28 1560.626053
124 28 1560.683133
126 28 1560.741853
128 28 1560.801928
130 28 1560.863065
132 28 1560.924967
134 28 1560.987333
136 28 1561.049859
138 28 1561.112239
140 28 1561.174171
142 28 1561.235352
144 28 1561.295484
146 28 1561.354274
148 28 1561.411434
150 28 1561.466685
152 28 1561.519758
154 28 1561.570393
156 28 1561.618344
158 28 1561.663375
160 28 1561.705266
162 28 1561.743813
164 28 1561.778826
166 28 1561.810136
168 28 1561.837588
170 28 1561.861048
172 28 1561.880401
174 28 1561.895552
176 28 1561.906428
178 28 1561.912975
180 28 1561.915161
182 28 1561.912975
184 28 1561.906428
186 28 1561.895552
188 28 1561.880401
190 28 1561.861048
192 28 1561.837588
194 28 1561.810136
196 28 1561.778826
198 28 1561.743813
200 28 1561.705266
202 28 1561.663375
204 28 1561.618344
206 28 1561.570393
208 28 1561.519758
210 28 1561.466685
212 28 1561.411434
214 28 1561.354274
216 28 1561.295484
218 28 1561.235352
220 28 1561.174171
222 28 1561.112239
224 28 1561.049859
226 28 1560.987333
228 28 1560.924967
230 28 1560.863065
232 28 1560.801928
234 28 1560.741853
236 28 1560.683133
238 28 1560.626053
240 28 1560.570891
242 28 1560.517914
244 28 1560.467381
246 28 1560.419537
248 28 1560.374613
250 28 1560.332829
252 28 1560.294387
254 28 1560.259473
256 28 1560.228257
258 28 1560.200889
260 28 1560.177504
262 28 1560.158214
264 28 1560.143113
266 28 1560.132274
268 28 1560.125750
270 28 1560.123571
272 28 1560.125750
274 28 1560.132274
276 28 1560.143113
278 28 1560.158214
280 28 1560.177504
282 28 1560.200889
284 28 1560.228257
286 28 1560.259473
288 28 1560.294387
290 28 1560.332829
292 28 1560.374613
294 28 1560.419537
296 28 1560.467381
298 28 1560.517914
300 28 1560.570891
302 28 1560.626053
304 28 1560.683133
306 28 1560.741853
308 28 1560.801928
310 28 1560.863065
312 28 1560.924967
314 28 1560.987333
316 28 1561.049859
318 28 1561.112239
320 28 1561.174171
322 28 1561.235352
324 28 1561.295484
326 28 1561.354274
328 28 1561.411434
330 28 1561.466685
332 28 1561.519758
334 28 1561.570393
336 28 1561.618344
338 28 1561.663375
340 28 1561.705266
342 28 1561.743813
344 28 1561.778826
346 28 1561.810136
348 28 1561.837588
350 28 1561.861048
352 28 1561.880401
354 28 1561.895552
356 28 1561.906428
358 28 1561.912975
360 28 1561.915161
0 30 1561.823267
2 30 1561.821165
4 30 1561.814867
6 30 1561.804406
8 30 1561.789832
10 30 1561.771217
12 30 1561.748652
14 30 1561.722247
16 30 1561.692131
18 30 1561.658452
20 30 1561.621375
22 30 1561.581080
24 30 1561.537766
26 30 1561.491643
28 30 1561.442937
30 30 1561.391886
32 30 1561.338740
34 30 1561.283758
36 30 1561.227208
38 30 1561.169366
40 30 1561.110515
42 30 1561.050941
44 30 1560.990936
46 30 1560.930791
48 30 1560.870799
50 30 1560.811253
52 30 1560.752442
54 30 1560.694653
56 30 1560.638167
58 30 1560.583259
60 30 1560.530195
62 30 1560.479234
64 30 1560.430623
66 30 1560.384598
68 30 1560.341383
70 30 1560.301187
72 30 1560.264207
74 30 1560.230620
76 30 1560.200590
78 30 1560.174264
80 30 1560.151768
82 30 1560.133211
84 30 1560.118684
86 30 1560.108257
88 30 1560.101980
90 30 1560.099885
92 30 1560.101980
94 30 1560.108257
96 30 1560.118684
98 30 1560.133211
100 30 1560.151768
102 30 1560.174264
104 30 1560.200590
106 30 1560.230620
108 30 1560.264207
110 30 1560.301187
112 30 1560.341383
114 30 1560.384598
116 30 1560.430623
118 30 1560.479234
120 30 1560.530195
122 30 1560.583259
124 30 1560.638167
126 30 1560.694653
128 30 1560.752442
130 30 1560.811253
132 30 1560.870799
134 30 1560.930791
136 30 1560.990936
138 30 1561.050941
140 30 1561.110515
142 30 1561.169366
144 30 1561.227208
146 30 1561.283758
148 30 1561.338740
150 30 1561.391886
152 30 1561.442937
154 30 1561.491643
156 30 1561.537766
158 30 1561.581080
160 30 1561.621375
162 30 1561.658452
164 30 1561.692131
166 30 1561.722247
168 30 1561.748652
170 30 1561.771217
172 30 1561.789832
174 30 1561.804406
176 30 1561.814867
178 30 1561.821165
180 30 1561.823267
182 30 1561.821165
184 30 1561.814867
186 30 1561.804406
188 30 1561.789832
190 30 1561.771217
192 30 1561.748652
194 30 1561.722247
196 30 1561.692131
198 30 1561.658452
200 30 1561.621375
202 30 1561.581080
204 30 1561.537766
206 30 1561.491643
208 30 1561.442937
210 30 1561.391886
212 30 1561.338740
214 30 1561.283758
216 30 1561.227208
218 30 1561.169366
220 30 1561.110515
222 30 1561.050941
224 30 1560.990936
226 30 1560.930791
228 30 1560.870799
230 30 1560.811253
232 30 1560.752442
234 30 1560.694653
236 30 1560.638167
238 30 1560.583259
240 30 1560.530195
242 30 1560.479234
244 30 1560.430623
246 30 1560.384598
248 30 1560.341383
250 30 1560.301187
252 30 1560.264207
254 30 1560.230620
256 30 1560.200590
258 30 1560.174264
260 30 1560.151768
262 30 1560.133211
264 30 1560.118684
266 30 1560.108257
268 30 1560.101980
270 30 1560.099885
272 30 1560.101980
274 30 1560.108257
276 30 1560.118684
278 30 1560.133211
280 30 1560.151768
282 30 1560.174264
284 30 1560.200590
286 30 1560.230620
288 30 1560.264207
290 30 1560.301187
292 30 1560.341383
294 30 1560.384598
296 30 1560.430623
298 30 1560.479234
300 30 1560.530195
302 30 1560.583259
304 30 1560.638167
306 30 1560.694653
308 30 1560.752442
310 30 1560.811253
312 30 1560.870799
314 30 1560.930791
316 30 1560.990936
318 30 1561.050941
320 30 1561.110515
322 30 1561.169366
324 30 1561.227208
326 30 1561.283758
328 30 1561.338740
330 30 1561.391886
332 30 1561.442937
334 30 1561.491643
336 30 1561.537766
338 30 1561.581080
340 30 1561.621375
342 30 1561.658452
344 30 1561.692131
346 30 1561.722247
348 30 1561.748652
350 30 1561.771217
352 30 1561.789832
354 30 1561.804406
356 30 1561.814867
358 30 1561.821165
360 30 1561.823267
0 32 1561.727609
2 32 1561.725593
4 32 1561.719556
6 32 1561.709526
8 32 1561.695554
10 32 1561.677707
12 32 1561.656072
14 32 1561.630757
16 32 1561.601883
18 32 1561.569594
20 32 1561.534045
22 32 1561.495413
24 32 1561.453885
26 32 1561.409664
28 32 1561.362966
30 32 1561.314021
32 32 1561.263065
34 32 1561.210350
36 32 1561.156131
38 32 1561.100673
40 32 1561.044247
42 32 1560.987128
44 32 1560.929595
46 32 1560.871928
48 32 1560.814407
50 32 1560.757314
52 32 1560.700925
54 32 1560.645516
56 32 1560.591356
58 32 1560.538708
60 32 1560.487829
62 32 1560.438965
64 32 1560.392355
66 32 1560.348224
68 32 1560.306787
70 32 1560.268246
72 32 1560.232786
74 32 1560.200582
76 32 1560.171787
78 32 1560.146544
80 32 1560.124973
82 32 1560.107180
84 32 1560.093250
86 32 1560.083252
88 32 1560.077234
90 32 1560.075224
92 32 1560.077234
94 32 1560.083252
96 32 1560.093250
98 32 1560.107180
100 32 1560.124973
102 32 1560.146544
104 32 1560.171787
106 32 1560.200582
108 32 1560.232786
110 32 1560.268246
112 32 1560.306787
114 32 1560.348224
116 32 1560.392355
118 32 1560.438965
120 32 1560.487829
122 32 1560.538708
124 32 1560.591356
126 32 1560.645516
128 32 1560.700925
130 32 1560.757314
132 32 1560.814407
134 32 1560.871928
136 32 1560.929595
138 32 1560.987128
140 32 1561.044247
142 32 1561.100673
144 32 1561.156131
146 32 1561.210350
148 32 1561.263065
150 32 1561.314021
152 32 1561.362966
154 32 1561.409664
156 32 1561.453885
158 32 1561.495413
160 32 1561.534045
162 32 1561.569594
164 32 1561.601883
166 32 1561.630757
168 32 1561.656072
170 32 1561.677707
172 32 1561.695554
174 32 1561.709526
176 32 1561.719556
178 32 1561.725593
180 32 1561.727609
182 32 1561.725593
184 32 1561.719556
186 32 1561.709526
188 32 1561.695554
190 32 1561.677707
192 32 1561.656072
194 32 1561.630757
196 32 1561.601883
198 32 1561.569594
200 32 1561.534045
202 32 1561.495413
204 32 1561.453885
206 32 1561.409664
208 32 1561.362966
210 32 1561.314021
212 32 1561.263065
214 32 1561.210350
216 32 1561.156131
218 32 1561.100673
220 32 1561.044247
222 32 1560.987128
224 32 1560.929595
226 32 1560.871928
228 32 1560.814407
230 32 1560.757314
232 32 1560.700925
234 32 1560.645516
236 32 1560.591356
238 32 1560.538708
240 32 1560.487829
242 32 1560.438965
244 32 1560.392355
246 32 1560.348224
248 32 1560.306787
250 32 1560.268246
252 32 1560.232786
254 32 1560.200582
256 32 1560.171787
258 32 1560.146544
260 32 1560.124973
262 32 1560.107180
264 32 1560.093250
266 32 1560.083252
268 32 1560.077234
270 32 1560.075224
272 32 1560.077234
274 32 1560.083252
276 32 1560.093250
278 32 1560.107180
280 32 1560.124973
282 32 1560.146544
284 32 1560.171787
286 32 1560.200582
288 32 1560.232786
290 32 1560.268246
292 32 1560.306787
294 32 1560.348224
296 32 1560.392355
298 32 1560.438965
300 32 1560.487829
302 32 1560.538708
304 32 1560.591356
306 32 1560.645516
308 32 1560.700925
310 32 1560.757314
312 32 1560.814407
314 32 1560.871928
316 32 1560.929595
318 32 1560.987128
320 32 1561.044247
322 32 1561.100673
324 32 1561.156131
326 32 1561.210350
328 32 1561.263065
330 32 1561.314021
332 32 1561.362966
334 32 1561.409664
336 32 1561.453885
338 32 1561.495413
340 32 1561.534045
342 32 1561.569594
344 32 1561.601883
346 32 1561.630757
348 32 1561.656072
350 32 1561.677707
352 32 1561.695554
354 32 1561.709526
356 32 1561.719556
358 32 1561.725593
360 32 1561.727609
0 34 1561.628654
2 34 1561.626728
4 34 1561.620960
6 34 1561.611377
8 34 1561.598026
10 34 1561.580973
12 34 1561.560302
14 34 1561.536113
16 34 1561.508524
18 34 1561.477672
20 34 1561.443705
22 34 1561.406792
24 34 1561.367111
26 34 1561.324858
28 34 1561.280238
30 34 1561.233469
32 34 1561.184780
34 34 1561.134409
36 34 1561.082601
38 34 1561.029609
40 34 1560.975692
42 34 1560.921112
44 34 1560.866136
46 34 1560.811032
48 34 1560.756068
50 34 1560.701511
52 34 1560.647628
54 34 1560.594680
56 34 1560.542926
58 34 1560.492617
60 34 1560.443997
62 34 1560.397304
64 34 1560.352763
66 34 1560.310592
68 34 1560.270995
70 34 1560.234164
72 34 1560.200279
74 34 1560.169504
76 34 1560.141988
78 34 1560.117865
80 34 1560.097251
82 34 1560.080248
84 34 1560.066936
86 34 1560.057382
88 34 1560.051631
90 34 1560.049710
92 34 1560.051631
94 34 1560.057382
96 34 1560.066936
98 34 1560.080248
100 34 1560.097251
102 34 1560.117865
104 34 1560.141988
106 34 1560.169504
108 34 1560.200279
110 34 1560.234164
112 34 1560.270995
114 34 1560.310592
116 34 1560.352763
118 34 1560.397304
120 34 1560.443997
122 34 1560.492617
124 34 1560.542926
126 34 1560.594680
128 34 1560.647628
130 34 1560.701511
132 34 1560.756068
134 34 1560.811032
136 34 1560.866136
138 34 1560.921112
140 34 1560.975692
142 34 1561.029609
144 34 1561.082601
146 34 1561.134409
148 34 1561.184780
150 34 1561.233469
152 34 1561.280238
154 34 1561.324858
156 34 1561.367111
158 34 1561.406792
160 34 1561.443705
162 34 1561.477672
164 34 1561.508524
166 34 1561.536113
168 34 1561.560302
170 34 1561.580973
172 34 1561.598026
174 34 1561.611377
176 34 1561.620960
178 34 1561.626728
180 34 1561.628654
182 34 1561.626728
184 34 1561.620960
186 34 1561.611377
188 34 1561.598026
190 34 1561.580973
192 34 1561.560302
194 34 1561.536113
196 34 1561.508524
198 34 1561.477672
200 34 1561.443705
202 34 1561.406792
204 34 1561.367111
206 34 1561.324858
208 34 1561.280238
210 34 1561.233469
212 34 1561.184780
214 34 1561.134409
216 34 1561.082601
218 34 1561.029609
220 34 1560.975692
222 34 1560.921112
224 34 1560.866136
226 34 1560.811032
228 34 1560.756068
230 34 1560.701511
232 34 1560.647628
234 34 1560.594680
236 34 1560.542926
238 34 1560.492617
240 34 1560.443997
242 34 1560.397304
244 34 1560.352763
246 34 1560.310592
248 34 1560.270995
250 34 1560.234164
252 34 1560.200279
254 34 1560.169504
256 34 1560.141988
258 34 1560.117865
260 34 1560.097251
262 34 1560.080248
264 34 1560.066936
266 34 1560.057382
268 34 1560.051631
270 34 1560.049710
272 34 1560.051631
274 34 1560.057382
276 34 1560.066936
278 34 1560.080248
280 34 1560.097251
282 34 1560.117865
284 34 1560.141988
286 34 1560.169504
288 34 1560.200279
290 34 1560.234164
292 34 1560.270995
294 34 1560.310592
296 34 1560.352763
298 34 1560.397304
300 34 1560.443997
302 34 1560.492617
304 34 1560.542926
306 34 1560.594680
308 34 1560.647628
310 34 1560.701511
312 34 1560.756068
314 34 1560.811032
316 34 1560.866136
318 34 1560.921112
320 34 1560.975692
322 34 1561.029609
324 34 1561.082601
326 34 1561.134409
328 34 1561.184780
330 34 1561.233469
332 34 1561.280238
334 34 1561.324858
336 34 1561.367111
338 34 1561.406792
340 34 1561.443705
342 34 1561.477672
344 34 1561.508524
346 34 1561.536113
348 34 1561.560302
350 34 1561.580973
352 34 1561.598026
354 34 1561.611377
356 34 1561.620960
358 34 1561.626728
360 34 1561.628654
0 36 1561.526887
2 36 1561.525053
4 36 1561.519561
6 36 1561.510437
8 36 1561.497726
10 36 1561.481490
12 36 1561.461809
14 36 1561.438778
16 36 1561.412511
18 36 1561.383136
20 36 1561.350796
22 36 1561.315650
24 36 1561.277869
26 36 1561.237639
28 36 1561.195155
30 36 1561.150625
32 36 1561.104266
34 36 1561.056306
36 36 1561.006977
38 36 1560.956521
40 36 1560.905184
42 36 1560.853215
44 36 1560.800869
46 36 1560.748401
48 36 1560.696065
50 36 1560.644118
52 36 1560.592811
54 36 1560.542395
56 36 1560.493115
58 36 1560.445211
60 36 1560.398915
62 36 1560.354454
64 36 1560.312042
66 36 1560.271886
68 36 1560.234181
70 36 1560.199110
72 36 1560.166844
74 36 1560.137539
76 36 1560.111337
78 36 1560.088367
80 36 1560.068738
82 36 1560.052546
84 36 1560.039871
86 36 1560.030773
88 36 1560.025296
90 36 1560.023468
92 36 1560.025296
94 36 1560.030773
96 36 1560.039871
98 36 1560.052546
100 36 1560.068738
102 36 1560.088367
104 36 1560.111337
106 36 1560.137539
108 36 1560.166844
110 36 1560.199110
112 36 1560.234181
114 36 1560.271886
116 36 1560.312042
118 36 1560.354454
120 36 1560.398915
122 36 1560.445211
124 36 1560.493115
126 36 1560.542395
128 36 1560.592811
130 36 1560.644118
132 36 1560.696065
134 36 1560.748401
136 36 1560.800869
138 36 1560.853215
140 36 1560.905184
142 36 1560.956521
144 36 1561.006977
146 36 1561.056306
148 36 1561.104266
150 36 1561.150625
152 36 1561.195155
154 36 1561.237639
156 36 1561.277869
158 36 1561.315650
160 36 1561.350796
162 36 1561.383136
164 36 1561.412511
166 36 1561.438778
168 36 1561.461809
170 36 1561.481490
172 36 1561.497726
174 36 1561.510437
176 36 1561.519561
178 36 1561.525053
180 36 1561.526887
182 36 1561.525053
184 36 1561.519561
186 36 1561.510437
188 36 1561.497726
190 36 1561.481490
192 36 1561.461809
194 36 1561.438778
196 36 1561.412511
198 36 1561.383136
200 36 1561.350796
202 36 1561.315650
204 36 1561.277869
206 36 1561.237639
208 36 1561.195155
210 36 1561.150625
212 36 1561.104266
214 36 1561.056306
216 36 1561.006977
218 36 1560.956521
220 36 1560.905184
222 36 1560.853215
224 36 1560.800869
226 36 1560.748401
228 36 1560.696065
230 36 1560.644118
232 36 1560.592811
234 36 1560.542395
236 36 1560.493115
238 36 1560.445211
240 36 1560.398915
242 36 1560.354454
244 36 1560.312042
246 36 1560.271886
248 36 1560.234181
250 36 1560.199110
252 36 1560.166844
254 36 1560.137539
256 36 1560.111337
258 36 1560.088367
260 36 1560.068738
262 36 1560.052546
264 36 1560.039871
266 36 1560.030773
268 36 1560.025296
270 36 1560.023468
272 36 1560.025296
274 36 1560.030773
276 36 1560.039871
278 36 1560.052546
280 36 1560.068738
282 36 1560.088367
284 36 1560.111337
286 36 1560.137539
288 36 1560.166844
290 36 1560.199110
292 36 1560.234181
294 36 1560.271886
296 36 1560.312042
298 36 1560.354454
300 36 1560.398915
302 36 1560.445211
304 36 1560.493115
306 36 1560.542395
308 36 1560.592811
310 36 1560.644118
312 36 1560.696065
314 36 1560.748401
316 36 1560.800869
318 36 1560.853215
320 36 1560.905184
322 36 1560.956521
324 36 1561.006977
326 36 1561.056306
328 36 1561.104266
330 36 1561.150625
332 36 1561.195155
334 36 1561.237639
336 36 1561.277869
338 36 1561.315650
340 36 1561.350796
342 36 1561.383136
344 36 1561.412511
346 36 1561.438778
348 36 1561.461809
350 36 1561.481490
352 36 1561.497726
354 36 1561.510437
356 36 1561.519561
358 36 1561.525053
360 36 1561.526887
0 38 1561.422805
2 38 1561.421065
4 38 1561.415855
6 38 1561.407201
8 38 1561.395144
10 38 1561.379743
12 38 1561.361074
14 38 1561.339228
16 38 1561.314312
18 38 1561.286448
20 38 1561.255771
22 38 1561.222433
24 38 1561.186595
26 38 1561.148433
28 38 1561.108133
30 38 1561.065893
32 38 1561.021918
34 38 1560.976422
36 38 1560.929629
38 38 1560.881766
40 38 1560.833067
42 38 1560.783769
44 38 1560.734113
46 38 1560.684340
48 38 1560.634693
50 38 1560.585414
52 38 1560.536742
54 38 1560.488915
56 38 1560.442166
58 38 1560.396721
60 38 1560.352803
62 38 1560.310623
64 38 1560.270389
66 38 1560.232294
68 38 1560.196524
70 38 1560.163254
72 38 1560.132643
74 38 1560.104842
76 38 1560.079985
78 38 1560.058193
80 38 1560.039571
82 38 1560.024211
84 38 1560.012186
86 38 1560.003554
88 38 1559.998359
90 38 1559.996624
92 38 1559.998359
94 38 1560.003554
96 38 1560.012186
98 38 1560.024211
100 38 1560.039571
102 38 1560.058193
104 38 1560.079985
106 38 1560.104842
108 38 1560.132643
110 38 1560.163254
112 38 1560.196524
114 38 1560.232294
116 38 1560.270389
118 38 1560.310623
120 38 1560.352803
122 38 1560.396721
124 38 1560.442166
126 38 1560.488915
128 38 1560.536742
130 38 1560.585414
132 38 1560.634693
134 38 1560.684340
136 38 1560.734113
138 38 1560.783769
140 38 1560.833067
142 38 1560.881766
144 38 1560.929629
146 38 1560.976422
148 38 1561.021918
150 38 1561.065893
152 38 1561.108133
154 38 1561.148433
156 38 1561.186595
158 38 1561.222433
160 38 1561.255771
162 38 1561.286448
164 38 1561.314312
166 38 1561.339228
168 38 1561.361074
170 38 1561.379743
172 38 1561.395144
174 38 1561.407201
176 38 1561.415855
178 38 1561.421065
180 38 1561.422805
182 38 1561.421065
184 38 1561.415855
186 38 1561.407201
188 38 1561.395144
190 38 1561.379743
192 38 1561.361074
194 38 1561.339228
196 38 1561.314312
198 38 1561.286448
200 38 1561.255771
202 38 1561.222433
204 38 1561.186595
206 38 1561.148433
208 38 1561.108133
210 38 1561.065893
212 38 1561.021918
214 38 1560.976422
216 38 1560.929629
218 38 1560.881766
220 38 1560.833067
222 38 1560.783769
224 38 1560.734113
226 38 1560.684340
228 38 1560.634693
230 38 1560.585414
232 38 1560.536742
234 38 1560.488915
236 38 1560.442166
238 38 1560.396721
240 38 1560.352803
242 38 1560.310623
244 38 1560.270389
246 38 1560.232294
248 38 1560.196524
250 38 1560.163254
252 38 1560.132643
254 38 1560.104842
256 38 1560.079985
258 38 1560.058193
260 38 1560.039571
262 38 1560.024211
264 38 1560.012186
266 38 1560.003554
268 38 1559.998359
270 38 1559.996624
272 38 1559.998359
274 38 1560.003554
276 38 1560.012186
278 38 1560.024211
280 38 1560.039571
282 38 1560.058193
284 38 1560.079985
286 38 1560.104842
288 38 1560.132643
290 38 1560.163254
292 38 1560.196524
294 38 1560.232294
296 38 1560.270389
298 38 1560.310623
300 38 1560.352803
302 38 1560.396721
304 38 1560.442166
306 38 1560.488915
308 38 1560.536742
310 38 1560.585414
312 38 1560.634693
314 38 1560.684340
316 38 1560.734113
318 38 1560.783769
320 38 1560.833067
322 38 1560.881766
324 38 1560.929629
326 38 1560.976422
328 38 1561.021918
330 38 1561.065893
332 38 1561.108133
334 38 1561.148433
336 38 1561.186595
338 38 1561.222433
340 38 1561.255771
342 38 1561.286448
344 38 1561.314312
346 38 1561.339228
348 38 1561.361074
350 38 1561.379743
352 38 1561.395144
354 38 1561.407201
356 38 1561.415855
358 38 1561.421065
360 38 1561.422805
0 40 1561.316915
2 40 1561.315272
4 40 1561.310349
6 40 1561.302172
8 40 1561.290780
10 40 1561.276229
12 40 1561.258590
14 40 1561.237949
16 40 1561.214407
18 40 1561.188079
20 40 1561.159095
22 40 1561.127595
24 40 1561.093733
26 40 1561.057676
28 40 1561.019598
30 40 1560.979686
32 40 1560.938136
34 40 1560.895148
36 40 1560.850934
38 40 1560.805709
40 40 1560.759694
42 40 1560.713112
44 40 1560.666192
46 40 1560.619161
48 40 1560.572249
50 40 1560.525685
52 40 1560.479694
54 40 1560.434502
56 40 1560.390327
58 40 1560.347385
60 40 1560.305884
62 40 1560.266027
64 40 1560.228007
66 40 1560.192010
68 40 1560.158209
70 40 1560.126770
72 40 1560.097844
74 40 1560.071573
76 40 1560.048084
78 40 1560.027491
80 40 1560.009894
82 40 1559.995379
84 40 1559.984015
86 40 1559.975859
88 40 1559.970949
90 40 1559.969310
92 40 1559.970949
94 40 1559.975859
96 40 1559.984015
98 40 1559.995379
100 40 1560.009894
102 40 1560.027491
104 40 1560.048084
106 40 1560.071573
108 40 1560.097844
110 40 1560.126770
112 40 1560.158209
114 40 1560.192010
116 40 1560.228007
118 40 1560.266027
120 40 1560.305884
122 40 1560.347385
124 40 1560.390327
126 40 1560.434502
128 40 1560.479694
130 40 1560.525685
132 40 1560.572249
134 40 1560.619161
136 40 1560.666192
138 40 1560.713112
140 40 1560.759694
142 40 1560.805709
144 40 1560.850934
146 40 1560.895148
148 40 1560.938136
150 40 1560.979686
152 40 1561.019598
154 40 1561.057676
156 40 1561.093733
158 40 1561.127595
160 40 1561.159095
162 40 1561.188079
164 40 1561.214407
166 40 1561.237949
168 40 1561.258590
170 40 1561.276229
172 40 1561.290780
174 40 1561.302172
176 40 1561.310349
178 40 1561.315272
180 40 1561.316915
182 40 1561.315272
184 40 1561.310349
186 40 1561.302172
188 40 1561.290780
190 40 1561.276229
192 40 1561.258590
194 40 1561.237949
196 40 1561.214407
198 40 1561.188079
200 40 1561.159095
202 40 1561.127595
204 40 1561.093733
206 40 1561.057676
208 40 1561.019598
210 40 1560.979686
212 40 1560.938136
214 40 1560.895148
216 40 1560.850934
218 40 1560.805709
220 40 1560.759694
222 40 1560.713112
224 40 1560.666192
226 40 1560.619161
228 40 1560.572249
230 40 1560.525685
232 40 1560.479694
234 40 1560.434502
236 40 1560.390327
238 40 1560.347385
240 40 1560.305884
242 40 1560.266027
244 40 1560.228007
246 40 1560.192010
248 40 1560.158209
250 40 1560.126770
252 40 1560.097844
254 40 1560.071573
256 40 1560.048084
258 40 1560.027491
260 40 1560.009894
262 40 1559.995379
264 40 1559.984015
266 40 1559.975859
268 40 1559.970949
270 40 1559.969310
272 40 1559.970949
274 40 1559.975859
276 40 1559.984015
278 40 1559.995379
280 40 1560.009894
282 40 1560.027491
284 40 1560.048084
286 40 1560.071573
288 40 1560.097844
290 40 1560.126770
292 40 1560.158209
294 40 1560.192010
296 40 1560.228007
298 40 1560.266027
300 40 1560.305884
302 40 1560.347385
304 40 1560.390327
306 40 1560.434502
308 40 1560.479694
310 40 1560.525685
312 40 1560.572249
314 40 1560.619161
316 40 1560.666192
318 40 1560.713112
320 40 1560.759694
322 40 1560.805709
324 40 1560.850934
326 40 1560.895148
328 40 1560.938136
330 40 1560.979686
332 40 1561.019598
334 40 1561.057676
336 40 1561.093733
338 40 1561.127595
340 40 1561.159095
342 40 1561.188079
344 40 1561.214407
346 40 1561.237949
348 40 1561.258590
350 40 1561.276229
352 40 1561.290780
354 40 1561.302172
356 40 1561.310349
358 40 1561.315272
360 40 1561.316915
0 42 1561.209735
2 42 1561.208189
4 42 1561.203558
6 42 1561.195863
8 42 1561.185144
10 42 1561.171453
12 42 1561.154856
14 42 1561.135435
16 42 1561.113284
18 42 1561.088511
20 42 1561.061239
22 42 1561.031600
24 42 1560.999738
26 42 1560.965810
28 42 1560.929981
30 42 1560.892426
32 42 1560.853329
34 42 1560.812880
36 42 1560.771276
38 42 1560.728721
40 42 1560.685422
42 42 1560.641590
44 42 1560.597439
46 42 1560.553184
48 42 1560.509040
50 42 1560.465223
52 42 1560.421946
54 42 1560.379419
56 42 1560.337850
58 42 1560.297441
60 42 1560.258389
62 42 1560.220882
64 42 1560.185105
66 42 1560.151230
68 42 1560.119422
70 42 1560.089836
72 42 1560.062616
74 42 1560.037894
76 42 1560.015790
78 42 1559.996411
80 42 1559.979851
82 42 1559.966191
84 42 1559.955498
86 42 1559.947822
88 42 1559.943202
90 42 1559.941659
92 42 1559.943202
94 42 1559.947822
96 42 1559.955498
98 42 1559.966191
100 42 1559.979851
102 42 1559.996411
104 42 1560.015790
106 42 1560.037894
108 42 1560.062616
110 42 1560.089836
112 42 1560.119422
114 42 1560.151230
116 42 1560.185105
118 42 1560.220882
120 42 1560.258389
122 42 1560.297441
124 42 1560.337850
126 42 1560.379419
128 42 1560.421946
130 42 1560.465223
132 42 1560.509040
134 42 1560.553184
136 42 1560.597439
138 42 1560.641590
140 42 1560.685422
142 42 1560.728721
144 42 1560.771276
146 42 1560.812880
148 42 1560.853329
150 42 1560.892426
152 42 1560.929981
154 42 1560.965810
156 42 1560.999738
158 42 1561.031600
160 42 1561.061239
162 42 1561.088511
164 42 1561.113284
166 42 1561.135435
168 42 1561.154856
170 42 1561.171453
172 42 1561.185144
174 42 1561.195863
176 42 1561.203558
178 42 1561.208189
180 42 1561.209735
182 42 1561.208189
184 42 1561.203558
186 42 1561.195863
188 42 1561.185144
190 42 1561.171453
192 42 1561.154856
194 42 1561.135435
196 42 1561.113284
198 42 1561.088511
200 42 1561.061239
202 42 1561.031600
204 42 1560.999738
206 42 1560.965810
208 42 1560.929981
210 42 1560.892426
212 42 1560.853329
214 42 1560.812880
216 42 1560.771276
218 42 1560.728721
220 42 1560.685422
222 42 1560.641590
224 42 1560.597439
226 42 1560.553184
228 42 1560.509040
230 42 1560.465223
232 42 1560.421946
234 42 1560.379419
236 42 1560.337850
238 42 1560.297441
240 42 1560.258389
242 42 1560.220882
244 42 1560.185105
246 42 1560.151230
248 42 1560.119422
250 42 1560.089836
252 42 1560.062616
254 42 1560.037894
256 42 1560.015790
258 42 1559.996411
260 42 1559.979851
262 42 1559.966191
264 42 1559.955498
266 42 1559.947822
268 42 1559.943202
270 42 1559.941659
272 42 1559.943202
274 42 1559.947822
276 42 1559.955498
278 42 1559.966191
280 42 1559.979851
282 42 1559.996411
284 42 1560.015790
286 42 1560.037894
288 42 1560.062616
290 42 1560.089836
292 42 1560.119422
294 42 1560.151230
296 42 1560.185105
298 42 1560.220882
300 42 1560.258389
302 42 1560.297441
304 42 1560.337850
306 42 1560.379419
308 42 1560.421946
310 42 1560.465223
312 42 1560.509040
314 42 1560.553184
316 42 1560.597439
318 42 1560.641590
320 42 1560.685422
322 42 1560.728721
324 42 1560.771276
326 42 1560.812880
328 42 1560.853329
330 42 1560.892426
332 42 1560.929981
334 42 1560.965810
336 42 1560.999738
338 42 1561.031600
340 42 1561.061239
342 42 1561.088511
344 42 1561.113284
346 42 1561.135435
348 42 1561.154856
350 42 1561.171453
352 42 1561.185144
354 42 1561.195863
356 42 1561.203558
358 42 1561.208189
360 42 1561.209735
0 44 1561.101788
2 44 1561.100340
4 44 1561.096001
6 44 1561.088794
8 44 1561.078752
10 44 1561.065927
12 44 1561.050379
14 44 1561.032185
16 44 1561.011435
18 44 1560.988229
20 44 1560.962681
22 44 1560.934915
24 44 1560.905068
26 44 1560.873284
28 44 1560.839720
30 44 1560.804538
32 44 1560.767912
34 44 1560.730019
36 44 1560.691044
38 44 1560.651177
40 44 1560.610614
42 44 1560.569551
44 44 1560.528188
46 44 1560.486729
48 44 1560.445373
50 44 1560.404323
52 44 1560.363779
54 44 1560.323937
56 44 1560.284993
58 44 1560.247135
60 44 1560.210547
62 44 1560.175409
64 44 1560.141889
66 44 1560.110152
68 44 1560.080352
70 44 1560.052634
72 44 1560.027131
74 44 1560.003969
76 44 1559.983260
78 44 1559.965103
80 44 1559.949589
82 44 1559.936791
84 44 1559.926772
86 44 1559.919580
88 44 1559.915251
90 44 1559.913806
92 44 1559.915251
94 44 1559.919580
96 44 1559.926772
98 44 1559.936791
100 44 1559.949589
102 44 1559.965103
104 44 1559.983260
106 44 1560.003969
108 44 1560.027131
110 44 1560.052634
112 44 1560.080352
114 44 1560.110152
116 44 1560.141889
118 44 1560.175409
120 44 1560.210547
122 44 1560.247135
124 44 1560.284993
126 44 1560.323937
128 44 1560.363779
130 44 1560.404323
132 44 1560.445373
134 44 1560.486729
136 44 1560.528188
138 44 1560.569551
140 44 1560.610614
142 44 1560.651177
144 44 1560.691044
146 44 1560.730019
148 44 1560.767912
150 44 1560.804538
152 44 1560.839720
154 44 1560.873284
156 44 1560.905068
158 44 1560.934915
160 44 1560.962681
162 44 1560.988229
164 44 1561.011435
166 44 1561.032185
168 44 1561.050379
170 44 1561.065927
172 44 1561.078752
174 44 1561.088794
176 44 1561.096001
178 44 1561.100340
180 44 1561.101788
182 44 1561.100340
184 44 1561.096001
186 44 1561.088794
188 44 1561.078752
190 44 1561.065927
192 44 1561.050379
194 44 1561.032185
196 44 1561.011435
198 44 1560.988229
200 44 1560.962681
202 44 1560.934915
204 44 1560.905068
206 44 1560.873284
208 44 1560.839720
210 44 1560.804538
212 44 1560.767912
214 44 1560.730019
216 44 1560.691044
218 44 1560.651177
220 44 1560.610614
222 44 1560.569551
224 44 1560.528188
226 44 1560.486729
228 44 1560.445373
230 44 1560.404323
232 44 1560.363779
234 44 1560.323937
236 44 1560.284993
238 44 1560.247135
240 44 1560.210547
242 44 1560.175409
244 44 1560.141889
246 44 1560.110152
248 44 1560.080352
250 44 1560.052634
252 44 1560.027131
254 44 1560.003969
256 44 1559.983260
258 44 1559.965103
260 44 1559.949589
262 44 1559.936791
264 44 1559.926772
266 44 1559.919580
268 44 1559.915251
270 44 1559.913806
272 44 1559.915251
274 44 1559.919580
276 44 1559.926772
278 44 1559.936791
280 44 1559.949589
282 44 1559.965103
284 44 1559.983260
286 44 1560.003969
288 44 1560.027131
290 44 1560.052634
292 44 1560.080352
294 44 1560.110152
296 44 1560.141889
298 44 1560.175409
300 44 1560.210547
302 44 1560.247135
304 44 1560.284993
306 44 1560.323937
308 44 1560.363779
310 44 1560.404323
312 44 1560.445373
314 44 1560.486729
316 44 1560.528188
318 44 1560.569551
320 44 1560.610614
322 44 1560.651177
324 44 1560.691044
326 44 1560.730019
328 44 1560.767912
330 44 1560.804538
332 44 1560.839720
334 44 1560.873284
336 44 1560.905068
338 44 1560.934915
340 44 1560.962681
342 44 1560.988229
344 44 1561.011435
346 44 1561.032185
348 44 1561.050379
350 44 1561.065927
352 44 1561.078752
354 44 1561.088794
356 44 1561.096001
358 44 1561.100340
360 44 1561.101788
0 46 1560.993600
2 46 1560.992250
4 46 1560.988204
6 46 1560.981484
8 46 1560.972122
10 46 1560.960164
12 46 1560.945668
14 46 1560.928705
16 46 1560.909358
18 46 1560.887721
20 46 1560.863900
22 46 1560.838012
24 46 1560.810183
26 46 1560.780548
28 46 1560.749253
30 46 1560.716451
32 46 1560.682300
34 46 1560.646968
36 46 1560.610628
38 46 1560.573456
40 46 1560.535634
42 46 1560.497345
44 46 1560.458778
46 46 1560.420120
48 46 1560.381558
50 46 1560.343281
52 46 1560.305476
54 46 1560.268326
56 46 1560.232012
58 46 1560.196710
60 46 1560.162594
62 46 1560.129828
64 46 1560.098572
66 46 1560.068978
68 46 1560.041190
70 46 1560.015343
72 46 1559.991562
74 46 1559.969963
76 46 1559.950652
78 46 1559.933721
80 46 1559.919254
82 46 1559.907320
84 46 1559.897977
86 46 1559.891271
88 46 1559.887234
90 46 1559.885887
92 46 1559.887234
94 46 1559.891271
96 46 1559.897977
98 46 1559.907320
100 46 1559.919254
102 46 1559.933721
104 46 1559.950652
106 46 1559.969963
108 46 1559.991562
110 46 1560.015343
112 46 1560.041190
114 46 1560.068978
116 46 1560.098572
118 46 1560.129828
120 46 1560.162594
122 46 1560.196710
124 46 1560.232012
126 46 1560.268326
128 46 1560.305476
130 46 1560.343281
132 46 1560.381558
134 46 1560.420120
136 46 1560.458778
138 46 1560.497345
140 46 1560.535634
142 46 1560.573456
144 46 1560.610628
146 46 1560.646968
148 46 1560.682300
150 46 1560.716451
152 46 1560.749253
154 46 1560.780548
156 46 1560.810183
158 46 1560.838012
160 46 1560.863900
162 46 1560.887721
164 46 1560.909358
166 46 1560.928705
168 46 1560.945668
170 46 1560.960164
172 46 1560.972122
174 46 1560.981484
176 46 1560.988204
178 46 1560.992250
180 46 1560.993600
182 46 1560.992250
184 46 1560.988204
186 46 1560.981484
188 46 1560.972122
190 46 1560.960164
192 46 1560.945668
194 46 1560.928705
196 46 1560.909358
198 46 1560.887721
200 46 1560.863900
202 46 1560.838012
204 46 1560.810183
206 46 1560.780548
208 46 1560.749253
210 46 1560.716451
212 46 1560.682300
214 46 1560.646968
216 46 1560.610628
218 46 1560.573456
220 46 1560.535634
222 46 1560.497345
224 46 1560.458778
226 46 1560.420120
228 46 1560.381558
230 46 1560.343281
232 46 1560.305476
234 46 1560.268326
236 46 1560.232012
238 46 1560.196710
240 46 1560.162594
242 46 1560.129828
244 46 1560.098572
246 46 1560.068978
248 46 1560.041190
250 46 1560.015343
252 46 1559.991562
254 46 1559.969963
256 46 1559.950652
258 46 1559.933721
260 46 1559.919254
262 46 1559.907320
264 46 1559.897977
266 46 1559.891271
268 46 1559.887234
270 46 1559.885887
272 46 1559.887234
274 46 1559.891271
276 46 1559.897977
278 46 1559.907320
280 46 1559.919254
282 46 1559.933721
284 46 1559.950652
286 46 1559.969963
288 46 1559.991562
290 46 1560.015343
292 46 1560.041190
294 46 1560.068978
296 46 1560.098572
298 46 1560.129828
300 46 1560.162594
302 46 1560.196710
304 46 1560.232012
306 46 1560.268326
308 46 1560.305476
310 46 1560.343281
312 46 1560.381558
314 46 1560.420120
316 46 1560.458778
318 46 1560.497345
320 46 1560.535634
322 46 1560.573456
324 46 1560.610628
326 46 1560.646968
328 46 1560.682300
330 46 1560.716451
332 46 1560.749253
334 46 1560.780548
336 46 1560.810183
338 46 1560.838012
340 46 1560.863900
342 46 1560.887721
344 46 1560.909358
346 46 1560.928705
348 46 1560.945668
350 46 1560.960164
352 46 1560.972122
354 46 1560.981484
356 46 1560.988204
358 46 1560.992250
360 46 1560.993600
0 48 1560.885698
2 48 1560.884445
4 48 1560.880692
6 48 1560.874459
8 48 1560.865774
10 48 1560.854680
12 48 1560.841233
14 48 1560.825497
16 48 1560.807549
18 48 1560.787477
20 48 1560.765379
22 48 1560.741364
24 48 1560.715547
26 48 1560.688055
28 48 1560.659023
30 48 1560.628592
32 48 1560.596911
34 48 1560.564133
36 48 1560.530420
38 48 1560.495935
40 48 1560.460847
42 48 1560.425326
44 48 1560.389546
46 48 1560.353681
48 48 1560.317906
50 48 1560.282395
52 48 1560.247321
54 48 1560.212855
56 48 1560.179165
58 48 1560.146414
60 48 1560.114762
62 48 1560.084362
64 48 1560.055364
66 48 1560.027907
68 48 1560.002126
70 48 1559.978145
72 48 1559.956082
74 48 1559.936043
76 48 1559.918126
78 48 1559.902417
80 48 1559.888995
82 48 1559.877922
84 48 1559.869254
86 48 1559.863032
88 48 1559.859287
90 48 1559.858036
92 48 1559.859287
94 48 1559.863032
96 48 1559.869254
98 48 1559.877922
100 48 1559.888995
102 48 1559.902417
104 48 1559.918126
106 48 1559.936043
108 48 1559.956082
110 48 1559.978145
112 48 1560.002126
114 48 1560.027907
116 48 1560.055364
118 48 1560.084362
120 48 1560.114762
122 48 1560.146414
124 48 1560.179165
126 48 1560.212855
128 48 1560.247321
130 48 1560.282395
132 48 1560.317906
134 48 1560.353681
136 48 1560.389546
138 48 1560.425326
140 48 1560.460847
142 48 1560.495935
144 48 1560.530420
146 48 1560.564133
148 48 1560.596911
150 48 1560.628592
152 48 1560.659023
154 48 1560.688055
156 48 1560.715547
158 48 1560.741364
160 48 1560.765379
162 48 1560.787477
164 48 1560.807549
166 48 1560.825497
168 48 1560.841233
170 48 1560.854680
172 48 1560.865774
174 48 1560.874459
176 48 1560.880692
178 48 1560.884445
180 48 1560.885698
182 48 1560.884445
184 48 1560.880692
186 48 1560.874459
188 48 1560.865774
190 48 1560.854680
192 48 1560.841233
194 48 1560.825497
196 48 1560.807549
198 48 1560.787477
200 48 1560.765379
202 48 1560.741364
204 48 1560.715547
206 48 1560.688055
208 48 1560.659023
210 48 1560.628592
212 48 1560.596911
214 48 1560.564133
216 48 1560.530420
218 48 1560.495935
220 48 1560.460847
222 48 1560.425326
224 48 1560.389546
226 48 1560.353681
228 48 1560.317906
230 48 1560.282395
232 48 1560.247321
234 48 1560.212855
236 48 1560.179165
238 48 1560.146414
240 48 1560.114762
242 48 1560.084362
244 48 1560.055364
246 48 1560.027907
248 48 1560.002126
250 48 1559.978145
252 48 1559.956082
254 48 1559.936043
256 48 1559.918126
258 48 1559.902417
260 48 1559.888995
262 48 1559.877922
264 48 1559.869254
266 48 1559.863032
268 48 1559.859287
270 48 1559.858036
272 48 1559.859287
274 48 1559.863032
276 48 1559.869254
278 48 1559.877922
280 48 1559.888995
282 48 1559.902417
284 48 1559.918126
286 48 1559.936043
288 48 1559.956082
290 48 1559.978145
292 48 1560.002126
294 48 1560.027907
296 48 1560.055364
298 48 1560.084362
300 48 1560.114762
302 48 1560.146414
304 48 1560.179165
306 48 1560.212855
308 48 1560.247321
310 48 1560.282395
312 48 1560.317906
314 48 1560.353681
316 48 1560.389546
318 48 1560.425326
320 48 1560.460847
322 48 1560.495935
324 48 1560.530420
326 48 1560.564133
328 48 1560.596911
330 48 1560.628592
332 48 1560.659023
334 48 1560.688055
336 48 1560.715547
338 48 1560.741364
340 48 1560.765379
342 48 1560.787477
344 48 1560.807549
346 48 1560.825497
348 48 1560.841233
350 48 1560.854680
352 48 1560.865774
354 48 1560.874459
356 48 1560.880692
358 48 1560.884445
360 48 1560.885698
0 50 1560.778607
2 50 1560.777451
4 50 1560.773989
6 50 1560.768237
8 50 1560.760224
10 50 1560.749990
12 50 1560.737583
14 50 1560.723064
16 50 1560.706505
18 50 1560.687986
20 50 1560.667598
22 50 1560.645440
24 50 1560.621620
26 50 1560.596255
28 50 1560.569468
30 50 1560.541391
32 50 1560.512160
34 50 1560.481917
36 50 1560.450811
38 50 1560.418993
40 50 1560.386618
42 50 1560.353843
44 50 1560.320830
46 50 1560.287737
48 50 1560.254728
50 50 1560.221962
52 50 1560.189599
54 50 1560.157797
56 50 1560.126710
58 50 1560.096490
60 50 1560.067283
62 50 1560.039233
64 50 1560.012475
66 50 1559.987140
68 50 1559.963350
70 50 1559.941222
72 50 1559.920863
74 50 1559.902372
76 50 1559.885839
78 50 1559.871345
80 50 1559.858958
82 50 1559.848741
84 50 1559.840743
86 50 1559.835001
88 50 1559.831545
90 50 1559.830392
92 50 1559.831545
94 50 1559.835001
96 50 1559.840743
98 50 1559.848741
100 50 1559.858958
102 50 1559.871345
104 50 1559.885839
106 50 1559.902372
108 50 1559.920863
110 50 1559.941222
112 50 1559.963350
114 50 1559.987140
116 50 1560.012475
118 50 1560.039233
120 50 1560.067283
122 50 1560.096490
124 50 1560.126710
126 50 1560.157797
128 50 1560.189599
130 50 1560.221962
132 50 1560.254728
134 50 1560.287737
136 50 1560.320830
138 50 1560.353843
140 50 1560.386618
142 50 1560.418993
144 50 1560.450811
146 50 1560.481917
148 50 1560.512160
150 50 1560.541391
152 50 1560.569468
154 50 1560.596255
156 50 1560.621620
158 50 1560.645440
160 50 1560.667598
162 50 1560.687986
164 50 1560.706505
166 50 1560.723064
168 50 1560.737583
170 50 1560.749990
172 50 1560.760224
174 50 1560.768237
176 50 1560.773989
178 50 1560.777451
180 50 1560.778607
182 50 1560.777451
184 50 1560.773989
186 50 1560.768237
188 50 1560.760224
190 50 1560.749990
192 50 1560.737583
194 50 1560.723064
196 50 1560.706505
198 50 1560.687986
200 50 1560.667598
202 50 1560.645440
204 50 1560.621620
206 50 1560.596255
208 50 1560.569468
210 50 1560.541391
212 50 1560.512160
214 50 1560.481917
216 50 1560.450811
218 50 1560.418993
220 50 1560.386618
222 50 1560.353843
224 50 1560.320830
226 50 1560.287737
228 50 1560.254728
230 50 1560.221962
232 50 1560.189599
234 50 1560.157797
236 50 1560.126710
238 50 1560.096490
240 50 1560.067283
242 50 1560.039233
244 50 1560.012475
246 50 1559.987140
248 50 1559.963350
250 50 1559.941222
252 50 1559.920863
254 50 1559.902372
256 50 1559.885839
258 50 1559.871345
260 50 1559.858958
262 50 1559.848741
264 50 1559.840743
266 50 1559.835001
268 50 1559.831545
270 50 1559.830392
272 50 1559.831545
274 50 1559.835001
276 50 1559.840743
278 50 1559.848741
280 50 1559.858958
282 50 1559.871345
284 50 1559.885839
286 50 1559.902372
288 50 1559.920863
290 50 1559.941222
292 50 1559.963350
294 50 1559.987140
296 50 1560.012475
298 50 1560.039233
300 50 1560.067283
302 50 1560.096490
304 50 1560.126710
306 50 1560.157797
308 50 1560.189599
310 50 1560.221962
312 50 1560.254728
314 50 1560.287737
316 50 1560.320830
318 50 1560.353843
320 50 1560.386618
322 50 1560.418993
324 50 1560.450811
326 50 1560.481917
328 50 1560.512160
330 50 1560.541391
332 50 1560.569468
334 50 1560.596255
336 50 1560.621620
338 50 1560.645440
340 50 1560.667598
342 50 1560.687986
344 50 1560.706505
346 50 1560.723064
348 50 1560.737583
350 50 1560.749990
352 50 1560.760224
354 50 1560.768237
356 50 1560.773989
358 50 1560.777451
360 50 1560.778607
0 52 1560.672849
2 52 1560.671788
4 52 1560.668613
6 52 1560.663337
8 52 1560.655988
10 52 1560.646601
12 52 1560.635221
14 52 1560.621905
16 52 1560.606716
18 52 1560.589731
20 52 1560.571031
22 52 1560.550707
24 52 1560.528859
26 52 1560.505594
28 52 1560.481025
30 52 1560.455272
32 52 1560.428460
34 52 1560.400720
36 52 1560.372189
38 52 1560.343004
40 52 1560.313307
42 52 1560.283245
44 52 1560.252963
46 52 1560.222609
48 52 1560.192330
50 52 1560.162275
52 52 1560.132589
54 52 1560.103417
56 52 1560.074902
58 52 1560.047181
60 52 1560.020391
62 52 1559.994660
64 52 1559.970115
66 52 1559.946875
68 52 1559.925052
70 52 1559.904754
72 52 1559.886079
74 52 1559.869116
76 52 1559.853950
78 52 1559.840654
80 52 1559.829292
82 52 1559.819919
84 52 1559.812582
86 52 1559.807315
88 52 1559.804145
90 52 1559.803086
92 52 1559.804145
94 52 1559.807315
96 52 1559.812582
98 52 1559.819919
100 52 1559.829292
102 52 1559.840654
104 52 1559.853950
106 52 1559.869116
108 52 1559.886079
110 52 1559.904754
112 52 1559.925052
114 52 1559.946875
116 52 1559.970115
118 52 1559.994660
120 52 1560.020391
122 52 1560.047181
124 52 1560.074902
126 52 1560.103417
128 52 1560.132589
130 52 1560.162275
132 52 1560.192330
134 52 1560.222609
136 52 1560.252963
138 52 1560.283245
140 52 1560.313307
142 52 1560.343004
144 52 1560.372189
146 52 1560.400720
148 52 1560.428460
150 52 1560.455272
152 52 1560.481025
154 52 1560.505594
156 52 1560.528859
158 52 1560.550707
160 52 1560.571031
162 52 1560.589731
164 52 1560.606716
166 52 1560.621905
168 52 1560.635221
170 52 1560.646601
172 52 1560.655988
174 52 1560.663337
176 52 1560.668613
178 52 1560.671788
180 52 1560.672849
182 52 1560.671788
184 52 1560.668613
186 52 1560.663337
188 52 1560.655988
190 52 1560.646601
192 52 1560.635221
194 52 1560.621905
196 52 1560.606716
198 52 1560.589731
200 52 1560.571031
202 52 1560.550707
204 52 1560.528859
206 52 1560.505594
208 52 1560.481025
210 52 1560.455272
212 52 1560.428460
214 52 1560.400720
216 52 1560.372189
218 52 1560.343004
220 52 1560.313307
222 52 1560.283245
224 52 1560.252963
226 52 1560.222609
228 52 1560.192330
230 52 1560.162275
232 52 1560.132589
234 52 1560.103417
236 52 1560.074902
238 52 1560.047181
240 52 1560.020391
242 52 1559.994660
244 52 1559.970115
246 52 1559.946875
248 52 1559.925052
250 52 1559.904754
252 52 1559.886079
254 52 1559.869116
256 52 1559.853950
258 52 1559.840654
260 52 1559.829292
262 52 1559.819919
264 52 1559.812582
266 52 1559.807315
268 52 1559.804145
270 52 1559.803086
272 52 1559.804145
274 52 1559.807315
276 52 1559.812582
278 52 1559.819919
280 52 1559.829292
282 52 1559.840654
284 52 1559.853950
286 52 1559.869116
288 52 1559.886079
290 52 1559.904754
292 52 1559.925052
294 52 1559.946875
296 52 1559.970115
298 52 1559.994660
300 52 1560.020391
302 52 1560.047181
304 52 1560.074902
306 52 1560.103417
308 52 1560.132589
310 52 1560.162275
312 52 1560.192330
314 52 1560.222609
316 52 1560.252963
318 52 1560.283245
320 52 1560.313307
322 52 1560.343004
324 52 1560.372189
326 52 1560.400720
328 52 1560.428460
330 52 1560.455272
332 52 1560.481025
334 52 1560.505594
336 52 1560.528859
338 52 1560.550707
340 52 1560.571031
342 52 1560.589731
344 52 1560.606716
346 52 1560.621905
348 52 1560.635221
350 52 1560.646601
352 52 1560.655988
354 52 1560.663337
356 52 1560.668613
358 52 1560.671788
360 52 1560.672849
0 54 1560.568937
2 54 1560.567970
4 54 1560.565077
6 54 1560.560269
8 54 1560.553572
10 54 1560.545017
12 54 1560.534646
14 54 1560.522511
16 54 1560.508669
18 54 1560.493190
20 54 1560.476148
22 54 1560.457627
24 54 1560.437716
26 54 1560.416514
28 54 1560.394123
30 54 1560.370653
32 54 1560.346218
34 54 1560.320938
36 54 1560.294935
38 54 1560.268337
40 54 1560.241273
42 54 1560.213875
44 54 1560.186277
46 54 1560.158612
48 54 1560.131017
50 54 1560.103625
52 54 1560.076570
54 54 1560.049983
56 54 1560.023993
58 54 1559.998729
60 54 1559.974311
62 54 1559.950860
64 54 1559.928490
66 54 1559.907308
68 54 1559.887418
70 54 1559.868918
72 54 1559.851896
74 54 1559.836436
76 54 1559.822613
78 54 1559.810495
80 54 1559.800139
82 54 1559.791596
84 54 1559.784909
86 54 1559.780108
88 54 1559.777219
90 54 1559.776254
92 54 1559.777219
94 54 1559.780108
96 54 1559.784909
98 54 1559.791596
100 54 1559.800139
102 54 1559.810495
104 54 1559.822613
106 54 1559.836436
108 54 1559.851896
110 54 1559.868918
112 54 1559.887418
114 54 1559.907308
116 54 1559.928490
118 54 1559.950860
120 54 1559.974311
122 54 1559.998729
124 54 1560.023993
126 54 1560.049983
128 54 1560.076570
130 54 1560.103625
132 54 1560.131017
134 54 1560.158612
136 54 1560.186277
138 54 1560.213875
140 54 1560.241273
142 54 1560.268337
144 54 1560.294935
146 54 1560.320938
148 54 1560.346218
150 54 1560.370653
152 54 1560.394123
154 54 1560.416514
156 54 1560.437716
158 54 1560.457627
160 54 1560.476148
162 54 1560.493190
164 54 1560.508669
166 54 1560.522511
168 54 1560.534646
170 54 1560.545017
172 54 1560.553572
174 54 1560.560269
176 54 1560.565077
178 54 1560.567970
180 54 1560.568937
182 54 1560.567970
184 54 1560.565077
186 54 1560.560269
188 54 1560.553572
190 54 1560.545017
192 54 1560.534646
194 54 1560.522511
196 54 1560.508669
198 54 1560.493190
200 54 1560.476148
202 54 1560.457627
204 54 1560.437716
206 54 1560.416514
208 54 1560.394123
210 54 1560.370653
212 54 1560.346218
214 54 1560.320938
216 54 1560.294935
218 54 1560.268337
220 54 1560.241273
222 54 1560.213875
224 54 1560.186277
226 54 1560.158612
228 54 1560.131017
230 54 1560.103625
232 54 1560.076570
234 54 1560.049983
236 54 1560.023993
238 54 1559.998729
240 54 1559.974311
242 54 1559.950860
244 54 1559.928490
246 54 1559.907308
248 54 1559.887418
250 54 1559.868918
252 54 1559.851896
254 54 1559.836436
256 54 1559.822613
258 54 1559.810495
260 54 1559.800139
262 54 1559.791596
264 54 1559.784909
266 54 1559.780108
268 54 1559.777219
270 54 1559.776254
272 54 1559.777219
274 54 1559.780108
276 54 1559.784909
278 54 1559.791596
280 54 1559.800139
282 54 1559.810495
284 54 1559.822613
286 54 1559.836436
288 54 1559.851896
290 54 1559.868918
292 54 1559.887418
294 54 1559.907308
296 54 1559.928490
298 54 1559.950860
300 54 1559.974311
302 54 1559.998729
304 54 1560.023993
306 54 1560.049983
308 54 1560.076570
310 54 1560.103625
312 54 1560.131017
314 54 1560.158612
316 54 1560.186277
318 54 1560.213875
320 54 1560.241273
322 54 1560.268337
324 54 1560.294935
326 54 1560.320938
328 54 1560.346218
330 54 1560.370653
332 54 1560.394123
334 54 1560.416514
336 54 1560.437716
338 54 1560.457627
340 54 1560.476148
342 54 1560.493190
344 54 1560.508669
346 54 1560.522511
348 54 1560.534646
350 54 1560.545017
352 54 1560.553572
354 54 1560.560269
356 54 1560.565077
358 54 1560.567970
360 54 1560.568937
0 56 1560.467376
2 56 1560.466502
4 56 1560.463883
6 56 1560.459533
8 56 1560.453473
10 56 1560.445731
12 56 1560.436347
14 56 1560.425365
16 56 1560.412840
18 56 1560.398833
20 56 1560.383411
22 56 1560.366651
24 56 1560.348633
26 56 1560.329447
28 56 1560.309185
30 56 1560.287946
32 56 1560.265834
34 56 1560.242957
36 56 1560.219426
38 56 1560.195356
40 56 1560.170864
42 56 1560.146070
44 56 1560.121095
46 56 1560.096060
48 56 1560.071087
50 56 1560.046297
52 56 1560.021813
54 56 1559.997752
56 56 1559.974232
58 56 1559.951368
60 56 1559.929270
62 56 1559.908047
64 56 1559.887801
66 56 1559.868632
68 56 1559.850631
70 56 1559.833888
72 56 1559.818483
74 56 1559.804492
76 56 1559.791982
78 56 1559.781014
80 56 1559.771641
82 56 1559.763910
84 56 1559.757858
86 56 1559.753513
88 56 1559.750898
90 56 1559.750025
92 56 1559.750898
94 56 1559.753513
96 56 1559.757858
98 56 1559.763910
100 56 1559.771641
102 56 1559.781014
104 56 1559.791982
106 56 1559.804492
108 56 1559.818483
110 56 1559.833888
112 56 1559.850631
114 56 1559.868632
116 56 1559.887801
118 56 1559.908047
120 56 1559.929270
122 56 1559.951368
124 56 1559.974232
126 56 1559.997752
128 56 1560.021813
130 56 1560.046297
132 56 1560.071087
134 56 1560.096060
136 56 1560.121095
138 56 1560.146070
140 56 1560.170864
142 56 1560.195356
144 56 1560.219426
146 56 1560.242957
148 56 1560.265834
150 56 1560.287946
152 56 1560.309185
154 56 1560.329447
156 56 1560.348633
158 56 1560.366651
160 56 1560.383411
162 56 1560.398833
164 56 1560.412840
166 56 1560.425365
168 56 1560.436347
170 56 1560.445731
172 56 1560.453473
174 56 1560.459533
176 56 1560.463883
178 56 1560.466502
180 56 1560.467376
182 56 1560.466502
184 56 1560.463883
186 56 1560.459533
188 56 1560.453473
190 56 1560.445731
192 56 1560.436347
194 56 1560.425365
196 56 1560.412840
198 56 1560.398833
200 56 1560.383411
202 56 1560.366651
204 56 1560.348633
206 56 1560.329447
208 56 1560.309185
210 56 1560.287946
212 56 1560.265834
214 56 1560.242957
216 56 1560.219426
218 56 1560.195356
220 56 1560.170864
222 56 1560.146070
224 56 1560.121095
226 56 1560.096060
228 56 1560.071087
230 56 1560.046297
232 56 1560.021813
234 56 1559.997752
236 56 1559.974232
238 56 1559.951368
240 56 1559.929270
242 56 1559.908047
244 56 1559.887801
246 56 1559.868632
248 56 1559.850631
250 56 1559.833888
252 56 1559.818483
254 56 1559.804492
256 56 1559.791982
258 56 1559.781014
260 56 1559.771641
262 56 1559.763910
264 56 1559.757858
266 56 1559.753513
268 56 1559.750898
270 56 1559.750025
272 56 1559.750898
274 56 1559.753513
276 56 1559.757858
278 56 1559.763910
280 56 1559.771641
282 56 1559.781014
284 56 1559.791982
286 56 1559.804492
288 56 1559.818483
290 56 1559.833888
292 56 1559.850631
294 56 1559.868632
296 56 1559.887801
298 56 1559.908047
300 56 1559.929270
302 56 1559.951368
304 56 1559.974232
306 56 1559.997752
308 56 1560.021813
310 56 1560.046297
312 56 1560.071087
314 56 1560.096060
316 56 1560.121095
318 56 1560.146070
320 56 1560.170864
322 56 1560.195356
324 56 1560.219426
326 56 1560.242957
328 56 1560.265834
330 56 1560.287946
332 56 1560.309185
334 56 1560.329447
336 56 1560.348633
338 56 1560.366651
340 56 1560.383411
342 56 1560.398833
344 56 1560.412840
346 56 1560.425365
348 56 1560.436347
350 56 1560.445731
352 56 1560.453473
354 56 1560.459533
356 56 1560.463883
358 56 1560.466502
360 56 1560.467376
0 58 1560.368661
2 58 1560.367876
4 58 1560.365525
6 58 1560.361619
8 58 1560.356177
10 58 1560.349226
12 58 1560.340801
14 58 1560.330940
16 58 1560.319694
18 58 1560.307117
20 58 1560.293271
22 58 1560.278222
24 58 1560.262044
26 58 1560.244816
28 58 1560.226623
30 58 1560.207553
32 58 1560.187698
34 58 1560.167157
36 58 1560.146028
38 58 1560.124415
40 58 1560.102424
42 58 1560.080161
44 58 1560.057735
46 58 1560.035255
48 58 1560.012830
50 58 1559.990571
52 58 1559.968585
54 58 1559.946980
56 58 1559.925860
58 58 1559.905329
60 58 1559.885486
62 58 1559.866428
64 58 1559.848248
66 58 1559.831034
68 58 1559.814871
70 58 1559.799835
72 58 1559.786002
74 58 1559.773438
76 58 1559.762204
78 58 1559.752355
80 58 1559.743939
82 58 1559.736996
84 58 1559.731561
86 58 1559.727660
88 58 1559.725311
90 58 1559.724527
92 58 1559.725311
94 58 1559.727660
96 58 1559.731561
98 58 1559.736996
100 58 1559.743939
102 58 1559.752355
104 58 1559.762204
106 58 1559.773438
108 58 1559.786002
110 58 1559.799835
112 58 1559.814871
114 58 1559.831034
116 58 1559.848248
118 58 1559.866428
120 58 1559.885486
122 58 1559.905329
124 58 1559.925860
126 58 1559.946980
128 58 1559.968585
130 58 1559.990571
132 58 1560.012830
134 58 1560.035255
136 58 1560.057735
138 58 1560.080161
140 58 1560.102424
142 58 1560.124415
144 58 1560.146028
146 58 1560.167157
148 58 1560.187698
150 58 1560.207553
152 58 1560.226623
154 58 1560.244816
156 58 1560.262044
158 58 1560.278222
160 58 1560.293271
162 58 1560.307117
164 58 1560.319694
166 58 1560.330940
168 58 1560.340801
170 58 1560.349226
172 58 1560.356177
174 58 1560.361619
176 58 1560.365525
178 58 1560.367876
180 58 1560.368661
182 58 1560.367876
184 58 1560.365525
186 58 1560.361619
188 58 1560.356177
190 58 1560.349226
192 58 1560.340801
194 58 1560.330940
196 58 1560.319694
198 58 1560.307117
200 58 1560.293271
202 58 1560.278222
204 58 1560.262044
206 58 1560.244816
208 58 1560.226623
210 58 1560.207553
212 58 1560.187698
214 58 1560.167157
216 58 1560.146028
218 58 1560.124415
220 58 1560.102424
222 58 1560.080161
224 58 1560.057735
226 58 1560.035255
228 58 1560.012830
230 58 1559.990571
232 58 1559.968585
234 58 1559.946980
236 58 1559.925860
238 58 1559.905329
240 58 1559.885486
242 58 1559.866428
244 58 1559.848248
246 58 1559.831034
248 58 1559.814871
250 58 1559.799835
252 58 1559.786002
254 58 1559.773438
256 58 1559.762204
258 58 1559.752355
260 58 1559.743939
262 58 1559.736996
264 58 1559.731561
266 58 1559.727660
268 58 1559.725311
270 58 1559.724527
272 58 1559.725311
274 58 1559.727660
276 58 1559.731561
278 58 1559.736996
280 58 1559.743939
282 58 1559.752355
284 58 1559.762204
286 58 1559.773438
288 58 1559.786002
290 58 1559.799835
292 58 1559.814871
294 58 1559.831034
296 58 1559.848248
298 58 1559.866428
300 58 1559.885486
302 58 1559.905329
304 58 1559.925860
306 58 1559.946980
308 58 1559.968585
310 58 1559.990571
312 58 1560.012830
314 58 1560.035255
316 58 1560.057735
318 58 1560.080161
320 58 1560.102424
322 58 1560.124415
324 58 1560.146028
326 58 1560.167157
328 58 1560.187698
330 58 1560.207553
332 58 1560.226623
334 58 1560.244816
336 58 1560.262044
338 58 1560.278222
340 58 1560.293271
342 58 1560.307117
344 58 1560.319694
346 58 1560.330940
348 58 1560.340801
350 58 1560.349226
352 58 1560.356177
354 58 1560.361619
356 58 1560.365525
358 58 1560.367876
360 58 1560.368661
0 60 1560.273270
2 60 1560.272571
4 60 1560.270478
6 60 1560.267002
8 60 1560.262158
10 60 1560.255971
12 60 1560.248471
14 60 1560.239695
16 60 1560.229684
18 60 1560.218489
20 60 1560.206164
22 60 1560.192769
24 60 1560.178369
26 60 1560.163034
28 60 1560.146840
30 60 1560.129864
32 60 1560.112191
34 60 1560.093906
36 60 1560.075099
38 60 1560.055860
40 60 1560.036284
42 60 1560.016467
44 60 1559.996504
46 60 1559.976493
48 60 1559.956532
50 60 1559.936717
52 60 1559.917146
54 60 1559.897913
56 60 1559.879112
58 60 1559.860836
60 60 1559.843172
62 60 1559.826206
64 60 1559.810023
66 60 1559.794699
68 60 1559.780310
70 60 1559.766925
72 60 1559.754611
74 60 1559.743426
76 60 1559.733425
78 60 1559.724657
80 60 1559.717165
82 60 1559.710985
84 60 1559.706146
86 60 1559.702673
88 60 1559.700583
90 60 1559.699885
92 60 1559.700583
94 60 1559.702673
96 60 1559.706146
98 60 1559.710985
100 60 1559.717165
102 60 1559.724657
104 60 1559.733425
106 60 1559.743426
108 60 1559.754611
110 60 1559.766925
112 60 1559.780310
114 60 1559.794699
116 60 1559.810023
118 60 1559.826206
120 60 1559.843172
122 60 1559.860836
124 60 1559.879112
126 60 1559.897913
128 60 1559.917146
130 60 1559.936717
132 60 1559.956532
134 60 1559.976493
136 60 1559.996504
138 60 1560.016467
140 60 1560.036284
142 60 1560.055860
144 60 1560.075099
146 60 1560.093906
148 60 1560.112191
150 60 1560.129864
152 60 1560.146840
154 60 1560.163034
156 60 1560.178369
158 60 1560.192769
160 60 1560.206164
162 60 1560.218489
164 60 1560.229684
166 60 1560.239695
168 60 1560.248471
170 60 1560.255971
172 60 1560.262158
174 60 1560.267002
176 60 1560.270478
178 60 1560.272571
180 60 1560.273270
182 60 1560.272571
184 60 1560.270478
186 60 1560.267002
188 60 1560.262158
190 60 1560.255971
192 60 1560.248471
194 60 1560.239695
196 60 1560.229684
198 60 1560.218489
200 60 1560.206164
202 60 1560.192769
204 60 1560.178369
206 60 1560.163034
208 60 1560.146840
210 60 1560.129864
212 60 1560.112191
214 60 1560.093906
216 60 1560.075099
218 60 1560.055860
220 60 1560.036284
222 60 1560.016467
224 60 1559.996504
226 60 1559.976493
228 60 1559.956532
230 60 1559.936717
232 60 1559.917146
234 60 1559.897913
236 60 1559.879112
238 60 1559.860836
240 60 1559.843172
242 60 1559.826206
244 60 1559.810023
246 60 1559.794699
248 60 1559.780310
250 60 1559.766925
252 60 1559.754611
254 60 1559.743426
256 60 1559.733425
258 60 1559.724657
260 60 1559.717165
262 60 1559.710985
264 60 1559.706146
266 60 1559.702673
268 60 1559.700583
270 60 1559.699885
272 60 1559.700583
274 60 1559.702673
276 60 1559.706146
278 60 1559.710985
280 60 1559.717165
282 60 1559.724657
284 60 1559.733425
286 60 1559.743426
288 60 1559.754611
290 60 1559.766925
292 60 1559.780310
294 60 1559.794699
296 60 1559.810023
298 60 1559.826206
300 60 1559.843172
302 60 1559.860836
304 60 1559.879112
306 60 1559.897913
308 60 1559.917146
310 60 1559.936717
312 60 1559.956532
314 60 1559.976493
316 60 1559.996504
318 60 1560.016467
320 60 1560.036284
322 60 1560.055860
324 60 1560.075099
326 60 1560.093906
328 60 1560.112191
330 60 1560.129864
332 60 1560.146840
334 60 1560.163034
336 60 1560.178369
338 60 1560.192769
340 60 1560.206164
342 60 1560.218489
344 60 1560.229684
346 60 1560.239695
348 60 1560.248471
350 60 1560.255971
352 60 1560.262158
354 60 1560.267002
356 60 1560.270478
358 60 1560.272571
360 60 1560.273270
0 62 1560.181666
2 62 1560.181050
4 62 1560.179205
6 62 1560.176141
8 62 1560.171871
10 62 1560.166417
12 62 1560.159806
14 62 1560.152070
16 62 1560.143247
18 62 1560.133379
20 62 1560.122514
22 62 1560.110706
24 62 1560.098013
26 62 1560.084496
28 62 1560.070221
30 62 1560.055258
32 62 1560.039679
34 62 1560.023561
36 62 1560.006982
38 62 1559.990023
40 62 1559.972767
42 62 1559.955298
44 62 1559.937700
46 62 1559.920060
48 62 1559.902464
50 62 1559.884997
52 62 1559.867744
54 62 1559.850790
56 62 1559.834216
58 62 1559.818105
60 62 1559.802533
62 62 1559.787578
64 62 1559.773311
66 62 1559.759802
68 62 1559.747117
70 62 1559.735318
72 62 1559.724462
74 62 1559.714602
76 62 1559.705786
78 62 1559.698056
80 62 1559.691451
82 62 1559.686003
84 62 1559.681737
86 62 1559.678675
88 62 1559.676832
90 62 1559.676217
92 62 1559.676832
94 62 1559.678675
96 62 1559.681737
98 62 1559.686003
100 62 1559.691451
102 62 1559.698056
104 62 1559.705786
106 62 1559.714602
108 62 1559.724462
110 62 1559.735318
112 62 1559.747117
114 62 1559.759802
116 62 1559.773311
118 62 1559.787578
120 62 1559.802533
122 62 1559.818105
124 62 1559.834216
126 62 1559.850790
128 62 1559.867744
130 62 1559.884997
132 62 1559.902464
134 62 1559.920060
136 62 1559.937700
138 62 1559.955298
140 62 1559.972767
142 62 1559.990023
144 62 1560.006982
146 62 1560.023561
148 62 1560.039679
150 62 1560.055258
152 62 1560.070221
154 62 1560.084496
156 62 1560.098013
158 62 1560.110706
160 62 1560.122514
162 62 1560.133379
164 62 1560.143247
166 62 1560.152070
168 62 1560.159806
170 62 1560.166417
172 62 1560.171871
174 62 1560.176141
176 62 1560.179205
178 62 1560.181050
180 62 1560.181666
182 62 1560.181050
184 62 1560.179205
186 62 1560.176141
188 62 1560.171871
190 62 1560.166417
192 62 1560.159806
194 62 1560.152070
196 62 1560.143247
198 62 1560.133379
200 62 1560.122514
202 62 1560.110706
204 62 1560.098013
206 62 1560.084496
208 62 1560.070221
210 62 1560.055258
212 62 1560.039679
214 62 1560.023561
216 62 1560.006982
218 62 1559.990023
220 62 1559.972767
222 62 1559.955298
224 62 1559.937700
226 62 1559.920060
228 62 1559.902464
230 62 1559.884997
232 62 1559.867744
234 62 1559.850790
236 62 1559.834216
238 62 1559.818105
240 62 1559.802533
242 62 1559.787578
244 62 1559.773311
246 62 1559.759802
248 62 1559.747117
250 62 1559.735318
252 62 1559.724462
254 62 1559.714602
256 62 1559.705786
258 62 1559.698056
260 62 1559.691451
262 62 1559.686003
264 62 1559.681737
266 62 1559.678675
268 62 1559.676832
270 62 1559.676217
272 62 1559.676832
274 62 1559.678675
276 62 1559.681737
278 62 1559.686003
280 62 1559.691451
282 62 1559.698056
284 62 1559.705786
286 62 1559.714602
288 62 1559.724462
290 62 1559.735318
292 62 1559.747117
294 62 1559.759802
296 62 1559.773311
298 62 1559.787578
300 62 1559.802533
302 62 1559.818105
304 62 1559.834216
306 62 1559.850790
308 62 1559.867744
310 62 1559.884997
312 62 1559.902464
314 62 1559.920060
316 62 1559.937700
318 62 1559.955298
320 62 1559.972767
322 62 1559.990023
324 62 1560.006982
326 62 1560.023561
328 62 1560.039679
330 62 1560.055258
332 62 1560.070221
334 62 1560.084496
336 62 1560.098013
338 62 1560.110706
340 62 1560.122514
342 62 1560.133379
344 62 1560.143247
346 62 1560.152070
348 62 1560.159806
350 62 1560.166417
352 62 1560.171871
354 62 1560.176141
356 62 1560.179205
358 62 1560.181050
360 62 1560.181666
0 64 1560.094293
2 64 1560.093756
4 64 1560.092148
6 64 1560.089476
8 64 1560.085754
10 64 1560.081000
12 64 1560.075237
14 64 1560.068493
16 64 1560.060801
18 64 1560.052198
20 64 1560.042727
22 64 1560.032433
24 64 1560.021368
26 64 1560.009584
28 64 1559.997139
30 64 1559.984094
32 64 1559.970513
34 64 1559.956462
36 64 1559.942009
38 64 1559.927224
40 64 1559.912180
42 64 1559.896950
44 64 1559.881609
46 64 1559.866230
48 64 1559.850890
50 64 1559.835662
52 64 1559.820621
54 64 1559.805839
56 64 1559.791390
58 64 1559.777344
60 64 1559.763768
62 64 1559.750729
64 64 1559.738291
66 64 1559.726513
68 64 1559.715454
70 64 1559.705167
72 64 1559.695702
74 64 1559.687106
76 64 1559.679419
78 64 1559.672680
80 64 1559.666922
82 64 1559.662171
84 64 1559.658453
86 64 1559.655783
88 64 1559.654176
90 64 1559.653640
92 64 1559.654176
94 64 1559.655783
96 64 1559.658453
98 64 1559.662171
100 64 1559.666922
102 64 1559.672680
104 64 1559.679419
106 64 1559.687106
108 64 1559.695702
110 64 1559.705167
112 64 1559.715454
114 64 1559.726513
116 64 1559.738291
118 64 1559.750729
120 64 1559.763768
122 64 1559.777344
124 64 1559.791390
126 64 1559.805839
128 64 1559.820621
130 64 1559.835662
132 64 1559.850890
134 64 1559.866230
136 64 1559.881609
138 64 1559.896950
140 64 1559.912180
142 64 1559.927224
144 64 1559.942009
146 64 1559.956462
148 64 1559.970513
150 64 1559.984094
152 64 1559.997139
154 64 1560.009584
156 64 1560.021368
158 64 1560.032433
160 64 1560.042727
162 64 1560.052198
164 64 1560.060801
166 64 1560.068493
168 64 1560.075237
170 64 1560.081000
172 64 1560.085754
174 64 1560.089476
176 64 1560.092148
178 64 1560.093756
180 64 1560.094293
182 64 1560.093756
184 64 1560.092148
186 64 1560.089476
188 64 1560.085754
190 64 1560.081000
192 64 1560.075237
194 64 1560.068493
196 64 1560.060801
198 64 1560.052198
200 64 1560.042727
202 64 1560.032433
204 64 1560.021368
206 64 1560.009584
208 64 1559.997139
210 64 1559.984094
212 64 1559.970513
214 64 1559.956462
216 64 1559.942009
218 64 1559.927224
220 64 1559.912180
222 64 1559.896950
224 64 1559.881609
226 64 1559.866230
228 64 1559.850890
230 64 1559.835662
232 64 1559.820621
234 64 1559.805839
236 64 1559.791390
238 64 1559.777344
240 64 1559.763768
242 64 1559.750729
244 64 1559.738291
246 64 1559.726513
248 64 1559.715454
250 64 1559.705167
252 64 1559.695702
254 64 1559.687106
256 64 1559.679419
258 64 1559.672680
260 64 1559.666922
262 64 1559.662171
264 64 1559.658453
266 64 1559.655783
268 64 1559.654176
270 64 1559.653640
272 64 1559.654176
274 64 1559.655783
276 64 1559.658453
278 64 1559.662171
280 64 1559.666922
282 64 1559.672680
284 64 1559.679419
286 64 1559.687106
288 64 1559.695702
290 64 1559.705167
292 64 1559.715454
294 64 1559.726513
296 64 1559.738291
298 64 1559.750729
300 64 1559.763768
302 64 1559.777344
304 64 1559.791390
306 64 1559.805839
308 64 1559.820621
310 64 1559.835662
312 64 1559.850890
314 64 1559.866230
316 64 1559.881609
318 64 1559.896950
320 64 1559.912180
322 64 1559.927224
324 64 1559.942009
326 64 1559.956462
328 64 1559.970513
330 64 1559.984094
332 64 1559.997139
334 64 1560.009584
336 64 1560.021368
338 64 1560.032433
340 64 1560.042727
342 64 1560.052198
344 64 1560.060801
346 64 1560.068493
348 64 1560.075237
350 64 1560.081000
352 64 1560.085754
354 64 1560.089476
356 64 1560.092148
358 64 1560.093756
360 64 1560.094293
0 66 1560.011574
2 66 1560.011112
4 66 1560.009728
6 66 1560.007428
8 66 1560.004224
10 66 1560.000132
12 66 1559.995172
14 66 1559.989367
16 66 1559.982746
18 66 1559.975341
20 66 1559.967189
22 66 1559.958329
24 66 1559.948804
26 66 1559.938661
28 66 1559.927949
30 66 1559.916720
32 66 1559.905030
34 66 1559.892935
36 66 1559.880494
38 66 1559.867768
40 66 1559.854818
42 66 1559.841709
44 66 1559.828503
46 66 1559.815265
48 66 1559.802060
50 66 1559.788952
52 66 1559.776004
54 66 1559.763280
56 66 1559.750842
58 66 1559.738751
60 66 1559.727065
62 66 1559.715841
64 66 1559.705133
66 66 1559.694995
68 66 1559.685475
70 66 1559.676620
72 66 1559.668472
74 66 1559.661072
76 66 1559.654455
78 66 1559.648654
80 66 1559.643696
82 66 1559.639607
84 66 1559.636406
86 66 1559.634108
88 66 1559.632725
90 66 1559.632263
92 66 1559.632725
94 66 1559.634108
96 66 1559.636406
98 66 1559.639607
100 66 1559.643696
102 66 1559.648654
104 66 1559.654455
106 66 1559.661072
108 66 1559.668472
110 66 1559.676620
112 66 1559.685475
114 66 1559.694995
116 66 1559.705133
118 66 1559.715841
120 66 1559.727065
122 66 1559.738751
124 66 1559.750842
126 66 1559.763280
128 66 1559.776004
130 66 1559.788952
132 66 1559.802060
134 66 1559.815265
136 66 1559.828503
138 66 1559.841709
140 66 1559.854818
142 66 1559.867768
144 66 1559.880494
146 66 1559.892935
148 66 1559.905030
150 66 1559.916720
152 66 1559.927949
154 66 1559.938661
156 66 1559.948804
158 66 1559.958329
160 66 1559.967189
162 66 1559.975341
164 66 1559.982746
166 66 1559.989367
168 66 1559.995172
170 66 1560.000132
172 66 1560.004224
174 66 1560.007428
176 66 1560.009728
178 66 1560.011112
180 66 1560.011574
182 66 1560.011112
184 66 1560.009728
186 66 1560.007428
188 66 1560.004224
190 66 1560.000132
192 66 1559.995172
194 66 1559.989367
196 66 1559.982746
198 66 1559.975341
200 66 1559.967189
202 66 1559.958329
204 66 1559.948804
206 66 1559.938661
208 66 1559.927949
210 66 1559.916720
212 66 1559.905030
214 66 1559.892935
216 66 1559.880494
218 66 1559.867768
220 66 1559.854818
222 66 1559.841709
224 66 1559.828503
226 66 1559.815265
228 66 1559.802060
230 66 1559.788952
232 66 1559.776004
234 66 1559.763280
236 66 1559.750842
238 66 1559.738751
240 66 1559.727065
242 66 1559.715841
244 66 1559.705133
246 66 1559.694995
248 66 1559.685475
250 66 1559.676620
252 66 1559.668472
254 66 1559.661072
256 66 1559.654455
258 66 1559.648654
260 66 1559.643696
262 66 1559.639607
264 66 1559.636406
266 66 1559.634108
268 66 1559.632725
270 66 1559.632263
272 66 1559.632725
274 66 1559.634108
276 66 1559.636406
278 66 1559.639607
280 66 1559.643696
282 66 1559.648654
284 66 1559.654455
286 66 1559.661072
288 66 1559.668472
290 66 1559.676620
292 66 1559.685475
294 66 1559.694995
296 66 1559.705133
298 66 1559.715841
300 66 1559.727065
302 66 1559.738751
304 66 1559.750842
306 66 1559.763280
308 66 1559.776004
310 66 1559.788952
312 66 1559.802060
314 66 1559.815265
316 66 1559.828503
318 66 1559.841709
320 66 1559.854818
322 66 1559.867768
324 66 1559.880494
326 66 1559.892935
328 66 1559.905030
330 66 1559.916720
332 66 1559.927949
334 66 1559.938661
336 66 1559.948804
338 66 1559.958329
340 66 1559.967189
342 66 1559.975341
344 66 1559.982746
346 66 1559.989367
348 66 1559.995172
350 66 1560.000132
352 66 1560.004224
354 66 1560.007428
356 66 1560.009728
358 66 1560.011112
360 66 1560.011574
0 68 1559.933911
2 68 1559.933519
4 68 1559.932345
6 68 1559.930394
8 68 1559.927677
10 68 1559.924207
12 68 1559.919999
14 68 1559.915076
16 68 1559.909461
18 68 1559.903180
20 68 1559.896266
22 68 1559.888752
24 68 1559.880673
26 68 1559.872070
28 68 1559.862985
30 68 1559.853462
32 68 1559.843547
34 68 1559.833288
36 68 1559.822736
38 68 1559.811942
40 68 1559.800959
42 68 1559.789840
44 68 1559.778639
46 68 1559.767411
48 68 1559.756211
50 68 1559.745093
52 68 1559.734111
54 68 1559.723319
56 68 1559.712769
58 68 1559.702514
60 68 1559.692601
62 68 1559.683081
64 68 1559.673999
66 68 1559.665400
68 68 1559.657325
70 68 1559.649814
72 68 1559.642903
74 68 1559.636626
76 68 1559.631013
78 68 1559.626093
80 68 1559.621888
82 68 1559.618419
84 68 1559.615704
86 68 1559.613755
88 68 1559.612582
90 68 1559.612190
92 68 1559.612582
94 68 1559.613755
96 68 1559.615704
98 68 1559.618419
100 68 1559.621888
102 68 1559.626093
104 68 1559.631013
106 68 1559.636626
108 68 1559.642903
110 68 1559.649814
112 68 1559.657325
114 68 1559.665400
116 68 1559.673999
118 68 1559.683081
120 68 1559.692601
122 68 1559.702514
124 68 1559.712769
126 68 1559.723319
128 68 1559.734111
130 68 1559.745093
132 68 1559.756211
134 68 1559.767411
136 68 1559.778639
138 68 1559.789840
140 68 1559.800959
142 68 1559.811942
144 68 1559.822736
146 68 1559.833288
148 68 1559.843547
150 68 1559.853462
152 68 1559.862985
154 68 1559.872070
156 68 1559.880673
158 68 1559.888752
160 68 1559.896266
162 68 1559.903180
164 68 1559.909461
166 68 1559.915076
168 68 1559.919999
170 68 1559.924207
172 68 1559.927677
174 68 1559.930394
176 68 1559.932345
178 68 1559.933519
180 68 1559.933911
182 68 1559.933519
184 68 1559.932345
186 68 1559.930394
188 68 1559.927677
190 68 1559.924207
192 68 1559.919999
194 68 1559.915076
196 68 1559.909461
198 68 1559.903180
200 68 1559.896266
202 68 1559.888752
204 68 1559.880673
206 68 1559.872070
208 68 1559.862985
210 68 1559.853462
212 68 1559.843547
214 68 1559.833288
216 68 1559.822736
218 68 1559.811942
220 68 1559.800959
222 68 1559.789840
224 68 1559.778639
226 68 1559.767411
228 68 1559.756211
230 68 1559.745093
232 68 1559.734111
234 68 1559.723319
236 68 1559.712769
238 68 1559.702514
240 68 1559.692601
242 68 1559.683081
244 68 1559.673999
246 68 1559.665400
248 68 1559.657325
250 68 1559.649814
252 68 1559.642903
254 68 1559.636626
256 68 1559.631013
258 68 1559.626093
260 68 1559.621888
262 68 1559.618419
264 68 1559.615704
266 68 1559.613755
268 68 1559.612582
270 68 1559.612190
272 68 1559.612582
274 68 1559.613755
276 68 1559.615704
278 68 1559.618419
280 68 1559.621888
282 68 1559.626093
284 68 1559.631013
286 68 1559.636626
288 68 1559.642903
290 68 1559.649814
292 68 1559.657325
294 68 1559.665400
296 68 1559.673999
298 68 1559.683081
300 68 1559.692601
302 68 1559.702514
304 68 1559.712769
306 68 1559.723319
308 68 1559.734111
310 68 1559.745093
312 68 1559.756211
314 68 1559.767411
316 68 1559.778639
318 68 1559.789840
320 68 1559.800959
322 68 1559.811942
324 68 1559.822736
326 68 1559.833288
328 68 1559.843547
330 68 1559.853462
332 68 1559.862985
334 68 1559.872070
336 68 1559.880673
338 68 1559.888752
340 68 1559.896266
342 68 1559.903180
344 68 1559.909461
346 68 1559.915076
348 68 1559.919999
350 68 1559.924207
352 68 1559.927677
354 68 1559.930394
356 68 1559.932345
358 68 1559.933519
360 68 1559.933911
0 70 1559.861678
2 70 1559.861352
4 70 1559.860373
6 70 1559.858748
8 70 1559.856483
10 70 1559.853590
12 70 1559.850084
14 70 1559.845980
16 70 1559.841300
18 70 1559.836066
20 70 1559.830303
22 70 1559.824039
24 70 1559.817306
26 70 1559.810136
28 70 1559.802563
30 70 1559.794626
32 70 1559.786361
34 70 1559.777811
36 70 1559.769016
38 70 1559.760019
40 70 1559.750865
42 70 1559.741597
44 70 1559.732261
46 70 1559.722902
48 70 1559.713566
50 70 1559.704299
52 70 1559.695145
54 70 1559.686150
56 70 1559.677357
58 70 1559.668808
60 70 1559.660546
62 70 1559.652610
64 70 1559.645040
66 70 1559.637872
68 70 1559.631141
70 70 1559.624880
72 70 1559.619120
74 70 1559.613888
76 70 1559.609209
78 70 1559.605108
80 70 1559.601603
82 70 1559.598711
84 70 1559.596448
86 70 1559.594823
88 70 1559.593845
90 70 1559.593519
92 70 1559.593845
94 70 1559.594823
96 70 1559.596448
98 70 1559.598711
100 70 1559.601603
102 70 1559.605108
104 70 1559.609209
106 70 1559.613888
108 70 1559.619120
110 70 1559.624880
112 70 1559.631141
114 70 1559.637872
116 70 1559.645040
118 70 1559.652610
120 70 1559.660546
122 70 1559.668808
124 70 1559.677357
126 70 1559.686150
128 70 1559.695145
130 70 1559.704299
132 70 1559.713566
134 70 1559.722902
136 70 1559.732261
138 70 1559.741597
140 70 1559.750865
142 70 1559.760019
144 70 1559.769016
146 70 1559.777811
148 70 1559.786361
150 70 1559.794626
152 70 1559.802563
154 70 1559.810136
156 70 1559.817306
158 70 1559.824039
160 70 1559.830303
162 70 1559.836066
164 70 1559.841300
166 70 1559.845980
168 70 1559.850084
170 70 1559.853590
172 70 1559.856483
174 70 1559.858748
176 70 1559.860373
178 70 1559.861352
180 70 1559.861678
182 70 1559.861352
184 70 1559.860373
186 70 1559.858748
188 70 1559.856483
190 70 1559.853590
192 70 1559.850084
194 70 1559.845980
196 70 1559.841300
198 70 1559.836066
200 70 1559.830303
202 70 1559.824039
204 70 1559.817306
206 70 1559.810136
208 70 1559.802563
210 70 1559.794626
212 70 1559.786361
214 70 1559.777811
216 70 1559.769016
218 70 1559.760019
220 70 1559.750865
222 70 1559.741597
224 70 1559.732261
226 70 1559.722902
228 70 1559.713566
230 70 1559.704299
232 70 1559.695145
234 70 1559.686150
236 70 1559.677357
238 70 1559.668808
240 70 1559.660546
242 70 1559.652610
244 70 1559.645040
246 70 1559.637872
248 70 1559.631141
250 70 1559.624880
252 70 1559.619120
254 70 1559.613888
256 70 1559.609209
258 70 1559.605108
260 70 1559.601603
262 70 1559.598711
264 70 1559.596448
266 70 1559.594823
268 70 1559.593845
270 70 1559.593519
272 70 1559.593845
274 70 1559.594823
276 70 1559.596448
278 70 1559.598711
280 70 1559.601603
282 70 1559.605108
284 70 1559.609209
286 70 1559.613888
288 70 1559.619120
290 70 1559.624880
292 70 1559.631141
294 70 1559.637872
296 70 1559.645040
298 70 1559.652610
300 70 1559.660546
302 70 1559.668808
304 70 1559.677357
306 70 1559.686150
308 70 1559.695145
310 70 1559.704299
312 70 1559.713566
314 70 1559.722902
316 70 1559.732261
318 70 1559.741597
320 70 1559.750865
322 70 1559.760019
324 70 1559.769016
326 70 1559.777811
328 70 1559.786361
330 70 1559.794626
332 70 1559.802563
334 70 1559.810136
336 70 1559.817306
338 70 1559.824039
340 70 1559.830303
342 70 1559.836066
344 70 1559.841300
346 70 1559.845980
348 70 1559.850084
350 70 1559.853590
352 70 1559.856483
354 70 1559.858748
356 70 1559.860373
358 70 1559.861352
360 70 1559.861678
0 72 1559.795227
2 72 1559.794960
4 72 1559.794162
6 72 1559.792835
8 72 1559.790987
10 72 1559.788626
12 72 1559.785763
14 72 1559.782414
16 72 1559.778594
18 72 1559.774321
20 72 1559.769617
22 72 1559.764505
24 72 1559.759009
26 72 1559.753157
28 72 1559.746976
30 72 1559.740497
32 72 1559.733751
34 72 1559.726772
36 72 1559.719593
38 72 1559.712250
40 72 1559.704777
42 72 1559.697212
44 72 1559.689592
46 72 1559.681953
48 72 1559.674332
50 72 1559.666768
52 72 1559.659296
54 72 1559.651953
56 72 1559.644775
58 72 1559.637797
60 72 1559.631053
62 72 1559.624576
64 72 1559.618396
66 72 1559.612545
68 72 1559.607051
70 72 1559.601940
72 72 1559.597238
74 72 1559.592967
76 72 1559.589148
78 72 1559.585800
80 72 1559.582939
82 72 1559.580579
84 72 1559.578731
86 72 1559.577405
88 72 1559.576607
90 72 1559.576340
92 72 1559.576607
94 72 1559.577405
96 72 1559.578731
98 72 1559.580579
100 72 1559.582939
102 72 1559.585800
104 72 1559.589148
106 72 1559.592967
108 72 1559.597238
110 72 1559.601940
112 72 1559.607051
114 72 1559.612545
116 72 1559.618396
118 72 1559.624576
120 72 1559.631053
122 72 1559.637797
124 72 1559.644775
126 72 1559.651953
128 72 1559.659296
130 72 1559.666768
132 72 1559.674332
134 72 1559.681953
136 72 1559.689592
138 72 1559.697212
140 72 1559.704777
142 72 1559.712250
144 72 1559.719593
146 72 1559.726772
148 72 1559.733751
150 72 1559.740497
152 72 1559.746976
154 72 1559.753157
156 72 1559.759009
158 72 1559.764505
160 72 1559.769617
162 72 1559.774321
164 72 1559.778594
166 72 1559.782414
168 72 1559.785763
170 72 1559.788626
172 72 1559.790987
174 72 1559.792835
176 72 1559.794162
178 72 1559.794960
180 72 1559.795227
182 72 1559.794960
184 72 1559.794162
186 72 1559.792835
188 72 1559.790987
190 72 1559.788626
192 72 1559.785763
194 72 1559.782414
196 72 1559.778594
198 72 1559.774321
200 72 1559.769617
202 72 1559.764505
204 72 1559.759009
206 72 1559.753157
208 72 1559.746976
210 72 1559.740497
212 72 1559.733751
214 72 1559.726772
216 72 1559.719593
218 72 1559.712250
220 72 1559.704777
222 72 1559.697212
224 72 1559.689592
226 72 1559.681953
228 72 1559.674332
230 72 1559.666768
232 72 1559.659296
234 72 1559.651953
236 72 1559.644775
238 72 1559.637797
240 72 1559.631053
242 72 1559.624576
244 72 1559.618396
246 72 1559.612545
248 72 1559.607051
250 72 1559.601940
252 72 1559.597238
254 72 1559.592967
256 72 1559.589148
258 72 1559.585800
260 72 1559.582939
262 72 1559.580579
264 72 1559.578731
266 72 1559.577405
268 72 1559.576607
270 72 1559.576340
272 72 1559.576607
274 72 1559.577405
276 72 1559.578731
278 72 1559.580579
280 72 1559.582939
282 72 1559.585800
284 72 1559.589148
286 72 1559.592967
288 72 1559.597238
290 72 1559.601940
292 72 1559.607051
294 72 1559.612545
296 72 1559.618396
298 72 1559.624576
300 72 1559.631053
302 72 1559.637797
304 72 1559.644775
306 72 1559.651953
308 72 1559.659296
310 72 1559.666768
312 72 1559.674332
314 72 1559.681953
316 72 1559.689592
318 72 1559.697212
320 72 1559.704777
322 72 1559.712250
324 72 1559.719593
326 72 1559.726772
328 72 1559.733751
330 72 1559.740497
332 72 1559.746976
334 72 1559.753157
336 72 1559.759009
338 72 1559.764505
340 72 1559.769617
342 72 1559.774321
344 72 1559.778594
346 72 1559.782414
348 72 1559.785763
350 72 1559.788626
352 72 1559.790987
354 72 1559.792835
356 72 1559.794162
358 72 1559.794960
360 72 1559.795227
0 74 1559.734878
2 74 1559.734666
4 74 1559.734031
6 74 1559.732975
8 74 1559.731505
10 74 1559.729626
12 74 1559.727349
14 74 1559.724685
16 74 1559.721646
18 74 1559.718247
20 74 1559.714505
22 74 1559.710437
24 74 1559.706065
26 74 1559.701409
28 74 1559.696492
30 74 1559.691337
32 74 1559.685971
34 74 1559.680419
36 74 1559.674707
38 74 1559.668865
40 74 1559.662920
42 74 1559.656902
44 74 1559.650839
46 74 1559.644762
48 74 1559.638699
50 74 1559.632681
52 74 1559.626737
54 74 1559.620895
56 74 1559.615184
58 74 1559.609633
60 74 1559.604267
62 74 1559.599114
64 74 1559.594197
66 74 1559.589542
68 74 1559.585171
70 74 1559.581105
72 74 1559.577364
74 74 1559.573966
76 74 1559.570928
78 74 1559.568264
80 74 1559.565988
82 74 1559.564110
84 74 1559.562640
86 74 1559.561585
88 74 1559.560950
90 74 1559.560738
92 74 1559.560950
94 74 1559.561585
96 74 1559.562640
98 74 1559.564110
100 74 1559.565988
102 74 1559.568264
104 74 1559.570928
106 74 1559.573966
108 74 1559.577364
110 74 1559.581105
112 74 1559.585171
114 74 1559.589542
116 74 1559.594197
118 74 1559.599114
120 74 1559.604267
122 74 1559.609633
124 74 1559.615184
126 74 1559.620895
128 74 1559.626737
130 74 1559.632681
132 74 1559.638699
134 74 1559.644762
136 74 1559.650839
138 74 1559.656902
140 74 1559.662920
142 74 1559.668865
144 74 1559.674707
146 74 1559.680419
148 74 1559.685971
150 74 1559.691337
152 74 1559.696492
154 74 1559.701409
156 74 1559.706065
158 74 1559.710437
160 74 1559.714505
162 74 1559.718247
164 74 1559.721646
166 74 1559.724685
168 74 1559.727349
170 74 1559.729626
172 74 1559.731505
174 74 1559.732975
176 74 1559.734031
178 74 1559.734666
180 74 1559.734878
182 74 1559.734666
184 74 1559.734031
186 74 1559.732975
188 74 1559.731505
190 74 1559.729626
192 74 1559.727349
194 74 1559.724685
196 74 1559.721646
198 74 1559.718247
200 74 1559.714505
202 74 1559.710437
204 74 1559.706065
206 74 1559.701409
208 74 1559.696492
210 74 1559.691337
212 74 1559.685971
214 74 1559.680419
216 74 1559.674707
218 74 1559.668865
220 74 1559.662920
222 74 1559.656902
224 74 1559.650839
226 74 1559.644762
228 74 1559.638699
230 74 1559.632681
232 74 1559.626737
234 74 1559.620895
236 74 1559.615184
238 74 1559.609633
240 74 1559.604267
242 74 1559.599114
244 74 1559.594197
246 74 1559.589542
248 74 1559.585171
250 74 1559.581105
252 74 1559.577364
254 74 1559.573966
256 74 1559.570928
258 74 1559.568264
260 74 1559.565988
262 74 1559.564110
264 74 1559.562640
266 74 1559.561585
268 74 1559.560950
270 74 1559.560738
272 74 1559.560950
274 74 1559.561585
276 74 1559.562640
278 74 1559.564110
280 74 1559.565988
282 74 1559.568264
284 74 1559.570928
286 74 1559.573966
288 74 1559.577364
290 74 1559.581105
292 74 1559.585171
294 74 1559.589542
296 74 1559.594197
298 74 1559.599114
300 74 1559.604267
302 74 1559.609633
304 74 1559.615184
306 74 1559.620895
308 74 1559.626737
310 74 1559.632681
312 74 1559.638699
314 74 1559.644762
316 74 1559.650839
318 74 1559.656902
320 74 1559.662920
322 74 1559.668865
324 74 1559.674707
326 74 1559.680419
328 74 1559.685971
330 74 1559.691337
332 74 1559.696492
334 74 1559.701409
336 74 1559.706065
338 74 1559.710437
340 74 1559.714505
342 74 1559.718247
344 74 1559.721646
346 74 1559.724685
348 74 1559.727349
350 74 1559.729626
352 74 1559.731505
354 74 1559.732975
356 74 1559.734031
358 74 1559.734666
360 74 1559.734878
0 76 1559.680923
2 76 1559.680760
4 76 1559.680270
6 76 1559.679457
8 76 1559.678325
10 76 1559.676878
12 76 1559.675124
14 76 1559.673072
16 76 1559.670731
18 76 1559.668113
20 76 1559.665230
22 76 1559.662098
24 76 1559.658730
26 76 1559.655144
28 76 1559.651356
30 76 1559.647386
32 76 1559.643252
34 76 1559.638976
36 76 1559.634576
38 76 1559.630076
40 76 1559.625497
42 76 1559.620861
44 76 1559.616191
46 76 1559.611510
48 76 1559.606840
50 76 1559.602205
52 76 1559.597626
54 76 1559.593126
56 76 1559.588727
58 76 1559.584451
60 76 1559.580318
62 76 1559.576348
64 76 1559.572561
66 76 1559.568975
68 76 1559.565608
70 76 1559.562476
72 76 1559.559594
74 76 1559.556977
76 76 1559.554637
78 76 1559.552585
80 76 1559.550831
82 76 1559.549385
84 76 1559.548252
86 76 1559.547440
88 76 1559.546950
90 76 1559.546787
92 76 1559.546950
94 76 1559.547440
96 76 1559.548252
98 76 1559.549385
100 76 1559.550831
102 76 1559.552585
104 76 1559.554637
106 76 1559.556977
108 76 1559.559594
110 76 1559.562476
112 76 1559.565608
114 76 1559.568975
116 76 1559.572561
118 76 1559.576348
120 76 1559.580318
122 76 1559.584451
124 76 1559.588727
126 76 1559.593126
128 76 1559.597626
130 76 1559.602205
132 76 1559.606840
134 76 1559.611510
136 76 1559.616191
138 76 1559.620861
140 76 1559.625497
142 76 1559.630076
144 76 1559.634576
146 76 1559.638976
148 76 1559.643252
150 76 1559.647386
152 76 1559.651356
154 76 1559.655144
156 76 1559.658730
158 76 1559.662098
160 76 1559.665230
162 76 1559.668113
164 76 1559.670731
166 76 1559.673072
168 76 1559.675124
170 76 1559.676878
172 76 1559.678325
174 76 1559.679457
176 76 1559.680270
178 76 1559.680760
180 76 1559.680923
182 76 1559.680760
184 76 1559.680270
186 76 1559.679457
188 76 1559.678325
190 76 1559.676878
192 76 1559.675124
194 76 1559.673072
196 76 1559.670731
198 76 1559.668113
200 76 1559.665230
202 76 1559.662098
204 76 1559.658730
206 76 1559.655144
208 76 1559.651356
210 76 1559.647386
212 76 1559.643252
214 76 1559.638976
216 76 1559.634576
218 76 1559.630076
220 76 1559.625497
222 76 1559.620861
224 76 1559.616191
226 76 1559.611510
228 76 1559.606840
230 76 1559.602205
232 76 1559.597626
234 76 1559.593126
236 76 1559.588727
238 76 1559.584451
240 76 1559.580318
242 76 1559.576348
244 76 1559.572561
246 76 1559.568975
248 76 1559.565608
250 76 1559.562476
252 76 1559.559594
254 76 1559.556977
256 76 1559.554637
258 76 1559.552585
260 76 1559.550831
262 76 1559.549385
264 76 1559.548252
266 76 1559.547440
268 76 1559.546950
270 76 1559.546787
272 76 1559.546950
274 76 1559.547440
276 76 1559.548252
278 76 1559.549385
280 76 1559.550831
282 76 1559.552585
284 76 1559.554637
286 76 1559.556977
288 76 1559.559594
290 76 1559.562476
292 76 1559.565608
294 76 1559.568975
296 76 1559.572561
298 76 1559.576348
300 76 1559.580318
302 76 1559.584451
304 76 1559.588727
306 76 1559.593126
308 76 1559.597626
310 76 1559.602205
312 76 1559.606840
314 76 1559.611510
316 76 1559.616191
318 76 1559.620861
320 76 1559.625497
322 76 1559.630076
324 76 1559.634576
326 76 1559.638976
328 76 1559.643252
330 76 1559.647386
332 76 1559.651356
334 76 1559.655144
336 76 1559.658730
338 76 1559.662098
340 76 1559.665230
342 76 1559.668113
344 76 1559.670731
346 76 1559.673072
348 76 1559.675124
350 76 1559.676878
352 76 1559.678325
354 76 1559.679457
356 76 1559.680270
358 76 1559.680760
360 76 1559.680923
0 78 1559.633623
2 78 1559.633503
4 78 1559.633141
6 78 1559.632541
8 78 1559.631704
10 78 1559.630636
12 78 1559.629340
14 78 1559.627825
16 78 1559.626096
18 78 1559.624162
20 78 1559.622034
22 78 1559.619720
24 78 1559.617233
26 78 1559.614584
28 78 1559.611787
30 78 1559.608855
32 78 1559.605802
34 78 1559.602643
36 78 1559.599394
38 78 1559.596071
40 78 1559.592689
42 78 1559.589265
44 78 1559.585816
46 78 1559.582359
48 78 1559.578910
50 78 1559.575486
52 78 1559.572104
54 78 1559.568781
56 78 1559.565532
58 78 1559.562374
60 78 1559.559321
62 78 1559.556389
64 78 1559.553593
66 78 1559.550944
68 78 1559.548457
70 78 1559.546144
72 78 1559.544016
74 78 1559.542082
76 78 1559.540354
78 78 1559.538838
80 78 1559.537543
82 78 1559.536475
84 78 1559.535639
86 78 1559.535038
88 78 1559.534677
90 78 1559.534556
92 78 1559.534677
94 78 1559.535038
96 78 1559.535639
98 78 1559.536475
100 78 1559.537543
102 78 1559.538838
104 78 1559.540354
106 78 1559.542082
108 78 1559.544016
110 78 1559.546144
112 78 1559.548457
114 78 1559.550944
116 78 1559.553593
118 78 1559.556389
120 78 1559.559321
122 78 1559.562374
124 78 1559.565532
126 78 1559.568781
128 78 1559.572104
130 78 1559.575486
132 78 1559.578910
134 78 1559.582359
136 78 1559.585816
138 78 1559.589265
140 78 1559.592689
142 78 1559.596071
144 78 1559.599394
146 78 1559.602643
148 78 1559.605802
150 78 1559.608855
152 78 1559.611787
154 78 1559.614584
156 78 1559.617233
158 78 1559.619720
160 78 1559.622034
162 78 1559.624162
164 78 1559.626096
166 78 1559.627825
168 78 1559.629340
170 78 1559.630636
172 78 1559.631704
174 78 1559.632541
176 78 1559.633141
178 78 1559.633503
180 78 1559.633623
182 78 1559.633503
184 78 1559.633141
186 78 1559.632541
188 78 1559.631704
190 78 1559.630636
192 78 1559.629340
194 78 1559.627825
196 78 1559.626096
198 78 1559.624162
200 78 1559.622034
202 78 1559.619720
204 78 1559.617233
206 78 1559.614584
208 78 1559.611787
210 78 1559.608855
212 78 1559.605802
214 78 1559.602643
216 78 1559.599394
218 78 1559.596071
220 78 1559.592689
222 78 1559.589265
224 78 1559.585816
226 78 1559.582359
228 78 1559.578910
230 78 1559.575486
232 78 1559.572104
234 78 1559.568781
236 78 1559.565532
238 78 1559.562374
240 78 1559.559321
242 78 1559.556389
244 78 1559.553593
246 78 1559.550944
248 78 1559.548457
250 78 1559.546144
252 78 1559.544016
254 78 1559.542082
256 78 1559.540354
258 78 1559.538838
260 78 1559.537543
262 78 1559.536475
264 78 1559.535639
266 78 1559.535038
268 78 1559.534677
270 78 1559.534556
272 78 1559.534677
274 78 1559.535038
276 78 1559.535639
278 78 1559.536475
280 78 1559.537543
282 78 1559.538838
284 78 1559.540354
286 78 1559.542082
288 78 1559.544016
290 78 1559.546144
292 78 1559.548457
294 78 1559.550944
296 78 1559.553593
298 78 1559.556389
300 78 1559.559321
302 78 1559.562374
304 78 1559.565532
306 78 1559.568781
308 78 1559.572104
310 78 1559.575486
312 78 1559.578910
314 78 1559.582359
316 78 1559.585816
318 78 1559.589265
320 78 1559.592689
322 78 1559.596071
324 78 1559.599394
326 78 1559.602643
328 78 1559.605802
330 78 1559.608855
332 78 1559.611787
334 78 1559.614584
336 78 1559.617233
338 78 1559.619720
340 78 1559.622034
342 78 1559.624162
344 78 1559.626096
346 78 1559.627825
348 78 1559.629340
350 78 1559.630636
352 78 1559.631704
354 78 1559.632541
356 78 1559.633141
358 78 1559.633503
360 78 1559.633623
0 80 1559.593207
2 80 1559.593123
4 80 1559.592871
6 80 1559.592452
8 80 1559.591868
10 80 1559.591123
12 80 1559.590220
14 80 1559.589162
16 80 1559.587956
18 80 1559.586608
20 80 1559.585123
22 80 1559.583509
24 80 1559.581774
26 80 1559.579927
28 80 1559.577976
30 80 1559.575930
32 80 1559.573801
34 80 1559.571598
36 80 1559.569332
38 80 1559.567013
40 80 1559.564654
42 80 1559.562266
44 80 1559.559861
46 80 1559.557449
48 80 1559.555043
50 80 1559.552655
52 80 1559.550296
54 80 1559.547978
56 80 1559.545712
58 80 1559.543509
60 80 1559.541380
62 80 1559.539334
64 80 1559.537383
66 80 1559.535536
68 80 1559.533801
70 80 1559.532188
72 80 1559.530703
74 80 1559.529355
76 80 1559.528149
78 80 1559.527092
80 80 1559.526189
82 80 1559.525443
84 80 1559.524860
86 80 1559.524441
88 80 1559.524189
90 80 1559.524105
92 80 1559.524189
94 80 1559.524441
96 80 1559.524860
98 80 1559.525443
100 80 1559.526189
102 80 1559.527092
104 80 1559.528149
106 80 1559.529355
108 80 1559.530703
110 80 1559.532188
112 80 1559.533801
114 80 1559.535536
116 80 1559.537383
118 80 1559.539334
120 80 1559.541380
122 80 1559.543509
124 80 1559.545712
126 80 1559.547978
128 80 1559.550296
130 80 1559.552655
132 80 1559.555043
134 80 1559.557449
136 80 1559.559861
138 80 1559.562266
140 80 1559.564654
142 80 1559.567013
144 80 1559.569332
146 80 1559.571598
148 80 1559.573801
150 80 1559.575930
152 80 1559.577976
154 80 1559.579927
156 80 1559.581774
158 80 1559.583509
160 80 1559.585123
162 80 1559.586608
164 80 1559.587956
166 80 1559.589162
168 80 1559.590220
170 80 1559.591123
172 80 1559.591868
174 80 1559.592452
176 80 1559.592871
178 80 1559.593123
180 80 1559.593207
182 80 1559.593123
184 80 1559.592871
186 80 1559.592452
188 80 1559.591868
190 80 1559.591123
192 80 1559.590220
194 80 1559.589162
196 80 1559.587956
198 80 1559.586608
200 80 1559.585123
202 80 1559.583509
204 80 1559.581774
206 80 1559.579927
208 80 1559.577976
210 80 1559.575930
212 80 1559.573801
214 80 1559.571598
216 80 1559.569332
218 80 1559.567013
220 80 1559.564654
222 80 1559.562266
224 80 1559.559861
226 80 1559.557449
228 80 1559.555043
230 80 1559.552655
232 80 1559.550296
234 80 1559.547978
236 80 1559.545712
238 80 1559.543509
240 80 1559.541380
242 80 1559.539334
244 80 1559.537383
246 80 1559.535536
248 80 1559.533801
250 80 1559.532188
252 80 1559.530703
254 80 1559.529355
256 80 1559.528149
258 80 1559.527092
260 80 1559.526189
262 80 1559.525443
264 80 1559.524860
266 80 1559.524441
268 80 1559.524189
270 80 1559.524105
272 80 1559.524189
274 80 1559.524441
276 80 1559.524860
278 80 1559.525443
280 80 1559.526189
282 80 1559.527092
284 80 1559.528149
286 80 1559.529355
288 80 1559.530703
290 80 1559.532188
292 80 1559.533801
294 80 1559.535536
296 80 1559.537383
298 80 1559.539334
300 80 1559.541380
302 80 1559.543509
304 80 1559.545712
306 80 1559.547978
308 80 1559.550296
310 80 1559.552655
312 80 1559.555043
314 80 1559.557449
316 80 1559.559861
318 80 1559.562266
320 80 1559.564654
322 80 1559.567013
324 80 1559.569332
326 80 1559.571598
328 80 1559.573801
330 80 1559.575930
332 80 1559.577976
334 80 1559.579927
336 80 1559.581774
338 80 1559.583509
340 80 1559.585123
342 80 1559.586608
344 80 1559.587956
346 80 1559.589162
348 80 1559.590220
350 80 1559.591123
352 80 1559.591868
354 80 1559.592452
356 80 1559.592871
358 80 1559.593123
360 80 1559.593207
0 82 1559.559869
2 82 1559.559815
4 82 1559.559653
6 82 1559.559384
8 82 1559.559010
10 82 1559.558531
12 82 1559.557951
14 82 1559.557271
16 82 1559.556497
18 82 1559.555631
20 82 1559.554677
22 82 1559.553640
24 82 1559.552526
26 82 1559.551339
28 82 1559.550086
30 82 1559.548772
32 82 1559.547405
34 82 1559.545990
36 82 1559.544534
38 82 1559.543045
40 82 1559.541530
42 82 1559.539996
44 82 1559.538450
46 82 1559.536901
48 82 1559.535356
50 82 1559.533822
52 82 1559.532307
54 82 1559.530818
56 82 1559.529362
58 82 1559.527947
60 82 1559.526580
62 82 1559.525266
64 82 1559.524013
66 82 1559.522826
68 82 1559.521712
70 82 1559.520676
72 82 1559.519722
74 82 1559.518856
76 82 1559.518081
78 82 1559.517402
80 82 1559.516822
82 82 1559.516343
84 82 1559.515969
86 82 1559.515700
88 82 1559.515538
90 82 1559.515484
92 82 1559.515538
94 82 1559.515700
96 82 1559.515969
98 82 1559.516343
100 82 1559.516822
102 82 1559.517402
104 82 1559.518081
106 82 1559.518856
108 82 1559.519722
110 82 1559.520676
112 82 1559.521712
114 82 1559.522826
116 82 1559.524013
118 82 1559.525266
120 82 1559.526580
122 82 1559.527947
124 82 1559.529362
126 82 1559.530818
128 82 1559.532307
130 82 1559.533822
132 82 1559.535356
134 82 1559.536901
136 82 1559.538450
138 82 1559.539996
140 82 1559.541530
142 82 1559.543045
144 82 1559.544534
146 82 1559.545990
148 82 1559.547405
150 82 1559.548772
152 82 1559.550086
154 82 1559.551339
156 82 1559.552526
158 82 1559.553640
160 82 1559.554677
162 82 1559.555631
164 82 1559.556497
166 82 1559.557271
168 82 1559.557951
170 82 1559.558531
172 82 1559.559010
174 82 1559.559384
176 82 1559.559653
178 82 1559.559815
180 82 1559.559869
182 82 1559.559815
184 82 1559.559653
186 82 1559.559384
188 82 1559.559010
190 82 1559.558531
192 82 1559.557951
194 82 1559.557271
196 82 1559.556497
198 82 1559.555631
200 82 1559.554677
202 82 1559.553640
204 82 1559.552526
206 82 1559.551339
208 82 1559.550086
210 82 1559.548772
212 82 1559.547405
214 82 1559.545990
216 82 1559.544534
218 82 1559.543045
220 82 1559.541530
222 82 1559.539996
224 82 1559.538450
226 82 1559.536901
228 82 1559.535356
230 82 1559.533822
232 82 1559.532307
234 82 1559.530818
236 82 1559.529362
238 82 1559.527947
240 82 1559.526580
242 82 1559.525266
244 82 1559.524013
246 82 1559.522826
248 82 1559.521712
250 82 1559.520676
252 82 1559.519722
254 82 1559.518856
256 82 1559.518081
258 82 1559.517402
260 82 1559.516822
262 82 1559.516343
264 82 1559.515969
266 82 1559.515700
268 82 1559.515538
270 82 1559.515484
272 82 1559.515538
274 82 1559.515700
276 82 1559.515969
278 82 1559.516343
280 82 1559.516822
282 82 1559.517402
284 82 1559.518081
286 82 1559.518856
288 82 1559.519722
290 82 1559.520676
292 82 1559.521712
294 82 1559.522826
296 82 1559.524013
298 82 1559.525266
300 82 1559.526580
302 82 1559.527947
304 82 1559.529362
306 82 1559.530818
308 82 1559.532307
310 82 1559.533822
312 82 1559.535356
314 82 1559.536901
316 82 1559.538450
318 82 1559.539996
320 82 1559.541530
322 82 1559.543045
324 82 1559.544534
326 82 1559.545990
328 82 1559.547405
330 82 1559.548772
332 82 1559.550086
334 82 1559.551339
336 82 1559.552526
338 82 1559.553640
340 82 1559.554677
342 82 1559.555631
344 82 1559.556497
346 82 1559.557271
348 82 1559.557951
350 82 1559.558531
352 82 1559.559010
354 82 1559.559384
356 82 1559.559653
358 82 1559.559815
360 82 1559.559869
0 84 1559.533772
2 84 1559.533741
4 84 1559.533650
6 84 1559.533498
8 84 1559.533287
10 84 1559.533017
12 84 1559.532689
14 84 1559.532306
16 84 1559.531869
18 84 1559.531381
20 84 1559.530843
22 84 1559.530258
24 84 1559.529629
26 84 1559.528960
28 84 1559.528253
30 84 1559.527512
32 84 1559.526741
34 84 1559.525942
36 84 1559.525121
38 84 1559.524281
40 84 1559.523427
42 84 1559.522561
44 84 1559.521690
46 84 1559.520816
48 84 1559.519944
50 84 1559.519079
52 84 1559.518224
54 84 1559.517384
56 84 1559.516563
58 84 1559.515765
60 84 1559.514994
62 84 1559.514253
64 84 1559.513546
66 84 1559.512876
68 84 1559.512248
70 84 1559.511663
72 84 1559.511125
74 84 1559.510637
76 84 1559.510200
78 84 1559.509817
80 84 1559.509489
82 84 1559.509219
84 84 1559.509008
86 84 1559.508856
88 84 1559.508765
90 84 1559.508734
92 84 1559.508765
94 84 1559.508856
96 84 1559.509008
98 84 1559.509219
100 84 1559.509489
102 84 1559.509817
104 84 1559.510200
106 84 1559.510637
108 84 1559.511125
110 84 1559.511663
112 84 1559.512248
114 84 1559.512876
116 84 1559.513546
118 84 1559.514253
120 84 1559.514994
122 84 1559.515765
124 84 1559.516563
126 84 1559.517384
128 84 1559.518224
130 84 1559.519079
132 84 1559.519944
134 84 1559.520816
136 84 1559.521690
138 84 1559.522561
140 84 1559.523427
142 84 1559.524281
144 84 1559.525121
146 84 1559.525942
148 84 1559.526741
150 84 1559.527512
152 84 1559.528253
154 84 1559.528960
156 84 1559.529629
158 84 1559.530258
160 84 1559.530843
162 84 1559.531381
164 84 1559.531869
166 84 1559.532306
168 84 1559.532689
170 84 1559.533017
172 84 1559.533287
174 84 1559.533498
176 84 1559.533650
178 84 1559.533741
180 84 1559.533772
182 84 1559.533741
184 84 1559.533650
186 84 1559.533498
188 84 1559.533287
190 84 1559.533017
192 84 1559.532689
194 84 1559.532306
196 84 1559.531869
198 84 1559.531381
200 84 1559.530843
202 84 1559.530258
204 84 1559.529629
206 84 1559.528960
208 84 1559.528253
210 84 1559.527512
212 84 1559.526741
214 84 1559.525942
216 84 1559.525121
218 84 1559.524281
220 84 1559.523427
222 84 1559.522561
224 84 1559.521690
226 84 1559.520816
228 84 1559.519944
230 84 1559.519079
232 84 1559.518224
234 84 1559.517384
236 84 1559.516563
238 84 1559.515765
240 84 1559.514994
242 84 1559.514253
244 84 1559.513546
246 84 1559.512876
248 84 1559.512248
250 84 1559.511663
252 84 1559.511125
254 84 1559.510637
256 84 1559.510200
258 84 1559.509817
260 84 1559.509489
262 84 1559.509219
264 84 1559.509008
266 84 1559.508856
268 84 1559.508765
270 84 1559.508734
272 84 1559.508765
274 84 1559.508856
276 84 1559.509008
278 84 1559.509219
280 84 1559.509489
282 84 1559.509817
284 84 1559.510200
286 84 1559.510637
288 84 1559.511125
290 84 1559.511663
292 84 1559.512248
294 84 1559.512876
296 84 1559.513546
298 84 1559.514253
300 84 1559.514994
302 84 1559.515765
304 84 1559.516563
306 84 1559.517384
308 84 1559.518224
310 84 1559.519079
312 84 1559.519944
314 84 1559.520816
316 84 1559.521690
318 84 1559.522561
320 84 1559.523427
322 84 1559.524281
324 84 1559.525121
326 84 1559.525942
328 84 1559.526741
330 84 1559.527512
332 84 1559.528253
334 84 1559.528960
336 84 1559.529629
338 84 1559.530258
340 84 1559.530843
342 84 1559.531381
344 84 1559.531869
346 84 1559.532306
348 84 1559.532689
350 84 1559.533017
352 84 1559.533287
354 84 1559.533498
356 84 1559.533650
358 84 1559.533741
360 84 1559.533772
0 86 1559.515040
2 86 1559.515026
4 86 1559.514986
6 86 1559.514918
8 86 1559.514824
10 86 1559.514704
12 86 1559.514558
14 86 1559.514387
16 86 1559.514193
18 86 1559.513975
20 86 1559.513736
22 86 1559.513475
24 86 1559.513195
26 86 1559.512897
28 86 1559.512582
30 86 1559.512252
32 86 1559.511909
34 86 1559.511553
36 86 1559.511188
38 86 1559.510814
40 86 1559.510433
42 86 1559.510048
44 86 1559.509659
46 86 1559.509270
48 86 1559.508882
50 86 1559.508497
52 86 1559.508116
54 86 1559.507742
56 86 1559.507376
58 86 1559.507021
60 86 1559.506677
62 86 1559.506347
64 86 1559.506032
66 86 1559.505734
68 86 1559.505454
70 86 1559.505194
72 86 1559.504955
74 86 1559.504737
76 86 1559.504542
78 86 1559.504372
80 86 1559.504226
82 86 1559.504106
84 86 1559.504012
86 86 1559.503944
88 86 1559.503903
90 86 1559.503890
92 86 1559.503903
94 86 1559.503944
96 86 1559.504012
98 86 1559.504106
100 86 1559.504226
102 86 1559.504372
104 86 1559.504542
106 86 1559.504737
108 86 1559.504955
110 86 1559.505194
112 86 1559.505454
114 86 1559.505734
116 86 1559.506032
118 86 1559.506347
120 86 1559.506677
122 86 1559.507021
124 86 1559.507376
126 86 1559.507742
128 86 1559.508116
130 86 1559.508497
132 86 1559.508882
134 86 1559.509270
136 86 1559.509659
138 86 1559.510048
140 86 1559.510433
142 86 1559.510814
144 86 1559.511188
146 86 1559.511553
148 86 1559.511909
150 86 1559.512252
152 86 1559.512582
154 86 1559.512897
156 86 1559.513195
158 86 1559.513475
160 86 1559.513736
162 86 1559.513975
164 86 1559.514193
166 86 1559.514387
168 86 1559.514558
170 86 1559.514704
172 86 1559.514824
174 86 1559.514918
176 86 1559.514986
178 86 1559.515026
180 86 1559.515040
182 86 1559.515026
184 86 1559.514986
186 86 1559.514918
188 86 1559.514824
190 86 1559.514704
192 86 1559.514558
194 86 1559.514387
196 86 1559.514193
198 86 1559.513975
200 86 1559.513736
202 86 1559.513475
204 86 1559.513195
206 86 1559.512897
208 86 1559.512582
210 86 1559.512252
212 86 1559.511909
214 86 1559.511553
216 86 1559.511188
218 86 1559.510814
220 86 1559.510433
222 86 1559.510048
224 86 1559.509659
226 86 1559.509270
228 86 1559.508882
230 86 1559.508497
232 86 1559.508116
234 86 1559.507742
236 86 1559.507376
238 86 1559.507021
240 86 1559.506677
242 86 1559.506347
244 86 1559.506032
246 86 1559.505734
248 86 1559.505454
250 86 1559.505194
252 86 1559.504955
254 86 1559.504737
256 86 1559.504542
258 86 1559.504372
260 86 1559.504226
262 86 1559.504106
264 86 1559.504012
266 86 1559.503944
268 86 1559.503903
270 86 1559.503890
272 86 1559.503903
274 86 1559.503944
276 86 1559.504012
278 86 1559.504106
280 86 1559.504226
282 86 1559.504372
284 86 1559.504542
286 86 1559.504737
288 86 1559.504955
290 86 1559.505194
292 86 1559.505454
294 86 1559.505734
296 86 1559.506032
298 86 1559.506347
300 86 1559.506677
302 86 1559.507021
304 86 1559.507376
306 86 1559.507742
308 86 1559.508116
310 86 1559.508497
312 86 1559.508882
314 86 1559.509270
316 86 1559.509659
318 86 1559.510048
320 86 1559.510433
322 86 1559.510814
324 86 1559.511188
326 86 1559.511553
328 86 1559.511909
330 86 1559.512252
332 86 1559.512582
334 86 1559.512897
336 86 1559.513195
338 86 1559.513475
340 86 1559.513736
342 86 1559.513975
344 86 1559.514193
346 86 1559.514387
348 86 1559.514558
350 86 1559.514704
352 86 1559.514824
354 86 1559.514918
356 86 1559.514986
358 86 1559.515026
360 86 1559.515040
0 88 1559.503765
2 88 1559.503761
4 88 1559.503751
6 88 1559.503734
8 88 1559.503710
10 88 1559.503680
12 88 1559.503644
14 88 1559.503601
16 88 1559.503552
18 88 1559.503498
20 88 1559.503438
22 88 1559.503373
24 88 1559.503303
26 88 1559.503228
28 88 1559.503149
30 88 1559.503067
32 88 1559.502981
34 88 1559.502892
36 88 1559.502800
38 88 1559.502707
40 88 1559.502611
42 88 1559.502515
44 88 1559.502418
46 88 1559.502320
48 88 1559.502223
50 88 1559.502127
52 88 1559.502031
54 88 1559.501938
56 88 1559.501846
58 88 1559.501757
60 88 1559.501671
62 88 1559.501589
64 88 1559.501510
66 88 1559.501435
68 88 1559.501365
70 88 1559.501300
72 88 1559.501240
74 88 1559.501186
76 88 1559.501137
78 88 1559.501094
80 88 1559.501058
82 88 1559.501028
84 88 1559.501004
86 88 1559.500987
88 88 1559.500977
90 88 1559.500974
92 88 1559.500977
94 88 1559.500987
96 88 1559.501004
98 88 1559.501028
100 88 1559.501058
102 88 1559.501094
104 88 1559.501137
106 88 1559.501186
108 88 1559.501240
110 88 1559.501300
112 88 1559.501365
114 88 1559.501435
116 88 1559.501510
118 88 1559.501589
120 88 1559.501671
122 88 1559.501757
124 88 1559.501846
126 88 1559.501938
128 88 1559.502031
130 88 1559.502127
132 88 1559.502223
134 88 1559.502320
136 88 1559.502418
138 88 1559.502515
140 88 1559.502611
142 88 1559.502707
144 88 1559.502800
146 88 1559.502892
148 88 1559.502981
150 88 1559.503067
152 88 1559.503149
154 88 1559.503228
156 88 1559.503303
158 88 1559.503373
160 88 1559.503438
162 88 1559.503498
164 88 1559.503552
166 88 1559.503601
168 88 1559.503644
170 88 1559.503680
172 88 1559.503710
174 88 1559.503734
176 88 1559.503751
178 88 1559.503761
180 88 1559.503765
182 88 1559.503761
184 88 1559.503751
186 88 1559.503734
188 88 1559.503710
190 88 1559.503680
192 88 1559.503644
194 88 1559.503601
196 88 1559.503552
198 88 1559.503498
200 88 1559.503438
202 88 1559.503373
204 88 1559.503303
206 88 1559.503228
208 88 1559.503149
210 88 1559.503067
212 88 1559.502981
214 88 1559.502892
216 88 1559.502800
218 88 1559.502707
220 88 1559.502611
222 88 1559.502515
224 88 1559.502418
226 88 1559.502320
228 88 1559.502223
230 88 1559.502127
232 88 1559.502031
234 88 1559.501938
236 88 1559.501846
238 88 1559.501757
240 88 1559.501671
242 88 1559.501589
244 88 1559.501510
246 88 1559.501435
248 88 1559.501365
250 88 1559.501300
252 88 1559.501240
254 88 1559.501186
256 88 1559.501137
258 88 1559.501094
260 88 1559.501058
262 88 1559.501028
264 88 1559.501004
266 88 1559.500987
268 88 1559.500977
270 88 1559.500974
272 88 1559.500977
274 88 1559.500987
276 88 1559.501004
278 88 1559.501028
280 88 1559.501058
282 88 1559.501094
284 88 1559.501137
286 88 1559.501186
288 88 1559.501240
290 88 1559.501300
292 88 1559.501365
294 88 1559.501435
296 88 1559.501510
298 88 1559.501589
300 88 1559.501671
302 88 1559.501757
304 88 1559.501846
306 88 1559.501938
308 88 1559.502031
310 88 1559.502127
312 88 1559.502223
314 88 1559.502320
316 88 1559.502418
318 88 1559.502515
320 88 1559.502611
322 88 1559.502707
324 88 1559.502800
326 88 1559.502892
328 88 1559.502981
330 88 1559.503067
332 88 1559.503149
334 88 1559.503228
336 88 1559.503303
338 88 1559.503373
340 88 1559.503438
342 88 1559.503498
344 88 1559.503552
346 88 1559.503601
348 88 1559.503644
350 88 1559.503680
352 88 1559.503710
354 88 1559.503734
356 88 1559.503751
358 88 1559.503761
360 88 1559.503765
0 90 1559.500000
2 90 1559.500000
4 90 1559.500000
6 90 1559.500000
8 90 1559.500000
10 90 1559.500000
12 90 1559.500000
14 90 1559.500000
16 90 1559.500000
18 90 1559.500000
20 90 1559.500000
22 90 1559.500000
24 90 1559.500000
26 90 1559.500000
28 90 1559.500000
30 90 1559.500000
32 90 1559.500000
34 90 1559.500000
36 90 1559.500000
38 90 1559.500000
40 90 1559.500000
42 90 1559.500000
44 90 1559.500000
46 90 1559.500000
48 90 1559.500000
50 90 1559.500000
52 90 1559.500000
54 90 1559.500000
56 90 1559.500000
58 90 1559.500000
60 90 1559.500000
62 90 1559.500000
64 90 1559.500000
66 90 1559.500000
68 90 1559.500000
70 90 1559.500000
72 90 1559.500000
74 90 1559.500000
76 90 1559.500000
78 90 1559.500000
80 90 1559.500000
82 90 1559.500000
84 90 1559.500000
86 90 1559.500000
88 90 1559.500000
90 90 1559.500000
92 90 1559.500000
94 90 1559.500000
96 90 1559.500000
98 90 1559.500000
100 90 1559.500000
102 90 1559.500000
104 90 1559.500000
106 90 1559.500000
108 90 1559.500000
110 90 1559.500000
112 90 1559.500000
114 90 1559.500000
116 90 1559.500000
118 90 1559.500000
120 90 1559.500000
122 90 1559.500000
124 90 1559.500000
126 90 1559.500000
128 90 1559.500000
130 90 1559.500000
132 90 1559.500000
134 90 1559.500000
136 90 1559.500000
138 90 1559.500000
140 90 1559.500000
142 90 1559.500000
144 90 1559.500000
146 90 1559.500000
148 90 1559.500000
150 90 1559.500000
152 90 1559.500000
154 90 1559.500000
156 90 1559.500000
158 90 1559.500000
160 90 1559.500000
162 90 1559.500000
164 90 1559.500000
166 90 1559.500000
168 90 1559.500000
170 90 1559.500000
172 90 1559.500000
174 90 1559.500000
176 90 1559.500000
178 90 1559.500000
180 90 1559.500000
182 90 1559.500000
184 90 1559.500000
186 90 1559.500000
188 90 1559.500000
190 90 1559.500000
192 90 1559.500000
194 90 1559.500000
196 90 1559.500000
198 90 1559.500000
200 90 1559.500000
202 90 1559.500000
204 90 1559.500000
206 90 1559.500000
208 90 1559.500000
210 90 1559.500000
212 90 1559.500000
214 90 1559.500000
216 90 1559.500000
218 90 1559.500000
220 90 1559.500000
222 90 1559.500000
224 90 1559.500000
226 90 1559.500000
228 90 1559.500000
230 90 1559.500000
232 90 1559.500000
234 90 1559.500000
236 90 1559.500000
238 90 1559.500000
240 90 1559.500000
242 90 1559.500000
244 90 1559.500000
246 90 1559.500000
248 90 1559.500000
250 90 1559.500000
252 90 1559.500000
254 90 1559.500000
256 90 1559.500000
258 90 1559.500000
260 90 1559.500000
262 90 1559.500000
264 90 1559.500000
266 90 1559.500000
268 90 1559.500000
270 90 1559.500000
272 90 1559.500000
274 90 1559.500000
276 90 1559.500000
278 90 1559.500000
280 90 1559.500000
282 90 1559.500000
284 90 1559.500000
286 90 1559.500000
288 90 1559.500000
290 90 1559.500000
292 90 1559.500000
294 90 1559.500000
296 90 1559.500000
298 90 1559.500000
300 90 1559.500000
302 90 1559.500000
304 90 1559.500000
306 90 1559.500000
308 90 1559.500000
310 90 1559.500000
312 90 1559.500000
314 90 1559.500000
316 90 1559.500000
318 90 1559.500000
320 90 1559.500000
322 90 1559.500000
324 90 1559.500000
326 90 1559.500000
328 90 1559.500000
330 90 1559.500000
332 90 1559.500000
334 90 1559.500000
336 90 1559.500000
338 90 1559.500000
340 90 1559.500000
342 90 1559.500000
344 90 1559.500000
346 90 1559.500000
348 90 1559.500000
350 90 1559.500000
352 90 1559.500000
354 90 1559.500000
356 90 1559.500000
358 90 1559.500000
360 90 1559.500000
