p__phase_shift	p__super_colatitude	p__super_radius	p__super_temperature	p__omit_radius	s__phase_shift	s__super_colatitude	s__super_radius	s__super_temperature	s__cede_colatitude	s__cede_azimuth	s__cede_radius	s__cede_temperature
0.4425583	0.1956105	0.3515019	6.121206	0.1226408	0.4712827	2.287761	0.02595256	6.269992	2.300595	0.02164799	0.1758202	5.840130
0.4510639	0.1929537	0.3237149	6.124731	0.1239292	0.4737711	2.317560	0.03417762	6.222580	2.308946	0.02485657	0.2226015	5.754279
0.4510267	0.2360617	0.2900263	6.115373	0.03342522	0.4774836	2.362887	0.03871763	6.216247	2.363531	-0.008634612	0.2842509	5.727976
0.4500810	0.1587789	0.4595389	6.094583	0.1144692	0.4749098	2.447033	0.03220800	6.205143	2.416906	0.008052381	0.2572398	5.689106
0.4385572	0.1413800	0.4033143	6.108227	0.1144412	0.4668726	2.240480	0.02861898	6.232930	2.291018	0.03496337	0.1955096	5.761404
0.4529267	0.2103655	0.3371023	6.110853	0.1523350	0.4761957	2.406642	0.03084616	6.219772	2.412021	0.006100523	0.2097071	5.753776
0.4456600	0.1761823	0.3905892	6.107722	0.2173784	0.4709389	2.336725	0.03137817	6.216885	2.324544	0.03010069	0.2411845	5.717290
0.4450523	0.1858888	0.3123886	6.133208	0.09534039	0.4710702	2.274612	0.03249839	6.239839	2.262329	0.005384161	0.1982776	5.801195
0.4408957	0.1707634	0.3030199	6.141598	0.06868966	0.4688282	2.237725	0.03401377	6.237297	2.192089	0.01164627	0.2090362	5.787635
0.4507968	0.1553464	0.4940766	6.078026	0.2779355	0.4752160	2.472556	0.02860779	6.202465	2.472526	0.0002555397	0.1954039	5.722190
0.4398937	0.1416832	0.4465050	6.090062	0.1938614	0.4689674	2.275811	0.02878477	6.221515	2.257385	0.003054165	0.1911440	5.758438
0.4500913	0.1654867	0.4261844	6.098871	0.1869596	0.4724296	2.410307	0.03011111	6.214262	2.387428	0.05398680	0.2254135	5.718318
0.4504387	0.1660300	0.4301329	6.081792	0.1707351	0.4724035	2.431290	0.02816780	6.211560	2.427654	0.03728338	0.2099042	5.729765
0.4500373	0.1651551	0.4233586	6.113034	0.2132357	0.4761599	2.381129	0.02913059	6.227857	2.453042	0.004667256	0.2078033	5.757527
0.4509673	0.2850611	0.1856948	6.146258	0.04068542	0.4804443	2.347884	0.03071423	6.253882	2.369819	-0.008329491	0.2020045	5.803098
0.4560702	0.1785229	0.3796780	6.100168	0.1687338	0.4781708	2.434382	0.02840715	6.213909	2.435662	0.001270296	0.2060467	5.720268
0.4423233	0.1425347	0.4691758	6.093382	0.2310241	0.4711176	2.375735	0.02898266	6.214123	2.382773	0.01752500	0.2051805	5.733102
0.4470520	0.2336032	0.2595079	6.118279	0.04713168	0.4771005	2.366561	0.03165939	6.238474	2.269430	-0.002368382	0.1950092	5.797678
0.4494325	0.2361009	0.3451179	6.130724	0.2234482	0.4771470	2.425771	0.03056427	6.236815	2.435244	0.008323026	0.2215014	5.757646
0.4516500	0.2260804	0.2698760	6.133505	0.02086262	0.4767211	2.363036	0.03575169	6.230746	2.367442	0.02573993	0.2222898	5.774013
0.4463387	0.1324257	0.5132827	6.080772	0.2812601	0.4726888	2.408402	0.02913190	6.198847	2.402439	-0.01363959	0.2085775	5.712218
0.4513848	0.1589604	0.4905222	6.069766	0.2857105	0.4753341	2.507979	0.02943571	6.181745	2.511913	0.001142975	0.2380772	5.658759
0.4469958	0.1511221	0.4424400	6.080295	0.1860490	0.4738837	2.388248	0.02561778	6.220564	2.390101	-0.02597130	0.1725246	5.765451
0.4381116	0.1341535	0.4549286	6.101090	0.1295888	0.4681612	2.292894	0.03224012	6.208681	2.294025	-0.0003614120	0.2128831	5.741089
0.4508229	0.1851027	0.3577063	6.100830	0.07239061	0.4744688	2.400441	0.03120096	6.217507	2.333137	0.02248521	0.2037480	5.751315
0.4485324	0.1663036	0.4473767	6.088829	0.1002264	0.4756463	2.426109	0.03100727	6.213916	2.413672	0.007442173	0.1991030	5.758209
0.4461928	0.1596375	0.4089410	6.101196	0.1810291	0.4730482	2.401142	0.02714170	6.230887	2.399969	-0.001990035	0.1932081	5.762479
0.4497591	0.2562418	0.2253219	6.136597	0.02844453	0.4757944	2.350140	0.03465871	6.239413	2.311702	0.007114526	0.2320003	5.774703
0.4423052	0.1359719	0.5073331	6.082698	0.3023413	0.4671257	2.445428	0.02876454	6.196080	2.424703	0.01733404	0.1947482	5.711981
0.4512634	0.1772189	0.4597941	6.098565	0.3030941	0.4778300	2.468213	0.02649817	6.235585	2.453957	-0.01194590	0.1827563	5.781730
0.4495301	0.1963831	0.3468236	6.101111	0.07869499	0.4743611	2.420756	0.03382216	6.201708	2.378146	0.02385626	0.2148597	5.724220
0.4502978	0.1994087	0.3815509	6.093349	0.06200142	0.4755476	2.447990	0.03508969	6.200431	2.380207	0.01543047	0.2440300	5.705416
0.4467311	0.1629267	0.3769277	6.106589	0.07075902	0.4726743	2.341874	0.03330792	6.208904	2.332045	0.01673893	0.2942653	5.677253
0.4539532	0.1864795	0.3679543	6.118662	0.1565024	0.4781783	2.399009	0.03083162	6.227817	2.387534	0.0003874833	0.1994016	5.763860
0.4526768	0.1951260	0.4128688	6.095755	0.2209956	0.4777783	2.466336	0.03183775	6.210275	2.412400	-0.03090796	0.2056463	5.741813
0.4498205	0.2308428	0.2717549	6.126248	0.08146613	0.4763246	2.340147	0.03142288	6.231427	2.362647	0.01266867	0.2030741	5.775024
0.4499708	0.1920383	0.3281373	6.114567	0.07191489	0.4743690	2.405537	0.03246139	6.218464	2.360624	0.04661912	0.2361433	5.728257
0.4328507	0.1572745	0.3220624	6.136631	0.05067493	0.4674389	2.140346	0.03348179	6.241575	2.115114	-0.004476448	0.2277857	5.769937
0.4471099	0.1397343	0.4725685	6.088926	0.2697883	0.4726657	2.364359	0.02911562	6.198142	2.388432	0.009037423	0.2127622	5.700421
0.4525937	0.2381734	0.3229692	6.111312	0.1933228	0.4769286	2.467121	0.02911536	6.229848	2.401237	0.01263797	0.1961216	5.763654
0.4434826	0.1352212	0.3978875	6.116527	0.07442637	0.4708572	2.256194	0.02465493	6.253379	2.265080	-0.003138277	0.1623370	5.802725
0.4487709	0.1671762	0.4172713	6.114323	0.2369438	0.4717042	2.402374	0.03192974	6.212454	2.384266	0.04602990	0.2101894	5.740121
0.4449001	0.1599459	0.4588088	6.098796	0.2685235	0.4711505	2.412954	0.02906645	6.213117	2.433654	-0.001644750	0.1928937	5.740957
0.4501141	0.2315831	0.2945106	6.128892	0.1366532	0.4775154	2.378313	0.03305768	6.227360	2.365048	0.004728033	0.2371263	5.735917
0.4468220	0.1443179	0.4896377	6.090003	0.2288731	0.4734410	2.412964	0.03275646	6.192746	2.424377	-0.02134184	0.2259102	5.702786
0.4447944	0.1634577	0.4151875	6.103208	0.1024534	0.4735657	2.325793	0.03729024	6.201129	2.322429	0.002087538	0.2798891	5.691917
0.4537161	0.2074355	0.3220762	6.129861	0.1457243	0.4760987	2.425045	0.03171179	6.226998	2.430583	0.03780186	0.2006663	5.769027
0.4435870	0.1691565	0.3754104	6.119683	0.1419622	0.4690247	2.310117	0.03379066	6.217035	2.299403	0.02679651	0.2258714	5.742155
0.4486328	0.1248624	0.5374299	6.077034	0.2741832	0.4711291	2.462820	0.02743287	6.195756	2.389746	0.02744857	0.1935266	5.700138
0.4478632	0.1682967	0.4088609	6.088325	0.1325543	0.4723063	2.451313	0.03208495	6.191213	2.389821	0.05916422	0.2262449	5.687801
0.4505387	0.2657672	0.2041189	6.155403	0.07378157	0.4754707	2.308960	0.03573441	6.236267	2.270343	0.01983815	0.2420214	5.757658
0.4469783	0.2167315	0.2729203	6.130768	0.02359110	0.4745598	2.293382	0.03921432	6.218448	2.236048	0.004297616	0.2462495	5.753495
0.4445652	0.1631302	0.4227875	6.107339	0.08664393	0.4735442	2.334125	0.03050806	6.239825	2.299571	0.01090828	0.2150413	5.774224
0.4487202	0.1644826	0.4307382	6.084044	0.03047171	0.4750177	2.434976	0.03253064	6.199690	2.369808	-0.01656361	0.2292921	5.710338
0.4467758	0.1970167	0.3703833	6.116515	0.1405836	0.4735844	2.380672	0.03078095	6.238135	2.365840	0.001800116	0.1911953	5.794035
0.4345868	0.1518018	0.4143116	6.107120	0.01567098	0.4690957	2.233973	0.03214329	6.242248	2.116239	-0.04117978	0.2068762	5.802861
0.4480242	0.1719794	0.3582302	6.109672	0.04795704	0.4732871	2.310153	0.03039543	6.227478	2.276081	0.01028696	0.1798977	5.791873
0.4355422	0.1155909	0.5172728	6.088785	0.2838826	0.4644332	2.284291	0.02824974	6.209082	2.254921	-0.01085471	0.1851338	5.746781
0.4353255	0.1391341	0.4259137	6.102682	0.02062859	0.4657647	2.236662	0.02916116	6.227593	2.218946	0.02160426	0.1867688	5.776574
0.4521385	0.1916556	0.3454471	6.109717	0.1001894	0.4776071	2.404426	0.02459939	6.256302	2.399635	-0.002840145	0.1673408	5.807944
0.4454796	0.1458723	0.4701304	6.085067	0.2466443	0.4735003	2.455278	0.02767701	6.204543	2.386001	-0.01624385	0.1690563	5.744739
0.4492713	0.1767841	0.3750598	6.106100	0.1251276	0.4759251	2.387368	0.03055428	6.219719	2.364677	0.006787339	0.1761826	5.778821
0.4528004	0.1807054	0.4076051	6.090797	0.09093439	0.4767347	2.435593	0.02923967	6.223818	2.395099	-0.005706036	0.2005761	5.756636
0.4475963	0.1981398	0.3553161	6.122236	0.07598250	0.4751312	2.378275	0.03122437	6.247326	2.386147	0.003316115	0.2108064	5.797667
0.4497087	0.2050997	0.4096839	6.104229	0.2920699	0.4756903	2.500197	0.02695984	6.225366	2.451793	0.0005736269	0.1808543	5.764502
0.4348552	0.1113221	0.5193271	6.074640	0.1579962	0.4631674	2.346534	0.02517980	6.214476	2.203973	0.02200585	0.1778490	5.733949
0.4404227	0.1528373	0.4278629	6.095714	0.02465409	0.4695468	2.318304	0.03479035	6.204256	2.249872	0.009891877	0.2561371	5.709952
0.4492772	0.1992769	0.4048546	6.100653	0.2595569	0.4777608	2.456829	0.02777634	6.218594	2.467524	-0.01458084	0.1808018	5.762129
0.4463174	0.1632834	0.3733738	6.114008	0.1858989	0.4720667	2.334951	0.03134690	6.211726	2.307832	0.02993957	0.2047149	5.737082
0.4318877	0.1260771	0.4220938	6.109223	0.07555018	0.4647514	2.162774	0.03126896	6.222985	2.155903	0.02790511	0.2188515	5.745425
0.4440003	0.1385975	0.5045161	6.071540	0.2499553	0.4709918	2.399273	0.02978397	6.189415	2.420945	0.008964173	0.2135864	5.691940
0.4442061	0.1428343	0.4714247	6.084654	0.1418259	0.4707156	2.369391	0.02974600	6.210481	2.377187	-0.009510753	0.1963805	5.745478
0.4506805	0.2110058	0.3451084	6.105541	0.1984589	0.4764725	2.409004	0.02749434	6.227486	2.380716	0.003405289	0.1876368	5.764802
0.4496853	0.1484742	0.5005743	6.075231	0.3126557	0.4736308	2.495453	0.02587708	6.209726	2.462586	0.02152228	0.1663069	5.747178
0.4464934	0.1652306	0.4728071	6.074641	0.2503123	0.4741361	2.444678	0.03078039	6.194133	2.421109	0.005814562	0.2266606	5.695322
0.4518075	0.1787013	0.4316488	6.081945	0.2350882	0.4742167	2.458410	0.02816576	6.211515	2.443587	0.006155582	0.1926373	5.743526
0.4540322	0.2285216	0.2661634	6.140655	0.1089501	0.4787698	2.383274	0.02807828	6.254320	2.378931	0.003876375	0.1712224	5.822443
0.4479122	0.1667982	0.3966913	6.107079	0.1072205	0.4748728	2.369558	0.03266935	6.219246	2.340236	-0.01576112	0.2368784	5.735558
0.4514439	0.1985510	0.3708763	6.107259	0.1881488	0.4765357	2.409063	0.03067547	6.219503	2.398553	-0.002789626	0.1912819	5.768854
0.4519504	0.2064461	0.4204297	6.103404	0.3108996	0.4768513	2.485987	0.02923944	6.206435	2.489287	0.004269890	0.2238741	5.706273
0.4513850	0.2652842	0.2073697	6.155624	0.05101261	0.4802198	2.327372	0.03482740	6.247321	2.304999	-0.03463469	0.2189483	5.797689
0.4498444	0.2198748	0.3137175	6.118805	0.1445784	0.4775191	2.387487	0.02605574	6.254026	2.388113	-0.01396115	0.1790428	5.806658
0.4501077	0.1952979	0.4022441	6.116633	0.2725628	0.4745152	2.416486	0.03317824	6.207997	2.410176	0.02237726	0.2176990	5.733718
0.4467820	0.1756367	0.3796550	6.106171	0.06796805	0.4734355	2.348700	0.03400877	6.214276	2.340925	-0.0006445182	0.2467404	5.732399
0.4508137	0.1880133	0.3957810	6.107391	0.1636785	0.4761125	2.404650	0.03372301	6.219166	2.393243	0.01299152	0.2507631	5.730174
0.4454850	0.1931861	0.3405736	6.130551	0.05178243	0.4737484	2.311603	0.03501632	6.241335	2.308179	0.008471455	0.2335503	5.781944
0.4504738	0.2004510	0.3385760	6.120354	0.09302979	0.4788307	2.414358	0.03113237	6.233204	2.399061	0.01211683	0.2005016	5.777045
0.4376222	0.1568412	0.3983332	6.106475	0.07809159	0.4703465	2.283740	0.03289147	6.228520	2.131579	-0.02309142	0.2045195	5.783163
0.4529170	0.2335503	0.2829849	6.122003	0.05436043	0.4808301	2.392488	0.03131412	6.243779	2.364711	-0.009672269	0.2202162	5.776996
0.4414326	0.1331194	0.4615300	6.094473	0.06344002	0.4712901	2.324167	0.03158240	6.205590	2.295017	-0.02012170	0.2266614	5.712147
0.4530288	0.1855906	0.3387844	6.122870	0.08055973	0.4765759	2.408933	0.03187327	6.225481	2.382557	0.002458611	0.2110720	5.755776
0.4492793	0.1654258	0.4185484	6.109572	0.2272015	0.4733346	2.386315	0.03073644	6.215522	2.414342	0.003628809	0.2103726	5.740670
0.4378099	0.1200929	0.5329192	6.070862	0.1882657	0.4665693	2.374882	0.02566297	6.203843	2.350574	0.01223257	0.1714308	5.732495
0.4441712	0.1446929	0.4516939	6.089940	0.1367722	0.4728622	2.402574	0.03175549	6.195779	2.372853	0.01413999	0.2198443	5.703706
0.4469840	0.1351359	0.5391458	6.068339	0.2206387	0.4738422	2.467453	0.03048312	6.179853	2.445101	0.001248815	0.2291461	5.665240
0.4443733	0.1735512	0.3627837	6.122841	0.1152919	0.4724172	2.320972	0.03096177	6.238529	2.342598	0.02095219	0.2000524	5.782458
0.4435768	0.1477857	0.4129572	6.106706	0.09296474	0.4696392	2.336948	0.03499638	6.195005	2.283657	0.05962739	0.2660725	5.674791
0.4450433	0.1554177	0.3808071	6.106913	0.07811724	0.4719759	2.310982	0.03262804	6.210952	2.305742	0.01546653	0.2239628	5.718113
0.4475134	0.1709556	0.4340300	6.097558	0.2067275	0.4738150	2.402584	0.02876389	6.230387	2.400499	-0.008431034	0.1868469	5.779459
0.4379259	0.1414391	0.3846629	6.112795	0.09303454	0.4660353	2.232822	0.03058096	6.228697	2.184827	0.03616757	0.2171887	5.741534
0.4484387	0.1777160	0.4285178	6.086066	0.1499878	0.4747389	2.415132	0.03501374	6.192458	2.395238	0.01577831	0.2722718	5.678223
0.4484182	0.1543369	0.4441597	6.094460	0.1686890	0.4717159	2.420614	0.02674439	6.229692	2.402309	0.02199633	0.1760934	5.775405
0.4522261	0.2152376	0.3262720	6.128927	0.2123931	0.4781368	2.408228	0.02627154	6.240756	2.408392	-0.001732819	0.1643471	5.800954
0.4528128	0.2431832	0.2584985	6.136819	0.05401104	0.4785443	2.370311	0.03132123	6.256651	2.340272	-0.01106522	0.2112956	5.802433
0.4478468	0.1791276	0.3621732	6.099561	0.09714330	0.4753226	2.383056	0.03052126	6.216368	2.377939	0.002761667	0.1998378	5.741518
0.4407737	0.1377446	0.4809084	6.088437	0.2264584	0.4688986	2.383969	0.02662236	6.216371	2.387388	-0.005018139	0.1727753	5.755956
0.4474514	0.2042430	0.3171870	6.108196	0.1103543	0.4747073	2.366428	0.02782032	6.242895	2.285393	0.008439489	0.1745382	5.803536
0.4433486	0.1252989	0.5460813	6.073540	0.2407490	0.4703135	2.436351	0.02819983	6.191432	2.408711	0.03485058	0.2051779	5.691147
0.4485046	0.1944874	0.3437412	6.123174	0.07962964	0.4757584	2.370334	0.03488271	6.227314	2.312885	-0.01441799	0.2400063	5.746991
0.4518138	0.1859170	0.3893105	6.103949	0.2028960	0.4772635	2.452004	0.02956280	6.212191	2.422150	0.02538599	0.1946626	5.735105
0.4487448	0.2739192	0.2120404	6.152864	0.07015696	0.4772350	2.339688	0.02975044	6.269825	2.347588	-0.01051647	0.1845717	5.846621
0.4433727	0.1691353	0.3759517	6.105966	0.08732327	0.4700907	2.358587	0.03362440	6.214059	2.232020	0.03454478	0.2154424	5.747397
0.4469889	0.1536868	0.4120797	6.102829	0.01396098	0.4733984	2.384761	0.02922465	6.222069	2.386794	-0.001592082	0.1880632	5.761644
0.4445109	0.1776413	0.3943541	6.104123	0.03780036	0.4729921	2.338020	0.03562115	6.210670	2.362394	0.006187148	0.2477162	5.732994
0.4446656	0.1889082	0.3455113	6.124195	0.03303898	0.4723387	2.310922	0.03589677	6.228526	2.272456	0.01769919	0.2215710	5.776518
0.4470082	0.1956114	0.3215837	6.124699	0.06915043	0.4741089	2.320560	0.03714198	6.215797	2.271256	0.01250875	0.2618688	5.729621
0.4432307	0.1292214	0.4670603	6.085154	0.1617840	0.4702892	2.375204	0.02787666	6.206407	2.335167	0.008979127	0.1724218	5.746717
0.4490058	0.1931724	0.3231663	6.116433	0.09223189	0.4765043	2.341874	0.02878925	6.242612	2.345805	0.005026202	0.2095486	5.770043
0.4392543	0.1167424	0.5303887	6.084700	0.1724344	0.4668563	2.326696	0.02966585	6.202359	2.323747	0.001289971	0.2190226	5.708354
0.4466658	0.1707117	0.3696744	6.119500	0.1416194	0.4740017	2.359754	0.03326919	6.214079	2.331514	0.02582450	0.2251512	5.726872
0.4500480	0.1555860	0.4629252	6.079464	0.2407216	0.4731600	2.455887	0.02647016	6.214357	2.455712	0.0002348466	0.2004371	5.724831
0.4431477	0.1562818	0.4259255	6.104757	0.1457297	0.4729905	2.348874	0.03129623	6.222996	2.322638	-0.03428850	0.1986919	5.768763
0.4465063	0.1758729	0.4268790	6.106653	0.2616589	0.4755348	2.418582	0.02958547	6.223682	2.381361	-0.01002808	0.2052585	5.753174
0.4495717	0.2592691	0.2231752	6.137925	0.09475857	0.4760592	2.373735	0.03252338	6.232650	2.318324	0.01699593	0.2312752	5.744766
0.4447940	0.1708953	0.4026330	6.102521	0.04059854	0.4711103	2.332411	0.03256777	6.222629	2.286467	-0.01107604	0.2114930	5.767002
0.4459417	0.1935512	0.3698200	6.118955	0.1658851	0.4738514	2.364596	0.03225333	6.229122	2.364338	-0.0001423525	0.2194134	5.763573
0.4485323	0.2046616	0.3875840	6.121553	0.2495934	0.4774942	2.404709	0.02850490	6.244055	2.357915	-0.01455120	0.1814065	5.803437
0.4411017	0.1354743	0.4264574	6.108942	0.1581839	0.4690130	2.298488	0.02832384	6.225540	2.311452	0.01367244	0.2077196	5.736050
0.4461227	0.1582560	0.4247444	6.107810	0.2520442	0.4716107	2.403065	0.02737491	6.223566	2.369561	0.01128125	0.1812312	5.759064
0.4455683	0.1736240	0.3392179	6.121605	0.06918711	0.4732543	2.283366	0.03249640	6.228803	2.288877	0.0002314583	0.2066656	5.765201
0.4452076	0.1512923	0.4484958	6.098754	0.2118031	0.4731580	2.408846	0.02856029	6.222250	2.385584	-0.02326591	0.1925295	5.752352
0.4502619	0.1945756	0.3332633	6.110479	0.05944147	0.4755442	2.359510	0.03249111	6.228826	2.318840	0.001714012	0.2017863	5.780669
0.4513133	0.2329252	0.3433131	6.131769	0.2295386	0.4781782	2.413999	0.02990802	6.235809	2.405065	0.001160726	0.1971699	5.777757
0.4509535	0.2163949	0.2880161	6.129385	0.01559892	0.4771711	2.332539	0.03651303	6.230812	2.320528	0.01056976	0.2352556	5.771070
0.4507196	0.1885343	0.3776643	6.108773	0.08029639	0.4768833	2.396156	0.03449719	6.212758	2.368976	0.002619237	0.2254417	5.737442
0.4456410	0.1322950	0.5023899	6.075414	0.2885439	0.4698332	2.420022	0.02803822	6.193831	2.324678	0.03549651	0.2002719	5.698092
0.4335628	0.1279335	0.4876333	6.091882	0.2265494	0.4659142	2.319008	0.02913937	6.217191	2.262822	0.01330805	0.1862167	5.765144
0.4422754	0.1189021	0.5244425	6.077320	0.1576999	0.4662377	2.406878	0.02571764	6.201075	2.337607	0.01907110	0.1816497	5.703380
0.4341128	0.1290200	0.4376990	6.122568	0.05252769	0.4673014	2.165231	0.03184205	6.243602	2.163548	0.001795997	0.2121733	5.793752
0.4462701	0.1746297	0.3796983	6.115718	0.07275333	0.4757012	2.330244	0.03432181	6.231782	2.259897	0.003250155	0.2241869	5.774616
0.4525086	0.2132860	0.3974635	6.123932	0.2934358	0.4772805	2.467014	0.02947521	6.217921	2.477972	0.01440366	0.1918747	5.752678
0.4499878	0.1625351	0.4564079	6.083389	0.1704669	0.4731278	2.420773	0.03111642	6.203134	2.423541	-0.002724345	0.2105250	5.730127
0.4357611	0.1301149	0.4499342	6.101925	0.08597909	0.4693932	2.213155	0.03071333	6.222510	2.203860	-0.002262872	0.1965805	5.770797
0.4476856	0.1694845	0.4011298	6.095338	0.1135704	0.4747260	2.399194	0.03080401	6.209533	2.395156	-0.004743485	0.1971940	5.742249
0.4452542	0.1514154	0.5035826	6.069792	0.2213695	0.4719581	2.454433	0.02837998	6.202973	2.398653	-0.002212467	0.1877019	5.733716
0.4462683	0.1836769	0.3495287	6.110110	0.04205777	0.4752527	2.305201	0.03548311	6.215729	2.217966	-0.006043678	0.2470165	5.728219
0.4361892	0.1234862	0.4133777	6.116859	0.1009735	0.4661351	2.152945	0.03042984	6.231156	2.156869	0.001516710	0.2006435	5.767065
0.4433493	0.1620214	0.4048965	6.107549	0.1117023	0.4718539	2.388105	0.03641913	6.202707	2.313704	0.01091110	0.2435220	5.713798
0.4476424	0.1670293	0.4046109	6.110927	0.09102000	0.4726782	2.373055	0.03515307	6.210612	2.338623	0.006765555	0.2333675	5.736434
0.4518189	0.1947833	0.4170552	6.108112	0.2988536	0.4782304	2.462837	0.02516677	6.236248	2.436902	-0.01751329	0.1566305	5.798581
0.4466410	0.1764781	0.3678374	6.112909	0.1812116	0.4734893	2.388565	0.03308882	6.209008	2.336128	0.02630119	0.2222359	5.723750
0.4295827	0.1220598	0.4406882	6.100074	0.02447508	0.4657410	2.176667	0.03054540	6.224456	2.129117	-0.03240371	0.2076879	5.756946
0.4378166	0.1353815	0.4582288	6.094988	0.1428907	0.4666103	2.341441	0.02565884	6.232597	2.325736	0.01194298	0.1730566	5.772953
0.4429963	0.1510293	0.4413981	6.091943	0.09738416	0.4700341	2.337704	0.02671175	6.229789	2.321763	0.007964988	0.1698236	5.786144
0.4454261	0.1531097	0.4460591	6.093063	0.1724855	0.4734039	2.383973	0.03238790	6.208992	2.327896	0.01113896	0.2438599	5.709649
0.4418813	0.1312834	0.4903135	6.085113	0.2992557	0.4679120	2.380418	0.02845366	6.193060	2.380659	0.02361189	0.1921570	5.704761
0.4393153	0.1337526	0.5070536	6.088226	0.2501253	0.4666772	2.390825	0.02866364	6.212781	2.360023	0.03638019	0.1928825	5.747574
0.4486258	0.1628545	0.4115327	6.112541	0.1487441	0.4733339	2.331262	0.03409719	6.216036	2.313502	0.02718363	0.2365863	5.733047
0.4533119	0.2184661	0.3258954	6.113198	0.1735485	0.4779546	2.408103	0.03036228	6.218583	2.403609	0.003067863	0.1855833	5.770041
0.4474961	0.1551703	0.4582445	6.093365	0.2819031	0.4704013	2.438994	0.02710092	6.213109	2.424306	0.03276795	0.1821915	5.744186
0.4348423	0.1441471	0.3727139	6.125070	0.05977778	0.4674478	2.208163	0.03514146	6.226036	2.063196	-0.004000847	0.2178275	5.774125
0.4468496	0.1696693	0.3636754	6.117308	0.04611486	0.4724501	2.339418	0.03904570	6.199414	2.276494	0.04598964	0.3007256	5.675822
0.4510220	0.2036172	0.3558626	6.121544	0.1758085	0.4777968	2.427892	0.03091144	6.234453	2.382547	-0.006616232	0.2127070	5.766432
0.4385524	0.1478691	0.3884721	6.107167	0.07946832	0.4681549	2.241055	0.02945649	6.234610	2.206617	0.009974950	0.1879039	5.783867
0.4451541	0.1489190	0.4409138	6.098092	0.1687387	0.4727278	2.386584	0.02756269	6.229820	2.358165	-0.02232444	0.1896309	5.767905
0.4470642	0.1614460	0.4140314	6.094715	0.09234174	0.4757576	2.372145	0.03033853	6.218530	2.337986	-0.03221740	0.1906813	5.765439
0.4496280	0.2312773	0.3088616	6.125582	0.1482100	0.4767276	2.371205	0.02975425	6.244770	2.378142	-0.001839002	0.1870542	5.804686
0.4525902	0.1929209	0.3543553	6.109775	0.1522539	0.4767752	2.423317	0.02990578	6.223202	2.398375	0.002198695	0.1951123	5.753992
0.4449046	0.1552427	0.4166358	6.099843	0.1483010	0.4715134	2.328133	0.03276519	6.213372	2.289131	0.008860540	0.2448251	5.720698
0.4530072	0.1633261	0.4576354	6.087750	0.2616473	0.4777991	2.485273	0.02831638	6.203551	2.486051	-0.01928804	0.1932143	5.716999
0.4451099	0.1676569	0.3723025	6.104091	0.1438461	0.4718702	2.324815	0.02736039	6.239223	2.289310	-0.003815215	0.1838832	5.784660
0.4360375	0.1186219	0.5169894	6.091723	0.1977414	0.4654718	2.328084	0.02585399	6.229129	2.323157	0.001105920	0.1679049	5.779235
0.4499128	0.1769911	0.3882535	6.096367	0.1421372	0.4741184	2.410113	0.03298344	6.202549	2.390186	0.01264629	0.2324052	5.708014
0.4276583	0.1138885	0.4782574	6.090834	0.09184980	0.4632262	2.170027	0.02771249	6.227601	2.112947	-0.01607409	0.1848229	5.771229
0.4398431	0.1427715	0.4501577	6.092170	0.2126545	0.4701298	2.362129	0.02653837	6.223153	2.335843	-0.002928893	0.1770661	5.763317
0.4433154	0.1243925	0.4830165	6.084924	0.2268416	0.4692898	2.352728	0.02858320	6.200066	2.332998	0.003515712	0.2085835	5.701438
0.4405568	0.1633434	0.3897897	6.119852	0.05012836	0.4707976	2.249979	0.03381407	6.232993	2.271430	0.006021829	0.2268550	5.776254
0.4539968	0.2174603	0.3257301	6.122362	0.1747192	0.4792166	2.426400	0.03006748	6.232910	2.401403	-0.003469719	0.1864118	5.784948
0.4383054	0.1356350	0.4198899	6.113517	0.1485787	0.4683265	2.221523	0.02704301	6.249209	2.208252	0.004931585	0.1774523	5.805727
0.4478965	0.2005855	0.3032454	6.139012	0.07540754	0.4753874	2.282776	0.03495004	6.244068	2.256616	0.002052560	0.2258423	5.789816
0.4461493	0.2018759	0.2719538	6.143143	0.03407010	0.4738128	2.247445	0.03778260	6.233351	2.240810	0.006274007	0.2547852	5.753686
0.4520128	0.2037835	0.3564549	6.122722	0.2114600	0.4787730	2.449286	0.02707893	6.238845	2.448726	0.008639063	0.1774952	5.791782
0.4276229	0.1154093	0.4515885	6.107846	0.1626635	0.4648869	2.216109	0.02928296	6.227171	2.151280	-0.01874423	0.1892789	5.772807
0.4497617	0.1708889	0.4119068	6.104834	0.2448144	0.4729155	2.438297	0.02862770	6.209316	2.480363	0.05756069	0.2040267	5.719337
0.4316782	0.1245222	0.4491544	6.106237	0.1719813	0.4648073	2.217656	0.02703990	6.240381	2.211419	-0.01620687	0.1754304	5.798170
0.4469928	0.2051219	0.3130640	6.127714	0.06753326	0.4748648	2.349616	0.03624905	6.220330	2.322578	0.01340699	0.2626415	5.725180
0.4409643	0.1333633	0.4402112	6.109064	0.1029066	0.4679886	2.324873	0.02950765	6.219966	2.314217	0.01350941	0.2127485	5.725309
0.4499107	0.2162382	0.3311784	6.118270	0.03022914	0.4776261	2.364732	0.03400424	6.236974	2.362983	0.005509142	0.2204142	5.786659
0.4453386	0.1375871	0.4888308	6.076386	0.2677474	0.4715170	2.425824	0.02549635	6.212740	2.418624	-0.001904142	0.1808808	5.730958
0.4458857	0.1736370	0.3677529	6.113880	0.1585266	0.4721705	2.371120	0.03208741	6.210460	2.382530	0.02579508	0.2297579	5.711672
0.4511106	0.2116866	0.3222102	6.117208	0.05627054	0.4774900	2.402433	0.02917593	6.250674	2.322591	-0.008116515	0.1725269	5.832609
0.4443267	0.1505274	0.4970061	6.077909	0.2225094	0.4738178	2.429903	0.02850558	6.209517	2.402967	-0.01902731	0.1938029	5.738994
0.4474131	0.2021247	0.2993488	6.119566	0.02187076	0.4749590	2.334113	0.03031760	6.247508	2.281745	-0.001528024	0.2049742	5.791539
0.4500559	0.1938538	0.3895046	6.113796	0.2543292	0.4751609	2.416067	0.02650688	6.234437	2.436392	0.02018460	0.1750437	5.778788
0.4473144	0.1907366	0.3117876	6.130977	0.03962446	0.4758131	2.361239	0.03332382	6.226964	2.331108	0.00005571871	0.2163972	5.758621
0.4501542	0.1752727	0.4038589	6.090211	0.1572139	0.4745266	2.432051	0.02714290	6.219950	2.394436	0.01443375	0.1815944	5.753001
0.4466464	0.1553033	0.4264412	6.086521	0.1759282	0.4708217	2.414496	0.03009326	6.202642	2.329451	0.004648784	0.2217060	5.702736
0.4461818	0.1564525	0.4433015	6.100594	0.2505290	0.4735415	2.410693	0.02852129	6.213284	2.408501	-0.01032228	0.2021579	5.729834
0.4469836	0.1730435	0.3924267	6.104398	0.04674357	0.4740494	2.357784	0.02821459	6.246357	2.311662	-0.01520770	0.1847191	5.802441
0.4467581	0.2033590	0.3516086	6.118972	0.1912185	0.4743108	2.372575	0.03050325	6.228500	2.340419	0.005966245	0.2042675	5.762254
0.4536539	0.2250775	0.2955048	6.133443	0.1253693	0.4801570	2.431467	0.02932972	6.245838	2.412690	-0.01374282	0.1961306	5.786172
0.4335969	0.1380068	0.4149931	6.117109	0.1066123	0.4676466	2.210148	0.03063264	6.239865	2.174974	-0.03181560	0.2012846	5.784926
0.4401109	0.1367205	0.4494449	6.101858	0.1682400	0.4682815	2.349071	0.02766803	6.227823	2.347197	0.01673740	0.1766537	5.777252
0.4440870	0.1291637	0.5392722	6.062117	0.3028949	0.4692420	2.441936	0.02581091	6.193383	2.436940	0.01040295	0.1775667	5.711504
0.4541481	0.2128496	0.3436303	6.111876	0.1830290	0.4783816	2.452212	0.02546551	6.246895	2.435929	0.01240209	0.1609853	5.811708
0.4433804	0.1275502	0.5125648	6.074799	0.1845486	0.4695363	2.386067	0.02705317	6.205388	2.373608	0.005330828	0.1914792	5.720433
0.4478452	0.1886839	0.3831215	6.106300	0.1566593	0.4754468	2.374621	0.03031622	6.230360	2.370750	0.0007414680	0.2054628	5.765943
0.4493679	0.2242552	0.3450737	6.135003	0.2507369	0.4762138	2.426320	0.02751038	6.238448	2.394348	0.003586570	0.1858858	5.778296
0.4423590	0.1474414	0.4368723	6.099535	0.1721118	0.4685286	2.307813	0.02867920	6.225163	2.304840	0.01723208	0.2019375	5.750552
0.4509422	0.1886813	0.3517600	6.108781	0.07809936	0.4766475	2.392666	0.03131829	6.228574	2.359158	0.002687822	0.2002986	5.773807
0.4449085	0.1458911	0.4524491	6.093865	0.09133812	0.4712245	2.348358	0.03331903	6.199147	2.311397	0.03555574	0.2440269	5.695445
0.4427106	0.1809646	0.3194591	6.123767	0.02224012	0.4702250	2.294098	0.02875008	6.256619	2.209061	0.01088531	0.1748048	5.825464
0.4487075	0.2145924	0.2989149	6.120832	0.1092739	0.4762210	2.408029	0.02747542	6.251283	2.288258	-0.002372339	0.1742687	5.806044
0.4479262	0.1664964	0.3755364	6.106526	0.1178330	0.4757275	2.343057	0.02841200	6.227046	2.362680	-0.01248675	0.1967887	5.752650
0.4463842	0.1635533	0.3853506	6.112117	0.06379337	0.4738764	2.370128	0.02612128	6.253164	2.318823	-0.009189511	0.1639988	5.815854
0.4518448	0.1933721	0.3856424	6.091387	0.07340478	0.4770353	2.425135	0.03217685	6.212383	2.403849	-0.004849000	0.2228668	5.733766
0.4455789	0.1816806	0.3558970	6.123129	0.07574559	0.4748358	2.313044	0.03195013	6.239648	2.314079	0.004607389	0.2080262	5.785037
0.4405628	0.1424286	0.4482886	6.105147	0.1864701	0.4679440	2.330284	0.03033490	6.219001	2.328066	0.04406812	0.1914446	5.766028
0.4455652	0.1553173	0.4503753	6.096381	0.2373453	0.4734786	2.401678	0.02754775	6.222338	2.411905	-0.01061322	0.1802613	5.766613
0.4486520	0.1709878	0.4083795	6.100653	0.05643991	0.4747070	2.391920	0.03266941	6.219687	2.307824	-0.007560015	0.1994406	5.774285
0.4428577	0.1793157	0.3540540	6.122253	0.06756205	0.4725497	2.247663	0.03582567	6.228010	2.236609	-0.01425111	0.2401316	5.761156
0.4502399	0.2087876	0.3488949	6.122529	0.06738437	0.4791295	2.399637	0.03345470	6.240557	2.390311	-0.004913778	0.2257113	5.787027
0.4482919	0.1724045	0.3657262	6.118787	0.03167123	0.4732100	2.372191	0.03396491	6.220192	2.291182	0.01727311	0.2249503	5.746770
0.4498652	0.1630038	0.3972493	6.100508	0.1180194	0.4735340	2.363259	0.02764039	6.228601	2.363514	-0.003068219	0.1826638	5.764575
0.4523104	0.1882764	0.3754742	6.106996	0.1947197	0.4773357	2.398560	0.03192716	6.206702	2.410977	-0.002893235	0.2272696	5.713631
0.4452018	0.1574342	0.3914360	6.114257	0.1371401	0.4708374	2.344129	0.02930092	6.231510	2.344034	0.001243611	0.2054157	5.753661
0.4423738	0.1610935	0.3552383	6.126981	0.08396891	0.4693807	2.268086	0.03465835	6.220467	2.284753	0.01724754	0.2591377	5.712478
0.4481416	0.1964188	0.3395168	6.123773	0.1522039	0.4738804	2.379458	0.02938936	6.235980	2.376298	0.008190308	0.1714715	5.806529
0.4525086	0.2327209	0.2681628	6.135806	0.05362247	0.4791358	2.407440	0.03300428	6.240634	2.347457	-0.0009704080	0.2254040	5.769381
0.4404946	0.1392596	0.4674825	6.113419	0.2345535	0.4702130	2.314771	0.03037270	6.228883	2.336242	-0.009681325	0.2090017	5.760653
0.4410429	0.1605312	0.3716934	6.117390	0.04701013	0.4697699	2.286285	0.03221158	6.230844	2.272798	0.008871067	0.2062200	5.780190
0.4480058	0.1609403	0.4560118	6.083283	0.2570702	0.4742226	2.470878	0.03214775	6.183903	2.404182	0.01568999	0.2443274	5.662474
0.4519191	0.2019241	0.3467138	6.109705	0.1766600	0.4747085	2.449562	0.03133598	6.211646	2.420463	0.04979095	0.2058967	5.732316
0.4450596	0.1556639	0.3858966	6.108487	0.05225026	0.4706045	2.332412	0.03038319	6.221628	2.297213	0.01046009	0.1982330	5.761672
0.4492713	0.1603783	0.4443413	6.087189	0.2314726	0.4732854	2.414325	0.02849185	6.210120	2.411619	0.005209285	0.1866537	5.748247
0.4470162	0.1574179	0.4243156	6.100761	0.2191406	0.4719829	2.381086	0.02720551	6.224515	2.381209	0.0004464253	0.1966036	5.743618
0.4498046	0.2044324	0.3267811	6.119601	0.1187038	0.4756139	2.393005	0.03334030	6.218023	2.385736	0.01590956	0.2420347	5.721858
0.4445305	0.1538131	0.4289656	6.089049	0.02735930	0.4722642	2.391687	0.02941072	6.209012	2.333587	-0.008649050	0.2063588	5.723172
0.4440535	0.1468025	0.4178746	6.110192	0.1682914	0.4704031	2.306425	0.02902910	6.227475	2.306828	0.02457328	0.1835685	5.779456
0.4429715	0.1491860	0.4241265	6.101671	0.09671513	0.4688305	2.347452	0.03314474	6.201732	2.363174	0.01552410	0.2462146	5.696395
0.4411803	0.1652608	0.3903770	6.122859	0.1791009	0.4705251	2.346010	0.03461653	6.216064	2.308258	0.01583577	0.2390725	5.730580
0.4418283	0.1573151	0.3682591	6.108763	0.02243594	0.4703604	2.235284	0.03346470	6.220977	2.203222	-0.006305073	0.2333690	5.739052
0.4517676	0.1955555	0.4206043	6.103349	0.2699369	0.4771765	2.447315	0.03120794	6.209916	2.434763	0.02068028	0.1956385	5.750257
0.4378019	0.1386329	0.4420259	6.096670	0.06338794	0.4674897	2.262985	0.03233021	6.214378	2.227323	-0.01958703	0.2308641	5.729270
0.4469316	0.1791962	0.3467468	6.123231	0.1047323	0.4723580	2.312321	0.03545412	6.219937	2.255905	0.02425737	0.2387789	5.738204
0.4346251	0.1066894	0.5093490	6.081483	0.2240067	0.4632847	2.300882	0.02502664	6.209084	2.305089	0.002944640	0.1913203	5.704888
0.4361778	0.1313904	0.4541766	6.097024	0.08688618	0.4700102	2.248041	0.02979155	6.226517	2.231017	-0.03513096	0.1941592	5.773960
0.4461219	0.1473501	0.4443012	6.086941	0.1130858	0.4729942	2.385257	0.02945050	6.207318	2.318365	-0.03312831	0.1925435	5.733429
0.4444597	0.1315502	0.4635899	6.097766	0.2262386	0.4706732	2.348729	0.02836287	6.215841	2.312466	-0.02557608	0.1843060	5.749619
0.4508341	0.1932466	0.3436082	6.116768	0.08024467	0.4781496	2.355951	0.03462389	6.222517	2.351250	-0.006755888	0.2422881	5.740045
0.4504504	0.1914672	0.3574641	6.121061	0.1887119	0.4782424	2.408930	0.03177448	6.218720	2.401122	-0.02193315	0.2153415	5.738731
0.4372997	0.1375170	0.4388071	6.106921	0.1111296	0.4689150	2.264382	0.03513466	6.212348	2.226811	0.003555168	0.2491749	5.726010
0.4446858	0.1522767	0.4781577	6.088078	0.2333883	0.4709170	2.397143	0.03423256	6.194163	2.330581	0.01663629	0.2387463	5.702637
0.4492808	0.1590957	0.4603317	6.084471	0.1793099	0.4749527	2.419345	0.03126418	6.212975	2.318791	0.005986673	0.2098589	5.743196
0.4451349	0.1598123	0.4003409	6.093101	0.1107447	0.4734296	2.339305	0.03098227	6.214403	2.287473	-0.01413194	0.2144158	5.736561
0.4464312	0.1765730	0.3517790	6.124404	0.08431742	0.4742545	2.290325	0.03691897	6.217061	2.220606	-0.005667263	0.2416724	5.743213
0.4454684	0.1590817	0.4313319	6.087752	0.1504576	0.4732689	2.353473	0.03000035	6.208668	2.359897	-0.01175879	0.1999963	5.738555
0.4485118	0.1881663	0.3907602	6.104323	0.2174542	0.4747796	2.406658	0.02858594	6.225933	2.368943	-0.009568700	0.1901295	5.764990
0.4491282	0.1741885	0.3914347	6.088257	0.09404407	0.4763536	2.438054	0.02953857	6.212112	2.330768	-0.007937321	0.1829787	5.754716
0.4467867	0.1608546	0.4479105	6.107673	0.2858622	0.4727839	2.393716	0.02687589	6.230945	2.397431	0.009676751	0.1861873	5.763020
0.4355000	0.1451859	0.4266566	6.110924	0.02854286	0.4670500	2.216385	0.03508518	6.224496	2.172379	-0.001398594	0.2312916	5.761359
0.4402963	0.1299758	0.5082642	6.084605	0.2730360	0.4674363	2.334955	0.02780579	6.213243	2.292327	0.009295907	0.2014977	5.727936
0.4421628	0.1363837	0.4534524	6.095224	0.03816890	0.4685030	2.360741	0.02809663	6.218089	2.301532	0.01675268	0.1977285	5.737384
0.4513841	0.2127870	0.3614809	6.105688	0.1329003	0.4787581	2.466276	0.03193509	6.227379	2.419873	-0.01159388	0.2025845	5.774187
0.4364924	0.1189812	0.5612467	6.070623	0.1932874	0.4666687	2.377177	0.02728381	6.202174	2.339346	-0.01217077	0.1810090	5.730788
0.4505369	0.1909619	0.3506116	6.115521	0.1672684	0.4750702	2.380007	0.02767249	6.238463	2.378875	0.0005846322	0.1835020	5.778347
0.4510551	0.2085078	0.3441299	6.109501	0.03952074	0.4770007	2.395072	0.03473208	6.224438	2.356261	0.008109332	0.2193334	5.771910
0.4324479	0.1312822	0.4107162	6.110349	0.04259371	0.4647629	2.231376	0.02986371	6.228780	2.172919	0.01279047	0.2109252	5.754771
0.4351544	0.1540343	0.3848739	6.122125	0.07313352	0.4691657	2.173629	0.03692867	6.225553	2.128307	-0.01978805	0.2432344	5.760967
0.4515781	0.2176646	0.2807990	6.143129	0.06714188	0.4785667	2.330781	0.03500711	6.242098	2.316470	-0.007973162	0.2292898	5.781016
0.4384715	0.1218980	0.5239960	6.071375	0.1911250	0.4684776	2.367275	0.02723033	6.201311	2.339980	-0.01736543	0.1877629	5.730271
0.4425003	0.1292868	0.5176866	6.084288	0.1395367	0.4706733	2.395080	0.02679682	6.221658	2.346088	-0.02008770	0.1713522	5.773743
0.4410817	0.1159078	0.5522306	6.077470	0.3324812	0.4669244	2.402046	0.02837316	6.188029	2.373818	0.03047436	0.2272248	5.660058
0.4314655	0.1197987	0.4601520	6.095100	0.1327694	0.4635759	2.190930	0.02750916	6.230766	2.166723	0.0007577330	0.1879281	5.770138
0.4414370	0.1538781	0.4185558	6.115898	0.1594575	0.4712717	2.316957	0.03270757	6.219758	2.302883	-0.004172970	0.2131978	5.752393
0.4429114	0.1382645	0.4331112	6.101437	0.1174751	0.4708651	2.324943	0.02716789	6.230034	2.321899	0.006014117	0.1889591	5.758620
0.4392353	0.1575022	0.3258112	6.132325	0.05549384	0.4685824	2.241346	0.02583892	6.266353	2.215521	0.008262819	0.1708590	5.822191
0.4511701	0.1914196	0.4200944	6.097119	0.2530812	0.4772967	2.459258	0.02957797	6.219828	2.393753	-0.009322866	0.2083323	5.744247
0.4392006	0.1736486	0.3493446	6.120672	0.05102255	0.4693900	2.250759	0.03145247	6.251715	2.109126	0.005631033	0.1953828	5.816257
0.4481901	0.1821580	0.3803351	6.114133	0.1198704	0.4750922	2.378215	0.03360252	6.227370	2.331572	-0.008670570	0.2191725	5.772501
0.4496774	0.1703036	0.4518265	6.085721	0.1261766	0.4760882	2.484627	0.03120828	6.206099	2.432436	0.006234930	0.2157110	5.726680
0.4509647	0.1915561	0.3422275	6.115417	0.1244868	0.4772760	2.422493	0.03249322	6.220482	2.337060	0.004603755	0.2052251	5.756069
0.4426334	0.1582456	0.4198094	6.100459	0.07652373	0.4719200	2.320155	0.03267471	6.218268	2.310592	0.007991755	0.2190958	5.752877
0.4488527	0.1684736	0.4048302	6.102707	0.1719067	0.4751960	2.370040	0.02902024	6.224486	2.370306	-0.00008875323	0.1885456	5.768733
0.4406371	0.1409054	0.4042513	6.115211	0.1275695	0.4687529	2.295734	0.03157617	6.223020	2.214406	0.04052523	0.2150584	5.744460
0.4441680	0.1510805	0.4224445	6.092324	0.07775683	0.4712287	2.327195	0.02991905	6.213674	2.300733	-0.01188565	0.1989091	5.746826
0.4530055	0.2141618	0.3694915	6.108274	0.2316257	0.4785027	2.471128	0.03143128	6.207361	2.445525	0.007035374	0.2145023	5.726251
0.4434226	0.1693535	0.3922135	6.116549	0.08523235	0.4730680	2.315082	0.03538316	6.228808	2.258519	-0.02486504	0.2265334	5.770109
0.4426609	0.1516972	0.4310210	6.110406	0.2374645	0.4692453	2.354369	0.03054453	6.217046	2.342315	0.001809807	0.2133856	5.728042
0.4457908	0.1838938	0.3465787	6.124464	0.02603686	0.4736608	2.307016	0.03328498	6.238711	2.289989	0.004824789	0.2317867	5.769445
0.4377994	0.1074283	0.5982837	6.056378	0.3133430	0.4671633	2.394702	0.02572427	6.196182	2.291517	-0.02272877	0.1666093	5.733854
0.4414391	0.1557635	0.3537300	6.125909	0.03326698	0.4718302	2.206419	0.03250037	6.237984	2.210323	-0.008765736	0.2187907	5.769853
0.4526270	0.2243561	0.3007709	6.128475	0.1298408	0.4773103	2.416753	0.02777723	6.248459	2.390517	0.009194884	0.1788720	5.804546
0.4465466	0.1504387	0.4639780	6.089181	0.2479788	0.4710456	2.411081	0.03001473	6.206710	2.394405	0.009391036	0.2070896	5.729751
0.4437528	0.1351146	0.4776295	6.085715	0.2375608	0.4712848	2.385390	0.02634991	6.217639	2.363867	0.001319954	0.1800229	5.753500
0.4393728	0.1248295	0.4682103	6.094907	0.1812176	0.4662919	2.320327	0.02766006	6.216354	2.320365	0.02563785	0.1894345	5.746107
0.4443709	0.1439656	0.3954105	6.110037	0.09687802	0.4722888	2.328053	0.02990807	6.215450	2.298996	-0.006885060	0.1986080	5.733147
0.4401374	0.1628841	0.3978540	6.106751	0.06721438	0.4708249	2.293576	0.03032411	6.233793	2.287613	-0.01672784	0.1916201	5.791580
0.4490322	0.1431477	0.5099546	6.061558	0.2640923	0.4720889	2.455084	0.02673806	6.195857	2.397818	-0.0001016063	0.1894813	5.704852
0.4332502	0.1320519	0.4219115	6.112429	0.06509587	0.4672304	2.179325	0.02814598	6.248843	2.136082	-0.01633957	0.1774040	5.815708
0.4528777	0.1912140	0.3729451	6.107666	0.1040152	0.4780158	2.448489	0.02859055	6.235272	2.398579	0.003255787	0.1704242	5.801062
0.4459113	0.1371197	0.4738257	6.085712	0.2545400	0.4722581	2.388025	0.02576129	6.221591	2.378991	-0.01807187	0.1803706	5.745827
0.4412907	0.1396342	0.4397759	6.100548	0.03208183	0.4690834	2.345025	0.03173794	6.203743	2.339089	0.006531050	0.2224999	5.713055
0.4472097	0.1702315	0.3835693	6.107955	0.1409460	0.4758862	2.373693	0.03003004	6.227137	2.301698	-0.02654243	0.1887076	5.778285
0.4455553	0.1473049	0.4514672	6.093904	0.2198665	0.4704144	2.408377	0.03035086	6.205972	2.334177	-0.002133652	0.2011949	5.720277
0.4483736	0.1764568	0.3732956	6.112996	0.1047559	0.4751462	2.387294	0.03130657	6.226113	2.360566	0.01250461	0.1918769	5.776220
0.4405373	0.1450325	0.4294273	6.100314	0.1919125	0.4693221	2.301005	0.02866087	6.224937	2.294712	-0.008053535	0.1768128	5.777710
0.4402771	0.1550900	0.3741500	6.118774	0.09705232	0.4720183	2.242783	0.03161703	6.235028	2.221966	-0.003499185	0.2198448	5.764230
0.4474542	0.1864788	0.3983310	6.106522	0.2228348	0.4745236	2.399163	0.02954699	6.224401	2.394312	-0.004649023	0.1934298	5.766277
0.4468716	0.1780520	0.4026560	6.108697	0.1159739	0.4744502	2.386044	0.03349606	6.221637	2.382569	-0.001467632	0.2134876	5.762126
0.4478698	0.1777602	0.3907116	6.108531	0.09988145	0.4745385	2.416429	0.03440221	6.209874	2.394161	-0.001816120	0.2384761	5.725334
0.4476479	0.1720482	0.4041650	6.108841	0.1564151	0.4737779	2.369020	0.03120010	6.229941	2.363568	-0.009370087	0.1982611	5.782721
0.4507617	0.2268377	0.2856114	6.128363	0.1023233	0.4773406	2.404907	0.03066326	6.239414	2.387277	0.01716527	0.2005463	5.784113
0.4452740	0.1680243	0.3552023	6.122668	0.04470834	0.4725634	2.269495	0.03532086	6.223241	2.243729	-0.006220668	0.2266966	5.757662
0.4459302	0.1504964	0.4411407	6.100533	0.1438522	0.4735782	2.400735	0.03134504	6.212560	2.363911	0.0008338939	0.2093148	5.736892
0.4449233	0.1475698	0.4127691	6.110031	0.1607353	0.4692208	2.355926	0.03228381	6.204900	2.346849	0.05122980	0.2240821	5.706561
0.4399052	0.1463185	0.4200005	6.105985	0.09048525	0.4709384	2.239129	0.03181561	6.227962	2.216674	-0.02416689	0.2171995	5.761173
0.4414822	0.1551721	0.4513434	6.096371	0.2412022	0.4703681	2.385832	0.03132224	6.210072	2.329219	0.001869687	0.1978298	5.751739
0.4441115	0.1531236	0.4249944	6.094988	0.1744448	0.4731881	2.378092	0.02844107	6.215560	2.379161	0.009923913	0.1998692	5.735591
0.4409368	0.1500396	0.4262576	6.103694	0.1783654	0.4699674	2.332339	0.03070860	6.220218	2.283508	-0.002946975	0.2268558	5.730891
0.4362424	0.1129249	0.5257893	6.075285	0.2502240	0.4639513	2.364577	0.02589030	6.195774	2.333657	0.006966502	0.1704604	5.711746
0.4447731	0.1896084	0.3065925	6.127337	0.04031316	0.4739725	2.277082	0.03325857	6.232006	2.281796	-0.01902840	0.2119421	5.775752
0.4537596	0.1993195	0.3330320	6.115039	0.06947528	0.4780259	2.410197	0.03171755	6.227285	2.443795	0.002477637	0.2092117	5.765371
0.4444925	0.1651333	0.3649597	6.126001	0.1402441	0.4703041	2.275918	0.03145097	6.233211	2.286190	0.03573042	0.1992165	5.778902
0.4448435	0.1779791	0.3922662	6.117311	0.2060833	0.4729011	2.375094	0.03009277	6.229416	2.362212	0.02501667	0.2106266	5.754131
0.4428121	0.1546889	0.3519605	6.117731	0.04492461	0.4690469	2.276261	0.03083514	6.227913	2.235596	0.006474424	0.2046826	5.757357
0.4465032	0.1584187	0.3758651	6.107141	0.08298043	0.4701564	2.334936	0.03115444	6.214822	2.312014	0.02868180	0.2359765	5.710387
0.4541377	0.1812993	0.3665342	6.101212	0.1131986	0.4762639	2.415896	0.03075131	6.211479	2.418549	0.01747801	0.2007132	5.739138
0.4452643	0.1744901	0.3972628	6.101405	0.03949463	0.4744161	2.351515	0.03228731	6.229258	2.296043	-0.03345364	0.2104314	5.774189
0.4444590	0.1562809	0.4496796	6.085883	0.1550068	0.4750101	2.399155	0.02848914	6.219893	2.340096	-0.02817189	0.1902343	5.758655
0.4482446	0.1879047	0.3797645	6.108490	0.1789397	0.4753889	2.405209	0.03052778	6.221771	2.404399	-0.0008110463	0.2087284	5.756753
0.4427928	0.1537222	0.4046277	6.111075	0.07127526	0.4702469	2.333605	0.02925731	6.234798	2.254223	0.03577137	0.1942986	5.775715
0.4375167	0.1185111	0.4639722	6.099622	0.1308390	0.4646461	2.268253	0.02716109	6.222272	2.274242	0.02216087	0.1804717	5.757316
0.4420896	0.1274890	0.5357431	6.073074	0.3087508	0.4681038	2.398852	0.02525675	6.208273	2.397332	0.03399377	0.1733013	5.735720
0.4495274	0.1895066	0.3747030	6.101918	0.1464225	0.4740655	2.410807	0.03267282	6.211673	2.395072	0.006880286	0.2422607	5.717501
0.4363697	0.1281690	0.5151725	6.087623	0.1566892	0.4667010	2.327188	0.02869798	6.220837	2.268169	0.003434309	0.1850962	5.773681
0.4356576	0.1162117	0.5235135	6.080807	0.2242233	0.4645252	2.338060	0.02472310	6.222650	2.263585	0.006098493	0.1498198	5.789836
0.4457289	0.1864082	0.3197854	6.129330	0.02650773	0.4733583	2.310830	0.03710476	6.219191	2.262106	0.004312764	0.2362622	5.744033
0.4504759	0.1987712	0.4043686	6.093544	0.2708643	0.4760964	2.459050	0.02602235	6.222329	2.450072	0.003179759	0.1703004	5.768042
0.4490894	0.2037367	0.3504267	6.129796	0.2005507	0.4737881	2.404138	0.02941618	6.236370	2.415765	0.03207776	0.1798013	5.799392
0.4426798	0.1623362	0.3708586	6.111425	0.1179084	0.4698840	2.304839	0.03057291	6.225030	2.271957	-0.004799869	0.1997172	5.764824
0.4410569	0.1543231	0.4192603	6.109205	0.01428666	0.4718551	2.304911	0.03069086	6.230730	2.326543	-0.01873421	0.2121810	5.760203
0.4279066	0.1111888	0.4781471	6.099760	0.1001017	0.4631507	2.186497	0.02854171	6.221364	2.158698	-0.008696602	0.1801691	5.769145
0.4342189	0.1297050	0.4574150	6.091043	0.03755102	0.4672146	2.241871	0.02938900	6.218163	2.205181	-0.02853269	0.1999030	5.749162
0.4409917	0.1599315	0.4025645	6.105098	0.1842906	0.4711576	2.305665	0.02860495	6.230794	2.264853	-0.02257547	0.1874412	5.774094
0.4407331	0.1316149	0.5111077	6.085912	0.2168530	0.4695837	2.339452	0.03172524	6.201613	2.297094	0.004989120	0.2188446	5.722777
0.4441497	0.1314333	0.5190622	6.082024	0.3503240	0.4669993	2.421252	0.02662564	6.192727	2.430332	0.03861736	0.1884624	5.698306
0.4477526	0.1611264	0.4279442	6.100034	0.1882361	0.4749133	2.414944	0.02942766	6.213537	2.424898	-0.004792347	0.1778384	5.765859
0.4496074	0.1656635	0.4293065	6.096091	0.2200680	0.4748723	2.454326	0.03106295	6.200710	2.451849	0.002266719	0.2100119	5.717834
0.4464371	0.1556293	0.4206559	6.113005	0.2633504	0.4700539	2.361129	0.02720267	6.223757	2.386548	0.02373582	0.1834007	5.751516
0.4358614	0.1264346	0.4348878	6.101275	0.1512161	0.4668293	2.281888	0.03024312	6.210848	2.222006	-0.01180283	0.2123205	5.721751
0.4454946	0.1597839	0.4370204	6.094699	0.2654631	0.4707477	2.421660	0.02676055	6.213671	2.437156	0.01791362	0.1898927	5.730412
0.4395650	0.1307293	0.4891630	6.089691	0.1072435	0.4695322	2.317906	0.03067808	6.204968	2.268241	-0.01453286	0.2147382	5.717074
0.4504263	0.1911616	0.3799822	6.095222	0.1233418	0.4801231	2.443286	0.03128817	6.216556	2.350311	-0.03577468	0.1897925	5.764362
0.4481864	0.1657131	0.4062119	6.090655	0.1188129	0.4740744	2.363849	0.03118927	6.204812	2.360525	0.0008935228	0.2123099	5.723495
0.4441324	0.1578292	0.3825249	6.126146	0.1532602	0.4698421	2.310626	0.02945735	6.236392	2.313041	0.02026277	0.1887423	5.780150
0.4375237	0.1174615	0.4928449	6.097090	0.2280487	0.4668021	2.265559	0.02737360	6.218267	2.276520	0.005857225	0.1816027	5.755875
0.4432234	0.1535733	0.3825941	6.113520	0.1055895	0.4684420	2.295585	0.02826862	6.236751	2.258403	0.01508038	0.1922755	5.773502
0.4482382	0.1836846	0.3636891	6.100407	0.1088025	0.4762119	2.375308	0.03236729	6.217545	2.302262	-0.02067318	0.2218713	5.741317
0.4452935	0.1469317	0.4808261	6.090968	0.1589536	0.4721184	2.373129	0.02887410	6.224382	2.332515	-0.02046271	0.1818342	5.776106
0.4515699	0.1950221	0.3354989	6.113687	0.1374953	0.4763042	2.386172	0.03006806	6.224384	2.346966	0.006624900	0.1956839	5.758196
0.4534253	0.1673657	0.4343230	6.105856	0.2747282	0.4742291	2.455800	0.02929816	6.210171	2.432628	0.03529246	0.1899194	5.738839
0.4482350	0.1908113	0.3511365	6.112736	0.07890841	0.4734719	2.353277	0.03080905	6.233847	2.324133	-0.0002090774	0.1977005	5.782053
0.4503330	0.1803377	0.3965059	6.106680	0.1327004	0.4752750	2.423706	0.03022912	6.224871	2.403850	0.003094544	0.1794449	5.786557
0.4515563	0.2168552	0.3375081	6.118405	0.1743432	0.4781242	2.447716	0.02881392	6.236403	2.414835	0.003288072	0.1698749	5.805013
0.4506959	0.1599081	0.5031850	6.068073	0.3085031	0.4738783	2.488030	0.02810391	6.198762	2.461920	0.01159390	0.1983946	5.717516
0.4480942	0.1776056	0.3999534	6.112631	0.1616164	0.4750010	2.360590	0.03286714	6.221927	2.357699	0.001830387	0.2170377	5.757680
0.4498184	0.1816998	0.3828904	6.108901	0.1242505	0.4768214	2.362939	0.02984262	6.236901	2.353240	-0.01282581	0.2010110	5.774871
0.4411626	0.1605973	0.3691488	6.118354	0.04694047	0.4706997	2.299452	0.03113847	6.234663	2.290163	-0.01641929	0.2048159	5.775262
0.4485468	0.1754338	0.3956764	6.102677	0.08275324	0.4741351	2.386735	0.03036545	6.231159	2.371099	-0.01164224	0.1995539	5.780491
0.4467389	0.1574541	0.4055466	6.105573	0.1399975	0.4733190	2.390181	0.03184665	6.205158	2.414524	0.01969954	0.2230808	5.712982
0.4450013	0.1706954	0.3837937	6.108517	0.02896971	0.4737742	2.314564	0.03204961	6.231099	2.292770	-0.01629480	0.2022795	5.784331
0.4349471	0.1369564	0.4039436	6.118501	0.1005146	0.4669982	2.217128	0.03283621	6.225471	2.158088	0.02730755	0.2102563	5.764215
0.4485875	0.1361749	0.5106781	6.069024	0.2655698	0.4707664	2.435442	0.02791128	6.192696	2.434619	0.01566600	0.2100102	5.691328
0.4352316	0.1255022	0.4949758	6.099512	0.2433227	0.4675913	2.285778	0.02944649	6.218922	2.285993	-0.02751512	0.2031064	5.743224
0.4499107	0.2020570	0.3075028	6.123408	0.04789656	0.4760583	2.348315	0.03374157	6.228276	2.295121	0.01811214	0.2413137	5.743705
0.4472622	0.1607231	0.3793330	6.123534	0.1038647	0.4717817	2.315245	0.03075591	6.236613	2.312526	0.009981892	0.2084380	5.767100
0.4475297	0.1718639	0.4426082	6.094821	0.2733356	0.4729724	2.414087	0.03102625	6.202162	2.404042	0.01793125	0.2106153	5.719832
0.4392907	0.1285738	0.4435869	6.108155	0.2033102	0.4675937	2.283430	0.03017847	6.215625	2.286633	0.005274707	0.1955628	5.746259
0.4488567	0.2024954	0.3474191	6.114608	0.1101120	0.4756335	2.382504	0.03248936	6.233456	2.331292	-0.004615998	0.2256384	5.760369
0.4469708	0.1320135	0.4866433	6.082898	0.2740702	0.4717638	2.389524	0.02764859	6.198621	2.389247	-0.001156773	0.1952430	5.702961
0.4282975	0.1030753	0.4773908	6.090779	0.1067163	0.4646155	2.227310	0.03001257	6.205413	2.044614	-0.01629217	0.1914685	5.739886
0.4417768	0.1580525	0.3975830	6.106364	0.1513317	0.4710074	2.339957	0.03029410	6.219318	2.332281	-0.01546772	0.2078322	5.743916
0.4504017	0.1949619	0.3287287	6.117445	0.1066398	0.4760679	2.381441	0.03114950	6.229002	2.341863	0.009397449	0.1942150	5.777454
0.4496452	0.1868830	0.3489029	6.110453	0.1647498	0.4738990	2.390534	0.02802547	6.227235	2.377899	0.0007564463	0.1826458	5.769917
0.4476594	0.1746683	0.3408953	6.122605	0.04102842	0.4724237	2.302818	0.03391639	6.225325	2.304193	0.0008601554	0.2408532	5.739230
0.4468798	0.1591796	0.4021922	6.117727	0.1483003	0.4718282	2.378327	0.03102463	6.220187	2.395795	0.04578588	0.2122792	5.738421
0.4495525	0.1800063	0.3998686	6.100957	0.1987494	0.4758208	2.428455	0.02784388	6.224991	2.426852	0.0001198725	0.1799106	5.773822
0.4450393	0.1481083	0.4725974	6.094461	0.2834393	0.4699119	2.386825	0.02862600	6.212961	2.372819	0.0008597738	0.2019324	5.728995
0.4343723	0.1101498	0.5300348	6.092853	0.2868735	0.4651321	2.307970	0.02913363	6.206710	2.253801	-0.008004972	0.1890511	5.740038
0.4482177	0.1767764	0.4021675	6.105056	0.1627123	0.4745895	2.425810	0.03167160	6.223122	2.371372	0.02194818	0.2045441	5.766825
0.4387582	0.1422668	0.3950914	6.101545	0.02656728	0.4659244	2.274297	0.03058154	6.219171	2.176790	0.02713376	0.2223823	5.729046
0.4398340	0.1252354	0.4957095	6.092175	0.2626229	0.4691412	2.331846	0.02675463	6.221334	2.296653	0.01083167	0.1878938	5.749833
0.4385832	0.1448234	0.4338848	6.107148	0.1861678	0.4712252	2.309863	0.02806351	6.237759	2.273971	-0.02106588	0.1759094	5.800738
0.4464905	0.1758869	0.3980206	6.106004	0.1164254	0.4727116	2.381801	0.03700660	6.201028	2.346664	0.03680699	0.2542607	5.712191
0.4474788	0.1553440	0.4629796	6.090950	0.2382964	0.4730292	2.402236	0.03235192	6.197707	2.391297	0.0002698674	0.2572435	5.681596
0.4314137	0.1258821	0.4211937	6.110616	0.1210005	0.4646643	2.232177	0.02578822	6.248662	2.186750	0.001201479	0.1645618	5.812973
0.4426548	0.1487165	0.4264345	6.108283	0.1266959	0.4718090	2.318448	0.02888486	6.245786	2.238780	-0.01724111	0.1781402	5.815893
0.4390088	0.1152379	0.5548487	6.058476	0.3333106	0.4663145	2.377950	0.02586252	6.185134	2.370521	0.0004717941	0.1994752	5.672107
0.4530582	0.2153310	0.3019597	6.126175	0.1078066	0.4766761	2.395553	0.02824766	6.247866	2.350564	0.01401089	0.1824904	5.796200
0.4436252	0.1375565	0.5507524	6.065236	0.3128772	0.4714788	2.467838	0.02847010	6.196314	2.384006	-0.01215455	0.1843531	5.730472
0.4476478	0.1832010	0.3615030	6.110867	0.1515510	0.4733261	2.394092	0.03016707	6.221561	2.394488	0.01491961	0.2195375	5.734986
0.4399968	0.1454901	0.4148347	6.105263	0.1894544	0.4670424	2.311218	0.02874483	6.220849	2.283245	0.01725703	0.1903008	5.756998
0.4500327	0.1938081	0.3692367	6.113555	0.1163147	0.4763526	2.438161	0.03295783	6.220049	2.399094	0.01952523	0.2227654	5.744497
0.4431851	0.1547596	0.4589500	6.085023	0.1590782	0.4710738	2.378763	0.03083090	6.215702	2.296032	-0.01377258	0.1969918	5.759951
0.4459800	0.1576985	0.4399528	6.101289	0.2484461	0.4727391	2.393803	0.02832108	6.221244	2.378935	-0.005571465	0.1920771	5.750960
0.4427076	0.1206128	0.5441001	6.081957	0.3296804	0.4683409	2.406951	0.02546301	6.214044	2.396951	0.01287416	0.1625382	5.757474
0.4529474	0.1958492	0.4053957	6.098099	0.1877493	0.4784936	2.482198	0.03029233	6.218433	2.459289	0.0001298789	0.2095504	5.745800
0.4462980	0.2247277	0.3028588	6.127123	0.1056010	0.4745707	2.370885	0.03356550	6.242152	2.251038	-0.007334345	0.2088533	5.796908
0.4450145	0.1585666	0.4266216	6.107402	0.2266808	0.4707299	2.384473	0.02910692	6.220234	2.380879	0.03754522	0.2024137	5.744831
0.4410304	0.1602429	0.3874861	6.108305	0.02040360	0.4696970	2.316016	0.03336536	6.213509	2.263277	0.009464881	0.2398352	5.719486
0.4399786	0.1242776	0.4789469	6.083069	0.1273071	0.4700114	2.316667	0.02834906	6.205057	2.229402	-0.02943748	0.1815561	5.742644
0.4362657	0.1369529	0.4215528	6.102710	0.03240534	0.4657597	2.304501	0.03244707	6.202752	2.243130	0.02745784	0.2370345	5.695269
0.4441931	0.1591773	0.4429845	6.099855	0.1782103	0.4705876	2.379216	0.02918342	6.238810	2.279200	0.01183229	0.1807342	5.807616
0.4450259	0.1623254	0.3986496	6.107250	0.1449617	0.4736257	2.351125	0.02933174	6.228818	2.362902	0.006281155	0.2033972	5.761347
0.4366961	0.1550650	0.3723554	6.116891	0.05188374	0.4686863	2.241925	0.03536976	6.222548	2.143024	-0.008063632	0.2435230	5.746204
0.4412680	0.1496369	0.4536308	6.090422	0.1126281	0.4689982	2.370920	0.03161170	6.208317	2.309484	-0.006948339	0.2208609	5.722736
0.4442789	0.1595456	0.3658787	6.120382	0.1067039	0.4705702	2.291714	0.03001923	6.241408	2.267706	0.004878289	0.1986552	5.782357
0.4512958	0.2313936	0.3454977	6.126291	0.2390980	0.4768729	2.449447	0.02773034	6.233452	2.436890	0.01179450	0.1726036	5.794371
0.4521225	0.1822353	0.3662674	6.112066	0.1294059	0.4760650	2.420492	0.02885999	6.227450	2.408979	0.02321340	0.1831909	5.771871
0.4474941	0.1590276	0.4195748	6.100499	0.1547513	0.4751304	2.419518	0.03034112	6.209164	2.414701	-0.001180452	0.1891327	5.747502
0.4399304	0.1376057	0.4970096	6.085060	0.2162255	0.4694393	2.377234	0.03294929	6.192121	2.308801	0.0003314901	0.2319010	5.695277
0.4485298	0.1923344	0.3269384	6.122076	0.04269745	0.4739107	2.386467	0.03533085	6.212782	2.344652	0.04058249	0.2528266	5.713859
0.4490915	0.2085071	0.3742491	6.114276	0.2423396	0.4752721	2.434843	0.03156271	6.212357	2.413042	0.007847594	0.2210707	5.725952
0.4483742	0.1849060	0.3817436	6.110337	0.1976303	0.4759868	2.395100	0.02569497	6.244529	2.391822	-0.0001214141	0.1691903	5.799347
0.4522997	0.2137449	0.3094400	6.122828	0.05957150	0.4782588	2.417791	0.03227422	6.232305	2.385599	0.001027540	0.2227407	5.754848
0.4403708	0.1410399	0.4365513	6.092385	0.1657385	0.4690194	2.345492	0.03036094	6.203877	2.345645	-0.001179291	0.2178245	5.705644
0.4462859	0.1655282	0.3748352	6.108810	0.08564031	0.4729257	2.297327	0.03055780	6.231691	2.293517	0.004764764	0.2136609	5.756922
0.4472914	0.1558387	0.4270756	6.097784	0.1089688	0.4725079	2.366238	0.03023475	6.218424	2.341664	-0.009777374	0.2192805	5.731729
0.4393841	0.1410929	0.3788342	6.120504	0.09458114	0.4697267	2.203470	0.02718026	6.252286	2.203298	-0.007859541	0.1845938	5.797530
0.4398282	0.1375065	0.4083660	6.114605	0.08251555	0.4698103	2.263223	0.02943008	6.235506	2.228149	0.007636390	0.1887995	5.786433
0.4507777	0.1964217	0.3711346	6.113953	0.1663232	0.4764601	2.409209	0.03343641	6.220893	2.424075	0.007503709	0.2356740	5.744440
0.4434599	0.1333592	0.4991074	6.082866	0.2299680	0.4711018	2.385831	0.03012654	6.200652	2.380517	0.002939624	0.2146619	5.711868
0.4484404	0.1562405	0.4287989	6.099309	0.1827589	0.4722358	2.383591	0.03383856	6.197679	2.363157	0.03801335	0.2406629	5.696533
0.4320379	0.1188058	0.4615371	6.098728	0.1369335	0.4663683	2.213911	0.02780595	6.236473	2.131467	-0.02704702	0.1885595	5.781972
0.4394239	0.1152948	0.5605057	6.070968	0.2759606	0.4668761	2.382587	0.02637515	6.205320	2.341476	-0.001075035	0.1967232	5.715615
0.4433455	0.1576946	0.3687758	6.112827	0.1215257	0.4700203	2.323282	0.02952125	6.221191	2.321409	0.01884977	0.1975692	5.749434
0.4462358	0.1640436	0.3848277	6.108571	0.1171070	0.4726465	2.321702	0.03343960	6.214422	2.264596	0.01778281	0.2252831	5.737716
0.4438741	0.1488107	0.4617688	6.087428	0.2180935	0.4694998	2.419736	0.02863194	6.212519	2.340701	0.02564180	0.1833833	5.753924
0.4361227	0.1501725	0.4060702	6.111086	0.1292504	0.4679306	2.287586	0.03274943	6.222139	2.212117	-0.01431681	0.1996002	5.775480
0.4468290	0.1557520	0.4488834	6.095360	0.1949077	0.4730887	2.394792	0.02885814	6.219716	2.395435	0.003199148	0.1991307	5.754769
0.4527757	0.1955679	0.3611753	6.113887	0.1721484	0.4790618	2.439670	0.02934809	6.229066	2.438847	0.001156023	0.1965295	5.761086
0.4433281	0.1588006	0.3994916	6.104715	0.1537016	0.4725126	2.322279	0.02961891	6.230053	2.316211	-0.02546521	0.1905988	5.779131
0.4523198	0.1722855	0.3856773	6.110991	0.1341521	0.4760715	2.403709	0.02979084	6.224995	2.417441	0.02256371	0.1955391	5.763846
0.4406544	0.1506271	0.3794642	6.107899	0.1091852	0.4699401	2.284053	0.03020070	6.219811	2.279733	-0.001347124	0.2147001	5.733073
0.4498826	0.1648621	0.4734223	6.077086	0.3003084	0.4753318	2.525195	0.02794874	6.193700	2.451299	0.01722726	0.1950812	5.698286
0.4521563	0.1911629	0.3474007	6.110597	0.1236439	0.4774657	2.427431	0.03231777	6.213594	2.397317	0.01030732	0.2375334	5.709644
0.4506717	0.1590541	0.4562552	6.086372	0.2111739	0.4766862	2.425315	0.02852846	6.210738	2.423529	-0.005032072	0.1948040	5.740231
0.4479055	0.1614784	0.4510445	6.091078	0.1981441	0.4739049	2.399445	0.03096822	6.211052	2.399192	-0.01014538	0.1956770	5.755066
0.4391105	0.1245421	0.5024678	6.091535	0.2296237	0.4691249	2.312635	0.03006381	6.209722	2.313529	0.01413545	0.2143063	5.727599
0.4360177	0.1251450	0.4852491	6.086634	0.1277873	0.4682964	2.290463	0.02823829	6.227835	2.165084	-0.01935529	0.1777519	5.790070
0.4398545	0.1161617	0.5257269	6.085137	0.1684944	0.4653863	2.389313	0.02683870	6.200681	2.405677	0.03294812	0.1955650	5.705031
0.4382598	0.1179708	0.5440141	6.073735	0.3213409	0.4661166	2.408939	0.02835072	6.192752	2.293632	0.03789652	0.2030662	5.697274
0.4475468	0.1558351	0.4891366	6.084218	0.2616619	0.4724805	2.453109	0.03048055	6.200609	2.462172	0.03489102	0.2201331	5.704488
0.4445997	0.1431360	0.4898883	6.075300	0.2169641	0.4720475	2.439701	0.02984605	6.189636	2.395078	-0.005228675	0.2083462	5.693464
0.4439185	0.1498173	0.4186688	6.096982	0.05785373	0.4718785	2.337818	0.03304213	6.202853	2.317018	-0.005226913	0.2349601	5.712623
0.4438915	0.1566289	0.4124271	6.095949	0.1009252	0.4702542	2.333158	0.03155211	6.211747	2.334274	0.01431796	0.2304654	5.720922
0.4474645	0.1654308	0.3896374	6.102804	0.1082737	0.4731269	2.345886	0.02667256	6.240832	2.351655	0.003959693	0.1719872	5.797225
0.4374202	0.1306342	0.4436926	6.101207	0.1243585	0.4673930	2.288930	0.02928275	6.218381	2.291841	0.01560021	0.2103554	5.729980
0.4486564	0.1815750	0.3618351	6.097223	0.09078814	0.4754543	2.408312	0.02850652	6.225924	2.367976	-0.01210710	0.1810695	5.770134
0.4408491	0.1484330	0.3772522	6.116098	0.03375301	0.4697779	2.243233	0.02973568	6.240175	2.189109	-0.001275530	0.2054294	5.775248
0.4429542	0.1809695	0.3754606	6.111045	0.05365075	0.4728793	2.329903	0.03323564	6.233185	2.284148	-0.02045029	0.2132190	5.784670
0.4434985	0.1662668	0.3770091	6.116380	0.09841713	0.4714171	2.280895	0.03482827	6.222548	2.272986	-0.009563787	0.2406437	5.741981
0.4391453	0.1213159	0.5199004	6.079163	0.3004142	0.4699474	2.374095	0.02401101	6.217529	2.356913	-0.01932787	0.1500222	5.774823
0.4506423	0.2013947	0.3340540	6.112732	0.05279966	0.4784771	2.400996	0.03380269	6.230903	2.242771	-0.01026183	0.1965527	5.795010
0.4345643	0.1213628	0.4692921	6.090450	0.2072190	0.4677034	2.319395	0.02737027	6.216040	2.236742	-0.01252418	0.1778017	5.756188
0.4338932	0.1237062	0.5150196	6.086718	0.2173645	0.4667032	2.312377	0.02767153	6.225623	2.240674	0.0006894401	0.1757986	5.785739
0.4354490	0.1377828	0.4453403	6.108591	0.02095874	0.4671196	2.237535	0.03001047	6.238320	2.228312	0.006117425	0.1976650	5.789934
0.4410632	0.1405726	0.4257853	6.102673	0.1527103	0.4702136	2.285023	0.03057350	6.220838	2.252712	-0.03112925	0.1915494	5.767657
0.4517217	0.1879972	0.4328391	6.091694	0.2863838	0.4754482	2.508972	0.02871960	6.202395	2.457446	0.02241215	0.1932504	5.716941
0.4492008	0.1896990	0.3543142	6.116024	0.1482946	0.4775109	2.414558	0.03041857	6.227833	2.391978	-0.005066171	0.2058096	5.758672
0.4456285	0.1520783	0.4649951	6.088734	0.2522009	0.4713490	2.413537	0.02838774	6.211048	2.414927	-0.0007954013	0.1877188	5.745768
0.4519752	0.1833060	0.3934812	6.093861	0.1394334	0.4761993	2.465234	0.02813330	6.218107	2.435000	0.005196947	0.1806666	5.756355
0.4390953	0.1350939	0.4366705	6.105403	0.1119461	0.4686678	2.295306	0.03299036	6.205533	2.268138	0.01058470	0.2366871	5.710353
0.4489224	0.1793337	0.3621986	6.112052	0.02151770	0.4739879	2.391990	0.03222901	6.220967	2.371423	0.02792444	0.2148797	5.751347
0.4451796	0.1719990	0.3645917	6.110177	0.02899121	0.4725492	2.300648	0.03247983	6.224597	2.268095	-0.01074071	0.1978111	5.778981
0.4388932	0.1377459	0.4457319	6.099057	0.1080345	0.4683170	2.327037	0.03168226	6.208587	2.279631	0.03866436	0.2229953	5.719172
0.4538738	0.1952931	0.3772160	6.100450	0.1884321	0.4795580	2.454058	0.03066841	6.213515	2.395973	-0.02357666	0.2079042	5.733759
0.4431176	0.1637455	0.3957125	6.106862	0.07265896	0.4723398	2.323856	0.02870637	6.247121	2.239184	-0.006841870	0.1808084	5.807355
0.4449608	0.2003029	0.3206767	6.117424	0.04287386	0.4719623	2.352203	0.03436638	6.227650	2.264160	0.01810441	0.2259017	5.761502
0.4457389	0.1358182	0.4461178	6.097483	0.1047371	0.4686307	2.350015	0.02567632	6.228052	2.364561	0.03381364	0.1765702	5.756287
0.4546476	0.2336034	0.2892970	6.135194	0.1612240	0.4788163	2.408371	0.02882858	6.239000	2.409103	0.01765238	0.1899899	5.777127
0.4507002	0.2069913	0.3275614	6.124659	0.1385583	0.4768770	2.401256	0.03120458	6.229418	2.410449	0.002163780	0.1896423	5.784624
0.4398510	0.1276485	0.5177220	6.076618	0.2860615	0.4683617	2.414682	0.02501762	6.215284	2.323891	-0.006532889	0.1646464	5.755485
0.4452728	0.1347635	0.4870971	6.090756	0.1353179	0.4705139	2.390068	0.02982705	6.206779	2.330592	0.01447650	0.1897648	5.741756
0.4448974	0.1515466	0.4355078	6.091609	0.1270929	0.4693842	2.399962	0.03102266	6.208607	2.271752	0.04880686	0.1999941	5.737130
0.4435843	0.1473711	0.4308305	6.082045	0.1473636	0.4686278	2.348248	0.02940219	6.202755	2.336134	0.006543757	0.2333142	5.691074
0.4414759	0.1433337	0.4147939	6.110747	0.05284805	0.4689076	2.312361	0.02938791	6.225466	2.309836	0.01450868	0.1961441	5.756705
0.4518019	0.1645404	0.3964809	6.104538	0.1605756	0.4761489	2.423217	0.02994435	6.209219	2.429657	0.0009845386	0.2008443	5.723620
0.4450334	0.1653810	0.3683101	6.114150	0.06182806	0.4721059	2.325393	0.02966432	6.241108	2.296307	-0.001434921	0.1916171	5.791973
0.4442568	0.1520887	0.3844930	6.109841	0.07360877	0.4700482	2.300180	0.03129499	6.214604	2.353473	0.02670629	0.2352904	5.710532
0.4423162	0.1608077	0.3875126	6.107630	0.1322363	0.4704924	2.304573	0.03149762	6.222727	2.265381	-0.003683335	0.2169870	5.747343
0.4367572	0.1374256	0.4198936	6.109817	0.09674827	0.4675593	2.246927	0.02574041	6.252635	2.226756	-0.01330479	0.1674839	5.811962
0.4389812	0.1272879	0.5061143	6.085824	0.1653329	0.4696542	2.360258	0.02927556	6.208623	2.320465	-0.006283399	0.1905183	5.746780
0.4307793	0.1140490	0.4671733	6.095904	0.05873035	0.4646639	2.233269	0.02751786	6.227423	2.151766	0.002919191	0.1839111	5.770553
0.4431416	0.1409725	0.4707742	6.095244	0.1397703	0.4706972	2.342038	0.02872764	6.220669	2.341177	-0.001784284	0.1833907	5.769100
0.4411187	0.1416932	0.4627442	6.093888	0.1654640	0.4710646	2.347120	0.03141420	6.208326	2.250381	-0.008806368	0.2062817	5.737540
0.4456699	0.1535554	0.4273474	6.095222	0.2394877	0.4718921	2.396000	0.02553351	6.225129	2.396783	0.0001131385	0.1803035	5.750843
0.4366301	0.1488914	0.3883727	6.115058	0.05787018	0.4691839	2.256379	0.02739412	6.250923	2.242776	-0.01262881	0.1740743	5.812427
0.4438372	0.1442397	0.4254519	6.092243	0.06432098	0.4702177	2.325118	0.03097770	6.204715	2.328749	-0.002121752	0.2240028	5.711976
0.4512250	0.2039258	0.3374373	6.111273	0.1621669	0.4744393	2.408313	0.03228394	6.209951	2.406454	0.01968455	0.2299072	5.719785
0.4433824	0.1478240	0.4286604	6.100331	0.1448071	0.4721977	2.328503	0.03460409	6.199920	2.243065	0.007722258	0.2415099	5.703546
0.4486995	0.2021490	0.3403988	6.114021	0.1279486	0.4744291	2.402363	0.03472298	6.216027	2.358093	0.01460894	0.2313903	5.737670
0.4410236	0.1553039	0.3946149	6.114143	0.04872713	0.4713603	2.266192	0.03422004	6.222363	2.238336	-0.002558589	0.2286339	5.754843
0.4451663	0.1437048	0.4880150	6.077289	0.2110800	0.4703053	2.423427	0.02641135	6.216573	2.374194	0.003034719	0.1682757	5.761534
0.4475632	0.1709450	0.3762109	6.109451	0.1313851	0.4739489	2.348617	0.03044854	6.219412	2.360668	0.006768667	0.2057063	5.745786
0.4390456	0.1268387	0.4739485	6.095872	0.1370582	0.4679576	2.309492	0.02667691	6.223667	2.317026	0.002556228	0.1842247	5.747964
0.4402253	0.1288492	0.4799229	6.095168	0.2435437	0.4683316	2.343668	0.02844288	6.216873	2.271823	0.03434497	0.1969833	5.743887
0.4514501	0.1745168	0.3808645	6.104506	0.1077243	0.4772137	2.369974	0.02964402	6.225561	2.390833	-0.01118173	0.2006319	5.759726
0.4438191	0.1422210	0.4729932	6.091779	0.2333038	0.4701978	2.381056	0.03056041	6.205585	2.378949	0.01107164	0.1985130	5.741611
0.4399249	0.1260909	0.4938795	6.084924	0.1023829	0.4680803	2.348909	0.03110604	6.195532	2.269024	-0.01699865	0.2039831	5.718974
0.4484030	0.1738756	0.3807899	6.109301	0.07059167	0.4735426	2.379455	0.03491117	6.206961	2.372311	0.03344231	0.2282724	5.727345
0.4345911	0.1271541	0.4551447	6.102392	0.08979667	0.4652362	2.281261	0.02851093	6.230808	2.181812	0.007494895	0.1696863	5.804474
0.4453293	0.1484017	0.4366762	6.093947	0.1318992	0.4727391	2.368706	0.02926166	6.216896	2.306484	-0.001462292	0.1875324	5.753684
0.4452346	0.1383173	0.5096262	6.076207	0.2602357	0.4724065	2.422304	0.03095961	6.185035	2.403786	-0.01058800	0.2387639	5.667917
0.4411608	0.1510094	0.3971135	6.102995	0.06721563	0.4706781	2.297486	0.02885197	6.228436	2.236882	-0.01568646	0.1728894	5.789950
0.4304052	0.1089064	0.4598622	6.101387	0.06635359	0.4649324	2.185156	0.02517336	6.241093	2.147218	-0.008930091	0.1600516	5.802831
0.4503024	0.1840813	0.3748493	6.106965	0.1455064	0.4763518	2.425329	0.03098531	6.217802	2.426327	0.002805791	0.2159584	5.739116
0.4368200	0.1380096	0.4416383	6.096272	0.09108961	0.4684205	2.310142	0.03005879	6.227734	2.120388	0.01089839	0.1880526	5.779384
0.4458952	0.1966548	0.3308461	6.118304	0.08214808	0.4755229	2.355291	0.02985627	6.244275	2.294672	-0.007544879	0.1798804	5.813362
0.4371009	0.1487523	0.3841709	6.128203	0.03242293	0.4683439	2.204875	0.02996225	6.255898	2.203167	0.002058461	0.1941918	5.811658
0.4484643	0.1558557	0.4572003	6.098455	0.2923122	0.4735548	2.414331	0.02611007	6.224704	2.408929	0.001393242	0.1633215	5.779512
0.4441589	0.1298767	0.5056828	6.085582	0.2802006	0.4703139	2.382137	0.02986020	6.193336	2.378241	0.006036670	0.2269218	5.682414
0.4452706	0.1791306	0.3499741	6.120202	0.05717682	0.4751187	2.347640	0.03063501	6.239783	2.315836	-0.009303911	0.2129175	5.767110
0.4382480	0.1140363	0.5570372	6.075980	0.3076569	0.4661517	2.377607	0.02576436	6.207617	2.375911	-0.01731917	0.1783489	5.732512
0.4485977	0.1433067	0.4902037	6.095273	0.3274625	0.4722655	2.446297	0.03118423	6.184005	2.425134	0.04406654	0.2313742	5.664775
0.4282148	0.1052902	0.5308839	6.089358	0.2018635	0.4621421	2.283412	0.02733302	6.215519	2.191587	0.005821681	0.1900055	5.740719
0.4520076	0.2097960	0.3255415	6.119504	0.04634460	0.4799777	2.397085	0.03405101	6.225148	2.374886	-0.006489057	0.2210063	5.762741
0.4494179	0.1895758	0.3329562	6.111794	0.09579961	0.4749334	2.393512	0.03057178	6.217466	2.366686	0.009546719	0.1961721	5.747774
0.4468485	0.1825505	0.3254225	6.124267	0.02748624	0.4752189	2.340557	0.02980676	6.247784	2.298028	0.01039304	0.1926819	5.803194
0.4468990	0.1741671	0.3870285	6.108099	0.03607384	0.4730487	2.383554	0.03052310	6.227333	2.369904	0.008454700	0.1937016	5.774435
0.4469779	0.1662462	0.3988939	6.100619	0.1311882	0.4725704	2.369044	0.02969786	6.224912	2.329204	0.01239852	0.2062807	5.756721
0.4389478	0.1357224	0.4476401	6.101721	0.06820501	0.4685303	2.272227	0.03209382	6.213217	2.255720	-0.002797273	0.2134743	5.743412
0.4373583	0.1204923	0.5100889	6.082408	0.2678171	0.4670084	2.332617	0.02698105	6.205450	2.315188	-0.01671113	0.1928809	5.719585
0.4333808	0.1168281	0.5259421	6.079075	0.2165897	0.4644560	2.338802	0.03076552	6.194344	2.185088	-0.0002872399	0.2137225	5.708144
0.4518459	0.2062489	0.3676143	6.117515	0.2160704	0.4759420	2.415087	0.02940127	6.233059	2.400182	0.007402356	0.1960434	5.771773
0.4392925	0.1295325	0.4658111	6.094408	0.08142621	0.4703943	2.313791	0.02899249	6.220474	2.266372	-0.007628568	0.2124937	5.734121
0.4397863	0.1322285	0.4319656	6.100219	0.08762831	0.4684821	2.307045	0.02734740	6.227678	2.238771	-0.01635517	0.1847781	5.758417
0.4441920	0.1398037	0.5087160	6.083123	0.2869148	0.4695279	2.418302	0.02926793	6.204483	2.423161	0.02810193	0.1952271	5.733300
0.4428700	0.1581834	0.3694704	6.104724	0.1028371	0.4691936	2.296255	0.02870116	6.226102	2.316958	0.002160118	0.1861716	5.769032
0.4388980	0.1280570	0.4915085	6.088663	0.2045265	0.4689546	2.313230	0.03206371	6.199806	2.270729	-0.01844566	0.2163582	5.717979
0.4415206	0.1229069	0.5197753	6.076189	0.2005611	0.4698560	2.381349	0.02585648	6.209416	2.382665	-0.006952460	0.1636808	5.756941
0.4453722	0.1614111	0.4116360	6.098847	0.03329419	0.4731083	2.369593	0.03072741	6.219633	2.300153	0.007697808	0.1971735	5.755708
0.4378706	0.1170935	0.5149640	6.091607	0.2743166	0.4669596	2.332470	0.02688717	6.212660	2.342157	0.01909743	0.1677847	5.759280
0.4401487	0.1491565	0.4155272	6.109196	0.1049900	0.4695889	2.304219	0.02788235	6.243760	2.266749	0.003360715	0.1767308	5.809935
0.4395900	0.1146178	0.5063655	6.079582	0.2176461	0.4668125	2.331229	0.02544967	6.210175	2.326660	0.007927185	0.1843876	5.726652
0.4512711	0.2201690	0.3158121	6.124970	0.1905964	0.4758794	2.393686	0.02720838	6.235440	2.389110	0.01017017	0.1797241	5.775458
0.4502852	0.1959195	0.3514288	6.108648	0.09569409	0.4769684	2.404961	0.03053404	6.226683	2.374902	0.003336585	0.1962209	5.766358
0.4421415	0.1294971	0.5317185	6.074867	0.3278259	0.4676003	2.418712	0.02536359	6.207004	2.429994	0.01924841	0.1850072	5.719860
0.4464889	0.1615523	0.3972191	6.105797	0.1380163	0.4723225	2.368714	0.02920718	6.226178	2.346612	0.009859726	0.1832096	5.776620
0.4428573	0.1455153	0.3905344	6.112990	0.07103472	0.4693708	2.283256	0.03039949	6.223606	2.279795	0.01011152	0.2224260	5.728448
0.4482805	0.1794413	0.3391112	6.121689	0.1028275	0.4738524	2.315845	0.03469687	6.216218	2.318683	0.01304381	0.2307050	5.734075
0.4477746	0.2094657	0.3083978	6.126434	0.1175737	0.4751327	2.351856	0.03158420	6.235020	2.350197	-0.005251729	0.1999593	5.783686
0.4339429	0.1258854	0.4283522	6.109413	0.1208043	0.4691005	2.204025	0.02963586	6.235627	2.112577	-0.02580001	0.1874049	5.792965
0.4486901	0.1663826	0.3994218	6.108088	0.1886518	0.4753326	2.401114	0.02906352	6.223931	2.357613	0.0007995866	0.1927928	5.755043
0.4394980	0.1252267	0.4992735	6.088781	0.2515128	0.4675557	2.353100	0.02723808	6.213007	2.349770	-0.005401228	0.1930772	5.730145
0.4507468	0.1596237	0.4273062	6.101368	0.1485765	0.4734825	2.394713	0.03217078	6.208249	2.383372	0.02394803	0.2329883	5.715157
0.4467386	0.1681228	0.4197599	6.097527	0.08318799	0.4741622	2.426742	0.03207859	6.208762	2.365991	-0.01261740	0.1976296	5.748337
0.4495354	0.1585012	0.4922183	6.080585	0.1482321	0.4749507	2.466487	0.03306609	6.194275	2.416441	0.02467789	0.2248594	5.709778
0.4444446	0.1248052	0.5221575	6.090131	0.3079718	0.4692376	2.390321	0.02711582	6.209631	2.348002	0.03124456	0.1789298	5.741384
0.4488499	0.1922724	0.3719597	6.122328	0.1967737	0.4751204	2.384774	0.03172340	6.230333	2.375413	0.01034146	0.2074274	5.770590
0.4381740	0.1257112	0.4572989	6.099501	0.1324358	0.4677619	2.295020	0.02522708	6.230707	2.278927	0.007306099	0.1623702	5.779586
0.4426213	0.1435244	0.4162193	6.105956	0.1328813	0.4697848	2.329465	0.03076073	6.216201	2.327027	0.002628065	0.2113907	5.734766
0.4421586	0.1396841	0.4903219	6.086200	0.2850619	0.4702477	2.397999	0.02575243	6.221232	2.359180	0.004388524	0.1802828	5.749652
0.4408342	0.1665254	0.3419156	6.120003	0.05479241	0.4708773	2.279274	0.03099662	6.235644	2.276134	-0.008478438	0.1994913	5.781823
0.4505797	0.1927092	0.3646566	6.104959	0.1006413	0.4759497	2.424371	0.02832267	6.238183	2.380575	0.004357652	0.1671011	5.810077
0.4430209	0.1657745	0.3440652	6.120357	0.04296045	0.4720007	2.245645	0.03221037	6.230597	2.220390	0.005509544	0.2160080	5.762518
0.4508089	0.1990670	0.4164817	6.116538	0.2955417	0.4771874	2.460522	0.02800487	6.228702	2.457555	0.01595966	0.1826784	5.776023
0.4447729	0.1976271	0.3004442	6.133883	0.03290811	0.4728826	2.298774	0.03398687	6.239392	2.278071	0.009473332	0.2197904	5.780717
0.4373151	0.1308000	0.4458077	6.110873	0.08131345	0.4693158	2.244495	0.03557599	6.211715	2.147956	-0.01750181	0.2229408	5.749717
0.4367775	0.1425023	0.4238573	6.106834	0.04847058	0.4687543	2.263119	0.03402241	6.210768	2.236914	0.006386021	0.2330072	5.728283
0.4457850	0.1580939	0.3633950	6.125351	0.03203204	0.4720463	2.275512	0.03359947	6.222333	2.290287	0.02094110	0.2176513	5.752698
0.4453671	0.1648817	0.4276453	6.104992	0.1343398	0.4733686	2.327825	0.03362257	6.220842	2.323140	-0.0005238237	0.2366611	5.742864
0.4522414	0.1953400	0.3453529	6.120363	0.1270102	0.4778991	2.388857	0.03378382	6.218158	2.390866	0.003023905	0.2458321	5.723818
0.4487771	0.1958899	0.3132046	6.131422	0.1288444	0.4747444	2.339013	0.03344219	6.223339	2.338124	0.004440868	0.2279857	5.741153
0.4475041	0.1680427	0.4069857	6.104481	0.1567219	0.4710037	2.406119	0.02962063	6.224442	2.343573	0.02193968	0.1960471	5.755537
0.4391276	0.1235410	0.4771181	6.097264	0.1263113	0.4657650	2.319760	0.03029179	6.198801	2.315492	0.04437009	0.2010927	5.715281
0.4487259	0.1813688	0.3927029	6.109034	0.08153352	0.4757865	2.385922	0.03472882	6.217770	2.364993	0.01203372	0.2328607	5.742126
0.4376196	0.1127134	0.5003419	6.086974	0.1843968	0.4668557	2.285763	0.02556200	6.217634	2.281369	-0.007534048	0.1655122	5.758403
0.4457266	0.1824040	0.3254194	6.133057	0.1275784	0.4724023	2.326576	0.03087085	6.234829	2.337688	0.01688696	0.2015381	5.771202
0.4408708	0.1414875	0.4828644	6.086116	0.2287905	0.4695439	2.366683	0.02853869	6.213464	2.321645	0.004818746	0.1940668	5.742680
0.4453772	0.1819127	0.3354485	6.130469	0.05443766	0.4732739	2.324214	0.03290974	6.237347	2.321280	0.001293243	0.2041907	5.787580
0.4417048	0.1277019	0.5079963	6.078703	0.2643245	0.4688245	2.378488	0.03245734	6.178460	2.319055	0.02536446	0.2549052	5.649296
0.4370865	0.1286337	0.4620168	6.098765	0.2426155	0.4662526	2.319719	0.02748607	6.216788	2.282551	0.01903467	0.1708857	5.762463
0.4481821	0.1779390	0.3913284	6.098786	0.04181005	0.4761828	2.430003	0.03235650	6.214883	2.365256	-0.01376960	0.2194783	5.736297
0.4371399	0.1021718	0.5707009	6.073775	0.2706734	0.4662942	2.354862	0.02504996	6.201308	2.355601	0.004467606	0.1735462	5.723610
0.4384069	0.1327722	0.4502195	6.098960	0.02832585	0.4693860	2.329519	0.03128559	6.208546	2.267122	-0.01994300	0.2096571	5.729825
0.4381816	0.1349698	0.4406742	6.095970	0.1157405	0.4681632	2.272345	0.02884240	6.223666	2.225847	-0.007785890	0.1793391	5.776777
0.4370934	0.1400902	0.4100685	6.104278	0.08620322	0.4673234	2.257608	0.03041995	6.228668	2.176138	-0.006544175	0.2008848	5.769141
0.4498778	0.1661275	0.4316715	6.094599	0.2347144	0.4746176	2.463836	0.02875774	6.208497	2.416369	0.02541354	0.1807144	5.749846
0.4458849	0.1760859	0.3821337	6.111580	0.07989297	0.4740415	2.323764	0.03756122	6.207263	2.309370	0.006908961	0.2542056	5.724590
0.4531825	0.1961490	0.3882153	6.101688	0.1598013	0.4774523	2.446971	0.03362601	6.209924	2.403051	0.0004626205	0.2300498	5.728256
0.4320276	0.1012453	0.5288662	6.081477	0.1274771	0.4628902	2.313611	0.02641692	6.203169	2.250157	0.02407409	0.1748047	5.727278
0.4337551	0.1216800	0.4545700	6.108392	0.1046789	0.4665648	2.231648	0.03388641	6.205138	2.139744	0.01257261	0.2155736	5.736355
0.4411737	0.1323577	0.4769536	6.094403	0.1512801	0.4702394	2.319152	0.03137540	6.203546	2.279677	0.01699738	0.2185325	5.713314
0.4459291	0.1749654	0.3838830	6.118981	0.08777427	0.4737311	2.344239	0.03597853	6.219743	2.341374	0.009560518	0.2617916	5.726995
0.4528400	0.1794418	0.4014984	6.100676	0.1515842	0.4771190	2.442460	0.03252050	6.209055	2.412936	0.01766662	0.2177147	5.730155
0.4352351	0.1236915	0.4555626	6.111769	0.07313188	0.4679382	2.236826	0.03080326	6.228755	2.205378	-0.01978997	0.2150838	5.753366
0.4512065	0.1711260	0.4498738	6.100277	0.2828386	0.4768949	2.441214	0.03045140	6.207373	2.432060	0.01515498	0.1997925	5.735785
0.4395894	0.1285559	0.5082101	6.091921	0.2685615	0.4689607	2.348381	0.03058198	6.202578	2.348138	0.02394944	0.2013893	5.732064
0.4455183	0.1544662	0.4330246	6.094595	0.09498880	0.4705547	2.383076	0.03153439	6.210204	2.292075	0.02939335	0.1862540	5.761321
0.4365477	0.1286883	0.4469927	6.106698	0.1578372	0.4673200	2.261620	0.03204858	6.211789	2.207532	0.01395753	0.2366007	5.712811
0.4443523	0.1651338	0.3840685	6.108200	0.09459442	0.4717066	2.301050	0.03347259	6.218550	2.259653	0.001416706	0.2229541	5.751330
0.4382905	0.1346174	0.4631749	6.096828	0.09341596	0.4676020	2.292612	0.03153790	6.211270	2.251527	0.02028301	0.1986526	5.751211
0.4484670	0.1617458	0.4050690	6.100550	0.1284775	0.4734212	2.415388	0.02878735	6.219277	2.362522	0.01251186	0.1939922	5.749445
0.4483528	0.1467763	0.4592146	6.084572	0.1284051	0.4725539	2.417077	0.02887136	6.201690	2.401222	-0.001490649	0.2096237	5.704336
0.4468918	0.1471031	0.4451757	6.090511	0.2116081	0.4703538	2.402974	0.02450396	6.232462	2.362326	0.02708821	0.1582844	5.781023
0.4457168	0.1793901	0.3850744	6.101731	0.1223465	0.4735889	2.363381	0.03039186	6.226174	2.363397	0.0003484098	0.2013633	5.767275
0.4351571	0.1211502	0.4673361	6.093358	0.1612035	0.4669933	2.271871	0.02681800	6.230411	2.124506	-0.02373227	0.1746368	5.776946
0.4431013	0.1516321	0.4356758	6.095649	0.02829172	0.4729611	2.354773	0.03027627	6.223934	2.306530	-0.03187668	0.2012123	5.763785
0.4410694	0.1394919	0.4559642	6.086740	0.1994710	0.4699009	2.365438	0.02926379	6.210040	2.279974	-0.01796330	0.1901844	5.744782
0.4492364	0.1479557	0.5270424	6.082768	0.3518168	0.4726921	2.463468	0.02768281	6.207044	2.431396	0.006024022	0.1861031	5.738314
0.4515898	0.1999826	0.4003274	6.106520	0.2534221	0.4784964	2.462554	0.02908149	6.223296	2.436720	-0.01139138	0.1842135	5.774629
0.4536116	0.1719183	0.4512023	6.097098	0.2964594	0.4774162	2.492590	0.02770355	6.209566	2.484015	0.01707398	0.1934999	5.726530
0.4400496	0.1321733	0.4602820	6.097608	0.1006351	0.4683637	2.330185	0.03210760	6.200883	2.249797	0.005033164	0.2094556	5.718252
0.4486590	0.1775291	0.4122261	6.092264	0.1585456	0.4773245	2.429139	0.03155388	6.214393	2.348211	-0.02766987	0.2000528	5.758631
0.4456081	0.1534086	0.4649000	6.090307	0.2433799	0.4733574	2.402458	0.03019641	6.205273	2.393158	0.01450351	0.1989839	5.736587
0.4444691	0.1314449	0.4717903	6.081683	0.2329179	0.4685974	2.363102	0.02581723	6.209810	2.365849	0.009696483	0.1707491	5.743540
0.4433132	0.1598461	0.3660299	6.111532	0.09366659	0.4723887	2.318260	0.02900059	6.235389	2.278508	-0.01346688	0.2045825	5.763600
0.4435199	0.1523982	0.4271920	6.102154	0.08950836	0.4708579	2.349358	0.03155051	6.216298	2.348226	-0.004002989	0.2192120	5.731128
0.4468389	0.1704633	0.4377496	6.103308	0.2509221	0.4732910	2.443838	0.03328540	6.200449	2.402286	0.01568565	0.2476287	5.691874
0.4410620	0.1238102	0.5466691	6.078938	0.3116343	0.4666755	2.401550	0.02774360	6.197637	2.438438	0.03346243	0.1900911	5.719132
0.4433623	0.1392976	0.4702029	6.090154	0.2200255	0.4696449	2.403270	0.02641246	6.219887	2.377814	-0.008657759	0.1797902	5.748339
0.4381273	0.1311674	0.4192364	6.107040	0.02428257	0.4691036	2.221692	0.02896708	6.231511	2.237088	-0.02071723	0.2014027	5.761337
0.4305825	0.1279445	0.4288595	6.107743	0.07815740	0.4634581	2.207850	0.03166820	6.221497	2.131063	0.02596595	0.2115556	5.749704
0.4388112	0.1396984	0.4040543	6.113094	0.1340852	0.4684696	2.235847	0.02876280	6.233375	2.219446	-0.002389984	0.1784977	5.787667
0.4313642	0.1205199	0.4792005	6.094465	0.009125182	0.4638290	2.279325	0.02930529	6.217872	2.221165	0.01749072	0.2015618	5.745950
0.4360857	0.1308889	0.4590726	6.097528	0.01426179	0.4689066	2.281033	0.02764933	6.239517	2.156450	-0.02643931	0.1802988	5.797513
0.4383386	0.1115877	0.5363009	6.068349	0.3093544	0.4668967	2.356671	0.02516765	6.199073	2.318336	-0.007361572	0.1735719	5.719342
0.4470325	0.1649802	0.4151956	6.104239	0.2192881	0.4730441	2.362824	0.03076211	6.215890	2.297213	-0.0001659410	0.1957589	5.752692
0.4491189	0.1904572	0.3195498	6.123697	0.08287308	0.4747787	2.359739	0.03165113	6.228383	2.362668	0.003370992	0.2054652	5.761510
0.4526205	0.2148148	0.3197393	6.122230	0.1204889	0.4784404	2.440945	0.03350455	6.218300	2.376537	0.01748516	0.2159796	5.747139
0.4468191	0.1733477	0.3704838	6.114305	0.1210310	0.4745193	2.353023	0.03201601	6.223423	2.352306	0.003276515	0.2013744	5.769572
0.4470463	0.1873030	0.3219879	6.132703	0.04098888	0.4741407	2.329802	0.03427294	6.231015	2.326083	0.008473187	0.2295152	5.759262
0.4381690	0.1464473	0.4229141	6.100044	0.04152123	0.4694198	2.291771	0.03159524	6.224472	2.138984	-0.01651343	0.1949722	5.782343
0.4483694	0.1918811	0.3545677	6.116967	0.1435695	0.4753457	2.379515	0.02928040	6.234502	2.392884	0.001720204	0.1894252	5.781278
0.4497688	0.1595448	0.4548521	6.091854	0.2094815	0.4736776	2.438570	0.02886140	6.217443	2.412328	0.006749096	0.1997241	5.745611
0.4438222	0.1378036	0.4671155	6.077203	0.2297784	0.4701189	2.405811	0.02512913	6.214248	2.369337	-0.01157865	0.1647352	5.751594
0.4478096	0.1634210	0.3884549	6.108594	0.1216614	0.4721320	2.337059	0.02840810	6.234128	2.341862	0.01148375	0.1948944	5.771954
0.4480613	0.1584665	0.4228055	6.093195	0.2171363	0.4739086	2.400842	0.02811275	6.213581	2.397655	-0.006171873	0.1925187	5.736553
0.4379327	0.1046544	0.5763169	6.073563	0.3075538	0.4646156	2.373227	0.02879213	6.181408	2.334284	0.03906535	0.2211158	5.660647
0.4503459	0.1972249	0.3335223	6.121772	0.06391264	0.4770510	2.367901	0.03010877	6.249396	2.326039	0.0002254524	0.1847523	5.818326
0.4461243	0.1636066	0.4322995	6.088703	0.1199186	0.4723347	2.395211	0.03105410	6.212427	2.339464	0.008160615	0.2155017	5.728892
0.4352272	0.1027955	0.5742611	6.071146	0.3016797	0.4646220	2.381177	0.02608122	6.201550	2.259549	-0.005684238	0.1698832	5.737648
0.4511002	0.2091785	0.3319106	6.119438	0.08928901	0.4777718	2.373797	0.03483323	6.222439	2.358870	-0.009376842	0.2216469	5.764740
0.4435519	0.1846494	0.3464741	6.111471	0.01455851	0.4729474	2.328118	0.03035505	6.245706	2.237341	-0.009886488	0.1982250	5.797690
0.4479235	0.1699248	0.3933845	6.118212	0.1532169	0.4740834	2.384652	0.03450951	6.213842	2.368845	0.007258611	0.2222241	5.744329
0.4404272	0.1449159	0.4162432	6.103544	0.02103321	0.4699299	2.310479	0.02873472	6.232000	2.237243	-0.01805318	0.1713487	5.799407
0.4487160	0.1832915	0.3111205	6.127916	0.05098836	0.4740521	2.336677	0.03373714	6.221794	2.331518	0.02441148	0.2361627	5.731953
0.4439898	0.1316577	0.5221503	6.081397	0.1632275	0.4689772	2.391544	0.02985544	6.196869	2.392104	-0.0001931308	0.2107850	5.705198
0.4465611	0.1449318	0.4899883	6.087260	0.2580506	0.4717561	2.465405	0.02996393	6.198863	2.424602	0.01545672	0.1962535	5.722548
0.4411816	0.1501755	0.3912878	6.114200	0.02959865	0.4716949	2.327732	0.03222798	6.219276	2.270925	0.01750874	0.2054676	5.752863
0.4435950	0.1717582	0.3629249	6.118359	0.05532451	0.4716634	2.261953	0.03363796	6.233376	2.231171	0.005642636	0.2112223	5.786832
0.4421383	0.1245031	0.5076200	6.079112	0.2608120	0.4682750	2.384969	0.02619035	6.206948	2.390295	-0.004488548	0.1882107	5.719517
0.4381779	0.1715492	0.3448608	6.130396	0.02808438	0.4687646	2.213317	0.03700541	6.235919	2.103560	0.004577021	0.2470408	5.770927
0.4437301	0.1191184	0.5540546	6.072446	0.3085017	0.4697327	2.429546	0.02403654	6.211136	2.384992	-0.01232956	0.1526006	5.753798
0.4421805	0.1481511	0.4230678	6.109718	0.1594597	0.4705540	2.326109	0.03038505	6.227822	2.254969	0.01122493	0.1973263	5.766850
0.4394232	0.1552783	0.4125062	6.103226	0.08684114	0.4674831	2.295289	0.03143488	6.226260	2.230563	0.008256564	0.1966992	5.780397
0.4438898	0.1494909	0.4434094	6.096669	0.2135607	0.4701317	2.367722	0.03184901	6.208663	2.296242	0.02978920	0.2267271	5.718333
0.4419460	0.1492576	0.4132460	6.113298	0.07310046	0.4706565	2.305657	0.03509922	6.211421	2.284788	0.001463943	0.2369662	5.727856
0.4463120	0.1674923	0.3825802	6.109283	0.07238664	0.4725062	2.334689	0.03163321	6.224573	2.349171	0.02099972	0.2256263	5.741902
0.4455619	0.1673040	0.3852995	6.119530	0.1410791	0.4717428	2.383805	0.02980375	6.234048	2.381729	0.01374358	0.1961015	5.772725
0.4496012	0.1773248	0.3482939	6.121996	0.1046707	0.4735576	2.364592	0.03046492	6.232519	2.342307	0.01748970	0.1966754	5.768415
0.4391610	0.1490568	0.4026146	6.116193	0.07923100	0.4698716	2.242048	0.03064430	6.245430	2.179960	-0.01758433	0.1975249	5.803093
0.4357926	0.1252933	0.4401025	6.108591	0.1134972	0.4668724	2.246628	0.02917662	6.228750	2.169092	-0.02210102	0.1941575	5.764743
0.4397248	0.1432308	0.4093271	6.116121	0.03065285	0.4704855	2.221686	0.03395180	6.227535	2.183398	-0.009119265	0.2203361	5.766762
0.4358251	0.1212670	0.4799658	6.100460	0.08791851	0.4662029	2.292608	0.03073640	6.210060	2.263843	0.02220573	0.2044699	5.735221
0.4420834	0.1421136	0.4500194	6.099195	0.1626269	0.4693626	2.323288	0.03194556	6.209362	2.283339	-0.0001556655	0.2061290	5.739151
0.4478400	0.1771852	0.3366899	6.118624	0.1045563	0.4736386	2.322554	0.03249885	6.219388	2.313406	0.008825973	0.2204898	5.738155
0.4475337	0.1911800	0.3578994	6.113182	0.1654519	0.4758106	2.384775	0.03152644	6.224349	2.345871	-0.01550693	0.2082972	5.758096
0.4350288	0.1296316	0.4655153	6.103782	0.1281877	0.4678900	2.250119	0.03082993	6.224010	2.198738	-0.009435167	0.2116739	5.754594
0.4393664	0.1253311	0.5526331	6.070672	0.2846293	0.4666014	2.390091	0.02753681	6.202741	2.358023	0.007861806	0.1858658	5.728711
0.4477818	0.1958380	0.3579456	6.109874	0.1460248	0.4756752	2.391398	0.02924204	6.234704	2.383140	-0.008984349	0.1826320	5.788932
0.4488111	0.1700124	0.4174426	6.104061	0.2099073	0.4727363	2.437328	0.03134583	6.207693	2.374912	0.03492879	0.1956549	5.742426
0.4453915	0.1472756	0.4607475	6.086912	0.1383428	0.4714674	2.383915	0.02975044	6.210708	2.360498	0.007632143	0.2056669	5.734359
0.4418612	0.1291519	0.5301752	6.082449	0.3335346	0.4674368	2.424881	0.02905484	6.188657	2.420621	0.03848651	0.2014639	5.692969
0.4438510	0.1374285	0.4046071	6.110804	0.04977107	0.4710726	2.329796	0.02644755	6.236424	2.283416	-0.003470754	0.1633595	5.791238
0.4478754	0.1773172	0.3391148	6.122328	0.1121979	0.4736074	2.343781	0.03195196	6.226691	2.334168	0.03271694	0.2241805	5.739271
0.4459234	0.1739689	0.3369066	6.116270	0.09717220	0.4722750	2.325450	0.02596459	6.252932	2.301143	-0.002760716	0.1628133	5.819364
0.4350955	0.1322141	0.4360203	6.108675	0.04095989	0.4656043	2.264164	0.03473036	6.204342	2.209675	0.03324989	0.2387122	5.712876
0.4480406	0.1849227	0.3569394	6.111110	0.02082571	0.4746219	2.382675	0.03405385	6.219559	2.286854	0.009171363	0.2325577	5.732464
0.4488760	0.1596824	0.4083873	6.096642	0.09710127	0.4740489	2.382962	0.03073077	6.211014	2.375889	-0.01378019	0.2131441	5.728194
0.4464793	0.1700970	0.3831787	6.119404	0.07341235	0.4739913	2.322192	0.03471395	6.222941	2.292530	0.008143866	0.2311189	5.746162
0.4414050	0.1599677	0.4370842	6.101699	0.1833022	0.4719315	2.336977	0.03252327	6.221842	2.301121	-0.002318553	0.2224585	5.754789
0.4444767	0.1544686	0.4465128	6.098981	0.1933800	0.4702213	2.373765	0.03028982	6.219479	2.377211	0.01441112	0.2252103	5.732853
0.4469957	0.1771871	0.3939783	6.109833	0.07928727	0.4754033	2.371713	0.03438425	6.216312	2.370076	0.006619315	0.2373732	5.743238
0.4504932	0.2003457	0.3768677	6.106840	0.1537829	0.4767928	2.416656	0.03466182	6.216427	2.386762	-0.003590054	0.2475835	5.733671
0.4382881	0.1385317	0.4482465	6.098003	0.1710826	0.4702615	2.323390	0.02835218	6.227325	2.180717	-0.02220522	0.1689119	5.792133
0.4400406	0.1627209	0.3281888	6.133858	0.08801296	0.4680544	2.257914	0.03037151	6.242464	2.244497	0.01585439	0.1908574	5.790115
0.4342318	0.1138177	0.4887914	6.091485	0.1509997	0.4647375	2.269371	0.02772347	6.216227	2.239495	0.002259623	0.1982122	5.737617
0.4513209	0.1671933	0.4094195	6.109204	0.1910580	0.4744714	2.390408	0.03128429	6.217788	2.384855	0.008421899	0.2191132	5.732234
0.4434878	0.1404128	0.4097281	6.107827	0.1617079	0.4701560	2.302568	0.02560081	6.235870	2.301435	0.02689926	0.1649891	5.782498
0.4379994	0.1338512	0.4137992	6.106288	0.05177069	0.4682030	2.228915	0.02623436	6.246854	2.203498	-0.008291897	0.1685838	5.807991
0.4237966	0.1092219	0.4656523	6.104610	0.1023560	0.4649938	2.140916	0.03055913	6.227354	2.028319	-0.04549777	0.2026301	5.769990
0.4458775	0.1834281	0.3394100	6.119352	0.08667322	0.4725521	2.366841	0.03211290	6.226101	2.318260	0.01773053	0.1877958	5.782756
0.4466952	0.1583659	0.3935572	6.101458	0.1366040	0.4724641	2.355138	0.02935632	6.221104	2.348574	-0.003570985	0.1908674	5.753622
0.4384181	0.1378263	0.4406659	6.090393	0.06491126	0.4672662	2.321452	0.03085312	6.210000	2.140758	0.02211168	0.2100778	5.730977
0.4494267	0.1951664	0.3742704	6.107078	0.1022287	0.4758745	2.423098	0.03037851	6.234227	2.382702	-0.006222779	0.1856788	5.797901
0.4395971	0.1596756	0.3897345	6.117420	0.07020117	0.4720867	2.272569	0.02981157	6.249741	2.248382	-0.02754106	0.1933679	5.810241
0.4487837	0.1743569	0.3524895	6.113256	0.03946196	0.4740229	2.335223	0.03209313	6.224611	2.302107	0.001491592	0.2043627	5.761029
0.4450997	0.1537079	0.4488821	6.099767	0.1719662	0.4733546	2.393117	0.02782179	6.232759	2.327566	-0.01095474	0.1756188	5.786954
0.4431022	0.1768226	0.3523192	6.117250	0.09597672	0.4714978	2.357383	0.03408030	6.216670	2.300206	0.02275771	0.2332531	5.731248
0.4363816	0.1394911	0.4072930	6.115681	0.08012276	0.4670534	2.232057	0.03008021	6.236260	2.240807	0.01587852	0.2024308	5.773899
0.4410194	0.1309814	0.4640605	6.087271	0.2062175	0.4689238	2.358958	0.02570929	6.221234	2.314113	0.01705234	0.1722047	5.756851
0.4427014	0.1446804	0.4861117	6.082908	0.2511531	0.4694474	2.408374	0.03218976	6.198032	2.277478	0.01113433	0.2270201	5.707170
0.4384462	0.1068399	0.5558917	6.075060	0.3376232	0.4653224	2.368201	0.02658780	6.188502	2.410291	0.009045699	0.1980656	5.681104
0.4459837	0.1453795	0.4986765	6.076889	0.2297144	0.4733439	2.425912	0.03148547	6.192967	2.354497	-0.01594550	0.2185973	5.704121
0.4401748	0.1290464	0.4386842	6.104668	0.1448163	0.4691896	2.278523	0.03017560	6.217174	2.250435	0.01218951	0.1891948	5.762189
0.4499969	0.2098025	0.3781930	6.121387	0.2275730	0.4764942	2.415437	0.03286970	6.218656	2.418607	0.005150599	0.2179335	5.750102
0.4429801	0.1497658	0.4515207	6.095706	0.1883622	0.4696466	2.398483	0.03166964	6.205441	2.336791	0.02438251	0.1938757	5.747737
0.4264250	0.1045893	0.4794639	6.100554	0.1415821	0.4620806	2.187724	0.02902249	6.220093	2.086952	0.01191238	0.1915873	5.758619
0.4415066	0.1366593	0.4668644	6.100548	0.1346764	0.4704539	2.339579	0.02827214	6.223882	2.339907	-0.003718952	0.1824582	5.770476
0.4356243	0.1401952	0.3988421	6.117443	0.03201813	0.4662105	2.246387	0.02957569	6.236880	2.215050	0.001124897	0.1886836	5.787866
0.4361770	0.1346167	0.4934684	6.084657	0.2221478	0.4673906	2.366836	0.02999401	6.212506	2.204862	-0.002172969	0.2000396	5.744503
0.4406567	0.1596942	0.3945061	6.123021	0.09336116	0.4718339	2.247571	0.03249979	6.242149	2.235874	-0.01902369	0.2173472	5.782465
0.4371288	0.1274778	0.4985116	6.088469	0.2339855	0.4657916	2.324580	0.02947919	6.209205	2.277968	0.005665498	0.2120051	5.718874
0.4391488	0.1413122	0.4823306	6.080697	0.1638645	0.4672995	2.387975	0.03026206	6.204949	2.286064	-0.005364034	0.1997747	5.734437
0.4483423	0.1749615	0.4285628	6.098492	0.2149929	0.4730730	2.447677	0.03208223	6.212514	2.368241	0.02324166	0.2013378	5.753640
0.4328221	0.1172007	0.4513800	6.101365	0.07425504	0.4644538	2.241661	0.02936958	6.214444	2.214811	0.02523969	0.2120285	5.725164
0.4399250	0.1272041	0.4863317	6.099725	0.1160596	0.4692722	2.326461	0.03135866	6.208657	2.322983	0.0003213619	0.2008516	5.745402
0.4412887	0.1580361	0.3965878	6.111059	0.1313125	0.4707600	2.300091	0.03096357	6.226707	2.290889	-0.003522869	0.2183461	5.749867
0.4336432	0.1168863	0.5186178	6.088298	0.2903512	0.4657011	2.285123	0.02618374	6.222772	2.283484	0.0009123132	0.1762641	5.761413
0.4500199	0.1845496	0.3749270	6.100066	0.1409400	0.4762614	2.436994	0.03002984	6.214981	2.393959	0.001729317	0.2029165	5.741131
0.4411590	0.1398339	0.4106608	6.103893	0.01399747	0.4712239	2.272774	0.02972076	6.226787	2.208008	-0.02153198	0.2004496	5.758382
0.4425684	0.1397686	0.4329722	6.100717	0.2250016	0.4694495	2.363915	0.02699935	6.222032	2.321574	0.006474620	0.1717052	5.759402
0.4467994	0.1856366	0.3983531	6.104032	0.1092005	0.4739492	2.383715	0.03737056	6.204933	2.319833	0.01610330	0.2469268	5.727989
0.4472872	0.1578733	0.3878778	6.105827	0.08407809	0.4726540	2.380074	0.03081184	6.207239	2.382208	0.04513082	0.2234819	5.705617
0.4468013	0.1666824	0.3845712	6.117875	0.1367561	0.4735395	2.357178	0.03266026	6.220264	2.376858	0.008244123	0.2140113	5.755537
0.4355000	0.1034889	0.5611651	6.072599	0.3210201	0.4654991	2.350265	0.02417716	6.201710	2.338554	-0.01655876	0.1670334	5.720061
0.4462780	0.1771064	0.3598321	6.111630	0.08702040	0.4736797	2.407583	0.03271585	6.212917	2.318985	0.01261168	0.2183856	5.730567
0.4450022	0.1497946	0.4050464	6.115879	0.09599646	0.4723826	2.303821	0.03171278	6.221933	2.302064	0.002444842	0.2092305	5.750897
0.4467482	0.1603615	0.4272490	6.094163	0.2165748	0.4716719	2.442982	0.02866821	6.205890	2.396410	0.04735416	0.1938768	5.722035
0.4501616	0.1735954	0.4039679	6.100701	0.1343145	0.4746670	2.432337	0.02844193	6.226544	2.430749	0.02601730	0.1889941	5.764544
0.4419392	0.1588168	0.4065179	6.099720	0.1764822	0.4690025	2.375401	0.02923598	6.217543	2.300395	0.03239572	0.1824511	5.760570
0.4470134	0.1843317	0.3255678	6.125299	0.04737479	0.4739914	2.316530	0.03043113	6.244522	2.314006	-0.00009960539	0.2007219	5.786038
0.4403585	0.1516021	0.4002255	6.105939	0.09575668	0.4704423	2.274085	0.03222347	6.218442	2.263063	-0.005814478	0.2144634	5.746289
0.4347483	0.1166668	0.4557836	6.098023	0.04730451	0.4652809	2.217375	0.02769324	6.221599	2.194538	-0.01571792	0.1952737	5.741516
0.4459090	0.1535532	0.4404869	6.084950	0.1763296	0.4731629	2.381282	0.02854370	6.214337	2.375069	-0.01236679	0.1918615	5.746987
0.4460045	0.1631381	0.4066748	6.097619	0.03123930	0.4731107	2.353888	0.03342112	6.209012	2.324386	-0.005045861	0.2246014	5.731237
0.4460097	0.1665334	0.4216301	6.098463	0.02922945	0.4731596	2.382397	0.03092243	6.224289	2.347532	0.0006431465	0.2135074	5.756255
0.4351844	0.1321321	0.4726877	6.084541	0.1287340	0.4668690	2.313409	0.02986210	6.209760	2.198035	-0.01459898	0.2005528	5.738145
0.4377408	0.1261747	0.5159582	6.084923	0.2096224	0.4655688	2.354008	0.02999215	6.207937	2.228706	0.04174446	0.1946646	5.741900
0.4415334	0.1342404	0.4842064	6.098317	0.2336004	0.4679289	2.348102	0.03331044	6.199343	2.300027	0.03517524	0.2205850	5.713789
0.4404841	0.1609493	0.3455706	6.120171	0.03087055	0.4691477	2.234327	0.03169534	6.231549	2.199774	0.01348981	0.2066363	5.768949
0.4509832	0.1770369	0.3698749	6.107328	0.1383030	0.4751665	2.434379	0.03093422	6.211836	2.385234	0.04471052	0.2140752	5.724765
0.4429040	0.1381375	0.4713743	6.088739	0.2465255	0.4694693	2.408198	0.02761992	6.211346	2.342211	0.01476204	0.1904815	5.729407
0.4391467	0.1151117	0.5261859	6.088310	0.1593973	0.4681184	2.337096	0.02896874	6.205361	2.333387	-0.0006568683	0.2060473	5.717248
0.4491427	0.1909535	0.3800032	6.118078	0.1949154	0.4756252	2.403253	0.03354033	6.215037	2.409199	0.02062493	0.2345630	5.735033
0.4449825	0.1527495	0.4541431	6.094821	0.2179847	0.4718716	2.387938	0.02718622	6.227088	2.388735	0.003157851	0.1702211	5.785019
0.4415755	0.1428873	0.4201263	6.103244	0.1069249	0.4696618	2.292402	0.03151154	6.212521	2.291709	0.002818773	0.2203708	5.729371
0.4443014	0.1357039	0.5249413	6.078263	0.2853834	0.4679719	2.436218	0.02988616	6.191575	2.428321	0.01677643	0.2072426	5.704575
0.4470525	0.1866519	0.3536070	6.118019	0.05864744	0.4761049	2.335452	0.03454927	6.225696	2.324516	-0.01406727	0.2258656	5.761529
0.4396957	0.1240773	0.5058634	6.084891	0.1260577	0.4689183	2.335936	0.02638909	6.216155	2.340650	-0.01463750	0.1721416	5.758130
0.4510434	0.1901363	0.4067754	6.103283	0.2461728	0.4756157	2.454821	0.03079574	6.207340	2.447424	0.03713761	0.2267131	5.709194
0.4495497	0.1961295	0.3718850	6.114943	0.1703998	0.4744021	2.388919	0.03401055	6.216815	2.394959	0.02469927	0.2354533	5.738325
0.4443698	0.1394436	0.4945523	6.082497	0.2737899	0.4695621	2.406525	0.02695382	6.210825	2.409997	0.001972754	0.1797636	5.748393
0.4443089	0.1707595	0.3698280	6.103033	0.09317262	0.4721612	2.349014	0.03127434	6.215821	2.320734	0.01561245	0.2132645	5.734554
0.4373139	0.1386095	0.4504044	6.103611	0.04567191	0.4686893	2.284921	0.03236750	6.221120	2.213905	0.01729810	0.2121761	5.764396
0.4416432	0.1383162	0.4529042	6.097993	0.2114651	0.4688689	2.336455	0.03001617	6.212903	2.318086	0.01982643	0.2243675	5.715639
0.4393333	0.1260540	0.4674649	6.092505	0.07689271	0.4677724	2.320470	0.02883145	6.206078	2.321139	0.03278898	0.1973494	5.723606
0.4362780	0.1106445	0.5597483	6.075335	0.2718242	0.4661195	2.351887	0.02479238	6.216861	2.307018	-0.01317229	0.1679030	5.752639
0.4379354	0.1295601	0.4505660	6.104389	0.1500241	0.4678101	2.279299	0.03088466	6.211424	2.280014	0.0009003163	0.2086454	5.732197
0.4364753	0.1209658	0.5301791	6.083455	0.2578211	0.4678143	2.354630	0.02905709	6.203306	2.324007	-0.02124402	0.1886346	5.734591
0.4340751	0.1098283	0.4949115	6.104777	0.2731764	0.4651361	2.236854	0.02701143	6.223911	2.209372	0.009245963	0.1798036	5.760414
0.4511007	0.1653511	0.3999695	6.097246	0.09765488	0.4747311	2.393920	0.02784223	6.227467	2.359448	0.008546539	0.1794988	5.774047
0.4426144	0.1570860	0.3705443	6.116972	0.08467432	0.4715694	2.296219	0.02974668	6.236861	2.276783	0.01291073	0.1939478	5.783562
0.4472207	0.1655894	0.3868420	6.103972	0.09110637	0.4737436	2.351139	0.02890138	6.231760	2.336797	0.007107684	0.1791907	5.791946
0.4450542	0.1530502	0.3945408	6.106066	0.08677518	0.4731510	2.325880	0.03306640	6.209517	2.272411	-0.01769218	0.2277424	5.723269
0.4367228	0.1221191	0.4723436	6.093955	0.2419650	0.4656057	2.327228	0.02585939	6.218824	2.316079	-0.001738112	0.1629514	5.762282
0.4423804	0.1217723	0.5197065	6.082080	0.2154034	0.4662954	2.388945	0.02878108	6.197043	2.368879	0.04997241	0.2049538	5.700683
0.4522085	0.1957499	0.3640146	6.109061	0.1305647	0.4796871	2.424112	0.03036995	6.229434	2.365828	-0.01604947	0.1975495	5.771478
0.4473694	0.1598381	0.4466235	6.092715	0.1813888	0.4745152	2.411177	0.03056642	6.209446	2.403575	0.006975999	0.2207679	5.725435
0.4493097	0.1780325	0.4676460	6.098181	0.3257100	0.4769122	2.474906	0.03110063	6.202671	2.446961	-0.009346278	0.1972119	5.736440
0.4459194	0.1531975	0.4620463	6.099040	0.2945810	0.4732520	2.412275	0.02879729	6.212192	2.359346	-0.007651618	0.1810076	5.752745
0.4366085	0.1181513	0.5081862	6.089529	0.2114283	0.4657459	2.310040	0.02819973	6.210107	2.263318	0.001268941	0.1726863	5.757896
0.4502336	0.1887400	0.4092634	6.108186	0.2861717	0.4732887	2.441544	0.02850089	6.214226	2.436517	0.01211316	0.1910291	5.741185
0.4394422	0.1235782	0.5084344	6.090015	0.1285925	0.4682717	2.328709	0.02686448	6.222535	2.299140	-0.007413277	0.1738903	5.770552
0.4342631	0.1249295	0.4499681	6.103391	0.02327150	0.4663127	2.266190	0.03253114	6.207368	2.183584	-0.01516472	0.2156017	5.727554
0.4354448	0.1215670	0.5377411	6.079444	0.3094958	0.4645712	2.367794	0.02804596	6.203582	2.298969	0.02262334	0.2018244	5.716208
0.4348810	0.1101060	0.5171924	6.080755	0.1811702	0.4652990	2.336622	0.02536257	6.211238	2.277241	-0.002443101	0.1573018	5.761468
0.4504921	0.1853656	0.3551151	6.119018	0.09187869	0.4777210	2.378054	0.03406392	6.218880	2.364620	-0.006981973	0.2276391	5.741280
0.4362963	0.1244859	0.5007574	6.092116	0.1065479	0.4680765	2.326380	0.02745797	6.232102	2.239475	-0.02114903	0.1819336	5.780480
0.4452707	0.1821766	0.3616342	6.110255	0.03877517	0.4748875	2.353720	0.03193682	6.233074	2.312387	-0.01904916	0.2029038	5.785125
0.4446342	0.1635076	0.3902640	6.108289	0.1148442	0.4721922	2.322810	0.03165541	6.222690	2.321132	0.001382205	0.2189674	5.747241
0.4426337	0.1637863	0.4166706	6.095690	0.1350453	0.4717002	2.361951	0.03145378	6.217747	2.275380	-0.009888612	0.2037627	5.757867
0.4391136	0.1102204	0.5375330	6.078648	0.3257976	0.4657900	2.400994	0.02606084	6.190871	2.384797	0.03834979	0.1820963	5.696217
0.4413200	0.1541525	0.3671950	6.119454	0.09917024	0.4695165	2.274928	0.03009783	6.233069	2.271560	0.001867694	0.2004093	5.766946
0.4480192	0.1471192	0.4716408	6.085670	0.2858515	0.4702395	2.450448	0.02710352	6.200105	2.416125	0.03033429	0.1823785	5.717916
0.4448245	0.1718829	0.3184992	6.124029	0.03144290	0.4724979	2.291375	0.03138940	6.236139	2.255294	0.003936162	0.2102786	5.767768
0.4448751	0.1664225	0.3511783	6.119724	0.06669664	0.4718897	2.286713	0.03235729	6.228504	2.232285	-0.01249965	0.2055398	5.772108
0.4330603	0.1205229	0.4650521	6.095845	0.1895786	0.4638609	2.251706	0.02842015	6.218848	2.220486	0.02119227	0.1985458	5.743397
0.4389112	0.1230102	0.5055455	6.083090	0.1653871	0.4702383	2.313263	0.02962482	6.205502	2.267259	-0.01528937	0.2056234	5.724191
0.4347655	0.1222244	0.4850015	6.095548	0.1150330	0.4653235	2.257595	0.03036913	6.216029	2.229319	0.009269907	0.2203924	5.732309
0.4472705	0.1635951	0.4082795	6.100279	0.1690410	0.4747496	2.387087	0.02995779	6.219311	2.362060	-0.01883852	0.2092496	5.741858
0.4478957	0.1693763	0.4010946	6.098023	0.05896541	0.4727924	2.389339	0.03074516	6.219284	2.379988	-0.001058526	0.2002976	5.755617
0.4448791	0.1507104	0.4686747	6.091391	0.1097259	0.4727855	2.377957	0.03126588	6.212030	2.379030	-0.009350682	0.2028748	5.753073
0.4379585	0.1310596	0.4115463	6.103856	0.04304863	0.4676302	2.253462	0.02925690	6.219181	2.251488	-0.005951081	0.1940789	5.750993
0.4382731	0.1562109	0.3355584	6.121870	0.02766809	0.4686078	2.201831	0.03293070	6.230592	2.178850	-0.001146459	0.2271839	5.751247
0.4388087	0.1216844	0.5456503	6.069555	0.3206154	0.4676019	2.382165	0.02738644	6.197916	2.311583	-0.02213095	0.1933529	5.714851
0.4511203	0.1789417	0.3764959	6.099663	0.1221821	0.4750186	2.406595	0.02962526	6.217004	2.400611	0.007763593	0.1925124	5.747493
0.4386781	0.1224796	0.5084241	6.087600	0.1815696	0.4665665	2.349096	0.02666964	6.218700	2.315962	0.01533734	0.1674060	5.767590
0.4303294	0.1224337	0.4281560	6.109817	0.06773716	0.4649801	2.166263	0.02920651	6.231313	2.165687	0.001838606	0.1874601	5.777792
0.4366127	0.1356244	0.4575350	6.098520	0.1367982	0.4659921	2.324110	0.02938001	6.224690	2.252352	-0.001758779	0.1899656	5.769720
0.4516029	0.2175606	0.3255434	6.116442	0.09728761	0.4789404	2.408699	0.03318940	6.228626	2.377105	-0.001105773	0.2248955	5.760837
0.4481550	0.1799781	0.3693180	6.101082	0.09993464	0.4733992	2.381405	0.02890671	6.233047	2.319643	0.004182996	0.1843525	5.786779
0.4452667	0.1606365	0.4076031	6.099882	0.1304379	0.4720125	2.345333	0.03071639	6.214839	2.344338	0.01068932	0.2144582	5.734232
0.4488935	0.1784424	0.3910753	6.105572	0.1950989	0.4718943	2.424836	0.02848583	6.222839	2.403265	0.03735423	0.1878303	5.758813
0.4465771	0.1553169	0.4130387	6.100733	0.02038792	0.4733744	2.390968	0.02925960	6.218210	2.373076	-0.005218067	0.2048010	5.731314
0.4344747	0.1250603	0.4623344	6.093861	0.04166025	0.4663170	2.250632	0.02664876	6.237096	2.164729	-0.01557690	0.1845529	5.779026
0.4324667	0.1264050	0.4376802	6.104463	0.08519769	0.4651000	2.188898	0.03211170	6.219448	2.094993	0.005620289	0.2176415	5.745927
0.4481595	0.1847144	0.3887486	6.113052	0.1073188	0.4773152	2.363158	0.03466484	6.223166	2.356237	-0.02016061	0.2261015	5.764938
0.4342416	0.1155461	0.5545965	6.070383	0.2496488	0.4637211	2.359878	0.02765036	6.202328	2.288122	0.01406046	0.1847416	5.730184
0.4430973	0.1499792	0.4088191	6.110216	0.08107908	0.4709680	2.281485	0.03403111	6.213414	2.250949	0.004910798	0.2456281	5.720393
0.4362551	0.1245951	0.4522658	6.107967	0.09948593	0.4670073	2.259605	0.02943534	6.225929	2.202545	0.002343532	0.1816534	5.779998
0.4472928	0.1578366	0.4661551	6.079643	0.2473262	0.4727423	2.453602	0.02878073	6.205354	2.394810	0.01198727	0.1927222	5.735933
0.4381213	0.1189864	0.5472641	6.083521	0.3057350	0.4653052	2.394131	0.02657940	6.212518	2.366510	0.01146343	0.1748957	5.746483
0.4458063	0.1591952	0.4191711	6.103104	0.1812277	0.4720324	2.385685	0.03297407	6.202691	2.399971	0.02014834	0.2481031	5.696280
0.4457702	0.1709509	0.4057590	6.106770	0.1962946	0.4743396	2.395581	0.03153730	6.217002	2.322871	-0.009360259	0.2174496	5.737932
0.4510525	0.1579820	0.4329581	6.095474	0.2533556	0.4748577	2.443408	0.02643364	6.216309	2.422097	0.01963371	0.1819035	5.738239
0.4414260	0.1585962	0.4057487	6.106330	0.1563845	0.4690268	2.352297	0.02925671	6.230890	2.313244	0.01250813	0.1905013	5.771288
0.4388607	0.1124040	0.5442537	6.079265	0.3233385	0.4651061	2.370222	0.02552743	6.198278	2.391192	0.03195737	0.1699806	5.723572
0.4504695	0.2021835	0.3531938	6.103115	0.1563560	0.4759186	2.450989	0.02996453	6.219327	2.378839	0.01987381	0.1830698	5.769285
0.4416127	0.1378326	0.4505934	6.086413	0.2047491	0.4688786	2.362967	0.02635998	6.214057	2.329611	0.01455884	0.1695561	5.752490
0.4486040	0.1785777	0.3939246	6.095311	0.1801643	0.4745834	2.428489	0.03201783	6.203768	2.359702	-0.002136959	0.2128139	5.721310
0.4346218	0.1240045	0.4534513	6.101473	0.03278498	0.4664628	2.254688	0.02970906	6.224700	2.126880	0.009627538	0.2025743	5.760618
0.4414522	0.1446796	0.4187268	6.104293	0.09446546	0.4701630	2.311079	0.03362681	6.204591	2.304771	0.02445909	0.2404993	5.707491
0.4393873	0.1155553	0.5032873	6.084478	0.2318158	0.4665416	2.340422	0.02654687	6.208441	2.318334	0.01700499	0.1896287	5.721956
0.4304174	0.09860337	0.5728159	6.080629	0.2438022	0.4634874	2.292982	0.02867971	6.203886	2.176865	0.009990042	0.1909031	5.730621
0.4487817	0.1786977	0.3489170	6.114661	0.02471084	0.4739845	2.374871	0.03329011	6.221595	2.265537	0.02316638	0.2135677	5.757432
0.4425957	0.1486801	0.4102322	6.106951	0.09391549	0.4705256	2.331671	0.02659271	6.249357	2.262375	0.001602300	0.1746570	5.805750
0.4520850	0.1880550	0.3582921	6.106852	0.06175530	0.4771583	2.421588	0.03174184	6.219055	2.382953	0.005444334	0.1942848	5.764478
0.4431709	0.1603796	0.3837208	6.116530	0.08967129	0.4728389	2.290820	0.03128131	6.238577	2.282629	-0.007965267	0.2018344	5.789449
0.4381822	0.1140918	0.5665201	6.067458	0.3331156	0.4656478	2.387444	0.02698638	6.191111	2.365849	0.01877293	0.1776171	5.715800
0.4421794	0.1504607	0.4292707	6.097863	0.03139707	0.4695815	2.395721	0.02895970	6.219900	2.320858	0.01065273	0.1949056	5.744365
0.4433010	0.1626640	0.4079510	6.094090	0.06638223	0.4732174	2.365614	0.03089395	6.222826	2.209269	-0.01430594	0.2021947	5.761723
0.4464337	0.1349299	0.5241731	6.066082	0.2695065	0.4721751	2.437436	0.02694237	6.195846	2.426933	-0.001753234	0.1777192	5.725408
0.4516034	0.1767203	0.3755841	6.102044	0.1457695	0.4744347	2.396870	0.02839876	6.224162	2.420885	0.01582908	0.1888444	5.760170
0.4428472	0.1460801	0.4239065	6.098392	0.1413734	0.4701216	2.327752	0.02818808	6.223894	2.318571	-0.003527346	0.1851589	5.765517
0.4464301	0.1697882	0.3642215	6.121689	0.02881537	0.4706614	2.319952	0.03414881	6.223651	2.281289	0.04026157	0.2237898	5.748788
0.4402583	0.1450283	0.4254652	6.107041	0.06515285	0.4703205	2.282583	0.03074180	6.225795	2.282829	-0.005440142	0.2214165	5.743239
0.4470408	0.1475718	0.4563034	6.093956	0.2506107	0.4703052	2.385868	0.02810963	6.215511	2.365687	0.01642185	0.1838357	5.748350
0.4448387	0.1547337	0.4092344	6.108350	0.1348314	0.4712140	2.366432	0.02945555	6.226991	2.362104	0.008898821	0.2015578	5.757274
0.4446930	0.1357695	0.4943072	6.078854	0.2748507	0.4708975	2.400784	0.02739895	6.202662	2.393448	-0.0009093902	0.1945223	5.718204
0.4355850	0.1339361	0.4225266	6.109662	0.03051401	0.4678527	2.243344	0.03267962	6.218082	2.177143	-0.01595676	0.2051548	5.762075
0.4348554	0.1313292	0.4769347	6.098877	0.1930422	0.4679534	2.296049	0.03213658	6.215125	2.195779	-0.02056230	0.2125809	5.751400
0.4506659	0.1528655	0.4768410	6.083828	0.2689505	0.4756434	2.469785	0.02948693	6.199194	2.415942	0.007854856	0.1953440	5.717704
0.4365308	0.1121856	0.5013078	6.089194	0.1139133	0.4658986	2.298284	0.02595883	6.222728	2.216440	0.0009287344	0.1599943	5.778721
0.4360249	0.1274311	0.4849498	6.094422	0.1303493	0.4669050	2.272024	0.02999604	6.221511	2.194673	0.006221573	0.2005257	5.755225
0.4437172	0.1410614	0.4838505	6.093511	0.08429484	0.4706170	2.371800	0.03006299	6.219743	2.317497	-0.0002128135	0.2007380	5.753406
0.4475783	0.1692506	0.3946350	6.103926	0.1054179	0.4728099	2.383989	0.03435560	6.202757	2.371569	0.03417417	0.2553772	5.696142
0.4448894	0.1504573	0.4174885	6.111124	0.1544279	0.4728212	2.341767	0.03123775	6.221797	2.327116	0.009338474	0.2070890	5.752163
0.4472490	0.1813798	0.3788213	6.112708	0.1598922	0.4746605	2.396526	0.02939464	6.234747	2.341996	-0.008388372	0.1789948	5.798902
0.4527434	0.1908009	0.3722661	6.107073	0.1618107	0.4775336	2.418071	0.03104475	6.218391	2.413682	0.004911274	0.2053294	5.750915
0.4472651	0.1492473	0.4437569	6.085266	0.2050304	0.4718358	2.420339	0.02728340	6.212303	2.396867	0.01423338	0.1896218	5.731806
0.4435652	0.1284411	0.5044611	6.073042	0.3068789	0.4686643	2.395505	0.02533811	6.199640	2.383246	0.001851007	0.1732469	5.721158
0.4399503	0.1275632	0.5119507	6.090934	0.2860378	0.4677331	2.358734	0.03040042	6.198224	2.330035	0.01298480	0.2140796	5.708785
0.4426078	0.1546556	0.3896618	6.109882	0.1369814	0.4717451	2.308425	0.03068316	6.225322	2.258990	0.004111872	0.2121873	5.749813
0.4477438	0.1546129	0.4661457	6.097887	0.2415684	0.4743670	2.423713	0.03089526	6.208337	2.411349	-0.009202332	0.2047352	5.731676
0.4499822	0.1817661	0.4081023	6.101349	0.1671054	0.4757584	2.431517	0.03035031	6.221267	2.391974	0.004782527	0.1961846	5.760953
0.4448564	0.1798794	0.3530939	6.117415	0.07044363	0.4742937	2.335374	0.03175203	6.235868	2.312005	-0.002609803	0.2131378	5.775103
0.4328567	0.1215997	0.4180013	6.111344	0.1010352	0.4651603	2.158712	0.02787180	6.238350	2.144010	-0.005194752	0.1846609	5.782294
0.4396804	0.1180060	0.5277387	6.074749	0.2979388	0.4677722	2.397399	0.02590366	6.201339	2.394934	-0.0003479043	0.1858792	5.709644
0.4521433	0.1950293	0.3705029	6.109044	0.1898656	0.4757946	2.425024	0.02754766	6.234496	2.424351	0.0007750334	0.1817430	5.776990
0.4323879	0.1333302	0.4239300	6.105459	0.1301241	0.4650744	2.269836	0.03175123	6.215650	2.147827	-0.0008895598	0.2063306	5.748862
0.4428888	0.1506722	0.4595723	6.095174	0.1995366	0.4720434	2.386846	0.03216969	6.203185	2.386418	0.005876897	0.2287829	5.711131
0.4355614	0.1265498	0.4551209	6.091959	0.06611351	0.4673937	2.289905	0.02724413	6.223321	2.204386	-0.004416884	0.1861843	5.755363
0.4484044	0.1893382	0.3617878	6.111996	0.1207798	0.4768158	2.402716	0.03165345	6.227022	2.307419	-0.01478243	0.1907727	5.778864
0.4363172	0.1173976	0.5105071	6.088914	0.2911388	0.4663572	2.324216	0.02460058	6.225996	2.302739	0.01160970	0.1717069	5.757732
0.4401558	0.1582963	0.3733353	6.122029	0.09472165	0.4703957	2.283614	0.03255917	6.230010	2.270287	0.01225202	0.2049333	5.775444
0.4417136	0.1272229	0.4907807	6.092135	0.2335689	0.4704577	2.330694	0.02871110	6.210324	2.312338	-0.01288664	0.1810197	5.749099
0.4434417	0.1493014	0.3921266	6.115303	0.1214990	0.4701332	2.328046	0.03075824	6.221260	2.324516	0.003188734	0.2131605	5.740937
0.4407178	0.1293827	0.5123940	6.091099	0.2971254	0.4695145	2.366338	0.02906491	6.204645	2.335668	-0.01746789	0.1962342	5.726706
0.4387667	0.1272010	0.4943360	6.094678	0.2458865	0.4675573	2.304478	0.02967502	6.209996	2.300221	-0.003576748	0.1978633	5.738188
0.4502361	0.1834311	0.4156295	6.099707	0.2730543	0.4744938	2.438191	0.02853110	6.212079	2.425434	0.01769702	0.1977862	5.730495
0.4463447	0.1500515	0.4852024	6.085120	0.2429766	0.4731714	2.444032	0.02961302	6.204938	2.398386	0.006605246	0.1994527	5.729891
0.4438072	0.1388243	0.4893780	6.079737	0.2383406	0.4712298	2.407445	0.02773149	6.211053	2.365122	-0.009266049	0.1878921	5.738881
0.4397437	0.1380219	0.4519980	6.111149	0.2264903	0.4685726	2.302594	0.03003220	6.222787	2.290691	-0.001437265	0.2079500	5.743086
0.4375057	0.1418909	0.4491714	6.107820	0.06256850	0.4694587	2.270043	0.03124481	6.233418	2.226772	-0.01832294	0.2175548	5.769059
0.4411785	0.1593811	0.3739659	6.117865	0.09538125	0.4714244	2.265248	0.03096080	6.234596	2.259278	-0.007250215	0.2130415	5.760379
0.4410267	0.1342296	0.4280711	6.106506	0.04728623	0.4685945	2.298004	0.03110648	6.209482	2.296672	0.01518686	0.2375599	5.697064
0.4410068	0.1491905	0.4572333	6.093067	0.04116076	0.4690860	2.387741	0.03363577	6.200687	2.270101	0.01707287	0.2225272	5.724436
0.4341934	0.1191552	0.5009226	6.082961	0.1449912	0.4684904	2.289076	0.02536094	6.233656	2.207867	-0.04117443	0.1608320	5.797804
0.4452453	0.1745758	0.3319579	6.126171	0.04462687	0.4720513	2.274311	0.03063580	6.245009	2.275632	-0.006596184	0.1990022	5.786680
0.4342302	0.1402520	0.4156316	6.112447	0.04335446	0.4677894	2.209148	0.03234219	6.231648	2.120448	-0.01999716	0.2001776	5.788710
0.4465136	0.1397981	0.4722652	6.090732	0.2333867	0.4722472	2.415687	0.02752553	6.211834	2.432857	0.01753000	0.1868441	5.735304
0.4435149	0.1678852	0.3751870	6.106669	0.1083221	0.4716532	2.358578	0.02989727	6.225540	2.285681	-0.002962701	0.1782330	5.784723
0.4436444	0.1655771	0.3759976	6.126695	0.1346574	0.4722033	2.331168	0.03317870	6.231616	2.241866	0.002741887	0.2013890	5.784988
0.4491993	0.1749365	0.4260648	6.116275	0.2737838	0.4744852	2.411850	0.03071086	6.217741	2.401738	0.004496505	0.2008019	5.749458
0.4385328	0.1323489	0.4554219	6.096376	0.2113488	0.4666866	2.298430	0.03098661	6.201007	2.261642	0.006898506	0.2347556	5.690323
0.4370589	0.1131979	0.5386800	6.072562	0.3049613	0.4655862	2.350250	0.02486048	6.206306	2.344494	0.002371823	0.1690683	5.734839
0.4356487	0.09959225	0.5794569	6.074086	0.3489772	0.4628844	2.346938	0.02698373	6.184062	2.355267	0.02308313	0.1802431	5.694735
0.4381379	0.1390261	0.4268836	6.106107	0.08545722	0.4660642	2.272016	0.03198649	6.220033	2.215413	0.02273287	0.2087949	5.756329
0.4526242	0.1787238	0.4088788	6.100094	0.2119322	0.4779255	2.458795	0.03100112	6.206433	2.407356	0.006831830	0.1990582	5.737874
0.4443038	0.1235185	0.5307241	6.086203	0.2981564	0.4681833	2.417874	0.02877421	6.197503	2.408935	0.04017207	0.1855432	5.725880
0.4431376	0.1395846	0.4970856	6.081683	0.2642893	0.4708067	2.419949	0.02656017	6.213139	2.380566	0.002300428	0.1795702	5.745212
0.4346970	0.1401174	0.3981772	6.115635	0.1109626	0.4655592	2.232414	0.02972456	6.239773	2.112944	0.01555969	0.1851599	5.794477
0.4422427	0.1380566	0.4535455	6.098622	0.1508942	0.4704897	2.332673	0.03097535	6.211141	2.274740	-0.004054696	0.1911754	5.753053
0.4469661	0.1599711	0.4452125	6.099085	0.2212059	0.4724258	2.398957	0.03185352	6.208101	2.370678	0.01719984	0.2151698	5.733120
0.4482059	0.1916798	0.3796281	6.114889	0.1727195	0.4756040	2.382344	0.03304234	6.223614	2.374057	-0.001311299	0.2133053	5.758984
0.4385101	0.1035448	0.5361331	6.082525	0.2769893	0.4668757	2.347761	0.02409813	6.213213	2.322973	0.02061420	0.1589452	5.747065
0.4398438	0.1410446	0.4338959	6.105461	0.1154240	0.4684826	2.284156	0.03121334	6.220736	2.268987	-0.001901461	0.2130728	5.750271
0.4397529	0.1377045	0.4546534	6.100473	0.06615675	0.4685051	2.295327	0.03042617	6.223216	2.283275	-0.01346375	0.2155281	5.745101
0.4420379	0.1283178	0.4627929	6.097202	0.1914087	0.4701933	2.342581	0.02527341	6.228842	2.349844	0.0002334019	0.1706268	5.764610
0.4373579	0.1452147	0.3896260	6.117123	0.03956067	0.4681991	2.281671	0.03059745	6.229046	2.236595	0.003907675	0.1900441	5.773491
0.4415864	0.1437403	0.4530300	6.093775	0.2214022	0.4701406	2.353787	0.03036963	6.208679	2.319013	0.005718476	0.2129839	5.723897
0.4420522	0.1198427	0.5370069	6.071815	0.3097040	0.4673252	2.428694	0.02629830	6.195338	2.426653	0.01333411	0.1846061	5.703532
0.4500276	0.2066955	0.3056636	6.118829	0.1150761	0.4750805	2.406113	0.03148490	6.221325	2.363047	0.02656104	0.2359946	5.720973
0.4508206	0.2037729	0.3303070	6.112609	0.1406058	0.4766287	2.426290	0.02867831	6.230139	2.356329	-0.006105112	0.1844097	5.769790
0.4422569	0.1225711	0.5137369	6.071879	0.2387402	0.4660882	2.406055	0.02639023	6.190482	2.412859	0.03337704	0.1993580	5.683393
0.4396726	0.1254733	0.4769560	6.096809	0.1788372	0.4673896	2.310634	0.03044789	6.203861	2.285735	0.01492050	0.2048352	5.721661
0.4447862	0.1514541	0.4473657	6.102504	0.07817363	0.4701193	2.366273	0.03283044	6.210451	2.335312	0.01607487	0.2367873	5.717607
0.4476498	0.1434453	0.4985216	6.073618	0.2559718	0.4719873	2.448200	0.02868874	6.197806	2.380062	0.003521494	0.1928602	5.715619
0.4511056	0.1682484	0.4316626	6.098513	0.2078749	0.4748284	2.435803	0.03173349	6.207400	2.430200	0.01457255	0.2054363	5.739729
0.4383401	0.1499694	0.3564227	6.114882	0.07647744	0.4675938	2.260334	0.03261033	6.214779	2.197405	0.02474808	0.2123727	5.738740
0.4534904	0.1738721	0.4338837	6.099859	0.2547879	0.4771612	2.485151	0.02986355	6.206099	2.483421	0.02500484	0.1909336	5.737598
0.4397207	0.1448156	0.4001421	6.111242	0.1013622	0.4675377	2.281549	0.03018022	6.227761	2.222269	0.02521494	0.1918690	5.771653
0.4421285	0.1442952	0.4616597	6.084817	0.2190663	0.4708622	2.378409	0.02974223	6.201175	2.349597	0.01174186	0.2017497	5.718438
0.4490702	0.1678589	0.4448383	6.101722	0.2558248	0.4754312	2.409973	0.03004101	6.215675	2.415244	-0.001310856	0.2067241	5.741454
0.4413796	0.1387743	0.4537334	6.093043	0.1836597	0.4691137	2.328692	0.02959707	6.211626	2.330368	0.002711547	0.1989392	5.739676
0.4436684	0.1318305	0.5153862	6.083888	0.2529985	0.4699407	2.395630	0.02648059	6.217925	2.358112	0.008255662	0.1757468	5.755088
0.4391845	0.1289491	0.4137007	6.107750	0.08145094	0.4668860	2.254284	0.02930321	6.221682	2.238409	0.008779548	0.1986794	5.748791
0.4417143	0.1596259	0.4168020	6.110318	0.08431012	0.4704346	2.319631	0.03330056	6.229342	2.242166	0.01353501	0.2082823	5.785882
0.4422044	0.1431437	0.4275656	6.098761	0.06716447	0.4686025	2.323649	0.03179678	6.212723	2.236910	0.01733050	0.2160464	5.733475
0.4434569	0.1301116	0.4778851	6.088920	0.2104479	0.4675935	2.362417	0.02660414	6.212423	2.386417	0.03614903	0.1764553	5.744098
0.4441910	0.1423440	0.4641765	6.088094	0.2123951	0.4702249	2.379318	0.02982478	6.207320	2.329500	0.02191618	0.2117752	5.712817
0.4482600	0.1845251	0.3550394	6.119363	0.1231034	0.4735241	2.365478	0.03100961	6.233392	2.360564	0.004255697	0.2074214	5.772649
0.4457336	0.1537837	0.4222713	6.097492	0.1178738	0.4729810	2.343354	0.02996194	6.223784	2.254071	-0.005910599	0.1923694	5.769799
0.4384054	0.1335961	0.4693331	6.098766	0.1662309	0.4696725	2.282674	0.03094180	6.220520	2.256675	-0.003171539	0.2179564	5.746750
0.4378397	0.1188856	0.5071735	6.082940	0.2853300	0.4657704	2.335577	0.02592997	6.207587	2.331628	-0.005675394	0.1845981	5.720821
0.4451876	0.1349171	0.4795740	6.077159	0.1888936	0.4694474	2.433996	0.02613247	6.201884	2.372348	0.01965546	0.1657358	5.734954
0.4419347	0.1320683	0.4424501	6.103940	0.04381905	0.4691774	2.317290	0.03065419	6.211211	2.264539	0.008733842	0.2074419	5.729550
0.4467907	0.1656862	0.3702629	6.104472	0.09326118	0.4725818	2.333355	0.02920915	6.234086	2.217143	-0.0004610196	0.1804909	5.786865
0.4397403	0.1153159	0.5553609	6.074673	0.2579859	0.4676952	2.395713	0.02940880	6.192271	2.270624	0.02204152	0.2002500	5.704791
0.4349980	0.1248366	0.4941553	6.091398	0.06631757	0.4656096	2.289732	0.02876380	6.218367	2.223814	0.0005670889	0.1788300	5.769817
0.4461644	0.1449143	0.4659774	6.087627	0.2166708	0.4713920	2.386025	0.02902370	6.206105	2.392522	0.008005661	0.2111443	5.713456
0.4471739	0.1686834	0.4290024	6.098063	0.1976293	0.4757271	2.404130	0.03355088	6.204158	2.380356	-0.01581616	0.2268104	5.721930
0.4404693	0.1322662	0.4832947	6.092768	0.1287989	0.4713996	2.357826	0.02770445	6.225462	2.274940	-0.03018500	0.1711904	5.785827
0.4402303	0.1294571	0.4973208	6.089110	0.2106332	0.4663424	2.353307	0.02775097	6.215245	2.325906	0.02380657	0.2013596	5.729310
0.4476278	0.1859150	0.3783489	6.123757	0.1853079	0.4751407	2.407906	0.03218491	6.227612	2.380804	0.01423407	0.2020913	5.773500
0.4399969	0.1145101	0.5027099	6.088018	0.1996219	0.4670064	2.349647	0.02565944	6.213137	2.313031	0.01140724	0.1660808	5.752958
0.4355827	0.1369741	0.4134973	6.102103	0.05390276	0.4683627	2.223464	0.02955157	6.229723	2.150494	-0.01607365	0.1973566	5.767608
0.4452149	0.1441941	0.4292954	6.099618	0.1605187	0.4709582	2.360925	0.03205541	6.204630	2.300657	0.005998139	0.2206746	5.716077
0.4421775	0.1475772	0.4192053	6.100640	0.09030909	0.4697497	2.309692	0.03314943	6.209312	2.265433	-0.002685682	0.2285016	5.724164
0.4406560	0.1364580	0.5033631	6.087453	0.2343404	0.4694154	2.354963	0.02959620	6.210843	2.350428	-0.004569111	0.2040599	5.732896
0.4393330	0.1426779	0.4009660	6.111724	0.1841612	0.4681222	2.288370	0.02871989	6.222878	2.290367	0.005765929	0.1801332	5.765284
0.4494993	0.2062294	0.3121410	6.109362	0.04361492	0.4770120	2.394466	0.03359076	6.219952	2.295373	-0.004860901	0.2175486	5.748050
0.4486782	0.1567180	0.4169876	6.094735	0.1416839	0.4746488	2.393839	0.02778598	6.221135	2.354329	-0.01666940	0.1834072	5.759519
0.4408804	0.1547658	0.4127945	6.101085	0.1157698	0.4715797	2.309370	0.03043287	6.231707	2.205780	-0.01699245	0.1965734	5.782439
0.4408926	0.1395994	0.4944856	6.080437	0.2312282	0.4688490	2.403646	0.02820223	6.207767	2.347441	0.01653435	0.1770494	5.747234
0.4526512	0.1907264	0.4530205	6.095409	0.3408925	0.4765199	2.498751	0.02692957	6.209856	2.492893	0.01058942	0.1812247	5.735707
0.4472051	0.1733933	0.3732852	6.118395	0.1722378	0.4750557	2.382157	0.03105454	6.223202	2.359541	0.02002510	0.2110765	5.748250
0.4457652	0.1589556	0.3704343	6.104094	0.03413625	0.4717408	2.315045	0.03094468	6.220324	2.231499	0.01004983	0.2005395	5.754843
0.4506334	0.1799731	0.3814312	6.110309	0.1450414	0.4747332	2.411476	0.02986132	6.234554	2.323027	0.01882200	0.1955118	5.773881
0.4381705	0.1451788	0.3884071	6.117371	0.02261906	0.4704298	2.228046	0.03236040	6.227303	2.183091	-0.01997494	0.2137264	5.762364
0.4498628	0.1745084	0.3748057	6.119308	0.1082296	0.4752974	2.372497	0.03170973	6.231987	2.359866	0.0003652780	0.2124583	5.764174
0.4344183	0.1434002	0.4357031	6.106691	0.02433925	0.4667891	2.283477	0.03598606	6.211272	2.136291	0.007590497	0.2370938	5.739225
0.4259258	0.1174263	0.4620254	6.109327	0.1517451	0.4628473	2.169631	0.03105609	6.228083	2.095581	0.002103785	0.1903923	5.788313
0.4490174	0.1725229	0.3767823	6.115672	0.06074752	0.4765773	2.362555	0.03289310	6.224937	2.365294	-0.005201464	0.2292355	5.747395
0.4306570	0.1045419	0.5324738	6.087906	0.2321287	0.4638998	2.306585	0.02883232	6.208367	2.180840	-0.0005945312	0.1848620	5.746035
0.4361692	0.1252191	0.4259819	6.106755	0.02287662	0.4671876	2.225528	0.02941600	6.227067	2.116970	0.002123708	0.1773711	5.784742
0.4435473	0.1323141	0.4678561	6.093972	0.2248884	0.4711574	2.359152	0.02614688	6.217335	2.362538	0.003644270	0.1620949	5.762008
0.4389042	0.1399798	0.4538216	6.102007	0.08012934	0.4711844	2.288152	0.03396740	6.212105	2.257845	-0.01821853	0.2360838	5.733646
0.4415348	0.1364814	0.4553324	6.098969	0.1435402	0.4688669	2.317026	0.02944320	6.223707	2.268324	-0.001795534	0.1754652	5.787075
0.4394950	0.1288675	0.4720549	6.088816	0.1773565	0.4677315	2.331028	0.02719424	6.224550	2.263813	0.003990123	0.1853183	5.760055
0.4380924	0.1324606	0.4682318	6.086686	0.04048207	0.4682697	2.358231	0.02827006	6.216172	2.212812	-0.0002325945	0.1870631	5.752446
0.4375273	0.1215426	0.5063093	6.100627	0.2735837	0.4676069	2.338034	0.02967457	6.212204	2.332461	-0.002003288	0.2035113	5.734033
0.4492546	0.1887325	0.3649097	6.112291	0.08630214	0.4756838	2.386498	0.03141323	6.233558	2.297682	-0.01135586	0.2010625	5.778918
0.4413254	0.1543377	0.4000610	6.113530	0.1113772	0.4702757	2.324245	0.03403245	6.218391	2.219068	-0.01409497	0.2114229	5.758564
0.4467621	0.1633854	0.3738766	6.113006	0.07660752	0.4737382	2.318824	0.03081398	6.223606	2.307234	0.009871812	0.2025479	5.752284
0.4380250	0.1402722	0.4153145	6.111883	0.1154081	0.4681596	2.254803	0.03106728	6.227963	2.237895	0.005684925	0.2098737	5.759022
0.4487410	0.1901613	0.3551912	6.122302	0.1688238	0.4764842	2.395029	0.03132910	6.229027	2.352780	-0.02040921	0.2053142	5.762446
0.4400384	0.1311672	0.4547322	6.090315	0.1476371	0.4688113	2.341987	0.02653644	6.224500	2.246593	0.01263954	0.1687458	5.775737
0.4517041	0.1877708	0.3709768	6.102517	0.1336523	0.4768927	2.434288	0.03016166	6.219216	2.361511	-0.003462694	0.1982305	5.749391
0.4510895	0.2089386	0.3353095	6.114052	0.1735728	0.4770697	2.420395	0.02913684	6.226068	2.424061	-0.002022713	0.1897684	5.766330
0.4519564	0.1950350	0.3438634	6.108916	0.1032694	0.4771714	2.423617	0.03213429	6.211597	2.403436	-0.002276902	0.2195275	5.725171
0.4498225	0.1746396	0.4061388	6.099322	0.1155168	0.4741926	2.427806	0.03392313	6.204328	2.388292	0.02158495	0.2297488	5.717585
0.4386832	0.1225399	0.4866522	6.090542	0.2124975	0.4671451	2.303695	0.02841900	6.214401	2.257208	-0.01010656	0.1979115	5.738978
0.4412354	0.1442029	0.4718210	6.090761	0.2194675	0.4684570	2.403666	0.02854097	6.215813	2.356585	0.02405633	0.1895670	5.746735
0.4469641	0.1792749	0.3597508	6.120753	0.1328302	0.4719838	2.350527	0.03165660	6.228563	2.333686	0.04195114	0.2160854	5.755903
0.4352802	0.1215936	0.4993525	6.092233	0.08684010	0.4659933	2.317122	0.02834180	6.216492	2.262638	-0.003749781	0.1943647	5.740473
0.4381311	0.1381240	0.4635689	6.099930	0.1472090	0.4701048	2.311910	0.03037340	6.220369	2.282817	-0.01106718	0.1962144	5.760362
0.4400113	0.1527348	0.3925056	6.107402	0.03122196	0.4693774	2.299800	0.03259189	6.220134	2.144591	-0.007061316	0.2098024	5.752193
0.4375964	0.1318694	0.4617643	6.090957	0.1662597	0.4669059	2.308493	0.02891755	6.214755	2.246270	-0.002261193	0.2042323	5.735879
0.4441530	0.1611291	0.4077506	6.102397	0.1359772	0.4733894	2.362837	0.02866382	6.241089	2.211895	-0.02733568	0.1772814	5.805361
0.4448222	0.1713653	0.3903688	6.111030	0.1475748	0.4732041	2.375435	0.03440705	6.215348	2.229063	-0.003627926	0.2280590	5.738735
0.4349620	0.1172214	0.4974836	6.090303	0.2364788	0.4672864	2.304280	0.02786220	6.211681	2.224147	0.001510024	0.1787250	5.754930
0.4455344	0.1397601	0.4971155	6.081222	0.2962672	0.4714134	2.457881	0.02774447	6.199461	2.406522	0.03182596	0.1873163	5.718385
0.4353205	0.1351900	0.4320032	6.102911	0.02355555	0.4666865	2.235912	0.03313274	6.212938	2.134809	-0.003192009	0.2188851	5.745259
0.4430191	0.1479881	0.4491498	6.102946	0.1937314	0.4720946	2.352473	0.02843567	6.240176	2.263560	-0.007583806	0.1847703	5.794642
0.4388169	0.1423327	0.4012518	6.112721	0.01752039	0.4707659	2.228306	0.02949513	6.242460	2.147297	-0.03591289	0.1858707	5.800910
0.4443796	0.1581426	0.4150623	6.100441	0.1781954	0.4706192	2.351052	0.03007779	6.218781	2.324512	0.003279888	0.2063678	5.740518
0.4339352	0.1197636	0.4388977	6.103652	0.06583419	0.4649210	2.219497	0.02641464	6.232951	2.218637	0.004071465	0.1870423	5.759828
0.4231786	0.1028668	0.4813568	6.109887	0.1414046	0.4634078	2.143851	0.02814977	6.243617	2.012284	-0.01087899	0.1832120	5.800025
0.4476391	0.1890667	0.3548283	6.117901	0.1482446	0.4749975	2.360104	0.02862443	6.243322	2.356548	0.005897960	0.1856888	5.796712
0.4392894	0.1607906	0.3720814	6.112107	0.03513292	0.4685362	2.278373	0.03505474	6.217594	2.195887	0.007942939	0.2248812	5.751315
0.4392865	0.1307187	0.4639584	6.095942	0.1668929	0.4679894	2.316453	0.03183409	6.204439	2.295487	0.01391709	0.2136518	5.723817
0.4290814	0.1210660	0.4259103	6.102183	0.1213043	0.4638051	2.221485	0.03031140	6.217519	2.057184	0.02144607	0.1960317	5.753563
0.4383797	0.1312526	0.4550498	6.093176	0.1806398	0.4683787	2.308697	0.02807379	6.215403	2.239978	-0.01895295	0.1748098	5.758986
0.4358679	0.1221178	0.4859840	6.095363	0.2061693	0.4652994	2.284201	0.02812452	6.218189	2.277319	0.005827834	0.1850789	5.751489
0.4486249	0.1571323	0.4560276	6.088769	0.1871429	0.4759545	2.436670	0.02956490	6.207434	2.426722	-0.007374793	0.2050675	5.727369
0.4395928	0.1402766	0.4436851	6.100969	0.03078043	0.4708890	2.293687	0.02972524	6.231378	2.228393	-0.02543442	0.2009669	5.766404
0.4433311	0.1576892	0.4156410	6.105380	0.1752833	0.4698314	2.324694	0.02971075	6.228435	2.301231	0.007951236	0.1910425	5.778086
0.4459320	0.1723063	0.3835475	6.099848	0.05973257	0.4744243	2.375765	0.02971831	6.235259	2.252426	-0.02000410	0.1934315	5.783023
0.4449168	0.1800752	0.3548305	6.122164	0.07933358	0.4733137	2.329664	0.03227191	6.239549	2.247857	-0.01035663	0.1933363	5.807420
0.4382276	0.1463995	0.4143075	6.113303	0.05841670	0.4697484	2.252137	0.03153208	6.235502	2.217452	0.007031016	0.1987071	5.787001
0.4331544	0.1187043	0.4832853	6.096944	0.1004524	0.4669433	2.268610	0.03207855	6.207997	2.125634	-0.005634584	0.1915960	5.759009
0.4344660	0.1285374	0.4091631	6.106917	0.1516351	0.4659678	2.214216	0.02849708	6.224586	2.203973	-0.002981740	0.1831074	5.762667
0.4315386	0.1120609	0.4567561	6.109246	0.1374763	0.4657044	2.173309	0.02839797	6.230248	2.167754	0.0004447852	0.1936298	5.764871
0.4476390	0.1449552	0.4764150	6.092437	0.2791905	0.4730952	2.407361	0.02994736	6.200736	2.404445	-0.004531492	0.2010786	5.721105
0.4306515	0.1184029	0.4594221	6.104091	0.07756614	0.4635351	2.223159	0.02876826	6.230444	2.114929	0.004388932	0.1833067	5.782706
0.4447133	0.1198886	0.5464477	6.071318	0.2547257	0.4695926	2.416774	0.02593380	6.203763	2.371458	0.008399611	0.1726888	5.730154
0.4378102	0.1328451	0.4079379	6.109942	0.07587052	0.4666965	2.234988	0.03121886	6.219897	2.157416	0.02245476	0.2047011	5.750444
0.4403640	0.1491313	0.4033079	6.109775	0.08295299	0.4693072	2.285179	0.03212337	6.225839	2.218350	0.007869808	0.2179504	5.754523
0.4443172	0.1517359	0.3784820	6.115904	0.1083409	0.4697309	2.308097	0.03057865	6.224188	2.306477	-0.0001813922	0.2070860	5.746915
0.4472180	0.1661124	0.3588969	6.113957	0.1284913	0.4734747	2.327048	0.02795484	6.237809	2.323557	0.004730012	0.1832168	5.784259
0.4334297	0.1148295	0.4646935	6.097235	0.1618159	0.4644772	2.282442	0.02803942	6.214746	2.209465	0.003763675	0.1897012	5.742134
0.4413997	0.1415877	0.3945288	6.117449	0.1393986	0.4689859	2.271215	0.02968589	6.231929	2.266874	0.01629314	0.1976666	5.764102
0.4450093	0.1456319	0.4563071	6.091684	0.08671394	0.4713206	2.358993	0.03181273	6.206936	2.316087	0.002756196	0.2241285	5.720808
0.4460332	0.1608914	0.4283137	6.092236	0.2004027	0.4732854	2.400279	0.03092547	6.203482	2.387163	0.005125582	0.2299553	5.702555
0.4374176	0.1358789	0.4270356	6.103146	0.1405159	0.4668764	2.306632	0.03186249	6.208395	2.220422	0.01560580	0.2226996	5.712946
0.4435054	0.1532316	0.4007696	6.105099	0.1356413	0.4712053	2.292032	0.02861377	6.233123	2.296167	0.006200534	0.1885666	5.778223
0.4416489	0.1434683	0.4304533	6.100120	0.1345577	0.4683903	2.311766	0.03028388	6.222101	2.279032	0.01922339	0.2115437	5.743938
0.4434908	0.1392869	0.4608839	6.093528	0.1491942	0.4704478	2.341535	0.03158580	6.209697	2.287021	0.007375236	0.2189421	5.724344
0.4369703	0.1190634	0.4976035	6.094299	0.1034284	0.4666126	2.302768	0.02960946	6.206871	2.255548	-0.004360112	0.1841869	5.746045
0.4351259	0.1132654	0.5522570	6.078228	0.2092549	0.4652500	2.321168	0.02915997	6.203440	2.224445	0.01262887	0.1951645	5.733787
0.4443248	0.1753300	0.3435583	6.121455	0.05521591	0.4710121	2.303033	0.03217142	6.231984	2.265068	0.003999140	0.2110229	5.765722
0.4462385	0.1702668	0.4123820	6.102445	0.1637150	0.4727858	2.401896	0.03252413	6.214982	2.329630	0.02359721	0.2346932	5.722970
0.4483605	0.2120616	0.2762137	6.129359	0.03962295	0.4752401	2.360587	0.03041445	6.245516	2.271359	0.01301740	0.1887185	5.799378
0.4434524	0.1432665	0.4967007	6.090176	0.2873002	0.4709905	2.390437	0.02996156	6.207554	2.391864	0.001452683	0.2065837	5.731597
0.4389565	0.1120364	0.4957452	6.085569	0.1940572	0.4671540	2.322135	0.02699444	6.202026	2.279889	0.0004069483	0.1786908	5.725250
0.4453880	0.1668039	0.4029852	6.098019	0.1306858	0.4726742	2.386653	0.03047149	6.217053	2.299164	0.003203661	0.1911796	5.761357
0.4345226	0.1174332	0.4628854	6.098870	0.1615584	0.4648704	2.261569	0.02903453	6.221393	2.119065	0.008012424	0.1825053	5.771391
0.4424011	0.1309219	0.4843430	6.095064	0.2414230	0.4691303	2.369239	0.02708804	6.218571	2.371378	0.003573546	0.1913041	5.738896
0.4425818	0.1231519	0.5287174	6.079745	0.3229245	0.4684900	2.371932	0.02592984	6.205096	2.364592	-0.001149475	0.1772228	5.729333
0.4375437	0.1490001	0.4129302	6.104123	0.09952368	0.4680660	2.256753	0.02935108	6.239695	2.149835	-0.01141797	0.1833731	5.801829
0.4397134	0.1335344	0.4766542	6.097615	0.2094727	0.4693027	2.317482	0.03157381	6.207958	2.311987	0.009465624	0.2185313	5.723385
0.4428184	0.1342093	0.5154876	6.083401	0.2902716	0.4700567	2.395099	0.03038278	6.195392	2.373832	0.005835804	0.2220651	5.692958
0.4414982	0.1579363	0.3951223	6.108661	0.01551719	0.4701788	2.289249	0.03202595	6.227415	2.258714	-0.01635135	0.2011270	5.778119
0.4444761	0.1400487	0.4598159	6.102890	0.1735343	0.4712220	2.357286	0.02881124	6.221683	2.365221	0.009259368	0.1832757	5.765727
0.4475824	0.1832124	0.3614508	6.118252	0.08789544	0.4746186	2.350525	0.03536582	6.218947	2.344799	0.004053548	0.2295360	5.749035
0.4426509	0.1589538	0.3676556	6.118140	0.08356674	0.4699769	2.305572	0.03297970	6.219916	2.290318	0.02870229	0.2354560	5.729638
0.4447344	0.1537795	0.4340655	6.102382	0.1814791	0.4731205	2.345549	0.02793060	6.236440	2.332802	-0.01041045	0.1913836	5.779530
0.4465582	0.1763415	0.3865692	6.102437	0.07256399	0.4731296	2.418691	0.03264760	6.215823	2.318442	-0.004219205	0.1974270	5.760981
0.4368482	0.1299136	0.4400271	6.105933	0.07493166	0.4677740	2.230501	0.02748139	6.241717	2.225191	0.0006446182	0.1822097	5.793678
0.4395968	0.1372973	0.4341538	6.103358	0.09134880	0.4691881	2.269823	0.03032426	6.223730	2.259292	0.008533972	0.2141121	5.745938
0.4426234	0.1331372	0.4561880	6.094095	0.09493810	0.4681164	2.341561	0.02982560	6.207517	2.292504	0.03902475	0.2215860	5.702358
0.4442387	0.1467410	0.4129358	6.108580	0.06562994	0.4697508	2.342650	0.02915477	6.226381	2.276036	0.02248587	0.1872621	5.766877
0.4409364	0.1592646	0.3959500	6.110310	0.09791413	0.4689390	2.316310	0.03156162	6.226201	2.230812	0.004209268	0.2006840	5.768798
0.4380985	0.1392799	0.4214611	6.099100	0.09215998	0.4676919	2.327113	0.02887675	6.215264	2.257619	0.009412694	0.1926179	5.737344
0.4420034	0.1605332	0.3755904	6.112474	0.01255041	0.4713310	2.300787	0.03088774	6.229374	2.271726	-0.006854709	0.1947933	5.774929
0.4382856	0.1476608	0.4108850	6.109856	0.1191799	0.4664667	2.268110	0.03476397	6.209593	2.210118	0.02408022	0.2314375	5.730480
0.4428927	0.1563728	0.4371056	6.089277	0.1797763	0.4695408	2.399074	0.03064943	6.203636	2.340410	0.01207783	0.2082066	5.718911
0.4424834	0.1367956	0.4469826	6.096170	0.1163703	0.4690962	2.368242	0.02698665	6.221563	2.307859	0.02803621	0.1638472	5.773228
0.4374757	0.1117595	0.5439766	6.077838	0.3376986	0.4655913	2.375273	0.02672156	6.192658	2.371753	0.002408514	0.2030915	5.684060
0.4358288	0.1154963	0.5326920	6.087005	0.2487988	0.4674345	2.345351	0.02873543	6.215800	2.224649	-0.009135217	0.1794174	5.767324
0.4500038	0.1885549	0.3744546	6.106367	0.03766262	0.4757659	2.418281	0.03252287	6.221382	2.364689	-0.007633469	0.2126046	5.754129
0.4453299	0.1441402	0.4395724	6.091839	0.1361121	0.4727031	2.398342	0.02719298	6.214682	2.368072	0.002058741	0.1780556	5.750840
0.4480125	0.1669813	0.3950121	6.104127	0.1825225	0.4733605	2.384345	0.02922827	6.222032	2.338254	-0.001035168	0.1927328	5.756339
0.4316282	0.1123921	0.4866347	6.087172	0.02221465	0.4658022	2.247898	0.02606655	6.227204	2.143394	-0.01713903	0.1704281	5.781930
0.4331060	0.1282917	0.4348891	6.094282	0.09069387	0.4673986	2.245947	0.02701843	6.234246	2.149463	-0.01398608	0.1795197	5.779980
0.4473331	0.1534405	0.4049580	6.101636	0.1116548	0.4731959	2.357417	0.02818763	6.231642	2.292849	0.0008016712	0.1856276	5.772640
0.4355664	0.1069004	0.5540235	6.071478	0.3287271	0.4655162	2.340228	0.02490840	6.205910	2.328444	-0.003076635	0.1709788	5.733281
0.4528106	0.2068522	0.3233304	6.125727	0.1436815	0.4761518	2.405456	0.02957841	6.238278	2.383890	0.006054681	0.1837132	5.791914
0.4340874	0.1294184	0.4595324	6.097933	0.02424597	0.4697019	2.288376	0.02825242	6.233560	2.173929	-0.04813472	0.1714500	5.804557
0.4458224	0.1374938	0.4773328	6.090959	0.2093454	0.4719902	2.405770	0.03012741	6.203663	2.354328	0.01007034	0.1865680	5.741882
0.4359777	0.1294280	0.4989141	6.084818	0.09591078	0.4684993	2.345150	0.02855339	6.225535	2.191444	-0.02280826	0.1903297	5.770757
0.4426769	0.1581116	0.3960951	6.109439	0.1298935	0.4701404	2.316486	0.03271098	6.218554	2.237708	0.01611502	0.2088068	5.759449
0.4362833	0.1140269	0.4742343	6.100791	0.08997168	0.4688676	2.246022	0.02935154	6.217921	2.175448	-0.001494133	0.2007792	5.744431
0.4393023	0.1214296	0.5176890	6.075274	0.2775883	0.4672468	2.372197	0.02499912	6.215033	2.347310	-0.001501761	0.1718505	5.742771
0.4470416	0.1525885	0.4519184	6.090053	0.01356767	0.4740672	2.425046	0.02953776	6.216069	2.333292	-0.008539381	0.1980626	5.743145
0.4299140	0.1102931	0.5182681	6.095296	0.1635805	0.4639361	2.259100	0.02903850	6.215628	2.227648	-0.01127700	0.1987811	5.744652
0.4406739	0.1404341	0.4424897	6.101125	0.1981466	0.4694587	2.279336	0.02861737	6.226094	2.262891	-0.001895216	0.1920043	5.764035
0.4439852	0.1570609	0.3946790	6.105098	0.04591186	0.4700716	2.330954	0.03010601	6.224918	2.317458	0.001902768	0.2118529	5.740614
0.4366544	0.1215454	0.4856316	6.091528	0.1734923	0.4677273	2.269273	0.03104085	6.209041	2.192722	-0.005025345	0.2143369	5.727193
0.4326972	0.1018663	0.5482482	6.081858	0.3523969	0.4639078	2.296788	0.02464585	6.207922	2.268397	0.003317635	0.1644282	5.736727
0.4479513	0.1791121	0.3605284	6.113734	0.1181069	0.4745289	2.379860	0.03302204	6.215861	2.363158	0.005599847	0.2289793	5.731368
0.4376776	0.1215589	0.4897165	6.093481	0.07421838	0.4675246	2.325856	0.03224771	6.197748	2.215480	-0.01182540	0.2163758	5.713535
0.4370854	0.1273550	0.4220588	6.108281	0.04185457	0.4685385	2.235120	0.02885401	6.228337	2.213131	-0.01216294	0.1822700	5.778613
0.4518016	0.1798820	0.3598878	6.114676	0.03690021	0.4779773	2.381253	0.03171002	6.227851	2.310100	-0.01300250	0.1934782	5.781181
0.4318452	0.1134274	0.4765929	6.101202	0.09573577	0.4656238	2.218879	0.02654936	6.232342	2.215594	-0.01078780	0.1721133	5.782267
0.4258730	0.1090159	0.4774556	6.100213	0.1017341	0.4625673	2.180571	0.02889564	6.225092	2.068295	0.001480151	0.1839335	5.771934
0.4403367	0.1250510	0.4537620	6.092378	0.1470547	0.4680660	2.295866	0.02867524	6.207438	2.257977	0.007722145	0.1979613	5.723286
0.4447030	0.1696628	0.3698542	6.114291	0.1035023	0.4717806	2.364111	0.02857874	6.240004	2.326324	-0.006796280	0.1842557	5.788898
0.4363008	0.1145340	0.5186353	6.082760	0.1727596	0.4657344	2.291100	0.02867700	6.205011	2.236023	0.01390835	0.1950429	5.730512
0.4483271	0.1762217	0.4096539	6.106214	0.2393177	0.4741772	2.454927	0.02992934	6.214236	2.420954	0.01079609	0.1974536	5.737356
0.4294704	0.1261738	0.4186202	6.120128	0.06487638	0.4632354	2.172683	0.03135908	6.235300	2.082857	-0.0001998250	0.1957959	5.787631
0.4370429	0.1428657	0.3910099	6.122580	0.08534458	0.4671239	2.228929	0.03150990	6.231518	2.209872	0.01251918	0.1987605	5.775745
0.4437271	0.1360267	0.5169822	6.080236	0.2630931	0.4706410	2.448145	0.02834844	6.201493	2.368644	0.03447231	0.1935974	5.716399
0.4491933	0.2019989	0.3361690	6.128330	0.1253893	0.4754016	2.368965	0.03232349	6.237014	2.343287	0.01030995	0.2094358	5.777933
0.4418773	0.1646824	0.3307093	6.119758	0.02513682	0.4704171	2.253964	0.03153742	6.233558	2.221300	0.009719111	0.2030760	5.772273
0.4477197	0.1324261	0.4973689	6.076346	0.2818749	0.4713535	2.425950	0.02639979	6.198798	2.432086	0.01259855	0.1934649	5.701457
0.4429497	0.1436157	0.3989533	6.105338	0.1222369	0.4682562	2.284046	0.02935062	6.220445	2.292708	0.007739098	0.2105088	5.732562
0.4507982	0.2084034	0.3230093	6.124676	0.1742233	0.4771388	2.396061	0.02831718	6.237883	2.362170	0.007889979	0.1803696	5.785324
0.4479007	0.1426645	0.4972596	6.071681	0.3000539	0.4715861	2.464291	0.02811435	6.183878	2.446129	0.02922753	0.1943134	5.686749
0.4438015	0.1558807	0.3803157	6.117763	0.08245262	0.4717699	2.298489	0.02985784	6.236304	2.281909	-0.01033476	0.2067614	5.764800
0.4356349	0.1337079	0.4468145	6.102733	0.1359785	0.4675947	2.262070	0.02880481	6.231262	2.236220	-0.004574438	0.1925941	5.776162
0.4415963	0.1444030	0.4678073	6.098928	0.2233274	0.4683624	2.344478	0.02775187	6.229843	2.323024	0.007473315	0.1778838	5.778949
0.4461358	0.1344685	0.5481585	6.075416	0.3442112	0.4703281	2.451026	0.02707223	6.198503	2.460498	0.02257707	0.1889651	5.712003
0.4411396	0.1335423	0.5091852	6.081646	0.2569450	0.4695400	2.386335	0.02914210	6.209856	2.256631	0.004206506	0.1837804	5.757950
0.4472259	0.1565355	0.4303558	6.099110	0.2188913	0.4732379	2.399384	0.02950700	6.209873	2.394378	0.009757599	0.2032603	5.726360
0.4431567	0.1431494	0.4573251	6.102503	0.2294123	0.4720022	2.359056	0.02890080	6.222467	2.320863	0.01676054	0.2027625	5.746179
0.4459834	0.1771320	0.3340469	6.122479	0.02529635	0.4731595	2.337174	0.02949223	6.242327	2.268547	0.01483387	0.1773624	5.802412
0.4369347	0.1433020	0.4024066	6.111096	0.05920020	0.4670894	2.268606	0.02896422	6.239465	2.180088	-0.0006048874	0.1710652	5.812217
0.4462348	0.1663997	0.4269199	6.103412	0.1313812	0.4739315	2.406885	0.03088466	6.223626	2.384332	0.01095084	0.1909915	5.778011
0.4388677	0.1406454	0.4361580	6.107765	0.1429157	0.4685474	2.275285	0.03028068	6.230071	2.235490	-0.001019770	0.1948701	5.778451
0.4416721	0.1466295	0.4486749	6.100882	0.2177149	0.4695400	2.319301	0.02906085	6.222766	2.302242	-0.00005297835	0.1932204	5.759242
0.4404992	0.1171247	0.5391019	6.067507	0.3300545	0.4652704	2.410930	0.02546522	6.189201	2.416662	0.03159907	0.1857168	5.691858
0.4367017	0.1221703	0.4620077	6.087384	0.1589599	0.4662592	2.297362	0.02641890	6.214796	2.198144	0.006444421	0.1614179	5.764894
0.4376654	0.1098523	0.5547437	6.079252	0.3421550	0.4671014	2.349162	0.02508480	6.210583	2.316299	-0.02281343	0.1725177	5.738245
0.4453508	0.1370361	0.4856960	6.078951	0.2663006	0.4694541	2.441348	0.02841493	6.196482	2.351057	0.01516367	0.1926917	5.709958
0.4436223	0.1762096	0.3463582	6.123067	0.09903141	0.4700394	2.304005	0.03343354	6.228349	2.267950	0.01898418	0.2330167	5.744703
0.4438681	0.1701024	0.4080331	6.096644	0.1502051	0.4727117	2.374904	0.03126772	6.219695	2.284715	0.002429325	0.2086749	5.751991
0.4428546	0.1489899	0.4173390	6.102360	0.1754041	0.4690357	2.329851	0.03203317	6.208430	2.277022	0.01888869	0.2205385	5.726286
0.4475804	0.1602738	0.4047704	6.093434	0.1338501	0.4730387	2.386551	0.02619723	6.229313	2.364068	0.003586478	0.1806077	5.761801
0.4429585	0.1516790	0.3946293	6.110487	0.1125801	0.4718601	2.267182	0.03024395	6.228711	2.265557	-0.001180591	0.1921289	5.776200
0.4328136	0.1176095	0.4908654	6.084808	0.1842550	0.4634137	2.286712	0.02869001	6.207291	2.211280	0.005929476	0.2002318	5.725943
0.4396759	0.1361321	0.4353013	6.105850	0.2032573	0.4694424	2.303444	0.03096922	6.211444	2.273192	-0.008426727	0.2078075	5.731854
0.4431897	0.1309847	0.5127397	6.086254	0.2887063	0.4704987	2.398932	0.02680253	6.214678	2.397469	0.02118754	0.1865777	5.739711
0.4355603	0.1167667	0.5286542	6.082724	0.1968237	0.4663426	2.310347	0.02823182	6.211797	2.267868	-0.01381013	0.1917749	5.744338
0.4484275	0.1812500	0.3706984	6.107545	0.1550633	0.4751322	2.391608	0.03066178	6.221713	2.352299	-0.01451768	0.1974840	5.756207
0.4318268	0.1255203	0.4164215	6.117892	0.03998320	0.4671790	2.195438	0.03194891	6.234032	2.016643	-0.005685927	0.1945429	5.795831
0.4447623	0.1573317	0.4323852	6.095291	0.2274475	0.4712974	2.397364	0.02893234	6.211009	2.390430	0.005436674	0.2041359	5.723338
0.4435788	0.1584809	0.3760189	6.110466	0.05267697	0.4704077	2.320330	0.03121503	6.226464	2.268942	0.01078475	0.2132063	5.752338
0.4477980	0.1676329	0.3646714	6.116779	0.1490009	0.4746236	2.358874	0.02880336	6.230219	2.361915	0.002513549	0.1963172	5.755548
0.4496653	0.1741937	0.3662293	6.110674	0.1033136	0.4751767	2.388437	0.03123718	6.218541	2.350928	0.01324592	0.2266144	5.727536
0.4455886	0.1262867	0.5272667	6.071828	0.3191219	0.4687023	2.437899	0.02400900	6.205802	2.411359	0.04049852	0.1569028	5.737747
0.4362694	0.1405549	0.4115980	6.117022	0.1025595	0.4683609	2.250665	0.02891022	6.248658	2.166425	-0.01502843	0.1848168	5.808051
0.4489642	0.1720611	0.3818945	6.108167	0.03182047	0.4747562	2.386203	0.03417255	6.208589	2.366644	0.005955989	0.2380444	5.719529
0.4480850	0.1661078	0.4761332	6.090540	0.3061414	0.4721282	2.459454	0.02929463	6.204411	2.436237	0.03110780	0.2031301	5.722044
0.4389010	0.1329598	0.4359057	6.114542	0.1155298	0.4661629	2.256722	0.03039789	6.230500	2.238689	0.01686793	0.1984688	5.767753
0.4398283	0.1152732	0.5095109	6.084373	0.2226826	0.4675932	2.347401	0.02700904	6.207745	2.309674	0.006196694	0.1881312	5.726505
0.4460263	0.1643235	0.4036873	6.103962	0.1027216	0.4724990	2.352809	0.03183126	6.217477	2.344297	0.0005655657	0.2166989	5.746229
0.4353244	0.1250688	0.4168198	6.108963	0.05502868	0.4666996	2.246963	0.02930240	6.224601	2.146166	0.02251557	0.1940930	5.754373
0.4439832	0.1457606	0.4544736	6.101153	0.2028116	0.4703957	2.369219	0.02679614	6.232045	2.383954	0.01962273	0.1707599	5.785638
0.4406192	0.1455497	0.4101688	6.106993	0.07357190	0.4697838	2.279956	0.03088688	6.231815	2.187281	-0.01722440	0.1913918	5.784552
0.4446116	0.1582152	0.3946839	6.093691	0.07875248	0.4716966	2.358932	0.02892157	6.218181	2.332652	-0.004077174	0.1893605	5.752915
0.4498513	0.1483628	0.5149572	6.086664	0.3380984	0.4729934	2.478228	0.02780875	6.206273	2.468905	0.02422818	0.1961627	5.721245
0.4449888	0.1584952	0.4051626	6.111962	0.08651959	0.4712675	2.331075	0.03119311	6.223382	2.339136	0.02188233	0.2103969	5.750493
0.4535043	0.2215991	0.3168222	6.120828	0.1868527	0.4776713	2.444598	0.02639729	6.238654	2.388706	0.01089361	0.1641486	5.794261
0.4428429	0.1280380	0.4956766	6.094031	0.2336666	0.4683650	2.352067	0.02783465	6.216657	2.345323	0.01296071	0.1856809	5.744763
0.4388966	0.1299380	0.4816882	6.093803	0.2125178	0.4682375	2.328955	0.02858326	6.216041	2.300433	-0.01322648	0.1812856	5.758074
0.4429329	0.1433636	0.4832542	6.088087	0.2412338	0.4700165	2.373547	0.03107614	6.203302	2.321475	0.006213233	0.2176877	5.715514
0.4420795	0.1291261	0.4799632	6.096022	0.2708958	0.4675648	2.348694	0.02780400	6.206519	2.338373	0.02265439	0.1883173	5.725729
0.4410893	0.1224781	0.5088459	6.087091	0.2270130	0.4680044	2.372950	0.02698419	6.210156	2.382819	0.02249977	0.1903639	5.724302
0.4378453	0.1329804	0.4594616	6.088536	0.09104556	0.4674991	2.325386	0.02868844	6.215405	2.261904	0.007173836	0.1872179	5.751268
0.4462744	0.1413886	0.4791065	6.090271	0.2195785	0.4717979	2.391047	0.03188467	6.198422	2.322176	0.008939688	0.2379844	5.686704
0.4419632	0.1487581	0.4137864	6.105729	0.1063835	0.4709720	2.313113	0.02950218	6.225203	2.311209	0.002365007	0.1873733	5.771153
0.4437506	0.1518614	0.3800886	6.113364	0.08082471	0.4711353	2.312943	0.03093920	6.221374	2.268387	0.01745384	0.2041815	5.751866
0.4307297	0.1198686	0.4546815	6.093509	0.1108516	0.4641090	2.204525	0.02700688	6.231696	2.168015	-0.01343770	0.1784320	5.778502
0.4404177	0.1370778	0.4546088	6.102335	0.1759553	0.4683859	2.330237	0.02933412	6.218650	2.293578	0.02156331	0.1907953	5.751317
0.4419179	0.1685744	0.3403481	6.114621	0.05893986	0.4703985	2.288062	0.02762489	6.248791	2.227117	0.00003223525	0.1763890	5.807245
0.4349131	0.1382118	0.4498131	6.101457	0.1087597	0.4680891	2.285750	0.03100477	6.229706	2.124143	-0.01577876	0.1838405	5.802360
0.4520481	0.1921443	0.3590303	6.121450	0.1939139	0.4753458	2.411514	0.03314218	6.211370	2.386084	0.02057364	0.2150084	5.732860
0.4371319	0.1315270	0.4519207	6.108194	0.2099416	0.4680516	2.267364	0.03096129	6.221047	2.210257	0.004082932	0.1976180	5.764998
0.4358159	0.1279095	0.4459716	6.110498	0.04398858	0.4666913	2.251241	0.03344189	6.217438	2.140562	0.009715667	0.2240974	5.741319
0.4385357	0.1275323	0.4768400	6.096580	0.06003325	0.4678075	2.341099	0.02857642	6.215252	2.302771	0.02888891	0.1875765	5.745056
0.4369102	0.1155436	0.5186749	6.081726	0.2760468	0.4648945	2.313583	0.02516941	6.216281	2.305178	0.001496007	0.1667075	5.751578
0.4502422	0.1688581	0.4465759	6.090727	0.2213965	0.4753420	2.435218	0.03115473	6.207256	2.385683	-0.006695171	0.1993904	5.742555
0.4298434	0.1145821	0.5245357	6.091694	0.1642175	0.4629053	2.266084	0.02961155	6.219293	2.155192	0.008499029	0.1887292	5.769820
0.4489139	0.1769494	0.4141811	6.111756	0.2940562	0.4733441	2.443475	0.02677140	6.220845	2.414195	0.02070665	0.1734110	5.754308
0.4462158	0.1510694	0.4157497	6.104088	0.1845104	0.4700716	2.339700	0.02899580	6.220155	2.346183	0.03053683	0.2010802	5.741503
0.4407445	0.1391176	0.4054907	6.117344	0.05121860	0.4696401	2.281377	0.03051654	6.227439	2.284770	0.0005039917	0.2017337	5.760357
0.4379674	0.1166686	0.4707327	6.101762	0.1456561	0.4691014	2.298494	0.02774343	6.218391	2.245477	-0.004346136	0.1803656	5.755748
0.4434472	0.1353400	0.4992589	6.077535	0.2461025	0.4687344	2.387296	0.02806910	6.203410	2.342297	0.01929486	0.1909172	5.725416
0.4459588	0.1588139	0.4360629	6.102387	0.07699279	0.4715936	2.377706	0.03473492	6.207984	2.348771	0.01403239	0.2414470	5.719482
0.4425618	0.1497949	0.4467500	6.094571	0.1772151	0.4695883	2.336849	0.03146886	6.216739	2.229750	-0.002178031	0.2104714	5.746873
0.4428408	0.1547396	0.4200141	6.108460	0.1471249	0.4711911	2.325855	0.03327550	6.216883	2.293908	0.01106786	0.2506726	5.720090
0.4414031	0.1112408	0.5653530	6.068115	0.3030487	0.4681058	2.425070	0.02515594	6.197207	2.369025	0.007397274	0.1635641	5.725148
0.4438023	0.1423207	0.4375902	6.098031	0.05596761	0.4715498	2.353063	0.02831646	6.224639	2.343303	-0.009055576	0.1929215	5.755682
0.4470850	0.1471491	0.4399326	6.098506	0.1688689	0.4697328	2.390818	0.02884620	6.212798	2.378924	0.04574044	0.1991015	5.727216
0.4392945	0.1472739	0.4240237	6.100124	0.1241210	0.4681397	2.327196	0.03096228	6.220627	2.252496	0.004541617	0.2130533	5.743203
0.4421348	0.1308412	0.4847650	6.085289	0.2650256	0.4700722	2.417376	0.02586228	6.210222	2.379146	0.0007764776	0.1770198	5.729910
0.4451105	0.1606914	0.4181009	6.092518	0.1310189	0.4725879	2.381285	0.02798875	6.225571	2.325867	-0.008756112	0.1833032	5.768311
0.4466802	0.1939721	0.3422227	6.116934	0.05191235	0.4745540	2.346355	0.03326461	6.230524	2.334744	-0.009719238	0.2104487	5.775539
0.4481652	0.1594084	0.4384969	6.096010	0.1801134	0.4731683	2.389392	0.02984189	6.215060	2.403390	0.01467792	0.2064722	5.734610
0.4351222	0.1350227	0.3944255	6.117604	0.03276301	0.4665239	2.188075	0.03053125	6.238514	2.098013	0.004756420	0.1930631	5.788206
0.4508093	0.2012166	0.3602095	6.115920	0.09721583	0.4766199	2.423761	0.03526102	6.224099	2.347722	0.01983090	0.2298745	5.761749
0.4501480	0.1915240	0.3507823	6.124773	0.1596105	0.4772008	2.421704	0.03290514	6.220471	2.367677	0.0003453000	0.2076082	5.753921
0.4423564	0.1470328	0.4259304	6.104557	0.1632338	0.4707176	2.357730	0.02755999	6.229040	2.328472	0.01117449	0.1741664	5.773632
0.4446053	0.1662296	0.3683886	6.120127	0.07933426	0.4717442	2.361827	0.03324343	6.221347	2.300814	0.03576783	0.2203252	5.746917
0.4402582	0.1366834	0.4306978	6.096236	0.08267248	0.4689273	2.304298	0.03041640	6.208739	2.286995	-0.009063852	0.2026449	5.733445
0.4349431	0.1106108	0.5315085	6.085517	0.2599500	0.4656602	2.313526	0.02676545	6.212844	2.304868	-0.001189711	0.1832270	5.739274
0.4512199	0.1471200	0.5141111	6.071734	0.3243424	0.4724526	2.504503	0.02700478	6.190906	2.489872	0.03257505	0.1855947	5.700728
0.4491316	0.1801704	0.3521780	6.113602	0.1432424	0.4749889	2.396730	0.02772692	6.235149	2.384341	0.006492968	0.1804399	5.779959
0.4319685	0.1117961	0.4735815	6.102347	0.1607638	0.4664543	2.227957	0.03007692	6.224045	2.055793	-0.007690513	0.1806065	5.784409
0.4367294	0.1318203	0.4249825	6.105179	0.1641577	0.4660582	2.266393	0.03115966	6.215079	2.129746	0.007707873	0.2110146	5.732861
0.4473033	0.1558963	0.4433405	6.093682	0.1770428	0.4736072	2.376180	0.03028392	6.214722	2.358902	-0.005604110	0.1983489	5.754052
0.4471171	0.1577695	0.4614038	6.083268	0.2746218	0.4734479	2.452581	0.02788665	6.205119	2.413704	-0.004548131	0.1820520	5.736198
0.4409959	0.1439521	0.4575996	6.102218	0.2419824	0.4701414	2.333874	0.02670738	6.236779	2.308101	-0.0001462205	0.1803787	5.779443
0.4416663	0.1364978	0.4711576	6.079994	0.1829606	0.4702071	2.381057	0.02807589	6.206989	2.310782	-0.01455907	0.1873207	5.732329
0.4329055	0.1161943	0.4870223	6.095769	0.2351153	0.4658982	2.273264	0.02683920	6.227000	2.182293	-0.01427308	0.1720526	5.772771
0.4443585	0.1340194	0.5120628	6.080546	0.3231586	0.4702154	2.447480	0.02657695	6.200297	2.434475	0.009254541	0.1809006	5.719445
0.4491864	0.1798038	0.3595185	6.102463	0.09175161	0.4741373	2.389615	0.03034457	6.220996	2.343628	0.01309999	0.1826978	5.774251
0.4400067	0.1187483	0.4964806	6.081557	0.1511035	0.4682672	2.350480	0.02726550	6.205558	2.267276	-0.01273990	0.1719438	5.739619
0.4455030	0.1715227	0.3628432	6.106257	0.08454804	0.4730568	2.366725	0.02885986	6.234230	2.257584	-0.002214121	0.1832364	5.784637
0.4493530	0.1734474	0.3863447	6.109465	0.09684523	0.4748479	2.374668	0.03195345	6.229499	2.261326	-0.003867785	0.1936663	5.784270
0.4412060	0.1307573	0.4735908	6.089037	0.2641916	0.4659637	2.353144	0.02699888	6.204681	2.372115	0.01712576	0.1848602	5.719747
0.4422358	0.1407791	0.4254127	6.104651	0.07557169	0.4700586	2.297559	0.03123320	6.217935	2.212318	-0.005808791	0.1995627	5.754198
0.4319678	0.1090140	0.4999862	6.093887	0.2123505	0.4629704	2.251519	0.02718756	6.214860	2.238678	0.002407080	0.1853264	5.737210
0.4507770	0.1744897	0.4255827	6.097408	0.2406145	0.4735972	2.451876	0.02787602	6.219766	2.431225	0.03019900	0.1815412	5.757448
0.4447988	0.1661647	0.3890514	6.116258	0.04410746	0.4726125	2.328434	0.03505253	6.216685	2.296290	0.01073325	0.2222403	5.755181
0.4454947	0.1590550	0.3880390	6.104928	0.07286763	0.4703390	2.323165	0.03113159	6.221989	2.280614	0.01490921	0.2081786	5.752596
0.4461352	0.1586088	0.4383506	6.105537	0.1936385	0.4720950	2.397375	0.03373767	6.210015	2.339106	0.01888017	0.2267454	5.735023
0.4376611	0.1318714	0.4436251	6.103392	0.09655996	0.4684535	2.248317	0.03103610	6.222356	2.141270	-0.002808071	0.2043317	5.756849
0.4485206	0.1914431	0.3547429	6.114188	0.09483794	0.4753286	2.398162	0.03258108	6.224866	2.368218	0.02183804	0.2158028	5.755855
0.4407980	0.1260531	0.4823342	6.085346	0.1982708	0.4691188	2.341366	0.02667651	6.212103	2.310292	-0.01747492	0.1771506	5.745021
0.4343159	0.1313540	0.4240403	6.110443	0.1086503	0.4660783	2.239029	0.03171847	6.224390	2.180488	-0.003128702	0.2181902	5.750520
0.4397192	0.1357345	0.4484209	6.104949	0.08765661	0.4692284	2.305019	0.03123738	6.226514	2.209858	0.01016519	0.1932711	5.779394
0.4431619	0.1422657	0.4582877	6.095315	0.1366487	0.4703845	2.345899	0.02897084	6.219529	2.349519	-0.002355321	0.2025313	5.745372
0.4410778	0.1610939	0.4081653	6.111295	0.02792418	0.4695287	2.334263	0.03645643	6.217277	2.189896	0.02674248	0.2367061	5.750074
0.4329879	0.1218929	0.4679433	6.095905	0.02948605	0.4657803	2.278238	0.02925060	6.212862	2.209086	0.0007596970	0.1839211	5.754641
0.4443858	0.1557209	0.4062994	6.100726	0.1015315	0.4716159	2.340924	0.03110159	6.211746	2.318173	0.01161000	0.2215924	5.724560
0.4399319	0.1378577	0.4549320	6.101419	0.2220627	0.4704883	2.323818	0.02977741	6.219481	2.279997	-0.01015324	0.1966688	5.758729
0.4407887	0.1384564	0.4536421	6.105128	0.2197524	0.4675897	2.315777	0.03066112	6.217569	2.289496	0.001037350	0.1967017	5.751322
0.4397887	0.1363746	0.4321948	6.102702	0.02965280	0.4684048	2.287398	0.03188076	6.208949	2.251424	0.002582141	0.2194526	5.720781
0.4360101	0.1251675	0.4643452	6.103554	0.07452453	0.4654257	2.273008	0.02807396	6.229754	2.237766	0.02417703	0.1835386	5.770983
0.4483270	0.1800576	0.3557064	6.112719	0.1002479	0.4759463	2.382275	0.03007532	6.233349	2.337945	-0.01197188	0.1987696	5.772802
0.4467268	0.1627500	0.3736967	6.109229	0.08251410	0.4736847	2.341527	0.03038681	6.224000	2.329744	-0.004262153	0.1894883	5.768328
0.4472583	0.1440970	0.4901202	6.082225	0.2732033	0.4718542	2.412596	0.03092632	6.190526	2.395764	0.003441472	0.2196302	5.692691
0.4425115	0.1357861	0.4676721	6.092780	0.2295672	0.4704409	2.354582	0.02847294	6.209768	2.331531	0.008765243	0.1948884	5.735705
0.4479798	0.1638673	0.4059275	6.106683	0.1579708	0.4747903	2.374032	0.03308323	6.210181	2.348381	-0.005736973	0.2209903	5.730840
0.4460932	0.1643268	0.4072372	6.110115	0.1594076	0.4728780	2.358649	0.02935133	6.237950	2.326401	-0.006703921	0.2022233	5.769635
0.4394479	0.1239919	0.5100986	6.073417	0.2632187	0.4676769	2.383615	0.02517326	6.208004	2.314355	-0.01210869	0.1570590	5.754953
0.4407536	0.1494624	0.4064220	6.109869	0.1358699	0.4698716	2.322052	0.02916622	6.232429	2.281379	0.01057750	0.1807089	5.789436
0.4449999	0.1463317	0.4562290	6.096325	0.2215392	0.4711075	2.379462	0.03145244	6.206070	2.319080	-0.005436007	0.2219718	5.714905
0.4440967	0.1583397	0.4381441	6.103375	0.1628534	0.4712494	2.355630	0.03191433	6.217716	2.351051	0.002973512	0.2183010	5.744429
0.4478280	0.1516991	0.4436525	6.098490	0.1915039	0.4725107	2.385846	0.02778965	6.223535	2.368089	0.01114528	0.1780245	5.767021
0.4377146	0.1255460	0.4717159	6.103400	0.1661240	0.4681575	2.291803	0.03088646	6.210329	2.269518	-0.003954737	0.2040712	5.734613
0.4415940	0.1196226	0.5444142	6.069789	0.3032698	0.4678622	2.397922	0.02803630	6.191045	2.285545	-0.006719796	0.1885827	5.707351
0.4361946	0.1216028	0.4394499	6.101893	0.1187666	0.4692034	2.253606	0.02720951	6.233438	2.139732	-0.01834028	0.1668434	5.791847
0.4489190	0.1825551	0.3749229	6.114601	0.02007319	0.4754300	2.353262	0.03375427	6.228016	2.324724	0.01410131	0.2195898	5.768034
0.4489183	0.1758393	0.3866755	6.098506	0.07398256	0.4750979	2.414070	0.03250364	6.209816	2.357661	0.01248372	0.2049553	5.745199
0.4434423	0.1660170	0.4095379	6.107701	0.1004767	0.4738682	2.359951	0.03323929	6.225106	2.282110	-0.01302568	0.2111104	5.768084
0.4451228	0.1339404	0.5089564	6.084175	0.3279647	0.4685427	2.440608	0.02477706	6.210717	2.422719	0.04916067	0.1609539	5.745363
0.4280620	0.1134467	0.4638100	6.104195	0.04476201	0.4659096	2.183701	0.02569979	6.253689	2.064780	-0.02626825	0.1637465	5.828271
0.4280362	0.09893680	0.5092290	6.089234	0.04779807	0.4627883	2.226627	0.02517622	6.225695	2.143812	-0.0006155476	0.1607326	5.775045
0.4452456	0.1629371	0.3770729	6.115397	0.05279931	0.4722623	2.325722	0.02997308	6.240750	2.232981	0.006542970	0.1870126	5.798119
0.4456817	0.1666893	0.3662184	6.115642	0.08852264	0.4721695	2.335955	0.03536519	6.210225	2.285950	0.01448898	0.2251198	5.735861
0.4385227	0.1328838	0.4664837	6.092888	0.08180020	0.4670048	2.346261	0.02871282	6.221745	2.239137	0.01392121	0.1899981	5.757588
0.4415782	0.1202925	0.4819913	6.093668	0.1112045	0.4694196	2.309995	0.03035461	6.201290	2.272488	0.004657029	0.2090144	5.712548
0.4440982	0.1360339	0.4315082	6.101055	0.1122548	0.4715116	2.317826	0.02861915	6.219692	2.312271	-0.009743233	0.1836675	5.759738
0.4486409	0.1575219	0.4641876	6.093778	0.2750503	0.4735345	2.460004	0.02847402	6.205671	2.448995	0.01110737	0.1909775	5.726707
0.4396443	0.1298168	0.4591734	6.097900	0.04540438	0.4683190	2.315144	0.02940826	6.214692	2.258139	0.02752654	0.1907772	5.751278
0.4433355	0.1584318	0.4142069	6.106326	0.07469270	0.4728248	2.308197	0.03349074	6.221419	2.264305	-0.01681172	0.2261848	5.750260
0.4341950	0.1199844	0.4420273	6.103430	0.1669781	0.4665699	2.210071	0.02873812	6.221810	2.178513	-0.006952943	0.1901703	5.751859
0.4450306	0.1563226	0.4288168	6.099920	0.1256720	0.4730169	2.360635	0.03030715	6.221974	2.356885	-0.01504818	0.2011855	5.757918
0.4357235	0.1314562	0.4579048	6.099313	0.05639974	0.4689995	2.258300	0.03085317	6.224576	2.203402	-0.02417595	0.1947112	5.776574
0.4401669	0.1389261	0.4320830	6.107025	0.1186633	0.4677312	2.302234	0.03162552	6.214550	2.281397	0.01315890	0.2161261	5.734519
0.4429233	0.1605928	0.4324257	6.092631	0.1309996	0.4710466	2.371012	0.03011698	6.223855	2.293646	-0.008662438	0.1897417	5.777016
0.4441665	0.1598418	0.3973675	6.121063	0.09761334	0.4722529	2.315859	0.03570887	6.220180	2.276406	-0.003998155	0.2323379	5.750931
0.4442770	0.1381500	0.4584027	6.103829	0.2044936	0.4710462	2.358514	0.02824679	6.223621	2.364715	0.005699614	0.1890297	5.759711
0.4342126	0.1309167	0.4031927	6.111895	0.09644204	0.4674959	2.204665	0.02839754	6.239925	2.093392	-0.01328793	0.1746044	5.799824
0.4383260	0.1218814	0.4889627	6.089404	0.2017528	0.4675522	2.345747	0.02604845	6.218796	2.302970	0.007736023	0.1771115	5.751679
0.4254360	0.09849751	0.5185145	6.087609	0.1317710	0.4622649	2.233668	0.02472980	6.227275	2.121734	-0.01255868	0.1603464	5.779747
0.4394263	0.1503199	0.3804201	6.110763	0.08875631	0.4677663	2.251849	0.03169391	6.223614	2.196253	0.02228828	0.2077436	5.756808
0.4326068	0.1239592	0.4256036	6.108649	0.03895202	0.4654327	2.168224	0.02997226	6.232527	2.083445	-0.009377251	0.1856993	5.791301
0.4433818	0.1691566	0.3677771	6.122842	0.1229482	0.4699607	2.327060	0.03086746	6.237800	2.247291	0.03029666	0.2021862	5.774527
0.4432989	0.1606714	0.4098494	6.108200	0.1587709	0.4700230	2.347614	0.03369781	6.210877	2.331088	0.002936734	0.2203065	5.734632
0.4435856	0.1399422	0.4628103	6.082782	0.1596204	0.4708860	2.363488	0.02804351	6.209320	2.298430	-0.002195444	0.1788867	5.746052
0.4418826	0.1567500	0.3959301	6.097241	0.1291855	0.4697980	2.344960	0.03024475	6.211496	2.301131	0.001843750	0.1969749	5.739625
0.4474339	0.1506287	0.4945732	6.084045	0.2680873	0.4747160	2.455056	0.02999819	6.199138	2.438199	0.004649271	0.1965105	5.727691
0.4429571	0.1455061	0.4552050	6.088160	0.1117700	0.4711626	2.362467	0.02999099	6.211181	2.303459	0.002276693	0.1938050	5.750989
0.4386050	0.1267692	0.4898206	6.088414	0.2754928	0.4660835	2.362783	0.02833195	6.202261	2.293906	0.03681451	0.2087030	5.703341
0.4441654	0.1296946	0.5275514	6.077755	0.2964834	0.4694646	2.439122	0.02702556	6.201810	2.399639	0.01572183	0.1755267	5.734674
0.4422836	0.1270101	0.4841668	6.090338	0.2542529	0.4681983	2.371729	0.02905306	6.201354	2.310918	0.02586978	0.1956892	5.713265
0.4410974	0.1548017	0.3894232	6.106366	0.05733908	0.4700629	2.305024	0.03049340	6.230329	2.178214	-0.01354284	0.1963152	5.775769
0.4255949	0.1088021	0.4856843	6.099217	0.1339625	0.4666191	2.181485	0.03056201	6.223422	2.020087	-0.03421362	0.1888726	5.783179
0.4484384	0.1784413	0.3680588	6.119723	0.05830811	0.4738379	2.360042	0.03552251	6.221415	2.301991	0.02930489	0.2197283	5.764338
0.4316572	0.1404188	0.3861981	6.128195	0.03983903	0.4678274	2.130839	0.03167774	6.255784	2.047278	-0.01020013	0.2015931	5.818132
0.4428850	0.1675090	0.3593165	6.113569	0.03555904	0.4714504	2.299309	0.02934440	6.241326	2.258466	-0.0004199556	0.1834583	5.799731
0.4262922	0.1112383	0.4369072	6.109526	0.04976411	0.4622908	2.147177	0.02868362	6.234582	2.064350	0.001505366	0.1967790	5.767491
0.4470547	0.1549945	0.4177457	6.100434	0.1764162	0.4735865	2.370356	0.03040907	6.213087	2.326473	-0.009073352	0.2075768	5.730331
0.4441089	0.1401041	0.4862917	6.084920	0.2682223	0.4697074	2.397246	0.02875148	6.202409	2.386476	0.01200250	0.1875688	5.735903
0.4402358	0.1403125	0.4486177	6.093535	0.1118255	0.4691700	2.315543	0.03012018	6.212337	2.300681	0.004974775	0.1971975	5.745593
0.4369371	0.1208426	0.5251298	6.083664	0.2087802	0.4674480	2.339604	0.02690134	6.216416	2.314422	-0.003307817	0.1856973	5.746929
0.4409358	0.1451257	0.4029486	6.111425	0.06456008	0.4702163	2.285290	0.03278814	6.217626	2.253195	0.004701725	0.2236703	5.733287
0.4414090	0.1374546	0.4603043	6.099871	0.2203449	0.4711292	2.334125	0.02948785	6.218540	2.307350	-0.01969083	0.2043400	5.742857
0.4401975	0.1295618	0.4704846	6.093954	0.2035597	0.4668901	2.313086	0.02899740	6.208972	2.303893	0.01895607	0.1916773	5.736383
0.4368836	0.1109675	0.5859848	6.073324	0.3574947	0.4658565	2.363105	0.02812170	6.193217	2.363079	0.00008778557	0.1923252	5.716337
0.4431636	0.1346471	0.4809388	6.084577	0.2684292	0.4696349	2.387698	0.02865670	6.198205	2.342950	0.03166831	0.1897579	5.716494
0.4437382	0.1341529	0.5263217	6.081612	0.3045412	0.4711754	2.418095	0.02773892	6.209521	2.417201	0.009024562	0.1997245	5.728717
0.4375385	0.1134553	0.5391718	6.078606	0.2201190	0.4668653	2.367318	0.02780906	6.199641	2.296438	-0.003807709	0.1957910	5.708093
0.4440892	0.1489048	0.3942645	6.109241	0.1441544	0.4711762	2.335373	0.02616641	6.240052	2.320477	-0.01374523	0.1675009	5.791263
0.4424010	0.1271959	0.5105430	6.086379	0.2570631	0.4705253	2.381846	0.03099838	6.192657	2.338196	0.001642029	0.2245590	5.692270
0.4494377	0.1633290	0.4445038	6.090791	0.2463086	0.4763646	2.438519	0.02852352	6.210424	2.419181	-0.004109132	0.1945719	5.730439
0.4357760	0.1214255	0.4590196	6.100182	0.1196575	0.4666335	2.266215	0.02967363	6.217762	2.196048	-0.01180278	0.1869091	5.759959
0.4445770	0.1540449	0.3728984	6.112306	0.06578926	0.4713210	2.307999	0.02716645	6.244162	2.247436	-0.003667704	0.1676103	5.807569
0.4276192	0.1085392	0.4887852	6.093478	0.1660981	0.4629819	2.232191	0.02677639	6.222105	2.179153	-0.01019146	0.1755074	5.761457
0.4408686	0.1462447	0.4319483	6.107549	0.1511188	0.4678509	2.312913	0.03117927	6.223640	2.231026	0.01836929	0.2086828	5.750229
0.4501864	0.1818667	0.3953585	6.103882	0.1734457	0.4771278	2.437302	0.02985339	6.222278	2.407723	0.005720942	0.2074762	5.744679
0.4372723	0.1264290	0.4439343	6.101940	0.07897959	0.4671244	2.263865	0.03146839	6.205484	2.252568	0.002896235	0.2269513	5.704527
0.4367205	0.1420523	0.4019993	6.109932	0.08457723	0.4678949	2.264502	0.03225736	6.221148	2.158285	-0.004657850	0.1901923	5.779058
0.4431702	0.1528643	0.3957095	6.108564	0.09304812	0.4713373	2.319991	0.03271964	6.210722	2.286056	-0.01098067	0.2119416	5.736977
0.4449764	0.1543588	0.4255281	6.099514	0.1285202	0.4729562	2.359925	0.03219533	6.213949	2.331419	-0.0006627649	0.2226487	5.733821
0.4483365	0.1684653	0.3869722	6.109003	0.1193508	0.4737544	2.385566	0.03235665	6.213894	2.331229	0.01909952	0.2145616	5.738174
0.4448014	0.1642797	0.3870415	6.111893	0.1243569	0.4713533	2.334656	0.03340951	6.211086	2.326205	0.006052845	0.2386121	5.713689
0.4457021	0.1780559	0.3658953	6.111885	0.08820628	0.4735141	2.333481	0.03134743	6.231123	2.327536	0.0009923901	0.2118927	5.764227
0.4504950	0.1937116	0.3490005	6.109882	0.08546229	0.4766218	2.412746	0.03279722	6.221752	2.349505	0.001345785	0.2141052	5.752704
0.4323055	0.1128599	0.5231490	6.088675	0.1498941	0.4643086	2.314387	0.02813319	6.213036	2.241442	0.005179936	0.1918558	5.737306
0.4362459	0.1196596	0.5011989	6.089460	0.09321569	0.4656889	2.311751	0.03062146	6.206156	2.231113	-0.007859240	0.2012101	5.734193
0.4432487	0.1592614	0.3930924	6.108372	0.1367094	0.4707990	2.318465	0.03025414	6.223838	2.283002	0.01443220	0.1961932	5.759479
0.4495249	0.1793112	0.3748677	6.109213	0.1694552	0.4745237	2.375314	0.03031912	6.222931	2.347392	0.008717831	0.2068989	5.750017
0.4404882	0.1401172	0.4404191	6.099753	0.1382303	0.4694528	2.344904	0.02706927	6.234550	2.259556	0.001859203	0.1595971	5.805712
0.4409611	0.1479087	0.4201958	6.109498	0.07762156	0.4685118	2.335932	0.03199181	6.220108	2.279185	0.02108224	0.2154139	5.745473
0.4352132	0.1385870	0.4170070	6.112114	0.03313887	0.4683340	2.244740	0.03196208	6.228173	2.162529	-0.008864418	0.1994211	5.783861
0.4440269	0.1339710	0.4659910	6.093657	0.2197814	0.4703348	2.374136	0.02810406	6.211573	2.349276	0.001741301	0.1713066	5.757158
0.4391129	0.1252002	0.4988402	6.078494	0.1419250	0.4667300	2.359198	0.02754606	6.205739	2.316539	0.009021092	0.1840342	5.731403
0.4459808	0.1391504	0.5029436	6.080107	0.2484298	0.4711870	2.445350	0.02788115	6.200964	2.432656	0.01385320	0.1859823	5.719964
0.4391189	0.1427182	0.4226011	6.093299	0.09719257	0.4679558	2.328726	0.02674698	6.229045	2.222042	0.002113022	0.1613957	5.793201
0.4323301	0.1136851	0.4634470	6.099187	0.04878969	0.4654394	2.214907	0.02973343	6.221443	2.074179	-0.01375859	0.2015721	5.754691
0.4469488	0.1638134	0.4321589	6.093049	0.1645136	0.4735728	2.413793	0.03176966	6.205858	2.377717	-0.01078602	0.2096775	5.730776
0.4493629	0.1850550	0.3531094	6.118813	0.1620618	0.4752496	2.384071	0.03018551	6.228827	2.317600	-0.0006056612	0.1950491	5.763320
0.4447009	0.1689391	0.3877806	6.118196	0.08621572	0.4738521	2.344087	0.03435706	6.225489	2.287562	-0.01227469	0.2103327	5.773513
0.4500704	0.1767132	0.3647166	6.113577	0.06485526	0.4747776	2.375374	0.03268147	6.220458	2.347509	0.002177144	0.2235562	5.739434
0.4490182	0.1851321	0.3375594	6.124224	0.08371971	0.4753584	2.355129	0.03611979	6.213240	2.288482	0.01727599	0.2392809	5.729474
0.4417777	0.1211373	0.4961100	6.086191	0.2701551	0.4667666	2.341702	0.02766870	6.198453	2.297794	0.02427707	0.1994361	5.697567
0.4325189	0.1173485	0.4553230	6.105471	0.1011033	0.4662289	2.213446	0.02856142	6.236219	2.115586	-0.001529704	0.1938384	5.776374
0.4309491	0.1117859	0.4809418	6.100473	0.1650563	0.4667794	2.194039	0.02756997	6.238113	2.044266	-0.02560874	0.1773637	5.797681
0.4364891	0.1176826	0.4693369	6.097062	0.1884912	0.4667361	2.272342	0.02800812	6.215020	2.261267	0.007052923	0.2038294	5.723992
0.4356239	0.1278296	0.4633534	6.100463	0.02140232	0.4660275	2.270820	0.03210205	6.213092	2.206727	0.005718630	0.2173908	5.739274
0.4431297	0.1358542	0.4356431	6.099339	0.1076740	0.4715377	2.335635	0.02835107	6.216827	2.329269	-0.01542166	0.1853420	5.749217
0.4432851	0.1337869	0.4851738	6.088231	0.2377643	0.4683062	2.379063	0.02626473	6.220486	2.347601	0.0004684363	0.1817384	5.744003
0.4468749	0.1339092	0.5192455	6.069623	0.3027712	0.4706227	2.465123	0.02778635	6.186124	2.393793	0.03861577	0.1727964	5.712734
0.4442924	0.1354045	0.4718024	6.094641	0.2137768	0.4694841	2.383784	0.03020070	6.207684	2.298458	0.02390855	0.1945626	5.735188
0.4372015	0.1408324	0.4040079	6.106724	0.08072407	0.4689228	2.248036	0.03135125	6.225403	2.147034	-0.002835405	0.1946226	5.773147
0.4414920	0.1430218	0.4345166	6.093377	0.1070642	0.4698367	2.338229	0.02916210	6.216417	2.305958	-0.004049501	0.1824437	5.757973
0.4394068	0.1346786	0.4381934	6.099339	0.1067097	0.4686195	2.303906	0.02763686	6.226706	2.303671	-0.0009944884	0.1815033	5.768926
0.4412718	0.1409052	0.4797765	6.086934	0.09856258	0.4691631	2.347170	0.03074894	6.211070	2.295154	-0.01452711	0.1990161	5.749851
0.4430237	0.1676926	0.3880766	6.115161	0.05441889	0.4713310	2.351247	0.03529540	6.216555	2.271129	0.004227624	0.2233101	5.750959
0.4493020	0.1638455	0.3947967	6.103848	0.1516257	0.4736416	2.390632	0.03123937	6.210477	2.376775	0.02730055	0.2181296	5.720694
0.4404018	0.1448375	0.4369927	6.110411	0.1577177	0.4691150	2.323520	0.03184855	6.220879	2.251347	0.01540332	0.1977333	5.769188
0.4426397	0.1518320	0.3987130	6.113035	0.1392118	0.4695448	2.315543	0.02940253	6.228896	2.308873	0.009698313	0.2078121	5.746255
0.4481042	0.1679640	0.3763891	6.119105	0.1208813	0.4733901	2.368158	0.02836088	6.239141	2.360218	0.008716595	0.1785623	5.792307
0.4426355	0.1675291	0.3426029	6.122743	0.01988344	0.4721600	2.301917	0.03185219	6.230839	2.259193	0.006177917	0.2090324	5.765135
0.4440575	0.1602918	0.3626179	6.112476	0.08709693	0.4707091	2.324974	0.02857383	6.237834	2.258589	0.01068224	0.1972886	5.765718
0.4328159	0.1172336	0.4693823	6.098350	0.1528815	0.4660787	2.230947	0.02890119	6.222611	2.105775	0.0005729592	0.1803755	5.773143
0.4403291	0.1378496	0.4235846	6.113158	0.1317439	0.4688362	2.290030	0.03196573	6.219193	2.200068	-0.001007539	0.1958019	5.765237
0.4502298	0.2044751	0.3604154	6.121761	0.1758421	0.4775461	2.399199	0.03033259	6.242478	2.356463	-0.01515570	0.1892073	5.801661
0.4361340	0.1133320	0.5492649	6.070258	0.3246426	0.4660082	2.347041	0.02494598	6.208227	2.305984	-0.01516444	0.1655700	5.743117
0.4449025	0.1424893	0.4690899	6.086432	0.2261994	0.4698818	2.403845	0.02639382	6.216996	2.384771	0.001056409	0.1784930	5.745904
0.4388384	0.1255317	0.4748656	6.100693	0.2185730	0.4680144	2.341824	0.02935670	6.212403	2.288752	0.002082868	0.1910635	5.745396
0.4422455	0.1574020	0.3853873	6.111496	0.1432511	0.4699318	2.319873	0.02911203	6.226915	2.317548	0.01612172	0.2034192	5.746682
0.4463354	0.1781137	0.3525095	6.114815	0.05823455	0.4748079	2.331938	0.02967357	6.239273	2.330569	-0.001166655	0.1888900	5.792687
0.4379760	0.1279917	0.4800786	6.084834	0.1108044	0.4663091	2.333052	0.02724572	6.217212	2.265423	0.009960982	0.1772370	5.761676
0.4474228	0.1795018	0.3376976	6.120197	0.06890307	0.4750845	2.320665	0.02995164	6.240807	2.310412	-0.009294497	0.1950102	5.784697
0.4378413	0.1341073	0.4253642	6.101963	0.1433376	0.4662718	2.271805	0.02632008	6.237650	2.204975	0.01827732	0.1728228	5.786148
0.4485771	0.1615981	0.4018559	6.102923	0.08912232	0.4729539	2.372871	0.03277741	6.208501	2.328128	0.02556469	0.2169752	5.729793
0.4485629	0.1822302	0.3455310	6.120934	0.1016379	0.4750086	2.351092	0.03087214	6.237020	2.310177	0.0008626434	0.2009175	5.781471
0.4440258	0.1378267	0.4715655	6.095300	0.04706390	0.4700822	2.359401	0.02848901	6.223901	2.284128	0.004059800	0.1812073	5.771835
0.4416399	0.1552052	0.4203848	6.111981	0.1409269	0.4710521	2.328990	0.03099751	6.230421	2.288985	-0.001619466	0.2035816	5.774118
0.4462485	0.1238418	0.5527102	6.071928	0.3076451	0.4714985	2.437853	0.02729815	6.197295	2.414228	-0.003085766	0.1820366	5.725069
0.4433428	0.1363899	0.4332199	6.097079	0.1521668	0.4694152	2.336725	0.02738301	6.222273	2.288726	0.01447322	0.1886274	5.745872
0.4447840	0.1492017	0.4410644	6.093719	0.1574951	0.4705813	2.366401	0.02906062	6.221562	2.303957	0.01829788	0.1976546	5.751836
0.4448834	0.1635091	0.4215599	6.101681	0.1601651	0.4725359	2.394916	0.03169585	6.217451	2.324661	0.008150690	0.1920187	5.765488
0.4428830	0.1520098	0.4006489	6.107681	0.1472573	0.4710403	2.316024	0.03158391	6.215584	2.278933	0.003514634	0.2040977	5.747230
0.4349345	0.1232545	0.4486751	6.109566	0.1070253	0.4677712	2.231045	0.03058345	6.225173	2.136553	-0.0008840116	0.2085180	5.755252
0.4403651	0.1373996	0.4832349	6.091598	0.06802644	0.4670870	2.348850	0.03242293	6.203469	2.278187	0.03379510	0.2286146	5.715421
0.4418438	0.1409684	0.4494773	6.102049	0.1822218	0.4701081	2.361654	0.03277604	6.202337	2.298093	0.009640783	0.2103152	5.726844
0.4389644	0.1103367	0.5618296	6.069873	0.2829395	0.4660365	2.379198	0.02702366	6.195044	2.331651	0.02022381	0.1892211	5.707486
0.4497636	0.1777651	0.3716822	6.105837	0.02732317	0.4753163	2.399301	0.03160835	6.223611	2.330624	-0.006568149	0.2104904	5.753018
0.4403561	0.1201942	0.5462320	6.083010	0.2836349	0.4694122	2.386355	0.02770646	6.210068	2.339484	-0.02241423	0.1772185	5.752965
0.4423110	0.1355655	0.4644263	6.098581	0.1975044	0.4696767	2.366551	0.02763068	6.221614	2.309873	0.01739739	0.1798499	5.762478
0.4449246	0.1534569	0.3938709	6.106292	0.09116502	0.4717981	2.327617	0.03275264	6.210186	2.283710	0.005762047	0.2247631	5.720472
0.4495517	0.1802412	0.3787210	6.111462	0.1011260	0.4765676	2.401946	0.03183026	6.222086	2.398126	-0.0006418159	0.2163876	5.745901
0.4364683	0.1339582	0.4520201	6.086254	0.03497308	0.4674308	2.326292	0.02962458	6.208995	2.200272	-0.01436919	0.1912218	5.741729
0.4406953	0.1356279	0.4657357	6.090753	0.04724681	0.4687787	2.352497	0.02989437	6.206849	2.321989	0.01782361	0.2142153	5.712966
0.4432438	0.1767673	0.3374150	6.116624	0.03267556	0.4712630	2.291714	0.03096187	6.239897	2.232019	0.006370698	0.1916445	5.795070
0.4380566	0.1272915	0.4652517	6.098440	0.08084187	0.4692339	2.303465	0.02823785	6.223702	2.244394	-0.0002178268	0.1860681	5.762520
0.4469650	0.1620264	0.4366013	6.091058	0.1513609	0.4726653	2.419575	0.03064241	6.208594	2.389595	-0.002654482	0.2012965	5.736837
0.4318734	0.1153689	0.4539648	6.096933	0.02305300	0.4692506	2.216715	0.02548634	6.245257	2.056478	-0.04104347	0.1644690	5.808536
0.4415106	0.1473436	0.4438455	6.097952	0.02216670	0.4701850	2.339655	0.03201337	6.214915	2.235596	0.01342507	0.2102154	5.750239
0.4477817	0.1947573	0.3471560	6.114731	0.1455369	0.4747018	2.419696	0.03178113	6.224016	2.328982	0.01490662	0.2044897	5.759404
0.4387693	0.1401359	0.4280858	6.112652	0.1327358	0.4691710	2.301664	0.02870017	6.239004	2.283091	0.00003925966	0.1917649	5.781091
0.4449649	0.1771990	0.3558440	6.109108	0.04920299	0.4711503	2.338619	0.03037289	6.231988	2.301243	0.006586360	0.1880681	5.783485
0.4386761	0.1384191	0.4363738	6.104835	0.1529538	0.4694492	2.275283	0.03203907	6.216724	2.218150	0.005204689	0.2068467	5.758284
0.4391384	0.1351909	0.4209127	6.105780	0.1305326	0.4680961	2.294943	0.03092330	6.214145	2.267334	0.01085174	0.2077112	5.738028
0.4350283	0.1061236	0.5533563	6.073084	0.3510075	0.4639085	2.367070	0.02694746	6.185067	2.300693	0.01684554	0.1838014	5.689969
0.4426083	0.1348901	0.4489486	6.097088	0.2017233	0.4700012	2.349451	0.02859045	6.211474	2.347142	-0.001030540	0.2096270	5.718060
0.4450745	0.1493737	0.4576212	6.097308	0.1691450	0.4733347	2.375725	0.03075834	6.219033	2.331616	-0.01918010	0.1966917	5.761816
0.4440704	0.1316338	0.4646628	6.093114	0.1819484	0.4707083	2.356786	0.02858628	6.208545	2.343646	-0.001168401	0.1971736	5.721126
0.4440410	0.1530625	0.4759061	6.085402	0.2118546	0.4716857	2.421882	0.03123257	6.203632	2.367448	0.004924338	0.1950784	5.743530
0.4368263	0.1369179	0.4374146	6.095219	0.1993794	0.4665419	2.289244	0.02819689	6.221116	2.211709	0.001615563	0.1786647	5.764016
0.4400794	0.1332106	0.4656432	6.093440	0.1851139	0.4696094	2.346318	0.03192717	6.199265	2.267666	0.008261569	0.2058429	5.725090
0.4362423	0.1409641	0.3908868	6.107287	0.04189907	0.4667775	2.280759	0.02924972	6.229787	2.133605	0.01661723	0.1841306	5.775332
0.4512679	0.1698134	0.4371331	6.096928	0.2538114	0.4769094	2.462265	0.02800418	6.213730	2.457808	0.005748548	0.1849223	5.747691
0.4417682	0.1358401	0.4318472	6.101026	0.1112447	0.4689823	2.306359	0.02936538	6.219666	2.264972	0.0009981902	0.1897140	5.757119
0.4408030	0.1299369	0.4531842	6.101514	0.1015073	0.4695533	2.310018	0.02884838	6.224795	2.212756	0.006391349	0.1827895	5.773296
0.4467059	0.1714192	0.3756039	6.111448	0.1364087	0.4722670	2.377504	0.03047084	6.226314	2.325973	0.008229601	0.2047828	5.751815
0.4459544	0.1255781	0.5008231	6.079606	0.2654638	0.4696557	2.410014	0.02561648	6.211536	2.343196	0.01597696	0.1728547	5.736848
0.4414721	0.1516086	0.4073274	6.112583	0.01622338	0.4700157	2.302548	0.03083167	6.230692	2.302446	0.00004681897	0.2064118	5.765755
0.4403564	0.1440161	0.4172448	6.114274	0.1596102	0.4665221	2.277664	0.03098696	6.225156	2.259938	0.01398146	0.2057930	5.754967
0.4487593	0.1632083	0.4249982	6.102327	0.1616145	0.4740997	2.419071	0.02956176	6.225753	2.367967	0.01808696	0.1845807	5.772387
0.4446204	0.1554317	0.4415377	6.106032	0.2118812	0.4710636	2.389066	0.03103811	6.217237	2.295718	0.02926782	0.1921694	5.762203
0.4469059	0.1402832	0.4738653	6.086953	0.2194681	0.4730799	2.420139	0.02761776	6.204227	2.434293	0.003820220	0.1834522	5.728387
0.4521649	0.1792524	0.3989938	6.098446	0.2165380	0.4765531	2.437539	0.03028746	6.205127	2.408210	0.007454309	0.2080098	5.717640
0.4410142	0.1494942	0.4031719	6.101734	0.06460967	0.4703051	2.325161	0.02956777	6.221220	2.299722	-0.004227311	0.1922080	5.753777
0.4498613	0.1783728	0.4123755	6.092988	0.1594074	0.4749093	2.456987	0.03109908	6.209684	2.368687	0.02038809	0.1950225	5.742898
0.4375567	0.1428703	0.4128767	6.110595	0.1049754	0.4674814	2.299057	0.03554022	6.206246	2.168459	0.009092575	0.2216428	5.736436
0.4394085	0.1154936	0.5659093	6.065067	0.2983324	0.4671849	2.401229	0.02536582	6.203476	2.344896	0.001051279	0.1724330	5.732464
0.4412608	0.1489239	0.3880665	6.114896	0.04008642	0.4694492	2.277566	0.03282314	6.218540	2.223516	0.01282928	0.2232975	5.734684
0.4361881	0.1333248	0.4206720	6.101673	0.1162757	0.4663788	2.262930	0.02733571	6.233845	2.192596	0.009555284	0.1755240	5.785224
0.4515379	0.1802145	0.4438908	6.097956	0.3162246	0.4748156	2.491594	0.02916770	6.200826	2.441697	0.03268013	0.1982179	5.711137
0.4491411	0.1548987	0.4524529	6.092387	0.2276363	0.4738847	2.427798	0.02806987	6.217401	2.416771	-0.004643829	0.1920794	5.745888
0.4448015	0.1342557	0.5109829	6.083686	0.2682335	0.4706027	2.392950	0.03029813	6.196274	2.365194	0.02089956	0.2006552	5.720953
0.4495395	0.1813902	0.3575248	6.108042	0.09735083	0.4756612	2.363291	0.03112142	6.225213	2.315499	-0.01044399	0.1960180	5.767252
0.4432270	0.1323829	0.5417748	6.069479	0.2819119	0.4708348	2.439378	0.02891290	6.194960	2.374766	-0.004298510	0.1971599	5.711797
0.4488363	0.1776428	0.3676779	6.104334	0.03655107	0.4741855	2.399341	0.03028711	6.223976	2.332965	0.02277759	0.1948021	5.760819
0.4460151	0.1596107	0.4087733	6.106207	0.06300046	0.4729396	2.371889	0.03121509	6.221280	2.353734	0.01534746	0.2066457	5.755018
0.4458254	0.1528726	0.4458514	6.105841	0.1910254	0.4721841	2.378997	0.03253069	6.211812	2.355607	0.01635465	0.2058773	5.747848
0.4418753	0.1162944	0.5599903	6.073827	0.3308676	0.4678903	2.413166	0.02666067	6.197248	2.374184	0.01131099	0.1690523	5.732315
0.4486514	0.1824508	0.4141537	6.102678	0.2326500	0.4741306	2.447135	0.03038960	6.215678	2.412273	0.01518316	0.2026924	5.744385
0.4451476	0.1444684	0.4590888	6.091168	0.2249407	0.4716034	2.363004	0.02941681	6.208527	2.357849	-0.001163931	0.2083195	5.726922
0.4343839	0.1067933	0.5691451	6.072907	0.3343782	0.4641627	2.341532	0.02616723	6.200032	2.284453	-0.007371933	0.1598902	5.746665
0.4471200	0.1757086	0.3549879	6.117574	0.07257863	0.4732953	2.359059	0.03451745	6.212329	2.348970	0.01156745	0.2365605	5.723235
0.4396446	0.1203171	0.4853411	6.083569	0.1144932	0.4668957	2.340426	0.02821897	6.198819	2.317624	0.005020847	0.1991211	5.706904
0.4407265	0.1608435	0.4037696	6.106367	0.1749915	0.4694268	2.346173	0.02977379	6.229542	2.241058	0.01203878	0.1802279	5.785498
0.4360125	0.1253562	0.4933776	6.097658	0.1078309	0.4660474	2.335563	0.02805010	6.228925	2.222658	0.006930780	0.1735432	5.790966
0.4345942	0.1188036	0.5257203	6.082211	0.2053869	0.4656425	2.333753	0.02869179	6.212748	2.206194	-0.01156301	0.1811008	5.758831
0.4473237	0.1780452	0.3598972	6.110237	0.1464830	0.4729455	2.400134	0.02773271	6.231750	2.355982	0.01436164	0.1803693	5.772623
0.4347564	0.1213435	0.4685773	6.108969	0.02282728	0.4679075	2.239263	0.02969218	6.230049	2.210561	0.002773453	0.1955001	5.771787
0.4387605	0.1302546	0.4210707	6.111433	0.1319145	0.4685659	2.265486	0.03010493	6.218883	2.260291	0.003427131	0.1988105	5.744525
0.4306178	0.1197953	0.4407770	6.106486	0.1062949	0.4669362	2.199023	0.02746300	6.238660	2.124898	-0.02443568	0.1715329	5.804853
0.4464399	0.1670413	0.3696890	6.115457	0.08824629	0.4717413	2.347290	0.03180258	6.223429	2.296682	0.02651868	0.2154760	5.745516
0.4417152	0.1457366	0.4345606	6.108167	0.1740287	0.4701262	2.300948	0.03198599	6.218793	2.253912	0.008445104	0.2089679	5.751210
0.4450269	0.1437645	0.4712595	6.091745	0.2168420	0.4690443	2.401481	0.02833815	6.213883	2.366315	0.03407380	0.1936241	5.739915
0.4384917	0.1104957	0.5708483	6.068277	0.3529570	0.4660683	2.408789	0.02630386	6.189729	2.343434	0.01541046	0.1809909	5.702624
0.4437807	0.1617786	0.3718811	6.112664	0.04254228	0.4705251	2.311344	0.03121196	6.226030	2.316542	0.01243105	0.2045446	5.759228
0.4272786	0.09414435	0.5381868	6.089492	0.2377978	0.4642183	2.241052	0.02397858	6.231305	2.164262	-0.02672312	0.1579357	5.781480
0.4476301	0.1413054	0.4937681	6.080106	0.2913084	0.4723799	2.441164	0.02717063	6.198960	2.437794	0.0009416780	0.1965867	5.701981
0.4445695	0.1452363	0.5027676	6.086149	0.2707331	0.4712433	2.416825	0.03062874	6.202613	2.382367	0.02427605	0.2197800	5.709080
0.4349852	0.1201869	0.4592223	6.105914	0.09396794	0.4676230	2.222929	0.02912064	6.232488	2.136207	0.005270236	0.1924122	5.778310
0.4330871	0.1161530	0.4805966	6.101825	0.1723666	0.4653885	2.266718	0.03058304	6.213324	2.198951	-0.01325921	0.2023680	5.740535
0.4407013	0.1489279	0.4418288	6.110028	0.09223525	0.4699910	2.324273	0.03203610	6.226106	2.320737	0.009893032	0.2064266	5.769542
0.4453961	0.1430269	0.4527943	6.096263	0.1135003	0.4709469	2.401618	0.02739712	6.221553	2.371365	0.01946380	0.1810666	5.757230
0.4360066	0.1226302	0.5139525	6.087638	0.2330449	0.4684052	2.353117	0.02895381	6.208858	2.265617	-0.01348738	0.1748183	5.761892
0.4379582	0.1250897	0.5256415	6.086447	0.2946401	0.4682246	2.344150	0.02782699	6.219067	2.281845	-0.008539202	0.1808650	5.764690
0.4411172	0.1282378	0.5097796	6.082254	0.1228700	0.4668049	2.395160	0.02808904	6.210238	2.323892	0.007586605	0.1855985	5.741192
0.4393561	0.1393619	0.4620663	6.095878	0.2068108	0.4701151	2.355536	0.03122922	6.208721	2.247069	0.001827924	0.2164361	5.724821
0.4411300	0.1452045	0.4024336	6.108016	0.1385996	0.4692301	2.300836	0.02951842	6.223268	2.267615	-0.002363244	0.1912057	5.757041
0.4316209	0.1172192	0.4864721	6.098725	0.06295425	0.4664886	2.263590	0.02810899	6.231166	2.150170	0.0007761409	0.1701425	5.800977
0.4456610	0.1515767	0.4167513	6.106717	0.1370954	0.4724820	2.355614	0.03192736	6.213974	2.298091	0.01324024	0.2065935	5.739610
0.4379977	0.1243094	0.4581119	6.093590	0.1255092	0.4670328	2.303809	0.02802948	6.211942	2.276260	0.02409726	0.1977701	5.723941
0.4503765	0.1680154	0.3934331	6.099878	0.1368641	0.4755257	2.421332	0.02968600	6.215328	2.394454	-0.0009374708	0.2100815	5.727598
0.4409006	0.1224496	0.5437700	6.079981	0.2934674	0.4684331	2.384210	0.02760675	6.211401	2.298784	0.01258924	0.1825864	5.750570
0.4331635	0.1158192	0.4907993	6.090722	0.08313228	0.4639483	2.268124	0.02830013	6.216809	2.219070	0.01423500	0.1935784	5.746350
0.4442041	0.1450842	0.4576563	6.092338	0.1231973	0.4703178	2.368951	0.03144011	6.207718	2.286521	0.01314660	0.2249559	5.715932
0.4326747	0.1155610	0.5107473	6.090624	0.06933475	0.4655884	2.305125	0.02761485	6.225803	2.197223	-0.01159741	0.1765334	5.776534
0.4341406	0.1050698	0.5244699	6.089797	0.2658293	0.4644525	2.278479	0.02549528	6.218204	2.278357	0.01093828	0.1692335	5.753451
0.4372382	0.1336718	0.4392895	6.099627	0.06628817	0.4681194	2.301820	0.03225649	6.211047	2.134455	-0.005098175	0.2135681	5.737220
0.4477995	0.1620040	0.4156859	6.092991	0.1656466	0.4734264	2.398126	0.02938505	6.212313	2.367065	-0.008168260	0.1895541	5.744878
0.4368665	0.1415394	0.3926077	6.116865	0.1448487	0.4684218	2.239207	0.02847453	6.240751	2.185995	0.005348107	0.1913661	5.779261
0.4324011	0.1301270	0.4210979	6.114162	0.1179143	0.4671411	2.204332	0.02877690	6.245799	2.094628	-0.01453223	0.1765927	5.816862
0.4422688	0.1396034	0.4350668	6.100590	0.08511021	0.4705962	2.334086	0.03007138	6.220455	2.275526	-0.001458645	0.2038068	5.751131
0.4406135	0.1226570	0.5110924	6.078832	0.2817499	0.4688670	2.369812	0.02550328	6.206977	2.362876	-0.004150682	0.1742879	5.732463
0.4408403	0.1489679	0.3743722	6.116030	0.06673718	0.4696311	2.251220	0.03127058	6.228098	2.217305	-0.01166371	0.2055151	5.761554
0.4396644	0.1440206	0.4141047	6.111272	0.09448779	0.4687901	2.305463	0.03192641	6.219487	2.241902	0.02469433	0.2012655	5.762666
0.4478377	0.1667288	0.4117425	6.103384	0.1135569	0.4735137	2.370615	0.03240187	6.217718	2.308882	0.01135952	0.1995597	5.766459
0.4392124	0.1273650	0.5128098	6.081673	0.2618275	0.4683469	2.373253	0.02995725	6.201929	2.270948	0.001582021	0.2087821	5.719815
0.4464430	0.1572308	0.4565028	6.088550	0.2665846	0.4718445	2.431655	0.02701594	6.214117	2.379545	0.01065002	0.1791824	5.742799
0.4433052	0.1337563	0.5183927	6.082227	0.2801979	0.4668566	2.407808	0.02982284	6.196721	2.374618	0.03621643	0.2090447	5.703714
0.4420982	0.1341166	0.4701976	6.085660	0.1036985	0.4692427	2.359937	0.02714772	6.214889	2.312720	-0.004325557	0.1756615	5.753521
0.4459851	0.1484937	0.4592819	6.086566	0.08968207	0.4716090	2.440162	0.02933314	6.208101	2.319852	0.006976217	0.1804443	5.747136
0.4314259	0.1126736	0.4989545	6.090938	0.1008034	0.4644191	2.257963	0.02641074	6.223119	2.207348	0.003845450	0.1691630	5.769917
0.4464670	0.1814235	0.3661811	6.112600	0.1244657	0.4740104	2.360284	0.03031454	6.233021	2.297165	0.01269791	0.1924263	5.782271
0.4438482	0.1293048	0.5098536	6.077847	0.2621571	0.4699457	2.382667	0.02693889	6.205541	2.371743	0.001704150	0.1909922	5.719647
0.4437921	0.1507180	0.4110168	6.104365	0.1174293	0.4707134	2.324763	0.03060437	6.216672	2.317028	0.008520282	0.1997174	5.747426
0.4398146	0.1228702	0.4733169	6.095789	0.2664532	0.4650099	2.353326	0.02739112	6.205696	2.326374	0.02672977	0.1893103	5.713082
0.4457986	0.1703157	0.3926210	6.109655	0.08651648	0.4717721	2.356210	0.03604248	6.207412	2.271375	0.02156758	0.2332220	5.732553
0.4388124	0.1082261	0.5772698	6.067923	0.3377772	0.4641089	2.409121	0.02750963	6.180212	2.364401	0.02651026	0.1912456	5.680164
0.4461483	0.1588842	0.3922695	6.100865	0.05943286	0.4707757	2.361433	0.02959711	6.222108	2.298738	0.004218908	0.1932502	5.752584
0.4479411	0.1521973	0.4288312	6.093730	0.1940744	0.4731782	2.395263	0.02722612	6.217997	2.392105	0.002708382	0.1782018	5.751769
0.4526867	0.2023201	0.3408882	6.111637	0.1258559	0.4772196	2.458823	0.03102359	6.223705	2.374937	0.01057477	0.1977826	5.758126
0.4432328	0.1679874	0.4103259	6.104255	0.1275413	0.4717692	2.369406	0.03264270	6.223049	2.264033	0.0008473025	0.2142478	5.759324
0.4374951	0.1460893	0.3959504	6.120732	0.1112045	0.4687206	2.261997	0.03145081	6.235673	2.168541	0.003909630	0.1920201	5.796753
0.4393201	0.1251006	0.5064485	6.088850	0.2669254	0.4693454	2.356161	0.02688160	6.215026	2.294683	-0.009000263	0.1719684	5.760189
0.4342176	0.1192937	0.4800404	6.090006	0.08849041	0.4685939	2.309767	0.02772767	6.217593	2.182790	-0.03200990	0.1684959	5.772920
0.4424458	0.1610561	0.4018092	6.111442	0.08528929	0.4728019	2.296372	0.03203779	6.233710	2.256933	-0.004980073	0.2091525	5.776980
0.4389745	0.1279180	0.4614937	6.090095	0.1555080	0.4694354	2.324196	0.02678009	6.217409	2.304688	-0.006518157	0.1763621	5.751482
0.4366473	0.1329436	0.4461512	6.104836	0.1478090	0.4658799	2.308306	0.03313505	6.207979	2.210185	0.01903951	0.2218816	5.724509
0.4466078	0.1640216	0.4325197	6.098370	0.02223111	0.4733077	2.386788	0.03281366	6.217590	2.300313	0.01112266	0.2120167	5.755287
0.4387678	0.1308404	0.5301285	6.078515	0.2820362	0.4678854	2.406295	0.02891339	6.205292	2.312408	0.02065250	0.1905542	5.739675
0.4400391	0.1411525	0.4367866	6.100387	0.1150532	0.4681702	2.326612	0.03114974	6.216608	2.286551	0.01297572	0.2124547	5.741652
0.4442324	0.1357237	0.4957627	6.090381	0.1865348	0.4710390	2.379881	0.02820430	6.217517	2.355172	0.007941813	0.1881336	5.754299
0.4242592	0.1019739	0.5243250	6.090388	0.1751292	0.4632033	2.220171	0.02918292	6.220504	2.013246	-0.007385125	0.1809093	5.781111
0.4433029	0.1284409	0.5176850	6.082186	0.3082222	0.4707442	2.371861	0.02607396	6.213946	2.327892	-0.01165293	0.1702733	5.754389
0.4454532	0.1441722	0.4558136	6.096459	0.1956548	0.4709104	2.357513	0.02773503	6.226406	2.351103	0.01807835	0.1829777	5.767834
0.4428973	0.1223156	0.5059132	6.079325	0.2709046	0.4690348	2.406624	0.02495806	6.207395	2.408698	0.01879061	0.1688131	5.728963
0.4470438	0.1640718	0.4071315	6.114619	0.1378431	0.4727006	2.375163	0.03322486	6.216743	2.337839	0.02340193	0.2138074	5.748610
0.4358372	0.1321535	0.4941456	6.088323	0.1566897	0.4673202	2.335488	0.03069855	6.212417	2.229892	-0.01272701	0.1991285	5.749536
0.4409654	0.1629333	0.3756500	6.114915	0.06613012	0.4714768	2.283740	0.03067892	6.242386	2.190568	-0.02384280	0.1875795	5.806332
0.4471709	0.1553733	0.4444933	6.090968	0.1952228	0.4737651	2.413039	0.02918569	6.217922	2.322162	0.006935053	0.1991279	5.746196
0.4310658	0.1155176	0.4808652	6.089977	0.08637829	0.4651734	2.254764	0.02763885	6.225108	2.126415	-0.001222961	0.1812951	5.772597
0.4505892	0.1902077	0.3821985	6.115348	0.1514314	0.4767910	2.389918	0.03231398	6.230804	2.357845	0.005708479	0.2111560	5.774888
0.4410227	0.1178918	0.5294473	6.067426	0.3103584	0.4672131	2.388086	0.02600254	6.189594	2.369168	0.008867295	0.1931198	5.685324
0.4496745	0.1502071	0.4768816	6.086336	0.2275446	0.4751547	2.442231	0.03027617	6.198594	2.417641	0.007946881	0.2095584	5.709101
0.4352834	0.1261967	0.4512840	6.104311	0.07904647	0.4673105	2.256983	0.03222604	6.212499	2.170037	0.002629085	0.2077500	5.749871
0.4416136	0.1227218	0.5460873	6.077497	0.3138700	0.4685465	2.420881	0.03087419	6.182813	2.324731	0.01390127	0.2167414	5.681571
0.4430522	0.1547648	0.3980714	6.111393	0.09755463	0.4713112	2.285682	0.03174634	6.223562	2.283667	0.01054106	0.2091353	5.756262
0.4289762	0.1043421	0.5232676	6.078196	0.1922962	0.4627232	2.278264	0.02630032	6.207639	2.167719	-0.006984734	0.1734347	5.744794
0.4397667	0.1478925	0.4089557	6.112271	0.05300656	0.4698529	2.268690	0.03032226	6.238179	2.193366	0.002153677	0.1900309	5.798791
0.4430732	0.1547508	0.3860356	6.120209	0.04646213	0.4714777	2.292129	0.03360453	6.223159	2.221814	0.002359369	0.2103999	5.762814
0.4374649	0.1149318	0.5032447	6.093644	0.2878080	0.4656787	2.304566	0.02643946	6.215166	2.260615	0.01307300	0.1709175	5.755351
0.4390465	0.1136804	0.5593566	6.071893	0.2982007	0.4666218	2.386069	0.02640614	6.204915	2.307674	0.006408932	0.1785110	5.731791
0.4421908	0.1294911	0.5045363	6.085811	0.08600519	0.4700863	2.390994	0.02787346	6.213622	2.310920	0.01703475	0.1817143	5.747061
0.4418393	0.1510953	0.4141253	6.106159	0.1333789	0.4699846	2.298916	0.03148994	6.220177	2.289651	-0.004856078	0.2027704	5.756675
0.4356885	0.1191458	0.4742238	6.094803	0.1553941	0.4643754	2.302417	0.02963921	6.207961	2.235365	0.02048998	0.2002673	5.730375
0.4381189	0.1217660	0.4932176	6.097433	0.2019004	0.4674908	2.309659	0.02877131	6.219774	2.281057	0.005408007	0.1812917	5.768842
0.4358342	0.1318772	0.4283754	6.109042	0.09155354	0.4680671	2.261797	0.02868726	6.234719	2.206686	0.01147089	0.1810611	5.790330
0.4356722	0.1363715	0.3990412	6.114185	0.03370727	0.4684660	2.203925	0.03154050	6.231244	2.126765	-0.01761529	0.1932519	5.786035
0.4477688	0.1561744	0.4262957	6.104812	0.2457052	0.4715284	2.413952	0.03068659	6.200450	2.405199	0.03632605	0.2137179	5.702430
0.4515352	0.1997086	0.3801973	6.107493	0.1420743	0.4780761	2.451167	0.03461352	6.213716	2.375903	-0.006935930	0.2135520	5.756233
0.4461822	0.1484245	0.4523616	6.094138	0.2112196	0.4728625	2.416932	0.02729919	6.221325	2.382534	0.02583757	0.1816038	5.757191
0.4427177	0.1560628	0.4121825	6.107259	0.1674199	0.4719495	2.317518	0.02921473	6.227335	2.316009	0.0005491421	0.1918707	5.766696
0.4385377	0.1395624	0.4146499	6.113770	0.1184852	0.4681333	2.273209	0.03152262	6.223171	2.219544	0.009521172	0.2184045	5.739667
0.4482602	0.1401764	0.4911269	6.081345	0.2774401	0.4716961	2.455045	0.02739562	6.194931	2.457883	0.02985421	0.1865337	5.707164
0.4404557	0.1387459	0.4555949	6.096388	0.2139181	0.4691218	2.327866	0.02986373	6.211726	2.318328	0.002264817	0.1945971	5.744096
0.4424477	0.1540619	0.3817104	6.108807	0.09689925	0.4711849	2.308595	0.02759131	6.236427	2.291739	-0.004493780	0.1720831	5.791080
0.4365939	0.1300836	0.4590565	6.104714	0.07760827	0.4689036	2.297778	0.03223561	6.218055	2.192642	-0.01050140	0.1919383	5.775393
0.4426554	0.1343130	0.4347292	6.096997	0.02909852	0.4688622	2.321026	0.02949489	6.210693	2.276283	0.01085350	0.2055913	5.720172
0.4374177	0.1314934	0.4309816	6.102654	0.01666912	0.4671892	2.289376	0.03121025	6.217607	2.138682	0.007027007	0.1889821	5.767670
0.4475695	0.1574060	0.4095418	6.107120	0.1371885	0.4712655	2.362243	0.03008588	6.227610	2.311164	0.02182778	0.2034675	5.755425
0.4400902	0.1450424	0.4350375	6.101320	0.1423085	0.4691535	2.316028	0.03345611	6.209027	2.227948	0.004141461	0.2249994	5.730348
0.4373085	0.1183404	0.4908327	6.090021	0.2078767	0.4694038	2.322002	0.02925868	6.205744	2.230257	-0.01403543	0.2009478	5.723423
0.4421753	0.1502387	0.4284483	6.106684	0.2042145	0.4706229	2.347853	0.02893147	6.227438	2.287469	-0.003597050	0.1846181	5.774630
0.4367963	0.1199364	0.4682980	6.097350	0.08177879	0.4676826	2.284854	0.02866490	6.217296	2.231901	-0.005159847	0.1780707	5.761665
0.4460163	0.1649428	0.3786550	6.114518	0.08079219	0.4756255	2.321798	0.03184825	6.231257	2.279192	-0.02752418	0.2023075	5.777158
0.4402701	0.1476615	0.4278844	6.102651	0.1682516	0.4704610	2.328480	0.02998043	6.225005	2.232785	-0.004715791	0.1865713	5.780992
0.4461777	0.1529861	0.4200084	6.113958	0.1781925	0.4734234	2.328508	0.03005970	6.229275	2.328141	-0.0002066423	0.1988445	5.767881
0.4420064	0.1268419	0.5011223	6.084861	0.2819204	0.4669238	2.397558	0.02660423	6.208854	2.352867	0.03944779	0.1702073	5.745895
0.4424946	0.1297905	0.5045808	6.084337	0.1535421	0.4677475	2.389296	0.03018586	6.192982	2.349349	0.01453454	0.2061279	5.700383
0.4450148	0.1619869	0.4032877	6.106915	0.1224505	0.4728790	2.349334	0.03260056	6.215542	2.342117	0.01092944	0.2178952	5.742561
0.4287649	0.1121191	0.4742420	6.097546	0.04364143	0.4628200	2.241091	0.02908520	6.216279	2.143162	0.01560267	0.2015739	5.735046
0.4452306	0.1509489	0.4647250	6.089416	0.2208473	0.4719989	2.394045	0.02885670	6.215807	2.377999	-0.006180620	0.1983614	5.742546
0.4389294	0.1355952	0.4310049	6.105171	0.1403440	0.4677730	2.311225	0.02879265	6.228907	2.208500	0.01503965	0.1942529	5.759157
0.4352127	0.1268631	0.4391933	6.101348	0.07729348	0.4665833	2.257355	0.03245851	6.206084	2.135990	0.01459890	0.2086018	5.731490
0.4384884	0.1273102	0.4759136	6.087008	0.2630903	0.4651862	2.354815	0.02722574	6.207430	2.258027	0.03897428	0.1846090	5.729761
0.4480323	0.1678663	0.4217608	6.095619	0.2099077	0.4736494	2.439584	0.02978712	6.209494	2.385456	0.01707011	0.1999659	5.729633
0.4290188	0.1112221	0.4851803	6.094890	0.1275122	0.4642177	2.248968	0.02790792	6.228542	2.079840	-0.01145328	0.1785216	5.781342
0.4384852	0.1339814	0.4445943	6.091781	0.05402971	0.4668567	2.323111	0.02761994	6.216923	2.266955	0.003106963	0.1909844	5.737518
0.4334492	0.1150619	0.4961130	6.088603	0.1649535	0.4651234	2.310135	0.03079747	6.195361	2.212473	0.01787307	0.2061595	5.709035
0.4411068	0.1258515	0.5264090	6.072932	0.2992787	0.4692739	2.390047	0.02687372	6.201532	2.355598	-0.01809588	0.1898324	5.715428
0.4416337	0.1418672	0.4120163	6.104374	0.1649419	0.4704453	2.298144	0.02725345	6.233341	2.269949	-0.01130056	0.1812673	5.776413
0.4481628	0.1649412	0.3951224	6.107391	0.1269300	0.4752014	2.360407	0.03221001	6.216459	2.350536	-0.003146652	0.2295293	5.730288
0.4478551	0.1807333	0.3793616	6.111546	0.1304582	0.4738394	2.381503	0.03088490	6.230633	2.347316	0.01868305	0.1988851	5.772670
0.4345400	0.1223797	0.4855234	6.092411	0.1261511	0.4643993	2.345506	0.02888959	6.212615	2.216544	0.01937315	0.1820854	5.753319
0.4459246	0.1589673	0.4107954	6.098248	0.1711672	0.4714163	2.387409	0.03039059	6.206494	2.338592	0.03400382	0.2028931	5.727877
0.4452216	0.1606470	0.4077150	6.102321	0.07377558	0.4739413	2.375031	0.02995871	6.230018	2.263349	-0.004848972	0.1805109	5.789591
0.4467857	0.1658221	0.3925950	6.114874	0.1926105	0.4720825	2.376353	0.03045155	6.219723	2.379584	0.03810109	0.2035532	5.742753
0.4470950	0.1619320	0.4107808	6.103261	0.06466292	0.4750913	2.379418	0.02873999	6.230507	2.345527	-0.002877225	0.1873401	5.771853
0.4440593	0.1564921	0.4229031	6.099886	0.1674392	0.4704772	2.348670	0.02917828	6.223295	2.332495	0.004299887	0.1864415	5.768906
0.4371678	0.1331939	0.4758712	6.096025	0.05509798	0.4674522	2.347029	0.02951849	6.218538	2.269104	0.01183540	0.1979932	5.748704
0.4457141	0.1715124	0.3545451	6.109711	0.02022333	0.4719058	2.356673	0.03300985	6.217415	2.274378	0.01072500	0.2168846	5.742015
0.4490585	0.1798412	0.3868650	6.112944	0.1470773	0.4747168	2.394701	0.03324616	6.218140	2.344202	0.02242054	0.2280824	5.737963
0.4434543	0.1552276	0.3923157	6.109702	0.07799595	0.4726677	2.325774	0.03269661	6.219066	2.275106	-0.006231484	0.2171440	5.746696
0.4350579	0.1217239	0.4775145	6.099915	0.04952641	0.4663668	2.279888	0.02830064	6.223358	2.259212	0.01084133	0.1882058	5.759012
0.4414245	0.1386360	0.4668920	6.085905	0.1685332	0.4707713	2.362718	0.02809279	6.219102	2.245322	-0.01151392	0.1698694	5.780230
0.4325009	0.1218162	0.4639842	6.100522	0.04441565	0.4650544	2.284607	0.03214912	6.208583	2.091962	0.01708159	0.2008781	5.746070
0.4376201	0.1404352	0.4179279	6.108686	0.07831855	0.4680594	2.292014	0.03119569	6.225817	2.163620	0.02033640	0.2008700	5.769081
0.4359651	0.1353459	0.4144123	6.105859	0.08482230	0.4662357	2.271650	0.02825292	6.236868	2.127510	0.01398795	0.1771168	5.795878
0.4406144	0.1393354	0.4693806	6.089105	0.1829698	0.4690655	2.387789	0.03054936	6.210933	2.214550	0.01576130	0.1970494	5.742266
0.4413965	0.1270246	0.5060598	6.081090	0.2518421	0.4686631	2.386700	0.02832119	6.196805	2.375106	0.01072734	0.1980612	5.707520
0.4422555	0.1709361	0.3462255	6.114968	0.03418406	0.4709667	2.291984	0.03193221	6.231495	2.239600	-0.001499679	0.2162252	5.762168
0.4467156	0.1649448	0.3966108	6.104352	0.09519006	0.4729074	2.369860	0.02875878	6.229080	2.341407	0.008578358	0.1885645	5.769931
0.4445696	0.1515388	0.4644037	6.087611	0.1943879	0.4722560	2.395989	0.03254523	6.203686	2.283118	-0.008933040	0.2089891	5.734167
0.4459364	0.1462116	0.4624506	6.093612	0.2374321	0.4711031	2.410270	0.02830597	6.213395	2.398258	0.02359422	0.1928317	5.736818
0.4373479	0.1398701	0.4232684	6.114379	0.1484341	0.4686076	2.282917	0.03292300	6.221153	2.211681	0.004255904	0.2292745	5.737862
0.4406781	0.1396574	0.4481392	6.101605	0.09762002	0.4691448	2.331432	0.03207625	6.211144	2.309931	-0.001185924	0.2171949	5.731365
0.4355897	0.1359628	0.4073311	6.114773	0.1132746	0.4675358	2.247484	0.02952212	6.234629	2.193488	0.003979510	0.1943833	5.777874
0.4426913	0.1552608	0.3880736	6.099965	0.05481602	0.4698786	2.356239	0.02869469	6.222142	2.295032	0.004351284	0.1897290	5.753365
0.4427813	0.1392103	0.4725784	6.085539	0.2186629	0.4694576	2.375178	0.02863018	6.207477	2.338540	-0.005576364	0.1839606	5.743656
0.4479105	0.1790546	0.3466981	6.110680	0.05146443	0.4739062	2.342922	0.03010088	6.229307	2.336923	0.004074873	0.1999123	5.765703
0.4410755	0.1298189	0.5251354	6.082885	0.2976793	0.4695510	2.378003	0.02763134	6.215676	2.307934	0.002907913	0.1861102	5.749563
0.4469057	0.1753917	0.3757093	6.121533	0.09028268	0.4728419	2.323478	0.03416100	6.228191	2.316802	0.009385432	0.2179391	5.770195
0.4322571	0.1083874	0.5101312	6.080960	0.2181047	0.4629892	2.306352	0.02442365	6.219038	2.200575	0.01597586	0.1599569	5.756546
0.4443692	0.1446358	0.4539380	6.094944	0.1757541	0.4722254	2.371472	0.02772485	6.226147	2.327024	-0.01574627	0.1795004	5.772599
0.4327681	0.1272898	0.4376696	6.100441	0.02748960	0.4680480	2.260883	0.03073017	6.223147	2.058571	-0.01994325	0.1971308	5.767962
0.4410320	0.1368920	0.4825469	6.093045	0.09910606	0.4707162	2.355472	0.03212883	6.209222	2.257496	-0.0007261441	0.2090163	5.741065
0.4477718	0.1589765	0.4210927	6.103574	0.2169018	0.4738004	2.394733	0.02761005	6.225534	2.397195	0.006474296	0.1797400	5.767729
0.4429501	0.1343528	0.4893582	6.083097	0.2386637	0.4715800	2.394000	0.02934477	6.200441	2.343865	-0.001687036	0.2106400	5.706369
0.4508132	0.1682510	0.4314050	6.098120	0.1829124	0.4769014	2.433731	0.03080542	6.215086	2.382818	-0.007866284	0.2071164	5.740972
0.4477776	0.1692743	0.3739728	6.112821	0.07893888	0.4740184	2.332016	0.03119524	6.226977	2.328162	-0.001742292	0.1999490	5.767690
0.4428559	0.1513737	0.4295476	6.099504	0.1810573	0.4702713	2.364767	0.02962460	6.217660	2.349140	0.006691964	0.1988606	5.748879
0.4386835	0.1355359	0.4268629	6.108730	0.05461136	0.4683991	2.261244	0.02857085	6.237054	2.227797	-0.01124138	0.1866165	5.784877
0.4385843	0.1278830	0.4629516	6.100587	0.2475826	0.4664244	2.337468	0.02766957	6.213557	2.325233	0.02686917	0.1997241	5.719124
0.4299428	0.1103055	0.4854079	6.095331	0.1301985	0.4616615	2.232950	0.02794779	6.215251	2.207229	0.01844710	0.1888067	5.742028
0.4365012	0.1234827	0.4842598	6.100140	0.04632269	0.4684194	2.304025	0.03034664	6.213766	2.246784	-0.01181169	0.1983185	5.748462
0.4375614	0.1347849	0.4404058	6.101037	0.02755786	0.4667611	2.287350	0.03137170	6.216702	2.193982	0.004928020	0.2067581	5.747291
0.4381738	0.1237762	0.4786232	6.096310	0.2428231	0.4663941	2.301730	0.02644451	6.223928	2.281254	-0.004851984	0.1796308	5.755417
0.4465393	0.1681070	0.3997265	6.099803	0.07189537	0.4736037	2.393427	0.03200136	6.218993	2.263394	0.01312226	0.2031329	5.757349
0.4402666	0.1407244	0.4326151	6.094434	0.03916249	0.4685359	2.327921	0.02935030	6.217215	2.221974	0.007278987	0.1954989	5.742040
0.4469242	0.1627246	0.4124458	6.099473	0.06815842	0.4738520	2.380259	0.03113433	6.222509	2.294568	-0.006115515	0.2020831	5.761746
0.4369052	0.1217615	0.4997836	6.082075	0.1849442	0.4658657	2.343516	0.02688462	6.214514	2.228729	0.0004157841	0.1783962	5.747978
0.4438681	0.1308863	0.4883356	6.086210	0.2792053	0.4704775	2.394268	0.02525691	6.216131	2.359876	0.009439316	0.1773079	5.738443
0.4446869	0.1589987	0.3748889	6.115195	0.08235938	0.4727896	2.296400	0.03175855	6.225774	2.277910	-0.01179080	0.2145070	5.753176
0.4421210	0.1384579	0.4900653	6.088701	0.2770681	0.4710765	2.408147	0.02842889	6.207144	2.358943	0.0007926145	0.1777395	5.746792
0.4316800	0.1189993	0.4615318	6.094903	0.01831730	0.4645999	2.246074	0.03037650	6.211970	2.136040	-0.0009466571	0.1913828	5.756713
0.4441027	0.1620695	0.3924956	6.115051	0.1093064	0.4702771	2.309076	0.03136079	6.232101	2.267098	0.008270984	0.1929098	5.784751
0.4259917	0.1075294	0.5025512	6.096335	0.1010672	0.4633865	2.218604	0.03107448	6.216042	2.065781	0.004379028	0.2021867	5.759337
0.4454322	0.1717348	0.3565753	6.108807	0.08091412	0.4708849	2.331715	0.02977819	6.228118	2.276584	0.01366514	0.1893125	5.767753
0.4428625	0.1183865	0.5237564	6.078859	0.2973811	0.4685876	2.386019	0.02460142	6.214872	2.346296	-0.005523121	0.1647871	5.748063
0.4309817	0.1259703	0.4390645	6.112464	0.06071946	0.4668347	2.193580	0.03067970	6.238334	2.105185	-0.001053806	0.1917125	5.800635
0.4479809	0.1419376	0.4967015	6.084775	0.2527791	0.4738586	2.425861	0.02873715	6.209543	2.388937	-0.006021414	0.1896946	5.740056
0.4416718	0.1442672	0.4379652	6.089745	0.1446678	0.4695073	2.347290	0.02825430	6.223831	2.217423	-0.01231286	0.1794188	5.768580
0.4366443	0.1124867	0.5153715	6.084215	0.1905696	0.4669484	2.340637	0.02769997	6.206758	2.247850	0.003983229	0.1771732	5.742270
0.4413230	0.1220608	0.4925670	6.089656	0.2786410	0.4670907	2.344889	0.02596426	6.210270	2.370363	0.01667429	0.1813866	5.726475
0.4457762	0.1637693	0.4432121	6.097601	0.1843356	0.4731902	2.408699	0.03208551	6.213245	2.343094	-0.004320668	0.2164105	5.740875
0.4388537	0.1353511	0.4447235	6.102691	0.1215611	0.4715556	2.285256	0.02797859	6.235857	2.235962	-0.02685168	0.1738469	5.799511
0.4406868	0.1436759	0.4231727	6.108733	0.1534106	0.4684196	2.280298	0.03055897	6.227000	2.243066	0.01672838	0.2087744	5.755741
0.4432561	0.1657338	0.3958933	6.117063	0.05791151	0.4717496	2.311029	0.03104444	6.240239	2.274856	0.006533412	0.1952513	5.797113
0.4405434	0.1517554	0.3862576	6.116716	0.04291014	0.4703348	2.272909	0.02879952	6.242376	2.243133	-0.0007965435	0.1800514	5.800383
0.4442236	0.1325260	0.4710419	6.095172	0.1787105	0.4703979	2.365182	0.02659522	6.225297	2.337124	0.003584027	0.1722297	5.769688
0.4330110	0.1226298	0.4701787	6.103277	0.1118415	0.4670471	2.249508	0.03152576	6.221973	2.126945	-0.01009184	0.1856882	5.790755
0.4482988	0.1699659	0.3979963	6.106665	0.1553847	0.4741952	2.378557	0.02951173	6.231427	2.323801	0.02071026	0.1867936	5.783277
0.4370967	0.1355774	0.4586354	6.100326	0.1875910	0.4679285	2.304307	0.03020111	6.220880	2.270551	-0.004968257	0.2008008	5.754122
0.4370570	0.1248353	0.4392861	6.096807	0.1231204	0.4656837	2.262285	0.02900502	6.216762	2.164362	0.004288453	0.2017146	5.735539
0.4385807	0.1284218	0.4463781	6.105768	0.1062028	0.4695570	2.269895	0.03002391	6.225595	2.210081	-0.01433906	0.1837785	5.780668
0.4444079	0.1325925	0.4677682	6.090643	0.2224996	0.4702432	2.356770	0.02974512	6.203780	2.278462	0.001425825	0.2000303	5.723117
0.4465730	0.1645251	0.3837217	6.115914	0.1455751	0.4733947	2.332013	0.03131611	6.224268	2.331123	-0.001407362	0.2089632	5.755242
0.4443923	0.1379694	0.5021444	6.077784	0.2488584	0.4702306	2.429883	0.03091612	6.187096	2.343246	0.02707368	0.2191319	5.683668
0.4463284	0.1569460	0.4081055	6.108449	0.1738453	0.4725585	2.373412	0.02928558	6.229151	2.317706	0.000007705890	0.1906578	5.767222
0.4389661	0.1104364	0.5441774	6.077055	0.3248341	0.4638307	2.388138	0.02565609	6.197206	2.353832	0.04838691	0.1772099	5.708865
0.4409379	0.1510867	0.4226842	6.109608	0.1855202	0.4703085	2.337023	0.03273152	6.211910	2.297331	0.02027196	0.2227635	5.729584
0.4410201	0.1390886	0.4360104	6.100288	0.1211875	0.4701950	2.315853	0.03099082	6.215443	2.271496	-0.006742585	0.2097714	5.739006
0.4392668	0.1228430	0.4897875	6.094129	0.2038533	0.4667176	2.328927	0.03044939	6.202564	2.282824	0.01454666	0.2246897	5.695762
0.4424005	0.1558626	0.4050058	6.111161	0.1605146	0.4695834	2.333208	0.03017161	6.226702	2.290601	0.02685597	0.1980836	5.762161
0.4447140	0.1541689	0.3879064	6.107527	0.1130285	0.4720228	2.329821	0.03006904	6.223838	2.226724	-0.008302071	0.1989804	5.750653
0.4488707	0.1665250	0.4215617	6.093487	0.1706131	0.4755686	2.426053	0.02972649	6.211926	2.393472	0.007306120	0.1840094	5.754183
0.4435630	0.1282596	0.4962738	6.086308	0.2562253	0.4687954	2.389200	0.02588600	6.211376	2.374282	0.01960107	0.1763398	5.736990
0.4454663	0.1492706	0.4448641	6.098681	0.1929571	0.4707558	2.385776	0.02832755	6.223576	2.314429	0.01045743	0.1846536	5.762771
0.4452070	0.1689311	0.3766450	6.110385	0.1300561	0.4711321	2.372605	0.03266185	6.211756	2.282782	0.01678012	0.2085779	5.737806
0.4382656	0.1444854	0.4080893	6.110406	0.04453364	0.4704055	2.283523	0.02995451	6.240246	2.144817	-0.02463169	0.1845951	5.803638
0.4414035	0.1254366	0.5232610	6.079215	0.2924237	0.4691649	2.401912	0.02857006	6.199828	2.338421	0.01814296	0.1853720	5.731858
0.4447464	0.1368182	0.4685233	6.089386	0.2364748	0.4702128	2.385058	0.02770561	6.213561	2.293902	0.01229750	0.1811193	5.747550
0.4392571	0.1204108	0.5371576	6.074109	0.2891204	0.4654656	2.388652	0.02921757	6.188502	2.342193	0.01955989	0.2013769	5.698116
0.4430388	0.1578767	0.4211678	6.104985	0.08724003	0.4704302	2.323717	0.03288909	6.223520	2.243563	0.01203145	0.2012036	5.775080
0.4481916	0.1808500	0.3839674	6.112775	0.1148913	0.4767016	2.385026	0.03197536	6.229637	2.347018	-0.01675824	0.2087484	5.768872
0.4346478	0.1249387	0.4960448	6.091637	0.1412499	0.4673054	2.291098	0.03166318	6.209583	2.193785	-0.007745693	0.2110993	5.742193
0.4246613	0.1141367	0.4549309	6.101561	0.03124207	0.4645524	2.171422	0.02973979	6.229213	2.014004	-0.03091261	0.1814677	5.793939
0.4388973	0.1342663	0.4709196	6.093018	0.1957209	0.4673203	2.331321	0.03045108	6.208948	2.279283	-0.0008496739	0.2139559	5.721628
0.4457874	0.1359395	0.4922426	6.085988	0.2500458	0.4728219	2.395509	0.02616637	6.217809	2.379585	0.01018154	0.1724930	5.756836
0.4428029	0.1435712	0.4356330	6.099697	0.2082596	0.4706704	2.347400	0.02851808	6.219919	2.323543	-0.006985855	0.1942152	5.746244
0.4443885	0.1807921	0.3388768	6.119481	0.04679433	0.4725940	2.314077	0.03388375	6.229302	2.239017	0.01783501	0.2187954	5.766442
0.4382335	0.1378402	0.4160395	6.109595	0.03292492	0.4698206	2.262160	0.03284590	6.217559	2.151235	-0.005861597	0.1966425	5.769558
0.4401008	0.1321002	0.4888101	6.084602	0.2524635	0.4704662	2.396100	0.02753390	6.210875	2.307427	-0.006426638	0.1774908	5.745945
0.4377303	0.1268063	0.4566503	6.092212	0.05484779	0.4680431	2.298100	0.02875581	6.214894	2.240395	-0.01329530	0.1872141	5.751683
0.4369391	0.1269028	0.4687232	6.087668	0.07622955	0.4683379	2.330242	0.02857337	6.214634	2.206131	-0.001606898	0.1835800	5.756375
0.4386294	0.1431162	0.4121384	6.105267	0.1036710	0.4688112	2.280466	0.02864084	6.233606	2.217102	0.004313111	0.1753633	5.792305
0.4366025	0.1192318	0.5169228	6.085621	0.2763321	0.4639048	2.337162	0.02612655	6.214708	2.277858	0.02097202	0.1692612	5.754048
0.4478566	0.1739664	0.3442171	6.112180	0.05944152	0.4721891	2.329522	0.03054847	6.228896	2.284307	0.008853102	0.2011475	5.760254
0.4395161	0.1479664	0.4054119	6.118995	0.1385076	0.4675058	2.261812	0.03157028	6.228485	2.252402	0.02419732	0.2042991	5.767443
0.4390262	0.1265871	0.5134167	6.088894	0.2818025	0.4678274	2.347793	0.02975353	6.204723	2.337312	-0.005175012	0.2081563	5.720852
0.4353079	0.1272084	0.4507134	6.095325	0.1147417	0.4672077	2.284363	0.02803004	6.229152	2.173354	-0.01023807	0.1756481	5.785362
0.4330107	0.1200908	0.4775105	6.095854	0.1254826	0.4671235	2.263252	0.03043873	6.216304	2.158654	-0.01466979	0.1980578	5.751865
0.4442170	0.1308218	0.4865617	6.090218	0.2092973	0.4708539	2.355989	0.02857137	6.208649	2.353767	0.006667658	0.1903256	5.735571
0.4366667	0.1210630	0.4910334	6.089586	0.2379187	0.4660201	2.330247	0.02744860	6.213525	2.242041	0.007046353	0.1654933	5.768434
0.4441955	0.1523772	0.4230397	6.102824	0.09191314	0.4716219	2.358917	0.03038326	6.219960	2.321577	0.007086731	0.1861696	5.772187
0.4374911	0.1123453	0.5605887	6.072968	0.3348824	0.4666885	2.375561	0.02440625	6.211975	2.291909	0.0006300880	0.1605651	5.748654
0.4476655	0.1707752	0.3903315	6.102941	0.1319345	0.4754055	2.407018	0.03152329	6.212714	2.322755	0.0003820761	0.2164549	5.726079
0.4401816	0.1498115	0.3791787	6.108371	0.06125395	0.4699877	2.301391	0.03000813	6.224641	2.234105	-0.01002619	0.1935773	5.763636
0.4360787	0.1169802	0.4907497	6.086124	0.05419546	0.4660820	2.296399	0.02741272	6.215705	2.178361	0.001591275	0.1773004	5.751606
0.4364843	0.1291130	0.4406612	6.102076	0.1117899	0.4660486	2.292466	0.02804999	6.229691	2.151392	0.01993894	0.1790207	5.777574
0.4302418	0.1126570	0.4867684	6.094322	0.03368145	0.4632270	2.273370	0.02909067	6.214836	2.130270	0.01261075	0.1853674	5.754619
0.4429479	0.1302679	0.4577097	6.089720	0.1107768	0.4691269	2.352335	0.02723269	6.216546	2.246254	-0.001525808	0.1702979	5.758812
0.4405606	0.1341609	0.4602673	6.093688	0.1652245	0.4693400	2.334515	0.03141611	6.207018	2.267904	0.007539064	0.2145435	5.725123
0.4472029	0.1566200	0.3961318	6.105263	0.1464782	0.4708665	2.341098	0.02896656	6.222879	2.311795	0.02631007	0.1877621	5.759637
0.4386293	0.1435075	0.4168456	6.113950	0.02243253	0.4698862	2.269791	0.03067815	6.230785	2.225462	0.001993146	0.1947555	5.778938
0.4372648	0.1288399	0.4839274	6.092233	0.2087324	0.4672465	2.351674	0.02861425	6.217696	2.246447	-0.0003520149	0.1896833	5.753805
0.4408729	0.1371291	0.4541750	6.105064	0.1592985	0.4698685	2.337410	0.03035623	6.219342	2.294199	0.006031519	0.1860232	5.769583
0.4384403	0.1358599	0.4394274	6.107175	0.03844342	0.4692534	2.288493	0.03217272	6.219987	2.190147	0.0007422439	0.2040782	5.761776
0.4401341	0.1270240	0.5210707	6.082098	0.2795232	0.4675257	2.385013	0.02847121	6.201459	2.337903	0.02017862	0.1903712	5.726395
0.4393729	0.1203783	0.5034126	6.077504	0.1313296	0.4664532	2.362243	0.02669501	6.207290	2.264277	0.01984220	0.1722007	5.742697
0.4444832	0.1418496	0.4858050	6.088280	0.2281293	0.4722777	2.386742	0.03092547	6.208894	2.305736	-0.02083654	0.2046701	5.736215
0.4433678	0.1334413	0.4941699	6.081849	0.1885414	0.4699533	2.398328	0.02745939	6.214235	2.299839	0.003472636	0.1677622	5.768744
0.4357545	0.1295268	0.4746557	6.094580	0.06215368	0.4684474	2.290261	0.02977757	6.226458	2.186170	-0.01983966	0.1851231	5.784488
0.4399219	0.1303811	0.4814558	6.097295	0.1747678	0.4684308	2.338875	0.03070536	6.210429	2.276300	-0.0002041941	0.2110398	5.728352
0.4405791	0.1461529	0.4405572	6.099735	0.05516843	0.4694258	2.321482	0.03073175	6.223358	2.281600	-0.002668523	0.1939218	5.771564
0.4428048	0.1424860	0.4238619	6.110466	0.1306108	0.4704367	2.306147	0.03118546	6.224734	2.223838	-0.001497335	0.1966783	5.767144
0.4354863	0.1234416	0.4586095	6.108416	0.1664388	0.4670706	2.254881	0.02969476	6.229886	2.165681	0.008848964	0.2030793	5.760660
0.4468483	0.1629386	0.4193077	6.097772	0.2087766	0.4731706	2.419923	0.02829092	6.217235	2.366069	0.01004524	0.1826110	5.751796
0.4341320	0.1165299	0.4883841	6.096666	0.1102349	0.4669339	2.277246	0.03004360	6.217186	2.170961	-0.006336945	0.1964919	5.751271
0.4345325	0.1322915	0.4286294	6.110760	0.1298287	0.4651928	2.230675	0.03120459	6.224096	2.204062	0.009198603	0.2148152	5.750145
0.4421647	0.1229027	0.5057623	6.085045	0.2813265	0.4681422	2.392418	0.02641700	6.209427	2.321736	0.006491871	0.1780007	5.731291
0.4391999	0.1284112	0.4951284	6.096230	0.2483974	0.4685301	2.338142	0.02866456	6.213934	2.339698	0.0009292640	0.1906928	5.744858
0.4447726	0.1465345	0.4664054	6.090604	0.2440826	0.4714673	2.405500	0.02645467	6.223719	2.370872	0.01273019	0.1692248	5.773684
0.4424852	0.1415467	0.4474242	6.093972	0.1759844	0.4698349	2.344802	0.02916357	6.212309	2.301302	0.01932492	0.1886946	5.746300
0.4408450	0.1412612	0.4813906	6.091317	0.2495911	0.4688158	2.394929	0.02903795	6.213319	2.330748	0.004688480	0.1825590	5.755764
0.4413363	0.1147462	0.5502657	6.072345	0.3164281	0.4682588	2.396974	0.02489304	6.204955	2.388090	-0.001537006	0.1720131	5.729993
0.4380561	0.1339762	0.4620978	6.100385	0.2278366	0.4669696	2.315538	0.02748356	6.226419	2.308091	0.001351069	0.1871897	5.759492
0.4308332	0.1206869	0.4466949	6.103750	0.08450379	0.4651577	2.225229	0.02897592	6.226290	2.155428	-0.01471428	0.1883817	5.763945
0.4395048	0.1406724	0.4601781	6.100033	0.05613145	0.4686656	2.321598	0.03232169	6.220013	2.222241	0.01387521	0.1997172	5.770349
0.4370539	0.1335599	0.4273070	6.102476	0.07207293	0.4678003	2.290225	0.02901065	6.220148	2.230789	0.001177440	0.1739572	5.773190
0.4343606	0.1247236	0.4818203	6.102422	0.05755568	0.4694393	2.254743	0.03000647	6.232961	2.142081	-0.02943581	0.1877664	5.799231
0.4399765	0.1375985	0.4558759	6.096695	0.1184480	0.4700093	2.295882	0.03061054	6.218740	2.234375	-0.01140594	0.2044189	5.753903
0.4409641	0.1245461	0.5071739	6.076284	0.1921522	0.4674741	2.386724	0.02612964	6.208339	2.314771	-0.003219841	0.1757101	5.733530
0.4392403	0.1497190	0.4222589	6.106462	0.1779025	0.4712227	2.313980	0.03046099	6.228890	2.213409	-0.01253047	0.1892217	5.784308
0.4415948	0.1625358	0.3839144	6.119705	0.1013986	0.4700766	2.303846	0.03355971	6.230008	2.249940	0.01145481	0.2214786	5.766531
0.4416421	0.1243334	0.4697294	6.092593	0.04173423	0.4688389	2.324015	0.02787008	6.216332	2.243392	0.008084724	0.1863797	5.746444
0.4439081	0.1753824	0.3560446	6.117849	0.04204650	0.4730108	2.325413	0.03468868	6.223319	2.237897	0.008410548	0.2210116	5.760651
0.4421729	0.1165591	0.5448155	6.077238	0.3360394	0.4674043	2.436352	0.02621420	6.193251	2.388960	0.03146982	0.1800735	5.701183
0.4261866	0.1105308	0.4585741	6.094720	0.05003495	0.4625928	2.210994	0.02651689	6.229582	2.091700	-0.02265006	0.1626230	5.792754
0.4400676	0.1401901	0.4349006	6.107474	0.05911618	0.4699345	2.284644	0.03063058	6.225662	2.249648	0.002916872	0.2109381	5.751372
0.4271397	0.1119349	0.4445109	6.103313	0.1219951	0.4624540	2.183579	0.03119990	6.212758	2.018588	0.009709983	0.2114402	5.736099
0.4449201	0.1708372	0.3704042	6.116285	0.09421336	0.4722686	2.325722	0.03155459	6.229010	2.311375	0.01919987	0.2010455	5.771673
0.4404273	0.1193421	0.5408403	6.078395	0.3031579	0.4682915	2.375555	0.02714412	6.205382	2.345940	0.004558357	0.1812737	5.737521
0.4403293	0.1454173	0.4337597	6.108491	0.1018598	0.4694222	2.319477	0.03216411	6.220119	2.255712	0.01619302	0.1996544	5.765171
0.4385194	0.1390797	0.4442045	6.102386	0.06719318	0.4702657	2.331187	0.03234388	6.211995	2.213839	-0.01510394	0.1981244	5.756536
0.4325100	0.1044131	0.5033835	6.091381	0.1386888	0.4637906	2.276173	0.02488776	6.221133	2.221524	0.003651715	0.1654371	5.756181
0.4395807	0.1256948	0.5104261	6.074193	0.2816908	0.4675776	2.371947	0.02783637	6.197013	2.308875	0.005673611	0.2027124	5.698994
0.4404064	0.1286180	0.4747329	6.095235	0.2072412	0.4690280	2.337020	0.02667640	6.229705	2.222561	0.003315694	0.1704345	5.778310
0.4304747	0.1165452	0.4906287	6.086369	0.1411091	0.4643414	2.283622	0.02823435	6.214632	2.169213	-0.01020372	0.1888759	5.745801
0.4378324	0.1397859	0.4183156	6.106428	0.1308590	0.4673114	2.274069	0.02923398	6.229638	2.235760	0.01066574	0.2000318	5.757837
0.4399979	0.1418094	0.4640004	6.094933	0.1607964	0.4705817	2.334190	0.03227776	6.211738	2.231107	-0.01319170	0.2101879	5.746491
0.4411347	0.1527577	0.3989827	6.110667	0.1250105	0.4702481	2.293921	0.02921069	6.233935	2.253467	-0.004626298	0.1813825	5.790296
0.4346412	0.1244581	0.4443020	6.095029	0.04535347	0.4675383	2.270468	0.02654792	6.234401	2.131496	-0.02620468	0.1766876	5.780641
0.4497978	0.1570688	0.4604499	6.082611	0.2750620	0.4739015	2.463096	0.02860498	6.195630	2.415204	0.01834178	0.1919617	5.711180
0.4399918	0.1180207	0.5534811	6.071113	0.2655570	0.4661430	2.407525	0.02789796	6.190565	2.351842	0.03113992	0.1902947	5.701811
0.4481953	0.1684140	0.4117217	6.098975	0.2065300	0.4726972	2.419342	0.03032399	6.210864	2.363955	0.02033752	0.2034189	5.728759
0.4452645	0.1366537	0.5171910	6.082910	0.2770660	0.4723432	2.425252	0.03125334	6.196335	2.356179	0.004287044	0.2053620	5.720089
0.4491048	0.1822032	0.4049578	6.107324	0.1709229	0.4749348	2.410528	0.03242141	6.221144	2.368813	0.01682624	0.2094785	5.760023
0.4307968	0.1076992	0.5148378	6.088671	0.07664811	0.4651143	2.278022	0.02885519	6.212470	2.105663	-0.01196170	0.1836680	5.757622
0.4300521	0.1120994	0.4839758	6.094942	0.05554357	0.4643903	2.257371	0.02562974	6.233754	2.141284	-0.007694243	0.1645920	5.791319
0.4394066	0.1388200	0.4250067	6.103903	0.1450145	0.4682598	2.330018	0.02915909	6.219650	2.273587	-0.004699635	0.1882195	5.754405
0.4346963	0.1249733	0.4748141	6.096047	0.1411048	0.4669195	2.306127	0.03036700	6.212289	2.187444	-0.003746598	0.1914567	5.752741
0.4275524	0.1101848	0.4985574	6.100241	0.1637771	0.4615712	2.215789	0.03061042	6.217817	2.119409	0.01533424	0.1951013	5.761963
0.4335523	0.1214410	0.4775747	6.095180	0.1389397	0.4655736	2.293492	0.02780577	6.224865	2.172653	0.0001188626	0.1757878	5.778789
0.4361351	0.1073017	0.5755479	6.072571	0.3355780	0.4649367	2.363578	0.02795897	6.192509	2.289411	0.01849566	0.1950623	5.706656
0.4422021	0.1376578	0.4183978	6.097717	0.1293118	0.4683163	2.309552	0.02773335	6.218720	2.285511	0.01779576	0.1982423	5.730381
0.4357081	0.1178482	0.4988993	6.093881	0.1800462	0.4669107	2.279730	0.02837230	6.220275	2.214024	-0.006617894	0.1861184	5.762498
0.4372110	0.1290319	0.4970650	6.088100	0.2368921	0.4683253	2.342122	0.03024605	6.209265	2.208403	-0.007538712	0.1910351	5.751141
0.4426942	0.1669376	0.3534786	6.124276	0.06857559	0.4724183	2.309276	0.03055882	6.243426	2.256287	0.002926606	0.1958009	5.792086
0.4419081	0.1382458	0.4509018	6.091705	0.1120723	0.4707021	2.335838	0.02975515	6.213902	2.210773	-0.009911452	0.1821652	5.762053
0.4429303	0.1713085	0.3677729	6.109813	0.06023907	0.4713239	2.344607	0.03289362	6.221511	2.237473	0.001457731	0.2195187	5.745259
0.4396335	0.1423011	0.4169906	6.114394	0.1172396	0.4707366	2.305937	0.02997641	6.235002	2.199954	0.002193150	0.1936597	5.783985
0.4276684	0.1080742	0.4868253	6.093648	0.01887783	0.4634615	2.242859	0.02653138	6.227544	2.117160	-0.02097348	0.1732507	5.772409
0.4459131	0.1681952	0.4161246	6.110397	0.1742779	0.4724983	2.373229	0.03076920	6.230998	2.315265	0.005785446	0.1975896	5.778366
0.4420998	0.1389673	0.4615590	6.104563	0.2184263	0.4699194	2.350910	0.03022138	6.215812	2.349975	0.008619312	0.1939683	5.749865
0.4364421	0.1298310	0.4329252	6.108485	0.08850513	0.4694258	2.258924	0.03026090	6.225304	2.177583	-0.02032226	0.1881104	5.771900
0.4391652	0.1424635	0.4001543	6.113957	0.08604982	0.4681812	2.286704	0.02941507	6.230934	2.226090	0.02852465	0.1888730	5.772101
0.4423687	0.1534305	0.4021282	6.105582	0.02943437	0.4691564	2.338027	0.02806176	6.234994	2.290045	0.005332531	0.1776694	5.784437
0.4445617	0.1425287	0.4828972	6.097215	0.2443509	0.4719767	2.425249	0.03011778	6.207642	2.404379	0.005774858	0.1948225	5.736189
0.4485618	0.1442971	0.5041393	6.081726	0.2936558	0.4728911	2.473249	0.02673417	6.207237	2.432126	0.01053290	0.1747461	5.738675
0.4335830	0.1245061	0.4392137	6.106142	0.06973529	0.4649215	2.240528	0.02947691	6.226309	2.145232	0.02134234	0.1907112	5.768604
0.4453926	0.1535481	0.4333845	6.105427	0.1508411	0.4729604	2.369384	0.03197054	6.214103	2.345091	0.01137403	0.2052394	5.746904
0.4411480	0.1333626	0.4787910	6.091393	0.2269012	0.4696755	2.342079	0.02936289	6.210406	2.335844	-0.005544533	0.1971553	5.736875
0.4336201	0.1194210	0.4504774	6.098542	0.1658936	0.4656598	2.243823	0.02785228	6.227683	2.108870	0.002818148	0.1888194	5.760208
0.4335453	0.1277955	0.4361151	6.110064	0.06452569	0.4668802	2.206855	0.03026431	6.236980	2.102963	-0.007012618	0.1846198	5.803791
0.4302915	0.1065034	0.4941430	6.094385	0.1349575	0.4654488	2.225429	0.02890557	6.214523	2.124389	0.004104748	0.1932984	5.744063
0.4472257	0.1649580	0.3818637	6.107493	0.1118876	0.4729933	2.346171	0.02938785	6.229667	2.325499	0.001638417	0.1872017	5.774354
0.4431557	0.1236008	0.5231458	6.086347	0.2806724	0.4699007	2.392109	0.02928801	6.199404	2.359403	0.01049433	0.1994967	5.716727
0.4443549	0.1426366	0.4219065	6.101273	0.1848154	0.4702693	2.368938	0.03013220	6.209026	2.292381	0.01142126	0.1958286	5.730550
0.4441813	0.1463856	0.4334198	6.093897	0.1380742	0.4702569	2.347054	0.03036489	6.210754	2.284219	0.009406925	0.2130402	5.724030
0.4450700	0.1571838	0.4150960	6.106526	0.1576819	0.4740874	2.376639	0.03052426	6.221238	2.339247	-0.01845727	0.1957494	5.760276
0.4370147	0.1376195	0.4289224	6.104353	0.01560422	0.4680212	2.277604	0.02937985	6.229379	2.188614	-0.00005136558	0.1806810	5.789897
0.4429285	0.1447259	0.3992509	6.098644	0.08095847	0.4698445	2.337842	0.02977759	6.213987	2.248910	0.007857670	0.2006866	5.734164
0.4451277	0.1419143	0.4671784	6.083976	0.2173687	0.4703985	2.413376	0.02915608	6.200155	2.355066	0.02813603	0.2148639	5.693886
0.4384034	0.1293467	0.4642943	6.096884	0.1836473	0.4684726	2.307361	0.02840184	6.222591	2.249991	0.004644652	0.1923904	5.755376
0.4378015	0.1252537	0.4542962	6.092015	0.1831637	0.4674612	2.284934	0.02521462	6.231057	2.239081	-0.007248753	0.1654391	5.778858
0.4413763	0.1567169	0.4082789	6.098814	0.1620703	0.4688278	2.367404	0.03048316	6.216430	2.235465	0.02332207	0.1945351	5.749354
0.4365655	0.1319000	0.4646691	6.098936	0.04629816	0.4695608	2.296487	0.02876334	6.229489	2.214157	-0.02340375	0.1820985	5.785619
0.4449802	0.1626738	0.4055332	6.099859	0.1244018	0.4738700	2.365901	0.02881632	6.228714	2.298040	-0.009209702	0.1851220	5.776731
0.4311370	0.1133736	0.4880437	6.090336	0.1775660	0.4652865	2.269618	0.02492766	6.239635	2.133317	-0.02183735	0.1558459	5.808075
0.4338249	0.1087361	0.5367942	6.077233	0.2698415	0.4667256	2.321563	0.02810162	6.198746	2.222176	-0.009353508	0.1835778	5.727020
0.4372454	0.1398383	0.4158653	6.104611	0.09715367	0.4700963	2.269708	0.03051592	6.225930	2.176403	-0.02271842	0.1968055	5.770226
0.4327727	0.1186839	0.5011418	6.095753	0.1399891	0.4635552	2.281232	0.02981412	6.214460	2.226374	0.006373581	0.1925165	5.753421
0.4435441	0.1342386	0.5183895	6.085469	0.2878214	0.4700630	2.380835	0.02802917	6.214323	2.362166	-0.005659463	0.1894813	5.745107
0.4429573	0.1323745	0.4678341	6.085889	0.2262938	0.4689709	2.385410	0.02805993	6.204616	2.316509	0.01043573	0.1973706	5.712117
0.4464782	0.1468983	0.4692033	6.095106	0.2465258	0.4716698	2.413308	0.03177078	6.198273	2.369545	0.01423837	0.2316507	5.693528
0.4389429	0.1231301	0.4888128	6.087378	0.02272647	0.4684433	2.340978	0.02810375	6.213229	2.240672	-0.01430063	0.1784343	5.757475
0.4351672	0.1346557	0.4013689	6.116283	0.02899044	0.4679437	2.206007	0.02890737	6.241877	2.146192	-0.004760290	0.1828123	5.798781
0.4409516	0.1370499	0.4580222	6.101280	0.1394596	0.4672538	2.366055	0.03023690	6.214392	2.308550	0.02806536	0.1976151	5.741204
0.4412679	0.1379685	0.4642693	6.086983	0.1080777	0.4707975	2.361766	0.03042658	6.207025	2.229442	-0.01523689	0.1907857	5.745713
0.4395604	0.1297442	0.4545352	6.088337	0.07623037	0.4672162	2.358115	0.02807262	6.211765	2.217437	0.01126238	0.1759260	5.752652
0.4420749	0.1470045	0.4259133	6.105195	0.09518819	0.4685774	2.331187	0.02978164	6.229596	2.233488	0.002089120	0.1841733	5.783609
0.4296504	0.1064427	0.4890843	6.094814	0.06321390	0.4636116	2.228894	0.02643615	6.222557	2.138582	-0.005367105	0.1651494	5.775246
0.4465608	0.1689745	0.4187230	6.095534	0.1722130	0.4735910	2.412875	0.02946151	6.224876	2.322183	0.004602553	0.1827329	5.778655
0.4319947	0.1052304	0.5448597	6.080361	0.2682590	0.4644051	2.280967	0.02741931	6.206745	2.232340	-0.009400000	0.1842224	5.735765
0.4427043	0.1267678	0.5397079	6.079626	0.2863707	0.4702730	2.422691	0.02740370	6.209772	2.318773	-0.0006909527	0.1689944	5.759854
0.4344002	0.1222712	0.4533314	6.099883	0.03004070	0.4659236	2.269619	0.02933230	6.220691	2.201570	0.003115908	0.1858601	5.763927
0.4410533	0.1233834	0.5191534	6.080094	0.2780310	0.4668377	2.387518	0.02543536	6.214868	2.348254	0.01757052	0.1763782	5.737553
0.4291473	0.1144555	0.4697485	6.097349	0.1619223	0.4659102	2.239317	0.02832616	6.224522	2.089570	-0.02227071	0.1772840	5.779033
0.4391523	0.1193755	0.5407937	6.080602	0.1632171	0.4675270	2.377911	0.02831026	6.203494	2.296462	0.006478661	0.1825203	5.737077
0.4478565	0.1812594	0.3421523	6.124871	0.06021975	0.4727045	2.344003	0.03359652	6.229807	2.315716	0.02601540	0.2227600	5.757138
0.4370566	0.1131577	0.5019835	6.083896	0.2017330	0.4654903	2.328297	0.02713118	6.205469	2.279841	0.007355720	0.1835362	5.727109
0.4357712	0.1357643	0.4483855	6.112392	0.1352594	0.4680687	2.275372	0.03263049	6.225278	2.204603	0.007288285	0.1975670	5.784637
0.4430547	0.1468255	0.4051286	6.105504	0.1429220	0.4707482	2.315624	0.03154909	6.211614	2.230724	0.002646698	0.2158213	5.723472
0.4374091	0.1261275	0.4630953	6.102205	0.1407476	0.4665551	2.297124	0.03040174	6.215772	2.227181	0.007911266	0.1953956	5.748994
0.4407735	0.1404803	0.4135675	6.108219	0.05696179	0.4703959	2.275437	0.03197399	6.220215	2.215467	-0.005106204	0.2063078	5.753848
0.4456677	0.1706904	0.4045321	6.109121	0.04690215	0.4747575	2.382125	0.03383996	6.226286	2.257125	-0.0008473921	0.2001198	5.786900
0.4430095	0.1504010	0.4449730	6.092188	0.1752032	0.4711336	2.371174	0.02961240	6.217580	2.302210	0.0009563622	0.1929999	5.755886
0.4292983	0.1106630	0.4734283	6.099112	0.1094556	0.4650613	2.224912	0.02856135	6.226873	2.071099	-0.02330089	0.1790929	5.783835
0.4438366	0.1684345	0.3939389	6.113356	0.1605088	0.4718866	2.337766	0.03142011	6.228851	2.276235	0.002511506	0.1933588	5.783024
0.4453423	0.1500649	0.4422493	6.096200	0.1715740	0.4715058	2.405247	0.02644786	6.230789	2.354386	0.007087574	0.1662611	5.784321
0.4426395	0.1538909	0.4116897	6.104199	0.1180618	0.4700310	2.330683	0.03218719	6.215915	2.267204	0.02199768	0.2261788	5.730648
0.4397453	0.1282133	0.4913225	6.082860	0.2780913	0.4662815	2.384911	0.02660380	6.204562	2.332635	0.02825159	0.1853588	5.719084
0.4407431	0.1395701	0.4468387	6.096046	0.2226517	0.4688412	2.365274	0.02998204	6.202455	2.330228	0.01577918	0.2115762	5.706995
0.4381736	0.1370835	0.4386892	6.106566	0.08758416	0.4674579	2.305988	0.03008114	6.224716	2.262875	0.008553885	0.1903543	5.767764
0.4476104	0.1694909	0.3491583	6.110934	0.04485020	0.4737611	2.371675	0.02816620	6.233112	2.343233	0.01073735	0.1861822	5.767841
0.4329674	0.1234030	0.4839597	6.094229	0.06655373	0.4665689	2.289717	0.03095004	6.218405	2.089270	0.007365484	0.1831297	5.778861
0.4450330	0.1358409	0.4831386	6.086447	0.2354442	0.4726864	2.382299	0.02796108	6.211995	2.337234	0.004380482	0.1884623	5.739674
0.4449338	0.1638956	0.4007602	6.099222	0.1658078	0.4734290	2.392733	0.02811103	6.227752	2.293310	-0.003802065	0.1750921	5.776247
0.4400773	0.1448936	0.3928566	6.114714	0.05519566	0.4675200	2.291918	0.03012051	6.232660	2.209472	0.01525215	0.1967054	5.769471
0.4395398	0.1177893	0.5312938	6.072890	0.2505723	0.4682218	2.396438	0.02735549	6.197487	2.290967	-0.004263372	0.1788272	5.719616
0.4358072	0.1318659	0.4524276	6.103614	0.09570428	0.4662126	2.278289	0.02988289	6.225710	2.239300	0.01149063	0.1968729	5.766682
0.4489269	0.1673122	0.4124267	6.099869	0.1949468	0.4744832	2.416985	0.03046478	6.209908	2.360735	0.01361594	0.1943408	5.741157
0.4349396	0.1383904	0.4329274	6.109479	0.1685702	0.4670429	2.264058	0.02971283	6.232310	2.205035	0.0004263965	0.1835130	5.790804
0.4356948	0.1429400	0.4121281	6.106595	0.09464227	0.4684152	2.299772	0.03087280	6.225826	2.173887	-0.003512801	0.1984479	5.766635
0.4287495	0.1088364	0.4759453	6.092951	0.08399238	0.4626932	2.248369	0.02786077	6.217822	2.113139	-0.006752622	0.1766660	5.761525
0.4464327	0.1501576	0.4379158	6.097154	0.1666310	0.4724842	2.395390	0.03058518	6.211630	2.327163	0.01322734	0.2054156	5.733821
0.4311092	0.1158797	0.4822370	6.091758	0.02772861	0.4642925	2.277932	0.02612462	6.227560	2.179002	-0.01368773	0.1747165	5.767058
0.4365694	0.1122592	0.5486336	6.077767	0.3150591	0.4636806	2.373322	0.02602710	6.208656	2.287016	0.01729692	0.1682716	5.746185
0.4370636	0.1261734	0.4837765	6.086379	0.1180366	0.4661133	2.342539	0.02789526	6.209151	2.276613	0.009049245	0.1745246	5.751354
0.4440207	0.1627361	0.3584467	6.112754	0.06796675	0.4710157	2.308322	0.03052347	6.223513	2.268742	0.01217402	0.1905634	5.764390
0.4436397	0.1489390	0.4253710	6.101363	0.1309649	0.4705725	2.347251	0.03068941	6.219165	2.299425	0.01305597	0.2054788	5.750931
0.4389497	0.1311403	0.4660753	6.089843	0.08915581	0.4679232	2.332753	0.02671386	6.222579	2.255431	-0.00004235596	0.1654757	5.778242
0.4425573	0.1421902	0.4386446	6.102606	0.08501436	0.4683419	2.347348	0.03035645	6.215878	2.294063	0.03110629	0.1901688	5.755342
0.4408134	0.1595354	0.3535771	6.124360	0.03847960	0.4705833	2.260147	0.03342982	6.229082	2.182088	-0.01146840	0.2085420	5.771501
0.4353399	0.1164917	0.4821780	6.092152	0.09524287	0.4653308	2.277365	0.02858069	6.210696	2.238749	0.01152805	0.1905984	5.738736
0.4423941	0.1255675	0.4986779	6.080153	0.2570546	0.4680510	2.377120	0.02580704	6.207499	2.376048	0.003904394	0.1789307	5.725429
0.4426745	0.1433145	0.4661143	6.093207	0.1655572	0.4715998	2.360395	0.03233817	6.209572	2.260682	-0.01017886	0.2174836	5.732318
0.4462205	0.1447247	0.4683412	6.090111	0.2409861	0.4719584	2.408642	0.03023662	6.198110	2.389692	0.009452351	0.2125378	5.704850
0.4354937	0.1250588	0.4359779	6.099716	0.1135338	0.4655676	2.269866	0.02735743	6.227745	2.166946	0.009127790	0.1809528	5.763912
0.4427905	0.1251703	0.5463684	6.078508	0.3347045	0.4697988	2.406936	0.02898583	6.197673	2.342476	-0.007409673	0.1887390	5.725229
0.4382576	0.1401593	0.4494766	6.102509	0.1951704	0.4683083	2.312687	0.02823644	6.232867	2.238786	-0.008059160	0.1750448	5.792352
0.4465907	0.1532598	0.4237954	6.093601	0.1898853	0.4713790	2.381394	0.02760186	6.217840	2.341610	-0.004695434	0.1776294	5.753504
0.4388259	0.1402805	0.4439634	6.103343	0.1210847	0.4688451	2.319551	0.03191482	6.217580	2.235350	0.009642407	0.2098060	5.752215
0.4440926	0.1488604	0.4584104	6.099386	0.1898474	0.4706907	2.379048	0.03007406	6.221859	2.341565	0.01382226	0.1878817	5.771780
0.4397915	0.1500756	0.4017583	6.107248	0.02885978	0.4684325	2.302528	0.03396614	6.211635	2.231237	0.008593625	0.2264017	5.732536
0.4453562	0.1636980	0.3759699	6.114425	0.09528422	0.4735962	2.319562	0.03262440	6.219652	2.288390	-0.003979227	0.2086754	5.754534
0.4464229	0.1570023	0.4151968	6.108822	0.1400436	0.4729970	2.363242	0.03170681	6.219696	2.341265	0.004216633	0.2118233	5.745572
0.4474665	0.1427912	0.4636607	6.083479	0.2147233	0.4702991	2.440987	0.02766793	6.202873	2.378514	0.04760164	0.1894283	5.714148
0.4379884	0.1216540	0.5148168	6.084355	0.1846041	0.4673047	2.360731	0.02739763	6.208541	2.308377	0.002217925	0.1744987	5.747797
0.4411162	0.1518670	0.3712226	6.121446	0.03981450	0.4692524	2.272296	0.02932375	6.242906	2.219604	0.01668099	0.1842870	5.797559
0.4485528	0.1434896	0.4929929	6.078530	0.2493311	0.4720842	2.441460	0.02882889	6.199654	2.382319	0.02282982	0.1914433	5.720619
0.4381376	0.1281314	0.4706293	6.089375	0.1121269	0.4684994	2.359055	0.02821085	6.214871	2.238088	-0.01477577	0.1749107	5.760194
0.4412217	0.1401279	0.4294027	6.103432	0.03604171	0.4684139	2.308059	0.03029749	6.219964	2.228081	-0.000005590303	0.1972994	5.754984
0.4419716	0.1379151	0.4854592	6.084811	0.2406633	0.4695942	2.375129	0.02789439	6.211377	2.330037	0.003069575	0.1823111	5.745744
0.4380990	0.1266700	0.4924523	6.091538	0.1809036	0.4675359	2.315881	0.02930365	6.217896	2.237125	0.001408973	0.2005003	5.747581
0.4427697	0.1315794	0.4768365	6.084100	0.2487921	0.4697360	2.372675	0.02771353	6.204257	2.310933	0.003655086	0.1874232	5.720289
0.4383710	0.1152104	0.5054757	6.084927	0.1339328	0.4668169	2.334265	0.02701855	6.204619	2.296585	-0.003324873	0.1755766	5.733919
0.4423198	0.1287848	0.4939330	6.092723	0.2667915	0.4704870	2.350155	0.02635617	6.222357	2.343608	-0.002914031	0.1704929	5.768022
0.4475583	0.1500917	0.4496253	6.097049	0.1856536	0.4740842	2.403268	0.03158406	6.206994	2.362461	0.006492580	0.2173028	5.718970
0.4370931	0.1111610	0.5326212	6.074284	0.2963585	0.4657468	2.363663	0.02598148	6.195595	2.296973	-0.007514235	0.1796845	5.705016
0.4330403	0.1275549	0.4392599	6.100621	0.03247196	0.4664191	2.261300	0.03014039	6.221395	2.111298	-0.009678620	0.1967976	5.762035
0.4373827	0.1414308	0.4209647	6.111994	0.05887497	0.4679607	2.270057	0.03044949	6.235288	2.180993	0.005448348	0.1969734	5.780505
0.4413134	0.1421043	0.4355599	6.100609	0.1821243	0.4681714	2.321911	0.03107870	6.210351	2.310704	0.006211331	0.2043945	5.734032
0.4424179	0.1433089	0.4685315	6.095983	0.2209248	0.4701532	2.365423	0.02840683	6.227461	2.285112	0.0009329066	0.1834535	5.773110
0.4473059	0.1579572	0.4345454	6.099441	0.2230431	0.4726151	2.406122	0.02965182	6.213545	2.373188	0.02542082	0.1849150	5.755223
0.4305177	0.1245606	0.4120228	6.107545	0.07542288	0.4653641	2.173478	0.02660980	6.244409	2.082925	-0.009068343	0.1668730	5.808203
0.4364334	0.1403903	0.3823824	6.111596	0.05109075	0.4664167	2.223048	0.03063800	6.225360	2.159363	0.01589341	0.1978929	5.762858
0.4440799	0.1485187	0.4335173	6.105848	0.1686813	0.4709440	2.368385	0.03220753	6.209432	2.312064	0.01169618	0.2303132	5.712554
0.4357268	0.1275893	0.4595170	6.090501	0.06162602	0.4666465	2.301254	0.02777776	6.219897	2.221531	-0.009993813	0.1792290	5.761876
0.4434532	0.1319847	0.4689515	6.093497	0.2259429	0.4695705	2.355984	0.02612090	6.223185	2.345150	0.01260763	0.1738300	5.761731
0.4392531	0.1212389	0.4797148	6.091733	0.1081433	0.4690639	2.326335	0.02926126	6.205773	2.258735	-0.01538051	0.1883573	5.734669
0.4402946	0.1320286	0.4984090	6.082995	0.2603500	0.4682463	2.390007	0.02628623	6.214216	2.353143	0.003132375	0.1761105	5.744251
0.4444067	0.1274172	0.4861162	6.084192	0.2482508	0.4694609	2.381567	0.02551494	6.214234	2.350581	0.003612330	0.1762232	5.735962
0.4416552	0.1311887	0.5252372	6.076696	0.2834503	0.4695397	2.422591	0.02656907	6.209127	2.343369	0.001709772	0.1725552	5.747391
0.4452252	0.1408566	0.4829292	6.083648	0.2835331	0.4688610	2.410104	0.02802707	6.202908	2.341209	0.02347673	0.1842290	5.727239
0.4462087	0.1389520	0.4600754	6.099894	0.2113462	0.4732179	2.380407	0.02878288	6.218485	2.312367	0.008826989	0.1845004	5.756839
0.4446204	0.1486630	0.4020080	6.095005	0.09146698	0.4715150	2.350104	0.02930747	6.217806	2.215574	-0.003058147	0.1901466	5.748768
0.4459136	0.1503865	0.4696776	6.091433	0.2154853	0.4717018	2.413508	0.02877923	6.219432	2.370198	0.01035382	0.1941182	5.748121
0.4344974	0.1289037	0.4325957	6.113584	0.1077997	0.4669555	2.224110	0.03057287	6.230419	2.186023	-0.01302537	0.1988640	5.769973
0.4357911	0.1187450	0.5365302	6.076332	0.3074175	0.4658096	2.353109	0.02626984	6.210982	2.258338	-0.01525756	0.1683863	5.753005
0.4382497	0.1246255	0.4701710	6.101237	0.1316711	0.4673046	2.289178	0.03143182	6.208818	2.219705	0.02788941	0.2092343	5.730600
0.4281332	0.1046961	0.5165017	6.088200	0.1647809	0.4657864	2.237464	0.02756943	6.217600	2.113964	-0.01987115	0.1758296	5.765217
0.4436197	0.1461655	0.4484818	6.091463	0.1921989	0.4706128	2.386289	0.02841489	6.216962	2.315607	0.01462035	0.1835522	5.751232
0.4301236	0.1107599	0.4390152	6.109398	0.08209703	0.4639065	2.189268	0.02764713	6.231005	2.085886	0.0006677784	0.1755605	5.777962
0.4321863	0.1234949	0.4308108	6.103855	0.07763999	0.4655638	2.206364	0.02930121	6.225850	2.114328	0.0009181391	0.1855641	5.776128
0.4382778	0.1090747	0.5606648	6.074261	0.3258094	0.4651696	2.384517	0.02728008	6.190884	2.358514	0.02838969	0.2011973	5.683865
0.4439225	0.1313178	0.5179094	6.080886	0.2864443	0.4704488	2.405044	0.02730456	6.207746	2.384509	-0.003292395	0.1795548	5.743066
0.4441371	0.1343694	0.4930673	6.088579	0.2537142	0.4710948	2.408976	0.02795481	6.211096	2.361985	-0.004089959	0.1778360	5.747953
0.4346071	0.1196149	0.4536030	6.096698	0.05919453	0.4659189	2.277641	0.02871811	6.220154	2.130503	0.006360812	0.1852043	5.761227
0.4453004	0.1377361	0.4858880	6.081801	0.2303350	0.4712540	2.408235	0.02758442	6.210096	2.357483	-0.001969734	0.1876965	5.736675
0.4402751	0.1454785	0.4024932	6.109856	0.07950879	0.4696886	2.299631	0.02927451	6.228252	2.269272	0.01087568	0.1900680	5.767508
0.4461810	0.1549438	0.4277533	6.099266	0.02362124	0.4724447	2.383071	0.02972134	6.219202	2.341561	0.01709460	0.1982612	5.748407
0.4353890	0.1180951	0.4768700	6.099391	0.08276346	0.4673602	2.280537	0.02864314	6.222341	2.216453	-0.004436381	0.1803059	5.771139
0.4380336	0.1290839	0.4588791	6.097728	0.06833673	0.4683427	2.307988	0.02667210	6.230718	2.228404	-0.002672199	0.1685008	5.783266
0.4421682	0.1262401	0.5173297	6.084884	0.2980155	0.4683852	2.383497	0.02831069	6.201155	2.359792	0.01277816	0.2036239	5.706657
0.4398647	0.1229053	0.5310891	6.083903	0.2814498	0.4689155	2.375346	0.02951829	6.202611	2.311974	-0.0009589115	0.1910835	5.738298
0.4416946	0.1297792	0.4836888	6.083151	0.06886617	0.4673985	2.386691	0.02691006	6.209385	2.292804	0.01642799	0.1702082	5.743796
0.4340725	0.1195000	0.4904086	6.096905	0.01287395	0.4657525	2.292904	0.03187363	6.208557	2.165627	0.01818195	0.2015830	5.745444
0.4316155	0.1053647	0.5294457	6.080917	0.1400397	0.4643379	2.309764	0.02658615	6.208646	2.203276	-0.01898689	0.1760563	5.739414
0.4487582	0.1784285	0.3620584	6.109983	0.1032411	0.4728822	2.383169	0.03241366	6.217833	2.302498	0.02749232	0.2108931	5.745832
0.4436600	0.1307956	0.4930438	6.087224	0.2703432	0.4698772	2.410332	0.02524894	6.217279	2.381354	0.01593779	0.1628938	5.754735
0.4463006	0.1606336	0.4294455	6.098294	0.1883607	0.4734502	2.424855	0.02986896	6.218603	2.322718	0.01393966	0.1964311	5.749156
0.4433170	0.1592664	0.3827832	6.106113	0.1268998	0.4697830	2.331554	0.02826835	6.231198	2.273662	0.009151140	0.1848454	5.768222
0.4410757	0.1359556	0.4523130	6.100074	0.2282895	0.4680572	2.333766	0.02621661	6.226525	2.330062	0.01784760	0.1686833	5.771234
0.4431910	0.1540163	0.4055733	6.113167	0.1158792	0.4702905	2.320619	0.03221308	6.222229	2.287363	0.02058740	0.2250595	5.739440
0.4425711	0.1353187	0.4694767	6.089722	0.2355580	0.4681729	2.382790	0.02916860	6.202407	2.314707	0.03214525	0.2098319	5.703140
0.4410108	0.1232209	0.5221592	6.076566	0.2942101	0.4661604	2.379748	0.02576229	6.205669	2.351379	0.02182296	0.1772411	5.726255
0.4432626	0.1674741	0.3995007	6.112495	0.05630042	0.4738323	2.336099	0.03446370	6.224061	2.265158	-0.007440688	0.2215625	5.762755
0.4321219	0.1161685	0.5084770	6.088360	0.09880050	0.4682309	2.286853	0.02896243	6.220292	2.139965	-0.03274324	0.1827804	5.773921
0.4459877	0.1583742	0.4190508	6.101617	0.1575407	0.4729164	2.366468	0.02939809	6.222145	2.362532	0.004201996	0.1934402	5.758299
0.4302809	0.1122843	0.4908048	6.094009	0.02618440	0.4646433	2.254937	0.02778157	6.220861	2.150467	0.002597506	0.1754115	5.769253
0.4449285	0.1665354	0.3749491	6.117969	0.1023140	0.4730761	2.336422	0.03160193	6.229044	2.297029	0.0004983300	0.1920646	5.782897
0.4462578	0.1404747	0.4924178	6.090708	0.2694774	0.4699618	2.437302	0.02821037	6.208009	2.420959	0.03841697	0.1874005	5.730925
0.4373110	0.1416049	0.4219534	6.104072	0.08697178	0.4676597	2.264600	0.03021194	6.229342	2.183870	0.009625345	0.1948442	5.774389
0.4413459	0.1258073	0.4760808	6.086205	0.2157317	0.4670259	2.367146	0.02737714	6.204071	2.305363	0.02535295	0.1871372	5.716376
0.4424519	0.1256470	0.5381764	6.076301	0.3216791	0.4674808	2.434755	0.02824700	6.188684	2.399986	0.04692705	0.1972961	5.691734
0.4411247	0.1367519	0.4956040	6.094121	0.2617720	0.4685956	2.398690	0.03155815	6.201302	2.326514	0.01641955	0.2004622	5.729869
0.4462904	0.1556894	0.4244321	6.102933	0.1866754	0.4719114	2.388127	0.03005428	6.215621	2.380864	0.01217913	0.1958919	5.747983
0.4337308	0.1108126	0.5577261	6.083067	0.3158835	0.4637240	2.327783	0.02805449	6.205090	2.285589	0.02133370	0.1858817	5.737183
0.4442600	0.1288377	0.5273384	6.074808	0.2941483	0.4702759	2.426714	0.02740139	6.198071	2.398926	0.008992314	0.1770952	5.726268
0.4364424	0.1323381	0.4185291	6.101650	0.1359934	0.4663668	2.299336	0.02754655	6.225551	2.215995	-0.006095996	0.1730533	5.771836
0.4436502	0.1538843	0.3961032	6.107200	0.1202123	0.4719825	2.336938	0.03133218	6.221065	2.274980	-0.008496664	0.2057857	5.753716
0.4387995	0.1412836	0.4353814	6.106003	0.1377502	0.4693675	2.318704	0.03132043	6.222823	2.205586	-0.005409745	0.2047515	5.760042
0.4317167	0.1196365	0.4539789	6.103592	0.1493198	0.4665647	2.234144	0.02887463	6.226004	2.142468	-0.01740105	0.1937406	5.758670
0.4355859	0.1257284	0.4464542	6.105573	0.1179375	0.4667241	2.272517	0.02811582	6.229823	2.195588	0.006448891	0.1769534	5.781781
0.4369509	0.1406039	0.4181677	6.111435	0.1245349	0.4693144	2.262480	0.03006256	6.235499	2.172992	-0.003928986	0.1951259	5.784944
0.4405027	0.1325502	0.4626241	6.094192	0.2463189	0.4684298	2.357674	0.02666726	6.218820	2.291592	-0.004733042	0.1789107	5.748543
0.4376049	0.1165684	0.5323724	6.078444	0.2979265	0.4652978	2.367273	0.02740892	6.199629	2.301871	0.01249453	0.2012269	5.702095
0.4437000	0.1611192	0.4033819	6.099999	0.1357983	0.4720313	2.357888	0.03075925	6.220323	2.274570	-0.004558485	0.2002174	5.754880
0.4443600	0.1476909	0.4348862	6.099963	0.2086227	0.4714666	2.375236	0.02770193	6.224597	2.323143	0.009663175	0.1847487	5.758856
0.4338693	0.1322968	0.4259270	6.111747	0.05852278	0.4680393	2.224166	0.03400526	6.222751	2.051303	-0.01278185	0.2138248	5.769718
0.4361986	0.1425529	0.4206274	6.106522	0.09858130	0.4680026	2.277653	0.03208936	6.223654	2.137772	-0.008187108	0.2046305	5.765810
0.4470545	0.1829860	0.3693520	6.117897	0.07366466	0.4744678	2.376664	0.03334940	6.230423	2.317831	0.01159347	0.2071429	5.778805
0.4354291	0.1224676	0.4834235	6.092920	0.09411933	0.4673923	2.311258	0.02833438	6.224893	2.130809	-0.01414806	0.1719646	5.785517
0.4399918	0.1380924	0.4214138	6.106460	0.1184500	0.4684658	2.282864	0.02929520	6.225948	2.245968	0.01163349	0.1953822	5.760983
0.4408824	0.1208124	0.5090165	6.083942	0.2985113	0.4671790	2.368780	0.02612505	6.203914	2.362625	0.02558849	0.1712686	5.730478
0.4410725	0.1541733	0.3961812	6.106866	0.1041853	0.4699457	2.328399	0.03139364	6.218789	2.248375	-0.001916357	0.2006734	5.753052
0.4394877	0.1224527	0.5014203	6.085641	0.2869410	0.4669928	2.350416	0.02735188	6.201133	2.334738	0.01076993	0.1808400	5.724571
0.4357632	0.1264727	0.4550659	6.096286	0.1215731	0.4671372	2.275206	0.03032069	6.218014	2.167942	-0.009945363	0.1927254	5.760112
0.4470308	0.1554811	0.4466648	6.098308	0.2372477	0.4725360	2.421860	0.03080352	6.207390	2.351905	0.01694524	0.2048987	5.726976
0.4424910	0.1554748	0.3934830	6.112444	0.1511620	0.4702494	2.316288	0.03055631	6.227778	2.244508	0.01419397	0.1937552	5.770405
0.4429808	0.1505564	0.4087188	6.109796	0.1358721	0.4712925	2.328591	0.03124294	6.219911	2.288372	0.002869057	0.2146584	5.739843
0.4389861	0.1372969	0.4281091	6.103952	0.03689666	0.4685311	2.314472	0.02981797	6.223689	2.212173	0.0007580828	0.2030341	5.747790
0.4366553	0.1273266	0.4821966	6.098411	0.1838469	0.4676259	2.305511	0.02787522	6.230476	2.234657	0.007487741	0.1764081	5.787443
0.4414149	0.1245178	0.4978836	6.086932	0.2561535	0.4685387	2.373873	0.02919036	6.196705	2.314487	0.01288873	0.1909680	5.713235
0.4422439	0.1241489	0.5353495	6.073162	0.3218086	0.4668062	2.411166	0.02664710	6.199320	2.358808	0.01778544	0.1804069	5.720102
0.4446669	0.1429500	0.4520277	6.097616	0.2292061	0.4691863	2.390449	0.03040399	6.202499	2.319822	0.02573184	0.2009881	5.720008
0.4366464	0.1233833	0.4872933	6.090197	0.1852533	0.4667403	2.318633	0.02958356	6.207030	2.222998	0.002502786	0.2016308	5.726994
0.4439403	0.1587354	0.3991164	6.112858	0.1162294	0.4724872	2.345011	0.03121260	6.227658	2.292388	0.0004222302	0.2019243	5.769773
0.4412938	0.1277805	0.5080497	6.075899	0.2661906	0.4691530	2.421323	0.02672836	6.206679	2.307891	0.005805334	0.1736912	5.736583
0.4381791	0.1438565	0.4443733	6.102036	0.1477086	0.4699035	2.306003	0.03028235	6.229777	2.207911	-0.005545467	0.1909414	5.784499
0.4403405	0.1172972	0.5119252	6.088355	0.2898325	0.4686003	2.352393	0.02705805	6.205633	2.325582	0.004119552	0.1757110	5.736616
0.4341889	0.1209909	0.4647726	6.094736	0.03647749	0.4663695	2.258938	0.02788944	6.227550	2.165122	-0.01272569	0.1831644	5.770725
0.4437972	0.1314440	0.5153674	6.078689	0.2993066	0.4689292	2.441904	0.02766083	6.198562	2.362522	0.03026896	0.1890082	5.709272
0.4338048	0.1141044	0.4667633	6.098356	0.2024686	0.4648580	2.255019	0.02748643	6.216858	2.200839	0.0001566543	0.1871099	5.739981
0.4454391	0.1413175	0.4485195	6.098779	0.2113623	0.4698346	2.405405	0.02769307	6.215468	2.341431	0.02992141	0.1761002	5.750144
0.4408223	0.1430216	0.4384079	6.094931	0.05789857	0.4692288	2.351145	0.02994063	6.216630	2.217082	0.001311911	0.1924451	5.753933
0.4451855	0.1581443	0.3936123	6.112731	0.1074835	0.4725246	2.325223	0.03141034	6.226625	2.277940	0.01533364	0.2008590	5.771119
0.4353813	0.1129300	0.5145594	6.082937	0.2589932	0.4632609	2.346221	0.02734970	6.199625	2.272910	0.02136026	0.1805041	5.719810
0.4395359	0.1356978	0.4570204	6.092748	0.03280796	0.4669204	2.354622	0.03122577	6.202941	2.250194	0.02892011	0.2120039	5.716868
0.4429860	0.1403472	0.4574888	6.097113	0.1743486	0.4710754	2.370399	0.03122580	6.207665	2.303276	0.003728812	0.1966216	5.741600
0.4438064	0.1480317	0.4655530	6.089334	0.2235824	0.4715183	2.415253	0.03057104	6.205053	2.304691	0.01500304	0.1940978	5.737040
0.4425505	0.1213630	0.5195445	6.085115	0.3023909	0.4678650	2.390298	0.02559612	6.211901	2.370706	0.02468383	0.1669009	5.747758
0.4376042	0.1451119	0.3696640	6.122221	0.04532113	0.4684360	2.225051	0.02973377	6.244776	2.136689	0.002233371	0.1876503	5.796848
0.4411867	0.1406310	0.4647553	6.098478	0.2282832	0.4695469	2.358565	0.03092808	6.210483	2.307545	-0.0008125270	0.1959489	5.748321
0.4328067	0.1273092	0.4563499	6.104621	0.1278834	0.4679442	2.245190	0.03138278	6.223165	2.143636	-0.02156242	0.1925803	5.779455
0.4428358	0.1323484	0.4667612	6.096901	0.1885430	0.4723076	2.339465	0.03000399	6.210583	2.288024	-0.01009388	0.1942954	5.741012
0.4420393	0.1457973	0.4291429	6.105967	0.03268208	0.4703510	2.351162	0.03170497	6.221692	2.221186	0.009766973	0.1986057	5.763781
0.4395619	0.1147698	0.5237893	6.078532	0.2834545	0.4670296	2.392161	0.02771480	6.191369	2.314220	0.004530778	0.1943939	5.692650
0.4380082	0.1217939	0.5419790	6.077995	0.3135877	0.4663214	2.389559	0.02781683	6.206808	2.296788	-0.0001799273	0.1837284	5.738527
0.4282109	0.1143686	0.4485205	6.105373	0.1037061	0.4634801	2.203681	0.02856808	6.228535	2.077100	-0.001190840	0.1730330	5.790590
0.4404536	0.1436295	0.4385904	6.103036	0.06207605	0.4695492	2.306971	0.03167033	6.217919	2.254731	0.003982419	0.2110554	5.746194
0.4416534	0.1241887	0.4951769	6.082353	0.1713515	0.4693543	2.360081	0.02808190	6.203327	2.292622	-0.005918278	0.1816238	5.733272
0.4378894	0.1374316	0.4548146	6.095780	0.1660676	0.4686034	2.333379	0.02998128	6.218153	2.221747	-0.006951712	0.1912808	5.758825
0.4415325	0.1428319	0.4365388	6.109045	0.1254233	0.4704093	2.343181	0.03214612	6.219684	2.256050	0.008169216	0.2005491	5.762865
0.4448860	0.1623582	0.3815176	6.113699	0.07159966	0.4737827	2.331522	0.03154457	6.229241	2.251636	-0.01808482	0.1949695	5.778866
0.4412065	0.1360126	0.4543864	6.094676	0.2037434	0.4699735	2.347742	0.02893308	6.212335	2.286991	-0.002685283	0.1909644	5.741626
0.4379494	0.1140798	0.5460234	6.072388	0.3104294	0.4635197	2.403108	0.02627215	6.196506	2.308148	0.02717933	0.1654835	5.724735
0.4447057	0.1550968	0.4483139	6.095088	0.1743913	0.4719861	2.399137	0.03001933	6.219985	2.340559	0.002872866	0.1925759	5.762666
0.4361301	0.1176655	0.4612357	6.097331	0.05662474	0.4672031	2.270092	0.02877465	6.215548	2.170601	-0.0004228080	0.1992780	5.735568
0.4428389	0.1510550	0.3891865	6.116278	0.09883743	0.4704744	2.310374	0.03035847	6.230468	2.283366	0.01791737	0.1993812	5.765817
0.4277255	0.1181731	0.4567851	6.104097	0.09157863	0.4643005	2.194648	0.02966689	6.229978	2.073437	-0.01317948	0.1865421	5.786180
0.4464861	0.1639173	0.3872174	6.106798	0.1406763	0.4734051	2.354720	0.02875446	6.230811	2.316870	-0.002015145	0.1875167	5.769816
0.4363135	0.1283751	0.4199524	6.103952	0.05276918	0.4666011	2.282287	0.02797404	6.226721	2.179517	0.01035563	0.1818785	5.767448
0.4419507	0.1349233	0.4827285	6.084373	0.2388410	0.4698121	2.380003	0.02795571	6.209036	2.308158	-0.01591913	0.1850962	5.735470
0.4408815	0.1407836	0.4418556	6.095727	0.1969587	0.4691376	2.334129	0.02812394	6.220636	2.266906	0.01466125	0.1842053	5.756912
0.4351588	0.1309774	0.4560588	6.103812	0.09237598	0.4673324	2.287150	0.02980834	6.231800	2.152319	-0.009715014	0.1896899	5.785582
0.4397067	0.1197299	0.5381639	6.086608	0.3272772	0.4666096	2.389462	0.02753860	6.201883	2.366425	0.01868896	0.1850902	5.722890
0.4373938	0.1428764	0.3861522	6.114820	0.06796745	0.4687630	2.239523	0.03048071	6.235835	2.148465	-0.005840358	0.1908601	5.789256
0.4435033	0.1409123	0.4444266	6.095570	0.1470318	0.4709563	2.367879	0.03136405	6.205997	2.278587	0.005469766	0.2051472	5.729527
0.4417454	0.1527856	0.4345590	6.102215	0.05492827	0.4716404	2.343119	0.03167238	6.225915	2.249358	-0.009217979	0.1981716	5.777781
0.4450765	0.1596855	0.3907542	6.109699	0.1363828	0.4726665	2.344614	0.03000855	6.230475	2.248447	0.004015787	0.1870748	5.780435
0.4357164	0.1209555	0.4885006	6.096238	0.1591404	0.4676057	2.307770	0.02877529	6.220113	2.207306	-0.001001407	0.1855870	5.761124
0.4406126	0.1178491	0.5356088	6.076543	0.3003082	0.4679301	2.374838	0.02501757	6.214418	2.327148	0.001414014	0.1664510	5.748465
0.4397501	0.1372629	0.4128801	6.103105	0.06730265	0.4680684	2.281471	0.02930090	6.223354	2.216892	-0.002996342	0.1900261	5.759199
0.4341343	0.1200627	0.4468856	6.101744	0.08291719	0.4666907	2.241026	0.02871991	6.223986	2.167198	-0.0004932100	0.1919816	5.756921
0.4381407	0.1365950	0.4446387	6.105000	0.09596293	0.4690167	2.290586	0.03048246	6.228134	2.206812	-0.01105030	0.1930895	5.777869
0.4351023	0.1262385	0.4485362	6.096241	0.04390116	0.4672367	2.296037	0.02912998	6.218308	2.180430	-0.005755174	0.1849049	5.758889
0.4346286	0.1257677	0.4641401	6.102409	0.01210943	0.4689466	2.243330	0.02964368	6.232221	2.120207	-0.01940917	0.1847243	5.793920
0.4305477	0.1124009	0.4863499	6.097403	0.1796085	0.4658737	2.226228	0.02824034	6.227347	2.116403	-0.01088918	0.1836273	5.773220
0.4415463	0.1414241	0.4146937	6.100414	0.02144807	0.4696712	2.320447	0.02866660	6.224171	2.240294	-0.001993027	0.1887792	5.757709
0.4356634	0.1337206	0.4337307	6.108897	0.1604842	0.4684559	2.274720	0.02933276	6.232146	2.160083	0.001490891	0.1828256	5.788187
0.4417069	0.1382985	0.3925151	6.104062	0.04868810	0.4685852	2.287410	0.02753944	6.227514	2.243711	0.007686711	0.1782822	5.764132
0.4356277	0.1209754	0.4748694	6.095837	0.07179167	0.4660666	2.284460	0.03015115	6.210084	2.214769	0.01258443	0.2027673	5.732774
0.4347146	0.1354154	0.4228674	6.107504	0.06735652	0.4662852	2.260989	0.03277822	6.217276	2.128794	0.0007247169	0.2040033	5.760008
0.4429557	0.1542148	0.4016164	6.109644	0.1231826	0.4705667	2.334118	0.02970497	6.230672	2.256924	0.01742698	0.1895989	5.775361
0.4460953	0.1599835	0.4071357	6.108971	0.1444187	0.4740640	2.366083	0.03300455	6.216916	2.287065	0.003427191	0.2199508	5.740852
0.4430101	0.1627912	0.3543099	6.119894	0.07386101	0.4713733	2.299426	0.03118819	6.230663	2.236516	0.01867866	0.1979043	5.770132
0.4460901	0.1624495	0.3653238	6.111053	0.09227115	0.4722840	2.342682	0.02742489	6.240102	2.288728	0.005761127	0.1714844	5.795393
0.4440439	0.1576607	0.4203578	6.107931	0.1430179	0.4715876	2.359958	0.03157246	6.221743	2.299610	0.003569501	0.1912898	5.773941
0.4375118	0.1386662	0.4174626	6.114435	0.1078485	0.4675387	2.274908	0.03130055	6.226207	2.210123	0.007263246	0.2021491	5.764139
0.4325586	0.1127522	0.4732035	6.090109	0.1370149	0.4649154	2.276983	0.02643705	6.220302	2.133395	0.00001545201	0.1699155	5.765558
0.4374460	0.1344630	0.4603450	6.096434	0.02944219	0.4668316	2.326483	0.02972325	6.221952	2.202098	0.006060567	0.1839215	5.772438
0.4386658	0.1432107	0.4151041	6.105300	0.01789889	0.4684089	2.291851	0.02938862	6.233497	2.196587	0.005386789	0.1853522	5.785845
0.4412587	0.1227718	0.5257938	6.082954	0.2737099	0.4694605	2.400060	0.02877495	6.198362	2.323631	0.003808040	0.1836034	5.726951
0.4411180	0.1244958	0.5208467	6.087676	0.2808617	0.4690418	2.366037	0.02838367	6.209362	2.324588	0.01176233	0.1848787	5.743071
0.4429962	0.1448675	0.4747231	6.098123	0.2170145	0.4696328	2.390102	0.03096031	6.213144	2.332117	0.02008965	0.2041375	5.744152
0.4405141	0.1228131	0.5180655	6.086468	0.2948251	0.4663170	2.377814	0.02528615	6.217238	2.354814	0.01392401	0.1608089	5.762779
0.4393190	0.1189529	0.5327288	6.080542	0.3053380	0.4658747	2.376170	0.02853760	6.196918	2.334058	0.01334334	0.1946548	5.711999
0.4372298	0.1151226	0.5150013	6.082028	0.2470544	0.4662314	2.350549	0.02699291	6.206285	2.242624	0.007902444	0.1711606	5.742303
0.4370545	0.1267165	0.4869638	6.088147	0.2263883	0.4660240	2.339839	0.02824881	6.212081	2.252690	0.004045908	0.1804968	5.750431
0.4427755	0.1260764	0.5011184	6.084312	0.2869049	0.4678395	2.392326	0.02630702	6.204706	2.375862	0.01206646	0.1716739	5.732604
0.4416453	0.1268783	0.4919198	6.091086	0.2864901	0.4695125	2.376374	0.02670071	6.210810	2.339459	0.01682626	0.1762969	5.738120
0.4453668	0.1505961	0.4615534	6.095540	0.2234231	0.4713910	2.401317	0.03178587	6.206243	2.302930	0.008241078	0.2035702	5.736729
