# Celestia native CMS export; GPL-2.0-or-later. See ../upstream.json and ../../native/.
v -8.75868032220751 10.681582200340927 -1005.3140670061111
v 98.00791639834642 10.681582200340927 -1004.1367435455322
v 97.73848045617342 5.992570426315069 -1002.608699798584
v 97.04857639968395 1.3327224366366863 -1001.0633289813995
v 95.9415740892291 -3.279513535089791 -999.50623691082
v 94.42261431366205 -7.826022100634873 -997.9448640346527
v 92.4985196068883 -12.289122641086578 -996.3884854316711
v 90.17755217850208 -16.65158045478165 -994.8438280820847
v 87.46964324265718 -20.896747699007392 -993.3209824562073
v 84.38608724623919 -25.00854746438563 -991.8273890018463
v 80.939611941576 -28.971539866179228 -990.3708958625793
v 77.14445482939482 -32.77112748473883 -988.9634281396866
v 73.01588539034128 -36.39326551929116 -987.6101839542389
v 68.57058729976416 -39.82485992833972 -986.3221710920334
v 63.82626347243786 -43.05352058261633 -985.1058107614517
v 58.80172524601221 -46.06773326173425 -983.969053030014
v 53.51677771657705 -48.8568851351738 -982.9198479652405
v 47.99212418496609 -51.41120105981827 -981.9657379388809
v 42.24927378818393 -53.72182957828045 -981.1128383874893
v 36.31049372255802 -55.780763290822506 -980.3667551279068
v 30.19871050491929 -57.58093759417534 -979.7328901290894
v 23.937398493289948 -59.1161797195673 -979.2151165008545
v 17.55061810836196 -60.38136798888445 -978.8194477558136
v 11.062725987285376 -61.37209419161081 -978.5473108291626
v 4.498523490037769 -62.085001207888126 -978.4012538194656
v -2.1169752173591405 -62.517623752355576 -978.3834171295166
v -8.758611842058599 -62.66835015267134 -978.4923738241196
v -15.401002345606685 -62.53504000604153 -978.7005025148392
v -22.018511462956667 -62.11611986160278 -978.971518278122
v -28.585429675877094 -61.41315679997206 -979.3069499731064
v -35.07632218301296 -60.42860973626375 -979.7057783603668
v -41.46597236394882 -59.166039638221264 -980.1677995920181
v -47.72956492379308 -57.630135007202625 -980.6944406032562
v -53.8427559658885 -55.826386995613575 -981.283153295517
v -59.781768545508385 -53.76147162169218 -981.934956908226
v -65.52346911281347 -51.44295992329717 -982.6494437456131
v -71.0454598814249 -48.8794294372201 -983.4264099597931
v -76.32626675069332 -46.080330424010754 -984.2662632465363
v -81.34512271732092 -43.05600816383958 -985.1677805185318
v -86.08241379261017 -39.817620143294334 -986.1300444602966
v -90.51950063556433 -36.37717427685857 -987.15183198452
v -94.63893514126539 -32.747512981295586 -988.2336527109146
v -98.42433303594589 -28.942064736038446 -989.3715316057205
v -101.86075609177351 -24.97513552196324 -990.5669975280762
v -104.93434265255928 -20.861432645469904 -991.8142408132553
v -107.63271532952785 -16.616467656567693 -993.1112229824066
v -109.94494915008545 -12.256267298944294 -994.4562113285065
v -111.86143778264523 -7.797249290160835 -995.8436000347137
v -113.37419293820858 -3.256458817049861 -997.2706371545792
v -114.47665326297283 1.3488110911566764 -998.7310034036636
v -115.16384996473789 6.000830247066915 -1000.2197045087814
v -115.43252147734165 10.681588570587337 -1001.7324596643448
v -115.2811262011528 15.372887263074517 -1003.2701861858368
v -114.70985524356365 20.056432569399476 -1004.8328840732574
v -113.72019924223423 24.7139092348516 -1006.4146417379379
v -112.31527961790562 29.326913617551327 -1008.0075091123581
v -110.49981035292149 33.87700226157904 -1009.6019053459167
v -108.28025087714195 38.34589574486017 -1011.1905938386917
v -105.6645130366087 42.715451605618 -1012.7628725767136
v -102.66226686537266 46.967779006808996 -1014.3110972642899
v -99.28478769958019 51.08531517907977 -1015.8271139860153
v -95.5446695163846 55.050822235643864 -1017.2979784011841
v -91.4564173668623 58.847629241645336 -1018.7183904647827
v -87.03563835471869 62.459584437310696 -1020.0765269994736
v -82.2996149584651 65.87125908583403 -1021.3654571771622
v -77.26689733564854 69.06791243702173 -1022.5762116909027
v -71.95737339556217 72.0355936512351 -1023.7003308534622
v -66.3919885084033 74.7613201662898 -1024.7291511297226
v -60.5930894985795 77.23301399499178 -1025.655843615532
v -54.58390865474939 79.4397246837616 -1026.4735794067383
v -48.388662468641996 81.37157835066319 -1027.1760392189026
v -42.032472006976604 83.01995605230331 -1027.7584326267242
v -35.541018918156624 84.37730267643929 -1028.2134211063385
v -28.940749280154705 85.43757922947407 -1028.5385584831238
v -22.258692048490047 86.19596343487501 -1028.7306851148605
v -15.522156469523907 86.64901535958052 -1028.786437511444
v -8.758605471812189 86.7948366701603 -1028.7069368362427
v -1.9957048364449292 86.63428097963333 -1028.5181736946106
v 4.739241166971624 86.17006838321686 -1028.2563310861588
v 11.419118181802332 85.40408447384834 -1027.9190647602081
v 18.017042772844434 84.33964177966118 -1027.5070881843567
v 24.506476493552327 82.98132687807083 -1027.0204013586044
v 30.861308500170708 81.33480928838253 -1026.4575773477554
v 37.05604825168848 79.40724916756153 -1025.8217757940292
v 43.065834268927574 77.2067940607667 -1025.1121813058853
v 48.86654879897833 74.74279548972845 -1024.3304246664047
v 54.435118809342384 72.02566880732775 -1023.4774231910706
v 59.74918473511934 69.06695690006018 -1022.5541961193085
v 64.78766743093729 65.87917730212212 -1021.5633934736252
v 69.53057069331408 62.4758030846715 -1020.50776720047
v 73.95914051681757 58.871186412870884 -1019.3900692462921
v 78.05595427751541 55.08036106824875 -1018.2118284702301
v 81.80506087839603 51.11926540732384 -1016.9791603088379
v 85.1916940882802 47.00436333194375 -1015.692166686058
v 88.20292867720127 42.75285450741649 -1014.3591034412384
v 90.8272536098957 38.3822188898921 -1012.9836398363113
v 93.05468671023846 33.91043968498707 -1011.5693432092667
v 94.87702310085297 29.355853646993637 -1010.1237559318542
v 96.28759950399399 24.736929712817073 -1008.6508530378342
v 97.28150445967913 20.072471257299185 -1007.1582788228989
v 97.8554891422391 15.381098510697484 -1005.6519448757172
v 204.80301439762115 10.681582200340927 -1004.0159636735916
v 204.14680257439613 1.2914836511481553 -1000.9752666950226
v 202.64453284442425 -8.018047604709864 -997.8340727090836
v 200.30540384352207 -17.208798648789525 -994.6093010902405
v 197.14234717190266 -26.24377168715 -991.3213366270065
v 193.17181080579758 -35.08751152083278 -987.9949468374252
v 188.41314755380154 -43.70605677366257 -984.6524530649185
v 182.88879342377186 -52.06714214757085 -981.3165843486786
v 176.6241529583931 -60.140508972108364 -978.0146563053131
v 169.6470896154642 -67.89757713675499 -974.7696018218994
v 161.98802769184113 -75.31189419329166 -971.6076153516769
v 153.67959558963776 -82.35893469303846 -968.5535663366318
v 144.7563710063696 -89.01602692902088 -965.6302857398987
v 135.2549446374178 -95.26253767311573 -962.8619295358658
v 125.2134869992733 -101.07970654964447 -960.270105600357
v 114.67154458165169 -106.45029567182064 -957.8732621669769
v 103.6702436953783 -111.35911837220192 -955.6912744045258
v 92.25179996341467 -115.7925932854414 -953.7419790029526
v 80.45946098864079 -119.73866790533066 -952.0401549339294
v 68.33744265139103 -123.18684406578541 -950.599969625473
v 55.9306488186121 -126.12789765000343 -949.4314116239548
v 43.284852895885706 -128.55446465313435 -948.547323346138
v 30.446149986237288 -130.4600601643324 -947.9540240764618
v 17.461278587579727 -131.83952428400517 -947.656711935997
v 4.377288941759616 -132.68939159810543 -947.6620119810104
v -8.758616619743407 -133.00705030560493 -947.971351146698
v -21.898389318957925 -132.7777723968029 -948.4632360935211
v -34.991715755313635 -131.98856256902218 -949.0159696340561
v -47.98769049346447 -130.64205810427666 -949.6307748556137
v -60.83591692149639 -128.74282009899616 -950.3068363666534
v -73.48655104637146 -126.29777938127518 -951.0477215051651
v -85.89052923023701 -123.31617280840874 -951.8586283922195
v -97.99981344491243 -119.80880431830883 -952.7416974306107
v -109.7676269710064 -115.78888580203056 -953.7037575244904
v -121.1485181003809 -111.27136185765266 -954.7509241104126
v -132.0985894650221 -106.27301171422005 -955.8904337882996
v -142.57583566009998 -100.81218168139458 -957.1288096904755
v -152.539716437459 -94.90891892462969 -958.4723711013794
v -161.95215046405792 -88.5847930982709 -959.9303930997849
v -170.77692925930023 -81.86268612742424 -961.5092968940735
v -178.9799465239048 -74.76664569228888 -963.2141786813736
v -186.52952939271927 -67.32205722481012 -965.0511538982391
v -193.3962855488062 -59.55533813685179 -967.0237898826599
v -199.55321788787842 -51.493835896253586 -969.1335135698318
v -204.9759028851986 -43.166168835014105 -971.382669210434
v -209.64232496917248 -34.6016751229763 -973.7687087059021
v -213.53319503366947 -25.8305895421654 -976.2891858816147
v -216.6318739950657 -16.884299889206886 -978.9399218559265
v -218.9242708683014 -7.794713932089508 -981.7108261585236
v -220.39911031723022 1.4051798090804368 -984.5923179388046
v -221.04821294546127 10.681595737114549 -987.5735932588577
v -220.86773112416267 20.00012755393982 -990.6616848707199
v -219.85669657588005 29.326142817735672 -993.859446644783
v -218.01564440131187 38.62454306334257 -997.149041891098
v -215.34806549549103 47.8595052100718 -1000.5099838972092
v -211.8605212122202 56.9944990798831 -1003.9177089929581
v -207.5631147623062 65.99272057414055 -1007.3519343137741
v -202.46919818222523 74.81725730001926 -1010.791357755661
v -196.5952194482088 83.43083057552576 -1014.2111098766327
v -189.96133401989937 91.79649297147989 -1017.5909078121185
v -182.5906404107809 99.87753912806511 -1020.9062898159027
v -174.50985543429852 107.63755671679974 -1024.134323000908
v -165.74872814118862 115.04120998084545 -1027.2532975673676
v -156.34026914834976 122.05384477972984 -1030.2392613887787
v -146.3205722719431 128.64211924374104 -1033.069995045662
v -135.72892919182777 134.77419488132 -1035.7259291410446
v -124.60695035755634 140.4198894649744 -1038.1844365596771
v -112.99955874681473 145.55062606930733 -1040.4242151975632
v -100.95383685082197 150.1402484625578 -1042.4257975816727
v -88.51935792714357 154.16489370167255 -1044.170327782631
v -75.74791844934225 157.60351449251175 -1045.6422114372253
v -62.692780047655106 160.43735682964325 -1046.8216753005981
v -49.409172758460045 162.65117034316063 -1047.696590423584
v -35.95382681116462 164.23287704586983 -1048.255643248558
v -22.38427030853927 165.1732400804758 -1048.4856855869293
v -8.758604675531387 165.46702310442924 -1048.3799904584885
v 4.864981470163912 165.12601107358932 -1048.05750310421
v 18.43071861192584 164.16497021913528 -1047.6365572214127
v 31.883570607751608 162.5875061005354 -1047.11052775383
v 45.168926529586315 160.40038391947746 -1046.4764589071274
v 58.23272846639156 157.61240735650063 -1045.7269102334976
v 71.02169886231422 154.23509381711483 -1044.8537278175354
v 83.4838055446744 150.28318405151367 -1043.8554847240448
v 95.56816935539246 145.77338084578514 -1042.724638581276
v 107.22542725503445 140.725317299366 -1041.4575201272964
v 118.40836934745312 135.16085609793663 -1040.050460100174
v 129.07129548490047 129.10458639264107 -1038.5016238689423
v 139.17120650410652 122.5832886993885 -1036.8115210533142
v 148.66724364459515 115.62555268406868 -1034.9781131744385
v 157.52127461135387 108.26229952275753 -1033.0030310153961
v 165.69839045405388 100.52611939609051 -1030.8911669254303
v 173.16628128290176 92.45113134384155 -1028.646292090416
v 179.8958732932806 84.07306607812643 -1026.2748277187347
v 185.861609056592 75.42873725295067 -1023.7861508131027
v 191.04109078645706 66.55560828745365 -1021.1875998973846
v 195.41564092040062 57.492187321186066 -1018.4920173883438
v 198.96988168358803 48.27725641429424 -1015.7108187675476
v 201.69204086065292 38.94973777234554 -1012.8560310602188
v 203.57407920062542 29.548951741307974 -1009.9452871084213
v 204.61147382855415 20.113422386348248 -1006.9935697317123
v 311.57886788249016 10.681582200340927 -1003.068682551384
v 310.4217763245106 -3.437668439000845 -998.5668039321899
v 307.9802392423153 -17.4017980042845 -993.8156193494797
v 304.2732399702072 -31.149686370044947 -988.8538599014282
v 299.3255205452442 -44.6233563311398 -983.7242317199707
v 293.1671740114689 -57.76835024356842 -978.4735178947449
v 285.8332112431526 -70.53408198058605 -973.1505399942398
v 277.3632042109966 -82.87406466901302 -967.8066676855087
v 267.8003941476345 -94.74584061652422 -962.4923533201218
v 257.191564142704 -106.1110481992364 -957.2576415538788
v 245.58655500411987 -116.93533904850483 -952.152271270752
v 233.03778111934662 -127.18833982944489 -947.2246563434601
v 219.5996953547001 -136.84289418160915 -942.5183182954788
v 205.32864890992641 -145.8752665668726 -938.0743324756622
v 190.2826365083456 -154.26470272243023 -933.9313280582428
v 174.52097788453102 -161.99316211044788 -930.1238572597504
v 158.10429230332375 -169.04513955116272 -926.6849434375763
v 141.09382331371307 -175.4067224264145 -923.639150261879
v 123.55194836854935 -181.06644429266453 -921.0124683380127
v 105.54168194532394 -186.01398535072803 -918.8240593671799
v 87.12659273296595 -190.24070754647255 -917.0912504196167
v 68.37088007479906 -193.73883917927742 -915.8259665966034
v 49.33924337849021 -196.50262154638767 -915.0423753261566
v 30.096783377230167 -198.52625772356987 -914.7455728054047
v 10.708965500816703 -199.80597652494907 -914.9439167976379
v -8.758619804866612 -200.3382870554924 -915.6397515535355
v -28.238181173801422 -200.07876321673393 -916.5811210870743
v -47.6545743830502 -198.98439310491085 -917.5118905305862
v -66.93074572831392 -197.05869309604168 -918.4336906671524
v -85.99042106419802 -194.30817358195782 -919.3472349643707
v -104.75833274424076 -190.74400797486305 -920.2616965770721
v -123.1604202836752 -186.38015985488892 -921.1834967136383
v -141.12465530633926 -181.23469524085522 -922.1265989542007
v -158.58110524713993 -175.3287760913372 -923.1063938140869
v -175.46236015856266 -168.68672400712967 -924.1419410705566
v -191.70359641313553 -161.3352558016777 -925.2521985769272
v -207.24358320236206 -153.3039803802967 -926.4620357751846
v -222.02357411384583 -144.62432853877544 -927.7941817045212
v -235.98873406648636 -135.32942555844784 -929.273709654808
v -249.0874895453453 -125.45395106077194 -930.9249794483185
v -261.27173244953156 -115.03376953303814 -932.7721470594406
v -272.4969220161438 -104.10570736974478 -934.8381453752518
v -282.7218300104141 -92.70721524953842 -937.1418303251266
v -291.9086681306362 -80.87631080299616 -939.6992039680481
v -300.0228841602802 -68.65194171667099 -942.5222933292389
v -307.0332384109497 -56.07361625880003 -945.6192523241043
v -312.91182920336723 -43.18146698176861 -948.9923232793808
v -317.6336342096329 -30.016890931874514 -952.6384484767914
v -321.1771474778652 -16.62210532464087 -956.5487605333328
v -323.52422654628754 -3.04086857708171 -960.7109266519547
v -324.6595573425293 10.681602107360959 -965.1007908582687
v -324.57468017935753 24.498481834307313 -969.7182512283325
v -323.2639382779598 38.361850026994944 -974.5491403341293
v -320.72333112359047 52.22202194854617 -979.5564597845078
v -316.95347025990486 66.02718997746706 -984.7030073404312
v -311.9599615037441 79.72367204725742 -989.9519884586334
v -305.75330302119255 93.25633686035872 -995.2674239873886
v -298.3489617705345 106.56890328973532 -1000.612621307373
v -289.7678576409817 119.60406459867954 -1005.953232049942
v -280.0361596047878 132.30392798781395 -1011.2546020746231
v -269.18500542640686 144.61046688258648 -1016.4817714691162
v -257.2512151300907 156.46525338292122 -1021.5988630056381
v -244.27660301327705 167.8109934926033 -1026.5723437070847
v -230.30828341841698 178.59095379710197 -1031.3679671287537
v -215.39846688508987 188.74961122870445 -1035.9499579668045
v -199.60428178310394 198.23302254080772 -1040.2827447652817
v -182.98726469278336 206.98925748467445 -1044.328309893608
v -165.61459623277187 214.9692651629448 -1048.0532222986221
v -147.55712628364563 222.12641537189484 -1051.4188528060913
v -128.89022760093212 228.4179000556469 -1054.390343427658
v -109.69331167638302 233.80483523011208 -1056.932326555252
v -90.0490515679121 238.25310185551643 -1059.0132057666779
v -70.0433436781168 241.73258140683174 -1060.596696138382
v -49.76544789969921 244.21990782022476 -1061.6577243804932
v -29.306375943124294 245.69630160927773 -1062.1664267778397
v -8.758603082969785 246.15024536848068 -1062.1023166179657
v 11.78588034119457 245.62166780233383 -1061.7183691263199
v 32.24272510036826 244.15577217936516 -1061.2707191705704
v 52.52938952296972 241.75579458475113 -1060.7384723424911
v 72.56356604397297 238.42958316206932 -1060.1049131155014
v 92.2632472962141 234.18794184923172 -1059.3456816673279
v 111.54756300151348 229.04715299606323 -1058.4449797868729
v 130.33673219382763 223.0270153284073 -1057.3821169137955
v 148.55271935462952 216.15206703543663 -1056.1394602060318
v 166.1194382607937 208.45106340944767 -1054.6998864412308
v 182.96416617929935 199.9576011300087 -1053.052897453308
v 199.01602774858475 190.70892065763474 -1051.1837142705917
v 214.20850485563278 180.74696369469166 -1049.0863233804703
v 228.47864672541618 170.1171500980854 -1046.7549151182175
v 241.76774516701698 158.8687600940466 -1044.187451004982
v 254.02198433876038 147.05382585525513 -1041.3845425844193
v 265.1921094954014 134.7273226082325 -1038.3492475748062
v 275.23429334163666 121.94716863334179 -1035.0908410549164
v 284.11023795604706 108.77281107008457 -1031.6208404302597
v 291.7873786389828 95.26499658823013 -1027.9547381401062
v 298.23878198862076 81.4855993911624 -1024.1097593307495
v 303.44340071082115 67.49692048877478 -1020.108123421669
v 307.3862010240555 53.36104430258274 -1015.9748017787933
v 310.0578059256077 39.13987370207906 -1011.736906170845
v 311.4545461535454 24.89362344145775 -1007.4227714538574
v 418.0786603689194 10.681582200340927 -999.8329031467438
v 416.31252229213715 -8.19215758703649 -993.9494454860687
v 412.80312806367874 -26.812491361051798 -987.5980550050735
v 407.5847750902176 -45.09037820622325 -980.8524227142334
v 400.70062816143036 -62.94365309178829 -973.7941896915436
v 392.20080837607384 -80.29740191996098 -966.5057104825974
v 382.1428517997265 -97.08500146865845 -959.0792262554169
v 370.5889065563679 -113.24748873710632 -951.6014742851257
v 357.606064081192 -128.7341183423996 -944.1623514890671
v 343.2647028565407 -143.5014197230339 -936.8472701311111
v 327.6373417675495 -157.51272574067116 -929.7352212667465
v 310.79881846904755 -170.7379051297903 -922.9025459289551
v 292.8253211081028 -183.15227955579758 -916.4196735620499
v 273.7935219705105 -194.73550245165825 -910.3470450639725
v 253.78073036670685 -205.47138065099716 -904.7401070594788
v 232.86481618881226 -215.34696981310844 -899.6480888128281
v 211.12343274056911 -224.3510837852955 -895.1099252700806
v 188.6345900595188 -232.47493162751198 -891.1602705717087
v 165.47623448073864 -239.71035942435265 -887.8246057033539
v 141.72683469951153 -246.05058923363686 -885.1258635520935
v 117.46479570865631 -251.48907244205475 -883.0796384811401
v 92.76909582316875 -256.01974457502365 -881.6982632875443
v 67.71889809519053 -259.6366685628891 -880.9890764951706
v 42.394050378352404 -262.33403474092484 -880.9573781490326
v 16.874734964221716 -264.10692527890205 -881.608162522316
v -8.75862458255142 -264.95029494166374 -882.9431623220444
v -34.421053156256676 -264.7680549323559 -884.5553952455521
v -60.01141592860222 -263.465568870306 -886.031865477562
v -85.42423356324434 -261.04510456323624 -887.3683941364288
v -110.55497668683529 -257.51463755965233 -888.5647773742676
v -135.30045367777348 -252.88884490728378 -889.6278440952301
v -159.559485912323 -247.18859553337097 -890.5713540315628
v -183.23407351970673 -240.44056802988052 -891.4152842760086
v -206.2297584861517 -232.6773016154766 -892.1877658367157
v -228.45627442002296 -223.93589660525322 -892.9221278429031
v -249.82829824090004 -214.25811633467674 -893.6604648828506
v -270.2659597992897 -203.68911311030388 -894.4493561983109
v -289.69419211149216 -192.27631978690624 -895.3382349014282
v -308.044298440218 -180.06913125514984 -896.3817322254181
v -325.25262728333473 -167.1174392849207 -897.633256316185
v -341.2610310316086 -153.47156882286072 -899.1473364830017
v -356.01638182997704 -139.18091475963593 -900.9740173816681
v -369.46993455290794 -124.2941839993 -903.1593686342239
v -381.5778109431267 -108.85888583958149 -905.744771361351
v -392.29921594262123 -92.92156767100096 -908.7620258331299
v -401.5968708693981 -76.52781497687101 -912.2337591648102
v -409.4369624555111 -59.72279917448759 -916.1749541759491
v -415.78766494989395 -42.552080266177654 -920.5857127904892
v -420.62069445848465 -25.061977906152606 -925.4597157239914
v -423.9098310470581 -7.300561177544296 -930.7765781879425
v -425.6318870186806 10.681606885045767 -936.5042960643768
v -425.76553478837013 28.830556757748127 -942.5940477848053
v -424.2924790084362 47.08776896819472 -948.9820289611816
v -421.2005652487278 65.39031822234392 -955.6088179349899
v -416.48421317338943 83.6709824949503 -962.4184584617615
v -410.1456905901432 101.8591507896781 -969.3639636039734
v -402.19325333833694 119.8809664696455 -976.3954925537109
v -392.64331117272377 137.66071915626526 -983.4717661142349
v -381.51912823319435 155.12032873928547 -990.5504858493805
v -368.8515619933605 172.18046016991138 -997.5917994976044
v -354.67863008379936 188.7613070011139 -1004.5583009719849
v -339.0458670258522 204.78181421756744 -1011.409832239151
v -322.005228549242 220.161245316267 -1018.1045025587082
v -303.616544008255 234.81936067342758 -1024.602051973343
v -283.94634425640106 248.67648124694824 -1030.8571243286133
v -263.0680400133133 261.65381982922554 -1036.8207961320877
v -241.06181994080544 273.67536664009094 -1042.4448573589325
v -218.01531314849854 284.666385948658 -1047.6751863956451
v -194.0224552899599 294.55639734864235 -1052.4587827920914
v -169.18362870812416 303.2778252661228 -1056.7363268136978
v -143.60586628317833 310.76841965317726 -1060.4503333568573
v -117.4015773832798 316.97153627872467 -1063.5412788391113
v -90.68910844624043 321.8374362587929 -1065.9519839286804
v -63.59220150858164 325.3239740431309 -1067.6272058486938
v -36.23845260590315 327.3973873257637 -1068.511905670166
v -8.758601490408182 328.034106194973 -1068.5586887598038
v 18.718142537400126 327.3268559575081 -1068.1974703073502
v 46.07976984232664 325.37554755806923 -1067.8585731983185
v 73.21772027760744 322.1789579093456 -1067.498985528946
v 100.02277437597513 317.74162262678146 -1067.078447341919
v 126.3853957504034 312.07302063703537 -1066.5531313419342
v 152.19628371298313 305.1889756321907 -1065.8814525604248
v 177.347252368927 297.11201280355453 -1065.0248837471008
v 201.73162557184696 287.8712823987007 -1063.9467322826385
v 225.24523705244064 277.5035534799099 -1062.6167267560959
v 247.78742417693138 266.0515321791172 -1061.0049015283585
v 269.2605310678482 253.56554344296455 -1059.0872025489807
v 289.5725713670254 240.10271564126015 -1056.847831606865
v 308.63622173666954 225.7258339226246 -1054.2707866430283
v 326.3706564903259 210.5041428655386 -1051.3498502969742
v 342.70142018795013 194.51121881604195 -1048.0805379152298
v 357.5616252422333 177.82595090568066 -1044.4674360752106
v 370.89167162775993 160.5310758948326 -1040.5199217796326
v 382.6399093866348 142.71175123751163 -1036.2505316734314
v 392.7636833488941 124.45542767643929 -1031.6805678606033
v 401.22872158885 105.85104659199715 -1026.8375498056412
v 408.0090335011482 86.9874856621027 -1021.7511373758316
v 413.08846414089203 67.9531766474247 -1016.4627116918564
v 416.4581461250782 48.835229482501745 -1011.0126346349716
v 418.11864003539085 29.717604015022516 -1005.4510527849197
v 523.8959956169128 10.681582200340927 -993.1666696071625
v 521.4187341928482 -12.955554728396237 -985.993772149086
v 516.7117846012115 -36.21672369539738 -978.0684721469879
v 509.8330906033516 -58.978346697986126 -969.5159322023392
v 500.852826833725 -81.12995490431786 -960.4709976911545
v 489.85186994075775 -102.5755550712347 -951.0786044597626
v 476.91772162914276 -123.23348701000214 -941.4812421798706
v 462.1433874964714 -143.0360222607851 -931.8181389570236
v 445.62615394592285 -161.92937046289444 -922.2276055812836
v 427.4651674926281 -179.8718574643135 -912.8384739160538
v 407.7595491707325 -196.8319123238325 -903.7660199403763
v 386.6085983812809 -212.78772331774235 -895.1176714897156
v 364.1109265387058 -227.7249701321125 -886.9906640052795
v 340.36272436380386 -241.63404643535614 -879.4636827707291
v 315.4593926668167 -254.51070964336395 -872.6092976331711
v 289.49368223547935 -266.35195299983025 -866.4815282821655
v 262.5575539469719 -277.1570375561714 -861.1275655031204
v 234.74138885736465 -286.9253008067608 -856.5820634365082
v 206.13434493541718 -295.6548571586609 -852.8679040074348
v 176.82554192841053 -303.34315851330757 -850.0015479326248
v 146.90362818539143 -309.9861788749695 -847.9911491274834
v 116.45781263709068 -315.57810857892036 -846.8391537666321
v 85.57760361582041 -320.11178746819496 -846.544134914875
v 54.35370068997145 -323.5788322985172 -847.102270424366
v 22.877532821148634 -325.96976414322853 -848.5073938965797
v -8.758628563955426 -327.27569013834 -850.7572120428085
v -40.454536490142345 -327.3276713490486 -853.2881873846054
v -72.08128105849028 -325.9564121067524 -855.5231755971909
v -103.50166786462069 -323.1583195924759 -857.442199587822
v -134.5792143791914 -318.9398404955864 -859.034863114357
v -165.17865478992462 -313.31763938069344 -860.2996373176575
v -195.16755804419518 -306.3190573453903 -861.2480396032333
v -224.4181752204895 -297.98188269138336 -861.9051432609558
v -252.80845239758492 -288.35384130477905 -862.3104947805405
v -280.22329196333885 -277.4910677969456 -862.5178080797195
v -306.5558011829853 -265.4570862650871 -862.5948625802994
v -331.70828595757484 -252.3203131556511 -862.620547413826
v -355.5914609134197 -238.1525793671608 -862.6821094751358
v -378.1260547041893 -223.02686244249344 -862.8752553462982
v -399.2412556707859 -207.01500602066517 -863.2955896854401
v -418.8744570314884 -190.18685348331928 -864.0413671731949
v -436.9701611995697 -172.60787822306156 -865.2034020423889
v -453.4788331389427 -154.33923460543156 -866.866495013237
v -468.35636526346207 -135.43686613440514 -869.1052544116974
v -481.56152933835983 -115.9520660340786 -871.9794076681137
v -493.0557981133461 -95.93178302049637 -875.5322724580765
v -502.80268281698227 -75.41982527822256 -879.7919797897339
v -510.7664081454277 -54.45898812264204 -884.7681105136871
v -516.9115045666695 -33.09142028912902 -890.4484337568283
v -521.2035727500916 -11.361780390143394 -896.8058377504349
v -523.6089777946472 10.681613255292177 -903.794252872467
v -524.0796115994453 32.98349875956774 -911.2713932991028
v -522.5693535804749 55.47562211751938 -919.0748941898346
v -519.0552198886871 78.08094475418329 -927.1257644891739
v -513.5243171453476 100.71579985320568 -935.3578555583954
v -505.9732308983803 123.29093389213085 -943.7118476629257
v -496.4093506336212 145.71343682706356 -952.1412634849548
v -484.8500034213066 167.88770399987698 -960.6077796220779
v -471.3214346766472 189.71528962254524 -969.0738880634308
v -455.8596235513687 211.09618082642555 -977.5057500600815
v -438.50956946611404 231.92991882562637 -985.8728903532028
v -419.3253940343857 252.1140955388546 -994.1401451826096
v -398.36860835552216 271.5458697080612 -1002.2672545909882
v -375.7104317843914 290.12247651815414 -1010.2141624689102
v -351.4297279715538 307.73977518081665 -1017.9289895296097
v -325.61471208930016 324.29474607110023 -1025.3587353229523
v -298.3611926436424 339.6844205260277 -1032.4393916130066
v -269.7751195728779 353.80656883120537 -1039.100427031517
v -239.97100442647934 366.5619680285454 -1045.2674371004105
v -209.07241724431515 377.8539942204952 -1050.857048034668
v -177.21261084079742 387.59053364396095 -1055.7821148633957
v -144.53315757215023 395.6857153773308 -1059.9515175819397
v -111.18485391139984 402.06118538975716 -1063.271791934967
v -77.32744015753269 406.6479666531086 -1065.6487601995468
v -43.127768989652395 409.3897207081318 -1066.994360089302
v -8.75860069412738 410.2421870827675 -1067.2199177742004
v 25.61010575853288 409.3793499469757 -1066.957973241806
v 59.84036207199097 406.985819041729 -1066.8455511331558
v 93.80001828074455 403.0505356192589 -1066.8108969926834
v 127.35414460301399 397.5674097239971 -1066.7779755592346
v 160.3660100698471 390.5389130115509 -1066.6753381490707
v 192.69786447286606 381.9759513437748 -1066.4351034164429
v 224.21203404664993 371.89896047115326 -1065.9935688972473
v 254.77183878421783 360.33849209547043 -1065.2924340963364
v 284.2429684102535 347.33567252755165 -1064.2813485860825
v 312.49508768320084 332.9414637386799 -1062.9141408205032
v 339.4016580283642 317.21821770071983 -1061.1545258760452
v 364.84312266111374 300.238249450922 -1058.9754939079285
v 388.7057854235172 282.08228275179863 -1056.3519716262817
v 410.88502138853073 262.8412337601185 -1053.273868560791
v 431.28438502550125 242.6120576262474 -1049.7318077087402
v 449.8178780078888 221.499685049057 -1045.7299679517746
v 466.4091083407402 199.61441047489643 -1041.27731859684
v 480.9925389289856 177.07027405500412 -1036.3883328437805
v 493.51527124643326 153.98442462086678 -1031.0893070697784
v 503.9357712864876 130.47607496380806 -1025.4145896434784
v 512.2243282198906 106.66408751159906 -1019.4042366743088
v 518.3634620904922 82.66593597829342 -1013.1082928180695
v 522.3487901687622 58.59715115278959 -1006.5896451473236
v 524.1867846250534 34.567447789013386 -999.915971159935
v 628.5074177384377 10.681582200340927 -982.1543991565704
v 625.2227148413658 -17.700597597286105 -973.79245698452
v 619.1867789626122 -45.559212416410446 -964.3300420045853
v 610.4950109124184 -72.72851720452309 -953.9718174934387
v 599.2569279670715 -99.06595062464476 -942.9266256093979
v 585.5955523252487 -124.45410266518593 -931.4157432317734
v 569.6392571926117 -148.7991714477539 -919.649133682251
v 551.5215119719505 -172.0307721197605 -907.8329890966415
v 531.376448571682 -194.0992422401905 -896.1595380306244
v 509.336262345314 -214.97262865304947 -884.8028665781021
v 485.52968323230743 -234.63375717401505 -873.9177972078323
v 460.08212864398956 -253.0784234404564 -863.6448830366135
v 433.1129005551338 -270.31004190444946 -854.0996038913727
v 404.7366888821125 -286.33867755532265 -845.3814375400543
v 375.0629089772701 -301.17773339152336 -837.5707510113716
v 344.19590547680855 -314.8402811586857 -830.7262015342712
v 312.2367359697819 -327.3395709693432 -824.8946231603622
v 279.28304359316826 -338.68584617972374 -820.1060324907303
v 245.43015271425247 -348.8857063651085 -816.3775017857552
v 210.77213913202286 -357.94014528393745 -813.7116810679436
v 175.40277287364006 -365.84658935666084 -812.1049010753632
v 139.41641002893448 -372.5966043770313 -811.5429943799973
v 102.90843866765499 -378.1777301430702 -812.0073089003563
v 65.97655925899744 -382.5744742155075 -813.4779185056686
v 28.720335569232702 -385.7682864367962 -815.9334191679955
v -8.758633341640234 -387.7404382824898 -819.3577069044113
v -46.34602703154087 -388.23173716664314 -823.0463343858719
v -83.88325184583664 -386.97728276252747 -826.2664684653282
v -121.19773462414742 -383.95931482315063 -828.9685741066933
v -158.11592437326908 -379.1749285161495 -831.1145827174187
v -194.464805200696 -372.63821482658386 -832.6834470033646
v -230.07457181811333 -364.38135623931885 -833.675166964531
v -264.7819420695305 -354.4549070298672 -834.1143572330475
v -298.43228459358215 -342.92657017707825 -834.051419198513
v -330.88229432702065 -329.8791843652725 -833.5624900460243
v -362.001763433218 -315.4077681899071 -832.7477610111237
v -391.6756197810173 -299.6155196428299 -831.7284196615219
v -419.8030096292496 -282.6101978123188 -830.6423690915108
v -446.2985971570015 -264.4992560148239 -829.6384692192078
v -471.0908827185631 -245.3865547478199 -828.8713896274567
v -494.12029176950455 -225.3685650229454 -828.4942200779915
v -515.3373402357101 -204.53206233680248 -828.6534252762794
v -534.7001883387566 -182.95222833752632 -829.4815573096275
v -552.1718886494637 -160.6922049075365 -831.093382537365
v -567.7178889513016 -137.80440643429756 -833.5822632908821
v -581.303738951683 -114.33100394904613 -837.0143482089043
v -592.8934594988823 -90.30652418732643 -841.4279606938362
v -602.4485743045807 -65.76204121112823 -846.8362998962402
v -609.9262753129005 -40.72661926969886 -853.2181656360626
v -615.2818688750267 -15.232690880075097 -860.5323296785355
v -618.4665843844414 10.681618829257786 -868.7062221765518
v -619.385224878788 36.96473076939583 -877.4580234289169
v -617.9441222548485 63.53672940284014 -886.487363576889
v -614.1072463989258 90.302326194942 -895.6967014074326
v -607.8552827239037 117.15778805315495 -905.0192767381668
v -599.1817590594292 143.99270586669445 -914.4002544879913
v -588.0959504842758 170.6937338411808 -923.8088536262512
v -574.6188533306122 197.14509911835194 -933.2208162546158
v -558.7835419178009 223.22958916425705 -942.6201403141022
v -540.6344041228294 248.82944360375404 -951.9944930076599
v -520.2252048254013 273.82685109972954 -961.3306242227554
v -497.6190859079361 298.10128659009933 -970.6064164638519
v -472.8879037499428 321.53253078460693 -979.7962868213654
v -446.11243307590485 343.9974595606327 -988.8617080450058
v -417.382315993309 365.3707319498062 -997.7526354789734
v -386.79759085178375 385.5256310105324 -1006.4105647802353
v -354.46650087833405 404.3326623737812 -1014.7592568397522
v -320.50990238785744 421.6604970395565 -1022.7119743824005
v -285.0589969754219 437.37734735012054 -1030.1679146289825
v -248.25772672891617 451.3532093167305 -1037.0183247327805
v -210.26250667870045 463.45912367105484 -1043.1395709514618
v -171.24239042401314 473.57247591018677 -1048.4035348892212
v -131.3799874484539 481.5777352452278 -1052.674657702446
v -90.87143126875162 487.3686969280243 -1055.811367034912
v -49.92477731779218 490.85495442152023 -1057.6756578683853
v -8.758599101565778 491.9618484377861 -1058.1295251846313
v 32.41290304809809 490.97573429346085 -1058.0244415998459
v 73.42794477939606 488.198918402195 -1058.2226836681366
v 114.13338616490364 483.6017408967018 -1058.612848520279
v 154.3702194839716 477.1613708138466 -1059.0810871124268
v 193.97517532110214 468.8664945960045 -1059.523844718933
v 232.78164625167847 458.7168064713478 -1059.840828180313
v 270.6212666630745 446.7252507805824 -1059.9392867088318
v 307.3262442648411 432.9206210374832 -1059.7406369447708
v 342.72998437285423 417.3453176021576 -1059.1715955734253
v 376.67111590504646 400.057590007782 -1058.1728428602219
v 408.9921408891678 381.1310528218746 -1056.6962707042694
v 439.54425036907196 360.6533606350422 -1054.704778790474
v 468.18630516529083 338.7244753539562 -1052.1686053276062
v 494.7879445552826 315.4575325548649 -1049.0712386369705
v 519.230427145958 290.9755799174309 -1045.4047286510468
v 541.4066818356514 265.41048154234886 -1041.1682599782944
v 561.2233462929726 238.9027650654316 -1036.3730442523956
v 578.6008179187775 211.59758292138577 -1031.035898923874
v 593.4744769334793 183.64382050931454 -1025.1825088262558
v 605.79514503479 155.19328080117702 -1018.8505858182907
v 615.5296969413757 126.39783047139645 -1012.0895630121231
v 622.6604488492012 97.40664795041084 -1004.9559062719345
v 627.1874517202377 68.36621705442667 -997.5284028053284
v 629.1257393360138 39.41448865458369 -989.891751408577
v 731.2911906838417 10.681582200340927 -966.0452181100845
v 727.1046647429466 -22.390411226078868 -956.591466665268
v 719.6080568432808 -54.765658155083656 -945.6466698646545
v 708.9492076635361 -86.22773822396994 -933.5125225782394
v 695.2959349751472 -116.59988187253475 -920.504989027977
v 678.825586438179 -145.74417963624 -906.9299429655075
v 659.7215232253075 -173.5610581934452 -893.0860215425491
v 638.1646603345871 -199.9838338047266 -879.2436289787292
v 614.3323963880539 -224.9762088060379 -865.6538039445877
v 588.3946895599365 -248.52627083659172 -852.5390464067459
v 560.5104902386665 -270.6405048072338 -840.0885781645775
v 530.829473733902 -291.34021282196045 -828.4657323360443
v 499.49046045541763 -310.6555898487568 -817.8053542971611
v 466.6215178370476 -328.6210861802101 -808.212119936943
v 432.3426613211632 -345.27395501732826 -799.7721040248871
v 396.76483511924744 -360.64811155200005 -792.5447791814804
v 359.99314829707146 -374.7739800810814 -786.5725967288017
v 322.12682381272316 -387.6745954155922 -781.8771135807037
v 283.2617211341858 -399.36481297016144 -778.4640374779701
v 243.49178865551949 -409.85028952360153 -776.3249087333679
v 202.91029952466488 -419.1270500421524 -775.4384252429008
v 161.6117499768734 -427.1812328696251 -775.7720223069191
v 119.6929295361042 -433.9907205104828 -777.2870707511902
v 77.25444350391626 -439.52575117349625 -779.9395394325256
v 34.400964584201574 -443.75233322381973 -783.6869260668755
v -8.75863732304424 -446.63397789001465 -788.4914168715477
v -52.09683705121279 -447.8094667196274 -793.535276055336
v -95.42401067912579 -446.9011205434799 -797.9492452740669
v -138.52833397686481 -443.8619014620781 -801.6323688626289
v -181.19337782263756 -438.66744965314865 -804.5012220740318
v -223.20094853639603 -431.3204661011696 -806.498421728611
v -264.33594837784767 -421.8542544543743 -807.6022580265999
v -304.3917775154114 -410.3325426578522 -807.8296503424644
v -343.174704015255 -396.8488968908787 -807.240275144577
v -380.50842493772507 -381.5224662423134 -805.9360054135323
v -416.23727694153786 -364.4926317036152 -804.0573942661285
v -450.22954881191254 -345.91207534074783 -801.7786806821823
v -482.3762074112892 -325.9398239850998 -799.3013682961464
v -512.5924775004387 -304.7324837744236 -796.8436253070831
v -540.8141469955444 -282.4380227923393 -794.6321815252304
v -566.9946366548538 -259.1890186071396 -792.8904542326927
v -591.1010250449181 -235.09868323802948 -791.8296808004379
v -613.1089013814926 -210.25792010128498 -791.6394397616386
v -632.9980337619781 -184.73490357398987 -792.4803122878075
v -650.7470181584358 -158.57692636549473 -794.4767984747887
v -666.3297110795975 -131.8130113184452 -797.7133423089981
v -679.7133439779282 -104.45889931172132 -802.2350451350212
v -690.8547011017799 -76.52303092181683 -808.0425694584846
v -699.7017502784729 -48.01179550588131 -815.0992226600647
v -706.1920630931854 -18.936380809172988 -823.3277973532677
v -710.2567899227142 10.681624403223395 -832.6231080293655
v -711.7264312505722 40.79704871401191 -842.5194641947746
v -710.4370424151421 71.31232861429453 -852.548066675663
v -706.3428086042404 102.10688330233097 -862.6112723350525
v -699.4189113378525 133.05018961429596 -872.6458883285522
v -689.663872718811 164.0073448419571 -882.6260769367218
v -677.0935419201851 194.84208941459656 -892.5455188751221
v -661.7409932613373 225.42018949985504 -902.4192988872528
v -643.6518886685371 255.60845598578453 -912.2655594348907
v -622.883203625679 285.2754834294319 -922.1035641431808
v -599.5010867714882 314.29162457585335 -931.9495189189911
v -573.5802993178368 342.52498984336853 -941.8063795566559
v -545.2022784948349 369.8424665629864 -951.6630363464355
v -514.4572269916534 396.10722184181213 -961.4940083026886
v -481.4425840973854 421.17584869265556 -971.2498623132706
v -446.26618534326553 444.8998948931694 -980.8657747507095
v -409.04506489634514 467.12430864572525 -990.2540910243988
v -369.9105517566204 487.68756598234177 -999.3097275495529
v -329.00658801198006 506.4238876104355 -1007.9087448120117
v -286.4927101135254 523.1636211276054 -1015.9084492921829
v -242.5455777347088 537.7362477779388 -1023.1514704227448
v -197.35887184739113 549.9738988280296 -1029.4663721323013
v -151.14528223872185 559.7135978937149 -1034.6688759326935
v -104.1374821588397 566.8033254146576 -1038.5680782794952
v -56.58602613955736 571.1053821444511 -1040.966654419899
v -8.758597509004176 572.5023517012596 -1041.6666680574417
v 39.08286636695266 571.4240983128548 -1041.7403590679169
v 86.75510544329882 568.3238777518272 -1042.281065583229
v 134.08671788871288 563.1455808877945 -1043.1331497430801
v 180.89646063745022 555.8426794409752 -1044.1454583406448
v 226.99471056461334 546.3815385103226 -1045.1732593774796
v 272.18579918146133 534.745646417141 -1046.0864979028702
v 316.27004474401474 520.9362772107124 -1046.7648017406464
v 359.04670804739 504.9758031964302 -1047.1045142412186
v 400.3161710500717 486.9072872400284 -1047.0169615745544
v 439.884115755558 466.79443180561066 -1046.4291661977768
v 477.560912668705 444.7216808795929 -1045.2820122241974
v 513.1675323843956 420.7930478453636 -1043.534016609192
v 546.5347301959991 395.12908324599266 -1041.1529713869095
v 577.5064095854759 367.8670531511307 -1038.1221610307693
v 605.9399789571762 339.15586844086647 -1034.4303739070892
v 631.708288192749 309.15715500712395 -1030.0794446468353
v 654.6995267271996 278.04183930158615 -1025.0781387090683
v 674.8188543319702 245.98724350333214 -1019.4422543048859
v 691.9902867078781 213.17578598856926 -1013.198801279068
v 706.1561858654022 179.79342699050903 -1006.3854914903641
v 717.2774639725685 146.02569356560707 -999.0476810932159
v 725.337201654911 112.05654568970203 -991.2516206502914
v 730.3384056687355 78.06526757776737 -983.0780339241028
v 732.3076272010803 44.22112623229623 -974.6338391304016
v 831.5380766987801 10.681582200340927 -944.2357367277145
v 826.3535624742508 -26.979445964097977 -933.7795633077621
v 817.2615900635719 -63.74379426240921 -921.4156794548035
v 804.487564265728 -99.33783274143934 -907.5817465782166
v 788.2731977105141 -133.54889072477818 -892.7066606283188
v 768.869172334671 -166.22396126389503 -877.2056597471237
v 746.5245392918587 -197.26473234593868 -861.4661568403244
v 721.4765265583992 -226.61886602640152 -845.829648077488
v 693.9502841234207 -254.27401676774025 -830.6025168299675
v 664.1521060466766 -280.246734470129 -816.0410508513451
v 632.2705006599426 -304.5762598514557 -802.3618894815445
v 598.4759357571602 -327.3167145252228 -789.7417688369751
v 562.9210424423218 -348.5290490090847 -778.3182862401009
v 525.7436728477478 -368.2780359685421 -768.1992262601852
v 487.06832706928253 -386.62694469094276 -759.4660261273384
v 447.0076310634613 -403.63282710313797 -752.1727564930916
v 405.66567465662956 -419.3444538116455 -746.3537147641182
v 363.138852417469 -433.7995621562004 -742.0228135585785
v 319.5191252231598 -447.0229706168175 -739.1775557398796
v 274.89554911851883 -459.02446389198303 -737.798219025135
v 229.3561863899231 -469.7980284690857 -737.8489771485329
v 182.99123972654343 -479.3223622441292 -739.2814671993256
v 135.8941351622343 -487.5610274076462 -742.0351973176003
v 88.16454157233238 -494.46484565734863 -746.0422351956367
v 39.90893762558699 -499.9756184220314 -751.232508122921
v -8.758641304448247 -504.02979612350464 -757.5394088029861
v -57.69843678921461 -506.15878343582153 -764.0664651989937
v -106.68948568403721 -505.85871934890747 -769.8326593637466
v -155.47729186713696 -503.0320116877556 -774.6617648005486
v -203.79604406654835 -497.61439740657806 -778.403137922287
v -251.37394934892654 -489.58482921123505 -780.9475162625313
v -297.9408073425293 -478.97021502256393 -782.2372618317604
v -343.23754012584686 -465.8484756946564 -782.2772160172462
v -387.0231230556965 -450.3444170951843 -781.1338332295418
v -429.0828278660774 -432.6254492998123 -778.9383405447006
v -469.2336755990982 -412.8915470838547 -775.8804693818092
v -507.3282587528229 -391.3630445301533 -772.1991294622421
v -543.2547158002853 -368.2687099277973 -768.1726750731468
v -576.936756670475 -343.8317057490349 -764.1035145521164
v -608.3288213610649 -318.25873374938965 -760.3049111366272
v -637.4095568060875 -291.72869592905045 -757.0831972360611
v -664.1749879717827 -264.3863242864609 -754.7239637374878
v -688.6300072073936 -236.3382312655449 -753.4788608551025
v -710.7801184058189 -207.65256576240063 -753.5536730289459
v -730.6235888600349 -178.36291171610355 -755.1010313630104
v -748.1454867124557 -148.47366459667683 -758.2142472267151
v -763.3142155408859 -117.96873316168785 -762.9280257225037
v -776.077641248703 -86.82202488183975 -769.2171406745911
v -786.3643151521683 -55.006389766931534 -777.0019894838333
v -794.0865316987038 -22.504897294566035 -786.159855723381
v -799.1413477063179 10.681629180908203 -796.5237879753113
v -801.2574416399002 44.51266374439001 -807.4228718876839
v -800.1816853880882 78.86313457041979 -818.21722894907
v -795.8592948317528 113.57592590153217 -828.8131400942802
v -788.2716178894043 148.48637960851192 -839.1812002658844
v -777.4287450313568 183.42938527464867 -849.3329268693924
v -763.3646169304848 218.24489682912827 -859.3108731508255
v -746.1332023143768 252.78144255280495 -869.1799646615982
v -725.800955593586 286.89413756132126 -879.0072673559189
v -702.4450841546059 320.4450787603855 -888.8593375682831
v -676.1480444669724 353.29975202679634 -898.7873411178589
v -646.998000741005 385.32203793525696 -908.8233840465546
v -615.0865826010704 416.37377858161926 -918.9776587486267
v -580.5105668306351 446.3084837794304 -929.2325323820114
v -543.3726418018341 474.9698531627655 -939.5417314767838
v -503.7844142317772 502.18996703624725 -949.8327881097794
v -461.86727553606033 527.7893373370171 -960.0061225891113
v -417.7581860125065 551.5753787755966 -969.9361646175385
v -371.6090378165245 573.3448040485382 -979.472576379776
v -323.59131798148155 592.8857642412186 -988.4432083368301
v -273.89824882149696 609.9806007742882 -996.6545069217682
v -222.7452465891838 624.4091579318047 -1003.8926357030869
v -170.37369266152382 635.9545415639877 -1009.9280619621277
v -117.05178715288639 644.4069921970367 -1014.5150470733643
v -63.07362522929907 649.5723956823349 -1017.3981696367264
v -8.758596712723374 651.2780418992043 -1018.3147716522217
v 45.58069288730621 650.1231926679611 -1018.5415524244308
v 99.74162355065346 646.7435476183891 -1019.3939423561096
v 153.5372842848301 641.0496684908867 -1020.673291683197
v 206.76557265222073 632.963787317276 -1022.1887987852097
v 259.2116457223892 622.4258708953857 -1023.7620967626572
v 310.65051913261414 609.3967294692993 -1025.2296996116638
v 360.85083827376366 593.8630110025406 -1026.4478945732117
v 409.5781780779362 575.8376088738441 -1027.291009426117
v 456.5988779067993 555.3620570898056 -1027.6549798250198
v 501.685086786747 532.5054600834846 -1027.4573493003845
v 544.6148398518562 507.3637282848358 -1026.6335999965668
v 585.1781737804413 480.05687713623047 -1025.1370507478714
v 623.1782224774361 450.7278549671173 -1022.9387551546097
v 658.4325420856476 419.5377780497074 -1020.0194495916367
v 690.7763215899467 386.66379019618034 -1016.3729166984558
v 720.0608539581299 352.2963362932205 -1011.9984430074692
v 746.1562371253967 316.63740411400795 -1006.9040805101395
v 768.9522403478622 279.8968295753002 -1001.1042004823685
v 788.3590176701546 242.28995248675346 -994.6187800168991
v 804.3086877465248 204.0370687097311 -987.4803328514099
v 816.7558434605598 165.3593149781227 -979.7305458784103
v 825.6812211871147 126.47622272372246 -971.4318984746933
v 831.0920575261116 87.60286420583725 -962.669802904129
v 833.0225479602814 48.94191199913621 -953.5542351007462
v 928.4686124324799 10.681582200340927 -916.2851339578629
v 922.1813321113586 -31.41465676948428 -904.899719953537
v 911.3586401939392 -72.38680444657803 -891.2003266811371
v 896.3272029161453 -111.89855083823204 -875.7770937681198
v 877.4285674095154 -149.70467649400234 -859.1978394985199
v 855.0028538703918 -185.64505890011787 -841.9946068525314
v 829.3739765882492 -219.63315188884735 -824.63991522789
v 800.8430698513985 -251.6437165439129 -807.5462508201599
v 769.6812003850937 -281.69810593128204 -791.0581165552139
v 736.1297750473022 -309.8517921566963 -775.4584023356438
v 700.4001331329346 -336.18251770734787 -760.971442759037
v 662.6755848526955 -360.7795934379101 -747.7677565813065
v 623.1168133020401 -383.7381398677826 -735.9788766503334
v 581.8635562062263 -405.1518251001835 -725.6991845369339
v 539.0396511554718 -425.10939940810204 -716.9968673586845
v 494.75487023591995 -443.6904653906822 -709.9160581827164
v 449.10869121551514 -460.9624966979027 -704.4822889566422
v 402.19220861792564 -476.97938561439514 -700.7053443789482
v 354.09042701125145 -491.77660167217255 -698.5774782299995
v 304.88491103053093 -505.37045270204544 -698.0749422311783
v 254.65549260377884 -517.7551290392876 -699.156049489975
v 203.48424598574638 -528.9015313982964 -701.7614802718163
v 151.4573733508587 -538.7575766444206 -705.8153012394905
v 98.66947285830975 -547.2502362728119 -711.227156817913
v 45.2252490632236 -554.2893585562706 -717.8977221250534
v -8.758645285852253 -559.7737330198288 -725.7253280282021
v -63.131766468286514 -563.1297317147255 -733.7737011909485
v -117.64307342469692 -563.717323243618 -740.9760546684265
v -171.9928054511547 -561.3600262999535 -747.0565313100815
v -225.85917592048645 -555.9296715259552 -751.7756608128548
v -278.9072245359421 -547.3640343546867 -754.9555349349976
v -330.8012902736664 -535.6757533550262 -756.4939239621162
v -381.21886029839516 -520.9544196724892 -756.3740614056587
v -429.8631575703621 -503.3639270067215 -754.6699950098991
v -476.4752188324928 -483.13360422849655 -751.546433866024
v -520.8421504497528 -460.5413979291916 -747.2481992840767
v -562.8043395280838 -435.8974117040634 -742.0914083719254
v -602.2533389925957 -409.5218141376972 -736.4437007904053
v -639.1326829791069 -381.7240208387375 -730.7055357098579
v -673.4284588694572 -352.7852399647236 -725.2893993258476
v -705.1598283648491 -322.94114515185356 -720.5950373411179
v -734.3666437268257 -292.37219274044037 -716.9902423024178
v -761.09589189291 -261.19814336299896 -714.7901630401611
v -785.3885972499847 -229.47885185480118 -714.2438507080078
v -807.2674378752708 -197.22132548689842 -715.5223846435547
v -826.7284896969795 -164.3899418413639 -718.7138271331787
v -843.735060095787 -130.92070542275906 -723.8223060965538
v -858.2155984640121 -96.73889324069023 -730.7739266753197
v -870.0653779506683 -61.773222237825394 -739.4226318597794
v -879.1519993543625 -25.972805293276906 -749.5666632056236
v -885.3226786851883 10.681633958593011 -760.960282087326
v -888.1764471530914 48.1471823528409 -772.7192983031273
v -887.3572844266891 86.2570222467184 -784.0495204925537
v -882.8113746643066 124.8047337681055 -794.885870218277
v -874.5347428321838 163.58134098351002 -805.2418014407158
v -862.5621449947357 202.38623209297657 -815.1860618591309
v -846.9594240188599 241.03491201996803 -824.827761054039
v -827.8121960163116 279.3607860803604 -834.2928770184517
v -805.2188175916672 317.2138349711895 -843.7112098932266
v -779.282588660717 354.4560281932354 -853.198952972889
v -750.1071658730507 390.9564699232578 -862.8492647409439
v -717.7964097261429 426.58342346549034 -872.7263063192368
v -682.4504604935646 461.1990112066269 -882.8563231229782
v -644.1706305742264 494.65289533138275 -893.2296323776245
v -603.0610862374306 526.7785066366196 -903.7985336780548
v -559.2328226566315 557.3900377750397 -914.4804686307907
v -512.80702739954 586.2830802798271 -925.1596516370773
v -463.9219093322754 613.2318216562271 -935.6889045238495
v -412.7339471876621 637.9943454265594 -945.8937335014343
v -359.42336797714233 660.3133445978165 -955.574061870575
v -304.19738307595253 679.9204534292221 -964.5047396421432
v -247.29164063930511 696.5408849716187 -972.4379897117615
v -188.97427707910538 709.8975589871407 -979.1027963161469
v -129.54870723187923 719.7187462449074 -984.2077589035034
v -69.35264971107244 725.7459166646004 -987.4438440799713
v -8.758595120161772 727.7420461177826 -988.4876471757889
v 51.868400014936924 726.4937835931778 -988.786997795105
v 112.30817042291164 722.8422564268112 -989.8505741357803
v 172.36075088381767 716.661588549614 -991.4448684453964
v 231.80521488189697 707.8400713205338 -993.3466672897339
v 290.40271639823914 696.2872982025146 -995.3487592935562
v 347.9003056883812 681.9395667314529 -997.262687087059
v 404.03524830937386 664.7647708654404 -998.921805024147
v 458.5400703549385 644.765254855156 -1000.1845407485962
v 511.14729791879654 621.9793421030045 -1000.9345990419388
v 561.5958273410797 596.4796024560928 -1001.080350279808
v 609.6314603090286 568.3733108639717 -1000.5540150403976
v 655.0143697857857 537.796790599823 -999.3079948425293
v 697.5193548202515 504.91311997175217 -997.3116105794907
v 736.9390001893044 469.90856498479843 -994.5483505725861
v 773.0848994851112 432.98656582832336 -991.0106724500656
v 805.7881137728691 394.3666411936283 -986.6985762119293
v 834.8988658189774 354.2803877592087 -981.6146099567413
v 860.2898526191711 312.9691104590893 -975.7668256759644
v 881.8566530942917 270.68112149834633 -969.1681677103043
v 899.5181357860565 227.67089948058128 -961.8392246961594
v 913.2208925485611 184.19621005654335 -953.8146507740021
v 922.9402577877045 140.51372319459915 -945.1466310024261
v 928.6854046583176 96.8768472969532 -935.9172141551971
v 930.500568151474 53.525434881448746 -926.2426954507828
v 1021.2615966796875 10.681582200340927 -881.953786611557
v 1013.7528598308563 -35.63816836103797 -869.7001844644547
v 1001.0583347082138 -80.57725958526134 -854.7597143054008
v 983.6393290758133 -123.73528406023979 -837.8994557261467
v 961.9624507427216 -164.84197452664375 -819.8423552513123
v 936.4718842506409 -203.74178230762482 -801.2332856655121
v 907.5781792402267 -240.37569344043732 -782.6331853866577
v 875.6461215019226 -274.7592258453369 -764.5093247294426
v 840.9882608056068 -306.9585791230202 -747.228273153305
v 803.872860968113 -337.075677216053 -731.0785773396492
v 764.5220652222633 -365.22829324007034 -716.2680092453957
v 723.1232097744942 -391.5426090359688 -702.947773039341
v 679.8322892189026 -416.1409842967987 -691.2168878316879
v 634.7843018174171 -439.14205849170685 -681.1462926864624
v 588.0960014462471 -460.6544825434685 -672.7805283665657
v 539.8711976408958 -480.7762563228607 -666.1497133970261
v 490.203660428524 -499.5922315120697 -661.2720412015915
v 439.1783434152603 -517.1716144680977 -658.1552070379257
v 386.8737789988518 -533.5640931129456 -656.7954397201538
v 333.3638110756874 -548.7964734435081 -657.1746477484703
v 278.7192767858505 -562.8677362203598 -659.2561385035515
v 223.01195606589317 -575.745367705822 -662.980948984623
v 166.31783321499825 -587.3639327287674 -668.2667756080627
v 108.72253708541393 -597.6250237226486 -675.0071078538895
v 50.32498486340046 -606.4007261395454 -683.0748465657234
v -8.758648470975459 -613.5419252514839 -692.3309165239334
v -68.3697334304452 -618.3798471093178 -701.8380251526833
v -128.23029555380344 -620.1325312256813 -710.4711359739304
v -187.99394711852074 -618.5085770487785 -717.8307071328163
v -247.27668330073357 -613.2882365584373 -723.5724905133247
v -305.67097395658493 -604.3475702404976 -727.4354588985443
v -362.7640525996685 -591.6720029711723 -729.2610695958138
v -418.15900191664696 -575.3613182902336 -729.0065655112267
v -471.4938899874687 -555.6254795193672 -726.7525684833527
v -522.4595814943314 -532.7697488665581 -722.6983398199081
v -570.8126056194305 -507.1717035770416 -717.1524032950401
v -616.3836666941643 -479.25310492515564 -710.5136892199516
v -659.0774658322334 -449.45013642311096 -703.251251578331
v -698.8701018691063 -418.180890083313 -695.8752706646919
v -735.7959231734276 -385.81710800528526 -688.9066797494888
v -769.9322390556335 -352.6620903611183 -682.8479638695717
v -801.3798013329506 -318.93423467874527 -678.1527864933014
v -830.2416551113129 -284.7612516582012 -675.2006614208221
v -856.6038751602173 -250.1826623082161 -674.2780458927155
v -880.5174744129181 -215.16177400946617 -675.5635616183281
v -901.9854086637497 -179.6032114326954 -679.1231533885002
v -920.9559005498886 -143.37563283741474 -684.9092227220535
v -937.3197895288467 -106.33882910013199 -692.769750058651
v -950.9173607826233 -68.36692415177822 -702.4657747149467
v -961.5457856655121 -29.371444825083017 -713.6853075027466
v -968.9757353067398 10.681638736277819 -726.070748269558
v -972.6565146446228 51.73334123566747 -738.5468503832817
v -972.1297717094421 93.55826742947102 -750.2137273550034
v -967.3516792058945 135.88607043027878 -761.0457962751389
v -958.3443546295166 178.45296151936054 -771.1126202344894
v -945.183527469635 221.01783961057663 -780.5570966005325
v -927.9799890518188 263.3704483509064 -789.5616182684898
v -906.8645077943802 305.3328922390938 -798.3250388503075
v -881.9773310422897 346.7557252943516 -807.0440715551376
v -853.4552916884422 387.5089690089226 -815.8885726332664
v -821.4274254441261 427.4736526608467 -824.994355738163
v -786.012881398201 466.5277987718582 -834.4509610533714
v -747.3195970058441 504.5401293039322 -844.2997187376022
v -705.4497510194778 541.3586756587029 -854.5311498641968
v -660.5045029520988 576.806905567646 -865.0898587703705
v -612.5901594758034 610.6797990202904 -875.8774888515472
v -561.823525428772 642.7446636557579 -886.7580735683441
v -508.3416885137558 672.741134762764 -897.5633364915848
v -452.3041597008705 700.3859147429466 -908.097277879715
v -393.89858096838 725.3750663995743 -918.1370919942856
v -333.34602534770966 747.3895677924156 -927.4357151985168
v -270.90209260582924 766.1007142066956 -935.7226413488388
v -206.86186529695988 781.1737874150276 -942.7008640766144
v -141.56333595514297 792.2760567069054 -948.0483037233353
v -75.38722235709429 799.0841174125671 -951.4166861772537
v -8.75859432388097 801.2946438789368 -952.4355179071426
v 57.90530417114496 799.8850357532501 -952.6712679862976
v 124.36815530061722 795.9115818142891 -953.7767350673676
v 190.41917636990547 789.2166057229042 -955.5004727840424
v 255.82140058279037 779.657210111618 -957.6021444797516
v 320.31504929065704 767.1140420436859 -959.856396317482
v 383.62202301621437 751.4986315369606 -962.0587688684464
v 445.45125246047974 732.7597618103027 -964.0283471345901
v 505.5044826865196 710.8866289258003 -965.6106144189835
v 563.4825924038887 685.9116956591606 -966.6793888807297
v 619.0926522016525 657.9086530208588 -967.1356004476547
v 672.0493260025978 626.9915029406548 -966.905660033226
v 722.0830249786377 593.3099716901779 -965.9378921985626
v 768.94102871418 557.0445156097412 -964.1989678144455
v 812.3893198370934 518.4020403027534 -961.6680943965912
v 852.2156417369843 477.6102948188782 -958.33416223526
v 888.2271033525467 434.91374373435974 -954.1882020235062
v 920.253033041954 390.5729556083679 -949.226136803627
v 948.1456410884857 344.8590736091137 -943.4435838460922
v 971.7827206850052 298.05368810892105 -936.8426835536957
v 991.0672402381897 250.44649243354797 -929.4288378953934
v 1005.934681892395 202.3338431864977 -921.2252855300903
v 1016.3551819324493 154.01351116597652 -912.2768729925156
v 1022.337811589241 105.78066173940897 -902.658514380455
v 1023.9387309551239 57.916713282465935 -892.4922126531601
v 1109.094146490097 10.681582200340927 -841.2410831451416
v 1100.222788453102 -39.59047945216298 -828.1655663251877
v 1085.5083346366882 -88.19418232887983 -812.092619240284
v 1065.5837327241898 -134.6682322025299 -793.9852192997932
v 1041.065520644188 -178.72920088469982 -774.7229191660881
v 1012.5220263004303 -220.24497583508492 -755.0705051422119
v 980.4532885551453 -259.20231968164444 -735.6623008847237
v 945.2839225530624 -295.6726938486099 -717.0000779628754
v 907.3599600791931 -329.78024169802666 -699.4574385881424
v 866.9593477249146 -361.6763712465763 -683.2982128858566
v 824.300967156887 -391.5197525918484 -668.6944484710693
v 779.5573756098747 -419.46401059627533 -655.7475596666336
v 732.8694319725037 -445.6513801217079 -644.512228667736
v 684.3564382195473 -470.212858915329 -635.0170451402664
v 634.1226115822792 -493.26642394065857 -627.2745966911316
v 582.2639644145966 -514.9202165007591 -621.2963497638702
v 528.8691195845604 -535.2718287706375 -617.0938217639923
v 474.020074903965 -554.4057556986809 -614.6791416406631
v 417.79220312833786 -572.3892670869827 -614.0613806247711
v 360.2546086907387 -589.2659863829613 -615.2395704388618
v 301.4707647264004 -605.0478386878967 -618.1944474577904
v 241.50236070156097 -619.7072026133537 -622.8810632228851
v 180.41318826377392 -633.1707948446274 -629.2212420701981
v 118.27667087316513 -645.3176826238632 -637.10220515728
v 55.182074792683125 -655.9799972176552 -646.3753473758698
v -8.758651656098664 -664.9507310986519 -656.8627604842186
v -73.38209174573421 -671.4846673607826 -667.6654753088951
v -138.38858351111412 -674.6567952632904 -677.629152238369
v -203.3854689449072 -674.0221658349037 -686.2149703502655
v -267.9214033484459 -669.2363780736923 -692.9591757059097
v -331.50650203227997 -660.0869205594063 -697.5036585330963
v -393.63999992609024 -646.5204361081123 -699.629180431366
v -453.8395419716835 -628.6435881257057 -699.2631205916405
v -511.6680783033371 -606.7162826657295 -696.4863556623459
v -566.7608231306076 -581.1357682943344 -691.5357059240341
v -618.8421741127968 -552.3991790413857 -684.7836524248123
v -667.7384528517723 -521.0658225417137 -676.7187675833702
v -713.3773443102837 -487.71309792995453 -667.916870713234
v -755.7830554246902 -452.8906810283661 -659.0051507949829
v -795.056439936161 -417.0787864923477 -650.6195622682571
v -831.353288590908 -380.65804928541183 -643.3702218532562
v -864.8541086912155 -343.8865153491497 -637.7990081906319
v -895.7342094182968 -306.8924304842949 -634.3488827347755
v -924.1343986988068 -269.679591357708 -633.3376953005791
v -950.1361137628555 -232.14645624160767 -634.9407550692558
v -973.7429219484329 -194.11397024989128 -639.1841545701027
v -994.8725706338882 -155.3604233264923 -645.9475725889206
v -1013.3552545309067 -115.66153183579445 -654.9777281284332
v -1028.9457446336746 -74.82493344694376 -665.9092748165131
v -1041.3377594947815 -32.723548114299774 -678.2925242185593
v -1050.1902616024017 10.681643513962626 -691.6266220808029
v -1054.7919237613678 55.29607035219669 -704.6846079826355
v -1054.5966374874115 100.8172906190157 -716.5269470214844
v -1049.5797371864319 146.89628966152668 -727.1750941872597
v -1039.8043137788773 193.20465579628944 -736.7666977643967
v -1025.3996068239212 239.45481061935425 -745.5200278759003
v -1006.5363389253616 285.41040524840355 -753.6986598372459
v -983.4040886163712 330.88591262698174 -761.5783998370171
v -956.1933517456055 375.73797672986984 -769.4209375977516
v -925.0818836688995 419.852162450552 -777.4505057930946
v -890.2262395620346 463.12710642814636 -785.8391520380974
v -851.7608571052551 505.4564255475998 -794.6974638104439
v -809.7982603311539 546.7165625095367 -804.0720203518867
v -764.4373664259911 586.752949655056 -813.94590228796
v -715.7716396450996 625.375651717186 -824.2471513152122
v -663.8989779353142 662.3551869392395 -834.855395257473
v -608.9301726222038 697.4259924888611 -845.6121933460236
v -551.0002219676971 730.2876475453377 -856.326642036438
v -490.2722552418709 760.6131801009178 -866.785261631012
v -426.9446673989296 788.0539083480835 -876.7524039745331
v -361.25473737716675 812.2442311048508 -885.9726476669312
v -293.4807175397873 832.8089153766632 -894.168963432312
v -223.9463947713375 849.3663069605827 -901.0404717922211
v -153.0244030058384 861.5329170227051 -906.2563276290894
v -81.13697491586208 868.9323914051056 -909.4548028707504
v -8.758592731319368 871.2035626173019 -910.2415537834167
v 63.644654117524624 869.4970500469208 -910.2301383018494
v 135.82105569541454 865.0757932662964 -911.1501038074493
v 207.55121514201164 857.7647888660431 -912.7577501535416
v 278.5863424837589 847.4022325873375 -914.8167157173157
v 348.65133225917816 833.8485395908356 -917.1035832166672
v 417.4489997327328 816.995058953762 -919.4102239608765
v 484.6661326289177 796.7719727754593 -921.5509325265884
v 549.9796575307846 773.1537491083145 -923.3643633127213
v 613.0630865693092 746.1617919802666 -924.7153651714325
v 673.5949516296387 715.8632692694664 -925.495491027832
v 731.2607663869858 682.371469438076 -925.6202459335327
v 785.7610273361206 645.8396351337433 -925.0270485877991
v 836.8133541941643 606.4566314220428 -923.6696255207062
v 884.1546303033829 564.4421553611755 -921.5142399072647
v 927.5430411100388 520.0400599837303 -918.5331684350967
v 966.7578703165054 473.51626485586166 -914.7026628255844
v 1001.6002643108368 425.1557748019695 -909.9996882677078
v 1031.8969523906708 375.2601572871208 -904.4035542011261
v 1057.5020813941956 324.1451472043991 -897.8981566429138
v 1078.3004772663116 272.1405704319477 -890.4763609170914
v 1094.213964343071 219.58685293793678 -882.1496844291687
v 1105.206767320633 166.8287142366171 -872.9559409618378
v 1111.2941747903824 114.21081013977528 -862.9761600494385
v 1112.5456988811493 62.0610873028636 -852.3387658596039
v 1191.1907225847244 10.681582200340927 -794.4087132811546
v 1180.7882630825043 -43.21510188281536 -780.5541408061981
v 1163.8949811458588 -95.1220291480422 -763.4733697772026
v 1141.355214715004 -144.52477432787418 -744.3348053097725
v 1113.966314792633 -191.1454226821661 -724.1797024011612
v 1082.4322700500488 -234.8973834514618 -703.8799694180489
v 1047.348112463951 -275.8365109562874 -684.1330718994141
v 1009.1908460855484 -314.11022543907166 -665.4592296481133
v 968.3215874433517 -349.9105006456375 -648.2101312279701
v 925.0077849626541 -383.4418724477291 -632.6019063591957
v 879.440444111824 -414.896340072155 -618.740810751915
v 831.7600160837173 -444.44521218538284 -606.6614985466003
v 782.0734190940857 -472.2325327992439 -596.3508215546608
v 730.4736077785492 -498.38453471660614 -587.7817699313164
v 677.0474722981453 -523.0129265785217 -580.9278944134712
v 621.8819537758827 -546.2238621711731 -575.777779519558
v 565.0642481446266 -568.1200808286667 -572.3380503058434
v 506.67879939079285 -588.8001430034637 -570.6306713819504
v 446.8043437600136 -608.352620601654 -570.686067044735
v 385.5114635825157 -626.8457517027855 -572.5313490629196
v 322.86042138934135 -644.3150568008423 -576.1767607927322
v 258.9051094651222 -660.7486107945442 -581.6031914949417
v 193.69691021740437 -676.0751178860664 -588.7490791082382
v 127.29481212794781 -690.1562163233757 -597.504243850708
v 59.77484408766031 -702.7839303016663 -607.7056074142456
v -8.758654841221869 -713.686275780201 -619.1401487588882
v -78.14143024384975 -722.0707941055298 -630.9860551357269
v -148.0596622824669 -726.8787503242493 -642.0947965979576
v -218.07664588093758 -727.4664947390556 -651.7756345868111
v -287.6696768403053 -723.328127861023 -659.436696767807
v -356.2589608132839 -714.1393277049065 -664.621516764164
v -423.2447263598442 -699.7880798578262 -667.0402228832245
v -488.047816157341 -680.3813534975052 -666.5847247838974
v -550.1474243402481 -656.2358772754669 -663.336306810379
v -609.1158780455589 -627.850466966629 -657.5607866048813
v -664.6450611948967 -595.8638799190521 -649.695061147213
v -716.561091542244 -560.9969732165337 -640.3152045607567
v -764.8255947232246 -523.9948108792305 -630.1048716902733
v -809.5270916819572 -485.5624517798424 -619.8091265559196
v -850.8536320924759 -446.3081270456314 -610.1825121045113
v -889.0612488985062 -406.7004320025444 -601.9432863593102
v -924.4310992956161 -367.0377489924431 -595.7214412093163
v -957.2280836105347 -327.4406795203686 -592.021704018116
v -987.6585978269577 -287.8597395122051 -591.1876603960991
v -1015.836592912674 -248.10504466295242 -593.3829492330551
v -1041.7582976818085 -207.8867742419243 -598.5811722278595
v -1065.293249487877 -166.86696119606495 -606.5732324123383
v -1086.1823576688766 -124.71563950181007 -616.9815015792847
v -1104.0593075752258 -81.16208642721176 -629.2933022975922
v -1118.4727799892426 -36.03984424844384 -642.8926572203636
v -1128.9272207021713 10.681648291647434 -657.1085500717163
v -1134.551078081131 58.84822804480791 -670.6177023053169
v -1134.7411662340164 108.06237570941448 -682.5155898928642
v -1129.4994217157364 157.88327023386955 -692.8728970885277
v -1118.9401012659073 207.90788523852825 -701.8927583098412
v -1103.2601219415665 257.7974510192871 -709.8709058761597
v -1082.7019608020782 307.28825211524963 -717.1476638317108
v -1057.5244027376175 356.1891683936119 -724.0715101361275
v -1027.9781806468964 404.36838671565056 -730.9671744704247
v -994.2868137359619 451.73200964927673 -738.1064370274544
v -956.6361093521118 498.20142835378647 -745.69161683321
v -915.1740610599518 543.6865165829659 -753.8447168469429
v -870.01380443573 588.0700108408928 -762.6083412766457
v -821.2463065981865 631.1897501349449 -771.9486513733864
v -768.953106701374 672.8338345885277 -781.7684626579285
v -713.2206872105598 712.7386379241943 -791.9182527065277
v -654.1531124711037 750.5965027213097 -802.2126218676567
v -591.8861451745033 786.0610404610634 -812.4411481618881
v -526.5914762020111 818.7596172094345 -822.3774075508118
v -458.4838083386421 848.3013546466827 -831.7839682102203
v -387.8239394724369 874.284417629242 -840.412849187851
v -314.9186861515045 896.3020277023315 -848.0031761527061
v -240.1243744790554 913.9455717802048 -854.2738938331604
v -163.84951561689377 926.8056213855743 -858.9163255691528
v -86.55508607625961 934.4769269227982 -861.5864270925522
v -8.758591935038567 936.5626984834671 -861.8989259004593
v 69.0321371331811 934.3460565805435 -861.4286488294601
v 146.5499648451805 929.2602556943893 -861.8969893455505
v 223.56904685497284 921.1441540718079 -863.1026476621628
v 299.8349364101887 909.8418080806732 -864.843202829361
v 375.0662724673748 895.210320353508 -866.9193935394287
v 448.9574870467186 877.1317648887634 -869.138685464859
v 521.1840543150902 855.5217486619949 -871.3222020864487
v 591.407918035984 830.3364443778992 -873.3078843355179
v 659.2836579680443 801.5780943632126 -874.9528348445892
v 724.4668731093407 769.294755756855 -876.1340314149857
v 786.6156086325645 733.5827976465225 -876.7482250928879
v 845.3999876976013 694.5813971757889 -876.708984375
v 900.5034345388412 652.4709087610245 -875.942822098732
v 951.6256302595139 607.4676659703255 -874.3859338760376
v 998.4865897893906 559.819700717926 -871.9801211357117
v 1040.8256936073303 509.80475574731827 -868.6697334051132
v 1078.4058666229248 457.72916346788406 -864.4028913974762
v 1111.0171455144882 403.9245843887329 -859.1316908597946
v 1138.4827941656113 348.74647825956345 -852.8187257051468
v 1160.6636863946915 292.573212236166 -845.4423880577087
v 1177.4683964252472 235.80073535442352 -837.0095577836037
v 1188.8605374097824 178.83323974907398 -827.5637564063072
v 1194.8672211170197 122.07466274499893 -817.1992126107216
v 1195.5856829881668 65.9081045910716 -806.0702392458916
v 1266.8715941905975 10.681582200340927 -741.9795468449593
v 1254.7393834590912 -46.46310260519385 -727.3972374200821
v 1235.4926776885986 -101.25955134630203 -709.4523042440414
v 1210.2330708503723 -153.15281443297863 -689.5212811231613
v 1179.9659407138824 -201.89320050179958 -668.7985128164291
v 1145.5519330501556 -247.46985465288162 -648.2615008950233
v 1107.6782190799713 -290.03482192754745 -628.651742041111
v 1066.8586993217468 -329.8308978974819 -610.482525229454
v 1023.4484767913818 -367.1298882365227 -594.0624761581421
v 977.6785111427307 -402.19090908765793 -579.537804722786
v 929.6839535236359 -435.23067623376846 -566.9270101189613
v 879.5459353923798 -466.4183324575424 -556.1727091670036
v 827.3202601075172 -495.88026344776154 -547.1818962693214
v 773.0601319670677 -523.7143161892891 -539.8596802353859
v 716.8295082449913 -550.0056481361389 -534.1332364082336
v 658.7067174911499 -574.8422706127167 -529.9660760164261
v 598.7827777862549 -598.3228969573975 -527.3615625500679
v 537.1526822447777 -620.5576050281525 -526.3565415143967
v 473.9073979854584 -641.6593265533447 -527.0090585947037
v 409.1269353032112 -661.7293229699135 -529.3823066353798
v 342.87514954805374 -680.8368515968323 -533.5242918133736
v 275.20216181874275 -698.9985769987106 -539.4511181116104
v 206.1483722180128 -716.1551794409752 -547.126347720623
v 135.75770996510983 -732.15825766325 -556.4510634541512
v 64.09059047698975 -746.7602893710136 -567.2536253929138
v -8.758658026345074 -759.6179437637329 -579.2899256944656
v -82.62846618890762 -769.9367237091064 -591.8584218621254
v -157.2002524137497 -776.5441980957985 -603.8532900810242
v -231.99797853827477 -778.5540872812271 -614.4323328137398
v -306.4261029660702 -775.2619948983192 -622.8759160637856
v -379.80818197131157 -766.201109290123 -628.6254966259003
v -451.4363792538643 -751.1831259727478 -631.3203147053719
v -520.6235745549202 -730.3027322888374 -630.8090132474899
v -586.7557016015053 -703.9339381456375 -627.1663534641266
v -649.3354225158691 -672.6872679591179 -620.680525302887
v -708.0188459157944 -637.3593592643738 -611.8420886993408
v -762.6370838284492 -598.8583543896675 -601.3109502196312
v -813.1951814889908 -558.1222593784332 -589.8707011342049
v -859.8615682125092 -516.0354173183441 -578.3778083324432
v -902.9319763183594 -473.35415482521057 -567.701581120491
v -942.7856647968292 -430.6475132703781 -558.6655649542809
v -979.8276793956757 -388.2581099867821 -551.9874572753906
v -1014.4306540489197 -346.2902131676674 -548.2290628552437
v -1046.8797719478607 -304.6245463192463 -547.7576646208763
v -1077.3241478204727 -262.95811504125595 -550.7198801636696
v -1105.7466584444046 -220.8625330030918 -557.0321828126907
v -1131.9490617513657 -177.85543240606785 -566.3869661092758
v -1155.5547487735748 -133.47847402095795 -578.2739987969398
v -1176.0344284772873 -87.36773204058409 -592.0145183801651
v -1192.7467954158783 -39.316858258098364 -606.8113777041435
v -1204.992549419403 10.681653069332242 -621.8035742640495
v -1211.7505145072937 62.38819308578968 -635.6327676773071
v -1212.4040508270264 115.29447823762894 -647.5020146369934
v -1206.9844490289688 168.8568987697363 -657.5227180123329
v -1195.6646740436554 222.58953228592873 -665.9568732976913
v -1178.7155377864838 276.0959328711033 -673.1634566187859
v -1156.4625853300095 329.0830309689045 -679.5528647303581
v -1129.2440003156662 381.35597348213196 -685.5392655730247
v -1097.3777854442596 432.7970892190933 -691.5016633272171
v -1061.137198805809 483.33638191223145 -697.7506202459335
v -1020.7380133867264 532.9195261001587 -704.5104199647903
v -976.3396382331848 581.4719644188881 -711.9062250852585
v -928.0509281158447 628.8763824105263 -719.9660646915436
v -875.9501606225967 674.9531900882721 -728.6303642392159
v -820.1019555330276 719.4555276632309 -737.7677437663078
v -760.5807173252106 762.0720684528351 -747.194944024086
v -697.4852612614632 802.4402180314064 -756.697211265564
v -630.9573635458946 840.1591604948044 -766.044961810112
v -561.1855325102806 874.8083066940308 -775.0063186883926
v -488.4114807844162 905.9603404998779 -783.3536857366562
v -412.930329144001 933.1923794746399 -790.8642572164536
v -335.0866059958935 956.0892874002457 -797.3141571879387
v -255.2760310471058 974.2467319965363 -802.471304833889
v -173.94458524882793 987.265477180481 -806.0794124007225
v -91.58859997987747 994.7513830661774 -807.8487610816956
v -8.758591138757765 996.3133674860001 -807.4421864748001
v 74.00716580450535 993.2922399044037 -806.29977196455
v 156.42489150166512 987.2297018766403 -806.041496694088
v 238.2641351222992 978.0263775587082 -806.5482625365257
v 319.2732846736908 965.5695390701294 -807.6847144961357
v 399.1778589785099 949.7447258234024 -809.3045917153358
v 477.67980694770813 930.4414522647858 -811.2514409422874
v 554.4602850079536 907.5691080093384 -813.3689618110657
v 629.1812878847122 881.0617482662201 -815.5003952980042
v 701.4911779761314 850.890222787857 -817.4963718652725
v 771.0308262705803 817.0627874135971 -819.2140451073647
v 837.4339690804482 779.6333599090576 -820.5189263820648
v 900.3374004364014 738.7002459168434 -821.2854453921318
v 959.3826538324356 694.4068524241447 -821.3941982388496
v 1014.2199772596359 646.9416877627373 -820.7311320304871
v 1064.5142447948456 596.536730825901 -819.1865766048431
v 1109.9475556612015 543.4685012698174 -816.6554993391037
v 1150.2254515886307 488.0583652853966 -813.0404609441757
v 1185.0855803489685 430.6702932715416 -808.2561510801315
v 1214.308397769928 371.70925453305244 -802.2395297884941
v 1237.72511780262 311.617114841938 -794.9569112062454
v 1255.2312684059143 250.86323395371437 -786.4169588685036
v 1266.7976993322372 189.9300815910101 -776.6824579238892
v 1272.4799591302872 129.29773226380348 -765.882138311863
v 1272.4244105815887 69.41562596708536 -754.2186757922173
v 1335.5988067388535 10.681582200340927 -684.7059863805771
v 1321.5089428424835 -49.29743863642216 -669.4745743274689
v 1299.7166866064072 -106.52905102819204 -650.8368641138077
v 1271.629098057747 -160.43377675116062 -630.3696700930595
v 1238.4948474168777 -210.81887125968933 -609.4136998057365
v 1201.3431626558304 -257.7816018462181 -589.0342622995377
v 1160.9520292282104 -301.60109996795654 -570.0004756450653
v 1117.8571593761444 -342.64011293649673 -552.8037151694298
v 1072.3800212144852 -381.2621779739857 -537.6881396770477
v 1024.6813488006592 -417.779895812273 -524.7088900208473
v 974.8088425397873 -452.42223858833313 -513.7793818116188
v 922.7558773756027 -485.336894094944 -504.7374030947685
v 868.5044127702713 -516.6052740812302 -497.3968917131424
v 812.0544996857643 -546.270492374897 -491.5879914164543
v 753.440945148468 -574.3680694699287 -487.1882915496826
v 692.7357584238052 -600.9502923488617 -484.1364848613739
v 630.0392836332321 -626.1005857586861 -482.4336415529251
v 565.466134250164 -649.9364170432091 -482.13393419981
v 499.1299045085907 -672.5975748896599 -483.32736164331436
v 431.1290529370308 -694.2243066430092 -486.1153891682625
v 361.53885036706924 -714.9300536513329 -490.5883723497391
v 290.4106919467449 -734.7682750225067 -496.7996683716774
v 217.77734622359276 -753.7018704414368 -504.74305987358093
v 143.66821825504303 -771.5765780210495 -514.3340519070625
v 68.12820553779602 -788.1061953306198 -525.3977939486504
v -8.75866121146828 -802.8671264648438 -537.6617413759232
v -86.8354469910264 -815.1283729076385 -550.5885002017021
v -165.7898162305355 -823.6413154006004 -563.1593406200409
v -245.11378079652786 -827.2353065013885 -574.3913081288338
v -324.139541387558 -824.9685689806938 -583.4427657723427
v -402.090335637331 -816.2033647298813 -589.6606358885765
v -478.14172625541687 -800.648293197155 -592.6090916991234
v -551.4895588159561 -778.3737328648567 -592.0914709568024
v -621.4155498147011 -749.8040440678596 -588.1647491455078
v -687.3452559113503 -715.6672695279121 -581.129398047924
v -748.8951373100281 -676.930718421936 -571.5155750513077
v -805.9007906913757 -634.7081646323204 -560.0482651591301
v -858.4184271097183 -590.1543045043945 -547.5970834493637
v -906.7108064889908 -544.360131919384 -535.1192995905876
v -951.2012189626694 -498.25167685747147 -523.5880833864212
v -992.4136555194855 -452.51305282115936 -513.923145532608
v -1030.900645852089 -407.5370492041111 -506.9238755106926
v -1067.163655757904 -363.4080335497856 -503.2072699069977
v -1101.5808230638504 -319.92282047867775 -503.1635445356369
v -1134.3443763256073 -276.6434682905674 -506.92372262477875
v -1165.419253706932 -232.97583684325218 -514.3492385745049
v -1194.5232278108597 -188.26486095786095 -525.0364226102829
v -1221.1340403556824 -141.89939193427563 -538.3428481221199
v -1244.521508216858 -93.4065854921937 -553.4250944852829
v -1263.8053143024445 -42.5366897508502 -569.2993408441544
v -1278.0302274227142 10.68165784701705 -584.9078205227852
v -1286.0447108745575 65.89883588254452 -598.9166039228439
v -1287.268409729004 122.48423136770725 -610.6925395131111
v -1281.758503317833 179.78354036808014 -620.3730207681656
v -1269.7451359033585 237.21946567296982 -628.2587742805481
v -1251.5784162282944 294.33185890316963 -634.7587698698044
v -1227.673174738884 350.7946144044399 -640.3379335999489
v -1198.454230427742 406.40780836343765 -645.4632809758186
v -1164.3131750822067 461.0689052939415 -650.5570828914642
v -1125.5772864818573 514.7338995337486 -655.9617528319359
v -1082.4931186437607 567.3720610141754 -661.9140601158142
v -1035.2286422252655 618.9202988147736 -668.5343259572983
v -983.8838446140289 669.2525839805603 -675.8284109830856
v -928.5178416967392 718.1584945321083 -683.7032586336136
v -869.1759896278381 765.3389346599579 -691.9874328374863
v -805.9191370010376 810.4171425104141 -700.4597076773643
v -738.8445702195168 852.9602470993996 -708.8750070333481
v -668.1080290675163 892.502099275589 -716.9872865080833
v -593.9265605807304 928.5719633102417 -724.5654845237732
v -516.5830036997795 960.7155132293701 -731.4039185643196
v -436.4205873012543 988.5062992572784 -737.3198390007019
v -353.8346743583679 1011.5525257587433 -742.1478232741356
v -269.2683282494545 1029.4924646615982 -745.7269844412804
v -183.2083759456873 1041.987320780754 -747.8858354687691
v -96.18160497397184 1048.7079817056656 -748.4219554066658
v -8.758590342476964 1049.3260484933853 -747.0876690745354
v 78.5070887580514 1045.135343670845 -745.0915905833244
v 165.31217515468597 1037.6936727762222 -743.8594830036163
v 251.42274543642998 1027.0283514261246 -743.3932319283485
v 336.60060971975327 1013.1278622150421 -743.6610880494118
v 420.59521347284317 995.9447085857391 -744.596596956253
v 503.1379106640816 975.4061168432236 -746.1043578386307
v 583.9379122853279 951.4254516363144 -748.0647629499435
v 662.6790502667427 923.9125102758408 -750.3362908959389
v 739.0206947922707 892.7889132499695 -752.7633547782898
v 812.6005572080612 857.9977869987488 -755.1783406734467
v 883.0324476957321 819.5150774717331 -757.4048182368279
v 949.916467666626 777.3588252067566 -759.2613118886948
v 1012.8399270772934 731.5965548157692 -760.5622181296349
v 1071.3858550786972 682.3536837100983 -761.1219334602356
v 1125.140644311905 629.81754809618 -760.7573515176773
v 1173.7023067474365 574.2445886135101 -759.2938765883446
v 1216.6934180259705 515.9632042050362 -756.5725073218346
v 1253.7766098976135 455.373038649559 -752.4590608477592
v 1284.6718972921371 392.94166803359985 -746.8590027093887
v 1309.17227268219 329.1958352923393 -739.7277411818504
v 1327.1623581647873 264.7047346830368 -731.0862216353416
v 1338.6333882808685 200.0559577345848 -721.0321381688118
v 1343.6927908658981 135.82849614322186 -709.7511452436447
v 1342.5672447681427 72.55315069109201 -697.5191509723663
v 1397.0085936784744 10.681582200340927 -623.5146224498749
v 1380.7118725776672 -51.69657535851002 -607.7619713544846
v 1356.1661410331726 -110.8841910213232 -588.6435368657112
v 1325.1362121105194 -166.29552461206913 -567.9199531674385
v 1289.1511487960815 -217.82667741179466 -547.0639193058014
v 1249.420176744461 -265.71762934327126 -527.2054660320282
v 1206.813012957573 -310.4101315140724 -509.130579829216
v 1161.8664908409119 -352.4113065004349 -493.29042702913284
v 1114.8399049043655 -392.19056501984596 -479.85358983278275
v 1065.7864594459534 -430.1113933324814 -468.7686476111412
v 1014.6319538354874 -466.4030948281288 -459.83639001846313
v 961.2507158517838 -501.1685362458229 -452.78289645910263
v 905.52665412426 -534.4162791967392 -447.3237481713295
v 847.3931103944778 -566.108204126358 -443.2150411605835
v 786.85018658638 -596.205325126648 -440.2843201160431
v 723.9636746048927 -624.7053489089012 -438.4463766217232
v 658.8501754403114 -651.6656076908112 -437.70207703113556
v 591.6529431939125 -677.2059640288353 -438.12373638153076
v 522.5172194838524 -701.4926049113274 -439.83142107725143
v 451.5694409608841 -724.7097578644753 -442.9647159576416
v 378.903326690197 -747.0192271471024 -447.6526567339897
v 304.57733005285263 -768.5177385807037 -453.9837643504143
v 228.62004071474075 -789.1909208893776 -461.9775062799454
v 151.04962661862373 -808.8805881142616 -471.56431943178177
v 71.89771603792906 -827.2558951377869 -482.56568402051926
v -8.758663600310683 -843.8057443499565 -494.6859186887741
v -90.76639864593744 -857.9437673091888 -507.58943885564804
v -173.83157707750797 -868.412681221962 -520.3976091742516
v -257.423899769783 -873.7138473987579 -532.0039942860603
v -340.80752044916153 -872.6352882385254 -541.4647275209427
v -423.1028737127781 -864.3320542573929 -548.0368852615356
v -503.3642327785492 -848.3882448077202 -551.2183392047882
v -580.6613123416901 -824.829748570919 -550.7627901434898
v -654.1607567667961 -794.115936756134 -546.6968402266502
v -723.200977742672 -757.0905357599258 -539.3172919750214
v -787.3517543077469 -714.8992216587067 -529.175401031971
v -846.4507216215134 -668.8761278986931 -517.0394191145897
v -900.6087219715118 -620.4152682423592 -503.84312242269516
v -950.1918661594391 -570.8357933163643 -490.6208351254463
v -995.766749382019 -521.2578472495079 -478.4316998720169
v -1038.0240082740784 -472.5005927681923 -468.2788011431694
v -1077.6844489574432 -425.01682698726654 -461.03109151124954
v -1115.401200056076 -378.87404903769493 -457.3581603169441
v -1151.663802266121 -333.77695977687836 -457.6737168431282
v -1186.7189115285873 -289.136566221714 -462.1012419462204
v -1220.5143427848816 -244.16950643062592 -470.45701771974564
v -1252.6766467094421 -198.02256233990192 -482.2572621703148
v -1282.5127404928207 -149.90629479289055 -496.73994094133377
v -1309.0604621171951 -99.22163307666779 -512.916187942028
v -1331.1540055274963 -45.66793978214264 -529.6266692876816
v -1347.5296157598495 10.681661828421056 -545.6251609325409
v -1356.9287359714508 69.34784654527903 -559.6513733267784
v -1358.8560158014297 129.5713470876217 -571.2683075666428
v -1353.3804577589035 190.5818597227335 -580.6159561872482
v -1340.7823526859283 251.7028833925724 -588.011149764061
v -1321.491208076477 312.40343257784843 -593.8936391472816
v -1296.0130763053894 372.31802076101303 -598.7631064653397
v -1264.8661386966705 431.238774061203 -603.1251454353333
v -1228.5224050283432 489.0784201025963 -607.4358147382736
v -1187.3676574230194 545.8184087276459 -612.0588299632072
v -1141.6800463199615 601.4509427547455 -617.2377893328667
v -1091.6336578130722 655.9184351563454 -623.0812418460846
v -1037.3147195577621 709.0763068199158 -629.5688536763191
v -978.7587010860443 760.6664863228798 -636.56873524189
v -915.9873121976852 810.3191936016083 -643.8676106929779
v -849.0476417541504 857.5718468427658 -651.204503774643
v -778.04059445858 901.9027483463287 -658.3050861954689
v -703.1451997160912 942.7697646617889 -664.9101653695107
v -624.6211087703705 979.6508413553238 -670.7969355583191
v -542.8076773881912 1012.0718282461166 -675.7885587215424
v -458.1134167313576 1039.6263545751572 -679.755285680294
v -370.9986153244972 1061.978988647461 -682.6041108369827
v -281.96428030729294 1078.8604474067688 -684.2668980360031
v -191.54081113636494 1090.0458866357803 -684.6758678555489
v -100.28052091598511 1095.337471961975 -683.7459647655487
v -8.758589546196163 1094.5383882522583 -681.3504973053932
v 82.47384756803513 1088.7639892101288 -678.3859375119209
v 173.08885730803013 1079.4674044847488 -675.9985220432281
v 262.8490564227104 1066.887747645378 -674.347659945488
v 351.5412837266922 1051.1840200424194 -673.5340011119843
v 438.9597165584564 1032.430830001831 -673.5980603098869
v 524.8911809921265 1010.6284832954407 -674.5254662632942
v 609.1011500358582 985.7120543718338 -676.2486943602562
v 691.3230925798416 957.5670826435089 -678.652315735817
v 771.2496569752693 926.0483264923096 -681.5779405832291
v 848.5305306315422 890.9982115030289 -684.8292633891106
v 922.7658659219742 852.2731268405914 -688.1796562671661
v 993.5144340991974 809.7611600160599 -691.3781824707985
v 1060.296122431755 763.4046220779419 -694.1571387648582
v 1122.6025342941284 713.2201266288757 -696.2398016452789
v 1179.9119210243225 659.3134197592735 -697.3513332009315
v 1231.7054897546768 601.8957898020744 -697.2296869754791
v 1277.4894189834595 541.292068362236 -695.6399282813072
v 1316.8213587999344 477.94052839279175 -692.3889112472534
v 1349.3382561206818 412.38725289702415 -687.3445424437523
v 1374.7836703062057 345.2707953751087 -680.4528021812439
v 1393.032744526863 277.2929786145687 -671.7533898353577
v 1404.1133040189743 209.18045662343502 -661.3938403129578
v 1408.2143157720566 141.64040319621563 -649.6353846788406
v 1405.6818115711212 75.30384220182896 -636.8493318557739
v 1450.9316593408585 10.681582200340927 -559.4294849038124
v 1432.1723538637161 -53.656668327748775 -543.3545503020287
v 1404.6603298187256 -114.31632690131664 -524.0295159816742
v 1370.570746064186 -170.7239033281803 -503.36703568696976
v 1331.7445528507233 -222.89441227912903 -482.93979585170746
v 1289.5959448814392 -271.2501883506775 -463.9324074983597
v 1245.0788283348083 -316.4291225373745 -447.1260157227516
v 1198.714646100998 -359.1101811826229 -432.9237297177315
v 1150.6668841838837 -399.880191385746 -421.4081843197346
v 1100.8469706773758 -439.15459513664246 -412.422161847353
v 1049.0217036008835 -477.14888513088226 -405.6533418595791
v 994.9157863855362 -513.8997539877892 -400.7195095717907
v 938.2928574085236 -549.3177634477615 -397.24517717957497
v 879.0039038658142 -583.2564997673035 -394.91603672504425
v 817.0081561803818 -615.5798435211182 -393.5155762732029
v 752.3665139079094 -646.2149700522423 -392.9384319484234
v 685.2163195610046 -675.1809900999069 -393.1853172183037
v 615.7367554306984 -702.5953710079193 -394.34546649456024
v 544.1127115488052 -728.6493730545044 -396.5649113059044
v 470.50487101078033 -753.5684010386467 -400.0129982829094
v 395.03194972872734 -777.5651702284813 -404.85048696398735
v 317.76343435049057 -800.7736596465111 -411.19010522961617
v 238.72862800955772 -823.2004433870316 -419.0709154307842
v 157.93850027024746 -844.6727603673935 -428.4306165575981
v 75.41697140783072 -864.8056948184967 -439.08554166555405
v -8.758665989153087 -882.9847472906113 -450.7183250784874
v -94.43441201001406 -898.8715302944183 -463.22581976652145
v -181.3472320139408 -911.2927973270416 -475.92131316661835
v -268.95646646618843 -918.3873152732849 -487.6049566268921
v -356.46459236741066 -918.6393731832504 -497.2533828020096
v -442.8916874527931 -910.9707176685333 -504.05573576688766
v -527.1663272380829 -894.8063957691193 -507.4466943740845
v -608.2256233692169 -870.1069629192352 -507.1326667070389
v -685.1104715466499 -837.3466712236404 -503.0992305278778
v -757.061028778553 -797.4751970171928 -495.623517036438
v -823.5892832279205 -751.8139842152596 -485.2528068423271
v -884.5262449979782 -701.9230806827545 -472.7686017751694
v -940.0364702939987 -649.4552341103554 -459.14162546396255
v -990.593090057373 -595.9798184037209 -445.4541063308716
v -1036.9160950183868 -542.8340756893158 -432.8231307864189
v -1079.877546429634 -490.9932652115822 -422.31130689382553
v -1120.3892558813095 -440.9902963042259 -414.8453526198864
v -1159.276603460312 -392.8846415877342 -411.1382259428501
v -1197.1622425317764 -346.2907737493515 -411.6302128136158
v -1234.3634623289108 -300.46021431684494 -416.446858048439
v -1270.8230835199356 -254.40542221069336 -425.3799819946289
v -1306.0736829042435 -207.0529854297638 -437.8895151615143
v -1339.243301153183 -157.4129931628704 -453.127144575119
v -1369.107220172882 -104.73866142332554 -469.9840396642685
v -1394.1806119680405 -48.667574152350426 -487.16067016124725
v -1412.8456377983093 10.681666606105864 -503.25104624032974
v -1423.7541496753693 72.6889070123434 -517.0989936590195
v -1426.5318828821182 136.46520227193832 -528.4638699889183
v -1421.240195631981 201.12143240869045 -537.4659964442253
v -1408.1971925497055 265.8749234676361 -544.4160881638527
v -1387.9024028778076 330.1136603951454 -549.7579219937325
v -1360.956260561943 393.42585772275925 -554.0091696381569
v -1327.9754054546356 455.59120684862137 -557.698255777359
v -1289.5204192399979 516.5365263819695 -561.3036623597145
v -1246.0410922765732 576.2693077325821 -565.2034762501717
v -1197.8497195243835 634.802648127079 -569.6417033672333
v -1145.1250755786896 692.0807951688766 -574.7134387493134
v -1087.9350417852402 747.9294589161873 -580.3694531321526
v -1026.286039352417 802.0282924175262 -586.4403998851776
v -960.1722586154938 853.9163446426392 -592.6713672280312
v -889.626926779747 903.023402094841 -598.7642785906792
v -814.7594082355499 948.722734451294 -604.4194266200066
v -735.7813990116119 990.3831267356873 -609.3684965372086
v -653.0090162158012 1027.4284029006958 -613.4015759825706
v -566.8553066253662 1059.3760550022125 -616.3774493336678
v -477.8105244040489 1085.8617049455643 -618.2246169447899
v -386.41481548547745 1106.6427737474442 -618.930644094944
v -293.2368390262127 1121.5867602825165 -618.5257512331009
v -198.85472036898136 1130.6447410583496 -617.0598810911179
v -103.8407688215375 1133.8177353143692 -614.579154253006
v -8.758589546196163 1131.1173623800278 -611.0987064242363
v 85.86169112473726 1123.3299654722214 -607.1470132470131
v 179.6596645563841 1111.6627317667007 -603.5284584760666
v 272.39239901304245 1096.6640120744705 -600.5816334486008
v 363.8833558559418 1078.7438464164734 -598.5593605041504
v 453.9939057826996 1058.1649947166443 -597.6282343268394
v 542.595471739769 1035.0450772047043 -597.8699979186058
v 629.5418947935104 1009.3628937005997 -599.2811858654022
v 714.648030102253 980.9846180677414 -601.7834186553955
v 797.6669159531593 949.6786791086197 -605.2200391888618
v 878.279122710228 915.1538801193237 -609.3686494231224
v 956.0806238651276 877.0988434553146 -613.9504873752594
v 1030.5843758583069 835.2143204212189 -618.637612760067
v 1101.2278604507446 789.2602801322937 -623.0708965659142
v 1167.385774254799 739.0909713506699 -626.8726086616516
v 1228.3956116437912 684.6876400709152 -629.6650189161301
v 1283.5830438137054 626.1851316690445 -631.0880300402641
v 1332.2987133264542 563.8897275924683 -630.8213970065117
v 1373.9609402418137 498.2799607515335 -628.6063349246979
v 1408.0971032381058 429.99723851680756 -624.2700827121735
v 1434.3845111131668 359.81990307569504 -617.7466955780983
v 1452.6902550458908 288.6197353899479 -609.1000288724899
v 1463.0926126241684 217.29998543858528 -598.5313314199448
v 1465.8942979574203 146.73029378056526 -586.3885715603828
v 1461.6087019443512 77.66535624861717 -573.1542062759399
v 1497.3967462778091 10.681582200340927 -493.49106431007385
v 1475.938087105751 -55.19296154379845 -477.3852467536926
v 1445.2589803934097 -116.85808070003986 -458.205708861351
v 1407.9958927631378 -173.76874096691608 -437.97034084796906
v 1366.341717839241 -226.08967691659927 -418.3207806944847
v 1321.9275444746017 -274.4595694541931 -400.4640881717205
v 1275.7915699481964 -319.7458040714264 -385.16311302781105
v 1228.4199714660645 -362.82324492931366 -372.76462599635124
v 1179.8551493883133 -404.4106596708298 -363.270410746336
v 1129.8331207036972 -444.9759301543236 -356.42583578824997
v 1077.9270279407501 -484.7091954946518 -351.8166822195053
v 1023.6851441860199 -523.5634687542915 -348.96946236491203
v 966.7281085252762 -561.328786611557 -347.4313026666641
v 906.8125265836716 -597.7297505736351 -346.8319644033909
v 843.8506928086281 -632.5152710080147 -346.92010313272476
v 777.8972893953323 -665.5274677276611 -347.5750409066677
v 709.1136109828949 -696.7396876215935 -348.79907101392746
v 637.7181315422058 -726.2586960196495 -350.6921298801899
v 563.9401289820671 -754.2974629998207 -353.4192833304405
v 487.9789665341377 -781.119818687439 -357.1696002781391
v 409.9796564877033 -806.9751200079918 -362.1185937523842
v 330.0275346636772 -832.0304203033447 -368.3943821489811
v 248.15557345747948 -856.2944340705872 -376.0410475730896
v 164.37355756759644 -879.5643836259842 -384.9956265091896
v 78.70584681630135 -901.3807958364487 -395.0651004910469
v -8.758668377995491 -921.0038048028946 -405.91113299131393
v -97.85624083131552 -938.4652107954025 -417.6812334358692
v -188.36635172367096 -952.7888882160187 -429.9177888035774
v -279.75156247615814 -961.7271083593369 -441.36965721845627
v -371.1617700755596 -963.4337228536606 -450.9671214222908
v -461.52119278907776 -956.5682280063629 -457.8541222214699
v -549.6338805556297 -940.3752654790878 -461.4212563633919
v -634.2969015240669 -914.7104090452194 -461.3242247700691
v -714.4179877638817 -880.0476050376892 -457.50814139842987
v -789.125791490078 -837.4196487665176 -450.2107438445091
v -857.8593742847443 -788.3102470636368 -439.9485316872597
v -920.4335403442383 -734.5119872689247 -427.49008789658546
v -977.054328918457 -677.938389480114 -413.80180433392525
v -1028.3003622293472 -620.4294356703758 -399.97931241989136
v -1075.0464534759521 -563.560819029808 -387.16143384575844
v -1118.3571982383728 -508.49075227975845 -376.4424495398998
v -1159.349377155304 -455.85417062044144 -368.78258496522903
v -1199.0427392721176 -405.7225227355957 -364.9277959764004
v -1238.2154738903046 -357.6322840154171 -365.3443591296673
v -1277.279149889946 -310.67915976047516 -370.1727256178856
v -1316.1884111166 -263.6647027730942 -379.2021931707859
v -1354.3953144550323 -215.28229907155037 -391.87110990285873
v -1390.8481067419052 -164.32203501462936 -407.28575572371483
v -1424.0527868270874 -109.8696018755436 -424.2681446671486
v -1452.17859685421 -51.48302558809519 -441.42418652772903
v -1473.2175332307816 10.681671383790672 -457.23605543375015
v -1485.7414376735687 75.86293961852789 -470.66478967666626
v -1489.5138466358185 143.04649494588375 -481.6388386487961
v -1484.5610564947128 211.22327998280525 -490.23826360702515
v -1471.2181931734085 279.49596270918846 -496.743406355381
v -1450.048896074295 347.16224893927574 -501.58351957798004
v -1421.747369170189 413.75537797808647 -505.275102853775
v -1387.036355137825 479.0381473302841 -508.3547857403755
v -1346.5727537870407 542.9503709077835 -511.3116502761841
v -1300.8782118558884 605.5270850658417 -514.5306631922722
v -1250.3038573265076 666.8045237660408 -518.25374096632
v -1195.0319302082062 726.7252019047737 -522.5611487030983
v -1135.1083981990814 785.0778821110725 -527.3779213428497
v -1070.5049264431 841.4659783244133 -532.5012302398682
v -1001.183905005455 895.3197866678238 -537.6410508155823
v -927.163782119751 945.9430646896362 -542.4685764312744
v -848.5647770762444 992.5852954387665 -546.664734184742
v -765.6404766440392 1034.5172131061554 -549.9586102366447
v -678.7750321626663 1071.1053603887558 -552.1556827425957
v -588.4699603915215 1101.8673312664032 -553.1521931290627
v -495.31234323978424 1126.5012270212173 -552.9345345497131
v -399.9348735809326 1144.8873889446259 -551.5666642785072
v -302.98359632492065 1157.0760655403137 -549.1754776239395
v -205.08720383048058 1163.2457256317139 -545.9242567420006
v -106.83318570256233 1163.6613714694977 -541.9892790913582
v -8.758588749915361 1158.6191940307617 -537.5328585505486
v 88.64448230713606 1148.4133458137512 -532.6902991533279
v 184.9727813154459 1133.8669645786285 -527.9008421301842
v 279.97332349419594 1115.9332430362701 -523.6825159192085
v 373.5160093009472 1095.3594875335693 -520.4437297582626
v 465.5508068203926 1072.6664274930954 -518.4818467497826
v 556.0621216893196 1048.1367999315262 -517.9793617129326
v 645.0278109312057 1021.8308418989182 -519.0103733539581
v 732.3759672045708 993.5951578617096 -521.5357938408852
v 817.9502391815186 963.1021642684937 -525.4111969470978
v 901.4852678775787 929.8957514762878 -530.3956854343414
v 982.5823777914047 893.4457111358643 -536.16091132164
v 1060.7100355625153 853.2123559713364 -542.3090654611588
v 1135.2086913585663 808.7107828259468 -548.3909690380096
v 1205.31259059906 759.5772251486778 -553.9302295446396
v 1270.1841223239899 705.6195563077927 -558.4468871355057
v 1328.9555060863495 646.8624928593636 -561.4841187000275
v 1380.782607793808 583.5741966962814 -562.6366236805916
v 1424.9062979221344 516.2713712453842 -561.5794175863266
v 1460.7145231962204 445.70361614227295 -558.097542822361
v 1487.8009128570557 372.8162759542465 -552.1130785346031
v 1506.0162502527237 298.68464827537537 -543.7068504095078
v 1515.5031269788742 224.42852050065994 -533.1332096457481
v 1516.7077660560608 151.11549496650696 -520.8241099119186
v 1510.3533178567886 79.6491401642561 -507.36836582422256
v 1536.623500585556 10.681582200340927 -426.6752314567566
v 1512.2809034585953 -56.33975241333246 -410.9345309436321
v 1478.2796877622604 -118.58640499413013 -392.34984666109085
v 1437.7592128515244 -175.5542191118002 -372.97907397150993
v 1393.2970333099365 -227.58169054985046 -354.48344573378563
v 1346.7562168836594 -275.5527292191982 -338.0604153871536
v 1299.2589461803436 -320.5924353003502 -324.43794921040535
v 1251.2425768375397 -363.7922613322735 -313.9053328335285
v 1202.6054906845093 -406.015248298645 -306.3941243290901
v 1152.8785318136215 -447.78087705373764 -301.5697328746319
v 1101.4187639951706 -489.24960136413574 -298.94460529088974
v 1047.573568224907 -530.2775046229362 -297.9791562259197
v 990.8054995536804 -570.5204916000366 -298.1687857210636
v 930.7652646303177 -609.5605212450027 -299.1073268651962
v 867.312616109848 -647.0200163125992 -300.5224643647671
v 800.4937765002251 -682.6477342844009 -302.2851625084877
v 730.4923617839813 -716.3626456260681 -304.397561699152
v 657.5680741667747 -748.2581636309624 -306.96642726659775
v 581.992439031601 -778.5572978854179 -310.16192123293877
v 504.0039584040642 -807.5535893440247 -314.1801452636719
v 423.7745524942875 -835.5220288038254 -319.1983450949192
v 341.4049731194973 -862.6368552446365 -325.341020822525
v 256.9360153377056 -888.8903224468231 -332.64769345521927
v 170.38239441812038 -914.02323782444 -341.045793145895
v 81.7791148647666 -937.4731850624084 -350.3290767967701
v -8.758670766837895 -958.3508777618408 -360.14310389757156
v -101.0450778901577 -977.1819376945496 -370.8771474659443
v -194.9119582772255 -993.3176189661026 -382.3227220773697
v -289.83879670500755 -1004.109326004982 -393.225449770689
v -384.9342682957649 -1007.3659998178482 -402.5106954574585
v -479.0346819162369 -1001.4649093151093 -409.3097613751888
v -570.8216768503189 -985.4374712705612 -412.9865401983261
v -658.9520484209061 -959.0159314870834 -413.16243544220924
v -742.1925169229507 -922.6397860050201 -409.73768904805183
v -819.5459094643593 -877.3951363563538 -402.89606988430023
v -890.3664869070053 -824.9175050854683 -393.10530692338943
v -954.4328194856644 -767.21311211586 -381.08388751745224
v -1011.979689002037 -706.4613971114159 -367.75817289948463
v -1063.6773473024368 -644.7797790169716 -354.1928096115589
v -1110.5504357814789 -584.0023791790009 -341.50778889656067
v -1153.8572055101395 -525.4948765039444 -330.7909704744816
v -1194.9278658628464 -470.0214457511902 -323.00612166523933
v -1234.9926388263702 -417.69359171390533 -318.9134421944618
v -1275.0077748298645 -367.99229219555855 -318.999924659729
v -1315.506539940834 -319.8742027580738 -323.4305074810982
v -1356.4825129508972 -271.93651869893074 -332.01668232679367
v -1397.331081032753 -222.6358312368393 -344.2130286991596
v -1436.837718486786 -170.52936874330044 -359.12992894649506
v -1473.2441353797913 -114.51627619564533 -375.57856768369675
v -1504.3666112422943 -54.0539551153779 -392.1344304084778
v -1527.78903901577 10.681674568913877 -407.2333922982216
v -1541.996726989746 78.79942573606968 -419.9522517621517
v -1546.878068447113 149.1681233793497 -430.33633947372437
v -1542.3955553770065 220.65853223204613 -438.4130984544754
v -1528.8809502124786 292.25133642554283 -444.4166225194931
v -1506.953033208847 363.1439486145973 -448.7445169687271
v -1477.4011033773422 432.80692487955093 -451.89498603343964
v -1441.0614466667175 500.9825250506401 -454.39777940511703
v -1398.6977791786194 567.6248323917389 -456.74080699682236
v -1350.9143060445786 632.8017282485962 -459.3089336156845
v -1298.1044536828995 696.5757429599762 -462.33790934085846
v -1240.4554563760757 758.8899010419846 -465.89495301246643
v -1177.987596988678 819.4927051663399 -469.8856830596924
v -1110.6319749355316 877.9020041227341 -474.08275812864304
v -1038.313370347023 933.4261929988861 -478.17164093255997
v -961.0325986146927 985.2278137207031 -481.80456697940826
v -878.9221608638763 1032.4196183681488 -484.6523728966713
v -792.2811529040337 1074.1630786657333 -486.44710063934326
v -701.5713921189308 1109.7676599025726 -487.01354295015335
v -607.3920384049416 1138.7546253204346 -486.2809646129608
v -510.43795824050903 1160.898824930191 -484.2857524752617
v -411.444558352232 1176.2298166751862 -481.15811437368393
v -311.14135935902596 1185.0088316202164 -477.1033760905266
v -210.20992666482925 1187.6845389604568 -472.3803734779358
v -109.24952208995819 1184.837497472763 -467.27775514125824
v -8.758588749915361 1177.1103376150131 -462.0881447196007
v 90.8215331286192 1164.155804514885 -456.57569020986557
v 189.03231002390385 1146.2824219465256 -450.82845389842987
v 285.6038823723793 1124.9402618408203 -445.52173286676407
v 380.4591192305088 1101.2937033176422 -441.2020942568779
v 473.6535054445267 1076.186472773552 -438.28472524881363
v 565.3117194771767 1050.1245206594467 -437.0509868860245
v 655.5646571516991 1023.2749003171921 -437.6460698246956
v 744.4869267940521 995.484521985054 -440.07812798023224
v 832.0436704158783 966.3254070281982 -444.22454684972763
v 918.0452585220337 935.1465672254562 -449.83444064855576
v 1002.1143686771393 901.1641055345535 -456.5477120876312
v 1083.6772710084915 863.5436725616455 -463.91069769859314
v 1161.9697397947311 821.5029001235962 -471.40256613492966
v 1236.0658979415894 774.404304921627 -478.4649270772934
v 1304.9259173870087 721.8367767333984 -484.533274769783
v 1367.4547272920609 663.6777520179749 -489.06863540410995
v 1422.5773358345032 600.1355123519897 -491.5933933854103
v 1469.3230193853378 531.7566758394241 -491.72518104314804
v 1506.9094097614288 459.40509885549545 -489.2100039124489
v 1534.824441075325 384.2116530239582 -483.9547035098076
v 1552.892804145813 307.4835638701916 -476.0497882962227
v 1561.325277686119 230.5902050435543 -465.78783094882965
v 1560.7269841432571 154.82874982059002 -453.6615827679634
v 1552.0711952447891 81.27903778105974 -440.3492456674576
v 1569.0095275640488 10.681582200340927 -359.821610301733
v 1541.6863685846329 -57.14938525110483 -344.9432373046875
v 1504.2902702093124 -119.62126426398754 -327.5020122528076
v 1460.4972213506699 -176.2797137349844 -309.51572343707085
v 1413.2795280218124 -227.65018343925476 -292.5955080986023
v 1364.748340845108 -274.881891310215 -277.8920365869999
v 1316.1053431034088 -319.3728643655777 -266.07686027884483
v 1267.735093832016 -362.4477571249008 -257.38730907440186
v 1219.3732023239136 -405.1183685660362 -251.69939249753952
v 1170.33321082592 -447.9607728123665 -248.63214433193207
v 1119.7388792037964 -491.1030372977257 -247.6594077050686
v 1066.7255866527557 -534.3012070655823 -248.21318596601486
v 1010.5886310338974 -577.0735895633698 -249.77068573236465
v 950.8654814958572 -618.8548636436462 -251.91501259803772
v 887.3580998182297 -659.1389259696007 -254.37020748853683
v 820.0989997386932 -697.576177418232 -257.0052471756935
v 749.2922839522362 -734.0307533740997 -259.82313841581345
v 675.2316972613335 -768.5729303956032 -262.9276143014431
v 598.2277509570122 -801.4276546239853 -266.48302718997
v 518.5523781180382 -832.9004430770874 -270.6758978962898
v 436.40178233385086 -863.272351026535 -275.6709100306034
v 351.8914943933487 -892.7036029100418 -281.57765731215477
v 265.07163539528847 -921.1370193958282 -288.4189197421074
v 175.9686928242445 -948.2283014059067 -296.10844418406487
v 84.63948290795088 -973.2830411195755 -304.42867398262024
v -8.758673155680299 -995.235623717308 -313.01859453320503
v -104.00336936116219 -1015.2156722545624 -322.46775940060616
v -200.98565697669983 -1033.0341178178787 -332.8087842464447
v -299.21442344784737 -1045.6424152851105 -342.8385078907013
v -397.76934653520584 -1050.5001103878021 -351.52418598532677
v -495.40886521339417 -1045.6893002986908 -358.02104741334915
v -590.6998524069786 -1030.0145190954208 -361.69759690761566
v -682.1606397628784 -1003.0560439825058 -362.15658590197563
v -768.4119415283203 -965.1871204376221 -359.2582766711712
v -848.3233192563057 -917.5235098600388 -353.1299467384815
v -921.1473137140274 -861.8198329210281 -344.169150441885
v -986.6102081537247 -800.2818256616592 -333.01772832870483
v -1044.9524921178818 -735.338539481163 -320.52096113562584
v -1096.918414235115 -669.386715888977 -307.6689890027046
v -1143.6671555042267 -604.529555439949 -295.51636800169945
v -1186.640124320984 -542.359364926815 -285.099358856678
v -1227.382487654686 -483.80049258470535 -277.34957188367844
v -1267.342482805252 -429.03456687927246 -273.01365092396736
v -1307.674194574356 -377.52037167549133 -272.5861819088459
v -1349.05735373497 -328.10282841324806 -276.258781850338
v -1391.5606570243835 -279.19648468494415 -283.8865913450718
v -1434.5538067817688 -229.02804225683212 -294.9746932089329
v -1476.6945666074753 -175.92004962265491 -308.69164288043976
v -1515.981456041336 -118.56981687247753 -323.90030041337013
v -1549.8993998765945 -56.31307382136583 -339.2252276837826
v -1575.6244933605194 10.681678550317883 -353.1347116827965
v -1591.5270745754242 81.41785182058811 -364.8080353438854
v -1597.5751394033432 154.65812914073467 -374.34337690472603
v -1593.640365600586 229.1525423526764 -381.7135226726532
v -1580.0393289327621 303.75498220324516 -387.10247084498405
v -1557.4366754293442 377.5547455251217 -390.8622667193413
v -1526.719754934311 449.95404839515686 -393.45793828368187
v -1488.8470602035522 520.6743836402893 -395.3966335952282
v -1444.7018641233444 589.689174592495 -397.1517638862133
v -1394.978574514389 657.1059510111809 -399.09710973501205
v -1340.1199489831924 723.0229675769806 -401.4590187370777
v -1280.3180122375488 787.3895680904388 -404.29423704743385
v -1215.5647122859955 849.9164924025536 -407.49722242355347
v -1145.7436519861221 910.033221244812 -410.82931995391846
v -1070.7370072603226 966.9204390048981 -413.96766006946564
v -990.5218452215195 1019.5905536413193 -416.5605542063713
v -905.2395343780518 1067.0102602243423 -418.28123420476913
v -815.2354949712753 1108.2259583473206 -418.87282624840736
v -721.0503825545311 1142.4854493141174 -418.17933574318886
v -623.3857396245003 1169.3162137269974 -416.1581075191498
v -523.0483961105347 1188.5754561424255 -412.8812527656555
v -420.88024377822876 1200.4499012231827 -408.522832095623
v -317.69794821739197 1205.4306185245514 -403.34206357598305
v -214.2368906736374 1204.2560470104218 -397.6610268652439
v -111.10599026083946 1197.8518599271774 -391.84629142284393
v -8.75858795363456 1187.2453486919403 -386.2846840918064
v 92.42103192955256 1171.335632801056 -380.43924406170845
v 191.9059918820858 1149.8124557733536 -374.1002628207207
v 289.4008295238018 1124.695644378662 -368.0539561808109
v 384.8831279575825 1097.6291298866272 -362.9454517364502
v 478.525367975235 1069.8389554023743 -359.27896723151207
v 570.6100317835808 1042.0951563119888 -357.411185503006
v 661.4455157518387 1014.7104352712631 -357.54975110292435
v 751.2802085280418 987.551679611206 -359.74896401166916
v 840.2258187532425 960.0922483205795 -363.91293928027153
v 928.191990852356 931.4769995212555 -369.7988685965538
v 1014.8381459712982 900.6397068500519 -377.03508630394936
v 1099.5581424236298 866.4193546772003 -385.14209121465683
v 1181.4816516637802 827.6918748021126 -393.5584607720375
v 1259.5140105485916 783.5050427913666 -401.6778239607811
v 1332.3953372240067 733.1863135099411 -408.8830567896366
v 1398.7812548875809 676.433992087841 -414.584401845932
v 1457.3403310775757 613.3715084195137 -418.2582248747349
v 1506.8628305196762 544.5609220862389 -419.4831722974777
v 1546.370894908905 470.9768807888031 -417.9769402742386
v 1575.221180319786 393.940369784832 -413.62868651747704
v 1593.1983214616776 315.0065191090107 -406.52790024876595
v 1600.570785999298 235.81426575779915 -396.9787734746933
v 1598.1120747327805 157.91637003421783 -385.50496593117714
v 1587.0561808347702 82.59013641625643 -372.8257803618908
v 1595.1155108213425 10.681582200340927 -293.57247456908226
v 1564.8472595214844 -57.69165884703398 -280.1391027867794
v 1524.1200828552246 -120.12725293636322 -264.48060393333435
v 1477.136508822441 -176.22025385499 -248.46702754497528
v 1427.2818392515182 -226.68921902775764 -233.5930372774601
v 1376.9054210186005 -272.948929220438 -220.90684443712234
v 1327.294145822525 -316.67641550302505 -211.00771084427834
v 1278.7700933218002 -359.4272920489311 -204.07968565821648
v 1230.9073233604431 -402.36606538295746 -199.9705582112074
v 1182.801770567894 -446.128486096859 -198.2910045236349
v 1133.3447062969208 -490.81449061632156 -198.52063916623592
v 1081.4598137140274 -536.0870164632797 -200.1073019206524
v 1026.2750315666199 -581.334519982338 -202.54862241446972
v 967.2130626440048 -625.8522480726242 -205.44651120901108
v 904.0141028165817 -669.0112280845642 -208.5392913222313
v 836.691911816597 -710.3681418299675 -211.70285761356354
v 765.4607337713242 -749.7275501489639 -214.93774518370628
v 690.6407627463341 -787.1307322382927 -218.33703607320786
v 612.5721698999405 -822.7925437688828 -222.0475772023201
v 531.5525731444359 -857.012488245964 -226.23277813196182
v 447.7964714169502 -890.0547015666962 -231.03247851133347
v 361.4314480125904 -922.0369058847427 -236.531682908535
v 272.51893758773804 -952.8268039226532 -242.7333725988865
v 181.10262729227543 -981.9615590572357 -249.53748375177383
v 87.27213375270367 -1008.593367934227 -256.7250072956085
v -8.758674748241901 -1031.4536851644516 -263.9428277313709
v -106.71686500310898 -1052.3618531227112 -271.9102478027344
v -206.55506148934364 -1071.69183075428 -280.8544559776783
v -307.8214417397976 -1086.0166293382645 -289.6834136545658
v -409.5778723061085 -1092.4556744098663 -297.45498687028885
v -510.517560839653 -1088.8008856773376 -303.391954600811
v -609.1027808189392 -1073.620537519455 -306.9003550708294
v -703.7206622958183 -1046.326528787613 -307.58989602327347
v -792.8479009866714 -1007.2018003463745 -305.2951294183731
v -875.2163082361221 -957.361603975296 -300.08893087506294
v -949.9646776914597 -898.648316860199 -292.28711172938347
v -1016.749016046524 -833.4369707107544 -282.43055686354637
v -1075.7953906059265 -764.3873727321625 -271.25072345137596
v -1127.896973490715 -694.1626426577568 -259.6198256313801
v -1174.3234312534332 -625.1324102282524 -248.4784685075283
v -1216.6819006204605 -559.1300323605537 -238.76493841409683
v -1256.7179310321808 -497.259396314621 -231.3327719271183
v -1296.0980808734894 -439.80721414089203 -226.8813456594944
v -1336.183340549469 -386.24669194221497 -225.89036464691162
v -1377.8236538171768 -335.34834668040276 -228.57081145048141
v -1421.1928009986877 -285.3749357163906 -234.83044490218163
v -1465.6822961568832 -234.34880331158638 -244.2580783367157
v -1509.8611271381378 -180.36450684070587 -256.1251339316368
v -1551.5366041660309 -121.91376306116581 -269.4162708520889
v -1587.8887975215912 -58.18810489028692 -282.87713661789894
v -1615.7278954982758 10.681681735441089 -295.10355055332184
v -1633.2557559013367 83.62895160913467 -305.3626285493374
v -1640.4429227113724 159.32179927825928 -313.74398723244667
v -1637.0621055364609 236.39166489243507 -320.18063709139824
v -1623.3972644805908 313.5614924132824 -324.8036013543606
v -1600.161561369896 389.81051355600357 -327.91472777724266
v -1568.344983458519 464.4727063179016 -329.93159875273705
v -1529.0364861488342 537.2525677084923 -331.3207456469536
v -1483.2475626468658 608.1507602334023 -332.52352461218834
v -1431.7714869976044 677.3259285092354 -333.8896621763706
v -1375.1044249534607 744.9236708879471 -335.6296057999134
v -1313.444516658783 810.9117284417152 -337.79222801327705
v -1246.7507886886597 874.9705696105957 -340.27076348662376
v -1174.8556780815125 936.4490532875061 -342.8324943780899
v -1097.5891757011414 994.4000512361526 -345.1651257276535
v -1014.898077249527 1047.68649995327 -346.93230852484703
v -926.9252800941467 1095.1266932487488 -347.82551899552345
v -834.0558528900146 1135.6481873989105 -347.6074782013893
v -736.9038873910904 1168.4316158294678 -346.14188835024834
v -636.2689769268036 1193.0064976215363 -343.4051285684109
v -533.0665004253387 1209.3053591251373 -339.48727414011955
v -428.2428216934204 1217.6685243844986 -334.58034977316856
v -322.7000695466995 1218.8087475299835 -328.96248042583466
v -217.2276958823204 1213.754237294197 -322.97995269298553
v -112.44423888623714 1203.7712967395782 -317.0291233062744
v -8.75858795363456 1190.2857398986816 -311.5428377687931
v 93.50036825984716 1171.3758927583694 -305.78974083065987
v 193.72599676251411 1146.0704201459885 -299.3574991822243
v 291.5874293446541 1116.9886654615402 -293.0705501139164
v 387.1142175793648 1086.296410560608 -287.6159629225731
v 480.5972269177437 1055.6316751241684 -283.5377821326256
v 572.4849227070808 1026.0651701688766 -281.23419910669327
v 663.2753562927246 998.0825632810593 -280.9525068104267
v 753.4067496657372 971.5940594673157 -282.7838507294655
v 843.1557753682137 945.9882169961929 -286.6634836792946
v 932.55087018013 920.2137923240662 -292.3737470805645
v 1021.3051182031631 892.91723549366 -299.5599456131458
v 1108.7923496961594 862.5955760478973 -307.752260863781
v 1194.0455102920532 827.7640369534492 -316.39278665184975
v 1275.805533528328 787.1313437819481 -324.8743365705013
v 1352.5905472040176 739.7369143366814 -332.5743082165718
v 1422.8022819757462 685.075002014637 -338.8974402844906
v 1484.8414492607117 623.159111738205 -343.31112921237946
v 1537.2453385591507 554.5465636253357 -345.3849756717682
v 1578.82215321064 480.30669271945953 -344.8251074552536
v 1608.7791287899017 401.94109350442886 -341.50766149163246
v 1626.8355667591095 321.2475514411926 -335.5055898427963
v 1633.300296664238 240.13958662748337 -327.10751563310623
v 1629.0976667404175 160.43563686311245 -316.82127490639687
v 1615.7215762138367 83.6271233484149 -305.3542198240757
v 1615.65338909626 10.681582200340927 -228.32086846232414
v 1582.64898955822 -58.05247597396374 -216.9627445936203
v 1538.8220000267029 -120.30707225203514 -203.77275444567204
v 1488.8892567157745 -175.72513282299042 -190.37222765386105
v 1436.6078799962997 -225.20212322473526 -178.04502367973328
v 1384.564087986946 -270.4053407907486 -167.68951289355755
v 1334.1197884082794 -313.27213034033775 -159.80610363185406
v 1285.5433470010757 -355.5778031051159 -154.5332595705986
v 1238.260218501091 -398.63348320126534 -151.71758517622948
v 1191.1656492948532 -443.13655972480774 -151.0022447258234
v 1142.9359531402588 -489.16938722133636 -151.92041382193565
v 1092.3001384735107 -536.3188424706459 -153.9827173948288
v 1038.2302004098892 -583.8631001114845 -156.74688197672367
v 980.0393754243851 -630.978512763977 -159.86441686749458
v 917.402526140213 -676.9249597191811 -163.10525424778461
v 850.3097659349442 -721.1784499883652 -166.3613674789667
v 778.972637951374 -763.4808611869812 -169.62842479348183
v 703.7257075309753 -803.8388183712959 -172.98216842114925
v 624.9271354079247 -842.4440404772758 -176.5418366342783
v 542.8892675042152 -879.5680528879166 -180.43689832091331
v 457.838476896286 -915.4376363754272 -184.77507434785366
v 369.91118878126144 -950.1026827096939 -189.61312361061573
v 279.18142542243004 -983.3356976509094 -194.93706978857517
v 185.71463473141193 -1014.536247253418 -200.64210958778858
v 89.64085254818201 -1042.682849764824 -206.52189798653126
v -8.758676340803504 -1066.2995445728302 -212.2560752928257
v -109.15022268891335 -1087.9187339544296 -218.59131082892418
v -211.54513031244278 -1108.5416167974472 -225.87324142456055
v -315.5353005230427 -1124.399351477623 -233.17739143967628
v -420.17459884285927 -1132.3002916574478 -239.70309734344482
v -524.104226231575 -1129.7681951522827 -244.78499963879585
v -625.6951832771301 -1115.1393574476242 -247.90356650948524
v -723.216113448143 -1087.6554644107819 -248.70583534240723
v -815.0082555413246 -1047.4929463863373 -247.02159315347672
v -899.6692889928818 -995.7440203428268 -242.87960797548294
v -976.220081448555 -934.307427406311 -236.51175677776337
v -1044.2326033115387 -865.6908023357391 -228.34143161773682
v -1103.9016312360764 -792.7585136890411 -218.96081060171127
v -1156.0401105880737 -718.4074437618256 -209.08374354243279
v -1202.001387476921 -645.2632042765617 -199.49433133006096
v -1243.5292786359787 -575.3955137729645 -190.9834273159504
v -1282.5472927093506 -510.1018640398979 -184.2813165485859
v -1320.9241032600403 -449.7972893714905 -179.99775901436806
v -1360.2250581979752 -394.00562658905983 -178.56622450053692
v -1401.4824432134628 -341.46503180265427 -180.19967034459114
v -1445.003660917282 -290.32877057790756 -184.8577856272459
v -1490.240462422371 -238.4487448632717 -192.22906529903412
v -1535.7311564683914 -183.71650502085686 -201.72865703701973
v -1579.1425001621246 -124.42236609756947 -212.51622341573238
v -1617.4273753166199 -59.6038157120347 -223.54201152920723
v -1647.0728713274002 10.681683328002691 -233.6093705892563
v -1666.0573267936707 85.33793583512306 -242.0776703953743
v -1674.2588406801224 162.9511197656393 -248.9866103231907
v -1671.3425928354263 242.0356522500515 -254.2462170124054
v -1657.5718528032303 321.1886903643608 -257.94761046767235
v -1633.706973195076 399.2827896773815 -260.33576488494873
v -1600.8455729484558 475.59051901102066 -261.7665222287178
v -1560.2141028642654 549.8084762692451 -262.64525949954987
v -1512.9570668935776 621.9762334227562 -263.35956797003746
v -1459.9706822633743 692.316800057888 -264.21809881925583
v -1401.8064594268799 761.0383558273315 -265.4067613184452
v -1338.6681443452835 828.1419199705124 -266.9673952460289
v -1270.4800075292587 893.2942521572113 -268.80327478051186
v -1197.0164912939072 955.7755655050278 -270.7053029537201
v -1118.049795627594 1014.5262587070465 -272.3948961496353
v -1033.484417796135 1068.266065120697 -273.57211768627167
v -943.4540820121765 1115.6716042757034 -273.9647287130356
v -848.369490802288 1155.5493468046188 -273.36503371596336
v -748.9043614268303 1187.0067447423935 -271.6571196913719
v -645.943138897419 1209.563226699829 -268.8277365267277
v -540.4974693059921 1223.2077848911285 -264.96553257107735
v -433.6088114976883 1228.4096771478653 -260.25241658091545
v -326.258642077446 1226.0730707645416 -254.94839653372765
v -219.28887829184532 1217.483634352684 -249.37937423586845
v -113.331448584795 1204.2203736305237 -243.92188221216202
v -8.75858795363456 1188.0733788013458 -238.99383410811424
v 94.14506904780865 1166.3189363479614 -233.8093963265419
v 194.685343131423 1137.3399209976196 -227.86875933408737
v 292.48841151595116 1104.350402355194 -221.95120811462402
v 387.62633442878723 1070.031082034111 -216.710814088583
v 480.5003482103348 1036.4369505643845 -212.6720269024372
v 571.7194738984108 1004.9542754888535 -210.22866792976856
v 661.9683346152306 976.2576913833618 -209.6352667361498
v 751.8771770596504 950.3255903720856 -211.00360840559006
v 841.8937531113625 926.4843571186066 -214.2988859117031
v 932.1755862236023 903.5095793008804 -219.34333115816116
v 1022.5061899423599 879.785150885582 -225.82943961024284
v 1112.2542983293533 853.4762370586395 -233.33664759993553
v 1200.3792679309845 822.7513155341148 -241.3627503812313
v 1285.4731214046478 785.9772589802742 -249.35312882065773
v 1365.8520752191544 741.901524066925 -256.737340092659
v 1439.6763002872467 689.7983613610268 -262.96670213341713
v 1505.0893539190292 629.5537689328194 -267.5482088327408
v 1560.3782004117966 561.6944897174835 -270.0788529217243
v 1604.1319066286087 487.3572304844856 -270.2780123054981
v 1635.3937125205994 408.19629326462746 -268.0169315636158
v 1653.7961822748184 326.2286764383316 -263.34450870752335
v 1659.6583378314972 243.62459555268288 -256.50505542755127
v 1654.021230340004 162.46015213429928 -247.94352069497108
v 1638.5990166664124 84.44413930177689 -238.28854590654373
v 1631.4787119627 10.681582200340927 -164.15967017412186
v 1596.138419508934 -58.33100862801075 -155.49210906028748
v 1549.6600824594498 -120.39899490773678 -145.45086801052094
v 1497.1891272068024 -175.20010985434055 -135.29198125004768
v 1442.8174942731857 -223.7810741364956 -126.01090170443058
v 1389.3299496173859 -268.0216710269451 -118.29862274229527
v 1338.1599515676498 -310.0823441147804 -112.53511682152748
v 1289.5347905158997 -351.9285947084427 -108.81796337664127
v 1242.7594470977783 -395.00198408961296 -107.01830506324768
v 1196.5635412931442 -440.06105571985245 -106.85082491487265
v 1149.4484853744507 -487.18696653842926 -107.94764757156372
v 1099.9812287092209 -535.9161919355392 -109.92545619606972
v 1046.999430656433 -585.4462847113609 -112.43878595530987
v 989.7196018695831 -634.8632419109344 -115.2159458398819
v 927.7556544542313 -683.3437219262123 -118.077677115798
v 861.0627418756485 -730.28932929039 -120.9369494765997
v 789.8412975668907 -775.3896036744118 -123.78730349242687
v 714.4241032004356 -818.6063235998154 -126.68108984827995
v 635.1735493540764 -860.0934451818466 -129.70309652388096
v 552.4064156413078 -900.0791251659393 -132.94389568269253
v 466.3541203737259 -938.733474612236 -136.47596798837185
v 377.15979024767876 -976.0278528928757 -140.33133029937744
v 284.9094745516777 -1011.6228532791138 -144.48554635047913
v 189.69411492347717 -1044.7821772098541 -148.84520284831524
v 91.68749168515205 -1074.3115818500519 -153.23734760284424
v -8.758677933365107 -1098.5360491275787 -157.40190893411636
v -111.245893612504 -1120.6608831882477 -161.99693329632282
v -215.83528742194176 -1142.3008650541306 -167.38516800105572
v -322.16010197997093 -1159.4018679857254 -172.8619236499071
v -429.27296698093414 -1168.517028093338 -177.8158476948738
v -535.7738551497459 -1166.9314992427826 -181.7331925034523
v -639.9612227082253 -1152.7853733301163 -184.20875944197178
v -740.0020185112953 -1125.1580733060837 -184.95774753391743
v -834.1193005442619 -1084.1213536262512 -183.8310293108225
v -920.7891529798508 -1030.729005932808 -180.82857929170132
v -998.9206838607788 -966.9104504585266 -176.10379301011562
v -1068.0012667179108 -895.276061296463 -169.95765186846256
v -1128.1763470172882 -818.8453862071037 -162.820580676198
v -1180.2616220712662 -740.7202255725861 -155.22243104875088
v -1225.6610941886902 -663.744410276413 -147.75065436959267
v -1266.2187713384628 -590.2034828066826 -141.0051877051592
v -1304.003505706787 -521.5848192572594 -135.54823078215122
v -1341.056222319603 -458.44334453344345 -131.85702972114086
v -1379.1276687383652 -400.3801792860031 -130.28178244829178
v -1419.4280898571014 -346.1403849720955 -131.0104239732027
v -1462.413187623024 -293.8139069080353 -134.04165476560593
v -1507.629502415657 -241.1283253133297 -139.16802138090134
v -1553.6363393068314 -185.80906726419926 -145.970973148942
v -1598.0359375476837 -125.96804268658161 -153.83189544081688
v -1637.6224833726883 -60.48504374921322 -161.96283973753452
v -1668.6590373516083 10.681684920564294 -169.4579952210188
v -1688.8280528783798 86.45065862685442 -175.7876504212618
v -1697.8061252832413 165.33672608435154 -180.92908903956413
v -1695.1802587509155 245.74489384889603 -184.79818560183048
v -1681.1990457773209 326.15646332502365 -187.4540687352419
v -1656.6832798719406 405.35187631845474 -189.08238016068935
v -1622.8412693738937 482.5566127896309 -189.9606078118086
v -1581.0362470149994 557.4734115600586 -190.40934070944786
v -1532.5446063280106 630.1945647597313 -190.73742114007473
v -1478.3627557754517 701.0217672586441 -191.19218029081821
v -1419.0963274240494 770.2419349551201 -191.9232552498579
v -1354.9538576602936 837.9084759950638 -192.9653001576662
v -1285.8221089839935 903.6949789524078 -194.24154080450535
v -1211.4149808883667 966.8377786874771 -195.58538250625134
v -1131.4376074075699 1026.185542345047 -196.7739176005125
v -1045.742300748825 1080.3361022472382 -197.56770126521587
v -954.4349598884583 1127.832863330841 -197.74852707982063
v -857.9326575994492 1167.366714477539 -197.1506030112505
v -756.9459566473961 1197.9628551006317 -195.68105086684227
v -652.4210169911385 1219.1083019971848 -193.3293852210045
v -545.4450613260269 1230.8164072036743 -190.1662903279066
v -437.13772416114807 1233.6386811733246 -186.33716069161892
v -328.5498923063278 1228.622698187828 -182.0514627546072
v -220.57258486747742 1217.244826555252 -177.57173985242844
v -113.85802589356899 1201.334091424942 -173.20595517754555
v -8.758587157353759 1182.977895140648 -169.299630895257
v 94.46532681584358 1158.7474143505096 -165.1575055718422
v 195.0303429365158 1126.48583650589 -160.31694643199444
v 292.5149627029896 1089.940089583397 -155.42180702090263
v 387.02014178037643 1052.2527945041656 -151.0148960351944
v 479.0399819612503 1015.8714509010315 -147.53749318420887
v 569.3211525678635 982.4724018573761 -145.32471165060997
v 658.7159416079521 952.9268932342529 -144.60161224007607
v 748.030618429184 927.2970986366272 -145.47766126692295
v 837.8750959038734 904.8808640241623 -147.94242426753044
v 928.536901473999 884.3232125043869 -151.86843261122704
v 1019.8778772354126 863.7868630886078 -157.01966866850853
v 1111.286020874977 841.1613276600838 -163.06718565523624
v 1201.6698288917542 814.3015658855438 -169.6105244010687
v 1289.5111441612244 781.2691882252693 -176.20542392134666
v 1372.9604548215866 740.5374249815941 -182.39131540060043
v 1449.9715358018875 691.1628171801567 -187.72183567285538
v 1518.4620809555054 632.8911155462265 -191.79340414702892
v 1576.491458415985 566.1940750479698 -194.27250020205975
v 1622.4410140514374 492.2381642460823 -194.9211696535349
v 1655.186322927475 412.78758466243744 -193.62116798758507
v 1674.2538464069366 330.0337775051594 -190.3950586169958
v 1679.9368196725845 246.36395439505577 -185.42194738984108
v 1673.3437675237656 164.08329091966152 -179.0427826344967
v 1656.3557982444763 85.10622449219227 -171.74998439848423
v 1643.575758934021 10.681582200340927 -100.82781426608562
v 1606.501944065094 -58.63775510340929 -95.38050826638937
v 1558.027222752571 -120.66207334399223 -89.07538488507271
v 1503.624706864357 -175.08959881961346 -82.71105643361807
v 1447.6314640045166 -223.0725498497486 -76.91882707178593
v 1392.9823940992355 -266.6426146030426 -72.13532622903585
v 1341.1734348535538 -308.1243087351322 -68.59992865473032
v 1292.4106764793396 -349.6256996691227 -66.37183304876089
v 1245.9215354919434 -392.6924130320549 -65.367143265903
v 1200.3259617090225 -438.14106345176697 -65.40348552167416
v 1154.0045875310898 -486.06794357299805 -66.24696984887123
v 1105.4105132818222 -535.9908002614975 -67.6545649766922
v 1053.283041715622 -587.0651426911354 -69.40721724182367
v 996.7624443769455 -638.324579000473 -71.3325796276331
v 935.4057598114014 -688.888333439827 -73.31563733518124
v 869.1317546367645 -738.1061312556267 -75.29929384589195
v 798.1165024638176 -785.6175184249878 -77.27601952850819
v 722.6780059933662 -831.3360634446144 -79.2742957547307
v 643.1711134314537 -875.3706210851669 -81.3428357988596
v 559.9079158902168 -917.8953284025192 -83.53294562548399
v 473.1187614798546 -959.0133833885193 -85.88379587978125
v 382.9510322213173 -998.6133831739426 -88.40874496847391
v 289.50395107269287 -1036.2574625015259 -91.08569450676441
v 192.89294689893723 -1071.084669828415 -93.84835571050644
v 93.33355698734522 -1101.7583745718002 -96.58045884221792
v -8.75867952592671 -1126.4376264810562 -99.11047864705324
v -112.92551100254059 -1148.8694554567337 -101.89313605427742
v -219.2621487379074 -1171.1819314956665 -105.20351741462946
v -327.4330861866474 -1189.1176915168762 -108.59987162053585
v -436.4902523159981 -1199.0373373031616 -111.69749312102795
v -545.0053104758263 -1198.0571347475052 -114.1719388961792
v -651.2199452519417 -1184.1581743955612 -115.76332837343216
v -753.2246625423431 -1156.2979781627655 -116.28596886992455
v -849.1506358981133 -1114.462480545044 -115.63714653253555
v -937.3760515451431 -1059.6669459342957 -113.80615934729576
v -1016.7162984609604 -993.8523119688034 -110.87759144604206
v -1086.5830206871033 -919.69795525074 -107.02941477298737
v -1147.0728421211243 -840.3395658731461 -102.52207048237324
v -1198.985356092453 -759.0277022123337 -97.67972767353058
v -1243.7505555152893 -678.7810456752777 -92.86636311560869
v -1283.2751315832138 -602.0586133003235 -88.45642626285553
v -1319.7297585010529 -530.5112162232399 -84.80524946004152
v -1355.283173918724 -464.8237833380699 -82.21839431673288
v -1391.8365651369095 -404.6873576939106 -80.92638731002808
v -1430.7532668113708 -348.8835150003433 -81.06129001826048
v -1472.6317763328552 -295.4826821386814 -82.63912998139858
v -1517.133196592331 -242.13992044329643 -85.54804567247629
v -1562.880637049675 -186.46399229764938 -89.54287815839052
v -1607.4840831756592 -126.42617806792259 -94.25148401409388
v -1647.6771783828735 -60.76402869075537 -99.19180121272802
v -1679.5956802368164 10.681685716845095 -103.80266837775707
v -1700.5744814872742 86.8817013502121 -107.71350279450417
v -1709.9980634450912 166.28999523818493 -110.86479999125004
v -1707.408685684204 247.2130572795868 -113.19927871227264
v -1693.0726754665375 328.0372403562069 -114.7533767670393
v -1667.8804403543472 407.4748246371746 -115.64698219299316
v -1633.1517934799194 484.72580909729004 -116.06100998818874
v -1590.3787994384766 559.5177000761032 -116.20594583451748
v -1540.95893740654 632.0098811388016 -116.2854465097189
v -1485.980143547058 702.596746981144 -116.46350763738155
v -1426.0964637994766 771.6594931483269 -116.8403459340334
v -1361.518371105194 839.3247091770172 -117.44075439870358
v -1292.095731496811 905.3005868196487 -118.21617901325226
v -1217.4787420034409 968.8099050521851 -119.05854217708111
v -1137.2998648881912 1028.6427247524261 -119.82219457626343
v -1051.3446521759033 1083.3027005195618 -120.34962549805641
v -959.6720159053802 1131.221324801445 -120.4964978992939
v -862.6776248216629 1170.9782874584198 -120.15188030898571
v -761.077698469162 1201.5038967132568 -119.25163708627224
v -655.8480566740036 1222.2227919101715 -117.78497703373432
v -548.1225523352623 1233.1261056661606 -115.79389281570911
v -439.07590985298157 1234.7861409187317 -113.36908400058746
v -329.81341794133186 1228.3120340108871 -110.64289882779121
v -221.27252206206322 1215.2891099452972 -107.78362646698952
v -114.13496598601341 1197.6926547288895 -104.98978290706873
v -8.758587157353759 1177.8033185005188 -102.48717427253723
v 94.59160421043634 1151.6853082180023 -99.80156756937504
v 195.04914790391922 1116.8277275562286 -96.61403641104698
v 292.14464753866196 1077.3941695690155 -93.3512981235981
v 385.9924426674843 1036.8981564044952 -90.37500433623791
v 477.14898705482483 998.0949980020523 -87.98060070723295
v 566.4645302295685 962.9148280620575 -86.39649242162704
v 654.9199882149696 932.4007362127304 -85.77926013618708
v 743.462285399437 906.707239151001 -86.21074240654707
v 832.8380146622658 885.1416617631912 -87.69465945661068
v 923.4527313709259 866.2774765491486 -90.15801463276148
v 1015.2504283189774 848.1298676133156 -93.45522232353687
v 1107.6558977365494 828.3863335847855 -97.37833220511675
v 1199.5656090974808 804.6681734919548 -101.67121578007936
v 1289.3950527906418 774.7902399301529 -106.04623094201088
v 1375.18463909626 736.99801415205 -110.20355567336082
v 1454.7376012802124 690.1526999473572 -113.84977005422115
v 1525.7991778850555 633.860514163971 -116.71789705753326
v 1586.2434393167496 568.5134562849998 -118.5838059335947
v 1634.272141456604 495.26739478111267 -119.28389601409435
v 1668.604406118393 415.9414681792259 -118.73072929680347
v 1688.6500936746597 332.83994749188423 -116.92701950669289
v 1694.643629193306 248.50749135017395 -113.97712402045727
v 1687.702812552452 165.4276804625988 -110.09048379957676
v 1669.7922277450562 85.6891530007124 -105.57652719318867
v 1653.0288988351822 10.681582200340927 -37.65338944271207
v 1614.9982219934464 -59.088379964232445 -35.79236017540097
v 1565.3805255889893 -121.36436752974987 -33.637551069259644
v 1509.815057516098 -175.84247276186943 -31.462611984461546
v 1452.7856558561325 -223.72338518500328 -29.48475558310747
v 1397.3162001371384 -267.1137835085392 -27.85376228392124
v 1344.9415630102158 -308.42055067420006 -26.651590084657073
v 1295.8760905265808 -349.83288556337357 -25.899028284475207
v 1249.3226355314255 -392.96205282211304 -25.567783433943987
v 1203.8592571020126 -438.6733612418175 -25.596094401553273
v 1157.8155237436295 -487.0932984352112 -25.904584731906652
v 1109.5904141664505 -537.7532181143761 -26.410672143101692
v 1057.8718614578247 -589.8087823390961 -27.039794493466616
v 1001.7520290613174 -642.2814193367958 -27.732950560748577
v 940.7451474666595 -694.2677772045135 -28.450281713157892
v 874.7323733568192 -745.0856789946556 -29.171253461390734
v 803.8602223992348 -794.3380290269852 -29.891992695629597
v 728.4221336245537 -841.894211769104 -30.620608739554882
v 648.7540483474731 -887.8092151880264 -31.371775455772877
v 565.1585277915001 -932.2053480148315 -32.16131653636694
v 477.86123156547546 -975.1234817504883 -33.00071116536856
v 387.0130071043968 -1016.385555267334 -33.89278773218393
v 292.72454380989075 -1055.479400753975 -34.8282902687788
v 195.1324325054884 -1091.4640563726425 -35.783043690025806
v 94.48416363447905 -1122.909733057022 -36.715635024011135
v -8.75868032220751 -1147.8745758533478 -37.56578581407666
v -114.09372501075268 -1170.4207634925842 -38.496666736900806
v -221.62803277373314 -1192.9902917146683 -39.61160318925977
v -331.0381869971752 -1211.2191849946976 -40.76001528650522
v -441.37215435504913 -1221.3712173700333 -41.81060906499624
v -551.1802706122398 -1220.4655212163925 -42.65198802575469
v -658.6688527464867 -1206.4000171422958 -43.19446865469217
v -761.879890859127 -1178.0635303258896 -43.37319228798151
v -858.8865637779236 -1135.3936833143234 -43.15117008984089
v -948.0058014392853 -1079.3862730264664 -42.52266565337777
v -1027.9915326833725 -1011.9893717765808 -41.51412505656481
v -1098.2042866945267 -935.9250622987747 -40.18409723415971
v -1158.7010389566422 -854.3953362107277 -38.61923027783632
v -1210.2633422613144 -770.7449805736542 -36.92854776978493
v -1254.3244510889053 -688.1000027060509 -35.23507509380579
v -1292.8204107284546 -609.0358167886734 -33.66626814007759
v -1327.9728573560715 -535.3133627772331 -32.343738097697496
v -1362.0263600349426 -467.7181175351143 -31.373291574418545
v -1396.9770991802216 -406.0205738246441 -30.83618424832821
v -1434.297569990158 -349.0531674027443 -30.781123023480177
v -1474.701851606369 -294.9030916392803 -31.2182142958045
v -1517.9595959186554 -241.2033922970295 -32.11446974426508
v -1562.7919632196426 -185.5057543516159 -33.39199399575591
v -1606.8763107061386 -125.69176509976387 -34.92931600660086
v -1646.9699281454086 -60.38745794445276 -36.56643111258745
v -1679.2042922973633 10.681684920564294 -38.11613369733095
v -1700.5382984876633 86.5654632076621 -39.43515373393893
v -1710 165.6655964255333 -40.48473782837391
v -1707.149493098259 246.2083674967289 -41.24655241146684
v -1692.2989708185196 326.51380866765976 -41.73457380384207
v -1666.42353951931 405.258182734251 -41.99244137853384
v -1630.9498286247253 481.645310819149 -42.08537371829152
v -1587.4818152189255 555.4478770494461 -42.08901112899184
v -1537.5191062688828 626.906906068325 -42.07675477489829
v -1482.2250616550446 696.5213665366173 -42.10804861038923
v -1422.2930699586868 764.7819712758064 -42.21975406631827
v -1357.933400273323 831.9105577468872 -42.42194250226021
v -1288.9593279361725 897.6806509494781 -42.698414381593466
v -1214.9572455883026 961.3403069972992 -43.011524733155966
v -1135.4816436767578 1021.662055850029 -43.30977967008948
v -1050.237146615982 1077.0924746990204 -43.536869399249554
v -959.2113196849823 1125.97580909729 -43.64044960588217
v -862.7456080913544 1166.786767244339 -43.57937486842275
v -761.5243801474571 1198.3495545387268 -43.328645154833794
v -656.5128046274185 1219.9865806102753 -42.881543040275574
v -548.85533452034 1231.6070312261581 -42.24989170208573
v -439.752633869648 1233.7230741977692 -41.46252924576402
v -330.34686237573624 1227.4106186628342 -40.56302497163415
v -221.6175600886345 1214.2453068494797 -39.60751986131072
v -114.28950816392899 1196.2269884347916 -38.66322001442313
v -8.758587157353759 1175.6827908754349 -37.80691238120198
v 94.66881159693003 1148.4632885456085 -36.87272211536765
v 195.0573145598173 1111.9744151830673 -35.750883501023054
v 291.89536705613136 1070.6304967403412 -34.591699317097664
v 385.29138430953026 1028.1692880392075 -33.522768784314394
v 475.8288171887398 987.5495392084122 -32.64914682134986
v 564.4105589389801 950.8689469099045 -32.05269109457731
v 652.0922613143921 919.3054461479187 -31.790765672922134
v 739.9095225334167 893.1071197986603 -31.895005200058222
v 828.7026545405388 871.6236931085587 -32.36995166167617
v 918.9686894416809 853.4276193380356 -33.193570375442505
v 1010.7276552915573 836.4791455864906 -34.318145010620356
v 1103.461931347847 818.3724081516266 -35.67402966320515
v 1196.0884737968445 796.5911597013474 -37.1735761128366
v 1287.0179826021194 768.8034823536873 -38.71796591207385
v 1374.24520611763 733.0929511785507 -40.2027652412653
v 1455.4983615875244 688.1715023517609 -41.52505958452821
v 1528.4186232089996 633.5162660479546 -42.590075600892305
v 1590.7564276456833 569.424809217453 -43.317146860063076
v 1640.5807238817215 497.0006114244461 -43.64594075828791
v 1676.4804768562317 418.0569250881672 -43.54202929884195
v 1697.751697897911 334.93871435523033 -43.002058546990156
v 1704.5412594079971 250.2705717086792 -42.05774595960975
v 1697.9162031412125 166.64618119597435 -40.77745383605361
v 1679.8461073637009 86.27977676689625 -39.265122301876545
v 1660.2177983522415 10.681582200340927 26.458167107775807
v 1622.1669405698776 -59.732685796916485 24.59681136533618
v 1572.4768781661987 -122.64504186809063 22.440393771976233
v 1516.7748320102692 -177.73913718760014 20.261853905394673
v 1459.536588191986 -226.19960188865662 18.27782951295376
v 1403.78582239151 -270.11684507131577 16.637897165492177
v 1351.0691285133362 -311.88637241721153 15.424377964809537
v 1301.6223585605621 -353.6957010626793 14.659004006534815
v 1254.6776175498962 -397.16763854026794 14.31494222022593
v 1208.8437455892563 -443.1923630833626 14.332176921889186
v 1162.4771171808243 -491.9317299127579 14.633104177191854
v 1113.9935284852982 -542.956945002079 15.136649860069156
v 1062.0847856998444 -595.4605159163475 15.769236031919718
v 1005.8339810371399 -648.4911355376244 16.47220227867365
v 944.7345525026321 -701.1567655205727 17.20533164218068
v 878.6396276950836 -752.768247127533 17.947079949080944
v 807.6653999090195 -802.9038190841675 18.692100970074534
v 732.0778906345367 -851.3939818739891 19.446741063147783
v 652.191841006279 -898.2459211349487 20.22386971861124
v 568.2978361845016 -943.5326653718948 21.037657549604774
v 480.6189876794815 -987.248557806015 21.898234840482473
v 389.31210547685623 -1029.177417755127 22.807442592456937
v 294.5004665851593 -1068.7789463996887 23.755390997976065
v 196.337568461895 -1105.0921028852463 24.717508424073458
v 95.09028621017933 -1136.672523021698 25.652107978239655
v -8.75868032220751 -1161.5674459934235 26.49862613528967
v -114.68524061143398 -1183.8518929481506 27.420706562697887
v -222.77913630008698 -1206.007406115532 28.52303311228752
v -332.7038025856018 -1223.6927390098572 29.655650183558464
v -443.49594354629517 -1233.1880754232407 30.687601435929537
v -553.695804476738 -1231.5254920721054 31.507620960474014
v -661.4993315935135 -1216.6128981113434 32.025977466255426
v -764.9384754896164 -1187.3490053415298 32.17768169939518
v -862.0757639408112 -1143.6811190843582 31.92554734647274
v -951.2176287174225 -1086.616451740265 31.263589560985565
v -1031.1067360639572 -1018.1148988008499 30.217948649078608
v -1101.0926073789597 -940.912914276123 28.846832737326622
v -1161.220496892929 -858.2282370328903 27.236494962126017
v -1212.2608476877213 -773.424713909626 25.495559172704816
v -1255.6371295452118 -689.6514889597893 23.746687648817897
v -1293.2792723178864 -609.5120054483414 22.117127655074
v -1327.4081987142563 -534.8015516996384 20.728552490472794
v -1360.2786701917648 -466.34555876255035 19.687252901494503
v -1393.9101058244705 -403.9588053524494 19.075573878362775
v -1429.815668463707 -346.5181915462017 18.944044215604663
v -1468.7696743011475 -292.1495144069195 19.30539325810969
v -1510.6210720539093 -238.51163193583488 20.130075803026557
v -1554.1859132051468 -183.1604716926813 21.344282990321517
v -1597.2456192970276 -123.95370706915855 22.831047540530562
v -1636.6606271266937 -59.46087375283241 24.434897219762206
v -1668.6529219150543 10.681684124283493 25.97275910899043
v -1689.8292517662048 85.60295719653368 27.28221422061324
v -1698.8559418916702 163.6544331908226 28.30494772642851
v -1695.3681045770645 242.9977123439312 29.026062805205584
v -1679.7654855251312 321.91665664315224 29.46353629231453
v -1653.1216496229172 399.08383414149284 29.665466733276844
v -1616.9623982906342 473.7338724732399 29.70188543200493
v -1572.9879248142242 545.704610645771 29.65343652293086
v -1522.7810060977936 615.332168340683 29.598423074930906
v -1467.5676852464676 683.2329815626144 29.600776880979538
v -1408.0761069059372 750.0258815288544 29.701082780957222
v -1344.5194959640503 816.0577154159546 29.91203349083662
v -1276.6811621189117 881.209232211113 30.21875448524952
v -1204.0884840488434 944.8057973384857 30.58347975835204
v -1126.212986111641 1005.6564295291901 30.953180193901062
v -1042.6631784439087 1062.1998578310013 31.268720794469118
v -953.3256196975708 1112.7265119552612 31.473922356963158
v -858.4474754333496 1155.6179416179657 31.523087918758392
v -758.6332565546036 1189.572578072548 31.386290062218904
v -654.7889649868011 1213.7665700912476 31.051813904196024
v -548.0240938067436 1227.9522424936295 30.526673085987568
v -439.5298281311989 1232.4831694364548 29.835192393511534
v -330.4633614420891 1228.2827818393707 29.016800466924906
v -221.84202209115028 1216.7834168672562 28.123793844133615
v -114.44921024143696 1199.8531365394592 27.219706177711487
v -8.758587157353759 1179.6994096040726 26.377741154283285
v 94.83793526887894 1152.3036807775497 25.43723319657147
v 195.35221874713898 1115.309162735939 24.29719160310924
v 292.23678678274155 1073.1873607635498 23.109637526795268
v 385.5733059346676 1029.738101363182 22.00391722843051
v 475.9289574623108 987.9901564121246 21.087031736969948
v 564.2030417919159 950.1202136278152 20.44311448931694
v 651.4619636535645 917.3920279741287 20.132200280204415
v 738.7685349583626 890.1420503854752 20.188975101336837
v 827.0061305165291 867.8047049045563 20.621283911168575
v 916.7287069559097 849.0231290459633 21.410441184416413
v 1008.022084236145 831.8070030212402 22.511839270591736
v 1100.4368287324905 813.7704911828041 23.858399474993348
v 1192.9524779319763 792.3842489719391 25.36420628428459
v 1284.0281456708908 765.2700340747833 26.931124459952116
v 1371.6857939958572 730.4365584254265 28.45423126593232
v 1453.655270934105 686.5005102753639 29.828939996659756
v 1527.5514543056488 632.8352102637291 30.95773810520768
v 1591.0721880197525 569.6370658278465 31.756353601813316
v 1642.2126281261444 497.92368561029434 32.160306852310896
v 1679.472963809967 419.44584265351295 32.13073616847396
v 1702.0517671108246 336.51593640446663 31.659888960421085
v 1710 251.7581771314144 30.77531335875392
v 1704.2939919233322 167.79715731739998 29.54157818108797
v 1686.8226993083954 86.90679375082254 28.059272803366184
v 1661.068353652954 10.681582200340927 92.06084545701742
v 1624.1301995515823 -60.222156420350075 86.64096973836422
v 1575.9450441598892 -123.8956868648529 80.39966985583305
v 1521.8503385782242 -180.05637802183628 74.11479748785496
v 1466.0644090175629 -229.83367457985878 68.39917670935392
v 1411.4392912387848 -275.2097551524639 63.67612313479185
v 1359.4388169050217 -318.4553959965706 60.17900437116623
v 1310.2879321575165 -361.6434243321419 57.96904485672712
v 1263.273577094078 -406.3201028108597 56.971381455659866
v 1217.0961195230484 -453.3449050784111 57.017502039670944
v 1170.2150809764862 -502.8931403160095 57.889155596494675
v 1121.1415565013885 -554.5819312334061 59.35766939073801
v 1068.6366605758667 -607.6623407006264 61.214175783097744
v 1011.8235415220261 -661.2367755174637 63.290589451789856
v 950.2063393592834 -714.4465774297714 65.46941757202148
v 883.626766204834 -766.6070213913918 67.68476631492376
v 812.1757891774178 -817.2658199071884 69.91521254181862
v 736.0939487814903 -866.1982816457748 72.17230550944805
v 655.6799331307411 -913.3458513021469 74.48693454265594
v 571.2191292643547 -958.7080192565918 76.8937474116683
v 482.9471343755722 -1002.2256696224213 79.41802762448788
v 391.0459591448307 -1043.6528599262238 82.06276282668114
v 295.6725409626961 -1082.4530625343323 84.79917861521244
v 197.0154646039009 -1117.7036619186401 87.55741249769926
v 95.37162814289331 -1148.0360233783722 90.2197040989995
v -8.75868032220751 -1171.6010427474976 92.61403128504753
v -114.83596064150333 -1192.2492027282715 95.20560041069984
v -222.89938107132912 -1212.3129308223724 98.29003550112247
v -332.5810097157955 -1227.6696074008942 101.43757425248623
v -442.915435731411 -1234.7861409187317 104.27197717130184
v -552.466244995594 -1230.8604383468628 106.4744134247303
v -659.4729307293892 -1213.9360696077347 107.78841689229012
v -762.0258459448814 -1183.0171358585358 108.03000211715698
v -858.2558584213257 -1138.1231045722961 107.09650620818138
v -946.5380966663361 -1080.2914595603943 104.97590851038694
v -1025.679082274437 -1011.4753693342209 101.7498055100441
v -1095.0738966464996 -934.3604278564453 97.59169086813927
v -1154.7939884662628 -852.0854339003563 92.75610689073801
v -1205.605621933937 -767.9087939858437 87.56042562425137
v -1248.901485800743 -684.868606030941 82.36176308244467
v -1286.5547382831573 -605.4624652862549 77.5287526845932
v -1320.7153630256653 -531.4046815037727 73.4134715795517
v -1353.5566842556 -463.46778720617294 70.32216936349869
v -1387.0235127210617 -401.451960504055 68.49172364920378
v -1422.571526169777 -344.2558367550373 68.06703206151724
v -1460.946604013443 -290.05872309207916 69.0842330083251
v -1502.0110470056534 -236.59321948885918 71.45838562399149
v -1544.6344166994095 -181.49163275957108 74.9768765643239
v -1586.6971027851105 -122.67473995685577 79.30331222712994
v -1625.2020317316055 -58.74399807304144 83.99161610752344
v -1656.5220361948013 10.68168253172189 88.51343996822834
v -1677.004467844963 84.76326316595078 92.33693830668926
v -1685.0160974264145 161.7814915627241 95.23679550737143
v -1680.2988535165787 239.8252022266388 97.1824598684907
v -1663.36969435215 317.1423862874508 98.24335433542728
v -1635.4084914922714 392.40231201052666 98.5779706388712
v -1598.044804930687 464.86883372068405 98.41068796813488
v -1553.0763691663742 534.4417601823807 97.99812532961369
v -1502.1779984235764 601.5527138113976 97.59061429649591
v -1446.656459569931 666.945943236351 97.39583764225245
v -1387.3055362701416 731.3977012038231 97.55173031240702
v -1324.3773883581161 795.4308575391769 98.11118446290493
v -1257.6621544361115 859.1074329614639 99.04208768159151
v -1186.6543936729431 921.9176548719406 100.2392926812172
v -1110.7529586553574 982.8001892566681 101.5466583520174
v -1029.4586259126663 1040.269290804863 102.78354998677969
v -942.526268362999 1092.625072002411 103.77225682139397
v -850.0583705306053 1138.1865012645721 104.36086758971214
v -752.5181257724762 1175.5182856321335 104.43997330963612
v -650.6888195872307 1203.6076068878174 103.95221628248692
v -545.5851048231125 1221.9697147607803 102.89421390742064
v -438.3403757214546 1230.693690776825 101.31407428532839
v -330.0950337946415 1230.4211461544037 99.30508967489004
v -221.8927037715912 1222.3019868135452 96.99972297996283
v -114.585240483284 1207.9169511795044 94.56333305686712
v -8.758587157353759 1189.1980075836182 92.19015508890152
v 95.06664622575045 1162.4718171358109 89.43850167095661
v 195.8456325531006 1125.8346444368362 86.05634037405252
v 292.98353254795074 1083.676455616951 82.49165240675211
v 386.5071330964565 1039.7618114948273 79.12831518799067
v 476.9274044036865 997.1205031871796 76.28584116697311
v 565.0960484147072 957.9771226644516 74.21935871243477
v 652.0468032360077 923.6780852079391 73.1148599088192
v 738.8311672210693 894.673079252243 73.08570329099894
v 826.3478037714958 870.5316799879074 74.16772786527872
v 915.1905727386475 850.0317683815956 76.31853327155113
v 1005.5100667476654 831.3099709153175 79.41891945898533
v 1096.9343143701553 812.0757508277893 83.28066475689411
v 1188.5332596302032 789.8680526018143 87.65846371650696
v 1278.8442939519882 762.3211705684662 92.26518385112286
v 1365.9598088264465 727.4233809113503 96.79079163819551
v 1447.6544988155365 683.7312367558479 100.9215460717678
v 1521.5666842460632 630.5364686250687 104.36189956963062
v 1585.3922724723816 567.9413062334061 106.85310546308756
v 1637.1042001247406 496.86923146247864 108.19418884813786
v 1675.1632118225098 418.9858089387417 108.2600699365139
v 1698.7150830030441 336.5318365395069 107.01836876571178
v 1707.7478885650635 252.0785240828991 104.54254064708948
v 1703.1628400087357 168.21782290935516 101.01652007550001
v 1686.7559391260147 87.21380140632391 96.72989845275879
v 1654.2885768413544 10.681582200340927 158.7263086438179
v 1619.430690407753 -60.42446907609701 150.20114801824093
v 1574.096041917801 -124.80896361172199 140.50800271332264
v 1523.0822932720184 -182.2563935816288 130.81527784466743
v 1470.1648092269897 -233.8119699060917 122.03926965594292
v 1417.8873056173325 -281.2772364914417 114.81000825762749
v 1367.543910741806 -326.70221507549286 109.47119392454624
v 1319.328687787056 -371.9571080803871 106.11094627529383
v 1272.6023697853088 -418.43959853053093 104.61514871567488
v 1226.2045526504517 -466.933710873127 104.73078779876232
v 1178.760078549385 -517.610040307045 106.13075774163008
v 1128.9348649978638 -570.1341488957405 108.47124360501766
v 1075.614475607872 -623.8338991999626 111.43644042313099
v 1018.0002343654633 -677.8858476877213 114.76833410561085
v 955.6333816051483 -731.4842855930328 118.28268438577652
v 888.3553236722946 -783.9536610245705 121.86894200742245
v 816.2382227182388 -834.8110073804855 125.48215851187706
v 739.4990238547325 -883.7651789188385 129.12642359733582
v 658.4197506308556 -930.6657868623734 132.83488802611828
v 573.2879304885864 -975.4228323698044 136.6488564759493
v 484.3623483181 -1017.910133600235 140.59905901551247
v 391.86601370573044 -1057.852088212967 144.68587785959244
v 296.0071063041687 -1094.7313302755356 148.86437729001045
v 197.027185857296 -1127.7068853378296 153.031040802598
v 95.26526413857937 -1155.550264120102 157.01114527881145
v -8.75868032220751 -1176.613764166832 160.54916739463806
v -114.49198007583618 -1194.368201494217 164.34735037386417
v -221.90052643418312 -1210.8884418010712 168.8452284783125
v -330.5770066380501 -1222.4347937107086 173.3858636766672
v -439.57085251808167 -1225.813776254654 177.39398449659348
v -547.5043326616287 -1218.5067468881607 180.38225434720516
v -652.7138444781303 -1198.7987333536148 181.96362979710102
v -753.4117439389229 -1165.8683305978775 181.86448328197002
v -847.8655788302422 -1119.8416185379028 179.93994265794754
v -934.5866990089417 -1061.7881870269775 176.18743434548378
v -1012.5032722949982 -993.6174792051315 170.75082398951054
v -1081.0986971855164 -917.8931879997253 163.9146450161934
v -1140.4873323440552 -837.5738596916199 156.08692444860935
v -1191.4300400018692 -755.7027393579483 147.77111560106277
v -1235.257539153099 -675.0857421755791 139.5270612090826
v -1273.7381082773209 -598.0079010128975 131.93005822598934
v -1308.8793432712555 -526.005209684372 125.52471175789833
v -1342.6979112625122 -459.7327333688736 120.78231811523438
v -1376.9789081811905 -398.93573865294456 118.06236304342747
v -1413.0421471595764 -342.5283533334732 117.58018635213375
v -1451.5368837118149 -288.7654611468315 119.38066005706787
v -1492.2859740257263 -235.50034001469612 123.31998221576214
v -1534.1896587610245 -180.50958283245564 129.05697517096996
v -1575.2293342351913 -121.85212455689907 136.05819448828697
v -1612.5759994983673 -58.2339197024703 143.62110391259193
v -1642.8254967927933 10.681681735441089 150.9174694865942
v -1662.1980786323547 84.05721690505743 157.01838187873363
v -1668.8516736030579 160.11127665638924 161.4855681359768
v -1662.6425689458847 236.8779695034027 164.2931777983904
v -1644.1893410682678 312.5814427435398 165.57860434055328
v -1614.7577834129333 385.8912321925163 165.62443189322948
v -1576.0511469841003 456.09155148267746 164.82102915644646
v -1529.9373918771744 523.1230553984642 163.61274629831314
v -1478.1635963916779 587.4856299161911 162.43634015321732
v -1422.1158242225647 650.0283014774323 161.66229151189327
v -1362.6667481660843 711.6726154088974 161.54906675219536
v -1300.139161348343 773.1274527311325 162.21664309501648
v -1234.367641210556 834.667906165123 163.64249534904957
v -1164.853881597519 896.0057348012924 165.67827321588993
v -1090.9556597471237 956.2793755531311 168.08170348405838
v -1012.0845687389374 1014.1560709476471 170.55865913629532
v -927.861859202385 1068.0147206783295 172.80598014593124
v -838.2287210226059 1116.16481423378 174.55021731555462
v -743.4756374359131 1157.0688289403915 175.5768207460642
v -644.221541583538 1189.5231449604034 175.74807845056057
v -541.342316865921 1212.7778059244156 175.00923179090023
v -435.8729499578476 1226.6016483306885 173.38722690939903
v -328.9051991701126 1231.2834227085114 170.9828156232834
v -221.48783639073372 1227.5948971509933 167.95992985367775
v -114.53625328838825 1216.7341876029968 164.5368779450655
v -8.758587157353759 1200.2454417943954 160.9770568460226
v 95.17859693616629 1174.9434345960617 156.63880437612534
v 196.18041448295116 1139.4910258054733 151.20990201830864
v 293.6016757786274 1098.0782067775726 145.404951274395
v 387.39519640803337 1054.3394833803177 139.84168767929077
v 477.98929899930954 1011.2518501281738 135.0417324900627
v 566.1532545089722 971.0421413183212 131.42637558281422
v 652.8534802794456 935.12924015522 129.31201435625553
v 739.0970358252525 904.0824937820435 128.90137553215027
v 825.7682132720947 877.627522945404 130.27464777231216
v 913.4785562753677 854.7144600749016 133.38578693568707
v 1002.4295175075531 833.6562091112137 138.064287006855
v 1092.3257213830948 812.3175144195557 144.02440421283245
v 1182.3290473222733 788.3556541800499 150.88191077113152
v 1271.0774856805801 759.4840157032013 158.17949943244457
v 1356.7563825845718 723.718955218792 165.41476160287857
v 1437.2252333164215 679.6070373058319 172.07447201013565
v 1510.1866722106934 626.3920372724533 177.66928106546402
v 1573.3883839845657 564.1080486774445 181.76885314285755
v 1624.8368382453918 493.5931921005249 184.0359091758728
v 1663.0103105306625 416.4193131029606 184.25833269953728
v 1687.056207060814 334.7295919060707 182.37699508666992
v 1696.93814098835 250.99700912833214 178.5060129314661
v 1693.509521484375 167.72256173193455 172.94008657336235
v 1678.4835880994797 87.09501542150974 166.14461347460747
v 1639.6231484413147 10.681582200340927 225.85973650217056
v 1607.5460529327393 -60.290177911520004 214.8731254041195
v 1565.9765768051147 -125.20766459405422 202.6052411645651
v 1519.0339761972427 -183.93998600542545 190.46685129404068
v 1469.9279379844666 -237.42374673485756 179.55190546810627
v 1420.810484290123 -287.2299259901047 170.60807950794697
v 1372.7644550800323 -335.1300001144409 164.0376926958561
v 1325.9417170286179 -382.7349279820919 159.93806965649128
v 1279.7902500629425 -431.2495270371437 158.1663639843464
v 1233.3195573091507 -481.35334968566895 158.4150456637144
v 1185.356901884079 -533.1989505887032 160.28771974146366
v 1134.7618567943573 -586.5007388591766 163.36685478687286
v 1080.577967762947 -640.6735181808472 167.26638838648796
v 1022.1120500564575 -694.9825698137283 171.66499257087708
v 958.9568156003952 -748.6827278137207 176.32490426301956
v 890.9673285484314 -801.1216789484024 181.0949320346117
v 818.199035525322 -851.7823120951653 185.89753724634647
v 740.8479872345924 -900.3034597635269 190.71558393537998
v 659.1820907592773 -946.4374977350235 195.56702345609665
v 573.4941735863686 -989.9954080581665 200.48349045217037
v 484.07089680433273 -1030.7732409238815 205.48828728497028
v 391.18383675813675 -1068.4619629383087 210.5732472985983
v 295.10406017303467 -1102.5778430700302 215.6825289130211
v 196.13554246723652 -1132.379384636879 220.69188684225082
v 94.66762036085129 -1156.8231922388077 225.3963902592659
v -8.75867952592671 -1174.524017572403 229.495210647583
v -113.57955694198608 -1188.4933054447174 233.8463182747364
v -219.67708110809326 -1200.500047802925 238.97553876042366
v -326.6063556075096 -1207.3084652423859 244.07357051968575
v -433.44986110925674 -1206.1624324321747 248.43002915382385
v -538.9232540130615 -1194.9229735136032 251.44822642207146
v -641.501242518425 -1172.1701860427856 252.65760496258736
v -739.5688417553902 -1137.300170660019 251.7365437746048
v -831.5808847546577 -1090.5579525232315 248.5284622013569
v -916.2305027246475 -1033.0248427391052 243.05782198905945
v -992.601603269577 -966.5178394317627 235.53428068757057
v -1060.28440117836 -893.4097319841385 226.34163290262222
v -1119.443605542183 -816.4021164178848 216.01821541786194
v -1170.8139860630035 -738.226860165596 205.2140099555254
v -1215.6362628936768 -661.3772267103195 194.64659929275513
v -1255.5277651548386 -587.848886847496 185.04579707980156
v -1292.2982543706894 -518.9419823884964 177.09511801600456
v -1327.747095823288 -455.1559916138649 171.3803317397833
v -1363.4441220760345 -396.1695483326912 168.34018260240555
v -1400.5207908153534 -340.92111468315125 168.22684317827225
v -1439.4891679286957 -287.769129127264 171.07272528111935
v -1480.1060628890991 -234.73150223493576 176.66945815086365
v -1521.294343471527 -179.78225357830524 184.55840952694416
v -1561.1504781246185 -121.17532409727573 194.0381770581007
v -1597.055123448372 -57.77279030531645 204.19756069779396
v -1625.8742201328278 10.681680939160287 213.9659258723259
v -1643.8647133111954 83.34329701960087 222.03939780592918
v -1649.0819960832596 158.40746507048607 227.75373816490173
v -1641.4703160524368 233.8950379192829 231.09837234020233
v -1621.7125636339188 308.0357113480568 232.28476703166962
v -1591.109390258789 379.5102582871914 231.71817183494568
v -1551.3808643817902 447.6127025485039 229.9493072926998
v -1504.4086039066315 512.294095158577 227.60426670312881
v -1451.9673085212708 574.0769746899605 225.30445486307144
v -1395.4950231313705 633.863215148449 223.58971193432808
v -1335.9370923042297 692.6713424921036 222.8551460802555
v -1273.6999887228012 751.3614928722382 223.3129884302616
v -1208.6959558725357 810.4098549485207 224.9824771285057
v -1140.4755091667175 869.7612369060516 227.70593583583832
v -1068.4026432037354 928.7932401895523 231.1868168413639
v -991.8379890918732 986.3785350322723 235.0398476421833
v -910.3021985292435 1041.0443204641342 238.84948432445526
v -823.588824570179 1091.1552268266678 242.2182235121727
v -731.8163537979126 1135.1297003030777 244.81073543429375
v -635.425811111927 1171.6147005558014 246.38016030192375
v -535.132345855236 1199.6191191673279 246.7816387116909
v -431.84481382369995 1218.594707250595 245.97478330135345
v -326.57669574022293 1228.4549313783646 244.0147604048252
v -220.3573215007782 1229.565698504448 241.04286208748817
v -114.14500549435616 1222.6935786008835 237.27139592170715
v -8.758587157353759 1208.9480137825012 232.9730848968029
v 94.99915983527899 1185.7123106718063 227.4043683707714
v 196.00366562604904 1152.2479283809662 220.29076516628265
v 293.56791347265244 1112.434703707695 212.56336323916912
v 387.5659444928169 1069.6951407194138 205.03910847008228
v 478.3255970478058 1026.875159740448 198.4154536575079
v 566.5120777487755 986.1652082204819 193.2682053744793
v 652.994390130043 949.0141350030899 190.03831207752228
v 738.7026411294937 916.0905611515045 189.02123853564262
v 824.4743397831917 887.2718721628189 190.35276018083096
v 910.9086459875107 861.693549156189 194.00037601590157
v 998.2337164878845 837.8702545166016 199.7645826637745
v 1086.2104886770248 813.856209218502 207.28455662727356
v 1174.0890061855316 787.4824717640877 216.0640811920166
v 1260.6095910072327 756.5930959582329 225.49851804971695
v 1344.0701133012772 719.2936214804649 234.91595908999443
v 1422.4466693401337 674.1779565811157 243.62469747662544
v 1493.552582859993 620.4931890964508 250.9607496857643
v 1555.2376663684845 558.2389113306999 256.3383588194847
v 1605.6009364128113 488.1881654262543 259.2997080087662
v 1643.196805715561 411.8182624876499 259.5587222278118
v 1667.224457859993 331.1541000008583 257.03906044363976
v 1677.665240764618 248.531723767519 251.89918890595436
v 1675.34514605999 166.308468952775 244.54038217663765
v 1661.8956702947617 86.538001075387 235.58893740177155
v 1617.1366882324219 10.681582200340927 292.88611873984337
v 1588.2529717683792 -59.79532442986965 280.16050681471825
v 1550.9400433301926 -124.96749356389046 266.27344608306885
v 1508.5669988393784 -184.78558525443077 252.71544679999352
v 1463.7496143579483 -240.06541147828102 240.6378673017025
v 1418.2148891687393 -292.1236002445221 230.81324011087418
v 1372.8249979019165 -342.42918133735657 223.65163072943687
v 1327.6859414577484 -392.310249209404 219.24204424023628
v 1282.3385524749756 -442.7583199739456 217.42318600416183
v 1235.9729433059692 -494.3333637714386 217.86247819662094
v 1187.6326596736908 -547.1609508991241 220.13459220528603
v 1136.38581097126 -600.999521613121 223.7896867096424
v 1081.4478886127472 -655.349954366684 228.40806439518929
v 1022.2433280944824 -709.5685485005379 233.63240540027618
v 958.4317034482956 -762.9822492599487 239.1895280778408
v 889.8847943544388 -814.9591791629791 244.88868176937103
v 816.6527983546257 -864.9642884731293 250.61726599931717
v 738.9124515652657 -912.5675600767136 256.32235676050186
v 656.9198378920555 -957.4263256788254 261.9900669157505
v 570.9754800796509 -999.2567270994186 267.6269705593586
v 481.39462888240814 -1037.7758234739304 273.23533549904823
v 388.50030675530434 -1072.6459407806396 278.7938341498375
v 292.62713000178337 -1103.4139251708984 284.23664912581444
v 194.14547748863697 -1129.4544732570648 289.434999525547
v 93.49648240953684 -1149.9266105890274 294.18057829141617
v -8.758678729645908 -1163.739241361618 298.1687092781067
v -112.04862110316753 -1173.427214026451 302.3340095579624
v -216.17260470986366 -1180.4496717453003 307.23303481936455
v -320.65728440880775 -1182.14222073555 311.98878049850464
v -424.63805213570595 -1176.2493860721588 315.8312366902828
v -526.9498407840729 -1161.0484492778778 318.1165498495102
v -626.239253282547 -1135.451779961586 318.3477897942066
v -721.0958406329155 -1099.0752267837524 316.1965575814247
v -810.1921963691711 -1052.2722619771957 311.524720788002
v -892.4257582426071 -996.101365685463 304.39679726958275
v -967.049372792244 -932.2414290904999 295.08568838238716
v -1033.7658298015594 -862.8223568201065 284.05672788619995
v -1092.772759795189 -790.2147468924522 271.9393980503082
v -1144.7644686698914 -716.7906242609024 259.4862797856331
v -1190.8571255207062 -644.6722492575645 247.51352906227112
v -1232.4790924787521 -575.5262821912766 236.84451296925545
v -1271.2051963806152 -510.39362132549286 228.24096009135246
v -1308.5801964998245 -449.6103098988533 222.34794706106186
v -1345.9254348278046 -392.7956619858742 219.63689759373665
v -1384.1582268476486 -338.9312280714512 220.36157682538033
v -1423.6380583047867 -286.5099607408047 224.52292755246162
v -1464.052328467369 -233.75101938843727 231.84634119272232
v -1504.3533611297607 -178.86358760297298 241.77228078246117
v -1542.7797067165375 -120.33340685069561 253.47085610032082
v -1576.94369494915 -57.204385958611965 265.8730888366699
v -1604.0380346775055 10.681680142879486 277.74174973368645
v -1620.5073130130768 82.48315449804068 287.46475875377655
v -1624.410388469696 156.42842061817646 294.17104840278625
v -1615.743591785431 230.58210209012032 297.86584228277206
v -1595.1943999528885 303.2168747484684 298.82107347249985
v -1564.0338045358658 373.04104372859 297.54485830664635
v -1523.9278542995453 439.34988141059875 294.72159057855606
v -1476.7029243707657 502.07219392061234 291.1313961446285
v -1424.1019141674042 561.6999936103821 287.5577388703823
v -1367.5691878795624 619.1203245520592 284.69683572649956
v -1308.100134730339 675.3788244724274 283.0818508565426
v -1246.186028122902 731.4245072007179 283.0339975655079
v -1181.8359392881393 787.8862944245338 284.642077088356
v -1114.689261317253 844.9196201562881 287.77664601802826
v -1044.1628873348236 902.1410465240479 292.1256132423878
v -969.6235638856888 958.665007352829 297.25164860486984
v -890.5366998910904 1013.21358025074 302.653439193964
v -806.5903571248055 1064.2775774002075 307.8270220756531
v -717.7571180462837 1110.3044933080673 312.31842800974846
v -624.3119224905968 1149.8634177446365 315.75881972908974
v -526.807045340538 1181.784365773201 317.88813829421997
v -426.0106109082699 1205.2488881349564 318.5611166059971
v -322.83669859170914 1219.832165837288 317.74389043450356
v -218.26711624860764 1225.5083101987839 315.50296515226364
v -113.27452406287193 1222.6238626241684 311.9906660914421
v -8.75858795363456 1211.8566173315048 307.43267834186554
v 94.37272254377604 1191.1840975284576 301.08281672000885
v 194.9959945678711 1160.4322171211243 292.7905650436878
v 292.40062952041626 1123.0785191059113 283.63794788718224
v 386.38699024915695 1082.250233888626 274.590210467577
v 477.1783411502838 1040.600135922432 266.4858300983906
v 565.3199243545532 1000.212773680687 260.02713918685913
v 651.5619510412216 962.5222170352936 255.76493471860886
v 736.7286801338196 928.2549798488617 254.0797497332096
v 821.5781709551811 897.4154448509216 255.16437336802483
v 906.6631060838699 869.3116503953934 259.0082310140133
v 992.2023671865463 842.6611894369125 265.39611026644707
v 1077.9927688837051 815.7411906123161 273.917079269886
v 1163.350197672844 786.5857449173927 283.9844638109207
v 1247.1181225776672 753.228229880333 294.8782476782799
v 1327.719168663025 713.9225354790688 305.7878552377224
v 1403.2720237970352 667.368825674057 315.8760832250118
v 1471.7401456832886 612.869787812233 324.33640748262405
v 1531.1270481348038 550.4336267709732 330.4609152674675
v 1579.6766835451126 480.7900670170784 333.7004913389683
v 1616.071583032608 405.325987637043 333.72123286128044
v 1639.6060252189636 325.9316700696945 330.44817477464676
v 1650.3086507320404 244.7746543586254 324.0932933986187
v 1648.9934241771698 164.02623899281025 315.1618002355099
v 1637.216112613678 85.55901523679495 304.4283936917782
v 1587.1228390932083 10.681582200340927 359.35194477438927
v 1561.5832471847534 -58.937685415148735 345.59167742729187
v 1528.6295038461685 -124.01379123330116 330.96971958875656
v 1490.9137719869614 -184.5686911046505 316.92865177989006
v 1450.4619938135147 -241.28849878907204 304.56160828471184
v 1408.6048883199692 -295.23882910609245 294.5962241292
v 1365.9898763895035 -347.5881126523018 287.4049039185047
v 1322.6843297481537 -399.38649728894234 283.05591121315956
v 1278.3195894956589 -451.4126819372177 281.3779628276825
v 1232.25934445858 -504.10302847623825 282.03799679875374
v 1183.7563902139664 -557.5480708479881 284.61432829499245
v 1132.084212899208 -611.5430948138237 288.66086170077324
v 1076.6258668899536 -665.6637400388718 293.75448524951935
v 1016.9281983375549 -719.3543681502342 299.5272535085678
v 952.7200895547867 -772.009092271328 305.6840966641903
v 883.9008396863937 -823.0272746086121 312.00254023075104
v 810.5213597416878 -871.8615835905075 318.3312526345253
v 732.7468684315681 -918.0296641588211 324.5740941166878
v 650.8262640237808 -961.1099588871002 330.6734776496887
v 565.0676625967026 -1000.7348281145096 336.59760296344757
v 475.81388533115387 -1036.5552842617035 342.3181861639023
v 383.4351709485054 -1068.2101088762283 347.7950182557106
v 288.325557410717 -1095.281821489334 352.9557077586651
v 190.91656520962715 -1117.2635543346405 357.6800863444805
v 91.69611062854528 -1133.5143077373505 361.77959471940994
v -8.758677137084305 -1143.2489615678787 364.98780369758606
v -109.87528413534164 -1148.5464584827423 368.2462611794472
v -211.38098180294037 -1150.5877912044525 372.10143238306046
v -312.78816998004913 -1147.2939151525497 375.6894864141941
v -413.30281019210815 -1136.9269251823425 378.2551923394203
v -511.8982735276222 -1118.188106417656 379.170418381691
v -607.4114549160004 -1090.3125196695328 377.9620845615864
v -698.6518827080727 -1053.1213903427124 374.3333373963833
v -784.5198485255241 -1007.0444297790527 368.1867630779743
v -864.1207659244537 -953.0847734212875 359.6335096657276
v -936.8723434209824 -892.739480137825 348.99876549839973
v -1002.5753706693649 -827.8512328863144 336.8004570901394
v -1061.4453148841858 -760.4285448789597 323.71890127658844
v -1114.1089063882828 -692.4480271339417 310.553513020277
v -1161.5355437994003 -625.6467694044113 298.1606827676296
v -1204.9386316537857 -561.3518723845482 287.3928514122963
v -1245.639410018921 -500.3521254658699 279.0325655043125
v -1284.90836083889 -442.8301253914833 273.728953152895
v -1323.8090604543686 -388.366786390543 271.9439846277237
v -1363.0422359704971 -336.0128143429756 273.9047719538212
v -1402.8199911117554 -284.42278772592545 279.56850707530975
v -1442.7708131074905 -232.0419842004776 288.59858617186546
v -1481.8984973430634 -177.33816839754581 300.36150097846985
v -1518.5986590385437 -119.04214516282082 313.93889129161835
v -1550.7569879293442 -56.39015380293131 328.17279919981956
v -1575.9054976701736 10.681678550317883 341.72763884067535
v -1590.8193147182465 81.35423853993416 352.793597728014
v -1593.6571830511093 153.95105727016926 360.3418046236038
v -1584.4162487983704 226.63884311914444 364.37447637319565
v -1563.7360846996307 297.77502804994583 365.1990410685539
v -1532.7877968549728 366.11345171928406 363.3864511549473
v -1493.1132906675339 430.94584465026855 359.70921367406845
v -1446.4150017499924 492.15005099773407 355.05401596426964
v -1394.3418556451797 550.1383021473885 350.3241589665413
v -1338.2935738563538 605.7154405117035 346.3397482037544
v -1279.2833822965622 659.8796072602272 343.7569445371628
v -1217.8705376386642 713.5880210995674 343.00494968891144
v -1154.1725581884384 767.5578698515892 344.26299691200256
v -1087.9433995485306 822.1032831072807 347.4613192677498
v -1018.6986172199249 877.0581758022308 352.3152941465378
v -945.8624428510666 931.7783886194229 358.379335552454
v -868.9037507772446 985.2159905433655 365.1090422272682
v -787.4575513601303 1036.0432183742523 371.9276265799999
v -701.3940954208374 1082.8115290403366 378.2844190299511
v -610.853171646595 1124.0967392921448 383.69762510061264
v -516.2389594316483 1158.6362153291702 387.78617665171623
v -418.17938670516014 1185.4227447509766 390.28229400515556
v -317.4754227697849 1203.7642639875412 391.03431433439255
v -215.03712102770805 1213.3054661750793 389.9978242814541
v -111.81840039789677 1214.0283107757568 387.2258497774601
v -8.75858795363456 1206.221548318863 382.852548211813
v 93.17461296916008 1188.4470319747925 376.2209688127041
v 192.89540581405163 1161.0010546445847 367.36275896430016
v 289.69442144036293 1126.8940418958664 357.43549436330795
v 383.31171557307243 1088.8859921693802 347.49046951532364
v 473.8699918985367 1049.3705892562866 338.4593456983566
v 561.7885655164719 1010.2657359838486 331.1338171362877
v 647.6835411787033 972.9308938980103 326.14571034908295
v 732.2500911355019 938.1009346246719 323.9411464333534
v 816.1360439658165 905.8643281459808 324.75842356681824
v 899.8135113716125 875.6775140762329 328.60674038529396
v 983.4610641002655 846.4565822482109 335.26369884610176
v 1066.87908411026 816.70579880476 344.2825663089752
v 1149.433400630951 784.698674082756 355.01385793089867
v 1230.0601315498352 748.6960798501968 366.652400046587
v 1307.316135764122 707.1562126278877 378.2900758087635
v 1379.4807332754135 658.9361482858658 388.9843690395355
v 1444.7038006782532 603.4472250938416 397.8341446816921
v 1501.1813861131668 540.7415771484375 404.05244797468185
v 1547.346510887146 471.52874797582626 407.041112780571
v 1582.0474344491959 397.10890486836433 406.4515846967697
v 1604.705228805542 319.2271640896797 402.23509311676025
v 1615.4149889945984 239.8595505952835 394.6682086586952
v 1614.9849718809128 160.96142426133156 384.3566907942295
v 1604.8844110965729 84.19249545782804 372.20284670591354
v 1550.0067257881165 10.681582200340927 424.96971264481544
v 1527.7402174472809 -57.7292050793767 410.7831993699074
v 1498.9599537849426 -122.31860496103764 396.1492654681206
v 1465.6623190641403 -183.15820388495922 382.3572488129139
v 1429.3595588207245 -240.8092014491558 370.3733119368553
v 1391.0259640216827 -296.1014623939991 360.8232678472996
v 1351.126715540886 -349.9294584989548 354.01592060923576
v 1309.69422519207 -403.085495531559 349.98656138777733
v 1266.444125175476 -456.1518394947052 348.5619704425335
v 1220.8965575695038 -509.44598346948624 349.42529171705246
v 1172.4933868646622 -563.0192971229553 352.1817737817764
v 1120.6916642189026 -616.6899481415749 356.41212701797485
v 1065.0311011075974 -670.0954949855804 361.7125542461872
v 1005.1740235090256 -722.756487429142 367.72323846817017
v 940.9200489521027 -774.1287025809288 374.13963094353676
v 872.2039461135864 -823.6486539244652 380.7158401608467
v 799.0834549069405 -870.7657992839813 387.26162508130074
v 721.7224180698395 -914.9673593044281 393.6364835500717
v 640.3678992390633 -955.777400135994 399.73451659083366
v 555.3365761041641 -992.7700835466385 405.48002019524574
v 466.9949162006378 -1025.5486196279526 410.8083236217499
v 375.7517874240875 -1053.7394571304321 415.6576354801655
v 282.05078825354576 -1076.9707775115967 419.9537296593189
v 186.37255378067493 -1094.8449754714966 423.59373942017555
v 89.24152091145515 -1106.9181722402573 426.4322957396507
v -8.758675544522703 -1112.6911443471909 428.2724815607071
v -107.06366121768951 -1113.8428848981857 430.015686750412
v -205.34653656184673 -1111.3147634267807 432.16714829206467
v -303.1225696206093 -1103.5892343521118 433.94862592220306
v -399.6809555590153 -1089.4154870510101 434.6800321340561
v -494.1437342762947 -1067.8947561979294 433.80338430404663
v -585.5418384075165 -1038.5501396656036 430.90874433517456
v -672.904314994812 -1001.3732796907425 425.75929194688797
v -755.3519681096077 -956.8354725837708 418.31135272979736
v -832.1852427721024 -905.8470010757446 408.7196981906891
v -902.9674458503723 -849.6944510936737 397.3425655066967
v -967.576013803482 -789.9091279506683 384.7168390452862
v -1026.2245792150497 -728.1317523121834 371.5313972532749
v -1079.4522178173065 -665.9420943260193 358.57908099889755
v -1128.0649441480637 -604.7013482451439 346.6989026963711
v -1173.0533570051193 -545.4188668727875 336.7174655199051
v -1215.4762423038483 -488.65054339170456 329.3820248544216
v -1256.336327791214 -434.45615619421005 325.3037676215172
v -1296.446151137352 -382.4038280546665 324.9009132385254
v -1336.3050377368927 -331.6380348801613 328.354784399271
v -1375.9946286678314 -280.9934292733669 335.573700517416
v -1415.1092666387558 -229.15679767727852 346.17554873228073
v -1452.7226668596268 -174.85825695097446 359.4815155863762
v -1487.4146211147308 -117.07364983856678 374.53700691461563
v -1517.3476445674896 -55.220672115683556 390.15114337205887
v -1540.414867401123 10.681676957756281 404.96904999017715
v -1553.8125658035278 79.86141588538885 417.1075800061226
v -1555.8734679222107 150.7915297150612 425.4462580382824
v -1546.5613907575607 221.79373562335968 429.96253341436386
v -1526.4132696390152 291.3462008535862 430.95756590366364
v -1496.4487516880035 358.2681365311146 429.0162715315819
v -1458.0255657434464 421.8479096889496 424.9409191310406
v -1412.6643151044846 481.8930369615555 419.66367959976196
v -1361.8649125099182 538.6975944042206 414.15084287524223
v -1306.9352459907532 592.9304069280624 409.30007860064507
v -1248.867239356041 645.4715368151665 405.85647627711296
v -1188.2689708471298 697.2151628136635 404.34588700532913
v -1125.358965396881 748.8903978466988 405.0411356985569
v -1060.0197046995163 800.9071290493011 407.95503929257393
v -991.8959838151932 853.2706055045128 412.8666266798973
v -920.5144679546356 905.5584543943405 419.3670044839382
v -845.4015675187111 956.9625717401505 426.9182436168194
v -766.1936178803444 1006.3729548454285 434.9157312512398
v -682.7097550034523 1052.5061774253845 442.750828564167
v -594.9958956241608 1094.0271377563477 449.85742449760437
v -503.3358469605446 1129.6728962659836 455.7498514652252
v -408.2303358614445 1158.3461397886276 460.04304081201553
v -310.3634248673916 1179.182960987091 462.4609825015068
v -210.55552527308464 1191.5925067663193 462.83524721860886
v -109.70912262797356 1195.2730822563171 461.0984632372856
v -8.75858795363456 1190.2073603868484 457.27259516716003
v 91.32060371339321 1175.4879122972488 450.86025416851044
v 189.51725140213966 1151.7662358283997 442.10361152887344
v 285.1495563983917 1121.53804063797 432.15343952178955
v 377.9170596599579 1087.1498197317123 422.08118811249733
v 467.8514340519905 1050.6766426563263 412.8527395427227
v 555.2479532361031 1013.8126891851425 405.30201002955437
v 640.5801048874855 977.7839004993439 400.1016466319561
v 724.3969532847404 943.2793843746185 397.73181304335594
v 807.2126027941704 910.4285842180252 398.45491245388985
v 889.3912786245346 878.8056617975235 402.2888070344925
v 971.0430586338043 847.5088959932327 409.00495782494545
v 1051.9445765018463 815.2696904540062 418.13074350357056
v 1131.4937674999237 780.61896443367 428.9787635207176
v 1208.7112444639206 742.0761197805405 440.6928822398186
v 1282.2906482219696 698.3431041240692 452.31149822473526
v 1350.6882387399673 648.4773248434067 462.8384068608284
v 1412.260798215866 592.0333233475685 471.3283145427704
v 1465.4260593652725 529.1369757056236 476.9681739807129
v 1508.8325107097626 460.4928821325302 479.1565829515457
v 1541.518907546997 387.31900826096535 477.5684040784836
v 1563.0457538366318 311.20763540267944 472.20404505729675
v 1573.5825490951538 233.9304819703102 463.4146848320961
v 1573.9259308576584 157.21077606081963 451.8974831700325
v 1565.455031991005 82.4819377809763 438.66362750530243
v 1506.2488406896591 10.681582200340927 489.60847556591034
v 1487.0246601104736 -56.1893954873085 475.46459197998047
v 1462.0300555229187 -119.88475039601326 461.32447957992554
v 1432.7118372917175 -180.50419360399246 448.26888889074326
v 1400.149176120758 -238.49010050296783 437.0903804898262
v 1365.0272047519684 -294.46517542004585 428.2883307337761
v 1327.6626008749008 -349.0847383439541 422.0919665694237
v 1288.0650472640991 -402.9187734425068 418.501568287611
v 1246.022338271141 -456.37597024440765 417.3441454768181
v 1201.1883401870728 -509.6664449572563 418.32878172397614
v 1153.1640207767487 -562.7990904450417 421.0989725589752
v 1101.565636396408 -615.6039994955063 425.27563735842705
v 1046.0686612129211 -667.7655646204948 430.48764556646347
v 986.4391797780991 -718.8637572526932 436.39281302690506
v 922.5465255975723 -768.4108203649521 442.68819630146027
v 854.3641474843025 -815.8811831474304 449.1114941239357
v 781.9680297374725 -860.7400506734848 455.44229596853256
v 705.5262449383736 -902.4623107910156 461.4968839287758
v 625.291360616684 -940.551797747612 467.12726444005966
v 541.5874949097633 -974.5481210947037 472.21189320087433
v 454.7998693585396 -1004.0357369184494 476.6523626446724
v 365.3663492202759 -1028.652611374855 480.37064999341965
v 273.76406595110893 -1048.0720782279968 483.29179018735886
v 180.50695829093456 -1062.0061004161835 485.3416845202446
v 86.14025563001633 -1070.1901853084564 486.43456399440765
v -8.758673155680299 -1072.3818558454514 486.46779119968414
v -103.64550165832043 -1069.9193733930588 486.2693962454796
v -198.16098779439926 -1063.5494327545166 486.288557946682
v -291.8396656215191 -1052.252692580223 485.88218718767166
v -384.0615700185299 -1035.2072381973267 484.48949843645096
v -474.09616112709045 -1011.8565648794174 481.6575416922569
v -561.1616313457489 -981.9691014289856 477.06994503736496
v -644.4904679059982 -945.656658411026 470.56128591299057
v -723.401615023613 -903.3920609951019 462.1428269147873
v -797.3678711056709 -855.9729659557343 452.00587928295135
v -866.070265173912 -804.4551014900208 440.51533073186874
v -929.4409668445587 -750.066345334053 428.19751650094986
v -987.6700133085251 -694.0875247120857 415.7060493528843
v -1041.1964929103851 -637.729699909687 403.78201827406883
v -1090.658551454544 -582.0113968849182 393.19966301321983
v -1136.8258166313171 -527.6596391201019 384.71232891082764
v -1180.5095010995865 -475.03793835639954 378.9941154420376
v -1222.4599689245224 -424.11355152726173 376.58363968133926
v -1263.2623654603958 -374.46968615055084 377.8339406847954
v -1303.2392799854279 -325.3625012934208 382.87035942077637
v -1342.3698180913925 -275.81737473607063 391.5589678287506
v -1380.2371108531952 -224.76094543933868 403.4899552166462
v -1416.0053819417953 -171.1777451634407 417.97490179538727
v -1448.447059392929 -114.27204094827175 434.06802982091904
v -1476.0104531049728 -53.62500183284283 450.6075847148895
v -1496.9392096996307 10.681673772633076 466.2826207280159
v -1508.9005959033966 77.94444311410189 479.2619723081589
v -1510.4486167430878 146.82459890842438 488.40679228305817
v -1501.4897060394287 215.8365359902382 493.64364445209503
v -1482.429724931717 283.60828801989555 495.22856175899506
v -1454.0982323884964 349.04182836413383 493.7061747908592
v -1417.6318842172623 411.4275625348091 489.846875667572
v -1374.3298029899597 470.49646228551865 484.564973115921
v -1325.5020171403885 526.4022034406662 478.82517725229263
v -1272.3274809122086 579.6430411934853 473.5493391752243
v -1215.7413464784622 630.9314748644829 469.5279809832573
v -1156.3723826408386 681.036724448204 467.35572695732117
v -1094.523201584816 730.6321504712105 467.3893618583679
v -1030.205830335617 780.1599499583244 469.7346317768097
v -963.207757472992 829.7406479716301 474.2589336633682
v -893.1869262456894 879.1358953714371 480.627906024456
v -819.7675940394402 927.7609544992447 488.35542261600494
v -742.636344730854 974.7395342588425 496.85990542173386
v -661.6095623373985 1018.9930754899979 505.52201360464096
v -576.6843929886818 1059.3431335687637 513.7356054782867
v -488.05897682905197 1094.6103465557098 520.9457561373711
v -396.1274282634258 1123.703414797783 526.675206720829
v -301.46345168352127 1145.6916707754135 530.5420991778374
v -204.78716522455215 1159.852779507637 532.2633397579193
v -106.92309536039829 1165.7028061151505 531.6548028588295
v -8.758588749915361 1163.0120140314102 528.6271521449089
v 88.77309758216143 1151.3337725400925 522.8918409347534
v 184.7669968754053 1131.5400409698486 514.8938181996346
v 278.59385937452316 1105.6027418375015 505.7020112872124
v 369.9333827197552 1075.425916314125 496.3381567597389
v 458.7410643696785 1042.726269364357 487.74148374795914
v 545.1945832371712 1008.9252322912216 480.731104016304
v 629.6243512630463 975.0680351257324 475.97507804632187
v 712.4258843064308 941.7535829544067 473.94928872585297
v 793.9639681577682 909.1073441505432 474.90864783525467
v 874.4781750440598 876.7926639318466 478.8650804758072
v 953.9878195524216 844.0674850344658 485.5762115120888
v 1032.230345606804 809.8868831992149 494.5553031563759
v 1108.6211174726486 773.0432125926018 505.09851962327957
v 1182.2592294216156 732.3322927951813 516.3357362151146
v 1251.9725561141968 686.7174553871155 527.294394671917
v 1316.4024513959885 635.4819202423096 536.9774240255356
v 1374.123814702034 578.3445811271667 544.4500288367271
v 1423.7885999679565 515.5199879407883 548.9258658885956
v 1464.2712610960007 447.7152889966965 549.8442006111145
v 1494.8054319620132 376.06754779815674 546.9374826550484
v 1515.0924754142761 302.0137645304203 540.2751731872559
v 1525.366816520691 227.11650967597961 530.2849450707436
v 1526.4087849855423 152.86624252796173 517.7466183900833
v 1519.4856011867523 80.46992730349302 503.7451735138893
v 1456.2603449821472 10.681582200340927 553.2335793972015
v 1439.7515201568604 -54.33786425739527 539.4476526975632
v 1418.0499762296677 -116.73275247216225 526.0855767130852
v 1392.1666967868805 -176.60911917686462 514.0000981092453
v 1362.8430765867233 -234.3011538684368 503.7993970513344
v 1330.541952252388 -290.25609880685806 495.85126608610153
v 1295.469821691513 -344.93080258369446 490.30380070209503
v 1257.6239329576492 -398.7109708786011 487.12306022644043
v 1216.8530309200287 -451.8603828549385 486.13827109336853
v 1172.9197347164154 -504.49563950300217 487.08657145500183
v 1125.555067062378 -556.5841761231422 489.65245574712753
v 1074.5042181015015 -607.9585826396942 493.5008490085602
v 1019.5569187402725 -658.3347970247269 498.29662531614304
v 960.5701696872711 -707.3412555456161 503.72264832258224
v 897.4775165319443 -754.5380035042763 509.4831857085228
v 830.294808447361 -799.4421252608299 515.3096169233322
v 759.1205549240112 -841.5444087982178 520.9579360485077
v 684.1370978951454 -880.3377825021744 526.216294169426
v 605.60368090868 -915.3279662132263 530.8989349007607
v 523.8524231314659 -946.054875254631 534.8493540287018
v 439.28194910287857 -972.1189677715302 537.9481986165047
v 352.34434247016907 -993.179002404213 540.1009851694107
v 263.5350300371647 -1008.971403837204 541.245234310627
v 173.38176123797894 -1019.310262799263 541.3432341814041
v 82.4317529797554 -1024.086622595787 540.3786769509315
v -8.758670766837895 -1023.276327252388 538.358544409275
v -99.67804212123156 -1017.9359203577042 536.0199505090714
v -189.95691306889057 -1008.6534011363983 533.7464860081673
v -279.1624930500984 -994.8184490203857 531.0551333427429
v -366.7669625580311 -975.9609907865524 527.5287687778473
v -452.1780288219452 -951.7999202013016 522.8382289409637
v -534.7807592153549 -922.2806060314178 516.7654475569725
v -613.9880463480949 -887.6008826494217 509.22669410705566
v -689.2857348918915 -848.1963220238686 500.27603924274445
v -760.2855455875397 -804.7337105870247 490.1239049434662
v -826.761003434658 -758.0503025650978 479.12503749132156
v -888.6721032857895 -709.0823712944984 467.76041597127914
v -946.1731070280075 -658.7908047437668 456.6193136572838
v -999.5974588394165 -608.0592325329781 446.35434955358505
v -1049.422162771225 -557.6138117909431 437.6420947909355
v -1096.2119793891907 -507.94703900814056 431.13098949193954
v -1140.5536848306656 -459.2713236808777 427.3949673771858
v -1182.9740220308304 -411.49572417140007 426.8807101249695
v -1223.8636654615402 -364.2402935028076 429.8657566308975
v -1263.3993512392044 -316.8832191824913 436.41910940408707
v -1301.486697793007 -268.63856568932533 446.37554973363876
v -1337.71943628788 -218.66041526198387 459.3199923634529
v -1371.3652431964874 -166.166680008173 474.58697587251663
v -1401.3903039693832 -110.56479960680008 491.2806907296181
v -1426.5171039104462 -51.57390033826232 508.31646233797073
v -1445.3167712688446 10.68167058750987 524.4784909486771
v -1455.9327614307404 75.58106895536184 538.0951729416847
v -1457.1624737977982 141.99309825897217 548.0774509906769
v -1448.8479262590408 208.6449609696865 554.2826825380325
v -1431.253611445427 274.331858754158 556.886890232563
v -1405.0062596797943 338.05274561047554 556.3483241200447
v -1371.0070824623108 399.11074206233025 553.3513525128365
v -1330.31680226326 457.1651163697243 548.7329238653183
v -1284.0341591835022 512.2277936339378 543.3985814452171
v -1233.1820619106293 564.6112471818924 538.2363376021385
v -1178.6125946044922 614.8359006643295 534.0375807881355
v -1120.9459644556046 663.505602478981 531.4287865161896
v -1060.5478745698929 711.1889353394508 530.8313593268394
v -997.5421625375748 758.3008825778961 532.4367633461952
v -931.8576854467392 805.0215947628021 536.2121790647507
v -863.2948762178421 851.2478229403496 541.9225698709488
v -791.6000461578369 896.5894532203674 549.1709929704666
v -716.5431529283524 940.3912675380707 557.4419170618057
v -637.9790568351746 981.7993980646133 566.1569237709045
v -555.8954760432243 1019.8310941457748 574.7176685929298
v -470.4400473833084 1053.4559047222137 582.5468543171883
v -381.92715525627136 1081.6737520694733 589.1191649436951
v -290.83250418305397 1103.5806727409363 593.9819052815437
v -197.773944362998 1118.4226334095001 596.7677414417267
v -103.48044857382774 1125.6361985206604 597.2017335891724
v -8.758589546196163 1124.8737055063248 595.1033744215965
v 85.54156076163054 1116.0606479644775 590.4161980748177
v 178.64338092505932 1100.1702976226807 583.7563347816467
v 269.989465624094 1078.6688303947449 576.0455337166786
v 359.2590156197548 1053.0142682790756 568.1925997138023
v 446.3475716114044 1024.5461976528168 561.0485976934433
v 531.327830851078 994.3897569179535 555.3656244277954
v 614.3924295902252 963.3713454008102 551.7531850934029
v 695.7855266332626 931.9689863920212 550.6448641419411
v 775.7202449440956 900.2752268314362 552.2582691907883
v 854.3026873469353 868.0098778009415 556.5759202837944
v 931.4561051130295 834.5760726928711 563.340000808239
v 1006.8682032823563 799.1355890035629 572.0547017455101
v 1079.9662202596664 760.7376292347908 582.0230162143707
v 1149.921310544014 718.4512200951576 592.3925542831421
v 1215.6952768564224 671.5057146549225 602.2245454788208
v 1276.111713051796 619.4117251038551 610.5681413412094
v 1329.9638396501541 562.0560139417648 616.5497517585754
v 1376.133958697319 499.74073469638824 619.4531571865082
v 1413.7171894311905 433.1759914755821 618.7974804639816
v 1442.1311384439468 363.41567784547806 614.3965575098991
v 1461.2043696641922 291.74263402819633 606.4014905691147
v 1471.2201297283173 219.51481819152832 595.311299264431
v 1472.9202210903168 147.99822762608528 581.9639003276825
v 1467.449963092804 78.19034736603498 567.487795650959
v 1400.3389585018158 10.681582200340927 615.8071339130402
v 1386.1753016710281 -52.18761624768376 602.5470328330994
v 1367.2458851337433 -112.88376040756702 590.0478959083557
v 1344.235943555832 -171.5005000680685 578.9464420080185
v 1317.640929222107 -228.2766079902649 569.6809950470924
v 1287.7615177631378 -283.51459443569183 562.4956119060516
v 1254.7297006845474 -337.51242130994797 557.466633617878
v 1218.5400760173798 -390.5092531442642 554.5299500226974
v 1179.093064069748 -442.65262484550476 553.5188135504723
v 1136.2373077869415 -493.98213386535645 554.196505844593
v 1089.8065692186356 -544.428217113018 556.2865582108498
v 1039.6473509073257 -593.8190817832947 559.4931364059448
v 985.6435614824295 -641.8945670127869 563.5189792513847
v 927.7277272939682 -688.3190882205963 568.0712082982063
v 865.8911848068237 -732.6970785856247 572.8676471114159
v 800.1915720105171 -774.5892459154129 577.6401337981224
v 730.7556822896004 -813.5297977924347 582.1376806497574
v 657.7811971306801 -849.0444821119308 586.1288183927536
v 581.5372976660728 -880.6699526309967 589.4071000814438
v 502.36288100481033 -907.980574965477 591.799102127552
v 420.6595019996166 -930.6085056066513 593.1700810790062
v 336.8828371167183 -948.2629555463791 593.4287130832672
v 251.5285424888134 -960.7489442825317 592.5325977802277
v 165.11832855641842 -967.9739248752594 590.4867804050446
v 78.18246737122536 -969.9605244398117 587.3513451218605
v -8.75866758171469 -966.8518441915512 583.2435044646263
v -95.23808229714632 -959.4803988933563 578.8055831193924
v -180.8954031765461 -948.2925134897232 574.3424865603447
v -265.33959344029427 -932.9932200908661 569.5371803641319
v -348.12991484999657 -913.3767342567444 564.1168141365051
v -428.79621773958206 -889.3642687797546 557.8775909543037
v -506.8659317493439 -861.0226857662201 550.6977626681328
v -581.8971911072731 -828.5817727446556 542.5582185387611
v -653.5119089484215 -792.4300128221512 533.5518622398376
v -721.4264819025993 -753.0961364507675 523.8879436254501
v -785.4776278138161 -711.214365363121 513.8893577456474
v -845.6375214457512 -667.4717688560486 503.97684663534164
v -902.0125204324722 -622.5509315729141 494.64805394411087
v -954.8364382982254 -577.066607773304 486.44893527030945
v -1004.4392538070679 -531.5071660280228 479.9378299713135
v -1051.2075644731522 -486.1841368675232 475.64494639635086
v -1095.5338793992996 -441.1990365386009 474.02945190668106
v -1137.7588284015656 -396.4328943192959 475.4406398534775
v -1178.1135749816895 -351.5573112666607 480.07904559373856
v -1216.6631466150284 -306.0733951628208 487.9643404483795
v -1253.2644420862198 -259.37113121151924 498.9121949672699
v -1287.5390177965164 -210.80991469323635 512.5234240293503
v -1318.8615703582764 -159.81187507510185 528.1815406680107
v -1346.386232972145 -105.95785014331341 545.0766062736511
v -1369.084694981575 -49.07708862796426 562.2326990962029
v -1385.8214217424393 10.681667402386665 578.5636156797409
v -1395.179364681244 72.78575386852026 592.630088031292
v -1396.1981964111328 136.31053268909454 603.4479895234108
v -1388.665915131569 200.19768297672272 610.7991009950638
v -1372.7129834890366 263.4149381518364 614.758540391922
v -1348.7762475013733 325.0683233141899 615.6682625412941
v -1317.5280994176865 384.48712795972824 614.0863010287285
v -1279.7946327924728 441.27425640821457 610.7272446155548
v -1236.4616686105728 495.3136172890663 606.3895654678345
v -1188.3856737613678 546.7415848374367 601.8815204501152
v -1136.3140565156937 595.8815637230873 597.9474091529846
v -1080.8371603488922 643.1590354442596 595.2116176486015
v -1022.3532021045685 689.0050363540649 594.1281661391258
v -961.0767316818237 733.7672799825668 594.9594068527222
v -897.0602399110794 777.6353958249092 597.7675643563271
v -830.240788757801 820.5927702784538 602.4268645048141
v -760.491635799408 862.3988628387451 608.649423122406
v -687.6852232217789 902.5962388515472 616.0219895839691
v -611.7402666807175 940.5462938547134 624.0465125441551
v -532.6659393310547 975.4788905382156 632.1800941228867
v -450.5906653404236 1006.5511178970337 639.8736190795898
v -365.77440172433853 1032.9118090867996 646.6021791100502
v -278.61228212714195 1053.757803440094 651.8902480602264
v -189.62549462914467 1068.3869469165802 655.3300282359123
v -99.43948913365602 1076.2403905391693 656.594649553299
v -8.758589546196163 1076.93714261055 655.4470878839493
v 81.67747121304274 1070.6811529397964 652.0614802837372
v 171.23015955090523 1058.4485471248627 647.1778455376625
v 259.42502349615097 1041.2455183267593 641.5240734815598
v 345.9561064839363 1020.1086330413818 635.8449223637581
v 430.6756952404976 996.0085129737854 630.8523818850517
v 513.5662588477135 969.7664612531662 627.180469930172
v 594.6976152062416 941.9850522279739 625.340538918972
v 674.1714844107628 912.9975771903992 625.6819331645966
v 752.0587545633316 882.8481692075729 628.3597809076309
v 828.3388370275497 851.2960839271545 633.3124181628227
v 902.8397351503372 817.8638076782227 640.257260799408
v 975.2044093608856 781.9066205620766 648.7023219466209
v 1044.8697298765182 742.7098828554153 657.9751074314117
v 1111.0779941082 699.6002340316772 667.2717940807343
v 1172.917696237564 652.0540907979012 675.721136033535
v 1229.3896758556366 599.7962585091591 682.4617230892181
v 1279.4915109872818 542.8643980622292 686.7167928814888
v 1322.3213785886765 481.6378703713417 687.8765854239464
v 1357.1744745969772 416.8194665014744 685.5637782812119
v 1383.6304646730423 349.3772855401039 679.6881687641144
v 1401.617900133133 280.44196978211403 670.4789328575134
v 1411.4466297626495 211.17891758680344 658.4940022230148
v 1413.8002574443817 142.64849469065666 644.6019726991653
v 1409.6834474802017 75.66349994391203 629.9315500259399
v 1338.6383825540543 10.681582200340927 677.1667233109474
v 1326.4522540569305 -49.74174739792943 664.4786193966866
v 1309.8072588443756 -108.35009425878525 652.7757123112679
v 1289.1581815481186 -165.21069712936878 642.5086587667465
v 1264.828936457634 -220.4781013727188 633.9709487557411
v 1237.0161348581314 -274.33993622660637 627.3086902499199
v 1205.8045774698257 -326.97030052542686 622.5384458899498
v 1171.1953854560852 -378.49601313471794 619.5743957161903
v 1133.1327044963837 -428.9751961827278 618.254531621933
v 1091.5328550338745 -478.38756680488586 618.3659854531288
v 1046.3080805540085 -526.6325515508652 619.6650061011314
v 997.3850977420807 -573.5349431633949 621.8922480940819
v 944.7202831506729 -618.8503280282021 624.7814351320267
v 888.3093559741974 -662.275125682354 628.0658322572708
v 828.1950733065605 -703.456934094429 631.4822208881378
v 764.4724282622337 -742.0032951235771 634.770949780941
v 697.2956317663193 -777.4993273615837 637.6842927932739
v 626.8792337179184 -809.5221483707428 639.9887931346893
v 553.5019451379776 -837.664113342762 641.4770865440369
v 477.50332564115524 -861.5502440929413 641.9716215133667
v 399.2811079323292 -880.8710485696793 641.3433623313904
v 319.2806741595268 -895.3983700275421 639.5158150792122
v 237.98160195350647 -905.0084728002548 636.4755767583847
v 155.8819554001093 -909.6934068202972 632.2779920697212
v 73.47794484347105 -909.5801693201065 627.0594862103462
v -8.758664396591485 -904.9295836687088 621.0399600863457
v -90.41399661451578 -896.3846880197525 614.7584384679794
v -171.15105383098125 -884.2679697275162 608.434567451477
v -250.62460452318192 -868.5053300857544 601.901293694973
v -328.4715637564659 -849.0715938806534 595.0159746408463
v -404.32254642248154 -826.0178759694099 587.6824960112572
v -477.8184235095978 -799.4816717505455 579.8624324798584
v -548.6305922269821 -769.6942976117134 571.5875333547592
v -616.4817175269127 -736.9831332564354 562.9733803868294
v -681.1629572510719 -701.7505744099617 554.2149031162262
v -742.550066113472 -664.4548201560974 545.5886721611023
v -800.612263083458 -625.5757284164429 537.4416875839233
v -855.4084092378616 -585.5753204226494 530.1734912395477
v -907.082217335701 -544.8582851886749 524.2170560359955
v -955.8379429578781 -503.7315157055855 520.0070875883102
v -1001.9138842821121 -462.3736336827278 517.9516893625259
v -1045.5458933115005 -420.8144009113312 518.39872777462
v -1086.9257909059525 -378.9285783469677 521.6019424796104
v -1126.162024140358 -336.44713774323463 527.6920509338379
v -1163.2379794120789 -292.98605516552925 536.6481077671051
v -1197.984870672226 -248.09192195534706 548.2812479138374
v -1230.0609469413757 -201.29992671310902 562.2232711315155
v -1258.9475172758102 -152.20414459705353 577.9286295175552
v -1283.9639335870743 -100.52477527409792 594.6863016486168
v -1304.302652478218 -46.17651795968413 611.6523572802544
v -1319.0809106826782 10.681662624701858 627.889911532402
v -1327.257758975029 69.60299402475357 642.2227621078491
v -1328.0924141407013 129.85173985362053 653.804481625557
v -1321.3400548696518 190.5701257288456 662.3512628674507
v -1307.0252448320389 250.89363276958466 667.836554646492
v -1285.4180824756622 310.03923028707504 670.4710847139359
v -1256.9909852743149 367.3771047592163 670.6686642765999
v -1222.3566180467606 422.47583761811256 668.9948183298111
v -1182.2014385461807 475.11779576539993 666.1096572875977
v -1137.2176122665405 525.2870535850525 662.7064168453217
v -1088.0412465333939 573.1306618452072 659.4497939944267
v -1035.2100920677185 618.8983342051506 656.9228446483612
v -979.1318446397781 662.8778529167175 655.5850419402122
v -920.0809854269028 705.3236711025238 655.742769241333
v -858.2073426246643 746.3976439833641 657.536783516407
v -793.5652416944504 786.1263227462769 660.945425927639
v -726.1461719870567 824.3752187490463 665.7972094416618
v -655.9254679083824 860.8450323343277 671.797217130661
v -582.8968611359596 895.0871962308884 678.5556918382645
v -507.11029440164566 926.5366441011429 685.6234547495842
v -428.69730055332184 954.5495223999023 692.5218710303307
v -347.8855776786804 978.4525215625763 698.7737837433815
v -265.00811129808426 997.5884360074997 703.9294534921646
v -180.5002822726965 1011.3630491495132 707.5878095626831
v -94.88578855991364 1019.2845779657364 709.4134202599525
v -8.758590342476964 1020.9972059726715 709.1515266895294
v 77.26338095963001 1016.8953788280487 707.1861782670021
v 162.67629459500313 1007.8866273164749 704.3275174498558
v 247.0906975865364 994.5863682031631 701.0861322283745
v 330.2257512509823 977.6588398218155 698.011494576931
v 411.9053564965725 957.7381110191345 695.6411004066467
v 492.03982025384903 935.3623402118683 694.4551134109497
v 570.5946922302246 910.9173095226288 694.8331493139267
v 647.5488486886024 884.5956552028656 697.0139139890671
v 722.8487795591354 856.3850444555283 701.0695695877075
v 796.3641241192818 826.0729148983955 706.884840130806
v 867.8431302309036 793.2856133580208 714.1537499427795
v 936.8924224376678 757.5457790493965 722.3945555090904
v 1002.9639047384262 718.3474615216255 730.9757360816002
v 1065.3706097602844 675.2446416020393 739.1662421822548
v 1123.3231365680695 627.9312416911125 746.1921653151512
v 1175.9829568862915 576.3122177124023 751.3047212362289
v 1222.534475326538 520.550597012043 753.8524630665779
v 1262.2650396823883 461.0793015360832 753.3486530184746
v 1294.6406704187393 398.58017697930336 749.5303273200989
v 1319.3712919950485 333.92992213368416 742.4019196629524
v 1336.456190943718 268.1136828660965 732.2602835297585
v 1346.2036871910095 202.11894929409027 719.6961191296577
v 1349.218189716339 136.8256690353155 705.574047267437
v 1346.3539230823517 72.89349384605885 690.9827175736427
v 1271.1748230457306 10.681582200340927 736.9135192036629
v 1260.6356835365295 -46.99305932968855 724.7603631019592
v 1245.8595657348633 -103.13046086579561 713.6890786886215
v 1227.1480625867844 -157.76238843798637 704.0064570307732
v 1204.715520143509 -210.97124755382538 695.8956554532051
v 1178.6946433782578 -262.85374492406845 689.4292438030243
v 1149.1484212875366 -313.49080815911293 684.583320915699
v 1116.0900020599365 -362.9259333014488 681.2588167190552
v 1079.5012432336807 -411.1517308652401 679.3015202879906
v 1039.3518733978271 -458.10393780469894 678.5199674963951
v 995.6140673160553 -503.66067856550217 678.6988440155983
v 948.2760018110275 -547.6447328925133 679.6089738607407
v 897.3512327671051 -589.8281478881836 681.0140463709831
v 842.8852692246437 -629.9374616146088 682.6726546883583
v 784.9631157517433 -667.6619589328766 684.3434429168701
v 723.712839782238 -702.6612648367882 685.7858195900917
v 659.3120437860489 -734.578492641449 686.7673981189728
v 591.9891902804375 -763.05379986763 687.0681247115135
v 522.0271182060242 -787.7445182204247 686.4927640557289
v 449.7625333070755 -808.3489528298378 684.8847100138664
v 375.5784147977829 -824.6230977773666 682.1315914392471
v 299.8992249369621 -836.4110094308853 678.1874915957451
v 223.17360743880272 -843.6542853713036 673.0727443099022
v 145.86196549236774 -846.4204502105713 666.8985995650291
v 68.41291096061468 -844.9049940705299 659.8676311969757
v -8.758660415187478 -839.4449284672737 652.2900447249413
v -85.29632538557053 -830.5145055055618 644.5901495218277
v -160.8951736986637 -818.3275106549263 636.8966755270958
v -235.25470331311226 -802.9433146119118 629.1600877046585
v -308.0770415067673 -784.4477373361588 621.3447126746178
v -379.07132282853127 -762.9613548517227 613.4367397427559
v -447.96393245458603 -738.6540234088898 605.4632806777954
v -514.5080870389938 -711.7369803786278 597.489464879036
v -578.4963458776474 -682.471609711647 589.6369385719299
v -639.7686883807182 -651.1519619822502 582.0766282081604
v -698.221865594387 -618.0959379673004 575.0341933965683
v -753.8143435120583 -583.6229163408279 568.781108558178
v -806.5606462955475 -548.0293428897858 563.6214637756348
v -856.5285533666611 -511.56416684389114 559.8777464032173
v -903.8216704130173 -474.4056022167206 557.8699466586113
v -948.5624080896378 -436.6433420777321 557.8941026329994
v -990.8651250600815 -398.2647478580475 560.195035636425
v -1030.8108508586884 -359.1546455025673 564.9427038431168
v -1068.418237566948 -319.1035048663616 572.2086068987846
v -1103.616448044777 -277.8293278813362 581.9427511096001
v -1136.2265038490295 -235.01034066081047 593.9617243409157
v -1165.9486466646194 -190.32627269625664 607.9392170906067
v -1192.3588728904724 -143.5081212222576 623.406583070755
v -1214.9215722084045 -94.38569873571396 639.7632864117622
v -1233.01327586174 -42.93593857437372 656.3008028268814
v -1245.9600627422333 10.681658643297851 672.2334516048431
v -1253.0205380916595 66.09747290611267 686.6441720724106
v -1253.6414587497711 122.73659504950047 698.8364160060883
v -1247.5691360235214 179.9168186634779 708.4808671474457
v -1234.7546464204788 236.92755550146103 715.464084148407
v -1215.3410911560059 293.09643879532814 719.8741802573204
v -1189.6371978521347 347.8469739854336 721.9797760248184
v -1158.0765509605408 400.73821261525154 722.1918287873268
v -1121.171522140503 451.48372292518616 721.0203149914742
v -1079.4635313749313 499.9511566758156 719.0249499678612
v -1033.4777927398682 546.1424759030342 716.7664682865143
v -983.687539100647 590.1559352874756 714.7614204883575
v -930.4866045713425 632.1437072753906 713.4437477588654
v -874.1803532838821 672.2608181834221 713.1376701593399
v -814.9855774641037 710.6203016638756 714.038932621479
v -753.0456331372261 747.2560474276543 716.2115943431854
v -688.449245095253 782.0995116233826 719.5924624800682
v -621.2627148628235 814.9670273065567 724.0059220790863
v -551.5530064702034 845.5650025606155 729.1836583614349
v -479.4165909290314 873.5054129362106 734.7897809743881
v -405.00130891799927 898.3311295509338 740.4470694065094
v -328.51913675665855 919.5485347509384 745.7626068592072
v -250.25739803910255 936.662991642952 750.3525477647781
v -170.57968094944954 949.2138040065765 753.8624516129494
v -89.9175887927413 956.8085646629333 755.9880244731903
v -8.758591138757765 959.1534268856049 756.4904075860977
v 72.39789504557848 956.751589179039 755.9274816513062
v 153.16811576485634 950.4012179374695 755.1307931542397
v 233.24124678969383 940.4108369350433 754.3951061367989
v 312.36597552895546 927.1378934383392 754.0646687150002
v 390.3507614135742 910.9348404407501 754.4883665442467
v 467.0520955324173 892.0951169729233 755.9740099310875
v 542.3540139198303 870.8162516355515 758.752558529377
v 616.138131916523 847.1684190630913 762.9406133294106
v 688.2522770762444 821.0885283350945 768.5192674398422
v 758.480778336525 792.3861855268478 775.3166261315346
v 826.5133282542229 760.7751372456551 783.0075520277023
v 891.935504078865 725.9187796711922 791.128545999527
v 954.2247927188873 687.4875417351723 799.1050118207932
v 1012.7649110555649 645.2221289277077 806.2933507561684
v 1066.8791860342026 598.9913141727448 812.0317706465721
v 1115.8739233016968 548.8413199782372 815.7002171874046
v 1159.0945672988892 495.0238984823227 816.7805090546608
v 1195.9865498542786 437.9982680082321 814.9120903015137
v 1226.152571439743 378.40840950608253 809.9416163563728
v 1249.3977534770966 317.03516229987144 801.9545504450798
v 1265.7609289884567 254.7254379093647 791.2923377752304
v 1275.5241215229034 192.30814553797245 778.5496535897255
v 1279.1964411735535 130.50985001027584 764.5496866106987
v 1277.4736207723618 69.86942958086729 750.2967953681946
v 1197.8754043579102 10.681582200340927 794.333493411541
v 1188.7107092142105 -43.92715847119689 782.635937333107
v 1175.482918024063 -97.21333008259535 771.9950267672539
v 1158.3982229232788 -149.16924454271793 762.614711523056
v 1137.6069617271423 -199.8166785389185 754.6047127246857
v 1113.2066756486893 -249.18194755911827 747.9878613352776
v 1085.2556651830673 -297.2774098813534 742.7184444665909
v 1053.7838959693909 -344.0872545540333 738.6954045295715
v 1018.8055354356766 -389.5587359368801 735.7754874229431
v 980.3319990634918 -433.598670065403 733.7881743907928
v 938.3821427822113 -476.07297599315643 732.5442436337471
v 892.9903149604797 -516.8083065748215 731.8423444032669
v 844.2138478159904 -555.59500426054 731.4741951227188
v 792.1369814872742 -592.1914583444595 731.2258064746857
v 736.8773871660233 -626.330016553402 730.8822718262672
v 678.5884094238281 -657.7234572172165 730.2285316586494
v 617.4644681811333 -686.0765066742897 729.0577313303947
v 553.7431481480598 -711.0999047756195 727.17947691679
v 487.7057084441185 -732.5237569212914 724.4270208477974
v 419.6765984594822 -750.1191419363022 720.6729072332382
v 350.01759722828865 -763.71676415205 715.8404383063316
v 279.12067875266075 -773.2264718413353 709.9185553193092
v 207.3943541944027 -778.6530554294586 702.9714193940163
v 135.24989940226078 -780.114848613739 695.1574203372002
v 63.080779016017914 -777.8502005338669 686.7357507348061
v -8.758656433783472 -772.2236931324005 678.0794522166252
v -79.96885646134615 -763.5654070973396 669.4930735230446
v -150.27992248535156 -751.9861847162247 661.0022485256195
v -219.4320049881935 -737.6167434453964 652.6444852352142
v -287.1784798800945 -720.5951392650604 644.4581070542336
v -353.2867822051048 -701.0716590285301 636.4895913004875
v -417.542871683836 -679.2148849368095 628.804831802845
v -479.7558957338333 -655.2083310484886 621.4901581406593
v -539.7629034519196 -629.250952899456 614.660030901432
v -597.4332028627396 -601.551898419857 608.4587743878365
v -652.6726672053337 -572.3229655623436 603.0616468191147
v -705.4243719577789 -541.7655050754547 598.6678075790405
v -755.6654351949692 -510.0597184896469 595.4965460300446
v -803.4046223759651 -477.3490637540817 593.7755092978477
v -848.6697587370872 -443.7272599339485 593.725311756134
v -891.4969253540039 -409.22855347394943 595.5451637506485
v -931.9141513109207 -373.8218320906162 599.3943724036217
v -969.9228125810623 -337.41062477231026 605.3732818365097
v -1005.4811203479767 -299.8405931890011 613.5063028335571
v -1038.4858256578445 -260.9157885611057 623.7263184785843
v -1068.7592750787735 -220.4198008775711 635.8607205748558
v -1096.0427856445312 -178.14575001597404 649.6294730901718
v -1119.9937909841537 -133.92975501716137 664.639710187912
v -1140.1973587274551 -87.68394470214844 680.4007190465927
v -1156.1783194541931 -39.428742080926895 696.3315841555595
v -1167.4289900064468 10.681653069332242 711.7895731329918
v -1173.4320044517517 62.342779599130154 726.0834378004074
v -1173.781807422638 115.10804660618305 738.6579984426498
v -1168.2408142089844 168.44087071716785 749.1685992479324
v -1156.7188221216202 221.76491662859917 757.4381983280182
v -1139.2731124162674 274.5136910676956 763.4584379196167
v -1116.090817451477 326.17335721850395 767.3693105578423
v -1087.4649685621262 376.3162676990032 769.4387233257294
v -1053.7657535076141 424.6210817992687 770.0318697094917
v -1015.4057604074478 470.8784732222557 769.5731610059738
v -972.8061389923096 514.9845814704895 768.5096356272697
v -926.3711196184158 556.9194039702415 767.2743174433708
v -876.4628380537033 596.721518933773 766.2539568543434
v -823.3919584751129 634.4539153575897 765.7634478807449
v -767.4118638038635 670.1723456382751 766.0278385877609
v -708.7239557504654 703.8969397544861 767.1728521585464
v -647.4872356653214 735.5912089347839 769.2238166928291
v -583.8379248976707 765.147317647934 772.1111181378365
v -517.9039379954338 792.3854210972786 775.6836032867432
v -449.82485979795456 817.0583537220955 779.72402125597
v -379.76812586188316 838.8653889298439 783.9692044258118
v -307.94003024697304 857.4732863903046 788.1303513050079
v -234.59530636668205 872.5391739606857 791.913615167141
v -160.040859952569 883.7360286712646 795.0395715236664
v -84.63062189519405 890.7792788743973 797.2612076997757
v -8.758591935038567 893.4477496147156 798.3798229694366
v 67.17981599271297 892.2866320610046 799.0807029604912
v 142.8985396027565 887.9688280820847 800.1791882514954
v 218.1526556611061 880.581584572792 801.7771518230438
v 292.72000819444656 870.2547526359558 804.0274286270142
v 366.4034762978554 857.1227699518204 807.095288336277
v 439.0240305662155 841.2902104854584 811.1206725239754
v 510.40799260139465 822.8069150447845 816.1867001652718
v 580.3681790828705 801.648778617382 822.2909250855446
v 648.6832112073898 777.7157118916512 829.3266838788986
v 715.0802385807037 750.8381643891335 837.0715275406837
v 779.2161852121353 720.8050516247749 845.191196501255
v 840.6746917963028 687.3929563164711 853.2500678300858
v 898.9675426483154 650.410618185997 860.7377064228058
v 953.5503619909286 609.7424045205116 867.1056085824966
v 1003.849623799324 565.3862258791924 871.8092966079712
v 1049.2973059415817 517.4851325154305 874.3577009439468
v 1089.3724751472473 466.34194046258926 874.3606567382812
v 1123.6467450857162 412.41459399461746 871.5734446048737
v 1151.82463824749 356.2927486002445 865.9342986345291
v 1173.7732458114624 298.6583009362221 857.5853008031845
v 1189.5440393686295 240.22999316453934 846.8860387802124
v 1199.3724632263184 181.69788859784603 834.4012221693993
v 1203.6636650562286 123.66215363144875 820.8785140514374
v 1202.956109046936 66.57054651528597 807.2003209590912
v 1118.657466173172 10.681582200340927 848.3842697739601
v 1110.66051363945 -40.528609715402126 837.0612841844559
v 1098.76211643219 -90.58608245104551 826.666978597641
v 1083.1111854314804 -139.44473214447498 817.339052259922
v 1063.8229966163635 -187.07650423049927 809.142175912857
v 1040.9820449352264 -233.4553125500679 802.0762985944748
v 1014.6499943733215 -278.5443753004074 796.0883688926697
v 984.8750549554825 -322.2872266173363 791.0834446549416
v 951.6988116502762 -364.60237830877304 786.9357007741928
v 915.1663148403168 -405.3807972371578 783.4973984956741
v 875.331380367279 -444.48526829481125 780.6050518155098
v 832.2631126642227 -481.75263673067093 778.0858486890793
v 786.050695180893 -516.9950312376022 775.7596385478973
v 736.8068048357964 -550.0043231248856 773.4423977136612
v 684.6719437837601 -580.5573499202728 770.9506630897522
v 629.8166307806969 -608.4211644530296 768.1025514006615
v 572.4445098638535 -633.3629214763641 764.7265246510506
v 512.7937263250351 -655.1614969968796 760.6689324975014
v 451.1369776725769 -673.6196172237396 755.8033892512321
v 387.77899101376534 -688.5782808065414 750.0403547286987
v 323.0526754260063 -699.9367359280586 743.3459901809692
v 257.31076419353485 -707.6638448238373 735.7500064373016
v 190.9141445159912 -711.8107733130455 727.3560091853142
v 124.22023817896843 -712.5294390320778 718.3639732003212
v 57.56424754858017 -710.0707787275314 709.0702423453331
v -8.758652452379465 -704.7890290617943 699.8790469765663
v -74.5009745657444 -696.8905860185623 690.971964597702
v -139.4266151636839 -686.395171880722 682.2642454504967
v -203.31014715135098 -673.4582206606865 673.8486403226852
v -265.94362020492554 -658.2322105765343 665.8100518584251
v -327.1349586546421 -640.8666130900383 658.2285413146019
v -386.70950308442116 -621.5141612291336 651.1920180916786
v -444.5114117860794 -600.3246322274208 644.7923666238785
v -500.4039028286934 -577.4455609917641 639.1313070058823
v -554.2722353339195 -553.0231574177742 634.3265613913536
v -606.02314889431 -527.1935918927193 630.5072674155235
v -655.5858573317528 -500.08019238710403 627.8142330050468
v -702.9081246256828 -471.7866665124893 626.3962671160698
v -747.955347597599 -442.389712035656 626.4032489061356
v -790.7021471858025 -411.932824999094 627.9765468835831
v -831.1252847313881 -380.4213818907738 631.2390303611755
v -869.1938263177872 -347.820932418108 636.2822270393372
v -904.8582369089127 -314.0581677854061 643.1536334753036
v -938.039168715477 -279.0267813205719 651.8436178565025
v -968.6162495613098 -242.5990878045559 662.273698747158
v -996.4215087890625 -204.6407387405634 674.28895175457
v -1021.2341791391373 -165.02971842885017 687.6518431305885
v -1042.779779434204 -123.68014320731163 702.0432490110397
v -1060.7379627227783 -80.56249335408211 717.0661756396294
v -1074.7503644227982 -35.726606491953135 732.2562575340271
v -1084.4393563270569 10.681648291647434 747.0988297462463
v -1089.4429045915604 58.41042649000883 761.0774946212769
v -1089.4666528701782 107.11029142141342 773.757189810276
v -1084.305937886238 156.35966017842293 784.8070192337036
v -1073.8589376211166 205.69570250809193 794.0204340219498
v -1058.1313598155975 254.64795023202896 801.3192075490952
v -1037.2291034460068 302.7706007659435 806.7467084527016
v -1011.3446009159088 349.66848224401474 810.4533764719963
v -980.7384717464447 395.0148519873619 812.6780194044113
v -945.7182204723358 438.56099009513855 813.7209561467171
v -906.6143864393234 480.13673454523087 813.917975127697
v -863.7627071142197 519.6405181288719 813.6131206154823
v -817.4832236766815 557.0261183381081 813.1318867206573
v -768.0716174840927 592.2816100716591 812.7601191401482
v -715.790801346302 625.4087769985199 812.7266371250153
v -660.87158203125 656.4023700356483 813.1923276185989
v -603.5143929719925 685.2347168326378 814.2448961734772
v -543.9014741778374 711.8410447239876 815.8991727232933
v -482.203089594841 736.1161682009697 818.1031250953674
v -418.59121039509773 757.9134696722031 820.7478475570679
v -353.25006410479546 777.0500466227531 823.6798426508904
v -286.38326928019524 793.3193501830101 826.7162588238716
v -218.22285577654839 806.5035179257393 829.6612492203712
v -149.0324116498232 816.3901913166046 832.3200371861458
v -79.10484082996845 822.7899447083473 834.5150202512741
v -8.75859352760017 825.5512681603432 836.0988673567772
v 61.69408466666937 825.2066123485565 837.8335109353065
v 132.03896395862103 822.3067742586136 840.4927065968513
v 202.08102084696293 816.7993140220642 844.0255942940712
v 271.623637676239 808.6622160673141 848.4246826171875
v 340.4709930717945 797.8821283578873 853.6979725956917
v 408.42488318681717 784.4344362616539 859.8384314775467
v 475.27715384960175 768.2682287693024 866.8001425266266
v 540.7996228337288 749.2988580465317 874.4788885116577
v 604.7315177321434 727.4069201946259 882.6948755979538
v 666.771959066391 702.4474284052849 891.1902362108231
v 726.5687996149063 674.2692294716835 899.630252122879
v 783.7220388650894 642.7377328276634 907.6161968708038
v 837.7879509329796 607.7639079093933 914.707453250885
v 888.2929462194443 569.3328228592873 920.4495424032211
v 934.7567081451416 527.5271889567375 924.4102048873901
v 976.717164516449 482.5452482700348 926.2157875299454
v 1013.7607079744339 434.70612466335297 925.5877321958542
v 1045.555168390274 384.4417208433151 922.3762106895447
v 1071.876415014267 332.2754417359829 916.5857076644897
v 1092.6271104812622 278.7905725836754 908.3883726596832
v 1107.848533987999 224.58795502781868 898.1294220685959
v 1117.718033194542 170.2382357418537 886.3124620914459
v 1122.5369971990585 116.23982280492783 873.5826712846756
v 1122.6992601156235 62.973663322627544 860.6766539812088
v 1033.5234546661377 10.681582200340927 897.7573996782303
v 1026.5519589185715 -36.788529753685 886.7599081993103
v 1015.8564680814743 -83.24789620935917 876.4899498224258
v 1001.5532773733139 -128.61707143485546 867.0462888479233
v 983.7397241592407 -172.82976664602757 858.4729564189911
v 962.496532201767 -215.82162961363792 850.7622572779655
v 937.8940290212631 -257.52268955111504 843.8678160309792
v 909.9970382452011 -297.85108879208565 837.710590660572
v 878.8694661855698 -336.7091077566147 832.1853956580162
v 844.5815894007683 -373.98223489522934 827.170737683773
v 807.2132143378258 -409.5381984114647 822.5316694378853
v 766.8578052520752 -443.22890281677246 818.1243252754211
v 723.6268669366837 -474.892136156559 813.8012212514877
v 677.6515755057335 -504.3549335002899 809.4115608930588
v 629.0857341885567 -531.437501013279 804.8064842820168
v 578.1078118085861 -555.9593313932419 799.8431450128555
v 524.9222677946091 -577.7463385462761 794.3906217813492
v 469.760265648365 -596.6405913233757 788.3389386534691
v 412.87765994668007 -612.5085183978081 781.6046199202538
v 354.5541809499264 -625.2546679973602 774.1439402103424
v 295.08703887462616 -634.8317983746529 765.9621486067772
v 234.7859551012516 -641.2548923492432 757.1292668581009
v 173.96155558526516 -644.6065592765808 747.784064412117
v 112.91609577834606 -645.0472274422646 738.1484806537628
v 51.92878995090723 -642.8175902366638 728.5357788205147
v -8.75864926725626 -638.2363638281822 719.3544700741768
v -68.9433104172349 -631.4038413763046 710.6582173705101
v -128.41926254332066 -622.2694686055183 702.2586652636528
v -186.98891334235668 -610.9821054339409 694.2735868692398
v -244.47219505906105 -597.6841396093369 686.8090850114822
v -300.7042966783047 -582.5106713175774 679.9632614850998
v -355.53514793515205 -565.588952600956 673.8284084200859
v -408.82908806204796 -547.0369604229927 668.4925881028175
v -460.4642924666405 -526.9644159078598 664.045187830925
v -510.33267080783844 -505.4711025953293 660.5771237611771
v -558.3388987183571 -482.6451846957207 658.1814014911652
v -604.4008255004883 -458.56055706739426 656.9529631733894
v -648.4454736113548 -433.275927901268 656.9873115420341
v -690.4091915488243 -406.8303595483303 658.3759233355522
v -730.2319970726967 -379.2416122555733 661.2014588713646
v -767.8532963991165 -350.50436049699783 665.5300158262253
v -803.2059216499329 -320.5898107588291 671.4033830165863
v -836.2101683020592 -289.44870829582214 678.831345140934
v -866.7671191692352 -257.0147006213665 687.7821019291878
v -894.7513568401337 -223.21259334683418 698.1715661287308
v -920.0088232755661 -187.96909041702747 709.8642298579216
v -942.3521822690964 -151.2236362695694 722.6611375808716
v -961.5618896484375 -112.94513136148453 736.303351521492
v -977.3915952444077 -73.14475547522306 750.4781180620193
v -989.5723217725754 -31.89041543751955 764.8180523514748
v -997.8256130218506 10.681641921401024 778.9186182618141
v -1001.8926841020584 54.36103284358978 792.3861855268478
v -1001.558883190155 98.8693393394351 804.8769646883011
v -996.6607242822647 143.87321278452873 816.0988926887512
v -987.1045392751694 189.00207683444023 825.8432802557945
v -972.8744280338287 233.87116223573685 833.9986735582352
v -954.0270602703094 278.10289174318314 840.5430570244789
v -930.6864774227142 321.3467489182949 845.5397254228592
v -903.035836815834 363.29423546791077 849.1299453377724
v -871.3011038303375 403.68791699409485 851.5096655488014
v -835.7380056381226 442.3268759250641 852.9173371195793
v -796.6186791658401 479.06194657087326 853.6104199290276
v -754.2165863513947 513.7925809621811 853.8491258025169
v -708.7985640764236 546.4530891180038 853.8762885332108
v -660.6171798706055 577.0013764500618 853.9050820469856
v -609.9077251553535 605.405387878418 854.1065856814384
v -556.8868392705917 631.6318452358246 854.6038216352463
v -501.7588287591934 655.6350356340408 855.4686462879181
v -444.716839492321 677.3518681526184 856.7230242490768
v -385.95083221793175 696.6983065009117 858.3436149358749
v -325.6541311740875 713.5706430673599 860.2691620588303
v -264.02737364172935 727.8504931926727 862.4099725484848
v -201.28512226045132 739.4103500247002 864.658414721489
v -137.65893548727036 748.1237259507179 866.9002318382263
v -73.39616999030113 753.8742238283157 869.0243268013
v -8.75859432388097 756.565015912056 870.9335660934448
v 56.00249882787466 756.6790688037872 873.4175544977188
v 120.71992792189121 754.6563881635666 877.1934288740158
v 185.23235611617565 750.373595058918 882.1055513620377
v 249.36339765787125 743.7255039811134 888.0313074588776
v 312.9233466088772 734.6150323748589 894.8591923713684
v 375.7081639766693 722.9441294074059 902.4708724021912
v 437.495935857296 708.6084759235382 910.7238578796387
v 498.0416116118431 691.4939680695534 919.4370299577713
v 557.072035074234 671.4811000227928 928.3824867010117
v 614.2833709716797 648.4523025155067 937.2842180728912
v 669.3360596895218 622.3061612248421 945.8204501867294
v 721.8614932894707 592.9729601740837 953.6357742547989
v 771.467162668705 560.4334357380867 960.3582698106766
v 817.7489393949509 524.7361037135124 965.6224375963211
v 860.3087085485458 486.01025462150574 969.0946805477142
v 898.7721544504166 444.4738018512726 970.4994982481003
v 932.8104704618454 400.4350398480892 969.647923707962
v 962.1620178222656 354.2813050746918 966.4573985338211
v 986.6497546434402 306.46264269948006 960.9715461730957
v 1006.1912244558334 257.46660590171814 953.362210392952
v 1020.8066082000732 207.7887998521328 943.9350610971451
v 1030.6138318777084 157.89922133088112 933.1141018867493
v 1035.8156222105026 108.21299381554127 921.4166986942291
v 1036.6827911138535 59.06211543828249 909.428608417511
v 942.6495963335037 10.681582200340927 941.0158574581146
v 936.6148835420609 -32.711919229477644 930.3501284122467
v 927.0711332559586 -75.22248141467571 920.172513127327
v 914.1141539812088 -116.74578599631786 910.562002658844
v 897.8314983844757 -157.1884037554264 901.5541684627533
v 878.3046036958694 -196.46107479929924 893.1490105390549
v 855.610728263855 -234.47307407855988 885.3127920627594
v 829.8279458284378 -271.12841472029686 877.987722158432
v 801.0364705324173 -306.32344007492065 871.0950136184692
v 769.3238040804863 -339.9455751478672 864.5414060354233
v 734.7869780659676 -371.8733011186123 858.223140835762
v 697.535305917263 -401.9774803519249 852.0292228460312
v 657.6929819583893 -430.1227578520775 845.8462107181549
v 615.4005083441734 -456.17079734802246 839.5604082942009
v 570.8163768053055 -479.983135163784 833.0610242486
v 524.1181898117065 -501.4266076683998 826.2467461824417
v 475.50322115421295 -520.378600358963 819.0298175811768
v 425.18760055303574 -536.7344373464584 811.3435292243958
v 373.40511605143547 -550.413598716259 803.1485894322395
v 320.404818803072 -561.368944644928 794.4431126117706
v 266.44587591290474 -569.5940539240837 785.2698558568954
v 211.7930730432272 -575.1313269138336 775.7282969355583
v 156.70762851834297 -578.0761134624481 765.97815066576
v 101.4400777593255 -578.5811975598335 756.2493574619293
v 46.219182685017586 -576.858224272728 746.8490141630173
v -8.758645285852253 -573.1738775968552 738.1635144352913
v -63.32618001848459 -567.5442105531693 730.1224288344383
v -117.30311885476112 -559.8732617497444 722.4524992704391
v -170.51428399980068 -550.2877226471901 715.2745565772057
v -222.79980137944221 -538.9076596498489 708.6982709169388
v -274.0127603709698 -525.8447813987732 702.8222027420998
v -324.0182264149189 -511.2015214562416 697.736299932003
v -372.6922854781151 -495.0689998269081 693.5202670097351
v -419.9206553399563 -477.5279912352562 690.2486103773117
v -465.5980995297432 -458.6486193537712 687.9914537072182
v -509.6267965435982 -438.48918467760086 686.8141302466393
v -551.9168749451637 -417.09654673933983 686.7789155244827
v -592.3822090029716 -394.5052067935467 687.9432946443558
v -630.9422278404236 -370.73651790618896 690.3583824634552
v -667.5168192386627 -345.79881235957146 694.0657639503479
v -702.0244440436363 -319.6869684755802 699.0931624174118
v -734.3789765238762 -292.383378893137 705.4486298561096
v -764.4861879944801 -263.860804438591 713.1171834468842
v -792.2398737072945 -234.08461645245552 722.0525497198105
v -817.518438398838 -203.0194728076458 732.1730875968933
v -840.1832145452499 -170.6353186815977 743.3580681681633
v -860.0769335031509 -136.9148524850607 755.443342924118
v -877.0248466730118 -101.86471201479435 768.2235860824585
v -890.8363562822342 -65.52179373800755 781.4494407176971
v -901.3112837076187 -27.96445168554783 794.8378130793571
v -908.2458829879761 10.681636347435415 808.0749303102493
v -911.4481294155121 50.238808169960976 820.8440637588501
v -910.7588177919388 90.48033636063337 832.865432202816
v -906.0568624734879 131.1394851654768 843.8990557193756
v -897.2694897651672 171.92035026848316 853.7620317935944
v -884.3748879432678 212.51111447811127 862.3317968845367
v -867.4058765172958 252.59968668222427 869.5549428462982
v -846.4451667666435 291.8866015970707 875.44105052948
v -821.6218453645706 330.0962568819523 880.0598359107971
v -793.1027618050575 366.9854110479355 883.5301423072815
v -761.0835590958595 402.3491205275059 886.0094422101974
v -725.7813861966133 436.0203319787979 887.6819121837616
v -687.4228709936142 467.8696784377098 888.7427365779877
v -646.2390241026878 497.7996441721916 889.3874055147171
v -602.4583080410957 525.7378631830215 889.7988724708557
v -556.3030189275742 551.6293984651566 890.1390945911407
v -507.98566818237305 575.4300659894943 890.5421018600464
v -457.71275371313095 597.0970067381859 891.1091047525406
v -405.68195700645447 616.5856289863586 891.9074749946594
v -352.0875705778599 633.8447159528732 892.9717648029327
v -297.12276577949524 648.8155594468117 894.3068665266037
v -240.98158031702042 661.4324694871902 895.8927011489868
v -183.86367045342922 671.6250675916672 897.6906394958496
v -125.97640044987202 679.3221089243889 899.6497195959091
v -67.53421828150749 684.4558650255203 901.7138832807541
v -8.758595916442573 686.9667613506317 903.826664686203
v 50.14077007770538 687.2655004262924 906.7595261335373
v 109.02331463992596 685.6961265206337 911.1648827791214
v 167.7477879077196 682.1159461140633 916.8325674533844
v 226.1527168750763 676.390215754509 923.5712689161301
v 284.05782356858253 668.3907660841942 931.1973202228546
v 341.26340076327324 657.9927912354469 939.5217543840408
v 397.54985332489014 645.0762248039246 948.3429658412933
v 452.67551958560944 629.5259946584702 957.436518073082
v 506.3753208518028 611.2372720241547 966.5526974201202
v 558.3624941110611 590.1221984624863 975.416818857193
v 608.3262732625008 566.1195176839828 983.7322837114334
v 655.9400430321693 539.2051246762276 991.1915874481201
v 700.8662313222885 509.40317541360855 997.4884486198425
v 742.7665016055107 476.79571866989136 1002.3345243930817
v 781.3145443797112 441.5284037590027 1005.477756857872
v 816.2086138129234 403.81392046809196 1006.7202097177505
v 847.1853893995285 363.9298841357231 1005.935395359993
v 874.034805893898 322.20894902944565 1003.0828499794006
v 896.6098380088806 279.02576208114624 998.2173067331314
v 914.8327177762985 234.7795084118843 991.4906322956085
v 928.6978393793106 189.8731315881014 983.1492787599564
v 938.2678860425949 144.6907702088356 973.5213392972946
v 943.6661857366562 99.58047542721033 963.0011576414108
v 945.0612187385559 54.8341191932559 952.0192605257034
v 846.4508235454559 10.681582200340927 976.7882055044174
v 841.3035115599632 -28.323115669190884 966.5293568372726
v 832.9104316234589 -66.56794108450413 956.514208316803
v 821.3536325097084 -103.93409293144941 946.8148201704025
v 806.7127168178558 -140.31243614852428 937.4660503864288
v 789.068153500557 -175.59972815215588 928.4780913591385
v 768.5020422935486 -209.69546556472778 919.8376929759979
v 745.0984194874763 -242.49831050634384 911.508264541626
v 718.9476406574249 -273.90596956014633 903.4403729438782
v 690.1462787389755 -303.81307885050774 895.5704176425934
v 658.8004365563393 -332.1122105419636 887.8274595737457
v 625.0265622138977 -358.6947137117386 880.1362788677216
v 588.95292699337 -383.45122396945953 872.41819024086
v 550.720848441124 -406.2752562761307 864.5977699756622
v 510.4853528738022 -427.0646573603153 856.6038751602173
v 468.41558307409286 -445.7264471054077 848.3764216303825
v 424.69426319003105 -462.17911183834076 839.8679637908936
v 379.5172145962715 -476.3597899675369 831.0530206561089
v 333.0914703011513 -488.22679460048676 821.931337416172
v 285.63265040516853 -497.7656015753746 812.5337460637093
v 237.36147120594978 -504.99481201171875 802.9330712556839
v 188.49910765886307 -509.9676811695099 793.2440283894539
v 139.2613200098276 -512.7772656083107 783.634078502655
v 89.85277153551579 -513.5558116436005 774.3248552083969
v 40.45939380303025 -512.4744495749474 765.5960887670517
v -8.758641304448247 -509.73814845085144 757.7849945425987
v -57.66104981303215 -505.30985891819 750.7250288128853
v -106.08907721936703 -499.069259762764 744.0767848491669
v -153.88619542121887 -491.11654222011566 737.9539078474045
v -200.90802915394306 -481.54568016529083 732.457047700882
v -247.02052295207977 -470.4442772269249 727.677273452282
v -292.0986798405647 -457.8908658027649 723.6932703852654
v -336.0260899364948 -443.9554676413536 720.5754679441452
v -378.6931340396404 -428.6983707547188 718.384459912777
v -419.99618098139763 -412.17084288597107 717.1739602088928
v -459.8367467522621 -394.4147238135338 716.9898346066475
v -498.12070459127426 -375.46296045184135 717.8721901774406
v -534.756093621254 -355.3400145471096 719.8533368110657
v -569.6539852023125 -334.0617862343788 722.9589083790779
v -602.7251449227333 -311.63625106215477 727.2033780813217
v -633.8791662454605 -288.06442826986313 732.5897526741028
v -663.0230435729027 -263.3420115709305 739.1071262955666
v -690.058827996254 -237.46041387319565 746.7247688770294
v -714.881996512413 -210.4099778831005 755.3898328542709
v -737.3801270127296 -182.18449898064137 765.0266906619072
v -757.4310636520386 -152.78376057744026 775.5281183123589
v -774.9051082134247 -122.22021013498306 786.7624300718307
v -789.6620643138885 -90.52397891879082 798.5634389519691
v -801.5559768676758 -57.74802915751934 810.7371327280998
v -810.4390051960945 -23.97462621331215 823.0684518814087
v -816.1621874570847 10.681631569750607 835.3147155046463
v -818.5799252986908 46.069580633193254 847.2079145908356
v -817.5729677081108 82.0017422363162 858.5135221481323
v -813.0569216609001 118.26252892613411 869.0450173616409
v -804.9818953871727 154.61561411619186 878.6570566892624
v -793.3324983716011 190.8114306628704 887.2400718927383
v -778.1305423378944 226.59669756889343 894.7291374206543
v -759.4360095262527 261.7240709066391 901.1088627576828
v -737.3422622680664 295.958259254694 906.4035058021545
v -711.9743102788925 329.08430501818657 910.6794190406799
v -683.4818798303604 360.9116104245186 914.0344494581223
v -652.0353877544403 391.27536445856094 916.5914154052734
v -617.8189086914062 420.0392183661461 918.490360379219
v -581.0253846645355 447.0917183160782 919.878768324852
v -541.8520894646645 472.3440885543823 920.9029000997543
v -500.49701035022736 495.7261034846306 921.7021876573563
v -457.1551787853241 517.1820616722107 922.4018955230713
v -412.0202247798443 536.6648742556572 923.1092476844788
v -365.28093695640564 554.1335168480873 923.9103698730469
v -317.12355583906174 569.5490545034409 924.8696780204773
v -267.7326911687851 582.8726541996002 926.0300821065903
v -217.29144930839539 594.064616560936 927.4144130945206
v -165.98443999886513 603.0840700864792 929.0283787250519
v -113.99940714240074 609.8895826935768 930.8634173870087
v -61.526445262134075 614.4414040446281 932.8997558355331
v -8.758596712723374 616.7021790146828 935.1102823019028
v 44.12190327420831 616.999389231205 938.2091778516769
v 96.98725003749132 615.5962023139 942.7787339687347
v 149.70668949186802 612.3630219697952 948.596858382225
v 202.1301481872797 607.1725451946259 955.4487973451614
v 254.0885916352272 599.9013420939445 963.1209182739258
v 305.3945307433605 590.4322510957718 971.397448182106
v 355.8418370783329 578.6564174294472 980.0540524721146
v 405.20627796649933 564.4770133495331 988.8556945323944
v 453.2456821203232 547.8138756752014 997.5563299655914
v 499.7034305334091 528.6090096831322 1005.9009450674057
v 544.3077939748764 506.8334689736366 1013.6285126209259
v 586.779602766037 482.4932160973549 1020.4810631275177
v 626.8369352817535 455.6360533833504 1026.2122464179993
v 664.2018958926201 426.3560566306114 1030.598441362381
v 698.610705435276 394.79525685310364 1033.451292514801
v 729.8209887742996 361.1448633670807 1034.6278005838394
v 757.621151804924 325.64149260520935 1034.0422475337982
v 781.8394017219543 288.5600334405899 1031.6736370325089
v 802.349199950695 250.2029451727867 1027.568038702011
v 819.0733391046524 210.89037090539932 1021.8429708480835
v 831.9835352897644 170.9447342902422 1014.6764945983887
v 841.0999694466591 130.6780245155096 1006.304258108139
v 846.4838978648186 90.3806483745575 997.002067565918
v 848.2284790277481 50.30859740450978 987.0633620023727
v 745.6003949046135 10.681582200340927 1003.9880365133286
v 741.3109767436981 -23.667249083518982 994.2755001783371
v 734.0926212072372 -57.379688769578934 984.5946621894836
v 724.0127000212669 -90.33276323229074 975.0060653686523
v 711.1440888047218 -122.41289734840393 965.5529254674911
v 695.5620583891869 -153.512771576643 956.2542003393173
v 677.3474344611168 -183.5304556041956 947.1146804094315
v 656.5851706266403 -212.366713732481 938.1207078695297
v 633.367049396038 -239.92529153823853 929.2492479085922
v 607.7920389175415 -266.1118711531162 920.468602180481
v 579.9663439393044 -290.834134966135 911.7389184236526
v 550.0055971741676 -314.00289952754974 903.018713593483
v 518.0343496799469 -335.53252324461937 894.2653834819794
v 484.1870391368866 -355.3430213034153 885.4386681318283
v 448.6081427335739 -373.36192578077316 876.5053403377533
v 411.45184591412544 -389.52668085694313 867.442467212677
v 372.88153275847435 -403.7866558134556 858.2385313510895
v 333.068460971117 -416.10709458589554 848.9012789726257
v 292.1903859078884 -426.47107779979706 839.4596564769745
v 250.4296240210533 -434.8830646276474 829.970435500145
v 207.96937085688114 -441.37026876211166 820.5186715722084
v 164.9914587289095 -445.9857416152954 811.2261638045311
v 121.67142614722252 -448.807353079319 802.2498750686646
v 78.17530084401369 -449.93906557559967 793.7880983948708
v 34.65441757813096 -449.507417678833 786.0774502158165
v -8.75863732304424 -447.6583135128021 779.3934819102287
v -51.94347018375993 -444.32708233594894 773.5026347637177
v -94.76006537675858 -439.39299523830414 768.0359950661659
v -137.06845186650753 -432.92918264865875 763.0896261334419
v -178.73782619833946 -425.0050038099289 758.7494498491287
v -219.64482218027115 -415.68538427352905 755.091960132122
v -259.67295348644257 -405.02936348319054 752.1842229366302
v -298.7121167778969 -393.0898654460907 750.0840801000595
v -336.6572794318199 -379.9130107462406 748.8403531908989
v -373.40768963098526 -365.5382949113846 748.4935569763184
v -408.86606097221375 -349.99886870384216 749.0762561559677
v -442.9387253522873 -333.32194581627846 750.614033639431
v -475.5327281355858 -315.5290322005749 753.12324821949
v -506.5578666329384 -296.6369453072548 756.6140413284302
v -535.9232756495476 -276.6579160094261 761.084731221199
v -563.5385996103287 -255.6019328534603 766.5264505147934
v -589.3117502331734 -233.4765127301216 772.9160115122795
v -613.1484478712082 -210.28894320130348 780.216059088707
v -634.9523234367371 -186.04858852922916 788.3755293488503
v -654.6225741505623 -160.76896637678146 797.3231264948845
v -672.0549318194389 -134.47051249444485 806.9679343700409
v -687.1433955430984 -107.18421176075935 817.204155921936
v -699.7773268818855 -78.95456671714783 827.8999525308609
v -709.8468008637428 -49.842680767178535 838.9095729589462
v -717.241535782814 -19.929486298933625 850.0647407770157
v -721.8568047881126 10.681625199504197 861.1898410320282
v -723.5803896188736 41.86246287077665 872.046269774437
v -722.3216289281845 73.45713961869478 882.4264079332352
v -718.0284395813942 105.29137585312128 892.2035640478134
v -710.6690722703934 137.17668235301971 901.264500617981
v -700.2380740642548 168.91559422016144 909.5259457826614
v -686.7549633979797 200.30669063329697 916.9283759593964
v -670.2663704752922 231.15119442343712 923.4483486413956
v -650.843234360218 261.2562909722328 929.0874946117401
v -628.5804462432861 290.440606623888 933.8770025968552
v -603.5930272936821 318.53874430060387 937.8749692440033
v -576.0141921043396 345.40135994553566 941.1589586734772
v -545.9897428750992 370.8989082276821 943.8223332166672
v -513.6771011352539 394.9204194545746 945.9704822301865
v -479.2400076985359 417.37232744693756 947.71164894104
v -442.8471976518631 438.17729741334915 949.1555035114288
v -404.6683233976364 457.27193266153336 950.4054987430573
v -364.8753561079502 474.6032837033272 951.557748913765
v -323.63861069083214 490.1273703575134 952.6963412761688
v -281.1278159916401 503.806174993515 953.8916033506393
v -237.51219123601913 515.6059098243713 955.1997971534729
v -192.95937582850456 525.4955390095711 956.661896109581
v -147.63765893876553 533.4455555677414 958.304808139801
v -101.71666111797094 539.4278794527054 960.1414775848389
v -55.366550758481026 543.4152460098267 962.1723121404648
v -8.758598305284977 545.3824290633202 964.3863040208817
v 37.944375928491354 545.5730268359184 967.4100816249847
v 84.6202065423131 544.1817140579224 971.7497992515564
v 131.14405900239944 541.1085033416748 977.2038513422012
v 177.37566366791725 536.2532544136047 983.5690015554428
v 223.1593380868435 529.5185789465904 990.6392616033554
v 268.3244360983372 520.8132040500641 998.2050758600235
v 312.6859147846699 510.0553357601166 1006.0523021221161
v 356.04520082473755 497.1762263774872 1013.962619304657
v 398.1915155053139 482.12460815906525 1021.7147505283356
v 438.90549302101135 464.8701077699661 1029.0874189138412
v 477.9586708545685 445.4085972905159 1035.8622014522552
v 515.1211595535278 423.7650226056576 1041.8313771486282
v 550.1632225513458 399.99676689505577 1046.8003731966019
v 582.8622069954872 374.1966573894024 1050.598976612091
v 613.0076399445534 346.49148747324944 1053.0854111909866
v 640.4068851470947 317.0433162152767 1054.1552048921585
v 664.8900863528252 286.04511111974716 1053.7450629472733
v 686.3155692815781 253.71572837233543 1051.8365371227264
v 704.5742243528366 220.29341518878937 1048.4598988294601
v 719.5901182293892 186.02904461324215 1043.6914891004562
v 731.320239007473 151.1765219271183 1037.6448512077332
v 739.7555154561996 115.98575189709663 1030.4721575975418
v 744.9148035049438 80.69587357342243 1022.3466789722443
v 746.8426948785782 45.527507700026035 1013.457790017128
v 641.0047709941864 10.681582200340927 1022.0228666067123
v 637.5481733679771 -18.80838663317263 1013.0536615848541
v 631.526557803154 -47.78618048876524 1003.9534842967987
v 622.9953709244728 -76.13505743443966 994.7807371616364
v 612.0154103636742 -103.74570563435555 985.5736416578293
v 598.6551180481911 -130.5159654468298 976.3652211427689
v 582.9874715209007 -156.3490728288889 967.1705603599548
v 565.0927358865738 -181.15381859242916 957.998628616333
v 545.0571897625923 -204.84356738626957 948.8491201400757
v 522.9736858606339 -227.33628317713737 939.7155117988586
v 498.941752910614 -248.55442732572556 930.5860823392868
v 473.06886970996857 -268.4263090789318 921.4507412910461
v 445.4687324166298 -286.88560143113136 912.2972577810287
v 416.26288533210754 -303.8732139766216 903.1178855895996
v 385.5795232951641 -319.33831214904785 893.9111977815628
v 353.5529565811157 -333.2386739552021 884.681271314621
v 320.3236873447895 -345.5439005792141 875.446452498436
v 286.0366004705429 -356.2354673445225 866.2376242876053
v 250.83989337086678 -365.30901700258255 857.10289478302
v 214.88354712724686 -372.77476742863655 848.1096357107162
v 178.31681661307812 -378.65876019001007 839.3462660908699
v 141.28680355846882 -383.0033192038536 830.9252589941025
v 103.93513765186071 -385.8665665984154 822.9841098189354
v 66.39626931399107 -387.3206390440464 815.6841132044792
v 28.79443109035492 -387.45064303278923 809.2115861177444
v -8.758633341640234 -386.35093465447426 803.7741476297379
v -46.15754099562764 -383.9518743753433 799.1092926263809
v -83.27956907451153 -380.15069738030434 794.8585546016693
v -120.00091820955276 -374.9965310096741 791.0953697562218
v -156.20414972305298 -368.5378910601139 787.8882819414139
v -191.77695617079735 -360.8205668628216 785.2966618537903
v -226.61196067929268 -351.88772320747375 783.3737137913704
v -260.60662776231766 -341.77918687462807 782.1653544902802
v -293.66186186671257 -330.53035095334053 781.7076650261879
v -325.68228766322136 -318.1736782193184 782.0320889353752
v -356.57502695918083 -304.73742708563805 783.1608965992928
v -386.2501063942909 -290.2464924752712 785.109121799469
v -414.61839348077774 -274.72299188375473 787.8839501738548
v -441.59338027238846 -258.18705528974533 791.4871144294739
v -467.0889410376549 -240.6569780409336 795.9102058410645
v -491.01935774087906 -222.15006172657013 801.1356425285339
v -513.2995748519897 -202.68460169434547 807.1383002400398
v -533.8437724113464 -182.27964498102665 813.8789892196655
v -552.5666910409927 -160.95761485397816 821.3103148341179
v -569.3824088573456 -138.74586515128613 829.3726006150246
v -584.2046472430229 -115.67749567329884 837.9914930462837
v -596.9474333524704 -91.79349895566702 847.0788788795471
v -607.5267308950424 -67.1459199115634 856.5390515327454
v -615.8591660857201 -41.797317545861006 866.2565821409225
v -621.8667671084404 -15.824529770761728 876.1146658658981
v -625.475791990757 10.681619625538588 885.9817188978195
v -626.6026630997658 37.61342251673341 895.649408698082
v -625.1811808347702 64.84280828386545 904.9376356601715
v -621.1797487735748 92.22968246787786 913.7577259540558
v -614.5839956402779 119.62586358189583 922.0386385917664
v -605.394940674305 146.8767075240612 929.7150403261185
v -593.633274435997 173.8256909698248 936.746569275856
v -579.3367597460747 200.31662821769714 943.1064194440842
v -562.5614547729492 226.19656965136528 948.7882715463638
v -543.3808466792107 251.31942003965378 953.8060891628265
v -521.8838641047478 275.5483974516392 958.1912648677826
v -498.1732973456383 298.75627532601357 961.987931728363
v -472.363657951355 320.8292046189308 965.2560210227966
v -444.57944601774216 341.6653633117676 968.0632102489471
v -414.952984303236 361.17561891674995 970.4834961891174
v -383.6227874457836 379.2831462621689 972.5955641269684
v -350.7304023206234 395.9224082529545 974.4757550954819
v -316.42173305153847 411.0370409488678 976.1978620290756
v -280.8434736728668 424.57952231168747 977.8300720453262
v -244.14384707808495 436.5095669031143 979.4334375858307
v -206.47166222333908 446.7919600009918 981.0588186979294
v -167.97563888132572 455.3964811563492 982.7475965023041
v -128.80527399480343 462.2961714863777 984.5298385620117
v -89.11147233098745 467.4665182828903 986.4239931106567
v -49.04533613473177 470.885913670063 988.4378063678741
v -8.758599101565778 472.5346353650093 990.5668956041336
v 31.602751035243273 472.57999151945114 993.3293402194977
v 71.92104388028383 471.1584582924843 997.1475130319595
v 112.07721076905727 468.20358127355576 1001.860374212265
v 151.94153755903244 463.64839643239975 1007.2983223199844
v 191.3737577944994 457.4288445711136 1013.2885962724686
v 230.22335529327393 449.48601365089417 1019.6520137786865
v 268.3300419151783 439.7693493962288 1026.2067425251007
v 305.52527368068695 428.2406812906265 1032.7714598178864
v 341.6328750550747 414.87567499279976 1039.163110256195
v 376.47256806492805 399.66724678874016 1045.2031230926514
v 409.8597174882889 382.62918189167976 1050.719654560089
v 441.6105544567108 363.79672050476074 1055.551460981369
v 471.5438836812973 343.2286727428436 1059.5502430200577
v 499.4851604104042 321.0088200867176 1062.58828997612
v 525.2702870965004 297.2444884479046 1064.5593971014023
v 548.7481614947319 272.06621691584587 1065.3834521770477
v 569.7841420769691 245.62605053186417 1065.0102066993713
v 588.2634624838829 218.09310659766197 1063.418562412262
v 604.0927094221115 189.64961238205433 1060.6165713071823
v 617.2012495994568 160.48768177628517 1056.6433721780777
v 627.5415354967117 130.80372221767902 1051.5632790327072
v 635.0875255465508 100.79320471733809 1045.457729101181
v 639.8352956771851 70.64876552671194 1038.4297674894333
v 641.7976373434067 40.55341545492411 1030.5818277597427
v 533.7307387590408 10.681582200340927 1030.9551751613617
v 531.0710844397545 -13.823090717196465 1022.962401509285
v 526.2492156028748 -37.937945164740086 1014.7447836399078
v 519.3067681789398 -61.56006742268801 1006.3494104146957
v 510.2930223941803 -84.59257241338491 997.8159302473068
v 499.264495074749 -106.9446650147438 989.1799145936966
v 486.2836655974388 -128.53099666535854 980.4675579071045
v 471.4191287755966 -149.2714997380972 971.6980218887329
v 454.7462064027786 -169.09189715981483 962.8901624679565
v 436.345978975296 -187.9232246428728 954.0577393770218
v 416.3051837682724 -205.70160135626793 945.2100276947021
v 394.71644416451454 -222.36973330378532 936.3592582941055
v 371.67804032564163 -237.87636548280716 927.5189870595932
v 347.2929409146309 -252.176753282547 918.702871799469
v 321.6691343486309 -265.234000235796 909.9318069219589
v 294.91858407855034 -277.01872676610947 901.2312734127045
v 267.1569228172302 -287.510497123003 892.6357215642929
v 238.50222945213318 -296.69809967279434 884.1896921396255
v 209.07406076788902 -304.5794704556465 875.9464913606644
v 178.99273797869682 -311.1627633869648 867.9738986492157
v 148.37743565440178 -316.4660954475403 860.3525358438492
v 117.3454300314188 -320.5168332159519 853.176274895668
v 86.0101943090558 -323.351414501667 846.5534099936485
v 54.480595998466015 -325.01374304294586 840.6048738956451
v 22.859210399910808 -325.5537360906601 835.4631677269936
v -8.758628563955426 -325.0256681442261 831.2715965509415
v -40.2802943252027 -323.37121322751045 827.7789178490639
v -71.60011723637581 -320.51530435681343 824.672683775425
v -102.61104371398687 -316.4885441958904 822.0038563013077
v -133.21021020412445 -311.32275849580765 819.8222252726555
v -163.2980179041624 -305.04905954003334 818.1707516312599
v -192.77821876108646 -297.6979225873947 817.0876058936119
v -221.5579855442047 -289.2987272143364 816.6053527593613
v -249.5472939312458 -279.87952798604965 816.7507472634315
v -276.6586294770241 -269.466799646616 817.5439193844795
v -302.80703857541084 -258.0860486626625 819.0007692575455
v -327.90998831391335 -245.76125264167786 821.1293998360634
v -351.8859140574932 -232.51544639468193 823.9302188158035
v -374.65618148446083 -218.37194502353668 827.40179926157
v -396.14274233579636 -203.35314631462097 831.5301266312599
v -416.26963779330254 -187.48328268527985 836.2998104095459
v -434.9616479873657 -170.78696876764297 841.6829234361649
v -452.14500546455383 -153.29167306423187 847.6463404297829
v -467.7480322122574 -135.02792179584503 854.1509735584259
v -481.6997891664505 -116.03027991950512 861.1465233564377
v -493.93122285604477 -96.33812829852104 868.5734152793884
v -504.37633752822876 -75.997046045959 876.3682526350021
v -512.9718893766403 -55.06000176072121 884.4589751958847
v -519.6575394272804 -33.58699679374695 892.76271879673
v -524.378707408905 -11.647155485115945 901.1963135004044
v -527.0864188671112 10.681613255292177 909.6705758571625
v -527.721608877182 33.31083387136459 918.0098909139633
v -526.238462626934 56.137796491384506 926.0599458217621
v -522.6207232475281 79.05258569866419 933.766924738884
v -516.8634983897209 101.9406071305275 941.0839426517487
v -508.9735659956932 124.68359716236591 947.9681915044785
v -498.970750272274 147.1621710062027 954.3901133537292
v -486.8875139951706 169.25738342106342 960.3317695856094
v -472.7684488892555 190.8517161011696 965.7833755016327
v -456.67053043842316 211.8313454836607 970.7474792003632
v -438.66209864616394 232.08828315138817 975.2401846647263
v -418.82267966866493 251.51992991566658 979.2855459451675
v -397.2398006916046 270.0315347313881 982.9146498441696
v -374.0105952322483 287.5365386903286 986.1697947978973
v -349.2385670542717 303.95597621798515 989.0940946340561
v -323.03376853466034 319.21992748975754 991.7376959323883
v -295.5099977552891 333.26616793870926 994.1493183374405
v -266.786225438118 346.03978604078293 996.3776814937592
v -236.98376655578613 357.4931578338146 998.4699761867523
v -206.22634403407574 367.5848512351513 1000.4685008525848
v -174.63985942304134 376.2789125740528 1002.4103558063507
v -142.35099144279957 383.54443341493607 1004.3260163068771
v -109.48810055851936 389.3546077609062 1006.2386190891266
v -76.18124172091484 393.6863498389721 1008.162739276886
v -42.56100179627538 396.5204979479313 1010.1056134700775
v -8.75860069412738 397.8406423330307 1012.0637762546539
v 25.097963428124785 397.7503886818886 1014.435750246048
v 58.898763209581375 396.33785024285316 1017.5536036491394
v 92.53351137042046 393.5658757388592 1021.3031816482544
v 125.88579006493092 389.39756870269775 1025.5601370334625
v 158.83308671414852 383.7991413474083 1030.1949244737625
v 191.24711729586124 376.74144342541695 1035.0734120607376
v 222.99437418580055 368.20238292217255 1040.0587159395218
v 253.93690332770348 358.1688116490841 1045.0131368637085
v 283.93324702978134 346.63848727941513 1049.800402522087
v 312.84089013934135 333.6214493215084 1054.2881137132645
v 340.5158141255379 319.1421850025654 1058.3489674329758
v 366.8164721131325 303.2402662932873 1061.8664646148682
v 391.6042220592499 285.97057923674583 1064.731342792511
v 414.74661380052567 267.40487828850746 1066.8517684936523
v 436.11863762140274 247.62959495186806 1068.1474256515503
v 455.6054252386093 226.74665316939354 1068.5586887598038
v 473.1028613448143 204.8714818060398 1068.041832447052
v 488.5203865170479 182.13073410093784 1066.5711718797684
v 501.782169342041 158.6602619290352 1064.1416108608246
v 512.8272593021393 134.6032302081585 1060.7647687196732
v 521.6099435091019 110.10667696595192 1056.4663302898407
v 528.0998486280441 85.3192200511694 1051.283905506134
v 532.2821447253227 60.38983404636383 1045.269169807434
v 534.1551500558853 35.46338791027665 1038.474206328392
v 424.89925771951675 10.681582200340927 1031.6018825769424
v 422.9806414246559 -8.79146559163928 1024.8330116271973
v 419.32727962732315 -27.98987852409482 1017.8122866153717
v 413.96878123283386 -46.83008613064885 1010.5784386396408
v 406.94194078445435 -65.23289669305086 1003.1681603193283
v 398.28892931342125 -83.12330693006516 995.6110095977783
v 388.0590270459652 -100.431202724576 987.9400098323822
v 376.3062536716461 -117.09083676338196 980.180743932724
v 363.090667873621 -133.0414368957281 972.3605275154114
v 348.477144241333 -148.22698317468166 964.503618478775
v 332.53527134656906 -162.59633526206017 956.6333574056625
v 315.33932626247406 -176.10388219356537 948.7752252817154
v 296.9677649438381 -188.70932579040527 940.9560281038284
v 277.5024577975273 -200.3777316212654 933.2024699449539
v 257.02886804938316 -211.0802934318781 925.546452999115
v 235.6352363526821 -220.79416751861572 918.0237525701523
v 213.41185458004475 -229.50234532356262 910.6735074520111
v 190.45087471604347 -237.19454526901245 903.5415834188461
v 166.84513673186302 -243.8660278916359 896.6777193546295
v 142.68806666135788 -249.51870426535606 890.1409292221069
v 118.0723388493061 -254.16014224290848 883.994711637497
v 93.08964662253857 -257.8031077980995 878.3095979690552
v 67.82952379435301 -260.4649789631367 873.1608080863953
v 42.3793064430356 -262.1671597659588 868.6290657520294
v 16.82309296913445 -262.93416291475296 864.8002928495407
v -8.75862458255142 -262.79200449585915 861.760920882225
v -34.286010302603245 -261.70149475336075 859.3053692579269
v -59.67110462486744 -259.6170736849308 857.1937090158463
v -84.8248952999711 -256.55665442347527 855.4591673612595
v -109.66075971722603 -252.53922030329704 854.1308945417404
v -134.09419655799866 -247.58513063192368 853.2372763752937
v -158.0427047610283 -241.71563655138016 852.8031313419342
v -181.42623580992222 -234.95209112763405 852.8485384583473
v -204.1668051481247 -227.31643348932266 853.3906719088554
v -226.18833929300308 -218.8304753601551 854.4402846693993
v -247.4170070886612 -209.51680563390255 856.0067027807236
v -267.78107956051826 -199.39800046384335 858.0921685695648
v -287.21043303608894 -188.4977062046528 860.6969368457794
v -305.6370587646961 -176.83967113494873 863.8129556179047
v -322.9947826266289 -164.44900676608086 867.4282997846603
v -339.2195963859558 -151.35262101888657 871.5288019180298
v -354.2492499947548 -137.57878504693508 876.0913252830505
v -368.0235828459263 -123.15819069743156 881.0884523391724
v -380.4853391647339 -108.1244346499443 886.4903193712234
v -391.5791742503643 -92.51426048576832 892.2595202922821
v -401.25262275338173 -76.36799186468124 898.3528393507004
v -409.45709243416786 -59.73013769835234 904.7262454032898
v -416.1463862657547 -42.649809401482344 911.3259226083755
v -421.27983659505844 -25.18091518431902 918.1017243862152
v -424.82062339782715 -7.382406899705529 924.9958598613739
v -426.7373286187649 10.681607681326568 931.9494169950485
v -426.99267357587814 28.94083846360445 938.8279581069946
v -425.55847629904747 47.31621874496341 945.5114167928696
v -422.42724537849426 65.72457779198885 951.9651389122009
v -417.59966880083084 84.08009883016348 958.1574261188507
v -411.0857605934143 102.29548718780279 964.065957069397
v -402.9031026363373 120.28241939842701 969.667187333107
v -393.0786283314228 137.95329183340073 974.9488860368729
v -381.6476033627987 155.22116973996162 979.901574254036
v -368.65395694971085 172.0012141764164 984.5233154296875
v -354.14933905005455 188.2118859887123 988.8194096088409
v -338.1936299800873 203.77453811466694 992.7993357181549
v -320.85287645459175 218.61526295542717 996.4768534898758
v -302.20036178827286 232.6648923754692 999.872755408287
v -282.31487318873405 245.8590741455555 1003.0090570449829
v -261.280370503664 258.1386923789978 1005.9100162982941
v -239.1850434243679 269.4504663348198 1008.6025410890579
v -216.12171918153763 279.7456508874893 1011.1123162508011
v -192.18607887625694 288.98123413324356 1013.4658420085907
v -167.47670844197273 297.11889266967773 1015.6855416297913
v -142.09489479660988 304.1249915957451 1017.7924114465714
v -116.14331357181072 309.9705335497856 1019.8032689094543
v -89.72680628299713 314.63072553277016 1021.7311602830887
v -62.95204907655716 318.08477506041527 1023.5838317871094
v -35.92658445239067 320.315762758255 1025.3633219003677
v -8.758601490408182 321.3108207285404 1027.066776752472
v 18.445029370486736 321.12519174814224 1028.971735239029
v 45.58754727244377 319.8092007637024 1031.3168013095856
v 72.57242068648338 317.34625965356827 1034.0305262804031
v 99.30035021156073 313.7219461798668 1037.0348364114761
v 125.66934183239937 308.9246155321598 1040.2449309825897
v 151.57490439713 302.94680178165436 1043.5724419355392
v 176.9106611609459 295.7864409685135 1046.9269627332687
v 201.56868740916252 287.4477119743824 1050.2161502838135
v 225.44034495949745 277.94261634349823 1053.3500057458878
v 248.41772183775902 267.290697991848 1056.239447593689
v 270.39316087961197 255.52131101489067 1058.79998087883
v 291.26183331012726 242.6724475622177 1060.9512895345688
v 310.92235028743744 228.7925724685192 1062.6221287250519
v 329.2777056992054 213.93965497612953 1063.7484902143478
v 346.2367795407772 198.18055719137192 1064.2739081382751
v 361.71540811657906 181.59167110919952 1064.1542494297028
v 375.6368426978588 164.2576827853918 1063.3550637960434
v 387.9331509768963 146.27000525593758 1061.8509721755981
v 398.54638919234276 127.72615425288677 1059.6291321516037
v 407.42821991443634 108.72862704098225 1056.6868937015533
v 414.54037070274353 89.38309963792562 1053.0281299352646
v 419.8557807505131 69.79735661298037 1048.6689448356628
v 423.35686817765236 50.08023044094443 1043.6267673969269
v 425.0368805229664 30.339394211769104 1037.9276901483536
v 315.55948197841644 10.681582200340927 1025.556977391243
v 314.3003645539284 -3.7862797756679356 1020.2478611469269
v 311.7457938194275 -18.081379076465964 1014.7195065021515
v 307.9150079190731 -32.14214846491814 1009.0043252706528
v 302.83198446035385 -45.90954730287194 1003.1282061338425
v 296.52579724788666 -59.3273788690567 997.1182608604431
v 289.03048887848854 -72.34255034476519 991.0016012191772
v 280.3845866024494 -84.90521773695946 984.8058485984802
v 270.6309239566326 -96.96889098733664 978.5572993755341
v 259.8161566257477 -108.4905581921339 972.2822499275208
v 247.99094080924988 -119.43095952272415 966.0086274147034
v 235.20929619669914 -129.75473374128342 959.7653782367706
v 221.52817279100418 -139.4300550967455 953.5804295539856
v 207.00731076300144 -148.42907287180424 947.482727766037
v 191.7091003060341 -156.7281024903059 941.5051943063736
v 175.69780446588993 -164.30720508098602 935.680342912674
v 159.0396101027727 -171.15068435668945 930.0454777479172
v 141.80165961384773 -177.246258482337 924.6358644962311
v 124.05235670506954 -182.58576080203056 919.4928842782974
v 105.86046818643808 -187.16434992849827 914.6573066711426
v 87.29485642164946 -190.98064988851547 910.1736724376678
v 68.42424362897873 -194.03585828840733 906.0845857858658
v 49.31681055575609 -196.33479103446007 902.4400913715363
v 30.039897076785564 -197.88313038647175 899.2835068702698
v 10.659787198528647 -198.6894379556179 896.6634500026703
v -8.758619804866612 -198.76287415623665 894.6233403682709
v -28.15029725432396 -198.08334723114967 893.0252748727798
v -47.44629917666316 -196.62933848798275 891.7129021883011
v -66.57710786908865 -194.41053070127964 890.7050782442093
v -85.47448206692934 -191.43768958747387 890.015053153038
v -104.07144818454981 -187.7241162210703 889.660969376564
v -122.30210602283478 -183.2833919674158 889.6523058414459
v -140.10231994092464 -178.13117489218712 890.0005799531937
v -157.4093621224165 -172.28406585752964 890.7137417793274
v -174.1621546447277 -165.75999073684216 891.7980086803436
v -190.30102103948593 -158.57751242816448 893.2532787322998
v -205.76865456998348 -150.75711764395237 895.0822019577026
v -220.5087549984455 -142.32000656425953 897.2789686918259
v -234.46754470467567 -133.2888063043356 899.837361574173
v -247.59292781352997 -123.68774928152561 902.7473920583725
v -259.83498707413673 -113.54268595576286 905.9965234994888
v -271.1462514102459 -102.88128230720758 909.570180773735
v -281.48118630051613 -91.73293065279722 913.4481829404831
v -290.7970856130123 -80.12911912053823 917.6079028844833
v -299.0537913143635 -68.103864826262 922.02487885952
v -306.2143050134182 -55.69351639598608 926.6722029447556
v -312.244686037302 -42.93678900226951 931.5200114250183
v -317.11435720324516 -29.87540138885379 936.5365040302277
v -320.79666540026665 -16.553453179076314 941.68896317482
v -323.26911091804504 -3.0179456435143948 946.9453847408295
v -324.51276138424873 10.681602107360959 952.2667318582535
v -324.5075887441635 24.49246035888791 957.5652480125427
v -323.23876306414604 38.35732715204358 962.7546036243439
v -320.70439875125885 52.21688752993941 967.8139042854309
v -316.908114105463 66.01058274507523 972.7242940664291
v -311.85936257243156 79.67702273279428 977.4692612886429
v -305.57348370552063 93.15468046814203 982.0345366001129
v -298.0712954699993 106.38230603188276 986.4086025953293
v -289.3796293437481 119.2992228269577 990.5841207504272
v -279.53092262148857 131.84595823287964 994.5560967922211
v -268.5627852380276 143.96468952298164 998.3217787742615
v -256.5183565020561 155.59923112392426 1001.8813705444336
v -243.44559162855148 166.69626407325268 1005.2389490604401
v -229.39718529582024 177.20500476658344 1008.3998143672943
v -214.43006202578545 187.07747250795364 1011.371101140976
v -198.60537618398666 196.2690118700266 1014.1613709926605
v -181.9872124493122 204.73819077014923 1016.7782682180405
v -164.64397452771664 212.44714446365833 1019.233004450798
v -146.64627023041248 219.36126977205276 1021.5335297584534
v -128.0675994604826 225.44987484812737 1023.6887115240097
v -108.98381911218166 230.68550392985344 1025.7057863473892
v -89.47239138185978 235.0447654724121 1027.5914812088013
v -69.61261946707964 238.50712180137634 1029.3473249673843
v -49.48567941784859 241.05631604790688 1030.9770888090134
v -29.17349260300398 242.67914906144142 1032.4779188632965
v -8.758603082969785 243.36644768714905 1033.847165107727
v 11.676635392941535 243.141221255064 1035.2513712644577
v 32.05448750406504 242.02726900577545 1036.839753985405
v 52.297601737082005 240.0201317667961 1038.5746014118195
v 72.32782870531082 237.11812779307365 1040.4150420427322
v 92.06630475819111 233.32217440009117 1042.3138850927353
v 111.43384136259556 228.63693460822105 1044.2234301567078
v 130.35107798874378 223.07074069976807 1046.0928171873093
v 148.73894713819027 216.63612931966782 1047.8701668977737
v 166.5189291536808 209.35046575963497 1049.502682685852
v 183.61435174942017 201.2361478060484 1050.9418487548828
v 199.94933255016804 192.3207076638937 1052.136703133583
v 215.4510086774826 182.63723239302635 1053.041889667511
v 230.04914179444313 172.22409635782242 1053.6147022247314
v 243.67706090211868 161.1252924799919 1053.8161039352417
v 256.2723885476589 149.3896423280239 1053.6122560501099
v 267.77713000774384 137.07098722457886 1052.9728871583939
v 278.138437718153 124.22806084156036 1051.8750643730164
v 287.30935022234917 110.92343173921108 1050.3009510040283
v 295.2489450573921 97.222949154675 1048.238520026207
v 301.92251712083817 83.19553278386593 1045.6801271438599
v 307.3020628094673 68.91230005770922 1042.624141573906
v 311.3664838671684 54.44574438035488 1039.0742325782776
v 314.1012816131115 39.869620464742184 1035.0381463766098
v 315.49899011850357 25.2571383677423 1030.5257695913315
v 206.56018316745758 10.681582200340927 1015.1529890298843
v 205.8533151447773 1.1381003604037687 1011.5004426240921
v 204.29094851016998 -8.315193322487175 1007.7083623409271
v 201.88303358852863 -17.6387345418334 1003.7925463914871
v 198.64290967583656 -26.79421193897724 999.7703218460083
v 194.58787836134434 -35.744850877672434 995.6644177436829
v 189.73790399730206 -44.455401599407196 991.492874622345
v 184.11616154015064 -52.89228653535247 987.2738349437714
v 177.7490620315075 -61.02401755750179 983.0306392908096
v 170.665360763669 -68.82081057876348 978.7817358970642
v 162.8967560827732 -76.25514931976795 974.5500576496124
v 154.47721414268017 -83.30166108906269 970.357518196106
v 145.44284150004387 -89.93702441453934 966.2258273363113
v 135.83185963332653 -96.14026207476854 962.1783256530762
v 125.68422272801399 -101.89268376678228 958.2389652729034
v 115.04135012626648 -107.17753574252129 954.4286406040192
v 103.94625373184681 -111.9805359095335 950.7727307081223
v 92.44302839040756 -116.28963813185692 947.2959011793137
v 80.57666715234518 -120.0946245342493 944.021492600441
v 68.3930230513215 -123.38749408721924 940.9743744134903
v 55.938356816768646 -126.16188928484917 938.1764602661133
v 43.25953435152769 -128.41372042894363 935.6541484594345
v 30.4034024477005 -130.14005720615387 933.4280276298523
v 17.41705633699894 -131.33954912424088 931.5183806419373
v 4.34747897554189 -132.01261661946774 929.9479365348816
v -8.758616619743407 -132.16053374111652 928.7333089113235
v -21.854275362566113 -131.7762040346861 927.8044760227203
v -34.89132385700941 -130.85344836115837 927.0850968360901
v -47.821420691907406 -129.39705714583397 926.5839368104935
v -60.59686705470085 -127.4128782749176 926.3042575120926
v -73.1705804541707 -124.90864522755146 926.2531936168671
v -85.49625556915998 -121.89365856349468 926.4368605613708
v -97.52847254276276 -118.37798327207565 926.8548506498337
v -109.2229326814413 -114.37356993556023 927.5114446878433
v -120.53638838231564 -109.89351578056812 928.4068465232849
v -131.42683424055576 -104.95226215571165 929.5402407646179
v -141.85378096997738 -99.56541616469622 930.9090793132782
v -151.77778400480747 -93.74989718198776 932.507654428482
v -161.16148822009563 -87.524204403162 934.3330103158951
v -169.96900364756584 -80.90794544667006 936.3781142234802
v -178.1660583615303 -73.92196375876665 938.6327737569809
v -185.72049535810947 -66.58865712583065 941.0880196094513
v -192.60213240981102 -58.9317037537694 943.7321305274963
v -198.78283850848675 -50.976020861417055 946.5507352352142
v -204.23694156110287 -42.74824244901538 949.5318067073822
v -208.94088439643383 -34.276126865297556 952.6581197977066
v -212.87398919463158 -25.588827542960644 955.9143859148026
v -216.01808801293373 -16.717055439949036 959.2855203151703
v -218.35759922862053 -7.692462718114257 962.7506285905838
v -219.880011677742 1.4518300193594769 966.2915682792664
v -220.57597383856773 10.681595737114549 969.8924392461777
v -220.43672025203705 19.96139645576477 973.5021775960922
v -219.4568234682083 29.253993406891823 977.0723694562912
v -217.63717532157898 38.521434254944324 980.5917012691498
v -214.98203113675117 47.725287303328514 984.0482479333878
v -211.4990097284317 56.82673864066601 987.4275362491608
v -207.19960302114487 65.78716546297073 990.7210046052933
v -202.0986919105053 74.5682443678379 993.921212553978
v -196.2145335227251 83.13190039247274 997.0183753967285
v -189.5690542459488 91.44090581685305 1000.0081104040146
v -182.18725092709064 99.45891838520765 1002.8839963674545
v -174.09762404859066 107.15043671429157 1005.6415486335754
v -165.3315407037735 114.48162205517292 1008.2783210277557
v -155.92345118522644 121.41985237598419 1010.791357755661
v -145.9105832129717 127.93421924114227 1013.1786203384399
v -135.332967415452 133.99576351046562 1015.4412299394608
v -124.23263467848301 139.57739889621735 1017.5773519277573
v -112.65440605580807 144.65386100113392 1019.5863747596741
v -100.6448607891798 149.20234434306622 1021.4684003591537
v -88.25249556452036 153.20214562118053 1023.2229191064835
v -75.52763532847166 156.63512237370014 1024.8506444692612
v -62.52162426710129 159.48518335819244 1026.3486206531525
v -49.28736727684736 161.7390912026167 1027.7167457342148
v -35.8789318241179 163.38602922856808 1028.95389854908
v -22.35098099336028 164.41748678684235 1030.055594444275
v -8.758604675531387 164.82798546552658 1031.019693017006
v 4.842846456449479 164.62352603673935 1031.9237583875656
v 18.39949325658381 163.81203308701515 1032.8394430875778
v 31.857729703187943 162.39416912198067 1033.75115275383
v 45.16401506960392 160.3731320053339 1034.6439045667648
v 58.264949172735214 157.75419630110264 1035.497619509697
v 71.10753793269396 154.54490438103676 1036.2906897068024
v 83.6394752562046 150.75586907565594 1037.0042592287064
v 95.8091876283288 146.3998181372881 1037.6147836446762
v 107.56612077355385 141.49237141013145 1038.0996358394623
v 118.86142127215862 136.05179876089096 1038.4370040893555
v 129.64729316532612 130.09936407208443 1038.605484366417
v 139.87824015319347 123.65898124873638 1038.5856091976166
v 149.51062604784966 116.75708681344986 1038.356586098671
v 158.50328631699085 109.42290745675564 1037.9000687599182
v 166.81792303919792 101.68817974627018 1037.2019916772842
v 174.41900297999382 93.58690168708563 1036.2478816509247
v 181.27401240170002 85.1554473862052 1035.0263231992722
v 187.35404312610626 76.43206380307674 1033.5300797224045
v 192.6336396485567 67.45641846209764 1031.751099228859
v 197.09110490977764 58.269937075674534 1029.6874451637268
v 200.70855125784874 48.91502318903804 1027.337486743927
v 203.47195141017437 39.43481611087918 1024.7017335891724
v 205.37154614925385 29.873353354632854 1021.7873203754425
v 206.401589512825 20.274320477619767 1018.6018913984299
v 98.4245241433382 10.681582200340927 1003.3727216720581
v 98.14170431345701 5.956330094486475 1001.5172982215881
v 97.43552427738905 1.2628902029246092 999.6087723970413
v 96.30960870534182 -3.379807888995856 997.653157711029
v 94.76939141750336 -7.9532176069915295 995.6596273183823
v 92.82198797911406 -12.439266163855791 993.6381697654724
v 90.4759918525815 -16.820382429286838 991.5970408916473
v 87.74171009659767 -21.079640658572316 989.5472484827042
v 84.63081300258636 -25.200747353956103 987.4976599216461
v 81.15641690790653 -29.168097004294395 985.4574483633041
v 77.33319886028767 -32.96703167259693 983.4405773878098
v 73.17682966589928 -36.5834747068584 981.453366279602
v 68.70443254709244 -40.00442124903202 979.5092689990997
v 63.93413722515106 -43.21761494502425 977.6169490814209
v 58.885130882263184 -46.21177090331912 975.7865989208221
v 53.57764542102814 -48.97657250985503 974.0288186073303
v 48.032747246325016 -51.50264913216233 972.3545140028
v 42.27227674797177 -53.78159523010254 970.7728582620621
v 36.31878459826112 -55.8059448748827 969.292922616005
v 30.195452123880386 -57.569184489548206 967.923778295517
v 23.9259431976825 -59.065803810954094 966.6731715202332
v 17.534439275041223 -60.2913436666131 965.551090836525
v 11.045367065817118 -61.242102943360806 964.563040137291
v 4.4835255411453545 -61.91539976745844 963.7154406309128
v -2.1261406084522605 -62.3095141723752 963.0147135257721
v -8.758611842058599 -62.42348425090313 962.4632030725479
v -15.388730065897107 -62.25637994706631 962.0472514629364
v -21.991235660389066 -61.80765978991985 961.7422950267792
v -28.54086024686694 -61.079355888068676 961.5524107217789
v -35.01263564452529 -60.07427114993334 961.4785158634186
v -41.38184688985348 -58.79617676138878 961.5214258432388
v -47.624185122549534 -57.24990136921406 961.6836887598038
v -53.71578421443701 -55.440917015075684 961.962348818779
v -59.63335454463959 -53.37580734863877 962.358221411705
v -65.35421166568995 -51.06195230036974 962.8698796033859
v -70.8563782274723 -48.50764274597168 963.4962022304535
v -76.11874960362911 -45.72198176756501 964.2354565858841
v -81.12087093293667 -42.714865542948246 965.0842791795731
v -85.84340214729309 -39.4969929009676 966.0393065214157
v -90.267926864326 -36.07985895127058 967.0964616537094
v -94.37713075429201 -32.47578375041485 968.2535022497177
v -98.15472509711981 -28.697638381272554 969.5027840137482
v -101.58583536744118 -24.759223982691765 970.8432877063751
v -104.6565680578351 -20.674704797565937 972.2653305530548
v -107.35450118780136 -16.45910505205393 973.7638163566589
v -109.6686078608036 -12.128003183752298 975.334158539772
v -111.58918619155884 -7.697388511151075 976.9673877954483
v -113.10808226466179 -3.1839401309844106 978.6584079265594
v -114.21854361891747 1.3953908305848017 980.3981477022171
v -114.91547405719757 6.023154377471656 982.1794724464417
v -115.1953699439764 10.681588570587337 983.996776342392
v -115.05587428808212 15.35264102742076 985.8314073085785
v -114.49628636240959 20.017890986055136 987.6654267311096
v -113.51808406412601 24.658828899264336 989.493738412857
v -112.12431237101555 29.256869573146105 991.3098192214966
v -110.31968526542187 33.79339596256614 993.1059229373932
v -108.11070039868355 38.24999487027526 994.8772591352463
v -105.50533331930637 42.60845057666302 996.6166931390762
v -102.51334961503744 46.850821282714605 998.3199441432953
v -99.14606921374798 50.95955377444625 999.9827313423157
v -95.4162134975195 54.91749297827482 1001.5965950489044
v -91.33834484964609 58.708095364272594 1003.1609237194061
v -86.92813407629728 62.31536842882633 1004.6686846017838
v -82.20288276672363 65.72410002350807 1006.1175334453583
v -77.18112833797932 68.91981057822704 1007.5039029121399
v -71.88272684812546 71.88880406320095 1008.8238179683685
v -66.32848989218473 74.61838457733393 1010.0734055042267
v -60.54063688963652 77.09672257304192 1011.2501174211502
v -54.5422026515007 79.31309692561626 1012.3510998487473
v -48.35713930428028 81.25785034149885 1013.3739066123962
v -42.01029717922211 82.9224594309926 1014.3161934614182
v -35.52703304216266 84.29947100579739 1015.1738834381104
v -28.9334362372756 85.38281422108412 1015.9460592269897
v -22.256177393719554 86.16753302514553 1016.6302746534348
v -15.522197876125574 86.64995178580284 1017.2240835428238
v -8.758605471812189 86.82783454656601 1017.7270781993866
v -1.992763375164941 86.70106664299965 1018.1548529863358
v 4.748188576195389 86.27124700695276 1018.5301369428635
v 11.437219236977398 85.5396369472146 1018.8474261760712
v 18.047463884577155 84.50890559703112 1019.1033571958542
v 24.552337490022182 83.18296428769827 1019.2936491966248
v 30.925606582313776 81.56680092215538 1019.4122886657715
v 37.1415719948709 79.6668940410018 1019.4567275047302
v 43.175106290727854 77.49075416475534 1019.4212579727173
v 49.001747723668814 75.0471531227231 1019.3013954162598
v 54.59801238030195 72.34595205634832 1019.0920436382294
v 59.94105018675327 69.3982670456171 1018.7883102893829
v 65.00923734158278 66.21625252068043 1018.3866280317307
v 69.78203617036343 62.813145853579044 1017.8833276033401
v 74.24006838351488 59.20319728553295 1017.275453209877
v 78.36528707295656 55.4014278575778 1016.5584182739258
v 82.14113596826792 51.42394792288542 1015.7326304912567
v 85.55221818387508 47.28750167414546 1014.792891740799
v 88.58503516763449 43.00971558317542 1013.7424635887146
v 91.22754078358412 38.60862700268626 1012.5804287195206
v 93.46926234662533 34.10287527367473 1011.3061755895615
v 95.30160639435053 29.51158706098795 1009.9237811565399
v 96.71755291521549 24.854097655043006 1008.4340608119965
v 97.7119929715991 20.150161189958453 1006.8430280685425
v 98.28153122216463 15.41939165443182 1005.154657959938
v -8.75868032220751 10.681582200340927 993.7345898151398
f 1 2 3
f 1 3 4
f 1 4 5
f 1 5 6
f 1 6 7
f 1 7 8
f 1 8 9
f 1 9 10
f 1 10 11
f 1 11 12
f 1 12 13
f 1 13 14
f 1 14 15
f 1 15 16
f 1 16 17
f 1 17 18
f 1 18 19
f 1 19 20
f 1 20 21
f 1 21 22
f 1 22 23
f 1 23 24
f 1 24 25
f 1 25 26
f 1 26 27
f 1 27 28
f 1 28 29
f 1 29 30
f 1 30 31
f 1 31 32
f 1 32 33
f 1 33 34
f 1 34 35
f 1 35 36
f 1 36 37
f 1 37 38
f 1 38 39
f 1 39 40
f 1 40 41
f 1 41 42
f 1 42 43
f 1 43 44
f 1 44 45
f 1 45 46
f 1 46 47
f 1 47 48
f 1 48 49
f 1 49 50
f 1 50 51
f 1 51 52
f 1 52 53
f 1 53 54
f 1 54 55
f 1 55 56
f 1 56 57
f 1 57 58
f 1 58 59
f 1 59 60
f 1 60 61
f 1 61 62
f 1 62 63
f 1 63 64
f 1 64 65
f 1 65 66
f 1 66 67
f 1 67 68
f 1 68 69
f 1 69 70
f 1 70 71
f 1 71 72
f 1 72 73
f 1 73 74
f 1 74 75
f 1 75 76
f 1 76 77
f 1 77 78
f 1 78 79
f 1 79 80
f 1 80 81
f 1 81 82
f 1 82 83
f 1 83 84
f 1 84 85
f 1 85 86
f 1 86 87
f 1 87 88
f 1 88 89
f 1 89 90
f 1 90 91
f 1 91 92
f 1 92 93
f 1 93 94
f 1 94 95
f 1 95 96
f 1 96 97
f 1 97 98
f 1 98 99
f 1 99 100
f 1 100 101
f 1 101 2
f 2 102 3
f 3 102 103
f 3 103 4
f 4 103 104
f 4 104 5
f 5 104 105
f 5 105 6
f 6 105 106
f 6 106 7
f 7 106 107
f 7 107 8
f 8 107 108
f 8 108 9
f 9 108 109
f 9 109 10
f 10 109 110
f 10 110 11
f 11 110 111
f 11 111 12
f 12 111 112
f 12 112 13
f 13 112 113
f 13 113 14
f 14 113 114
f 14 114 15
f 15 114 115
f 15 115 16
f 16 115 116
f 16 116 17
f 17 116 117
f 17 117 18
f 18 117 118
f 18 118 19
f 19 118 119
f 19 119 20
f 20 119 120
f 20 120 21
f 21 120 121
f 21 121 22
f 22 121 122
f 22 122 23
f 23 122 123
f 23 123 24
f 24 123 124
f 24 124 25
f 25 124 125
f 25 125 26
f 26 125 126
f 26 126 27
f 27 126 127
f 27 127 28
f 28 127 128
f 28 128 29
f 29 128 129
f 29 129 30
f 30 129 130
f 30 130 31
f 31 130 131
f 31 131 32
f 32 131 132
f 32 132 33
f 33 132 133
f 33 133 34
f 34 133 134
f 34 134 35
f 35 134 135
f 35 135 36
f 36 135 136
f 36 136 37
f 37 136 137
f 37 137 38
f 38 137 138
f 38 138 39
f 39 138 139
f 39 139 40
f 40 139 140
f 40 140 41
f 41 140 141
f 41 141 42
f 42 141 142
f 42 142 43
f 43 142 143
f 43 143 44
f 44 143 144
f 44 144 45
f 45 144 145
f 45 145 46
f 46 145 146
f 46 146 47
f 47 146 147
f 47 147 48
f 48 147 148
f 48 148 49
f 49 148 149
f 49 149 50
f 50 149 150
f 50 150 51
f 51 150 151
f 51 151 52
f 52 151 152
f 52 152 53
f 53 152 153
f 53 153 54
f 54 153 154
f 54 154 55
f 55 154 155
f 55 155 56
f 56 155 156
f 56 156 57
f 57 156 157
f 57 157 58
f 58 157 158
f 58 158 59
f 59 158 159
f 59 159 60
f 60 159 160
f 60 160 61
f 61 160 161
f 61 161 62
f 62 161 162
f 62 162 63
f 63 162 163
f 63 163 64
f 64 163 164
f 64 164 65
f 65 164 165
f 65 165 66
f 66 165 166
f 66 166 67
f 67 166 167
f 67 167 68
f 68 167 168
f 68 168 69
f 69 168 169
f 69 169 70
f 70 169 170
f 70 170 71
f 71 170 171
f 71 171 72
f 72 171 172
f 72 172 73
f 73 172 173
f 73 173 74
f 74 173 174
f 74 174 75
f 75 174 175
f 75 175 76
f 76 175 176
f 76 176 77
f 77 176 177
f 77 177 78
f 78 177 178
f 78 178 79
f 79 178 179
f 79 179 80
f 80 179 180
f 80 180 81
f 81 180 181
f 81 181 82
f 82 181 182
f 82 182 83
f 83 182 183
f 83 183 84
f 84 183 184
f 84 184 85
f 85 184 185
f 85 185 86
f 86 185 186
f 86 186 87
f 87 186 187
f 87 187 88
f 88 187 188
f 88 188 89
f 89 188 189
f 89 189 90
f 90 189 190
f 90 190 91
f 91 190 191
f 91 191 92
f 92 191 192
f 92 192 93
f 93 192 193
f 93 193 94
f 94 193 194
f 94 194 95
f 95 194 195
f 95 195 96
f 96 195 196
f 96 196 97
f 97 196 197
f 97 197 98
f 98 197 198
f 98 198 99
f 99 198 199
f 99 199 100
f 100 199 200
f 100 200 101
f 101 200 201
f 101 201 2
f 2 201 102
f 102 202 103
f 103 202 203
f 103 203 104
f 104 203 204
f 104 204 105
f 105 204 205
f 105 205 106
f 106 205 206
f 106 206 107
f 107 206 207
f 107 207 108
f 108 207 208
f 108 208 109
f 109 208 209
f 109 209 110
f 110 209 210
f 110 210 111
f 111 210 211
f 111 211 112
f 112 211 212
f 112 212 113
f 113 212 213
f 113 213 114
f 114 213 214
f 114 214 115
f 115 214 215
f 115 215 116
f 116 215 216
f 116 216 117
f 117 216 217
f 117 217 118
f 118 217 218
f 118 218 119
f 119 218 219
f 119 219 120
f 120 219 220
f 120 220 121
f 121 220 221
f 121 221 122
f 122 221 222
f 122 222 123
f 123 222 223
f 123 223 124
f 124 223 224
f 124 224 125
f 125 224 225
f 125 225 126
f 126 225 226
f 126 226 127
f 127 226 227
f 127 227 128
f 128 227 228
f 128 228 129
f 129 228 229
f 129 229 130
f 130 229 230
f 130 230 131
f 131 230 231
f 131 231 132
f 132 231 232
f 132 232 133
f 133 232 233
f 133 233 134
f 134 233 234
f 134 234 135
f 135 234 235
f 135 235 136
f 136 235 236
f 136 236 137
f 137 236 237
f 137 237 138
f 138 237 238
f 138 238 139
f 139 238 239
f 139 239 140
f 140 239 240
f 140 240 141
f 141 240 241
f 141 241 142
f 142 241 242
f 142 242 143
f 143 242 243
f 143 243 144
f 144 243 244
f 144 244 145
f 145 244 245
f 145 245 146
f 146 245 246
f 146 246 147
f 147 246 247
f 147 247 148
f 148 247 248
f 148 248 149
f 149 248 249
f 149 249 150
f 150 249 250
f 150 250 151
f 151 250 251
f 151 251 152
f 152 251 252
f 152 252 153
f 153 252 253
f 153 253 154
f 154 253 254
f 154 254 155
f 155 254 255
f 155 255 156
f 156 255 256
f 156 256 157
f 157 256 257
f 157 257 158
f 158 257 258
f 158 258 159
f 159 258 259
f 159 259 160
f 160 259 260
f 160 260 161
f 161 260 261
f 161 261 162
f 162 261 262
f 162 262 163
f 163 262 263
f 163 263 164
f 164 263 264
f 164 264 165
f 165 264 265
f 165 265 166
f 166 265 266
f 166 266 167
f 167 266 267
f 167 267 168
f 168 267 268
f 168 268 169
f 169 268 269
f 169 269 170
f 170 269 270
f 170 270 171
f 171 270 271
f 171 271 172
f 172 271 272
f 172 272 173
f 173 272 273
f 173 273 174
f 174 273 274
f 174 274 175
f 175 274 275
f 175 275 176
f 176 275 276
f 176 276 177
f 177 276 277
f 177 277 178
f 178 277 278
f 178 278 179
f 179 278 279
f 179 279 180
f 180 279 280
f 180 280 181
f 181 280 281
f 181 281 182
f 182 281 282
f 182 282 183
f 183 282 283
f 183 283 184
f 184 283 284
f 184 284 185
f 185 284 285
f 185 285 186
f 186 285 286
f 186 286 187
f 187 286 287
f 187 287 188
f 188 287 288
f 188 288 189
f 189 288 289
f 189 289 190
f 190 289 290
f 190 290 191
f 191 290 291
f 191 291 192
f 192 291 292
f 192 292 193
f 193 292 293
f 193 293 194
f 194 293 294
f 194 294 195
f 195 294 295
f 195 295 196
f 196 295 296
f 196 296 197
f 197 296 297
f 197 297 198
f 198 297 298
f 198 298 199
f 199 298 299
f 199 299 200
f 200 299 300
f 200 300 201
f 201 300 301
f 201 301 102
f 102 301 202
f 202 302 203
f 203 302 303
f 203 303 204
f 204 303 304
f 204 304 205
f 205 304 305
f 205 305 206
f 206 305 306
f 206 306 207
f 207 306 307
f 207 307 208
f 208 307 308
f 208 308 209
f 209 308 309
f 209 309 210
f 210 309 310
f 210 310 211
f 211 310 311
f 211 311 212
f 212 311 312
f 212 312 213
f 213 312 313
f 213 313 214
f 214 313 314
f 214 314 215
f 215 314 315
f 215 315 216
f 216 315 316
f 216 316 217
f 217 316 317
f 217 317 218
f 218 317 318
f 218 318 219
f 219 318 319
f 219 319 220
f 220 319 320
f 220 320 221
f 221 320 321
f 221 321 222
f 222 321 322
f 222 322 223
f 223 322 323
f 223 323 224
f 224 323 324
f 224 324 225
f 225 324 325
f 225 325 226
f 226 325 326
f 226 326 227
f 227 326 327
f 227 327 228
f 228 327 328
f 228 328 229
f 229 328 329
f 229 329 230
f 230 329 330
f 230 330 231
f 231 330 331
f 231 331 232
f 232 331 332
f 232 332 233
f 233 332 333
f 233 333 234
f 234 333 334
f 234 334 235
f 235 334 335
f 235 335 236
f 236 335 336
f 236 336 237
f 237 336 337
f 237 337 238
f 238 337 338
f 238 338 239
f 239 338 339
f 239 339 240
f 240 339 340
f 240 340 241
f 241 340 341
f 241 341 242
f 242 341 342
f 242 342 243
f 243 342 343
f 243 343 244
f 244 343 344
f 244 344 245
f 245 344 345
f 245 345 246
f 246 345 346
f 246 346 247
f 247 346 347
f 247 347 248
f 248 347 348
f 248 348 249
f 249 348 349
f 249 349 250
f 250 349 350
f 250 350 251
f 251 350 351
f 251 351 252
f 252 351 352
f 252 352 253
f 253 352 353
f 253 353 254
f 254 353 354
f 254 354 255
f 255 354 355
f 255 355 256
f 256 355 356
f 256 356 257
f 257 356 357
f 257 357 258
f 258 357 358
f 258 358 259
f 259 358 359
f 259 359 260
f 260 359 360
f 260 360 261
f 261 360 361
f 261 361 262
f 262 361 362
f 262 362 263
f 263 362 363
f 263 363 264
f 264 363 364
f 264 364 265
f 265 364 365
f 265 365 266
f 266 365 366
f 266 366 267
f 267 366 367
f 267 367 268
f 268 367 368
f 268 368 269
f 269 368 369
f 269 369 270
f 270 369 370
f 270 370 271
f 271 370 371
f 271 371 272
f 272 371 372
f 272 372 273
f 273 372 373
f 273 373 274
f 274 373 374
f 274 374 275
f 275 374 375
f 275 375 276
f 276 375 376
f 276 376 277
f 277 376 377
f 277 377 278
f 278 377 378
f 278 378 279
f 279 378 379
f 279 379 280
f 280 379 380
f 280 380 281
f 281 380 381
f 281 381 282
f 282 381 382
f 282 382 283
f 283 382 383
f 283 383 284
f 284 383 384
f 284 384 285
f 285 384 385
f 285 385 286
f 286 385 386
f 286 386 287
f 287 386 387
f 287 387 288
f 288 387 388
f 288 388 289
f 289 388 389
f 289 389 290
f 290 389 390
f 290 390 291
f 291 390 391
f 291 391 292
f 292 391 392
f 292 392 293
f 293 392 393
f 293 393 294
f 294 393 394
f 294 394 295
f 295 394 395
f 295 395 296
f 296 395 396
f 296 396 297
f 297 396 397
f 297 397 298
f 298 397 398
f 298 398 299
f 299 398 399
f 299 399 300
f 300 399 400
f 300 400 301
f 301 400 401
f 301 401 202
f 202 401 302
f 302 402 303
f 303 402 403
f 303 403 304
f 304 403 404
f 304 404 305
f 305 404 405
f 305 405 306
f 306 405 406
f 306 406 307
f 307 406 407
f 307 407 308
f 308 407 408
f 308 408 309
f 309 408 409
f 309 409 310
f 310 409 410
f 310 410 311
f 311 410 411
f 311 411 312
f 312 411 412
f 312 412 313
f 313 412 413
f 313 413 314
f 314 413 414
f 314 414 315
f 315 414 415
f 315 415 316
f 316 415 416
f 316 416 317
f 317 416 417
f 317 417 318
f 318 417 418
f 318 418 319
f 319 418 419
f 319 419 320
f 320 419 420
f 320 420 321
f 321 420 421
f 321 421 322
f 322 421 422
f 322 422 323
f 323 422 423
f 323 423 324
f 324 423 424
f 324 424 325
f 325 424 425
f 325 425 326
f 326 425 426
f 326 426 327
f 327 426 427
f 327 427 328
f 328 427 428
f 328 428 329
f 329 428 429
f 329 429 330
f 330 429 430
f 330 430 331
f 331 430 431
f 331 431 332
f 332 431 432
f 332 432 333
f 333 432 433
f 333 433 334
f 334 433 434
f 334 434 335
f 335 434 435
f 335 435 336
f 336 435 436
f 336 436 337
f 337 436 437
f 337 437 338
f 338 437 438
f 338 438 339
f 339 438 439
f 339 439 340
f 340 439 440
f 340 440 341
f 341 440 441
f 341 441 342
f 342 441 442
f 342 442 343
f 343 442 443
f 343 443 344
f 344 443 444
f 344 444 345
f 345 444 445
f 345 445 346
f 346 445 446
f 346 446 347
f 347 446 447
f 347 447 348
f 348 447 448
f 348 448 349
f 349 448 449
f 349 449 350
f 350 449 450
f 350 450 351
f 351 450 451
f 351 451 352
f 352 451 452
f 352 452 353
f 353 452 453
f 353 453 354
f 354 453 454
f 354 454 355
f 355 454 455
f 355 455 356
f 356 455 456
f 356 456 357
f 357 456 457
f 357 457 358
f 358 457 458
f 358 458 359
f 359 458 459
f 359 459 360
f 360 459 460
f 360 460 361
f 361 460 461
f 361 461 362
f 362 461 462
f 362 462 363
f 363 462 463
f 363 463 364
f 364 463 464
f 364 464 365
f 365 464 465
f 365 465 366
f 366 465 466
f 366 466 367
f 367 466 467
f 367 467 368
f 368 467 468
f 368 468 369
f 369 468 469
f 369 469 370
f 370 469 470
f 370 470 371
f 371 470 471
f 371 471 372
f 372 471 472
f 372 472 373
f 373 472 473
f 373 473 374
f 374 473 474
f 374 474 375
f 375 474 475
f 375 475 376
f 376 475 476
f 376 476 377
f 377 476 477
f 377 477 378
f 378 477 478
f 378 478 379
f 379 478 479
f 379 479 380
f 380 479 480
f 380 480 381
f 381 480 481
f 381 481 382
f 382 481 482
f 382 482 383
f 383 482 483
f 383 483 384
f 384 483 484
f 384 484 385
f 385 484 485
f 385 485 386
f 386 485 486
f 386 486 387
f 387 486 487
f 387 487 388
f 388 487 488
f 388 488 389
f 389 488 489
f 389 489 390
f 390 489 490
f 390 490 391
f 391 490 491
f 391 491 392
f 392 491 492
f 392 492 393
f 393 492 493
f 393 493 394
f 394 493 494
f 394 494 395
f 395 494 495
f 395 495 396
f 396 495 496
f 396 496 397
f 397 496 497
f 397 497 398
f 398 497 498
f 398 498 399
f 399 498 499
f 399 499 400
f 400 499 500
f 400 500 401
f 401 500 501
f 401 501 302
f 302 501 402
f 402 502 403
f 403 502 503
f 403 503 404
f 404 503 504
f 404 504 405
f 405 504 505
f 405 505 406
f 406 505 506
f 406 506 407
f 407 506 507
f 407 507 408
f 408 507 508
f 408 508 409
f 409 508 509
f 409 509 410
f 410 509 510
f 410 510 411
f 411 510 511
f 411 511 412
f 412 511 512
f 412 512 413
f 413 512 513
f 413 513 414
f 414 513 514
f 414 514 415
f 415 514 515
f 415 515 416
f 416 515 516
f 416 516 417
f 417 516 517
f 417 517 418
f 418 517 518
f 418 518 419
f 419 518 519
f 419 519 420
f 420 519 520
f 420 520 421
f 421 520 521
f 421 521 422
f 422 521 522
f 422 522 423
f 423 522 523
f 423 523 424
f 424 523 524
f 424 524 425
f 425 524 525
f 425 525 426
f 426 525 526
f 426 526 427
f 427 526 527
f 427 527 428
f 428 527 528
f 428 528 429
f 429 528 529
f 429 529 430
f 430 529 530
f 430 530 431
f 431 530 531
f 431 531 432
f 432 531 532
f 432 532 433
f 433 532 533
f 433 533 434
f 434 533 534
f 434 534 435
f 435 534 535
f 435 535 436
f 436 535 536
f 436 536 437
f 437 536 537
f 437 537 438
f 438 537 538
f 438 538 439
f 439 538 539
f 439 539 440
f 440 539 540
f 440 540 441
f 441 540 541
f 441 541 442
f 442 541 542
f 442 542 443
f 443 542 543
f 443 543 444
f 444 543 544
f 444 544 445
f 445 544 545
f 445 545 446
f 446 545 546
f 446 546 447
f 447 546 547
f 447 547 448
f 448 547 548
f 448 548 449
f 449 548 549
f 449 549 450
f 450 549 550
f 450 550 451
f 451 550 551
f 451 551 452
f 452 551 552
f 452 552 453
f 453 552 553
f 453 553 454
f 454 553 554
f 454 554 455
f 455 554 555
f 455 555 456
f 456 555 556
f 456 556 457
f 457 556 557
f 457 557 458
f 458 557 558
f 458 558 459
f 459 558 559
f 459 559 460
f 460 559 560
f 460 560 461
f 461 560 561
f 461 561 462
f 462 561 562
f 462 562 463
f 463 562 563
f 463 563 464
f 464 563 564
f 464 564 465
f 465 564 565
f 465 565 466
f 466 565 566
f 466 566 467
f 467 566 567
f 467 567 468
f 468 567 568
f 468 568 469
f 469 568 569
f 469 569 470
f 470 569 570
f 470 570 471
f 471 570 571
f 471 571 472
f 472 571 572
f 472 572 473
f 473 572 573
f 473 573 474
f 474 573 574
f 474 574 475
f 475 574 575
f 475 575 476
f 476 575 576
f 476 576 477
f 477 576 577
f 477 577 478
f 478 577 578
f 478 578 479
f 479 578 579
f 479 579 480
f 480 579 580
f 480 580 481
f 481 580 581
f 481 581 482
f 482 581 582
f 482 582 483
f 483 582 583
f 483 583 484
f 484 583 584
f 484 584 485
f 485 584 585
f 485 585 486
f 486 585 586
f 486 586 487
f 487 586 587
f 487 587 488
f 488 587 588
f 488 588 489
f 489 588 589
f 489 589 490
f 490 589 590
f 490 590 491
f 491 590 591
f 491 591 492
f 492 591 592
f 492 592 493
f 493 592 593
f 493 593 494
f 494 593 594
f 494 594 495
f 495 594 595
f 495 595 496
f 496 595 596
f 496 596 497
f 497 596 597
f 497 597 498
f 498 597 598
f 498 598 499
f 499 598 599
f 499 599 500
f 500 599 600
f 500 600 501
f 501 600 601
f 501 601 402
f 402 601 502
f 502 602 503
f 503 602 603
f 503 603 504
f 504 603 604
f 504 604 505
f 505 604 605
f 505 605 506
f 506 605 606
f 506 606 507
f 507 606 607
f 507 607 508
f 508 607 608
f 508 608 509
f 509 608 609
f 509 609 510
f 510 609 610
f 510 610 511
f 511 610 611
f 511 611 512
f 512 611 612
f 512 612 513
f 513 612 613
f 513 613 514
f 514 613 614
f 514 614 515
f 515 614 615
f 515 615 516
f 516 615 616
f 516 616 517
f 517 616 617
f 517 617 518
f 518 617 618
f 518 618 519
f 519 618 619
f 519 619 520
f 520 619 620
f 520 620 521
f 521 620 621
f 521 621 522
f 522 621 622
f 522 622 523
f 523 622 623
f 523 623 524
f 524 623 624
f 524 624 525
f 525 624 625
f 525 625 526
f 526 625 626
f 526 626 527
f 527 626 627
f 527 627 528
f 528 627 628
f 528 628 529
f 529 628 629
f 529 629 530
f 530 629 630
f 530 630 531
f 531 630 631
f 531 631 532
f 532 631 632
f 532 632 533
f 533 632 633
f 533 633 534
f 534 633 634
f 534 634 535
f 535 634 635
f 535 635 536
f 536 635 636
f 536 636 537
f 537 636 637
f 537 637 538
f 538 637 638
f 538 638 539
f 539 638 639
f 539 639 540
f 540 639 640
f 540 640 541
f 541 640 641
f 541 641 542
f 542 641 642
f 542 642 543
f 543 642 643
f 543 643 544
f 544 643 644
f 544 644 545
f 545 644 645
f 545 645 546
f 546 645 646
f 546 646 547
f 547 646 647
f 547 647 548
f 548 647 648
f 548 648 549
f 549 648 649
f 549 649 550
f 550 649 650
f 550 650 551
f 551 650 651
f 551 651 552
f 552 651 652
f 552 652 553
f 553 652 653
f 553 653 554
f 554 653 654
f 554 654 555
f 555 654 655
f 555 655 556
f 556 655 656
f 556 656 557
f 557 656 657
f 557 657 558
f 558 657 658
f 558 658 559
f 559 658 659
f 559 659 560
f 560 659 660
f 560 660 561
f 561 660 661
f 561 661 562
f 562 661 662
f 562 662 563
f 563 662 663
f 563 663 564
f 564 663 664
f 564 664 565
f 565 664 665
f 565 665 566
f 566 665 666
f 566 666 567
f 567 666 667
f 567 667 568
f 568 667 668
f 568 668 569
f 569 668 669
f 569 669 570
f 570 669 670
f 570 670 571
f 571 670 671
f 571 671 572
f 572 671 672
f 572 672 573
f 573 672 673
f 573 673 574
f 574 673 674
f 574 674 575
f 575 674 675
f 575 675 576
f 576 675 676
f 576 676 577
f 577 676 677
f 577 677 578
f 578 677 678
f 578 678 579
f 579 678 679
f 579 679 580
f 580 679 680
f 580 680 581
f 581 680 681
f 581 681 582
f 582 681 682
f 582 682 583
f 583 682 683
f 583 683 584
f 584 683 684
f 584 684 585
f 585 684 685
f 585 685 586
f 586 685 686
f 586 686 587
f 587 686 687
f 587 687 588
f 588 687 688
f 588 688 589
f 589 688 689
f 589 689 590
f 590 689 690
f 590 690 591
f 591 690 691
f 591 691 592
f 592 691 692
f 592 692 593
f 593 692 693
f 593 693 594
f 594 693 694
f 594 694 595
f 595 694 695
f 595 695 596
f 596 695 696
f 596 696 597
f 597 696 697
f 597 697 598
f 598 697 698
f 598 698 599
f 599 698 699
f 599 699 600
f 600 699 700
f 600 700 601
f 601 700 701
f 601 701 502
f 502 701 602
f 602 702 603
f 603 702 703
f 603 703 604
f 604 703 704
f 604 704 605
f 605 704 705
f 605 705 606
f 606 705 706
f 606 706 607
f 607 706 707
f 607 707 608
f 608 707 708
f 608 708 609
f 609 708 709
f 609 709 610
f 610 709 710
f 610 710 611
f 611 710 711
f 611 711 612
f 612 711 712
f 612 712 613
f 613 712 713
f 613 713 614
f 614 713 714
f 614 714 615
f 615 714 715
f 615 715 616
f 616 715 716
f 616 716 617
f 617 716 717
f 617 717 618
f 618 717 718
f 618 718 619
f 619 718 719
f 619 719 620
f 620 719 720
f 620 720 621
f 621 720 721
f 621 721 622
f 622 721 722
f 622 722 623
f 623 722 723
f 623 723 624
f 624 723 724
f 624 724 625
f 625 724 725
f 625 725 626
f 626 725 726
f 626 726 627
f 627 726 727
f 627 727 628
f 628 727 728
f 628 728 629
f 629 728 729
f 629 729 630
f 630 729 730
f 630 730 631
f 631 730 731
f 631 731 632
f 632 731 732
f 632 732 633
f 633 732 733
f 633 733 634
f 634 733 734
f 634 734 635
f 635 734 735
f 635 735 636
f 636 735 736
f 636 736 637
f 637 736 737
f 637 737 638
f 638 737 738
f 638 738 639
f 639 738 739
f 639 739 640
f 640 739 740
f 640 740 641
f 641 740 741
f 641 741 642
f 642 741 742
f 642 742 643
f 643 742 743
f 643 743 644
f 644 743 744
f 644 744 645
f 645 744 745
f 645 745 646
f 646 745 746
f 646 746 647
f 647 746 747
f 647 747 648
f 648 747 748
f 648 748 649
f 649 748 749
f 649 749 650
f 650 749 750
f 650 750 651
f 651 750 751
f 651 751 652
f 652 751 752
f 652 752 653
f 653 752 753
f 653 753 654
f 654 753 754
f 654 754 655
f 655 754 755
f 655 755 656
f 656 755 756
f 656 756 657
f 657 756 757
f 657 757 658
f 658 757 758
f 658 758 659
f 659 758 759
f 659 759 660
f 660 759 760
f 660 760 661
f 661 760 761
f 661 761 662
f 662 761 762
f 662 762 663
f 663 762 763
f 663 763 664
f 664 763 764
f 664 764 665
f 665 764 765
f 665 765 666
f 666 765 766
f 666 766 667
f 667 766 767
f 667 767 668
f 668 767 768
f 668 768 669
f 669 768 769
f 669 769 670
f 670 769 770
f 670 770 671
f 671 770 771
f 671 771 672
f 672 771 772
f 672 772 673
f 673 772 773
f 673 773 674
f 674 773 774
f 674 774 675
f 675 774 775
f 675 775 676
f 676 775 776
f 676 776 677
f 677 776 777
f 677 777 678
f 678 777 778
f 678 778 679
f 679 778 779
f 679 779 680
f 680 779 780
f 680 780 681
f 681 780 781
f 681 781 682
f 682 781 782
f 682 782 683
f 683 782 783
f 683 783 684
f 684 783 784
f 684 784 685
f 685 784 785
f 685 785 686
f 686 785 786
f 686 786 687
f 687 786 787
f 687 787 688
f 688 787 788
f 688 788 689
f 689 788 789
f 689 789 690
f 690 789 790
f 690 790 691
f 691 790 791
f 691 791 692
f 692 791 792
f 692 792 693
f 693 792 793
f 693 793 694
f 694 793 794
f 694 794 695
f 695 794 795
f 695 795 696
f 696 795 796
f 696 796 697
f 697 796 797
f 697 797 698
f 698 797 798
f 698 798 699
f 699 798 799
f 699 799 700
f 700 799 800
f 700 800 701
f 701 800 801
f 701 801 602
f 602 801 702
f 702 802 703
f 703 802 803
f 703 803 704
f 704 803 804
f 704 804 705
f 705 804 805
f 705 805 706
f 706 805 806
f 706 806 707
f 707 806 807
f 707 807 708
f 708 807 808
f 708 808 709
f 709 808 809
f 709 809 710
f 710 809 810
f 710 810 711
f 711 810 811
f 711 811 712
f 712 811 812
f 712 812 713
f 713 812 813
f 713 813 714
f 714 813 814
f 714 814 715
f 715 814 815
f 715 815 716
f 716 815 816
f 716 816 717
f 717 816 817
f 717 817 718
f 718 817 818
f 718 818 719
f 719 818 819
f 719 819 720
f 720 819 820
f 720 820 721
f 721 820 821
f 721 821 722
f 722 821 822
f 722 822 723
f 723 822 823
f 723 823 724
f 724 823 824
f 724 824 725
f 725 824 825
f 725 825 726
f 726 825 826
f 726 826 727
f 727 826 827
f 727 827 728
f 728 827 828
f 728 828 729
f 729 828 829
f 729 829 730
f 730 829 830
f 730 830 731
f 731 830 831
f 731 831 732
f 732 831 832
f 732 832 733
f 733 832 833
f 733 833 734
f 734 833 834
f 734 834 735
f 735 834 835
f 735 835 736
f 736 835 836
f 736 836 737
f 737 836 837
f 737 837 738
f 738 837 838
f 738 838 739
f 739 838 839
f 739 839 740
f 740 839 840
f 740 840 741
f 741 840 841
f 741 841 742
f 742 841 842
f 742 842 743
f 743 842 843
f 743 843 744
f 744 843 844
f 744 844 745
f 745 844 845
f 745 845 746
f 746 845 846
f 746 846 747
f 747 846 847
f 747 847 748
f 748 847 848
f 748 848 749
f 749 848 849
f 749 849 750
f 750 849 850
f 750 850 751
f 751 850 851
f 751 851 752
f 752 851 852
f 752 852 753
f 753 852 853
f 753 853 754
f 754 853 854
f 754 854 755
f 755 854 855
f 755 855 756
f 756 855 856
f 756 856 757
f 757 856 857
f 757 857 758
f 758 857 858
f 758 858 759
f 759 858 859
f 759 859 760
f 760 859 860
f 760 860 761
f 761 860 861
f 761 861 762
f 762 861 862
f 762 862 763
f 763 862 863
f 763 863 764
f 764 863 864
f 764 864 765
f 765 864 865
f 765 865 766
f 766 865 866
f 766 866 767
f 767 866 867
f 767 867 768
f 768 867 868
f 768 868 769
f 769 868 869
f 769 869 770
f 770 869 870
f 770 870 771
f 771 870 871
f 771 871 772
f 772 871 872
f 772 872 773
f 773 872 873
f 773 873 774
f 774 873 874
f 774 874 775
f 775 874 875
f 775 875 776
f 776 875 876
f 776 876 777
f 777 876 877
f 777 877 778
f 778 877 878
f 778 878 779
f 779 878 879
f 779 879 780
f 780 879 880
f 780 880 781
f 781 880 881
f 781 881 782
f 782 881 882
f 782 882 783
f 783 882 883
f 783 883 784
f 784 883 884
f 784 884 785
f 785 884 885
f 785 885 786
f 786 885 886
f 786 886 787
f 787 886 887
f 787 887 788
f 788 887 888
f 788 888 789
f 789 888 889
f 789 889 790
f 790 889 890
f 790 890 791
f 791 890 891
f 791 891 792
f 792 891 892
f 792 892 793
f 793 892 893
f 793 893 794
f 794 893 894
f 794 894 795
f 795 894 895
f 795 895 796
f 796 895 896
f 796 896 797
f 797 896 897
f 797 897 798
f 798 897 898
f 798 898 799
f 799 898 899
f 799 899 800
f 800 899 900
f 800 900 801
f 801 900 901
f 801 901 702
f 702 901 802
f 802 902 803
f 803 902 903
f 803 903 804
f 804 903 904
f 804 904 805
f 805 904 905
f 805 905 806
f 806 905 906
f 806 906 807
f 807 906 907
f 807 907 808
f 808 907 908
f 808 908 809
f 809 908 909
f 809 909 810
f 810 909 910
f 810 910 811
f 811 910 911
f 811 911 812
f 812 911 912
f 812 912 813
f 813 912 913
f 813 913 814
f 814 913 914
f 814 914 815
f 815 914 915
f 815 915 816
f 816 915 916
f 816 916 817
f 817 916 917
f 817 917 818
f 818 917 918
f 818 918 819
f 819 918 919
f 819 919 820
f 820 919 920
f 820 920 821
f 821 920 921
f 821 921 822
f 822 921 922
f 822 922 823
f 823 922 923
f 823 923 824
f 824 923 924
f 824 924 825
f 825 924 925
f 825 925 826
f 826 925 926
f 826 926 827
f 827 926 927
f 827 927 828
f 828 927 928
f 828 928 829
f 829 928 929
f 829 929 830
f 830 929 930
f 830 930 831
f 831 930 931
f 831 931 832
f 832 931 932
f 832 932 833
f 833 932 933
f 833 933 834
f 834 933 934
f 834 934 835
f 835 934 935
f 835 935 836
f 836 935 936
f 836 936 837
f 837 936 937
f 837 937 838
f 838 937 938
f 838 938 839
f 839 938 939
f 839 939 840
f 840 939 940
f 840 940 841
f 841 940 941
f 841 941 842
f 842 941 942
f 842 942 843
f 843 942 943
f 843 943 844
f 844 943 944
f 844 944 845
f 845 944 945
f 845 945 846
f 846 945 946
f 846 946 847
f 847 946 947
f 847 947 848
f 848 947 948
f 848 948 849
f 849 948 949
f 849 949 850
f 850 949 950
f 850 950 851
f 851 950 951
f 851 951 852
f 852 951 952
f 852 952 853
f 853 952 953
f 853 953 854
f 854 953 954
f 854 954 855
f 855 954 955
f 855 955 856
f 856 955 956
f 856 956 857
f 857 956 957
f 857 957 858
f 858 957 958
f 858 958 859
f 859 958 959
f 859 959 860
f 860 959 960
f 860 960 861
f 861 960 961
f 861 961 862
f 862 961 962
f 862 962 863
f 863 962 963
f 863 963 864
f 864 963 964
f 864 964 865
f 865 964 965
f 865 965 866
f 866 965 966
f 866 966 867
f 867 966 967
f 867 967 868
f 868 967 968
f 868 968 869
f 869 968 969
f 869 969 870
f 870 969 970
f 870 970 871
f 871 970 971
f 871 971 872
f 872 971 972
f 872 972 873
f 873 972 973
f 873 973 874
f 874 973 974
f 874 974 875
f 875 974 975
f 875 975 876
f 876 975 976
f 876 976 877
f 877 976 977
f 877 977 878
f 878 977 978
f 878 978 879
f 879 978 979
f 879 979 880
f 880 979 980
f 880 980 881
f 881 980 981
f 881 981 882
f 882 981 982
f 882 982 883
f 883 982 983
f 883 983 884
f 884 983 984
f 884 984 885
f 885 984 985
f 885 985 886
f 886 985 986
f 886 986 887
f 887 986 987
f 887 987 888
f 888 987 988
f 888 988 889
f 889 988 989
f 889 989 890
f 890 989 990
f 890 990 891
f 891 990 991
f 891 991 892
f 892 991 992
f 892 992 893
f 893 992 993
f 893 993 894
f 894 993 994
f 894 994 895
f 895 994 995
f 895 995 896
f 896 995 996
f 896 996 897
f 897 996 997
f 897 997 898
f 898 997 998
f 898 998 899
f 899 998 999
f 899 999 900
f 900 999 1000
f 900 1000 901
f 901 1000 1001
f 901 1001 802
f 802 1001 902
f 902 1002 903
f 903 1002 1003
f 903 1003 904
f 904 1003 1004
f 904 1004 905
f 905 1004 1005
f 905 1005 906
f 906 1005 1006
f 906 1006 907
f 907 1006 1007
f 907 1007 908
f 908 1007 1008
f 908 1008 909
f 909 1008 1009
f 909 1009 910
f 910 1009 1010
f 910 1010 911
f 911 1010 1011
f 911 1011 912
f 912 1011 1012
f 912 1012 913
f 913 1012 1013
f 913 1013 914
f 914 1013 1014
f 914 1014 915
f 915 1014 1015
f 915 1015 916
f 916 1015 1016
f 916 1016 917
f 917 1016 1017
f 917 1017 918
f 918 1017 1018
f 918 1018 919
f 919 1018 1019
f 919 1019 920
f 920 1019 1020
f 920 1020 921
f 921 1020 1021
f 921 1021 922
f 922 1021 1022
f 922 1022 923
f 923 1022 1023
f 923 1023 924
f 924 1023 1024
f 924 1024 925
f 925 1024 1025
f 925 1025 926
f 926 1025 1026
f 926 1026 927
f 927 1026 1027
f 927 1027 928
f 928 1027 1028
f 928 1028 929
f 929 1028 1029
f 929 1029 930
f 930 1029 1030
f 930 1030 931
f 931 1030 1031
f 931 1031 932
f 932 1031 1032
f 932 1032 933
f 933 1032 1033
f 933 1033 934
f 934 1033 1034
f 934 1034 935
f 935 1034 1035
f 935 1035 936
f 936 1035 1036
f 936 1036 937
f 937 1036 1037
f 937 1037 938
f 938 1037 1038
f 938 1038 939
f 939 1038 1039
f 939 1039 940
f 940 1039 1040
f 940 1040 941
f 941 1040 1041
f 941 1041 942
f 942 1041 1042
f 942 1042 943
f 943 1042 1043
f 943 1043 944
f 944 1043 1044
f 944 1044 945
f 945 1044 1045
f 945 1045 946
f 946 1045 1046
f 946 1046 947
f 947 1046 1047
f 947 1047 948
f 948 1047 1048
f 948 1048 949
f 949 1048 1049
f 949 1049 950
f 950 1049 1050
f 950 1050 951
f 951 1050 1051
f 951 1051 952
f 952 1051 1052
f 952 1052 953
f 953 1052 1053
f 953 1053 954
f 954 1053 1054
f 954 1054 955
f 955 1054 1055
f 955 1055 956
f 956 1055 1056
f 956 1056 957
f 957 1056 1057
f 957 1057 958
f 958 1057 1058
f 958 1058 959
f 959 1058 1059
f 959 1059 960
f 960 1059 1060
f 960 1060 961
f 961 1060 1061
f 961 1061 962
f 962 1061 1062
f 962 1062 963
f 963 1062 1063
f 963 1063 964
f 964 1063 1064
f 964 1064 965
f 965 1064 1065
f 965 1065 966
f 966 1065 1066
f 966 1066 967
f 967 1066 1067
f 967 1067 968
f 968 1067 1068
f 968 1068 969
f 969 1068 1069
f 969 1069 970
f 970 1069 1070
f 970 1070 971
f 971 1070 1071
f 971 1071 972
f 972 1071 1072
f 972 1072 973
f 973 1072 1073
f 973 1073 974
f 974 1073 1074
f 974 1074 975
f 975 1074 1075
f 975 1075 976
f 976 1075 1076
f 976 1076 977
f 977 1076 1077
f 977 1077 978
f 978 1077 1078
f 978 1078 979
f 979 1078 1079
f 979 1079 980
f 980 1079 1080
f 980 1080 981
f 981 1080 1081
f 981 1081 982
f 982 1081 1082
f 982 1082 983
f 983 1082 1083
f 983 1083 984
f 984 1083 1084
f 984 1084 985
f 985 1084 1085
f 985 1085 986
f 986 1085 1086
f 986 1086 987
f 987 1086 1087
f 987 1087 988
f 988 1087 1088
f 988 1088 989
f 989 1088 1089
f 989 1089 990
f 990 1089 1090
f 990 1090 991
f 991 1090 1091
f 991 1091 992
f 992 1091 1092
f 992 1092 993
f 993 1092 1093
f 993 1093 994
f 994 1093 1094
f 994 1094 995
f 995 1094 1095
f 995 1095 996
f 996 1095 1096
f 996 1096 997
f 997 1096 1097
f 997 1097 998
f 998 1097 1098
f 998 1098 999
f 999 1098 1099
f 999 1099 1000
f 1000 1099 1100
f 1000 1100 1001
f 1001 1100 1101
f 1001 1101 902
f 902 1101 1002
f 1002 1102 1003
f 1003 1102 1103
f 1003 1103 1004
f 1004 1103 1104
f 1004 1104 1005
f 1005 1104 1105
f 1005 1105 1006
f 1006 1105 1106
f 1006 1106 1007
f 1007 1106 1107
f 1007 1107 1008
f 1008 1107 1108
f 1008 1108 1009
f 1009 1108 1109
f 1009 1109 1010
f 1010 1109 1110
f 1010 1110 1011
f 1011 1110 1111
f 1011 1111 1012
f 1012 1111 1112
f 1012 1112 1013
f 1013 1112 1113
f 1013 1113 1014
f 1014 1113 1114
f 1014 1114 1015
f 1015 1114 1115
f 1015 1115 1016
f 1016 1115 1116
f 1016 1116 1017
f 1017 1116 1117
f 1017 1117 1018
f 1018 1117 1118
f 1018 1118 1019
f 1019 1118 1119
f 1019 1119 1020
f 1020 1119 1120
f 1020 1120 1021
f 1021 1120 1121
f 1021 1121 1022
f 1022 1121 1122
f 1022 1122 1023
f 1023 1122 1123
f 1023 1123 1024
f 1024 1123 1124
f 1024 1124 1025
f 1025 1124 1125
f 1025 1125 1026
f 1026 1125 1126
f 1026 1126 1027
f 1027 1126 1127
f 1027 1127 1028
f 1028 1127 1128
f 1028 1128 1029
f 1029 1128 1129
f 1029 1129 1030
f 1030 1129 1130
f 1030 1130 1031
f 1031 1130 1131
f 1031 1131 1032
f 1032 1131 1132
f 1032 1132 1033
f 1033 1132 1133
f 1033 1133 1034
f 1034 1133 1134
f 1034 1134 1035
f 1035 1134 1135
f 1035 1135 1036
f 1036 1135 1136
f 1036 1136 1037
f 1037 1136 1137
f 1037 1137 1038
f 1038 1137 1138
f 1038 1138 1039
f 1039 1138 1139
f 1039 1139 1040
f 1040 1139 1140
f 1040 1140 1041
f 1041 1140 1141
f 1041 1141 1042
f 1042 1141 1142
f 1042 1142 1043
f 1043 1142 1143
f 1043 1143 1044
f 1044 1143 1144
f 1044 1144 1045
f 1045 1144 1145
f 1045 1145 1046
f 1046 1145 1146
f 1046 1146 1047
f 1047 1146 1147
f 1047 1147 1048
f 1048 1147 1148
f 1048 1148 1049
f 1049 1148 1149
f 1049 1149 1050
f 1050 1149 1150
f 1050 1150 1051
f 1051 1150 1151
f 1051 1151 1052
f 1052 1151 1152
f 1052 1152 1053
f 1053 1152 1153
f 1053 1153 1054
f 1054 1153 1154
f 1054 1154 1055
f 1055 1154 1155
f 1055 1155 1056
f 1056 1155 1156
f 1056 1156 1057
f 1057 1156 1157
f 1057 1157 1058
f 1058 1157 1158
f 1058 1158 1059
f 1059 1158 1159
f 1059 1159 1060
f 1060 1159 1160
f 1060 1160 1061
f 1061 1160 1161
f 1061 1161 1062
f 1062 1161 1162
f 1062 1162 1063
f 1063 1162 1163
f 1063 1163 1064
f 1064 1163 1164
f 1064 1164 1065
f 1065 1164 1165
f 1065 1165 1066
f 1066 1165 1166
f 1066 1166 1067
f 1067 1166 1167
f 1067 1167 1068
f 1068 1167 1168
f 1068 1168 1069
f 1069 1168 1169
f 1069 1169 1070
f 1070 1169 1170
f 1070 1170 1071
f 1071 1170 1171
f 1071 1171 1072
f 1072 1171 1172
f 1072 1172 1073
f 1073 1172 1173
f 1073 1173 1074
f 1074 1173 1174
f 1074 1174 1075
f 1075 1174 1175
f 1075 1175 1076
f 1076 1175 1176
f 1076 1176 1077
f 1077 1176 1177
f 1077 1177 1078
f 1078 1177 1178
f 1078 1178 1079
f 1079 1178 1179
f 1079 1179 1080
f 1080 1179 1180
f 1080 1180 1081
f 1081 1180 1181
f 1081 1181 1082
f 1082 1181 1182
f 1082 1182 1083
f 1083 1182 1183
f 1083 1183 1084
f 1084 1183 1184
f 1084 1184 1085
f 1085 1184 1185
f 1085 1185 1086
f 1086 1185 1186
f 1086 1186 1087
f 1087 1186 1187
f 1087 1187 1088
f 1088 1187 1188
f 1088 1188 1089
f 1089 1188 1189
f 1089 1189 1090
f 1090 1189 1190
f 1090 1190 1091
f 1091 1190 1191
f 1091 1191 1092
f 1092 1191 1192
f 1092 1192 1093
f 1093 1192 1193
f 1093 1193 1094
f 1094 1193 1194
f 1094 1194 1095
f 1095 1194 1195
f 1095 1195 1096
f 1096 1195 1196
f 1096 1196 1097
f 1097 1196 1197
f 1097 1197 1098
f 1098 1197 1198
f 1098 1198 1099
f 1099 1198 1199
f 1099 1199 1100
f 1100 1199 1200
f 1100 1200 1101
f 1101 1200 1201
f 1101 1201 1002
f 1002 1201 1102
f 1102 1202 1103
f 1103 1202 1203
f 1103 1203 1104
f 1104 1203 1204
f 1104 1204 1105
f 1105 1204 1205
f 1105 1205 1106
f 1106 1205 1206
f 1106 1206 1107
f 1107 1206 1207
f 1107 1207 1108
f 1108 1207 1208
f 1108 1208 1109
f 1109 1208 1209
f 1109 1209 1110
f 1110 1209 1210
f 1110 1210 1111
f 1111 1210 1211
f 1111 1211 1112
f 1112 1211 1212
f 1112 1212 1113
f 1113 1212 1213
f 1113 1213 1114
f 1114 1213 1214
f 1114 1214 1115
f 1115 1214 1215
f 1115 1215 1116
f 1116 1215 1216
f 1116 1216 1117
f 1117 1216 1217
f 1117 1217 1118
f 1118 1217 1218
f 1118 1218 1119
f 1119 1218 1219
f 1119 1219 1120
f 1120 1219 1220
f 1120 1220 1121
f 1121 1220 1221
f 1121 1221 1122
f 1122 1221 1222
f 1122 1222 1123
f 1123 1222 1223
f 1123 1223 1124
f 1124 1223 1224
f 1124 1224 1125
f 1125 1224 1225
f 1125 1225 1126
f 1126 1225 1226
f 1126 1226 1127
f 1127 1226 1227
f 1127 1227 1128
f 1128 1227 1228
f 1128 1228 1129
f 1129 1228 1229
f 1129 1229 1130
f 1130 1229 1230
f 1130 1230 1131
f 1131 1230 1231
f 1131 1231 1132
f 1132 1231 1232
f 1132 1232 1133
f 1133 1232 1233
f 1133 1233 1134
f 1134 1233 1234
f 1134 1234 1135
f 1135 1234 1235
f 1135 1235 1136
f 1136 1235 1236
f 1136 1236 1137
f 1137 1236 1237
f 1137 1237 1138
f 1138 1237 1238
f 1138 1238 1139
f 1139 1238 1239
f 1139 1239 1140
f 1140 1239 1240
f 1140 1240 1141
f 1141 1240 1241
f 1141 1241 1142
f 1142 1241 1242
f 1142 1242 1143
f 1143 1242 1243
f 1143 1243 1144
f 1144 1243 1244
f 1144 1244 1145
f 1145 1244 1245
f 1145 1245 1146
f 1146 1245 1246
f 1146 1246 1147
f 1147 1246 1247
f 1147 1247 1148
f 1148 1247 1248
f 1148 1248 1149
f 1149 1248 1249
f 1149 1249 1150
f 1150 1249 1250
f 1150 1250 1151
f 1151 1250 1251
f 1151 1251 1152
f 1152 1251 1252
f 1152 1252 1153
f 1153 1252 1253
f 1153 1253 1154
f 1154 1253 1254
f 1154 1254 1155
f 1155 1254 1255
f 1155 1255 1156
f 1156 1255 1256
f 1156 1256 1157
f 1157 1256 1257
f 1157 1257 1158
f 1158 1257 1258
f 1158 1258 1159
f 1159 1258 1259
f 1159 1259 1160
f 1160 1259 1260
f 1160 1260 1161
f 1161 1260 1261
f 1161 1261 1162
f 1162 1261 1262
f 1162 1262 1163
f 1163 1262 1263
f 1163 1263 1164
f 1164 1263 1264
f 1164 1264 1165
f 1165 1264 1265
f 1165 1265 1166
f 1166 1265 1266
f 1166 1266 1167
f 1167 1266 1267
f 1167 1267 1168
f 1168 1267 1268
f 1168 1268 1169
f 1169 1268 1269
f 1169 1269 1170
f 1170 1269 1270
f 1170 1270 1171
f 1171 1270 1271
f 1171 1271 1172
f 1172 1271 1272
f 1172 1272 1173
f 1173 1272 1273
f 1173 1273 1174
f 1174 1273 1274
f 1174 1274 1175
f 1175 1274 1275
f 1175 1275 1176
f 1176 1275 1276
f 1176 1276 1177
f 1177 1276 1277
f 1177 1277 1178
f 1178 1277 1278
f 1178 1278 1179
f 1179 1278 1279
f 1179 1279 1180
f 1180 1279 1280
f 1180 1280 1181
f 1181 1280 1281
f 1181 1281 1182
f 1182 1281 1282
f 1182 1282 1183
f 1183 1282 1283
f 1183 1283 1184
f 1184 1283 1284
f 1184 1284 1185
f 1185 1284 1285
f 1185 1285 1186
f 1186 1285 1286
f 1186 1286 1187
f 1187 1286 1287
f 1187 1287 1188
f 1188 1287 1288
f 1188 1288 1189
f 1189 1288 1289
f 1189 1289 1190
f 1190 1289 1290
f 1190 1290 1191
f 1191 1290 1291
f 1191 1291 1192
f 1192 1291 1292
f 1192 1292 1193
f 1193 1292 1293
f 1193 1293 1194
f 1194 1293 1294
f 1194 1294 1195
f 1195 1294 1295
f 1195 1295 1196
f 1196 1295 1296
f 1196 1296 1197
f 1197 1296 1297
f 1197 1297 1198
f 1198 1297 1298
f 1198 1298 1199
f 1199 1298 1299
f 1199 1299 1200
f 1200 1299 1300
f 1200 1300 1201
f 1201 1300 1301
f 1201 1301 1102
f 1102 1301 1202
f 1202 1302 1203
f 1203 1302 1303
f 1203 1303 1204
f 1204 1303 1304
f 1204 1304 1205
f 1205 1304 1305
f 1205 1305 1206
f 1206 1305 1306
f 1206 1306 1207
f 1207 1306 1307
f 1207 1307 1208
f 1208 1307 1308
f 1208 1308 1209
f 1209 1308 1309
f 1209 1309 1210
f 1210 1309 1310
f 1210 1310 1211
f 1211 1310 1311
f 1211 1311 1212
f 1212 1311 1312
f 1212 1312 1213
f 1213 1312 1313
f 1213 1313 1214
f 1214 1313 1314
f 1214 1314 1215
f 1215 1314 1315
f 1215 1315 1216
f 1216 1315 1316
f 1216 1316 1217
f 1217 1316 1317
f 1217 1317 1218
f 1218 1317 1318
f 1218 1318 1219
f 1219 1318 1319
f 1219 1319 1220
f 1220 1319 1320
f 1220 1320 1221
f 1221 1320 1321
f 1221 1321 1222
f 1222 1321 1322
f 1222 1322 1223
f 1223 1322 1323
f 1223 1323 1224
f 1224 1323 1324
f 1224 1324 1225
f 1225 1324 1325
f 1225 1325 1226
f 1226 1325 1326
f 1226 1326 1227
f 1227 1326 1327
f 1227 1327 1228
f 1228 1327 1328
f 1228 1328 1229
f 1229 1328 1329
f 1229 1329 1230
f 1230 1329 1330
f 1230 1330 1231
f 1231 1330 1331
f 1231 1331 1232
f 1232 1331 1332
f 1232 1332 1233
f 1233 1332 1333
f 1233 1333 1234
f 1234 1333 1334
f 1234 1334 1235
f 1235 1334 1335
f 1235 1335 1236
f 1236 1335 1336
f 1236 1336 1237
f 1237 1336 1337
f 1237 1337 1238
f 1238 1337 1338
f 1238 1338 1239
f 1239 1338 1339
f 1239 1339 1240
f 1240 1339 1340
f 1240 1340 1241
f 1241 1340 1341
f 1241 1341 1242
f 1242 1341 1342
f 1242 1342 1243
f 1243 1342 1343
f 1243 1343 1244
f 1244 1343 1344
f 1244 1344 1245
f 1245 1344 1345
f 1245 1345 1246
f 1246 1345 1346
f 1246 1346 1247
f 1247 1346 1347
f 1247 1347 1248
f 1248 1347 1348
f 1248 1348 1249
f 1249 1348 1349
f 1249 1349 1250
f 1250 1349 1350
f 1250 1350 1251
f 1251 1350 1351
f 1251 1351 1252
f 1252 1351 1352
f 1252 1352 1253
f 1253 1352 1353
f 1253 1353 1254
f 1254 1353 1354
f 1254 1354 1255
f 1255 1354 1355
f 1255 1355 1256
f 1256 1355 1356
f 1256 1356 1257
f 1257 1356 1357
f 1257 1357 1258
f 1258 1357 1358
f 1258 1358 1259
f 1259 1358 1359
f 1259 1359 1260
f 1260 1359 1360
f 1260 1360 1261
f 1261 1360 1361
f 1261 1361 1262
f 1262 1361 1362
f 1262 1362 1263
f 1263 1362 1363
f 1263 1363 1264
f 1264 1363 1364
f 1264 1364 1265
f 1265 1364 1365
f 1265 1365 1266
f 1266 1365 1366
f 1266 1366 1267
f 1267 1366 1367
f 1267 1367 1268
f 1268 1367 1368
f 1268 1368 1269
f 1269 1368 1369
f 1269 1369 1270
f 1270 1369 1370
f 1270 1370 1271
f 1271 1370 1371
f 1271 1371 1272
f 1272 1371 1372
f 1272 1372 1273
f 1273 1372 1373
f 1273 1373 1274
f 1274 1373 1374
f 1274 1374 1275
f 1275 1374 1375
f 1275 1375 1276
f 1276 1375 1376
f 1276 1376 1277
f 1277 1376 1377
f 1277 1377 1278
f 1278 1377 1378
f 1278 1378 1279
f 1279 1378 1379
f 1279 1379 1280
f 1280 1379 1380
f 1280 1380 1281
f 1281 1380 1381
f 1281 1381 1282
f 1282 1381 1382
f 1282 1382 1283
f 1283 1382 1383
f 1283 1383 1284
f 1284 1383 1384
f 1284 1384 1285
f 1285 1384 1385
f 1285 1385 1286
f 1286 1385 1386
f 1286 1386 1287
f 1287 1386 1387
f 1287 1387 1288
f 1288 1387 1388
f 1288 1388 1289
f 1289 1388 1389
f 1289 1389 1290
f 1290 1389 1390
f 1290 1390 1291
f 1291 1390 1391
f 1291 1391 1292
f 1292 1391 1392
f 1292 1392 1293
f 1293 1392 1393
f 1293 1393 1294
f 1294 1393 1394
f 1294 1394 1295
f 1295 1394 1395
f 1295 1395 1296
f 1296 1395 1396
f 1296 1396 1297
f 1297 1396 1397
f 1297 1397 1298
f 1298 1397 1398
f 1298 1398 1299
f 1299 1398 1399
f 1299 1399 1300
f 1300 1399 1400
f 1300 1400 1301
f 1301 1400 1401
f 1301 1401 1202
f 1202 1401 1302
f 1302 1402 1303
f 1303 1402 1403
f 1303 1403 1304
f 1304 1403 1404
f 1304 1404 1305
f 1305 1404 1405
f 1305 1405 1306
f 1306 1405 1406
f 1306 1406 1307
f 1307 1406 1407
f 1307 1407 1308
f 1308 1407 1408
f 1308 1408 1309
f 1309 1408 1409
f 1309 1409 1310
f 1310 1409 1410
f 1310 1410 1311
f 1311 1410 1411
f 1311 1411 1312
f 1312 1411 1412
f 1312 1412 1313
f 1313 1412 1413
f 1313 1413 1314
f 1314 1413 1414
f 1314 1414 1315
f 1315 1414 1415
f 1315 1415 1316
f 1316 1415 1416
f 1316 1416 1317
f 1317 1416 1417
f 1317 1417 1318
f 1318 1417 1418
f 1318 1418 1319
f 1319 1418 1419
f 1319 1419 1320
f 1320 1419 1420
f 1320 1420 1321
f 1321 1420 1421
f 1321 1421 1322
f 1322 1421 1422
f 1322 1422 1323
f 1323 1422 1423
f 1323 1423 1324
f 1324 1423 1424
f 1324 1424 1325
f 1325 1424 1425
f 1325 1425 1326
f 1326 1425 1426
f 1326 1426 1327
f 1327 1426 1427
f 1327 1427 1328
f 1328 1427 1428
f 1328 1428 1329
f 1329 1428 1429
f 1329 1429 1330
f 1330 1429 1430
f 1330 1430 1331
f 1331 1430 1431
f 1331 1431 1332
f 1332 1431 1432
f 1332 1432 1333
f 1333 1432 1433
f 1333 1433 1334
f 1334 1433 1434
f 1334 1434 1335
f 1335 1434 1435
f 1335 1435 1336
f 1336 1435 1436
f 1336 1436 1337
f 1337 1436 1437
f 1337 1437 1338
f 1338 1437 1438
f 1338 1438 1339
f 1339 1438 1439
f 1339 1439 1340
f 1340 1439 1440
f 1340 1440 1341
f 1341 1440 1441
f 1341 1441 1342
f 1342 1441 1442
f 1342 1442 1343
f 1343 1442 1443
f 1343 1443 1344
f 1344 1443 1444
f 1344 1444 1345
f 1345 1444 1445
f 1345 1445 1346
f 1346 1445 1446
f 1346 1446 1347
f 1347 1446 1447
f 1347 1447 1348
f 1348 1447 1448
f 1348 1448 1349
f 1349 1448 1449
f 1349 1449 1350
f 1350 1449 1450
f 1350 1450 1351
f 1351 1450 1451
f 1351 1451 1352
f 1352 1451 1452
f 1352 1452 1353
f 1353 1452 1453
f 1353 1453 1354
f 1354 1453 1454
f 1354 1454 1355
f 1355 1454 1455
f 1355 1455 1356
f 1356 1455 1456
f 1356 1456 1357
f 1357 1456 1457
f 1357 1457 1358
f 1358 1457 1458
f 1358 1458 1359
f 1359 1458 1459
f 1359 1459 1360
f 1360 1459 1460
f 1360 1460 1361
f 1361 1460 1461
f 1361 1461 1362
f 1362 1461 1462
f 1362 1462 1363
f 1363 1462 1463
f 1363 1463 1364
f 1364 1463 1464
f 1364 1464 1365
f 1365 1464 1465
f 1365 1465 1366
f 1366 1465 1466
f 1366 1466 1367
f 1367 1466 1467
f 1367 1467 1368
f 1368 1467 1468
f 1368 1468 1369
f 1369 1468 1469
f 1369 1469 1370
f 1370 1469 1470
f 1370 1470 1371
f 1371 1470 1471
f 1371 1471 1372
f 1372 1471 1472
f 1372 1472 1373
f 1373 1472 1473
f 1373 1473 1374
f 1374 1473 1474
f 1374 1474 1375
f 1375 1474 1475
f 1375 1475 1376
f 1376 1475 1476
f 1376 1476 1377
f 1377 1476 1477
f 1377 1477 1378
f 1378 1477 1478
f 1378 1478 1379
f 1379 1478 1479
f 1379 1479 1380
f 1380 1479 1480
f 1380 1480 1381
f 1381 1480 1481
f 1381 1481 1382
f 1382 1481 1482
f 1382 1482 1383
f 1383 1482 1483
f 1383 1483 1384
f 1384 1483 1484
f 1384 1484 1385
f 1385 1484 1485
f 1385 1485 1386
f 1386 1485 1486
f 1386 1486 1387
f 1387 1486 1487
f 1387 1487 1388
f 1388 1487 1488
f 1388 1488 1389
f 1389 1488 1489
f 1389 1489 1390
f 1390 1489 1490
f 1390 1490 1391
f 1391 1490 1491
f 1391 1491 1392
f 1392 1491 1492
f 1392 1492 1393
f 1393 1492 1493
f 1393 1493 1394
f 1394 1493 1494
f 1394 1494 1395
f 1395 1494 1495
f 1395 1495 1396
f 1396 1495 1496
f 1396 1496 1397
f 1397 1496 1497
f 1397 1497 1398
f 1398 1497 1498
f 1398 1498 1399
f 1399 1498 1499
f 1399 1499 1400
f 1400 1499 1500
f 1400 1500 1401
f 1401 1500 1501
f 1401 1501 1302
f 1302 1501 1402
f 1402 1502 1403
f 1403 1502 1503
f 1403 1503 1404
f 1404 1503 1504
f 1404 1504 1405
f 1405 1504 1505
f 1405 1505 1406
f 1406 1505 1506
f 1406 1506 1407
f 1407 1506 1507
f 1407 1507 1408
f 1408 1507 1508
f 1408 1508 1409
f 1409 1508 1509
f 1409 1509 1410
f 1410 1509 1510
f 1410 1510 1411
f 1411 1510 1511
f 1411 1511 1412
f 1412 1511 1512
f 1412 1512 1413
f 1413 1512 1513
f 1413 1513 1414
f 1414 1513 1514
f 1414 1514 1415
f 1415 1514 1515
f 1415 1515 1416
f 1416 1515 1516
f 1416 1516 1417
f 1417 1516 1517
f 1417 1517 1418
f 1418 1517 1518
f 1418 1518 1419
f 1419 1518 1519
f 1419 1519 1420
f 1420 1519 1520
f 1420 1520 1421
f 1421 1520 1521
f 1421 1521 1422
f 1422 1521 1522
f 1422 1522 1423
f 1423 1522 1523
f 1423 1523 1424
f 1424 1523 1524
f 1424 1524 1425
f 1425 1524 1525
f 1425 1525 1426
f 1426 1525 1526
f 1426 1526 1427
f 1427 1526 1527
f 1427 1527 1428
f 1428 1527 1528
f 1428 1528 1429
f 1429 1528 1529
f 1429 1529 1430
f 1430 1529 1530
f 1430 1530 1431
f 1431 1530 1531
f 1431 1531 1432
f 1432 1531 1532
f 1432 1532 1433
f 1433 1532 1533
f 1433 1533 1434
f 1434 1533 1534
f 1434 1534 1435
f 1435 1534 1535
f 1435 1535 1436
f 1436 1535 1536
f 1436 1536 1437
f 1437 1536 1537
f 1437 1537 1438
f 1438 1537 1538
f 1438 1538 1439
f 1439 1538 1539
f 1439 1539 1440
f 1440 1539 1540
f 1440 1540 1441
f 1441 1540 1541
f 1441 1541 1442
f 1442 1541 1542
f 1442 1542 1443
f 1443 1542 1543
f 1443 1543 1444
f 1444 1543 1544
f 1444 1544 1445
f 1445 1544 1545
f 1445 1545 1446
f 1446 1545 1546
f 1446 1546 1447
f 1447 1546 1547
f 1447 1547 1448
f 1448 1547 1548
f 1448 1548 1449
f 1449 1548 1549
f 1449 1549 1450
f 1450 1549 1550
f 1450 1550 1451
f 1451 1550 1551
f 1451 1551 1452
f 1452 1551 1552
f 1452 1552 1453
f 1453 1552 1553
f 1453 1553 1454
f 1454 1553 1554
f 1454 1554 1455
f 1455 1554 1555
f 1455 1555 1456
f 1456 1555 1556
f 1456 1556 1457
f 1457 1556 1557
f 1457 1557 1458
f 1458 1557 1558
f 1458 1558 1459
f 1459 1558 1559
f 1459 1559 1460
f 1460 1559 1560
f 1460 1560 1461
f 1461 1560 1561
f 1461 1561 1462
f 1462 1561 1562
f 1462 1562 1463
f 1463 1562 1563
f 1463 1563 1464
f 1464 1563 1564
f 1464 1564 1465
f 1465 1564 1565
f 1465 1565 1466
f 1466 1565 1566
f 1466 1566 1467
f 1467 1566 1567
f 1467 1567 1468
f 1468 1567 1568
f 1468 1568 1469
f 1469 1568 1569
f 1469 1569 1470
f 1470 1569 1570
f 1470 1570 1471
f 1471 1570 1571
f 1471 1571 1472
f 1472 1571 1572
f 1472 1572 1473
f 1473 1572 1573
f 1473 1573 1474
f 1474 1573 1574
f 1474 1574 1475
f 1475 1574 1575
f 1475 1575 1476
f 1476 1575 1576
f 1476 1576 1477
f 1477 1576 1577
f 1477 1577 1478
f 1478 1577 1578
f 1478 1578 1479
f 1479 1578 1579
f 1479 1579 1480
f 1480 1579 1580
f 1480 1580 1481
f 1481 1580 1581
f 1481 1581 1482
f 1482 1581 1582
f 1482 1582 1483
f 1483 1582 1583
f 1483 1583 1484
f 1484 1583 1584
f 1484 1584 1485
f 1485 1584 1585
f 1485 1585 1486
f 1486 1585 1586
f 1486 1586 1487
f 1487 1586 1587
f 1487 1587 1488
f 1488 1587 1588
f 1488 1588 1489
f 1489 1588 1589
f 1489 1589 1490
f 1490 1589 1590
f 1490 1590 1491
f 1491 1590 1591
f 1491 1591 1492
f 1492 1591 1592
f 1492 1592 1493
f 1493 1592 1593
f 1493 1593 1494
f 1494 1593 1594
f 1494 1594 1495
f 1495 1594 1595
f 1495 1595 1496
f 1496 1595 1596
f 1496 1596 1497
f 1497 1596 1597
f 1497 1597 1498
f 1498 1597 1598
f 1498 1598 1499
f 1499 1598 1599
f 1499 1599 1500
f 1500 1599 1600
f 1500 1600 1501
f 1501 1600 1601
f 1501 1601 1402
f 1402 1601 1502
f 1502 1602 1503
f 1503 1602 1603
f 1503 1603 1504
f 1504 1603 1604
f 1504 1604 1505
f 1505 1604 1605
f 1505 1605 1506
f 1506 1605 1606
f 1506 1606 1507
f 1507 1606 1607
f 1507 1607 1508
f 1508 1607 1608
f 1508 1608 1509
f 1509 1608 1609
f 1509 1609 1510
f 1510 1609 1610
f 1510 1610 1511
f 1511 1610 1611
f 1511 1611 1512
f 1512 1611 1612
f 1512 1612 1513
f 1513 1612 1613
f 1513 1613 1514
f 1514 1613 1614
f 1514 1614 1515
f 1515 1614 1615
f 1515 1615 1516
f 1516 1615 1616
f 1516 1616 1517
f 1517 1616 1617
f 1517 1617 1518
f 1518 1617 1618
f 1518 1618 1519
f 1519 1618 1619
f 1519 1619 1520
f 1520 1619 1620
f 1520 1620 1521
f 1521 1620 1621
f 1521 1621 1522
f 1522 1621 1622
f 1522 1622 1523
f 1523 1622 1623
f 1523 1623 1524
f 1524 1623 1624
f 1524 1624 1525
f 1525 1624 1625
f 1525 1625 1526
f 1526 1625 1626
f 1526 1626 1527
f 1527 1626 1627
f 1527 1627 1528
f 1528 1627 1628
f 1528 1628 1529
f 1529 1628 1629
f 1529 1629 1530
f 1530 1629 1630
f 1530 1630 1531
f 1531 1630 1631
f 1531 1631 1532
f 1532 1631 1632
f 1532 1632 1533
f 1533 1632 1633
f 1533 1633 1534
f 1534 1633 1634
f 1534 1634 1535
f 1535 1634 1635
f 1535 1635 1536
f 1536 1635 1636
f 1536 1636 1537
f 1537 1636 1637
f 1537 1637 1538
f 1538 1637 1638
f 1538 1638 1539
f 1539 1638 1639
f 1539 1639 1540
f 1540 1639 1640
f 1540 1640 1541
f 1541 1640 1641
f 1541 1641 1542
f 1542 1641 1642
f 1542 1642 1543
f 1543 1642 1643
f 1543 1643 1544
f 1544 1643 1644
f 1544 1644 1545
f 1545 1644 1645
f 1545 1645 1546
f 1546 1645 1646
f 1546 1646 1547
f 1547 1646 1647
f 1547 1647 1548
f 1548 1647 1648
f 1548 1648 1549
f 1549 1648 1649
f 1549 1649 1550
f 1550 1649 1650
f 1550 1650 1551
f 1551 1650 1651
f 1551 1651 1552
f 1552 1651 1652
f 1552 1652 1553
f 1553 1652 1653
f 1553 1653 1554
f 1554 1653 1654
f 1554 1654 1555
f 1555 1654 1655
f 1555 1655 1556
f 1556 1655 1656
f 1556 1656 1557
f 1557 1656 1657
f 1557 1657 1558
f 1558 1657 1658
f 1558 1658 1559
f 1559 1658 1659
f 1559 1659 1560
f 1560 1659 1660
f 1560 1660 1561
f 1561 1660 1661
f 1561 1661 1562
f 1562 1661 1662
f 1562 1662 1563
f 1563 1662 1663
f 1563 1663 1564
f 1564 1663 1664
f 1564 1664 1565
f 1565 1664 1665
f 1565 1665 1566
f 1566 1665 1666
f 1566 1666 1567
f 1567 1666 1667
f 1567 1667 1568
f 1568 1667 1668
f 1568 1668 1569
f 1569 1668 1669
f 1569 1669 1570
f 1570 1669 1670
f 1570 1670 1571
f 1571 1670 1671
f 1571 1671 1572
f 1572 1671 1672
f 1572 1672 1573
f 1573 1672 1673
f 1573 1673 1574
f 1574 1673 1674
f 1574 1674 1575
f 1575 1674 1675
f 1575 1675 1576
f 1576 1675 1676
f 1576 1676 1577
f 1577 1676 1677
f 1577 1677 1578
f 1578 1677 1678
f 1578 1678 1579
f 1579 1678 1679
f 1579 1679 1580
f 1580 1679 1680
f 1580 1680 1581
f 1581 1680 1681
f 1581 1681 1582
f 1582 1681 1682
f 1582 1682 1583
f 1583 1682 1683
f 1583 1683 1584
f 1584 1683 1684
f 1584 1684 1585
f 1585 1684 1685
f 1585 1685 1586
f 1586 1685 1686
f 1586 1686 1587
f 1587 1686 1687
f 1587 1687 1588
f 1588 1687 1688
f 1588 1688 1589
f 1589 1688 1689
f 1589 1689 1590
f 1590 1689 1690
f 1590 1690 1591
f 1591 1690 1691
f 1591 1691 1592
f 1592 1691 1692
f 1592 1692 1593
f 1593 1692 1693
f 1593 1693 1594
f 1594 1693 1694
f 1594 1694 1595
f 1595 1694 1695
f 1595 1695 1596
f 1596 1695 1696
f 1596 1696 1597
f 1597 1696 1697
f 1597 1697 1598
f 1598 1697 1698
f 1598 1698 1599
f 1599 1698 1699
f 1599 1699 1600
f 1600 1699 1700
f 1600 1700 1601
f 1601 1700 1701
f 1601 1701 1502
f 1502 1701 1602
f 1602 1702 1603
f 1603 1702 1703
f 1603 1703 1604
f 1604 1703 1704
f 1604 1704 1605
f 1605 1704 1705
f 1605 1705 1606
f 1606 1705 1706
f 1606 1706 1607
f 1607 1706 1707
f 1607 1707 1608
f 1608 1707 1708
f 1608 1708 1609
f 1609 1708 1709
f 1609 1709 1610
f 1610 1709 1710
f 1610 1710 1611
f 1611 1710 1711
f 1611 1711 1612
f 1612 1711 1712
f 1612 1712 1613
f 1613 1712 1713
f 1613 1713 1614
f 1614 1713 1714
f 1614 1714 1615
f 1615 1714 1715
f 1615 1715 1616
f 1616 1715 1716
f 1616 1716 1617
f 1617 1716 1717
f 1617 1717 1618
f 1618 1717 1718
f 1618 1718 1619
f 1619 1718 1719
f 1619 1719 1620
f 1620 1719 1720
f 1620 1720 1621
f 1621 1720 1721
f 1621 1721 1622
f 1622 1721 1722
f 1622 1722 1623
f 1623 1722 1723
f 1623 1723 1624
f 1624 1723 1724
f 1624 1724 1625
f 1625 1724 1725
f 1625 1725 1626
f 1626 1725 1726
f 1626 1726 1627
f 1627 1726 1727
f 1627 1727 1628
f 1628 1727 1728
f 1628 1728 1629
f 1629 1728 1729
f 1629 1729 1630
f 1630 1729 1730
f 1630 1730 1631
f 1631 1730 1731
f 1631 1731 1632
f 1632 1731 1732
f 1632 1732 1633
f 1633 1732 1733
f 1633 1733 1634
f 1634 1733 1734
f 1634 1734 1635
f 1635 1734 1735
f 1635 1735 1636
f 1636 1735 1736
f 1636 1736 1637
f 1637 1736 1737
f 1637 1737 1638
f 1638 1737 1738
f 1638 1738 1639
f 1639 1738 1739
f 1639 1739 1640
f 1640 1739 1740
f 1640 1740 1641
f 1641 1740 1741
f 1641 1741 1642
f 1642 1741 1742
f 1642 1742 1643
f 1643 1742 1743
f 1643 1743 1644
f 1644 1743 1744
f 1644 1744 1645
f 1645 1744 1745
f 1645 1745 1646
f 1646 1745 1746
f 1646 1746 1647
f 1647 1746 1747
f 1647 1747 1648
f 1648 1747 1748
f 1648 1748 1649
f 1649 1748 1749
f 1649 1749 1650
f 1650 1749 1750
f 1650 1750 1651
f 1651 1750 1751
f 1651 1751 1652
f 1652 1751 1752
f 1652 1752 1653
f 1653 1752 1753
f 1653 1753 1654
f 1654 1753 1754
f 1654 1754 1655
f 1655 1754 1755
f 1655 1755 1656
f 1656 1755 1756
f 1656 1756 1657
f 1657 1756 1757
f 1657 1757 1658
f 1658 1757 1758
f 1658 1758 1659
f 1659 1758 1759
f 1659 1759 1660
f 1660 1759 1760
f 1660 1760 1661
f 1661 1760 1761
f 1661 1761 1662
f 1662 1761 1762
f 1662 1762 1663
f 1663 1762 1763
f 1663 1763 1664
f 1664 1763 1764
f 1664 1764 1665
f 1665 1764 1765
f 1665 1765 1666
f 1666 1765 1766
f 1666 1766 1667
f 1667 1766 1767
f 1667 1767 1668
f 1668 1767 1768
f 1668 1768 1669
f 1669 1768 1769
f 1669 1769 1670
f 1670 1769 1770
f 1670 1770 1671
f 1671 1770 1771
f 1671 1771 1672
f 1672 1771 1772
f 1672 1772 1673
f 1673 1772 1773
f 1673 1773 1674
f 1674 1773 1774
f 1674 1774 1675
f 1675 1774 1775
f 1675 1775 1676
f 1676 1775 1776
f 1676 1776 1677
f 1677 1776 1777
f 1677 1777 1678
f 1678 1777 1778
f 1678 1778 1679
f 1679 1778 1779
f 1679 1779 1680
f 1680 1779 1780
f 1680 1780 1681
f 1681 1780 1781
f 1681 1781 1682
f 1682 1781 1782
f 1682 1782 1683
f 1683 1782 1783
f 1683 1783 1684
f 1684 1783 1784
f 1684 1784 1685
f 1685 1784 1785
f 1685 1785 1686
f 1686 1785 1786
f 1686 1786 1687
f 1687 1786 1787
f 1687 1787 1688
f 1688 1787 1788
f 1688 1788 1689
f 1689 1788 1789
f 1689 1789 1690
f 1690 1789 1790
f 1690 1790 1691
f 1691 1790 1791
f 1691 1791 1692
f 1692 1791 1792
f 1692 1792 1693
f 1693 1792 1793
f 1693 1793 1694
f 1694 1793 1794
f 1694 1794 1695
f 1695 1794 1795
f 1695 1795 1696
f 1696 1795 1796
f 1696 1796 1697
f 1697 1796 1797
f 1697 1797 1698
f 1698 1797 1798
f 1698 1798 1699
f 1699 1798 1799
f 1699 1799 1700
f 1700 1799 1800
f 1700 1800 1701
f 1701 1800 1801
f 1701 1801 1602
f 1602 1801 1702
f 1702 1802 1703
f 1703 1802 1803
f 1703 1803 1704
f 1704 1803 1804
f 1704 1804 1705
f 1705 1804 1805
f 1705 1805 1706
f 1706 1805 1806
f 1706 1806 1707
f 1707 1806 1807
f 1707 1807 1708
f 1708 1807 1808
f 1708 1808 1709
f 1709 1808 1809
f 1709 1809 1710
f 1710 1809 1810
f 1710 1810 1711
f 1711 1810 1811
f 1711 1811 1712
f 1712 1811 1812
f 1712 1812 1713
f 1713 1812 1813
f 1713 1813 1714
f 1714 1813 1814
f 1714 1814 1715
f 1715 1814 1815
f 1715 1815 1716
f 1716 1815 1816
f 1716 1816 1717
f 1717 1816 1817
f 1717 1817 1718
f 1718 1817 1818
f 1718 1818 1719
f 1719 1818 1819
f 1719 1819 1720
f 1720 1819 1820
f 1720 1820 1721
f 1721 1820 1821
f 1721 1821 1722
f 1722 1821 1822
f 1722 1822 1723
f 1723 1822 1823
f 1723 1823 1724
f 1724 1823 1824
f 1724 1824 1725
f 1725 1824 1825
f 1725 1825 1726
f 1726 1825 1826
f 1726 1826 1727
f 1727 1826 1827
f 1727 1827 1728
f 1728 1827 1828
f 1728 1828 1729
f 1729 1828 1829
f 1729 1829 1730
f 1730 1829 1830
f 1730 1830 1731
f 1731 1830 1831
f 1731 1831 1732
f 1732 1831 1832
f 1732 1832 1733
f 1733 1832 1833
f 1733 1833 1734
f 1734 1833 1834
f 1734 1834 1735
f 1735 1834 1835
f 1735 1835 1736
f 1736 1835 1836
f 1736 1836 1737
f 1737 1836 1837
f 1737 1837 1738
f 1738 1837 1838
f 1738 1838 1739
f 1739 1838 1839
f 1739 1839 1740
f 1740 1839 1840
f 1740 1840 1741
f 1741 1840 1841
f 1741 1841 1742
f 1742 1841 1842
f 1742 1842 1743
f 1743 1842 1843
f 1743 1843 1744
f 1744 1843 1844
f 1744 1844 1745
f 1745 1844 1845
f 1745 1845 1746
f 1746 1845 1846
f 1746 1846 1747
f 1747 1846 1847
f 1747 1847 1748
f 1748 1847 1848
f 1748 1848 1749
f 1749 1848 1849
f 1749 1849 1750
f 1750 1849 1850
f 1750 1850 1751
f 1751 1850 1851
f 1751 1851 1752
f 1752 1851 1852
f 1752 1852 1753
f 1753 1852 1853
f 1753 1853 1754
f 1754 1853 1854
f 1754 1854 1755
f 1755 1854 1855
f 1755 1855 1756
f 1756 1855 1856
f 1756 1856 1757
f 1757 1856 1857
f 1757 1857 1758
f 1758 1857 1858
f 1758 1858 1759
f 1759 1858 1859
f 1759 1859 1760
f 1760 1859 1860
f 1760 1860 1761
f 1761 1860 1861
f 1761 1861 1762
f 1762 1861 1862
f 1762 1862 1763
f 1763 1862 1863
f 1763 1863 1764
f 1764 1863 1864
f 1764 1864 1765
f 1765 1864 1865
f 1765 1865 1766
f 1766 1865 1866
f 1766 1866 1767
f 1767 1866 1867
f 1767 1867 1768
f 1768 1867 1868
f 1768 1868 1769
f 1769 1868 1869
f 1769 1869 1770
f 1770 1869 1870
f 1770 1870 1771
f 1771 1870 1871
f 1771 1871 1772
f 1772 1871 1872
f 1772 1872 1773
f 1773 1872 1873
f 1773 1873 1774
f 1774 1873 1874
f 1774 1874 1775
f 1775 1874 1875
f 1775 1875 1776
f 1776 1875 1876
f 1776 1876 1777
f 1777 1876 1877
f 1777 1877 1778
f 1778 1877 1878
f 1778 1878 1779
f 1779 1878 1879
f 1779 1879 1780
f 1780 1879 1880
f 1780 1880 1781
f 1781 1880 1881
f 1781 1881 1782
f 1782 1881 1882
f 1782 1882 1783
f 1783 1882 1883
f 1783 1883 1784
f 1784 1883 1884
f 1784 1884 1785
f 1785 1884 1885
f 1785 1885 1786
f 1786 1885 1886
f 1786 1886 1787
f 1787 1886 1887
f 1787 1887 1788
f 1788 1887 1888
f 1788 1888 1789
f 1789 1888 1889
f 1789 1889 1790
f 1790 1889 1890
f 1790 1890 1791
f 1791 1890 1891
f 1791 1891 1792
f 1792 1891 1892
f 1792 1892 1793
f 1793 1892 1893
f 1793 1893 1794
f 1794 1893 1894
f 1794 1894 1795
f 1795 1894 1895
f 1795 1895 1796
f 1796 1895 1896
f 1796 1896 1797
f 1797 1896 1897
f 1797 1897 1798
f 1798 1897 1898
f 1798 1898 1799
f 1799 1898 1899
f 1799 1899 1800
f 1800 1899 1900
f 1800 1900 1801
f 1801 1900 1901
f 1801 1901 1702
f 1702 1901 1802
f 1802 1902 1803
f 1803 1902 1903
f 1803 1903 1804
f 1804 1903 1904
f 1804 1904 1805
f 1805 1904 1905
f 1805 1905 1806
f 1806 1905 1906
f 1806 1906 1807
f 1807 1906 1907
f 1807 1907 1808
f 1808 1907 1908
f 1808 1908 1809
f 1809 1908 1909
f 1809 1909 1810
f 1810 1909 1910
f 1810 1910 1811
f 1811 1910 1911
f 1811 1911 1812
f 1812 1911 1912
f 1812 1912 1813
f 1813 1912 1913
f 1813 1913 1814
f 1814 1913 1914
f 1814 1914 1815
f 1815 1914 1915
f 1815 1915 1816
f 1816 1915 1916
f 1816 1916 1817
f 1817 1916 1917
f 1817 1917 1818
f 1818 1917 1918
f 1818 1918 1819
f 1819 1918 1919
f 1819 1919 1820
f 1820 1919 1920
f 1820 1920 1821
f 1821 1920 1921
f 1821 1921 1822
f 1822 1921 1922
f 1822 1922 1823
f 1823 1922 1923
f 1823 1923 1824
f 1824 1923 1924
f 1824 1924 1825
f 1825 1924 1925
f 1825 1925 1826
f 1826 1925 1926
f 1826 1926 1827
f 1827 1926 1927
f 1827 1927 1828
f 1828 1927 1928
f 1828 1928 1829
f 1829 1928 1929
f 1829 1929 1830
f 1830 1929 1930
f 1830 1930 1831
f 1831 1930 1931
f 1831 1931 1832
f 1832 1931 1932
f 1832 1932 1833
f 1833 1932 1933
f 1833 1933 1834
f 1834 1933 1934
f 1834 1934 1835
f 1835 1934 1935
f 1835 1935 1836
f 1836 1935 1936
f 1836 1936 1837
f 1837 1936 1937
f 1837 1937 1838
f 1838 1937 1938
f 1838 1938 1839
f 1839 1938 1939
f 1839 1939 1840
f 1840 1939 1940
f 1840 1940 1841
f 1841 1940 1941
f 1841 1941 1842
f 1842 1941 1942
f 1842 1942 1843
f 1843 1942 1943
f 1843 1943 1844
f 1844 1943 1944
f 1844 1944 1845
f 1845 1944 1945
f 1845 1945 1846
f 1846 1945 1946
f 1846 1946 1847
f 1847 1946 1947
f 1847 1947 1848
f 1848 1947 1948
f 1848 1948 1849
f 1849 1948 1949
f 1849 1949 1850
f 1850 1949 1950
f 1850 1950 1851
f 1851 1950 1951
f 1851 1951 1852
f 1852 1951 1952
f 1852 1952 1853
f 1853 1952 1953
f 1853 1953 1854
f 1854 1953 1954
f 1854 1954 1855
f 1855 1954 1955
f 1855 1955 1856
f 1856 1955 1956
f 1856 1956 1857
f 1857 1956 1957
f 1857 1957 1858
f 1858 1957 1958
f 1858 1958 1859
f 1859 1958 1959
f 1859 1959 1860
f 1860 1959 1960
f 1860 1960 1861
f 1861 1960 1961
f 1861 1961 1862
f 1862 1961 1962
f 1862 1962 1863
f 1863 1962 1963
f 1863 1963 1864
f 1864 1963 1964
f 1864 1964 1865
f 1865 1964 1965
f 1865 1965 1866
f 1866 1965 1966
f 1866 1966 1867
f 1867 1966 1967
f 1867 1967 1868
f 1868 1967 1968
f 1868 1968 1869
f 1869 1968 1969
f 1869 1969 1870
f 1870 1969 1970
f 1870 1970 1871
f 1871 1970 1971
f 1871 1971 1872
f 1872 1971 1972
f 1872 1972 1873
f 1873 1972 1973
f 1873 1973 1874
f 1874 1973 1974
f 1874 1974 1875
f 1875 1974 1975
f 1875 1975 1876
f 1876 1975 1976
f 1876 1976 1877
f 1877 1976 1977
f 1877 1977 1878
f 1878 1977 1978
f 1878 1978 1879
f 1879 1978 1979
f 1879 1979 1880
f 1880 1979 1980
f 1880 1980 1881
f 1881 1980 1981
f 1881 1981 1882
f 1882 1981 1982
f 1882 1982 1883
f 1883 1982 1983
f 1883 1983 1884
f 1884 1983 1984
f 1884 1984 1885
f 1885 1984 1985
f 1885 1985 1886
f 1886 1985 1986
f 1886 1986 1887
f 1887 1986 1987
f 1887 1987 1888
f 1888 1987 1988
f 1888 1988 1889
f 1889 1988 1989
f 1889 1989 1890
f 1890 1989 1990
f 1890 1990 1891
f 1891 1990 1991
f 1891 1991 1892
f 1892 1991 1992
f 1892 1992 1893
f 1893 1992 1993
f 1893 1993 1894
f 1894 1993 1994
f 1894 1994 1895
f 1895 1994 1995
f 1895 1995 1896
f 1896 1995 1996
f 1896 1996 1897
f 1897 1996 1997
f 1897 1997 1898
f 1898 1997 1998
f 1898 1998 1899
f 1899 1998 1999
f 1899 1999 1900
f 1900 1999 2000
f 1900 2000 1901
f 1901 2000 2001
f 1901 2001 1802
f 1802 2001 1902
f 1902 2002 1903
f 1903 2002 2003
f 1903 2003 1904
f 1904 2003 2004
f 1904 2004 1905
f 1905 2004 2005
f 1905 2005 1906
f 1906 2005 2006
f 1906 2006 1907
f 1907 2006 2007
f 1907 2007 1908
f 1908 2007 2008
f 1908 2008 1909
f 1909 2008 2009
f 1909 2009 1910
f 1910 2009 2010
f 1910 2010 1911
f 1911 2010 2011
f 1911 2011 1912
f 1912 2011 2012
f 1912 2012 1913
f 1913 2012 2013
f 1913 2013 1914
f 1914 2013 2014
f 1914 2014 1915
f 1915 2014 2015
f 1915 2015 1916
f 1916 2015 2016
f 1916 2016 1917
f 1917 2016 2017
f 1917 2017 1918
f 1918 2017 2018
f 1918 2018 1919
f 1919 2018 2019
f 1919 2019 1920
f 1920 2019 2020
f 1920 2020 1921
f 1921 2020 2021
f 1921 2021 1922
f 1922 2021 2022
f 1922 2022 1923
f 1923 2022 2023
f 1923 2023 1924
f 1924 2023 2024
f 1924 2024 1925
f 1925 2024 2025
f 1925 2025 1926
f 1926 2025 2026
f 1926 2026 1927
f 1927 2026 2027
f 1927 2027 1928
f 1928 2027 2028
f 1928 2028 1929
f 1929 2028 2029
f 1929 2029 1930
f 1930 2029 2030
f 1930 2030 1931
f 1931 2030 2031
f 1931 2031 1932
f 1932 2031 2032
f 1932 2032 1933
f 1933 2032 2033
f 1933 2033 1934
f 1934 2033 2034
f 1934 2034 1935
f 1935 2034 2035
f 1935 2035 1936
f 1936 2035 2036
f 1936 2036 1937
f 1937 2036 2037
f 1937 2037 1938
f 1938 2037 2038
f 1938 2038 1939
f 1939 2038 2039
f 1939 2039 1940
f 1940 2039 2040
f 1940 2040 1941
f 1941 2040 2041
f 1941 2041 1942
f 1942 2041 2042
f 1942 2042 1943
f 1943 2042 2043
f 1943 2043 1944
f 1944 2043 2044
f 1944 2044 1945
f 1945 2044 2045
f 1945 2045 1946
f 1946 2045 2046
f 1946 2046 1947
f 1947 2046 2047
f 1947 2047 1948
f 1948 2047 2048
f 1948 2048 1949
f 1949 2048 2049
f 1949 2049 1950
f 1950 2049 2050
f 1950 2050 1951
f 1951 2050 2051
f 1951 2051 1952
f 1952 2051 2052
f 1952 2052 1953
f 1953 2052 2053
f 1953 2053 1954
f 1954 2053 2054
f 1954 2054 1955
f 1955 2054 2055
f 1955 2055 1956
f 1956 2055 2056
f 1956 2056 1957
f 1957 2056 2057
f 1957 2057 1958
f 1958 2057 2058
f 1958 2058 1959
f 1959 2058 2059
f 1959 2059 1960
f 1960 2059 2060
f 1960 2060 1961
f 1961 2060 2061
f 1961 2061 1962
f 1962 2061 2062
f 1962 2062 1963
f 1963 2062 2063
f 1963 2063 1964
f 1964 2063 2064
f 1964 2064 1965
f 1965 2064 2065
f 1965 2065 1966
f 1966 2065 2066
f 1966 2066 1967
f 1967 2066 2067
f 1967 2067 1968
f 1968 2067 2068
f 1968 2068 1969
f 1969 2068 2069
f 1969 2069 1970
f 1970 2069 2070
f 1970 2070 1971
f 1971 2070 2071
f 1971 2071 1972
f 1972 2071 2072
f 1972 2072 1973
f 1973 2072 2073
f 1973 2073 1974
f 1974 2073 2074
f 1974 2074 1975
f 1975 2074 2075
f 1975 2075 1976
f 1976 2075 2076
f 1976 2076 1977
f 1977 2076 2077
f 1977 2077 1978
f 1978 2077 2078
f 1978 2078 1979
f 1979 2078 2079
f 1979 2079 1980
f 1980 2079 2080
f 1980 2080 1981
f 1981 2080 2081
f 1981 2081 1982
f 1982 2081 2082
f 1982 2082 1983
f 1983 2082 2083
f 1983 2083 1984
f 1984 2083 2084
f 1984 2084 1985
f 1985 2084 2085
f 1985 2085 1986
f 1986 2085 2086
f 1986 2086 1987
f 1987 2086 2087
f 1987 2087 1988
f 1988 2087 2088
f 1988 2088 1989
f 1989 2088 2089
f 1989 2089 1990
f 1990 2089 2090
f 1990 2090 1991
f 1991 2090 2091
f 1991 2091 1992
f 1992 2091 2092
f 1992 2092 1993
f 1993 2092 2093
f 1993 2093 1994
f 1994 2093 2094
f 1994 2094 1995
f 1995 2094 2095
f 1995 2095 1996
f 1996 2095 2096
f 1996 2096 1997
f 1997 2096 2097
f 1997 2097 1998
f 1998 2097 2098
f 1998 2098 1999
f 1999 2098 2099
f 1999 2099 2000
f 2000 2099 2100
f 2000 2100 2001
f 2001 2100 2101
f 2001 2101 1902
f 1902 2101 2002
f 2002 2102 2003
f 2003 2102 2103
f 2003 2103 2004
f 2004 2103 2104
f 2004 2104 2005
f 2005 2104 2105
f 2005 2105 2006
f 2006 2105 2106
f 2006 2106 2007
f 2007 2106 2107
f 2007 2107 2008
f 2008 2107 2108
f 2008 2108 2009
f 2009 2108 2109
f 2009 2109 2010
f 2010 2109 2110
f 2010 2110 2011
f 2011 2110 2111
f 2011 2111 2012
f 2012 2111 2112
f 2012 2112 2013
f 2013 2112 2113
f 2013 2113 2014
f 2014 2113 2114
f 2014 2114 2015
f 2015 2114 2115
f 2015 2115 2016
f 2016 2115 2116
f 2016 2116 2017
f 2017 2116 2117
f 2017 2117 2018
f 2018 2117 2118
f 2018 2118 2019
f 2019 2118 2119
f 2019 2119 2020
f 2020 2119 2120
f 2020 2120 2021
f 2021 2120 2121
f 2021 2121 2022
f 2022 2121 2122
f 2022 2122 2023
f 2023 2122 2123
f 2023 2123 2024
f 2024 2123 2124
f 2024 2124 2025
f 2025 2124 2125
f 2025 2125 2026
f 2026 2125 2126
f 2026 2126 2027
f 2027 2126 2127
f 2027 2127 2028
f 2028 2127 2128
f 2028 2128 2029
f 2029 2128 2129
f 2029 2129 2030
f 2030 2129 2130
f 2030 2130 2031
f 2031 2130 2131
f 2031 2131 2032
f 2032 2131 2132
f 2032 2132 2033
f 2033 2132 2133
f 2033 2133 2034
f 2034 2133 2134
f 2034 2134 2035
f 2035 2134 2135
f 2035 2135 2036
f 2036 2135 2136
f 2036 2136 2037
f 2037 2136 2137
f 2037 2137 2038
f 2038 2137 2138
f 2038 2138 2039
f 2039 2138 2139
f 2039 2139 2040
f 2040 2139 2140
f 2040 2140 2041
f 2041 2140 2141
f 2041 2141 2042
f 2042 2141 2142
f 2042 2142 2043
f 2043 2142 2143
f 2043 2143 2044
f 2044 2143 2144
f 2044 2144 2045
f 2045 2144 2145
f 2045 2145 2046
f 2046 2145 2146
f 2046 2146 2047
f 2047 2146 2147
f 2047 2147 2048
f 2048 2147 2148
f 2048 2148 2049
f 2049 2148 2149
f 2049 2149 2050
f 2050 2149 2150
f 2050 2150 2051
f 2051 2150 2151
f 2051 2151 2052
f 2052 2151 2152
f 2052 2152 2053
f 2053 2152 2153
f 2053 2153 2054
f 2054 2153 2154
f 2054 2154 2055
f 2055 2154 2155
f 2055 2155 2056
f 2056 2155 2156
f 2056 2156 2057
f 2057 2156 2157
f 2057 2157 2058
f 2058 2157 2158
f 2058 2158 2059
f 2059 2158 2159
f 2059 2159 2060
f 2060 2159 2160
f 2060 2160 2061
f 2061 2160 2161
f 2061 2161 2062
f 2062 2161 2162
f 2062 2162 2063
f 2063 2162 2163
f 2063 2163 2064
f 2064 2163 2164
f 2064 2164 2065
f 2065 2164 2165
f 2065 2165 2066
f 2066 2165 2166
f 2066 2166 2067
f 2067 2166 2167
f 2067 2167 2068
f 2068 2167 2168
f 2068 2168 2069
f 2069 2168 2169
f 2069 2169 2070
f 2070 2169 2170
f 2070 2170 2071
f 2071 2170 2171
f 2071 2171 2072
f 2072 2171 2172
f 2072 2172 2073
f 2073 2172 2173
f 2073 2173 2074
f 2074 2173 2174
f 2074 2174 2075
f 2075 2174 2175
f 2075 2175 2076
f 2076 2175 2176
f 2076 2176 2077
f 2077 2176 2177
f 2077 2177 2078
f 2078 2177 2178
f 2078 2178 2079
f 2079 2178 2179
f 2079 2179 2080
f 2080 2179 2180
f 2080 2180 2081
f 2081 2180 2181
f 2081 2181 2082
f 2082 2181 2182
f 2082 2182 2083
f 2083 2182 2183
f 2083 2183 2084
f 2084 2183 2184
f 2084 2184 2085
f 2085 2184 2185
f 2085 2185 2086
f 2086 2185 2186
f 2086 2186 2087
f 2087 2186 2187
f 2087 2187 2088
f 2088 2187 2188
f 2088 2188 2089
f 2089 2188 2189
f 2089 2189 2090
f 2090 2189 2190
f 2090 2190 2091
f 2091 2190 2191
f 2091 2191 2092
f 2092 2191 2192
f 2092 2192 2093
f 2093 2192 2193
f 2093 2193 2094
f 2094 2193 2194
f 2094 2194 2095
f 2095 2194 2195
f 2095 2195 2096
f 2096 2195 2196
f 2096 2196 2097
f 2097 2196 2197
f 2097 2197 2098
f 2098 2197 2198
f 2098 2198 2099
f 2099 2198 2199
f 2099 2199 2100
f 2100 2199 2200
f 2100 2200 2101
f 2101 2200 2201
f 2101 2201 2002
f 2002 2201 2102
f 2102 2202 2103
f 2103 2202 2203
f 2103 2203 2104
f 2104 2203 2204
f 2104 2204 2105
f 2105 2204 2205
f 2105 2205 2106
f 2106 2205 2206
f 2106 2206 2107
f 2107 2206 2207
f 2107 2207 2108
f 2108 2207 2208
f 2108 2208 2109
f 2109 2208 2209
f 2109 2209 2110
f 2110 2209 2210
f 2110 2210 2111
f 2111 2210 2211
f 2111 2211 2112
f 2112 2211 2212
f 2112 2212 2113
f 2113 2212 2213
f 2113 2213 2114
f 2114 2213 2214
f 2114 2214 2115
f 2115 2214 2215
f 2115 2215 2116
f 2116 2215 2216
f 2116 2216 2117
f 2117 2216 2217
f 2117 2217 2118
f 2118 2217 2218
f 2118 2218 2119
f 2119 2218 2219
f 2119 2219 2120
f 2120 2219 2220
f 2120 2220 2121
f 2121 2220 2221
f 2121 2221 2122
f 2122 2221 2222
f 2122 2222 2123
f 2123 2222 2223
f 2123 2223 2124
f 2124 2223 2224
f 2124 2224 2125
f 2125 2224 2225
f 2125 2225 2126
f 2126 2225 2226
f 2126 2226 2127
f 2127 2226 2227
f 2127 2227 2128
f 2128 2227 2228
f 2128 2228 2129
f 2129 2228 2229
f 2129 2229 2130
f 2130 2229 2230
f 2130 2230 2131
f 2131 2230 2231
f 2131 2231 2132
f 2132 2231 2232
f 2132 2232 2133
f 2133 2232 2233
f 2133 2233 2134
f 2134 2233 2234
f 2134 2234 2135
f 2135 2234 2235
f 2135 2235 2136
f 2136 2235 2236
f 2136 2236 2137
f 2137 2236 2237
f 2137 2237 2138
f 2138 2237 2238
f 2138 2238 2139
f 2139 2238 2239
f 2139 2239 2140
f 2140 2239 2240
f 2140 2240 2141
f 2141 2240 2241
f 2141 2241 2142
f 2142 2241 2242
f 2142 2242 2143
f 2143 2242 2243
f 2143 2243 2144
f 2144 2243 2244
f 2144 2244 2145
f 2145 2244 2245
f 2145 2245 2146
f 2146 2245 2246
f 2146 2246 2147
f 2147 2246 2247
f 2147 2247 2148
f 2148 2247 2248
f 2148 2248 2149
f 2149 2248 2249
f 2149 2249 2150
f 2150 2249 2250
f 2150 2250 2151
f 2151 2250 2251
f 2151 2251 2152
f 2152 2251 2252
f 2152 2252 2153
f 2153 2252 2253
f 2153 2253 2154
f 2154 2253 2254
f 2154 2254 2155
f 2155 2254 2255
f 2155 2255 2156
f 2156 2255 2256
f 2156 2256 2157
f 2157 2256 2257
f 2157 2257 2158
f 2158 2257 2258
f 2158 2258 2159
f 2159 2258 2259
f 2159 2259 2160
f 2160 2259 2260
f 2160 2260 2161
f 2161 2260 2261
f 2161 2261 2162
f 2162 2261 2262
f 2162 2262 2163
f 2163 2262 2263
f 2163 2263 2164
f 2164 2263 2264
f 2164 2264 2165
f 2165 2264 2265
f 2165 2265 2166
f 2166 2265 2266
f 2166 2266 2167
f 2167 2266 2267
f 2167 2267 2168
f 2168 2267 2268
f 2168 2268 2169
f 2169 2268 2269
f 2169 2269 2170
f 2170 2269 2270
f 2170 2270 2171
f 2171 2270 2271
f 2171 2271 2172
f 2172 2271 2272
f 2172 2272 2173
f 2173 2272 2273
f 2173 2273 2174
f 2174 2273 2274
f 2174 2274 2175
f 2175 2274 2275
f 2175 2275 2176
f 2176 2275 2276
f 2176 2276 2177
f 2177 2276 2277
f 2177 2277 2178
f 2178 2277 2278
f 2178 2278 2179
f 2179 2278 2279
f 2179 2279 2180
f 2180 2279 2280
f 2180 2280 2181
f 2181 2280 2281
f 2181 2281 2182
f 2182 2281 2282
f 2182 2282 2183
f 2183 2282 2283
f 2183 2283 2184
f 2184 2283 2284
f 2184 2284 2185
f 2185 2284 2285
f 2185 2285 2186
f 2186 2285 2286
f 2186 2286 2187
f 2187 2286 2287
f 2187 2287 2188
f 2188 2287 2288
f 2188 2288 2189
f 2189 2288 2289
f 2189 2289 2190
f 2190 2289 2290
f 2190 2290 2191
f 2191 2290 2291
f 2191 2291 2192
f 2192 2291 2292
f 2192 2292 2193
f 2193 2292 2293
f 2193 2293 2194
f 2194 2293 2294
f 2194 2294 2195
f 2195 2294 2295
f 2195 2295 2196
f 2196 2295 2296
f 2196 2296 2197
f 2197 2296 2297
f 2197 2297 2198
f 2198 2297 2298
f 2198 2298 2199
f 2199 2298 2299
f 2199 2299 2200
f 2200 2299 2300
f 2200 2300 2201
f 2201 2300 2301
f 2201 2301 2102
f 2102 2301 2202
f 2202 2302 2203
f 2203 2302 2303
f 2203 2303 2204
f 2204 2303 2304
f 2204 2304 2205
f 2205 2304 2305
f 2205 2305 2206
f 2206 2305 2306
f 2206 2306 2207
f 2207 2306 2307
f 2207 2307 2208
f 2208 2307 2308
f 2208 2308 2209
f 2209 2308 2309
f 2209 2309 2210
f 2210 2309 2310
f 2210 2310 2211
f 2211 2310 2311
f 2211 2311 2212
f 2212 2311 2312
f 2212 2312 2213
f 2213 2312 2313
f 2213 2313 2214
f 2214 2313 2314
f 2214 2314 2215
f 2215 2314 2315
f 2215 2315 2216
f 2216 2315 2316
f 2216 2316 2217
f 2217 2316 2317
f 2217 2317 2218
f 2218 2317 2318
f 2218 2318 2219
f 2219 2318 2319
f 2219 2319 2220
f 2220 2319 2320
f 2220 2320 2221
f 2221 2320 2321
f 2221 2321 2222
f 2222 2321 2322
f 2222 2322 2223
f 2223 2322 2323
f 2223 2323 2224
f 2224 2323 2324
f 2224 2324 2225
f 2225 2324 2325
f 2225 2325 2226
f 2226 2325 2326
f 2226 2326 2227
f 2227 2326 2327
f 2227 2327 2228
f 2228 2327 2328
f 2228 2328 2229
f 2229 2328 2329
f 2229 2329 2230
f 2230 2329 2330
f 2230 2330 2231
f 2231 2330 2331
f 2231 2331 2232
f 2232 2331 2332
f 2232 2332 2233
f 2233 2332 2333
f 2233 2333 2234
f 2234 2333 2334
f 2234 2334 2235
f 2235 2334 2335
f 2235 2335 2236
f 2236 2335 2336
f 2236 2336 2237
f 2237 2336 2337
f 2237 2337 2238
f 2238 2337 2338
f 2238 2338 2239
f 2239 2338 2339
f 2239 2339 2240
f 2240 2339 2340
f 2240 2340 2241
f 2241 2340 2341
f 2241 2341 2242
f 2242 2341 2342
f 2242 2342 2243
f 2243 2342 2343
f 2243 2343 2244
f 2244 2343 2344
f 2244 2344 2245
f 2245 2344 2345
f 2245 2345 2246
f 2246 2345 2346
f 2246 2346 2247
f 2247 2346 2347
f 2247 2347 2248
f 2248 2347 2348
f 2248 2348 2249
f 2249 2348 2349
f 2249 2349 2250
f 2250 2349 2350
f 2250 2350 2251
f 2251 2350 2351
f 2251 2351 2252
f 2252 2351 2352
f 2252 2352 2253
f 2253 2352 2353
f 2253 2353 2254
f 2254 2353 2354
f 2254 2354 2255
f 2255 2354 2355
f 2255 2355 2256
f 2256 2355 2356
f 2256 2356 2257
f 2257 2356 2357
f 2257 2357 2258
f 2258 2357 2358
f 2258 2358 2259
f 2259 2358 2359
f 2259 2359 2260
f 2260 2359 2360
f 2260 2360 2261
f 2261 2360 2361
f 2261 2361 2262
f 2262 2361 2362
f 2262 2362 2263
f 2263 2362 2363
f 2263 2363 2264
f 2264 2363 2364
f 2264 2364 2265
f 2265 2364 2365
f 2265 2365 2266
f 2266 2365 2366
f 2266 2366 2267
f 2267 2366 2367
f 2267 2367 2268
f 2268 2367 2368
f 2268 2368 2269
f 2269 2368 2369
f 2269 2369 2270
f 2270 2369 2370
f 2270 2370 2271
f 2271 2370 2371
f 2271 2371 2272
f 2272 2371 2372
f 2272 2372 2273
f 2273 2372 2373
f 2273 2373 2274
f 2274 2373 2374
f 2274 2374 2275
f 2275 2374 2375
f 2275 2375 2276
f 2276 2375 2376
f 2276 2376 2277
f 2277 2376 2377
f 2277 2377 2278
f 2278 2377 2378
f 2278 2378 2279
f 2279 2378 2379
f 2279 2379 2280
f 2280 2379 2380
f 2280 2380 2281
f 2281 2380 2381
f 2281 2381 2282
f 2282 2381 2382
f 2282 2382 2283
f 2283 2382 2383
f 2283 2383 2284
f 2284 2383 2384
f 2284 2384 2285
f 2285 2384 2385
f 2285 2385 2286
f 2286 2385 2386
f 2286 2386 2287
f 2287 2386 2387
f 2287 2387 2288
f 2288 2387 2388
f 2288 2388 2289
f 2289 2388 2389
f 2289 2389 2290
f 2290 2389 2390
f 2290 2390 2291
f 2291 2390 2391
f 2291 2391 2292
f 2292 2391 2392
f 2292 2392 2293
f 2293 2392 2393
f 2293 2393 2294
f 2294 2393 2394
f 2294 2394 2295
f 2295 2394 2395
f 2295 2395 2296
f 2296 2395 2396
f 2296 2396 2297
f 2297 2396 2397
f 2297 2397 2298
f 2298 2397 2398
f 2298 2398 2299
f 2299 2398 2399
f 2299 2399 2300
f 2300 2399 2400
f 2300 2400 2301
f 2301 2400 2401
f 2301 2401 2202
f 2202 2401 2302
f 2302 2402 2303
f 2303 2402 2403
f 2303 2403 2304
f 2304 2403 2404
f 2304 2404 2305
f 2305 2404 2405
f 2305 2405 2306
f 2306 2405 2406
f 2306 2406 2307
f 2307 2406 2407
f 2307 2407 2308
f 2308 2407 2408
f 2308 2408 2309
f 2309 2408 2409
f 2309 2409 2310
f 2310 2409 2410
f 2310 2410 2311
f 2311 2410 2411
f 2311 2411 2312
f 2312 2411 2412
f 2312 2412 2313
f 2313 2412 2413
f 2313 2413 2314
f 2314 2413 2414
f 2314 2414 2315
f 2315 2414 2415
f 2315 2415 2316
f 2316 2415 2416
f 2316 2416 2317
f 2317 2416 2417
f 2317 2417 2318
f 2318 2417 2418
f 2318 2418 2319
f 2319 2418 2419
f 2319 2419 2320
f 2320 2419 2420
f 2320 2420 2321
f 2321 2420 2421
f 2321 2421 2322
f 2322 2421 2422
f 2322 2422 2323
f 2323 2422 2423
f 2323 2423 2324
f 2324 2423 2424
f 2324 2424 2325
f 2325 2424 2425
f 2325 2425 2326
f 2326 2425 2426
f 2326 2426 2327
f 2327 2426 2427
f 2327 2427 2328
f 2328 2427 2428
f 2328 2428 2329
f 2329 2428 2429
f 2329 2429 2330
f 2330 2429 2430
f 2330 2430 2331
f 2331 2430 2431
f 2331 2431 2332
f 2332 2431 2432
f 2332 2432 2333
f 2333 2432 2433
f 2333 2433 2334
f 2334 2433 2434
f 2334 2434 2335
f 2335 2434 2435
f 2335 2435 2336
f 2336 2435 2436
f 2336 2436 2337
f 2337 2436 2437
f 2337 2437 2338
f 2338 2437 2438
f 2338 2438 2339
f 2339 2438 2439
f 2339 2439 2340
f 2340 2439 2440
f 2340 2440 2341
f 2341 2440 2441
f 2341 2441 2342
f 2342 2441 2442
f 2342 2442 2343
f 2343 2442 2443
f 2343 2443 2344
f 2344 2443 2444
f 2344 2444 2345
f 2345 2444 2445
f 2345 2445 2346
f 2346 2445 2446
f 2346 2446 2347
f 2347 2446 2447
f 2347 2447 2348
f 2348 2447 2448
f 2348 2448 2349
f 2349 2448 2449
f 2349 2449 2350
f 2350 2449 2450
f 2350 2450 2351
f 2351 2450 2451
f 2351 2451 2352
f 2352 2451 2452
f 2352 2452 2353
f 2353 2452 2453
f 2353 2453 2354
f 2354 2453 2454
f 2354 2454 2355
f 2355 2454 2455
f 2355 2455 2356
f 2356 2455 2456
f 2356 2456 2357
f 2357 2456 2457
f 2357 2457 2358
f 2358 2457 2458
f 2358 2458 2359
f 2359 2458 2459
f 2359 2459 2360
f 2360 2459 2460
f 2360 2460 2361
f 2361 2460 2461
f 2361 2461 2362
f 2362 2461 2462
f 2362 2462 2363
f 2363 2462 2463
f 2363 2463 2364
f 2364 2463 2464
f 2364 2464 2365
f 2365 2464 2465
f 2365 2465 2366
f 2366 2465 2466
f 2366 2466 2367
f 2367 2466 2467
f 2367 2467 2368
f 2368 2467 2468
f 2368 2468 2369
f 2369 2468 2469
f 2369 2469 2370
f 2370 2469 2470
f 2370 2470 2371
f 2371 2470 2471
f 2371 2471 2372
f 2372 2471 2472
f 2372 2472 2373
f 2373 2472 2473
f 2373 2473 2374
f 2374 2473 2474
f 2374 2474 2375
f 2375 2474 2475
f 2375 2475 2376
f 2376 2475 2476
f 2376 2476 2377
f 2377 2476 2477
f 2377 2477 2378
f 2378 2477 2478
f 2378 2478 2379
f 2379 2478 2479
f 2379 2479 2380
f 2380 2479 2480
f 2380 2480 2381
f 2381 2480 2481
f 2381 2481 2382
f 2382 2481 2482
f 2382 2482 2383
f 2383 2482 2483
f 2383 2483 2384
f 2384 2483 2484
f 2384 2484 2385
f 2385 2484 2485
f 2385 2485 2386
f 2386 2485 2486
f 2386 2486 2387
f 2387 2486 2487
f 2387 2487 2388
f 2388 2487 2488
f 2388 2488 2389
f 2389 2488 2489
f 2389 2489 2390
f 2390 2489 2490
f 2390 2490 2391
f 2391 2490 2491
f 2391 2491 2392
f 2392 2491 2492
f 2392 2492 2393
f 2393 2492 2493
f 2393 2493 2394
f 2394 2493 2494
f 2394 2494 2395
f 2395 2494 2495
f 2395 2495 2396
f 2396 2495 2496
f 2396 2496 2397
f 2397 2496 2497
f 2397 2497 2398
f 2398 2497 2498
f 2398 2498 2399
f 2399 2498 2499
f 2399 2499 2400
f 2400 2499 2500
f 2400 2500 2401
f 2401 2500 2501
f 2401 2501 2302
f 2302 2501 2402
f 2402 2502 2403
f 2403 2502 2503
f 2403 2503 2404
f 2404 2503 2504
f 2404 2504 2405
f 2405 2504 2505
f 2405 2505 2406
f 2406 2505 2506
f 2406 2506 2407
f 2407 2506 2507
f 2407 2507 2408
f 2408 2507 2508
f 2408 2508 2409
f 2409 2508 2509
f 2409 2509 2410
f 2410 2509 2510
f 2410 2510 2411
f 2411 2510 2511
f 2411 2511 2412
f 2412 2511 2512
f 2412 2512 2413
f 2413 2512 2513
f 2413 2513 2414
f 2414 2513 2514
f 2414 2514 2415
f 2415 2514 2515
f 2415 2515 2416
f 2416 2515 2516
f 2416 2516 2417
f 2417 2516 2517
f 2417 2517 2418
f 2418 2517 2518
f 2418 2518 2419
f 2419 2518 2519
f 2419 2519 2420
f 2420 2519 2520
f 2420 2520 2421
f 2421 2520 2521
f 2421 2521 2422
f 2422 2521 2522
f 2422 2522 2423
f 2423 2522 2523
f 2423 2523 2424
f 2424 2523 2524
f 2424 2524 2425
f 2425 2524 2525
f 2425 2525 2426
f 2426 2525 2526
f 2426 2526 2427
f 2427 2526 2527
f 2427 2527 2428
f 2428 2527 2528
f 2428 2528 2429
f 2429 2528 2529
f 2429 2529 2430
f 2430 2529 2530
f 2430 2530 2431
f 2431 2530 2531
f 2431 2531 2432
f 2432 2531 2532
f 2432 2532 2433
f 2433 2532 2533
f 2433 2533 2434
f 2434 2533 2534
f 2434 2534 2435
f 2435 2534 2535
f 2435 2535 2436
f 2436 2535 2536
f 2436 2536 2437
f 2437 2536 2537
f 2437 2537 2438
f 2438 2537 2538
f 2438 2538 2439
f 2439 2538 2539
f 2439 2539 2440
f 2440 2539 2540
f 2440 2540 2441
f 2441 2540 2541
f 2441 2541 2442
f 2442 2541 2542
f 2442 2542 2443
f 2443 2542 2543
f 2443 2543 2444
f 2444 2543 2544
f 2444 2544 2445
f 2445 2544 2545
f 2445 2545 2446
f 2446 2545 2546
f 2446 2546 2447
f 2447 2546 2547
f 2447 2547 2448
f 2448 2547 2548
f 2448 2548 2449
f 2449 2548 2549
f 2449 2549 2450
f 2450 2549 2550
f 2450 2550 2451
f 2451 2550 2551
f 2451 2551 2452
f 2452 2551 2552
f 2452 2552 2453
f 2453 2552 2553
f 2453 2553 2454
f 2454 2553 2554
f 2454 2554 2455
f 2455 2554 2555
f 2455 2555 2456
f 2456 2555 2556
f 2456 2556 2457
f 2457 2556 2557
f 2457 2557 2458
f 2458 2557 2558
f 2458 2558 2459
f 2459 2558 2559
f 2459 2559 2460
f 2460 2559 2560
f 2460 2560 2461
f 2461 2560 2561
f 2461 2561 2462
f 2462 2561 2562
f 2462 2562 2463
f 2463 2562 2563
f 2463 2563 2464
f 2464 2563 2564
f 2464 2564 2465
f 2465 2564 2565
f 2465 2565 2466
f 2466 2565 2566
f 2466 2566 2467
f 2467 2566 2567
f 2467 2567 2468
f 2468 2567 2568
f 2468 2568 2469
f 2469 2568 2569
f 2469 2569 2470
f 2470 2569 2570
f 2470 2570 2471
f 2471 2570 2571
f 2471 2571 2472
f 2472 2571 2572
f 2472 2572 2473
f 2473 2572 2573
f 2473 2573 2474
f 2474 2573 2574
f 2474 2574 2475
f 2475 2574 2575
f 2475 2575 2476
f 2476 2575 2576
f 2476 2576 2477
f 2477 2576 2577
f 2477 2577 2478
f 2478 2577 2578
f 2478 2578 2479
f 2479 2578 2579
f 2479 2579 2480
f 2480 2579 2580
f 2480 2580 2481
f 2481 2580 2581
f 2481 2581 2482
f 2482 2581 2582
f 2482 2582 2483
f 2483 2582 2583
f 2483 2583 2484
f 2484 2583 2584
f 2484 2584 2485
f 2485 2584 2585
f 2485 2585 2486
f 2486 2585 2586
f 2486 2586 2487
f 2487 2586 2587
f 2487 2587 2488
f 2488 2587 2588
f 2488 2588 2489
f 2489 2588 2589
f 2489 2589 2490
f 2490 2589 2590
f 2490 2590 2491
f 2491 2590 2591
f 2491 2591 2492
f 2492 2591 2592
f 2492 2592 2493
f 2493 2592 2593
f 2493 2593 2494
f 2494 2593 2594
f 2494 2594 2495
f 2495 2594 2595
f 2495 2595 2496
f 2496 2595 2596
f 2496 2596 2497
f 2497 2596 2597
f 2497 2597 2498
f 2498 2597 2598
f 2498 2598 2499
f 2499 2598 2599
f 2499 2599 2500
f 2500 2599 2600
f 2500 2600 2501
f 2501 2600 2601
f 2501 2601 2402
f 2402 2601 2502
f 2502 2602 2503
f 2503 2602 2603
f 2503 2603 2504
f 2504 2603 2604
f 2504 2604 2505
f 2505 2604 2605
f 2505 2605 2506
f 2506 2605 2606
f 2506 2606 2507
f 2507 2606 2607
f 2507 2607 2508
f 2508 2607 2608
f 2508 2608 2509
f 2509 2608 2609
f 2509 2609 2510
f 2510 2609 2610
f 2510 2610 2511
f 2511 2610 2611
f 2511 2611 2512
f 2512 2611 2612
f 2512 2612 2513
f 2513 2612 2613
f 2513 2613 2514
f 2514 2613 2614
f 2514 2614 2515
f 2515 2614 2615
f 2515 2615 2516
f 2516 2615 2616
f 2516 2616 2517
f 2517 2616 2617
f 2517 2617 2518
f 2518 2617 2618
f 2518 2618 2519
f 2519 2618 2619
f 2519 2619 2520
f 2520 2619 2620
f 2520 2620 2521
f 2521 2620 2621
f 2521 2621 2522
f 2522 2621 2622
f 2522 2622 2523
f 2523 2622 2623
f 2523 2623 2524
f 2524 2623 2624
f 2524 2624 2525
f 2525 2624 2625
f 2525 2625 2526
f 2526 2625 2626
f 2526 2626 2527
f 2527 2626 2627
f 2527 2627 2528
f 2528 2627 2628
f 2528 2628 2529
f 2529 2628 2629
f 2529 2629 2530
f 2530 2629 2630
f 2530 2630 2531
f 2531 2630 2631
f 2531 2631 2532
f 2532 2631 2632
f 2532 2632 2533
f 2533 2632 2633
f 2533 2633 2534
f 2534 2633 2634
f 2534 2634 2535
f 2535 2634 2635
f 2535 2635 2536
f 2536 2635 2636
f 2536 2636 2537
f 2537 2636 2637
f 2537 2637 2538
f 2538 2637 2638
f 2538 2638 2539
f 2539 2638 2639
f 2539 2639 2540
f 2540 2639 2640
f 2540 2640 2541
f 2541 2640 2641
f 2541 2641 2542
f 2542 2641 2642
f 2542 2642 2543
f 2543 2642 2643
f 2543 2643 2544
f 2544 2643 2644
f 2544 2644 2545
f 2545 2644 2645
f 2545 2645 2546
f 2546 2645 2646
f 2546 2646 2547
f 2547 2646 2647
f 2547 2647 2548
f 2548 2647 2648
f 2548 2648 2549
f 2549 2648 2649
f 2549 2649 2550
f 2550 2649 2650
f 2550 2650 2551
f 2551 2650 2651
f 2551 2651 2552
f 2552 2651 2652
f 2552 2652 2553
f 2553 2652 2653
f 2553 2653 2554
f 2554 2653 2654
f 2554 2654 2555
f 2555 2654 2655
f 2555 2655 2556
f 2556 2655 2656
f 2556 2656 2557
f 2557 2656 2657
f 2557 2657 2558
f 2558 2657 2658
f 2558 2658 2559
f 2559 2658 2659
f 2559 2659 2560
f 2560 2659 2660
f 2560 2660 2561
f 2561 2660 2661
f 2561 2661 2562
f 2562 2661 2662
f 2562 2662 2563
f 2563 2662 2663
f 2563 2663 2564
f 2564 2663 2664
f 2564 2664 2565
f 2565 2664 2665
f 2565 2665 2566
f 2566 2665 2666
f 2566 2666 2567
f 2567 2666 2667
f 2567 2667 2568
f 2568 2667 2668
f 2568 2668 2569
f 2569 2668 2669
f 2569 2669 2570
f 2570 2669 2670
f 2570 2670 2571
f 2571 2670 2671
f 2571 2671 2572
f 2572 2671 2672
f 2572 2672 2573
f 2573 2672 2673
f 2573 2673 2574
f 2574 2673 2674
f 2574 2674 2575
f 2575 2674 2675
f 2575 2675 2576
f 2576 2675 2676
f 2576 2676 2577
f 2577 2676 2677
f 2577 2677 2578
f 2578 2677 2678
f 2578 2678 2579
f 2579 2678 2679
f 2579 2679 2580
f 2580 2679 2680
f 2580 2680 2581
f 2581 2680 2681
f 2581 2681 2582
f 2582 2681 2682
f 2582 2682 2583
f 2583 2682 2683
f 2583 2683 2584
f 2584 2683 2684
f 2584 2684 2585
f 2585 2684 2685
f 2585 2685 2586
f 2586 2685 2686
f 2586 2686 2587
f 2587 2686 2687
f 2587 2687 2588
f 2588 2687 2688
f 2588 2688 2589
f 2589 2688 2689
f 2589 2689 2590
f 2590 2689 2690
f 2590 2690 2591
f 2591 2690 2691
f 2591 2691 2592
f 2592 2691 2692
f 2592 2692 2593
f 2593 2692 2693
f 2593 2693 2594
f 2594 2693 2694
f 2594 2694 2595
f 2595 2694 2695
f 2595 2695 2596
f 2596 2695 2696
f 2596 2696 2597
f 2597 2696 2697
f 2597 2697 2598
f 2598 2697 2698
f 2598 2698 2599
f 2599 2698 2699
f 2599 2699 2600
f 2600 2699 2700
f 2600 2700 2601
f 2601 2700 2701
f 2601 2701 2502
f 2502 2701 2602
f 2602 2702 2603
f 2603 2702 2703
f 2603 2703 2604
f 2604 2703 2704
f 2604 2704 2605
f 2605 2704 2705
f 2605 2705 2606
f 2606 2705 2706
f 2606 2706 2607
f 2607 2706 2707
f 2607 2707 2608
f 2608 2707 2708
f 2608 2708 2609
f 2609 2708 2709
f 2609 2709 2610
f 2610 2709 2710
f 2610 2710 2611
f 2611 2710 2711
f 2611 2711 2612
f 2612 2711 2712
f 2612 2712 2613
f 2613 2712 2713
f 2613 2713 2614
f 2614 2713 2714
f 2614 2714 2615
f 2615 2714 2715
f 2615 2715 2616
f 2616 2715 2716
f 2616 2716 2617
f 2617 2716 2717
f 2617 2717 2618
f 2618 2717 2718
f 2618 2718 2619
f 2619 2718 2719
f 2619 2719 2620
f 2620 2719 2720
f 2620 2720 2621
f 2621 2720 2721
f 2621 2721 2622
f 2622 2721 2722
f 2622 2722 2623
f 2623 2722 2723
f 2623 2723 2624
f 2624 2723 2724
f 2624 2724 2625
f 2625 2724 2725
f 2625 2725 2626
f 2626 2725 2726
f 2626 2726 2627
f 2627 2726 2727
f 2627 2727 2628
f 2628 2727 2728
f 2628 2728 2629
f 2629 2728 2729
f 2629 2729 2630
f 2630 2729 2730
f 2630 2730 2631
f 2631 2730 2731
f 2631 2731 2632
f 2632 2731 2732
f 2632 2732 2633
f 2633 2732 2733
f 2633 2733 2634
f 2634 2733 2734
f 2634 2734 2635
f 2635 2734 2735
f 2635 2735 2636
f 2636 2735 2736
f 2636 2736 2637
f 2637 2736 2737
f 2637 2737 2638
f 2638 2737 2738
f 2638 2738 2639
f 2639 2738 2739
f 2639 2739 2640
f 2640 2739 2740
f 2640 2740 2641
f 2641 2740 2741
f 2641 2741 2642
f 2642 2741 2742
f 2642 2742 2643
f 2643 2742 2743
f 2643 2743 2644
f 2644 2743 2744
f 2644 2744 2645
f 2645 2744 2745
f 2645 2745 2646
f 2646 2745 2746
f 2646 2746 2647
f 2647 2746 2747
f 2647 2747 2648
f 2648 2747 2748
f 2648 2748 2649
f 2649 2748 2749
f 2649 2749 2650
f 2650 2749 2750
f 2650 2750 2651
f 2651 2750 2751
f 2651 2751 2652
f 2652 2751 2752
f 2652 2752 2653
f 2653 2752 2753
f 2653 2753 2654
f 2654 2753 2754
f 2654 2754 2655
f 2655 2754 2755
f 2655 2755 2656
f 2656 2755 2756
f 2656 2756 2657
f 2657 2756 2757
f 2657 2757 2658
f 2658 2757 2758
f 2658 2758 2659
f 2659 2758 2759
f 2659 2759 2660
f 2660 2759 2760
f 2660 2760 2661
f 2661 2760 2761
f 2661 2761 2662
f 2662 2761 2762
f 2662 2762 2663
f 2663 2762 2763
f 2663 2763 2664
f 2664 2763 2764
f 2664 2764 2665
f 2665 2764 2765
f 2665 2765 2666
f 2666 2765 2766
f 2666 2766 2667
f 2667 2766 2767
f 2667 2767 2668
f 2668 2767 2768
f 2668 2768 2669
f 2669 2768 2769
f 2669 2769 2670
f 2670 2769 2770
f 2670 2770 2671
f 2671 2770 2771
f 2671 2771 2672
f 2672 2771 2772
f 2672 2772 2673
f 2673 2772 2773
f 2673 2773 2674
f 2674 2773 2774
f 2674 2774 2675
f 2675 2774 2775
f 2675 2775 2676
f 2676 2775 2776
f 2676 2776 2677
f 2677 2776 2777
f 2677 2777 2678
f 2678 2777 2778
f 2678 2778 2679
f 2679 2778 2779
f 2679 2779 2680
f 2680 2779 2780
f 2680 2780 2681
f 2681 2780 2781
f 2681 2781 2682
f 2682 2781 2782
f 2682 2782 2683
f 2683 2782 2783
f 2683 2783 2684
f 2684 2783 2784
f 2684 2784 2685
f 2685 2784 2785
f 2685 2785 2686
f 2686 2785 2786
f 2686 2786 2687
f 2687 2786 2787
f 2687 2787 2688
f 2688 2787 2788
f 2688 2788 2689
f 2689 2788 2789
f 2689 2789 2690
f 2690 2789 2790
f 2690 2790 2691
f 2691 2790 2791
f 2691 2791 2692
f 2692 2791 2792
f 2692 2792 2693
f 2693 2792 2793
f 2693 2793 2694
f 2694 2793 2794
f 2694 2794 2695
f 2695 2794 2795
f 2695 2795 2696
f 2696 2795 2796
f 2696 2796 2697
f 2697 2796 2797
f 2697 2797 2698
f 2698 2797 2798
f 2698 2798 2699
f 2699 2798 2799
f 2699 2799 2700
f 2700 2799 2800
f 2700 2800 2701
f 2701 2800 2801
f 2701 2801 2602
f 2602 2801 2702
f 2702 2802 2703
f 2703 2802 2803
f 2703 2803 2704
f 2704 2803 2804
f 2704 2804 2705
f 2705 2804 2805
f 2705 2805 2706
f 2706 2805 2806
f 2706 2806 2707
f 2707 2806 2807
f 2707 2807 2708
f 2708 2807 2808
f 2708 2808 2709
f 2709 2808 2809
f 2709 2809 2710
f 2710 2809 2810
f 2710 2810 2711
f 2711 2810 2811
f 2711 2811 2712
f 2712 2811 2812
f 2712 2812 2713
f 2713 2812 2813
f 2713 2813 2714
f 2714 2813 2814
f 2714 2814 2715
f 2715 2814 2815
f 2715 2815 2716
f 2716 2815 2816
f 2716 2816 2717
f 2717 2816 2817
f 2717 2817 2718
f 2718 2817 2818
f 2718 2818 2719
f 2719 2818 2819
f 2719 2819 2720
f 2720 2819 2820
f 2720 2820 2721
f 2721 2820 2821
f 2721 2821 2722
f 2722 2821 2822
f 2722 2822 2723
f 2723 2822 2823
f 2723 2823 2724
f 2724 2823 2824
f 2724 2824 2725
f 2725 2824 2825
f 2725 2825 2726
f 2726 2825 2826
f 2726 2826 2727
f 2727 2826 2827
f 2727 2827 2728
f 2728 2827 2828
f 2728 2828 2729
f 2729 2828 2829
f 2729 2829 2730
f 2730 2829 2830
f 2730 2830 2731
f 2731 2830 2831
f 2731 2831 2732
f 2732 2831 2832
f 2732 2832 2733
f 2733 2832 2833
f 2733 2833 2734
f 2734 2833 2834
f 2734 2834 2735
f 2735 2834 2835
f 2735 2835 2736
f 2736 2835 2836
f 2736 2836 2737
f 2737 2836 2837
f 2737 2837 2738
f 2738 2837 2838
f 2738 2838 2739
f 2739 2838 2839
f 2739 2839 2740
f 2740 2839 2840
f 2740 2840 2741
f 2741 2840 2841
f 2741 2841 2742
f 2742 2841 2842
f 2742 2842 2743
f 2743 2842 2843
f 2743 2843 2744
f 2744 2843 2844
f 2744 2844 2745
f 2745 2844 2845
f 2745 2845 2746
f 2746 2845 2846
f 2746 2846 2747
f 2747 2846 2847
f 2747 2847 2748
f 2748 2847 2848
f 2748 2848 2749
f 2749 2848 2849
f 2749 2849 2750
f 2750 2849 2850
f 2750 2850 2751
f 2751 2850 2851
f 2751 2851 2752
f 2752 2851 2852
f 2752 2852 2753
f 2753 2852 2853
f 2753 2853 2754
f 2754 2853 2854
f 2754 2854 2755
f 2755 2854 2855
f 2755 2855 2756
f 2756 2855 2856
f 2756 2856 2757
f 2757 2856 2857
f 2757 2857 2758
f 2758 2857 2858
f 2758 2858 2759
f 2759 2858 2859
f 2759 2859 2760
f 2760 2859 2860
f 2760 2860 2761
f 2761 2860 2861
f 2761 2861 2762
f 2762 2861 2862
f 2762 2862 2763
f 2763 2862 2863
f 2763 2863 2764
f 2764 2863 2864
f 2764 2864 2765
f 2765 2864 2865
f 2765 2865 2766
f 2766 2865 2866
f 2766 2866 2767
f 2767 2866 2867
f 2767 2867 2768
f 2768 2867 2868
f 2768 2868 2769
f 2769 2868 2869
f 2769 2869 2770
f 2770 2869 2870
f 2770 2870 2771
f 2771 2870 2871
f 2771 2871 2772
f 2772 2871 2872
f 2772 2872 2773
f 2773 2872 2873
f 2773 2873 2774
f 2774 2873 2874
f 2774 2874 2775
f 2775 2874 2875
f 2775 2875 2776
f 2776 2875 2876
f 2776 2876 2777
f 2777 2876 2877
f 2777 2877 2778
f 2778 2877 2878
f 2778 2878 2779
f 2779 2878 2879
f 2779 2879 2780
f 2780 2879 2880
f 2780 2880 2781
f 2781 2880 2881
f 2781 2881 2782
f 2782 2881 2882
f 2782 2882 2783
f 2783 2882 2883
f 2783 2883 2784
f 2784 2883 2884
f 2784 2884 2785
f 2785 2884 2885
f 2785 2885 2786
f 2786 2885 2886
f 2786 2886 2787
f 2787 2886 2887
f 2787 2887 2788
f 2788 2887 2888
f 2788 2888 2789
f 2789 2888 2889
f 2789 2889 2790
f 2790 2889 2890
f 2790 2890 2791
f 2791 2890 2891
f 2791 2891 2792
f 2792 2891 2892
f 2792 2892 2793
f 2793 2892 2893
f 2793 2893 2794
f 2794 2893 2894
f 2794 2894 2795
f 2795 2894 2895
f 2795 2895 2796
f 2796 2895 2896
f 2796 2896 2797
f 2797 2896 2897
f 2797 2897 2798
f 2798 2897 2898
f 2798 2898 2799
f 2799 2898 2899
f 2799 2899 2800
f 2800 2899 2900
f 2800 2900 2801
f 2801 2900 2901
f 2801 2901 2702
f 2702 2901 2802
f 2802 2902 2803
f 2803 2902 2903
f 2803 2903 2804
f 2804 2903 2904
f 2804 2904 2805
f 2805 2904 2905
f 2805 2905 2806
f 2806 2905 2906
f 2806 2906 2807
f 2807 2906 2907
f 2807 2907 2808
f 2808 2907 2908
f 2808 2908 2809
f 2809 2908 2909
f 2809 2909 2810
f 2810 2909 2910
f 2810 2910 2811
f 2811 2910 2911
f 2811 2911 2812
f 2812 2911 2912
f 2812 2912 2813
f 2813 2912 2913
f 2813 2913 2814
f 2814 2913 2914
f 2814 2914 2815
f 2815 2914 2915
f 2815 2915 2816
f 2816 2915 2916
f 2816 2916 2817
f 2817 2916 2917
f 2817 2917 2818
f 2818 2917 2918
f 2818 2918 2819
f 2819 2918 2919
f 2819 2919 2820
f 2820 2919 2920
f 2820 2920 2821
f 2821 2920 2921
f 2821 2921 2822
f 2822 2921 2922
f 2822 2922 2823
f 2823 2922 2923
f 2823 2923 2824
f 2824 2923 2924
f 2824 2924 2825
f 2825 2924 2925
f 2825 2925 2826
f 2826 2925 2926
f 2826 2926 2827
f 2827 2926 2927
f 2827 2927 2828
f 2828 2927 2928
f 2828 2928 2829
f 2829 2928 2929
f 2829 2929 2830
f 2830 2929 2930
f 2830 2930 2831
f 2831 2930 2931
f 2831 2931 2832
f 2832 2931 2932
f 2832 2932 2833
f 2833 2932 2933
f 2833 2933 2834
f 2834 2933 2934
f 2834 2934 2835
f 2835 2934 2935
f 2835 2935 2836
f 2836 2935 2936
f 2836 2936 2837
f 2837 2936 2937
f 2837 2937 2838
f 2838 2937 2938
f 2838 2938 2839
f 2839 2938 2939
f 2839 2939 2840
f 2840 2939 2940
f 2840 2940 2841
f 2841 2940 2941
f 2841 2941 2842
f 2842 2941 2942
f 2842 2942 2843
f 2843 2942 2943
f 2843 2943 2844
f 2844 2943 2944
f 2844 2944 2845
f 2845 2944 2945
f 2845 2945 2846
f 2846 2945 2946
f 2846 2946 2847
f 2847 2946 2947
f 2847 2947 2848
f 2848 2947 2948
f 2848 2948 2849
f 2849 2948 2949
f 2849 2949 2850
f 2850 2949 2950
f 2850 2950 2851
f 2851 2950 2951
f 2851 2951 2852
f 2852 2951 2952
f 2852 2952 2853
f 2853 2952 2953
f 2853 2953 2854
f 2854 2953 2954
f 2854 2954 2855
f 2855 2954 2955
f 2855 2955 2856
f 2856 2955 2956
f 2856 2956 2857
f 2857 2956 2957
f 2857 2957 2858
f 2858 2957 2958
f 2858 2958 2859
f 2859 2958 2959
f 2859 2959 2860
f 2860 2959 2960
f 2860 2960 2861
f 2861 2960 2961
f 2861 2961 2862
f 2862 2961 2962
f 2862 2962 2863
f 2863 2962 2963
f 2863 2963 2864
f 2864 2963 2964
f 2864 2964 2865
f 2865 2964 2965
f 2865 2965 2866
f 2866 2965 2966
f 2866 2966 2867
f 2867 2966 2967
f 2867 2967 2868
f 2868 2967 2968
f 2868 2968 2869
f 2869 2968 2969
f 2869 2969 2870
f 2870 2969 2970
f 2870 2970 2871
f 2871 2970 2971
f 2871 2971 2872
f 2872 2971 2972
f 2872 2972 2873
f 2873 2972 2973
f 2873 2973 2874
f 2874 2973 2974
f 2874 2974 2875
f 2875 2974 2975
f 2875 2975 2876
f 2876 2975 2976
f 2876 2976 2877
f 2877 2976 2977
f 2877 2977 2878
f 2878 2977 2978
f 2878 2978 2879
f 2879 2978 2979
f 2879 2979 2880
f 2880 2979 2980
f 2880 2980 2881
f 2881 2980 2981
f 2881 2981 2882
f 2882 2981 2982
f 2882 2982 2883
f 2883 2982 2983
f 2883 2983 2884
f 2884 2983 2984
f 2884 2984 2885
f 2885 2984 2985
f 2885 2985 2886
f 2886 2985 2986
f 2886 2986 2887
f 2887 2986 2987
f 2887 2987 2888
f 2888 2987 2988
f 2888 2988 2889
f 2889 2988 2989
f 2889 2989 2890
f 2890 2989 2990
f 2890 2990 2891
f 2891 2990 2991
f 2891 2991 2892
f 2892 2991 2992
f 2892 2992 2893
f 2893 2992 2993
f 2893 2993 2894
f 2894 2993 2994
f 2894 2994 2895
f 2895 2994 2995
f 2895 2995 2896
f 2896 2995 2996
f 2896 2996 2897
f 2897 2996 2997
f 2897 2997 2898
f 2898 2997 2998
f 2898 2998 2899
f 2899 2998 2999
f 2899 2999 2900
f 2900 2999 3000
f 2900 3000 2901
f 2901 3000 3001
f 2901 3001 2802
f 2802 3001 2902
f 2902 3002 2903
f 2903 3002 3003
f 2903 3003 2904
f 2904 3003 3004
f 2904 3004 2905
f 2905 3004 3005
f 2905 3005 2906
f 2906 3005 3006
f 2906 3006 2907
f 2907 3006 3007
f 2907 3007 2908
f 2908 3007 3008
f 2908 3008 2909
f 2909 3008 3009
f 2909 3009 2910
f 2910 3009 3010
f 2910 3010 2911
f 2911 3010 3011
f 2911 3011 2912
f 2912 3011 3012
f 2912 3012 2913
f 2913 3012 3013
f 2913 3013 2914
f 2914 3013 3014
f 2914 3014 2915
f 2915 3014 3015
f 2915 3015 2916
f 2916 3015 3016
f 2916 3016 2917
f 2917 3016 3017
f 2917 3017 2918
f 2918 3017 3018
f 2918 3018 2919
f 2919 3018 3019
f 2919 3019 2920
f 2920 3019 3020
f 2920 3020 2921
f 2921 3020 3021
f 2921 3021 2922
f 2922 3021 3022
f 2922 3022 2923
f 2923 3022 3023
f 2923 3023 2924
f 2924 3023 3024
f 2924 3024 2925
f 2925 3024 3025
f 2925 3025 2926
f 2926 3025 3026
f 2926 3026 2927
f 2927 3026 3027
f 2927 3027 2928
f 2928 3027 3028
f 2928 3028 2929
f 2929 3028 3029
f 2929 3029 2930
f 2930 3029 3030
f 2930 3030 2931
f 2931 3030 3031
f 2931 3031 2932
f 2932 3031 3032
f 2932 3032 2933
f 2933 3032 3033
f 2933 3033 2934
f 2934 3033 3034
f 2934 3034 2935
f 2935 3034 3035
f 2935 3035 2936
f 2936 3035 3036
f 2936 3036 2937
f 2937 3036 3037
f 2937 3037 2938
f 2938 3037 3038
f 2938 3038 2939
f 2939 3038 3039
f 2939 3039 2940
f 2940 3039 3040
f 2940 3040 2941
f 2941 3040 3041
f 2941 3041 2942
f 2942 3041 3042
f 2942 3042 2943
f 2943 3042 3043
f 2943 3043 2944
f 2944 3043 3044
f 2944 3044 2945
f 2945 3044 3045
f 2945 3045 2946
f 2946 3045 3046
f 2946 3046 2947
f 2947 3046 3047
f 2947 3047 2948
f 2948 3047 3048
f 2948 3048 2949
f 2949 3048 3049
f 2949 3049 2950
f 2950 3049 3050
f 2950 3050 2951
f 2951 3050 3051
f 2951 3051 2952
f 2952 3051 3052
f 2952 3052 2953
f 2953 3052 3053
f 2953 3053 2954
f 2954 3053 3054
f 2954 3054 2955
f 2955 3054 3055
f 2955 3055 2956
f 2956 3055 3056
f 2956 3056 2957
f 2957 3056 3057
f 2957 3057 2958
f 2958 3057 3058
f 2958 3058 2959
f 2959 3058 3059
f 2959 3059 2960
f 2960 3059 3060
f 2960 3060 2961
f 2961 3060 3061
f 2961 3061 2962
f 2962 3061 3062
f 2962 3062 2963
f 2963 3062 3063
f 2963 3063 2964
f 2964 3063 3064
f 2964 3064 2965
f 2965 3064 3065
f 2965 3065 2966
f 2966 3065 3066
f 2966 3066 2967
f 2967 3066 3067
f 2967 3067 2968
f 2968 3067 3068
f 2968 3068 2969
f 2969 3068 3069
f 2969 3069 2970
f 2970 3069 3070
f 2970 3070 2971
f 2971 3070 3071
f 2971 3071 2972
f 2972 3071 3072
f 2972 3072 2973
f 2973 3072 3073
f 2973 3073 2974
f 2974 3073 3074
f 2974 3074 2975
f 2975 3074 3075
f 2975 3075 2976
f 2976 3075 3076
f 2976 3076 2977
f 2977 3076 3077
f 2977 3077 2978
f 2978 3077 3078
f 2978 3078 2979
f 2979 3078 3079
f 2979 3079 2980
f 2980 3079 3080
f 2980 3080 2981
f 2981 3080 3081
f 2981 3081 2982
f 2982 3081 3082
f 2982 3082 2983
f 2983 3082 3083
f 2983 3083 2984
f 2984 3083 3084
f 2984 3084 2985
f 2985 3084 3085
f 2985 3085 2986
f 2986 3085 3086
f 2986 3086 2987
f 2987 3086 3087
f 2987 3087 2988
f 2988 3087 3088
f 2988 3088 2989
f 2989 3088 3089
f 2989 3089 2990
f 2990 3089 3090
f 2990 3090 2991
f 2991 3090 3091
f 2991 3091 2992
f 2992 3091 3092
f 2992 3092 2993
f 2993 3092 3093
f 2993 3093 2994
f 2994 3093 3094
f 2994 3094 2995
f 2995 3094 3095
f 2995 3095 2996
f 2996 3095 3096
f 2996 3096 2997
f 2997 3096 3097
f 2997 3097 2998
f 2998 3097 3098
f 2998 3098 2999
f 2999 3098 3099
f 2999 3099 3000
f 3000 3099 3100
f 3000 3100 3001
f 3001 3100 3101
f 3001 3101 2902
f 2902 3101 3002
f 3002 3102 3003
f 3003 3102 3103
f 3003 3103 3004
f 3004 3103 3104
f 3004 3104 3005
f 3005 3104 3105
f 3005 3105 3006
f 3006 3105 3106
f 3006 3106 3007
f 3007 3106 3107
f 3007 3107 3008
f 3008 3107 3108
f 3008 3108 3009
f 3009 3108 3109
f 3009 3109 3010
f 3010 3109 3110
f 3010 3110 3011
f 3011 3110 3111
f 3011 3111 3012
f 3012 3111 3112
f 3012 3112 3013
f 3013 3112 3113
f 3013 3113 3014
f 3014 3113 3114
f 3014 3114 3015
f 3015 3114 3115
f 3015 3115 3016
f 3016 3115 3116
f 3016 3116 3017
f 3017 3116 3117
f 3017 3117 3018
f 3018 3117 3118
f 3018 3118 3019
f 3019 3118 3119
f 3019 3119 3020
f 3020 3119 3120
f 3020 3120 3021
f 3021 3120 3121
f 3021 3121 3022
f 3022 3121 3122
f 3022 3122 3023
f 3023 3122 3123
f 3023 3123 3024
f 3024 3123 3124
f 3024 3124 3025
f 3025 3124 3125
f 3025 3125 3026
f 3026 3125 3126
f 3026 3126 3027
f 3027 3126 3127
f 3027 3127 3028
f 3028 3127 3128
f 3028 3128 3029
f 3029 3128 3129
f 3029 3129 3030
f 3030 3129 3130
f 3030 3130 3031
f 3031 3130 3131
f 3031 3131 3032
f 3032 3131 3132
f 3032 3132 3033
f 3033 3132 3133
f 3033 3133 3034
f 3034 3133 3134
f 3034 3134 3035
f 3035 3134 3135
f 3035 3135 3036
f 3036 3135 3136
f 3036 3136 3037
f 3037 3136 3137
f 3037 3137 3038
f 3038 3137 3138
f 3038 3138 3039
f 3039 3138 3139
f 3039 3139 3040
f 3040 3139 3140
f 3040 3140 3041
f 3041 3140 3141
f 3041 3141 3042
f 3042 3141 3142
f 3042 3142 3043
f 3043 3142 3143
f 3043 3143 3044
f 3044 3143 3144
f 3044 3144 3045
f 3045 3144 3145
f 3045 3145 3046
f 3046 3145 3146
f 3046 3146 3047
f 3047 3146 3147
f 3047 3147 3048
f 3048 3147 3148
f 3048 3148 3049
f 3049 3148 3149
f 3049 3149 3050
f 3050 3149 3150
f 3050 3150 3051
f 3051 3150 3151
f 3051 3151 3052
f 3052 3151 3152
f 3052 3152 3053
f 3053 3152 3153
f 3053 3153 3054
f 3054 3153 3154
f 3054 3154 3055
f 3055 3154 3155
f 3055 3155 3056
f 3056 3155 3156
f 3056 3156 3057
f 3057 3156 3157
f 3057 3157 3058
f 3058 3157 3158
f 3058 3158 3059
f 3059 3158 3159
f 3059 3159 3060
f 3060 3159 3160
f 3060 3160 3061
f 3061 3160 3161
f 3061 3161 3062
f 3062 3161 3162
f 3062 3162 3063
f 3063 3162 3163
f 3063 3163 3064
f 3064 3163 3164
f 3064 3164 3065
f 3065 3164 3165
f 3065 3165 3066
f 3066 3165 3166
f 3066 3166 3067
f 3067 3166 3167
f 3067 3167 3068
f 3068 3167 3168
f 3068 3168 3069
f 3069 3168 3169
f 3069 3169 3070
f 3070 3169 3170
f 3070 3170 3071
f 3071 3170 3171
f 3071 3171 3072
f 3072 3171 3172
f 3072 3172 3073
f 3073 3172 3173
f 3073 3173 3074
f 3074 3173 3174
f 3074 3174 3075
f 3075 3174 3175
f 3075 3175 3076
f 3076 3175 3176
f 3076 3176 3077
f 3077 3176 3177
f 3077 3177 3078
f 3078 3177 3178
f 3078 3178 3079
f 3079 3178 3179
f 3079 3179 3080
f 3080 3179 3180
f 3080 3180 3081
f 3081 3180 3181
f 3081 3181 3082
f 3082 3181 3182
f 3082 3182 3083
f 3083 3182 3183
f 3083 3183 3084
f 3084 3183 3184
f 3084 3184 3085
f 3085 3184 3185
f 3085 3185 3086
f 3086 3185 3186
f 3086 3186 3087
f 3087 3186 3187
f 3087 3187 3088
f 3088 3187 3188
f 3088 3188 3089
f 3089 3188 3189
f 3089 3189 3090
f 3090 3189 3190
f 3090 3190 3091
f 3091 3190 3191
f 3091 3191 3092
f 3092 3191 3192
f 3092 3192 3093
f 3093 3192 3193
f 3093 3193 3094
f 3094 3193 3194
f 3094 3194 3095
f 3095 3194 3195
f 3095 3195 3096
f 3096 3195 3196
f 3096 3196 3097
f 3097 3196 3197
f 3097 3197 3098
f 3098 3197 3198
f 3098 3198 3099
f 3099 3198 3199
f 3099 3199 3100
f 3100 3199 3200
f 3100 3200 3101
f 3101 3200 3201
f 3101 3201 3002
f 3002 3201 3102
f 3102 3202 3103
f 3103 3202 3203
f 3103 3203 3104
f 3104 3203 3204
f 3104 3204 3105
f 3105 3204 3205
f 3105 3205 3106
f 3106 3205 3206
f 3106 3206 3107
f 3107 3206 3207
f 3107 3207 3108
f 3108 3207 3208
f 3108 3208 3109
f 3109 3208 3209
f 3109 3209 3110
f 3110 3209 3210
f 3110 3210 3111
f 3111 3210 3211
f 3111 3211 3112
f 3112 3211 3212
f 3112 3212 3113
f 3113 3212 3213
f 3113 3213 3114
f 3114 3213 3214
f 3114 3214 3115
f 3115 3214 3215
f 3115 3215 3116
f 3116 3215 3216
f 3116 3216 3117
f 3117 3216 3217
f 3117 3217 3118
f 3118 3217 3218
f 3118 3218 3119
f 3119 3218 3219
f 3119 3219 3120
f 3120 3219 3220
f 3120 3220 3121
f 3121 3220 3221
f 3121 3221 3122
f 3122 3221 3222
f 3122 3222 3123
f 3123 3222 3223
f 3123 3223 3124
f 3124 3223 3224
f 3124 3224 3125
f 3125 3224 3225
f 3125 3225 3126
f 3126 3225 3226
f 3126 3226 3127
f 3127 3226 3227
f 3127 3227 3128
f 3128 3227 3228
f 3128 3228 3129
f 3129 3228 3229
f 3129 3229 3130
f 3130 3229 3230
f 3130 3230 3131
f 3131 3230 3231
f 3131 3231 3132
f 3132 3231 3232
f 3132 3232 3133
f 3133 3232 3233
f 3133 3233 3134
f 3134 3233 3234
f 3134 3234 3135
f 3135 3234 3235
f 3135 3235 3136
f 3136 3235 3236
f 3136 3236 3137
f 3137 3236 3237
f 3137 3237 3138
f 3138 3237 3238
f 3138 3238 3139
f 3139 3238 3239
f 3139 3239 3140
f 3140 3239 3240
f 3140 3240 3141
f 3141 3240 3241
f 3141 3241 3142
f 3142 3241 3242
f 3142 3242 3143
f 3143 3242 3243
f 3143 3243 3144
f 3144 3243 3244
f 3144 3244 3145
f 3145 3244 3245
f 3145 3245 3146
f 3146 3245 3246
f 3146 3246 3147
f 3147 3246 3247
f 3147 3247 3148
f 3148 3247 3248
f 3148 3248 3149
f 3149 3248 3249
f 3149 3249 3150
f 3150 3249 3250
f 3150 3250 3151
f 3151 3250 3251
f 3151 3251 3152
f 3152 3251 3252
f 3152 3252 3153
f 3153 3252 3253
f 3153 3253 3154
f 3154 3253 3254
f 3154 3254 3155
f 3155 3254 3255
f 3155 3255 3156
f 3156 3255 3256
f 3156 3256 3157
f 3157 3256 3257
f 3157 3257 3158
f 3158 3257 3258
f 3158 3258 3159
f 3159 3258 3259
f 3159 3259 3160
f 3160 3259 3260
f 3160 3260 3161
f 3161 3260 3261
f 3161 3261 3162
f 3162 3261 3262
f 3162 3262 3163
f 3163 3262 3263
f 3163 3263 3164
f 3164 3263 3264
f 3164 3264 3165
f 3165 3264 3265
f 3165 3265 3166
f 3166 3265 3266
f 3166 3266 3167
f 3167 3266 3267
f 3167 3267 3168
f 3168 3267 3268
f 3168 3268 3169
f 3169 3268 3269
f 3169 3269 3170
f 3170 3269 3270
f 3170 3270 3171
f 3171 3270 3271
f 3171 3271 3172
f 3172 3271 3272
f 3172 3272 3173
f 3173 3272 3273
f 3173 3273 3174
f 3174 3273 3274
f 3174 3274 3175
f 3175 3274 3275
f 3175 3275 3176
f 3176 3275 3276
f 3176 3276 3177
f 3177 3276 3277
f 3177 3277 3178
f 3178 3277 3278
f 3178 3278 3179
f 3179 3278 3279
f 3179 3279 3180
f 3180 3279 3280
f 3180 3280 3181
f 3181 3280 3281
f 3181 3281 3182
f 3182 3281 3282
f 3182 3282 3183
f 3183 3282 3283
f 3183 3283 3184
f 3184 3283 3284
f 3184 3284 3185
f 3185 3284 3285
f 3185 3285 3186
f 3186 3285 3286
f 3186 3286 3187
f 3187 3286 3287
f 3187 3287 3188
f 3188 3287 3288
f 3188 3288 3189
f 3189 3288 3289
f 3189 3289 3190
f 3190 3289 3290
f 3190 3290 3191
f 3191 3290 3291
f 3191 3291 3192
f 3192 3291 3292
f 3192 3292 3193
f 3193 3292 3293
f 3193 3293 3194
f 3194 3293 3294
f 3194 3294 3195
f 3195 3294 3295
f 3195 3295 3196
f 3196 3295 3296
f 3196 3296 3197
f 3197 3296 3297
f 3197 3297 3198
f 3198 3297 3298
f 3198 3298 3199
f 3199 3298 3299
f 3199 3299 3200
f 3200 3299 3300
f 3200 3300 3201
f 3201 3300 3301
f 3201 3301 3102
f 3102 3301 3202
f 3202 3302 3203
f 3203 3302 3303
f 3203 3303 3204
f 3204 3303 3304
f 3204 3304 3205
f 3205 3304 3305
f 3205 3305 3206
f 3206 3305 3306
f 3206 3306 3207
f 3207 3306 3307
f 3207 3307 3208
f 3208 3307 3308
f 3208 3308 3209
f 3209 3308 3309
f 3209 3309 3210
f 3210 3309 3310
f 3210 3310 3211
f 3211 3310 3311
f 3211 3311 3212
f 3212 3311 3312
f 3212 3312 3213
f 3213 3312 3313
f 3213 3313 3214
f 3214 3313 3314
f 3214 3314 3215
f 3215 3314 3315
f 3215 3315 3216
f 3216 3315 3316
f 3216 3316 3217
f 3217 3316 3317
f 3217 3317 3218
f 3218 3317 3318
f 3218 3318 3219
f 3219 3318 3319
f 3219 3319 3220
f 3220 3319 3320
f 3220 3320 3221
f 3221 3320 3321
f 3221 3321 3222
f 3222 3321 3322
f 3222 3322 3223
f 3223 3322 3323
f 3223 3323 3224
f 3224 3323 3324
f 3224 3324 3225
f 3225 3324 3325
f 3225 3325 3226
f 3226 3325 3326
f 3226 3326 3227
f 3227 3326 3327
f 3227 3327 3228
f 3228 3327 3328
f 3228 3328 3229
f 3229 3328 3329
f 3229 3329 3230
f 3230 3329 3330
f 3230 3330 3231
f 3231 3330 3331
f 3231 3331 3232
f 3232 3331 3332
f 3232 3332 3233
f 3233 3332 3333
f 3233 3333 3234
f 3234 3333 3334
f 3234 3334 3235
f 3235 3334 3335
f 3235 3335 3236
f 3236 3335 3336
f 3236 3336 3237
f 3237 3336 3337
f 3237 3337 3238
f 3238 3337 3338
f 3238 3338 3239
f 3239 3338 3339
f 3239 3339 3240
f 3240 3339 3340
f 3240 3340 3241
f 3241 3340 3341
f 3241 3341 3242
f 3242 3341 3342
f 3242 3342 3243
f 3243 3342 3343
f 3243 3343 3244
f 3244 3343 3344
f 3244 3344 3245
f 3245 3344 3345
f 3245 3345 3246
f 3246 3345 3346
f 3246 3346 3247
f 3247 3346 3347
f 3247 3347 3248
f 3248 3347 3348
f 3248 3348 3249
f 3249 3348 3349
f 3249 3349 3250
f 3250 3349 3350
f 3250 3350 3251
f 3251 3350 3351
f 3251 3351 3252
f 3252 3351 3352
f 3252 3352 3253
f 3253 3352 3353
f 3253 3353 3254
f 3254 3353 3354
f 3254 3354 3255
f 3255 3354 3355
f 3255 3355 3256
f 3256 3355 3356
f 3256 3356 3257
f 3257 3356 3357
f 3257 3357 3258
f 3258 3357 3358
f 3258 3358 3259
f 3259 3358 3359
f 3259 3359 3260
f 3260 3359 3360
f 3260 3360 3261
f 3261 3360 3361
f 3261 3361 3262
f 3262 3361 3362
f 3262 3362 3263
f 3263 3362 3363
f 3263 3363 3264
f 3264 3363 3364
f 3264 3364 3265
f 3265 3364 3365
f 3265 3365 3266
f 3266 3365 3366
f 3266 3366 3267
f 3267 3366 3367
f 3267 3367 3268
f 3268 3367 3368
f 3268 3368 3269
f 3269 3368 3369
f 3269 3369 3270
f 3270 3369 3370
f 3270 3370 3271
f 3271 3370 3371
f 3271 3371 3272
f 3272 3371 3372
f 3272 3372 3273
f 3273 3372 3373
f 3273 3373 3274
f 3274 3373 3374
f 3274 3374 3275
f 3275 3374 3375
f 3275 3375 3276
f 3276 3375 3376
f 3276 3376 3277
f 3277 3376 3377
f 3277 3377 3278
f 3278 3377 3378
f 3278 3378 3279
f 3279 3378 3379
f 3279 3379 3280
f 3280 3379 3380
f 3280 3380 3281
f 3281 3380 3381
f 3281 3381 3282
f 3282 3381 3382
f 3282 3382 3283
f 3283 3382 3383
f 3283 3383 3284
f 3284 3383 3384
f 3284 3384 3285
f 3285 3384 3385
f 3285 3385 3286
f 3286 3385 3386
f 3286 3386 3287
f 3287 3386 3387
f 3287 3387 3288
f 3288 3387 3388
f 3288 3388 3289
f 3289 3388 3389
f 3289 3389 3290
f 3290 3389 3390
f 3290 3390 3291
f 3291 3390 3391
f 3291 3391 3292
f 3292 3391 3392
f 3292 3392 3293
f 3293 3392 3393
f 3293 3393 3294
f 3294 3393 3394
f 3294 3394 3295
f 3295 3394 3395
f 3295 3395 3296
f 3296 3395 3396
f 3296 3396 3297
f 3297 3396 3397
f 3297 3397 3298
f 3298 3397 3398
f 3298 3398 3299
f 3299 3398 3399
f 3299 3399 3300
f 3300 3399 3400
f 3300 3400 3301
f 3301 3400 3401
f 3301 3401 3202
f 3202 3401 3302
f 3302 3402 3303
f 3303 3402 3403
f 3303 3403 3304
f 3304 3403 3404
f 3304 3404 3305
f 3305 3404 3405
f 3305 3405 3306
f 3306 3405 3406
f 3306 3406 3307
f 3307 3406 3407
f 3307 3407 3308
f 3308 3407 3408
f 3308 3408 3309
f 3309 3408 3409
f 3309 3409 3310
f 3310 3409 3410
f 3310 3410 3311
f 3311 3410 3411
f 3311 3411 3312
f 3312 3411 3412
f 3312 3412 3313
f 3313 3412 3413
f 3313 3413 3314
f 3314 3413 3414
f 3314 3414 3315
f 3315 3414 3415
f 3315 3415 3316
f 3316 3415 3416
f 3316 3416 3317
f 3317 3416 3417
f 3317 3417 3318
f 3318 3417 3418
f 3318 3418 3319
f 3319 3418 3419
f 3319 3419 3320
f 3320 3419 3420
f 3320 3420 3321
f 3321 3420 3421
f 3321 3421 3322
f 3322 3421 3422
f 3322 3422 3323
f 3323 3422 3423
f 3323 3423 3324
f 3324 3423 3424
f 3324 3424 3325
f 3325 3424 3425
f 3325 3425 3326
f 3326 3425 3426
f 3326 3426 3327
f 3327 3426 3427
f 3327 3427 3328
f 3328 3427 3428
f 3328 3428 3329
f 3329 3428 3429
f 3329 3429 3330
f 3330 3429 3430
f 3330 3430 3331
f 3331 3430 3431
f 3331 3431 3332
f 3332 3431 3432
f 3332 3432 3333
f 3333 3432 3433
f 3333 3433 3334
f 3334 3433 3434
f 3334 3434 3335
f 3335 3434 3435
f 3335 3435 3336
f 3336 3435 3436
f 3336 3436 3337
f 3337 3436 3437
f 3337 3437 3338
f 3338 3437 3438
f 3338 3438 3339
f 3339 3438 3439
f 3339 3439 3340
f 3340 3439 3440
f 3340 3440 3341
f 3341 3440 3441
f 3341 3441 3342
f 3342 3441 3442
f 3342 3442 3343
f 3343 3442 3443
f 3343 3443 3344
f 3344 3443 3444
f 3344 3444 3345
f 3345 3444 3445
f 3345 3445 3346
f 3346 3445 3446
f 3346 3446 3347
f 3347 3446 3447
f 3347 3447 3348
f 3348 3447 3448
f 3348 3448 3349
f 3349 3448 3449
f 3349 3449 3350
f 3350 3449 3450
f 3350 3450 3351
f 3351 3450 3451
f 3351 3451 3352
f 3352 3451 3452
f 3352 3452 3353
f 3353 3452 3453
f 3353 3453 3354
f 3354 3453 3454
f 3354 3454 3355
f 3355 3454 3455
f 3355 3455 3356
f 3356 3455 3456
f 3356 3456 3357
f 3357 3456 3457
f 3357 3457 3358
f 3358 3457 3458
f 3358 3458 3359
f 3359 3458 3459
f 3359 3459 3360
f 3360 3459 3460
f 3360 3460 3361
f 3361 3460 3461
f 3361 3461 3362
f 3362 3461 3462
f 3362 3462 3363
f 3363 3462 3463
f 3363 3463 3364
f 3364 3463 3464
f 3364 3464 3365
f 3365 3464 3465
f 3365 3465 3366
f 3366 3465 3466
f 3366 3466 3367
f 3367 3466 3467
f 3367 3467 3368
f 3368 3467 3468
f 3368 3468 3369
f 3369 3468 3469
f 3369 3469 3370
f 3370 3469 3470
f 3370 3470 3371
f 3371 3470 3471
f 3371 3471 3372
f 3372 3471 3472
f 3372 3472 3373
f 3373 3472 3473
f 3373 3473 3374
f 3374 3473 3474
f 3374 3474 3375
f 3375 3474 3475
f 3375 3475 3376
f 3376 3475 3476
f 3376 3476 3377
f 3377 3476 3477
f 3377 3477 3378
f 3378 3477 3478
f 3378 3478 3379
f 3379 3478 3479
f 3379 3479 3380
f 3380 3479 3480
f 3380 3480 3381
f 3381 3480 3481
f 3381 3481 3382
f 3382 3481 3482
f 3382 3482 3383
f 3383 3482 3483
f 3383 3483 3384
f 3384 3483 3484
f 3384 3484 3385
f 3385 3484 3485
f 3385 3485 3386
f 3386 3485 3486
f 3386 3486 3387
f 3387 3486 3487
f 3387 3487 3388
f 3388 3487 3488
f 3388 3488 3389
f 3389 3488 3489
f 3389 3489 3390
f 3390 3489 3490
f 3390 3490 3391
f 3391 3490 3491
f 3391 3491 3392
f 3392 3491 3492
f 3392 3492 3393
f 3393 3492 3493
f 3393 3493 3394
f 3394 3493 3494
f 3394 3494 3395
f 3395 3494 3495
f 3395 3495 3396
f 3396 3495 3496
f 3396 3496 3397
f 3397 3496 3497
f 3397 3497 3398
f 3398 3497 3498
f 3398 3498 3399
f 3399 3498 3499
f 3399 3499 3400
f 3400 3499 3500
f 3400 3500 3401
f 3401 3500 3501
f 3401 3501 3302
f 3302 3501 3402
f 3402 3502 3403
f 3403 3502 3503
f 3403 3503 3404
f 3404 3503 3504
f 3404 3504 3405
f 3405 3504 3505
f 3405 3505 3406
f 3406 3505 3506
f 3406 3506 3407
f 3407 3506 3507
f 3407 3507 3408
f 3408 3507 3508
f 3408 3508 3409
f 3409 3508 3509
f 3409 3509 3410
f 3410 3509 3510
f 3410 3510 3411
f 3411 3510 3511
f 3411 3511 3412
f 3412 3511 3512
f 3412 3512 3413
f 3413 3512 3513
f 3413 3513 3414
f 3414 3513 3514
f 3414 3514 3415
f 3415 3514 3515
f 3415 3515 3416
f 3416 3515 3516
f 3416 3516 3417
f 3417 3516 3517
f 3417 3517 3418
f 3418 3517 3518
f 3418 3518 3419
f 3419 3518 3519
f 3419 3519 3420
f 3420 3519 3520
f 3420 3520 3421
f 3421 3520 3521
f 3421 3521 3422
f 3422 3521 3522
f 3422 3522 3423
f 3423 3522 3523
f 3423 3523 3424
f 3424 3523 3524
f 3424 3524 3425
f 3425 3524 3525
f 3425 3525 3426
f 3426 3525 3526
f 3426 3526 3427
f 3427 3526 3527
f 3427 3527 3428
f 3428 3527 3528
f 3428 3528 3429
f 3429 3528 3529
f 3429 3529 3430
f 3430 3529 3530
f 3430 3530 3431
f 3431 3530 3531
f 3431 3531 3432
f 3432 3531 3532
f 3432 3532 3433
f 3433 3532 3533
f 3433 3533 3434
f 3434 3533 3534
f 3434 3534 3435
f 3435 3534 3535
f 3435 3535 3436
f 3436 3535 3536
f 3436 3536 3437
f 3437 3536 3537
f 3437 3537 3438
f 3438 3537 3538
f 3438 3538 3439
f 3439 3538 3539
f 3439 3539 3440
f 3440 3539 3540
f 3440 3540 3441
f 3441 3540 3541
f 3441 3541 3442
f 3442 3541 3542
f 3442 3542 3443
f 3443 3542 3543
f 3443 3543 3444
f 3444 3543 3544
f 3444 3544 3445
f 3445 3544 3545
f 3445 3545 3446
f 3446 3545 3546
f 3446 3546 3447
f 3447 3546 3547
f 3447 3547 3448
f 3448 3547 3548
f 3448 3548 3449
f 3449 3548 3549
f 3449 3549 3450
f 3450 3549 3550
f 3450 3550 3451
f 3451 3550 3551
f 3451 3551 3452
f 3452 3551 3552
f 3452 3552 3453
f 3453 3552 3553
f 3453 3553 3454
f 3454 3553 3554
f 3454 3554 3455
f 3455 3554 3555
f 3455 3555 3456
f 3456 3555 3556
f 3456 3556 3457
f 3457 3556 3557
f 3457 3557 3458
f 3458 3557 3558
f 3458 3558 3459
f 3459 3558 3559
f 3459 3559 3460
f 3460 3559 3560
f 3460 3560 3461
f 3461 3560 3561
f 3461 3561 3462
f 3462 3561 3562
f 3462 3562 3463
f 3463 3562 3563
f 3463 3563 3464
f 3464 3563 3564
f 3464 3564 3465
f 3465 3564 3565
f 3465 3565 3466
f 3466 3565 3566
f 3466 3566 3467
f 3467 3566 3567
f 3467 3567 3468
f 3468 3567 3568
f 3468 3568 3469
f 3469 3568 3569
f 3469 3569 3470
f 3470 3569 3570
f 3470 3570 3471
f 3471 3570 3571
f 3471 3571 3472
f 3472 3571 3572
f 3472 3572 3473
f 3473 3572 3573
f 3473 3573 3474
f 3474 3573 3574
f 3474 3574 3475
f 3475 3574 3575
f 3475 3575 3476
f 3476 3575 3576
f 3476 3576 3477
f 3477 3576 3577
f 3477 3577 3478
f 3478 3577 3578
f 3478 3578 3479
f 3479 3578 3579
f 3479 3579 3480
f 3480 3579 3580
f 3480 3580 3481
f 3481 3580 3581
f 3481 3581 3482
f 3482 3581 3582
f 3482 3582 3483
f 3483 3582 3583
f 3483 3583 3484
f 3484 3583 3584
f 3484 3584 3485
f 3485 3584 3585
f 3485 3585 3486
f 3486 3585 3586
f 3486 3586 3487
f 3487 3586 3587
f 3487 3587 3488
f 3488 3587 3588
f 3488 3588 3489
f 3489 3588 3589
f 3489 3589 3490
f 3490 3589 3590
f 3490 3590 3491
f 3491 3590 3591
f 3491 3591 3492
f 3492 3591 3592
f 3492 3592 3493
f 3493 3592 3593
f 3493 3593 3494
f 3494 3593 3594
f 3494 3594 3495
f 3495 3594 3595
f 3495 3595 3496
f 3496 3595 3596
f 3496 3596 3497
f 3497 3596 3597
f 3497 3597 3498
f 3498 3597 3598
f 3498 3598 3499
f 3499 3598 3599
f 3499 3599 3500
f 3500 3599 3600
f 3500 3600 3501
f 3501 3600 3601
f 3501 3601 3402
f 3402 3601 3502
f 3502 3602 3503
f 3503 3602 3603
f 3503 3603 3504
f 3504 3603 3604
f 3504 3604 3505
f 3505 3604 3605
f 3505 3605 3506
f 3506 3605 3606
f 3506 3606 3507
f 3507 3606 3607
f 3507 3607 3508
f 3508 3607 3608
f 3508 3608 3509
f 3509 3608 3609
f 3509 3609 3510
f 3510 3609 3610
f 3510 3610 3511
f 3511 3610 3611
f 3511 3611 3512
f 3512 3611 3612
f 3512 3612 3513
f 3513 3612 3613
f 3513 3613 3514
f 3514 3613 3614
f 3514 3614 3515
f 3515 3614 3615
f 3515 3615 3516
f 3516 3615 3616
f 3516 3616 3517
f 3517 3616 3617
f 3517 3617 3518
f 3518 3617 3618
f 3518 3618 3519
f 3519 3618 3619
f 3519 3619 3520
f 3520 3619 3620
f 3520 3620 3521
f 3521 3620 3621
f 3521 3621 3522
f 3522 3621 3622
f 3522 3622 3523
f 3523 3622 3623
f 3523 3623 3524
f 3524 3623 3624
f 3524 3624 3525
f 3525 3624 3625
f 3525 3625 3526
f 3526 3625 3626
f 3526 3626 3527
f 3527 3626 3627
f 3527 3627 3528
f 3528 3627 3628
f 3528 3628 3529
f 3529 3628 3629
f 3529 3629 3530
f 3530 3629 3630
f 3530 3630 3531
f 3531 3630 3631
f 3531 3631 3532
f 3532 3631 3632
f 3532 3632 3533
f 3533 3632 3633
f 3533 3633 3534
f 3534 3633 3634
f 3534 3634 3535
f 3535 3634 3635
f 3535 3635 3536
f 3536 3635 3636
f 3536 3636 3537
f 3537 3636 3637
f 3537 3637 3538
f 3538 3637 3638
f 3538 3638 3539
f 3539 3638 3639
f 3539 3639 3540
f 3540 3639 3640
f 3540 3640 3541
f 3541 3640 3641
f 3541 3641 3542
f 3542 3641 3642
f 3542 3642 3543
f 3543 3642 3643
f 3543 3643 3544
f 3544 3643 3644
f 3544 3644 3545
f 3545 3644 3645
f 3545 3645 3546
f 3546 3645 3646
f 3546 3646 3547
f 3547 3646 3647
f 3547 3647 3548
f 3548 3647 3648
f 3548 3648 3549
f 3549 3648 3649
f 3549 3649 3550
f 3550 3649 3650
f 3550 3650 3551
f 3551 3650 3651
f 3551 3651 3552
f 3552 3651 3652
f 3552 3652 3553
f 3553 3652 3653
f 3553 3653 3554
f 3554 3653 3654
f 3554 3654 3555
f 3555 3654 3655
f 3555 3655 3556
f 3556 3655 3656
f 3556 3656 3557
f 3557 3656 3657
f 3557 3657 3558
f 3558 3657 3658
f 3558 3658 3559
f 3559 3658 3659
f 3559 3659 3560
f 3560 3659 3660
f 3560 3660 3561
f 3561 3660 3661
f 3561 3661 3562
f 3562 3661 3662
f 3562 3662 3563
f 3563 3662 3663
f 3563 3663 3564
f 3564 3663 3664
f 3564 3664 3565
f 3565 3664 3665
f 3565 3665 3566
f 3566 3665 3666
f 3566 3666 3567
f 3567 3666 3667
f 3567 3667 3568
f 3568 3667 3668
f 3568 3668 3569
f 3569 3668 3669
f 3569 3669 3570
f 3570 3669 3670
f 3570 3670 3571
f 3571 3670 3671
f 3571 3671 3572
f 3572 3671 3672
f 3572 3672 3573
f 3573 3672 3673
f 3573 3673 3574
f 3574 3673 3674
f 3574 3674 3575
f 3575 3674 3675
f 3575 3675 3576
f 3576 3675 3676
f 3576 3676 3577
f 3577 3676 3677
f 3577 3677 3578
f 3578 3677 3678
f 3578 3678 3579
f 3579 3678 3679
f 3579 3679 3580
f 3580 3679 3680
f 3580 3680 3581
f 3581 3680 3681
f 3581 3681 3582
f 3582 3681 3682
f 3582 3682 3583
f 3583 3682 3683
f 3583 3683 3584
f 3584 3683 3684
f 3584 3684 3585
f 3585 3684 3685
f 3585 3685 3586
f 3586 3685 3686
f 3586 3686 3587
f 3587 3686 3687
f 3587 3687 3588
f 3588 3687 3688
f 3588 3688 3589
f 3589 3688 3689
f 3589 3689 3590
f 3590 3689 3690
f 3590 3690 3591
f 3591 3690 3691
f 3591 3691 3592
f 3592 3691 3692
f 3592 3692 3593
f 3593 3692 3693
f 3593 3693 3594
f 3594 3693 3694
f 3594 3694 3595
f 3595 3694 3695
f 3595 3695 3596
f 3596 3695 3696
f 3596 3696 3597
f 3597 3696 3697
f 3597 3697 3598
f 3598 3697 3698
f 3598 3698 3599
f 3599 3698 3699
f 3599 3699 3600
f 3600 3699 3700
f 3600 3700 3601
f 3601 3700 3701
f 3601 3701 3502
f 3502 3701 3602
f 3602 3702 3603
f 3603 3702 3703
f 3603 3703 3604
f 3604 3703 3704
f 3604 3704 3605
f 3605 3704 3705
f 3605 3705 3606
f 3606 3705 3706
f 3606 3706 3607
f 3607 3706 3707
f 3607 3707 3608
f 3608 3707 3708
f 3608 3708 3609
f 3609 3708 3709
f 3609 3709 3610
f 3610 3709 3710
f 3610 3710 3611
f 3611 3710 3711
f 3611 3711 3612
f 3612 3711 3712
f 3612 3712 3613
f 3613 3712 3713
f 3613 3713 3614
f 3614 3713 3714
f 3614 3714 3615
f 3615 3714 3715
f 3615 3715 3616
f 3616 3715 3716
f 3616 3716 3617
f 3617 3716 3717
f 3617 3717 3618
f 3618 3717 3718
f 3618 3718 3619
f 3619 3718 3719
f 3619 3719 3620
f 3620 3719 3720
f 3620 3720 3621
f 3621 3720 3721
f 3621 3721 3622
f 3622 3721 3722
f 3622 3722 3623
f 3623 3722 3723
f 3623 3723 3624
f 3624 3723 3724
f 3624 3724 3625
f 3625 3724 3725
f 3625 3725 3626
f 3626 3725 3726
f 3626 3726 3627
f 3627 3726 3727
f 3627 3727 3628
f 3628 3727 3728
f 3628 3728 3629
f 3629 3728 3729
f 3629 3729 3630
f 3630 3729 3730
f 3630 3730 3631
f 3631 3730 3731
f 3631 3731 3632
f 3632 3731 3732
f 3632 3732 3633
f 3633 3732 3733
f 3633 3733 3634
f 3634 3733 3734
f 3634 3734 3635
f 3635 3734 3735
f 3635 3735 3636
f 3636 3735 3736
f 3636 3736 3637
f 3637 3736 3737
f 3637 3737 3638
f 3638 3737 3738
f 3638 3738 3639
f 3639 3738 3739
f 3639 3739 3640
f 3640 3739 3740
f 3640 3740 3641
f 3641 3740 3741
f 3641 3741 3642
f 3642 3741 3742
f 3642 3742 3643
f 3643 3742 3743
f 3643 3743 3644
f 3644 3743 3744
f 3644 3744 3645
f 3645 3744 3745
f 3645 3745 3646
f 3646 3745 3746
f 3646 3746 3647
f 3647 3746 3747
f 3647 3747 3648
f 3648 3747 3748
f 3648 3748 3649
f 3649 3748 3749
f 3649 3749 3650
f 3650 3749 3750
f 3650 3750 3651
f 3651 3750 3751
f 3651 3751 3652
f 3652 3751 3752
f 3652 3752 3653
f 3653 3752 3753
f 3653 3753 3654
f 3654 3753 3754
f 3654 3754 3655
f 3655 3754 3755
f 3655 3755 3656
f 3656 3755 3756
f 3656 3756 3657
f 3657 3756 3757
f 3657 3757 3658
f 3658 3757 3758
f 3658 3758 3659
f 3659 3758 3759
f 3659 3759 3660
f 3660 3759 3760
f 3660 3760 3661
f 3661 3760 3761
f 3661 3761 3662
f 3662 3761 3762
f 3662 3762 3663
f 3663 3762 3763
f 3663 3763 3664
f 3664 3763 3764
f 3664 3764 3665
f 3665 3764 3765
f 3665 3765 3666
f 3666 3765 3766
f 3666 3766 3667
f 3667 3766 3767
f 3667 3767 3668
f 3668 3767 3768
f 3668 3768 3669
f 3669 3768 3769
f 3669 3769 3670
f 3670 3769 3770
f 3670 3770 3671
f 3671 3770 3771
f 3671 3771 3672
f 3672 3771 3772
f 3672 3772 3673
f 3673 3772 3773
f 3673 3773 3674
f 3674 3773 3774
f 3674 3774 3675
f 3675 3774 3775
f 3675 3775 3676
f 3676 3775 3776
f 3676 3776 3677
f 3677 3776 3777
f 3677 3777 3678
f 3678 3777 3778
f 3678 3778 3679
f 3679 3778 3779
f 3679 3779 3680
f 3680 3779 3780
f 3680 3780 3681
f 3681 3780 3781
f 3681 3781 3682
f 3682 3781 3782
f 3682 3782 3683
f 3683 3782 3783
f 3683 3783 3684
f 3684 3783 3784
f 3684 3784 3685
f 3685 3784 3785
f 3685 3785 3686
f 3686 3785 3786
f 3686 3786 3687
f 3687 3786 3787
f 3687 3787 3688
f 3688 3787 3788
f 3688 3788 3689
f 3689 3788 3789
f 3689 3789 3690
f 3690 3789 3790
f 3690 3790 3691
f 3691 3790 3791
f 3691 3791 3692
f 3692 3791 3792
f 3692 3792 3693
f 3693 3792 3793
f 3693 3793 3694
f 3694 3793 3794
f 3694 3794 3695
f 3695 3794 3795
f 3695 3795 3696
f 3696 3795 3796
f 3696 3796 3697
f 3697 3796 3797
f 3697 3797 3698
f 3698 3797 3798
f 3698 3798 3699
f 3699 3798 3799
f 3699 3799 3700
f 3700 3799 3800
f 3700 3800 3701
f 3701 3800 3801
f 3701 3801 3602
f 3602 3801 3702
f 3702 3802 3703
f 3703 3802 3803
f 3703 3803 3704
f 3704 3803 3804
f 3704 3804 3705
f 3705 3804 3805
f 3705 3805 3706
f 3706 3805 3806
f 3706 3806 3707
f 3707 3806 3807
f 3707 3807 3708
f 3708 3807 3808
f 3708 3808 3709
f 3709 3808 3809
f 3709 3809 3710
f 3710 3809 3810
f 3710 3810 3711
f 3711 3810 3811
f 3711 3811 3712
f 3712 3811 3812
f 3712 3812 3713
f 3713 3812 3813
f 3713 3813 3714
f 3714 3813 3814
f 3714 3814 3715
f 3715 3814 3815
f 3715 3815 3716
f 3716 3815 3816
f 3716 3816 3717
f 3717 3816 3817
f 3717 3817 3718
f 3718 3817 3818
f 3718 3818 3719
f 3719 3818 3819
f 3719 3819 3720
f 3720 3819 3820
f 3720 3820 3721
f 3721 3820 3821
f 3721 3821 3722
f 3722 3821 3822
f 3722 3822 3723
f 3723 3822 3823
f 3723 3823 3724
f 3724 3823 3824
f 3724 3824 3725
f 3725 3824 3825
f 3725 3825 3726
f 3726 3825 3826
f 3726 3826 3727
f 3727 3826 3827
f 3727 3827 3728
f 3728 3827 3828
f 3728 3828 3729
f 3729 3828 3829
f 3729 3829 3730
f 3730 3829 3830
f 3730 3830 3731
f 3731 3830 3831
f 3731 3831 3732
f 3732 3831 3832
f 3732 3832 3733
f 3733 3832 3833
f 3733 3833 3734
f 3734 3833 3834
f 3734 3834 3735
f 3735 3834 3835
f 3735 3835 3736
f 3736 3835 3836
f 3736 3836 3737
f 3737 3836 3837
f 3737 3837 3738
f 3738 3837 3838
f 3738 3838 3739
f 3739 3838 3839
f 3739 3839 3740
f 3740 3839 3840
f 3740 3840 3741
f 3741 3840 3841
f 3741 3841 3742
f 3742 3841 3842
f 3742 3842 3743
f 3743 3842 3843
f 3743 3843 3744
f 3744 3843 3844
f 3744 3844 3745
f 3745 3844 3845
f 3745 3845 3746
f 3746 3845 3846
f 3746 3846 3747
f 3747 3846 3847
f 3747 3847 3748
f 3748 3847 3848
f 3748 3848 3749
f 3749 3848 3849
f 3749 3849 3750
f 3750 3849 3850
f 3750 3850 3751
f 3751 3850 3851
f 3751 3851 3752
f 3752 3851 3852
f 3752 3852 3753
f 3753 3852 3853
f 3753 3853 3754
f 3754 3853 3854
f 3754 3854 3755
f 3755 3854 3855
f 3755 3855 3756
f 3756 3855 3856
f 3756 3856 3757
f 3757 3856 3857
f 3757 3857 3758
f 3758 3857 3858
f 3758 3858 3759
f 3759 3858 3859
f 3759 3859 3760
f 3760 3859 3860
f 3760 3860 3761
f 3761 3860 3861
f 3761 3861 3762
f 3762 3861 3862
f 3762 3862 3763
f 3763 3862 3863
f 3763 3863 3764
f 3764 3863 3864
f 3764 3864 3765
f 3765 3864 3865
f 3765 3865 3766
f 3766 3865 3866
f 3766 3866 3767
f 3767 3866 3867
f 3767 3867 3768
f 3768 3867 3868
f 3768 3868 3769
f 3769 3868 3869
f 3769 3869 3770
f 3770 3869 3870
f 3770 3870 3771
f 3771 3870 3871
f 3771 3871 3772
f 3772 3871 3872
f 3772 3872 3773
f 3773 3872 3873
f 3773 3873 3774
f 3774 3873 3874
f 3774 3874 3775
f 3775 3874 3875
f 3775 3875 3776
f 3776 3875 3876
f 3776 3876 3777
f 3777 3876 3877
f 3777 3877 3778
f 3778 3877 3878
f 3778 3878 3779
f 3779 3878 3879
f 3779 3879 3780
f 3780 3879 3880
f 3780 3880 3781
f 3781 3880 3881
f 3781 3881 3782
f 3782 3881 3882
f 3782 3882 3783
f 3783 3882 3883
f 3783 3883 3784
f 3784 3883 3884
f 3784 3884 3785
f 3785 3884 3885
f 3785 3885 3786
f 3786 3885 3886
f 3786 3886 3787
f 3787 3886 3887
f 3787 3887 3788
f 3788 3887 3888
f 3788 3888 3789
f 3789 3888 3889
f 3789 3889 3790
f 3790 3889 3890
f 3790 3890 3791
f 3791 3890 3891
f 3791 3891 3792
f 3792 3891 3892
f 3792 3892 3793
f 3793 3892 3893
f 3793 3893 3794
f 3794 3893 3894
f 3794 3894 3795
f 3795 3894 3895
f 3795 3895 3796
f 3796 3895 3896
f 3796 3896 3797
f 3797 3896 3897
f 3797 3897 3798
f 3798 3897 3898
f 3798 3898 3799
f 3799 3898 3899
f 3799 3899 3800
f 3800 3899 3900
f 3800 3900 3801
f 3801 3900 3901
f 3801 3901 3702
f 3702 3901 3802
f 3802 3902 3803
f 3803 3902 3903
f 3803 3903 3804
f 3804 3903 3904
f 3804 3904 3805
f 3805 3904 3905
f 3805 3905 3806
f 3806 3905 3906
f 3806 3906 3807
f 3807 3906 3907
f 3807 3907 3808
f 3808 3907 3908
f 3808 3908 3809
f 3809 3908 3909
f 3809 3909 3810
f 3810 3909 3910
f 3810 3910 3811
f 3811 3910 3911
f 3811 3911 3812
f 3812 3911 3912
f 3812 3912 3813
f 3813 3912 3913
f 3813 3913 3814
f 3814 3913 3914
f 3814 3914 3815
f 3815 3914 3915
f 3815 3915 3816
f 3816 3915 3916
f 3816 3916 3817
f 3817 3916 3917
f 3817 3917 3818
f 3818 3917 3918
f 3818 3918 3819
f 3819 3918 3919
f 3819 3919 3820
f 3820 3919 3920
f 3820 3920 3821
f 3821 3920 3921
f 3821 3921 3822
f 3822 3921 3922
f 3822 3922 3823
f 3823 3922 3923
f 3823 3923 3824
f 3824 3923 3924
f 3824 3924 3825
f 3825 3924 3925
f 3825 3925 3826
f 3826 3925 3926
f 3826 3926 3827
f 3827 3926 3927
f 3827 3927 3828
f 3828 3927 3928
f 3828 3928 3829
f 3829 3928 3929
f 3829 3929 3830
f 3830 3929 3930
f 3830 3930 3831
f 3831 3930 3931
f 3831 3931 3832
f 3832 3931 3932
f 3832 3932 3833
f 3833 3932 3933
f 3833 3933 3834
f 3834 3933 3934
f 3834 3934 3835
f 3835 3934 3935
f 3835 3935 3836
f 3836 3935 3936
f 3836 3936 3837
f 3837 3936 3937
f 3837 3937 3838
f 3838 3937 3938
f 3838 3938 3839
f 3839 3938 3939
f 3839 3939 3840
f 3840 3939 3940
f 3840 3940 3841
f 3841 3940 3941
f 3841 3941 3842
f 3842 3941 3942
f 3842 3942 3843
f 3843 3942 3943
f 3843 3943 3844
f 3844 3943 3944
f 3844 3944 3845
f 3845 3944 3945
f 3845 3945 3846
f 3846 3945 3946
f 3846 3946 3847
f 3847 3946 3947
f 3847 3947 3848
f 3848 3947 3948
f 3848 3948 3849
f 3849 3948 3949
f 3849 3949 3850
f 3850 3949 3950
f 3850 3950 3851
f 3851 3950 3951
f 3851 3951 3852
f 3852 3951 3952
f 3852 3952 3853
f 3853 3952 3953
f 3853 3953 3854
f 3854 3953 3954
f 3854 3954 3855
f 3855 3954 3955
f 3855 3955 3856
f 3856 3955 3956
f 3856 3956 3857
f 3857 3956 3957
f 3857 3957 3858
f 3858 3957 3958
f 3858 3958 3859
f 3859 3958 3959
f 3859 3959 3860
f 3860 3959 3960
f 3860 3960 3861
f 3861 3960 3961
f 3861 3961 3862
f 3862 3961 3962
f 3862 3962 3863
f 3863 3962 3963
f 3863 3963 3864
f 3864 3963 3964
f 3864 3964 3865
f 3865 3964 3965
f 3865 3965 3866
f 3866 3965 3966
f 3866 3966 3867
f 3867 3966 3967
f 3867 3967 3868
f 3868 3967 3968
f 3868 3968 3869
f 3869 3968 3969
f 3869 3969 3870
f 3870 3969 3970
f 3870 3970 3871
f 3871 3970 3971
f 3871 3971 3872
f 3872 3971 3972
f 3872 3972 3873
f 3873 3972 3973
f 3873 3973 3874
f 3874 3973 3974
f 3874 3974 3875
f 3875 3974 3975
f 3875 3975 3876
f 3876 3975 3976
f 3876 3976 3877
f 3877 3976 3977
f 3877 3977 3878
f 3878 3977 3978
f 3878 3978 3879
f 3879 3978 3979
f 3879 3979 3880
f 3880 3979 3980
f 3880 3980 3881
f 3881 3980 3981
f 3881 3981 3882
f 3882 3981 3982
f 3882 3982 3883
f 3883 3982 3983
f 3883 3983 3884
f 3884 3983 3984
f 3884 3984 3885
f 3885 3984 3985
f 3885 3985 3886
f 3886 3985 3986
f 3886 3986 3887
f 3887 3986 3987
f 3887 3987 3888
f 3888 3987 3988
f 3888 3988 3889
f 3889 3988 3989
f 3889 3989 3890
f 3890 3989 3990
f 3890 3990 3891
f 3891 3990 3991
f 3891 3991 3892
f 3892 3991 3992
f 3892 3992 3893
f 3893 3992 3993
f 3893 3993 3894
f 3894 3993 3994
f 3894 3994 3895
f 3895 3994 3995
f 3895 3995 3896
f 3896 3995 3996
f 3896 3996 3897
f 3897 3996 3997
f 3897 3997 3898
f 3898 3997 3998
f 3898 3998 3899
f 3899 3998 3999
f 3899 3999 3900
f 3900 3999 4000
f 3900 4000 3901
f 3901 4000 4001
f 3901 4001 3802
f 3802 4001 3902
f 3902 4002 3903
f 3903 4002 4003
f 3903 4003 3904
f 3904 4003 4004
f 3904 4004 3905
f 3905 4004 4005
f 3905 4005 3906
f 3906 4005 4006
f 3906 4006 3907
f 3907 4006 4007
f 3907 4007 3908
f 3908 4007 4008
f 3908 4008 3909
f 3909 4008 4009
f 3909 4009 3910
f 3910 4009 4010
f 3910 4010 3911
f 3911 4010 4011
f 3911 4011 3912
f 3912 4011 4012
f 3912 4012 3913
f 3913 4012 4013
f 3913 4013 3914
f 3914 4013 4014
f 3914 4014 3915
f 3915 4014 4015
f 3915 4015 3916
f 3916 4015 4016
f 3916 4016 3917
f 3917 4016 4017
f 3917 4017 3918
f 3918 4017 4018
f 3918 4018 3919
f 3919 4018 4019
f 3919 4019 3920
f 3920 4019 4020
f 3920 4020 3921
f 3921 4020 4021
f 3921 4021 3922
f 3922 4021 4022
f 3922 4022 3923
f 3923 4022 4023
f 3923 4023 3924
f 3924 4023 4024
f 3924 4024 3925
f 3925 4024 4025
f 3925 4025 3926
f 3926 4025 4026
f 3926 4026 3927
f 3927 4026 4027
f 3927 4027 3928
f 3928 4027 4028
f 3928 4028 3929
f 3929 4028 4029
f 3929 4029 3930
f 3930 4029 4030
f 3930 4030 3931
f 3931 4030 4031
f 3931 4031 3932
f 3932 4031 4032
f 3932 4032 3933
f 3933 4032 4033
f 3933 4033 3934
f 3934 4033 4034
f 3934 4034 3935
f 3935 4034 4035
f 3935 4035 3936
f 3936 4035 4036
f 3936 4036 3937
f 3937 4036 4037
f 3937 4037 3938
f 3938 4037 4038
f 3938 4038 3939
f 3939 4038 4039
f 3939 4039 3940
f 3940 4039 4040
f 3940 4040 3941
f 3941 4040 4041
f 3941 4041 3942
f 3942 4041 4042
f 3942 4042 3943
f 3943 4042 4043
f 3943 4043 3944
f 3944 4043 4044
f 3944 4044 3945
f 3945 4044 4045
f 3945 4045 3946
f 3946 4045 4046
f 3946 4046 3947
f 3947 4046 4047
f 3947 4047 3948
f 3948 4047 4048
f 3948 4048 3949
f 3949 4048 4049
f 3949 4049 3950
f 3950 4049 4050
f 3950 4050 3951
f 3951 4050 4051
f 3951 4051 3952
f 3952 4051 4052
f 3952 4052 3953
f 3953 4052 4053
f 3953 4053 3954
f 3954 4053 4054
f 3954 4054 3955
f 3955 4054 4055
f 3955 4055 3956
f 3956 4055 4056
f 3956 4056 3957
f 3957 4056 4057
f 3957 4057 3958
f 3958 4057 4058
f 3958 4058 3959
f 3959 4058 4059
f 3959 4059 3960
f 3960 4059 4060
f 3960 4060 3961
f 3961 4060 4061
f 3961 4061 3962
f 3962 4061 4062
f 3962 4062 3963
f 3963 4062 4063
f 3963 4063 3964
f 3964 4063 4064
f 3964 4064 3965
f 3965 4064 4065
f 3965 4065 3966
f 3966 4065 4066
f 3966 4066 3967
f 3967 4066 4067
f 3967 4067 3968
f 3968 4067 4068
f 3968 4068 3969
f 3969 4068 4069
f 3969 4069 3970
f 3970 4069 4070
f 3970 4070 3971
f 3971 4070 4071
f 3971 4071 3972
f 3972 4071 4072
f 3972 4072 3973
f 3973 4072 4073
f 3973 4073 3974
f 3974 4073 4074
f 3974 4074 3975
f 3975 4074 4075
f 3975 4075 3976
f 3976 4075 4076
f 3976 4076 3977
f 3977 4076 4077
f 3977 4077 3978
f 3978 4077 4078
f 3978 4078 3979
f 3979 4078 4079
f 3979 4079 3980
f 3980 4079 4080
f 3980 4080 3981
f 3981 4080 4081
f 3981 4081 3982
f 3982 4081 4082
f 3982 4082 3983
f 3983 4082 4083
f 3983 4083 3984
f 3984 4083 4084
f 3984 4084 3985
f 3985 4084 4085
f 3985 4085 3986
f 3986 4085 4086
f 3986 4086 3987
f 3987 4086 4087
f 3987 4087 3988
f 3988 4087 4088
f 3988 4088 3989
f 3989 4088 4089
f 3989 4089 3990
f 3990 4089 4090
f 3990 4090 3991
f 3991 4090 4091
f 3991 4091 3992
f 3992 4091 4092
f 3992 4092 3993
f 3993 4092 4093
f 3993 4093 3994
f 3994 4093 4094
f 3994 4094 3995
f 3995 4094 4095
f 3995 4095 3996
f 3996 4095 4096
f 3996 4096 3997
f 3997 4096 4097
f 3997 4097 3998
f 3998 4097 4098
f 3998 4098 3999
f 3999 4098 4099
f 3999 4099 4000
f 4000 4099 4100
f 4000 4100 4001
f 4001 4100 4101
f 4001 4101 3902
f 3902 4101 4002
f 4002 4102 4003
f 4003 4102 4103
f 4003 4103 4004
f 4004 4103 4104
f 4004 4104 4005
f 4005 4104 4105
f 4005 4105 4006
f 4006 4105 4106
f 4006 4106 4007
f 4007 4106 4107
f 4007 4107 4008
f 4008 4107 4108
f 4008 4108 4009
f 4009 4108 4109
f 4009 4109 4010
f 4010 4109 4110
f 4010 4110 4011
f 4011 4110 4111
f 4011 4111 4012
f 4012 4111 4112
f 4012 4112 4013
f 4013 4112 4113
f 4013 4113 4014
f 4014 4113 4114
f 4014 4114 4015
f 4015 4114 4115
f 4015 4115 4016
f 4016 4115 4116
f 4016 4116 4017
f 4017 4116 4117
f 4017 4117 4018
f 4018 4117 4118
f 4018 4118 4019
f 4019 4118 4119
f 4019 4119 4020
f 4020 4119 4120
f 4020 4120 4021
f 4021 4120 4121
f 4021 4121 4022
f 4022 4121 4122
f 4022 4122 4023
f 4023 4122 4123
f 4023 4123 4024
f 4024 4123 4124
f 4024 4124 4025
f 4025 4124 4125
f 4025 4125 4026
f 4026 4125 4126
f 4026 4126 4027
f 4027 4126 4127
f 4027 4127 4028
f 4028 4127 4128
f 4028 4128 4029
f 4029 4128 4129
f 4029 4129 4030
f 4030 4129 4130
f 4030 4130 4031
f 4031 4130 4131
f 4031 4131 4032
f 4032 4131 4132
f 4032 4132 4033
f 4033 4132 4133
f 4033 4133 4034
f 4034 4133 4134
f 4034 4134 4035
f 4035 4134 4135
f 4035 4135 4036
f 4036 4135 4136
f 4036 4136 4037
f 4037 4136 4137
f 4037 4137 4038
f 4038 4137 4138
f 4038 4138 4039
f 4039 4138 4139
f 4039 4139 4040
f 4040 4139 4140
f 4040 4140 4041
f 4041 4140 4141
f 4041 4141 4042
f 4042 4141 4142
f 4042 4142 4043
f 4043 4142 4143
f 4043 4143 4044
f 4044 4143 4144
f 4044 4144 4045
f 4045 4144 4145
f 4045 4145 4046
f 4046 4145 4146
f 4046 4146 4047
f 4047 4146 4147
f 4047 4147 4048
f 4048 4147 4148
f 4048 4148 4049
f 4049 4148 4149
f 4049 4149 4050
f 4050 4149 4150
f 4050 4150 4051
f 4051 4150 4151
f 4051 4151 4052
f 4052 4151 4152
f 4052 4152 4053
f 4053 4152 4153
f 4053 4153 4054
f 4054 4153 4154
f 4054 4154 4055
f 4055 4154 4155
f 4055 4155 4056
f 4056 4155 4156
f 4056 4156 4057
f 4057 4156 4157
f 4057 4157 4058
f 4058 4157 4158
f 4058 4158 4059
f 4059 4158 4159
f 4059 4159 4060
f 4060 4159 4160
f 4060 4160 4061
f 4061 4160 4161
f 4061 4161 4062
f 4062 4161 4162
f 4062 4162 4063
f 4063 4162 4163
f 4063 4163 4064
f 4064 4163 4164
f 4064 4164 4065
f 4065 4164 4165
f 4065 4165 4066
f 4066 4165 4166
f 4066 4166 4067
f 4067 4166 4167
f 4067 4167 4068
f 4068 4167 4168
f 4068 4168 4069
f 4069 4168 4169
f 4069 4169 4070
f 4070 4169 4170
f 4070 4170 4071
f 4071 4170 4171
f 4071 4171 4072
f 4072 4171 4172
f 4072 4172 4073
f 4073 4172 4173
f 4073 4173 4074
f 4074 4173 4174
f 4074 4174 4075
f 4075 4174 4175
f 4075 4175 4076
f 4076 4175 4176
f 4076 4176 4077
f 4077 4176 4177
f 4077 4177 4078
f 4078 4177 4178
f 4078 4178 4079
f 4079 4178 4179
f 4079 4179 4080
f 4080 4179 4180
f 4080 4180 4081
f 4081 4180 4181
f 4081 4181 4082
f 4082 4181 4182
f 4082 4182 4083
f 4083 4182 4183
f 4083 4183 4084
f 4084 4183 4184
f 4084 4184 4085
f 4085 4184 4185
f 4085 4185 4086
f 4086 4185 4186
f 4086 4186 4087
f 4087 4186 4187
f 4087 4187 4088
f 4088 4187 4188
f 4088 4188 4089
f 4089 4188 4189
f 4089 4189 4090
f 4090 4189 4190
f 4090 4190 4091
f 4091 4190 4191
f 4091 4191 4092
f 4092 4191 4192
f 4092 4192 4093
f 4093 4192 4193
f 4093 4193 4094
f 4094 4193 4194
f 4094 4194 4095
f 4095 4194 4195
f 4095 4195 4096
f 4096 4195 4196
f 4096 4196 4097
f 4097 4196 4197
f 4097 4197 4098
f 4098 4197 4198
f 4098 4198 4099
f 4099 4198 4199
f 4099 4199 4100
f 4100 4199 4200
f 4100 4200 4101
f 4101 4200 4201
f 4101 4201 4002
f 4002 4201 4102
f 4102 4202 4103
f 4103 4202 4203
f 4103 4203 4104
f 4104 4203 4204
f 4104 4204 4105
f 4105 4204 4205
f 4105 4205 4106
f 4106 4205 4206
f 4106 4206 4107
f 4107 4206 4207
f 4107 4207 4108
f 4108 4207 4208
f 4108 4208 4109
f 4109 4208 4209
f 4109 4209 4110
f 4110 4209 4210
f 4110 4210 4111
f 4111 4210 4211
f 4111 4211 4112
f 4112 4211 4212
f 4112 4212 4113
f 4113 4212 4213
f 4113 4213 4114
f 4114 4213 4214
f 4114 4214 4115
f 4115 4214 4215
f 4115 4215 4116
f 4116 4215 4216
f 4116 4216 4117
f 4117 4216 4217
f 4117 4217 4118
f 4118 4217 4218
f 4118 4218 4119
f 4119 4218 4219
f 4119 4219 4120
f 4120 4219 4220
f 4120 4220 4121
f 4121 4220 4221
f 4121 4221 4122
f 4122 4221 4222
f 4122 4222 4123
f 4123 4222 4223
f 4123 4223 4124
f 4124 4223 4224
f 4124 4224 4125
f 4125 4224 4225
f 4125 4225 4126
f 4126 4225 4226
f 4126 4226 4127
f 4127 4226 4227
f 4127 4227 4128
f 4128 4227 4228
f 4128 4228 4129
f 4129 4228 4229
f 4129 4229 4130
f 4130 4229 4230
f 4130 4230 4131
f 4131 4230 4231
f 4131 4231 4132
f 4132 4231 4232
f 4132 4232 4133
f 4133 4232 4233
f 4133 4233 4134
f 4134 4233 4234
f 4134 4234 4135
f 4135 4234 4235
f 4135 4235 4136
f 4136 4235 4236
f 4136 4236 4137
f 4137 4236 4237
f 4137 4237 4138
f 4138 4237 4238
f 4138 4238 4139
f 4139 4238 4239
f 4139 4239 4140
f 4140 4239 4240
f 4140 4240 4141
f 4141 4240 4241
f 4141 4241 4142
f 4142 4241 4242
f 4142 4242 4143
f 4143 4242 4243
f 4143 4243 4144
f 4144 4243 4244
f 4144 4244 4145
f 4145 4244 4245
f 4145 4245 4146
f 4146 4245 4246
f 4146 4246 4147
f 4147 4246 4247
f 4147 4247 4148
f 4148 4247 4248
f 4148 4248 4149
f 4149 4248 4249
f 4149 4249 4150
f 4150 4249 4250
f 4150 4250 4151
f 4151 4250 4251
f 4151 4251 4152
f 4152 4251 4252
f 4152 4252 4153
f 4153 4252 4253
f 4153 4253 4154
f 4154 4253 4254
f 4154 4254 4155
f 4155 4254 4255
f 4155 4255 4156
f 4156 4255 4256
f 4156 4256 4157
f 4157 4256 4257
f 4157 4257 4158
f 4158 4257 4258
f 4158 4258 4159
f 4159 4258 4259
f 4159 4259 4160
f 4160 4259 4260
f 4160 4260 4161
f 4161 4260 4261
f 4161 4261 4162
f 4162 4261 4262
f 4162 4262 4163
f 4163 4262 4263
f 4163 4263 4164
f 4164 4263 4264
f 4164 4264 4165
f 4165 4264 4265
f 4165 4265 4166
f 4166 4265 4266
f 4166 4266 4167
f 4167 4266 4267
f 4167 4267 4168
f 4168 4267 4268
f 4168 4268 4169
f 4169 4268 4269
f 4169 4269 4170
f 4170 4269 4270
f 4170 4270 4171
f 4171 4270 4271
f 4171 4271 4172
f 4172 4271 4272
f 4172 4272 4173
f 4173 4272 4273
f 4173 4273 4174
f 4174 4273 4274
f 4174 4274 4175
f 4175 4274 4275
f 4175 4275 4176
f 4176 4275 4276
f 4176 4276 4177
f 4177 4276 4277
f 4177 4277 4178
f 4178 4277 4278
f 4178 4278 4179
f 4179 4278 4279
f 4179 4279 4180
f 4180 4279 4280
f 4180 4280 4181
f 4181 4280 4281
f 4181 4281 4182
f 4182 4281 4282
f 4182 4282 4183
f 4183 4282 4283
f 4183 4283 4184
f 4184 4283 4284
f 4184 4284 4185
f 4185 4284 4285
f 4185 4285 4186
f 4186 4285 4286
f 4186 4286 4187
f 4187 4286 4287
f 4187 4287 4188
f 4188 4287 4288
f 4188 4288 4189
f 4189 4288 4289
f 4189 4289 4190
f 4190 4289 4290
f 4190 4290 4191
f 4191 4290 4291
f 4191 4291 4192
f 4192 4291 4292
f 4192 4292 4193
f 4193 4292 4293
f 4193 4293 4194
f 4194 4293 4294
f 4194 4294 4195
f 4195 4294 4295
f 4195 4295 4196
f 4196 4295 4296
f 4196 4296 4197
f 4197 4296 4297
f 4197 4297 4198
f 4198 4297 4298
f 4198 4298 4199
f 4199 4298 4299
f 4199 4299 4200
f 4200 4299 4300
f 4200 4300 4201
f 4201 4300 4301
f 4201 4301 4102
f 4102 4301 4202
f 4202 4302 4203
f 4203 4302 4303
f 4203 4303 4204
f 4204 4303 4304
f 4204 4304 4205
f 4205 4304 4305
f 4205 4305 4206
f 4206 4305 4306
f 4206 4306 4207
f 4207 4306 4307
f 4207 4307 4208
f 4208 4307 4308
f 4208 4308 4209
f 4209 4308 4309
f 4209 4309 4210
f 4210 4309 4310
f 4210 4310 4211
f 4211 4310 4311
f 4211 4311 4212
f 4212 4311 4312
f 4212 4312 4213
f 4213 4312 4313
f 4213 4313 4214
f 4214 4313 4314
f 4214 4314 4215
f 4215 4314 4315
f 4215 4315 4216
f 4216 4315 4316
f 4216 4316 4217
f 4217 4316 4317
f 4217 4317 4218
f 4218 4317 4318
f 4218 4318 4219
f 4219 4318 4319
f 4219 4319 4220
f 4220 4319 4320
f 4220 4320 4221
f 4221 4320 4321
f 4221 4321 4222
f 4222 4321 4322
f 4222 4322 4223
f 4223 4322 4323
f 4223 4323 4224
f 4224 4323 4324
f 4224 4324 4225
f 4225 4324 4325
f 4225 4325 4226
f 4226 4325 4326
f 4226 4326 4227
f 4227 4326 4327
f 4227 4327 4228
f 4228 4327 4328
f 4228 4328 4229
f 4229 4328 4329
f 4229 4329 4230
f 4230 4329 4330
f 4230 4330 4231
f 4231 4330 4331
f 4231 4331 4232
f 4232 4331 4332
f 4232 4332 4233
f 4233 4332 4333
f 4233 4333 4234
f 4234 4333 4334
f 4234 4334 4235
f 4235 4334 4335
f 4235 4335 4236
f 4236 4335 4336
f 4236 4336 4237
f 4237 4336 4337
f 4237 4337 4238
f 4238 4337 4338
f 4238 4338 4239
f 4239 4338 4339
f 4239 4339 4240
f 4240 4339 4340
f 4240 4340 4241
f 4241 4340 4341
f 4241 4341 4242
f 4242 4341 4342
f 4242 4342 4243
f 4243 4342 4343
f 4243 4343 4244
f 4244 4343 4344
f 4244 4344 4245
f 4245 4344 4345
f 4245 4345 4246
f 4246 4345 4346
f 4246 4346 4247
f 4247 4346 4347
f 4247 4347 4248
f 4248 4347 4348
f 4248 4348 4249
f 4249 4348 4349
f 4249 4349 4250
f 4250 4349 4350
f 4250 4350 4251
f 4251 4350 4351
f 4251 4351 4252
f 4252 4351 4352
f 4252 4352 4253
f 4253 4352 4353
f 4253 4353 4254
f 4254 4353 4354
f 4254 4354 4255
f 4255 4354 4355
f 4255 4355 4256
f 4256 4355 4356
f 4256 4356 4257
f 4257 4356 4357
f 4257 4357 4258
f 4258 4357 4358
f 4258 4358 4259
f 4259 4358 4359
f 4259 4359 4260
f 4260 4359 4360
f 4260 4360 4261
f 4261 4360 4361
f 4261 4361 4262
f 4262 4361 4362
f 4262 4362 4263
f 4263 4362 4363
f 4263 4363 4264
f 4264 4363 4364
f 4264 4364 4265
f 4265 4364 4365
f 4265 4365 4266
f 4266 4365 4366
f 4266 4366 4267
f 4267 4366 4367
f 4267 4367 4268
f 4268 4367 4368
f 4268 4368 4269
f 4269 4368 4369
f 4269 4369 4270
f 4270 4369 4370
f 4270 4370 4271
f 4271 4370 4371
f 4271 4371 4272
f 4272 4371 4372
f 4272 4372 4273
f 4273 4372 4373
f 4273 4373 4274
f 4274 4373 4374
f 4274 4374 4275
f 4275 4374 4375
f 4275 4375 4276
f 4276 4375 4376
f 4276 4376 4277
f 4277 4376 4377
f 4277 4377 4278
f 4278 4377 4378
f 4278 4378 4279
f 4279 4378 4379
f 4279 4379 4280
f 4280 4379 4380
f 4280 4380 4281
f 4281 4380 4381
f 4281 4381 4282
f 4282 4381 4382
f 4282 4382 4283
f 4283 4382 4383
f 4283 4383 4284
f 4284 4383 4384
f 4284 4384 4285
f 4285 4384 4385
f 4285 4385 4286
f 4286 4385 4386
f 4286 4386 4287
f 4287 4386 4387
f 4287 4387 4288
f 4288 4387 4388
f 4288 4388 4289
f 4289 4388 4389
f 4289 4389 4290
f 4290 4389 4390
f 4290 4390 4291
f 4291 4390 4391
f 4291 4391 4292
f 4292 4391 4392
f 4292 4392 4293
f 4293 4392 4393
f 4293 4393 4294
f 4294 4393 4394
f 4294 4394 4295
f 4295 4394 4395
f 4295 4395 4296
f 4296 4395 4396
f 4296 4396 4297
f 4297 4396 4397
f 4297 4397 4298
f 4298 4397 4398
f 4298 4398 4299
f 4299 4398 4399
f 4299 4399 4300
f 4300 4399 4400
f 4300 4400 4301
f 4301 4400 4401
f 4301 4401 4202
f 4202 4401 4302
f 4302 4402 4303
f 4303 4402 4403
f 4303 4403 4304
f 4304 4403 4404
f 4304 4404 4305
f 4305 4404 4405
f 4305 4405 4306
f 4306 4405 4406
f 4306 4406 4307
f 4307 4406 4407
f 4307 4407 4308
f 4308 4407 4408
f 4308 4408 4309
f 4309 4408 4409
f 4309 4409 4310
f 4310 4409 4410
f 4310 4410 4311
f 4311 4410 4411
f 4311 4411 4312
f 4312 4411 4412
f 4312 4412 4313
f 4313 4412 4413
f 4313 4413 4314
f 4314 4413 4414
f 4314 4414 4315
f 4315 4414 4415
f 4315 4415 4316
f 4316 4415 4416
f 4316 4416 4317
f 4317 4416 4417
f 4317 4417 4318
f 4318 4417 4418
f 4318 4418 4319
f 4319 4418 4419
f 4319 4419 4320
f 4320 4419 4420
f 4320 4420 4321
f 4321 4420 4421
f 4321 4421 4322
f 4322 4421 4422
f 4322 4422 4323
f 4323 4422 4423
f 4323 4423 4324
f 4324 4423 4424
f 4324 4424 4325
f 4325 4424 4425
f 4325 4425 4326
f 4326 4425 4426
f 4326 4426 4327
f 4327 4426 4427
f 4327 4427 4328
f 4328 4427 4428
f 4328 4428 4329
f 4329 4428 4429
f 4329 4429 4330
f 4330 4429 4430
f 4330 4430 4331
f 4331 4430 4431
f 4331 4431 4332
f 4332 4431 4432
f 4332 4432 4333
f 4333 4432 4433
f 4333 4433 4334
f 4334 4433 4434
f 4334 4434 4335
f 4335 4434 4435
f 4335 4435 4336
f 4336 4435 4436
f 4336 4436 4337
f 4337 4436 4437
f 4337 4437 4338
f 4338 4437 4438
f 4338 4438 4339
f 4339 4438 4439
f 4339 4439 4340
f 4340 4439 4440
f 4340 4440 4341
f 4341 4440 4441
f 4341 4441 4342
f 4342 4441 4442
f 4342 4442 4343
f 4343 4442 4443
f 4343 4443 4344
f 4344 4443 4444
f 4344 4444 4345
f 4345 4444 4445
f 4345 4445 4346
f 4346 4445 4446
f 4346 4446 4347
f 4347 4446 4447
f 4347 4447 4348
f 4348 4447 4448
f 4348 4448 4349
f 4349 4448 4449
f 4349 4449 4350
f 4350 4449 4450
f 4350 4450 4351
f 4351 4450 4451
f 4351 4451 4352
f 4352 4451 4452
f 4352 4452 4353
f 4353 4452 4453
f 4353 4453 4354
f 4354 4453 4454
f 4354 4454 4355
f 4355 4454 4455
f 4355 4455 4356
f 4356 4455 4456
f 4356 4456 4357
f 4357 4456 4457
f 4357 4457 4358
f 4358 4457 4458
f 4358 4458 4359
f 4359 4458 4459
f 4359 4459 4360
f 4360 4459 4460
f 4360 4460 4361
f 4361 4460 4461
f 4361 4461 4362
f 4362 4461 4462
f 4362 4462 4363
f 4363 4462 4463
f 4363 4463 4364
f 4364 4463 4464
f 4364 4464 4365
f 4365 4464 4465
f 4365 4465 4366
f 4366 4465 4466
f 4366 4466 4367
f 4367 4466 4467
f 4367 4467 4368
f 4368 4467 4468
f 4368 4468 4369
f 4369 4468 4469
f 4369 4469 4370
f 4370 4469 4470
f 4370 4470 4371
f 4371 4470 4471
f 4371 4471 4372
f 4372 4471 4472
f 4372 4472 4373
f 4373 4472 4473
f 4373 4473 4374
f 4374 4473 4474
f 4374 4474 4375
f 4375 4474 4475
f 4375 4475 4376
f 4376 4475 4476
f 4376 4476 4377
f 4377 4476 4477
f 4377 4477 4378
f 4378 4477 4478
f 4378 4478 4379
f 4379 4478 4479
f 4379 4479 4380
f 4380 4479 4480
f 4380 4480 4381
f 4381 4480 4481
f 4381 4481 4382
f 4382 4481 4482
f 4382 4482 4383
f 4383 4482 4483
f 4383 4483 4384
f 4384 4483 4484
f 4384 4484 4385
f 4385 4484 4485
f 4385 4485 4386
f 4386 4485 4486
f 4386 4486 4387
f 4387 4486 4487
f 4387 4487 4388
f 4388 4487 4488
f 4388 4488 4389
f 4389 4488 4489
f 4389 4489 4390
f 4390 4489 4490
f 4390 4490 4391
f 4391 4490 4491
f 4391 4491 4392
f 4392 4491 4492
f 4392 4492 4393
f 4393 4492 4493
f 4393 4493 4394
f 4394 4493 4494
f 4394 4494 4395
f 4395 4494 4495
f 4395 4495 4396
f 4396 4495 4496
f 4396 4496 4397
f 4397 4496 4497
f 4397 4497 4398
f 4398 4497 4498
f 4398 4498 4399
f 4399 4498 4499
f 4399 4499 4400
f 4400 4499 4500
f 4400 4500 4401
f 4401 4500 4501
f 4401 4501 4302
f 4302 4501 4402
f 4402 4502 4403
f 4403 4502 4503
f 4403 4503 4404
f 4404 4503 4504
f 4404 4504 4405
f 4405 4504 4505
f 4405 4505 4406
f 4406 4505 4506
f 4406 4506 4407
f 4407 4506 4507
f 4407 4507 4408
f 4408 4507 4508
f 4408 4508 4409
f 4409 4508 4509
f 4409 4509 4410
f 4410 4509 4510
f 4410 4510 4411
f 4411 4510 4511
f 4411 4511 4412
f 4412 4511 4512
f 4412 4512 4413
f 4413 4512 4513
f 4413 4513 4414
f 4414 4513 4514
f 4414 4514 4415
f 4415 4514 4515
f 4415 4515 4416
f 4416 4515 4516
f 4416 4516 4417
f 4417 4516 4517
f 4417 4517 4418
f 4418 4517 4518
f 4418 4518 4419
f 4419 4518 4519
f 4419 4519 4420
f 4420 4519 4520
f 4420 4520 4421
f 4421 4520 4521
f 4421 4521 4422
f 4422 4521 4522
f 4422 4522 4423
f 4423 4522 4523
f 4423 4523 4424
f 4424 4523 4524
f 4424 4524 4425
f 4425 4524 4525
f 4425 4525 4426
f 4426 4525 4526
f 4426 4526 4427
f 4427 4526 4527
f 4427 4527 4428
f 4428 4527 4528
f 4428 4528 4429
f 4429 4528 4529
f 4429 4529 4430
f 4430 4529 4530
f 4430 4530 4431
f 4431 4530 4531
f 4431 4531 4432
f 4432 4531 4532
f 4432 4532 4433
f 4433 4532 4533
f 4433 4533 4434
f 4434 4533 4534
f 4434 4534 4435
f 4435 4534 4535
f 4435 4535 4436
f 4436 4535 4536
f 4436 4536 4437
f 4437 4536 4537
f 4437 4537 4438
f 4438 4537 4538
f 4438 4538 4439
f 4439 4538 4539
f 4439 4539 4440
f 4440 4539 4540
f 4440 4540 4441
f 4441 4540 4541
f 4441 4541 4442
f 4442 4541 4542
f 4442 4542 4443
f 4443 4542 4543
f 4443 4543 4444
f 4444 4543 4544
f 4444 4544 4445
f 4445 4544 4545
f 4445 4545 4446
f 4446 4545 4546
f 4446 4546 4447
f 4447 4546 4547
f 4447 4547 4448
f 4448 4547 4548
f 4448 4548 4449
f 4449 4548 4549
f 4449 4549 4450
f 4450 4549 4550
f 4450 4550 4451
f 4451 4550 4551
f 4451 4551 4452
f 4452 4551 4552
f 4452 4552 4453
f 4453 4552 4553
f 4453 4553 4454
f 4454 4553 4554
f 4454 4554 4455
f 4455 4554 4555
f 4455 4555 4456
f 4456 4555 4556
f 4456 4556 4457
f 4457 4556 4557
f 4457 4557 4458
f 4458 4557 4558
f 4458 4558 4459
f 4459 4558 4559
f 4459 4559 4460
f 4460 4559 4560
f 4460 4560 4461
f 4461 4560 4561
f 4461 4561 4462
f 4462 4561 4562
f 4462 4562 4463
f 4463 4562 4563
f 4463 4563 4464
f 4464 4563 4564
f 4464 4564 4465
f 4465 4564 4565
f 4465 4565 4466
f 4466 4565 4566
f 4466 4566 4467
f 4467 4566 4567
f 4467 4567 4468
f 4468 4567 4568
f 4468 4568 4469
f 4469 4568 4569
f 4469 4569 4470
f 4470 4569 4570
f 4470 4570 4471
f 4471 4570 4571
f 4471 4571 4472
f 4472 4571 4572
f 4472 4572 4473
f 4473 4572 4573
f 4473 4573 4474
f 4474 4573 4574
f 4474 4574 4475
f 4475 4574 4575
f 4475 4575 4476
f 4476 4575 4576
f 4476 4576 4477
f 4477 4576 4577
f 4477 4577 4478
f 4478 4577 4578
f 4478 4578 4479
f 4479 4578 4579
f 4479 4579 4480
f 4480 4579 4580
f 4480 4580 4481
f 4481 4580 4581
f 4481 4581 4482
f 4482 4581 4582
f 4482 4582 4483
f 4483 4582 4583
f 4483 4583 4484
f 4484 4583 4584
f 4484 4584 4485
f 4485 4584 4585
f 4485 4585 4486
f 4486 4585 4586
f 4486 4586 4487
f 4487 4586 4587
f 4487 4587 4488
f 4488 4587 4588
f 4488 4588 4489
f 4489 4588 4589
f 4489 4589 4490
f 4490 4589 4590
f 4490 4590 4491
f 4491 4590 4591
f 4491 4591 4492
f 4492 4591 4592
f 4492 4592 4493
f 4493 4592 4593
f 4493 4593 4494
f 4494 4593 4594
f 4494 4594 4495
f 4495 4594 4595
f 4495 4595 4496
f 4496 4595 4596
f 4496 4596 4497
f 4497 4596 4597
f 4497 4597 4498
f 4498 4597 4598
f 4498 4598 4499
f 4499 4598 4599
f 4499 4599 4500
f 4500 4599 4600
f 4500 4600 4501
f 4501 4600 4601
f 4501 4601 4402
f 4402 4601 4502
f 4502 4602 4503
f 4503 4602 4603
f 4503 4603 4504
f 4504 4603 4604
f 4504 4604 4505
f 4505 4604 4605
f 4505 4605 4506
f 4506 4605 4606
f 4506 4606 4507
f 4507 4606 4607
f 4507 4607 4508
f 4508 4607 4608
f 4508 4608 4509
f 4509 4608 4609
f 4509 4609 4510
f 4510 4609 4610
f 4510 4610 4511
f 4511 4610 4611
f 4511 4611 4512
f 4512 4611 4612
f 4512 4612 4513
f 4513 4612 4613
f 4513 4613 4514
f 4514 4613 4614
f 4514 4614 4515
f 4515 4614 4615
f 4515 4615 4516
f 4516 4615 4616
f 4516 4616 4517
f 4517 4616 4617
f 4517 4617 4518
f 4518 4617 4618
f 4518 4618 4519
f 4519 4618 4619
f 4519 4619 4520
f 4520 4619 4620
f 4520 4620 4521
f 4521 4620 4621
f 4521 4621 4522
f 4522 4621 4622
f 4522 4622 4523
f 4523 4622 4623
f 4523 4623 4524
f 4524 4623 4624
f 4524 4624 4525
f 4525 4624 4625
f 4525 4625 4526
f 4526 4625 4626
f 4526 4626 4527
f 4527 4626 4627
f 4527 4627 4528
f 4528 4627 4628
f 4528 4628 4529
f 4529 4628 4629
f 4529 4629 4530
f 4530 4629 4630
f 4530 4630 4531
f 4531 4630 4631
f 4531 4631 4532
f 4532 4631 4632
f 4532 4632 4533
f 4533 4632 4633
f 4533 4633 4534
f 4534 4633 4634
f 4534 4634 4535
f 4535 4634 4635
f 4535 4635 4536
f 4536 4635 4636
f 4536 4636 4537
f 4537 4636 4637
f 4537 4637 4538
f 4538 4637 4638
f 4538 4638 4539
f 4539 4638 4639
f 4539 4639 4540
f 4540 4639 4640
f 4540 4640 4541
f 4541 4640 4641
f 4541 4641 4542
f 4542 4641 4642
f 4542 4642 4543
f 4543 4642 4643
f 4543 4643 4544
f 4544 4643 4644
f 4544 4644 4545
f 4545 4644 4645
f 4545 4645 4546
f 4546 4645 4646
f 4546 4646 4547
f 4547 4646 4647
f 4547 4647 4548
f 4548 4647 4648
f 4548 4648 4549
f 4549 4648 4649
f 4549 4649 4550
f 4550 4649 4650
f 4550 4650 4551
f 4551 4650 4651
f 4551 4651 4552
f 4552 4651 4652
f 4552 4652 4553
f 4553 4652 4653
f 4553 4653 4554
f 4554 4653 4654
f 4554 4654 4555
f 4555 4654 4655
f 4555 4655 4556
f 4556 4655 4656
f 4556 4656 4557
f 4557 4656 4657
f 4557 4657 4558
f 4558 4657 4658
f 4558 4658 4559
f 4559 4658 4659
f 4559 4659 4560
f 4560 4659 4660
f 4560 4660 4561
f 4561 4660 4661
f 4561 4661 4562
f 4562 4661 4662
f 4562 4662 4563
f 4563 4662 4663
f 4563 4663 4564
f 4564 4663 4664
f 4564 4664 4565
f 4565 4664 4665
f 4565 4665 4566
f 4566 4665 4666
f 4566 4666 4567
f 4567 4666 4667
f 4567 4667 4568
f 4568 4667 4668
f 4568 4668 4569
f 4569 4668 4669
f 4569 4669 4570
f 4570 4669 4670
f 4570 4670 4571
f 4571 4670 4671
f 4571 4671 4572
f 4572 4671 4672
f 4572 4672 4573
f 4573 4672 4673
f 4573 4673 4574
f 4574 4673 4674
f 4574 4674 4575
f 4575 4674 4675
f 4575 4675 4576
f 4576 4675 4676
f 4576 4676 4577
f 4577 4676 4677
f 4577 4677 4578
f 4578 4677 4678
f 4578 4678 4579
f 4579 4678 4679
f 4579 4679 4580
f 4580 4679 4680
f 4580 4680 4581
f 4581 4680 4681
f 4581 4681 4582
f 4582 4681 4682
f 4582 4682 4583
f 4583 4682 4683
f 4583 4683 4584
f 4584 4683 4684
f 4584 4684 4585
f 4585 4684 4685
f 4585 4685 4586
f 4586 4685 4686
f 4586 4686 4587
f 4587 4686 4687
f 4587 4687 4588
f 4588 4687 4688
f 4588 4688 4589
f 4589 4688 4689
f 4589 4689 4590
f 4590 4689 4690
f 4590 4690 4591
f 4591 4690 4691
f 4591 4691 4592
f 4592 4691 4692
f 4592 4692 4593
f 4593 4692 4693
f 4593 4693 4594
f 4594 4693 4694
f 4594 4694 4595
f 4595 4694 4695
f 4595 4695 4596
f 4596 4695 4696
f 4596 4696 4597
f 4597 4696 4697
f 4597 4697 4598
f 4598 4697 4698
f 4598 4698 4599
f 4599 4698 4699
f 4599 4699 4600
f 4600 4699 4700
f 4600 4700 4601
f 4601 4700 4701
f 4601 4701 4502
f 4502 4701 4602
f 4602 4702 4603
f 4603 4702 4703
f 4603 4703 4604
f 4604 4703 4704
f 4604 4704 4605
f 4605 4704 4705
f 4605 4705 4606
f 4606 4705 4706
f 4606 4706 4607
f 4607 4706 4707
f 4607 4707 4608
f 4608 4707 4708
f 4608 4708 4609
f 4609 4708 4709
f 4609 4709 4610
f 4610 4709 4710
f 4610 4710 4611
f 4611 4710 4711
f 4611 4711 4612
f 4612 4711 4712
f 4612 4712 4613
f 4613 4712 4713
f 4613 4713 4614
f 4614 4713 4714
f 4614 4714 4615
f 4615 4714 4715
f 4615 4715 4616
f 4616 4715 4716
f 4616 4716 4617
f 4617 4716 4717
f 4617 4717 4618
f 4618 4717 4718
f 4618 4718 4619
f 4619 4718 4719
f 4619 4719 4620
f 4620 4719 4720
f 4620 4720 4621
f 4621 4720 4721
f 4621 4721 4622
f 4622 4721 4722
f 4622 4722 4623
f 4623 4722 4723
f 4623 4723 4624
f 4624 4723 4724
f 4624 4724 4625
f 4625 4724 4725
f 4625 4725 4626
f 4626 4725 4726
f 4626 4726 4627
f 4627 4726 4727
f 4627 4727 4628
f 4628 4727 4728
f 4628 4728 4629
f 4629 4728 4729
f 4629 4729 4630
f 4630 4729 4730
f 4630 4730 4631
f 4631 4730 4731
f 4631 4731 4632
f 4632 4731 4732
f 4632 4732 4633
f 4633 4732 4733
f 4633 4733 4634
f 4634 4733 4734
f 4634 4734 4635
f 4635 4734 4735
f 4635 4735 4636
f 4636 4735 4736
f 4636 4736 4637
f 4637 4736 4737
f 4637 4737 4638
f 4638 4737 4738
f 4638 4738 4639
f 4639 4738 4739
f 4639 4739 4640
f 4640 4739 4740
f 4640 4740 4641
f 4641 4740 4741
f 4641 4741 4642
f 4642 4741 4742
f 4642 4742 4643
f 4643 4742 4743
f 4643 4743 4644
f 4644 4743 4744
f 4644 4744 4645
f 4645 4744 4745
f 4645 4745 4646
f 4646 4745 4746
f 4646 4746 4647
f 4647 4746 4747
f 4647 4747 4648
f 4648 4747 4748
f 4648 4748 4649
f 4649 4748 4749
f 4649 4749 4650
f 4650 4749 4750
f 4650 4750 4651
f 4651 4750 4751
f 4651 4751 4652
f 4652 4751 4752
f 4652 4752 4653
f 4653 4752 4753
f 4653 4753 4654
f 4654 4753 4754
f 4654 4754 4655
f 4655 4754 4755
f 4655 4755 4656
f 4656 4755 4756
f 4656 4756 4657
f 4657 4756 4757
f 4657 4757 4658
f 4658 4757 4758
f 4658 4758 4659
f 4659 4758 4759
f 4659 4759 4660
f 4660 4759 4760
f 4660 4760 4661
f 4661 4760 4761
f 4661 4761 4662
f 4662 4761 4762
f 4662 4762 4663
f 4663 4762 4763
f 4663 4763 4664
f 4664 4763 4764
f 4664 4764 4665
f 4665 4764 4765
f 4665 4765 4666
f 4666 4765 4766
f 4666 4766 4667
f 4667 4766 4767
f 4667 4767 4668
f 4668 4767 4768
f 4668 4768 4669
f 4669 4768 4769
f 4669 4769 4670
f 4670 4769 4770
f 4670 4770 4671
f 4671 4770 4771
f 4671 4771 4672
f 4672 4771 4772
f 4672 4772 4673
f 4673 4772 4773
f 4673 4773 4674
f 4674 4773 4774
f 4674 4774 4675
f 4675 4774 4775
f 4675 4775 4676
f 4676 4775 4776
f 4676 4776 4677
f 4677 4776 4777
f 4677 4777 4678
f 4678 4777 4778
f 4678 4778 4679
f 4679 4778 4779
f 4679 4779 4680
f 4680 4779 4780
f 4680 4780 4681
f 4681 4780 4781
f 4681 4781 4682
f 4682 4781 4782
f 4682 4782 4683
f 4683 4782 4783
f 4683 4783 4684
f 4684 4783 4784
f 4684 4784 4685
f 4685 4784 4785
f 4685 4785 4686
f 4686 4785 4786
f 4686 4786 4687
f 4687 4786 4787
f 4687 4787 4688
f 4688 4787 4788
f 4688 4788 4689
f 4689 4788 4789
f 4689 4789 4690
f 4690 4789 4790
f 4690 4790 4691
f 4691 4790 4791
f 4691 4791 4692
f 4692 4791 4792
f 4692 4792 4693
f 4693 4792 4793
f 4693 4793 4694
f 4694 4793 4794
f 4694 4794 4695
f 4695 4794 4795
f 4695 4795 4696
f 4696 4795 4796
f 4696 4796 4697
f 4697 4796 4797
f 4697 4797 4698
f 4698 4797 4798
f 4698 4798 4699
f 4699 4798 4799
f 4699 4799 4700
f 4700 4799 4800
f 4700 4800 4701
f 4701 4800 4801
f 4701 4801 4602
f 4602 4801 4702
f 4702 4802 4703
f 4703 4802 4704
f 4704 4802 4705
f 4705 4802 4706
f 4706 4802 4707
f 4707 4802 4708
f 4708 4802 4709
f 4709 4802 4710
f 4710 4802 4711
f 4711 4802 4712
f 4712 4802 4713
f 4713 4802 4714
f 4714 4802 4715
f 4715 4802 4716
f 4716 4802 4717
f 4717 4802 4718
f 4718 4802 4719
f 4719 4802 4720
f 4720 4802 4721
f 4721 4802 4722
f 4722 4802 4723
f 4723 4802 4724
f 4724 4802 4725
f 4725 4802 4726
f 4726 4802 4727
f 4727 4802 4728
f 4728 4802 4729
f 4729 4802 4730
f 4730 4802 4731
f 4731 4802 4732
f 4732 4802 4733
f 4733 4802 4734
f 4734 4802 4735
f 4735 4802 4736
f 4736 4802 4737
f 4737 4802 4738
f 4738 4802 4739
f 4739 4802 4740
f 4740 4802 4741
f 4741 4802 4742
f 4742 4802 4743
f 4743 4802 4744
f 4744 4802 4745
f 4745 4802 4746
f 4746 4802 4747
f 4747 4802 4748
f 4748 4802 4749
f 4749 4802 4750
f 4750 4802 4751
f 4751 4802 4752
f 4752 4802 4753
f 4753 4802 4754
f 4754 4802 4755
f 4755 4802 4756
f 4756 4802 4757
f 4757 4802 4758
f 4758 4802 4759
f 4759 4802 4760
f 4760 4802 4761
f 4761 4802 4762
f 4762 4802 4763
f 4763 4802 4764
f 4764 4802 4765
f 4765 4802 4766
f 4766 4802 4767
f 4767 4802 4768
f 4768 4802 4769
f 4769 4802 4770
f 4770 4802 4771
f 4771 4802 4772
f 4772 4802 4773
f 4773 4802 4774
f 4774 4802 4775
f 4775 4802 4776
f 4776 4802 4777
f 4777 4802 4778
f 4778 4802 4779
f 4779 4802 4780
f 4780 4802 4781
f 4781 4802 4782
f 4782 4802 4783
f 4783 4802 4784
f 4784 4802 4785
f 4785 4802 4786
f 4786 4802 4787
f 4787 4802 4788
f 4788 4802 4789
f 4789 4802 4790
f 4790 4802 4791
f 4791 4802 4792
f 4792 4802 4793
f 4793 4802 4794
f 4794 4802 4795
f 4795 4802 4796
f 4796 4802 4797
f 4797 4802 4798
f 4798 4802 4799
f 4799 4802 4800
f 4800 4802 4801
f 4801 4802 4702
