# Celestia native CMS export; GPL-2.0-or-later. See ../upstream.json and ../../native/.
v -23.561362270265818 28.734080772846937 -2704.353630542755
v 263.6470265686512 28.734080772846937 -2701.1865615844727
v 262.922228127718 16.120364889502525 -2697.0760345458984
v 261.06634587049484 3.585101291537285 -2692.91889667511
v 258.0884449183941 -8.822083193808794 -2688.730227947235
v 254.00235429406166 -21.052457112818956 -2684.5300436019897
v 248.82642701268196 -33.05845856666565 -2680.3432941436768
v 242.58288890123367 -44.793725199997425 -2676.18807554245
v 235.2984555065632 -56.213473342359066 -2672.09153175354
v 227.0035095512867 -67.27445516735315 -2668.0736780166626
v 217.7322894334793 -77.93513648211956 -2664.155626296997
v 207.5230948626995 -88.15624937415123 -2660.3694558143616
v 196.4170016348362 -97.9000125080347 -2656.7291498184204
v 184.45888981223106 -107.13120214641094 -2653.264319896698
v 171.69638127088547 -115.8164881169796 -2649.9922394752502
v 158.18007960915565 -123.92489649355412 -2646.9342947006226
v 143.96326169371605 -131.4278781414032 -2644.1118717193604
v 129.10162061452866 -138.2991373538971 -2641.545259952545
v 113.65301720798016 -144.51486319303513 -2639.250910282135
v 97.67735153436661 -150.05351528525352 -2637.243902683258
v 81.23629726469517 -154.89608943462372 -2635.5387687683105
v 64.39300179481506 -159.02598053216934 -2634.145927429199
v 47.21218906342983 -162.42941096425056 -2633.081555366516
v 29.759379848837852 -165.09452238678932 -2632.3494911193848
v 12.101291259750724 -167.01228395104408 -2631.9565892219543
v -5.694787134416401 -168.17606389522552 -2631.90860748291
v -23.56117805466056 -168.5815267264843 -2632.2017073631287
v -41.429596953094006 -168.2229146361351 -2632.761585712433
v -59.23108346760273 -167.09599494934082 -2633.4906339645386
v -76.89647749066353 -165.2049832046032 -2634.3929648399353
v -94.35735791921616 -162.55649402737617 -2635.4658365249634
v -111.54589056968689 -159.16010662913322 -2636.708700656891
v -128.3953208476305 -155.02843335270882 -2638.1253957748413
v -144.84016224741936 -150.1762457191944 -2639.7090673446655
v -160.81645339727402 -144.62150260806084 -2641.462457180023
v -176.2619636952877 -138.3845705538988 -2643.3844685554504
v -191.11644178628922 -131.48852363228798 -2645.4745531082153
v -205.32212108373642 -123.95878359675407 -2647.7338075637817
v -218.82313713431358 -115.82317985594273 -2650.158941745758
v -231.56672716140747 -107.11172670125961 -2652.7474880218506
v -243.5027502477169 -97.8567261248827 -2655.4961562156677
v -254.58426997065544 -88.0927249789238 -2658.4063172340393
v -264.7672116756439 -77.85584665834904 -2661.4672780036926
v -274.01139065623283 -67.18457508832216 -2664.683151245117
v -282.2795182466507 -56.118473783135414 -2668.038308620453
v -289.5382985472679 -44.699269719421864 -2671.5272665023804
v -295.7583427429199 -32.97007577493787 -2675.145363807678
v -300.91380923986435 -20.9750565700233 -2678.8775205612183
v -304.98320907354355 -8.760064654052258 -2682.7163338661194
v -307.9488918185234 3.6283807130530477 -2686.6448044776917
v -309.79749113321304 16.142584290355444 -2690.6494975090027
v -310.5202332139015 28.73409790918231 -2694.718897342682
v -310.1129710674286 41.3539657369256 -2698.855471611023
v -308.57621878385544 53.95297650247812 -2703.059220314026
v -305.91398626565933 66.48186109960079 -2707.3142409324646
v -302.134670317173 78.89111265540123 -2711.5991473197937
v -297.2509518265724 91.13111719489098 -2715.8881664276123
v -291.2802070379257 103.15270200371742 -2720.1618313789368
v -284.2437192797661 114.90706279873848 -2724.3913531303406
v -276.1675015091896 126.34607218205929 -2728.556168079376
v -267.08188503980637 137.4224852770567 -2732.6343417167664
v -257.02074840664864 148.08993116021156 -2736.591053009033
v -246.02311104536057 158.30356404185295 -2740.4120445251465
v -234.13095697760582 168.0199347436428 -2744.065511226654
v -221.39077708125114 177.1975390613079 -2747.53280878067
v -207.8524723649025 185.7967235147953 -2750.7898092269897
v -193.56954246759415 193.7799595296383 -2753.8137555122375
v -178.59833166003227 201.11232325434685 -2756.5813422203064
v -162.9989542067051 207.7613241970539 -2759.0741991996765
v -146.83390632271767 213.69750499725342 -2761.273956298828
v -130.16833178699017 218.89430433511734 -2763.1636142730713
v -113.06980773806572 223.3285367488861 -2764.7302865982056
v -95.60741931200027 226.97987854480743 -2765.9542322158813
v -77.85230800509453 229.83208447694778 -2766.8288707733154
v -59.8771832883358 231.87218233942986 -2767.345702648163
v -41.75550863146782 233.09091851115227 -2767.4956798553467
v -23.561160918325186 233.4831863641739 -2767.2818183898926
v -5.368562717922032 233.0512821674347 -2766.774034500122
v 12.748835887759924 231.80252313613892 -2766.0696625709534
v 30.71809569373727 229.74198162555695 -2765.1623964309692
v 48.46689868718386 226.8785685300827 -2764.0541553497314
v 65.92385489493608 223.2246220111847 -2762.74493932724
v 83.01872462034225 218.79539340734482 -2761.2309098243713
v 99.68293681740761 213.61014395952225 -2759.5205664634705
v 115.84961265325546 207.69079104065895 -2757.6117157936096
v 131.45387396216393 201.06249079108238 -2755.5087447166443
v 146.43365293741226 193.75326111912727 -2753.214120864868
v 160.7288010418415 185.79415306448936 -2750.730586051941
v 174.28261414170265 177.21883952617645 -2748.0652689933777
v 187.0413012802601 168.06356385350227 -2745.2255725860596
v 198.95441308617592 158.36693421006203 -2742.2188997268677
v 209.9750816822052 148.16939234733582 -2739.0493631362915
v 220.06039768457413 137.5138133764267 -2735.733413696289
v 229.17063906788826 126.444486156106 -2732.2713255882263
v 237.27103620767593 115.00767879188061 -2728.6853075027466
v 244.33062374591827 103.25041338801384 -2724.9852299690247
v 250.3225490450859 91.22106581926346 -2721.1806893348694
v 255.2247405052185 78.96896302700043 -2717.2919750213623
v 259.019273519516 66.5437875315547 -2713.329780101776
v 261.69293597340584 53.996121510863304 -2709.3146681785583
v 263.23698833584785 41.3760544732213 -2705.262541770935
v 550.9320855140686 28.734080772846937 -2700.861656665802
v 549.1668373346329 3.474166546948254 -2692.6820039749146
v 545.1256439089775 -21.569016948342323 -2684.232008457184
v 538.833250105381 -46.292674727737904 -2675.5571842193604
v 530.3244426846504 -70.59728056192398 -2666.7123675346375
v 519.6434676647186 -94.3874578922987 -2657.764184474945
v 506.8423852324486 -117.57184863090515 -2648.77268075943
v 491.9815495610237 -140.06365723907948 -2639.7989988327026
v 475.12930035591125 -161.78148612380028 -2630.9166193008423
v 456.3605919480324 -182.64845311641693 -2622.1872329711914
v 435.7572674751282 -202.59339958429337 -2613.6813044548035
v 413.40709924697876 -221.55035063624382 -2605.4657340049744
v 389.4031032919884 -239.45831805467606 -2597.6019382476807
v 363.8437107205391 -256.26179724931717 -2590.1548981666565
v 336.8316024541855 -271.9103217124939 -2583.182740211487
v 308.47316086292267 -286.3575205206871 -2576.7350912094116
v 278.87901812791824 -299.56254065036774 -2570.8654165267944
v 248.16273674368858 -311.4888474345207 -2565.6216979026794
v 216.44065529108047 -322.1040189266205 -2561.043691635132
v 183.8317170739174 -331.37981444597244 -2557.169508934021
v 150.45671612024307 -339.2914205789566 -2554.0260195732117
v 116.43878556787968 -345.81902772188187 -2551.6477704048157
v 81.90192393958569 -350.9451910853386 -2550.051760673523
v 46.97186052799225 -354.6560302376747 -2549.251973628998
v 11.775163235142827 -356.94222301244736 -2549.266231060028
v -23.56119090691209 -357.7967435121536 -2550.0983715057373
v -58.90794787555933 -357.1799725294113 -2551.421570777893
v -94.12976168096066 -355.05695194005966 -2552.908456325531
v -129.0896937251091 -351.43477618694305 -2554.5623183250427
v -163.6521741747856 -346.3257148861885 -2556.3809633255005
v -197.68311977386475 -339.74841237068176 -2558.373987674713
v -231.05054646730423 -331.72771632671356 -2560.555374622345
v -263.62522915005684 -322.2926899790764 -2562.9308819770813
v -295.2813357114792 -311.4788740873337 -2565.518879890442
v -325.89659839868546 -299.3264704942703 -2568.3358192443848
v -355.3529307246208 -285.8806163072586 -2571.4011669158936
v -383.5373356938362 -271.19066417217255 -2574.73247051239
v -410.34075766801834 -255.31054213643074 -2578.3467292785645
v -435.66075563430786 -238.2982738316059 -2582.2688937187195
v -459.39992666244507 -220.2154129743576 -2586.516237258911
v -481.4665228128433 -201.1266492307186 -2591.1024689674377
v -501.77534222602844 -181.10027089715004 -2596.0440397262573
v -520.2473178505898 -160.2073423564434 -2601.3505458831787
v -536.8098258972168 -138.52142989635468 -2607.0258259773254
v -551.3971656560898 -116.11951850354671 -2613.0761861801147
v -563.9501139521599 -93.08052957057953 -2619.4947719573975
v -574.4167819619179 -69.48579642921686 -2626.2750029563904
v -582.7524095773697 -45.41975408792496 -2633.405637741089
v -588.9190912246704 -20.968236308544874 -2640.859532356262
v -592.88649559021 3.780015860684216 -2648.6109137535095
v -594.6326196193695 28.734117187559605 -2656.6307187080383
v -594.1471129655838 53.801512718200684 -2664.9378657341003
v -591.4273709058762 78.8890391588211 -2673.5400319099426
v -586.4748328924179 103.9022795855999 -2682.389235496521
v -579.2988896369934 128.74486781656742 -2691.430366039276
v -569.9171915650368 153.31853553652763 -2700.59734582901
v -558.3569169044495 177.52427756786346 -2709.8356127738953
v -544.6539834141731 201.2627974152565 -2719.087862968445
v -528.8526371121407 224.43381324410439 -2728.287196159363
v -511.007097363472 246.93793430924416 -2737.379050254822
v -491.17950052022934 268.676421046257 -2746.2976217269897
v -469.44171637296677 289.55132216215134 -2754.981219768524
v -445.8737716078758 309.4675824046135 -2763.371443748474
v -420.564466714859 328.3319801092148 -2771.4038610458374
v -393.6108961701393 346.0548236966133 -2779.0187001228333
v -365.11875689029694 362.5504657626152 -2786.163318157196
v -335.1999834179878 377.73771435022354 -2792.776846885681
v -303.97542119026184 391.5396958589554 -2798.8019824028015
v -271.5717248618603 403.8860484957695 -2804.1863560676575
v -238.12224939465523 414.7125795483589 -2808.879244327545
v -203.76633033156395 423.9626705646515 -2812.8386974334717
v -168.64724457263947 431.5858721733093 -2816.0115242004395
v -132.91356414556503 437.54115998744965 -2818.3650970458984
v -96.71789668500423 441.7960435152054 -2819.8689818382263
v -60.21499615162611 444.3256750702858 -2820.4878091812134
v -23.561158776283264 445.11596858501434 -2820.203483104706
v 13.087084656581283 444.19862627983093 -2819.335973262787
v 49.57971088588238 441.61337018013 -2818.203604221344
v 85.76866947114468 437.36989945173264 -2816.7885541915894
v 121.50705382227898 431.48641288280487 -2815.08287191391
v 156.64944499731064 423.9865928888321 -2813.06654214859
v 191.0525232553482 414.90142196416855 -2810.7176303863525
v 224.57631900906563 404.2705535888672 -2808.0322980880737
v 257.08396434783936 392.1389192342758 -2804.990255832672
v 288.4426698088646 378.5593330860138 -2801.581633090973
v 318.5254380106926 363.590607047081 -2797.7965593338013
v 347.209332883358 347.2988873720169 -2793.63009929657
v 374.37868416309357 329.7562152147293 -2789.0836238861084
v 399.92357939481735 311.0394984483719 -2784.1516494750977
v 423.74144047498703 291.2319168448448 -2778.838562965393
v 445.738360285759 270.421139895916 -2773.157525062561
v 465.8274233341217 248.69894981384277 -2767.1186804771423
v 483.9304193854332 226.16146430373192 -2760.739302635193
v 499.9785974621773 202.90771424770355 -2754.0446162223816
v 513.9117062091827 179.03847843408585 -2747.054362297058
v 525.6795018911362 154.65734601020813 -2739.8030877113342
v 535.2406173944473 129.86864298582077 -2732.3215007781982
v 542.563384771347 104.77707237005234 -2724.6419548988342
v 547.6261779665947 79.48840819299221 -2716.8118834495544
v 550.4168301820755 54.10628244280815 -2708.871591091156
v 838.1653755903244 28.734080772846937 -2698.3134150505066
v 835.0527316331863 -9.24752913415432 -2686.203098297119
v 828.4848541021347 -46.811854280531406 -2673.422133922577
v 818.5128092765808 -83.79447795450687 -2660.0747108459473
v 805.2031546831131 -120.03943808376789 -2646.2757110595703
v 788.6368423700333 -155.40024042129517 -2632.150983810425
v 768.9080536365509 -189.7408053278923 -2617.831861972809
v 746.1232393980026 -222.93608039617538 -2603.4565329551697
v 720.3987210988998 -254.87185195088387 -2589.160716533661
v 691.8603479862213 -285.444924980402 -2575.079035758972
v 660.6421947479248 -314.56290036439896 -2561.3452911376953
v 626.8852591514587 -342.14407205581665 -2548.0897188186646
v 590.7360225915909 -368.1153878569603 -2535.4293942451477
v 552.3460730910301 -392.4129977822304 -2523.4748125076294
v 511.87141984701157 -414.9810716509819 -2512.329888343811
v 469.4716364145279 -435.77107936143875 -2502.0875692367554
v 425.30979216098785 -454.7413110733032 -2492.8366899490356
v 379.55063581466675 -471.85434103012085 -2484.64332818985
v 332.36196637153625 -487.07932382822037 -2477.5774002075195
v 283.91329646110535 -500.38849860429764 -2471.6904520988464
v 234.37562957406044 -511.758628487587 -2467.029094696045
v 183.92166569828987 -521.1688071489334 -2463.625407218933
v 132.72545002400875 -528.6035433411598 -2461.5175008773804
v 80.96210733056068 -534.0472429990768 -2460.719084739685
v 28.807743452489376 -537.4897614121437 -2461.2526416778564
v -23.561199475079775 -538.921707868576 -2463.1244778633118
v -75.96235871315002 -538.2235735654831 -2465.656816959381
v -128.19359190762043 -535.2796539664268 -2468.16064119339
v -180.04762008786201 -530.0994083285332 -2470.6403374671936
v -231.31926134228706 -522.7003499865532 -2473.097825050354
v -281.8060413002968 -513.112536072731 -2475.557780265808
v -331.30873292684555 -501.3735294342041 -2478.037476539612
v -379.6335756778717 -487.53192871809006 -2480.5744767189026
v -426.5924468636513 -471.64466083049774 -2483.2101821899414
v -472.004009783268 -453.777152299881 -2485.995864868164
v -515.6938850879669 -434.0012729167938 -2488.9825224876404
v -557.4973583221436 -412.3966723680496 -2492.2370553016663
v -597.2563982009888 -389.0479013323784 -2495.8206057548523
v -634.8234951496124 -364.04406875371933 -2499.8006224632263
v -670.0599133968353 -337.47846484184265 -2504.2426347732544
v -702.8362393379211 -309.4475671648979 -2509.2116236686707
v -733.0326557159424 -280.050440877676 -2514.7692799568176
v -760.5382561683655 -249.38783049583435 -2520.966327190399
v -785.2513879537582 -217.56200566887856 -2527.845811843872
v -807.0791035890579 -184.6777379512787 -2535.4400873184204
v -825.9373664855957 -150.84130689501762 -2543.7710881233215
v -841.7511194944382 -116.1606714129448 -2552.8448462486267
v -854.4530510902405 -80.74719198048115 -2562.653136253357
v -863.9853090047836 -44.7144353762269 -2573.172104358673
v -870.2990889549255 -8.18011430092156 -2584.368574619293
v -873.3531951904297 28.734134323894978 -2596.177566051483
v -873.1248706579208 65.90234879404306 -2608.598804473877
v -869.5988982915878 103.19561995565891 -2621.594178676605
v -862.7645164728165 140.4802929610014 -2635.064160823822
v -852.6233702898026 177.61700227856636 -2648.9086747169495
v -839.1905397176743 214.46134001016617 -2663.0287408828735
v -822.4942654371262 250.86499974131584 -2677.327573299408
v -802.5761544704437 286.6765819489956 -2691.7064666748047
v -779.4924825429916 321.7419281601906 -2706.073021888733
v -753.3136457204819 355.9053033590317 -2720.334017276764
v -724.1234064102173 389.0106126666069 -2734.395408630371
v -692.0208126306534 420.9006816148758 -2748.160684108734
v -657.118347287178 451.42138600349426 -2761.53963804245
v -619.5427507162094 480.42010962963104 -2774.4401454925537
v -579.434472322464 507.7474921941757 -2786.765968799591
v -536.9471907615662 533.2584232091904 -2798.4214186668396
v -492.2464430332184 556.8132072687149 -2809.3042254447937
v -445.5129489302635 578.2798945903778 -2819.3244576454163
v -396.93729877471924 597.5330471992493 -2828.378200531006
v -346.722249686718 614.4575089216232 -2836.371684074402
v -295.08142322301865 628.9486795663834 -2843.2097673416138
v -242.23721474409103 640.9147769212723 -2848.807454109192
v -188.42069059610367 650.2747803926468 -2853.067135810852
v -133.87196511030197 656.965833902359 -2855.9213638305664
v -78.83586511015892 660.9374195337296 -2857.2898030281067
v -23.56115449219942 662.1585547924042 -2857.1173429489136
v 31.704707350581884 660.7366502285004 -2856.0845017433167
v 86.73481605947018 656.7933052778244 -2854.8802971839905
v 141.3071297109127 650.3372251987457 -2853.448522090912
v 195.20023614168167 641.3895219564438 -2851.7442107200623
v 248.19353073835373 629.9792587757111 -2849.7018337249756
v 300.0694677233696 616.1502361297607 -2847.278892993927
v 350.61343163251877 599.9557137489319 -2844.4197297096252
v 399.6155023574829 581.461700797081 -2841.076910495758
v 446.8710035085678 560.7455506920815 -2837.204372882843
v 492.18430668115616 537.8976404666901 -2832.7738761901855
v 535.3647530078888 513.018149137497 -2827.7456641197205
v 576.2334048748016 486.21990233659744 -2822.1035599708557
v 614.6209210157394 457.6250821352005 -2815.831935405731
v 650.3693729639053 427.36625522375107 -2808.9253067970276
v 683.3339929580688 395.5833911895752 -2801.3853192329407
v 713.3822828531265 362.4243766069412 -2793.2201981544495
v 740.3963446617126 328.0450150370598 -2784.454894065857
v 764.2731547355652 292.605222761631 -2775.1203894615173
v 784.9251121282578 256.2684118747711 -2765.2583599090576
v 802.2797644138336 219.20102760195732 -2754.915142059326
v 816.2804931402206 181.57066330313683 -2744.1505074501038
v 826.8868565559387 143.54432970285416 -2733.0316305160522
v 834.0736299753189 105.28854914009571 -2721.631443500519
v 837.8309428691864 66.96530282497406 -2710.026168823242
v 1124.6560454368591 28.734080772846937 -2689.6089792251587
v 1119.9050307273865 -22.03738298267126 -2673.7821340560913
v 1110.4645550251007 -72.12716974318027 -2656.6965222358704
v 1096.4268803596497 -121.29575423896313 -2638.55037689209
v 1077.9081225395203 -169.322107732296 -2619.563317298889
v 1055.0431102514267 -216.00470691919327 -2599.9568819999695
v 1027.9866188764572 -261.1643314361572 -2579.9792051315308
v 996.9058305025101 -304.6423673629761 -2559.8636150360107
v 961.9812250137329 -346.3023066520691 -2539.851939678192
v 923.4021246433258 -386.02721095085144 -2520.173943042755
v 881.3636094331741 -423.71844351291656 -2501.042115688324
v 836.066997051239 -459.29494947195053 -2482.661819458008
v 787.7172380685806 -492.6903426647186 -2465.2225136756897
v 736.5205854177475 -523.8498896360397 -2448.886787891388
v 682.6850056648254 -552.7300298213959 -2433.8037967681885
v 626.4199733734131 -579.2959421873093 -2420.1059699058533
v 567.9343804717064 -603.517535328865 -2407.8980445861816
v 507.4380785226822 -625.3711611032486 -2397.2732424736023
v 445.1407477259636 -644.8348850011826 -2388.300108909607
v 381.2534734606743 -661.8904739618301 -2381.040334701538
v 315.98716974258423 -676.520311832428 -2375.5358695983887
v 249.55429285764694 -688.708084821701 -2371.8198895454407
v 182.16779604554176 -698.4378218650818 -2369.9121356010437
v 114.04247470200062 -705.6938946247101 -2369.826865196228
v 45.39402388036251 -710.463073849678 -2371.577513217926
v -23.561212327331305 -712.7317875623703 -2375.168740749359
v -92.59464591741562 -712.2415512800217 -2379.505741596222
v -161.43421828746796 -708.737787604332 -2383.477532863617
v -229.7961838543415 -702.226597070694 -2387.0728731155396
v -297.39935249090195 -692.7294343709946 -2390.291213989258
v -363.96613270044327 -680.285781621933 -2393.1509256362915
v -429.2243480682373 -664.9517774581909 -2395.689022541046
v -492.910373210907 -646.7991888523102 -2397.959244251251
v -554.7701105475426 -625.9155482053757 -2400.0372648239136
v -614.5607382059097 -602.4006575345993 -2402.0127415657043
v -672.0527321100235 -576.366862654686 -2403.998911380768
v -727.0312368869781 -547.935625910759 -2406.121075153351
v -779.2943179607391 -517.2345444560051 -2408.5122108459473
v -828.6571770906448 -484.396493434906 -2411.3192796707153
v -874.948588013649 -449.55568462610245 -2414.6859526634216
v -918.0121302604675 -412.8474950790405 -2418.7589168548584
v -957.7048867940903 -374.4047999382019 -2423.6727952957153
v -993.8957303762436 -334.35862362384796 -2429.5515179634094
v -1026.4666259288788 -292.83676892519 -2436.506402492523
v -1055.3078323602676 -249.9644510447979 -2444.6229934692383
v -1080.3190678358078 -205.8642975986004 -2453.9621591567993
v -1101.4093726873398 -160.65782234072685 -2464.5642042160034
v -1118.4931337833405 -114.46758434176445 -2476.4294028282166
v -1131.494265794754 -67.41818618029356 -2489.540755748749
v -1140.3422355651855 -19.63893650099635 -2503.8434267044067
v -1144.9746668338776 28.734147176146507 -2519.251322746277
v -1145.3341871500015 77.55588367581367 -2535.633111000061
v -1141.3715809583664 126.6688521951437 -2552.817153930664
v -1133.0541521310806 175.90378001332283 -2570.6436038017273
v -1120.3668892383575 225.07983595132828 -2588.961935043335
v -1103.31589281559 274.00707229971886 -2607.6457500457764
v -1081.923371553421 322.4868103861809 -2626.5609741210938
v -1056.2334686517715 370.31538486480713 -2645.5965638160706
v -1026.3087660074234 417.28275567293167 -2664.6387338638306
v -992.232272028923 463.1755068898201 -2683.5802793502808
v -954.1062563657761 507.7789545059204 -2702.3205757141113
v -912.0532095432281 550.8750557899475 -2720.7515954971313
v -866.2128955125809 592.246624827385 -2738.7606501579285
v -816.7462587356567 631.6778123378754 -2756.239438056946
v -763.8322710990906 668.9542770385742 -2773.065948486328
v -707.66841173172 703.8640767335892 -2789.1085743904114
v -648.4703928232193 736.2027406692505 -2804.2376279830933
v -586.4739418029785 765.769225358963 -2818.3075189590454
v -521.9317510724068 792.3739343881607 -2831.175673007965
v -455.1138550043106 815.8350855112076 -2842.6825165748596
v -386.3081783056259 835.9852224588394 -2852.6734113693237
v -315.8171087503433 852.6719689369202 -2860.988235473633
v -243.95900517702103 865.761524438858 -2867.4731731414795
v -171.0667409002781 875.1405149698257 -2871.9796180725098
v -97.4835567176342 880.7181179523468 -2874.3595123291016
v -23.561150208115578 882.4309289455414 -2874.4853615760803
v 50.3528980538249 880.5283844470978 -2873.513662815094
v 123.95727559924126 875.279250741005 -2872.6020097732544
v 196.95994928479195 866.6802376508713 -2871.6346979141235
v 269.06711235642433 854.7435462474823 -2870.5034255981445
v 339.98410552740097 839.4946753978729 -2869.0902948379517
v 409.4169035553932 820.9761917591095 -2867.2834396362305
v 477.0744800567627 799.2486894130707 -2864.9792194366455
v 542.6698699593544 774.390584230423 -2862.0789289474487
v 605.9228599071503 746.5007871389389 -2858.501136302948
v 666.5626615285873 715.6941801309586 -2854.165232181549
v 724.3265748023987 682.106140255928 -2849.006509780884
v 778.9671510457993 645.8903461694717 -2842.9824709892273
v 830.249485373497 607.2156935930252 -2836.050069332123
v 877.9561519622803 566.2684544920921 -2828.1925797462463
v 921.8868613243103 523.2465535402298 -2819.3979382514954
v 961.8616819381714 478.3622071146965 -2809.6784830093384
v 997.7202862501144 431.8379819393158 -2799.0594387054443
v 1029.3237328529358 383.90295654535294 -2787.574529647827
v 1056.5572768449783 334.79237854480743 -2775.281059741974
v 1079.3287247419357 284.74550545215607 -2762.2530579566956
v 1097.5681602954865 234.00142341852188 -2748.5703110694885
v 1111.2321257591248 182.79801905155182 -2734.3441367149353
v 1120.2967673540115 131.36962316930294 -2719.6831107139587
v 1124.7635930776596 79.9420926719904 -2704.7221302986145
v 1409.3108654022217 28.734080772846937 -2671.6764211654663
v 1402.6468873023987 -34.851199854165316 -2652.380907535553
v 1389.984917640686 -97.42510467767715 -2631.0613870620728
v 1371.4808285236359 -158.65520164370537 -2608.054554462433
v 1347.3233938217163 -218.2443231344223 -2583.7231516838074
v 1317.730176448822 -275.93424171209335 -2558.457064628601
v 1282.9365611076355 -331.505286693573 -2532.6395988464355
v 1243.1927382946014 -384.7752645611763 -2506.6452860832214
v 1198.7604141235352 -435.5994760990143 -2480.8461904525757
v 1149.9062985181808 -483.86581540107727 -2455.5888772010803
v 1096.8970328569412 -529.489354789257 -2431.183445453644
v 1039.9997383356094 -572.4114194512367 -2407.918882369995
v 979.4796854257584 -612.593486905098 -2386.0567569732666
v 915.5956327915192 -650.0097155570984 -2365.8087372779846
v 848.6042141914368 -684.6486926078796 -2347.3700404167175
v 778.754934668541 -716.5023297071457 -2330.8859825134277
v 706.2951743602753 -745.5686390399933 -2316.483509540558
v 631.4680635929108 -771.8458384275436 -2304.2558431625366
v 554.5134425163269 -795.3288555145264 -2294.2645370960236
v 475.6710484623909 -816.0108357667923 -2286.5538716316223
v 395.1793506741524 -833.8809490203857 -2281.1457812786102
v 313.27832639217377 -848.9235669374466 -2278.0468463897705
v 230.20875826478004 -861.1194282770157 -2277.2532284259796
v 146.2146334350109 -870.4459816217422 -2278.754645586014
v 61.54190115630627 -876.8777281045914 -2282.534509897232
v -23.561223037540913 -880.3907454013824 -2288.5866522789
v -108.82506892085075 -880.5305778980255 -2295.3951239585876
v -193.9028613269329 -876.8418103456497 -2301.4073729515076
v -278.42553928494453 -869.3147778511047 -2306.5696597099304
v -362.0259568095207 -857.966822385788 -2310.8540177345276
v -444.3402409553528 -842.842772603035 -2314.2563343048096
v -525.012144446373 -824.0161776542664 -2316.8075919151306
v -603.6980152130127 -801.5886902809143 -2318.5752391815186
v -680.0695210695267 -775.6886959075928 -2319.6656584739685
v -753.8170427083969 -746.467199921608 -2320.223343372345
v -824.6530324220657 -714.0950858592987 -2320.430624485016
v -892.314687371254 -678.7563979625702 -2320.4997181892395
v -956.5618246793747 -640.6443655490875 -2320.6653237342834
v -1017.1811997890472 -599.9553024768829 -2321.1848974227905
v -1073.9823251962662 -556.8824723362923 -2322.3156213760376
v -1126.7967849969864 -511.61375790834427 -2324.3218064308167
v -1175.475287437439 -464.32528644800186 -2327.447748184204
v -1219.884580373764 -415.1815667748451 -2331.9215655326843
v -1259.9060118198395 -364.3330901861191 -2337.943959236145
v -1295.4286754131317 -311.9178384542465 -2345.6755995750427
v -1326.3489305973053 -258.0621063709259 -2355.2330136299133
v -1352.5686204433441 -202.88374051451683 -2366.6918754577637
v -1373.9915072917938 -146.4978627860546 -2380.0779581069946
v -1390.522176027298 -89.0178557485342 -2395.35835981369
v -1402.0680904388428 -30.563853681087494 -2412.460148334503
v -1408.5387706756592 28.73416431248188 -2431.2593936920166
v -1409.8048031330109 88.7275405228138 -2451.373338699341
v -1405.7421207427979 149.23266768455505 -2472.3652124404907
v -1396.2888956069946 210.04230752587318 -2494.022524356842
v -1381.4104437828064 270.9313914179802 -2516.1673307418823
v -1361.0975801944733 331.65982216596603 -2538.640058040619
v -1335.3701829910278 391.9776663184166 -2561.315679550171
v -1304.2748630046844 451.627741754055 -2584.091103076935
v -1267.8822219371796 510.34522354602814 -2606.865429878235
v -1226.2890458106995 567.861071228981 -2629.54763174057
v -1179.6163856983185 623.9050447940826 -2652.0557284355164
v -1128.009831905365 678.2016605138779 -2674.295127391815
v -1071.6348528862 730.4742693901062 -2696.1575269699097
v -1010.6830328702927 780.4464280605316 -2717.535173892975
v -945.3665196895599 827.8379917144775 -2738.2885098457336
v -875.922617316246 872.371831536293 -2758.2749605178833
v -802.6090562343597 913.7709558010101 -2777.3223400115967
v -725.7108479738235 951.7603605985641 -2795.2409148216248
v -645.5360352993011 986.0731303691864 -2811.8305325508118
v -562.4170288443565 1016.4493411779404 -2826.866912841797
v -476.71228647232056 1042.6412016153336 -2840.1156306266785
v -388.8026461005211 1064.417713880539 -2851.331567764282
v -299.093759059906 1081.5681010484695 -2860.2632999420166
v -208.01533609628677 1093.9068108797073 -2866.6574835777283
v -116.01622067391872 1101.2822896242142 -2870.277225971222
v -23.561148066073656 1103.575474023819 -2870.8839893341064
v 68.89268215745687 1101.254391670227 -2870.179343223572
v 160.97407341003418 1094.8156535625458 -2869.8769211769104
v 252.32753455638885 1084.2295110225677 -2869.7836995124817
v 342.59009659290314 1069.4795817136765 -2869.6951389312744
v 431.39394521713257 1050.5725145339966 -2869.419038295746
v 518.368524312973 1027.5376468896866 -2868.772792816162
v 603.1434834003448 1000.4299521446228 -2867.585039138794
v 685.3511452674866 969.3316161632538 -2865.6989455223083
v 764.6302074193954 934.3532711267471 -2862.9790663719177
v 840.6300604343414 895.6320077180862 -2859.301197528839
v 913.0103081464767 853.3355563879013 -2854.5677304267883
v 981.4493358135223 807.6584488153458 -2848.706007003784
v 1045.6412941217422 758.8178366422653 -2841.648578643799
v 1105.3047358989716 707.0582896471024 -2833.3683013916016
v 1160.1802170276642 652.6406228542328 -2823.8399505615234
v 1210.0363969802856 595.8471059799194 -2813.074767589569
v 1254.6677768230438 536.9744375348091 -2801.0968804359436
v 1293.898057937622 476.3293921947479 -2787.9452228546143
v 1327.5849401950836 414.22710716724396 -2773.6905336380005
v 1355.616694688797 350.9882718324661 -2758.425211906433
v 1377.9133975505829 286.93263307213783 -2742.257010936737
v 1394.428026676178 222.37620204687119 -2725.320553779602
v 1405.1487922668457 157.62976333498955 -2707.7850103378296
v 1410.093104839325 92.9884560406208 -2689.8324370384216
v 1690.721708536148 28.734080772846937 -2642.0527696609497
v 1681.885665655136 -47.61564265936613 -2619.5586562156677
v 1665.6486451625824 -122.55694568157196 -2594.1042065620422
v 1642.2672808170319 -195.6439644098282 -2566.2399768829346
v 1612.0361804962158 -266.4932005107403 -2536.5277647972107
v 1575.2862811088562 -334.78881418704987 -2505.5628180503845
v 1532.3629140853882 -400.2784729003906 -2473.9099502563477
v 1483.6251199245453 -462.7728372812271 -2442.123830318451
v 1429.4337213039398 -522.138312458992 -2410.7215642929077
v 1370.1443314552307 -578.2889425754547 -2380.1714539527893
v 1306.103241443634 -631.1785280704498 -2350.8899807929993
v 1237.647831439972 -680.7957589626312 -2323.255240917206
v 1165.0990307331085 -727.1498203277588 -2297.5778818130493
v 1088.765361905098 -770.2677875757217 -2274.1255044937134
v 1008.9411586523056 -810.1857155561447 -2253.114300966263
v 925.90711414814 -846.938768029213 -2234.7020626068115
v 839.9350792169571 -880.5625885725021 -2219.0147757530212
v 751.2877196073532 -911.0847324132919 -2206.133186817169
v 660.2214634418488 -938.5229527950287 -2196.103221178055
v 566.9893801212311 -962.8799229860306 -2188.9320075511932
v 471.84371650218964 -984.148719906807 -2184.6096754074097
v 375.0382959842682 -1002.306655049324 -2183.0981135368347
v 276.8297180533409 -1017.3202097415924 -2184.3471467494965
v 177.48080268502235 -1029.147708415985 -2188.3031725883484
v 77.25938223302364 -1037.7392500638962 -2194.9086129665375
v -23.561235889792442 -1043.0444538593292 -2204.120147228241
v -124.6735230088234 -1044.3660765886307 -2214.0427708625793
v -225.65085291862488 -1040.9915208816528 -2222.7051198482513
v -326.0289937257767 -1032.873010635376 -2229.973942041397
v -425.3410831093788 -1020.00273168087 -2235.746830701828
v -523.1216982007027 -1002.41858959198 -2239.967167377472
v -618.9140528440475 -980.2071571350098 -2242.634952068329
v -712.2789084911346 -953.5044282674789 -2243.81639957428
v -802.8002977371216 -922.492527961731 -2243.6470925807953
v -890.092721581459 -887.3942971229553 -2242.3318445682526
v -973.8059133291245 -848.4653413295746 -2240.140175819397
v -1053.6303222179413 -805.9832692146301 -2237.398087978363
v -1129.2946457862854 -760.2379590272903 -2234.476548433304
v -1200.569325685501 -711.5184664726257 -2231.775999069214
v -1267.2620236873627 -660.1041823625565 -2229.7125101089478
v -1329.2124807834625 -606.2546193599701 -2228.6979019641876
v -1386.2875819206238 -550.2032086253166 -2229.1261732578278
v -1438.374775648117 -492.1521931886673 -2231.353896856308
v -1485.3746712207794 -432.27142840623856 -2235.689800977707
v -1527.194321155548 -370.7019120454788 -2242.38503575325
v -1563.7410521507263 -307.55708664655685 -2251.61754488945
v -1594.9180781841278 -242.9298311471939 -2263.4904205799103
v -1620.6218957901 -176.9037365913391 -2278.0391693115234
v -1640.7373487949371 -109.55698750913143 -2295.2067613601685
v -1655.1442086696625 -40.97682926803827 -2314.8822903633118
v -1663.711279630661 28.73417930677533 -2336.870539188385
v -1666.1824762821198 99.43728744983673 -2360.41339635849
v -1662.3058259487152 170.91751769185066 -2384.7028493881226
v -1651.9844055175781 242.91853830218315 -2409.4765067100525
v -1635.1662576198578 315.1613011956215 -2434.5547795295715
v -1611.8339717388153 387.34879940748215 -2459.7901582717896
v -1582.0124983787537 459.17612612247467 -2485.0998401641846
v -1545.758318901062 530.3318455815315 -2510.4185700416565
v -1503.1604051589966 600.5006492137909 -2535.7033014297485
v -1454.338163137436 669.3657547235489 -2560.9208583831787
v -1399.4362235069275 736.6102427244186 -2586.0355973243713
v -1338.6244416236877 801.9098937511444 -2610.9880208969116
v -1272.0961153507233 864.9413108825684 -2635.709309577942
v -1200.0685334205627 925.3732830286026 -2660.0958228111267
v -1122.782838344574 982.8686356544495 -2684.0129375457764
v -1040.5081391334534 1037.0864927768707 -2707.303273677826
v -953.5356163978577 1087.6785069704056 -2729.761743545532
v -862.190380692482 1134.2913955450058 -2751.1550188064575
v -766.8253719806671 1176.5706419944763 -2771.2119340896606
v -667.8278028964996 1214.1665279865265 -2789.639937877655
v -565.6184390187263 1246.7321455478668 -2806.106448173523
v -460.65204441547394 1273.9376544952393 -2820.266819000244
v -353.41984927654266 1295.4722702503204 -2831.7563891410828
v -244.4494642317295 1311.050295829773 -2840.194320678711
v -134.30057056248188 1320.4285323619843 -2845.2093720436096
v -23.561143781989813 1323.4061419963837 -2846.4303016662598
v 87.19260469079018 1320.753437280655 -2846.147620677948
v 197.52546548843384 1313.2836401462555 -2846.6809034347534
v 307.025483250618 1300.916963815689 -2847.7304697036743
v 415.26491791009903 1283.5919916629791 -2848.990058898926
v 521.8045651912689 1261.2782895565033 -2850.1811027526855
v 626.1962413787842 1233.9750349521637 -2851.0338068008423
v 727.9870331287384 1201.717048883438 -2851.298666000366
v 826.7255693674088 1164.5817875862122 -2850.764286518097
v 921.9637006521225 1122.683310508728 -2849.2335319519043
v 1013.2673293352127 1076.1783123016357 -2846.5468287467957
v 1100.2127766609192 1025.2648204565048 -2842.5747632980347
v 1182.3997378349304 970.1786309480667 -2837.2175335884094
v 1259.4485402107239 911.1886471509933 -2830.3950786590576
v 1331.008505821228 848.5992103815079 -2822.0629811286926
v 1396.7602133750916 782.7413260936737 -2812.199854850769
v 1456.4156353473663 713.9697164297104 -2800.803506374359
v 1509.7236216068268 642.6624089479446 -2787.9040956497192
v 1556.4700365066528 569.2098721861839 -2773.546862602234
v 1596.4810490608215 494.01261657476425 -2757.8009009361267
v 1629.624366760254 417.4790009856224 -2740.7676577568054
v 1655.8108806610107 340.0175556540489 -2722.580111026764
v 1674.9930202960968 262.02957928180695 -2703.390157222748
v 1687.170922756195 183.9091219007969 -2683.4097385406494
v 1692.3850297927856 106.02727942168713 -2662.866699695587
v 1967.2160685062408 28.734080772846937 -2598.7181305885315
v 1955.9540688991547 -60.23151557892561 -2573.286986351013
v 1935.7877552509308 -147.32282310724258 -2543.8448429107666
v 1907.114827632904 -231.95765838027 -2511.2032771110535
v 1870.3867256641388 -313.66050094366074 -2476.212251186371
v 1826.0805249214172 -392.06036627292633 -2439.694583415985
v 1774.6894776821136 -466.8893963098526 -2402.453625202179
v 1716.700255870819 -537.9682078957558 -2365.2167797088623
v 1652.5900721549988 -605.1991581916809 -2328.6593556404114
v 1582.8161239624023 -668.5502022504807 -2293.3798909187317
v 1507.805997133255 -728.0387848615646 -2259.8874032497406
v 1427.962327003479 -783.7222099304199 -2228.6212682724
v 1343.6585485935211 -835.6817036867142 -2199.9442279338837
v 1255.2391707897186 -884.0099394321442 -2174.13786649704
v 1163.0270421504974 -928.8071304559708 -2151.4337301254272
v 1067.3206090927124 -970.1645106077194 -2131.9918036460876
v 968.4026211500168 -1008.1639230251312 -2115.926283597946
v 866.5399938821793 -1042.8673326969147 -2103.295159339905
v 761.9905948638916 -1074.3147015571594 -2094.1137850284576
v 655.0071507692337 -1102.5212466716766 -2088.3594036102295
v 545.8405718207359 -1127.4762749671936 -2085.9747111797333
v 434.74505841732025 -1149.1424977779388 -2086.8721067905426
v 321.9809800386429 -1167.4604177474976 -2090.947675704956
v 207.81897082924843 -1182.3499739170074 -2098.082971572876
v 92.5406064838171 -1193.7197268009186 -2108.163660764694
v -23.56124660000205 -1201.4715194702148 -2121.088021993637
v -140.14353826642036 -1204.63365316391 -2134.656298160553
v -256.69616907835007 -1202.1901488304138 -2146.530133485794
v -372.64931946992874 -1194.0144717693329 -2156.4379513263702
v -487.42078244686127 -1180.041092634201 -2164.1553342342377
v -600.4236042499542 -1160.2772772312164 -2169.527918100357
v -711.0791593790054 -1134.8126143217087 -2172.4973022937775
v -818.8316822052002 -1103.8185358047485 -2173.1090009212494
v -923.1600224971771 -1067.5467401742935 -2171.5235471725464
v -1023.5899150371552 -1026.3177454471588 -2168.0149853229523
v -1119.7026163339615 -980.506494641304 -2162.9614114761353
v -1211.1438155174255 -930.5237114429474 -2156.8315386772156
v -1297.6202070713043 -876.7971873283386 -2150.1674234867096
v -1378.903740644455 -819.7482019662857 -2143.5559511184692
v -1454.8216819763184 -759.7747981548309 -2137.6070380210876
v -1525.2487301826477 -697.2336173057556 -2132.921689748764
v -1590.0963246822357 -632.4292063713074 -2130.0681471824646
v -1649.2987990379333 -565.6061008572578 -2129.5563876628876
v -1702.8017282485962 -496.94769382476807 -2131.8183839321136
v -1750.5475342273712 -426.58120542764664 -2137.1890485286713
v -1792.465889453888 -354.5847088098526 -2145.895540714264
v -1828.468644618988 -281.00054785609245 -2158.059185743332
v -1858.4395468235016 -205.85142821073532 -2173.681765794754
v -1882.2386264801025 -129.15453761816025 -2192.664575576782
v -1899.6979475021362 -50.93997176736593 -2214.7999227046967
v -1910.632300376892 28.734194301068783 -2239.8048520088196
v -1914.5857214927673 109.74644683301449 -2266.4266288280487
v -1911.1171901226044 191.83433428406715 -2293.4041559696198
v -1900.1034617424011 274.67348724603653 -2320.4747676849365
v -1881.4777731895447 357.9127907752991 -2347.4684715270996
v -1855.2361488342285 441.18934869766235 -2374.3157625198364
v -1821.4212238788605 524.1366147994995 -2400.999641418457
v -1780.1219701766968 606.3934922218323 -2427.5606870651245
v -1731.4612209796906 687.6016944646835 -2454.047703742981
v -1675.5922436714172 767.4077332019806 -2480.512511730194
v -1612.6929819583893 845.4628497362137 -2506.9987058639526
v -1542.9645478725433 921.4122533798218 -2533.5142374038696
v -1466.6260123252869 994.8978632688522 -2560.0292205810547
v -1383.9200258255005 1065.5515909194946 -2586.475110054016
v -1295.1087057590485 1132.9876631498337 -2612.71892786026
v -1200.4821360111237 1196.8067348003387 -2638.5862946510315
v -1100.3551453351974 1256.5917074680328 -2663.841414451599
v -995.081016421318 1311.9080722332 -2688.201606273651
v -885.0469619035721 1362.3098731040955 -2711.333465576172
v -770.6821441650391 1407.3407351970673 -2732.853138446808
v -652.461788058281 1446.541953086853 -2752.3372888565063
v -530.9069067239761 1479.4619500637054 -2769.324743747711
v -406.58964812755585 1505.6623101234436 -2783.3197832107544
v -280.13591691851616 1524.734091758728 -2793.80886554718
v -152.21971943974495 1536.3068759441376 -2800.261175632477
v -23.56113949790597 1540.0648057460785 -2802.1442532539368
v 105.1351960748434 1537.1642410755157 -2802.3424863815308
v 233.37630704045296 1528.8244664669037 -2803.7970185279846
v 360.70111244916916 1514.8945450782776 -2806.089174747467
v 486.62205785512924 1495.2493131160736 -2808.8123440742493
v 610.6290459632874 1469.7982907295227 -2811.5771889686584
v 732.1957170963287 1438.4970605373383 -2814.033854007721
v 850.7849156856537 1401.3490498065948 -2815.85853099823
v 965.8566415309906 1358.4144413471222 -2816.7723774909973
v 1076.8739104270935 1309.8090767860413 -2816.536855697632
v 1183.3139955997467 1255.7043194770813 -2814.9556517601013
v 1284.666782617569 1196.3273286819458 -2811.869740486145
v 1380.4506719112396 1131.9579064846039 -2807.1675300598145
v 1470.2103853225708 1062.9203408956528 -2800.762379169464
v 1553.5260140895844 989.5838856697083 -2792.6093220710754
v 1630.0139784812927 912.3491197824478 -2782.678198814392
v 1699.3322372436523 831.6508263349533 -2770.9739446640015
v 1761.1800134181976 747.948807477951 -2757.5201392173767
v 1815.3021812438965 661.7200702428818 -2742.3592805862427
v 1861.4943385124207 573.4553307294846 -2725.5640268325806
v 1899.601435661316 483.6548328399658 -2707.235825061798
v 1929.518324136734 392.8176552057266 -2687.4966859817505
v 1951.1994898319244 301.4386609196663 -2666.524827480316
v 1964.6530210971832 210.00013500452042 -2644.537401199341
v 1969.9503421783447 118.95741559565067 -2621.8220233917236
v 2236.88605427742 28.734080772846937 -2540.0493502616882
v 2222.93940782547 -72.57628738880157 -2511.9216322898865
v 2198.481470346451 -171.47453427314758 -2478.662061691284
v 2164.118593931198 -267.2245793044567 -2441.447973251343
v 2120.500999689102 -359.25432592630386 -2401.4331221580505
v 2068.3030366897583 -447.15217649936676 -2359.734523296356
v 2008.1946671009064 -530.653665959835 -2317.3943400382996
v 1940.814048051834 -609.6180021762848 -2275.3312170505524
v 1866.7668461799622 -684.0119749307632 -2234.369343519211
v 1786.6080045700073 -753.8801044225693 -2195.1981484889984
v 1700.8446216583252 -819.3279504776001 -2158.4004044532776
v 1609.9352657794952 -880.5011034011841 -2124.4515419006348
v 1514.2905235290527 -937.5635236501694 -2093.721705675125
v 1414.2812252044678 -990.6894534826279 -2066.5008425712585
v 1310.2422833442688 -1040.0490909814835 -2043.0080235004425
v 1202.4766683578491 -1085.795909166336 -2023.3887016773224
v 1091.2643879652023 -1128.0611038208008 -2007.735139131546
v 976.8647491931915 -1166.9461905956268 -1996.0847616195679
v 859.5251321792603 -1202.5179326534271 -1988.4308516979218
v 739.485102891922 -1234.8026514053345 -1984.720355272293
v 616.9815540313721 -1263.7841701507568 -1984.8568975925446
v 492.2571361064911 -1289.4051849842072 -1988.710379600525
v 365.56317061185837 -1311.5676760673523 -1996.1180746555328
v 237.1677726507187 -1330.1393508911133 -2006.8972408771515
v 107.35737606883049 -1344.963651895523 -2020.8593785762787
v -23.56125731021166 -1355.8696269989014 -2037.8253102302551
v -155.21216914057732 -1361.5967273712158 -2055.38347363472
v -287.0009556412697 -1360.7895374298096 -2070.8948731422424
v -418.2430073618889 -1353.1855285167694 -2083.8854491710663
v -548.2232764363289 -1338.6118292808533 -2093.9499616622925
v -676.2106239795685 -1317.011821269989 -2100.7944881916046
v -801.4781951904297 -1288.4578883647919 -2104.2639791965485
v -923.3290553092957 -1253.1596422195435 -2104.3714582920074
v -1041.1148339509964 -1211.4528179168701 -2101.295691728592
v -1154.2578995227814 -1163.7877583503723 -2095.389688014984
v -1262.2660279273987 -1110.702407360077 -2087.1638357639313
v -1364.7426843643188 -1052.7894765138626 -2077.2608160972595
v -1461.3869547843933 -990.6643658876419 -2066.429418325424
v -1551.993614435196 -924.9273955821991 -2055.483138561249
v -1636.4401042461395 -856.1346054077148 -2045.2646732330322
v -1714.668983221054 -784.7672522068024 -2036.5980744361877
v -1786.6695582866669 -711.2146735191345 -2030.2515983581543
v -1852.4549901485443 -635.7636630535126 -2026.902198791504
v -1912.0400846004486 -558.5975453257561 -2027.1034479141235
v -1965.4201805591583 -479.8066630959511 -2031.2659323215485
v -2012.5551104545593 -399.4028404355049 -2039.6406650543213
v -2053.359878063202 -317.34279096126556 -2052.3210048675537
v -2087.694239616394 -233.55632424354553 -2069.239091873169
v -2115.365993976593 -147.9704052209854 -2090.180790424347
v -2136.1392080783844 -60.539489798247814 -2114.8159861564636
v -2149.7369587421417 28.734207153320312 -2142.6955699920654
v -2155.4293751716614 119.74166855216026 -2172.014743089676
v -2152.535527944565 212.14644387364388 -2201.0521948337555
v -2140.908044576645 305.52588254213333 -2229.5558154582977
v -2120.4967498779297 399.43704456090927 -2257.446503639221
v -2091.32878780365 493.43577325344086 -2284.75524187088
v -2053.4954607486725 587.0915353298187 -2311.5965008735657
v -2007.1419477462769 679.9968630075455 -2338.1449341773987
v -1952.4470150470734 771.7620074748993 -2364.5809531211853
v -1889.6183550357819 862.0160013437271 -2391.083598136902
v -1818.8777804374695 950.3969937562943 -2417.7905082702637
v -1740.4624581336975 1036.538815498352 -2444.7880506515503
v -1654.61887717247 1120.0698137283325 -2472.1036434173584
v -1561.6073727607727 1200.5959212779999 -2499.6898531913757
v -1461.704182624817 1277.696681022644 -2527.4222016334534
v -1355.2095353603363 1350.9203791618347 -2555.105745792389
v -1242.4499809741974 1419.7841823101044 -2582.472610473633
v -1123.793950676918 1483.7700247764587 -2609.185004234314
v -999.6500432491302 1542.331051826477 -2634.8385095596313
v -870.4795688390732 1594.8973774909973 -2658.970034122467
v -736.8023067712784 1640.8834874629974 -2681.05890750885
v -599.1977393627167 1679.6971499919891 -2700.529897212982
v -458.3151966333389 1710.754907131195 -2716.765546798706
v -314.876152575016 1733.4924936294556 -2729.104804992676
v -169.67174038290977 1747.3877310752869 -2736.8605732917786
v -23.561137355864048 1751.9760191440582 -2739.326286315918
v 122.61472940444946 1748.8694071769714 -2739.936339855194
v 268.3108001947403 1739.7779643535614 -2742.2293186187744
v 413.0242735147476 1724.4610965251923 -2745.6708431243896
v 556.21148198843 1702.7096033096313 -2749.74764585495
v 697.2944855690002 1674.3619918823242 -2753.9799094200134
v 835.6680631637573 1639.3128395080566 -2757.9278469085693
v 970.7098573446274 1597.526228427887 -2761.2048625946045
v 1101.7892509698868 1549.03684258461 -2763.472890853882
v 1228.2776832580566 1493.9564108848572 -2764.4519925117493
v 1349.5622217655182 1432.470828294754 -2763.9203548431396
v 1465.0457680225372 1364.8380994796753 -2761.704421043396
v 1574.1635084152222 1291.3810729980469 -2757.6786160469055
v 1676.3858616352081 1212.4842882156372 -2751.7650723457336
v 1771.2220430374146 1128.5811573266983 -2743.9119696617126
v 1858.2287013530731 1040.1482075452805 -2734.1025829315186
v 1937.0058059692383 947.6977467536926 -2722.3349928855896
v 2007.2039127349854 851.7731338739395 -2708.630859851837
v 2068.5264945030212 752.9388397932053 -2693.0288434028625
v 2120.731860399246 651.7741411924362 -2675.5826830863953
v 2163.6374056339264 548.8716468214989 -2656.3798427581787
v 2197.1209824085236 444.82622742652893 -2635.5324625968933
v 2221.13077044487 340.22843539714813 -2613.2086157798767
v 2235.6862366199493 235.65682768821716 -2589.638066291809
v 2240.8793687820435 131.6566053777933 -2565.1166558265686
v 2497.6348638534546 28.734080772846937 -2464.8605942726135
v 2480.7217121124268 -84.50726382434368 -2434.2331647872925
v 2451.6080379486084 -194.72473710775375 -2397.3809957504272
v 2411.172592639923 -301.013645529747 -2355.8915972709656
v 2360.3341579437256 -402.7143344283104 -2311.2924337387085
v 2300.007677078247 -499.39606487751007 -2265.0147318840027
v 2231.06449842453 -590.8260226249695 -2218.32959651947
v 2154.3146908283234 -676.9363135099411 -2172.3466396331787
v 2070.4874396324158 -757.784378528595 -2127.992594242096
v 1980.2321434020996 -833.5194408893585 -2086.0284507274628
v 1884.117317199707 -904.3506324291229 -2047.057682275772
v 1782.6360762119293 -970.5182045698166 -2011.5389943122864
v 1676.2206673622131 -1032.278037071228 -1979.8262178897858
v 1565.246993303299 -1089.8821026086807 -1952.1732449531555
v 1450.0481843948364 -1143.5691446065903 -1928.7635028362274
v 1330.9195339679718 -1193.5532987117767 -1909.715712070465
v 1208.1286430358887 -1240.0160729885101 -1895.0985550880432
v 1081.9205611944199 -1283.1024408340454 -1884.9383533000946
v 952.5239557027817 -1322.907817363739 -1879.2142689228058
v 820.158240199089 -1359.4760715961456 -1877.8624176979065
v 685.0381672382355 -1392.7915751934052 -1880.7706594467163
v 547.3845213651657 -1422.776049375534 -1887.7794206142426
v 407.4291914701462 -1449.2893874645233 -1898.68443608284
v 265.4266521334648 -1472.1351385116577 -1913.242644071579
v 121.65856473147869 -1491.0707890987396 -1931.186854839325
v -23.561268020421267 -1505.824077129364 -1952.243572473526
v -169.82814371585846 -1514.8519098758698 -1973.8941669464111
v -316.4667472243309 -1516.4325654506683 -1993.2689189910889
v -462.6707047224045 -1510.0912988185883 -2009.62575674057
v -607.5743913650513 -1495.4833269119263 -2022.3204910755157
v -750.2767443656921 -1472.4412620067596 -2030.8745384216309
v -889.8748159408569 -1440.9991025924683 -2035.0128948688507
v -1025.5010277032852 -1401.397854089737 -2034.6904575824738
v -1156.3570320606232 -1354.0784001350403 -2030.1064193248749
v -1281.7462027072906 -1299.6576488018036 -2021.7038571834564
v -1401.0958433151245 -1238.8832926750183 -2010.1413547992706
v -1513.9765858650208 -1172.5895285606384 -1996.2692856788635
v -1620.0967013835907 -1101.6376286745071 -1981.0766220092773
v -1719.3042933940887 -1026.8599390983582 -1965.6406223773956
v -1811.5619361400604 -949.0129262208939 -1951.070898771286
v -1896.9211757183075 -868.730565905571 -1938.4427905082703
v -1975.489217042923 -786.4982962608337 -1928.7456810474396
v -2047.3924577236176 -702.6382803916931 -1922.8273391723633
v -2112.741255760193 -617.3115313053131 -1921.3577270507812
v -2171.5966165065765 -530.5368989706039 -1924.7970581054688
v -2223.947983980179 -442.2185570001602 -1933.382225036621
v -2269.6966528892517 -352.18435376882553 -1947.12433218956
v -2308.6501479148865 -260.2332800626755 -1965.8245980739594
v -2340.5267477035522 -166.17358028888702 -1989.090120792389
v -2364.970290660858 -69.86836511641741 -2016.3781583309174
v -2381.56977891922 28.734220005571842 -2047.0276594161987
v -2389.2465829849243 129.51873615384102 -2078.660100698471
v -2387.042987346649 232.03643411397934 -2109.139060974121
v -2374.814224243164 335.7320323586464 -2138.289475440979
v -2352.5496006011963 440.0433734059334 -2166.1475360393524
v -2320.3426122665405 544.4307997822762 -2192.898178100586
v -2278.3703804016113 648.3980089426041 -2218.834912776947
v -2226.863217353821 751.4968514442444 -2244.2966282367706
v -2166.085708141327 853.3237665891647 -2269.6324944496155
v -2096.315735578537 953.5074442625046 -2295.1550781726837
v -2017.8321421146393 1051.695767045021 -2321.114981174469
v -1930.914318561554 1147.534355521202 -2347.6848006248474
v -1835.8316481113434 1240.652310848236 -2374.9351382255554
v -1732.8566670417786 1330.645215511322 -2402.839946746826
v -1622.2695887088776 1417.0649886131287 -2431.270909309387
v -1504.3689966201782 1499.4117975234985 -2460.0059390068054
v -1379.480892419815 1577.1357715129852 -2488.7335658073425
v -1247.977066040039 1649.6294617652893 -2517.0578718185425
v -1110.2784544229507 1716.2420988082886 -2544.50945854187
v -966.8698787689209 1776.2815117835999 -2570.5501079559326
v -818.30874979496 1829.0257811546326 -2594.5741534233093
v -665.2289748191833 1873.7357139587402 -2615.915060043335
v -508.35185647010803 1909.6659481525421 -2633.843779563904
v -348.4935984015465 1936.0855162143707 -2647.576427459717
v -186.5626834332943 1952.2989571094513 -2656.2816858291626
v -23.561133071780205 1957.668662071228 -2659.0895771980286
v 139.52902927994728 1954.3107628822327 -2659.894847869873
v 302.1155461668968 1944.4879412651062 -2662.7559304237366
v 463.6604994535446 1927.8615832328796 -2667.044675350189
v 623.5695838928223 1904.1311860084534 -2672.1606254577637
v 781.2002897262573 1873.0535507202148 -2677.5463700294495
v 935.8721673488617 1834.4573140144348 -2682.694947719574
v 1086.8784457445145 1788.2561087608337 -2687.1580719947815
v 1233.4996044635773 1734.4562411308289 -2690.554904937744
v 1375.0161230564117 1673.1608033180237 -2692.572605609894
v 1510.7256174087524 1604.5650124549866 -2692.9646849632263
v 1639.9442791938782 1528.9574444293976 -2691.548812389374
v 1762.026959657669 1446.7048168182373 -2688.1969451904297
v 1876.3678550720215 1358.2458198070526 -2682.826554775238
v 1982.409006357193 1264.0815198421478 -2675.393223762512
v 2079.643589258194 1164.7591829299927 -2665.8766627311707
v 2167.6171481609344 1060.8693271875381 -2654.2768716812134
v 2245.926773548126 953.0349612236023 -2640.6007051467896
v 2314.2300128936768 841.9052094221115 -2624.8698234558105
v 2372.245967388153 728.1480461359024 -2607.119047641754
v 2419.7563886642456 612.4480336904526 -2587.4037623405457
v 2456.6176056861877 495.49857676029205 -2565.8171892166138
v 2482.7632665634155 377.9901325702667 -2542.4997091293335
v 2498.218047618866 260.60438454151154 -2517.672038078308
v 2503.1009435653687 143.98654997348785 -2491.6470170021057
v 2747.25341796875 28.734080772846937 -2372.5072622299194
v 2727.054476737976 -95.86875699460506 -2339.544355869293
v 2692.9054617881775 -216.7575404047966 -2299.3536174297333
v 2646.04731798172 -332.85515010356903 -2253.9985358715057
v 2587.7352476119995 -443.43455135822296 -2205.423879623413
v 2519.1641330718994 -548.0773091316223 -2155.3643941879272
v 2441.438376903534 -646.6246724128723 -2105.3290367126465
v 2355.5392742156982 -739.1183853149414 -2056.5747916698456
v 2262.3076021671295 -825.736528635025 -2010.0877523422241
v 2162.4650061130524 -906.75328373909 -1966.644126176834
v 2056.6090643405914 -982.4854671955109 -1926.8028318881989
v 1945.2437222003937 -1053.2725155353546 -1890.97061753273
v 1828.7886142730713 -1119.4435834884644 -1859.4138503074646
v 1707.6068937778473 -1181.3178181648254 -1832.3233604431152
v 1582.0126354694366 -1239.1874969005585 -1809.8189651966095
v 1452.2850930690765 -1293.3162450790405 -1791.9816851615906
v 1318.6765134334564 -1343.932318687439 -1778.8604617118835
v 1181.4154267311096 -1391.2218868732452 -1770.475995540619
v 1040.7130897045135 -1435.3186130523682 -1766.8181419372559
v 896.7681467533112 -1476.294606924057 -1767.8382337093353
v 749.7711539268494 -1514.147126674652 -1773.4375655651093
v 599.9152034521103 -1548.78870844841 -1783.4575235843658
v 447.4046975374222 -1580.0433278083801 -1797.676706314087
v 292.4699828028679 -1607.6462626457214 -1815.8085942268372
v 135.3771522641182 -1631.2534153461456 -1837.511283159256
v -23.561276588588953 -1650.4636585712433 -1862.4106526374817
v -183.91858115792274 -1663.4779512882233 -1887.9853308200836
v -344.94699388742447 -1668.1927740573883 -1911.2089037895203
v -505.7147115468979 -1663.8242423534393 -1931.0065805912018
v -665.1887387037277 -1649.781221151352 -1946.4523136615753
v -822.2727954387665 -1625.7303059101105 -1956.8439245224
v -975.8565157651901 -1591.6322886943817 -1961.7549240589142
v -1124.8721688985825 -1547.7555930614471 -1961.070293188095
v -1268.3461368083954 -1494.6650326251984 -1955.0069093704224
v -1405.4468274116516 -1433.181780576706 -1944.100797176361
v -1535.519289970398 -1364.3215417861938 -1929.1819036006927
v -1658.1081092357635 -1289.2188787460327 -1911.3233745098114
v -1772.9569256305695 -1209.0471506118774 -1891.7869925498962
v -1880.0014436244965 -1124.9310493469238 -1871.945172548294
v -1979.3340623378754 -1037.8705829381943 -1853.1992554664612
v -2071.162748336792 -948.6816465854645 -1836.900955438614
v -2155.7585299015045 -857.9517424106598 -1824.2706537246704
v -2233.3986043930054 -766.0244196653366 -1816.329264640808
v -2304.3145179748535 -673.0059921741486 -1813.8473749160767
v -2368.6434984207153 -578.7977546453476 -1817.3054873943329
v -2426.393496990204 -483.1431418657303 -1826.8809974193573
v -2477.425229549408 -385.68883687257767 -1842.4458622932434
v -2521.445047855377 -286.05766892433167 -1863.5911405086517
v -2558.0233097076416 -183.91102403402328 -1889.6740138530731
v -2586.6143941879272 -79.01090420782566 -1919.8552131652832
v -2606.601393222809 28.734232857823372 -1953.1727731227875
v -2616.502904891968 139.16571326553822 -1986.7342174053192
v -2615.0859355926514 251.67721062898636 -2018.1187987327576
v -2602.232587337494 365.54147601127625 -2047.2576975822449
v -2578.00235748291 480.04890233278275 -2074.3380427360535
v -2542.5989627838135 594.5509135723114 -2099.744236469269
v -2496.3204383850098 708.4819078445435 -2123.9669263362885
v -2439.5185589790344 821.3633358478546 -2147.5410401821136
v -2372.5705981254578 932.7931791543961 -2170.9957480430603
v -2295.84464430809 1042.4217879772186 -2194.787973165512
v -2209.6878111362457 1149.9291241168976 -2219.2830622196198
v -2114.4206166267395 1254.9870610237122 -2244.721883535385
v -2010.3334188461304 1357.2424530982971 -2271.2156176567078
v -1897.7010846138 1456.286495923996 -2298.7387657165527
v -1776.7957389354706 1551.6443073749542 -2327.142310142517
v -1647.9033529758453 1642.7643716335297 -2356.161665916443
v -1511.3381385803223 1729.02073264122 -2385.4310750961304
v -1367.4688696861267 1809.7129940986633 -2414.4978642463684
v -1216.7246401309967 1884.0790688991547 -2442.834782600403
v -1059.6102178096771 1951.301348209381 -2469.84246969223
v -896.72030210495 2010.5216443538666 -2494.856309890747
v -728.7424713373184 2060.855722427368 -2517.1486258506775
v -556.4705148339272 2101.403170824051 -2535.9204530715942
v -380.8136522769928 2131.268924474716 -2550.3053784370422
v -202.7960367500782 2149.5830059051514 -2559.366524219513
v -23.561130929738283 2155.5294513702393 -2562.107241153717
v 155.76865449547768 2151.7375230789185 -2562.7414226531982
v 334.55761075019836 2141.048699617386 -2565.715193748474
v 512.2387200593948 2123.038822412491 -2570.3521490097046
v 688.1745278835297 2097.323489189148 -2576.00576877594
v 861.666214466095 2063.58163356781 -2582.0698380470276
v 1031.9656759500504 2021.575266122818 -2587.994349002838
v 1198.2899188995361 1971.1666107177734 -2593.2926297187805
v 1359.836620092392 1912.326604127884 -2597.549021244049
v 1515.8011257648468 1845.1425731182098 -2600.424087047577
v 1665.395438671112 1769.8127508163452 -2601.6513228416443
v 1807.8519880771637 1686.643809080124 -2601.032769680023
v 1942.4455642700195 1596.0385203361511 -2598.4294176101685
v 2068.496334552765 1498.482322692871 -2593.751609325409
v 2185.37477850914 1394.5318043231964 -2586.9434118270874
v 2292.509913444519 1284.7996234893799 -2577.9749393463135
v 2389.38285112381 1169.9434041976929 -2566.822063922882
v 2475.534474849701 1050.6640911102295 -2553.4738183021545
v 2550.5672216415405 927.6910752058029 -2537.9184126853943
v 2614.1523480415344 801.7818510532379 -2520.1616048812866
v 2666.028833389282 673.7157106399536 -2500.217926502228
v 2706.023120880127 544.2898705601692 -2478.149890899658
v 2734.0548753738403 414.30535167455673 -2454.0781378746033
v 2750.1484990119934 284.5561660826206 -2428.2041907310486
v 2754.455065727234 155.79934567213058 -2400.8562445640564
v 2983.5281133651733 28.734080772846937 -2262.98770904541
v 2959.6636414527893 -106.50070495903492 -2227.8138041496277
v 2920.0809001922607 -237.2475080192089 -2184.5766365528107
v 2866.4825558662415 -362.265419960022 -2135.8666718006134
v 2800.5271315574646 -480.79200237989426 -2084.0499579906464
v 2723.743462562561 -592.4718648195267 -2031.1838150024414
v 2637.476682662964 -697.2693979740143 -1978.974610567093
v 2542.8690314292908 -795.3768372535706 -1928.7721395492554
v 2440.851354598999 -887.128135561943 -1881.5814137458801
v 2332.17134475708 -972.9305893182755 -1838.1121516227722
v 2217.4178063869476 -1053.2110303640366 -1798.8271713256836
v 2097.0549285411835 -1128.3827185630798 -1763.9992833137512
v 1971.4616298675537 -1198.828274011612 -1733.7755858898163
v 1840.9588396549225 -1264.9000883102417 -1708.2329869270325
v 1705.8269083499908 -1326.9155263900757 -1687.4053478240967
v 1566.3241147994995 -1385.1654946804047 -1671.3235139846802
v 1422.6888597011566 -1439.9125218391418 -1660.0184679031372
v 1275.1417219638824 -1491.3839042186737 -1653.5228371620178
v 1123.8854587078094 -1539.7606015205383 -1651.861023902893
v 969.1059648990631 -1585.1599633693695 -1655.0304234027863
v 810.9739869832993 -1627.6140689849854 -1662.9792153835297
v 649.6554732322693 -1667.0486152172089 -1675.586485862732
v 485.3220269083977 -1703.26646566391 -1692.6419377326965
v 318.17116141319275 -1735.942304134369 -1713.8421893119812
v 148.4430082142353 -1764.6245539188385 -1738.7874841690063
v -23.56128515675664 -1788.7563526630402 -1766.999238729477
v -197.40211814641953 -1806.3330233097076 -1796.0591733455658
v -372.2733825445175 -1814.8662328720093 -1822.862046957016
v -547.1188053488731 -1813.159042596817 -1845.958399772644
v -720.7242429256439 -1800.284993648529 -1864.100706577301
v -891.7718768119812 -1775.6724178791046 -1876.3256311416626
v -1058.9146196842194 -1739.17778134346 -1882.0434093475342
v -1220.8549082279205 -1691.0880148410797 -1881.0586869716644
v -1376.417052745819 -1632.1022808551788 -1873.589026927948
v -1524.6197581291199 -1563.289201259613 -1860.2714896202087
v -1664.7216379642487 -1485.9860956668854 -1842.1080708503723
v -1796.255487203598 -1401.6975343227386 -1820.4130589962006
v -1919.0267741680145 -1311.9767546653748 -1796.735441684723
v -2033.1006169319153 -1218.3024168014526 -1772.762393951416
v -2138.7483179569244 -1121.9663262367249 -1750.2046704292297
v -2236.3889634609222 -1023.9924132823944 -1730.7035207748413
v -2326.508128643036 -925.0748366117477 -1715.7166302204132
v -2409.5774054527283 -825.5585849285126 -1706.4355909824371
v -2485.9755754470825 -725.4538714885712 -1703.7154376506805
v -2555.921709537506 -624.4875431060791 -1708.0277621746063
v -2619.425404071808 -522.1779316663742 -1719.442754983902
v -2676.2653946876526 -417.9286241531372 -1737.6367449760437
v -2725.9848952293396 -311.13628447055817 -1761.928391456604
v -2767.924225330353 -201.28344669938087 -1791.334891319275
v -2801.259469985962 -88.02825808525085 -1824.646556377411
v -2825.073218345642 28.7342457100749 -1860.5160593986511
v -2837.451958656311 148.7496629357338 -1895.6428050994873
v -2836.9266271591187 271.20440751314163 -1927.4993896484375
v -2823.430871963501 395.15960961580276 -1956.1435282230377
v -2797.1344113349915 519.7318226099014 -1981.9455027580261
v -2758.384907245636 644.1474437713623 -2005.4924726486206
v -2707.641613483429 767.7706807851791 -2027.4934709072113
v -2645.4145073890686 890.1024550199509 -2048.6904323101044
v -2572.216033935547 1010.7571303844452 -2069.7873175144196
v -2488.52436542511 1129.426869750023 -2091.387325525284
v -2394.7606444358826 1245.83899974823 -2113.953274488449
v -2291.286516189575 1359.7073435783386 -2137.7826511859894
v -2178.404676914215 1470.6995248794556 -2163.0007565021515
v -2056.381219625473 1578.3997476100922 -2189.562076330185
v -1925.4675686359406 1682.2970747947693 -2217.273038625717
v -1785.9270751476288 1781.7741870880127 -2245.8098351955414
v -1638.0577743053436 1876.116704940796 -2274.746251106262
v -1482.222819328308 1964.5164787769318 -2303.568744659424
v -1318.861037492752 2046.0939347743988 -2331.703042984009
v -1148.50612282753 2119.9110984802246 -2358.515238761902
v -971.7963695526123 2184.9844813346863 -2383.3182334899902
v -789.4802927970886 2240.304684638977 -2405.366802215576
v -602.4288982152939 2284.8450362682343 -2423.8515615463257
v -411.6445928812027 2317.573928833008 -2437.8825187683105
v -218.26320737600327 2337.4789476394653 -2446.4866042137146
v -23.56112664565444 2343.5885310173035 -2448.6030101776123
v 171.20784148573875 2338.9979124069214 -2448.572301864624
v 365.3665825724602 2327.1044731140137 -2451.0470628738403
v 558.3249062299728 2307.4374437332153 -2455.3717255592346
v 749.4135528802872 2279.561561346054 -2460.91046333313
v 937.892472743988 2243.1013345718384 -2467.062270641327
v 1122.9622215032578 2197.7644860744476 -2473.2672691345215
v 1303.7802398204803 2143.3632016181946 -2479.025900363922
v 1479.4774413108826 2079.8287987709045 -2483.9041352272034
v 1649.1755545139313 2007.2188556194305 -2487.5384092330933
v 1812.0098114013672 1925.7140576839447 -2489.636993408203
v 1967.1342253684998 1835.6191575527191 -2489.9725914001465
v 2113.7431144714355 1737.3463869094849 -2488.3768558502197
v 2251.0768592357635 1631.4038038253784 -2484.725308418274
v 2378.4276604652405 1518.3824062347412 -2478.927195072174
v 2495.14502286911 1398.9381730556488 -2470.907938480377
v 2600.6352066993713 1273.7864434719086 -2460.603654384613
v 2694.363284111023 1143.6938971281052 -2447.952377796173
v 2775.8631467819214 1009.4717681407928 -2432.898449897766
v 2844.742441177368 871.9694018363953 -2415.3985500335693
v 2900.691342353821 732.074049115181 -2395.433485507965
v 2943.4995532035828 590.7014757394791 -2373.0342388153076
v 2973.0708360671997 448.77899736166 -2348.3025312423706
v 2989.4463181495667 307.2337582707405 -2321.4563369750977
v 2992.812991142273 166.94795414805412 -2292.841124534607
v 3204.3727040290833 28.734080772846937 -2137.0058953762054
v 3176.389479637146 -116.25115126371384 -2099.7362852096558
v 3130.945563316345 -255.88382109999657 -2053.788012266159
v 3070.31227350235 -388.7800946831703 -2002.3041546344757
v 2996.634531021118 -514.1923651099205 -1948.0857491493225
v 2911.806106567383 -631.887698173523 -1893.4782803058624
v 2817.427670955658 -742.0163452625275 -1840.3579711914062
v 2714.782392978668 -844.9748754501343 -1790.1242434978485
v 2604.841697216034 -941.2797093391418 -1743.7231600284576
v 2488.325035572052 -1031.481060385704 -1701.7361223697662
v 2365.746223926544 -1116.0954177379608 -1664.4489645957947
v 2237.4830842018127 -1195.5836117267609 -1631.9549083709717
v 2103.823232650757 -1270.3331291675568 -1604.2185842990875
v 1965.0167226791382 -1340.6835436820984 -1581.167334318161
v 1821.2972939014435 -1406.9353580474854 -1562.7300083637238
v 1672.8988230228424 -1469.374132156372 -1548.8758981227875
v 1520.0558722019196 -1528.276240825653 -1539.62282538414
v 1362.9956007003784 -1583.9068174362183 -1535.0298762321472
v 1201.9298136234283 -1636.5041255950928 -1535.1788938045502
v 1037.0483815670013 -1686.2517297267914 -1540.142810344696
v 868.5134142637253 -1733.2451820373535 -1549.9491810798645
v 696.4698851108551 -1777.452403306961 -1564.5465970039368
v 521.0560157895088 -1818.6816036701202 -1583.769452571869
v 342.4304887652397 -1856.5605819225311 -1607.3213577270508
v 160.79782620072365 -1890.5298709869385 -1634.7636222839355
v -23.561293724924326 -1919.85781788826 -1665.5232071876526
v -210.2050170302391 -1942.4126625061035 -1697.3893880844116
v -398.28914999961853 -1955.3463459014893 -1727.2725522518158
v -586.638930439949 -1956.9274127483368 -1753.3145725727081
v -773.8482534885406 -1945.79496383667 -1773.9232778549194
v -958.3574384450912 -1921.0765540599823 -1787.8707468509674
v -1138.5530650615692 -1882.4708580970764 -1794.3772077560425
v -1312.8771662712097 -1830.2656292915344 -1793.1518912315369
v -1479.928743839264 -1765.3128862380981 -1784.413456916809
v -1638.5573327541351 -1688.954472541809 -1768.8769698143005
v -1787.9340827465057 -1602.9086828231812 -1747.717708349228
v -1927.5912404060364 -1509.1146647930145 -1722.4853456020355
v -2057.4255764484406 -1409.5766842365265 -1695.0189530849457
v -2177.6752173900604 -1306.1913907527924 -1667.3227965831757
v -2288.8460278511047 -1200.594961643219 -1641.4266407489777
v -2391.626751422882 -1094.0479457378387 -1619.2626416683197
v -2486.773717403412 -987.3530089855194 -1602.5255143642426
v -2574.999523162842 -880.8345764875412 -1592.5730049610138
v -2656.8593859672546 -774.3595331907272 -1590.3293788433075
v -2732.6598405838013 -667.4170792102814 -1596.2348341941833
v -2802.390742301941 -559.227579832077 -1610.218358039856
v -2865.701138973236 -448.88188391923904 -1631.7174673080444
v -2921.894061565399 -335.49236357212067 -1659.7163200378418
v -2969.9841022491455 -218.33075881004333 -1692.835783958435
v -3008.757185935974 -96.94928862154484 -1729.4188439846039
v -3036.8802428245544 28.73425856232643 -1767.6604270935059
v -3052.0087480545044 158.305174857378 -1804.000836610794
v -3052.5200963020325 290.69411009550095 -1836.0068500041962
v -3038.419497013092 424.71522986888885 -1863.8686120510101
v -3010.014307498932 559.2843696475029 -1888.1325662136078
v -2967.8342461586 693.4902191162109 -1909.5942497253418
v -2912.531590461731 826.6233682632446 -1929.1691541671753
v -2844.802486896515 958.1696927547455 -1947.7947056293488
v -2765.32142162323 1087.774607539177 -1966.3444459438324
v -2674.6896743774414 1215.185523033142 -1985.5494797229767
v -2573.4070777893066 1340.190976858139 -2005.9540569782257
v -2461.8717432022095 1462.5485241413116 -2027.8863728046417
v -2340.388011932373 1581.942719221115 -2051.461035013199
v -2209.2005908489227 1697.9373395442963 -2076.587015390396
v -2068.528825044632 1809.9623620510101 -2103.002882003784
v -1918.6053574085236 1917.3086166381836 -2130.3064107894897
v -1759.7101271152496 2019.1484868526459 -2157.998865842819
v -1592.208343744278 2114.550167322159 -2185.514199733734
v -1416.5618658065796 2202.511250972748 -2212.2433185577393
v -1233.3482563495636 2281.98025226593 -2237.547516822815
v -1043.2690769433975 2351.876211166382 -2260.759711265564
v -847.1496820449829 2411.1048698425293 -2281.1781346797943
v -645.9486097097397 2458.5670351982117 -2298.0467319488525
v -440.76477885246277 2493.1613206863403 -2310.535144805908
v -232.8382432460785 2513.7975811958313 -2317.7178740501404
v -23.56112450361252 2519.408428668976 -2318.5585141181946
v 185.70048585534096 2513.44553232193 -2317.293441295624
v 394.22797560691833 2499.7644305229187 -2318.553304672241
v 601.4138102531433 2477.9316425323486 -2321.7965960502625
v 806.5735131502151 2447.5276708602905 -2326.4787912368774
v 1008.9502066373825 2408.168113231659 -2332.063865661621
v 1207.721894979477 2359.5357418060303 -2338.033890724182
v 1402.0155847072601 2301.403534412384 -2343.907678127289
v 1590.9218847751617 2233.6535930633545 -2349.249279499054
v 1773.5115945339203 2156.291949748993 -2353.674292564392
v 1948.858255147934 2069.4478809833527 -2356.8517804145813
v 2116.041988134384 1973.3806252479553 -2358.503997325897
v 2274.1754055023193 1868.4645771980286 -2358.3984375
v 2422.4068999290466 1755.1849007606506 -2356.3374161720276
v 2559.928596019745 1634.123545885086 -2352.1492958068848
v 2685.9873175621033 1505.947732925415 -2345.6775188446045
v 2799.8819828033447 1371.404606103897 -2336.772382259369
v 2900.9748458862305 1231.3182175159454 -2325.294327735901
v 2988.701093196869 1086.580753326416 -2311.114490032196
v 3062.5852942466736 938.148421049118 -2294.1322445869446
v 3122.2531914711 787.0390504598618 -2274.2894649505615
v 3167.4588441848755 634.3177676200867 -2251.6046583652496
v 3198.1043696403503 481.07187300920486 -2226.1949002742767
v 3214.2627000808716 328.3879816532135 -2198.313671350479
v 3216.1954045295715 177.2966556251049 -2168.3760821819305
v 3407.958674430847 28.734080772846937 -1995.968371629715
v 3375.3223180770874 -124.9884631484747 -1956.7411065101624
v 3323.5475540161133 -272.3941147327423 -1908.4681868553162
v 3255.597734451294 -411.9900271296501 -1854.852569103241
v 3174.177384376526 -543.1045159697533 -1799.1071105003357
v 3081.6016912460327 -665.7083809375763 -1743.861347436905
v 2979.7191858291626 -780.2106320858002 -1691.109949350357
v 2869.91229057312 -887.2644037008286 -1642.233693599701
v 2753.1362533569336 -987.6008689403534 -1598.062801361084
v 2630.012369155884 -1081.9170653820038 -1558.9905858039856
v 2500.9042024612427 -1170.7959711551666 -1525.0668108463287
v 2366.03000164032 -1254.6925902366638 -1496.137112379074
v 2225.539880990982 -1333.9469075202942 -1471.951299905777
v 2079.576963186264 -1408.8221371173859 -1452.2541105747223
v 1928.31329703331 -1479.547357559204 -1436.8496417999268
v 1771.9595909118652 -1546.3593244552612 -1425.6397366523743
v 1610.7606887817383 -1609.523582458496 -1418.6334431171417
v 1444.9721276760101 -1669.3362474441528 -1415.9298777580261
v 1274.8386144638062 -1726.1011123657227 -1417.6851868629456
v 1100.5753815174103 -1780.0905764102936 -1424.0693628787994
v 922.3542034626007 -1831.49094581604 -1435.2115452289581
v 740.3099089860916 -1880.3470492362976 -1451.1550545692444
v 554.5511767268181 -1926.4993131160736 -1471.801871061325
v 365.1961788535118 -1969.5485293865204 -1496.8859016895294
v 172.4074363708496 -2008.8288486003876 -1525.9454250335693
v -23.561302293092012 -2043.416690826416 -1558.3237767219543
v -222.27540612220764 -2071.1748123168945 -1592.133766412735
v -422.87787199020386 -2088.949304819107 -1624.4006633758545
v -624.088129401207 -2094.3560242652893 -1652.8589069843292
v -824.304136633873 -2085.5001032352448 -1675.5726397037506
v -1021.7062205076218 -2061.1257910728455 -1691.0393476486206
v -1214.3902599811554 -2020.7265377044678 -1698.2885658740997
v -1400.5078613758087 -1964.5570576190948 -1696.9131350517273
v -1578.4071505069733 -1893.6234593391418 -1687.11416721344
v -1746.750259399414 -1809.5680892467499 -1669.6669101715088
v -1904.6121001243591 -1714.5339488983154 -1645.890998840332
v -2051.5383541584015 -1610.9639942646027 -1617.5616204738617
v -2187.5425934791565 -1501.381516456604 -1586.7866814136505
v -2313.0779027938843 -1388.1654500961304 -1555.8701276779175
v -2428.9398193359375 -1273.3503580093384 -1527.1504521369934
v -2536.1485719680786 -1158.4669947624207 -1502.84304022789
v -2635.7937574386597 -1044.4370210170746 -1484.8785400390625
v -2728.8777828216553 -931.5409243106842 -1474.7682392597198
v -2816.1678075790405 -819.4578438997269 -1473.5001504421234
v -2898.064959049225 -707.3727071285248 -1481.4686834812164
v -2974.523174762726 -594.1331297159195 -1498.449146747589
v -3045.009171962738 -478.4415140748024 -1523.6140608787537
v -3108.509850502014 -359.06490087509155 -1555.5908739566803
v -3163.6013865470886 -235.02430841326714 -1592.5536751747131
v -3208.5586309432983 -105.76464794576168 -1632.3580920696259
v -3241.500425338745 28.73427141457796 -1672.687977552414
v -3259.6797466278076 167.82788783311844 -1709.889316558838
v -3261.4377975463867 310.14888882637024 -1741.8182849884033
v -3246.8587517738342 454.2349323630333 -1768.774563074112
v -3216.407895088196 598.7788587808609 -1791.4629340171814
v -3170.813727378845 742.7142053842545 -1810.8490645885468
v -3110.9519839286804 885.2525979280472 -1828.0369460582733
v -3037.7323985099792 1025.869870185852 -1844.1407144069672
v -2952.010416984558 1164.2494797706604 -1860.1799130439758
v -2854.521119594574 1300.2031326293945 -1876.9899725914001
v -2745.8449482917786 1433.5846900939941 -1895.17422914505
v -2626.410722732544 1564.1935884952545 -1915.0693774223328
v -2496.5112686157227 1691.7142450809479 -1936.7508172988892
v -2356.357157230377 1815.6635522842407 -1960.0582897663116
v -2206.1222195625305 1935.3774428367615 -1984.638375043869
v -2046.0066080093384 2050.0184297561646 -2009.998095035553
v -1876.2761414051056 2158.611112833023 -2035.5597496032715
v -1697.312206029892 2260.0772738456726 -2060.7057452201843
v -1509.621900320053 2353.285503387451 -2084.812319278717
v -1313.8554453849792 2437.086296081543 -2107.2672247886658
v -1110.8067333698273 2510.3420734405518 -2127.471101284027
v -901.4025658369064 2571.936094760895 -2144.821709394455
v -686.7074519395828 2620.7806825637817 -2158.694738149643
v -467.9211065173149 2655.8018684387207 -2168.4007585048676
v -246.37869000434875 2675.939393043518 -2173.160409927368
v -23.561122361570597 2680.1412224769592 -2172.0667004585266
v 199.0836039185524 2672.0142126083374 -2168.9935386180878
v 420.79210579395294 2655.7056307792664 -2168.298763036728
v 640.9444570541382 2630.9481501579285 -2169.661992788315
v 858.8638067245483 2597.4385261535645 -2172.7191150188446
v 1073.8117843866348 2554.8688530921936 -2177.076679468155
v 1284.9866151809692 2502.941918373108 -2182.3138177394867
v 1491.530591249466 2441.413974761963 -2188.01007270813
v 1692.5344586372375 2370.107626914978 -2193.7437534332275
v 1887.0522916316986 2288.944458961487 -2199.1130471229553
v 2074.118012189865 2197.9466795921326 -2203.7336885929108
v 2252.7463495731354 2097.2593307495117 -2207.2438955307007
v 2421.9602584838867 1987.1468603610992 -2209.305876493454
v 2580.795443058014 1867.9950416088104 -2209.5984280109406
v 2728.311049938202 1740.3109729290009 -2207.8147411346436
v 2863.605570793152 1604.718691110611 -2203.6597967147827
v 2985.8238339424133 1461.9620501995087 -2196.8510508537292
v 3094.1737294197083 1312.9055440425873 -2187.126386165619
v 3187.949514389038 1158.5282742977142 -2174.2563128471375
v 3266.5606021881104 999.9196320772171 -2158.0712497234344
v 3329.552948474884 838.2682621479034 -2138.480579853058
v 3376.645517349243 674.8367697000504 -2115.507608652115
v 3407.7598929405212 510.9230265021324 -2089.321231842041
v 3423.04550409317 347.818461060524 -2060.2677404880524
v 3422.8960752487183 186.73209324479103 -2028.892344236374
v 3592.8388953208923 28.734080772846937 -1841.8991446495056
v 3554.9363374710083 -132.61299282312393 -1800.9257555007935
v 3496.3138937950134 -286.5693770349026 -1750.789225101471
v 3420.7566380500793 -431.57624155282974 -1695.7312762737274
v 3331.6235661506653 -567.1150922775269 -1639.35849070549
v 3231.683361530304 -693.4475839138031 -1584.536612033844
v 3123.02885055542 -811.3245964050293 -1533.3346128463745
v 3007.1011304855347 -921.7219412326813 -1487.0743215084076
v 2884.7649693489075 -1025.617554783821 -1446.4125394821167
v 2756.452751159668 -1123.852351307869 -1411.4975988864899
v 2622.2927927970886 -1217.0422792434692 -1382.0965826511383
v 2482.2672724723816 -1305.5846273899078 -1357.7731311321259
v 2336.3276600837708 -1389.6983981132507 -1338.0267262458801
v 2184.474092721939 -1469.4995701313019 -1322.4004447460175
v 2026.8002033233643 -1545.0836956501007 -1310.5649948120117
v 1863.4997010231018 -1616.5914297103882 -1302.355456352234
v 1694.842517375946 -1684.2471897602081 -1297.7747082710266
v 1521.1369693279266 -1748.3669698238373 -1296.9684779644012
v 1342.6886320114136 -1809.326809644699 -1300.1788675785065
v 1159.7623646259308 -1867.503982782364 -1307.6788246631622
v 972.5606501102448 -1923.2036530971527 -1319.711410999298
v 781.2217444181442 -1976.5696287155151 -1336.4201605319977
v 585.8337968587875 -2027.5021076202393 -1357.788348197937
v 386.4759087562561 -2075.5861163139343 -1383.5886776447296
v 183.2688570022583 -2120.0517535209656 -1413.3507907390594
v -23.5613108612597 -2159.759521484375 -1446.3415265083313
v -233.59243050217628 -2192.7429914474487 -1481.1152637004852
v -445.9843009710312 -2215.6433045864105 -1514.931559562683
v -659.3704044818878 -2225.3113508224487 -1545.1462090015411
v -871.9543218612671 -2219.21369433403 -1569.4951593875885
v -1081.646516919136 -2195.6347823143005 -1586.221593618393
v -1286.2292051315308 -2153.790730237961 -1594.1531121730804
v -1483.5391640663147 -2093.870860338211 -1592.760682106018
v -1671.6441690921783 -2017.016726732254 -1582.1975708007812
v -1848.9989340305328 -1925.1868069171906 -1563.27206492424
v -2014.5717144012451 -1820.9832191467285 -1537.410318851471
v -2167.9202556610107 -1707.40208029747 -1506.5625846385956
v -2309.1957688331604 -1587.5495910644531 -1473.0681777000427
v -2439.1050934791565 -1464.3605887889862 -1439.5022094249725
v -2558.786904811859 -1340.3261482715607 -1408.482563495636
v -2669.6507692337036 -1217.2865748405457 -1382.4833154678345
v -2773.183023929596 -1096.2984949350357 -1363.6548697948456
v -2870.732641220093 -977.5888621807098 -1353.6569833755493
v -2963.316833972931 -860.6110960245132 -1353.5393595695496
v -3051.4527082443237 -744.1871076822281 -1363.6544585227966
v -3135.0459456443787 -626.7186254262924 -1383.6295306682587
v -3213.3373379707336 -506.44348561763763 -1412.3786807060242
v -3284.921979904175 -381.7176625132561 -1448.1737434864044
v -3347.835636138916 -251.26917734742165 -1488.7458682060242
v -3399.710202217102 -114.42618295550346 -1531.448519229889
v -3437.976050376892 28.73428426682949 -1573.4362423419952
v -3459.5354795455933 177.2717222571373 -1611.1206889152527
v -3462.8273010253906 329.4897451996803 -1642.7986443042755
v -3448.0053305625916 483.62823724746704 -1668.839704990387
v -3415.688669681549 638.1342351436615 -1690.052843093872
v -3366.819131374359 791.7699128389359 -1707.5382113456726
v -3302.5126338005066 943.6580270528793 -1722.5464880466461
v -3223.911964893341 1093.260771036148 -1736.3339722156525
v -3132.070529460907 1240.3023183345795 -1750.036597251892
v -3027.8687238693237 1384.6642911434174 -1764.5754754543304
v -2911.969792842865 1526.2640237808228 -1780.5875301361084
v -2784.825587272644 1664.9317979812622 -1798.3964323997498
v -2646.7050790786743 1800.3285884857178 -1818.0179476737976
v -2497.7672934532166 1931.888347864151 -1839.2017483711243
v -2338.134241104126 2058.8064908981323 -1861.4866614341736
v -2167.9696083068848 2180.0695061683655 -1884.2775762081146
v -1987.5351011753082 2294.5129454135895 -1906.9152235984802
v -1797.2496688365936 2400.882840156555 -1928.7377297878265
v -1597.6971805095673 2497.912883758545 -1949.1235256195068
v -1389.638489484787 2584.3809127807617 -1967.5193130970001
v -1173.996901512146 2659.1397523880005 -1983.433485031128
v -951.8359661102295 2721.135449409485 -1996.4210450649261
v -724.3475496768951 2769.3949341773987 -2006.0491979122162
v -492.8412452340126 2803.0068278312683 -2011.856633424759
v -258.7341420352459 2821.085798740387 -2013.2988274097443
v -23.561120219528675 2822.7484345436096 -2009.709519147873
v 211.18865981698036 2811.475193500519 -2004.3399512767792
v 444.6994185447693 2791.456663608551 -2001.0255098342896
v 676.3418883085251 2762.7663254737854 -1999.7712671756744
v 905.4753243923187 2725.3731966018677 -2000.4918158054352
v 1131.4257204532623 2679.1495084762573 -2003.0083894729614
v 1353.470402956009 2623.899495601654 -2007.0643544197083
v 1570.8271324634552 2559.390103816986 -2012.3379588127136
v 1782.6453983783722 2485.378682613373 -2018.4485018253326
v 1988.0088865756989 2401.6543865203857 -2024.977445602417
v 2185.943019390106 2308.0642223358154 -2031.4738988876343
v 2375.408923625946 2204.5434832572937 -2037.463253736496
v 2555.3308486938477 2091.1406993865967 -2042.4573302268982
v 2724.5986342430115 1968.0375158786774 -2045.9568440914154
v 2882.0906043052673 1835.571312904358 -2047.462511062622
v 3026.694130897522 1694.2460358142853 -2046.4817643165588
v 3157.3278427124023 1544.751524925232 -2042.5449311733246
v 3272.9764461517334 1387.971192598343 -2035.224288702011
v 3372.732400894165 1224.980103969574 -2024.1588771343231
v 3455.8425307273865 1057.0360660552979 -2009.0943932533264
v 3521.749973297119 885.5560481548309 -1989.9108827114105
v 3570.1443552970886 712.0712161064148 -1966.6646897792816
v 3601.002097129822 538.162225484848 -1939.6186172962189
v 3614.6121859550476 365.38659781217575 -1909.2720866203308
v 3611.5844011306763 195.17221823334694 -1876.3673067092896
v 3758.0348134040833 28.734080772846937 -1677.2907972335815
v 3714.195680618286 -139.06681090593338 -1634.9152445793152
v 3648.1662273406982 -298.2849583029747 -1583.4855377674103
v 3564.6939039230347 -447.3446860909462 -1527.7378857135773
v 3467.8919792175293 -585.9665006399155 -1471.6339349746704
v 3361.013340950012 -714.7959619760513 -1418.2135343551636
v 3246.397578716278 -835.0214064121246 -1369.5910334587097
v 3125.488805770874 -948.0070233345032 -1326.9800961017609
v 2998.9845395088196 -1055.015555024147 -1290.834218263626
v 2867.0279026031494 -1157.0248007774353 -1261.0150754451752
v 2729.4192910194397 -1254.6516001224518 -1236.986780166626
v 2585.8206391334534 -1348.1726706027985 -1218.0124700069427
v 2435.9196543693542 -1437.6110434532166 -1203.3270418643951
v 2279.5370221138 -1522.8641748428345 -1192.2743797302246
v 2116.6730165481567 -1603.82719039917 -1184.3905687332153
v 1947.5046217441559 -1680.4939210414886 -1179.446393251419
v 1772.3455011844635 -1753.018593788147 -1177.4441838264465
v 1591.581016778946 -1821.7236459255219 -1178.5784721374512
v 1405.6018769741058 -1887.0561301708221 -1183.1722438335419
v 1214.748203754425 -1949.5116293430328 -1191.6009902954102
v 1019.27210688591 -2009.5254063606262 -1204.21182513237
v 819.3308293819427 -2067.357659339905 -1221.2428748607635
v 615.0012791156769 -2122.969728708267 -1242.7465081214905
v 406.332328915596 -2175.936084985733 -1268.5355961322784
v 193.4090606868267 -2225.366735458374 -1298.1299102306366
v -23.561317287385464 -2269.8867976665497 -1330.7340502738953
v -244.16692033410072 -2307.918906211853 -1365.4452741146088
v -467.6171079277992 -2336.0808968544006 -1399.9000012874603
v -692.4853444099426 -2350.3413438796997 -1431.1218559741974
v -916.7921602725983 -2347.439956665039 -1456.5717816352844
v -1138.171473145485 -2325.103771686554 -1474.2512702941895
v -1354.0792226791382 -2282.213991880417 -1482.809567451477
v -1562.0128870010376 -2218.8402593135834 -1481.5841138362885
v -1759.7306907176971 -2136.218309402466 -1470.646470785141
v -1945.4529225826263 -2036.6178154945374 -1450.79505443573
v -2118.0222630500793 -1923.1207132339478 -1423.5127747058868
v -2277.001941204071 -1799.3158996105194 -1390.8662736415863
v -2422.6901292800903 -1668.9533531665802 -1355.3674638271332
v -2556.07168674469 -1535.5816662311554 -1319.7987377643585
v -2678.6707878112793 -1402.21409201622 -1287.0092511177063
v -2792.3452854156494 -1271.0542261600494 -1259.6973598003387
v -2899.0341901779175 -1143.320119380951 -1240.2005970478058
v -3000.4944562911987 -1019.1933482885361 -1230.3201973438263
v -3098.0429768562317 -897.8795409202576 -1231.1690628528595
v -3192.343270778656 -777.7942717075348 -1243.0793642997742
v -3283.2549571990967 -656.8302512168884 -1265.5568897724152
v -3369.7734355926514 -532.6922729611397 -1297.300237417221
v -3450.034272670746 -403.25669944286346 -1336.2594902515411
v -3521.4491963386536 -266.9119954109192 -1379.7745406627655
v -3580.8821201324463 -122.84942865371704 -1424.7267127037048
v -3624.9334692955017 28.7342949770391 -1467.763590812683
v -3650.217652320862 186.5497626364231 -1505.4949223995209
v -3655.402147769928 348.55450093746185 -1536.7451548576355
v -3640.6725764274597 512.6763477921486 -1561.8908762931824
v -3606.7829370498657 677.0954757928848 -1581.7843794822693
v -3554.88862991333 840.3835028409958 -1597.60861992836
v -3486.350965499878 1001.5572488307953 -1610.7077717781067
v -3402.5638818740845 1160.057520866394 -1622.4419116973877
v -3304.797112941742 1315.649551153183 -1634.0378642082214
v -3194.0884351730347 1468.2834386825562 -1646.4740455150604
v -3071.186089515686 1617.938208580017 -1660.4057490825653
v -2936.5583777427673 1764.4589483737946 -1676.1249780654907
v -2790.4372572898865 1907.4567317962646 -1693.5770332813263
v -2632.9181432724 2046.2373316287994 -1712.407124042511
v -2464.0594363212585 2179.8060178756714 -1732.0415258407593
v -2283.987808227539 2306.91841840744 -1751.7781972885132
v -2092.9746985435486 2426.171135902405 -1770.879179239273
v -1891.5017068386078 2536.105799674988 -1788.6472284793854
v -1680.267310142517 2635.3180527687073 -1804.4829845428467
v -1460.184395313263 2722.5324034690857 -1817.9107427597046
v -1232.3518812656403 2796.6556906700134 -1828.5814702510834
v -998.0079710483551 2856.7855834960938 -1836.2449765205383
v -758.5004031658173 2902.1976947784424 -1840.7179713249207
v -515.2559831738472 2932.2871804237366 -1841.8181240558624
v -269.76046562194824 2946.5218544006348 -1839.3166303634644
v -23.561118077486753 2944.372272491455 -1832.8726828098297
v 221.859472990036 2928.838801383972 -1824.8978435993195
v 465.6191483139992 2903.8304448127747 -1818.4755563735962
v 707.0793330669403 2869.9904322624207 -1814.034640789032
v 945.6666111946106 2827.7464866638184 -1811.845850944519
v 1180.8273077011108 2777.2993087768555 -1812.0181739330292
v 1411.9879722595215 2718.64972114563 -1814.512950181961
v 1638.517713546753 2651.6230702400208 -1819.1485345363617
v 1859.699547290802 2575.9114503860474 -1825.6144165992737
v 2074.706679582596 2491.124153137207 -1833.4845185279846
v 2282.5967490673065 2396.837294101715 -1842.2307670116425
v 2482.2941422462463 2292.6645517349243 -1851.24351978302
v 2672.611927986145 2178.304874897003 -1859.847742319107
v 2852.258574962616 2053.6030769348145 -1867.3232972621918
v 3019.866466522217 1918.6038494110107 -1872.9257822036743
v 3174.0320682525635 1773.5916554927826 -1875.9158670902252
v 3313.359797000885 1619.1348731517792 -1875.5886316299438
v 3436.5212440490723 1456.1073184013367 -1871.3120877742767
v 3542.3264622688293 1285.6879711151123 -1862.5666618347168
v 3629.7988176345825 1109.3458265066147 -1848.997014760971
v 3698.2484698295593 928.7986308336258 -1830.4578304290771
v 3747.3395466804504 745.9343284368515 -1807.055902481079
v 3777.146899700165 562.7076610922813 -1779.1881084442139
v 3788.178861141205 381.02096766233444 -1747.5571751594543
v 3781.366276741028 202.571739256382 -1713.1619453430176
v 3903.091013431549 28.734080772846937 -1504.8980295658112
v 3852.627384662628 -144.33957561850548 -1461.6555154323578
v 3778.6184310913086 -307.51760452985764 -1409.6700429916382
v 3686.9154572486877 -459.25728380680084 -1354.0867626667023
v 3582.470726966858 -599.5990037918091 -1299.1362929344177
v 3469.0885066986084 -729.6788692474365 -1248.0053067207336
v 3349.3348598480225 -851.2128442525864 -1202.7951300144196
v 3224.6124982833862 -966.0273879766464 -1164.5901501178741
v 3095.3612089157104 -1075.7010996341705 -1133.612659573555
v 2961.34272813797 -1181.3515424728394 -1109.4397336244583
v 2821.9297289848328 -1283.5584044456482 -1091.2312120199203
v 2676.3816475868225 -1382.420390844345 -1077.9589146375656
v 2524.062657356262 -1477.6969075202942 -1068.6127573251724
v 2364.5719051361084 -1568.9940929412842 -1062.3472332954407
v 2197.7997183799744 -1655.9457778930664 -1058.5799127817154
v 2023.9099204540253 -1738.3560597896576 -1057.0273607969284
v 1843.2719707489014 -1816.2763476371765 -1057.6914966106415
v 1656.3678801059723 -1890.0226354599 -1060.8123660087585
v 1463.6950135231018 -1960.1094245910645 -1066.7828023433685
v 1265.6856179237366 -2027.1430671215057 -1076.0583579540253
v 1062.6590460538864 -2091.6957795619965 -1089.0714854002
v 854.8022210597992 -2154.1279733181 -1106.1254292726517
v 642.1939700841904 -2214.457333087921 -1127.3252695798874
v 424.8638018965721 -2272.2191214561462 -1152.5034129619598
v 202.87606343626976 -2326.3778924942017 -1181.1657845973969
v -23.56132371351123 -2375.2806067466736 -1212.4586522579193
v -254.03409078717232 -2418.0169820785522 -1246.1045444011688
v -487.83465921878815 -2451.430916786194 -1280.256164073944
v -723.5086232423782 -2470.5155849456787 -1311.685848236084
v -958.9105993509293 -2471.1936354637146 -1337.6406788825989
v -1191.404539346695 -2450.5645036697388 -1355.93940615654
v -1418.1082487106323 -2407.0815324783325 -1365.0612831115723
v -1636.1624956130981 -2340.6386137008667 -1364.2165303230286
v -1842.9872334003448 -2252.511513233185 -1353.3663511276245
v -2036.53843998909 -2145.2549159526825 -1333.2562446594238
v -2215.5033349990845 -2022.4235832691193 -1305.3584277629852
v -2379.4273257255554 -1888.214135169983 -1271.7751860618591
v -2528.753077983856 -1747.072559595108 -1235.1178228855133
v -2664.7533416748047 -1603.2205641269684 -1198.2975959777832
v -2789.3649339675903 -1460.2554082870483 -1164.319533109665
v -2904.933750629425 -1320.8005964756012 -1136.0421121120453
v -3013.912618160248 -1186.2896859645844 -1115.958258509636
v -3118.5218572616577 -1056.8826615810394 -1105.9858709573746
v -3220.436441898346 -931.542432308197 -1107.3093444108963
v -3320.509898662567 -808.25554728508 -1120.2664017677307
v -3418.588411808014 -684.3654632568359 -1144.2970275878906
v -3513.4145855903625 -556.9846391677856 -1177.9484033584595
v -3602.642798423767 -423.45015704631805 -1218.9385175704956
v -3682.9784870147705 -281.7531242966652 -1264.2845511436462
v -3750.4273772239685 -130.91862052679062 -1310.4906916618347
v -3800.63738822937 28.73430782929063 -1353.774744272232
v -3829.9819231033325 195.53741067647934 -1391.026532649994
v -3837.4541878700256 367.0993745326996 -1421.5987145900726
v -3823.2192397117615 541.0284146666527 -1445.814961194992
v -3788.1327986717224 715.2190923690796 -1464.511114358902
v -3733.5386276245117 888.0250513553619 -1478.8809597492218
v -3661.05192899704 1058.3385646343231 -1490.317064523697
v -3572.3315000534058 1225.566989183426 -1500.2409219741821
v -3468.885338306427 1389.5134627819061 -1509.9396765232086
v -3351.923406124115 1550.1981377601624 -1520.4304039478302
v -3222.285795211792 1707.6562464237213 -1532.3694944381714
v -3080.4534196853638 1861.7378115653992 -1546.0127592086792
v -2926.608884334564 2011.9739830493927 -1561.2277686595917
v -2760.769462585449 2157.5030088424683 -1577.558970451355
v -2582.9195261001587 2297.084903717041 -1594.3206369876862
v -2393.148458003998 2429.1857600212097 -1610.7109248638153
v -2191.750454902649 2552.1196365356445 -1625.923603773117
v -1979.294991493225 2664.188528060913 -1639.2368912696838
v -1756.6324412822723 2763.842487335205 -1650.086110830307
v -1524.873924255371 2849.7835397720337 -1658.0913841724396
v -1285.3382527828217 2921.0314869880676 -1663.0603730678558
v -1039.478451013565 2976.933777332306 -1664.9596273899078
v -788.8242453336716 3017.1339750289917 -1663.8704419136047
v -534.9308267235756 3041.500473022461 -1659.9271655082703
v -279.33774068951607 3050.0360131263733 -1653.2538652420044
v -23.561118077486753 3042.771852016449 -1643.8912570476532
v 230.972970277071 3021.823298931122 -1633.2609713077545
v 483.29500406980515 2990.4377579689026 -1623.5268473625183
v 732.7514827251434 2950.0903248786926 -1615.5997157096863
v 978.867506980896 2901.8840312957764 -1610.159683227539
v 1221.2701559066772 2846.525716781616 -1607.6548993587494
v 1459.61354970932 2784.331786632538 -1608.3052575588226
v 1693.504512310028 2715.24521112442 -1612.101435661316
v 1922.4449932575226 2638.905990123749 -1618.8325881958008
v 2145.770651102066 2554.691183567047 -1628.0772984027863
v 2362.6222014427185 2461.817455291748 -1639.2373025417328
v 2571.9127893447876 2359.447181224823 -1651.5627145767212
v 2772.332239151001 2246.7753648757935 -1664.1713559627533
v 2962.367343902588 2123.1563091278076 -1676.097148656845
v 3140.336000919342 1988.197934627533 -1686.3239765167236
v 3304.4560313224792 1841.8497920036316 -1693.835723400116
v 3452.913451194763 1684.4746232032776 -1697.6637065410614
v 3583.9614510536194 1516.8963432312012 -1696.9464480876923
v 3696.0352778434753 1340.4022336006165 -1690.9878015518188
v 3787.863552570343 1156.7177176475525 -1679.3230295181274
v 3858.5782170295715 967.9365813732147 -1661.7747366428375
v 3907.82173871994 776.4039665460587 -1638.5146975517273
v 3935.8046889305115 584.549668431282 -1610.0842833518982
v 3943.341386318207 394.7130709886551 -1577.4195492267609
v 3931.812882423401 208.92435014247894 -1541.8183326721191
v 4028.0848145484924 28.734080772846937 -1327.5198221206665
v 3970.359766483307 -148.47229421138763 -1284.1942310333252
v 3887.831175327301 -314.3550708889961 -1232.6001524925232
v 3787.591290473938 -467.4480751156807 -1178.1658291816711
v 3675.5391240119934 -608.1944525241852 -1125.3073632717133
v 3556.062400341034 -738.312292098999 -1077.2718161344528
v 3431.9539308547974 -860.1349115371704 -1036.1112982034683
v 3304.5215606689453 -976.0157465934753 -1002.7586430311203
v 3173.87934923172 -1087.8883242607117 -977.2186487913132
v 3039.3171668052673 -1197.01127409935 -958.8063418865204
v 2899.6867418289185 -1303.8960814476013 -946.4074492454529
v 2753.7729024887085 -1408.416348695755 -938.7482613325119
v 2600.555145740509 -1510.0072622299194 -934.6105217933655
v 2439.3787264823914 -1607.9279839992523 -932.9982668161392
v 2270.007711648941 -1701.5030682086945 -933.235365152359
v 2092.5891995429993 -1790.3078079223633 -934.9971860647202
v 1907.5570821762085 -1874.2705047130585 -938.2898986339569
v 1715.4990673065186 -1953.6783635616302 -943.3823376893997
v 1517.0319259166718 -2029.1042864322662 -950.7185399532318
v 1312.6919567584991 -2101.2579917907715 -960.8071118593216
v 1102.86925137043 -2170.8102643489838 -974.1201937198639
v 887.79336810112 -2238.2104873657227 -991.002431511879
v 667.5530046224594 -2303.4821033477783 -1011.5724086761475
v 442.17448234558105 -2366.07962846756 -1035.6607496738434
v 211.723330616951 -2424.767053127289 -1062.7482235431671
v -23.561330139636993 -2477.5540947914124 -1091.9246852397919
v -263.23901042342186 -2524.526298046112 -1123.586943745613
v -506.7165017127991 -2563.057827949524 -1156.5039932727814
v -752.5480628013611 -2587.102162837982 -1187.3101890087128
v -998.4468668699265 -2591.69305562973 -1213.1279289722443
v -1241.5189981460571 -2573.2244729995728 -1231.6543638706207
v -1478.5472810268402 -2529.66445684433 -1241.2501633167267
v -1706.295758485794 -2460.6244921684265 -1240.9891426563263
v -1921.8261659145355 -2367.3795223236084 -1230.7236552238464
v -2122.7945268154144 -2252.707827091217 -1211.0932290554047
v -2307.6918840408325 -2120.600664615631 -1183.4872782230377
v -2476.020050048828 -1975.8801996707916 -1149.9733358621597
v -2628.333282470703 -1823.6939132213593 -1113.1510525941849
v -2766.188108921051 -1668.9914643764496 -1075.9677410125732
v -2891.937828063965 -1516.0115599632263 -1041.4868980646133
v -3008.446264266968 -1367.8698599338531 -1012.6522034406662
v -3118.717622756958 -1226.2743771076202 -992.046719789505
v -3225.4950881004333 -1091.4173126220703 -981.6771119832993
v -3330.8720350265503 -962.0517581701279 -982.7976912260056
v -3435.9556078910828 -835.745108127594 -995.7862794399261
v -3540.6237959861755 -709.2734694480896 -1020.0760751962662
v -3643.402600288391 -579.1219741106033 -1054.1562020778656
v -3741.462743282318 -442.03588366508484 -1095.6225007772446
v -3830.7852745056152 -295.55565416812897 -1141.3061201572418
v -3906.445348262787 -138.49234953522682 -1187.456876039505
v -3963.041317462921 28.734320681542158 -1229.991728067398
v -3996.7313528060913 204.07574400305748 -1266.1158084869385
v -4006.8793535232544 384.8034366965294 -1295.6366419792175
v -3993.55605840683 568.2029753923416 -1318.7695980072021
v -3957.6629757881165 751.8604844808578 -1336.268812417984
v -3900.7163286209106 933.8867515325546 -1349.2890000343323
v -3824.5835661888123 1113.026162981987 -1359.2195749282837
v -3731.208908557892 1288.6406302452087 -1367.5041019916534
v -3622.3594546318054 1460.5682492256165 -1375.4582405090332
v -3499.438464641571 1628.9032697677612 -1384.1175734996796
v -3363.3904933929443 1793.7431633472443 -1394.1328704357147
v -3214.705777168274 1954.9332916736603 -1405.7200491428375
v -3053.507971763611 2111.905413866043 -1418.6774492263794
v -2879.7208547592163 2263.592690229416 -1432.4594497680664
v -2693.2432532310486 2408.4625840187073 -1446.28586769104
v -2494.1247940063477 2544.642162322998 -1459.2721939086914
v -2282.6888740062714 2670.1124906539917 -1470.5601036548615
v -2059.617656469345 2782.911801338196 -1479.4208228588104
v -1825.9445309638977 2881.3360571861267 -1485.3310763835907
v -1583.0186069011688 2964.0875577926636 -1488.011747598648
v -1332.4191689491272 3030.3541779518127 -1487.426233291626
v -1075.8481979370117 3079.814028739929 -1483.7465822696686
v -815.0435924530029 3112.6022815704346 -1477.3141503334045
v -551.6965717077255 3129.1990280151367 -1468.5681760311127
v -287.3875170946121 3130.3171396255493 -1457.9828560352325
v -23.561115935444832 3116.753387451172 -1445.9948241710663
v 238.45884129405022 3089.2990589141846 -1432.9680562019348
v 497.5875988602638 3050.1684427261353 -1420.084136724472
v 753.1446129083633 3001.9256830215454 -1408.7365925312042
v 1004.7799080610275 2946.5810775756836 -1400.0240683555603
v 1252.3588955402374 2885.535418987274 -1394.7464883327484
v 1495.8396255970001 2819.549286365509 -1393.394774198532
v 1735.1625323295593 2748.7847208976746 -1396.1682558059692
v 1970.1341807842255 2672.8290796279907 -1402.9617846012115
v 2200.3339767456055 2590.8011436462402 -1413.386845588684
v 2425.048089027405 2501.4739513397217 -1426.7954111099243
v 2643.2040572166443 2403.421211242676 -1442.3042058944702
v 2853.372025489807 2295.1911330223083 -1458.8431000709534
v 3053.777766227722 2175.4792988300323 -1475.203776359558
v 3242.361354827881 2043.3071553707123 -1490.1047110557556
v 3416.869568824768 1898.1578707695007 -1502.2547841072083
v 3574.9680280685425 1740.0979340076447 -1510.4251146316528
v 3714.385962486267 1569.8487162590027 -1513.5254204273224
v 3833.081269264221 1388.8001799583435 -1510.6814742088318
v 3929.407489299774 1198.96879196167 -1501.315027475357
v 4002.2714614868164 1002.897584438324 -1485.2164685726166
v 4051.2717843055725 803.4791707992554 -1462.603223323822
v 4076.79203748703 603.7258446216583 -1434.1595113277435
v 4080.0325870513916 406.50951862335205 -1401.0473132133484
v 4062.9387497901917 214.26084488630295 -1364.8505747318268
v 4133.607077598572 28.734080772846937 -1147.7813243865967
v 4068.1240677833557 -151.55722871422768 -1105.43791949749
v 3976.658809185028 -319.0043643116951 -1055.4440319538116
v 3867.656362056732 -472.25111573934555 -1003.3355206251144
v 3748.0504989624023 -612.2080564498901 -953.5811990499496
v 3622.8529810905457 -741.2529557943344 -909.4022870063782
v 3495.0825452804565 -862.4123990535736 -872.7570563554764
v 3365.9157037734985 -978.6224573850632 -844.4237023591995
v 3235.0790977478027 -1092.204761505127 -824.2181122303009
v 3101.310670375824 -1204.5567452907562 -811.240217089653
v 2962.8808856010437 -1316.1100387573242 -804.1784703731537
v 2818.0341601371765 -1426.4774978160858 -801.5813559293747
v 2665.3247356414795 -1534.733486175537 -802.0914703607559
v 2503.8129925727844 -1639.7534489631653 -804.6162009239197
v 2333.121657371521 -1740.5216813087463 -808.4230035543442
v 2153.375071287155 -1836.3623261451721 -813.1647646427155
v 1965.067172050476 -1927.057409286499 -818.8472419977188
v 1768.8965737819672 -2012.8582179546356 -825.7576406002045
v 1565.593695640564 -2094.3646609783173 -834.353706240654
v 1355.8001220226288 -2172.3663806915283 -845.1629638671875
v 1139.9783283472061 -2247.603118419647 -858.6622148752213
v 918.3993428945541 -2320.543587207794 -875.1863718032837
v 691.1729067564011 -2391.1669492721558 -894.8417484760284
v 458.33860486745834 -2458.7759613990784 -917.4331277608871
v 219.9906013906002 -2521.857690811157 -942.405703663826
v -23.56133656576276 -2578.019905090332 -968.8060104846954
v -271.8171685934067 -2628.6765575408936 -997.6812154054642
v -524.3245661258698 -2672.082483768463 -1028.4704804420471
v -779.6833127737045 -2701.1128067970276 -1057.799455523491
v -1035.4956924915314 -2709.8734498023987 -1082.7773094177246
v -1288.6313080787659 -2693.999171257019 -1101.0671943426132
v -1535.543692111969 -2650.884425640106 -1110.957944393158
v -1772.6195454597473 -2579.8089385032654 -1111.4311128854752
v -1996.5412735939026 -2481.9549798965454 -1102.2183448076248
v -2204.6264231204987 -2360.2442264556885 -1083.813989162445
v -2395.137917995453 -2219.076329469681 -1057.4762642383575
v -2567.4800992012024 -2063.84813785553 -1025.1379430294037
v -2722.2845435142517 -1900.4224717617035 -989.2909914255142
v -2861.3542675971985 -1734.4953119754791 -952.7993708848953
v -2987.445616722107 -1571.0005521774292 -918.6759233474731
v -3103.943359851837 -1413.6119484901428 -889.8470550775528
v -3214.425837993622 -1264.385175704956 -868.9053565263748
v -3322.20242023468 -1123.6201882362366 -857.8958094120026
v -3429.8454761505127 -989.92078602314 -858.1284523010254
v -3538.7895226478577 -860.4803115129471 -870.0469791889191
v -3649.017286300659 -731.5251380205154 -893.144291639328
v -3758.902323246002 -598.9034056663513 -925.9531766176224
v -3865.1774883270264 -458.73397439718246 -966.0805106163025
v -3963.1128787994385 -308.055479824543 -1010.3283107280731
v -4046.8341588974 -145.4083003103733 -1054.8645496368408
v -4109.841859340668 28.734329249709845 -1095.4816401004791
v -4148.061370849609 211.97506338357925 -1129.6961158514023
v -4161.192464828491 401.2709751725197 -1157.629919052124
v -4149.134242534637 593.584355711937 -1179.356873035431
v -4112.77916431427 786.1731857061386 -1195.5067038536072
v -4053.7917852401733 976.8784582614899 -1207.1489930152893
v -3974.2953658103943 1164.2759382724762 -1215.623939037323
v -3876.5395641326904 1347.672289609909 -1222.3565995693207
v -3762.578821182251 1526.9439935684204 -1228.6594808101654
v -3634.038484096527 1702.2736549377441 -1235.5678915977478
v -3491.9768929481506 1873.8294839859009 -1243.716013431549
v -3336.8977189064026 2041.4582133293152 -1253.2846689224243
v -3168.8555240631104 2204.483300447464 -1264.0199661254883
v -2987.6649618148804 2361.6077303886414 -1275.310343503952
v -2793.123686313629 2510.9710454940796 -1286.309677362442
v -2585.2338910102844 2650.3204345703125 -1296.0824608802795
v -2364.352011680603 2777.269148826599 -1303.7432253360748
v -2131.2826335430145 2889.5614981651306 -1308.5711479187012
v -1887.2680723667145 2985.339903831482 -1310.0949108600616
v -1633.9201033115387 3063.316535949707 -1308.1242322921753
v -1373.1079578399658 3122.8857278823853 -1302.7569949626923
v -1106.8099230527878 3164.126992225647 -1294.3434655666351
v -836.9884520769119 3187.743055820465 -1283.435982465744
v -565.4769957065582 3194.9408650398254 -1270.7308292388916
v -293.88760328292847 3187.282156944275 -1257.0044875144958
v -23.561115935444832 3166.495645046234 -1243.0441319942474
v 244.3152353167534 3131.6471934318542 -1228.2153069972992
v 508.5079684853554 3083.5667490959167 -1212.7549052238464
v 768.2911455631256 3026.1550903320312 -1198.4795153141022
v 1023.4572798013687 2962.5444650650024 -1186.8594348430634
v 1274.1556286811829 2895.0045466423035 -1179.0115416049957
v 1520.721584558487 2824.8963713645935 -1175.6927132606506
v 1763.5072648525238 2752.669322490692 -1177.2935211658478
v 2002.7133703231812 2677.9115796089172 -1183.8358998298645
v 2238.2461309432983 2599.471855163574 -1194.9900090694427
v 2469.595432281494 2515.598952770233 -1210.0809514522552
v 2695.7462549209595 2424.1841435432434 -1228.1400442123413
v 2915.1552319526672 2322.982978820801 -1247.9469060897827
v 3125.7665514945984 2209.890842437744 -1268.1004703044891
v 3325.0895500183105 2083.192867040634 -1287.0986342430115
v 3510.3270292282104 1941.7831420898438 -1303.4228444099426
v 3678.533184528351 1785.3319644927979 -1315.6232297420502
v 3826.81622505188 1614.3996238708496 -1322.4149763584137
v 3952.56484746933 1430.456554889679 -1322.7694928646088
v 4053.6744356155396 1235.8265817165375 -1316.0035192966461
v 4128.767502307892 1033.5518151521683 -1301.866453886032
v 4177.372455596924 827.1487683057785 -1280.6017696857452
v 4200.056302547455 620.3011363744736 -1252.9965043067932
v 4198.44685792923 416.49839133024216 -1220.3761875629425
v 4175.1622796058655 218.64536479115486 -1184.5652222633362
v 4220.727384090424 28.734080772846937 -967.9411739110947
v 4147.2264885902405 -153.73518839478493 -927.91748046875
v 4046.6287970542908 -321.7881962656975 -880.9995651245117
v 3928.822934627533 -474.2027387022972 -832.6153963804245
v 3801.8045783042908 -612.3923063278198 -787.099027633667
v 3671.2528467178345 -739.4483625888824 -747.5458294153214
v 3540.4003381729126 -859.1316819190979 -715.7623142004013
v 3410.281538963318 -975.0056624412537 -692.3869132995605
v 3280.1852226257324 -1089.7921025753021 -677.0860850811005
v 3148.26477766037 -1205.0406754016876 -668.8350081443787
v 3012.1630668640137 -1321.0958898067474 -666.218289732933
v 2869.5542097091675 -1437.30149269104 -667.7079856395721
v 2718.542516231537 -1552.3617029190063 -671.8977510929108
v 2557.8837513923645 -1664.7557735443115 -677.6661157608032
v 2387.045180797577 -1773.1222569942474 -684.2707335948944
v 2206.1142683029175 -1876.520711183548 -691.359144449234
v 2015.6400620937347 -1974.5856523513794 -698.939436674118
v 1816.412752866745 -2067.506128549576 -707.2906583547592
v 1609.267634153366 -2155.887258052826 -716.854926943779
v 1394.9362218379974 -2240.5508995056152 -728.1339943408966
v 1173.9463150501251 -2322.253108024597 -741.5708690881729
v 946.6086983680725 -2401.4248967170715 -757.4603646993637
v 713.0582004785538 -2477.912449836731 -775.8637607097626
v 473.36607426404953 -2550.7895827293396 -796.5490311384201
v 227.6851586997509 -2618.1882977485657 -818.9309358596802
v -23.561342991888523 -2677.2420287132263 -842.0383244752884
v -279.77514564991 -2730.9895277023315 -867.4571305513382
v -540.6631708145142 -2778.922188282013 -895.275092124939
v -804.9042969942093 -2812.8392457962036 -922.2556352615356
v -1070.0228035449982 -2825.906729698181 -945.6206172704697
v -1332.6788187026978 -2812.9653692245483 -963.0975544452667
v -1589.0171468257904 -2770.7992911338806 -972.987687587738
v -1835.0520133972168 -2698.2794165611267 -974.222394824028
v -2067.0730590820312 -2596.409797668457 -966.4257735013962
v -2282.039338350296 -2468.19189786911 -949.9402076005936
v -2477.9401421546936 -2318.3457493782043 -925.8351415395737
v -2654.03915643692 -2152.804911136627 -895.8371639251709
v -2810.9833121299744 -1978.1036734580994 -862.2201293706894
v -2950.7746815681458 -1800.68941116333 -827.6475727558136
v -3076.5315294265747 -1626.2198567390442 -794.956311583519
v -3192.1313285827637 -1458.978408575058 -766.93394780159
v -3301.7306685447693 -1301.4516174793243 -746.0865676403046
v -3409.2253923416138 -1154.128074645996 -734.4226866960526
v -3517.720055580139 -1015.5518770217896 -733.2727700471878
v -3629.043173789978 -882.6157957315445 -743.1522786617279
v -3743.379545211792 -751.0548710823059 -763.6715322732925
v -3859.0336322784424 -616.098827123642 -793.4991747140884
v -3972.3947405815125 -473.2352212071419 -830.3985714912415
v -4078.078770637512 -318.959741294384 -871.3107496500015
v -4169.320023059845 -151.48546174168587 -912.5357002019882
v -4238.522028923035 28.734339959919453 -949.9530255794525
v -4281.300902366638 219.01878267526627 -981.3549488782883
v -4297.570550441742 416.03941172361374 -1007.005575299263
v -4286.985778808594 616.4337396621704 -1026.8316984176636
v -4250.3981947898865 817.1186655759811 -1041.3282841444016
v -4189.59573507309 1015.6443446874619 -1051.4423549175262
v -4106.96542263031 1210.4027032852173 -1058.4248632192612
v -4005.0856590270996 1400.6445407867432 -1063.6400669813156
v -3886.3324999809265 1586.2983644008636 -1068.3614701032639
v -3752.5739431381226 1767.6534354686737 -1073.5945641994476
v -3605.0010323524475 1944.9740648269653 -1079.9482375383377
v -3444.130325317383 2118.123984336853 -1087.575140595436
v -3269.940161705017 2286.325067281723 -1096.1913585662842
v -3082.1174263954163 2448.042583465576 -1105.1548957824707
v -2880.3451657295227 2601.0725259780884 -1113.5972142219543
v -2664.561688899994 2742.7582144737244 -1120.5722510814667
v -2435.147285461426 2870.3199982643127 -1125.2009809017181
v -2193.03115606308 2981.192636489868 -1126.792398095131
v -1939.667695760727 3073.3526706695557 -1124.9268680810928
v -1676.9440948963165 3145.528995990753 -1119.4896459579468
v -1407.0307731628418 3197.337484359741 -1110.6747150421143
v -1132.1924686431885 3229.280436038971 -1098.950308561325
v -854.6260595321655 3242.6788568496704 -1085.0137382745743
v -576.3097643852234 3239.519190788269 -1069.731417298317
v -298.8816112279892 3222.2915530204773 -1054.0894389152527
v -23.56111379340291 3193.7594175338745 -1039.128389954567
v 248.6179806292057 3150.9613513946533 -1023.4038144350052
v 516.2383407354355 3093.062746524811 -1006.3515841960907
v 778.5051554441452 3025.497055053711 -990.0866657495499
v 1035.3581219911575 2952.686548233032 -976.3444900512695
v 1287.2612237930298 2877.9293537139893 -966.4814323186874
v 1534.974354505539 2803.296911716461 -961.4569902420044
v 1779.327118396759 2729.630410671234 -961.8297398090363
v 2020.9876954555511 2656.5717697143555 -967.7457511425018
v 2260.256588459015 2582.7042937278748 -978.9470881223679
v 2496.8907356262207 2505.7276010513306 -994.7805821895599
v 2729.9739599227905 2422.7734804153442 -1014.2464309930801
v 2957.87570476532 2330.718731880188 -1036.0547482967377
v 3178.254735469818 2226.539546251297 -1058.695274591446
v 3388.166344165802 2107.6743841171265 -1080.536836385727
v 3584.221374988556 1972.3140597343445 -1099.9193340539932
v 3762.803375720978 1819.6469962596893 -1115.2562856674194
v 3920.3307151794434 1650.0052273273468 -1125.1390844583511
v 4053.5491347312927 1464.9007260799408 -1128.4342646598816
v 4159.82813835144 1266.9553518295288 -1124.3824124336243
v 4237.437093257904 1059.7226321697235 -1112.6853555440903
v 4285.796654224396 847.3859578371048 -1093.5838252305984
v 4305.629014968872 634.3541651964188 -1067.8961157798767
v 4299.014937877655 424.8042702674866 -1037.030902504921
v 4269.273936748505 222.17229679226875 -1002.9231518507004
v 4290.954005718231 28.734080772846937 -789.7271245718002
v 4209.5306396484375 -155.19393607974052 -753.5905689001083
v 4099.972152709961 -323.1493353843689 -711.4682912826538
v 3973.5835909843445 -474.04278814792633 -668.3908343315125
v 3839.4716143608093 -609.8072558641434 -628.3789306879044
v 3703.95610332489 -734.2485815286636 -594.2523300647736
v 3570.4988718032837 -851.8780767917633 -567.6230818033218
v 3439.966332912445 -966.8804347515106 -548.9862889051437
v 3311.212682723999 -1082.3882460594177 -537.9324957728386
v 3181.80593252182 -1200.1117169857025 -533.4143981337547
v 3048.7635374069214 -1320.3196823596954 -534.0321287512779
v 2909.1901421546936 -1442.1054244041443 -538.3003443479538
v 2760.739850997925 -1563.8238549232483 -544.8676392436028
v 2601.859700679779 -1683.57914686203 -552.6631295681
v 2431.850802898407 -1799.6793270111084 -560.9828889369965
v 2250.750172138214 -1910.9318435192108 -569.4930672645569
v 2059.1341376304626 -2016.810953617096 -578.1951040029526
v 1857.8640401363373 -2117.4277007579803 -587.3393952846527
v 1647.8549599647522 -2213.360059261322 -597.320967912674
v 1429.9075067043304 -2305.4137110710144 -608.5794031620026
v 1204.5986950397491 -2394.2991971969604 -621.490877866745
v 972.2717314958572 -2480.333197116852 -636.2840592861176
v 733.0918788909912 -2563.1598234176636 -652.9669672250748
v 487.1766582131386 -2641.5340185165405 -671.2704241275787
v 234.76714342832565 -2713.175141811371 -690.6052827835083
v -23.561347275972366 -2774.670732021332 -710.0216418504715
v -287.0746076107025 -2830.9149265289307 -731.4544677734375
v -555.6451946496964 -2882.9136967658997 -755.5149108171463
v -828.0576795339584 -2921.448242664337 -779.2653232812881
v -1101.7884284257889 -2938.7696504592896 -800.171309709549
v -1373.322093486786 -2928.938055038452 -816.1421000957489
v -1638.5221004486084 -2888.1020307540894 -825.5799025297165
v -1893.0497348308563 -2814.6795511245728 -827.4348080158234
v -2132.807219028473 -2709.431743621826 -821.2617516517639
v -2354.3830513954163 -2575.3587007522583 -807.2567731142044
v -2555.46053647995 -2417.416524887085 -786.269423365593
v -2735.114312171936 -2241.9941902160645 -759.7547143697739
v -2893.952512741089 -2056.2467336654663 -729.6803086996078
v -3034.108817577362 -1867.338103055954 -698.3925133943558
v -3158.998703956604 -1681.6427409648895 -668.4216111898422
v -3272.945463657379 -1504.0924847126007 -642.291647195816
v -3380.644726753235 -1337.656855583191 -622.2986847162247
v -3486.5796327590942 -1183.1071257591248 -610.3240877389908
v -3594.411325454712 -1039.0261888504028 -607.6582908630371
v -3706.426203250885 -902.1066635847092 -614.8688495159149
v -3823.091745376587 -767.6752656698227 -631.7076295614243
v -3942.771089076996 -630.4119855165482 -657.0685148239136
v -4061.614727973938 -485.1910710334778 -688.9915883541107
v -4173.72419834137 -327.95515209436417 -724.745523929596
v -4271.513724327087 -156.5294049680233 -760.9560400247574
v -4346.402525901794 28.73434852808714 -793.845808506012
v -4393.5534954071045 224.96677041053772 -821.4433282613754
v -4412.887394428253 428.58495712280273 -843.9896732568741
v -4403.7927985191345 635.9074026346207 -861.3046377897263
v -4367.033576965332 843.4987515211105 -873.7406820058823
v -4304.528176784515 1048.6130774021149 -882.1097940206528
v -4218.93972158432 1249.4587421417236 -887.5352948904037
v -4113.197565078735 1445.2408254146576 -891.2721812725067
v -3990.0226831436157 1635.9611093997955 -894.5077270269394
v -3851.5490293502808 1822.0463573932648 -898.1827169656754
v -3699.111318588257 2003.8882374763489 -902.8632670640945
v -3533.2425594329834 2181.3999712467194 -908.680847287178
v -3353.832530975342 2353.7220001220703 -915.3482526540756
v -3160.4304790496826 2519.102716445923 -922.2394585609436
v -2952.5790691375732 2674.9942898750305 -928.5143733024597
v -2730.135178565979 2818.3379530906677 -933.2681983709335
v -2493.4832096099854 2945.9548473358154 -935.6709867715836
v -2243.659019470215 3054.960036277771 -935.0844442844391
v -1982.3145508766174 3143.1493759155273 -931.141921877861
v -1711.6007566452026 3209.2572450637817 -923.7798780202866
v -1433.9800596237183 3253.102135658264 -913.2406204938889
v -1151.998233795166 3275.5995392799377 -900.0407069921494
v -868.082058429718 3278.6668062210083 -884.92830991745
v -584.3552052974701 3265.069878101349 -868.8349604606628
v -302.4815782904625 3238.215184211731 -852.8268814086914
v -23.56111379340291 3201.938247680664 -838.0684524774551
v 251.52145847678185 3151.06965303421 -822.5922852754593
v 521.1342602968216 3082.996451854706 -805.2891790866852
v 784.3872368335724 3004.7648310661316 -788.3769184350967
v 1041.3598835468292 2922.200870513916 -773.7037599086761
v 1292.8346455097198 2839.7109389305115 -762.7332150936127
v 1540.0179207324982 2760.175311565399 -756.5364420413971
v 1784.249496459961 2684.900462627411 -755.7786732912064
v 2026.7082154750824 2613.64483833313 -760.7050955295563
v 2268.1383430957794 2544.7636246681213 -771.1415350437164
v 2508.6163759231567 2475.4289150238037 -786.5024775266647
v 2747.370493412018 2401.999580860138 -805.8337718248367
v 2982.7162623405457 2320.4325437545776 -827.8715789318085
v 3212.0522499084473 2226.7336666584015 -851.1150985956192
v 3431.991493701935 2117.429345846176 -873.9309638738632
v 3638.547670841217 1989.9355590343475 -894.6443378925323
v 3827.4213433265686 1842.8918182849884 -911.653932929039
v 3994.3103313446045 1676.3344526290894 -923.5270142555237
v 4135.279858112335 1491.7626857757568 -929.1057825088501
v 4247.123920917511 1292.0530915260315 -927.5997042655945
v 4327.709937095642 1081.2450468540192 -918.6755806207657
v 4376.282811164856 864.1746997833252 -902.5296568870544
v 4393.673312664032 645.9895312786102 -879.9383461475372
v 4382.367992401123 431.58124536275864 -852.2677570581436
v 4346.3855266571045 224.9618522822857 -821.4207082986832
v 4346.202099323273 28.734080772846937 -614.1964882612228
v 4257.4183344841 -156.16455525159836 -583.6424708366394
v 4139.521169662476 -323.6330598592758 -548.1606259942055
v 4005.19917011261 -472.7108836174011 -512.1124252676964
v 3864.5592093467712 -605.8068811893463 -478.9515256881714
v 3724.558365345001 -727.4061799049377 -451.0945960879326
v 3588.860249519348 -842.7203506231308 -429.8877641558647
v 3458.1867814064026 -956.5250843763351 -415.70350527763367
v 3330.9924006462097 -1072.3473817110062 -408.1291764974594
v 3204.3052554130554 -1192.0632600784302 -406.2048688530922
v 3074.564552307129 -1315.8942580223083 -408.67479741573334
v 2938.351249694824 -1442.7290499210358 -414.222514629364
v 2792.8999543190002 -1570.6258833408356 -421.6582790017128
v 2636.3632321357727 -1697.36909866333 -430.04463016986847
v 2467.8664445877075 -1820.9677278995514 -438.7626722455025
v 2287.382996082306 -1940.0122046470642 -447.52180725336075
v 2095.481950044632 -2053.8081645965576 -456.3103824853897
v 1893.0633068084717 -2162.3734295368195 -465.33214896917343
v 1681.0905396938324 -2266.2237346172333 -474.9078646302223
v 1460.4038774967194 -2366.0894989967346 -485.3858083486557
v 1231.6122770309448 -2462.5807762145996 -497.05575555562973
v 995.0827300548553 -2555.831778049469 -510.07039099931717
v 751.0143607854843 -2645.230531692505 -524.3921175599098
v 499.58322793245316 -2729.161834716797 -539.7390082478523
v 241.13913550972939 -2804.8778414726257 -555.5559828877449
v -23.56135156005621 -2868.4081315994263 -570.9812551736832
v -293.6204820871353 -2926.5650153160095 -588.0234092473984
v -569.0687716007233 -2982.0417761802673 -607.6122283935547
v -848.8084107637405 -3024.7000098228455 -627.2608190774918
v -1130.2942425012589 -3045.9540009498596 -644.8153495788574
v -1409.8710179328918 -3039.1425132751465 -658.4859639406204
v -1683.1566333770752 -2999.79008436203 -666.8750911951065
v -1945.4936385154724 -2925.8568048477173 -669.0332412719727
v -2192.419868707657 -2817.817282676697 -664.5025312900543
v -2420.1629996299744 -2678.6096453666687 -653.3603489398956
v -2626.089107990265 -2513.3416175842285 -636.230456829071
v -2809.046769142151 -2328.7588834762573 -614.2518043518066
v -2969.559943675995 -2132.56676197052 -589.0173852443695
v -3109.815502166748 -1932.558035850525 -562.4474972486496
v -3233.4540247917175 -1735.7957541942596 -536.6514176130295
v -3345.1664805412292 -1547.847580909729 -513.756588101387
v -3450.1272201538086 -1372.2038447856903 -495.72751820087433
v -3553.363084793091 -1209.9810123443604 -484.20449793338776
v -3659.084951877594 -1059.8981767892838 -480.35358637571335
v -3770.06973028183 -918.5609042644501 -484.747651219368
v -3887.144351005554 -781.0013711452484 -497.2782537341118
v -4008.8339924812317 -641.4410680532455 -517.1074271202087
v -4131.2066197395325 -494.2081421613693 -542.6618844270706
v -4247.985672950745 -334.70344096422195 -571.6810688376427
v -4350.974225997925 -160.33774986863136 -601.3410836458206
v -4430.722343921661 28.734352812170982 -628.4228682518005
v -4481.791639328003 229.5640379190445 -651.2030899524689
v -4503.854191303253 438.3480414748192 -669.7885423898697
v -4496.009314060211 651.0900586843491 -683.9371919631958
v -4458.965218067169 864.0163600444794 -693.8941568136215
v -4394.7672963142395 1074.0940541028976 -700.318431854248
v -4306.368207931519 1279.3663084506989 -704.167252779007
v -4197.067177295685 1479.0169537067413 -706.5311074256897
v -4069.9429869651794 1673.1524407863617 -708.4526389837265
v -3927.4065136909485 1862.3726785182953 -710.7621371746063
v -3770.9413528442383 2047.2376823425293 -713.9597088098526
v -3601.0955929756165 2227.7501940727234 -718.1579053401947
v -3417.6655173301697 2403.013777732849 -723.0965286493301
v -3220.0443625450134 2571.092164516449 -728.213095664978
v -3007.619333267212 2729.134964942932 -732.7582001686096
v -2780.1335215568542 2873.6981868743896 -735.9249949455261
v -2537.946653366089 3001.2218594551086 -736.9811415672302
v -2282.163542509079 3108.495318889618 -735.3679269552231
v -2014.596527814865 3193.1175589561462 -730.773538351059
v -1737.6248180866241 3253.79581451416 -723.1623321771622
v -1453.9698004722595 3290.5004739761353 -712.7727776765823
v -1166.43306016922 3304.4938683509827 -700.0942200422287
v -877.6548266410828 3298.208260536194 -685.8260959386826
v -589.8999065160751 3275.102174282074 -670.8451002836227
v -304.8682242631912 3239.4232273101807 -656.1641275882721
v -23.56111379340291 3195.9868669509888 -642.907389998436
v 253.2557412981987 3137.4661445617676 -628.9609491825104
v 523.7149581313133 3059.510898590088 -612.9802882671356
v 786.8109315633774 2970.7671642303467 -597.0617294311523
v 1042.7375078201294 2878.4461855888367 -582.964763045311
v 1292.5740361213684 2788.0760073661804 -572.1001893281937
v 1537.9588186740875 2703.3857703208923 -565.5274108052254
v 1780.7335317134857 2626.1902809143066 -563.9311268925667
v 2022.5935757160187 2556.4314126968384 -567.6120460033417
v 2264.7434294223785 2492.297101020813 -576.4765352010727
v 2507.606840133667 2430.4936051368713 -590.0463879108429
v 2750.6014466285706 2366.673505306244 -607.4943989515305
v 2992.029106616974 2295.9009885787964 -627.6892274618149
v 3229.090428352356 2213.2491528987885 -649.2799133062363
v 3457.9978704452515 2114.324790239334 -670.7744985818863
v 3674.221956729889 1995.7584857940674 -690.6384587287903
v 3872.8134393692017 1855.5979311466217 -707.3958069086075
v 4048.7783789634705 1693.5364544391632 -719.7203278541565
v 4197.508609294891 1510.9910249710083 -726.5279084444046
v 4315.208637714386 1311.0194504261017 -727.0636588335037
v 4399.304723739624 1098.071900010109 -720.9812194108963
v 4448.808443546295 877.5742173194885 -708.4121286869049
v 4464.5779848098755 655.3644090890884 -690.013599395752
v 4449.41383600235 437.0273098349571 -666.9825702905655
v 4407.927179336548 227.15967297554016 -641.0101234912872
v 4388.773143291473 28.734080772846937 -441.59911274909973
v 4293.705689907074 -156.91382437944412 -418.2828664779663
v 4168.676245212555 -323.8803371787071 -391.2713408470154
v 4027.526307106018 -471.2985411286354 -363.9433413743973
v 3881.2634348869324 -601.9841760396957 -338.97669464349747
v 3737.3788118362427 -720.9939688444138 -318.23021322488785
v 3599.728524684906 -834.1396391391754 -302.72604525089264
v 3468.9239978790283 -946.7085003852844 -292.7266851067543
v 3343.095588684082 -1062.5784367322922 -287.8854990005493
v 3218.825900554657 -1183.789974451065 -287.43496760725975
v 3092.0836448669434 -1310.5614304542542 -290.38548469543457
v 2959.013831615448 -1441.645896434784 -295.7059055566788
v 2816.4896965026855 -1574.8847424983978 -302.46690958738327
v 2662.4036073684692 -1707.8192472457886 -309.9376320838928
v 2495.716965198517 -1838.2345736026764 -317.6358565688133
v 2316.309130191803 -1964.5210027694702 -325.3274664282799
v 2124.7192800045013 -2085.843378305435 -332.99508541822433
v 1921.8426167964935 -2202.0988821983337 -340.7795399427414
v 1708.6539924144745 -2313.7016654014587 -348.9089146256447
v 1486.005562543869 -2421.265482902527 -357.62685388326645
v 1254.5198559761047 -2525.2479434013367 -367.1283349394798
v 1014.5818918943405 -2625.5720019340515 -377.49948501586914
v 766.4231479167938 -2721.324634552002 -388.67456912994385
v 510.28826236724854 -2810.525155067444 -400.4023000597954
v 246.64471447467804 -2889.9609804153442 -412.2174263000488
v -23.561355844140053 -2955.126214027405 -423.42033982276917
v -299.25795942544937 -3014.6433115005493 -435.7812240719795
v -580.6095451116562 -3072.85612821579 -450.27589052915573
v -866.6295140981674 -3118.858826160431 -465.0086835026741
v -1154.7693848609924 -3143.3791399002075 -478.33502888679504
v -1441.2630021572113 -3139.113974571228 -488.8729155063629
v -1721.5331137180328 -3101.0600686073303 -495.5323353409767
v -1990.6487047672272 -3026.7410159111023 -497.5471571087837
v -2243.829697370529 -2916.3498401641846 -494.51621919870377
v -2476.9766688346863 -2772.721302509308 -486.43945306539536
v -2687.155055999756 -2601.0456562042236 -473.7295016646385
v -2872.985863685608 -2408.3449602127075 -457.1960225701332
v -3034.860348701477 -2202.741974592209 -437.9968836903572
v -3174.9727845191956 -1992.5807237625122 -417.5574168562889
v -3297.100019454956 -1785.5112791061401 -397.4579006433487
v -3406.20254278183 -1587.681883573532 -379.3122008442879
v -3507.845687866211 -1403.0936658382416 -364.63266760110855
v -3607.5196623802185 -1233.2394063472748 -354.7031208872795
v -3709.934079647064 -1077.0460963249207 -350.4656136035919
v -3818.344569206238 -931.137877702713 -352.4257019162178
v -3933.976995944977 -790.3765916824341 -360.5798900127411
v -4055.611526966095 -648.6492961645126 -374.3701159954071
v -4179.372608661652 -499.8372569680214 -392.6704540848732
v -4298.810124397278 -338.86140137910843 -413.81679475307465
v -4405.30024766922 -162.70830482244492 -435.68951040506363
v -4488.790392875671 28.734357096254826 -455.8519169688225
v -4543.046224117279 232.55732730031013 -472.879059612751
v -4567.19776391983 444.76546198129654 -486.70983016490936
v -4560.134029388428 661.0681354999542 -497.1179261803627
v -4522.523748874664 877.379959821701 -504.2624071240425
v -4456.574904918671 1090.420252084732 -508.64266008138657
v -4365.537917613983 1298.1055080890656 -511.00514382123947
v -4253.079962730408 1499.6360778808594 -512.212261557579
v -4122.6346135139465 1695.2602326869965 -513.0948171019554
v -3976.882266998291 1885.7895493507385 -514.3181458115578
v -3817.452108860016 2071.995848417282 -516.2847802042961
v -3644.905114173889 2254.022800922394 -519.0879419445992
v -3458.936667442322 2430.992341041565 -522.5211039185524
v -3258.777141571045 2600.8501648902893 -526.1361166834831
v -3043.6333298683167 2760.499119758606 -529.3333455920219
v -2813.107943534851 2906.1672925949097 -531.4686700701714
v -2567.4858570098877 3033.936357498169 -531.9551020860672
v -2307.8890204429626 3140.2847290039062 -530.3466513752937
v -2036.2288892269135 3222.590136528015 -526.3934701681137
v -1755.05068898201 3279.4726252555847 -520.0673520565033
v -1467.2791123390198 3310.9681129455566 -511.55844181776047
v -1175.9260416030884 3318.5601949691772 -501.25785917043686
v -883.8184237480164 3305.0669074058533 -489.729081094265
v -593.3531522750854 3274.4597673416138 -477.67836451530457
v -306.28474801778793 3231.658959388733 -465.9341484308243
v -23.56111165136099 3182.2797179222107 -455.42590767145157
v 254.11725342273712 3117.098307609558 -444.2833483219147
v 524.6430277824402 3030.3127765655518 -431.2619611620903
v 786.8823558092117 2932.002580165863 -418.0937498807907
v 1041.1068141460419 2830.621552467346 -406.2389016151428
v 1288.6455655097961 2732.753610610962 -396.8844845890999
v 1531.5071940422058 2642.908215522766 -390.93197286129
v 1771.9844043254852 2563.429069519043 -388.98679316043854
v 2012.2461080551147 2494.483423233032 -391.3434162735939
v 2253.9330065250397 2434.1824412345886 -397.9737728834152
v 2497.8185653686523 2378.8811564445496 -408.53496491909027
v 2743.5311317443848 2323.6371755599976 -422.3920911550522
v 2989.4243836402893 2262.773162126541 -438.6602655053139
v 3232.5621128082275 2190.518832206726 -456.2622293829918
v 3468.860387802124 2101.659804582596 -474.00289475917816
v 3693.3439135551453 1992.0889794826508 -490.6433045864105
v 3900.508224964142 1859.2683970928192 -504.98271584510803
v 4084.751796722412 1702.514111995697 -515.9354731440544
v 4240.854215621948 1523.0951726436615 -522.6043865084648
v 4364.4612073898315 1324.1494476795197 -524.349345266819
v 4452.548003196716 1110.4227423667908 -520.8522647619247
v 4503.840756416321 887.8101617097855 -512.1738418936729
v 4519.1282868385315 662.733444571495 -498.79588186740875
v 4501.392590999603 441.39364808797836 -481.63555562496185
v 4455.693960189819 228.94072085618973 -462.01750189065933
v 4421.314907073975 28.734080772846937 -271.2327167391777
v 4321.584177017212 -157.73899033665657 -256.57914504408836
v 4191.184341907501 -324.58803355693817 -239.61799442768097
v 4044.8383927345276 -471.0012599825859 -222.4975787103176
v 3894.21329498291 -600.0782042741776 -206.91614300012589
v 3747.204101085663 -717.2842264175415 -194.0482459962368
v 3607.8349709510803 -828.8724094629288 -184.53781977295876
v 3476.6602993011475 -940.5135780572891 -178.54411229491234
v 3351.601791381836 -1056.365555524826 -175.84143802523613
v 3228.9470314979553 -1178.6250829696655 -175.93920081853867
v 3104.339826107025 -1307.5511932373047 -178.20822298526764
v 2973.6189246177673 -1441.8465971946716 -181.9947361946106
v 2833.3929777145386 -1579.2395651340485 -186.70947328209877
v 2681.349265575409 -1717.130446434021 -191.88881069421768
v 2516.2961959838867 -1853.1499028205872 -197.22335189580917
v 2338.0152463912964 -1985.5486571788788 -202.55950391292572
v 2146.9800651073456 -2113.3570671081543 -207.87701159715652
v 1944.0460979938507 -2236.342626810074 -213.25249150395393
v 1730.1679074764252 -2354.79816198349 -218.8169851899147
v 1506.1850368976593 -2469.192111492157 -224.70850870013237
v 1272.717136144638 -2579.802083969116 -231.03243336081505
v 1030.1606714725494 -2686.328399181366 -237.82469406723976
v 778.7825584411621 -2787.593173980713 -245.02584487199783
v 518.8933074474335 -2881.2803983688354 -252.4575650691986
v 251.07272639870644 -2963.794457912445 -259.80708226561546
v -23.561360128223896 -3030.1830887794495 -266.612983494997
v -303.77622842788696 -3090.526020526886 -274.0984946489334
v -589.8280024528503 -3150.5478858947754 -283.00361409783363
v -880.8141499757767 -3198.7961292266846 -292.14000552892685
v -1174.1843044757843 -3225.480556488037 -300.47278851270676
v -1466.096156835556 -3222.8437542915344 -307.1291923522949
v -1751.8197357654572 -3185.454738140106 -311.4101231098175
v -2026.2183904647827 -3110.509181022644 -312.81605660915375
v -2284.2648684978485 -2997.9692459106445 -311.0706865787506
v -2521.596395969391 -2850.566053390503 -306.1452239751816
v -2735.0262999534607 -2673.520839214325 -298.26720505952835
v -2922.9718685150146 -2474.0412831306458 -287.9153847694397
v -3085.6930255889893 -2260.562574863434 -275.7903650403023
v -3225.340723991394 -2041.8289065361023 -262.7641797065735
v -3345.761728286743 -1825.9607076644897 -249.81594756245613
v -3452.0851492881775 -1619.5728778839111 -237.9529595375061
v -3550.150227546692 -1427.1061956882477 -228.13108041882515
v -3645.790994167328 -1250.4031598567963 -221.17228880524635
v -3744.121754169464 -1088.63265812397 -217.69671440124512
v -3848.8099575042725 -938.5170578956604 -218.05961057543755
v -3961.46559715271 -794.865694642067 -222.30409234762192
v -4081.177020072937 -651.3705462217331 -230.12924566864967
v -4204.240310192108 -501.5990436077118 -240.8755786716938
v -4324.226188659668 -340.09381234645844 -253.5420037806034
v -4432.3479652404785 -163.45879063010216 -266.8317459523678
v -4518.210601806641 28.734359238296747 -279.2352482676506
v -4574.6448040008545 233.7168574333191 -289.75562155246735
v -4599.994790554047 447.3298117518425 -298.2327952980995
v -4593.02921295166 665.017580986023 -304.5126795768738
v -4554.464507102966 882.4393600225449 -308.69329422712326
v -4486.695921421051 1096.131107211113 -311.0971450805664
v -4393.273830413818 1303.940773010254 -312.2109040617943
v -4278.211975097656 1505.1353335380554 -312.60078996419907
v -4145.269656181335 1700.143539905548 -312.81465142965317
v -3997.3734855651855 1890.0263369083405 -313.29364627599716
v -3836.2828850746155 2075.8091628551483 -314.3073633313179
v -3662.5640392303467 2257.8325510025024 -315.9224972128868
v -3475.81307888031 2435.31152009964 -318.00843477249146
v -3275.0890135765076 2606.155300140381 -320.2744409441948
v -3059.403145313263 2767.1090841293335 -322.3287105560303
v -2828.178596496582 2914.1476154327393 -323.74753057956696
v -2581.5738439559937 3043.051517009735 -324.1426259279251
v -2320.653259754181 3150.0000715255737 -323.2155844569206
v -2047.3435163497925 3232.1157455444336 -320.7938775420189
v -1764.2696261405945 3287.850785255432 -316.8484762310982
v -1474.4817197322845 3317.18133687973 -311.4923432469368
v -1181.139874458313 3321.6469287872314 -304.96946573257446
v -887.2173815965652 3304.2312026023865 -297.63586819171906
v -595.2360242605209 3269.198775291443 -289.9442583322525
v -307.02973306179047 3221.863281726837 -282.42865577340126
v -23.56111165136099 3168.3598041534424 -275.6964921951294
v 254.4569469988346 3098.1008291244507 -268.4720531105995
v 524.6936142444611 3004.33189868927 -259.89740788936615
v 785.8861863613129 2898.253321647644 -251.12045109272003
v 1038.3422434329987 2789.31667804718 -243.11404675245285
v 1283.5586786270142 2684.933912754059 -236.67296096682549
v 1523.8227128982544 2590.2971982955933 -232.41161704063416
v 1761.7730677127838 2508.2125067710876 -230.75122609734535
v 1999.957025051117 2439.0954971313477 -231.91193863749504
v 2240.3829634189606 2381.082832813263 -235.903762280941
v 2484.1418504714966 2330.337071418762 -242.5303317606449
v 2731.083023548126 2281.518942117691 -251.40001326799393
v 2979.659140110016 2228.4076809883118 -261.9534082710743
v 3226.901638507843 2164.6044433116913 -273.50151613354683
v 3468.548095226288 2084.2310547828674 -285.2705627679825
v 3699.3270993232727 1982.5677573680878 -296.4540094137192
v 3913.3292198181152 1856.5511226654053 -306.2625393271446
v 4104.489016532898 1705.1218509674072 -313.97796869277954
v 4267.087614536285 1529.334443807602 -318.99737268686295
v 4396.287631988525 1332.2982549667358 -320.8806559443474
v 4488.643431663513 1118.9068734645844 -319.3926051259041
v 4542.567503452301 895.3589230775833 -314.5405203104019
v 4558.690464496613 668.4996843338013 -306.60512894392014
v 4540.019261837006 445.01013457775116 -296.14983946084976
v 4491.83874130249 230.50883263349533 -284.00703221559525
v 4446.744406223297 28.734080772846937 -101.28981955349445
v 4344.439661502838 -158.9511975646019 -96.28354199230671
v 4210.965156555176 -326.47724598646164 -90.4869794845581
v 4061.490797996521 -473.0265349149704 -84.63626615703106
v 3908.078372478485 -601.8289893865585 -79.31571677327156
v 3758.862292766571 -718.5516983270645 -74.9282494187355
v 3617.971456050873 -829.6693176031113 -71.6943359002471
v 3485.9824657440186 -941.0709202289581 -69.66990064829588
v 3360.750949382782 -1057.0909023284912 -68.778832629323
v 3238.4518027305603 -1180.0569951534271 -68.85499078780413
v 3114.5914673805237 -1310.3094577789307 -69.68484781682491
v 2984.8631024360657 -1446.5876042842865 -71.04625254869461
v 2845.7371711730957 -1586.6201162338257 -72.73862846195698
v 2694.7715401649475 -1727.774578332901 -74.60325881838799
v 2530.6594610214233 -1867.6209211349487 -76.53292156755924
v 2353.081238269806 -2004.324048757553 -78.47237773239613
v 2162.4310076236725 -2136.8157505989075 -80.4112084209919
v 1959.4981372356415 -2264.7446632385254 -82.37122818827629
v 1745.1863288879395 -2388.258707523346 -84.39191058278084
v 1520.3094899654388 -2507.6869010925293 -86.51582226157188
v 1285.4746580123901 -2623.139190673828 -88.77384290099144
v 1041.0876214504242 -2734.1365814208984 -91.17358103394508
v 787.446141242981 -2839.301311969757 -93.69013756513596
v 524.9176546931267 -2936.1021399497986 -96.2584801018238
v 254.16792556643486 -3020.6928491592407 -98.76720532774925
v -23.561362270265818 -3087.849736213684 -101.05416066944599
v -306.91879242658615 -3148.5002994537354 -103.5582847893238
v -596.1923688650131 -3209.213650226593 -106.55752904713154
v -890.5120819807053 -3258.2504391670227 -109.64682474732399
v -1187.316906452179 -3285.5599999427795 -112.4729834496975
v -1482.7071607112885 -3283.1236243247986 -114.73634205758572
v -1771.8577325344086 -3245.2865958213806 -116.19564667344093
v -2049.501460790634 -3169.0597891807556 -116.67642369866371
v -2310.455083847046 -3054.275405406952 -116.07917100191116
v -2550.191044807434 -2903.612196445465 -114.38845731317997
v -2765.3573393821716 -2722.3105907440186 -111.67542412877083
v -2954.233753681183 -2517.6931500434875 -108.09757150709629
v -3116.973555088043 -2298.373419046402 -103.88798788189888
v -3255.679166316986 -2073.3490705490112 -99.33995306491852
v -3374.2061257362366 -1851.029247045517 -94.78441253304482
v -3477.762508392334 -1638.3419632911682 -90.56423008441925
v -3572.3246455192566 -1440.0242507457733 -87.00654692947865
v -3663.930559158325 -1258.1890881061554 -84.3959890305996
v -3757.9500913619995 -1092.2190874814987 -82.95113891363144
v -3858.344340324402 -938.9734327793121 -82.80302099883556
v -3967.0342206954956 -793.3065623044968 -83.97882208228111
v -4083.400082588196 -648.8512307405472 -86.3898016512394
v -4204.001772403717 -499.02132749557495 -89.82641659677029
v -4322.591245174408 -338.1181985139847 -93.96190270781517
v -4430.445420742035 -162.44579330086708 -98.36583808064461
v -4517.157745361328 28.734357096254826 -102.53462865948677
v -4574.547469615936 232.86615833640099 -106.0828696936369
v -4600 445.65014243125916 -108.90631228685379
v -4592.331969738007 662.3149067163467 -110.95563806593418
v -4552.383196353912 878.3412396907806 -112.26844415068626
v -4482.776772975922 1090.168210864067 -112.96212300658226
v -4387.350416183472 1295.6540524959564 -113.21211643517017
v -4270.418918132782 1494.1872715950012 -113.22190128266811
v -4136.016309261322 1686.4162385463715 -113.1889309734106
v -3987.272095680237 1873.6832082271576 -113.2731132209301
v -3826.0515332221985 2057.3082268238068 -113.57360742986202
v -3652.9202580451965 2237.8880500793457 -114.11750614643097
v -3467.37596988678 2414.813446998596 -114.86123166978359
v -3268.306040763855 2586.061644554138 -115.70351682603359
v -3054.5120239257812 2748.3306765556335 -116.50584004819393
v -2825.199341773987 2897.4417448043823 -117.11672469973564
v -2580.3345441818237 3028.940773010254 -117.3953615128994
v -2320.8361387252808 3138.724637031555 -117.23106689751148
v -2048.545116186142 3223.630380630493 -116.55658930540085
v -1766.05783700943 3281.8352460861206 -115.35385847091675
v -1476.4529466629028 3313.094937801361 -113.65467943251133
v -1182.9603016376495 3318.7872171401978 -111.53662838041782
v -888.652378320694 3301.806342601776 -109.11690928041935
v -596.16419672966 3266.390883922577 -106.5465446561575
v -307.4454605579376 3217.9205536842346 -104.00632284581661
v -23.56111165136099 3162.655460834503 -101.70280523598194
v 254.66463938355446 3089.4334077835083 -99.18977878987789
v 524.7155830264091 2991.276204586029 -96.1719673126936
v 785.2156072854996 2880.0586462020874 -93.05369406938553
v 1036.4563554525375 2765.8355116844177 -90.17820842564106
v 1280.0073444843292 2656.56601190567 -87.82811425626278
v 1518.2974100112915 2557.8930735588074 -86.22361347079277
v 1754.166316986084 2472.9854106903076 -85.51901876926422
v 1990.3998851776123 2402.510380744934 -85.79942919313908
v 2229.2586028575897 2344.7187066078186 -87.07706294953823
v 2472.0795154571533 2295.77020406723 -89.29264545440674
v 2718.9164996147156 2250.1778185367584 -92.3178169876337
v 2968.377125263214 2201.46963596344 -95.96522599458694
v 3217.5479412078857 2142.8768038749695 -99.99909363687038
v 3462.15363740921 2068.1263267993927 -104.15359251201153
v 3696.7999696731567 1972.062909603119 -108.14778953790665
v 3915.3757095336914 1851.2215852737427 -111.70483864843845
v 4111.535477638245 1704.1958034038544 -114.56979401409626
v 4279.227817058563 1531.786036491394 -116.52565822005272
v 4413.25808763504 1336.9607090950012 -117.41013303399086
v 4509.830522537231 1124.5975762605667 -117.13060513138771
v 4567.051351070404 901.0047286748886 -115.67805223166943
v 4585.315668582916 673.2424736022949 -113.1377961486578
v 4567.4938797950745 448.2879728078842 -109.69373546540737
v 4518.884265422821 232.09764510393143 -105.62547519803047
v 4466.082966327667 28.734080772846937 71.1740167811513
v 4363.723933696747 -160.68441793322563 66.16686098277569
v 4230.054759979248 -329.92233484983444 60.36597155034542
v 4080.2129983901978 -478.1286731362343 54.50557190924883
v 3926.238775253296 -608.4901571273804 49.168430268764496
v 3776.2659549713135 -726.6301095485687 44.75691635161638
v 3634.4549655914307 -838.9925807714462 41.49247873574495
v 3501.4402627944946 -951.4621198177338 39.43357802927494
v 3375.1561641693115 -1068.4041738510132 38.50803170353174
v 3251.8603682518005 -1192.213374376297 38.55439405888319
v 3127.131426334381 -1323.3251214027405 39.36390597373247
v 2996.7077374458313 -1460.5859339237213 40.71847330778837
v 2857.0701837539673 -1601.8236100673676 42.42016710340977
v 2705.7522296905518 -1744.479078054428 44.31118741631508
v 2541.3911938667297 -1886.1527025699615 46.28334827721119
v 2363.591980934143 -2024.9906063079834 48.27869459986687
v 2172.667157649994 -2159.858226776123 50.282844714820385
v 1969.3323373794556 -2290.2996003627777 52.31287069618702
v 1754.4341921806335 -2416.334056854248 54.40339222550392
v 1528.7544131278992 -2538.1580471992493 56.59252908080816
v 1292.8931832313538 -2655.75635433197 58.90753231942654
v 1047.2723305225372 -2768.5474395751953 61.35335434228182
v 792.2234773635864 -2875.0778675079346 63.90339098870754
v 528.1595408916473 -2972.762382030487 66.4915431290865
v 255.79843074083328 -3057.7155590057373 69.00567058473825
v -23.561362270265818 -3124.6843576431274 71.28285393118858
v -308.51000398397446 -3184.630823135376 73.7633042037487
v -599.2889046669006 -3244.2304491996765 76.72862708568573
v -894.9926853179932 -3291.8050289154053 79.77543324232101
v -1193.030023574829 -3317.348039150238 82.55144245922565
v -1489.474093914032 -3312.8755927085876 84.75734293460846
v -1779.4718861579895 -3272.7598428726196 86.15175224840641
v -2057.729232311249 -3194.0382599830627 86.55984550714493
v -2319.034218788147 -3076.569092273712 85.88158935308456
v -2558.83104801178 -2923.0618000030518 84.10088419914246
v -2773.737418651581 -2738.788616657257 81.2880489975214
v -2962.00350522995 -2531.1107635498047 77.5996670126915
v -3123.7510442733765 -2308.6841464042664 73.26776422560215
v -3261.0525727272034 -2080.5577099323273 68.58454514294863
v -3377.737307548523 -1855.2028357982635 63.879978470504284
v -3478.9968729019165 -1639.622938632965 59.496366791427135
v -3570.8056807518005 -1438.647449016571 55.76101839542389
v -3659.2291712760925 -1254.4968247413635 52.95986160635948
v -3749.6996998786926 -1086.6728097200394 51.314409263432026
v -3846.287763118744 -932.1541994810104 50.96058677881956
v -3951.076316833496 -785.8992785215378 51.932636834681034
v -4063.6590242385864 -641.6102379560471 54.15108110755682
v -4180.850994586945 -492.7123799920082 57.417369447648525
v -4296.684122085571 -333.4427207708359 61.41685303300619
v -4402.712798118591 -159.9532276391983 65.73130246251822
v -4488.773941993713 28.734354954212904 69.86824087798595
v -4545.739507675171 230.27696087956429 73.39075170457363
v -4570.021831989288 440.2399957180023 76.14196464419365
v -4560.6393456459045 653.6780565977097 78.08180637657642
v -4518.667387962341 865.9746319055557 79.25863564014435
v -4446.993911266327 1073.5588520765305 79.80184033513069
v -4349.723410606384 1274.3718206882477 79.8998087644577
v -4231.429505348206 1467.9773151874542 79.76947836577892
v -4096.369957923889 1655.279517173767 79.62148897349834
v -3947.8428959846497 1837.9366755485535 79.62782084941864
v -3787.807071208954 2017.6134824752808 79.89764958620071
v -3616.8360710144043 2195.242977142334 80.46511933207512
v -3434.3469858169556 2370.504367351532 81.29021674394608
v -3239.0684366226196 2541.5828466415405 82.2713490575552
v -3029.5787930488586 2705.2746057510376 83.26586484909058
v -2804.824924468994 2857.379734516144 84.11468751728535
v -2564.501667022705 2993.299388885498 84.66669172048569
v -2309.273910522461 3108.6798429489136 84.79894995689392
v -2040.7678246498108 3200.0198006629944 84.43095572292805
v -1761.4206075668335 3265.103054046631 83.53119529783726
v -1474.2168605327606 3303.2633423805237 82.11853578686714
v -1182.3609411716461 3315.4518008232117 80.25841228663921
v -888.965767621994 3304.152512550354 78.05689014494419
v -596.7680126428604 3273.218548297882 75.6546501070261
v -307.87506848573685 3227.6751041412354 73.2226014137268
v -23.56111165136099 3173.4604001045227 70.95766626298428
v 255.11959195137024 3099.7642874717712 68.42764485627413
v 525.5088925361633 3000.2468705177307 65.3608663007617
v 786.1340463161469 2886.9367599487305 62.16627638787031
v 1037.2147411108017 2770.0557112693787 59.19182412326336
v 1280.2767276763916 2657.7512979507446 56.72534853219986
v 1517.739176750183 2555.8789372444153 54.993173480033875
v 1752.4707794189453 2467.838203907013 54.15679607540369
v 1987.330561876297 2394.534170627594 54.30952366441488
v 2224.6948540210724 2334.4454050064087 55.47245964407921
v 2466.053831577301 2283.921867609024 57.595338858664036
v 2711.638355255127 2237.6094818115234 60.55816411972046
v 2960.2394223213196 2189.090210199356 64.18048981577158
v 3209.1119289398193 2131.55996799469 68.23119819164276
v 3454.11080121994 2058.6211442947388 72.44629971683025
v 3689.9150013923645 1964.9170577526093 76.54354609549046
v 3910.417687892914 1846.7265188694 80.24159297347069
v 4109.202742576599 1702.3637235164642 83.2781258970499
v 4280.077230930328 1532.35701918602 85.42644828557968
v 4417.648005485535 1339.4438326358795 86.51310615241528
v 4517.880487442017 1128.3338457345963 86.43355928361416
v 4578.618788719177 905.2475482225418 85.16695275902748
v 4600 677.2442191839218 82.78739266097546
v 4584.650504589081 451.38416588306427 79.46857288479805
v 4537.651705741882 233.78435745835304 75.48108473420143
v 4468.37100982666 28.734080772846937 247.6490579545498
v 4369.005215167999 -162.00112253427505 233.06927531957626
v 4239.384329319 -333.2866430282593 216.2798136472702
v 4093.8664078712463 -484.3621864914894 199.37313944101334
v 3943.7989950180054 -618.266025185585 183.9977853000164
v 3796.8542337417603 -740.3303354978561 171.292494982481
v 3656.969916820526 -856.6636383533478 161.88504099845886
v 3524.7511625289917 -972.8419601917267 155.94012066721916
v 3398.2797980308533 -1093.0248379707336 153.2563477754593
v 3274.059736728668 -1219.5243060588837 153.38041484355927
v 3147.9470014572144 -1352.8119564056396 155.7252138853073
v 3015.9363508224487 -1491.8578267097473 159.67560186982155
v 2874.695110321045 -1634.6472322940826 164.66971263289452
v 2721.8644976615906 -1778.765594959259 170.25538682937622
v 2556.110620498657 -1921.9030737876892 176.11656188964844
v 2377.0076751708984 -2062.2177183628082 182.07597956061363
v 2184.8003685474396 -2198.4928488731384 188.07601034641266
v 1980.1357686519623 -2330.124032497406 194.14772242307663
v 1763.8173639774323 -2456.953752040863 200.37420988082886
v 1536.6128623485565 -2578.9806365966797 206.84867724776268
v 1299.1560339927673 -2696.045660972595 213.63913863897324
v 1051.93649828434 -2807.4872255325317 220.75363099575043
v 795.3764259815216 -2911.86203956604 228.11474949121475
v 529.9831211566925 -3006.6882133483887 235.53455993533134
v 256.5552569925785 -3088.2840394973755 242.69628003239632
v -23.561362270265818 -3151.675319671631 249.1371601819992
v -308.91544967889786 -3207.2200775146484 256.10863268375397
v -599.6123701334 -3261.1926794052124 264.4059434533119
v -894.6623653173447 -3302.5030374526978 272.87300676107407
v -1191.4684236049652 -3321.6469287872314 280.4977163672447
v -1486.1665070056915 -3311.0865592956543 286.422398686409
v -1774.0207493305206 -3265.5590176582336 289.95714485645294
v -2049.8940885066986 -3182.385277748108 290.60702323913574
v -2308.7584495544434 -3061.6177082061768 288.09586465358734
v -2546.242833137512 -2906.047201156616 282.39133283495903
v -2759.136712551117 -2720.927894115448 273.7129271030426
v -2945.8128213882446 -2513.4841918945312 262.52735555171967
v -3106.463360786438 -2292.1596467494965 249.51935186982155
v -3243.1496262550354 -2065.719562768936 235.54266542196274
v -3359.618031978607 -1842.3366010189056 221.5579591691494
v -3460.907483100891 -1628.7294387817383 208.55687856674194
v -3552.801561355591 -1429.5096695423126 197.48653173446655
v -3641.1466360092163 -1246.755450963974 189.1707479953766
v -3731.17436170578 -1079.9292504787445 184.24674198031425
v -3826.80059671402 -926.0683327913284 183.1042967736721
v -3930.0318002700806 -780.2749276161194 185.84062680602074
v -4040.4975533485413 -636.44959628582 192.22723618149757
v -4155.156910419464 -488.2231056690216 201.69218257069588
v -4268.307995796204 -330.002224445343 213.3305475115776
v -4371.888506412506 -158.0247901380062 225.9423591196537
v -4456.141149997711 28.73435067012906 238.10632973909378
v -4511.240088939667 228.0181348323822 248.39176386594772
v -4532.791841030121 435.2016732096672 256.1925493180752
v -4520.102179050446 645.1438188552856 261.4265002310276
v -4474.5617508888245 853.131565451622 264.2803683876991
v -4399.344480037689 1055.585166811943 265.1805058121681
v -4298.833978176117 1250.5243480205536 264.7305056452751
v -4177.86625623703 1437.6795887947083 263.620688021183
v -4040.946662425995 1618.211978673935 262.52445951104164
v -3891.590476036072 1794.1235899925232 262.0004989206791
v -3731.93302154541 1967.5025880336761 262.4198593199253
v -3562.652623653412 2139.7555232048035 263.9248237013817
v -3383.1847429275513 2311.049234867096 266.4290077984333
v -3192.169713973999 2480.0124049186707 269.6495592594147
v -2987.990415096283 2643.7899827957153 273.16644936800003
v -2769.3039059638977 2798.385226726532 276.4937601983547
v -2535.450780391693 2939.2253398895264 279.15343940258026
v -2286.706727743149 3061.788249015808 280.7368367910385
v -2024.3177652359009 3162.2129321098328 280.9496358036995
v -1750.3909766674042 3237.7748489379883 279.6375408768654
v -1467.6558375358582 3287.1699929237366 276.79145261645317
v -1179.1612446308136 3310.6379985809326 272.5407846271992
v -887.9749447107315 3309.9048376083374 267.1364985406399
v -596.9043493270874 3288.0638241767883 260.9349273145199
v -308.2409977912903 3249.3672370910645 254.38089594244957
v -23.56111165136099 3199.0121841430664 247.9969084262848
v 255.73483780026436 3127.117168903351 240.59479981660843
v 526.8362045288086 3028.56103181839 231.4965881407261
v 788.1428360939026 2915.1530385017395 221.90736904740334
v 1039.7267907857895 2797.0200777053833 212.859795242548
v 1282.9626083374023 2682.3124647140503 205.21337389945984
v 1520.1414167881012 2577.014482021332 199.65441524982452
v 1754.0440320968628 2484.748065471649 196.68324887752533
v 1987.4990463256836 2406.722903251648 196.60481587052345
v 2222.923916578293 2341.7811274528503 199.51552525162697
v 2461.916160583496 2286.6351664066315 205.3013175725937
v 2704.8808813095093 2236.2724363803864 213.64153772592545
v 2950.8174538612366 2184.531259536743 224.02985841035843
v 3197.223973274231 2124.7912526130676 235.80639362335205
v 3440.165936946869 2050.6885290145874 248.1987401843071
v 3674.511766433716 1956.8114340305328 260.3728897869587
v 3894.2752599716187 1839.2770111560822 271.4848607778549
v 4093.1033611297607 1696.179974079132 280.7396128773689
v 4264.797925949097 1527.7953267097473 287.44110241532326
v 4403.906035423279 1336.60728931427 291.0486951470375
v 4506.287002563477 1127.0963281393051 291.2259191274643
v 4569.642913341522 905.2903205156326 287.88567036390305
v 4593.941688537598 678.1059712171555 281.22554793953896
v 4581.607639789581 452.51578092575073 271.74034640192986
v 4537.472116947174 234.61022600531578 260.2090835571289
v 4450.133013725281 28.734080772846937 426.9830524921417
v 4356.363260746002 -162.54535540938377 404.04987186193466
v 4234.410405158997 -335.743410885334 377.97474414110184
v 4097.180438041687 -490.280357003212 351.9007474184036
v 3954.8293113708496 -628.967872262001 328.29277217388153
v 3814.1997694969177 -756.6522151231766 308.84563624858856
v 3678.773093223572 -878.8480639457703 294.4839134812355
v 3549.0713238716125 -1000.5863726139069 285.444650799036
v 3423.3747959136963 -1125.626990199089 281.42086789011955
v 3298.561954498291 -1256.078988313675 281.73194378614426
v 3170.9335446357727 -1392.4012780189514 285.4979448020458
v 3036.900806427002 -1533.69420170784 291.79398864507675
v 2893.465840816498 -1678.1496703624725 299.7705414891243
v 2738.4801626205444 -1823.5525727272034 308.7335303425789
v 2570.7096815109253 -1967.735505104065 318.1873381137848
v 2389.727771282196 -2108.8811933994293 327.83458083868027
v 2195.728552341461 -2245.690429210663 337.55434453487396
v 1989.295619726181 -2377.3800134658813 347.3576307296753
v 1771.1876332759857 -2503.545391559601 357.33361691236496
v 1542.1780586242676 -2623.9444613456726 367.593415081501
v 1302.9630422592163 -2738.23778629303 378.2196909189224
v 1054.1424930095673 -2845.683979988098 389.2134726047516
v 796.2764263153076 -2944.89129781723 400.4538804292679
v 530.0146520137787 -3033.597469329834 411.6624489426613
v 256.2691316008568 -3108.4977865219116 422.3691627383232
v -23.561362270265818 -3165.159833431244 431.8866491317749
v -307.99012184143066 -3212.920308113098 442.10398346185684
v -596.9253927469254 -3257.3607206344604 454.2035385966301
v -889.271479845047 -3288.421082496643 466.4181128144264
v -1182.4712991714478 -3297.5107431411743 477.2001922130585
v -1472.818672657013 -3277.8544068336487 485.23881286382675
v -1755.8384120464325 -3224.838697910309 489.4928053021431
v -2026.7216503620148 -3136.2539887428284 489.2260953783989
v -2280.807989835739 -3012.439441680908 484.0489685535431
v -2514.0928745269775 -2856.272315979004 473.954501748085
v -2723.693013191223 -2672.8891253471375 459.3297019600868
v -2908.2187175750732 -2469.1863536834717 440.93998074531555
v -3067.9776191711426 -2253.122663497925 419.8829546570778
v -3205.0164818763733 -2032.8845620155334 397.5129425525665
v -3322.915017604828 -1816.0201251506805 375.3359541296959
v -3426.4299988746643 -1608.6762249469757 354.8995718359947
v -3520.9619760513306 -1414.9847745895386 337.6688152551651
v -3611.9359016418457 -1236.7079377174377 324.9114990234375
v -3704.153788089752 -1073.1604665517807 317.5946608185768
v -3801.166009902954 -921.4213013648987 316.2975773215294
v -3904.71910238266 -776.7959773540497 321.1409568786621
v -4014.3365383148193 -633.509686589241 331.73796385526657
v -4127.059900760651 -485.5813339352608 347.17081040143967
v -4237.459027767181 -327.78934091329575 366.0044997930527
v -4337.923741340637 -156.65264949202538 386.34916841983795
v -4419.296658039093 28.73434852808714 405.9768185019493
v -4471.410036087036 226.11882910132408 422.38862961530685
v -4489.308595657349 430.70869743824005 434.40562188625336
v -4472.605741024017 637.2155904769897 441.9582560658455
v -4422.965478897095 840.8623605966568 445.4161286354065
v -4343.7928676605225 1038.0699813365936 445.5394074320793
v -4239.669752120972 1226.912945508957 443.3782070875168
v -4115.621054172516 1407.2316110134125 440.1278555393219
v -3976.346516609192 1580.3707003593445 436.96325421333313
v -3825.574731826782 1748.6141443252563 434.88101810216904
v -3665.6532406806946 1914.4409537315369 434.57643687725067
v -3497.450375556946 2079.758059978485 436.3722562789917
v -3320.521140098572 2245.3054785728455 440.20788222551346
v -3133.525061607361 2410.307824611664 445.6842437386513
v -2934.734523296356 2572.447443008423 452.1496117115021
v -2722.5666761398315 2728.1391382217407 458.8127672672272
v -2496.0026621818542 2873.0220556259155 464.8581922054291
v -2254.8842787742615 3002.548623085022 469.5502921938896
v -1999.9929428100586 3112.582814693451 472.3119154572487
v -1732.993620634079 3199.8868227005005 472.7726086974144
v -1456.2424898147583 3262.443220615387 470.7850679755211
v -1172.5237250328064 3299.6301651000977 466.4217799901962
v -884.7742199897766 3312.2244119644165 459.953773021698
v -595.8152323961258 3302.302062511444 451.82203352451324
v -308.1092193722725 3273.08611869812 442.6138237118721
v -23.56111165136099 3228.7304282188416 433.03769677877426
v 256.03599175810814 3160.66654920578 421.36754393577576
v 527.7367874979973 3065.297496318817 406.7634791135788
v 789.8056775331497 2953.894591331482 391.14782214164734
v 1042.1157330274582 2836.2348675727844 376.18231773376465
v 1285.8191668987274 2720.326614379883 363.2701575756073
v 1522.9853630065918 2612.1601462364197 353.5446360707283
v 1756.214040517807 2515.552341938019 347.8568807244301
v 1988.214248418808 2432.0347785949707 346.7522382736206
v 2221.3647842407227 2360.869359970093 350.44642090797424
v 2457.310736179352 2299.231880903244 358.8155671954155
v 2696.594023704529 2242.583954334259 371.40100598335266
v 2938.420069217682 2185.1816177368164 387.4340698122978
v 3180.534279346466 2120.7228124141693 405.88116347789764
v 3419.272768497467 2043.0564165115356 425.5121037364006
v 3649.754011631012 1946.8463122844696 444.97538208961487
v 3866.219925880432 1828.1826734542847 462.8903925418854
v 4062.490463256836 1685.0312113761902 477.9407560825348
v 4232.506763935089 1517.483639717102 488.96884471178055
v 4370.906114578247 1327.7945518493652 495.0673580169678
v 4473.5949873924255 1120.1923042535782 495.6656903028488
v 4538.279855251312 900.4421770572662 490.6047821044922
v 4564.862835407257 675.1966327428818 480.19161373376846
v 4555.6396484375 451.1834993958473 465.2189463376999
v 4515.219008922577 234.29068475961685 446.9387263059616
v 4410.682153701782 28.734080772846937 607.5758993625641
v 4324.392890930176 -162.18410432338715 578.0212730169296
v 4212.56856918335 -336.81593984365463 545.0199469923973
v 4086.290228366852 -494.8093190789223 512.3669683933258
v 3954.192113876343 -638.6837631464005 483.00512582063675
v 3822.0632910728455 -772.6652979850769 458.9457109570503
v 3692.816662788391 -901.5192985534668 441.27098619937897
v 3566.8607592582703 -1029.5793384313583 430.2427604794502
v 3442.7106142044067 -1160.0864470005035 425.47676861286163
v 3317.701733112335 -1294.8686599731445 426.1457368731499
v 3188.6793851852417 -1434.3363583087921 431.1833396553993
v 3052.5757551193237 -1577.7212858200073 439.466392993927
v 2906.817924976349 -1723.4492301940918 449.9563664197922
v 2749.541187286377 -1869.5437550544739 461.78886890411377
v 2579.6499133110046 -2014.0003204345703 474.32430386543274
v 2396.754217147827 -2155.0641655921936 487.1559575200081
v 2201.0032534599304 -2291.344231367111 500.0752463936806
v 1992.9244101047516 -2421.86895608902 513.036073744297
v 1773.2383728027344 -2545.972216129303 526.0867297649384
v 1542.7328646183014 -2663.1455421447754 539.3123134970665
v 1302.1790206432343 -2772.8402972221375 552.7755096554756
v 1052.3073971271515 -2874.225163459778 566.4543494582176
v 793.8471794128418 -2965.998876094818 580.1986157894135
v 527.6160791516304 -3046.16676568985 593.6740815639496
v 254.66143488883972 -3111.922037601471 606.329470872879
v -23.561360128223896 -3159.5382928848267 617.3555374145508
v -305.5356502532959 -3197.116494178772 629.0602713823318
v -590.9441947937012 -3229.4153332710266 642.8581744432449
v -878.5901963710785 -3247.7303743362427 656.5721780061722
v -1166.0054743289948 -3244.647479057312 668.2913064956665
v -1449.7350692749023 -3214.4126772880554 676.4104336500168
v -1725.6758570671082 -3153.2063484191895 679.6637326478958
v -1989.4834339618683 -3059.403967857361 677.1860241889954
v -2237.001210451126 -2933.6646676063538 668.5560971498489
v -2464.7136330604553 -2778.89723777771 653.8397550582886
v -2670.1563596725464 -2599.9895095825195 633.600988984108
v -2852.22704410553 -2403.3244252204895 608.8722288608551
v -3011.368763446808 -2196.169435977936 581.1016321182251
v -3149.5580911636353 -1985.8734250068665 552.037687599659
v -3270.132637023926 -1779.1434168815613 523.6107349395752
v -3377.4431109428406 -1581.3478827476501 497.7840155363083
v -3476.357877254486 -1395.9842801094055 476.39622390270233
v -3571.71733379364 -1224.3962347507477 461.02311462163925
v -3667.7444219589233 -1065.7192528247833 452.8449356555939
v -3767.482829093933 -917.0977354049683 452.5400459766388
v -3872.3100423812866 -774.1157859563828 460.19563525915146
v -3981.571865081787 -631.441468000412 475.2511739730835
v -4092.3707485198975 -483.6247757077217 496.4729145169258
v -4199.586081504822 -325.9687080979347 521.9740435481071
v -4296.171677112579 -155.4121844470501 549.3033796548843
v -4373.696732521057 28.734346386045218 575.5808532238007
v -4422.0922112464905 224.19834285974503 597.2989648580551
v -4436.127007007599 426.1253446340561 612.6708745956421
v -4415.6511425971985 629.191330075264 621.6681361198425
v -4362.501633167267 828.6340773105621 624.859607219696
v -4280.177307128906 1020.9047883749008 623.3354330062866
v -4173.305249214172 1204.104346036911 618.5770839452744
v -4046.947121620178 1378.1010746955872 612.2687876224518
v -3905.8769702911377 1544.3006336688995 606.082159280777
v -3753.9632201194763 1705.1291167736053 601.4694005250931
v -3593.748903274536 1863.3264183998108 599.4933754205704
v -3426.3274550437927 2021.2063550949097 600.7249981164932
v -3251.4628052711487 2180.049902200699 605.2160203456879
v -3067.9458141326904 2339.7085905075073 612.5422835350037
v -2874.065589904785 2498.508131504059 621.9060570001602
v -2668.102192878723 2653.4159421920776 632.270935177803
v -2448.7661480903625 2800.4701018333435 642.5190806388855
v -2215.5021011829376 2935.271370410919 651.5811860561371
v -1968.6287879943848 3053.565275669098 658.555194735527
v -1709.3325912952423 3151.7120599746704 662.7770394086838
v -1439.5373046398163 3227.0455837249756 663.857039809227
v -1161.6878032684326 3278.091025352478 661.6865515708923
v -878.5104095935822 3304.615604877472 656.4139753580093
v -592.7740812301636 3307.603633403778 648.4193950891495
v -307.0567399263382 3289.1172289848328 638.2739305496216
v -23.56111165136099 3252.1408557891846 626.7112225294113
v 255.5532954633236 3189.635455608368 611.7310494184494
v 527.2613227367401 3099.6143102645874 592.5950407981873
v 789.7148549556732 2992.514407634735 571.8078777194023
v 1042.575055360794 2877.54248380661 551.5671923756599
v 1286.7238283157349 2762.3542308807373 533.7491735816002
v 1523.950618505478 2652.842080593109 519.9027746915817
v 1756.593096256256 2552.9035210609436 511.2141728401184
v 1987.1533036231995 2464.337182044983 508.47818553447723
v 2217.884188890457 2386.813223361969 512.0600566267967
v 2450.397527217865 2318.0060386657715 521.8723565340042
v 2685.3070735931396 2253.9199829101562 537.3784095048904
v 2921.969735622406 2189.320796728134 557.6075792312622
v 3158.3680868148804 2118.3739006519318 581.2250137329102
v 3391.113519668579 2035.2796733379364 606.6042006015778
v 3615.6272053718567 1934.9419057369232 631.9376677274704
v 3826.4647245407104 1813.5781288146973 655.3646832704544
v 4017.7437901496887 1669.1629648208618 675.0990927219391
v 4183.680272102356 1501.695317029953 689.5651757717133
v 4319.160413742065 1313.254714012146 697.5313782691956
v 4420.29550075531 1107.815209031105 698.2281416654587
v 4484.931290149689 890.823894739151 691.4501041173935
v 4513.0176067352295 668.5648709535599 677.6235491037369
v 4506.776416301727 447.379507124424 657.8279286623001
v 4470.596539974213 232.7922835946083 633.7480187416077
v 4350.1922607421875 28.734080772846937 787.8807872533798
v 4272.493374347687 -160.8529195189476 753.6481469869614
v 4172.119414806366 -336.1698657274246 716.2911415100098
v 4058.1334471702576 -497.08403050899506 679.819330573082
v 3937.5720620155334 -645.7899957895279 647.3299354314804
v 3815.080988407135 -785.8295679092407 620.9011137485504
v 3692.9795265197754 -921.154522895813 601.6359657049179
v 3571.55282497406 -1055.3375124931335 589.7739201784134
v 3449.5656967163086 -1191.0457730293274 584.8810851573944
v 3324.839496612549 -1329.785656929016 586.0628068447113
v 3194.8013067245483 -1471.8949556350708 592.1749264001846
v 3056.9442868232727 -1616.7238593101501 602.0073443651199
v 2909.1580629348755 -1762.9297018051147 614.4310504198074
v 2749.894332885742 -1908.7808907032013 628.484833240509
v 2578.2373309135437 -2052.466869354248 643.4338182210922
v 2393.842136859894 -2192.287850379944 658.7648749351501
v 2196.843785047531 -2326.804518699646 674.175101518631
v 1987.7177059650421 -2454.8601031303406 689.5221292972565
v 1767.1527802944183 -2575.532805919647 704.7686010599136
v 1535.957431793213 -2688.0590319633484 719.9322015047073
v 1294.979703426361 -2791.6776537895203 735.0190311670303
v 1045.0885444879532 -2885.480308532715 749.9717175960541
v 787.1840924024582 -2968.2479858398438 764.6132081747055
v 522.2626879811287 -3038.2985830307007 778.5970747470856
v 251.51100531220436 -3093.3698296546936 791.3629591464996
v -23.561357986181974 -3130.526614189148 802.0912647247314
v -301.4173433184624 -3156.587827205658 813.296166062355
v -581.5169483423233 -3175.4786491394043 826.4748305082321
v -862.58684694767 -3180.031704902649 839.2680644989014
v -1142.3011928796768 -3164.1796350479126 849.6044963598251
v -1417.5258874893188 -3123.2882261276245 855.7521224021912
v -1684.620213508606 -3054.431688785553 856.3741713762283
v -1939.7899806499481 -2956.576633453369 850.5872309207916
v -2179.4643878936768 -2830.673921108246 838.0197167396545
v -2400.677478313446 -2679.5709252357483 818.8451856374741
v -2601.4193654060364 -2507.7839612960815 793.7977582216263
v -2780.8905363082886 -2321.0425972938538 764.1292095184326
v -2939.6226286888123 -2125.7238805294037 731.532883644104
v -3079.4833660125732 -1928.2086968421936 698.0332672595978
v -3203.475308418274 -1734.2060506343842 665.8258676528931
v -3315.440833568573 -1548.1993556022644 637.1255904436111
v -3419.6163177490234 -1372.9886889457703 613.9815300703049
v -3520.157253742218 -1209.4780266284943 598.1289803981781
v -3620.6181287765503 -1056.6433012485504 590.8360987901688
v -3723.4665751457214 -911.744824051857 592.7855283021927
v -3829.6696305274963 -770.7285493612289 603.9798051118851
v -3938.386380672455 -628.8039118051529 623.6802160739899
v -4046.798515319824 -481.1535105109215 650.3815740346909
v -4150.167632102966 -323.7039014697075 681.8514257669449
v -4242.070758342743 -153.88314351439476 715.2141571044922
v -4314.956116676331 28.734344244003296 747.1415489912033
v -4359.2594385147095 221.88450917601585 773.2970118522644
v -4369.758939743042 420.80159932374954 791.3373231887817
v -4346.444749832153 620.2793389558792 801.2765347957611
v -4291.1662220954895 815.6711250543594 803.8461625576019
v -4207.3423981666565 1003.5022228956223 800.4130691289902
v -4099.455046653748 1181.8768739700317 792.8183138370514
v -3972.4172234535217 1350.60356259346 783.1604808568954
v -3830.9174299240112 1511.0058307647705 773.5471338033676
v -3678.8410902023315 1665.469878911972 765.8511370420456
v -3518.8658595085144 1816.808533668518 761.5067332983017
v -3352.31329202652 1967.5746977329254 761.3780051469803
v -3179.2077898979187 2119.460207223892 765.7038331031799
v -2998.5792994499207 2272.883188724518 774.1360068321228
v -2808.8592290878296 2426.812171936035 785.8349829912186
v -2608.344089984894 2578.8649320602417 799.6243178844452
v -2395.5958008766174 2725.6037831306458 814.155450463295
v -2169.775229692459 2862.968921661377 828.0726909637451
v -1930.8086216449738 2986.784017086029 840.1548355817795
v -1679.4355809688568 3093.199837207794 849.4096904993057
v -1417.1417593955994 3179.0690541267395 855.1376819610596
v -1145.9934562444687 3242.1899914741516 856.9480329751968
v -868.4495985507965 3281.419861316681 854.7496467828751
v -587.1513068675995 3296.689021587372 848.7214267253876
v -304.71509397029877 3288.9296889305115 839.2731368541718
v -23.56111379340291 3259.965169429779 827.0118832588196
v 253.8681425154209 3204.3548822402954 809.9303841590881
v 524.5506286621094 3121.6305255889893 787.623742222786
v 786.5747928619385 3021.1468935012817 763.0026668310165
v 1039.4035995006561 2911.316418647766 738.663724064827
v 1283.6376428604126 2799.27521944046 716.8624669313431
v 1520.7436561584473 2690.630853176117 699.4882106781006
v 1752.7397513389587 2589.241051673889 688.0226314067841
v 1981.8432331085205 2497.060179710388 683.4893852472305
v 2210.0933253765106 2414.1000270843506 686.4070862531662
v 2438.976776599884 2338.499176502228 696.747288107872
v 2669.0823912620544 2266.8078780174255 713.9310568571091
v 2899.863588809967 2194.391506910324 736.8529617786407
v 3129.4800639152527 2115.961652994156 763.9348149299622
v 3354.820680618286 2026.2279868125916 793.2397305965424
v 3571.6422080993652 1920.493370294571 822.5872129201889
v 3774.883806705475 1795.2611684799194 849.7251361608505
v 3959.0670585632324 1648.6555695533752 872.483903169632
v 4118.82129907608 1480.6986451148987 888.9591872692108
v 4249.422657489777 1293.353396654129 897.673836350441
v 4347.3270654678345 1090.3506100177765 897.7296322584152
v 4410.6360912323 876.7752528190613 888.924914598465
v 4439.426779747009 658.4581345319748 871.8299120664597
v 4435.888743400574 441.24017506837845 847.8036731481552
v 4404.20708656311 230.15875443816185 818.9301818609238
v 4269.453251361847 28.734080772846937 966.6777461767197
v 4200.750255584717 -158.54582041502 929.6618223190308
v 4112.10275888443 -333.6043506860733 890.3279006481171
v 4010.6452345848083 -496.5005725622177 852.5566071271896
v 3901.827585697174 -649.0801721811295 819.2885369062424
v 3789.2295241355896 -794.2097157239914 792.4810707569122
v 3674.592649936676 -935.0323498249054 773.1359988451004
v 3558.0981969833374 -1074.3730336427689 761.4369541406631
v 3438.754451274872 -1214.3265128135681 756.9231748580933
v 3314.8496985435486 -1356.0666263103485 758.6987048387527
v 3184.373915195465 -1499.83691573143 765.6291872262955
v 3045.37273645401 -1645.0866878032684 776.5145987272263
v 2896.1865425109863 -1790.674388408661 790.2167439460754
v 2735.5963230133057 -1935.1053178310394 805.7458281517029
v 2562.8727555274963 -2076.7496049404144 822.3080962896347
v 2377.744948863983 -2213.9914989471436 839.3050789833069
v 2180.3498566150665 -2345.358645915985 856.3296854496002
v 1971.1319267749786 -2469.553482532501 873.1232941150665
v 1750.7607102394104 -2585.441994667053 889.5309925079346
v 1520.0650572776794 -2692.035210132599 905.4672360420227
v 1279.967176914215 -2788.394331932068 920.8559393882751
v 1031.4630329608917 -2873.547661304474 935.588937997818
v 775.612610578537 -2946.372151374817 949.4714945554733
v 513.5767251253128 -3005.504298210144 962.1803492307663
v 246.6678999364376 -3049.21977519989 973.2082664966583
v -23.56135370209813 -3075.406563282013 981.8385362625122
v -295.5709397792816 -3089.657139778137 990.6039774417877
v -568.6272025108337 -3095.14844417572 1000.9746134281158
v -841.418468952179 -3086.2877249717712 1010.6266885995865
v -1111.808729171753 -3058.3999156951904 1017.5285875797272
v -1377.036291360855 -3007.991397380829 1019.990599155426
v -1633.9723348617554 -2933.0044388771057 1016.7401105165482
v -1879.4144213199615 -2832.9581260681152 1006.9785684347153
v -2110.404270887375 -2709.0084075927734 990.4439240694046
v -2324.535393714905 -2563.8537764549255 967.4351722002029
v -2520.241391658783 -2401.521408557892 938.8270884752274
v -2696.9863772392273 -2226.968228816986 906.0129255056381
v -2855.3499698638916 -2045.59725522995 870.8227753639221
v -2997.0181107521057 -1862.7256870269775 835.4071110486984
v -3124.59853887558 -1683.026397228241 802.0696729421616
v -3241.3553833961487 -1510.069364309311 773.1035768985748
v -3350.84285736084 -1345.9764778614044 750.6139189004898
v -3456.4786314964294 -1191.238933801651 736.3468915224075
v -3561.123788356781 -1044.7293668985367 731.5452218055725
v -3666.6633248329163 -903.8941204547882 736.8198543787003
v -3773.667812347412 -765.1139318943024 752.0556330680847
v -3881.1378598213196 -624.2065072059631 776.3470739126205
v -3986.393618583679 -477.0500436425209 807.9900026321411
v -4085.1191997528076 -320.2303320169449 844.5139765739441
v -4171.62698507309 -151.69281139969826 882.8040212392807
v -4239.277946949005 28.734339959919453 919.2673325538635
v -4279.396986961365 218.84765923023224 949.0354090929031
v -4287.031018733978 414.1373470425606 969.3405270576477
v -4262.172365188599 609.6717417240143 980.188649892807
v -4206.5415143966675 801.0322391986847 982.4067771434784
v -4123.288810253143 984.8665952682495 977.5308042764664
v -4016.562068462372 1159.2695236206055 967.6388204097748
v -3890.9409403800964 1323.9124178886414 955.1160663366318
v -3750.861132144928 1479.90420460701 942.3924744129181
v -3600.0879764556885 1629.4099569320679 931.6741764545441
v -3441.347110271454 1775.1147329807281 924.7262835502625
v -3276.142966747284 1919.593507051468 922.7033734321594
v -3104.7916769981384 2064.7755563259125 926.0875940322876
v -2926.6313672065735 2211.5059077739716 934.6912682056427
v -2740.358853340149 2359.3377828598022 947.7487444877625
v -2544.4252848625183 2506.5383553504944 964.0613704919815
v -2337.4019026756287 2650.2886295318604 982.1646749973297
v -2118.306863307953 2787.0168447494507 1000.507065653801
v -1886.7911338806152 2912.8263354301453 1017.6072090864182
v -1643.2307541370392 3023.88596534729 1032.1690499782562
v -1388.712990283966 3116.7991757392883 1043.1674927473068
v -1124.9270051717758 3188.8565063476562 1049.8821943998337
v -854.0274530649185 3238.1962656974792 1051.9051730632782
v -578.4624308347702 3263.862657546997 1049.1169542074203
v -300.79803615808487 3265.8071517944336 1041.6601806879044
v -23.56111379340291 3244.8065042495728 1029.895743727684
v 250.6451576948166 3196.992015838623 1012.0564073324203
v 518.8999220728874 3123.16073179245 988.227304816246
v 779.2949348688126 3031.410872936249 961.5223824977875
v 1031.1309307813644 2929.1669964790344 934.7696840763092
v 1274.7379899024963 2822.868251800537 910.4754328727722
v 1511.2440943717957 2717.673909664154 890.7693326473236
v 1742.3066020011902 2617.2410011291504 877.3510336875916
v 1969.7955667972565 2523.5463738441467 871.4206278324127
v 2195.4536855220795 2436.8280172348022 873.6191511154175
v 2420.5509662628174 2355.623722076416 883.9713484048843
v 2645.567774772644 2277.017706632614 901.8789559602737
v 2869.9671268463135 2196.986359357834 926.1402368545532
v 3092.0430660247803 2110.8853220939636 955.0080388784409
v 3308.933687210083 2014.036238193512 986.3163977861404
v 3516.756856441498 1902.2915661334991 1017.6224261522293
v 3710.883843898773 1772.5767731666565 1046.390700340271
v 3886.33770942688 1623.3083248138428 1070.1971143484116
v 4038.2657170295715 1454.62646484375 1086.9247138500214
v 4162.452602386475 1268.439906835556 1094.9643969535828
v 4255.800116062164 1068.2461768388748 1093.3785319328308
v 4316.750907897949 858.7397396564484 1082.0359230041504
v 4345.560789108276 645.2362179756165 1061.6805613040924
v 4344.404017925262 432.9956442117691 1033.941975235939
v 4317.232918739319 226.4827363193035 1001.2474238872528
v 4169.608736038208 28.734080772846937 1143.1933790445328
v 4109.71052646637 -155.29493764042854 1105.0308287143707
v 4032.289934158325 -329.0442004799843 1065.664690732956
v 3942.7173495292664 -492.70627945661545 1028.5633593797684
v 3845.0608015060425 -647.7908343076706 996.3258683681488
v 3741.94118976593 -796.5302497148514 970.6356912851334
v 3634.609878063202 -941.3307070732117 952.32352912426
v 3523.154056072235 -1084.3235552310944 941.4843171834946
v 3406.8087577819824 -1227.0751237869263 937.6520842313766
v 3284.283137321472 -1370.439487695694 939.9744689464569
v 3154.07577753067 -1514.5548343658447 947.389566898346
v 3014.7261142730713 -1658.9320242404938 958.7694644927979
v 2864.9959444999695 -1802.5960683822632 973.0279237031937
v 2703.9769053459167 -1944.2572176456451 989.1970157623291
v 2531.1299562454224 -2082.45148062706 1006.4574867486954
v 2346.2796211242676 -2215.66304564476 1024.1478741168976
v 2149.5812237262726 -2342.410922050476 1041.7564183473587
v 1941.475510597229 -2461.315703392029 1058.9051604270935
v 1722.6270973682404 -2571.0970997810364 1075.3092259168625
v 1493.8878655433655 -2670.6095814704895 1090.7649666070938
v 1256.243634223938 -2758.7857604026794 1105.0984144210815
v 1010.7942819595337 -2834.620761871338 1118.1433469057083
v 758.7331146001816 -2897.114372253418 1129.7000914812088
v 501.35306864976883 -2945.197010040283 1139.491930603981
v 240.06491005420685 -2977.674615383148 1147.1278131008148
v -23.561349418014288 -2993.2042479515076 1152.0780205726624
v -288.00750970840454 -2996.3024973869324 1156.7673444747925
v -552.3941919207573 -2989.501702785492 1162.5549018383026
v -815.4174387454987 -2968.7195777893066 1167.3471808433533
v -1075.165143609047 -2930.591368675232 1169.314706325531
v -1329.275542497635 -2872.6993441581726 1166.9564723968506
v -1575.1417875289917 -2793.76060962677 1159.1697216033936
v -1810.1519584655762 -2693.752682209015 1145.317393541336
v -2031.9409668445587 -2573.9433765411377 1125.2820014953613
v -2238.626968860626 -2436.781406402588 1099.47988986969
v -2429.035234451294 -2285.7277631759644 1068.8747376203537
v -2602.836060523987 -2124.9017477035522 1034.9107950925827
v -2760.6041312217712 -1958.716994524002 999.441185593605
v -2903.7895917892456 -1791.4231777191162 964.5986974239349
v -3034.5606684684753 -1626.6819894313812 932.6403230428696
v -3155.5821299552917 -1467.2086477279663 905.7896733283997
v -3269.702172279358 -1314.4985377788544 886.0569089651108
v -3379.618191719055 -1168.712466955185 875.0861585140228
v -3487.515962123871 -1028.6886602640152 874.0024566650391
v -3594.7386980056763 -892.1257078647614 883.2935720682144
v -3701.506018638611 -755.888757109642 902.7128785848618
v -3806.7266821861267 -616.4451867341995 931.2324702739716
v -3907.9089283943176 -470.37893682718277 967.026299238205
v -4001.2323141098022 -314.9349644780159 1007.5264513492584
v -4081.753897666931 -148.54683727025986 1049.529391527176
v -4143.806076049805 28.73433567583561 1089.3904268741608
v -4179.846668243408 214.83187898993492 1122.0437824726105
v -4185.390615463257 405.6380331516266 1144.4753140211105
v -4160.340583324432 596.6381192207336 1156.6243588924408
v -4106.140959262848 783.7383180856705 1159.3010544776917
v -4025.5346536636353 963.7622386217117 1154.078859090805
v -3922.174036502838 1134.7955465316772 1143.1159228086472
v -3800.149619579315 1296.3204503059387 1128.9198398590088
v -3663.496255874634 1449.1280317306519 1114.0899866819382
v -3515.73224067688 1595.0174689292908 1101.0411471128464
v -3359.5259070396423 1736.3561809062958 1091.7776554822922
v -3196.513020992279 1875.5495607852936 1087.7140820026398
v -3027.281427383423 2014.5589649677277 1089.5843416452408
v -2851.514995098114 2154.4870138168335 1097.4229127168655
v -2668.2582020759583 2295.3478276729584 1110.635370016098
v -2476.2377500534058 2436.005198955536 1128.121766448021
v -2274.179655313492 2574.2852807044983 1148.435041308403
v -2061.105638742447 2707.202100753784 1169.9487507343292
v -1836.529165506363 2831.3031673431396 1191.0256206989288
v -1600.573754310608 2942.9969787597656 1210.1427793502808
v -1354.0028631687164 3038.8861536979675 1225.9937524795532
v -1098.1634765863419 3116.018855571747 1237.5426828861237
v -834.8957628011703 3172.071123123169 1244.047087430954
v -566.4066761732101 3205.4535269737244 1245.053881406784
v -295.12395560741425 3215.3544902801514 1240.3818309307098
v -23.56111379340291 3201.7274022102356 1230.0900220870972
v 245.6577643752098 3162.1312260627747 1212.840449810028
v 509.81248915195465 3098.3185291290283 1189.2845690250397
v 767.0689821243286 3017.0029163360596 1162.51802444458
v 1016.6189908981323 2924.496591091156 1135.4230791330338
v 1258.54771733284 2826.3816118240356 1110.598012804985
v 1493.6494648456573 2727.2154211997986 1090.2861088514328
v 1723.1979429721832 2630.2958726882935 1076.296827197075
v 1948.6701667308807 2537.476706504822 1069.921836256981
v 2171.4491069316864 2449.1061329841614 1071.8670159578323
v 2392.5145506858826 2364.038622379303 1082.180416584015
v 2612.1626138687134 2279.8484921455383 1100.2472549676895
v 2829.7924280166626 2193.1231439113617 1124.7961521148682
v 3043.7844038009644 2099.9106645584106 1153.9779603481293
v 3251.5039324760437 1996.2281584739685 1185.4896247386932
v 3449.436831474304 1878.5837888717651 1216.7443811893463
v 3633.4303498268127 1744.4419264793396 1245.062381029129
v 3799.0641355514526 1592.604261636734 1267.9007291793823
v 3942.0817971229553 1423.4094083309174 1283.072280883789
v 4058.847689628601 1238.7527823448181 1288.9592289924622
v 4146.776008605957 1041.910782456398 1284.6869349479675
v 4204.684484004974 837.1667385101318 1270.256495475769
v 4233.029079437256 629.2866766452789 1246.6126024723053
v 4233.952796459198 422.90618121623993 1215.6306564807892
v 4211.1655831336975 221.88123613595963 1180.0308108329773
v 4051.8974661827087 28.734080772846937 1317.0754313468933
v 4000.1832962036133 -151.15275979042053 1279.0275573730469
v 3932.9463481903076 -322.4969893693924 1240.9898281097412
v 3854.0786266326904 -485.5668365955353 1205.8695256710052
v 3766.483163833618 -641.5523171424866 1175.7986843585968
v 3672.0030069351196 -792.1285420656204 1152.1206557750702
v 3571.4900374412537 -939.0583604574203 1135.4520738124847
v 3464.970302581787 -1083.8750630617142 1125.7936924695969
v 3351.872956752777 -1227.6780486106873 1122.6801574230194
v 3231.2668800354004 -1371.0325419902802 1125.3288865089417
v 3102.078652381897 -1513.9624655246735 1132.7808618545532
v 2963.275980949402 -1656.0107588768005 1144.0163344144821
v 2813.9858722686768 -1796.3284194469452 1158.0369412899017
v 2653.579080104828 -1933.7855458259583 1173.92218708992
v 2481.704103946686 -2067.0700430870056 1190.8571362495422
v 2298.289519548416 -2194.7680950164795 1208.1361830234528
v 2103.539729118347 -2315.441071987152 1225.1664102077484
v 1897.9068577289581 -2427.6763916015625 1241.453605890274
v 1682.0703268051147 -2530.1393389701843 1256.5996587276459
v 1456.9020330905914 -2621.5914368629456 1270.2776074409485
v 1223.4382450580597 -2700.9148478507996 1282.222729921341
v 982.8568458557129 -2767.1356797218323 1292.2251403331757
v 736.4413470029831 -2819.37518119812 1300.083178281784
v 485.5742737650871 -2856.858515739441 1305.5975139141083
v 231.72232508659363 -2878.874182701111 1308.5374236106873
v -23.561342991888523 -2884.769904613495 1308.6268067359924
v -278.8124606013298 -2878.145682811737 1308.093112707138
v -533.0646455287933 -2861.01016998291 1308.1446588039398
v -785.0657671689987 -2830.62127828598 1307.0514976978302
v -1033.1480830907822 -2784.768009185791 1303.30508351326
v -1275.3463983535767 -2721.953332424164 1295.6869542598724
v -1509.557604789734 -2641.554307937622 1283.346050977707
v -1733.7170481681824 -2543.8717126846313 1265.8373773097992
v -1945.992648601532 -2430.1774740219116 1243.1912302970886
v -2144.9662029743195 -2302.617335319519 1215.9222483634949
v -2329.7796607017517 -2164.0312671661377 1185.012000799179
v -2500.250554084778 -2017.7223324775696 1151.8763601779938
v -2656.890094280243 -1867.1360313892365 1118.2735830545425
v -2800.879454612732 -1715.5301868915558 1086.19724214077
v -2933.935284614563 -1565.6446933746338 1057.7300876379013
v -3058.1279277801514 -1419.4352865219116 1034.8986625671387
v -3175.639593601227 -1277.8798341751099 1019.516333937645
v -3288.488805294037 -1140.8902555704117 1013.0320131778717
v -3398.249638080597 -1007.3453545570374 1016.3953959941864
v -3505.789875984192 -875.2441555261612 1029.9436569213867
v -3611.0533118247986 -741.9648677110672 1053.3165216445923
v -3712.918543815613 -604.620087146759 1085.411575436592
v -3809.137284755707 -460.4781448841095 1124.376928806305
v -3896.4072942733765 -307.39847272634506 1167.6683843135834
v -3970.5544352531433 -144.25439089536667 1212.1607542037964
v -4026.8540143966675 28.734327107667923 1254.327517747879
v -4059.030842781067 209.67511013150215 1289.2427325248718
v -4063.1951093673706 394.96675729751587 1313.8428330421448
v -4039.095115661621 580.6129038333893 1327.9302716255188
v -3987.822651863098 762.9228800535202 1332.1937918663025
v -3911.6092801094055 938.9429301023483 1328.0984818935394
v -3813.512670993805 1106.7642033100128 1317.7167415618896
v -3697.027540206909 1265.6629979610443 1303.5081148147583
v -3565.6779408454895 1416.0527110099792 1288.0677282810211
v -3422.635328769684 1559.2736780643463 1273.8754153251648
v -3270.4153180122375 1697.2425639629364 1263.0577266216278
v -3110.7093334198 1832.028615474701 1257.2142362594604
v -2944.331419467926 1965.4432117938995 1257.3047161102295
v -2771.3139295578003 2098.675888776779 1263.6136293411255
v -2591.085195541382 2232.0508658885956 1275.7842659950256
v -2402.725064754486 2364.9269700050354 1292.9171741008759
v -2205.2227675914764 2495.731222629547 1313.7046456336975
v -1997.735196352005 2622.106349468231 1336.582201719284
v -1779.7684133052826 2741.150963306427 1359.8837792873383
v -1551.3147413730621 2849.6949791908264 1381.9788217544556
v -1312.907189130783 2944.5658445358276 1401.3745486736298
v -1065.6059473752975 3022.827899456024 1416.7871057987213
v -810.9543144702911 3081.977593898773 1427.1892726421356
v -550.8894503116608 3120.071804523468 1431.8195104599
v -287.6293793320656 3135.8087182044983 1430.1825106143951
v -23.561115935444832 3128.570330142975 1422.0379531383514
v 238.80482390522957 3097.155177593231 1406.6096305847168
v 497.03402668237686 3043.9088821411133 1385.0944817066193
v 749.4337737560272 2974.1360306739807 1360.3679835796356
v 995.1424330472946 2892.9586052894592 1335.1786673069
v 1234.0402901172638 2804.9946427345276 1312.0531141757965
v 1466.6053116321564 2714.0678763389587 1293.1947827339172
v 1693.7263250350952 2622.990036010742 1280.4007947444916
v 1916.4672911167145 2533.372211456299 1274.9513030052185
v 2135.8095049858093 2445.551919937134 1277.532035112381
v 2352.3974299430847 2358.6235404014587 1288.1750702857971
v 2566.2830233573914 2270.5908954143524 1306.2284052371979
v 2776.759994029999 2178.643077611923 1330.3826868534088
v 2982.2556376457214 2079.5314490795135 1358.7445557117462
v 3180.346465110779 1970.0166940689087 1388.9733254909515
v 3367.8793907165527 1847.3101139068604 1418.4527575969696
v 3541.199576854706 1709.483528137207 1444.5006728172302
v 3696.4734196662903 1555.7807445526123 1464.602416753769
v 3830.0745964050293 1386.7789149284363 1476.6426801681519
v 3938.9753222465515 1204.3803095817566 1479.1130542755127
v 4021.1140275001526 1011.6436958312988 1471.2938129901886
v 4075.68736076355 812.4346882104874 1453.371810913086
v 4103.325939178467 610.9566926956177 1426.4975130558014
v 4106.128895282745 411.2191319465637 1392.768681049347
v 4087.5051259994507 216.4688102900982 1355.103975534439
v 3917.425489425659 28.734080772846937 1488.2306814193726
v 3873.015785217285 -146.17203250527382 1451.1457324028015
v 3814.6373629570007 -314.0179306268692 1415.2009665966034
v 3745.0098276138306 -475.08885860443115 1382.6903223991394
v 3666.127574443817 -630.2838057279587 1355.2498400211334
v 3579.2356610298157 -780.8058798313141 1333.8689029216766
v 3484.889578819275 -927.884030342102 1318.9458966255188
v 3383.0819249153137 -1072.5558280944824 1310.389518737793
v 3273.4058141708374 -1215.5308544635773 1307.7403783798218
v 3155.2226781845093 -1357.1227729320526 1310.2913618087769
v 3027.808952331543 -1497.243982553482 1317.193740606308
v 2890.4791831970215 -1635.4441404342651 1327.5461435317993
v 2742.6677346229553 -1770.9591031074524 1340.447062253952
v 2583.989930152893 -1902.7893424034119 1355.0433814525604
v 2414.2670035362244 -2029.7513544559479 1370.5395638942719
v 2233.541589975357 -2150.5460679531097 1386.2130045890808
v 2042.078685760498 -2263.8036727905273 1401.4073133468628
v 1840.368801355362 -2368.160116672516 1415.5526041984558
v 1629.1093170642853 -2462.2857570648193 1428.1491816043854
v 1409.1936528682709 -2544.9429392814636 1438.7760400772095
v 1181.6941320896149 -2615.056872367859 1447.112113237381
v 947.826886177063 -2671.7095971107483 1452.9032349586487
v 708.9246422052383 -2714.1920804977417 1455.981332063675
v 466.40707701444626 -2742.0042157173157 1456.244957447052
v 221.74623608589172 -2754.8529028892517 1453.6502420902252
v -23.56133656576276 -2752.6731610298157 1448.2159674167633
v -268.13976243138313 -2738.3071541786194 1441.9250130653381
v -510.9952047467232 -2713.3366346359253 1435.8092606067657
v -750.963431596756 -2676.119804382324 1428.5693645477295
v -986.6245776414871 -2625.3921389579773 1419.0832376480103
v -1216.3853406906128 -2560.397446155548 1406.4654111862183
v -1438.5915160179138 -2480.9887647628784 1390.1292741298676
v -1651.66375041008 -2387.69828081131 1369.8495864868164
v -1854.2189359664917 -2281.6977083683014 1345.7718014717102
v -2045.2125787734985 -2164.780741930008 1318.4619665145874
v -2224.0354478359222 -2039.1996443271637 1288.8743698596954
v -2390.579926967621 -1907.4730455875397 1258.3028733730316
v -2545.260989665985 -1772.1857905387878 1228.332656621933
v -2688.9756202697754 -1635.7148945331573 1200.719302892685
v -2823.0069875717163 -1500.0137627124786 1177.282828092575
v -2948.87433052063 -1366.4072394371033 1159.7675740718842
v -3068.156111240387 -1235.466718673706 1149.7174561023712
v -3182.269299030304 -1106.947562098503 1148.3340740203857
v -3292.2648310661316 -979.8276901245117 1156.3640236854553
v -3398.6181378364563 -852.4343907833099 1173.9929258823395
v -3501.075327396393 -722.6534515619278 1200.776332616806
v -3598.5435128211975 -588.2093042135239 1235.5976402759552
v -3689.052700996399 -446.9980865716934 1276.6667187213898
v -3769.821870326996 -297.425776720047 1321.5737879276276
v -3837.4144315719604 -138.73680792748928 1367.40100979805
v -3887.986636161804 28.734318539500237 1410.877811908722
v -3916.544270515442 203.3174954354763 1447.507482767105
v -3919.8522686958313 381.9697380065918 1474.3603944778442
v -3897.485649585724 561.2671464681625 1491.0528302192688
v -3850.1559138298035 737.9687428474426 1498.0583012104034
v -3779.5490026474 909.3816548585892 1496.609526872635
v -3688.0892276763916 1073.6312359571457 1488.5474979877472
v -3578.629994392395 1229.8008978366852 1476.1236548423767
v -3454.126977920532 1377.9227197170258 1461.7739617824554
v -3317.331862449646 1518.8372731208801 1447.8872239589691
v -3170.5368041992188 1653.9445281028748 1436.592322587967
v -3015.4101967811584 1784.86887216568 1429.5745134353638
v -2852.935802936554 1913.1398260593414 1427.9673993587494
v -2683.446753025055 2039.873719215393 1432.2860300540924
v -2506.7516684532166 2165.555167198181 1442.4421191215515
v -2322.313702106476 2289.9064242839813 1457.8034043312073
v -2129.4504165649414 2411.8780612945557 1477.302086353302
v -1927.5429844856262 2529.7075033187866 1499.5513558387756
v -1716.2009716033936 2641.0977959632874 1522.9952335357666
v -1495.3913390636444 2743.405282497406 1546.0241377353668
v -1265.5112385749817 2833.8579893112183 1567.0851051807404
v -1027.40638256073 2909.765648841858 1584.7650051116943
v -782.3564440011978 2968.6965465545654 1597.8460609912872
v -532.0234760642052 3008.6222887039185 1605.3401231765747
v -278.3684581518173 3028.0272006988525 1606.5075874328613
v -23.561118077486753 3025.976049900055 1600.86287856102
v 230.11180087924004 3002.268409729004 1588.2541000843048
v 480.5611416697502 2959.5224380493164 1570.3386783599854
v 726.2874513864517 2901.682233810425 1549.5961725711823
v 966.4277613162994 2832.669961452484 1528.4713208675385
v 1200.7010698318481 2756.089186668396 1509.2535376548767
v 1429.3029367923737 2674.966597557068 1493.966007232666
v 1652.7515649795532 2591.5252566337585 1484.2483341693878
v 1871.7037558555603 2507.0510745048523 1481.2668859958649
v 2086.7328226566315 2421.793007850647 1485.6070399284363
v 2298.124188184738 2334.9973320961 1497.2217738628387
v 2505.6713938713074 2245.0584411621094 1515.4175460338593
v 2708.534348011017 2149.7214674949646 1538.8606011867523
v 2905.172288417816 2046.4287102222443 1565.675950050354
v 3093.3555722236633 1932.6757967472076 1593.570613861084
v 3270.2913880348206 1806.3896417617798 1620.019245147705
v 3432.815134525299 1666.2537634372711 1642.464005947113
v 3577.680504322052 1511.9635462760925 1658.5548877716064
v 3701.8808245658875 1344.3318009376526 1666.3652181625366
v 3802.981913089752 1165.268748998642 1664.6014094352722
v 3879.417097568512 977.6094257831573 1652.7626693248749
v 3930.7252049446106 784.8047465085983 1631.2554717063904
v 3957.66818523407 590.507698059082 1601.4222085475922
v 3962.241530418396 398.12388718128204 1565.5169248580933
v 3947.526216506958 210.3366069495678 1526.575356721878
v 3766.9936895370483 28.734080772846937 1656.5572023391724
v 3728.8926243782043 -140.38773961365223 1620.886754989624
v 3677.971386909485 -303.6639168858528 1587.2633457183838
v 3616.0732984542847 -461.3463744521141 1557.3997855186462
v 3544.5311546325684 -614.0774250030518 1532.4751913547516
v 3464.153790473938 -762.6708388328552 1513.1460905075073
v 3375.2962708473206 -907.9281508922577 1499.6178448200226
v 3277.94406414032 -1050.4927277565002 1491.7179942131042
v 3171.8292951583862 -1190.7614469528198 1488.9979779720306
v 3056.544804573059 -1328.8408279418945 1490.8210098743439
v 2931.6434025764465 -1464.543741941452 1496.443372964859
v 2796.7121720314026 -1597.4080562591553 1505.0692558288574
v 2651.438820362091 -1726.733922958374 1515.899008512497
v 2495.641839504242 -1851.6185998916626 1528.144770860672
v 2329.297924041748 -1970.9979891777039 1541.0474717617035
v 2152.5621235370636 -2083.690369129181 1553.8857400417328
v 1965.7755196094513 -2188.4427309036255 1565.9844040870667
v 1769.4698870182037 -2283.979308605194 1576.7207980155945
v 1564.3693387508392 -2369.0536737442017 1585.5395674705505
v 1351.3855278491974 -2442.520844936371 1591.9741928577423
v 1131.5986603498459 -2503.3913016319275 1595.6622064113617
v 906.2345325946808 -2550.8828043937683 1596.3579416275024
v 676.6264885663986 -2584.470844268799 1593.9473390579224
v 444.1779598593712 -2603.906464576721 1588.4439706802368
v 210.3154093027115 -2609.25053358078 1580.0094664096832
v -23.561327997595072 -2600.8880019187927 1568.9591348171234
v -256.1960108578205 -2581.058382987976 1557.0208668708801
v -486.61921322345734 -2550.9623169898987 1545.014876127243
v -713.7790232896805 -2509.8063230514526 1532.0883214473724
v -936.4898294210434 -2457.036828994751 1517.5072193145752
v -1153.4869015216827 -2392.4418926239014 1500.7233440876007
v -1363.4989976882935 -2316.201376914978 1481.4091861248016
v -1565.337473154068 -2228.933423757553 1459.5133364200592
v -1757.9852521419525 -2131.683075428009 1435.2857112884521
v -1940.6794250011444 -2025.8726477622986 1409.2892050743103
v -2112.980753183365 -1913.2082343101501 1382.3924243450165
v -2274.814385175705 -1795.538091659546 1355.7271897792816
v -2426.466429233551 -1674.6984124183655 1330.6321918964386
v -2568.565857410431 -1552.3429214954376 1308.5760831832886
v -2702.000331878662 -1429.7853589057922 1291.0608291625977
v -2827.8098225593567 -1307.8637599945068 1279.5127213001251
v -2947.050201892853 -1186.8512094020844 1275.1669466495514
v -3060.6377840042114 -1066.4276689291 1278.9631247520447
v -3169.1944122314453 -945.7097262144089 1291.4407074451447
v -3272.8950142860413 -823.3553320169449 1312.652611732483
v -3371.354639530182 -697.7235108613968 1342.1029806137085
v -3463.5552525520325 -567.0909985899925 1378.7179827690125
v -3547.8147506713867 -429.9032896757126 1420.8392322063446
v -3621.857702732086 -285.0328132510185 1466.2879467010498
v -3682.917892932892 -132.02023841440678 1512.438839673996
v -3727.9406666755676 28.73430997133255 1556.369960308075
v -3753.114080429077 195.79793438315392 1594.2095935344696
v -3755.8547973632812 366.68330430984497 1623.3103811740875
v -3735.592520236969 538.5434746742249 1643.0853009223938
v -3692.678201198578 708.601588010788 1653.736424446106
v -3628.2869815826416 874.4527995586395 1656.1836302280426
v -3544.227635860443 1034.292858839035 1651.928061246872
v -3442.7224040031433 1187.0535552501678 1642.8920030593872
v -3326.1541962623596 1332.4225962162018 1631.2233924865723
v -3196.826958656311 1470.7668364048004 1619.0964877605438
v -3056.751263141632 1602.9562532901764 1608.5134983062744
v -2907.5151681900024 1730.135416984558 1601.1540591716766
v -2750.1899003982544 1853.4638404846191 1598.2395112514496
v -2585.352611541748 1973.8768935203552 1600.4755973815918
v -2413.1445050239563 2091.8846905231476 1608.029705286026
v -2233.3962738513947 2207.4425399303436 1620.5634951591492
v -2045.7669734954834 2319.9033737182617 1637.302541732788
v -1849.913465976715 2428.036665916443 1657.1351766586304
v -1645.6170916557312 2530.124533176422 1678.7216126918793
v -1432.9025268554688 2624.0952610969543 1700.6014227867126
v -1212.115240097046 2707.681369781494 1721.2974548339844
v -983.954530954361 2778.593170642853 1739.3976747989655
v -749.4833320379257 2834.670114517212 1753.6228895187378
v -510.1036697626114 2874.0233659744263 1762.8760993480682
v -267.49804094433784 2895.1495885849 1766.2780046463013
v -23.561118077486753 2897.023892402649 1763.190996646881
v 219.71717402338982 2880.194914340973 1754.083514213562
v 460.6191426515579 2847.288489341736 1740.946251153946
v 697.8684842586517 2801.011335849762 1725.7372736930847
v 930.642157793045 2744.1518783569336 1710.4600250720978
v 1158.5428059101105 2679.3211460113525 1697.0297992229462
v 1381.5232694149017 2608.7284922599792 1687.1521413326263
v 1599.771362543106 2533.9948773384094 1682.2026193141937
v 1813.5607182979584 2456.0168743133545 1683.1209897994995
v 2023.0820298194885 2374.913203716278 1690.3245568275452
v 2228.2799124717712 2290.0362491607666 1703.6474406719208
v 2428.6916851997375 2200.1014709472656 1722.3294734954834
v 2623.3568906784058 2103.374534845352 1745.0471818447113
v 2810.7606768608093 1997.93301820755 1769.9915170669556
v 2988.864779472351 1881.9655418395996 1795.000147819519
v 3155.21719455719 1754.0636360645294 1817.7293717861176
v 3307.1301221847534 1613.4870111942291 1835.8619451522827
v 3441.906988620758 1460.3369772434235 1847.3083317279816
v 3557.1218371391296 1295.6340372562408 1850.4282414913177
v 3650.8787035942078 1121.2687402963638 1844.2066550254822
v 3722.0468640327454 939.8453295230865 1828.4009218215942
v 3770.4341173171997 754.4052988290787 1803.6275386810303
v 3796.87397480011 568.0836379528046 1771.3873744010925
v 3803.205370903015 383.7327927350998 1734.01700258255
v 3792.1309113502502 203.53923961520195 1694.5527076721191
v 3601.015532016754 28.734080772846937 1821.6180860996246
v 3568.234133720398 -133.808209374547 1787.486344575882
v 3523.4581232070923 -291.46808981895447 1756.0048401355743
v 3467.910897731781 -444.4264367222786 1728.385865688324
v 3402.4638056755066 -593.0989861488342 1705.4189264774323
v 3327.645742893219 -737.9904717206955 1687.4970614910126
v 3243.6848282814026 -879.5692294836044 1674.6648252010345
v 3150.584077835083 -1018.1764096021652 1666.6913568973541
v 3048.1932401657104 -1153.9683640003204 1663.140845298767
v 2936.287212371826 -1286.8905305862427 1663.4406626224518
v 2814.6299242973328 -1416.6723608970642 1666.9351041316986
v 2683.0242395401 -1542.842537164688 1672.926515340805
v 2541.3528084754944 -1664.743572473526 1680.6985974311829
v 2389.604115486145 -1781.5588176250458 1689.533817768097
v 2227.893179655075 -1892.3402905464172 1698.724102973938
v 2056.4755380153656 -1996.0322558879852 1707.5709760189056
v 1875.7660269737244 -2091.518658399582 1715.4080390930176
v 1686.3417983055115 -2177.661919593811 1721.6072797775269
v 1488.9526009559631 -2253.3654510974884 1725.610876083374
v 1284.5118701457977 -2317.620539665222 1726.941204071045
v 1074.0895301103592 -2369.594633579254 1725.2511501312256
v 858.8836848735809 -2408.6739778518677 1720.334941148758
v 640.1844263076782 -2434.525716304779 1712.1565222740173
v 419.33157593011856 -2447.128462791443 1700.8647739887238
v 197.65996858477592 -2446.8238472938538 1686.8266880512238
v -23.561319429427385 -2434.3134999275208 1670.6338107585907
v -243.21893826127052 -2411.3272309303284 1653.73615026474
v -460.40634363889694 -2378.7325501441956 1636.72456741333
v -674.1948425769806 -2336.3301277160645 1619.1496789455414
v -883.6077153682709 -2284.0522408485413 1600.6277680397034
v -1087.6512944698334 -2222.0363914966583 1580.9002816677094
v -1285.359501838684 -2150.652450323105 1559.8638534545898
v -1475.848376750946 -2070.5226719379425 1537.6038908958435
v -1658.3718717098236 -1982.5277268886566 1514.4313156604767
v -1832.3681890964508 -1887.750083208084 1490.8704996109009
v -1997.503101825714 -1787.4223232269287 1467.665433883667
v -2153.6938071250916 -1682.835292816162 1445.749568939209
v -2301.098644733429 -1575.2318561077118 1426.1976957321167
v -2440.1042103767395 -1465.700650215149 1410.174536705017
v -2571.2599635124207 -1355.0672352313995 1398.8494753837585
v -2695.206940174103 -1243.8121140003204 1393.3203339576721
v -2812.579596042633 -1132.015347480774 1394.5228934288025
v -2923.893940448761 -1019.3400353193283 1403.139728307724
v -3029.4417023658752 -905.0624758005142 1419.522476196289
v -3129.1781902313232 -788.1496220827103 1443.6147928237915
v -3222.649359703064 -667.3817783594131 1474.9086201190948
v -3308.9358806610107 -541.508574783802 1512.413477897644
v -3386.6424441337585 -409.4380497932434 1554.6618103981018
v -3453.938066959381 -270.4175241291523 1599.7409284114838
v -3508.6504101753235 -124.21753369271755 1645.3806102275848
v -3548.4047889709473 28.73429711908102 1689.0605807304382
v -3570.4009890556335 187.23612427711487 1727.616786956787
v -3572.6462602615356 349.3087738752365 1758.7722897529602
v -3554.4820189476013 512.6447826623917 1781.763631105423
v -3515.9743428230286 674.91854429245 1796.519386768341
v -3457.8498125076294 834.0236604213715 1803.6064267158508
v -3381.37925863266 988.2658958435059 1804.1379272937775
v -3288.2107853889465 1136.4847093820572 1799.6351838111877
v -3180.1910042762756 1278.0946552753448 1791.8739318847656
v -3059.1818809509277 1413.0528926849365 1782.7190160751343
v -2926.8945813179016 1541.7549967765808 1773.9585101604462
v -2784.775686264038 1664.8727118968964 1767.1608686447144
v -2633.9219212532043 1783.1801891326904 1763.5621011257172
v -2475.071656703949 1897.3619222640991 1763.9863967895508
v -2308.627939224243 2007.8533113002777 1768.8124001026154
v -2134.736907482147 2114.7257804870605 1777.981847524643
v -1953.375667333603 2217.6175475120544 1791.0334289073944
v -1764.4778668880463 2315.723478794098 1807.1738004684448
v -1568.0266439914703 2407.836902141571 1825.3544926643372
v -1364.1563475131989 2492.437756061554 1844.3671882152557
v -1153.220808506012 2567.7940368652344 1862.9243314266205
v -935.8325481414795 2632.0945024490356 1879.7423422336578
v -712.887316942215 2683.571231365204 1893.6113953590393
v -485.5563148856163 2720.6257462501526 1903.4525871276855
v -255.24832010269165 2741.935122013092 1908.3635866641998
v -23.561120219528675 2746.542191505432 1907.6590776443481
v 207.84301310777664 2735.5080366134644 1902.3721754550934
v 437.60874569416046 2711.273968219757 1894.6822106838226
v 664.6884262561798 2675.495493412018 1885.9626948833466
v 888.3265823125839 2629.959452152252 1877.6917397975922
v 1108.0494970083237 2576.3715267181396 1871.3152408599854
v 1323.6158907413483 2516.179394721985 1868.1248664855957
v 1534.933090209961 2450.420832633972 1869.1418051719666
v 1741.944271326065 2379.614043235779 1875.0081896781921
v 1944.505488872528 2303.725850582123 1885.918140411377
v 2142.2660648822784 2222.1844494342804 1901.5615582466125
v 2334.548771381378 2133.9846909046173 1921.1153507232666
v 2520.2954053878784 2037.842446565628 1943.283599615097
v 2698.0315566062927 1932.3966801166534 1966.3674771785736
v 2865.909242630005 1816.4475739002228 1988.4004175662994
v 3021.804928779602 1689.1717612743378 2007.3005616664886
v 3163.4629249572754 1550.3135681152344 2021.0536360740662
v 3288.6892318725586 1400.3115475177765 2027.9072105884552
v 3395.566773414612 1240.330284833908 2026.5519320964813
v 3482.659113407135 1072.2039848566055 2016.2804126739502
v 3549.1859316825867 898.2910186052322 1997.1045792102814
v 3595.145308971405 721.2414860725403 1969.8229849338531
v 3621.3666439056396 543.711793422699 1936.024647951126
v 3629.4758319854736 368.0690512061119 1898.0354487895966
v 3621.7707872390747 196.0877612233162 1858.7839186191559
v 3419.5346117019653 28.734080772846937 1982.3404610157013
v 3391.1837100982666 -126.41407772898674 1949.6477603912354
v 3351.435089111328 -277.42697075009346 1919.865357875824
v 3301.1000514030457 -424.39005076885223 1893.8185393810272
v 3240.7552003860474 -567.5249934196472 1872.0000088214874
v 3170.757520198822 -707.0919454097748 1854.604983329773
v 3091.276454925537 -843.3086067438126 1841.5691673755646
v 3002.3473739624023 -976.2919843196869 1832.6260566711426
v 2903.9214730262756 -1106.0221999883652 1827.3608148097992
v 2795.917320251465 -1232.3263823986053 1825.2583920955658
v 2678.260064125061 -1354.8766791820526 1825.7395803928375
v 2550.917899608612 -1473.1963574886322 1828.187882900238
v 2413.9272928237915 -1586.6722106933594 1831.9676101207733
v 2267.4106657505035 -1694.5686101913452 1836.429363489151
v 2111.5966856479645 -1796.04971408844 1840.9238815307617
v 1946.8298614025116 -1890.1998937129974 1844.8039591312408
v 1773.587954044342 -1976.059103012085 1847.444462776184
v 1592.4855411052704 -2052.6593446731567 1848.2534348964691
v 1404.2834758758545 -2119.0788209438324 1846.7056810855865
v 1209.8875164985657 -2174.50595498085 1842.3799216747284
v 1010.3278994560242 -2218.2843565940857 1834.9738717079163
v 806.7464530467987 -2249.9945282936096 1824.364012479782
v 600.3500550985336 -2269.479364156723 1810.6050431728363
v 392.3772171139717 -2276.920509338379 1793.9962327480316
v 184.03473123908043 -2272.8438436985016 1775.082516670227
v -23.561308719217777 -2258.1559479236603 1754.6983659267426
v -229.45210337638855 -2234.1325879096985 1733.985197544098
v -432.8174263238907 -2201.3488590717316 1713.2893025875092
v -632.848909497261 -2159.964472055435 1692.4774289131165
v -828.7452578544617 -2110.2102875709534 1671.4536130428314
v -1019.7240263223648 -2052.410662174225 1650.1807034015656
v -1205.0491750240326 -1987.0225191116333 1628.731632232666
v -1384.056842327118 -1914.614099264145 1607.2816014289856
v -1556.1890006065369 -1835.8885407447815 1586.1578464508057
v -1721.0151851177216 -1751.6368567943573 1565.8201694488525
v -1878.2576501369476 -1662.7142190933228 1546.8756079673767
v -2027.8046667575836 -1569.9797749519348 1530.0544440746307
v -2169.69530582428 -1474.230980873108 1516.1746978759766
v -2304.111897945404 -1376.137524843216 1506.1038792133331
v -2431.3331484794617 -1276.1788129806519 1500.7027804851532
v -2551.6883492469788 -1174.5961248874664 1500.7677614688873
v -2665.48513174057 -1071.3554620742798 1506.9574058055878
v -2772.941470146179 -966.1469995975494 1519.7289109230042
v -2874.107539653778 -858.4070891141891 1539.2746150493622
v -2968.79278421402 -747.3771393299103 1565.4600322246552
v -3056.5157413482666 -632.1915596723557 1597.7917730808258
v -3136.47004365921 -511.9888037443161 1635.3920459747314
v -3207.5150966644287 -386.04523837566376 1677.0001649856567
v -3268.2100772857666 -253.90304923057556 1721.0006535053253
v -3316.877818107605 -115.50018563866615 1765.487539768219
v -3351.7054319381714 28.734286408871412 1808.3472967147827
v -3370.6985235214233 177.80606746673584 1847.1129775047302
v -3372.368836402893 330.1686182618141 1879.9108266830444
v -3356.033933162689 483.9867636561394 1905.8549642562866
v -3321.5622067451477 637.3489797115326 1924.6402263641357
v -3269.338607788086 788.4465605020523 1936.50364279747
v -3200.1936316490173 935.7287019491196 1942.1678185462952
v -3115.2936458587646 1078.0092269182205 1942.738252878189
v -3016.016960144043 1214.517617225647 1939.5868122577667
v -2903.820025920868 1344.897848367691 1934.2191636562347
v -2780.1156997680664 1469.1551983356476 1928.1437158584595
v -2646.1770057678223 1587.5539779663086 1922.7500200271606
v -2503.063380718231 1700.5035400390625 1919.205403327942
v -2351.5962719917297 1808.4209144115448 1918.3820366859436
v -2192.3588633537292 1911.6101682186127 1920.806485414505
v -2025.736790895462 2010.16246676445 1926.6510725021362
v -1851.9687294960022 2103.8934230804443 1935.7458055019379
v -1671.2330341339111 2192.3089623451233 1947.6182699203491
v -1483.709841966629 2274.6193051338196 1961.5466833114624
v -1289.6586656570435 2349.7806429862976 1976.6274809837341
v -1089.4772052764893 2416.5632724761963 1991.8459177017212
v -883.7356895208359 2473.6393332481384 2006.1450242996216
v -673.2070356607437 2519.678223133087 2018.4922337532043
v -458.8693171739578 2553.4406423568726 2027.93408036232
v -241.88357219099998 2573.8709926605225 2033.6519956588745
v -23.561122361570597 2580.1788091659546 2035.0034356117249
v 194.75457146763802 2573.717725276947 2033.4891319274902
v 412.0311886072159 2556.6348552703857 2031.3459932804108
v 627.43259370327 2529.7601461410522 2029.3669521808624
v 840.282741189003 2494.055151939392 2028.478056192398
v 1050.0663757324219 2450.4679918289185 2029.617828130722
v 1256.3974499702454 2399.7880339622498 2033.614295721054
v 1458.9640140533447 2342.5466418266296 2041.088753938675
v 1657.4476063251495 2278.9325892925262 2052.3548662662506
v 1851.4388740062714 2208.776158094406 2067.3617720603943
v 2040.3576493263245 2131.5651774406433 2085.647064447403
v 2223.369187116623 2046.52960896492 2106.3361048698425
v 2399.3586659431458 1952.763968706131 2128.182053565979
v 2566.920495033264 1849.3816912174225 2149.6392130851746
v 2724.39683675766 1735.685259103775 2168.976265192032
v 2869.9674010276794 1611.3216638565063 2184.4129502773285
v 3001.7661094665527 1476.4152467250824 2194.2812860012054
v 3118.032169342041 1331.6432356834412 2197.1873342990875
v 3217.273759841919 1178.240954875946 2192.161178588867
v 3298.422122001648 1017.9407507181168 2178.7903130054474
v 3360.9530210494995 852.8431266546249 2157.3046386241913
v 3404.970920085907 685.2263242006302 2128.6226630210876
v 3431.2344789505005 517.3201575875282 2094.3440973758698
v 3441.113233566284 351.0791286826134 2056.6833674907684
v 3436.4787459373474 187.95285150408745 2018.3422565460205
v 3222.3548889160156 28.734080772846937 2136.803549528122
v 3197.701323032379 -118.16662512719631 2105.3364396095276
v 3162.1177911758423 -261.5095429122448 2076.711767911911
v 3116.158962249756 -401.2739911675453 2051.478171348572
v 3060.229253768921 -537.5185504555702 2029.9308061599731
v 2994.5910573005676 -670.314010977745 2012.1310889720917
v 2919.401204586029 -799.6936172246933 1997.9560494422913
v 2834.7403049468994 -925.6148368120193 1987.1338367462158
v 2740.646469593048 -1047.9357808828354 1979.279088973999
v 2637.1504068374634 -1166.4057791233063 1973.9331007003784
v 2524.302840232849 -1280.6641459465027 1970.5868542194366
v 2402.196168899536 -1390.2445673942566 1968.6987042427063
v 2270.9846198558807 -1494.5830523967743 1967.7083611488342
v 2130.8948040008545 -1593.0296540260315 1967.0401811599731
v 1982.243263721466 -1684.8643720149994 1966.116052865982
v 1825.4425048828125 -1769.3145632743835 1964.357453584671
v 1661.0155284404755 -1845.5859243869781 1961.2079322338104
v 1489.6014511585236 -1912.9003286361694 1956.1553180217743
v 1311.9568765163422 -1970.5317437648773 1948.751050233841
v 1128.954592347145 -2017.8643584251404 1938.652265071869
v 941.5678054094315 -2054.4427573680878 1925.6526410579681
v 750.8509486913681 -2080.024427175522 1909.7224295139313
v 557.9029411077499 -2094.622254371643 1891.0342276096344
v 363.83013874292374 -2098.554563522339 1870.01411318779
v 169.69098448753357 -2092.4625277519226 1847.3593294620514
v -23.56129800900817 -2077.3268938064575 1824.0733802318573
v -215.12090042233467 -2054.035598039627 1800.9755194187164
v -404.26177978515625 -2022.8868126869202 1778.1347036361694
v -590.284925699234 -1984.2321753501892 1755.651831626892
v -772.5269049406052 -1938.4430646896362 1733.629995584488
v -950.362104177475 -1885.9237611293793 1712.1942222118378
v -1123.2147425413132 -1827.1277606487274 1691.5217697620392
v -1290.571415424347 -1762.5487267971039 1671.844869852066
v -1451.9937753677368 -1692.7218616008759 1653.471428155899
v -1607.130253314972 -1618.2097852230072 1636.7896854877472
v -1755.727642774582 -1539.582246541977 1622.2710967063904
v -1897.6328134536743 -1457.3808908462524 1610.4514122009277
v -2032.7842116355896 -1372.090470790863 1601.9205331802368
v -2161.205416917801 -1284.096896648407 1597.2908437252045
v -2282.971280813217 -1193.6522781848907 1597.1558094024658
v -2398.1788635253906 -1100.8487403392792 1602.051317691803
v -2506.903564929962 -1005.6025892496109 1612.405914068222
v -2609.1490864753723 -907.6543122529984 1628.4895300865173
v -2704.8030138015747 -806.5887302160263 1650.367832183838
v -2793.587601184845 -701.8787294626236 1677.8602719306946
v -2875.024950504303 -592.9421544075012 1710.5025231838226
v -2948.419189453125 -479.2224854230881 1747.5412726402283
v -3012.8487944602966 -360.2788731455803 1787.9196882247925
v -3067.197573184967 -235.87493896484375 1830.3177237510681
v -3110.187292098999 -106.06562197208405 1873.1726825237274
v -3140.452253818512 28.73427141457796 1914.7555768489838
v -3156.6007137298584 167.70572289824486 1953.2069087028503
v -3157.5417041778564 309.6473768353462 1987.033212184906
v -3142.6361083984375 453.1157925724983 2015.307343006134
v -3111.641275882721 596.5605944395065 2037.55304813385
v -3064.71129655838 738.4578824043274 2053.747844696045
v -3002.34956741333 877.42540538311 2064.268320798874
v -2925.3443598747253 1012.3127669095993 2069.8351621627808
v -2834.6915006637573 1142.2555416822433 2071.4307606220245
v -2731.5008759498596 1266.6906297206879 2070.196807384491
v -2616.905403137207 1385.3386402130127 2067.3358619213104
v -2491.992485523224 1498.1457650661469 2064.012783765793
v -2357.73628950119 1605.2157819271088 2061.2679541110992
v -2214.9725198745728 1706.718134880066 2059.948456287384
v -2064.382791519165 1802.8028011322021 2060.659682750702
v -1906.5088868141174 1893.523931503296 2063.739836215973
v -1741.7785286903381 1978.783369064331 2069.2570507526398
v -1570.5581605434418 2058.2910299301147 2077.024060487747
v -1393.1918799877167 2131.5631210803986 2086.6342544555664
v -1210.0551784038544 2197.934752702713 2097.503215074539
v -1021.5984672307968 2256.596952676773 2108.9230060577393
v -828.3766895532608 2306.6532850265503 2120.1167345046997
v -631.0750931501389 2347.1814036369324 2130.2939355373383
v -430.51927238702774 2377.301597595215 2138.702940940857
v -227.66132205724716 2396.2483525276184 2144.679272174835
v -23.56112450361252 2403.426694869995 2147.688412666321
v 180.717633664608 2400.3032207489014 2149.5738208293915
v 384.40542817115784 2388.68807554245 2152.5288105010986
v 586.8434011936188 2368.8159584999084 2156.827425956726
v 787.4339401721954 2341.0361766815186 2162.880802154541
v 985.646778345108 2305.7103753089905 2171.1335241794586
v 1181.000316143036 2263.119864463806 2181.9620430469513
v 1373.0273485183716 2213.3987188339233 2195.589953660965
v 1561.224341392517 2156.482094526291 2212.0106756687164
v 1744.9957728385925 2092.1007454395294 2230.9372782707214
v 1923.6076593399048 2019.7985708713531 2251.7713606357574
v 2096.1371064186096 1939.0077412128448 2273.6137449741364
v 2261.4640831947327 1849.1272509098053 2295.292580127716
v 2418.275260925293 1749.6425986289978 2315.434765815735
v 2565.106236934662 1640.242725610733 2332.5647950172424
v 2700.414192676544 1520.9220111370087 2345.217990875244
v 2822.671115398407 1392.065268754959 2352.073347568512
v 2930.475664138794 1254.4870913028717 2352.081298828125
v 3022.6754546165466 1109.4193756580353 2344.583535194397
v 3098.4756350517273 958.4483295679092 2329.413902759552
v 3157.5186729431152 803.408294916153 2306.954610347748
v 3199.9430298805237 646.2327301502228 2278.1729698181152
v 3226.382064819336 488.77794593572617 2244.5880830287933
v 3237.92564868927 332.65842497348785 2208.2112073898315
v 3236.0222816467285 179.07866314053535 2171.4160680770874
v 3009.254002571106 28.734080772846937 2282.203298807144
v 2987.741732597351 -109.02433022856712 2251.743805408478
v 2955.734348297119 -243.6818592250347 2223.782515525818
v 2913.6324286460876 -375.1144841313362 2198.6898481845856
v 2861.746072769165 -503.24673652648926 2176.639771461487
v 2800.302577018738 -628.0084431171417 2157.6321482658386
v 2729.467821121216 -749.3006587028503 2141.5242671966553
v 2649.3714928627014 -866.9714868068695 2128.0607283115387
v 2560.125458240509 -980.8017194271088 2116.903054714203
v 2461.850905418396 -1090.4980510473251 2107.653820514679
v 2354.692602157593 -1195.6913650035858 2099.873238801956
v 2238.836443424225 -1295.9427654743195 2093.096435070038
v 2114.522337913513 -1390.7468676567078 2086.8387937545776
v 1982.053393125534 -1479.5437932014465 2080.6052803993225
v 1841.8075680732727 -1561.7332220077515 2073.902368545532
v 1694.2435681819916 -1636.6885125637054 2066.240781545639
v 1539.9092078208923 -1703.7832975387573 2057.159072160721
v 1379.4451117515564 -1762.4227404594421 2046.2439119815826
v 1213.584852218628 -1812.0761632919312 2033.1553161144257
v 1043.1481629610062 -1852.3158431053162 2017.652416229248
v 869.0305888652802 -1882.870751619339 1999.6441841125488
v 692.1810030937195 -1903.6571264266968 1979.2105436325073
v 513.5702133178711 -1914.8126065731049 1956.6302001476288
v 334.15970504283905 -1916.7458593845367 1932.44109749794
v 154.85119223594666 -1910.1319193840027 1907.4404180049896
v -23.56128729879856 -1895.9237039089203 1882.7155649662018
v -200.41197836399078 -1874.6764302253723 1858.7549924850464
v -375.0657483935356 -1846.4431524276733 1835.330718755722
v -546.9161853194237 -1811.6419970989227 1812.6922488212585
v -715.4038906097412 -1770.6831395626068 1791.0679757595062
v -880.0121694803238 -1723.968666791916 1770.673269033432
v -1040.2711778879166 -1671.9094395637512 1751.7446100711823
v -1195.7616925239563 -1614.908367395401 1734.529173374176
v -1346.1157619953156 -1553.3623278141022 1719.3005919456482
v -1491.0247266292572 -1487.664633989334 1706.3755452632904
v -1630.2377104759216 -1418.1815922260284 1696.1014211177826
v -1763.564294576645 -1345.244961977005 1688.8570010662079
v -1890.863960981369 -1269.133722782135 1685.0425899028778
v -2012.0436251163483 -1190.0541961193085 1685.0613713264465
v -2127.035015821457 -1108.1233888864517 1689.29363489151
v -2235.7756197452545 -1023.3557641506195 1698.0699062347412
v -2338.18222284317 -935.658648610115 1711.6364002227783
v -2434.121572971344 -844.8348373174667 1730.1208853721619
v -2523.380219936371 -750.5983591079712 1753.497451543808
v -2605.634355545044 -652.6057332754135 1781.5549790859222
v -2680.43212890625 -550.4955545067787 1813.876712322235
v -2747.179663181305 -443.9395934343338 1849.823671579361
v -2805.13858795166 -332.706817984581 1888.5373950004578
v -2853.447151184082 -216.71781837940216 1928.9499461650848
v -2891.1413311958313 -96.10666073858738 1969.8121547698975
v -2917.205286026001 28.73425856232643 2009.7395420074463
v -2930.665123462677 157.12746307253838 2047.3429679870605
v -2930.7290077209473 288.13294768333435 2081.452089548111
v -2916.8463826179504 420.6166297197342 2111.1767768859863
v -2888.7433409690857 553.333468735218 2135.961401462555
v -2846.435236930847 685.0178778171539 2155.5955290794373
v -2790.2069449424744 814.4706219434738 2170.195823907852
v -2720.5761194229126 940.6286656856537 2180.1669776439667
v -2638.243842124939 1062.6130521297455 2186.151397228241
v -2544.0373182296753 1179.7547101974487 2188.956958055496
v -2438.845717906952 1291.5958940982819 2189.48695063591
v -2323.5721945762634 1397.863382101059 2188.6668741703033
v -2199.0776777267456 1498.432832956314 2187.372326850891
v -2066.157567501068 1593.2721674442291 2186.372250318527
v -1925.5191147327423 1682.3861837387085 2186.282181739807
v -1777.783203125 1765.760761499405 2187.5349164009094
v -1623.489010334015 1843.3214604854584 2190.3663873672485
v -1463.1267726421356 1914.894038438797 2194.8164880275726
v -1297.1545100212097 1980.195540189743 2200.7452487945557
v -1126.0348349809647 2038.8315558433533 2207.859706878662
v -950.2633303403854 2090.3100669384003 2215.746945142746
v -770.3877419233322 2134.0754449367523 2223.915082216263
v -587.0322436094284 2169.5416271686554 2231.8372786045074
v -400.9059026837349 2196.1373567581177 2238.9895737171173
v -212.79664784669876 2213.35306763649 2244.8942065238953
v -23.56112878769636 2220.7811892032623 2249.1548478603363
v 165.96069559454918 2219.8540449142456 2253.821140527725
v 355.19253462553024 2212.0533108711243 2260.974532365799
v 543.6097636818886 2197.2379207611084 2270.47820687294
v 730.6834697723389 2175.348651409149 2282.31201171875
v 915.8868819475174 2146.349585056305 2296.497470140457
v 1098.686820268631 2110.1745069026947 2313.01566362381
v 1278.523337841034 2066.686463356018 2331.74307346344
v 1454.782611131668 2015.6577467918396 2352.3993492126465
v 1626.7631471157074 1956.7671537399292 2374.500834941864
v 1793.6555624008179 1889.624661207199 2397.3538517951965
v 1954.5125603675842 1813.8236582279205 2420.057988166809
v 2108.25811624527 1729.0020883083344 2441.5406465530396
v 2253.698581457138 1634.9204540252686 2460.6165409088135
v 2389.5599722862244 1531.538587808609 2476.063096523285
v 2514.55020904541 1419.0789878368378 2486.7175102233887
v 2627.426290512085 1298.0749368667603 2491.5746331214905
v 2727.0755887031555 1169.3848967552185 2489.885127544403
v 2812.604546546936 1034.1707110404968 2481.2459468841553
v 2883.4102392196655 893.8403695821762 2465.6691551208496
v 2939.2308235168457 749.9629437923431 2443.617844581604
v 2980.177342891693 604.1547328233719 2416.020667552948
v 3006.72687292099 457.95080959796906 2384.2323541641235
v 3019.6901679039 312.6919209957123 2349.9884724617004
v 3020.1266646385193 169.40283700823784 2315.2705311775208
v 2780.2385330200195 28.734080772846937 2415.019905567169
v 2761.4848017692566 -98.96329641342163 2385.436010360718
v 2732.713305950165 -223.9417091012001 2357.8092217445374
v 2694.2368865013123 -345.98744362592697 2332.4052214622498
v 2646.3173866271973 -464.9221792817116 2309.3424558639526
v 2589.1719579696655 -580.5728048086166 2288.6002242565155
v 2522.989785671234 -692.751094698906 2270.0537741184235
v 2447.945249080658 -801.2368470430374 2253.4904778003693
v 2364.210259914398 -905.7671904563904 2238.627380132675
v 2271.973866224289 -1006.0340821743011 2225.1376569271088
v 2171.450752019882 -1101.6817033290863 2212.65829205513
v 2062.8923416137695 -1192.311668395996 2200.8022785186768
v 1946.5985894203186 -1277.4876177310944 2189.172875881195
v 1822.9223668575287 -1356.7442655563354 2177.364432811737
v 1692.2774136066437 -1429.597955942154 2164.9765074253082
v 1555.1438212394714 -1495.5631136894226 2151.624834537506
v 1412.0715975761414 -1554.1714370250702 2136.9572281837463
v 1263.6825859546661 -1604.9980819225311 2120.6778466701508
v 1110.665050148964 -1647.683733701706 2102.5621354579926
v 953.7714809179306 -1681.9716215133667 2082.492470741272
v 793.8013911247253 -1707.7346622943878 2060.4829728603363
v 631.5879493951797 -1725.0131607055664 2036.7220044136047
v 467.9667577147484 -1734.0293407440186 2011.582863330841
v 303.7509009242058 -1735.214763879776 1985.662579536438
v 139.6914817392826 -1729.2169094085693 1959.8038494586945
v -23.561278730630875 -1716.8931424617767 1935.1055920124054
v -185.4615367949009 -1698.5132575035095 1911.7121636867523
v -345.4553261399269 -1673.9412605762482 1889.1168773174286
v -503.01111191511154 -1643.5775935649872 1867.6365494728088
v -657.6445013284683 -1607.8052878379822 1847.5566029548645
v -808.9121431112289 -1566.9877707958221 1829.1409373283386
v -956.410339474678 -1521.4673578739166 1812.6378238201141
v -1099.7741550207138 -1471.5614140033722 1798.2841551303864
v -1238.6758744716644 -1417.565095424652 1786.3203883171082
v -1372.8247284889221 -1359.7468256950378 1776.991093158722
v -1501.9642889499664 -1298.3437716960907 1770.5464601516724
v -1625.8735656738281 -1233.5547149181366 1767.2418892383575
v -1744.356244802475 -1165.5375838279724 1767.3342883586884
v -1857.2411000728607 -1094.397458434105 1771.06973528862
v -1964.366775751114 -1020.1821148395538 1778.6705911159515
v -2065.5702710151672 -942.8772270679474 1790.3146624565125
v -2160.6709003448486 -862.4053388834 1806.1143636703491
v -2249.454253911972 -778.6339521408081 1826.0960161685944
v -2331.6542387008667 -691.3845747709274 1850.1740753650665
v -2406.9334745407104 -600.4549294710159 1878.122341632843
v -2474.8775362968445 -505.64784556627274 1909.576290845871
v -2534.982478618622 -406.8004250526428 1944.0007209777832
v -2586.65771484375 -303.82900834083557 1980.699074268341
v -2629.2405486106873 -196.76366969943047 2018.8300251960754
v -2662.007415294647 -85.78708246350288 2057.405287027359
v -2684.2092514038086 28.73424142599106 2095.3366339206696
v -2695.1499104499817 146.23435735702515 2131.5651774406433
v -2694.2519664764404 265.96430465579033 2165.1661038398743
v -2681.075632572174 387.0273560285568 2195.3537464141846
v -2655.368936061859 508.4266394376755 2221.566718816757
v -2617.089104652405 629.1271030902863 2243.5052037239075
v -2566.3885831832886 748.1130421161652 2261.1099779605865
v -2503.601050376892 864.4415467977524 2274.55130815506
v -2429.2192101478577 977.2827386856079 2284.2092096805573
v -2343.8509225845337 1085.944104194641 2290.61079621315
v -2248.184108734131 1189.88516330719 2294.3975150585175
v -2142.9508328437805 1288.704651594162 2296.2619483470917
v -2028.8867235183716 1382.132089138031 2296.904081106186
v -1906.7095875740051 1469.9907660484314 2296.977150440216
v -1777.0988464355469 1552.1674454212189 2297.0546066761017
v -1640.6874477863312 1628.5758972167969 2297.596663236618
v -1498.0581641197205 1699.1266012191772 2298.934257030487
v -1349.7605919837952 1763.6965870857239 2301.2606859207153
v -1196.3143050670624 1822.1161365509033 2304.6350359916687
v -1038.2303088903427 1874.159187078476 2308.9945197105408
v -876.0286569595337 1919.5467591285706 2314.1743540763855
v -710.249075293541 1957.9603910446167 2319.933259487152
v -541.4687499403954 1989.05708193779 2325.9817004203796
v -370.3105866909027 2012.4965727329254 2332.0123195648193
v -197.4399894475937 2027.965748310089 2337.7262592315674
v -23.561130929738283 2035.2041363716125 2342.8622245788574
v 150.6499968469143 2035.5109453201294 2349.5442986488342
v 324.7436657547951 2030.0698161125183 2359.70162153244
v 498.28587025403976 2018.5488522052765 2372.915518283844
v 670.8021223545074 2000.6650984287262 2388.8561487197876
v 841.7821019887924 1976.157397031784 2407.2235584259033
v 1010.6769323348999 1944.76198554039 2427.6994228363037
v 1176.8896520137787 1906.198239326477 2449.900436401367
v 1339.761060476303 1860.1592123508453 2473.3393788337708
v 1498.5563516616821 1806.3234269618988 2497.4031805992126
v 1652.4581909179688 1744.3746149539948 2521.349358558655
v 1800.5531430244446 1674.0399658679962 2544.31232213974
v 1941.8496310710907 1595.131939649582 2565.336000919342
v 2075.291782617569 1507.598716020584 2583.419907093048
v 2199.792468547821 1411.570805311203 2597.580826282501
v 2314.2807364463806 1307.3960065841675 2606.921362876892
v 2417.7496552467346 1195.6605195999146 2610.7004046440125
v 2509.314715862274 1077.1936744451523 2608.40961933136
v 2588.2720947265625 953.037428855896 2599.826920032501
v 2654.1455388069153 824.4024306535721 2585.0696563720703
v 2706.7132353782654 692.6002264022827 2564.600098133087
v 2746.029472351074 558.9640229940414 2539.240515232086
v 2772.4114775657654 424.75813925266266 2510.1315021514893
v 2786.404597759247 291.0992816090584 2478.664803504944
v 2788.7373328208923 158.88054445385933 2446.416139602661
v 2535.782539844513 28.734080772846937 2531.387686729431
v 2519.548809528351 -87.99697570502758 2502.6962518692017
v 2493.875563144684 -202.352873980999 2475.317871570587
v 2459.0205311775208 -314.0529915690422 2449.465036392212
v 2415.219235420227 -422.8459984064102 2425.2334356307983
v 2362.69074678421 -528.4917801618576 2402.6230692863464
v 2301.642894744873 -630.7462811470032 2381.543183326721
v 2232.285702228546 -729.3512910604477 2361.8383169174194
v 2154.8349499702454 -824.0279674530029 2343.296527862549
v 2069.526022672653 -914.4734770059586 2325.6669402122498
v 1976.61994099617 -1000.3609269857407 2308.670437335968
v 1876.4107644557953 -1081.3429296016693 2292.0084357261658
v 1769.2325830459595 -1157.0553719997406 2275.375771522522
v 1655.4633557796478 -1227.126121520996 2258.4665954113007
v 1535.5294346809387 -1291.18270277977 2240.982872247696
v 1409.9085807800293 -1348.8668978214264 2222.6520657539368
v 1279.1314721107483 -1399.8488664627075 2203.238105773926
v 1143.7795102596283 -1443.8470244407654 2182.5615406036377
v 1004.4815987348557 -1480.6447684764862 2160.5166733264923
v 861.9076997041702 -1510.1152896881104 2137.0984315872192
v 716.7549878358841 -1532.241314649582 2112.4218344688416
v 569.7357520461082 -1547.136902809143 2086.754482984543
v 421.55268490314484 -1555.0585508346558 2060.526019334793
v 272.8797413408756 -1556.4172565937042 2034.3549966812134
v 124.33230429887772 -1551.7823576927185 2009.0675234794617
v -23.561268020421267 -1541.8712496757507 1985.703021287918
v -170.35112753510475 -1526.7271161079407 1964.0720307826996
v -315.5522495508194 -1506.0918152332306 1943.4394717216492
v -458.6933955550194 -1480.3061544895172 1924.1303861141205
v -599.3444949388504 -1449.6931195259094 1906.4397931098938
v -737.1103495359421 -1414.5532131195068 1890.632826089859
v -871.6279774904251 -1375.161987543106 1876.9514501094818
v -1002.5640428066254 -1331.7645609378815 1865.6100749969482
v -1129.6111196279526 -1284.5782220363617 1856.80912733078
v -1252.486115694046 -1233.791607618332 1850.7372438907623
v -1370.925885438919 -1179.5615494251251 1847.5701749324799
v -1484.6886694431305 -1122.0141023397446 1847.4754452705383
v -1593.5427844524384 -1061.24207675457 1850.607693195343
v -1697.271490097046 -997.3029136657715 1857.1044206619263
v -1795.6592798233032 -930.2190274000168 1867.0774936676025
v -1888.486808538437 -859.9766403436661 1880.6014895439148
v -1975.522392988205 -786.5283876657486 1897.6980686187744
v -2056.512552499771 -709.8009943962097 1918.3269262313843
v -2131.171590089798 -629.7013074159622 1942.3635840415955
v -2199.172407388687 -546.1342543363571 1969.5884227752686
v -2260.1419806480408 -459.01898592710495 1999.676674604416
v -2313.657248020172 -368.30895990133286 2032.186770439148
v -2359.248125553131 -274.0220323204994 2066.5663719177246
v -2396.40189409256 -176.25745683908463 2102.144694328308
v -2424.5800614356995 -75.22601038217545 2138.1601989269257
v -2443.2345390319824 28.734226431697607 2173.7688183784485
v -2451.8487691879272 135.14533191919327 2208.1185340881348
v -2449.994480609894 243.39739605784416 2240.4567182064056
v -2437.3459458351135 352.77288407087326 2270.1378107070923
v -2413.707399368286 462.47579604387283 2296.6697931289673
v -2379.0201663970947 571.6673254966736 2319.7229623794556
v -2333.3725333213806 679.5079290866852 2339.1536474227905
v -2276.986998319626 785.1920276880264 2354.987621307373
v -2210.2108120918274 887.9782348871231 2367.4124240875244
v -2133.492809534073 987.2122168540955 2376.747751235962
v -2047.3592817783356 1082.3426634073257 2383.4172129631042
v -1952.3943722248077 1172.9201912879944 2387.9162549972534
v -1849.2077231407166 1258.596795797348 2390.769934654236
v -1738.4207665920258 1339.110153913498 2392.504131793976
v -1620.64808011055 1414.2655968666077 2393.611001968384
v -1496.4876532554626 1483.9153409004211 2394.526219367981
v -1366.5111541748047 1547.9405283927917 2395.6103324890137
v -1231.2740743160248 1606.2258660793304 2397.135603427887
v -1091.3081884384155 1658.6513996124268 2399.283266067505
v -947.1361547708511 1705.0793528556824 2402.14626789093
v -799.2776155471802 1745.3517973423004 2405.7377696037292
v -648.2545435428619 1779.2920231819153 2410.0037574768066
v -494.60402578115463 1806.710708141327 2414.840316772461
v -338.8838842511177 1827.4161994457245 2420.1103568077087
v -181.6709965467453 1841.226303577423 2425.6630778312683
v -23.561135213822126 1847.9807615280151 2431.346583366394
v 134.88160371780396 1848.7843871116638 2439.2361521720886
v 293.2790920138359 1844.56267952919 2451.0868191719055
v 451.2513592839241 1834.9317848682404 2466.333222389221
v 608.3640336990356 1819.5292353630066 2484.460723400116
v 764.1321569681168 1798.0102479457855 2504.9752473831177
v 918.0185049772263 1770.0390875339508 2527.368462085724
v 1069.4323539733887 1735.2927684783936 2551.0980367660522
v 1217.7236199378967 1693.4617400169373 2575.560224056244
v 1362.1792256832123 1644.264006614685 2600.08327960968
v 1502.0277619361877 1587.4632239341736 2623.9282846450806
v 1636.4332497119904 1522.8946089744568 2646.2973713874817
v 1764.5170748233795 1450.4933178424835 2666.3633346557617
v 1885.3711485862732 1370.324331521988 2683.3022594451904
v 1998.0853259563446 1282.6083660125732 2696.3384866714478
v 2101.781815290451 1187.737226486206 2704.793965816498
v 2195.648902654648 1086.2830609083176 2708.136236667633
v 2278.9782404899597 978.9926707744598 2706.0250401496887
v 2351.204741001129 866.760915517807 2698.351526260376
v 2411.932897567749 750.5956172943115 2685.262930393219
v 2460.9535098075867 631.5706074237823 2667.1677827835083
v 2498.251497745514 510.76982766389847 2644.7290539741516
v 2523.9954829216003 389.226633310318 2618.829333782196
v 2538.5172247886658 267.8773023188114 2590.529429912567
v 2542.2699451446533 147.5069873034954 2560.9874844551086
v 2277.002215385437 28.734080772846937 2627.617394924164
v 2263.155645132065 -76.19083747267723 2600.020492076874
v 2240.57776927948 -179.07165437936783 2573.0791568756104
v 2209.4893038272858 -279.5887880027294 2546.987235546112
v 2170.1043844223022 -377.44865864515305 2521.8384981155396
v 2122.63947725296 -472.3735377192497 2497.6603627204895
v 2067.315435409546 -564.0930652618408 2474.4171857833862
v 2004.358321428299 -652.3346364498138 2452.0105361938477
v 1934.011197090149 -736.8230760097504 2430.30743598938
v 1856.5338492393494 -817.2749489545822 2409.1367959976196
v 1772.2117006778717 -893.4012681245804 2388.307785987854
v 1681.358003616333 -964.9097561836243 2367.6180601119995
v 1584.3178153038025 -1031.5062165260315 2346.85595035553
v 1481.4712882041931 -1092.9041981697083 2325.8185625076294
v 1373.2354521751404 -1148.8289028406143 2304.3145179748535
v 1260.0653111934662 -1199.0302085876465 2282.1821868419647
v 1142.4524039030075 -1243.2888388633728 2259.2939376831055
v 1020.923501253128 -1281.4356923103333 2235.581225156784
v 896.0355341434479 -1313.3586287498474 2211.0433638095856
v 768.3685332536697 -1339.018577337265 2185.763293504715
v 638.5162383317947 -1358.465576171875 2159.9369168281555
v 507.0736229419708 -1371.842885017395 2133.872824907303
v 374.62109476327896 -1379.4008314609528 2108.0214977264404
v 241.70920997858047 -1381.4951658248901 2082.979142665863
v 108.83813537657261 -1378.5862386226654 2059.4982504844666
v -23.56125731021166 -1371.2254285812378 2038.4859502315521
v -155.11159598827362 -1359.3130707740784 2019.49422955513
v -285.3858217597008 -1342.5254940986633 2001.6100645065308
v -413.96286487579346 -1321.132218837738 1985.1391673088074
v -540.4543474316597 -1295.3860402107239 1970.352292060852
v -664.4996523857117 -1265.5226171016693 1957.4944198131561
v -785.7625305652618 -1231.7532062530518 1946.777218580246
v -903.9298325777054 -1194.2661702632904 1938.3901476860046
v -1018.706676363945 -1153.2236874103546 1932.4962079524994
v -1129.814288020134 -1108.7636709213257 1929.2398929595947
v -1236.9877398014069 -1060.998672246933 1928.7445843219757
v -1339.9738252162933 -1010.0173205137253 1931.1181724071503
v -1438.5251641273499 -955.8854192495346 1936.4475727081299
v -1532.4025332927704 -898.6457407474518 1944.8017418384552
v -1621.365886926651 -838.3197396993637 1956.2196135520935
v -1705.1720261573792 -774.91015791893 1970.7092761993408
v -1783.5707604885101 -708.4054112434387 1988.2413923740387
v -1856.2986016273499 -638.782399892807 2008.7332963943481
v -1923.0743765830994 -566.0151451826096 2032.0428252220154
v -1983.5956633090973 -490.08695632219315 2057.966536283493
v -2037.5338554382324 -410.9972506761551 2086.215990781784
v -2084.540057182312 -328.7795126438141 2116.4369463920593
v -2124.2371320724487 -243.51479709148407 2148.18235039711
v -2156.232452392578 -155.34557551145554 2180.9302985668182
v -2180.1283180713654 -64.49314653873444 2214.102268218994
v -2195.52401304245 28.734213579446077 2247.0454335212708
v -2202.0278692245483 123.92986603081226 2279.0388345718384
v -2199.3190944194794 220.58948203921318 2309.4515800476074
v -2187.1706664562225 318.13311874866486 2337.7819180488586
v -2165.448373556137 415.92504382133484 2363.6388659477234
v -2134.110814332962 513.293907046318 2386.7276787757874
v -2093.2166635990143 609.558367729187 2406.8737030029297
v -2042.9272770881653 704.0530562400818 2424.0355372428894
v -1983.4938049316406 796.145024895668 2438.2784366607666
v -1915.2525305747986 885.2560251951218 2449.7808933258057
v -1838.6062264442444 970.8733379840851 2458.8061213493347
v -1754.0133237838745 1052.5536119937897 2465.6845092773438
v -1661.968994140625 1129.9300611019135 2470.792782306671
v -1562.992262840271 1202.7028679847717 2474.527680873871
v -1457.6138079166412 1270.6332206726074 2477.282655239105
v -1346.3662266731262 1333.5322082042694 2479.432785511017
v -1229.7741651535034 1391.2499904632568 2481.315040588379
v -1108.3584994077682 1443.659895658493 2483.2178592681885
v -982.6270818710327 1490.6515657901764 2485.3729248046875
v -853.0809104442596 1532.1202635765076 2487.953519821167
v -720.2165961265564 1567.9615259170532 2491.075074672699
v -584.5267057418823 1598.0685591697693 2494.79900598526
v -446.5078502893448 1622.331416606903 2499.1406679153442
v -306.6650718450546 1640.638643503189 2504.0770292282104
v -165.5097357928753 1652.8833091259003 2509.554898738861
v -23.561137355864048 1658.9649260044098 2515.501344203949
v 118.690500035882 1659.764438867569 2523.8375544548035
v 260.9013743698597 1655.989784002304 2536.129927635193
v 402.71974951028824 1647.2923398017883 2551.7810225486755
v 543.7419191002846 1633.3296537399292 2570.2131390571594
v 683.5131704807281 1613.769692182541 2590.851593017578
v 821.529147028923 1588.2972836494446 2613.11594247818
v 957.2353512048721 1556.6196024417877 2636.402714252472
v 1090.0285840034485 1518.4761762619019 2660.0796461105347
v 1219.257390499115 1473.651361465454 2683.4848642349243
v 1344.2314505577087 1421.9891488552094 2705.932366847992
v 1464.2197966575623 1363.411670923233 2726.7199754714966
v 1578.4714460372925 1297.9349672794342 2745.1537370681763
v 1686.2280130386353 1225.6876289844513 2760.5709552764893
v 1786.741942167282 1146.9227254390717 2772.3700761795044
v 1879.303652048111 1062.02232837677 2780.044412612915
v 1963.2611393928528 971.5008020401001 2783.20928812027
v 2038.0452036857605 875.9946584701538 2781.6341161727905
v 2103.193712234497 776.2433648109436 2775.262415409088
v 2158.3662688732147 673.060554265976 2764.2181158065796
v 2203.3551812171936 567.3074305057526 2748.8173484802246
v 2238.084363937378 459.85133200883865 2729.539108276367
v 2262.608104944229 351.5315279364586 2707.0173025131226
v 2277.0911872386932 243.12922954559326 2681.993865966797
v 2281.784212589264 135.33306904137135 2655.2581667900085
v 2005.7086646556854 28.734080772846937 2700.786530971527
v 1994.1698789596558 -63.66628408432007 2674.659240245819
v 1974.7520804405212 -154.35471832752228 2648.6172199249268
v 1947.636502981186 -243.000415712595 2622.8233337402344
v 1913.019186258316 -329.2978525161743 2597.393834590912
v 1871.102613210678 -412.9583328962326 2572.379720211029
v 1822.1042096614838 -493.7076583504677 2547.7938771247864
v 1766.2525057792664 -571.2788790464401 2523.5995650291443
v 1703.794401884079 -645.413064956665 2499.7348189353943
v 1634.9961280822754 -715.8564954996109 2476.1143684387207
v 1560.143381357193 -782.3608309030533 2452.6310086250305
v 1479.5472204685211 -844.6861624717712 2429.1731476783752
v 1393.5426950454712 -902.6021093130112 2405.6261777877808
v 1302.4914503097534 -955.8935075998306 2381.88179731369
v 1206.7821383476257 -1004.3654143810272 2357.8506231307983
v 1106.8295270204544 -1047.8495508432388 2333.4709644317627
v 1003.0731290578842 -1086.2097173929214 2308.711838722229
v 895.9736377000809 -1119.3524181842804 2283.5940837860107
v 786.0092252492905 -1147.2321391105652 2258.1955671310425
v 673.6703336238861 -1169.8608756065369 2232.6690077781677
v 559.4497695565224 -1187.3118340969086 2207.2432100772858
v 443.836672604084 -1199.727725982666 2182.245820760727
v 327.30325162410736 -1207.3180258274078 2158.09907913208
v 210.29613092541695 -1210.3623986244202 2135.3364050388336
v 93.22240985929966 -1209.2012405395508 2114.5943105220795
v -23.56124660000205 -1204.2270421981812 2096.614044904709
v -139.7309724241495 -1195.2658355236053 2080.767321586609
v -254.9101173877716 -1181.9928526878357 2066.0617411136627
v -368.7221512198448 -1164.6048188209534 2052.755719423294
v -480.8152049779892 -1143.2883143424988 2041.080391407013
v -590.8574163913727 -1118.2179927825928 2031.2415301799774
v -698.535430431366 -1089.5526736974716 2023.4195470809937
v -803.5530626773834 -1057.4347257614136 2017.7700400352478
v -905.6277692317963 -1021.9882160425186 2014.424341917038
v -1004.4885218143463 -983.3193898200989 2013.491439819336
v -1099.8736143112183 -941.5174245834351 2015.0589346885681
v -1191.5310740470886 -896.6555267572403 2019.1956460475922
v -1279.2108476161957 -848.7915486097336 2025.9455800056458
v -1362.6702845096588 -797.9707300662994 2035.3360176086426
v -1441.6649520397186 -744.2259728908539 2047.3624348640442
v -1515.9517884254456 -687.5841468572617 2062.0009779930115
v -1585.2830708026886 -628.0654728412628 2079.189270734787
v -1649.4051814079285 -565.689554810524 2098.826825618744
v -1708.0588817596436 -500.48158317804337 2120.776277780533
v -1760.9730064868927 -432.4779212474823 2144.84583735466
v -1807.8670680522919 -361.73354238271713 2170.790934562683
v -1848.4559178352356 -288.33179771900177 2198.3269691467285
v -1882.441931962967 -212.39240169525146 2227.099287509918
v -1909.5294058322906 -134.0797260403633 2256.7158102989197
v -1929.4216752052307 -53.61148361116648 2286.7238640785217
v -1941.8370187282562 28.734196443110704 2316.6510343551636
v -1946.4735627174377 112.6124732196331 2345.855462551117
v -1943.0874228477478 197.60400131344795 2373.7786412239075
v -1931.5384924411774 283.239958435297 2400.0797629356384
v -1911.7413640022278 369.0132975578308 2424.4542121887207
v -1883.6813688278198 454.3928265571594 2446.6779828071594
v -1847.4110126495361 538.8367116451263 2466.59095287323
v -1803.0557334423065 621.8102306127548 2484.13006067276
v -1750.8063614368439 702.7947008609772 2499.299693107605
v -1690.9181594848633 781.3022166490555 2512.1837496757507
v -1623.7005412578583 856.8878501653671 2522.9385137557983
v -1549.5118618011475 929.1498571634293 2531.7726373672485
v -1468.7443375587463 997.7397531270981 2538.937270641327
v -1381.8214416503906 1062.3590230941772 2544.715917110443
v -1289.183646440506 1122.7559685707092 2549.399757385254
v -1191.2848591804504 1178.7225544452667 2553.2838106155396
v -1088.5814547538757 1230.0882399082184 2556.6463708877563
v -981.5360456705093 1276.7105877399445 2559.745991230011
v -870.6067889928818 1318.4712886810303 2562.808871269226
v -756.2502652406693 1355.2680730819702 2566.0241961479187
v -638.9216840267181 1387.0100498199463 2569.5433139801025
v -519.0720051527023 1413.6137306690216 2573.4764456748962
v -397.15393632650375 1434.9997401237488 2577.895975112915
v -273.6237667500973 1451.092541217804 2582.8367233276367
v -148.93925935029984 1461.818790435791 2588.299787044525
v -23.56114163994789 1467.1106278896332 2594.255554676056
v 102.07259021699429 1467.623347043991 2602.389693260193
v 227.63330414891243 1463.8806343078613 2614.063787460327
v 352.785187959671 1455.6135177612305 2628.7355065345764
v 477.15090811252594 1442.5526142120361 2645.858132839203
v 600.3116697072983 1424.435943365097 2664.8775458335876
v 721.8084245920181 1401.01797580719 2685.230028629303
v 841.1433964967728 1372.0786809921265 2706.3395261764526
v 957.7824115753174 1337.433123588562 2727.6187419891357
v 1071.1584627628326 1296.9433903694153 2748.4724283218384
v 1180.6814432144165 1250.5277752876282 2768.3053374290466
v 1285.7367753982544 1198.175173997879 2786.5298986434937
v 1385.7060432434082 1139.9526923894882 2802.587330341339
v 1479.9712419509888 1076.014694571495 2815.9542202949524
v 1567.9334223270416 1006.6108912229538 2826.172685623169
v 1649.0263998508453 932.0823639631271 2832.861340045929
v 1722.7319717407227 852.8650611639023 2835.7391476631165
v 1788.59321475029 769.4780766963959 2834.635841846466
v 1846.2290167808533 682.5101464986801 2829.501795768738
v 1895.3458666801453 592.6021695137024 2820.418441295624
v 1935.7394993305206 500.42900890111923 2807.591140270233
v 1967.2942101955414 406.67368471622467 2791.325330734253
v 1989.9855971336365 312.00845539569855 2772.0303654670715
v 2003.8643836975098 217.07661896944046 2750.1723527908325
v 2009.0505242347717 122.47165814042091 2726.260721683502
v 1724.340319633484 28.734080772846937 2749.301278591156
v 1715.041869878769 -50.59565994888544 2725.173592567444
v 1698.8433718681335 -128.54762002825737 2700.6935834884644
v 1675.8939802646637 -204.8077568411827 2676.0183572769165
v 1646.3572442531586 -279.0820151567459 2651.250731945038
v 1610.4172766208649 -351.0955795645714 2626.4795422554016
v 1568.2703912258148 -420.5881491303444 2601.745367050171
v 1520.1325058937073 -487.3143658041954 2577.072334289551
v 1466.2357151508331 -551.0411754250526 2552.4596214294434
v 1406.8297982215881 -611.5478962659836 2527.8896808624268
v 1342.1824932098389 -668.625944852829 2503.330981731415
v 1272.5829243659973 -722.0824688673019 2478.7563800811768
v 1198.3369410037994 -771.7390447854996 2454.1329741477966
v 1119.7715044021606 -817.4367159605026 2429.439926147461
v 1037.2314661741257 -859.0387344360352 2404.673397541046
v 951.0781288146973 -896.4315205812454 2379.844355583191
v 861.6894513368607 -929.5332998037338 2355.0021529197693
v 769.4551825523376 -958.2942396402359 2330.229866504669
v 674.773982167244 -982.7026188373566 2305.656909942627
v 578.0493080615997 -1002.785924077034 2281.4645171165466
v 479.6826645731926 -1018.6142086982727 2257.8905403614044
v 380.06976395845413 -1030.3013265132904 2235.2375388145447
v 279.5915983617306 -1038.0036294460297 2213.8753831386566
v 178.60984727740288 -1041.9151693582535 2194.2379653453827
v 77.45870351791382 -1042.2648876905441 2176.82648897171
v -23.561235889792442 -1039.3066078424454 2162.1994614601135
v -124.16648454964161 -1032.8529953956604 2149.650728702545
v -224.0269109606743 -1022.6276069879532 2138.2159948349
v -322.80948758125305 -1008.7625980377197 2128.092807531357
v -420.19829750061035 -991.3884788751602 2119.4655537605286
v -515.8912271261215 -970.6284254789352 2112.493944168091
v -609.5994263887405 -946.5985536575317 2107.3211014270782
v -701.0470688343048 -919.4059997797012 2104.070544242859
v -789.9675816297531 -889.1459733247757 2102.839332818985
v -876.104399561882 -855.9058010578156 2103.7120521068573
v -959.2076748609543 -819.7614997625351 2106.7486107349396
v -1039.0353739261627 -780.7800382375717 2111.989450454712
v -1115.3477251529694 -739.0209138393402 2119.453901052475
v -1187.91201710701 -694.538277387619 2129.14662361145
v -1256.4965665340424 -647.3813444375992 2141.0449981689453
v -1320.8707869052887 -597.5966572761536 2155.101728439331
v -1380.8058738708496 -545.2334314584732 2171.2492287158966
v -1436.070966720581 -490.34290462732315 2189.3820762634277
v -1486.4367127418518 -432.9853966832161 2209.37277674675
v -1531.6719770431519 -373.2344910502434 2231.0607969760895
v -1571.5446650981903 -311.1792281270027 2254.2461216449738
v -1605.8235049247742 -246.92988023161888 2278.6917209625244
v -1634.2824339866638 -180.62645122408867 2304.1401386260986
v -1656.6971719264984 -112.43722848594189 2330.280864238739
v -1672.8579699993134 -42.568910494446754 2356.7996859550476
v -1682.5664579868317 28.734181448817253 2383.3426356315613
v -1685.5978071689606 101.18230618536472 2409.349286556244
v -1681.7739367485046 174.4309462606907 2434.335160255432
v -1671.0098505020142 248.1032393872738 2458.061718940735
v -1653.2668888568878 321.80056869983673 2480.3378582000732
v -1628.5477936267853 395.1069325208664 2500.9878277778625
v -1596.9082236289978 467.60127395391464 2519.90305185318
v -1558.449763059616 538.8634443283081 2537.011420726776
v -1513.3232116699219 608.4820002317429 2552.295935153961
v -1461.7262542247772 676.0639369487762 2565.7941579818726
v -1403.8981139659882 741.2413030862808 2577.590537071228
v -1340.1153028011322 803.6718517541885 2587.803792953491
v -1270.685863494873 863.0493223667145 2596.5951442718506
v -1195.9447085857391 919.0998077392578 2604.146647453308
v -1116.2477940320969 971.5835362672806 2610.6573581695557
v -1031.967732310295 1020.2938437461853 2616.3389444351196
v -943.4852927923203 1065.0544315576553 2621.396768093109
v -851.1929661035538 1105.713677406311 2626.029336452484
v -755.4853677749634 1142.1437442302704 2630.4200768470764
v -656.7612260580063 1174.236261844635 2634.7332239151
v -555.420845746994 1201.8965005874634 2639.1055941581726
v -451.8642917275429 1225.0431656837463 2643.6485052108765
v -346.49371951818466 1243.6037361621857 2648.442840576172
v -239.7150717675686 1257.5122714042664 2653.538227081299
v -131.93482235074043 1266.7106449604034 2658.955502510071
v -23.561143781989813 1271.1458027362823 2664.682877063751
v 85.01324839890003 1271.2678134441376 2672.1140146255493
v 193.47181394696236 1267.4438059329987 2682.3851227760315
v 301.49425119161606 1259.4950139522552 2695.06299495697
v 408.73162150382996 1247.2413003444672 2709.6913933753967
v 514.8065999150276 1230.5103421211243 2725.8055806159973
v 619.3142890930176 1209.1436624526978 2742.9235458374023
v 721.8235045671463 1183.005267381668 2760.556149482727
v 821.880853176117 1151.9924759864807 2778.2156229019165
v 919.0124124288559 1116.039827466011 2795.4095363616943
v 1012.7332240343094 1075.1282662153244 2811.6575241088867
v 1102.5466084480286 1029.2948752641678 2826.4973163604736
v 1187.9582166671753 978.6344528198242 2839.4951581954956
v 1268.480622768402 923.3052015304565 2850.252115726471
v 1343.6442911624908 863.5324984788895 2858.4246397018433
v 1413.007789850235 799.605056643486 2863.727033138275
v 1476.1646449565887 731.8740338087082 2865.9437894821167
v 1532.75266289711 660.7484400272369 2864.9397373199463
v 1582.46311545372 586.6832107305527 2860.658121109009
v 1625.0447154045105 510.1685479283333 2853.1206011772156
v 1660.3074550628662 431.72124922275543 2842.432463169098
v 1688.1234288215637 351.86966210603714 2828.766715526581
v 1708.4225833415985 271.1396150290966 2812.342429161072
v 1721.1943626403809 190.04931077361107 2793.4368014335632
v 1726.4731764793396 109.09105911850929 2772.325384616852
v 1435.7668995857239 28.734080772846937 2773.329710960388
v 1428.6122739315033 -37.18492239713669 2751.828682422638
v 1415.641164779663 -102.05529108643532 2729.722809791565
v 1396.9655752182007 -165.6001813709736 2707.138764858246
v 1372.718071937561 -227.55896672606468 2684.1832041740417
v 1343.0506885051727 -287.6874029636383 2660.951817035675
v 1308.1314980983734 -345.755897462368 2637.515068054199
v 1268.1450247764587 -401.5490636229515 2613.924503326416
v 1223.2938885688782 -454.8670917749405 2590.2308464050293
v 1173.7962007522583 -505.5244639515877 2566.4711117744446
v 1119.8852896690369 -553.3493369817734 2542.670249938965
v 1061.8103176355362 -598.1875866651535 2518.861162662506
v 999.8356640338898 -639.9013340473175 2495.080316066742
v 934.2383205890656 -678.370213508606 2471.364450454712
v 865.3087824583054 -713.4949713945389 2447.769773006439
v 793.3482378721237 -745.1965749263763 2424.3648290634155
v 718.66774559021 -773.420050740242 2401.2422919273376
v 641.5849447250366 -798.1352388858795 2378.521978855133
v 562.4214500188828 -819.336587190628 2356.3472867012024
v 481.50093257427216 -837.046030163765 2334.9005460739136
v 399.1439789533615 -851.3123035430908 2314.3986344337463
v 315.66606909036636 -862.2090250253677 2295.094072818756
v 231.37245252728462 -869.8342144489288 2277.2781789302826
v 146.55598923563957 -874.3059754371643 2261.2762689590454
v 61.49261277168989 -875.7585883140564 2247.4447786808014
v -23.561223037540913 -874.3380546569824 2236.1692070961
v -108.35634730756283 -869.8874741792679 2226.7736971378326
v -192.60850250720978 -862.2049123048782 2218.4177458286285
v -276.0297082364559 -851.372691988945 2211.238443851471
v -358.34325551986694 -837.4764263629913 2205.3697288036346
v -439.2812177538872 -820.5998092889786 2200.9271681308746
v -518.5846820473671 -800.8248209953308 2198.0134427547455
v -596.0039377212524 -778.230494260788 2196.7161536216736
v -671.296814084053 -752.8922975063324 2197.107273340225
v -744.2278921604156 -724.881449341774 2199.240952730179
v -814.568641781807 -694.2665636539459 2203.1599640846252
v -882.0970445871353 -661.1121416091919 2208.886104822159
v -946.5936869382858 -625.4801481962204 2216.4204716682434
v -1007.8470379114151 -587.4333024024963 2225.7592260837555
v -1065.647143125534 -547.0318555831909 2236.8646681308746
v -1119.789668917656 -504.34099435806274 2249.69539642334
v -1170.0722694396973 -459.4269335269928 2264.176285266876
v -1216.2965059280396 -412.36356496810913 2280.2182257175446
v -1258.2695603370667 -363.2330060005188 2297.7160692214966
v -1295.8006024360657 -312.1282383799553 2316.5345072746277
v -1328.7038743495941 -259.15519893169403 2336.5132808685303
v -1356.8018436431885 -204.4364981353283 2357.481849193573
v -1379.9243807792664 -148.11462461948395 2379.2463660240173
v -1397.9091703891754 -90.35098552703857 2401.5839219093323
v -1410.6093883514404 -31.3315293751657 2424.270784854889
v -1417.8932905197144 28.73416431248188 2447.0670461654663
v -1419.6019887924194 89.60809111595154 2469.5002913475037
v -1415.6122386455536 151.01395547389984 2491.1554098129272
v -1405.8803081512451 212.65607848763466 2511.8876338005066
v -1390.3930366039276 274.22619462013245 2531.570839881897
v -1369.1686570644379 335.40616780519485 2550.0898718833923
v -1342.2604978084564 395.8748459815979 2567.3652172088623
v -1309.7558856010437 455.31225949525833 2583.3486199378967
v -1271.7747747898102 513.4022772312164 2598.013758659363
v -1228.4704327583313 569.8387071490288 2611.3674879074097
v -1180.0266981124878 624.3310540914536 2623.45312833786
v -1126.6575008630753 676.6033202409744 2634.3353867530823
v -1068.5982942581177 726.4006197452545 2644.097888469696
v -1006.1103731393814 773.4901040792465 2652.8544187545776
v -939.4721686840057 817.6593512296677 2660.720956325531
v -868.9797282218933 858.7202727794647 2667.832398414612
v -794.9391752481461 896.505481004715 2674.319803714752
v -717.6705479621887 930.8672606945038 2680.3142309188843
v -637.5001907348633 961.6775006055832 2685.9426259994507
v -554.7609254717827 988.8247460126877 2691.3187742233276
v -469.7914347052574 1012.2122794389725 2696.542477607727
v -382.93249160051346 1031.7569553852081 2701.695716381073
v -294.52939331531525 1047.3866641521454 2706.84072971344
v -204.9319952726364 1059.0393036603928 2712.016725540161
v -114.49158377945423 1066.6633278131485 2717.24317073822
v -23.561148066073656 1070.214593410492 2722.5107431411743
v 67.51498933881521 1069.9718058109283 2728.8914918899536
v 158.44111740589142 1066.171994805336 2737.278699874878
v 248.92055690288544 1058.71522128582 2747.3652839660645
v 338.6401370167732 1047.5022315979004 2758.8167428970337
v 427.2702917456627 1032.4421346187592 2771.284592151642
v 514.4659295678139 1013.4565144777298 2784.4080090522766
v 599.867907166481 990.485942363739 2797.8187680244446
v 683.1051200628281 963.4950488805771 2811.1464500427246
v 763.7970387935638 932.4778020381927 2824.024474620819
v 841.5602892637253 897.4612087011337 2836.096680164337
v 916.0074532032013 858.5111409425735 2847.0206141471863
v 986.7577612400055 815.7340496778488 2856.4828872680664
v 1053.4382581710815 769.2775815725327 2864.189577102661
v 1115.6926453113556 719.3347603082657 2869.8936462402344
v 1173.1846392154694 666.1380916833878 2873.3790397644043
v 1225.6052374839783 609.9617570638657 2874.4853615760803
v 1272.6743638515472 551.1162668466568 2873.0949878692627
v 1314.1484081745148 489.94232565164566 2869.138824939728
v 1349.8233795166016 426.80538296699524 2862.6031637191772
v 1379.5353174209595 362.09056079387665 2853.5192608833313
v 1403.1612515449524 296.19340002536774 2841.9562101364136
v 1420.6194758415222 229.51369136571884 2828.015184402466
v 1431.8700969219208 162.45218515396118 2811.835193634033
v 1436.9085907936096 95.39858736097813 2793.5563445091248
v 1143.0038511753082 28.734080772846937 2775.0693917274475
v 1137.8426611423492 -23.649556562304497 2756.8607330322266
v 1128.0149042606354 -75.29441006481647 2737.9745721817017
v 1113.60023021698 -125.97567029297352 2718.51509809494
v 1094.697618484497 -175.4803068935871 2698.58101606369
v 1071.4205116033554 -223.60655665397644 2678.251838684082
v 1043.901476264 -270.1658084988594 2657.616400718689
v 1012.2858285903931 -314.98119831085205 2636.7435216903687
v 976.7351299524307 -357.8892454504967 2615.7066822052
v 937.4238967895508 -398.7392529845238 2594.5711374282837
v 894.5393264293671 -437.3936504125595 2573.3996748924255
v 848.2812285423279 -473.72974157333374 2552.2608399391174
v 798.8606542348862 -507.63912200927734 2531.2267422676086
v 746.4978396892548 -539.0278160572052 2510.3692173957825
v 691.4226859807968 -567.818333208561 2489.7740840911865
v 633.8725656270981 -593.9492225646973 2469.537580013275
v 574.0903690457344 -617.3747301101685 2449.7649908065796
v 512.3239904642105 -638.0671977996826 2430.579698085785
v 448.8231748342514 -656.0138761997223 2412.115502357483
v 383.8392436504364 -671.2199062108994 2394.5311546325684
v 317.6214963197708 -683.7056457996368 2377.9974699020386
v 250.41659325361252 -693.5054361820221 2362.7041816711426
v 182.46538564562798 -700.6660252809525 2348.853635787964
v 114.00281265377998 -705.244991183281 2336.662983894348
v 45.25510389357805 -707.3082745075226 2326.3633608818054
v -23.561212327331305 -706.9258600473404 2318.1872725486755
v -92.23137274384499 -703.9923250675201 2311.5816950798035
v -160.51876097917557 -698.3851104974747 2305.9012055397034
v -228.18392887711525 -690.1524037122726 2301.2351870536804
v -294.993856549263 -679.3452709913254 2297.662055492401
v -360.721230506897 -666.0184800624847 2295.2581703662872
v -425.1441180706024 -650.2291977405548 2294.0902948379517
v -488.04718405008316 -632.0348650217056 2294.21244263649
v -549.2206454277039 -611.4944994449615 2295.6708133220673
v -608.459860086441 -588.6667758226395 2298.4943330287933
v -665.5662178993225 -563.6124595999718 2302.708089351654
v -720.3467637300491 -536.3922819495201 2308.3181142807007
v -772.6128607988358 -507.0698529481888 2315.325093269348
v -822.181561589241 -475.70905685424805 2323.707365989685
v -868.874853849411 -442.377445101738 2333.4328532218933
v -912.5205516815186 -407.1474015712738 2344.4634437561035
v -952.9511988162994 -370.09497731924057 2356.736898422241
v -990.0049597024918 -331.302735209465 2370.1794624328613
v -1023.5278129577637 -290.861052274704 2384.7108006477356
v -1053.3708781003952 -248.86877089738846 2400.230288505554
v -1079.393020272255 -205.43436408042908 2416.621673107147
v -1101.4635235071182 -160.67756339907646 2433.766508102417
v -1119.4581151008606 -114.73048143088818 2451.520025730133
v -1133.2673966884613 -67.7381344139576 2469.7473287582397
v -1142.7923202514648 -19.85910627990961 2488.292956352234
v -1147.948369383812 28.73414931818843 2506.9984316825867
v -1148.6352622509003 77.85254791378975 2525.502109527588
v -1144.77718770504 127.28339545428753 2543.4810042381287
v -1136.3539934158325 176.80295780301094 2560.8418941497803
v -1123.3675301074982 226.18038281798363 2577.499508857727
v -1105.8447360992432 275.1808427274227 2593.3938026428223
v -1083.8329076766968 323.5667422413826 2608.4614396095276
v -1057.4044972658157 371.1024224758148 2622.669517993927
v -1026.6543716192245 417.55402386188507 2635.9925389289856
v -991.7007029056549 462.69332468509674 2648.42529296875
v -952.6824325323105 506.3009798526764 2659.9820375442505
v -909.7606420516968 548.1654241681099 2670.688271522522
v -863.1130009889603 588.0878418684006 2680.58100938797
v -812.9366457462311 625.8821666240692 2689.7161841392517
v -759.4435185194016 661.3752871751785 2698.153018951416
v -702.8594762086868 694.4081783294678 2705.956768989563
v -643.4217542409897 724.8375117778778 2713.199818134308
v -581.3800632953644 752.532160282135 2719.9512600898743
v -516.9917911291122 777.3764193058014 2726.2823820114136
v -450.52213966846466 799.2671966552734 2732.2535037994385
v -382.24357664585114 818.1140124797821 2737.921106815338
v -312.43230551481247 833.8388621807098 2743.330430984497
v -241.37035608291626 846.3750511407852 2748.516571521759
v -169.3446934223175 855.666646361351 2753.5003662109375
v -96.64461314678192 861.6681337356567 2758.287298679352
v -23.561150208115578 864.3448978662491 2762.869691848755
v 49.61820766329765 863.845545053482 2767.9941415786743
v 122.63316810131073 860.3054523468018 2774.3025064468384
v 195.22405564785004 853.6799967288971 2781.6025853157043
v 267.1237491071224 843.9303815364838 2789.6843552589417
v 338.057878613472 831.0252815485001 2798.319697380066
v 407.74535685777664 814.9446129798889 2807.270896434784
v 475.9000241756439 795.6828236579895 2816.294753551483
v 542.2315567731857 773.2511550188065 2825.1428604125977
v 606.4477115869522 747.6818919181824 2833.5731148719788
v 668.258199095726 719.0276086330414 2841.3458824157715
v 727.3734152317047 687.3672693967819 2848.2338666915894
v 783.5113644599915 652.8030753135681 2854.0210127830505
v 836.3993048667908 615.4653996229172 2858.5156679153442
v 885.7762843370438 575.5101829767227 2861.5456461906433
v 931.3971847295761 533.117288351059 2862.959051132202
v 973.0356007814407 488.492214679718 2862.637162208557
v 1010.4850739240646 441.86277240514755 2860.4873061180115
v 1043.562862277031 393.47486793994904 2856.4412117004395
v 1072.1130937337875 343.5908243060112 2850.4643321037292
v 1096.0057377815247 292.4863651394844 2842.5495386123657
v 1115.1378393173218 240.4457651078701 2832.7072501182556
v 1129.4366031885147 187.75897100567818 2820.9807872772217
v 1138.8547331094742 134.71874855458736 2807.4170351028442
v 1143.374064564705 81.61474466323853 2792.086184024811
v 848.8734602928162 28.734080772846937 2758.8082432746887
v 845.4863607883453 -10.185314016416669 2744.5264101028442
v 838.6144161224365 -48.63996710628271 2729.654812812805
v 828.309378027916 -86.46425902843475 2714.280641078949
v 814.6357476711273 -123.49936701357365 2698.473536968231
v 797.6717352867126 -159.5941185951233 2682.306432723999
v 777.5089174509048 -194.60569098591805 2665.8522605895996
v 754.2509347200394 -228.40000092983246 2649.18532371521
v 728.0130118131638 -260.8519874513149 2632.3763608932495
v 698.9206552505493 -291.84594601392746 2615.4961109161377
v 667.1101331710815 -321.2762653827667 2598.6196994781494
v 632.7267616987228 -349.0478217601776 2581.8249940872192
v 595.9237396717072 -375.075002014637 2565.187120437622
v 556.8617716431618 -399.28288608789444 2548.7839460372925
v 515.7086908817291 -421.6077610850334 2532.7040314674377
v 472.6373687386513 -441.99599027633667 2517.0348405838013
v 427.8258517384529 -460.4053497314453 2501.876723766327
v 381.45475685596466 -476.80280059576035 2487.324547767639
v 333.708094060421 -491.1663740873337 2473.4896302223206
v 284.7708500921726 -503.4830465912819 2460.481643676758
v 234.82826873660088 -513.7491166591644 2448.4204053878784
v 184.06521677970886 -521.9678059220314 2437.4205231666565
v 132.665104418993 -528.1520694494247 2427.6166200637817
v 80.80907985568047 -532.3171928524971 2419.12522315979
v 28.675450943410397 -534.4862073659897 2412.0771169662476
v -23.561199475079775 -534.6837550401688 2406.589102745056
v -75.72594583034515 -532.8557878732681 2402.2902131080627
v -127.63331942260265 -528.944419324398 2398.7598538398743
v -179.09631356596947 -522.9756966233253 2396.0487484931946
v -229.93135526776314 -514.9785801768303 2394.1925406455994
v -279.9582816660404 -504.98885065317154 2393.2400345802307
v -328.9998173713684 -493.04304271936417 2393.2167291641235
v -376.8834337592125 -479.1832774877548 2394.153606891632
v -423.4403893351555 -463.45421224832535 2396.0720539093018
v -468.5063809156418 -445.90406864881516 2398.9887952804565
v -511.9208753108978 -426.58278197050095 2402.9035568237305
v -553.5297140479088 -405.54546266794205 2407.8234672546387
v -593.1814461946487 -382.84914046525955 2413.732898235321
v -630.7314068078995 -358.5546836256981 2420.6151247024536
v -666.0394549369812 -332.72727876901627 2428.4432768821716
v -698.9713102579117 -305.4364651441574 2437.183630466461
v -729.3992727994919 -276.75666585564613 2446.796977519989
v -757.2008520364761 -246.7669479548931 2457.2290301322937
v -782.2611659765244 -215.5520163476467 2468.4189200401306
v -804.4721871614456 -183.20337906479836 2480.3008437156677
v -823.734387755394 -149.81881603598595 2492.80241727829
v -839.9564653635025 -115.50247333943844 2505.8433055877686
v -853.0561655759811 -80.36657683551311 2519.3379640579224
v -862.9617899656296 -44.52975708991289 2533.198380470276
v -869.6128129959106 -8.11845026910305 2547.3384618759155
v -872.958305478096 28.734134323894978 2561.653196811676
v -872.9443907737732 65.8861506730318 2575.90651512146
v -869.531175494194 103.18345315754414 2589.8661851882935
v -862.7135872840881 140.46648107469082 2603.4759998321533
v -852.5013595819473 177.57232785224915 2616.6852355003357
v -838.919922709465 214.33585062623024 2629.449474811554
v -822.0105409622192 250.5915381014347 2641.7303323745728
v -801.8292158842087 286.1746244132519 2653.496825695038
v -778.4481257200241 320.92188596725464 2664.7292137145996
v -751.9545286893845 354.67333793640137 2675.4140615463257
v -722.4495977163315 387.273433804512 2685.543966293335
v -690.0493800640106 418.5710310935974 2695.1194763183594
v -654.8828780651093 448.42269867658615 2704.1515588760376
v -617.0918434858322 476.6918256878853 2712.6544713974
v -576.829406619072 503.24934124946594 2720.647406578064
v -534.2600762844086 527.9751196503639 2728.153395652771
v -489.55624401569366 550.7577061653137 2735.1930022239685
v -442.9019197821617 571.4952424168587 2741.796386241913
v -394.4870427250862 590.094643831253 2747.9849338531494
v -344.50933188199997 606.4733475446701 2753.7824988365173
v -293.1728467345238 620.5574959516525 2759.2085480690002
v -240.6859651207924 632.2841644287109 2764.281177520752
v -187.26201727986336 641.598105430603 2769.004499912262
v -133.11937153339386 648.4555870294571 2773.388659954071
v -78.47840115427971 652.8211027383804 2777.425980567932
v -23.56115449219942 654.669976234436 2781.10933303833
v 31.410832051187754 654.0641039609909 2784.8867297172546
v 86.22844591736794 651.0675072669983 2789.159572124481
v 140.68360701203346 645.6681907176971 2793.826413154602
v 194.56608891487122 637.861630320549 2798.7773060798645
v 247.6637437939644 627.6502937078476 2803.885304927826
v 299.76354986429214 615.0467246770859 2809.022092819214
v 350.6520226597786 600.0733375549316 2814.050853252411
v 400.116465985775 582.7638566493988 2818.83202791214
v 447.94565737247467 563.164995610714 2823.22359085083
v 493.9333438873291 541.3370057940483 2827.0950317382812
v 537.875397503376 517.3539504408836 2830.30925989151
v 579.5758128166199 491.3048356771469 2832.744264602661
v 618.8456445932388 463.29289078712463 2834.2851638793945
v 655.5055439472198 433.4364593029022 2834.826946258545
v 689.3877118825912 401.86687409877777 2834.2785835266113
v 720.3361392021179 368.72897148132324 2832.5586438179016
v 748.2086628675461 334.180748462677 2829.6054363250732
v 772.8789538145065 298.3905181288719 2825.370979309082
v 794.2369282245636 261.5354187786579 2819.822919368744
v 812.1892273426056 223.80084842443466 2812.9406929016113
v 826.6605198383331 185.3781171143055 2804.719913005829
v 837.5940501689911 146.4622363448143 2795.1704502105713
v 844.9508160352707 107.2516106069088 2784.313142299652
v 848.7107336521149 67.94317923486233 2772.17458486557
v 555.6589722633362 28.734080772846937 2730.820906162262
v 553.757455945015 3.0615565250627697 2720.995342731476
v 549.5545983314514 -22.368356306105852 2710.794425010681
v 543.0771663784981 -47.449227422475815 2700.260651111603
v 534.3610435724258 -72.07799702882767 2689.440631866455
v 523.4527722001076 -96.15573920309544 2678.3955097198486
v 510.406057536602 -119.58763003349304 2667.1738147735596
v 495.2832415699959 -142.2833438962698 2655.82435131073
v 478.1553715467453 -164.15817588567734 2644.4099068641663
v 459.09980088472366 -185.13200506567955 2632.9801082611084
v 438.20179998874664 -205.1308110356331 2621.596646308899
v 415.5527397990227 -224.0863397717476 2610.3184700012207
v 391.2497490644455 -241.93585515022278 2599.2039799690247
v 365.39564579725266 -258.6229272186756 2588.315963745117
v 338.09790909290314 -274.09727796912193 2577.7188539505005
v 309.4679594039917 -288.31383883953094 2567.4688577651978
v 279.62150126695633 -301.23419016599655 2557.6342463493347
v 248.6771523952484 -312.82592713832855 2548.2813715934753
v 216.75594672560692 -323.0615630745888 2539.473021030426
v 183.98123160004616 -331.9195747375488 2531.2760949134827
v 150.4774510860443 -339.38286006450653 2523.749542236328
v 116.37067720293999 -345.44041752815247 2516.964375972748
v 81.78693056106567 -350.0843644142151 2510.975980758667
v 46.852900087833405 -353.31106781959534 2505.838918685913
v 11.694972682744265 -355.1216587424278 2501.6143321990967
v -23.56119090691209 -355.51956444978714 2498.3469128608704
v -58.789278753101826 -354.48569506406784 2495.848298072815
v -93.85970160365105 -352.0034283399582 2493.9131259918213
v -128.6424182355404 -348.08565080165863 2492.5649762153625
v -163.00911605358124 -342.7480936050415 2491.8126225471497
v -196.8331404030323 -336.01156026124954 2491.6752576828003
v -229.9899272620678 -327.9010698199272 2492.1693325042725
v -262.35729455947876 -318.44369769096375 2493.2937502861023
v -293.8160762190819 -307.67159163951874 2495.0600266456604
v -324.24993366003036 -295.6199839711189 2497.4687099456787
v -353.54586988687515 -282.32772275805473 2500.5176067352295
v -381.59496635198593 -267.8367920219898 2504.1998624801636
v -408.29111486673355 -252.19270586967468 2508.500123023987
v -433.5338279604912 -235.4452282190323 2513.410437107086
v -457.22655951976776 -217.6471047103405 2518.91188621521
v -479.27711606025696 -198.85440543293953 2524.9770522117615
v -499.59899336099625 -179.12738174200058 2531.5818071365356
v -518.1109994649887 -158.5297293961048 2538.6946201324463
v -534.7374603152275 -137.12847717106342 2546.276831626892
v -549.4093164801598 -114.99527208507061 2554.296088218689
v -562.0631977915764 -92.2047857195139 2562.7060532569885
v -572.6434797048569 -68.83544251322746 2571.4655995368958
v -581.1012893915176 -44.96985673904419 2580.5341482162476
v -587.3947113752365 -20.693174563348293 2589.8554921150208
v -591.4900898933411 3.905507654417306 2599.3808269500732
v -593.3622688055038 28.734117187559605 2609.067380428314
v -592.9876685142517 53.6973237991333 2618.7777876853943
v -590.3516888618469 78.69495302438736 2628.3818125724792
v -585.4567289352417 103.62491086125374 2637.849020957947
v -578.3142358064651 128.38381379842758 2647.1473336219788
v -568.9447045326233 152.86725014448166 2656.237816810608
v -557.3790490627289 176.97132229804993 2665.097439289093
v -543.6572998762131 200.59293806552887 2673.7061858177185
v -527.8285697102547 223.62967357039452 2682.0377349853516
v -509.9518418312073 245.9813840687275 2690.0802969932556
v -490.09435921907425 267.55030676722527 2697.8165984153748
v -468.33278983831406 288.2409408688545 2705.2345752716064
v -444.751513004303 307.9622581601143 2712.3276472091675
v -419.4432020187378 326.6265034675598 2719.087862968445
v -392.5080016255379 344.15053129196167 2725.509738922119
v -364.0535965561867 360.45643985271454 2731.596291065216
v -334.19305235147476 375.47136545181274 2737.342584133148
v -303.04694026708603 389.12734538316727 2742.7469730377197
v -270.7405611872673 401.36303156614304 2747.8097319602966
v -237.40437403321266 412.12273091077805 2752.529489994049
v -203.1737558543682 421.3576391339302 2756.908166408539
v -168.18682551383972 429.0244698524475 2760.937809944153
v -132.58590027689934 435.087613761425 2764.618146419525
v -96.51642479002476 439.5179733633995 2767.94615983963
v -60.12544594705105 442.29265451431274 2770.9097862243652
v -23.561158776283264 443.396919965744 2773.503267765045
v 13.027540175244212 442.8469121456146 2775.9352564811707
v 49.49571285396814 440.6639486551285 2778.3985018730164
v 85.6991559267044 436.84981167316437 2780.8510541915894
v 121.49384170770645 431.4131036400795 2783.2526087760925
v 156.7361205816269 424.36801344156265 2785.5491518974304
v 191.28343537449837 415.7348304986954 2787.682557106018
v 224.9950796365738 405.54210394620895 2789.6021008491516
v 257.73231759667397 393.8240721821785 2791.2444472312927
v 289.35915529727936 380.6227535009384 2792.548727989197
v 319.744174182415 365.98729491233826 2793.456268310547
v 348.75880032777786 349.97489750385284 2793.90949010849
v 376.2806460261345 332.64989107847214 2793.8560247421265
v 402.19232738018036 314.0833914279938 2793.239939212799
v 426.3831093907356 294.35402005910873 2792.011880874634
v 448.74996840953827 273.5471501946449 2790.134012699127
v 469.1973179578781 251.75423845648766 2787.567400932312
v 487.63769418001175 229.07313331961632 2784.2813372612
v 503.99333238601685 205.60672134160995 2780.2563548088074
v 518.1957557797432 181.46171048283577 2775.470793247223
v 530.1865980029106 156.7495383322239 2769.919443130493
v 539.9177402257919 131.5842729061842 2763.5979175567627
v 547.351448237896 106.08196146786213 2756.5075874328613
v 552.4614691734314 80.36106750369072 2748.6676454544067
v 555.2323460578918 54.53910771757364 2740.0986552238464
v 264.7677257657051 28.734080772846937 2699.1312980651855
v 264.00692388415337 16.022876277565956 2694.140100479126
v 262.1072582900524 3.39724849909544 2689.0060544013977
v 259.07847955822945 -9.091880870983005 2683.745336532593
v 254.93520498275757 -21.394620463252068 2678.382623195648
v 249.69657585024834 -33.4623534232378 2672.9447841644287
v 243.38570907711983 -45.24781238287687 2667.4540281295776
v 236.03033125400543 -56.705466099083424 2661.9399666786194
v 227.66183614730835 -67.79148411005735 2656.426453590393
v 218.31550747156143 -78.46388667821884 2650.9381651878357
v 208.0308273434639 -88.68324309587479 2645.5126643180847
v 196.84995114803314 -98.41168634593487 2640.16695022583
v 184.8189413547516 -107.61423259973526 2634.9372148513794
v 171.98656797409058 -116.25791154801846 2629.84676361084
v 158.40444564819336 -124.31236617267132 2624.923014640808
v 144.12699937820435 -131.7498441785574 2620.1944828033447
v 129.2108990252018 -138.54513801634312 2615.690505504608
v 113.71489651501179 -144.6756362915039 2611.4357590675354
v 97.69965447485447 -150.1212552189827 2607.4546456336975
v 81.22753202915192 -154.86447289586067 2603.7715673446655
v 64.3621863797307 -158.89046639204025 2600.407361984253
v 47.16866705566645 -162.1872402727604 2597.3888993263245
v 29.712683334946632 -164.74483832716942 2594.7309851646423
v 12.060945900157094 -166.55604615807533 2592.4508929252625
v -5.719442572444677 -167.61623695492744 2590.5658960342407
v -23.56117805466056 -167.92282313108444 2589.0823006629944
v -41.396583802998066 -167.47330278158188 2587.963366508484
v -59.15770996361971 -166.26621931791306 2587.1430158615112
v -76.77658312022686 -164.30703923106194 2586.632215976715
v -94.18603740632534 -161.6033025085926 2586.433434486389
v -111.31958812475204 -158.16515386104584 2586.548864841461
v -128.1118430197239 -154.0055826306343 2586.9853615760803
v -144.49860081076622 -149.13930892944336 2587.7349734306335
v -160.41721105575562 -143.5840431600809 2588.7998938560486
v -175.8066512644291 -137.3596377670765 2590.176284313202
v -190.60780107975006 -130.48839569091797 2591.861128807068
v -204.76388782262802 -122.99480475485325 2593.849766254425
v -218.2198867201805 -114.90548625588417 2596.1331486701965
v -230.92377185821533 -106.24922066926956 2598.7022280693054
v -242.82600209116936 -97.05693051218987 2601.546037197113
v -253.88000085949898 -87.36175745725632 2604.658544063568
v -264.0419505536556 -77.19832547008991 2608.019185066223
v -273.2718378305435 -66.60376042127609 2611.6252183914185
v -281.5322883427143 -55.616164952516556 2615.450596809387
v -288.7898862361908 -44.275955110788345 2619.481611251831
v -295.01496851444244 -32.62503780424595 2623.7059235572815
v -300.1814365386963 -20.706425234675407 2628.0994057655334
v -304.267355799675 -8.564985147677362 2632.6483488082886
v -307.25456178188324 3.753682936076075 2637.328350543976
v -309.1293454170227 16.202637506648898 2642.1202182769775
v -309.8822817206383 28.73409790918231 2647.0088720321655
v -309.50703024864197 41.299502179026604 2651.944136619568
v -308.00170600414276 53.849297389388084 2656.8777561187744
v -305.3702846169472 66.3336917757988 2661.796021461487
v -301.62095725536346 78.70269007980824 2666.681385040283
v -296.7664048075676 90.90621136128902 2671.51300907135
v -290.82410633563995 102.89472304284573 2676.278007030487
v -283.81551653146744 114.61922377347946 2680.9571862220764
v -275.76690539717674 126.03144906461239 2685.5390310287476
v -266.70872420072556 137.0841797441244 2690.01202583313
v -256.6751942038536 147.73126766085625 2694.353413581848
v -245.7054890692234 157.9282097518444 2698.5615491867065
v -233.84176418185234 167.63198524713516 2702.6175141334534
v -221.13056182861328 176.80167257785797 2706.5150022506714
v -207.62174874544144 185.39832085371017 2710.2444171905518
v -193.3687388896942 193.38508695363998 2713.795065879822
v -178.42751666903496 200.72781816124916 2717.1565294265747
v -162.85785362124443 207.39469230175018 2720.3219532966614
v -146.72171473503113 213.35686892271042 2723.2836604118347
v -130.08353263139725 218.5883693397045 2726.0350704193115
v -113.01015615463257 223.0662651360035 2728.5698771476746
v -95.56979648768902 226.77050679922104 2730.877113342285
v -77.83263549208641 229.68476340174675 2732.9543113708496
v -59.87041871994734 231.7957028746605 2734.7948908805847
v -41.75562001764774 233.0934375524521 2736.3922715187073
v -23.561160918325186 233.57195258140564 2737.7453565597534
v -5.360650015063584 233.23093950748444 2738.896095752716
v 12.772904941812158 232.07469955086708 2739.905631542206
v 30.766788590699434 230.1066257059574 2740.7591581344604
v 48.54873325675726 227.3338980972767 2741.447627544403
v 66.04722365736961 223.76703843474388 2741.959524154663
v 83.19169022142887 219.419464468956 2742.2786712646484
v 99.91300068795681 214.3086038529873 2742.39821434021
v 116.14356078207493 208.45466032624245 2742.3027992248535
v 131.8175669759512 201.88123062252998 2741.9803619384766
v 146.87184616923332 194.6148417890072 2741.4171934127808
v 161.24493032693863 186.6853967308998 2740.6001329421997
v 174.87865015864372 178.1255915760994 2739.5195841789246
v 187.7177581191063 168.97103562951088 2738.1656765937805
v 199.7101254761219 159.2600628733635 2736.5304589271545
v 210.80720499157906 149.0330807864666 2734.601593017578
v 220.96445932984352 138.33342716097832 2732.380175590515
v 230.14046996831894 127.20614485442638 2729.8522233963013
v 238.29892501235008 115.69865010678768 2727.0265102386475
v 245.40741965174675 103.85946445167065 2723.90056848526
v 251.43778175115585 91.73872880637646 2720.472753047943
v 256.3668943941593 79.38789501786232 2716.7540311813354
v 260.1758733391762 66.8589761480689 2712.7465963363647
v 262.85097524523735 54.20511197298765 2708.466625213623
v 264.38306644558907 41.479065269231796 2703.924810886383
v -23.561362270265818 28.734080772846937 2673.2041597366333
f 1 2 3
f 1 3 4
f 1 4 5
f 1 5 6
f 1 6 7
f 1 7 8
f 1 8 9
f 1 9 10
f 1 10 11
f 1 11 12
f 1 12 13
f 1 13 14
f 1 14 15
f 1 15 16
f 1 16 17
f 1 17 18
f 1 18 19
f 1 19 20
f 1 20 21
f 1 21 22
f 1 22 23
f 1 23 24
f 1 24 25
f 1 25 26
f 1 26 27
f 1 27 28
f 1 28 29
f 1 29 30
f 1 30 31
f 1 31 32
f 1 32 33
f 1 33 34
f 1 34 35
f 1 35 36
f 1 36 37
f 1 37 38
f 1 38 39
f 1 39 40
f 1 40 41
f 1 41 42
f 1 42 43
f 1 43 44
f 1 44 45
f 1 45 46
f 1 46 47
f 1 47 48
f 1 48 49
f 1 49 50
f 1 50 51
f 1 51 52
f 1 52 53
f 1 53 54
f 1 54 55
f 1 55 56
f 1 56 57
f 1 57 58
f 1 58 59
f 1 59 60
f 1 60 61
f 1 61 62
f 1 62 63
f 1 63 64
f 1 64 65
f 1 65 66
f 1 66 67
f 1 67 68
f 1 68 69
f 1 69 70
f 1 70 71
f 1 71 72
f 1 72 73
f 1 73 74
f 1 74 75
f 1 75 76
f 1 76 77
f 1 77 78
f 1 78 79
f 1 79 80
f 1 80 81
f 1 81 82
f 1 82 83
f 1 83 84
f 1 84 85
f 1 85 86
f 1 86 87
f 1 87 88
f 1 88 89
f 1 89 90
f 1 90 91
f 1 91 92
f 1 92 93
f 1 93 94
f 1 94 95
f 1 95 96
f 1 96 97
f 1 97 98
f 1 98 99
f 1 99 100
f 1 100 101
f 1 101 2
f 2 102 3
f 3 102 103
f 3 103 4
f 4 103 104
f 4 104 5
f 5 104 105
f 5 105 6
f 6 105 106
f 6 106 7
f 7 106 107
f 7 107 8
f 8 107 108
f 8 108 9
f 9 108 109
f 9 109 10
f 10 109 110
f 10 110 11
f 11 110 111
f 11 111 12
f 12 111 112
f 12 112 13
f 13 112 113
f 13 113 14
f 14 113 114
f 14 114 15
f 15 114 115
f 15 115 16
f 16 115 116
f 16 116 17
f 17 116 117
f 17 117 18
f 18 117 118
f 18 118 19
f 19 118 119
f 19 119 20
f 20 119 120
f 20 120 21
f 21 120 121
f 21 121 22
f 22 121 122
f 22 122 23
f 23 122 123
f 23 123 24
f 24 123 124
f 24 124 25
f 25 124 125
f 25 125 26
f 26 125 126
f 26 126 27
f 27 126 127
f 27 127 28
f 28 127 128
f 28 128 29
f 29 128 129
f 29 129 30
f 30 129 130
f 30 130 31
f 31 130 131
f 31 131 32
f 32 131 132
f 32 132 33
f 33 132 133
f 33 133 34
f 34 133 134
f 34 134 35
f 35 134 135
f 35 135 36
f 36 135 136
f 36 136 37
f 37 136 137
f 37 137 38
f 38 137 138
f 38 138 39
f 39 138 139
f 39 139 40
f 40 139 140
f 40 140 41
f 41 140 141
f 41 141 42
f 42 141 142
f 42 142 43
f 43 142 143
f 43 143 44
f 44 143 144
f 44 144 45
f 45 144 145
f 45 145 46
f 46 145 146
f 46 146 47
f 47 146 147
f 47 147 48
f 48 147 148
f 48 148 49
f 49 148 149
f 49 149 50
f 50 149 150
f 50 150 51
f 51 150 151
f 51 151 52
f 52 151 152
f 52 152 53
f 53 152 153
f 53 153 54
f 54 153 154
f 54 154 55
f 55 154 155
f 55 155 56
f 56 155 156
f 56 156 57
f 57 156 157
f 57 157 58
f 58 157 158
f 58 158 59
f 59 158 159
f 59 159 60
f 60 159 160
f 60 160 61
f 61 160 161
f 61 161 62
f 62 161 162
f 62 162 63
f 63 162 163
f 63 163 64
f 64 163 164
f 64 164 65
f 65 164 165
f 65 165 66
f 66 165 166
f 66 166 67
f 67 166 167
f 67 167 68
f 68 167 168
f 68 168 69
f 69 168 169
f 69 169 70
f 70 169 170
f 70 170 71
f 71 170 171
f 71 171 72
f 72 171 172
f 72 172 73
f 73 172 173
f 73 173 74
f 74 173 174
f 74 174 75
f 75 174 175
f 75 175 76
f 76 175 176
f 76 176 77
f 77 176 177
f 77 177 78
f 78 177 178
f 78 178 79
f 79 178 179
f 79 179 80
f 80 179 180
f 80 180 81
f 81 180 181
f 81 181 82
f 82 181 182
f 82 182 83
f 83 182 183
f 83 183 84
f 84 183 184
f 84 184 85
f 85 184 185
f 85 185 86
f 86 185 186
f 86 186 87
f 87 186 187
f 87 187 88
f 88 187 188
f 88 188 89
f 89 188 189
f 89 189 90
f 90 189 190
f 90 190 91
f 91 190 191
f 91 191 92
f 92 191 192
f 92 192 93
f 93 192 193
f 93 193 94
f 94 193 194
f 94 194 95
f 95 194 195
f 95 195 96
f 96 195 196
f 96 196 97
f 97 196 197
f 97 197 98
f 98 197 198
f 98 198 99
f 99 198 199
f 99 199 100
f 100 199 200
f 100 200 101
f 101 200 201
f 101 201 2
f 2 201 102
f 102 202 103
f 103 202 203
f 103 203 104
f 104 203 204
f 104 204 105
f 105 204 205
f 105 205 106
f 106 205 206
f 106 206 107
f 107 206 207
f 107 207 108
f 108 207 208
f 108 208 109
f 109 208 209
f 109 209 110
f 110 209 210
f 110 210 111
f 111 210 211
f 111 211 112
f 112 211 212
f 112 212 113
f 113 212 213
f 113 213 114
f 114 213 214
f 114 214 115
f 115 214 215
f 115 215 116
f 116 215 216
f 116 216 117
f 117 216 217
f 117 217 118
f 118 217 218
f 118 218 119
f 119 218 219
f 119 219 120
f 120 219 220
f 120 220 121
f 121 220 221
f 121 221 122
f 122 221 222
f 122 222 123
f 123 222 223
f 123 223 124
f 124 223 224
f 124 224 125
f 125 224 225
f 125 225 126
f 126 225 226
f 126 226 127
f 127 226 227
f 127 227 128
f 128 227 228
f 128 228 129
f 129 228 229
f 129 229 130
f 130 229 230
f 130 230 131
f 131 230 231
f 131 231 132
f 132 231 232
f 132 232 133
f 133 232 233
f 133 233 134
f 134 233 234
f 134 234 135
f 135 234 235
f 135 235 136
f 136 235 236
f 136 236 137
f 137 236 237
f 137 237 138
f 138 237 238
f 138 238 139
f 139 238 239
f 139 239 140
f 140 239 240
f 140 240 141
f 141 240 241
f 141 241 142
f 142 241 242
f 142 242 143
f 143 242 243
f 143 243 144
f 144 243 244
f 144 244 145
f 145 244 245
f 145 245 146
f 146 245 246
f 146 246 147
f 147 246 247
f 147 247 148
f 148 247 248
f 148 248 149
f 149 248 249
f 149 249 150
f 150 249 250
f 150 250 151
f 151 250 251
f 151 251 152
f 152 251 252
f 152 252 153
f 153 252 253
f 153 253 154
f 154 253 254
f 154 254 155
f 155 254 255
f 155 255 156
f 156 255 256
f 156 256 157
f 157 256 257
f 157 257 158
f 158 257 258
f 158 258 159
f 159 258 259
f 159 259 160
f 160 259 260
f 160 260 161
f 161 260 261
f 161 261 162
f 162 261 262
f 162 262 163
f 163 262 263
f 163 263 164
f 164 263 264
f 164 264 165
f 165 264 265
f 165 265 166
f 166 265 266
f 166 266 167
f 167 266 267
f 167 267 168
f 168 267 268
f 168 268 169
f 169 268 269
f 169 269 170
f 170 269 270
f 170 270 171
f 171 270 271
f 171 271 172
f 172 271 272
f 172 272 173
f 173 272 273
f 173 273 174
f 174 273 274
f 174 274 175
f 175 274 275
f 175 275 176
f 176 275 276
f 176 276 177
f 177 276 277
f 177 277 178
f 178 277 278
f 178 278 179
f 179 278 279
f 179 279 180
f 180 279 280
f 180 280 181
f 181 280 281
f 181 281 182
f 182 281 282
f 182 282 183
f 183 282 283
f 183 283 184
f 184 283 284
f 184 284 185
f 185 284 285
f 185 285 186
f 186 285 286
f 186 286 187
f 187 286 287
f 187 287 188
f 188 287 288
f 188 288 189
f 189 288 289
f 189 289 190
f 190 289 290
f 190 290 191
f 191 290 291
f 191 291 192
f 192 291 292
f 192 292 193
f 193 292 293
f 193 293 194
f 194 293 294
f 194 294 195
f 195 294 295
f 195 295 196
f 196 295 296
f 196 296 197
f 197 296 297
f 197 297 198
f 198 297 298
f 198 298 199
f 199 298 299
f 199 299 200
f 200 299 300
f 200 300 201
f 201 300 301
f 201 301 102
f 102 301 202
f 202 302 203
f 203 302 303
f 203 303 204
f 204 303 304
f 204 304 205
f 205 304 305
f 205 305 206
f 206 305 306
f 206 306 207
f 207 306 307
f 207 307 208
f 208 307 308
f 208 308 209
f 209 308 309
f 209 309 210
f 210 309 310
f 210 310 211
f 211 310 311
f 211 311 212
f 212 311 312
f 212 312 213
f 213 312 313
f 213 313 214
f 214 313 314
f 214 314 215
f 215 314 315
f 215 315 216
f 216 315 316
f 216 316 217
f 217 316 317
f 217 317 218
f 218 317 318
f 218 318 219
f 219 318 319
f 219 319 220
f 220 319 320
f 220 320 221
f 221 320 321
f 221 321 222
f 222 321 322
f 222 322 223
f 223 322 323
f 223 323 224
f 224 323 324
f 224 324 225
f 225 324 325
f 225 325 226
f 226 325 326
f 226 326 227
f 227 326 327
f 227 327 228
f 228 327 328
f 228 328 229
f 229 328 329
f 229 329 230
f 230 329 330
f 230 330 231
f 231 330 331
f 231 331 232
f 232 331 332
f 232 332 233
f 233 332 333
f 233 333 234
f 234 333 334
f 234 334 235
f 235 334 335
f 235 335 236
f 236 335 336
f 236 336 237
f 237 336 337
f 237 337 238
f 238 337 338
f 238 338 239
f 239 338 339
f 239 339 240
f 240 339 340
f 240 340 241
f 241 340 341
f 241 341 242
f 242 341 342
f 242 342 243
f 243 342 343
f 243 343 244
f 244 343 344
f 244 344 245
f 245 344 345
f 245 345 246
f 246 345 346
f 246 346 247
f 247 346 347
f 247 347 248
f 248 347 348
f 248 348 249
f 249 348 349
f 249 349 250
f 250 349 350
f 250 350 251
f 251 350 351
f 251 351 252
f 252 351 352
f 252 352 253
f 253 352 353
f 253 353 254
f 254 353 354
f 254 354 255
f 255 354 355
f 255 355 256
f 256 355 356
f 256 356 257
f 257 356 357
f 257 357 258
f 258 357 358
f 258 358 259
f 259 358 359
f 259 359 260
f 260 359 360
f 260 360 261
f 261 360 361
f 261 361 262
f 262 361 362
f 262 362 263
f 263 362 363
f 263 363 264
f 264 363 364
f 264 364 265
f 265 364 365
f 265 365 266
f 266 365 366
f 266 366 267
f 267 366 367
f 267 367 268
f 268 367 368
f 268 368 269
f 269 368 369
f 269 369 270
f 270 369 370
f 270 370 271
f 271 370 371
f 271 371 272
f 272 371 372
f 272 372 273
f 273 372 373
f 273 373 274
f 274 373 374
f 274 374 275
f 275 374 375
f 275 375 276
f 276 375 376
f 276 376 277
f 277 376 377
f 277 377 278
f 278 377 378
f 278 378 279
f 279 378 379
f 279 379 280
f 280 379 380
f 280 380 281
f 281 380 381
f 281 381 282
f 282 381 382
f 282 382 283
f 283 382 383
f 283 383 284
f 284 383 384
f 284 384 285
f 285 384 385
f 285 385 286
f 286 385 386
f 286 386 287
f 287 386 387
f 287 387 288
f 288 387 388
f 288 388 289
f 289 388 389
f 289 389 290
f 290 389 390
f 290 390 291
f 291 390 391
f 291 391 292
f 292 391 392
f 292 392 293
f 293 392 393
f 293 393 294
f 294 393 394
f 294 394 295
f 295 394 395
f 295 395 296
f 296 395 396
f 296 396 297
f 297 396 397
f 297 397 298
f 298 397 398
f 298 398 299
f 299 398 399
f 299 399 300
f 300 399 400
f 300 400 301
f 301 400 401
f 301 401 202
f 202 401 302
f 302 402 303
f 303 402 403
f 303 403 304
f 304 403 404
f 304 404 305
f 305 404 405
f 305 405 306
f 306 405 406
f 306 406 307
f 307 406 407
f 307 407 308
f 308 407 408
f 308 408 309
f 309 408 409
f 309 409 310
f 310 409 410
f 310 410 311
f 311 410 411
f 311 411 312
f 312 411 412
f 312 412 313
f 313 412 413
f 313 413 314
f 314 413 414
f 314 414 315
f 315 414 415
f 315 415 316
f 316 415 416
f 316 416 317
f 317 416 417
f 317 417 318
f 318 417 418
f 318 418 319
f 319 418 419
f 319 419 320
f 320 419 420
f 320 420 321
f 321 420 421
f 321 421 322
f 322 421 422
f 322 422 323
f 323 422 423
f 323 423 324
f 324 423 424
f 324 424 325
f 325 424 425
f 325 425 326
f 326 425 426
f 326 426 327
f 327 426 427
f 327 427 328
f 328 427 428
f 328 428 329
f 329 428 429
f 329 429 330
f 330 429 430
f 330 430 331
f 331 430 431
f 331 431 332
f 332 431 432
f 332 432 333
f 333 432 433
f 333 433 334
f 334 433 434
f 334 434 335
f 335 434 435
f 335 435 336
f 336 435 436
f 336 436 337
f 337 436 437
f 337 437 338
f 338 437 438
f 338 438 339
f 339 438 439
f 339 439 340
f 340 439 440
f 340 440 341
f 341 440 441
f 341 441 342
f 342 441 442
f 342 442 343
f 343 442 443
f 343 443 344
f 344 443 444
f 344 444 345
f 345 444 445
f 345 445 346
f 346 445 446
f 346 446 347
f 347 446 447
f 347 447 348
f 348 447 448
f 348 448 349
f 349 448 449
f 349 449 350
f 350 449 450
f 350 450 351
f 351 450 451
f 351 451 352
f 352 451 452
f 352 452 353
f 353 452 453
f 353 453 354
f 354 453 454
f 354 454 355
f 355 454 455
f 355 455 356
f 356 455 456
f 356 456 357
f 357 456 457
f 357 457 358
f 358 457 458
f 358 458 359
f 359 458 459
f 359 459 360
f 360 459 460
f 360 460 361
f 361 460 461
f 361 461 362
f 362 461 462
f 362 462 363
f 363 462 463
f 363 463 364
f 364 463 464
f 364 464 365
f 365 464 465
f 365 465 366
f 366 465 466
f 366 466 367
f 367 466 467
f 367 467 368
f 368 467 468
f 368 468 369
f 369 468 469
f 369 469 370
f 370 469 470
f 370 470 371
f 371 470 471
f 371 471 372
f 372 471 472
f 372 472 373
f 373 472 473
f 373 473 374
f 374 473 474
f 374 474 375
f 375 474 475
f 375 475 376
f 376 475 476
f 376 476 377
f 377 476 477
f 377 477 378
f 378 477 478
f 378 478 379
f 379 478 479
f 379 479 380
f 380 479 480
f 380 480 381
f 381 480 481
f 381 481 382
f 382 481 482
f 382 482 383
f 383 482 483
f 383 483 384
f 384 483 484
f 384 484 385
f 385 484 485
f 385 485 386
f 386 485 486
f 386 486 387
f 387 486 487
f 387 487 388
f 388 487 488
f 388 488 389
f 389 488 489
f 389 489 390
f 390 489 490
f 390 490 391
f 391 490 491
f 391 491 392
f 392 491 492
f 392 492 393
f 393 492 493
f 393 493 394
f 394 493 494
f 394 494 395
f 395 494 495
f 395 495 396
f 396 495 496
f 396 496 397
f 397 496 497
f 397 497 398
f 398 497 498
f 398 498 399
f 399 498 499
f 399 499 400
f 400 499 500
f 400 500 401
f 401 500 501
f 401 501 302
f 302 501 402
f 402 502 403
f 403 502 503
f 403 503 404
f 404 503 504
f 404 504 405
f 405 504 505
f 405 505 406
f 406 505 506
f 406 506 407
f 407 506 507
f 407 507 408
f 408 507 508
f 408 508 409
f 409 508 509
f 409 509 410
f 410 509 510
f 410 510 411
f 411 510 511
f 411 511 412
f 412 511 512
f 412 512 413
f 413 512 513
f 413 513 414
f 414 513 514
f 414 514 415
f 415 514 515
f 415 515 416
f 416 515 516
f 416 516 417
f 417 516 517
f 417 517 418
f 418 517 518
f 418 518 419
f 419 518 519
f 419 519 420
f 420 519 520
f 420 520 421
f 421 520 521
f 421 521 422
f 422 521 522
f 422 522 423
f 423 522 523
f 423 523 424
f 424 523 524
f 424 524 425
f 425 524 525
f 425 525 426
f 426 525 526
f 426 526 427
f 427 526 527
f 427 527 428
f 428 527 528
f 428 528 429
f 429 528 529
f 429 529 430
f 430 529 530
f 430 530 431
f 431 530 531
f 431 531 432
f 432 531 532
f 432 532 433
f 433 532 533
f 433 533 434
f 434 533 534
f 434 534 435
f 435 534 535
f 435 535 436
f 436 535 536
f 436 536 437
f 437 536 537
f 437 537 438
f 438 537 538
f 438 538 439
f 439 538 539
f 439 539 440
f 440 539 540
f 440 540 441
f 441 540 541
f 441 541 442
f 442 541 542
f 442 542 443
f 443 542 543
f 443 543 444
f 444 543 544
f 444 544 445
f 445 544 545
f 445 545 446
f 446 545 546
f 446 546 447
f 447 546 547
f 447 547 448
f 448 547 548
f 448 548 449
f 449 548 549
f 449 549 450
f 450 549 550
f 450 550 451
f 451 550 551
f 451 551 452
f 452 551 552
f 452 552 453
f 453 552 553
f 453 553 454
f 454 553 554
f 454 554 455
f 455 554 555
f 455 555 456
f 456 555 556
f 456 556 457
f 457 556 557
f 457 557 458
f 458 557 558
f 458 558 459
f 459 558 559
f 459 559 460
f 460 559 560
f 460 560 461
f 461 560 561
f 461 561 462
f 462 561 562
f 462 562 463
f 463 562 563
f 463 563 464
f 464 563 564
f 464 564 465
f 465 564 565
f 465 565 466
f 466 565 566
f 466 566 467
f 467 566 567
f 467 567 468
f 468 567 568
f 468 568 469
f 469 568 569
f 469 569 470
f 470 569 570
f 470 570 471
f 471 570 571
f 471 571 472
f 472 571 572
f 472 572 473
f 473 572 573
f 473 573 474
f 474 573 574
f 474 574 475
f 475 574 575
f 475 575 476
f 476 575 576
f 476 576 477
f 477 576 577
f 477 577 478
f 478 577 578
f 478 578 479
f 479 578 579
f 479 579 480
f 480 579 580
f 480 580 481
f 481 580 581
f 481 581 482
f 482 581 582
f 482 582 483
f 483 582 583
f 483 583 484
f 484 583 584
f 484 584 485
f 485 584 585
f 485 585 486
f 486 585 586
f 486 586 487
f 487 586 587
f 487 587 488
f 488 587 588
f 488 588 489
f 489 588 589
f 489 589 490
f 490 589 590
f 490 590 491
f 491 590 591
f 491 591 492
f 492 591 592
f 492 592 493
f 493 592 593
f 493 593 494
f 494 593 594
f 494 594 495
f 495 594 595
f 495 595 496
f 496 595 596
f 496 596 497
f 497 596 597
f 497 597 498
f 498 597 598
f 498 598 499
f 499 598 599
f 499 599 500
f 500 599 600
f 500 600 501
f 501 600 601
f 501 601 402
f 402 601 502
f 502 602 503
f 503 602 603
f 503 603 504
f 504 603 604
f 504 604 505
f 505 604 605
f 505 605 506
f 506 605 606
f 506 606 507
f 507 606 607
f 507 607 508
f 508 607 608
f 508 608 509
f 509 608 609
f 509 609 510
f 510 609 610
f 510 610 511
f 511 610 611
f 511 611 512
f 512 611 612
f 512 612 513
f 513 612 613
f 513 613 514
f 514 613 614
f 514 614 515
f 515 614 615
f 515 615 516
f 516 615 616
f 516 616 517
f 517 616 617
f 517 617 518
f 518 617 618
f 518 618 519
f 519 618 619
f 519 619 520
f 520 619 620
f 520 620 521
f 521 620 621
f 521 621 522
f 522 621 622
f 522 622 523
f 523 622 623
f 523 623 524
f 524 623 624
f 524 624 525
f 525 624 625
f 525 625 526
f 526 625 626
f 526 626 527
f 527 626 627
f 527 627 528
f 528 627 628
f 528 628 529
f 529 628 629
f 529 629 530
f 530 629 630
f 530 630 531
f 531 630 631
f 531 631 532
f 532 631 632
f 532 632 533
f 533 632 633
f 533 633 534
f 534 633 634
f 534 634 535
f 535 634 635
f 535 635 536
f 536 635 636
f 536 636 537
f 537 636 637
f 537 637 538
f 538 637 638
f 538 638 539
f 539 638 639
f 539 639 540
f 540 639 640
f 540 640 541
f 541 640 641
f 541 641 542
f 542 641 642
f 542 642 543
f 543 642 643
f 543 643 544
f 544 643 644
f 544 644 545
f 545 644 645
f 545 645 546
f 546 645 646
f 546 646 547
f 547 646 647
f 547 647 548
f 548 647 648
f 548 648 549
f 549 648 649
f 549 649 550
f 550 649 650
f 550 650 551
f 551 650 651
f 551 651 552
f 552 651 652
f 552 652 553
f 553 652 653
f 553 653 554
f 554 653 654
f 554 654 555
f 555 654 655
f 555 655 556
f 556 655 656
f 556 656 557
f 557 656 657
f 557 657 558
f 558 657 658
f 558 658 559
f 559 658 659
f 559 659 560
f 560 659 660
f 560 660 561
f 561 660 661
f 561 661 562
f 562 661 662
f 562 662 563
f 563 662 663
f 563 663 564
f 564 663 664
f 564 664 565
f 565 664 665
f 565 665 566
f 566 665 666
f 566 666 567
f 567 666 667
f 567 667 568
f 568 667 668
f 568 668 569
f 569 668 669
f 569 669 570
f 570 669 670
f 570 670 571
f 571 670 671
f 571 671 572
f 572 671 672
f 572 672 573
f 573 672 673
f 573 673 574
f 574 673 674
f 574 674 575
f 575 674 675
f 575 675 576
f 576 675 676
f 576 676 577
f 577 676 677
f 577 677 578
f 578 677 678
f 578 678 579
f 579 678 679
f 579 679 580
f 580 679 680
f 580 680 581
f 581 680 681
f 581 681 582
f 582 681 682
f 582 682 583
f 583 682 683
f 583 683 584
f 584 683 684
f 584 684 585
f 585 684 685
f 585 685 586
f 586 685 686
f 586 686 587
f 587 686 687
f 587 687 588
f 588 687 688
f 588 688 589
f 589 688 689
f 589 689 590
f 590 689 690
f 590 690 591
f 591 690 691
f 591 691 592
f 592 691 692
f 592 692 593
f 593 692 693
f 593 693 594
f 594 693 694
f 594 694 595
f 595 694 695
f 595 695 596
f 596 695 696
f 596 696 597
f 597 696 697
f 597 697 598
f 598 697 698
f 598 698 599
f 599 698 699
f 599 699 600
f 600 699 700
f 600 700 601
f 601 700 701
f 601 701 502
f 502 701 602
f 602 702 603
f 603 702 703
f 603 703 604
f 604 703 704
f 604 704 605
f 605 704 705
f 605 705 606
f 606 705 706
f 606 706 607
f 607 706 707
f 607 707 608
f 608 707 708
f 608 708 609
f 609 708 709
f 609 709 610
f 610 709 710
f 610 710 611
f 611 710 711
f 611 711 612
f 612 711 712
f 612 712 613
f 613 712 713
f 613 713 614
f 614 713 714
f 614 714 615
f 615 714 715
f 615 715 616
f 616 715 716
f 616 716 617
f 617 716 717
f 617 717 618
f 618 717 718
f 618 718 619
f 619 718 719
f 619 719 620
f 620 719 720
f 620 720 621
f 621 720 721
f 621 721 622
f 622 721 722
f 622 722 623
f 623 722 723
f 623 723 624
f 624 723 724
f 624 724 625
f 625 724 725
f 625 725 626
f 626 725 726
f 626 726 627
f 627 726 727
f 627 727 628
f 628 727 728
f 628 728 629
f 629 728 729
f 629 729 630
f 630 729 730
f 630 730 631
f 631 730 731
f 631 731 632
f 632 731 732
f 632 732 633
f 633 732 733
f 633 733 634
f 634 733 734
f 634 734 635
f 635 734 735
f 635 735 636
f 636 735 736
f 636 736 637
f 637 736 737
f 637 737 638
f 638 737 738
f 638 738 639
f 639 738 739
f 639 739 640
f 640 739 740
f 640 740 641
f 641 740 741
f 641 741 642
f 642 741 742
f 642 742 643
f 643 742 743
f 643 743 644
f 644 743 744
f 644 744 645
f 645 744 745
f 645 745 646
f 646 745 746
f 646 746 647
f 647 746 747
f 647 747 648
f 648 747 748
f 648 748 649
f 649 748 749
f 649 749 650
f 650 749 750
f 650 750 651
f 651 750 751
f 651 751 652
f 652 751 752
f 652 752 653
f 653 752 753
f 653 753 654
f 654 753 754
f 654 754 655
f 655 754 755
f 655 755 656
f 656 755 756
f 656 756 657
f 657 756 757
f 657 757 658
f 658 757 758
f 658 758 659
f 659 758 759
f 659 759 660
f 660 759 760
f 660 760 661
f 661 760 761
f 661 761 662
f 662 761 762
f 662 762 663
f 663 762 763
f 663 763 664
f 664 763 764
f 664 764 665
f 665 764 765
f 665 765 666
f 666 765 766
f 666 766 667
f 667 766 767
f 667 767 668
f 668 767 768
f 668 768 669
f 669 768 769
f 669 769 670
f 670 769 770
f 670 770 671
f 671 770 771
f 671 771 672
f 672 771 772
f 672 772 673
f 673 772 773
f 673 773 674
f 674 773 774
f 674 774 675
f 675 774 775
f 675 775 676
f 676 775 776
f 676 776 677
f 677 776 777
f 677 777 678
f 678 777 778
f 678 778 679
f 679 778 779
f 679 779 680
f 680 779 780
f 680 780 681
f 681 780 781
f 681 781 682
f 682 781 782
f 682 782 683
f 683 782 783
f 683 783 684
f 684 783 784
f 684 784 685
f 685 784 785
f 685 785 686
f 686 785 786
f 686 786 687
f 687 786 787
f 687 787 688
f 688 787 788
f 688 788 689
f 689 788 789
f 689 789 690
f 690 789 790
f 690 790 691
f 691 790 791
f 691 791 692
f 692 791 792
f 692 792 693
f 693 792 793
f 693 793 694
f 694 793 794
f 694 794 695
f 695 794 795
f 695 795 696
f 696 795 796
f 696 796 697
f 697 796 797
f 697 797 698
f 698 797 798
f 698 798 699
f 699 798 799
f 699 799 700
f 700 799 800
f 700 800 701
f 701 800 801
f 701 801 602
f 602 801 702
f 702 802 703
f 703 802 803
f 703 803 704
f 704 803 804
f 704 804 705
f 705 804 805
f 705 805 706
f 706 805 806
f 706 806 707
f 707 806 807
f 707 807 708
f 708 807 808
f 708 808 709
f 709 808 809
f 709 809 710
f 710 809 810
f 710 810 711
f 711 810 811
f 711 811 712
f 712 811 812
f 712 812 713
f 713 812 813
f 713 813 714
f 714 813 814
f 714 814 715
f 715 814 815
f 715 815 716
f 716 815 816
f 716 816 717
f 717 816 817
f 717 817 718
f 718 817 818
f 718 818 719
f 719 818 819
f 719 819 720
f 720 819 820
f 720 820 721
f 721 820 821
f 721 821 722
f 722 821 822
f 722 822 723
f 723 822 823
f 723 823 724
f 724 823 824
f 724 824 725
f 725 824 825
f 725 825 726
f 726 825 826
f 726 826 727
f 727 826 827
f 727 827 728
f 728 827 828
f 728 828 729
f 729 828 829
f 729 829 730
f 730 829 830
f 730 830 731
f 731 830 831
f 731 831 732
f 732 831 832
f 732 832 733
f 733 832 833
f 733 833 734
f 734 833 834
f 734 834 735
f 735 834 835
f 735 835 736
f 736 835 836
f 736 836 737
f 737 836 837
f 737 837 738
f 738 837 838
f 738 838 739
f 739 838 839
f 739 839 740
f 740 839 840
f 740 840 741
f 741 840 841
f 741 841 742
f 742 841 842
f 742 842 743
f 743 842 843
f 743 843 744
f 744 843 844
f 744 844 745
f 745 844 845
f 745 845 746
f 746 845 846
f 746 846 747
f 747 846 847
f 747 847 748
f 748 847 848
f 748 848 749
f 749 848 849
f 749 849 750
f 750 849 850
f 750 850 751
f 751 850 851
f 751 851 752
f 752 851 852
f 752 852 753
f 753 852 853
f 753 853 754
f 754 853 854
f 754 854 755
f 755 854 855
f 755 855 756
f 756 855 856
f 756 856 757
f 757 856 857
f 757 857 758
f 758 857 858
f 758 858 759
f 759 858 859
f 759 859 760
f 760 859 860
f 760 860 761
f 761 860 861
f 761 861 762
f 762 861 862
f 762 862 763
f 763 862 863
f 763 863 764
f 764 863 864
f 764 864 765
f 765 864 865
f 765 865 766
f 766 865 866
f 766 866 767
f 767 866 867
f 767 867 768
f 768 867 868
f 768 868 769
f 769 868 869
f 769 869 770
f 770 869 870
f 770 870 771
f 771 870 871
f 771 871 772
f 772 871 872
f 772 872 773
f 773 872 873
f 773 873 774
f 774 873 874
f 774 874 775
f 775 874 875
f 775 875 776
f 776 875 876
f 776 876 777
f 777 876 877
f 777 877 778
f 778 877 878
f 778 878 779
f 779 878 879
f 779 879 780
f 780 879 880
f 780 880 781
f 781 880 881
f 781 881 782
f 782 881 882
f 782 882 783
f 783 882 883
f 783 883 784
f 784 883 884
f 784 884 785
f 785 884 885
f 785 885 786
f 786 885 886
f 786 886 787
f 787 886 887
f 787 887 788
f 788 887 888
f 788 888 789
f 789 888 889
f 789 889 790
f 790 889 890
f 790 890 791
f 791 890 891
f 791 891 792
f 792 891 892
f 792 892 793
f 793 892 893
f 793 893 794
f 794 893 894
f 794 894 795
f 795 894 895
f 795 895 796
f 796 895 896
f 796 896 797
f 797 896 897
f 797 897 798
f 798 897 898
f 798 898 799
f 799 898 899
f 799 899 800
f 800 899 900
f 800 900 801
f 801 900 901
f 801 901 702
f 702 901 802
f 802 902 803
f 803 902 903
f 803 903 804
f 804 903 904
f 804 904 805
f 805 904 905
f 805 905 806
f 806 905 906
f 806 906 807
f 807 906 907
f 807 907 808
f 808 907 908
f 808 908 809
f 809 908 909
f 809 909 810
f 810 909 910
f 810 910 811
f 811 910 911
f 811 911 812
f 812 911 912
f 812 912 813
f 813 912 913
f 813 913 814
f 814 913 914
f 814 914 815
f 815 914 915
f 815 915 816
f 816 915 916
f 816 916 817
f 817 916 917
f 817 917 818
f 818 917 918
f 818 918 819
f 819 918 919
f 819 919 820
f 820 919 920
f 820 920 821
f 821 920 921
f 821 921 822
f 822 921 922
f 822 922 823
f 823 922 923
f 823 923 824
f 824 923 924
f 824 924 825
f 825 924 925
f 825 925 826
f 826 925 926
f 826 926 827
f 827 926 927
f 827 927 828
f 828 927 928
f 828 928 829
f 829 928 929
f 829 929 830
f 830 929 930
f 830 930 831
f 831 930 931
f 831 931 832
f 832 931 932
f 832 932 833
f 833 932 933
f 833 933 834
f 834 933 934
f 834 934 835
f 835 934 935
f 835 935 836
f 836 935 936
f 836 936 837
f 837 936 937
f 837 937 838
f 838 937 938
f 838 938 839
f 839 938 939
f 839 939 840
f 840 939 940
f 840 940 841
f 841 940 941
f 841 941 842
f 842 941 942
f 842 942 843
f 843 942 943
f 843 943 844
f 844 943 944
f 844 944 845
f 845 944 945
f 845 945 846
f 846 945 946
f 846 946 847
f 847 946 947
f 847 947 848
f 848 947 948
f 848 948 849
f 849 948 949
f 849 949 850
f 850 949 950
f 850 950 851
f 851 950 951
f 851 951 852
f 852 951 952
f 852 952 853
f 853 952 953
f 853 953 854
f 854 953 954
f 854 954 855
f 855 954 955
f 855 955 856
f 856 955 956
f 856 956 857
f 857 956 957
f 857 957 858
f 858 957 958
f 858 958 859
f 859 958 959
f 859 959 860
f 860 959 960
f 860 960 861
f 861 960 961
f 861 961 862
f 862 961 962
f 862 962 863
f 863 962 963
f 863 963 864
f 864 963 964
f 864 964 865
f 865 964 965
f 865 965 866
f 866 965 966
f 866 966 867
f 867 966 967
f 867 967 868
f 868 967 968
f 868 968 869
f 869 968 969
f 869 969 870
f 870 969 970
f 870 970 871
f 871 970 971
f 871 971 872
f 872 971 972
f 872 972 873
f 873 972 973
f 873 973 874
f 874 973 974
f 874 974 875
f 875 974 975
f 875 975 876
f 876 975 976
f 876 976 877
f 877 976 977
f 877 977 878
f 878 977 978
f 878 978 879
f 879 978 979
f 879 979 880
f 880 979 980
f 880 980 881
f 881 980 981
f 881 981 882
f 882 981 982
f 882 982 883
f 883 982 983
f 883 983 884
f 884 983 984
f 884 984 885
f 885 984 985
f 885 985 886
f 886 985 986
f 886 986 887
f 887 986 987
f 887 987 888
f 888 987 988
f 888 988 889
f 889 988 989
f 889 989 890
f 890 989 990
f 890 990 891
f 891 990 991
f 891 991 892
f 892 991 992
f 892 992 893
f 893 992 993
f 893 993 894
f 894 993 994
f 894 994 895
f 895 994 995
f 895 995 896
f 896 995 996
f 896 996 897
f 897 996 997
f 897 997 898
f 898 997 998
f 898 998 899
f 899 998 999
f 899 999 900
f 900 999 1000
f 900 1000 901
f 901 1000 1001
f 901 1001 802
f 802 1001 902
f 902 1002 903
f 903 1002 1003
f 903 1003 904
f 904 1003 1004
f 904 1004 905
f 905 1004 1005
f 905 1005 906
f 906 1005 1006
f 906 1006 907
f 907 1006 1007
f 907 1007 908
f 908 1007 1008
f 908 1008 909
f 909 1008 1009
f 909 1009 910
f 910 1009 1010
f 910 1010 911
f 911 1010 1011
f 911 1011 912
f 912 1011 1012
f 912 1012 913
f 913 1012 1013
f 913 1013 914
f 914 1013 1014
f 914 1014 915
f 915 1014 1015
f 915 1015 916
f 916 1015 1016
f 916 1016 917
f 917 1016 1017
f 917 1017 918
f 918 1017 1018
f 918 1018 919
f 919 1018 1019
f 919 1019 920
f 920 1019 1020
f 920 1020 921
f 921 1020 1021
f 921 1021 922
f 922 1021 1022
f 922 1022 923
f 923 1022 1023
f 923 1023 924
f 924 1023 1024
f 924 1024 925
f 925 1024 1025
f 925 1025 926
f 926 1025 1026
f 926 1026 927
f 927 1026 1027
f 927 1027 928
f 928 1027 1028
f 928 1028 929
f 929 1028 1029
f 929 1029 930
f 930 1029 1030
f 930 1030 931
f 931 1030 1031
f 931 1031 932
f 932 1031 1032
f 932 1032 933
f 933 1032 1033
f 933 1033 934
f 934 1033 1034
f 934 1034 935
f 935 1034 1035
f 935 1035 936
f 936 1035 1036
f 936 1036 937
f 937 1036 1037
f 937 1037 938
f 938 1037 1038
f 938 1038 939
f 939 1038 1039
f 939 1039 940
f 940 1039 1040
f 940 1040 941
f 941 1040 1041
f 941 1041 942
f 942 1041 1042
f 942 1042 943
f 943 1042 1043
f 943 1043 944
f 944 1043 1044
f 944 1044 945
f 945 1044 1045
f 945 1045 946
f 946 1045 1046
f 946 1046 947
f 947 1046 1047
f 947 1047 948
f 948 1047 1048
f 948 1048 949
f 949 1048 1049
f 949 1049 950
f 950 1049 1050
f 950 1050 951
f 951 1050 1051
f 951 1051 952
f 952 1051 1052
f 952 1052 953
f 953 1052 1053
f 953 1053 954
f 954 1053 1054
f 954 1054 955
f 955 1054 1055
f 955 1055 956
f 956 1055 1056
f 956 1056 957
f 957 1056 1057
f 957 1057 958
f 958 1057 1058
f 958 1058 959
f 959 1058 1059
f 959 1059 960
f 960 1059 1060
f 960 1060 961
f 961 1060 1061
f 961 1061 962
f 962 1061 1062
f 962 1062 963
f 963 1062 1063
f 963 1063 964
f 964 1063 1064
f 964 1064 965
f 965 1064 1065
f 965 1065 966
f 966 1065 1066
f 966 1066 967
f 967 1066 1067
f 967 1067 968
f 968 1067 1068
f 968 1068 969
f 969 1068 1069
f 969 1069 970
f 970 1069 1070
f 970 1070 971
f 971 1070 1071
f 971 1071 972
f 972 1071 1072
f 972 1072 973
f 973 1072 1073
f 973 1073 974
f 974 1073 1074
f 974 1074 975
f 975 1074 1075
f 975 1075 976
f 976 1075 1076
f 976 1076 977
f 977 1076 1077
f 977 1077 978
f 978 1077 1078
f 978 1078 979
f 979 1078 1079
f 979 1079 980
f 980 1079 1080
f 980 1080 981
f 981 1080 1081
f 981 1081 982
f 982 1081 1082
f 982 1082 983
f 983 1082 1083
f 983 1083 984
f 984 1083 1084
f 984 1084 985
f 985 1084 1085
f 985 1085 986
f 986 1085 1086
f 986 1086 987
f 987 1086 1087
f 987 1087 988
f 988 1087 1088
f 988 1088 989
f 989 1088 1089
f 989 1089 990
f 990 1089 1090
f 990 1090 991
f 991 1090 1091
f 991 1091 992
f 992 1091 1092
f 992 1092 993
f 993 1092 1093
f 993 1093 994
f 994 1093 1094
f 994 1094 995
f 995 1094 1095
f 995 1095 996
f 996 1095 1096
f 996 1096 997
f 997 1096 1097
f 997 1097 998
f 998 1097 1098
f 998 1098 999
f 999 1098 1099
f 999 1099 1000
f 1000 1099 1100
f 1000 1100 1001
f 1001 1100 1101
f 1001 1101 902
f 902 1101 1002
f 1002 1102 1003
f 1003 1102 1103
f 1003 1103 1004
f 1004 1103 1104
f 1004 1104 1005
f 1005 1104 1105
f 1005 1105 1006
f 1006 1105 1106
f 1006 1106 1007
f 1007 1106 1107
f 1007 1107 1008
f 1008 1107 1108
f 1008 1108 1009
f 1009 1108 1109
f 1009 1109 1010
f 1010 1109 1110
f 1010 1110 1011
f 1011 1110 1111
f 1011 1111 1012
f 1012 1111 1112
f 1012 1112 1013
f 1013 1112 1113
f 1013 1113 1014
f 1014 1113 1114
f 1014 1114 1015
f 1015 1114 1115
f 1015 1115 1016
f 1016 1115 1116
f 1016 1116 1017
f 1017 1116 1117
f 1017 1117 1018
f 1018 1117 1118
f 1018 1118 1019
f 1019 1118 1119
f 1019 1119 1020
f 1020 1119 1120
f 1020 1120 1021
f 1021 1120 1121
f 1021 1121 1022
f 1022 1121 1122
f 1022 1122 1023
f 1023 1122 1123
f 1023 1123 1024
f 1024 1123 1124
f 1024 1124 1025
f 1025 1124 1125
f 1025 1125 1026
f 1026 1125 1126
f 1026 1126 1027
f 1027 1126 1127
f 1027 1127 1028
f 1028 1127 1128
f 1028 1128 1029
f 1029 1128 1129
f 1029 1129 1030
f 1030 1129 1130
f 1030 1130 1031
f 1031 1130 1131
f 1031 1131 1032
f 1032 1131 1132
f 1032 1132 1033
f 1033 1132 1133
f 1033 1133 1034
f 1034 1133 1134
f 1034 1134 1035
f 1035 1134 1135
f 1035 1135 1036
f 1036 1135 1136
f 1036 1136 1037
f 1037 1136 1137
f 1037 1137 1038
f 1038 1137 1138
f 1038 1138 1039
f 1039 1138 1139
f 1039 1139 1040
f 1040 1139 1140
f 1040 1140 1041
f 1041 1140 1141
f 1041 1141 1042
f 1042 1141 1142
f 1042 1142 1043
f 1043 1142 1143
f 1043 1143 1044
f 1044 1143 1144
f 1044 1144 1045
f 1045 1144 1145
f 1045 1145 1046
f 1046 1145 1146
f 1046 1146 1047
f 1047 1146 1147
f 1047 1147 1048
f 1048 1147 1148
f 1048 1148 1049
f 1049 1148 1149
f 1049 1149 1050
f 1050 1149 1150
f 1050 1150 1051
f 1051 1150 1151
f 1051 1151 1052
f 1052 1151 1152
f 1052 1152 1053
f 1053 1152 1153
f 1053 1153 1054
f 1054 1153 1154
f 1054 1154 1055
f 1055 1154 1155
f 1055 1155 1056
f 1056 1155 1156
f 1056 1156 1057
f 1057 1156 1157
f 1057 1157 1058
f 1058 1157 1158
f 1058 1158 1059
f 1059 1158 1159
f 1059 1159 1060
f 1060 1159 1160
f 1060 1160 1061
f 1061 1160 1161
f 1061 1161 1062
f 1062 1161 1162
f 1062 1162 1063
f 1063 1162 1163
f 1063 1163 1064
f 1064 1163 1164
f 1064 1164 1065
f 1065 1164 1165
f 1065 1165 1066
f 1066 1165 1166
f 1066 1166 1067
f 1067 1166 1167
f 1067 1167 1068
f 1068 1167 1168
f 1068 1168 1069
f 1069 1168 1169
f 1069 1169 1070
f 1070 1169 1170
f 1070 1170 1071
f 1071 1170 1171
f 1071 1171 1072
f 1072 1171 1172
f 1072 1172 1073
f 1073 1172 1173
f 1073 1173 1074
f 1074 1173 1174
f 1074 1174 1075
f 1075 1174 1175
f 1075 1175 1076
f 1076 1175 1176
f 1076 1176 1077
f 1077 1176 1177
f 1077 1177 1078
f 1078 1177 1178
f 1078 1178 1079
f 1079 1178 1179
f 1079 1179 1080
f 1080 1179 1180
f 1080 1180 1081
f 1081 1180 1181
f 1081 1181 1082
f 1082 1181 1182
f 1082 1182 1083
f 1083 1182 1183
f 1083 1183 1084
f 1084 1183 1184
f 1084 1184 1085
f 1085 1184 1185
f 1085 1185 1086
f 1086 1185 1186
f 1086 1186 1087
f 1087 1186 1187
f 1087 1187 1088
f 1088 1187 1188
f 1088 1188 1089
f 1089 1188 1189
f 1089 1189 1090
f 1090 1189 1190
f 1090 1190 1091
f 1091 1190 1191
f 1091 1191 1092
f 1092 1191 1192
f 1092 1192 1093
f 1093 1192 1193
f 1093 1193 1094
f 1094 1193 1194
f 1094 1194 1095
f 1095 1194 1195
f 1095 1195 1096
f 1096 1195 1196
f 1096 1196 1097
f 1097 1196 1197
f 1097 1197 1098
f 1098 1197 1198
f 1098 1198 1099
f 1099 1198 1199
f 1099 1199 1100
f 1100 1199 1200
f 1100 1200 1101
f 1101 1200 1201
f 1101 1201 1002
f 1002 1201 1102
f 1102 1202 1103
f 1103 1202 1203
f 1103 1203 1104
f 1104 1203 1204
f 1104 1204 1105
f 1105 1204 1205
f 1105 1205 1106
f 1106 1205 1206
f 1106 1206 1107
f 1107 1206 1207
f 1107 1207 1108
f 1108 1207 1208
f 1108 1208 1109
f 1109 1208 1209
f 1109 1209 1110
f 1110 1209 1210
f 1110 1210 1111
f 1111 1210 1211
f 1111 1211 1112
f 1112 1211 1212
f 1112 1212 1113
f 1113 1212 1213
f 1113 1213 1114
f 1114 1213 1214
f 1114 1214 1115
f 1115 1214 1215
f 1115 1215 1116
f 1116 1215 1216
f 1116 1216 1117
f 1117 1216 1217
f 1117 1217 1118
f 1118 1217 1218
f 1118 1218 1119
f 1119 1218 1219
f 1119 1219 1120
f 1120 1219 1220
f 1120 1220 1121
f 1121 1220 1221
f 1121 1221 1122
f 1122 1221 1222
f 1122 1222 1123
f 1123 1222 1223
f 1123 1223 1124
f 1124 1223 1224
f 1124 1224 1125
f 1125 1224 1225
f 1125 1225 1126
f 1126 1225 1226
f 1126 1226 1127
f 1127 1226 1227
f 1127 1227 1128
f 1128 1227 1228
f 1128 1228 1129
f 1129 1228 1229
f 1129 1229 1130
f 1130 1229 1230
f 1130 1230 1131
f 1131 1230 1231
f 1131 1231 1132
f 1132 1231 1232
f 1132 1232 1133
f 1133 1232 1233
f 1133 1233 1134
f 1134 1233 1234
f 1134 1234 1135
f 1135 1234 1235
f 1135 1235 1136
f 1136 1235 1236
f 1136 1236 1137
f 1137 1236 1237
f 1137 1237 1138
f 1138 1237 1238
f 1138 1238 1139
f 1139 1238 1239
f 1139 1239 1140
f 1140 1239 1240
f 1140 1240 1141
f 1141 1240 1241
f 1141 1241 1142
f 1142 1241 1242
f 1142 1242 1143
f 1143 1242 1243
f 1143 1243 1144
f 1144 1243 1244
f 1144 1244 1145
f 1145 1244 1245
f 1145 1245 1146
f 1146 1245 1246
f 1146 1246 1147
f 1147 1246 1247
f 1147 1247 1148
f 1148 1247 1248
f 1148 1248 1149
f 1149 1248 1249
f 1149 1249 1150
f 1150 1249 1250
f 1150 1250 1151
f 1151 1250 1251
f 1151 1251 1152
f 1152 1251 1252
f 1152 1252 1153
f 1153 1252 1253
f 1153 1253 1154
f 1154 1253 1254
f 1154 1254 1155
f 1155 1254 1255
f 1155 1255 1156
f 1156 1255 1256
f 1156 1256 1157
f 1157 1256 1257
f 1157 1257 1158
f 1158 1257 1258
f 1158 1258 1159
f 1159 1258 1259
f 1159 1259 1160
f 1160 1259 1260
f 1160 1260 1161
f 1161 1260 1261
f 1161 1261 1162
f 1162 1261 1262
f 1162 1262 1163
f 1163 1262 1263
f 1163 1263 1164
f 1164 1263 1264
f 1164 1264 1165
f 1165 1264 1265
f 1165 1265 1166
f 1166 1265 1266
f 1166 1266 1167
f 1167 1266 1267
f 1167 1267 1168
f 1168 1267 1268
f 1168 1268 1169
f 1169 1268 1269
f 1169 1269 1170
f 1170 1269 1270
f 1170 1270 1171
f 1171 1270 1271
f 1171 1271 1172
f 1172 1271 1272
f 1172 1272 1173
f 1173 1272 1273
f 1173 1273 1174
f 1174 1273 1274
f 1174 1274 1175
f 1175 1274 1275
f 1175 1275 1176
f 1176 1275 1276
f 1176 1276 1177
f 1177 1276 1277
f 1177 1277 1178
f 1178 1277 1278
f 1178 1278 1179
f 1179 1278 1279
f 1179 1279 1180
f 1180 1279 1280
f 1180 1280 1181
f 1181 1280 1281
f 1181 1281 1182
f 1182 1281 1282
f 1182 1282 1183
f 1183 1282 1283
f 1183 1283 1184
f 1184 1283 1284
f 1184 1284 1185
f 1185 1284 1285
f 1185 1285 1186
f 1186 1285 1286
f 1186 1286 1187
f 1187 1286 1287
f 1187 1287 1188
f 1188 1287 1288
f 1188 1288 1189
f 1189 1288 1289
f 1189 1289 1190
f 1190 1289 1290
f 1190 1290 1191
f 1191 1290 1291
f 1191 1291 1192
f 1192 1291 1292
f 1192 1292 1193
f 1193 1292 1293
f 1193 1293 1194
f 1194 1293 1294
f 1194 1294 1195
f 1195 1294 1295
f 1195 1295 1196
f 1196 1295 1296
f 1196 1296 1197
f 1197 1296 1297
f 1197 1297 1198
f 1198 1297 1298
f 1198 1298 1199
f 1199 1298 1299
f 1199 1299 1200
f 1200 1299 1300
f 1200 1300 1201
f 1201 1300 1301
f 1201 1301 1102
f 1102 1301 1202
f 1202 1302 1203
f 1203 1302 1303
f 1203 1303 1204
f 1204 1303 1304
f 1204 1304 1205
f 1205 1304 1305
f 1205 1305 1206
f 1206 1305 1306
f 1206 1306 1207
f 1207 1306 1307
f 1207 1307 1208
f 1208 1307 1308
f 1208 1308 1209
f 1209 1308 1309
f 1209 1309 1210
f 1210 1309 1310
f 1210 1310 1211
f 1211 1310 1311
f 1211 1311 1212
f 1212 1311 1312
f 1212 1312 1213
f 1213 1312 1313
f 1213 1313 1214
f 1214 1313 1314
f 1214 1314 1215
f 1215 1314 1315
f 1215 1315 1216
f 1216 1315 1316
f 1216 1316 1217
f 1217 1316 1317
f 1217 1317 1218
f 1218 1317 1318
f 1218 1318 1219
f 1219 1318 1319
f 1219 1319 1220
f 1220 1319 1320
f 1220 1320 1221
f 1221 1320 1321
f 1221 1321 1222
f 1222 1321 1322
f 1222 1322 1223
f 1223 1322 1323
f 1223 1323 1224
f 1224 1323 1324
f 1224 1324 1225
f 1225 1324 1325
f 1225 1325 1226
f 1226 1325 1326
f 1226 1326 1227
f 1227 1326 1327
f 1227 1327 1228
f 1228 1327 1328
f 1228 1328 1229
f 1229 1328 1329
f 1229 1329 1230
f 1230 1329 1330
f 1230 1330 1231
f 1231 1330 1331
f 1231 1331 1232
f 1232 1331 1332
f 1232 1332 1233
f 1233 1332 1333
f 1233 1333 1234
f 1234 1333 1334
f 1234 1334 1235
f 1235 1334 1335
f 1235 1335 1236
f 1236 1335 1336
f 1236 1336 1237
f 1237 1336 1337
f 1237 1337 1238
f 1238 1337 1338
f 1238 1338 1239
f 1239 1338 1339
f 1239 1339 1240
f 1240 1339 1340
f 1240 1340 1241
f 1241 1340 1341
f 1241 1341 1242
f 1242 1341 1342
f 1242 1342 1243
f 1243 1342 1343
f 1243 1343 1244
f 1244 1343 1344
f 1244 1344 1245
f 1245 1344 1345
f 1245 1345 1246
f 1246 1345 1346
f 1246 1346 1247
f 1247 1346 1347
f 1247 1347 1248
f 1248 1347 1348
f 1248 1348 1249
f 1249 1348 1349
f 1249 1349 1250
f 1250 1349 1350
f 1250 1350 1251
f 1251 1350 1351
f 1251 1351 1252
f 1252 1351 1352
f 1252 1352 1253
f 1253 1352 1353
f 1253 1353 1254
f 1254 1353 1354
f 1254 1354 1255
f 1255 1354 1355
f 1255 1355 1256
f 1256 1355 1356
f 1256 1356 1257
f 1257 1356 1357
f 1257 1357 1258
f 1258 1357 1358
f 1258 1358 1259
f 1259 1358 1359
f 1259 1359 1260
f 1260 1359 1360
f 1260 1360 1261
f 1261 1360 1361
f 1261 1361 1262
f 1262 1361 1362
f 1262 1362 1263
f 1263 1362 1363
f 1263 1363 1264
f 1264 1363 1364
f 1264 1364 1265
f 1265 1364 1365
f 1265 1365 1266
f 1266 1365 1366
f 1266 1366 1267
f 1267 1366 1367
f 1267 1367 1268
f 1268 1367 1368
f 1268 1368 1269
f 1269 1368 1369
f 1269 1369 1270
f 1270 1369 1370
f 1270 1370 1271
f 1271 1370 1371
f 1271 1371 1272
f 1272 1371 1372
f 1272 1372 1273
f 1273 1372 1373
f 1273 1373 1274
f 1274 1373 1374
f 1274 1374 1275
f 1275 1374 1375
f 1275 1375 1276
f 1276 1375 1376
f 1276 1376 1277
f 1277 1376 1377
f 1277 1377 1278
f 1278 1377 1378
f 1278 1378 1279
f 1279 1378 1379
f 1279 1379 1280
f 1280 1379 1380
f 1280 1380 1281
f 1281 1380 1381
f 1281 1381 1282
f 1282 1381 1382
f 1282 1382 1283
f 1283 1382 1383
f 1283 1383 1284
f 1284 1383 1384
f 1284 1384 1285
f 1285 1384 1385
f 1285 1385 1286
f 1286 1385 1386
f 1286 1386 1287
f 1287 1386 1387
f 1287 1387 1288
f 1288 1387 1388
f 1288 1388 1289
f 1289 1388 1389
f 1289 1389 1290
f 1290 1389 1390
f 1290 1390 1291
f 1291 1390 1391
f 1291 1391 1292
f 1292 1391 1392
f 1292 1392 1293
f 1293 1392 1393
f 1293 1393 1294
f 1294 1393 1394
f 1294 1394 1295
f 1295 1394 1395
f 1295 1395 1296
f 1296 1395 1396
f 1296 1396 1297
f 1297 1396 1397
f 1297 1397 1298
f 1298 1397 1398
f 1298 1398 1299
f 1299 1398 1399
f 1299 1399 1300
f 1300 1399 1400
f 1300 1400 1301
f 1301 1400 1401
f 1301 1401 1202
f 1202 1401 1302
f 1302 1402 1303
f 1303 1402 1403
f 1303 1403 1304
f 1304 1403 1404
f 1304 1404 1305
f 1305 1404 1405
f 1305 1405 1306
f 1306 1405 1406
f 1306 1406 1307
f 1307 1406 1407
f 1307 1407 1308
f 1308 1407 1408
f 1308 1408 1309
f 1309 1408 1409
f 1309 1409 1310
f 1310 1409 1410
f 1310 1410 1311
f 1311 1410 1411
f 1311 1411 1312
f 1312 1411 1412
f 1312 1412 1313
f 1313 1412 1413
f 1313 1413 1314
f 1314 1413 1414
f 1314 1414 1315
f 1315 1414 1415
f 1315 1415 1316
f 1316 1415 1416
f 1316 1416 1317
f 1317 1416 1417
f 1317 1417 1318
f 1318 1417 1418
f 1318 1418 1319
f 1319 1418 1419
f 1319 1419 1320
f 1320 1419 1420
f 1320 1420 1321
f 1321 1420 1421
f 1321 1421 1322
f 1322 1421 1422
f 1322 1422 1323
f 1323 1422 1423
f 1323 1423 1324
f 1324 1423 1424
f 1324 1424 1325
f 1325 1424 1425
f 1325 1425 1326
f 1326 1425 1426
f 1326 1426 1327
f 1327 1426 1427
f 1327 1427 1328
f 1328 1427 1428
f 1328 1428 1329
f 1329 1428 1429
f 1329 1429 1330
f 1330 1429 1430
f 1330 1430 1331
f 1331 1430 1431
f 1331 1431 1332
f 1332 1431 1432
f 1332 1432 1333
f 1333 1432 1433
f 1333 1433 1334
f 1334 1433 1434
f 1334 1434 1335
f 1335 1434 1435
f 1335 1435 1336
f 1336 1435 1436
f 1336 1436 1337
f 1337 1436 1437
f 1337 1437 1338
f 1338 1437 1438
f 1338 1438 1339
f 1339 1438 1439
f 1339 1439 1340
f 1340 1439 1440
f 1340 1440 1341
f 1341 1440 1441
f 1341 1441 1342
f 1342 1441 1442
f 1342 1442 1343
f 1343 1442 1443
f 1343 1443 1344
f 1344 1443 1444
f 1344 1444 1345
f 1345 1444 1445
f 1345 1445 1346
f 1346 1445 1446
f 1346 1446 1347
f 1347 1446 1447
f 1347 1447 1348
f 1348 1447 1448
f 1348 1448 1349
f 1349 1448 1449
f 1349 1449 1350
f 1350 1449 1450
f 1350 1450 1351
f 1351 1450 1451
f 1351 1451 1352
f 1352 1451 1452
f 1352 1452 1353
f 1353 1452 1453
f 1353 1453 1354
f 1354 1453 1454
f 1354 1454 1355
f 1355 1454 1455
f 1355 1455 1356
f 1356 1455 1456
f 1356 1456 1357
f 1357 1456 1457
f 1357 1457 1358
f 1358 1457 1458
f 1358 1458 1359
f 1359 1458 1459
f 1359 1459 1360
f 1360 1459 1460
f 1360 1460 1361
f 1361 1460 1461
f 1361 1461 1362
f 1362 1461 1462
f 1362 1462 1363
f 1363 1462 1463
f 1363 1463 1364
f 1364 1463 1464
f 1364 1464 1365
f 1365 1464 1465
f 1365 1465 1366
f 1366 1465 1466
f 1366 1466 1367
f 1367 1466 1467
f 1367 1467 1368
f 1368 1467 1468
f 1368 1468 1369
f 1369 1468 1469
f 1369 1469 1370
f 1370 1469 1470
f 1370 1470 1371
f 1371 1470 1471
f 1371 1471 1372
f 1372 1471 1472
f 1372 1472 1373
f 1373 1472 1473
f 1373 1473 1374
f 1374 1473 1474
f 1374 1474 1375
f 1375 1474 1475
f 1375 1475 1376
f 1376 1475 1476
f 1376 1476 1377
f 1377 1476 1477
f 1377 1477 1378
f 1378 1477 1478
f 1378 1478 1379
f 1379 1478 1479
f 1379 1479 1380
f 1380 1479 1480
f 1380 1480 1381
f 1381 1480 1481
f 1381 1481 1382
f 1382 1481 1482
f 1382 1482 1383
f 1383 1482 1483
f 1383 1483 1384
f 1384 1483 1484
f 1384 1484 1385
f 1385 1484 1485
f 1385 1485 1386
f 1386 1485 1486
f 1386 1486 1387
f 1387 1486 1487
f 1387 1487 1388
f 1388 1487 1488
f 1388 1488 1389
f 1389 1488 1489
f 1389 1489 1390
f 1390 1489 1490
f 1390 1490 1391
f 1391 1490 1491
f 1391 1491 1392
f 1392 1491 1492
f 1392 1492 1393
f 1393 1492 1493
f 1393 1493 1394
f 1394 1493 1494
f 1394 1494 1395
f 1395 1494 1495
f 1395 1495 1396
f 1396 1495 1496
f 1396 1496 1397
f 1397 1496 1497
f 1397 1497 1398
f 1398 1497 1498
f 1398 1498 1399
f 1399 1498 1499
f 1399 1499 1400
f 1400 1499 1500
f 1400 1500 1401
f 1401 1500 1501
f 1401 1501 1302
f 1302 1501 1402
f 1402 1502 1403
f 1403 1502 1503
f 1403 1503 1404
f 1404 1503 1504
f 1404 1504 1405
f 1405 1504 1505
f 1405 1505 1406
f 1406 1505 1506
f 1406 1506 1407
f 1407 1506 1507
f 1407 1507 1408
f 1408 1507 1508
f 1408 1508 1409
f 1409 1508 1509
f 1409 1509 1410
f 1410 1509 1510
f 1410 1510 1411
f 1411 1510 1511
f 1411 1511 1412
f 1412 1511 1512
f 1412 1512 1413
f 1413 1512 1513
f 1413 1513 1414
f 1414 1513 1514
f 1414 1514 1415
f 1415 1514 1515
f 1415 1515 1416
f 1416 1515 1516
f 1416 1516 1417
f 1417 1516 1517
f 1417 1517 1418
f 1418 1517 1518
f 1418 1518 1419
f 1419 1518 1519
f 1419 1519 1420
f 1420 1519 1520
f 1420 1520 1421
f 1421 1520 1521
f 1421 1521 1422
f 1422 1521 1522
f 1422 1522 1423
f 1423 1522 1523
f 1423 1523 1424
f 1424 1523 1524
f 1424 1524 1425
f 1425 1524 1525
f 1425 1525 1426
f 1426 1525 1526
f 1426 1526 1427
f 1427 1526 1527
f 1427 1527 1428
f 1428 1527 1528
f 1428 1528 1429
f 1429 1528 1529
f 1429 1529 1430
f 1430 1529 1530
f 1430 1530 1431
f 1431 1530 1531
f 1431 1531 1432
f 1432 1531 1532
f 1432 1532 1433
f 1433 1532 1533
f 1433 1533 1434
f 1434 1533 1534
f 1434 1534 1435
f 1435 1534 1535
f 1435 1535 1436
f 1436 1535 1536
f 1436 1536 1437
f 1437 1536 1537
f 1437 1537 1438
f 1438 1537 1538
f 1438 1538 1439
f 1439 1538 1539
f 1439 1539 1440
f 1440 1539 1540
f 1440 1540 1441
f 1441 1540 1541
f 1441 1541 1442
f 1442 1541 1542
f 1442 1542 1443
f 1443 1542 1543
f 1443 1543 1444
f 1444 1543 1544
f 1444 1544 1445
f 1445 1544 1545
f 1445 1545 1446
f 1446 1545 1546
f 1446 1546 1447
f 1447 1546 1547
f 1447 1547 1448
f 1448 1547 1548
f 1448 1548 1449
f 1449 1548 1549
f 1449 1549 1450
f 1450 1549 1550
f 1450 1550 1451
f 1451 1550 1551
f 1451 1551 1452
f 1452 1551 1552
f 1452 1552 1453
f 1453 1552 1553
f 1453 1553 1454
f 1454 1553 1554
f 1454 1554 1455
f 1455 1554 1555
f 1455 1555 1456
f 1456 1555 1556
f 1456 1556 1457
f 1457 1556 1557
f 1457 1557 1458
f 1458 1557 1558
f 1458 1558 1459
f 1459 1558 1559
f 1459 1559 1460
f 1460 1559 1560
f 1460 1560 1461
f 1461 1560 1561
f 1461 1561 1462
f 1462 1561 1562
f 1462 1562 1463
f 1463 1562 1563
f 1463 1563 1464
f 1464 1563 1564
f 1464 1564 1465
f 1465 1564 1565
f 1465 1565 1466
f 1466 1565 1566
f 1466 1566 1467
f 1467 1566 1567
f 1467 1567 1468
f 1468 1567 1568
f 1468 1568 1469
f 1469 1568 1569
f 1469 1569 1470
f 1470 1569 1570
f 1470 1570 1471
f 1471 1570 1571
f 1471 1571 1472
f 1472 1571 1572
f 1472 1572 1473
f 1473 1572 1573
f 1473 1573 1474
f 1474 1573 1574
f 1474 1574 1475
f 1475 1574 1575
f 1475 1575 1476
f 1476 1575 1576
f 1476 1576 1477
f 1477 1576 1577
f 1477 1577 1478
f 1478 1577 1578
f 1478 1578 1479
f 1479 1578 1579
f 1479 1579 1480
f 1480 1579 1580
f 1480 1580 1481
f 1481 1580 1581
f 1481 1581 1482
f 1482 1581 1582
f 1482 1582 1483
f 1483 1582 1583
f 1483 1583 1484
f 1484 1583 1584
f 1484 1584 1485
f 1485 1584 1585
f 1485 1585 1486
f 1486 1585 1586
f 1486 1586 1487
f 1487 1586 1587
f 1487 1587 1488
f 1488 1587 1588
f 1488 1588 1489
f 1489 1588 1589
f 1489 1589 1490
f 1490 1589 1590
f 1490 1590 1491
f 1491 1590 1591
f 1491 1591 1492
f 1492 1591 1592
f 1492 1592 1493
f 1493 1592 1593
f 1493 1593 1494
f 1494 1593 1594
f 1494 1594 1495
f 1495 1594 1595
f 1495 1595 1496
f 1496 1595 1596
f 1496 1596 1497
f 1497 1596 1597
f 1497 1597 1498
f 1498 1597 1598
f 1498 1598 1499
f 1499 1598 1599
f 1499 1599 1500
f 1500 1599 1600
f 1500 1600 1501
f 1501 1600 1601
f 1501 1601 1402
f 1402 1601 1502
f 1502 1602 1503
f 1503 1602 1603
f 1503 1603 1504
f 1504 1603 1604
f 1504 1604 1505
f 1505 1604 1605
f 1505 1605 1506
f 1506 1605 1606
f 1506 1606 1507
f 1507 1606 1607
f 1507 1607 1508
f 1508 1607 1608
f 1508 1608 1509
f 1509 1608 1609
f 1509 1609 1510
f 1510 1609 1610
f 1510 1610 1511
f 1511 1610 1611
f 1511 1611 1512
f 1512 1611 1612
f 1512 1612 1513
f 1513 1612 1613
f 1513 1613 1514
f 1514 1613 1614
f 1514 1614 1515
f 1515 1614 1615
f 1515 1615 1516
f 1516 1615 1616
f 1516 1616 1517
f 1517 1616 1617
f 1517 1617 1518
f 1518 1617 1618
f 1518 1618 1519
f 1519 1618 1619
f 1519 1619 1520
f 1520 1619 1620
f 1520 1620 1521
f 1521 1620 1621
f 1521 1621 1522
f 1522 1621 1622
f 1522 1622 1523
f 1523 1622 1623
f 1523 1623 1524
f 1524 1623 1624
f 1524 1624 1525
f 1525 1624 1625
f 1525 1625 1526
f 1526 1625 1626
f 1526 1626 1527
f 1527 1626 1627
f 1527 1627 1528
f 1528 1627 1628
f 1528 1628 1529
f 1529 1628 1629
f 1529 1629 1530
f 1530 1629 1630
f 1530 1630 1531
f 1531 1630 1631
f 1531 1631 1532
f 1532 1631 1632
f 1532 1632 1533
f 1533 1632 1633
f 1533 1633 1534
f 1534 1633 1634
f 1534 1634 1535
f 1535 1634 1635
f 1535 1635 1536
f 1536 1635 1636
f 1536 1636 1537
f 1537 1636 1637
f 1537 1637 1538
f 1538 1637 1638
f 1538 1638 1539
f 1539 1638 1639
f 1539 1639 1540
f 1540 1639 1640
f 1540 1640 1541
f 1541 1640 1641
f 1541 1641 1542
f 1542 1641 1642
f 1542 1642 1543
f 1543 1642 1643
f 1543 1643 1544
f 1544 1643 1644
f 1544 1644 1545
f 1545 1644 1645
f 1545 1645 1546
f 1546 1645 1646
f 1546 1646 1547
f 1547 1646 1647
f 1547 1647 1548
f 1548 1647 1648
f 1548 1648 1549
f 1549 1648 1649
f 1549 1649 1550
f 1550 1649 1650
f 1550 1650 1551
f 1551 1650 1651
f 1551 1651 1552
f 1552 1651 1652
f 1552 1652 1553
f 1553 1652 1653
f 1553 1653 1554
f 1554 1653 1654
f 1554 1654 1555
f 1555 1654 1655
f 1555 1655 1556
f 1556 1655 1656
f 1556 1656 1557
f 1557 1656 1657
f 1557 1657 1558
f 1558 1657 1658
f 1558 1658 1559
f 1559 1658 1659
f 1559 1659 1560
f 1560 1659 1660
f 1560 1660 1561
f 1561 1660 1661
f 1561 1661 1562
f 1562 1661 1662
f 1562 1662 1563
f 1563 1662 1663
f 1563 1663 1564
f 1564 1663 1664
f 1564 1664 1565
f 1565 1664 1665
f 1565 1665 1566
f 1566 1665 1666
f 1566 1666 1567
f 1567 1666 1667
f 1567 1667 1568
f 1568 1667 1668
f 1568 1668 1569
f 1569 1668 1669
f 1569 1669 1570
f 1570 1669 1670
f 1570 1670 1571
f 1571 1670 1671
f 1571 1671 1572
f 1572 1671 1672
f 1572 1672 1573
f 1573 1672 1673
f 1573 1673 1574
f 1574 1673 1674
f 1574 1674 1575
f 1575 1674 1675
f 1575 1675 1576
f 1576 1675 1676
f 1576 1676 1577
f 1577 1676 1677
f 1577 1677 1578
f 1578 1677 1678
f 1578 1678 1579
f 1579 1678 1679
f 1579 1679 1580
f 1580 1679 1680
f 1580 1680 1581
f 1581 1680 1681
f 1581 1681 1582
f 1582 1681 1682
f 1582 1682 1583
f 1583 1682 1683
f 1583 1683 1584
f 1584 1683 1684
f 1584 1684 1585
f 1585 1684 1685
f 1585 1685 1586
f 1586 1685 1686
f 1586 1686 1587
f 1587 1686 1687
f 1587 1687 1588
f 1588 1687 1688
f 1588 1688 1589
f 1589 1688 1689
f 1589 1689 1590
f 1590 1689 1690
f 1590 1690 1591
f 1591 1690 1691
f 1591 1691 1592
f 1592 1691 1692
f 1592 1692 1593
f 1593 1692 1693
f 1593 1693 1594
f 1594 1693 1694
f 1594 1694 1595
f 1595 1694 1695
f 1595 1695 1596
f 1596 1695 1696
f 1596 1696 1597
f 1597 1696 1697
f 1597 1697 1598
f 1598 1697 1698
f 1598 1698 1599
f 1599 1698 1699
f 1599 1699 1600
f 1600 1699 1700
f 1600 1700 1601
f 1601 1700 1701
f 1601 1701 1502
f 1502 1701 1602
f 1602 1702 1603
f 1603 1702 1703
f 1603 1703 1604
f 1604 1703 1704
f 1604 1704 1605
f 1605 1704 1705
f 1605 1705 1606
f 1606 1705 1706
f 1606 1706 1607
f 1607 1706 1707
f 1607 1707 1608
f 1608 1707 1708
f 1608 1708 1609
f 1609 1708 1709
f 1609 1709 1610
f 1610 1709 1710
f 1610 1710 1611
f 1611 1710 1711
f 1611 1711 1612
f 1612 1711 1712
f 1612 1712 1613
f 1613 1712 1713
f 1613 1713 1614
f 1614 1713 1714
f 1614 1714 1615
f 1615 1714 1715
f 1615 1715 1616
f 1616 1715 1716
f 1616 1716 1617
f 1617 1716 1717
f 1617 1717 1618
f 1618 1717 1718
f 1618 1718 1619
f 1619 1718 1719
f 1619 1719 1620
f 1620 1719 1720
f 1620 1720 1621
f 1621 1720 1721
f 1621 1721 1622
f 1622 1721 1722
f 1622 1722 1623
f 1623 1722 1723
f 1623 1723 1624
f 1624 1723 1724
f 1624 1724 1625
f 1625 1724 1725
f 1625 1725 1626
f 1626 1725 1726
f 1626 1726 1627
f 1627 1726 1727
f 1627 1727 1628
f 1628 1727 1728
f 1628 1728 1629
f 1629 1728 1729
f 1629 1729 1630
f 1630 1729 1730
f 1630 1730 1631
f 1631 1730 1731
f 1631 1731 1632
f 1632 1731 1732
f 1632 1732 1633
f 1633 1732 1733
f 1633 1733 1634
f 1634 1733 1734
f 1634 1734 1635
f 1635 1734 1735
f 1635 1735 1636
f 1636 1735 1736
f 1636 1736 1637
f 1637 1736 1737
f 1637 1737 1638
f 1638 1737 1738
f 1638 1738 1639
f 1639 1738 1739
f 1639 1739 1640
f 1640 1739 1740
f 1640 1740 1641
f 1641 1740 1741
f 1641 1741 1642
f 1642 1741 1742
f 1642 1742 1643
f 1643 1742 1743
f 1643 1743 1644
f 1644 1743 1744
f 1644 1744 1645
f 1645 1744 1745
f 1645 1745 1646
f 1646 1745 1746
f 1646 1746 1647
f 1647 1746 1747
f 1647 1747 1648
f 1648 1747 1748
f 1648 1748 1649
f 1649 1748 1749
f 1649 1749 1650
f 1650 1749 1750
f 1650 1750 1651
f 1651 1750 1751
f 1651 1751 1652
f 1652 1751 1752
f 1652 1752 1653
f 1653 1752 1753
f 1653 1753 1654
f 1654 1753 1754
f 1654 1754 1655
f 1655 1754 1755
f 1655 1755 1656
f 1656 1755 1756
f 1656 1756 1657
f 1657 1756 1757
f 1657 1757 1658
f 1658 1757 1758
f 1658 1758 1659
f 1659 1758 1759
f 1659 1759 1660
f 1660 1759 1760
f 1660 1760 1661
f 1661 1760 1761
f 1661 1761 1662
f 1662 1761 1762
f 1662 1762 1663
f 1663 1762 1763
f 1663 1763 1664
f 1664 1763 1764
f 1664 1764 1665
f 1665 1764 1765
f 1665 1765 1666
f 1666 1765 1766
f 1666 1766 1667
f 1667 1766 1767
f 1667 1767 1668
f 1668 1767 1768
f 1668 1768 1669
f 1669 1768 1769
f 1669 1769 1670
f 1670 1769 1770
f 1670 1770 1671
f 1671 1770 1771
f 1671 1771 1672
f 1672 1771 1772
f 1672 1772 1673
f 1673 1772 1773
f 1673 1773 1674
f 1674 1773 1774
f 1674 1774 1675
f 1675 1774 1775
f 1675 1775 1676
f 1676 1775 1776
f 1676 1776 1677
f 1677 1776 1777
f 1677 1777 1678
f 1678 1777 1778
f 1678 1778 1679
f 1679 1778 1779
f 1679 1779 1680
f 1680 1779 1780
f 1680 1780 1681
f 1681 1780 1781
f 1681 1781 1682
f 1682 1781 1782
f 1682 1782 1683
f 1683 1782 1783
f 1683 1783 1684
f 1684 1783 1784
f 1684 1784 1685
f 1685 1784 1785
f 1685 1785 1686
f 1686 1785 1786
f 1686 1786 1687
f 1687 1786 1787
f 1687 1787 1688
f 1688 1787 1788
f 1688 1788 1689
f 1689 1788 1789
f 1689 1789 1690
f 1690 1789 1790
f 1690 1790 1691
f 1691 1790 1791
f 1691 1791 1692
f 1692 1791 1792
f 1692 1792 1693
f 1693 1792 1793
f 1693 1793 1694
f 1694 1793 1794
f 1694 1794 1695
f 1695 1794 1795
f 1695 1795 1696
f 1696 1795 1796
f 1696 1796 1697
f 1697 1796 1797
f 1697 1797 1698
f 1698 1797 1798
f 1698 1798 1699
f 1699 1798 1799
f 1699 1799 1700
f 1700 1799 1800
f 1700 1800 1701
f 1701 1800 1801
f 1701 1801 1602
f 1602 1801 1702
f 1702 1802 1703
f 1703 1802 1803
f 1703 1803 1704
f 1704 1803 1804
f 1704 1804 1705
f 1705 1804 1805
f 1705 1805 1706
f 1706 1805 1806
f 1706 1806 1707
f 1707 1806 1807
f 1707 1807 1708
f 1708 1807 1808
f 1708 1808 1709
f 1709 1808 1809
f 1709 1809 1710
f 1710 1809 1810
f 1710 1810 1711
f 1711 1810 1811
f 1711 1811 1712
f 1712 1811 1812
f 1712 1812 1713
f 1713 1812 1813
f 1713 1813 1714
f 1714 1813 1814
f 1714 1814 1715
f 1715 1814 1815
f 1715 1815 1716
f 1716 1815 1816
f 1716 1816 1717
f 1717 1816 1817
f 1717 1817 1718
f 1718 1817 1818
f 1718 1818 1719
f 1719 1818 1819
f 1719 1819 1720
f 1720 1819 1820
f 1720 1820 1721
f 1721 1820 1821
f 1721 1821 1722
f 1722 1821 1822
f 1722 1822 1723
f 1723 1822 1823
f 1723 1823 1724
f 1724 1823 1824
f 1724 1824 1725
f 1725 1824 1825
f 1725 1825 1726
f 1726 1825 1826
f 1726 1826 1727
f 1727 1826 1827
f 1727 1827 1728
f 1728 1827 1828
f 1728 1828 1729
f 1729 1828 1829
f 1729 1829 1730
f 1730 1829 1830
f 1730 1830 1731
f 1731 1830 1831
f 1731 1831 1732
f 1732 1831 1832
f 1732 1832 1733
f 1733 1832 1833
f 1733 1833 1734
f 1734 1833 1834
f 1734 1834 1735
f 1735 1834 1835
f 1735 1835 1736
f 1736 1835 1836
f 1736 1836 1737
f 1737 1836 1837
f 1737 1837 1738
f 1738 1837 1838
f 1738 1838 1739
f 1739 1838 1839
f 1739 1839 1740
f 1740 1839 1840
f 1740 1840 1741
f 1741 1840 1841
f 1741 1841 1742
f 1742 1841 1842
f 1742 1842 1743
f 1743 1842 1843
f 1743 1843 1744
f 1744 1843 1844
f 1744 1844 1745
f 1745 1844 1845
f 1745 1845 1746
f 1746 1845 1846
f 1746 1846 1747
f 1747 1846 1847
f 1747 1847 1748
f 1748 1847 1848
f 1748 1848 1749
f 1749 1848 1849
f 1749 1849 1750
f 1750 1849 1850
f 1750 1850 1751
f 1751 1850 1851
f 1751 1851 1752
f 1752 1851 1852
f 1752 1852 1753
f 1753 1852 1853
f 1753 1853 1754
f 1754 1853 1854
f 1754 1854 1755
f 1755 1854 1855
f 1755 1855 1756
f 1756 1855 1856
f 1756 1856 1757
f 1757 1856 1857
f 1757 1857 1758
f 1758 1857 1858
f 1758 1858 1759
f 1759 1858 1859
f 1759 1859 1760
f 1760 1859 1860
f 1760 1860 1761
f 1761 1860 1861
f 1761 1861 1762
f 1762 1861 1862
f 1762 1862 1763
f 1763 1862 1863
f 1763 1863 1764
f 1764 1863 1864
f 1764 1864 1765
f 1765 1864 1865
f 1765 1865 1766
f 1766 1865 1866
f 1766 1866 1767
f 1767 1866 1867
f 1767 1867 1768
f 1768 1867 1868
f 1768 1868 1769
f 1769 1868 1869
f 1769 1869 1770
f 1770 1869 1870
f 1770 1870 1771
f 1771 1870 1871
f 1771 1871 1772
f 1772 1871 1872
f 1772 1872 1773
f 1773 1872 1873
f 1773 1873 1774
f 1774 1873 1874
f 1774 1874 1775
f 1775 1874 1875
f 1775 1875 1776
f 1776 1875 1876
f 1776 1876 1777
f 1777 1876 1877
f 1777 1877 1778
f 1778 1877 1878
f 1778 1878 1779
f 1779 1878 1879
f 1779 1879 1780
f 1780 1879 1880
f 1780 1880 1781
f 1781 1880 1881
f 1781 1881 1782
f 1782 1881 1882
f 1782 1882 1783
f 1783 1882 1883
f 1783 1883 1784
f 1784 1883 1884
f 1784 1884 1785
f 1785 1884 1885
f 1785 1885 1786
f 1786 1885 1886
f 1786 1886 1787
f 1787 1886 1887
f 1787 1887 1788
f 1788 1887 1888
f 1788 1888 1789
f 1789 1888 1889
f 1789 1889 1790
f 1790 1889 1890
f 1790 1890 1791
f 1791 1890 1891
f 1791 1891 1792
f 1792 1891 1892
f 1792 1892 1793
f 1793 1892 1893
f 1793 1893 1794
f 1794 1893 1894
f 1794 1894 1795
f 1795 1894 1895
f 1795 1895 1796
f 1796 1895 1896
f 1796 1896 1797
f 1797 1896 1897
f 1797 1897 1798
f 1798 1897 1898
f 1798 1898 1799
f 1799 1898 1899
f 1799 1899 1800
f 1800 1899 1900
f 1800 1900 1801
f 1801 1900 1901
f 1801 1901 1702
f 1702 1901 1802
f 1802 1902 1803
f 1803 1902 1903
f 1803 1903 1804
f 1804 1903 1904
f 1804 1904 1805
f 1805 1904 1905
f 1805 1905 1806
f 1806 1905 1906
f 1806 1906 1807
f 1807 1906 1907
f 1807 1907 1808
f 1808 1907 1908
f 1808 1908 1809
f 1809 1908 1909
f 1809 1909 1810
f 1810 1909 1910
f 1810 1910 1811
f 1811 1910 1911
f 1811 1911 1812
f 1812 1911 1912
f 1812 1912 1813
f 1813 1912 1913
f 1813 1913 1814
f 1814 1913 1914
f 1814 1914 1815
f 1815 1914 1915
f 1815 1915 1816
f 1816 1915 1916
f 1816 1916 1817
f 1817 1916 1917
f 1817 1917 1818
f 1818 1917 1918
f 1818 1918 1819
f 1819 1918 1919
f 1819 1919 1820
f 1820 1919 1920
f 1820 1920 1821
f 1821 1920 1921
f 1821 1921 1822
f 1822 1921 1922
f 1822 1922 1823
f 1823 1922 1923
f 1823 1923 1824
f 1824 1923 1924
f 1824 1924 1825
f 1825 1924 1925
f 1825 1925 1826
f 1826 1925 1926
f 1826 1926 1827
f 1827 1926 1927
f 1827 1927 1828
f 1828 1927 1928
f 1828 1928 1829
f 1829 1928 1929
f 1829 1929 1830
f 1830 1929 1930
f 1830 1930 1831
f 1831 1930 1931
f 1831 1931 1832
f 1832 1931 1932
f 1832 1932 1833
f 1833 1932 1933
f 1833 1933 1834
f 1834 1933 1934
f 1834 1934 1835
f 1835 1934 1935
f 1835 1935 1836
f 1836 1935 1936
f 1836 1936 1837
f 1837 1936 1937
f 1837 1937 1838
f 1838 1937 1938
f 1838 1938 1839
f 1839 1938 1939
f 1839 1939 1840
f 1840 1939 1940
f 1840 1940 1841
f 1841 1940 1941
f 1841 1941 1842
f 1842 1941 1942
f 1842 1942 1843
f 1843 1942 1943
f 1843 1943 1844
f 1844 1943 1944
f 1844 1944 1845
f 1845 1944 1945
f 1845 1945 1846
f 1846 1945 1946
f 1846 1946 1847
f 1847 1946 1947
f 1847 1947 1848
f 1848 1947 1948
f 1848 1948 1849
f 1849 1948 1949
f 1849 1949 1850
f 1850 1949 1950
f 1850 1950 1851
f 1851 1950 1951
f 1851 1951 1852
f 1852 1951 1952
f 1852 1952 1853
f 1853 1952 1953
f 1853 1953 1854
f 1854 1953 1954
f 1854 1954 1855
f 1855 1954 1955
f 1855 1955 1856
f 1856 1955 1956
f 1856 1956 1857
f 1857 1956 1957
f 1857 1957 1858
f 1858 1957 1958
f 1858 1958 1859
f 1859 1958 1959
f 1859 1959 1860
f 1860 1959 1960
f 1860 1960 1861
f 1861 1960 1961
f 1861 1961 1862
f 1862 1961 1962
f 1862 1962 1863
f 1863 1962 1963
f 1863 1963 1864
f 1864 1963 1964
f 1864 1964 1865
f 1865 1964 1965
f 1865 1965 1866
f 1866 1965 1966
f 1866 1966 1867
f 1867 1966 1967
f 1867 1967 1868
f 1868 1967 1968
f 1868 1968 1869
f 1869 1968 1969
f 1869 1969 1870
f 1870 1969 1970
f 1870 1970 1871
f 1871 1970 1971
f 1871 1971 1872
f 1872 1971 1972
f 1872 1972 1873
f 1873 1972 1973
f 1873 1973 1874
f 1874 1973 1974
f 1874 1974 1875
f 1875 1974 1975
f 1875 1975 1876
f 1876 1975 1976
f 1876 1976 1877
f 1877 1976 1977
f 1877 1977 1878
f 1878 1977 1978
f 1878 1978 1879
f 1879 1978 1979
f 1879 1979 1880
f 1880 1979 1980
f 1880 1980 1881
f 1881 1980 1981
f 1881 1981 1882
f 1882 1981 1982
f 1882 1982 1883
f 1883 1982 1983
f 1883 1983 1884
f 1884 1983 1984
f 1884 1984 1885
f 1885 1984 1985
f 1885 1985 1886
f 1886 1985 1986
f 1886 1986 1887
f 1887 1986 1987
f 1887 1987 1888
f 1888 1987 1988
f 1888 1988 1889
f 1889 1988 1989
f 1889 1989 1890
f 1890 1989 1990
f 1890 1990 1891
f 1891 1990 1991
f 1891 1991 1892
f 1892 1991 1992
f 1892 1992 1893
f 1893 1992 1993
f 1893 1993 1894
f 1894 1993 1994
f 1894 1994 1895
f 1895 1994 1995
f 1895 1995 1896
f 1896 1995 1996
f 1896 1996 1897
f 1897 1996 1997
f 1897 1997 1898
f 1898 1997 1998
f 1898 1998 1899
f 1899 1998 1999
f 1899 1999 1900
f 1900 1999 2000
f 1900 2000 1901
f 1901 2000 2001
f 1901 2001 1802
f 1802 2001 1902
f 1902 2002 1903
f 1903 2002 2003
f 1903 2003 1904
f 1904 2003 2004
f 1904 2004 1905
f 1905 2004 2005
f 1905 2005 1906
f 1906 2005 2006
f 1906 2006 1907
f 1907 2006 2007
f 1907 2007 1908
f 1908 2007 2008
f 1908 2008 1909
f 1909 2008 2009
f 1909 2009 1910
f 1910 2009 2010
f 1910 2010 1911
f 1911 2010 2011
f 1911 2011 1912
f 1912 2011 2012
f 1912 2012 1913
f 1913 2012 2013
f 1913 2013 1914
f 1914 2013 2014
f 1914 2014 1915
f 1915 2014 2015
f 1915 2015 1916
f 1916 2015 2016
f 1916 2016 1917
f 1917 2016 2017
f 1917 2017 1918
f 1918 2017 2018
f 1918 2018 1919
f 1919 2018 2019
f 1919 2019 1920
f 1920 2019 2020
f 1920 2020 1921
f 1921 2020 2021
f 1921 2021 1922
f 1922 2021 2022
f 1922 2022 1923
f 1923 2022 2023
f 1923 2023 1924
f 1924 2023 2024
f 1924 2024 1925
f 1925 2024 2025
f 1925 2025 1926
f 1926 2025 2026
f 1926 2026 1927
f 1927 2026 2027
f 1927 2027 1928
f 1928 2027 2028
f 1928 2028 1929
f 1929 2028 2029
f 1929 2029 1930
f 1930 2029 2030
f 1930 2030 1931
f 1931 2030 2031
f 1931 2031 1932
f 1932 2031 2032
f 1932 2032 1933
f 1933 2032 2033
f 1933 2033 1934
f 1934 2033 2034
f 1934 2034 1935
f 1935 2034 2035
f 1935 2035 1936
f 1936 2035 2036
f 1936 2036 1937
f 1937 2036 2037
f 1937 2037 1938
f 1938 2037 2038
f 1938 2038 1939
f 1939 2038 2039
f 1939 2039 1940
f 1940 2039 2040
f 1940 2040 1941
f 1941 2040 2041
f 1941 2041 1942
f 1942 2041 2042
f 1942 2042 1943
f 1943 2042 2043
f 1943 2043 1944
f 1944 2043 2044
f 1944 2044 1945
f 1945 2044 2045
f 1945 2045 1946
f 1946 2045 2046
f 1946 2046 1947
f 1947 2046 2047
f 1947 2047 1948
f 1948 2047 2048
f 1948 2048 1949
f 1949 2048 2049
f 1949 2049 1950
f 1950 2049 2050
f 1950 2050 1951
f 1951 2050 2051
f 1951 2051 1952
f 1952 2051 2052
f 1952 2052 1953
f 1953 2052 2053
f 1953 2053 1954
f 1954 2053 2054
f 1954 2054 1955
f 1955 2054 2055
f 1955 2055 1956
f 1956 2055 2056
f 1956 2056 1957
f 1957 2056 2057
f 1957 2057 1958
f 1958 2057 2058
f 1958 2058 1959
f 1959 2058 2059
f 1959 2059 1960
f 1960 2059 2060
f 1960 2060 1961
f 1961 2060 2061
f 1961 2061 1962
f 1962 2061 2062
f 1962 2062 1963
f 1963 2062 2063
f 1963 2063 1964
f 1964 2063 2064
f 1964 2064 1965
f 1965 2064 2065
f 1965 2065 1966
f 1966 2065 2066
f 1966 2066 1967
f 1967 2066 2067
f 1967 2067 1968
f 1968 2067 2068
f 1968 2068 1969
f 1969 2068 2069
f 1969 2069 1970
f 1970 2069 2070
f 1970 2070 1971
f 1971 2070 2071
f 1971 2071 1972
f 1972 2071 2072
f 1972 2072 1973
f 1973 2072 2073
f 1973 2073 1974
f 1974 2073 2074
f 1974 2074 1975
f 1975 2074 2075
f 1975 2075 1976
f 1976 2075 2076
f 1976 2076 1977
f 1977 2076 2077
f 1977 2077 1978
f 1978 2077 2078
f 1978 2078 1979
f 1979 2078 2079
f 1979 2079 1980
f 1980 2079 2080
f 1980 2080 1981
f 1981 2080 2081
f 1981 2081 1982
f 1982 2081 2082
f 1982 2082 1983
f 1983 2082 2083
f 1983 2083 1984
f 1984 2083 2084
f 1984 2084 1985
f 1985 2084 2085
f 1985 2085 1986
f 1986 2085 2086
f 1986 2086 1987
f 1987 2086 2087
f 1987 2087 1988
f 1988 2087 2088
f 1988 2088 1989
f 1989 2088 2089
f 1989 2089 1990
f 1990 2089 2090
f 1990 2090 1991
f 1991 2090 2091
f 1991 2091 1992
f 1992 2091 2092
f 1992 2092 1993
f 1993 2092 2093
f 1993 2093 1994
f 1994 2093 2094
f 1994 2094 1995
f 1995 2094 2095
f 1995 2095 1996
f 1996 2095 2096
f 1996 2096 1997
f 1997 2096 2097
f 1997 2097 1998
f 1998 2097 2098
f 1998 2098 1999
f 1999 2098 2099
f 1999 2099 2000
f 2000 2099 2100
f 2000 2100 2001
f 2001 2100 2101
f 2001 2101 1902
f 1902 2101 2002
f 2002 2102 2003
f 2003 2102 2103
f 2003 2103 2004
f 2004 2103 2104
f 2004 2104 2005
f 2005 2104 2105
f 2005 2105 2006
f 2006 2105 2106
f 2006 2106 2007
f 2007 2106 2107
f 2007 2107 2008
f 2008 2107 2108
f 2008 2108 2009
f 2009 2108 2109
f 2009 2109 2010
f 2010 2109 2110
f 2010 2110 2011
f 2011 2110 2111
f 2011 2111 2012
f 2012 2111 2112
f 2012 2112 2013
f 2013 2112 2113
f 2013 2113 2014
f 2014 2113 2114
f 2014 2114 2015
f 2015 2114 2115
f 2015 2115 2016
f 2016 2115 2116
f 2016 2116 2017
f 2017 2116 2117
f 2017 2117 2018
f 2018 2117 2118
f 2018 2118 2019
f 2019 2118 2119
f 2019 2119 2020
f 2020 2119 2120
f 2020 2120 2021
f 2021 2120 2121
f 2021 2121 2022
f 2022 2121 2122
f 2022 2122 2023
f 2023 2122 2123
f 2023 2123 2024
f 2024 2123 2124
f 2024 2124 2025
f 2025 2124 2125
f 2025 2125 2026
f 2026 2125 2126
f 2026 2126 2027
f 2027 2126 2127
f 2027 2127 2028
f 2028 2127 2128
f 2028 2128 2029
f 2029 2128 2129
f 2029 2129 2030
f 2030 2129 2130
f 2030 2130 2031
f 2031 2130 2131
f 2031 2131 2032
f 2032 2131 2132
f 2032 2132 2033
f 2033 2132 2133
f 2033 2133 2034
f 2034 2133 2134
f 2034 2134 2035
f 2035 2134 2135
f 2035 2135 2036
f 2036 2135 2136
f 2036 2136 2037
f 2037 2136 2137
f 2037 2137 2038
f 2038 2137 2138
f 2038 2138 2039
f 2039 2138 2139
f 2039 2139 2040
f 2040 2139 2140
f 2040 2140 2041
f 2041 2140 2141
f 2041 2141 2042
f 2042 2141 2142
f 2042 2142 2043
f 2043 2142 2143
f 2043 2143 2044
f 2044 2143 2144
f 2044 2144 2045
f 2045 2144 2145
f 2045 2145 2046
f 2046 2145 2146
f 2046 2146 2047
f 2047 2146 2147
f 2047 2147 2048
f 2048 2147 2148
f 2048 2148 2049
f 2049 2148 2149
f 2049 2149 2050
f 2050 2149 2150
f 2050 2150 2051
f 2051 2150 2151
f 2051 2151 2052
f 2052 2151 2152
f 2052 2152 2053
f 2053 2152 2153
f 2053 2153 2054
f 2054 2153 2154
f 2054 2154 2055
f 2055 2154 2155
f 2055 2155 2056
f 2056 2155 2156
f 2056 2156 2057
f 2057 2156 2157
f 2057 2157 2058
f 2058 2157 2158
f 2058 2158 2059
f 2059 2158 2159
f 2059 2159 2060
f 2060 2159 2160
f 2060 2160 2061
f 2061 2160 2161
f 2061 2161 2062
f 2062 2161 2162
f 2062 2162 2063
f 2063 2162 2163
f 2063 2163 2064
f 2064 2163 2164
f 2064 2164 2065
f 2065 2164 2165
f 2065 2165 2066
f 2066 2165 2166
f 2066 2166 2067
f 2067 2166 2167
f 2067 2167 2068
f 2068 2167 2168
f 2068 2168 2069
f 2069 2168 2169
f 2069 2169 2070
f 2070 2169 2170
f 2070 2170 2071
f 2071 2170 2171
f 2071 2171 2072
f 2072 2171 2172
f 2072 2172 2073
f 2073 2172 2173
f 2073 2173 2074
f 2074 2173 2174
f 2074 2174 2075
f 2075 2174 2175
f 2075 2175 2076
f 2076 2175 2176
f 2076 2176 2077
f 2077 2176 2177
f 2077 2177 2078
f 2078 2177 2178
f 2078 2178 2079
f 2079 2178 2179
f 2079 2179 2080
f 2080 2179 2180
f 2080 2180 2081
f 2081 2180 2181
f 2081 2181 2082
f 2082 2181 2182
f 2082 2182 2083
f 2083 2182 2183
f 2083 2183 2084
f 2084 2183 2184
f 2084 2184 2085
f 2085 2184 2185
f 2085 2185 2086
f 2086 2185 2186
f 2086 2186 2087
f 2087 2186 2187
f 2087 2187 2088
f 2088 2187 2188
f 2088 2188 2089
f 2089 2188 2189
f 2089 2189 2090
f 2090 2189 2190
f 2090 2190 2091
f 2091 2190 2191
f 2091 2191 2092
f 2092 2191 2192
f 2092 2192 2093
f 2093 2192 2193
f 2093 2193 2094
f 2094 2193 2194
f 2094 2194 2095
f 2095 2194 2195
f 2095 2195 2096
f 2096 2195 2196
f 2096 2196 2097
f 2097 2196 2197
f 2097 2197 2098
f 2098 2197 2198
f 2098 2198 2099
f 2099 2198 2199
f 2099 2199 2100
f 2100 2199 2200
f 2100 2200 2101
f 2101 2200 2201
f 2101 2201 2002
f 2002 2201 2102
f 2102 2202 2103
f 2103 2202 2203
f 2103 2203 2104
f 2104 2203 2204
f 2104 2204 2105
f 2105 2204 2205
f 2105 2205 2106
f 2106 2205 2206
f 2106 2206 2107
f 2107 2206 2207
f 2107 2207 2108
f 2108 2207 2208
f 2108 2208 2109
f 2109 2208 2209
f 2109 2209 2110
f 2110 2209 2210
f 2110 2210 2111
f 2111 2210 2211
f 2111 2211 2112
f 2112 2211 2212
f 2112 2212 2113
f 2113 2212 2213
f 2113 2213 2114
f 2114 2213 2214
f 2114 2214 2115
f 2115 2214 2215
f 2115 2215 2116
f 2116 2215 2216
f 2116 2216 2117
f 2117 2216 2217
f 2117 2217 2118
f 2118 2217 2218
f 2118 2218 2119
f 2119 2218 2219
f 2119 2219 2120
f 2120 2219 2220
f 2120 2220 2121
f 2121 2220 2221
f 2121 2221 2122
f 2122 2221 2222
f 2122 2222 2123
f 2123 2222 2223
f 2123 2223 2124
f 2124 2223 2224
f 2124 2224 2125
f 2125 2224 2225
f 2125 2225 2126
f 2126 2225 2226
f 2126 2226 2127
f 2127 2226 2227
f 2127 2227 2128
f 2128 2227 2228
f 2128 2228 2129
f 2129 2228 2229
f 2129 2229 2130
f 2130 2229 2230
f 2130 2230 2131
f 2131 2230 2231
f 2131 2231 2132
f 2132 2231 2232
f 2132 2232 2133
f 2133 2232 2233
f 2133 2233 2134
f 2134 2233 2234
f 2134 2234 2135
f 2135 2234 2235
f 2135 2235 2136
f 2136 2235 2236
f 2136 2236 2137
f 2137 2236 2237
f 2137 2237 2138
f 2138 2237 2238
f 2138 2238 2139
f 2139 2238 2239
f 2139 2239 2140
f 2140 2239 2240
f 2140 2240 2141
f 2141 2240 2241
f 2141 2241 2142
f 2142 2241 2242
f 2142 2242 2143
f 2143 2242 2243
f 2143 2243 2144
f 2144 2243 2244
f 2144 2244 2145
f 2145 2244 2245
f 2145 2245 2146
f 2146 2245 2246
f 2146 2246 2147
f 2147 2246 2247
f 2147 2247 2148
f 2148 2247 2248
f 2148 2248 2149
f 2149 2248 2249
f 2149 2249 2150
f 2150 2249 2250
f 2150 2250 2151
f 2151 2250 2251
f 2151 2251 2152
f 2152 2251 2252
f 2152 2252 2153
f 2153 2252 2253
f 2153 2253 2154
f 2154 2253 2254
f 2154 2254 2155
f 2155 2254 2255
f 2155 2255 2156
f 2156 2255 2256
f 2156 2256 2157
f 2157 2256 2257
f 2157 2257 2158
f 2158 2257 2258
f 2158 2258 2159
f 2159 2258 2259
f 2159 2259 2160
f 2160 2259 2260
f 2160 2260 2161
f 2161 2260 2261
f 2161 2261 2162
f 2162 2261 2262
f 2162 2262 2163
f 2163 2262 2263
f 2163 2263 2164
f 2164 2263 2264
f 2164 2264 2165
f 2165 2264 2265
f 2165 2265 2166
f 2166 2265 2266
f 2166 2266 2167
f 2167 2266 2267
f 2167 2267 2168
f 2168 2267 2268
f 2168 2268 2169
f 2169 2268 2269
f 2169 2269 2170
f 2170 2269 2270
f 2170 2270 2171
f 2171 2270 2271
f 2171 2271 2172
f 2172 2271 2272
f 2172 2272 2173
f 2173 2272 2273
f 2173 2273 2174
f 2174 2273 2274
f 2174 2274 2175
f 2175 2274 2275
f 2175 2275 2176
f 2176 2275 2276
f 2176 2276 2177
f 2177 2276 2277
f 2177 2277 2178
f 2178 2277 2278
f 2178 2278 2179
f 2179 2278 2279
f 2179 2279 2180
f 2180 2279 2280
f 2180 2280 2181
f 2181 2280 2281
f 2181 2281 2182
f 2182 2281 2282
f 2182 2282 2183
f 2183 2282 2283
f 2183 2283 2184
f 2184 2283 2284
f 2184 2284 2185
f 2185 2284 2285
f 2185 2285 2186
f 2186 2285 2286
f 2186 2286 2187
f 2187 2286 2287
f 2187 2287 2188
f 2188 2287 2288
f 2188 2288 2189
f 2189 2288 2289
f 2189 2289 2190
f 2190 2289 2290
f 2190 2290 2191
f 2191 2290 2291
f 2191 2291 2192
f 2192 2291 2292
f 2192 2292 2193
f 2193 2292 2293
f 2193 2293 2194
f 2194 2293 2294
f 2194 2294 2195
f 2195 2294 2295
f 2195 2295 2196
f 2196 2295 2296
f 2196 2296 2197
f 2197 2296 2297
f 2197 2297 2198
f 2198 2297 2298
f 2198 2298 2199
f 2199 2298 2299
f 2199 2299 2200
f 2200 2299 2300
f 2200 2300 2201
f 2201 2300 2301
f 2201 2301 2102
f 2102 2301 2202
f 2202 2302 2203
f 2203 2302 2303
f 2203 2303 2204
f 2204 2303 2304
f 2204 2304 2205
f 2205 2304 2305
f 2205 2305 2206
f 2206 2305 2306
f 2206 2306 2207
f 2207 2306 2307
f 2207 2307 2208
f 2208 2307 2308
f 2208 2308 2209
f 2209 2308 2309
f 2209 2309 2210
f 2210 2309 2310
f 2210 2310 2211
f 2211 2310 2311
f 2211 2311 2212
f 2212 2311 2312
f 2212 2312 2213
f 2213 2312 2313
f 2213 2313 2214
f 2214 2313 2314
f 2214 2314 2215
f 2215 2314 2315
f 2215 2315 2216
f 2216 2315 2316
f 2216 2316 2217
f 2217 2316 2317
f 2217 2317 2218
f 2218 2317 2318
f 2218 2318 2219
f 2219 2318 2319
f 2219 2319 2220
f 2220 2319 2320
f 2220 2320 2221
f 2221 2320 2321
f 2221 2321 2222
f 2222 2321 2322
f 2222 2322 2223
f 2223 2322 2323
f 2223 2323 2224
f 2224 2323 2324
f 2224 2324 2225
f 2225 2324 2325
f 2225 2325 2226
f 2226 2325 2326
f 2226 2326 2227
f 2227 2326 2327
f 2227 2327 2228
f 2228 2327 2328
f 2228 2328 2229
f 2229 2328 2329
f 2229 2329 2230
f 2230 2329 2330
f 2230 2330 2231
f 2231 2330 2331
f 2231 2331 2232
f 2232 2331 2332
f 2232 2332 2233
f 2233 2332 2333
f 2233 2333 2234
f 2234 2333 2334
f 2234 2334 2235
f 2235 2334 2335
f 2235 2335 2236
f 2236 2335 2336
f 2236 2336 2237
f 2237 2336 2337
f 2237 2337 2238
f 2238 2337 2338
f 2238 2338 2239
f 2239 2338 2339
f 2239 2339 2240
f 2240 2339 2340
f 2240 2340 2241
f 2241 2340 2341
f 2241 2341 2242
f 2242 2341 2342
f 2242 2342 2243
f 2243 2342 2343
f 2243 2343 2244
f 2244 2343 2344
f 2244 2344 2245
f 2245 2344 2345
f 2245 2345 2246
f 2246 2345 2346
f 2246 2346 2247
f 2247 2346 2347
f 2247 2347 2248
f 2248 2347 2348
f 2248 2348 2249
f 2249 2348 2349
f 2249 2349 2250
f 2250 2349 2350
f 2250 2350 2251
f 2251 2350 2351
f 2251 2351 2252
f 2252 2351 2352
f 2252 2352 2253
f 2253 2352 2353
f 2253 2353 2254
f 2254 2353 2354
f 2254 2354 2255
f 2255 2354 2355
f 2255 2355 2256
f 2256 2355 2356
f 2256 2356 2257
f 2257 2356 2357
f 2257 2357 2258
f 2258 2357 2358
f 2258 2358 2259
f 2259 2358 2359
f 2259 2359 2260
f 2260 2359 2360
f 2260 2360 2261
f 2261 2360 2361
f 2261 2361 2262
f 2262 2361 2362
f 2262 2362 2263
f 2263 2362 2363
f 2263 2363 2264
f 2264 2363 2364
f 2264 2364 2265
f 2265 2364 2365
f 2265 2365 2266
f 2266 2365 2366
f 2266 2366 2267
f 2267 2366 2367
f 2267 2367 2268
f 2268 2367 2368
f 2268 2368 2269
f 2269 2368 2369
f 2269 2369 2270
f 2270 2369 2370
f 2270 2370 2271
f 2271 2370 2371
f 2271 2371 2272
f 2272 2371 2372
f 2272 2372 2273
f 2273 2372 2373
f 2273 2373 2274
f 2274 2373 2374
f 2274 2374 2275
f 2275 2374 2375
f 2275 2375 2276
f 2276 2375 2376
f 2276 2376 2277
f 2277 2376 2377
f 2277 2377 2278
f 2278 2377 2378
f 2278 2378 2279
f 2279 2378 2379
f 2279 2379 2280
f 2280 2379 2380
f 2280 2380 2281
f 2281 2380 2381
f 2281 2381 2282
f 2282 2381 2382
f 2282 2382 2283
f 2283 2382 2383
f 2283 2383 2284
f 2284 2383 2384
f 2284 2384 2285
f 2285 2384 2385
f 2285 2385 2286
f 2286 2385 2386
f 2286 2386 2287
f 2287 2386 2387
f 2287 2387 2288
f 2288 2387 2388
f 2288 2388 2289
f 2289 2388 2389
f 2289 2389 2290
f 2290 2389 2390
f 2290 2390 2291
f 2291 2390 2391
f 2291 2391 2292
f 2292 2391 2392
f 2292 2392 2293
f 2293 2392 2393
f 2293 2393 2294
f 2294 2393 2394
f 2294 2394 2295
f 2295 2394 2395
f 2295 2395 2296
f 2296 2395 2396
f 2296 2396 2297
f 2297 2396 2397
f 2297 2397 2298
f 2298 2397 2398
f 2298 2398 2299
f 2299 2398 2399
f 2299 2399 2300
f 2300 2399 2400
f 2300 2400 2301
f 2301 2400 2401
f 2301 2401 2202
f 2202 2401 2302
f 2302 2402 2303
f 2303 2402 2403
f 2303 2403 2304
f 2304 2403 2404
f 2304 2404 2305
f 2305 2404 2405
f 2305 2405 2306
f 2306 2405 2406
f 2306 2406 2307
f 2307 2406 2407
f 2307 2407 2308
f 2308 2407 2408
f 2308 2408 2309
f 2309 2408 2409
f 2309 2409 2310
f 2310 2409 2410
f 2310 2410 2311
f 2311 2410 2411
f 2311 2411 2312
f 2312 2411 2412
f 2312 2412 2313
f 2313 2412 2413
f 2313 2413 2314
f 2314 2413 2414
f 2314 2414 2315
f 2315 2414 2415
f 2315 2415 2316
f 2316 2415 2416
f 2316 2416 2317
f 2317 2416 2417
f 2317 2417 2318
f 2318 2417 2418
f 2318 2418 2319
f 2319 2418 2419
f 2319 2419 2320
f 2320 2419 2420
f 2320 2420 2321
f 2321 2420 2421
f 2321 2421 2322
f 2322 2421 2422
f 2322 2422 2323
f 2323 2422 2423
f 2323 2423 2324
f 2324 2423 2424
f 2324 2424 2325
f 2325 2424 2425
f 2325 2425 2326
f 2326 2425 2426
f 2326 2426 2327
f 2327 2426 2427
f 2327 2427 2328
f 2328 2427 2428
f 2328 2428 2329
f 2329 2428 2429
f 2329 2429 2330
f 2330 2429 2430
f 2330 2430 2331
f 2331 2430 2431
f 2331 2431 2332
f 2332 2431 2432
f 2332 2432 2333
f 2333 2432 2433
f 2333 2433 2334
f 2334 2433 2434
f 2334 2434 2335
f 2335 2434 2435
f 2335 2435 2336
f 2336 2435 2436
f 2336 2436 2337
f 2337 2436 2437
f 2337 2437 2338
f 2338 2437 2438
f 2338 2438 2339
f 2339 2438 2439
f 2339 2439 2340
f 2340 2439 2440
f 2340 2440 2341
f 2341 2440 2441
f 2341 2441 2342
f 2342 2441 2442
f 2342 2442 2343
f 2343 2442 2443
f 2343 2443 2344
f 2344 2443 2444
f 2344 2444 2345
f 2345 2444 2445
f 2345 2445 2346
f 2346 2445 2446
f 2346 2446 2347
f 2347 2446 2447
f 2347 2447 2348
f 2348 2447 2448
f 2348 2448 2349
f 2349 2448 2449
f 2349 2449 2350
f 2350 2449 2450
f 2350 2450 2351
f 2351 2450 2451
f 2351 2451 2352
f 2352 2451 2452
f 2352 2452 2353
f 2353 2452 2453
f 2353 2453 2354
f 2354 2453 2454
f 2354 2454 2355
f 2355 2454 2455
f 2355 2455 2356
f 2356 2455 2456
f 2356 2456 2357
f 2357 2456 2457
f 2357 2457 2358
f 2358 2457 2458
f 2358 2458 2359
f 2359 2458 2459
f 2359 2459 2360
f 2360 2459 2460
f 2360 2460 2361
f 2361 2460 2461
f 2361 2461 2362
f 2362 2461 2462
f 2362 2462 2363
f 2363 2462 2463
f 2363 2463 2364
f 2364 2463 2464
f 2364 2464 2365
f 2365 2464 2465
f 2365 2465 2366
f 2366 2465 2466
f 2366 2466 2367
f 2367 2466 2467
f 2367 2467 2368
f 2368 2467 2468
f 2368 2468 2369
f 2369 2468 2469
f 2369 2469 2370
f 2370 2469 2470
f 2370 2470 2371
f 2371 2470 2471
f 2371 2471 2372
f 2372 2471 2472
f 2372 2472 2373
f 2373 2472 2473
f 2373 2473 2374
f 2374 2473 2474
f 2374 2474 2375
f 2375 2474 2475
f 2375 2475 2376
f 2376 2475 2476
f 2376 2476 2377
f 2377 2476 2477
f 2377 2477 2378
f 2378 2477 2478
f 2378 2478 2379
f 2379 2478 2479
f 2379 2479 2380
f 2380 2479 2480
f 2380 2480 2381
f 2381 2480 2481
f 2381 2481 2382
f 2382 2481 2482
f 2382 2482 2383
f 2383 2482 2483
f 2383 2483 2384
f 2384 2483 2484
f 2384 2484 2385
f 2385 2484 2485
f 2385 2485 2386
f 2386 2485 2486
f 2386 2486 2387
f 2387 2486 2487
f 2387 2487 2388
f 2388 2487 2488
f 2388 2488 2389
f 2389 2488 2489
f 2389 2489 2390
f 2390 2489 2490
f 2390 2490 2391
f 2391 2490 2491
f 2391 2491 2392
f 2392 2491 2492
f 2392 2492 2393
f 2393 2492 2493
f 2393 2493 2394
f 2394 2493 2494
f 2394 2494 2395
f 2395 2494 2495
f 2395 2495 2396
f 2396 2495 2496
f 2396 2496 2397
f 2397 2496 2497
f 2397 2497 2398
f 2398 2497 2498
f 2398 2498 2399
f 2399 2498 2499
f 2399 2499 2400
f 2400 2499 2500
f 2400 2500 2401
f 2401 2500 2501
f 2401 2501 2302
f 2302 2501 2402
f 2402 2502 2403
f 2403 2502 2503
f 2403 2503 2404
f 2404 2503 2504
f 2404 2504 2405
f 2405 2504 2505
f 2405 2505 2406
f 2406 2505 2506
f 2406 2506 2407
f 2407 2506 2507
f 2407 2507 2408
f 2408 2507 2508
f 2408 2508 2409
f 2409 2508 2509
f 2409 2509 2410
f 2410 2509 2510
f 2410 2510 2411
f 2411 2510 2511
f 2411 2511 2412
f 2412 2511 2512
f 2412 2512 2413
f 2413 2512 2513
f 2413 2513 2414
f 2414 2513 2514
f 2414 2514 2415
f 2415 2514 2515
f 2415 2515 2416
f 2416 2515 2516
f 2416 2516 2417
f 2417 2516 2517
f 2417 2517 2418
f 2418 2517 2518
f 2418 2518 2419
f 2419 2518 2519
f 2419 2519 2420
f 2420 2519 2520
f 2420 2520 2421
f 2421 2520 2521
f 2421 2521 2422
f 2422 2521 2522
f 2422 2522 2423
f 2423 2522 2523
f 2423 2523 2424
f 2424 2523 2524
f 2424 2524 2425
f 2425 2524 2525
f 2425 2525 2426
f 2426 2525 2526
f 2426 2526 2427
f 2427 2526 2527
f 2427 2527 2428
f 2428 2527 2528
f 2428 2528 2429
f 2429 2528 2529
f 2429 2529 2430
f 2430 2529 2530
f 2430 2530 2431
f 2431 2530 2531
f 2431 2531 2432
f 2432 2531 2532
f 2432 2532 2433
f 2433 2532 2533
f 2433 2533 2434
f 2434 2533 2534
f 2434 2534 2435
f 2435 2534 2535
f 2435 2535 2436
f 2436 2535 2536
f 2436 2536 2437
f 2437 2536 2537
f 2437 2537 2438
f 2438 2537 2538
f 2438 2538 2439
f 2439 2538 2539
f 2439 2539 2440
f 2440 2539 2540
f 2440 2540 2441
f 2441 2540 2541
f 2441 2541 2442
f 2442 2541 2542
f 2442 2542 2443
f 2443 2542 2543
f 2443 2543 2444
f 2444 2543 2544
f 2444 2544 2445
f 2445 2544 2545
f 2445 2545 2446
f 2446 2545 2546
f 2446 2546 2447
f 2447 2546 2547
f 2447 2547 2448
f 2448 2547 2548
f 2448 2548 2449
f 2449 2548 2549
f 2449 2549 2450
f 2450 2549 2550
f 2450 2550 2451
f 2451 2550 2551
f 2451 2551 2452
f 2452 2551 2552
f 2452 2552 2453
f 2453 2552 2553
f 2453 2553 2454
f 2454 2553 2554
f 2454 2554 2455
f 2455 2554 2555
f 2455 2555 2456
f 2456 2555 2556
f 2456 2556 2457
f 2457 2556 2557
f 2457 2557 2458
f 2458 2557 2558
f 2458 2558 2459
f 2459 2558 2559
f 2459 2559 2460
f 2460 2559 2560
f 2460 2560 2461
f 2461 2560 2561
f 2461 2561 2462
f 2462 2561 2562
f 2462 2562 2463
f 2463 2562 2563
f 2463 2563 2464
f 2464 2563 2564
f 2464 2564 2465
f 2465 2564 2565
f 2465 2565 2466
f 2466 2565 2566
f 2466 2566 2467
f 2467 2566 2567
f 2467 2567 2468
f 2468 2567 2568
f 2468 2568 2469
f 2469 2568 2569
f 2469 2569 2470
f 2470 2569 2570
f 2470 2570 2471
f 2471 2570 2571
f 2471 2571 2472
f 2472 2571 2572
f 2472 2572 2473
f 2473 2572 2573
f 2473 2573 2474
f 2474 2573 2574
f 2474 2574 2475
f 2475 2574 2575
f 2475 2575 2476
f 2476 2575 2576
f 2476 2576 2477
f 2477 2576 2577
f 2477 2577 2478
f 2478 2577 2578
f 2478 2578 2479
f 2479 2578 2579
f 2479 2579 2480
f 2480 2579 2580
f 2480 2580 2481
f 2481 2580 2581
f 2481 2581 2482
f 2482 2581 2582
f 2482 2582 2483
f 2483 2582 2583
f 2483 2583 2484
f 2484 2583 2584
f 2484 2584 2485
f 2485 2584 2585
f 2485 2585 2486
f 2486 2585 2586
f 2486 2586 2487
f 2487 2586 2587
f 2487 2587 2488
f 2488 2587 2588
f 2488 2588 2489
f 2489 2588 2589
f 2489 2589 2490
f 2490 2589 2590
f 2490 2590 2491
f 2491 2590 2591
f 2491 2591 2492
f 2492 2591 2592
f 2492 2592 2493
f 2493 2592 2593
f 2493 2593 2494
f 2494 2593 2594
f 2494 2594 2495
f 2495 2594 2595
f 2495 2595 2496
f 2496 2595 2596
f 2496 2596 2497
f 2497 2596 2597
f 2497 2597 2498
f 2498 2597 2598
f 2498 2598 2499
f 2499 2598 2599
f 2499 2599 2500
f 2500 2599 2600
f 2500 2600 2501
f 2501 2600 2601
f 2501 2601 2402
f 2402 2601 2502
f 2502 2602 2503
f 2503 2602 2603
f 2503 2603 2504
f 2504 2603 2604
f 2504 2604 2505
f 2505 2604 2605
f 2505 2605 2506
f 2506 2605 2606
f 2506 2606 2507
f 2507 2606 2607
f 2507 2607 2508
f 2508 2607 2608
f 2508 2608 2509
f 2509 2608 2609
f 2509 2609 2510
f 2510 2609 2610
f 2510 2610 2511
f 2511 2610 2611
f 2511 2611 2512
f 2512 2611 2612
f 2512 2612 2513
f 2513 2612 2613
f 2513 2613 2514
f 2514 2613 2614
f 2514 2614 2515
f 2515 2614 2615
f 2515 2615 2516
f 2516 2615 2616
f 2516 2616 2517
f 2517 2616 2617
f 2517 2617 2518
f 2518 2617 2618
f 2518 2618 2519
f 2519 2618 2619
f 2519 2619 2520
f 2520 2619 2620
f 2520 2620 2521
f 2521 2620 2621
f 2521 2621 2522
f 2522 2621 2622
f 2522 2622 2523
f 2523 2622 2623
f 2523 2623 2524
f 2524 2623 2624
f 2524 2624 2525
f 2525 2624 2625
f 2525 2625 2526
f 2526 2625 2626
f 2526 2626 2527
f 2527 2626 2627
f 2527 2627 2528
f 2528 2627 2628
f 2528 2628 2529
f 2529 2628 2629
f 2529 2629 2530
f 2530 2629 2630
f 2530 2630 2531
f 2531 2630 2631
f 2531 2631 2532
f 2532 2631 2632
f 2532 2632 2533
f 2533 2632 2633
f 2533 2633 2534
f 2534 2633 2634
f 2534 2634 2535
f 2535 2634 2635
f 2535 2635 2536
f 2536 2635 2636
f 2536 2636 2537
f 2537 2636 2637
f 2537 2637 2538
f 2538 2637 2638
f 2538 2638 2539
f 2539 2638 2639
f 2539 2639 2540
f 2540 2639 2640
f 2540 2640 2541
f 2541 2640 2641
f 2541 2641 2542
f 2542 2641 2642
f 2542 2642 2543
f 2543 2642 2643
f 2543 2643 2544
f 2544 2643 2644
f 2544 2644 2545
f 2545 2644 2645
f 2545 2645 2546
f 2546 2645 2646
f 2546 2646 2547
f 2547 2646 2647
f 2547 2647 2548
f 2548 2647 2648
f 2548 2648 2549
f 2549 2648 2649
f 2549 2649 2550
f 2550 2649 2650
f 2550 2650 2551
f 2551 2650 2651
f 2551 2651 2552
f 2552 2651 2652
f 2552 2652 2553
f 2553 2652 2653
f 2553 2653 2554
f 2554 2653 2654
f 2554 2654 2555
f 2555 2654 2655
f 2555 2655 2556
f 2556 2655 2656
f 2556 2656 2557
f 2557 2656 2657
f 2557 2657 2558
f 2558 2657 2658
f 2558 2658 2559
f 2559 2658 2659
f 2559 2659 2560
f 2560 2659 2660
f 2560 2660 2561
f 2561 2660 2661
f 2561 2661 2562
f 2562 2661 2662
f 2562 2662 2563
f 2563 2662 2663
f 2563 2663 2564
f 2564 2663 2664
f 2564 2664 2565
f 2565 2664 2665
f 2565 2665 2566
f 2566 2665 2666
f 2566 2666 2567
f 2567 2666 2667
f 2567 2667 2568
f 2568 2667 2668
f 2568 2668 2569
f 2569 2668 2669
f 2569 2669 2570
f 2570 2669 2670
f 2570 2670 2571
f 2571 2670 2671
f 2571 2671 2572
f 2572 2671 2672
f 2572 2672 2573
f 2573 2672 2673
f 2573 2673 2574
f 2574 2673 2674
f 2574 2674 2575
f 2575 2674 2675
f 2575 2675 2576
f 2576 2675 2676
f 2576 2676 2577
f 2577 2676 2677
f 2577 2677 2578
f 2578 2677 2678
f 2578 2678 2579
f 2579 2678 2679
f 2579 2679 2580
f 2580 2679 2680
f 2580 2680 2581
f 2581 2680 2681
f 2581 2681 2582
f 2582 2681 2682
f 2582 2682 2583
f 2583 2682 2683
f 2583 2683 2584
f 2584 2683 2684
f 2584 2684 2585
f 2585 2684 2685
f 2585 2685 2586
f 2586 2685 2686
f 2586 2686 2587
f 2587 2686 2687
f 2587 2687 2588
f 2588 2687 2688
f 2588 2688 2589
f 2589 2688 2689
f 2589 2689 2590
f 2590 2689 2690
f 2590 2690 2591
f 2591 2690 2691
f 2591 2691 2592
f 2592 2691 2692
f 2592 2692 2593
f 2593 2692 2693
f 2593 2693 2594
f 2594 2693 2694
f 2594 2694 2595
f 2595 2694 2695
f 2595 2695 2596
f 2596 2695 2696
f 2596 2696 2597
f 2597 2696 2697
f 2597 2697 2598
f 2598 2697 2698
f 2598 2698 2599
f 2599 2698 2699
f 2599 2699 2600
f 2600 2699 2700
f 2600 2700 2601
f 2601 2700 2701
f 2601 2701 2502
f 2502 2701 2602
f 2602 2702 2603
f 2603 2702 2703
f 2603 2703 2604
f 2604 2703 2704
f 2604 2704 2605
f 2605 2704 2705
f 2605 2705 2606
f 2606 2705 2706
f 2606 2706 2607
f 2607 2706 2707
f 2607 2707 2608
f 2608 2707 2708
f 2608 2708 2609
f 2609 2708 2709
f 2609 2709 2610
f 2610 2709 2710
f 2610 2710 2611
f 2611 2710 2711
f 2611 2711 2612
f 2612 2711 2712
f 2612 2712 2613
f 2613 2712 2713
f 2613 2713 2614
f 2614 2713 2714
f 2614 2714 2615
f 2615 2714 2715
f 2615 2715 2616
f 2616 2715 2716
f 2616 2716 2617
f 2617 2716 2717
f 2617 2717 2618
f 2618 2717 2718
f 2618 2718 2619
f 2619 2718 2719
f 2619 2719 2620
f 2620 2719 2720
f 2620 2720 2621
f 2621 2720 2721
f 2621 2721 2622
f 2622 2721 2722
f 2622 2722 2623
f 2623 2722 2723
f 2623 2723 2624
f 2624 2723 2724
f 2624 2724 2625
f 2625 2724 2725
f 2625 2725 2626
f 2626 2725 2726
f 2626 2726 2627
f 2627 2726 2727
f 2627 2727 2628
f 2628 2727 2728
f 2628 2728 2629
f 2629 2728 2729
f 2629 2729 2630
f 2630 2729 2730
f 2630 2730 2631
f 2631 2730 2731
f 2631 2731 2632
f 2632 2731 2732
f 2632 2732 2633
f 2633 2732 2733
f 2633 2733 2634
f 2634 2733 2734
f 2634 2734 2635
f 2635 2734 2735
f 2635 2735 2636
f 2636 2735 2736
f 2636 2736 2637
f 2637 2736 2737
f 2637 2737 2638
f 2638 2737 2738
f 2638 2738 2639
f 2639 2738 2739
f 2639 2739 2640
f 2640 2739 2740
f 2640 2740 2641
f 2641 2740 2741
f 2641 2741 2642
f 2642 2741 2742
f 2642 2742 2643
f 2643 2742 2743
f 2643 2743 2644
f 2644 2743 2744
f 2644 2744 2645
f 2645 2744 2745
f 2645 2745 2646
f 2646 2745 2746
f 2646 2746 2647
f 2647 2746 2747
f 2647 2747 2648
f 2648 2747 2748
f 2648 2748 2649
f 2649 2748 2749
f 2649 2749 2650
f 2650 2749 2750
f 2650 2750 2651
f 2651 2750 2751
f 2651 2751 2652
f 2652 2751 2752
f 2652 2752 2653
f 2653 2752 2753
f 2653 2753 2654
f 2654 2753 2754
f 2654 2754 2655
f 2655 2754 2755
f 2655 2755 2656
f 2656 2755 2756
f 2656 2756 2657
f 2657 2756 2757
f 2657 2757 2658
f 2658 2757 2758
f 2658 2758 2659
f 2659 2758 2759
f 2659 2759 2660
f 2660 2759 2760
f 2660 2760 2661
f 2661 2760 2761
f 2661 2761 2662
f 2662 2761 2762
f 2662 2762 2663
f 2663 2762 2763
f 2663 2763 2664
f 2664 2763 2764
f 2664 2764 2665
f 2665 2764 2765
f 2665 2765 2666
f 2666 2765 2766
f 2666 2766 2667
f 2667 2766 2767
f 2667 2767 2668
f 2668 2767 2768
f 2668 2768 2669
f 2669 2768 2769
f 2669 2769 2670
f 2670 2769 2770
f 2670 2770 2671
f 2671 2770 2771
f 2671 2771 2672
f 2672 2771 2772
f 2672 2772 2673
f 2673 2772 2773
f 2673 2773 2674
f 2674 2773 2774
f 2674 2774 2675
f 2675 2774 2775
f 2675 2775 2676
f 2676 2775 2776
f 2676 2776 2677
f 2677 2776 2777
f 2677 2777 2678
f 2678 2777 2778
f 2678 2778 2679
f 2679 2778 2779
f 2679 2779 2680
f 2680 2779 2780
f 2680 2780 2681
f 2681 2780 2781
f 2681 2781 2682
f 2682 2781 2782
f 2682 2782 2683
f 2683 2782 2783
f 2683 2783 2684
f 2684 2783 2784
f 2684 2784 2685
f 2685 2784 2785
f 2685 2785 2686
f 2686 2785 2786
f 2686 2786 2687
f 2687 2786 2787
f 2687 2787 2688
f 2688 2787 2788
f 2688 2788 2689
f 2689 2788 2789
f 2689 2789 2690
f 2690 2789 2790
f 2690 2790 2691
f 2691 2790 2791
f 2691 2791 2692
f 2692 2791 2792
f 2692 2792 2693
f 2693 2792 2793
f 2693 2793 2694
f 2694 2793 2794
f 2694 2794 2695
f 2695 2794 2795
f 2695 2795 2696
f 2696 2795 2796
f 2696 2796 2697
f 2697 2796 2797
f 2697 2797 2698
f 2698 2797 2798
f 2698 2798 2699
f 2699 2798 2799
f 2699 2799 2700
f 2700 2799 2800
f 2700 2800 2701
f 2701 2800 2801
f 2701 2801 2602
f 2602 2801 2702
f 2702 2802 2703
f 2703 2802 2803
f 2703 2803 2704
f 2704 2803 2804
f 2704 2804 2705
f 2705 2804 2805
f 2705 2805 2706
f 2706 2805 2806
f 2706 2806 2707
f 2707 2806 2807
f 2707 2807 2708
f 2708 2807 2808
f 2708 2808 2709
f 2709 2808 2809
f 2709 2809 2710
f 2710 2809 2810
f 2710 2810 2711
f 2711 2810 2811
f 2711 2811 2712
f 2712 2811 2812
f 2712 2812 2713
f 2713 2812 2813
f 2713 2813 2714
f 2714 2813 2814
f 2714 2814 2715
f 2715 2814 2815
f 2715 2815 2716
f 2716 2815 2816
f 2716 2816 2717
f 2717 2816 2817
f 2717 2817 2718
f 2718 2817 2818
f 2718 2818 2719
f 2719 2818 2819
f 2719 2819 2720
f 2720 2819 2820
f 2720 2820 2721
f 2721 2820 2821
f 2721 2821 2722
f 2722 2821 2822
f 2722 2822 2723
f 2723 2822 2823
f 2723 2823 2724
f 2724 2823 2824
f 2724 2824 2725
f 2725 2824 2825
f 2725 2825 2726
f 2726 2825 2826
f 2726 2826 2727
f 2727 2826 2827
f 2727 2827 2728
f 2728 2827 2828
f 2728 2828 2729
f 2729 2828 2829
f 2729 2829 2730
f 2730 2829 2830
f 2730 2830 2731
f 2731 2830 2831
f 2731 2831 2732
f 2732 2831 2832
f 2732 2832 2733
f 2733 2832 2833
f 2733 2833 2734
f 2734 2833 2834
f 2734 2834 2735
f 2735 2834 2835
f 2735 2835 2736
f 2736 2835 2836
f 2736 2836 2737
f 2737 2836 2837
f 2737 2837 2738
f 2738 2837 2838
f 2738 2838 2739
f 2739 2838 2839
f 2739 2839 2740
f 2740 2839 2840
f 2740 2840 2741
f 2741 2840 2841
f 2741 2841 2742
f 2742 2841 2842
f 2742 2842 2743
f 2743 2842 2843
f 2743 2843 2744
f 2744 2843 2844
f 2744 2844 2745
f 2745 2844 2845
f 2745 2845 2746
f 2746 2845 2846
f 2746 2846 2747
f 2747 2846 2847
f 2747 2847 2748
f 2748 2847 2848
f 2748 2848 2749
f 2749 2848 2849
f 2749 2849 2750
f 2750 2849 2850
f 2750 2850 2751
f 2751 2850 2851
f 2751 2851 2752
f 2752 2851 2852
f 2752 2852 2753
f 2753 2852 2853
f 2753 2853 2754
f 2754 2853 2854
f 2754 2854 2755
f 2755 2854 2855
f 2755 2855 2756
f 2756 2855 2856
f 2756 2856 2757
f 2757 2856 2857
f 2757 2857 2758
f 2758 2857 2858
f 2758 2858 2759
f 2759 2858 2859
f 2759 2859 2760
f 2760 2859 2860
f 2760 2860 2761
f 2761 2860 2861
f 2761 2861 2762
f 2762 2861 2862
f 2762 2862 2763
f 2763 2862 2863
f 2763 2863 2764
f 2764 2863 2864
f 2764 2864 2765
f 2765 2864 2865
f 2765 2865 2766
f 2766 2865 2866
f 2766 2866 2767
f 2767 2866 2867
f 2767 2867 2768
f 2768 2867 2868
f 2768 2868 2769
f 2769 2868 2869
f 2769 2869 2770
f 2770 2869 2870
f 2770 2870 2771
f 2771 2870 2871
f 2771 2871 2772
f 2772 2871 2872
f 2772 2872 2773
f 2773 2872 2873
f 2773 2873 2774
f 2774 2873 2874
f 2774 2874 2775
f 2775 2874 2875
f 2775 2875 2776
f 2776 2875 2876
f 2776 2876 2777
f 2777 2876 2877
f 2777 2877 2778
f 2778 2877 2878
f 2778 2878 2779
f 2779 2878 2879
f 2779 2879 2780
f 2780 2879 2880
f 2780 2880 2781
f 2781 2880 2881
f 2781 2881 2782
f 2782 2881 2882
f 2782 2882 2783
f 2783 2882 2883
f 2783 2883 2784
f 2784 2883 2884
f 2784 2884 2785
f 2785 2884 2885
f 2785 2885 2786
f 2786 2885 2886
f 2786 2886 2787
f 2787 2886 2887
f 2787 2887 2788
f 2788 2887 2888
f 2788 2888 2789
f 2789 2888 2889
f 2789 2889 2790
f 2790 2889 2890
f 2790 2890 2791
f 2791 2890 2891
f 2791 2891 2792
f 2792 2891 2892
f 2792 2892 2793
f 2793 2892 2893
f 2793 2893 2794
f 2794 2893 2894
f 2794 2894 2795
f 2795 2894 2895
f 2795 2895 2796
f 2796 2895 2896
f 2796 2896 2797
f 2797 2896 2897
f 2797 2897 2798
f 2798 2897 2898
f 2798 2898 2799
f 2799 2898 2899
f 2799 2899 2800
f 2800 2899 2900
f 2800 2900 2801
f 2801 2900 2901
f 2801 2901 2702
f 2702 2901 2802
f 2802 2902 2803
f 2803 2902 2903
f 2803 2903 2804
f 2804 2903 2904
f 2804 2904 2805
f 2805 2904 2905
f 2805 2905 2806
f 2806 2905 2906
f 2806 2906 2807
f 2807 2906 2907
f 2807 2907 2808
f 2808 2907 2908
f 2808 2908 2809
f 2809 2908 2909
f 2809 2909 2810
f 2810 2909 2910
f 2810 2910 2811
f 2811 2910 2911
f 2811 2911 2812
f 2812 2911 2912
f 2812 2912 2813
f 2813 2912 2913
f 2813 2913 2814
f 2814 2913 2914
f 2814 2914 2815
f 2815 2914 2915
f 2815 2915 2816
f 2816 2915 2916
f 2816 2916 2817
f 2817 2916 2917
f 2817 2917 2818
f 2818 2917 2918
f 2818 2918 2819
f 2819 2918 2919
f 2819 2919 2820
f 2820 2919 2920
f 2820 2920 2821
f 2821 2920 2921
f 2821 2921 2822
f 2822 2921 2922
f 2822 2922 2823
f 2823 2922 2923
f 2823 2923 2824
f 2824 2923 2924
f 2824 2924 2825
f 2825 2924 2925
f 2825 2925 2826
f 2826 2925 2926
f 2826 2926 2827
f 2827 2926 2927
f 2827 2927 2828
f 2828 2927 2928
f 2828 2928 2829
f 2829 2928 2929
f 2829 2929 2830
f 2830 2929 2930
f 2830 2930 2831
f 2831 2930 2931
f 2831 2931 2832
f 2832 2931 2932
f 2832 2932 2833
f 2833 2932 2933
f 2833 2933 2834
f 2834 2933 2934
f 2834 2934 2835
f 2835 2934 2935
f 2835 2935 2836
f 2836 2935 2936
f 2836 2936 2837
f 2837 2936 2937
f 2837 2937 2838
f 2838 2937 2938
f 2838 2938 2839
f 2839 2938 2939
f 2839 2939 2840
f 2840 2939 2940
f 2840 2940 2841
f 2841 2940 2941
f 2841 2941 2842
f 2842 2941 2942
f 2842 2942 2843
f 2843 2942 2943
f 2843 2943 2844
f 2844 2943 2944
f 2844 2944 2845
f 2845 2944 2945
f 2845 2945 2846
f 2846 2945 2946
f 2846 2946 2847
f 2847 2946 2947
f 2847 2947 2848
f 2848 2947 2948
f 2848 2948 2849
f 2849 2948 2949
f 2849 2949 2850
f 2850 2949 2950
f 2850 2950 2851
f 2851 2950 2951
f 2851 2951 2852
f 2852 2951 2952
f 2852 2952 2853
f 2853 2952 2953
f 2853 2953 2854
f 2854 2953 2954
f 2854 2954 2855
f 2855 2954 2955
f 2855 2955 2856
f 2856 2955 2956
f 2856 2956 2857
f 2857 2956 2957
f 2857 2957 2858
f 2858 2957 2958
f 2858 2958 2859
f 2859 2958 2959
f 2859 2959 2860
f 2860 2959 2960
f 2860 2960 2861
f 2861 2960 2961
f 2861 2961 2862
f 2862 2961 2962
f 2862 2962 2863
f 2863 2962 2963
f 2863 2963 2864
f 2864 2963 2964
f 2864 2964 2865
f 2865 2964 2965
f 2865 2965 2866
f 2866 2965 2966
f 2866 2966 2867
f 2867 2966 2967
f 2867 2967 2868
f 2868 2967 2968
f 2868 2968 2869
f 2869 2968 2969
f 2869 2969 2870
f 2870 2969 2970
f 2870 2970 2871
f 2871 2970 2971
f 2871 2971 2872
f 2872 2971 2972
f 2872 2972 2873
f 2873 2972 2973
f 2873 2973 2874
f 2874 2973 2974
f 2874 2974 2875
f 2875 2974 2975
f 2875 2975 2876
f 2876 2975 2976
f 2876 2976 2877
f 2877 2976 2977
f 2877 2977 2878
f 2878 2977 2978
f 2878 2978 2879
f 2879 2978 2979
f 2879 2979 2880
f 2880 2979 2980
f 2880 2980 2881
f 2881 2980 2981
f 2881 2981 2882
f 2882 2981 2982
f 2882 2982 2883
f 2883 2982 2983
f 2883 2983 2884
f 2884 2983 2984
f 2884 2984 2885
f 2885 2984 2985
f 2885 2985 2886
f 2886 2985 2986
f 2886 2986 2887
f 2887 2986 2987
f 2887 2987 2888
f 2888 2987 2988
f 2888 2988 2889
f 2889 2988 2989
f 2889 2989 2890
f 2890 2989 2990
f 2890 2990 2891
f 2891 2990 2991
f 2891 2991 2892
f 2892 2991 2992
f 2892 2992 2893
f 2893 2992 2993
f 2893 2993 2894
f 2894 2993 2994
f 2894 2994 2895
f 2895 2994 2995
f 2895 2995 2896
f 2896 2995 2996
f 2896 2996 2897
f 2897 2996 2997
f 2897 2997 2898
f 2898 2997 2998
f 2898 2998 2899
f 2899 2998 2999
f 2899 2999 2900
f 2900 2999 3000
f 2900 3000 2901
f 2901 3000 3001
f 2901 3001 2802
f 2802 3001 2902
f 2902 3002 2903
f 2903 3002 3003
f 2903 3003 2904
f 2904 3003 3004
f 2904 3004 2905
f 2905 3004 3005
f 2905 3005 2906
f 2906 3005 3006
f 2906 3006 2907
f 2907 3006 3007
f 2907 3007 2908
f 2908 3007 3008
f 2908 3008 2909
f 2909 3008 3009
f 2909 3009 2910
f 2910 3009 3010
f 2910 3010 2911
f 2911 3010 3011
f 2911 3011 2912
f 2912 3011 3012
f 2912 3012 2913
f 2913 3012 3013
f 2913 3013 2914
f 2914 3013 3014
f 2914 3014 2915
f 2915 3014 3015
f 2915 3015 2916
f 2916 3015 3016
f 2916 3016 2917
f 2917 3016 3017
f 2917 3017 2918
f 2918 3017 3018
f 2918 3018 2919
f 2919 3018 3019
f 2919 3019 2920
f 2920 3019 3020
f 2920 3020 2921
f 2921 3020 3021
f 2921 3021 2922
f 2922 3021 3022
f 2922 3022 2923
f 2923 3022 3023
f 2923 3023 2924
f 2924 3023 3024
f 2924 3024 2925
f 2925 3024 3025
f 2925 3025 2926
f 2926 3025 3026
f 2926 3026 2927
f 2927 3026 3027
f 2927 3027 2928
f 2928 3027 3028
f 2928 3028 2929
f 2929 3028 3029
f 2929 3029 2930
f 2930 3029 3030
f 2930 3030 2931
f 2931 3030 3031
f 2931 3031 2932
f 2932 3031 3032
f 2932 3032 2933
f 2933 3032 3033
f 2933 3033 2934
f 2934 3033 3034
f 2934 3034 2935
f 2935 3034 3035
f 2935 3035 2936
f 2936 3035 3036
f 2936 3036 2937
f 2937 3036 3037
f 2937 3037 2938
f 2938 3037 3038
f 2938 3038 2939
f 2939 3038 3039
f 2939 3039 2940
f 2940 3039 3040
f 2940 3040 2941
f 2941 3040 3041
f 2941 3041 2942
f 2942 3041 3042
f 2942 3042 2943
f 2943 3042 3043
f 2943 3043 2944
f 2944 3043 3044
f 2944 3044 2945
f 2945 3044 3045
f 2945 3045 2946
f 2946 3045 3046
f 2946 3046 2947
f 2947 3046 3047
f 2947 3047 2948
f 2948 3047 3048
f 2948 3048 2949
f 2949 3048 3049
f 2949 3049 2950
f 2950 3049 3050
f 2950 3050 2951
f 2951 3050 3051
f 2951 3051 2952
f 2952 3051 3052
f 2952 3052 2953
f 2953 3052 3053
f 2953 3053 2954
f 2954 3053 3054
f 2954 3054 2955
f 2955 3054 3055
f 2955 3055 2956
f 2956 3055 3056
f 2956 3056 2957
f 2957 3056 3057
f 2957 3057 2958
f 2958 3057 3058
f 2958 3058 2959
f 2959 3058 3059
f 2959 3059 2960
f 2960 3059 3060
f 2960 3060 2961
f 2961 3060 3061
f 2961 3061 2962
f 2962 3061 3062
f 2962 3062 2963
f 2963 3062 3063
f 2963 3063 2964
f 2964 3063 3064
f 2964 3064 2965
f 2965 3064 3065
f 2965 3065 2966
f 2966 3065 3066
f 2966 3066 2967
f 2967 3066 3067
f 2967 3067 2968
f 2968 3067 3068
f 2968 3068 2969
f 2969 3068 3069
f 2969 3069 2970
f 2970 3069 3070
f 2970 3070 2971
f 2971 3070 3071
f 2971 3071 2972
f 2972 3071 3072
f 2972 3072 2973
f 2973 3072 3073
f 2973 3073 2974
f 2974 3073 3074
f 2974 3074 2975
f 2975 3074 3075
f 2975 3075 2976
f 2976 3075 3076
f 2976 3076 2977
f 2977 3076 3077
f 2977 3077 2978
f 2978 3077 3078
f 2978 3078 2979
f 2979 3078 3079
f 2979 3079 2980
f 2980 3079 3080
f 2980 3080 2981
f 2981 3080 3081
f 2981 3081 2982
f 2982 3081 3082
f 2982 3082 2983
f 2983 3082 3083
f 2983 3083 2984
f 2984 3083 3084
f 2984 3084 2985
f 2985 3084 3085
f 2985 3085 2986
f 2986 3085 3086
f 2986 3086 2987
f 2987 3086 3087
f 2987 3087 2988
f 2988 3087 3088
f 2988 3088 2989
f 2989 3088 3089
f 2989 3089 2990
f 2990 3089 3090
f 2990 3090 2991
f 2991 3090 3091
f 2991 3091 2992
f 2992 3091 3092
f 2992 3092 2993
f 2993 3092 3093
f 2993 3093 2994
f 2994 3093 3094
f 2994 3094 2995
f 2995 3094 3095
f 2995 3095 2996
f 2996 3095 3096
f 2996 3096 2997
f 2997 3096 3097
f 2997 3097 2998
f 2998 3097 3098
f 2998 3098 2999
f 2999 3098 3099
f 2999 3099 3000
f 3000 3099 3100
f 3000 3100 3001
f 3001 3100 3101
f 3001 3101 2902
f 2902 3101 3002
f 3002 3102 3003
f 3003 3102 3103
f 3003 3103 3004
f 3004 3103 3104
f 3004 3104 3005
f 3005 3104 3105
f 3005 3105 3006
f 3006 3105 3106
f 3006 3106 3007
f 3007 3106 3107
f 3007 3107 3008
f 3008 3107 3108
f 3008 3108 3009
f 3009 3108 3109
f 3009 3109 3010
f 3010 3109 3110
f 3010 3110 3011
f 3011 3110 3111
f 3011 3111 3012
f 3012 3111 3112
f 3012 3112 3013
f 3013 3112 3113
f 3013 3113 3014
f 3014 3113 3114
f 3014 3114 3015
f 3015 3114 3115
f 3015 3115 3016
f 3016 3115 3116
f 3016 3116 3017
f 3017 3116 3117
f 3017 3117 3018
f 3018 3117 3118
f 3018 3118 3019
f 3019 3118 3119
f 3019 3119 3020
f 3020 3119 3120
f 3020 3120 3021
f 3021 3120 3121
f 3021 3121 3022
f 3022 3121 3122
f 3022 3122 3023
f 3023 3122 3123
f 3023 3123 3024
f 3024 3123 3124
f 3024 3124 3025
f 3025 3124 3125
f 3025 3125 3026
f 3026 3125 3126
f 3026 3126 3027
f 3027 3126 3127
f 3027 3127 3028
f 3028 3127 3128
f 3028 3128 3029
f 3029 3128 3129
f 3029 3129 3030
f 3030 3129 3130
f 3030 3130 3031
f 3031 3130 3131
f 3031 3131 3032
f 3032 3131 3132
f 3032 3132 3033
f 3033 3132 3133
f 3033 3133 3034
f 3034 3133 3134
f 3034 3134 3035
f 3035 3134 3135
f 3035 3135 3036
f 3036 3135 3136
f 3036 3136 3037
f 3037 3136 3137
f 3037 3137 3038
f 3038 3137 3138
f 3038 3138 3039
f 3039 3138 3139
f 3039 3139 3040
f 3040 3139 3140
f 3040 3140 3041
f 3041 3140 3141
f 3041 3141 3042
f 3042 3141 3142
f 3042 3142 3043
f 3043 3142 3143
f 3043 3143 3044
f 3044 3143 3144
f 3044 3144 3045
f 3045 3144 3145
f 3045 3145 3046
f 3046 3145 3146
f 3046 3146 3047
f 3047 3146 3147
f 3047 3147 3048
f 3048 3147 3148
f 3048 3148 3049
f 3049 3148 3149
f 3049 3149 3050
f 3050 3149 3150
f 3050 3150 3051
f 3051 3150 3151
f 3051 3151 3052
f 3052 3151 3152
f 3052 3152 3053
f 3053 3152 3153
f 3053 3153 3054
f 3054 3153 3154
f 3054 3154 3055
f 3055 3154 3155
f 3055 3155 3056
f 3056 3155 3156
f 3056 3156 3057
f 3057 3156 3157
f 3057 3157 3058
f 3058 3157 3158
f 3058 3158 3059
f 3059 3158 3159
f 3059 3159 3060
f 3060 3159 3160
f 3060 3160 3061
f 3061 3160 3161
f 3061 3161 3062
f 3062 3161 3162
f 3062 3162 3063
f 3063 3162 3163
f 3063 3163 3064
f 3064 3163 3164
f 3064 3164 3065
f 3065 3164 3165
f 3065 3165 3066
f 3066 3165 3166
f 3066 3166 3067
f 3067 3166 3167
f 3067 3167 3068
f 3068 3167 3168
f 3068 3168 3069
f 3069 3168 3169
f 3069 3169 3070
f 3070 3169 3170
f 3070 3170 3071
f 3071 3170 3171
f 3071 3171 3072
f 3072 3171 3172
f 3072 3172 3073
f 3073 3172 3173
f 3073 3173 3074
f 3074 3173 3174
f 3074 3174 3075
f 3075 3174 3175
f 3075 3175 3076
f 3076 3175 3176
f 3076 3176 3077
f 3077 3176 3177
f 3077 3177 3078
f 3078 3177 3178
f 3078 3178 3079
f 3079 3178 3179
f 3079 3179 3080
f 3080 3179 3180
f 3080 3180 3081
f 3081 3180 3181
f 3081 3181 3082
f 3082 3181 3182
f 3082 3182 3083
f 3083 3182 3183
f 3083 3183 3084
f 3084 3183 3184
f 3084 3184 3085
f 3085 3184 3185
f 3085 3185 3086
f 3086 3185 3186
f 3086 3186 3087
f 3087 3186 3187
f 3087 3187 3088
f 3088 3187 3188
f 3088 3188 3089
f 3089 3188 3189
f 3089 3189 3090
f 3090 3189 3190
f 3090 3190 3091
f 3091 3190 3191
f 3091 3191 3092
f 3092 3191 3192
f 3092 3192 3093
f 3093 3192 3193
f 3093 3193 3094
f 3094 3193 3194
f 3094 3194 3095
f 3095 3194 3195
f 3095 3195 3096
f 3096 3195 3196
f 3096 3196 3097
f 3097 3196 3197
f 3097 3197 3098
f 3098 3197 3198
f 3098 3198 3099
f 3099 3198 3199
f 3099 3199 3100
f 3100 3199 3200
f 3100 3200 3101
f 3101 3200 3201
f 3101 3201 3002
f 3002 3201 3102
f 3102 3202 3103
f 3103 3202 3203
f 3103 3203 3104
f 3104 3203 3204
f 3104 3204 3105
f 3105 3204 3205
f 3105 3205 3106
f 3106 3205 3206
f 3106 3206 3107
f 3107 3206 3207
f 3107 3207 3108
f 3108 3207 3208
f 3108 3208 3109
f 3109 3208 3209
f 3109 3209 3110
f 3110 3209 3210
f 3110 3210 3111
f 3111 3210 3211
f 3111 3211 3112
f 3112 3211 3212
f 3112 3212 3113
f 3113 3212 3213
f 3113 3213 3114
f 3114 3213 3214
f 3114 3214 3115
f 3115 3214 3215
f 3115 3215 3116
f 3116 3215 3216
f 3116 3216 3117
f 3117 3216 3217
f 3117 3217 3118
f 3118 3217 3218
f 3118 3218 3119
f 3119 3218 3219
f 3119 3219 3120
f 3120 3219 3220
f 3120 3220 3121
f 3121 3220 3221
f 3121 3221 3122
f 3122 3221 3222
f 3122 3222 3123
f 3123 3222 3223
f 3123 3223 3124
f 3124 3223 3224
f 3124 3224 3125
f 3125 3224 3225
f 3125 3225 3126
f 3126 3225 3226
f 3126 3226 3127
f 3127 3226 3227
f 3127 3227 3128
f 3128 3227 3228
f 3128 3228 3129
f 3129 3228 3229
f 3129 3229 3130
f 3130 3229 3230
f 3130 3230 3131
f 3131 3230 3231
f 3131 3231 3132
f 3132 3231 3232
f 3132 3232 3133
f 3133 3232 3233
f 3133 3233 3134
f 3134 3233 3234
f 3134 3234 3135
f 3135 3234 3235
f 3135 3235 3136
f 3136 3235 3236
f 3136 3236 3137
f 3137 3236 3237
f 3137 3237 3138
f 3138 3237 3238
f 3138 3238 3139
f 3139 3238 3239
f 3139 3239 3140
f 3140 3239 3240
f 3140 3240 3141
f 3141 3240 3241
f 3141 3241 3142
f 3142 3241 3242
f 3142 3242 3143
f 3143 3242 3243
f 3143 3243 3144
f 3144 3243 3244
f 3144 3244 3145
f 3145 3244 3245
f 3145 3245 3146
f 3146 3245 3246
f 3146 3246 3147
f 3147 3246 3247
f 3147 3247 3148
f 3148 3247 3248
f 3148 3248 3149
f 3149 3248 3249
f 3149 3249 3150
f 3150 3249 3250
f 3150 3250 3151
f 3151 3250 3251
f 3151 3251 3152
f 3152 3251 3252
f 3152 3252 3153
f 3153 3252 3253
f 3153 3253 3154
f 3154 3253 3254
f 3154 3254 3155
f 3155 3254 3255
f 3155 3255 3156
f 3156 3255 3256
f 3156 3256 3157
f 3157 3256 3257
f 3157 3257 3158
f 3158 3257 3258
f 3158 3258 3159
f 3159 3258 3259
f 3159 3259 3160
f 3160 3259 3260
f 3160 3260 3161
f 3161 3260 3261
f 3161 3261 3162
f 3162 3261 3262
f 3162 3262 3163
f 3163 3262 3263
f 3163 3263 3164
f 3164 3263 3264
f 3164 3264 3165
f 3165 3264 3265
f 3165 3265 3166
f 3166 3265 3266
f 3166 3266 3167
f 3167 3266 3267
f 3167 3267 3168
f 3168 3267 3268
f 3168 3268 3169
f 3169 3268 3269
f 3169 3269 3170
f 3170 3269 3270
f 3170 3270 3171
f 3171 3270 3271
f 3171 3271 3172
f 3172 3271 3272
f 3172 3272 3173
f 3173 3272 3273
f 3173 3273 3174
f 3174 3273 3274
f 3174 3274 3175
f 3175 3274 3275
f 3175 3275 3176
f 3176 3275 3276
f 3176 3276 3177
f 3177 3276 3277
f 3177 3277 3178
f 3178 3277 3278
f 3178 3278 3179
f 3179 3278 3279
f 3179 3279 3180
f 3180 3279 3280
f 3180 3280 3181
f 3181 3280 3281
f 3181 3281 3182
f 3182 3281 3282
f 3182 3282 3183
f 3183 3282 3283
f 3183 3283 3184
f 3184 3283 3284
f 3184 3284 3185
f 3185 3284 3285
f 3185 3285 3186
f 3186 3285 3286
f 3186 3286 3187
f 3187 3286 3287
f 3187 3287 3188
f 3188 3287 3288
f 3188 3288 3189
f 3189 3288 3289
f 3189 3289 3190
f 3190 3289 3290
f 3190 3290 3191
f 3191 3290 3291
f 3191 3291 3192
f 3192 3291 3292
f 3192 3292 3193
f 3193 3292 3293
f 3193 3293 3194
f 3194 3293 3294
f 3194 3294 3195
f 3195 3294 3295
f 3195 3295 3196
f 3196 3295 3296
f 3196 3296 3197
f 3197 3296 3297
f 3197 3297 3198
f 3198 3297 3298
f 3198 3298 3199
f 3199 3298 3299
f 3199 3299 3200
f 3200 3299 3300
f 3200 3300 3201
f 3201 3300 3301
f 3201 3301 3102
f 3102 3301 3202
f 3202 3302 3203
f 3203 3302 3303
f 3203 3303 3204
f 3204 3303 3304
f 3204 3304 3205
f 3205 3304 3305
f 3205 3305 3206
f 3206 3305 3306
f 3206 3306 3207
f 3207 3306 3307
f 3207 3307 3208
f 3208 3307 3308
f 3208 3308 3209
f 3209 3308 3309
f 3209 3309 3210
f 3210 3309 3310
f 3210 3310 3211
f 3211 3310 3311
f 3211 3311 3212
f 3212 3311 3312
f 3212 3312 3213
f 3213 3312 3313
f 3213 3313 3214
f 3214 3313 3314
f 3214 3314 3215
f 3215 3314 3315
f 3215 3315 3216
f 3216 3315 3316
f 3216 3316 3217
f 3217 3316 3317
f 3217 3317 3218
f 3218 3317 3318
f 3218 3318 3219
f 3219 3318 3319
f 3219 3319 3220
f 3220 3319 3320
f 3220 3320 3221
f 3221 3320 3321
f 3221 3321 3222
f 3222 3321 3322
f 3222 3322 3223
f 3223 3322 3323
f 3223 3323 3224
f 3224 3323 3324
f 3224 3324 3225
f 3225 3324 3325
f 3225 3325 3226
f 3226 3325 3326
f 3226 3326 3227
f 3227 3326 3327
f 3227 3327 3228
f 3228 3327 3328
f 3228 3328 3229
f 3229 3328 3329
f 3229 3329 3230
f 3230 3329 3330
f 3230 3330 3231
f 3231 3330 3331
f 3231 3331 3232
f 3232 3331 3332
f 3232 3332 3233
f 3233 3332 3333
f 3233 3333 3234
f 3234 3333 3334
f 3234 3334 3235
f 3235 3334 3335
f 3235 3335 3236
f 3236 3335 3336
f 3236 3336 3237
f 3237 3336 3337
f 3237 3337 3238
f 3238 3337 3338
f 3238 3338 3239
f 3239 3338 3339
f 3239 3339 3240
f 3240 3339 3340
f 3240 3340 3241
f 3241 3340 3341
f 3241 3341 3242
f 3242 3341 3342
f 3242 3342 3243
f 3243 3342 3343
f 3243 3343 3244
f 3244 3343 3344
f 3244 3344 3245
f 3245 3344 3345
f 3245 3345 3246
f 3246 3345 3346
f 3246 3346 3247
f 3247 3346 3347
f 3247 3347 3248
f 3248 3347 3348
f 3248 3348 3249
f 3249 3348 3349
f 3249 3349 3250
f 3250 3349 3350
f 3250 3350 3251
f 3251 3350 3351
f 3251 3351 3252
f 3252 3351 3352
f 3252 3352 3253
f 3253 3352 3353
f 3253 3353 3254
f 3254 3353 3354
f 3254 3354 3255
f 3255 3354 3355
f 3255 3355 3256
f 3256 3355 3356
f 3256 3356 3257
f 3257 3356 3357
f 3257 3357 3258
f 3258 3357 3358
f 3258 3358 3259
f 3259 3358 3359
f 3259 3359 3260
f 3260 3359 3360
f 3260 3360 3261
f 3261 3360 3361
f 3261 3361 3262
f 3262 3361 3362
f 3262 3362 3263
f 3263 3362 3363
f 3263 3363 3264
f 3264 3363 3364
f 3264 3364 3265
f 3265 3364 3365
f 3265 3365 3266
f 3266 3365 3366
f 3266 3366 3267
f 3267 3366 3367
f 3267 3367 3268
f 3268 3367 3368
f 3268 3368 3269
f 3269 3368 3369
f 3269 3369 3270
f 3270 3369 3370
f 3270 3370 3271
f 3271 3370 3371
f 3271 3371 3272
f 3272 3371 3372
f 3272 3372 3273
f 3273 3372 3373
f 3273 3373 3274
f 3274 3373 3374
f 3274 3374 3275
f 3275 3374 3375
f 3275 3375 3276
f 3276 3375 3376
f 3276 3376 3277
f 3277 3376 3377
f 3277 3377 3278
f 3278 3377 3378
f 3278 3378 3279
f 3279 3378 3379
f 3279 3379 3280
f 3280 3379 3380
f 3280 3380 3281
f 3281 3380 3381
f 3281 3381 3282
f 3282 3381 3382
f 3282 3382 3283
f 3283 3382 3383
f 3283 3383 3284
f 3284 3383 3384
f 3284 3384 3285
f 3285 3384 3385
f 3285 3385 3286
f 3286 3385 3386
f 3286 3386 3287
f 3287 3386 3387
f 3287 3387 3288
f 3288 3387 3388
f 3288 3388 3289
f 3289 3388 3389
f 3289 3389 3290
f 3290 3389 3390
f 3290 3390 3291
f 3291 3390 3391
f 3291 3391 3292
f 3292 3391 3392
f 3292 3392 3293
f 3293 3392 3393
f 3293 3393 3294
f 3294 3393 3394
f 3294 3394 3295
f 3295 3394 3395
f 3295 3395 3296
f 3296 3395 3396
f 3296 3396 3297
f 3297 3396 3397
f 3297 3397 3298
f 3298 3397 3398
f 3298 3398 3299
f 3299 3398 3399
f 3299 3399 3300
f 3300 3399 3400
f 3300 3400 3301
f 3301 3400 3401
f 3301 3401 3202
f 3202 3401 3302
f 3302 3402 3303
f 3303 3402 3403
f 3303 3403 3304
f 3304 3403 3404
f 3304 3404 3305
f 3305 3404 3405
f 3305 3405 3306
f 3306 3405 3406
f 3306 3406 3307
f 3307 3406 3407
f 3307 3407 3308
f 3308 3407 3408
f 3308 3408 3309
f 3309 3408 3409
f 3309 3409 3310
f 3310 3409 3410
f 3310 3410 3311
f 3311 3410 3411
f 3311 3411 3312
f 3312 3411 3412
f 3312 3412 3313
f 3313 3412 3413
f 3313 3413 3314
f 3314 3413 3414
f 3314 3414 3315
f 3315 3414 3415
f 3315 3415 3316
f 3316 3415 3416
f 3316 3416 3317
f 3317 3416 3417
f 3317 3417 3318
f 3318 3417 3418
f 3318 3418 3319
f 3319 3418 3419
f 3319 3419 3320
f 3320 3419 3420
f 3320 3420 3321
f 3321 3420 3421
f 3321 3421 3322
f 3322 3421 3422
f 3322 3422 3323
f 3323 3422 3423
f 3323 3423 3324
f 3324 3423 3424
f 3324 3424 3325
f 3325 3424 3425
f 3325 3425 3326
f 3326 3425 3426
f 3326 3426 3327
f 3327 3426 3427
f 3327 3427 3328
f 3328 3427 3428
f 3328 3428 3329
f 3329 3428 3429
f 3329 3429 3330
f 3330 3429 3430
f 3330 3430 3331
f 3331 3430 3431
f 3331 3431 3332
f 3332 3431 3432
f 3332 3432 3333
f 3333 3432 3433
f 3333 3433 3334
f 3334 3433 3434
f 3334 3434 3335
f 3335 3434 3435
f 3335 3435 3336
f 3336 3435 3436
f 3336 3436 3337
f 3337 3436 3437
f 3337 3437 3338
f 3338 3437 3438
f 3338 3438 3339
f 3339 3438 3439
f 3339 3439 3340
f 3340 3439 3440
f 3340 3440 3341
f 3341 3440 3441
f 3341 3441 3342
f 3342 3441 3442
f 3342 3442 3343
f 3343 3442 3443
f 3343 3443 3344
f 3344 3443 3444
f 3344 3444 3345
f 3345 3444 3445
f 3345 3445 3346
f 3346 3445 3446
f 3346 3446 3347
f 3347 3446 3447
f 3347 3447 3348
f 3348 3447 3448
f 3348 3448 3349
f 3349 3448 3449
f 3349 3449 3350
f 3350 3449 3450
f 3350 3450 3351
f 3351 3450 3451
f 3351 3451 3352
f 3352 3451 3452
f 3352 3452 3353
f 3353 3452 3453
f 3353 3453 3354
f 3354 3453 3454
f 3354 3454 3355
f 3355 3454 3455
f 3355 3455 3356
f 3356 3455 3456
f 3356 3456 3357
f 3357 3456 3457
f 3357 3457 3358
f 3358 3457 3458
f 3358 3458 3359
f 3359 3458 3459
f 3359 3459 3360
f 3360 3459 3460
f 3360 3460 3361
f 3361 3460 3461
f 3361 3461 3362
f 3362 3461 3462
f 3362 3462 3363
f 3363 3462 3463
f 3363 3463 3364
f 3364 3463 3464
f 3364 3464 3365
f 3365 3464 3465
f 3365 3465 3366
f 3366 3465 3466
f 3366 3466 3367
f 3367 3466 3467
f 3367 3467 3368
f 3368 3467 3468
f 3368 3468 3369
f 3369 3468 3469
f 3369 3469 3370
f 3370 3469 3470
f 3370 3470 3371
f 3371 3470 3471
f 3371 3471 3372
f 3372 3471 3472
f 3372 3472 3373
f 3373 3472 3473
f 3373 3473 3374
f 3374 3473 3474
f 3374 3474 3375
f 3375 3474 3475
f 3375 3475 3376
f 3376 3475 3476
f 3376 3476 3377
f 3377 3476 3477
f 3377 3477 3378
f 3378 3477 3478
f 3378 3478 3379
f 3379 3478 3479
f 3379 3479 3380
f 3380 3479 3480
f 3380 3480 3381
f 3381 3480 3481
f 3381 3481 3382
f 3382 3481 3482
f 3382 3482 3383
f 3383 3482 3483
f 3383 3483 3384
f 3384 3483 3484
f 3384 3484 3385
f 3385 3484 3485
f 3385 3485 3386
f 3386 3485 3486
f 3386 3486 3387
f 3387 3486 3487
f 3387 3487 3388
f 3388 3487 3488
f 3388 3488 3389
f 3389 3488 3489
f 3389 3489 3390
f 3390 3489 3490
f 3390 3490 3391
f 3391 3490 3491
f 3391 3491 3392
f 3392 3491 3492
f 3392 3492 3393
f 3393 3492 3493
f 3393 3493 3394
f 3394 3493 3494
f 3394 3494 3395
f 3395 3494 3495
f 3395 3495 3396
f 3396 3495 3496
f 3396 3496 3397
f 3397 3496 3497
f 3397 3497 3398
f 3398 3497 3498
f 3398 3498 3399
f 3399 3498 3499
f 3399 3499 3400
f 3400 3499 3500
f 3400 3500 3401
f 3401 3500 3501
f 3401 3501 3302
f 3302 3501 3402
f 3402 3502 3403
f 3403 3502 3503
f 3403 3503 3404
f 3404 3503 3504
f 3404 3504 3405
f 3405 3504 3505
f 3405 3505 3406
f 3406 3505 3506
f 3406 3506 3407
f 3407 3506 3507
f 3407 3507 3408
f 3408 3507 3508
f 3408 3508 3409
f 3409 3508 3509
f 3409 3509 3410
f 3410 3509 3510
f 3410 3510 3411
f 3411 3510 3511
f 3411 3511 3412
f 3412 3511 3512
f 3412 3512 3413
f 3413 3512 3513
f 3413 3513 3414
f 3414 3513 3514
f 3414 3514 3415
f 3415 3514 3515
f 3415 3515 3416
f 3416 3515 3516
f 3416 3516 3417
f 3417 3516 3517
f 3417 3517 3418
f 3418 3517 3518
f 3418 3518 3419
f 3419 3518 3519
f 3419 3519 3420
f 3420 3519 3520
f 3420 3520 3421
f 3421 3520 3521
f 3421 3521 3422
f 3422 3521 3522
f 3422 3522 3423
f 3423 3522 3523
f 3423 3523 3424
f 3424 3523 3524
f 3424 3524 3425
f 3425 3524 3525
f 3425 3525 3426
f 3426 3525 3526
f 3426 3526 3427
f 3427 3526 3527
f 3427 3527 3428
f 3428 3527 3528
f 3428 3528 3429
f 3429 3528 3529
f 3429 3529 3430
f 3430 3529 3530
f 3430 3530 3431
f 3431 3530 3531
f 3431 3531 3432
f 3432 3531 3532
f 3432 3532 3433
f 3433 3532 3533
f 3433 3533 3434
f 3434 3533 3534
f 3434 3534 3435
f 3435 3534 3535
f 3435 3535 3436
f 3436 3535 3536
f 3436 3536 3437
f 3437 3536 3537
f 3437 3537 3438
f 3438 3537 3538
f 3438 3538 3439
f 3439 3538 3539
f 3439 3539 3440
f 3440 3539 3540
f 3440 3540 3441
f 3441 3540 3541
f 3441 3541 3442
f 3442 3541 3542
f 3442 3542 3443
f 3443 3542 3543
f 3443 3543 3444
f 3444 3543 3544
f 3444 3544 3445
f 3445 3544 3545
f 3445 3545 3446
f 3446 3545 3546
f 3446 3546 3447
f 3447 3546 3547
f 3447 3547 3448
f 3448 3547 3548
f 3448 3548 3449
f 3449 3548 3549
f 3449 3549 3450
f 3450 3549 3550
f 3450 3550 3451
f 3451 3550 3551
f 3451 3551 3452
f 3452 3551 3552
f 3452 3552 3453
f 3453 3552 3553
f 3453 3553 3454
f 3454 3553 3554
f 3454 3554 3455
f 3455 3554 3555
f 3455 3555 3456
f 3456 3555 3556
f 3456 3556 3457
f 3457 3556 3557
f 3457 3557 3458
f 3458 3557 3558
f 3458 3558 3459
f 3459 3558 3559
f 3459 3559 3460
f 3460 3559 3560
f 3460 3560 3461
f 3461 3560 3561
f 3461 3561 3462
f 3462 3561 3562
f 3462 3562 3463
f 3463 3562 3563
f 3463 3563 3464
f 3464 3563 3564
f 3464 3564 3465
f 3465 3564 3565
f 3465 3565 3466
f 3466 3565 3566
f 3466 3566 3467
f 3467 3566 3567
f 3467 3567 3468
f 3468 3567 3568
f 3468 3568 3469
f 3469 3568 3569
f 3469 3569 3470
f 3470 3569 3570
f 3470 3570 3471
f 3471 3570 3571
f 3471 3571 3472
f 3472 3571 3572
f 3472 3572 3473
f 3473 3572 3573
f 3473 3573 3474
f 3474 3573 3574
f 3474 3574 3475
f 3475 3574 3575
f 3475 3575 3476
f 3476 3575 3576
f 3476 3576 3477
f 3477 3576 3577
f 3477 3577 3478
f 3478 3577 3578
f 3478 3578 3479
f 3479 3578 3579
f 3479 3579 3480
f 3480 3579 3580
f 3480 3580 3481
f 3481 3580 3581
f 3481 3581 3482
f 3482 3581 3582
f 3482 3582 3483
f 3483 3582 3583
f 3483 3583 3484
f 3484 3583 3584
f 3484 3584 3485
f 3485 3584 3585
f 3485 3585 3486
f 3486 3585 3586
f 3486 3586 3487
f 3487 3586 3587
f 3487 3587 3488
f 3488 3587 3588
f 3488 3588 3489
f 3489 3588 3589
f 3489 3589 3490
f 3490 3589 3590
f 3490 3590 3491
f 3491 3590 3591
f 3491 3591 3492
f 3492 3591 3592
f 3492 3592 3493
f 3493 3592 3593
f 3493 3593 3494
f 3494 3593 3594
f 3494 3594 3495
f 3495 3594 3595
f 3495 3595 3496
f 3496 3595 3596
f 3496 3596 3497
f 3497 3596 3597
f 3497 3597 3498
f 3498 3597 3598
f 3498 3598 3499
f 3499 3598 3599
f 3499 3599 3500
f 3500 3599 3600
f 3500 3600 3501
f 3501 3600 3601
f 3501 3601 3402
f 3402 3601 3502
f 3502 3602 3503
f 3503 3602 3603
f 3503 3603 3504
f 3504 3603 3604
f 3504 3604 3505
f 3505 3604 3605
f 3505 3605 3506
f 3506 3605 3606
f 3506 3606 3507
f 3507 3606 3607
f 3507 3607 3508
f 3508 3607 3608
f 3508 3608 3509
f 3509 3608 3609
f 3509 3609 3510
f 3510 3609 3610
f 3510 3610 3511
f 3511 3610 3611
f 3511 3611 3512
f 3512 3611 3612
f 3512 3612 3513
f 3513 3612 3613
f 3513 3613 3514
f 3514 3613 3614
f 3514 3614 3515
f 3515 3614 3615
f 3515 3615 3516
f 3516 3615 3616
f 3516 3616 3517
f 3517 3616 3617
f 3517 3617 3518
f 3518 3617 3618
f 3518 3618 3519
f 3519 3618 3619
f 3519 3619 3520
f 3520 3619 3620
f 3520 3620 3521
f 3521 3620 3621
f 3521 3621 3522
f 3522 3621 3622
f 3522 3622 3523
f 3523 3622 3623
f 3523 3623 3524
f 3524 3623 3624
f 3524 3624 3525
f 3525 3624 3625
f 3525 3625 3526
f 3526 3625 3626
f 3526 3626 3527
f 3527 3626 3627
f 3527 3627 3528
f 3528 3627 3628
f 3528 3628 3529
f 3529 3628 3629
f 3529 3629 3530
f 3530 3629 3630
f 3530 3630 3531
f 3531 3630 3631
f 3531 3631 3532
f 3532 3631 3632
f 3532 3632 3533
f 3533 3632 3633
f 3533 3633 3534
f 3534 3633 3634
f 3534 3634 3535
f 3535 3634 3635
f 3535 3635 3536
f 3536 3635 3636
f 3536 3636 3537
f 3537 3636 3637
f 3537 3637 3538
f 3538 3637 3638
f 3538 3638 3539
f 3539 3638 3639
f 3539 3639 3540
f 3540 3639 3640
f 3540 3640 3541
f 3541 3640 3641
f 3541 3641 3542
f 3542 3641 3642
f 3542 3642 3543
f 3543 3642 3643
f 3543 3643 3544
f 3544 3643 3644
f 3544 3644 3545
f 3545 3644 3645
f 3545 3645 3546
f 3546 3645 3646
f 3546 3646 3547
f 3547 3646 3647
f 3547 3647 3548
f 3548 3647 3648
f 3548 3648 3549
f 3549 3648 3649
f 3549 3649 3550
f 3550 3649 3650
f 3550 3650 3551
f 3551 3650 3651
f 3551 3651 3552
f 3552 3651 3652
f 3552 3652 3553
f 3553 3652 3653
f 3553 3653 3554
f 3554 3653 3654
f 3554 3654 3555
f 3555 3654 3655
f 3555 3655 3556
f 3556 3655 3656
f 3556 3656 3557
f 3557 3656 3657
f 3557 3657 3558
f 3558 3657 3658
f 3558 3658 3559
f 3559 3658 3659
f 3559 3659 3560
f 3560 3659 3660
f 3560 3660 3561
f 3561 3660 3661
f 3561 3661 3562
f 3562 3661 3662
f 3562 3662 3563
f 3563 3662 3663
f 3563 3663 3564
f 3564 3663 3664
f 3564 3664 3565
f 3565 3664 3665
f 3565 3665 3566
f 3566 3665 3666
f 3566 3666 3567
f 3567 3666 3667
f 3567 3667 3568
f 3568 3667 3668
f 3568 3668 3569
f 3569 3668 3669
f 3569 3669 3570
f 3570 3669 3670
f 3570 3670 3571
f 3571 3670 3671
f 3571 3671 3572
f 3572 3671 3672
f 3572 3672 3573
f 3573 3672 3673
f 3573 3673 3574
f 3574 3673 3674
f 3574 3674 3575
f 3575 3674 3675
f 3575 3675 3576
f 3576 3675 3676
f 3576 3676 3577
f 3577 3676 3677
f 3577 3677 3578
f 3578 3677 3678
f 3578 3678 3579
f 3579 3678 3679
f 3579 3679 3580
f 3580 3679 3680
f 3580 3680 3581
f 3581 3680 3681
f 3581 3681 3582
f 3582 3681 3682
f 3582 3682 3583
f 3583 3682 3683
f 3583 3683 3584
f 3584 3683 3684
f 3584 3684 3585
f 3585 3684 3685
f 3585 3685 3586
f 3586 3685 3686
f 3586 3686 3587
f 3587 3686 3687
f 3587 3687 3588
f 3588 3687 3688
f 3588 3688 3589
f 3589 3688 3689
f 3589 3689 3590
f 3590 3689 3690
f 3590 3690 3591
f 3591 3690 3691
f 3591 3691 3592
f 3592 3691 3692
f 3592 3692 3593
f 3593 3692 3693
f 3593 3693 3594
f 3594 3693 3694
f 3594 3694 3595
f 3595 3694 3695
f 3595 3695 3596
f 3596 3695 3696
f 3596 3696 3597
f 3597 3696 3697
f 3597 3697 3598
f 3598 3697 3698
f 3598 3698 3599
f 3599 3698 3699
f 3599 3699 3600
f 3600 3699 3700
f 3600 3700 3601
f 3601 3700 3701
f 3601 3701 3502
f 3502 3701 3602
f 3602 3702 3603
f 3603 3702 3703
f 3603 3703 3604
f 3604 3703 3704
f 3604 3704 3605
f 3605 3704 3705
f 3605 3705 3606
f 3606 3705 3706
f 3606 3706 3607
f 3607 3706 3707
f 3607 3707 3608
f 3608 3707 3708
f 3608 3708 3609
f 3609 3708 3709
f 3609 3709 3610
f 3610 3709 3710
f 3610 3710 3611
f 3611 3710 3711
f 3611 3711 3612
f 3612 3711 3712
f 3612 3712 3613
f 3613 3712 3713
f 3613 3713 3614
f 3614 3713 3714
f 3614 3714 3615
f 3615 3714 3715
f 3615 3715 3616
f 3616 3715 3716
f 3616 3716 3617
f 3617 3716 3717
f 3617 3717 3618
f 3618 3717 3718
f 3618 3718 3619
f 3619 3718 3719
f 3619 3719 3620
f 3620 3719 3720
f 3620 3720 3621
f 3621 3720 3721
f 3621 3721 3622
f 3622 3721 3722
f 3622 3722 3623
f 3623 3722 3723
f 3623 3723 3624
f 3624 3723 3724
f 3624 3724 3625
f 3625 3724 3725
f 3625 3725 3626
f 3626 3725 3726
f 3626 3726 3627
f 3627 3726 3727
f 3627 3727 3628
f 3628 3727 3728
f 3628 3728 3629
f 3629 3728 3729
f 3629 3729 3630
f 3630 3729 3730
f 3630 3730 3631
f 3631 3730 3731
f 3631 3731 3632
f 3632 3731 3732
f 3632 3732 3633
f 3633 3732 3733
f 3633 3733 3634
f 3634 3733 3734
f 3634 3734 3635
f 3635 3734 3735
f 3635 3735 3636
f 3636 3735 3736
f 3636 3736 3637
f 3637 3736 3737
f 3637 3737 3638
f 3638 3737 3738
f 3638 3738 3639
f 3639 3738 3739
f 3639 3739 3640
f 3640 3739 3740
f 3640 3740 3641
f 3641 3740 3741
f 3641 3741 3642
f 3642 3741 3742
f 3642 3742 3643
f 3643 3742 3743
f 3643 3743 3644
f 3644 3743 3744
f 3644 3744 3645
f 3645 3744 3745
f 3645 3745 3646
f 3646 3745 3746
f 3646 3746 3647
f 3647 3746 3747
f 3647 3747 3648
f 3648 3747 3748
f 3648 3748 3649
f 3649 3748 3749
f 3649 3749 3650
f 3650 3749 3750
f 3650 3750 3651
f 3651 3750 3751
f 3651 3751 3652
f 3652 3751 3752
f 3652 3752 3653
f 3653 3752 3753
f 3653 3753 3654
f 3654 3753 3754
f 3654 3754 3655
f 3655 3754 3755
f 3655 3755 3656
f 3656 3755 3756
f 3656 3756 3657
f 3657 3756 3757
f 3657 3757 3658
f 3658 3757 3758
f 3658 3758 3659
f 3659 3758 3759
f 3659 3759 3660
f 3660 3759 3760
f 3660 3760 3661
f 3661 3760 3761
f 3661 3761 3662
f 3662 3761 3762
f 3662 3762 3663
f 3663 3762 3763
f 3663 3763 3664
f 3664 3763 3764
f 3664 3764 3665
f 3665 3764 3765
f 3665 3765 3666
f 3666 3765 3766
f 3666 3766 3667
f 3667 3766 3767
f 3667 3767 3668
f 3668 3767 3768
f 3668 3768 3669
f 3669 3768 3769
f 3669 3769 3670
f 3670 3769 3770
f 3670 3770 3671
f 3671 3770 3771
f 3671 3771 3672
f 3672 3771 3772
f 3672 3772 3673
f 3673 3772 3773
f 3673 3773 3674
f 3674 3773 3774
f 3674 3774 3675
f 3675 3774 3775
f 3675 3775 3676
f 3676 3775 3776
f 3676 3776 3677
f 3677 3776 3777
f 3677 3777 3678
f 3678 3777 3778
f 3678 3778 3679
f 3679 3778 3779
f 3679 3779 3680
f 3680 3779 3780
f 3680 3780 3681
f 3681 3780 3781
f 3681 3781 3682
f 3682 3781 3782
f 3682 3782 3683
f 3683 3782 3783
f 3683 3783 3684
f 3684 3783 3784
f 3684 3784 3685
f 3685 3784 3785
f 3685 3785 3686
f 3686 3785 3786
f 3686 3786 3687
f 3687 3786 3787
f 3687 3787 3688
f 3688 3787 3788
f 3688 3788 3689
f 3689 3788 3789
f 3689 3789 3690
f 3690 3789 3790
f 3690 3790 3691
f 3691 3790 3791
f 3691 3791 3692
f 3692 3791 3792
f 3692 3792 3693
f 3693 3792 3793
f 3693 3793 3694
f 3694 3793 3794
f 3694 3794 3695
f 3695 3794 3795
f 3695 3795 3696
f 3696 3795 3796
f 3696 3796 3697
f 3697 3796 3797
f 3697 3797 3698
f 3698 3797 3798
f 3698 3798 3699
f 3699 3798 3799
f 3699 3799 3700
f 3700 3799 3800
f 3700 3800 3701
f 3701 3800 3801
f 3701 3801 3602
f 3602 3801 3702
f 3702 3802 3703
f 3703 3802 3803
f 3703 3803 3704
f 3704 3803 3804
f 3704 3804 3705
f 3705 3804 3805
f 3705 3805 3706
f 3706 3805 3806
f 3706 3806 3707
f 3707 3806 3807
f 3707 3807 3708
f 3708 3807 3808
f 3708 3808 3709
f 3709 3808 3809
f 3709 3809 3710
f 3710 3809 3810
f 3710 3810 3711
f 3711 3810 3811
f 3711 3811 3712
f 3712 3811 3812
f 3712 3812 3713
f 3713 3812 3813
f 3713 3813 3714
f 3714 3813 3814
f 3714 3814 3715
f 3715 3814 3815
f 3715 3815 3716
f 3716 3815 3816
f 3716 3816 3717
f 3717 3816 3817
f 3717 3817 3718
f 3718 3817 3818
f 3718 3818 3719
f 3719 3818 3819
f 3719 3819 3720
f 3720 3819 3820
f 3720 3820 3721
f 3721 3820 3821
f 3721 3821 3722
f 3722 3821 3822
f 3722 3822 3723
f 3723 3822 3823
f 3723 3823 3724
f 3724 3823 3824
f 3724 3824 3725
f 3725 3824 3825
f 3725 3825 3726
f 3726 3825 3826
f 3726 3826 3727
f 3727 3826 3827
f 3727 3827 3728
f 3728 3827 3828
f 3728 3828 3729
f 3729 3828 3829
f 3729 3829 3730
f 3730 3829 3830
f 3730 3830 3731
f 3731 3830 3831
f 3731 3831 3732
f 3732 3831 3832
f 3732 3832 3733
f 3733 3832 3833
f 3733 3833 3734
f 3734 3833 3834
f 3734 3834 3735
f 3735 3834 3835
f 3735 3835 3736
f 3736 3835 3836
f 3736 3836 3737
f 3737 3836 3837
f 3737 3837 3738
f 3738 3837 3838
f 3738 3838 3739
f 3739 3838 3839
f 3739 3839 3740
f 3740 3839 3840
f 3740 3840 3741
f 3741 3840 3841
f 3741 3841 3742
f 3742 3841 3842
f 3742 3842 3743
f 3743 3842 3843
f 3743 3843 3744
f 3744 3843 3844
f 3744 3844 3745
f 3745 3844 3845
f 3745 3845 3746
f 3746 3845 3846
f 3746 3846 3747
f 3747 3846 3847
f 3747 3847 3748
f 3748 3847 3848
f 3748 3848 3749
f 3749 3848 3849
f 3749 3849 3750
f 3750 3849 3850
f 3750 3850 3751
f 3751 3850 3851
f 3751 3851 3752
f 3752 3851 3852
f 3752 3852 3753
f 3753 3852 3853
f 3753 3853 3754
f 3754 3853 3854
f 3754 3854 3755
f 3755 3854 3855
f 3755 3855 3756
f 3756 3855 3856
f 3756 3856 3757
f 3757 3856 3857
f 3757 3857 3758
f 3758 3857 3858
f 3758 3858 3759
f 3759 3858 3859
f 3759 3859 3760
f 3760 3859 3860
f 3760 3860 3761
f 3761 3860 3861
f 3761 3861 3762
f 3762 3861 3862
f 3762 3862 3763
f 3763 3862 3863
f 3763 3863 3764
f 3764 3863 3864
f 3764 3864 3765
f 3765 3864 3865
f 3765 3865 3766
f 3766 3865 3866
f 3766 3866 3767
f 3767 3866 3867
f 3767 3867 3768
f 3768 3867 3868
f 3768 3868 3769
f 3769 3868 3869
f 3769 3869 3770
f 3770 3869 3870
f 3770 3870 3771
f 3771 3870 3871
f 3771 3871 3772
f 3772 3871 3872
f 3772 3872 3773
f 3773 3872 3873
f 3773 3873 3774
f 3774 3873 3874
f 3774 3874 3775
f 3775 3874 3875
f 3775 3875 3776
f 3776 3875 3876
f 3776 3876 3777
f 3777 3876 3877
f 3777 3877 3778
f 3778 3877 3878
f 3778 3878 3779
f 3779 3878 3879
f 3779 3879 3780
f 3780 3879 3880
f 3780 3880 3781
f 3781 3880 3881
f 3781 3881 3782
f 3782 3881 3882
f 3782 3882 3783
f 3783 3882 3883
f 3783 3883 3784
f 3784 3883 3884
f 3784 3884 3785
f 3785 3884 3885
f 3785 3885 3786
f 3786 3885 3886
f 3786 3886 3787
f 3787 3886 3887
f 3787 3887 3788
f 3788 3887 3888
f 3788 3888 3789
f 3789 3888 3889
f 3789 3889 3790
f 3790 3889 3890
f 3790 3890 3791
f 3791 3890 3891
f 3791 3891 3792
f 3792 3891 3892
f 3792 3892 3793
f 3793 3892 3893
f 3793 3893 3794
f 3794 3893 3894
f 3794 3894 3795
f 3795 3894 3895
f 3795 3895 3796
f 3796 3895 3896
f 3796 3896 3797
f 3797 3896 3897
f 3797 3897 3798
f 3798 3897 3898
f 3798 3898 3799
f 3799 3898 3899
f 3799 3899 3800
f 3800 3899 3900
f 3800 3900 3801
f 3801 3900 3901
f 3801 3901 3702
f 3702 3901 3802
f 3802 3902 3803
f 3803 3902 3903
f 3803 3903 3804
f 3804 3903 3904
f 3804 3904 3805
f 3805 3904 3905
f 3805 3905 3806
f 3806 3905 3906
f 3806 3906 3807
f 3807 3906 3907
f 3807 3907 3808
f 3808 3907 3908
f 3808 3908 3809
f 3809 3908 3909
f 3809 3909 3810
f 3810 3909 3910
f 3810 3910 3811
f 3811 3910 3911
f 3811 3911 3812
f 3812 3911 3912
f 3812 3912 3813
f 3813 3912 3913
f 3813 3913 3814
f 3814 3913 3914
f 3814 3914 3815
f 3815 3914 3915
f 3815 3915 3816
f 3816 3915 3916
f 3816 3916 3817
f 3817 3916 3917
f 3817 3917 3818
f 3818 3917 3918
f 3818 3918 3819
f 3819 3918 3919
f 3819 3919 3820
f 3820 3919 3920
f 3820 3920 3821
f 3821 3920 3921
f 3821 3921 3822
f 3822 3921 3922
f 3822 3922 3823
f 3823 3922 3923
f 3823 3923 3824
f 3824 3923 3924
f 3824 3924 3825
f 3825 3924 3925
f 3825 3925 3826
f 3826 3925 3926
f 3826 3926 3827
f 3827 3926 3927
f 3827 3927 3828
f 3828 3927 3928
f 3828 3928 3829
f 3829 3928 3929
f 3829 3929 3830
f 3830 3929 3930
f 3830 3930 3831
f 3831 3930 3931
f 3831 3931 3832
f 3832 3931 3932
f 3832 3932 3833
f 3833 3932 3933
f 3833 3933 3834
f 3834 3933 3934
f 3834 3934 3835
f 3835 3934 3935
f 3835 3935 3836
f 3836 3935 3936
f 3836 3936 3837
f 3837 3936 3937
f 3837 3937 3838
f 3838 3937 3938
f 3838 3938 3839
f 3839 3938 3939
f 3839 3939 3840
f 3840 3939 3940
f 3840 3940 3841
f 3841 3940 3941
f 3841 3941 3842
f 3842 3941 3942
f 3842 3942 3843
f 3843 3942 3943
f 3843 3943 3844
f 3844 3943 3944
f 3844 3944 3845
f 3845 3944 3945
f 3845 3945 3846
f 3846 3945 3946
f 3846 3946 3847
f 3847 3946 3947
f 3847 3947 3848
f 3848 3947 3948
f 3848 3948 3849
f 3849 3948 3949
f 3849 3949 3850
f 3850 3949 3950
f 3850 3950 3851
f 3851 3950 3951
f 3851 3951 3852
f 3852 3951 3952
f 3852 3952 3853
f 3853 3952 3953
f 3853 3953 3854
f 3854 3953 3954
f 3854 3954 3855
f 3855 3954 3955
f 3855 3955 3856
f 3856 3955 3956
f 3856 3956 3857
f 3857 3956 3957
f 3857 3957 3858
f 3858 3957 3958
f 3858 3958 3859
f 3859 3958 3959
f 3859 3959 3860
f 3860 3959 3960
f 3860 3960 3861
f 3861 3960 3961
f 3861 3961 3862
f 3862 3961 3962
f 3862 3962 3863
f 3863 3962 3963
f 3863 3963 3864
f 3864 3963 3964
f 3864 3964 3865
f 3865 3964 3965
f 3865 3965 3866
f 3866 3965 3966
f 3866 3966 3867
f 3867 3966 3967
f 3867 3967 3868
f 3868 3967 3968
f 3868 3968 3869
f 3869 3968 3969
f 3869 3969 3870
f 3870 3969 3970
f 3870 3970 3871
f 3871 3970 3971
f 3871 3971 3872
f 3872 3971 3972
f 3872 3972 3873
f 3873 3972 3973
f 3873 3973 3874
f 3874 3973 3974
f 3874 3974 3875
f 3875 3974 3975
f 3875 3975 3876
f 3876 3975 3976
f 3876 3976 3877
f 3877 3976 3977
f 3877 3977 3878
f 3878 3977 3978
f 3878 3978 3879
f 3879 3978 3979
f 3879 3979 3880
f 3880 3979 3980
f 3880 3980 3881
f 3881 3980 3981
f 3881 3981 3882
f 3882 3981 3982
f 3882 3982 3883
f 3883 3982 3983
f 3883 3983 3884
f 3884 3983 3984
f 3884 3984 3885
f 3885 3984 3985
f 3885 3985 3886
f 3886 3985 3986
f 3886 3986 3887
f 3887 3986 3987
f 3887 3987 3888
f 3888 3987 3988
f 3888 3988 3889
f 3889 3988 3989
f 3889 3989 3890
f 3890 3989 3990
f 3890 3990 3891
f 3891 3990 3991
f 3891 3991 3892
f 3892 3991 3992
f 3892 3992 3893
f 3893 3992 3993
f 3893 3993 3894
f 3894 3993 3994
f 3894 3994 3895
f 3895 3994 3995
f 3895 3995 3896
f 3896 3995 3996
f 3896 3996 3897
f 3897 3996 3997
f 3897 3997 3898
f 3898 3997 3998
f 3898 3998 3899
f 3899 3998 3999
f 3899 3999 3900
f 3900 3999 4000
f 3900 4000 3901
f 3901 4000 4001
f 3901 4001 3802
f 3802 4001 3902
f 3902 4002 3903
f 3903 4002 4003
f 3903 4003 3904
f 3904 4003 4004
f 3904 4004 3905
f 3905 4004 4005
f 3905 4005 3906
f 3906 4005 4006
f 3906 4006 3907
f 3907 4006 4007
f 3907 4007 3908
f 3908 4007 4008
f 3908 4008 3909
f 3909 4008 4009
f 3909 4009 3910
f 3910 4009 4010
f 3910 4010 3911
f 3911 4010 4011
f 3911 4011 3912
f 3912 4011 4012
f 3912 4012 3913
f 3913 4012 4013
f 3913 4013 3914
f 3914 4013 4014
f 3914 4014 3915
f 3915 4014 4015
f 3915 4015 3916
f 3916 4015 4016
f 3916 4016 3917
f 3917 4016 4017
f 3917 4017 3918
f 3918 4017 4018
f 3918 4018 3919
f 3919 4018 4019
f 3919 4019 3920
f 3920 4019 4020
f 3920 4020 3921
f 3921 4020 4021
f 3921 4021 3922
f 3922 4021 4022
f 3922 4022 3923
f 3923 4022 4023
f 3923 4023 3924
f 3924 4023 4024
f 3924 4024 3925
f 3925 4024 4025
f 3925 4025 3926
f 3926 4025 4026
f 3926 4026 3927
f 3927 4026 4027
f 3927 4027 3928
f 3928 4027 4028
f 3928 4028 3929
f 3929 4028 4029
f 3929 4029 3930
f 3930 4029 4030
f 3930 4030 3931
f 3931 4030 4031
f 3931 4031 3932
f 3932 4031 4032
f 3932 4032 3933
f 3933 4032 4033
f 3933 4033 3934
f 3934 4033 4034
f 3934 4034 3935
f 3935 4034 4035
f 3935 4035 3936
f 3936 4035 4036
f 3936 4036 3937
f 3937 4036 4037
f 3937 4037 3938
f 3938 4037 4038
f 3938 4038 3939
f 3939 4038 4039
f 3939 4039 3940
f 3940 4039 4040
f 3940 4040 3941
f 3941 4040 4041
f 3941 4041 3942
f 3942 4041 4042
f 3942 4042 3943
f 3943 4042 4043
f 3943 4043 3944
f 3944 4043 4044
f 3944 4044 3945
f 3945 4044 4045
f 3945 4045 3946
f 3946 4045 4046
f 3946 4046 3947
f 3947 4046 4047
f 3947 4047 3948
f 3948 4047 4048
f 3948 4048 3949
f 3949 4048 4049
f 3949 4049 3950
f 3950 4049 4050
f 3950 4050 3951
f 3951 4050 4051
f 3951 4051 3952
f 3952 4051 4052
f 3952 4052 3953
f 3953 4052 4053
f 3953 4053 3954
f 3954 4053 4054
f 3954 4054 3955
f 3955 4054 4055
f 3955 4055 3956
f 3956 4055 4056
f 3956 4056 3957
f 3957 4056 4057
f 3957 4057 3958
f 3958 4057 4058
f 3958 4058 3959
f 3959 4058 4059
f 3959 4059 3960
f 3960 4059 4060
f 3960 4060 3961
f 3961 4060 4061
f 3961 4061 3962
f 3962 4061 4062
f 3962 4062 3963
f 3963 4062 4063
f 3963 4063 3964
f 3964 4063 4064
f 3964 4064 3965
f 3965 4064 4065
f 3965 4065 3966
f 3966 4065 4066
f 3966 4066 3967
f 3967 4066 4067
f 3967 4067 3968
f 3968 4067 4068
f 3968 4068 3969
f 3969 4068 4069
f 3969 4069 3970
f 3970 4069 4070
f 3970 4070 3971
f 3971 4070 4071
f 3971 4071 3972
f 3972 4071 4072
f 3972 4072 3973
f 3973 4072 4073
f 3973 4073 3974
f 3974 4073 4074
f 3974 4074 3975
f 3975 4074 4075
f 3975 4075 3976
f 3976 4075 4076
f 3976 4076 3977
f 3977 4076 4077
f 3977 4077 3978
f 3978 4077 4078
f 3978 4078 3979
f 3979 4078 4079
f 3979 4079 3980
f 3980 4079 4080
f 3980 4080 3981
f 3981 4080 4081
f 3981 4081 3982
f 3982 4081 4082
f 3982 4082 3983
f 3983 4082 4083
f 3983 4083 3984
f 3984 4083 4084
f 3984 4084 3985
f 3985 4084 4085
f 3985 4085 3986
f 3986 4085 4086
f 3986 4086 3987
f 3987 4086 4087
f 3987 4087 3988
f 3988 4087 4088
f 3988 4088 3989
f 3989 4088 4089
f 3989 4089 3990
f 3990 4089 4090
f 3990 4090 3991
f 3991 4090 4091
f 3991 4091 3992
f 3992 4091 4092
f 3992 4092 3993
f 3993 4092 4093
f 3993 4093 3994
f 3994 4093 4094
f 3994 4094 3995
f 3995 4094 4095
f 3995 4095 3996
f 3996 4095 4096
f 3996 4096 3997
f 3997 4096 4097
f 3997 4097 3998
f 3998 4097 4098
f 3998 4098 3999
f 3999 4098 4099
f 3999 4099 4000
f 4000 4099 4100
f 4000 4100 4001
f 4001 4100 4101
f 4001 4101 3902
f 3902 4101 4002
f 4002 4102 4003
f 4003 4102 4103
f 4003 4103 4004
f 4004 4103 4104
f 4004 4104 4005
f 4005 4104 4105
f 4005 4105 4006
f 4006 4105 4106
f 4006 4106 4007
f 4007 4106 4107
f 4007 4107 4008
f 4008 4107 4108
f 4008 4108 4009
f 4009 4108 4109
f 4009 4109 4010
f 4010 4109 4110
f 4010 4110 4011
f 4011 4110 4111
f 4011 4111 4012
f 4012 4111 4112
f 4012 4112 4013
f 4013 4112 4113
f 4013 4113 4014
f 4014 4113 4114
f 4014 4114 4015
f 4015 4114 4115
f 4015 4115 4016
f 4016 4115 4116
f 4016 4116 4017
f 4017 4116 4117
f 4017 4117 4018
f 4018 4117 4118
f 4018 4118 4019
f 4019 4118 4119
f 4019 4119 4020
f 4020 4119 4120
f 4020 4120 4021
f 4021 4120 4121
f 4021 4121 4022
f 4022 4121 4122
f 4022 4122 4023
f 4023 4122 4123
f 4023 4123 4024
f 4024 4123 4124
f 4024 4124 4025
f 4025 4124 4125
f 4025 4125 4026
f 4026 4125 4126
f 4026 4126 4027
f 4027 4126 4127
f 4027 4127 4028
f 4028 4127 4128
f 4028 4128 4029
f 4029 4128 4129
f 4029 4129 4030
f 4030 4129 4130
f 4030 4130 4031
f 4031 4130 4131
f 4031 4131 4032
f 4032 4131 4132
f 4032 4132 4033
f 4033 4132 4133
f 4033 4133 4034
f 4034 4133 4134
f 4034 4134 4035
f 4035 4134 4135
f 4035 4135 4036
f 4036 4135 4136
f 4036 4136 4037
f 4037 4136 4137
f 4037 4137 4038
f 4038 4137 4138
f 4038 4138 4039
f 4039 4138 4139
f 4039 4139 4040
f 4040 4139 4140
f 4040 4140 4041
f 4041 4140 4141
f 4041 4141 4042
f 4042 4141 4142
f 4042 4142 4043
f 4043 4142 4143
f 4043 4143 4044
f 4044 4143 4144
f 4044 4144 4045
f 4045 4144 4145
f 4045 4145 4046
f 4046 4145 4146
f 4046 4146 4047
f 4047 4146 4147
f 4047 4147 4048
f 4048 4147 4148
f 4048 4148 4049
f 4049 4148 4149
f 4049 4149 4050
f 4050 4149 4150
f 4050 4150 4051
f 4051 4150 4151
f 4051 4151 4052
f 4052 4151 4152
f 4052 4152 4053
f 4053 4152 4153
f 4053 4153 4054
f 4054 4153 4154
f 4054 4154 4055
f 4055 4154 4155
f 4055 4155 4056
f 4056 4155 4156
f 4056 4156 4057
f 4057 4156 4157
f 4057 4157 4058
f 4058 4157 4158
f 4058 4158 4059
f 4059 4158 4159
f 4059 4159 4060
f 4060 4159 4160
f 4060 4160 4061
f 4061 4160 4161
f 4061 4161 4062
f 4062 4161 4162
f 4062 4162 4063
f 4063 4162 4163
f 4063 4163 4064
f 4064 4163 4164
f 4064 4164 4065
f 4065 4164 4165
f 4065 4165 4066
f 4066 4165 4166
f 4066 4166 4067
f 4067 4166 4167
f 4067 4167 4068
f 4068 4167 4168
f 4068 4168 4069
f 4069 4168 4169
f 4069 4169 4070
f 4070 4169 4170
f 4070 4170 4071
f 4071 4170 4171
f 4071 4171 4072
f 4072 4171 4172
f 4072 4172 4073
f 4073 4172 4173
f 4073 4173 4074
f 4074 4173 4174
f 4074 4174 4075
f 4075 4174 4175
f 4075 4175 4076
f 4076 4175 4176
f 4076 4176 4077
f 4077 4176 4177
f 4077 4177 4078
f 4078 4177 4178
f 4078 4178 4079
f 4079 4178 4179
f 4079 4179 4080
f 4080 4179 4180
f 4080 4180 4081
f 4081 4180 4181
f 4081 4181 4082
f 4082 4181 4182
f 4082 4182 4083
f 4083 4182 4183
f 4083 4183 4084
f 4084 4183 4184
f 4084 4184 4085
f 4085 4184 4185
f 4085 4185 4086
f 4086 4185 4186
f 4086 4186 4087
f 4087 4186 4187
f 4087 4187 4088
f 4088 4187 4188
f 4088 4188 4089
f 4089 4188 4189
f 4089 4189 4090
f 4090 4189 4190
f 4090 4190 4091
f 4091 4190 4191
f 4091 4191 4092
f 4092 4191 4192
f 4092 4192 4093
f 4093 4192 4193
f 4093 4193 4094
f 4094 4193 4194
f 4094 4194 4095
f 4095 4194 4195
f 4095 4195 4096
f 4096 4195 4196
f 4096 4196 4097
f 4097 4196 4197
f 4097 4197 4098
f 4098 4197 4198
f 4098 4198 4099
f 4099 4198 4199
f 4099 4199 4100
f 4100 4199 4200
f 4100 4200 4101
f 4101 4200 4201
f 4101 4201 4002
f 4002 4201 4102
f 4102 4202 4103
f 4103 4202 4203
f 4103 4203 4104
f 4104 4203 4204
f 4104 4204 4105
f 4105 4204 4205
f 4105 4205 4106
f 4106 4205 4206
f 4106 4206 4107
f 4107 4206 4207
f 4107 4207 4108
f 4108 4207 4208
f 4108 4208 4109
f 4109 4208 4209
f 4109 4209 4110
f 4110 4209 4210
f 4110 4210 4111
f 4111 4210 4211
f 4111 4211 4112
f 4112 4211 4212
f 4112 4212 4113
f 4113 4212 4213
f 4113 4213 4114
f 4114 4213 4214
f 4114 4214 4115
f 4115 4214 4215
f 4115 4215 4116
f 4116 4215 4216
f 4116 4216 4117
f 4117 4216 4217
f 4117 4217 4118
f 4118 4217 4218
f 4118 4218 4119
f 4119 4218 4219
f 4119 4219 4120
f 4120 4219 4220
f 4120 4220 4121
f 4121 4220 4221
f 4121 4221 4122
f 4122 4221 4222
f 4122 4222 4123
f 4123 4222 4223
f 4123 4223 4124
f 4124 4223 4224
f 4124 4224 4125
f 4125 4224 4225
f 4125 4225 4126
f 4126 4225 4226
f 4126 4226 4127
f 4127 4226 4227
f 4127 4227 4128
f 4128 4227 4228
f 4128 4228 4129
f 4129 4228 4229
f 4129 4229 4130
f 4130 4229 4230
f 4130 4230 4131
f 4131 4230 4231
f 4131 4231 4132
f 4132 4231 4232
f 4132 4232 4133
f 4133 4232 4233
f 4133 4233 4134
f 4134 4233 4234
f 4134 4234 4135
f 4135 4234 4235
f 4135 4235 4136
f 4136 4235 4236
f 4136 4236 4137
f 4137 4236 4237
f 4137 4237 4138
f 4138 4237 4238
f 4138 4238 4139
f 4139 4238 4239
f 4139 4239 4140
f 4140 4239 4240
f 4140 4240 4141
f 4141 4240 4241
f 4141 4241 4142
f 4142 4241 4242
f 4142 4242 4143
f 4143 4242 4243
f 4143 4243 4144
f 4144 4243 4244
f 4144 4244 4145
f 4145 4244 4245
f 4145 4245 4146
f 4146 4245 4246
f 4146 4246 4147
f 4147 4246 4247
f 4147 4247 4148
f 4148 4247 4248
f 4148 4248 4149
f 4149 4248 4249
f 4149 4249 4150
f 4150 4249 4250
f 4150 4250 4151
f 4151 4250 4251
f 4151 4251 4152
f 4152 4251 4252
f 4152 4252 4153
f 4153 4252 4253
f 4153 4253 4154
f 4154 4253 4254
f 4154 4254 4155
f 4155 4254 4255
f 4155 4255 4156
f 4156 4255 4256
f 4156 4256 4157
f 4157 4256 4257
f 4157 4257 4158
f 4158 4257 4258
f 4158 4258 4159
f 4159 4258 4259
f 4159 4259 4160
f 4160 4259 4260
f 4160 4260 4161
f 4161 4260 4261
f 4161 4261 4162
f 4162 4261 4262
f 4162 4262 4163
f 4163 4262 4263
f 4163 4263 4164
f 4164 4263 4264
f 4164 4264 4165
f 4165 4264 4265
f 4165 4265 4166
f 4166 4265 4266
f 4166 4266 4167
f 4167 4266 4267
f 4167 4267 4168
f 4168 4267 4268
f 4168 4268 4169
f 4169 4268 4269
f 4169 4269 4170
f 4170 4269 4270
f 4170 4270 4171
f 4171 4270 4271
f 4171 4271 4172
f 4172 4271 4272
f 4172 4272 4173
f 4173 4272 4273
f 4173 4273 4174
f 4174 4273 4274
f 4174 4274 4175
f 4175 4274 4275
f 4175 4275 4176
f 4176 4275 4276
f 4176 4276 4177
f 4177 4276 4277
f 4177 4277 4178
f 4178 4277 4278
f 4178 4278 4179
f 4179 4278 4279
f 4179 4279 4180
f 4180 4279 4280
f 4180 4280 4181
f 4181 4280 4281
f 4181 4281 4182
f 4182 4281 4282
f 4182 4282 4183
f 4183 4282 4283
f 4183 4283 4184
f 4184 4283 4284
f 4184 4284 4185
f 4185 4284 4285
f 4185 4285 4186
f 4186 4285 4286
f 4186 4286 4187
f 4187 4286 4287
f 4187 4287 4188
f 4188 4287 4288
f 4188 4288 4189
f 4189 4288 4289
f 4189 4289 4190
f 4190 4289 4290
f 4190 4290 4191
f 4191 4290 4291
f 4191 4291 4192
f 4192 4291 4292
f 4192 4292 4193
f 4193 4292 4293
f 4193 4293 4194
f 4194 4293 4294
f 4194 4294 4195
f 4195 4294 4295
f 4195 4295 4196
f 4196 4295 4296
f 4196 4296 4197
f 4197 4296 4297
f 4197 4297 4198
f 4198 4297 4298
f 4198 4298 4199
f 4199 4298 4299
f 4199 4299 4200
f 4200 4299 4300
f 4200 4300 4201
f 4201 4300 4301
f 4201 4301 4102
f 4102 4301 4202
f 4202 4302 4203
f 4203 4302 4303
f 4203 4303 4204
f 4204 4303 4304
f 4204 4304 4205
f 4205 4304 4305
f 4205 4305 4206
f 4206 4305 4306
f 4206 4306 4207
f 4207 4306 4307
f 4207 4307 4208
f 4208 4307 4308
f 4208 4308 4209
f 4209 4308 4309
f 4209 4309 4210
f 4210 4309 4310
f 4210 4310 4211
f 4211 4310 4311
f 4211 4311 4212
f 4212 4311 4312
f 4212 4312 4213
f 4213 4312 4313
f 4213 4313 4214
f 4214 4313 4314
f 4214 4314 4215
f 4215 4314 4315
f 4215 4315 4216
f 4216 4315 4316
f 4216 4316 4217
f 4217 4316 4317
f 4217 4317 4218
f 4218 4317 4318
f 4218 4318 4219
f 4219 4318 4319
f 4219 4319 4220
f 4220 4319 4320
f 4220 4320 4221
f 4221 4320 4321
f 4221 4321 4222
f 4222 4321 4322
f 4222 4322 4223
f 4223 4322 4323
f 4223 4323 4224
f 4224 4323 4324
f 4224 4324 4225
f 4225 4324 4325
f 4225 4325 4226
f 4226 4325 4326
f 4226 4326 4227
f 4227 4326 4327
f 4227 4327 4228
f 4228 4327 4328
f 4228 4328 4229
f 4229 4328 4329
f 4229 4329 4230
f 4230 4329 4330
f 4230 4330 4231
f 4231 4330 4331
f 4231 4331 4232
f 4232 4331 4332
f 4232 4332 4233
f 4233 4332 4333
f 4233 4333 4234
f 4234 4333 4334
f 4234 4334 4235
f 4235 4334 4335
f 4235 4335 4236
f 4236 4335 4336
f 4236 4336 4237
f 4237 4336 4337
f 4237 4337 4238
f 4238 4337 4338
f 4238 4338 4239
f 4239 4338 4339
f 4239 4339 4240
f 4240 4339 4340
f 4240 4340 4241
f 4241 4340 4341
f 4241 4341 4242
f 4242 4341 4342
f 4242 4342 4243
f 4243 4342 4343
f 4243 4343 4244
f 4244 4343 4344
f 4244 4344 4245
f 4245 4344 4345
f 4245 4345 4246
f 4246 4345 4346
f 4246 4346 4247
f 4247 4346 4347
f 4247 4347 4248
f 4248 4347 4348
f 4248 4348 4249
f 4249 4348 4349
f 4249 4349 4250
f 4250 4349 4350
f 4250 4350 4251
f 4251 4350 4351
f 4251 4351 4252
f 4252 4351 4352
f 4252 4352 4253
f 4253 4352 4353
f 4253 4353 4254
f 4254 4353 4354
f 4254 4354 4255
f 4255 4354 4355
f 4255 4355 4256
f 4256 4355 4356
f 4256 4356 4257
f 4257 4356 4357
f 4257 4357 4258
f 4258 4357 4358
f 4258 4358 4259
f 4259 4358 4359
f 4259 4359 4260
f 4260 4359 4360
f 4260 4360 4261
f 4261 4360 4361
f 4261 4361 4262
f 4262 4361 4362
f 4262 4362 4263
f 4263 4362 4363
f 4263 4363 4264
f 4264 4363 4364
f 4264 4364 4265
f 4265 4364 4365
f 4265 4365 4266
f 4266 4365 4366
f 4266 4366 4267
f 4267 4366 4367
f 4267 4367 4268
f 4268 4367 4368
f 4268 4368 4269
f 4269 4368 4369
f 4269 4369 4270
f 4270 4369 4370
f 4270 4370 4271
f 4271 4370 4371
f 4271 4371 4272
f 4272 4371 4372
f 4272 4372 4273
f 4273 4372 4373
f 4273 4373 4274
f 4274 4373 4374
f 4274 4374 4275
f 4275 4374 4375
f 4275 4375 4276
f 4276 4375 4376
f 4276 4376 4277
f 4277 4376 4377
f 4277 4377 4278
f 4278 4377 4378
f 4278 4378 4279
f 4279 4378 4379
f 4279 4379 4280
f 4280 4379 4380
f 4280 4380 4281
f 4281 4380 4381
f 4281 4381 4282
f 4282 4381 4382
f 4282 4382 4283
f 4283 4382 4383
f 4283 4383 4284
f 4284 4383 4384
f 4284 4384 4285
f 4285 4384 4385
f 4285 4385 4286
f 4286 4385 4386
f 4286 4386 4287
f 4287 4386 4387
f 4287 4387 4288
f 4288 4387 4388
f 4288 4388 4289
f 4289 4388 4389
f 4289 4389 4290
f 4290 4389 4390
f 4290 4390 4291
f 4291 4390 4391
f 4291 4391 4292
f 4292 4391 4392
f 4292 4392 4293
f 4293 4392 4393
f 4293 4393 4294
f 4294 4393 4394
f 4294 4394 4295
f 4295 4394 4395
f 4295 4395 4296
f 4296 4395 4396
f 4296 4396 4297
f 4297 4396 4397
f 4297 4397 4298
f 4298 4397 4398
f 4298 4398 4299
f 4299 4398 4399
f 4299 4399 4300
f 4300 4399 4400
f 4300 4400 4301
f 4301 4400 4401
f 4301 4401 4202
f 4202 4401 4302
f 4302 4402 4303
f 4303 4402 4403
f 4303 4403 4304
f 4304 4403 4404
f 4304 4404 4305
f 4305 4404 4405
f 4305 4405 4306
f 4306 4405 4406
f 4306 4406 4307
f 4307 4406 4407
f 4307 4407 4308
f 4308 4407 4408
f 4308 4408 4309
f 4309 4408 4409
f 4309 4409 4310
f 4310 4409 4410
f 4310 4410 4311
f 4311 4410 4411
f 4311 4411 4312
f 4312 4411 4412
f 4312 4412 4313
f 4313 4412 4413
f 4313 4413 4314
f 4314 4413 4414
f 4314 4414 4315
f 4315 4414 4415
f 4315 4415 4316
f 4316 4415 4416
f 4316 4416 4317
f 4317 4416 4417
f 4317 4417 4318
f 4318 4417 4418
f 4318 4418 4319
f 4319 4418 4419
f 4319 4419 4320
f 4320 4419 4420
f 4320 4420 4321
f 4321 4420 4421
f 4321 4421 4322
f 4322 4421 4422
f 4322 4422 4323
f 4323 4422 4423
f 4323 4423 4324
f 4324 4423 4424
f 4324 4424 4325
f 4325 4424 4425
f 4325 4425 4326
f 4326 4425 4426
f 4326 4426 4327
f 4327 4426 4427
f 4327 4427 4328
f 4328 4427 4428
f 4328 4428 4329
f 4329 4428 4429
f 4329 4429 4330
f 4330 4429 4430
f 4330 4430 4331
f 4331 4430 4431
f 4331 4431 4332
f 4332 4431 4432
f 4332 4432 4333
f 4333 4432 4433
f 4333 4433 4334
f 4334 4433 4434
f 4334 4434 4335
f 4335 4434 4435
f 4335 4435 4336
f 4336 4435 4436
f 4336 4436 4337
f 4337 4436 4437
f 4337 4437 4338
f 4338 4437 4438
f 4338 4438 4339
f 4339 4438 4439
f 4339 4439 4340
f 4340 4439 4440
f 4340 4440 4341
f 4341 4440 4441
f 4341 4441 4342
f 4342 4441 4442
f 4342 4442 4343
f 4343 4442 4443
f 4343 4443 4344
f 4344 4443 4444
f 4344 4444 4345
f 4345 4444 4445
f 4345 4445 4346
f 4346 4445 4446
f 4346 4446 4347
f 4347 4446 4447
f 4347 4447 4348
f 4348 4447 4448
f 4348 4448 4349
f 4349 4448 4449
f 4349 4449 4350
f 4350 4449 4450
f 4350 4450 4351
f 4351 4450 4451
f 4351 4451 4352
f 4352 4451 4452
f 4352 4452 4353
f 4353 4452 4453
f 4353 4453 4354
f 4354 4453 4454
f 4354 4454 4355
f 4355 4454 4455
f 4355 4455 4356
f 4356 4455 4456
f 4356 4456 4357
f 4357 4456 4457
f 4357 4457 4358
f 4358 4457 4458
f 4358 4458 4359
f 4359 4458 4459
f 4359 4459 4360
f 4360 4459 4460
f 4360 4460 4361
f 4361 4460 4461
f 4361 4461 4362
f 4362 4461 4462
f 4362 4462 4363
f 4363 4462 4463
f 4363 4463 4364
f 4364 4463 4464
f 4364 4464 4365
f 4365 4464 4465
f 4365 4465 4366
f 4366 4465 4466
f 4366 4466 4367
f 4367 4466 4467
f 4367 4467 4368
f 4368 4467 4468
f 4368 4468 4369
f 4369 4468 4469
f 4369 4469 4370
f 4370 4469 4470
f 4370 4470 4371
f 4371 4470 4471
f 4371 4471 4372
f 4372 4471 4472
f 4372 4472 4373
f 4373 4472 4473
f 4373 4473 4374
f 4374 4473 4474
f 4374 4474 4375
f 4375 4474 4475
f 4375 4475 4376
f 4376 4475 4476
f 4376 4476 4377
f 4377 4476 4477
f 4377 4477 4378
f 4378 4477 4478
f 4378 4478 4379
f 4379 4478 4479
f 4379 4479 4380
f 4380 4479 4480
f 4380 4480 4381
f 4381 4480 4481
f 4381 4481 4382
f 4382 4481 4482
f 4382 4482 4383
f 4383 4482 4483
f 4383 4483 4384
f 4384 4483 4484
f 4384 4484 4385
f 4385 4484 4485
f 4385 4485 4386
f 4386 4485 4486
f 4386 4486 4387
f 4387 4486 4487
f 4387 4487 4388
f 4388 4487 4488
f 4388 4488 4389
f 4389 4488 4489
f 4389 4489 4390
f 4390 4489 4490
f 4390 4490 4391
f 4391 4490 4491
f 4391 4491 4392
f 4392 4491 4492
f 4392 4492 4393
f 4393 4492 4493
f 4393 4493 4394
f 4394 4493 4494
f 4394 4494 4395
f 4395 4494 4495
f 4395 4495 4396
f 4396 4495 4496
f 4396 4496 4397
f 4397 4496 4497
f 4397 4497 4398
f 4398 4497 4498
f 4398 4498 4399
f 4399 4498 4499
f 4399 4499 4400
f 4400 4499 4500
f 4400 4500 4401
f 4401 4500 4501
f 4401 4501 4302
f 4302 4501 4402
f 4402 4502 4403
f 4403 4502 4503
f 4403 4503 4404
f 4404 4503 4504
f 4404 4504 4405
f 4405 4504 4505
f 4405 4505 4406
f 4406 4505 4506
f 4406 4506 4407
f 4407 4506 4507
f 4407 4507 4408
f 4408 4507 4508
f 4408 4508 4409
f 4409 4508 4509
f 4409 4509 4410
f 4410 4509 4510
f 4410 4510 4411
f 4411 4510 4511
f 4411 4511 4412
f 4412 4511 4512
f 4412 4512 4413
f 4413 4512 4513
f 4413 4513 4414
f 4414 4513 4514
f 4414 4514 4415
f 4415 4514 4515
f 4415 4515 4416
f 4416 4515 4516
f 4416 4516 4417
f 4417 4516 4517
f 4417 4517 4418
f 4418 4517 4518
f 4418 4518 4419
f 4419 4518 4519
f 4419 4519 4420
f 4420 4519 4520
f 4420 4520 4421
f 4421 4520 4521
f 4421 4521 4422
f 4422 4521 4522
f 4422 4522 4423
f 4423 4522 4523
f 4423 4523 4424
f 4424 4523 4524
f 4424 4524 4425
f 4425 4524 4525
f 4425 4525 4426
f 4426 4525 4526
f 4426 4526 4427
f 4427 4526 4527
f 4427 4527 4428
f 4428 4527 4528
f 4428 4528 4429
f 4429 4528 4529
f 4429 4529 4430
f 4430 4529 4530
f 4430 4530 4431
f 4431 4530 4531
f 4431 4531 4432
f 4432 4531 4532
f 4432 4532 4433
f 4433 4532 4533
f 4433 4533 4434
f 4434 4533 4534
f 4434 4534 4435
f 4435 4534 4535
f 4435 4535 4436
f 4436 4535 4536
f 4436 4536 4437
f 4437 4536 4537
f 4437 4537 4438
f 4438 4537 4538
f 4438 4538 4439
f 4439 4538 4539
f 4439 4539 4440
f 4440 4539 4540
f 4440 4540 4441
f 4441 4540 4541
f 4441 4541 4442
f 4442 4541 4542
f 4442 4542 4443
f 4443 4542 4543
f 4443 4543 4444
f 4444 4543 4544
f 4444 4544 4445
f 4445 4544 4545
f 4445 4545 4446
f 4446 4545 4546
f 4446 4546 4447
f 4447 4546 4547
f 4447 4547 4448
f 4448 4547 4548
f 4448 4548 4449
f 4449 4548 4549
f 4449 4549 4450
f 4450 4549 4550
f 4450 4550 4451
f 4451 4550 4551
f 4451 4551 4452
f 4452 4551 4552
f 4452 4552 4453
f 4453 4552 4553
f 4453 4553 4454
f 4454 4553 4554
f 4454 4554 4455
f 4455 4554 4555
f 4455 4555 4456
f 4456 4555 4556
f 4456 4556 4457
f 4457 4556 4557
f 4457 4557 4458
f 4458 4557 4558
f 4458 4558 4459
f 4459 4558 4559
f 4459 4559 4460
f 4460 4559 4560
f 4460 4560 4461
f 4461 4560 4561
f 4461 4561 4462
f 4462 4561 4562
f 4462 4562 4463
f 4463 4562 4563
f 4463 4563 4464
f 4464 4563 4564
f 4464 4564 4465
f 4465 4564 4565
f 4465 4565 4466
f 4466 4565 4566
f 4466 4566 4467
f 4467 4566 4567
f 4467 4567 4468
f 4468 4567 4568
f 4468 4568 4469
f 4469 4568 4569
f 4469 4569 4470
f 4470 4569 4570
f 4470 4570 4471
f 4471 4570 4571
f 4471 4571 4472
f 4472 4571 4572
f 4472 4572 4473
f 4473 4572 4573
f 4473 4573 4474
f 4474 4573 4574
f 4474 4574 4475
f 4475 4574 4575
f 4475 4575 4476
f 4476 4575 4576
f 4476 4576 4477
f 4477 4576 4577
f 4477 4577 4478
f 4478 4577 4578
f 4478 4578 4479
f 4479 4578 4579
f 4479 4579 4480
f 4480 4579 4580
f 4480 4580 4481
f 4481 4580 4581
f 4481 4581 4482
f 4482 4581 4582
f 4482 4582 4483
f 4483 4582 4583
f 4483 4583 4484
f 4484 4583 4584
f 4484 4584 4485
f 4485 4584 4585
f 4485 4585 4486
f 4486 4585 4586
f 4486 4586 4487
f 4487 4586 4587
f 4487 4587 4488
f 4488 4587 4588
f 4488 4588 4489
f 4489 4588 4589
f 4489 4589 4490
f 4490 4589 4590
f 4490 4590 4491
f 4491 4590 4591
f 4491 4591 4492
f 4492 4591 4592
f 4492 4592 4493
f 4493 4592 4593
f 4493 4593 4494
f 4494 4593 4594
f 4494 4594 4495
f 4495 4594 4595
f 4495 4595 4496
f 4496 4595 4596
f 4496 4596 4497
f 4497 4596 4597
f 4497 4597 4498
f 4498 4597 4598
f 4498 4598 4499
f 4499 4598 4599
f 4499 4599 4500
f 4500 4599 4600
f 4500 4600 4501
f 4501 4600 4601
f 4501 4601 4402
f 4402 4601 4502
f 4502 4602 4503
f 4503 4602 4603
f 4503 4603 4504
f 4504 4603 4604
f 4504 4604 4505
f 4505 4604 4605
f 4505 4605 4506
f 4506 4605 4606
f 4506 4606 4507
f 4507 4606 4607
f 4507 4607 4508
f 4508 4607 4608
f 4508 4608 4509
f 4509 4608 4609
f 4509 4609 4510
f 4510 4609 4610
f 4510 4610 4511
f 4511 4610 4611
f 4511 4611 4512
f 4512 4611 4612
f 4512 4612 4513
f 4513 4612 4613
f 4513 4613 4514
f 4514 4613 4614
f 4514 4614 4515
f 4515 4614 4615
f 4515 4615 4516
f 4516 4615 4616
f 4516 4616 4517
f 4517 4616 4617
f 4517 4617 4518
f 4518 4617 4618
f 4518 4618 4519
f 4519 4618 4619
f 4519 4619 4520
f 4520 4619 4620
f 4520 4620 4521
f 4521 4620 4621
f 4521 4621 4522
f 4522 4621 4622
f 4522 4622 4523
f 4523 4622 4623
f 4523 4623 4524
f 4524 4623 4624
f 4524 4624 4525
f 4525 4624 4625
f 4525 4625 4526
f 4526 4625 4626
f 4526 4626 4527
f 4527 4626 4627
f 4527 4627 4528
f 4528 4627 4628
f 4528 4628 4529
f 4529 4628 4629
f 4529 4629 4530
f 4530 4629 4630
f 4530 4630 4531
f 4531 4630 4631
f 4531 4631 4532
f 4532 4631 4632
f 4532 4632 4533
f 4533 4632 4633
f 4533 4633 4534
f 4534 4633 4634
f 4534 4634 4535
f 4535 4634 4635
f 4535 4635 4536
f 4536 4635 4636
f 4536 4636 4537
f 4537 4636 4637
f 4537 4637 4538
f 4538 4637 4638
f 4538 4638 4539
f 4539 4638 4639
f 4539 4639 4540
f 4540 4639 4640
f 4540 4640 4541
f 4541 4640 4641
f 4541 4641 4542
f 4542 4641 4642
f 4542 4642 4543
f 4543 4642 4643
f 4543 4643 4544
f 4544 4643 4644
f 4544 4644 4545
f 4545 4644 4645
f 4545 4645 4546
f 4546 4645 4646
f 4546 4646 4547
f 4547 4646 4647
f 4547 4647 4548
f 4548 4647 4648
f 4548 4648 4549
f 4549 4648 4649
f 4549 4649 4550
f 4550 4649 4650
f 4550 4650 4551
f 4551 4650 4651
f 4551 4651 4552
f 4552 4651 4652
f 4552 4652 4553
f 4553 4652 4653
f 4553 4653 4554
f 4554 4653 4654
f 4554 4654 4555
f 4555 4654 4655
f 4555 4655 4556
f 4556 4655 4656
f 4556 4656 4557
f 4557 4656 4657
f 4557 4657 4558
f 4558 4657 4658
f 4558 4658 4559
f 4559 4658 4659
f 4559 4659 4560
f 4560 4659 4660
f 4560 4660 4561
f 4561 4660 4661
f 4561 4661 4562
f 4562 4661 4662
f 4562 4662 4563
f 4563 4662 4663
f 4563 4663 4564
f 4564 4663 4664
f 4564 4664 4565
f 4565 4664 4665
f 4565 4665 4566
f 4566 4665 4666
f 4566 4666 4567
f 4567 4666 4667
f 4567 4667 4568
f 4568 4667 4668
f 4568 4668 4569
f 4569 4668 4669
f 4569 4669 4570
f 4570 4669 4670
f 4570 4670 4571
f 4571 4670 4671
f 4571 4671 4572
f 4572 4671 4672
f 4572 4672 4573
f 4573 4672 4673
f 4573 4673 4574
f 4574 4673 4674
f 4574 4674 4575
f 4575 4674 4675
f 4575 4675 4576
f 4576 4675 4676
f 4576 4676 4577
f 4577 4676 4677
f 4577 4677 4578
f 4578 4677 4678
f 4578 4678 4579
f 4579 4678 4679
f 4579 4679 4580
f 4580 4679 4680
f 4580 4680 4581
f 4581 4680 4681
f 4581 4681 4582
f 4582 4681 4682
f 4582 4682 4583
f 4583 4682 4683
f 4583 4683 4584
f 4584 4683 4684
f 4584 4684 4585
f 4585 4684 4685
f 4585 4685 4586
f 4586 4685 4686
f 4586 4686 4587
f 4587 4686 4687
f 4587 4687 4588
f 4588 4687 4688
f 4588 4688 4589
f 4589 4688 4689
f 4589 4689 4590
f 4590 4689 4690
f 4590 4690 4591
f 4591 4690 4691
f 4591 4691 4592
f 4592 4691 4692
f 4592 4692 4593
f 4593 4692 4693
f 4593 4693 4594
f 4594 4693 4694
f 4594 4694 4595
f 4595 4694 4695
f 4595 4695 4596
f 4596 4695 4696
f 4596 4696 4597
f 4597 4696 4697
f 4597 4697 4598
f 4598 4697 4698
f 4598 4698 4599
f 4599 4698 4699
f 4599 4699 4600
f 4600 4699 4700
f 4600 4700 4601
f 4601 4700 4701
f 4601 4701 4502
f 4502 4701 4602
f 4602 4702 4603
f 4603 4702 4703
f 4603 4703 4604
f 4604 4703 4704
f 4604 4704 4605
f 4605 4704 4705
f 4605 4705 4606
f 4606 4705 4706
f 4606 4706 4607
f 4607 4706 4707
f 4607 4707 4608
f 4608 4707 4708
f 4608 4708 4609
f 4609 4708 4709
f 4609 4709 4610
f 4610 4709 4710
f 4610 4710 4611
f 4611 4710 4711
f 4611 4711 4612
f 4612 4711 4712
f 4612 4712 4613
f 4613 4712 4713
f 4613 4713 4614
f 4614 4713 4714
f 4614 4714 4615
f 4615 4714 4715
f 4615 4715 4616
f 4616 4715 4716
f 4616 4716 4617
f 4617 4716 4717
f 4617 4717 4618
f 4618 4717 4718
f 4618 4718 4619
f 4619 4718 4719
f 4619 4719 4620
f 4620 4719 4720
f 4620 4720 4621
f 4621 4720 4721
f 4621 4721 4622
f 4622 4721 4722
f 4622 4722 4623
f 4623 4722 4723
f 4623 4723 4624
f 4624 4723 4724
f 4624 4724 4625
f 4625 4724 4725
f 4625 4725 4626
f 4626 4725 4726
f 4626 4726 4627
f 4627 4726 4727
f 4627 4727 4628
f 4628 4727 4728
f 4628 4728 4629
f 4629 4728 4729
f 4629 4729 4630
f 4630 4729 4730
f 4630 4730 4631
f 4631 4730 4731
f 4631 4731 4632
f 4632 4731 4732
f 4632 4732 4633
f 4633 4732 4733
f 4633 4733 4634
f 4634 4733 4734
f 4634 4734 4635
f 4635 4734 4735
f 4635 4735 4636
f 4636 4735 4736
f 4636 4736 4637
f 4637 4736 4737
f 4637 4737 4638
f 4638 4737 4738
f 4638 4738 4639
f 4639 4738 4739
f 4639 4739 4640
f 4640 4739 4740
f 4640 4740 4641
f 4641 4740 4741
f 4641 4741 4642
f 4642 4741 4742
f 4642 4742 4643
f 4643 4742 4743
f 4643 4743 4644
f 4644 4743 4744
f 4644 4744 4645
f 4645 4744 4745
f 4645 4745 4646
f 4646 4745 4746
f 4646 4746 4647
f 4647 4746 4747
f 4647 4747 4648
f 4648 4747 4748
f 4648 4748 4649
f 4649 4748 4749
f 4649 4749 4650
f 4650 4749 4750
f 4650 4750 4651
f 4651 4750 4751
f 4651 4751 4652
f 4652 4751 4752
f 4652 4752 4653
f 4653 4752 4753
f 4653 4753 4654
f 4654 4753 4754
f 4654 4754 4655
f 4655 4754 4755
f 4655 4755 4656
f 4656 4755 4756
f 4656 4756 4657
f 4657 4756 4757
f 4657 4757 4658
f 4658 4757 4758
f 4658 4758 4659
f 4659 4758 4759
f 4659 4759 4660
f 4660 4759 4760
f 4660 4760 4661
f 4661 4760 4761
f 4661 4761 4662
f 4662 4761 4762
f 4662 4762 4663
f 4663 4762 4763
f 4663 4763 4664
f 4664 4763 4764
f 4664 4764 4665
f 4665 4764 4765
f 4665 4765 4666
f 4666 4765 4766
f 4666 4766 4667
f 4667 4766 4767
f 4667 4767 4668
f 4668 4767 4768
f 4668 4768 4669
f 4669 4768 4769
f 4669 4769 4670
f 4670 4769 4770
f 4670 4770 4671
f 4671 4770 4771
f 4671 4771 4672
f 4672 4771 4772
f 4672 4772 4673
f 4673 4772 4773
f 4673 4773 4674
f 4674 4773 4774
f 4674 4774 4675
f 4675 4774 4775
f 4675 4775 4676
f 4676 4775 4776
f 4676 4776 4677
f 4677 4776 4777
f 4677 4777 4678
f 4678 4777 4778
f 4678 4778 4679
f 4679 4778 4779
f 4679 4779 4680
f 4680 4779 4780
f 4680 4780 4681
f 4681 4780 4781
f 4681 4781 4682
f 4682 4781 4782
f 4682 4782 4683
f 4683 4782 4783
f 4683 4783 4684
f 4684 4783 4784
f 4684 4784 4685
f 4685 4784 4785
f 4685 4785 4686
f 4686 4785 4786
f 4686 4786 4687
f 4687 4786 4787
f 4687 4787 4688
f 4688 4787 4788
f 4688 4788 4689
f 4689 4788 4789
f 4689 4789 4690
f 4690 4789 4790
f 4690 4790 4691
f 4691 4790 4791
f 4691 4791 4692
f 4692 4791 4792
f 4692 4792 4693
f 4693 4792 4793
f 4693 4793 4694
f 4694 4793 4794
f 4694 4794 4695
f 4695 4794 4795
f 4695 4795 4696
f 4696 4795 4796
f 4696 4796 4697
f 4697 4796 4797
f 4697 4797 4698
f 4698 4797 4798
f 4698 4798 4699
f 4699 4798 4799
f 4699 4799 4700
f 4700 4799 4800
f 4700 4800 4701
f 4701 4800 4801
f 4701 4801 4602
f 4602 4801 4702
f 4702 4802 4703
f 4703 4802 4704
f 4704 4802 4705
f 4705 4802 4706
f 4706 4802 4707
f 4707 4802 4708
f 4708 4802 4709
f 4709 4802 4710
f 4710 4802 4711
f 4711 4802 4712
f 4712 4802 4713
f 4713 4802 4714
f 4714 4802 4715
f 4715 4802 4716
f 4716 4802 4717
f 4717 4802 4718
f 4718 4802 4719
f 4719 4802 4720
f 4720 4802 4721
f 4721 4802 4722
f 4722 4802 4723
f 4723 4802 4724
f 4724 4802 4725
f 4725 4802 4726
f 4726 4802 4727
f 4727 4802 4728
f 4728 4802 4729
f 4729 4802 4730
f 4730 4802 4731
f 4731 4802 4732
f 4732 4802 4733
f 4733 4802 4734
f 4734 4802 4735
f 4735 4802 4736
f 4736 4802 4737
f 4737 4802 4738
f 4738 4802 4739
f 4739 4802 4740
f 4740 4802 4741
f 4741 4802 4742
f 4742 4802 4743
f 4743 4802 4744
f 4744 4802 4745
f 4745 4802 4746
f 4746 4802 4747
f 4747 4802 4748
f 4748 4802 4749
f 4749 4802 4750
f 4750 4802 4751
f 4751 4802 4752
f 4752 4802 4753
f 4753 4802 4754
f 4754 4802 4755
f 4755 4802 4756
f 4756 4802 4757
f 4757 4802 4758
f 4758 4802 4759
f 4759 4802 4760
f 4760 4802 4761
f 4761 4802 4762
f 4762 4802 4763
f 4763 4802 4764
f 4764 4802 4765
f 4765 4802 4766
f 4766 4802 4767
f 4767 4802 4768
f 4768 4802 4769
f 4769 4802 4770
f 4770 4802 4771
f 4771 4802 4772
f 4772 4802 4773
f 4773 4802 4774
f 4774 4802 4775
f 4775 4802 4776
f 4776 4802 4777
f 4777 4802 4778
f 4778 4802 4779
f 4779 4802 4780
f 4780 4802 4781
f 4781 4802 4782
f 4782 4802 4783
f 4783 4802 4784
f 4784 4802 4785
f 4785 4802 4786
f 4786 4802 4787
f 4787 4802 4788
f 4788 4802 4789
f 4789 4802 4790
f 4790 4802 4791
f 4791 4802 4792
f 4792 4802 4793
f 4793 4802 4794
f 4794 4802 4795
f 4795 4802 4796
f 4796 4802 4797
f 4797 4802 4798
f 4798 4802 4799
f 4799 4802 4800
f 4800 4802 4801
f 4801 4802 4702
