1	Aker_Bo_28	0.7777721033348579	1.5610654520708462	-0.28212524411279655	-9.18860598694907	63.51606464738823	1.766762418589661	15.855777201028662	68.23248527702076	1.5717952919658273E-4	-0.3577718734741211	0.03110169037241004	0.700764377699485	87.51268647491041	255,0,255	NA	""
2	Aker_Bo_02	0.7964481397314188	1.533585944717351	-0.3117074646630449	-10.225021059938097	62.555471819324936	1.755954735362763	12.6797030003742	59.3462504879629	1.5769129095133394E-4	-0.358540803194046	0.019983536756917244	0.6337106071916259	15.366883867218341	255,0,255	NA	""
3	Aker_Bo_03	0.8127747717019315	1.530273553589166	-0.28213602545796623	-9.248184795384656	62.0258711158832	1.7555457029626882	9.912474353645727	59.018987822953626	1.5735943452455103E-4	-0.35864123702049255	0.02772704967967958	0.6032165942945853	5.228178542492427	255,0,255	NA	""
4	Aker_Bo_04	0.8187189268138476	1.5147259307313048	-0.30871245300255823	-10.16474992821901	61.60849829389311	1.7492851983001207	15.061991655819984	53.64471891269588	1.5790027100592852E-4	-0.3597280979156494	0.023723266335033688	1.0	-101.3009738024122	255,0,255	NA	""
5	Aker_Bo_05	0.7913590152594278	1.5624629638389012	-0.21283750228698242	-6.928695001172977	63.138617094343935	1.7643240651253318	8.431371076751232	69.86303614663755	1.5559501480311155E-4	-0.35713842511177063	0.005193637417063047	0.9441103259856268	-25.811054177396286	255,0,255	NA	""
6	Aker_Bo_06	0.8055407890964463	1.5342237404676702	-0.21639491844730852	-7.118172163178316	62.29838056528336	1.7463004350462012	13.138259887695312	66.31159210205075	1.5559922030661255E-4	-0.3576485812664032	0.01132200595786304	0.3810233904619142	18.904655812888624	255,0,255	NA	""
7	Aker_Bo_07	0.816606120762517	1.5013180024295556	-0.19093767541006426	-6.374791920890341	61.45707442484635	1.719668135652015	24.325407678735786	58.81626605033162	1.5496776904910803E-4	-0.36022600531578064	0.005213231294681899	1.0	44.096492426391706	255,0,255	NA	""
8	Aker_Bo_08	0.7493755526115871	1.6191393689361626	-0.11092530416632157	-3.557658739324764	65.16419724975854	1.7875906796566452	10.958609210086454	85.4633017485685	1.544741535326466E-4	-0.35499659180641174	0.007665565785848973	0.7405054696022255	-48.36546849527516	255,0,255	NA	""
9	Aker_Bo_09	0.7456025008020277	1.6199974565861026	-0.12201485373751385	-3.914028450931306	65.28578733186266	1.7875129294861805	8.322195394769853	85.19753378515453	1.5465660544577986E-4	-0.35505419969558716	0.004164335183327737	1.0	48.49730918992897	255,0,255	NA	""
10	Aker_Bo_10	0.7573978537216048	1.61391126087668	-0.10435771835139643	-3.350042335073262	64.85964605143718	1.785847585933961	6.657116414811402	83.65605865102955	1.542418758617714E-4	-0.3551499545574188	0.004971988642626403	1.0	-31.134478625704137	255,0,255	NA	""
11	Aker_Bo_11	0.7657490670681	1.6070679426193237	-0.07319428026676178	-2.3544606275711484	64.52274680890268	1.7816835882316873	10.250062881531509	87.51135056408424	1.5351423644460738E-4	-0.35475531220436096	0.007126238085819405	1.0	17.183957629944707	255,0,255	NA	""
12	Aker_Bo_23	0.7612122710739513	1.616929505018553	-0.05781123822777968	-1.8527741458113798	64.79005001779042	1.788084809257809	9.908247947692871	91.27970123291021	1.5319455997087061E-4	-0.3539830446243286	0.006440335430443487	1.0	-67.46613189651791	255,0,255	NA	""
13	Aker_Bo_13	0.7617940919985066	1.614921767864466	-0.0732594437483789	-2.3494325268461407	64.74571808759146	1.7870840777715644	12.09635227608884	89.37011166906875	1.539137156214565E-4	-0.35484984517097473	0.004150959853705463	1.0	-29.20829779422124	255,0,255	NA	""
14	Aker_Bo_14	0.7868457842205727	1.5996238868903192	-0.04347004591196077	-1.3968668080045854	63.80769256743013	1.7832028803664963	9.595752705734702	93.02955592696833	1.5237205661833286E-4	-0.35379713773727417	0.007440720424943742	1.0	-48.57812496145632	255,0,255	NA	""
15	Aker_Bo_15	0.7180121455441769	1.6474401571507378	-0.10526256567204512	-3.352171693674172	66.4507406353797	1.8001890790341057	10.31456050582215	91.97571342262695	1.5440347488038242E-4	-0.35386204719543457	0.009187258638406921	1.0	-18.398127943176576	255,0,255	NA	""
16	Aker_Bo_16	0.6239439281959872	1.678619041609413	0.14684139584066463	4.687557097311817	69.60986277974092	1.7968389766250004	29.646550189888238	127.62623209872268	1.5035702381283045E-4	-0.350323885679245	0.006340395865627506	1.0	12.394714879425655	255,0,255	NA	""
17	Aker_Bo_17	0.8713274532599244	1.3991692974038974	-0.339678756988504	-11.644414325643462	58.08756805691701	1.6829343158755177	16.85379994333225	24.320198679882154	1.586598518770188E-4	-0.3647812306880951	0.007477108497857454	1.0	40.95774593875292	255,0,255	NA	""
18	Aker_Bo_18	0.8672854271966159	1.4088896016211654	-0.3436464075864759	-11.734181822063592	58.38434429670384	1.6897475477807191	19.267232421151853	26.451999462777984	1.583354896865785E-4	-0.3640887141227722	0.0049019478091782325	1.0	30.262627556300156	255,0,255	NA	""
19	Aker_Bo_19	0.8700938689834882	1.4065391475697286	-0.35509794702325403	-12.11757031373842	58.25880706528775	1.691599913238637	19.857847542126375	20.104595489270153	1.5908839122857898E-4	-0.3647668659687042	0.006278172122956704	1.0	50.57840593267848	255,0,255	NA	""
20	Aker_Bo_20	0.8878707651598894	1.3638939965391796	-0.3622302833455136	-12.54825342928656	56.93658742559732	1.667252862523797	26.384863264934737	5.653378428518557	1.5977962175384164E-4	-0.36809733510017395	0.009524034328005453	1.0	18.42594528759238	255,0,255	NA	""
21	Aker_Bo_21	0.8797365011874112	1.3424704525314066	-0.4071135528827393	-14.232713178660143	56.7627083705502	1.6558697631100565	14.216918945312502	-11.294434547424315	1.615939982002601E-4	-0.369791716337204	0.011939012918667764	0.45243198342600044	20.220482881414668	255,0,255	NA	""
22	Aker_Bo_22	0.8241706146439134	1.4559564641733758	-0.4081502157074193	-13.709915917746539	60.48718073710492	1.7221071471289984	18.453042639799467	37.235878396718576	1.5991747204679996E-4	-0.3622046113014221	0.011831198384918591	0.5111360435971238	41.2403570362556	255,0,255	NA	""
23	Aker_Bo_23	0.8770720894301636	1.3921802310519267	-0.35589185922684274	-12.204608137592949	57.789115176886874	1.6834726790931678	20.023847108773488	20.10190352083981	1.593959314050153E-4	-0.36561375856399536	0.005884922702980148	1.0	31.387226213486638	255,0,255	NA	""
24	Aker_Bo_24	0.879716830807979	1.3864228366725295	-0.35252601925100585	-12.117275271984644	57.603943716840426	1.679388156056514	20.86327658941128	18.24342754945498	1.5888824418652803E-4	-0.36620062589645386	0.0037092353766357993	1.0	18.593712791422234	255,0,255	NA	""
25	Aker_Outcrop_01	0.8788032956323929	1.147854634365173	0.05449504230969364	2.158812250296142	52.562149351546864	1.4466634728520298	30.236978679962085	-108.82126154562546	1.5295235789380968E-4	-0.38679829239845276	0.013078678038181094	0.8101551296491534	-7.094594316509751	0,0,0	NA	""
26	Aker_Outcrop_02	0.8339968012127744	1.2022518393757056	0.11266685066645504	4.403098261221975	55.25112532873371	1.4675332939850136	54.94179096799311	-54.791389497737875	1.5225545212160796E-4	-0.3844063878059387	0.01022833565011872	1.0	-107.89815049356254	0,0,0	NA	""
27	Im_Bo_21	0.5880273463598948	1.7683617671917742	0.13144141034355505	4.034515225053859	71.60666082037301	1.8681960132935134	30.905799683766354	153.61344658431844	1.4660610759165138E-4	-0.3452538549900055	0.01346153235330938	0.8202254475503585	-41.13345601291783	0,102,204	NA	""
28	Aker_BP_02	0.59695422734213	1.7545336059113255	0.12419966523862425	3.833955623328587	71.20988412242822	1.8574628073421078	16.2159676531165	141.8083876324152	1.485763641539961E-4	-0.34706348180770874	0.003704943437768305	0.5434736330495636	-41.0223461817768	0,102,204	NA	""
29	Aker_BP_03	0.5924064006666743	1.7552121910987675	0.11426367663019246	3.5295988332994255	71.34980814825572	1.856009527758311	28.81283378601075	137.63162231445318	1.4886143617331982E-4	-0.34747856855392456	0.0042656269498923365	0.7951851196445523	-78.38133807087219	0,102,204	NA	""
30	Aker_BP_04	0.6041033773527036	1.7447686841039334	0.15364736745579596	4.75690729122412	70.90225639750176	1.8527725616180768	32.11565648490571	152.1022898003939	1.4672052930109203E-4	-0.3456822335720062	0.00508788014259681	0.7820852816656461	-40.353212449033144	0,102,204	NA	""
31	Aker_BP_05	0.6039489950237504	1.7481119458559098	0.12870317145287308	3.9806868942293434	70.9406622667124	1.853972564569487	14.021429061889647	140.6894073486328	1.485763641539961E-4	-0.34706348180770874	0.00379229713937467	0.7345796953434063	-50.11260267321763	0,102,204	NA	""
32	Aker_BP_06	0.5932897394174927	1.758109797861013	0.12241645109587389	3.7745796622562167	71.35257705259467	1.8595506348932467	24.200185775756843	145.87948608398438	1.4777033356949687E-4	-0.34640994668006897	0.0027042402389184923	0.8502916930757529	-75.21710555300383	0,102,204	NA	""
33	Aker_BP_07	0.5984475791149855	1.759066842531858	0.14167955480999636	4.360398580936969	71.21131500616069	1.863472231533045	24.200185775756843	145.87948608398438	1.4777033356949687E-4	-0.34640994668006897	0.0034582632340188495	1.0	-63.02046140255668	0,102,204	NA	""
34	Aker_Ourcrop_03	0.9087591600901421	1.3130818859371927	-0.3430061640312509	-12.122797836705224	55.31362364033554	1.6333035476565734	25.235088083301243	-9.919883097476989	1.594937057234347E-4	-0.37058019638061523	0.029865162880225393	0.40506843582421587	-50.275510099362926	0,0,0	NA	""
35	Aker_Bo_25	0.8155769568373772	1.52293735845866	-0.25380108936197343	-8.357654130128243	61.82966409040132	1.7461153923136017	7.881786293716098	60.97869029548806	1.5660130884498358E-4	-0.3587145209312439	0.01666723628904203	0.5206043596658004	30.42273194199656	255,0,255	NA	""
36	Aker_Bo_22	0.7453098721681336	1.6202825379073218	-0.12168340221433968	-3.9031307764401486	65.29815627286868	1.7876266832236332	8.904399874775264	85.58348706390052	1.5465660544577986E-4	-0.35505419969558716	0.005423683038181708	1.0	56.755098990234856	255,0,255	NA	""
37	Aker_Bo_27	0.6335002029599244	1.6324579790182818	0.18935464443781252	6.171789661318976	68.79049789697903	1.7612770201705605	18.75546455383301	116.40804290771486	1.502870727563277E-4	-0.35136833786964417	0.00698288877785034	0.7531796638401717	17.828596574198425	255,0,255	NA	""
38	Aker_Bo_26	0.6269015317859511	1.6376222551705957	0.20621881392621386	6.707355866542002	69.052551926372	1.7655985898280318	28.337934306099385	121.60092057728284	1.4965419541113079E-4	-0.3512652516365051	0.005570071127584349	1.0	-51.96233427187957	255,0,255	NA	""
39	Anubis_Bo_01	-1.1345195613776808	-1.3571299227064781	-0.05044419600857791	-1.6334949257945512	230.10539690221563	1.7695990730006752	6.16337714361877	-39.38458506110363	1.636782253626734E-4	-0.3744560778141022	0.01597216589408346	1.0	65.67688248383955	255,0,255	NA	""
40	Anubis_Bo_02	-1.1779493372976328	-1.3553237172574866	-0.05164939422719894	-1.6475521543375304	229.0051917448789	1.7964227452703387	8.792831619975749	-43.235277922185205	1.6309888451360166E-4	-0.3749862611293793	0.016554522797275695	1.0	42.185045903431345	255,0,255	NA	""
41	Anubis_Bo_03	-1.5195896791367671	-1.3513820543598607	0.1753031134415906	4.926992302870233	221.64692552103423	2.0411069132623054	18.669636678452093	2.033043570102587	1.5423512377310544E-4	-0.3668866455554962	0.0124237113469881	1.0	45.05337377548857	255,0,255	NA	""
42	Anubis_Bo_04	-1.4837831258773804	-1.3518478274345398	0.13550833612680435	3.8621211739866284	222.33608213085796	2.0118318573722282	10.090937383079991	0.5143138440075025	1.5550365787930787E-4	-0.3679227828979492	0.03912033502230236	0.606102945693499	39.6294869229039	255,0,255	NA	""
43	Anubis_Bo_05	-1.4135540127754211	-1.3737600445747375	0.16320350766181946	4.733119637964273	224.18205430412695	1.9778743620403703	15.274713554330965	12.02428561111713	1.5691677981521934E-4	-0.3655330538749695	0.051823429514987564	0.7087244900833316	8.818549378216396	255,0,255	NA	""
44	Anubis_Bo_06	-1.526177957883665	-1.3544102893727417	0.19679274528391882	5.5087579528846025	221.58752934565499	2.049969213350554	20.24332716450541	10.166949258937185	1.5436849207617342E-4	-0.36607638001441956	0.007217533906748825	1.0	-7.054565765468689	255,0,255	NA	""
45	Anubis_Bo_07	-1.4698185152780083	-1.3589413905240835	0.15898971658989552	4.54115673674781	222.75536237855306	2.008075173073686	12.353563756832784	2.981993150406382	1.5618428005836904E-4	-0.3674640655517578	0.009952232321002062	1.0	1.8857047224770167	255,0,255	NA	""
46	Anubis_Bo_08	-1.5412363944879812	-1.3448073426976492	0.16617519226704713	4.644560072534621	221.10635655916616	2.0522014051239745	15.43353650097545	2.192918234924613	1.5321090177167207E-4	-0.36702534556388855	0.006805480222917404	0.6776634779420897	40.93408515949357	255,0,255	NA	""
47	Anubis_Bo_09	-1.2230297327041626	-1.3751997351646423	0.1830231472849846	5.679328015313451	228.35180202438073	1.8494522192036806	13.362515129473795	-8.730300526797837	1.6112785669974983E-4	-0.3694630265235901	0.009286441994770954	0.8718132515515693	-29.88156259787633	255,0,255	NA	""
48	Anubis_Bo_10	-1.1748910546302795	-1.3779762387275696	0.18014530092477798	5.6811452579594945	229.54840359590983	1.8197911512570086	19.116858661394716	-7.999250660057583	1.6142807726282626E-4	-0.3692280352115631	0.008042960291904449	0.9406276715421681	-7.479426191221783	255,0,255	NA	""
49	Anubis_Bo_12	-1.2339016202362065	-1.3706344187914272	0.16080366589133704	4.983202925637095	228.00515213415196	1.8512184466889212	8.71990788504963	-12.233726958064729	1.6108482668641955E-4	-0.36998218297958374	0.007382223840016841	1.0	11.854072027753654	255,0,255	NA	""
50	Anubis_Bo_13	-1.2441755618176291	-1.3698595987634965	0.15124329443792778	4.672364656816226	227.75268810782651	1.8567074845169171	9.538438294052671	-14.460864152210881	1.6107590636238456E-4	-0.37037283182144165	0.004531222843956266	1.0	16.08004991854033	255,0,255	NA	""
51	Anubis_Bo_14	-1.2242315655120641	-1.371653889679604	0.1630811910255733	5.068992051743433	228.25037985781572	1.8457445093879128	11.41468512242536	-13.057455578665378	1.6119792417157441E-4	-0.36990731954574585	0.008305471784935932	0.719624867000758	69.709139968251	255,0,255	NA	""
52	Anubis_Bo_15	-1.1711770231880247	-1.3544855629803199	-0.10821204587336422	-3.4583519715229487	229.15115708443847	1.7938775339575932	2.7649339525941303	-44.44323151374616	1.6331642109435052E-4	-0.3752155900001526	0.014050245782565413	1.0	19.390730256536976	255,0,255	NA	""
53	Anubis_Bo_16	-1.1855570673942566	-1.3638386726379395	0.04021698981523514	1.2749082061484007	229.0002345800184	1.8075449901181118	10.750216442754821	-36.938116567737055	1.6272733046207577E-4	-0.37394073605537415	0.014457144338203953	1.0	-34.87114758177161	255,0,255	NA	""
54	Anubis_Bo_17	-1.201740618187275	-1.3523524076786662	-0.10543130541601142	-3.335230087604809	228.3747550296434	1.8122233052571484	6.9179228496810845	-43.34331894323489	1.6225194849539548E-4	-0.37479156255722046	0.009134496600853274	0.8334485720483862	50.812261951898186	255,0,255	NA	""
55	Anubis_Bo_18	-1.2017711466763144	-1.3534265455027095	-0.08230659025506479	-2.6036647448990378	228.3966189288753	1.8118475868169808	4.741533176323637	-45.251083649770386	1.6239545948337764E-4	-0.3753240704536438	0.010135051370081862	1.0	39.00942878050705	255,0,255	NA	""
56	Anubis_Bo_19	-1.2374828457832336	-1.357483148574829	-0.00835902476683259	-0.2607322234848611	227.64767098293922	1.8368979736412836	4.609282840636838	-44.42242825209402	1.613083586562425E-4	-0.3747156858444214	0.011042949215140775	1.0	6.826385614498563	255,0,255	NA	""
57	Anubis_Bo_20	-1.1324431014886363	-1.3562245549034875	-0.14339999549349647	-4.640024511661498	230.13822814655333	1.7726635270518483	7.806474805657194	-45.20287388940336	1.639415422687307E-4	-0.37525179982185364	0.023074946312523936	1.0	-12.28985916127152	255,0,255	NA	""
58	Anubis_Bo_21	-1.0208602589031248	-1.3820638344678784	0.020565543446231654	0.6857488212902215	233.5486032986165	1.71833612902978	22.62851395476359	-32.50564713170337	1.6363589384127408E-4	-0.37342989444732666	0.012527910316445469	1.0	-39.77828757095447	255,0,255	NA	""
59	Anubis_Bo_22	-1.012469611544213	-1.3866606153322218	0.020017900890058823	0.6679800136029087	233.86496681172872	1.7170681677703044	28.346627766029243	-29.693090513468565	1.6363589384127408E-4	-0.37342989444732666	0.014703323937524366	0.8367528028985164	-129.20716819533044	255,0,255	NA	""
60	Anubis_Bo_23	-1.0236619940052891	-1.372478290121245	0.005323760137396362	0.17815121893309127	233.28260850672302	1.712194170427823	13.794353531084623	-37.86136397039439	1.6403185145463794E-4	-0.37409818172454834	0.009549917579016432	1.0	14.931463886544414	255,0,255	NA	""
61	Anubis_Bo_24	-1.0196084099929204	-1.3722284981662358	-0.0024549587413962883	-0.0822774689250589	233.38650409216316	1.709566725147128	11.253802258274739	-38.42851704602644	1.6434770077466965E-4	-0.37449097633361816	0.006448547588347031	1.0	17.954086158059656	255,0,255	NA	""
62	Anubis_Bo_25	-1.0167367458343506	-1.3756952285766602	0.004155879141762853	0.139195736576246	233.5329599029149	1.7106455634028503	14.424417611896402	-37.43883519808181	1.6412808327004313E-4	-0.37420856952667236	0.007002490871129373	1.0	-168.82673879128342	255,0,255	NA	""
63	Anubis_Bo_26	-1.1197656481765201	-1.358096455032568	0.05186113649254595	1.6876299805644712	230.4940391240777	1.7609629937867828	8.668948173522951	-39.18375396728515	1.6348996723536402E-4	-0.3743727505207062	0.01049975082622881	0.4492703992964582	-44.30302095869044	255,0,255	NA	""
64	Anubis_Bo_27	-1.0980883254258935	-1.3703413731382592	0.09655056972526645	3.147089098207452	231.29394296345606	1.7586800339701836	16.543228404449728	-24.422518853953513	1.6279955161735415E-4	-0.3717881143093109	0.009042017340645506	1.0	-58.97396883642382	255,0,255	NA	""
65	Anubis_Bo_28	-1.017673615544405	-1.3933834110135495	0.033857588411618844	1.1241405160317839	233.85704579472366	1.725781925434389	30.488500595092784	-24.661083221435547	1.6280308773275465E-4	-0.37182992696762085	0.009958786864046758	1.0	-102.84864110252443	255,0,255	NA	""
66	Anubis_Bo_29	-1.0363617984456925	-1.3818286844818342	0.03940396792640513	1.3068463120026013	233.13036015771226	1.7277294241931322	22.628354869955665	-28.959007235455537	1.6345891344826669E-4	-0.373130202293396	0.008534867806114548	1.0	2.384810421456165	255,0,255	NA	""
67	Anubis_Bo_30	-1.017094612121582	-1.3676441311836243	-0.023389468900859356	-0.7862266365282239	233.36242068419764	1.7045465634071797	6.10620251938084	-40.89315237183097	1.6464792133774608E-4	-0.3747464716434479	0.008183734199910855	1.0	-11.585262714406877	255,0,255	NA	""
68	Anubis_Bo_31	-1.0707721532694952	-1.3553753546780287	-0.16857846221141085	-5.5741870068797015	231.6905975067555	1.7355155009989243	12.53858156580378	-53.37279618096893	1.6522205260116607E-4	-0.37651726603507996	0.01124508351107071	0.6364557511238099	45.296366290914094	255,0,255	NA	""
69	Anubis_Bo_32	-0.9998797581246297	-1.3388206542243661	-0.21462371389666227	-7.319067472373144	233.24629219692395	1.6847146979390677	6.698014562899321	-60.857352477178736	1.664556621108204E-4	-0.3780044913291931	0.00962578021539736	0.8340503139468332	17.50912998962415	255,0,255	NA	""
70	Anubis_Bo_33	-0.8888210218735845	-1.3364275646776547	-0.19772056566817686	-7.022883268908774	236.37321965020064	1.6171378625963817	3.7761187250307637	-63.48904964606952	1.6755415708757937E-4	-0.37860947847366333	0.015493930383008196	1.0	33.11501333645122	255,0,255	NA	""
71	Anubis_Bo_34	-0.8633356337111967	-1.3145715307614503	-0.32445692452464386	-11.656759158670303	236.70537314916396	1.6058390398156368	9.647728402414842	-67.60049518341569	1.6896937449928373E-4	-0.3793621361255646	0.008740548186704559	1.0	40.74684684687052	255,0,255	NA	""
72	Anubis_Bo_35	-0.8236239662712768	-1.3086913101070652	-0.322473907561286	-11.779973315939895	237.81576926795037	1.5795628521917133	3.8573413893852404	-71.18402733122112	1.6934955783654004E-4	-0.3799315392971039	0.005771964725577725	0.8628997916787826	15.897138163709558	255,0,255	NA	""
73	Anubis_Bo_36	-0.8578220009803772	-1.3012691140174866	-0.3758293092250824	-13.557276821234428	236.60634947920227	1.6032490642861563	10.20397059816196	-68.8080827767691	1.6939140914473683E-4	-0.3792286813259125	0.007652504982240672	0.9228135071037236	-50.27979187872051	255,0,255	NA	""
74	Anubis_Bo_37	-0.7838058595164052	-1.2873822251648197	-0.3932192599768958	-14.622015911436034	238.66540064082557	1.557666846761319	3.88082555248429	-73.66144191910851	1.7044198466464877E-4	-0.3804333806037903	0.01367775522140861	1.0	45.73632711158531	255,0,255	NA	""
75	Anubis_Bo_38	-0.7833341033027462	-1.2264276367031925	-0.5439013718817223	-20.493356472090056	237.43313886002292	1.5535655016127627	3.5142918324300045	-83.19654669425735	1.7309417307842523E-4	-0.3823045492172241	0.0052130344978129775	0.8292240030857344	-15.987973840252094	255,0,255	NA	""
76	Anubis_Bo_39	-0.5090531275831434	-1.275534069756822	-0.47534540542159415	-19.0916658938314	248.24354303206073	1.4532981470668709	10.714946197801183	-44.90092587372556	1.6873280401341617E-4	-0.37538641691207886	0.01647352919384696	0.8248183770402431	-31.02722733547767	255,0,255	NA	""
77	Anubis_Bo_40	-0.7829236865616268	-1.1976834225126172	-0.6152913333228165	-23.268154543955443	236.82742078918704	1.5575617176866392	6.277660088389356	-79.42576222516755	1.74342974787578E-4	-0.3817448616027832	0.012119913902972103	0.989868022118257	18.40495689098811	255,0,255	NA	""
78	Anubis_Bo_41	-0.7740760648627488	-1.2095904138205769	-0.5883259666260346	-22.277794579815016	237.38283369129624	1.5519117779070082	5.960590318531361	-82.40686574269654	1.7381118959747255E-4	-0.3821042776107788	0.0074678641941608335	1.0	-41.69350446273984	255,0,255	NA	""
79	Anubis_Bo_42	-0.6387834499167057	-1.139469232320831	-0.7549126454631165	-30.023571799811588	240.72512477783565	1.5087503204882622	6.618542496582599	-60.868056066550956	1.789224916137755E-4	-0.3789197504520416	0.012733279137000845	0.9674498362114149	55.44892102537754	255,0,255	NA	""
80	Anubis_Bo_43	-0.6746282320886742	-1.147694566387381	-0.728387097087178	-28.684386688605947	239.552491761768	1.5175222675299676	8.497121812150581	-64.75330543543329	1.7823875532485545E-4	-0.3795236349105835	0.008756545420305541	0.9017539809025052	20.132506480505196	255,0,255	NA	""
81	Anubis_Bo_44	-0.6900631775801449	-1.146323281751454	-0.7277238525978152	-28.541293514530317	238.95291918321686	1.5230975874766648	12.362542742820475	-66.67847704429163	1.7789180856198072E-4	-0.37993523478507996	0.010223257499287723	0.9377708526563685	33.40106914173921	255,0,255	NA	""
82	Anubis_Bo_45	-1.507977871809979	-1.3720613119865903	0.24954552716239248	6.9783226470012725	222.29806741820653	2.0539772335266213	24.052218621094976	35.039803728093496	1.5424097364302725E-4	-0.3625861406326294	0.01047636429279413	1.0	-98.70621209569941	255,0,255	NA	""
83	Anubis_Bo_46	-1.5815037488937378	-1.354029893875122	0.27583667635917664	7.547108582165948	220.56901737300942	2.1001516453097615	21.782316474675213	41.48125324736494	1.5241425717249513E-4	-0.3613724410533905	0.006728353439474377	0.7520250808660874	-14.135075834184983	255,0,255	NA	""
84	Anubis_Bo_47	-1.5986700654029846	-1.363213837146759	0.3176204711198807	8.596742089914677	220.45480589463463	2.1248483963516995	24.39997673034668	56.93901443481446	1.516293123131618E-4	-0.35881736874580383	0.005781575970638873	0.9633883957003215	-93.17362827060526	255,0,255	NA	""
85	Anubis_Bo_48	-1.5401155150463395	-1.3633492161039957	0.2649740622223719	7.340669822666297	221.5160666892291	2.07385827345758	24.141618039175913	38.1405970950742	1.5334066119976342E-4	-0.36197203397750854	0.008454079190472637	0.5948905790678367	-118.85121868536606	255,0,255	NA	""
86	Anubis_Bo_49	-1.446800172328949	-1.3675057888031006	0.18128623813390732	5.203106396395838	223.38609166011736	1.9990416506911033	14.20474151730655	11.226352423472596	1.564856356708333E-4	-0.3662841022014618	0.005838519805084915	1.0	-19.74375394516922	255,0,255	NA	""
87	Anubis_Bo_50	-1.484409487938314	-1.354501577860454	0.15792382687323833	4.493529368462343	222.37998616719892	2.01570979741679	14.265438343860067	0.7697428571091408	1.5567330410704017E-4	-0.3679143488407135	0.00538670429972146	1.0	-132.34956926026123	255,0,255	NA	""
88	Anubis_Bo_51	-1.5044602155685425	-1.3657785654067993	0.2137286737561226	6.004571395968163	222.2337846520006	2.043142573571103	25.17442495431313	17.32509911539567	1.545123668620363E-4	-0.36473017930984497	0.013873999857801682	1.0	-121.16308369161298	255,0,255	NA	""
89	Anubis_Bo_52	-1.3591512441635132	-1.3793532252311707	0.16942045837640762	5.0000434928976505	225.42266400133533	1.9438648914426462	17.96816408505617	3.832452950809364	1.5816189988981932E-4	-0.3667454719543457	0.009153484370254485	1.0	9.235889006786149	255,0,255	NA	""
90	Anubis_Bo_53	-1.3692176897411248	-1.3812062008435504	-0.04967642134323365	-1.463153043866568	225.24973850071964	1.9454961829790793	20.835609285344695	-16.60145687142797	1.5661807265132666E-4	-0.3688700795173645	0.008252787167995667	0.9034212358166129	-4.16570036310869	255,0,255	NA	""
91	Anubis_Bo_54	-1.1229704021167994	-1.3514628557531045	-0.2949640932343878	-9.529209960649014	230.27580686523888	1.7817177640715962	14.342129182833974	-29.768311478107737	1.6420469910372049E-4	-0.3727705478668213	0.010998494894848164	1.0	-174.33331349223434	255,0,255	NA	""
92	Anubis_Bo_55	-1.1194957494735718	-1.3514223098754883	-0.2783634215593338	-9.013291329145607	230.36221491557382	1.7768227787769983	14.835177883259895	-33.878121852057355	1.6412300465162843E-4	-0.3732282519340515	0.009866458049262844	1.0	-175.55886469863094	255,0,255	NA	""
93	Anubis_Bo_56	-1.1478145122528076	-1.3534114956855774	-0.2928396761417389	-9.370355597909809	229.69906194550063	1.7985983173334787	12.250456090579354	-29.296796599457792	1.6386184142902493E-4	-0.37281936407089233	0.006205522268387896	1.0	10.243115638986726	255,0,255	NA	""
94	Anubis_Bo_57	-1.2858302610222874	-1.3808208302317495	-0.2058445187919486	-6.226173043995976	227.04010882822368	1.897998311716644	18.42985870682172	-17.802574243468523	1.5940942103043199E-4	-0.3698922395706177	0.007658330314097479	0.7931262824976462	-116.25703142827287	255,0,255	NA	""
95	Anubis_Bo_58	-1.2897835019551533	-1.3777134784988552	-0.2554385356630569	-7.70820097700278	226.88798451134355	1.904438173387312	16.970342636108406	-11.697825431823736	1.5943171456456184E-4	-0.3691881597042084	0.0064703220802539724	0.7168250648573794	-145.58337111601833	255,0,255	NA	""
96	Anubis_Bo_59	-1.3047136441730252	-1.385738524675901	-0.2194969264054097	-6.578541496035168	226.72498178038722	1.9159143646738548	18.67517866282314	-13.411161597168311	1.5867537877056748E-4	-0.36889833211898804	0.005306269792762633	0.9546698579131333	-136.428921848468	255,0,255	NA	""
97	Anubis_Bo_60	-1.199459649838079	-1.354606961580213	-0.1784816114071938	-5.633733609148897	228.47617266728776	1.8181086759492053	12.1588077545166	-40.634895324707024	1.6252843488473445E-4	-0.37457093596458435	0.006665026205682299	0.780252182672273	-141.59158043680426	255,0,255	NA	""
98	Anubis_Bo_61	-1.2033841609954834	-1.369519293308258	0.10957267507910728	3.4394642116833207	228.6945208850588	1.8263960974559559	12.199381033634861	-23.768585962296385	1.6191956819966435E-4	-0.37178879976272583	0.00644087071058079	1.0	-46.88260428785124	255,0,255	NA	""
99	Anubis_Bo_62	-1.2226369380950928	-1.364360272884369	0.07059244066476822	2.2066545285630355	228.1356973189706	1.833385755725909	15.951610565185547	-31.471015930175778	1.6159894585143775E-4	-0.3730866611003876	0.005535146690028448	1.0	158.3947550938261	255,0,255	NA	""
100	Anubis_Bo_63	-1.2786058187484741	-1.3597573637962341	-0.003789543523453176	-0.11632793400004758	226.76176486827853	1.866490634526639	14.436701483708902	-36.61361339451597	1.6048463294282556E-4	-0.37379220128059387	0.006736281118810513	0.8489716873795502	-144.70582675670687	255,0,255	NA	""
101	Anubis_Bo_64	-1.24202736052557	-1.3614238077315943	0.06830136794291763	2.1225729694760376	227.62579251239686	1.844118170133189	8.329950332641598	-33.80731964111328	1.6136112390086055E-4	-0.37354809045791626	0.0052385402109337105	1.0	-45.63905625563527	255,0,255	NA	""
102	Anubis_Bo_65	-1.2649160623550415	-1.3627927899360657	0.09369881823658943	2.884869788624727	227.1331632920736	1.8617186419124783	16.13228404541378	-29.052194585400194	1.6056948516052216E-4	-0.37227052450180054	0.006066673239732519	0.9554997083017293	-167.09053834258177	255,0,255	NA	""
103	Anubis_Bo_66	-1.1560474673108643	-1.374591283402404	0.17134476434132279	5.449448307032078	229.93576906723177	1.8042466492552829	16.092523379650306	-11.92052948187494	1.617221423657611E-4	-0.3696487843990326	0.007388829122093972	1.0	-10.847930418540352	255,0,255	NA	""
104	Anubis_Bo_67	-1.1391378579676217	-1.3703063566071236	0.1521167226296922	4.879221133987799	230.26319864016173	1.7884390030740633	11.154315522582612	-16.698940512974733	1.623007410671562E-4	-0.37078729271888733	0.00483465098935926	1.0	-173.49814611401013	255,0,255	NA	""
105	Anubis_Bo_68	-1.1272991955953384	-1.369209347637639	0.13976726914905827	4.505925780309048	230.53464667233231	1.7790650925622624	12.553318194001573	-17.340447947996314	1.623007410671562E-4	-0.37078729271888733	0.005926762523554347	1.0	-140.4769653588976	255,0,255	NA	""
106	Anubis_Bo_69	-1.2559214358679436	-1.3744772596404466	0.20640370904146488	6.325912277250741	227.58065603376454	1.8732669007504996	13.956238589637314	-5.490872127805941	1.6020913608372211E-4	-0.36878812313079834	0.00572753670255364	0.9116187745594176	-123.94106782015902	255,0,255	NA	""
107	Anubis_Bo_70	-1.303919324150259	-1.3795988210653203	-0.2658256211739619	-7.97154218505191	226.61540430689428	1.9168103119113828	16.453040308152953	-6.4402306203956226	1.5872508811298758E-4	-0.3680216670036316	0.009292626591363979	1.0	-131.58754871719825	255,0,255	NA	""
108	Anubis_Bo_71	-1.3925746302486686	-1.3915710910854302	-0.41623095096428997	-11.937982369359464	224.9793478639789	2.012208340827944	11.412306904194079	54.54103424262105	1.5671040455345064E-4	-0.3591471314430237	0.006845913907755777	1.0	-139.64168423005827	255,0,255	NA	""
109	Anubis_Bo_72	-1.152035891091917	-1.3413919282897164	-0.4922265393964207	-15.556018436321494	229.34282350751639	1.8354307303003639	20.501029372493417	5.668088806047655	1.6353929822798818E-4	-0.3665032386779785	0.009620092170190563	0.4515593510286603	-101.92770121109703	255,0,255	NA	""
110	Anubis_Bo_73	-1.4617486596107483	-1.39983069896698	-0.3705487549304962	-10.375095064344178	223.76044523799055	2.05755717039035	13.422323544579198	59.70988820545019	1.54614303028211E-4	-0.3583211898803711	0.009832854498052114	1.0	-27.7887372163075	255,0,255	NA	""
111	Anubis_Bo_74	-0.9367053132895797	-1.318154112827344	-0.34847766596714286	-12.161156813530779	234.6016767148335	1.654201859745805	13.934032175857153	-56.14948009911467	1.677810214459896E-4	-0.37705832719802856	0.02685664537325476	0.9056654691600017	-171.46350684487513	255,0,255	NA	""
112	Anubis_Bo_75	-0.9585364758968353	-1.3294301629066467	-0.28767256438732147	-9.955253488995224	234.20790494534305	1.6640108887780438	11.619566226342808	-59.901458682806094	1.6742163279559463E-4	-0.3779849410057068	0.00909116054434044	0.7199916741615545	-81.46846369616819	255,0,255	NA	""
113	Anubis_Bo_76	-0.9307007455329975	-1.3245357013133685	-0.30517774533277425	-10.675985665739924	234.90574905054524	1.6473409355794475	3.913354635238647	-60.3963394165039	1.6795772535260767E-4	-0.3781106472015381	0.0061348067909904914	1.0	-105.28007235408091	255,0,255	NA	""
114	Anubis_Bo_77	-0.9919323325157166	-1.333708107471466	-0.2857533395290375	-9.754874016854421	233.3603354353968	1.686523655119366	11.50244082444363	-54.6002259589121	1.662913418840617E-4	-0.37635987997055054	0.006832144046060076	1.0	-22.61478294009703	255,0,255	NA	""
115	Anubis_Bo_78	-0.9382222087438297	-1.322707804501045	-0.31965396437042903	-11.15084560110332	234.65118543694518	1.6528749214643728	4.112961413691824	-59.6563754070315	1.6758337733335793E-4	-0.37773972749710083	0.0059306589350020715	0.5761875447538605	-4.908674595484299	255,0,255	NA	""
116	Anubis_Bo_79	-0.657311318860284	-1.3331284154470346	-0.19308997754603938	-7.401686610560339	243.75397101689947	1.4988573252324242	17.66949152534825	-70.96574019152978	1.6640876128803939E-4	-0.3789356052875519	0.015375296637033518	0.5451340027946581	-29.679894194423387	255,0,255	NA	""
117	Anubis_Bo_80	-0.6426647007465363	-1.0637143850326538	-0.8660619556903839	-34.87162978393713	238.86087262448524	1.5147836550495533	3.5220023502472264	-63.97849226390673	1.8183661450166255E-4	-0.3797011077404022	0.01107712701180484	1.0	-119.1533540904049	255,0,255	NA	""
118	default	-0.45549772679805756	-0.9950268268585205	-0.9576882421970367	-41.190376605749165	245.40290973993626	1.4542088345656492	6.557275900276875	-55.610427462396416	1.8428516341373324E-4	-0.378068745136261	0.020466324510816127	0.4554176413471151	159.47576885949357	255,0,255	NA	""
119	Anuket_Outcrop_01	0.9658108228065296	-1.6221899695469	0.510678584165749	15.136067243790047	300.768497291157	1.9557820581737453	25.970540712072097	140.8273779085398	1.4548042963724583E-4	-0.343658983707428	0.21068090444309026	0.323873398355501	-82.94201077893287	0,0,0	NA	""
120	Anuket_Bo_01	0.18130045463066466	-1.01490060072015	-0.061519414893596844	-3.4148793801886788	280.1284030798682	1.0328009114056094	15.657190600756696	-262.52559830265244	1.6093785234261304E-4	-0.4106786847114563	0.010576583875032202	1.0	-60.94837755514075	255,0,255	NA	""
121	Anuket_Bo_02	0.22078143709117906	-1.0253452243225678	-0.03803091978912456	-2.0766229102803777	282.15162272915074	1.0495349555232307	11.304315901813991	-255.5695223084463	1.6061363567132503E-4	-0.4096316695213318	0.012386845337862218	1.0	-58.570372893792246	255,0,255	NA	""
122	Anuket_Bo_03	0.14806513317649805	-1.003854480090732	-0.0827008232187871	-4.659393843276321	278.3904369402716	1.0180798235020048	20.201872282135714	-271.3058586724665	1.6122145461849868E-4	-0.4118794798851013	0.008322354225357893	0.6956038054910222	-73.87400894783595	255,0,255	NA	""
123	Anuket_Bo_04	0.1830177534359375	-1.0368241006295402	-0.14175757193985822	-7.668265759213004	280.0105947702505	1.062353483037203	14.47726794570133	-249.07227205102043	1.6224772843997926E-4	-0.4082353413105011	0.011326928613162932	0.6055166598237359	-68.82979462039516	255,0,255	NA	""
124	Anuket_Bo_05	0.2908403170005833	-1.0588646693659618	-0.014444786513304119	-0.7536578500287812	285.35877004367757	1.0981762745032795	18.374951539164147	-246.1864022096502	1.597636437509209E-4	-0.40756651759147644	0.006751244226573239	1.0	-153.23445684418894	255,0,255	NA	""
125	Anuket_Bo_06	0.27888373276718703	-1.0519531018562391	-0.024474725280375552	-1.2883132008249487	284.8481385728056	1.0885680856449322	16.54209159074091	-246.67657746529795	1.6001530457288027E-4	-0.4077107906341553	0.008026417668292329	1.0	174.61299215460483	255,0,255	NA	""
126	Anuket_Bo_07	0.2884502326186841	-1.0598867402014318	-0.04385720367299524	-2.286429793390494	285.22443222449255	1.0993120089704311	14.824564100337817	-238.84018940028153	1.603160926606506E-4	-0.4069973826408386	0.010011133523275649	0.3717587969388164	-86.58282924429551	255,0,255	NA	""
127	Anuket_Bo_08	0.3547831316290687	-1.1141038101085359	-0.09815401043184475	-4.798590772556732	287.6639255565367	1.173342481950918	19.45489238998785	-201.9620645159826	1.608220482012257E-4	-0.40195372700691223	0.01099702465000452	0.4108835624317547	-47.899753717654676	255,0,255	NA	""
128	Anuket_Bo_09	0.3676054951246508	-1.1262001444663683	-0.10907246396878235	-5.2603543047254435	288.0773156331596	1.189687928760366	17.642321610006498	-198.23458687207517	1.6098828928079456E-4	-0.3998202383518219	0.008614828356417406	0.9223613808395432	-36.55082300140799	255,0,255	NA	""
129	Anuket_Bo_10	0.3435962741116392	-1.104536241003296	-0.0896938396678479	-4.433835078803786	287.27973787316034	1.1602170883707297	23.463605821652365	-210.65857284275592	1.60707495524548E-4	-0.4025062918663025	0.007182484575636409	1.0	-59.64500675190415	255,0,255	NA	""
130	Anuket_Bo_11	0.2493507844241234	-1.0689500694592697	-0.19974662492805123	-10.31365582358221	283.130418307727	1.1156741365022542	17.97129325228364	-241.55038656679272	1.6310351202264428E-4	-0.40699589252471924	0.012886221992834845	0.5876353669512172	-96.37190388938116	255,0,255	NA	""
131	Anuket_Bo_12	0.2980543433665734	-1.0951899739402233	-0.18202466478752294	-9.110995609189708	285.2242504061628	1.1495261846560418	10.430067813407362	-222.82720605300756	1.6281990974675864E-4	-0.4042576253414154	0.0158510101493174	0.8963283713747372	-68.61002544844908	255,0,255	NA	""
132	Anuket_Bo_13	0.3461833894252777	-1.1240843534469604	-0.18220199644565582	-8.805666266048213	287.1172219275888	1.1902126449870323	16.909883055917415	-216.53462328827416	1.62383948918432E-4	-0.40286773443222046	0.01484526512756508	1.0	-148.72758641100305	255,0,255	NA	""
133	Anuket_Bo_14	0.35220258709370866	-1.1020990342921166	-0.2756895232885903	-13.402398792259552	287.72254651337005	1.1894005452303307	22.816559804288712	-210.1679766559387	1.6419612802565098E-4	-0.40279439091682434	0.009882238909448546	1.0	86.13399795283914	255,0,255	NA	""
134	Anuket_Bo_15	0.687280134515035	-1.3694003530793275	-0.22849247380972212	-8.481889343716745	296.65134253937777	1.5491352816653805	21.624527582432098	-33.98175404415863	1.5947666543070227E-4	-0.3739897310733795	0.025246570690479503	0.4385746674020243	-44.62027784780859	255,0,255	NA	""
135	Anuket_Bo_16	0.6838747091885586	-1.3649016118251949	-0.2065372602360633	-7.704678249766281	296.6128492592794	1.5405514167649745	26.45038018338695	-42.844923407113356	1.595754292793572E-4	-0.375222772359848	0.02081934067627756	0.38460365710814465	-28.662445172464576	255,0,255	NA	""
136	Anuket_Bo_17	0.6759436297409992	-1.3574605889811644	-0.16766372924132206	-6.309215214354648	296.47087815966495	1.5256835082439721	19.323679436488884	-57.172344781279264	1.5983478806447238E-4	-0.3783644139766693	0.010120861317062411	1.0	-91.75744855319873	255,0,255	NA	""
137	Anuket_Bo_18	0.6633416444361729	-1.3486685252463155	-0.17896168944479968	-6.790338639835198	296.19023305224835	1.5135905042389421	21.21343032361894	-59.34295670903646	1.5982812328729779E-4	-0.3778851628303528	0.012232775400675413	1.0	-86.56250417769805	255,0,255	NA	""
138	Anuket_BP_01_16/09/14	0.7234935053102345	-1.391340179522891	-0.1557650029165035	-5.672404956289112	297.47432180209034	1.5759229307026592	25.625019073486342	-45.7437858581543	1.598018716322258E-4	-0.37645143270492554	0.007090690324371823	1.0	-39.56250186439928	0,102,204	NA	""
139	Anuket_BP_02_16/09/14	0.8040244319704885	-1.4425845744610446	-0.13294705833713077	-4.60238616393641	299.1331072885988	1.656858612555373	19.48157491798342	-18.59789373729502	1.5913501556497067E-4	-0.3711925148963928	0.003663164380466366	1.0	-15.248727317916773	0,102,204	NA	""
140	Anuket_BP_03_16/09/14	0.752667899443361	-1.4496326165397524	-0.10408604376220461	-3.6461957437830663	297.4389197997904	1.6366971602267895	28.343032969779813	-41.24657709161149	1.584657293278724E-4	-0.3719702363014221	0.0024697259161991915	1.0	-36.492779937115046	0,102,204	NA	""
141	Anuket_Outcrop_02	0.7976175283179515	-1.4389518497743192	-0.16423268453826342	-5.700588579227292	298.99980181492674	1.6534051294584813	12.824010587723556	-17.031498920421765	1.5940991579554975E-4	-0.3708805739879608	0.03804516777174526	0.47739944062612016	-110.09528978468764	0,0,0	NA	""
142	Anuket_Bo_19	0.9118479384727624	-1.485143269989205	-0.10515250240006185	-3.4529100312138916	301.54908365880317	1.7459021290015804	8.711095053253905	-9.136647626449356	1.586239377502352E-4	-0.3693660497665405	0.01331284831284236	0.6727143932164109	138.19120709307754	255,0,255	NA	""
143	Anuket_Bo_20	0.9138428374147953	-1.4682719395493133	-0.173674877320697	-5.7345961092307265	301.8978636965056	1.7381295069627538	10.298110245743233	-6.991262836285499	1.5925179468467832E-4	-0.369111567735672	0.010029559684859022	1.0	161.1620519275626	255,0,255	NA	""
144	Anuket_Bo_21	0.9580469140871448	-1.495225528397348	-0.11008849101881192	-3.5473908510365497	302.6492059212826	1.7792337525513133	13.015643327003426	-3.8641124537083753	1.57369373482652E-4	-0.3682261109352112	0.011115597579372003	1.0	34.746633825072365	255,0,255	NA	""
145	Anuket_Bo_22	0.9514794202132384	-1.4975272073752783	-0.1015176363441235	-3.274766495678242	302.4305313925037	1.7771343940196023	9.962429309413519	-6.969669479243771	1.580292300786823E-4	-0.3690401315689087	0.011184579720386792	0.8005395670253188	9.510654201353278	255,0,255	NA	""
146	Anuket_Bo_23	0.8670186814250824	-1.475300609370787	-0.06984441181786294	-2.3372785095191024	300.44230678990874	1.7126329215018867	7.655850151945514	-6.673471526380958	1.583101402502507E-4	-0.36915239691734314	0.007740894382197101	1.0	-44.013612911328025	255,0,255	NA	""
147	Anuket_Bo_24	0.9526305168214152	-1.4783374409865992	-0.17575401971130122	-5.706887985738757	302.7974545800181	1.7674489996735192	10.869798396567484	-2.2155270792295343	1.5870096103753895E-4	-0.36853936314582825	0.011020635303420843	1.0	-42.22448981518339	255,0,255	NA	""
148	Anuket_Bo_25	1.0033851560305211	-1.5102258878322066	-0.10244758858494207	-3.2338937177520437	303.5998282639752	1.816056032182884	23.826173769577373	15.580121688290113	1.5640548372175545E-4	-0.36666467785835266	0.00962017345636021	1.0	-51.606617158965975	255,0,255	NA	""
149	Anuket_Bo_26	1.0757462514925369	-1.5465956867824515	-0.0661825554236832	-2.0119773486271746	304.8208341118398	1.8850910711731508	26.32894584211192	42.631003802344914	1.5361219993792474E-4	-0.36293649673461914	0.016992676521294735	0.7025009775659209	-9.97950085647141	255,0,255	NA	""
150	Anuket_Outcrop_03	0.8538659132514836	-1.4847475048407281	-0.01378492248191246	-0.46112634693621496	299.9028486719512	1.712819948223219	15.103828447343663	-8.337856176410291	1.577844232087955E-4	-0.36910176277160645	0.029922181388256273	0.44838014003159443	97.09878758128345	0,0,0	NA	""
151	Anuket_Outcrop_04	0.841313214053632	-1.4854845984333072	-0.01964560139382901	-0.6593087148468906	299.5253099271248	1.7072956293442392	17.03140362153036	-9.654164453041782	1.5768231241963804E-4	-0.3691751956939697	0.029298004610192198	0.44776131293700816	-89.47386300864437	0,0,0	NA	""
152	Anuket_Outcrop_05	0.8334402299766998	-1.4719124479335377	0.02230080244576274	0.7553491309920298	299.5198184802547	1.6916400908925748	10.450568421162707	-3.787150938020604	1.5717711357865483E-4	-0.3687194883823395	0.02884502563576963	0.49975063375036216	95.14574727991176	0,0,0	NA	""
153	Anuket_BP_04_16/09/14	0.8963679118194934	-1.4832755737919865	-0.056575053899417055	-1.869707526714816	301.14526142495015	1.7340076694961035	13.91635838897685	-1.0742054775023229	1.5818355313967913E-4	-0.36914077401161194	0.005756460851339051	1.0	37.591266214149684	0,102,204	NA	""
154	Anuket_BP_05_16/09/14	1.0364706075645687	-1.538384912374696	0.008636452582818407	0.2667588864333862	303.9697037454125	1.8549862660625234	25.655568707108287	25.703307760022593	1.5315297059714794E-4	-0.36362430453300476	0.007623253526185803	1.0	-11.795970703039382	0,102,204	NA	""
155	Anuket_BP_06_16/09/14	1.0272592642586051	-1.5306949577723772	0.025691562589053665	0.798463197669066	303.86581678981975	1.8436237973467302	31.106795611414473	25.66846085423082	1.5460675058420748E-4	-0.3660324513912201	0.01247412394331957	0.4871095138654858	-87.52606115366716	0,102,204	NA	""
156	Anuket_BP_07_16/09/14	1.033965641959515	-1.5346622177611948	0.028595300045062565	0.8853164416967867	303.9697849050647	1.8507000736373054	21.80091939716985	32.31670376929064	1.534356124466285E-4	-0.36449378728866577	0.0030462590877994174	1.0	-115.80637331673904	0,102,204	NA	""
157	Anuket_BP_08_16/09/14	1.0357607015873471	-1.5342374084605217	0.033738767729985436	1.044159145281878	304.02320970744205	1.8514380791482898	16.46965896163196	39.223025991628425	1.531982416054234E-4	-0.3647475242614746	0.003505812419962705	1.0	-98.72668257151118	0,102,204	NA	""
158	Anuket_BP_09_16/09/14	1.0293813926835296	-1.530084061091172	0.0331215300261708	1.0289561138490542	303.93114089960153	1.8444186947002057	29.859422012920433	30.276381091937456	1.5446609177161008E-4	-0.366349458694458	0.005066574213360271	0.8988950453723621	-76.22215760432866	0,102,204	NA	""
159	Anuket_BP_10_16/09/14	1.086209071521343	-1.5590655003420268	-0.03209860223887206	-0.967791147374116	304.8651280040584	1.9004119820916943	38.11028214059131	59.59402154953577	1.5265184629242867E-4	-0.3626047670841217	0.005469698931596797	0.6709446189013593	83.84990249566248	0,102,204	NA	""
160	Anuket_BP_11_16/09/14	1.1052818993787763	-1.569143477922751	-0.030757817520498373	-0.9180988781803704	305.16031065887427	1.9195846880876308	41.70402526855469	94.9498443603516	1.5126270591281354E-4	-0.3610440790653229	0.0034152170397192525	0.8571131287666395	-24.220179306796247	0,102,204	NA	""
161	Anuket_BP_12_16/09/14	1.1111972941845514	-1.5729021629002475	-0.03230792611344234	-0.9611151033622777	305.2397943466295	1.9260904554950418	45.07302803146298	119.6548361399214	1.5073991380631924E-4	-0.360184907913208	0.004415301937449714	0.6753679962103122	-26.40622364391391	0,102,204	NA	""
162	Anuket_BP_13_16/09/14	1.0901662852415537	-1.5637981174793423	-0.012846900399079576	-0.38612356790097935	304.8814037294279	1.9063294900302956	32.61264419555664	51.78803634643554	1.5102232282515615E-4	-0.3609987795352936	0.005243044042262737	0.6369135851468525	-94.4014166332879	0,102,204	NA	""
163	Anuket_BP_14_16/09/14	1.0975763146168436	-1.5663912788565673	-0.012949575126790715	-0.38791315228689316	305.0190746888917	1.9127004722072325	37.82625198364257	72.300537109375	1.5102232282515615E-4	-0.3609987795352936	0.002827332599797609	1.0	-84.03642614363527	0,102,204	NA	""
164	Anuket_BP_15_16/09/14	1.0988459739060974	-1.5667672316843995	-0.022365027617948702	-0.6695761324908337	305.0437469998899	1.9138239801794699	40.92990294197728	79.70076895396578	1.5126270591281354E-4	-0.3610440790653229	0.005249147591708655	1.0	-44.26418874346969	0,102,204	NA	""
165	Anuket_BP_16_16/09/14	1.0956799582124135	-1.565405106500977	-0.0189835733954131	-0.5692197157213721	304.9894748259669	1.910855330564444	37.82625198364258	72.300537109375	1.5126270591281354E-4	-0.3610440790653229	0.0022886224104014113	1.0	-65.58989130467742	0,102,204	NA	""
166	Anuket_BP_17_16/09/14	1.0941344691367438	-1.564676531502297	-0.020345392037477664	-0.6105244559305846	304.96401599110055	1.909386503504296	37.82625198364257	72.30053710937499	1.5126270591281354E-4	-0.3610440790653229	0.0015381693623508486	1.0	-77.83879491520489	0,102,204	NA	""
167	Anuket_BP_18_16/09/14	1.0951882037688188	-1.5556903717413266	-0.07190002568607565	-2.164283634205169	305.14510672748105	1.9038853295555112	28.597068786621104	52.241275787353544	1.5249845455400646E-4	-0.36193034052848816	0.006820552983900629	0.7570066534296945	-81.28918238846678	0,102,204	NA	""
168	Anuket_BP_19_16/09/14	1.0824906120044282	-1.5508711400111608	-0.057498588498942384	-1.7413552283428	304.9146074995282	1.8921662996884312	31.349790573120107	47.377696990966804	1.5309227455873042E-4	-0.36286503076553345	0.0025075081980451583	1.0	-42.12632292063615	0,102,204	NA	""
169	Anuket_BP_20_16/09/14	1.081665909044816	-1.5509313894811334	-0.0551126949269372	-1.669512496875664	304.893071002918	1.8916729957394163	31.349790573120117	47.37769699096678	1.5309227455873042E-4	-0.36286503076553345	0.003149300819888268	1.0	-66.23731976904051	0,102,204	NA	""
170	Anuket_BP_21_16/09/14	1.0868997576869728	-1.5527521400777065	-0.05658263342858322	-1.7099565090704199	304.99135797426084	1.8962046002954456	33.2263069152832	59.38537597656251	1.5309227455873042E-4	-0.36286503076553345	0.004276560905332273	0.7918879045314765	-119.23795360477278	0,102,204	NA	""
171	Anuket_Bo_27	0.7981058061122894	-1.0597409009933472	0.7719610333442688	30.194423677375482	306.98391862077034	1.5349096038497805	24.604662269533637	42.63692256176643	1.6225443687289953E-4	-0.36772847175598145	0.012269116600243187	1.0	-99.68382567801015	255,0,255	NA	""
172	Anuket_BP_22_05/09/14	1.1188516847106236	-1.5775675127816595	-0.03926886459443685	-1.1631712834380583	305.3452519121893	1.9344483434536184	37.54572677612304	134.28315734863278	1.4939549146220088E-4	-0.35824987292289734	0.00460991547893756	1.0	-74.82349446924579	0,102,204	NA	""
173	Anuket_BP_26_16/09/14	1.1230653745423047	-1.5802295797048949	-0.0182194267155624	-0.5384470182198976	305.4013169321116	1.9387452920845478	26.36554145812989	140.005111694336	1.504239917267114E-4	-0.3601764440536499	0.004196057032848181	1.0	-136.2161446601498	0,102,204	NA	""
174	Anuket_BP_24_05/09/14	1.1368343309450513	-1.5931764342952346	-0.02280109488252671	-0.6674597636538501	305.5103106514501	1.9573255571664114	27.586342602487974	141.33559117650898	1.4836232003290206E-4	-0.3572399318218231	0.004151002390913686	0.24554141435270915	-172.5119574511037	0,102,204	NA	""
175	Anuket_BP_25_16/09/14	0.12242434499393964	-0.9836032388146648	-0.34478152309164084	-19.17997902517277	277.09484234020147	1.049446211255863	14.77430152893067	-280.9823913574219	1.6713650256861E-4	-0.41492900252342224	0.0038011925427002447	1.0	-105.36262946378703	0,102,204	NA	""
176	Anuket_BP_26_16/09/14	0.1412804143638668	-0.9468353151253296	-0.4406190997488742	-24.71492344392786	278.4866773545306	1.053851251607558	15.861090017005559	-287.19390721289767	1.69212362379767E-4	-0.41639962792396545	0.007546876963330311	1.0	-63.18699183552447	0,102,204	NA	""
177	Anuket_Bo_28	0.45128755271434784	-1.1750863194465637	-0.22925066202878952	-10.321781315098344	291.0091012680534	1.2794702729747243	23.469722119478995	-177.14010318807297	1.6243108257185668E-4	-0.3970947563648224	0.0146487443777981	0.4338913713551007	-161.90729203170056	255,0,255	NA	""
178	Anuket_Bo_29	0.3450077998170106	-1.0886340568715105	-0.3027042517097751	-14.845759600901797	287.5843491770262	1.1814331786936885	20.110133816087835	-217.81931474897763	1.6492613940499723E-4	-0.40357357263565063	0.00855390642370381	0.8269295846468633	-48.183168132033266	255,0,255	NA	""
179	Anuket_Bo_30	0.46980701986643103	-1.1997063592070576	-0.1352868881486673	-5.994237294333659	291.38539427139204	1.29549856284852	20.593707190286253	-158.84857669280788	1.606896403245628E-4	-0.3938562273979187	0.011449940130428467	1.0	-79.14792720307466	255,0,255	NA	""
180	Anuket_Bo_31	0.9803361100625846	-1.4904950586173142	-0.14579137963547326	-4.671938103392935	303.33392603079227	1.789941209881287	25.92346830378516	12.06858422114411	1.578245428390801E-4	-0.36783459782600403	0.010537722405008412	0.8632760364705822	-87.17263876403754	255,0,255	NA	""
181	Anuket_Bo_32	0.8245295260399618	-1.45369507557107	-0.1575827294490431	-5.38651124828385	299.56171881917714	1.6786633458415277	3.1237359046936035	-13.276168823242188	1.5942062600515783E-4	-0.3700830936431885	0.006047916362469154	1.0	-71.83753386556747	255,0,255	NA	""
182	Anuket_Bo_33	0.8541237951265543	-1.4712907405506725	-0.09439191957444432	-3.175750127848076	300.13631621381643	1.7038584844735443	10.335989298599811	-9.487734754842323	1.585841819178313E-4	-0.36956873536109924	0.007420983414374799	1.0	-15.93361165086405	255,0,255	NA	""
183	Anuket_Bo_34	0.8940794765949249	-1.4819857478141785	-0.10208667069673538	-3.3755345183200856	301.1025090997873	1.7338055126012686	7.697991993518418	-9.467402635646076	1.5886890469118953E-4	-0.3695286214351654	0.006994189051233886	1.0	-108.83166627846242	255,0,255	NA	""
184	Anuket_Bo_35	0.9106234014034271	-1.473981261253357	-0.1446913406252861	-4.773794082192229	301.7077098056037	1.7386176467991825	3.1314200895828215	-10.060860235825595	1.5914172399789095E-4	-0.36956751346588135	0.01134486053692677	0.6492520350577787	-104.07828150830754	255,0,255	NA	""
185	Anuket_Bo_36	0.8722997307777405	-1.4568297863006592	-0.1997915878891945	-6.710667106432566	300.91172877661984	1.709729956794063	1.1498760117466313	-8.190653704468724	1.5973176050465554E-4	-0.3693163990974426	0.006880666069285961	0.38058628516201964	-58.1388612586857	255,0,255	NA	""
186	Anuket_Bo_37	0.7994353814424455	-1.4418710073521162	-0.13465035607445366	-4.669124446156406	299.00587336447285	1.6541522449084338	20.135184254178558	-18.82536394841033	1.5913501556497067E-4	-0.3711925148963928	0.005485490976023459	1.0	-68.47353819404233	255,0,255	NA	""
187	Anuket_Bo_38	0.8368709981441498	-1.4583423733711243	-0.15339916944503784	-5.2128261946744265	299.84939530725694	1.6883858713845412	3.1237359046936017	-13.27616882324218	1.5942062600515783E-4	-0.3700830936431885	0.005655327893368768	1.0	-69.40276766046398	255,0,255	NA	""
188	Anuket_Bo_39	0.8676101456126274	-1.4624061493040899	-0.1676424688361444	-5.630577606723099	300.6796295340731	1.7086494981855869	5.291487213998768	-11.012979598264147	1.5955381968524307E-4	-0.36973410844802856	0.012964262439829064	0.42031419783801127	-96.15092372313687	255,0,255	NA	""
189	Anuket_Bo_40	0.845777196897387	-1.4726632488478604	0.06598114568958433	2.2249525137046544	299.8695321588883	1.6995380616171107	8.19430748785941	-7.794939313304636	1.5738386719021946E-4	-0.3693382143974304	0.009994500034639383	0.6403395588736983	-89.8779393308928	255,0,255	NA	""
190	Anuket_Bo_41	0.8495209142425362	-1.4729459197570074	0.07667565441414975	2.581919994182138	299.9741798005879	1.7020971247975627	6.478922843933108	-8.48308849334717	1.5732418978586793E-4	-0.3693011999130249	0.006822978785005104	0.6211775121181139	-89.03516225487822	255,0,255	NA	""
191	Anuket_Bo_42	0.7861012627212334	-1.4527324048659174	0.0063066611086639995	0.21875956942616295	298.41866703358176	1.6517949053601566	7.978848457336424	-10.667824745178216	1.5697593335062265E-4	-0.37035825848579407	0.007763561941145655	0.612010101123623	-90.49972239903417	255,0,255	NA	""
192	Apis_Bo_01	-2.4063810210417804	-0.7216577024459722	-0.24956230149405292	-5.673019179916421	196.69363882014892	2.5246268635694835	22.71518948089965	235.81234823294776	1.2603742652572691E-4	-0.3386898636817932	0.03132865890822602	0.6515475604274346	-65.53821154104736	255,0,255	NA	""
193	Apis_Bo_02	-2.410933072261443	-0.6843143562364187	0.07870911446874175	1.7988482615422232	195.84595548456656	2.5074049417227604	7.489692842084099	149.88306416009507	1.3234176731202751E-4	-0.3482057452201843	0.0068428732311919494	1.0	128.41936797033546	255,0,255	NA	""
194	Apis_Bo_18	-2.4096147343949617	-0.6198723645108276	0.134333439694245	3.0904588876572623	194.4265081929347	2.4916922742420726	1.231260331995169	138.7508955844706	1.3379678421188146E-4	-0.34941795468330383	0.010559362584957682	0.8612677854802969	152.72323168889722	255,0,255	NA	""
195	Apis_Bo_04	-2.4090389784828794	-0.6980043125790669	0.10939443484032	2.4974335235394585	196.15862214870177	2.5105071126373737	3.9998416900634766	147.66088867187494	1.3243674766272306E-4	-0.34841087460517883	0.007349654289315819	1.0	-98.31486803253259	255,0,255	NA	""
196	Apis_Bo_05	-2.4242045702731145	-0.7781381332203559	-0.028953602747462788	-0.6515429861576321	197.79595452504736	2.54619423140042	10.95893001095036	178.66745639274288	1.2950442032888532E-4	-0.3448728322982788	0.00653646381826598	1.0	-41.00382033562821	255,0,255	NA	""
197	Apis_Bo_06	-2.4194167791415144	-0.9106304568115093	0.05347819216641872	1.185106424841024	200.6255488893369	2.585669216489539	2.3938946183535714	197.05455546477344	1.277570700040087E-4	-0.34277695417404175	0.006319326698615786	1.0	-50.11950762753599	255,0,255	NA	""
198	Apis_Bo_07	-2.414756807667552	-0.9235826580356715	0.04381499913240605	0.9709208942161389	200.93057290154303	2.5857252600672784	3.6543594131707833	197.94288213148383	1.276882248930633E-4	-0.3427248001098633	0.005279693115939838	1.0	-18.60154867139165	255,0,255	NA	""
199	Apis_Bo_08	-2.422297410716782	-0.8977907555570679	0.02407730411773651	0.5339976665830113	200.33652200123768	2.58343428468822	1.5358201265335083	197.65502929687509	1.277002738788724E-4	-0.3427259922027588	0.006497687026269353	0.8706653948710953	-70.61702126247843	255,0,255	NA	""
200	Apis_Bo_09	-2.42053630136813	-0.9057953408085035	0.07003446655478454	1.5522350046751991	200.51648565552154	2.585414089111629	1.5219687266618187	196.6213360284164	1.2781485565938056E-4	-0.34283116459846497	0.0061684567036986255	1.0	-35.49395313943359	255,0,255	NA	""
201	Apis_Bo_10	-2.424863465706689	-0.8953819394594431	0.07960690809475794	1.7639796786244113	200.26669008472982	2.5861185016633743	2.7266229463002025	196.36298829753213	1.278341660508886E-4	-0.3428599536418915	0.005263653205819104	1.0	-66.3698259730219	255,0,255	NA	""
202	Apis_Bo_11	-2.4153192187728387	-0.9420673494689856	0.10862282815756195	2.399189350263619	201.30769546676717	2.5948134303463712	5.7254026156717535	198.52024764840954	1.2763298582285643E-4	-0.3425229787826538	0.006333154645458072	1.0	-60.27798031806606	255,0,255	NA	""
203	Apis_Bo_12	-2.4184874296188354	-0.9279248416423798	0.10689262300729752	2.3629727091927726	200.9908006218158	2.5925956090016693	3.7486523720526055	197.06074241802898	1.277886622119695E-4	-0.3427736163139343	0.008614202286790305	1.0	-54.717734286199004	255,0,255	NA	""
204	Apis_Bo_13	-2.39743612246294	-0.9972659490318683	0.2054472835602372	4.523943039009714	202.5859357842489	2.604697280052108	5.296926975250245	221.5325012207031	1.2605090159922838E-4	-0.34004223346710205	0.008216813112631925	0.8709254901018911	-12.698463733005955	255,0,255	NA	""
205	Apis_Bo_14	-2.4005512896731673	-0.9885414256143743	0.20871784720561343	4.596462088146142	202.38174988705256	2.604500678488941	9.129277814219313	220.59581038435172	1.2609247642103583E-4	-0.3401891589164734	0.006164557892605391	1.0	-120.4803545884265	255,0,255	NA	""
206	Apis_Bo_15	-2.4311633585444086	-0.8413722658609789	0.39157812836076256	8.654497492683733	199.0896136164134	2.6022674720903467	19.569046950296922	226.81818101116227	1.2609417899511755E-4	-0.3387380540370941	0.007929526584765752	1.0	-42.93049213585024	255,0,255	NA	""
207	Apis_Bo_16	-2.4106052088832612	-0.9330474069290204	0.39047301894117703	8.590182244936946	201.15939749157423	2.6142042986716088	18.656458617258522	247.11929525518363	1.247647451236844E-4	-0.3372707962989807	0.0088554212812917	0.961302211723118	-83.14489760651992	255,0,255	NA	""
208	Apis_Bo_17	-2.424464543922868	-0.8614483650281308	0.41511823309807383	9.165054214523977	199.5608836113458	2.6062319079082785	14.549467022262418	238.55854729279346	1.2578103633131832E-4	-0.3379097878932953	0.006238204786718896	1.0	-62.37179700006429	255,0,255	NA	""
209	Apis_BP_01	-2.406595080829543	-0.9800993965214274	0.16360317778351224	3.602598056981969	202.15888716681098	2.6036629409190977	17.81433296203614	215.48565673828134	1.2627551041077822E-4	-0.34075602889060974	0.0034814168008243662	1.0	-116.92472536788324	0,102,204	NA	""
210	Apis_BP_02	-2.4084619798720497	-0.9764126587149913	0.16411426102556823	3.6133485822076574	202.06808657808406	2.6040361516807016	17.814332962036154	215.4856567382814	1.2627551041077822E-4	-0.34075602889060974	0.0030472753053894185	1.0	-112.92894596229394	0,102,204	NA	""
211	Apis_BP_03	-2.415154814720154	-0.6396452486515045	0.16692808270454407	3.822443145428825	194.83400780866393	2.5039935718734982	16.60131397023334	144.17280807513293	1.331072417087853E-4	-0.3487037420272827	0.005612953222004393	1.0	-142.57233237421906	0,102,204	NA	""
212	Ash_Bo_01	-1.6117563920082731	-0.7819975245234474	1.0166339753323517	29.57462905885453	205.88189385548188	2.0598115048082404	2.4172240121655326	109.48061069148028	1.6820774180814624E-4	-0.3497546911239624	0.017619555499253852	1.0	124.23280987973399	255,0,255	NA	""
213	Ash_Bo_02	-1.6558411532927304	-0.732237024769048	1.0291746104976862	29.615701170166794	203.85571084423398	2.0825900615035815	4.882685839248518	110.7298218031494	1.6812172543723136E-4	-0.34972894191741943	0.009144961983388914	1.0	116.96641351094864	255,0,255	NA	""
214	Ash_Bo_03	-1.7408743242638434	-0.7211405131396974	1.0103410559400454	28.199384850027908	202.50131351303312	2.1381010504395075	19.56969503471147	115.22991032594369	1.6506799147464335E-4	-0.34896156191825867	0.02369977591447781	1.0	-0.23309034866685246	255,0,255	NA	""
215	Ash_Bo_04	-1.7527823802896763	-0.7062868058236805	1.0159365000916474	28.262864332588904	201.94705866079246	2.1455102183287376	13.278823293689435	121.99655078788035	1.6520686040166765E-4	-0.34874215722084045	0.011413500524033754	0.48694731979244826	55.33814613941792	255,0,255	NA	""
216	Ash_Bo_05	-1.7908874313943508	-0.6253011648296023	1.0707815081892922	29.444133725774126	199.24701369613234	2.1782682059249843	14.691431990171075	138.64522166179128	1.6416468133684248E-4	-0.34588396549224854	0.019385098041706378	1.0	-7.9871892601387495	255,0,255	NA	""
217	Ash_Bo_06	-1.8560781855788666	-0.5756500393499627	1.073030274967751	28.906174849287673	197.23092161758277	2.219863322320254	9.8641807906787	152.07665617742256	1.6169359150808305E-4	-0.34333524107933044	0.017228302267640314	1.0	-31.341471936623208	255,0,255	NA	""
218	Ash_Bo_07	-1.9895791121303972	-0.6981149234189923	0.9422678850903792	24.07935601127743	199.3352441625998	2.309471423724178	18.063216553998455	165.2635412728375	1.5478268323931843E-4	-0.3435511589050293	0.01964815577825663	0.8176939296465435	91.84228874083779	255,0,255	NA	""
219	Ash_Bo_08	-2.037809951759268	-0.6927596795153592	0.9228145536096304	23.207166165168466	198.77562116787348	2.3418309233172825	18.126510078065913	186.00305840268922	1.5150813851505518E-4	-0.3411228060722351	0.020008716974491577	1.0	76.67883429752294	255,0,255	NA	""
220	Ash_Bo_09	-2.0050333738327026	-0.7102664113044739	0.9282031059265137	23.57483116227428	199.50626786139406	2.320818435608851	19.43967086638284	169.88623047460428	1.531434099888429E-4	-0.3427703380584717	0.01739252874637172	0.5745854365466109	120.88862818386286	255,0,255	NA	""
221	Ash_Bo_10	-1.9621402004359416	-0.6903574066666303	0.956058503217369	24.68509865915366	199.38385941664836	2.2892434070409613	16.68158759812192	161.1662383934106	1.5594383876305073E-4	-0.3437820374965668	0.009259592453338157	1.0	87.21680722646802	255,0,255	NA	""
222	Ash_Bo_11	-1.9814144006566725	-0.6649435825760089	0.9566512580801607	24.59475871894283	198.55125647662712	2.2985505486556113	5.358455181121823	166.57127380371094	1.5509134391322732E-4	-0.3428291380405426	0.005481314433095807	1.0	112.97152121200513	255,0,255	NA	""
223	Ash_Bo_12	-1.983688702320031	-0.6738267455957945	0.9532152416685024	24.465219645460866	198.76178760929457	2.3016695348684375	3.6030976372972603	167.0086596439841	1.546313287690282E-4	-0.3425343334674835	0.009535782149069727	1.0	-8.751733992665937	255,0,255	NA	""
224	Ash_Bo_13	-1.9981023670153149	-0.6741818236579529	0.9473701582925638	24.19206216507391	198.6449634812277	2.311805445370835	10.008238049148517	169.25287950342988	1.5410376363433897E-4	-0.34229734539985657	0.0058202948759651756	0.7937334882458742	10.451062314923	255,0,255	NA	""
225	Ash_Bo_14	-2.003058185270953	-0.6775209741025042	0.944208440475007	24.062266659285214	198.68776217881933	2.3157733790235207	10.787965774536136	169.40119934082028	1.5375250950455666E-4	-0.3421991467475891	0.006921866236108827	0.8127269596568624	-4.110656819204347	255,0,255	NA	""
226	Ash_Bo_15	-1.998111770528665	-1.0220219182566979	0.6780213782620994	16.809843276541336	207.0894655480667	2.3445025993380204	9.48760143116177	138.17335524179347	1.4793807349633425E-4	-0.3477992117404938	0.011070536098170826	1.0	-7.045618730894475	255,0,255	NA	""
227	Ash_Bo_16	-1.8555855610927765	-1.1745174313817066	0.6360209249737786	16.152011121639248	212.3323063181263	2.286309600242272	14.631520561943216	148.60384341332664	1.484240492573008E-4	-0.34626948833465576	0.013953350782187611	0.9617720952748071	-17.496977322575038	255,0,255	NA	""
228	Ash_Bo_17	-1.8495715551326035	-1.129009830859424	0.6808310222494955	17.442289387876084	211.40059879004613	2.2713672130657683	14.737121719278148	135.84732406452738	1.5082025493029505E-4	-0.3473661243915558	0.01044112171918794	1.0	3.2382968715650606	255,0,255	NA	""
229	Ash_Bo_17	-1.899786435030323	-1.0877642600271589	0.7200320691551465	18.206448484172782	209.7942382951288	2.30453157164954	22.540110596308875	136.5376291873477	1.508460845798254E-4	-0.34744709730148315	0.01260031431559529	0.45488883546216696	5.492788146690374	255,0,255	NA	""
230	Ash_Bo_19	-1.8738939221218631	-1.1440797001908825	0.6468776149459334	16.416689583911687	211.40556787792875	2.288852865623358	12.952387844517107	142.48917622612493	1.486204273533076E-4	-0.34668052196502686	0.006410847227262888	0.579899433805524	13.11379038391698	255,0,255	NA	""
231	Ash_Bo_20	-1.8730189204216003	-1.1575003862380981	0.6381406188011169	16.162871722045193	211.71550504330426	2.2924289454119435	13.57000732421875	147.96160888671875	1.486204273533076E-4	-0.34668052196502686	0.0045879947506204475	1.0	28.534811773258202	255,0,255	NA	""
232	Ash_Bo_21	-1.9442329912044225	-0.8980434810964711	0.7754973021382428	19.905740982137257	204.79227010680495	2.2777006132613775	11.521101771865363	106.90915905418736	1.5395836089737713E-4	-0.3518732488155365	0.00658882593053676	1.0	1.6593465544870998	255,0,255	NA	""
233	Ash_Bo_22	-1.9530490392279767	-1.005182459816308	0.713388808686113	17.99267095044352	207.23367699612393	2.3094839076101565	18.718905341033306	126.31880652138757	1.5117038856260478E-4	-0.3494090139865875	0.007101523022361071	0.7743147818103058	-8.850198263439731	255,0,255	NA	""
234	Ash_Bo_23	-2.165721736740215	-0.9548285718229914	0.6285079330263821	14.871374594953494	203.79183755598444	2.4488916808294485	7.008869194288105	168.8669357206465	1.4136215031612664E-4	-0.3441373109817505	0.009102282549065008	0.8742823064089926	-11.830834578154596	255,0,255	NA	""
235	Ash_Bo_24	-2.143275260925293	-1.0656310319900513	0.6036485433578491	14.154572194973275	206.43644860248088	2.468519780016481	22.1618440065086	201.24196694903952	1.3791874516755342E-4	-0.34058713912963867	0.013411862346330416	0.7581351556745713	44.769420131624734	255,0,255	NA	""
236	Ash_Bo_25	-2.111666783874106	-1.004717453562618	0.6420166913938409	15.35184161896855	205.44480414252757	2.425031793531552	18.708009561798622	170.45985872618158	1.4232256216928363E-4	-0.34411996603012085	0.010474077971132822	1.0	14.56219816615433	255,0,255	NA	""
237	Ash_Bo_26	-1.5457804983458114	-0.4009764920573505	1.2292668777434415	37.58776880172655	194.5420465933833	2.0152708386134983	6.486000583504368	115.16777377152273	1.7357287288177758E-4	-0.3478613495826721	0.01597829830962969	0.6238213618670891	117.34684290867257	255,0,255	NA	""
238	Ash_Bo_27	-1.6868859494999775	-0.37316153723698897	1.2277533945993988	35.399212617244444	192.47370701883497	2.119483931867345	21.641617722145455	172.67331058538377	1.676947867963463E-4	-0.3429015874862671	0.019106491496202877	0.7400997186442431	-2.1344962611479263	255,0,255	NA	""
239	Ash_BP_01	-1.8994423151016235	0.23068442940711975	0.9738765954971313	26.975057348216637	173.07542557679398	2.1469820766896466	4.214832415624023	105.19365366747803	1.5300605446100235E-4	-0.3518673777580261	0.005724688876049039	0.9612497470984915	36.73848407566336	0,102,204	NA	""
240	Ash_BP_02	-1.8863139870120127	0.24527121296183763	1.0007210954938168	27.74832301444261	172.59158260515764	2.1493676131530575	6.768495559692385	109.2511672973633	1.5287041605915874E-4	-0.3512653410434723	0.0027163577084177945	1.0	44.6634665727942	0,102,204	NA	""
241	Ash_Bo_28	-1.8563472032546997	-0.33865734934806824	1.1754541993141174	31.91989456110812	190.33889302736117	2.2231523371069737	20.988516911214784	166.02231399236425	1.6223973943851888E-4	-0.3415762186050415	0.04202969889589706	0.43584134374207006	-67.69201770550318	255,0,255	NA	""
242	Ash_Bo_29	-1.8077483773231506	-0.026716891676187515	1.3660297393798828	37.073602926227785	180.84671833633175	2.2659887989320673	6.311050813059169	283.44879644686455	1.5784607967361808E-4	-0.3240460753440857	0.01296733126603802	0.9955559372462957	-22.315156469135	255,0,255	NA	""
243	Ash_Bo_30	-1.7322083115577698	0.029789535328745842	1.387343168258667	38.68745717858373	179.01475682686407	2.2194941129813612	7.876961264530341	260.10932433596724	1.6174222400877625E-4	-0.3262450695037842	0.00954395275115156	0.9330391278620636	-50.87843122019313	255,0,255	NA	""
244	Ash_Bo_31	-1.7571958303451538	0.026543058454990387	1.3780598044395447	38.10171801714572	179.13459299969776	2.2332690265049786	7.213213516477665	262.6583275464621	1.6041246999520808E-4	-0.326002299785614	0.005836681754226158	0.7434567429126353	115.8513218330169	255,0,255	NA	""
245	Ash_Bo_32	-1.653833770120001	0.034559245348338985	1.3999319819584115	40.24097382338179	178.80289615440046	2.1670648432242143	17.099691497292135	240.64511029286155	1.6625181888230145E-4	-0.3293660879135132	0.005254524480995907	1.0	-26.58816757793298	255,0,255	NA	""
246	Ash_Bo_33	-1.042701780796051	0.09408089146018028	1.4512844681739807	54.193815022348176	174.8442774945938	1.7894984843179478	2.4140686988830566	137.2678680419922	1.85396071174182E-4	-0.3425338864326477	0.00898895526917601	0.8312787370991798	-52.23176933045287	255,0,255	NA	""
247	Ash_Bo_34	-1.6954982213634373	0.5668729931133996	1.3849718334995627	37.76494251495724	161.51315330707783	2.261461073853597	16.30829860562473	346.08153115295255	1.5023420564830303E-4	-0.31765952706336975	0.007668791092414405	1.0	-5.721412487164298	255,0,255	NA	""
248	Ash_BP_03	-2.347151243977526	-0.7197199104108057	0.4819013965555467	11.105526530455728	197.04739907814925	2.5018682354490953	48.55873454848118	183.16244124532219	1.326242636423558E-4	-0.3453100621700287	0.006628848634378646	1.0	178.15937982563523	0,102,204	NA	""
249	Ash_BP_04	-2.3476975247906053	-0.689763384848417	0.4635086068676307	10.726149565379382	196.37300942471197	2.490441210634343	28.817599665587903	155.8027674993813	1.33954337798059E-4	-0.34745579957962036	0.0036586792874275845	1.0	-62.75131394916821	0,102,204	NA	""
250	Ash_BP_05	-2.3471724932105076	-0.7276898414075561	0.5094512598362266	11.71231503453827	197.22491423068826	2.509639775808573	40.52972489331431	184.06197684199975	1.330635859631002E-4	-0.34441208839416504	0.007771964289790171	1.0	169.12013568388844	0,102,204	NA	""
251	Ash_BP_06	-2.347094209825575	-0.7002429606956698	0.47937072827099675	11.073695326766964	196.61219038051502	2.4957940077105008	33.88773138179375	164.06319230752123	1.3428500096779317E-4	-0.3471369445323944	0.004458366088286637	1.0	135.80738603096572	0,102,204	NA	""
252	Ash_BP_07	-2.350682258605957	-0.610491007566452	0.554699182510376	12.865497274588433	194.55854452279976	2.491204033057506	25.931235342310593	170.0481541314105	1.350199308944866E-4	-0.344770222902298	0.0050147215150756	1.0	171.7463304982299	0,102,204	NA	""
253	Ash_BP_08	-2.3473819817396815	-0.7009389542293157	0.49604240080435036	11.446652710580114	196.6258646635275	2.499515082800651	30.641959840910758	163.2915299476386	1.3421158655546606E-4	-0.34665897488594055	0.0037209464114899707	1.0	175.39808760178937	0,102,204	NA	""
254	Ash_BP_09	-2.3487235988892534	-0.6985660975234945	0.5043567338014764	11.630517416705752	196.5637261232123	2.501773940930592	18.177341197391126	158.9724937807341	1.347588695352897E-4	-0.34636783599853516	0.0028792165072136964	1.0	-148.1581249581496	0,102,204	NA	""
255	Ash_Bo_35	-2.3780286592798765	-0.5250740330132335	0.28858392817455536	6.758034304012118	192.4512536064758	2.4523465758538054	9.942438139628823	125.49838685408673	1.3617814693134278E-4	-0.35090580582618713	0.008892494123322695	1.0	-46.82808552089087	255,0,255	NA	""
256	Ash_Bo_36	-2.3868903991300296	-0.4959751180560382	0.27228134560480904	6.3728376450843	191.7385227059738	2.4530336781940396	14.792368888854979	130.27154541015625	1.355918648187071E-4	-0.3503028452396393	0.007302431955722006	0.9489373460367203	-143.02392028897268	255,0,255	NA	""
257	Ash_Bo_37	-2.3862123173473706	-0.519244502242322	0.2479297578411136	5.79709797011916	192.2762988163526	2.454606534944519	3.637445176174322	126.0530479438809	1.3584885164164007E-4	-0.35081514716148376	0.011010241852312308	1.0	-102.44290287630191	255,0,255	NA	""
258	Ash_Bo_38	-2.3844735721728036	-0.5137992406393587	0.2688575510325184	6.289955946186079	192.160000839098	2.4539739727265477	6.294756832239839	125.90594939102445	1.3606871652882546E-4	-0.3508162796497345	0.007898934904123418	1.0	-107.77580200646514	255,0,255	NA	""
259	Ash_BP_10	-2.3428447867246947	-0.2985213239569432	0.3533139738121225	8.508129037566333	187.26140279312432	2.388067720905544	33.99520294003666	86.11326757136845	1.3573830074165016E-4	-0.35209792852401733	0.006024222093821329	1.0	162.27901843202474	0,102,204	NA	""
260	Ash_Bo_39	-2.3430707259339925	-0.47159306975052473	0.4723604068277788	11.179607402862155	191.3799581023488	2.4362891462435394	10.286215782165531	135.9503173828125	1.378715824102983E-4	-0.34922292828559875	0.003705693536183563	1.0	-84.90358346272046	255,0,255	NA	""
261	Ash_Bo_40	-2.344865959286643	-0.4734013184545923	0.46444670507635466	10.987417291750205	191.41393242456175	2.4368454848824737	10.28621578216552	135.95031738281241	1.378715824102983E-4	-0.34922292828559875	0.00493368853696463	1.0	-71.31365099429291	255,0,255	NA	""
262	Ash_Bo_41	-2.345204688059405	-0.45104598115689065	0.46916078848071	11.114265393787205	190.88658911484794	2.4338322356854083	12.97025871276855	138.58343505859375	1.376655272906646E-4	-0.34888845682144165	0.005282627209212844	1.0	-78.03057641895558	255,0,255	NA	""
263	Ash_Bo_42	-2.3227068185806274	-0.37369735538959503	0.555324137210846	13.28151369841395	189.13991960243163	2.4172301454092215	1.3365886223433798	155.58289656366438	1.3803734327666461E-4	-0.34650909900665283	0.008933028122078588	1.0	-103.20188476881381	255,0,255	NA	""
264	Ash_Bo_43	-2.317967176437378	-0.3663361072540283	0.5658425688743591	13.556333539943394	188.98085727066547	2.4139908424162337	2.0876226981509998	155.22418998876762	1.382807531626895E-4	-0.346500962972641	0.008562304818899696	1.0	-33.324414156708166	255,0,255	NA	""
265	Ash_Bo_44	-2.3199955224990845	-0.3775164932012558	0.5649437010288239	13.514660594185598	189.24233072619268	2.4174489265312142	2.28174071680799	155.1282667865166	1.382807531626895E-4	-0.346500962972641	0.007948862884438523	0.8934814871125232	136.00219114500513	255,0,255	NA	""
266	Ash_Bo_45	-2.318601131439209	-0.3893277943134308	0.5867003798484802	14.011816916596722	189.53189647726285	2.4231600594782208	2.059757770393251	154.34093541992638	1.3866812514606863E-4	-0.3465551733970642	0.006549678965852187	1.0	-22.34801803741138	255,0,255	NA	""
267	Ash_Bo_46	-2.2390094456077483	-0.36895436007044174	0.7472438924699879	18.22659422713647	189.3573723597896	2.389071797198528	18.16536479075711	174.93644197762134	1.4113844372332096E-4	-0.3438146412372589	0.01466283802899373	1.0	-129.19344347829886	255,0,255	NA	""
268	Ash_BP_11	-2.045795801061906	-0.015489636132723722	0.31298468138723423	8.697946521028044	180.43380371477568	2.069656927911754	26.319717407226552	-73.02845764160156	1.5216914471238852E-4	-0.3771142065525055	0.0042456027862011955	1.0	-158.30250117707692	0,102,204	NA	""
269	Ash_BP_12	-2.039347800261505	-0.01958549259863976	0.30384442021788954	8.47383153410698	180.55024040877146	2.0619516176790658	19.82704925537109	-74.2666320800781	1.5289058501366526E-4	-0.37830784916877747	0.005683485322010369	0.7044367911086566	-121.12392731893904	0,102,204	NA	""
270	Ash_Bo_47	-2.324376001821367	-0.43738076959791966	0.5694290383121852	13.536690605246227	190.65680512317792	2.432750534915221	10.809433670828158	152.90844660854128	1.382941409246996E-4	-0.3470070958137512	0.008459713571228678	1.0	-112.168131475015	255,0,255	NA	""
271	Ash_Bo_48	-2.3140428066910603	-0.3773600633830259	0.6093240079393847	14.56793231938843	189.26192130897206	2.42249261614693	6.572559356689455	153.96418762207028	1.3917878095526248E-4	-0.34653806686401367	0.007362339710059025	1.0	-119.30179397309918	255,0,255	NA	""
272	Ash_Bo_49	-2.3222075240433617	-0.41743792317349593	0.5705717071896259	13.594629665698875	190.1906035036631	2.4274378009482107	9.542803109603286	152.92895023096457	1.3835709250997752E-4	-0.3468855321407318	0.0072480423031286555	0.9888328091233207	-165.4793387244392	255,0,255	NA	""
273	Ash_Bo_50	-2.325740269667262	-0.43142867842798516	0.5603746481699864	13.32783991961303	190.50900741842185	2.4308883670036563	10.196532249450684	151.55754089355466	1.382941409246996E-4	-0.3470070958137512	0.0051084647179870084	1.0	179.61123607598628	255,0,255	NA	""
274	Ash_BP_13	-2.3543470426505433	-0.6461174723247347	0.7040743011212667	16.08703035011665	195.34620153838347	2.540893230102372	7.214255332946779	258.77093505859375	1.292301167268306E-4	-0.33452561497688293	0.007427535462324128	0.6324728583841676	178.47497788469255	0,102,204	NA	""
275	Ash_BP_14	-2.10204947241313	-0.5117076431256232	0.9283562039219475	23.22474550060718	193.6815570322467	2.3542094082442766	12.03885646244106	170.2556762870333	1.5024056483525783E-4	-0.3426504135131836	0.013811841396034873	1.0	174.63889447124848	0,102,204	NA	""
276	Ash_BP_15	-1.1451078253801041	1.056051621913166	1.1006509674183216	35.24405257803358	137.31685314605497	1.9073409532569332	19.546251420929366	117.11972142200058	1.635687513044104E-4	-0.3491998612880707	0.007129585878849089	0.9937312779705152	138.75885795352545	0,102,204	NA	""
277	Ash_BP_16	-1.155876137542756	1.0451831700380354	1.0983637554861134	35.17711586675409	137.87902333546245	1.9065309972924847	14.293141513990582	114.39205897871072	1.6359935398213565E-4	-0.34927695989608765	0.004410797553764834	1.0	114.84730441115151	0,102,204	NA	""
278	Ash_BP_17	-1.148972944556672	1.0510014226109332	1.0973879748150948	35.17378711447651	137.54986986609458	1.9049942742491932	14.319347381591797	114.73303222656254	1.635687513044104E-4	-0.3491998612880707	0.003417467287477063	1.0	148.14563154416098	0,102,204	NA	""
279	Ash_BP_18	-1.1502366087100548	1.0513686007355285	1.1023120483079158	35.2741938304521	137.5712676481339	1.9087985861463184	14.319347381591793	114.73303222656247	1.635687513044104E-4	-0.3491998612880707	0.003626359343741441	1.0	141.91212351658328	0,102,204	NA	""
280	Ash_BP_19	-1.150771678082965	1.053756866030389	1.1072792553484705	35.36092533517808	137.51979281378468	1.9133076953561687	19.731475206107984	117.20429760773062	1.6301886353176087E-4	-0.34827423095703125	0.006635127395394091	1.0	137.52451139608954	0,102,204	NA	""
281	Ash_BP_20	-1.1442860772878487	1.0534023256178906	1.0868226221921606	34.94483483247286	137.3680745618929	1.8974273367906969	10.542575836181642	111.95548248291014	1.6381820023525506E-4	-0.34962624311447144	0.00413387135131138	1.0	142.94061343236632	0,102,204	NA	""
282	Ash_Bo_51	-1.1860338922964022	1.068119153833989	0.9900855135007074	31.811867749853548	137.99441278923803	1.8782503146563694	5.865487037857287	100.37707791515348	1.6324507305398583E-4	-0.3515237867832184	0.011296465060510338	0.7628296026530663	109.42194488057329	255,0,255	NA	""
283	Ash_Bo_52	-1.132639999544268	1.1076441707644933	0.9831618033687025	31.823624889810038	135.63924750664185	1.8644988895677577	6.851673168219279	100.73988261336298	1.6325892647728324E-4	-0.35148775577545166	0.006033213902604491	1.0	144.45164109541867	255,0,255	NA	""
284	Ash_Bo_53	-1.1461779086178583	1.0953009340899234	0.9889347529336276	31.955368432135508	136.30027346595952	1.8685288009505663	7.258392810821534	100.67343139648439	1.6330844664480537E-4	-0.35152578353881836	0.005362778746216325	1.0	135.58212798063963	255,0,255	NA	""
285	Ash_Bo_54	-1.1187514662742615	1.10069340467453	1.0261253118515015	33.17736890174599	135.46616516555244	1.8751170550147422	11.967821526140396	107.40194285257641	1.6353563114535064E-4	-0.35055291652679443	0.012328041945048572	0.8015078107590086	63.194141825736175	255,0,255	NA	""
286	Ash_Bo_55	-1.207362127555709	1.0378468899638145	1.0090053969660302	32.364445046098936	139.31768956295736	1.8849247637956235	8.760195441097723	98.90019162558	1.6356502601411194E-4	-0.35177847743034363	0.00904616633676663	1.0	146.96635726373472	255,0,255	NA	""
287	Ash_Bo_56	-1.2547408369836048	1.0299486092529788	0.960558909778109	30.613856686819435	140.6192863401529	1.8862243039603144	4.365766438410224	94.07616725159782	1.6249658074229956E-4	-0.35263970494270325	0.007470466905456344	1.0	155.8378744216142	255,0,255	NA	""
288	Ash_Bo_57	-1.1945163745700769	1.0206166199696267	1.0684237113843804	34.21665952803714	139.48881773016228	1.9000149686575207	17.060205156553685	107.60014753108273	1.638807589188218E-4	-0.35043925046920776	0.014689440403258088	0.8710614683132193	128.26104748710526	255,0,255	NA	""
289	Ash_Bo_58	-1.2332995379536489	1.036570391455542	0.9791086874075032	31.288844963560436	139.95343500701964	1.885247927598867	6.6469369027645975	94.46716949395645	1.6296138346660882E-4	-0.35253769159317017	0.009696403612976238	1.0	142.07827294694206	255,0,255	NA	""
290	Ash_Bo_59	-1.2057574183025277	1.0333406707154413	1.0175490873392108	32.65120865200379	139.40324435247138	1.886014326215757	10.865684483032263	100.32092742678623	1.6367821081075817E-4	-0.351572722196579	0.01024516437082729	0.8405596807429453	-136.43131061078483	255,0,255	NA	""
291	Ash_Bo_60	-1.1779045950089317	1.044136214451069	1.0358280162197722	33.34729003161481	138.44508742703925	1.8843087189887842	7.62754351178126	102.94591838943356	1.6391632379963994E-4	-0.3511385917663574	0.009058439451340123	0.8609378855661961	123.51453507230555	255,0,255	NA	""
292	Ash_Bo_61	-1.2220333218574524	1.032322883605957	1.0050290822982788	32.13946317274036	139.81026798938126	1.8892166186045998	17.289054295232376	97.32655693083021	1.6328487254213542E-4	-0.3520064949989319	0.00626384275421	0.7601770444622923	142.4213041647154	255,0,255	NA	""
293	Ash_Bo_62	-1.2103236477840429	1.0131559281063898	1.060788259618281	33.90357233921333	140.06746585660372	1.9017465653410217	16.332220266811127	108.83597904005111	1.6375446284655482E-4	-0.35040101408958435	0.01020924201488907	1.0	146.07397569231009	255,0,255	NA	""
294	Ash_Bo_63	-1.1755788434805199	1.091184927747498	0.9608436206332598	30.92357643315327	137.13219520473783	1.8697300947179356	4.174250602722167	100.03759002685553	1.626823068363592E-4	-0.351692259311676	0.002872245714748575	1.0	125.77728384805461	255,0,255	NA	""
295	Ash_Bo_64	-1.163583312079523	1.086990650668781	0.9831188316467634	31.691756477808273	136.949166410109	1.8713624544512455	5.128043344593534	100.36629887663582	1.6305569442920387E-4	-0.3516867160797119	0.0046759423366629265	0.9929727526134454	141.95827555945996	255,0,255	NA	""
296	Ash_Bo_65	-1.1688173137346032	1.067411121931875	1.0092832021430012	32.52263077110066	137.59641146647536	1.8772727554187931	7.892025470733642	102.97167968750003	1.6364222392439842E-4	-0.3511160910129547	0.004022043205977723	1.0	143.13672809378252	255,0,255	NA	""
297	Ash_Bo_66	-1.146047801044649	1.0540715080479577	1.06988251647841	34.49331077318684	137.3938641008273	1.889217008557764	10.672535424527933	110.3712218616984	1.6396678984165192E-4	-0.350068062543869	0.006566707261144981	0.9867156052055456	157.8710590221592	255,0,255	NA	""
298	Ash_Bo_67	-1.1178056001663208	1.0782841444015503	1.0716520547866821	34.605632936526675	136.030999854635	1.8869616271560719	15.597875645185072	114.36270487174171	1.6372273967135698E-4	-0.34948936104774475	0.008043211406281276	0.8010634984247246	96.10693405471127	255,0,255	NA	""
299	Ash_Bo_68	-1.2872948966832085	1.0077833726123324	0.9777866712825534	30.883103163017175	141.94370642384416	1.9049467844741323	8.414634574843822	94.72865163569499	1.6204202256631106E-4	-0.35281819105148315	0.007774858712657832	1.0	169.49646607655535	255,0,255	NA	""
300	Ash_Bo_69	-1.282352808041517	1.0104068592067632	0.9834773233395359	31.064888170660094	141.76429247101126	1.9059324203515553	9.132603621280321	94.87051963564988	1.6237745876424015E-4	-0.3526393473148346	0.00746154067999432	1.0	134.68307694105184	255,0,255	NA	""
301	Ash_Bo_70	-1.26595938205719	1.018756926059723	0.9761388301849365	30.993780808665903	141.17528384185303	1.8956175371651567	8.362753034939374	93.99536318104136	1.625567820155993E-4	-0.35267534852027893	0.007597861210645671	0.8200628148614663	115.07335845289057	255,0,255	NA	""
302	Ash_Bo_71	-1.2711539268493652	1.0165077447891235	0.9906457364559174	31.326778897356885	141.35161034704691	1.9053869098214984	8.440975837748804	94.18883702792509	1.625567820155993E-4	-0.35267534852027893	0.006491756248771568	1.0	146.24859259001707	255,0,255	NA	""
303	Ash_Bo_72	-1.2752501368522644	1.014180302619934	0.9869986474514008	31.20569040605282	141.50548911910323	1.9049910571535171	7.7780847549438485	94.39280700683595	1.6237745876424015E-4	-0.3526393473148346	0.004318413435009293	1.0	173.43041365293064	255,0,255	NA	""
304	Ash_Bo_73	-1.2394181489944458	0.9977434873580933	1.0616578459739685	33.71284725880288	141.16560187999923	1.9127903169297975	4.999872629864367	115.75180697292345	1.6323788440786302E-4	-0.34901079535484314	0.015509601013782074	1.0	-100.42640930109422	255,0,255	NA	""
305	Ash_Bo_74	-1.262381136417389	0.9695942997932434	1.1107156872749329	34.90688272608889	142.47329408556212	1.9409813439939692	13.380729512091264	118.7991374989041	1.6322587907779962E-4	-0.3484606444835663	0.012153513730227734	0.5409791282658972	150.07526298371255	255,0,255	NA	""
306	Ash_Bo_75	-1.2238311067375094	1.0027637104937084	1.118554177928034	35.25915191134947	140.6700276106652	1.9376431781578687	16.907302099970202	121.32030576459493	1.6352023521903902E-4	-0.34819748997688293	0.020810902161958876	0.2814417941039069	-179.30259645466523	255,0,255	NA	""
307	Ash_Bo_76	-1.2496635846279496	0.99007318016221	1.0674262936269652	33.80278083095749	141.6112083554837	1.9186721630200112	6.556447065363779	115.27485473283915	1.6315212997142226E-4	-0.34908127784729004	0.006327371677227747	1.0	172.88157284554146	255,0,255	NA	""
308	Ash_Bo_77	-1.2507342287496976	0.9767075827567387	1.0938347956864793	34.577895060343884	142.01346008708407	1.9273734390187842	10.245543819680982	117.8461013023365	1.635013904888183E-4	-0.3486570417881012	0.007628345352168868	1.0	150.75794266048257	255,0,255	NA	""
309	Ash_Bo_78	-1.2652416692838713	0.9848346199186337	1.060718051838375	33.48714900159343	142.10364165551806	1.9224615719900133	7.478384602339136	113.43943861470271	1.6328479978255928E-4	-0.34934693574905396	0.005491537155462096	1.0	145.04229482885574	255,0,255	NA	""
310	Ash_Bo_79	-1.272043775443517	0.9716410362068781	1.0743154396765096	33.8679803856629	142.6258727481185	1.927779897657693	6.745374115382833	114.41051002786959	1.6331809456460178E-4	-0.3492470979690552	0.00848241610162121	1.0	-158.57047897017392	255,0,255	NA	""
311	Ash_Bo_80	-1.297014136180832	0.9462193078633558	1.099180876634068	34.39716969027186	143.88787964034935	1.9457068760695575	14.719393234225626	120.17041473998323	1.6282167052850127E-4	-0.3487228453159332	0.006362147521831718	1.0	144.83602586914859	255,0,255	NA	""
312	Ash_Bo_81	-1.243636567820128	0.9787597825549459	1.1050068221012919	34.92371744672905	141.79674790765955	1.9301924001655455	9.976021898889737	118.98663363465522	1.635013904888183E-4	-0.3486570417881012	0.006327380228612986	1.0	134.25459278086433	255,0,255	NA	""
313	Ash_Bo_82	-1.3346848284565447	0.8822704175214029	1.1932740926781498	36.716594719328135	146.53398958004223	1.9959177691484007	24.212082488555925	174.31907276987974	1.606234145583585E-4	-0.3410484194755554	0.01061889760157688	1.0	87.41735777215979	255,0,255	NA	""
314	Ash_Bo_83	-1.3135199348825568	0.9325074573154457	1.1183503242857684	34.77039281742983	144.62790750975526	1.9610232597072574	15.733613967895508	128.35826110839844	1.6232856432907283E-4	-0.3471303880214691	0.005337954545875027	1.0	151.13512093877603	255,0,255	NA	""
315	Ash_Bo_84	-1.306831181049347	0.9360232949256897	1.124976396560669	34.986041904336446	144.3877099350346	1.9620191735110546	20.177982808058545	129.76390646797407	1.6232856432907283E-4	-0.3471303880214691	0.00596456259154013	0.8484740275223407	133.86116427904363	255,0,255	NA	""
316	Ash_Bo_85	-1.285624534466944	0.9539126398888994	1.0899078410524141	34.2479291050025	143.42518180107686	1.9366669486906336	9.395568117722291	117.26703031212867	1.6305629105772823E-4	-0.34893953800201416	0.006742747271199687	1.0	118.700152847198	255,0,255	NA	""
317	Ash_Bo_86	-1.287132301840986	0.9401790378600512	1.145102233119722	35.69383184291133	143.85393563194947	1.9626271449181834	23.971183156269515	138.0502531215646	1.625624718144536E-4	-0.3454011380672455	0.007493675452016043	0.4640985552823529	-178.9918525262427	255,0,255	NA	""
318	Ash_Bo_87	-1.3574314468040725	0.8383426023910135	1.2605805914704455	38.31272878637935	148.30073777735302	2.033347456621301	27.405160465544416	216.10813778260436	1.6001652693375945E-4	-0.33589422702789307	0.016790017490372906	0.6888225194954162	152.95267359953024	255,0,255	NA	""
319	Ash_Bo_88	-1.3938721332042592	0.7980611336219254	1.3000518866501793	38.987099196736416	150.20671615988516	2.0663775077908673	14.882372856140135	241.44580078125003	1.5998765593394637E-4	-0.33060863614082336	0.015177536031195845	0.4960547623494125	165.0322946830095	255,0,255	NA	""
320	Ash_Bo_89	-1.3471964597702026	0.8585409820079803	1.2336684465408325	37.67695966511556	147.49146431847015	2.0184074799195195	33.620365233210904	196.3054402204671	1.6042149218264967E-4	-0.33872056007385254	0.008388197511953006	1.0	160.98475286423712	255,0,255	NA	""
321	Ash_Bo_90	-1.2384161949157715	0.9615950882434845	1.1868553757667542	37.1245130932286	142.17167357798323	1.9664601365270784	13.341182708740238	151.4137115478516	1.6314316599164158E-4	-0.34326449036598206	0.010883655474722597	0.8706041694802061	-131.28252561784907	255,0,255	NA	""
322	Ash_Bo_91	-1.2781010270118713	0.897718071937561	1.235891342163086	38.35418702735518	144.9163983790496	1.9916996213198832	26.404893377821967	168.70141974763072	1.6216628137044609E-4	-0.34054845571517944	0.015072569855642176	1.0	-133.23861235830637	255,0,255	NA	""
323	Ash_Bo_92	-1.2434670329093933	0.9325619339942932	1.232845425605774	38.42068427146747	143.1312330210009	1.9838825232620878	26.710915417513604	163.38478132621003	1.6287228208966553E-4	-0.34181806445121765	0.007526488528542585	1.0	165.08392944439223	255,0,255	NA	""
324	Ash_Bo_93	-1.2469866871833801	0.942687451839447	1.2045594453811646	37.61663630911671	142.9117276798094	1.9734738121710937	15.579673426126561	153.61194237001774	1.631868799449876E-4	-0.343269020318985	0.010825204788488807	0.7144812510646082	144.68437313842085	255,0,255	NA	""
325	Ash_Bo_94	-1.2335140109062195	0.930590808391571	1.2623658180236816	39.247942119894866	142.96827383403266	1.9952753008743995	30.06356282245963	180.27089485250866	1.6216569929383695E-4	-0.33823472261428833	0.008234914771208288	1.0	169.76441864532313	255,0,255	NA	""
326	Ash_Bo_95	-1.2278716564178467	0.953452467918396	1.220708429813385	38.140070054922404	142.17036606695473	1.9765802497828024	23.405096561941527	162.0285607186703	1.6306000179611146E-4	-0.34211963415145874	0.008453565259082012	0.6345606000086905	168.81608304525702	255,0,255	NA	""
327	Ash_Bo_96	-1.2414348125457764	0.9374625980854034	1.22561514377594	38.233013255968906	142.9419246454288	1.9804365673412818	26.26614761352538	160.5462036132812	1.6287228208966553E-4	-0.34181806445121765	0.007983861999189362	1.0	145.20527994641742	255,0,255	NA	""
328	Ash_Bo_97	-1.2858068900381803	0.8861875807051542	1.2542804647329187	38.77131453915321	145.42510242696767	2.0029596278698025	28.462311262400686	177.354826025298	1.6192263865377754E-4	-0.33940890431404114	0.006389781535079046	1.0	165.6177795650473	255,0,255	NA	""
329	Ash_Bo_98	-1.279491563537323	0.892658304638438	1.248525393794607	38.669634469721004	145.09781244907467	1.998187470922869	28.30363273620606	176.36633300781253	1.6216628137044609E-4	-0.34054845571517944	0.005522182374744044	1.0	-94.72890959429505	255,0,255	NA	""
330	Ash_Bo_99	-1.2529601454734802	0.9213861227035522	1.2374343872070312	38.50716550477032	143.67044651134802	1.987487201442578	24.132193003428746	165.39299561538763	1.6267962928395718E-4	-0.3413337171077728	0.008642139508753116	0.6150473430021691	-179.8144166093803	255,0,255	NA	""
331	Ash_Bo_100	-1.24605131149292	0.9105794727802277	1.2795749306678772	39.662533488998584	143.8417092178489	2.004772019536298	29.873052042421417	189.7197988483012	1.619557006051764E-4	-0.33767202496528625	0.011158307863426668	0.31575307302653993	164.15096394820893	255,0,255	NA	""
332	Ash_Bo_101	-1.239187240600586	0.9162285923957825	1.2831779718399048	39.7816222457016	143.52156944830634	2.0053941154311845	30.432779312133793	187.0546569824219	1.619557006051764E-4	-0.33767202496528625	0.009657714451191382	0.37231134127696863	-173.8877924922699	255,0,255	NA	""
333	Ash_Bo_102	-1.122809488953977	1.0342134635319638	1.2847131720411855	40.08361821968189	137.35200403811027	1.9951908608080573	32.199981664030325	214.22004191065656	1.6148306895047426E-4	-0.33418703079223633	0.01550388441132302	1.0	-146.53788658381114	255,0,255	NA	""
334	Ash_Bo_103	-1.1390446310630005	1.019587112078491	1.2844223692890566	40.03682344589558	138.16748681084474	1.996677583737574	31.99133093719764	213.9347755005099	1.6131966549437493E-4	-0.3336138129234314	0.011439706053258853	1.0	-159.85897775800726	255,0,255	NA	""
335	Ash_Bo_104	-1.101033578578945	1.0575630332484018	1.2695134552159144	39.74550211518701	136.1536857550926	1.985542475855444	28.43676833462135	211.8735514363497	1.6157473146449775E-4	-0.3332502543926239	0.014073853720532098	0.7947928912159946	179.3076464194264	255,0,255	NA	""
336	Ash_BP_21	-1.1891263932710423	0.964547606887218	1.2904232382600649	40.12381430523976	140.95311998772578	2.0023900216908914	33.018302666227974	201.526275437878	1.618486421648413E-4	-0.3362866938114166	0.004464740556610854	1.0	157.70757925935254	0,102,204	NA	""
337	Ash_Bo_104	-0.5484181352532171	1.503692799883047	0.37114065806528057	13.054968887362497	110.03763141621914	1.6430459140157536	37.93771479913187	-14.907644388296697	1.632532657822594E-4	-0.36816349625587463	0.009845008156203004	1.0	-168.88591499989937	255,0,255	NA	""
338	Ash_Bo_105	-0.5690927564392643	1.4704217941470963	0.3439010779455288	12.304274691192058	111.15777686849152	1.6137765550244254	46.40855963214145	-53.71537421080269	1.649842015467584E-4	-0.3732781708240509	0.012469422558586678	0.921515456478391	-144.99194904516477	255,0,255	NA	""
339	Ash_Bo_106	-0.5745434761047363	1.4787078499794006	0.40065158903598785	14.173850621453248	111.2333526484105	1.6362147803153098	39.75806514440551	-19.1335904320297	1.6371635138057172E-4	-0.36800023913383484	0.013917763970964569	0.6902865094970507	-140.14349168065485	255,0,255	NA	""
340	Ash_Bo_107	-0.5855721474205147	1.4590767192405312	0.37339663157005953	13.360222952241312	111.86710194079436	1.6159284194951988	33.23595316854477	-42.12765588790066	1.6490239067934453E-4	-0.37207451462745667	0.013836589339284519	1.0	77.46395320532032	255,0,255	NA	""
341	Ash_Bo_108	-0.5657162917694987	1.4778199362095787	0.49834480451572427	17.480774576958318	110.94707655415579	1.6590160429663514	18.092909505849164	18.1311313773193	1.6514898743480444E-4	-0.3647635579109192	0.011368241601388213	1.0	-153.44002521628096	255,0,255	NA	""
342	Ash_Bo_109	-0.6108181774616241	1.4460870623588562	0.4979831874370575	17.600458979205985	112.89889337705605	1.6468921922242445	17.31982321670725	0.34886018308084277	1.6568413411732763E-4	-0.3676900863647461	0.010300679168467846	0.8297140380525768	-169.21777248991856	255,0,255	NA	""
343	Ash_Bo_110	-0.589799553155899	1.468833327293396	0.4596187621355057	16.192175260857265	111.8775758763834	1.648206377483615	22.710042734631166	6.557023019517419	1.6465928638353944E-4	-0.36636966466903687	0.008699415903650688	1.0	174.94974798669173	255,0,255	NA	""
344	Ash_Bo_111	-0.5230042636394501	1.5213384628295898	0.4568268805742264	15.852841525418272	108.97189540685343	1.672332196988661	22.854341589002527	36.83773475269915	1.6331566439475864E-4	-0.36257925629615784	0.013561579437383467	0.9439224124486595	-87.57208523668604	255,0,255	NA	""
345	Ash_Bo_112	-0.573216545331406	1.4781732543694537	0.46352378476225675	16.297102969767472	111.19565105608231	1.6517952890159182	21.38591008414384	10.711361306300176	1.6465928638353944E-4	-0.36636966466903687	0.009747198756813992	1.0	-90.44019408735112	255,0,255	NA	""
346	Ash_Bo_113	-0.6016482710838318	1.4629032015800476	0.45034535229206085	15.891958987893597	112.3558977857336	1.6446511349287354	26.90183598597918	-2.406194902159026	1.6493799921590835E-4	-0.36823633313179016	0.0125099624132459	0.5600399084114863	-159.28709366661664	255,0,255	NA	""
347	Ash_Bo_114	-0.5992814500250111	1.4626493495604016	0.4418309540382198	15.616918322254332	112.28005330605289	1.6412482956761507	29.41845337111436	-2.3686098316211948	1.6470612899865955E-4	-0.36852189898490906	0.010044950147304374	1.0	-169.53778847733716	255,0,255	NA	""
348	Ash_Bo_115	-0.5306011789378559	1.50505521606561	0.4860520871977362	16.939322328835615	109.41989783377174	1.6682252383793434	15.825861765013684	28.35030578627196	1.6451119154226035E-4	-0.36354848742485046	0.008385173361643952	1.0	-116.58241934514109	255,0,255	NA	""
349	Ash_Bo_116	-0.40225987746983904	1.6471887619112924	0.34032060828551736	11.348966235826586	103.72358937394371	1.7294108658189733	23.844874484160478	54.208416092879695	1.5949862427078187E-4	-0.35829678177833557	0.009921098804579108	1.0	-165.53879441705834	255,0,255	NA	""
350	Ash_Bo_117	-0.40827644443330735	1.6125157341827574	0.4536729553994915	15.255716583881549	104.20825581458185	1.724156546989562	16.561231037864676	77.21979625196245	1.6006239457055926E-4	-0.3559238612651825	0.009699760329425827	1.0	-158.14437095414786	255,0,255	NA	""
351	Ash_Cr_01	-0.9517753332188704	0.07420179142821232	1.4540310190980188	56.71256701449082	175.54215455263517	1.7394218566162354	12.343422612077868	137.8055535764552	1.858827454270795E-4	-0.3427470326423645	0.03429398885183603	1.0	-108.27398595249615	255,102,0	NA	""
352	Ash_Bo_118	-0.8974702060222626	0.40287943184375763	1.5043458342552185	56.817765522241196	155.82441952546955	1.7974484683410041	25.292014966070138	193.58209645516914	1.837602467276156E-4	-0.33598434925079346	0.01806623965922595	1.0	78.05300080452614	255,0,255	NA	""
353	Ash_Bo_1	-0.9183634306840909	0.40255385325758636	1.5084637803498275	56.38693541231334	156.33032070842964	1.811326578013384	26.174985490824024	205.3870555504816	1.837602467276156E-4	-0.33598434925079346	0.010178966866516261	0.8761223517953786	-36.24774849550613	255,0,255	NA	""
354	Ash_Bo_119	-0.8870998670607526	0.46817523746140055	1.496003674348199	56.15835959684447	152.17673002240628	1.8011555237609427	25.890449428634334	191.73395270750547	1.829299726523459E-4	-0.33612972497940063	0.011098098265414255	1.0	38.22219318371931	255,0,255	NA	""
355	Ash_Bo_120	-0.8611593408509872	0.48706013133662784	1.4864529438758964	56.353018597216135	150.50808390736722	1.7855994333080079	21.80612898051742	181.57254792667314	1.84008531505242E-4	-0.33888140320777893	0.006633006503765714	1.0	-44.766889395531344	255,0,255	NA	""
356	Ash_Bo_121	-0.890284538269043	0.4483906626701355	1.4997296333312988	56.38920486455416	153.2679483074316	1.8007914145016126	24.670058522182085	192.00171224377263	1.8306543643120676E-4	-0.33566683530807495	0.006109550266571527	0.7461752364352497	-32.03953742841273	255,0,255	NA	""
357	Ash_Bo_122	-0.977300763130188	0.4499141275882721	1.535371720790863	54.97969127603984	155.2803569369227	1.8748082101438162	5.264769147774984	255.76284657803424	1.8054526299238205E-4	-0.3307982087135315	0.015867601058543228	0.606310841065429	68.81089073146516	255,0,255	NA	""
358	Ash_Bo_123	-0.8736140601466139	0.43506193329975384	1.494459687300339	56.85361275655667	153.5265833831876	1.7849062073000357	23.274465560913086	185.44343566894534	1.8423986330162734E-4	-0.3373841941356659	0.006763204082063464	0.803619917370558	90.36660115961253	255,0,255	NA	""
359	Ash_Bo_124	-0.9293131287766823	0.4362647299414657	1.5139142221478035	55.857888060076554	154.85235856730887	1.8291763386642073	39.33723068237305	226.88748168945307	1.824006758397445E-4	-0.33383941650390625	0.005398632670005619	1.0	-7.896657269360488	255,0,255	NA	""
360	Ash_Bo_125	-0.891711413860321	0.4828259199857712	1.496101200580597	55.87112758341586	151.56623425119068	1.8073707193040343	30.558525466977294	198.35698145188252	1.8318336515221745E-4	-0.3369397819042206	0.009430327416958246	1.0	12.574850021322785	255,0,255	NA	""
361	Ash_Bo_126	-0.8632168948200613	0.45646472683495004	1.4908654360423128	56.77632658830597	152.1303405115307	1.7821849518871293	19.849887085262015	176.58048433077502	1.840673212427646E-4	-0.33766868710517883	0.0060207041811031975	1.0	-23.436749264217884	255,0,255	NA	""
362	Ash_Bo_127	-0.8072035441676682	0.4199039174221982	1.485418881482643	58.51058647625645	152.5167370467059	1.7419432008674964	6.641276146986388	160.33466997824675	1.8532109970692545E-4	-0.3383663296699524	0.0031912295691177888	1.0	77.64727268157355	255,0,255	NA	""
363	Ash_Bo_128	-0.8218488583835103	0.39479449583285015	1.4914988537914795	58.56249005607044	154.34159929749885	1.7481038501266137	6.201759514959851	163.25211795243268	1.8522143363952637E-4	-0.3380134403705597	0.008677241505921775	0.7086693077811518	-14.2803531794164	255,0,255	NA	""
364	Ash_Bo_129	-0.843972235918045	0.3343241214752197	1.4981151223182678	58.78635502266621	158.38991367205523	1.7516879496415336	6.843680858612059	165.672134399414	1.8537569849286228E-4	-0.33747851848602295	0.010750161608074476	0.6380344359279003	12.627565668904767	255,0,255	NA	""
365	Ash_Bo_130	-0.8915938203971554	0.3477432761073912	1.5022218246078813	57.5003398971807	158.69300677504245	1.7811612327289545	21.445351400488022	184.38598308101078	1.8434775120113045E-4	-0.33633720874786377	0.006200770856993772	1.0	11.718430588680418	255,0,255	NA	""
366	Ash_Bo_131	-0.8966214060783386	0.42083384096622467	1.5040148496627808	56.63306746314966	154.8567469971481	1.8008586106483873	22.42826680527061	194.14671689619965	1.8361941329203546E-4	-0.33610060811042786	0.006010168330053268	1.0	-23.98566355607028	255,0,255	NA	""
367	Ash_Bo_132	-0.9141754347468829	0.44446190101887545	1.5080048928432837	56.017412026642525	154.07149595620405	1.8186098712454104	31.496897473200804	209.68938369711572	1.8229198758490384E-4	-0.33416175842285156	0.013287228903482612	0.4756439272285036	-10.362617255335456	255,0,255	NA	""
368	Ash_Bo_133	-0.9213606763751798	0.48584942256206615	1.5069806034825715	55.3481110404919	152.1965430606082	1.8319240422700713	30.42052822484548	241.62120952560375	1.8160320178139955E-4	-0.3340945541858673	0.011614990329984828	0.6506489178239127	-9.216514388696359	255,0,255	NA	""
369	Ash_Bo_134	-0.7957872264337843	0.463924579898057	1.4728740064190287	57.97794345970453	149.7588556556135	1.7371992299024326	16.67112857910841	153.9189614039646	1.8515909323468804E-4	-0.34001579880714417	0.01069254141676834	1.0	104.45893576374297	255,0,255	NA	""
370	Ash_Bo_135	-0.8488194629898567	0.494990693271591	1.4806129133884012	56.42989187871099	149.7513190380807	1.7769988369350072	20.317085645282262	169.1012056901813	1.8360988178756088E-4	-0.3386841416358948	0.007314408873602852	0.6424048644679736	-37.42149575936597	255,0,255	NA	""
371	Ash_Bo_136	-0.8840438723564148	0.49858222901821136	1.4917901754379272	55.77038391679214	150.577912111991	1.8043158633888954	30.271133074837795	195.40456576031792	1.8292981258127838E-4	-0.3373525142669678	0.009910654868600807	0.704449268928417	-0.8752616755859536	255,0,255	NA	""
372	Ash_Bo_137	-0.8662820895468147	0.5296154797851385	1.480468588638095	55.556474757590024	148.5597994514615	1.7951948242577216	42.987016633627135	192.29473014891985	1.821063633542508E-4	-0.3375956118106842	0.00834525257751082	1.0	-23.584820067673547	255,0,255	NA	""
373	Ash_Bo_138	-0.6177110032491299	0.7594973299941582	1.4140984951779556	55.30513773090846	129.12199480715012	1.71990628578067	15.428233503312011	156.8967292210915	1.8328351143281907E-4	-0.3401223421096802	0.01010494395121113	0.5537452987481903	-14.912542387605658	255,0,255	NA	""
374	Ash_Bo_139	-0.6364807524410876	0.7591199526752348	1.4164309385948997	55.03133448303848	129.9780013179006	1.7284812566488685	15.004159829934562	156.7940759164865	1.8294573237653822E-4	-0.3399406969547272	0.00797403604070302	0.9120873944759036	5.174363781020213	255,0,255	NA	""
375	Ash_Bo_140	-0.6921473145484924	0.7401796281337738	1.423701524734497	54.55709492568318	133.07933660437754	1.74752963307415	9.387673377990723	152.91006469726562	1.8311705207452178E-4	-0.34074944257736206	0.01207318876396263	0.8171204715430395	18.850205880581733	255,0,255	NA	""
376	Ash_Bo_141	-0.6718278527259827	0.7404724061489105	1.4222308993339539	54.89284405872076	132.21734073042654	1.7385030281787344	8.113978900173487	151.7579941263489	1.8312806787434965E-4	-0.34065258502960205	0.00877897261453108	1.0	24.889657520980897	255,0,255	NA	""
377	Ash_Bo_142	-0.6053213618843417	0.7628052993215981	1.4115914132332574	55.39977940115411	128.4336298003262	1.7148983041978008	17.340754781783847	157.76895137818576	1.831407134886831E-4	-0.3399227559566498	0.007820067665318764	0.9187608665179225	-14.211197173768857	255,0,255	NA	""
378	Ash_Bo_143	-0.5962508022785187	0.7844602763652802	1.4079341292381287	55.01384932483703	127.23765764612334	1.718479402462071	15.261729726678176	163.612303976331	1.828136737458408E-4	-0.3394874334335327	0.00858486858140488	0.9565375110722674	62.68552906844278	255,0,255	NA	""
379	Ash_Bo_144	-0.5485526919364929	0.7915442883968353	1.3987500071525574	55.452479550553335	124.72257052361716	1.6982208333528666	16.56430244445801	162.30943298339838	1.8296604685019702E-4	-0.3396395146846771	0.0068868290501266916	0.8759282795026174	-31.026304612445422	255,0,255	NA	""
380	Ash_Bo_145	-0.5513624250888824	0.7805259525775909	1.401464819908142	55.710836599715726	125.23732938420241	1.6962679410656827	15.159400821532397	158.06181016644612	1.8339928647037596E-4	-0.3400781750679016	0.006476027610583464	0.731788858111307	-22.952994739449966	255,0,255	NA	""
381	Ash_Bo_146	-0.5495635774293444	0.7707943501815719	1.4016942154844094	55.966463932316536	125.48823876957762	1.6914167817635088	14.27193214263405	156.32477282464978	1.8339928647037596E-4	-0.3400781750679016	0.0034069602171220574	1.0	-4.659144707462596	255,0,255	NA	""
382	Ash_Bo_147	-0.5230848218065232	0.8017234056363218	1.3958459087622521	55.5575225010008	123.12245810509447	1.6925613581072274	11.830597877502443	163.38270568847662	1.8311655730940402E-4	-0.33950096368789673	0.008975190023656593	0.6698430848608948	94.19846385982201	255,0,255	NA	""
383	Ash_Bo_148	-0.524711074954483	0.7790047362047888	1.3972143329302746	56.090112433652294	123.96286638793104	1.6835611017587615	14.92333175728392	158.40969408994184	1.8368219025433064E-4	-0.34028008580207825	0.009236773136584487	0.6481459308431403	1.8746228405433094	255,0,255	NA	""
384	Ash_Cr_02?	-0.508042852830404	0.825250789995787	1.3928664940711135	55.17148992682805	121.61738206060328	1.6968274741430496	18.123937014907746	169.60167756363546	1.8190416449215263E-4	-0.3379784822463989	0.006670895797245327	1.0	-77.15723239681489	255,102,0	NA	""
385	Ash_Bo_149	-0.9315142516973538	0.3759717542486039	1.5136114467448967	56.429278278535925	158.02033049478806	1.8166158572536002	38.757127183955035	220.7227535543727	1.8255891336593777E-4	-0.33359241485595703	0.015640426394085895	1.0	88.92197716612317	255,0,255	NA	""
386	Ash_Bo_150	-0.8096043442263668	0.7603545006383844	1.437798335781599	52.31452701921214	136.79678792244889	1.81682751388446	41.93202700373806	217.84032479597357	1.7879993538372219E-4	-0.33680829405784607	0.01583627732930625	0.653345050187825	1.3793234881230672	255,0,255	NA	""
387	Ash_Bo_151	-0.8175850775316543	0.6912118360225332	1.4492467073670168	53.54524178299889	139.7877831347465	1.8018144133273608	45.12069164206303	205.5301047989038	1.807440276024863E-4	-0.33828842639923096	0.0059498459111404075	1.0	-24.366262142421228	255,0,255	NA	""
388	Ash_Bo_152	-0.818843205857387	0.6805613729745023	1.4508306211960622	53.72572552193418	140.26916944666715	1.7996048092744958	45.07873810708787	205.29218670795194	1.8061544687952846E-4	-0.33803802728652954	0.006242957624349716	0.6721007106395162	-0.2548411874316664	255,0,255	NA	""
389	Ash_Bo_153	-0.7926716745493012	0.661964397975694	1.446058943265825	54.4668390924123	140.13456052465844	1.7769669989111199	22.27942657470704	165.70332336425784	1.821740297600627E-4	-0.3397614061832428	0.004238738865411916	0.204757405607413	84.99270177496342	255,0,255	NA	""
390	Ash_Bo_154	-0.7997202714685011	0.7252849370890401	1.440201894905381	53.143500813609755	137.7943829071965	1.7999367351812552	34.809102934234794	196.87816445637455	1.807082153391093E-4	-0.3388579487800598	0.005466240380616153	1.0	-53.34007760341346	255,0,255	NA	""
391	Ash_Bo_155	-0.782230771288638	0.6938044098730335	1.4390954244030274	53.999434227383006	138.42837980095638	1.7788325326595011	24.2106846582977	168.34361303172676	1.8173674470745027E-4	-0.33965548872947693	0.005008508962692407	1.0	9.340172776802873	255,0,255	NA	""
392	Ash_Bo_156	-0.7628203332424164	0.7041531503200531	1.4332428574562073	54.083182139797785	137.2901516039202	1.769720771297823	20.42406443414719	163.57372047062057	1.8208638357464224E-4	-0.3402145802974701	0.009717189272516491	1.0	-75.85296518591161	255,0,255	NA	""
393	Ash_Bo_157	-0.7910917525115213	0.7657936635690732	1.4283254288659817	52.37304393688574	135.9309266825945	1.8034355066925691	33.49089815406133	192.34508962585502	1.7879993538372219E-4	-0.33680829405784607	0.0055770790357227715	1.0	-29.326383384813795	255,0,255	NA	""
394	Ash_Bo_158	-0.5151525669675451	0.7824900268596936	1.3959694941216194	56.134245527150945	123.35892175783633	1.6811911366368504	15.450603900834123	157.60276988992337	1.8314937187824398E-4	-0.3396417200565338	0.004744669183836207	1.0	0.5621372064445078	255,0,255	NA	""
395	Ash_Bo_159	-0.4860140733953161	0.7988231644711076	1.3915015150798027	56.09986005062922	121.31685779129162	1.676485787026937	14.998956659764824	162.09403993158804	1.8299977818969637E-4	-0.33929187059402466	0.00827879708539576	0.8847684313052456	-53.69676108746171	255,0,255	NA	""
396	Ash_Bo_160	-0.46338848769664764	0.8158401548862457	1.388584315776825	55.953405167692296	119.59611200285322	1.675855140182466	18.416570243559995	168.54346493492122	1.82227129698731E-4	-0.338131308555603	0.008860443605636571	1.0	2.211487427141214	255,0,255	NA	""
397	Ash_Bo_161	-0.47825787961483	0.8184670209884644	1.3899757862091064	55.706248217863134	120.29918428412769	1.6824540261496086	18.30887949089438	169.10212987289327	1.8234610615763813E-4	-0.3383593261241913	0.006013328861637944	1.0	-45.515554770389045	255,0,255	NA	""
398	Ash_Bo_162	-0.487765908241272	0.8448408246040344	1.3921232223510742	54.97897805165833	119.9998387987387	1.6999054874813468	28.72719443927575	181.5556636732231	1.810793619370088E-4	-0.3368048667907715	0.00756129571098373	1.0	-137.0276246942069	255,0,255	NA	""
399	Ash_Bo_163	-0.5129668883277856	0.7126782080903798	1.4041762918295142	57.9804865110637	125.74533952094554	1.6561269019443199	5.681740760803221	145.0851440429687	1.8490191723685712E-4	-0.34113946557044983	0.005820575704302921	0.9228581172357793	-38.37191439359212	255,0,255	NA	""
400	Ash_Bo_164	-0.5264697074890137	0.7116804718971252	1.4068639874458313	57.82053779617736	126.49239664088775	1.6622050794517707	5.069074630737305	144.59715270996102	1.8496980192139745E-4	-0.3413967192173004	0.010607580016309763	1.0	-120.29266916261028	255,0,255	NA	""
401	Ash_Bo_165	-0.502322256565094	0.7055436968803406	1.404965102672577	58.348134630215114	125.44952660024397	1.6504685690360754	5.786811351776123	145.05120849609372	1.8490191723685712E-4	-0.34113946557044983	0.005321508887684278	0.9273517982990844	-12.393664428346083	255,0,255	NA	""
402	Ash_Bo_166	-0.532602635568588	0.7426964759879087	1.402768986148602	56.91508019867126	125.64507101852912	1.674223536855172	8.32480239868164	148.49897766113276	1.8435125821270049E-4	-0.3409510552883148	0.007929953731044227	0.5134526668946132	-53.08698754408786	255,0,255	NA	""
403	Ash_Bo_167	-0.8157767057418823	0.8324295282363892	1.420214831829071	50.6255520733725	134.42112585108606	1.8372372524141274	39.77753795012593	245.63042372132864	1.766061905073002E-4	-0.3341589868068695	0.008920610361026975	1.0	29.982779027085524	255,0,255	NA	""
404	Ash_Bo_168	-0.8099378347396851	0.8197599053382874	1.4203555583953857	50.94619873625689	134.65468665521325	1.8290477059955859	41.16533442704299	246.6975782828303	1.766061905073002E-4	-0.3341589868068695	0.005033622718255841	0.5841567812533667	-13.04677507031287	255,0,255	NA	""
405	Ash_Bo_169	-0.6579858064651489	0.8041999638080597	1.4140604734420776	53.69086288872172	129.2895783332691	1.7547791672600028	23.047574857489494	172.33242182686897	1.8125130736734718E-4	-0.33819273114204407	0.012620802087197954	1.0	-6.8783461647127435	255,0,255	NA	""
406	Ash_Bo_170	-0.6712988965985145	0.7890957219448957	1.4146789649843696	53.78364305259013	130.38845158801192	1.753462529093612	20.060019982974843	163.81080543170455	1.819645840441808E-4	-0.33929017186164856	0.00749240173699436	1.0	-51.68290807439878	255,0,255	NA	""
407	Ash_Bo_171	-0.6657353890729227	0.7581236434899922	1.4181128813483304	54.56948275608	131.2875208427343	1.7404020257769985	13.35603501430892	156.1943239377707	1.8260492652188987E-4	-0.34013596177101135	0.006959618217819662	1.0	51.79700911634339	255,0,255	NA	""
408	Ash_Bo_172	-0.5897132977020582	0.8130286639791224	1.4050451479857506	54.44138959418762	125.9544671159432	1.7271158761984133	20.821495743131965	174.86698242783876	1.8172753334511071E-4	-0.33811697363853455	0.010152978677129328	0.7026284988861189	22.978682444690506	255,0,255	NA	""
409	Ash_Bo_173	-0.6733104253967339	0.7710147647678101	1.4156658006078997	54.130416282755505	131.130005502631	1.7469746293088226	14.177360534667976	157.47080993652344	1.8203712534159422E-4	-0.3396894633769989	0.003717715452884874	1.0	-2.817468218344801	255,0,255	NA	""
410	Ash_Bo_174	-0.7006231235603411	0.7548183098786639	1.418048667461341	54.010762648152124	132.86750505508203	1.7525653954943925	13.634482310549206	158.87444223898112	1.820817997213453E-4	-0.34009674191474915	0.005788114066830978	0.9300113657282933	55.24836203391216	255,0,255	NA	""
411	Ash_Bo_175	-0.6521322131156921	0.7767427861690521	1.4165119528770447	54.39788512043633	130.01590964090008	1.7421572523433042	18.46644902484864	160.91365400010247	1.819645840441808E-4	-0.33929017186164856	0.007069965480205809	1.0	58.84595655669589	255,0,255	NA	""
412	Ash_BP_22	-0.1598795312424664	1.1600647978575553	1.159828073853772	44.724637344979314	97.84704113161551	1.6481847471196769	18.59163129960099	140.74213261827833	1.7494551138952374E-4	-0.34311988949775696	0.009861705518652253	1.0	-7.2648276926775255	0,102,204	NA	""
413	Ash_BP_23	-0.21512474241300583	1.121257740741483	1.1739752492971842	45.79831596600389	100.86080036629939	1.6375944131357258	22.03748321533202	138.20593261718744	1.7698312876746058E-4	-0.34435293078422546	0.00479746370888656	1.0	85.62579042319166	0,102,204	NA	""
414	Ash_BP_24	-0.4066204887097893	1.0818763324772036	1.2518028702652986	47.284275728935526	110.5986036884107	1.7037626145145197	7.352752044986816	149.90496468033868	1.7778913024812937E-4	-0.34151339530944824	0.011856660444900843	0.5132548812767289	-28.63566304985477	0,102,204	NA	""
415	Ash_Bo_176	-0.40390587322304294	1.0140757398064904	1.2995571814870859	49.9716612763336	111.71736825560228	1.6971559823548361	7.115781815075941	160.19454904769242	1.7876898346003145E-4	-0.33947816491127014	0.014079812630359585	0.8779107085167004	87.40333568077973	255,0,255	NA	""
416	Ash_Bo_177	-0.40939485027375294	0.9234349365362482	1.352732742860794	53.25044904418296	113.90958405675228	1.6882600803946233	13.494196916324233	166.36456910371695	1.8006227037403733E-4	-0.3382457196712494	0.018604255902670425	0.4872420008870629	132.55237976320902	255,0,255	NA	""
417	Ash_Bo_178	-0.22280189416825186	1.4207821284143798	0.979088769468629	34.24701480335405	98.91233358187654	1.73979233213802	27.548767979100063	144.99290242494075	1.660799898672849E-4	-0.3447941541671753	0.013814159409578157	0.9494013813719325	106.44767230235125	255,0,255	NA	""
418	Ash_Bo_179	-0.21288098394870758	1.4112278819084167	0.9968051612377167	34.93187668691305	98.57828055427248	1.740833989061805	18.483953263573383	148.73082549380084	1.6661046538501978E-4	-0.34307000041007996	0.011347944277857134	0.7354236062992315	91.64082251176544	255,0,255	NA	""
419	default	-0.24380599707365036	1.4053294658660889	0.9855008125305176	34.64210318614269	99.84209571322329	1.7336678238171386	29.325428009033192	134.9388275146484	1.6727435286156833E-4	-0.3453947901725769	0.009366400992393643	0.9611711254414128	77.77603265811587	255,0,255	NA	""
420	Aten_BP_01	0.20233762466983263	1.8729336106756667	-0.06992768220684467	-2.1258390412495185	83.83410920679529	1.8851288298401363	26.51178169250488	141.64651489257812	1.5002988220658153E-4	-0.34671539068222046	0.0017098126087480277	0.7709760434387174	-53.699507072204355	0,102,204	NA	""
421	Aten_Bo_01	-0.06841314260202043	1.72372397501393	-0.10646875722613608	-3.531707991443444	92.27282798667397	1.7283634734579951	24.399421577439163	32.751248233857204	1.616175431990996E-4	-0.3631262183189392	0.011620783188091293	0.7684643608973866	-167.34891311428646	255,0,255	NA	""
422	Aten_Bo_02	-0.08578925912668793	1.691306199176681	-0.04379658015401853	-1.4814459709250598	92.90376361776296	1.6940468106838618	20.761975996204068	4.6349594169236035	1.6379136650357395E-4	-0.36714938282966614	0.011707953438309647	0.5927695765690876	-148.36770527892372	255,0,255	NA	""
423	Aten_Bo_03	-0.09572101343201196	1.6738417517218616	-0.007732005121458946	-0.26423376621645317	93.27297562497358	1.6765943176937466	11.326634649010948	-8.659016203881382	1.6536323528271168E-4	-0.3692757487297058	0.013396528207591364	1.0	153.95856124515336	255,0,255	NA	""
424	Aten_Bo_04	-0.04282981924654809	1.737925857353922	-0.10911831082534072	-3.591598768177016	91.41172378283868	1.7418747041143439	31.480633832923697	46.52816818750617	1.6018976748455316E-4	-0.3617430627346039	0.016775540499121264	0.6245558784424009	-110.74234374243463	255,0,255	NA	""
425	Aten_Bo_05	-0.06071363245708083	1.6759614123042128	9.181826073874435E-4	0.03136915736712866	92.07469835515252	1.6770610137255486	19.93506033103719	-5.122664842807338	1.64592987857759E-4	-0.36909523606300354	0.016562765032684373	0.4478581050209176	119.05379695757081	255,0,255	NA	""
426	Aten_Bo_06	-0.0131150839836974	1.6589635249132753	0.10234095583444289	3.5299756848440853	90.45294745482089	1.6621689606239451	7.036996701687432	-20.2676675576458	1.6526061517652124E-4	-0.3713763952255249	0.017641658537389537	1.0	161.9706628687905	255,0,255	NA	""
427	Aten_Bo_07	-4.427254517861457E-4	1.7462177958052212	-0.08366608607349194	-2.7431001580471657	90.01452642355828	1.7482210387566923	37.068014685664394	53.59520362439817	1.5759652887936682E-4	-0.3596135079860687	0.019551540537915302	0.4837411349817188	-101.62072091558588	255,0,255	NA	""
428	Aten_Bo_08	0.022714889194585475	1.6619170975671607	0.13147893921825132	4.5229882881536945	89.21693672257979	1.667264561140533	4.852922494179681	-21.588417898255724	1.646595192141831E-4	-0.37152528762817383	0.010206246928871355	0.928409330832434	-146.54705311072195	255,0,255	NA	""
429	Aten_Bo_09	-0.03994371709716696	1.6785798609341094	0.002360540086611679	0.08055060225047313	91.36316098419596	1.679056706075948	23.268746529774205	-2.3155064311266327	1.63789649377577E-4	-0.36839818954467773	0.00822338765546441	0.8537454791862688	-80.24583809694884	255,0,255	NA	""
430	Aten_Bo_10	-0.04444711596714659	1.671275254218061	0.020684947897079437	0.7088484480160732	91.5234067583531	1.6719941353213372	17.705369949340827	-8.26642990112305	1.64351164130494E-4	-0.369325190782547	0.007257846228979248	0.45807331221970005	167.40557335905922	255,0,255	NA	""
431	Aten_Bo_11	-0.07587718689683595	1.7014223674320117	-0.05676695630550669	-1.909035086529783	92.55348934903088	1.7040592440456759	22.588795422540745	8.916675233858289	1.6319082351401448E-4	-0.3661337196826935	0.008924933720609084	0.6373990771532663	166.67485442250765	255,0,255	NA	""
432	Aten_Bo_12	-0.0516957386006279	1.7049873539384044	-0.04450199972080954	-1.4944553940675687	91.73669351501545	1.7063512986658103	20.801518840631882	9.410040063492083	1.6282705473713577E-4	-0.36645129323005676	0.004939362069964004	1.0	-96.95895367577202	255,0,255	NA	""
433	Aten_Bo_13	0.08655401820784474	1.6948353465264832	0.09558338160081752	3.2236902119179307	87.0764856956778	1.699733694653876	21.998906037798317	-10.750866389542212	1.6044452786445618E-4	-0.3683687150478363	0.009741876849032756	1.0	-156.17042937508452	255,0,255	NA	""
434	Aten_Bo_14	0.1035031395665531	1.723594968449623	0.05140193329390248	1.7051279958473142	86.56347334222737	1.7274648111933686	40.20795195173512	16.00760838408276	1.585035352036357E-4	-0.36480534076690674	0.007997855596254377	0.6626115997848248	-116.5354354335171	255,0,255	NA	""
435	Aten_Bo_15	-0.03956833852405625	1.6661038445287168	0.07512764959496945	2.5810950991736465	91.36046304956429	1.6682661172308781	5.173943564063867	-19.671139372978384	1.6535582835786045E-4	-0.37116044759750366	0.007071577206214251	1.0	-118.79027277397829	255,0,255	NA	""
436	Aten_Bo_16	-0.04960884806234887	1.6574585802030752	0.0907649331402027	3.1330723483059004	91.71438932693279	1.6606830690962116	6.896002510892993	-19.099146448023152	1.6601555398665369E-4	-0.3710915744304657	0.009027645848180945	0.4735371278210415	145.76806346879152	255,0,255	NA	""
437	Aten_Bo_17	-0.018573486922754116	1.6511528365685177	0.13438415388501548	4.652644612126494	90.64448154388981	1.6567165614371466	4.170588493347169	-21.376842498779304	1.6591555322520435E-4	-0.37151336669921875	0.004501187094066489	1.0	-98.0916145406253	255,0,255	NA	""
438	Aten_Bo_18	-0.014903076440512322	1.6510461610190525	0.1386290682108396	4.7993522000420565	90.51716312515192	1.6569229149408697	3.930851913096985	-21.46064562544356	1.6591555322520435E-4	-0.37151336669921875	0.004006619479519958	1.0	-97.21851688082971	255,0,255	NA	""
439	Aten_Bo_19	0.13654285589885973	1.7030946071938202	0.14749018944226944	4.933786847959564	85.41620794711302	1.7149135688224657	12.623451231869058	11.603404240095598	1.6005852376110852E-4	-0.3659779131412506	0.00967084876966695	0.9339217375258505	-122.4670809057438	255,0,255	NA	""
440	Aten_Bo_20	0.12354166421121375	1.6995170301797595	0.14338315489281594	4.809821571943125	85.84235557278662	1.7100232184897732	18.099402138495112	8.840637891066233	1.6031514678616077E-4	-0.3663329780101776	0.009165225132364485	0.5669303420706233	167.60679597305744	255,0,255	NA	""
441	Aten_Bo_21	0.15134036430108366	1.7074833756806247	0.15320242644848564	5.107168872491929	84.93490591665105	1.7210096942092423	19.75678055501135	18.10574159216344	1.5935880946926773E-4	-0.3648933470249176	0.005466827211003592	0.7455226435895032	-111.3605406224517	255,0,255	NA	""
442	Aten_Bo_22	0.15593359753400501	1.7087050108075945	0.13844447437265528	4.613073658269065	84.78572475079424	1.7213817047021265	21.079091163327774	19.58437097974409	1.5891010116320103E-4	-0.36502236127853394	0.004528421727473289	0.787536338598933	-144.2418244171141	255,0,255	NA	""
443	Aten_Bo_23	0.165284942124171	1.7119312335517176	0.16225081101860006	5.389208459403801	84.48525321362752	1.7275279986671968	20.692931114866454	20.43706671360122	1.587143779033795E-4	-0.3645748496055603	0.004983062416670556	0.8931329719205453	-128.65888664394407	255,0,255	NA	""
444	Aten_Bo_24	0.14755083812095704	1.698506577466693	0.22209037259788691	7.421879747197336	85.03512681355039	1.719307993678993	18.213646994054322	19.587402199597904	1.6041893104556948E-4	-0.3647933602333069	0.008189708867921823	1.0	-117.01003303090258	255,0,255	NA	""
445	Aten_Bo_25	0.14166051445316802	1.69497358958179	0.23078291267236642	7.726942921241365	85.22250364461881	1.7164684452434467	17.692687988281246	18.62150001525879	1.607842423254624E-4	-0.3649725615978241	0.007208457557345637	0.4739252792953506	-112.35282678995674	255,0,255	NA	""
446	Aten_Bo_26	0.1363563918646894	1.691748220403114	0.23823064202665042	7.990064522384611	85.39187154305047	1.713872499820185	18.192125932794987	19.27457651226689	1.607842423254624E-4	-0.3649725615978241	0.00747991216743683	1.0	-151.29674566066095	255,0,255	NA	""
447	Aten_Bo_27	0.15751395762999815	1.6998075001934838	0.24477404587782053	8.15983627687016	84.7057621485895	1.7245493666745766	23.37639999389648	29.255275726318366	1.594650821061805E-4	-0.3633013963699341	0.0057233247852444	1.0	-179.22329233891833	255,0,255	NA	""
448	Aten_Bo_28	0.16367455675302303	1.7043142822725814	0.22879734830496115	7.611409508867842	84.51439805043418	1.7273751068826897	22.804646505827066	31.491149846657223	1.5904026804491878E-4	-0.3629020154476166	0.010659914969126843	0.510588745576158	-169.190399809521	255,0,255	NA	""
449	Aten_Bo_29	0.18100538860005155	1.7158107736698367	0.1884549491805896	6.2336049374876845	83.97799073798481	1.735593509325959	28.07646540784934	31.34751708456637	1.579100644448772E-4	-0.3627399504184723	0.010587108658005039	1.0	-99.33819670093818	255,0,255	NA	""
450	Aten_Bo_30	0.18192459940656994	1.7136316076811016	0.22052731218630828	7.292555875966697	83.93999587480688	1.737314635330364	23.789626777836148	35.08824400178617	1.581011456437409E-4	-0.3622865378856659	0.0087988529515457	0.6378883288686642	165.1280081164448	255,0,255	NA	""
451	Aten_Bo_31	0.2010944496531429	1.7224107654991228	0.20082927509756496	6.60606072191932	83.34076625074135	1.745700495653475	23.82854665712672	37.891735326968984	1.575216301716864E-4	-0.3619353175163269	0.007383317764467171	0.8945470161735969	-100.94007615765916	255,0,255	NA	""
452	Aten_Bo_32	0.23593267445336827	1.737944536255826	0.16551576880040178	5.391087563896862	82.26913673917103	1.7616784348165768	33.12093475880022	64.44538329342618	1.5437936235684901E-4	-0.35809099674224854	0.008426048375308231	0.7206920717485967	177.52576471667032	255,0,255	NA	""
453	Aten_Bo_33	0.2159708254072004	1.7292393671300932	0.18100699856759153	5.929899726754076	82.88098961835165	1.7520490061039962	34.938644409179695	52.36576080322267	1.5568626986350864E-4	-0.35981395840644836	0.009251444577670449	0.6018170359041367	140.2678257776033	255,0,255	NA	""
454	Aten_Bo_34	0.2284782119794038	1.7325301944330902	0.19750927019262382	6.448315331262985	82.48744334496406	1.7586566122423357	31.33079240637808	62.66467241516717	1.5635814634151757E-4	-0.36058589816093445	0.0052788983790987495	1.0	-148.1405668611826	255,0,255	NA	""
455	Aten_Bo_35	0.250558148985343	1.7410011058653956	0.18254043393232902	5.924874998158779	81.81044425570853	1.7683849260462765	41.08883082585196	81.78211258873249	1.538993528811261E-4	-0.3574052155017853	0.007618204854055569	1.0	-99.17906860900057	255,0,255	NA	""
456	Aten_Bo_36	0.22670257070072322	1.729000516837318	0.2686131759959597	8.756956976416735	82.53012169409071	1.7643667082283843	26.73225915791955	61.52510107143419	1.5509325021412224E-4	-0.3574863076210022	0.013018471227429225	0.3622793823146104	-117.53218824539579	255,0,255	NA	""
457	Aten_Bo_37	0.22670759520312375	1.7301232675968394	0.2597844104314537	8.468050740189701	82.53475093990122	1.7641459108321982	27.094118031324903	60.41342438869072	1.5610287664458156E-4	-0.35873186588287354	0.010507998093038881	0.5489728676798673	-125.63169631004682	255,0,255	NA	""
458	Aten_BP_02	0.27155060892595684	1.771143262443204	0.24108277739119818	7.662835552648725	81.28332344304013	1.807984815992841	29.762428283691417	79.89848327636716	1.49714425788261E-4	-0.3529307544231415	0.006219247774442481	1.0	-98.50127793797246	0,102,204	NA	""
459	Aten_BP_03	0.16587551331574088	1.7101969504276937	0.18605438965421953	6.180083375068343	84.4600934940961	1.728266336847289	21.922106612740926	23.945519747643612	1.5903466555755585E-4	-0.36381304264068604	0.0030378094971060714	1.0	-55.991017414289544	0,102,204	NA	""
460	Aten_Bo_38	0.08331201660243735	1.6708278761242454	0.2502459955645564	8.507667133221005	87.14544098092816	1.6915169943102308	17.38426060110941	5.413555608646721	1.6285483434330672E-4	-0.36736708879470825	0.007094848204816184	1.0	-169.15272185455493	255,0,255	NA	""
461	Aten_Bo_39	0.09192705993673397	1.6734176863718755	0.24899032991593656	8.450478838212723	86.85568998073549	1.6943357169706537	18.917915712037043	4.718527898913628	1.6285483434330672E-4	-0.36736708879470825	0.00526926818322801	1.0	-108.99156456719521	255,0,255	NA	""
462	Aten_Bo_40	0.09361728491252887	1.6724363602637844	0.2597283946838717	8.813904466782025	86.79612115563103	1.6950712121240892	11.981030464172365	7.862212181091313	1.626440352993086E-4	-0.3666878640651703	0.005911046018692871	1.0	-145.12331604279927	255,0,255	NA	""
463	Aten_Bo_41	0.12069328302860703	1.6808156280789708	0.28829544507012267	9.708213053860169	85.89284693567745	1.7096263649730334	14.51110744476318	14.303873062133789	1.6062534996308386E-4	-0.3646644651889801	0.00880032362387714	0.9997390810569199	-143.32589311404396	255,0,255	NA	""
464	Aten_Bo_42	0.07797595641087085	1.6642816579462847	0.28357772471106835	9.65939126710876	87.31750429915544	1.690068049726676	10.625320053300028	6.953505409442614	1.6267644241452217E-4	-0.3666706681251526	0.0090236936283721	1.0	-88.74684244696304	255,0,255	NA	""
465	Aten_Bo_43	0.08701193289181972	1.6684913628240114	0.2713223114242535	9.224006775416525	87.01472569857371	1.6926459467237964	10.247105598449707	6.144921779632569	1.6298780974466354E-4	-0.36696505546569824	0.006479014527689517	0.9500129700982162	-144.54805848327592	255,0,255	NA	""
466	Aten_Bo_44	0.1239348155393158	1.6827959488762272	0.2680194301799969	9.025467404637315	85.78787620188295	1.7085070848583028	14.360787391662601	14.333257675170897	1.615687069715932E-4	-0.36565080285072327	0.004287822194338719	0.6648701633086231	-161.14810335501227	255,0,255	NA	""
467	Aten_Bo_45	0.12094818793197283	1.675683243058573	0.35120524562776223	11.80738760474862	85.87163978711853	1.7163589134524808	22.60735145398482	31.09581518684956	1.6032202984206378E-4	-0.3626607358455658	0.008420846794641982	0.7002353846657289	-90.01826297691957	255,0,255	NA	""
468	Aten_Bo_46	0.058604830306549144	1.6697654169819112	0.19426196243695906	6.631961178096644	87.98987830669657	1.6820489838092985	13.307840110805557	-12.152086866564112	1.6350520309060812E-4	-0.36984166502952576	0.0064369460979041134	0.6700391294980471	-49.348325011655774	255,0,255	NA	""
469	Aten_Bo_47	0.012828202952884706	1.6550017121220766	0.20776849801250058	7.15525112177917	89.55589945117075	1.6680416597568466	10.444718174779792	-24.522487548142035	1.6518685151822865E-4	-0.3718891441822052	0.008099014337822643	1.0	-147.1508360486053	255,0,255	NA	""
470	Aten_Bo_48	-0.017326931550161052	1.644350045298091	0.23721514701575097	8.208448874585251	90.60371774960709	1.6614627049688724	10.963253021240233	-26.316299438476566	1.659242552705109E-4	-0.3723331093788147	0.008399948862628027	1.0	-124.615356735812	255,0,255	NA	""
471	Aten_Bo_49	-0.0025045157247906326	1.6494259532002913	0.23146764773521647	7.98827077635403	90.08699879506187	1.665589841358844	13.208375654380644	-24.822078116306812	1.6535480972379446E-4	-0.371952623128891	0.0063479565292024875	1.0	165.09378668562127	255,0,255	NA	""
472	Aten_Bo_50	-0.011563463149748153	1.643844098168823	0.22201597599750453	7.69158089913341	90.40303500071423	1.6588092796830536	2.6987948417663565	-27.311460494995117	1.662404101807624E-4	-0.37250685691833496	0.0027751370161951416	1.0	-149.96208446325596	255,0,255	NA	""
473	Aten_Bo_51	-0.1521127184050855	1.638388293133895	0.15838029454677607	5.498032700729805	95.3043004545238	1.6530392602353718	11.517745687196655	-3.8761903486456073	1.667786273173988E-4	-0.36848825216293335	0.007449908044694402	1.0	-81.74833734481251	255,0,255	NA	""
474	Aten_Bo_52	-0.038620003817827	1.630767317715431	0.20799191111387053	7.266381042488549	91.35663111982771	1.6444312646968466	9.819523811340325	-25.282863616943356	1.666336174821481E-4	-0.3721795678138733	0.005949033586568124	1.0	132.75627494783353	255,0,255	NA	""
475	Aten_Bo_53	-0.07242601538770467	1.615715461359368	0.23059966098011908	8.114526985936473	92.5666208105304	1.6336946420383467	8.996493339538572	-26.55296897888184	1.6731505456846207E-4	-0.37240931391716003	0.006155815763089313	0.8731417517817223	-41.679936816573296	255,0,255	NA	""
476	Aten_Bo_54	-0.18625513801525992	1.5747051086829642	0.2536193280540933	9.08711385005507	96.74556870503666	1.6058362056299262	10.158392906188965	-14.386170387268068	1.679089036770165E-4	-0.37075531482696533	0.004848327122419361	1.0	-88.07270961766996	255,0,255	NA	""
477	Aten_Bo_55	-0.17941700613875222	1.570271998377618	0.27117193173639154	9.735713738223929	96.5182655764346	1.6035831214945726	10.67285223886364	-17.041787928557692	1.6807837528176606E-4	-0.37142544984817505	0.006089824323816486	0.8712029489059756	-119.77420278844694	255,0,255	NA	""
478	Aten_Bo_56	-0.17185507985326606	1.5678757422519893	0.2842603717965125	10.216375050311678	96.25522728205713	1.602676658152695	13.706123640220358	-20.997296469730575	1.6807837528176606E-4	-0.37142544984817505	0.00579380402319343	1.0	-68.64985452892255	255,0,255	NA	""
479	Aten_Bo_57	-0.15955471568601542	1.5430933386782382	0.3761793322972136	13.630541656877401	95.90336266732379	1.5962786878294073	9.284085249288479	-28.43140648071747	1.6824179328978062E-4	-0.373006135225296	0.011325832487757157	0.8562611482190988	-95.1383583097822	255,0,255	NA	""
480	Aten_Bo_58	-0.1462505342218992	1.5616275022162027	0.335666586192475	12.079661703589414	95.35029512920043	1.6039768488118267	11.7687587738037	-30.04276084899901	1.6818224685266614E-4	-0.3730192482471466	0.008217257984815238	0.8579593662275156	-144.1984128791061	255,0,255	NA	""
481	Aten_Bo_59	-0.1476623774946677	1.558548765129594	0.3450803119943601	12.430599945429169	95.41224768592187	1.6031091206591286	10.751408649950184	-29.55779007788509	1.681678695604205E-4	-0.3730619251728058	0.007948040990212136	1.0	174.54727583792393	255,0,255	NA	""
482	Aten_Bo_60	-0.19685967529019965	1.5068808543830676	0.44981825343070114	16.488454968910123	97.44299749055332	1.5848596474707322	3.852583954702108	-44.51455969282305	1.6778934514150023E-4	-0.37542468309402466	0.008306735435779629	1.0	-155.40246152506134	255,0,255	NA	""
483	Aten_Bo_61	-0.15880302415404454	1.5117784330353141	0.45850371638975074	16.784786477009995	95.99657785542661	1.5877399311645446	4.816529913001497	-43.03158620051179	1.6723920998629183E-4	-0.37510836124420166	0.011744266728780947	0.7793442831149074	-147.01975797410736	255,0,255	NA	""
484	Aten_Bo_62	-0.10050851889783931	1.5816154964588394	0.3313298053343499	11.808542849072731	93.63614341129389	1.6190704064100108	1.8590650811876155	-35.09409060102875	1.6757569392211735E-4	-0.3738703429698944	0.00770549192234884	0.9571979829062608	-116.02764752668287	255,0,255	NA	""
485	Aten_Bo_62	-0.15249126954614164	1.5855392580109586	0.24843583682161466	8.864934090034332	95.49359821268328	1.612113113586944	14.89972229624662	-17.085204402058647	1.679417910054326E-4	-0.3712753653526306	0.02115029461816569	1.0	-112.20126027448958	255,0,255	NA	""
486	Aten_Bo_63	-0.21779198111025816	1.577243419222624	0.2308831434042572	8.250838661613004	97.86191023945516	1.6088620750161389	20.055486365000057	-5.756916821255226	1.6722104919608682E-4	-0.3689213991165161	0.010754216489291892	0.8639923290032155	-91.17831734908945	255,0,255	NA	""
487	Aten_Bo_64	-0.22257731835549913	1.569402334264384	0.2492841077700747	8.937498891195975	98.07202595101774	1.6045893293386766	18.528600692749023	-8.172924995422362	1.6737586702220142E-4	-0.36933454871177673	0.005877929638869424	1.0	-89.28508896887102	255,0,255	NA	""
488	Aten_Bo_65	-0.21035261100679975	1.5672807213350672	0.2605175376933001	9.355185131579889	97.64427207247684	1.6026498269652438	17.568705724933977	-9.179417547204228	1.6783850151114166E-4	-0.3704645335674286	0.0088973307515241	0.5218920267423083	-105.60112388806502	255,0,255	NA	""
489	Aten_Bo_66	-0.21014163973148206	1.5593541939541733	0.2848839497986733	10.262617106432462	97.6750532170985	1.5990321684707907	14.258558312129683	-13.010816760179614	1.6783850151114166E-4	-0.3704645335674286	0.005412056132946537	1.0	-157.13597730805577	255,0,255	NA	""
490	Aten_Bo_67	-0.2023330910830034	1.5635338165281392	0.2765620925770055	9.949592180388512	97.37352923399318	1.6006446408321942	11.922845840454102	-14.883011817932116	1.6783850151114166E-4	-0.3704645335674286	0.007974536938324703	1.0	-145.68269403095297	255,0,255	NA	""
491	Aten_Bo_68	-0.18634148326090547	1.5596437609677296	0.30255110167527477	10.902638287188847	96.81322858173883	1.5996090080498926	16.212045669555668	-18.82841491699219	1.6805887571536005E-4	-0.37113088369369507	0.003328090915405024	1.0	-121.41423654985505	255,0,255	NA	""
492	Aten_Bo_69	-0.19003001860441254	1.5524018217209494	0.32789036172597397	11.840570738409195	96.97887562581417	1.5979908990248053	13.057081222534174	-15.773759841918938	1.6810576198622584E-4	-0.37119895219802856	0.005801066975802545	1.0	-114.82714709322998	255,0,255	NA	""
493	Aten_Bo_70	-0.23783186831168676	1.5073203471011896	0.4025706937475765	14.778677527204257	98.96646704379278	1.578176729594719	25.216882991708616	-28.686103134917595	1.670768833719194E-4	-0.37359532713890076	0.009900649009795847	0.6259317548899345	178.1953625917351	255,0,255	NA	""
494	Aten_Bo_71	-0.23100298342075015	1.50971843326316	0.4002222880215718	14.684045708161761	98.69939182640245	1.5788571835074505	26.797126770019528	-29.3966293334961	1.6762432642281055E-4	-0.3746415078639984	0.004559018336135581	1.0	153.2170557309009	255,0,255	NA	""
495	Aten_Bo_72	-0.22130608923686873	1.5085035893855685	0.40907604436193784	15.019182461209295	98.34608144978426	1.5785761541317136	14.533727067986792	-38.087040340985446	1.6762432642281055E-4	-0.3746415078639984	0.006354945708430068	0.8331508446314361	-74.97887702068563	255,0,255	NA	""
496	Aten_Bo_73	-0.21567730061982796	1.5181924179127853	0.3868002873369342	14.157200176883748	98.08544465617594	1.5814674761418457	16.565398901017108	-30.047926987151182	1.6785092884674668E-4	-0.3737366795539856	0.010089142068036886	0.6667527666467147	-51.116166478871136	255,0,255	NA	""
497	Aten_Bo_74	-0.15701515097021249	1.5245565280519064	0.6165821419628603	21.91520661534976	95.88020058713924	1.6519987598807062	26.434900706418958	15.778497630318302	1.6728050832170993E-4	-0.3658881187438965	0.019597326554049627	1.0	-86.06076629663316	255,0,255	NA	""
498	Aten_Bo_75	-0.18798193190906723	1.5113439020762056	0.6200626728009144	22.15296712717525	97.09007330236973	1.6443768775035148	19.372084778642854	10.372258030475598	1.6825243073981255E-4	-0.36612674593925476	0.012610705781201699	1.0	-159.19191025092601	255,0,255	NA	""
499	Aten_Bo_76	-0.0336815073563847	1.6083096518185238	0.5234056096204447	18.023177758857564	91.1997230567037	1.6916701251285868	21.139755249023445	36.26693344116211	1.6368382785003632E-4	-0.3620302975177765	0.00859905119725734	0.8988035778205717	176.0423915811877	255,0,255	NA	""
500	Aten_Bo_77	-0.04129265119897431	1.6066226834579178	0.4975068674883554	17.200319971150055	91.47226472295847	1.6823954984612381	16.861233308761406	24.241508482443383	1.6445403161924332E-4	-0.36396318674087524	0.009109403039970829	0.8519166865141332	-167.39744201903324	255,0,255	NA	""
501	Aten_Bo_78	-0.05213513506849709	1.6001293430548784	0.5249266198938272	18.153211724877185	91.86614092835167	1.6848382542805125	20.675288049981752	30.485959023387785	1.6438489546999335E-4	-0.36312538385391235	0.006774990346124431	1.0	-137.06582054031088	255,0,255	NA	""
502	Aten_Bo_79	-0.510747570234459	1.4232479439051797	0.7754414849058846	27.149587939015575	109.74106106628798	1.6993549619910986	21.611484074625164	81.53329980001389	1.6792380483821034E-4	-0.3555246591567993	0.03066070939593475	0.7114404350205871	105.501033585864	255,0,255	NA	""
503	Aten_Bo_80	-0.5564606565745985	1.413223352535073	0.7974261003544888	27.700644914557177	111.49217908492388	1.7154407865013797	12.679364597689395	88.88059422135873	1.670951023697853E-4	-0.35345324873924255	0.02424661855097493	1.0	102.36622775541004	255,0,255	NA	""
504	Aten_Bo_81	-0.6155695877058662	1.3957154485061207	0.8133161773908202	28.065223047564817	113.79950950778877	1.7287078223090877	17.779268795444455	85.7771075123813	1.6686561866663396E-4	-0.35397955775260925	0.03580047550030521	0.7977842706355107	-117.38562094114883	255,0,255	NA	""
505	Aten_Bo_82	-0.5978095845941556	1.3627255831319207	0.827939893940577	29.09066124905862	113.6864221473684	1.702903926336775	15.473757425600912	76.31853644394764	1.6887165838852525E-4	-0.3556220829486847	0.031476787821163164	0.8128311037455336	-128.26315041486836	255,0,255	NA	""
506	Aten_Bo_83	-0.4796423052159671	1.4040050419922716	0.7853083752498932	27.892269620562725	108.8614162390613	1.6786888166453702	25.770177289248107	65.22253093817508	1.6952365695033222E-4	-0.35850584506988525	0.014024803078398892	1.0	165.96223194905144	255,0,255	NA	""
507	Aten_Bo_84	-0.6028461794766403	1.3086473406819341	0.8700484787466825	31.125833652248325	114.73380297075039	1.6831416261719916	8.186311859060513	67.33839646253061	1.70871993759647E-4	-0.3569619953632355	0.018844459994579472	1.0	154.50830076747482	255,0,255	NA	""
508	Aten_Bo_85	-0.636411169682335	1.2774742868767346	0.8938419751131732	32.05814894933293	116.48153293043505	1.6840169853662041	10.661056509966105	68.6157314788937	1.7095328075811267E-4	-0.35672757029533386	0.023697287745408073	0.9825223875997061	110.89248672080964	255,0,255	NA	""
509	Aten_Bo_86	-0.5772887342320493	1.2937284713487978	0.8900474868136133	32.13953611844286	114.04742920069526	1.673075063777166	10.101506060211035	62.040297858526415	1.7208924691658467E-4	-0.3579773008823395	0.015120003383099347	0.7498530035711176	164.62439631091706	255,0,255	NA	""
510	Aten_Bo_87	-0.6831521361090073	1.2328609916284532	0.9292435345087767	33.39604924697038	118.9916850843501	1.688234762163058	12.221259113654124	63.685648164324796	1.7013937758747488E-4	-0.3574603497982025	0.007466865638044926	1.0	177.2399530993636	255,0,255	NA	""
511	Aten_Bo_88	-0.6810821733865555	1.2636260389200888	0.8939480775430595	31.91253963595107	118.32423662375453	1.6910845213899748	18.93389351208281	73.42846014416611	1.699295680737123E-4	-0.35689714550971985	0.01384770722086087	0.5628778105492223	156.47871588562373	255,0,255	NA	""
512	Aten_Bo_89	-0.6680725805602596	1.3144775178122126	0.8502736528818746	29.96986845883994	116.94158628257291	1.7020979415166704	24.191927956094506	88.57820024483269	1.6821175813674927E-4	-0.35457539558410645	0.013853493789559622	0.5966681815337168	-140.77238742545381	255,0,255	NA	""
513	Aten_Bo_90	-0.6601224981153215	1.3051531355479176	0.8610772558507603	30.486692704508012	116.82944885863915	1.6972449617813126	14.215516523588828	80.9305962781668	1.689860364422202E-4	-0.3552388548851013	0.011992658300456711	0.9358842260627803	-127.53992024939225	255,0,255	NA	""
514	Aten_Bo_91	-0.6914229211284917	1.2401863409148968	0.9178877273013477	32.880382718719474	119.14033762104005	1.6907529967396686	20.178357372497942	69.86634055142616	1.6971418517641723E-4	-0.35709935426712036	0.010505380852494788	1.0	-160.26900095518542	255,0,255	NA	""
515	Aten_Bo_92	-0.7055558608956534	1.219455229444971	0.9385087894985344	33.669517858781504	120.05293724305382	1.6928316152030294	25.466119766235344	70.60654449462888	1.6980785585474223E-4	-0.3574521839618683	0.00810423910517771	0.7614738220176773	127.09248827346687	255,0,255	NA	""
516	Aten_Bo_93	-0.6985023341966615	1.2001320786175675	0.9765317795916566	35.11668339474397	120.20031327380799	1.6975973708619945	15.66229325496395	64.54818914768165	1.7095441580750048E-4	-0.3580305576324463	0.008058518519097311	1.0	-137.17112896058657	255,0,255	NA	""
517	Aten_Bo_94	-0.7039429680327852	1.2352040558944246	0.9196092764753439	32.89609604027187	119.67882163958888	1.6932058301696071	32.24801395006538	76.93992895313895	1.697498228168115E-4	-0.3573632538318634	0.00791123250241972	0.994281727647595	-40.757436881255174	255,0,255	NA	""
518	Aten_Bo_95	-0.6725846351351624	1.1917006626296895	1.0081921101701274	36.38155212042016	119.43997366146293	1.6996975883201209	11.516385669888832	62.14305815176557	1.7175647371914238E-4	-0.35791900753974915	0.009667344629342921	0.9961083222368166	139.61977208538983	255,0,255	NA	""
519	Aten_Bo_96	-0.6846791506082897	1.1954540695025617	0.9907821763041572	35.72320710736257	119.80130464556076	1.6969223000626539	13.629265405376811	62.277050500963576	1.7100735567510128E-4	-0.3577195405960083	0.006156073568891173	0.8213369886952683	113.22254500859412	255,0,255	NA	""
520	Aten_Bo_97	-0.6826712213806787	1.2011260411529623	0.9792858918336472	35.3297595117187	119.61213979116235	1.6934416497717295	11.867451995003274	61.26185751111654	1.7126712191384286E-4	-0.3580474853515625	0.006653434741607545	1.0	-125.36626373857057	255,0,255	NA	""
521	Aten_Bo_98	-0.6745654462192094	1.2059006976959505	0.9737327561694479	35.17271404578684	119.22209176698023	1.6903817658664715	5.219842910766603	58.12093353271483	1.7095441580750048E-4	-0.3580305576324463	0.004544944892431089	0.9324003429847953	-121.71194265038497	255,0,255	NA	""
522	Aten_Bo_100	-0.6607436350780822	1.188983835904761	1.0266110148881633	37.04278337083494	119.06186002466023	1.7041698533974547	13.705958836338704	62.843271096593554	1.718275307212025E-4	-0.357234388589859	0.0071704722807601215	1.0	146.2765642739788	255,0,255	NA	""
523	Aten_Bo_101	-0.6610901501070922	1.2027471396763882	0.9846494270867121	35.65698224468424	118.7954020490651	1.6891345011071621	4.870577182440841	57.60789550386405	1.7175647371914238E-4	-0.3582172691822052	0.007056408837957598	1.0	178.58521467179833	255,0,255	NA	""
524	Aten_Bo_102	-0.599765378416724	1.2117876779384513	0.9904280794271809	36.223383495895995	116.33276971644801	1.6760356995209365	0.954679489135742	55.37651443481444	1.7283744818996638E-4	-0.35839545726776123	0.005646324363100993	1.0	-133.6519663230411	255,0,255	NA	""
525	Aten_Bo_103	-0.6826941261789247	1.1841219313741917	1.0288256318831601	36.96917673721356	119.9651860207103	1.7107595386553702	17.748382112398744	69.75009875032872	1.7152304644696414E-4	-0.35694774985313416	0.006152756748180249	0.3855702289692053	-142.15543502842536	255,0,255	NA	""
526	Aten_Bo_104	-0.671655787704156	1.187557529522863	1.0239445255200743	36.88849385861309	119.49152256971082	1.7058360924852851	13.5246753692627	64.24116516113281	1.718275307212025E-4	-0.357234388589859	0.004161063341625694	1.0	100.91946750411813	255,0,255	NA	""
527	Aten_Bo_105	-0.5456626877602172	1.2107298983303818	1.129764898389555	40.38845048889257	114.26056738254108	1.7435548116299535	22.1508720401011	114.34523739325978	1.7314254364464432E-4	-0.3480372130870819	0.008352530794409218	0.953666713757088	145.89209673323936	255,0,255	NA	""
528	Aten_Bo_106	-0.6506720364490844	1.1508973547529766	1.1338099404460074	40.61589319475294	119.48210787418584	1.7416841852782543	14.239905739934498	93.15338025053971	1.7270651005674154E-4	-0.3519660234451294	0.0056678507204312376	1.0	146.10447412118378	255,0,255	NA	""
529	Aten_Bo_107	-0.6550884927386595	1.1491243301780099	1.134775678023054	40.62632797378533	119.68643767303142	1.7427976069981137	14.07582722814799	92.50920255231277	1.7270651005674154E-4	-0.3519660234451294	0.0060753598256219465	0.947002892590511	155.143687285497	255,0,255	NA	""
530	Aten_Bo_108	-0.6585053326886754	1.1473589378147655	1.136225772406534	40.65897765628598	119.85286784533315	1.7438666265639913	15.685831583593671	93.95417829292266	1.7240467423107475E-4	-0.35211870074272156	0.0069311851034235	0.6355172399188047	150.02681957775417	255,0,255	NA	""
531	Aten_Bo_109	-0.2647898637922354	1.4563938428607826	0.7753482085187489	27.645038063879557	100.30450309382876	1.671036068414785	38.36815301446621	37.73941976876824	1.6886416415218264E-4	-0.3609854280948639	0.01257055225372371	0.6037787621430956	151.55939509491446	255,0,255	NA	""
532	Aten_Bo_110	-0.4227618752978018	1.4101892381859282	0.7662922931675636	27.497413203806126	106.68825131964297	1.6596882747277353	17.79193541507456	45.52845996342282	1.7078239761758596E-4	-0.36152905225753784	0.007944670177117977	0.9805422267698811	136.8025851542253	255,0,255	NA	""
533	Aten_Bo_111	-0.4574760457481082	1.3772490909825599	0.8179968659053226	29.407934199622638	108.37475994527536	1.6658986354747227	15.043015216176219	53.302029496828176	1.7142485012300313E-4	-0.3597487807273865	0.007558909225304013	1.0	-144.24545927417063	255,0,255	NA	""
534	Aten_Bo_112	-0.4944882960803308	1.3087116759956055	0.9351826404403079	33.761047512834516	110.6987496497064	1.6827987095397245	15.541986722231082	52.272588160983446	1.729777577565983E-4	-0.3591393828392029	0.019454250903552683	0.992889743039036	140.1959818437912	255,0,255	NA	""
535	Aten_Bo_113	-0.5651956457156657	1.357739262813892	0.8351736970321713	29.591478992752634	112.60083943100187	1.6912767744922013	15.976216374279389	73.05130805018773	1.7013621982187033E-4	-0.356581449508667	0.013718562512529491	0.5274007513165573	-91.29375605917562	255,0,255	NA	""
536	default	-0.45450188972041694	1.340033999523546	0.8812138267638983	31.91300033565468	108.73549280571233	1.6669735739112288	8.377920150756838	50.19226455688479	1.726156478980556E-4	-0.3593026399612427	0.0102621992719841	0.6707752491624169	15.916673373161354	255,0,255	NA	""
537	Aten_Bo_114	-0.2650910157942208	1.426169876035968	0.8472444130938985	30.287736349701024	100.52975093601138	1.6798978711475543	10.484175586342396	67.00033838321029	1.6961470828391612E-4	-0.3565201163291931	0.012586722145696063	1.0	-161.69616241170488	255,0,255	NA	""
538	Aten_Bo_115	-0.5439419746398926	1.3489708304405212	0.8443107008934021	30.134236344284062	111.96064160495835	1.6818013357105062	15.42525267836042	67.07788390034582	1.7079712415579706E-4	-0.35736119747161865	0.0152491619256794	0.7696372480718955	-129.39837474250433	255,0,255	NA	""
539	Aten_Bo_116	-0.5225327583663335	1.3931864180910711	0.807533221675385	28.489286630429284	110.5592126792824	1.6929615421588242	24.33894672290772	76.08140793834124	1.6902689822018147E-4	-0.3559972941875458	0.010124530216253572	1.0	165.75655891068354	255,0,255	NA	""
540	Aten_Bo_117	-0.504417151398076	1.3872187521016777	0.8111900943444607	28.79130085700753	109.98215692556474	1.6842926996130039	21.004623421404244	69.58137715454104	1.703578163869679E-4	-0.35787898302078247	0.010446869457236704	1.0	164.07370596448973	255,0,255	NA	""
541	Aten_Bo_118	-0.5015769109276552	1.3968470289019175	0.8002403103593836	28.33282141832962	109.75209216849201	1.6861629737519221	20.633942200585622	72.21616804338429	1.6970995056908578E-4	-0.3575901687145233	0.008384296636056278	0.9811080116045716	-140.09345936313187	255,0,255	NA	""
542	Aten_Bo_119	-0.5383456231255743	1.4032149235357283	0.8004388534532547	28.038965970156987	110.98938981192153	1.702800778038759	22.310209277701297	83.38205145863988	1.680029381532222E-4	-0.3547339141368866	0.010489476885811498	1.0	-153.35683052438574	255,0,255	NA	""
543	Aten_Bo_120	-0.5339563190937042	1.4203439354896545	0.7826750576496124	27.2847714863677	110.60297364392966	1.7073565801112438	16.517446819248264	85.09344741363167	1.6742097795940936E-4	-0.35440823435783386	0.009059542163566933	0.5876339003561246	110.77486970478643	255,0,255	NA	""
544	Aten_Bo_121	-0.5218866169452667	1.2940775752067566	0.9220251441001892	33.456089964325365	111.96365415431669	1.672463087171896	4.6665521956716365	50.73499607708208	1.7294562712777406E-4	-0.3593076169490814	0.011042329206792538	0.6719925341495327	-174.1001441030253	255,0,255	NA	""
545	Aten_Bo_122	-0.563483497364741	1.338522802192444	0.848280827940187	30.289085504063053	112.82983449591447	1.6818850456682233	12.490149532963038	66.49741059669343	1.7074475181289017E-4	-0.3572116196155548	0.008331379163264766	1.0	140.2785607564969	255,0,255	NA	""
546	Aten_Bo_123	-0.562253326177597	1.3273658156394958	0.8602292537689209	30.826407768772558	112.95682645964919	1.6786968697075448	11.2507834413906	62.474337066839865	1.7120320990215987E-4	-0.3576244115829468	0.009998672787547746	0.7164415070407786	-100.8040490410307	255,0,255	NA	""
547	Aten_Bo_124	-0.5497594773769379	1.3101255893707275	0.8869684040546417	31.975510045660847	112.76406579103849	1.674926115588684	9.99650017060799	56.011923113829376	1.7208245117217302E-4	-0.3584553599357605	0.007489435103160055	0.9033429531689177	164.55854640033255	255,0,255	NA	""
548	Aten_Bo_125	-0.547168493270874	1.2860029935836792	0.9122010171413422	33.13272065400385	113.04878012251447	1.6689241310521585	8.961647606164847	54.38319261702559	1.7259203013963997E-4	-0.3586787283420563	0.006475371365519335	1.0	141.80979617690397	255,0,255	NA	""
549	Aten_Bo_126	-0.5129949152469635	1.3045607805252075	0.9173770844936371	33.20186056836759	111.46633514716294	1.675297981944652	2.4772632122039786	49.93404006958007	1.7283292254433036E-4	-0.35933634638786316	0.006799320578243628	1.0	-137.2008053581225	255,0,255	NA	""
550	Aten_Bo_127	-0.5607845988088078	1.3469689471589894	0.8420832535291147	29.991303037637497	112.60346376336618	1.6846094255779087	15.53455118314646	69.15948938043488	1.7074475181289017E-4	-0.3572116196155548	0.010065514615410607	1.0	-161.34863839422243	255,0,255	NA	""
551	Aten_Bo_128	-0.6832895576953888	1.2767619490623474	0.8791276514530182	31.261463603278727	118.15452317389824	1.6940693969782772	16.051601409912106	76.68000030517577	1.6940657224040478E-4	-0.3564201593399048	0.004978846424956867	1.0	176.82702151570587	255,0,255	NA	""
552	Aten_Bo_129	-0.6463231412583419	1.3100426563251018	0.8596512866352268	30.475900290513945	116.25990581995235	1.6949766071928485	15.43664429557949	79.31067160501989	1.692603254923597E-4	-0.35559284687042236	0.00933062742427778	1.0	116.14572732920173	255,0,255	NA	""
553	Aten_Bo_130	-0.6458969712257385	1.3207860589027405	0.8494894206523895	30.018571833324142	116.05977407651994	1.6980256142445993	20.38533263202536	80.5594313228049	1.6905763186514378E-4	-0.3557897210121155	0.008346237154557809	0.9528316012570947	-172.5390175201539	255,0,255	NA	""
554	Aten_Bo_131	-0.6977470493245178	1.2818897479419347	0.8716148089109758	30.84597372352955	118.55995120298688	1.6999425419209393	38.108022049134966	90.19750075568761	1.6796919226180762E-4	-0.35508671402931213	0.008002115154103782	0.8267604847287686	-166.70098920033683	255,0,255	NA	""
555	Aten_Bo_132	-0.6728205731733307	1.295637032454723	0.864862614408049	30.64269592773744	117.44272198845265	1.6968648105709825	20.298420948910486	81.86763512869774	1.6909430269151926E-4	-0.3553731143474579	0.007302879212465965	1.0	-174.64846428581146	255,0,255	NA	""
556	Aten_Bo_133	-0.47051700949668884	1.4252212047576904	0.7562296092510223	26.741586984815974	108.26992323676146	1.6806323097645788	29.067239635217433	71.29219019277372	1.6888008394744247E-4	-0.3582836389541626	0.005796965770899428	0.6594793347040117	147.50456880440808	255,0,255	NA	""
557	Aten_Bo_134	-0.5261866450309753	1.1535581946372986	1.2079437971115112	43.612782964944465	114.51973336050256	1.7511987639340065	14.735287261202313	145.2430206493062	1.742677268339321E-4	-0.342384397983551	0.006619691202426915	1.0	-122.45080018401012	255,0,255	NA	""
558	Aten_Bo_135	-0.506895124912262	1.1615599393844604	1.1908641457557678	43.217956827053236	113.57605726334398	1.7390576684196715	9.682188034057615	140.12321472167972	1.7451556050218642E-4	-0.3435129225254059	0.006161388837904505	0.506320361348687	114.87154146764985	255,0,255	NA	""
559	Aten_Bo_136	-0.35194783280335784	1.3664809198931378	0.8888863353727824	32.20825432503147	104.44307136640623	1.6677098964326593	13.677003860473635	59.737983703613274	1.718122948659584E-4	-0.3577028810977936	0.006555098273142482	0.5703399178685804	-79.3163113212656	255,0,255	NA	""
560	Aten_Bo_137	-0.3111787825296019	1.3948704592083792	0.8631544306137522	31.13028164627589	102.57606700299891	1.6695901903631774	7.304900235088921	62.17426909782766	1.7119759286288172E-4	-0.3574218451976776	0.005096579083986997	0.7271261550807666	174.0845958535341	255,0,255	NA	""
561	Aten_Bo_138	-0.30989128155822576	1.3909940077253589	0.8805071895498618	31.710194517945727	102.55947969440591	1.6751686024883141	9.254349551478157	64.76814777741087	1.707343035377562E-4	-0.35677844285964966	0.008157481080512795	0.545396474933061	176.99347953585382	255,0,255	NA	""
562	Aten_Bo_139	-0.3017533566125377	1.399988221708652	0.8762322414746139	31.459738779983038	102.16344551404586	1.6789297335354785	9.050777435302733	65.52957153320311	1.707343035377562E-4	-0.35677844285964966	0.005862186579163085	1.0	142.14459650409668	255,0,255	NA	""
563	Aten_Bo_140	-0.27532209012813547	1.4261796558879762	0.8308368461864807	29.769558560803265	100.92646240341996	1.6733441155848277	7.060659093852185	65.2683423117784	1.6966833209153265E-4	-0.3568481206893921	0.011518620642907958	0.5649941499392185	173.7715431666982	255,0,255	NA	""
564	Aten_Bo_141	-0.1018255464732647	1.6281819939613342	0.18726487457752228	6.548346097162157	93.57858379226788	1.6420758754165474	17.993152423986913	-15.398443738487197	1.6710544878151268E-4	-0.37096431851387024	0.007760510972496368	1.0	137.18787420500487	255,0,255	NA	""
565	Aten_Bo_142	-0.2649072855710983	1.5751419067382812	0.2419377565383911	8.613132788544268	99.54666277204123	1.6154819015855875	8.168946546170147	1.1469026097582777	1.666284806560725E-4	-0.36799874901771545	0.007985004215550345	0.8636003642396392	174.77426944618188	255,0,255	NA	""
566	Aten_Bo_143	-0.18168533492894026	1.5751303271770007	0.25466417388186374	9.124532193054321	96.57977385986632	1.6058950619451753	10.211804696236449	-14.546289908171495	1.679089036770165E-4	-0.37075531482696533	0.005324876476219874	0.721856862689965	-58.89239191216541	255,0,255	NA	""
567	Aten_Bo_144	-0.18472256243411436	1.5718208446303301	0.2633099810905508	9.446011653909576	96.70273441881795	1.6043925139530337	10.899705886840826	-16.608501434326183	1.679089036770165E-4	-0.37075531482696533	0.005400984999599887	1.0	138.37243202330043	255,0,255	NA	""
568	Aten_Bo_145	-0.12025066725953579	1.5830547580244363	0.28353530736102983	10.125810445983483	94.34391145393907	1.6127352108763806	11.379572587047	-29.93218043549323	1.6793010581750423E-4	-0.3732589781284332	0.004873962639042058	1.0	110.02932083264422	255,0,255	NA	""
569	Aten_Bo_146	-0.17880825698375702	1.5112916231155396	0.4681049585342407	17.09752665288232	96.74757372281148	1.592198798853056	11.342699255307604	-42.240514901041564	1.6754654643591493E-4	-0.37513676285743713	0.007613218777793226	1.0	-159.82011354161673	255,0,255	NA	""
570	Aten_Bo_147	-0.17719751876682496	1.5117293379196055	0.4754365769783391	17.34671567217931	96.68542453940819	1.594604807001675	15.914527278094935	-40.76585939722479	1.6725949535612017E-4	-0.37485888600349426	0.007218508702143982	0.7983041576329518	-169.86972896956587	255,0,255	NA	""
571	Aten_Bo_148	-0.1707990637016024	1.5114802250168813	0.4685321446136813	17.11998096562513	96.44714231085325	1.5916240640662358	9.777868099659011	-42.049825410248374	1.6723920998629183E-4	-0.37510836124420166	0.0054674839010159185	1.0	-166.1054750012601	255,0,255	NA	""
572	Aten_Bo_149	-0.4581981897354126	1.3222267627716064	0.9168185591697693	33.23147114173826	109.11300455544755	1.672957101573266	7.723626613616943	51.821220397949226	1.7299383762292564E-4	-0.35900184512138367	0.007520144626659147	0.47488187589567893	103.8321438029058	255,0,255	NA	""
573	Aten_Bo_150	-0.4964663237333298	1.2756195068359375	1.0058165192604065	36.30853704862168	111.26580078472473	1.6986320399776895	19.270299899849974	76.3433812064366	1.7290182586293668E-4	-0.35523176193237305	0.00873025544770956	0.8056228818923304	168.14692219838045	255,0,255	NA	""
574	Aten_Bo_151	-0.5704160900703055	1.2240578548963805	1.0177962716962075	37.00448204134584	114.98571643492795	1.6910355994547612	18.9348365595144	60.59616394689564	1.729721698211506E-4	-0.3577301800251007	0.013428092728460716	1.0	148.02901856936518	255,0,255	NA	""
575	Aten_Bo_152	-0.47315778994804336	1.4131700828371156	0.7704293610094542	27.337620686014013	108.51158301914646	1.6776439960610874	31.41047859191894	65.33930969238281	1.6948369739111513E-4	-0.3590255081653595	0.010229193169097515	0.3404464191793484	153.36273683514372	255,0,255	NA	""
576	Aten_Bo_153	-0.45889381636124466	1.4350090696119562	0.7382620760462527	26.105759865330974	107.73347634029949	1.6777560780671554	25.78384399414061	71.41067504882811	1.6817738651297987E-4	-0.35779181122779846	0.006193293451886203	0.5723987007561332	165.9982101714904	255,0,255	NA	""
577	Aten_Bo_154	-0.4296518713235855	1.415207862854004	0.7618835866451263	27.254691377549694	106.88809591552946	1.66369487142772	17.943626403808597	44.505447387695305	1.6998715000227094E-4	-0.3604012429714203	0.005783132888837993	1.0	164.25571985689106	255,0,255	NA	""
578	default	-0.3329501540556385	1.4367095412480184	0.6843021268563971	24.89136388928586	103.04768237700146	1.6258104169364131	9.985281901250149	11.022451524860221	1.7016060883179307E-4	-0.3660922646522522	0.006899124660555697	1.0	-105.38050818719168	255,0,255	NA	""
579	Atum_Bo_01	-2.3306151248278573	-1.0738603024855642	0.1796864808977474	4.0054722380845895	204.7384830093643	2.572397722116114	5.268199885940155	201.41103924176906	1.2871663784608245E-4	-0.3419997990131378	0.011516206016147855	1.0	-17.988980747315477	255,0,255	NA	""
580	Atum_Bo_02	-2.3119979007899487	-1.0808497464816007	0.2106628421034862	4.718648083987545	205.05590026459683	2.560849331915017	15.268057982981324	196.7136205614093	1.2950455129612237E-4	-0.342641681432724	0.016158777714190962	1.0	40.334524974847	255,0,255	NA	""
581	Atum_Bo_03	-2.3013848608760825	-1.0497319663706928	0.43773611010362934	9.817983561820817	204.51917834771257	2.567084412554204	14.766080673779	215.4046791572503	1.3071607099846005E-4	-0.33992481231689453	0.009384191694184198	1.0	-154.07030745412916	255,0,255	NA	""
582	Atum_Bo_04	-2.168577713877938	-1.1824043918388458	0.5304605210665494	12.120897024975092	208.60116984377447	2.5263012115300207	18.896130763425177	236.30822763775822	1.3187153672333807E-4	-0.33673393726348877	0.008851474812408073	1.0	-122.28168323936043	255,0,255	NA	""
583	Atum_Bo_05	-2.0455453737480673	-1.278081543568061	0.5421571945890317	12.668105614891287	211.9976416653345	2.472181775621705	22.341765440942428	229.0254651059448	1.3377251161728054E-4	-0.33684614300727844	0.01259744123008647	1.0	-92.37315859614836	255,0,255	NA	""
584	Atum_Bo_06	-2.095648535004322	-1.243163999946234	0.5004085854175253	11.605389328361365	210.67692945875115	2.4874903548330893	15.282164278259929	227.90655010872618	1.3338352437131107E-4	-0.33775246143341064	0.007866189871967437	1.0	-152.1066143035012	255,0,255	NA	""
585	Atum_Bo_07	-2.14016056060791	-1.2833732962608337	0.1524020954966545	3.4948087691550405	210.94952130232284	2.500112125775309	18.6402530670166	169.4083709716797	1.3296937686391175E-4	-0.34473666548728943	0.010072278413676543	0.874736204093276	-40.87669281095689	255,0,255	NA	""
586	Atum_Bo_08	-2.2378075774349107	-1.1447423833843622	0.3847027578636584	8.7014901726621	207.09185065394462	2.5428751620654757	15.248213479718377	189.19736800032496	1.322393654845655E-4	-0.3424455225467682	0.012034333710874291	0.69435951744832	-42.81287598547274	255,0,255	NA	""
587	Atum_Bo_09	-2.166971296426494	-1.1968499938364676	0.4680009667661485	10.705497844050551	208.91251355854754	2.519372821195133	8.311470154532982	214.57104404817446	1.3351888628676534E-4	-0.3392561078071594	0.00927559333890528	0.8344852723840861	168.92834540019317	255,0,255	NA	""
588	Atum_Bo_10	-2.169146418571472	-1.1970025300979614	0.4391591250896454	10.05177720672101	208.89128140207714	2.516122409464982	10.234168814347044	212.9902784795892	1.3316335389390588E-4	-0.3396933972835541	0.0070970153313543675	0.9435187637702482	-30.277278900355732	255,0,255	NA	""
589	Atum_Bo_11	-2.1511805057525635	-1.2033403515815735	0.4696657210588455	10.78801789388931	209.22204015089187	2.50922128550115	5.720160655250034	215.40444568387244	1.3351888628676534E-4	-0.3392561078071594	0.00539217234238969	1.0	-174.00112927869952	255,0,255	NA	""
590	Atum_Bo_12	-2.155615448951721	-1.1950867176055908	0.5458516478538513	12.487445783771557	209.00426075097752	2.524453257206677	22.602503214992286	242.53191927690503	1.3160568778403103E-4	-0.33585724234580994	0.008006707706839129	0.5018740517031295	-26.244330989070754	255,0,255	NA	""
591	Atum_Bo_13	-2.1441638469696045	-1.200900375843048	0.5596746802330017	12.829499738095054	209.25225638310283	2.5204832994974162	22.282851900957244	243.43799052243222	1.3184726412873715E-4	-0.3355270326137543	0.005926098377087434	1.0	-135.75956048759454	255,0,255	NA	""
592	Atum_Bo_14	-2.1333624124526978	-1.2000824213027954	0.5885069966316223	13.51895502409363	209.3591013542261	2.5174934927165844	5.945103645324707	246.6051177978516	1.3219380343798548E-4	-0.3352999985218048	0.006613115468152226	0.8781803810739516	-143.2685536942279	255,0,255	NA	""
593	Atum_Bo_15	-2.0889002084732056	-1.2362199425697327	0.5861306190490723	13.575624266904736	210.61722537516826	2.4970568535684894	17.42025566101074	241.1489715576171	1.33514404296875E-4	-0.33576974272727966	0.007549525437602674	0.660734005022446	-31.219391008459265	255,0,255	NA	""
594	Atum_Bo_16	-2.2387227218398933	-1.140842869454167	0.0020121624614701794	0.045883217501171115	207.00318311971543	2.5126491849966657	19.520797242776162	157.04109336507264	1.3166390999685973E-4	-0.34722572565078735	0.005068645091149149	0.5795426254925209	-81.16480029757385	255,0,255	NA	""
595	Atum_Bo_17	-2.2288373708724976	-1.1434851288795471	0.004602861474268138	0.10527704650798847	207.15968685249163	2.5050539818734947	22.294216067866923	153.4433302475538	1.3201376714278013E-4	-0.34770825505256653	0.006851594715459803	1.0	-128.76567134465216	255,0,255	NA	""
596	Atum_Bo_18	-1.9867609739303589	-1.3006662726402283	0.44556477665901184	10.627074809726713	213.21143377129792	2.416087724093587	13.688478469848631	185.91246032714838	1.3809044321533293E-4	-0.3422938585281372	0.007217145519435849	0.8653423895902962	-23.454778158857422	255,0,255	NA	""
597	Atum_Bo_19	-1.9823454022407532	-1.300828993320465	0.45454199612140656	10.8522468472587	213.2731671625316	2.414219913323188	9.22145383653007	185.74425283935247	1.3840138853993267E-4	-0.34227222204208374	0.006305912521640271	1.0	-35.41518575442881	255,0,255	NA	""
598	Atum_Bo_20	-1.975046119907217	-1.320470003177649	0.3676666917074914	8.79700145179545	213.76576845157618	2.4040854812680155	20.427768026019628	164.84203275397664	1.3837420556228608E-4	-0.34452566504478455	0.008386894404312027	1.0	-108.09595700762087	255,0,255	NA	""
599	Atum_Bo_21	-1.9000352446288755	-1.3271598510568585	0.3632002693180377	8.9064292418338	214.93399993897322	2.3459329991970934	14.293546855453187	141.26626265705667	1.4162849402055144E-4	-0.34772050380706787	0.00919793537358267	0.6083315270384535	25.326940049221292	255,0,255	NA	""
600	Atum_Bo_22	-1.8501202464103699	-1.3268285989761353	0.37020914256572723	9.235853671425236	215.6465030436935	2.306615240233575	14.068140983581532	125.40476989746097	1.436991587979719E-4	-0.34977999329566956	0.009830401915590047	0.6186545651143005	-41.09442482351366	255,0,255	NA	""
601	Atum_Bo_23	-1.910553514957428	-1.3279966115951538	0.3863787353038788	9.428445395684067	214.80257463080727	2.3586178709191996	9.461758613586424	141.22801208496094	1.417901657987386E-4	-0.34785571694374084	0.007936076239312593	0.45579807704460196	-43.06729053170231	255,0,255	NA	""
602	Atum_Bo_24	-1.9642712808450724	-1.3288124256661096	0.33112765577007275	7.948637459649008	214.07800927624567	2.3945249323766027	11.033262252807619	158.17057800292974	1.3883573410566896E-4	-0.3460068702697754	0.0058696601945804824	0.6415458862798977	-41.60627635080624	255,0,255	NA	""
603	Atum_Bo_25	-1.7474483632950564	-1.323013199019743	0.4168626355346278	10.768631446635457	217.12978136060556	2.231079147871698	15.40091533517589	100.18124361114636	1.488734851591289E-4	-0.3528251051902771	0.009049269608389686	1.0	-62.06636065711523	255,0,255	NA	""
604	Atum_Bo_26	-1.6755884289741516	-1.3446399569511414	0.3634340465068817	9.601508435230901	218.74663198683874	2.1789303576071446	17.23618888854981	77.38004302978516	1.5036118566058576E-4	-0.35619136691093445	0.00834853770292424	0.6372346802013509	-55.995667572012316	255,0,255	NA	""
605	Atum_Bo_27	-1.7835534624768445	-1.3104345824727162	0.4254097934350546	10.88034288830354	216.30593192176147	2.2537247482343616	12.557782173156737	103.23841857910155	1.4772456779610366E-4	-0.35271576046943665	0.009315894669153505	0.3149024476533202	-124.93323850561751	255,0,255	NA	""
606	Atum_Bo_28	-1.679458737373352	-1.3415167927742004	0.34512756764888763	9.121757224754244	218.61713422196453	2.177007577797126	12.318217277526852	73.23269653320308	1.5020163846202195E-4	-0.3566665053367615	0.005515758254711455	1.0	-114.19664518411757	255,0,255	NA	""
607	Atum_Bo_29	-1.9910771250724792	-1.4244657754898071	0.05678911320865154	1.328831510838924	215.58086699959458	2.448819280164972	22.073327121824164	192.4944790638468	1.3167274300940335E-4	-0.34134700894355774	0.0067800848641185185	0.8421319238182391	-110.00230610958678	255,0,255	NA	""
608	Atum_Bo_30	-1.5263328646565175	-1.4475603322570612	-0.2745773476026542	-7.436631619102862	223.48270322688177	2.12144187972974	20.547931534917375	79.77045042081863	1.5000687562860548E-4	-0.3547423183917999	0.019171713058959587	1.0	-123.26126713389674	255,0,255	NA	""
609	Atum_Bo_31	-1.4909858107566833	-1.4256451725959778	-0.15837522596120834	-4.390190225038048	223.7166300096294	2.0689576018425906	12.65880227515983	60.06346191180242	1.5172721759881824E-4	-0.3586127758026123	0.009896350613296651	0.6432518670939538	40.435190931804804	255,0,255	NA	""
610	Atum_Bo_32	-1.4723012958870692	-1.439285701427694	-0.18411947283099445	-5.110060063752622	224.35032916709983	2.067151280501869	1.6068174350130513	62.26318762668921	1.518019853392616E-4	-0.3581104874610901	0.01230270795034313	1.0	0.29110893864686915	255,0,255	NA	""
611	Atum_Bo_33	-1.5388689041137695	-1.4274675846099854	-0.19185660034418106	-5.222552379207748	222.84925707559378	2.1077452797376175	23.40930259932374	74.73811124793103	1.5002905274741352E-4	-0.3566160202026367	0.00815560610975165	1.0	-26.16541654124478	255,0,255	NA	""
612	Atum_Bo_34	-1.5217162865058136	-1.429625997500943	-0.1863178706846213	-5.099322059250662	223.2127882867983	2.0962264425114148	21.196234296004693	67.96155676512706	1.5039790014270693E-4	-0.35730183124542236	0.00630972713465172	0.8678003231392469	0.45275587812960816	255,0,255	NA	""
613	Atum_Bo_35	-1.5401421189308167	-1.4305302500724792	-0.2146577313542366	-5.8308392424478575	222.88685897106996	2.1129440325070807	23.047406777428137	83.74569647434122	1.493785675847903E-4	-0.35532277822494507	0.008585100411715648	0.8029480063088327	44.29765325170247	255,0,255	NA	""
614	Atum_Bo_36	-1.4213189771242096	-1.3941570335196307	-0.06784530614548447	-1.951719371196861	224.44726346547293	1.9920904734503504	25.88689406310684	21.6342830544236	1.5449878992512822E-4	-0.36460551619529724	0.008237152335678245	0.6959748610472973	-82.09938230646351	255,0,255	NA	""
615	Atum_Bo_37	-1.4756537561507606	-1.356545807422394	0.10770266700141659	3.0756654284765115	222.59184914772584	2.007329170852738	12.704300540319927	1.2447521416986858	1.556155038997531E-4	-0.3678980767726898	0.008042305081225309	0.6126282477135045	-113.0858405788008	255,0,255	NA	""
616	Atum_Bo_38	-1.4877755593524675	-1.3495821332074454	0.11302412640080867	3.220494019547524	222.21161413248387	2.011870399013806	7.256060514558281	-0.8271636221882631	1.5521068417001516E-4	-0.368177205324173	0.010097748897011758	0.7154501187152784	-80.65466653005315	255,0,255	NA	""
617	Atum_Bo_39	-1.377798250507858	-1.3777421297913945	0.10345094599664222	3.0391891603232732	224.99883308543792	1.951205651265966	22.55803367540859	-2.935665584977387	1.5772283950354904E-4	-0.3675699532032013	0.011153675575872464	1.0	-119.98260759026584	255,0,255	NA	""
618	Atum_Bo_40	-1.4797161221504211	-1.3761183619499207	0.028781989589333534	0.8160381783267239	222.92245914791567	2.020913147854784	13.400404410302334	21.897343220670173	1.545227423775941E-4	-0.36476030945777893	0.00787486186309036	1.0	-113.51168014827282	255,0,255	NA	""
619	Atum_Bo_41	-1.391406446648894	-1.387180955550356	-0.012857941130013636	-0.37495426584515645	224.91286845269164	1.9648023386253903	25.083790990603887	-8.768521452353847	1.566950377309695E-4	-0.36823973059654236	0.00601972563920439	1.0	-102.59967546692646	255,0,255	NA	""
620	Atum_Bo_42	-2.1922686100006104	-1.1680147647857666	0.40612591803073883	9.285484921071255	208.0481627626827	2.51698995040661	19.708115470479726	197.2409795196112	1.3327990018296987E-4	-0.3417544960975647	0.008457948110062804	1.0	-129.06691486288818	255,0,255	NA	""
621	Babi_Bo_01	0.5283787667515153	1.008988082247198	0.46708288870213166	22.29824887464852	62.36020983030346	1.231018885390902	21.05869506932928	-162.03596665165662	1.6166159184649587E-4	-0.3976583778858185	0.026930339248231266	0.8958797603585428	43.69252617580667	255,0,255	NA	""
622	Babi_Bo_02	0.3668951656721353	1.027624263425061	0.6407330049051198	30.421674106097573	70.35178852149514	1.265370488413661	26.952735674257582	-125.80127976493411	1.673394290264696E-4	-0.3914867639541626	0.01662626924343782	1.0	70.76507270240917	255,0,255	NA	""
623	Babi_Bo_03	0.42580512684366945	1.1691077252784312	0.5467379450197679	23.721485864538884	69.98767988241289	1.3590604327536357	44.352810082083394	-1.2530598043644956	1.6239895194303244E-4	-0.38577625155448914	0.02154777265962296	1.0	39.80391020274831	255,0,255	NA	""
624	Babi_Bo_04	0.6072551074574712	1.156490913909788	0.39867351498013004	16.97270741659113	62.29674536505039	1.3657124774401432	30.795285959714665	-99.37193435524932	1.5963418991304934E-4	-0.3884270191192627	0.01047757096391233	1.0	29.6341912463533	255,0,255	NA	""
625	Babi_Bo_05	0.2891018840984688	1.1095756551448959	0.7038904075970647	31.545046261535866	75.39617629480965	1.3454366353666274	53.397404006945386	-17.362866755716986	1.680005225352943E-4	-0.3824974596500397	0.01889669102649149	1.0	90.87799481800364	255,0,255	NA	""
626	Babi_Bo_06	0.14428339217486774	1.6323116392612975	0.6435644673651085	21.441644836608273	84.9486362858237	1.760521004867686	9.382242243603446	166.48066067932007	1.5724293189123273E-4	-0.3430696725845337	0.010636597269396121	0.890940487681831	-53.60258555856929	255,0,255	NA	""
627	Babi_Bo_07	0.1504517117610199	1.6830062596859274	0.5952937346441094	19.40754790518166	84.89164409285995	1.7915134434941782	6.305515434610054	163.0708427084102	1.5479921421501786E-4	-0.3427736461162567	0.016333146647648147	0.6974434928530544	-153.79773857892567	255,0,255	NA	""
628	Babi_Bo_12	0.46603242711814136	1.8504928680585628	0.2155176362763754	6.443596330127329	75.86445146953929	1.9204056679273231	11.81399138783457	208.6415276261685	1.4399265637621284E-4	-0.33822473883628845	0.015683783366991742	1.0	126.10276227835138	255,0,255	NA	""
629	Babi_Bo_09	0.45451702607293043	1.870422863488984	0.15141143580651453	4.4976939572748975	76.34172835988467	1.9308010871515227	6.087180240296324	221.7165694664788	1.4108749746810645E-4	-0.33654507994651794	0.019328974858584914	1.0	85.942218760496	255,0,255	NA	""
630	Babi_Bo_10	0.5011454263755692	1.86700362974582	0.1637137918005967	4.840831979578988	74.97471124044438	1.9400132725027803	8.504422017909121	222.17091213281657	1.4047452714294195E-4	-0.3366117775440216	0.011443801529283985	1.0	37.58779209613367	255,0,255	NA	""
631	Babi_Bo_12	0.5121251206049386	1.8690456829132533	0.15144274574959654	4.468373735147083	74.6768414940496	1.9438463954776546	7.9974669767296644	223.35407659464178	1.4038948575034738E-4	-0.33659815788269043	0.012071760299614731	1.0	115.44759010468944	255,0,255	NA	""
632	Babi_Bo_13	0.3890184164047241	1.1277437210083008	0.5789096057415009	25.88607944661599	70.9679795697404	1.3260005883088692	54.449346723538575	-52.59947062455825	1.6495873569510877E-4	-0.38936832547187805	0.01350127171731757	0.682718212398748	55.33832621583603	255,0,255	NA	""
633	Babi_Bo_14	0.3793888112060234	1.1534811035570791	0.5941618437624081	26.073224707945098	71.79356671413551	1.35184423027016	29.560935293773365	-12.907087310164638	1.6423783381469548E-4	-0.38728272914886475	0.014886976000629397	0.8679693707983596	-92.54804240226422	255,0,255	NA	""
634	Babi_Bo_15	0.3784878018268216	0.8951564914493093	0.6847913487301323	35.16860363983937	67.0805094843191	1.1889059473361088	13.897081016204458	-144.23254290953875	1.6666042210999876E-4	-0.39381542801856995	0.010138848170356271	0.5561880378695232	29.217915143537258	255,0,255	NA	""
635	Babi_Bo_16	0.5331724683501304	1.0301317325168127	0.4636531846833376	21.78778330015095	62.63495646477295	1.2491671397421813	20.01786736349951	-154.95380334754307	1.6217907250393182E-4	-0.3952518403530121	0.010054630164688006	1.0	93.41695426254289	255,0,255	NA	""
636	Babi_Bo_17	0.6456587549885364	1.3477685274160538	0.2962543832541951	11.212801573752127	64.40289488917567	1.5235228554189493	29.529912317005525	-31.23531192534332	1.568505249451846E-4	-0.3749949336051941	0.0062412849294573285	1.0	25.949792819043843	255,0,255	NA	""
637	Babi_Bo_18	0.29062621330140603	1.0715658071671257	0.7095035436995665	32.57989712118181	74.82548607682388	1.3176160872841112	26.39031600952148	-81.9395904541015	1.6921659698709846E-4	-0.38461124897003174	0.008190135421831692	1.0	-126.9054935983677	255,0,255	NA	""
638	Babi_Bo_19	0.2694187433018096	0.9674237708477128	0.7789441023969917	37.79917280753779	74.43796247819232	1.2709245163669594	12.082776196496269	-91.33748738337371	1.7232481332030147E-4	-0.384204238653183	0.009746542602177433	1.0	-18.277977376031433	255,0,255	NA	""
639	Babi_Bo_20	0.14121975450609092	0.9519397361557251	0.914762737083946	43.54756014768777	81.56174419342896	1.327751160983226	23.4331932067871	-35.22682952880858	1.7514463979750872E-4	-0.3763631284236908	0.0077790658525346045	1.0	26.948959070287348	255,0,255	NA	""
640	Babi_BP_01	0.6143877228468505	1.720368072427874	0.18636384091099212	5.825017935686176	70.3470456868848	1.8362652476734496	37.54971286457765	146.69236863874144	1.467424153815955E-4	-0.3464858829975128	0.003085260061513524	1.0	-102.72273677842676	0,102,204	NA	""
641	Babi_BP_02	0.6246435013337008	1.7548831134563656	0.18026747861529022	5.527615567235985	70.4070200839361	1.871440784395554	31.828500747680664	148.86323547363287	1.4493102207779884E-4	-0.3442577123641968	0.007112751108674588	0.4529352931199572	-78.8675226470943	0,102,204	NA	""
642	Babi_BP_03	0.5985972930539708	1.7640809946185536	0.14651150316397743	4.4969469235740505	71.25662619624856	1.868626794034939	30.151220295562442	152.1743770605215	1.467229303671047E-4	-0.3455324172973633	0.0030505991432383736	1.0	-79.12326712281899	0,102,204	NA	""
643	Babi_BP_04	0.5985864936291381	1.753185588554103	0.12591087442775725	3.888185954485677	71.14866303212317	1.8568303763586445	16.10804727234247	141.75335976515083	1.485763641539961E-4	-0.34706348180770874	0.0037434287434035263	1.0	-103.65801525375186	0,102,204	NA	""
644	Babi_BP_05	0.6024141268547607	1.7709571291875554	0.15825315912870078	4.835687659118756	71.2135946527875	1.8772948612374736	30.83875846862796	152.90164184570315	1.467229303671047E-4	-0.3455324172973633	0.0033641709979619146	1.0	-66.8091048874933	0,102,204	NA	""
645	Babi_BP_06	0.6025603510621718	1.7794739172759342	0.16034660845120635	4.878295029289414	71.29301910089931	1.885554940535897	30.83875846862791	152.9016418457031	1.4489349268842489E-4	-0.3437534272670746	0.003212971497113781	1.0	-39.61683147678987	0,102,204	NA	""
646	Babi_BP_07	0.5909247749942844	1.7679267713948528	0.1347193863521085	4.1336725520085995	71.5179335868434	1.8689319066717662	32.04172134399414	154.92356872558597	1.4660610759165138E-4	-0.3452538549900055	0.003847443370407277	1.0	-70.96929423464717	0,102,204	NA	""
647	Babi_BP_08	0.6113425713563183	1.7931001957263157	0.17572952376280174	5.299596188862157	71.17361781640385	1.9025847988954945	39.43706241728289	160.94832261144725	1.4326319796964526E-4	-0.3419758677482605	0.003488688486866084	1.0	-63.663397338548734	0,102,204	NA	""
648	Babi_BP_09	0.5677279801557441	1.805728459258196	0.12647917689404803	3.822741831143077	72.54665156929791	1.8970944389287783	44.67474237801865	171.39290583611708	1.4441741222981364E-4	-0.34314024448394775	0.00570028963718221	0.9692021715133754	88.57782012850373	0,102,204	NA	""
649	Babi_BP_10	0.5907401144504547	1.766946017742157	0.1408241167664528	4.322577609005413	71.51375821144909	1.8683959816641802	31.350455979659287	154.126293622015	1.4660610759165138E-4	-0.3452538549900055	0.0035888084837140573	1.0	-6.9522320300346525	0,102,204	NA	""
650	Babi_BP_11	0.593481096745536	1.7802864074602345	0.1502979229224244	4.5790685327194485	71.563536481176	1.8826122729911083	43.87755449959449	167.38734488377727	1.4487866428680718E-4	-0.3436524569988251	0.002756817118576678	1.0	-63.61017158819189	0,102,204	NA	""
651	Babi_BP_12	0.5726732889629778	1.8012858351046936	0.13280131811931523	4.019023992239302	72.36325335790772	1.8947879949310202	44.971599578857415	169.9916076660156	1.4465472486335784E-4	-0.3433765172958374	0.002360597928217234	1.0	-37.52933392678198	0,102,204	NA	""
652	Babi_BP_13	0.5844649565026414	1.7721449932758297	0.13255345452338407	4.0631640699699325	71.74710804184235	1.8707398485300697	32.04172134399415	154.923568725586	1.4660610759165138E-4	-0.3452538549900055	0.0029039175774964532	1.0	-16.751236108949243	0,102,204	NA	""
653	Babi_BP_14	0.5883777496329781	1.7626923929534968	0.12294631544671702	3.7852122076449732	71.54125269011058	1.8623610404326052	32.04172134399413	154.9235687255859	1.4660610759165138E-4	-0.3452538549900055	0.0019187758060239374	1.0	70.66983669752172	0,102,204	NA	""
654	Babi_BP_15	0.5979008984318194	1.796069637337419	0.15814845524970314	4.7756830125316485	71.58770625467983	1.899569045970378	43.961421966552734	167.11009216308594	1.4489349268842489E-4	-0.3437534272670746	0.0023286592302544907	0.8728573626467896	-54.094447554803395	0,102,204	NA	""
655	Babi_BP_16	0.597129438356258	1.8042712428296481	0.1613428145463378	4.85244718711876	71.6878703514684	1.9073515113002733	43.96142196655274	167.11009216308597	1.4166042092256248E-4	-0.3397308886051178	0.003193859604375437	1.0	-46.34716917439621	0,102,204	NA	""
656	Babi_Bo_21	0.06493953198235566	1.6168910574965099	0.7754051252348352	25.602769285276608	87.70005382213446	1.79438205041923	11.83105608357597	183.28973418805626	1.5603471547365189E-4	-0.33930495381355286	0.009036342681203825	0.9637349322090776	77.09010121997517	255,0,255	NA	""
657	Babi_Bo_22	0.06280557891106629	1.606877481319982	0.7894556184464128	26.147488548304963	87.7617062421347	1.7914351660644074	11.540122637448338	183.64998640286316	1.5647757390979677E-4	-0.3390926420688629	0.0065489364487817045	1.0	-33.382545549287826	255,0,255	NA	""
658	Babi_Bo_23	-0.022546722553670406	1.366373896598816	0.9497107267379761	34.79793190909323	90.94535969739503	1.664162385251427	35.837345123291016	135.52622985839832	1.6846065409481525E-4	-0.3465915024280548	0.006199626443277987	1.0	1.1392121175904935	255,0,255	NA	""
659	Babi_Bo_24	0.010686052963137627	1.3562531471252441	0.9415796995162964	34.769508555908246	89.54857021615	1.6510933109174235	15.185078222468546	116.75306460110917	1.6920252528507262E-4	-0.3485654294490814	0.007569595040229687	1.0	-51.083937757741346	255,0,255	NA	""
660	Babi_Bo_25	0.029772305861115456	1.357930600643158	0.9260932207107544	34.28713457907617	88.74400486850047	1.643931434034216	13.836361019442101	110.67845391641531	1.6953940212260932E-4	-0.34949949383735657	0.012484389265353252	0.469074367584003	125.96401921545969	255,0,255	NA	""
661	Babi_Bo_26	-0.03836129974250721	1.3557399598138484	0.9664255163279221	35.47195065811523	91.62077856883839	1.6653770463662818	20.1694487155524	135.26530734767192	1.6913196304813027E-4	-0.34641703963279724	0.008855268952894218	0.8578670534637264	24.771630234576573	255,0,255	NA	""
662	Babi_Bo_27	-0.015354583971202374	1.3514775037765503	0.9554384648799896	35.256981182393645	90.6509283398444	1.6551706457750075	22.44231715417083	126.06992870456158	1.6970338765531778E-4	-0.34770455956459045	0.0073258649644198605	0.6336084440285898	42.25094348372725	255,0,255	NA	""
663	Babi_Bo_28	-0.037107086108002285	1.3459778526835393	0.9731148303689825	35.85583644945909	91.5791797973296	1.6613204955209793	18.849805831909176	136.3413848876953	1.6967068950179964E-4	-0.34674355387687683	0.006540462634178383	1.0	99.70861479896811	255,0,255	NA	""
664	Babi_Bo_29	-0.04985806798660271	1.3668817961915307	0.9669547301781662	35.25826166796025	92.08898163584875	1.6750680947105023	37.77211078876718	151.74509053056573	1.6836688155308366E-4	-0.3454214036464691	0.006734530402920276	0.825268767421033	-76.8945422559532	255,0,255	NA	""
665	Babi_Bo_30	-3.106019675139654E-4	1.3313763601810933	0.962121575127536	35.85382606465259	90.01336675492851	1.6426323490813546	15.343882111873947	120.66961452143323	1.7005170229822397E-4	-0.34780606627464294	0.005710691658836366	1.0	20.43085998076331	255,0,255	NA	""
666	Babi_Bo_31	-0.051778864393870416	1.3234306419795963	1.0005408090611394	37.068953585293364	92.240539046072	1.6598890401244186	24.675332330897714	136.66426314340137	1.6991455049719661E-4	-0.3458860218524933	0.005319879158746225	1.0	-45.54139299798822	255,0,255	NA	""
667	Babi_Bo_32	-0.04003363661468029	1.332420527935028	0.9864931404590607	36.503024120260214	91.72097960970838	1.6583473313802617	18.280330284886073	133.75588785100115	1.6963858797680587E-4	-0.34624525904655457	0.0058648311991459	0.5294760672198204	-49.27243039714518	255,0,255	NA	""
668	Babi_Bo_33	0.0398612804710865	1.348727822303772	0.9267449080944061	34.482265553764336	88.30713174983717	1.6369214351996186	14.942799568176275	108.92517852783206	1.6980165673885494E-4	-0.34983447194099426	0.007830601968447468	1.0	123.72017638075819	255,0,255	NA	""
669	Babi_Bo_34	0.03749033063650131	1.3692396879196167	0.9094211161136627	33.58140918385572	88.4316104817413	1.6441622834437186	18.480844497680653	106.463394165039	1.6893741849344224E-4	-0.3499809503555298	0.00634690685678261	0.5687091934026689	-57.65911889910766	255,0,255	NA	""
670	Babi_Bo_35	-0.01276368647813797	1.370103657245636	0.9434143900871277	34.54903079818676	90.53374371200196	1.6635437038785146	22.126533431393735	123.62206474883533	1.6853421402629465E-4	-0.3472532331943512	0.0050210743282468285	1.0	5.301279135997184	255,0,255	NA	""
671	Babi_Bo_36	-0.0044852165738120675	1.3510921597480774	0.9505674540996552	35.128340381464994	90.19020392799456	1.6519832402581869	22.558066983855184	125.78099424467558	1.696863182587549E-4	-0.34817424416542053	0.007218942369700988	0.7696038694377737	50.19518745396073	255,0,255	NA	""
672	Babi_Bo_37	0.021818704903125763	1.3553522229194641	0.9348968863487244	34.59372389956918	89.07772185639868	1.6466596163630545	14.910552024841309	114.66238403320314	1.6962146037258208E-4	-0.34903982281684875	0.0063419257520820685	1.0	-32.99428457750556	255,0,255	NA	""
673	Babi_Bo_38	0.013064541367700605	1.368452505862394	0.9249535663601567	34.054024031497775	89.45301693854788	1.6517784485107518	15.477647781372069	116.95790100097662	1.6920252528507262E-4	-0.3485654294490814	0.0069808772755269475	1.0	74.77233934842734	255,0,255	NA	""
674	Babi_Bo_39	0.03765641085678506	1.361768502956063	0.9157978652753944	33.9109398961379	88.4160275950592	1.641498459019923	13.498663902282724	109.42743682861332	1.6893741849344224E-4	-0.3499809503555298	0.006724123493367535	1.0	-10.567984944201138	255,0,255	NA	""
675	Babi_Bo_40	0.06023388725681919	1.3864363950002496	0.8738342655254648	32.19778550942048	87.51234267218742	1.639945219256358	34.359476352337246	109.3634108896757	1.685943134361878E-4	-0.35165849328041077	0.007986310205668989	0.45046210890153254	50.96559745421302	255,0,255	NA	""
676	Babi_Bo_41	0.005125754586086495	1.3473355086964232	0.9471193351844005	35.105385978398026	89.7820270557176	1.6469287420633798	15.293982505798349	117.5824356079102	1.696863182587549E-4	-0.34817424416542053	0.005761842738268219	1.0	97.15704525398694	255,0,255	NA	""
677	Babi_Bo_42	0.025145826618927655	1.3663013167809224	0.9195557843188157	33.93706993260374	88.94563001331984	1.6471170089911111	17.33852457896396	112.94770579313813	1.6905751544982195E-4	-0.34946706891059875	0.006638886454189197	1.0	113.20819729351034	255,0,255	NA	""
678	Babi_Bo_43	0.05880863883021606	1.3495880763287513	0.9152431804801028	34.11850019957877	87.50490047588683	1.6317219466517991	12.271339292825125	103.43464435925165	1.6975538164842874E-4	-0.35031816363334656	0.005340646766324809	1.0	-68.19019833004954	255,0,255	NA	""
679	Babi_Bo_44	0.04286719299852848	1.3339983224868774	0.9385294616222382	35.11424417260341	88.1594696835897	1.6316331300161517	9.341596629003378	111.6050760592092	1.6998947830870748E-4	-0.34962496161460876	0.007300086231204837	0.9217316704622747	48.62053886446019	255,0,255	NA	""
680	Babi_Bo_45	0.06396911861369628	1.3747348778785116	0.8824391838805572	32.66815188034789	87.33583637970486	1.6348354491628945	16.820831873440483	98.41717899590773	1.685943134361878E-4	-0.35165849328041077	0.007834779540287046	0.8110695276688604	30.80974829941511	255,0,255	NA	""
681	Babi_Bo_46	0.07371325947254244	1.364361332688311	0.8872566074150939	32.99816508654467	86.90744941711732	1.629153086164352	17.347660372843727	95.8513433084888	1.6910108388401568E-4	-0.3521762192249298	0.005223816592092085	1.0	-52.95888915267633	255,0,255	NA	""
682	Babi_Bo_47	0.0550510448741723	1.3773604014041085	0.8887630136418743	32.811924381415864	87.71119124275603	1.640137795221978	20.38419653661806	103.1892902439166	1.687406183918938E-4	-0.3510659635066986	0.007131867199523806	0.8771102037613013	61.968651542976126	255,0,255	NA	""
683	Babi_Bo_48	0.09100110333385597	1.3899330907611318	0.8445856133333548	31.230386718439323	86.25410148492189	1.6289628773702767	29.518647780784608	107.39751485496544	1.6828537627588958E-4	-0.3522781431674957	0.005946196868685303	0.642347933599028	75.76590267744893	255,0,255	NA	""
684	Babi_Bo_49	0.08877954313341473	1.380827705383164	0.8529956184256648	31.65256155190893	86.32126342733072	1.6254748488629696	22.22572861622926	98.16995403306512	1.6828537627588958E-4	-0.3522781431674957	0.005288154144487141	1.0	-33.91035929219423	255,0,255	NA	""
685	Babi_Bo_51	0.07139405235648155	1.3631390929222107	0.8946775197982788	33.242350028958604	87.00188796461623	1.6320824617025533	16.41249099449737	98.55984006000081	1.69456543517299E-4	-0.3516395688056946	0.006284437583291317	1.0	66.13370721408178	255,0,255	NA	""
686	Babi_Bo_50	0.09614530832737007	1.40970960970239	0.8310544460814109	30.46214401588764	86.09834340207331	1.6392609909200886	30.890100321833803	118.70550068903775	1.672443759161979E-4	-0.351030170917511	0.006190488647129541	1.0	86.25941063460598	255,0,255	NA	""
687	Babi_Bo_52	-0.00861787237226963	1.3375874161720276	0.9642803966999054	35.78765367839261	90.36914288918003	1.6489545315398215	21.731208801269528	124.3473358154297	1.6970338765531778E-4	-0.34770455956459045	0.005875009230291182	0.47031804989495996	90.92534812634162	255,0,255	NA	""
688	Babi_Bo_53	-0.01023823069408536	1.334930419921875	0.9675945341587067	35.93483948081004	90.43942058588864	1.6487520219652025	17.420238494873047	127.41274261474608	1.7005170229822397E-4	-0.34780606627464294	0.00586793376228202	0.4144165649606218	117.30693424181275	255,0,255	NA	""
689	Babi_Bo_54	-0.01709538558498025	1.3441910147666931	0.9630193710327148	35.61677100953729	90.72864691665154	1.653646892589847	18.371272350343904	126.73648983642967	1.6970338765531778E-4	-0.34770455956459045	0.0073416619563412356	1.0	-57.909590502630095	255,0,255	NA	""
690	Babi_Bo_55	-0.04104405827820301	1.3640809655189514	0.9651815593242645	35.26982278638792	91.72346221577965	1.6715193500736623	32.11366436686913	145.72495434178128	1.6836688155308366E-4	-0.3454214036464691	0.0049615120471032444	0.8872404070759642	37.31590414117976	255,0,255	NA	""
691	Babi_Bo_56	0.00936831986522843	1.3626512711362393	0.9316514694477613	34.359980027570906	89.60609383779882	1.6507212704361927	15.163352118241587	115.68568018234929	1.6920252528507262E-4	-0.3485654294490814	0.008370696429057498	0.8293856455447468	-17.6172981214463	255,0,255	NA	""
692	Babi_Bo_57	-0.06654786033625795	1.2741654901979698	1.0601877573129468	39.72427207162877	92.98976093791786	1.658892520594093	42.63817923331271	159.8889480693996	1.697955740382895E-4	-0.3440144956111908	0.0056362650182086565	1.0	55.927213687127335	255,0,255	NA	""
693	Babi_Bo_58	-0.06333175023156898	1.2878692518594328	1.0402060038137944	38.89383070233661	92.81528676371379	1.656697513380953	35.01516342163085	148.58380126953122	1.6994054021779448E-4	-0.3448486030101776	0.005863276037280364	0.8801098507571032	-59.68780522369133	255,0,255	NA	""
694	Babi_Bo_59	-0.06401158187158656	1.280499069108812	1.0489829952534278	39.28923824687267	92.86180840790642	1.6565447995551132	39.33801686091967	153.52576838767044	1.6952233272604644E-4	-0.34373292326927185	0.00585111442031687	1.0	49.37560853189413	255,0,255	NA	""
695	Babi_Bo_60	-0.02085177486838083	1.2391055134421647	1.0164656580697673	39.358809068257386	90.96408734061971	1.6028161791026247	26.68169797632528	121.37495645864945	1.7159876006189734E-4	-0.3503815531730652	0.007539071634488193	0.6651380994490504	99.34538827994179	255,0,255	NA	""
696	Babi_Bo_61	-0.020756187848746777	1.1994956135749817	1.0364422798156738	40.82490766982252	90.99135275814339	1.585381072710642	40.51150484799926	117.3550828471431	1.7262376786675304E-4	-0.35191187262535095	0.006029561920836284	1.0	58.187697000390926	255,0,255	NA	""
697	Babi_Bo_62	0.03613407597069812	1.0207978091609093	1.03298899122266	45.322165454911065	87.97269746653485	1.4527216163536554	25.767398932999537	56.51869571662082	1.7510188627056777E-4	-0.36153313517570496	0.007820863761284392	0.8736445935672208	33.63597387384811	255,0,255	NA	""
698	Babi_Bo_63	0.029742681421339512	1.0345025658607483	1.0363867282867432	45.04029423646578	88.35315942238883	1.4646424944127159	26.9788648697327	53.98833838115654	1.7484667478129268E-4	-0.3626035749912262	0.007283673309370045	0.6183505718111846	7.683352820144183	255,0,255	NA	""
699	Babi_Bo_64	0.023263925686478615	1.0382201671600342	1.0444507598876953	45.16421751651595	88.71635922657154	1.4728610645835334	25.80269622802734	63.89509201049805	1.7508816381450742E-4	-0.3596572279930115	0.005220235224363856	1.0	28.25773333320329	255,0,255	NA	""
700	Babi_Bo_65	0.012026115320622921	1.0370295643806458	1.0592612624168396	45.60568778258645	89.33558811669127	1.4824335961202897	25.622762680053714	68.30079650878908	1.752045936882496E-4	-0.3582528233528137	0.007373929035136582	0.9381796829057075	26.060874725331658	255,0,255	NA	""
701	Babi_Bo_66	0.006755298934876919	1.0499327778816223	1.0597628951072693	45.26637456080197	89.63136232553857	1.491811605391264	26.611873626708988	73.86063385009767	1.7510101315565407E-4	-0.3578869104385376	0.005712704859171065	0.6106415028979598	113.9464978490037	255,0,255	NA	""
702	Babi_Bo_67	0.05228188973003198	0.9583852819313166	1.0250609726426998	46.88286484221255	86.87749229574447	1.404274097977852	35.4708447696974	33.09033124076101	1.758432772476226E-4	-0.3656151294708252	0.00725828602891979	0.9054443245775216	-2.823144660667125	255,0,255	NA	""
703	Babi_Bo_68	0.047638436779379845	0.9604543745517731	1.0324925184249878	47.03503770067818	87.16046235032766	1.4109510363077786	31.53926467895507	37.46441650390624	1.7571603530086577E-4	-0.3653430938720703	0.006449729783188827	0.8646631560379126	31.568157270270074	255,0,255	NA	""
704	Babi_Bo_69	0.17570511251688004	0.9630991518497467	0.8746654391288757	41.77860497065314	79.66082509817596	1.3128106844723577	16.879282677585174	-50.23689835889941	1.745609479257837E-4	-0.3783734142780304	0.008260213675982933	0.6212016548503093	16.380495428846533	255,0,255	NA	""
705	Babi_Bo_70	0.11043541133403778	0.974849283695221	0.9428756833076477	43.862281515819234	83.53682471090372	1.3607136584052013	24.921637115926117	-12.685913382856718	1.7535891674924642E-4	-0.3733426034450531	0.006076315360406206	0.7697176757243228	-32.80261937611401	255,0,255	NA	""
706	Babi_Bo_71	0.13567715688036874	1.0823377622616475	0.8797792952585345	38.88751889725769	82.85492061684843	1.4013832205654149	31.167294112002764	13.602838495050273	1.7265028145629913E-4	-0.3720785677433014	0.0111756433614874	1.0	-23.540178032721627	255,0,255	NA	""
707	Babi_Bo_72	0.24226593226194382	1.001887857913971	0.7852820456027985	37.30179999458587	76.4062806438655	1.2958163268443215	15.235325104958353	-83.64783044296675	1.7277283768635243E-4	-0.3829505443572998	0.007537115670951831	1.0	37.33759738439404	255,0,255	NA	""
708	Babi_Bo_73	0.2443753257393837	1.0590922236442566	0.7567696869373322	34.84761706789405	77.00695350762382	1.3244228920859054	44.55543899536133	-60.76169204711916	1.7082328849937767E-4	-0.3829641044139862	0.006917083480708115	0.5404434661963428	44.7407977672166	255,0,255	NA	""
709	Babi_Bo_74	0.3426842888116231	1.0435405964316253	0.6607054237178765	31.02835762148636	71.82053562382599	1.2817726612505898	25.754197506063193	-109.0658617962116	1.6815029084682465E-4	-0.38828158378601074	0.006938203355928481	0.7494897455788938	48.73031214589861	255,0,255	NA	""
710	Babi_Bo_75	0.34733656555475856	0.9744880764884581	0.6938307880283442	33.84845402731113	70.38241894831881	1.2456608139479957	15.759112358093256	-122.26853179931636	1.6945999232120812E-4	-0.38929641246795654	0.00966654131959368	0.5510227622643408	40.57746816761287	255,0,255	NA	""
711	Babi_Bo_76	0.3303762111840224	0.9823903742310619	0.7124839233205095	34.50555754306092	71.41229542952277	1.2577251803507556	14.210005471423838	-113.12267366803557	1.7007040150929242E-4	-0.3880288600921631	0.00799404605297015	1.0	52.330152625318085	255,0,255	NA	""
712	Babi_Bo_77	0.3396129739889169	0.9979874355012781	0.6922736004706828	33.292421251236064	71.20667121262203	1.2611735136089153	14.827718785120748	-116.33533378289101	1.6964519454631954E-4	-0.38857319951057434	0.005346422859377237	1.0	-36.385046865095646	255,0,255	NA	""
713	Babi_Bo_78	0.33562348783016205	1.0496346354484558	0.6661101281642914	31.1513933463039	72.26818342077347	1.2876640463876223	23.93946714165536	-102.70215590120272	1.684624148765579E-4	-0.3876931071281433	0.007268735148005858	0.5402677355453257	45.01817865154994	255,0,255	NA	""
714	Babi_Bo_79	0.34088677167892456	1.0169559717178345	0.6739761531352997	32.14426197642122	71.46868970076514	1.266746657589157	15.77985095977783	-116.28011322021483	1.6925556701608002E-4	-0.3888123333454132	0.006004906930586586	0.6431586582364631	50.501578601667056	255,0,255	NA	""
715	Babi_Bo_80	0.2785147837517269	1.0794507259270294	0.7186723486803953	32.80839629310447	75.53235068974988	1.3263763791738972	44.20135001563013	-67.71518523408588	1.696096151135862E-4	-0.38360294699668884	0.00533212595184743	0.8719289502348858	50.25957887163064	255,0,255	NA	""
716	Babi_Bo_81	0.33047324419021606	1.1260050535202026	0.6581748127937317	29.286552070821028	73.64346895256068	1.3454716756122012	41.044960021972635	-21.326715469360355	1.6624545969534665E-4	-0.38398477435112	0.006762648642024821	0.6009049272027548	-16.57907264533529	255,0,255	NA	""
717	Babi_Bo_82	0.35935074533312794	1.1031293588027136	0.6210141179877583	28.158896636934486	71.95668192335079	1.315935361316837	36.92057040819376	-92.85067813648935	1.6597492503933609E-4	-0.38877424597740173	0.005654149329946796	0.759517593783169	97.76766284544843	255,0,255	NA	""
718	Babi_Bo_83	0.41221408099754725	1.1393249132135623	0.557906059614752	24.72462297941153	70.10959476678265	1.3338818830003665	36.59175109863283	-93.41142272949222	1.6338129353243858E-4	-0.3871157765388489	0.0068613948998246825	1.0	-69.23655554768096	255,0,255	NA	""
719	Babi_Bo_84	0.3942494588173849	1.1475531258381333	0.5759833810128776	25.393230516760585	71.03950239538744	1.3431558612468237	32.27924395528236	-8.904138560422908	1.642573915887624E-4	-0.38795286417007446	0.008049725274766672	1.0	-57.30891124535204	255,0,255	NA	""
720	Babi_Bo_85	0.37020841240882874	1.1150479912757874	0.6027393043041229	27.158457373144508	71.6332560187216	1.3204851231344683	48.01358413696288	-85.26325988769528	1.6549519205000252E-4	-0.3898125886917114	0.005468339111510549	1.0	-67.94992436803338	255,0,255	NA	""
721	Babi_Bo_86	0.40147616831042443	1.1170622340838152	0.5670529946674344	25.534380458736653	70.23138101476627	1.3155076006237478	32.52354415373689	-102.41233790323511	1.648032630328089E-4	-0.389903724193573	0.01060942514371456	0.5943470859156746	-46.89319316804541	255,0,255	NA	""
722	Babi_Bo_87	0.37659127281686244	1.0923178908351585	0.5948739490883725	27.242047823664013	70.97767879724954	1.2995593009572088	38.10827231136571	-105.70340811524026	1.6549519205000252E-4	-0.3898125886917114	0.008573550236360104	0.8571818984219511	45.63617084410199	255,0,255	NA	""
723	Babi_Bo_88	0.44818367355426086	1.060792495523819	0.5339688337248463	24.876278740200082	67.0959951681806	1.2693589087368933	22.353844891330166	-139.97915578732054	1.6463988868054003E-4	-0.39357468485832214	0.007990356454297019	1.0	39.86658951492072	255,0,255	NA	""
724	Babi_Bo_89	0.434853732585907	1.0894692540168762	0.5393248200416565	24.69125661186923	68.24094607653012	1.2910895730757606	28.842992414260905	-121.68579767178822	1.6436180158052593E-4	-0.3909268379211426	0.0103741125138554	0.8240450754032529	53.06571826083346	255,0,255	NA	""
725	Babi_Bo_90	0.4326317885191334	1.137199033995713	0.5381833298270475	23.86102430427047	69.17136845264886	1.3304259482818934	34.71421051025391	-100.66186523437499	1.6305661119986326E-4	-0.3879821002483368	0.006249660962511558	0.8575107588588112	26.314279221992393	255,0,255	NA	""
726	Babi_Bo_91	0.4285168035724539	0.9696509399902233	0.590941496715787	29.13660984665621	66.15797786705136	1.213697428895922	9.25347657187467	-161.51554711680416	1.6577960923314095E-4	-0.39530566334724426	0.008969251731570425	1.0	-40.55390319105462	255,0,255	NA	""
727	Babi_Bo_92	0.4283154232635506	0.9797962240786374	0.5865092116519842	28.744140610199935	66.38757878791364	1.2196096907932563	11.179777019057953	-158.6326589247501	1.6609304293524474E-4	-0.395022451877594	0.006601465805446244	1.0	75.07294573264379	255,0,255	NA	""
728	Babi_Bo_93	0.42107409754705216	0.950322244977325	0.6097507228293361	30.396738612833467	66.1025578476252	1.2050774700884193	10.68904901462706	-162.27829744062853	1.6633205814287066E-4	-0.39500316977500916	0.00524744336488743	0.8011258918220217	-71.91195976180005	255,0,255	NA	""
729	Babi_Bo_94	0.3418203311326051	0.9146525205650359	0.7051981473158568	35.83739146835563	69.50847703712311	1.2044645279663881	28.286698834004977	-126.40552511761987	1.6907921235542744E-4	-0.3917519450187683	0.008673828512780323	0.515159021170427	33.81812149730663	255,0,255	NA	""
730	Babi_Bo_95	0.45112703698910595	0.9645729541650252	0.550591230429585	27.341557647572415	64.93468998400535	1.1987774148836716	25.661066055297848	-169.5999298095703	1.6274921654257923E-4	-0.3993035554885864	0.007459429759823432	1.0	-85.98737981298109	255,0,255	NA	""
731	Babi_Bo_96	0.5223649784455564	1.040825466404198	0.471089490884697	22.024514014809334	63.349038956768275	1.2562277383675087	32.792577115885926	-147.44723527202456	1.624899305170402E-4	-0.3962843716144562	0.010695956090224506	0.7307107922931013	41.5901887741205	255,0,255	NA	""
732	Babi_Bo_97	0.5249978148641101	1.0303115615604321	0.4695737179904199	22.101075533686544	62.998770330588655	1.2480641394273506	20.145471916420146	-158.6687916585307	1.6215827781707048E-4	-0.39636677503585815	0.008068198768934698	0.5259545632186573	73.09550281873565	255,0,255	NA	""
733	Babi_Bo_98	0.5311161914764195	1.043762591544983	0.4645062870715605	21.634952578942386	63.030837149346205	1.2598773142993418	28.9601085372728	-149.74418110857164	1.6217907250393182E-4	-0.3952518403530121	0.00552480267716611	1.0	61.363684620019086	255,0,255	NA	""
734	Babi_Bo_99	0.5752240717411041	1.0183495879173279	0.43799208104610443	20.530245141604958	60.539669870227236	1.248901789165547	23.47758380359199	-164.69454146927433	1.603614364285022E-4	-0.39714375138282776	0.008458852822806767	0.5002742351698843	27.85894364320091	255,0,255	NA	""
735	Babi_Bo_100	0.5708401367079273	1.0811686836757328	0.4369721044545235	19.66730422442245	62.16664759137353	1.2983561931570462	36.98824904036303	-124.01437331203483	1.6115496691782027E-4	-0.39330556988716125	0.013977818728297035	0.7948234875452211	-28.20831722092044	255,0,255	NA	""
736	Babi_Bo_101	0.609189472346336	1.0926554058630666	0.3989422036535683	17.687376587872855	60.85896984682538	1.3130736959650646	28.284584755249085	-131.6919122137113	1.5977314615156502E-4	-0.39217114448547363	0.006337745854978504	1.0	-10.305863965108268	255,0,255	NA	""
737	Babi_Bo_102	0.5542908608913422	1.0889570713043213	0.4458619952201843	20.046478336138815	63.023416632121574	1.3007147190652812	32.515320067896205	-110.47174098071063	1.6186109860427678E-4	-0.3931000828742981	0.013432565604526377	0.24350479070011505	27.18749184823067	255,0,255	NA	""
738	Babi_Bo_103	0.582553697471866	1.0652073081231868	0.43100357197515016	19.544802295602196	61.32608955480957	1.2883320607562814	26.835341427400394	-145.5842645559694	1.6057239554356784E-4	-0.3937422037124634	0.009181184055230955	0.5849782101938468	45.293608964959994	255,0,255	NA	""
739	Babi_Bo_104	0.6292051084148533	1.0820370371292625	0.3732617312733808	16.60503067572308	59.821976267364455	1.3061498911717682	26.473851618049718	-141.52322066085546	1.5850125055294484E-4	-0.39378678798675537	0.007697783853810738	0.5857150310796909	34.849705115275476	255,0,255	NA	""
740	Babi_Bo_105	0.6150815318827383	1.1024078751902573	0.39090000536553193	17.20517854552234	60.84094256241312	1.3215260982438017	28.68990453273144	-130.16071746423054	1.5949271619319916E-4	-0.3908868730068207	0.006151867889847567	0.7116751817270788	47.199114832628716	255,0,255	NA	""
741	Babi_Bo_106	0.5943300348741368	1.1131628773032636	0.41424173197423503	18.17353685236765	61.9017458110196	1.3281400506981886	41.49505059919746	-111.17675717648643	1.602348784217611E-4	-0.3911250829696655	0.0062096932244303385	0.9302235741147166	42.513991196393896	255,0,255	NA	""
742	Babi_Bo_107	0.5805315855101109	1.1234192210638891	0.4277636996004755	18.689308315280687	62.67215088543542	1.334941740573934	28.875668097655087	-104.94874625352814	1.601565018063411E-4	-0.38894546031951904	0.006635319134883036	0.5959547922663192	33.344438026574416	255,0,255	NA	""
743	Babi_Bo_108	0.5821322662426781	1.1052578522260956	0.4248759918068119	18.78427270768946	62.224509558457534	1.319466749759955	35.55113630540789	-113.5685549017081	1.604120625415817E-4	-0.3909569978713989	0.005053529822017478	1.0	-93.12651146581358	255,0,255	NA	""
744	Babi_Bo_109	0.6027998972866324	1.099253544763836	0.40557508615906934	17.92672480153	61.26086841044058	1.3176559575084728	29.360907663780207	-126.76466367084181	1.5977314615156502E-4	-0.39217114448547363	0.005516896637679313	0.6680406975661997	5.013863646557983	255,0,255	NA	""
745	Babi_Bo_110	0.4104031234506622	1.1241135732990466	0.5589941994252989	25.03811369472713	69.94334515049843	1.3208090567543596	34.82656160343924	-98.94449852132064	1.6468596004415303E-4	-0.3902096748352051	0.005854429378619127	1.0	51.54145589789545	255,0,255	NA	""
746	Babi_Bo_111	0.45260652899742126	1.1107496619224548	0.5212217271327972	23.48784264373413	67.83016421775005	1.3077803983801093	34.99493026733398	-116.69061279296876	1.6404082998633385E-4	-0.3912602961063385	0.008907500817909959	0.5820002106008973	58.53436400545555	255,0,255	NA	""
747	Babi_Bo_112	0.6531023350411889	1.3490384484556464	0.28544932128056333	10.78284763838196	64.16724659507302	1.5257551279505521	28.41049003601075	-30.556852340698235	1.5699891082476825E-4	-0.3753277659416199	0.00933812279928182	1.0	-77.05379919096045	255,0,255	NA	""
748	Babi_Bo_113	0.6587122455499844	1.3630716059195085	0.2714575701153369	10.165740677544472	64.2075751664102	1.5380361626679697	30.923974826061677	-23.083187326950288	1.5661389625165612E-4	-0.3745562434196472	0.008761434524124536	1.0	51.975622137411115	255,0,255	NA	""
749	Babi_Bo_114	0.6663583815097809	1.3640348315238953	0.2591272443532944	9.686572005392325	63.96356283712049	1.5400556623008428	31.315136100435296	-22.24045388759754	1.5661389625165612E-4	-0.3745562434196472	0.006317767553609818	0.8878792521693626	56.53629701304971	255,0,255	NA	""
750	Babi_Bo_115	0.6454457588849289	1.291646090100791	0.321073113141384	12.536315191015923	63.448339135151855	1.4792017420614074	23.939570728705917	-50.2688928889912	1.581506512593478E-4	-0.3781134784221649	0.007445281327199132	0.8071879956718476	39.6204647066068	255,0,255	NA	""
751	Babi_Bo_116	0.607200856896925	1.2959828774065667	0.3659523173002103	14.34322773910699	64.89571786688437	1.4772222573752258	27.988401412963857	-45.61148834228514	1.5832232020329684E-4	-0.3778969943523407	0.005939653084120125	0.9972477281547187	-38.158244617216965	255,0,255	NA	""
752	Babi_Bo_117	0.5872216820716858	1.2922622561454773	0.3960510343313217	15.59026680668996	65.56230154946525	1.473644280126045	32.603633880615234	-47.96875762939454	1.5847463509999216E-4	-0.37803003191947937	0.0071067664166862676	0.8470149430675046	40.91697027221905	255,0,255	NA	""
753	Babi_Bo_118	0.5967748165130615	1.3034155368804932	0.3771964758634567	14.741676567791938	65.39910632141148	1.4823324272272647	37.278541564941406	-40.26374816894532	1.5778570377733558E-4	-0.3769184947013855	0.005214525471348979	1.0	-56.531750968014904	255,0,255	NA	""
754	Babi_Bo_119	0.5937111675739288	1.3456859588623047	0.368523508310318	14.066086034473662	66.19312321754117	1.5163024851785025	57.40241290215901	20.27426837853007	1.5736625937279314E-4	-0.37614667415618896	0.007056859279158205	0.6614750603252232	13.962256223924458	255,0,255	NA	""
755	Babi_Bo_120	0.6149799227714539	1.3359435200691223	0.34250912070274353	13.109887292649045	65.28178780461771	1.510052281211226	38.54445801755784	-26.257584616079924	1.5707059355918318E-4	-0.3755243718624115	0.006164217432811651	0.9661907009970852	49.09243318210466	255,0,255	NA	""
756	Babi_Bo_121	0.6377300872707804	1.3144855125327635	0.32011361717632714	12.358399731393208	64.11939491160447	1.495675283867	27.043229697460873	-43.749068380236785	1.581506512593478E-4	-0.3781134784221649	0.00581177475997567	0.8477052047271821	17.22693166604054	255,0,255	NA	""
757	Babi_Bo_122	0.5979948043823242	1.2941274046897888	0.37936070561408997	14.90132290030291	65.19912461970999	1.47522136325414	31.503831544444438	-46.43320476002946	1.583473786013201E-4	-0.3778700530529022	0.005383693754002395	0.9314791131018184	22.069858137754803	255,0,255	NA	""
758	Babi_Bo_123	0.5974763333797455	1.2603071331977844	0.3958617299795151	15.845051698364669	64.63567945731829	1.449847767250237	22.474784851074222	-62.542526245117195	1.591335458215326E-4	-0.37957194447517395	0.00454744045714424	0.9051601632799222	70.54005569358677	255,0,255	NA	""
759	Babi_Bo_125	0.57588089091927	1.0866774924344955	0.4324238763729457	19.37217523311479	62.07880520261082	1.3036476448592618	38.55516826940099	-129.5124531198807	1.6091589350253344E-4	-0.39220815896987915	0.00893629869695492	1.0	-94.20005806942163	255,0,255	NA	""
760	Babi_Bo_126	0.5409800508747628	1.0762442316344931	0.45427766627573624	20.663069881844837	63.313360343048025	1.2873730071925193	31.57260966394089	-109.50001514918362	1.6204810526687652E-4	-0.39306190609931946	0.007859616743036747	0.6281550442017821	37.73443345263784	255,0,255	NA	""
761	default	0.3991518295872056	1.0246845330318552	0.5935978132469485	28.359747895516467	68.71728016081363	1.2496635303909145	18.403110504150387	-144.95312499999997	1.6681107808835804E-4	-0.3931645154953003	0.00497430531654782	0.6774285294900734	32.70622129510524	255,0,255	NA	""
762	default	0.16122162586777836	1.0090997706941618	0.8724440943975089	40.48901021917843	80.92269690092577	1.3436641908272875	22.444285253255394	-38.24518266038106	1.7420497897546738E-4	-0.37610042095184326	0.0060921579540351885	1.0	-12.4073169849163	255,0,255	NA	""
763	default	0.461830429164086	1.3901895085146458	0.5775554471355242	21.517549768626953	71.62316105624362	1.5746378978679485	50.451751728832036	70.48005070788314	1.5773667837493122E-4	-0.3611365854740143	0.006887702018089654	0.5532328645212765	-13.727548479692658	255,0,255	NA	""
764	Hapi_Bo_01	0.7565633711434504	0.4289331027296919	0.2300009425145605	14.813378040155396	29.551040073173745	0.8995955617558641	16.51925253048367	-554.1525905287306	1.3758655404672027E-4	-0.44363072514533997	0.055723478843946815	0.6942598114758447	-53.70534970824292	255,0,255	NA	""
765	Hapi_Bo_02	0.6618431165188934	0.20578067773093067	0.34991320113377344	26.78717164722383	17.271547113797645	0.7764156403232273	9.687737498085268	-573.0529930864898	1.3946036051493138E-4	-0.44651076197624207	0.044668770814959693	1.0	-47.8792460422699	255,0,255	NA	""
766	Hapi_Bo_03	0.5297155549419301	0.17689372046110707	0.39542686901796986	35.300498616790925	18.46627606136464	0.6842896800532389	12.114949580309158	-537.8797955891536	1.4576525427401066E-4	-0.44642001390457153	0.04387434160709132	1.0	2.0544400472923514	255,0,255	NA	""
767	Hapi_Bo_04	0.5093209377079905	0.3045056176269024	0.3754051294870415	32.3185529614504	30.873763580982807	0.7021826685409364	6.033464605025635	-529.483224936988	1.4814906171523035E-4	-0.44587355852127075	0.02930567218218342	1.0	-28.333719104450548	255,0,255	NA	""
768	Hapi_Bo_05	0.5393079866890211	0.2609800056844365	0.3739284021278405	31.968821627738702	25.82310343669707	0.7062479152475383	7.063296966976999	-536.9777314783643	1.4697379083372653E-4	-0.44588702917099	0.0262323039452502	1.0	102.52178458634845	255,0,255	NA	""
769	Hapi_Bo_06	0.48119329805382394	0.19121629489882733	0.40272012247328903	37.87439274381141	21.671852621751132	0.6559681078921844	13.135028902617961	-523.4388253444035	1.4926772564649582E-4	-0.44571906328201294	0.02081126346734964	1.0	-35.19306560333649	255,0,255	NA	""
770	Hapi_Bo_07	0.4582512236296577	0.2109438190824535	0.40777578718561425	38.949398078354356	24.717727686300805	0.6486698477515482	6.27945095971919	-523.6656816805273	1.4967151219025254E-4	-0.4459913372993469	0.020192148634590276	1.0	-6.920996872776867	255,0,255	NA	""
771	Hapi_Bo_07	0.5925949811935425	0.23051667958498	0.3651867061853409	29.869927566382838	21.255802725873703	0.7332585367230018	5.669095165598914	-552.9726535002725	1.4283126802183688E-4	-0.4469289183616638	0.019968125570887844	0.9359981241474251	-13.059513075737216	255,0,255	NA	""
772	Hapi_Bo_09	0.570147821227684	0.2519590304360374	0.3660789374499015	30.42515320763264	23.841535612690926	0.7228870447818193	5.298521013205839	-545.6630183126975	1.4537276001647115E-4	-0.44640791416168213	0.020474932561910453	0.2589547038716072	81.54746424875442	255,0,255	NA	""
773	Hapi_Bo_10	0.5552962783189155	0.308334590167314	0.3573330858243796	29.361685304974937	29.04172368756414	0.7287737031707835	4.383282158645564	-535.6178656613936	1.4621582522522658E-4	-0.4459714889526367	0.01659905511155479	1.0	25.67428078759093	255,0,255	NA	""
774	Hapi_Bo_11	0.5293083669334295	0.4067479100608661	0.3443347837497054	27.285839539552303	37.54053761599472	0.751117602605992	9.32662020768616	-518.3839532167591	1.4760518388357013E-4	-0.44500574469566345	0.021105043717496958	1.0	-38.203887585441116	255,0,255	NA	""
775	Hapi_Bo_12	0.654204990663705	0.3833229097462539	0.3103153195532108	22.25732116554592	30.367615666592137	0.8192778652539346	9.071390503696561	-528.9571132678207	1.438501349184662E-4	-0.44336453080177307	0.021151947499626823	1.0	-3.763265641318577	255,0,255	NA	""
776	Hapi_Bo_13	0.6464088347501689	0.3594197523133189	0.3166744716915002	23.178796696668456	29.075172467921803	0.8045555673893068	12.001013940514621	-530.3543957709782	1.4312258281279355E-4	-0.4438076317310333	0.01764170208679349	1.0	122.58057330365276	255,0,255	NA	""
777	Hapi_Bo_14	0.5371896150948423	0.4434258137363024	0.3341986598374015	25.63089171263332	39.538137106220276	0.772585192124831	12.841111997553641	-514.1610054402964	1.476094766985625E-4	-0.44375497102737427	0.018840356803250875	0.8042053462197111	-40.214323896258875	255,0,255	NA	""
778	Hapi_Bo_15	0.687863180288155	0.4977156031616681	0.2483557857678399	16.30483625338632	35.88828565327201	0.8846226160070061	14.36692601517229	-514.9906920350829	1.4309950347524136E-4	-0.44160720705986023	0.022311478483373275	1.0	-38.87560103043661	255,0,255	NA	""
779	Hapi_Bo_16	0.6489744484424591	0.43438613414764404	0.29273082315921783	20.548343874958093	33.79607413400961	0.8339966924984789	9.345244664477667	-519.8062401780752	1.4424575783777982E-4	-0.44315192103385925	0.02109132955281107	0.7867423359082663	-28.664677920441743	255,0,255	NA	""
780	Hapi_Bo_17	0.526973494219939	0.430691888047679	0.3422590123075673	26.697324920056108	39.258897802590454	0.7617990532589274	13.308296997067066	-512.0342470469802	1.4791155990678817E-4	-0.44417330622673035	0.018630113053012605	0.4861660644670303	-1.6820635809061466	255,0,255	NA	""
781	Hapi_Bo_18	0.5027246028184891	0.09870997816324234	0.4016232043504715	38.093768120038106	11.10870616932623	0.6509814777247782	14.534840595074861	-541.0759535078694	1.4576636021956801E-4	-0.4467318058013916	0.04351608374551828	0.47942866919429505	7.167221900947541	255,0,255	NA	""
782	Hapi_Bo_19	0.46530156285191304	0.07384513317636501	0.4202308225580542	41.73211067973292	9.017850138711324	0.6313102187626038	18.790339036708296	-527.5565667780838	1.4879826630931348E-4	-0.44593870639801025	0.05759780915147775	0.5390033884876705	-5.709764841657803	255,0,255	NA	""
783	Hapi_Bo_20	0.4367292875638662	0.040222612237638206	0.4185360427994882	43.66051767101736	5.262076196433958	0.6062365448185358	15.463160235363432	-529.3700619300113	1.4798485790379345E-4	-0.4470829665660858	0.037882779047169766	1.0	44.66626822601324	255,0,255	NA	""
784	Hapi_Bo_21	0.42429457845016105	0.062374214165965475	0.4322555059084616	45.226272511797795	8.362971898618762	0.6089016786667628	18.08406643804414	-515.7014755991472	1.5107633953448385E-4	-0.44503727555274963	0.0327230117199922	0.8984402369526134	134.68680152414373	255,0,255	NA	""
785	Hapi_Bo_22	0.4008550887556984	0.03235178023193852	0.423143241970272	46.456533389660414	4.614165042759971	0.5837650581275199	19.041685191816374	-521.7763321400225	1.5035958494991064E-4	-0.4465894103050232	0.021736401543391227	1.0	43.53398306186719	255,0,255	NA	""
786	Hapi_Bo_23	0.3947774612119134	0.052549882389116176	0.4314601852572647	47.29142090488839	7.582220838989045	0.587170014120499	12.011917558146575	-511.52350103395645	1.517036434961483E-4	-0.4456360638141632	0.018519697958249454	1.0	22.835782178452114	255,0,255	NA	""
787	Hapi_Bo_24	0.37403405926106764	-0.006915333349814812	0.4221342767102786	48.45244136000558	358.94080694416573	0.5640448979437372	12.88296554062258	-524.1115859469877	1.505255640950054E-4	-0.44711604714393616	0.022754348273296865	1.0	-13.420912944055718	255,0,255	NA	""
788	Hapi_Bo_25	0.3418534728431426	-0.09668026095211485	0.402965071900535	48.59998460189253	344.2084608413629	0.537207333275049	13.65418405732913	-541.9295217562039	1.5026344044599682E-4	-0.4488258361816406	0.028950446658091378	1.0	-12.403142319167381	255,0,255	NA	""
789	Hapi_Bo_26	0.34360003060364164	0.005854411524529937	0.430122236277844	51.3765896132224	0.9761367518936327	0.5505455415365521	11.952115997004203	-513.0302972150689	1.5267495473381132E-4	-0.4464908540248871	0.024105783836282646	1.0	7.0537323273956725	255,0,255	NA	""
790	Hapi_Bo_27	0.49585873748469655	-0.012110133943882662	0.39202964660462625	38.32185121497045	358.6009691715173	0.6322260566450929	6.845758557085925	-558.7639064347891	1.4533194189425558E-4	-0.4480781853199005	0.02204933881734623	1.0	-66.30903970352313	255,0,255	NA	""
791	Hapi_Bo_28	0.5065021437237426	0.06126104707672264	0.398667952522173	38.004264603400074	6.89638250877937	0.6474824120035269	10.057138154161015	-549.970498183482	1.4557816029991955E-4	-0.4471074938774109	0.018282488890609225	1.0	81.59037036793167	255,0,255	NA	""
792	Hapi_Bo_29	0.516928642988205	0.07564748823642731	0.39498162269592285	37.09075797031027	8.325584585630796	0.6549414070629614	10.742037787845115	-552.3028457963716	1.4508047024719417E-4	-0.44717124104499817	0.01251608123617171	1.0	92.60135559818542	255,0,255	NA	""
793	Hapi_Bo_30	0.3651689445668861	0.06723664828881445	0.43780290369277397	49.69821451906672	10.432723117476712	0.5740561883918956	5.129140157601737	-505.78015377215706	1.5324684500228614E-4	-0.4455142915248871	0.024359255762029287	0.58700895150202	-24.470437271776348	255,0,255	NA	""
794	Hapi_Bo_31	0.2852284908294678	0.025470441207289696	0.4387371391057968	56.86753949306391	5.10288501405984	0.5239220481969518	8.470056810120479	-507.9785509020755	1.5421354328282177E-4	-0.4469391107559204	0.026157358800432524	0.6601125666168851	-32.00025153010015	255,0,255	NA	""
795	Hapi_Bo_32	0.31157329221499	0.009093467355816176	0.4315154353554478	54.1574670810332	1.6717396988239555	0.5323214992091155	12.27522057761644	-511.209419529726	1.5347919543273747E-4	-0.447006493806839	0.022132902913992447	1.0	55.644486517326975	255,0,255	NA	""
796	Hapi_Bo_33	0.29482723412262435	-0.0961524841302856	0.4098212768231655	52.88533694046024	341.93721490737244	0.5139278909747856	16.04890990191186	-528.6933994982788	1.5189600526355207E-4	-0.44852548837661743	0.024299310868208697	1.0	2.095631437148071	255,0,255	NA	""
797	Hapi_Bo_34	0.47938272207591676	0.2479019918962962	0.3962945842208495	36.289951714803934	27.344728233432658	0.6695614903008109	4.724689566665309	-527.4317628893722	1.490545691922307E-4	-0.4461449980735779	0.024713260935870042	1.0	-30.97922409752451	255,0,255	NA	""
798	Hapi_Bo_35	0.5350240468978882	0.46258877217769623	0.33224208652973175	25.1617422890488	40.84712117399657	0.7814242810186359	15.645017567259009	-506.9441452867783	1.476094766985625E-4	-0.44375497102737427	0.021661471410285644	0.6328007138142914	18.169569022545883	255,0,255	NA	""
799	Hapi_Bo_36	0.6559261381626129	0.41388842463493347	0.29632318019866943	20.909892637502594	32.251865094938196	0.8302711327601119	6.2891480451445805	-524.5267585376414	1.4419134822674096E-4	-0.4432157576084137	0.018402168738806225	1.0	-46.807887420519215	255,0,255	NA	""
800	Hapi_Bo_37	0.731728725445243	0.5165938627079989	0.2095553969920807	13.167773005889265	35.221745892777804	0.919896521918525	13.915497211661524	-527.4250622535914	1.4063184789847583E-4	-0.4417559802532196	0.01988832781532989	0.9029969530205482	-3.1916420723191186	255,0,255	NA	""
801	default	0.5185517634631862	0.4873088257727826	0.33795202830369575	25.404101112726718	43.22091337398399	0.7877673492227324	13.4638238022481	-496.5404485127863	1.491042785346508E-4	-0.4419727027416229	0.017648713322736008	1.0	33.112601944602744	255,0,255	NA	""
802	Hapi_Bo_39	0.6527768671512604	0.5134892761707306	0.2592768371105194	17.337340339598192	38.18940313251809	0.8700651431313577	19.14124543752397	-497.2464132428636	1.450742274755612E-4	-0.4402693808078766	0.022407986624492726	0.6599704332855413	-7.340045470083812	255,0,255	NA	""
803	Hapi_Bo_40	0.6342236399650574	0.34145644307136536	0.32602839171886444	24.352867463177486	28.297352425024442	0.7906495052880668	11.568788770973802	-531.7638996213246	1.4389447460416704E-4	-0.44426557421684265	0.019570298136324972	0.944035306854727	-24.192997515034456	255,0,255	NA	""
804	Hapi_Bo_41	0.32751039673595245	-0.028015061096290983	0.4240316035614792	52.217401101061775	355.1108516542315	0.5365171986407233	6.332095951486065	-519.9310516188673	1.5327081200666726E-4	-0.4470592737197876	0.012437170940517822	1.0	30.814525651450037	255,0,255	NA	""
805	Hapi_Bo_42	0.3868483977524666	0.008037766724505596	0.42296351652271147	47.54736548791024	1.1902953676117942	0.5732490077155181	10.085844620714742	-524.5739977417501	1.502438390161842E-4	-0.4468275010585785	0.020791117391583413	0.9944746155392056	-39.866543214159826	255,0,255	NA	""
806	Hapi_Bo_43	0.4031553153541448	-0.023425258924395273	0.4092715127514285	45.383058280285354	356.674579226127	0.5749661922268279	11.071511498560213	-539.1791016002504	1.4863430988043547E-4	-0.44791311025619507	0.014343056166992848	1.0	-2.816174520753865	255,0,255	NA	""
807	Hapi_Bo_44	0.3721894770860672	0.042444195598363876	0.432417556643486	49.097731119778125	6.505860055323239	0.5721114051363727	11.167242079822543	-510.74664769806	1.5208421973511577E-4	-0.44581082463264465	0.021064246000726983	1.0	-17.485711693260487	255,0,255	NA	""
808	Hapi_Bo_45	0.4312982052161629	0.08644106334800714	0.4356310337911561	44.72225051646779	11.333104668700946	0.6190836751662645	15.198051565714408	-510.8058796275785	1.5118892770260572E-4	-0.4447745382785797	0.015080912492235452	1.0	1.5743040753659305	255,0,255	NA	""
809	Hapi_Bo_46	0.3646737806464543	-0.07386297148993073	0.4022582829934346	47.23194341467006	348.54990881035417	0.5479547710214108	12.499253524457155	-542.8807244358621	1.485254178987816E-4	-0.44904041290283203	0.014037848352324796	1.0	0.7982786044412012	255,0,255	NA	""
810	Hapi_Bo_47	0.36260619297522234	-0.061614867339357504	0.40863857070373955	48.010533594970525	350.3562832599407	0.5497864353801628	15.018504479003678	-538.1471827256471	1.4929343888070434E-4	-0.4486638009548187	0.014463506463290324	1.0	27.992990906165904	255,0,255	NA	""
811	Hapi_Bo_48	0.49261634051799774	-0.06954159587621689	0.3837628662586212	37.64593499607966	351.9647728532359	0.628315868032463	7.412684940012525	-571.945982405667	1.427390379831195E-4	-0.4491424560546875	0.023330574375220597	0.38844846164683783	73.50786617156534	255,0,255	NA	""
812	Hapi_Bo_49	0.47755085434902533	-0.06903509846334585	0.38586296593365843	38.64901954733529	351.7742645514929	0.6178275582947458	7.594945593627314	-569.1069959954999	1.4421540254261345E-4	-0.44921278953552246	0.01369977196635489	0.8660205803035188	-58.29011308318944	255,0,255	NA	""
813	Hapi_Bo_50	0.24212678480805916	-0.06955366263824411	0.4254561364914664	59.369602430445255	343.9726881771365	0.494445159735767	5.187473189897882	-515.1636424397777	1.544254773762077E-4	-0.4476892948150635	0.011973020023149972	1.0	16.40585556188202	255,0,255	NA	""
814	Hapi_Bo_51	0.13678589952671497	-0.35762070578397886	0.360616595727991	43.28426547378643	290.931290621447	0.5259726995094033	15.892409350608721	-490.7853640541382	1.5591188275720924E-4	-0.44433656334877014	0.04314213086739038	0.4823355197840602	-52.63904072298869	255,0,255	NA	""
815	Hapi_Bo_52	0.1330778411175464	-0.3190198673052893	0.38208791177743395	47.86528270675055	292.6432589248222	0.5152422341563543	13.192891993752413	-483.6960648998083	1.566665159771219E-4	-0.44440221786499023	0.027926075069636163	1.0	5.634968163539602	255,0,255	NA	""
816	Hapi_Bo_53	0.13526193797588348	-0.4278274029493332	0.30766935646533966	34.43803907876922	287.544874008767	0.5440519382257167	31.00290549339772	-517.8703269180436	1.51033527799882E-4	-0.447498083114624	0.017719194388955552	0.33821880350873074	91.17850001435927	255,0,255	NA	""
817	Hapi_Bo_54	0.40799188731927283	-0.3068889741879556	0.32403533230000026	32.403583717499934	323.0497413737202	0.6046793523639199	3.1014658693423884	-580.1744368342775	1.4324806397780776E-4	-0.44994044303894043	0.019092953672987644	1.0	10.46877221579028	255,0,255	NA	""
818	Hapi_Bo_55	0.36756516993045807	-0.28197312355041504	0.3325747549533844	35.6743985874412	322.50682442037265	0.5702797245063933	3.1193226220916204	-571.1823214938242	1.453242002753541E-4	-0.4501267075538635	0.01050029360956167	0.9315200619352225	88.83094150661128	255,0,255	NA	""
819	Hapi_Bo_56	0.3727829307317734	-0.41783544421195984	0.27172882854938507	25.8857211060538	311.7385904466504	0.6224067224489122	6.942133307706976	-577.617031824059	1.4177875709719956E-4	-0.4495182931423187	0.014661794224566687	0.6975865096817643	74.93787639790075	255,0,255	NA	""
820	Hapi_Bo_57	0.299650002202235	-0.43579297514560755	0.2553516255458568	25.77232234129722	304.5123020839513	0.5872904678904393	11.196998050779664	-572.3768127475807	1.4332156570162624E-4	-0.4499559998512268	0.01942448716105986	1.0	-4.369183613444775	255,0,255	NA	""
821	Hapi_Bo_58	0.3063438464065921	-0.4517752019599886	0.24624259715719532	24.2811527200926	304.1407684537222	0.5988178370689161	12.900024299489116	-569.6649433789556	1.4240048767533153E-4	-0.4494430422782898	0.013443876408130408	1.0	32.069941455551074	255,0,255	NA	""
822	Hapi_Bo_59	0.390776082544623	-0.4456919428843872	0.2613213016971423	23.79104766621758	311.2438037254529	0.6477932365822221	7.965423650370223	-579.9715388974522	1.4078570529818535E-4	-0.4488968849182129	0.01085162693436607	1.0	82.87134199510307	255,0,255	NA	""
823	Hapi_Bo_60	0.3148841668345437	-0.5105522552436279	0.22442540746212192	20.512740891450914	301.66429661563706	0.6404548441318707	12.903447746020673	-565.4438170632255	1.407782401656732E-4	-0.4474673867225647	0.029099848553065952	0.44269054353832155	98.49742125062336	255,0,255	NA	""
824	Hapi_Bo_61	0.3766689739798853	-0.6022430890743962	0.18754072965701557	14.789598114654735	302.0236488912015	0.7346752885303931	30.087613393528173	162.31750770310404	1.35105598019436E-4	-0.4445362091064453	0.032646131758566725	0.4849303852875641	88.61937177684689	255,0,255	NA	""
825	Hapi_Bo_62	0.2635481421405615	-0.582567337214094	0.20390687928550855	17.68746071594688	294.3415614451656	0.6711336238294253	34.705617771793385	-529.2363812714557	1.4254666166380048E-4	-0.4436952769756317	0.041032147779322965	0.6205152924575623	-53.85923032689737	255,0,255	NA	""
826	Hapi_Bo_63	0.37549334108053095	-0.4787165923968447	0.24190522280047552	21.682827158531722	308.1097514968953	0.6547388501150779	5.93908337244907	-576.1825505959882	1.4032579201739281E-4	-0.44815436005592346	0.01339997562718014	0.4711261557494417	61.97646630981297	255,0,255	NA	""
827	Hapi_Bo_64	0.3765377551317215	-0.5278951525688171	0.21774271875619888	18.56219925428736	305.4995541538362	0.6840072110121589	13.381361310314555	-576.381417881725	1.3831430987920612E-4	-0.4469989538192749	0.009146897455182644	1.0	3.3416365763480442	255,0,255	NA	""
828	Hapi_Bo_65	0.36364857165933834	-0.5655957570665819	0.20031984623398869	16.589428244176155	302.7389032072489	0.7016173350743308	27.742963961395382	-571.343041214361	1.3751357619185E-4	-0.4459318220615387	0.007243883028880934	1.0	74.56989912486107	255,0,255	NA	""
829	Hapi_Bo_66	0.3499632423289725	-0.5106690226738263	0.22351493861860475	19.851867703201858	304.4229753797974	0.6581914990986488	11.777048236706927	-572.5189877503924	1.4017087232787162E-4	-0.4476085901260376	0.009064363184709658	1.0	60.6724384597239	255,0,255	NA	""
830	Hapi_Bo_67	0.34129568022097045	-0.5090707956984069	0.2240580183971723	20.081170186706466	303.83903516754503	0.652562496607468	11.501715938155106	-570.9960702530526	1.4072943304199725E-4	-0.4477425217628479	0.004305580400351569	1.0	-25.859909759252474	255,0,255	NA	""
831	Hapi_Bo_68	0.34675062747873375	-0.503727649299945	0.2264881381167454	20.322555224794332	304.54232892572037	0.6521306763477194	10.076020300989642	-571.8414906343795	1.4017087232787162E-4	-0.4476085901260376	0.007111822191288886	1.0	53.666226255948644	255,0,255	NA	""
832	Hapi_Bo_69	0.4131176620721817	-0.5230528116226196	0.22418969869613647	18.590775830340913	308.3023909830733	0.7032150933134025	19.289683623559842	-580.2119989155337	1.3671851775143296E-4	-0.4471006393432617	0.007178497806260517	1.0	9.471859568847291	255,0,255	NA	""
833	Hapi_Bo_70	0.3980729877948761	-0.4961511641740799	0.23627574741840363	20.377116791589472	308.74083839706213	0.6785678375382668	12.230568535707368	-582.777576115228	1.392863632645458E-4	-0.44767579436302185	0.00717731771824625	1.0	38.64148093331101	255,0,255	NA	""
834	Hapi_Bo_71	-0.27715412819856994	-0.7282181924975931	0.24998061624267198	17.787625584047785	249.1635680628046	0.8182948461031861	14.554287315401336	-370.93113768097317	1.6308719932567328E-4	-0.4301738142967224	0.03215753715339557	0.47043188036003314	-63.94463806007711	255,0,255	NA	""
835	Hapi_Bo_72	-0.2774195594812967	-0.6670245949560042	0.31444397241449584	23.521940499302918	247.41727880833378	0.787882246307674	12.087893990917195	-382.99852782104296	1.640330592636019E-4	-0.4314979314804077	0.021964780187303152	0.7911171740280231	-70.72092523841648	255,0,255	NA	""
836	Hapi_Bo_73	-0.28899337934989744	-0.6450277530972613	0.34164409196295475	25.797345931290742	245.86607086349878	0.7850469165259915	9.688956185738073	-382.7102055533709	1.64591649081558E-4	-0.4314485490322113	0.0239933454551119	0.6994005706819948	-70.40708869162376	255,0,255	NA	""
837	Hapi_Bo_74	-0.24561675792781343	-0.5849755683925373	0.3877975773469142	31.434791263300497	247.2236708301215	0.7435798332306209	7.25865590530075	-380.5336591187994	1.6600948583800346E-4	-0.43134111166000366	0.020607163329425582	0.44615418082681296	-76.67502262131853	255,0,255	NA	""
838	Hapi_Bo_75	-0.24862083047628403	-0.6554051041603088	0.3142913430929184	24.149656868333857	249.22630133174277	0.768210398425622	12.173664699414601	-391.37746420542214	1.6387506911996752E-4	-0.43229931592941284	0.018842032966193616	0.43082214770392274	-77.65750221097588	255,0,255	NA	""
839	Hapi_Bo_76	-0.31909061771935565	-0.6783317086551979	0.31828681151420307	23.00554381304612	244.80747280997775	0.8144072836532578	25.010382943642302	-300.2399882952551	1.639094843994826E-4	-0.43032240867614746	0.024017365011793287	0.3755084646890338	-65.28659047131748	255,0,255	NA	""
840	Hapi_Bo_77	-0.27795332588261085	-0.6267018004828132	0.35774426364577	27.556287498293965	246.0818674601133	0.7733008187433004	7.141643256695198	-382.94796140702294	1.652093924349174E-4	-0.43138861656188965	0.015407002167790255	0.7703205552006963	-60.926627713467084	255,0,255	NA	""
841	Hapi_Bo_78	-0.23444968461990356	-0.6676892340183258	0.29003748297691345	22.28662407379733	250.65199270002802	0.7647857931302948	13.157963888548867	-394.18487027305963	1.631222985452041E-4	-0.4328306317329407	0.017611551429141368	0.8967049883208048	-43.021531679119576	255,0,255	NA	""
842	Hapi_Bo_79	-0.24668262153863907	-0.6327928006649017	0.33991672098636627	26.587256517435	248.70259232271096	0.7594882629432984	9.867417396290653	-388.5939792838799	1.646069868002087E-4	-0.4320937693119049	0.013643363354260847	0.865019085853853	-54.111169273997774	255,0,255	NA	""
843	Hapi_Bo_80	-0.2415184239590522	-0.6113577516287967	0.3608488197031776	28.76490019661312	248.44337680221915	0.7498675351483476	8.509994474682783	-386.2397019329148	1.6529888671357185E-4	-0.43179017305374146	0.012795225335040943	1.0	-41.38056313790638	255,0,255	NA	""
844	Hapi_Bo_81	-0.34357553066637947	-0.6618304945391347	0.3513365357729061	25.227562100422634	242.5648562647957	0.8243185732127515	16.21009413924968	-282.2338369011711	1.6422889893874526E-4	-0.429633229970932	0.017276168351413854	1.0	-33.506839446066046	255,0,255	NA	""
845	Hapi_Bo_82	-0.32036963128806933	-0.6273815993160501	0.3740661122316762	27.968632568195744	242.94907273140007	0.7976025502292098	24.32367170662712	-367.74502081782146	1.6503263032063842E-4	-0.43043386936187744	0.014724682160833684	0.6712139613427881	78.14949830407296	255,0,255	NA	""
846	Hapi_Bo_83	-0.27442288398742676	-0.6173312366008759	0.36436405777931213	28.339613442011615	246.03336898017267	0.7675721083654286	7.368639127757177	-382.1194019237523	1.6533132293261588E-4	-0.4313614070415497	0.01182370212542545	0.578721923346967	170.0169550905634	255,0,255	NA	""
847	Hapi_Bo_84	-0.3189728856086731	-0.6974189579486847	0.3024621903896332	21.52404972305079	245.42244693294617	0.8243908546769837	31.96602930875861	-309.35413585757806	1.6383748152293265E-4	-0.42999207973480225	0.014674403399077874	0.6368894078156573	106.9178283630928	255,0,255	NA	""
848	Hapi_Bo_85	-0.31120793809897124	-0.650374796293191	0.34389371242432054	25.49970389988491	244.4286273033299	0.7988120190847181	26.660897092310126	-372.9408568388176	1.6445132496301085E-4	-0.43099692463874817	0.026565867778479996	0.42967366029414567	113.15327432793985	255,0,255	NA	""
849	Hapi_Bo_86	-0.24900785833597183	-0.622160792350769	0.35149677097797394	27.677534235216175	248.18719576857723	0.7567291094305454	6.956361625915199	-386.02984885070543	1.650435442570597E-4	-0.43181338906288147	0.010915107086543023	1.0	-77.35800451385613	255,0,255	NA	""
850	Hapi_Bo_87	-0.2793329209089279	-0.5971866548061371	0.3858989328145981	30.341636314822182	244.9322469395235	0.7639219644240525	12.710078779398657	-376.9656460655775	1.658358087297529E-4	-0.43104395270347595	0.007561667943031642	0.7852287227583243	93.55143397187707	255,0,255	NA	""
851	Hapi_Bo_88	-0.27063077688217163	-0.5980642735958099	0.38243567943573	30.224426076473424	245.65271591476954	0.7597229374271912	7.575016217951692	-379.42348116078097	1.6595417400822043E-4	-0.4310162365436554	0.006770297264276635	0.812218095466121	92.3308481466286	255,0,255	NA	""
852	Hapi_Bo_89	-0.3025642751401661	-0.6092347875998061	0.3834132154466432	29.40790089740614	243.58962618035417	0.7808443255809759	14.27900240798679	-372.8043658954439	1.655934756854549E-4	-0.4305903911590576	0.007984970093093199	1.0	74.1620171674426	255,0,255	NA	""
853	Hapi_Bo_90	-0.2611665427562303	-0.5872131737340762	0.3907249430910878	31.298324170193716	246.02260961661813	0.7521258243243759	6.801558189844992	-378.70894035796533	1.660035632085055E-4	-0.43117085099220276	0.004320422975451726	1.0	51.85070044320698	255,0,255	NA	""
854	Hapi_Bo_91	0.21615328715486054	-0.26804005437550865	0.3652145724263097	46.68539349917314	308.8834541534028	0.5019456128008387	11.055304731113857	-523.2423381858497	1.5263479144778103E-4	-0.4480080008506775	0.017366851473952314	0.6128689816193796	58.12245596907418	255,0,255	NA	""
855	Hapi_Bo_92	0.2454659715294838	-0.19708727300167084	0.38638342916965485	50.82939748103591	321.23864395302667	0.49838648727172585	6.051450844835915	-525.360831230031	1.523386308690533E-4	-0.44827505946159363	0.011450644745717529	0.5622252080512209	69.31122874762501	255,0,255	NA	""
856	Hapi_Bo_93	0.548226535320282	0.28092317283153534	0.36600351333618164	30.716683691641983	27.1315864443372	0.7165394161087342	4.957700885323005	-537.6434385977393	1.4629233919549733E-4	-0.4461780786514282	0.014642663216753577	0.8368897687149139	-15.119804659568967	255,0,255	NA	""
857	Hapi_Bo_94	0.6995179355144501	0.5816160142421722	0.20517094433307648	12.709301642811411	39.74191769595036	0.9325758127508322	25.46775630067314	-489.5614822394566	1.4268673839978874E-4	-0.43918126821517944	0.017525271513216513	0.8355544717744832	-6.642135498212599	255,0,255	NA	""
858	Hapi_Bo_95	0.6849062950110185	0.5616196815617224	0.22478457905364346	14.240181652959016	39.35157853580058	0.9138060005512847	22.45898986360719	-489.3290888295562	1.4299259055405855E-4	-0.44016629457473755	0.020826406414299795	0.5224369139747037	-1.3387443704918023	255,0,255	NA	""
859	Hapi_Bo_96	0.7088758945465088	0.5254233479499817	0.22069185227155685	14.042333241690311	36.54607901892669	0.9095491312178421	16.756256396184956	-515.7843169862387	1.4212184760253876E-4	-0.4412696659564972	0.01807565096541483	0.9305987368687552	50.94549422066877	255,0,255	NA	""
860	Hapi_Bo_97	0.5853962302207947	0.48762117326259613	0.29585233330726624	21.22209403709015	39.793495552588574	0.8173076275760935	19.174315529026913	-504.5825577973557	1.457568141631782E-4	-0.44318220019340515	0.014760349741022763	0.7408530018346257	-36.8177247099369	255,0,255	NA	""
861	Hapi_Bo_98	0.6791213339832758	0.44645260740971415	0.27260246481103145	18.542322084726116	33.320815796077845	0.8572268198996145	13.521574947047833	-526.7654867531401	1.424947113264352E-4	-0.4429463744163513	0.015011437872209172	0.5319853795249221	-2.429254656173522	255,0,255	NA	""
862	Hapi_Bo_99	0.6464770436286926	0.46761859953403473	0.2811119705438614	19.408744917985594	35.87948150362523	0.8459454252799758	14.527289302967699	-512.0011377297005	1.446660462534055E-4	-0.4424438774585724	0.017903498638523748	0.44458782538178404	4.4197444874378755	255,0,255	NA	""
863	Hapi_Bo_100	0.6873049723468402	0.5290054741835446	0.23604935442463537	15.22492156729366	37.58478965779466	0.8988627339327929	20.061633664935858	-506.1850926446819	1.432168501196429E-4	-0.44053423404693604	0.02192015521505365	0.582597516487413	15.335293288589398	255,0,255	NA	""
864	Hapi_Bo_101	0.6144289610382844	0.4132266258194876	0.31052565631702916	22.75167964792928	33.922318210352465	0.8029354741695413	14.509245728731484	-524.8844330745752	1.449307455914095E-4	-0.4444081485271454	0.013006533475029365	0.7203465032627443	110.75596329131064	255,0,255	NA	""
865	Hapi_Bo_102	0.6225740932243788	0.37381891774452464	0.32382508048938885	24.03346772672503	30.982325600994532	0.7951111668010986	7.602061263990169	-523.42839714257	1.4480708341579884E-4	-0.44395700097084045	0.006888255600847763	1.0	46.242162708509234	255,0,255	NA	""
866	Hapi_Bo_103	0.647601476843603	0.29862556774831983	0.32740797463839255	24.660293888356474	24.755632589145836	0.7847043292730304	11.536822269846265	-547.172298031436	1.4185489271767437E-4	-0.44538912177085876	0.008389791116019433	1.0	136.24637923480043	255,0,255	NA	""
867	Hapi_Bo_104	0.615169999447505	0.3491493671040536	0.32798010164699887	24.87604943110676	29.577756040134688	0.779686062364706	12.744670986018791	-526.8610795946782	1.4468688459601253E-4	-0.4449140727519989	0.012059930838804292	0.897076907903563	36.06045271742005	255,0,255	NA	""
868	Hapi_Bo_105	0.6541351974010468	0.45425283908843994	0.2832439988851547	19.578412977565698	34.777375484757385	0.8452607060565799	10.529397621305879	-517.2595092925859	1.4452463074121624E-4	-0.4427207112312317	0.012292698655844743	1.0	-15.167495476221518	255,0,255	NA	""
869	Hapi_Bo_106	0.6249224543571472	0.38294100761413574	0.3200495094060898	23.589797088532343	31.499202478522463	0.7997521977108716	6.777442391816427	-523.5747820405361	1.451039861422032E-4	-0.4442330300807953	0.011761855310194816	1.0	-56.40148695262465	255,0,255	NA	""
870	Hapi_Bo_107	0.6465710997581482	0.4107699692249298	0.3048105388879776	21.698339444734355	32.42800658531489	0.8244365465435715	7.43236582626936	-523.1082972527558	1.444123627152294E-4	-0.44364553689956665	0.00980709423772827	1.0	112.57304886409692	255,0,255	NA	""
871	Hapi_Bo_108	0.7406575617121796	0.48919832848904976	0.2177302794397438	13.782175088197436	33.44443925642247	0.9139448029847428	11.791287874750354	-532.3686312973942	1.402299094479531E-4	-0.44222041964530945	0.014955029335317692	0.7523056814496929	41.76634235690625	255,0,255	NA	""
872	Hapi_Bo_109	0.6586636193923191	0.4857286445482989	0.2685232808092647	18.165165253623293	36.40675886752547	0.8613215613127821	16.59905384575508	-506.93435140629714	1.4420980005525053E-4	-0.44181254506111145	0.010796056410223999	0.9970925922779073	-41.2102215136676	255,0,255	NA	""
873	Hapi_Bo_110	0.6727403938772695	0.4823995749135254	0.2626031348569803	17.60016230835325	35.643038205867555	0.8684753271496014	13.647855758666989	-514.6112670898435	1.433666911907494E-4	-0.44184061884880066	0.007453723937954988	1.0	2.226069493707615	255,0,255	NA	""
874	Hapi_Bo_111	0.3643904163486396	-0.391357966543247	0.2852136358565045	28.074295370302615	312.9563680909123	0.6060431103329919	5.10226408154081	-576.4102407847985	1.429788680979982E-4	-0.44992923736572266	0.010452454915788228	1.0	31.82481542552317	255,0,255	NA	""
875	Hapi_Bo_112	0.3667604850753703	-0.3813982233940484	0.29129052678571155	28.83318461432689	313.87915006598604	0.6040099578781418	3.8479275624250815	-575.4847015897749	1.4309966354630888E-4	-0.4498092234134674	0.01037098639298325	0.8650008431463883	104.02608256925109	255,0,255	NA	""
876	Hapi_Bo_113	0.3660467267036438	-0.4466054141521454	0.25555619597435	23.87231895253197	309.33873132862516	0.6314709584623365	8.390102067884973	-575.2478772770195	1.412819401593879E-4	-0.449100524187088	0.013152168569143292	0.43129676995812477	120.20534057596738	255,0,255	NA	""
877	Hapi_Bo_114	0.3282573390449151	-0.6157434038100705	0.17860750548310206	14.357531680825069	298.06240579669304	0.7202731849703669	43.20795565845663	-17.859223037307256	1.3820781896356493E-4	-0.44315415620803833	0.01429633544577939	0.7335177482275824	63.661580892763325	255,0,255	NA	""
878	Hapi_Bo_115	0.3747423440217972	-0.6374469995498657	0.17233069986104965	13.118946713561199	300.4504189707143	0.7592551427238914	36.10728099183727	119.03780789972917	1.3460325135383755E-4	-0.44307512044906616	0.010329018249309364	1.0	41.238736770800294	255,0,255	NA	""
879	Hapi_Bo_116	0.31834015891553125	-0.5825455421571382	0.1936180498113909	16.25976616654593	298.65501551211463	0.6915111818895526	33.33917477125678	-544.5778831873661	1.3900887279305607E-4	-0.4449136257171631	0.010968288428877999	0.8324848566199283	16.15922176709225	255,0,255	NA	""
880	Hapi_Bo_117	0.5220356583595276	0.1399822011590004	0.3923875242471695	35.97969449682442	15.010564134255768	0.6678953618831375	2.7340160854057176	-542.8923447316271	1.455422752769664E-4	-0.4466477632522583	0.016335861465144288	1.0	20.67280882205353	255,0,255	NA	""
881	Hapi_Bo_118	0.5418416572115556	0.5451774877934701	0.3118479255697043	22.0830201302873	45.175828010401666	0.8294938235868257	19.188291218050857	-478.43672629477993	1.483051892137155E-4	-0.4404875934123993	0.023974401491499337	0.6174563331270285	2.2054913606345377	255,0,255	NA	""
882	Hapi_Bo_119	0.3741311877965927	0.39338521659374237	0.4192781448364258	37.679350053379935	46.437028909162734	0.6859447769712003	14.12584429592769	-500.36874402444107	1.5171059931162745E-4	-0.44463667273521423	0.0163875347225107	0.6867618850094499	-24.338113937659912	255,0,255	NA	""
883	Hapi_Bo_120	0.4264703286014419	0.488578538989415	0.3883395223615513	30.913315996687643	48.8829497430652	0.7559057577280721	15.536871130657934	-479.2802322181731	1.513856987003237E-4	-0.4414317011833191	0.01698672108404603	1.0	-21.82705894229454	255,0,255	NA	""
884	Hapi_Bo_121	0.2556939870119095	-0.07596898823976517	0.4224279820919037	57.7297595709147	343.4528409391591	0.49959593895713145	5.797489025395501	-516.4649237301699	1.5471805818378925E-4	-0.44782039523124695	0.013410959245461752	0.66389388421686	114.43974282646106	255,0,255	NA	""
885	Hapi_Bo_122	0.2594324201345444	-0.12206632643938065	0.41013869643211365	55.04383907441308	334.8024055585269	0.500418943464679	6.731628662041071	-525.2577956980674	1.5318299119826406E-4	-0.44832077622413635	0.009288291142295292	1.0	138.11122393956816	255,0,255	NA	""
886	Hapi_Bo_123	0.30958224176074656	-0.1087553412060874	0.4006568945056454	50.68326149253554	340.6437731052042	0.517875309094158	9.44997055024509	-538.3183535697053	1.5124741184990853E-4	-0.44884929060935974	0.011509294721262976	0.7106405437252766	174.2196310340318	255,0,255	NA	""
887	Hapi_Bo_124	0.3372878268605009	-0.06773184250780563	0.419389478954671	50.638285586062686	348.6452745174903	0.5424372919477899	14.234349486890261	-526.137987775232	1.5057524433359504E-4	-0.4480093717575073	0.005702773649773627	0.9018682613483765	-127.80267566217275	255,0,255	NA	""
888	Hapi_Bo_125	0.3416287171827767	-0.07020525700107741	0.4158346860740495	50.01285522671175	348.3872945553558	0.5427314664333001	17.453481800145873	-529.6888904801158	1.510560978204012E-4	-0.4477585256099701	0.003937477356790755	1.0	-114.81784827602924	255,0,255	NA	""
889	Hapi_Bo_126	0.32715435068896814	-0.062353016340592184	0.4171010952363219	51.39363151407507	349.20929676092226	0.5337519943464659	14.626778924513319	-526.2144096053033	1.5249407442752272E-4	-0.4471941888332367	0.005059922637076404	0.9084685770013704	99.96826725249734	255,0,255	NA	""
890	Hapi_Bo_127	0.3344331575104543	-0.06175757268791847	0.41849322975679315	50.90104574781494	349.5374290756186	0.5392551510917517	15.82644109747362	-527.1845177019127	1.514313044026494E-4	-0.4475036859512329	0.005345167320146745	1.0	-160.24474990078957	255,0,255	NA	""
891	Hapi_Bo_128	0.729796975851059	0.5492619872093201	0.19322895258665085	11.944810982844503	36.9659600725426	0.9336111528212464	20.893186606544504	-519.7386758585525	1.4040656969882548E-4	-0.4412745535373688	0.012647172757751934	1.0	163.49822364609898	255,0,255	NA	""
892	Hapi_Bo_129	0.630757849592648	0.6359575154751748	0.2482496733307488	15.490920395029988	45.235188776338944	0.9294758343393991	9.157918698655818	-450.9468802633841	1.4787534018978477E-4	-0.43470942974090576	0.010172381133934797	0.8229324091511538	-167.54368327058216	255,0,255	NA	""
893	Hapi_Bo_130	0.6672118312441465	0.5597514876082179	0.23615933321924226	15.171624086034338	39.99467238505621	0.9023661043602744	23.43994312443859	-486.38666676992784	1.4489269233308733E-4	-0.4387412965297699	0.009132839863010824	0.5264381305481399	157.73242349369679	255,0,255	NA	""
894	Hapi_Bo_131	0.5875126719474792	0.6310743689537048	0.2738421559333801	17.61988378294641	47.04732115783641	0.9046632109329001	13.130294033336508	-448.3271977147529	1.484742679167539E-4	-0.4358813464641571	0.00827351153538415	0.8790678409546582	-173.6153534782167	255,0,255	NA	""
895	Hapi_Bo_132	0.6299372017383575	0.6234601438045502	0.24924372136592865	15.70699170504188	44.70392088249447	0.9206768497616736	11.55844143734369	-453.8666470792046	1.4781330537516624E-4	-0.43548092246055603	0.00858934108266443	0.6923756531185732	146.6974536268085	255,0,255	NA	""
896	Hapi_Bo_133	0.6226477224840985	0.4929395840961817	0.27737691185070285	19.252966322942704	38.36805880729455	0.8412000779311567	15.306445274179888	-499.24319642717273	1.4520672266371548E-4	-0.44203492999076843	0.010383811360425993	1.0	156.85674373649687	255,0,255	NA	""
897	Hapi_Bo_134	0.688827633857727	0.47545598447322845	0.2530241161584854	16.820312146913817	34.614967641579796	0.874392992707069	10.766731709620354	-521.0688302650187	1.428393879905343E-4	-0.4419804513454437	0.009055322509288321	1.0	-56.45391478055687	255,0,255	NA	""
898	Hapi_Bo_135	0.5439549837172182	0.3253893907461233	0.3583178552882782	29.47966044346655	30.887516091501684	0.7281187851850299	3.9839985430266207	-532.8462313758134	1.4665620983578265E-4	-0.4459756016731262	0.012551422481939656	0.5277635059198011	111.45522312146254	255,0,255	NA	""
899	Hapi_Bo_136	0.5255629053117871	0.19904437697846264	0.4075553921162437	35.949540676077284	20.74298350677061	0.6942164137281227	17.55520390991598	-529.2831015790548	1.476729812566191E-4	-0.4453989267349243	0.027592340503776652	0.6276599508585637	153.23716939060083	255,0,255	NA	""
900	Hapi_Bo_137	0.290356502690326	0.2572288871727046	0.4609087645802567	49.915419767963286	41.53796095271165	0.6024205244823285	4.321372407773432	-505.4149763598057	1.5418128168676049E-4	-0.44581347703933716	0.011043427643284602	0.9686314852759084	-109.56263361286283	255,0,255	NA	""
901	Hapi_Bo_138	0.2961919894010932	0.24973451952722733	0.45855218140054976	49.806055401028075	40.135939930499646	0.6003058619537835	1.9004093756268325	-505.9005087351063	1.5418128168676049E-4	-0.44581347703933716	0.007540600477900588	1.0	158.4241095495879	255,0,255	NA	""
902	Hapi_Bo_139	0.3967673551294279	0.47288105345900167	0.40401108909469613	33.20461891509838	50.00191712174863	0.73774371222558	13.36288905075428	-480.252627166171	1.518158969702199E-4	-0.44187724590301514	0.01058350074733062	1.0	-164.02286392931723	255,0,255	NA	""
903	Hapi_Bo_140	0.41986646046084514	0.5524689473339227	0.39716950277835583	29.785326577910368	52.7658194298588	0.7995332365357788	20.423629092330042	-459.2199810834933	1.517002674518153E-4	-0.4393523633480072	0.009557568071566623	1.0	169.8856846605106	255,0,255	NA	""
904	Hapi_Bo_141	0.4186584311126974	0.544090632745441	0.39682624900748453	30.02902443339853	52.42299520100208	0.7929568528516728	19.277193069458015	-461.51208496093756	1.517002674518153E-4	-0.4393523633480072	0.012934150584498694	0.7838308112636384	133.1145665708878	255,0,255	NA	""
905	Hapi_Bo_142	0.5006620436906815	0.8119450807571411	0.36700816452503204	21.04405888900438	58.34116216527992	1.0220627617647964	22.184764127958093	-186.52257124060006	1.530463487142697E-4	-0.4211159646511078	0.026055024404895297	0.8072955460208452	117.46106886240442	255,0,255	NA	""
906	Hapi_Bo_143	0.48531640037548995	0.740891890512164	0.36994017377938393	22.669524910590592	56.77345803492533	0.9598481828268636	38.55591224320184	-321.99249736021426	1.5141347830649465E-4	-0.4284374713897705	0.010373506041957468	1.0	157.35298876523524	255,0,255	NA	""
907	Hapi_Bo_144	0.49135495958466124	0.7365505338907835	0.36395711312325496	22.34581583616892	56.29263421411779	0.9572884442404265	39.11151046499509	-331.326054212214	1.5162309864535928E-4	-0.42684465646743774	0.008880026230423955	0.907165145598508	-126.95607429648372	255,0,255	NA	""
908	Hapi_Bo_145	0.5005602687597275	0.7300124168395996	0.3549064099788666	21.848774238064486	55.56206100157089	0.9536442057942214	41.58328833184779	-332.9601767842037	1.5086770872585475E-4	-0.42925557494163513	0.011168470947885352	1.0	-118.93673024890404	255,0,255	NA	""
909	Hapi_Bo_146	0.5091428506991493	0.43546869288409873	0.34949933433552377	27.549444720868568	40.540293686848266	0.7556515133321815	13.138537424799155	-506.98120499600947	1.487100380472839E-4	-0.4437238276004791	0.01323077080754339	0.909255971694643	139.00869487607895	255,0,255	NA	""
910	Hapi_Bo_147	0.48386065748598045	0.8251025819913866	0.37840465645078925	21.584190059622124	59.611580865709705	1.0286425475816456	20.954033478213653	-182.29781948888703	1.5414149675052613E-4	-0.4186602234840393	0.009030213179146752	0.8833816261341996	175.03796062017216	255,0,255	NA	""
911	Hapi_Bo_148	0.5276927548367888	0.8449922050958847	0.3487751168337919	19.294918570381327	58.01546007107724	1.0555167228909594	29.329799167214308	-189.04882704793192	1.527684071334079E-4	-0.41795384883880615	0.009135061757034981	0.5760722443948235	128.77462916310347	255,0,255	NA	""
912	Hapi_Bo_149	0.5187137796294807	0.6966066008031495	0.3336328557208307	21.013784320257262	53.32754540759449	0.9303954126480078	43.665929397809606	-386.8098062262127	1.4985748566687107E-4	-0.43198686838150024	0.009694983777407297	0.9438565227277117	164.63825326800034	255,0,255	NA	""
913	Hapi_Bo_150	0.45971906185150146	0.7229573726654053	0.39132463932037354	24.548946766847386	57.54825717191913	0.941883194382462	34.12959455877025	-338.1495130735096	1.520335063105449E-4	-0.4298708438873291	0.01566336436352055	0.6000012627683116	176.85381206868487	255,0,255	NA	""
914	Hapi_Bo_151	0.47107361216314453	0.6245888675467028	0.37167595441164336	25.412191239973758	52.97589350328035	0.8661204400240831	33.37831134602727	-442.03858296920265	1.5018589328974485E-4	-0.4369233548641205	0.015803144832402652	0.801538374849046	144.4551411605073	255,0,255	NA	""
915	Hapi_Bo_152	0.5394766130613208	0.7291803790936182	0.3199591420030595	19.430146950227794	53.50449299306989	0.9618278920090438	45.67046714469917	-308.4662051170215	1.4952843775972724E-4	-0.4298533797264099	0.005437611709683437	1.0	167.68923818318626	255,0,255	NA	""
916	Hapi_Bo_153	0.4266269243353541	0.38564349700777956	0.39263786216497254	34.32286061520811	42.11156805628328	0.6963446920582602	13.053692698441797	-510.9307585777284	1.5034877287689596E-4	-0.4453834295272827	0.012302533189297915	0.8638187942041006	-107.66332266340247	255,0,255	NA	""
917	Hapi_Bo_154	0.3923690025674725	0.3835882492102817	0.4104984854081278	36.800244771789416	44.35166707392001	0.6852754085988855	11.605160168280374	-506.4309323503087	1.513184397481382E-4	-0.44505003094673157	0.009628044339813392	1.0	163.3777965317811	255,0,255	NA	""
918	Hapi_Bo_155	0.3764958828687668	0.2803182005882263	0.42547713220119476	42.190607938049496	36.66934949724739	0.6335283998561597	4.1336684699239115	-514.1792052863537	1.521454396424815E-4	-0.44597095251083374	0.009238942284273476	0.8978471110712419	127.67200453899598	255,0,255	NA	""
919	Hapi_Bo_156	0.3619357158213844	0.2570462690647127	0.43216540774306883	44.23091488562417	35.38231961621035	0.6195459518687533	3.2253667945031803	-510.64877341430423	1.5305678243748844E-4	-0.4457535445690155	0.007784114519582	1.0	128.84837182276988	255,0,255	NA	""
920	Hapi_Bo_157	0.15612230960447587	-0.5223971399901142	0.21478763163827103	21.50153160487156	286.6391705653801	0.5860091075494172	28.484226393424876	-535.3916048195324	1.461511419620365E-4	-0.44819384813308716	0.008827077073898801	1.0	165.230201252418	255,0,255	NA	""
921	Hapi_Bo_158	0.16072591270385125	-0.5744489869666339	0.19451940969177622	18.06092369312487	285.63116530716115	0.6274251018155993	38.81325550318065	-367.55107478732685	1.453185104764998E-4	-0.4448119103908539	0.009088439046815793	1.0	137.97959117410792	255,0,255	NA	""
922	Hapi_Bo_159	0.21453732252120972	-0.5008314400911331	0.22844108194112778	22.74711294823901	293.18846831051235	0.5907992231348657	18.678353146692814	-546.2356768162755	1.4523380377795547E-4	-0.44805872440338135	0.0076639737611217265	0.917055379989807	-77.94998610934746	255,0,255	NA	""
923	Hapi_Bo_160	0.23443976789712906	-0.4898389130830765	0.23551727086305618	23.44603496023957	295.57604929286305	0.5919227571371553	16.969228627905622	-551.5042132565119	1.4499433746095747E-4	-0.44815605878829956	0.010339422415850253	0.35378590075407385	151.2075018300851	255,0,255	NA	""
924	Hapi_Bo_161	0.2782784197449816	-0.3702117250104749	0.29180647052158953	32.21361562290226	306.9312220210223	0.5473998688977401	3.573175815343661	-566.3122414123112	1.4629038923885673E-4	-0.45010408759117126	0.01364053643846929	1.0	-151.260440494649	255,0,255	NA	""
925	Hapi_Bo_162	0.31472472846508026	-0.3383895307779312	0.3074618875980377	33.63671677871129	312.92486480733936	0.5550603044470712	3.2983712717512295	-566.6826200639142	1.4590154751203954E-4	-0.45006227493286133	0.016200705642885695	1.0	-138.15713011661725	255,0,255	NA	""
926	Hapi_Bo_163	0.4589833766222	-0.39643168449401855	0.29837994277477264	26.196381180646206	319.18227424501686	0.6759100611298503	17.251176169627424	-583.5527572203742	1.3824772031512111E-4	-0.4492320716381073	0.010462016698233175	0.7990631581052998	-121.90182471088266	255,0,255	NA	""
927	Hapi_Bo_164	0.33771397173404694	-0.43204711377620697	0.25886185467243195	25.26976515231244	308.0133192462852	0.606403244575082	11.656288685307652	-573.4023951579588	1.4224604819901288E-4	-0.44974851608276367	0.011211335314849444	1.0	170.15090250277558	255,0,255	NA	""
928	Hapi_Bo_165	0.40779709967509553	-0.36052703049910606	0.304646888235933	29.23526604763169	318.5206052873131	0.6237691405766721	2.422742536771113	-582.4461154937507	1.41516124131158E-4	-0.44959139823913574	0.013228614927063462	0.7623419277369347	-113.52627431972654	255,0,255	NA	""
929	Hapi_Bo_166	0.3242307054977691	-0.2782729527006048	0.33792240340957	38.33989119278988	319.361958766713	0.5447503440277888	7.372213131688835	-559.8049412874867	1.4677763101644814E-4	-0.4498523473739624	0.01146373893496493	0.41274549859437815	-111.64209844800945	255,0,255	NA	""
930	Hapi_Bo_167	0.38119727903023737	-0.17238301617848795	0.3717036426242115	41.620207278201704	335.666817517736	0.5596345841233876	3.8815607927071434	-560.5141552522535	1.468897971790284E-4	-0.4494650959968567	0.019270538804670327	0.661069864143563	-120.0963001331869	255,0,255	NA	""
931	Hapi_Bo_168	0.35069591148160767	-0.1664655907914736	0.3751671440245732	44.02197088172824	334.60760910788326	0.539859982961346	3.356610456060724	-551.5670887987677	1.4855837798677385E-4	-0.44928160309791565	0.008302451160358718	1.0	179.56906425423114	255,0,255	NA	""
932	Hapi_Bo_169	0.4152953882429884	-0.08128654229515463	0.38663884443006274	42.41669913612134	348.92539967536425	0.5732079530819603	3.1303426139540127	-560.3016102181944	1.4694231504108757E-4	-0.44939127564430237	0.01532724706509048	1.0	93.32962930265006	255,0,255	NA	""
933	Hapi_Bo_170	0.5286567227967638	-0.09113957451605087	0.3789508488091829	35.23729691864946	350.2184493267371	0.6568014147475486	7.016048470854532	-586.7953063919966	1.411333360010758E-4	-0.4493497610092163	0.013238538907080447	1.0	-156.3769717618626	255,0,255	NA	""
934	Hapi_Bo_171	0.5104115202002447	-0.11606842115676426	0.37390959274033225	35.53929152645482	347.188710284584	0.6432730228186084	5.079639236072898	-590.286898311081	1.4161797298584133E-4	-0.44962748885154724	0.009186110251785827	0.9938462114343309	-67.41728516483819	255,0,255	NA	""
935	Hapi_Bo_172	0.3858466894909953	-0.10763629081513469	0.3839630565601526	43.786731213615845	344.4129553700555	0.5548791469271627	1.91619096889557	-556.8943314396214	1.479715429013595E-4	-0.4494990408420563	0.008452970405069702	1.0	-59.41752850357131	255,0,255	NA	""
936	Hapi_Bo_173	0.36962141039999413	-0.0943819789525512	0.3922929676151684	45.800524750637265	345.6757440069434	0.5471944055063029	7.885946018925154	-550.3819359878011	1.4860802912153304E-4	-0.44927799701690674	0.005194130668486931	1.0	-56.41623847736939	255,0,255	NA	""
937	Hapi_Bo_174	0.3657744377956375	-0.1001931924528749	0.3910514858256967	45.87783171339708	344.68125578662165	0.5447484554591216	7.759981967437357	-548.9921539251094	1.479715429013595E-4	-0.4494990408420563	0.005193009664567795	1.0	117.51411011840813	255,0,255	NA	""
938	Hapi_Bo_175	0.3710660180207304	-0.1064787384014556	0.3872068827279511	45.08638344351075	343.9889759485747	0.5467694957596153	2.593351198965596	-555.014299021523	1.4848107821308076E-4	-0.4494786262512207	0.0049232775151580085	1.0	152.21716863809664	255,0,255	NA	""
939	Hapi_Bo_176	0.3763314187526703	-0.1500249281525612	0.3764987885951996	42.90196511316997	338.2652483639632	0.5530679466586647	5.843877124549324	-555.8759441427819	1.480675709899515E-4	-0.44942164421081543	0.009074356362905786	0.7836485418171942	144.4564380439953	255,0,255	NA	""
940	Hapi_Bo_177	0.34865039587020874	-0.14464420080184937	0.3799986392259598	45.191726571734854	337.4679588957357	0.5356099412628934	6.350067678762566	-549.6272850887295	1.4856740017421544E-4	-0.44936996698379517	0.00526283249978471	1.0	-137.1750995465523	255,0,255	NA	""
941	Hapi_Bo_178	0.34856410324573517	-0.20613662898540497	0.3639148026704788	41.94454520495009	329.4004392763813	0.5444476352080736	4.307499816058603	-554.7571084717156	1.4734403521288186E-4	-0.44944003224372864	0.006074841212788433	1.0	73.86364473107189	255,0,255	NA	""
942	Hapi_Bo_179	0.34305401146411896	-0.22408377379179	0.35967274010181427	41.27581910557059	326.8473259206489	0.545219288388389	6.614949804056589	-556.173805823653	1.4792110596317798E-4	-0.4493598937988281	0.009813080241009322	1.0	-157.6069411425149	255,0,255	NA	""
943	Hapi_Bo_180	0.20599937438964844	-0.34806492924690247	0.32678569853305817	38.93692298167029	300.61882036155515	0.5199748359164283	20.754252746959306	-533.5881968300542	1.5079947479534894E-4	-0.448379784822464	0.007849604046387435	1.0	-88.40520380160406	255,0,255	NA	""
944	Hapi_Bo_181	0.22757846011726007	-0.34322554619272927	0.31837965452769357	37.70774843609697	303.5466883763398	0.5205394658292627	8.03265261218889	-544.6586152307452	1.4909592573530972E-4	-0.44931116700172424	0.0056328684538355985	1.0	-73.59803546816906	255,0,255	NA	""
945	Hapi_Bo_182	0.18391625937699047	-0.3904331272559166	0.30754422585349916	35.47356066489975	295.2231086410148	0.5299496845719293	22.5713498667215	-538.2442540885743	1.5005942259449512E-4	-0.44845613837242126	0.007719709716221809	0.9968118903955194	120.97951566970787	255,0,255	NA	""
946	Hapi_Bo_183	0.19388298866224665	-0.43784504940447594	0.26190634074480523	28.6763098572305	293.88433164817036	0.5457965114426319	7.216034686682262	-555.4126925712377	1.4739512698724866E-4	-0.4495202302932739	0.008852603023660893	1.0	-87.51597914871178	255,0,255	NA	""
947	Hapi_Bo_184	0.16926394402980804	-0.4640350788831711	0.25022517889738083	26.866228106996495	290.04022020218645	0.5537070320457047	5.008641838102433	-552.0184319637146	1.474360906286165E-4	-0.4491203725337982	0.011641058211147982	1.0	-151.60923150542087	255,0,255	NA	""
948	Hapi_Bo_185	0.43148715794086456	-0.3452112227678299	0.310659259557724	29.34430616741331	321.33845127649437	0.6339251780310499	9.665663575286828	-586.0749010150658	1.413393038092181E-4	-0.449675589799881	0.00862862553901139	0.9941498463523296	-157.8973058870631	255,0,255	NA	""
949	Hapi_Bo_186	0.4352633347526258	-0.24196522937651388	0.343900931464332	34.62770996104302	330.93008195645683	0.6052017791358849	2.6060936598847335	-588.8392429271059	1.421867054887116E-4	-0.4502544403076172	0.010013341300274895	1.0	-98.72189228414437	255,0,255	NA	""
950	Hapi_Bo_187	0.46119122561419196	-0.275272127395915	0.33511306196490065	31.96148896720902	329.1682058021944	0.6330662327150965	4.7070035519894144	-594.4903791552307	1.4041500980965793E-4	-0.45021042227745056	0.01302199790155137	0.8065282826716019	-144.9285665865628	255,0,255	NA	""
951	Hapi_Bo_188	0.47534909610960996	-0.19991390394756023	0.35329353613311154	34.4153085825394	337.19021385506807	0.6250909172570145	3.2850557224066046	-596.4226302216412	1.4070572797209024E-4	-0.45052677392959595	0.0046060430978757715	1.0	-74.44988874813787	255,0,255	NA	""
952	Hapi_Bo_189	0.5148968696594238	-0.14065012335777283	0.36996321380138397	34.72678545017668	344.7217142366522	0.6494413161725076	2.7223767098851135	-595.7448337537714	1.39478433993645E-4	-0.44996434450149536	0.013527217221169245	0.6240873388855689	137.4844751485636	255,0,255	NA	""
953	Hapi_Bo_190	0.47051921486854553	-0.08714909851551056	0.3815594017505646	38.56783092574481	349.5066497850836	0.6120219554859347	3.8104767799377406	-571.900512695312	1.4388815907295793E-4	-0.44938746094703674	0.008481009303544153	1.0	161.2863917298565	255,0,255	NA	""
954	Hapi_Bo_191	0.4617354161525664	-0.07842737646281936	0.38407253418449355	39.35370201296225	350.36011295036536	0.6056914721401676	6.8867340811161455	-567.7024422847231	1.445213711122051E-4	-0.4493764340877533	0.005780579357561623	1.0	-62.97465673703966	255,0,255	NA	""
955	Hapi_Bo_192	0.4647497892887451	0.03621136086141178	0.4065417111716623	41.09203137185526	4.455246436499151	0.6185303486667018	7.1674765637743425	-541.4781636239657	1.4687221846543252E-4	-0.44722142815589905	0.01573858541972437	0.6349122213990293	-148.9719374799135	255,0,255	NA	""
956	Hapi_Bo_193	0.34391264023292356	0.02953697986212144	0.43532567706465686	51.58837586795253	4.908809253840922	0.5555688817807901	6.51168942899293	-509.7204645520637	1.532772439531982E-4	-0.4458945691585541	0.007161158192234631	0.9857008088576518	-109.26370281096469	255,0,255	NA	""
957	Hapi_Bo_194	0.36347285423377895	0.024759405008333478	0.4328714497278221	49.91521655154348	3.896910796284689	0.5657766660889109	11.177182234002933	-511.59686269740257	1.5199961489997804E-4	-0.4459918737411499	0.00770503829157688	1.0	-147.36501334994244	255,0,255	NA	""
958	Hapi_Bo_195	0.34970524944473314	0.028087612270172632	0.4343391605760002	51.070939029649495	4.592022721039509	0.5583307101191077	9.929236071139867	-511.5327417241176	1.532772439531982E-4	-0.4458945691585541	0.006025640397549965	0.5830675905367552	-113.46744910134967	255,0,255	NA	""
959	Hapi_Bo_196	0.39909092087121134	0.08026863928667237	0.4340115881856737	46.833758167659546	11.372101567979657	0.595048465466651	11.985504807477879	-507.51321274241366	1.5205750241875648E-4	-0.44486209750175476	0.007859704494760868	0.6799426456617013	43.11321223935012	255,0,255	NA	""
960	Hapi_Bo_197	0.396041601896286	-0.11033215373754501	0.3823571056127548	42.92377432163326	344.4328392153974	0.5614437556812837	1.769497131308475	-559.858838178551	1.4688365627080202E-4	-0.4496324956417084	0.007587993538899649	0.6497554839481146	-153.36822671709646	255,0,255	NA	""
961	Hapi_Bo_198	0.4638415426015854	0.13797837495803833	0.41217027604579926	40.42159802973557	16.5660979781391	0.6356660641050061	3.4304531911135734	-524.1452357752364	1.4938553795218468E-4	-0.445669949054718	0.011092768181382792	1.0	-139.57117421034587	255,0,255	NA	""
962	Hapi_Bo_199	0.7060226987296365	0.26127651675565533	0.3166610656859053	22.81331804445338	20.307908353520297	0.816705393548237	10.4649145576451	-582.4118270853013	1.366142532788217E-4	-0.44700026512145996	0.01312290748437633	0.9960076623647045	153.18906823603524	255,0,255	NA	""
963	Hapi_Bo_200	-0.2141205295920372	-0.8506182730197906	0.1079840138554573	7.01821364345525	255.87085881369075	0.8837757604937357	6.5931352769033955	-344.7032623317365	1.6317845438607037E-4	-0.42464587092399597	0.020303491311292454	0.9649804114683163	135.51112980122286	255,0,255	NA	""
964	Hapi_Bo_201	0.36368088524362274	-0.48376548032737204	0.2378195438988231	21.452167432982872	306.93478578060103	0.6502699145033563	5.7053204223057925	-574.2111182505575	1.4055921928957105E-4	-0.4481114447116852	0.010260057646976291	0.6074817849655337	-77.353249243745	255,0,255	NA	""
965	Hapi_Bo_202	0.4175149413921179	-0.5730236724890374	0.2055685288065363	16.169161236689337	306.0777271200534	0.7381959601312995	19.495168786041276	226.38259443268757	1.346974167972803E-4	-0.4456022381782532	0.006728495575026738	1.0	128.5760651514016	255,0,255	NA	""
966	Hapi_Bo_203	0.40558340726520065	-0.5041371814099163	0.23184894772005643	19.71392717491899	308.81702561260994	0.6873180722836276	16.48909436619084	-583.3599237531791	1.3836464495398104E-4	-0.44746848940849304	0.009379451296281417	0.4813730332083626	-149.48926107861396	255,0,255	NA	""
967	Hapi_Bo_204	0.37515182465940516	-0.5715904809372645	0.199874204794751	16.29571023990034	303.2780808298665	0.7123231480063724	35.54422634933303	-565.3423617920109	1.3652080087922513E-4	-0.4457527697086334	0.007253975660612906	1.0	140.6345228084036	255,0,255	NA	""
968	Hapi_Bo_205	0.388392321032243	-0.5732337157921409	0.20106005294117862	16.191868465046532	304.1194539572002	0.7210205495312789	38.50457164567266	-561.3695593001004	1.3581090024672449E-4	-0.4458152949810028	0.006031952287474961	1.0	148.94137931495715	255,0,255	NA	""
969	Hapi_Bo_206	0.41091879490733113	-0.34974613012441474	0.3092920344870215	29.820441732190236	319.5978310207293	0.6219631614028425	3.4651428982557455	-583.169171522397	1.4200889563653618E-4	-0.4496236741542816	0.006032339690257678	1.0	-157.56162096781233	255,0,255	NA	""
970	Hapi_Bo_207	0.4129733443260193	0.016356466803699732	0.41769538819789886	45.30325100488643	2.2681050862300753	0.5876086745887188	9.771251078739695	-530.6340613747353	1.4991089119575918E-4	-0.44692426919937134	0.012202220127524116	1.0	100.47680876713912	255,0,255	NA	""
971	default	0.39890132090833824	0.0022152350754079744	0.41870243924966144	46.38690413224731	0.31817973284118106	0.5783069286481641	9.220186144769485	-529.7377899033705	1.4946704322937876E-4	-0.44718465209007263	0.008392669297643018	1.0	125.21543882641754	255,0,255	NA	""
972	Hathor_BP_01	1.4391909164468153	0.7806433190853611	0.05748245930072893	2.0107477379342757	28.476209092689885	1.6382852983357	31.87701034545899	-418.1263427734375	1.4635482511948794E-4	-0.38942578434944153	0.008614544773837928	0.43192785733632083	-165.83965497836488	0,102,255	NA	""
973	Hathor_BP_02	1.3022753488950225	0.6472894221798811	0.41810139767468885	16.03988624226309	26.429442910009673	1.5131799163163464	11.560243133221054	129.69943551969797	1.4226906932890415E-4	-0.39485248923301697	0.02349038324320339	0.6288956267548902	-120.99796498488878	0,102,204	NA	""
974	Hatmehit_Bo_01	2.271101127476432	-0.45855251522293516	0.18014196087067055	4.4458164052601425	348.5850140229177	2.3239238082407803	7.641065509981244	-39.32903219115013	1.4968984760344028E-4	-0.3736863136291504	0.027864891532920787	1.0	-58.06573876872239	255,0,255	NA	""
975	Hatmehit_Bo_02	2.2821694186127823	-0.3192312965402524	0.25996294543285603	6.436445900372525	352.03709762526506	2.3190055215415724	8.655507174108532	-33.49822293838922	1.4957707026042044E-4	-0.37318122386932373	0.03082537216463868	0.6582320249476253	-40.50435927436785	255,0,255	NA	""
976	Hatmehit_Bo_04	2.2838525359299813	-0.18267761816926312	0.41056805047514794	10.15943734867884	355.4268411503125	2.3276425073719467	13.441038070563907	-9.537105233042091	1.4862691750749946E-4	-0.36991456151008606	0.022707263494132077	1.0	-62.83825024754261	255,0,255	NA	""
977	Hatmehit_Bo_03	2.2776103019714355	-0.19963375478982925	0.4233776032924652	10.491012588723306	354.9907961950392	2.325212015853086	13.425941311228728	-10.698979103652553	1.48940525832586E-4	-0.3698638379573822	0.022202268107262613	1.0	-38.03905364695358	255,0,255	NA	""
978	Hatmehit_Bo_05	2.2995631800986263	-0.1357747415598726	0.36638103027571217	9.037161251598922	356.62096758136204	2.33252238125529	14.889017040131963	-6.303198271302215	1.468070113332942E-4	-0.368716835975647	0.02760841177174305	0.7367141373650038	-178.67956103336934	255,0,255	NA	""
979	Hatmehit_Bo_06	2.266418744152677	-0.5071527042269361	0.13989788595284552	3.4471452892688084	347.3868040586037	2.3266777189257146	8.612274522897131	-36.10951330506066	1.4903915871400386E-4	-0.3733120262622833	0.024568129735945667	1.0	16.643623654500995	255,0,255	NA	""
980	Hatmehit_Bo_07	2.2956455387719217	-0.21607685002906057	0.16146751875196785	4.005707651204666	354.6228964315294	2.3114388169306634	3.2583812659920204	-40.61782589717977	1.4760895282961428E-4	-0.3739604353904724	0.02246718792793261	1.0	-114.09623576524062	255,0,255	NA	""
981	Hatmehit_Bo_08	2.2882204751709354	-0.3575110026417285	0.015933172889884623	0.3941695713740251	351.11991394875037	2.316035605512086	13.565431960921575	-38.499473240886715	1.466915855417028E-4	-0.3738655745983124	0.039822621832350504	0.3111969262054362	87.9823133110097	255,0,255	NA	""
982	Hatmehit_Bo_09	2.289156277743114	-0.23949524904394753	0.2868732177737103	7.1045963687263605	354.02735079050046	2.3194591355143928	18.415746739801673	-29.93103497401452	1.4885103155393153E-4	-0.3728964030742645	0.012801586205276059	1.0	-47.430021817965425	255,0,255	NA	""
983	Hatmehit_Bo_10	2.2985296460142495	-0.1549357540919249	0.3550997823892316	8.762619124169005	356.14372757798765	2.3309524827750794	11.604171304425074	-11.355756967333104	1.4746734814252704E-4	-0.3694837987422943	0.026496934197922786	0.7085008690679823	108.81950806845661	255,0,255	NA	""
984	Hatmehit_Bo_11	2.2632097057309184	-0.24656565582979265	0.4511101084550282	11.208014451306656	353.78242585381594	2.3208647364074695	10.619014739593663	-10.004192397130687	1.495387259637937E-4	-0.3695020377635956	0.031882609846636926	0.6352477580279102	32.448909910525025	255,0,255	NA	""
985	Hatmehit_Bo_12	2.2210458708799097	-0.40160331246712894	0.5243835851180335	13.079499233902705	349.75067963935925	2.317176757495748	9.10769521507299	-6.895261965839444	1.511718292022124E-4	-0.3691968023777008	0.02491896996875488	1.0	-2.9928145240992547	255,0,255	NA	""
986	Hatmehit_Bo_13	2.224436640739441	-0.4179786145687103	0.542174220085144	13.470991754984388	349.35803297367676	2.327397124649311	18.733442306518555	-2.9525909423828116	1.5085718769114465E-4	-0.3684120178222656	0.010075436002707482	1.0	117.89231022759299	255,0,255	NA	""
987	Hatmehit_Bo_14	2.220229116229605	-0.4376772889138932	0.5494402240174443	13.647184677306846	348.84818123339784	2.3287042099745188	19.010892868041992	0.4854765534400938	1.5072227688506246E-4	-0.36789342761039734	0.00444841319877801	1.0	88.78862830279985	255,0,255	NA	""
988	Hatmehit_Bo_15	2.2687876224517822	-0.5111764371395111	0.08663196489214897	2.133308436850871	347.30281038584445	2.327273882253253	2.216325283050537	-37.85060501098633	1.4795298920944333E-4	-0.37356671690940857	0.014776937357932602	1.0	49.93429883744442	255,0,255	NA	""
989	Hatmehit_Bo_16	2.259933167892328	-0.28546767737448336	0.4420437629820564	10.982221115020629	352.8007055941022	2.320386262361672	8.770586938701655	-16.53603112437248	1.5023635933175683E-4	-0.37050512433052063	0.007883906600176	1.0	55.873581401466545	255,0,255	NA	""
990	Hatmehit_Bo_17	2.264037028955903	-0.2704864603636125	0.42747589038345873	10.618444604796247	353.18711533430144	2.3198625456226147	9.366257667541499	-18.45183563232422	1.5000018174760044E-4	-0.37073439359664917	0.005683262818744898	1.0	103.02188768290685	255,0,255	NA	""
991	Hatmehit_Bo_18	2.2589547238082983	-0.3170940337619296	0.4213505524563666	10.465351852457374	352.0094853421539	2.319689927235647	7.435610294342044	-18.64202880859375	1.504774554632604E-4	-0.3707717955112457	0.008943182756825839	0.5065922436039397	102.52248322364449	255,0,255	NA	""
992	Hatmehit_Bo_19	2.2584685544140872	-0.33218456092357934	0.40754188237585304	10.122357361966086	351.632702604913	2.318861181632851	12.47125244140625	-22.684946060180657	1.5047294436953962E-4	-0.3713800609111786	0.008313862915404141	1.0	169.7172010504915	255,0,255	NA	""
993	Hatmehit_Bo_20	2.2641485739502647	-0.2968980447579725	0.40874152640738376	10.148207355222617	352.52942282935106	2.3198247453874528	11.14286377250319	-21.625716716785902	1.5004570013843477E-4	-0.37144210934638977	0.005928183845666682	1.0	-39.979409993963	255,0,255	NA	""
994	Hatmehit_Bo_21	2.271507998701106	-0.48330138690089425	0.12727333864909365	3.13687629973201	347.9884778706707	2.3258390575175913	5.714464664459226	-39.557777404785156	1.4871257008053362E-4	-0.3738493323326111	0.006284736672891928	1.0	-12.769714212776057	255,0,255	NA	""
995	Hatmehit_Bo_22	2.2710149047800123	-0.48100365466174444	0.1325259309886263	3.267408004438989	348.041415217162	2.3251744742954936	5.898326798904079	-40.3099976387475	1.4901533722877502E-4	-0.37409260869026184	0.005500855511053145	1.0	105.8040988768495	255,0,255	NA	""
996	Hatmehit_Bo_23	2.272032141685486	-0.4933922290802002	0.11214356124401093	2.7614674674316193	347.7479362796035	2.327690297891271	7.163349659875974	-38.185950677075425	1.4871257008053362E-4	-0.3738493323326111	0.009009867235596486	0.7041600815054307	108.1025955335696	255,0,255	NA	""
997	Hatmehit_Bo_24	2.292438568922622	-0.25184375732369896	0.13708440005601102	3.401709490000405	353.7307146581385	2.31030127973077	5.334626724842035	-45.77413570957634	1.4841294614598155E-4	-0.3748480975627899	0.01822810551472	0.8646325977314291	102.33574733155578	255,0,255	NA	""
998	Hathemit_Bo_25	2.2881397265298262	-0.2884320150446568	0.157139889646332	3.8979159609626115	352.815460458709	2.3115945536241362	4.107886791229249	-45.91935729980469	1.4883406402077526E-4	-0.37480098009109497	0.01085721998492139	1.0	66.25082243048716	255,0,255	NA	""
999	Hathemit_Bo_26	2.2914159297943115	-0.27552030980587006	0.11393091455101967	2.8261220072617648	353.14365988977323	2.3107311954706207	2.686331510543823	-48.10237503051756	1.481309300288558E-4	-0.3750920593738556	0.00773043461636837	1.0	46.3226117835519	255,0,255	NA	""
1000	Hathemit_Bo_27	2.289439416338493	-0.296908105390654	0.11337928333755157	2.8116203486869606	352.6107837797675	2.3113939789705134	2.4361780823908465	-48.10547705354289	1.4855536574032158E-4	-0.37511321902275085	0.013120061845459144	1.0	-95.32549415003899	255,0,255	NA	""
1001	Hathemit_Bo_28	2.302749487302108	-0.20672894078577556	0.13061860014274848	3.233526752834927	354.87003340233434	2.3156971466346326	3.2890789508819576	-40.60607147216796	1.4760895282961428E-4	-0.3739604353904724	0.006414912304320895	1.0	-13.20746904448873	255,0,255	NA	""
1002	Hathemit_Bo_29	2.306068728317953	-0.20305983559592464	0.12334006420403525	3.0497690053242414	354.9678251766567	2.318275015608821	8.71289878359896	-39.03699551292335	1.4696421567350626E-4	-0.37352079153060913	0.013522944376046914	1.0	107.19738159698467	255,0,255	NA	""
1003	Hathemit_Bo_30	2.296395650502633	-0.1825771741878085	0.2013194471237843	4.994492444403498	355.45420541095893	2.3124223074456025	10.178683381625085	-37.17520584209427	1.4732500130776316E-4	-0.37331846356391907	0.015307391456581458	0.5970710495655502	84.18642879705226	255,0,255	NA	""
1004	Hathemit_Bo_31	2.2932186270457664	-0.20175142967862295	0.21918019834555474	5.438724756036121	354.97221092741745	2.31248681513081	7.080496121729389	-39.583094245306036	1.479120837757364E-4	-0.3738279938697815	0.0072944409939701095	1.0	89.57105397242294	255,0,255	NA	""
1005	Hathemit_bo_32	2.2998119592666626	-0.17020520567893982	0.18712930381298065	4.639118674155315	355.76735243154826	2.313681533048943	10.427081108093255	-35.25999069213866	1.4693866251036525E-4	-0.3731476664543152	0.009125012295948705	1.0	103.42742236368207	255,0,255	NA	""
1006	Hathemit_Bo_33	2.301473617553711	-0.15085230022668839	0.19739440083503723	4.891741655594272	356.2498574707045	2.3148437913303077	9.47244858385999	-33.549971986447424	1.4732500130776316E-4	-0.37331846356391907	0.010210875792018228	1.0	0.9830219669140888	255,0,255	NA	""
1007	Hathemit_Bo_34	2.291598705341271	-0.24558292001856957	0.23137266514208227	5.732760589207834	353.8831495777282	2.3163050116730286	6.269762356148437	-40.54560964695308	1.4885021664667875E-4	-0.3739640712738037	0.006589526969160651	1.0	17.78784903151661	255,0,255	NA	""
1008	Hathemit_Bo_35	2.295443656049492	-0.22194153566397543	0.26524829483122814	6.561207851539272	354.47736052101357	2.3213522527315016	9.698951190531194	-36.381988442158885	1.4869197912048548E-4	-0.3734716773033142	0.010310179025430348	1.0	-1.5445487624256395	255,0,255	NA	""
1009	Hatmehit_Bo_36	2.2950712639278876	-0.2072704096239086	0.29647272456296087	7.331083809536895	354.8395544566735	2.3234046581736463	20.575210571289062	-25.3688850402832	1.4821186778135598E-4	-0.3717265725135803	0.008101007912519845	1.0	114.56217795133462	255,0,255	NA	""
1010	Hatmehit_Bo_37	2.297598640783349	-0.18269940828418063	0.3145378492099131	7.771022447456772	355.4535465156438	2.326214230569162	17.50872174745417	-21.36797194934334	1.4821186778135598E-4	-0.3717265725135803	0.008909093114987795	1.0	-45.97527169413922	255,0,255	NA	""
1011	Hatmehit_Bo_38	2.2974992862741397	-0.1769017193239036	0.32181390493068623	7.950391382974405	355.5970551770748	2.3266631423858226	16.105712546162117	-17.61988133439363	1.4806071703787893E-4	-0.37074384093284607	0.007086634658046299	1.0	80.07481397739306	255,0,255	NA	""
1012	Hatmehit_Bo_39	2.3639742136001587	0.03674029838293791	0.36382095515727997	8.748261963748467	0.8904050466777925	2.3920889656330324	24.683568751196972	48.91187858859424	1.4074152568355203E-4	-0.3613600730895996	0.01797447355686553	0.6164308397467753	-154.52108033133766	255,0,255	NA	""
1013	Hatmehit_Bo_40	2.300289511680603	-0.19539272785186768	0.14122331887483597	3.5006165227396715	355.14479842629333	2.3128887092636354	9.1096773147583	-37.792770385742195	1.4696421567350626E-4	-0.37352079153060913	0.008379468352027774	1.0	92.72677104197115	255,0,255	NA	""
1014	Hatmehit_Bo_41	2.304902054981912	-0.17054499168914278	0.13219856139924724	3.2736957698633726	355.76826528280753	2.314980677432562	10.326393127441408	-35.470073699951186	1.4673895202577114E-4	-0.37317144870758057	0.004079424683361901	1.0	80.23727011314605	255,0,255	NA	""
1015	Hatmehit_Bo_42	2.308053039894634	-0.1567223379261359	0.13260908796237264	3.280773273437717	356.11544203150316	2.317165487482952	8.330772717295483	-31.39418188982778	1.4602867304347456E-4	-0.3725493848323822	0.00944600572511001	1.0	91.78898351223162	255,0,255	NA	""
1016	Hatmehit_Bo_43	2.310787796974182	-0.14082425087690353	0.13358165323734283	3.30235015117332	356.5125882037705	2.3189255637819546	7.963456800054243	-30.08995456610447	1.4602867304347456E-4	-0.3725493848323822	0.007430718127298878	1.0	70.14402086911177	255,0,255	NA	""
1017	Hatmehit_Bo_44	2.307001360228744	-0.14934940274109165	0.15355914942642593	3.8001858834654043	356.29598556503976	2.3169248871227923	7.512838000002986	-30.910352513131762	1.4623950119130313E-4	-0.3725197911262512	0.004464318482473901	1.0	102.74432221911036	255,0,255	NA	""
1018	Hatmehit_Bo_45	2.3079501390457153	-0.13996625691652298	0.1563013195991516	3.8672431095653343	356.5295324947928	2.3174672597266173	7.473621368408204	-31.13518905639648	1.4623950119130313E-4	-0.3725197911262512	0.0028313924336145066	1.0	103.55517145509565	255,0,255	NA	""
1019	Hatmehit_Bo_46	2.3046927452087402	-0.14831452816724777	0.1718248948454857	4.254992905452654	356.3179062292366	2.3158431819905108	7.473621368408204	-31.1351890563965	1.4623950119130313E-4	-0.3725197911262512	0.004404040114757377	1.0	31.331663784269125	255,0,255	NA	""
1020	Hatmehit_Bo_47	2.3150389960440765	-0.10561491748563269	0.14732175928031999	3.637439117653884	357.38790746264175	2.322124838323235	12.620503780886548	-23.332239618975166	1.4504276623483747E-4	-0.37158656120300293	0.007207854324416116	0.7033327046462425	48.66017319656555	255,0,255	NA	""
1021	Hatmehit_Bo_48	2.31707149325474	-0.08777569048795873	0.1604335389670474	3.9579961752648187	357.83054904794534	2.3242770482711133	13.439434213108683	-22.99065392965845	1.4504276623483747E-4	-0.37158656120300293	0.013897029865586595	1.0	-7.410088310793708	255,0,255	NA	""
1022	Hatmehit_bo_49	2.315858836979676	-0.10594385569363135	0.14061363243285807	3.4709812830567324	357.3807097023262	2.3225413768116283	14.751709938049318	-20.859365463256836	1.4447294233832508E-4	-0.3709802031517029	0.00813197882539499	0.8208994439910583	91.78681732440695	255,0,255	NA	""
1023	Hatmehit_Bo_50	2.3218414897514306	-0.08353909087411385	0.13576017165982837	3.3441670313777414	357.93940561871807	2.327306921625148	14.751709938049313	-20.859365463256832	1.4447294233832508E-4	-0.3709802031517029	0.006806118790921799	1.0	131.11193415325585	255,0,255	NA	""
1024	Hatmehit_Bo_52	2.326355457305908	-0.08405985310673714	0.10943610966205597	2.691561084131973	357.9305912516917	2.330444600229594	18.171480096747175	-14.757239433429254	1.4447294233832508E-4	-0.3709802031517029	0.030921722063078434	0.6819975747510217	66.45448886737533	255,0,255	NA	""
1025	Hathemit_Bo_53	2.3204748642916972	-0.10960427405394833	0.10017196454406163	2.469102274314501	357.29572661366973	2.325220659460319	19.62988662719727	-19.21758460998535	1.4426364214159548E-4	-0.37073901295661926	0.00720936025062123	1.0	103.15152385920365	255,0,255	NA	""
1026	Hathemit_Bo_54	2.3227166400918082	-0.09972941339054335	0.09312698326490886	2.2938755875839214	357.54142762235165	2.3267211223235633	19.629886627197266	-19.217584609985348	1.4426364214159548E-4	-0.37073901295661926	0.008111563165135704	1.0	41.590988247493584	255,0,255	NA	""
1027	Hathemit_bo_55	2.342450537065124	-0.05792181370655938	0.07088226474971726	1.7327050366671333	358.5835349397828	2.3442384158945506	23.953163251354194	5.58385237949731	1.4294657739810646E-4	-0.3690386712551117	0.01600266815972048	0.6925348069284565	-149.7208472832502	255,0,255	NA	""
1028	Hathemit_Bo_56	2.3363670110702515	-0.0728938914835453	0.08004951849579811	1.9613690985185042	358.21296999189116	2.3388741426687254	20.05180505824701	-9.851327339529481	1.4338220353238285E-4	-0.36948829889297485	0.007845589113838402	1.0	-29.817722201204376	255,0,255	NA	""
1029	Hathemit_Bo_57	2.319821088720777	-0.13792271723766977	0.06736698056634564	1.6604561122514143	356.59754010415105	2.3248937329853376	16.54165185584837	-20.973020410939675	1.4452863251790404E-4	-0.37129735946655273	0.013529669313175025	0.7052587368970831	147.62635557699838	255,0,255	NA	""
1030	Hatmehit_Bo_58	2.294639825820923	-0.26227159798145294	0.062331411987543106	1.5459350311603839	353.47953162233983	2.3104206383841843	7.905946254730221	-45.0663604736328	1.471112627768889E-4	-0.37459635734558105	0.007595108719408832	1.0	64.04799647289171	255,0,255	NA	""
1031	Hatmehit_Bo_59	2.296351909637451	-0.24117708206176758	0.0752832442522049	1.8674396035316434	354.0044230863945	2.310209091115463	8.941887855529785	-43.59863281249998	1.4702539192512631E-4	-0.37437671422958374	0.00694113257226718	0.9313621152364169	107.08115288150618	255,0,255	NA	""
1032	Hatmehit_Bo_60	2.2941883743084404	-0.26571928656214217	0.07507047591943514	1.8617278614463393	353.39328116955704	2.310745034056737	6.324343704422309	-46.01484873929236	1.471112627768889E-4	-0.37459635734558105	0.010037516077315569	0.8028974813769985	-73.24482298277502	255,0,255	NA	""
1033	Hatmehit_Bo_61	2.295255184173584	-0.24010829627513885	0.09385903924703598	2.3289762171918436	354.02796884935674	2.309687830349426	8.36494827270508	-45.296417236328146	1.4748453395441175E-4	-0.3746471107006073	0.006532758018229074	1.0	108.49267216224835	255,0,255	NA	""
1034	Hatmehit_Bo_62	2.296025494344503	-0.24866855351835498	0.06026827265657971	1.494871473431153	353.81873574600854	2.310238382695136	7.905946254730227	-45.066360473632805	1.471112627768889E-4	-0.37459635734558105	0.015379561517853822	0.4162932639506569	-157.76357240417477	255,0,255	NA	""
1035	Hatmehit_Bo_63	2.3014551401138306	-0.23539742827415466	0.032665462233126163	0.8089471683820831	354.1599820573023	2.3136928801414762	13.286609649658203	-36.98485946655273	1.458629558328539E-4	-0.3733613193035126	0.01410565033994595	0.7928406060015273	43.74525507002427	255,0,255	NA	""
1036	Hatmehit_Bo_64	2.347896620501961	-0.020567229922598955	0.08346654420512664	2.0359007263747944	359.498110214895	2.349469773270719	23.647313907447483	13.462516753197134	1.413006248185411E-4	-0.36712977290153503	0.026290228307397242	0.6918005173821516	128.58157880537675	255,0,255	NA	""
1037	Hatmehit_Bo_65	2.3411148534399677	-0.07686810212483323	0.04608503079800398	1.1271190585985118	358.1194275186058	2.3428297616739395	21.359004954921872	1.194728763371934	1.429192052455619E-4	-0.36881789565086365	0.015231903838923418	1.0	66.42914722180662	255,0,255	NA	""
1038	Hatmehit_Bo_66	2.348355479356654	-0.05818023118632564	0.04406949700928519	1.07476298899022	358.58079411151783	2.3494894162970743	21.88104199519449	3.6631564528236886	1.4200975419953465E-4	-0.36752215027809143	0.007081218384934159	1.0	13.898064585097318	255,0,255	NA	""
1039	Hatmehit_Bo_67	2.358002834244559	-0.041158228265481565	0.02627857137045237	0.638404501077929	359.00002099491553	2.3585084119783417	24.91230456202084	18.78626703660974	1.416065206285566E-4	-0.36693134903907776	0.010208546503518602	1.0	43.7515069112946	255,0,255	NA	""
1040	Hatmehit_Bo_100	2.3380000591278076	-0.09328540787100792	0.015495448373258114	0.37942897580214197	357.7151298444942	2.339911654897163	21.654663890929918	-0.205278992241825	1.4286280202213675E-4	-0.3689464032649994	0.007936907105622596	0.7267266589863088	20.130801466668338	255,0,255	NA	""
1041	Hatmehit_Bo_68	2.307591098565067	-0.12465581342265736	0.3105455285082389	7.653540690982315	356.9078937942974	2.3317277446720186	21.911910021439823	-10.897962073913462	1.4591612853109837E-4	-0.3695233166217804	0.011927149375680566	1.0	-131.9550633476603	255,0,255	NA	""
1042	Hatmehit_Bo_69	2.3127410411834717	-0.10781432688236237	0.3230271488428116	7.942710390154382	357.3309433331778	2.337678675854537	21.849953446638178	-10.720353777202284	1.4591612853109837E-4	-0.3695233166217804	0.018731083546254346	0.40578892814041917	-91.41129318343133	255,0,255	NA	""
1043	Hatmehit_Bo_70	2.2630683183670044	-0.5001856833696365	0.17474474757909775	4.311728803340656	347.53679362955717	2.3242632506346808	3.08209538459778	-36.779331207275405	1.495999313192442E-4	-0.3734687864780426	0.007841163686866107	0.8337978711587567	-167.93933025377723	255,0,255	NA	""
1044	Hatmehit_Bo_71	2.2615718841552734	-0.5553031861782074	0.11141651123762131	2.7391674191902315	346.20459107739816	2.331412158919496	4.783412933349608	-34.73213195800782	1.481755025452003E-4	-0.37311306595802307	0.012948532028403377	1.0	-93.81479543731457	255,0,255	NA	""
1045	Hatmehit_Bo_72	2.260432004928589	-0.5216296315193176	0.17071742564439774	4.208822441926025	347.0055883310966	2.3261115108272667	3.0203285380218365	-35.42780742748386	1.4954405196476728E-4	-0.3733411729335785	0.005242121585037754	1.0	155.99341516149542	255,0,255	NA	""
1046	Hatmehit_Bo_73	2.2620816230773926	-0.5170127749443054	0.16317511349916458	4.0225083646383375	347.12582777230296	2.3261430731116963	5.483735994059597	-35.043622836417995	1.4903915871400386E-4	-0.3733120262622833	0.003916902071544415	0.896369223471018	116.48839650138248	255,0,255	NA	""
1047	Hatmehit_Bo_74	2.2171934843063354	-0.5186675488948822	0.5403571128845215	13.349676067318748	346.83357346744185	2.3402881836585827	25.591774655668154	-0.9329610674323857	1.5056115807965398E-4	-0.36799776554107666	0.016939831827268142	0.924731715234338	68.4788291033807	255,0,255	NA	""
1048	Hatmehit_Bo_75	2.2970902775418276	-0.08135953890654027	0.5141005950533805	12.607552352831688	357.97151620474506	2.3553221732031724	22.6460609958115	24.99120479734664	1.4602349256165326E-4	-0.36431217193603516	0.015632708603794575	0.5754893698679575	-103.87629111550231	255,0,255	NA	""
1049	Hatmehit_Bo_76	2.292161015735625	-0.10068945733156309	0.5126888161397025	12.596100051851275	357.48474281036323	2.3509551912085915	22.80855369567871	25.02630996704101	1.4602349256165326E-4	-0.36431217193603516	0.009557766649774969	1.0	104.54654205139444	255,0,255	NA	""
1050	Hatmehit_Bo_77	2.291550557238287	-0.10486029808680353	0.5194015354841824	12.757935432814989	357.37999920220693	2.352015644836846	22.80855369567871	25.02630996704101	1.4602349256165326E-4	-0.36431217193603516	0.007605049406419726	1.0	75.74315813973685	255,0,255	NA	""
1051	Hatmehit_Bo_78	2.296157479286194	-0.0920674242079258	0.5322774052619934	13.041221729277039	357.7038810826898	2.35884183794392	26.97822380065918	36.079063415527344	1.454387529520318E-4	-0.3627192974090576	0.007832186842990932	1.0	61.67384953466499	255,0,255	NA	""
1052	Hatmehit_Bo_79	2.2930401186457416	-0.10518812973305719	0.5350221856802125	13.120217069208387	357.37352446599334	2.3569782068414735	27.940484875244977	37.1912709375297	1.454387529520318E-4	-0.3627192974090576	0.008847981944473773	1.0	62.74550551927647	255,0,255	NA	""
1053	Hatmehit_Bo_80	2.292761005163695	-0.12067201878456824	0.5435690613242206	13.319689999905913	356.9872028531047	2.35940290907375	29.870985031127915	28.99785804748534	1.4623203605879098E-4	-0.3637261986732483	0.006592052838189796	1.0	46.74289985528801	255,0,255	NA	""
1054	Hatmehit_Bo_81	2.309438943862915	-0.07293621823191643	0.5576543509960175	13.568691922060431	358.1910979072987	2.3769321198859297	29.21189228236794	48.3293366582321	1.4462211402133107E-4	-0.36111345887184143	0.012017257991097645	1.0	44.00779000668606	255,0,255	NA	""
1055	Hatmehit_Bo_82	2.307068109512329	-0.09625259786844254	0.5585759878158569	13.598873157706219	357.61096294640555	2.3756756846610347	28.96047973632811	38.37020874023435	1.4553724031429738E-4	-0.36238232254981995	0.011361118040852778	1.0	45.532445793239184	255,0,255	NA	""
1056	Hathemit_Bo_83	2.297566771507263	-0.07816476374864578	0.4827660620212555	11.859729061876019	358.05151062193227	2.3490393505570957	19.844612813180266	18.54372431872953	1.4622184971813112E-4	-0.36564019322395325	0.007761699611448149	1.0	42.44555579667959	255,0,255	NA	""
1057	Hathemit_Bo_84	2.298364996910095	-0.07422086223959923	0.49516914784908295	12.152051842889659	358.1503961031857	2.3522718551210695	22.504619598388665	24.96064758300781	1.4571011706721038E-4	-0.36432957649230957	0.007631819271627172	1.0	81.06822448694177	255,0,255	NA	""
1058	Hathemit_Bo_85	2.2996957302093506	-0.06799668073654175	0.503578782081604	12.34622864306297	358.3063898250518	2.355167847499854	28.223400115966786	36.78309631347655	1.4571011706721038E-4	-0.36432957649230957	0.00475407876243202	1.0	94.71600003384117	255,0,255	NA	""
1059	Hathemit_Bo_86	2.2700766816760996	-0.17869331877601205	0.4964512779795515	12.29912145301828	355.49913687083915	2.3305886196993857	15.693975030152524	4.7666085170137	1.4825411199126393E-4	-0.3676237463951111	0.009124791459191272	1.0	-78.1721737725771	255,0,255	NA	""
1060	Hathemit_Bo_87	2.2688155743942797	-0.182715998467641	0.5052482707155257	12.515246794400902	355.3956986032029	2.3315627938726204	20.760624355177743	11.087356989086354	1.476647739764303E-4	-0.36646249890327454	0.006939000922584338	1.0	85.00687029999436	255,0,255	NA	""
1061	Hathemit_Bo_88	2.268953761366187	-0.1836136038771386	0.5137841109360443	12.71872386282183	355.3734581761395	2.3336321988258693	19.686325073242173	12.052458763122557	1.4778996410313994E-4	-0.36618536710739136	0.007769244848667861	1.0	134.00455645702522	255,0,255	NA	""
1062	Hatmehit_BP_03	2.2754662009983977	-0.16231241500113064	0.5224910271826024	12.900370425782215	355.91991686695366	2.3403180607421525	20.954358783270603	10.91331476138661	1.476647739764303E-4	-0.36646249890327454	0.008037452611755319	1.0	121.00693585611377	0,102,204	NA	""
1063	Hathemit_Bo_90	2.2714062155675223	-0.17433471231470948	0.5182695608150667	12.816763574861115	355.6110455577306	2.3362966690264466	19.686325073242184	12.052458763122557	1.4778996410313994E-4	-0.36618536710739136	0.002704691622698592	1.0	121.32874418291061	255,0,255	NA	""
1064	Hathemit_Bo_91	2.271437175595831	-0.16958659182784705	0.5069523039110748	12.547590223749962	355.73019136155943	2.333492466936051	21.76392936706543	10.186033248901367	1.476647739764303E-4	-0.36646249890327454	0.003302482251733265	1.0	143.76689088091393	255,0,255	NA	""
1065	Hathemit_Bo_92	2.2965443154157805	-0.08259337958992487	0.4549423988213303	11.198090137727407	357.94029083289115	2.342628874846788	19.737436294555664	17.791168212890632	1.4581136929336935E-4	-0.3653724491596222	0.010084896722330783	1.0	103.38739794790624	255,0,255	NA	""
1066	Hathemit_Bo_93	2.300864300981212	-0.07303173751859739	0.443266220705093	10.89919486817205	358.1819849500804	2.344311222647907	20.0637598450751	17.792253755449483	1.4616064436268061E-4	-0.36651381850242615	0.01391628059799006	0.9965519274033381	176.99786607568637	255,0,255	NA	""
1067	Hathemit_Bo_94	2.3038729491909287	-0.07524018816307101	0.4194212218149022	10.312351019736417	358.12949164797953	2.3429481029756563	20.991649665635336	14.905657653883887	1.4564133016392589E-4	-0.3661404252052307	0.020030524071324416	0.4192786868742399	103.0357866317928	255,0,255	NA	""
1068	Hathemit_Bo_95	2.3454385307261436	-0.017994522941804536	0.3336866817733022	8.096923864640091	359.56042762275325	2.369124839653578	24.994044165157298	29.795740010423273	1.4314419240690768E-4	-0.3659668266773224	0.01050429715400638	1.0	82.65257830301273	255,0,255	NA	""
1069	Hathemit_Bo_96	2.376959443092346	0.07727596908807755	0.3789169192314148	9.052746332511413	1.8620544863588748	2.4082121586737757	34.424594879150405	72.58570098876956	1.380929461447522E-4	-0.35794302821159363	0.012570667940104654	1.0	47.82466678837216	255,0,255	NA	""
1070	Hathemit_Bo_97	2.384556770324707	0.09423021599650383	0.37219758331775665	8.86471639748694	2.2629723272621205	2.415268383748631	36.803124182774226	88.65963095071372	1.380929461447522E-4	-0.35794302821159363	0.015874832501889122	0.7288895747537518	34.47733382723365	255,0,255	NA	""
1071	Hathemit_Bo_98	2.386504716315254	0.09507145153735512	0.39493549277946116	9.38923156898149	2.281291996673818	2.420829895996273	40.22239374181681	94.61289345728093	1.365685893688351E-4	-0.3559885025024414	0.009226661898957213	1.0	46.80408111486742	255,0,255	NA	""
1072	Hatmehit_Bo_99	2.2765225608987687	-0.4556954242721234	0.06059720386156492	1.495111740527846	348.68060772293313	2.3224739634922664	8.21204471588135	-41.73115921020508	1.4779703633394092E-4	-0.3741343319416046	0.004632609514781036	1.0	18.489151565890662	255,0,255	NA	""
1073	Hatmehit_Bo_101	2.275843752267807	-0.4665177729734734	0.07032812418214614	1.7339584031021706	348.41560332684554	2.3242309829893246	8.212044715881344	-41.73115921020509	1.4779703633394092E-4	-0.3741343319416046	0.005798627672589403	1.0	86.96538505150342	255,0,255	NA	""
1074	Hatmehit_BP_01	2.423970202031201	0.12494194507256333	-0.02963625944184678	-0.6995536173737287	2.9506618833028373	2.4273690155902132	53.44123840332032	139.58387756347662	1.3183994451537728E-4	-0.3557041585445404	0.00775250409359123	0.8160709538109172	-167.98207510276876	0,102,204	NA	""
1075	Hatmehit_BP_02	2.410314648580332	0.07394112169320469	-0.08120216885564338	-1.9286267916169055	1.7571091797435399	2.4128153238209173	51.796500019981295	119.10541163075526	1.329123042523861E-4	-0.35584190487861633	0.008854891833043447	0.8767961217578504	-146.64178839299228	0,102,204	NA	""
1076	Hatmehit_Bo_102	2.3949074290395678	-0.11239669700153508	-0.2035965627277279	-4.853845022218267	357.3129923717812	2.4061725149124937	31.00355370228833	121.2730343707334	1.3535155449062586E-4	-0.35626375675201416	0.006691184837382031	1.0	-164.8628384219893	255,0,255	NA	""
1077	Hatmehit_BP_04	2.400832349510875	0.0768747987701785	9.925723391001479E-4	0.023675568601187417	1.8339877516816545	2.4020630071552476	30.880168914794922	73.97660064697264	1.350880484096706E-4	-0.35901740193367004	0.0028048490098995836	1.0	-147.71508087128754	0,102,204	NA	""
1078	Hatmehit_BP_05	2.3071281892555406	-0.1449692266365919	0.6169478733357924	14.94299404866492	356.4045261696804	2.392588814807659	38.25170876966155	72.02054089581041	1.4475829084403813E-4	-0.3576489984989166	0.014459157896450235	0.9093543047813838	159.0152330470612	0,102,204	NA	""
1079	Hatmehit_BP_06	2.3026893325726934	-0.14165595642919826	0.5838224435184908	14.201189753097204	356.4797365221353	2.3797674713912382	43.78049850463865	49.08823013305663	1.4521600678563118E-4	-0.3608382046222687	0.004296507138641759	1.0	-131.5788591449369	0,102,204	NA	""
1080	Hatmehit_BP_07	2.3946401609784145	0.054838625302006644	-0.01468659688171494	-0.3513049366207807	1.3118767257086366	2.395313021616112	32.91302476954375	69.61762560948091	1.3661100820172578E-4	-0.36063048243522644	0.0018639199968366845	1.0	-40.7763097145635	0,102,204	NA	""
1081	Hatmehit_BP_08	2.4185203220615232	-0.2886491931961603	-0.20953398409807603	-4.916863451073713	353.19397118509124	2.4446806326081494	40.271283192992534	108.8855614367685	1.3424109783954918E-4	-0.3546583652496338	0.00827998679357662	0.6550320976809515	-25.19672110433573	0,102,204	NA	""
1082	Hatmehit_BP_09	2.3585597032937735	-0.3152310300524026	-0.18617578069556356	-4.473735930198364	352.38730328374953	2.386804536954527	49.902084350585916	91.77929687499996	1.3816489081364125E-4	-0.36265116930007935	0.0019299972383618334	0.8517159476446512	-10.525528822794609	0,102,204	NA	""
1083	Hatmehit_BP_10	2.2773674896230323	-0.7277741820405221	0.02217859136003453	0.5314908878292487	342.2777745010617	2.390930746121974	19.136102676391598	26.52677345275878	1.435600861441344E-4	-0.36415842175483704	0.00227290826398351	1.0	-39.573419372762835	0,102,204	NA	""
1084	Hatmehit_BP_11	2.2639241335203555	-0.6812555376569545	0.10602456866044487	2.5677531416084864	343.25251300191115	2.3665804019901353	20.866590499877937	-2.841989755630495	1.466211542719975E-4	-0.3683832883834839	0.005696920770441651	0.3097971950142873	44.81758740147594	0,102,204	NA	""
1085	Hatmehit_Bo_103	2.285288717088072	-0.12538217451866907	0.46048267833566875	11.375812917676404	356.8596203330215	2.334589794200314	15.764344215393066	7.701022624969481	1.470432325731963E-4	-0.36683422327041626	0.009021645034711038	0.8866266632925801	-134.88143395509812	255,0,255	NA	""
1086	Hatmehit_Bo_104	2.288719727683257	-0.11014994960195397	0.47100304771046975	11.615657166561668	357.24463366265866	2.3392765707022303	16.654580977658068	10.146358416714016	1.470432325731963E-4	-0.36683422327041626	0.004919414453413467	1.0	147.37793598299172	255,0,255	NA	""
1087	Hatmehit_Bo_105	2.2859291510203534	-0.12040181165156037	0.4847535718927962	11.95666694338022	356.9849691447374	2.339862112432362	15.820245742797848	7.522302150726316	1.4733089483343065E-4	-0.3668583333492279	0.004209081397704934	0.8680419186781044	-101.6159398903901	255,0,255	NA	""
1088	Hatmehit_Bo_106	2.269043445587158	-0.1876419484615326	0.489067479968071	12.123245014554636	355.2725965072775	2.3287238262075656	12.51481596036072	0.4054736206168345	1.4885149721521884E-4	-0.3682565689086914	0.010829620324270284	0.7542376924057888	159.11022828050653	255,0,255	NA	""
1089	Hatmehit_Bo_107	2.2811371088027954	-0.1443548947572708	0.513744592666626	12.667548396313332	356.3790374413349	2.3427245572819175	23.437700271606438	17.482721328735344	1.4692962577100843E-4	-0.3653978705406189	0.006973759642250033	0.7041051584022463	-146.8624571251656	255,0,255	NA	""
1090	Hatmehit_Bo_108	2.2756580678931453	-0.15641962717668478	0.5113940960377688	12.636454290229544	356.06790224070704	2.3376506717633285	21.763929367065437	10.186033248901369	1.476647739764303E-4	-0.36646249890327454	0.005643526333280053	0.9832357971008688	-99.05447135667701	255,0,255	NA	""
1091	Hatmehit_Bo_109	2.285808801651001	-0.1263604536652565	0.5141813158988953	12.658682317320649	356.8358861434743	2.346331448788767	22.827200731318488	16.617086628561125	1.4692962577100843E-4	-0.3653978705406189	0.005654400133458916	1.0	-171.2649432754377	255,0,255	NA	""
1092	Hatmehit_Bo_110	2.30872778776141	-0.04215215934035212	0.44385493495214184	10.880617614812428	358.9540245777348	2.351384274379694	18.788787568760338	26.53351807035332	1.4480491518042982E-4	-0.3646574914455414	0.007731393487493289	1.0	-176.87465146761755	255,0,255	NA	""
1093	Hatmehit_Bo_111	2.3096338278396678	-0.0459223044972714	0.43622053745118966	10.69340091957877	358.86094169649954	2.350915913861204	19.018566131591797	22.85217094421387	1.4480491518042982E-4	-0.3646574914455414	0.009328607691933645	0.510945218289923	-102.27379152684304	255,0,255	NA	""
1094	Hatmehit_Bo_112	2.306822257967515	-0.05428526854311859	0.4417180792330507	10.837044631800303	358.6519365263113	2.349359632273543	18.90481302811405	24.67464148026813	1.4480491518042982E-4	-0.3646574914455414	0.008540674310454808	1.0	136.41676911196186	255,0,255	NA	""
1095	Hatmehit_Bo_113	2.297796130180359	-0.0957612581551075	0.4278603196144104	10.538997878574001	357.6135642870542	2.3392523864550885	21.114988327026357	9.93972301483154	1.4616064436268061E-4	-0.36651381850242615	0.005831282174399603	1.0	124.13816897983378	255,0,255	NA	""
1096	Hatmehit_Bo_114	2.2950133299104447	-0.11139506642303566	0.41775893320206237	10.304666325628423	357.22116558119563	2.3353838167547845	13.171826098113295	3.4712588275174765	1.4703304623253644E-4	-0.36763325333595276	0.010837492329284413	0.5698656945792968	-31.966892137757448	255,0,255	NA	""
1097	Hatmehit_Bo_115	2.298913263162568	-0.07023111196038609	0.46289426269553413	11.379310693490966	358.2501753144385	2.346104366618928	19.198749440774005	22.098079630734542	1.4581136929336935E-4	-0.3653724491596222	0.007581399328034947	0.7308055523722982	99.44496676509296	255,0,255	NA	""
1098	Hatmehit_Bo_116	2.3029649762514013	-0.051405094973733835	0.4831352555449759	11.845297820633718	358.721297974368	2.3536588199610375	23.39277378986589	32.825822977014546	1.4493234630208462E-4	-0.3639446794986725	0.007061909291391225	1.0	177.44978965632615	255,0,255	NA	""
1099	Hatmehit_Bo_117	2.30501225878699	-0.04698213262172893	0.46031368468531997	11.291184355973497	358.8323249848338	2.3509950068540264	18.558172225952152	30.228271484375007	1.4493234630208462E-4	-0.3639446794986725	0.005088473294104336	1.0	-43.18185047379117	255,0,255	NA	""
1100	Hatmehit_Bo_118	2.3267949767522	-0.0038973897124476476	0.42073831705321296	10.249634069556416	359.9040294589615	2.3645318320806368	24.024837493896495	44.787193298339844	1.4311194536276162E-4	-0.36238405108451843	0.009409576548270722	0.5760420019207197	176.96529093653305	255,0,255	NA	""
1101	Hatmehit_Bo_119	2.318709437295221	-0.04028287860093395	0.41084724798062205	10.046347314062288	359.0047020419558	2.3551712519652472	24.345449447631836	26.978069305419915	1.441316562704742E-4	-0.36407819390296936	0.00619858241541869	0.4583349870833389	160.3744847995748	255,0,255	NA	""
1102	Hatmehit_Bo_120	2.317022700327176	-0.043167214154320246	0.41375627694914735	10.123004607719768	358.93267636626797	2.354071336838394	24.345449447631836	26.97806930541991	1.441316562704742E-4	-0.36407819390296936	0.004513021946224511	0.9684362234952074	-83.1379858067594	255,0,255	NA	""
1103	Hatmehit_Bo_121	2.3183168172836304	-0.07931459322571754	0.24958138167858124	6.141020089995921	358.04055268466107	2.3330611942422883	16.572519302368157	-13.575097084045417	1.4468721929006279E-4	-0.3699307441711426	0.006454284269255712	1.0	179.30692033019284	255,0,255	NA	""
1104	Hatmehit_Bo_122	2.3166202563143723	-0.08360984095068436	0.24124848717907094	5.941404595085934	357.9330178864099	2.330648160927783	15.410191370739069	-18.09784764422572	1.4514164649881423E-4	-0.3707008957862854	0.005513822910742986	1.0	146.82808107663564	255,0,255	NA	""
1105	Hatmehit_Bo_123	2.3049552623108034	-0.12780113578067237	0.23513595540410268	5.815906677877685	356.826413145434	2.320439787860244	14.915859359534968	-23.98786576347718	1.4596187975257635E-4	-0.3714289367198944	0.006898557020939237	1.0	101.27581387033935	255,0,255	NA	""
1106	Hatmehit_BP_13	2.4216044371793686	0.18260855766927026	0.2827622012034224	6.6413797091680395	4.312403486884112	2.4448861727962434	43.84741210937501	133.79365539550784	1.3245730951894075E-4	-0.35451382398605347	0.004112024354263503	1.0	138.17696113405685	0,102,255	NA	""
1107	Hatmehit_Bo_124	2.3272318840026855	-0.10403197631239891	0.07261797785758972	1.785471931857559	357.44046664277647	2.330687509024382	20.063289075635954	-13.230867297385121	1.4466523134615272E-4	-0.3712504208087921	0.00705929104461358	1.0	-172.91219989819956	255,0,255	NA	""
1108	Hatmehit_Bo_125	2.309732590202199	-0.17478728361163973	0.07842869714825845	1.9392334067080728	355.67243296399914	2.3176639733341133	12.317927926790073	-29.79009897980482	1.453467848477885E-4	-0.3721839487552643	0.005403820974529858	1.0	157.62772588994824	255,0,255	NA	""
1109	Hatmehit_Bo_126	2.326782703399658	-0.11190655827522278	0.06432062573730946	1.5816304752522834	357.246482629662	2.3303600514770384	18.03089648952706	-16.657353187164617	1.442176871933043E-4	-0.37068212032318115	0.011924286906004129	0.46492594449308283	-173.07602933096828	255,0,255	NA	""
1110	Hatmehit_Bo_127	2.32591712474823	-0.12707186490297318	0.03547443263232708	0.8724953372686931	356.87286760552865	2.329655804065823	19.636743545532227	-19.3336296081543	1.439904881408438E-4	-0.37075045704841614	0.005528408884954037	1.0	-164.53941678970617	255,0,255	NA	""
1111	Hatmehit_Bo_128	2.341638684272766	-0.010511160595342517	0.12421304732561111	3.0363983925472238	359.742812117413	2.344954390453185	23.830570220947283	3.373672008514405	1.4130673662293702E-4	-0.36748987436294556	0.008118618511118598	0.9132782410817455	-139.07557504468838	255,0,255	NA	""
1112	Hatmehit_Bo_129	2.340444248255623	-0.006960737682605356	0.13940057011893156	3.408585471134076	359.82959657513146	2.344602365010194	23.830570220947283	3.373672008514405	1.4130673662293702E-4	-0.36748987436294556	0.00792219050579914	0.6833581795684495	-143.73742377880077	255,0,255	NA	""
1113	Hatmehit_Bo_130	2.343612551689148	-0.001595035195350647	0.13184133172035217	3.219814032490847	359.9610051709733	2.3473185709063844	24.574626779884042	12.135730225483988	1.4130673662293702E-4	-0.36748987436294556	0.007517757527996524	1.0	50.408064509204955	255,0,255	NA	""
1114	Hatmehit_Bo_131	2.340978728325044	-0.031431082163983576	0.0958170420565465	2.3436161344813056	359.2307661196609	2.343149637762131	26.58052444458008	5.922414779663087	1.413006248185411E-4	-0.36712977290153503	0.007361645194785081	1.0	178.3851531298434	255,0,255	NA	""
1115	Hatmehit_Bo_132	2.318578977389486	-0.0768257949286817	0.17644522660009965	4.349476693267982	358.1022065788506	2.326551868140674	15.221814155578613	-21.41118240356446	1.44642181112431E-4	-0.37106356024742126	0.007321853803015427	0.7671891385891668	-110.55705365447332	255,0,255	NA	""
1116	Hatmehit_Bo_133	2.3273718512326536	-0.05132006100316106	0.15457800862856957	3.798935628093394	358.73679555667	2.333064046125406	17.08524322509766	-14.850526809692374	1.4363853551913053E-4	-0.3700997233390808	0.006281803053473746	0.9615141724062451	164.24317422103454	255,0,255	NA	""
1117	Hatmehit_Bo_134	2.3321671853054204	-0.028819163075062527	0.1555243581103403	3.814922890093256	359.2920180064063	2.3375247913854063	22.194246292114265	-2.123026371002198	1.4320481568574905E-4	-0.36945515871047974	0.00533365091205267	1.0	-95.73621604152024	255,0,255	NA	""
1118	Hatmehit_Bo_135	2.325306415484676	-0.04195194092642081	0.2053211172185192	5.045228901390109	358.96641216889304	2.3347305310072826	16.27183151245116	-8.850769042968746	1.4322239439934492E-4	-0.36923423409461975	0.007149130844968594	1.0	-99.82261175676375	255,0,255	NA	""
1119	Hatmehit_Bo_136	2.329773506006678	-0.026553399682799652	0.18576646874045524	4.558587634561778	359.34700439434323	2.33731873163111	21.87851142883301	-0.5716150403022765	1.4322239439934492E-4	-0.36923423409461975	0.005700939773915857	1.0	157.83154129059508	255,0,255	NA	""
1120	Hatmehit_Bo_137	2.2769708884293167	-0.19404698559719513	0.5711999635714377	14.033738762467776	355.12893456269074	2.3555296766880183	36.08930587768555	27.79100036621093	1.4686159556731582E-4	-0.36388516426086426	0.005854895113155485	1.0	36.69785923094636	255,0,255	NA	""
1121	Hatmehit_Bo_138	2.288915817889469	-0.11192751442763882	0.5068874901517573	12.472371023804575	357.20047809857266	2.3470403314691706	22.49778659466593	19.675131873884673	1.467753027100116E-4	-0.36564260721206665	0.009790042211541011	1.0	127.14378667149033	255,0,255	NA	""
1122	Hatmehit_Bo_139	2.2998145818710327	-0.12425215169787407	0.5604957342147827	13.677543503864769	356.9074857895089	2.370388401984188	30.758676446934523	32.73704952784354	1.4623203605879098E-4	-0.3637261986732483	0.011593863324954538	1.0	94.23858809514023	255,0,255	NA	""
1123	Hatmehit_Bo_140	2.2866290807724	-0.1409659907221794	0.5292297303676605	13.007541036072627	356.47229721804575	2.351303483406458	24.298644858662165	19.023752854277802	1.4692962577100843E-4	-0.3653978705406189	0.006377663444482763	1.0	-6.7955338478429015	255,0,255	NA	""
1124	Hatmehit_Bo_141	2.2683369195712277	-0.21518607166933074	0.45708668330543434	11.343356029034913	354.5808460910787	2.323916018746273	9.143319129943848	-6.771560192108154	1.4913393533788621E-4	-0.3689764738082886	0.008204584478142282	0.9166277541194396	109.89618444972847	255,0,255	NA	""
1125	Hatmehit_Bo_142	2.3144522034970656	-0.10081286742058138	0.5730903091738911	13.894830753785198	357.50588802772364	2.386479570199378	43.858989715576165	54.06531143188477	1.4457383076660335E-4	-0.36015015840530396	0.008485863157465747	0.626647223514281	52.14611186394596	255,0,255	NA	""
1126	Hatmehit_Bo_143	2.3312343650692986	0.015527245449175626	0.4355363861568727	10.582143854146288	0.3816143454807048	2.3716211130570337	27.444946289062493	57.66332244873047	1.4311194536276162E-4	-0.36238405108451843	0.008900058210274588	1.0	-12.045201963533419	255,0,255	NA	""
1127	Hatmehit_Bo_144	2.301901845532543	-0.14660029459432972	0.28379136446495884	7.014211308591645	356.3559482141195	2.323958108784699	12.779812812805178	-26.40640258789062	1.471122377552092E-4	-0.3718512952327728	0.008637469061490323	1.0	51.766563720376496	255,0,255	NA	""
1128	Hatmehit_Bo_145	2.30230091064287	-0.13966231231540466	0.27872255115064287	6.890240584337758	356.5285740559192	2.323312571555579	13.382255971107115	-25.609862100632576	1.471122377552092E-4	-0.3718512952327728	0.0072376764798353765	1.0	12.389469968690287	255,0,255	NA	""
1129	Hatmehit_Bo_146	2.3021458261171333	-0.13957689024359154	0.2517464633233124	6.229318105113676	356.5304589671117	2.320071851213752	12.223784289122797	-28.553026675419588	1.470802235417068E-4	-0.37253352999687195	0.007159698148326799	0.9699714520809452	148.49510348255822	255,0,255	NA	""
1130	Hatmehit_Bo_147	2.297103725898157	-0.1820091303969046	0.1928900287666362	4.784994949527392	355.46968059740914	2.312362301690768	10.607318578565737	-36.45005841566065	1.4693866251036525E-4	-0.3731476664543152	0.012126530852843131	1.0	103.26113657914107	255,0,255	NA	""
1131	Hatmehit_Bo_148	2.3652714490890503	0.04943923279643059	0.3079659640789032	7.416760126736504	1.1974299870397183	2.38574858286584	29.41978454589843	38.8196678161621	1.3979460345581174E-4	-0.3625398278236389	0.008001197030310476	1.0	54.33125682392333	255,0,255	NA	""
1132	Hatmehit_Bo_149	2.363761487475165	0.05973055453944521	0.2768793352385645	6.6787872854580055	1.4475151393481607	2.380671811715874	26.81227724758156	38.380515226639815	1.3967491395305842E-4	-0.36369001865386963	0.006894308790732514	1.0	17.298895693666832	255,0,255	NA	""
1133	Hatmehit_Bo_150	2.3587868636381613	0.03560109909182942	0.30234592509033653	7.303439589895916	0.8646978198297655	2.3783515225355627	29.419784545898445	38.81966781616211	1.3979460345581174E-4	-0.3625398278236389	0.014829683507704406	0.6103028311461279	93.91776956995461	255,0,255	NA	""
1134	Hatmehit_Bo_151	2.2404079871686906	-0.6728184110945054	0.2923968647579566	7.124775834942828	343.2844271099056	2.3574580568479435	2.4236407279968257	2.1742653846740723	1.4888749865349382E-4	-0.367642879486084	0.010479934801590388	1.0	-1.1051337122498202	255,0,255	NA	""
1135	Hatmehit_Bo_152	2.2470790998135612	-0.630919900941493	0.30579350515312453	7.4642910449707065	344.31667404085465	2.353918874986303	16.333630234016237	-3.3261797915221347	1.4905801799613982E-4	-0.3682769536972046	0.010977583125705388	0.6951959726486696	25.033634682762766	255,0,255	NA	""
1136	Hatmehit_Bo_153	2.2367693185806274	-0.6300249695777893	0.33491790294647217	8.201268711511094	344.26920307181564	2.3478156760165825	13.060526943238306	-2.1335032270793186	1.494159660069272E-4	-0.3685566484928131	0.006700889877508646	1.0	80.56991249307546	255,0,255	NA	""
1137	Hatmehit_Bo_154	2.239153147076366	-0.6284914764163909	0.32897582293739613	8.051263181016816	344.32148964963557	2.348836615021868	16.416772842407223	-3.948996782302856	1.494159660069272E-4	-0.3685566484928131	0.005279122985197941	0.8960314931088339	154.29838853274774	255,0,255	NA	""
1138	Hatmehit_Bo_155	2.2315819893147792	-0.6545197446709382	0.32561799581895234	7.970476282215855	343.65366391476414	2.3482719924232303	9.133389472961422	-0.009197385981678958	1.4947251474950463E-4	-0.36796796321868896	0.006813931108468829	0.5098544994179035	130.59704416904938	255,0,255	NA	""
1139	Hatmehit_Bo_156	2.221321241653215	-0.6046516892580832	0.37443018068584877	9.23792693553389	344.772810815044	2.3323956963068833	13.820681571960444	-9.300527572631834	1.503114472143352E-4	-0.36936458945274353	0.00838657630583395	0.7464275661208458	92.32807920606616	255,0,255	NA	""
1140	Hatmehit_Bo_157	2.2303888004771046	-0.5964770097490033	0.3494999573457729	8.608038197062175	345.0276593478801	2.3350737128916306	21.850086212158207	-13.200512886047367	1.5023571904748678E-4	-0.3699497878551483	0.0053757696167625124	1.0	-2.750939443974741	255,0,255	NA	""
1141	Hatmehit_Bo_158	2.2543387413024902	-0.6468898952007294	0.22791116684675217	5.550412492131597	343.9889941483746	2.356364402426661	23.535831451416023	-3.2303094863891615	1.4807487605139613E-4	-0.36844491958618164	0.009215669432882503	0.8633595081257016	62.873396922007665	255,0,255	NA	""
1142	Hatmehit_Bo_159	2.240268748577667	-0.7091944495486273	0.25233161787903796	6.129069029775021	342.4339478484909	2.363351873612091	5.743119716644285	5.295152664184569	1.4854146866127849E-4	-0.3671800494194031	0.0038709324682561627	1.0	78.67818943265169	255,0,255	NA	""
1143	Hatmehit_Bo_160	2.231552468827667	-0.7365336384157134	0.1990478299261924	4.841549223591079	341.7343009928923	2.358374071314191	4.745694251060184	-3.011205288669436	1.484584790887311E-4	-0.36831265687942505	0.006158557340434211	1.0	32.631774927739485	255,0,255	NA	""
1144	Hatmehit_Bo_161	2.2438228768559285	-0.70246964633258	0.17298513746466224	4.207824262168315	342.61631976569663	2.35756835839479	4.27119541168213	-3.0069079399108896	1.4805483806412667E-4	-0.3684117794036865	0.01796721174325511	0.6006165495703448	96.8223709861694	255,0,255	NA	""
1145	Hatmehit_Bo_162	2.242198346359654	-0.707209551556987	0.21265808687664234	5.168399537896249	342.49425623380955	2.360682578439006	12.314491271972653	0.9402322173118594	1.4817873307038099E-4	-0.36782726645469666	0.005441355505588396	0.5009461136162446	68.52440448360072	255,0,255	NA	""
1146	Hatmehit_Bo_163	2.2410104054258593	-0.6370517148740451	0.31960206373958094	7.81108761850547	344.13114673985916	2.3516181670920844	16.416772842407227	-3.9489967823028573	1.494159660069272E-4	-0.3685566484928131	0.005810476354404213	0.6792103516337489	-48.35210805089323	255,0,255	NA	""
1147	Hatmehit_Bo_164	2.263606309890747	-0.6500455439090729	0.14481491595506668	3.5186901302611764	343.9773885644867	2.3595431963022673	19.77236898462278	-12.287293846254304	1.4741388440597802E-4	-0.37037187814712524	0.014876640291845634	0.5288606930627426	106.39983432095309	255,0,255	NA	""
1148	Hatmehit_Bo_165	2.284265875816345	-0.3930967003107071	0.02495700679719448	0.6168994094283514	350.2356740443255	2.3179772344443883	15.286589622497555	-39.39505004882813	1.4680478489026427E-4	-0.3737499713897705	0.008101528399465164	0.9318104189425536	66.265097751833	255,0,255	NA	""
1149	Hatmehit_Bo_166	2.2888269183931014	-0.3245649248715536	0.04932702556982366	1.2223780712868164	351.92903741137985	2.3122508964792954	8.243300033308218	-45.968540231051584	1.4755626034457237E-4	-0.37482544779777527	0.0061722733204499225	1.0	19.554542161544106	255,0,255	NA	""
1150	Hatmehit_Bo_167	2.2995492140270803	-0.22881995297291935	0.05334697724730622	1.3224312269342644	354.31740721638363	2.311521373163683	11.41766125180092	-38.353385249289445	1.4639701112173498E-4	-0.3737066388130188	0.017160858944262072	0.14726876829305724	136.95659425218443	255,0,255	NA	""
1151	Hatmehit_Bo_168	2.3030455068585347	-0.2195717418630906	0.04125047045031559	1.0214994144864349	354.5538970004316	2.3138565119294774	13.361497879028322	-35.74190139770508	1.4582158473785967E-4	-0.37317854166030884	0.015016782345127126	0.28610579788800683	99.53945913179426	255,0,255	NA	""
1152	Hatmehit_Bo_169	2.3015706566965375	-0.2042498964040501	0.08619018688613769	2.136246688282959	354.92864573057665	2.3122227955504338	11.23083377667678	-38.239255349174066	1.4672506949864328E-4	-0.3736197054386139	0.006550367354242537	1.0	-0.5546905641113913	255,0,255	NA	""
1153	Hatmehit_Bo_170	2.3146572617614014	-0.16212991176237923	0.04764668590209781	1.1763723969972	355.9932676387121	2.320817647810857	11.389715717447892	-30.33015564739653	1.4558043039869517E-4	-0.372618168592453	0.005697776390019856	0.9583243480280371	99.4520347281522	255,0,255	NA	""
1154	Hatmehit_Bo_171	2.3163802739197528	-0.1853611693529948	-0.0024268991773943767	-0.05983816688337807	355.4248314843232	2.3237861834403084	21.62915802001953	-22.597829818725582	1.4431080489885062E-4	-0.3712277114391327	0.0074933165610357915	1.0	43.8868469235639	255,0,255	NA	""
1155	Hatmehit_Bo_172	2.3177004676456323	-0.15096765540970358	0.05088534240755424	1.2550735852100336	356.2731994445182	2.3231693887395775	16.51123739548293	-23.54900561558106	1.453467848477885E-4	-0.3721839487552643	0.005442077529063746	1.0	-4.173481899618504	255,0,255	NA	""
1156	Hatmehit_Bo_173	2.3181738159785747	-0.08400902163237697	0.29624886138633594	7.277861028464586	357.92454866999714	2.338536025952347	23.233148795952932	-4.01852215009179	1.4501552504952997E-4	-0.3690973222255707	0.008873491512634321	1.0	27.722702891596438	255,0,255	NA	""
1157	Hatmehit_Bo_174	2.316137476665088	-0.08477614496505514	0.25438311086726606	6.263555832681246	357.90377387774237	2.331606864945754	16.572519302368168	-13.575097084045414	1.4468721929006279E-4	-0.3699307441711426	0.009588532335981781	1.0	122.61363949794129	255,0,255	NA	""
1158	Hatmehit_BP_13	2.308832854525144	-0.11060959065914033	0.2495843219659708	6.162689954923517	357.2572198057386	2.3249163351509496	14.98483958312334	-24.058136417795936	1.463421795051545E-4	-0.3715660274028778	0.005176359997856026	0.8481721414053712	82.00297217192279	0,102,255	NA	""
1159	default	2.3084520792074783	-0.1147456849472013	0.256268722410259	6.326904068187824	357.15435425002846	2.325465809745892	15.512761116027821	-24.59593391418456	1.463421795051545E-4	-0.3715660274028778	0.00386898306667583	1.0	28.893163659909572	255,0,255	NA	""
1160	Hatmehit_Bo_175	2.3123673591592806	-0.09707684747280984	0.26973725546259264	6.647670184042844	357.5960439703074	2.330069721060942	19.897396336192628	-12.171375216556022	1.4592090155929327E-4	-0.37055209279060364	0.005380463292088228	1.0	152.77993837010808	255,0,255	NA	""
1161	Hatmehit_Bo_176	2.310035245255591	-0.10458156024516171	0.25532358346900963	6.300785648445327	357.4078346946994	2.326454441707773	15.10011193724446	-24.175565201403398	1.463421795051545E-4	-0.3715660274028778	0.00474123652719777	0.8216260096494368	104.61936962209334	255,0,255	NA	""
1162	Hatmehit_Bo_177	2.307042850497444	-0.13716731100273513	0.3175067125151256	7.822461461988039	356.59743340330897	2.33282491793346	17.969414702497065	-15.43981289131508	1.471993455197662E-4	-0.37071964144706726	0.008858770125911374	1.0	37.053086360598826	255,0,255	NA	""
1163	Hatmehit_Bo_178	2.3151887857844677	-0.0984832797952227	0.15830627470618092	3.9081167434487787	357.5642260425209	2.3226835657989944	11.219426155090328	-24.957933425903317	1.4504276623483747E-4	-0.37158656120300293	0.004597866400237872	1.0	2.846645019622284	255,0,255	NA	""
1164	Hatmehit_Bo_179	2.317995425942142	-0.12954864148148598	0.09294876879474906	2.292686190566068	356.801168531439	2.3234726421498593	18.44546508789063	-22.699377059936516	1.45534795592539E-4	-0.37217944860458374	0.009614849566339193	0.37633606150738785	90.073652524749	255,0,255	NA	""
1165	Hatmehit_Bo_1	2.2598388924350985	-0.6022739727122988	0.09696241342057034	2.3741020652103506	345.07686153154367	2.340727978126739	28.188074111938477	-21.985017776489258	1.46852558827959E-4	-0.3711951673030853	0.00689297738054205	1.0	57.6952291654412	255,0,255	NA	""
1166	Hatmehit_BP_15	2.2341876498593978	-0.38360795722299385	0.6152974545402972	15.185865041087768	350.2573657746369	2.3489019726657023	32.729863062120565	30.637424074013865	1.4967583410907537E-4	-0.36468809843063354	0.010762126705677756	0.5191433381410756	34.156504632142195	0,153,255	NA	""
1167	Hatmehit_BP_16	2.247980906211046	-0.26233054842872505	0.5674238952487499	14.07471689343652	353.34391261265415	2.3332820978672113	28.196196232333662	17.43326434867329	1.4864210970699787E-4	-0.365257203578949	0.0035664654405250526	1.0	22.745076800578772	0,102,255	NA	""
1168	Hatmehit_Bo_180	2.3184396028518677	-0.0646357499063015	0.3618727922439575	8.868019021919423	358.4030652965709	2.347401092698969	24.093886419404082	15.17321434681764	1.454242883482948E-4	-0.3671996593475342	0.013857510831165015	1.0	5.511051252807422	255,0,255	NA	""
1169	Hatmehit_Bo_181	2.3084227886559128	-0.06761960872936021	0.40875118185737125	10.037035403370492	358.3221398363378	2.3453071678013626	22.1846799773922	19.902539615529253	1.4591975195799023E-4	-0.36702194809913635	0.007756733894414557	0.9365950768341814	134.84932931718785	255,0,255	NA	""
1170	Hatmehit_Bo_182	2.317113260238365	-0.05398716972052153	0.3892975137617186	9.534636411971263	358.6652886251955	2.350208720409307	24.756116521942754	22.43391206869972	1.4434881450142711E-4	-0.3649095594882965	0.010541649396289916	0.9650917913818569	135.9016382354505	255,0,255	NA	""
1171	Hatmehit_Bo_183	2.3115803003311157	-0.06948273628950119	0.3944045305252075	9.678343843340299	358.2782907427857	2.3460149763417917	21.32065598825011	15.517371855302152	1.4527805615216494E-4	-0.36636900901794434	0.01076359081638758	1.0	131.53698412373768	255,0,255	NA	""
1172	Hatmehit_Bo_184	2.321832788743804	-0.06874769424547113	0.3423449074685194	8.383975612341487	358.304011273561	2.3479424567096037	23.002393722534187	9.131114006042479	1.4474208001047373E-4	-0.366644948720932	0.01171708046885757	0.36657764982633506	87.54407903956347	255,0,255	NA	""
1173	Hatmehit_Bo_185	2.3319642320323295	-0.022397627243533676	0.38428203155282065	9.357191215584612	359.4497128060018	2.363520999051761	24.1616096496582	38.46445846557618	1.4362079673446715E-4	-0.3641073405742645	0.005509712699930734	1.0	48.596484327739105	255,0,255	NA	""
1174	Hatmehit_Bo_186	2.3397076464381126	0.021712839574317633	0.42080182061519883	10.19534716027419	0.5316982057353354	2.377346733321923	26.14416559411031	60.884870437763716	1.4125510642770678E-4	-0.3598213493824005	0.006610413839036441	1.0	-24.412435551263922	255,0,255	NA	""
1175	Hatmehit_Bo_187	2.3313638361694466	-0.05619179272703896	0.3257020213841501	7.950724800414558	358.61929344264036	2.354675489510671	24.437613912564213	12.2740182695589	1.4447703142650425E-4	-0.36761927604675293	0.013662419759612989	0.895064161229082	-2.581877909165486	255,0,255	NA	""
1176	Hatmehit_Bo_188	2.338715592639219	-0.012388847420906707	0.2502429881894686	6.107336353967905	359.69649065793385	2.3520981399448933	22.763389069187337	6.30828905884583	1.4204448962118477E-4	-0.3674563467502594	0.005682062454860754	1.0	12.062183657361514	255,0,255	NA	""
1177	Hatmehit_Bo_189	2.3376871425941417	-0.019230944612414827	0.2540460799468189	6.202020062429162	359.5286678498078	2.3515293782168647	21.81057164339109	0.2091744616626215	1.4321526396088302E-4	-0.3684034049510956	0.006947976824300502	1.0	40.28834057418598	255,0,255	NA	""
1178	Hatmehit_Bo_190	2.3403024271157555	-0.009209161422227791	0.25617478197385346	6.246806585032318	359.77454052398485	2.3542994240192447	20.31488811985099	11.46943656159563	1.4204448962118477E-4	-0.3674563467502594	0.005913263532030759	1.0	81.61869039291025	255,0,255	NA	""
1179	Hatmehit_Bo_191	2.342073154879567	-0.0016308619056133386	0.2548321249504862	6.20970738186455	359.96010308693263	2.3558965882281133	19.932020187377937	10.648503303527836	1.4155004464555532E-4	-0.36645931005477905	0.008168360463627265	0.8415082425794446	65.87271835551516	255,0,255	NA	""
1180	Hatmehit_Bo_192	2.3408271730869323	-0.010935882959080491	0.26323340163189546	6.416066824420437	359.7323273637866	2.355606773536906	21.811202323904922	14.629719620184181	1.42186603625305E-4	-0.3660145103931427	0.005900413624245867	1.0	87.02232077833345	255,0,255	NA	""
1181	Hatmehit_Bo_193	2.341358061632612	-0.017863921445315734	0.27767839798477123	6.7633290162176305	359.5628573599808	2.3578341725339413	21.561460524617317	8.761552038103607	1.432045246474445E-4	-0.3675646483898163	0.008398534480325404	1.0	51.35965863009895	255,0,255	NA	""
1182	Hatmehit_Bo_194	2.358346700668335	0.02361366990953684	0.3107376843690872	7.505728386543285	0.573672400496479	2.378847341559958	28.754323513543877	35.809004351840706	1.4164177991915494E-4	-0.3644677400588989	0.008284737831544257	0.6840493309112577	70.92061757819405	255,0,255	NA	""
1183	Hatmehit_Bo_195	2.3445219408137787	-0.017789297182980418	0.30008013197770017	7.2935395608131985	359.56527082472206	2.3637148042137457	24.572053778644175	20.383063256724757	1.4366308460012078E-4	-0.3675669729709625	0.005425209758661179	1.0	120.32893043392451	255,0,255	NA	""
1184	Hatmehit_Bo_196	2.346598514215131	-0.005419766192868176	0.2902049875788746	7.049982106276827	359.86766838265726	2.3644815278614253	21.462085723876964	13.729065895080574	1.42186603625305E-4	-0.3660145103931427	0.006001946416882546	0.6634186498001543	55.166534185907274	255,0,255	NA	""
1185	Hatmehit_Bo_197	2.3577290419396704	0.05324614570181997	0.23390286848420627	5.664160494226254	1.293728360633263	2.3699012509222817	27.174756611760284	32.480807130273554	1.3954698806628585E-4	-0.3641410171985626	0.009913049420133702	1.0	110.48646612432569	255,0,255	NA	""
1186	Hatmehit_Bo_198	2.340271921601445	8.478476176577033E-4	0.22992393437893208	5.611112101860283	0.020757454545477273	2.351539581100431	24.535255432128896	3.5921895503997785	1.4204448962118477E-4	-0.3674563467502594	0.006315975686681467	1.0	-13.634781219922965	255,0,255	NA	""
1187	Hatmehit_Bo_199	2.3288674354553223	-0.03402378037571907	0.22620465606451035	5.547191193691741	359.16299214283504	2.3400747201703984	18.94663429260253	-9.428516387939453	1.437156752217561E-4	-0.3693216145038605	0.005800276891440248	0.9055846074057254	22.81081215189677	255,0,255	NA	""
1188	Hatmehit_Bo_200	2.3328652942564356	-0.03892560913168565	0.25897845890756427	6.333766446854741	359.04406560536626	2.3475190151243877	20.42767331427253	-0.1343619242832639	1.4321526396088302E-4	-0.3684034049510956	0.006451677558359747	1.0	122.6806010583548	255,0,255	NA	""
1189	Hatmehit_Bo_201	2.321705425720132	-0.07078884747530204	0.25751554305660945	6.326263569059194	358.25359151606983	2.3370154898204936	17.78497294991957	-11.851629388672206	1.4468721929006279E-4	-0.3699307441711426	0.005786394378863563	1.0	3.5912082439867996	255,0,255	NA	""
1190	Hatmehit_Bo_202	2.3120569147827004	-0.09727612359960158	0.25030840916923075	6.173483359415117	357.59079195183466	2.3276005072000427	15.028497856151983	-20.488606371744957	1.4596187975257635E-4	-0.3714289367198944	0.006537175575790705	0.8971871039001308	34.743852192984384	255,0,255	NA	""
1191	Hatmehit_Bo_203	2.356003522872925	0.0406402051448822	0.41404080390930176	9.965849703874534	0.9882333801219315	2.392453555111512	27.84297498724626	68.2031239032193	1.4052483311388642E-4	-0.35910943150520325	0.007085797383671444	1.0	1.396157055400167	255,0,255	NA	""
1192	Hatmehit_Bo_204	2.298809289932251	-0.16645131260156631	0.20300235599279404	5.033452828616648	355.858576440977	2.313750234464435	11.257334709167475	-36.326892852783175	1.4732500130776316E-4	-0.37331846356391907	0.006740466847070755	1.0	15.955347146699616	255,0,255	NA	""
1193	Hatmehit_BP_16	2.5717861652374268	0.26757094264030457	0.12090681120753288	2.677222268485824	5.939734310779473	2.588493141974385	4.8767597758288135	238.02605523418273	1.2073795369360596E-4	-0.3392705023288727	0.006053525962237073	1.0	-93.62002826036355	0,102,255	NA	""
1194	Im_CM_01	-1.4235951642073001	0.3431144801384357	-0.2017588924511407	-7.8447959696605025	166.44903695202473	1.4781939618054833	17.18364526329423	-241.9180160385176	1.7586788453627378E-4	-0.40995392203330994	0.050199298618173925	1.0	-147.95189052579212	0,255,0	NA	"Imhotep"
1195	Im_CM_03	-1.4501103926779781	0.27346643529963044	-0.2499951633445855	-9.615254620331347	169.3204023850781	1.4966969044812826	15.623963711963668	-238.14193208854806	1.7497998487669975E-4	-0.40923872590065	0.025562142814312166	1.0	123.26272499557949	0,255,0	NA	"Imhotep"
1196	Im_CM_02	-1.4654190201203132	0.253048465282896	-0.277211302482155	-10.55930220596938	170.20278487182438	1.5127235492766882	14.128086166664184	-234.46881696287693	1.7488565936218947E-4	-0.408653199672699	0.02781854421767653	1.0	46.92800700682148	51,255,0	NA	"Imhotep"
1197	Im_CM_04	-1.419969201320722	0.26090123922972086	-0.3644144312673556	-14.166140998649835	169.58875350683144	1.489019767178033	12.545704108642214	-228.44680099590056	1.7689145170152187E-4	-0.40839797258377075	0.040157710382304035	1.0	80.53384822523105	0,255,0	NA	"Imhotep"
1198	Im_CM_05	-1.4413106757185612	0.21401017668492753	-0.3888712223365955	-14.942719526111867	171.55425663558387	1.5081106216808393	9.055130191161892	-231.3736433228554	1.7586236936040223E-4	-0.40858620405197144	0.039603693509901707	1.0	92.5104452862105	0,255,0	NA	"Imhotep"
1199	Im_CM_06	-1.372800451150173	0.2795067926237601	-0.44759852551778173	-17.718308357014894	168.4916888053921	1.470730963108696	12.685186185576068	-213.2675983517772	1.7935501819010824E-4	-0.40573814511299133	0.061653376131527396	1.0	-113.02581621318322	0,255,0	NA	"Imhotep"
1200	Im_CM_07	-1.23994151879576	0.5590393448631951	-0.2963047752827922	-12.28980013130081	155.73131769719137	1.3920404013511938	11.342417617048271	-219.17252779969922	1.817383454181254E-4	-0.4077487885951996	0.01666888051195745	1.0	111.3972348104765	0,255,0	NA	"Imhotep"
1201	Im_CM_08	-1.2618921110880759	0.46111841987482893	-0.4273581428851892	-17.64546644510738	159.9267734926487	1.4098357632945966	8.357959590427079	-205.0568967120474	1.8286274280399084E-4	-0.4053541123867035	0.018656821338879175	1.0	90.92306426224766	0,255,0	NA	"Imhotep"
1202	Im_CM_09	-1.2498628212043061	0.514830834239751	-0.31214514297737306	-13.002848713419414	157.61275370146072	1.3873148344904085	8.874257068256128	-222.4303722441295	1.8141715554520488E-4	-0.40831494331359863	0.03142589890612409	1.0	89.98349672474997	0,255,0	NA	"Imhotep"
1203	Im_CM_10	-1.3311562884289585	0.4350855514134709	-0.2265303505414607	-9.188278982113856	161.90013180888107	1.4186586978513054	7.6825945234738775	-245.18301782842403	1.785446220310405E-4	-0.4115585684776306	0.017223883458017262	0.6110730101820034	87.11183651868436	0,255,0	NA	"Imhotep"
1204	Im_CM_11	-1.3586102008189311	0.48234946491753194	-0.11554948495498193	-4.582369274998145	160.4535330923969	1.4463175196162312	5.636062650965735	-233.76832116511548	1.7702543118502945E-4	-0.40935802459716797	0.015076154760039075	1.0	106.9930485987412	0,255,0	NA	"Imhotep"
1205	Im_CM_12	-1.5110647473552397	0.27847697916902736	-0.14031242767551322	-5.217713399581405	169.55801588241727	1.5429042990370652	11.368536758781856	-232.25351364208234	1.725243346299976E-4	-0.40792760252952576	0.023295853709479657	1.0	77.22377516623104	0,255,0	NA	"Imhotep"
1206	Im_CM_13	-1.3350074594211525	0.29895885306091174	-0.4883383203083327	-19.644208496843486	167.37754771482565	1.4526168206430696	12.550879422273496	-204.433997240473	1.8040629220195115E-4	-0.4049503803253174	0.01950666804702331	1.0	109.91396393376563	0,255,0	NA	"Imhotep"
1207	Im_CM_14	-1.376246406376406	0.20675901315250575	-0.5517275024245363	-21.625553542862523	171.45612222321228	1.4970660297780412	15.860979898021624	-187.1280567969766	1.7890598974190652E-4	-0.4012361764907837	0.014951597656746071	1.0	170.65346368583712	0,255,0	NA	"Imhotep"
1208	Im_CM_15	-1.3203636608610783	0.29285288812700194	-0.545553032038506	-21.968215595311754	167.49440347751357	1.4583384798369692	25.46414583608951	-180.13553878984965	1.8069244106300175E-4	-0.4002554416656494	0.01377605800112775	1.0	136.02799398111932	51,255,0	NA	"Imhotep"
1209	Im_CM_16	-1.4160343732649137	0.16469256236574686	-0.49300356313861715	-19.076755443315346	173.36599218613557	1.5084195370100868	10.407959276377364	-211.6322072353369	1.7657801799941808E-4	-0.4055892527103424	0.022350904281442745	1.0	106.34965766630381	51,255,0	NA	"Imhotep"
1210	Im_CM_17	-1.4384456204960752	0.13496931834534626	-0.49591556123493047	-18.94479677976715	174.63963261505228	1.5275060601823818	6.843132926507968	-213.26181985215868	1.7512126942165196E-4	-0.40535104274749756	0.020234706311272093	1.0	90.46230360416487	51,255,0	NA	"Imhotep"
1211	Im_CM_18	-1.441401362146213	0.08606909677704991	-0.6268267106837437	-23.46566051466243	176.58280642213487	1.574152947284214	30.1601205314876	-157.15415127342973	1.7655549163464457E-4	-0.39544084668159485	0.013702564650330826	1.0	110.61891165625612	0,255,0	NA	"Imhotep"
1212	Im_CM_19	-1.3821833807780972	0.27864022057802806	-0.3782124527532797	-15.015422915658842	168.60226399764358	1.459834213203881	15.285984302386336	-226.92123106751026	1.7793812730815262E-4	-0.4083435535430908	0.022976534727441204	1.0	74.06142066602315	51,255,0	NA	"Imhotep"
1213	Im_CM_20	-1.4990707071077871	0.1357019802817476	-0.3720608000505454	-13.884266266407463	174.82745115453963	1.550502257752397	26.29468629767709	-225.78827180322182	1.7236221174243838E-4	-0.4066907465457916	0.016673762993077212	1.0	131.95872648967364	51,255,0	NA	"Imhotep"
1214	Im_CM_21	-1.521166990535849	0.12765189956451614	-0.34475573697165934	-12.726466264487142	175.20314407934302	1.5649602355118142	21.779216713284413	-222.16641573668358	1.716518891043961E-4	-0.4058132469654083	0.020288534826902533	1.0	82.25309814729093	0,255,51	NA	"Imhotep"
1215	Im_CM_22	-1.4355257901620884	0.2601966493107531	-0.29817202242356244	-11.550983157203863	169.72637567592423	1.4890745936618448	18.318452199957832	-239.23720628062426	1.754972035996616E-4	-0.40950343012809753	0.01022334732319756	1.0	81.0878407038204	0,255,0	NA	"Imhotep"
1216	Im_CM_23	-1.427220906877661	0.2554503636215174	-0.3186622140921753	-12.39550259352796	169.85239631823345	1.4845066560959521	11.810659425172576	-232.68866087925846	1.760414888849482E-4	-0.4088549017906189	0.009820445622168229	1.0	85.00353020876614	0,255,0	NA	"Imhotep"
1217	Im_CM_24	-1.4428217179626939	0.2522248793864083	-0.3031682919964364	-11.694114445966518	170.08411660246784	1.495748278581107	11.951750360407972	-235.74108195921323	1.754972035996616E-4	-0.40950343012809753	0.009958868879360913	1.0	83.5061944517411	0,255,0	NA	"Imhotep"
1218	Im_CM_25	-1.4242225314460581	0.29083145963677615	-0.2606714350074878	-10.166590894997624	168.4586671750742	1.4768013928832608	20.172876682724855	-247.1169689490507	1.7531629418954253E-4	-0.41087958216667175	0.019262164090594537	1.0	100.78566925562475	0,255,0	NA	"Imhotep"
1219	Im_CM_26	-1.3980164062982268	0.29088331704227177	-0.3015829814780755	-11.925550014437507	168.24624896229048	1.4594571837261032	8.630613367597407	-246.55646902227429	1.7624923202674836E-4	-0.4115206003189087	0.013528501022188609	1.0	86.03182226707938	51,255,0	NA	"Imhotep"
1220	Im_CM_27	-1.5077047026738035	0.2238518227909727	-0.21974997438711208	-8.203858940627986	171.55487907477726	1.5399912857788125	9.12143949050108	-237.59157403423671	1.725378242554143E-4	-0.4089356064796448	0.029405730868066558	1.0	88.622467294892	0,255,0	NA	"Imhotep"
1221	Im_CM_28	-1.4586534208656483	0.31283570506321096	-0.18162952614036465	-6.941599804148797	167.89521168560734	1.5028390683407948	10.870456024017406	-238.6055918604457	1.7447613936383277E-4	-0.40931054949760437	0.013072399300827521	1.0	105.15914224171762	0,255,0	NA	"Imhotep"
1222	Im_CM_29	-1.4757992600720617	0.294282567888657	-0.17669601164281745	-6.696856218908951	168.72282058580433	1.5151921219181632	9.138611094961663	-236.53142941879707	1.7408019630238414E-4	-0.40895724296569824	0.01672432428081963	1.0	96.1237308216898	51,255,0	NA	"Imhotep"
1223	Im_CM_30	-1.4903626595008759	0.2847252541066506	-0.16404713434856122	-6.170657309453672	169.18429612259567	1.5261588349344886	4.439647500748881	-235.04172306312512	1.735702098812908E-4	-0.4087229073047638	0.011855158081338345	1.0	101.78792896875076	51,255,0	NA	"Imhotep"
1224	Im_CM_31	-1.511597520116444	0.3034012866938187	-0.1059507023256589	-3.9312574877430055	168.65064601123223	1.5453818152524472	9.038672600333214	-230.53015458626442	1.724086469039321E-4	-0.40752488374710083	0.022318638085257983	1.0	98.23263097657089	0,255,0	NA	"Imhotep"
1225	Im_CM_32	-1.4588555553634779	0.3268063805221629	-0.15475137724873916	-5.909740600689291	167.37331283872513	1.503000309555943	7.414563378643528	-237.67284202060122	1.7441775707993656E-4	-0.4092985987663269	0.017429171898864934	1.0	92.84992125576144	0,255,0	NA	"Imhotep"
1226	Im_CM_33	-1.4894143754677625	0.3062100371727469	-0.1347013135151	-5.062407456233185	168.38238707432618	1.5265202955015218	4.931091046150631	-235.38953815894212	1.7335990560241044E-4	-0.4087623953819275	0.009302158570735887	1.0	88.0955992839527	0,255,0	NA	"Imhotep"
1227	Im_CM_34	-1.4838665838393217	0.31645890884731387	-0.12319943385135018	-4.642226356253982	167.96109206490397	1.5222300680662908	8.91053158912433	-235.94513629862686	1.7332324932795018E-4	-0.4085603356361389	0.005506706046680265	1.0	81.69270595860311	0,255,0	NA	"Imhotep"
1228	Im_CM_35	-1.4777894315805296	0.31504332494568577	-0.1386639843012899	-5.243337084026938	167.96552490958578	1.5173468954811375	6.837826252725761	-236.68625706413036	1.7364088853355497E-4	-0.40894240140914917	0.0068443178373619705	1.0	89.19389249262498	0,255,0	NA	"Imhotep"
1229	Im_CM_36	-1.3330145870675534	0.5175880407168847	-0.13339999514751022	-5.32960743840223	158.77961264183523	1.4361827279052548	11.239605175594463	-230.5797924027302	1.779470912879333E-4	-0.4092307686805725	0.04736837684607557	1.0	115.0761568398969	0,255,0	NA	"Imhotep"
1230	Im_CM_37	-1.2535736677037206	0.6123213482762427	-0.16530458865906272	-6.757298730913765	153.96631335609842	1.4048878891024492	11.277394428322907	-223.3326449464444	1.7976480012293905E-4	-0.408286988735199	0.014631056099374373	1.0	119.68259123818883	0,255,0	NA	"Imhotep"
1231	Im_CM_38	-1.2774012743128886	0.592430341444441	-0.15428250224863047	-6.252861476662948	155.1191769177303	1.4165206724860275	12.181176870427551	-226.73659266415402	1.7919040692504495E-4	-0.407951682806015	0.011001243432569476	1.0	107.52706807896384	51,255,0	NA	"Imhotep"
1232	Im_CM_40	-1.5240193477832606	0.3115376788520421	-0.07547672660161298	-2.7778915426358837	168.44685376007163	1.5573655428385231	11.739463495511371	-226.24000409287797	1.7183976888190955E-4	-0.4064509868621826	0.01856354180493693	1.0	106.27846796233172	0,255,0	NA	"Imhotep"
1233	Im_CM_41	-1.3516197339741607	0.4635116236381993	-0.16684291653119582	-6.659939515518917	161.07159500366606	1.4385949705572922	19.65507360114932	-241.70784048156887	1.7741565534379333E-4	-0.4103405773639679	0.02144279765318958	1.0	91.46408125829403	0,255,0	NA	"Imhotep"
1234	Im_Bo_01	-1.0231571197509766	0.9306076169013977	0.05537678860127926	2.2928439821733986	137.71206399631495	1.384177595920337	9.588519463140273	-203.7475114039565	1.7852931341622025E-4	-0.40408626198768616	0.03349716376537985	1.0	82.1247270707315	255,0,255	NA	"Ihmotep"
1235	Im_Bo_02	-1.0598315486079612	0.8960511386088478	0.08454018521717836	3.485815683822888	139.7866290531145	1.390430723676486	11.080131974887689	-207.69355875209357	1.7787916294764727E-4	-0.40480920672416687	0.023443991662337738	1.0	79.35620257583447	255,0,255	NA	"Ihmotep"
1236	Im_Bo_03	-1.0367755985149825	0.9164080786764279	0.02889444300229352	1.1962518963883466	138.52646820529046	1.3840311763742663	6.0545756412470775	-207.92925607248046	1.788992085494101E-4	-0.4052545428276062	0.004865262181895358	1.0	113.68381648527509	255,0,255	NA	"Ihmotep"
1237	Im_Bo_04	-1.0498640537261963	0.9003543257713318	0.04475742392241955	1.8535121785579565	139.38389538721034	1.3837831008643378	5.500699043273926	-208.78233337402347	1.7863554239738733E-4	-0.40492117404937744	0.006378020091798975	1.0	96.87309565693872	255,0,255	NA	"Ihmotep"
1238	Im_Bo_05	-1.0202800452471328	0.9348404754463153	0.08109039736255509	3.3536895097825443	137.5022570337558	1.3861723333722258	3.138848039215225	-204.7055068795434	1.7804505478125066E-4	-0.4043983519077301	0.008072430173845423	1.0	135.8786552888815	255,0,255	NA	"Ihmotep"
1239	Im_Bo_06	-1.000412561112992	0.9398357380660949	-0.006986310878402368	-0.2916170498481615	136.78826041214037	1.3726490139575327	6.509711480603722	-202.56746896831507	1.7956917872652411E-4	-0.40430593490600586	0.005996807588827971	0.9957105585519413	117.22790996667054	255,0,255	NA	"Ihmotep"
1240	Im_Bo_07	-1.0089570870960445	0.9321937897899986	-0.004671835040808377	-0.19486096442296544	137.26459595550864	1.3736817285554261	5.8033591730844405	-203.0314946957777	1.7947860760614276E-4	-0.40448471903800964	0.003413058918318168	1.0	104.20494622091529	255,0,255	NA	"Ihmotep"
1241	Im_Bo_08	-1.0865764617919922	0.8929818868637085	0.1577984169125557	6.401658757224749	140.585584800241	1.4152616005414629	10.329817020785779	-206.41779960738037	1.7627199122216552E-4	-0.40416431427001953	0.014672433210450251	1.0	95.35939495453815	255,0,255	NA	"Ihmotep"
1242	Im_Bo_190	-1.1105454643604422	0.9002700220908895	0.2680704848232698	10.62034382211293	140.96984924089523	1.454530551731542	16.188752772037763	-192.55466609453148	1.7397201736457646E-4	-0.40123844146728516	0.030831047157062613	1.0	-158.95591656065898	255,0,255	NA	"Ihmotep"
1243	Im_Bo_10	-1.1488260547422793	0.8368016893931892	0.18164956180226732	7.283314623928392	143.9305098000942	1.4328415595343966	21.67735630120542	-209.0524721728959	1.752785174176097E-4	-0.40379205346107483	0.020607572687355618	1.0	71.06285812599076	255,0,255	NA	"Ihmotep"
1244	Im_Bo_11	-1.1011931369695045	0.8774745352731271	0.14834738368202677	6.014327471815822	141.4507677243466	1.4158371485473993	14.873246386141284	-208.52015182594025	1.7649732762947679E-4	-0.4045230746269226	0.016431945596390794	1.0	91.35832507128328	255,0,255	NA	"Ihmotep"
1245	Im_Bo_12	-1.1070806980133057	0.8741781115531921	0.159244142472744	6.4408759507027815	141.70451172445954	1.4195681524830757	14.223635682409057	-207.45009745787632	1.76141838892363E-4	-0.4043392837047577	0.006446709790511818	1.0	105.15954272717062	255,0,255	NA	"Ihmotep"
1246	Im_Bo_13	-1.0823030471801758	0.888803631067276	0.12726102024316788	5.192173336797238	140.6066424898133	1.406252874772955	4.957064142340683	-210.8797459564992	1.769418886397034E-4	-0.4053165912628174	0.009025348281571255	1.0	-142.93419320719514	255,0,255	NA	"Ihmotep"
1247	Im_Bo_14	-0.9075569643413897	0.9153692875392125	-0.3760609982535623	-16.264226819087558	134.75445501064016	1.3427518201447615	13.357788215500566	-180.23375450122887	1.8485565669834614E-4	-0.40068861842155457	0.04085798934977139	1.0	-162.6576207809444	255,0,255	NA	"Ihmotep"
1248	Im_Bo_15	-0.837672023569519	0.9426132537728765	-0.463945668341988	-20.19897611220129	131.62652940137176	1.3436739740103014	13.185939736412909	-171.12109345752208	1.8582379561848938E-4	-0.3996002972126007	0.031848334559384135	1.0	125.95189224449553	255,0,255	NA	"Ihmotep"
1249	Im_Bo_16	-0.8407980044499753	1.1542494702050303	0.2814212327551016	11.148494787864319	126.07097926062445	1.4554830929973235	13.919746592529316	-166.84106856352915	1.731043157633394E-4	-0.3963890075683594	0.03247196203847949	1.0	160.7313868339378	255,0,255	NA	"Ihmotep"
1250	Im_Bo_18	-0.8737066418984356	1.1331688208074704	0.3032800956843441	11.96689033600626	127.63328496629951	1.4626734731258169	20.957392878674593	-167.42185006822564	1.727169583318755E-4	-0.3962187170982361	0.024552845489311227	1.0	112.33537278498912	255,0,255	NA	"Ihmotep"
1251	Im_Bo_19	-0.8574934633399572	1.1426603758901468	0.24435855380367258	9.70620760927113	126.88588152102749	1.449371890550244	16.084999162214043	-176.49094147763952	1.7396402836311609E-4	-0.39819836616516113	0.022515001720188783	1.0	81.23400848729963	255,0,255	NA	"Ihmotep"
1252	Im_Bo_20	-1.0227938294410706	0.2804076671600342	-1.0099343359470367	-43.59999913576652	164.6685805818622	1.464480467698236	20.111795729839688	-91.57972709644659	1.9182242976967245E-4	-0.38516974449157715	0.02768641344621434	1.0	116.38370334939168	255,0,255	NA	"Ihmotep"
1253	Im_Bo_21	-1.0646473504012577	0.23370319130315514	-1.01249296736936	-42.888890719198294	167.6192371983174	1.4876939104917077	23.370749371936146	-81.87256428993378	1.9122983212582767E-4	-0.3825060725212097	0.021678843488154714	1.0	101.18057547842292	255,0,255	NA	"Ihmotep"
1254	Im_Bo_22	-1.090417350239391	0.196828040157769	-1.0238912851206248	-42.7396875241288	169.76788761333506	1.5086764526701568	12.911230701827433	-76.64153541333287	1.9079273624811321E-4	-0.3819291293621063	0.009305991945853694	1.0	123.76057609213755	255,0,255	NA	"Ihmotep"
1255	Im_Bo_23	-1.159139882143093	0.24012575663332708	-0.9036737464288982	-37.3580678523821	168.2962354613538	1.489258837596162	4.425344642530745	-113.45415200307293	1.8933236424345523E-4	-0.38936761021614075	0.014069547448209527	1.0	137.5886705851677	255,0,255	NA	"Ihmotep"
1256	Im_Bo_24	-1.2583339364886799	0.18863225534376166	-0.8326881777648842	-33.20179372132098	171.47448178985707	1.520643293104788	20.363193328857022	-120.82436263543617	1.859806216089055E-4	-0.3901459872722626	0.020041258820731548	1.0	136.09448866105737	255,0,255	NA	"Ihmotep"
1257	Im_Bo_25	-1.1457814351655617	0.23600621479154174	-0.9210155581033677	-38.21349237611926	168.36108736164525	1.4888867280148426	7.271054605612637	-112.93512769564867	1.8942382303066552E-4	-0.38906562328338623	0.00745237021054693	1.0	117.7039133966532	255,0,255	NA	"Ihmotep"
1258	Im_Bo_26	-1.1422919644083818	0.226903948116443	-0.9301211225467639	-38.612774780330255	168.76505709981382	1.490450145503177	16.167862381094814	-111.27825517472523	1.8945327610708773E-4	-0.3885122835636139	0.009888017808324332	1.0	114.1550900437134	255,0,255	NA	"Ihmotep"
1259	Im_Bo_27	-1.1352394819259644	0.24937399476766586	-0.9184707999229431	-38.3162856900194	167.6108130311876	1.481399568280282	3.6233187163014757	-113.19301312246563	1.898195332614705E-4	-0.3895140290260315	0.010656068387264309	0.5991302735930177	119.6602544868861	255,0,255	NA	"Ihmotep"
1260	Im_Bo_28	-1.1244080662727356	0.22850483655929565	-0.9414552748203278	-39.369483968038466	168.5126526576628	1.484198771835229	20.46142124883371	-111.4620812598402	1.8954860570374876E-4	-0.3882659375667572	0.008931397626000976	1.0	89.50512002229186	255,0,255	NA	"Ihmotep"
1261	Im_Bo_29	-1.1096816658973694	0.25733278691768646	-0.9370079636573792	-39.43954187542045	166.94400314966938	1.4749906734650673	10.394101142883297	-113.32968902587888	1.9019613682758063E-4	-0.3893817067146301	0.0049483278188956585	1.0	128.7132987486143	255,0,255	NA	"Ihmotep"
1262	Im_Bo_30	-1.102333512908166	0.21063101420369723	-0.9862204577524872	-41.30796445154256	169.18246542440127	1.4940332623855674	21.751053370374557	-88.77369379228969	1.9023855566047132E-4	-0.3842531144618988	0.009584071942663397	1.0	95.55205158136972	255,0,255	NA	"Ihmotep"
1263	Im_Bo_31	-1.1009950814096285	0.33148654437907804	-0.8936757753656368	-37.855591121972324	163.24405285040402	1.4562726014960075	11.453116623642424	-116.08198413622638	1.9056210294365883E-4	-0.3901020288467407	0.01177675007869295	1.0	119.80748142847483	255,0,255	NA	"Imhotep"
1264	Im_Bo_32	-1.1170312488560659	0.31230594234782993	-0.8927771204696987	-37.586307268391806	164.37976883030646	1.4636751003487336	5.082661676347876	-114.56950957497146	1.9034901924896985E-4	-0.3895564675331116	0.006635753137481014	1.0	144.65025760823667	255,0,255	NA	"Imhotep"
1265	Im_Bo_33	-1.0734236240386963	0.28859518468379974	-0.9521316885948181	-40.58290989203755	164.95159475456305	1.4635847121685388	8.54261302947998	-106.04684448242192	1.9119646458420902E-4	-0.38844990730285645	0.004274553014919145	1.0	138.43052909777785	255,0,255	NA	"Imhotep"
1266	Im_Bo_34	-1.0875585086818775	0.2773858257436912	-0.9449615429485106	-40.09503382109341	165.6915590551981	1.467200982749633	7.697388167947034	-109.09982233832578	1.908476697281003E-4	-0.388870507478714	0.004166971658494122	1.0	142.55189862553914	255,0,255	NA	"Imhotep"
1267	Im_Bo_35	-1.088948667049408	0.2695707231760025	-0.9493518471717834	-40.239944560798286	166.09587642323473	1.4696076020457953	7.161412715911866	-108.67917633056643	1.9083496590610594E-4	-0.3886542320251465	0.005147175042873463	1.0	126.69298231013735	255,0,255	NA	"Imhotep"
1268	Im_Bo_36	-1.2337661981582642	0.2044973075389862	-0.847101479768753	-34.112005329678034	170.58876169726096	1.5104896879936	16.232442401069754	-121.55686847713768	1.8661697686184198E-4	-0.3901325762271881	0.008365594441898784	1.0	117.95005517103209	255,0,255	NA	"Imhotep"
1269	Im_Bo_37	-1.2439141671837903	0.19219881456491955	-0.8429982890519007	-33.81221953214279	171.2166116766537	1.514895691123694	22.88767296309445	-117.75344672364078	1.8639914924278855E-4	-0.389594167470932	0.008747378103943241	1.0	134.3174075636084	255,0,255	NA	"Imhotep"
1270	Im_Bo_38	-1.2373928652823298	0.19653027560317946	-0.8463828091986204	-34.0405025640122	170.97531604608366	1.5119950767073365	20.033186025279385	-118.65539645702043	1.8639914924278855E-4	-0.389594167470932	0.008575575365071898	1.0	131.97599889949862	255,0,255	NA	"Imhotep"
1271	Im_Bo_39	-1.2248563278494033	0.2046760115587333	-0.8561114330477548	-34.581982311412304	170.51340771156103	1.5083408366066988	13.869984585549263	-118.64382923148749	1.870242558652535E-4	-0.3897463083267212	0.00797227755559319	1.0	147.17837379985966	255,0,255	NA	"Imhotep"
1272	Im_Bo_40	-1.2249719088458597	0.19822129026245253	-0.8614583570986795	-34.7690471707524	170.8082436236746	1.5106152251284697	16.166327485459384	-117.09760770216366	1.8706174159888178E-4	-0.389322966337204	0.004312432059107074	1.0	-152.61128497256968	255,0,255	NA	"Imhotep"
1273	Im_Bo_41	-1.2263833779615836	0.1925395453747789	-0.8645833620064722	-34.85548394837055	171.07751853299882	1.5128093257684545	16.649873782626482	-114.56574845058104	1.868101244326681E-4	-0.3890334367752075	0.005888332563347926	1.0	-80.24769162438825	255,0,255	NA	"Imhotep"
1274	Im_Bo_42	-1.1725844144821167	0.24019384384155273	-0.8873293101787567	-36.55087740201975	168.42359416886356	1.4899666427165599	11.951855429195678	-115.79044457524648	1.8887559417635202E-4	-0.3895438015460968	0.004834621087160477	1.0	-110.08790448237787	255,0,255	NA	"Imhotep"
1275	Im_Bo_43	-1.1794787645339966	0.24110907316207886	-0.8797709047794342	-36.1587910101257	168.44676760613595	1.4910736353527763	12.56810126170193	-117.29413854651978	1.8860520503949374E-4	-0.3901098966598511	0.004524360582260925	1.0	-149.23880945539037	255,0,255	NA	"Imhotep"
1276	Im_Bo_44	-1.1963428857994378	0.23154638685321338	-0.8677555630994667	-35.45561083940643	169.04611504355643	1.4959444331116638	12.461263387551536	-119.91608638625817	1.8811113841366023E-4	-0.39050355553627014	0.008483431640321068	1.0	142.55127106979012	255,0,255	NA	"Imhotep"
1277	Im_Bo_45	-1.1953080958461404	0.19811916902059917	-0.8963978817093158	-36.49539816733052	170.58893387192376	1.507163498583245	12.021509979949647	-111.05372286584233	1.8807042215485126E-4	-0.3883843421936035	0.007197566546949448	1.0	151.118204740272	255,0,255	NA	"Imhotep"
1278	Im_Bo_46	-1.207165241241455	0.19962716847658157	-0.8819241225719452	-35.783512192789594	170.61005928296817	1.5082735441655846	14.909061431884766	-113.605712890625	1.8783044652082026E-4	-0.38894107937812805	0.003323436857218123	1.0	-108.27140883317405	255,0,255	NA	"Imhotep"
1279	Im_Bo_47	-1.1846285730435782	0.1711741313313454	-0.9336512350401671	-37.95555605529163	171.7778952835607	1.518008586273587	15.509863195663552	-100.61791318840905	1.880904455902055E-4	-0.38638603687286377	0.0042800545960097565	1.0	-100.28333660744092	255,0,255	NA	"Imhotep"
1280	Im_Bo_48	-1.1982250809669495	0.16420351713895798	-0.9238348603248596	-37.37489174407552	172.1968506782267	1.5218991388559593	12.286765516361388	-102.01585483331709	1.8765704589895904E-4	-0.38689085841178894	0.0064760090901580854	1.0	-146.17240812754756	255,0,255	NA	"Imhotep"
1281	Im_Bo_49	-1.281439997029286	0.1783358011326647	-0.823876624847067	-32.4887088230338	172.07713287871803	1.5338398928576087	17.96997377514071	-120.7691659181425	1.8505376647226512E-4	-0.38994330167770386	0.010765277068098838	1.0	123.82540785788312	255,0,255	NA	"Imhotep"
1282	Im_Bo_50	-1.2928081154823303	0.19437303394079208	-0.8036132156848907	-31.578797447712667	171.449652023996	1.534577433759448	8.622308105798078	-125.50943381162142	1.8486847693566233E-4	-0.39084360003471375	0.017237781261676792	1.0	124.73006118094602	255,0,255	NA	"Imhotep"
1283	Im_Bo_51	-1.2967210297420477	0.21252459148288338	-0.7865988552129419	-30.90556317285761	170.69232429242362	1.5314665814122597	7.6090892483619035	-127.61181346754071	1.8491792434360832E-4	-0.391247034072876	0.0107502352083783	1.0	102.08407012099462	255,0,255	NA	"Imhotep"
1284	Im_Bo_52	-1.3330276608467102	0.24470414966344833	-0.7306919991970062	-28.330706074897233	169.5980127878102	1.539725190784213	11.047886029147014	-124.23504973121665	1.8364102288614959E-4	-0.3904322385787964	0.025002971892199015	1.0	91.51310900279925	255,0,255	NA	"Imhotep"
1285	Im_Bo_53	-1.1245301693909948	0.4205000986019719	-0.7834792374348519	-33.127857077467446	159.49751923003018	1.4336066930250795	10.001913300924192	-130.0545650334555	1.8916350381914526E-4	-0.3923679292201996	0.008229337875572342	1.0	140.14388275954605	255,0,255	NA	"Imhotep"
1286	Im_Bo_54	-1.1687629520087903	0.371926897269782	-0.7875639632216862	-32.70516041193821	162.34774900967878	1.4575985219073453	4.522356245304424	-125.36738940667728	1.8854955851566046E-4	-0.3916988968849182	0.005397706454386474	1.0	-92.009130688812	255,0,255	NA	"Imhotep"
1287	Im_Bo_55	-1.2142602517395389	0.36377594609342434	-0.7367972277312995	-30.167833838780027	163.32249526052158	1.4661620144797312	10.41899555867384	-133.05076048375884	1.8709064170252532E-4	-0.39281418919563293	0.009607321802943693	1.0	131.0803237009397	255,0,255	NA	"Imhotep"
1288	Im_Bo_56	-1.1850616017383473	0.44581252626920886	-0.6804148883681163	-28.253207614955542	159.3840242126935	1.437387988264194	9.930675423184391	-142.40366956874095	1.8684117821976542E-4	-0.3942692279815674	0.010362032732083292	1.0	-151.72326539526983	255,0,255	NA	"Imhotep"
1289	Im_Bo_57	-1.1682616198158746	0.4450144794000264	-0.7002026926912878	-29.252982353200256	159.14715087192388	1.432884123040875	11.066399837985495	-140.813754229913	1.8738269864115864E-4	-0.3942210078239441	0.0031449382812911643	1.0	-159.00584628118776	255,0,255	NA	"Imhotep"
1290	Im_Bo_58	-1.2770463571557125	0.3568373155739003	-0.6754840442509613	-26.995598246325667	164.3883647720872	1.4881058302917496	17.17775497874399	-131.12163381205656	1.843232021201402E-4	-0.3918592631816864	0.01267362092825742	1.0	90.67248207849559	255,0,255	NA	"Imhotep"
1291	Im_Bo_59	-1.2803279949508384	0.3426399455631351	-0.6882467059906363	-27.441999591026175	165.0176591337186	1.493427412115267	15.990279134399898	-126.9365746443615	1.843336212914437E-4	-0.3911665678024292	0.013559185125596769	1.0	-179.07757931588569	255,0,255	NA	"Imhotep"
1292	Im_Bo_60	-1.2933254301502415	0.3297627450524597	-0.685239082018215	-27.176037879674965	165.6959140024561	1.5003288758878857	14.488755883111986	-125.66379372000401	1.8415608792565763E-4	-0.39083296060562134	0.012831234924641704	1.0	70.22503741902774	255,0,255	NA	"Imhotep"
1293	Im_Bo_61	-1.2531770495310357	0.3503448416003168	-0.7085269698646806	-28.56857532299207	164.38085090673894	1.4816223177763248	16.330245971679684	-130.1807708740234	1.8583593191578984E-4	-0.3921588659286499	0.003699656485529776	1.0	97.86664844487159	255,0,255	NA	"Imhotep"
1294	Im_Bo_62	-1.2940656980498706	0.543308840546141	-0.17710977665670236	-7.19226360797738	157.22507506872836	1.4146230593597284	13.06290066061691	-228.95741664674514	1.7930965987034142E-4	-0.40878230333328247	0.03428342485177817	1.0	135.15433276088098	255,0,255	NA	"Imhotep"
1295	Im_Bo_63	-1.3370915651321411	0.4377898573875427	-0.21492622792720795	-8.685455456201616	161.8705439796298	1.4232593214976468	10.769734377536901	-246.48852746292513	1.7789792036637664E-4	-0.4119301736354828	0.007149502035393385	1.0	-166.71181550933136	255,0,255	NA	"Imhotep"
1296	Im_Bo_64	-1.1981403893686462	0.5800299408850428	-0.3690212970036394	-15.494371851072959	154.16798160338578	1.3813586944026544	9.441001259492467	-208.44841927725588	1.8346216529607773E-4	-0.4061764180660248	0.009616634612864569	1.0	-113.1567523178741	255,0,255	NA	"Imhotep"
1297	Im_Bo_65	-1.4955241076386403	0.15282185704611911	-0.34803199629160086	-13.034915970341997	174.16541665824678	1.543072631784419	15.770955439364515	-232.63793743599118	1.7245134222321212E-4	-0.40794262290000916	0.014219040185375762	1.0	121.32288410370246	255,0,255	NA	"Imhotep"
1298	Im_Bo_66	-1.486733618499881	0.16442480115236693	-0.3494698298807312	-13.150376988903053	173.68903943800592	1.5360799229234825	8.546364754559592	-234.7485006015688	1.729270297801122E-4	-0.4083978533744812	0.006333640532907387	1.0	115.13951656089824	255,0,255	NA	"Imhotep"
1299	Im_Bo_67	-1.5259508460781066	0.20652860511695292	-0.2090607015320408	-7.731530825291512	172.29218457553623	1.5539904846243788	4.662708874911164	-236.85302572679342	1.7155769455712289E-4	-0.40866607427597046	0.006206683365347109	1.0	138.49972478655005	255,0,255	NA	"Imhotep"
1300	Im_Bo_68	-1.5408336393227013	0.19116125650921564	-0.19541969887263577	-7.173658988190313	172.92782017489793	1.5648960951980466	5.209982733435568	-239.08890430424438	1.7056295473594218E-4	-0.4089389741420746	0.014470550673971763	1.0	144.81146341707438	255,0,255	NA	"Imhotep"
1301	Im_Bo_69	-1.548984006883116	0.17665625530700618	-0.195422960054791	-7.144730795163147	173.49372601978402	1.571225324208894	2.8322317998371536	-241.28202592250366	1.6993150347843766E-4	-0.4090707302093506	0.009934689641990064	1.0	165.42031952227032	255,0,255	NA	"Imhotep"
1302	Im_Bo_70	-1.539879383077973	0.1897744197937027	-0.19934845470090037	-7.321543353258382	172.97430580136827	1.5642834305931492	5.084706682813979	-239.03563010942779	1.7056295473594218E-4	-0.4089389741420746	0.004650299945803056	1.0	123.44815894477532	255,0,255	NA	"Imhotep"
1303	Im_Bo_71	-1.539578532371906	0.17989747657410776	-0.21206447582780283	-7.790333602723549	173.33529552262772	1.564492410121022	5.72335147857666	-239.33380126953128	1.709431962808594E-4	-0.4088791012763977	0.005781814278079649	1.0	115.7787039113135	255,0,255	NA	"Imhotep"
1304	Im_Bo_72	-1.558897034468416	0.1634311853546071	-0.19323451013392023	-7.027979330044361	174.01510469811961	1.5793065859191275	8.426133274517259	-242.08233983368453	1.690662611508742E-4	-0.4088539183139801	0.009209578560305078	1.0	-131.3954637238181	255,0,255	NA	"Imhotep"
1305	Im_Bo_73	-1.562365889755003	0.1683682380440741	-0.18101902794583688	-6.571231853308339	173.84926158475486	1.5818036937403024	11.822899818420408	-242.63421630859378	1.687423646217212E-4	-0.40850311517715454	0.005714082803709025	1.0	-174.31812828519645	255,0,255	NA	"Imhotep"
1306	Im_Bo_74	-1.5427364267740287	0.17105648209045868	-0.2180866223943475	-7.997844198220188	173.67296704511705	1.5674366900860897	6.543955265318264	-240.9561725060703	1.7018029757309705E-4	-0.4089307188987732	0.005715238457517607	1.0	-110.15908184844288	255,0,255	NA	"Imhotep"
1307	Im_Bo_76	-1.5676459440403367	0.12904663678047873	-0.24140155552942266	-8.725148505408084	175.29409421995857	1.5913646820708622	11.508548550723324	-235.54754245973567	1.6843050252646208E-4	-0.4073420763015747	0.003421200571807607	1.0	143.1844418608193	255,0,255	NA	"Imhotep"
1308	Im_Bo_77	-1.557828783550785	0.13889687495540298	-0.239269471756736	-8.697942702126936	174.90494935515142	1.5822050249087323	10.237733840942383	-237.59886169433602	1.693713420536369E-4	-0.40820902585983276	0.002551575320646577	1.0	112.87799167437312	255,0,255	NA	"Imhotep"
1309	Im_Bo_78	-1.5591300723499804	0.13651390114098796	-0.2410268214301126	-8.754850883496006	174.9960724560044	1.5835455649773673	10.43124602948094	-236.38924556432067	1.694842940196395E-4	-0.4079066812992096	0.0029136282344328322	0.7599936618961388	57.25214404184143	255,0,255	NA	"Imhotep"
1310	Im_Bo_79	-1.5523901233982285	0.15077950136222065	-0.22833074179299853	-8.328622574635785	174.45241526607504	1.5763199170546403	6.335409641265869	-238.83631896972662	1.6974260506685823E-4	-0.4085072875022888	0.004189711776611449	1.0	138.58773432196182	255,0,255	NA	"Imhotep"
1311	Im_Bo_80	-1.5274167668221152	0.17085973771465757	-0.25514949564914047	-9.425766138269926	173.61731947147	1.557978271565832	3.4150842363986094	-234.75318989770733	1.71522973687388E-4	-0.40828707814216614	0.006902908507558259	1.0	-68.4003920165219	255,0,255	NA	"Imhotep"
1312	Im_Bo_81	-1.5203404892680048	0.16393915676398946	-0.28081300404873977	-10.405827443768812	173.84554435375026	1.5547241535626317	5.469062868481244	-232.61937125240073	1.720400614431128E-4	-0.4079388678073883	0.004478949838159424	1.0	172.9349878591569	255,0,255	NA	"Imhotep"
1313	Im_Bo_82	-1.5285656969954082	0.14435042694188854	-0.29617162819828774	-10.918229742314265	174.60525968775048	1.5636712471421186	11.190743446350092	-229.66137695312491	1.7164305609185249E-4	-0.4073863923549652	0.005587121283287354	1.0	126.50795184323911	255,0,255	NA	"Imhotep"
1314	Im_Bo_83	-1.5097883939743042	0.1526288315653801	-0.3205997347831726	-11.92948853123683	174.2274171104288	1.5509805752321861	17.720993754445985	-233.24047670434163	1.7206901975441724E-4	-0.4079395532608032	0.004392956722564757	1.0	134.78330822479165	255,0,255	NA	"Imhotep"
1315	Im_Bo_84	-1.500772476196289	0.16121654957532883	-0.3264595717191696	-12.20414404770394	173.8686632500294	1.5443071757692441	7.000274713700113	-235.90171170335384	1.726187183521688E-4	-0.40862196683883667	0.007241658045408043	1.0	164.59927334435918	255,0,255	NA	"Imhotep"
1316	Im_Bo_85	-1.6214245840581631	0.15701893729290525	-0.10428991856174756	-3.663101932782312	174.4687181018054	1.6323446374985882	25.986520683925626	-224.77853002063324	1.6623589908704162E-4	-0.4048297703266144	0.022956545778101144	1.0	59.20712835320462	255,0,255	NA	"Imhotep"
1317	Im_Bo_86	-1.6231167382338834	0.17021474437141954	-0.08141068674748382	-2.855744897904009	174.0133270299406	1.634046726704327	21.489582604660892	-231.29100565348725	1.6590945597272366E-4	-0.40612924098968506	0.011783001093396174	1.0	126.72920653648065	255,0,255	NA	"Imhotep"
1318	Im_Bo_87	-1.608337906840027	0.210169608234428	-0.05557338364535594	-1.9623010132530496	172.55505741638382	1.6229634893532774	11.426179291464765	-227.8934995821975	1.6795593546703458E-4	-0.40617719292640686	0.00865448217599529	1.0	135.17561925549143	255,0,255	NA	"Imhotep"
1319	Im_Bo_88	-1.5847302725519476	0.22916565524737684	-0.06791373991320757	-2.428681835272601	171.77157673802193	1.602653802402917	10.291016738545867	-231.24625474279964	1.6852092812769115E-4	-0.40642085671424866	0.006640864392980014	1.0	151.87978991596935	255,0,255	NA	"Imhotep"
1320	Im_Bo_89	-1.6000674903359462	0.21890889372291153	-0.056610803355655936	-2.0076081808210984	172.20959894926747	1.6159646841554227	12.757744957166922	-227.8546851485332	1.6795593546703458E-4	-0.40617719292640686	0.013292523164291905	1.0	145.73509780678532	255,0,255	NA	"Imhotep"
1321	Im_Bo_90	-1.5939999582768103	0.23272191701243655	-0.04684016823632392	-1.6655222387805546	171.69357791054674	1.611579771219788	10.376025445503567	-227.47263798624374	1.6831709945108742E-4	-0.4060309827327728	0.010359433181469818	1.0	-164.30748758082106	255,0,255	NA	"Ihmotep"
1322	Im_Bo_91	-1.5625188009919475	0.25137482882747175	-0.07891334095256564	-2.8545629529789625	170.86068232676743	1.5845761652257835	3.8084154615639667	-230.96115054547917	1.7011388263199478E-4	-0.40732723474502563	0.0144286262742953	1.0	122.8732470734922	255,0,255	NA	"Ihmotep"
1323	Im_Bo_92	-1.5724522466907709	0.24332465041446857	-0.07189847911450406	-2.5872072015738268	171.20369436246355	1.5927907410960032	5.712557632943622	-231.31732356406334	1.695420651230961E-4	-0.40720200538635254	0.00883606197142937	1.0	129.53876040749006	255,0,255	NA	"Ihmotep"
1324	Im_Bo_93	-1.579361886183353	0.23953380201454683	-0.06357403457156854	-2.27904723876303	171.37596319400134	1.5986876079171595	9.102799058451993	-230.3222685438109	1.6914386651478708E-4	-0.4068636894226074	0.008597705922801001	1.0	178.8358534704413	255,0,255	NA	"Ihmotep"
1325	Im_Bo_94	-1.5107081781659581	0.4723619368708982	0.15041901175374428	5.428596741744169	162.6367976812551	1.5899656845601755	16.782433667701618	-189.860971245047	1.7090278561227024E-4	-0.4001750349998474	0.018383097764253738	1.0	-100.67427007153596	255,0,255	NA	"Ihmotep"
1326	Im_Bo_95	-1.5387843061066258	0.4291204478223606	0.13888585890260452	4.968777645934333	164.41781990359738	1.6035244872662304	15.447761350706399	-190.71496754001248	1.7021891835611314E-4	-0.40014687180519104	0.016772133899738213	1.0	144.58939289142174	255,0,255	NA	"Ihmotep"
1327	Im_Bo_96	-1.5959602581532775	0.3697091247564146	0.15490213616058818	5.401542111047051	166.95731166459078	1.6455299007675137	15.7262192134041	-184.88332416861888	1.6873187269084156E-4	-0.39934152364730835	0.0212005453503278	1.0	113.60998400145303	255,0,255	NA	"Ihmotep"
1328	Im_Bo_97	-1.5593035465488203	0.4168350986456746	0.1607199416217871	5.686491130559462	165.03356931633067	1.622038824867515	9.704042756083894	-186.93433728478914	1.6945980314631015E-4	-0.3995996415615082	0.017213589829954315	1.0	-162.4795676214569	255,0,255	NA	"Ihmotep"
1329	Im_Bo_98	-1.550282338108471	0.4337189442617259	0.1776042914939268	6.295767733515659	164.37009577791343	1.619577332151705	10.596000094853588	-186.28922235132808	1.6958385822363198E-4	-0.3994332253932953	0.009422630342461172	1.0	146.22135507198132	255,0,255	NA	"Ihmotep"
1330	Im_Bo_99	-1.64534937461389	0.31614903966420194	0.15454203909647302	5.27000780454284	169.1233487128748	1.6825599607951607	17.220962590646703	-183.36949623102745	1.6664962458889931E-4	-0.3980666995048523	0.016750637437942764	1.0	96.64772494554083	255,0,255	NA	"Ihmotep"
1331	Im_Bo_100	-1.62275237364271	0.3147822892046863	0.10575177235800243	3.660544127040962	169.02207595431165	1.6563805701338237	13.568579537275063	-193.35673872713073	1.6777869313955307E-4	-0.4002267122268677	0.01350831672368406	1.0	135.845806999271	255,0,255	NA	"Ihmotep"
1332	Im_Bo_101	-1.5577627062526616	0.38153974792601886	0.08591469025000731	3.0663591302939004	166.237589556166	1.6061066472186152	25.375635934387596	-204.53295546239772	1.7001321248244494E-4	-0.4019065797328949	0.008529547647211033	1.0	142.90436529072443	255,0,255	NA	"Ihmotep"
1333	Im_Bo_102	-1.5760058164596558	0.3523939400911331	0.07323349267244339	2.596469132320775	167.39602154301753	1.6165824961865154	19.441938180382305	-201.64221028467452	1.6971680452115834E-4	-0.4021472930908203	0.011048315029221762	1.0	126.57895110166689	255,0,255	NA	"Ihmotep"
1334	Im_Bo_103	-1.5698725204451054	0.3305688524264565	0.026160253401099842	0.9342019292711076	168.1089174742336	1.6045123419597689	22.21997061501714	-212.2709760120431	1.6978982603177428E-4	-0.403242290019989	0.0073212700632040726	1.0	99.23182979755119	255,0,255	NA	"Ihmotep"
1335	Im_Bo_104	-1.611331776238338	0.2845493956510485	0.03999201306431133	1.400090739637264	169.98523630363283	1.636752214841853	12.613562404760144	-208.09569297671675	1.6853550914674997E-4	-0.4027779996395111	0.013761842321369382	1.0	139.46982173692976	255,0,255	NA	"Ihmotep"
1336	Im_Bo_105	-1.5888503216593146	0.3266280060400414	0.052009211006891765	1.8364659699193213	168.38325745997574	1.6229097809170294	13.4563990246562	-202.76206994628484	1.6942482034210116E-4	-0.4021309018135071	0.012499827812046298	1.0	121.15281819318015	255,0,255	NA	"Ihmotep"
1337	Im_Bo_106	-1.9120704000391164	0.07021429950461322	0.06365511073108943	1.9054574743474595	177.896951814471	1.9144177275826866	25.186471991405465	-97.31927699210189	1.58520313561894E-4	-0.38201189041137695	0.07392930757905021	1.0	47.97468622233601	255,0,255	NA	"Ihmotep"
1338	Im_Bo_107	-1.7646702809604793	0.28202684097308583	0.26127521486378164	8.317914237935033	170.91986665894282	1.8060634201036545	25.30415439743054	-120.91580870475103	1.6281420539598912E-4	-0.38759645819664	0.04643776788353382	1.0	127.75784771986206	255,0,255	NA	"Ihmotep"
1339	Im_Bo_108	-1.7252556681632996	0.267696276307106	0.1797572746872902	5.87843912899186	171.1801331582646	1.7551299366945132	29.156007801294844	-159.06996614433328	1.6398276784457266E-4	-0.3929150700569153	0.025175974770916692	1.0	-160.16487223741206	255,0,255	NA	"Ihmotep"
1340	Im_Bo_109	-1.8060577066852548	0.22839904933281985	0.23062800919365323	7.220217673260343	172.79247775219028	1.834993145556126	26.66077708907425	-124.69434149963232	1.6204813437070698E-4	-0.3871566355228424	0.02101105594028732	1.0	-104.60203292349807	255,0,255	NA	"Ihmotep"
1341	Im_Bo_110	-1.709106683731079	0.2959197908639908	0.20302444696426392	6.675996099197437	170.17702578740574	1.7463771371225574	24.52546555470967	-163.27229821994726	1.642358402023092E-4	-0.3938497006893158	0.019548746892555667	1.0	124.38336755039154	255,0,255	NA	"Ihmotep"
1342	Im_Bo_111	-1.6670591080687742	0.3408219853646332	0.22708302799177602	7.601615555583364	168.445390960523	1.7166282058456517	32.37608123261167	-163.933524249402	1.6513108857907355E-4	-0.3938971757888794	0.01681531356936422	1.0	-137.4973941592608	255,0,255	NA	"Ihmotep"
1343	Im_Bo_112	-1.6791648807233304	0.338919182589534	0.23967108296765904	7.96460203430442	168.5888473709201	1.7297118653095507	28.869074523356154	-155.94820996953376	1.6493209113832563E-4	-0.392823189496994	0.01206306404557239	1.0	-172.70386520609287	255,0,255	NA	"Ihmotep"
1344	Im_Bo_113	-1.6873516106485036	0.3453641088825009	0.259459249185801	8.566851301027816	168.43256847739002	1.7417666111308838	28.838053800301086	-149.38787902471645	1.644865405978635E-4	-0.39125654101371765	0.01889714712097089	1.0	157.42736458923792	255,0,255	NA	"Ihmotep"
1345	Im_Bo_114	-1.7331649661064148	0.32397422194480896	0.29030853509902954	9.34986775777208	169.41209881467142	1.7869244924659626	23.568712745047716	-129.65465081371514	1.6347244672942907E-4	-0.3884691894054413	0.007664171541755732	1.0	165.99502732308568	255,0,255	NA	"Ihmotep"
1346	Im_Bo_115	-1.7556744787590413	0.3099911964661368	0.29661987971373166	9.446103212645154	169.98675741803405	1.807338034318353	24.07596631379002	-119.56750178839893	1.6290046914946288E-4	-0.3865196406841278	0.011336859118303429	1.0	112.28772613835164	255,0,255	NA	"Ihmotep"
1347	Im_Bo_116	-1.7144604325294495	0.3402779549360275	0.28959767520427704	9.407474250429049	168.77409403496526	1.7717309261872225	23.55902362380499	-136.87239797196804	1.6351301746908575E-4	-0.3883602023124695	0.007639894689653881	0.9964991659947489	166.92408285703485	255,0,255	NA	"Ihmotep"
1348	Im_Bo_117	-1.7050622701644897	0.34126363694667816	0.2783772945404053	9.095312650356036	168.68195181006413	1.7610201966917338	21.191197172382964	-139.5842218456117	1.642358402023092E-4	-0.3904682397842407	0.005829589538445915	1.0	141.53490286840633	255,0,255	NA	"Ihmotep"
1349	Im_Bo_118	-1.6717470018676701	0.367823616100219	0.4412578655518825	14.45523383918568	167.5912975266481	1.767693625809062	16.003645161523472	-121.37546875357128	1.6316858818754554E-4	-0.38806474208831787	0.03805243173771548	1.0	-179.8951900384369	255,0,255	NA	"Ihmotep"
1350	Im_Bo_119	-1.7007117562395857	0.3360999957833946	0.47374973574494617	15.284294796924751	168.82107343335264	1.7971706922536714	15.768486935422004	-117.20701825847304	1.6199916717596352E-4	-0.38710540533065796	0.044999945335049134	1.0	122.53307252676214	255,0,255	NA	"Ihmotep"
1351	Im_Bo_120	-1.694968609645693	0.3472504947197433	0.44746546929156805	14.500375329644234	168.4219481857211	1.787100120299835	19.02887445972324	-117.1731888560312	1.6297350521199405E-4	-0.38738730549812317	0.01113374961418956	1.0	130.22377923590727	255,0,255	NA	"Ihmotep"
1352	Im_Bo_121	-1.6495801904495462	0.4025627228305566	0.3911508734330879	12.97241063666802	166.28562721473273	1.7424610630725095	21.23970815277842	-124.91838010050283	1.6435646102763712E-4	-0.3890577554702759	0.03169769347993692	1.0	-145.78345556942068	255,0,255	NA	"Ihmotep"
1353	Im_Bo_122	-1.59195013635471	0.45346585745372414	0.3879255465027907	13.189638951439866	164.10043502829487	1.7001243337313627	2.4917305302633976	-145.41939786008828	1.6584701370447874E-4	-0.39207923412323	0.011241474933617856	1.0	-152.1766335844566	255,0,255	NA	"Ihmotep"
1354	Im_Bo_123	-1.6148773627740003	0.43558522476264455	0.367930130282163	12.406109284407234	164.90470059889523	1.7125816668412879	18.658551763211744	-143.79467223755537	1.6570558364037424E-4	-0.3920765221118927	0.014627590113428311	1.0	166.0152488068522	255,0,255	NA	"Ihmotep"
1355	Im_Bo_124	-1.6059878352871007	0.4340528033630713	0.41804380421528436	14.10563087982641	164.87592496377695	1.715330692735449	14.533888132487066	-145.08184188716336	1.6494010924361646E-4	-0.39205265045166016	0.0070209331614563076	1.0	168.17437423239141	255,0,255	NA	"Ihmotep"
1356	Im_Bo_125	-1.5723400756433792	0.46580590595998494	0.47512717173264546	16.157978215695596	163.49807184018525	1.7073295770940335	5.461261839054206	-153.66861572220228	1.6391577082686126E-4	-0.39315345883369446	0.007483380022957115	1.0	149.85360805164143	255,0,255	NA	"Ihmotep"
1357	Im_Bo_126	-1.6255235982839185	0.4141910663352522	0.4371613205713493	14.606877024962147	165.70495486625816	1.7334910522450118	16.518260063430986	-137.20489477974206	1.6412782133556902E-4	-0.39087316393852234	0.008871227940192713	1.0	150.54180996332045	255,0,255	NA	"Ihmotep"
1358	Im_Bo_127	-1.6036111698148998	0.4294994297954161	0.47166677393034795	15.860590670516062	165.00623025017978	1.7258354758723558	13.736773853361619	-147.68640374038222	1.6360305016860366E-4	-0.39215877652168274	0.012164430800759535	1.0	151.35575608551022	255,0,255	NA	"Ihmotep"
1359	Im_Bo_128	-1.6240362396897603	0.4133543021192551	0.4558521167155237	15.217296750830194	165.72012160285604	1.7367085648490872	16.29497808269926	-139.41949963517555	1.6374124970752746E-4	-0.39083555340766907	0.008576419610908877	1.0	136.7543268240372	255,0,255	NA	"Ihmotep"
1360	Im_Bo_129	-1.539464899733456	0.4954280143511776	0.31072077800667675	10.875854550358303	162.16087331885484	1.6467994707311404	19.414154192239444	-164.64349612221105	1.68123486218974E-4	-0.39577487111091614	0.015109594242936324	1.0	153.90801849981298	255,0,255	NA	"Ihmotep"
1361	Im_Bo_130	-1.5639116647295848	0.4781816839324864	0.2960914551742819	10.262417764932735	162.99846199111755	1.6619709888421617	16.46082781185457	-165.8400466780104	1.67893769685179E-4	-0.3952261507511139	0.007593432076083134	1.0	147.3217819834724	255,0,255	NA	"Ihmotep"
1362	Im_Bo_131	-1.548196792602539	0.48949243128299713	0.3215038329362869	11.199850477399988	162.45464021549788	1.6552585488378704	13.525556384805801	-161.74557615619656	1.6781069280114025E-4	-0.39523985981941223	0.011285132758879931	1.0	162.6075296375352	255,0,255	NA	"Ihmotep"
1363	Im_Bo_132	-1.5226345415350195	0.47366992560547405	0.1878771263305291	6.719618875393392	162.71982589702256	1.6056391126579073	7.342446367430276	-187.0257454941277	1.7061397375073284E-4	-0.39980530738830566	0.016764408242387396	1.0	156.91714632075534	255,0,255	NA	"Ihmotep"
1364	Im_Bo_133	-1.5599400917109543	0.4550988093571627	0.22891520967605508	8.018689449860425	163.73585921782146	1.6410149875081945	20.829249900418183	-179.24340393218165	1.6865870566107333E-4	-0.3973444104194641	0.021007378794654	1.0	175.7032568019876	255,0,255	NA	"Ihmotep"
1365	Im_Bo_134	-1.571946387187242	0.4560069246428863	0.2503440001613674	8.696090985595262	163.82305098280236	1.6557867851659163	18.9154091783958	-171.69117868381883	1.6809806402307004E-4	-0.3962267339229584	0.014989946881576987	1.0	163.71574007931926	255,0,255	NA	"Ihmotep"
1366	Im_Bo_135	-1.374148407014105	0.6609415286764917	0.19532843176454429	7.299716111377186	154.31325332448955	1.5372965703091308	22.35750437582548	-181.52509843360508	1.7265039787162095E-4	-0.3986393213272095	0.03740220206528555	1.0	153.07463076031436	255,0,255	NA	"Ihmotep"
1367	Im_Bo_136	-1.3235963754099473	0.6977167944322828	0.20384995050048393	7.75832546666692	152.2046206358436	1.5100565858769204	13.80407978924691	-182.35290055175835	1.73339678440243E-4	-0.39929747581481934	0.01341687521802935	1.0	146.80342558910704	255,0,255	NA	"Ihmotep"
1368	Im_Bo_137	-1.3506937623023987	0.6876316070556641	0.2453405037522316	9.194766133918595	153.01957753788594	1.5353836098271865	13.377344420555087	-175.43096686806592	1.7239199951291084E-4	-0.3980116546154022	0.012766591870777949	1.0	-172.753362066477	255,0,255	NA	"Ihmotep"
1369	Im_Bo_138	-1.3155754236498927	0.7005798909677796	0.1905252692026096	7.284474495929448	151.9634780550606	1.502614640267007	13.3213514981603	-185.8683855001465	1.7369704437442124E-4	-0.4001092314720154	0.010718597469462104	1.0	-104.07020284709016	255,0,255	NA	"Ihmotep"
1370	Im_Bo_139	-1.3605862973434921	0.6627195834614668	0.16694178083178762	6.294778488478744	154.03003569838822	1.5225839474424725	18.7460716433963	-191.21713510100494	1.733212557155639E-4	-0.4002395272254944	0.01532900215613296	1.0	-144.5497923184352	255,0,255	NA	"Ihmotep"
1371	Im_Bo_140	-1.3903389745468353	0.6202839259656152	0.16116045738216217	6.042675462878762	155.9565038047166	1.53093674133809	14.523437501973701	-194.89612394866413	1.730805088300258E-4	-0.4012424945831299	0.00840339956461736	1.0	179.39387884765893	255,0,255	NA	"Ihmotep"
1372	Im_Bo_141	-1.4129560329987998	0.6073632975311187	0.19856868104612446	7.356836847267956	156.73940689964851	1.5507302948830195	10.60263502588314	-188.3174057175031	1.7233366088476032E-4	-0.40025708079338074	0.010148335424391784	0.8020359198179154	-149.60991819184045	255,0,255	NA	"Ihmotep"
1373	Im_Bo_142	-1.4088532194100758	0.6213264878359139	0.21376339878174508	7.903710884604037	156.20176425856206	1.5545445599877061	10.681266251573215	-185.656032433587	1.7228223441634327E-4	-0.3997809886932373	0.009539797476908406	1.0	-124.48596758143341	255,0,255	NA	"Ihmotep"
1374	Im_Bo_143	-1.3751708509559182	0.6047590292855207	0.09969680255998914	3.796804560983075	156.26154198428594	1.505578893735521	5.2209357328183765	-200.38202986755928	1.7465068958699703E-4	-0.4030165672302246	0.009666534870163966	1.0	-130.4764040341379	255,0,255	NA	"Ihmotep"
1375	Im_Bo_144	-1.3704118806959251	0.5990935511916846	0.07040360353429656	2.6950679061132776	156.38682450749835	1.4972970557717065	11.727923344848305	-201.40508653548451	1.7521005065646023E-4	-0.4032141864299774	0.010024925387236554	0.9498777013882581	-150.2114005222175	255,0,255	NA	"Ihmotep"
1376	Im_Bo_145	-1.0911562243622894	0.8473691761336719	0.0045249771247529436	0.18766081062903955	142.1678317420017	1.381548733141182	18.283912415654992	-205.2955910876261	1.789859525160864E-4	-0.40399977564811707	0.04038030041788099	1.0	-134.13884230628346	255,0,255	NA	"Ihmotep"
1377	Im_Bo_146	-1.0742966532707214	0.9126492142677307	0.18942533433437347	7.6535558606118625	139.65103944929945	1.42229527342949	16.209504225462236	-202.81861288220415	1.7569928604643792E-4	-0.40338584780693054	0.01981312010361749	1.0	117.3429143543017	255,0,255	NA	"Ihmotep"
1378	Im_Bo_147	-0.8144819438457489	1.1838460564613342	0.30224671959877014	11.878252904478343	124.52783556217936	1.4684091397693013	20.619651746428907	-160.50313416501447	1.7232762183994055E-4	-0.39524078369140625	0.01895101378629651	1.0	-102.14422449814317	255,0,255	NA	"Ihmotep"
1379	Im_Bo_148	-0.8230715260193547	1.1857528482391884	0.32581265038722407	12.719803449477716	124.7658347075294	1.4797332317696743	18.830269346710768	-154.31069944022323	1.7185301112476736E-4	-0.39412105083465576	0.013966320688471682	1.0	-129.07263175349146	255,0,255	NA	"Ihmotep"
1380	Im_Bo_149	-0.8156217932701111	1.1670541167259216	0.2558341473340988	10.186320622077881	124.94863311014132	1.446618585518048	22.178551358906446	-173.05818382928004	1.7340884369332343E-4	-0.39746278524398804	0.010599535932879456	1.0	-109.89556529560949	255,0,255	NA	"Ihmotep"
1381	Im_Bo_150	-0.9125079214572906	1.0745036005973816	0.24372024834156036	9.80885346261288	130.33913815911689	1.4306041569458388	14.376160917972197	-185.37063639722527	1.7446777201257646E-4	-0.40009990334510803	0.01782889240537934	1.0	-118.2272194466521	255,0,255	NA	"Ihmotep"
1382	Im_Bo_151	-0.9157372713088989	1.0678987503051758	0.22138457000255585	8.943380057143631	130.61352448059873	1.4240764090465232	13.375684610418046	-189.81401585831085	1.7496515647508204E-4	-0.40108171105384827	0.017596175537446235	1.0	-96.67968016125998	255,0,255	NA	"Ihmotep"
1383	Im_Bo_152	-0.7523069080612256	1.2154428106083985	0.178478224145324	7.117107741815839	121.75572877298046	1.4405281622621453	13.111859430642108	-161.72340879661834	1.7447688151150942E-4	-0.3956173360347748	0.024395647239344155	1.0	162.4117211389744	255,0,255	NA	"Ihmotep"
1384	Im_Bo_153	-0.7565819621086121	1.2126473188400269	0.20558441430330276	8.184980714585098	121.96042350299491	1.44402033804322	16.557217753816204	-162.16482408505928	1.742315071169287E-4	-0.3962739408016205	0.011415769377374249	1.0	133.33132507004012	255,0,255	NA	"Ihmotep"
1385	Im_Bo_154	-0.7670031002211893	1.201013300417413	0.19739310979816282	7.8863141087158635	122.56352145713574	1.43864197885514	17.11570546988682	-164.21808981676483	1.742315071169287E-4	-0.3962739408016205	0.010427194554284772	1.0	-111.40396636025541	255,0,255	NA	"Ihmotep"
1386	Im_Bo_155	-0.8304344180533212	1.1216508222310881	0.10219142651933098	4.1879282677431915	126.51506433499029	1.3993444813030458	8.113629789871439	-189.81684049297272	1.765610941220075E-4	-0.40115052461624146	0.012880626997818705	1.0	170.55906199053854	255,0,255	NA	"Ihmotep"
1387	Im_Bo_156	-0.8102383655024497	1.144750872115839	0.10236549235601596	4.174564009231395	125.29031644513356	1.4062074747942939	12.484516372497593	-187.5280880092837	1.762217580107972E-4	-0.40026336908340454	0.008072630005773594	1.0	-144.3081517688269	255,0,255	NA	"Ihmotep"
1388	Im_Bo_157	-0.8848898922182742	1.0564790468551197	0.06771708237329002	2.8131238418734035	129.9490008650334	1.3797694376377243	4.822278064737679	-195.9074931745761	1.7795265011955053E-4	-0.40285229682922363	0.008167207354810161	1.0	133.3320652040231	255,0,255	NA	"Ihmotep"
1389	Im_Bo_158	-0.9448086201439834	1.016881975387351	0.13616239071605	5.602528987165374	132.8958748627806	1.3947230826266444	5.355212205256031	-199.95661415269748	1.7691307584755123E-4	-0.40324825048446655	0.01115054938853586	1.0	144.85064212119346	255,0,255	NA	"Ihmotep"
1390	Im_Bo_159	-0.9042546312133507	1.0594123558102368	0.14962356190013065	6.131349236069144	130.48220180520482	1.4008633723493062	7.054408823894221	-195.42699029866776	1.7654613475315273E-4	-0.40252843499183655	0.01406037540803439	1.0	178.21192637383638	255,0,255	NA	"Ihmotep"
1391	Im_Bo_160	-0.7843801361151503	1.1625822877755942	0.07886625816597656	3.2186303420794107	124.00706120360258	1.404659980371997	15.938138008117681	-185.23583984374997	1.7633188690524548E-4	-0.4001266360282898	0.007140822120734373	1.0	142.3295334594272	255,0,255	NA	"Ihmotep"
1392	Im_Bo_161	-0.779868642163718	1.172046384449392	0.09352773741886722	3.8008943435742366	123.63942069296557	1.4108987433539892	18.312084780454438	-180.43814609674914	1.7610816576052457E-4	-0.39935755729675293	0.005537163091787821	1.0	126.16487791056923	255,0,255	NA	"Ihmotep"
1393	Im_Bo_162	-0.8093104660511017	1.151436984539032	0.13323432207107544	5.407881069879066	125.10223155472582	1.4136979678849118	21.319031862767524	-178.79351761820425	1.7570622731000185E-4	-0.3984169661998749	0.007954706829381547	0.9963365413962584	170.4606657523812	255,0,255	NA	"Ihmotep"
1394	Im_Bo_163	-1.0356362268034327	0.963891766346329	0.26174785957824287	10.481679254484078	137.05493101899307	1.4387986910932635	7.993407551228938	-192.6729350608283	1.7433814355172217E-4	-0.4014908969402313	0.010485167349343003	1.0	179.4186370254314	255,0,255	NA	"Ihmotep"
1395	Im_Bo_164	-1.029399159963594	0.9793715041871592	0.3060640943107311	12.156237177883165	136.426634306035	1.453446388269557	11.859649438722288	-188.9156961367223	1.7319820472039282E-4	-0.40048161149024963	0.013294328726721304	0.5442907050161935	-117.15914478275299	255,0,255	NA	"Imhotep"
1396	Im_Bo_165	-1.0247954649860451	0.9876390396125666	0.32450687016017377	12.844119576153494	136.05775591059142	1.4597744094222058	11.285237341672284	-185.77205472905285	1.7260962340515107E-4	-0.39984065294265747	0.012992749486480474	1.0	-114.07828646141168	255,0,255	NA	"Imhotep"
1397	Im_Bo_166	-1.0168079642303418	0.9902798676724398	0.30929979872724955	12.293509961620758	135.757246119234	1.4526592917585024	10.295587149213443	-187.68591780657633	1.7319820472039282E-4	-0.40048161149024963	0.0063325441001867945	1.0	-138.6154649930607	255,0,255	NA	"Imhotep"
1398	Im_Bo_167	-1.0302782654762268	0.9896304607391357	0.34031663835048676	13.399271229732078	136.1528408824619	1.4685561506029086	9.1688756942749	-183.52217102050778	1.7218940774910152E-4	-0.3994913101196289	0.007403067847098385	1.0	-130.08210997995488	255,0,255	NA	"Imhotep"
1399	Im_Bo_168	-1.0263963165709236	0.9643838078540712	0.22784752098677052	9.189702073406588	136.7841782019258	1.4266884804824405	10.26364930240118	-196.49231328995486	1.7502880655229092E-4	-0.4021252393722534	0.007189826571011856	1.0	-155.1817188958315	255,0,255	NA	"Imhotep"
1400	Im_Bo_169	-1.0385979674687933	0.9541615690100597	0.2303066587172774	9.27434712653699	137.42626221634433	1.429038556112313	9.499203315902134	-196.41237945524603	1.7504964489489794E-4	-0.40225955843925476	0.009312341516289764	1.0	-114.13135659324925	255,0,255	NA	"Imhotep"
1401	Im_Bo_170	-1.0459641218185425	0.955724447965622	0.26663820445537567	10.657924585690091	137.5812477104805	1.4417163717756742	8.514035957314725	-192.47568268363224	1.741426531225443E-4	-0.40131676197052	0.0053439287254518604	1.0	-158.64396890409722	255,0,255	NA	"Imhotep"
1402	Im_Bo_171	-1.0412736444968191	0.956470877291558	0.25278439870330965	10.136605315519304	137.43070387876207	1.4363103056297981	5.11737060546875	-193.6259918212891	1.7466010467614979E-4	-0.40178534388542175	0.004943301859685555	1.0	-145.85883287045613	255,0,255	NA	"Imhotep"
1403	Im_Bo_172	-1.051753282546997	0.9463095366954803	0.2452411875128746	9.83385854808081	138.0208672235686	1.4359073600486638	8.260032116111393	-194.2625070774618	1.746613415889442E-4	-0.40191513299942017	0.006615554053722542	0.665924376646607	58.99239655962503	255,0,255	NA	"Imhotep"
1404	Im_Bo_173	-1.074355998425345	0.9344632331137319	0.28099234529912576	11.163387161054347	138.983606615366	1.4513507651531354	8.333702677253656	-191.42378020525126	1.738018763717264E-4	-0.4011411964893341	0.004878886684728229	1.0	-110.46226560480935	255,0,255	NA	"Imhotep"
1405	Im_Bo_174	-0.9639510214328766	1.0133712887763977	0.19187547266483307	7.811624717384874	133.5682742051174	1.4117149633152497	9.069481340804847	-196.3080952387194	1.7580194980837405E-4	-0.4023653566837311	0.008295566987428598	1.0	-157.29953084107336	255,0,255	NA	"Imhotep"
1406	Im_Bo_175	-0.9796459200151021	0.9957289489921666	0.1726302680377632	7.045212588880012	134.53352179572457	1.4074741482194515	8.588772920458	-199.52206265573503	1.7608595953788608E-4	-0.4029504656791687	0.008925094362064817	1.0	-177.2794882058913	255,0,255	NA	"Imhotep"
1407	Im_Bo_176	-0.9685016313259527	0.9968238693593503	0.1415764149188023	5.816389925398995	134.17436964812984	1.3970315378211187	4.6656549004008285	-201.20651520677006	1.769602531567216E-4	-0.4035208225250244	0.009107860619981195	0.6281836140762735	169.10904173175808	255,0,255	NA	"Imhotep"
1408	Im_Bo_177	-1.0225331530496509	0.9503093869076196	0.15404040829411364	6.2970261865120385	137.09660412443534	1.4044181810692333	9.298463954949286	-204.43324602769758	1.7664142069406807E-4	-0.4040949046611786	0.009097667461192558	1.0	-160.88254308098846	255,0,255	NA	"Imhotep"
1409	Im_Bo_178	-1.0134181690179958	0.947270320633511	0.10462510975727099	4.313169099883163	136.9322577903899	1.3911448016797616	1.8603782520608838	-204.38310094548362	1.7761961498763412E-4	-0.40425387024879456	0.007970808821235187	0.9839539968470373	-161.55724099075763	255,0,255	NA	"Imhotep"
1410	Im_Bo_179	-0.9640328009409413	1.0239136104418933	0.2386302266753338	9.630402875670269	133.27466145804493	1.4264300571781676	8.682840948860594	-191.2064796103469	1.7494864005129784E-4	-0.40139883756637573	0.007960219706246623	1.0	-111.64467586320615	255,0,255	NA	"Imhotep"
1411	Im_Bo_180	-0.9430479109287262	1.0381017327308655	0.21472539007663727	8.704525425151296	132.25310525374906	1.4188381031496948	9.864528867199903	-193.50332574412778	1.7525746079627424E-4	-0.40174344182014465	0.006797207468798301	1.0	-119.12409439305347	255,0,255	NA	"Imhotep"
1412	Im_BP_01	-1.9039376669397925	0.0028965906615847636	-0.07798056075951237	-2.3453793067397877	179.91283207705573	1.9055361444186696	18.768918991088864	-108.52556610107416	1.5859481936786324E-4	-0.38517820835113525	0.004953342573948018	1.0	18.596868179177235	0,102,255	NA	""
1413	Im_BP_02	-1.9185453653335571	-0.011753609403967857	-0.08218249306082726	-2.4527671002469424	180.35100748735445	1.9203407063181746	24.148976435018504	-99.78418542872686	1.5747420547995716E-4	-0.38345441222190857	0.00417584183021042	1.0	82.10986189635304	0,102,255	NA	""
1414	Im_BP_03	-1.907434454183405	-0.017898335630049722	-0.11719963247351375	-3.5158840768288044	180.53761689849028	1.9111154599542637	25.50992774963379	-87.29573059082034	1.5730982704553753E-4	-0.38219359517097473	0.0035764187902635647	1.0	74.4409515943527	0,102,255	NA	""
1415	Im_BP_04	-1.853288779130354	0.02312411760215538	-0.08998997068517262	-2.779706363869194	179.28513806974172	1.8556163985288754	29.562693080578164	-125.7556051118167	1.5960593009367585E-4	-0.3879093825817108	0.0039952504492602545	1.0	74.361298532099	0,102,255	NA	""
1416	Im_BP_05	-1.859589550770818	0.005176935105091984	-0.12221370714615476	-3.760102385171605	179.84049395957337	1.8636084052738928	28.402316833683486	-106.45077947434692	1.5938011347316206E-4	-0.38713952898979187	0.009900575961037253	0.22272292531039944	-150.26089671006196	0,102,255	NA	""
1417	Im_BP_06	-1.8198063520204641	0.032186422927017455	-0.12716436145747026	-3.9965917548697694	178.98673068710923	1.8245278565973586	23.153582003429154	-148.18845300976363	1.6082926595117897E-4	-0.3906717300415039	0.0036164558445770235	1.0	80.76629711786669	0,102,255	NA	""
1418	Im_Bo_181	-2.2809689044952393	-0.4036053419113159	-0.05577165447175503	-1.3792354278820804	190.03432145343749	2.3170729148509936	24.419702887455188	75.7501775216935	1.4042772818356752E-4	-0.3573283851146698	0.050924206359857525	1.0	95.48677991112741	255,0,255	NA	""
1419	Im_Bo_182	-1.9376841980236676	0.041776091942315685	0.2318648645474596	6.82204408331912	178.76490555522227	1.9519545610849163	9.930592041534142	-93.63985783829025	1.580896059749648E-4	-0.3829139769077301	0.013928144619522529	1.0	-154.06871898295668	255,0,255	NA	""
1420	Im_Bo_183	-1.9722076774355461	0.0026879914278624684	0.2334971017897431	6.7520262453289925	179.9219096089205	1.985983697007062	14.390396036193486	-87.79923956619214	1.5628585242666304E-4	-0.3815373182296753	0.012140371175048077	0.5699985864302807	-153.00432278813702	255,0,255	NA	""
1421	Im_Bo_185	-1.9778175354003906	-0.008597019826993346	0.18800117820501328	5.429876891910153	180.24904716510747	1.9867512564721468	9.524866821484489	-84.6793575361386	1.5667895786464214E-4	-0.38129106163978577	0.011463694558006417	1.0	-136.51943769941943	255,0,255	NA	""
1422	Im_Bo_186	-1.9403268566408198	0.03982208322932268	0.21054981439716725	6.191785446954512	178.82426147714128	1.9521232884367343	9.482752448413779	-94.69437217921039	1.582652039360255E-4	-0.38306525349617004	0.009482865578029619	0.7004848280430318	98.24166770575903	255,0,255	NA	""
1423	Im_Bo_187	-1.846626256366609	0.14568910679185904	0.16573461374158094	5.112749958353828	175.48900800363862	1.8597639120954137	17.167093777831838	-115.40884294815935	1.6110514116007835E-4	-0.38636133074760437	0.016883875298069524	0.8863222122806479	171.87098391023594	255,0,255	NA	""
1424	Im_Bo_188	-2.0025235180601024	-0.03421495016918463	0.2273120902904069	6.475148226732268	180.97885567574932	2.0156740534101942	7.780615784707021	-79.0144164801857	1.551767491037026E-4	-0.3801495432853699	0.008906619769852808	1.0	168.5344741709693	255,0,255	NA	""
1425	Im_Bo_189	-1.8948651791717037	0.09482302877215298	0.15403066420522535	4.641484747140414	177.13518876293028	1.903478631227165	11.130957422647853	-104.49328371330705	1.6006648365873843E-4	-0.3847050070762634	0.007909735420922274	1.0	135.7854858191594	255,0,255	NA	""
1426	Im_Bo_191	-1.7616713877924135	0.15260277531726196	0.04446737830122849	1.4405369759340363	175.04917689886543	1.7688275872266248	26.76312179842398	-165.13342732317926	1.627713063498959E-4	-0.39384105801582336	0.016833975434787204	0.8274105284933145	-165.9405010971933	255,0,255	NA	""
1427	Im_Bo_192	-1.781488464652533	0.20321036020305783	0.1576041066735604	5.0232552232629555	173.4925266280695	1.7999540701429764	25.48222904670123	-148.34707981008367	1.626840967219323E-4	-0.39113321900367737	0.010645617919737305	1.0	166.1645423103987	255,0,255	NA	""
1428	Im_Bo_193	-1.7768838528118587	0.12280083033607794	0.004192071382558837	0.1348518113630051	176.04656235929806	1.7811271273486409	24.296081714533962	-162.46624682732298	1.6247112944256514E-4	-0.39361149072647095	0.01711667570868317	0.7459609789069157	102.09830845975628	255,0,255	NA	""
1429	Im_Bo_194	-1.8212104000592173	0.0845709910063385	-0.011439513767440401	-0.3594981268843607	177.3412833476489	1.8232088295855975	33.9744869231029	-141.60607669254037	1.6089201380964369E-4	-0.3899170458316803	0.02018058949816219	0.6985300517612202	-140.25249901575302	255,0,255	NA	""
1430	Im_Bo_195	-1.7343988346234869	0.11679080629305005	-0.05829048540920517	-1.9205526913486983	176.14763719221042	1.7393036510819873	23.282827647180678	-163.9686323173297	1.6388601216021925E-4	-0.39564231038093567	0.009764279699286303	0.9277839407010569	-145.73687658056141	255,0,255	NA	""
1431	Im_Bo_196	-1.772882566442188	0.1829151266372355	0.11225314434729688	3.603865958334944	174.10941607003792	1.7858251052001732	26.041222596470956	-153.046390928326	1.626310113351792E-4	-0.3922022879123688	0.015030652143344501	1.0	-168.3276875318188	255,0,255	NA	""
1432	Im_Bo_197	-1.7493645734391539	0.24490577995079676	0.16938913438991754	5.47756061641755	172.03055858194273	1.7745275232316422	26.40777549531271	-158.0267341105261	1.6354805848095566E-4	-0.3925691246986389	0.009806421440056466	1.0	-176.50476221161753	255,0,255	NA	""
1433	Im_Bo_198	-1.779590904712677	0.22628428786993027	0.19117911905050278	6.083085998377488	172.75343036463042	1.8040781087951299	22.035743030127627	-143.34799129740367	1.6266174498014152E-4	-0.39009976387023926	0.008062627304194906	1.0	-165.10755231328773	255,0,255	NA	""
1434	Im_Bo_199	-1.9104370901526657	0.08204124725103701	0.1906695589617119	5.6942692937259265	177.5410177783313	1.921680390282459	8.790503736032266	-99.5558941763798	1.5932861424516886E-4	-0.3837484121322632	0.007539868821747047	0.7471844177029502	130.242748488398	255,0,255	NA	""
1435	Im_Bo_200	-1.9584206577903323	0.008932434186187554	0.015340558806113846	0.4487913021041411	179.7386734924831	1.9585011090078281	22.400065198276	-83.99676901720717	1.5760156384203583E-4	-0.3807675242424011	0.006665589842811518	1.0	-132.46943485315262	255,0,255	NA	""
1436	Im_Bo_245	-1.9769765734672546	-0.005797962658107281	0.08284725435078144	2.399624753309896	180.16803326965828	1.9787202065887879	22.41940988989244	-65.10900199844293	1.5640503261238337E-4	-0.37819159030914307	0.09401171730391374	0.33481753093069766	1.9346245273818583	0,0,0	NA	""
1437	Im_Bo_201	-1.8080404068053755	-0.004994831932870258	-0.19437004149968834	-6.1358886012268	180.15828300077217	1.8184649499013104	27.369654985197485	-139.61813393633648	1.6017456073313951E-4	-0.3897910416126251	0.02280586238051885	0.8271650107276117	17.621229167811684	255,0,255	NA	""
1438	Im_Bo_202	-1.8073290586471558	-0.017142449971288443	-0.22360818833112717	-7.052650426481424	180.54343207545475	1.8211899438856347	30.82019194577225	-141.40706966811405	1.5994517889339477E-4	-0.3898315131664276	0.022410704630540085	0.4005193839674992	8.163956758790757	255,0,255	NA	""
1439	Im_Bo_203	-1.8192729779221417	0.017374237022868555	-0.14670772974785562	-4.610194898284438	179.4528362683073	1.8252614032728556	28.775869733215355	-139.35955192057295	1.6088559641502798E-4	-0.3909962773323059	0.013673279088366103	0.9902674098144516	-154.27815435121568	255,0,255	NA	""
1440	Im_Bo_204	-1.7283725044213916	0.02826585990272773	-0.22429670649347383	-7.393164365476558	179.06306648961422	1.743094801042024	23.770213628441695	-172.32324782718072	1.6376031271647662E-4	-0.39607325196266174	0.019575618729800594	0.9231139904000129	-128.14882984644024	255,0,255	NA	""
1441	Im_Bo_205	-1.833554825809611	-0.015572744849599529	-0.19016596525048107	-5.921012743452032	180.4866127206264	1.8434556962323534	35.26184888158091	-124.69781763363069	1.5921292651910335E-4	-0.38837355375289917	0.016631483883743317	0.8028807879563233	140.85765091658104	255,0,255	NA	""
1442	Im_Bo_206	-1.8950189417001801	-0.015886238642495942	-0.13697095531869247	-4.133974216111755	180.48030818318102	1.9000290009843512	30.865322032631827	-89.37291850386599	1.5803947462700307E-4	-0.3839591443538666	0.020999838103597422	1.0	5.70302363780592	255,0,255	NA	""
1443	Im_Bo_207	-1.882510006427765	0.026621942408382893	-0.06561872363090515	-1.996153485915852	179.18979274108483	1.8838414129138383	28.444956187059116	-126.30756015916346	1.5876180259510875E-4	-0.3857356011867523	0.020060191439176006	0.8194812275265841	70.78695934007145	255,0,255	NA	""
1444	Im_Bo_208	-1.8828669762620744	0.008766556222461586	-0.08526616244739343	-2.5928559912612155	179.7332349819339	1.8848170259377415	28.569774913012687	-112.45838246116685	1.5888133202679455E-4	-0.38616830110549927	0.02152058080948653	0.4482344529320878	32.272851490340514	255,0,255	NA	""
1445	Im_Bo_209	-1.855928157347508	-0.004036301725484526	-0.15005520092809677	-4.622403371220851	180.12460756532303	1.8619887701843174	36.59573624108976	-113.46691223630987	1.5916793199721724E-4	-0.3873143792152405	0.016957137934869405	0.678677273142794	40.78731410743153	255,0,255	NA	""
1446	Im_Bo_210	-1.699281322020715	-0.028805914562373636	-0.3915132748177071	-12.972692149689461	180.9711748379446	1.7440382554407254	26.29068841245697	-155.0570426987906	1.657529064686969E-4	-0.3936099410057068	0.01936667496787751	0.559018493945501	155.2879341691816	255,0,255	NA	""
1447	Im_Bo_211	-1.7362174787643485	0.0033555958218174364	-0.2692168426796513	-8.814040343920668	179.88926431089072	1.7569690099636224	28.7823220770225	-167.23576121649077	1.6341626178473234E-4	-0.3949568271636963	0.01136658686586193	1.0	79.4817828501609	255,0,255	NA	""
1448	Im_Bo_212	-1.7318263185232945	-0.009470508249366794	-0.2955999377982679	-9.686145790968052	180.31331937728447	1.7568982358926737	30.72420307652533	-152.42777562794421	1.6329457866959274E-4	-0.3933182656764984	0.022673148417724436	0.8353792346410134	73.66098164359106	255,0,255	NA	""
1449	Im_Bo_213	-1.6922187306516963	0.04268668015533572	-0.2410400095005638	-8.104147147781612	178.55500473482155	1.709832351785155	20.426246012466482	-190.6543189255727	1.6467756358906627E-4	-0.3987047076225281	0.016967902639436518	0.6364354678254333	172.83967812734167	255,0,255	NA	""
1450	default	-1.604581571094358	0.017146040537700247	-0.45619254252713026	-15.869921065203755	179.38777910251744	1.6682588650623518	24.0820922813197	-164.2085131567644	1.6996500198729336E-4	-0.3962846100330353	0.013807292288854075	1.0	102.18328426558071	255,0,255	NA	""
1451	Im_Outcrop_02	-2.1229407033767087	-0.21335181499876954	-0.340861379454384	-9.076657353977108	185.73885643160057	2.1606903311257746	8.971173864700699	47.24736081438372	1.514392497483641E-4	-0.36051467061042786	0.04110180323991815	1.0	100.61816184448384	0,0,0	NA	""
1452	Im_Bo_214	-1.4741296348699127	0.42146320016254535	0.019726268238800082	0.7371332123366207	164.04442431502795	1.5333227107010399	18.78398684357511	-225.75591500268325	1.724880130495876E-4	-0.40675410628318787	0.01598501385568456	1.0	-60.221545049683094	255,0,255	NA	""
1453	Im_Bo_215	-0.7957870482875009	0.5230754216047503	-1.0475082927761945	-47.72556856215661	146.68285045558986	1.415683067054211	17.45204265949115	-76.8482984662803	1.9416939176153392E-4	-0.38257864117622375	0.02645356398803669	1.0	136.18549012967875	255,0,255	NA	""
1454	Im_Bo_216	-0.9195840782144599	0.43332902532954404	-1.005134287928831	-44.675989752756756	154.7691154515172	1.4295817073076966	16.837183470884977	-90.474268458094	1.9350426737219095E-4	-0.38521647453308105	0.019954977801801957	1.0	-146.75451322460236	255,0,255	NA	""
1455	Im_Bo_217	-0.9310576104378505	0.34179600550851064	-1.0694729473098659	-47.157629317023755	159.8415559272504	1.458583274401385	15.84147544703151	-73.03263229727156	1.9367177446838468E-4	-0.38099634647369385	0.018301316249255028	0.9865608636772202	-152.59334500422176	255,0,255	NA	""
1456	Im_Bo_218	-0.7792171191694507	0.39646604872625363	-1.098013071511271	-51.47187144237663	153.03298587637113	1.4035659413825066	28.48384048848643	-56.304882255414654	1.939598732860759E-4	-0.37969347834587097	0.013577650466093731	0.6090536593274519	174.89400000558038	255,0,255	NA	""
1457	Im_Bo_219	-0.7023100852966309	0.4661812037229538	-1.105354130268097	-52.67063559036152	146.42448568874482	1.390097882853824	44.33168322379575	-26.007914226217494	1.928309939103201E-4	-0.3776695430278778	0.01673805290316264	0.8172910606771217	-170.68470381181882	255,0,255	NA	""
1458	Im_Bo_220	-0.7231272459030151	0.5285161733627319	-1.0824463367462158	-50.393641925900276	143.83783600221255	1.4049670569833896	19.004047005469683	-65.10797574467503	1.9376723503228277E-4	-0.3810472786426544	0.010923738648602068	1.0	132.74688437954455	255,0,255	NA	""
1459	Im_Bo_221	-0.8540083816698122	0.4287124604818866	-1.0606245445644635	-47.98255350423956	153.34333538258653	1.4276025757427382	5.65999640157891	-71.67377404306094	1.944767136592418E-4	-0.3818417191505432	0.011355877478859026	1.0	133.34833433180538	255,0,255	NA	""
1460	Im_Bo_222	-0.8388724347504871	0.466647004158593	-1.051163963883404	-47.5974495662023	150.9137373299389	1.4235210104671692	8.85997985527597	-76.98261632130894	1.9446329679340124E-4	-0.38271504640579224	0.012463457176604211	1.0	129.7950823984262	255,0,255	NA	""
1461	Im_Bo_223	-0.8246398866176605	0.5781920552253723	-0.9738011956214905	-44.035730762152106	144.96397781138455	1.400937458961096	14.96080976358077	-90.5255869892645	1.9315093231853098E-4	-0.38521888852119446	0.014086051951451767	0.8501047212521993	-109.7781048602652	255,0,255	NA	""
1462	Im_Bo_224	-0.8813355565071106	0.4535579979419708	-1.0333560705184937	-46.193010829625635	152.76848174038798	1.4318840697271022	13.112004056178034	-76.76249528675258	1.939791109180078E-4	-0.38251304626464844	0.011447958861752336	0.9129935288798527	108.9950880568244	255,0,255	NA	""
1463	Im_Bo_225	-0.9013072550296783	0.4614042043685913	-1.0110865235328674	-44.95868846321479	152.89083303446296	1.4309243746082203	24.36951558899664	-86.9842862486551	1.9357830751687288E-4	-0.38414573669433594	0.014729941425651132	1.0	161.82018780706767	255,0,255	NA	""
1464	Im_Bo_226	-0.48226985903467945	1.3718360817419335	-0.16536882625293398	-6.48796828289099	109.36915749563452	1.4635112916539674	14.167104176619437	-145.02414208179644	1.74014872754924E-4	-0.39275091886520386	0.020284812863036322	1.0	90.44987941443839	255,0,255	NA	""
1465	Im_Bo_227	-0.5516209602355957	1.3042352795600891	-0.181539885699749	-7.305348884022481	112.92573264213223	1.427680663986279	17.163507909723904	-160.304330629074	1.7674989067018032E-4	-0.39642205834388733	0.02520103395446091	0.6701217647829877	21.06188072205148	255,0,255	NA	""
1466	Im_Bo_228	-0.4882979840040207	1.3552196025848389	-0.1979859694838524	-7.825817350077336	109.81455411077695	1.454047295147259	16.269398036412664	-150.51992188531614	1.7438973009120673E-4	-0.3936581313610077	0.03105865872177528	0.49634680774594914	-153.3186490543586	255,0,255	NA	""
1467	Im_Bo_229	-0.5766271650791168	1.3192831873893738	-0.09491074830293655	-3.7714622396453503	113.60898936956222	1.4429189395731379	8.626157677392252	-156.32129819403542	1.7569964984431863E-4	-0.3952082395553589	0.013134387117607386	1.0	-127.94223636982908	255,0,255	NA	""
1468	Im_Bo_230	-0.6274232034293054	1.2436779560720517	-0.17372065821280053	-7.1087389418257585	116.77049186088877	1.403771207038717	5.738809276502701	-168.14959353482223	1.7843683599494398E-4	-0.3979019522666931	0.014422811894425116	1.0	100.76270657428535	255,0,255	NA	""
1469	Im_Bo_231	-0.6276815831661224	1.2600719928741455	-0.12636186927556992	-5.12920664961848	116.47934258866925	1.4134118009548973	11.770054962099163	-165.69489577775366	1.7780928465072066E-4	-0.3974044919013977	0.011119160321143651	1.0	151.56133956223078	255,0,255	NA	""
1470	Im_Bo_232	-0.6705462634563446	1.226810336112976	-0.12875159084796906	-5.261534634263097	118.65999972085098	1.4040202506996762	5.087518839351605	-167.00696034186913	1.7859073705039918E-4	-0.3977392911911011	0.013479563506104235	1.0	177.3452250513248	255,0,255	NA	""
1471	Im_Bo_233	-0.6379074454307556	1.2630619406700134	-0.09267750382423401	-3.7472943589188636	116.79598639548097	1.4180410764925617	4.749646494481015	-163.82625006187791	1.7733642016537488E-4	-0.396951824426651	0.011968722531728234	0.9364022770105644	145.9572132967184	255,0,255	NA	""
1472	Im_Bo_234	-0.6015457102869394	1.3000623487719971	-0.08582206376914342	-3.428562369179598	114.83022959061847	1.4350556710067996	10.89023552347845	-158.96994575103489	1.7618987476453185E-4	-0.3956235945224762	0.00981742847620386	0.8467652653730969	50.684628823189	255,0,255	NA	""
1473	Im_Bo_235	-0.559581995010376	1.3260846138000488	-0.11054303869605064	-4.391834289403239	112.8788017966656	1.443555393984302	12.196343812711257	-155.88784287829327	1.758970320224762E-4	-0.3953474760055542	0.012030956500429938	0.5136149276993244	-102.04197885200412	255,0,255	NA	""
1474	Im_Bo_236	-0.5335348220358711	1.3150734817867311	-0.19344982137112482	-7.762193242773635	112.08275034945726	1.4323060085791879	13.086311844516272	-159.6983914225192	1.7611142538953573E-4	-0.3958892822265625	0.007608280049742132	1.0	-138.26260314817694	255,0,255	NA	""
1475	Im_Bo_237	-0.5243217051029205	1.3287122249603271	-0.18351157754659653	-7.320776570129367	111.53463466658182	1.4401617708766947	14.40205124392142	-158.82066546753185	1.7514804494567215E-4	-0.39493703842163086	0.010199752282129972	1.0	-133.10885560593726	255,0,255	NA	""
1476	Im_Bo_238	-0.5645409948600112	1.281346374658157	-0.21420028814058056	-8.697595032254194	113.77753253923031	1.4164874973562742	7.800941762069492	-165.85468193844142	1.7729458340909332E-4	-0.39726123213768005	0.008439443678232373	1.0	-166.8033857607286	255,0,255	NA	""
1477	Im_Bo_239	-0.6020651007000986	1.2761443071432068	-0.14822310150507534	-5.996670154013229	115.25721189745225	1.4188011721008758	7.408050268416557	-166.36821846912846	1.7729341925587505E-4	-0.3970925509929657	0.010990461937203924	1.0	150.1224749245642	255,0,255	NA	""
1478	Im_Bo_240	-0.6053664891033137	1.2651385279067127	-0.1671910447171147	-6.798043883190995	115.57103014633324	1.4124436011242492	3.5213476447776637	-167.380746344397	1.777868892531842E-4	-0.39770206809043884	0.006502393890056695	1.0	160.88513095198843	255,0,255	NA	""
1479	Im_Bo_241	-0.6534568656251363	1.234181100890973	-0.14515859161031253	-5.934279256811855	117.89969578770886	1.4040227497257198	3.9381303935443164	-168.11420916829988	1.7848746210802346E-4	-0.39792755246162415	0.0104086248779859	0.95788049201018	80.00639302403634	255,0,255	NA	""
1480	Im_Bo_242	-0.6034477353096008	1.2013888359069824	-0.4513995498418808	-18.55978847745509	116.67000224784988	1.418184000011872	18.587900964223458	-125.71566090816857	1.803573832148686E-4	-0.3902735710144043	0.01628079817730328	1.0	137.93990089838118	255,0,255	NA	""
1481	Im_Bo_243	-0.620050486303891	1.1871444923646999	-0.45195740907588255	-18.64713220627432	117.5782517719518	1.4135204812580955	22.157461034052844	-131.892166799023	1.811371766962111E-4	-0.3918885588645935	0.012965250488434672	1.0	120.49273070329137	255,0,255	NA	""
1482	Im_Bo_244	-0.5626800438054518	1.2524229011296226	-0.3072590305034759	-12.614055642700695	114.19310587476129	1.4069755032681917	14.310118480499101	-152.2175980372617	1.778705627657473E-4	-0.3946836292743683	0.011085730613813079	1.0	-143.63887562409923	255,0,255	NA	""
1483	Im_Bo_245	-1.8413181101346	-0.21236086226327572	-0.5716259497162214	-17.13974249038458	186.5789070223978	1.939666400420399	26.268768133346658	-24.653899404455352	1.6326933109667152E-4	-0.37259796261787415	0.0254312777150618	0.9543377483861302	-124.7489764707339	255,0,255	NA	""
1484	Im_Bo_246	-1.5767250280906924	0.07140071337064988	-0.39605025031691166	-14.086286763466633	177.40717848246865	1.6272724654628432	8.351677904209675	-185.94668003509062	1.71137202414684E-4	-0.3997659683227539	0.01117195695963342	1.0	-122.63391873937532	255,0,255	NA	""
1485	Im_Bo_247	-1.5733483408831026	0.08022532790124552	-0.38044219481810176	-13.576450912540903	177.08100546633128	1.6206780582813134	17.907493535598473	-190.99578215556883	1.7106311861425638E-4	-0.4006447494029999	0.008437524504040794	1.0	-83.01884100397486	255,0,255	NA	""
1486	Im_Bo_248	-1.5577253546441419	0.08837013170587102	-0.38504424028334994	-13.862842394337429	176.75307696118406	1.6070397094204965	19.563617031327425	-192.84208812384387	1.7155254317913204E-4	-0.401214599609375	0.010197552605025117	1.0	-105.59912428128044	255,0,255	NA	""
1487	Im_Bo_249	-1.5406976696935775	0.08477437123694245	-0.4348933726977835	-15.740176495019307	176.8505691864839	1.6031432403357764	13.011478925089486	-193.45566189056385	1.7224304610863328E-4	-0.4010958969593048	0.008996585269718053	1.0	-87.3908079539453	255,0,255	NA	""
1488	Im_Bo_250	-1.5745540558583078	0.06660841422495678	-0.41101542211988096	-14.617293763984918	177.5776589495193	1.628677633199951	9.731099017104286	-185.61025030950825	1.7125891463365406E-4	-0.3996528089046478	0.006283368274967673	1.0	144.6525510760397	255,0,255	NA	""
1489	Im_Bo_251	-1.5172298200657137	0.10707312245450464	-0.40707026599021445	-14.983081507876456	175.96324580975767	1.574533957049558	20.88563301596513	-200.37846219032568	1.7267173097934574E-4	-0.402163565158844	0.04236176514166592	0.43036620097559364	-165.08719879502326	255,0,255	NA	""
1490	Im_Bo_252	-1.5560579019536274	0.06540319260115338	-0.4378431818559066	-15.702347395308955	177.59319848138819	1.6178072888117585	16.76719093322754	-187.00404357910156	1.718559069558978E-4	-0.4001043438911438	0.00865683935596836	1.0	-165.231490050565	255,0,255	NA	""
1491	Im_Bo_253	-1.563103189669248	0.0707411713207724	-0.421031484111886	-15.060473034441506	177.4087400227358	1.6203590359816769	19.09607459537879	-188.51034280030754	1.7151428619399667E-4	-0.4000541865825653	0.010264115674474354	0.6701085574664389	-158.27775808798432	255,0,255	NA	""
1492	Im_Bo_254	-1.550338716829048	0.08825447605907616	-0.40672554387372195	-14.677328271580645	176.7419006842831	1.605230406353859	17.769600667535684	-195.02260113824707	1.716943661449477E-4	-0.4008431136608124	0.010677336406186979	1.0	177.31326258741421	255,0,255	NA	""
1493	Im_Bo_255	-1.6026443778156778	0.025838694665420325	-0.4400064243510746	-15.350390979460562	179.0763266518055	1.6621499009886056	17.987222671508793	-169.48991394042972	1.7004697292577475E-4	-0.3967878520488739	0.0053945855395280155	1.0	-53.550235860415846	255,0,255	NA	""
1494	Im_Bo_256	-1.59186315319927	0.041927054054270024	-0.42619184804050975	-14.983397597813749	178.49127232752934	1.6484616063807422	17.787542500737008	-178.476843997173	1.7051029135473073E-4	-0.39844128489494324	0.008131315564068752	0.47190115111949427	-143.0971070019181	255,0,255	NA	""
1495	Im_Bo_257	-1.5684544444084167	0.04805639944970608	-0.4511030465364456	-16.03862071107486	178.2450445080882	1.6327439236778827	19.088262691055938	-179.37228563712887	1.7117815150413662E-4	-0.39831045269966125	0.008070110291897307	0.7226316705254688	166.78914179595105	255,0,255	NA	""
1496	Im_Bo_258	-1.6119235754013062	0.04992051608860493	-0.3773730993270874	-13.170314057773039	178.2261435814093	1.6562608873474056	13.581155419490221	-190.1246420669645	1.6922094800975174E-4	-0.3998430073261261	0.013242130177142772	0.8688756071444702	-99.67267883731475	255,0,255	NA	""
1497	Im_Bo_259	-1.6253056242720705	0.030488847411710346	-0.3752297101393698	-12.997735421178659	178.92532371127996	1.6683360804940337	18.21599085528616	-187.12568147538047	1.6848476661834866E-4	-0.39929917454719543	0.007904065047098537	0.6258014498530219	-100.93883373488262	255,0,255	NA	""
1498	Im_Bo_260	-1.604230761842977	0.0598739173903946	-0.3587316776051611	-12.596395194316822	177.86256983128933	1.6449406189113283	11.807535519785938	-194.37076802212826	1.694311504252255E-4	-0.40071994066238403	0.007342598960282507	1.0	-76.64099510191342	255,0,255	NA	""
1499	Im_Bo_261	-1.6191491152148643	0.041343585654617473	-0.36723370153908297	-12.774840812215542	178.53731918146775	1.6607870847649178	15.318887674548346	-190.68725968306322	1.687643671175465E-4	-0.39988550543785095	0.005733509339006225	1.0	-76.98007601594811	255,0,255	NA	""
1500	Im_Bo_262	-1.6132840897942542	0.048175919792616775	-0.3645563734371218	-12.727869379694763	178.28954066354723	1.654662449880569	13.230168490078345	-193.53989522625253	1.6864360077306628E-4	-0.40040841698646545	0.005128197097206096	1.0	-173.9253923765335	255,0,255	NA	""
1501	Im_Bo_263	-1.5677344799041748	0.08159315213561058	-0.3893836438655853	-13.930380076507099	177.02071419587608	1.617426494177055	17.50372856827091	-189.66597115519602	1.7136365931946784E-4	-0.40056854486465454	0.009648663873079402	0.8899371513048077	-104.84808002329143	255,0,255	NA	""
1502	Im_Bo_264	-1.4431111812591553	0.1524273008108139	-0.4617152512073517	-17.649738912517392	173.97054173032407	1.5228213738666572	10.206339929229625	-218.99330930837712	1.752447715261951E-4	-0.4062267243862152	0.008140124143513843	0.9793966110408954	-90.33113420388145	255,0,255	NA	""
1503	Im_Bo_265	-1.451825325013585	0.1468535041361655	-0.452516305549673	-17.228948528808992	174.22412293205753	1.5277872014178537	6.260977552108347	-219.40399413151886	1.749129587551579E-4	-0.4065861999988556	0.005284217405234143	0.6650168543486811	-158.77614327321143	255,0,255	NA	""
1504	Im_Bo_266	-1.458616454657401	0.13625612629545164	-0.45366077631199886	-17.206345666924186	174.6632230383434	1.5336022279960255	6.067873558937271	-219.5546933801353	1.7429914441891015E-4	-0.4062899053096771	0.0056124093233148875	0.7643108949121283	-147.3313576789126	255,0,255	NA	""
1505	Im_Bo_267	-1.4202187382676086	0.1909666269663203	-0.44981974890697873	-17.427109202924882	172.34178122318895	1.5019411851494284	6.948237035499353	-220.0952026893071	1.7649387882556766E-4	-0.4068964719772339	0.005707463313233111	0.6981552319176936	-67.101950084108	255,0,255	NA	""
1506	Im_Bo_268	-1.4537757778178755	0.09874833158872523	-0.5161404711405907	-19.505073275877162	176.1141290178909	1.5458383586619775	16.736537933349613	-209.60650634765634	1.739666477078572E-4	-0.40443113446235657	0.0051281574058329215	1.0	-86.26724068642397	255,0,255	NA	""
1507	Im_Bo_269	-1.4615997962199254	0.08889516764562617	-0.5156225244444727	-19.398637963859045	176.51953184294717	1.5524312876437918	14.882697039045734	-209.7054063945953	1.7323027714155614E-4	-0.4040893018245697	0.005265420468290684	0.7250565191015118	-120.18197959385054	255,0,255	NA	""
1508	Im_Bo_270	-1.4668001804778958	0.08834859380694621	-0.5087219409218842	-19.0956937172502	176.55311377697547	1.5550261273216544	16.171398283677224	-208.97663149585898	1.730135118123144E-4	-0.4038139581680298	0.005516554940660462	0.6495537823434068	-113.26096858297109	255,0,255	NA	""
1509	Im_Bo_271	-1.5571675300598145	0.13614164292812347	-0.24848364293575287	-9.032598583182434	175.00339095061105	1.5827347801885112	10.665811315915938	-235.8170788739274	1.694842940196395E-4	-0.4079066812992096	0.019818850276247274	0.22926697378078176	-145.01713967069838	255,0,255	NA	""
1510	Im_Bo_272	-1.6081118279502808	0.12466232965718206	-0.1992451991796146	-7.042042486079202	175.56724305998097	1.6251962949211007	19.550788685189296	-227.21265377726309	1.6743774176575243E-4	-0.4055703282356262	0.011220035597431373	1.0	-128.43728532064654	255,0,255	NA	""
1511	m_BP_07	-1.5738336800859745	0.18566442856003396	-0.14269173044769146	-5.14507710403714	173.27193954872442	1.591158277024521	10.599305085052766	-239.29840979156594	1.684341550571844E-4	-0.408020555973053	0.003235133000530966	1.0	170.52543722114075	0,153,255	NA	""
1512	Im_Bo_273	-1.6596474166143074	0.21981163349307778	0.03301299219932735	1.129690076432452	172.455383652061	1.674466052014012	15.440989593543204	-207.5701471000977	1.6552413580939174E-4	-0.4017075002193451	0.009696848279554847	0.9387932563139377	-106.61651079202801	255,0,255	NA	""
1513	Im_Bo_274	-1.6619596481323242	0.22613437473773956	0.04105079732835293	1.4020181388950947	172.25163846968573	1.6777758477876121	15.899103164672846	-207.46948242187503	1.658317632973194E-4	-0.40179771184921265	0.008644547372549034	0.7696394730190076	-103.73564613347361	255,0,255	NA	""
1514	Im_Bo_275	-1.6712676478770823	0.2211963599082567	0.05039358007565226	1.7121888392629085	172.4605827843104	1.686595059102836	18.643586348571073	-202.4849725442303	1.653919753152877E-4	-0.4010918438434601	0.008402397444211228	0.9423485164132901	67.57006251081671	255,0,255	NA	""
1515	Im_Bo_276	-1.681289553642273	0.22427518665790558	0.0651499591767788	2.1996361699221354	172.4018996454231	1.6974328969705423	20.818937586677837	-196.41312686510267	1.6512048023287207E-4	-0.4003475308418274	0.009862482422044266	0.529999055284388	-124.79447282803096	255,0,255	NA	""
1516	Im_Bo_277	-1.635908305644989	0.30372254550457	0.10788430273532867	3.709843237679621	169.48222880965835	1.6673579075599583	15.295987618814088	-192.6520735941673	1.6732972289901227E-4	-0.3999268114566803	0.014097350342021604	1.0	-105.25181064160944	255,0,255	NA	""
1517	Im_Bo_278	-1.630575180053711	0.3269321620464325	0.13887199759483337	4.7734401668564335	168.662462025237	1.6688155943972738	13.848073857082198	-189.30729281555526	1.67385398526676E-4	-0.3993789851665497	0.019051319628463216	0.4867807702460549	-178.45121689467413	255,0,255	NA	""
1518	Im_Bo_279	-1.6387815178859961	0.3107892710302143	0.13166741623637002	4.513438706335585	169.2615794388889	1.6731799493331798	11.300565096104638	-188.0812028659303	1.6677315579727292E-4	-0.3989335298538208	0.009459744318146529	1.0	-169.0529334301823	255,0,255	NA	""
1519	Im_Bo_280	-1.6520778529444926	0.3076281582874531	0.14841326304836466	5.047053987288642	169.4519389919714	1.6870159491272387	13.085534938738164	-185.2031914170492	1.6650822362862527E-4	-0.39815452694892883	0.008451880779029705	1.0	148.8107181953428	255,0,255	NA	""
1520	Im_Bo_281	-1.667988241872342	0.3068709902499151	0.1695868990129134	5.710215492804684	169.57548215996047	1.7044395841443503	19.99965429639259	-176.1845329556174	1.6581387899350375E-4	-0.396933376789093	0.009646830931291405	1.0	-116.47015822994973	255,0,255	NA	""
1521	Im_Bo_282	-1.6750847697257996	0.3098412901163101	0.18203166127204895	6.0993375940831225	169.52041540500244	1.713197634989535	16.86596771912222	-172.6736842359274	1.6565107216592878E-4	-0.396206259727478	0.014043902650539184	1.0	-110.53277367259047	255,0,255	NA	""
1522	Im_Bo_283	-1.6068407491040544	0.39525573708042827	0.21747551616096117	7.48723192846464	166.18057122129056	1.668969709373345	17.492397308349616	-178.48901367187509	1.67352773132734E-4	-0.39716023206710815	0.005669876642749607	1.0	131.47223142011643	255,0,255	NA	""
1523	Im_Bo_284	-1.6294165253639221	0.38506631553173065	0.23583925515413284	8.017851918943252	166.70371091915754	1.690826553717996	20.196952105613125	-171.55812526405126	1.6677721578162163E-4	-0.39594852924346924	0.010835088184247861	1.0	131.12087518814988	255,0,255	NA	""
1524	Im_Bo_285	-1.6059702038764954	0.37001240253448486	0.1712377890944481	5.931954255105757	167.02557666562734	1.6569163690972484	6.496311217062434	-182.40561277729202	1.6812628018669784E-4	-0.39859962463378906	0.009446343917466307	0.9308652220842423	-93.64569463777217	255,0,255	NA	""
1525	Im_Bo_286	-1.6073045134544373	0.37784357368946075	0.18876933306455612	6.522200607320357	166.7711581880973	1.6618746722466968	8.538251125231568	-182.7147478965683	1.6767486522439867E-4	-0.39844661951065063	0.009171776206645154	0.6012912748283594	-132.48935678085212	255,0,255	NA	""
1526	Im_Bo_287	-1.6429256796836853	0.36592476069927216	0.2272162288427353	7.687996300813855	167.44360628418673	1.698450156497515	18.568476348128144	-172.5484793640369	1.662692375248298E-4	-0.3961467742919922	0.011710818413521517	0.822489631449624	-153.6095799061055	255,0,255	NA	""
1527	Im_Bo_288	-1.632120430469513	0.3376794755458832	0.1655404418706894	5.672189449530289	168.3106514780441	1.6748875083585986	13.686552498778372	-185.61132180712184	1.668259792495519E-4	-0.398296594619751	0.006317200379553493	1.0	154.43534240192952	255,0,255	NA	""
1528	Im_Bo_289	-1.6162944772438361	0.3703542747692123	0.19146756283810837	6.586676945712906	167.094158907389	1.6692003934902242	9.076719284057612	-181.78047180175784	1.6763669555075467E-4	-0.39827167987823486	0.007324398199003786	0.7380308072129169	113.74698701884368	255,0,255	NA	""
1529	Im_Bo_290	-1.6506365852777434	0.32782234828386475	0.1821175159282597	6.176403253353158	168.76701940917556	1.6927006286699362	19.939885495867536	-177.42719277749524	1.66092358995229E-4	-0.39685705304145813	0.008347608893124171	0.6708196305806121	141.08273275774042	255,0,255	NA	""
1530	Im_Bo_291	-1.638018973644422	0.3596528925034702	0.2110371583594749	7.172355731243486	167.6163147588095	1.6902641933477973	13.672064781188961	-177.76339721679673	1.6652078193146735E-4	-0.39698389172554016	0.006448493873727633	0.8816373215393376	119.73983242351424	255,0,255	NA	""
1531	Im_Bo_292	-1.5898459918543844	0.4048537981924084	0.20318929284671294	7.0602313898798865	165.7132952556766	1.6531191017146398	14.141388145167419	-182.2480112531082	1.681315916357562E-4	-0.39841046929359436	0.006218622115252944	1.0	-67.16840907515845	255,0,255	NA	""
1532	Im_Bo_293	-1.5753959944723794	0.4150873138599571	0.19244123630630028	6.736721711646489	165.2391113074611	1.6404888438993388	8.965479540245836	-183.78676594534778	1.6893702559173107E-4	-0.39910098910331726	0.015761968523243425	0.5353172920205092	-114.54706119173154	255,0,255	NA	""
1533	Im_Bo_294	-1.5681942701339722	0.4679012894630432	0.276442214846611	9.587993682702448	163.38650301335005	1.6596943042956736	19.039532111893497	-166.37668331549088	1.6814374248497188E-4	-0.39594683051109314	0.012372425596789749	0.7064329825134154	171.5992893348582	255,0,255	NA	""
1534	Im_Bo_295	-1.5850598216056824	0.45518623292446136	0.29404349625110626	10.109759143629784	163.97736857271713	1.6751330461787726	14.429738216908559	-159.7091383718403	1.6732257790863514E-4	-0.3943510055541992	0.01179128283776569	0.6187910460879793	-126.56411317383433	255,0,255	NA	""
1535	Im_Bo_296	-1.5857226489002465	0.4515642515527677	0.27122024291932567	9.341439157094731	164.1047032780989	1.6709239996734873	15.91375203590253	-164.87415676249756	1.6785875777713954E-4	-0.395458847284317	0.007799197984080949	0.8808831861755324	-145.7865750062567	255,0,255	NA	""
1536	Im_Bo_297	-1.535420150189693	0.47723899340025777	0.2273319736275978	8.047498941579741	162.73372051541216	1.623869428452808	18.4278879173289	-181.62091812432016	1.6928445256780833E-4	-0.3983742594718933	0.007878051257709384	1.0	136.82240525822414	255,0,255	NA	""
1537	Im_Bo_298	-1.5110549330711365	0.4790899008512497	0.16798857599496841	6.049288170418658	162.4084394743041	1.5940622025257025	9.489676436768432	-187.28917884247448	1.7080713587347418E-4	-0.39993467926979065	0.00900448784922721	1.0	174.4432054116598	255,0,255	NA	""
1538	Im_Bo_299	-1.4754363894462585	0.5151669085025787	0.15201638638973236	5.555824482022115	160.75271864643886	1.5701651074486749	14.250754824288375	-190.86856414478447	1.718115236144513E-4	-0.4007583558559418	0.019266806232776223	1.0	160.69289509145634	255,0,255	NA	""
1539	Im_Bo_300	-1.4629432255796844	0.5336404416121978	0.16847235429489135	6.174642077232236	159.9594562046938	1.5663198703825525	20.003446920295897	-189.5802175465659	1.7169793136417866E-4	-0.40019428730010986	0.012737642765725737	1.0	158.09013333696336	255,0,255	NA	""
1540	Im_Bo_301	-1.2069910168647766	0.7624079287052155	0.15638651698827744	6.2514640683229565	147.7210366324952	1.436158037000305	7.075069160361935	-217.41128730036806	1.7525858129374683E-4	-0.40606558322906494	0.014252926535181929	1.0	-128.62965216324196	255,0,255	NA	""
1541	Im_Bo_302	-1.0913236728337612	0.8764201632708719	0.11347402435707257	4.634917887524596	141.2327506860815	1.4042706347705565	1.9780589533763977	-211.51585516746763	1.7723515338730067E-4	-0.40543028712272644	0.00975586976773216	1.0	-82.53191420994676	255,0,255	NA	""
1542	Im_Bo_303	-1.2320336959651847	0.7279173902007973	0.11431176818989325	4.5672173701471985	149.4243070832503	1.4355618883548955	20.595331584998636	-211.55575212606516	1.7587884212844074E-4	-0.4053913354873657	0.009092561409520096	1.0	159.6862396630788	255,0,255	NA	""
1543	Im_Bo_304	-1.1757880277683925	0.7867271263668429	0.12993391567920043	5.247586995016644	146.21327185580057	1.420668814343669	1.414205123872419	-217.19760384129492	1.762907049851492E-4	-0.4062475860118866	0.005535094076991551	1.0	157.84329576065377	255,0,255	NA	""
1544	Im_Bo_305	-1.2168850302696228	0.7555929720401764	0.15847370028495789	6.313309650418838	148.16286671352748	1.441125889703191	9.301450935910694	-217.36167963544491	1.750580850057304E-4	-0.40601372718811035	0.007093291350015763	0.8155950528999664	-164.96553182809353	255,0,255	NA	""
1545	Im_Bo_306	-1.2118300199508667	0.7415410280227661	0.0962451733648777	3.875549567292687	148.5367712572722	1.4239656691406624	7.123284001305783	-214.65009135232071	1.7646110791247338E-4	-0.4059244394302368	0.00774520339042317	1.0	166.5219899878863	255,0,255	NA	""
1546	Im_Bo_307	-1.2037144204369297	0.7467794713133284	0.07896591077997857	3.1906690182179878	148.18470576090664	1.4187471937622078	2.36516821137703	-215.34493711221228	1.7700862372294068E-4	-0.40607428550720215	0.007032596749309923	1.0	153.0980421793028	255,0,255	NA	""
1547	Im_Bo_308	-1.122482978549974	0.8920937304815373	0.23749627907990634	9.405105129385499	141.52406642228203	1.4533422665276365	8.588964668000997	-198.79248702714156	1.7446848505642265E-4	-0.4025019705295563	0.012781271990845893	0.7265460857359102	83.37275027087229	255,0,255	NA	""
1548	Im_Bo_309	-1.0800980925559998	0.9170247316360474	0.23024441301822662	9.22994798260536	139.6680817362542	1.4354646417454462	4.1388506682103055	-197.42635687196494	1.749156799633056E-4	-0.4024532735347748	0.006491252132968138	1.0	-151.9549263734269	255,0,255	NA	""
1549	Im_Bo_310	-1.1268885731697083	0.8800021708011627	0.23206844925880432	9.219289275799854	142.0132524620983	1.4484948885296787	7.044119729567095	-199.83119594787644	1.7462002870161086E-4	-0.4027809202671051	0.010414771097041411	0.7716569124677926	-66.46623388215427	255,0,255	NA	""
1550	Im_Bo_311	-1.1182251052267271	0.9060340086588234	0.3169310853012397	12.41899653054292	140.98412313157678	1.473692750757743	7.642410694942874	-188.8313840641375	1.7263292102143168E-4	-0.4004802107810974	0.01098776182474743	1.0	179.41442788148518	255,0,255	NA	""
1551	Im_Bo_312	-0.8941808640956879	1.0964524149894714	0.2633121460676193	10.542566394326078	129.19799451100022	1.439131891911888	10.19080066680908	-179.77124023437494	1.7398757336195558E-4	-0.3992837071418762	0.006901872752996947	1.0	-150.90917826637448	255,0,255	NA	""
1552	Im_Bo_313	-0.9502837215556054	1.0642546658405654	0.32490890251585375	12.828802823755986	131.76198741417508	1.4632986503619285	15.597439473268714	-176.7800828741145	1.7255068814847618E-4	-0.39832013845443726	0.00847218573595654	1.0	148.76672139618367	255,0,255	NA	""
1553	Im_Bo_314	-0.9818379282951355	1.0135269165039062	0.2670796066522598	10.717517534658198	134.09014501058147	1.436166440286893	8.412784405248038	-188.2687693017788	1.7426225531380624E-4	-0.40077874064445496	0.007298870182065705	0.7177043155017695	-135.81260072006276	255,0,255	NA	""
1554	Im_Bo_315	-0.925990880853923	1.0720692989832343	0.2789023664750191	11.137928735600221	130.81853823048706	1.4438068510962239	13.095693766899254	-181.9200516038275	1.7362528888043016E-4	-0.39944541454315186	0.009038575105777168	1.0	153.0246485622476	255,0,255	NA	""
1555	Im_Bo_316	-0.8041082582491044	1.169391354299379	0.2261606895263572	9.054538316307038	124.51356991271385	1.4370855534663138	12.622353975078896	-172.6856001129162	1.7435236077290028E-4	-0.3978949189186096	0.010529874631968238	1.0	-167.61105341103638	255,0,255	NA	""
1556	Im_Bo_317	-0.7289775775903322	1.2446807815366696	0.22708981243888643	8.946884858409561	120.35641071662698	1.4602083205726957	14.313666857383426	-153.18775590323895	1.7321199993602931E-4	-0.3945745527744293	0.005812060680759897	0.8790290473254248	-178.0959042781631	255,0,255	NA	""
1557	Im_Bo_318	-0.7758861592040821	1.2100722983506593	0.2768632984398288	10.902047313289	122.66758339354129	1.4638741699009143	17.06987748879521	-159.33907701372917	1.7263813060708344E-4	-0.3955284655094147	0.009025092335846679	0.7439015647384478	-177.5641109164276	255,0,255	NA	""
1558	Im_Bo_319	-0.7542345523834229	1.218035638332367	0.22145267575979233	8.786994853802884	121.76670573813986	1.4496626724372572	11.232431704980195	-160.41154627910547	1.7360229685436934E-4	-0.39552316069602966	0.007960342216874245	0.48956472742934154	-152.92273212299241	255,0,255	NA	""
1559	Im_Bo_320	-0.811833998159064	1.1533821637613855	0.14243815603385687	5.766626826070751	125.14066115840383	1.41762247602955	21.47128153652251	-175.1845520170588	1.7570622731000185E-4	-0.3984169661998749	0.009074295058674077	0.641968332549588	-173.06778558367537	255,0,255	NA	""
1560	Im_Bo_321	-0.7937749256971564	1.1666056493703827	0.120229197089398	4.8701695117390065	124.2319229043887	1.4161576302238321	20.687731564894275	-178.30521992639802	1.7591954383533448E-4	-0.3990740478038788	0.0057231514947499685	1.0	171.68280900647457	255,0,255	NA	""
1561	Im_Bo_322	-0.8278285286184354	1.1357758313075477	0.13364665959066455	5.432024639100728	126.08703996798275	1.4117890215597575	19.014792734175877	-183.5593562041266	1.7594486416783184E-4	-0.39982131123542786	0.0057291648385713444	0.8980750136679859	-115.2687068773713	255,0,255	NA	""
1562	Im_Bo_323	-0.8383959700442184	1.1242430755241062	0.13253228046117388	5.398498813363984	126.71346299705841	1.4086855933154587	15.166219796042505	-187.23168387850697	1.760317391017452E-4	-0.4002724885940552	0.007240022931410853	0.6875452138554482	157.7046538256337	255,0,255	NA	""
1563	Im_Bo_324	-0.859176487473492	1.0980160846521514	0.11812375160011401	4.842788537119541	128.0424972151431	1.3992057673817007	7.391493455837196	-192.81627472751418	1.7671348177827895E-4	-0.40202823281288147	0.005526745883021714	1.0	83.54018075254463	255,0,255	NA	""
1564	Im_Bo_325	-0.7958140053611742	1.1601161563563436	0.10176333458450385	4.137276392020382	124.44926011890703	1.4105123904573715	19.70065689086914	-183.775619506836	1.7606992332730442E-4	-0.39959466457366943	0.006237606461397364	0.7372628139415132	-172.7730276622794	255,0,255	NA	""
1565	Im_Bo_326	-0.8416799916298808	1.1145365220500885	0.11408124565316966	4.6696873962622	127.05951361167604	1.4012963276564177	8.206995976972213	-190.22388536513097	1.7664115875959396E-4	-0.4014684557914734	0.005754641095920513	0.8582016882385658	-139.4142956624866	255,0,255	NA	""
1566	Im_Bo_327	-0.8217697593564712	1.1438414790910056	0.14277349962250463	5.788333352305874	125.69459120040105	1.4156493700335366	22.25825101582893	-179.40948188253023	1.7581609426997602E-4	-0.3991245627403259	0.0063397101085207455	0.5615239401397754	-177.91070068911634	255,0,255	NA	""
1567	Im_Bo_328	-0.8006277978420258	1.1529752612113953	0.10108460485935211	4.118946519601354	124.77617291171495	1.4073290023951146	18.74420304839571	-184.2692795312957	1.762217580107972E-4	-0.40026336908340454	0.0053998755813649555	1.0	161.7006823995666	255,0,255	NA	""
1568	Im_Bo_329	-0.7963165491424535	1.166761273575026	0.14843943564959916	5.998744468157266	124.31360283866972	1.420382406962482	19.287676826818178	-172.6276343118981	1.7555618251208216E-4	-0.39769813418388367	0.005907688298412598	1.0	140.8268648307293	255,0,255	NA	""
1569	Im_Bo_330	-0.7978582680225372	1.1382358074188232	0.05677252076566219	2.338827078222519	125.02893571024757	1.3911799625700447	5.160321036862014	-189.60110643890715	1.7721386393532157E-4	-0.40153926610946655	0.006920084313271411	0.9204960364194281	-82.40518904953068	255,0,255	NA	""
1570	Im_Bo_331	-0.8055033385753632	1.135779321193695	0.07163924723863602	2.9452420111804405	125.34455601176977	1.394260548338145	4.719875177215959	-189.1340724205037	1.768686925061047E-4	-0.4013819694519043	0.00681407235982399	0.6292114369053151	-70.61006643380303	255,0,255	NA	""
1571	Im_Bo_332	-0.7743674516677856	1.1685962677001953	0.06717843189835548	2.7435327213278344	123.53034806969671	1.4034867754266902	12.35171333722489	-186.4616104472854	1.7633188690524548E-4	-0.4001266360282898	0.008376492262550831	0.5233692195713272	-149.16426103946952	255,0,255	NA	""
1572	Im_Bo_333	-0.5568534433841705	1.2500120997428894	-0.3394649028778076	-13.932005114132073	114.01194155185819	1.4099122054930493	16.959662570186634	-145.48102986809522	1.782218605512753E-4	-0.39395400881767273	0.008133403824097891	0.6515715254011395	-132.11432485699916	255,0,255	NA	""
1573	Im_Bo_334	-0.5865016801946253	1.2338564439733706	-0.30495207889851045	-12.58321171751296	115.42362397179873	1.3997791667367583	13.156706750511203	-155.16637726345647	1.7881745588965714E-4	-0.39541634917259216	0.010269077400611542	1.0	-120.2845132012764	255,0,255	NA	""
1574	Im_Bo_335	-0.5876193642616272	1.230333149433136	-0.31902189552783966	-13.169160445710483	115.52960552578486	1.4002825235199765	14.323549847367612	-152.7689418245549	1.793584815459326E-4	-0.39500692486763	0.00772144211801347	1.0	149.24882742964667	255,0,255	NA	""
1575	Im_Bo_336	-0.5015294998884201	1.3046141266822815	-0.31931614875793457	-12.86888991055604	111.0281308716001	1.4337059188183958	22.995229893215285	-135.3501851445837	1.7562411085236818E-4	-0.3914540410041809	0.0074794573064566935	1.0	-103.98349979680673	255,0,255	NA	""
1576	Im_Bo_337	-0.5980337458950212	1.2293007911912242	-0.28899841647013136	-11.936748661263398	115.94212676317565	1.397263354266061	10.166649899360975	-159.26973557306886	1.791228132788092E-4	-0.3963506817817688	0.007369607878380775	1.0	-73.23499093405108	255,0,255	NA	""
1577	Im_Bo_338	-0.5819241404533386	1.2301830649375916	-0.34097133576869965	-14.06604184588439	115.31595898715752	1.4029424543856015	13.841562271118168	-145.64976501464844	1.790371024981141E-4	-0.39404332637786865	0.0057492516147174535	1.0	-140.65011961934883	255,0,255	NA	""
1578	Im_Bo_339	-0.6579972803592682	1.1748254895210266	-0.32822199165821075	-13.698812585286435	119.25235348089059	1.385967181284101	14.641176266290582	-155.7710285285581	1.8090220692101866E-4	-0.3961500823497772	0.008403231285209442	1.0	-179.72639009331357	255,0,255	NA	""
1579	Im_Bo_340	-0.5942829251289368	1.2241461277008057	-0.3259240388870239	-13.469385658684647	115.89505727716623	1.399261382368967	14.420642696164787	-151.30754680161672	1.793584815459326E-4	-0.39500692486763	0.00694281137085434	0.7812503221337974	-107.18278856737176	255,0,255	NA	""
1580	Im_Bo_341	-0.5644358098506927	1.2560107111930847	-0.2886209487915039	-11.837830959351004	114.19856595696417	1.4069302549006735	15.334679569565067	-157.27075143945476	1.77720095962286E-4	-0.3954189121723175	0.006419981145107372	0.8442062033730889	170.20060172451755	255,0,255	NA	""
1581	Im_Bo_342	-0.5155208190230587	1.312048900807816	-0.23931153230929197	-9.634761737128647	111.4504992718076	1.4298615466028257	14.109603428540812	-155.8236862999856	1.7598374688532203E-4	-0.39503607153892517	0.005493136128916091	1.0	126.80137132069757	255,0,255	NA	""
1582	Im_Bo_343	-0.581946905420203	1.279318826560758	-0.1751210167776114	-7.102475781389516	114.46022296956433	1.4163284333932473	7.627626989220105	-165.62632602554984	1.7729290993884206E-4	-0.39719897508621216	0.008108191903244995	0.8157070071853978	-123.99853258664196	255,0,255	NA	""
1583	Im_Bo_344	-0.5481260737696757	1.2896536587820702	-0.22415833923156192	-9.088281013784604	113.02636761404942	1.419117934987502	10.747353469455042	-162.13360583036115	1.7667976499069482E-4	-0.39642617106437683	0.006680165483084543	0.5729281525282601	119.1612711452809	255,0,255	NA	""
1584	Im_Bo_345	-0.45396723147454937	1.3862318762031431	-0.20404191586201226	-7.9629758229279455	108.13273644686683	1.47287411725612	18.859500476089842	-139.35770542261966	1.726086193230003E-4	-0.3908294439315796	0.009797786391116616	0.5604876559476952	-124.26776891070487	255,0,255	NA	""
1585	Im_Bo_346	-0.42775365710258484	1.419910490512848	-0.19268983602523804	-7.403389545695239	106.76513575295378	1.4954090962477475	23.584931482590434	-126.20448499563848	1.7136207316070795E-4	-0.3883776366710663	0.009939499651362739	0.7081505906596528	-98.91498792022742	255,0,255	NA	""
1586	Im_Bo_347	-0.4635087847709656	1.4109336733818054	-0.12656280398368835	-4.871018854118012	108.18597762148471	1.4905007103637173	17.970371810984815	-136.01044617144962	1.727498893160373E-4	-0.3912872076034546	0.008815754783885129	1.0	-118.24875172366158	255,0,255	NA	""
1587	Im_Bo_348	-0.4702353775501251	1.3856868147850037	-0.16268643736839294	-6.343961186555434	108.74473825635012	1.4723165881943794	8.022527797433316	-141.89386732004724	1.7367457621730864E-4	-0.39252564311027527	0.008242229759008752	0.7179314032156957	119.10079861092755	255,0,255	NA	""
1588	Im_Bo_349	-0.4194708556699311	1.42885899732349	-0.19099474530835164	-7.308672486944215	106.3606830010528	1.501356994763123	24.827373393707752	-121.52879497715303	1.7136207316070795E-4	-0.3883776366710663	0.009916008346004722	0.4182072655814518	-61.1632370032857	255,0,255	NA	""
1589	Im_Bo_350	-0.43269120156764984	1.4269088506698608	-0.16155605018138885	-6.183820337498373	106.86923182452831	1.4997969533854412	18.47884802960785	-130.6463960937561	1.712751400191337E-4	-0.3888692259788513	0.007840361149042895	0.7140185870927532	-93.07924863601336	255,0,255	NA	""
1590	Im_Bo_351	-0.4666973799467087	1.342323362827301	-0.3763217180967331	-14.831665750632915	109.17147968841732	1.470121250221353	33.27504028479752	-95.486088052995	1.7395101895090193E-4	-0.38490384817123413	0.01141804008990586	1.0	-150.22294500061858	255,0,255	NA	""
1591	Im_Bo_352	-0.47682468735913647	1.3360028258924999	-0.3213796434917016	-12.765216478404291	109.64168328715706	1.454493110509203	27.01628494262696	-125.72292327880862	1.7474088235758245E-4	-0.38993552327156067	0.008362000861584394	0.4721236306313797	-146.61166482169605	255,0,255	NA	""
1592	Im_Bo_353	-0.46998316049575806	1.339200735092163	-0.3648424297571182	-14.41645206742972	109.33816702473248	1.4654189771434138	32.92607993550234	-102.07136651391428	1.7448746075388044E-4	-0.38644173741340637	0.007657423397207451	0.717015436199961	-163.0411390387874	255,0,255	NA	""
1593	Im_Bo_354	-0.45333126187324524	1.3742107152938843	-0.33245085179805756	-12.938793594989633	108.25693877903095	1.4847517947055568	32.490825674151715	-101.2009354345669	1.729596551740542E-4	-0.3852526545524597	0.0071693590613168615	1.0	150.7521265623946	255,0,255	NA	""
1594	Im_Bo_355	-0.43744800437617326	1.3988598795231726	-0.31708066373652577	-12.207206955801873	107.36537855373885	1.4995698937988442	34.16986007396058	-94.642276551484	1.720213913358748E-4	-0.3836534321308136	0.01761398342540888	0.6054722322885241	-88.98192240813839	255,0,255	NA	""
1595	Im_Bo_356	-0.4775315562326269	1.333090233178132	-0.33027942946098815	-13.129047937932542	109.70823392863988	1.454046236719437	26.20339802935195	-119.48414599083259	1.7448703874833882E-4	-0.3887782692909241	0.008689582986540689	1.0	157.55607785973157	255,0,255	NA	""
1596	Im_Bo_357	-0.5199945252672096	1.2735378150738763	-0.37086590532007035	-15.088306207411387	112.21054215464393	1.4247225668388526	31.016090393066406	-123.38917541503905	1.7704730271361768E-4	-0.3909740149974823	0.005747543082979413	1.0	149.29144179438237	255,0,255	NA	""
1597	Im_Bo_358	-0.49653603800430735	1.297346696164543	-0.39951719114760487	-16.04546618719795	110.9434454667083	1.445430895307189	41.99216842651366	-97.172607421875	1.7557136015966535E-4	-0.3865918517112732	0.0076360200276914475	0.7742007165212416	-142.60156598591695	255,0,255	NA	""
1598	Im_Bo_359	-0.4980253386293829	1.2952951826064936	-0.39242356194313616	-15.789796011291731	111.0311482420114	1.4421564062086467	36.24583867393415	-104.8760615503502	1.7557136015966535E-4	-0.3865918517112732	0.007425467573375433	1.0	144.11869861720606	255,0,255	NA	""
1599	Im_Bo_360	-0.5487437927769976	1.2466506466234877	-0.44575302425013263	-18.121172888680885	113.75786914700863	1.4331620087994879	38.09123302302304	-96.20922857473734	1.7831887817010283E-4	-0.38714781403541565	0.010507128607109935	1.0	-84.70335864684692	255,0,255	NA	""
1600	Im_Bo_361	-0.5629681208548722	1.2294893363848551	-0.4226686576337123	-17.357532292736913	114.60246380301525	1.4167660101544015	32.10708811003485	-114.49631991459711	1.785166241461411E-4	-0.3885568082332611	0.0072314296414310855	1.0	-115.61483809479387	255,0,255	NA	""
1601	Im_Bo_362	-0.567941499984884	1.225883900079178	-0.4260866027615513	-17.50388359541447	114.85788498132938	1.4166505133346388	28.329668317687947	-118.76691110723941	1.7919577658176422E-4	-0.38996177911758423	0.0079781251668659	0.6280611192043459	-111.45391052052966	255,0,255	NA	""
1602	Im_Bo_363	-0.6038908059488023	1.2015859847352979	-0.41995297569713824	-17.342468148165644	116.68310085280453	1.4088482835347003	20.558755701661195	-131.474297637539	1.7993443179875612E-4	-0.39161065220832825	0.005796455369629345	1.0	136.73237488899082	255,0,255	NA	""
1603	Im_Bo_364	-0.563744843006134	1.232860028743744	-0.4386707991361618	-17.931068799892078	114.57300198536839	1.424845313886667	32.44792795842077	-109.85592559790229	1.7831887817010283E-4	-0.38714781403541565	0.006731931039246973	0.8354405706657255	-116.61879969091821	255,0,255	NA	""
1604	Im_Bo_365	-0.6741551458835602	1.1567626595497131	-0.3461020588874817	-14.493805120519028	120.23340558413533	1.382885261479044	10.850910516775649	-156.99962998378754	1.812528062146157E-4	-0.3957987427711487	0.007164708764216384	1.0	177.34235729079188	255,0,255	NA	""
1605	Im_Bo_366	-0.6774863600730896	1.1557536721229553	-0.33876192569732666	-14.190741013009763	120.37822526124107	1.3818516421862879	11.12290575213505	-158.29322857797789	1.8141059263143688E-4	-0.39664897322654724	0.006340860558782915	0.9037460466465476	-158.92993045595705	255,0,255	NA	""
1606	Im_Bo_367	-0.6712831556797028	1.148630678653717	-0.39725251495838165	-16.62538876314351	120.30288471553921	1.3884462797258514	15.676132252297228	-156.08130185757128	1.8171293777413666E-4	-0.395735502243042	0.00757181318795637	1.0	-88.60407118810218	255,0,255	NA	""
1607	Im_Bo_368	-0.6654624464228196	1.1586851141793852	-0.38788140520297176	-16.187490206671097	119.86985132193723	1.3913459116704845	13.491619110107417	-153.78591918945312	1.8157623708248138E-4	-0.395890474319458	0.007351337173603764	1.0	-75.5887864799634	255,0,255	NA	""
1608	Im_Bo_369	-0.6812370307562736	1.1409916195134946	-0.3876144799409813	-16.261074017174252	120.8396090568207	1.384265419973196	16.336302792323572	-158.55739029167296	1.818279706640169E-4	-0.3967137932777405	0.005153023560076283	1.0	149.4373904450098	255,0,255	NA	""
1609	Im_Bo_370	-0.5744163990020752	1.228136658668518	-0.37783946096897125	-15.571967769718306	115.06613828527001	1.40749298757518	16.777835216282572	-137.95889045314274	1.7922857659868896E-4	-0.39259305596351624	0.009813107497080234	0.7039206573298126	-92.94187086529274	255,0,255	NA	""
1610	Im_Bo_371	-0.5980571806430817	1.3109028339385986	-0.07598266750574112	-3.0186093524876467	114.52331486938058	1.442883223656124	10.589981831780365	-156.64570403620266	1.7578194092493504E-4	-0.395264595746994	0.012728494059974959	0.5777474866929737	-126.49289558117137	255,0,255	NA	""
1611	Im_Bo_372	-0.5790689172527367	1.308748812539307	-0.10808087770063422	-4.318844810306735	113.86747046435697	1.435209302288639	9.650951385498045	-158.3708038330078	1.7641496378928423E-4	-0.39590558409690857	0.007923700594542678	1.0	-108.58424695820325	255,0,255	NA	""
1612	Im_Bo_373	-0.5945028245733698	1.2974817032783152	-0.10595764028226871	-4.245949726697073	114.61713110231372	1.4311252217405364	7.707062599874954	-159.10721671007622	1.7650096560828388E-4	-0.395898699760437	0.006578724834999506	1.0	-176.82479927167572	255,0,255	NA	""
1613	Im_Bo_374	-0.6640968548810308	1.2340223177737302	-0.11907571251698784	-4.8568119506120135	118.28719507695746	1.4064191191597029	5.245874440344581	-166.4168691334975	1.7861729429569095E-4	-0.3976578116416931	0.015858601626671152	0.6058988786781729	80.05424677642593	255,0,255	NA	""
1614	Im_Bo_375	-0.6125452518463135	1.2732828259468079	-0.12863017618656158	-5.2016322324939	115.69107030360769	1.4188046245471355	12.287153517525404	-164.91226998737062	1.7710811516735703E-4	-0.39656224846839905	0.006382709907516633	0.5993235370898355	-160.45566519026747	255,0,255	NA	""
1615	Im_Bo_376	-0.6154252748553639	1.2742710425143433	-0.11881503690848633	-4.799419582961663	115.77880576488654	1.4200816778329888	7.942864384052258	-163.47144638332557	1.771781244315207E-4	-0.39662063121795654	0.0061228781050771995	1.0	140.6171637619632	255,0,255	NA	""
1616	Im_Bo_377	-0.6200919127717629	1.2691209737490927	-0.11992167799820977	-4.852760431502909	116.04011298307884	1.4175906444205588	9.037184695695268	-164.51235117696862	1.7753876454662532E-4	-0.3970052897930145	0.005117046761165444	1.0	169.6609514246712	255,0,255	NA	""
1617	Im_Bo_378	-0.44130371549734126	1.4258032363980013	-0.14050423215669444	-5.377856537018165	107.1979422293348	1.4991348429973586	20.273942947387706	-130.17141723632818	1.7178046982735395E-4	-0.38966241478919983	0.005858366825852069	1.0	-116.48431528301748	255,0,255	NA	""
1618	Im_Bo_379	-0.41328938323044745	1.4488082537512776	-0.1666531299753498	-6.312119576674529	105.92141439083574	1.5157924449473321	21.41438045072707	-120.67034262852924	1.703787420410663E-4	-0.387207567691803	0.008265425232357935	1.0	175.6062779359965	255,0,255	NA	""
1619	Im_Bo_380	-0.3874701545028107	1.4818582590801137	-0.18655366167279902	-6.9442468025855435	104.65339360212491	1.5429968533078433	28.766500083421626	-101.17949945156383	1.6921527276281267E-4	-0.3844020366668701	0.005833888108200481	1.0	-173.08403904701171	255,0,255	NA	""
1620	Im_Bo_381	-0.38879968225955963	1.474201261997223	-0.1913669928908348	-7.154275576056195	104.77452663440131	1.5365727707360364	27.449015313568793	-104.41836790076563	1.6929970297496766E-4	-0.3839350938796997	0.006945761390170877	0.7005840777795886	-91.57222535933032	255,0,255	NA	""
1621	Im_Bo_382	-0.3690326831873333	1.511204287994515	-0.18123375889003615	-6.645191110425808	103.72292982494339	1.5661319218619048	27.23082542419434	-88.42253875732423	1.6747970948927104E-4	-0.3803575336933136	0.009568464264355557	0.49667866419832923	-123.72716078270217	255,0,255	NA	""
1622	Im_Bo_383	-0.34902992419150414	1.5265505776550956	-0.24371150039215464	-8.84611262317403	102.87871388957375	1.5847945764494615	32.10168450160611	-55.850419077571004	1.670216879574582E-4	-0.3764403164386749	0.01254849989700632	1.0	-134.37088417431855	255,0,255	NA	""
1623	Im_Bo_384	-0.35934725157666686	1.5105468447005053	-0.23712436923725397	-8.682967570327367	103.38148595205462	1.570703722455805	33.72868128628716	-64.77241102061618	1.6768407658673823E-4	-0.37771347165107727	0.01980259352953075	0.8181005376126074	-51.477141279938124	255,0,255	NA	""
1624	Im_Bo_385	-0.5677024731852314	1.2540285221076026	-0.5575120025087792	-22.048363896018788	114.35640535695121	1.4851576567022624	16.978282928466797	-85.3167724609375	1.8009745690505952E-4	-0.38333192467689514	0.008588329229117545	1.0	-113.05866942170388	255,0,255	NA	""
1625	Im_Bo_386	-0.5473297834396362	1.2697601914405823	-0.5673213005065918	-22.308316528486667	113.31844494688114	1.4945615723735821	8.001625092929979	-79.04430744459543	1.7997818940784782E-4	-0.3823202848434448	0.00973900013980224	0.6907040506435621	-60.242259496310105	255,0,255	NA	""
1626	Im_Bo_387	-0.5262496173381805	1.301746428012848	-0.5526339411735535	-21.48396989344263	112.01172581649203	1.5089356167609687	10.027972074363309	-78.8050603218087	1.7948111053556204E-4	-0.38178300857543945	0.005638336170519033	1.0	-138.59536687819295	255,0,255	NA	""
1627	Im_Bo_388	-0.5146188045412994	1.3161233541881798	-0.5493632585484916	-21.243536725696995	111.3560486675947	1.5161837577517039	9.38583564758301	-79.92722320556638	1.7888940055854619E-4	-0.381757915019989	0.004792276613405638	1.0	155.32849766824165	255,0,255	NA	""
1628	Im_Bo_389	-0.5302110910415649	1.256019413471222	-0.6190992593765259	-24.422954448406983	112.88636189535342	1.4973284412715342	4.747900087498798	-74.98143439295359	1.810033863876015E-4	-0.38160842657089233	0.007719599577616547	1.0	-146.94301869535585	255,0,255	NA	""
1629	Im_Bo_390	-0.44865640098735426	1.3515345502560614	-0.5913727973180011	-22.551805914117843	108.36413995435424	1.5419662746281118	5.774157047271731	-63.62209320068363	1.7822567315306515E-4	-0.37901824712753296	0.00783276284787655	1.0	143.60548667281734	255,0,255	NA	""
1630	Im_Bo_391	-0.4587516188621521	1.3335614204406738	-0.6056652069091797	-23.242070219164226	108.98346640199571	1.5348190293180277	5.730488300323487	-64.42974090576172	1.790995302144438E-4	-0.3795059323310852	0.006148144079946482	0.9731934361406929	-166.23795980205583	255,0,255	NA	""
1631	Im_Bo_392	-0.4832932651042938	1.3564111590385437	-0.5513686835765839	-20.952402981753124	109.61113215809712	1.5418920317870604	17.056971656413257	-69.16888079115512	1.7770001431927085E-4	-0.3794630467891693	0.010081410940323898	1.0	-156.90224548062588	255,0,255	NA	""
1632	Im_Bo_393	-0.4732863015812301	1.3589736777694332	-0.5543747057858786	-21.068767708516223	109.20156407994139	1.542122139958375	13.150130602939413	-66.97992521665954	1.7770001431927085E-4	-0.3794630467891693	0.010583439323117208	0.9370761888611419	-172.6682983559329	255,0,255	NA	""
1633	Im_Bo_394	-0.5253015458583832	1.2292664051055908	-0.6718073189258575	-26.681741589549475	113.13843792299843	1.4961158653542774	6.345866486822284	-69.59788019729739	1.820638426579535E-4	-0.38033512234687805	0.008443098945817953	0.6986807194858511	80.42905345915257	255,0,255	NA	""
1634	Im_Bo_395	-0.4896892900265625	1.2592175783378787	-0.6772215361304408	-26.62202425116513	111.25025117606725	1.5113085453873092	9.142448309502628	-66.39281721838934	1.8159431056119502E-4	-0.37944409251213074	0.007241193466221948	1.0	140.90313045001847	255,0,255	NA	""
1635	Im_CM_42	-1.3716094098169462	0.4481656417243356	-0.14111052048834227	-5.585290439778153	161.90548833413985	1.4498541287015976	10.135259201862532	-235.6762288930172	1.7685253988020122E-4	-0.40948939323425293	0.02257442971882196	1.0	148.3094843078454	0,255,0	NA	""
1636	Im_Bo_396	-1.6830075979232788	-0.0657883919775486	-0.5193624794483185	-17.137480566809	182.2385395473597	1.7625493105854317	31.385960644089568	-112.86009851266635	1.6729155322536826E-4	-0.3872688412666321	0.010551442097594104	0.9502604665607	-179.6485799359615	255,0,255	NA	""
1637	Im_Bo_397	-1.6826826333999634	-0.07097829505801201	-0.5348391234874725	-17.618113954880027	182.41539744644504	1.7670630014597741	29.065980238497115	-106.21496266455581	1.674769737292081E-4	-0.3864198327064514	0.013295905722805078	0.5610957931020021	-156.49905592951532	255,0,255	NA	""
1638	Im_Bo_398	-1.7375817894935608	0.3353486806154251	0.3349590003490448	10.718155136555891	169.07637257212025	1.8010682232178166	22.926182235801463	-113.5798030269034	1.6326339391525835E-4	-0.3866059184074402	0.012853433467068357	0.8611251287736202	-129.91437181011258	255,0,255	NA	""
1639	Im_Bo_399	-1.7605252265930176	0.29832275211811066	0.3582655191421509	11.345135958080233	170.3825295654615	1.8212083132107415	4.175734356773514	-108.31609626105488	1.6283591685350984E-4	-0.3856075704097748	0.011249337350325316	1.0	-178.84667310753179	255,0,255	NA	""
1640	Im_Bo_400	-1.7354432940483093	0.32976579666137695	0.39658984541893005	12.653466448969333	169.2410269195292	1.810467457038201	6.618124123822141	-109.21242866120953	1.630172337172553E-4	-0.3857541084289551	0.009234677367830624	0.8869765189113126	148.16669071922087	255,0,255	NA	""
1641	Im_Bo_401	-1.7334803938865662	0.34224551916122437	0.375101238489151	11.985293057677605	168.83158125571953	1.8063186901793262	12.354450533810963	-111.4906738041465	1.632905623409897E-4	-0.3860796391963959	0.009541415614615427	0.8291654666814413	-132.8786203963868	255,0,255	NA	""
1642	default	-1.7511395812034607	0.31452110409736633	0.3755086362361908	11.917902498638872	169.8177059428831	1.8183564264654006	2.763259116929906	-108.70472332909542	1.6296192188747227E-4	-0.3856705129146576	0.009594449948109866	1.0	172.43562286191795	255,0,255	NA	""
1643	Khepry_Bo_01	-0.6394432899324701	1.3399351340725054	0.20627600586328393	7.909760594063728	115.51139049522483	1.4989541938152993	13.974639353637373	-121.24915712594924	1.723437599139288E-4	-0.3882211744785309	0.023988341209849384	0.6267295912384003	-133.01352061048848	255,0,255	NA	""
1644	Khepry_Bo_02	-0.6493555903434753	1.3280171155929565	0.19208621233701706	7.403507524250258	116.05707406074221	1.4907009274123837	11.824745648495357	-123.94519142604486	1.729845389490947E-4	-0.38924461603164673	0.008867191948410411	0.5831816795320458	-114.71365471961153	255,0,255	NA	""
1645	Khepry_Bo_03	-0.6622395322936295	1.3195567283101963	0.21744905565853978	8.378409900564344	116.65047945026609	1.492338851993067	10.762230873107908	-126.76688385009767	1.728672068566084E-4	-0.3898804485797882	0.012053588183209531	0.7160384131887504	-115.54081897490423	255,0,255	NA	""
1646	Khepry_Bo_04	-0.6620775005408563	1.3180134717690484	0.20067408961926833	7.747745336683511	116.6717437662948	1.4885483595542504	7.4047060012817365	-127.82293701171872	1.7322554776910692E-4	-0.39010879397392273	0.008517557821013363	0.7356168604273273	-135.1376977616753	255,0,255	NA	""
1647	Khepry_Bo_05	-0.6467813938882356	1.330861356421911	0.17070267600604813	6.580715185200038	115.91915201279049	1.4895158693658834	5.9030675888061515	-125.0556716918946	1.7334266158286482E-4	-0.3893933594226837	0.0063614006207589535	0.5215624490915112	-121.6241984908551	255,0,255	NA	""
1648	Khepry_Bo_06	-0.6127584362430618	1.3626337877207064	0.19879503564402093	7.579034892227213	114.21282076364024	1.5072369444854479	11.602342967689736	-115.92241288013379	1.721758599160239E-4	-0.3874541223049164	0.015928349130493426	0.8436320178678034	-93.4153316391367	255,0,255	NA	""
1649	Khepry_Bo_07	-0.6377892364255274	1.335338561653342	0.11902171919982266	4.598354477050515	115.53024284101996	1.4846111793934313	6.742028033447824	-122.72272035661332	1.7409749852959067E-4	-0.3893660008907318	0.007935771515087696	1.0	-175.78853323403155	255,0,255	NA	""
1650	Khepry_Bo_08	-0.6001007876766851	1.3760362205377312	0.21747864451870647	8.24309323067795	113.56241443549362	1.516869670216804	11.979079975868169	-112.11118019808005	1.7174026288557798E-4	-0.3869408369064331	0.010230170588890043	1.0	-99.50475063001127	255,0,255	NA	""
1651	Khepry_Bo_09	-0.57364318324067	1.3868405362487282	0.17990908503843983	6.835750007301694	112.4716078240819	1.511542408780024	7.417760314349654	-116.32461468447912	1.7209017823915929E-4	-0.38785529136657715	0.01678787548197732	1.0	-127.59481125057297	255,0,255	NA	""
1652	Khepry_Bo_10	-0.5708424479988552	1.381616095794321	0.14206083538484493	5.428536805925612	112.44895020442267	1.5016342489253194	5.590909846239912	-115.41218066996412	1.7288791423197836E-4	-0.3879936635494232	0.012100094044862383	1.0	-107.56046032251214	255,0,255	NA	""
1653	Khepry_Bo_11	-0.5861687362194061	1.377411425113678	0.17534780502319336	6.68099857158538	113.0525763672356	1.5071837559107386	1.2604329992906886	-116.9726674576746	1.7256227147299796E-4	-0.38815897703170776	0.011351116096320217	0.7234538632220765	-97.69959008251946	255,0,255	NA	""
1654	Khepry_Bo_12	-0.5829269004154629	1.3807813236123918	0.18450575371135827	7.01799782662339	112.88809845074154	1.5101003966681699	10.698356171201695	-115.40416429629852	1.7215171828866005E-4	-0.3876860439777374	0.009193062952183287	1.0	-91.04350926156594	255,0,255	NA	""
1655	Khepry_Bo_13	-0.554610968274325	1.4077129290331774	0.18544936079937244	6.987803389354936	111.50345635243113	1.5243491995334426	16.68263378136477	-112.27859459499209	1.7148841288872063E-4	-0.3871164321899414	0.010117247792166882	1.0	-89.74755972658767	255,0,255	NA	""
1656	Khepry_Bo_14	-0.5505862149527267	1.3982625180549069	0.1307829566023366	4.973838890271332	111.49276191635424	1.508438739634748	7.0824233184924745	-112.91456607424279	1.726131740724668E-4	-0.3874424993991852	0.009660788738184734	1.0	-91.7953764453696	255,0,255	NA	""
1657	Khepry_Bo_15	-0.5737635187284025	1.394968240163617	0.20503972857259742	7.741099201153712	112.35782513563485	1.5222293706212284	17.10165786743164	-111.3257598876953	1.7114714137278497E-4	-0.3863970637321472	0.006712749937541845	1.0	-87.76863751869365	255,0,255	NA	""
1658	Khepry_Bo_16	-0.5419348026882136	1.403661148480496	0.12037796887736217	4.574160857496041	111.11090805722993	1.5094531478351148	9.696876285778236	-110.32745393289623	1.7260237655136734E-4	-0.3866337835788727	0.006923482607586659	1.0	-85.53019500417882	255,0,255	NA	""
1659	Khepry_Bo_17	-0.5069255429804691	1.4301518627773326	0.10931021602485869	4.120520300117142	109.51716409271198	1.521268082902852	9.262054443359377	-102.38603210449223	1.7209620273206383E-4	-0.38558685779571533	0.0077176968520976386	1.0	-57.97754235836417	255,0,255	NA	""
1660	Khepry_Bo_18	-0.46186457574367523	1.4741572141647339	0.06725001707673073	2.492665375568021	107.39616733833277	1.5462797105302892	19.820666908860858	-84.58089452252129	1.710900105535984E-4	-0.3825477063655853	0.009286957719050144	0.8220473540720903	-110.43675206022836	255,0,255	NA	""
1661	Khepry_Bo_19	-0.4610595405101776	1.4741262197494507	0.07580465823411942	2.8097597732166593	107.36801380843215	1.546405625267269	20.006280641559073	-84.43140308044238	1.7079267126973718E-4	-0.3820341229438782	0.008391702795763295	1.0	-127.30400030173634	255,0,255	NA	""
1662	Khepry_Bo_20	-0.4741399557112751	1.4584099945584714	0.10743579085717336	4.007424453756352	108.00972975888482	1.5373063647129797	16.314285730589425	-95.60447149152618	1.7114414367824793E-4	-0.38427311182022095	0.005853486212709942	1.0	-145.95263247241465	255,0,255	NA	""
1663	Khepry_Bo_21	-0.4893389154936294	1.4440603898920978	0.1019517991761915	3.825446945855784	108.71962809537604	1.5281221002351422	9.782114028930662	-99.90623474121094	1.718050625640899E-4	-0.38513100147247314	0.005224767751804793	1.0	-156.48704107604397	255,0,255	NA	""
1664	Khepry_Bo_22	-0.4722100551527315	1.4586539955485787	0.08394496952704174	3.1339319330863753	107.93832292288322	1.5354805673879675	17.58209513849608	-92.2812558015458	1.714263780741021E-4	-0.3834562599658966	0.007153667143075167	1.0	-136.59079211737762	255,0,255	NA	""
1665	Khepry_Bo_23	-0.48571908473968506	1.4501163959503174	0.10546659305691719	3.945095998205358	108.51836600299026	1.5329330687721916	9.787916941959189	-99.86316348361979	1.7149900668300688E-4	-0.38498735427856445	0.00866310638768606	0.4469574532194179	-124.53046404136687	255,0,255	NA	""
1666	Khepry_Bo_24	-0.45694807815930866	1.4813146351836695	0.12591632894051985	4.643728879812532	107.14367040181202	1.5552972437565338	16.003245365714744	-94.68872374722815	1.701649889582768E-4	-0.38277021050453186	0.0068870164881818345	0.9862166595664692	-111.04154718710514	255,0,255	NA	""
1667	Khepry_Bo_25	-0.39422907618327274	1.5377725302658654	0.05844212875344108	2.1083292958833257	104.37889235428928	1.5885768479245288	15.756082839572045	-55.124684256464455	1.6937180771492422E-4	-0.3771704137325287	0.015394052076121727	1.0	-101.04414343055154	255,0,255	NA	""
1668	Khepry_Bo_26	-0.40121612375940613	1.5368647108183529	0.013045744645085483	0.47057554494000836	104.63116696672867	1.5884261735367646	12.753502742918396	-51.7479968041389	1.6918248729780316E-4	-0.37638211250305176	0.011634607616095666	1.0	-148.3361285047785	255,0,255	NA	""
1669	Khepry_Bo_27	-0.3864939212799072	1.5511789917945862	-0.022418315522372723	-0.8034453213013911	103.9910124018398	1.5987608941433518	16.143263753945345	-44.06854976403458	1.682822039583698E-4	-0.3748510479927063	0.013602930749695857	0.7856773364081165	-118.09711873920251	255,0,255	NA	""
1670	Khepry_Bo_28	-0.38059160827627436	1.5556318379428093	-0.014889431482984404	-0.5326697861957007	103.74759939102186	1.6015811196069747	12.441920985660113	-41.612818731918274	1.6854544810485095E-4	-0.37507927417755127	0.012071365513459642	1.0	-176.99244508645626	255,0,255	NA	""
1671	Khepry_Bo_29	-0.3608333319425583	1.5764071345329285	0.04164997488260269	1.4753121952144364	102.8926750857232	1.6177128508035068	18.60320152172734	-42.59645295526321	1.6868874081410468E-4	-0.3751582205295563	0.010759711132377479	1.0	-100.7779327872089	255,0,255	NA	""
1672	Khepry_Bo_30	-0.3536032736301422	1.5838432908058167	0.03610500693321228	1.2745120425841012	102.58526514112722	1.6232370179607782	17.431028942017733	-41.469656194600596	1.6848409723024815E-4	-0.37450316548347473	0.010849928037285711	1.0	36.8152238118781	255,0,255	NA	""
1673	Khepry_Bo_31	-0.3956648912824199	1.5347758847359867	0.10637454448140092	3.839654349430839	104.45607222276205	1.588522353092422	14.226623439351094	-63.88870518527531	1.692442165222019E-4	-0.3780137002468109	0.013256816032444474	0.2958443575707914	-149.25671135137304	255,0,255	NA	""
1674	Khepry_Bo_32	-0.38989529657348254	1.5416261687437385	0.11808161900179864	4.246840676952303	104.19315033136367	1.594544717212944	18.170819129711653	-61.07421535007552	1.6881339251995087E-4	-0.37747424840927124	0.008533356799712856	1.0	-143.41731773664944	255,0,255	NA	""
1675	Khepry_Bo_33	-0.4243817054750157	1.519614940854141	0.15069265593893422	5.4557962920137095	105.60341340855774	1.5849409064576974	21.603720532291923	-73.86565117497598	1.6906883683986962E-4	-0.37913262844085693	0.007944824439331886	0.9001605211240606	-85.766911329909	255,0,255	NA	""
1676	Khepry_Bo_34	-0.41078740327706453	1.525682144985184	0.12925456672462332	4.6767149090213005	105.06942748846232	1.5852946228499218	16.221059842757608	-68.90709926220406	1.6944360686466098E-4	-0.3793601095676422	0.009299802272725217	1.0	-96.05119298307898	255,0,255	NA	""
1677	Khepry_Bo_35	-0.41189367944719635	1.5198552488016814	0.0970628255146864	3.527233329624665	105.16341767320162	1.5776683975333552	14.176031804362262	-64.36748770004856	1.69704420841299E-4	-0.37864038348197937	0.008628349770543631	0.6860338236203848	-157.31475162878365	255,0,255	NA	""
1678	Khepry_Bo_36	-0.37650235712844926	1.5546632285137583	0.11428900241544304	4.086742909908726	103.61356853257007	1.6036813134439205	22.9237280955098	-56.360966364290164	1.6818387666717172E-4	-0.37537887692451477	0.010854032094275216	1.0	-115.07020792639128	255,0,255	NA	""
1679	Khepry_Bo_37	-0.36410194159825404	1.5692247838544546	0.17210728564869324	6.098258722703564	103.06299904590497	1.620079493084225	24.909996544731897	-43.63595217964831	1.6769276408012956E-4	-0.3746882975101471	0.009811831325729246	0.7417142009526831	120.93361367372083	255,0,255	NA	""
1680	Khepry_Bo_38	-0.3798023800254096	1.5523348022542094	0.13157455029675882	4.706588866448586	103.74820551213594	1.6035289359560605	22.44585609436035	-59.56412124633789	1.68579223100096E-4	-0.37725165486335754	0.006302861217605851	1.0	-58.815114798609336	255,0,255	NA	""
1681	Khepry_Bo_39	-0.31448104977607727	1.6096152067184448	-0.008654423523694277	-0.3023430746979066	101.05499137781257	1.6400714446066225	13.431649619882396	-25.684077145165205	1.6766978660598397E-4	-0.37192851305007935	0.011779014156238547	1.0	-140.33283431595055	255,0,255	NA	""
1682	Khepry_Bo_40	-0.3176605609356456	1.6067527361696838	-0.07593507744605574	-2.654478793701182	101.18335508357525	1.6396123697842284	15.585039353782346	-14.075167069762877	1.665736926952377E-4	-0.3702116906642914	0.015134010168871415	1.0	-112.47666412910009	255,0,255	NA	""
1683	Khepry_Bo_41	-0.28697588658455864	1.6238738395629055	-0.03918813525862663	-1.3613356743800296	100.02200557609389	1.6495020813090282	12.553899450003362	-17.10012170824429	1.672421203693375E-4	-0.37081724405288696	0.008919842167469305	1.0	-100.79891928104628	255,0,255	NA	""
1684	Khepry_Bo_42	-0.28277744352817535	1.6263976693153381	-0.030993870459496975	-1.0756069879731254	99.86326542262793	1.651088453514455	12.262342453002937	-17.291639328002937	1.6730344214010984E-4	-0.3708595633506775	0.00913543517554888	0.40465953850673664	-109.38755928972087	255,0,255	NA	""
1685	Khepry_Bo_43	-0.2822726129634331	1.631281614475006	-0.12584008650122994	-4.346823311324142	99.8170980152391	1.660299148082665	21.368381271188774	7.551459939218898	1.6494620649609715E-4	-0.36691713333129883	0.02712630317401493	0.7701378290461306	-119.29023982012167	255,0,255	NA	""
1686	Khepry_Bo_44	-0.2674024822043791	1.6359538576132295	-0.10458545279673404	-3.6101247705386266	99.28310757527382	1.6609597311992148	19.58616060190638	-1.9337582975728045	1.6602624964434654E-4	-0.3684276044368744	0.013585696884404374	1.0	-169.1899773884789	255,0,255	NA	""
1687	Khepry_Bo_45	-0.20871367458896956	1.6805686274796647	-0.2577214961893414	-8.653140866496207	97.07944570586304	1.7129777229221013	16.48287300554561	37.784234776845175	1.6359251458197832E-4	-0.36189305782318115	0.022968732625100814	1.0	-107.50307537417275	255,0,255	NA	""
1688	Khepry_Bo_46	-0.2104513084597019	1.681004503637683	-0.212666817111194	-7.155016179975861	97.13594806744055	1.7074229322528092	12.479066989240332	27.28611088165338	1.640978007344529E-4	-0.36336085200309753	0.0182496280478983	1.0	-153.12599377178088	255,0,255	NA	""
1689	Khepry_Bo_47	-0.18512183545149033	1.6867963819385363	-0.18546233189337416	-6.237284365874068	96.26300889188612	1.7070291165159406	9.216543581597453	21.513719614795374	1.6448163660243154E-4	-0.36446791887283325	0.008879223933852393	1.0	-160.79598951668734	255,0,255	NA	""
1690	Khepry_Bo_48	-0.20402786135673523	1.6817660927772522	-0.18213678896427155	-6.136447639912317	96.9171842082799	1.703859844271026	14.112656626851617	21.04687567528783	1.6448163660243154E-4	-0.36446791887283325	0.007207866554603598	1.0	152.54620218346435	255,0,255	NA	""
1691	Khepry_Bo_49	-0.1695948403241928	1.6954018932952741	-0.21156766688915568	-7.078153478887117	95.71242176513685	1.7169481259859627	3.4636092185974094	23.76545524597167	1.642191200517118E-4	-0.3640638589859009	0.008011105502275078	1.0	-164.31422828783298	255,0,255	NA	""
1692	Khepry_Bo_50	-0.22495857999878283	1.6800926243861634	-0.2516281595802181	-8.443646859300063	97.6263464230621	1.7136610866579138	16.93805543251497	41.600169565252386	1.6302907897625118E-4	-0.36114266514778137	0.008459224072348946	1.0	-102.04967040595271	255,0,255	NA	""
1693	Khepry_Bo_51	-0.15710318208310484	1.697186568064912	-0.16525367022770904	-5.537785455255446	95.28861771376002	1.71243465047993	11.611486243386548	17.247882948320985	1.6441686602775007E-4	-0.3651774823665619	0.012229647164365292	1.0	-86.81550360985456	255,0,255	NA	""
1694	Khepry_Bo_52	-0.14518996597253597	1.7030958591789926	-0.14930210869763288	-4.992018124078596	94.87271868367108	1.7157816735917473	11.735997323457129	15.78972204731316	1.6412089462392032E-4	-0.3652653396129608	0.008219804511820037	1.0	-106.47244154948083	255,0,255	NA	""
1695	Khepry_Bo_53	-0.16180704209852134	1.6947954967855907	-0.1541718041343392	-5.17436436947403	95.4536641657411	1.7094684085959084	10.730337593331594	15.214605584389176	1.6441686602775007E-4	-0.3651774823665619	0.012031310029708241	1.0	-141.04351036732058	255,0,255	NA	""
1696	Khepry_Bo_54	-0.1594591811794753	1.6920051869846728	-0.11321180004507365	-3.8111088551259122	95.38380891457975	1.7032691199322885	8.855881609119294	10.916630509780289	1.6457409947179258E-4	-0.3659047484397888	0.011462712038579107	0.8279602795484932	179.42186175324872	255,0,255	NA	""
1697	Khepry_Bo_55	-0.1668625846505165	1.6804629564285278	-0.08148598670959473	-2.7625451982858134	95.67063104552135	1.6906918217448135	6.6167499465090405	5.603311935730682	1.6538497584406286E-4	-0.36702847480773926	0.01385081459970143	1.0	-109.9862786098599	255,0,255	NA	""
1698	Khepry_Bo_56	-0.15165784838525853	1.7011040069459007	-0.18267626283825678	-6.105295345408821	95.09459870674921	1.7175929559790344	12.346368231423117	23.270993056332095	1.6394439444411546E-4	-0.36415013670921326	0.0063042646964061935	1.0	164.83023855708825	255,0,255	NA	""
1699	Khepry_Bo_57	-0.16627660390860055	1.6952346186806895	-0.1999852291039383	-6.696193639109988	95.60192140791344	1.715069215291498	7.223698960057935	22.71370589656094	1.6435334691777825E-4	-0.36433929204940796	0.005426419059067727	1.0	165.1710218464247	255,0,255	NA	""
1700	Khepry_Bo_58	-0.17399631111459724	1.6925965262600173	-0.2011928032955328	-6.743526912974907	95.86930100658823	1.7133698553105454	6.638961803581896	22.877265004504192	1.642191200517118E-4	-0.3640638589859009	0.009854384237376274	0.5953106274971793	-81.88895621951414	255,0,255	NA	""
1701	Khepry_Bo_59	-0.23696782585426618	1.6691039778489793	-0.20324262552493658	-6.874319885113263	98.08045598664613	1.6980487048938417	13.652710521327387	27.649492843478207	1.6403319023083895E-4	-0.36330562829971313	0.0061062538366767755	1.0	-151.1237817242912	255,0,255	NA	""
1702	Khepry_Bo_60	-0.1828076904861647	1.6904910091762677	-0.2182199702097016	-7.313278809606365	96.1719140052325	1.7142924077312496	6.059271812438965	24.62156295776367	1.6424927162006497E-4	-0.3639225363731384	0.007423250111173206	1.0	-150.76928890174747	255,0,255	NA	""
1703	Khepry_Bo_61	-0.20049769431352615	1.688958466053009	-0.2333236187696457	-7.81126248351985	96.76994799101463	1.7167469052114048	20.846935119665698	31.998856263493426	1.63824122864753E-4	-0.36271095275878906	0.006507563403507814	0.9766206714823482	-59.80118242011457	255,0,255	NA	""
1704	Khepry_Bo_62	-0.04489417032892387	1.774827184633886	-0.2344617705353857	-7.523048170938289	91.44898506920788	1.790809689410786	7.809772327443404	49.34707582019329	1.5933834947645664E-4	-0.35931602120399475	0.0119610768790921	1.0	-130.1147149216514	255,0,255	NA	""
1705	Khepry_Bo_63	-0.05855165049433708	1.7619754076004028	-0.26681675016880035	-8.606225340109411	91.90327764845875	1.7830246243209478	7.742822448709761	53.502466412796224	1.6063725342974067E-4	-0.35925227403640747	0.01300477950920269	0.7596545899471442	-17.096453178593208	255,0,255	NA	""
1706	Khepry_Bo_64	-0.10290355865381297	1.7434362636675447	-0.2795259152190059	-9.093176199122396	93.37787352501167	1.7686983590012433	11.539655667921716	54.16101638268075	1.6157679783646017E-4	-0.35904356837272644	0.009325591173467474	0.48410776908768466	-75.99010896032932	255,0,255	NA	""
1707	Khepry_Bo_65	-0.23837288643782276	1.6535155098306396	-0.09623261650299722	-3.2967832207675554	98.20331518891034	1.6733785855920926	14.304291725158686	-1.1733801364898677	1.6605915152467787E-4	-0.3681614398956299	0.009917478189132804	0.8232350432572982	-89.37987953562182	255,0,255	NA	""
1708	Khepry_Bo_66	-0.16934288221421068	1.6589667775968329	0.10531890107533924	3.613798303140538	95.82841196123707	1.6709098874117518	11.896994410556395	-2.9523130202003838	1.6663126007188112E-4	-0.36856189370155334	0.010787707198688315	1.0	-150.65645813479998	255,0,255	NA	""
1709	Khepry_Bo_67	-0.11198924513389952	1.714225935547044	-0.5864960402388485	-18.850256089877185	93.73778384650096	1.815238208705306	8.162432684568248	102.24407899248511	1.6221884288825095E-4	-0.3511374592781067	0.016429019311216927	0.9611192380772847	-50.83235539322029	255,0,255	NA	""
1710	Khepry_Bo_68	-0.07689487189054489	1.718386173248291	-0.6119734644889832	-19.5843709766882	92.56217986018696	1.8257259879216863	14.559631895862113	111.46983355060138	1.6144660185091197E-4	-0.3499644994735718	0.00865999894415442	1.0	-39.29552814719894	255,0,255	NA	""
1711	Khepry_Bo_69	-0.05812619999051094	1.7247211337089539	-0.6170150935649872	-19.674243353089974	91.93024010416264	1.8326890816160404	15.297656860686368	113.089699256635	1.6082773800008E-4	-0.34921881556510925	0.015341011293004235	0.7878804837873224	-78.08622982503904	255,0,255	NA	""
1712	Khepry_Bo_70	0.5722965763415457	1.7278631357168934	-0.0576797009921616	-1.8150448100150285	71.67428355770906	1.8210879536607274	3.2540821294209485	95.62863263863875	1.5499143046326935E-4	-0.3531612157821655	0.01018269274921515	1.0	-164.89204648056918	255,0,255	NA	""
1713	Khepry_Bo_71	-0.10793175987797426	1.7075321824129328	-0.6152037812642528	-19.777095840458376	93.6168091950322	1.8181834646833812	11.711416156645479	106.79631958604939	1.622940762899816E-4	-0.3503388464450836	0.01740368594467564	1.0	-65.78528378384402	255,0,255	NA	""
1714	Khepry_Bo_72	-0.12460807833361934	1.6914434345084768	-0.6585393994381706	-21.220371068996123	94.2133498657514	1.8193906138980205	18.564505381399588	118.41636778260255	1.6207747103180736E-4	-0.3485758602619171	0.01950380331989099	1.0	-79.84925614396545	255,0,255	NA	""
1715	Khepry_Bo_73	-0.14713263095052323	1.6881754559932256	-0.6392459971530053	-20.668023855683728	94.98101702226121	1.811137715963228	23.96372215026475	106.99788886577579	1.6263384895864874E-4	-0.35049864649772644	0.015625432389178722	1.0	-115.0686850050504	255,0,255	NA	""
1716	Khepry_Bo_74	-0.05084438395301666	1.7195651352885053	-0.6976310489513539	-22.073773944013958	91.69363755190211	1.8563885601727628	28.825056070793654	143.85296064725173	1.5996108413673937E-4	-0.34501776099205017	0.01568748329585191	0.776308807600358	-134.21744025213545	255,0,255	NA	""
1717	Khepry_Bo_75	0.009998330396474908	1.7609647998126132	-0.7500012009689494	-23.068995267844326	89.6746919766346	1.9140529758198075	12.293393740305051	169.21609624889717	1.5854931552894413E-4	-0.34085604548454285	0.021043047825364147	1.0	24.250855491151764	255,0,255	NA	""
1718	Khepry_Bo_76	-0.03341998253017664	1.7268884778022766	-0.7663417458534241	-23.926247507491283	91.10869055947032	1.8895873574503657	13.656360668712363	161.26920211335224	1.6024813521653414E-4	-0.3419489860534668	0.01634679185201476	1.0	-140.6226738031852	255,0,255	NA	""
1719	Khepry_Bo_77	0.019519414752721786	1.7344521880149841	-0.8002544641494751	-24.766626939239522	89.35522415634898	1.9102650620930641	9.56741750371722	171.35769389086855	1.606703590368852E-4	-0.3403468132019043	0.013131933166192725	0.8962906568886386	-56.18604913050547	255,0,255	NA	""
1720	Khepry_Bo_78	-0.19910924072528752	1.6568691389924504	0.10863326686879879	3.7245299128070886	96.8524869167916	1.6723220443916813	14.130267884025562	3.4290777987348453	1.6615854110568762E-4	-0.36729076504707336	0.010932497153878425	1.0	-44.501069576866975	255,0,255	NA	""
1721	Khepry_Bo_79	0.5904030801816444	1.6902986161035245	-0.33847737648908893	-10.705243521487283	70.74624232066975	1.8221559052628837	19.03952234135473	86.70765959730898	1.5777061344124377E-4	-0.35419556498527527	0.013490047324610815	1.0	-157.6812875878756	255,0,255	NA	""
1722	Khepry_Bo_80	-0.4237601161003113	1.5126312971115112	0.03176747355610132	1.1585277497051885	105.65009130699327	1.5711891195444105	19.9782428741455	-62.55716705322264	1.6986239643301815E-4	-0.37859269976615906	0.007929771248305705	1.0	-58.102573300957694	255,0,255	NA	""
1723	Khepry_BP_01	0.2740141997029046	1.9199638428684298	-0.4783309909968972	-13.854709610154647	81.87768725405034	1.9975348498859804	30.311920166015632	244.96522521972662	1.432699937140569E-4	-0.3328704237937927	0.00381775435637112	1.0	0.6791846906254537	0,102,204	NA	""
1724	Khepry_BP_02	0.29420867826519964	1.827062676873761	-0.7611929703614347	-22.358466889512172	80.85228932069316	2.001032610858537	23.233097076416023	258.0617065429688	1.492858282290399E-4	-0.329441636800766	0.003988611272817253	1.0	-20.711848228267556	0,102,204	NA	""
1725	Khepry_Outcrop_01	0.19144802089341204	1.868291232243656	-0.730440432613128	-21.252574074112555	84.1491939973554	2.015119772812171	10.83153876381075	248.88816996680526	1.4884441043250263E-4	-0.3307051360607147	0.015572585372406654	1.0	175.15688343409875	0,0,0	NA	""
1726	Khepry_Outcrop_02	0.17596378746759958	1.8766961218878047	-0.7006521711830104	-20.390758069569888	84.64346296263058	2.010936362342711	16.511132268986483	245.6613611311523	1.4817486226093024E-4	-0.330951064825058	0.023398196846068843	0.7379302138859513	-166.00077436721102	0,0,0	NA	""
1727	Khepry_Outcrop_03	0.19184626647028258	1.8747352182984929	-0.7163094103980518	-20.81182908997361	84.15712071096637	2.016069517678418	9.464413190445178	250.13445026994543	1.4853556058369577E-4	-0.33042269945144653	0.020562246376487667	1.0	-110.01733629204301	0,0,0	NA	""
1728	Khepry_BP_03	0.273689272372812	1.9235617578840865	-0.471882515317224	-13.651168769719762	81.90216353768626	1.9994171056755985	29.765558242797855	240.38667297363287	1.4345202362164855E-4	-0.33348265290260315	0.0033517717580790495	1.0	108.67593582966542	0,102,204	NA	""
1729	Khepry_BP_04	0.27505829158234835	1.9251559230116722	-0.4628236494768663	-13.386875315061632	81.86884716633443	1.9990217913244988	27.20356349808297	242.4326564566429	1.4345202362164855E-4	-0.33348265290260315	0.008667025830079257	0.3491779169738127	102.00141161857836	0,102,204	NA	""
1730	Khepry_BP_05	0.2781192624120949	1.9207857488515454	-0.4719371604746382	-13.667033941482684	81.76114346393427	1.9973714978823305	29.76555824279785	240.38667297363284	1.4345202362164855E-4	-0.33348265290260315	0.002768616969157292	1.0	85.96255206317414	0,102,204	NA	""
1731	Khepry_Bo_81	-0.5858703851699829	1.3932878375053406	0.23538190871477127	8.85168703945437	112.8065036830809	1.5296730857636678	17.227009212841242	-105.69156100247076	1.7085236322600394E-4	-0.38560056686401367	0.009761352134149304	0.7154907988593382	92.21573366749725	255,0,255	NA	""
1732	Khepry_Bo_82	-0.6205510718217023	1.3650764672165805	0.2507963542904806	9.494987896972113	114.44610339297752	1.5203342413472636	13.63354821671413	-110.97064883134308	1.712288212729618E-4	-0.38659414649009705	0.010770078588322912	0.9161832207843267	-139.39007849144164	255,0,255	NA	""
1733	Khepry_Bo_83	-0.28158965706825256	1.6282288432121277	0.20369140803813934	7.027405876187214	99.81181201935479	1.6649060305447507	15.053733379249874	-0.5527731209881066	1.6637693624943495E-4	-0.3677554130554199	0.007654922251821286	1.0	-129.02551868869128	255,0,255	NA	""
1734	Khepry_Bo_84	-0.26227940941562605	1.6425970910138918	0.1672641040318773	5.742090362450806	99.07204208537898	1.6717933402512095	19.508036818179935	6.133759339793674	1.658441178733483E-4	-0.36661186814308167	0.004924167483022734	1.0	-134.39993205586143	255,0,255	NA	""
1735	Khepry_Bo_85	-0.22393492168491855	1.6484629356884875	0.14759311975522973	5.069945766028356	97.73597285272528	1.6701379070267874	8.423919677734375	9.0828218460083	1.6584605327807367E-4	-0.36646026372909546	0.005507766891537549	1.0	-152.1583313939622	255,0,255	NA	""
1736	Khepry_Bo_86	-0.15227712147214212	1.63892353978861	0.15679188562861862	5.441423460431748	95.30827632256216	1.6534335143561252	11.813600292252103	-3.080945352267807	1.667786273173988E-4	-0.36848825216293335	0.008374349532949429	0.5898417592530117	119.62718782331996	255,0,255	NA	""
1737	Khepry_Bo_87	-0.19943984168424667	1.650421802291267	0.14054987364467408	4.832574548249655	96.89031216892184	1.6683592667381102	12.122501917434574	4.425186209180114	1.6618569497950375E-4	-0.3671519160270691	0.006019133132864036	0.804322608729745	-145.96503817425184	255,0,255	NA	""
1738	default	-0.12817181274294853	1.6949325203895569	-0.6330864131450653	-20.42803591290337	94.32451050763221	1.813841963558235	18.119700486139337	112.83268608137664	1.6232252528425306E-4	-0.3497978448867798	0.008380820063603911	0.8837578454523517	-179.8410294866282	255,0,255	NA	""
1739	default	-0.12076450884342194	1.7053382396697998	-0.6075105667114258	-19.562700596554567	94.05067146638105	1.814340559801914	12.140865215197675	104.83744882455683	1.625350705580786E-4	-0.3508203327655792	0.005626930025785095	1.0	158.30387067024657	255,0,255	NA	""
1740	default	-0.017755853943526745	1.7735866904258728	-0.6042336225509644	-18.812308219598457	90.57358431504535	1.8737724753625038	26.827408539913296	118.42608575420782	1.569150626892224E-4	-0.34663382172584534	0.009164483496991975	1.0	176.01910090269467	255,0,255	NA	""
1741	default	0.025154652073979378	1.7450128197669983	-0.7896393239498138	-24.345089180505905	89.17412894304452	1.9155241474855	8.461200380462087	171.39367117066962	1.5971119864843786E-4	-0.3399813175201416	0.012990025886247933	0.8152038584056036	-137.7129112993127	255,0,255	NA	""
1742	Maat_Bo_01	1.2146834970006963	-0.9096410373193059	1.071123039971329	35.21568053424817	323.17153071166854	1.8574733864630752	8.112473177559275	100.38715762697126	1.728275528876111E-4	-0.3504704535007477	0.02931045616851192	0.9577210147877581	-169.3090024907897	255,0,255	NA	""
1743	Maat_Bo_02	1.390382170677185	-0.9897927045822144	1.0360118746757507	31.25873503477318	324.55349311805884	1.996540203214135	26.434430330470825	139.06103496973964	1.696563995210454E-4	-0.34880661964416504	0.0329041512737963	0.7753339767972854	-98.3572004199475	255,0,255	NA	""
1744	Maat_Bo_03	1.3058629994836577	-0.9081120483406974	1.0693852215592148	33.91388545128848	325.1848074261765	1.9166456161354513	4.132058041195024	96.33108205825906	1.7238606233149767E-4	-0.35118865966796875	0.029199604797010274	0.7499525101121972	-84.62629745831569	255,0,255	NA	""
1745	Maat_Bo_04	1.2374277710914612	-0.9583626687526703	1.059303879737854	34.09044549028034	322.2429455664605	1.8899235971739154	16.475723510946906	112.31407656717825	1.7144445155281574E-4	-0.34929516911506653	0.015032812495983615	0.6531619007634515	-124.78308982794843	255,0,255	NA	""
1746	Maat_Bo_05	1.31425184247503	-1.0539137398681906	1.0334385353604307	31.527027919265922	321.2734710113935	1.9763570737343694	19.791613035658383	146.32661099363872	1.6832655819598585E-4	-0.3463071882724762	0.017618169164959886	0.8473871585676268	-143.98834696464002	255,0,255	NA	""
1747	Maat_Bo_06	1.169045278560113	-1.0245809417593443	1.0470434254504979	33.96269431757058	318.7678532036937	1.87422861580952	20.449340127994336	134.79950768082523	1.6939733177423477E-4	-0.3467690944671631	0.013219749313126137	0.5171786976770354	-107.36697223673936	255,0,255	NA	""
1748	Maat_Bo_07	1.1746023467839748	-1.0018174875093548	1.0498091764593709	34.216282316688364	319.5391623405246	1.8669301696443494	17.352767617574674	127.4473422737858	1.6939733177423477E-4	-0.3467690944671631	0.008224592423379612	0.6233851031860553	-124.72552072030116	255,0,255	NA	""
1749	Maat_Bo_08	1.2033398003011413	-1.0441312675918466	1.0432935631556788	33.21870138560357	319.05200511044	1.904389203359917	24.841547012329094	143.57482910156244	1.68870305060409E-4	-0.3462200164794922	0.005693404672199245	1.0	-133.67018004299305	255,0,255	NA	""
1750	Maat_Bo_09	1.200262280787624	-0.9830094289868817	1.052870849336492	34.16258560401713	320.68267747596104	1.874959761045866	12.816622734069824	116.92184448242193	1.7092969210352749E-4	-0.34844836592674255	0.004600882324812275	1.0	26.45376331261328	255,0,255	NA	""
1751	Maat_Bo_10	1.2021469473838806	-0.9957664310932159	1.0519625544548035	33.976218045548165	320.36425268047	1.8823743741274153	12.556618658392534	119.48039045612575	1.7092969210352749E-4	-0.34844836592674255	0.008928682999588744	1.0	-136.56773867943727	255,0,255	NA	""
1752	Maat_Bo_11	1.2685598389745387	-1.059415088650568	1.0363183036941486	32.088705241334154	320.13365813533966	1.95078446315607	22.030785342840773	143.9697553248884	1.679672277532518E-4	-0.3456634283065796	0.007756292509194796	1.0	-44.032044796408314	255,0,255	NA	""
1753	Maat_Bo_12	1.3554851784144977	-1.0346237587962528	1.0312947136139812	31.164950498801698	322.64598880762156	1.9928259275449054	14.7728967666626	144.18623352050787	1.6806823259685189E-4	-0.3461304008960724	0.013814126928963475	0.8097377531954943	-99.36128887055685	255,0,255	NA	""
1754	Maat_Bo_13	1.3909246456140274	-1.051972911684822	1.0264827694848124	30.481093499019433	322.8993484562255	2.023606990683804	27.12392066284559	157.0576042719189	1.6691730706952512E-4	-0.3445550203323364	0.014333735646320352	0.668462476787053	-145.3087852375679	255,0,255	NA	""
1755	Maat_Bo_14	1.321237901773136	-1.18107038108504	1.0226328305276764	29.987106126957837	318.20608916537697	2.0460632307510167	22.359634859727212	219.91430294044744	1.6144930850714445E-4	-0.3379286527633667	0.009458675412455583	1.0	-163.08062064217722	255,0,255	NA	""
1756	Maat_Bo_15	1.317419652022881	-1.1014436932761074	1.030096208312048	30.958279027911026	320.1023066549496	2.0024662162874702	29.803167343139627	167.57331848144528	1.6520028293598443E-4	-0.3427909314632416	0.007016247919131083	1.0	-150.4341054453863	255,0,255	NA	""
1757	Maat_Bo_16	1.2330549729293474	-1.0156158246979081	1.0471028476014477	33.243922719103274	320.5231438549958	1.9100587538339406	14.790920555162506	125.84960443398282	1.7024173575919122E-4	-0.34779414534568787	0.007900922014690299	1.0	-90.65048585201012	255,0,255	NA	""
1758	Maat_Bo_17	1.1446450352668762	-0.8220831751823425	1.1217783093452454	38.519837083586665	324.31412185988097	1.8012272424645557	2.8248364557525867	110.48556202531088	1.7363045481033623E-4	-0.3486426770687103	0.012820232485820638	1.0	-173.3928065644072	255,0,255	NA	""
1759	Maat_Bo_18	1.3336855173110962	-1.0447302460670471	1.0325214266777039	31.36060268070328	321.92695390758706	1.984005756715751	18.076699909952122	142.30205530549895	1.6864204371813685E-4	-0.3467664420604706	0.008260053701496156	1.0	-162.0883505570065	255,0,255	NA	""
1760	Maat_Bo_19	1.2318116960212224	-1.1085041098263066	1.0355087949490938	32.00018489642694	318.0160363266304	1.9540777569926475	31.695723940549787	166.83685462116102	1.6569461149629205E-4	-0.34284523129463196	0.00984492322146616	1.0	-131.99118941649505	255,0,255	NA	""
1761	Maat_Bo_20	1.4738509058952332	-0.5179818570613861	1.265765905380249	39.015555259048114	340.63608022275076	2.010647911563843	13.661587728445054	170.79353901769258	1.7381848010700196E-4	-0.3379398584365845	0.03483911967589538	1.0	-152.87001402932512	255,0,255	NA	""
1762	Maat_Bo_21	1.4942875504493713	-0.4155227988958359	1.282673716545105	39.59094830764691	344.46012364587625	2.0126615072947174	19.46196075829703	167.7864209475753	1.738642022246495E-4	-0.3380178213119507	0.03540162128588762	0.5291380617912416	-158.09810962735034	255,0,255	NA	""
1763	Maat_Bo_22	1.5028701999843448	-0.3139398851895754	1.273727940278719	39.679867227587934	348.20095187632546	1.9948834440539367	18.47066181190506	159.25882235498756	1.7434460460208356E-4	-0.3386596143245697	0.028786630826869882	1.0	-120.72783250728486	255,0,255	NA	""
1764	Maat_Bo_23	1.521285248103028	-0.25545871801263514	1.2646597272570534	39.34598142302868	350.4676573406437	1.9947260935904048	19.095937453472022	155.08600335626625	1.7468287842348218E-4	-0.3400867283344269	0.04263613187319655	1.0	-144.82732286521122	255,0,255	NA	""
1765	Maat_Bo_24	1.464600333967013	-0.27885699350049126	1.3066684997152558	41.232067394723714	349.22002460879787	1.9824726805755826	15.612429962473838	175.61716473852098	1.742543827276677E-4	-0.33758965134620667	0.02418320460335296	1.0	-142.80465077603696	255,0,255	NA	""
1766	Maat_Bo_25	1.3304630261854187	-0.5519872464219849	1.3010495517609912	42.089628126103804	337.46724116957586	1.941018217430342	7.94676522765209	190.50672365597833	1.731693046167493E-4	-0.33416226506233215	0.037376566272606625	0.6432062811328572	-117.95708717553298	255,0,255	NA	""
1767	Maat_Bo_26	1.2830448950800375	-0.552778480462469	1.3124873294031574	43.21227782887909	336.69201266135724	1.9168701680336029	8.267175353624456	196.97004674563777	1.727846247376874E-4	-0.3335610330104828	0.01766665782984518	0.9959024137143434	-141.34992304613377	255,0,255	NA	""
1768	Maat_Bo_27	1.277429135941603	-0.5828373995312901	1.3038547494524457	42.879745171386915	335.47477264491897	1.9161319994495702	5.997658547987848	197.4145003860667	1.7201712762471288E-4	-0.3339829444885254	0.01973441168179476	0.6372323371445113	-125.8559664618507	255,0,255	NA	""
1769	Maat_Bo_28	1.416841745376587	-0.5348352491855621	1.2824424505233765	40.25849094858999	339.3192750580477	1.9844767355949422	8.08639498621168	180.98405571390487	1.738251157803461E-4	-0.3364737033843994	0.011717607956276934	1.0	-129.89016744532873	255,0,255	NA	""
1770	Maat_Bo_29	1.5614894692557766	-0.21511101193258597	1.244110899948352	38.28374730610723	352.1562955016063	2.008067240264042	24.678232791303465	149.4193821673515	1.7424795078113675E-4	-0.34134605526924133	0.0187593362669615	0.65805490790586	-94.48624669602097	255,0,255	NA	""
1771	Maat_Bo_30	1.4921250970096693	-0.47614684966368476	1.2739470715424233	39.12393028547977	342.3017777620498	2.01893394361041	14.845314085736671	167.78634144991895	1.7401116201654077E-4	-0.3375948667526245	0.04089637739492187	0.3042877144719269	96.9946251204585	255,0,255	NA	""
1772	Maat_Bo_31	1.4194846749305725	-0.23930827528238297	1.3256012201309204	42.64092241346383	350.43059466681194	1.9568913581990102	19.77745068495314	183.44716641396786	1.7365468374919146E-4	-0.3358982801437378	0.01006601035244215	1.0	-102.50835887921566	255,0,255	NA	""
1773	Maat_Bo_32	1.4228286743164062	-0.24755848944187164	1.325789988040924	42.55215273076897	350.12989262269883	1.9604707941056598	20.948169708251946	182.02717590332028	1.7365468374919146E-4	-0.3358982801437378	0.017256993926770662	0.3170746863653541	-123.1229546790655	255,0,255	NA	""
1774	Maat_Bo_33	0.9345997352420584	-0.49279041289174996	1.1939959358616548	48.49457283151438	332.198471109495	1.5943479391295665	18.850600586294256	134.14180154451395	1.65719204233028E-4	-0.3489648997783661	0.053434769597965386	1.0	-90.39215721822774	255,0,255	NA	""
1775	Maat_Bo_34	0.9921619296073914	-0.6161388754844666	1.1938934922218323	45.63033105918745	328.1594557095802	1.6701479213576165	8.871181300176987	134.43631796207725	1.6923817747738212E-4	-0.34655332565307617	0.03610978561637233	0.5003789398979409	-100.59462337707686	255,0,255	NA	""
1776	Maat_Bo_35	0.9996406137943268	-0.6467117667198181	1.1886179447174072	44.952378694600014	327.0993837566425	1.6823584886893759	9.611921489348738	131.3380237994294	1.7027407011482865E-4	-0.34586015343666077	0.01822110237354263	0.8124445387032956	-100.7333891452415	255,0,255	NA	""
1777	Maat_Bo_36	1.0374803094422966	-0.5818155301219171	1.223536455882403	45.808476789906	330.71643566277737	1.7064337556567506	15.204614540266116	141.62222375438034	1.7154782835859805E-4	-0.3440731167793274	0.017647995669436214	1.0	-125.46290077477808	255,0,255	NA	""
1778	Maat_Bo_37	1.6414530027760394	-0.29392913829729683	1.1865886683335565	35.43455312190379	349.8478453379371	2.046644807112429	11.478666350674088	115.7283063322737	1.7408774874638766E-4	-0.3466837704181671	0.06286490794184096	0.33123377687104205	87.95907975424402	255,0,255	NA	""
1779	Maat_Bo_38	1.604995846748352	-0.06052509881556034	1.2268680930137634	37.374864657632365	357.84037430193865	2.021108674297679	3.730000972747802	158.720458984375	1.7335529264528304E-4	-0.3401726484298706	0.012615422953837467	0.9243236560662492	151.84575682025402	255,0,255	NA	""
1780	Maat_Bo_39	1.5903955599259243	0.045694906616676106	1.252775235439955	38.21647288822001	1.6457573716530887	2.0250658883242383	12.943404643050506	176.65647077035078	1.7175533866975456E-4	-0.33779045939445496	0.011165725046479506	1.0	155.74505528408628	255,0,255	NA	""
1781	Maat_Bo_40	1.5998293161392212	0.014284921810030937	1.2461180686950684	37.91416313514612	0.5115820617548621	2.027922123972697	15.16478372364041	171.63546015475214	1.7222781025338918E-4	-0.33834555745124817	0.012600360079508523	0.7191125114876608	-80.61612662553492	255,0,255	NA	""
1782	Maat_Bo_41	1.5328244113388951	-0.2066027326753027	1.2756546487073697	39.5146796141205	352.3236141730095	2.0048765916918816	16.37719013079608	162.5799348560594	1.7461508105043322E-4	-0.33930903673171997	0.017076822902791014	0.6152185967559979	-100.68073994744061	255,0,255	NA	""
1783	Maat_Bo_42	1.4797593326986944	-0.2217622346394416	1.2898651143391464	40.762836563432245	351.47687113014814	1.9755045392532773	13.277183330350747	166.9286894821767	1.750113588059321E-4	-0.34051528573036194	0.008988449039473776	1.0	-85.17405849335917	255,0,255	NA	""
1784	Maat_Bo_43	1.4858374777818002	-0.2444871117284213	1.28805625306291	40.54323555436875	350.6559960055455	1.9815589492207268	16.437270557474132	166.24999809139553	1.7462726100347936E-4	-0.33858954906463623	0.012857742422705926	1.0	-99.69903496234419	255,0,255	NA	""
1785	Maat_Bo_44	1.5493967347609852	-0.1902602552362203	1.25727433296134	38.84834764654546	352.99933487699707	2.0043871768532986	16.413748041458238	157.66356594309195	1.7427363491151482E-4	-0.33966726064682007	0.014338731124641079	0.668922757754521	158.9126613141918	255,0,255	NA	""
1786	Maat_Bo_45	0.9641223251819611	-0.6976440846920013	1.1614476442337036	44.30291576358778	324.1102993102517	1.6628889791913442	9.35299189530728	129.02903885416256	1.6771139053162187E-4	-0.3462160527706146	0.01797919643141606	0.742098505934402	-114.49902240330212	255,0,255	NA	""
1787	Maat_Bo_46	0.9025907408457041	-0.7108664846270598	1.12409960915865	44.37455290675759	321.7765794942111	1.6073584341201124	6.027225565878883	-92.50048846968502	1.6212092305067927E-4	-0.35164228081703186	0.021947104338399307	0.4796245905259145	-112.67940222119833	255,0,255	NA	""
1788	Maat_Bo_47	1.0330771207809448	-0.503464937210083	1.2461495995521545	47.317030809566006	334.01794383317724	1.695173768362699	25.92768055970178	165.50306768591108	1.7032174218911678E-4	-0.34300196170806885	0.014775198903763014	0.35339990959607626	-132.95137960449523	255,0,255	NA	""
1789	Maat_Bo_48	1.0524390935897827	-0.5338889956474304	1.2477840781211853	46.59656405573663	333.101897764828	1.717448867070645	27.189264644712058	168.9983966589079	1.708810159470886E-4	-0.3432590067386627	0.012110865205362106	0.7344792004727949	-111.00141429058021	255,0,255	NA	""
1790	Maat_Bo_49	1.0511826276779175	-0.5080588161945343	1.2582646608352661	47.14228300954669	334.2045384985945	1.7164902079976252	25.4398608801408	179.05596769692204	1.707418996375054E-4	-0.34212812781333923	0.011025212712846339	1.0	-113.17899390446759	255,0,255	NA	""
1791	Maat_Bo_50	1.0253962521157474	-0.5383869835583792	1.2335651497679758	46.80618510881175	332.29816399688724	1.6920345731220152	20.784397657305878	150.12881404840087	1.710658398224041E-4	-0.34341996908187866	0.009611047232528902	1.0	-165.7419142915736	255,0,255	NA	""
1792	Maat_Bo_51	1.0295666375660544	-0.5685903474223102	1.2262154992284107	46.194148953804465	331.08980580686847	1.6990900196631358	15.312320672602047	143.79233271019373	1.71381383552216E-4	-0.3438376188278198	0.008423997202216382	1.0	-100.08238547327583	255,0,255	NA	""
1793	Maat_Bo_52	1.9147231048376403	0.11829647699153012	1.0983370224553544	29.792665402003635	3.535385675521735	2.2105435620145095	14.587392884050521	166.31042913248342	1.6297261754516512E-4	-0.34109076857566833	0.02019676375959568	0.9953259224739149	-173.594989577887	255,0,255	NA	""
1794	Maat_Bo_53	2.0268979348324256	0.35680049267288294	0.7795528131219749	20.745681756055383	9.98365139900048	2.2007554199060717	10.524003092943047	84.50791378302176	1.5685270773246884E-4	-0.3547133803367615	0.04074302721875194	0.7293991116069435	-174.05339015815082	255,0,255	NA	""
1795	Maat_Bo_54	1.9261761128868646	0.716767661803938	0.7752909600576238	20.668030424153944	20.411214547027473	2.196585161474717	10.613096375716944	204.68441520677382	1.4408616698347032E-4	-0.3383752405643463	0.030027102945750176	0.41683332749439156	-172.05869805235724	255,0,255	NA	""
1796	Maat_Bo_56	2.198518405846581	-0.039069166833572005	0.8692769902894064	21.570362150533928	358.98192220257465	2.36445597685596	12.482975641768093	144.15929602403318	1.519854413345456E-4	-0.3462957441806793	0.016013123945102216	1.0	-139.54332273956427	255,0,255	NA	""
1797	Maat_Bo_57	2.1006582046979796	-0.32890116098467376	1.0407033163514	26.079655480057898	351.10141458836586	2.3672778162536834	19.014700931124274	187.58370867530195	1.5423119475599378E-4	-0.33903026580810547	0.023688906181719815	0.6620654544783863	-8.994009265937926	255,0,255	NA	""
1798	Maat_Bo_58	2.170341987266387	-0.2658440739494329	0.9523791984119577	23.536011727035582	353.01665605565626	2.3849703459190525	15.248723644600165	167.7686492055702	1.5188095858320594E-4	-0.34217071533203125	0.016882471918827125	0.7112941546920052	-11.234109120461028	255,0,255	NA	""
1799	Maat_Bo_59	2.216013410739355	-0.2991454466165626	0.8706936936768476	21.274850820897644	352.3119677501263	2.3996480873279578	22.14057069117022	143.5327389650251	1.4980201376602054E-4	-0.34655317664146423	0.01959593172976157	0.7148918272431007	-79.17149172103626	255,0,255	NA	""
1800	Maat_Bo_60	2.1944387365972684	-0.7506113842242828	0.5696798273433673	13.800333275993813	341.1166627892498	2.388203074382009	15.63984705951727	73.21204019420871	1.473782758694142E-4	-0.3578808307647705	0.02462205986024521	0.797191691894224	-67.95052372584055	255,0,255	NA	""
1801	Maat_Bo_61	2.188456342482487	-0.7773656092545528	0.554907170719357	13.438012236957414	340.4443591735641	2.38779404922604	18.03024385315642	73.6719159594435	1.4732996351085603E-4	-0.3570636212825775	0.02289167041376943	0.7024742899966832	-64.70515880197502	255,0,255	NA	""
1802	Maat_Bo_62	2.139486283014689	-0.7360094608968839	0.6865859665126242	16.88080505303396	341.0161560365521	2.3644263090969457	4.872598601278513	84.46558532717746	1.5129066014196724E-4	-0.3552510738372803	0.02084055497393836	0.5890819501377288	-85.53584026883723	255,0,255	NA	""
1803	Maat_Bo_63	2.1288484359784747	-0.7379584603112157	0.6996354227107784	17.25048925384089	340.8812907389641	2.3592515926082553	4.754455575873206	84.8447760389236	1.5163011266849935E-4	-0.35507240891456604	0.014841474591382214	0.7586832238797996	-57.695267521734614	255,0,255	NA	""
1804	Maat_Bo_64	1.869576267088547	-0.33557878889507003	1.2031597036075832	32.35113905360181	349.8240789057753	2.2484487573440752	23.42103762255916	177.46882570298965	1.6471170238219202E-4	-0.3380469083786011	0.015312226718967472	0.6715488041944631	-171.1002709814592	255,0,255	NA	""
1805	Maat_Bo_65	1.1886298060417175	-0.4100232869386673	1.3757233023643494	47.573795821283625	340.9678916203111	1.8637528045078915	21.63649559020996	250.93196105957034	1.686779869487509E-4	-0.3281094431877136	0.012975128389529137	0.8853629247197066	-171.2883009441572	255,0,255	NA	""
1806	Maat_Bo_66	1.1961630985421121	-0.3901123429977657	1.3813148874740997	47.67117306566947	341.93696677409974	1.86842838150962	16.331943458220078	253.31896110713896	1.685189490672201E-4	-0.32680457830429077	0.011508800732581604	1.0	-145.59850448907395	255,0,255	NA	""
1807	Maat_Bo_67	1.2502260244143057	0.006142918987863871	1.2056233047113738	43.95917256938994	0.2815174957982931	1.7368449557861132	1.139398633820807	110.56048105291808	1.7384234524797648E-4	-0.348396360874176	0.007007022998414331	1.0	-145.73230620387724	255,0,255	NA	""
1808	Maat_Bo_68	1.2764847516327307	-0.08906446686994857	1.227733855997765	43.81522676792664	356.0087567514254	1.7733234960302204	38.165763345919686	136.89175334839535	1.7422308155801147E-4	-0.3470935523509979	0.007010364232654643	1.0	162.0062697577021	255,0,255	NA	""
1809	Maat_Bo_69	1.281494565975601	-0.09901031874460645	1.2358714347725395	43.87653179552929	355.58201337570176	1.7830898937321242	26.58165844943975	147.24663303334157	1.7422308155801147E-4	-0.3470935523509979	0.009850700746341652	1.0	145.20954475096468	255,0,255	NA	""
1810	Maat_Bo_70	1.2874313408822986	-0.09249645596630278	1.2288178016152642	43.59192988066168	355.8906033206445	1.7821414762635681	12.731799423192909	150.40806848381425	1.7422308155801147E-4	-0.3470935523509979	0.009013141406121935	1.0	178.14813290372817	255,0,255	NA	""
1811	Maat_Bo_71	1.2559317628658258	-0.08067148990023348	1.2247094916413452	44.21993624978994	356.32480437516153	1.756071132151083	24.2355948077412	125.34356812014387	1.738973514875397E-4	-0.34743356704711914	0.008307266562524878	1.0	167.65454653050318	255,0,255	NA	""
1812	Maat_Bo_72	1.3051797839889527	-0.10189977422413318	1.2355703374116893	43.34374055430461	355.5357816206411	1.8001421863875127	11.752415917305306	150.05230565256895	1.7439269868191332E-4	-0.3466733992099762	0.011406796472911346	0.5804020725945259	149.97246550491167	255,0,255	NA	""
1813	Maat_Bo_73	1.2429196699792953	-0.0812608733701382	1.2260451278257707	44.54731937612675	356.2593815207033	1.7477526401146213	23.70396292906594	123.25489565978718	1.738973514875397E-4	-0.34743356704711914	0.006906802096571368	1.0	-84.84282052687294	255,0,255	NA	""
1814	Maat_Bo_74	1.5135101475001156	0.20936147633634244	1.1391697625239596	36.707036198179146	7.8756558624969335	1.9058470406117194	19.48474864219277	139.32174543558352	1.7116987146437168E-4	-0.34488826990127563	0.012891518256093476	1.0	-169.31427979158948	255,0,255	NA	""
1815	Maat_Bo_75	1.4977815086437896	0.19700929176276583	1.149044747602421	37.25708753753644	7.493329873219761	1.8980163172820312	17.005604320522767	137.34754113121406	1.7116987146437168E-4	-0.34488826990127563	0.006445949122210058	1.0	-171.36097898838383	255,0,255	NA	""
1816	Maat_Bo_76	1.5631335495843595	0.09939140402414687	1.224063073951325	38.00779079812792	3.6382380357867024	1.9878620560897222	12.49999046325684	158.2840881347657	1.722774322843179E-4	-0.3405860662460327	0.011286636314601476	1.0	-172.9533350031533	255,0,255	NA	""
1817	Maat_CM_01	1.998136760478845	-0.06021886778395141	1.1421720187442808	29.741881677870875	358.27377033877923	2.3023322405805073	17.965351590071197	206.493228372378	1.5872791118454188E-4	-0.335212379693985	0.044586683639262624	0.8547214054113814	94.37324441706541	102,255,0	NA	""
1818	Maat_Bo_77	2.2827815686551727	-0.07446203033680052	0.762708473092073	18.46602247289152	358.1317319350868	2.4079785088492986	24.955533981323228	134.60461425781247	1.4652012032456696E-4	-0.348244309425354	0.019410655642965104	0.6850701300578678	-168.16105098321455	255,0,255	NA	""
1819	Maat_Bo_78	2.1357083656878353	-0.10625353911423405	0.9632258670634635	24.249320649945528	357.1518283710492	2.3452812430119048	14.89449949729018	152.8810119810971	1.547357824165374E-4	-0.34390994906425476	0.009583813301513379	1.0	138.88288205315277	255,0,255	NA	""
1820	Maat_Bo_79	1.9944381681082821	0.6139275170558455	0.7435243874058721	19.61101439391333	17.109400662118937	2.2152921065342044	23.941604614257816	162.45368957519534	1.489350397605449E-4	-0.3437715470790863	0.021506566219331703	0.6970061906865083	16.536146294928137	255,0,255	NA	""
1821	Maat_Bo_80	1.9827392283282244	0.6872799338831929	0.6639224715851177	17.55648119963381	19.117929151776284	2.201000137061736	18.397546339373864	168.95671780072186	1.4630203077103943E-4	-0.34337326884269714	0.012024630259751248	1.0	-150.36821192993997	255,0,255	NA	""
1822	Maat_Bo_81	2.1054729196450923	-0.5136067514370205	0.8718469842392649	21.914412680890536	346.291067161148	2.3360062659178844	14.37245573054235	106.1202755251356	1.556597271701321E-4	-0.35151156783103943	0.013669298069264335	1.0	135.18326903073662	255,0,255	NA	""
1823	Maat_Bo_82	2.1136604701593296	-0.4717572006228514	0.9000700954188228	22.568192569202182	347.41812228257635	2.3452593920760485	25.998477935791012	123.02474975585936	1.5392823843285441E-4	-0.34902963042259216	0.01183781913282494	0.7315234351509522	93.29152934689704	255,0,255	NA	""
1824	Maat_Bo_83	2.1516064519520093	-0.7543825698573678	0.655883101207848	16.04868376986184	340.6786377452952	2.3724852008466026	9.526038169860842	81.4020309448242	1.5067840286064893E-4	-0.3557010591030121	0.009693344692471998	1.0	175.85380887149446	255,0,255	NA	""
1825	Maat_Bo_84	1.3957161640929054	-0.06887085536076659	1.261487290505316	42.07350143600998	357.1750622114354	1.8825825319318095	5.394907434719038	144.2732265260204	1.7537192616146058E-4	-0.34335821866989136	0.007781602227552687	1.0	-150.87188399940456	255,0,255	NA	""
1826	Maat_Bo_85	1.8892471404970883	-0.04747826728725046	1.1779220263382801	31.934904921919717	358.5604149835598	2.226883302706701	11.802585437829144	204.91119158020422	1.6391857934650034E-4	-0.3348113000392914	0.00974478744430206	0.9818316222534634	150.6064085187466	255,0,255	NA	""
1827	Maat_Bo_86	1.7204188827240912	0.237844145108508	1.1464508667564641	33.42882987845143	7.871123658133902	2.0810479473771513	31.44429761681388	153.33640594794764	1.6670821059960872E-4	-0.34242185950279236	0.02181972366835192	0.6311461803236849	101.81149558157833	255,0,255	NA	""
1828	Maat_Bo_87	2.1061920860912515	-0.9877480958336147	0.44481750575011936	10.824980346706761	334.8746712429754	2.3684497076691553	4.940523566492219	63.32657849484248	1.4873551845084876E-4	-0.35857662558555603	0.0157477637316681	1.0	86.82968096373267	255,0,255	NA	""
1829	Maat_Bo_88	1.9368642440641044	-1.2590064595868289	0.10597401591396685	2.6265625773670576	326.9752028716301	2.312524779816275	3.155518000563739	49.22799353019905	1.483514643041417E-4	-0.3606477975845337	0.02051970251771512	1.0	79.50082381923052	255,0,255	NA	""
1830	Maat_Bo_89	1.508727226844156	-0.19552650042509392	1.2726673251108127	39.91387380401236	352.6157963215544	1.9834743703395952	18.30368798677363	164.3105653644774	1.751771487761289E-4	-0.34073108434677124	0.009802348330062646	0.795009192870803	115.33925112515342	255,0,255	NA	""
1831	Maat_Bo_90	1.5056260228157043	-0.21178725361824036	1.2758539915084839	40.001022470784875	351.9930846250295	1.9848342422033942	18.446035385131836	164.56311035156247	1.7484149429947138E-4	-0.3394400179386139	0.009427495768715342	0.8833035607859189	42.78119163572995	255,0,255	NA	""
1832	Maat_Bo_91	1.2554890513420105	-0.09181200340390205	1.232382595539093	44.391490768868366	355.81749195171636	1.7616608821780575	26.077303498289016	131.3533622628582	1.7355114687234163E-4	-0.34662336111068726	0.007581216328288881	0.9342475455378132	164.19455271695392	255,0,255	NA	""
1833	Maat_Bo_92	1.4113706686765466	-0.14306116547932127	1.2659314699165862	41.74505701466417	354.2120803155404	1.9013195807107106	3.263126749003318	148.40945001887363	1.7538931570015848E-4	-0.34122520685195923	0.007753236474273652	1.0	-76.67408456021532	255,0,255	NA	""
1834	Maat_Bo_93	1.451986441632055	-0.15247039719807234	1.2585699004523183	40.76304767242072	354.0054456848132	1.9275658336434616	7.49384063355697	149.8112022013866	1.7579455743543804E-4	-0.3418937027454376	0.017380454415894645	1.0	155.49832977337843	255,0,255	NA	""
1835	Maat_Bo_94	1.4807818531990051	-0.19140995293855667	1.271579921245575	40.418928246455806	352.6346303770252	1.9611904963471354	18.16247819430032	163.66282748655726	1.751771487761289E-4	-0.34073108434677124	0.0068442400811205865	0.9767721297409462	146.70785052820045	255,0,255	NA	""
1836	Maat_Bo_95	1.499391540176809	-0.17661187558043367	1.2613662106112482	39.87795386319516	353.2821400065651	1.9673361336135728	18.247267618154094	159.49746626888856	1.754207187332213E-4	-0.34123313426971436	0.005063766109678873	1.0	164.39581193662758	255,0,255	NA	""
1837	Maat_Bo_96	1.5153187889235973	-0.15830988929605777	1.2530497850341284	39.43543111421191	354.0357746845426	1.9726598330396155	15.579373266579887	159.2477721555245	1.7557137471158057E-4	-0.34172484278678894	0.005706832341839877	1.0	161.98155864461717	255,0,255	NA	""
1838	Maat_Bo_97	1.4488717317581177	-0.019232298247516155	1.238355815410614	40.51813601678574	359.23950148027365	1.9060756286005376	18.28499820220145	153.8951268678623	1.7540193221066147E-4	-0.3431534767150879	0.005115570190224109	1.0	-105.6188267807828	255,0,255	NA	""
1839	Maat_Bo_98	1.4256049260706631	-0.007593013145544045	1.2422969728290447	41.06905892144451	359.6948358655897	1.890954475334025	2.9800438342507087	141.34094011701066	1.7521297559142113E-4	-0.34363606572151184	0.0060643387226911715	0.7924359176070968	-143.54935575157347	255,0,255	NA	""
1840	Maat_Bo_99	1.47680230643196	0.033175783068323694	1.239494210443316	39.99993847049333	1.286910701088069	1.9283131443278223	27.32973098754883	164.74299621582034	1.746372290654108E-4	-0.34289348125457764	0.0049670418568698695	1.0	-112.2012638002505	255,0,255	NA	""
1841	Maat_Bo_100	1.601026084257713	0.09149732358988269	1.2220546724459953	37.309258030633025	3.270848864185937	2.0162028432538195	29.101071797213763	176.2482360554224	1.711340737529099E-4	-0.33961451053619385	0.007292991253714881	1.0	-111.96368026865795	255,0,255	NA	""
1842	Maat_Bo_101	1.618131286098275	0.09027748924251314	1.2184060496232663	36.935916031129864	3.193289940297534	2.027563115139098	20.023919904857788	201.5641506861915	1.706062612356618E-4	-0.33950111269950867	0.0051004127880381125	0.7588470809054519	-85.60743758705414	255,0,255	NA	""
1843	Maat_Bo_102	1.5980479250852293	-0.028780082369094934	1.2383203412265524	37.76744986422715	358.9682418252034	2.0218859343459075	11.33664110790247	163.48429566741666	1.7283753550145775E-4	-0.3390748202800751	0.0076029938096350965	1.0	-140.17291961976062	255,0,255	NA	""
1844	Maat_Bo_103	1.5469149947166443	-0.16960348188877106	1.2573464512825012	38.937076895291405	353.7430923702895	2.0006577519657602	12.503307342529297	159.09390258789068	1.746403577271849E-4	-0.33990439772605896	0.009796300143726589	0.8229909342986746	-57.90668306970568	255,0,255	NA	""
1845	Maat_Bo_104	1.5529703038249985	-0.24747821834434353	1.243703127522299	38.33959989741398	350.94559323435567	2.0049338399373546	21.25252813317016	142.59097256378843	1.7467532597947866E-4	-0.34211400151252747	0.016263513169682508	0.9468655872335922	161.0734193123209	255,0,255	NA	""
1846	Maat_Bo_105	1.6993013566957023	-0.0498485913536678	1.1923192410428904	35.043934671290735	358.3197241292966	2.0764718046457777	20.23060867464766	191.18974071488677	1.7114621005021036E-4	-0.33948853611946106	0.006500927104080962	1.0	-64.67370282724038	255,0,255	NA	""
1847	Maat_Bo_106	1.630376398563385	-0.07200032845139503	1.2114905714988708	36.588368895628605	357.47135921202977	2.0324912430611555	15.992792479371959	164.26008031624542	1.7258392472285777E-4	-0.3405739963054657	0.008795282636148517	1.0	-134.9155283577209	255,0,255	NA	""
1848	Maat_Bo_107	1.790289044380188	-0.07231194898486137	1.2031100988388062	33.88027527574877	357.68701116938183	2.158202444239566	13.433734207389117	199.26967543484574	1.6668954049237072E-4	-0.33513832092285156	0.012330541627169605	0.6326307565939471	-127.68396544033813	255,0,255	NA	""
1849	Maat_Bo_108	1.3177588968230785	-0.5131239126520915	1.3173538201603792	42.97071535054358	338.7244918763304	1.9326680385888602	12.152726348835671	196.99883700247273	1.731742377160117E-4	-0.33381208777427673	0.014314492848591475	0.859887669894802	-102.5254363105267	255,0,255	NA	""
1850	Maat_Bo_109	1.2655388677396193	-0.5486451399560134	1.3179912710586346	43.69691607684199	336.5619707057405	1.907800069699073	8.181160926818851	199.12400817871094	1.7160126299131662E-4	-0.3324844241142273	0.00889860995484253	1.0	-77.82220691812897	255,0,255	NA	""
1851	Maat_Bo_110	1.2980084718928486	-0.48328203172425876	1.3339100462340356	43.922291916391075	339.57840335539396	1.9229413737129954	15.871673006084295	206.757863510841	1.7246551578864455E-4	-0.33227238059043884	0.005801137315642229	1.0	-47.853693700643575	255,0,255	NA	""
1852	Maat_Bo_111	1.2148155570030212	-0.8400918543338776	1.1125515699386597	36.988906100618856	325.3346454816155	1.8491355161338692	12.798076505193096	104.04940698166038	1.7397585907019675E-4	-0.34930694103240967	0.029196605371059666	0.49001360199224775	-94.09463159193713	255,0,255	NA	""
1853	Maat_Bo_112	1.2380911707878113	-1.0419672727584839	1.0415831804275513	32.76810636121872	319.9163125291005	1.9244378572539198	18.29175557321415	137.86313601278638	1.6849006351549178E-4	-0.3460620641708374	0.0069981083164737485	1.0	-176.80056408438634	255,0,255	NA	""
1854	Maat_Bo_113	1.2533558011054993	-1.0574344396591187	1.0386042594909668	32.34844727087234	319.8462573539618	1.9410737147709722	19.936956405639652	139.48310852050778	1.6849006351549178E-4	-0.3460620641708374	0.00552109518578604	1.0	162.81042176813347	255,0,255	NA	""
1855	Maat_Bo_114	1.2886015176773071	-1.0536103248596191	1.0357362031936646	31.891834448022024	320.72924217791916	1.9604433352221837	20.395357178053185	140.6804159612123	1.6865893849171698E-4	-0.3465551435947418	0.007450873033506512	0.5842976505421713	-51.545751595428165	255,0,255	NA	""
1856	Maat_Bo_115	1.2128832364657627	-1.2176506708155908	1.0301560859055998	30.938400865482997	314.8876158377286	2.0037416157692753	21.072682643936325	236.83917330661367	1.5867702313698828E-4	-0.3341898024082184	0.00644272606840511	1.0	151.09558805633287	255,0,255	NA	""
1857	Maat_Bo_116	1.2567606322016207	-1.187200276281219	1.026830665722383	30.707837783957157	316.6303203179658	2.0107891482504803	30.91071329833975	226.85968734997618	1.601574767846614E-4	-0.3361583650112152	0.007249512030028522	0.7769558776492346	-134.4619613866527	255,0,255	NA	""
1858	Maat_Bo_117	1.2937613175018767	-1.184266076546406	1.0247526623368843	30.295934377227095	317.530051530929	2.0313597676653297	22.17793314261671	224.68123609177783	1.6134121688082814E-4	-0.3378158509731293	0.007011085353867997	1.0	164.03189451840072	255,0,255	NA	""
1859	Maat_Bo_118	1.284911870956421	-1.1879146695137024	1.0245211720466614	30.347910743275147	317.2462888105912	2.027753291241921	19.454355257820623	230.51801789446213	1.6134121688082814E-4	-0.3378158509731293	0.007556989922156703	0.5762538872294533	-120.08272247869331	255,0,255	NA	""
1860	Maat_Bo_119	1.2372143097388009	-1.2266981176614056	1.0239915139325622	30.44427764398626	315.2445418746327	2.0209023085499194	17.949663697261652	242.24484466786996	1.577898219693452E-4	-0.3334828317165375	0.013538918261434862	0.4092752005237669	-109.18508209125777	255,0,255	NA	""
1861	Maat_Bo_120	1.329635547334763	-1.071199755586487	1.0303819012881728	31.109341401236698	321.1438960716383	1.9942633897273936	17.294987973347933	152.47178698249422	1.6685959417372942E-4	-0.34470680356025696	0.005917761251370285	1.0	-142.72222268959058	255,0,255	NA	""
1862	Maat_Bo_121	1.381520681101848	-0.8750287545882492	1.074170917953736	33.29916326346144	327.65061310395043	1.9565576594227803	10.45577887055376	98.21210398932283	1.7235892300959677E-4	-0.3516888916492462	0.04868738731289171	1.0	152.65801689310277	255,0,255	NA	""
1863	Maat_Bo_122	1.4399255514144897	-1.0055922269821167	1.0272403955459595	30.322844768709576	325.07093657893796	2.03465578190135	5.1536136272573145	163.28136569999657	1.68365309946239E-4	-0.3469241261482239	0.014991581903387442	0.3559312187417753	-82.8595894821532	255,0,255	NA	""
1864	Maat_Bo_123	1.412068780258933	-0.9760645061223626	1.0331205853841365	31.04158531574983	325.34660306813373	2.0034915283669914	28.724796295165998	157.5173187255859	1.6964218229986727E-4	-0.3490343391895294	0.009186586262029842	1.0	-112.46723728140098	255,0,255	NA	""
1865	Maat_Bo_124	1.4174784421920776	-0.9500720202922821	1.0424268245697021	31.42008708212427	326.1678319715931	1.9996338820904216	27.63220630677398	153.360009412412	1.7021424719132483E-4	-0.3501405417919159	0.00905768544365623	0.5497285804974258	-77.85770768550904	255,0,255	NA	""
1866	Maat_Bo_125	1.427024677441428	-0.9517056543993353	1.0356324736627571	31.122450137364858	326.300041683332	2.003666065777259	1.7963745690136776	163.41449268450097	1.7011382442433387E-4	-0.35022348165512085	0.012304676854206885	0.33347836755176485	-74.38233040802456	255,0,255	NA	""
1867	Maat_Bo_126	1.4235376715660095	-1.001688152551651	1.0281035900115967	30.568044576392012	324.8674376938209	2.0215923548343393	4.271541518358351	162.8657546461699	1.68365309946239E-4	-0.3469241261482239	0.013698515955029968	0.4667293235969985	-89.71601820207756	255,0,255	NA	""
1868	Maat_Bo_127	1.413559474870852	-1.1258834122661359	1.0225135583203797	29.501958615821042	321.46309265386196	2.0763664955788035	21.578943294849545	185.27972599247568	1.6342689923476428E-4	-0.34088245034217834	0.015217814918345538	1.0	-128.1333100306498	255,0,255	NA	""
1869	Maat_Bo_128	1.1409339308738708	0.1541382297873497	1.1703521609306335	45.47020639421662	7.693978832671242	1.6417103913590496	26.317611370338785	118.34541577644512	1.6746977053117007E-4	-0.3509327471256256	0.009673248397882889	1.0	-115.16711673424449	255,0,255	NA	""
1870	Maat_Bo_129	1.0984707657605621	0.11588754390371647	1.1551445394054383	46.282200838654965	6.022369093580591	1.598257442648347	16.333852494571378	93.50100758333215	1.670590281719342E-4	-0.3540334403514862	0.007511938281250457	0.9926893446252492	-144.25518036204534	255,0,255	NA	""
1871	Maat_Bo_130	1.1275612654965574	0.2142845721584674	1.1678703376430155	45.498021607537964	10.760317805589997	1.6374472238395186	32.76293279602145	130.82131316921684	1.6526918625459075E-4	-0.3485824167728424	0.008302500321926734	0.7210400403627114	138.64703093756324	255,0,255	NA	""
1872	Maat_Bo_131	1.136692352407882	0.1951241984262395	1.167643245105914	45.353625885058754	9.740439268480683	1.641198862013838	26.980688777864255	127.58007305866516	1.667938195168972E-4	-0.348550409078598	0.007253107045330604	0.9980678735657922	-178.87632386684052	255,0,255	NA	""
1873	Maat_Bo_132	1.0472722330260442	0.1499211357367115	1.1503107708949218	47.39504168005493	8.146766208217317	1.562840473831162	11.15333366394043	95.1331939697266	1.6198681259993464E-4	-0.3536037802696228	0.00894545417255751	1.0	-142.35558495925306	255,0,255	NA	""
1874	Maat_Bo_133	1.0936858087249308	0.17088415407307622	1.160754990757829	46.359043502486195	8.880441627450933	1.603964522952046	17.055324554443363	106.49101257324222	1.6234414943028241E-4	-0.3521866798400879	0.006208361543677014	0.7264686436875325	-150.98353224583087	255,0,255	NA	""
1875	Maat_Bo_134	1.0958462953567505	0.20810920000076294	1.1678210496902466	46.31441627159866	10.752840177052883	1.614928650520419	27.16885857741499	120.87602381517887	1.6186016728170216E-4	-0.349739670753479	0.005073613310294331	1.0	158.56143709651508	255,0,255	NA	""
1876	Maat_Bo_135	1.0293171289698058	0.055183908968709394	1.1213893221104025	47.41038368661156	3.0688122435213585	1.5231720282170818	16.674427032470703	68.18098449707034	1.6232937923632562E-4	-0.36012306809425354	0.010793775261465348	1.0	143.90821319226498	255,0,255	NA	""
1877	Maat_Bo_136	0.9749163089330127	0.0013509507805425092	1.1138453241567752	48.80526048854639	0.0793952545489985	1.4802415480716289	16.4073670111737	16.989543244260982	1.5906040789559484E-4	-0.36246997117996216	0.015069085798009143	1.0	124.25895203525234	255,0,255	NA	""
1878	Maat_Bo_137	1.5111673474311829	0.491426020860672	1.022695004940033	32.76464500552271	18.014333376169198	1.8897172696068703	26.19504040993481	166.0366283684006	1.6374608094338328E-4	-0.3452729880809784	0.007169668964366378	1.0	-101.49608805250487	255,0,255	NA	""
1879	Maat_Bo_138	1.5164985060691833	0.515164315700531	1.0085213780403137	32.1982652434794	18.762955245199986	1.89269050852103	18.095663117714153	167.11950306661774	1.6244292783085257E-4	-0.3449678421020508	0.00922889761229137	0.6938892862708854	-153.21495218842344	255,0,255	NA	""
1880	Maat_Bo_139	1.5228691697120667	0.5056434273719788	1.014525592327118	32.30323601136627	18.36789005047527	1.898438295334007	18.977463091963564	166.54184529172935	1.6244292783085257E-4	-0.3449678421020508	0.0063224259159330816	0.550527729129104	84.22777880640632	255,0,255	NA	""
1881	Maat_Bo_140	1.5235632235577679	0.48878302354641395	1.0237467343022844	32.612027555337306	17.787057240984364	1.8995291827922791	14.257542835705777	170.8495753459628	1.6374608094338328E-4	-0.3452729880809784	0.0056585885810358305	1.0	157.40904003664116	255,0,255	NA	""
1882	Maat_Bo_141	1.6627352833747864	0.18241803348064423	1.1793790459632874	35.186517843703825	6.260858560177274	2.0466802133151263	34.60392761230467	183.8790893554688	1.6804024926386774E-4	-0.3398312032222748	0.006446164547307737	1.0	-131.9413949697869	255,0,255	NA	""
1883	Maat_Bo_142	2.082094192504883	0.3043474555015564	0.7747364640235901	20.212807806107172	8.316240680079858	2.242311349661462	5.622905343557957	83.8741655183749	1.5581441402900964E-4	-0.3550781309604645	0.014842462105705709	1.0	125.39783438164187	255,0,255	NA	""
1884	Maat_Bo_143	2.0937798023223877	0.3625767230987549	0.7183884382247925	18.679082935839507	9.824395335790763	2.243091101342356	15.46404298699671	93.75746518038514	1.5412920038215816E-4	-0.353985995054245	0.013578908646343615	0.6058818325384909	142.70506093392518	255,0,255	NA	""
1885	Maat_Bo_144	2.072356939315796	0.3351113796234131	0.7544194757938385	19.766972639274393	9.185526654589943	2.2307199882864035	2.4381289482116695	81.70922851562504	1.555463095428422E-4	-0.3552570343017578	0.006051267213022509	0.6145677029884111	129.75199083356512	255,0,255	NA	""
1886	Maat_Bo_145	2.104271173477173	0.3136657625436783	0.7453257143497467	19.306683962577164	8.478168078752262	2.25429674235449	4.7595233917236355	85.0786895751953	1.5425033052451909E-4	-0.3547494411468506	0.006518824598414056	1.0	147.5073073642896	255,0,255	NA	""
1887	Maat_Bo_146	2.0724661642852453	0.35548989428333877	0.7340259134642042	19.24316132795688	9.733217882934671	2.227169304000425	23.015316009521477	90.70702362060544	1.544020778965205E-4	-0.3537245988845825	0.008257688415486998	0.6757644386715986	149.64244453617277	255,0,255	NA	""
1888	Maat_Bo_147	2.1014281511306763	0.3852921724319458	0.6996067464351654	18.131609653269543	10.389658263252512	2.24808806147789	14.629499496805845	94.68598655895755	1.5322252875193954E-4	-0.35313212871551514	0.007300669683329657	1.0	-175.61072848665364	255,0,255	NA	""
1889	Maat_Bo_148	2.102951138477662	0.3675853607905442	0.7085323599997685	18.360533297604388	9.91484893386028	2.24934225796317	14.339364051818853	92.54399871826173	1.530169538455084E-4	-0.353805810213089	0.006959426612336112	1.0	145.7988712175604	255,0,255	NA	""
1890	Maat_Bo_149	2.080146312713623	0.3233087509870529	0.7585282027721405	19.815365097105733	8.834564927817535	2.2376108386316025	2.4381289482116695	81.70922851562499	1.555463095428422E-4	-0.3552570343017578	0.007935686600776069	0.6618590051762753	151.0486736342118	255,0,255	NA	""
1891	Maat_Bo_150	2.1687463338454553	0.275791206804587	0.7362513313511398	18.612001084617848	7.247187657091259	2.3068566217333837	16.84064391008976	94.92590100116203	1.518065109848976E-4	-0.3537995517253876	0.008520969743871839	0.8003451108138929	-148.70579321689806	255,0,255	NA	""
1892	Maat_Bo_151	2.143612027168274	0.1782807558774948	0.8869533836841583	22.408420200862412	4.754256043876199	2.3267021416084837	5.625556945800782	145.06941223144528	1.5345228894148022E-4	-0.3457053601741791	0.011191650607137204	0.46632877439298726	151.93795267350228	255,0,255	NA	""
1893	Maat_Bo_152	2.1279446638056574	0.15981117481407586	0.9200377364383938	23.323079213432766	4.294918569939036	2.323823904749478	16.21693420410157	153.69375610351562	1.5444525342900306E-4	-0.3442293405532837	0.008735710738873755	0.48590985283726923	134.9757766093906	255,0,255	NA	""
1894	Maat_Bo_153	2.176681876182556	0.1861579492688179	0.8397349417209625	21.025937345603346	4.888253769666375	2.3404601138504137	1.9654295444488519	148.2851409912109	1.5210673154797405E-4	-0.3457382917404175	0.0066256341449606945	0.7861585613221507	-77.32417760578362	255,0,255	NA	""
1895	Maat_Bo_154	2.2084057331085205	-0.003591295884689316	0.8629802167415619	21.344075235380252	359.9068260362181	2.371034296234457	15.944671012743344	154.03281236598346	1.51098778587766E-4	-0.3449799418449402	0.01676165897842442	0.7269546047464319	-152.17133846581828	255,0,255	NA	""
1896	Maat_Bo_155	2.209211025371744	-0.06929698827348596	0.8581647311446934	21.219077820137315	358.20337509339447	2.3710466323943296	8.46793664433192	138.1321099428244	1.5210268611554056E-4	-0.3470616936683655	0.015361945076333886	0.8667700069810965	102.11969652379987	255,0,255	NA	""
1897	Maat_Bo_156	2.2178164157564373	0.02356308984372768	0.855431431101037	21.090982991835425	0.6087135058374349	2.3771890556952515	18.246549499075126	160.16378328836444	1.50232546729967E-4	-0.3444535732269287	0.006165899127919539	1.0	-118.42901301117308	255,0,255	NA	""
1898	Maat_Bo_157	2.2299573595525306	0.002533529440661486	0.8393675275502777	20.626585873316778	0.06509563115301002	2.382698908905569	22.36503410339356	157.99459838867196	1.4864654804114252E-4	-0.3444812595844269	0.009282735722437528	0.846988503135741	148.64297008759166	255,0,255	NA	""
1899	Maat_Bo_158	2.218103273495743	0.04198481440914684	0.8567117009595209	21.114915088833467	1.0843793766043337	2.378171523480688	18.979727497163488	170.0763003321629	1.499263453297317E-4	-0.3433971107006073	0.007554367467105463	0.8035020307551471	-126.25776226657017	255,0,255	NA	""
1900	Maat_Bo_159	2.224664568901062	0.035793351009488106	0.8524373471736908	20.96313976692606	0.9217708781273226	2.382658817152963	19.222137451171875	170.1105804443359	1.499263453297317E-4	-0.3433971107006073	0.005882403665219954	1.0	-151.5640332528537	255,0,255	NA	""
1901	Maat_Bo_160	2.2423274668791935	0.03752222115696267	0.8327725954947882	20.37175424250199	0.9586754441358196	2.3922689191661832	19.449684085297648	178.80024903324528	1.4781481877435E-4	-0.34282174706459045	0.0060829310416463485	1.0	173.638299809431	255,0,255	NA	""
1902	Maat_Bo_161	2.2531696077370573	0.04149475741608262	0.8261296364243865	20.132434205445893	1.0550496245992806	2.400205256285736	18.436992645263665	182.37915039062506	1.4781481877435E-4	-0.34282174706459045	0.010901898828303386	0.48171894048856695	-165.63024159005565	255,0,255	NA	""
1903	Maat_Bo_162	2.232706190852395	0.0493434578441777	0.8412909491243017	20.64195689466831	1.2660473385722506	2.386458081044186	19.471376157001608	176.76480973457222	1.4877444482408464E-4	-0.34266558289527893	0.0053983206733912515	0.739873556174184	163.4726430229011	255,0,255	NA	""
1904	Maat_Bo_163	2.240329838153652	0.05027687300835191	0.8372675414866602	20.487249180332956	1.285600509375514	2.392200343555736	19.536167144775387	178.49461364746085	1.4781481877435E-4	-0.34282174706459045	0.0075535876527416165	0.8889675774642827	-143.782475895672	255,0,255	NA	""
1905	Maat_Bo_164	2.2160449215061933	0.03534611280204607	0.8576251087722496	21.154338342451673	0.913795272463766	2.3764732838852236	18.124742930744226	168.48601104874402	1.50232546729967E-4	-0.3444535732269287	0.006054561312383101	1.0	176.33537685852224	255,0,255	NA	""
1906	Maat_Bo_165	2.310187135795318	-0.03049980115565113	0.7106297384202367	17.096860868600004	359.24360743989735	2.417206955432638	21.22510147094727	136.57266235351568	1.4512204506900162E-4	-0.3487023413181305	0.0056053202370658405	1.0	-154.83228675944596	255,0,255	NA	""
1907	Maat_Bo_166	2.177229166030884	-0.05488677881658077	0.8997161686420441	22.445902932166327	358.55591001031814	2.3564440549311407	16.219663619995114	140.70442199707026	1.5298965445253998E-4	-0.34644028544425964	0.005608945701423249	1.0	-171.79054468964424	255,0,255	NA	""
1908	Maat_Bo_167	2.127422842832033	-0.2763738562077807	1.0101205892281426	25.21353814968304	352.5981494572955	2.3712136271077093	15.691081047058105	181.78866577148443	1.5298159269150347E-4	-0.34015628695487976	0.006203253398179512	0.8651360403660626	160.89593268462875	255,0,255	NA	""
1909	Maat_Bo_168	2.1150383061660882	-0.32452469862054895	1.0240635333548487	25.574901078006764	351.276751388794	2.3722161446444736	16.95189476013184	174.85676574707034	1.5386511222459376E-4	-0.3410622477531433	0.004435166379015414	0.8270440073990404	-157.68969935666905	255,0,255	NA	""
1910	Maat_Bo_169	2.118331767025348	-0.2842559861659245	1.0206257573132544	25.52570021901044	352.3572144977577	2.368503298995201	20.534480931208446	183.8342534590813	1.53819884872064E-4	-0.3391681909561157	0.005330880881013744	0.8691498209923735	-162.98611173308868	255,0,255	NA	""
1911	Maat_Bo_170	2.1145028634368725	-0.209089169520661	1.0523948658232791	26.348646545123696	354.35275856590897	2.371154907192858	28.911033630371094	191.97477722167966	1.5401352720800787E-4	-0.33839988708496094	0.007083096353756174	1.0	-67.06711687699033	255,0,255	NA	""
1912	Maat_Bo_171	2.22064308528398	-0.3007284660484669	0.8545282996247541	20.873366488641697	352.28769253057465	2.39831439502226	23.587954088685496	132.7202825609544	1.4986757014412433E-4	-0.3481481969356537	0.009894962093676763	0.4785897727445288	-137.2998578653525	255,0,255	NA	""
1913	Maat_Bo_172	2.2217472953289827	-0.2542135007969498	0.8732469180134973	21.330506988893696	353.472573639451	2.400696925500835	10.806340853305825	140.37884641010177	1.499018253525719E-4	-0.34690332412719727	0.008689212736180674	1.0	-86.02169266942892	255,0,255	NA	""
1914	Maat_Bo_173	2.1909180815805915	-0.28962912800399065	0.9291556412838107	22.803657800182748	352.4694303091454	2.397360481386698	26.17516290364303	164.64432399921347	1.4992769865784794E-4	-0.3435659110546112	0.0108736640320067	0.33312955048460696	153.73166151810085	255,0,255	NA	""
1915	Maat_Bo_174	2.23527038512694	-0.2191091874849629	0.8338039092653924	20.36705091728343	354.4015484502187	2.395761150401289	15.898981552065575	130.50425568525088	1.5064592298585922E-4	-0.34796562790870667	0.006833658501722165	1.0	-59.04889779609989	255,0,255	NA	""
1916	Maat_Bo_175	2.2137351036071777	-0.2659520357847214	0.8916057646274567	21.79574849736978	353.14947480025717	2.401315146705578	19.31686592102051	150.64221191406256	1.5040308062452823E-4	-0.3453095555305481	0.006694266259751243	0.7104539273564174	-70.87997083078659	255,0,255	NA	""
1917	Maat_Bo_176	2.2063424233825444	-0.31082271134226386	0.8857603606120275	21.67957931928933	351.98111793338074	2.3977341519724957	27.407812118530266	146.67237854003906	1.4993625518400222E-4	-0.3459751009941101	0.008825358003452606	0.7643298553273788	134.58342724839358	255,0,255	NA	""
1918	Maat_Bo_189	2.234999186348718	-0.29182552921667243	0.8184319299578897	19.956300962912753	352.56093189470397	2.3979604513954396	17.199788560923253	132.2838247641686	1.487046101829037E-4	-0.3478553593158722	0.022710458004223902	1.0	-95.00362330038774	0,255,0	NA	""
1919	Maat_Bo_177	2.0925081564863133	-0.8150860919314021	0.7136020316624893	17.628718502969846	338.7177986548196	2.3563071917334097	13.06961385145145	92.74880719972084	1.517459750175476E-4	-0.35397636890411377	0.017158899201069205	0.4810966201471026	170.68551551623707	255,0,255	NA	""
1920	Maat_Bo_178	2.137490153312683	-0.7587908506393433	0.678390234708786	16.651424198781612	340.4555698276995	2.367454544668365	4.627607918724982	84.45287336400705	1.5163011266849935E-4	-0.35507240891456604	0.007626845133391499	0.764081970987612	-169.99648652735377	255,0,255	NA	""
1921	Maat_Bo_179	2.122845431838503	-0.7853856265540675	0.6777529245119954	16.669315807766033	339.69712124094855	2.36276370730547	4.484829425811766	84.61425018310545	1.5126577636692673E-4	-0.35516735911369324	0.010078041723766284	0.9534691400107115	-120.42112502469269	255,0,255	NA	""
1922	Maat_Bo_180	2.170206665992737	-0.8068744838237762	0.5650365054607391	13.714367386613924	339.60505955995217	2.383298063245233	6.685122966766357	75.34693145751955	1.486398105043918E-4	-0.35676705837249756	0.009576910229066692	0.6247436173667007	-59.22899384711365	255,0,255	NA	""
1923	Maat_Bo_181	2.1419656961816713	-0.8534587573702941	0.5870099167778247	14.28333208899553	338.2753629632791	2.3792834082022654	17.101081848144542	76.62783050537111	1.4930123870726675E-4	-0.3565259873867035	0.007787051866830356	0.5868487053959167	-78.89552298444909	255,0,255	NA	""
1924	Maat_Bo_182	2.0927034939948386	-0.8618478448681548	0.6566523353587823	16.179560016656065	337.6164377062803	2.356561459205813	14.228362780868423	88.7920802723658	1.507282431703061E-4	-0.354276567697525	0.005212114050354373	0.5779608770940495	163.01548004803738	255,0,255	NA	""
1925	Maat_Bo_183	2.1222778194663157	-0.8439078900650069	0.6589473186497334	16.093762281762135	338.3151281324976	2.3770686230456928	12.094293594360355	86.7402801513672	1.5035178512334824E-4	-0.3549250364303589	0.006184198957390974	1.0	-129.134840150068	255,0,255	NA	""
1926	Maat_Bo_184	2.1393273378675683	-0.8136374650668811	0.6416588612126303	15.660522734266827	339.17699080793824	2.3770682525499103	10.013691902160646	82.72070312500003	1.5030420036055148E-4	-0.35553333163261414	0.006719086295628188	1.0	-98.9879846460168	255,0,255	NA	""
1927	Maat_Bo_185	2.076086423242522	-0.9498724241336508	0.5511416037113211	13.571776516665567	335.41447019040214	2.348648446712056	7.832878589630129	73.13844299316409	1.4984571316745132E-4	-0.35700711607933044	0.006028704385957027	1.0	-135.05485958103412	255,0,255	NA	""
1928	Maat_Bo_186	2.0417507886886597	-0.9440503120422363	0.607170432806015	15.105344848697653	335.18545619087365	2.3299427480630612	1.4995452165603635	65.5968551635742	1.5239066851790994E-4	-0.357970267534256	0.008004160018192602	0.37272421511822956	-7.420858272878657	255,0,255	NA	""
1929	Maat_Bo_187	2.056927846882021	-0.851201305703106	0.7478504970286568	18.569638237497653	337.51916841505334	2.348356062443553	2.647591352462767	97.68899536132812	1.5283175162039697E-4	-0.3530366122722626	0.005251641447450517	0.9417179059830071	-104.36418388359913	255,0,255	NA	""
1930	Maat_Bo_190	2.049509106617264	-0.7816435807390769	0.8191576378793342	20.478009476919933	339.12410541208163	2.3414682361957744	15.185023070863418	103.72578323064637	1.5453598462045193E-4	-0.3523682951927185	0.012787177454372559	0.49034498017310624	-157.90688167726148	255,0,255	NA	""
1931	Maat_Bo_188	2.1390774250030518	-0.43099652230739594	0.9095382690429688	22.627567068767025	348.60816315624845	2.3640368218901404	34.23214777632117	138.80900560473535	1.5241402434185147E-4	-0.34704792499542236	0.011937323142349134	0.9797249040683231	-145.6023066710143	255,0,255	NA	""
1932	Maat_Bo_191	2.14950128762167	-0.452357781511816	0.8601748582438651	21.385138691109088	348.11565063670486	2.3590006644205004	24.95683288574218	109.83844757080078	1.5334553609136492E-4	-0.3511233627796173	0.009817224964900667	0.7299677630249579	-73.19297523094308	255,0,255	NA	""
1933	Maat_Bo_192	1.6644092798233032	-0.8965223729610443	1.052100658416748	29.096734059407463	331.6911857274107	2.1635448715990577	21.13743321560718	139.5936327240685	1.6539645730517805E-4	-0.3441396951675415	0.02567272857768881	0.37812591915706406	166.87209655656238	255,0,255	NA	""
1934	Maat_Bo_193	1.7039401531219482	-0.8898014426231384	1.0290164351463318	28.16061110232833	332.4263335610378	2.180374618389402	15.934617996215819	126.87627410888672	1.6546652477700263E-4	-0.3468538522720337	0.012163520362274695	0.8314549158313167	-59.32653078126898	255,0,255	NA	""
1935	Maat_Bo_194	1.6641682351599818	-0.948639133808273	1.0404456628599874	28.50880426214468	330.315216488296	2.179885157175065	16.73557380646475	152.11040759381189	1.6345482436008751E-4	-0.3430807590484619	0.016179864659484112	0.8079426489432013	-1.7205399906277399	255,0,255	NA	""
1936	Maat_Bo_195	1.6945499777793884	-1.006974697113037	0.9992715716362	26.882467449730356	329.2793918141407	2.209986728851171	13.8922488451306	154.75632044901653	1.611726329429075E-4	-0.34290027618408203	0.01623388126406652	0.9350686003602887	-24.219386795214692	255,0,255	NA	""
1937	Maat_Bo_196	1.7533109634758626	-1.0347793185659202	0.9599258922354252	25.24391213440824	329.4514970230333	2.2508499042273753	35.29197404532532	156.843555337674	1.5701107622589916E-4	-0.34323233366012573	0.01613662840528853	0.3532003526367632	-66.42336479337784	255,0,255	NA	""
1938	Maat_Bo_197	1.7570758790786987	-1.0295686075461026	0.9582880409174542	25.199642280766213	329.63158721492835	2.250698365363519	35.47823273199244	156.7314733123499	1.5701107622589916E-4	-0.34323233366012573	0.010397008403264301	0.6473031037158277	145.14496181692448	255,0,255	NA	""
1939	Maat_BP_01	1.7644404708089798	-1.0236607950892531	0.9555274975111293	25.099434498353673	329.8793344434134	2.2525905968309594	39.66363073654434	146.0944457172456	1.5895954857114702E-4	-0.34659045934677124	0.0020885432190040514	1.0	-157.31573980215606	0,102,204	NA	""
1940	Maat_Bo_198	1.751899571034803	-0.9981161000379283	0.963928102343267	25.551175035463856	330.32838045638465	2.23484792382702	32.60941485836947	141.24038137389226	1.5895954857114702E-4	-0.34659045934677124	0.0087733870307651	0.4326661919118463	-78.3375674189838	255,0,255	NA	""
1941	Maat_Bo_199	1.7387751409165693	-0.9839137835131522	0.9761087916535605	26.039133356248374	330.4959528499709	2.223558791037461	24.362018090222886	143.65706980729632	1.6085579409264028E-4	-0.345566987991333	0.006232976088396407	1.0	-54.60165954055641	255,0,255	NA	""
1942	Maat_Bo_200	1.739717383892517	-0.954090919094507	0.9810238615263805	26.30902763910523	331.2588791481093	2.213439376762001	24.343362808227546	131.08839416503903	1.6103987582027912E-4	-0.34685614705085754	0.00397415525283527	0.9109495641822682	176.1272209527686	255,0,255	NA	""
1943	default	1.7301663160324097	-0.8812545537948608	1.0107466578483582	27.499463069431638	333.0081299900775	2.1889938044839155	15.798296291639044	121.77907484831815	1.6469068941660225E-4	-0.3479461371898651	0.007408400762810386	0.963386083022533	-148.8996399801661	255,0,255	NA	""
1944	default	1.9809723007759206	-0.7609730898844543	0.9162232827145546	23.3523695862897	338.9861600500385	2.311448983594051	5.351503576354207	128.7184173346313	1.5786330914124846E-4	-0.34785303473472595	0.017481757509940972	0.44486116923002883	-59.544311751956414	255,0,255	NA	""
1945	Nut_Bo_01	1.7044053077697754	-1.4454065561294556	0.25846848636865616	6.597388035628104	319.7006699120474	2.249667425221226	27.493129381325343	66.74649636266302	1.475499157095328E-4	-0.3578222990036011	0.023893423225636288	0.4773949440300125	115.38290228921777	255,0,255	NA	""
1946	Nut_Bo_02	1.7292832307615384	-1.4200158635961408	0.25516878574584323	6.50571696514411	320.6085754042384	2.2521049385578737	31.16834805546072	56.51296582472436	1.4833467139396816E-4	-0.3594513535499573	0.0071387964676294935	1.0	82.38494333231152	255,0,255	NA	""
1947	Nut_Bo_03	1.7385950706350422	-1.4118076235292367	0.2549741110845776	6.494980307280236	320.92204253333546	2.2540908106851214	31.33777236938476	57.40563964843751	1.4833467139396816E-4	-0.3594513535499573	0.004855075928445258	1.0	156.0931770219438	255,0,255	NA	""
1948	Nut_Bo_04	1.6902374478724438	-1.454498704984244	0.2457683556565486	6.289458200405965	319.28704318370467	2.2434061597564803	25.140764236450185	63.252326965332	1.4791436842642725E-4	-0.3586106598377228	0.01025037462523418	0.4255860210432887	44.45544755351693	255,0,255	NA	""
1949	Nut_Bo_05	1.737860918045044	-1.3832302689552307	0.19890005141496658	5.1170977154474215	321.4823704249983	2.2300331338065806	14.95425998027269	35.001207127242566	1.5006896865088493E-4	-0.3627620339393616	0.018289294733491147	0.6369697302178537	-0.032107530315958414	255,0,255	NA	""
1950	Nut_Bo_06	1.7224938869476318	-1.3812745213508606	0.137440524995327	3.5620037189124107	321.2737388817624	2.212192214030237	12.223331281850113	30.808381997892564	1.5065916522871703E-4	-0.3637247681617737	0.01565897276606691	0.7149352611332593	32.69976797408685	255,0,255	NA	""
1951	Nut_Bo_07	1.710264348569657	-1.406936880165541	0.19253917090947062	4.968837356011481	320.5578187610739	2.2229590322569703	12.299764633178716	32.58324813842774	1.4996937534306198E-4	-0.36308011412620544	0.0072756652680306495	1.0	118.82628879108167	255,0,255	NA	""
1952	Nut_Bo_08	1.6955180587434193	-1.4076571509162732	0.14629099698314138	3.7979707843344808	320.2997811948752	2.2085473048701254	4.968538761138919	27.793981552124045	1.5047431224957108E-4	-0.3637843132019043	0.005040108989997101	1.0	121.47041999450904	255,0,255	NA	""
1953	Nut_Bo_09	1.6957713329151118	-1.401787933132781	0.10192632095774477	2.6524471714908247	320.4215928794027	2.2025073888451203	3.4982065187017417	28.68102906683082	1.5068081847857684E-4	-0.36367106437683105	0.01147589639536384	1.0	50.78445502097268	255,0,255	NA	""
1954	Nut_Bo_10	1.7558149099349976	-1.372623324394226	0.03737564478069544	0.960780934464502	321.98317785091746	2.228985806918445	3.327252519026105	41.17063802936763	1.5054858522489667E-4	-0.3618028461933136	0.02595520900520181	0.6132659653398699	-53.542565648051074	255,0,255	NA	""
1955	nut_Bo_11	1.648133196624837	-1.4411705134656343	0.03877888726864459	1.0147394805355618	318.83270694049406	2.1897075797460714	18.6100447668533	39.095765609968616	1.496687764301896E-4	-0.36169224977493286	0.014211402129565379	1.0	81.612003571291	255,0,255	NA	""
1956	Nut_Bo_12	1.6410214304924011	-1.4570638537406921	0.01778816059231758	0.46440997216797714	318.3981091176206	2.1946076706031676	23.20753097534179	48.53557205200195	1.498182537034154E-4	-0.36069509387016296	0.01988095253756009	0.6527424125702134	-2.1822149783744105	255,0,255	NA	""
1957	Nut_Bo_13	1.765749990940094	-1.3504250645637512	-0.18831943720579147	-4.842300464792153	322.59166109151954	2.230915752765321	12.324907219802517	46.84029815757268	1.5142993652261794E-4	-0.36052101850509644	0.027863378984323787	1.0	12.574781161513265	255,0,255	NA	""
1958	Nut_bo_14	1.77359277009964	-1.3510662317276	-0.13624471426010132	-3.4968758704186245	322.70100960611717	2.2337354137919174	8.028556407372907	46.26192744197918	1.5118661394808441E-4	-0.361022025346756	0.015536436271926236	1.0	61.07946006201371	255,0,255	NA	""
1959	Nut_Bo_15	1.6508252867022768	-1.4532378491734481	-0.08781396068098385	-2.286451258097368	318.64221745700615	2.2010987404422377	10.114989973132406	51.90074676197387	1.5075679402798414E-4	-0.359932541847229	0.015358921024549237	1.0	61.90015804025865	255,0,255	NA	""
1960	Nut_Bo_16	1.6752192951237708	-1.4379085550607127	-0.06799664097901402	-1.76413858942122	319.3591716560466	2.208747211125845	8.127506580820956	49.24528577147318	1.5106706996448338E-4	-0.36055028438568115	0.010584243119942495	1.0	86.33315295368125	255,0,255	NA	""
1961	Nut_Bo_17	1.6066824940491624	-1.4985296122165241	-0.08403309496328303	-2.1903918403752773	316.99477509363584	2.1986544058634934	18.279256235665375	62.419631573339224	1.5009577327873558E-4	-0.35876330733299255	0.020598008968048226	0.778557573366014	42.19457984043916	255,0,255	NA	""
1962	Nut_Bo_18	1.6997379660606384	-1.4211248755455017	-0.06899825856089592	-1.783762173741355	320.10152089483296	2.216633895086559	3.9053202864758267	48.04441836860742	1.5097876894287765E-4	-0.3607189953327179	0.022625157019987005	1.0	-4.38964275071246	255,0,255	NA	""
1963	Nut_Bo_19	1.7974039826909838	-1.3498258425585372	0.32829421087582356	8.309305792759119	323.09395099478115	2.271666342385443	9.581949741279669	64.45504724343434	1.4902715338394046E-4	-0.3583856225013733	0.02415690168445436	0.7057693391916635	-76.25780096224376	255,0,255	NA	""
1964	Nut_Bo_20	1.8133155718820517	-1.3233166964413114	0.3822507427182348	9.663646237778446	323.8788774990469	2.277146475881365	10.761450303194405	65.92790040944558	1.4943776477593929E-4	-0.3580700159072876	0.025643706167260024	1.0	54.62546431004372	255,0,255	NA	""
1965	Nut_Bo_21	1.7916420180224215	-1.3299023020162757	0.4320661108630038	10.95913646961447	323.4141932218256	2.2727301594795466	12.26277464416721	72.46590489802361	1.495926408097148E-4	-0.35716065764427185	0.013318377842353799	1.0	66.70845263097941	255,0,255	NA	""
1966	Nut_Bo_22	1.7927490797315828	-1.3170253665763136	0.4558115161882344	11.579791702493806	323.6975039476823	2.2707419970956026	13.280785131792777	72.59989610341209	1.4934956561774015E-4	-0.3565455973148346	0.0129948523864709	1.0	17.691389586233928	255,0,255	NA	""
1967	Nut_Bo_23	1.7794845792321876	-1.3227637002232364	0.4749468631544374	12.090270411782507	323.37506774160823	2.267563383275904	12.848636627197267	75.72235870361328	1.4964217552915215E-4	-0.35663533210754395	0.013249138536994774	0.775003328779694	102.43652581783833	255,0,255	NA	""
1968	Nut_Bo_24	1.7580797864171795	-1.3418590458855995	0.5262322995244325	13.383845800214003	322.64722042691756	2.273400683446818	31.008365489754908	85.43904680811738	1.4912456390447915E-4	-0.3552543818950653	0.014775001060999066	1.0	45.97538736170742	255,0,255	NA	""
1969	Nut_Bo_25	1.7541009219200188	-1.3519500264916018	0.5269994972210442	13.385245488418454	322.37723813054004	2.276481361329922	31.473057557274405	94.99906134436858	1.4912456390447915E-4	-0.3552543818950653	0.012201671926386413	0.7398410818682746	61.353038179665276	255,0,255	NA	""
1970	Nut_Bo_26	1.787965021132687	-1.1123042750993564	0.7444716644875615	19.470946024921098	328.1139972042833	2.233445270523367	11.457031998598548	74.31336770181773	1.5631545102223754E-4	-0.3564058542251587	0.01671744000196615	1.0	-179.92429924388153	255,0,255	NA	""
1971	Nut_Bo_27	1.8066291819714442	-1.0691051695861895	0.7751052544749706	20.265545337622445	329.38431523520353	2.2377852936109472	11.842427253723145	80.13216400146486	1.571700267959386E-4	-0.35537222027778625	0.012453844789907699	0.9705182009883666	-163.0580613985254	255,0,255	NA	""
1972	Nut_Bo_28	1.9615849574613025	-1.0253554317467155	0.5635076313673241	14.283405508444496	332.4031290675722	2.284011855783626	27.391153479045986	55.55169810841776	1.5304565022233874E-4	-0.36093437671661377	0.014146175113634364	0.5034929516187181	-130.8627020697622	255,0,255	NA	""
1973	Nut_Bo_29	1.9462721185133547	-1.0234217122189895	0.6208586272273862	15.766688371899786	332.26294972371977	2.284914133035722	12.776960372924801	50.83034133911133	1.5457179688382894E-4	-0.3609953224658966	0.010990750011647928	0.7444057552356469	-63.936453189450795	255,0,255	NA	""
1974	Nut_Outcrop_01	1.733575291244804	-1.3105374225321484	0.6955132430523243	17.746817559319254	322.9116763223621	2.2817822633925604	33.26755934773041	134.66575991953528	1.4850562729407102E-4	-0.3474617302417755	0.07203422721248252	0.4411753431186894	54.96229848485536	0,0,0	NA	""
1975	Nut_Bo_30	1.7304004587996151	-1.300487890114472	0.7101121770155411	18.162327846680903	323.073192417438	2.2781162841466327	34.399261160373655	135.96402633003302	1.4945330622140318E-4	-0.348197877407074	0.01852764576457219	1.0	-6.048580893883077	255,0,255	NA	""
1976	Nut_Bo_31	1.7431837876709855	-1.3528306054777626	0.5815822169153759	14.765720416874899	322.18607571995256	2.2819023291430542	34.47707748413086	112.08975219726561	1.476507750339806E-4	-0.3514164686203003	0.011401418941527677	1.0	22.07866978366188	255,0,255	NA	""
1977	Nut_Bo_32	1.792260818306712	-1.2369534480194289	0.5794711430106774	14.900923585379067	325.3879688576474	2.253450571675957	32.01344151488254	58.30079802743113	1.5212531434372067E-4	-0.3595121204853058	0.02309471846708223	1.0	38.35516090896452	255,0,255	NA	""
1978	Nut_Bo_33	1.751039981842041	-1.329186737537384	0.5941940248012543	15.12490685182513	322.79844197128426	2.277266989257993	37.54103265918031	105.84903859816534	1.4861974341329187E-4	-0.3519785702228546	0.01271688822495773	1.0	60.232498300649006	255,0,255	NA	""
1979	Nut_Bo_34	1.7547996719081334	-1.2572461719768893	0.7002066423348973	17.971238990963613	324.3798648108534	2.2694226506865895	33.95667648315428	112.58373260498054	1.5098803851287812E-4	-0.35096779465675354	0.014047879379524952	0.5897121704626936	-123.07722299799632	255,0,255	NA	""
1980	Nut_Bo_35	1.7389860153198242	-1.3406384587287903	0.6375396549701691	16.190638137623168	322.37025156498595	2.286447167585577	35.684658080866626	126.83230021340516	1.4830422878731042E-4	-0.3499755263328552	0.012929708381170144	1.0	28.856221631009795	255,0,255	NA	""
1981	Nut_Bo_36	1.7470515948238792	-1.3236204757390393	0.6692423467479318	16.979193744115946	322.8513017516394	2.2917342248727226	42.79330424152214	128.65243593087828	1.480292557971552E-4	-0.348699688911438	0.016943289702450553	0.7089139393599444	-122.56983273609993	255,0,255	NA	""
1982	Nut_Bo_37	1.7112661990908324	-1.4483267422038684	0.5348903689422355	13.41925444356535	319.7571592559599	2.3048188785934602	37.273131755356125	151.5799422553566	1.4335388550534844E-4	-0.3464418649673462	0.01389156403362769	1.0	-24.2651955243841	255,0,255	NA	""
1983	Nut_Bo_38	1.720385193824768	-1.4366413354873657	0.530396968126297	13.31364302033257	320.13576985402364	2.303255193364377	36.776321385305366	144.26015399729621	1.4424881373997778E-4	-0.3481532335281372	0.019349113601829428	0.564690279793065	136.68004106296362	255,0,255	NA	""
1984	Nut_Bo_39	1.6788269526104134	-1.5072042223867625	0.37226432329379755	9.369454388684348	318.08338591324116	2.286636226247857	33.39231683595007	126.05093315944875	1.4372063742484897E-4	-0.35009121894836426	0.015958324478964364	1.0	40.997543563410055	255,0,255	NA	""
1985	Nut_Bo_40	1.7076528072357178	-1.461414873600006	0.38552767038345337	9.733045827272585	319.4429799884827	2.280448010253828	30.075202941894542	106.60287475585939	1.4545934391207993E-4	-0.35246020555496216	0.011048060314330387	0.666911759309787	136.19224744627638	255,0,255	NA	""
1986	Nut_Bo_41	1.7393339989624799	-1.411888330508226	0.3181023873210128	8.08164626642907	320.93235339471073	2.262719723384106	26.590090323677654	78.46907583726406	1.4749506954103708E-4	-0.3566654324531555	0.010537956750575955	1.0	69.71528032366601	255,0,255	NA	""
1987	Nut_Bo_42	1.7296597361564636	-1.4287816882133484	0.3160697668790817	8.01931262907062	320.4416642077116	2.265621330449912	10.799741527909246	84.81578674347764	1.4707066293340176E-4	-0.3554110825061798	0.008735182696107107	0.8762927287887408	76.74867346322237	255,0,255	NA	""
1988	Nut_Bo_43	1.7654690146446228	-1.367068886756897	-0.030488035641610622	-0.7822750580143081	322.24803759290523	2.233089273434065	8.64015579223633	35.98980712890627	1.5108556544873863E-4	-0.36252906918525696	0.010657519763990791	0.8808396519055631	1.293101624667546	255,0,255	NA	""
1989	Nut_Bo_44	1.54713308184863	-1.559989129167363	-0.104373143561769	-2.7198062176473794	314.76293399514384	2.199563731553999	24.319144240372385	101.09457931456004	1.472239673603326E-4	-0.35311159491539	0.009369500482200482	1.0	30.317353270000705	255,0,255	NA	""
1990	Nut_Bo_45	1.5515216769607574	-1.5582122625026018	-0.0902955359434458	-2.351449978153235	314.87672845008825	2.2007721946861993	24.97507476806639	100.90065765380854	1.472239673603326E-4	-0.35311159491539	0.008613707579950957	1.0	12.573055477779466	255,0,255	NA	""
1991	Nut_Bo_46	1.6013149464392973	-1.5160133916619907	-0.05914724624984897	-1.5364660174589695	316.56743186488114	2.2059022095567435	30.734241485595707	78.44211578369145	1.483315572841093E-4	-0.3563311696052551	0.006970385717181791	1.0	80.73343558671084	255,0,255	NA	""
1992	Nut_Bo_47	1.606100581156419	-1.5360885308428684	-0.0060129774043213	-0.15501939785263694	316.2764131073608	2.2224228236938295	30.880123268873177	85.21310607779753	1.471905707148835E-4	-0.35512250661849976	0.00896983483788706	0.8593072388547236	23.745743249139263	255,0,255	NA	""
1993	Nut_Bo_48	1.6139659374854345	-1.5117594295951016	-0.029880660006080965	-0.7741382429261274	316.87281834744556	2.2116047282856273	13.532784461975094	69.44661712646482	1.490360009483993E-4	-0.3576165437698364	0.007804513702254502	1.0	34.17071775545279	255,0,255	NA	""
1994	Nut_Bo_49	1.6523190494884155	-1.4606132129437688	-0.05932647160583188	-1.5409543230579148	318.52403464668015	2.206143429009414	14.399301299977486	56.937439237757474	1.5025345783215016E-4	-0.3595163822174072	0.010742338403634226	0.8590199962320678	67.34201716380413	255,0,255	NA	""
1995	Nut_Bo_50	1.667883574962616	-1.4792479276657104	0.25037574768066406	6.407966104370106	318.43014298547706	2.243367572681754	25.51638677057269	76.0602877330928	1.4738886966370046E-4	-0.3570278584957123	0.009903402361080574	1.0	-3.991622094548187	255,0,255	NA	""
1996	Nut_Bo_51	1.6928912484827316	-1.4736639773558187	0.3063632746239237	7.772724297837362	318.96038776960285	2.2652648307391976	36.4051628112793	94.64144134521484	1.4575908426195383E-4	-0.3541717529296875	0.008318733299199958	1.0	104.88401339749676	255,0,255	NA	""
1997	Nut_Bo_52	1.7054957747459412	-1.4580974578857422	0.33183395862579346	8.412351344281115	319.47152602517843	2.2682323096337345	23.849943278026718	93.39206765535396	1.4649805962108076E-4	-0.35449904203414917	0.0124715134733017	0.8955053219946406	-99.20998122710577	255,0,255	NA	""
1998	Nut_Bo_53	1.719893947892436	-1.3646448841112295	0.6761181557521533	17.116429761344833	321.5698593457937	2.2972650287386682	33.07366309379073	153.64891634199552	1.467631955165416E-4	-0.34595030546188354	0.01857554409404361	1.0	55.467472886824225	255,0,255	NA	""
1999	Nut_Bo_54	1.808808699749237	-1.2066990474179082	0.5891743011162162	15.160960625175463	326.29180977306436	2.2527844682578033	22.95076212284249	48.68649937841696	1.5334114141296595E-4	-0.3609544336795807	0.009919849982633342	1.0	-55.33377872759511	255,0,255	NA	""
2000	Nut_Bo_55	1.804035471543941	-1.2157287888308144	0.5755779883317699	14.819739405170386	326.02420393294017	2.2502956452948255	19.831272032009682	46.928028991897065	1.527917484054342E-4	-0.360751211643219	0.006885708983780581	1.0	37.56352507447935	255,0,255	NA	""
2001	Nut_Bo_56	1.7983220204854267	-1.2353994462679379	0.539813996823634	13.896967929914803	325.5119690098309	2.247570473281899	13.184686660766603	43.51543045043948	1.5269142750184983E-4	-0.36132216453552246	0.010121742953971679	0.9988582661571892	-154.06068598498612	255,0,255	NA	""
2002	Nut_Bo_57	1.82734886871051	-1.1791048192978095	0.5625717743092654	14.503602561403456	327.167693219688	2.2463256807770273	13.345248741896246	38.99747960444663	1.5377122326754034E-4	-0.36184167861938477	0.01233696926891689	1.0	113.17903865082123	255,0,255	NA	""
2003	Nut_Bo_58	1.8524161499443943	-1.154377308131999	0.5368848253368091	13.81907451798524	328.06991850416864	2.2477272694394728	3.376078365385441	33.216313857347494	1.5417781833093613E-4	-0.36273765563964844	0.013262315042752673	1.0	117.82266227934521	255,0,255	NA	""
2004	Nut_Bo_59	1.8269914187721437	-1.144662836963409	0.6156151869602827	15.936242425729947	327.93166911968524	2.2421268280381272	12.988137444430913	44.14126768789625	1.544893893878907E-4	-0.3611854314804077	0.010023455471351198	1.0	5.486622563708655	255,0,255	NA	""
2005	Nut_Bo_60	1.8215034599403377	-1.212623009565458	0.5006586661024706	12.887266394400095	326.3472440745259	2.2447691457799652	6.100374698638914	36.13274765014649	1.5291858289856464E-4	-0.3624412417411804	0.008602909044320563	1.0	107.79942508126204	255,0,255	NA	""
2006	Nut_Bo_61	1.807628660597824	-1.2190097923078003	0.5217444370298358	13.458046257201547	326.0054713725086	2.2418125492396928	12.3915958404541	39.01604843139649	1.530348527012393E-4	-0.36199578642845154	0.0038739400162770042	1.0	51.149365495454674	255,0,255	NA	""
2007	Nut_Bo_62	1.8049703904643815	-1.2221343894148642	0.5340493637917516	13.766256579005367	325.89831181397375	2.244268098781863	12.872340289444812	41.743419463999324	1.5269142750184983E-4	-0.36132216453552246	0.004406505025273379	1.0	55.189120494969664	255,0,255	NA	""
2008	Nut_Bo_63	1.7909466489335906	-1.2258825156278017	0.6135649453065085	15.78599369942168	325.6088056433197	2.2553801860345817	31.800707981108044	65.88197494127215	1.5215633902698755E-4	-0.35834646224975586	0.007977900924280306	1.0	111.80877678380135	255,0,255	NA	""
2009	Nut_Bo_64	1.7746032274996775	-1.2441941101144405	0.6296346643854286	16.199334557085596	324.9652744370574	2.2569172358089444	23.856430586807132	81.7546314263201	1.516604097560048E-4	-0.35555821657180786	0.009478935800965758	1.0	104.59069066635983	255,0,255	NA	""
2010	Nut_Bo_65	1.780339241966042	-1.2230329456603086	0.6457074998877629	16.64374622353757	325.5122490807544	2.254408032736323	23.588444441645244	77.05605397970253	1.5288869326468557E-4	-0.3572789132595062	0.007617413108387647	0.9522534354718488	98.88136064468996	255,0,255	NA	""
2011	Nut_Bo_66	1.7659239623409517	-1.2550358587451944	0.6398790685938716	16.45478430484188	324.59872765709076	2.2589926228146067	23.92522430419923	81.81690216064455	1.516604097560048E-4	-0.35555821657180786	0.005687512929797661	1.0	75.10978961102091	255,0,255	NA	""
2012	Nut_Bo_67	1.7578384018849431	-1.3330155103150703	0.5498412962153697	13.995012320086172	322.8259923453522	2.273598832007475	33.4874566751541	92.9829584469531	1.48304519825615E-4	-0.3536437749862671	0.011520185342030155	1.0	77.43716328731377	255,0,255	NA	""
2013	Nut_Bo_68	1.763456941438652	-1.319973206154239	0.5390876867589113	13.751916065386984	323.18461104755784	2.267757743518549	30.63372114433306	82.97237933700495	1.4912456390447915E-4	-0.3552543818950653	0.007842737565966377	1.0	79.02503012953636	255,0,255	NA	""
2014	Nut_Bo_69	1.7508672420014189	-1.3597511272427116	0.5291476927556854	13.424886020418073	322.16652269353693	2.279135035029769	33.54751491592445	107.04670147180836	1.4731923874933273E-4	-0.352087140083313	0.009305315481010403	1.0	65.11886216314869	255,0,255	NA	""
2015	Nut_Bo_70	1.7453422785484929	-1.3773919942041806	0.5276894548593855	13.351343304708582	321.72014819499844	2.2851443139890333	34.40527864372662	106.68359593999416	1.4712168194819242E-4	-0.35236918926239014	0.013036693877958715	1.0	66.38415962241258	255,0,255	NA	""
2016	Nut_Bo_71	1.744783103466034	-1.3898916244506836	0.5100571513175964	12.879409758618893	321.4592249915456	2.2882799442963586	35.51128140084565	110.25841729797484	1.4712168194819242E-4	-0.35236918926239014	0.014703528657919669	0.6593694905084678	-139.56300829792275	255,0,255	NA	""
2017	Nut_Bo_72	1.7164718269857944	-1.4325985772371896	0.5524902314928712	13.88058434441122	320.1510109671279	2.3030110013269627	37.5493754807651	147.57068588196591	1.4459708472713828E-4	-0.34730809926986694	0.012716689261864231	1.0	96.35902919939167	255,0,255	NA	""
2018	Nut_Bo_73	1.7086155119068622	-1.4671186638076585	0.4308972939591898	10.831727722280185	319.3486545330246	2.292918799077471	33.209932948770586	125.95201097680432	1.4374592865351588E-4	-0.3490649163722992	0.017447692724989805	0.5497428958400292	-151.01994178218777	255,0,255	NA	""
2019	Nut_Bo_74	1.721058186050499	-1.4348497494997863	0.36935969039377725	9.360437502171077	320.18196319067596	2.270960515794764	16.60758476715891	90.11577111106011	1.4716782607138157E-4	-0.3549019992351532	0.02137125276819652	0.6623932620260631	-59.00323036554656	255,0,255	NA	""
2020	Nut_Bo_75	1.7214114870459347	-1.4408351585598016	0.46557255710378453	11.716898955992098	320.07039896641743	2.2926014193060036	35.815199849280376	122.15523976327225	1.4480679237749428E-4	-0.35030582547187805	0.010113946828100488	0.7093123350944398	105.37072707900917	255,0,255	NA	""
2021	Nut_Bo_76	1.7247627973556519	-1.4325411915779114	0.4736480265855789	11.928500450392498	320.2878976606588	2.291576624465778	33.677703857421875	123.14173126220705	1.4501337136607617E-4	-0.35010939836502075	0.009014777150295894	0.984385007995966	27.776285132258405	255,0,255	NA	""
2022	Nut_Bo_77	1.7037130003347656	-1.4695140156034956	0.40622828947388323	10.234653826162745	319.2210432266428	2.286291943898171	36.933342211163286	119.5710969695655	1.4436493802350014E-4	-0.35080957412719727	0.008837493819314481	1.0	84.36447506823036	255,0,255	NA	""
2023	Nut_Bo_78	1.863692740520011	-1.0202114466582812	0.758671256989765	19.650570241124075	331.30308743914026	2.2560505542079508	14.509676933288572	75.69182586669922	1.5681107470300049E-4	-0.3567473590373993	0.007735107660146791	1.0	50.08843877234645	255,0,255	NA	""
2024	Nut_Bo_79	1.8341652879024024	-1.0097160044896147	0.807692952294867	21.09502913122588	331.16702425227123	2.2441159992868847	11.713648110848986	84.64671558207809	1.5801664267200977E-4	-0.3548053205013275	0.010699583927195165	0.22030586326791712	97.74300104555648	255,0,255	NA	""
2025	Nut_Bo_80	1.8343476015701383	-1.0749721791689344	0.7252769605941176	18.835875689654905	329.6286630305075	2.246424487700837	10.757107734680178	67.83750915527345	1.5644170343875885E-4	-0.35735398530960083	0.0054803605770320195	0.5390223905658327	99.78957994810892	255,0,255	NA	""
2026	Nut_Bo_81	1.9283142679588812	-1.0367878242354855	0.6296962914566178	16.046070076470578	331.73461923764035	2.278122544546488	15.048307418823242	45.26699066162107	1.5488667122554034E-4	-0.3609553575515747	0.005509758419061097	1.0	116.16280439100765	255,0,255	NA	""
2027	Nut_Bo_82	1.9457674622535706	-0.9982069432735443	0.6595929563045502	16.784056787613082	332.84151819332664	2.284182783135095	12.41847515106201	54.06117630004885	1.5504093607887626E-4	-0.3593618869781494	0.005594561456084641	1.0	72.14650683297194	255,0,255	NA	""
2028	Nut_Bo_83	1.9565070867538452	-0.981673002243042	0.6656717956066132	16.914640424291086	333.354894500053	2.2879512239811883	12.429694600620316	61.54899999250655	1.5469685604330152E-4	-0.35823386907577515	0.007806914864145723	1.0	71.17937560469481	255,0,255	NA	""
2029	Nut_Bo_84	1.6187137365341187	-1.49930739402771	0.05345325730741024	1.3878086267750251	317.19310186506436	2.207037397360358	34.65006720363353	62.762420216554304	1.4764459047000855E-4	-0.3582015931606293	0.015323907680096232	0.5608242544961258	61.05257859442142	255,0,255	NA	""
2030	Nut_Bo_85	1.6125465631484985	-1.517024278640747	0.08714090287685394	2.2539723199462447	316.7482668969425	2.2156855862828793	36.56887682912884	79.47602093328682	1.4645722694694996E-4	-0.3560231924057007	0.013375028338887275	0.6164328582825249	41.70414063150306	255,0,255	NA	""
2031	Nut_Bo_86	1.6245106809422467	-1.498980187915281	0.10494331129945693	2.7181644090724886	317.3014310604109	2.2129142899905703	33.84087528972561	61.627083860933176	1.479881175328046E-4	-0.3592938482761383	0.00852625706827679	1.0	119.2632159027407	255,0,255	NA	""
2032	Nut_BP_01	1.5496667086448341	-1.5587022833509687	-0.08088206478020535	-2.1074609644402558	314.83345000567095	2.1994457539136416	24.327618751688668	99.23090261603902	1.472239673603326E-4	-0.35311159491539	0.007295012077287258	1.0	-78.1619184571024	0,102,204	NA	""
2033	Nut_BP_02	1.6464555718832916	-1.4392124491585943	-0.16443905929770192	-4.300307684682912	318.8423932939607	2.1929862353013823	10.946515083312988	59.16181564331057	1.5150383114814758E-4	-0.35885876417160034	0.0030565165366691536	1.0	40.70919889550245	0,102,204	NA	""
2034	Nut_BP_03	1.5932667210265883	-1.4944883391666897	-0.1352046248108811	-3.5416903299519253	316.8322874779577	2.188669580088844	13.252546310424798	64.55973052978514	1.5043257735669613E-4	-0.35825473070144653	0.0036838799223200902	1.0	36.135028583977956	0,102,204	NA	""
2035	Nut_BP_04	1.6138198190860131	-1.4672022745649989	-0.14380131646668784	-3.772127749423333	317.72449650728083	2.1858123756583208	13.688738822937006	63.58416366577147	1.5083487960509956E-4	-0.3583759069442749	0.002816299767086359	1.0	4.174355460309081	0,102,204	NA	""
2036	Nut_BP_05	1.6062893288720044	-1.544781025582584	0.036862430019458256	0.9476351604813998	316.11826087430336	2.2288725095426596	38.039905548095696	82.49680328369143	1.4678426668979228E-4	-0.35585737228393555	0.005666887631930829	0.520342499876821	20.346664080529116	0,102,204	NA	""
2037	Nut_BP_06	1.6613352056806932	-1.4317020082369245	0.07880260721601748	2.0578450555886336	319.2459623077123	2.1945421292214453	2.395283937454225	33.36042785644532	1.503084204159677E-4	-0.36295226216316223	0.0025394486299905165	1.0	17.150331547558242	0,102,204	NA	""
2038	Nut_BP_07	1.5831841230392456	-1.5560752153396606	0.0889417715370655	2.294392899041213	315.4947623704179	2.22165539226093	28.20343589782714	105.17955780029291	1.4508784806821495E-4	-0.35270631313323975	0.0030985217769437987	1.0	35.7489326416019	0,102,204	NA	""
2039	Nut_BP_08	1.7616676688194275	-1.3494402766227722	-0.21951600909233093	-5.649354650416976	322.54782693556234	2.2299437916197	22.98468589782714	46.96283340454102	1.518567296443507E-4	-0.3608349859714508	0.0026581832422264023	1.0	45.45311569199293	0,102,204	NA	""
2040	Nut_Bo_87	1.7936778841432943	-1.333696089196308	-0.12647408200887628	-3.238537952087279	323.3672106028046	2.2387544090011926	9.59192032964742	45.289410066713735	1.509414432803169E-4	-0.36123812198638916	0.01832653765575739	0.6964658489557031	10.194629029989487	255,0,255	NA	""
2041	Nut_Bo_88	1.790520429611206	-1.3417015671730042	-0.1024852804839611	-2.622586157949574	323.15445544518167	2.2397834129498926	11.801200775500268	41.59517247161287	1.5111772518139333E-4	-0.3617536425590515	0.01189081483330956	1.0	52.85473756302829	255,0,255	NA	""
2042	Nut_Bo_89	1.73324074409965	-1.3913239796347008	-0.10096434014942347	-2.600955019494647	321.2449494622509	2.2248819499684602	11.767338752746578	50.12126541137695	1.509304711362347E-4	-0.36040177941322327	0.00724613240346395	0.814353353388376	-18.410785115336385	255,0,255	NA	""
2043	Nut_Bo_90	1.7698122262954712	-1.3593201637268066	-0.07089771330356598	-1.8196787335114906	322.4736120570575	2.2327142919798044	14.960621833801273	38.49950408935547	1.511583977844566E-4	-0.36214709281921387	0.00963788297159445	0.8074636782281921	73.74569571715975	255,0,255	NA	""
2044	Nut_Bo_91	1.763844609260559	-1.3662703037261963	-0.09232348948717117	-2.3695538082144165	322.2387125583822	2.2330172357536107	15.848101661648403	41.608625395551186	1.511583977844566E-4	-0.36214709281921387	0.005829129206916367	0.9705552344558417	17.02227784051388	255,0,255	NA	""
2045	Nut_Bo_92	1.6489494442939758	-1.4675303101539612	-0.04368113726377487	-1.133642109510299	318.3315900903708	2.2078468069163333	14.610103607177736	56.239803314208984	1.5025345783215016E-4	-0.3595163822174072	0.006353225161461816	0.7953933545671309	30.833393917289435	255,0,255	NA	""
2046	Nut_Bo_93	1.6569879009254278	-1.4379242325658441	0.005152677797275504	0.13456629250239613	319.0487499170865	2.1939146639060074	14.476173494287266	47.42477122954221	1.5028957568574697E-4	-0.3612150549888611	0.007259948212352189	1.0	43.42164786896999	255,0,255	NA	""
2047	Nut_Bo_94	1.6503974878794339	-1.4589492321675326	0.1203820733853378	3.1280726909498067	318.5233596485707	2.206090789979762	24.96403312683105	40.417640686035135	1.4931184705346823E-4	-0.36193177103996277	0.008017819247192342	1.0	33.37127551878023	255,0,255	NA	""
2048	Nut_Bo_95	1.661622168032908	-1.429495280953187	0.07020358199683482	1.8344752361891719	319.2945552943973	2.193028392541008	2.395283937454225	33.360427856445334	1.503084204159677E-4	-0.36295226216316223	0.005009846732392787	1.0	27.83318834738913	255,0,255	NA	""
2049	Nut_Bo_96	1.6394341193380584	-1.471522249995506	0.10150069452201213	2.637995276387686	318.0895050313012	2.2053172912009833	27.23412322998046	45.313610076904304	1.4895122149027884E-4	-0.36121708154678345	0.008988909886524217	1.0	46.23212616247748	255,0,255	NA	""
2050	Nut_Bo_97	1.717734456062317	-1.4431260824203491	0.3468135744333267	8.787622864389283	319.96525987692075	2.270133081278899	19.05957412719727	94.23479461669922	1.4649817603640258E-4	-0.3541613817214966	0.007251056677653646	1.0	76.33866614279319	255,0,255	NA	""
2051	Nut_Bo_98	1.7245551943778992	-1.432957410812378	0.409544974565506	10.351154244988798	320.2763264093407	2.279294769407803	27.118568420410153	99.87501525878902	1.4644522161688656E-4	-0.35334038734436035	0.007262988628730746	1.0	19.700009058714766	255,0,255	NA	""
2052	Nut_Bo_99	1.7301972608543479	-1.4221008039962002	0.44067854247326244	11.13153205086871	320.582193416099	2.2825754830872267	28.292862012839272	108.12821265074214	1.4574119995813817E-4	-0.35172832012176514	0.006838868373733692	1.0	24.06670537425162	255,0,255	NA	""
2053	Nut_Bo_100	1.7335972669371964	-1.4158419195779197	0.4096382211700476	10.371124723574328	320.76122881334504	2.275471664822387	26.362373748572097	95.52876445658407	1.4725723303854465E-4	-0.3542407155036926	0.006769242099442711	0.7841158797563686	55.73635208718076	255,0,255	NA	""
2054	Nut_Bo_101	1.7229421138763428	-1.4309067130088806	0.27564792335033417	7.016474733317237	320.2903038640808	2.256547213498958	28.207458496093775	66.61318969726564	1.477866608183831E-4	-0.3581220507621765	0.006089832214078635	1.0	160.05884507975642	255,0,255	NA	""
2055	Nut_Bo_102	1.6870197489433716	-1.4976872468205795	0.3722134399556556	9.369120164810232	318.40225965402215	2.2864045065336946	34.370925903320305	124.3759231567383	1.4372063742484897E-4	-0.35009121894836426	0.007392613895259728	0.8362639594272788	62.27097661655612	255,0,255	NA	""
2056	Nut_Bo_103	1.7650132845388362	-1.365159217331613	0.4293515185017671	10.89160279120452	322.27964409645625	2.27228394125906	15.517621512623004	81.65394770222657	1.4851549349259585E-4	-0.3558618426322937	0.010122067201672162	0.8670717386876018	-171.0399055675582	255,0,255	NA	""
2057	Nut_Bo_104	1.759113273081709	-1.3784267885249248	0.41058200337483114	10.410190140821992	321.91804063617417	2.2722494362086816	16.899282455444325	81.50505065917964	1.4851549349259585E-4	-0.3558618426322937	0.00564761455858742	0.7050629340218969	92.85949676727006	255,0,255	NA	""
2058	Nut_Bo_105	1.717116657812296	-1.4480028342187052	0.5183084789197591	12.993782569920972	319.85987674657804	2.3051779765913927	36.53369957300566	142.3951526145583	1.4424881373997778E-4	-0.3481532335281372	0.007054630357854095	0.6077005117813289	46.765357732919355	255,0,255	NA	""
2059	Nut_Bo_106	1.938898279884614	-1.0185568356498964	0.6503847373581895	16.539215490237158	332.2858134554306	2.2846848521792076	17.504636347703602	54.82770982076474	1.5504093607887626E-4	-0.3593618869781494	0.023576096981032073	1.0	90.3219946710517	255,0,255	NA	""
2060	Nut_Bo_107	1.9790670275688171	-1.0599567890167236	0.4801560193300247	12.072197748809725	331.8272069553464	2.295814560693344	17.08358310654856	50.00391292308935	1.5167136734817177E-4	-0.36080536246299744	0.008687521982833294	0.8637382882733065	122.18933449233765	255,0,255	NA	""
2061	Nut_Bo_108	1.9764713644981384	-1.053998053073883	0.4921521693468094	12.391910077591257	331.9302216206429	2.293374088184795	19.38612392341829	48.61236108476541	1.5240084030665457E-4	-0.3617822229862213	0.005305645168332484	0.8829692744205277	24.835130600339173	255,0,255	NA	""
2062	default	1.9821306145214985	-1.066280479731841	0.46668443766156276	11.714161471041699	331.7221201319603	2.2986061426081736	16.723724365234375	50.84748458862307	1.5115943097043782E-4	-0.3607017695903778	0.008957778231699654	0.7155157708964175	107.56642320391532	255,0,255	NA	""
2063	Serqet_Bo_02	1.5700809593374832	-1.2806442342364097	0.8373371895332236	22.453799413219873	320.797426169431	2.192336069705662	8.294062239982303	150.1000804126294	1.563290716148913E-4	-0.34459638595581055	0.039950258264435365	0.6531640016725725	-120.88705644409843	255,0,255	NA	""
2064	Serqet_Bo_03	1.6176088050030044	-1.3036322116089158	0.7844577102488131	20.686145651028106	321.13463170974245	2.220695631629065	10.182154133523506	156.37749772188704	1.5416648238897324E-4	-0.3446533679962158	0.018120475292320273	0.9649099193063684	-132.2188569722727	255,0,255	NA	""
2065	Serqet_Bo_04	1.5438272825580714	-1.2869624522905385	0.8453886643636671	22.812279173594725	320.1847992946815	2.1804488129307007	6.871317752143099	150.79607144536806	1.5701852680649608E-4	-0.34401848912239075	0.015668768682992277	1.0	66.27886448589291	255,0,255	NA	""
2066	Serqet_Bo_05	1.5542400197836437	-1.2550506834581283	0.8732753368698496	23.612057372796194	321.07908362726016	2.1802348660479045	6.69802392098561	153.7376549862588	1.5758114750497043E-4	-0.3435133695602417	0.008388775915916817	1.0	78.79682807388009	255,0,255	NA	""
2067	Serqet_Bo_06	1.5966842435120443	-1.2475301636872467	0.8612127728872112	23.02673769369189	321.99858030371564	2.2016856094758936	8.984613958153487	157.21326136421175	1.5673240704927593E-4	-0.34384268522262573	0.007872632739820742	1.0	-12.99650753372784	255,0,255	NA	""
2068	Serqet_Bo_07	1.5538954637038545	-1.2120790359831302	0.917732904977701	24.970675276935264	322.0448389764686	2.1739274105793003	5.759798102369363	162.19111859456106	1.5826357412151992E-4	-0.342612087726593	0.01198798029877604	1.0	50.3887105672782	255,0,255	NA	""
2069	Serqet_Bo_08	1.6435653098283696	-1.2269802082473298	0.8613412776479574	22.780083244302162	323.2573465351276	2.224566509610828	17.31985067694249	165.87464569293442	1.5553498815279454E-4	-0.3433239161968231	0.006579845971954527	1.0	37.62241202508414	255,0,255	NA	""
2070	Serqet_Bo_09	1.6249743700027466	-1.2783012390136719	0.8116201162338257	21.432951627611775	321.8093100685545	2.221108501155475	7.12877041235553	153.3100898943463	1.5474749670829624E-4	-0.3444998264312744	0.008471129965942096	1.0	58.51088695161322	255,0,255	NA	""
2071	Serqet_Bo_10	1.6258882326487951	-1.1999386492174111	0.9053605213406122	24.134074024553602	323.57191849974413	2.2142815946834027	16.79293307751315	172.26096049310638	1.5661500219721347E-4	-0.34189239144325256	0.018978886045641612	0.7203922100132267	-65.55976976002037	255,0,255	NA	""
2072	Serqet_Bo_11	1.6179403179669873	-1.1849662748878773	0.9196619699532476	24.635182297841723	323.7812572092569	2.2062760670648305	16.020395905641543	175.40934008324732	1.5719601651653647E-4	-0.34088489413261414	0.032887624533437756	0.5435031130352594	-87.3705654242428	255,0,255	NA	""
2073	Serqet_Bo_12	1.571116187051714	-1.1674963892912655	0.9469817154297661	25.817383073528312	323.38396079461035	2.1744489558465983	10.218917703324594	165.5775671329487	1.595287030795589E-4	-0.34191054105758667	0.018977723870452348	0.9959892692708233	59.41645578624313	255,0,255	NA	""
2074	Serqet_Bo_13	1.5441855682803343	-1.121595492516298	0.9902680142844024	27.42318946987578	324.00779611501457	2.1501433110918233	4.200992819977869	158.85800878690216	1.6191058966796845E-4	-0.3421054780483246	0.02726977167300745	0.3334472614896791	-91.11047737859921	255,0,255	NA	""
2075	Serqet_Bo_14	1.6803128653399595	-1.1534098672686828	0.9418257008035111	24.802235511910776	325.5332967081643	2.2451817962102245	10.6477041981344	189.3953100081321	1.54535606270656E-4	-0.33875003457069397	0.038298346806032814	0.5745972492703494	-62.45800552632964	255,0,255	NA	""
2076	Serqet_Bo_15	1.6759303661597658	-1.0996133840814	0.9690420975825754	25.801028226662122	326.73027195857003	2.2264174751278323	12.622305649974068	178.01542111292235	1.5744738630019128E-4	-0.33992013335227966	0.013581147339674365	1.0	81.98035438188568	255,0,255	NA	""
2077	Serqet_Bo_16	1.6473931157803645	-1.1395276604934779	0.9523292511626004	25.427660432711185	325.32778234846836	2.217962661897219	7.665000893614354	186.26363369619557	1.5679119678679854E-4	-0.339465856552124	0.008006780234744255	1.0	-18.343139055096866	255,0,255	NA	""
2078	Serqet_Bo_17	1.6356900927674338	-1.5074679415436991	0.26755349800338923	6.858665055625162	317.33603172449983	2.24042999191079	24.69065475463868	90.89469146728521	1.4652784739155322E-4	-0.35464799404144287	0.01042820539105713	1.0	-159.528696692232	255,0,255	NA	""
2079	Serqet_Bo_18	1.596767136494724	-1.541178493214159	0.30254658933299183	7.763314151568995	316.01488741844054	2.239739019361955	21.32603580888416	111.71653487282165	1.454807206755504E-4	-0.35149097442626953	0.015616737725544031	1.0	27.606055542547338	255,0,255	NA	""
2080	Serqet_Bo_19	1.6250961101422365	-1.5314948235797798	0.44400632173691323	11.24579042782152	316.69847400930405	2.2767422725450137	12.596159934997555	165.62736511230472	1.429933327017352E-4	-0.34468692541122437	0.008856155014652143	1.0	37.24131478041344	255,0,255	NA	""
2081	Serqet_Bo_20	1.6182995596402996	-1.5256914456292596	0.4523905417779257	11.497327363197119	316.68719322154277	2.2696442572104583	14.786605839530543	166.86403687849796	1.429933327017352E-4	-0.34468692541122437	0.012104519702871288	1.0	-8.612894145921075	255,0,255	NA	""
2082	Serqet_Bo_21	1.6440683603286743	-1.5366643071174622	0.41325972974300385	10.405766657520182	316.9339763216723	2.2880300632705564	22.235394256060502	156.75648245253848	1.4211896632332355E-4	-0.3460351824760437	0.016147643443660587	0.7441208299874971	71.98056008836693	255,0,255	NA	""
2083	Serqet_Bo_22	1.5567972891372746	-1.5383967544866282	0.45305228871321523	11.69498549763154	315.34061210437983	2.2350701890518874	6.8993214148977895	149.71920298938295	1.4583207666873932E-4	-0.34624019265174866	0.012858932946776168	0.6418699068421997	-140.9726864381338	255,0,255	NA	""
2084	Serqet_Bo_23	1.6144442127619214	-1.535230285039721	0.4252430211286165	10.806350306182294	316.4406781352841	2.268081517768309	20.965114938760337	158.68586097532543	1.4298982569016516E-4	-0.34569108486175537	0.008618264155713519	1.0	174.6089840677747	255,0,255	NA	""
2085	Serqet_Bo_24	1.5934453010559082	-1.5482817888259888	0.3888323903083801	9.926829266538478	315.82359171806905	2.255534316480307	17.109551570003937	146.20853632720468	1.4430876763071865E-4	-0.3478267788887024	0.009937663993375133	1.0	101.7366290453988	255,0,255	NA	""
2086	Serqet_Bo_25	1.6073827485875638	-1.54289344631334	0.3853957581925507	9.813607989027416	316.1727380730018	2.261134533274475	20.68335914611817	144.28152465820312	1.4369995915330946E-4	-0.3472333550453186	0.009510649591518204	0.8419862944934681	79.94709511559229	255,0,255	NA	""
2087	Serqet_Bo_26	1.6446667790859997	-1.5363157354867418	0.397107025564152	10.006561047377943	316.95086210732336	2.285364050449226	29.20938729194695	146.16720659867434	1.4283607015386224E-4	-0.347194105386734	0.00975273434302364	1.0	171.90936759466328	255,0,255	NA	""
2088	Serqet_Bo_27	1.5588937476234228	-1.5755517669361834	0.29961279090080595	7.698506955332376	314.6955042888042	2.236577946584134	27.073521923199245	122.6061468803815	1.448900147806853E-4	-0.35034552216529846	0.00735610948585509	0.9744471208294572	143.22034968058605	255,0,255	NA	""
2089	Serqet_Bo_28	1.5544073091944752	-1.572021707992592	0.2518058569850424	6.498010197497407	314.67719720293974	2.225048431582811	19.69165992736816	112.04264068603516	1.4551322965417057E-4	-0.35166290402412415	0.006017490935583117	1.0	57.80440940488659	255,0,255	NA	""
2090	Serqet_Bo_29	1.5520268678665161	-1.5782588124275208	0.26401469111442566	6.80173393179521	314.5198698507433	2.2292133219386883	22.626168430530758	121.49201306620436	1.4499852841254324E-4	-0.3506646156311035	0.008184731950281805	1.0	64.90667852023175	255,0,255	NA	""
2091	Serqet_Bo_30	1.548692524433136	-1.585982084274292	0.3222636729478836	8.271681835660623	314.3184512291885	2.240009281627192	28.784242950788396	134.51575349314902	1.4417010243050754E-4	-0.34849995374679565	0.007991519945014531	0.631281360249196	80.6076778412696	255,0,255	NA	""
2092	Serqet_Bo_31	1.5191904403306178	-1.5844353061198249	0.061517835652400994	1.6053130146218513	313.7956972866938	2.1959415468937955	11.368859412942964	111.4662300371364	1.462274813093245E-4	-0.3517185151576996	0.014129024618040515	1.0	127.18752962210937	255,0,255	NA	""
2093	Serqet_BP_01	1.5499293208122253	-1.4253657460212708	-0.3482661247253418	-9.391278486664726	317.3973426309601	2.1343002841857626	12.884070396423345	74.57614898681645	1.5417115355376154E-4	-0.3560045063495636	0.006801588913386396	1.0	156.28310849879514	0,102,204	NA	""
2094	Serqet_BP_02	1.503776289887067	-1.5195802180840046	-0.29453512836504847	-7.844297010897982	314.70050169877544	2.1580588757167303	15.377073761010491	94.34638397779648	1.5190620615612715E-4	-0.35391831398010254	0.004867123547990284	1.0	16.335414559384095	0,102,204	NA	""
2095	Serqet_BP_03	1.6469792908712555	-1.4364148556997476	-0.17421360403629538	-4.557879962061897	318.90665318430695	2.1922998887161915	10.946515083312988	59.16181564331055	1.5155342407524586E-4	-0.35900041460990906	0.004382307160957718	1.0	27.982758188648766	0,102,204	NA	""
2096	Serqet_BP_04	1.4071512567162823	-1.6391862857901125	-0.10620418759029071	-2.8144631906625794	310.6442756011129	2.1629345039233874	8.673968405416158	136.42297214305046	1.4566369645763189E-4	-0.34801754355430603	0.003940525996041201	1.0	1.976059710923965	0,102,204	NA	""
2097	Serqet_BP_05	1.471180021762848	-1.6017151474952698	-0.03203129023313522	-0.8438037038358626	312.56756494289573	2.1750604758727805	19.78136825561523	114.12328338623048	1.465697423554957E-4	-0.3512395918369293	0.004182076196379994	1.0	15.668824991631263	0,102,255	NA	""
2098	Serqet_BP_06	1.2300480422776956	-1.7285944939270552	0.29910709487782805	8.024891323915998	305.4352190596852	2.1425503879611276	14.134534101452669	220.01479860687488	1.370054524159059E-4	-0.3376728892326355	0.004017370374233502	1.0	-14.67043608469155	0,102,255	NA	""
2099	Serqet_BP_07	1.4939995618307684	-1.6322355419089742	0.30284692342967273	7.793365157654665	312.4681423566404	2.2333705053242348	31.135131835937496	166.6471405029297	1.411571429343894E-4	-0.3444431722164154	0.0023619481077616854	0.9100685861805276	116.97007003578086	0,102,255	NA	""
2100	Serqet_BP_08	1.4865448832664188	-1.6348460015663095	0.3063082172563063	7.892226507099234	312.2798525916402	2.2307760673724415	31.135131835937514	166.64714050292966	1.411571429343894E-4	-0.3444431722164154	0.0024232287460646718	1.0	26.200826303636898	0,102,255	NA	""
2101	Serqet_BP_09	1.492881452860503	-1.6312241720370142	0.3062867099404798	7.886059497784486	312.4644650628278	2.2323527679152533	31.135131835937518	166.64714050292983	1.411571429343894E-4	-0.3444431722164154	0.003249466768536385	0.636400926628037	-51.93193444471064	0,102,255	NA	""
2102	Serqet_BP_10	1.4924388208679233	-1.62913168632816	0.3116105239044032	8.02796527723165	312.4926326368184	2.2312652921694562	28.510695163369682	167.59181308134222	1.411571429343894E-4	-0.3444431722164154	0.0029525088634510615	1.0	29.784107344490064	0,102,255	NA	""
2103	Serqet_BP_11	1.488385826077155	-1.6299168298532103	0.31435560297255094	8.105557084530105	312.4012888767758	2.229515796002879	26.299068450927724	168.38789367675778	1.4139784616418183E-4	-0.3441569209098816	0.002707174279725528	1.0	6.762043641834441	0,102,255	NA	""
2104	Serqet_BP_12	1.2764437435770075	-1.7128737620837595	0.47318151937718417	12.489846246175677	306.6936988139285	2.1879547311660628	33.04841995239257	239.64105224609355	1.3703331933356822E-4	-0.3351278007030487	0.003365423506882881	1.0	26.562081893655954	0,102,204	NA	""
2105	Serqet_BP_13	1.251798644693498	-1.7348848818373734	0.46032817796927494	12.14328928559871	305.81216866578967	2.1883161178213877	21.583335876464847	247.65026855468764	1.3593060430139303E-4	-0.3343033492565155	0.004706086307351029	1.0	109.7255347183963	0,102,204	NA	""
2106	Serqet_BP_14	1.5300748018161336	-1.5689338811775362	-0.10175767068031843	-2.6584961245671157	314.28159460265965	2.193863497622806	21.617300033569343	109.70201873779304	1.4684120833408087E-4	-0.3518578112125397	0.0025387917125048844	1.0	4.135369652603	0,102,204	NA	""
2107	Serqet_Bo_32	1.539091169834137	-1.427365243434906	-0.36207814514636993	-9.786815412304232	317.15691684013177	2.1300877330335566	8.003089904785151	77.58978271484372	1.5417115355376154E-4	-0.3560045063495636	0.00720740090069414	0.8379486679115155	19.02428445091358	255,0,255	NA	""
2108	Serqet_Bo_33	1.528574439829058	-1.4136662323064493	-0.3887042501130096	-10.574912444176984	317.2365305183225	2.1180375418103776	9.51223348636621	78.85353589959497	1.5506407362408936E-4	-0.355631947517395	0.005259905177018054	1.0	12.202056899881654	255,0,255	NA	""
2109	Serqet_Bo_34	1.52616427944676	-1.4221288410851418	-0.3792001118301743	-10.302647178639045	317.02093859622664	2.120240687591254	9.343167642688654	78.63185582116108	1.5466366312466562E-4	-0.35564103722572327	0.0076350376451164974	0.4951761699908181	31.08208797434295	255,0,255	NA	""
2110	Serqet_Bo_35	1.5091385245323181	-1.4775543212890625	-0.3487403690814972	-9.376135425244883	315.60587887191423	2.1406274088721426	13.183471379459904	87.67619967572365	1.5346924192272127E-4	-0.35463544726371765	0.005848823234265368	0.8878137312604883	49.18703787684637	255,0,255	NA	""
2111	Serqet_Bo_36	1.506223830598966	-1.481434438276434	-0.3399265935162652	-9.140512199795856	315.4753873556939	2.1398383844943076	13.183307647705078	88.63417816162114	1.5296268975362182E-4	-0.3544088900089264	0.006052107462430343	1.0	35.882075824451924	255,0,255	NA	""
2112	Serqet_Bo_37	1.5085719227790833	-1.5093016028404236	-0.3044769912958145	-8.12025386495766	314.9861466735633	2.155571110578958	13.487684731660897	93.46336263905863	1.5190620615612715E-4	-0.35391831398010254	0.006473963892515787	0.7107640144882191	-23.446742155272485	255,0,255	NA	""
2113	Serqet_Bo_38	1.5261988650097862	-1.4899541035778827	-0.3124977033511323	-8.335290288028718	315.6884836176549	2.155667186957547	9.2843713760376	87.9993209838867	1.5242767403833568E-4	-0.35455307364463806	0.005516486263982761	0.6109955026317792	-14.651440803938	255,0,255	NA	""
2114	Serqet_Bo_39	1.479402482509613	-1.4734914898872375	-0.42459651827812195	-11.49433356856741	315.1146923935635	2.1307489479897956	24.884926840944495	100.57865511587822	1.5334386262111366E-4	-0.35255855321884155	0.011303124258506428	0.636563371131435	69.01815134172978	255,0,255	NA	""
2115	Serqet_Bo_40	1.3593423962593079	-1.6392472386360168	-0.1376582682132721	-3.698581395962399	309.6671501615238	2.1339852526320984	8.590191841125485	135.9959564208984	1.4626058691646904E-4	-0.3480757474899292	0.009800147847005551	0.9114183651965599	140.30131539219772	255,0,255	NA	""
2116	Serqet_Bo_41	1.3303781747817993	-1.6475869417190552	-0.1630423441529274	-4.402633869204154	308.91985838533645	2.1239189307611963	13.650648999640996	140.12878263899995	1.4629574434366077E-4	-0.3476284444332123	0.007497097652849273	1.0	115.57701359543258	255,0,255	NA	""
2117	Serqet_Bo_42	1.321230947971344	-1.6584852933883667	-0.14604297280311584	-3.9399797253749758	308.54255097446213	2.125453654203715	15.393974304199222	144.04376220703125	1.4542200369760394E-4	-0.3470194637775421	0.004955075744701924	0.8700934957782747	21.95913442472009	255,0,255	NA	""
2118	Serqet_Bo_43	1.3586984872817993	-1.633776068687439	-0.15875200927257538	-4.272609268358965	309.7479533280248	2.1308420923207128	8.011362075805662	135.95874023437491	1.4653863036073744E-4	-0.34804338216781616	0.005377302261275614	0.9751965970812323	172.08917714460537	255,0,255	NA	""
2119	Serqet_Bo_44	1.3823039860431203	-1.6558907275719958	-0.07500133649152183	-1.991417808180836	309.8544440509675	2.1583242601530306	5.816290855407715	138.5703277587891	1.4540711708832532E-4	-0.34781748056411743	0.005901686353504103	0.82415845519842	40.48221115845672	255,0,255	NA	""
2120	Serqet_Bo_45	1.3583610085128304	-1.6201122706214186	-0.20885495327733	-5.641717369775711	309.97769130181035	2.1245067169520926	16.999305126567883	128.14565614620255	1.4799923519603908E-4	-0.34914812445640564	0.01019106395797515	0.7475488724979844	154.6966323482697	255,0,255	NA	""
2121	Serqet_Bo_46	1.3722259169213251	-1.602650654996403	-0.23274601595925876	-6.295056005785017	310.57088959550305	2.1226548935179923	18.130664142923656	123.40801983706201	1.486652035964653E-4	-0.34972986578941345	0.007841160478966989	1.0	16.142720448820988	255,0,255	NA	""
2122	Serqet_Bo_47	1.3160866973112975	-1.5417397786064282	-0.36829021222677083	-10.297474018150247	310.4853101665577	2.060262949285648	15.531741142272946	100.8110885620117	1.5334754425566643E-4	-0.35250747203826904	0.00878521425165324	1.0	-6.57908001153116	255,0,255	NA	""
2123	Serqet_Bo_48	1.5942149778154269	-1.456545206593067	-0.28364928149905055	-7.483248834941615	317.58379834352183	2.177958275365993	8.002288818359375	66.8612060546875	1.5283764514606446E-4	-0.3577477037906647	0.0074225597058409825	0.8255825211152314	33.847666184321675	255,0,255	NA	""
2124	Serqet_Bo_49	1.630898932154917	-1.4400655359432053	-0.2079506349971644	-5.459701602635691	318.5558557937238	2.1856037017975525	12.695382118225105	65.51974487304689	1.516528573120013E-4	-0.3580303490161896	0.008642967253658264	0.4105540467930296	6.654239710607351	255,0,255	NA	""
2125	Serqet_Bo_50	1.6439866455887655	-1.4291980390974501	-0.23230526899523013	-6.087116591905712	318.9979702712266	2.1907224524884805	2.2250714302062997	67.79715728759766	1.5199242625385523E-4	-0.3576619625091553	0.007089114245202269	1.0	-151.11546480206405	255,0,255	NA	""
2126	Serqet_Bo_51	1.5948179960250854	-1.4806798100471497	-0.19105079025030136	-5.017185347831494	317.12539135582165	2.184572622913232	16.328695297241214	73.83214569091801	1.5078173601068556E-4	-0.3568340539932251	0.005254868265964506	1.0	170.65460710247896	255,0,255	NA	""
2127	Serqet_Bo_52	1.60533600884165	-1.4785103707923006	-0.1357086446065018	-3.5581695802080007	317.3550074566335	2.1866672023984255	13.438077559035941	64.14478040296696	1.5043257735669613E-4	-0.35825473070144653	0.005119248659927448	0.6468285757580825	38.55459091880784	255,0,255	NA	""
2128	Serqet_Bo_53	1.5251058340072632	-1.5692078471183777	-0.12824825569987297	-3.3541627947471424	314.1834414990394	2.191987383054689	18.654152800964997	107.28404086743619	1.4767191896680743E-4	-0.35236260294914246	0.011066718142364526	0.448281382712927	136.50043548937336	255,0,255	NA	""
2129	Serqet_Bo_54	1.5153623010849486	-1.5724541045349227	-0.0675271873327712	-1.7711373323533244	313.9407573905036	2.184832885015985	18.691535949707028	111.54771423339838	1.466546527808532E-4	-0.35160762071609497	0.006088060406439873	1.0	68.24201829513899	255,0,255	NA	""
2130	Serqet_Bo_55	1.5119943395604405	-1.5740795658610518	-0.06264330907116708	-1.6439890651406723	313.8474865607351	2.1835241117733313	18.69153594970704	111.5477142333984	1.466546527808532E-4	-0.35160762071609497	0.0051209028572896656	1.0	34.16232932760302	255,0,255	NA	""
2131	Serqet_Bo_56	1.5520193576812744	-1.5769031047821045	0.09609371796250343	2.486859505518381	314.5443467686848	2.214638004532726	2.1720199584960938	117.50717163085935	1.449112023692578E-4	-0.35093849897384644	0.005560851689397897	0.6513846357911918	80.15781463413178	255,0,255	NA	""
2132	Serqet_Bo_57	1.52958345413208	-1.5829764008522034	0.07328673079609871	1.9068695813591579	314.0172428381346	2.2024556235530377	7.407245851544216	115.76036512086898	1.4593217929359525E-4	-0.35164400935173035	0.009129002136398749	0.7709194140616938	161.3030912950916	255,0,255	NA	""
2133	Serqet_Bo_58	1.5369808077812195	-1.5781047344207764	0.05657256208360195	1.4710932810392308	314.2436514072503	2.203616348430412	11.129909709269581	112.95167705356383	1.4593217929359525E-4	-0.35164400935173035	0.012241554065126352	0.4857725372234039	143.27353160754893	255,0,255	NA	""
2134	Serqet_Bo_59	1.5105894804000854	-1.6106299757957458	0.2135961949825287	5.525032196995649	313.16419939805877	2.218475339447842	24.279296875	128.88119506835932	1.4416588237509131E-4	-0.3493863344192505	0.008522557443165189	0.5154193187434742	75.38752938768957	255,0,255	NA	""
2135	Serqet_Bo_60	1.567170798778534	-1.5619901418685913	0.26367685198783875	6.795757687143578	315.0948591365127	2.228309448463796	21.083595025464636	111.69360061548514	1.4555281086359173E-4	-0.3517124354839325	0.006885847522406174	0.871459154873568	53.27733057226744	255,0,255	NA	""
2136	Serqet_Bo_61	1.6136879324913025	-1.5220831632614136	0.25569339096546173	6.57529312396062	316.6732963725532	2.2329588015759136	19.384361994149504	94.12296017444123	1.4648126671090722E-4	-0.35394901037216187	0.006777440185015592	0.7268525845750768	160.61700810538923	255,0,255	NA	""
2137	Serqet_Bo_62	1.5643844604492188	-1.5617530345916748	0.22420517355203629	5.791517556375058	315.04822870406986	2.2218549099792266	20.388660430908196	106.88405609130858	1.4582433504983783E-4	-0.35238030552864075	0.006435784514911759	0.5504668430143868	58.48495023026521	255,0,255	NA	""
2138	Serqet_Bo_63	1.4036914871046124	-1.680252683718256	0.2864312752569352	7.453371122805044	309.87555077010524	2.2080855390037937	10.236889859256747	180.7713222552085	1.4123688742984086E-4	-0.34227755665779114	0.008231616509422722	0.835989100755984	28.6265021579922	255,0,255	NA	""
2139	Serqet_Bo_64	1.4469497668870226	-1.6300655351380764	0.3493771089584352	9.106594376789836	311.5942966665323	2.207451390405584	14.773996079755968	172.92601195101983	1.4214836119208485E-4	-0.3430615961551666	0.00772726259962027	0.6937270266156764	85.11033226743531	255,0,255	NA	""
2140	Serqet_Bo_65	1.426595429285842	-1.6592766758431527	0.330885227679262	8.598611490011622	310.6879374185316	2.2131106252857573	5.177332692793926	178.87054969741234	1.4149588241707534E-4	-0.3422541320323944	0.007099087937053615	1.0	96.86988115651106	255,0,255	NA	""
2141	Serqet_Bo_66	1.6160333352710976	-1.4550927612603388	0.5813250935043386	14.966670578922473	317.99980790883626	2.250954808279698	6.788211822509769	162.5127716064454	1.471299328841269E-4	-0.3447960913181305	0.0052211149979745465	1.0	98.18160158253676	255,0,255	NA	""
2142	Serqet_Bo_67	1.599616151509865	-1.4534355879589147	0.5878841171623843	15.216541036160764	317.7412368076267	2.239833604473445	16.10251617431641	157.48330688476565	1.4948166790418327E-4	-0.34633323550224304	0.008509439013475664	0.792980368331241	150.63847937535448	255,0,255	NA	""
2143	Serqet_Bo_68	1.5934780012902408	-1.45355493245149	0.5907644057377683	15.317731759970128	317.6292374648945	2.2362908275393645	16.102516174316403	157.48330688476562	1.4948166790418327E-4	-0.34633323550224304	0.006341739383551804	0.5593014997250242	110.5696272103807	255,0,255	NA	""
2144	Serqet_Bo_69	1.6040978684597575	-1.4875007601981116	0.5333119054888409	13.700535460442175	317.1598397273863	2.251712697420174	17.08905982971191	168.64259338378906	1.468947739340365E-4	-0.345487505197525	0.006905150798196026	0.6553278883431972	112.54066359269788	255,0,255	NA	""
2145	Serqet_Bo_70	1.6413388930625166	-1.3722909032277262	0.6997105197522673	18.11054552831072	320.1016729742967	2.250948799154091	15.166935129530275	170.06227448312535	1.4917741646058857E-4	-0.3432529866695404	0.014377053858043727	1.0	102.00808425610445	255,0,255	NA	""
2146	Serqet_Bo_71	1.6350044552900596	-1.3830866419279184	0.6857434827625678	17.75565469018856	319.7713755944403	2.2486467824113965	12.796858246795903	171.30062933778515	1.5073255053721368E-4	-0.34480002522468567	0.02154103569963198	0.5998315384856546	137.18537260314187	255,0,255	NA	""
2147	Serqet_Bo_72	1.6374375372433636	-1.3542389778871644	0.7226597532586871	18.78278400873282	320.40762818545363	2.2444157405842593	16.76136479055869	167.7974942158116	1.5108771913219243E-4	-0.3440060317516327	0.01430415566539879	0.4895065801601108	111.12963699828927	255,0,255	NA	""
2148	Serqet_Bo_73	1.6821938547185626	-1.3304965836410438	0.7360269228724812	18.940909438269667	321.65849127681963	2.267538964411972	20.031611281845993	158.24439392206844	1.4985566667746753E-4	-0.34369510412216187	0.01112774280034741	0.492472877836506	126.38731632155304	255,0,255	NA	""
2149	Serqet_Bo_74	1.6554866670356043	-1.341675628241143	0.732585376404326	18.972546054475487	320.9772451702077	2.2533111036584335	7.118118906821677	165.0057438440434	1.5020093997009099E-4	-0.3432985246181488	0.011923239872132032	0.8886673338697665	135.59627473626614	255,0,255	NA	""
2150	Serqet_Bo_75	1.651797180620988	-1.3526689187951055	0.7229844407964654	18.708017202308973	320.68569981334355	2.254074894810628	15.609239405208994	168.1888083291975	1.5108771913219243E-4	-0.3440060317516327	0.014680292991274187	0.58682198481504	148.1597855324521	255,0,255	NA	""
2151	Serqet_Bo_76	1.6434788369803872	-1.345232738825085	0.7326748866728875	19.03327516163365	320.6987286892051	2.246661144625592	8.163603917232036	164.66832824839076	1.5127666119951755E-4	-0.3438258767127991	0.007511008020065016	0.8376848164815488	96.90987098462945	255,0,255	NA	""
2152	Serqet_Bo_78	1.6851039568169868	-1.2657190640959957	0.7926259480153357	20.611030281682904	323.0889726449411	2.2516385118316657	13.043154573002363	157.28048774145057	1.515928452135995E-4	-0.34399721026420593	0.013446310252678145	1.0	114.9013049078271	255,0,255	NA	""
2153	Serqet_Bo_77	1.6614039509769452	-1.115677046175524	0.9664592880365732	25.77719790060422	326.1175866457804	2.222395535253998	10.115378490559921	181.4544828087084	1.5744738630019128E-4	-0.33992013335227966	0.022630943801438215	1.0	83.88376869563615	255,0,255	NA	""
2154	Serqet_Bo_79	1.6162569447376824	-1.0472183729824216	1.016318451974628	27.82153988379549	327.0596618893342	2.1775803149249953	8.277056219710111	165.47834448710276	1.6248489555437118E-4	-0.34135693311691284	0.1011722988918769	0.732766071491008	76.47936759199277	255,0,255	NA	""
2155	Serqet_Bo_80	1.6457018852233887	-0.9513207674026489	1.0464971661567688	28.834230817982828	329.9693456066324	2.1699083428323713	10.206210497967644	154.25956076831744	1.650664780754596E-4	-0.3426680266857147	0.03591636649120553	0.6165960753478499	147.70477461659732	255,0,255	NA	""
2156	Serqet_Bo_81	1.6525774444169772	-0.9691912089272672	1.0357441988386855	28.396930425986337	329.60954979214097	2.177868190383806	9.51959041128693	155.92996688318811	1.6320653958246112E-4	-0.34225350618362427	0.016307712467012382	1.0	80.02296141318494	255,0,255	NA	""
2157	Serqet_Bo_82	1.6688640713691711	-0.9875010848045349	1.0234895944595337	27.825352558648593	329.3863269544953	2.192668837550249	14.563622919487853	155.46784594811484	1.6233140195254236E-4	-0.34226128458976746	0.014146646259081118	1.0	170.17864900032126	255,0,255	NA	""
2158	Serqet_Bo_83	1.6694382429122925	-1.0130563378334045	1.0128077864646912	27.413606729590686	328.74959004171785	2.199792445401615	9.093446281642487	159.8920742920421	1.617085508769378E-4	-0.3418923616409302	0.013512388107575704	0.9440920480836509	159.11700327251026	255,0,255	NA	""
2159	Serqet_Bo_84	1.7437019475640334	-1.1480919153116194	0.9298146483914932	24.00682272462028	326.6382091838007	2.2854248638504617	29.377688448386117	181.15839121134354	1.5144306235015392E-4	-0.3413073718547821	0.007754345477709462	0.5382085817260275	80.84668599330567	255,0,255	NA	""
2160	Serqet_Bo_85	1.658358831920781	-1.1770269885915166	0.9224297574091966	24.398736417705596	324.6346161360305	2.233030050097056	10.864194816067888	189.48924093205414	1.5524268383160233E-4	-0.34028372168540955	0.009918514606073053	0.9972818853565274	51.35159478650335	255,0,255	NA	""
2161	Serqet_Bo_86	1.6770057350869967	-1.1915853137593089	0.8985569366973708	23.59467272753927	324.6045546714465	2.244911660615738	18.346950237301495	179.58390338691788	1.5318523219320923E-4	-0.3399984836578369	0.009489383171008765	0.7067818611240027	147.36424394540646	255,0,255	NA	""
2162	Serqet_Bo_87	1.690319001674652	-1.1739726662635803	0.920234203338623	24.09172858706815	325.2189666133465	2.2543782152848	13.007761094433697	189.79171442863463	1.527724671177566E-4	-0.3390270471572876	0.017402778563277644	1.0	45.10029561750296	255,0,255	NA	""
2163	Serqet_Bo_88	1.657505673773322	-1.1480726458786823	0.9459700733239057	25.134344927594302	325.2915590247503	2.227163047113989	8.767325049833856	189.22306696951304	1.5625481319148093E-4	-0.33960777521133423	0.009241850470243682	1.0	73.97826937782274	255,0,255	NA	""
2164	Serqet_Bo_89	1.6745653947205705	-1.3428559728772802	0.7254455787073377	18.673600420132065	321.27341620842196	2.2657675769491163	5.48647689819336	165.53233337402352	1.4901951362844557E-4	-0.3432990610599518	0.015458397431203488	0.8424729114905773	133.1600314325577	255,0,255	NA	""
2165	Serqet_Bo_90	1.6644361269628902	-1.3789334058366336	0.6894724714371567	17.692067743807844	320.35931167180524	2.2687391316193906	16.82415951716334	172.0369984897728	1.473673473810777E-4	-0.3425033986568451	0.033167866410851364	0.41846125833284714	64.76554458343504	255,0,255	NA	""
2166	Serqet_Bo_91	1.6525720953941345	-1.4841363430023193	0.5334783792495728	13.505352157606952	318.0737309631463	2.284349884808019	7.8143930122093295	173.38552612351413	1.431304553989321E-4	-0.3430953025817871	0.014507280689098281	0.7834396467991428	50.340454262810006	255,0,255	NA	""
2167	Serqet_Bo_92	1.6327641010284424	-1.4781346917152405	0.5464729964733124	13.934825505552276	317.8455850141449	2.2692363280041694	8.725893150403966	172.16991437831754	1.4523557911161333E-4	-0.34402573108673096	0.014309861590298099	0.5833945534006377	45.16128740053877	255,0,255	NA	""
2168	Serqet_Bo_93	1.6187558496599272	-1.4715291147192067	0.5568293290509606	14.280493853163998	317.72761159795897	2.25739392618255	16.584098815917965	164.84155273437509	1.4652741083409637E-4	-0.34497588872909546	0.006681348616305609	1.0	-14.834531569569764	255,0,255	NA	""
2169	Serqet_CM_01	1.6522128746285898	-1.4636675736152778	0.5618078924758869	14.279930417324769	318.46280733785466	2.277665088899046	9.45786665429274	169.84096976444323	1.4511968765873462E-4	-0.34381595253944397	0.0314023060760053	1.0	-31.151049088867843	0,255,0	NA	""
2170	Serqet_Bo_94	1.6337864272068046	-1.461443101498109	0.5705510814381906	14.589360943657681	318.18695572237243	2.265083346186598	15.991786003112797	166.41891479492193	1.461807987652719E-4	-0.34421035647392273	0.010355750737412274	0.8145885661066287	60.08223532942702	255,0,255	NA	""
2171	Serqet_Bo_95	1.6253308653831482	-1.5152908563613892	0.4781300127506256	12.143114869706173	317.0066886553622	2.272974947163404	15.495187969375715	170.2567445101695	1.4228066720534116E-4	-0.3436031937599182	0.018957441870680863	0.8712053244241915	172.78129342107889	255,0,255	NA	""
2172	Serqet_Bo_96	1.3395662903785706	-1.687230110168457	0.3162757158279419	8.351852167880496	308.44760861373027	2.1774328047956257	11.113761901855474	189.54611206054693	1.4065072173252702E-4	-0.3408428132534027	0.006149646304387912	1.0	11.120109406731602	255,0,255	NA	""
2173	Serqet_Bo_97	1.3834691643714905	-1.6819356083869934	0.3119408041238785	8.151342133942528	309.43886385899845	2.200045768797624	12.49912087528178	188.81301409534203	1.4102680142968893E-4	-0.3414810299873352	0.006644196628003281	0.7501449773788391	14.008438586173183	255,0,255	NA	""
2174	Serqet_Bo_98	1.373470880780538	-1.6854641348021158	0.29397363535529214	7.700212489282737	309.1763083432341	2.193999113112929	15.391043663024899	183.29057312011724	1.412408601026982E-4	-0.34207847714424133	0.006886178249777524	0.5103545026526953	25.95360228893937	255,0,255	NA	""
2175	Serqet_Bo_99	1.3639236092567444	-1.685327410697937	0.2704412490129471	7.110182903652643	308.9830027719569	2.1848923457016	11.900920750798571	177.78460374044005	1.4176506374496967E-4	-0.34294065833091736	0.007504554206673372	0.8190776238586512	-40.41784469940016	255,0,255	NA	""
2176	default	1.236980140209198	-1.6451290845870972	0.6466532945632935	17.44113961987757	306.93967447730455	2.157482341896663	18.09076881408692	224.77085876464852	1.43813609611243E-4	-0.3356415033340454	0.007367585476608576	1.0	10.745105822621696	255,0,255	NA	""
2177	Seth_Bo_01	-0.8600652758007432	-1.2057024129797458	0.3263402037429306	12.42642226025366	234.49854797916325	1.5165515210115241	14.206865754231492	-65.0975562255924	1.6725728346500546E-4	-0.3794301152229309	0.011414507017394226	1.0	88.99578012238409	255,0,255	NA	""
2178	Seth_Bo_02	-0.8662916123867035	-1.2674097418785095	0.24732638895511627	9.152021011021386	235.64686798982106	1.5549787632548817	13.940004759931341	-45.70858710054137	1.6530709399376065E-4	-0.3758549094200134	0.012176614855224753	1.0	77.04469292569479	255,0,255	NA	""
2179	Seth_Bo_03	-0.8258600569676613	-1.278209237150514	0.21869324768885756	8.177833755658344	237.13321078456278	1.5374298111511393	10.839993121828737	-43.35014392798059	1.644849980948493E-4	-0.375525563955307	0.014666961676537704	1.0	41.85773253509482	255,0,255	NA	""
2180	Seth_Bo_04	-0.8640270733765907	-1.2891588193115657	0.21238184794608078	7.792551879970805	236.16899971954024	1.5663905305745112	17.17597009930929	-36.76999764198724	1.6462105850223452E-4	-0.37467700242996216	0.009971144392845688	1.0	63.395062836955866	255,0,255	NA	""
2181	Seth_Bo_05	-0.8013740479946136	-1.1718588471412659	0.34982679784297943	13.842744191239857	235.63378166028184	1.4621327952383816	11.635294724902899	-81.58608232294648	1.6778447024989873E-4	-0.3822666108608246	0.008915077068915334	0.8662152925382945	72.7357247369762	255,0,255	NA	""
2182	Seth_Bo_06	-0.78587571055214	-1.1609813939646043	0.36243270097494334	14.494730038572365	235.90567816728316	1.4480455422063974	13.921281636450745	-86.0595950770582	1.6786763444542885E-4	-0.3832331597805023	0.007635561738688209	1.0	66.66550249356315	255,0,255	NA	""
2183	Seth_Bo_07	-0.8426859676837921	-1.012558937072754	0.46364277601242065	19.389656955369908	230.23162198709534	1.39655285074557	35.73053780223791	-125.76187477701914	1.7141389253083616E-4	-0.3933735489845276	0.011714464747329522	1.0	108.23919205128882	255,0,255	NA	""
2184	Seth_Bo_08	-0.7469211053997581	-0.9801075045103605	0.45238265349271956	20.158779165601434	232.68967079402768	1.3126888143311943	11.24624100220052	-157.3584981456383	1.730961521388963E-4	-0.395330011844635	0.017106469262025775	0.9405419766551452	-30.55117857201262	255,0,255	NA	""
2185	Seth_Bo_09	-0.8085316717624664	-1.0180504322052002	0.44060514867305756	18.722135531510457	231.54353464249888	1.372691896892165	16.71168290515105	-146.93803049939936	1.711239747237414E-4	-0.39361876249313354	0.008414429995924158	1.0	117.19939844073237	255,0,255	NA	""
2186	Seth_Bo_10	-0.8171335890192346	-0.9921804022969953	0.47123144404540185	20.133780119039738	230.52603143331703	1.3690099805563134	16.315209831699658	-147.78649325001498	1.721297885524109E-4	-0.3945854902267456	0.015525275907523148	0.8715819131985025	23.129084149328442	255,0,255	NA	""
2187	Seth_Bo_11	-0.8364756392797781	-0.9590362958003986	0.5139569054063229	21.99241440959365	228.90492109247955	1.3724408229085534	6.837170456238313	-155.9329633106439	1.7304543871432543E-4	-0.3952111005783081	0.009908820335762774	1.0	-50.18580624981299	255,0,255	NA	""
2188	Seth_Bo_12	-0.8205340802669525	-0.9478284120559692	0.5233849585056305	22.659887408622637	229.11729465766248	1.3585237172644484	5.715843186084704	-157.3425002220681	1.7384342208970338E-4	-0.39563360810279846	0.008426358520124428	1.0	-18.201822580421787	255,0,255	NA	""
2189	Seth_Bo_13	-0.8165493720061676	-0.8659990577688471	0.6319023105448941	27.963677365027458	226.68342433138244	1.34759332702866	16.372792737770506	-135.8280855028675	1.7706028302200139E-4	-0.39271512627601624	0.011770813860811077	1.0	106.1336695126216	255,0,255	NA	""
2190	Seth_Bo_14	-0.8346392686354576	-0.8433280301336787	0.6591565290146059	29.053861782773485	225.2966833227401	1.357318019072931	16.296596775565916	-126.49671506817974	1.7784826923161745E-4	-0.3921286463737488	0.010612031468740603	1.0	72.80956534326636	255,0,255	NA	""
2191	Seth_Bo_15	-0.8348471556870365	-0.8311187581302859	0.6666385454326126	29.505438117830682	224.8717734342982	1.3535638565399393	12.88840546743793	-127.83883434831623	1.7821141227614135E-4	-0.3926458954811096	0.01765191579597656	1.0	2.633112661944389	255,0,255	NA	""
2192	Seth_Bo_16	-0.8810669473793828	-0.8889661832747	0.6484762988633946	27.389201620412514	225.2556957074577	1.4096316366192903	19.36685812007053	-99.33987300912406	1.7567447503097355E-4	-0.38916638493537903	0.017206782872145138	0.849512486746414	161.32886901296985	255,0,255	NA	""
2193	Seth_Bo_17	-0.8874555561760056	-0.874020712990704	0.65922211207046	27.889838568389155	224.5630114916342	1.4092776035852836	20.643187356659936	-100.6831389478498	1.7660473531577736E-4	-0.38970208168029785	0.013122512314110865	1.0	57.64167560284602	255,0,255	NA	""
2194	Seth_Bo_18	-0.7360549809876333	-0.7547506455494069	0.682603861196382	32.922382506443064	225.71848838415835	1.2559353101629722	12.786007424452325	-151.04110364910295	1.7978424148168415E-4	-0.39536595344543457	0.009674129914357324	1.0	33.60311863635118	255,0,255	NA	""
2195	Seth_Bo_19	-0.7070657246250696	-0.7670302439767729	0.6731102033541305	32.83143144796135	227.32944172454577	1.2415130607343934	11.660612306524424	-146.77726931872525	1.7937636584974825E-4	-0.3950132131576538	0.011192579920224495	1.0	80.09638293464202	255,0,255	NA	""
2196	Seth_Bo_20	-0.915073178235628	-0.7641396297642984	0.7810629573758459	33.23125171130807	219.86385602272662	1.4252465185669723	26.256033992584797	-120.31293580972147	1.788105146260932E-4	-0.39012324810028076	0.011993985913871906	0.8636697677392573	48.90999645662902	255,0,255	NA	""
2197	Seth_Bo_21	-0.8864405751228333	-0.7420188188552856	0.7997224926948547	34.67521249310737	219.9319186868106	1.405675953440751	32.043430642164104	-114.3123164183525	1.797624718165025E-4	-0.3891686499118805	0.014245182081959015	1.0	63.502806820943626	255,0,255	NA	""
2198	Seth_Bo_22	-0.9067187905311584	-0.8705973029136658	0.6720928251743317	28.13230363604458	223.83570293529627	1.4254077994011574	21.147242938887032	-97.1007861789968	1.7666775966063142E-4	-0.3892633318901062	0.009704871468278848	1.0	67.41303347984564	255,0,255	NA	""
2199	Seth_Bo_23	-0.8516559302806854	-0.7594760358333588	0.7414992451667786	33.01612597022166	221.72542825623003	1.3608610521174878	10.96355264709939	-126.29278493170516	1.792111579561606E-4	-0.39264118671417236	0.010486162398635748	0.8320944653567137	64.65907463363449	255,0,255	NA	""
2200	Seth_Bo_24	-0.8978191746754349	-0.7778611077000395	0.743888869052636	32.05532301167305	220.905313241645	1.4016125794197272	6.847449423600743	-123.03673344124053	1.7889449372887611E-4	-0.3903166651725769	0.008461612169872533	1.0	-90.20110747077206	255,0,255	NA	""
2201	Seth_Bo_25	-0.6676876674803611	-0.728462527715973	0.6737234531153753	34.285947533199625	227.49252987033898	1.1959798354777622	18.039226432210388	-153.80300646771644	1.795284915715456E-4	-0.39743974804878235	0.009980203197424346	1.0	85.69797838112363	255,0,255	NA	""
2202	Seth_Bo_26	-0.6455332289874879	-0.7189983346195186	0.6643174909221721	34.5088847833237	228.08177592490105	1.1725994557638955	14.687220775779057	-157.12367817291218	1.790246897144243E-4	-0.39858171343803406	0.012263113276954857	1.0	56.001606242515884	255,0,255	NA	""
2203	Seth_Bo_27	-0.5887680017607999	-0.6043624911673167	0.6917156599247059	39.34552450392201	225.74882635061132	1.091041857497888	29.352429286281257	-185.82257504001524	1.7999559349846095E-4	-0.40285053849220276	0.01399924570236765	1.0	-24.33728688996775	255,0,255	NA	""
2204	Seth_Bo_28	-0.3355363756418228	-0.07481162250041962	0.9537565112113953	70.17863484250773	192.56915401814217	1.0138209511142133	7.571100167288573	-156.54934876659615	1.811275287764147E-4	-0.39759182929992676	0.030569796720428397	0.6518742867265	120.02805177854253	255,0,255	NA	""
2205	Seth_Bo_29	-0.3312494092198107	0.1581456558606159	1.037040372165075	70.50839191317645	154.47917807216837	1.1000858844091834	10.434992604977092	-138.85785227056422	1.835268340073526E-4	-0.39394909143447876	0.030129594782439213	1.0	93.66754525303469	255,0,255	NA	""
2206	Seth_Bo_30	-0.42234125165731473	-0.14005749209275276	0.9494554568874142	64.89004143841925	198.3466372362325	1.0485484722014844	11.73015412725997	-161.29749562278505	1.8246262334287167E-4	-0.39837440848350525	0.01640298314319895	1.0	-37.5046453990063	255,0,255	NA	""
2207	Seth_Bo_31	-0.5015042424201965	0.12778685241937637	1.1006599068641663	64.81715686308495	165.7048250324253	1.2162599292071337	45.59562143627033	-83.83560059430951	1.814606657717377E-4	-0.3913592994213104	0.02701548356090243	0.9792408988463727	59.65537854907531	255,0,255	NA	""
2208	Seth_Bo_32	-0.48962979513308136	-0.11133258620654685	0.9988029754710912	63.30997288213072	192.81017301043252	1.1179175572659221	18.308645248413082	-140.4615478515625	1.8369815370533615E-4	-0.3957304358482361	0.009818170031134955	1.0	47.75680816008747	255,0,255	NA	""
2209	Seth_Bo_33	-0.37297557294368744	0.3001132011413574	1.1332325339317322	67.0987141759203	141.17825394049945	1.230201076033231	31.690890968046777	-75.92824758168359	1.808182569220662E-4	-0.38669291138648987	0.014658176001177359	1.0	59.65774674436262	255,0,255	NA	""
2210	Seth_Bo_34	-0.29289006772615717	0.1470956392415036	1.019712864659457	72.18173863097525	153.33322106924396	1.0710910536497333	8.063963741558004	-142.6746920221566	1.8331356113776565E-4	-0.3945859372615814	0.014486539784704393	1.0	88.3373609447246	255,0,255	NA	""
2211	Seth_Bo_35	-0.207215275676923	-0.08027339406391354	0.6822118994728179	71.95773526007603	201.17593411006243	0.717492204871045	33.758139570275794	-336.49635384170716	1.6765648615546525E-4	-0.4300316572189331	0.019119584970303336	1.0	64.24004868189867	255,0,255	NA	""
2212	Seth_Bo_36	-0.24975228390894488	-0.09536540692940265	0.7019610152487437	69.15078497488716	200.89885549141135	0.751145812133431	18.028433900089848	-172.7123181086046	1.6810704255476594E-4	-0.42893853783607483	0.012495481414881594	1.0	68.33960559183839	255,0,255	NA	""
2213	Seth_Bo_37	-0.2003377601504326	-0.1326579973101616	0.627763032913208	69.05554315535666	213.51139911826056	0.6721754145197699	24.28681064288804	-384.07764679750665	1.6581604722887278E-4	-0.4344860911369324	0.012299790128230095	1.0	49.92590713353451	255,0,255	NA	""
2214	Seth_Bo_38	-0.21515967666519795	-0.14011976161890294	0.6285879678746621	67.78117196549995	213.0736297695196	0.6790066770037008	27.01376974909077	-375.8889018011538	1.659799017943442E-4	-0.434273362159729	0.006932020293018577	1.0	-0.8379705636664525	255,0,255	NA	""
2215	Seth_Bo_39	-0.18405786901712418	-0.03185581974685192	0.7060669958591461	75.1815462824342	189.81919488828885	0.7303579225560768	49.27530230016075	-313.2088451459787	1.6762550512794405E-4	-0.4290432631969452	0.010904626674426826	1.0	110.3062777864672	255,0,255	NA	""
2216	Seth_Bo_40	-1.2173612270668352	-1.2956451082565397	0.3768307299476027	11.967378582841233	226.78427165026332	1.817323857419919	25.187519236724093	73.05899427216275	1.602306292625144E-4	-0.36279165744781494	0.011842237329820949	1.0	57.88906369804066	255,0,255	NA	""
2217	Seth_Bo_41	-0.9933759921919721	-1.140624097630933	0.5512613581999191	20.02464049961904	228.94720868387637	1.609878342920416	8.078830175324955	-31.045858223651962	1.6841592150740325E-4	-0.3734382688999176	0.011678397574110237	1.0	10.725865249260663	255,0,255	NA	""
2218	Seth_Bo_42	-1.08781712836691	-1.2517282370199572	0.3930897167894647	13.33497984924059	229.00765630749524	1.7043148798174421	19.163583078058036	15.734346682913333	1.6447137750219554E-4	-0.36962229013442993	0.011956504537917743	1.0	41.04546796931428	255,0,255	NA	""
2219	Seth_Bo_43	-1.2650065798039165	-1.1918901789228522	0.47509626421161566	15.288269249410398	223.29540044616894	1.8018213856616825	19.935079574787252	97.63804566291664	1.6193476039916277E-4	-0.37010374665260315	0.018126377030185416	0.9813440556010218	23.180658080985776	255,0,255	NA	""
2220	Seth_Bo_44	-1.1107665405814042	-1.2390898899022504	0.4087719169046924	13.801164441362861	228.1257614961226	1.7135461893345882	14.896083377447942	14.627366320698261	1.6477509052492678E-4	-0.3700263500213623	0.009408414795705594	1.0	28.51868874612552	255,0,255	NA	""
2221	Seth_Bo_45	-1.1159135262366595	-1.2942713952576623	0.3569521281181432	11.798088971287136	229.23227274602593	1.7457996060224734	15.849529150352165	33.020631850964946	1.617881644051522E-4	-0.3646908700466156	0.011399855213054606	1.0	36.96166196972302	255,0,255	NA	""
2222	Seth_Bo_46	-1.199322774875897	-1.035584351364097	0.7761656200319431	26.0971080257408	220.80976370071537	1.7644384763560867	6.924638968284724	27.49887818960234	1.7099682008847594E-4	-0.36316317319869995	0.010985767975812133	1.0	81.75670332741338	255,0,255	NA	""
2223	Seth_Bo_47	-1.2406042513019548	-0.9792478043698077	0.8306577486254973	27.72469657959446	218.28513825182998	1.7855020207390284	8.845686282786703	21.375610017437232	1.7260020831599832E-4	-0.3643425405025482	0.00917849502948743	1.0	5.748517189904971	255,0,255	NA	""
2224	Seth_Bo_48	-0.6991795793295457	-1.0976685475502954	0.28936889040712566	12.535583707870263	237.5041737770888	1.3332151661183826	41.24340476033324	-120.64544903129415	1.675574603723362E-4	-0.39369282126426697	0.008737982461366279	1.0	66.16099910241309	255,0,255	NA	""
2225	Seth_Bo_49	-0.5660805334193518	-0.9364324126543935	0.40154988879631237	20.15153127956103	238.84671821725783	1.1655878975771827	32.4213928340218	-207.2171988602283	1.7022063548211008E-4	-0.40334272384643555	0.009518017443327751	1.0	82.55359749650208	255,0,255	NA	""
2226	Seth_Bo_50	-0.817485071746638	-1.1978522145860069	0.3147358115833663	12.244817856708112	235.6880645986821	1.483977897952071	21.650787994530027	-68.7820623779316	1.6710460477042943E-4	-0.3806524872779846	0.00866949830484659	1.0	83.78667989181227	255,0,255	NA	""
2227	Seth_Bo_51	-0.5514087677001953	-0.9266420006752014	0.389774814248085	19.873592724980533	239.24476178032026	1.146578140526897	26.154664074234528	-216.29595582248217	1.70226747286506E-4	-0.40477412939071655	0.007646549378828647	1.0	13.755753863395197	255,0,255	NA	""
2228	Seth_Bo_52	-0.5562344476007066	-0.9421732396797937	0.3329483077916186	16.925444951015105	239.44350848782605	1.1436528100466872	21.852995628551806	-227.440146037945	1.6934600716922432E-4	-0.40725964307785034	0.009085920208570627	1.0	8.131558891572055	255,0,255	NA	""
2229	Seth_Bo_53	-0.5411168689265956	-0.9253278771458986	0.40629325674393113	20.758150657485604	239.68159033165577	1.1463478340084425	31.676584510234935	-214.86721562121056	1.7038584337569773E-4	-0.4042312800884247	0.008441674602930247	0.8739006308086446	86.6932043662365	255,0,255	NA	""
2230	Seth_Bo_54	-0.5907522141933441	-0.9505761861801147	0.37913013994693756	18.71403910445181	238.1403917151043	1.1816610881819098	24.292834098235005	-199.77385868676922	1.700059074210003E-4	-0.4032822549343109	0.007974835577065867	0.3819074634870711	-24.004594664411744	255,0,255	NA	""
2231	Seth_Bo_55	-0.5763034378212276	-0.9435071676339992	0.40388252557666876	20.067712212952465	238.58300511330137	1.1770524721895306	33.957473754882805	-202.89363098144534	1.7017850768752396E-4	-0.40249472856521606	0.0066476884890090526	0.4621627988959795	51.72828241809559	255,0,255	NA	""
2232	Seth_Bo_56	-0.5471023319019297	-0.9290745302641992	0.3644074967057524	18.67421432173734	239.50752700045462	1.1381095149472764	21.42259367660556	-224.09827157054008	1.7002450476866215E-4	-0.4066281318664551	0.009001727007262634	0.7329526885108447	50.938623393567006	255,0,255	NA	""
2233	Seth_Bo_57	-0.6032109059893116	-0.9623708815375878	0.3615818672986964	17.659002939512735	237.92064933256268	1.1919574478541974	26.776872093223126	-195.39055934541597	1.6964813403319567E-4	-0.40330609679222107	0.005919925995808677	0.4041584664874671	-18.285662553726475	255,0,255	NA	""
2234	Seth_Bo_58	-0.5781698284638499	-1.1408646249378613	0.10716593171745056	4.789542895528525	243.12492202017268	1.283486260113989	24.57276997206822	-159.04367406570609	1.6425055218860507E-4	-0.39466074109077454	0.006915785726796639	1.0	-22.053274747182872	255,0,255	NA	""
2235	Seth_Bo_59	-0.8238933413107488	-1.186383437258018	0.3367556568595689	13.123782523616262	235.22164881610752	1.4831420264031556	16.333617851927084	-74.03324148429137	1.6773241804912686E-4	-0.3813464343547821	0.007843597649749384	1.0	72.35108468479278	255,0,255	NA	""
2236	Seth_Bo_60	-0.81482319239025	-1.1825854227230812	0.3378605202321986	13.23861334607186	235.43244085928075	1.4753287254119807	14.293786855030085	-76.52683936901025	1.676966348895803E-4	-0.38184428215026855	0.006961013256500021	0.8145283104666264	12.538902396042518	255,0,255	NA	""
2237	Seth_Bo_61	-0.8569761514663696	-1.2807000279426575	0.22210793942213058	8.201828620602226	236.2116726940286	1.556898398261357	12.117583219477115	-40.83299506579069	1.648278848733753E-4	-0.3751993775367737	0.011439055714020104	0.7471946892330306	11.122824079959916	255,0,255	NA	""
2238	Seth_Bo_62	-0.8996466398239136	-1.3561413884162903	0.13069884479045868	4.591606239564059	236.44021960916706	1.6326560354072384	19.167012318816056	-6.735121777123932	1.6220154066104442E-4	-0.36965954303741455	0.010531983710350669	0.9809982570557347	87.84221421327257	255,0,255	NA	""
2239	Seth_Bo_63	-0.8852740348057849	-1.3273660032514751	0.16364372926221005	5.856120660119081	236.29907520796525	1.6038671682580052	14.116593360900868	-19.04257583618163	1.6318254347424954E-4	-0.3718551695346832	0.010446262373464802	0.5290985767392199	82.84815425728569	255,0,255	NA	""
2240	Seth_Bo_64	-0.9580271780334437	-1.274317468842963	0.3020652491790566	10.728609020914744	233.0642894938997	1.6226350483120549	45.145755467721536	-21.910795031898722	1.6442511696368456E-4	-0.37442493438720703	0.007495084001750674	1.0	109.58189782820992	255,0,255	NA	""
2241	Seth_Bo_65	-0.8069074767292039	-1.292926765579542	0.18620996607206008	6.965884244267257	238.03197199975392	1.535393581013684	16.8208790823146	-39.81683767724825	1.6373179096262902E-4	-0.37504997849464417	0.01087515155827361	0.9965172776796677	-32.059666658955514	255,0,255	NA	""
2242	Seth_Bo_66	-1.123011983114997	-1.1954914459018249	0.46310214252067927	15.76647950776498	226.7905581973756	1.7043530461296912	27.701245266866156	-20.340743867753364	1.667366159381345E-4	-0.37292712926864624	0.01227731181810678	0.8535003462253968	-44.40435655979474	255,0,255	NA	""
2243	Seth_Bo_67	-1.1364971954609775	-1.1950875818487423	0.4606262776155771	15.605201678128639	226.43948251556105	1.7123191207277118	27.295966470319907	-14.677150176910258	1.6645618597976863E-4	-0.3728066682815552	0.008291164541684336	1.0	115.22667981284162	255,0,255	NA	""
2244	Seth_Bo_68	-1.043608844280243	-1.2064577341079712	0.44963231682777405	15.741338604474187	229.13957237447133	1.657355998083935	8.273405122335639	-30.101130529576867	1.6719401173759252E-4	-0.3731737434864044	0.013865857463047915	0.8750471401784408	53.659170517451734	255,0,255	NA	""
2245	Seth_Bo_69	-1.1068320326636116	-1.2109615266296856	0.44155666509880576	15.063989931425699	227.57234791086393	1.6989635828942127	30.870265048445887	-6.542296748460512	1.6633888299111277E-4	-0.3724987506866455	0.008538146454108587	0.7293463041047294	112.9672472648192	255,0,255	NA	""
2246	Seth_Bo_70	-1.1786934733390808	-1.1518797278404236	0.5161174535751343	17.388686097039827	224.34082882815366	1.7269980999951204	11.698800849243582	-36.246833239238086	1.6694066289346665E-4	-0.3746931254863739	0.011001505529602235	1.0	-14.056303451570875	255,0,255	NA	""
2247	Seth_Bo_71	-1.1858863830566406	-1.2669081687927246	0.3951465040445328	12.827888837944991	226.89193140406493	1.7797537979539508	35.2551405844852	64.42189900643204	1.6215404320973903E-4	-0.36517924070358276	0.012781123927172667	0.8158809495229521	-23.83171008800372	255,0,255	NA	""
2248	Seth_Bo_72	-1.0223775695018833	-1.1644440607784716	0.5156520264551252	18.40588203075083	228.7169872450476	1.6331205949623293	6.571902436974609	-32.99078558049246	1.6882008640095592E-4	-0.3735237121582031	0.01112118487692204	0.5932351332765101	111.44021977693843	255,0,255	NA	""
2249	Seth_Bo_73	-1.2075709059254134	-1.174812427917743	0.4821059968346082	15.968860576345223	224.21221567094653	1.7523806452398971	12.826805355293036	100.23321772185909	1.6527670959476382E-4	-0.3735440671443939	0.010488682215980616	0.88778977873619	87.1026392722214	255,0,255	NA	""
2250	Seth_Bo_75	-0.5057651698589325	-1.1672190427780151	-0.12871891260147095	-5.777944619496221	246.57253662968503	1.278580173210646	25.74614371822431	-159.46114286856385	1.6446379595436156E-4	-0.39567095041275024	0.006989528709379395	0.701437915739851	79.37697424899066	255,0,255	NA	""
2251	Seth_Bo_76	-0.5450419901403254	-1.1905093550727128	-0.13795637010212247	-6.014659171086093	245.40062659312218	1.3165922890490915	41.15254551455923	-134.5116596006779	1.6434676945209503E-4	-0.3926433026790619	0.007567275239649236	0.9165593372627476	40.7900639573402	255,0,255	NA	""
2252	Seth_Bo_77	-0.49276525654205694	-0.738502465595777	0.5368650857404728	31.16170492408409	236.28682759603683	1.0375102939408005	21.65790104558182	-234.4864992300658	1.7367622058372945E-4	-0.4093121290206909	0.011462824160082234	1.0	84.40291971664402	255,0,255	NA	""
2253	Seth_Bo_78	-0.5320622500490841	-0.7436895272428449	0.5772827712972655	32.26463362183004	234.41870568322574	1.0813971282071315	25.723589833156396	-211.8138406286928	1.745396148180589E-4	-0.40647822618484497	0.00694338201709397	1.0	30.405185954967223	255,0,255	NA	""
2254	Seth_Bo_79	-0.5374218324099318	-0.7807330865031451	0.49477056125041174	27.56491630669812	235.45820993246917	1.0691886113271238	25.02807328183826	-230.76003036955473	1.7282985209021717E-4	-0.4095955789089203	0.010507817324279042	1.0	73.2459764505741	255,0,255	NA	""
2255	Seth_Bo_80	-0.5501448039549957	-0.7910441457237753	0.4921298752889819	27.055748832563857	235.1826755725712	1.0819436029454064	12.145462787287427	-142.54267461213405	1.7259207379538566E-4	-0.4094865322113037	0.007224758877624626	1.0	-13.983200761525122	255,0,255	NA	""
2256	Seth_Bo_81	-0.5281581915601731	-0.7524584684586699	0.5388514477290267	30.37639569948584	234.9345959522393	1.0656011002185328	23.376774980915187	-228.34030475891313	1.7358612967655063E-4	-0.4090563952922821	0.008777832855659418	1.0	-60.98629268263713	255,0,255	NA	""
2257	Seth_Bo_82	-0.2515218715341466	-0.11822787665555456	0.6833792259278464	67.86896627751102	205.17587484308046	0.7377318273656513	35.5035274338811	-316.1879389200135	1.676192187005654E-4	-0.4304998219013214	0.008585317055097687	0.841460526856511	-15.394892200486266	255,0,255	NA	""
2258	Seth_Bo_83	-0.25381987541913986	-0.14056871086359024	0.6618232429027557	66.32723571605716	208.97824782376244	0.7226299858696422	26.972589887643363	-338.14651565743065	1.6724578745197505E-4	-0.4315171539783478	0.011012597620328099	0.5721927424439915	45.10387226966448	255,0,255	NA	""
2259	Seth_Bo_84	-0.18871470540761948	-0.06474041193723679	0.6817400753498077	73.68791850178698	198.9350291487099	0.7103337886605489	26.139046396100102	-351.0776227324447	1.6736905672587454E-4	-0.4304759204387665	0.005674490643142423	0.612828607375338	-2.5156466818577687	255,0,255	NA	""
2260	Seth_Bo_85	-0.2613446116447449	-0.1117556206882	0.6956577897071838	67.77573744636365	203.15241651148472	0.7514852527970404	52.25136281342694	-280.31249238624923	1.6845804930198938E-4	-0.4281339645385742	0.009790916837584214	0.9684299008057974	36.51757258070232	255,0,255	NA	""
2261	Seth_Bo_86	-0.18123164146665838	-0.13077804426076384	0.6160558363612842	70.0604614384203	215.81448491305196	0.6553415889779705	20.392646198352942	-394.9503559629688	1.645963202463463E-4	-0.4359758794307709	0.015948306884437078	0.6699195149531494	45.7906996632975	255,0,255	NA	""
2262	Seth_Bo_87	-0.9561665481156584	-0.5670240473450522	0.9307826287799503	39.93932288750116	210.66870711240105	1.449871387413895	29.124605622958445	-85.8817524161785	1.8255779286846519E-4	-0.3851810693740845	0.008117112634545669	1.0	-33.40094993310549	255,0,255	NA	""
2263	Seth_Bo_88	-1.0711100101470947	-0.7330199480056763	0.8630925118923187	33.623173919066055	214.3859992222588	1.5586929082074332	6.915805617763781	-6.894097409791555	1.7881233361549675E-4	-0.38081464171409607	0.008889839157346998	1.0	96.49895646318544	255,0,255	NA	""
2264	Seth_Bo_89	-1.1474309925741315	-1.1852895972267288	0.4700228871776103	15.903005109088916	225.92979324628485	1.7153515168863596	26.74590721487106	-21.971644487986097	1.6664898430462927E-4	-0.3733665943145752	0.00879738039868796	0.6311397349377714	-1.9286196695669657	255,0,255	NA	""
2265	default	-1.137024164199829	-1.1451312899589539	0.5350468456745148	18.343326528483253	225.20353658871312	1.700124921375963	3.0587454116581445	-41.10064484978264	1.6867795784492046E-4	-0.3748150169849396	0.008008451418842778	1.0	93.76917214382624	255,0,255	NA	""
