TITLE     = "Magnetic map of tau Boo, 2008-01-25, from 40 ESPaDOnS spectra (program tau-boo-2008-01)"
VARIABLES = "Longitude [Deg]" "Latitude [Deg]" "B<sub>R</sub> [G]" "B<sub>A</sub> [G]" "B<sub>M</sub> [G]"
ZONE I=73, J=37, K=1, ZONETYPE=Ordered
DATAPACKING=POINT
DT=(SINGLE SINGLE SINGLE SINGLE SINGLE)
      0.00000    -90.00000     -0.36328     -0.00495      0.00985
      5.00000    -90.00000     -0.36328     -0.00579      0.00938
     10.00000    -90.00000     -0.36328     -0.00659      0.00884
     15.00000    -90.00000     -0.36328     -0.00733      0.00823
     20.00000    -90.00000     -0.36328     -0.00802      0.00756
     25.00000    -90.00000     -0.36328     -0.00865      0.00683
     30.00000    -90.00000     -0.36328     -0.00921      0.00604
     35.00000    -90.00000     -0.36328     -0.00970      0.00522
     40.00000    -90.00000     -0.36328     -0.01012      0.00435
     45.00000    -90.00000     -0.36328     -0.01046      0.00345
     50.00000    -90.00000     -0.36328     -0.01072      0.00252
     55.00000    -90.00000     -0.36328     -0.01090      0.00158
     60.00000    -90.00000     -0.36328     -0.01100      0.00062
     65.00000    -90.00000     -0.36328     -0.01101     -0.00034
     70.00000    -90.00000     -0.36328     -0.01094     -0.00130
     75.00000    -90.00000     -0.36328     -0.01079     -0.00225
     80.00000    -90.00000     -0.36328     -0.01055     -0.00319
     85.00000    -90.00000     -0.36328     -0.01024     -0.00409
     90.00000    -90.00000     -0.36328     -0.00984     -0.00497
     95.00000    -90.00000     -0.36328     -0.00937     -0.00581
    100.00000    -90.00000     -0.36328     -0.00883     -0.00661
    105.00000    -90.00000     -0.36328     -0.00823     -0.00735
    110.00000    -90.00000     -0.36328     -0.00756     -0.00804
    115.00000    -90.00000     -0.36328     -0.00683     -0.00867
    120.00000    -90.00000     -0.36328     -0.00605     -0.00923
    125.00000    -90.00000     -0.36328     -0.00522     -0.00972
    130.00000    -90.00000     -0.36328     -0.00436     -0.01014
    135.00000    -90.00000     -0.36328     -0.00346     -0.01048
    140.00000    -90.00000     -0.36328     -0.00253     -0.01074
    145.00000    -90.00000     -0.36328     -0.00159     -0.01092
    150.00000    -90.00000     -0.36328     -0.00063     -0.01102
    155.00000    -90.00000     -0.36328      0.00033     -0.01103
    160.00000    -90.00000     -0.36328      0.00129     -0.01096
    165.00000    -90.00000     -0.36328      0.00224     -0.01080
    170.00000    -90.00000     -0.36328      0.00317     -0.01056
    175.00000    -90.00000     -0.36328      0.00408     -0.01025
    180.00000    -90.00000     -0.36328      0.00495     -0.00985
    185.00000    -90.00000     -0.36328      0.00579     -0.00938
    190.00000    -90.00000     -0.36328      0.00659     -0.00884
    195.00000    -90.00000     -0.36328      0.00733     -0.00823
    200.00000    -90.00000     -0.36328      0.00802     -0.00756
    205.00000    -90.00000     -0.36328      0.00865     -0.00683
    210.00000    -90.00000     -0.36328      0.00921     -0.00604
    215.00000    -90.00000     -0.36328      0.00971     -0.00522
    220.00000    -90.00000     -0.36328      0.01012     -0.00435
    225.00000    -90.00000     -0.36328      0.01047     -0.00345
    230.00000    -90.00000     -0.36328      0.01073     -0.00252
    235.00000    -90.00000     -0.36328      0.01091     -0.00158
    240.00000    -90.00000     -0.36328      0.01100     -0.00062
    245.00000    -90.00000     -0.36328      0.01102      0.00034
    250.00000    -90.00000     -0.36328      0.01095      0.00130
    255.00000    -90.00000     -0.36328      0.01079      0.00225
    260.00000    -90.00000     -0.36328      0.01056      0.00319
    265.00000    -90.00000     -0.36328      0.01024      0.00410
    270.00000    -90.00000     -0.36328      0.00985      0.00497
    275.00000    -90.00000     -0.36328      0.00938      0.00581
    280.00000    -90.00000     -0.36328      0.00884      0.00661
    285.00000    -90.00000     -0.36328      0.00823      0.00735
    290.00000    -90.00000     -0.36328      0.00756      0.00804
    295.00000    -90.00000     -0.36328      0.00683      0.00867
    300.00000    -90.00000     -0.36328      0.00605      0.00923
    305.00000    -90.00000     -0.36328      0.00522      0.00972
    310.00000    -90.00000     -0.36328      0.00436      0.01014
    315.00000    -90.00000     -0.36328      0.00346      0.01048
    320.00000    -90.00000     -0.36328      0.00253      0.01074
    325.00000    -90.00000     -0.36328      0.00159      0.01092
    330.00000    -90.00000     -0.36328      0.00063      0.01102
    335.00000    -90.00000     -0.36328     -0.00033      0.01103
    340.00000    -90.00000     -0.36328     -0.00129      0.01096
    345.00000    -90.00000     -0.36328     -0.00224      0.01080
    350.00000    -90.00000     -0.36328     -0.00317      0.01056
    355.00000    -90.00000     -0.36328     -0.00408      0.01025
    360.00000    -90.00000     -0.36328     -0.00495      0.00985
      0.00000    -85.00000     -0.34433      0.07007      0.01372
      5.00000    -85.00000     -0.34706      0.07128      0.01496
     10.00000    -85.00000     -0.34977      0.07213      0.01644
     15.00000    -85.00000     -0.35244      0.07258      0.01807
     20.00000    -85.00000     -0.35504      0.07262      0.01973
     25.00000    -85.00000     -0.35755      0.07228      0.02132
     30.00000    -85.00000     -0.35992      0.07157      0.02277
     35.00000    -85.00000     -0.36213      0.07057      0.02399
     40.00000    -85.00000     -0.36414      0.06932      0.02492
     45.00000    -85.00000     -0.36593      0.06790      0.02552
     50.00000    -85.00000     -0.36745      0.06639      0.02577
     55.00000    -85.00000     -0.36868      0.06487      0.02566
     60.00000    -85.00000     -0.36962      0.06339      0.02520
     65.00000    -85.00000     -0.37023      0.06203      0.02441
     70.00000    -85.00000     -0.37053      0.06084      0.02332
     75.00000    -85.00000     -0.37052      0.05987      0.02199
     80.00000    -85.00000     -0.37021      0.05914      0.02045
     85.00000    -85.00000     -0.36963      0.05867      0.01877
     90.00000    -85.00000     -0.36881      0.05846      0.01701
     95.00000    -85.00000     -0.36780      0.05852      0.01522
    100.00000    -85.00000     -0.36664      0.05882      0.01344
    105.00000    -85.00000     -0.36540      0.05933      0.01173
    110.00000    -85.00000     -0.36411      0.06003      0.01013
    115.00000    -85.00000     -0.36285      0.06086      0.00865
    120.00000    -85.00000     -0.36166      0.06180      0.00731
    125.00000    -85.00000     -0.36060      0.06280      0.00613
    130.00000    -85.00000     -0.35969      0.06384      0.00509
    135.00000    -85.00000     -0.35897      0.06488      0.00418
    140.00000    -85.00000     -0.35846      0.06592      0.00339
    145.00000    -85.00000     -0.35815      0.06695      0.00270
    150.00000    -85.00000     -0.35803      0.06796      0.00209
    155.00000    -85.00000     -0.35808      0.06899      0.00154
    160.00000    -85.00000     -0.35826      0.07003      0.00105
    165.00000    -85.00000     -0.35851      0.07113      0.00061
    170.00000    -85.00000     -0.35877      0.07229      0.00024
    175.00000    -85.00000     -0.35899      0.07354     -0.00005
    180.00000    -85.00000     -0.35910      0.07489     -0.00023
    185.00000    -85.00000     -0.35904      0.07636     -0.00027
    190.00000    -85.00000     -0.35876      0.07793     -0.00014
    195.00000    -85.00000     -0.35821      0.07958      0.00022
    200.00000    -85.00000     -0.35737      0.08130      0.00083
    205.00000    -85.00000     -0.35621      0.08304      0.00173
    210.00000    -85.00000     -0.35472      0.08473      0.00294
    215.00000    -85.00000     -0.35291      0.08633      0.00448
    220.00000    -85.00000     -0.35081      0.08774      0.00635
    225.00000    -85.00000     -0.34844      0.08891      0.00853
    230.00000    -85.00000     -0.34585      0.08975      0.01099
    235.00000    -85.00000     -0.34310      0.09019      0.01367
    240.00000    -85.00000     -0.34024      0.09018      0.01651
    245.00000    -85.00000     -0.33734      0.08965      0.01940
    250.00000    -85.00000     -0.33446      0.08860      0.02225
    255.00000    -85.00000     -0.33169      0.08702      0.02494
    260.00000    -85.00000     -0.32908      0.08495      0.02736
    265.00000    -85.00000     -0.32671      0.08243      0.02941
    270.00000    -85.00000     -0.32463      0.07957      0.03098
    275.00000    -85.00000     -0.32288      0.07646      0.03201
    280.00000    -85.00000     -0.32151      0.07323      0.03243
    285.00000    -85.00000     -0.32055      0.07003      0.03225
    290.00000    -85.00000     -0.32001      0.06701      0.03147
    295.00000    -85.00000     -0.31989      0.06428      0.03015
    300.00000    -85.00000     -0.32018      0.06198      0.02837
    305.00000    -85.00000     -0.32086      0.06020      0.02625
    310.00000    -85.00000     -0.32191      0.05901      0.02390
    315.00000    -85.00000     -0.32329      0.05842      0.02148
    320.00000    -85.00000     -0.32496      0.05843      0.01913
    325.00000    -85.00000     -0.32687      0.05900      0.01697
    330.00000    -85.00000     -0.32900      0.06005      0.01513
    335.00000    -85.00000     -0.33131      0.06148      0.01369
    340.00000    -85.00000     -0.33375      0.06317      0.01273
    345.00000    -85.00000     -0.33630      0.06500      0.01226
    350.00000    -85.00000     -0.33893      0.06684      0.01230
    355.00000    -85.00000     -0.34161      0.06856      0.01280
    360.00000    -85.00000     -0.34433      0.07007      0.01372
      0.00000    -80.00000     -0.30473      0.13220      0.00790
      5.00000    -80.00000     -0.30967      0.13528      0.01225
     10.00000    -80.00000     -0.31485      0.13712      0.01697
     15.00000    -80.00000     -0.32028      0.13777      0.02176
     20.00000    -80.00000     -0.32595      0.13733      0.02634
     25.00000    -80.00000     -0.33179      0.13598      0.03050
     30.00000    -80.00000     -0.33765      0.13394      0.03408
     35.00000    -80.00000     -0.34338      0.13141      0.03697
     40.00000    -80.00000     -0.34878      0.12863      0.03912
     45.00000    -80.00000     -0.35368      0.12579      0.04051
     50.00000    -80.00000     -0.35788      0.12307      0.04118
     55.00000    -80.00000     -0.36122      0.12059      0.04115
     60.00000    -80.00000     -0.36358      0.11847      0.04049
     65.00000    -80.00000     -0.36487      0.11679      0.03926
     70.00000    -80.00000     -0.36502      0.11560      0.03753
     75.00000    -80.00000     -0.36403      0.11493      0.03538
     80.00000    -80.00000     -0.36193      0.11480      0.03289
     85.00000    -80.00000     -0.35878      0.11520      0.03016
     90.00000    -80.00000     -0.35468      0.11610      0.02731
     95.00000    -80.00000     -0.34978      0.11746      0.02446
    100.00000    -80.00000     -0.34426      0.11918      0.02173
    105.00000    -80.00000     -0.33834      0.12117      0.01926
    110.00000    -80.00000     -0.33229      0.12327      0.01714
    115.00000    -80.00000     -0.32640      0.12534      0.01546
    120.00000    -80.00000     -0.32096      0.12720      0.01424
    125.00000    -80.00000     -0.31628      0.12871      0.01349
    130.00000    -80.00000     -0.31265      0.12975      0.01313
    135.00000    -80.00000     -0.31028      0.13022      0.01307
    140.00000    -80.00000     -0.30935      0.13011      0.01317
    145.00000    -80.00000     -0.30992      0.12947      0.01328
    150.00000    -80.00000     -0.31194      0.12837      0.01328
    155.00000    -80.00000     -0.31527      0.12699      0.01303
    160.00000    -80.00000     -0.31967      0.12548      0.01246
    165.00000    -80.00000     -0.32480      0.12404      0.01154
    170.00000    -80.00000     -0.33026      0.12287      0.01027
    175.00000    -80.00000     -0.33566      0.12212      0.00872
    180.00000    -80.00000     -0.34058      0.12193      0.00695
    185.00000    -80.00000     -0.34466      0.12238      0.00508
    190.00000    -80.00000     -0.34761      0.12352      0.00324
    195.00000    -80.00000     -0.34921      0.12535      0.00154
    200.00000    -80.00000     -0.34934      0.12784      0.00014
    205.00000    -80.00000     -0.34796      0.13093     -0.00085
    210.00000    -80.00000     -0.34509      0.13453     -0.00129
    215.00000    -80.00000     -0.34083      0.13850     -0.00103
    220.00000    -80.00000     -0.33531      0.14267      0.00003
    225.00000    -80.00000     -0.32869      0.14684      0.00200
    230.00000    -80.00000     -0.32115      0.15075      0.00495
    235.00000    -80.00000     -0.31288      0.15413      0.00890
    240.00000    -80.00000     -0.30408      0.15668      0.01378
    245.00000    -80.00000     -0.29498      0.15810      0.01947
    250.00000    -80.00000     -0.28583      0.15814      0.02572
    255.00000    -80.00000     -0.27687      0.15658      0.03222
    260.00000    -80.00000     -0.26839      0.15334      0.03859
    265.00000    -80.00000     -0.26066      0.14845      0.04439
    270.00000    -80.00000     -0.25396      0.14205      0.04921
    275.00000    -80.00000     -0.24854      0.13447      0.05264
    280.00000    -80.00000     -0.24457      0.12610      0.05440
    285.00000    -80.00000     -0.24219      0.11748      0.05431
    290.00000    -80.00000     -0.24144      0.10915      0.05232
    295.00000    -80.00000     -0.24228      0.10166      0.04855
    300.00000    -80.00000     -0.24456      0.09552      0.04327
    305.00000    -80.00000     -0.24808      0.09110      0.03688
    310.00000    -80.00000     -0.25257      0.08866      0.02983
    315.00000    -80.00000     -0.25775      0.08829      0.02267
    320.00000    -80.00000     -0.26334      0.08992      0.01588
    325.00000    -80.00000     -0.26906      0.09332      0.00993
    330.00000    -80.00000     -0.27473      0.09815      0.00520
    335.00000    -80.00000     -0.28020      0.10397      0.00193
    340.00000    -80.00000     -0.28542      0.11031      0.00025
    345.00000    -80.00000     -0.29040      0.11669      0.00017
    350.00000    -80.00000     -0.29521      0.12270      0.00156
    355.00000    -80.00000     -0.29994      0.12796      0.00423
    360.00000    -80.00000     -0.30473      0.13220      0.00790
      0.00000    -75.00000     -0.25456      0.17177     -0.00612
      5.00000    -75.00000     -0.25843      0.17473      0.00030
     10.00000    -75.00000     -0.26385      0.17540      0.00671
     15.00000    -75.00000     -0.27102      0.17414      0.01269
     20.00000    -75.00000     -0.27989      0.17140      0.01795
     25.00000    -75.00000     -0.29016      0.16771      0.02232
     30.00000    -75.00000     -0.30133      0.16361      0.02575
     35.00000    -75.00000     -0.31279      0.15958      0.02830
     40.00000    -75.00000     -0.32390      0.15599      0.03012
     45.00000    -75.00000     -0.33405      0.15310      0.03136
     50.00000    -75.00000     -0.34273      0.15104      0.03220
     55.00000    -75.00000     -0.34957      0.14982      0.03275
     60.00000    -75.00000     -0.35435      0.14938      0.03306
     65.00000    -75.00000     -0.35697      0.14960      0.03311
     70.00000    -75.00000     -0.35742      0.15036      0.03279
     75.00000    -75.00000     -0.35576      0.15157      0.03198
     80.00000    -75.00000     -0.35206      0.15320      0.03055
     85.00000    -75.00000     -0.34641      0.15525      0.02841
     90.00000    -75.00000     -0.33887      0.15778      0.02558
     95.00000    -75.00000     -0.32954      0.16079      0.02220
    100.00000    -75.00000     -0.31857      0.16425      0.01850
    105.00000    -75.00000     -0.30620      0.16805      0.01481
    110.00000    -75.00000     -0.29284      0.17194      0.01148
    115.00000    -75.00000     -0.27908      0.17558      0.00885
    120.00000    -75.00000     -0.26566      0.17858      0.00716
    125.00000    -75.00000     -0.25349      0.18050      0.00650
    130.00000    -75.00000     -0.24353      0.18100      0.00682
    135.00000    -75.00000     -0.23669      0.17984      0.00790
    140.00000    -75.00000     -0.23373      0.17697      0.00940
    145.00000    -75.00000     -0.23512      0.17254      0.01092
    150.00000    -75.00000     -0.24094      0.16692      0.01208
    155.00000    -75.00000     -0.25085      0.16061      0.01258
    160.00000    -75.00000     -0.26412      0.15419      0.01222
    165.00000    -75.00000     -0.27963      0.14825      0.01097
    170.00000    -75.00000     -0.29607      0.14328      0.00892
    175.00000    -75.00000     -0.31204      0.13963      0.00626
    180.00000    -75.00000     -0.32624      0.13750      0.00320
    185.00000    -75.00000     -0.33762      0.13690     -0.00005
    190.00000    -75.00000     -0.34544      0.13775     -0.00331
    195.00000    -75.00000     -0.34938      0.13988     -0.00650
    200.00000    -75.00000     -0.34948      0.14314     -0.00956
    205.00000    -75.00000     -0.34607      0.14741     -0.01247
    210.00000    -75.00000     -0.33968      0.15263     -0.01515
    215.00000    -75.00000     -0.33090      0.15876     -0.01745
    220.00000    -75.00000     -0.32028      0.16576     -0.01911
    225.00000    -75.00000     -0.30825      0.17354     -0.01975
    230.00000    -75.00000     -0.29509      0.18182     -0.01897
    235.00000    -75.00000     -0.28094      0.19018     -0.01633
    240.00000    -75.00000     -0.26586      0.19802     -0.01155
    245.00000    -75.00000     -0.24992      0.20457     -0.00449
    250.00000    -75.00000     -0.23330      0.20901      0.00468
    255.00000    -75.00000     -0.21631      0.21057      0.01552
    260.00000    -75.00000     -0.19950      0.20863      0.02729
    265.00000    -75.00000     -0.18358      0.20288      0.03904
    270.00000    -75.00000     -0.16938      0.19339      0.04970
    275.00000    -75.00000     -0.15779      0.18061      0.05824
    280.00000    -75.00000     -0.14959      0.16539      0.06376
    285.00000    -75.00000     -0.14537      0.14892      0.06567
    290.00000    -75.00000     -0.14540      0.13252      0.06372
    295.00000    -75.00000     -0.14960      0.11758      0.05809
    300.00000    -75.00000     -0.15751      0.10533      0.04932
    305.00000    -75.00000     -0.16832      0.09673      0.03826
    310.00000    -75.00000     -0.18103      0.09236      0.02597
    315.00000    -75.00000     -0.19449      0.09237      0.01355
    320.00000    -75.00000     -0.20760      0.09647      0.00207
    325.00000    -75.00000     -0.21945      0.10402     -0.00761
    330.00000    -75.00000     -0.22939      0.11410     -0.01484
    335.00000    -75.00000     -0.23714      0.12563     -0.01931
    340.00000    -75.00000     -0.24274      0.13754     -0.02096
    345.00000    -75.00000     -0.24661      0.14880     -0.02001
    350.00000    -75.00000     -0.24936      0.15861     -0.01686
    355.00000    -75.00000     -0.25175      0.16638     -0.01203
    360.00000    -75.00000     -0.25456      0.17177     -0.00612
      0.00000    -70.00000     -0.20543      0.19133     -0.02369
      5.00000    -70.00000     -0.20464      0.19145     -0.01912
     10.00000    -70.00000     -0.20864      0.18847     -0.01523
     15.00000    -70.00000     -0.21777      0.18323     -0.01227
     20.00000    -70.00000     -0.23161      0.17670     -0.01031
     25.00000    -70.00000     -0.24909      0.16988     -0.00931
     30.00000    -70.00000     -0.26869      0.16370     -0.00903
     35.00000    -70.00000     -0.28871      0.15893     -0.00913
     40.00000    -70.00000     -0.30754      0.15609     -0.00917
     45.00000    -70.00000     -0.32384      0.15537     -0.00868
     50.00000    -70.00000     -0.33671      0.15667     -0.00725
     55.00000    -70.00000     -0.34576      0.15960     -0.00466
     60.00000    -70.00000     -0.35108      0.16359     -0.00090
     65.00000    -70.00000     -0.35311      0.16800      0.00374
     70.00000    -70.00000     -0.35247      0.17229      0.00871
     75.00000    -70.00000     -0.34980      0.17609      0.01327
     80.00000    -70.00000     -0.34553      0.17933      0.01664
     85.00000    -70.00000     -0.33978      0.18218      0.01815
     90.00000    -70.00000     -0.33236      0.18499      0.01740
     95.00000    -70.00000     -0.32278      0.18819      0.01434
    100.00000    -70.00000     -0.31044      0.19211      0.00934
    105.00000    -70.00000     -0.29486      0.19685      0.00311
    110.00000    -70.00000     -0.27590      0.20217     -0.00340
    115.00000    -70.00000     -0.25402      0.20749     -0.00922
    120.00000    -70.00000     -0.23032      0.21195     -0.01351
    125.00000    -70.00000     -0.20664      0.21455     -0.01574
    130.00000    -70.00000     -0.18529      0.21440     -0.01582
    135.00000    -70.00000     -0.16880      0.21085     -0.01406
    140.00000    -70.00000     -0.15955      0.20375     -0.01116
    145.00000    -70.00000     -0.15929      0.19345     -0.00797
    150.00000    -70.00000     -0.16880      0.18084     -0.00536
    155.00000    -70.00000     -0.18769      0.16720     -0.00401
    160.00000    -70.00000     -0.21433      0.15399     -0.00423
    165.00000    -70.00000     -0.24601      0.14259     -0.00600
    170.00000    -70.00000     -0.27936      0.13402     -0.00891
    175.00000    -70.00000     -0.31083      0.12886     -0.01238
    180.00000    -70.00000     -0.33718      0.12708     -0.01581
    185.00000    -70.00000     -0.35603      0.12821     -0.01873
    190.00000    -70.00000     -0.36612      0.13144     -0.02100
    195.00000    -70.00000     -0.36745      0.13588     -0.02281
    200.00000    -70.00000     -0.36111      0.14084     -0.02458
    205.00000    -70.00000     -0.34902      0.14593     -0.02687
    210.00000    -70.00000     -0.33344      0.15121     -0.03016
    215.00000    -70.00000     -0.31650      0.15711     -0.03462
    220.00000    -70.00000     -0.29980      0.16426     -0.04001
    225.00000    -70.00000     -0.28416      0.17325     -0.04560
    230.00000    -70.00000     -0.26954      0.18440     -0.05030
    235.00000    -70.00000     -0.25519      0.19752     -0.05284
    240.00000    -70.00000     -0.23992      0.21184     -0.05200
    245.00000    -70.00000     -0.22250      0.22602     -0.04688
    250.00000    -70.00000     -0.20207      0.23833     -0.03718
    255.00000    -70.00000     -0.17841      0.24687     -0.02325
    260.00000    -70.00000     -0.15216      0.24997     -0.00618
    265.00000    -70.00000     -0.12480      0.24645      0.01239
    270.00000    -70.00000     -0.09847      0.23587      0.03046
    275.00000    -70.00000     -0.07568      0.21870      0.04601
    280.00000    -70.00000     -0.05887      0.19630      0.05724
    285.00000    -70.00000     -0.05003      0.17076      0.06292
    290.00000    -70.00000     -0.05030      0.14461      0.06252
    295.00000    -70.00000     -0.05978      0.12050      0.05631
    300.00000    -70.00000     -0.07747      0.10081      0.04524
    305.00000    -70.00000     -0.10136      0.08735      0.03084
    310.00000    -70.00000     -0.12873      0.08110      0.01487
    315.00000    -70.00000     -0.15656      0.08218     -0.00087
    320.00000    -70.00000     -0.18195      0.08984     -0.01482
    325.00000    -70.00000     -0.20254      0.10267     -0.02589
    330.00000    -70.00000     -0.21683      0.11882     -0.03348
    335.00000    -70.00000     -0.22435      0.13630     -0.03751
    340.00000    -70.00000     -0.22569      0.15324     -0.03834
    345.00000    -70.00000     -0.22230      0.16808     -0.03660
    350.00000    -70.00000     -0.21626      0.17971     -0.03306
    355.00000    -70.00000     -0.20990      0.18751     -0.02852
    360.00000    -70.00000     -0.20543      0.19133     -0.02369
      0.00000    -65.00000     -0.16582      0.20314     -0.04139
      5.00000    -65.00000     -0.15966      0.19876     -0.04429
     10.00000    -65.00000     -0.16380      0.19110     -0.04782
     15.00000    -65.00000     -0.17827      0.18140     -0.05172
     20.00000    -65.00000     -0.20153      0.17104     -0.05580
     25.00000    -65.00000     -0.23084      0.16139     -0.05991
     30.00000    -65.00000     -0.26277      0.15375     -0.06386
     35.00000    -65.00000     -0.29374      0.14921     -0.06728
     40.00000    -65.00000     -0.32059      0.14847     -0.06957
     45.00000    -65.00000     -0.34105      0.15166     -0.07000
     50.00000    -65.00000     -0.35396      0.15836     -0.06778
     55.00000    -65.00000     -0.35943      0.16755     -0.06233
     60.00000    -65.00000     -0.35868      0.17784     -0.05352
     65.00000    -65.00000     -0.35373      0.18773     -0.04181
     70.00000    -65.00000     -0.34695      0.19591     -0.02830
     75.00000    -65.00000     -0.34051      0.20160     -0.01463
     80.00000    -65.00000     -0.33593      0.20465     -0.00267
     85.00000    -65.00000     -0.33367      0.20562      0.00583
     90.00000    -65.00000     -0.33300      0.20561      0.00956
     95.00000    -65.00000     -0.33208      0.20591      0.00800
    100.00000    -65.00000     -0.32835      0.20772      0.00153
    105.00000    -65.00000     -0.31914      0.21170     -0.00862
    110.00000    -65.00000     -0.30233      0.21780     -0.02061
    115.00000    -65.00000     -0.27704      0.22514     -0.03232
    120.00000    -65.00000     -0.24410      0.23210     -0.04183
    125.00000    -65.00000     -0.20628      0.23669     -0.04775
    130.00000    -65.00000     -0.16796      0.23694     -0.04956
    135.00000    -65.00000     -0.13462      0.23139     -0.04764
    140.00000    -65.00000     -0.11185      0.21951     -0.04317
    145.00000    -65.00000     -0.10430      0.20190     -0.03783
    150.00000    -65.00000     -0.11468      0.18030     -0.03332
    155.00000    -65.00000     -0.14304      0.15732     -0.03099
    160.00000    -65.00000     -0.18657      0.13596     -0.03146
    165.00000    -65.00000     -0.23992      0.11900     -0.03453
    170.00000    -65.00000     -0.29602      0.10841     -0.03920
    175.00000    -65.00000     -0.34729      0.10500     -0.04404
    180.00000    -65.00000     -0.38703      0.10822     -0.04762
    185.00000    -65.00000     -0.41054      0.11637     -0.04894
    190.00000    -65.00000     -0.41598      0.12703     -0.04775
    195.00000    -65.00000     -0.40451      0.13768     -0.04473
    200.00000    -65.00000     -0.37995      0.14632     -0.04126
    205.00000    -65.00000     -0.34788      0.15194     -0.03910
    210.00000    -65.00000     -0.31435      0.15477     -0.03988
    215.00000    -65.00000     -0.28471      0.15616     -0.04461
    220.00000    -65.00000     -0.26251      0.15815     -0.05331
    225.00000    -65.00000     -0.24892      0.16299     -0.06488
    230.00000    -65.00000     -0.24266      0.17240     -0.07729
    235.00000    -65.00000     -0.24044      0.18714     -0.08794
    240.00000    -65.00000     -0.23785      0.20665     -0.09421
    245.00000    -65.00000     -0.23037      0.22904     -0.09399
    250.00000    -65.00000     -0.21444      0.25140     -0.08620
    255.00000    -65.00000     -0.18831      0.27026     -0.07099
    260.00000    -65.00000     -0.15245      0.28224     -0.04979
    265.00000    -65.00000     -0.10960      0.28470     -0.02509
    270.00000    -65.00000     -0.06432      0.27625      0.00004
    275.00000    -65.00000     -0.02225      0.25707      0.02240
    280.00000    -65.00000      0.01091      0.22893      0.03929
    285.00000    -65.00000      0.03034      0.19497      0.04886
    290.00000    -65.00000      0.03302      0.15921      0.05048
    295.00000    -65.00000      0.01824      0.12592      0.04470
    300.00000    -65.00000     -0.01224      0.09895      0.03316
    305.00000    -65.00000     -0.05442      0.08111      0.01814
    310.00000    -65.00000     -0.10274      0.07384      0.00216
    315.00000    -65.00000     -0.15094      0.07701     -0.01253
    320.00000    -65.00000     -0.19310      0.08912     -0.02432
    325.00000    -65.00000     -0.22454      0.10765     -0.03245
    330.00000    -65.00000     -0.24252      0.12954     -0.03702
    335.00000    -65.00000     -0.24656      0.15174     -0.03880
    340.00000    -65.00000     -0.23838      0.17168     -0.03890
    345.00000    -65.00000     -0.22152      0.18746     -0.03849
    350.00000    -65.00000     -0.20061      0.19805     -0.03849
    355.00000    -65.00000     -0.18056      0.20317     -0.03941
    360.00000    -65.00000     -0.16582      0.20314     -0.04139
      0.00000    -60.00000     -0.14002      0.22201     -0.06101
      5.00000    -60.00000     -0.13295      0.21410     -0.07622
     10.00000    -60.00000     -0.14293      0.20363     -0.08972
     15.00000    -60.00000     -0.16883      0.19174     -0.10059
     20.00000    -60.00000     -0.20715      0.17968     -0.10880
     25.00000    -60.00000     -0.25265      0.16884     -0.11494
     30.00000    -60.00000     -0.29933      0.16079     -0.11984
     35.00000    -60.00000     -0.34133      0.15699     -0.12401
     40.00000    -60.00000     -0.37377      0.15857     -0.12729
     45.00000    -60.00000     -0.39348      0.16587     -0.12877
     50.00000    -60.00000     -0.39936      0.17824     -0.12704
     55.00000    -60.00000     -0.39258      0.19400     -0.12060
     60.00000    -60.00000     -0.37630      0.21074     -0.10852
     65.00000    -60.00000     -0.35513      0.22575     -0.09087
     70.00000    -60.00000     -0.33434      0.23670     -0.06898
     75.00000    -60.00000     -0.31881      0.24216     -0.04530
     80.00000    -60.00000     -0.31212      0.24198     -0.02301
     85.00000    -60.00000     -0.31565      0.23735     -0.00536
     90.00000    -60.00000     -0.32822      0.23049      0.00498
     95.00000    -60.00000     -0.34609      0.22413      0.00658
    100.00000    -60.00000     -0.36357      0.22078     -0.00048
    105.00000    -60.00000     -0.37414      0.22212     -0.01457
    110.00000    -60.00000     -0.37177      0.22845     -0.03284
    115.00000    -60.00000     -0.35248      0.23856     -0.05178
    120.00000    -60.00000     -0.31549      0.24983     -0.06798
    125.00000    -60.00000     -0.26388      0.25879     -0.07880
    130.00000    -60.00000     -0.20448      0.26187     -0.08296
    135.00000    -60.00000     -0.14688      0.25623     -0.08078
    140.00000    -60.00000     -0.10176      0.24058     -0.07403
    145.00000    -60.00000     -0.07874      0.21563     -0.06548
    150.00000    -60.00000     -0.08426      0.18418     -0.05815
    155.00000    -60.00000     -0.11996      0.15068     -0.05448
    160.00000    -60.00000     -0.18194      0.12034     -0.05571
    165.00000    -60.00000     -0.26118      0.09807     -0.06148
    170.00000    -60.00000     -0.34514      0.08732     -0.06996
    175.00000    -60.00000     -0.42006      0.08930     -0.07841
    180.00000    -60.00000     -0.47378      0.10264     -0.08399
    185.00000    -60.00000     -0.49809      0.12372     -0.08462
    190.00000    -60.00000     -0.49043      0.14753     -0.07972
    195.00000    -60.00000     -0.45423      0.16889     -0.07043
    200.00000    -60.00000     -0.39806      0.18365     -0.05939
    205.00000    -60.00000     -0.33364      0.18971     -0.05002
    210.00000    -60.00000     -0.27331      0.18747     -0.04563
    215.00000    -60.00000     -0.22740      0.17958     -0.04842
    220.00000    -60.00000     -0.20221      0.17032     -0.05883
    225.00000    -60.00000     -0.19890      0.16441     -0.07536
    230.00000    -60.00000     -0.21358      0.16588     -0.09485
    235.00000    -60.00000     -0.23839      0.17710     -0.11316
    240.00000    -60.00000     -0.26334      0.19817     -0.12612
    245.00000    -60.00000     -0.27851      0.22687     -0.13044
    250.00000    -60.00000     -0.27608      0.25906     -0.12441
    255.00000    -60.00000     -0.25187      0.28949     -0.10821
    260.00000    -60.00000     -0.20615      0.31279     -0.08387
    265.00000    -60.00000     -0.14351      0.32446     -0.05479
    270.00000    -60.00000     -0.07210      0.32174     -0.02509
    275.00000    -60.00000     -0.00211      0.30414      0.00117
    280.00000    -60.00000      0.05597      0.27356      0.02075
    285.00000    -60.00000      0.09320      0.23403      0.03176
    290.00000    -60.00000      0.10374      0.19102      0.03392
    295.00000    -60.00000      0.08584      0.15049      0.02856
    300.00000    -60.00000      0.04218      0.11784      0.01817
    305.00000    -60.00000     -0.02061      0.09701      0.00588
    310.00000    -60.00000     -0.09314      0.08981     -0.00536
    315.00000    -60.00000     -0.16484      0.09575     -0.01340
    320.00000    -60.00000     -0.22581      0.11231     -0.01735
    325.00000    -60.00000     -0.26849      0.13562     -0.01775
    330.00000    -60.00000     -0.28881      0.16134     -0.01629
    335.00000    -60.00000     -0.28670      0.18547     -0.01523
    340.00000    -60.00000     -0.26585      0.20507     -0.01676
    345.00000    -60.00000     -0.23280      0.21849     -0.02233
    350.00000    -60.00000     -0.19562      0.22534     -0.03226
    355.00000    -60.00000     -0.16242      0.22617     -0.04571
    360.00000    -60.00000     -0.14002      0.22201     -0.06101
      0.00000    -55.00000     -0.13063      0.25753     -0.09049
      5.00000    -55.00000     -0.13203      0.25030     -0.11955
     10.00000    -55.00000     -0.15584      0.24214     -0.14065
     15.00000    -55.00000     -0.19888      0.23315     -0.15261
     20.00000    -55.00000     -0.25513      0.22358     -0.15665
     25.00000    -55.00000     -0.31691      0.21428     -0.15573
     30.00000    -55.00000     -0.37602      0.20688     -0.15339
     35.00000    -55.00000     -0.42493      0.20352     -0.15245
     40.00000    -55.00000     -0.45768      0.20617     -0.15405
     45.00000    -55.00000     -0.47067      0.21590     -0.15726
     50.00000    -55.00000     -0.46316      0.23221     -0.15952
     55.00000    -55.00000     -0.43747      0.25290     -0.15750
     60.00000    -55.00000     -0.39876      0.27442     -0.14836
     65.00000    -55.00000     -0.35442      0.29266     -0.13076
     70.00000    -55.00000     -0.31295      0.30404     -0.10543
     75.00000    -55.00000     -0.28258      0.30642     -0.07522
     80.00000    -55.00000     -0.26972      0.29972     -0.04443
     85.00000    -55.00000     -0.27756      0.28598     -0.01791
     90.00000    -55.00000     -0.30514      0.26887      0.00011
     95.00000    -55.00000     -0.34710      0.25286      0.00686
    100.00000    -55.00000     -0.39439      0.24212      0.00172
    105.00000    -55.00000     -0.43570      0.23950     -0.01372
    110.00000    -55.00000     -0.45970      0.24583     -0.03594
    115.00000    -55.00000     -0.45750      0.25955     -0.06026
    120.00000    -55.00000     -0.42493      0.27698     -0.08180
    125.00000    -55.00000     -0.36407      0.29295     -0.09655
    130.00000    -55.00000     -0.28354      0.30192     -0.10221
    135.00000    -55.00000     -0.19743      0.29925     -0.09878
    140.00000    -55.00000     -0.12275      0.28244     -0.08852
    145.00000    -55.00000     -0.07594      0.25198     -0.07540
    150.00000    -55.00000     -0.06920      0.21160     -0.06407
    155.00000    -55.00000     -0.10734      0.16772     -0.05855
    160.00000    -55.00000     -0.18613      0.12824     -0.06107
    165.00000    -55.00000     -0.29263      0.10072     -0.07141
    170.00000    -55.00000     -0.40751      0.09064     -0.08684
    175.00000    -55.00000     -0.50905      0.09992     -0.10295
    180.00000    -55.00000     -0.57781      0.12636     -0.11491
    185.00000    -55.00000     -0.60090      0.16404     -0.11900
    190.00000    -55.00000     -0.57481      0.20470     -0.11379
    195.00000    -55.00000     -0.50613      0.23976     -0.10066
    200.00000    -55.00000     -0.40986      0.26234     -0.08346
    205.00000    -55.00000     -0.30596      0.26890     -0.06742
    210.00000    -55.00000     -0.21479      0.25996     -0.05760
    215.00000    -55.00000     -0.15272      0.23979     -0.05743
    220.00000    -55.00000     -0.12883      0.21522     -0.06769
    225.00000    -55.00000     -0.14340      0.19392     -0.08625
    230.00000    -55.00000     -0.18842      0.18257     -0.10872
    235.00000    -55.00000     -0.24972      0.18541     -0.12954
    240.00000    -55.00000     -0.31033      0.20346     -0.14343
    245.00000    -55.00000     -0.35397      0.23444     -0.14663
    250.00000    -55.00000     -0.36823      0.27332     -0.13769
    255.00000    -55.00000     -0.34670      0.31344     -0.11764
    260.00000    -55.00000     -0.28987      0.34771     -0.08959
    265.00000    -55.00000     -0.20480      0.36994     -0.05798
    270.00000    -55.00000     -0.10370      0.37590     -0.02756
    275.00000    -55.00000     -0.00172      0.36405     -0.00248
    280.00000    -55.00000      0.08558      0.33588      0.01448
    285.00000    -55.00000      0.14488      0.29568      0.02232
    290.00000    -55.00000      0.16732      0.24984      0.02198
    295.00000    -55.00000      0.14997      0.20563      0.01597
    300.00000    -55.00000      0.09634      0.16988      0.00783
    305.00000    -55.00000      0.01574      0.14757      0.00122
    310.00000    -55.00000     -0.07844      0.14093     -0.00101
    315.00000    -55.00000     -0.17115      0.14910      0.00237
    320.00000    -55.00000     -0.24850      0.16852      0.01054
    325.00000    -55.00000     -0.30020      0.19397      0.02068
    330.00000    -55.00000     -0.32132      0.21995      0.02872
    335.00000    -55.00000     -0.31282      0.24190      0.03037
    340.00000    -55.00000     -0.28101      0.25712      0.02245
    345.00000    -55.00000     -0.23588      0.26495      0.00390
    350.00000    -55.00000     -0.18897      0.26640     -0.02381
    355.00000    -55.00000     -0.15113      0.26331     -0.05694
    360.00000    -55.00000     -0.13063      0.25753     -0.09049
      0.00000    -50.00000     -0.14195      0.30991     -0.14085
      5.00000    -50.00000     -0.16311      0.31014     -0.18053
     10.00000    -50.00000     -0.20710      0.31175     -0.20149
     15.00000    -50.00000     -0.26805      0.31251     -0.20319
     20.00000    -50.00000     -0.33797      0.31063     -0.18981
     25.00000    -50.00000     -0.40810      0.30581     -0.16874
     30.00000    -50.00000     -0.47010      0.29972     -0.14825
     35.00000    -50.00000     -0.51680      0.29558     -0.13497
     40.00000    -50.00000     -0.54281      0.29690     -0.13203
     45.00000    -50.00000     -0.54498      0.30611     -0.13843
     50.00000    -50.00000     -0.52291      0.32334     -0.14969
     55.00000    -50.00000     -0.47930      0.34604     -0.15958
     60.00000    -50.00000     -0.42006      0.36951     -0.16217
     65.00000    -50.00000     -0.35392      0.38816     -0.15365
     70.00000    -50.00000     -0.29150      0.39715     -0.13337
     75.00000    -50.00000     -0.24374      0.39373     -0.10388
     80.00000    -50.00000     -0.21994      0.37810     -0.07012
     85.00000    -50.00000     -0.22582      0.35337     -0.03808
     90.00000    -50.00000     -0.26193      0.32480     -0.01337
     95.00000    -50.00000     -0.32282      0.29852      0.00001
    100.00000    -50.00000     -0.39745      0.28017      0.00044
    105.00000    -50.00000     -0.47066      0.27359     -0.01111
    110.00000    -50.00000     -0.52591      0.27998     -0.03131
    115.00000    -50.00000     -0.54866      0.29758     -0.05517
    120.00000    -50.00000     -0.52980      0.32181     -0.07706
    125.00000    -50.00000     -0.46843      0.34611     -0.09193
    130.00000    -50.00000     -0.37314      0.36317     -0.09647
    135.00000    -50.00000     -0.26118      0.36651     -0.09005
    140.00000    -50.00000     -0.15553      0.35209     -0.07503
    145.00000    -50.00000     -0.08015      0.31965     -0.05633
    150.00000    -50.00000     -0.05441      0.27328     -0.04022
    155.00000    -50.00000     -0.08807      0.22097     -0.03258
    160.00000    -50.00000     -0.17812      0.17308     -0.03715
    165.00000    -50.00000     -0.30856      0.14001     -0.05421
    170.00000    -50.00000     -0.45343      0.12958     -0.08036
    175.00000    -50.00000     -0.58245      0.14484     -0.10937
    180.00000    -50.00000     -0.66803      0.18309     -0.13406
    185.00000    -50.00000     -0.69186      0.23627     -0.14845
    190.00000    -50.00000     -0.64929      0.29296     -0.14972
    195.00000    -50.00000     -0.55028      0.34114     -0.13902
    200.00000    -50.00000     -0.41691      0.37120     -0.12112
    205.00000    -50.00000     -0.27782      0.37822     -0.10279
    210.00000    -50.00000     -0.16143      0.36291     -0.09057
    215.00000    -50.00000     -0.08943      0.33112     -0.08870
    220.00000    -50.00000     -0.07235      0.29206     -0.09776
    225.00000    -50.00000     -0.10804      0.25587     -0.11463
    230.00000    -50.00000     -0.18312      0.23132     -0.13353
    235.00000    -50.00000     -0.27677      0.22399     -0.14788
    240.00000    -50.00000     -0.36565      0.23555     -0.15223
    245.00000    -50.00000     -0.42878      0.26386     -0.14376
    250.00000    -50.00000     -0.45127      0.30372     -0.12283
    255.00000    -50.00000     -0.42644      0.34813     -0.09263
    260.00000    -50.00000     -0.35628      0.38949     -0.05817
    265.00000    -50.00000     -0.25043      0.42082     -0.02490
    270.00000    -50.00000     -0.12423      0.43681      0.00249
    275.00000    -50.00000      0.00391      0.43463      0.02101
    280.00000    -50.00000      0.11534      0.41455      0.02973
    285.00000    -50.00000      0.19399      0.38002      0.02980
    290.00000    -50.00000      0.22897      0.33719      0.02409
    295.00000    -50.00000      0.21631      0.29384      0.01658
    300.00000    -50.00000      0.15980      0.25772      0.01153
    305.00000    -50.00000      0.07041      0.23480      0.01256
    310.00000    -50.00000     -0.03572      0.22789      0.02156
    315.00000    -50.00000     -0.14036      0.23601      0.03802
    320.00000    -50.00000     -0.22679      0.25484      0.05862
    325.00000    -50.00000     -0.28311      0.27810      0.07771
    330.00000    -50.00000     -0.30439      0.29949      0.08847
    335.00000    -50.00000     -0.29326      0.31443      0.08472
    340.00000    -50.00000     -0.25877      0.32120      0.06281
    345.00000    -50.00000     -0.21386      0.32096      0.02305
    350.00000    -50.00000     -0.17233      0.31683     -0.02986
    355.00000    -50.00000     -0.14585      0.31232     -0.08773
    360.00000    -50.00000     -0.14195      0.30991     -0.14085
      0.00000    -45.00000     -0.18124      0.37174     -0.22013
      5.00000    -45.00000     -0.23074      0.38723     -0.26305
     10.00000    -45.00000     -0.29539      0.40651     -0.27295
     15.00000    -45.00000     -0.36687      0.42376     -0.25134
     20.00000    -45.00000     -0.43696      0.43417     -0.20713
     25.00000    -45.00000     -0.49883      0.43592     -0.15400
     30.00000    -45.00000     -0.54745      0.43093     -0.10641
     35.00000    -45.00000     -0.57927      0.42409     -0.07556
     40.00000    -45.00000     -0.59177      0.42126     -0.06664
     45.00000    -45.00000     -0.58325      0.42684     -0.07800
     50.00000    -45.00000     -0.55316      0.44191     -0.10242
     55.00000    -45.00000     -0.50290      0.46362     -0.12993
     60.00000    -45.00000     -0.43657      0.48608     -0.15096
     65.00000    -45.00000     -0.36138      0.50222     -0.15894
     70.00000    -45.00000     -0.28735      0.50615     -0.15163
     75.00000    -45.00000     -0.22602      0.49498     -0.13099
     80.00000    -45.00000     -0.18849      0.46963     -0.10197
     85.00000    -45.00000     -0.18310      0.43455     -0.07079
     90.00000    -45.00000     -0.21325      0.39644     -0.04332
     95.00000    -45.00000     -0.27585      0.36256     -0.02396
    100.00000    -45.00000     -0.36096      0.33918     -0.01498
    105.00000    -45.00000     -0.45272      0.33032     -0.01643
    110.00000    -45.00000     -0.53187      0.33709     -0.02622
    115.00000    -45.00000     -0.57936      0.35753     -0.04056
    120.00000    -45.00000     -0.58076      0.38683     -0.05454
    125.00000    -45.00000     -0.53025      0.41796     -0.06311
    130.00000    -45.00000     -0.43337      0.44280     -0.06238
    135.00000    -45.00000     -0.30733      0.45358     -0.05086
    140.00000    -45.00000     -0.17845      0.44479     -0.03040
    145.00000    -45.00000     -0.07675      0.41484     -0.00617
    150.00000    -45.00000     -0.02883      0.36718      0.01435
    155.00000    -45.00000     -0.05072      0.31026      0.02344
    160.00000    -45.00000     -0.14279      0.25602      0.01557
    165.00000    -45.00000     -0.28831      0.21714     -0.01056
    170.00000    -45.00000     -0.45662      0.20372     -0.05123
    175.00000    -45.00000     -0.61024      0.22030     -0.09854
    180.00000    -45.00000     -0.71416      0.26429     -0.14270
    185.00000    -45.00000     -0.74485      0.32634     -0.17508
    190.00000    -45.00000     -0.69632      0.39268     -0.19091
    195.00000    -45.00000     -0.58145      0.44878     -0.19068
    200.00000    -45.00000     -0.42834      0.48312     -0.17966
    205.00000    -45.00000     -0.27266      0.49004     -0.16576
    210.00000    -45.00000     -0.14839      0.47076     -0.15652
    215.00000    -45.00000     -0.07957      0.43244     -0.15628
    220.00000    -45.00000     -0.07521      0.38581     -0.16469
    225.00000    -45.00000     -0.12856      0.34208     -0.17696
    230.00000    -45.00000     -0.22031      0.31037     -0.18571
    235.00000    -45.00000     -0.32446      0.29609     -0.18373
    240.00000    -45.00000     -0.41488      0.30062     -0.16656
    245.00000    -45.00000     -0.47071      0.32191     -0.13396
    250.00000    -45.00000     -0.47961      0.35561     -0.08997
    255.00000    -45.00000     -0.43858      0.39612     -0.04152
    260.00000    -45.00000     -0.35295      0.43737      0.00370
    265.00000    -45.00000     -0.23428      0.47332      0.03932
    270.00000    -45.00000     -0.09809      0.49856      0.06171
    275.00000    -45.00000      0.03827      0.50893      0.07048
    280.00000    -45.00000      0.15759      0.50252      0.06804
    285.00000    -45.00000      0.24477      0.48042      0.05871
    290.00000    -45.00000      0.28890      0.44698      0.04766
    295.00000    -45.00000      0.28521      0.40918      0.03994
    300.00000    -45.00000      0.23638      0.37501      0.03965
    305.00000    -45.00000      0.15260      0.35134      0.04924
    310.00000    -45.00000      0.04996      0.34188      0.06876
    315.00000    -45.00000     -0.05279      0.34608      0.09533
    320.00000    -45.00000     -0.13835      0.35940      0.12304
    325.00000    -45.00000     -0.19478      0.37506      0.14367
    330.00000    -45.00000     -0.21813      0.38644      0.14829
    335.00000    -45.00000     -0.21288      0.38958      0.12966
    340.00000    -45.00000     -0.19015      0.38445      0.08467
    345.00000    -45.00000     -0.16426      0.37478      0.01617
    350.00000    -45.00000     -0.14879      0.36631     -0.06678
    355.00000    -45.00000     -0.15322      0.36441     -0.15056
    360.00000    -45.00000     -0.18124      0.37174     -0.22013
      0.00000    -40.00000     -0.25590      0.43438     -0.32737
      5.00000    -40.00000     -0.33548      0.47218     -0.36465
     10.00000    -40.00000     -0.41347      0.51560     -0.35383
     15.00000    -40.00000     -0.48035      0.55414     -0.29994
     20.00000    -40.00000     -0.53052      0.57939     -0.21791
     25.00000    -40.00000     -0.56290      0.58800     -0.12842
     30.00000    -40.00000     -0.57975      0.58272     -0.05213
     35.00000    -40.00000     -0.58446      0.57095     -0.00416
     40.00000    -40.00000     -0.57944      0.56157      0.00939
     45.00000    -40.00000     -0.56496      0.56136     -0.00798
     50.00000    -40.00000     -0.53941      0.57234     -0.04562
     55.00000    -40.00000     -0.50078      0.59111     -0.08978
     60.00000    -40.00000     -0.44852      0.61030     -0.12803
     65.00000    -40.00000     -0.38513      0.62146     -0.15229
     70.00000    -40.00000     -0.31673      0.61814     -0.15995
     75.00000    -40.00000     -0.25255      0.59806     -0.15299
     80.00000    -40.00000     -0.20324      0.56369     -0.13601
     85.00000    -40.00000     -0.17866      0.52117     -0.11407
     90.00000    -40.00000     -0.18553      0.47835     -0.09134
     95.00000    -40.00000     -0.22533      0.44265     -0.07054
    100.00000    -40.00000     -0.29302      0.41948     -0.05324
    105.00000    -40.00000     -0.37680      0.41163     -0.04020
    110.00000    -40.00000     -0.45939      0.41922     -0.03150
    115.00000    -40.00000     -0.52087      0.44005     -0.02630
    120.00000    -40.00000     -0.54294      0.46993     -0.02247
    125.00000    -40.00000     -0.51387      0.50290     -0.01678
    130.00000    -40.00000     -0.43289      0.53169     -0.00569
    135.00000    -40.00000     -0.31251      0.54857      0.01307
    140.00000    -40.00000     -0.17756      0.54704      0.03884
    145.00000    -40.00000     -0.06035      0.52376      0.06713
    150.00000    -40.00000      0.00718      0.48040      0.09011
    155.00000    -40.00000      0.00237      0.42426      0.09864
    160.00000    -40.00000     -0.08066      0.36729      0.08535
    165.00000    -40.00000     -0.22785      0.32327      0.04757
    170.00000    -40.00000     -0.40755      0.30401     -0.01105
    175.00000    -40.00000     -0.57836      0.31562     -0.08114
    180.00000    -40.00000     -0.70029      0.35630     -0.15025
    185.00000    -40.00000     -0.74589      0.41657     -0.20678
    190.00000    -40.00000     -0.70794      0.48184     -0.24368
    195.00000    -40.00000     -0.60106      0.53670     -0.26045
    200.00000    -40.00000     -0.45692      0.56933     -0.26265
    205.00000    -40.00000     -0.31451      0.57459     -0.25915
    210.00000    -40.00000     -0.20877      0.55482     -0.25814
    215.00000    -40.00000     -0.16114      0.51823     -0.26354
    220.00000    -40.00000     -0.17487      0.47576     -0.27332
    225.00000    -40.00000     -0.23616      0.43756     -0.28027
    230.00000    -40.00000     -0.32003      0.41057     -0.27499
    235.00000    -40.00000     -0.39864      0.39761     -0.24978
    240.00000    -40.00000     -0.44900      0.39816     -0.20197
    245.00000    -40.00000     -0.45781      0.40998     -0.13535
    250.00000    -40.00000     -0.42243      0.43057     -0.05918
    255.00000    -40.00000     -0.34872      0.45784      0.01463
    260.00000    -40.00000     -0.24723      0.48980      0.07511
    265.00000    -40.00000     -0.12971      0.52369      0.11530
    270.00000    -40.00000     -0.00710      0.55536      0.13365
    275.00000    -40.00000      0.11077      0.57960      0.13373
    280.00000    -40.00000      0.21453      0.59142      0.12242
    285.00000    -40.00000      0.29486      0.58791      0.10767
    290.00000    -40.00000      0.34317      0.56983      0.09649
    295.00000    -40.00000      0.35355      0.54188      0.09377
    300.00000    -40.00000      0.32513      0.51150      0.10186
    305.00000    -40.00000      0.26370      0.48628      0.12054
    310.00000    -40.00000      0.18143      0.47126      0.14708
    315.00000    -40.00000      0.09428      0.46694      0.17619
    320.00000    -40.00000      0.01775      0.46932      0.20015
    325.00000    -40.00000     -0.03755      0.47172      0.20959
    330.00000    -40.00000     -0.06895      0.46788      0.19520
    335.00000    -40.00000     -0.08218      0.45504      0.15032
    340.00000    -40.00000     -0.08894      0.43551      0.07378
    345.00000    -40.00000     -0.10260      0.41611     -0.02816
    350.00000    -40.00000     -0.13350      0.40556     -0.14175
    355.00000    -40.00000     -0.18566      0.41091     -0.24803
    360.00000    -40.00000     -0.25590      0.43438     -0.32737
      0.00000    -35.00000     -0.36765      0.49528     -0.45010
      5.00000    -35.00000     -0.47068      0.56059     -0.47502
     10.00000    -35.00000     -0.54866      0.63206     -0.43990
     15.00000    -35.00000     -0.59306      0.69380     -0.35440
     20.00000    -35.00000     -0.60400      0.73369     -0.23954
     25.00000    -35.00000     -0.58949      0.74740     -0.12196
     30.00000    -35.00000     -0.56192      0.73939     -0.02655
     35.00000    -35.00000     -0.53338      0.72048      0.03022
     40.00000    -35.00000     -0.51167      0.70320      0.04384
     45.00000    -35.00000     -0.49843      0.69672      0.02132
     50.00000    -35.00000     -0.48981      0.70353     -0.02284
     55.00000    -35.00000     -0.47891      0.71895     -0.07235
     60.00000    -35.00000     -0.45909      0.73370     -0.11443
     65.00000    -35.00000     -0.42652      0.73795     -0.14272
     70.00000    -35.00000     -0.38159      0.72535     -0.15722
     75.00000    -35.00000     -0.32881      0.69536     -0.16183
     80.00000    -35.00000     -0.27566      0.65303     -0.16098
     85.00000    -35.00000     -0.23102      0.60681     -0.15709
     90.00000    -35.00000     -0.20338      0.56542     -0.14979
     95.00000    -35.00000     -0.19911      0.53522     -0.13696
    100.00000    -35.00000     -0.22064      0.51902     -0.11682
    105.00000    -35.00000     -0.26488      0.51651     -0.08952
    110.00000    -35.00000     -0.32233      0.52556     -0.05758
    115.00000    -35.00000     -0.37771      0.54349     -0.02470
    120.00000    -35.00000     -0.41260      0.56764      0.00612
    125.00000    -35.00000     -0.41027      0.59484      0.03411
    130.00000    -35.00000     -0.36142      0.62075      0.06088
    135.00000    -35.00000     -0.26916      0.63945      0.08899
    140.00000    -35.00000     -0.15091      0.64442      0.11937
    145.00000    -35.00000     -0.03582      0.63056      0.14919
    150.00000    -35.00000      0.04247      0.59671      0.17131
    155.00000    -35.00000      0.05584      0.54742      0.17591
    160.00000    -35.00000     -0.00868      0.49281      0.15409
    165.00000    -35.00000     -0.14317      0.44620      0.10175
    170.00000    -35.00000     -0.31947      0.42006      0.02223
    175.00000    -35.00000     -0.49676      0.42171     -0.07372
    180.00000    -35.00000     -0.63359      0.45057     -0.17092
    185.00000    -35.00000     -0.70076      0.49806     -0.25459
    190.00000    -35.00000     -0.69020      0.55039     -0.31518
    195.00000    -35.00000     -0.61687      0.59322     -0.35118
    200.00000    -35.00000     -0.51290      0.61641     -0.36861
    205.00000    -35.00000     -0.41605      0.61701     -0.37759
    210.00000    -35.00000     -0.35677      0.59943     -0.38715
    215.00000    -35.00000     -0.34842      0.57285     -0.40078
    220.00000    -35.00000     -0.38410      0.54721     -0.41440
    225.00000    -35.00000     -0.44076      0.52940     -0.41781
    230.00000    -35.00000     -0.48868      0.52137     -0.39899
    235.00000    -35.00000     -0.50234      0.52068     -0.34945
    240.00000    -35.00000     -0.46872      0.52305     -0.26847
    245.00000    -35.00000     -0.39003      0.52538     -0.16434
    250.00000    -35.00000     -0.28067      0.52779     -0.05229
    255.00000    -35.00000     -0.16014      0.53362      0.05022
    260.00000    -35.00000     -0.04536      0.54743      0.12891
    265.00000    -35.00000      0.05442      0.57206      0.17669
    270.00000    -35.00000      0.13849      0.60624      0.19501
    275.00000    -35.00000      0.21145      0.64414      0.19231
    280.00000    -35.00000      0.27814      0.67712      0.18042
    285.00000    -35.00000      0.33925      0.69695      0.17053
    290.00000    -35.00000      0.38988      0.69919      0.17020
    295.00000    -35.00000      0.42154      0.68492      0.18215
    300.00000    -35.00000      0.42643      0.66013      0.20478
    305.00000    -35.00000      0.40183      0.63291      0.23348
    310.00000    -35.00000      0.35219      0.60980      0.26201
    315.00000    -35.00000      0.28800      0.59294      0.28316
    320.00000    -35.00000      0.22163      0.57946      0.28911
    325.00000    -35.00000      0.16228      0.56348      0.27177
    330.00000    -35.00000      0.11219      0.53979      0.22409
    335.00000    -35.00000      0.06590      0.50749      0.14228
    340.00000    -35.00000      0.01315      0.47184      0.02847
    345.00000    -35.00000     -0.05612      0.44316     -0.10733
    350.00000    -35.00000     -0.14653      0.43320     -0.24737
    355.00000    -35.00000     -0.25429      0.45026     -0.36902
    360.00000    -35.00000     -0.36765      0.49528     -0.45010
      0.00000    -30.00000     -0.50744      0.56180     -0.56748
      5.00000    -30.00000     -0.62098      0.65788     -0.57864
     10.00000    -30.00000     -0.68474      0.75886     -0.52479
     15.00000    -30.00000     -0.69384      0.84314     -0.42052
     20.00000    -30.00000     -0.65652      0.89526     -0.29158
     25.00000    -30.00000     -0.59128      0.91084     -0.16766
     30.00000    -30.00000     -0.52062      0.89719     -0.07390
     35.00000    -30.00000     -0.46390      0.86951     -0.02394
     40.00000    -30.00000     -0.43209      0.84433     -0.01727
     45.00000    -30.00000     -0.42601      0.83286     -0.04145
     50.00000    -30.00000     -0.43827      0.83716     -0.07833
     55.00000    -30.00000     -0.45736      0.85027     -0.11145
     60.00000    -30.00000     -0.47209      0.86023     -0.13180
     65.00000    -30.00000     -0.47446      0.85578     -0.13960
     70.00000    -30.00000     -0.46069      0.83140     -0.14199
     75.00000    -30.00000     -0.43054      0.78946     -0.14781
     80.00000    -30.00000     -0.38627      0.73891     -0.16223
     85.00000    -30.00000     -0.33203      0.69131     -0.18364
     90.00000    -30.00000     -0.27390      0.65619     -0.20401
     95.00000    -30.00000     -0.21997      0.63787     -0.21252
    100.00000    -30.00000     -0.17939      0.63493     -0.20041
    105.00000    -30.00000     -0.16002      0.64214     -0.16492
    110.00000    -30.00000     -0.16500      0.65375     -0.11030
    115.00000    -30.00000     -0.18976      0.66613     -0.04578
    120.00000    -30.00000     -0.22141      0.67861      0.01849
    125.00000    -30.00000     -0.24157      0.69228      0.07540
    130.00000    -30.00000     -0.23267      0.70756      0.12279
    135.00000    -30.00000     -0.18546      0.72214      0.16245
    140.00000    -30.00000     -0.10495      0.73070      0.19688
    145.00000    -30.00000     -0.01143      0.72677      0.22555
    150.00000    -30.00000      0.06437      0.70596      0.24295
    155.00000    -30.00000      0.09128      0.66894      0.23949
    160.00000    -30.00000      0.04910      0.62255      0.20526
    165.00000    -30.00000     -0.06281      0.57813      0.13502
    170.00000    -30.00000     -0.22363      0.54752      0.03193
    175.00000    -30.00000     -0.39718      0.53850     -0.09177
    180.00000    -30.00000     -0.54408      0.55148     -0.21796
    185.00000    -30.00000     -0.63549      0.57925     -0.32845
    190.00000    -30.00000     -0.66308      0.60984     -0.41109
    195.00000    -30.00000     -0.64104      0.63152     -0.46348
    200.00000    -30.00000     -0.59940      0.63758     -0.49266
    205.00000    -30.00000     -0.57102      0.62893     -0.51076
    210.00000    -30.00000     -0.57761      0.61322     -0.52860
    215.00000    -30.00000     -0.62040      0.60098     -0.54988
    220.00000    -30.00000     -0.67931      0.60052     -0.56877
    225.00000    -30.00000     -0.72087      0.61396     -0.57190
    230.00000    -30.00000     -0.71175      0.63620     -0.54407
    235.00000    -30.00000     -0.63231      0.65741     -0.47527
    240.00000    -30.00000     -0.48472      0.66784     -0.36601
    245.00000    -30.00000     -0.29252      0.66273     -0.22857
    250.00000    -30.00000     -0.09192      0.64505     -0.08373
    255.00000    -30.00000      0.08135      0.62470      0.04590
    260.00000    -30.00000      0.20431      0.61446      0.14313
    265.00000    -30.00000      0.27326      0.62445      0.20137
    270.00000    -30.00000      0.30253      0.65760      0.22565
    275.00000    -30.00000      0.31629      0.70810      0.22961
    280.00000    -30.00000      0.33747      0.76355      0.22972
    285.00000    -30.00000      0.37851      0.80976      0.23934
    290.00000    -30.00000      0.43739      0.83612      0.26470
    295.00000    -30.00000      0.50033      0.83911      0.30398
    300.00000    -30.00000      0.54894      0.82248      0.34927
    305.00000    -30.00000      0.56852      0.79428      0.38994
    310.00000    -30.00000      0.55356      0.76237      0.41567
    315.00000    -30.00000      0.50831      0.73057      0.41832
    320.00000    -30.00000      0.44275      0.69755      0.39210
    325.00000    -30.00000      0.36642      0.65883      0.33324
    330.00000    -30.00000      0.28333      0.61104      0.23997
    335.00000    -30.00000      0.19053      0.55601      0.11375
    340.00000    -30.00000      0.08107      0.50267     -0.03882
    345.00000    -30.00000     -0.05024      0.46526     -0.20438
    350.00000    -30.00000     -0.20135      0.45843     -0.36300
    355.00000    -30.00000     -0.36033      0.49108     -0.49121
    360.00000    -30.00000     -0.50744      0.56180     -0.56748
      0.00000    -25.00000     -0.65524      0.64881     -0.65861
      5.00000    -25.00000     -0.76503      0.77782     -0.66111
     10.00000    -25.00000     -0.80587      0.90856     -0.60286
     15.00000    -25.00000     -0.77906      1.01364     -0.50279
     20.00000    -25.00000     -0.70182      1.07493     -0.38871
     25.00000    -25.00000     -0.60176      1.08910     -0.28916
     30.00000    -25.00000     -0.50782      1.06750     -0.22446
     35.00000    -25.00000     -0.44140      1.03051     -0.20064
     40.00000    -25.00000     -0.41121      0.99875     -0.20852
     45.00000    -25.00000     -0.41333      0.98489     -0.22864
     50.00000    -25.00000     -0.43577      0.98945     -0.24001
     55.00000    -25.00000     -0.46482      1.00200     -0.22911
     60.00000    -25.00000     -0.49013      1.00704     -0.19543
     65.00000    -25.00000     -0.50646      0.99172     -0.15123
     70.00000    -25.00000     -0.51208      0.95189     -0.11573
     75.00000    -25.00000     -0.50567      0.89396     -0.10623
     80.00000    -25.00000     -0.48399      0.83202     -0.13002
     85.00000    -25.00000     -0.44240      0.78171     -0.18055
     90.00000    -25.00000     -0.37789      0.75375     -0.23947
     95.00000    -25.00000     -0.29305      0.75011     -0.28348
    100.00000    -25.00000     -0.19835      0.76412     -0.29316
    105.00000    -25.00000     -0.11053      0.78445     -0.25990
    110.00000    -25.00000     -0.04714      0.80053     -0.18825
    115.00000    -25.00000     -0.01924      0.80703     -0.09300
    120.00000    -25.00000     -0.02570      0.80518      0.00732
    125.00000    -25.00000     -0.05224      0.80078      0.09741
    130.00000    -25.00000     -0.07649      0.79996      0.16944
    135.00000    -25.00000     -0.07742      0.80516      0.22312
    140.00000    -25.00000     -0.04533      0.81339      0.26189
    145.00000    -25.00000      0.01218      0.81764      0.28766
    150.00000    -25.00000      0.07153      0.81067      0.29711
    155.00000    -25.00000      0.10166      0.78921      0.28158
    160.00000    -25.00000      0.07664      0.75625      0.23090
    165.00000    -25.00000     -0.01300      0.72026      0.13918
    170.00000    -25.00000     -0.15537      0.69140      0.00983
    175.00000    -25.00000     -0.32109      0.67677     -0.14307
    180.00000    -25.00000     -0.47475      0.67688     -0.29810
    185.00000    -25.00000     -0.58911      0.68532     -0.43334
    190.00000    -25.00000     -0.65588      0.69194     -0.53386
    195.00000    -25.00000     -0.68804      0.68807     -0.59657
    200.00000    -25.00000     -0.71255      0.67138     -0.63012
    205.00000    -25.00000     -0.75618      0.64775     -0.64975
    210.00000    -25.00000     -0.83083      0.62920     -0.66931
    215.00000    -25.00000     -0.92486      0.62847     -0.69404
    220.00000    -25.00000     -1.00473      0.65264     -0.71728
    225.00000    -25.00000     -1.02694      0.69894     -0.72287
    230.00000    -25.00000     -0.95557      0.75467     -0.69214
    235.00000    -25.00000     -0.77826      0.80177     -0.61270
    240.00000    -25.00000     -0.51383      0.82415     -0.48498
    245.00000    -25.00000     -0.20813      0.81466     -0.32387
    250.00000    -25.00000      0.08067      0.77868     -0.15434
    255.00000    -25.00000      0.30161      0.73257     -0.00305
    260.00000    -25.00000      0.42759      0.69757      0.11078
    265.00000    -25.00000      0.46297      0.69157      0.18153
    270.00000    -25.00000      0.43924      0.72229      0.21797
    275.00000    -25.00000      0.40125      0.78456      0.23862
    280.00000    -25.00000      0.38954      0.86272      0.26382
    285.00000    -25.00000      0.42617      0.93689      0.30772
    290.00000    -25.00000      0.50877      0.99026      0.37336
    295.00000    -25.00000      0.61469      1.01428      0.45233
    300.00000    -25.00000      0.71208      1.00975      0.52852
    305.00000    -25.00000      0.77282      0.98380      0.58393
    310.00000    -25.00000      0.78175      0.94478      0.60401
    315.00000    -25.00000      0.73882      0.89767      0.58056
    320.00000    -25.00000      0.65466      0.84262      0.51193
    325.00000    -25.00000      0.54248      0.77712      0.40134
    330.00000    -25.00000      0.41111      0.70061      0.25508
    335.00000    -25.00000      0.26233      0.61888      0.08180
    340.00000    -25.00000      0.09378      0.54555     -0.10679
    345.00000    -25.00000     -0.09483      0.49933     -0.29491
    350.00000    -25.00000     -0.29570      0.49761     -0.46292
    355.00000    -25.00000     -0.49079      0.54911     -0.58991
    360.00000    -25.00000     -0.65524      0.64881     -0.65861
      0.00000    -20.00000     -0.78737      0.77104     -0.71267
      5.00000    -20.00000     -0.88360      0.93517     -0.71674
     10.00000    -20.00000     -0.90256      1.09630     -0.67313
     15.00000    -20.00000     -0.85372      1.22132     -0.60375
     20.00000    -20.00000     -0.76255      1.29006     -0.53534
     25.00000    -20.00000     -0.66186      1.30124     -0.49091
     30.00000    -20.00000     -0.58033      1.27118     -0.48134
     35.00000    -20.00000     -0.53323      1.22591     -0.50092
     40.00000    -20.00000     -0.51923      1.19003     -0.52918
     45.00000    -20.00000     -0.52448      1.17699     -0.53890
     50.00000    -20.00000     -0.53152      1.18471     -0.50750
     55.00000    -20.00000     -0.52856      1.19824     -0.42733
     60.00000    -20.00000     -0.51454      1.19784     -0.31038
     65.00000    -20.00000     -0.49775      1.16879     -0.18528
     70.00000    -20.00000     -0.48897      1.10857     -0.08721
     75.00000    -20.00000     -0.49308      1.02836     -0.04474
     80.00000    -20.00000     -0.50371      0.94834     -0.06865
     85.00000    -20.00000     -0.50411      0.88923     -0.14735
     90.00000    -20.00000     -0.47437      0.86383     -0.25063
     95.00000    -20.00000     -0.40145      0.87225     -0.34034
    100.00000    -20.00000     -0.28735      0.90284     -0.38362
    105.00000    -20.00000     -0.15078      0.93786     -0.36350
    110.00000    -20.00000     -0.02115      0.96136     -0.28296
    115.00000    -20.00000      0.07290      0.96542     -0.16150
    120.00000    -20.00000      0.11535      0.95222     -0.02616
    125.00000    -20.00000      0.10941      0.93141      0.09860
    130.00000    -20.00000      0.07570      0.91434      0.19799
    135.00000    -20.00000      0.04243      0.90821      0.26830
    140.00000    -20.00000      0.03201      0.91293      0.31289
    145.00000    -20.00000      0.05016      0.92195      0.33562
    150.00000    -20.00000      0.08275      0.92644      0.33541
    155.00000    -20.00000      0.10192      0.92032      0.30495
    160.00000    -20.00000      0.07893      0.90354      0.23438
    165.00000    -20.00000     -0.00233      0.88181      0.11782
    170.00000    -20.00000     -0.13736      0.86312     -0.04055
    175.00000    -20.00000     -0.30260      0.85276     -0.22439
    180.00000    -20.00000     -0.46589      0.84991     -0.40859
    185.00000    -20.00000     -0.60103      0.84747     -0.56711
    190.00000    -20.00000     -0.69941      0.83581     -0.68200
    195.00000    -20.00000     -0.77297      0.80847     -0.74945
    200.00000    -20.00000     -0.84661      0.76711     -0.78003
    205.00000    -20.00000     -0.94308      0.72282     -0.79281
    210.00000    -20.00000     -1.06745      0.69271     -0.80591
    215.00000    -20.00000     -1.19866      0.69282     -0.82749
    220.00000    -20.00000     -1.29299      0.73046     -0.85140
    225.00000    -20.00000     -1.29912      0.79946     -0.85960
    230.00000    -20.00000     -1.17907      0.88093     -0.83015
    235.00000    -20.00000     -0.92625      0.94955     -0.74766
    240.00000    -20.00000     -0.57271      0.98326     -0.61121
    245.00000    -20.00000     -0.18173      0.97215     -0.43655
    250.00000    -20.00000      0.17191      0.92300     -0.25115
    255.00000    -20.00000      0.42673      0.85720     -0.08430
    260.00000    -20.00000      0.55470      0.80298      0.04356
    265.00000    -20.00000      0.56894      0.78496      0.12802
    270.00000    -20.00000      0.51638      0.81530      0.18123
    275.00000    -20.00000      0.45844      0.88988      0.22591
    280.00000    -20.00000      0.44782      0.99080      0.28528
    285.00000    -20.00000      0.51034      1.09368      0.37323
    290.00000    -20.00000      0.63837      1.17639      0.48853
    295.00000    -20.00000      0.79724      1.22556      0.61512
    300.00000    -20.00000      0.94079      1.23842      0.72780
    305.00000    -20.00000      1.02898      1.21996      0.80068
    310.00000    -20.00000      1.04020      1.17750      0.81486
    315.00000    -20.00000      0.97440      1.11607      0.76272
    320.00000    -20.00000      0.84717      1.03691      0.64795
    325.00000    -20.00000      0.67923      0.93998      0.48242
    330.00000    -20.00000      0.48693      0.82885      0.28207
    335.00000    -20.00000      0.27824      0.71487      0.06390
    340.00000    -20.00000      0.05547      0.61780     -0.15520
    345.00000    -20.00000     -0.17790      0.56156     -0.35821
    350.00000    -20.00000     -0.41076      0.56616     -0.52811
    355.00000    -20.00000     -0.62248      0.63927     -0.64960
    360.00000    -20.00000     -0.78737      0.77104     -0.71267
      0.00000    -15.00000     -0.88988      0.93400     -0.73615
      5.00000    -15.00000     -0.97102      1.13627     -0.75356
     10.00000    -15.00000     -0.97834      1.33006     -0.74193
     15.00000    -15.00000     -0.93080      1.47650     -0.72440
     20.00000    -15.00000     -0.86057      1.55388     -0.72401
     25.00000    -15.00000     -0.80092      1.56355     -0.75515
     30.00000    -15.00000     -0.77283      1.52717     -0.81648
     35.00000    -15.00000     -0.77658      1.47647     -0.88870
     40.00000    -15.00000     -0.79268      1.43966     -0.93939
     45.00000    -15.00000     -0.79199      1.43036     -0.93408
     50.00000    -15.00000     -0.75073      1.44330     -0.84998
     55.00000    -15.00000     -0.66335      1.45843     -0.68706
     60.00000    -15.00000     -0.54705      1.45135     -0.47163
     65.00000    -15.00000     -0.43540      1.40523     -0.25017
     70.00000    -15.00000     -0.36371      1.31914     -0.07507
     75.00000    -15.00000     -0.35250      1.20909      0.01286
     80.00000    -15.00000     -0.39685      1.10178     -0.00148
     85.00000    -15.00000     -0.46676      1.02381     -0.10207
     90.00000    -15.00000     -0.51866      0.99120     -0.24727
     95.00000    -15.00000     -0.51340      1.00371     -0.38398
    100.00000    -15.00000     -0.43274      1.04609     -0.46524
    105.00000    -15.00000     -0.28706      1.09525     -0.46453
    110.00000    -15.00000     -0.11096      1.13003     -0.38177
    115.00000    -15.00000      0.05119      1.13912     -0.23970
    120.00000    -15.00000      0.16328      1.12396     -0.07285
    125.00000    -15.00000      0.21101      1.09587      0.08555
    130.00000    -15.00000      0.20503      1.06934      0.21332
    135.00000    -15.00000      0.17282      1.05495      0.30242
    140.00000    -15.00000      0.14344      1.05519      0.35509
    145.00000    -15.00000      0.13264      1.06491      0.37621
    150.00000    -15.00000      0.13532      1.07550      0.36648
    155.00000    -15.00000      0.12881      1.08031      0.32000
    160.00000    -15.00000      0.08508      1.07824      0.22755
    165.00000    -15.00000     -0.01429      1.07358      0.08374
    170.00000    -15.00000     -0.16781      1.07240     -0.10606
    175.00000    -15.00000     -0.35368      1.07758     -0.32296
    180.00000    -15.00000     -0.53949      1.08541     -0.53798
    185.00000    -15.00000     -0.69743      1.08610     -0.72082
    190.00000    -15.00000     -0.81720      1.06833     -0.85018
    195.00000    -15.00000     -0.91008      1.02581     -0.92112
    200.00000    -15.00000     -1.00136      0.96254     -0.94576
    205.00000    -15.00000     -1.11446      0.89387     -0.94701
    210.00000    -15.00000     -1.25401      0.84192     -0.94762
    215.00000    -15.00000     -1.39665      0.82705     -0.95960
    220.00000    -15.00000     -1.49473      0.85880     -0.97860
    225.00000    -15.00000     -1.49298      0.93046     -0.98588
    230.00000    -15.00000     -1.35144      1.02001     -0.95701
    235.00000    -15.00000     -1.06524      1.09766     -0.87362
    240.00000    -15.00000     -0.67192      1.13707     -0.73275
    245.00000    -15.00000     -0.24249      1.12584     -0.54970
    250.00000    -15.00000      0.14131      1.07080     -0.35302
    255.00000    -15.00000      0.41473      0.99593     -0.17354
    260.00000    -15.00000      0.55191      0.93355     -0.03247
    265.00000    -15.00000      0.57312      0.91256      0.06673
    270.00000    -15.00000      0.53474      0.94823      0.13883
    275.00000    -15.00000      0.50612      1.03761      0.20978
    280.00000    -15.00000      0.54282      1.16184      0.30498
    285.00000    -15.00000      0.66667      1.29388      0.43779
    290.00000    -15.00000      0.86000      1.40787      0.60292
    295.00000    -15.00000      1.07501      1.48630      0.77715
    300.00000    -15.00000      1.25349      1.52232      0.92672
    305.00000    -15.00000      1.34791      1.51722      1.01818
    310.00000    -15.00000      1.33563      1.47551      1.02839
    315.00000    -15.00000      1.22156      1.40070      0.95024
    320.00000    -15.00000      1.03015      1.29457      0.79266
    325.00000    -15.00000      0.79196      1.16018      0.57617
    330.00000    -15.00000      0.53187      1.00677      0.32646
    335.00000    -15.00000      0.26397      0.85320      0.06881
    340.00000    -15.00000     -0.00561      0.72707     -0.17504
    345.00000    -15.00000     -0.27124      0.65838     -0.38774
    350.00000    -15.00000     -0.52090      0.66974     -0.55636
    355.00000    -15.00000     -0.73464      0.76691     -0.67292
    360.00000    -15.00000     -0.88988      0.93400     -0.73615
      0.00000    -10.00000     -0.97234      1.12892     -0.75300
      5.00000    -10.00000     -1.04507      1.37317     -0.79279
     10.00000    -10.00000     -1.05420      1.60361     -0.82239
     15.00000    -10.00000     -1.02906      1.77569     -0.86474
     20.00000    -10.00000     -1.00760      1.86624     -0.93780
     25.00000    -10.00000     -1.02044      1.87923     -1.04667
     30.00000    -10.00000     -1.07583      1.84137     -1.17800
     35.00000    -10.00000     -1.15301      1.78951     -1.30013
     40.00000    -10.00000     -1.20849      1.75499     -1.37056
     45.00000    -10.00000     -1.19376      1.75125     -1.34942
     50.00000    -10.00000     -1.07758      1.76979     -1.21486
     55.00000    -10.00000     -0.86310      1.78566     -0.97439
     60.00000    -10.00000     -0.59168      1.77000     -0.66718
     65.00000    -10.00000     -0.33068      1.70381     -0.35526
     70.00000    -10.00000     -0.14938      1.58731     -0.10578
     75.00000    -10.00000     -0.09245      1.44080      0.02980
     80.00000    -10.00000     -0.16223      1.29712      0.03227
     85.00000    -10.00000     -0.31701      1.18898     -0.07929
     90.00000    -10.00000     -0.48656      1.13682     -0.25424
     95.00000    -10.00000     -0.59833      1.14206     -0.42731
    100.00000    -10.00000     -0.60387      1.18826     -0.53960
    105.00000    -10.00000     -0.49465      1.24909     -0.55590
    110.00000    -10.00000     -0.30162      1.29926     -0.47254
    115.00000    -10.00000     -0.07965      1.32358     -0.31389
    120.00000    -10.00000      0.11564      1.32071     -0.11995
    125.00000    -10.00000      0.24837      1.30056      0.06888
    130.00000    -10.00000      0.31176      1.27747      0.22392
    135.00000    -10.00000      0.32349      1.26278      0.33267
    140.00000    -10.00000      0.31073      1.26043      0.39542
    145.00000    -10.00000      0.29293      1.26712      0.41715
    150.00000    -10.00000      0.27092      1.27636      0.39955
    155.00000    -10.00000      0.22748      1.28368      0.33782
    160.00000    -10.00000      0.13840      1.28968      0.22350
    165.00000    -10.00000     -0.01205      1.29946      0.05192
    170.00000    -10.00000     -0.21954      1.31839     -0.17029
    175.00000    -10.00000     -0.45808      1.34692     -0.42184
    180.00000    -10.00000     -0.68979      1.37753     -0.67021
    185.00000    -10.00000     -0.88114      1.39595     -0.88105
    190.00000    -10.00000     -1.01780      1.38685     -1.02954
    195.00000    -10.00000     -1.11019      1.34150     -1.10889
    200.00000    -10.00000     -1.18663      1.26376     -1.13174
    205.00000    -10.00000     -1.27655      1.17117     -1.12362
    210.00000    -10.00000     -1.39186      1.08980     -1.11116
    215.00000    -10.00000     -1.51549      1.04463     -1.11014
    220.00000    -10.00000     -1.60362      1.04929     -1.11864
    225.00000    -10.00000     -1.60164      1.09976     -1.11839
    230.00000    -10.00000     -1.46771      1.17494     -1.08372
    235.00000    -10.00000     -1.19344      1.24445     -0.99413
    240.00000    -10.00000     -0.81233      1.28048     -0.84480
    245.00000    -10.00000     -0.39134      1.26902     -0.65024
    250.00000    -10.00000     -0.00818      1.21583     -0.43945
    255.00000    -10.00000      0.27647      1.14457     -0.24446
    260.00000    -10.00000      0.44067      1.08805     -0.08737
    265.00000    -10.00000      0.50761      1.07616      0.02846
    270.00000    -10.00000      0.53420      1.12532      0.11928
    275.00000    -10.00000      0.58665      1.23349      0.21328
    280.00000    -10.00000      0.71311      1.38213      0.33774
    285.00000    -10.00000      0.92454      1.54355      0.50615
    290.00000    -10.00000      1.19099      1.69001      0.71076
    295.00000    -10.00000      1.45393      1.80076      0.92329
    300.00000    -10.00000      1.64855      1.86444      1.10342
    305.00000    -10.00000      1.72648      1.87720      1.21145
    310.00000    -10.00000      1.66976      1.83882      1.22026
    315.00000    -10.00000      1.49187      1.74988      1.12247
    320.00000    -10.00000      1.22716      1.61227      0.93079
    325.00000    -10.00000      0.91517      1.43289      0.67266
    330.00000    -10.00000      0.58747      1.22835      0.38196
    335.00000    -10.00000      0.26248      1.02700      0.09117
    340.00000    -10.00000     -0.05110      0.86583     -0.17378
    345.00000    -10.00000     -0.34615      0.78174     -0.39554
    350.00000    -10.00000     -0.61025      0.79983     -0.56525
    355.00000    -10.00000     -0.82496      0.92317     -0.68206
    360.00000    -10.00000     -0.97234      1.12892     -0.75300
      0.00000     -5.00000     -1.07455      1.33525     -0.79620
      5.00000     -5.00000     -1.14954      1.62528     -0.86139
     10.00000     -5.00000     -1.16759      1.89716     -0.92981
     15.00000     -5.00000     -1.16936      2.10079     -1.02334
     20.00000     -5.00000     -1.19977      2.21139     -1.15533
     25.00000     -5.00000     -1.28776      2.23487     -1.32353
     30.00000     -5.00000     -1.42924      2.20195     -1.50602
     35.00000     -5.00000     -1.58213      2.15360     -1.66306
     40.00000     -5.00000     -1.67806      2.12353     -1.74626
     45.00000     -5.00000     -1.64774      2.12508     -1.71333
     50.00000     -5.00000     -1.45091      2.14723     -1.54400
     55.00000     -5.00000     -1.09811      2.16126     -1.25115
     60.00000     -5.00000     -0.65444      2.13474     -0.88216
     65.00000     -5.00000     -0.22200      2.04679     -0.50850
     70.00000     -5.00000      0.09330      1.89819     -0.20612
     75.00000     -5.00000      0.21841      1.71232     -0.03286
     80.00000     -5.00000      0.13884      1.52686     -0.01072
     85.00000     -5.00000     -0.09646      1.38011     -0.11937
     90.00000     -5.00000     -0.39297      1.29756     -0.30344
     95.00000     -5.00000     -0.64408      1.28428     -0.49084
    100.00000     -5.00000     -0.76695      1.32545     -0.61555
    105.00000     -5.00000     -0.72722      1.39424     -0.63679
    110.00000     -5.00000     -0.54415      1.46298     -0.54802
    115.00000     -5.00000     -0.27603      1.51270     -0.37386
    120.00000     -5.00000      0.00606      1.53747     -0.15723
    125.00000     -5.00000      0.24458      1.54260      0.05708
    130.00000     -5.00000      0.41104      1.53857      0.23582
    135.00000     -5.00000      0.50612      1.53434      0.36284
    140.00000     -5.00000      0.54676      1.53345      0.43631
    145.00000     -5.00000      0.54875      1.53434      0.46049
    150.00000     -5.00000      0.51410      1.53408      0.43735
    155.00000     -5.00000      0.42957      1.53277      0.36271
    160.00000     -5.00000      0.27645      1.53553      0.22882
    165.00000     -5.00000      0.04562      1.55069      0.03167
    170.00000     -5.00000     -0.25050      1.58474     -0.22113
    175.00000     -5.00000     -0.57632      1.63668     -0.50658
    180.00000     -5.00000     -0.88339      1.69527     -0.78964
    185.00000     -5.00000     -1.12826      1.74102     -1.03270
    190.00000     -5.00000     -1.28961      1.75308     -1.20768
    195.00000     -5.00000     -1.37586      1.71806     -1.30526
    200.00000     -5.00000     -1.41937      1.63702     -1.33693
    205.00000     -5.00000     -1.45925      1.52702     -1.32876
    210.00000     -5.00000     -1.52053      1.41596     -1.30926
    215.00000     -5.00000     -1.59971      1.33256     -1.29668
    220.00000     -5.00000     -1.66358      1.29537     -1.29134
    225.00000     -5.00000     -1.66271      1.30557     -1.27620
    230.00000     -5.00000     -1.55375      1.34676     -1.22575
    235.00000     -5.00000     -1.32056      1.39201     -1.11881
    240.00000     -5.00000     -0.98446      1.41523     -0.94978
    245.00000     -5.00000     -0.59849      1.40232     -0.73301
    250.00000     -5.00000     -0.22764      1.35729     -0.49825
    255.00000     -5.00000      0.07633      1.30108     -0.27907
    260.00000     -5.00000      0.29468      1.26359     -0.09931
    265.00000     -5.00000      0.44741      1.27245      0.03659
    270.00000     -5.00000      0.58230      1.34314      0.14489
    275.00000     -5.00000      0.75210      1.47402      0.25505
    280.00000     -5.00000      0.98979      1.64779      0.39614
    285.00000     -5.00000      1.29236      1.83787      0.58314
    290.00000     -5.00000      1.61977      2.01629      0.80838
    295.00000     -5.00000      1.90902      2.15985      1.04183
    300.00000     -5.00000      2.09677      2.25241      1.23973
    305.00000     -5.00000      2.14083      2.28389      1.35826
    310.00000     -5.00000      2.03190      2.24798      1.36687
    315.00000     -5.00000      1.79206      2.14140      1.25675
    320.00000     -5.00000      1.46224      1.96612      1.04193
    325.00000     -5.00000      1.08584      1.73385      0.75374
    330.00000     -5.00000      0.69625      1.47001      0.43145
    335.00000     -5.00000      0.31304      1.21397      0.11276
    340.00000     -5.00000     -0.05317      1.01315     -0.17295
    345.00000     -5.00000     -0.39210      0.91164     -0.40785
    350.00000     -5.00000     -0.68793      0.93664     -0.58575
    355.00000     -5.00000     -0.92064      1.08795     -0.71089
    360.00000     -5.00000     -1.07455      1.33525     -0.79620
      0.00000      0.00000     -1.25989      1.53062     -0.89320
      5.00000      0.00000     -1.34509      1.86899     -0.97986
     10.00000      0.00000     -1.36382      2.18626     -1.07373
     15.00000      0.00000     -1.36949      2.42711     -1.19547
     20.00000      0.00000     -1.41811      2.56483     -1.35577
     25.00000      0.00000     -1.54317      2.60615     -1.54913
     30.00000      0.00000     -1.73560      2.58422     -1.75074
     35.00000      0.00000     -1.93922      2.54261     -1.91914
     40.00000      0.00000     -2.06616      2.51676     -2.00570
     45.00000      0.00000     -2.02865      2.52027     -1.96913
     50.00000      0.00000     -1.77552      2.54111     -1.79082
     55.00000      0.00000     -1.31890      2.54875     -1.48540
     60.00000      0.00000     -0.73913      2.50896     -1.10156
     65.00000      0.00000     -0.16411      2.39966     -0.71157
     70.00000      0.00000      0.27053      2.22161     -0.39189
     75.00000      0.00000      0.46612      1.99954     -0.20077
     80.00000      0.00000      0.39385      1.77391     -0.16079
     85.00000      0.00000      0.10367      1.58699     -0.25229
     90.00000      0.00000     -0.29396      1.46905     -0.42044
     95.00000      0.00000     -0.66594      1.42999     -0.59325
    100.00000      0.00000     -0.89942      1.45902     -0.70425
    105.00000      0.00000     -0.93416      1.53158     -0.71169
    110.00000      0.00000     -0.77343      1.61975     -0.60800
    115.00000      0.00000     -0.47234      1.70150     -0.41713
    120.00000      0.00000     -0.11072      1.76538     -0.18216
    125.00000      0.00000      0.23659      1.80974      0.05103
    130.00000      0.00000      0.52021      1.83816      0.24737
    135.00000      0.00000      0.72097      1.85434      0.38868
    140.00000      0.00000      0.84042      1.85944      0.47136
    145.00000      0.00000      0.88490      1.85291      0.49861
    150.00000      0.00000      0.85287      1.83587      0.47212
    155.00000      0.00000      0.73245      1.81438      0.38801
    160.00000      0.00000      0.51004      1.79993      0.23908
    165.00000      0.00000      0.18455      1.80612      0.02184
    170.00000      0.00000     -0.22119      1.84243     -0.25566
    175.00000      0.00000     -0.65932      1.90816     -0.56991
    180.00000      0.00000     -1.06814      1.98971     -0.88487
    185.00000      0.00000     -1.39171      2.06329     -1.16125
    190.00000      0.00000     -1.59908      2.10257     -1.36855
    195.00000      0.00000     -1.69427      2.08858     -1.49458
    200.00000      0.00000     -1.71207      2.01756     -1.54811
    205.00000      0.00000     -1.70089      1.90332     -1.55321
    210.00000      0.00000     -1.70040      1.77275     -1.53753
    215.00000      0.00000     -1.72365      1.65609     -1.51964
    220.00000      0.00000     -1.75184      1.57594     -1.50097
    225.00000      0.00000     -1.74383      1.53954     -1.46597
    230.00000      0.00000     -1.65594      1.53749     -1.39040
    235.00000      0.00000     -1.46284      1.54932     -1.25402
    240.00000      0.00000     -1.16994      1.55357     -1.05198
    245.00000      0.00000     -0.81174      1.53776     -0.79959
    250.00000      0.00000     -0.43713      1.50437     -0.52816
    255.00000      0.00000     -0.08854      1.47026     -0.27359
    260.00000      0.00000      0.21513      1.46015     -0.06248
    265.00000      0.00000      0.48407      1.49711      0.09818
    270.00000      0.00000      0.74907      1.59400      0.22316
    275.00000      0.00000      1.04305      1.74903      0.34195
    280.00000      0.00000      1.38126      1.94666      0.48532
    285.00000      0.00000      1.74920      2.16245      0.67101
    290.00000      0.00000      2.10374      2.36925      0.89422
    295.00000      0.00000      2.38682      2.54196      1.12682
    300.00000      0.00000      2.54540      2.65966      1.32529
    305.00000      0.00000      2.54894      2.70555      1.44438
    310.00000      0.00000      2.39732      2.66685      1.45106
    315.00000      0.00000      2.11665      2.53642      1.33406
    320.00000      0.00000      1.74647      2.31687      1.10605
    325.00000      0.00000      1.32521      2.02561      0.79869
    330.00000      0.00000      0.88091      1.69788      0.45324
    335.00000      0.00000      0.43089      1.38460      0.11026
    340.00000      0.00000     -0.01145      1.14356     -0.19825
    345.00000      0.00000     -0.42809      1.02547     -0.45306
    350.00000      0.00000     -0.79289      1.05890     -0.64827
    355.00000      0.00000     -1.07675      1.23989     -0.78988
    360.00000      0.00000     -1.25989      1.53062     -0.89320
      0.00000      5.00000     -1.59423      1.70371     -1.05082
      5.00000      5.00000     -1.68871      2.09082     -1.14987
     10.00000      5.00000     -1.68049      2.45498     -1.24972
     15.00000      5.00000     -1.63766      2.73638     -1.37015
     20.00000      5.00000     -1.63391      2.90606     -1.52186
     25.00000      5.00000     -1.71803      2.97024     -1.70086
     30.00000      5.00000     -1.88951      2.96262     -1.88578
     35.00000      5.00000     -2.09204      2.92773     -2.04013
     40.00000      5.00000     -2.22973      2.90210     -2.12070
     45.00000      5.00000     -2.20225      2.90040     -2.09042
     50.00000      5.00000     -1.94600      2.91167     -1.93206
     55.00000      5.00000     -1.46521      2.90631     -1.65786
     60.00000      5.00000     -0.83982      2.85063     -1.31055
     65.00000      5.00000     -0.20522      2.72260     -0.95426
     70.00000      5.00000      0.28960      2.52247     -0.65730
     75.00000      5.00000      0.53077      2.27440     -0.47217
     80.00000      5.00000      0.47715      2.01888     -0.41954
     85.00000      5.00000      0.17303      1.79959     -0.48216
     90.00000      5.00000     -0.26799      1.64998     -0.61090
     95.00000      5.00000     -0.70136      1.58469     -0.74088
    100.00000      5.00000     -0.99742      1.59826     -0.81199
    105.00000      5.00000     -1.07790      1.67050     -0.78654
    110.00000      5.00000     -0.93158      1.77535     -0.65815
    115.00000      5.00000     -0.60604      1.88914     -0.44959
    120.00000      5.00000     -0.18223      1.99523     -0.20156
    125.00000      5.00000      0.25584      2.08425      0.04229
    130.00000      5.00000      0.64410      2.15137      0.24804
    135.00000      5.00000      0.94657      2.19333      0.39738
    140.00000      5.00000      1.14933      2.20735      0.48576
    145.00000      5.00000      1.24712      2.19276      0.51532
    150.00000      5.00000      1.23188      2.15411      0.48722
    155.00000      5.00000      1.09028      2.10329      0.39775
    160.00000      5.00000      0.81155      2.05847      0.24026
    165.00000      5.00000      0.40076      2.03933      0.01169
    170.00000      5.00000     -0.11070      2.05981     -0.28006
    175.00000      5.00000     -0.66445      2.12156     -0.61226
    180.00000      5.00000     -1.18701      2.21116     -0.94979
    185.00000      5.00000     -1.61030      2.30299     -1.25373
    190.00000      5.00000     -1.89251      2.36726     -1.49269
    195.00000      5.00000     -2.03014      2.38019     -1.65201
    200.00000      5.00000     -2.05581      2.33252     -1.73677
    205.00000      5.00000     -2.02224      2.23263     -1.76692
    210.00000      5.00000     -1.97939      2.10327     -1.76658
    215.00000      5.00000     -1.95428      1.97289     -1.75220
    220.00000      5.00000     -1.94185      1.86555     -1.72482
    225.00000      5.00000     -1.91029      1.79317     -1.66994
    230.00000      5.00000     -1.81756      1.75342     -1.56526
    235.00000      5.00000     -1.63133      1.73362     -1.39267
    240.00000      5.00000     -1.34325      1.71866     -1.14930
    245.00000      5.00000     -0.97160      1.69935     -0.85235
    250.00000      5.00000     -0.55214      1.67756     -0.53532
    255.00000      5.00000     -0.12225      1.66618     -0.23696
    260.00000      5.00000      0.29371      1.68421      0.01258
    265.00000      5.00000      0.69070      1.74928      0.20252
    270.00000      5.00000      1.07861      1.87091      0.34454
    275.00000      5.00000      1.46988      2.04682      0.46672
    280.00000      5.00000      1.86567      2.26323      0.60086
    285.00000      5.00000      2.24783      2.49810      0.76804
    290.00000      5.00000      2.58056      2.72541      0.96835
    295.00000      5.00000      2.82115      2.91846      1.17871
    300.00000      5.00000      2.93427      3.05179      1.35937
    305.00000      5.00000      2.90338      3.10241      1.46653
    310.00000      5.00000      2.73388      3.05179      1.46618
    315.00000      5.00000      2.44738      2.88998      1.34420
    320.00000      5.00000      2.07096      2.62130      1.10984
    325.00000      5.00000      1.62743      2.26962      0.79196
    330.00000      5.00000      1.13212      1.88004      0.43051
    335.00000      5.00000      0.59758      1.51428      0.06648
    340.00000      5.00000      0.04278      1.23909     -0.26645
    345.00000      5.00000     -0.49939      1.11015     -0.54678
    350.00000      5.00000     -0.98273      1.15615     -0.76649
    355.00000      5.00000     -1.35868      1.36891     -0.92984
    360.00000      5.00000     -1.59423      1.70371     -1.05082
      0.00000     10.00000     -2.11615      1.86327     -1.24623
      5.00000     10.00000     -2.20739      2.29712     -1.34713
     10.00000     10.00000     -2.12900      2.70638     -1.43463
     15.00000     10.00000     -1.96562      3.02789     -1.52799
     20.00000     10.00000     -1.81595      3.23029     -1.64011
     25.00000     10.00000     -1.75663      3.31805     -1.77242
     30.00000     10.00000     -1.81223      3.32359     -1.91194
     35.00000     10.00000     -1.94396      3.29085     -2.03236
     40.00000     10.00000     -2.06319      3.25703     -2.10015
     45.00000     10.00000     -2.06590      3.23898     -2.08478
     50.00000     10.00000     -1.87558      3.22923     -1.97005
     55.00000     10.00000     -1.47791      3.20220     -1.76249
     60.00000     10.00000     -0.93313      3.12756     -1.49318
     65.00000     10.00000     -0.36042      2.98486     -1.21115
     70.00000     10.00000      0.10063      2.77368     -0.96994
     75.00000     10.00000      0.33723      2.51571     -0.81139
     80.00000     10.00000      0.30191      2.24843     -0.75239
     85.00000     10.00000      0.02819      2.01355     -0.77936
     90.00000     10.00000     -0.38157      1.84496     -0.85284
     95.00000     10.00000     -0.79082      1.76047     -0.92046
    100.00000     10.00000     -1.07213      1.75973     -0.93387
    105.00000     10.00000     -1.14368      1.82791     -0.86344
    110.00000     10.00000     -0.98662      1.94256     -0.70576
    115.00000     10.00000     -0.64020      2.08027     -0.48197
    120.00000     10.00000     -0.17959      2.22089     -0.22833
    125.00000     10.00000      0.31218      2.34852      0.01649
    130.00000     10.00000      0.76660      2.45052      0.22226
    135.00000     10.00000      1.13924      2.51658      0.37227
    140.00000     10.00000      1.40604      2.53932      0.46184
    145.00000     10.00000      1.55247      2.51682      0.49223
    150.00000     10.00000      1.56382      2.45545      0.46403
    155.00000     10.00000      1.42333      2.37121      0.37378
    160.00000     10.00000      1.11965      2.28753      0.21561
    165.00000     10.00000      0.65917      2.22944     -0.01299
    170.00000     10.00000      0.07604      2.21583     -0.30461
    175.00000     10.00000     -0.56729      2.25252     -0.63837
    180.00000     10.00000     -1.19142      2.32927     -0.98192
    185.00000     10.00000     -1.72017      2.42234     -1.29891
    190.00000     10.00000     -2.10176      2.50197     -1.55904
    195.00000     10.00000     -2.32230      2.54209     -1.74645
    200.00000     10.00000     -2.40580      2.52872     -1.86261
    205.00000     10.00000     -2.40051      2.46380     -1.92232
    210.00000     10.00000     -2.35739      2.36317     -1.94443
    215.00000     10.00000     -2.30951      2.24979     -1.94141
    220.00000     10.00000     -2.26061      2.14526     -1.91245
    225.00000     10.00000     -2.18697      2.06293     -1.84344
    230.00000     10.00000     -2.05059      2.00544     -1.71397
    235.00000     10.00000     -1.81749      1.96702     -1.50847
    240.00000     10.00000     -1.47280      1.93928     -1.22637
    245.00000     10.00000     -1.02687      1.91738     -0.88682
    250.00000     10.00000     -0.51061      1.90402     -0.52522
    255.00000     10.00000      0.03632      1.90952     -0.18286
    260.00000     10.00000      0.57850      1.94826      0.10649
    265.00000     10.00000      1.09290      2.03321      0.32759
    270.00000     10.00000      1.56945      2.17089      0.48760
    275.00000     10.00000      2.00500      2.35850      0.61153
    280.00000     10.00000      2.39523      2.58372      0.73066
    285.00000     10.00000      2.72920      2.82653      0.86881
    290.00000     10.00000      2.98943      3.06172      1.03161
    295.00000     10.00000      3.15705      3.26114      1.20295
    300.00000     10.00000      3.21852      3.39554      1.34957
    305.00000     10.00000      3.16967      3.43710      1.43193
    310.00000     10.00000      3.01459      3.36343      1.41700
    315.00000     10.00000      2.76007      3.16369      1.28852
    320.00000     10.00000      2.40948      2.84525      1.05141
    325.00000     10.00000      1.96065      2.43880      0.72971
    330.00000     10.00000      1.41080      1.99828      0.35951
    335.00000     10.00000      0.76725      1.59401     -0.02003
    340.00000     10.00000      0.05891      1.29888     -0.37477
    345.00000     10.00000     -0.65846      1.17089     -0.68079
    350.00000     10.00000     -1.30855      1.23710     -0.92639
    355.00000     10.00000     -1.81295      1.48477     -1.11159
    360.00000     10.00000     -2.11615      1.86327     -1.24623
      0.00000     15.00000     -2.80939      2.03731     -1.42894
      5.00000     15.00000     -2.87562      2.51386     -1.52367
     10.00000     15.00000     -2.67969      2.96326     -1.58830
     15.00000     15.00000     -2.32364      3.32035     -1.64150
     20.00000     15.00000     -1.93655      3.55159     -1.69917
     25.00000     15.00000     -1.63337      3.65873     -1.76979
     30.00000     15.00000     -1.47844      3.67140     -1.85090
     35.00000     15.00000     -1.46733      3.63183     -1.92865
     40.00000     15.00000     -1.53408      3.57768     -1.98111
     45.00000     15.00000     -1.58113      3.52919     -1.98532
     50.00000     15.00000     -1.52059      3.48479     -1.92589
     55.00000     15.00000     -1.31101      3.42598     -1.80222
     60.00000     15.00000     -0.97530      3.32855     -1.63114
     65.00000     15.00000     -0.59321      3.17535     -1.44341
     70.00000     15.00000     -0.27152      2.96543     -1.27475
     75.00000     15.00000     -0.10368      2.71640     -1.15414
     80.00000     15.00000     -0.13467      2.45980     -1.09380
     85.00000     15.00000     -0.34415      2.23180     -1.08457
     90.00000     15.00000     -0.65341      2.06317     -1.09865
     95.00000     15.00000     -0.95263      1.97209     -1.09892
    100.00000     15.00000     -1.13694      1.96175     -1.05142
    105.00000     15.00000     -1.13784      2.02248     -0.93638
    110.00000     15.00000     -0.93919      2.13647     -0.75402
    115.00000     15.00000     -0.57418      2.28272     -0.52323
    120.00000     15.00000     -0.10736      2.44029     -0.27433
    125.00000     15.00000      0.38888      2.58964     -0.03916
    130.00000     15.00000      0.85347      2.71281      0.15733
    135.00000     15.00000      1.24481      2.79412      0.30111
    140.00000     15.00000      1.53785      2.82209      0.38783
    145.00000     15.00000      1.71482      2.79259      0.41795
    150.00000     15.00000      1.75707      2.71176      0.39150
    155.00000     15.00000      1.64397      2.59685      0.30541
    160.00000     15.00000      1.36002      2.47362      0.15501
    165.00000     15.00000      0.90681      2.37033     -0.06128
    170.00000     15.00000      0.31282      2.31003     -0.33646
    175.00000     15.00000     -0.36491      2.30372     -0.65206
    180.00000     15.00000     -1.05031      2.34708     -0.97977
    185.00000     15.00000     -1.66620      2.42210     -1.28771
    190.00000     15.00000     -2.15418      2.50323     -1.54881
    195.00000     15.00000     -2.48847      2.56567     -1.74782
    200.00000     15.00000     -2.67814      2.59291     -1.88384
    205.00000     15.00000     -2.75694      2.58064     -1.96692
    210.00000     15.00000     -2.76516      2.53613     -2.01037
    215.00000     15.00000     -2.73106      2.47362     -2.02195
    220.00000     15.00000     -2.65948      2.40810     -1.99826
    225.00000     15.00000     -2.53168      2.35011     -1.92492
    230.00000     15.00000     -2.31581      2.30359     -1.78298
    235.00000     15.00000     -1.98292      2.26721     -1.55883
    240.00000     15.00000     -1.52153      2.23815     -1.25347
    245.00000     15.00000     -0.94510      2.21622     -0.88680
    250.00000     15.00000     -0.29002      2.20635     -0.49468
    255.00000     15.00000      0.39404      2.21840     -0.11947
    260.00000     15.00000      1.05674      2.26438      0.20246
    265.00000     15.00000      1.65780      2.35454      0.45143
    270.00000     15.00000      2.17218      2.49359      0.62919
    275.00000     15.00000      2.58975      2.67854      0.75579
    280.00000     15.00000      2.91113      2.89814      0.85984
    285.00000     15.00000      3.14283      3.13365      0.96605
    290.00000     15.00000      3.29368      3.36018      1.08474
    295.00000     15.00000      3.37280      3.54830      1.20717
    300.00000     15.00000      3.38781      3.66620      1.30818
    305.00000     15.00000      3.34200      3.68339      1.35482
    310.00000     15.00000      3.23016      3.57630      1.31743
    315.00000     15.00000      3.03531      3.33551      1.17922
    320.00000     15.00000      2.72919      2.97285      0.94137
    325.00000     15.00000      2.27959      2.52542      0.62241
    330.00000     15.00000      1.66408      2.05402      0.25301
    335.00000     15.00000      0.88679      1.63415     -0.13143
    340.00000     15.00000     -0.00865      1.34099     -0.49798
    345.00000     15.00000     -0.93713      1.23145     -0.82126
    350.00000     15.00000     -1.78510      1.32897     -1.08592
    355.00000     15.00000     -2.43727      1.61600     -1.28702
    360.00000     15.00000     -2.80939      2.03731     -1.42894
      0.00000     20.00000     -3.59019      2.26057     -1.53452
      5.00000     20.00000     -3.60728      2.77433     -1.62018
     10.00000     20.00000     -3.25790      3.25646     -1.66276
     15.00000     20.00000     -2.66025      3.64136     -1.67958
     20.00000     20.00000     -1.97474      3.89371     -1.68851
     25.00000     20.00000     -1.35896      4.01209     -1.70386
     30.00000     20.00000     -0.92526      4.02242     -1.73254
     35.00000     20.00000     -0.71477      3.96444     -1.77204
     40.00000     20.00000     -0.69602      3.87635     -1.81126
     45.00000     20.00000     -0.78732      3.78280     -1.83448
     50.00000     20.00000     -0.89335      3.69015     -1.82738
     55.00000     20.00000     -0.94208      3.58938     -1.78291
     60.00000     20.00000     -0.90824      3.46477     -1.70472
     65.00000     20.00000     -0.81599      3.30399     -1.60652
     70.00000     20.00000     -0.72130      3.10590     -1.50728
     75.00000     20.00000     -0.68291      2.88301     -1.42395
     80.00000     20.00000     -0.73414      2.65862     -1.36457
     85.00000     20.00000     -0.86689      2.46013     -1.32449
     90.00000     20.00000     -1.03343      2.31165     -1.28743
     95.00000     20.00000     -1.16396      2.22845     -1.23115
    100.00000     20.00000     -1.19199      2.21475     -1.13552
    105.00000     20.00000     -1.07691      2.26486     -0.98995
    110.00000     20.00000     -0.81538      2.36599     -0.79744
    115.00000     20.00000     -0.43856      2.50143     -0.57370
    120.00000     20.00000      0.00183      2.65260     -0.34219
    125.00000     20.00000      0.45129      2.80013     -0.12719
    130.00000     20.00000      0.86628      2.92451      0.05214
    135.00000     20.00000      1.21910      3.00759      0.18461
    140.00000     20.00000      1.49364      3.03521      0.26610
    145.00000     20.00000      1.67650      3.00069      0.29607
    150.00000     20.00000      1.74964      2.90790      0.27385
    155.00000     20.00000      1.68959      2.77210      0.19693
    160.00000     20.00000      1.47436      2.61774      0.06218
    165.00000     20.00000      1.09498      2.47318     -0.13048
    170.00000     20.00000      0.56598      2.36376     -0.37398
    175.00000     20.00000     -0.07109      2.30551     -0.65215
    180.00000     20.00000     -0.75361      2.30157     -0.94122
    185.00000     20.00000     -1.41201      2.34270     -1.21493
    190.00000     20.00000     -1.98656      2.41127     -1.45110
    195.00000     20.00000     -2.44040      2.48745     -1.63713
    200.00000     20.00000     -2.76364      2.55500     -1.77166
    205.00000     20.00000     -2.96746      2.60485     -1.86168
    210.00000     20.00000     -3.07100      2.63549     -1.91611
    215.00000     20.00000     -3.08729      2.65057     -1.93871
    220.00000     20.00000     -3.01414      2.65533     -1.92370
    225.00000     20.00000     -2.83391      2.65357     -1.85623
    230.00000     20.00000     -2.52199      2.64658     -1.71819
    235.00000     20.00000     -2.06015      2.63414     -1.49690
    240.00000     20.00000     -1.44916      2.61691     -1.19328
    245.00000     20.00000     -0.71541      2.59872     -0.82587
    250.00000     20.00000      0.09085      2.58762     -0.42850
    255.00000     20.00000      0.90486      2.59499     -0.04219
    260.00000     20.00000      1.66084      2.63300      0.29600
    265.00000     20.00000      2.30515      2.71143      0.56292
    270.00000     20.00000      2.80525      2.83476      0.75458
    275.00000     20.00000      3.15303      3.00033      0.88453
    280.00000     20.00000      3.36257      3.19767      0.97636
    285.00000     20.00000      3.46386      3.40865      1.05313
    290.00000     20.00000      3.49427      3.60832      1.12782
    295.00000     20.00000      3.48912      3.76649      1.19820
    300.00000     20.00000      3.47222      3.85048      1.24769
    305.00000     20.00000      3.44756      3.82972      1.25158
    310.00000     20.00000      3.39419      3.68236      1.18590
    315.00000     20.00000      3.26667      3.40274      1.03566
    320.00000     20.00000      3.00344      3.00798      0.79992
    325.00000     20.00000      2.54328      2.54065      0.49222
    330.00000     20.00000      1.84736      2.06547      0.13718
    335.00000     20.00000      0.92064      1.65910     -0.23514
    340.00000     20.00000     -0.17493      1.39461     -0.59514
    345.00000     20.00000     -1.32237      1.32438     -0.91810
    350.00000     20.00000     -2.36953      1.46627     -1.18679
    355.00000     20.00000     -3.16346      1.79779     -1.39243
    360.00000     20.00000     -3.59019      2.26057     -1.53452
      0.00000     25.00000     -4.31826      2.55439     -1.50602
      5.00000     25.00000     -4.26843      3.09850     -1.58504
     10.00000     25.00000     -3.75534      3.60430     -1.61679
     15.00000     25.00000     -2.90933      4.00723     -1.61578
     20.00000     25.00000     -1.91700      4.27094     -1.59929
     25.00000     25.00000     -0.97452      4.39078     -1.58397
     30.00000     25.00000     -0.24090      4.38861     -1.58210
     35.00000     25.00000      0.19495      4.30139     -1.59868
     40.00000     25.00000      0.32466      4.16787     -1.63048
     45.00000     25.00000      0.20728      4.01775     -1.66764
     50.00000     25.00000     -0.06060      3.86639     -1.69744
     55.00000     25.00000     -0.37974      3.71571     -1.70896
     60.00000     25.00000     -0.67609      3.55981     -1.69676
     65.00000     25.00000     -0.91348      3.39233     -1.66228
     70.00000     25.00000     -1.08950      3.21236     -1.61225
     75.00000     25.00000     -1.21974      3.02698     -1.55492
     80.00000     25.00000     -1.31887      2.84998     -1.49571
     85.00000     25.00000     -1.38743      2.69791     -1.43411
     90.00000     25.00000     -1.40919      2.58549     -1.36341
     95.00000     25.00000     -1.35890      2.52212     -1.27330
    100.00000     25.00000     -1.21554      2.51052     -1.15426
    105.00000     25.00000     -0.97416      2.54725     -1.00211
    110.00000     25.00000     -0.65074      2.62430     -0.82057
    115.00000     25.00000     -0.27809      2.73052     -0.62109
    120.00000     25.00000      0.10477      2.85246     -0.41996
    125.00000     25.00000      0.46453      2.97462     -0.23411
    130.00000     25.00000      0.78123      3.07989     -0.07746
    135.00000     25.00000      1.04843      3.15094      0.04104
    140.00000     25.00000      1.26655      3.17289      0.11687
    145.00000     25.00000      1.43308      3.13680      0.14801
    150.00000     25.00000      1.53522      3.04275      0.13284
    155.00000     25.00000      1.54879      2.90126      0.06930
    160.00000     25.00000      1.44467      2.73205     -0.04394
    165.00000     25.00000      1.20003      2.56021     -0.20492
    170.00000     25.00000      0.80964      2.41081     -0.40587
    175.00000     25.00000      0.29208      2.30352     -0.63224
    180.00000     25.00000     -0.31187      2.24900     -0.86447
    185.00000     25.00000     -0.94812      2.24801     -1.08206
    190.00000     25.00000     -1.56177      2.29312     -1.26862
    195.00000     25.00000     -2.10817      2.37222     -1.41567
    200.00000     25.00000     -2.55836      2.47216     -1.52344
    205.00000     25.00000     -2.89745      2.58140     -1.59810
    210.00000     25.00000     -3.11756      2.69099     -1.64633
    215.00000     25.00000     -3.20968      2.79410     -1.66966
    220.00000     25.00000     -3.15862      2.88502     -1.66106
    225.00000     25.00000     -2.94428      2.95851     -1.60570
    230.00000     25.00000     -2.54890      3.01020     -1.48600
    235.00000     25.00000     -1.96774      3.03794     -1.28911
    240.00000     25.00000     -1.21850      3.04341     -1.01416
    245.00000     25.00000     -0.34546      3.03317     -0.67595
    250.00000     25.00000      0.58393      3.01836     -0.30356
    255.00000     25.00000      1.48958      3.01300      0.06615
    260.00000     25.00000      2.29356      3.03120      0.39785
    265.00000     25.00000      2.93502      3.08406      0.66657
    270.00000     25.00000      3.38133      3.17710      0.86304
    275.00000     25.00000      3.63293      3.30851      0.99356
    280.00000     25.00000      3.72094      3.46844      1.07488
    285.00000     25.00000      3.69835      3.63903      1.12598
    290.00000     25.00000      3.62658      3.79540      1.16019
    295.00000     25.00000      3.55979      3.90756      1.18015
    300.00000     25.00000      3.52989      3.94389      1.17744
    305.00000     25.00000      3.53525      3.87643      1.13641
    310.00000     25.00000      3.53637      3.68761      1.04062
    315.00000     25.00000      3.46095      3.37729      0.87922
    320.00000     25.00000      3.21940      2.96803      0.65115
    325.00000     25.00000      2.72903      2.50619      0.36622
    330.00000     25.00000      1.94177      2.05716      0.04300
    335.00000     25.00000      0.86822      1.69461     -0.29508
    340.00000     25.00000     -0.41042      1.48552     -0.62398
    345.00000     25.00000     -1.74834      1.47462     -0.92254
    350.00000     25.00000     -2.96066      1.67275     -1.17463
    355.00000     25.00000     -3.86343      2.05268     -1.37027
    360.00000     25.00000     -4.31826      2.55439     -1.50602
      0.00000     30.00000     -4.83150      2.90740     -1.31542
      5.00000     30.00000     -4.71050      3.47293     -1.39351
     10.00000     30.00000     -4.05641      3.99190     -1.43101
     15.00000     30.00000     -3.00498      4.40222     -1.43807
     20.00000     30.00000     -1.75804      4.66736     -1.42813
     25.00000     30.00000     -0.53776      4.77990     -1.41562
     30.00000     30.00000      0.46137      4.75772     -1.41287
     35.00000     30.00000      1.11019      4.63490     -1.42721
     40.00000     30.00000      1.36283      4.45058     -1.45920
     45.00000     30.00000      1.25265      4.23936     -1.50289
     50.00000     30.00000      0.87019      4.02546     -1.54787
     55.00000     30.00000      0.33209      3.82174     -1.58274
     60.00000     30.00000     -0.24875      3.63235     -1.59854
     65.00000     30.00000     -0.78379      3.45722     -1.59102
     70.00000     30.00000     -1.21686      3.29619     -1.56095
     75.00000     30.00000     -1.52101      3.15129     -1.51244
     80.00000     30.00000     -1.68949      3.02685     -1.45033
     85.00000     30.00000     -1.72636      2.92806     -1.37758
     90.00000     30.00000     -1.64111      2.85907     -1.29405
     95.00000     30.00000     -1.44803      2.82169     -1.19699
    100.00000     30.00000     -1.16835      2.81520     -1.08297
    105.00000     30.00000     -0.83171      2.83685     -0.95036
    110.00000     30.00000     -0.47406      2.88256     -0.80124
    115.00000     30.00000     -0.13152      2.94720     -0.64181
    120.00000     30.00000      0.16800      3.02410     -0.48148
    125.00000     30.00000      0.41162      3.10426     -0.33083
    130.00000     30.00000      0.60348      3.17596     -0.19969
    135.00000     30.00000      0.76031      3.22548     -0.09588
    140.00000     30.00000      0.90183      3.23917     -0.02505
    145.00000     30.00000      1.03968      3.20652      0.00876
    150.00000     30.00000      1.16932      3.12328      0.00257
    155.00000     30.00000      1.26822      2.99355     -0.04542
    160.00000     30.00000      1.30142      2.82992     -0.13475
    165.00000     30.00000      1.23224      2.65151     -0.26124
    170.00000     30.00000      1.03426      2.48044     -0.41575
    175.00000     30.00000      0.70020      2.33781     -0.58452
    180.00000     30.00000      0.24483      2.24019     -0.75119
    185.00000     30.00000     -0.29839      2.19760     -0.90030
    190.00000     30.00000     -0.88498      2.21306     -1.02101
    195.00000     30.00000     -1.46769      2.28334     -1.10954
    200.00000     30.00000     -2.00256      2.40044     -1.16910
    205.00000     30.00000     -2.45097      2.55292     -1.20700
    210.00000     30.00000     -2.77849      2.72702     -1.22999
    215.00000     30.00000     -2.95289      2.90758     -1.23954
    220.00000     30.00000     -2.94392      3.07912     -1.22911
    225.00000     30.00000     -2.72676      3.22736     -1.18494
    230.00000     30.00000     -2.28878      3.34116     -1.09025
    235.00000     30.00000     -1.63756      3.41456     -0.93162
    240.00000     30.00000     -0.80680      3.44822     -0.70524
    245.00000     30.00000      0.14285      3.44970     -0.42053
    250.00000     30.00000      1.12977      3.43228     -0.09968
    255.00000     30.00000      2.06347      3.41244      0.22693
    260.00000     30.00000      2.86032      3.40662      0.52802
    265.00000     30.00000      3.45909      3.42790      0.77878
    270.00000     30.00000      3.83247      3.48333      0.96597
    275.00000     30.00000      3.99154      3.57214      1.08901
    280.00000     30.00000      3.98210      3.68507      1.15713
    285.00000     30.00000      3.87324      3.80471      1.18384
    290.00000     30.00000      3.74023      3.90683      1.18094
    295.00000     30.00000      3.64517      3.96304      1.15431
    300.00000     30.00000      3.61928      3.94479      1.10263
    305.00000     30.00000      3.65122      3.82893      1.01931
    310.00000     30.00000      3.68482      3.60403      0.89638
    315.00000     30.00000      3.62853      3.27625      0.72868
    320.00000     30.00000      3.37613      2.87294      0.51683
    325.00000     30.00000      2.83536      2.44208      0.26817
    330.00000     30.00000      1.95822      2.04658     -0.00445
    335.00000     30.00000      0.76480      1.75354     -0.28506
    340.00000     30.00000     -0.64707      1.62073     -0.55722
    345.00000     30.00000     -2.11144      1.68325     -0.80616
    350.00000     30.00000     -3.42317      1.94421     -1.02017
    355.00000     30.00000     -4.38057      2.37231     -1.19121
    360.00000     30.00000     -4.83150      2.90740     -1.31542
      0.00000     35.00000     -4.99528      3.26688     -0.97690
      5.00000     35.00000     -4.81495      3.84140     -1.05968
     10.00000     35.00000     -4.07289      4.36112     -1.11810
     15.00000     35.00000     -2.90169      4.76772     -1.15669
     20.00000     35.00000     -1.50357      5.02553     -1.18235
     25.00000     35.00000     -0.10828      5.12504     -1.20325
     30.00000     35.00000      1.07284      5.08052     -1.22690
     35.00000     35.00000      1.88556      4.92308     -1.25811
     40.00000     35.00000      2.25556      4.69167     -1.29738
     45.00000     35.00000      2.19158      4.42460     -1.34062
     50.00000     35.00000      1.77106      4.15355     -1.38025
     55.00000     35.00000      1.11428      3.90081     -1.40750
     60.00000     35.00000      0.35530      3.67945     -1.41510
     65.00000     35.00000     -0.38313      3.49525     -1.39936
     70.00000     35.00000     -1.00602      3.34919     -1.36098
     75.00000     35.00000     -1.45309      3.23930     -1.30429
     80.00000     35.00000     -1.69809      3.16188     -1.23536
     85.00000     35.00000     -1.74374      3.11199     -1.15979
     90.00000     35.00000     -1.61526      3.08390     -1.08091
     95.00000     35.00000     -1.35411      3.07179     -0.99919
    100.00000     35.00000     -1.01182      3.07071     -0.91289
    105.00000     35.00000     -0.64338      3.07745     -0.81954
    110.00000     35.00000     -0.29950      3.09089     -0.71761
    115.00000     35.00000     -0.01841      3.11132     -0.60779
    120.00000     35.00000      0.18099      3.13900     -0.49342
    125.00000     35.00000      0.30226      3.17230     -0.38015
    130.00000     35.00000      0.36918      3.20626     -0.27510
    135.00000     35.00000      0.41778      3.23229     -0.18594
    140.00000     35.00000      0.48454      3.23934     -0.12002
    145.00000     35.00000      0.59424      3.21627     -0.08366
    150.00000     35.00000      0.75102      3.15489     -0.08139
    155.00000     35.00000      0.93575      3.05265     -0.11503
    160.00000     35.00000      1.11036      2.91412     -0.18268
    165.00000     35.00000      1.22758      2.75094     -0.27801
    170.00000     35.00000      1.24308      2.58025     -0.39033
    175.00000     35.00000      1.12624      2.42203     -0.50585
    180.00000     35.00000      0.86679      2.29606     -0.61021
    185.00000     35.00000      0.47632      2.21917     -0.69160
    190.00000     35.00000     -0.01469      2.20304     -0.74360
    195.00000     35.00000     -0.56226      2.25283     -0.76656
    200.00000     35.00000     -1.11462      2.36654     -0.76691
    205.00000     35.00000     -1.61688      2.53511     -0.75418
    210.00000     35.00000     -2.01458      2.74328     -0.73679
    215.00000     35.00000     -2.25684      2.97121     -0.71795
    220.00000     35.00000     -2.30052      3.19695     -0.69337
    225.00000     35.00000     -2.11576      3.39948     -0.65173
    230.00000     35.00000     -1.69247      3.56193     -0.57799
    235.00000     35.00000     -1.04614      3.67425     -0.45864
    240.00000     35.00000     -0.22053      3.73490     -0.28703
    245.00000     35.00000      0.71464      3.75076     -0.06689
    250.00000     35.00000      1.67180      3.73555      0.18717
    255.00000     35.00000      2.55866      3.70679      0.45246
    260.00000     35.00000      3.29389      3.68220      0.70338
    265.00000     35.00000      3.82182      3.67612      0.91718
    270.00000     35.00000      4.12279      3.69660      1.07855
    275.00000     35.00000      4.21622      3.74365      1.18156
    280.00000     35.00000      4.15537      3.80868      1.22882
    285.00000     35.00000      4.01427      3.87517      1.22835
    290.00000     35.00000      3.86928      3.92061      1.18969
    295.00000     35.00000      3.77896      3.91967      1.12067
    300.00000     35.00000      3.76671      3.84862      1.02583
    305.00000     35.00000      3.81065      3.69062      0.90675
    310.00000     35.00000      3.84409      3.44115      0.76371
    315.00000     35.00000      3.76790      3.11240      0.59769
    320.00000     35.00000      3.47355      2.73506      0.41187
    325.00000     35.00000      2.87255      2.35645      0.21197
    330.00000     35.00000      1.92563      2.03422      0.00560
    335.00000     35.00000      0.66403      1.82643     -0.19903
    340.00000     35.00000     -0.80401      1.77989     -0.39428
    345.00000     35.00000     -2.30517      1.91933     -0.57381
    350.00000     35.00000     -3.63074      2.24052     -0.73280
    355.00000     35.00000     -4.57823      2.70924     -0.86784
    360.00000     35.00000     -4.99528      3.26688     -0.97690
      0.00000     40.00000     -4.74973      3.54699     -0.54624
      5.00000     40.00000     -4.53503      4.11333     -0.63631
     10.00000     40.00000     -3.77622      4.61867     -0.72342
     15.00000     40.00000     -2.59406      5.00973     -0.80621
     20.00000     40.00000     -1.17560      5.25280     -0.88379
     25.00000     40.00000      0.26185      5.33717     -0.95584
     30.00000     40.00000      1.51141      5.27392     -1.02219
     35.00000     40.00000      2.41278      5.09095     -1.08197
     40.00000     40.00000      2.87621      4.82585     -1.13293
     45.00000     40.00000      2.89039      4.51862     -1.17126
     50.00000     40.00000      2.51452      4.20570     -1.19225
     55.00000     40.00000      1.85841      3.91602     -1.19162
     60.00000     40.00000      1.05677      3.66931     -1.16712
     65.00000     40.00000      0.24368      3.47607     -1.11978
     70.00000     40.00000     -0.46784      3.33858     -1.05416
     75.00000     40.00000     -0.99881      3.25247     -0.97765
     80.00000     40.00000     -1.30942      3.20842     -0.89862
     85.00000     40.00000     -1.39775      3.19414     -0.82439
     90.00000     40.00000     -1.29377      3.19642     -0.75935
     95.00000     40.00000     -1.05041      3.20336     -0.70407
    100.00000     40.00000     -0.73296      3.20630     -0.65553
    105.00000     40.00000     -0.40766      3.20115     -0.60841
    110.00000     40.00000     -0.13075      3.18855     -0.55698
    115.00000     40.00000      0.06088      3.17284     -0.49695
    120.00000     40.00000      0.15548      3.15988     -0.42700
    125.00000     40.00000      0.16739      3.15443     -0.34935
    130.00000     40.00000      0.13233      3.15778     -0.26958
    135.00000     40.00000      0.09771      3.16652     -0.19571
    140.00000     40.00000      0.11006      3.17264     -0.13678
    145.00000     40.00000      0.20257      3.16528     -0.10111
    150.00000     40.00000      0.38600      3.13342     -0.09462
    155.00000     40.00000      0.64528      3.06893     -0.11929
    160.00000     40.00000      0.94250      2.96908     -0.17222
    165.00000     40.00000      1.22528      2.83804     -0.24547
    170.00000     40.00000      1.43824      2.68689     -0.32698
    175.00000     40.00000      1.53437      2.53238     -0.40259
    180.00000     40.00000      1.48395      2.39447     -0.45889
    185.00000     40.00000      1.27956      2.29338     -0.48615
    190.00000     40.00000      0.93669      2.24640     -0.48064
    195.00000     40.00000      0.49116      2.26506     -0.44539
    200.00000     40.00000     -0.00575      2.35308     -0.38914
    205.00000     40.00000     -0.49316      2.50533     -0.32343
    210.00000     40.00000     -0.90688      2.70825     -0.25883
    215.00000     40.00000     -1.18606      2.94159     -0.20125
    220.00000     40.00000     -1.28011      3.18137     -0.14980
    225.00000     40.00000     -1.15564      3.40374     -0.09686
    230.00000     40.00000     -0.80263      3.58874     -0.03047
    235.00000     40.00000     -0.23849      3.72350      0.06164
    240.00000     40.00000      0.49158      3.80407      0.18761
    245.00000     40.00000      1.31892      3.83539      0.34816
    250.00000     40.00000      2.16054      3.82968      0.53535
    255.00000     40.00000      2.93199      3.80332      0.73390
    260.00000     40.00000      3.56161      3.77323      0.92445
    265.00000     40.00000      4.00324      3.75319      1.08777
    270.00000     40.00000      4.24438      3.75100      1.20863
    275.00000     40.00000      4.30760      3.76677      1.27819
    280.00000     40.00000      4.24432      3.79252      1.29456
    285.00000     40.00000      4.12183      3.81324      1.26165
    290.00000     40.00000      4.00584      3.80924      1.18711
    295.00000     40.00000      3.94243      3.75958      1.08009
    300.00000     40.00000      3.94331      3.64645      0.94965
    305.00000     40.00000      3.97858      3.45987      0.80395
    310.00000     40.00000      3.97948      3.20190      0.65014
    315.00000     40.00000      3.85187      2.88950      0.49456
    320.00000     40.00000      3.49850      2.55478      0.34276
    325.00000     40.00000      2.84582      2.24215      0.19918
    330.00000     40.00000      1.86908      2.00203      0.06671
    335.00000     40.00000      0.60931      1.88217     -0.05377
    340.00000     40.00000     -0.82335      1.91809     -0.16341
    345.00000     40.00000     -2.26248      2.12483     -0.26479
    350.00000     40.00000     -3.51305      2.49215     -0.36095
    355.00000     40.00000     -4.38858      2.98465     -0.45438
    360.00000     40.00000     -4.74973      3.54699     -0.54624
      0.00000     45.00000     -4.13725      3.65352     -0.10582
      5.00000     45.00000     -3.91890      4.18962     -0.20140
     10.00000     45.00000     -3.21535      4.66249     -0.31487
     15.00000     45.00000     -2.12851      5.02508     -0.43986
     20.00000     45.00000     -0.81753      5.24675     -0.56832
     25.00000     45.00000      0.52975      5.31651     -0.69168
     30.00000     45.00000      1.72989      5.24270     -0.80177
     35.00000     45.00000      2.63446      5.04950     -0.89132
     40.00000     45.00000      3.15202      4.77159     -0.95433
     45.00000     45.00000      3.25791      4.44799     -0.98637
     50.00000     45.00000      2.99101      4.11642     -0.98513
     55.00000     45.00000      2.43984      3.80889     -0.95098
     60.00000     45.00000      1.72190      3.54881     -0.88752
     65.00000     45.00000      0.96118      3.34970     -0.80170
     70.00000     45.00000      0.26802      3.21520     -0.70322
     75.00000     45.00000     -0.27573      3.14020     -0.60325
     80.00000     45.00000     -0.62471      3.11280     -0.51250
     85.00000     45.00000     -0.77137      3.11695     -0.43918
     90.00000     45.00000     -0.74141      3.13546     -0.38741
     95.00000     45.00000     -0.58488      3.15301     -0.35644
    100.00000     45.00000     -0.36465      3.15871     -0.34103
    105.00000     45.00000     -0.14384      3.14769     -0.33294
    110.00000     45.00000      0.02577      3.12135     -0.32301
    115.00000     45.00000      0.11290      3.08613     -0.30356
    120.00000     45.00000      0.11164      3.05113     -0.27030
    125.00000     45.00000      0.04134      3.02510     -0.22342
    130.00000     45.00000     -0.05878      3.01362     -0.16764
    135.00000     45.00000     -0.13918      3.01709     -0.11123
    140.00000     45.00000     -0.15179      3.03024     -0.06419
    145.00000     45.00000     -0.06151      3.04308     -0.03596
    150.00000     45.00000      0.14536      3.04325     -0.03319
    155.00000     45.00000      0.45740      3.01896     -0.05792
    160.00000     45.00000      0.83986      2.96216     -0.10669
    165.00000     45.00000      1.24136      2.87082     -0.17064
    170.00000     45.00000      1.60378      2.75018     -0.23698
    175.00000     45.00000      1.87292      2.61248     -0.29131
    180.00000     45.00000      2.00806      2.47536     -0.32056
    185.00000     45.00000      1.98851      2.35901     -0.31580
    190.00000     45.00000      1.81659      2.28289     -0.27422
    195.00000     45.00000      1.51710      2.26218     -0.19967
    200.00000     45.00000      1.13376      2.30507     -0.10152
    205.00000     45.00000      0.72343      2.41100      0.00784
    210.00000     45.00000      0.34897      2.57051      0.11640
    215.00000     45.00000      0.07139      2.76669      0.21570
    220.00000     45.00000     -0.05815      2.97799      0.30289
    225.00000     45.00000     -0.00554      3.18191      0.38115
    230.00000     45.00000      0.24071      3.35881      0.45817
    235.00000     45.00000      0.66668      3.49511      0.54324
    240.00000     45.00000      1.23384      3.58508      0.64388
    245.00000     45.00000      1.88404      3.63113      0.76290
    250.00000     45.00000      2.54816      3.64232      0.89688
    255.00000     45.00000      3.15730      3.63171      1.03640
    260.00000     45.00000      3.65453      3.61305      1.16784
    265.00000     45.00000      4.00473      3.59746      1.27628
    270.00000     45.00000      4.20036      3.59092      1.34847
    275.00000     45.00000      4.26149      3.59272      1.37532
    280.00000     45.00000      4.22966      3.59539      1.35317
    285.00000     45.00000      4.15664      3.58593      1.28405
    290.00000     45.00000      4.09001      3.54826      1.17476
    295.00000     45.00000      4.05893      3.46661      1.03559
    300.00000     45.00000      4.06342      3.32937      0.87873
    305.00000     45.00000      4.07019      3.13297      0.71685
    310.00000     45.00000      4.01681      2.88477      0.56180
    315.00000     45.00000      3.82434      2.60459      0.42348
    320.00000     45.00000      3.41638      2.32381      0.30882
    325.00000     45.00000      2.74074      2.08201      0.22094
    330.00000     45.00000      1.78880      1.92129      0.15870
    335.00000     45.00000      0.60738      1.87899      0.11685
    340.00000     45.00000     -0.70060      1.98028      0.08687
    345.00000     45.00000     -1.98827      2.23220      0.05850
    350.00000     45.00000     -3.08833      2.62066      0.02168
    355.00000     45.00000     -3.84344      3.11115     -0.03160
    360.00000     45.00000     -4.13725      3.65352     -0.10582
      0.00000     50.00000     -3.29837      3.51696      0.25981
      5.00000     50.00000     -3.10399      3.99786      0.16414
     10.00000     50.00000     -2.51175      4.41833      0.03541
     15.00000     50.00000     -1.60067      4.73860     -0.11678
     20.00000     50.00000     -0.49458      4.93216     -0.27948
     25.00000     50.00000      0.65862      4.98862     -0.43826
     30.00000     50.00000      1.71153      4.91389     -0.57902
     35.00000     50.00000      2.54066      4.72795     -0.68953
     40.00000     50.00000      3.06421      4.46088     -0.76064
     45.00000     50.00000      3.25141      4.14794     -0.78711
     50.00000     50.00000      3.12223      3.82460     -0.76815
     55.00000     50.00000      2.73864      3.52221     -0.70753
     60.00000     50.00000      2.18985      3.26475     -0.61330
     65.00000     50.00000      1.57489      3.06689     -0.49696
     70.00000     50.00000      0.98582      2.93342     -0.37212
     75.00000     50.00000      0.49442      2.86003     -0.25267
     80.00000     50.00000      0.14388      2.83510     -0.15073
     85.00000     50.00000     -0.05380      2.84246     -0.07477
     90.00000     50.00000     -0.11500      2.86456     -0.02828
     95.00000     50.00000     -0.07734      2.88568     -0.00938
    100.00000     50.00000      0.01021      2.89453     -0.01144
    105.00000     50.00000      0.09822      2.88599     -0.02476
    110.00000     50.00000      0.14700      2.86129     -0.03876
    115.00000     50.00000      0.13420      2.82701     -0.04443
    120.00000     50.00000      0.05872      2.79278     -0.03633
    125.00000     50.00000     -0.05969      2.76838     -0.01373
    130.00000     50.00000     -0.18526      2.76094      0.01926
    135.00000     50.00000     -0.27419      2.77271      0.05478
    140.00000     50.00000     -0.28440      2.80017      0.08311
    145.00000     50.00000     -0.18490      2.83451      0.09500
    150.00000     50.00000      0.03710      2.86342      0.08410
    155.00000     50.00000      0.37279      2.87376      0.04867
    160.00000     50.00000      0.79270      2.85463     -0.00748
    165.00000     50.00000      1.25156      2.80001     -0.07537
    170.00000     50.00000      1.69605      2.71048     -0.14226
    175.00000     50.00000      2.07376      2.59369     -0.19403
    180.00000     50.00000      2.34169      2.46344     -0.21790
    185.00000     50.00000      2.47289      2.33741     -0.20502
    190.00000     50.00000      2.46031      2.23421     -0.15220
    195.00000     50.00000      2.31750      2.17006     -0.06240
    200.00000     50.00000      2.07641      2.15586      0.05606
    205.00000     50.00000      1.78267      2.19531      0.19163
    210.00000     50.00000      1.48922      2.28421      0.33220
    215.00000     50.00000      1.24893      2.41144      0.46774
    220.00000     50.00000      1.10728      2.56104      0.59227
    225.00000     50.00000      1.09589      2.71528      0.70455
    230.00000     50.00000      1.22790      2.85782      0.80733
    235.00000     50.00000      1.49594      2.97650      0.90559
    240.00000     50.00000      1.87322      3.06496      1.00412
    245.00000     50.00000      2.31790      3.12307      1.10527
    250.00000     50.00000      2.78001      3.15590      1.20751
    255.00000     50.00000      3.21005      3.17169      1.30507
    260.00000     50.00000      3.56757      3.17928      1.38886
    265.00000     50.00000      3.82799      3.18549      1.44823
    270.00000     50.00000      3.98620      3.19316      1.47324
    275.00000     50.00000      4.05584      3.20009      1.45667
    280.00000     50.00000      4.06433      3.19912      1.39566
    285.00000     50.00000      4.04427      3.17946      1.29240
    290.00000     50.00000      4.02324      3.12893      1.15401
    295.00000     50.00000      4.01403      3.03690      0.99172
    300.00000     50.00000      4.00807      2.89743      0.81947
    305.00000     50.00000      3.97384      2.71201      0.65215
    310.00000     50.00000      3.86135      2.49141      0.50379
    315.00000     50.00000      3.61248      2.25605      0.38566
    320.00000     50.00000      3.17542      2.03454      0.30479
    325.00000     50.00000      2.52020      1.86035      0.26281
    330.00000     50.00000      1.65179      1.76689      0.25558
    335.00000     50.00000      0.61730      1.78192      0.27367
    340.00000     50.00000     -0.49517      1.92204      0.30367
    345.00000     50.00000     -1.56692      2.18865      0.33032
    350.00000     50.00000     -2.46668      2.56621      0.33891
    355.00000     50.00000     -3.07330      3.02339      0.31771
    360.00000     50.00000     -3.29837      3.51696      0.25981
      0.00000     55.00000     -2.43433      3.12153      0.48934
      5.00000     55.00000     -2.28174      3.52347      0.40025
     10.00000     55.00000     -1.83022      3.87256      0.27168
     15.00000     55.00000     -1.13556      4.13715      0.11424
     20.00000     55.00000     -0.28514      4.29568     -0.05736
     25.00000     55.00000      0.61569      4.33906     -0.22637
     30.00000     55.00000      1.46006      4.27114     -0.37617
     35.00000     55.00000      2.15555      4.10734     -0.49230
     40.00000     55.00000      2.63699      3.87184     -0.56411
     45.00000     55.00000      2.87386      3.59386     -0.58591
     50.00000     55.00000      2.87145      3.30370     -0.55751
     55.00000     55.00000      2.66607      3.02892     -0.48409
     60.00000     55.00000      2.31578      2.79134     -0.37553
     65.00000     55.00000      1.88866      2.60509     -0.24507
     70.00000     55.00000      1.45091      2.47572     -0.10759
     75.00000     55.00000      1.05673      2.40068      0.02240
     80.00000     55.00000      0.74157      2.37077      0.13273
     85.00000     55.00000      0.51934      2.37254      0.21525
     90.00000     55.00000      0.38375      2.39100      0.26676
     95.00000     55.00000      0.31292      2.41250      0.28919
    100.00000     55.00000      0.27641      2.42703      0.28880
    105.00000     55.00000      0.24309      2.42968      0.27459
    110.00000     55.00000      0.18847      2.42097      0.25623
    115.00000     55.00000      0.10028      2.40600      0.24194
    120.00000     55.00000     -0.01882      2.39260      0.23677
    125.00000     55.00000     -0.15164      2.38897      0.24156
    130.00000     55.00000     -0.26998      2.40125      0.25297
    135.00000     55.00000     -0.34045      2.43155      0.26437
    140.00000     55.00000     -0.33147      2.47703      0.26758
    145.00000     55.00000     -0.22004      2.53004      0.25500
    150.00000     55.00000      0.00309      2.57943      0.22160
    155.00000     55.00000      0.33071      2.61273      0.16654
    160.00000     55.00000      0.73958      2.61864      0.09384
    165.00000     55.00000      1.19367      2.58952      0.01209
    170.00000     55.00000      1.64958      2.52311     -0.06683
    175.00000     55.00000      2.06321      2.42334     -0.12977
    180.00000     55.00000      2.39634      2.29990     -0.16463
    185.00000     55.00000      2.62212      2.16673     -0.16253
    190.00000     55.00000      2.72868      2.03972     -0.11932
    195.00000     55.00000      2.72036      1.93402     -0.03617
    200.00000     55.00000      2.61666      1.86157      0.08095
    205.00000     55.00000      2.44894      1.82922      0.22266
    210.00000     55.00000      2.25572      1.83787      0.37816
    215.00000     55.00000      2.07693      1.88282      0.53727
    220.00000     55.00000      1.94826      1.95507      0.69206
    225.00000     55.00000      1.89616      2.04333      0.83766
    230.00000     55.00000      1.93427      2.13634      0.97219
    235.00000     55.00000      2.06195      2.22484      1.09583
    240.00000     55.00000      2.26504      2.30297      1.20942
    245.00000     55.00000      2.51886      2.36863      1.31301
    250.00000     55.00000      2.79292      2.42297      1.40473
    255.00000     55.00000      3.05659      2.46910      1.48042
    260.00000     55.00000      3.28455      2.51039      1.53399
    265.00000     55.00000      3.46094      2.54880      1.55849
    270.00000     55.00000      3.58135      2.58358      1.54760
    275.00000     55.00000      3.65202      2.61071      1.49720
    280.00000     55.00000      3.68640      2.62326      1.40667
    285.00000     55.00000      3.69969      2.61255      1.27965
    290.00000     55.00000      3.70264      2.57000      1.12414
    295.00000     55.00000      3.69599      2.48937      0.95185
    300.00000     55.00000      3.66724      2.36904      0.77699
    305.00000     55.00000      3.59069      2.21372      0.61456
    310.00000     55.00000      3.43139      2.03539      0.47838
    315.00000     55.00000      3.15253      1.85297      0.37920
    320.00000     55.00000      2.72501      1.69067      0.32302
    325.00000     55.00000      2.13711      1.57510      0.31007
    330.00000     55.00000      1.40223      1.53139      0.33453
    335.00000     55.00000      0.56237      1.57909      0.38514
    340.00000     55.00000     -0.31389      1.72836      0.44671
    345.00000     55.00000     -1.13923      1.97739      0.50229
    350.00000     55.00000     -1.82012      2.31156      0.53571
    355.00000     55.00000     -2.27204      2.70458      0.53399
    360.00000     55.00000     -2.43433      3.12153      0.48934
      0.00000     60.00000     -1.74762      2.51754      0.56185
      5.00000     60.00000     -1.64227      2.82327      0.48467
     10.00000     60.00000     -1.33259      3.08714      0.37052
     15.00000     60.00000     -0.85396      3.28581      0.22900
     20.00000     60.00000     -0.26164      3.40313      0.07363
     25.00000     60.00000      0.37722      3.43187     -0.07998
     30.00000     60.00000      0.99329      3.37423     -0.21615
     35.00000     60.00000      1.52474      3.24110     -0.32111
     40.00000     60.00000      1.92524      3.05022     -0.38466
     45.00000     60.00000      2.16900      2.82359     -0.40128
     50.00000     60.00000      2.25231      2.58451     -0.37071
     55.00000     60.00000      2.19135      2.35479     -0.29773
     60.00000     60.00000      2.01731      2.15227     -0.19145
     65.00000     60.00000      1.76962      1.98917     -0.06398
     70.00000     60.00000      1.48873      1.87125      0.07125
     75.00000     60.00000      1.20981      1.79802      0.20124
     80.00000     60.00000      0.95806      1.76372      0.31511
     85.00000     60.00000      0.74656      1.75905      0.40542
     90.00000     60.00000      0.57655      1.77323      0.46887
     95.00000     60.00000      0.43984      1.79609      0.50628
    100.00000     60.00000      0.32285      1.81985      0.52191
    105.00000     60.00000      0.21129      1.84022      0.52218
    110.00000     60.00000      0.09454      1.85669      0.51407
    115.00000     60.00000     -0.03103      1.87200      0.50353
    120.00000     60.00000     -0.16038      1.89086      0.49414
    125.00000     60.00000     -0.28018      1.91824      0.48649
    130.00000     60.00000     -0.37095      1.95767      0.47812
    135.00000     60.00000     -0.41073      2.00979      0.46433
    140.00000     60.00000     -0.37937      2.07162      0.43947
    145.00000     60.00000     -0.26274      2.13655      0.39851
    150.00000     60.00000     -0.05599      2.19530      0.33857
    155.00000     60.00000      0.23473      2.23736      0.26011
    160.00000     60.00000      0.59239      2.25295      0.16740
    165.00000     60.00000      0.99106      2.23483      0.06829
    170.00000     60.00000      1.39931      2.17977     -0.02676
    175.00000     60.00000      1.78453      2.08937     -0.10622
    180.00000     60.00000      2.11729      1.96992     -0.15924
    185.00000     60.00000      2.37525      1.83160     -0.17731
    190.00000     60.00000      2.54584      1.68688     -0.15551
    195.00000     60.00000      2.62757      1.54868     -0.09311
    200.00000     60.00000      2.62961      1.42848      0.00658
    205.00000     60.00000      2.56997      1.33484      0.13702
    210.00000     60.00000      2.47255      1.27248      0.28969
    215.00000     60.00000      2.36348      1.24216      0.45547
    220.00000     60.00000      2.26732      1.24121      0.62585
    225.00000     60.00000      2.20374      1.26466      0.79379
    230.00000     60.00000      2.18512      1.30649      0.95392
    235.00000     60.00000      2.21541      1.36093      1.10235
    240.00000     60.00000      2.29036      1.42330      1.23607
    245.00000     60.00000      2.39917      1.49045      1.35219
    250.00000     60.00000      2.52706      1.56051      1.44743
    255.00000     60.00000      2.65837      1.63234      1.51785
    260.00000     60.00000      2.77946      1.70466      1.55904
    265.00000     60.00000      2.88097      1.77518      1.56680
    270.00000     60.00000      2.95866      1.84011      1.53796
    275.00000     60.00000      3.01297      1.89396      1.47143
    280.00000     60.00000      3.04711      1.93007      1.36902
    285.00000     60.00000      3.06424      1.94157      1.23589
    290.00000     60.00000      3.06443      1.92270      1.08060
    295.00000     60.00000      3.04226      1.87038      0.91449
    300.00000     60.00000      2.98565      1.78555      0.75065
    305.00000     60.00000      2.87679      1.67413      0.60243
    310.00000     60.00000      2.69487      1.54726      0.48175
    315.00000     60.00000      2.42074      1.42067      0.39749
    320.00000     60.00000      2.04224      1.31321      0.35413
    325.00000     60.00000      1.55944      1.24453      0.35095
    330.00000     60.00000      0.98830      1.23235      0.38188
    335.00000     60.00000      0.36185      1.28963      0.43618
    340.00000     60.00000     -0.27189      1.42214      0.49977
    345.00000     60.00000     -0.85514      1.62698      0.55719
    350.00000     60.00000     -1.32808      1.89216      0.59377
    355.00000     60.00000     -1.63795      2.19765      0.59771
    360.00000     60.00000     -1.74762      2.51754      0.56185
      0.00000     65.00000     -1.37956      1.81056      0.50013
      5.00000     65.00000     -1.31660      2.01432      0.43719
     10.00000     65.00000     -1.12811      2.18834      0.34635
     15.00000     65.00000     -0.83389      2.31718      0.23491
     20.00000     65.00000     -0.46470      2.38998      0.11326
     25.00000     65.00000     -0.05823      2.40165     -0.00652
     30.00000     65.00000      0.34590      2.35331     -0.11212
     35.00000     65.00000      0.71114      2.25187     -0.19265
     40.00000     65.00000      1.00833      2.10901     -0.23985
     45.00000     65.00000      1.21869      1.93950     -0.24908
     50.00000     65.00000      1.33500      1.75938     -0.21975
     55.00000     65.00000      1.36097      1.58405     -0.15520
     60.00000     65.00000      1.30919      1.42657     -0.06218
     65.00000     65.00000      1.19788      1.29646      0.05019
     70.00000     65.00000      1.04741      1.19909      0.17166
     75.00000     65.00000      0.87694      1.13558      0.29213
     80.00000     65.00000      0.70185      1.10347      0.40292
     85.00000     65.00000      0.53236      1.09764      0.49762
     90.00000     65.00000      0.37330      1.11164      0.57263
     95.00000     65.00000      0.22509      1.13903      0.62716
    100.00000     65.00000      0.08545      1.17443      0.66274
    105.00000     65.00000     -0.04840      1.21430      0.68244
    110.00000     65.00000     -0.17770      1.25718      0.68986
    115.00000     65.00000     -0.30055      1.30336      0.68809
    120.00000     65.00000     -0.41123      1.35424      0.67899
    125.00000     65.00000     -0.50037      1.41126      0.66273
    130.00000     65.00000     -0.55618      1.47496      0.63785
    135.00000     65.00000     -0.56632      1.54412      0.60177
    140.00000     65.00000     -0.52012      1.61530      0.55163
    145.00000     65.00000     -0.41077      1.68290      0.48524
    150.00000     65.00000     -0.23697      1.73972      0.40208
    155.00000     65.00000     -0.00386      1.77789      0.30400
    160.00000     65.00000      0.27709      1.79011      0.19546
    165.00000     65.00000      0.58914      1.77085      0.08338
    170.00000     65.00000      0.91214      1.71735     -0.02351
    175.00000     65.00000      1.22492      1.63027     -0.11574
    180.00000     65.00000      1.50781      1.51367     -0.18422
    185.00000     65.00000      1.74491      1.37469     -0.22146
    190.00000     65.00000      1.92583      1.22259     -0.22243
    195.00000     65.00000      2.04660      1.06763     -0.18513
    200.00000     65.00000      2.10969      0.91984     -0.11067
    205.00000     65.00000      2.12320      0.78796     -0.00293
    210.00000     65.00000      2.09939      0.67862      0.13208
    215.00000     65.00000      2.05265      0.59602      0.28705
    220.00000     65.00000      1.99753      0.54192      0.45419
    225.00000     65.00000      1.94676      0.51603      0.62585
    230.00000     65.00000      1.90984      0.51651      0.79498
    235.00000     65.00000      1.89221      0.54065      0.95527
    240.00000     65.00000      1.89516      0.58525      1.10108
    245.00000     65.00000      1.91638      0.64699      1.22736
    250.00000     65.00000      1.95105      0.72240      1.32950
    255.00000     65.00000      1.99312      0.80780      1.40332
    260.00000     65.00000      2.03660      0.89900      1.44530
    265.00000     65.00000      2.07647      0.99114      1.45291
    270.00000     65.00000      2.10912      1.07865      1.42510
    275.00000     65.00000      2.13211      1.15544      1.36281
    280.00000     65.00000      2.14348      1.21538      1.26932
    285.00000     65.00000      2.14069      1.25306      1.15043
    290.00000     65.00000      2.11957      1.26463      1.01423
    295.00000     65.00000      2.07366      1.24873      0.87062
    300.00000     65.00000      1.99422      1.20716      0.73039
    305.00000     65.00000      1.87105      1.14527      0.60411
    310.00000     65.00000      1.69425      1.07185      0.50090
    315.00000     65.00000      1.45652      0.99847      0.42732
    320.00000     65.00000      1.15570      0.93832      0.38636
    325.00000     65.00000      0.79701      0.90461      0.37705
    330.00000     65.00000      0.39434      0.90884      0.39436
    335.00000     65.00000     -0.02972      0.95898      0.42984
    340.00000     65.00000     -0.44548      1.05815      0.47264
    345.00000     65.00000     -0.81919      1.20372      0.51098
    350.00000     65.00000     -1.11719      1.38727      0.53370
    355.00000     65.00000     -1.31059      1.59527      0.53190
    360.00000     65.00000     -1.37956      1.81056      0.50013
      0.00000     70.00000     -1.36639      1.12964      0.35925
      5.00000     70.00000     -1.33554      1.23987      0.30998
     10.00000     70.00000     -1.23679      1.33132      0.24462
     15.00000     70.00000     -1.07968      1.39528      0.16781
     20.00000     70.00000     -0.87890      1.42557      0.08618
     25.00000     70.00000     -0.65257      1.41924      0.00749
     30.00000     70.00000     -0.42020      1.37688     -0.06031
     35.00000     70.00000     -0.20042      1.30242     -0.11005
     40.00000     70.00000     -0.00911      1.20264     -0.13620
     45.00000     70.00000      0.14210      1.08627     -0.13547
     50.00000     70.00000      0.24650      0.96302     -0.10712
     55.00000     70.00000      0.30242      0.84245     -0.05298
     60.00000     70.00000      0.31252      0.73301      0.02286
     65.00000     70.00000      0.28274      0.64135      0.11469
     70.00000     70.00000      0.22093      0.57178      0.21582
     75.00000     70.00000      0.13547      0.52624      0.31942
     80.00000     70.00000      0.03422      0.50449      0.41926
     85.00000     70.00000     -0.07627      0.50456      0.51022
     90.00000     70.00000     -0.19100      0.52337      0.58864
     95.00000     70.00000     -0.30638      0.55743      0.65241
    100.00000     70.00000     -0.41969      0.60337      0.70076
    105.00000     70.00000     -0.52847      0.65836      0.73390
    110.00000     70.00000     -0.62980      0.72031      0.75251
    115.00000     70.00000     -0.71985      0.78774      0.75733
    120.00000     70.00000     -0.79370      0.85949      0.74876
    125.00000     70.00000     -0.84550      0.93434      0.72669
    130.00000     70.00000     -0.86902      1.01055      0.69057
    135.00000     70.00000     -0.85845      1.08552      0.63961
    140.00000     70.00000     -0.80932      1.15564      0.57330
    145.00000     70.00000     -0.71936      1.21634      0.49179
    150.00000     70.00000     -0.58919      1.26245      0.39646
    155.00000     70.00000     -0.42263      1.28875      0.29011
    160.00000     70.00000     -0.22659      1.29058      0.17718
    165.00000     70.00000     -0.01060      1.26458      0.06351
    170.00000     70.00000      0.21409      1.20917     -0.04407
    175.00000     70.00000      0.43563      1.12500     -0.13830
    180.00000     70.00000      0.64271      1.01496     -0.21221
    185.00000     70.00000      0.82575      0.88406     -0.25986
    190.00000     70.00000      0.97771      0.73893     -0.27689
    195.00000     70.00000      1.09466      0.58726     -0.26096
    200.00000     70.00000      1.17595      0.43703     -0.21192
    205.00000     70.00000      1.22389      0.29586     -0.13172
    210.00000     70.00000      1.24325      0.17044     -0.02417
    215.00000     70.00000      1.24038      0.06609      0.10545
    220.00000     70.00000      1.22232     -0.01340      0.25089
    225.00000     70.00000      1.19591     -0.06587      0.40537
    230.00000     70.00000      1.16703     -0.09066      0.56198
    235.00000     70.00000      1.14014     -0.08846      0.71397
    240.00000     70.00000      1.11801     -0.06106      0.85503
    245.00000     70.00000      1.10175     -0.01126      0.97941
    250.00000     70.00000      1.09111      0.05733      1.08212
    255.00000     70.00000      1.08479      0.14035      1.15904
    260.00000     70.00000      1.08086      0.23283      1.20719
    265.00000     70.00000      1.07706      0.32931      1.22490
    270.00000     70.00000      1.07094      0.42405      1.21203
    275.00000     70.00000      1.05993      0.51140      1.17017
    280.00000     70.00000      1.04114      0.58616      1.10269
    285.00000     70.00000      1.01126      0.64411      1.01466
    290.00000     70.00000      0.96637      0.68254      0.91257
    295.00000     70.00000      0.90204      0.70063      0.80390
    300.00000     70.00000      0.81360      0.69975      0.69643
    305.00000     70.00000      0.69670      0.68355      0.59756
    310.00000     70.00000      0.54813      0.65771      0.51348
    315.00000     70.00000      0.36678      0.62944      0.44857
    320.00000     70.00000      0.15455      0.60672      0.40480
    325.00000     70.00000     -0.08301      0.59736      0.38156
    330.00000     70.00000     -0.33643      0.60794      0.37569
    335.00000     70.00000     -0.59267      0.64294      0.38189
    340.00000     70.00000     -0.83603      0.70396      0.39343
    345.00000     70.00000     -1.04966      0.78936      0.40301
    350.00000     70.00000     -1.21746      0.89424      0.40378
    355.00000     70.00000     -1.32601      1.01090      0.39030
    360.00000     70.00000     -1.36639      1.12964      0.35925
      0.00000     75.00000     -1.62896      0.58565      0.20544
      5.00000     75.00000     -1.61933      0.62407      0.16801
     10.00000     75.00000     -1.57855      0.65200      0.12511
     15.00000     75.00000     -1.51042      0.66567      0.07918
     20.00000     75.00000     -1.42069      0.66251      0.03362
     25.00000     75.00000     -1.31654      0.64139     -0.00760
     30.00000     75.00000     -1.20583      0.60281     -0.04041
     35.00000     75.00000     -1.09639      0.54889     -0.06112
     40.00000     75.00000     -0.99537      0.48309     -0.06682
     45.00000     75.00000     -0.90859      0.40989     -0.05572
     50.00000     75.00000     -0.84029      0.33434     -0.02733
     55.00000     75.00000     -0.79289      0.26154      0.01748
     60.00000     75.00000     -0.76711      0.19621      0.07662
     65.00000     75.00000     -0.76216      0.14233      0.14701
     70.00000     75.00000     -0.77611      0.10283      0.22490
     75.00000     75.00000     -0.80624      0.07949      0.30621
     80.00000     75.00000     -0.84940      0.07296      0.38693
     85.00000     75.00000     -0.90231      0.08292      0.46336
     90.00000     75.00000     -0.96170      0.10820      0.53232
     95.00000     75.00000     -1.02442      0.14712      0.59130
    100.00000     75.00000     -1.08740      0.19764      0.63839
    105.00000     75.00000     -1.14761      0.25758      0.67228
    110.00000     75.00000     -1.20196      0.32472      0.69206
    115.00000     75.00000     -1.24731      0.39680      0.69717
    120.00000     75.00000     -1.28047      0.47151      0.68727
    125.00000     75.00000     -1.29835      0.54641      0.66219
    130.00000     75.00000     -1.29818      0.61880      0.62200
    135.00000     75.00000     -1.27774      0.68573      0.56708
    140.00000     75.00000     -1.23566      0.74397      0.49829
    145.00000     75.00000     -1.17165      0.79017      0.41712
    150.00000     75.00000     -1.08669      0.82099      0.32582
    155.00000     75.00000     -0.98309      0.83341      0.22746
    160.00000     75.00000     -0.86438      0.82501      0.12592
    165.00000     75.00000     -0.73512      0.79426      0.02572
    170.00000     75.00000     -0.60058      0.74080     -0.06819
    175.00000     75.00000     -0.46627      0.66557     -0.15076
    180.00000     75.00000     -0.33756      0.57082     -0.21724
    185.00000     75.00000     -0.21924      0.46008     -0.26350
    190.00000     75.00000     -0.11513      0.33794     -0.28641
    195.00000     75.00000     -0.02787      0.20970     -0.28404
    200.00000     75.00000      0.04118      0.08105     -0.25588
    205.00000     75.00000      0.09195     -0.04231     -0.20278
    210.00000     75.00000      0.12549     -0.15506     -0.12697
    215.00000     75.00000      0.14370     -0.25256     -0.03184
    220.00000     75.00000      0.14907     -0.33107      0.07830
    225.00000     75.00000      0.14434     -0.38793      0.19846
    230.00000     75.00000      0.13220     -0.42165      0.32326
    235.00000     75.00000      0.11505     -0.43190      0.44723
    240.00000     75.00000      0.09481     -0.41945      0.56508
    245.00000     75.00000      0.07286     -0.38615      0.67190
    250.00000     75.00000      0.05000     -0.33474      0.76345
    255.00000     75.00000      0.02644     -0.26872      0.83627
    260.00000     75.00000      0.00192     -0.19217      0.88793
    265.00000     75.00000     -0.02427     -0.10954      0.91710
    270.00000     75.00000     -0.05319     -0.02536      0.92368
    275.00000     75.00000     -0.08622      0.05601      0.90880
    280.00000     75.00000     -0.12498      0.13068      0.87476
    285.00000     75.00000     -0.17127      0.19554      0.82490
    290.00000     75.00000     -0.22698      0.24848      0.76336
    295.00000     75.00000     -0.29387      0.28859      0.69474
    300.00000     75.00000     -0.37347      0.31625      0.62378
    305.00000     75.00000     -0.46673      0.33308      0.55488
    310.00000     75.00000     -0.57378      0.34175      0.49174
    315.00000     75.00000     -0.69366      0.34571      0.43706
    320.00000     75.00000     -0.82412      0.34877      0.39223
    325.00000     75.00000     -0.96151      0.35464      0.35735
    330.00000     75.00000     -1.10088      0.36645      0.33119
    335.00000     75.00000     -1.23619      0.38634      0.31148
    340.00000     75.00000     -1.36075      0.41511      0.29523
    345.00000     75.00000     -1.46781      0.45211      0.27919
    350.00000     75.00000     -1.55119      0.49525      0.26029
    355.00000     75.00000     -1.60595      0.54117      0.23617
    360.00000     75.00000     -1.62896      0.58565      0.20544
      0.00000     80.00000     -1.99950      0.23499      0.09338
      5.00000     80.00000     -2.00199      0.23214      0.06681
     10.00000     80.00000     -1.99323      0.22402      0.04139
     15.00000     80.00000     -1.97435      0.20985      0.01818
     20.00000     80.00000     -1.94704      0.18924     -0.00150
     25.00000     80.00000     -1.91340      0.16229     -0.01620
     30.00000     80.00000     -1.87578      0.12965     -0.02448
     35.00000     80.00000     -1.83661      0.09248     -0.02506
     40.00000     80.00000     -1.79822      0.05242     -0.01698
     45.00000     80.00000     -1.76273      0.01145      0.00029
     50.00000     80.00000     -1.73186     -0.02820      0.02675
     55.00000     80.00000     -1.70692     -0.06431      0.06185
     60.00000     80.00000     -1.68871     -0.09473      0.10453
     65.00000     80.00000     -1.67756     -0.11760      0.15325
     70.00000     80.00000     -1.67334     -0.13143      0.20611
     75.00000     80.00000     -1.67553     -0.13519      0.26095
     80.00000     80.00000     -1.68328     -0.12836      0.31550
     85.00000     80.00000     -1.69545     -0.11092      0.36749
     90.00000     80.00000     -1.71074     -0.08333      0.41475
     95.00000     80.00000     -1.72769     -0.04649      0.45531
    100.00000     80.00000     -1.74477     -0.00163      0.48746
    105.00000     80.00000     -1.76041      0.04966      0.50979
    110.00000     80.00000     -1.77307      0.10560      0.52122
    115.00000     80.00000     -1.78125      0.16418      0.52100
    120.00000     80.00000     -1.78360      0.22326      0.50874
    125.00000     80.00000     -1.77894      0.28060      0.48442
    130.00000     80.00000     -1.76632      0.33389      0.44842
    135.00000     80.00000     -1.74514      0.38083      0.40152
    140.00000     80.00000     -1.71513      0.41921      0.34492
    145.00000     80.00000     -1.67645      0.44698      0.28028
    150.00000     80.00000     -1.62967      0.46235      0.20965
    155.00000     80.00000     -1.57577      0.46390      0.13550
    160.00000     80.00000     -1.51611      0.45071      0.06059
    165.00000     80.00000     -1.45236      0.42244     -0.01210
    170.00000     80.00000     -1.38636      0.37939     -0.07951
    175.00000     80.00000     -1.32009      0.32255     -0.13866
    180.00000     80.00000     -1.25548      0.25360     -0.18679
    185.00000     80.00000     -1.19433      0.17483     -0.22156
    190.00000     80.00000     -1.13822      0.08904     -0.24117
    195.00000     80.00000     -1.08840     -0.00056     -0.24449
    200.00000     80.00000     -1.04577     -0.09056     -0.23112
    205.00000     80.00000     -1.01085     -0.17749     -0.20144
    210.00000     80.00000     -0.98381     -0.25804     -0.15659
    215.00000     80.00000     -0.96449     -0.32921     -0.09839
    220.00000     80.00000     -0.95249     -0.38846     -0.02929
    225.00000     80.00000     -0.94722     -0.43385      0.04783
    230.00000     80.00000     -0.94799     -0.46408      0.12976
    235.00000     80.00000     -0.95408     -0.47859      0.21313
    240.00000     80.00000     -0.96481     -0.47752      0.29463
    245.00000     80.00000     -0.97958     -0.46172      0.37111
    250.00000     80.00000     -0.99795     -0.43264      0.43978
    255.00000     80.00000     -1.01960     -0.39224      0.49832
    260.00000     80.00000     -1.04437     -0.34289      0.54497
    265.00000     80.00000     -1.07227     -0.28721      0.57864
    270.00000     80.00000     -1.10342     -0.22791      0.59890
    275.00000     80.00000     -1.13805     -0.16761      0.60600
    280.00000     80.00000     -1.17644     -0.10872      0.60082
    285.00000     80.00000     -1.21890     -0.05331      0.58478
    290.00000     80.00000     -1.26567     -0.00295      0.55968
    295.00000     80.00000     -1.31687      0.04132      0.52761
    300.00000     80.00000     -1.37248      0.07902      0.49072
    305.00000     80.00000     -1.43219      0.11019      0.45112
    310.00000     80.00000     -1.49542      0.13537      0.41066
    315.00000     80.00000     -1.56125      0.15541      0.37085
    320.00000     80.00000     -1.62843      0.17139      0.33275
    325.00000     80.00000     -1.69537      0.18442      0.29696
    330.00000     80.00000     -1.76023      0.19548      0.26365
    335.00000     80.00000     -1.82102      0.20530      0.23258
    340.00000     80.00000     -1.87569      0.21426      0.20329
    345.00000     80.00000     -1.92233      0.22231      0.17517
    350.00000     80.00000     -1.95925      0.22901      0.14768
    355.00000     80.00000     -1.98522      0.23358      0.12044
    360.00000     80.00000     -1.99950      0.23499      0.09338
      0.00000     85.00000     -2.27630      0.06296      0.05024
      5.00000     85.00000     -2.28270      0.05120      0.03567
     10.00000     85.00000     -2.28642      0.03716      0.02376
     15.00000     85.00000     -2.28764      0.02117      0.01488
     20.00000     85.00000     -2.28661      0.00363      0.00936
     25.00000     85.00000     -2.28364     -0.01496      0.00748
     30.00000     85.00000     -2.27908     -0.03404      0.00945
     35.00000     85.00000     -2.27331     -0.05296      0.01538
     40.00000     85.00000     -2.26670     -0.07100      0.02526
     45.00000     85.00000     -2.25961     -0.08744      0.03894
     50.00000     85.00000     -2.25238     -0.10153      0.05612
     55.00000     85.00000     -2.24527     -0.11257      0.07636
     60.00000     85.00000     -2.23849     -0.11994      0.09905
     65.00000     85.00000     -2.23218     -0.12310      0.12345
     70.00000     85.00000     -2.22640     -0.12167      0.14873
     75.00000     85.00000     -2.22113     -0.11542      0.17395
     80.00000     85.00000     -2.21630     -0.10430      0.19815
     85.00000     85.00000     -2.21176     -0.08846      0.22033
     90.00000     85.00000     -2.20731     -0.06824      0.23956
     95.00000     85.00000     -2.20270     -0.04417      0.25494
    100.00000     85.00000     -2.19768     -0.01695      0.26571
    105.00000     85.00000     -2.19195      0.01258      0.27122
    110.00000     85.00000     -2.18525      0.04342      0.27100
    115.00000     85.00000     -2.17732      0.07452      0.26477
    120.00000     85.00000     -2.16794      0.10473      0.25246
    125.00000     85.00000     -2.15692      0.13290      0.23421
    130.00000     85.00000     -2.14414      0.15792      0.21038
    135.00000     85.00000     -2.12955      0.17871      0.18156
    140.00000     85.00000     -2.11317      0.19432      0.14853
    145.00000     85.00000     -2.09508      0.20395      0.11225
    150.00000     85.00000     -2.07545      0.20696      0.07386
    155.00000     85.00000     -2.05452      0.20297      0.03458
    160.00000     85.00000     -2.03259      0.19179     -0.00425
    165.00000     85.00000     -2.00999      0.17352     -0.04131
    170.00000     85.00000     -1.98712      0.14853     -0.07526
    175.00000     85.00000     -1.96438      0.11742     -0.10487
    180.00000     85.00000     -1.94218      0.08106     -0.12905
    185.00000     85.00000     -1.92092      0.04051     -0.14685
    190.00000     85.00000     -1.90100     -0.00298     -0.15760
    195.00000     85.00000     -1.88274     -0.04804     -0.16085
    200.00000     85.00000     -1.86646     -0.09324     -0.15644
    205.00000     85.00000     -1.85239     -0.13714     -0.14449
    210.00000     85.00000     -1.84074     -0.17834     -0.12542
    215.00000     85.00000     -1.83163     -0.21557     -0.09990
    220.00000     85.00000     -1.82515     -0.24769     -0.06885
    225.00000     85.00000     -1.82134     -0.27381     -0.03335
    230.00000     85.00000     -1.82019     -0.29325      0.00535
    235.00000     85.00000     -1.82166     -0.30559      0.04591
    240.00000     85.00000     -1.82569     -0.31071      0.08698
    245.00000     85.00000     -1.83220     -0.30874      0.12723
    250.00000     85.00000     -1.84107     -0.30005      0.16542
    255.00000     85.00000     -1.85221     -0.28524      0.20045
    260.00000     85.00000     -1.86549     -0.26510      0.23138
    265.00000     85.00000     -1.88081     -0.24056      0.25747
    270.00000     85.00000     -1.89803     -0.21262      0.27823
    275.00000     85.00000     -1.91702     -0.18234      0.29335
    280.00000     85.00000     -1.93762     -0.15076      0.30279
    285.00000     85.00000     -1.95968     -0.11887      0.30667
    290.00000     85.00000     -1.98300     -0.08758      0.30529
    295.00000     85.00000     -2.00736     -0.05768      0.29913
    300.00000     85.00000     -2.03253     -0.02981      0.28872
    305.00000     85.00000     -2.05821     -0.00450      0.27469
    310.00000     85.00000     -2.08410      0.01788      0.25771
    315.00000     85.00000     -2.10984      0.03707      0.23841
    320.00000     85.00000     -2.13508      0.05294      0.21744
    325.00000     85.00000     -2.15943      0.06543      0.19537
    330.00000     85.00000     -2.18250      0.07454      0.17275
    335.00000     85.00000     -2.20393      0.08033      0.15007
    340.00000     85.00000     -2.22338      0.08288      0.12777
    345.00000     85.00000     -2.24054      0.08229      0.10625
    350.00000     85.00000     -2.25518      0.07868      0.08591
    355.00000     85.00000     -2.26712      0.07218      0.06711
    360.00000     85.00000     -2.27630      0.06296      0.05024
      0.00000     90.00000     -2.28736     -0.00695      0.07150
      5.00000     90.00000     -2.28736     -0.00069      0.07183
     10.00000     90.00000     -2.28736      0.00558      0.07162
     15.00000     90.00000     -2.28736      0.01180      0.07086
     20.00000     90.00000     -2.28736      0.01793      0.06956
     25.00000     90.00000     -2.28736      0.02393      0.06773
     30.00000     90.00000     -2.28736      0.02974      0.06538
     35.00000     90.00000     -2.28736      0.03533      0.06254
     40.00000     90.00000     -2.28736      0.04065      0.05923
     45.00000     90.00000     -2.28736      0.04566      0.05546
     50.00000     90.00000     -2.28736      0.05032      0.05127
     55.00000     90.00000     -2.28736      0.05460      0.04669
     60.00000     90.00000     -2.28736      0.05846      0.04175
     65.00000     90.00000     -2.28736      0.06188      0.03650
     70.00000     90.00000     -2.28736      0.06483      0.03097
     75.00000     90.00000     -2.28736      0.06728      0.02520
     80.00000     90.00000     -2.28736      0.06923      0.01924
     85.00000     90.00000     -2.28736      0.07064      0.01314
     90.00000     90.00000     -2.28736      0.07152      0.00693
     95.00000     90.00000     -2.28736      0.07185      0.00068
    100.00000     90.00000     -2.28736      0.07164     -0.00559
    105.00000     90.00000     -2.28736      0.07088     -0.01181
    110.00000     90.00000     -2.28736      0.06959     -0.01794
    115.00000     90.00000     -2.28736      0.06776     -0.02393
    120.00000     90.00000     -2.28736      0.06541     -0.02974
    125.00000     90.00000     -2.28736      0.06257     -0.03533
    130.00000     90.00000     -2.28736      0.05926     -0.04065
    135.00000     90.00000     -2.28736      0.05549     -0.04565
    140.00000     90.00000     -2.28736      0.05130     -0.05031
    145.00000     90.00000     -2.28736      0.04672     -0.05459
    150.00000     90.00000     -2.28736      0.04178     -0.05845
    155.00000     90.00000     -2.28736      0.03653     -0.06187
    160.00000     90.00000     -2.28736      0.03099     -0.06482
    165.00000     90.00000     -2.28736      0.02522     -0.06727
    170.00000     90.00000     -2.28736      0.01926     -0.06921
    175.00000     90.00000     -2.28736      0.01316     -0.07062
    180.00000     90.00000     -2.28736      0.00695     -0.07150
    185.00000     90.00000     -2.28736      0.00069     -0.07183
    190.00000     90.00000     -2.28736     -0.00558     -0.07162
    195.00000     90.00000     -2.28736     -0.01180     -0.07086
    200.00000     90.00000     -2.28736     -0.01793     -0.06956
    205.00000     90.00000     -2.28736     -0.02393     -0.06773
    210.00000     90.00000     -2.28736     -0.02974     -0.06539
    215.00000     90.00000     -2.28736     -0.03533     -0.06254
    220.00000     90.00000     -2.28736     -0.04065     -0.05923
    225.00000     90.00000     -2.28736     -0.04566     -0.05546
    230.00000     90.00000     -2.28736     -0.05033     -0.05127
    235.00000     90.00000     -2.28736     -0.05460     -0.04669
    240.00000     90.00000     -2.28736     -0.05847     -0.04175
    245.00000     90.00000     -2.28736     -0.06189     -0.03650
    250.00000     90.00000     -2.28736     -0.06483     -0.03097
    255.00000     90.00000     -2.28736     -0.06729     -0.02520
    260.00000     90.00000     -2.28736     -0.06923     -0.01924
    265.00000     90.00000     -2.28736     -0.07065     -0.01313
    270.00000     90.00000     -2.28736     -0.07152     -0.00693
    275.00000     90.00000     -2.28736     -0.07186     -0.00067
    280.00000     90.00000     -2.28736     -0.07164      0.00559
    285.00000     90.00000     -2.28736     -0.07088      0.01181
    290.00000     90.00000     -2.28736     -0.06959      0.01794
    295.00000     90.00000     -2.28736     -0.06776      0.02394
    300.00000     90.00000     -2.28736     -0.06541      0.02975
    305.00000     90.00000     -2.28736     -0.06257      0.03534
    310.00000     90.00000     -2.28736     -0.05925      0.04065
    315.00000     90.00000     -2.28736     -0.05549      0.04566
    320.00000     90.00000     -2.28736     -0.05130      0.05032
    325.00000     90.00000     -2.28736     -0.04671      0.05459
    330.00000     90.00000     -2.28736     -0.04178      0.05846
    335.00000     90.00000     -2.28736     -0.03652      0.06187
    340.00000     90.00000     -2.28736     -0.03099      0.06482
    345.00000     90.00000     -2.28736     -0.02522      0.06727
    350.00000     90.00000     -2.28736     -0.01926      0.06921
    355.00000     90.00000     -2.28736     -0.01316      0.07062
    360.00000     90.00000     -2.28736     -0.00695      0.07150
