TITLE     = "Magnetic map of tau Boo, 2006-06-16, from 12 ESPaDOnS spectra (program tau-boo-2006-06)"
VARIABLES = "Longitude [Deg]" "Latitude [Deg]" "B<sub>R</sub> [G]" "B<sub>A</sub> [G]" "B<sub>M</sub> [G]"
ZONE I=73, J=37, K=1, ZONETYPE=Ordered
DATAPACKING=POINT
DT=(SINGLE SINGLE SINGLE SINGLE SINGLE)
      0.00000    -90.00000      0.94552      0.00723     -0.01728
      5.00000    -90.00000      0.94552      0.00870     -0.01659
     10.00000    -90.00000      0.94552      0.01012     -0.01576
     15.00000    -90.00000      0.94552      0.01145     -0.01482
     20.00000    -90.00000      0.94552      0.01270     -0.01376
     25.00000    -90.00000      0.94552      0.01386     -0.01260
     30.00000    -90.00000      0.94552      0.01490     -0.01135
     35.00000    -90.00000      0.94552      0.01584     -0.01001
     40.00000    -90.00000      0.94552      0.01665     -0.00859
     45.00000    -90.00000      0.94552      0.01734     -0.00710
     50.00000    -90.00000      0.94552      0.01789     -0.00556
     55.00000    -90.00000      0.94552      0.01831     -0.00398
     60.00000    -90.00000      0.94552      0.01859     -0.00237
     65.00000    -90.00000      0.94552      0.01873     -0.00074
     70.00000    -90.00000      0.94552      0.01872      0.00089
     75.00000    -90.00000      0.94552      0.01857      0.00252
     80.00000    -90.00000      0.94552      0.01828      0.00413
     85.00000    -90.00000      0.94552      0.01786      0.00570
     90.00000    -90.00000      0.94552      0.01729      0.00724
     95.00000    -90.00000      0.94552      0.01660      0.00872
    100.00000    -90.00000      0.94552      0.01577      0.01013
    105.00000    -90.00000      0.94552      0.01483      0.01146
    110.00000    -90.00000      0.94552      0.01378      0.01271
    115.00000    -90.00000      0.94552      0.01262      0.01386
    120.00000    -90.00000      0.94552      0.01136      0.01491
    125.00000    -90.00000      0.94552      0.01002      0.01584
    130.00000    -90.00000      0.94552      0.00860      0.01665
    135.00000    -90.00000      0.94552      0.00712      0.01734
    140.00000    -90.00000      0.94552      0.00558      0.01789
    145.00000    -90.00000      0.94552      0.00400      0.01831
    150.00000    -90.00000      0.94552      0.00239      0.01859
    155.00000    -90.00000      0.94552      0.00076      0.01872
    160.00000    -90.00000      0.94552     -0.00088      0.01872
    165.00000    -90.00000      0.94552     -0.00250      0.01857
    170.00000    -90.00000      0.94552     -0.00411      0.01828
    175.00000    -90.00000      0.94552     -0.00569      0.01785
    180.00000    -90.00000      0.94552     -0.00723      0.01728
    185.00000    -90.00000      0.94552     -0.00871      0.01659
    190.00000    -90.00000      0.94552     -0.01012      0.01576
    195.00000    -90.00000      0.94552     -0.01145      0.01482
    200.00000    -90.00000      0.94552     -0.01270      0.01376
    205.00000    -90.00000      0.94552     -0.01386      0.01260
    210.00000    -90.00000      0.94552     -0.01490      0.01135
    215.00000    -90.00000      0.94552     -0.01584      0.01001
    220.00000    -90.00000      0.94552     -0.01665      0.00859
    225.00000    -90.00000      0.94552     -0.01734      0.00710
    230.00000    -90.00000      0.94552     -0.01789      0.00556
    235.00000    -90.00000      0.94552     -0.01831      0.00398
    240.00000    -90.00000      0.94552     -0.01859      0.00237
    245.00000    -90.00000      0.94552     -0.01873      0.00074
    250.00000    -90.00000      0.94552     -0.01872     -0.00089
    255.00000    -90.00000      0.94552     -0.01857     -0.00252
    260.00000    -90.00000      0.94552     -0.01828     -0.00413
    265.00000    -90.00000      0.94552     -0.01786     -0.00570
    270.00000    -90.00000      0.94552     -0.01729     -0.00724
    275.00000    -90.00000      0.94552     -0.01660     -0.00872
    280.00000    -90.00000      0.94552     -0.01577     -0.01013
    285.00000    -90.00000      0.94552     -0.01483     -0.01146
    290.00000    -90.00000      0.94552     -0.01378     -0.01271
    295.00000    -90.00000      0.94552     -0.01262     -0.01386
    300.00000    -90.00000      0.94552     -0.01136     -0.01491
    305.00000    -90.00000      0.94552     -0.01002     -0.01584
    310.00000    -90.00000      0.94552     -0.00860     -0.01665
    315.00000    -90.00000      0.94552     -0.00712     -0.01734
    320.00000    -90.00000      0.94552     -0.00558     -0.01789
    325.00000    -90.00000      0.94552     -0.00400     -0.01831
    330.00000    -90.00000      0.94552     -0.00239     -0.01859
    335.00000    -90.00000      0.94552     -0.00076     -0.01872
    340.00000    -90.00000      0.94552      0.00088     -0.01872
    345.00000    -90.00000      0.94552      0.00250     -0.01857
    350.00000    -90.00000      0.94552      0.00411     -0.01828
    355.00000    -90.00000      0.94552      0.00569     -0.01785
    360.00000    -90.00000      0.94552      0.00723     -0.01728
      0.00000    -85.00000      0.93645     -0.01166     -0.02175
      5.00000    -85.00000      0.93801     -0.00971     -0.02096
     10.00000    -85.00000      0.93960     -0.00789     -0.01995
     15.00000    -85.00000      0.94121     -0.00620     -0.01875
     20.00000    -85.00000      0.94281     -0.00466     -0.01738
     25.00000    -85.00000      0.94439     -0.00330     -0.01587
     30.00000    -85.00000      0.94593     -0.00212     -0.01423
     35.00000    -85.00000      0.94743     -0.00113     -0.01250
     40.00000    -85.00000      0.94887     -0.00032     -0.01069
     45.00000    -85.00000      0.95024      0.00031     -0.00883
     50.00000    -85.00000      0.95153      0.00075     -0.00694
     55.00000    -85.00000      0.95274      0.00101     -0.00504
     60.00000    -85.00000      0.95386      0.00110     -0.00314
     65.00000    -85.00000      0.95488      0.00102     -0.00126
     70.00000    -85.00000      0.95581      0.00078      0.00059
     75.00000    -85.00000      0.95664      0.00038      0.00240
     80.00000    -85.00000      0.95736     -0.00018      0.00415
     85.00000    -85.00000      0.95798     -0.00088      0.00582
     90.00000    -85.00000      0.95850     -0.00173      0.00742
     95.00000    -85.00000      0.95892     -0.00272      0.00891
    100.00000    -85.00000      0.95923     -0.00384      0.01029
    105.00000    -85.00000      0.95943     -0.00508      0.01154
    110.00000    -85.00000      0.95953     -0.00642      0.01265
    115.00000    -85.00000      0.95952     -0.00785      0.01360
    120.00000    -85.00000      0.95942     -0.00936      0.01439
    125.00000    -85.00000      0.95921     -0.01091      0.01500
    130.00000    -85.00000      0.95890     -0.01250      0.01545
    135.00000    -85.00000      0.95850     -0.01409      0.01572
    140.00000    -85.00000      0.95800     -0.01567      0.01581
    145.00000    -85.00000      0.95742     -0.01722      0.01575
    150.00000    -85.00000      0.95675     -0.01872      0.01553
    155.00000    -85.00000      0.95600     -0.02015      0.01518
    160.00000    -85.00000      0.95518     -0.02150      0.01470
    165.00000    -85.00000      0.95428     -0.02275      0.01412
    170.00000    -85.00000      0.95332     -0.02391      0.01345
    175.00000    -85.00000      0.95231     -0.02497      0.01272
    180.00000    -85.00000      0.95123     -0.02593      0.01195
    185.00000    -85.00000      0.95011     -0.02680      0.01114
    190.00000    -85.00000      0.94895     -0.02758      0.01033
    195.00000    -85.00000      0.94775     -0.02828      0.00951
    200.00000    -85.00000      0.94651     -0.02892      0.00870
    205.00000    -85.00000      0.94525     -0.02951      0.00790
    210.00000    -85.00000      0.94396     -0.03006      0.00711
    215.00000    -85.00000      0.94266     -0.03058      0.00634
    220.00000    -85.00000      0.94134     -0.03109      0.00556
    225.00000    -85.00000      0.94002     -0.03158      0.00478
    230.00000    -85.00000      0.93869     -0.03207      0.00398
    235.00000    -85.00000      0.93738     -0.03256      0.00315
    240.00000    -85.00000      0.93608     -0.03303      0.00227
    245.00000    -85.00000      0.93480     -0.03349      0.00133
    250.00000    -85.00000      0.93357     -0.03392      0.00032
    255.00000    -85.00000      0.93238     -0.03431     -0.00077
    260.00000    -85.00000      0.93126     -0.03463     -0.00195
    265.00000    -85.00000      0.93021     -0.03488     -0.00321
    270.00000    -85.00000      0.92925     -0.03503     -0.00457
    275.00000    -85.00000      0.92840     -0.03506     -0.00600
    280.00000    -85.00000      0.92766     -0.03495     -0.00751
    285.00000    -85.00000      0.92705     -0.03469     -0.00907
    290.00000    -85.00000      0.92658     -0.03425     -0.01067
    295.00000    -85.00000      0.92627     -0.03363     -0.01228
    300.00000    -85.00000      0.92611     -0.03281     -0.01387
    305.00000    -85.00000      0.92613     -0.03180     -0.01542
    310.00000    -85.00000      0.92631     -0.03059     -0.01689
    315.00000    -85.00000      0.92667     -0.02919     -0.01826
    320.00000    -85.00000      0.92719     -0.02762     -0.01949
    325.00000    -85.00000      0.92789     -0.02589     -0.02055
    330.00000    -85.00000      0.92874     -0.02402     -0.02143
    335.00000    -85.00000      0.92974     -0.02204     -0.02208
    340.00000    -85.00000      0.93087     -0.01998     -0.02251
    345.00000    -85.00000      0.93213     -0.01788     -0.02269
    350.00000    -85.00000      0.93349     -0.01577     -0.02262
    355.00000    -85.00000      0.93493     -0.01369     -0.02231
    360.00000    -85.00000      0.93645     -0.01166     -0.02175
      0.00000    -80.00000      0.92371     -0.02983     -0.02450
      5.00000    -80.00000      0.92728     -0.02760     -0.02329
     10.00000    -80.00000      0.93087     -0.02564     -0.02175
     15.00000    -80.00000      0.93442     -0.02400     -0.01997
     20.00000    -80.00000      0.93790     -0.02269     -0.01800
     25.00000    -80.00000      0.94125     -0.02170     -0.01591
     30.00000    -80.00000      0.94446     -0.02101     -0.01379
     35.00000    -80.00000      0.94749     -0.02058     -0.01168
     40.00000    -80.00000      0.95032     -0.02037     -0.00962
     45.00000    -80.00000      0.95295     -0.02032     -0.00765
     50.00000    -80.00000      0.95536     -0.02040     -0.00578
     55.00000    -80.00000      0.95756     -0.02055     -0.00399
     60.00000    -80.00000      0.95956     -0.02076     -0.00229
     65.00000    -80.00000      0.96134     -0.02100     -0.00064
     70.00000    -80.00000      0.96293     -0.02127      0.00096
     75.00000    -80.00000      0.96433     -0.02159      0.00254
     80.00000    -80.00000      0.96554     -0.02197      0.00411
     85.00000    -80.00000      0.96656     -0.02244      0.00566
     90.00000    -80.00000      0.96741     -0.02302      0.00719
     95.00000    -80.00000      0.96808     -0.02375      0.00867
    100.00000    -80.00000      0.96857     -0.02463      0.01007
    105.00000    -80.00000      0.96887     -0.02567      0.01136
    110.00000    -80.00000      0.96898     -0.02686      0.01249
    115.00000    -80.00000      0.96890     -0.02820      0.01344
    120.00000    -80.00000      0.96862     -0.02965      0.01418
    125.00000    -80.00000      0.96815     -0.03118      0.01468
    130.00000    -80.00000      0.96749     -0.03274      0.01493
    135.00000    -80.00000      0.96663     -0.03431      0.01492
    140.00000    -80.00000      0.96560     -0.03584      0.01467
    145.00000    -80.00000      0.96440     -0.03729      0.01419
    150.00000    -80.00000      0.96304     -0.03863      0.01351
    155.00000    -80.00000      0.96155     -0.03984      0.01266
    160.00000    -80.00000      0.95995     -0.04089      0.01167
    165.00000    -80.00000      0.95824     -0.04177      0.01058
    170.00000    -80.00000      0.95645     -0.04247      0.00945
    175.00000    -80.00000      0.95459     -0.04300      0.00831
    180.00000    -80.00000      0.95269     -0.04338      0.00722
    185.00000    -80.00000      0.95075     -0.04361      0.00622
    190.00000    -80.00000      0.94878     -0.04373      0.00534
    195.00000    -80.00000      0.94678     -0.04377      0.00462
    200.00000    -80.00000      0.94476     -0.04378      0.00408
    205.00000    -80.00000      0.94272     -0.04379      0.00372
    210.00000    -80.00000      0.94064     -0.04386      0.00354
    215.00000    -80.00000      0.93852     -0.04403      0.00352
    220.00000    -80.00000      0.93635     -0.04431      0.00363
    225.00000    -80.00000      0.93412     -0.04475      0.00382
    230.00000    -80.00000      0.93183     -0.04534      0.00404
    235.00000    -80.00000      0.92947     -0.04609      0.00425
    240.00000    -80.00000      0.92704     -0.04698      0.00438
    245.00000    -80.00000      0.92455     -0.04798      0.00438
    250.00000    -80.00000      0.92202     -0.04907      0.00422
    255.00000    -80.00000      0.91947     -0.05021      0.00385
    260.00000    -80.00000      0.91692     -0.05135      0.00325
    265.00000    -80.00000      0.91441     -0.05244      0.00240
    270.00000    -80.00000      0.91198     -0.05344      0.00129
    275.00000    -80.00000      0.90968     -0.05430     -0.00008
    280.00000    -80.00000      0.90756     -0.05498     -0.00170
    285.00000    -80.00000      0.90567     -0.05543     -0.00355
    290.00000    -80.00000      0.90406     -0.05563     -0.00561
    295.00000    -80.00000      0.90279     -0.05553     -0.00782
    300.00000    -80.00000      0.90190     -0.05512     -0.01015
    305.00000    -80.00000      0.90143     -0.05436     -0.01254
    310.00000    -80.00000      0.90141     -0.05326     -0.01493
    315.00000    -80.00000      0.90186     -0.05182     -0.01724
    320.00000    -80.00000      0.90277     -0.05004     -0.01940
    325.00000    -80.00000      0.90415     -0.04797     -0.02134
    330.00000    -80.00000      0.90597     -0.04563     -0.02300
    335.00000    -80.00000      0.90820     -0.04309     -0.02431
    340.00000    -80.00000      0.91079     -0.04041     -0.02522
    345.00000    -80.00000      0.91370     -0.03767     -0.02570
    350.00000    -80.00000      0.91686     -0.03494     -0.02574
    355.00000    -80.00000      0.92022     -0.03230     -0.02533
    360.00000    -80.00000      0.92371     -0.02983     -0.02450
      0.00000    -75.00000      0.90581     -0.04724     -0.02556
      5.00000    -75.00000      0.91170     -0.04479     -0.02355
     10.00000    -75.00000      0.91759     -0.04290     -0.02103
     15.00000    -75.00000      0.92339     -0.04163     -0.01816
     20.00000    -75.00000      0.92901     -0.04098     -0.01510
     25.00000    -75.00000      0.93439     -0.04090     -0.01201
     30.00000    -75.00000      0.93945     -0.04130     -0.00905
     35.00000    -75.00000      0.94418     -0.04208     -0.00633
     40.00000    -75.00000      0.94853     -0.04307     -0.00393
     45.00000    -75.00000      0.95250     -0.04414     -0.00189
     50.00000    -75.00000      0.95608     -0.04515     -0.00021
     55.00000    -75.00000      0.95929     -0.04599      0.00117
     60.00000    -75.00000      0.96215     -0.04659      0.00231
     65.00000    -75.00000      0.96469     -0.04690      0.00331
     70.00000    -75.00000      0.96692     -0.04696      0.00427
     75.00000    -75.00000      0.96887     -0.04682      0.00527
     80.00000    -75.00000      0.97058     -0.04656      0.00637
     85.00000    -75.00000      0.97205     -0.04630      0.00759
     90.00000    -75.00000      0.97328     -0.04612      0.00893
     95.00000    -75.00000      0.97428     -0.04612      0.01034
    100.00000    -75.00000      0.97502     -0.04637      0.01176
    105.00000    -75.00000      0.97549     -0.04690      0.01310
    110.00000    -75.00000      0.97566     -0.04770      0.01429
    115.00000    -75.00000      0.97550     -0.04873      0.01524
    120.00000    -75.00000      0.97501     -0.04993      0.01590
    125.00000    -75.00000      0.97416     -0.05124      0.01625
    130.00000    -75.00000      0.97296     -0.05258      0.01626
    135.00000    -75.00000      0.97142     -0.05389      0.01595
    140.00000    -75.00000      0.96956     -0.05510      0.01534
    145.00000    -75.00000      0.96741     -0.05619      0.01447
    150.00000    -75.00000      0.96502     -0.05713      0.01338
    155.00000    -75.00000      0.96244     -0.05790      0.01211
    160.00000    -75.00000      0.95972     -0.05849      0.01069
    165.00000    -75.00000      0.95692     -0.05891      0.00918
    170.00000    -75.00000      0.95407     -0.05915      0.00763
    175.00000    -75.00000      0.95124     -0.05921      0.00610
    180.00000    -75.00000      0.94846     -0.05910      0.00467
    185.00000    -75.00000      0.94576     -0.05885      0.00342
    190.00000    -75.00000      0.94318     -0.05849      0.00241
    195.00000    -75.00000      0.94072     -0.05808      0.00173
    200.00000    -75.00000      0.93837     -0.05769      0.00142
    205.00000    -75.00000      0.93611     -0.05741      0.00152
    210.00000    -75.00000      0.93390     -0.05731      0.00200
    215.00000    -75.00000      0.93171     -0.05747      0.00282
    220.00000    -75.00000      0.92946     -0.05793      0.00393
    225.00000    -75.00000      0.92711     -0.05874      0.00521
    230.00000    -75.00000      0.92460     -0.05988      0.00657
    235.00000    -75.00000      0.92188     -0.06132      0.00789
    240.00000    -75.00000      0.91892     -0.06301      0.00907
    245.00000    -75.00000      0.91571     -0.06489      0.01001
    250.00000    -75.00000      0.91224     -0.06686      0.01066
    255.00000    -75.00000      0.90853     -0.06886      0.01096
    260.00000    -75.00000      0.90460     -0.07081      0.01087
    265.00000    -75.00000      0.90052     -0.07264      0.01038
    270.00000    -75.00000      0.89633     -0.07430      0.00947
    275.00000    -75.00000      0.89213     -0.07574      0.00815
    280.00000    -75.00000      0.88801     -0.07692      0.00642
    285.00000    -75.00000      0.88410     -0.07779      0.00429
    290.00000    -75.00000      0.88052     -0.07833      0.00181
    295.00000    -75.00000      0.87740     -0.07849     -0.00101
    300.00000    -75.00000      0.87489     -0.07824     -0.00409
    305.00000    -75.00000      0.87308     -0.07755     -0.00738
    310.00000    -75.00000      0.87209     -0.07639     -0.01077
    315.00000    -75.00000      0.87198     -0.07476     -0.01416
    320.00000    -75.00000      0.87279     -0.07266     -0.01743
    325.00000    -75.00000      0.87450     -0.07011     -0.02046
    330.00000    -75.00000      0.87709     -0.06717     -0.02309
    335.00000    -75.00000      0.88049     -0.06392     -0.02523
    340.00000    -75.00000      0.88460     -0.06046     -0.02674
    345.00000    -75.00000      0.88931     -0.05692     -0.02756
    350.00000    -75.00000      0.89450     -0.05343     -0.02763
    355.00000    -75.00000      0.90004     -0.05016     -0.02695
    360.00000    -75.00000      0.90581     -0.04724     -0.02556
      0.00000    -70.00000      0.88060     -0.06483     -0.02565
      5.00000    -70.00000      0.88893     -0.06212     -0.02249
     10.00000    -70.00000      0.89735     -0.06030     -0.01858
     15.00000    -70.00000      0.90572     -0.05946     -0.01416
     20.00000    -70.00000      0.91391     -0.05961     -0.00951
     25.00000    -70.00000      0.92180     -0.06065     -0.00491
     30.00000    -70.00000      0.92929     -0.06243     -0.00061
     35.00000    -70.00000      0.93630     -0.06471      0.00316
     40.00000    -70.00000      0.94277     -0.06723      0.00627
     45.00000    -70.00000      0.94865     -0.06970      0.00863
     50.00000    -70.00000      0.95392     -0.07186      0.01025
     55.00000    -70.00000      0.95861     -0.07350      0.01123
     60.00000    -70.00000      0.96272     -0.07448      0.01171
     65.00000    -70.00000      0.96630     -0.07475      0.01189
     70.00000    -70.00000      0.96942     -0.07435      0.01196
     75.00000    -70.00000      0.97212     -0.07342      0.01213
     80.00000    -70.00000      0.97446     -0.07215      0.01252
     85.00000    -70.00000      0.97648     -0.07077      0.01321
     90.00000    -70.00000      0.97821     -0.06952      0.01419
     95.00000    -70.00000      0.97963     -0.06859      0.01539
    100.00000    -70.00000      0.98072     -0.06811      0.01670
    105.00000    -70.00000      0.98141     -0.06812      0.01795
    110.00000    -70.00000      0.98164     -0.06860      0.01899
    115.00000    -70.00000      0.98134     -0.06944      0.01972
    120.00000    -70.00000      0.98046     -0.07049      0.02006
    125.00000    -70.00000      0.97895     -0.07161      0.01999
    130.00000    -70.00000      0.97682     -0.07264      0.01955
    135.00000    -70.00000      0.97410     -0.07350      0.01878
    140.00000    -70.00000      0.97085     -0.07412      0.01776
    145.00000    -70.00000      0.96715     -0.07451      0.01656
    150.00000    -70.00000      0.96311     -0.07471      0.01523
    155.00000    -70.00000      0.95884     -0.07476      0.01378
    160.00000    -70.00000      0.95443     -0.07471      0.01222
    165.00000    -70.00000      0.94999     -0.07459      0.01056
    170.00000    -70.00000      0.94561     -0.07442      0.00880
    175.00000    -70.00000      0.94140     -0.07416      0.00699
    180.00000    -70.00000      0.93745     -0.07381      0.00522
    185.00000    -70.00000      0.93383     -0.07336      0.00361
    190.00000    -70.00000      0.93062     -0.07283      0.00231
    195.00000    -70.00000      0.92784     -0.07228      0.00146
    200.00000    -70.00000      0.92550     -0.07181      0.00120
    205.00000    -70.00000      0.92356     -0.07156      0.00159
    210.00000    -70.00000      0.92192     -0.07167      0.00263
    215.00000    -70.00000      0.92046     -0.07224      0.00427
    220.00000    -70.00000      0.91903     -0.07336      0.00637
    225.00000    -70.00000      0.91748     -0.07504      0.00874
    230.00000    -70.00000      0.91565     -0.07724      0.01119
    235.00000    -70.00000      0.91345     -0.07985      0.01353
    240.00000    -70.00000      0.91078     -0.08273      0.01559
    245.00000    -70.00000      0.90761     -0.08573      0.01727
    250.00000    -70.00000      0.90390     -0.08869      0.01848
    255.00000    -70.00000      0.89966     -0.09151      0.01920
    260.00000    -70.00000      0.89489     -0.09408      0.01940
    265.00000    -70.00000      0.88962     -0.09635      0.01908
    270.00000    -70.00000      0.88389     -0.09830      0.01825
    275.00000    -70.00000      0.87778     -0.09991      0.01690
    280.00000    -70.00000      0.87140     -0.10117      0.01502
    285.00000    -70.00000      0.86492     -0.10206      0.01261
    290.00000    -70.00000      0.85858     -0.10257      0.00969
    295.00000    -70.00000      0.85264     -0.10267      0.00628
    300.00000    -70.00000      0.84739     -0.10232      0.00245
    305.00000    -70.00000      0.84310     -0.10149     -0.00173
    310.00000    -70.00000      0.84002     -0.10013     -0.00614
    315.00000    -70.00000      0.83832     -0.09822     -0.01063
    320.00000    -70.00000      0.83812     -0.09576     -0.01504
    325.00000    -70.00000      0.83943     -0.09274     -0.01917
    330.00000    -70.00000      0.84219     -0.08921     -0.02282
    335.00000    -70.00000      0.84629     -0.08525     -0.02579
    340.00000    -70.00000      0.85156     -0.08099     -0.02790
    345.00000    -70.00000      0.85782     -0.07660     -0.02899
    350.00000    -70.00000      0.86487     -0.07229     -0.02899
    355.00000    -70.00000      0.87253     -0.06829     -0.02786
    360.00000    -70.00000      0.88060     -0.06483     -0.02565
      0.00000    -65.00000      0.84619     -0.08431     -0.02576
      5.00000    -65.00000      0.85697     -0.08122     -0.02123
     10.00000    -65.00000      0.86817     -0.07930     -0.01573
     15.00000    -65.00000      0.87961     -0.07867     -0.00959
     20.00000    -65.00000      0.89108     -0.07936     -0.00313
     25.00000    -65.00000      0.90238     -0.08125      0.00327
     30.00000    -65.00000      0.91333     -0.08412      0.00927
     35.00000    -65.00000      0.92374     -0.08766      0.01458
     40.00000    -65.00000      0.93347     -0.09149      0.01893
     45.00000    -65.00000      0.94237     -0.09522      0.02219
     50.00000    -65.00000      0.95037     -0.09844      0.02430
     55.00000    -65.00000      0.95740     -0.10082      0.02533
     60.00000    -65.00000      0.96347     -0.10213      0.02546
     65.00000    -65.00000      0.96862     -0.10227      0.02496
     70.00000    -65.00000      0.97293     -0.10128      0.02416
     75.00000    -65.00000      0.97650     -0.09938      0.02336
     80.00000    -65.00000      0.97948     -0.09689      0.02282
     85.00000    -65.00000      0.98197     -0.09422      0.02270
     90.00000    -65.00000      0.98406     -0.09177      0.02303
     95.00000    -65.00000      0.98577     -0.08989      0.02372
    100.00000    -65.00000      0.98707     -0.08879      0.02459
    105.00000    -65.00000      0.98787     -0.08853      0.02540
    110.00000    -65.00000      0.98801     -0.08904      0.02596
    115.00000    -65.00000      0.98736     -0.09008      0.02609
    120.00000    -65.00000      0.98578     -0.09135      0.02573
    125.00000    -65.00000      0.98320     -0.09256      0.02492
    130.00000    -65.00000      0.97960     -0.09345      0.02376
    135.00000    -65.00000      0.97507     -0.09387      0.02239
    140.00000    -65.00000      0.96975     -0.09380      0.02098
    145.00000    -65.00000      0.96381     -0.09330      0.01962
    150.00000    -65.00000      0.95747     -0.09254      0.01834
    155.00000    -65.00000      0.95089     -0.09170      0.01712
    160.00000    -65.00000      0.94425     -0.09092      0.01585
    165.00000    -65.00000      0.93767     -0.09032      0.01442
    170.00000    -65.00000      0.93129     -0.08989      0.01274
    175.00000    -65.00000      0.92523     -0.08959      0.01078
    180.00000    -65.00000      0.91965     -0.08933      0.00863
    185.00000    -65.00000      0.91472     -0.08902      0.00646
    190.00000    -65.00000      0.91060     -0.08863      0.00453
    195.00000    -65.00000      0.90742     -0.08820      0.00313
    200.00000    -65.00000      0.90522     -0.08787      0.00253
    205.00000    -65.00000      0.90396     -0.08784      0.00289
    210.00000    -65.00000      0.90347     -0.08834      0.00428
    215.00000    -65.00000      0.90348     -0.08955      0.00659
    220.00000    -65.00000      0.90368     -0.09159      0.00961
    225.00000    -65.00000      0.90373     -0.09444      0.01303
    230.00000    -65.00000      0.90335     -0.09797      0.01653
    235.00000    -65.00000      0.90235     -0.10197      0.01980
    240.00000    -65.00000      0.90062     -0.10616      0.02262
    245.00000    -65.00000      0.89816     -0.11027      0.02485
    250.00000    -65.00000      0.89497     -0.11408      0.02643
    255.00000    -65.00000      0.89106     -0.11746      0.02738
    260.00000    -65.00000      0.88640     -0.12035      0.02770
    265.00000    -65.00000      0.88091     -0.12275      0.02742
    270.00000    -65.00000      0.87450     -0.12472      0.02651
    275.00000    -65.00000      0.86710     -0.12628      0.02496
    280.00000    -65.00000      0.85872     -0.12748      0.02270
    285.00000    -65.00000      0.84952     -0.12829      0.01971
    290.00000    -65.00000      0.83981     -0.12869      0.01600
    295.00000    -65.00000      0.83006     -0.12864      0.01162
    300.00000    -65.00000      0.82083     -0.12808      0.00667
    305.00000    -65.00000      0.81268     -0.12698      0.00129
    310.00000    -65.00000      0.80613     -0.12531     -0.00433
    315.00000    -65.00000      0.80156     -0.12305     -0.00999
    320.00000    -65.00000      0.79922     -0.12020     -0.01545
    325.00000    -65.00000      0.79913     -0.11675     -0.02048
    330.00000    -65.00000      0.80121     -0.11272     -0.02483
    335.00000    -65.00000      0.80525     -0.10818     -0.02826
    340.00000    -65.00000      0.81101     -0.10326     -0.03053
    345.00000    -65.00000      0.81821     -0.09814     -0.03149
    350.00000    -65.00000      0.82662     -0.09307     -0.03101
    355.00000    -65.00000      0.83601     -0.08836     -0.02907
    360.00000    -65.00000      0.84619     -0.08431     -0.02576
      0.00000    -60.00000      0.80171     -0.10745     -0.02686
      5.00000    -60.00000      0.81509     -0.10397     -0.02077
     10.00000    -60.00000      0.82955     -0.10177     -0.01378
     15.00000    -60.00000      0.84482     -0.10101     -0.00618
     20.00000    -60.00000      0.86061     -0.10170      0.00175
     25.00000    -60.00000      0.87657     -0.10373      0.00972
     30.00000    -60.00000      0.89235     -0.10688      0.01742
     35.00000    -60.00000      0.90763     -0.11086      0.02453
     40.00000    -60.00000      0.92208     -0.11526      0.03072
     45.00000    -60.00000      0.93542     -0.11964      0.03569
     50.00000    -60.00000      0.94742     -0.12353      0.03922
     55.00000    -60.00000      0.95789     -0.12647      0.04122
     60.00000    -60.00000      0.96674     -0.12810      0.04177
     65.00000    -60.00000      0.97394     -0.12819      0.04114
     70.00000    -60.00000      0.97959     -0.12674      0.03972
     75.00000    -60.00000      0.98390     -0.12398      0.03796
     80.00000    -60.00000      0.98710     -0.12032      0.03630
     85.00000    -60.00000      0.98950     -0.11635      0.03501
     90.00000    -60.00000      0.99133     -0.11269      0.03423
     95.00000    -60.00000      0.99275     -0.10987      0.03389
    100.00000    -60.00000      0.99377     -0.10826      0.03379
    105.00000    -60.00000      0.99428     -0.10795      0.03365
    110.00000    -60.00000      0.99404     -0.10881      0.03321
    115.00000    -60.00000      0.99276     -0.11045      0.03231
    120.00000    -60.00000      0.99018     -0.11238      0.03092
    125.00000    -60.00000      0.98614     -0.11410      0.02915
    130.00000    -60.00000      0.98060     -0.11522      0.02719
    135.00000    -60.00000      0.97372     -0.11549      0.02530
    140.00000    -60.00000      0.96576     -0.11491      0.02368
    145.00000    -60.00000      0.95707     -0.11366      0.02246
    150.00000    -60.00000      0.94799     -0.11205      0.02163
    155.00000    -60.00000      0.93881     -0.11042      0.02104
    160.00000    -60.00000      0.92972     -0.10907      0.02045
    165.00000    -60.00000      0.92083     -0.10820      0.01957
    170.00000    -60.00000      0.91221     -0.10783      0.01817
    175.00000    -60.00000      0.90397     -0.10783      0.01611
    180.00000    -60.00000      0.89630     -0.10801      0.01344
    185.00000    -60.00000      0.88949     -0.10816      0.01039
    190.00000    -60.00000      0.88390     -0.10814      0.00737
    195.00000    -60.00000      0.87987     -0.10797      0.00488
    200.00000    -60.00000      0.87763     -0.10781      0.00337
    205.00000    -60.00000      0.87717     -0.10795      0.00322
    210.00000    -60.00000      0.87823     -0.10874      0.00458
    215.00000    -60.00000      0.88033     -0.11048      0.00737
    220.00000    -60.00000      0.88281     -0.11331      0.01128
    225.00000    -60.00000      0.88506     -0.11718      0.01585
    230.00000    -60.00000      0.88655     -0.12188      0.02059
    235.00000    -60.00000      0.88701     -0.12700      0.02504
    240.00000    -60.00000      0.88642     -0.13215      0.02890
    245.00000    -60.00000      0.88492     -0.13693      0.03199
    250.00000    -60.00000      0.88275     -0.14112      0.03426
    255.00000    -60.00000      0.88001     -0.14464      0.03572
    260.00000    -60.00000      0.87664     -0.14755      0.03640
    265.00000    -60.00000      0.87235     -0.14999      0.03627
    270.00000    -60.00000      0.86669     -0.15211      0.03521
    275.00000    -60.00000      0.85918     -0.15398      0.03312
    280.00000    -60.00000      0.84953     -0.15560      0.02986
    285.00000    -60.00000      0.83770     -0.15686      0.02538
    290.00000    -60.00000      0.82410     -0.15760      0.01976
    295.00000    -60.00000      0.80945     -0.15768      0.01316
    300.00000    -60.00000      0.79479     -0.15702      0.00586
    305.00000    -60.00000      0.78119     -0.15559     -0.00178
    310.00000    -60.00000      0.76963     -0.15343     -0.00940
    315.00000    -60.00000      0.76085     -0.15061     -0.01665
    320.00000    -60.00000      0.75523     -0.14720     -0.02320
    325.00000    -60.00000      0.75282     -0.14323     -0.02879
    330.00000    -60.00000      0.75341     -0.13874     -0.03317
    335.00000    -60.00000      0.75666     -0.13376     -0.03613
    340.00000    -60.00000      0.76219     -0.12838     -0.03751
    345.00000    -60.00000      0.76967     -0.12278     -0.03724
    350.00000    -60.00000      0.77886     -0.11719     -0.03530
    355.00000    -60.00000      0.78958     -0.11197     -0.03178
    360.00000    -60.00000      0.80171     -0.10745     -0.02686
      0.00000    -55.00000      0.74748     -0.13552     -0.02993
      5.00000    -55.00000      0.76411     -0.13194     -0.02186
     10.00000    -55.00000      0.78275     -0.12955     -0.01355
     15.00000    -55.00000      0.80301     -0.12845     -0.00510
     20.00000    -55.00000      0.82440     -0.12861      0.00346
     25.00000    -55.00000      0.84636     -0.12994      0.01221
     30.00000    -55.00000      0.86834     -0.13231      0.02112
     35.00000    -55.00000      0.88983     -0.13553      0.03001
     40.00000    -55.00000      0.91032     -0.13938      0.03852
     45.00000    -55.00000      0.92936     -0.14352      0.04611
     50.00000    -55.00000      0.94651     -0.14751      0.05223
     55.00000    -55.00000      0.96138     -0.15081      0.05643
     60.00000    -55.00000      0.97367     -0.15287      0.05851
     65.00000    -55.00000      0.98324     -0.15326      0.05857
     70.00000    -55.00000      0.99016     -0.15177      0.05703
     75.00000    -55.00000      0.99469     -0.14852      0.05448
     80.00000    -55.00000      0.99728     -0.14396      0.05153
     85.00000    -55.00000      0.99852     -0.13881      0.04869
     90.00000    -55.00000      0.99894     -0.13392      0.04623
     95.00000    -55.00000      0.99898     -0.13007      0.04417
    100.00000    -55.00000      0.99881     -0.12782      0.04236
    105.00000    -55.00000      0.99836     -0.12737      0.04053
    110.00000    -55.00000      0.99730     -0.12855      0.03849
    115.00000    -55.00000      0.99516     -0.13086      0.03613
    120.00000    -55.00000      0.99144     -0.13362      0.03350
    125.00000    -55.00000      0.98580     -0.13613      0.03081
    130.00000    -55.00000      0.97815     -0.13783      0.02833
    135.00000    -55.00000      0.96870     -0.13839      0.02632
    140.00000    -55.00000      0.95788     -0.13779      0.02497
    145.00000    -55.00000      0.94629     -0.13629      0.02431
    150.00000    -55.00000      0.93448     -0.13431      0.02424
    155.00000    -55.00000      0.92287     -0.13237      0.02448
    160.00000    -55.00000      0.91163     -0.13089      0.02465
    165.00000    -55.00000      0.90073     -0.13016      0.02434
    170.00000    -55.00000      0.89005     -0.13020      0.02315
    175.00000    -55.00000      0.87954     -0.13085      0.02085
    180.00000    -55.00000      0.86935     -0.13180      0.01742
    185.00000    -55.00000      0.85995     -0.13268      0.01313
    190.00000    -55.00000      0.85201     -0.13324      0.00849
    195.00000    -55.00000      0.84629     -0.13342      0.00421
    200.00000    -55.00000      0.84340     -0.13341      0.00106
    205.00000    -55.00000      0.84353     -0.13356     -0.00034
    210.00000    -55.00000      0.84635     -0.13435      0.00042
    215.00000    -55.00000      0.85103     -0.13619      0.00336
    220.00000    -55.00000      0.85643     -0.13927      0.00817
    225.00000    -55.00000      0.86139     -0.14353      0.01430
    230.00000    -55.00000      0.86501     -0.14864      0.02103
    235.00000    -55.00000      0.86691     -0.15408      0.02773
    240.00000    -55.00000      0.86726     -0.15931      0.03389
    245.00000    -55.00000      0.86661     -0.16394      0.03919
    250.00000    -55.00000      0.86563     -0.16781      0.04349
    255.00000    -55.00000      0.86473     -0.17101      0.04670
    260.00000    -55.00000      0.86386     -0.17384      0.04868
    265.00000    -55.00000      0.86235     -0.17665      0.04923
    270.00000    -55.00000      0.85911     -0.17966      0.04805
    275.00000    -55.00000      0.85289     -0.18290      0.04482
    280.00000    -55.00000      0.84271     -0.18616      0.03934
    285.00000    -55.00000      0.82822     -0.18903      0.03159
    290.00000    -55.00000      0.80984     -0.19106      0.02184
    295.00000    -55.00000      0.78879     -0.19189      0.01059
    300.00000    -55.00000      0.76684     -0.19134     -0.00147
    305.00000    -55.00000      0.74589     -0.18944     -0.01355
    310.00000    -55.00000      0.72768     -0.18640     -0.02492
    315.00000    -55.00000      0.71339     -0.18253     -0.03494
    320.00000    -55.00000      0.70359     -0.17808     -0.04311
    325.00000    -55.00000      0.69824     -0.17324     -0.04909
    330.00000    -55.00000      0.69690     -0.16810     -0.05270
    335.00000    -55.00000      0.69896     -0.16267     -0.05387
    340.00000    -55.00000      0.70388     -0.15699     -0.05266
    345.00000    -55.00000      0.71128     -0.15118     -0.04929
    350.00000    -55.00000      0.72103     -0.14546     -0.04408
    355.00000    -55.00000      0.73309     -0.14013     -0.03748
    360.00000    -55.00000      0.74748     -0.13552     -0.02993
      0.00000    -50.00000      0.68441     -0.16909     -0.03631
      5.00000    -50.00000      0.70578     -0.16609     -0.02516
     10.00000    -50.00000      0.73022     -0.16407     -0.01525
     15.00000    -50.00000      0.75705     -0.16290     -0.00643
     20.00000    -50.00000      0.78544     -0.16240      0.00189
     25.00000    -50.00000      0.81456     -0.16246      0.01044
     30.00000    -50.00000      0.84367     -0.16310      0.01984
     35.00000    -50.00000      0.87213     -0.16443      0.03029
     40.00000    -50.00000      0.89935     -0.16658      0.04145
     45.00000    -50.00000      0.92474     -0.16952      0.05248
     50.00000    -50.00000      0.94767     -0.17300      0.06231
     55.00000    -50.00000      0.96748     -0.17646      0.06990
     60.00000    -50.00000      0.98361     -0.17914      0.07457
     65.00000    -50.00000      0.99567     -0.18026      0.07615
     70.00000    -50.00000      1.00360     -0.17928      0.07503
     75.00000    -50.00000      1.00770     -0.17606      0.07192
     80.00000    -50.00000      1.00866     -0.17094      0.06766
     85.00000    -50.00000      1.00742     -0.16476      0.06298
     90.00000    -50.00000      1.00498     -0.15855      0.05830
     95.00000    -50.00000      1.00219     -0.15340      0.05378
    100.00000    -50.00000      0.99959     -0.15009      0.04935
    105.00000    -50.00000      0.99725     -0.14898      0.04492
    110.00000    -50.00000      0.99482     -0.14995      0.04047
    115.00000    -50.00000      0.99160     -0.15244      0.03614
    120.00000    -50.00000      0.98682     -0.15567      0.03220
    125.00000    -50.00000      0.97984     -0.15880      0.02896
    130.00000    -50.00000      0.97037     -0.16116      0.02665
    135.00000    -50.00000      0.95862     -0.16235      0.02538
    140.00000    -50.00000      0.94521     -0.16231      0.02506
    145.00000    -50.00000      0.93100     -0.16129      0.02547
    150.00000    -50.00000      0.91685     -0.15975      0.02628
    155.00000    -50.00000      0.90335     -0.15824      0.02713
    160.00000    -50.00000      0.89063     -0.15726      0.02761
    165.00000    -50.00000      0.87843     -0.15713      0.02731
    170.00000    -50.00000      0.86624     -0.15794      0.02586
    175.00000    -50.00000      0.85364     -0.15951      0.02296
    180.00000    -50.00000      0.84064     -0.16146      0.01848
    185.00000    -50.00000      0.82780     -0.16336      0.01259
    190.00000    -50.00000      0.81630     -0.16481      0.00579
    195.00000    -50.00000      0.80757     -0.16565     -0.00107
    200.00000    -50.00000      0.80288     -0.16597     -0.00692
    205.00000    -50.00000      0.80290     -0.16616     -0.01071
    210.00000    -50.00000      0.80736     -0.16672     -0.01157
    215.00000    -50.00000      0.81506     -0.16813     -0.00909
    220.00000    -50.00000      0.82414     -0.17067     -0.00334
    225.00000    -50.00000      0.83262     -0.17428      0.00514
    230.00000    -50.00000      0.83899     -0.17861      0.01546
    235.00000    -50.00000      0.84265     -0.18310      0.02668
    240.00000    -50.00000      0.84402     -0.18723      0.03789
    245.00000    -50.00000      0.84425     -0.19071      0.04836
    250.00000    -50.00000      0.84472     -0.19358      0.05754
    255.00000    -50.00000      0.84636     -0.19625      0.06493
    260.00000    -50.00000      0.84912     -0.19931      0.07003
    265.00000    -50.00000      0.85181     -0.20331      0.07223
    270.00000    -50.00000      0.85234     -0.20849      0.07091
    275.00000    -50.00000      0.84830     -0.21465      0.06556
    280.00000    -50.00000      0.83771     -0.22117      0.05593
    285.00000    -50.00000      0.81970     -0.22711      0.04220
    290.00000    -50.00000      0.79482     -0.23153      0.02505
    295.00000    -50.00000      0.76503     -0.23371      0.00559
    300.00000    -50.00000      0.73325     -0.23336     -0.01480
    305.00000    -50.00000      0.70264     -0.23064     -0.03466
    310.00000    -50.00000      0.67592     -0.22609     -0.05263
    315.00000    -50.00000      0.65489     -0.22038     -0.06762
    320.00000    -50.00000      0.64023     -0.21413     -0.07882
    325.00000    -50.00000      0.63167     -0.20777     -0.08574
    330.00000    -50.00000      0.62834     -0.20150     -0.08821
    335.00000    -50.00000      0.62927     -0.19535     -0.08634
    340.00000    -50.00000      0.63371     -0.18932     -0.08055
    345.00000    -50.00000      0.64135     -0.18347     -0.07159
    350.00000    -50.00000      0.65222     -0.17797     -0.06047
    355.00000    -50.00000      0.66652     -0.17310     -0.04835
    360.00000    -50.00000      0.68441     -0.16909     -0.03631
      0.00000    -45.00000      0.61278     -0.20818     -0.04808
      5.00000    -45.00000      0.64157     -0.20681     -0.03155
     10.00000    -45.00000      0.67433     -0.20625     -0.01867
     15.00000    -45.00000      0.70980     -0.20593     -0.00894
     20.00000    -45.00000      0.74666     -0.20535     -0.00096
     25.00000    -45.00000      0.78379     -0.20426      0.00705
     30.00000    -45.00000      0.82035     -0.20284      0.01665
     35.00000    -45.00000      0.85575     -0.20161      0.02864
     40.00000    -45.00000      0.88951     -0.20124      0.04276
     45.00000    -45.00000      0.92107     -0.20223      0.05780
     50.00000    -45.00000      0.94968     -0.20465      0.07199
     55.00000    -45.00000      0.97444     -0.20800      0.08355
     60.00000    -45.00000      0.99442     -0.21129      0.09124
     65.00000    -45.00000      1.00892     -0.21335      0.09463
     70.00000    -45.00000      1.01764     -0.21315      0.09411
     75.00000    -45.00000      1.02086     -0.21019      0.09058
     80.00000    -45.00000      1.01943     -0.20467      0.08509
     85.00000    -45.00000      1.01465     -0.19743      0.07851
     90.00000    -45.00000      1.00803     -0.18975      0.07131
     95.00000    -45.00000      1.00098     -0.18294      0.06366
    100.00000    -45.00000      0.99452     -0.17803      0.05564
    105.00000    -45.00000      0.98910     -0.17555      0.04744
    110.00000    -45.00000      0.98449     -0.17543      0.03953
    115.00000    -45.00000      0.97990     -0.17715      0.03257
    120.00000    -45.00000      0.97425     -0.17991      0.02728
    125.00000    -45.00000      0.96651     -0.18291      0.02411
    130.00000    -45.00000      0.95602     -0.18550      0.02313
    135.00000    -45.00000      0.94281     -0.18730      0.02391
    140.00000    -45.00000      0.92754     -0.18821      0.02572
    145.00000    -45.00000      0.91132     -0.18839      0.02774
    150.00000    -45.00000      0.89537     -0.18815      0.02927
    155.00000    -45.00000      0.88053     -0.18790      0.02991
    160.00000    -45.00000      0.86699     -0.18805      0.02950
    165.00000    -45.00000      0.85420     -0.18893      0.02800
    170.00000    -45.00000      0.84113     -0.19069      0.02532
    175.00000    -45.00000      0.82680     -0.19328      0.02122
    180.00000    -45.00000      0.81079     -0.19644      0.01541
    185.00000    -45.00000      0.79370     -0.19971      0.00770
    190.00000    -45.00000      0.77720     -0.20264     -0.00173
    195.00000    -45.00000      0.76363     -0.20487     -0.01211
    200.00000    -45.00000      0.75532     -0.20628     -0.02214
    205.00000    -45.00000      0.75383     -0.20703     -0.03010
    210.00000    -45.00000      0.75926     -0.20751     -0.03431
    215.00000    -45.00000      0.77016     -0.20817     -0.03343
    220.00000    -45.00000      0.78387     -0.20934     -0.02687
    225.00000    -45.00000      0.79736     -0.21109     -0.01486
    230.00000    -45.00000      0.80819     -0.21321      0.00162
    235.00000    -45.00000      0.81525     -0.21534      0.02111
    240.00000    -45.00000      0.81909     -0.21718      0.04191
    245.00000    -45.00000      0.82147     -0.21872      0.06235
    250.00000    -45.00000      0.82457     -0.22033      0.08091
    255.00000    -45.00000      0.82989     -0.22276      0.09620
    260.00000    -45.00000      0.83738     -0.22686      0.10694
    265.00000    -45.00000      0.84517     -0.23327      0.11197
    270.00000    -45.00000      0.84989     -0.24210      0.11029
    275.00000    -45.00000      0.84769     -0.25272      0.10128
    280.00000    -45.00000      0.83539     -0.26388      0.08489
    285.00000    -45.00000      0.81159     -0.27397      0.06177
    290.00000    -45.00000      0.77721     -0.28141      0.03331
    295.00000    -45.00000      0.73534     -0.28512      0.00148
    300.00000    -45.00000      0.69047     -0.28473     -0.03142
    305.00000    -45.00000      0.64739     -0.28065     -0.06307
    310.00000    -45.00000      0.61006     -0.27383     -0.09138
    315.00000    -45.00000      0.58090     -0.26545     -0.11462
    320.00000    -45.00000      0.56061     -0.25658     -0.13150
    325.00000    -45.00000      0.54848     -0.24795     -0.14118
    330.00000    -45.00000      0.54313     -0.23989     -0.14327
    335.00000    -45.00000      0.54316     -0.23247     -0.13794
    340.00000    -45.00000      0.54771     -0.22572     -0.12599
    345.00000    -45.00000      0.55661     -0.21970     -0.10888
    350.00000    -45.00000      0.57018     -0.21462     -0.08864
    355.00000    -45.00000      0.58886     -0.21074     -0.06764
    360.00000    -45.00000      0.61278     -0.20818     -0.04808
      0.00000    -40.00000      0.53105     -0.25274     -0.06828
      5.00000    -40.00000      0.57129     -0.25427     -0.04251
     10.00000    -40.00000      0.61593     -0.25670     -0.02345
     15.00000    -40.00000      0.66276     -0.25882     -0.01038
     20.00000    -40.00000      0.70983     -0.25955     -0.00100
     25.00000    -40.00000      0.75573     -0.25836      0.00774
     30.00000    -40.00000      0.79973     -0.25548      0.01852
     35.00000    -40.00000      0.84157     -0.25187      0.03283
     40.00000    -40.00000      0.88110     -0.24881      0.05048
     45.00000    -40.00000      0.91798     -0.24746      0.06976
     50.00000    -40.00000      0.95149     -0.24832      0.08811
     55.00000    -40.00000      0.98052     -0.25102      0.10305
     60.00000    -40.00000      1.00388     -0.25438      0.11290
     65.00000    -40.00000      1.02053     -0.25680      0.11720
     70.00000    -40.00000      1.02994     -0.25682      0.11661
     75.00000    -40.00000      1.03226     -0.25361      0.11236
     80.00000    -40.00000      1.02837     -0.24723      0.10569
     85.00000    -40.00000      1.01977     -0.23860      0.09737
     90.00000    -40.00000      1.00831     -0.22918      0.08761
     95.00000    -40.00000      0.99592     -0.22050      0.07638
    100.00000    -40.00000      0.98423     -0.21372      0.06377
    105.00000    -40.00000      0.97427     -0.20938      0.05044
    110.00000    -40.00000      0.96628     -0.20741      0.03771
    115.00000    -40.00000      0.95966     -0.20731      0.02722
    120.00000    -40.00000      0.95320     -0.20839      0.02048
    125.00000    -40.00000      0.94543     -0.21006      0.01821
    130.00000    -40.00000      0.93515     -0.21193      0.02007
    135.00000    -40.00000      0.92183     -0.21381      0.02465
    140.00000    -40.00000      0.90584     -0.21564      0.02998
    145.00000    -40.00000      0.88836     -0.21742      0.03415
    150.00000    -40.00000      0.87092     -0.21913      0.03590
    155.00000    -40.00000      0.85479     -0.22080      0.03492
    160.00000    -40.00000      0.84042     -0.22255      0.03170
    165.00000    -40.00000      0.82717     -0.22462      0.02711
    170.00000    -40.00000      0.81354     -0.22730      0.02180
    175.00000    -40.00000      0.79776     -0.23083      0.01580
    180.00000    -40.00000      0.77874     -0.23529      0.00848
    185.00000    -40.00000      0.75678     -0.24045     -0.00107
    190.00000    -40.00000      0.73384     -0.24582     -0.01349
    195.00000    -40.00000      0.71328     -0.25078     -0.02852
    200.00000    -40.00000      0.69884     -0.25473     -0.04470
    205.00000    -40.00000      0.69345     -0.25732     -0.05944
    210.00000    -40.00000      0.69819     -0.25849     -0.06961
    215.00000    -40.00000      0.71183     -0.25847     -0.07226
    220.00000    -40.00000      0.73113     -0.25763     -0.06538
    225.00000    -40.00000      0.75194     -0.25633     -0.04840
    230.00000    -40.00000      0.77057     -0.25483     -0.02230
    235.00000    -40.00000      0.78498     -0.25331      0.01062
    240.00000    -40.00000      0.79533     -0.25200      0.04725
    245.00000    -40.00000      0.80360     -0.25137      0.08414
    250.00000    -40.00000      0.81242     -0.25215      0.11797
    255.00000    -40.00000      0.82365     -0.25532      0.14576
    260.00000    -40.00000      0.83709     -0.26177      0.16504
    265.00000    -40.00000      0.85007     -0.27196      0.17391
    270.00000    -40.00000      0.85790     -0.28560      0.17116
    275.00000    -40.00000      0.85530     -0.30149      0.15639
    280.00000    -40.00000      0.83806     -0.31767      0.13018
    285.00000    -40.00000      0.80456     -0.33186      0.09408
    290.00000    -40.00000      0.75645     -0.34196      0.05050
    295.00000    -40.00000      0.69835     -0.34666      0.00245
    300.00000    -40.00000      0.63671     -0.34565     -0.04682
    305.00000    -40.00000      0.57809     -0.33966     -0.09419
    310.00000    -40.00000      0.52772     -0.33012     -0.13687
    315.00000    -40.00000      0.48854     -0.31868     -0.17247
    320.00000    -40.00000      0.46110     -0.30677     -0.19900
    325.00000    -40.00000      0.44422     -0.29535     -0.21490
    330.00000    -40.00000      0.43601     -0.28487     -0.21918
    335.00000    -40.00000      0.43485     -0.27547     -0.21164
    340.00000    -40.00000      0.44002     -0.26728     -0.19317
    345.00000    -40.00000      0.45171     -0.26055     -0.16599
    350.00000    -40.00000      0.47058     -0.25569     -0.13344
    355.00000    -40.00000      0.49710     -0.25307     -0.09956
    360.00000    -40.00000      0.53105     -0.25274     -0.06828
      0.00000    -35.00000      0.43528     -0.30317     -0.10040
      5.00000    -35.00000      0.49233     -0.30874     -0.05993
     10.00000    -35.00000      0.55354     -0.31587     -0.02936
     15.00000    -35.00000      0.61539     -0.32248     -0.00803
     20.00000    -35.00000      0.67511     -0.32667      0.00713
     25.00000    -35.00000      0.73114     -0.32738      0.02032
     30.00000    -35.00000      0.78306     -0.32472      0.03532
     35.00000    -35.00000      0.83116     -0.31993      0.05413
     40.00000    -35.00000      0.87581     -0.31487      0.07642
     45.00000    -35.00000      0.91700     -0.31127      0.09987
     50.00000    -35.00000      0.95414     -0.31010      0.12115
     55.00000    -35.00000      0.98610     -0.31114      0.13728
     60.00000    -35.00000      1.01161     -0.31310      0.14663
     65.00000    -35.00000      1.02957     -0.31411      0.14927
     70.00000    -35.00000      1.03939     -0.31246      0.14662
     75.00000    -35.00000      1.04111     -0.30722      0.14053
     80.00000    -35.00000      1.03546     -0.29855      0.13236
     85.00000    -35.00000      1.02374     -0.28761      0.12246
     90.00000    -35.00000      1.00777     -0.27608      0.11030
     95.00000    -35.00000      0.98965     -0.26560      0.09515
    100.00000    -35.00000      0.97156     -0.25722      0.07695
    105.00000    -35.00000      0.95535     -0.25126      0.05698
    110.00000    -35.00000      0.94222     -0.24738      0.03782
    115.00000    -35.00000      0.93232     -0.24493      0.02268
    120.00000    -35.00000      0.92473     -0.24336      0.01432
    125.00000    -35.00000      0.91768     -0.24247      0.01389
    130.00000    -35.00000      0.90914     -0.24238      0.02038
    135.00000    -35.00000      0.89753     -0.24337      0.03082
    140.00000    -35.00000      0.88233     -0.24560      0.04129
    145.00000    -35.00000      0.86430     -0.24890      0.04817
    150.00000    -35.00000      0.84514     -0.25280      0.04938
    155.00000    -35.00000      0.82676     -0.25671      0.04488
    160.00000    -35.00000      0.81031     -0.26025      0.03639
    165.00000    -35.00000      0.79557     -0.26343      0.02636
    170.00000    -35.00000      0.78086     -0.26673      0.01677
    175.00000    -35.00000      0.76366     -0.27093      0.00815
    180.00000    -35.00000      0.74184     -0.27671     -0.00062
    185.00000    -35.00000      0.71484     -0.28434     -0.01176
    190.00000    -35.00000      0.68446     -0.29344     -0.02741
    195.00000    -35.00000      0.65475     -0.30300     -0.04836
    200.00000    -35.00000      0.63102     -0.31164     -0.07315
    205.00000    -35.00000      0.61820     -0.31805     -0.09805
    210.00000    -35.00000      0.61920     -0.32130     -0.11771
    215.00000    -35.00000      0.63391     -0.32113     -0.12658
    220.00000    -35.00000      0.65926     -0.31792     -0.12030
    225.00000    -35.00000      0.69028     -0.31256     -0.09689
    230.00000    -35.00000      0.72185     -0.30619     -0.05720
    235.00000    -35.00000      0.75036     -0.30002     -0.00475
    240.00000    -35.00000      0.77468     -0.29521      0.05505
    245.00000    -35.00000      0.79592     -0.29287      0.11592
    250.00000    -35.00000      0.81626     -0.29403      0.17164
    255.00000    -35.00000      0.83722     -0.29956      0.21681
    260.00000    -35.00000      0.85809     -0.30994      0.24732
    265.00000    -35.00000      0.87538     -0.32504      0.26052
    270.00000    -35.00000      0.88342     -0.34386      0.25535
    275.00000    -35.00000      0.87606     -0.36453      0.23226
    280.00000    -35.00000      0.84873     -0.38454      0.19311
    285.00000    -35.00000      0.80024     -0.40123      0.14088
    290.00000    -35.00000      0.73351     -0.41242      0.07932
    295.00000    -35.00000      0.65501     -0.41686      0.01248
    300.00000    -35.00000      0.57312     -0.41455     -0.05573
    305.00000    -35.00000      0.49602     -0.40656     -0.12173
    310.00000    -35.00000      0.42989     -0.39466     -0.18237
    315.00000    -35.00000      0.37787     -0.38071     -0.23469
    320.00000    -35.00000      0.34030     -0.36623     -0.27588
    325.00000    -35.00000      0.31563     -0.35215     -0.30317
    330.00000    -35.00000      0.30190     -0.33891     -0.31426
    335.00000    -35.00000      0.29785     -0.32677     -0.30786
    340.00000    -35.00000      0.30341     -0.31612     -0.28444
    345.00000    -35.00000      0.31943     -0.30767     -0.24666
    350.00000    -35.00000      0.34688     -0.30231     -0.19928
    355.00000    -35.00000      0.38592     -0.30077     -0.14845
    360.00000    -35.00000      0.43528     -0.30317     -0.10040
      0.00000    -30.00000      0.31970     -0.36040     -0.14710
      5.00000    -30.00000      0.40008     -0.37086     -0.08545
     10.00000    -30.00000      0.48373     -0.38428     -0.03621
     15.00000    -30.00000      0.56542     -0.39759      0.00072
     20.00000    -30.00000      0.64156     -0.40787      0.02873
     25.00000    -30.00000      0.71053     -0.41325      0.05280
     30.00000    -30.00000      0.77238     -0.41345      0.07734
     35.00000    -30.00000      0.82800     -0.40970      0.10445
     40.00000    -30.00000      0.87819     -0.40414      0.13329
     45.00000    -30.00000      0.92320     -0.39890      0.16071
     50.00000    -30.00000      0.96254     -0.39523      0.18274
     55.00000    -30.00000      0.99530     -0.39307      0.19637
     60.00000    -30.00000      1.02060     -0.39115      0.20076
     65.00000    -30.00000      1.03788     -0.38760      0.19740
     70.00000    -30.00000      1.04700     -0.38085      0.18918
     75.00000    -30.00000      1.04816     -0.37033      0.17900
     80.00000    -30.00000      1.04176     -0.35674      0.16830
     85.00000    -30.00000      1.02843     -0.34177      0.15661
     90.00000    -30.00000      1.00918     -0.32747      0.14203
     95.00000    -30.00000      0.98566     -0.31548      0.12256
    100.00000    -30.00000      0.96029     -0.30647      0.09771
    105.00000    -30.00000      0.93595     -0.30007      0.06947
    110.00000    -30.00000      0.91538     -0.29524      0.04216
    115.00000    -30.00000      0.90030     -0.29091      0.02118
    120.00000    -30.00000      0.89080     -0.28651      0.01102
    125.00000    -30.00000      0.88510     -0.28229      0.01344
    130.00000    -30.00000      0.88012     -0.27916      0.02648
    135.00000    -30.00000      0.87254     -0.27817      0.04498
    140.00000    -30.00000      0.86002     -0.27994      0.06225
    145.00000    -30.00000      0.84214     -0.28427      0.07237
    150.00000    -30.00000      0.82041     -0.29019      0.07216
    155.00000    -30.00000      0.79759     -0.29633      0.06211
    160.00000    -30.00000      0.77622     -0.30155      0.04572
    165.00000    -30.00000      0.75738     -0.30554      0.02783
    170.00000    -30.00000      0.73991     -0.30901      0.01237
    175.00000    -30.00000      0.72084     -0.31343      0.00061
    180.00000    -30.00000      0.69667     -0.32045     -0.00931
    185.00000    -30.00000      0.66522     -0.33114     -0.02155
    190.00000    -30.00000      0.62717     -0.34535     -0.04053
    195.00000    -30.00000      0.58659     -0.36163     -0.06870
    200.00000    -30.00000      0.55015     -0.37749     -0.10486
    205.00000    -30.00000      0.52527     -0.39013     -0.14371
    210.00000    -30.00000      0.51782     -0.39728     -0.17692
    215.00000    -30.00000      0.53024     -0.39783     -0.19522
    220.00000    -30.00000      0.56095     -0.39213     -0.19087
    225.00000    -30.00000      0.60501     -0.38185     -0.15976
    230.00000    -30.00000      0.65596     -0.36952     -0.10251
    235.00000    -30.00000      0.70790     -0.35795     -0.02433
    240.00000    -30.00000      0.75699     -0.34968      0.06614
    245.00000    -30.00000      0.80180     -0.34660      0.15850
    250.00000    -30.00000      0.84237     -0.34984      0.24249
    255.00000    -30.00000      0.87859     -0.35966      0.30943
    260.00000    -30.00000      0.90868     -0.37552      0.35317
    265.00000    -30.00000      0.92849     -0.39608      0.37048
    270.00000    -30.00000      0.93215     -0.41935      0.36102
    275.00000    -30.00000      0.91382     -0.44283      0.32691
    280.00000    -30.00000      0.86986     -0.46385      0.27210
    285.00000    -30.00000      0.80056     -0.48003      0.20163
    290.00000    -30.00000      0.71067     -0.48973      0.12078
    295.00000    -30.00000      0.60852     -0.49234      0.03442
    300.00000    -30.00000      0.50398     -0.48840     -0.05335
    305.00000    -30.00000      0.40609     -0.47925     -0.13923
    310.00000    -30.00000      0.32120     -0.46662     -0.22027
    315.00000    -30.00000      0.25227     -0.45206     -0.29331
    320.00000    -30.00000      0.19939     -0.43664     -0.35453
    325.00000    -30.00000      0.16126     -0.42087     -0.39948
    330.00000    -30.00000      0.13674     -0.40499     -0.42367
    335.00000    -30.00000      0.12595     -0.38941     -0.42378
    340.00000    -30.00000      0.13032     -0.37507     -0.39900
    345.00000    -30.00000      0.15176     -0.36348     -0.35188
    350.00000    -30.00000      0.19141     -0.35640     -0.28847
    355.00000    -30.00000      0.24845     -0.35524     -0.21721
    360.00000    -30.00000      0.31970     -0.36040     -0.14710
      0.00000    -25.00000      0.17856     -0.42569     -0.20862
      5.00000    -25.00000      0.28956     -0.44144     -0.11928
     10.00000    -25.00000      0.40251     -0.46244     -0.04346
     15.00000    -25.00000      0.51019     -0.48454      0.01779
     20.00000    -25.00000      0.60822     -0.50367      0.06757
     25.00000    -25.00000      0.69507     -0.51693      0.11092
     30.00000    -25.00000      0.77123     -0.52328      0.15213
     35.00000    -25.00000      0.83791     -0.52354      0.19268
     40.00000    -25.00000      0.89594     -0.51971      0.23071
     45.00000    -25.00000      0.94534     -0.51388      0.26200
     50.00000    -25.00000      0.98559     -0.50736      0.28213
     55.00000    -25.00000      1.01626     -0.50014      0.28870
     60.00000    -25.00000      1.03754     -0.49109      0.28257
     65.00000    -25.00000      1.05040     -0.47874      0.26764
     70.00000    -25.00000      1.05611     -0.46221      0.24918
     75.00000    -25.00000      1.05560     -0.44189      0.23156
     80.00000    -25.00000      1.04895     -0.41960      0.21637
     85.00000    -25.00000      1.03552     -0.39803      0.20190
     90.00000    -25.00000      1.01458     -0.37980      0.18426
     95.00000    -25.00000      0.98642     -0.36651      0.15967
    100.00000    -25.00000      0.95314     -0.35813      0.12689
    105.00000    -25.00000      0.91869     -0.35316      0.08871
    110.00000    -25.00000      0.88803     -0.34934      0.05162
    115.00000    -25.00000      0.86544     -0.34467      0.02371
    120.00000    -25.00000      0.85294     -0.33830      0.01167
    125.00000    -25.00000      0.84923     -0.33089      0.01793
    130.00000    -25.00000      0.84999     -0.32423      0.03932
    135.00000    -25.00000      0.84930     -0.32044      0.06788
    140.00000    -25.00000      0.84187     -0.32090      0.09345
    145.00000    -25.00000      0.82499     -0.32561      0.10725
    150.00000    -25.00000      0.79946     -0.33314      0.10483
    155.00000    -25.00000      0.76900     -0.34125      0.08740
    160.00000    -25.00000      0.73843     -0.34793      0.06088
    165.00000    -25.00000      0.71132     -0.35237      0.03316
    170.00000    -25.00000      0.68819     -0.35550      0.01065
    175.00000    -25.00000      0.66617     -0.35966     -0.00443
    180.00000    -25.00000      0.64024     -0.36775     -0.01497
    185.00000    -25.00000      0.60571     -0.38189     -0.02766
    190.00000    -25.00000      0.56083     -0.40243     -0.04997
    195.00000    -25.00000      0.50847     -0.42739     -0.08656
    200.00000    -25.00000      0.45608     -0.45289     -0.13666
    205.00000    -25.00000      0.41385     -0.47421     -0.19310
    210.00000    -25.00000      0.39180     -0.48716     -0.24377
    215.00000    -25.00000      0.39676     -0.48943     -0.27465
    220.00000    -25.00000      0.43053     -0.48122     -0.27365
    225.00000    -25.00000      0.48961     -0.46524     -0.23393
    230.00000    -25.00000      0.56668     -0.44591     -0.15575
    235.00000    -25.00000      0.65285     -0.42822     -0.04650
    240.00000    -25.00000      0.73991     -0.41654      0.08100
    245.00000    -25.00000      0.82152     -0.41370      0.21115
    250.00000    -25.00000      0.89329     -0.42065      0.32856
    255.00000    -25.00000      0.95173     -0.43647      0.42049
    260.00000    -25.00000      0.99316     -0.45886      0.47853
    265.00000    -25.00000      1.01308     -0.48470      0.49913
    270.00000    -25.00000      1.00666     -0.51070      0.48336
    275.00000    -25.00000      0.97018     -0.53391      0.43587
    280.00000    -25.00000      0.90268     -0.55211      0.36356
    285.00000    -25.00000      0.80726     -0.56402      0.27403
    290.00000    -25.00000      0.69099     -0.56941      0.17422
    295.00000    -25.00000      0.56368     -0.56894      0.06950
    300.00000    -25.00000      0.43564     -0.56385     -0.03658
    305.00000    -25.00000      0.31543     -0.55555     -0.14182
    310.00000    -25.00000      0.20851     -0.54514     -0.24424
    315.00000    -25.00000      0.11710     -0.53313     -0.34090
    320.00000    -25.00000      0.04138     -0.51942     -0.42701
    325.00000    -25.00000     -0.01873     -0.50363     -0.49587
    330.00000    -25.00000     -0.06206     -0.48561     -0.54000
    335.00000    -25.00000     -0.08564     -0.46605     -0.55305
    340.00000    -25.00000     -0.08546     -0.44672     -0.53190
    345.00000    -25.00000     -0.05812     -0.43037     -0.47834
    350.00000    -25.00000     -0.00264     -0.42004     -0.39925
    355.00000    -25.00000      0.07832     -0.41818     -0.30535
    360.00000    -25.00000      0.17856     -0.42569     -0.20862
      0.00000    -20.00000      0.00880     -0.50009     -0.28118
      5.00000    -20.00000      0.15796     -0.52128     -0.15905
     10.00000    -20.00000      0.30754     -0.55077     -0.04966
     15.00000    -20.00000      0.44832     -0.58342      0.04423
     20.00000    -20.00000      0.57527     -0.61396      0.12472
     25.00000    -20.00000      0.68703     -0.63828      0.19604
     30.00000    -20.00000      0.78431     -0.65428      0.26146
     35.00000    -20.00000      0.86803     -0.66190      0.32103
     40.00000    -20.00000      0.93820     -0.66244      0.37125
     45.00000    -20.00000      0.99388     -0.65749      0.40664
     50.00000    -20.00000      1.03412     -0.64802      0.42257
     55.00000    -20.00000      1.05920     -0.63393      0.41780
     60.00000    -20.00000      1.07129     -0.61441      0.39580
     65.00000    -20.00000      1.07414     -0.58873      0.36379
     70.00000    -20.00000      1.07172     -0.55727      0.33016
     75.00000    -20.00000      1.06658     -0.52204      0.30121
     80.00000    -20.00000      1.05872     -0.48660      0.27869
     85.00000    -20.00000      1.04571     -0.45513      0.25944
     90.00000    -20.00000      1.02416     -0.43111      0.23717
     95.00000    -20.00000      0.99191     -0.41614      0.20595
    100.00000    -20.00000      0.95006     -0.40932      0.16363
    105.00000    -20.00000      0.90356     -0.40763      0.11389
    110.00000    -20.00000      0.86015     -0.40710      0.06562
    115.00000    -20.00000      0.82770     -0.40432      0.02999
    120.00000    -20.00000      0.81115     -0.39774      0.01606
    125.00000    -20.00000      0.81025     -0.38819      0.02694
    130.00000    -20.00000      0.81928     -0.37836      0.05799
    135.00000    -20.00000      0.82892     -0.37158      0.09799
    140.00000    -20.00000      0.82961     -0.37024      0.13285
    145.00000    -20.00000      0.81509     -0.37481      0.15059
    150.00000    -20.00000      0.78466     -0.38354      0.14540
    155.00000    -20.00000      0.74309     -0.39337      0.11947
    160.00000    -20.00000      0.69831     -0.40132      0.08151
    165.00000    -20.00000      0.65777     -0.40599      0.04295
    170.00000    -20.00000      0.62508     -0.40844      0.01301
    175.00000    -20.00000      0.59838     -0.41197     -0.00514
    180.00000    -20.00000      0.57118     -0.42087     -0.01565
    185.00000    -20.00000      0.53541     -0.43865     -0.02822
    190.00000    -20.00000      0.48542     -0.46628     -0.05383
    195.00000    -20.00000      0.42134     -0.50137     -0.09979
    200.00000    -20.00000      0.35040     -0.53845     -0.16578
    205.00000    -20.00000      0.28555     -0.57047     -0.24251
    210.00000    -20.00000      0.24204     -0.59090     -0.31348
    215.00000    -20.00000      0.23305     -0.59580     -0.35923
    220.00000    -20.00000      0.26598     -0.58509     -0.36266
    225.00000    -20.00000      0.34066     -0.56263     -0.31377
    230.00000    -20.00000      0.44972     -0.53514     -0.21245
    235.00000    -20.00000      0.58080     -0.51033     -0.06862
    240.00000    -20.00000      0.71954     -0.49482      0.10003
    245.00000    -20.00000      0.85218     -0.49256      0.27190
    250.00000    -20.00000      0.96714     -0.50409      0.42573
    255.00000    -20.00000      1.05550     -0.52681      0.54430
    260.00000    -20.00000      1.11071     -0.55601      0.61682
    265.00000    -20.00000      1.12832     -0.58627      0.63972
    270.00000    -20.00000      1.10608     -0.61280      0.61605
    275.00000    -20.00000      1.04447     -0.63245      0.55372
    280.00000    -20.00000      0.94731     -0.64406      0.46320
    285.00000    -20.00000      0.82182     -0.64836      0.35503
    290.00000    -20.00000      0.67772     -0.64733      0.23781
    295.00000    -20.00000      0.52550     -0.64341      0.11704
    300.00000    -20.00000      0.37439     -0.63869     -0.00493
    305.00000    -20.00000      0.23082     -0.63424     -0.12774
    310.00000    -20.00000      0.09806     -0.62985     -0.25113
    315.00000    -20.00000     -0.02280     -0.62416     -0.37279
    320.00000    -20.00000     -0.13087     -0.61521     -0.48700
    325.00000    -20.00000     -0.22356     -0.60127     -0.58456
    330.00000    -20.00000     -0.29552     -0.58172     -0.65435
    335.00000    -20.00000     -0.33922     -0.55768     -0.68616
    340.00000    -20.00000     -0.34693     -0.53215     -0.67381
    345.00000    -20.00000     -0.31348     -0.50950     -0.61751
    350.00000    -20.00000     -0.23855     -0.49447     -0.52449
    355.00000    -20.00000     -0.12765     -0.49079     -0.40742
    360.00000    -20.00000      0.00880     -0.50009     -0.28118
      0.00000    -15.00000     -0.18730     -0.58405     -0.35636
      5.00000    -15.00000      0.00697     -0.61079     -0.19913
     10.00000    -15.00000      0.20012     -0.64944     -0.05200
     15.00000    -15.00000      0.38111     -0.69397      0.08023
     20.00000    -15.00000      0.54454     -0.73797      0.19803
     25.00000    -15.00000      0.68926     -0.77608      0.30405
     30.00000    -15.00000      0.81580     -0.80487      0.39971
     35.00000    -15.00000      0.92400     -0.82300      0.48290
     40.00000    -15.00000      1.01197     -0.83059      0.54804
     45.00000    -15.00000      1.07683     -0.82820      0.58823
     50.00000    -15.00000      1.11670     -0.81611      0.59878
     55.00000    -15.00000      1.13272     -0.79399      0.58010
     60.00000    -15.00000      1.12989     -0.76139      0.53877
     65.00000    -15.00000      1.11604     -0.71866      0.48589
     70.00000    -15.00000      1.09923     -0.66784      0.43334
     75.00000    -15.00000      1.08466     -0.61308      0.38958
     80.00000    -15.00000      1.07269     -0.56018      0.35662
     85.00000    -15.00000      1.05886     -0.51522      0.32976
     90.00000    -15.00000      1.03633     -0.48284      0.30031
     95.00000    -15.00000      0.99963     -0.46483      0.26016
    100.00000    -15.00000      0.94813     -0.45940      0.20635
    105.00000    -15.00000      0.88764     -0.46189      0.14351
    110.00000    -15.00000      0.82911     -0.46629      0.08305
    115.00000    -15.00000      0.78480     -0.46742      0.03918
    120.00000    -15.00000      0.76345     -0.46264      0.02331
    125.00000    -15.00000      0.76643     -0.45260      0.03906
    130.00000    -15.00000      0.78655     -0.44072      0.08011
    135.00000    -15.00000      0.81032     -0.43146      0.13180
    140.00000    -15.00000      0.82271     -0.42841      0.17604
    145.00000    -15.00000      0.81268     -0.43265      0.19763
    150.00000    -15.00000      0.77714     -0.44239      0.18953
    155.00000    -15.00000      0.72174     -0.45383      0.15501
    160.00000    -15.00000      0.65819     -0.46304      0.10574
    165.00000    -15.00000      0.59909     -0.46796      0.05670
    170.00000    -15.00000      0.55256     -0.46972      0.01988
    175.00000    -15.00000      0.51884     -0.47249     -0.00070
    180.00000    -15.00000      0.49027     -0.48206     -0.01065
    185.00000    -15.00000      0.45482     -0.50346     -0.02284
    190.00000    -15.00000      0.40164     -0.53851     -0.05191
    195.00000    -15.00000      0.32658     -0.58449     -0.10780
    200.00000    -15.00000      0.23543     -0.63433     -0.19055
    205.00000    -15.00000      0.14355     -0.67844     -0.28858
    210.00000    -15.00000      0.07219     -0.70759     -0.38079
    215.00000    -15.00000      0.04254     -0.71586     -0.44205
    220.00000    -15.00000      0.06985     -0.70264     -0.45010
    225.00000    -15.00000      0.15922     -0.67295     -0.39175
    230.00000    -15.00000      0.30435     -0.63602     -0.26659
    235.00000    -15.00000      0.48923     -0.60263     -0.08724
    240.00000    -15.00000      0.69186     -0.58204      0.12353
    245.00000    -15.00000      0.88865     -0.57949      0.33786
    250.00000    -15.00000      1.05825     -0.59515      0.52846
    255.00000    -15.00000      1.18418     -0.62446      0.67356
    260.00000    -15.00000      1.25606     -0.65990      0.76008
    265.00000    -15.00000      1.26981     -0.69341      0.78463
    270.00000    -15.00000      1.22721     -0.71861      0.75253
    275.00000    -15.00000      1.13502     -0.73233      0.67527
    280.00000    -15.00000      1.00372     -0.73499      0.56709
    285.00000    -15.00000      0.84580     -0.72992      0.44158
    290.00000    -15.00000      0.67367     -0.72190      0.30894
    295.00000    -15.00000      0.49751     -0.71544      0.17452
    300.00000    -15.00000      0.32387     -0.71338      0.03914
    305.00000    -15.00000      0.15537     -0.71604     -0.09915
    310.00000    -15.00000     -0.00797     -0.72127     -0.24210
    315.00000    -15.00000     -0.16625     -0.72514     -0.38834
    320.00000    -15.00000     -0.31696     -0.72335     -0.53136
    325.00000    -15.00000     -0.45313     -0.71256     -0.65943
    330.00000    -15.00000     -0.56331     -0.69173     -0.75763
    335.00000    -15.00000     -0.63380     -0.66270     -0.81158
    340.00000    -15.00000     -0.65227     -0.63002     -0.81161
    345.00000    -15.00000     -0.61179     -0.60006     -0.75591
    350.00000    -15.00000     -0.51345     -0.57941     -0.65151
    355.00000    -15.00000     -0.36673     -0.57327     -0.51252
    360.00000    -15.00000     -0.18730     -0.58405     -0.35636
      0.00000    -10.00000     -0.40053     -0.67734     -0.42176
      5.00000    -10.00000     -0.15581     -0.71007     -0.23091
     10.00000    -10.00000      0.08613     -0.75844     -0.04627
     15.00000    -10.00000      0.31281     -0.81572      0.12537
     20.00000    -10.00000      0.51887     -0.87447      0.28253
     25.00000    -10.00000      0.70345     -0.92812      0.42581
     30.00000    -10.00000      0.86656     -0.97187      0.55426
     35.00000    -10.00000      1.00615     -1.00285      0.66325
     40.00000    -10.00000      1.11745     -1.01961      0.74490
     45.00000    -10.00000      1.19472     -1.02138      0.79094
     50.00000    -10.00000      1.23463     -1.00745      0.79672
     55.00000    -10.00000      1.23920     -0.97715      0.76441
     60.00000    -10.00000      1.21679     -0.93040      0.70371
     65.00000    -10.00000      1.18028     -0.86874      0.62946
     70.00000    -10.00000      1.14285     -0.79607      0.55691
     75.00000    -10.00000      1.11328     -0.71890      0.49653
     80.00000    -10.00000      1.09277     -0.64542      0.45060
     85.00000    -10.00000      1.07492     -0.58384      0.41312
     90.00000    -10.00000      1.04911     -0.54022      0.37339
     95.00000    -10.00000      1.00606     -0.51674      0.32155
    100.00000    -10.00000      0.94303     -0.51099      0.25414
    105.00000    -10.00000      0.86653     -0.51680      0.17690
    110.00000    -10.00000      0.79088     -0.52622      0.10361
    115.00000    -10.00000      0.73322     -0.53214      0.05122
    120.00000    -10.00000      0.70667     -0.53056      0.03304
    125.00000    -10.00000      0.71458     -0.52163      0.05296
    130.00000    -10.00000      0.74835     -0.50909      0.10290
    135.00000    -10.00000      0.78984     -0.49837      0.16497
    140.00000    -10.00000      0.81774     -0.49414      0.21744
    145.00000    -10.00000      0.81516     -0.49823      0.24232
    150.00000    -10.00000      0.77579     -0.50897      0.23159
    155.00000    -10.00000      0.70576     -0.52205      0.18961
    160.00000    -10.00000      0.62073     -0.53270      0.13074
    165.00000    -10.00000      0.53924     -0.53821      0.07306
    170.00000    -10.00000      0.47502     -0.53964      0.03087
    175.00000    -10.00000      0.43141     -0.54196      0.00868
    180.00000    -10.00000      0.40021     -0.55236     -0.00060
    185.00000    -10.00000      0.36532     -0.57741     -0.01280
    190.00000    -10.00000      0.30996     -0.61991     -0.04582
    195.00000    -10.00000      0.22457     -0.67698     -0.11177
    200.00000    -10.00000      0.11238     -0.74004     -0.21082
    205.00000    -10.00000     -0.00936     -0.79695     -0.32899
    210.00000    -10.00000     -0.11322     -0.83560     -0.44085
    215.00000    -10.00000     -0.16885     -0.84783     -0.51603
    220.00000    -10.00000     -0.15156     -0.83220     -0.52763
    225.00000    -10.00000     -0.04929     -0.79468     -0.45966
    230.00000    -10.00000      0.13387     -0.74700     -0.31160
    235.00000    -10.00000      0.37844     -0.70316     -0.09869
    240.00000    -10.00000      0.65389     -0.67530      0.15155
    245.00000    -10.00000      0.92506     -0.67032      0.40548
    250.00000    -10.00000      1.15876     -0.68819      0.63030
    255.00000    -10.00000      1.32923     -0.72250      0.80009
    260.00000    -10.00000      1.42132     -0.76297      0.89972
    265.00000    -10.00000      1.43144     -0.79880      0.92601
    270.00000    -10.00000      1.36640     -0.82200      0.88644
    275.00000    -10.00000      1.24066     -0.82944      0.79576
    280.00000    -10.00000      1.07270     -0.82325      0.67171
    285.00000    -10.00000      0.88101     -0.80951      0.53067
    290.00000    -10.00000      0.68052     -0.79587      0.38427
    295.00000    -10.00000      0.48026     -0.78887      0.23773
    300.00000    -10.00000      0.28280     -0.79186      0.09043
    305.00000    -10.00000      0.08593     -0.80405     -0.06168
    310.00000    -10.00000     -0.11402     -0.82094     -0.22227
    315.00000    -10.00000     -0.31796     -0.83577     -0.39086
    320.00000    -10.00000     -0.52055     -0.84174     -0.56033
    325.00000    -10.00000     -0.70883     -0.83404     -0.71670
    330.00000    -10.00000     -0.86377     -0.81145     -0.84168
    335.00000    -10.00000     -0.96443     -0.77682     -0.91713
    340.00000    -10.00000     -0.99368     -0.73657     -0.93009
    345.00000    -10.00000     -0.94329     -0.69912     -0.87671
    350.00000    -10.00000     -0.81676     -0.67298     -0.76348
    355.00000    -10.00000     -0.62860     -0.66468     -0.60540
    360.00000    -10.00000     -0.40053     -0.67734     -0.42176
      0.00000     -5.00000     -0.61499     -0.77953     -0.46318
      5.00000     -5.00000     -0.31721     -0.81920     -0.24429
     10.00000     -5.00000     -0.02460     -0.87785     -0.02743
     15.00000     -5.00000      0.24961     -0.94814      0.17897
     20.00000     -5.00000      0.50060     -1.02186      0.37164
     25.00000     -5.00000      0.72806     -1.09141      0.54910
     30.00000     -5.00000      0.93135     -1.15067      0.70806
     35.00000     -5.00000      1.10614     -1.19526      0.84145
     40.00000     -5.00000      1.24424     -1.22213      0.93936
     45.00000     -5.00000      1.33656     -1.22907      0.99233
     50.00000     -5.00000      1.37791     -1.21431      0.99582
     55.00000     -5.00000      1.37098     -1.17677      0.95347
     60.00000     -5.00000      1.32754     -1.11673      0.87750
     65.00000     -5.00000      1.26565     -1.03680      0.78565
     70.00000     -5.00000      1.20393     -0.94264      0.69570
     75.00000     -5.00000      1.15507     -0.84288      0.61959
     80.00000     -5.00000      1.12150     -0.74795      0.55977
     85.00000     -5.00000      1.09520     -0.66806      0.50944
     90.00000     -5.00000      1.06209     -0.61071      0.45657
     95.00000     -5.00000      1.00919     -0.57875      0.39045
    100.00000     -5.00000      0.93174     -0.56957      0.30768
    105.00000     -5.00000      0.83690     -0.57599      0.21524
    110.00000     -5.00000      0.74237     -0.58850      0.12893
    115.00000     -5.00000      0.67019     -0.59831      0.06777
    120.00000     -5.00000      0.63796     -0.60002      0.04637
    125.00000     -5.00000      0.65121     -0.59298      0.06848
    130.00000     -5.00000      0.70006     -0.58088      0.12446
    135.00000     -5.00000      0.76177     -0.56971      0.19379
    140.00000     -5.00000      0.80842     -0.56496      0.25197
    145.00000     -5.00000      0.81681     -0.56917      0.27899
    150.00000     -5.00000      0.77667     -0.58091      0.26625
    155.00000     -5.00000      0.69391     -0.59563      0.21905
    160.00000     -5.00000      0.58773     -0.60793      0.15369
    165.00000     -5.00000      0.48253     -0.61454      0.09045
    170.00000     -5.00000      0.39801     -0.61642      0.04499
    175.00000     -5.00000      0.34137     -0.61910      0.02190
    180.00000     -5.00000      0.30459     -0.63102      0.01268
    185.00000     -5.00000      0.26812     -0.66010     -0.00078
    190.00000     -5.00000      0.20941     -0.71014     -0.03868
    195.00000     -5.00000      0.11318     -0.77821     -0.11445
    200.00000     -5.00000     -0.02045     -0.85445     -0.22786
    205.00000     -5.00000     -0.17301     -0.92432     -0.36272
    210.00000     -5.00000     -0.31115     -0.97287     -0.48996
    215.00000     -5.00000     -0.39523     -0.98955     -0.57513
    220.00000     -5.00000     -0.39045     -0.97182     -0.58783
    225.00000     -5.00000     -0.27689     -0.92624     -0.51015
    230.00000     -5.00000     -0.05552     -0.86677     -0.34173
    235.00000     -5.00000      0.25117     -0.81051     -0.10010
    240.00000     -5.00000      0.60404     -0.77268      0.18337
    245.00000     -5.00000      0.95566     -0.76213      0.47047
    250.00000     -5.00000      1.25998     -0.77915      0.72407
    255.00000     -5.00000      1.48086     -0.81604      0.91501
    260.00000     -5.00000      1.59760     -0.86013      1.02651
    265.00000     -5.00000      1.60682     -0.89817      1.05547
    270.00000     -5.00000      1.52049     -0.92056      1.01087
    275.00000     -5.00000      1.36121     -0.92403      0.90990
    280.00000     -5.00000      1.15582     -0.91205      0.77292
    285.00000     -5.00000      0.92893     -0.89298      0.61847
    290.00000     -5.00000      0.69784     -0.87687      0.45941
    295.00000     -5.00000      0.47002     -0.87181      0.30109
    300.00000     -5.00000      0.24381     -0.88136      0.14207
    305.00000     -5.00000      0.01215     -0.90345     -0.02301
    310.00000     -5.00000     -0.23176     -0.93128     -0.19904
    315.00000     -5.00000     -0.48864     -0.95551     -0.38605
    320.00000     -5.00000     -0.74910     -0.96725     -0.57642
    325.00000     -5.00000     -0.99312     -0.96072     -0.75459
    330.00000     -5.00000     -1.19338     -0.93494     -0.89989
    335.00000     -5.00000     -1.32181     -0.89412     -0.99152
    340.00000     -5.00000     -1.35710     -0.84656     -1.01420
    345.00000     -5.00000     -1.29087     -0.80267     -0.96249
    350.00000     -5.00000     -1.13017     -0.77253     -0.84234
    355.00000     -5.00000     -0.89547     -0.76365     -0.66912
    360.00000     -5.00000     -0.61499     -0.77953     -0.46318
      0.00000      0.00000     -0.81034     -0.89078     -0.46776
      5.00000      0.00000     -0.46085     -0.93879     -0.22995
     10.00000      0.00000     -0.12050     -1.00812      0.00918
     15.00000      0.00000      0.19753     -1.09092      0.24026
     20.00000      0.00000      0.48964     -1.17845      0.45876
     25.00000      0.00000      0.75654     -1.26234      0.66161
     30.00000      0.00000      0.99732     -1.33550      0.84369
     35.00000      0.00000      1.20567     -1.39230      0.99620
     40.00000      0.00000      1.37024     -1.42837      1.10781
     45.00000      0.00000      1.47872     -1.44025      1.16834
     50.00000      0.00000      1.52397     -1.42535      1.17336
     55.00000      0.00000      1.50899     -1.38223      1.12737
     60.00000      0.00000      1.44817     -1.31146      1.04394
     65.00000      0.00000      1.36391     -1.21650      0.94228
     70.00000      0.00000      1.27939     -1.10430      0.84127
     75.00000      0.00000      1.21073     -0.98501      0.75341
     80.00000      0.00000      1.16156     -0.87072      0.68117
     85.00000      0.00000      1.12277     -0.77312      0.61739
     90.00000      0.00000      1.07761     -0.70099      0.54982
     95.00000      0.00000      1.01034     -0.65798      0.46789
    100.00000      0.00000      0.91477     -0.64176      0.36899
    105.00000      0.00000      0.79892     -0.64483      0.26141
    110.00000      0.00000      0.68370     -0.65687      0.16243
    115.00000      0.00000      0.59564     -0.66794      0.09229
    120.00000      0.00000      0.55652     -0.67147      0.06607
    125.00000      0.00000      0.57399     -0.66592      0.08714
    130.00000      0.00000      0.63722     -0.65455      0.14464
    135.00000      0.00000      0.71941     -0.64343      0.21644
    140.00000      0.00000      0.78656     -0.63848      0.27652
    145.00000      0.00000      0.80928     -0.64277      0.30394
    150.00000      0.00000      0.77294     -0.65522      0.28994
    155.00000      0.00000      0.68232     -0.67125      0.24039
    160.00000      0.00000      0.55890     -0.68520      0.17250
    165.00000      0.00000      0.43188     -0.69343      0.10734
    170.00000      0.00000      0.32638     -0.69680      0.06081
    175.00000      0.00000      0.25354     -0.70124      0.03701
    180.00000      0.00000      0.20640     -0.71601      0.02639
    185.00000      0.00000      0.16319     -0.75013      0.00957
    190.00000      0.00000      0.09682     -0.80815     -0.03454
    195.00000      0.00000     -0.01283     -0.88717     -0.11943
    200.00000      0.00000     -0.16855     -0.97625     -0.24394
    205.00000      0.00000     -0.35106     -1.05879     -0.38998
    210.00000      0.00000     -0.52191     -1.11727     -0.52603
    215.00000      0.00000     -0.63306     -1.13881     -0.61525
    220.00000      0.00000     -0.64022     -1.11953     -0.62547
    225.00000      0.00000     -0.51570     -1.06620     -0.53811
    230.00000      0.00000     -0.25704     -0.99449     -0.35335
    235.00000      0.00000      0.11097     -0.92433     -0.09043
    240.00000      0.00000      0.54131     -0.87393      0.21683
    245.00000      0.00000      0.97484     -0.85449      0.52744
    250.00000      0.00000      1.35283     -0.86730      0.80173
    255.00000      0.00000      1.62857     -0.90421      1.00859
    260.00000      0.00000      1.77528     -0.95095      1.13016
    265.00000      0.00000      1.78897     -0.99232      1.16313
    270.00000      0.00000      1.68589     -1.01715      1.11707
    275.00000      0.00000      1.49590     -1.02156      1.01026
    280.00000      0.00000      1.25346     -1.00949      0.86438
    285.00000      0.00000      0.98887     -0.99055      0.69919
    290.00000      0.00000      0.72173     -0.97612      0.52849
    295.00000      0.00000      0.45841     -0.97514      0.35818
    300.00000      0.00000      0.19400     -0.99099      0.18697
    305.00000      0.00000     -0.08194     -1.02052      0.00947
    310.00000      0.00000     -0.37772     -1.05516     -0.17928
    315.00000      0.00000     -0.69234     -1.08388     -0.37920
    320.00000      0.00000     -1.01135     -1.09664     -0.58223
    325.00000      0.00000     -1.30741     -1.08751     -0.77210
    330.00000      0.00000     -1.54558     -1.05635     -0.92717
    335.00000      0.00000     -1.69196     -1.00890     -1.02567
    340.00000      0.00000     -1.72286     -0.95522     -1.05144
    345.00000      0.00000     -1.63142     -0.90725     -0.99848
    350.00000      0.00000     -1.42954     -0.87602     -0.87242
    355.00000      0.00000     -1.14430     -0.86941     -0.68866
    360.00000      0.00000     -0.81034     -0.89078     -0.46776
      0.00000      5.00000     -0.96586     -1.01255     -0.42730
      5.00000      5.00000     -0.57083     -1.07035     -0.18186
     10.00000      5.00000     -0.19145     -1.15028      0.06651
     15.00000      5.00000      0.16005     -1.24404      0.30840
     20.00000      5.00000      0.48206     -1.34253      0.53883
     25.00000      5.00000      0.77711     -1.43704      0.75394
     30.00000      5.00000      1.04495     -1.51996      0.94779
     35.00000      5.00000      1.27845     -1.58496      1.11085
     40.00000      5.00000      1.46427     -1.62692      1.23138
     45.00000      5.00000      1.58784     -1.64171      1.29911
     50.00000      5.00000      1.64036     -1.62632      1.30972
     55.00000      5.00000      1.62454     -1.57923      1.26779
     60.00000      5.00000      1.55599     -1.50127      1.18681
     65.00000      5.00000      1.45937     -1.39639      1.08562
     70.00000      5.00000      1.36042     -1.27216      0.98254
     75.00000      5.00000      1.27715     -1.13942      0.88950
     80.00000      5.00000      1.21386     -1.01094      0.80866
     85.00000      5.00000      1.16081     -0.89916      0.73306
     90.00000      5.00000      1.09981     -0.81359      0.65123
     95.00000      5.00000      1.01382     -0.75867      0.55382
    100.00000      5.00000      0.89637     -0.73272      0.43965
    105.00000      5.00000      0.75681     -0.72864      0.31826
    110.00000      5.00000      0.61896     -0.73614      0.20776
    115.00000      5.00000      0.51311     -0.74491      0.12860
    120.00000      5.00000      0.46452     -0.74769      0.09559
    125.00000      5.00000      0.48281     -0.74213      0.11151
    130.00000      5.00000      0.55673     -0.73083      0.16489
    135.00000      5.00000      0.65653     -0.71947      0.23326
    140.00000      5.00000      0.74347     -0.71400      0.29058
    145.00000      5.00000      0.78281     -0.71775      0.31613
    150.00000      5.00000      0.75555     -0.73003      0.30143
    155.00000      5.00000      0.66424     -0.74654      0.25238
    160.00000      5.00000      0.53081     -0.76173      0.18586
    165.00000      5.00000      0.38712     -0.77194      0.12216
    170.00000      5.00000      0.26209     -0.77801      0.07619
    175.00000      5.00000      0.17028     -0.78602      0.05112
    180.00000      5.00000      0.10650     -0.80565      0.03683
    185.00000      5.00000      0.04849     -0.84645      0.01402
    190.00000      5.00000     -0.03307     -0.91337     -0.03765
    195.00000      5.00000     -0.16117     -1.00341     -0.13043
    200.00000      5.00000     -0.34033     -1.10476     -0.26163
    205.00000      5.00000     -0.55053     -1.19922     -0.41181
    210.00000      5.00000     -0.74941     -1.26717     -0.54855
    215.00000      5.00000     -0.88234     -1.29367     -0.63469
    220.00000      5.00000     -0.89740     -1.27348     -0.63836
    225.00000      5.00000     -0.76044     -1.21320     -0.54172
    230.00000      5.00000     -0.46587     -1.12969     -0.34593
    235.00000      5.00000     -0.04007     -1.04513     -0.07117
    240.00000      5.00000      0.46351     -0.98053      0.24793
    245.00000      5.00000      0.97577     -0.94968      0.56980
    250.00000      5.00000      1.42681     -0.95560      0.85437
    255.00000      5.00000      1.76005     -0.99067      1.07018
    260.00000      5.00000      1.94237     -1.04005      1.19900
    265.00000      5.00000      1.96793     -1.08718      1.23711
    270.00000      5.00000      1.85540     -1.11935      1.19357
    275.00000      5.00000      1.63976     -1.13142      1.08626
    280.00000      5.00000      1.36137     -1.12658      0.93662
    285.00000      5.00000      1.05525     -1.11420      0.76452
    290.00000      5.00000      0.74350     -1.10563      0.58426
    295.00000      5.00000      0.43280     -1.10970      0.40265
    300.00000      5.00000      0.11732     -1.12943      0.21965
    305.00000      5.00000     -0.21399     -1.16101      0.03118
    310.00000      5.00000     -0.56836     -1.19524     -0.16646
    315.00000      5.00000     -0.94127     -1.22071     -0.37234
    320.00000      5.00000     -1.31268     -1.22763     -0.57803
    325.00000      5.00000     -1.64877     -1.21093     -0.76742
    330.00000      5.00000     -1.90899     -1.17191     -0.91954
    335.00000      5.00000     -2.05627     -1.11786     -1.01346
    340.00000      5.00000     -2.06720     -1.06021     -1.03391
    345.00000      5.00000     -1.93863     -1.01167     -0.97547
    350.00000      5.00000     -1.68850     -0.98341     -0.84397
    355.00000      5.00000     -1.35073     -0.98284     -0.65457
    360.00000      5.00000     -0.96586     -1.01255     -0.42730
      0.00000     10.00000     -1.06511     -1.14756     -0.34061
      5.00000     10.00000     -0.63583     -1.21615     -0.09926
     10.00000     10.00000     -0.23192     -1.30573      0.14457
     15.00000     10.00000      0.13625     -1.40756      0.38227
     20.00000     10.00000      0.46992     -1.51241      0.60923
     25.00000     10.00000      0.77444     -1.61162      0.82180
     30.00000     10.00000      1.05162     -1.69766      1.01424
     35.00000     10.00000      1.29540     -1.76424      1.17754
     40.00000     10.00000      1.49245     -1.80628      1.30062
     45.00000     10.00000      1.62755     -1.81978      1.37384
     50.00000     10.00000      1.69095     -1.80194      1.39299
     55.00000     10.00000      1.68439     -1.75156      1.36206
     60.00000     10.00000      1.62274     -1.66977      1.29304
     65.00000     10.00000      1.53009     -1.56070      1.20265
     70.00000     10.00000      1.43172     -1.43186      1.10702
     75.00000     10.00000      1.34518     -1.29379      1.01642
     80.00000     10.00000      1.27434     -1.15888      0.93242
     85.00000     10.00000      1.20907     -1.03929      0.84866
     90.00000     10.00000      1.13111     -0.94460      0.75527
     95.00000     10.00000      1.02385     -0.87969      0.64496
    100.00000     10.00000      0.88196     -0.84368      0.51837
    105.00000     10.00000      0.71671     -0.83042      0.38606
    110.00000     10.00000      0.55450     -0.83042      0.26620
    115.00000     10.00000      0.42845     -0.83379      0.17853
    120.00000     10.00000      0.36640     -0.83317      0.13691
    125.00000     10.00000      0.37971     -0.82569      0.14348
    130.00000     10.00000      0.45746     -0.81317      0.18696
    135.00000     10.00000      0.56861     -0.80065      0.24582
    140.00000     10.00000      0.67159     -0.79369      0.29549
    145.00000     10.00000      0.72786     -0.79570      0.31660
    150.00000     10.00000      0.71443     -0.80640      0.30123
    155.00000     10.00000      0.63060     -0.82208      0.25479
    160.00000     10.00000      0.49642     -0.83775      0.19255
    165.00000     10.00000      0.34365     -0.85009      0.13259
    170.00000     10.00000      0.20253     -0.86007      0.08778
    175.00000     10.00000      0.08982     -0.87373      0.06007
    180.00000     10.00000      0.00252     -0.90062      0.03948
    185.00000     10.00000     -0.08003     -0.95015      0.00815
    190.00000     10.00000     -0.18653     -1.02711     -0.05193
    195.00000     10.00000     -0.33991     -1.12814     -0.15050
    200.00000     10.00000     -0.54454     -1.24076     -0.28306
    205.00000     10.00000     -0.77931     -1.34563     -0.42956
    210.00000     10.00000     -0.99924     -1.42173     -0.55835
    215.00000     10.00000     -1.14566     -1.45261     -0.63415
    220.00000     10.00000     -1.16186     -1.43191     -0.62749
    225.00000     10.00000     -1.00949     -1.36583     -0.52269
    230.00000     10.00000     -0.68082     -1.27183     -0.32223
    235.00000     10.00000     -0.20320     -1.17374     -0.04645
    240.00000     10.00000      0.36546     -1.09495      0.27097
    245.00000     10.00000      0.94882     -1.05185      0.59015
    250.00000     10.00000      1.46827     -1.04974      0.87284
    255.00000     10.00000      1.85901     -1.08247      1.08898
    260.00000     10.00000      2.08165     -1.13558      1.22086
    265.00000     10.00000      2.12713     -1.19182      1.26426
    270.00000     10.00000      2.01392     -1.23697      1.22689
    275.00000     10.00000      1.77921     -1.26389      1.12479
    280.00000     10.00000      1.46673     -1.27372      0.97769
    285.00000     10.00000      1.11500     -1.27393      0.80435
    290.00000     10.00000      0.74907     -1.27439      0.61899
    295.00000     10.00000      0.37803     -1.28296      0.42948
    300.00000     10.00000     -0.00158     -1.30220      0.23774
    305.00000     10.00000     -0.39780     -1.32843      0.04216
    310.00000     10.00000     -0.81369     -1.35316     -0.15870
    315.00000     10.00000     -1.23959     -1.36627     -0.36240
    320.00000     10.00000     -1.64998     -1.35970     -0.56019
    325.00000     10.00000     -2.00648     -1.33035     -0.73696
    330.00000     10.00000     -2.26605     -1.28139     -0.87376
    335.00000     10.00000     -2.39211     -1.22153     -0.95221
    340.00000     10.00000     -2.36476     -1.16289     -0.95943
    345.00000     10.00000     -2.18674     -1.11807     -0.89169
    350.00000     10.00000     -1.88297     -1.09735     -0.75543
    355.00000     10.00000     -1.49396     -1.10681     -0.56543
    360.00000     10.00000     -1.06511     -1.14756     -0.34061
      0.00000     15.00000     -1.10016     -1.29905     -0.21423
      5.00000     15.00000     -0.65256     -1.37836      0.01263
     10.00000     15.00000     -0.24321     -1.47543      0.23983
     15.00000     15.00000      0.12024     -1.58106      0.46014
     20.00000     15.00000      0.44257     -1.68611      0.66995
     25.00000     15.00000      0.73298     -1.78237      0.86654
     30.00000     15.00000      0.99700     -1.86297      1.04534
     35.00000     15.00000      1.23178     -1.92249      1.19882
     40.00000     15.00000      1.42646     -1.95675      1.31755
     45.00000     15.00000      1.56716     -1.96274      1.39312
     50.00000     15.00000      1.64412     -1.93863      1.42159
     55.00000     15.00000      1.65758     -1.88405      1.40581
     60.00000     15.00000      1.61957     -1.80057      1.35526
     65.00000     15.00000      1.55049     -1.69230      1.28328
     70.00000     15.00000      1.47177     -1.56609      1.20262
     75.00000     15.00000      1.39778     -1.43137      1.12113
     80.00000     15.00000      1.33046     -1.29912      1.03952
     85.00000     15.00000      1.25930     -1.18024      0.95233
     90.00000     15.00000      1.16711     -1.08350      0.85181
     95.00000     15.00000      1.03933     -1.01368      0.73315
    100.00000     15.00000      0.87311     -0.97056      0.59882
    105.00000     15.00000      0.68217     -0.94914      0.45998
    110.00000     15.00000      0.49502     -0.94124      0.33409
    115.00000     15.00000      0.34665     -0.93801      0.23935
    120.00000     15.00000      0.26651     -0.93256      0.18815
    125.00000     15.00000      0.26749     -0.92182      0.18212
    130.00000     15.00000      0.33989     -0.90699      0.21086
    135.00000     15.00000      0.45328     -0.89228      0.25503
    140.00000     15.00000      0.56564     -0.88271      0.29271
    145.00000     15.00000      0.63659     -0.88160      0.30675
    150.00000     15.00000      0.63993     -0.88916      0.29005
    155.00000     15.00000      0.57091     -0.90260      0.24697
    160.00000     15.00000      0.44546     -0.91789      0.19022
    165.00000     15.00000      0.29215     -0.93246      0.13465
    170.00000     15.00000      0.13973     -0.94753      0.09039
    175.00000     15.00000      0.00547     -0.96889      0.05821
    180.00000     15.00000     -0.11129     -1.00539      0.02898
    185.00000     15.00000     -0.22780     -1.06559     -0.01247
    190.00000     15.00000     -0.36905     -1.15343     -0.08055
    195.00000     15.00000     -0.55471     -1.26484     -0.18170
    200.00000     15.00000     -0.78675     -1.38679     -0.30960
    205.00000     15.00000     -1.04235     -1.49943     -0.44450
    210.00000     15.00000     -1.27526     -1.58112     -0.55722
    215.00000     15.00000     -1.42554     -1.61475     -0.61637
    220.00000     15.00000     -1.43505     -1.59328     -0.59670
    225.00000     15.00000     -1.26412     -1.52250     -0.48585
    230.00000     15.00000     -0.90431     -1.42006     -0.28785
    235.00000     15.00000     -0.38348     -1.31073     -0.02238
    240.00000     15.00000      0.23822     -1.21965      0.27942
    245.00000     15.00000      0.88042     -1.16554      0.58142
    250.00000     15.00000      1.45912     -1.15622      0.84925
    255.00000     15.00000      1.90350     -1.18761      1.05593
    260.00000     15.00000      2.16854     -1.24640      1.18525
    265.00000     15.00000      2.24067     -1.31525      1.23273
    270.00000     15.00000      2.13550     -1.37846      1.20423
    275.00000     15.00000      1.88916     -1.42632      1.11297
    280.00000     15.00000      1.54602     -1.45671      0.97573
    285.00000     15.00000      1.14673     -1.47385      0.80908
    290.00000     15.00000      0.71982     -1.48491      0.62640
    295.00000     15.00000      0.27910     -1.49604      0.43632
    300.00000     15.00000     -0.17302     -1.50946      0.24291
    305.00000     15.00000     -0.63790     -1.52248      0.04747
    310.00000     15.00000     -1.11163     -1.52872     -0.14867
    315.00000     15.00000     -1.57829     -1.52095     -0.34128
    320.00000     15.00000     -2.00780     -1.49421     -0.52140
    325.00000     15.00000     -2.35990     -1.44827     -0.67550
    330.00000     15.00000     -2.59287     -1.38839     -0.78757
    335.00000     15.00000     -2.67453     -1.32436     -0.84285
    340.00000     15.00000     -2.59164     -1.26823     -0.83183
    345.00000     15.00000     -2.35464     -1.23148     -0.75308
    350.00000     15.00000     -1.99580     -1.22257     -0.61392
    355.00000     15.00000     -1.56136     -1.24541     -0.42852
    360.00000     15.00000     -1.10016     -1.29905     -0.21423
      0.00000     20.00000     -1.07412     -1.46905     -0.06121
      5.00000     20.00000     -0.62738     -1.55758      0.14348
     10.00000     20.00000     -0.23390     -1.65869      0.34560
     15.00000     20.00000      0.10194     -1.76278      0.53950
     20.00000     20.00000      0.38896     -1.86095      0.72282
     25.00000     20.00000      0.64095     -1.94579      0.89409
     30.00000     20.00000      0.86849     -2.01165      1.05037
     35.00000     20.00000      1.07397     -2.05462      1.18621
     40.00000     20.00000      1.25122     -2.07226      1.29439
     45.00000     20.00000      1.38968     -2.06334      1.36815
     50.00000     20.00000      1.48058     -2.02769      1.40398
     55.00000     20.00000      1.52237     -1.96625      1.40342
     60.00000     20.00000      1.52252     -1.88133      1.37304
     65.00000     20.00000      1.49506     -1.77693      1.32224
     70.00000     20.00000      1.45461     -1.65898      1.25992
     75.00000     20.00000      1.40984     -1.53519      1.19119
     80.00000     20.00000      1.35929     -1.41442      1.11594
     85.00000     20.00000      1.29185     -1.30544      1.02971
     90.00000     20.00000      1.19213     -1.21540      0.92705
     95.00000     20.00000      1.04872     -1.14833      0.80556
    100.00000     20.00000      0.86217     -1.10421      0.66925
    105.00000     20.00000      0.64881     -1.07906      0.52929
    110.00000     20.00000      0.43870     -1.06612      0.40164
    115.00000     20.00000      0.26761     -1.05791      0.30233
    120.00000     20.00000      0.16573     -1.04841      0.24197
    125.00000     20.00000      0.14724     -1.03470      0.22181
    130.00000     20.00000      0.20457     -1.01753      0.23293
    135.00000     20.00000      0.30981     -1.00037      0.25896
    140.00000     20.00000      0.42286     -0.98764      0.28152
    145.00000     20.00000      0.50365     -0.98260      0.28617
    150.00000     20.00000      0.52392     -0.98607      0.26673
    155.00000     20.00000      0.47448     -0.99640      0.22622
    160.00000     20.00000      0.36539     -1.01089      0.17429
    165.00000     20.00000      0.21933     -1.02802      0.12209
    170.00000     20.00000      0.06092     -1.04934      0.07688
    175.00000     20.00000     -0.09382     -1.08014      0.03854
    180.00000     20.00000     -0.24348     -1.12807     -0.00050
    185.00000     20.00000     -0.40047     -1.20010     -0.05188
    190.00000     20.00000     -0.58353     -1.29866     -0.12571
    195.00000     20.00000     -0.80629     -1.41869     -0.22490
    200.00000     20.00000     -1.06619     -1.54672     -0.34170
    205.00000     20.00000     -1.33817     -1.66302     -0.45772
    210.00000     20.00000     -1.57593     -1.74630     -0.54768
    215.00000     20.00000     -1.72095     -1.77974     -0.58567
    220.00000     20.00000     -1.71705     -1.75631     -0.55194
    225.00000     20.00000     -1.52615     -1.68164     -0.43820
    230.00000     20.00000     -1.14062     -1.57321     -0.25000
    235.00000     20.00000     -0.58850     -1.45605     -0.00567
    240.00000     20.00000      0.07001     -1.35627      0.26751
    245.00000     20.00000      0.75392     -1.29433      0.53876
    250.00000     20.00000      1.37743     -1.28033      0.77924
    255.00000     20.00000      1.86647     -1.31249      0.96645
    260.00000     20.00000      2.17152     -1.37910      1.08674
    265.00000     20.00000      2.27380     -1.46314      1.13583
    270.00000     20.00000      2.18389     -1.54758      1.11774
    275.00000     20.00000      1.93396     -1.61984      1.04242
    280.00000     20.00000      1.56648     -1.67388      0.92299
    285.00000     20.00000      1.12288     -1.70974      0.77292
    290.00000     20.00000      0.63547     -1.73110      0.60389
    295.00000     20.00000      0.12464     -1.74208      0.42457
    300.00000     20.00000     -0.39859     -1.74473      0.24063
    305.00000     20.00000     -0.92606     -1.73810      0.05593
    310.00000     20.00000     -1.44515     -1.71909     -0.12563
    315.00000     20.00000     -1.93343     -1.68453     -0.29821
    320.00000     20.00000     -2.35789     -1.63356     -0.45288
    325.00000     20.00000     -2.67943     -1.56929     -0.57792
    330.00000     20.00000     -2.86134     -1.49906     -0.66059
    335.00000     20.00000     -2.87925     -1.43327     -0.69004
    340.00000     20.00000     -2.72900     -1.38309     -0.66027
    345.00000     20.00000     -2.42967     -1.35808     -0.57218
    350.00000     20.00000     -2.02039     -1.36407     -0.43376
    355.00000     20.00000     -1.55171     -1.40221     -0.25830
    360.00000     20.00000     -1.07412     -1.46905     -0.06121
      0.00000     25.00000     -1.00143     -1.65641      0.10183
      5.00000     25.00000     -0.57581     -1.75114      0.28004
     10.00000     25.00000     -0.21873     -1.85187      0.45320
     15.00000     25.00000      0.06899     -1.94864      0.61706
     20.00000     25.00000      0.30015     -2.03295      0.77028
     25.00000     25.00000      0.49333     -2.09844      0.91247
     30.00000     25.00000      0.66485     -2.14103      1.04223
     35.00000     25.00000      0.82347     -2.15882      1.15620
     40.00000     25.00000      0.96930     -2.15162      1.24941
     45.00000     25.00000      1.09650     -2.12054      1.31691
     50.00000     25.00000      1.19823     -2.06761      1.35576
     55.00000     25.00000      1.27114     -1.99549      1.36637
     60.00000     25.00000      1.31729     -1.90748      1.35257
     65.00000     25.00000      1.34274     -1.80764      1.32009
     70.00000     25.00000      1.35346     -1.70091      1.27425
     75.00000     25.00000      1.35081     -1.59312      1.21776
     80.00000     25.00000      1.32893     -1.49063      1.14983
     85.00000     25.00000      1.27579     -1.39959      1.06716
     90.00000     25.00000      1.17801     -1.32493      0.96639
     95.00000     25.00000      1.02779     -1.26926      0.84719
    100.00000     25.00000      0.82919     -1.23217      0.71451
    105.00000     25.00000      0.60086     -1.21027      0.57882
    110.00000     25.00000      0.37356     -1.19803      0.45400
    115.00000     25.00000      0.18272     -1.18928      0.35341
    120.00000     25.00000      0.05839     -1.17902      0.28574
    125.00000     25.00000      0.01580     -1.16476      0.25197
    130.00000     25.00000      0.05019     -1.14700      0.24492
    135.00000     25.00000      0.13771     -1.12865      0.25162
    140.00000     25.00000      0.24229     -1.11365      0.25748
    145.00000     25.00000      0.32618     -1.10528      0.25099
    150.00000     25.00000      0.36040     -1.10508      0.22693
    155.00000     25.00000      0.33158     -1.11272      0.18697
    160.00000     25.00000      0.24300     -1.12702      0.13771
    165.00000     25.00000      0.10977     -1.14762      0.08678
    170.00000     25.00000     -0.04962     -1.17640      0.03893
    175.00000     25.00000     -0.22184     -1.21788     -0.00631
    180.00000     25.00000     -0.40388     -1.27805     -0.05445
    185.00000     25.00000     -0.60269     -1.36173     -0.11326
    190.00000     25.00000     -0.82920     -1.46940     -0.18852
    195.00000     25.00000     -1.08920     -1.59476     -0.28000
    200.00000     25.00000     -1.37430     -1.72417     -0.37927
    205.00000     25.00000     -1.65700     -1.83866     -0.47034
    210.00000     25.00000     -1.89211     -1.91828     -0.53291
    215.00000     25.00000     -2.02487     -1.94749     -0.54749
    220.00000     25.00000     -2.00384     -1.92012     -0.50043
    225.00000     25.00000     -1.79504     -1.84193     -0.38770
    230.00000     25.00000     -1.39297     -1.73006     -0.21611
    235.00000     25.00000     -0.82550     -1.60913     -0.00204
    240.00000     25.00000     -0.15082     -1.50529      0.23198
    245.00000     25.00000      0.55266     -1.43989      0.46152
    250.00000     25.00000      1.20092     -1.42470      0.66432
    255.00000     25.00000      1.71969     -1.45998      0.82335
    260.00000     25.00000      2.05669     -1.53574      0.92837
    265.00000     25.00000      2.18808     -1.63556      0.97603
    270.00000     25.00000      2.11821     -1.74139      0.96886
    275.00000     25.00000      1.87334     -1.83790      0.91371
    280.00000     25.00000      1.49203     -1.91507      0.81978
    285.00000     25.00000      1.01521     -1.96856      0.69692
    290.00000     25.00000      0.47870     -1.99836      0.55426
    295.00000     25.00000     -0.08978     -2.00650      0.39946
    300.00000     25.00000     -0.66932     -1.99510      0.23870
    305.00000     25.00000     -1.24122     -1.96545      0.07731
    310.00000     25.00000     -1.78380     -1.91831     -0.07914
    315.00000     25.00000     -2.26907     -1.85515     -0.22379
    320.00000     25.00000     -2.66318     -1.77955     -0.34804
    325.00000     25.00000     -2.93098     -1.69801     -0.44199
    330.00000     25.00000     -3.04367     -1.61965     -0.49590
    335.00000     25.00000     -2.98689     -1.55491     -0.50228
    340.00000     25.00000     -2.76663     -1.51353     -0.45805
    345.00000     25.00000     -2.41033     -1.50248     -0.36578
    350.00000     25.00000     -1.96257     -1.52457     -0.23352
    355.00000     25.00000     -1.47623     -1.57790     -0.07325
    360.00000     25.00000     -1.00143     -1.65641      0.10183
      0.00000     30.00000     -0.90569     -1.85511      0.25825
      5.00000     30.00000     -0.52002     -1.95185      0.40902
     10.00000     30.00000     -0.21599     -2.04735      0.55373
     15.00000     30.00000      0.00893     -2.13147      0.68905
     20.00000     30.00000      0.17099     -2.19623      0.81410
     25.00000     30.00000      0.29293     -2.23640      0.92899
     30.00000     30.00000      0.39644     -2.24964      1.03327
     35.00000     30.00000      0.49671     -2.23617      1.12511
     40.00000     30.00000      0.60047     -2.19830      1.20142
     45.00000     30.00000      0.70724     -2.13967      1.25884
     50.00000     30.00000      0.81269     -2.06468      1.29507
     55.00000     30.00000      0.91210     -1.97797      1.30982
     60.00000     30.00000      1.00229     -1.88405      1.30485
     65.00000     30.00000      1.08124     -1.78724      1.28310
     70.00000     30.00000      1.14605     -1.69175      1.24720
     75.00000     30.00000      1.19049     -1.60165      1.19820
     80.00000     30.00000      1.20411     -1.52090      1.13514
     85.00000     30.00000      1.17380     -1.45293      1.05585
     90.00000     30.00000      1.08804     -1.40015      0.95881
     95.00000     30.00000      0.94228     -1.36333      0.84516
    100.00000     30.00000      0.74350     -1.34113      0.72013
    105.00000     30.00000      0.51174     -1.33020      0.59288
    110.00000     30.00000      0.27728     -1.32575      0.47471
    115.00000     30.00000      0.07411     -1.32269      0.37618
    120.00000     30.00000     -0.06884     -1.31694      0.30393
    125.00000     30.00000     -0.13568     -1.30649      0.25868
    130.00000     30.00000     -0.12808     -1.29179      0.23503
    135.00000     30.00000     -0.06486     -1.27540      0.22324
    140.00000     30.00000      0.02342     -1.26094      0.21243
    145.00000     30.00000      0.10297     -1.25183      0.19388
    150.00000     30.00000      0.14550     -1.25038      0.16332
    155.00000     30.00000      0.13439     -1.25758      0.12136
    160.00000     30.00000      0.06634     -1.27373      0.07205
    165.00000     30.00000     -0.05155     -1.29955      0.02019
    170.00000     30.00000     -0.20772     -1.33708     -0.03121
    175.00000     30.00000     -0.39243     -1.38986     -0.08245
    180.00000     30.00000     -0.60166     -1.46189     -0.13675
    185.00000     30.00000     -0.83702     -1.55554     -0.19817
    190.00000     30.00000     -1.10146     -1.66913     -0.26878
    195.00000     30.00000     -1.39249     -1.79517     -0.34611
    200.00000     30.00000     -1.69578     -1.92019     -0.42206
    205.00000     30.00000     -1.98180     -2.02668     -0.48385
    210.00000     30.00000     -2.20760     -2.09687     -0.51680
    215.00000     30.00000     -2.32392     -2.11749     -0.50799
    220.00000     30.00000     -2.28612     -2.08390     -0.44980
    225.00000     30.00000     -2.06594     -2.00238     -0.34205
    230.00000     30.00000     -1.66081     -1.88956     -0.19240
    235.00000     30.00000     -1.09792     -1.76902     -0.01474
    240.00000     30.00000     -0.43170     -1.66602      0.17351
    245.00000     30.00000      0.26488     -1.60174      0.35463
    250.00000     30.00000      0.91287     -1.58870      0.51331
    255.00000     30.00000      1.44084     -1.62864      0.63842
    260.00000     30.00000      1.79602     -1.71313      0.72366
    265.00000     30.00000      1.95073     -1.82657      0.76721
    270.00000     30.00000      1.90307     -1.95035      0.77086
    275.00000     30.00000      1.67257     -2.06702      0.73882
    280.00000     30.00000      1.29266     -2.16313      0.67666
    285.00000     30.00000      0.80250     -2.23048      0.59042
    290.00000     30.00000      0.24043     -2.26573      0.48606
    295.00000     30.00000     -0.35930     -2.26908      0.36913
    300.00000     30.00000     -0.96661     -2.24290      0.24492
    305.00000     30.00000     -1.55320     -2.19076      0.11882
    310.00000     30.00000     -2.08980     -2.11724     -0.00322
    315.00000     30.00000     -2.54482     -2.02827     -0.11426
    320.00000     30.00000     -2.88575     -1.93155     -0.20637
    325.00000     30.00000     -3.08356     -1.83650     -0.27127
    330.00000     30.00000     -3.11882     -1.75353     -0.30148
    335.00000     30.00000     -2.98781     -1.69264     -0.29185
    340.00000     30.00000     -2.70602     -1.66170     -0.24104
    345.00000     30.00000     -2.30764     -1.66496     -0.15214
    350.00000     30.00000     -1.84045     -1.70210     -0.03244
    355.00000     30.00000     -1.35723     -1.76831      0.10795
    360.00000     30.00000     -0.90569     -1.85511      0.25825
      0.00000     35.00000     -0.81579     -2.05367      0.39485
      5.00000     35.00000     -0.48503     -2.14757      0.51990
     10.00000     35.00000     -0.24447     -2.23331      0.63988
     15.00000     35.00000     -0.08884     -2.30076      0.75181
     20.00000     35.00000      0.00045     -2.34255      0.85458
     25.00000     35.00000      0.04887     -2.35456      0.94799
     30.00000     35.00000      0.08204     -2.33606      1.03168
     35.00000     35.00000      0.12039     -2.28926      1.10450
     40.00000     35.00000      0.17639     -2.21870      1.16450
     45.00000     35.00000      0.25459     -2.13041      1.20946
     50.00000     35.00000      0.35336     -2.03102      1.23769
     55.00000     35.00000      0.46736     -1.92706      1.24864
     60.00000     35.00000      0.58929     -1.82434      1.24293
     65.00000     35.00000      0.71049     -1.72769      1.22187
     70.00000     35.00000      0.82059     -1.64089      1.18663
     75.00000     35.00000      0.90698     -1.56676      1.13757
     80.00000     35.00000      0.95534     -1.50721      1.07408
     85.00000     35.00000      0.95169     -1.46330      0.99524
     90.00000     35.00000      0.88598     -1.43505      0.90099
     95.00000     35.00000      0.75605     -1.42124      0.79338
    100.00000     35.00000      0.57058     -1.41931      0.67732
    105.00000     35.00000      0.34958     -1.42546      0.56024
    110.00000     35.00000      0.12153     -1.43519      0.45074
    115.00000     35.00000     -0.08234     -1.44406      0.35652
    120.00000     35.00000     -0.23518     -1.44868      0.28225
    125.00000     35.00000     -0.32108     -1.44744      0.22832
    130.00000     35.00000     -0.33886     -1.44083      0.19081
    135.00000     35.00000     -0.30207     -1.43119      0.16281
    140.00000     35.00000     -0.23506     -1.42195      0.13662
    145.00000     35.00000     -0.16657     -1.41671      0.10598
    150.00000     35.00000     -0.12279     -1.41846      0.06763
    155.00000     35.00000     -0.12218     -1.42932      0.02153
    160.00000     35.00000     -0.17334     -1.45080     -0.03000
    165.00000     35.00000     -0.27629     -1.48440     -0.08398
    170.00000     35.00000     -0.42600     -1.53206     -0.13834
    175.00000     35.00000     -0.61642     -1.59614     -0.19273
    180.00000     35.00000     -0.84314     -1.67854     -0.24816
    185.00000     35.00000     -1.10330     -1.77920     -0.30571
    190.00000     35.00000     -1.39285     -1.89442     -0.36477
    195.00000     35.00000     -1.70215     -2.01585     -0.42180
    200.00000     35.00000     -2.01198     -2.13064     -0.47000
    205.00000     35.00000     -2.29192     -2.22334     -0.50039
    210.00000     35.00000     -2.50242     -2.27911     -0.50385
    215.00000     35.00000     -2.60092     -2.28756     -0.47362
    220.00000     35.00000     -2.55055     -2.24615     -0.40728
    225.00000     35.00000     -2.32950     -2.16184     -0.30776
    230.00000     35.00000     -1.93825     -2.05057     -0.18287
    235.00000     35.00000     -1.40264     -1.93431     -0.04379
    240.00000     35.00000     -0.77177     -1.83652      0.09717
    245.00000     35.00000     -0.11091     -1.77713      0.22869
    250.00000     35.00000      0.50883     -1.76843      0.34206
    255.00000     35.00000      1.02178     -1.81292      0.43184
    260.00000     35.00000      1.37730     -1.90341      0.49575
    265.00000     35.00000      1.54580     -2.02532      0.53392
    270.00000     35.00000      1.52032     -2.16016      0.54801
    275.00000     35.00000      1.31397     -2.28934      0.54035
    280.00000     35.00000      0.95452     -2.39712      0.51348
    285.00000     35.00000      0.47816     -2.47251      0.46985
    290.00000     35.00000     -0.07604     -2.50963      0.41194
    295.00000     35.00000     -0.66958     -2.50735      0.34242
    300.00000     35.00000     -1.26583     -2.46827      0.26448
    305.00000     35.00000     -1.82978     -2.39790      0.18213
    310.00000     35.00000     -2.32747     -2.30397      0.10041
    315.00000     35.00000     -2.72631     -2.19602      0.02542
    320.00000     35.00000     -2.99716     -2.08492     -0.03596
    325.00000     35.00000     -3.11818     -1.98219     -0.07673
    330.00000     35.00000     -3.07935     -1.89884     -0.09082
    335.00000     35.00000     -2.88633     -1.84406     -0.07421
    340.00000     35.00000     -2.56200     -1.82377     -0.02589
    345.00000     35.00000     -2.14456     -1.83960      0.05169
    350.00000     35.00000     -1.68210     -1.88855      0.15291
    355.00000     35.00000     -1.22470     -1.96336      0.27007
    360.00000     35.00000     -0.81579     -2.05367      0.39485
      0.00000     40.00000     -0.76103     -2.23579      0.50409
      5.00000     40.00000     -0.49449     -2.32200      0.60687
     10.00000     40.00000     -0.32049     -2.39432      0.70742
     15.00000     40.00000     -0.23192     -2.44294      0.80260
     20.00000     40.00000     -0.20945     -2.46113      0.89050
     25.00000     40.00000     -0.22684     -2.44576      0.96990
     30.00000     40.00000     -0.25679     -2.39736      1.03969
     35.00000     40.00000     -0.27588     -2.31966      1.09852
     40.00000     40.00000     -0.26769     -2.21893      1.14476
     45.00000     40.00000     -0.22386     -2.10298      1.17676
     50.00000     40.00000     -0.14352     -1.98023      1.19329
     55.00000     40.00000     -0.03177     -1.85874      1.19389
     60.00000     40.00000      0.10183     -1.74549      1.17884
     65.00000     40.00000      0.24448     -1.64592      1.14896
     70.00000     40.00000      0.38100     -1.56378      1.10511
     75.00000     40.00000      0.49473     -1.50112      1.04788
     80.00000     40.00000      0.56908     -1.45853      0.97752
     85.00000     40.00000      0.58981     -1.43527      0.89440
     90.00000     40.00000      0.54796     -1.42946      0.79960
     95.00000     40.00000      0.44266     -1.43821      0.69565
    100.00000     40.00000      0.28284     -1.45769      0.58679
    105.00000     40.00000      0.08690     -1.48351      0.47862
    110.00000     40.00000     -0.11995     -1.51106      0.37715
    115.00000     40.00000     -0.31044     -1.53623      0.28745
    120.00000     40.00000     -0.46084     -1.55600      0.21243
    125.00000     40.00000     -0.55607     -1.56901      0.15205
    130.00000     40.00000     -0.59284     -1.57576      0.10348
    135.00000     40.00000     -0.57989     -1.57840      0.06199
    140.00000     40.00000     -0.53546     -1.58018      0.02242
    145.00000     40.00000     -0.48269     -1.58477     -0.01944
    150.00000     40.00000     -0.44455     -1.59558     -0.06587
    155.00000     40.00000     -0.43957     -1.61548     -0.11701
    160.00000     40.00000     -0.47966     -1.64671     -0.17142
    165.00000     40.00000     -0.56999     -1.69110     -0.22700
    170.00000     40.00000     -0.71066     -1.75021     -0.28189
    175.00000     40.00000     -0.89878     -1.82508     -0.33487
    180.00000     40.00000     -1.12996     -1.91566     -0.38520
    185.00000     40.00000     -1.39824     -2.01978     -0.43192
    190.00000     40.00000     -1.69453     -2.13220     -0.47303
    195.00000     40.00000     -2.00428     -2.24422     -0.50507
    200.00000     40.00000     -2.30546     -2.34417     -0.52328
    205.00000     40.00000     -2.56840     -2.41914     -0.52257
    210.00000     40.00000     -2.75811     -2.45762     -0.49886
    215.00000     40.00000     -2.83930     -2.45242     -0.45048
    220.00000     40.00000     -2.78307     -2.40321     -0.37901
    225.00000     40.00000     -2.57383     -2.31764     -0.28938
    230.00000     40.00000     -2.21457     -2.21068     -0.18894
    235.00000     40.00000     -1.72897     -2.10215     -0.08605
    240.00000     40.00000     -1.15956     -2.01293      0.01160
    245.00000     40.00000     -0.56224     -1.96078      0.09827
    250.00000     40.00000      0.00186     -1.95689      0.17088
    255.00000     40.00000      0.47527     -2.00379      0.22886
    260.00000     40.00000      0.81203     -2.09527      0.27351
    265.00000     40.00000      0.98309     -2.21802      0.30691
    270.00000     40.00000      0.97837     -2.35447      0.33102
    275.00000     40.00000      0.80565     -2.48607      0.34705
    280.00000     40.00000      0.48711     -2.59630      0.35521
    285.00000     40.00000      0.05481     -2.67271      0.35497
    290.00000     40.00000     -0.45376     -2.70801      0.34553
    295.00000     40.00000     -0.99915     -2.70022      0.32640
    300.00000     40.00000     -1.54216     -2.65210      0.29799
    305.00000     40.00000     -2.04518     -2.57042      0.26197
    310.00000     40.00000     -2.47324     -2.46491      0.22153
    315.00000     40.00000     -2.79554     -2.34735      0.18124
    320.00000     40.00000     -2.98783     -2.23050      0.14670
    325.00000     40.00000     -3.03544     -2.12684      0.12387
    330.00000     40.00000     -2.93631     -2.04734      0.11817
    335.00000     40.00000     -2.70298     -2.00005      0.13355
    340.00000     40.00000     -2.36246     -1.98911      0.17178
    345.00000     40.00000     -1.95356     -2.01403      0.23200
    350.00000     40.00000     -1.52160     -2.06981      0.31096
    355.00000     40.00000     -1.11157     -2.14756      0.40360
    360.00000     40.00000     -0.76103     -2.23579      0.50409
      0.00000     45.00000     -0.76647     -2.38220      0.58468
      5.00000     45.00000     -0.56698     -2.45636      0.66939
     10.00000     45.00000     -0.45558     -2.51280      0.75576
     15.00000     45.00000     -0.42449     -2.54232      0.84023
     20.00000     45.00000     -0.45529     -2.53889      0.91978
     25.00000     45.00000     -0.52317     -2.50014      0.99181
     30.00000     45.00000     -0.60169     -2.42740      1.05396
     35.00000     45.00000     -0.66711     -2.32530      1.10403
     40.00000     45.00000     -0.70149     -2.20103      1.14002
     45.00000     45.00000     -0.69431     -2.06343      1.16032
     50.00000     45.00000     -0.64271     -1.92191      1.16394
     55.00000     45.00000     -0.55079     -1.78549      1.15065
     60.00000     45.00000     -0.42833     -1.66196      1.12095
     65.00000     45.00000     -0.28938     -1.55733      1.07592
     70.00000     45.00000     -0.15071     -1.47554      1.01691
     75.00000     45.00000     -0.03013     -1.41844      0.94533
     80.00000     45.00000      0.05551     -1.38595      0.86260
     85.00000     45.00000      0.09262     -1.37635      0.77030
     90.00000     45.00000      0.07318     -1.38664      0.67046
     95.00000     45.00000     -0.00334     -1.41277      0.56582
    100.00000     45.00000     -0.12915     -1.45009      0.45987
    105.00000     45.00000     -0.28883     -1.49365      0.35657
    110.00000     45.00000     -0.46166     -1.53873      0.25977
    115.00000     45.00000     -0.62533     -1.58128      0.17240
    120.00000     45.00000     -0.76014     -1.61848      0.09589
    125.00000     45.00000     -0.85284     -1.64903      0.02979
    130.00000     45.00000     -0.89905     -1.67331     -0.02801
    135.00000     45.00000     -0.90372     -1.69318     -0.08064
    140.00000     45.00000     -0.87964     -1.71160     -0.13143
    145.00000     45.00000     -0.84445     -1.73205     -0.18294
    150.00000     45.00000     -0.81706     -1.75798     -0.23649
    155.00000     45.00000     -0.81441     -1.79244     -0.29196
    160.00000     45.00000     -0.84936     -1.83784     -0.34806
    165.00000     45.00000     -0.92985     -1.89587     -0.40290
    170.00000     45.00000     -1.05910     -1.96738     -0.45441
    175.00000     45.00000     -1.23639     -2.05218     -0.50062
    180.00000     45.00000     -1.45763     -2.14858     -0.53970
    185.00000     45.00000     -1.71528     -2.25289     -0.56970
    190.00000     45.00000     -1.99765     -2.35904     -0.58838
    195.00000     45.00000     -2.28800     -2.45861     -0.59326
    200.00000     45.00000     -2.56408     -2.54162     -0.58197
    205.00000     45.00000     -2.79883     -2.59796     -0.55293
    210.00000     45.00000     -2.96278     -2.61949     -0.50609
    215.00000     45.00000     -3.02801     -2.60212     -0.44348
    220.00000     45.00000     -2.97305     -2.54751     -0.36924
    225.00000     45.00000     -2.78768     -2.46368     -0.28916
    230.00000     45.00000     -2.47645     -2.36427     -0.20960
    235.00000     45.00000     -2.05997     -2.26649     -0.13625
    240.00000     45.00000     -1.57338     -2.18807     -0.07298
    245.00000     45.00000     -1.06218     -2.14400     -0.02120
    250.00000     45.00000     -0.57625     -2.14366      0.02023
    255.00000     45.00000     -0.16313     -2.18918      0.05436
    260.00000     45.00000      0.13806     -2.27515      0.08509
    265.00000     45.00000      0.30117     -2.38981      0.11609
    270.00000     45.00000      0.31511     -2.51732      0.14974
    275.00000     45.00000      0.18386     -2.64046      0.18663
    280.00000     45.00000     -0.07559     -2.74337      0.22549
    285.00000     45.00000     -0.43627     -2.81364      0.26361
    290.00000     45.00000     -0.86471     -2.84363      0.29759
    295.00000     45.00000     -1.32409     -2.83103      0.32414
    300.00000     45.00000     -1.77697     -2.77860      0.34091
    305.00000     45.00000     -2.18747     -2.69347      0.34705
    310.00000     45.00000     -2.52330     -2.58610      0.34350
    315.00000     45.00000     -2.75785     -2.46895      0.33304
    320.00000     45.00000     -2.87251     -2.35516      0.31990
    325.00000     45.00000     -2.85888     -2.25709      0.30918
    330.00000     45.00000     -2.72052     -2.18491      0.30608
    335.00000     45.00000     -2.47354     -2.14545      0.31511
    340.00000     45.00000     -2.14550     -2.14134      0.33932
    345.00000     45.00000     -1.77242     -2.17069      0.37992
    350.00000     45.00000     -1.39411     -2.22735      0.43615
    355.00000     45.00000     -1.04857     -2.30176      0.50559
    360.00000     45.00000     -0.76647     -2.38220      0.58468
      0.00000     50.00000     -0.84923     -2.47316      0.64076
      5.00000     50.00000     -0.71334     -2.53169      0.71156
     10.00000     50.00000     -0.65517     -2.57088      0.78776
     15.00000     50.00000     -0.66727     -2.58245      0.86544
     20.00000     50.00000     -0.73364     -2.56110      0.94059
     25.00000     50.00000     -0.83279     -2.50501      1.00928
     30.00000     50.00000     -0.94148     -2.41584      1.06783
     35.00000     50.00000     -1.03812     -2.29840      1.11296
     40.00000     50.00000     -1.10558     -2.16000      1.14199
     45.00000     50.00000     -1.13294     -2.00956      1.15298
     50.00000     50.00000     -1.11611     -1.85665      1.14493
     55.00000     50.00000     -1.05767     -1.71049      1.11781
     60.00000     50.00000     -0.96594     -1.57918      1.07249
     65.00000     50.00000     -0.85360     -1.46905      1.01060
     70.00000     50.00000     -0.73609     -1.38429      0.93427
     75.00000     50.00000     -0.62968     -1.32690      0.84591
     80.00000     50.00000     -0.54951     -1.29680      0.74805
     85.00000     50.00000     -0.50752     -1.29207      0.64334
     90.00000     50.00000     -0.51073     -1.30938      0.53452
     95.00000     50.00000     -0.55990     -1.34436      0.42444
    100.00000     50.00000     -0.64929     -1.39208      0.31601
    105.00000     50.00000     -0.76731     -1.44747      0.21199
    110.00000     50.00000     -0.89846     -1.50583      0.11465
    115.00000     50.00000     -1.02594     -1.56323      0.02548
    120.00000     50.00000     -1.13471     -1.61692     -0.05515
    125.00000     50.00000     -1.21416     -1.66555     -0.12792
    130.00000     50.00000     -1.25991     -1.70922     -0.19442
    135.00000     50.00000     -1.27438     -1.74937     -0.25672
    140.00000     50.00000     -1.26599     -1.78841     -0.31677
    145.00000     50.00000     -1.24737     -1.82930     -0.37593
    150.00000     50.00000     -1.23303     -1.87506     -0.43462
    155.00000     50.00000     -1.23700     -1.92837     -0.49226
    160.00000     50.00000     -1.27105     -1.99122     -0.54741
    165.00000     50.00000     -1.34350     -2.06475     -0.59801
    170.00000     50.00000     -1.45874     -2.14896     -0.64178
    175.00000     50.00000     -1.61711     -2.24258     -0.67638
    180.00000     50.00000     -1.81496     -2.34280     -0.69958
    185.00000     50.00000     -2.04455     -2.44512     -0.70940
    190.00000     50.00000     -2.29391     -2.54339     -0.70420
    195.00000     50.00000     -2.54679     -2.63012     -0.68295
    200.00000     50.00000     -2.78308     -2.69732     -0.64551
    205.00000     50.00000     -2.97996     -2.73772     -0.59306
    210.00000     50.00000     -3.11412     -2.74622     -0.52828
    215.00000     50.00000     -3.16467     -2.72132     -0.45540
    220.00000     50.00000     -3.11654     -2.66613     -0.37973
    225.00000     50.00000     -2.96367     -2.58853     -0.30695
    230.00000     50.00000     -2.71109     -2.50041     -0.24209
    235.00000     50.00000     -2.37563     -2.41606     -0.18855
    240.00000     50.00000     -1.98464     -2.34976     -0.14743
    245.00000     50.00000     -1.57302     -2.31340     -0.11721
    250.00000     50.00000     -1.17902     -2.31431     -0.09420
    255.00000     50.00000     -0.83946     -2.35397     -0.07328
    260.00000     50.00000     -0.58523     -2.42775     -0.04906
    265.00000     50.00000     -0.43790     -2.52577     -0.01707
    270.00000     50.00000     -0.40767     -2.63459      0.02532
    275.00000     50.00000     -0.49294     -2.73942      0.07842
    280.00000     50.00000     -0.68129     -2.82631      0.14019
    285.00000     50.00000     -0.95151     -2.88412      0.20671
    290.00000     50.00000     -1.27607     -2.90584      0.27299
    295.00000     50.00000     -1.62389     -2.88924      0.33385
    300.00000     50.00000     -1.96292     -2.83687      0.38490
    305.00000     50.00000     -2.26261     -2.75544      0.42324
    310.00000     50.00000     -2.49619     -2.65482      0.44788
    315.00000     50.00000     -2.64284     -2.54678      0.45992
    320.00000     50.00000     -2.68954     -2.44349      0.46232
    325.00000     50.00000     -2.63267     -2.35611      0.45943
    330.00000     50.00000     -2.47876     -2.29351      0.45633
    335.00000     50.00000     -2.24428     -2.26118      0.45807
    340.00000     50.00000     -1.95413     -2.26064      0.46897
    345.00000     50.00000     -1.63883     -2.28929      0.49207
    350.00000     50.00000     -1.33072     -2.34074      0.52878
    355.00000     50.00000     -1.05970     -2.40571      0.57891
    360.00000     50.00000     -0.84923     -2.47316      0.64076
      0.00000     55.00000     -1.01621     -2.49076      0.67998
      5.00000     55.00000     -0.93538     -2.53097      0.74039
     10.00000     55.00000     -0.91786     -2.55229      0.80871
     15.00000     55.00000     -0.95736     -2.54765      0.88092
     20.00000     55.00000     -1.04123     -2.51257      0.95243
     25.00000     55.00000     -1.15258     -2.44558      1.01846
     30.00000     55.00000     -1.27288     -2.34829      1.07438
     35.00000     55.00000     -1.38450     -2.22509      1.11608
     40.00000     55.00000     -1.47292     -2.08266      1.14019
     45.00000     55.00000     -1.52823     -1.92919      1.14439
     50.00000     55.00000     -1.54595     -1.77357      1.12748
     55.00000     55.00000     -1.52702     -1.62448      1.08946
     60.00000     55.00000     -1.47728     -1.48973      1.03144
     65.00000     55.00000     -1.40639     -1.37556      0.95546
     70.00000     55.00000     -1.32642     -1.28635      0.86425
     75.00000     55.00000     -1.25023     -1.22441      0.76094
     80.00000     55.00000     -1.18980     -1.19006      0.64889
     85.00000     55.00000     -1.15466     -1.18182      0.53145
     90.00000     55.00000     -1.15056     -1.19677      0.41183
     95.00000     55.00000     -1.17870     -1.23097      0.29298
    100.00000     55.00000     -1.23560     -1.27989      0.17747
    105.00000     55.00000     -1.31372     -1.33888      0.06739
    110.00000     55.00000     -1.40271     -1.40361     -0.03585
    115.00000     55.00000     -1.49129     -1.47042     -0.13153
    120.00000     55.00000     -1.56915     -1.53670     -0.21970
    125.00000     55.00000     -1.62877     -1.60097     -0.30107
    130.00000     55.00000     -1.66668     -1.66299     -0.37673
    135.00000     55.00000     -1.68389     -1.72358     -0.44792
    140.00000     55.00000     -1.68565     -1.78439     -0.51561
    145.00000     55.00000     -1.68039     -1.84752     -0.58025
    150.00000     55.00000     -1.67834     -1.91513     -0.64158
    155.00000     55.00000     -1.68996     -1.98905     -0.69860
    160.00000     55.00000     -1.72451     -2.07049     -0.74964
    165.00000     55.00000     -1.78900     -2.15973     -0.79261
    170.00000     55.00000     -1.88739     -2.25595     -0.82520
    175.00000     55.00000     -2.02022     -2.35708     -0.84520
    180.00000     55.00000     -2.18433     -2.45977     -0.85065
    185.00000     55.00000     -2.37285     -2.55941     -0.84016
    190.00000     55.00000     -2.57526     -2.65043     -0.81312
    195.00000     55.00000     -2.77784     -2.72672     -0.76991
    200.00000     55.00000     -2.96429     -2.78240     -0.71213
    205.00000     55.00000     -3.11706     -2.81270     -0.64268
    210.00000     55.00000     -3.21905     -2.81500     -0.56568
    215.00000     55.00000     -3.25566     -2.78965     -0.48617
    220.00000     55.00000     -3.21704     -2.74043     -0.40948
    225.00000     55.00000     -3.09997     -2.67448     -0.34050
    230.00000     55.00000     -2.90906     -2.60163     -0.28288
    235.00000     55.00000     -2.65696     -2.53305     -0.23832
    240.00000     55.00000     -2.36345     -2.47962     -0.20617
    245.00000     55.00000     -2.05342     -2.45015     -0.18353
    250.00000     55.00000     -1.75405     -2.44995     -0.16565
    255.00000     55.00000     -1.49168     -2.47989     -0.14686
    260.00000     55.00000     -1.28875     -2.53623     -0.12154
    265.00000     55.00000     -1.16133     -2.61119     -0.08522
    270.00000     55.00000     -1.11759     -2.69423     -0.03536
    275.00000     55.00000     -1.15715     -2.77365      0.02819
    280.00000     55.00000     -1.27156     -2.83830      0.10323
    285.00000     55.00000     -1.44545     -2.87918      0.18554
    290.00000     55.00000     -1.65834     -2.89055      0.26967
    295.00000     55.00000     -1.88669     -2.87058      0.34979
    300.00000     55.00000     -2.10610     -2.82141      0.42060
    305.00000     55.00000     -2.29350     -2.74873      0.47809
    310.00000     55.00000     -2.42914     -2.66092      0.52009
    315.00000     55.00000     -2.49842     -2.56792      0.54652
    320.00000     55.00000     -2.49328     -2.47994      0.55931
    325.00000     55.00000     -2.41318     -2.40620      0.56206
    330.00000     55.00000     -2.26529     -2.35384      0.55954
    335.00000     55.00000     -2.06396     -2.32703      0.55695
    340.00000     55.00000     -1.82919     -2.32651      0.55929
    345.00000     55.00000     -1.58444     -2.34957      0.57070
    350.00000     55.00000     -1.35377     -2.39034      0.59403
    355.00000     55.00000     -1.15883     -2.44060      0.63057
    360.00000     55.00000     -1.01621     -2.49076      0.67998
      0.00000     60.00000     -1.26340     -2.42077      0.71124
      5.00000     60.00000     -1.22575     -2.44078      0.76386
     10.00000     60.00000     -1.23544     -2.44396      0.82495
     15.00000     60.00000     -1.28781     -2.42467      0.89074
     20.00000     60.00000     -1.37384     -2.37931      0.95666
     25.00000     60.00000     -1.48159     -2.30670      1.01778
     30.00000     60.00000     -1.59779     -2.20813      1.06920
     35.00000     60.00000     -1.70957     -2.08722      1.10647
     40.00000     60.00000     -1.80595     -1.94948      1.12593
     45.00000     60.00000     -1.87899     -1.80177      1.12498
     50.00000     60.00000     -1.92446     -1.65165      1.10221
     55.00000     60.00000     -1.94199     -1.50667      1.05749
     60.00000     60.00000     -1.93475     -1.37376      0.99188
     65.00000     60.00000     -1.90883     -1.25870      0.90744
     70.00000     60.00000     -1.87215     -1.16577      0.80705
     75.00000     60.00000     -1.83342     -1.09759      0.69408
     80.00000     60.00000     -1.80086     -1.05503      0.57215
     85.00000     60.00000     -1.78118     -1.03743      0.44489
     90.00000     60.00000     -1.77870     -1.04278      0.31567
     95.00000     60.00000     -1.79485     -1.06813      0.18751
    100.00000     60.00000     -1.82812     -1.10991      0.06286
    105.00000     60.00000     -1.87444     -1.16436     -0.05642
    110.00000     60.00000     -1.92796     -1.22788     -0.16912
    115.00000     60.00000     -1.98217     -1.29736     -0.27465
    120.00000     60.00000     -2.03102     -1.37042     -0.37300
    125.00000     60.00000     -2.07000     -1.44553     -0.46450
    130.00000     60.00000     -2.09696     -1.52204     -0.54970
    135.00000     60.00000     -2.11239     -1.60009     -0.62911
    140.00000     60.00000     -2.11941     -1.68040     -0.70295
    145.00000     60.00000     -2.12322     -1.76403     -0.77105
    150.00000     60.00000     -2.13034     -1.85201     -0.83268
    155.00000     60.00000     -2.14762     -1.94511     -0.88662
    160.00000     60.00000     -2.18133     -2.04352     -0.93121
    165.00000     60.00000     -2.23629     -2.14666     -0.96455
    170.00000     60.00000     -2.31523     -2.25302     -0.98471
    175.00000     60.00000     -2.41835     -2.36012     -0.98999
    180.00000     60.00000     -2.54304     -2.46457     -0.97915
    185.00000     60.00000     -2.68390     -2.56224     -0.95166
    190.00000     60.00000     -2.83289     -2.64854     -0.90792
    195.00000     60.00000     -2.97978     -2.71892     -0.84938
    200.00000     60.00000     -3.11289     -2.76943     -0.77862
    205.00000     60.00000     -3.22006     -2.79733     -0.69925
    210.00000     60.00000     -3.28986     -2.80169     -0.61568
    215.00000     60.00000     -3.31297     -2.78384     -0.53269
    220.00000     60.00000     -3.28345     -2.74750     -0.45489
    225.00000     60.00000     -3.19984     -2.69859     -0.38608
    230.00000     60.00000     -3.06569     -2.64460     -0.32870
    235.00000     60.00000     -2.88962     -2.59372     -0.28338
    240.00000     60.00000     -2.68466     -2.55365     -0.24878
    245.00000     60.00000     -2.46698     -2.53050     -0.22179
    250.00000     60.00000     -2.25416     -2.52783     -0.19795
    255.00000     60.00000     -2.06330     -2.54611     -0.17219
    260.00000     60.00000     -1.90912     -2.58257     -0.13969
    265.00000     60.00000     -1.80236     -2.63166     -0.09669
    270.00000     60.00000     -1.74872     -2.68588     -0.04107
    275.00000     60.00000     -1.74838     -2.73687      0.02722
    280.00000     60.00000     -1.79611     -2.77663      0.10620
    285.00000     60.00000     -1.88199     -2.79867      0.19212
    290.00000     60.00000     -1.99251     -2.79884      0.28009
    295.00000     60.00000     -2.11201     -2.77588      0.36477
    300.00000     60.00000     -2.22426     -2.73145      0.44112
    305.00000     60.00000     -2.31405     -2.66990      0.50514
    310.00000     60.00000     -2.36867     -2.59759      0.55436
    315.00000     60.00000     -2.37921     -2.52205      0.58813
    320.00000     60.00000     -2.34147     -2.45098      0.60766
    325.00000     60.00000     -2.25646     -2.39125      0.61582
    330.00000     60.00000     -2.13038     -2.34809      0.61669
    335.00000     60.00000     -1.97404     -2.32441      0.61505
    340.00000     60.00000     -1.80170     -2.32044      0.61575
    345.00000     60.00000     -1.62948     -2.33374      0.62311
    350.00000     60.00000     -1.47349     -2.35950      0.64046
    355.00000     60.00000     -1.34793     -2.39107      0.66971
    360.00000     60.00000     -1.26340     -2.42077      0.71124
      0.00000     65.00000     -1.57665     -2.25365      0.74282
      5.00000     65.00000     -1.56883     -2.25236      0.78910
     10.00000     65.00000     -1.59332     -2.23724      0.84236
     15.00000     65.00000     -1.64703     -2.20419      0.89942
     20.00000     65.00000     -1.72429     -2.15056      0.95628
     25.00000     65.00000     -1.81759     -2.07544      1.00853
     30.00000     65.00000     -1.91854     -1.97979      1.05171
     35.00000     65.00000     -2.01881     -1.86626      1.08168
     40.00000     65.00000     -2.11107     -1.73902      1.09497
     45.00000     65.00000     -2.18966     -1.60329      1.08900
     50.00000     65.00000     -2.25111     -1.46496      1.06228
     55.00000     65.00000     -2.29426     -1.33003      1.01447
     60.00000     65.00000     -2.32017     -1.20420      0.94633
     65.00000     65.00000     -2.33176     -1.09242      0.85959
     70.00000     65.00000     -2.33322     -0.99859      0.75677
     75.00000     65.00000     -2.32937     -0.92540      0.64094
     80.00000     65.00000     -2.32496     -0.87427      0.51547
     85.00000     65.00000     -2.32403     -0.84539      0.38376
     90.00000     65.00000     -2.32941     -0.83785      0.24908
     95.00000     65.00000     -2.34242     -0.84994      0.11434
    100.00000     65.00000     -2.36285     -0.87934     -0.01801
    105.00000     65.00000     -2.38910     -0.92345     -0.14605
    110.00000     65.00000     -2.41863     -0.97967     -0.26838
    115.00000     65.00000     -2.44845     -1.04559     -0.38411
    120.00000     65.00000     -2.47578     -1.11924     -0.49276
    125.00000     65.00000     -2.49856     -1.19910     -0.59408
    130.00000     65.00000     -2.51585     -1.28422     -0.68797
    135.00000     65.00000     -2.52812     -1.37408     -0.77426
    140.00000     65.00000     -2.53714     -1.46851     -0.85260
    145.00000     65.00000     -2.54585     -1.56750     -0.92239
    150.00000     65.00000     -2.55787     -1.67097     -0.98270
    155.00000     65.00000     -2.57707     -1.77863     -1.03234
    160.00000     65.00000     -2.60696     -1.88974     -1.06992
    165.00000     65.00000     -2.65019     -2.00299     -1.09400
    170.00000     65.00000     -2.70813     -2.11648     -1.10331
    175.00000     65.00000     -2.78056     -2.22767     -1.09688
    180.00000     65.00000     -2.86547     -2.33352     -1.07429
    185.00000     65.00000     -2.95910     -2.43065     -1.03584
    190.00000     65.00000     -3.05609     -2.51567     -0.98263
    195.00000     65.00000     -3.14984     -2.58547     -0.91664
    200.00000     65.00000     -3.23299     -2.63761     -0.84068
    205.00000     65.00000     -3.29815     -2.67075     -0.75824
    210.00000     65.00000     -3.33854     -2.68487     -0.67321
    215.00000     65.00000     -3.34886     -2.68152     -0.58951
    220.00000     65.00000     -3.32590     -2.66378     -0.51067
    225.00000     65.00000     -3.26910     -2.63600     -0.43944
    230.00000     65.00000     -3.18078     -2.60341     -0.37737
    235.00000     65.00000     -3.06611     -2.57149     -0.32463
    240.00000     65.00000     -2.93268     -2.54526     -0.28000
    245.00000     65.00000     -2.78981     -2.52864     -0.24097
    250.00000     65.00000     -2.64759     -2.52387     -0.20421
    255.00000     65.00000     -2.51584     -2.53125     -0.16602
    260.00000     65.00000     -2.40308     -2.54906     -0.12294
    265.00000     65.00000     -2.31563     -2.57382     -0.07229
    270.00000     65.00000     -2.25699     -2.60086     -0.01264
    275.00000     65.00000     -2.22752     -2.62496      0.05599
    280.00000     65.00000     -2.22450     -2.64113      0.13208
    285.00000     65.00000     -2.24244     -2.64531      0.21283
    290.00000     65.00000     -2.27378     -2.63497      0.29457
    295.00000     65.00000     -2.30970     -2.60939      0.37322
    300.00000     65.00000     -2.34108     -2.56979      0.44492
    305.00000     65.00000     -2.35949     -2.51912      0.50650
    310.00000     65.00000     -2.35809     -2.46168      0.55592
    315.00000     65.00000     -2.33240     -2.40249      0.59250
    320.00000     65.00000     -2.28077     -2.34667      0.61703
    325.00000     65.00000     -2.20469     -2.29876      0.63162
    330.00000     65.00000     -2.10862     -2.26212      0.63941
    335.00000     65.00000     -1.99956     -2.23850      0.64422
    340.00000     65.00000     -1.88636     -2.22784      0.64999
    345.00000     65.00000     -1.77873     -2.22818      0.66039
    350.00000     65.00000     -1.68615     -2.23594      0.67832
    355.00000     65.00000     -1.61679     -2.24628      0.70562
    360.00000     65.00000     -1.57665     -2.25365      0.74282
      0.00000     70.00000     -1.93337     -1.98509      0.78092
      5.00000     70.00000     -1.94246     -1.96227      0.82110
     10.00000     70.00000     -1.97145     -1.92892      0.86523
     15.00000     70.00000     -2.01858     -1.88241      0.91087
     20.00000     70.00000     -2.08072     -1.82107      0.95499
     25.00000     70.00000     -2.15381     -1.74435      0.99417
     30.00000     70.00000     -2.23324     -1.65291      1.02488
     35.00000     70.00000     -2.31432     -1.54858      1.04384
     40.00000     70.00000     -2.39280     -1.43421      1.04820
     45.00000     70.00000     -2.46514     -1.31345      1.03577
     50.00000     70.00000     -2.52887     -1.19048      1.00518
     55.00000     70.00000     -2.58265     -1.06966      0.95595
     60.00000     70.00000     -2.62628     -0.95526      0.88847
     65.00000     70.00000     -2.66056     -0.85119      0.80393
     70.00000     70.00000     -2.68704     -0.76071      0.70421
     75.00000     70.00000     -2.70771     -0.68636      0.59169
     80.00000     70.00000     -2.72470     -0.62983      0.46911
     85.00000     70.00000     -2.73994     -0.59196      0.33931
     90.00000     70.00000     -2.75497     -0.57282      0.20513
     95.00000     70.00000     -2.77072     -0.57183      0.06922
    100.00000     70.00000     -2.78752     -0.58790     -0.06603
    105.00000     70.00000     -2.80515     -0.61961     -0.19859
    110.00000     70.00000     -2.82296     -0.66534     -0.32679
    115.00000     70.00000     -2.84011     -0.72351     -0.44928
    120.00000     70.00000     -2.85581     -0.79258     -0.56499
    125.00000     70.00000     -2.86954     -0.87122     -0.67307
    130.00000     70.00000     -2.88122     -0.95827     -0.77277
    135.00000     70.00000     -2.89131     -1.05276     -0.86336
    140.00000     70.00000     -2.90081     -1.15382     -0.94407
    145.00000     70.00000     -2.91118     -1.26059     -1.01407
    150.00000     70.00000     -2.92412     -1.37217     -1.07242
    155.00000     70.00000     -2.94139     -1.48742     -1.11813
    160.00000     70.00000     -2.96454     -1.60496     -1.15023
    165.00000     70.00000     -2.99462     -1.72309     -1.16790
    170.00000     70.00000     -3.03200     -1.83979     -1.17052
    175.00000     70.00000     -3.07625     -1.95273     -1.15785
    180.00000     70.00000     -3.12596     -2.05944     -1.13014
    185.00000     70.00000     -3.17889     -2.15738     -1.08818
    190.00000     70.00000     -3.23198     -2.24420     -1.03338
    195.00000     70.00000     -3.28161     -2.31790     -0.96771
    200.00000     70.00000     -3.32388     -2.37710     -0.89368
    205.00000     70.00000     -3.35493     -2.42118     -0.81412
    210.00000     70.00000     -3.37138     -2.45040     -0.73200
    215.00000     70.00000     -3.37061     -2.46599     -0.65019
    220.00000     70.00000     -3.35112     -2.47004     -0.57119
    225.00000     70.00000     -3.31276     -2.46533     -0.49687
    230.00000     70.00000     -3.25677     -2.45507     -0.42830
    235.00000     70.00000     -3.18576     -2.44253     -0.36566
    240.00000     70.00000     -3.10350     -2.43065     -0.30825
    245.00000     70.00000     -3.01455     -2.42176     -0.25462
    250.00000     70.00000     -2.92385     -2.41720     -0.20284
    255.00000     70.00000     -2.83621     -2.41729     -0.15078
    260.00000     70.00000     -2.75585     -2.42122     -0.09647
    265.00000     70.00000     -2.68599     -2.42728     -0.03842
    270.00000     70.00000     -2.62850     -2.43309      0.02414
    275.00000     70.00000     -2.58382     -2.43600      0.09112
    280.00000     70.00000     -2.55091     -2.43347      0.16154
    285.00000     70.00000     -2.52744     -2.42346      0.23367
    290.00000     70.00000     -2.51009     -2.40474      0.30525
    295.00000     70.00000     -2.49497     -2.37711      0.37378
    300.00000     70.00000     -2.47807     -2.34138      0.43687
    305.00000     70.00000     -2.45578     -2.29932      0.49259
    310.00000     70.00000     -2.42530     -2.25343      0.53966
    315.00000     70.00000     -2.38499     -2.20657      0.57771
    320.00000     70.00000     -2.33463     -2.16164      0.60727
    325.00000     70.00000     -2.27551     -2.12115      0.62975
    330.00000     70.00000     -2.21030     -2.08691      0.64722
    335.00000     70.00000     -2.14285     -2.05976      0.66224
    340.00000     70.00000     -2.07778     -2.03941      0.67745
    345.00000     70.00000     -2.02001     -2.02448      0.69534
    350.00000     70.00000     -1.97422     -2.01261      0.71788
    355.00000     70.00000     -1.94441     -2.00067      0.74630
    360.00000     70.00000     -1.93337     -1.98509      0.78092
      0.00000     75.00000     -2.30516     -1.61665      0.82900
      5.00000     75.00000     -2.32010     -1.57310      0.86211
     10.00000     75.00000     -2.34596     -1.52214      0.89546
     15.00000     75.00000     -2.38185     -1.46245      0.92739
     20.00000     75.00000     -2.42635     -1.39325      0.95589
     25.00000     75.00000     -2.47758     -1.31439      0.97869
     30.00000     75.00000     -2.53342     -1.22642      0.99347
     35.00000     75.00000     -2.59168     -1.13057      0.99801
     40.00000     75.00000     -2.65023     -1.02865      0.99038
     45.00000     75.00000     -2.70723     -0.92302      0.96904
     50.00000     75.00000     -2.76117     -0.81639      0.93296
     55.00000     75.00000     -2.81099     -0.71163      0.88170
     60.00000     75.00000     -2.85609     -0.61169      0.81538
     65.00000     75.00000     -2.89627     -0.51933      0.73473
     70.00000     75.00000     -2.93170     -0.43705      0.64094
     75.00000     75.00000     -2.96281     -0.36697      0.53565
     80.00000     75.00000     -2.99018     -0.31071      0.42079
     85.00000     75.00000     -3.01444     -0.26944      0.29851
     90.00000     75.00000     -3.03615     -0.24382      0.17102
     95.00000     75.00000     -3.05581     -0.23404      0.04055
    100.00000     75.00000     -3.07374     -0.23992     -0.09077
    105.00000     75.00000     -3.09015     -0.26095     -0.22094
    110.00000     75.00000     -3.10513     -0.29636     -0.34816
    115.00000     75.00000     -3.11874     -0.34524     -0.47077
    120.00000     75.00000     -3.13101     -0.40654     -0.58733
    125.00000     75.00000     -3.14209     -0.47916     -0.69652
    130.00000     75.00000     -3.15221     -0.56198     -0.79717
    135.00000     75.00000     -3.16174     -0.65381     -0.88820
    140.00000     75.00000     -3.17119     -0.75344     -0.96861
    145.00000     75.00000     -3.18117     -0.85958     -1.03749
    150.00000     75.00000     -3.19231     -0.97085     -1.09398
    155.00000     75.00000     -3.20518     -1.08575     -1.13739
    160.00000     75.00000     -3.22024     -1.20264     -1.16712
    165.00000     75.00000     -3.23770     -1.31975     -1.18283
    170.00000     75.00000     -3.25749     -1.43521     -1.18440
    175.00000     75.00000     -3.27919     -1.54708     -1.17206
    180.00000     75.00000     -3.30202     -1.65346     -1.14635
    185.00000     75.00000     -3.32485     -1.75253     -1.10823
    190.00000     75.00000     -3.34628     -1.84270     -1.05898
    195.00000     75.00000     -3.36471     -1.92270     -1.00024
    200.00000     75.00000     -3.37850     -1.99166     -0.93387
    205.00000     75.00000     -3.38604     -2.04919     -0.86189
    210.00000     75.00000     -3.38598     -2.09542     -0.78634
    215.00000     75.00000     -3.37729     -2.13099     -0.70915
    220.00000     75.00000     -3.35941     -2.15697     -0.63198
    225.00000     75.00000     -3.33231     -2.17479     -0.55614
    230.00000     75.00000     -3.29652     -2.18607     -0.48252
    235.00000     75.00000     -3.25309     -2.19246     -0.41150
    240.00000     75.00000     -3.20348     -2.19547     -0.34304
    245.00000     75.00000     -3.14951     -2.19633     -0.27673
    250.00000     75.00000     -3.09311     -2.19585     -0.21188
    255.00000     75.00000     -3.03621     -2.19439     -0.14771
    260.00000     75.00000     -2.98052     -2.19183     -0.08349
    265.00000     75.00000     -2.92742     -2.18769     -0.01870
    270.00000     75.00000     -2.87784     -2.18116      0.04690
    275.00000     75.00000     -2.83219     -2.17135      0.11315
    280.00000     75.00000     -2.79037     -2.15740      0.17954
    285.00000     75.00000     -2.75184     -2.13863      0.24520
    290.00000     75.00000     -2.71571     -2.11475      0.30907
    295.00000     75.00000     -2.68090     -2.08585      0.36999
    300.00000     75.00000     -2.64633     -2.05244      0.42687
    305.00000     75.00000     -2.61105     -2.01546      0.47884
    310.00000     75.00000     -2.57443     -1.97608      0.52539
    315.00000     75.00000     -2.53628     -1.93563      0.56641
    320.00000     75.00000     -2.49690     -1.89541      0.60226
    325.00000     75.00000     -2.45714     -1.85649      0.63371
    330.00000     75.00000     -2.41830     -1.81957      0.66189
    335.00000     75.00000     -2.38209     -1.78489      0.68809
    340.00000     75.00000     -2.35042     -1.75212      0.71367
    345.00000     75.00000     -2.32527     -1.72041      0.73985
    350.00000     75.00000     -2.30843     -1.68842      0.76756
    355.00000     75.00000     -2.30140     -1.65446      0.79728
    360.00000     75.00000     -2.30516     -1.61665      0.82900
      0.00000     80.00000     -2.66079     -1.15663      0.88741
      5.00000     80.00000     -2.67353     -1.09437      0.91153
     10.00000     80.00000     -2.69145     -1.02746      0.93238
     15.00000     80.00000     -2.71417     -0.95560      0.94898
     20.00000     80.00000     -2.74115     -0.87874      0.96021
     25.00000     80.00000     -2.77172     -0.79712      0.96487
     30.00000     80.00000     -2.80508     -0.71132      0.96175
     35.00000     80.00000     -2.84043     -0.62221      0.94969
     40.00000     80.00000     -2.87693     -0.53097      0.92769
     45.00000     80.00000     -2.91380     -0.43903      0.89497
     50.00000     80.00000     -2.95033     -0.34802      0.85099
     55.00000     80.00000     -2.98593     -0.25969      0.79556
     60.00000     80.00000     -3.02011     -0.17585      0.72878
     65.00000     80.00000     -3.05252     -0.09827      0.65109
     70.00000     80.00000     -3.08293     -0.02862      0.56324
     75.00000     80.00000     -3.11122      0.03158      0.46628
     80.00000     80.00000     -3.13733      0.08104      0.36146
     85.00000     80.00000     -3.16131      0.11869      0.25024
     90.00000     80.00000     -3.18323      0.14375      0.13423
     95.00000     80.00000     -3.20319      0.15570      0.01508
    100.00000     80.00000     -3.22131      0.15431     -0.10549
    105.00000     80.00000     -3.23772      0.13956     -0.22578
    110.00000     80.00000     -3.25256      0.11172     -0.34414
    115.00000     80.00000     -3.26597      0.07123     -0.45899
    120.00000     80.00000     -3.27809      0.01872     -0.56882
    125.00000     80.00000     -3.28909     -0.04500     -0.67225
    130.00000     80.00000     -3.29914     -0.11898     -0.76800
    135.00000     80.00000     -3.30844     -0.20217     -0.85494
    140.00000     80.00000     -3.31715     -0.29336     -0.93203
    145.00000     80.00000     -3.32546     -0.39128     -0.99843
    150.00000     80.00000     -3.33352     -0.49455     -1.05341
    155.00000     80.00000     -3.34144     -0.60171     -1.09645
    160.00000     80.00000     -3.34924     -0.71126     -1.12719
    165.00000     80.00000     -3.35691     -0.82166     -1.14550
    170.00000     80.00000     -3.36430     -0.93137     -1.15145
    175.00000     80.00000     -3.37121     -1.03889     -1.14535
    180.00000     80.00000     -3.37730     -1.14279     -1.12771
    185.00000     80.00000     -3.38218     -1.24177     -1.09930
    190.00000     80.00000     -3.38540     -1.33469     -1.06102
    195.00000     80.00000     -3.38646     -1.42061     -1.01400
    200.00000     80.00000     -3.38488     -1.49884     -0.95942
    205.00000     80.00000     -3.38020     -1.56893     -0.89857
    210.00000     80.00000     -3.37205     -1.63067     -0.83271
    215.00000     80.00000     -3.36017     -1.68411     -0.76309
    220.00000     80.00000     -3.34442     -1.72952     -0.69081
    225.00000     80.00000     -3.32482     -1.76732     -0.61686
    230.00000     80.00000     -3.30153     -1.79805     -0.54203
    235.00000     80.00000     -3.27487     -1.82231     -0.46696
    240.00000     80.00000     -3.24528     -1.84070     -0.39206
    245.00000     80.00000     -3.21327     -1.85376     -0.31764
    250.00000     80.00000     -3.17943     -1.86194     -0.24386
    255.00000     80.00000     -3.14436     -1.86556     -0.17082
    260.00000     80.00000     -3.10861     -1.86485     -0.09858
    265.00000     80.00000     -3.07271     -1.85992     -0.02723
    270.00000     80.00000     -3.03707     -1.85079      0.04307
    275.00000     80.00000     -3.00202     -1.83746      0.11211
    280.00000     80.00000     -2.96778     -1.81993      0.17958
    285.00000     80.00000     -2.93447     -1.79826      0.24513
    290.00000     80.00000     -2.90218     -1.77257      0.30836
    295.00000     80.00000     -2.87093     -1.74310      0.36887
    300.00000     80.00000     -2.84075     -1.71018      0.42631
    305.00000     80.00000     -2.81170     -1.67422      0.48042
    310.00000     80.00000     -2.78392     -1.63568      0.53106
    315.00000     80.00000     -2.75763     -1.59502      0.57822
    320.00000     80.00000     -2.73314     -1.55267      0.62203
    325.00000     80.00000     -2.71088     -1.50893      0.66277
    330.00000     80.00000     -2.69134     -1.46399      0.70076
    335.00000     80.00000     -2.67508     -1.41782      0.73639
    340.00000     80.00000     -2.66266     -1.37025      0.77001
    345.00000     80.00000     -2.65462     -1.32091      0.80190
    350.00000     80.00000     -2.65143     -1.26927      0.83218
    355.00000     80.00000     -2.65343     -1.21473      0.86078
    360.00000     80.00000     -2.66079     -1.15663      0.88741
      0.00000     85.00000     -2.96948     -0.62133      0.95340
      5.00000     85.00000     -2.97580     -0.54357      0.96614
     10.00000     85.00000     -2.98398     -0.46368      0.97288
     15.00000     85.00000     -2.99391     -0.38202      0.97322
     20.00000     85.00000     -3.00544     -0.29902      0.96673
     25.00000     85.00000     -3.01841     -0.21523      0.95302
     30.00000     85.00000     -3.03261     -0.13127      0.93171
     35.00000     85.00000     -3.04785     -0.04787      0.90252
     40.00000     85.00000     -3.06391      0.03414      0.86523
     45.00000     85.00000     -3.08057      0.11389      0.81971
     50.00000     85.00000     -3.09762      0.19042      0.76600
     55.00000     85.00000     -3.11485      0.26275      0.70422
     60.00000     85.00000     -3.13208      0.32990      0.63468
     65.00000     85.00000     -3.14913      0.39089      0.55780
     70.00000     85.00000     -3.16585      0.44480      0.47417
     75.00000     85.00000     -3.18211      0.49076      0.38450
     80.00000     85.00000     -3.19780      0.52799      0.28965
     85.00000     85.00000     -3.21283      0.55584      0.19058
     90.00000     85.00000     -3.22713      0.57378      0.08833
     95.00000     85.00000     -3.24065      0.58141     -0.01596
    100.00000     85.00000     -3.25336      0.57848     -0.12113
    105.00000     85.00000     -3.26522      0.56491     -0.22596
    110.00000     85.00000     -3.27624      0.54077     -0.32925
    115.00000     85.00000     -3.28640      0.50627     -0.42980
    120.00000     85.00000     -3.29573      0.46177     -0.52645
    125.00000     85.00000     -3.30422      0.40780     -0.61811
    130.00000     85.00000     -3.31190      0.34499     -0.70375
    135.00000     85.00000     -3.31877      0.27409     -0.78243
    140.00000     85.00000     -3.32485      0.19596     -0.85333
    145.00000     85.00000     -3.33014      0.11155     -0.91574
    150.00000     85.00000     -3.33465      0.02187     -0.96905
    155.00000     85.00000     -3.33836     -0.07199     -1.01283
    160.00000     85.00000     -3.34126     -0.16895     -1.04676
    165.00000     85.00000     -3.34332     -0.26787     -1.07066
    170.00000     85.00000     -3.34449     -0.36766     -1.08452
    175.00000     85.00000     -3.34473     -0.46722     -1.08843
    180.00000     85.00000     -3.34398     -0.56552     -1.08264
    185.00000     85.00000     -3.34219     -0.66159     -1.06750
    190.00000     85.00000     -3.33928     -0.75452     -1.04347
    195.00000     85.00000     -3.33520     -0.84351     -1.01112
    200.00000     85.00000     -3.32990     -0.92786     -0.97107
    205.00000     85.00000     -3.32334     -1.00697     -0.92400
    210.00000     85.00000     -3.31548     -1.08036     -0.87064
    215.00000     85.00000     -3.30633     -1.14764     -0.81172
    220.00000     85.00000     -3.29589     -1.20853     -0.74798
    225.00000     85.00000     -3.28420     -1.26284     -0.68014
    230.00000     85.00000     -3.27133     -1.31048     -0.60890
    235.00000     85.00000     -3.25736     -1.35140     -0.53493
    240.00000     85.00000     -3.24239     -1.38564     -0.45885
    245.00000     85.00000     -3.22655     -1.41325     -0.38123
    250.00000     85.00000     -3.20998     -1.43435     -0.30262
    255.00000     85.00000     -3.19282     -1.44906     -0.22351
    260.00000     85.00000     -3.17524     -1.45754     -0.14437
    265.00000     85.00000     -3.15740     -1.45995     -0.06564
    270.00000     85.00000     -3.13946     -1.45648      0.01229
    275.00000     85.00000     -3.12159     -1.44730      0.08904
    280.00000     85.00000     -3.10394     -1.43262      0.16425
    285.00000     85.00000     -3.08667     -1.41265      0.23759
    290.00000     85.00000     -3.06995     -1.38760      0.30876
    295.00000     85.00000     -3.05391     -1.35771      0.37747
    300.00000     85.00000     -3.03870     -1.32320      0.44346
    305.00000     85.00000     -3.02448     -1.28431      0.50650
    310.00000     85.00000     -3.01138     -1.24126      0.56639
    315.00000     85.00000     -2.99955     -1.19427      0.62294
    320.00000     85.00000     -2.98912     -1.14354      0.67598
    325.00000     85.00000     -2.98024     -1.08926      0.72537
    330.00000     85.00000     -2.97302     -1.03157      0.77095
    335.00000     85.00000     -2.96758     -0.97063      0.81254
    340.00000     85.00000     -2.96400     -0.90656      0.84998
    345.00000     85.00000     -2.96238     -0.83946      0.88305
    350.00000     85.00000     -2.96274     -0.76947      0.91151
    355.00000     85.00000     -2.96511     -0.69670      0.93507
    360.00000     85.00000     -2.96948     -0.62133      0.95340
      0.00000     90.00000     -3.20408     -0.03598      1.02126
      5.00000     90.00000     -3.20408      0.05316      1.02051
     10.00000     90.00000     -3.20408      0.14190      1.01199
     15.00000     90.00000     -3.20408      0.22956      0.99577
     20.00000     90.00000     -3.20408      0.31547      0.97198
     25.00000     90.00000     -3.20408      0.39899      0.94078
     30.00000     90.00000     -3.20408      0.47946      0.90243
     35.00000     90.00000     -3.20408      0.55629      0.85721
     40.00000     90.00000     -3.20408      0.62888      0.80546
     45.00000     90.00000     -3.20408      0.69669      0.74759
     50.00000     90.00000     -3.20408      0.75919      0.68402
     55.00000     90.00000     -3.20408      0.81592      0.61525
     60.00000     90.00000     -3.20408      0.86643      0.54179
     65.00000     90.00000     -3.20408      0.91036      0.46422
     70.00000     90.00000     -3.20408      0.94735      0.38311
     75.00000     90.00000     -3.20408      0.97713      0.29908
     80.00000     90.00000     -3.20408      0.99948      0.21278
     85.00000     90.00000     -3.20408      1.01422      0.12486
     90.00000     90.00000     -3.20408      1.02124      0.03599
     95.00000     90.00000     -3.20408      1.02049     -0.05316
    100.00000     90.00000     -3.20408      1.01198     -0.14190
    105.00000     90.00000     -3.20408      0.99576     -0.22956
    110.00000     90.00000     -3.20408      0.97196     -0.31548
    115.00000     90.00000     -3.20408      0.94076     -0.39899
    120.00000     90.00000     -3.20408      0.90241     -0.47947
    125.00000     90.00000     -3.20408      0.85719     -0.55629
    130.00000     90.00000     -3.20408      0.80544     -0.62889
    135.00000     90.00000     -3.20408      0.74757     -0.69669
    140.00000     90.00000     -3.20408      0.68400     -0.75920
    145.00000     90.00000     -3.20408      0.61523     -0.81593
    150.00000     90.00000     -3.20408      0.54177     -0.86644
    155.00000     90.00000     -3.20408      0.46420     -0.91037
    160.00000     90.00000     -3.20408      0.38309     -0.94736
    165.00000     90.00000     -3.20408      0.29906     -0.97715
    170.00000     90.00000     -3.20408      0.21276     -0.99950
    175.00000     90.00000     -3.20408      0.12484     -1.01424
    180.00000     90.00000     -3.20408      0.03597     -1.02126
    185.00000     90.00000     -3.20408     -0.05318     -1.02051
    190.00000     90.00000     -3.20408     -0.14192     -1.01199
    195.00000     90.00000     -3.20408     -0.22958     -0.99577
    200.00000     90.00000     -3.20408     -0.31549     -0.97198
    205.00000     90.00000     -3.20408     -0.39900     -0.94078
    210.00000     90.00000     -3.20408     -0.47948     -0.90243
    215.00000     90.00000     -3.20408     -0.55630     -0.85721
    220.00000     90.00000     -3.20408     -0.62889     -0.80546
    225.00000     90.00000     -3.20408     -0.69670     -0.74758
    230.00000     90.00000     -3.20408     -0.75920     -0.68402
    235.00000     90.00000     -3.20408     -0.81593     -0.61525
    240.00000     90.00000     -3.20408     -0.86645     -0.54179
    245.00000     90.00000     -3.20408     -0.91037     -0.46422
    250.00000     90.00000     -3.20408     -0.94736     -0.38311
    255.00000     90.00000     -3.20408     -0.97714     -0.29908
    260.00000     90.00000     -3.20408     -0.99949     -0.21278
    265.00000     90.00000     -3.20408     -1.01423     -0.12486
    270.00000     90.00000     -3.20408     -1.02125     -0.03599
    275.00000     90.00000     -3.20408     -1.02050      0.05316
    280.00000     90.00000     -3.20408     -1.01199      0.14190
    285.00000     90.00000     -3.20408     -0.99577      0.22956
    290.00000     90.00000     -3.20408     -0.97197      0.31548
    295.00000     90.00000     -3.20408     -0.94077      0.39899
    300.00000     90.00000     -3.20408     -0.90242      0.47946
    305.00000     90.00000     -3.20408     -0.85720      0.55629
    310.00000     90.00000     -3.20408     -0.80545      0.62888
    315.00000     90.00000     -3.20408     -0.74758      0.69669
    320.00000     90.00000     -3.20408     -0.68401      0.75920
    325.00000     90.00000     -3.20408     -0.61524      0.81592
    330.00000     90.00000     -3.20408     -0.54179      0.86644
    335.00000     90.00000     -3.20408     -0.46421      0.91037
    340.00000     90.00000     -3.20408     -0.38310      0.94736
    345.00000     90.00000     -3.20408     -0.29907      0.97715
    350.00000     90.00000     -3.20408     -0.21277      0.99949
    355.00000     90.00000     -3.20408     -0.12485      1.01424
    360.00000     90.00000     -3.20408     -0.03598      1.02126
