TITLE     = "Magnetic map of tau Boo, 2016-06-16, from 39 ESPaDOnS spectra (program tau-boo-2016-06)"
VARIABLES = "Longitude [Deg]" "Latitude [Deg]" "B<sub>R</sub> [G]" "B<sub>A</sub> [G]" "B<sub>M</sub> [G]"
ZONE I=73, J=37, K=1, ZONETYPE=Ordered
DATAPACKING=POINT
DT=(SINGLE SINGLE SINGLE SINGLE SINGLE)
      0.00000    -90.00000     -1.02329     -0.02825     -0.05027
      5.00000    -90.00000     -1.02329     -0.02376     -0.05255
     10.00000    -90.00000     -1.02329     -0.01909     -0.05442
     15.00000    -90.00000     -1.02329     -0.01427     -0.05588
     20.00000    -90.00000     -1.02329     -0.00935     -0.05691
     25.00000    -90.00000     -1.02329     -0.00435     -0.05751
     30.00000    -90.00000     -1.02329      0.00067     -0.05767
     35.00000    -90.00000     -1.02329      0.00570     -0.05740
     40.00000    -90.00000     -1.02329      0.01068     -0.05668
     45.00000    -90.00000     -1.02329      0.01558     -0.05554
     50.00000    -90.00000     -1.02329      0.02036     -0.05397
     55.00000    -90.00000     -1.02329      0.02498     -0.05199
     60.00000    -90.00000     -1.02329      0.02942     -0.04962
     65.00000    -90.00000     -1.02329      0.03363     -0.04687
     70.00000    -90.00000     -1.02329      0.03759     -0.04376
     75.00000    -90.00000     -1.02329      0.04126     -0.04032
     80.00000    -90.00000     -1.02329      0.04461     -0.03657
     85.00000    -90.00000     -1.02329      0.04763     -0.03254
     90.00000    -90.00000     -1.02329      0.05028     -0.02827
     95.00000    -90.00000     -1.02329      0.05255     -0.02378
    100.00000    -90.00000     -1.02329      0.05442     -0.01911
    105.00000    -90.00000     -1.02329      0.05588     -0.01429
    110.00000    -90.00000     -1.02329      0.05691     -0.00937
    115.00000    -90.00000     -1.02329      0.05751     -0.00437
    120.00000    -90.00000     -1.02329      0.05767      0.00066
    125.00000    -90.00000     -1.02329      0.05739      0.00568
    130.00000    -90.00000     -1.02329      0.05668      0.01066
    135.00000    -90.00000     -1.02329      0.05553      0.01556
    140.00000    -90.00000     -1.02329      0.05396      0.02034
    145.00000    -90.00000     -1.02329      0.05198      0.02497
    150.00000    -90.00000     -1.02329      0.04961      0.02941
    155.00000    -90.00000     -1.02329      0.04685      0.03362
    160.00000    -90.00000     -1.02329      0.04374      0.03757
    165.00000    -90.00000     -1.02329      0.04030      0.04125
    170.00000    -90.00000     -1.02329      0.03655      0.04460
    175.00000    -90.00000     -1.02329      0.03253      0.04762
    180.00000    -90.00000     -1.02329      0.02825      0.05028
    185.00000    -90.00000     -1.02329      0.02376      0.05255
    190.00000    -90.00000     -1.02329      0.01909      0.05442
    195.00000    -90.00000     -1.02329      0.01427      0.05588
    200.00000    -90.00000     -1.02329      0.00935      0.05691
    205.00000    -90.00000     -1.02329      0.00435      0.05751
    210.00000    -90.00000     -1.02329     -0.00067      0.05767
    215.00000    -90.00000     -1.02329     -0.00570      0.05740
    220.00000    -90.00000     -1.02329     -0.01068      0.05668
    225.00000    -90.00000     -1.02329     -0.01558      0.05554
    230.00000    -90.00000     -1.02329     -0.02036      0.05397
    235.00000    -90.00000     -1.02329     -0.02498      0.05199
    240.00000    -90.00000     -1.02329     -0.02942      0.04962
    245.00000    -90.00000     -1.02329     -0.03363      0.04687
    250.00000    -90.00000     -1.02329     -0.03759      0.04376
    255.00000    -90.00000     -1.02329     -0.04126      0.04032
    260.00000    -90.00000     -1.02329     -0.04461      0.03657
    265.00000    -90.00000     -1.02329     -0.04763      0.03254
    270.00000    -90.00000     -1.02329     -0.05028      0.02827
    275.00000    -90.00000     -1.02329     -0.05255      0.02378
    280.00000    -90.00000     -1.02329     -0.05442      0.01911
    285.00000    -90.00000     -1.02329     -0.05588      0.01429
    290.00000    -90.00000     -1.02329     -0.05691      0.00937
    295.00000    -90.00000     -1.02329     -0.05751      0.00437
    300.00000    -90.00000     -1.02329     -0.05767     -0.00066
    305.00000    -90.00000     -1.02329     -0.05739     -0.00568
    310.00000    -90.00000     -1.02329     -0.05668     -0.01066
    315.00000    -90.00000     -1.02329     -0.05553     -0.01556
    320.00000    -90.00000     -1.02329     -0.05396     -0.02034
    325.00000    -90.00000     -1.02329     -0.05198     -0.02497
    330.00000    -90.00000     -1.02329     -0.04961     -0.02940
    335.00000    -90.00000     -1.02329     -0.04685     -0.03362
    340.00000    -90.00000     -1.02329     -0.04374     -0.03757
    345.00000    -90.00000     -1.02329     -0.04030     -0.04124
    350.00000    -90.00000     -1.02329     -0.03655     -0.04460
    355.00000    -90.00000     -1.02329     -0.03252     -0.04762
    360.00000    -90.00000     -1.02329     -0.02825     -0.05027
      0.00000    -85.00000     -0.97894      0.02303     -0.01020
      5.00000    -85.00000     -0.98008      0.02476     -0.01196
     10.00000    -85.00000     -0.98093      0.02657     -0.01372
     15.00000    -85.00000     -0.98142      0.02848     -0.01549
     20.00000    -85.00000     -0.98152      0.03054     -0.01725
     25.00000    -85.00000     -0.98123      0.03276     -0.01899
     30.00000    -85.00000     -0.98058      0.03519     -0.02068
     35.00000    -85.00000     -0.97962      0.03787     -0.02229
     40.00000    -85.00000     -0.97844      0.04083     -0.02376
     45.00000    -85.00000     -0.97714      0.04408     -0.02503
     50.00000    -85.00000     -0.97583      0.04765     -0.02601
     55.00000    -85.00000     -0.97465      0.05152     -0.02662
     60.00000    -85.00000     -0.97372      0.05568     -0.02677
     65.00000    -85.00000     -0.97318      0.06007     -0.02639
     70.00000    -85.00000     -0.97313      0.06464     -0.02538
     75.00000    -85.00000     -0.97370      0.06929     -0.02369
     80.00000    -85.00000     -0.97496      0.07392     -0.02127
     85.00000    -85.00000     -0.97696      0.07843     -0.01810
     90.00000    -85.00000     -0.97974      0.08270     -0.01419
     95.00000    -85.00000     -0.98330      0.08661     -0.00957
    100.00000    -85.00000     -0.98762      0.09004     -0.00429
    105.00000    -85.00000     -0.99263      0.09290      0.00155
    110.00000    -85.00000     -0.99826      0.09511      0.00786
    115.00000    -85.00000     -1.00438      0.09660      0.01452
    120.00000    -85.00000     -1.01089      0.09733      0.02140
    125.00000    -85.00000     -1.01763      0.09729      0.02836
    130.00000    -85.00000     -1.02444      0.09650      0.03527
    135.00000    -85.00000     -1.03119      0.09498      0.04202
    140.00000    -85.00000     -1.03771      0.09280      0.04849
    145.00000    -85.00000     -1.04386      0.09001      0.05458
    150.00000    -85.00000     -1.04952      0.08670      0.06023
    155.00000    -85.00000     -1.05458      0.08295      0.06538
    160.00000    -85.00000     -1.05894      0.07885      0.06999
    165.00000    -85.00000     -1.06256      0.07448      0.07404
    170.00000    -85.00000     -1.06539      0.06992      0.07753
    175.00000    -85.00000     -1.06742      0.06522      0.08047
    180.00000    -85.00000     -1.06867      0.06043      0.08286
    185.00000    -85.00000     -1.06916      0.05561      0.08473
    190.00000    -85.00000     -1.06894      0.05079      0.08607
    195.00000    -85.00000     -1.06807      0.04599      0.08691
    200.00000    -85.00000     -1.06662      0.04123      0.08725
    205.00000    -85.00000     -1.06464      0.03654      0.08708
    210.00000    -85.00000     -1.06221      0.03195      0.08641
    215.00000    -85.00000     -1.05936      0.02747      0.08522
    220.00000    -85.00000     -1.05616      0.02316      0.08353
    225.00000    -85.00000     -1.05263      0.01904      0.08133
    230.00000    -85.00000     -1.04881      0.01517      0.07862
    235.00000    -85.00000     -1.04470      0.01159      0.07543
    240.00000    -85.00000     -1.04032      0.00835      0.07180
    245.00000    -85.00000     -1.03570      0.00550      0.06776
    250.00000    -85.00000     -1.03083      0.00308      0.06338
    255.00000    -85.00000     -1.02576      0.00113      0.05873
    260.00000    -85.00000     -1.02052     -0.00035      0.05388
    265.00000    -85.00000     -1.01515     -0.00133      0.04892
    270.00000    -85.00000     -1.00973     -0.00183      0.04394
    275.00000    -85.00000     -1.00433     -0.00188      0.03903
    280.00000    -85.00000     -0.99906     -0.00151      0.03425
    285.00000    -85.00000     -0.99400     -0.00077      0.02968
    290.00000    -85.00000     -0.98926      0.00028      0.02536
    295.00000    -85.00000     -0.98495      0.00157      0.02134
    300.00000    -85.00000     -0.98115      0.00305      0.01762
    305.00000    -85.00000     -0.97796      0.00465      0.01422
    310.00000    -85.00000     -0.97541      0.00634      0.01111
    315.00000    -85.00000     -0.97354      0.00805      0.00827
    320.00000    -85.00000     -0.97236      0.00977      0.00568
    325.00000    -85.00000     -0.97183      0.01148      0.00330
    330.00000    -85.00000     -0.97190      0.01316      0.00109
    335.00000    -85.00000     -0.97248      0.01482     -0.00098
    340.00000    -85.00000     -0.97346      0.01645     -0.00294
    345.00000    -85.00000     -0.97473      0.01808     -0.00482
    350.00000    -85.00000     -0.97615      0.01970     -0.00665
    355.00000    -85.00000     -0.97759      0.02135     -0.00843
    360.00000    -85.00000     -0.97894      0.02303     -0.01020
      0.00000    -80.00000     -0.95784      0.07336      0.01883
      5.00000    -80.00000     -0.96667      0.07333      0.01842
     10.00000    -80.00000     -0.97294      0.07310      0.01783
     15.00000    -80.00000     -0.97633      0.07255      0.01696
     20.00000    -80.00000     -0.97672      0.07165      0.01565
     25.00000    -80.00000     -0.97413      0.07044      0.01378
     30.00000    -80.00000     -0.96879      0.06903      0.01124
     35.00000    -80.00000     -0.96106      0.06760      0.00798
     40.00000    -80.00000     -0.95141      0.06639      0.00407
     45.00000    -80.00000     -0.94039      0.06564     -0.00036
     50.00000    -80.00000     -0.92864      0.06558     -0.00509
     55.00000    -80.00000     -0.91679      0.06638     -0.00982
     60.00000    -80.00000     -0.90549      0.06816     -0.01420
     65.00000    -80.00000     -0.89538      0.07092     -0.01788
     70.00000    -80.00000     -0.88703      0.07459     -0.02052
     75.00000    -80.00000     -0.88095      0.07902     -0.02184
     80.00000    -80.00000     -0.87756      0.08399     -0.02162
     85.00000    -80.00000     -0.87716      0.08921     -0.01973
     90.00000    -80.00000     -0.87995      0.09440     -0.01614
     95.00000    -80.00000     -0.88598      0.09926     -0.01091
    100.00000    -80.00000     -0.89518      0.10349     -0.00420
    105.00000    -80.00000     -0.90733      0.10686      0.00378
    110.00000    -80.00000     -0.92209      0.10916      0.01272
    115.00000    -80.00000     -0.93900      0.11026      0.02229
    120.00000    -80.00000     -0.95751      0.11008      0.03213
    125.00000    -80.00000     -0.97700      0.10864      0.04187
    130.00000    -80.00000     -0.99678      0.10603      0.05116
    135.00000    -80.00000     -1.01620      0.10239      0.05971
    140.00000    -80.00000     -1.03458      0.09795      0.06726
    145.00000    -80.00000     -1.05133      0.09298      0.07366
    150.00000    -80.00000     -1.06592      0.08775      0.07885
    155.00000    -80.00000     -1.07792      0.08256      0.08283
    160.00000    -80.00000     -1.08707      0.07764      0.08572
    165.00000    -80.00000     -1.09321      0.07322      0.08770
    170.00000    -80.00000     -1.09635      0.06942      0.08899
    175.00000    -80.00000     -1.09666      0.06630      0.08981
    180.00000    -80.00000     -1.09443      0.06387      0.09038
    185.00000    -80.00000     -1.09007      0.06203      0.09089
    190.00000    -80.00000     -1.08408      0.06067      0.09144
    195.00000    -80.00000     -1.07700      0.05963      0.09209
    200.00000    -80.00000     -1.06937      0.05878      0.09282
    205.00000    -80.00000     -1.06168      0.05795      0.09352
    210.00000    -80.00000     -1.05434      0.05705      0.09406
    215.00000    -80.00000     -1.04764      0.05600      0.09428
    220.00000    -80.00000     -1.04171      0.05479      0.09398
    225.00000    -80.00000     -1.03653      0.05343      0.09300
    230.00000    -80.00000     -1.03194      0.05199      0.09117
    235.00000    -80.00000     -1.02762      0.05057      0.08841
    240.00000    -80.00000     -1.02320      0.04930      0.08465
    245.00000    -80.00000     -1.01823      0.04833      0.07992
    250.00000    -80.00000     -1.01228      0.04778      0.07429
    255.00000    -80.00000     -1.00501      0.04779      0.06793
    260.00000    -80.00000     -0.99614      0.04844      0.06105
    265.00000    -80.00000     -0.98559      0.04979      0.05391
    270.00000    -80.00000     -0.97344      0.05181      0.04682
    275.00000    -80.00000     -0.95995      0.05444      0.04008
    280.00000    -80.00000     -0.94556      0.05753      0.03397
    285.00000    -80.00000     -0.93085      0.06088      0.02871
    290.00000    -80.00000     -0.91653      0.06428      0.02448
    295.00000    -80.00000     -0.90332      0.06749      0.02132
    300.00000    -80.00000     -0.89196      0.07029      0.01922
    305.00000    -80.00000     -0.88308      0.07253      0.01805
    310.00000    -80.00000     -0.87722      0.07411      0.01763
    315.00000    -80.00000     -0.87471      0.07503      0.01775
    320.00000    -80.00000     -0.87566      0.07535      0.01817
    325.00000    -80.00000     -0.87999      0.07521      0.01869
    330.00000    -80.00000     -0.88735      0.07479      0.01915
    335.00000    -80.00000     -0.89724      0.07426      0.01946
    340.00000    -80.00000     -0.90895      0.07378      0.01959
    345.00000    -80.00000     -0.92170      0.07345      0.01955
    350.00000    -80.00000     -0.93465      0.07330      0.01939
    355.00000    -80.00000     -0.94695      0.07331      0.01914
    360.00000    -80.00000     -0.95784      0.07336      0.01883
      0.00000    -75.00000     -0.97087      0.10352      0.02492
      5.00000    -75.00000     -0.99293      0.10709      0.02662
     10.00000    -75.00000     -1.00779      0.10992      0.02871
     15.00000    -75.00000     -1.01497      0.11125      0.03072
     20.00000    -75.00000     -1.01448      0.11060      0.03201
     25.00000    -75.00000     -1.00680      0.10780      0.03192
     30.00000    -75.00000     -0.99275      0.10309      0.02989
     35.00000    -75.00000     -0.97342      0.09698      0.02558
     40.00000    -75.00000     -0.95002      0.09020      0.01896
     45.00000    -75.00000     -0.92384      0.08357      0.01032
     50.00000    -75.00000     -0.89618      0.07786      0.00024
     55.00000    -75.00000     -0.86833      0.07364     -0.01048
     60.00000    -75.00000     -0.84151      0.07128     -0.02095
     65.00000    -75.00000     -0.81691      0.07089     -0.03029
     70.00000    -75.00000     -0.79563      0.07234     -0.03772
     75.00000    -75.00000     -0.77869      0.07533     -0.04266
     80.00000    -75.00000     -0.76696      0.07942     -0.04474
     85.00000    -75.00000     -0.76114      0.08416     -0.04380
     90.00000    -75.00000     -0.76171      0.08906     -0.03989
     95.00000    -75.00000     -0.76889      0.09371     -0.03322
    100.00000    -75.00000     -0.78259      0.09772     -0.02412
    105.00000    -75.00000     -0.80244      0.10074     -0.01301
    110.00000    -75.00000     -0.82777      0.10249     -0.00042
    115.00000    -75.00000     -0.85764      0.10273      0.01306
    120.00000    -75.00000     -0.89086      0.10131      0.02679
    125.00000    -75.00000     -0.92612      0.09816      0.04007
    130.00000    -75.00000     -0.96196      0.09334      0.05221
    135.00000    -75.00000     -0.99690      0.08706      0.06259
    140.00000    -75.00000     -1.02951      0.07971      0.07068
    145.00000    -75.00000     -1.05841      0.07178      0.07615
    150.00000    -75.00000     -1.08242      0.06389      0.07894
    155.00000    -75.00000     -1.10058      0.05666      0.07922
    160.00000    -75.00000     -1.11219      0.05067      0.07743
    165.00000    -75.00000     -1.11692      0.04635      0.07423
    170.00000    -75.00000     -1.11481      0.04396      0.07036
    175.00000    -75.00000     -1.10631      0.04354      0.06662
    180.00000    -75.00000     -1.09228      0.04492      0.06368
    185.00000    -75.00000     -1.07397      0.04776      0.06205
    190.00000    -75.00000     -1.05291      0.05163      0.06201
    195.00000    -75.00000     -1.03083      0.05608      0.06355
    200.00000    -75.00000     -1.00952      0.06069      0.06648
    205.00000    -75.00000     -0.99066      0.06512      0.07041
    210.00000    -75.00000     -0.97564      0.06915      0.07482
    215.00000    -75.00000     -0.96543      0.07266      0.07918
    220.00000    -75.00000     -0.96046      0.07562      0.08295
    225.00000    -75.00000     -0.96057      0.07805      0.08566
    230.00000    -75.00000     -0.96497      0.08003      0.08689
    235.00000    -75.00000     -0.97236      0.08166      0.08633
    240.00000    -75.00000     -0.98104      0.08307      0.08376
    245.00000    -75.00000     -0.98906      0.08445      0.07907
    250.00000    -75.00000     -0.99448      0.08601      0.07230
    255.00000    -75.00000     -0.99554      0.08796      0.06363
    260.00000    -75.00000     -0.99087      0.09055      0.05344
    265.00000    -75.00000     -0.97966      0.09394      0.04225
    270.00000    -75.00000     -0.96174      0.09823      0.03077
    275.00000    -75.00000     -0.93764      0.10333      0.01977
    280.00000    -75.00000     -0.90854      0.10900      0.01006
    285.00000    -75.00000     -0.87619      0.11480      0.00233
    290.00000    -75.00000     -0.84278      0.12019     -0.00289
    295.00000    -75.00000     -0.81069      0.12453     -0.00536
    300.00000    -75.00000     -0.78234      0.12726     -0.00518
    305.00000    -75.00000     -0.75994      0.12797     -0.00271
    310.00000    -75.00000     -0.74529      0.12651      0.00138
    315.00000    -75.00000     -0.73962      0.12305      0.00633
    320.00000    -75.00000     -0.74345      0.11804      0.01135
    325.00000    -75.00000     -0.75659      0.11222      0.01576
    330.00000    -75.00000     -0.77810      0.10644      0.01914
    335.00000    -75.00000     -0.80640      0.10157      0.02133
    340.00000    -75.00000     -0.83941      0.09828      0.02250
    345.00000    -75.00000     -0.87476      0.09699      0.02299
    350.00000    -75.00000     -0.90996      0.09771      0.02328
    355.00000    -75.00000     -0.94268      0.10011      0.02382
    360.00000    -75.00000     -0.97087      0.10352      0.02492
      0.00000    -70.00000     -1.00979      0.10608      0.00726
      5.00000    -70.00000     -1.04340      0.12135      0.01176
     10.00000    -70.00000     -1.06346      0.13484      0.01823
     15.00000    -70.00000     -1.07005      0.14435      0.02543
     20.00000    -70.00000     -1.06428      0.14846      0.03167
     25.00000    -70.00000     -1.04794      0.14669      0.03519
     30.00000    -70.00000     -1.02321      0.13960      0.03456
     35.00000    -70.00000     -0.99229      0.12852      0.02895
     40.00000    -70.00000     -0.95720      0.11525      0.01836
     45.00000    -70.00000     -0.91968      0.10174      0.00357
     50.00000    -70.00000     -0.88117      0.08963     -0.01398
     55.00000    -70.00000     -0.84286      0.08009     -0.03247
     60.00000    -70.00000     -0.80589      0.07365     -0.05003
     65.00000    -70.00000     -0.77138      0.07027     -0.06506
     70.00000    -70.00000     -0.74058      0.06945     -0.07637
     75.00000    -70.00000     -0.71478      0.07046     -0.08331
     80.00000    -70.00000     -0.69533      0.07254     -0.08575
     85.00000    -70.00000     -0.68348      0.07508     -0.08393
     90.00000    -70.00000     -0.68023      0.07766     -0.07833
     95.00000    -70.00000     -0.68619      0.08009     -0.06947
    100.00000    -70.00000     -0.70150      0.08227     -0.05789
    105.00000    -70.00000     -0.72576      0.08411     -0.04403
    110.00000    -70.00000     -0.75805      0.08545     -0.02835
    115.00000    -70.00000     -0.79700      0.08595     -0.01138
    120.00000    -70.00000     -0.84090      0.08516      0.00616
    125.00000    -70.00000     -0.88778      0.08259      0.02333
    130.00000    -70.00000     -0.93558      0.07787      0.03899
    135.00000    -70.00000     -0.98219      0.07088      0.05187
    140.00000    -70.00000     -1.02553      0.06189      0.06084
    145.00000    -70.00000     -1.06364      0.05157      0.06504
    150.00000    -70.00000     -1.09468      0.04089      0.06415
    155.00000    -70.00000     -1.11703      0.03105      0.05847
    160.00000    -70.00000     -1.12935      0.02319      0.04899
    165.00000    -70.00000     -1.13073      0.01820      0.03722
    170.00000    -70.00000     -1.12083      0.01656      0.02498
    175.00000    -70.00000     -1.09999      0.01825      0.01412
    180.00000    -70.00000     -1.06940      0.02281      0.00618
    185.00000    -70.00000     -1.03109      0.02942      0.00216
    190.00000    -70.00000     -0.98791      0.03718      0.00243
    195.00000    -70.00000     -0.94334      0.04524      0.00669
    200.00000    -70.00000     -0.90122      0.05299      0.01413
    205.00000    -70.00000     -0.86535      0.06015      0.02363
    210.00000    -70.00000     -0.83907      0.06673      0.03400
    215.00000    -70.00000     -0.82487      0.07291      0.04414
    220.00000    -70.00000     -0.82400      0.07895      0.05320
    225.00000    -70.00000     -0.83630      0.08499      0.06055
    230.00000    -70.00000     -0.86011      0.09104      0.06575
    235.00000    -70.00000     -0.89243      0.09694      0.06847
    240.00000    -70.00000     -0.92924      0.10246      0.06839
    245.00000    -70.00000     -0.96589      0.10738      0.06520
    250.00000    -70.00000     -0.99761      0.11165      0.05865
    255.00000    -70.00000     -1.02009      0.11544      0.04863
    260.00000    -70.00000     -1.02988      0.11913      0.03534
    265.00000    -70.00000     -1.02478      0.12323      0.01935
    270.00000    -70.00000     -1.00408      0.12821      0.00173
    275.00000    -70.00000     -0.96863      0.13432     -0.01608
    280.00000    -70.00000     -0.92074      0.14143     -0.03236
    285.00000    -70.00000     -0.86399      0.14892     -0.04542
    290.00000    -70.00000     -0.80287      0.15576     -0.05386
    295.00000    -70.00000     -0.74242      0.16065     -0.05684
    300.00000    -70.00000     -0.68773      0.16227     -0.05429
    305.00000    -70.00000     -0.64351      0.15959     -0.04692
    310.00000    -70.00000     -0.61367      0.15218     -0.03616
    315.00000    -70.00000     -0.60089      0.14038     -0.02385
    320.00000    -70.00000     -0.60642      0.12539     -0.01196
    325.00000    -70.00000     -0.62990      0.10909     -0.00215
    330.00000    -70.00000     -0.66938      0.09379      0.00452
    335.00000    -70.00000     -0.72154      0.08182      0.00780
    340.00000    -70.00000     -0.78200      0.07506      0.00821
    345.00000    -70.00000     -0.84580      0.07461      0.00693
    350.00000    -70.00000     -0.90792      0.08048      0.00547
    355.00000    -70.00000     -0.96381      0.09162      0.00526
    360.00000    -70.00000     -1.00979      0.10608      0.00726
      0.00000    -65.00000     -1.04909      0.09011     -0.02442
      5.00000    -65.00000     -1.08275      0.12430     -0.01653
     10.00000    -65.00000     -1.09639      0.15477     -0.00416
     15.00000    -65.00000     -1.09217      0.17710      0.01010
     20.00000    -65.00000     -1.07384      0.18861      0.02282
     25.00000    -65.00000     -1.04586      0.18866      0.03055
     30.00000    -65.00000     -1.01253      0.17867      0.03062
     35.00000    -65.00000     -0.97731      0.16157      0.02182
     40.00000    -65.00000     -0.94244      0.14107      0.00459
     45.00000    -65.00000     -0.90890      0.12082     -0.01904
     50.00000    -65.00000     -0.87666      0.10364     -0.04598
     55.00000    -65.00000     -0.84522      0.09115     -0.07274
     60.00000    -65.00000     -0.81408      0.08358     -0.09614
     65.00000    -65.00000     -0.78320      0.08007     -0.11389
     70.00000    -65.00000     -0.75328      0.07908     -0.12491
     75.00000    -65.00000     -0.72575      0.07897     -0.12928
     80.00000    -65.00000     -0.70260      0.07845     -0.12796
     85.00000    -65.00000     -0.68601      0.07691     -0.12240
     90.00000    -65.00000     -0.67793      0.07449     -0.11398
     95.00000    -65.00000     -0.67976      0.07191     -0.10369
    100.00000    -65.00000     -0.69207      0.07011     -0.09193
    105.00000    -65.00000     -0.71451      0.06991     -0.07852
    110.00000    -65.00000     -0.74595      0.07159     -0.06307
    115.00000    -65.00000     -0.78461      0.07476     -0.04525
    120.00000    -65.00000     -0.82838      0.07836     -0.02524
    125.00000    -65.00000     -0.87506      0.08089     -0.00402
    130.00000    -65.00000     -0.92256      0.08082      0.01663
    135.00000    -65.00000     -0.96895      0.07702      0.03435
    140.00000    -65.00000     -1.01249      0.06914      0.04657
    145.00000    -65.00000     -1.05145      0.05779      0.05117
    150.00000    -65.00000     -1.08407      0.04445      0.04698
    155.00000    -65.00000     -1.10841      0.03119      0.03422
    160.00000    -65.00000     -1.12240      0.02015      0.01459
    165.00000    -65.00000     -1.12401      0.01307     -0.00895
    170.00000    -65.00000     -1.11159      0.01082     -0.03274
    175.00000    -65.00000     -1.08426      0.01326     -0.05308
    180.00000    -65.00000     -1.04235      0.01930     -0.06701
    185.00000    -65.00000     -0.98774      0.02727     -0.07282
    190.00000    -65.00000     -0.92402      0.03542     -0.07033
    195.00000    -65.00000     -0.85632      0.04241     -0.06074
    200.00000    -65.00000     -0.79091      0.04764     -0.04628
    205.00000    -65.00000     -0.73452      0.05139     -0.02951
    210.00000    -65.00000     -0.69346      0.05463     -0.01282
    215.00000    -65.00000     -0.67272      0.05864      0.00210
    220.00000    -65.00000     -0.67524      0.06454      0.01439
    225.00000    -65.00000     -0.70133      0.07291      0.02394
    230.00000    -65.00000     -0.74854      0.08353      0.03110
    235.00000    -65.00000     -0.81186      0.09549      0.03621
    240.00000    -65.00000     -0.88427      0.10741      0.03928
    245.00000    -65.00000     -0.95762      0.11788      0.03980
    250.00000    -65.00000     -1.02356      0.12591      0.03685
    255.00000    -65.00000     -1.07453      0.13121      0.02933
    260.00000    -65.00000     -1.10461      0.13432      0.01644
    265.00000    -65.00000     -1.11008      0.13642     -0.00193
    270.00000    -65.00000     -1.08972      0.13894     -0.02485
    275.00000    -65.00000     -1.04490      0.14311     -0.05033
    280.00000    -65.00000     -0.97930      0.14948     -0.07549
    285.00000    -65.00000     -0.89848      0.15757     -0.09708
    290.00000    -65.00000     -0.80941      0.16589     -0.11205
    295.00000    -65.00000     -0.71979      0.17211     -0.11824
    300.00000    -65.00000     -0.63746      0.17363     -0.11486
    305.00000    -65.00000     -0.56972      0.16817     -0.10273
    310.00000    -65.00000     -0.52268      0.15448     -0.08415
    315.00000    -65.00000     -0.50073      0.13280     -0.06254
    320.00000    -65.00000     -0.50598      0.10513     -0.04167
    325.00000    -65.00000     -0.53802      0.07496     -0.02487
    330.00000    -65.00000     -0.59382      0.04683     -0.01435
    335.00000    -65.00000     -0.66796      0.02539     -0.01072
    340.00000    -65.00000     -0.75324      0.01456     -0.01288
    345.00000    -65.00000     -0.84148      0.01661     -0.01836
    350.00000    -65.00000     -0.92458      0.03164     -0.02398
    355.00000    -65.00000     -0.99548      0.05750     -0.02671
    360.00000    -65.00000     -1.04909      0.09011     -0.02442
      0.00000    -60.00000     -1.05741      0.07701     -0.05505
      5.00000    -60.00000     -1.07284      0.13232     -0.04317
     10.00000    -60.00000     -1.06353      0.18086     -0.02389
     15.00000    -60.00000     -1.03565      0.21563     -0.00176
     20.00000    -60.00000     -0.99741      0.23268      0.01736
     25.00000    -60.00000     -0.95727      0.23174      0.02788
     30.00000    -60.00000     -0.92221      0.21594      0.02591
     35.00000    -60.00000     -0.89650      0.19076      0.01029
     40.00000    -60.00000     -0.88117      0.16260     -0.01718
     45.00000    -60.00000     -0.87437      0.13725     -0.05219
     50.00000    -60.00000     -0.87226      0.11866     -0.08906
     55.00000    -60.00000     -0.87036      0.10832     -0.12208
     60.00000    -60.00000     -0.86481      0.10535     -0.14679
     65.00000    -60.00000     -0.85340      0.10707     -0.16089
     70.00000    -60.00000     -0.83602      0.11007     -0.16445
     75.00000    -60.00000     -0.81453      0.11121     -0.15961
     80.00000    -60.00000     -0.79224      0.10852     -0.14972
     85.00000    -60.00000     -0.77297      0.10164     -0.13828
     90.00000    -60.00000     -0.76024      0.09186     -0.12797
     95.00000    -60.00000     -0.75643      0.08159     -0.11997
    100.00000    -60.00000     -0.76247      0.07368     -0.11375
    105.00000    -60.00000     -0.77776      0.07050     -0.10738
    110.00000    -60.00000     -0.80050      0.07326     -0.09826
    115.00000    -60.00000     -0.82820      0.08155     -0.08407
    120.00000    -60.00000     -0.85835      0.09338     -0.06366
    125.00000    -60.00000     -0.88892      0.10563     -0.03773
    130.00000    -60.00000     -0.91869      0.11479     -0.00901
    135.00000    -60.00000     -0.94726      0.11795      0.01818
    140.00000    -60.00000     -0.97483      0.11360      0.03876
    145.00000    -60.00000     -1.00166      0.10207      0.04813
    150.00000    -60.00000     -1.02750      0.08553      0.04340
    155.00000    -60.00000     -1.05115      0.06741      0.02423
    160.00000    -60.00000     -1.07013      0.05152     -0.00679
    165.00000    -60.00000     -1.08090      0.04094     -0.04457
    170.00000    -60.00000     -1.07936      0.03719     -0.08257
    175.00000    -60.00000     -1.06170      0.03984     -0.11423
    180.00000    -60.00000     -1.02546      0.04670     -0.13442
    185.00000    -60.00000     -0.97045      0.05453     -0.14058
    190.00000    -60.00000     -0.89942      0.06011     -0.13314
    195.00000    -60.00000     -0.81815      0.06130     -0.11518
    200.00000    -60.00000     -0.73500      0.05768     -0.09146
    205.00000    -60.00000     -0.65983      0.05074     -0.06707
    210.00000    -60.00000     -0.60257      0.04340     -0.04615
    215.00000    -60.00000     -0.57160      0.03909     -0.03094
    220.00000    -60.00000     -0.57237      0.04065     -0.02157
    225.00000    -60.00000     -0.60632      0.04948     -0.01641
    230.00000    -60.00000     -0.67058      0.06500     -0.01298
    235.00000    -60.00000     -0.75826      0.08489     -0.00902
    240.00000    -60.00000     -0.85940      0.10567     -0.00340
    245.00000    -60.00000     -0.96237      0.12371      0.00335
    250.00000    -60.00000     -1.05548      0.13625      0.00917
    255.00000    -60.00000     -1.12847      0.14215      0.01103
    260.00000    -60.00000     -1.17372      0.14211      0.00591
    265.00000    -60.00000     -1.18689      0.13843     -0.00820
    270.00000    -60.00000     -1.16719      0.13429     -0.03151
    275.00000    -60.00000     -1.11707      0.13273     -0.06207
    280.00000    -60.00000     -1.04161      0.13573     -0.09597
    285.00000    -60.00000     -0.94789      0.14351     -0.12805
    290.00000    -60.00000     -0.84416      0.15426     -0.15293
    295.00000    -60.00000     -0.73927      0.16448     -0.16626
    300.00000    -60.00000     -0.64210      0.16974     -0.16568
    305.00000    -60.00000     -0.56098      0.16579     -0.15144
    310.00000    -60.00000     -0.50323      0.14979     -0.12649
    315.00000    -60.00000     -0.47437      0.12127     -0.09583
    320.00000    -60.00000     -0.47753      0.08261     -0.06545
    325.00000    -60.00000     -0.51275      0.03898     -0.04096
    330.00000    -60.00000     -0.57656     -0.00255     -0.02626
    335.00000    -60.00000     -0.66209     -0.03433     -0.02265
    340.00000    -60.00000     -0.75968     -0.04977     -0.02851
    345.00000    -60.00000     -0.85811     -0.04488     -0.03980
    350.00000    -60.00000     -0.94620     -0.01926     -0.05116
    355.00000    -60.00000     -1.01462      0.02361     -0.05742
    360.00000    -60.00000     -1.05741      0.07701     -0.05505
      0.00000    -55.00000     -1.01325      0.08945     -0.07184
      5.00000    -55.00000     -0.99302      0.16060     -0.05492
     10.00000    -55.00000     -0.94636      0.22110     -0.02802
     15.00000    -55.00000     -0.88502      0.26158      0.00172
     20.00000    -55.00000     -0.82314      0.27741      0.02554
     25.00000    -55.00000     -0.77408      0.26945      0.03562
     30.00000    -55.00000     -0.74743      0.24340      0.02725
     35.00000    -55.00000     -0.74715      0.20806      0.00027
     40.00000    -55.00000     -0.77111      0.17292     -0.04094
     45.00000    -55.00000     -0.81212      0.14580     -0.08861
     50.00000    -55.00000     -0.86011      0.13121     -0.13365
     55.00000    -55.00000     -0.90474      0.12966     -0.16803
     60.00000    -55.00000     -0.93781      0.13811     -0.18669
     65.00000    -55.00000     -0.95488      0.15119     -0.18858
     70.00000    -55.00000     -0.95575      0.16296     -0.17661
     75.00000    -55.00000     -0.94389      0.16852     -0.15655
     80.00000    -55.00000     -0.92506      0.16525     -0.13530
     85.00000    -55.00000     -0.90560      0.15335     -0.11895
     90.00000    -55.00000     -0.89082      0.13561     -0.11128
     95.00000    -55.00000     -0.88386      0.11664     -0.11279
    100.00000    -55.00000     -0.88524      0.10156     -0.12076
    105.00000    -55.00000     -0.89313      0.09473     -0.13000
    110.00000    -55.00000     -0.90410      0.09850     -0.13433
    115.00000    -55.00000     -0.91425      0.11259     -0.12830
    120.00000    -55.00000     -0.92037      0.13401     -0.10880
    125.00000    -55.00000     -0.92088      0.15768     -0.07618
    130.00000    -55.00000     -0.91628      0.17770     -0.03458
    135.00000    -55.00000     -0.90913      0.18886      0.00876
    140.00000    -55.00000     -0.90339      0.18809      0.04501
    145.00000    -55.00000     -0.90330      0.17534      0.06582
    150.00000    -55.00000     -0.91215      0.15368      0.06552
    155.00000    -55.00000     -0.93100      0.12850      0.04269
    160.00000    -55.00000     -0.95792      0.10594      0.00087
    165.00000    -55.00000     -0.98793      0.09106     -0.05208
    170.00000    -55.00000     -1.01368      0.08632     -0.10573
    175.00000    -55.00000     -1.02688      0.09084     -0.14960
    180.00000    -55.00000     -1.02015      0.10064     -0.17572
    185.00000    -55.00000     -0.98895      0.11002     -0.18055
    190.00000    -55.00000     -0.93303      0.11341     -0.16564
    195.00000    -55.00000     -0.85705      0.10728     -0.13701
    200.00000    -55.00000     -0.77024      0.09136     -0.10323
    205.00000    -55.00000     -0.68499      0.06888     -0.07293
    210.00000    -55.00000     -0.61474      0.04563     -0.05249
    215.00000    -55.00000     -0.57149      0.02821     -0.04445
    220.00000    -55.00000     -0.56358      0.02203     -0.04720
    225.00000    -55.00000     -0.59407      0.02966     -0.05590
    230.00000    -55.00000     -0.66013      0.05005     -0.06427
    235.00000    -55.00000     -0.75352      0.07882     -0.06673
    240.00000    -55.00000     -0.86199      0.10958     -0.06016
    245.00000    -55.00000     -0.97147      0.13570     -0.04485
    250.00000    -55.00000     -1.06830      0.15212     -0.02442
    255.00000    -55.00000     -1.14134      0.15663     -0.00473
    260.00000    -55.00000     -1.18338      0.15033      0.00775
    265.00000    -55.00000     -1.19168      0.13711      0.00778
    270.00000    -55.00000     -1.16772      0.12250     -0.00721
    275.00000    -55.00000     -1.11619      0.11204     -0.03630
    280.00000    -55.00000     -1.04373      0.10976     -0.07515
    285.00000    -55.00000     -0.95772      0.11698     -0.11690
    290.00000    -55.00000     -0.86542      0.13193     -0.15362
    295.00000    -55.00000     -0.77358      0.14998     -0.17812
    300.00000    -55.00000     -0.68852      0.16469     -0.18560
    305.00000    -55.00000     -0.61639      0.16942     -0.17481
    310.00000    -55.00000     -0.56315      0.15903     -0.14843
    315.00000    -55.00000     -0.53432      0.13147     -0.11253
    320.00000    -55.00000     -0.53406      0.08874     -0.07512
    325.00000    -55.00000     -0.56399      0.03695     -0.04424
    330.00000    -55.00000     -0.62202     -0.01463     -0.02588
    335.00000    -55.00000     -0.70171     -0.05540     -0.02242
    340.00000    -55.00000     -0.79253     -0.07586     -0.03200
    345.00000    -55.00000     -0.88125     -0.06991     -0.04906
    350.00000    -55.00000     -0.95427     -0.03653     -0.06595
    355.00000    -55.00000     -1.00038      0.01971     -0.07521
    360.00000    -55.00000     -1.01325      0.08945     -0.07184
      0.00000    -50.00000     -0.91717      0.13918     -0.07088
      5.00000    -50.00000     -0.85320      0.21403     -0.04661
     10.00000    -50.00000     -0.76398      0.27436     -0.01080
     15.00000    -50.00000     -0.66750      0.30939      0.02627
     20.00000    -50.00000     -0.58439      0.31469      0.05268
     25.00000    -50.00000     -0.53291      0.29308      0.05857
     30.00000    -50.00000     -0.52454      0.25340      0.03924
     35.00000    -50.00000     -0.56137      0.20785     -0.00324
     40.00000    -50.00000     -0.63603      0.16860     -0.06053
     45.00000    -50.00000     -0.73398      0.14469     -0.12030
     50.00000    -50.00000     -0.83745      0.14008     -0.16971
     55.00000    -50.00000     -0.92981      0.15322     -0.19889
     60.00000    -50.00000     -0.99920      0.17815     -0.20350
     65.00000    -50.00000     -1.04050      0.20652     -0.18559
     70.00000    -50.00000     -1.05541      0.23002     -0.15271
     75.00000    -50.00000     -1.05079      0.24243     -0.11560
     80.00000    -50.00000     -1.03607      0.24093     -0.08520
     85.00000    -50.00000     -1.02031      0.22648     -0.06984
     90.00000    -50.00000     -1.01003      0.20333     -0.07325
     95.00000    -50.00000     -1.00786      0.17783     -0.09376
    100.00000    -50.00000     -1.01240      0.15693     -0.12489
    105.00000    -50.00000     -1.01916      0.14653     -0.15692
    110.00000    -50.00000     -1.02200      0.15006     -0.17928
    115.00000    -50.00000     -1.01495      0.16753     -0.18304
    120.00000    -50.00000     -0.99390      0.19533     -0.16316
    125.00000    -50.00000     -0.95786      0.22690     -0.12002
    130.00000    -50.00000     -0.90958      0.25424     -0.05972
    135.00000    -50.00000     -0.85536      0.26997      0.00689
    140.00000    -50.00000     -0.80402      0.26941      0.06639
    145.00000    -50.00000     -0.76523      0.25210      0.10585
    150.00000    -50.00000     -0.74733      0.22215      0.11610
    155.00000    -50.00000     -0.75528      0.18726      0.09417
    160.00000    -50.00000     -0.78905      0.15645      0.04445
    165.00000    -50.00000     -0.84310      0.13734     -0.02215
    170.00000    -50.00000     -0.90704      0.13363     -0.09079
    175.00000    -50.00000     -0.96757      0.14386     -0.14648
    180.00000    -50.00000     -1.01122      0.16175     -0.17802
    185.00000    -50.00000     -1.02737      0.17821     -0.18084
    190.00000    -50.00000     -1.01080      0.18436     -0.15811
    195.00000    -50.00000     -0.96308      0.17451     -0.11948
    200.00000    -50.00000     -0.89245      0.14824     -0.07808
    205.00000    -50.00000     -0.81231      0.11067     -0.04660
    210.00000    -50.00000     -0.73842      0.07095     -0.03365
    215.00000    -50.00000     -0.68560      0.03948     -0.04145
    220.00000    -50.00000     -0.66469      0.02466     -0.06561
    225.00000    -50.00000     -0.68032      0.03037     -0.09678
    230.00000    -50.00000     -0.73005      0.05488     -0.12371
    235.00000    -50.00000     -0.80502      0.09145     -0.13661
    240.00000    -50.00000     -0.89192      0.13046     -0.12993
    245.00000    -50.00000     -0.97586      0.16216     -0.10377
    250.00000    -50.00000     -1.04336      0.17940     -0.06362
    255.00000    -50.00000     -1.08494      0.17934     -0.01873
    260.00000    -50.00000     -1.09665      0.16388      0.02034
    265.00000    -50.00000     -1.08018      0.13891      0.04438
    270.00000    -50.00000     -1.04174      0.11243      0.04760
    275.00000    -50.00000     -0.98992      0.09244      0.02896
    280.00000    -50.00000     -0.93326      0.08493     -0.00781
    285.00000    -50.00000     -0.87827      0.09242     -0.05502
    290.00000    -50.00000     -0.82842      0.11337     -0.10277
    295.00000    -50.00000     -0.78439      0.14246     -0.14111
    300.00000    -50.00000     -0.74533      0.17173     -0.16229
    305.00000    -50.00000     -0.71071      0.19235     -0.16252
    310.00000    -50.00000     -0.68184      0.19673     -0.14296
    315.00000    -50.00000     -0.66240      0.18056     -0.10946
    320.00000    -50.00000     -0.65769      0.14431     -0.07114
    325.00000    -50.00000     -0.67263      0.09375     -0.03796
    330.00000    -50.00000     -0.70924      0.03907     -0.01800
    335.00000    -50.00000     -0.76451     -0.00710     -0.01503
    340.00000    -50.00000     -0.82964     -0.03277     -0.02741
    345.00000    -50.00000     -0.89115     -0.02964     -0.04844
    350.00000    -50.00000     -0.93382      0.00441     -0.06846
    355.00000    -50.00000     -0.94473      0.06441     -0.07799
    360.00000    -50.00000     -0.91717      0.13918     -0.07088
      0.00000    -45.00000     -0.79405      0.22016     -0.06009
      5.00000    -45.00000     -0.69222      0.28347     -0.02381
     10.00000    -45.00000     -0.56752      0.32973      0.02438
     15.00000    -45.00000     -0.44365      0.34807      0.07047
     20.00000    -45.00000     -0.34723      0.33533      0.09914
     25.00000    -45.00000     -0.30060      0.29676      0.09882
     30.00000    -45.00000     -0.31584      0.24422      0.06569
     35.00000    -45.00000     -0.39162      0.19251      0.00532
     40.00000    -45.00000     -0.51385      0.15511     -0.06872
     45.00000    -45.00000     -0.65986      0.14061     -0.13883
     50.00000    -45.00000     -0.80452      0.15090     -0.18851
     55.00000    -45.00000     -0.92659      0.18142     -0.20714
     60.00000    -45.00000     -1.01325      0.22318     -0.19282
     65.00000    -45.00000     -1.06190      0.26562     -0.15260
     70.00000    -45.00000     -1.07892      0.29942     -0.10008
     75.00000    -45.00000     -1.07631      0.31848     -0.05145
     80.00000    -45.00000     -1.06734      0.32079     -0.02102
     85.00000    -45.00000     -1.06268      0.30826     -0.01769
     90.00000    -45.00000     -1.06788      0.28575     -0.04300
     95.00000    -45.00000     -1.08265      0.25990     -0.09112
    100.00000    -45.00000     -1.10173      0.23771     -0.15051
    105.00000    -45.00000     -1.11677      0.22523     -0.20656
    110.00000    -45.00000     -1.11866      0.22629     -0.24481
    115.00000    -45.00000     -1.09974      0.24148     -0.25394
    120.00000    -45.00000     -1.05557      0.26762     -0.22821
    125.00000    -45.00000     -0.98614      0.29803     -0.16891
    130.00000    -45.00000     -0.89637      0.32393     -0.08459
    135.00000    -45.00000     -0.79585      0.33663      0.01028
    140.00000    -45.00000     -0.69769      0.33022      0.09794
    145.00000    -45.00000     -0.61657      0.30376      0.16119
    150.00000    -45.00000     -0.56607      0.26222      0.18744
    155.00000    -45.00000     -0.55579      0.21546      0.17203
    160.00000    -45.00000     -0.58900      0.17554      0.11982
    165.00000    -45.00000     -0.66128      0.15290      0.04427
    170.00000    -45.00000     -0.76092      0.15284     -0.03584
    175.00000    -45.00000     -0.87093      0.17344     -0.10146
    180.00000    -45.00000     -0.97245      0.20588     -0.13842
    185.00000    -45.00000     -1.04874      0.23715     -0.14140
    190.00000    -45.00000     -1.08871      0.25431     -0.11518
    195.00000    -45.00000     -1.08924      0.24884     -0.07292
    200.00000    -45.00000     -1.05551      0.21960     -0.03188
    205.00000    -45.00000     -0.99952      0.17328     -0.00804
    210.00000    -45.00000     -0.93702      0.12227     -0.01124
    215.00000    -45.00000     -0.88366      0.08060     -0.04231
    220.00000    -45.00000     -0.85141      0.05944     -0.09317
    225.00000    -45.00000     -0.84586      0.06368     -0.14950
    230.00000    -45.00000     -0.86523      0.09064     -0.19511
    235.00000    -45.00000     -0.90108      0.13124     -0.21658
    240.00000    -45.00000     -0.94062      0.17305     -0.20678
    245.00000    -45.00000     -0.97008      0.20418     -0.16632
    250.00000    -45.00000     -0.97830      0.21656     -0.10298
    255.00000    -45.00000     -0.95967      0.20787     -0.02930
    260.00000    -45.00000     -0.91573      0.18165      0.04054
    265.00000    -45.00000     -0.85478      0.14578      0.09391
    270.00000    -45.00000     -0.78975      0.11013      0.12211
    275.00000    -45.00000     -0.73465      0.08408      0.12173
    280.00000    -45.00000     -0.70062      0.07443      0.09498
    285.00000    -45.00000     -0.69283      0.08415      0.04890
    290.00000    -45.00000     -0.70909      0.11198     -0.00611
    295.00000    -45.00000     -0.74079      0.15267     -0.05841
    300.00000    -45.00000     -0.77592      0.19797     -0.09756
    305.00000    -45.00000     -0.80315      0.23809     -0.11660
    310.00000    -45.00000     -0.81578      0.26370     -0.11380
    315.00000    -45.00000     -0.81385      0.26810     -0.09309
    320.00000    -45.00000     -0.80385      0.24919     -0.06308
    325.00000    -45.00000     -0.79580      0.21060     -0.03454
    330.00000    -45.00000     -0.79881      0.16154     -0.01710
    335.00000    -45.00000     -0.81663      0.11489     -0.01599
    340.00000    -45.00000     -0.84503      0.08412     -0.03012
    345.00000    -45.00000     -0.87206      0.07942     -0.05224
    350.00000    -45.00000     -0.88146      0.10456     -0.07123
    355.00000    -45.00000     -0.85814      0.15529     -0.07608
    360.00000    -45.00000     -0.79405      0.22016     -0.06009
      0.00000    -40.00000     -0.68385      0.31090     -0.05721
      5.00000    -40.00000     -0.56137      0.34986     -0.00089
     10.00000    -40.00000     -0.41700      0.37177      0.06710
     15.00000    -40.00000     -0.27887      0.36713      0.12818
     20.00000    -40.00000     -0.17837      0.33480      0.16312
     25.00000    -40.00000     -0.14071      0.28244      0.15865
     30.00000    -40.00000     -0.17725      0.22400      0.11241
     35.00000    -40.00000     -0.28214      0.17519      0.03437
     40.00000    -40.00000     -0.43418      0.14856     -0.05587
     45.00000    -40.00000     -0.60334      0.15004     -0.13509
     50.00000    -40.00000     -0.75947      0.17775     -0.18362
     55.00000    -40.00000     -0.88028      0.22355     -0.19129
     60.00000    -40.00000     -0.95631      0.27616     -0.16027
     65.00000    -40.00000     -0.99138      0.32470     -0.10395
     70.00000    -40.00000     -0.99918      0.36144     -0.04247
     75.00000    -40.00000     -0.99734      0.38289      0.00339
     80.00000    -40.00000     -1.00137      0.38944      0.01807
     85.00000    -40.00000     -1.02027      0.38402     -0.00500
     90.00000    -40.00000     -1.05481      0.37078     -0.06229
     95.00000    -40.00000     -1.09856      0.35407     -0.14182
    100.00000    -40.00000     -1.14061      0.33810     -0.22643
    105.00000    -40.00000     -1.16889      0.32675     -0.29775
    110.00000    -40.00000     -1.17300      0.32309     -0.33981
    115.00000    -40.00000     -1.14599      0.32860     -0.34180
    120.00000    -40.00000     -1.08524      0.34207     -0.29981
    125.00000    -40.00000     -0.99271      0.35893     -0.21760
    130.00000    -40.00000     -0.87494      0.37175     -0.10625
    135.00000    -40.00000     -0.74274      0.37210      0.01721
    140.00000    -40.00000     -0.61062      0.35343      0.13256
    145.00000    -40.00000     -0.49533      0.31412      0.22018
    150.00000    -40.00000     -0.41352      0.25925      0.26537
    155.00000    -40.00000     -0.37873      0.20012      0.26213
    160.00000    -40.00000     -0.39834      0.15131      0.21506
    165.00000    -40.00000     -0.47136      0.12606      0.13866
    170.00000    -40.00000     -0.58792      0.13152      0.05368
    175.00000    -40.00000     -0.73081      0.16574     -0.01858
    180.00000    -40.00000     -0.87886      0.21769     -0.06240
    185.00000    -40.00000     -1.01132      0.27051     -0.07214
    190.00000    -40.00000     -1.11202      0.30701     -0.05370
    195.00000    -40.00000     -1.17242      0.31542     -0.02226
    200.00000    -40.00000     -1.19257      0.29332      0.00301
    205.00000    -40.00000     -1.18004      0.24831      0.00542
    210.00000    -40.00000     -1.14713      0.19519     -0.02364
    215.00000    -40.00000     -1.10723      0.15071     -0.08194
    220.00000    -40.00000     -1.07126      0.12787     -0.15715
    225.00000    -40.00000     -1.04495      0.13177     -0.23073
    230.00000    -40.00000     -1.02773      0.15844     -0.28358
    235.00000    -40.00000     -1.01318      0.19679     -0.30134
    240.00000    -40.00000     -0.99122      0.23281     -0.27797
    245.00000    -40.00000     -0.95129      0.25426     -0.21660
    250.00000    -40.00000     -0.88606      0.25435     -0.12797
    255.00000    -40.00000     -0.79457      0.23312     -0.02717
    260.00000    -40.00000     -0.68398      0.19665      0.06987
    265.00000    -40.00000     -0.56914      0.15461      0.14939
    270.00000    -40.00000     -0.46976      0.11727      0.20169
    275.00000    -40.00000     -0.40572      0.09315      0.22196
    280.00000    -40.00000     -0.39152      0.08765      0.21042
    285.00000    -40.00000     -0.43174      0.10264      0.17194
    290.00000    -40.00000     -0.51879      0.13679      0.11525
    295.00000    -40.00000     -0.63421      0.18586      0.05165
    300.00000    -40.00000     -0.75332      0.24319     -0.00697
    305.00000    -40.00000     -0.85198      0.30020     -0.05064
    310.00000    -40.00000     -0.91340      0.34748     -0.07377
    315.00000    -40.00000     -0.93265      0.37657     -0.07674
    320.00000    -40.00000     -0.91722      0.38215     -0.06578
    325.00000    -40.00000     -0.88338      0.36408     -0.05093
    330.00000    -40.00000     -0.84941      0.32831     -0.04235
    335.00000    -40.00000     -0.82824      0.28592     -0.04633
    340.00000    -40.00000     -0.82218      0.25032     -0.06243
    345.00000    -40.00000     -0.82181      0.23312     -0.08310
    350.00000    -40.00000     -0.80965      0.24022     -0.09623
    355.00000    -40.00000     -0.76735      0.26947     -0.08981
    360.00000    -40.00000     -0.68385      0.31090     -0.05721
      0.00000    -35.00000     -0.62471      0.38529     -0.08387
      5.00000    -35.00000     -0.50041      0.39415      0.00432
     10.00000    -35.00000     -0.35129      0.38923      0.10462
     15.00000    -35.00000     -0.20889      0.36338      0.19259
     20.00000    -35.00000     -0.10840      0.31776      0.24396
     25.00000    -35.00000     -0.07698      0.26184      0.24309
     30.00000    -35.00000     -0.12451      0.21018      0.18889
     35.00000    -35.00000     -0.24031      0.17715      0.09593
     40.00000    -35.00000     -0.39676      0.17186     -0.00991
     45.00000    -35.00000     -0.55855      0.19518     -0.09980
     50.00000    -35.00000     -0.69392      0.24001     -0.15137
     55.00000    -35.00000     -0.78402      0.29445     -0.15576
     60.00000    -35.00000     -0.82717      0.34630     -0.12006
     65.00000    -35.00000     -0.83693      0.38709     -0.06420
     70.00000    -35.00000     -0.83537      0.41404     -0.01399
     75.00000    -35.00000     -0.84424      0.42936      0.00743
     80.00000    -35.00000     -0.87739      0.43778     -0.01346
     85.00000    -35.00000     -0.93693      0.44351     -0.07724
     90.00000    -35.00000     -1.01388      0.44830     -0.17229
     95.00000    -35.00000     -1.09236      0.45133     -0.27896
    100.00000    -35.00000     -1.15523      0.45065     -0.37519
    105.00000    -35.00000     -1.18890      0.44512     -0.44158
    110.00000    -35.00000     -1.18592      0.43567     -0.46486
    115.00000    -35.00000     -1.14501      0.42489     -0.43926
    120.00000    -35.00000     -1.06943      0.41525     -0.36641
    125.00000    -35.00000     -0.96499      0.40682     -0.25435
    130.00000    -35.00000     -0.83896      0.39606     -0.11641
    135.00000    -35.00000     -0.69999      0.37651      0.03015
    140.00000    -35.00000     -0.55890      0.34166      0.16607
    145.00000    -35.00000     -0.42909      0.28875      0.27286
    150.00000    -35.00000     -0.32587      0.22181      0.33629
    155.00000    -35.00000     -0.26421      0.15221      0.34988
    160.00000    -35.00000     -0.25555      0.09605      0.31700
    165.00000    -35.00000     -0.30460      0.06893      0.25058
    170.00000    -35.00000     -0.40748      0.08005      0.16987
    175.00000    -35.00000     -0.55184      0.12808      0.09499
    180.00000    -35.00000     -0.71923      0.20060      0.04083
    185.00000    -35.00000     -0.88894      0.27765      0.01249
    190.00000    -35.00000     -1.04205      0.33824      0.00410
    195.00000    -35.00000     -1.16480      0.36740      0.00141
    200.00000    -35.00000     -1.25019      0.36105     -0.01244
    205.00000    -35.00000     -1.29784      0.32691     -0.05027
    210.00000    -35.00000     -1.31236      0.28104     -0.11554
    215.00000    -35.00000     -1.30098      0.24150     -0.20056
    220.00000    -35.00000     -1.27098      0.22173     -0.28855
    225.00000    -35.00000     -1.22764      0.22596     -0.35897
    230.00000    -35.00000     -1.17296      0.24854     -0.39380
    235.00000    -35.00000     -1.10542      0.27695     -0.38277
    240.00000    -35.00000     -1.02081      0.29716     -0.32572
    245.00000    -35.00000     -0.91427      0.29899     -0.23169
    250.00000    -35.00000     -0.78311      0.27945     -0.11557
    255.00000    -35.00000     -0.62987      0.24306      0.00612
    260.00000    -35.00000     -0.46455      0.19939      0.11869
    265.00000    -35.00000     -0.30500      0.15930      0.21119
    270.00000    -35.00000     -0.17464      0.13150      0.27661
    275.00000    -35.00000     -0.09750      0.12079      0.31120
    280.00000    -35.00000     -0.09166      0.12821      0.31387
    285.00000    -35.00000     -0.16302      0.15244      0.28620
    290.00000    -35.00000     -0.30157      0.19133      0.23301
    295.00000    -35.00000     -0.48215      0.24256      0.16265
    300.00000    -35.00000     -0.66987      0.30312      0.08629
    305.00000    -35.00000     -0.82912      0.36825      0.01583
    310.00000    -35.00000     -0.93327      0.43075     -0.03925
    315.00000    -35.00000     -0.97200      0.48168     -0.07473
    320.00000    -35.00000     -0.95323      0.51253     -0.09297
    325.00000    -35.00000     -0.89913      0.51825     -0.10168
    330.00000    -35.00000     -0.83717      0.49972     -0.11026
    335.00000    -35.00000     -0.78964      0.46431     -0.12513
    340.00000    -35.00000     -0.76541      0.42399     -0.14596
    345.00000    -35.00000     -0.75715      0.39124     -0.16463
    350.00000    -35.00000     -0.74514      0.37448     -0.16793
    355.00000    -35.00000     -0.70624      0.37476     -0.14303
    360.00000    -35.00000     -0.62471      0.38529     -0.08387
      0.00000    -30.00000     -0.63672      0.42652     -0.15806
      5.00000    -30.00000     -0.51772      0.40828     -0.02300
     10.00000    -30.00000     -0.36593      0.38254      0.12690
     15.00000    -30.00000     -0.21658      0.34482      0.25949
     20.00000    -30.00000     -0.10900      0.29830      0.34364
     25.00000    -30.00000     -0.07246      0.25335      0.35969
     30.00000    -30.00000     -0.11556      0.22355      0.30668
     35.00000    -30.00000     -0.22331      0.21989      0.20313
     40.00000    -30.00000     -0.36296      0.24580      0.08091
     45.00000    -30.00000     -0.49619      0.29522     -0.02572
     50.00000    -30.00000     -0.59284      0.35476     -0.09178
     55.00000    -30.00000     -0.64096      0.40891     -0.10968
     60.00000    -30.00000     -0.64948      0.44610     -0.09093
     65.00000    -30.00000     -0.64291      0.46295     -0.06085
     70.00000    -30.00000     -0.65048      0.46484     -0.04865
     75.00000    -30.00000     -0.69427      0.46272     -0.07664
     80.00000    -30.00000     -0.78085      0.46758     -0.15255
     85.00000    -30.00000     -0.89938      0.48531     -0.26737
     90.00000    -30.00000     -1.02623      0.51407     -0.39902
     95.00000    -30.00000     -1.13384      0.54537     -0.51974
    100.00000    -30.00000     -1.19998      0.56815     -0.60440
    105.00000    -30.00000     -1.21396      0.57377     -0.63658
    110.00000    -30.00000     -1.17776      0.55955     -0.61101
    115.00000    -30.00000     -1.10262      0.52927     -0.53235
    120.00000    -30.00000     -1.00309      0.49039     -0.41185
    125.00000    -30.00000     -0.89145      0.44971     -0.26375
    130.00000    -30.00000     -0.77482      0.40966     -0.10285
    135.00000    -30.00000     -0.65574      0.36729      0.05647
    140.00000    -30.00000     -0.53530      0.31657      0.20043
    145.00000    -30.00000     -0.41693      0.25302      0.31630
    150.00000    -30.00000     -0.30884      0.17832      0.39379
    155.00000    -30.00000     -0.22372      0.10241      0.42725
    160.00000    -30.00000     -0.17607      0.04160      0.41767
    165.00000    -30.00000     -0.17807      0.01319      0.37311
    170.00000    -30.00000     -0.23579      0.02848      0.30682
    175.00000    -30.00000     -0.34717      0.08746      0.23319
    180.00000    -30.00000     -0.50221      0.17735      0.16296
    185.00000    -30.00000     -0.68508      0.27621      0.09969
    190.00000    -30.00000     -0.87725      0.36011      0.03912
    195.00000    -30.00000     -1.06039      0.41135     -0.02798
    200.00000    -30.00000     -1.21866      0.42413     -0.11044
    205.00000    -30.00000     -1.33993      0.40567     -0.21109
    210.00000    -30.00000     -1.41646      0.37222     -0.32314
    215.00000    -30.00000     -1.44500      0.34185     -0.43057
    220.00000    -30.00000     -1.42669      0.32710     -0.51231
    225.00000    -30.00000     -1.36633      0.33038     -0.54892
    230.00000    -30.00000     -1.27115      0.34411     -0.52905
    235.00000    -30.00000     -1.14888      0.35498     -0.45319
    240.00000    -30.00000     -1.00602      0.35044     -0.33335
    245.00000    -30.00000     -0.84682      0.32451     -0.18902
    250.00000    -30.00000     -0.67397      0.28025     -0.04112
    255.00000    -30.00000     -0.49092      0.22836      0.09344
    260.00000    -30.00000     -0.30511      0.18255      0.20471
    265.00000    -30.00000     -0.13046      0.15418      0.28936
    270.00000    -30.00000      0.01251      0.14843      0.34792
    275.00000    -30.00000      0.10006      0.16365      0.38144
    280.00000    -30.00000      0.11175      0.19371      0.38944
    285.00000    -30.00000      0.03805      0.23196      0.37016
    290.00000    -30.00000     -0.11380      0.27456      0.32280
    295.00000    -30.00000     -0.31852      0.32155      0.25025
    300.00000    -30.00000     -0.53748      0.37523      0.16039
    305.00000    -30.00000     -0.72867      0.43687      0.06504
    310.00000    -30.00000     -0.85858      0.50367     -0.02344
    315.00000    -30.00000     -0.91214      0.56775     -0.09633
    320.00000    -30.00000     -0.89659      0.61806     -0.15144
    325.00000    -30.00000     -0.83769      0.64439     -0.19298
    330.00000    -30.00000     -0.76936      0.64169     -0.22828
    335.00000    -30.00000     -0.72048      0.61262     -0.26252
    340.00000    -30.00000     -0.70395      0.56688     -0.29416
    345.00000    -30.00000     -0.71239      0.51750     -0.31339
    350.00000    -30.00000     -0.72209      0.47564     -0.30503
    355.00000    -30.00000     -0.70393      0.44622     -0.25501
    360.00000    -30.00000     -0.63672      0.42652     -0.15806
      0.00000    -25.00000     -0.71378      0.43686     -0.28798
      5.00000    -25.00000     -0.58483      0.40091     -0.08984
     10.00000    -25.00000     -0.41082      0.36561      0.12947
     15.00000    -25.00000     -0.23322      0.32872      0.32790
     20.00000    -25.00000     -0.09768      0.29481      0.46494
     25.00000    -25.00000     -0.03728      0.27433      0.51457
     30.00000    -25.00000     -0.06059      0.27883      0.47400
     35.00000    -25.00000     -0.14939      0.31471      0.36427
     40.00000    -25.00000     -0.26685      0.37851      0.22248
     45.00000    -25.00000     -0.37285      0.45627      0.08828
     50.00000    -25.00000     -0.44005      0.52780     -0.01017
     55.00000    -25.00000     -0.46421      0.57419     -0.06535
     60.00000    -25.00000     -0.46468      0.58551     -0.09130
     65.00000    -25.00000     -0.47509      0.56515     -0.11616
     70.00000    -25.00000     -0.52824      0.52875     -0.16944
     75.00000    -25.00000     -0.64145      0.49798     -0.26923
     80.00000    -25.00000     -0.80832      0.49166     -0.41422
     85.00000    -25.00000     -0.99995      0.51800     -0.58342
     90.00000    -25.00000     -1.17492      0.57129     -0.74315
     95.00000    -25.00000     -1.29371      0.63429     -0.85832
    100.00000    -25.00000     -1.33196      0.68527     -0.90343
    105.00000    -25.00000     -1.28744      0.70657     -0.86932
    110.00000    -25.00000     -1.17864      0.69088     -0.76378
    115.00000    -25.00000     -1.03626      0.64277     -0.60678
    120.00000    -25.00000     -0.89145      0.57510     -0.42279
    125.00000    -25.00000     -0.76552      0.50229     -0.23376
    130.00000    -25.00000     -0.66502      0.43378     -0.05498
    135.00000    -25.00000     -0.58313      0.37084      0.10518
    140.00000    -25.00000     -0.50618      0.30819      0.24292
    145.00000    -25.00000     -0.42195      0.23924      0.35592
    150.00000    -25.00000     -0.32639      0.16246      0.44136
    155.00000    -25.00000     -0.22632      0.08520      0.49593
    160.00000    -25.00000     -0.13773      0.02299      0.51719
    165.00000    -25.00000     -0.08088     -0.00585      0.50507
    170.00000    -25.00000     -0.07447      0.01197      0.46215
    175.00000    -25.00000     -0.13071      0.07811      0.39232
    180.00000    -25.00000     -0.25261      0.18021      0.29872
    185.00000    -25.00000     -0.43337      0.29525      0.18221
    190.00000    -25.00000     -0.65747      0.39724      0.04189
    195.00000    -25.00000     -0.90264      0.46629     -0.12204
    200.00000    -25.00000     -1.14239      0.49507     -0.30426
    205.00000    -25.00000     -1.34915      0.49006     -0.49108
    210.00000    -25.00000     -1.49813      0.46716     -0.66012
    215.00000    -25.00000     -1.57146      0.44376     -0.78411
    220.00000    -25.00000     -1.56183      0.43088     -0.83793
    225.00000    -25.00000     -1.47420      0.42881     -0.80665
    230.00000    -25.00000     -1.32463      0.42811     -0.69137
    235.00000    -25.00000     -1.13602      0.41525     -0.51023
    240.00000    -25.00000     -0.93192      0.38023     -0.29403
    245.00000    -25.00000     -0.73067      0.32243     -0.07757
    250.00000    -25.00000     -0.54202      0.25212      0.10989
    255.00000    -25.00000     -0.36790      0.18689      0.25156
    260.00000    -25.00000     -0.20683      0.14473      0.34512
    265.00000    -25.00000     -0.06002      0.13684      0.39928
    270.00000    -25.00000      0.06397      0.16362      0.42699
    275.00000    -25.00000      0.14874      0.21525      0.43833
    280.00000    -25.00000      0.17465      0.27672      0.43628
    285.00000    -25.00000      0.12705      0.33461      0.41688
    290.00000    -25.00000      0.00485      0.38253      0.37326
    295.00000    -25.00000     -0.17489      0.42275      0.30111
    300.00000    -25.00000     -0.37888      0.46337      0.20269
    305.00000    -25.00000     -0.56642      0.51269      0.08736
    310.00000    -25.00000     -0.70216      0.57348     -0.03165
    315.00000    -25.00000     -0.76792      0.64013     -0.14239
    320.00000    -25.00000     -0.76862      0.70000     -0.23854
    325.00000    -25.00000     -0.72961      0.73842     -0.32045
    330.00000    -25.00000     -0.68583      0.74488     -0.39222
    335.00000    -25.00000     -0.66717      0.71759     -0.45617
    340.00000    -25.00000     -0.68576      0.66416     -0.50760
    345.00000    -25.00000     -0.73064      0.59825     -0.53309
    350.00000    -25.00000     -0.77225      0.53378     -0.51389
    355.00000    -25.00000     -0.77515      0.47957     -0.43374
    360.00000    -25.00000     -0.71378      0.43686     -0.28798
      0.00000    -20.00000     -0.82771      0.43795     -0.46922
      5.00000    -20.00000     -0.64876      0.39469     -0.19368
     10.00000    -20.00000     -0.41080      0.36038      0.11330
     15.00000    -20.00000     -0.16619      0.33412      0.39764
     20.00000    -20.00000      0.02911      0.32131      0.60690
     25.00000    -20.00000      0.13516      0.33210      0.70612
     30.00000    -20.00000      0.14139      0.37595      0.68827
     35.00000    -20.00000      0.06825      0.45477      0.57517
     40.00000    -20.00000     -0.04345      0.55834      0.40823
     45.00000    -20.00000     -0.15092      0.66495      0.23260
     50.00000    -20.00000     -0.22784      0.74765      0.08086
     55.00000    -20.00000     -0.27484      0.78411     -0.03726
     60.00000    -20.00000     -0.31793      0.76596     -0.13537
     65.00000    -20.00000     -0.39529      0.70329     -0.24106
     70.00000    -20.00000     -0.53839      0.62212     -0.38094
     75.00000    -20.00000     -0.75518      0.55521     -0.56626
     80.00000    -20.00000     -1.02260      0.52986     -0.78501
     85.00000    -20.00000     -1.29166      0.55756     -1.00364
     90.00000    -20.00000     -1.50315      0.62969     -1.17762
     95.00000    -20.00000     -1.60772      0.72107     -1.26635
    100.00000    -20.00000     -1.58271      0.79979     -1.24668
    105.00000    -20.00000     -1.43921      0.83913     -1.11997
    110.00000    -20.00000     -1.21729      0.82666     -0.91047
    115.00000    -20.00000     -0.97150      0.76693     -0.65639
    120.00000    -20.00000     -0.75271      0.67728     -0.39750
    125.00000    -20.00000     -0.59290      0.57894     -0.16414
    130.00000    -20.00000     -0.49817      0.48788      0.02866
    135.00000    -20.00000     -0.45128      0.40954      0.18073
    140.00000    -20.00000     -0.42197      0.33946      0.30134
    145.00000    -20.00000     -0.38015      0.26922      0.40189
    150.00000    -20.00000     -0.30726      0.19418      0.48972
    155.00000    -20.00000     -0.20221      0.11905      0.56508
    160.00000    -20.00000     -0.08099      0.05829      0.62155
    165.00000    -20.00000      0.02876      0.03083      0.64854
    170.00000    -20.00000      0.09559      0.05158      0.63438
    175.00000    -20.00000      0.09197      0.12362      0.56874
    180.00000    -20.00000      0.00024      0.23501      0.44429
    185.00000    -20.00000     -0.18363      0.36180      0.25824
    190.00000    -20.00000     -0.44839      0.47619      0.01449
    195.00000    -20.00000     -0.76783      0.55633     -0.27376
    200.00000    -20.00000     -1.10323      0.59353     -0.58198
    205.00000    -20.00000     -1.40845      0.59365     -0.87463
    210.00000    -20.00000     -1.63770      0.57242     -1.10942
    215.00000    -20.00000     -1.75482      0.54685     -1.24548
    220.00000    -20.00000     -1.74205      0.52697     -1.25384
    225.00000    -20.00000     -1.60516      0.51160     -1.12672
    230.00000    -20.00000     -1.37275      0.49016     -0.88210
    235.00000    -20.00000     -1.08905      0.44950     -0.56113
    240.00000    -20.00000     -0.80196      0.38238     -0.21844
    245.00000    -20.00000     -0.55028      0.29346      0.09189
    250.00000    -20.00000     -0.35449      0.19975      0.32994
    255.00000    -20.00000     -0.21460      0.12516      0.47871
    260.00000    -20.00000     -0.11561      0.09135      0.54484
    265.00000    -20.00000     -0.03811      0.10905      0.55179
    270.00000    -20.00000      0.03052      0.17373      0.52829
    275.00000    -20.00000      0.08942      0.26750      0.49697
    280.00000    -20.00000      0.12482      0.36650      0.46729
    285.00000    -20.00000      0.11767      0.45036      0.43524
    290.00000    -20.00000      0.05469      0.50961      0.38883
    295.00000    -20.00000     -0.06255      0.54788      0.31629
    300.00000    -20.00000     -0.21495      0.57807      0.21286
    305.00000    -20.00000     -0.37145      0.61460      0.08328
    310.00000    -20.00000     -0.50060      0.66537     -0.06075
    315.00000    -20.00000     -0.58323      0.72722     -0.20625
    320.00000    -20.00000     -0.62022      0.78683     -0.34418
    325.00000    -20.00000     -0.63149      0.82652     -0.47144
    330.00000    -20.00000     -0.64619      0.83200     -0.58821
    335.00000    -20.00000     -0.68801      0.79860     -0.69228
    340.00000    -20.00000     -0.76218      0.73304     -0.77360
    345.00000    -20.00000     -0.85022      0.65017     -0.81285
    350.00000    -20.00000     -0.91528      0.56662     -0.78578
    355.00000    -20.00000     -0.91671      0.49447     -0.67268
    360.00000    -20.00000     -0.82771      0.43795     -0.46922
      0.00000    -15.00000     -0.94171      0.46071     -0.68582
      5.00000    -15.00000     -0.65667      0.41562     -0.32415
     10.00000    -15.00000     -0.30047      0.38626      0.08216
     15.00000    -15.00000      0.05791      0.37222      0.46553
     20.00000    -15.00000      0.34739      0.37944      0.75984
     25.00000    -15.00000      0.51763      0.41821      0.91910
     30.00000    -15.00000      0.55393      0.49685      0.93007
     35.00000    -15.00000      0.47846      0.61408      0.81364
     40.00000    -15.00000      0.33732      0.75442      0.61467
     45.00000    -15.00000      0.17901      0.88953      0.38409
     50.00000    -15.00000      0.03371      0.98621      0.16052
     55.00000    -15.00000     -0.09809      1.01828     -0.04133
     60.00000    -15.00000     -0.24247      0.97754     -0.23124
     65.00000    -15.00000     -0.43625      0.87879     -0.43298
     70.00000    -15.00000     -0.70512      0.75632     -0.66786
     75.00000    -15.00000     -1.04548      0.65248     -0.93926
     80.00000    -15.00000     -1.41794      0.60266     -1.22498
     85.00000    -15.00000     -1.75593      0.62257     -1.48075
     90.00000    -15.00000     -1.98621      0.70282     -1.65365
     95.00000    -15.00000     -2.05366      0.81304     -1.70002
    100.00000    -15.00000     -1.94055      0.91361     -1.60101
    105.00000    -15.00000     -1.67317      0.97030     -1.36960
    110.00000    -15.00000     -1.31350      0.96561     -1.04691
    115.00000    -15.00000     -0.93928      0.90282     -0.68927
    120.00000    -15.00000     -0.62021      0.80149     -0.35146
    125.00000    -15.00000     -0.39869      0.68728     -0.07197
    130.00000    -15.00000     -0.28126      0.58080      0.13467
    135.00000    -15.00000     -0.24245      0.49079      0.27679
    140.00000    -15.00000     -0.23842      0.41400      0.37730
    145.00000    -15.00000     -0.22429      0.34133      0.46215
    150.00000    -15.00000     -0.16929      0.26659      0.54969
    155.00000    -15.00000     -0.06528      0.19321      0.64445
    160.00000    -15.00000      0.07253      0.13530      0.73610
    165.00000    -15.00000      0.21134      0.11242      0.80289
    170.00000    -15.00000      0.30986      0.14043      0.81757
    175.00000    -15.00000      0.32811      0.22286      0.75398
    180.00000    -15.00000      0.23599      0.34709      0.59298
    185.00000    -15.00000      0.01999      0.48727      0.32766
    190.00000    -15.00000     -0.31230      0.61302     -0.03269
    195.00000    -15.00000     -0.73024      0.70010     -0.46012
    200.00000    -15.00000     -1.18199      0.73828     -0.90845
    205.00000    -15.00000     -1.60116      0.73307     -1.31775
    210.00000    -15.00000     -1.91847      0.70074     -1.62381
    215.00000    -15.00000     -2.07686      0.65922     -1.77113
    220.00000    -15.00000     -2.04616      0.61921     -1.72694
    225.00000    -15.00000     -1.83271      0.57984     -1.49164
    230.00000    -15.00000     -1.47979      0.53084     -1.10178
    235.00000    -15.00000     -1.05756      0.46008     -0.62340
    240.00000    -15.00000     -0.64465      0.36271     -0.13689
    245.00000    -15.00000     -0.30718      0.24726      0.28264
    250.00000    -15.00000     -0.08210      0.13554      0.58317
    255.00000    -15.00000      0.02934      0.05585      0.74621
    260.00000    -15.00000      0.05603      0.03235      0.78660
    265.00000    -15.00000      0.04178      0.07529      0.74235
    270.00000    -15.00000      0.02674      0.17643      0.65862
    275.00000    -15.00000      0.03272      0.31179      0.57207
    280.00000    -15.00000      0.05795      0.45068      0.50093
    285.00000    -15.00000      0.08242      0.56707      0.44365
    290.00000    -15.00000      0.08055      0.64837      0.38533
    295.00000    -15.00000      0.03499      0.69808      0.30808
    300.00000    -15.00000     -0.05504      0.73137      0.20020
    305.00000    -15.00000     -0.17429      0.76596      0.06058
    310.00000    -15.00000     -0.30007      0.81261     -0.10277
    315.00000    -15.00000     -0.41428      0.86956     -0.27821
    320.00000    -15.00000     -0.51231      0.92324     -0.45599
    325.00000    -15.00000     -0.60415      0.95468     -0.63053
    330.00000    -15.00000     -0.70661      0.94833     -0.79786
    335.00000    -15.00000     -0.83028      0.89916     -0.94999
    340.00000    -15.00000     -0.96777      0.81489     -1.06962
    345.00000    -15.00000     -1.08968      0.71251     -1.12949
    350.00000    -15.00000     -1.15159      0.61124     -1.09825
    355.00000    -15.00000     -1.11007      0.52539     -0.95178
    360.00000    -15.00000     -0.94171      0.46071     -0.68582
      0.00000    -10.00000     -1.02575      0.52966     -0.91410
      5.00000    -10.00000     -0.58062      0.47973     -0.46659
     10.00000    -10.00000     -0.05711      0.44982      0.03936
     15.00000    -10.00000      0.45426      0.43960      0.52260
     20.00000    -10.00000      0.86341      0.45582      0.90302
     25.00000    -10.00000      1.10675      0.50987      1.12302
     30.00000    -10.00000      1.16406      0.61055      1.16213
     35.00000    -10.00000      1.05945      0.75557      1.03926
     40.00000    -10.00000      0.84655      0.92638      0.80204
     45.00000    -10.00000      0.58415      1.08982      0.50744
     50.00000    -10.00000      0.31269      1.20721      0.20156
     55.00000    -10.00000      0.04146      1.24780     -0.09344
     60.00000    -10.00000     -0.24848      1.20126     -0.38058
     65.00000    -10.00000     -0.58717      1.08363     -0.67749
     70.00000    -10.00000     -0.99244      0.93362     -0.99924
     75.00000    -10.00000     -1.45088      0.80002     -1.34237
     80.00000    -10.00000     -1.91200      0.72490     -1.67735
     85.00000    -10.00000     -2.29878      0.72894     -1.95315
     90.00000    -10.00000     -2.53101      0.80474     -2.11225
     95.00000    -10.00000     -2.55251      0.92068     -2.11052
    100.00000    -10.00000     -2.35153      1.03337     -1.93385
    105.00000    -10.00000     -1.96663      1.10363     -1.60523
    110.00000    -10.00000     -1.47572      1.10952     -1.17942
    115.00000    -10.00000     -0.97272      1.05140     -0.72734
    120.00000    -10.00000     -0.54044      0.94798     -0.31590
    125.00000    -10.00000     -0.22911      0.82579      0.00955
    130.00000    -10.00000     -0.04741      0.70741      0.23446
    135.00000    -10.00000      0.03267      0.60377      0.37373
    140.00000    -10.00000      0.06028      0.51357      0.46137
    145.00000    -10.00000      0.08630      0.42932      0.53556
    150.00000    -10.00000      0.14646      0.34621      0.62435
    155.00000    -10.00000      0.25197      0.26902      0.73636
    160.00000    -10.00000      0.38831      0.21322      0.85826
    165.00000    -10.00000      0.52094      0.19933      0.95863
    170.00000    -10.00000      0.60456      0.24333      0.99628
    175.00000    -10.00000      0.59340      0.34754      0.93047
    180.00000    -10.00000      0.45087      0.49655      0.73104
    185.00000    -10.00000      0.15816      0.66061      0.38704
    190.00000    -10.00000     -0.27870      0.80504     -0.08724
    195.00000    -10.00000     -0.82439      0.90190     -0.64998
    200.00000    -10.00000     -1.41463      0.93874     -1.23450
    205.00000    -10.00000     -1.96350      0.92076     -1.75791
    210.00000    -10.00000     -2.37825      0.86570     -2.13527
    215.00000    -10.00000     -2.57974      0.79413     -2.29733
    220.00000    -10.00000     -2.52344      0.71987     -2.20753
    225.00000    -10.00000     -2.21417      0.64493     -1.87345
    230.00000    -10.00000     -1.70876      0.56142     -1.34820
    235.00000    -10.00000     -1.10400      0.45910     -0.72023
    240.00000    -10.00000     -0.51237      0.33483     -0.09323
    245.00000    -10.00000     -0.03268      0.19893      0.43812
    250.00000    -10.00000      0.27486      0.07503      0.80967
    255.00000    -10.00000      0.40096     -0.00694      0.99976
    260.00000    -10.00000      0.38307     -0.02187      1.02848
    265.00000    -10.00000      0.28684      0.04030      0.94499
    270.00000    -10.00000      0.18062      0.16980      0.80813
    275.00000    -10.00000      0.11260      0.34003      0.66733
    280.00000    -10.00000      0.09849      0.51709      0.55007
    285.00000    -10.00000      0.12301      0.67171      0.45941
    290.00000    -10.00000      0.15276      0.78866      0.38047
    295.00000    -10.00000      0.15355      0.86952      0.29194
    300.00000    -10.00000      0.10440      0.92821      0.17680
    305.00000    -10.00000      0.00273      0.98155      0.02830
    310.00000    -10.00000     -0.13998      1.03952     -0.15042
    315.00000    -10.00000     -0.30811      1.09964     -0.35099
    320.00000    -10.00000     -0.49111      1.14792     -0.56481
    325.00000    -10.00000     -0.68636      1.16572     -0.78503
    330.00000    -10.00000     -0.89405      1.13881     -1.00381
    335.00000    -10.00000     -1.10701      1.06461     -1.20673
    340.00000    -10.00000     -1.30153      0.95393     -1.36827
    345.00000    -10.00000     -1.43575      0.82687     -1.45226
    350.00000    -10.00000     -1.45849      0.70506     -1.41960
    355.00000    -10.00000     -1.32687      0.60404     -1.24158
    360.00000    -10.00000     -1.02575      0.52966     -0.91410
      0.00000     -5.00000     -1.06484      0.64946     -1.12744
      5.00000     -5.00000     -0.42937      0.58401     -0.60554
     10.00000     -5.00000      0.28509      0.54050     -0.01394
     15.00000     -5.00000      0.96456      0.51885      0.55441
     20.00000     -5.00000      1.49867      0.52727      1.00724
     25.00000     -5.00000      1.80990      0.57937      1.27668
     30.00000     -5.00000      1.87230      0.68612      1.33556
     35.00000     -5.00000      1.71279      0.84628      1.20062
     40.00000     -5.00000      1.39487      1.04052      0.92182
     45.00000     -5.00000      0.99184      1.23283      0.56207
     50.00000     -5.00000      0.56032      1.37999      0.17567
     55.00000     -5.00000      0.12494      1.44607     -0.20637
     60.00000     -5.00000     -0.32040      1.41618     -0.57873
     65.00000     -5.00000     -0.79612      1.30366     -0.95205
     70.00000     -5.00000     -1.31353      1.14707     -1.33600
     75.00000     -5.00000     -1.85537      0.99773     -1.72323
     80.00000     -5.00000     -2.36937      0.90212     -2.08161
     85.00000     -5.00000     -2.77853      0.88611     -2.35865
     90.00000     -5.00000     -3.00422      0.94694     -2.49679
     95.00000     -5.00000     -2.99315      1.05580     -2.45348
    100.00000     -5.00000     -2.73737      1.16979     -2.21824
    105.00000     -5.00000     -2.27958      1.24779     -1.81977
    110.00000     -5.00000     -1.70162      1.26414     -1.32018
    115.00000     -5.00000     -1.10088      1.21475     -0.79832
    120.00000     -5.00000     -0.56334      1.11418     -0.32816
    125.00000     -5.00000     -0.14271      0.98620      0.04025
    130.00000     -5.00000      0.14787      0.85257      0.29119
    135.00000     -5.00000      0.33053      0.72556      0.44223
    140.00000     -5.00000      0.44748      0.60718      0.53309
    145.00000     -5.00000      0.54248      0.49452      0.60903
    150.00000     -5.00000      0.64553      0.38791      0.70432
    155.00000     -5.00000      0.76466      0.29685      0.83068
    160.00000     -5.00000      0.88538      0.24028      0.97335
    165.00000     -5.00000      0.97581      0.24022      1.09483
    170.00000     -5.00000      0.99451      0.31178      1.14447
    175.00000     -5.00000      0.89910      0.45401      1.07115
    180.00000     -5.00000      0.65482      0.64626      0.83656
    185.00000     -5.00000      0.24328      0.85233      0.42658
    190.00000     -5.00000     -0.32870      1.03099     -0.14094
    195.00000     -5.00000     -1.02206      1.14884     -0.81384
    200.00000     -5.00000     -1.76340      1.19000     -1.51002
    205.00000     -5.00000     -2.45131      1.15894     -2.12905
    210.00000     -5.00000     -2.97273      1.07539     -2.57013
    215.00000     -5.00000     -3.22750      0.96413     -2.75312
    220.00000     -5.00000     -3.15489      0.84445     -2.63790
    225.00000     -5.00000     -2.75393      0.72399     -2.23634
    230.00000     -5.00000     -2.08945      0.59956     -1.61269
    235.00000     -5.00000     -1.27995      0.46402     -0.87078
    240.00000     -5.00000     -0.46928      0.31546     -0.13086
    245.00000     -5.00000      0.20962      0.16387      0.49786
    250.00000     -5.00000      0.66768      0.03172      0.94099
    255.00000     -5.00000      0.87864     -0.05238      1.17217
    260.00000     -5.00000      0.87813     -0.06400      1.21224
    265.00000     -5.00000      0.74425      0.00711      1.11550
    270.00000     -5.00000      0.56741      0.15223      0.94859
    275.00000     -5.00000      0.42052      0.34613      0.76950
    280.00000     -5.00000      0.33976      0.55583      0.61342
    285.00000     -5.00000      0.32107      0.75188      0.48899
    290.00000     -5.00000      0.33123      0.91718      0.38422
    295.00000     -5.00000      0.32677      1.04975      0.27783
    300.00000     -5.00000      0.27199      1.15861      0.15042
    305.00000     -5.00000      0.14936      1.25521     -0.00882
    310.00000     -5.00000     -0.04024      1.34469     -0.20141
    315.00000     -5.00000     -0.28438      1.42133     -0.42305
    320.00000     -5.00000     -0.56731      1.47015     -0.66755
    325.00000     -5.00000     -0.87394      1.47393     -0.92780
    330.00000     -5.00000     -1.18726      1.42193     -1.19273
    335.00000     -5.00000     -1.48141      1.31619     -1.44187
    340.00000     -5.00000     -1.71596      1.17226     -1.64174
    345.00000     -5.00000     -1.83717      1.01402     -1.74787
    350.00000     -5.00000     -1.78922      0.86528     -1.71429
    355.00000     -5.00000     -1.53286      0.74208     -1.50862
    360.00000     -5.00000     -1.06484      0.64946     -1.12744
      0.00000      0.00000     -1.05503      0.80114     -1.30024
      5.00000      0.00000     -0.23995      0.70712     -0.72675
     10.00000      0.00000      0.64835      0.63558     -0.07782
     15.00000      0.00000      1.47506      0.58739      0.54541
     20.00000      0.00000      2.11222      0.57290      1.04256
     25.00000      0.00000      2.47050      0.60864      1.33884
     30.00000      0.00000      2.51967      0.70862      1.40252
     35.00000      0.00000      2.29039      0.87396      1.24888
     40.00000      0.00000      1.85724      1.08620      0.92987
     45.00000      0.00000      1.31003      1.30815      0.51363
     50.00000      0.00000      0.72453      1.49324      0.06211
     55.00000      0.00000      0.14390      1.60032     -0.38495
     60.00000      0.00000     -0.42309      1.60838     -0.81404
     65.00000      0.00000     -0.98801      1.52490     -1.22970
     70.00000      0.00000     -1.56038      1.38434     -1.63858
     75.00000      0.00000     -2.12776      1.23663     -2.03358
     80.00000      0.00000     -2.64742      1.13016     -2.38551
     85.00000      0.00000     -3.05356      1.09548     -2.64622
     90.00000      0.00000     -3.27700      1.13602     -2.76239
     95.00000      0.00000     -3.26924      1.22897     -2.69447
    100.00000      0.00000     -3.02081      1.33535     -2.43322
    105.00000      0.00000     -2.56673      1.41468     -2.00710
    110.00000      0.00000     -1.97710      1.43837     -1.47733
    115.00000      0.00000     -1.33712      1.39665     -0.92230
    120.00000      0.00000     -0.72411      1.29742     -0.41664
    125.00000      0.00000     -0.19020      1.15878     -0.01230
    130.00000      0.00000      0.24431      0.99971      0.27243
    135.00000      0.00000      0.58626      0.83362      0.45271
    140.00000      0.00000      0.85735      0.66744      0.56699
    145.00000      0.00000      1.08011      0.50597      0.66065
    150.00000      0.00000      1.26733      0.35827      0.76924
    155.00000      0.00000      1.41749      0.24166      0.90594
    160.00000      0.00000      1.51566      0.18034      1.05659
    165.00000      0.00000      1.53752      0.19816      1.18254
    170.00000      0.00000      1.45406      0.30837      1.23020
    175.00000      0.00000      1.23601      0.50488      1.14451
    180.00000      0.00000      0.85897      0.75965      0.88353
    185.00000      0.00000      0.31036      1.02793      0.43144
    190.00000      0.00000     -0.40112      1.26006     -0.19254
    195.00000      0.00000     -1.23584      1.41551     -0.93153
    200.00000      0.00000     -2.11772      1.47366     -1.69597
    205.00000      0.00000     -2.93767      1.43729     -2.37679
    210.00000      0.00000     -3.56921      1.32784     -2.86502
    215.00000      0.00000     -3.89479      1.17493     -3.07448
    220.00000      0.00000     -3.83649      1.00486     -2.96209
    225.00000      0.00000     -3.38160      0.83300     -2.54009
    230.00000      0.00000     -2.59326      0.66293     -1.87594
    235.00000      0.00000     -1.60062      0.49193     -1.07873
    240.00000      0.00000     -0.56967      0.31940     -0.27511
    245.00000      0.00000      0.33720      0.15374      0.41902
    250.00000      0.00000      1.00035      0.01393      0.92292
    255.00000      0.00000      1.36841     -0.07501      1.20474
    260.00000      0.00000      1.46245     -0.09076      1.28121
    265.00000      0.00000      1.35881     -0.02258      1.20438
    270.00000      0.00000      1.15769      0.12393      1.04090
    275.00000      0.00000      0.94939      0.32826      0.85104
    280.00000      0.00000      0.78960      0.56203      0.67418
    285.00000      0.00000      0.69055      0.79832      0.52414
    290.00000      0.00000      0.62852      1.01910      0.39386
    295.00000      0.00000      0.56155      1.21768      0.26550
    300.00000      0.00000      0.44901      1.39542      0.12079
    305.00000      0.00000      0.26518      1.55486     -0.05241
    310.00000      0.00000      0.00355      1.69316     -0.25877
    315.00000      0.00000     -0.32663      1.79926     -0.49762
    320.00000      0.00000     -0.70658      1.85659     -0.76543
    325.00000      0.00000     -1.11196      1.84992     -1.05554
    330.00000      0.00000     -1.51193      1.77317     -1.35455
    335.00000      0.00000     -1.86519      1.63415     -1.63723
    340.00000      0.00000     -2.11764      1.45371     -1.86398
    345.00000      0.00000     -2.20666      1.25955     -1.98428
    350.00000      0.00000     -2.07441      1.07729     -1.94777
    355.00000      0.00000     -1.68733      0.92309     -1.72038
    360.00000      0.00000     -1.05503      0.80114     -1.30024
      0.00000      5.00000     -0.98865      0.95079     -1.41045
      5.00000      5.00000     -0.05166      0.82040     -0.81727
     10.00000      5.00000      0.94821      0.71309     -0.15050
     15.00000      5.00000      1.86283      0.63148      0.48579
     20.00000      5.00000      2.55354      0.58826      0.98877
     25.00000      5.00000      2.92436      0.60268      1.28175
     30.00000      5.00000      2.94352      0.69141      1.33171
     35.00000      5.00000      2.64594      0.85792      1.15380
     40.00000      5.00000      2.11632      1.08523      0.80153
     45.00000      5.00000      1.45939      1.33625      0.34678
     50.00000      5.00000      0.76849      1.56250     -0.14276
     55.00000      5.00000      0.10373      1.71869     -0.62043
     60.00000      5.00000     -0.51362      1.77766     -1.06641
     65.00000      5.00000     -1.09041      1.73976     -1.48136
     70.00000      5.00000     -1.64106      1.63292     -1.87211
     75.00000      5.00000     -2.16699      1.50288     -2.23620
     80.00000      5.00000     -2.64515      1.39743     -2.55258
     85.00000      5.00000     -3.02987      1.35049     -2.78244
     90.00000      5.00000     -3.26666      1.37184     -2.88022
     95.00000      5.00000     -3.31123      1.44597     -2.81002
    100.00000      5.00000     -3.14552      1.53971     -2.56099
    105.00000      5.00000     -2.78439      1.61485     -2.15513
    110.00000      5.00000     -2.27097      1.64055     -1.64451
    115.00000      5.00000     -1.66362      1.60094     -1.09860
    120.00000      5.00000     -1.02051      1.49603     -0.58614
    125.00000      5.00000     -0.38790      1.33693     -0.15794
    130.00000      5.00000      0.20419      1.13916      0.16393
    135.00000      5.00000      0.73913      0.91766      0.38745
    140.00000      5.00000      1.20686      0.68586      0.54273
    145.00000      5.00000      1.59737      0.45861      0.66815
    150.00000      5.00000      1.89762      0.25601      0.79526
    155.00000      5.00000      2.09235      0.10495      0.93683
    160.00000      5.00000      2.16694      0.03568      1.08120
    165.00000      5.00000      2.10961      0.07362      1.19389
    170.00000      5.00000      1.91131      0.22921      1.22560
    175.00000      5.00000      1.56404      0.49014      1.12449
    180.00000      5.00000      1.06024      0.81994      0.85034
    185.00000      5.00000      0.39634      1.16458      0.38746
    190.00000      5.00000     -0.41828      1.46536     -0.24600
    195.00000      5.00000     -1.34921      1.67394     -0.99488
    200.00000      5.00000     -2.32705      1.76393     -1.77165
    205.00000      5.00000     -3.24622      1.73527     -2.46903
    210.00000      5.00000     -3.97709      1.60999     -2.97923
    215.00000      5.00000     -4.39133      1.42183     -3.21606
    220.00000      5.00000     -4.39458      1.20410     -3.13476
    225.00000      5.00000     -3.95630      0.98068     -2.74395
    230.00000      5.00000     -3.12574      0.76321     -2.10581
    235.00000      5.00000     -2.02702      0.55462     -1.32351
    240.00000      5.00000     -0.83269      0.35631     -0.51858
    245.00000      5.00000      0.27685      0.17489      0.19570
    250.00000      5.00000      1.15576      0.02496      0.73751
    255.00000      5.00000      1.72367     -0.07328      1.06996
    260.00000      5.00000      1.97602     -0.10058      1.20166
    265.00000      5.00000      1.97207     -0.04577      1.17545
    270.00000      5.00000      1.80640      0.08964      1.05002
    275.00000      5.00000      1.57505      0.29172      0.88095
    280.00000      5.00000      1.34787      0.53884      0.70720
    285.00000      5.00000      1.15517      0.80835      0.54605
    290.00000      5.00000      0.99022      1.08214      0.39626
    295.00000      5.00000      0.82336      1.34853      0.24606
    300.00000      5.00000      0.61984      1.60005      0.08159
    305.00000      5.00000      0.35418      1.82885     -0.10755
    310.00000      5.00000      0.01689      2.02274     -0.32679
    315.00000      5.00000     -0.38571      2.16461     -0.57764
    320.00000      5.00000     -0.83517      2.23609     -0.85865
    325.00000      5.00000     -1.30344      2.22415     -1.16386
    330.00000      5.00000     -1.75251      2.12746     -1.47872
    335.00000      5.00000     -2.13229      1.95933     -1.77535
    340.00000      5.00000     -2.38086      1.74532     -2.01104
    345.00000      5.00000     -2.43130      1.51610     -2.13294
    350.00000      5.00000     -2.22647      1.29851     -2.08989
    355.00000      5.00000     -1.73887      1.10876     -1.84886
    360.00000      5.00000     -0.98865      0.95079     -1.41045
      0.00000     10.00000     -0.83763      1.06726     -1.44071
      5.00000     10.00000      0.12501      0.90463     -0.86461
     10.00000     10.00000      1.13794      0.76682     -0.22470
     15.00000     10.00000      2.05105      0.65860      0.37806
     20.00000     10.00000      2.72518      0.59451      0.84489
     25.00000     10.00000      3.06502      0.59511      1.10277
     30.00000     10.00000      3.04080      0.67810      1.12121
     35.00000     10.00000      2.69137      0.84797      0.91666
     40.00000     10.00000      2.10804      1.08894      0.54344
     45.00000     10.00000      1.40504      1.36487      0.07489
     50.00000     10.00000      0.68712      1.62722     -0.41858
     55.00000     10.00000      0.02509      1.82880     -0.88661
     60.00000     10.00000     -0.55329      1.93819     -1.30606
     65.00000     10.00000     -1.05621      1.94959     -1.67669
     70.00000     10.00000     -1.50930      1.88406     -2.00861
     75.00000     10.00000     -1.93448      1.78173     -2.30753
     80.00000     10.00000     -2.33445      1.68782     -2.56425
     85.00000     10.00000     -2.68822      1.63763     -2.75272
     90.00000     10.00000     -2.95745      1.64586     -2.83734
     95.00000     10.00000     -3.09962      1.70368     -2.78603
    100.00000     10.00000     -3.08167      1.78383     -2.58386
    105.00000     10.00000     -2.88887      1.85087     -2.24151
    110.00000     10.00000     -2.52687      1.87238     -1.79537
    115.00000     10.00000     -2.01784      1.82699     -1.29917
    120.00000     10.00000     -1.39449      1.70720     -0.81031
    125.00000     10.00000     -0.69502      1.51763     -0.37559
    130.00000     10.00000      0.03902      1.27091     -0.02119
    135.00000     10.00000      0.76287      0.98432      0.25025
    140.00000     10.00000      1.42901      0.67872      0.45518
    145.00000     10.00000      1.98991      0.37963      0.61929
    150.00000     10.00000      2.40388      0.11853      0.76572
    155.00000     10.00000      2.64189     -0.06850      0.90507
    160.00000     10.00000      2.69223     -0.14598      1.02971
    165.00000     10.00000      2.56013     -0.08791      1.11373
    170.00000     10.00000      2.26174      0.11263      1.11840
    175.00000     10.00000      1.81498      0.43700      1.00165
    180.00000     10.00000      1.23203      0.84101      0.72986
    185.00000     10.00000      0.51828      1.26255      0.28934
    190.00000     10.00000     -0.31999      1.63522     -0.30487
    195.00000     10.00000     -1.26129      1.90370     -1.00533
    200.00000     10.00000     -2.25406      2.03588     -1.73533
    205.00000     10.00000     -3.20926      2.02782     -2.39945
    210.00000     10.00000     -4.00669      1.90042     -2.90024
    215.00000     10.00000     -4.51658      1.68958     -3.15775
    220.00000     10.00000     -4.63151      1.43399     -3.12745
    225.00000     10.00000     -4.29891      1.16518     -2.81143
    230.00000     10.00000     -3.54248      0.90285     -2.25952
    235.00000     10.00000     -2.46400      0.65634     -1.55908
    240.00000     10.00000     -1.22327      0.43007     -0.81607
    245.00000     10.00000     -0.00159      0.22975     -0.13218
    250.00000     10.00000      1.04013      0.06611      0.41540
    255.00000     10.00000      1.79534     -0.04557      0.78645
    260.00000     10.00000      2.22835     -0.08948      0.97935
    265.00000     10.00000      2.36958     -0.05459      1.02275
    270.00000     10.00000      2.29352      0.06136      0.96111
    275.00000     10.00000      2.08873      0.25095      0.83935
    280.00000     10.00000      1.83059      0.49951      0.69146
    285.00000     10.00000      1.56487      0.78913      0.53575
    290.00000     10.00000      1.30509      1.10220      0.37648
    295.00000     10.00000      1.04104      1.42276      0.20927
    300.00000     10.00000      0.75229      1.73528      0.02699
    305.00000     10.00000      0.42070      2.02243     -0.17635
    310.00000     10.00000      0.03772      2.26373     -0.40448
    315.00000     10.00000     -0.39345      2.43696     -0.65921
    320.00000     10.00000     -0.85855      2.52258     -0.94011
    325.00000     10.00000     -1.33256      2.50973     -1.24198
    330.00000     10.00000     -1.77848      2.40111     -1.55039
    335.00000     10.00000     -2.14575      2.21412     -1.83745
    340.00000     10.00000     -2.37197      1.97724     -2.06108
    345.00000     10.00000     -2.39109      1.72251     -2.17035
    350.00000     10.00000     -2.14888      1.47707     -2.11737
    355.00000     10.00000     -1.62253      1.25715     -1.87292
    360.00000     10.00000     -0.83763      1.06726     -1.44071
      0.00000     15.00000     -0.54636      1.14047     -1.37937
      5.00000     15.00000      0.32781      0.96403     -0.85643
     10.00000     15.00000      1.23913      0.81544     -0.28588
     15.00000     15.00000      2.04854      0.70135      0.24031
     20.00000     15.00000      2.62784      0.63676      0.63346
     25.00000     15.00000      2.89050      0.64132      0.82945
     30.00000     15.00000      2.81232      0.73123      0.80364
     35.00000     15.00000      2.43483      0.91002      0.57483
     40.00000     15.00000      1.85054      1.16219      0.19703
     45.00000     15.00000      1.17494      1.45327     -0.25783
     50.00000     15.00000      0.51474      1.73690     -0.72033
     55.00000     15.00000     -0.05756      1.96718     -1.14028
     60.00000     15.00000     -0.51541      2.11190     -1.49465
     65.00000     15.00000     -0.87411      2.16185     -1.78513
     70.00000     15.00000     -1.17436      2.13281     -2.02736
     75.00000     15.00000     -1.46054      2.05931     -2.23699
     80.00000     15.00000     -1.76168      1.98261     -2.41823
     85.00000     15.00000     -2.08059      1.93708     -2.55909
     90.00000     15.00000     -2.39315      1.93981     -2.63467
     95.00000     15.00000     -2.65575      1.98649     -2.61662
    100.00000     15.00000     -2.81703      2.05445     -2.48472
    105.00000     15.00000     -2.82951      2.11081     -2.23583
    110.00000     15.00000     -2.65881      2.12233     -1.88718
    115.00000     15.00000     -2.28956      2.06367     -1.47293
    120.00000     15.00000     -1.72868      1.92184     -1.03560
    125.00000     15.00000     -1.00675      1.69684     -0.61564
    130.00000     15.00000     -0.17723      1.39992     -0.24267
    135.00000     15.00000      0.68742      1.05138      0.06899
    140.00000     15.00000      1.50394      0.67920      0.31966
    145.00000     15.00000      2.19059      0.31834      0.51928
    150.00000     15.00000      2.68141      0.00943      0.68002
    155.00000     15.00000      2.93836     -0.20478      0.80908
    160.00000     15.00000      2.95704     -0.28606      0.90350
    165.00000     15.00000      2.76307     -0.20954      0.94864
    170.00000     15.00000      2.39974      0.02774      0.92035
    175.00000     15.00000      1.91124      0.40183      0.79079
    180.00000     15.00000      1.32820      0.86318      0.53651
    185.00000     15.00000      0.66177      1.34484      0.14732
    190.00000     15.00000     -0.09033      1.77605     -0.36612
    195.00000     15.00000     -0.92761      2.09715     -0.96821
    200.00000     15.00000     -1.82706      2.27159     -1.59957
    205.00000     15.00000     -2.72884      2.29125     -2.18427
    210.00000     15.00000     -3.53524      2.17411     -2.64240
    215.00000     15.00000     -4.12603      1.95550     -2.90563
    220.00000     15.00000     -4.38717      1.67662     -2.93206
    225.00000     15.00000     -4.24370      1.37424     -2.71623
    230.00000     15.00000     -3.68578      1.07484     -2.29132
    235.00000     15.00000     -2.77811      0.79401     -1.72248
    240.00000     15.00000     -1.64864      0.54010     -1.09269
    245.00000     15.00000     -0.45985      0.31941     -0.48530
    250.00000     15.00000      0.62867      0.14017      0.03227
    255.00000     15.00000      1.49439      0.01360      0.41912
    260.00000     15.00000      2.07296     -0.04789      0.66355
    265.00000     15.00000      2.36131     -0.03426      0.77814
    270.00000     15.00000      2.40438      0.05895      0.78990
    275.00000     15.00000      2.27204      0.22913      0.72939
    280.00000     15.00000      2.03525      0.46708      0.62238
    285.00000     15.00000      1.74880      0.75894      0.48582
    290.00000     15.00000      1.44422      1.08796      0.32824
    295.00000     15.00000      1.13206      1.43535      0.15256
    300.00000     15.00000      0.80964      1.78007     -0.04067
    305.00000     15.00000      0.46958      2.09839     -0.25151
    310.00000     15.00000      0.10603      2.36466     -0.48019
    315.00000     15.00000     -0.28180      2.55406     -0.72720
    320.00000     15.00000     -0.68765      2.64732     -0.99213
    325.00000     15.00000     -1.09584      2.63584     -1.27058
    330.00000     15.00000     -1.47813      2.52510     -1.54960
    335.00000     15.00000     -1.79156      2.33446     -1.80393
    340.00000     15.00000     -1.98022      2.09286     -1.99577
    345.00000     15.00000     -1.98368      1.83161     -2.08018
    350.00000     15.00000     -1.75210      1.57683     -2.01607
    355.00000     15.00000     -1.26486      1.34457     -1.78018
    360.00000     15.00000     -0.54636      1.14047     -1.37937
      0.00000     20.00000     -0.04305      1.19026     -1.22197
      5.00000     20.00000      0.63730      1.02935     -0.78191
     10.00000     20.00000      1.34156      0.89966     -0.31385
     15.00000     20.00000      1.95364      0.80868      0.10389
     20.00000     20.00000      2.36665      0.76995      0.39742
     25.00000     20.00000      2.51014      0.79975      0.51524
     30.00000     20.00000      2.36833      0.91023      0.44079
     35.00000     20.00000      1.98360      1.10194      0.19550
     40.00000     20.00000      1.44357      1.35894     -0.16853
     45.00000     20.00000      0.85604      1.64920     -0.58375
     50.00000     20.00000      0.31960      1.93089     -0.98555
     55.00000     20.00000     -0.10089      2.16298     -1.32766
     60.00000     20.00000     -0.38694      2.31652     -1.59028
     65.00000     20.00000     -0.56445      2.38262     -1.77896
     70.00000     20.00000     -0.68903      2.37433     -1.91564
     75.00000     20.00000     -0.82443      2.32152     -2.02568
     80.00000     20.00000     -1.02101      2.26071     -2.12592
     85.00000     20.00000     -1.30013      2.22317     -2.21750
     90.00000     20.00000     -1.64787      2.22544     -2.28567
     95.00000     20.00000     -2.01801      2.26493     -2.30571
    100.00000     20.00000     -2.34237      2.32168     -2.25233
    105.00000     20.00000     -2.54519      2.36489     -2.10896
    110.00000     20.00000     -2.55855      2.36161     -1.87376
    115.00000     20.00000     -2.33643      2.28484     -1.56082
    120.00000     20.00000     -1.86558      2.11899     -1.19669
    125.00000     20.00000     -1.17151      1.86216     -0.81390
    130.00000     20.00000     -0.31810      1.52590     -0.44386
    135.00000     20.00000      0.60027      1.13366     -0.11116
    140.00000     20.00000      1.47389      0.71891      0.16918
    145.00000     20.00000      2.19781      0.32281      0.39146
    150.00000     20.00000      2.69260     -0.00898      0.55648
    155.00000     20.00000      2.91995     -0.23139      0.66748
    160.00000     20.00000      2.88805     -0.30701      0.72598
    165.00000     20.00000      2.64448     -0.21421      0.72897
    170.00000     20.00000      2.25802      0.04583      0.66807
    175.00000     20.00000      1.79542      0.44574      0.53120
    180.00000     20.00000      1.30089      0.93416      0.30664
    185.00000     20.00000      0.78616      1.44397     -0.01134
    190.00000     20.00000      0.23495      1.90478     -0.41670
    195.00000     20.00000     -0.37953      2.25665     -0.88734
    200.00000     20.00000     -1.07061      2.46111     -1.38418
    205.00000     20.00000     -1.81730      2.50655     -1.85462
    210.00000     20.00000     -2.55540      2.40677     -2.24042
    215.00000     20.00000     -3.18535      2.19387     -2.48844
    220.00000     20.00000     -3.59536      1.90809     -2.56186
    225.00000     20.00000     -3.69264      1.58815     -2.44863
    230.00000     20.00000     -3.43205      1.26485     -2.16466
    235.00000     20.00000     -2.83261      0.95893     -1.75082
    240.00000     20.00000     -1.97601      0.68296     -1.26416
    245.00000     20.00000     -0.98789      0.44509     -0.76617
    250.00000     20.00000     -0.00810      0.25269     -0.31105
    255.00000     20.00000      0.84043      0.11425      0.06266
    260.00000     20.00000      1.47508      0.03899      0.33545
    265.00000     20.00000      1.86336      0.03498      0.50511
    270.00000     20.00000      2.01868      0.10682      0.58151
    275.00000     20.00000      1.98588      0.25397      0.58027
    280.00000     20.00000      1.82297      0.47036      0.51758
    285.00000     20.00000      1.58517      0.74473      0.40739
    290.00000     20.00000      1.31501      1.06141      0.26084
    295.00000     20.00000      1.03919      1.40082      0.08698
    300.00000     20.00000      0.77017      1.73991     -0.10663
    305.00000     20.00000      0.51012      2.05291     -0.31395
    310.00000     20.00000      0.25494      2.31328     -0.53106
    315.00000     20.00000     -0.00186      2.49704     -0.75631
    320.00000     20.00000     -0.26509      2.58713     -0.98882
    325.00000     20.00000     -0.53290      2.57742     -1.22520
    330.00000     20.00000     -0.79149      2.47487     -1.45523
    335.00000     20.00000     -1.01147      2.29852     -1.65847
    340.00000     20.00000     -1.14877      2.07524     -1.80429
    345.00000     20.00000     -1.15207      1.83337     -1.85668
    350.00000     20.00000     -0.97663      1.59655     -1.78368
    355.00000     20.00000     -0.60133      1.37995     -1.56898
    360.00000     20.00000     -0.04305      1.19026     -1.22197
      0.00000     25.00000      0.72997      1.26004     -0.97331
      5.00000     25.00000      1.14416      1.14650     -0.63483
     10.00000     25.00000      1.56830      1.06624     -0.28777
     15.00000     25.00000      1.91739      1.02598      0.00603
     20.00000     25.00000      2.11318      1.03597      0.18996
     25.00000     25.00000      2.10618      1.10710      0.22691
     30.00000     25.00000      1.89083      1.24573      0.10900
     35.00000     25.00000      1.50849      1.44831     -0.14033
     40.00000     25.00000      1.03675      1.69824     -0.47267
     45.00000     25.00000      0.56827      1.96691     -0.82769
     50.00000     25.00000      0.18544      2.21920     -1.14875
     55.00000     25.00000     -0.06140      2.42205     -1.39653
     60.00000     25.00000     -0.16584      2.55329     -1.55656
     65.00000     25.00000     -0.16440      2.60774     -1.63902
     70.00000     25.00000     -0.12356      2.59826     -1.67130
     75.00000     25.00000     -0.11915      2.55126     -1.68640
     80.00000     25.00000     -0.21424      2.49814     -1.71093
     85.00000     25.00000     -0.44122      2.46540     -1.75652
     90.00000     25.00000     -0.79216      2.46654     -1.81695
     95.00000     25.00000     -1.21919      2.49828     -1.87103
    100.00000     25.00000     -1.64386      2.54177     -1.89004
    105.00000     25.00000     -1.97331      2.56813     -1.84676
    110.00000     25.00000     -2.11977      2.54609     -1.72346
    115.00000     25.00000     -2.01971      2.44968     -1.51679
    120.00000     25.00000     -1.64924      2.26386     -1.23850
    125.00000     25.00000     -1.03231      1.98745     -0.91262
    130.00000     25.00000     -0.23962      1.63354     -0.56999
    135.00000     25.00000      0.62265      1.22803     -0.24219
    140.00000     25.00000      1.43294      0.80708      0.04398
    145.00000     25.00000      2.07924      0.41368      0.27003
    150.00000     25.00000      2.48315      0.09329      0.42701
    155.00000     25.00000      2.61627     -0.11169      0.51433
    160.00000     25.00000      2.50411     -0.16855      0.53700
    165.00000     25.00000      2.21544     -0.06094      0.50192
    170.00000     25.00000      1.83973      0.20598      0.41471
    175.00000     25.00000      1.45936      0.60365      0.27779
    180.00000     25.00000      1.12537      1.08286      0.09063
    185.00000     25.00000      0.84472      1.58119     -0.14787
    190.00000     25.00000      0.58358      2.03383     -0.43553
    195.00000     25.00000      0.28542      2.38512     -0.76282
    200.00000     25.00000     -0.10209      2.59798     -1.11025
    205.00000     25.00000     -0.60112      2.65887     -1.44833
    210.00000     25.00000     -1.18776      2.57715     -1.74097
    215.00000     25.00000     -1.79219      2.37969     -1.95153
    220.00000     25.00000     -2.31496      2.10271     -2.05031
    225.00000     25.00000     -2.65423      1.78347     -2.02114
    230.00000     25.00000     -2.73495      1.45400     -1.86535
    235.00000     25.00000     -2.53033      1.13825     -1.60182
    240.00000     25.00000     -2.06942      0.85234     -1.26311
    245.00000     25.00000     -1.42891      0.60680     -0.88898
    250.00000     25.00000     -0.71284      0.40937     -0.51910
    255.00000     25.00000     -0.02728      0.26691     -0.18698
    260.00000     25.00000      0.54242      0.18583      0.08368
    265.00000     25.00000      0.94576      0.17139      0.27972
    270.00000     25.00000      1.17043      0.22634      0.39721
    275.00000     25.00000      1.23619      0.34967      0.43905
    280.00000     25.00000      1.18314      0.53592      0.41267
    285.00000     25.00000      1.05874      0.77504      0.32842
    290.00000     25.00000      0.90713      1.05266      0.19852
    295.00000     25.00000      0.76220      1.35049      0.03613
    300.00000     25.00000      0.64435      1.64705     -0.14589
    305.00000     25.00000      0.56015      1.91895     -0.33664
    310.00000     25.00000      0.50401      2.14306     -0.52866
    315.00000     25.00000      0.46163      2.29957     -0.71829
    320.00000     25.00000      0.41539      2.37549     -0.90431
    325.00000     25.00000      0.35129      2.36742     -1.08478
    330.00000     25.00000      0.26615      2.28277     -1.25310
    335.00000     25.00000      0.17282      2.13838     -1.39509
    340.00000     25.00000      0.10076      1.95688     -1.48885
    345.00000     25.00000      0.09025      1.76180     -1.50865
    350.00000     25.00000      0.18064      1.57284     -1.43233
    355.00000     25.00000      0.39556      1.40327     -1.25035
    360.00000     25.00000      0.72997      1.26004     -0.97331
      0.00000     30.00000      1.77645      1.39594     -0.64908
      5.00000     30.00000      1.89998      1.35390     -0.41729
     10.00000     30.00000      2.01766      1.34412     -0.19289
     15.00000     30.00000      2.07874      1.37109     -0.02058
     20.00000     30.00000      2.03633      1.44046      0.06048
     25.00000     30.00000      1.86379      1.55687      0.02715
     30.00000     30.00000      1.56618      1.72048     -0.12065
     35.00000     30.00000      1.18253      1.92375     -0.35883
     40.00000     30.00000      0.77741      2.15003     -0.64454
     45.00000     30.00000      0.42427      2.37524     -0.92675
     50.00000     30.00000      0.18513      2.57244     -1.15902
     55.00000     30.00000      0.09298      2.71841     -1.31074
     60.00000     30.00000      0.14190      2.79984     -1.37367
     65.00000     30.00000      0.28796      2.81726     -1.36210
     70.00000     30.00000      0.46055      2.78490     -1.30686
     75.00000     30.00000      0.58088      2.72657     -1.24507
     80.00000     30.00000      0.58269      2.66847     -1.20906
     85.00000     30.00000      0.42992      2.63137     -1.21724
     90.00000     30.00000      0.12712      2.62433     -1.26955
     95.00000     30.00000     -0.27973      2.64199     -1.34830
    100.00000     30.00000     -0.71193      2.66596     -1.42366
    105.00000     30.00000     -1.07449      2.66969     -1.46206
    110.00000     30.00000     -1.27680      2.62529     -1.43512
    115.00000     30.00000     -1.25333      2.51028     -1.32669
    120.00000     30.00000     -0.97988      2.31277     -1.13668
    125.00000     30.00000     -0.48178      2.03422     -0.88089
    130.00000     30.00000      0.16872      1.68967     -0.58736
    135.00000     30.00000      0.86589      1.30597     -0.29029
    140.00000     30.00000      1.49282      0.91867     -0.02318
    145.00000     30.00000      1.94755      0.56800      0.18730
    150.00000     30.00000      2.16692      0.29428      0.32535
    155.00000     30.00000      2.14130      0.13273      0.38729
    160.00000     30.00000      1.91589      0.10821      0.38002
    165.00000     30.00000      1.57728      0.23039      0.31722
    170.00000     30.00000      1.22840      0.49054      0.21461
    175.00000     30.00000      0.95898      0.86101      0.08560
    180.00000     30.00000      0.81996      1.29808     -0.06142
    185.00000     30.00000      0.80974      1.74814     -0.22338
    190.00000     30.00000      0.87676      2.15626     -0.40061
    195.00000     30.00000      0.93737      2.47508     -0.59327
    200.00000     30.00000      0.90377      2.67219     -0.79769
    205.00000     30.00000      0.71289      2.73421     -1.00384
    210.00000     30.00000      0.34736      2.66673     -1.19505
    215.00000     30.00000     -0.15780      2.49065     -1.35022
    220.00000     30.00000     -0.72449      2.23612     -1.44787
    225.00000     30.00000     -1.25324      1.93608     -1.47101
    230.00000     30.00000     -1.65025      1.62089     -1.41117
    235.00000     30.00000     -1.85124      1.31519     -1.27066
    240.00000     30.00000     -1.83568      1.03712     -1.06242
    245.00000     30.00000     -1.62787      0.79917     -0.80770
    250.00000     30.00000     -1.28636      0.60979     -0.53248
    255.00000     30.00000     -0.88600      0.47483     -0.26344
    260.00000     30.00000     -0.49857      0.39823     -0.02459
    265.00000     30.00000     -0.17740      0.38207      0.16512
    270.00000     30.00000      0.05081      0.42600      0.29314
    275.00000     30.00000      0.18645      0.52678      0.35379
    280.00000     30.00000      0.25136      0.67790      0.34812
    285.00000     30.00000      0.27975      0.86963      0.28332
    290.00000     30.00000      0.30849      1.08921      0.17151
    295.00000     30.00000      0.36868      1.32135      0.02783
    300.00000     30.00000      0.47953      1.54899     -0.13198
    305.00000     30.00000      0.64511      1.75442     -0.29427
    310.00000     30.00000      0.85412      1.92108     -0.44954
    315.00000     30.00000      1.08271      2.03568     -0.59309
    320.00000     30.00000      1.30041      2.09050     -0.72396
    325.00000     30.00000      1.47799      2.08501     -0.84211
    330.00000     30.00000      1.59591      2.02629     -0.94504
    335.00000     30.00000      1.65067      1.92783     -1.02515
    340.00000     30.00000      1.65688      1.80678     -1.06940
    345.00000     30.00000      1.64341      1.68059     -1.06203
    350.00000     30.00000      1.64415      1.56395     -0.98983
    355.00000     30.00000      1.68576      1.46709     -0.84875
    360.00000     30.00000      1.77645      1.39594     -0.64908
      0.00000     35.00000      3.01406      1.61998     -0.27560
      5.00000     35.00000      2.87190      1.65776     -0.14202
     10.00000     35.00000      2.70603      1.72282     -0.02630
     15.00000     35.00000      2.49775      1.81644      0.04270
     20.00000     35.00000      2.22968      1.93942      0.04134
     25.00000     35.00000      1.89672      2.09062     -0.04169
     30.00000     35.00000      1.51373      2.26505     -0.20072
     35.00000     35.00000      1.11688      2.45249     -0.41278
     40.00000     35.00000      0.75740      2.63745     -0.64204
     45.00000     35.00000      0.48936      2.80122     -0.84801
     50.00000     35.00000      0.35477      2.92561     -0.99535
     55.00000     35.00000      0.37060      2.99741     -1.06265
     60.00000     35.00000      0.52168      3.01229     -1.04759
     65.00000     35.00000      0.76192      2.97659     -0.96715
     70.00000     35.00000      1.02384      2.90613     -0.85277
     75.00000     35.00000      1.23405      2.82225     -0.74187
     80.00000     35.00000      1.33091      2.74605     -0.66798
     85.00000     35.00000      1.27981      2.69244     -0.65226
     90.00000     35.00000      1.08246      2.66587     -0.69827
     95.00000     35.00000      0.77775      2.65886     -0.79155
    100.00000     35.00000      0.43386      2.65386     -0.90358
    105.00000     35.00000      0.13327      2.62766     -0.99908
    110.00000     35.00000     -0.04629      2.55729     -1.04475
    115.00000     35.00000     -0.05066      2.42562     -1.01719
    120.00000     35.00000      0.13643      2.22556     -0.90826
    125.00000     35.00000      0.48717      1.96198     -0.72670
    130.00000     35.00000      0.93377      1.65138     -0.49594
    135.00000     35.00000      1.38264      1.31967     -0.24872
    140.00000     35.00000      1.73590      0.99873     -0.01994
    145.00000     35.00000      1.91549      0.72238      0.16057
    150.00000     35.00000      1.88371      0.52218      0.27356
    155.00000     35.00000      1.65448      0.42334      0.31323
    160.00000     35.00000      1.29160      0.44116      0.28668
    165.00000     35.00000      0.89360      0.57819      0.21059
    170.00000     35.00000      0.56854      0.82287      0.10595
    175.00000     35.00000      0.40533      1.15000     -0.00749
    180.00000     35.00000      0.44934      1.52342     -0.11567
    185.00000     35.00000      0.68934      1.90071     -0.21242
    190.00000     35.00000      1.05964      2.23929     -0.29899
    195.00000     35.00000      1.45699      2.50263     -0.38137
    200.00000     35.00000      1.76744      2.66539     -0.46630
    205.00000     35.00000      1.89562      2.71638     -0.55741
    210.00000     35.00000      1.78820      2.65878     -0.65260
    215.00000     35.00000      1.44543      2.50786     -0.74345
    220.00000     35.00000      0.91819      2.28701     -0.81679
    225.00000     35.00000      0.29252      2.02316     -0.85777
    230.00000     35.00000     -0.33320      1.74265     -0.85356
    235.00000     35.00000     -0.87162      1.46844     -0.79668
    240.00000     35.00000     -1.26397      1.21865     -0.68704
    245.00000     35.00000     -1.48799      1.00643     -0.53249
    250.00000     35.00000     -1.55570      0.84045     -0.34772
    255.00000     35.00000     -1.50307      0.72565     -0.15205
    260.00000     35.00000     -1.37590      0.66382      0.03350
    265.00000     35.00000     -1.21606      0.65397      0.18919
    270.00000     35.00000     -1.05160      0.69251      0.29937
    275.00000     35.00000     -0.89233      0.77346      0.35448
    280.00000     35.00000     -0.73084      0.88880      0.35229
    285.00000     35.00000     -0.54771      1.02892      0.29791
    290.00000     35.00000     -0.31907      1.18309      0.20263
    295.00000     35.00000     -0.02446      1.34010      0.08167
    300.00000     35.00000      0.34630      1.48877     -0.04880
    305.00000     35.00000      0.78877      1.61870     -0.17472
    310.00000     35.00000      1.28260      1.72117     -0.28641
    315.00000     35.00000      1.79391      1.79021     -0.37943
    320.00000     35.00000      2.28098      1.82355     -0.45380
    325.00000     35.00000      2.70227      1.82327     -0.51167
    330.00000     35.00000      3.02500      1.79573     -0.55446
    335.00000     35.00000      3.23204      1.75061     -0.58052
    340.00000     35.00000      3.32496      1.69927     -0.58452
    345.00000     35.00000      3.32204      1.65280     -0.55899
    350.00000     35.00000      3.25158      1.62032     -0.49779
    355.00000     35.00000      3.14232      1.60815     -0.40045
    360.00000     35.00000      3.01406      1.61998     -0.27560
      0.00000     40.00000      4.26727      1.90982      0.11322
      5.00000     40.00000      3.92343      2.01727      0.16812
     10.00000     40.00000      3.53726      2.14346      0.20067
     15.00000     40.00000      3.11571      2.28639      0.19504
     20.00000     40.00000      2.66539      2.44280      0.13978
     25.00000     40.00000      2.19882      2.60740      0.03223
     30.00000     40.00000      1.73877      2.77211     -0.11877
     35.00000     40.00000      1.31873      2.92598     -0.29309
     40.00000     40.00000      0.97849      3.05604     -0.46277
     45.00000     40.00000      0.75586      3.14935     -0.59800
     50.00000     40.00000      0.67669      3.19576     -0.67426
     55.00000     40.00000      0.74632      3.19070     -0.67861
     60.00000     40.00000      0.94521      3.13710     -0.61343
     65.00000     40.00000      1.23052      3.04550     -0.49648
     70.00000     40.00000      1.54364      2.93225     -0.35707
     75.00000     40.00000      1.82223      2.81580     -0.22929
     80.00000     40.00000      2.01373      2.71230     -0.14398
     85.00000     40.00000      2.08721      2.63144     -0.12136
     90.00000     40.00000      2.04037      2.57392     -0.16623
     95.00000     40.00000      1.89997      2.53118     -0.26690
    100.00000     40.00000      1.71527      2.48761     -0.39799
    105.00000     40.00000      1.54575      2.42453     -0.52639
    110.00000     40.00000      1.44581      2.32502     -0.61901
    115.00000     40.00000      1.45011      2.17821     -0.65030
    120.00000     40.00000      1.56303      1.98221     -0.60793
    125.00000     40.00000      1.75529      1.74503     -0.49528
    130.00000     40.00000      1.96916      1.48358     -0.33032
    135.00000     40.00000      2.13167      1.22104     -0.14130
    140.00000     40.00000      2.17321      0.98354      0.03981
    145.00000     40.00000      2.04701      0.79641      0.18425
    150.00000     40.00000      1.74467      0.68095      0.27242
    155.00000     40.00000      1.30294      0.65168      0.29730
    160.00000     40.00000      0.79940      0.71445      0.26480
    165.00000     40.00000      0.33692      0.86542      0.19112
    170.00000     40.00000      0.02042      1.09114      0.09789
    175.00000     40.00000     -0.06870      1.36970      0.00657
    180.00000     40.00000      0.10624      1.67305     -0.06657
    185.00000     40.00000      0.52603      1.97026     -0.11354
    190.00000     40.00000      1.11759      2.23140     -0.13527
    195.00000     40.00000      1.76892      2.43128     -0.13978
    200.00000     40.00000      2.35327      2.55261     -0.13864
    205.00000     40.00000      2.75616      2.58769     -0.14284
    210.00000     40.00000      2.89876      2.53876     -0.15914
    215.00000     40.00000      2.75188      2.41664     -0.18801
    220.00000     40.00000      2.33797      2.23840     -0.22351
    225.00000     40.00000      1.72163      2.02451     -0.25488
    230.00000     40.00000      0.99221      1.79600     -0.26958
    235.00000     40.00000      0.24360      1.57223     -0.25660
    240.00000     40.00000     -0.44367      1.36939     -0.20944
    245.00000     40.00000     -1.01393      1.19963     -0.12798
    250.00000     40.00000     -1.44010      1.07088     -0.01892
    255.00000     40.00000     -1.72011      0.98692      0.10527
    260.00000     40.00000     -1.86855      0.94772      0.22852
    265.00000     40.00000     -1.90648      0.94988      0.33412
    270.00000     40.00000     -1.85254      0.98732      0.40773
    275.00000     40.00000     -1.71727      1.05205      0.44001
    280.00000     40.00000     -1.50145      1.13511      0.42822
    285.00000     40.00000     -1.19823      1.22748      0.37660
    290.00000     40.00000     -0.79803      1.32089      0.29528
    295.00000     40.00000     -0.29462      1.40841      0.19812
    300.00000     40.00000      0.30913      1.48485      0.09975
    305.00000     40.00000      0.99724      1.54686      0.01267
    310.00000     40.00000      1.73936      1.59298     -0.05486
    315.00000     40.00000      2.49287      1.62370     -0.09978
    320.00000     40.00000      3.20805      1.64135     -0.12359
    325.00000     40.00000      3.83540      1.64994     -0.13050
    330.00000     40.00000      4.33359      1.65488     -0.12509
    335.00000     40.00000      4.67599      1.66226     -0.11030
    340.00000     40.00000      4.85423      1.67820     -0.08648
    345.00000     40.00000      4.87760      1.70792     -0.05210
    350.00000     40.00000      4.76862      1.75524     -0.00571
    355.00000     40.00000      4.55599      1.82232      0.05143
    360.00000     40.00000      4.26727      1.90982      0.11322
      0.00000     45.00000      5.29532      2.19587      0.48176
      5.00000     45.00000      4.83477      2.34829      0.48408
     10.00000     45.00000      4.31538      2.50908      0.46451
     15.00000     45.00000      3.76110      2.67374      0.41667
     20.00000     45.00000      3.19486      2.83651      0.33738
     25.00000     45.00000      2.64124      2.99011      0.22918
     30.00000     45.00000      2.12832      3.12576      0.10162
     35.00000     45.00000      1.68728      3.23369     -0.02928
     40.00000     45.00000      1.34950      3.30441     -0.14345
     45.00000     45.00000      1.14127      3.33036     -0.22095
     50.00000     45.00000      1.07781      3.30779     -0.24670
     55.00000     45.00000      1.15831      3.23821     -0.21466
     60.00000     45.00000      1.36368      3.12889     -0.13022
     65.00000     45.00000      1.65821      2.99207     -0.01001
     70.00000     45.00000      1.99524      2.84284      0.12102
     75.00000     45.00000      2.32552      2.69611      0.23468
     80.00000     45.00000      2.60665      2.56340      0.30571
     85.00000     45.00000      2.81116      2.45026      0.31746
     90.00000     45.00000      2.93121      2.35509      0.26583
     95.00000     45.00000      2.97853      2.26977      0.16038
    100.00000     45.00000      2.97960      2.18188      0.02240
    105.00000     45.00000      2.96687      2.07816     -0.11974
    110.00000     45.00000      2.96822      1.94808     -0.23673
    115.00000     45.00000      2.99723      1.78691     -0.30479
    120.00000     45.00000      3.04701      1.59736     -0.31064
    125.00000     45.00000      3.08941      1.38955     -0.25416
    130.00000     45.00000      3.08061      1.17956     -0.14802
    135.00000     45.00000      2.97212      0.98670     -0.01440
    140.00000     45.00000      2.72499      0.83048      0.12020
    145.00000     45.00000      2.32372      0.72764      0.23098
    150.00000     45.00000      1.78613      0.68986      0.30012
    155.00000     45.00000      1.16599      0.72231      0.32019
    160.00000     45.00000      0.54695      0.82315      0.29498
    165.00000     45.00000      0.02807      0.98386      0.23771
    170.00000     45.00000     -0.29597      1.19022      0.16714
    175.00000     45.00000     -0.35573      1.42381      0.10272
    180.00000     45.00000     -0.12398      1.66394      0.06003
    185.00000     45.00000      0.37574      1.88972      0.04749
    190.00000     45.00000      1.07104      2.08215      0.06525
    195.00000     45.00000      1.85311      2.22606      0.10606
    200.00000     45.00000      2.59678      2.31155      0.15805
    205.00000     45.00000      3.18353      2.33477      0.20831
    210.00000     45.00000      3.52243      2.29804      0.24642
    215.00000     45.00000      3.56429      2.20908      0.26697
    220.00000     45.00000      3.30676      2.07985      0.27061
    225.00000     45.00000      2.78987      1.92488      0.26335
    230.00000     45.00000      2.08428      1.75963      0.25459
    235.00000     45.00000      1.27566      1.59890      0.25433
    240.00000     45.00000      0.44910      1.45548      0.27036
    245.00000     45.00000     -0.32307      1.33920      0.30614
    250.00000     45.00000     -0.98821      1.25628      0.35974
    255.00000     45.00000     -1.51467      1.20905      0.42418
    260.00000     45.00000     -1.88854      1.19606      0.48891
    265.00000     45.00000     -2.10784      1.21255      0.54220
    270.00000     45.00000     -2.17622      1.25127      0.57370
    275.00000     45.00000     -2.09806      1.30363      0.57680
    280.00000     45.00000     -1.87598      1.36089      0.55012
    285.00000     45.00000     -1.51107      1.41541      0.49785
    290.00000     45.00000     -1.00540      1.46157      0.42885
    295.00000     45.00000     -0.36579      1.49632      0.35473
    300.00000     45.00000      0.39241      1.51932      0.28738
    305.00000     45.00000      1.24261      1.53263      0.23657
    310.00000     45.00000      2.14644      1.54010      0.20812
    315.00000     45.00000      3.05579      1.54669      0.20321
    320.00000     45.00000      3.91731      1.55767      0.21886
    325.00000     45.00000      4.67856      1.57807      0.24931
    330.00000     45.00000      5.29477      1.61215      0.28798
    335.00000     45.00000      5.73446      1.66310      0.32917
    340.00000     45.00000      5.98284      1.73284      0.36907
    345.00000     45.00000      6.04219      1.82202      0.40573
    350.00000     45.00000      5.92918      1.93008      0.43809
    355.00000     45.00000      5.67010      2.05548      0.46457
    360.00000     45.00000      5.29532      2.19587      0.48176
      0.00000     50.00000      5.85204      2.38027      0.79972
      5.00000     50.00000      5.36100      2.54719      0.77672
     10.00000     50.00000      4.80040      2.71281      0.73528
     15.00000     50.00000      4.20224      2.87138      0.67475
     20.00000     50.00000      3.59765      3.01642      0.59659
     25.00000     50.00000      3.01728      3.14071      0.50546
     30.00000     50.00000      2.49137      3.23665      0.40970
     35.00000     50.00000      2.04894      3.29694      0.32077
     40.00000     50.00000      1.71572      3.31572      0.25156
     45.00000     50.00000      1.51111      3.28973      0.21379
     50.00000     50.00000      1.44489      3.21935      0.21515
     55.00000     50.00000      1.51466      3.10919      0.25684
     60.00000     50.00000      1.70507      2.96777      0.33226
     65.00000     50.00000      1.98921      2.80641      0.42738
     70.00000     50.00000      2.33246      2.63733      0.52294
     75.00000     50.00000      2.69779      2.47139      0.59801
     80.00000     50.00000      3.05164      2.31604      0.63429
     85.00000     50.00000      3.36886      2.17392      0.62015
     90.00000     50.00000      3.63547      2.04267      0.55341
     95.00000     50.00000      3.84859      1.91588      0.44217
    100.00000     50.00000      4.01339      1.78519      0.30347
    105.00000     50.00000      4.13791      1.64286      0.15992
    110.00000     50.00000      4.22703      1.48431      0.03515
    115.00000     50.00000      4.27732      1.30991     -0.05108
    120.00000     50.00000      4.27457      1.12564     -0.08683
    125.00000     50.00000      4.19480      0.94247     -0.07021
    130.00000     50.00000      4.00939      0.77463     -0.00942
    135.00000     50.00000      3.69318      0.63719      0.07947
    140.00000     50.00000      3.23399      0.54353      0.17633
    145.00000     50.00000      2.64115      0.50321      0.26155
    150.00000     50.00000      1.95039      0.52053      0.32021
    155.00000     50.00000      1.22337      0.59409      0.34503
    160.00000     50.00000      0.54097      0.71717      0.33738
    165.00000     50.00000     -0.00889      0.87879      0.30624
    170.00000     50.00000     -0.34676      1.06515      0.26553
    175.00000     50.00000     -0.41734      1.26117      0.23046
    180.00000     50.00000     -0.20177      1.45202      0.21389
    185.00000     50.00000      0.27637      1.62431      0.22354
    190.00000     50.00000      0.95283      1.76713      0.26065
    195.00000     50.00000      1.73232      1.87266      0.32028
    200.00000     50.00000      2.50380      1.93661      0.39304
    205.00000     50.00000      3.15850      1.95827      0.46774
    210.00000     50.00000      3.60683      1.94037      0.53416
    215.00000     50.00000      3.79105      1.88864      0.58534
    220.00000     50.00000      3.69142      1.81122      0.61880
    225.00000     50.00000      3.32541      1.71786      0.63652
    230.00000     50.00000      2.74095      1.61897      0.64382
    235.00000     50.00000      2.00575      1.52469      0.64743
    240.00000     50.00000      1.19544      1.44392      0.65347
    245.00000     50.00000      0.38293      1.38344      0.66564
    250.00000     50.00000     -0.36924      1.34725      0.68423
    255.00000     50.00000     -1.01290      1.33618      0.70610
    260.00000     50.00000     -1.51467      1.34792      0.72561
    265.00000     50.00000     -1.85397      1.37740      0.73617
    270.00000     50.00000     -2.01985      1.41764      0.73216
    275.00000     50.00000     -2.00786      1.46088      0.71053
    280.00000     50.00000     -1.81806      1.49984      0.67189
    285.00000     50.00000     -1.45442      1.52889      0.62068
    290.00000     50.00000     -0.92570      1.54495      0.56436
    295.00000     50.00000     -0.24714      1.54793      0.51199
    300.00000     50.00000      0.55771      1.54064      0.47231
    305.00000     50.00000      1.45592      1.52824      0.45197
    310.00000     50.00000      2.40551      1.51737      0.45424
    315.00000     50.00000      3.35753      1.51502      0.47852
    320.00000     50.00000      4.25986      1.52761      0.52075
    325.00000     50.00000      5.06208      1.56013      0.57453
    330.00000     50.00000      5.72069      1.61566      0.63258
    335.00000     50.00000      6.20364      1.69528      0.68815
    340.00000     50.00000      6.49318      1.79812      0.73602
    345.00000     50.00000      6.58669      1.92183      0.77275
    350.00000     50.00000      6.49529      2.06291      0.79641
    355.00000     50.00000      6.24082      2.21724      0.80579
    360.00000     50.00000      5.85204      2.38027      0.79972
      0.00000     55.00000      5.76021      2.37194      1.04778
      5.00000     55.00000      5.31025      2.52740      1.02279
     10.00000     55.00000      4.78869      2.67487      0.98357
     15.00000     55.00000      4.22804      2.80871      0.93208
     20.00000     55.00000      3.66057      2.92312      0.87144
     25.00000     55.00000      3.11742      3.01228      0.80626
     30.00000     55.00000      2.62785      3.07075      0.74262
     35.00000     55.00000      2.21810      3.09399      0.68765
     40.00000     55.00000      1.90997      3.07912      0.64844
     45.00000     55.00000      1.71907      3.02560      0.63065
     50.00000     55.00000      1.65310      2.93567      0.63693
     55.00000     55.00000      1.71076      2.81438      0.66576
     60.00000     55.00000      1.88156      2.66903      0.71085
     65.00000     55.00000      2.14687      2.50819      0.76168
     70.00000     55.00000      2.48222      2.34027      0.80503
     75.00000     55.00000      2.86036      2.17210      0.82725
     80.00000     55.00000      3.25448      2.00783      0.81707
     85.00000     55.00000      3.64099      1.84838      0.76806
     90.00000     55.00000      4.00112      1.69170      0.68038
     95.00000     55.00000      4.32100      1.53383      0.56117
    100.00000     55.00000      4.59034      1.37048      0.42367
    105.00000     55.00000      4.80010      1.19876      0.28485
    110.00000     55.00000      4.94002      1.01878      0.16231
    115.00000     55.00000      4.99687      0.83442      0.07098
    120.00000     55.00000      4.95425      0.65337      0.02031
    125.00000     55.00000      4.79461      0.48624      0.01262
    130.00000     55.00000      4.50303      0.34489      0.04298
    135.00000     55.00000      4.07261      0.24051      0.10052
    140.00000     55.00000      3.50984      0.18172      0.17103
    145.00000     55.00000      2.83876      0.17315      0.24000
    150.00000     55.00000      2.10236      0.21470      0.29572
    155.00000     55.00000      1.36039      0.30165      0.33141
    160.00000     55.00000      0.68316      0.42542      0.34624
    165.00000     55.00000      0.14219      0.57485      0.34492
    170.00000     55.00000     -0.20084      0.73764      0.33608
    175.00000     55.00000     -0.30483      0.90178      0.32989
    180.00000     55.00000     -0.15734      1.05664      0.33557
    185.00000     55.00000      0.22159      1.19373      0.35929
    190.00000     55.00000      0.78103      1.30707      0.40297
    195.00000     55.00000      1.44589      1.39323      0.46416
    200.00000     55.00000      2.12768      1.45118      0.53692
    205.00000     55.00000      2.73728      1.48199      0.61346
    210.00000     55.00000      3.19737      1.48852      0.68593
    215.00000     55.00000      3.45233      1.47508      0.74813
    220.00000     55.00000      3.47420      1.44708      0.79647
    225.00000     55.00000      3.26386      1.41065      0.83035
    230.00000     55.00000      2.84798      1.37220      0.85162
    235.00000     55.00000      2.27278      1.33786      0.86356
    240.00000     55.00000      1.59613      1.31291      0.86966
    245.00000     55.00000      0.87963      1.30115      0.87246
    250.00000     55.00000      0.18195      1.30449      0.87288
    255.00000     55.00000     -0.44583      1.32254      0.87010
    260.00000     55.00000     -0.96261      1.35273      0.86202
    265.00000     55.00000     -1.33794      1.39058      0.84621
    270.00000     55.00000     -1.55127      1.43044      0.82099
    275.00000     55.00000     -1.59084      1.46643      0.78636
    280.00000     55.00000     -1.45261      1.49343      0.74454
    285.00000     55.00000     -1.13972      1.50807      0.69996
    290.00000     55.00000     -0.66251      1.50941      0.65866
    295.00000     55.00000     -0.03884      1.49915      0.62718
    300.00000     55.00000      0.70555      1.48153      0.61132
    305.00000     55.00000      1.53721      1.46264      0.61497
    310.00000     55.00000      2.41600      1.44957      0.63929
    315.00000     55.00000      3.29716      1.44931      0.68250
    320.00000     55.00000      4.13436      1.46785      0.74020
    325.00000     55.00000      4.88333      1.50937      0.80622
    330.00000     55.00000      5.50573      1.57586      0.87374
    335.00000     55.00000      5.97238      1.66707      0.93632
    340.00000     55.00000      6.26553      1.78073      0.98878
    345.00000     55.00000      6.37977      1.91306      1.02752
    350.00000     55.00000      6.32144      2.05927      1.05059
    355.00000     55.00000      6.10692      2.21406      1.05728
    360.00000     55.00000      5.76021      2.37194      1.04778
      0.00000     60.00000      4.97504      2.12476      1.21983
      5.00000     60.00000      4.61374      2.25478      1.20850
     10.00000     60.00000      4.18825      2.37443      1.18616
     15.00000     60.00000      3.72644      2.47906      1.15517
     20.00000     60.00000      3.25654      2.56429      1.11842
     25.00000     60.00000      2.80587      2.62615      1.07920
     30.00000     60.00000      2.39984      2.66131      1.04116
     35.00000     60.00000      2.06078      2.66739      1.00792
     40.00000     60.00000      1.80690      2.64336      0.98252
     45.00000     60.00000      1.65118      2.58977      0.96677
     50.00000     60.00000      1.60055      2.50886      0.96058
     55.00000     60.00000      1.65534      2.40436      0.96151
     60.00000     60.00000      1.80931      2.28104      0.96470
     65.00000     60.00000      2.05031      2.14400      0.96337
     70.00000     60.00000      2.36143      1.99785      0.94979
     75.00000     60.00000      2.72260      1.84604      0.91665
     80.00000     60.00000      3.11228      1.69032      0.85864
     85.00000     60.00000      3.50891      1.53079      0.77374
     90.00000     60.00000      3.89193      1.36630      0.66413
     95.00000     60.00000      4.24216      1.19524      0.53630
    100.00000     60.00000      4.54174      1.01663      0.40026
    105.00000     60.00000      4.77365      0.83115      0.26817
    110.00000     60.00000      4.92143      0.64185      0.15230
    115.00000     60.00000      4.96929      0.45439      0.06302
    120.00000     60.00000      4.90306      0.27675      0.00705
    125.00000     60.00000      4.71207      0.11826     -0.01363
    130.00000     60.00000      4.39167     -0.01163     -0.00188
    135.00000     60.00000      3.94612     -0.10482      0.03536
    140.00000     60.00000      3.39104     -0.15580      0.08858
    145.00000     60.00000      2.75476     -0.16254      0.14764
    150.00000     60.00000      2.07776     -0.12677      0.20372
    155.00000     60.00000      1.41000     -0.05371      0.25081
    160.00000     60.00000      0.80612      0.04869      0.28653
    165.00000     60.00000      0.31890      0.17091      0.31211
    170.00000     60.00000     -0.00779      0.30301      0.33158
    175.00000     60.00000     -0.14558      0.43578      0.35049
    180.00000     60.00000     -0.08649      0.56150      0.37438
    185.00000     60.00000      0.15508      0.67450      0.40743
    190.00000     60.00000      0.54345      0.77121      0.45159
    195.00000     60.00000      1.02597      0.85006      0.50624
    200.00000     60.00000      1.53986      0.91119      0.56849
    205.00000     60.00000      2.02030      0.95602      0.63398
    210.00000     60.00000      2.40867      0.98691      0.69785
    215.00000     60.00000      2.65941      1.00686      0.75575
    220.00000     60.00000      2.74472      1.01926      0.80449
    225.00000     60.00000      2.65647      1.02764      0.84245
    230.00000     60.00000      2.40545      1.03549      0.86944
    235.00000     60.00000      2.01830      1.04595      0.88633
    240.00000     60.00000      1.53305      1.06154      0.89447
    245.00000     60.00000      0.99406      1.08379      0.89511
    250.00000     60.00000      0.44723      1.11306      0.88909
    255.00000     60.00000     -0.06400      1.14832      0.87676
    260.00000     60.00000     -0.50155      1.18725      0.85814
    265.00000     60.00000     -0.83441      1.22655      0.83340
    270.00000     60.00000     -1.03948      1.26238      0.80330
    275.00000     60.00000     -1.10176      1.29106      0.76964
    280.00000     60.00000     -1.01424      1.30977      0.73537
    285.00000     60.00000     -0.77771      1.31715      0.70446
    290.00000     60.00000     -0.40051      1.31369      0.68144
    295.00000     60.00000      0.10167      1.30192      0.67067
    300.00000     60.00000      0.70629      1.28609      0.67558
    305.00000     60.00000      1.38466      1.27171      0.69802
    310.00000     60.00000      2.10331      1.26479      0.73782
    315.00000     60.00000      2.82575      1.27104      0.79273
    320.00000     60.00000      3.51487      1.29511      0.85873
    325.00000     60.00000      4.13548      1.34001      0.93058
    330.00000     60.00000      4.65694      1.40685      1.00265
    335.00000     60.00000      5.05537      1.49477      1.06960
    340.00000     60.00000      5.31533      1.60122      1.12706
    345.00000     60.00000      5.43053      1.72233      1.17193
    350.00000     60.00000      5.40374      1.85339      1.20248
    355.00000     60.00000      5.24599      1.98926      1.21826
    360.00000     60.00000      4.97504      2.12476      1.21983
      0.00000     65.00000      3.61227      1.66241      1.32056
      5.00000     65.00000      3.36065      1.76703      1.32918
     10.00000     65.00000      3.05974      1.86298      1.32823
     15.00000     65.00000      2.73015      1.94690      1.31929
     20.00000     65.00000      2.39316      2.01583      1.30404
     25.00000     65.00000      2.06964      2.06730      1.28422
     30.00000     65.00000      1.77910      2.09939      1.26141
     35.00000     65.00000      1.53870      2.11090      1.23689
     40.00000     65.00000      1.36250      2.10138      1.21136
     45.00000     65.00000      1.26071      2.07122      1.18479
     50.00000     65.00000      1.23920      2.02158      1.15614
     55.00000     65.00000      1.29919      1.95420      1.12339
     60.00000     65.00000      1.43726      1.87114      1.08363
     65.00000     65.00000      1.64563      1.77441      1.03344
     70.00000     65.00000      1.91275      1.66566      0.96947
     75.00000     65.00000      2.22403      1.54590      0.88917
     80.00000     65.00000      2.56271      1.41549      0.79148
     85.00000     65.00000      2.91071      1.27428      0.67745
     90.00000     65.00000      3.24936      1.12202      0.55051
     95.00000     65.00000      3.55999      0.95884      0.41637
    100.00000     65.00000      3.82445      0.78588      0.28252
    105.00000     65.00000      4.02561      0.60573      0.15731
    110.00000     65.00000      4.14791      0.42268      0.04882
    115.00000     65.00000      4.17818      0.24266     -0.03624
    120.00000     65.00000      4.10673      0.07279     -0.09354
    125.00000     65.00000      3.92862     -0.07930     -0.12168
    130.00000     65.00000      3.64504     -0.20639     -0.12232
    135.00000     65.00000      3.26455     -0.30259     -0.09972
    140.00000     65.00000      2.80376     -0.36411     -0.05997
    145.00000     65.00000      2.28728     -0.38971     -0.00985
    150.00000     65.00000      1.74654     -0.38089      0.04427
    155.00000     65.00000      1.21756     -0.34156      0.09733
    160.00000     65.00000      0.73768     -0.27751      0.14622
    165.00000     65.00000      0.34168     -0.19560      0.18990
    170.00000     65.00000      0.05767     -0.10295      0.22916
    175.00000     65.00000     -0.09643     -0.00618      0.26599
    180.00000     65.00000     -0.11543      0.08919      0.30288
    185.00000     65.00000     -0.00788      0.17901      0.34203
    190.00000     65.00000      0.20468      0.26067      0.38483
    195.00000     65.00000      0.49016      0.33294      0.43149
    200.00000     65.00000      0.80973      0.39574      0.48107
    205.00000     65.00000      1.12235      0.44985      0.53174
    210.00000     65.00000      1.38955      0.49662      0.58114
    215.00000     65.00000      1.57959      0.53770      0.62688
    220.00000     65.00000      1.67060      0.57483      0.66693
    225.00000     65.00000      1.65231      0.60974      0.69982
    230.00000     65.00000      1.52628      0.64395      0.72477
    235.00000     65.00000      1.30485      0.67867      0.74159
    240.00000     65.00000      1.00902      0.71466      0.75055
    245.00000     65.00000      0.66574      0.75213      0.75217
    250.00000     65.00000      0.30503      0.79064      0.74711
    255.00000     65.00000     -0.04275      0.82909      0.73616
    260.00000     65.00000     -0.34924      0.86582      0.72029
    265.00000     65.00000     -0.58983      0.89881      0.70081
    270.00000     65.00000     -0.74496      0.92600      0.67947
    275.00000     65.00000     -0.80089      0.94568      0.65857
    280.00000     65.00000     -0.75011      0.95685      0.64091
    285.00000     65.00000     -0.59144      0.95957      0.62955
    290.00000     65.00000     -0.32996      0.95513      0.62758
    295.00000     65.00000      0.02338      0.94603      0.63759
    300.00000     65.00000      0.45230      0.93580      0.66135
    305.00000     65.00000      0.93606      0.92865      0.69944
    310.00000     65.00000      1.45061      0.92890      0.75109
    315.00000     65.00000      1.96995      0.94055      0.81416
    320.00000     65.00000      2.46781      0.96673      0.88543
    325.00000     65.00000      2.91933      1.00934      0.96094
    330.00000     65.00000      3.30273      1.06891      1.03649
    335.00000     65.00000      3.60069      1.14455      1.10809
    340.00000     65.00000      3.80149      1.23414      1.17237
    345.00000     65.00000      3.89952      1.33459      1.22681
    350.00000     65.00000      3.89545      1.44216      1.26991
    355.00000     65.00000      3.79581      1.55280      1.30109
    360.00000     65.00000      3.61227      1.66241      1.32056
      0.00000     70.00000      1.92740      1.07825      1.35953
      5.00000     70.00000      1.78255      1.16764      1.38570
     10.00000     70.00000      1.60651      1.25253      1.40216
     15.00000     70.00000      1.41224      1.33065      1.40934
     20.00000     70.00000      1.21336      1.40000      1.40771
     25.00000     70.00000      1.02344      1.45892      1.39770
     30.00000     70.00000      0.85523      1.50605      1.37959
     35.00000     70.00000      0.72009      1.54038      1.35344
     40.00000     70.00000      0.62737      1.56122      1.31907
     45.00000     70.00000      0.58397      1.56816      1.27598
     50.00000     70.00000      0.59397      1.56103      1.22340
     55.00000     70.00000      0.65847      1.53981      1.16036
     60.00000     70.00000      0.77549      1.50450      1.08586
     65.00000     70.00000      0.94013      1.45505      0.99906
     70.00000     70.00000      1.14478      1.39127      0.89959
     75.00000     70.00000      1.37950      1.31291      0.78785
     80.00000     70.00000      1.63252      1.21969      0.66524
     85.00000     70.00000      1.89071      1.11150      0.53434
     90.00000     70.00000      2.14019      0.98869      0.39890
     95.00000     70.00000      2.36689      0.85228      0.26366
    100.00000     70.00000      2.55715      0.70426      0.13404
    105.00000     70.00000      2.69838      0.54771      0.01556
    110.00000     70.00000      2.77973      0.38679     -0.08668
    115.00000     70.00000      2.79278      0.22657     -0.16859
    120.00000     70.00000      2.73233      0.07272     -0.22756
    125.00000     70.00000      2.59705     -0.06902     -0.26273
    130.00000     70.00000      2.39003     -0.19332     -0.27502
    135.00000     70.00000      2.11914     -0.29585     -0.26695
    140.00000     70.00000      1.79696     -0.37365     -0.24219
    145.00000     70.00000      1.44031     -0.42541     -0.20506
    150.00000     70.00000      1.06925     -0.45156     -0.15995
    155.00000     70.00000      0.70566     -0.45405     -0.11077
    160.00000     70.00000      0.37138     -0.43609     -0.06060
    165.00000     70.00000      0.08626     -0.40169     -0.01147
    170.00000     70.00000     -0.13390     -0.35519      0.03558
    175.00000     70.00000     -0.27893     -0.30080      0.08037
    180.00000     70.00000     -0.34547     -0.24224      0.12327
    185.00000     70.00000     -0.33735     -0.18252      0.16486
    190.00000     70.00000     -0.26516     -0.12386      0.20567
    195.00000     70.00000     -0.14518     -0.06764      0.24595
    200.00000     70.00000      0.00253     -0.01456      0.28554
    205.00000     70.00000      0.15624      0.03521      0.32395
    210.00000     70.00000      0.29490      0.08188      0.36037
    215.00000     70.00000      0.40027      0.12585      0.39391
    220.00000     70.00000      0.45865      0.16763      0.42366
    225.00000     70.00000      0.46200      0.20764      0.44889
    230.00000     70.00000      0.40845      0.24622      0.46913
    235.00000     70.00000      0.30205      0.28350      0.48415
    240.00000     70.00000      0.15209      0.31940      0.49404
    245.00000     70.00000     -0.02815      0.35359      0.49916
    250.00000     70.00000     -0.22272      0.38548      0.50014
    255.00000     70.00000     -0.41453      0.41430      0.49787
    260.00000     70.00000     -0.58677      0.43914      0.49351
    265.00000     70.00000     -0.72411      0.45912      0.48851
    270.00000     70.00000     -0.81376      0.47354      0.48458
    275.00000     70.00000     -0.84617      0.48203      0.48367
    280.00000     70.00000     -0.81559      0.48475      0.48784
    285.00000     70.00000     -0.72025      0.48252      0.49909
    290.00000     70.00000     -0.56244      0.47679      0.51922
    295.00000     70.00000     -0.34828      0.46966      0.54956
    300.00000     70.00000     -0.08731      0.46370      0.59079
    305.00000     70.00000      0.20809      0.46173      0.64282
    310.00000     70.00000      0.52345      0.46652      0.70475
    315.00000     70.00000      0.84315      0.48056      0.77488
    320.00000     70.00000      1.15134      0.50575      0.85086
    325.00000     70.00000      1.43300      0.54322      0.92994
    330.00000     70.00000      1.67483      0.59324      1.00920
    335.00000     70.00000      1.86611      0.65522      1.08583
    340.00000     70.00000      1.99931      0.72777      1.15730
    345.00000     70.00000      2.07049      0.80890      1.22161
    350.00000     70.00000      2.07942      0.89616      1.27727
    355.00000     70.00000      2.02950      0.98686      1.32338
    360.00000     70.00000      1.92740      1.07825      1.35953
      0.00000     75.00000      0.24979      0.50777      1.34440
      5.00000     75.00000      0.19050      0.59456      1.37959
     10.00000     75.00000      0.11627      0.68125      1.40425
     15.00000     75.00000      0.03366      0.76619      1.41796
     20.00000     75.00000     -0.05036      0.84783      1.42038
     25.00000     75.00000     -0.12878      0.92471      1.41124
     30.00000     75.00000     -0.19494      0.99545      1.39027
     35.00000     75.00000     -0.24292      1.05879      1.35723
     40.00000     75.00000     -0.26784      1.11349      1.31190
     45.00000     75.00000     -0.26612      1.15841      1.25411
     50.00000     75.00000     -0.23570      1.19240      1.18379
     55.00000     75.00000     -0.17615      1.21439      1.10108
     60.00000     75.00000     -0.08872      1.22331      1.00635
     65.00000     75.00000      0.02367      1.21818      0.90036
     70.00000     75.00000      0.15659      1.19811      0.78431
     75.00000     75.00000      0.30428      1.16240      0.65994
     80.00000     75.00000      0.45987      1.11066      0.52954
     85.00000     75.00000      0.61572      1.04288      0.39595
     90.00000     75.00000      0.76378      0.95963      0.26246
     95.00000     75.00000      0.89598      0.86206      0.13269
    100.00000     75.00000      1.00460      0.75208      0.01031
    105.00000     75.00000      1.08277      0.63225     -0.10116
    110.00000     75.00000      1.12482      0.50580     -0.19860
    115.00000     75.00000      1.12673      0.37641     -0.27963
    120.00000     75.00000      1.08640      0.24806     -0.34267
    125.00000     75.00000      1.00399      0.12472     -0.38717
    130.00000     75.00000      0.88201      0.01007     -0.41352
    135.00000     75.00000      0.72530     -0.09272     -0.42305
    140.00000     75.00000      0.54090     -0.18125     -0.41777
    145.00000     75.00000      0.33763     -0.25399     -0.40019
    150.00000     75.00000      0.12556     -0.31035     -0.37302
    155.00000     75.00000     -0.08468     -0.35065     -0.33896
    160.00000     75.00000     -0.28274     -0.37594     -0.30044
    165.00000     75.00000     -0.45932     -0.38785     -0.25953
    170.00000     75.00000     -0.60698     -0.38841     -0.21780
    175.00000     75.00000     -0.72075     -0.37976     -0.17640
    180.00000     75.00000     -0.79854     -0.36401     -0.13606
    185.00000     75.00000     -0.84124     -0.34312     -0.09720
    190.00000     75.00000     -0.85263     -0.31873     -0.06005
    195.00000     75.00000     -0.83887     -0.29221     -0.02474
    200.00000     75.00000     -0.80786     -0.26458      0.00863
    205.00000     75.00000     -0.76844     -0.23663      0.03994
    210.00000     75.00000     -0.72943     -0.20891      0.06904
    215.00000     75.00000     -0.69886     -0.18184      0.09579
    220.00000     75.00000     -0.68315     -0.15573      0.12003
    225.00000     75.00000     -0.68660     -0.13087      0.14169
    230.00000     75.00000     -0.71109     -0.10755      0.16078
    235.00000     75.00000     -0.75601     -0.08608      0.17744
    240.00000     75.00000     -0.81841     -0.06679      0.19198
    245.00000     75.00000     -0.89337     -0.05007      0.20485
    250.00000     75.00000     -0.97454     -0.03628      0.21671
    255.00000     75.00000     -1.05473     -0.02577      0.22836
    260.00000     75.00000     -1.12651     -0.01878      0.24079
    265.00000     75.00000     -1.18284     -0.01544      0.25510
    270.00000     75.00000     -1.21759     -0.01565      0.27250
    275.00000     75.00000     -1.22601     -0.01905      0.29422
    280.00000     75.00000     -1.20503     -0.02498      0.32144
    285.00000     75.00000     -1.15346     -0.03246      0.35520
    290.00000     75.00000     -1.07205     -0.04019      0.39631
    295.00000     75.00000     -0.96345     -0.04663      0.44521
    300.00000     75.00000     -0.83202     -0.05007      0.50198
    305.00000     75.00000     -0.68354     -0.04878      0.56623
    310.00000     75.00000     -0.52484     -0.04109      0.63709
    315.00000     75.00000     -0.36334     -0.02556      0.71330
    320.00000     75.00000     -0.20664     -0.00107      0.79325
    325.00000     75.00000     -0.06198      0.03306      0.87508
    330.00000     75.00000      0.06418      0.07706      0.95679
    335.00000     75.00000      0.16655      0.13068      1.03639
    340.00000     75.00000      0.24135      0.19324      1.11201
    345.00000     75.00000      0.28648      0.26367      1.18195
    350.00000     75.00000      0.30166      0.34063      1.24475
    355.00000     75.00000      0.28837      0.42255      1.29921
    360.00000     75.00000      0.24979      0.50777      1.34440
      0.00000     80.00000     -1.10795      0.08279      1.27661
      5.00000     80.00000     -1.11401      0.17430      1.30984
     10.00000     80.00000     -1.12440      0.26831      1.33215
     15.00000     80.00000     -1.13684      0.36347      1.34288
     20.00000     80.00000     -1.14889      0.45837      1.34146
     25.00000     80.00000     -1.15809      0.55159      1.32749
     30.00000     80.00000     -1.16214      0.64165      1.30073
     35.00000     80.00000     -1.15901      0.72708      1.26107
     40.00000     80.00000     -1.14705      0.80640      1.20863
     45.00000     80.00000     -1.12515      0.87814      1.14370
     50.00000     80.00000     -1.09274      0.94089      1.06679
     55.00000     80.00000     -1.04993      0.99330      0.97869
     60.00000     80.00000     -0.99746      1.03412      0.88045
     65.00000     80.00000     -0.93669      1.06226      0.77338
     70.00000     80.00000     -0.86959      1.07683      0.65910
     75.00000     80.00000     -0.79862      1.07719      0.53951
     80.00000     80.00000     -0.72665      1.06302      0.41670
     85.00000     80.00000     -0.65678      1.03438      0.29299
     90.00000     80.00000     -0.59224      0.99170      0.17077
     95.00000     80.00000     -0.53621      0.93584      0.05247
    100.00000     80.00000     -0.49161      0.86808     -0.05957
    105.00000     80.00000     -0.46098      0.79010     -0.16324
    110.00000     80.00000     -0.44634      0.70388     -0.25668
    115.00000     80.00000     -0.44898      0.61167     -0.33845
    120.00000     80.00000     -0.46947      0.51586     -0.40757
    125.00000     80.00000     -0.50750      0.41886     -0.46353
    130.00000     80.00000     -0.56194      0.32300     -0.50631
    135.00000     80.00000     -0.63087      0.23037     -0.53637
    140.00000     80.00000     -0.71167      0.14281     -0.55454
    145.00000     80.00000     -0.80116      0.06174     -0.56198
    150.00000     80.00000     -0.89581     -0.01178     -0.56005
    155.00000     80.00000     -0.99197     -0.07716     -0.55023
    160.00000     80.00000     -1.08607     -0.13416     -0.53402
    165.00000     80.00000     -1.17492     -0.18292     -0.51284
    170.00000     80.00000     -1.25585     -0.22386     -0.48799
    175.00000     80.00000     -1.32692     -0.25760     -0.46062
    180.00000     80.00000     -1.38700     -0.28491     -0.43166
    185.00000     80.00000     -1.43583     -0.30666     -0.40190
    190.00000     80.00000     -1.47398     -0.32372     -0.37190
    195.00000     80.00000     -1.50271     -0.33695     -0.34211
    200.00000     80.00000     -1.52386     -0.34714     -0.31282
    205.00000     80.00000     -1.53958     -0.35504     -0.28421
    210.00000     80.00000     -1.55217     -0.36131     -0.25637
    215.00000     80.00000     -1.56380     -0.36655     -0.22929
    220.00000     80.00000     -1.57632     -0.37129     -0.20290
    225.00000     80.00000     -1.59110     -0.37598     -0.17704
    230.00000     80.00000     -1.60889     -0.38102     -0.15147
    235.00000     80.00000     -1.62981     -0.38674     -0.12590
    240.00000     80.00000     -1.65334     -0.39341     -0.09992
    245.00000     80.00000     -1.67835     -0.40121     -0.07309
    250.00000     80.00000     -1.70329     -0.41024     -0.04488
    255.00000     80.00000     -1.72627     -0.42050     -0.01472
    260.00000     80.00000     -1.74528     -0.43185      0.01801
    265.00000     80.00000     -1.75835     -0.44403      0.05392
    270.00000     80.00000     -1.76372     -0.45665      0.09360
    275.00000     80.00000     -1.75999     -0.46914      0.13761
    280.00000     80.00000     -1.74626     -0.48080      0.18637
    285.00000     80.00000     -1.72216     -0.49081      0.24020
    290.00000     80.00000     -1.68796     -0.49822      0.29923
    295.00000     80.00000     -1.64449     -0.50202      0.36339
    300.00000     80.00000     -1.59318     -0.50118      0.43237
    305.00000     80.00000     -1.53586     -0.49469      0.50566
    310.00000     80.00000     -1.47477     -0.48163      0.58249
    315.00000     80.00000     -1.41233     -0.46118      0.66188
    320.00000     80.00000     -1.35101     -0.43275      0.74269
    325.00000     80.00000     -1.29320     -0.39590      0.82362
    330.00000     80.00000     -1.24105     -0.35047      0.90328
    335.00000     80.00000     -1.19631     -0.29651      0.98024
    340.00000     80.00000     -1.16024     -0.23435      1.05307
    345.00000     80.00000     -1.13357     -0.16452      1.12038
    350.00000     80.00000     -1.11640     -0.08774      1.18085
    355.00000     80.00000     -1.10822     -0.00496      1.23329
    360.00000     80.00000     -1.10795      0.08279      1.27661
      0.00000     85.00000     -1.93520     -0.11552      1.15174
      5.00000     85.00000     -1.92341     -0.02175      1.17322
     10.00000     85.00000     -1.91184      0.07439      1.18477
     15.00000     85.00000     -1.90021      0.17182      1.18593
     20.00000     85.00000     -1.88820      0.26935      1.17639
     25.00000     85.00000     -1.87551      0.36578      1.15600
     30.00000     85.00000     -1.86187      0.45987      1.12474
     35.00000     85.00000     -1.84707      0.55036      1.08279
     40.00000     85.00000     -1.83097      0.63604      1.03046
     45.00000     85.00000     -1.81352      0.71570      0.96825
     50.00000     85.00000     -1.79477      0.78824      0.89684
     55.00000     85.00000     -1.77489      0.85260      0.81706
     60.00000     85.00000     -1.75414      0.90788      0.72990
     65.00000     85.00000     -1.73289      0.95330      0.63647
     70.00000     85.00000     -1.71160      0.98822      0.53802
     75.00000     85.00000     -1.69081      1.01223      0.43590
     80.00000     85.00000     -1.67111      1.02506      0.33152
     85.00000     85.00000     -1.65311      1.02668      0.22631
     90.00000     85.00000     -1.63742      1.01727      0.12172
     95.00000     85.00000     -1.62463      0.99719      0.01915
    100.00000     85.00000     -1.61525      0.96702     -0.08006
    105.00000     85.00000     -1.60973      0.92750     -0.17470
    110.00000     85.00000     -1.60839      0.87954     -0.26366
    115.00000     85.00000     -1.61144      0.82417     -0.34604
    120.00000     85.00000     -1.61894      0.76249     -0.42109
    125.00000     85.00000     -1.63081      0.69567     -0.48827
    130.00000     85.00000     -1.64684      0.62490     -0.54723
    135.00000     85.00000     -1.66667      0.55133     -0.59780
    140.00000     85.00000     -1.68985      0.47606     -0.64000
    145.00000     85.00000     -1.71581      0.40011     -0.67402
    150.00000     85.00000     -1.74396      0.32438     -0.70017
    155.00000     85.00000     -1.77363      0.24965     -0.71886
    160.00000     85.00000     -1.80420      0.17659     -0.73060
    165.00000     85.00000     -1.83503      0.10570     -0.73593
    170.00000     85.00000     -1.86557      0.03738     -0.73542
    175.00000     85.00000     -1.89533     -0.02812     -0.72965
    180.00000     85.00000     -1.92392     -0.09065     -0.71917
    185.00000     85.00000     -1.95106     -0.15014     -0.70449
    190.00000     85.00000     -1.97654     -0.20662     -0.68606
    195.00000     85.00000     -2.00028     -0.26018     -0.66428
    200.00000     85.00000     -2.02225     -0.31093     -0.63948
    205.00000     85.00000     -2.04251     -0.35903     -0.61194
    210.00000     85.00000     -2.06114     -0.40464     -0.58183
    215.00000     85.00000     -2.07824     -0.44792     -0.54931
    220.00000     85.00000     -2.09392     -0.48902     -0.51443
    225.00000     85.00000     -2.10825     -0.52806     -0.47722
    230.00000     85.00000     -2.12129     -0.56511     -0.43764
    235.00000     85.00000     -2.13302     -0.60022     -0.39564
    240.00000     85.00000     -2.14340     -0.63337     -0.35110
    245.00000     85.00000     -2.15234     -0.66449     -0.30392
    250.00000     85.00000     -2.15969     -0.69346     -0.25398
    255.00000     85.00000     -2.16529     -0.72007     -0.20116
    260.00000     85.00000     -2.16899     -0.74408     -0.14536
    265.00000     85.00000     -2.17061     -0.76516     -0.08653
    270.00000     85.00000     -2.17003     -0.78295     -0.02464
    275.00000     85.00000     -2.16716     -0.79701      0.04025
    280.00000     85.00000     -2.16196     -0.80690      0.10802
    285.00000     85.00000     -2.15447     -0.81212      0.17849
    290.00000     85.00000     -2.14479     -0.81219      0.25134
    295.00000     85.00000     -2.13311     -0.80660      0.32619
    300.00000     85.00000     -2.11967     -0.79490      0.40254
    305.00000     85.00000     -2.10478     -0.77666      0.47981
    310.00000     85.00000     -2.08876     -0.75153      0.55730
    315.00000     85.00000     -2.07201     -0.71922      0.63425
    320.00000     85.00000     -2.05487     -0.67956      0.70980
    325.00000     85.00000     -2.03771     -0.63247      0.78305
    330.00000     85.00000     -2.02084     -0.57800      0.85306
    335.00000     85.00000     -2.00453     -0.51633      0.91885
    340.00000     85.00000     -1.98897     -0.44777      0.97947
    345.00000     85.00000     -1.97427     -0.37277      1.03395
    350.00000     85.00000     -1.96046     -0.29190      1.08137
    355.00000     85.00000     -1.94748     -0.20588      1.12090
    360.00000     85.00000     -1.93520     -0.11552      1.15174
      0.00000     90.00000     -2.17477     -0.08630      0.96501
      5.00000     90.00000     -2.17477     -0.00187      0.96887
     10.00000     90.00000     -2.17477      0.08258      0.96535
     15.00000     90.00000     -2.17477      0.16640      0.95448
     20.00000     90.00000     -2.17477      0.24896      0.93635
     25.00000     90.00000     -2.17477      0.32961      0.91109
     30.00000     90.00000     -2.17477      0.40776      0.87890
     35.00000     90.00000     -2.17477      0.48281      0.84002
     40.00000     90.00000     -2.17477      0.55418      0.79474
     45.00000     90.00000     -2.17477      0.62134      0.74342
     50.00000     90.00000     -2.17477      0.68377      0.68644
     55.00000     90.00000     -2.17477      0.74099      0.62424
     60.00000     90.00000     -2.17477      0.79257      0.55728
     65.00000     90.00000     -2.17477      0.83812      0.48608
     70.00000     90.00000     -2.17477      0.87729      0.41119
     75.00000     90.00000     -2.17477      0.90979      0.33316
     80.00000     90.00000     -2.17477      0.93536      0.25260
     85.00000     90.00000     -2.17477      0.95381      0.17012
     90.00000     90.00000     -2.17477      0.96501      0.08634
     95.00000     90.00000     -2.17477      0.96885      0.00191
    100.00000     90.00000     -2.17477      0.96533     -0.08254
    105.00000     90.00000     -2.17477      0.95446     -0.16636
    110.00000     90.00000     -2.17477      0.93632     -0.24892
    115.00000     90.00000     -2.17477      0.91106     -0.32958
    120.00000     90.00000     -2.17477      0.87887     -0.40773
    125.00000     90.00000     -2.17477      0.83998     -0.48278
    130.00000     90.00000     -2.17477      0.79471     -0.55416
    135.00000     90.00000     -2.17477      0.74338     -0.62131
    140.00000     90.00000     -2.17477      0.68640     -0.68374
    145.00000     90.00000     -2.17477      0.62419     -0.74097
    150.00000     90.00000     -2.17477      0.55724     -0.79255
    155.00000     90.00000     -2.17477      0.48604     -0.83811
    160.00000     90.00000     -2.17477      0.41114     -0.87728
    165.00000     90.00000     -2.17477      0.33312     -0.90978
    170.00000     90.00000     -2.17477      0.25256     -0.93536
    175.00000     90.00000     -2.17477      0.17008     -0.95381
    180.00000     90.00000     -2.17477      0.08630     -0.96501
    185.00000     90.00000     -2.17477      0.00186     -0.96886
    190.00000     90.00000     -2.17477     -0.08258     -0.96534
    195.00000     90.00000     -2.17477     -0.16640     -0.95447
    200.00000     90.00000     -2.17477     -0.24896     -0.93634
    205.00000     90.00000     -2.17477     -0.32961     -0.91108
    210.00000     90.00000     -2.17477     -0.40776     -0.87889
    215.00000     90.00000     -2.17477     -0.48281     -0.84001
    220.00000     90.00000     -2.17477     -0.55418     -0.79474
    225.00000     90.00000     -2.17477     -0.62134     -0.74342
    230.00000     90.00000     -2.17477     -0.68376     -0.68644
    235.00000     90.00000     -2.17477     -0.74098     -0.62423
    240.00000     90.00000     -2.17477     -0.79257     -0.55728
    245.00000     90.00000     -2.17477     -0.83812     -0.48608
    250.00000     90.00000     -2.17477     -0.87729     -0.41119
    255.00000     90.00000     -2.17477     -0.90979     -0.33316
    260.00000     90.00000     -2.17477     -0.93536     -0.25260
    265.00000     90.00000     -2.17477     -0.95381     -0.17012
    270.00000     90.00000     -2.17477     -0.96500     -0.08634
    275.00000     90.00000     -2.17477     -0.96885     -0.00191
    280.00000     90.00000     -2.17477     -0.96533      0.08254
    285.00000     90.00000     -2.17477     -0.95446      0.16636
    290.00000     90.00000     -2.17477     -0.93632      0.24892
    295.00000     90.00000     -2.17477     -0.91106      0.32958
    300.00000     90.00000     -2.17477     -0.87887      0.40773
    305.00000     90.00000     -2.17477     -0.83999      0.48278
    310.00000     90.00000     -2.17477     -0.79471      0.55416
    315.00000     90.00000     -2.17477     -0.74339      0.62131
    320.00000     90.00000     -2.17477     -0.68640      0.68374
    325.00000     90.00000     -2.17477     -0.62420      0.74097
    330.00000     90.00000     -2.17477     -0.55724      0.79255
    335.00000     90.00000     -2.17477     -0.48604      0.83811
    340.00000     90.00000     -2.17477     -0.41115      0.87728
    345.00000     90.00000     -2.17477     -0.33312      0.90978
    350.00000     90.00000     -2.17477     -0.25256      0.93536
    355.00000     90.00000     -2.17477     -0.17008      0.95382
    360.00000     90.00000     -2.17477     -0.08630      0.96501
