TITLE     = "Magnetic map of TYC 5164-567-1, 2013-06-23, from 19 ESPaDOnS spectra (program tyc-5164-567-1-2013-06)"
VARIABLES = "Longitude [Deg]" "Latitude [Deg]" "B<sub>R</sub> [G]" "B<sub>A</sub> [G]" "B<sub>M</sub> [G]"
ZONE I=73, J=37, K=1, ZONETYPE=Ordered
DATAPACKING=POINT
DT=(SINGLE SINGLE SINGLE SINGLE SINGLE)
      0.00000    -90.00000     99.50745      0.06296     -5.45516
      5.00000    -90.00000     99.50745      0.53830     -5.42890
     10.00000    -90.00000     99.50745      1.00955     -5.36133
     15.00000    -90.00000     99.50745      1.47311     -5.25295
     20.00000    -90.00000     99.50745      1.92546     -5.10459
     25.00000    -90.00000     99.50745      2.36315     -4.91738
     30.00000    -90.00000     99.50745      2.78287     -4.69275
     35.00000    -90.00000     99.50745      3.18140     -4.43241
     40.00000    -90.00000     99.50745      3.55572     -4.13833
     45.00000    -90.00000     99.50745      3.90298     -3.81276
     50.00000    -90.00000     99.50745      4.22053     -3.45816
     55.00000    -90.00000     99.50745      4.50597     -3.07726
     60.00000    -90.00000     99.50745      4.75711     -2.67293
     65.00000    -90.00000     99.50746      4.97204     -2.24825
     70.00000    -90.00000     99.50746      5.14914     -1.80647
     75.00000    -90.00000     99.50746      5.28705     -1.35094
     80.00000    -90.00000     99.50746      5.38472     -0.88513
     85.00000    -90.00000     99.50746      5.44141     -0.41258
     90.00000    -90.00000     99.50746      5.45669      0.06311
     95.00000    -90.00000     99.50746      5.43044      0.53832
    100.00000    -90.00000     99.50746      5.36286      1.00943
    105.00000    -90.00000     99.50746      5.25446      1.47286
    110.00000    -90.00000     99.50746      5.10608      1.92508
    115.00000    -90.00000     99.50746      4.91883      2.36264
    120.00000    -90.00000     99.50746      4.69415      2.78223
    125.00000    -90.00000     99.50746      4.43375      3.18064
    130.00000    -90.00000     99.50746      4.13960      3.55485
    135.00000    -90.00000     99.50746      3.81394      3.90200
    140.00000    -90.00000     99.50746      3.45926      4.21946
    145.00000    -90.00000     99.50746      3.07825      4.50480
    150.00000    -90.00000     99.50746      2.67382      4.75586
    155.00000    -90.00000     99.50746      2.24903      4.97072
    160.00000    -90.00000     99.50746      1.80713      5.14775
    165.00000    -90.00000     99.50746      1.35148      5.28561
    170.00000    -90.00000     99.50746      0.88554      5.38323
    175.00000    -90.00000     99.50745      0.41286      5.43989
    180.00000    -90.00000     99.50745     -0.06296      5.45515
    185.00000    -90.00000     99.50745     -0.53831      5.42889
    190.00000    -90.00000     99.50745     -1.00955      5.36131
    195.00000    -90.00000     99.50745     -1.47311      5.25293
    200.00000    -90.00000     99.50745     -1.92546      5.10457
    205.00000    -90.00000     99.50745     -2.36316      4.91737
    210.00000    -90.00000     99.50745     -2.78287      4.69273
    215.00000    -90.00000     99.50745     -3.18141      4.43239
    220.00000    -90.00000     99.50745     -3.55572      4.13831
    225.00000    -90.00000     99.50745     -3.90298      3.81273
    230.00000    -90.00000     99.50745     -4.22054      3.45814
    235.00000    -90.00000     99.50745     -4.50597      3.07723
    240.00000    -90.00000     99.50745     -4.75711      2.67290
    245.00000    -90.00000     99.50745     -4.97205      2.24823
    250.00000    -90.00000     99.50745     -5.14914      1.80645
    255.00000    -90.00000     99.50745     -5.28705      1.35092
    260.00000    -90.00000     99.50745     -5.38472      0.88510
    265.00000    -90.00000     99.50745     -5.44141      0.41256
    270.00000    -90.00000     99.50745     -5.45668     -0.06313
    275.00000    -90.00000     99.50745     -5.43043     -0.53834
    280.00000    -90.00000     99.50745     -5.36285     -1.00945
    285.00000    -90.00000     99.50745     -5.25446     -1.47288
    290.00000    -90.00000     99.50745     -5.10607     -1.92510
    295.00000    -90.00000     99.50745     -4.91882     -2.36266
    300.00000    -90.00000     99.50745     -4.69414     -2.78225
    305.00000    -90.00000     99.50745     -4.43374     -3.18066
    310.00000    -90.00000     99.50745     -4.13959     -3.55487
    315.00000    -90.00000     99.50745     -3.81394     -3.90202
    320.00000    -90.00000     99.50745     -3.45926     -4.21947
    325.00000    -90.00000     99.50745     -3.07825     -4.50481
    330.00000    -90.00000     99.50745     -2.67381     -4.75587
    335.00000    -90.00000     99.50745     -2.24903     -4.97073
    340.00000    -90.00000     99.50745     -1.80713     -5.14776
    345.00000    -90.00000     99.50745     -1.35148     -5.28562
    350.00000    -90.00000     99.50745     -0.88554     -5.38325
    355.00000    -90.00000     99.50745     -0.41286     -5.43990
    360.00000    -90.00000     99.50745      0.06296     -5.45516
      0.00000    -85.00000     99.05758     -0.07251     -5.98527
      5.00000    -85.00000     99.07453      0.36130     -5.98247
     10.00000    -85.00000     99.09281      0.79571     -5.94559
     15.00000    -85.00000     99.11240      1.22834     -5.87423
     20.00000    -85.00000     99.13328      1.65665     -5.76811
     25.00000    -85.00000     99.15541      2.07799     -5.62710
     30.00000    -85.00000     99.17870      2.48957     -5.45127
     35.00000    -85.00000     99.20307      2.88851     -5.24089
     40.00000    -85.00000     99.22839      3.27183     -4.99650
     45.00000    -85.00000     99.25449      3.63649     -4.71890
     50.00000    -85.00000     99.28119      3.97942     -4.40919
     55.00000    -85.00000     99.30828      4.29754     -4.06878
     60.00000    -85.00000     99.33549      4.58783     -3.69942
     65.00000    -85.00000     99.36256      4.84735     -3.30318
     70.00000    -85.00000     99.38917      5.07328     -2.88246
     75.00000    -85.00000     99.41502      5.26297     -2.43998
     80.00000    -85.00000     99.43976      5.41396     -1.97877
     85.00000    -85.00000     99.46304      5.52406     -1.50216
     90.00000    -85.00000     99.48453      5.59132     -1.01377
     95.00000    -85.00000     99.50388      5.61415     -0.51745
    100.00000    -85.00000     99.52077      5.59127     -0.01731
    105.00000    -85.00000     99.53490      5.52182      0.48234
    110.00000    -85.00000     99.54600      5.40536      0.97703
    115.00000    -85.00000     99.55384      5.24190      1.46217
    120.00000    -85.00000     99.55824      5.03196      1.93306
    125.00000    -85.00000     99.55904      4.77659      2.38500
    130.00000    -85.00000     99.55619      4.47738      2.81333
    135.00000    -85.00000     99.54964      4.13647      3.21347
    140.00000    -85.00000     99.53945      3.75659      3.58107
    145.00000    -85.00000     99.52570      3.34102      3.91201
    150.00000    -85.00000     99.50857      2.89356      4.20254
    155.00000    -85.00000     99.48826      2.41852      4.44934
    160.00000    -85.00000     99.46506      1.92063      4.64958
    165.00000    -85.00000     99.43930      1.40498      4.80105
    170.00000    -85.00000     99.41134      0.87695      4.90211
    175.00000    -85.00000     99.38159      0.34208      4.95183
    180.00000    -85.00000     99.35048     -0.19401      4.94996
    185.00000    -85.00000     99.31845     -0.72573      4.89694
    190.00000    -85.00000     99.28597     -1.24764      4.79386
    195.00000    -85.00000     99.25347     -1.75456      4.64249
    200.00000    -85.00000     99.22138     -2.24160      4.44514
    205.00000    -85.00000     99.19011     -2.70434      4.20464
    210.00000    -85.00000     99.16002     -3.13877      3.92425
    215.00000    -85.00000     99.13143     -3.54143      3.60759
    220.00000    -85.00000     99.10461     -3.90940      3.25851
    225.00000    -85.00000     99.07977     -4.24027      2.88105
    230.00000    -85.00000     99.05706     -4.53220      2.47932
    235.00000    -85.00000     99.03659     -4.78383      2.05747
    240.00000    -85.00000     99.01839     -4.99430      1.61958
    245.00000    -85.00000     99.00246     -5.16317      1.16963
    250.00000    -85.00000     98.98875     -5.29039      0.71147
    255.00000    -85.00000     98.97718     -5.37626      0.24878
    260.00000    -85.00000     98.96764     -5.42137     -0.21494
    265.00000    -85.00000     98.95999     -5.42659     -0.67642
    270.00000    -85.00000     98.95409     -5.39296     -1.13254
    275.00000    -85.00000     98.94982     -5.32176     -1.58041
    280.00000    -85.00000     98.94702     -5.21440     -2.01732
    285.00000    -85.00000     98.94558     -5.07243     -2.44075
    290.00000    -85.00000     98.94539     -4.89755     -2.84838
    295.00000    -85.00000     98.94636     -4.69152     -3.23805
    300.00000    -85.00000     98.94844     -4.45620     -3.60780
    305.00000    -85.00000     98.95157     -4.19354     -3.95584
    310.00000    -85.00000     98.95573     -3.90549     -4.28054
    315.00000    -85.00000     98.96091     -3.59408     -4.58046
    320.00000    -85.00000     98.96711     -3.26131     -4.85426
    325.00000    -85.00000     98.97437     -2.90922     -5.10080
    330.00000    -85.00000     98.98271     -2.53981     -5.31900
    335.00000    -85.00000     98.99216     -2.15511     -5.50793
    340.00000    -85.00000     99.00277     -1.75710     -5.66671
    345.00000    -85.00000     99.01458     -1.34779     -5.79455
    350.00000    -85.00000     99.02763     -0.92921     -5.89070
    355.00000    -85.00000     99.04196     -0.50341     -5.95449
    360.00000    -85.00000     99.05758     -0.07251     -5.98527
      0.00000    -80.00000     98.00186     -0.17600     -6.51400
      5.00000    -80.00000     98.02481      0.22419     -6.53040
     10.00000    -80.00000     98.05090      0.62919     -6.51917
     15.00000    -80.00000     98.08034      1.03780     -6.47908
     20.00000    -80.00000     98.11329      1.44845     -6.40881
     25.00000    -80.00000     98.14992      1.85918     -6.30708
     30.00000    -80.00000     98.19035      2.26762     -6.17267
     35.00000    -80.00000     98.23464      2.67100     -6.00458
     40.00000    -80.00000     98.28278      3.06619     -5.80208
     45.00000    -80.00000     98.33466      3.44977     -5.56480
     50.00000    -80.00000     98.39004      3.81811     -5.29281
     55.00000    -80.00000     98.44856      4.16746     -4.98664
     60.00000    -80.00000     98.50970      4.49406     -4.64733
     65.00000    -80.00000     98.57281      4.79420     -4.27640
     70.00000    -80.00000     98.63707      5.06432     -3.87582
     75.00000    -80.00000     98.70156      5.30100     -3.44800
     80.00000    -80.00000     98.76522      5.50105     -2.99572
     85.00000    -80.00000     98.82695      5.66147     -2.52210
     90.00000    -80.00000     98.88557      5.77948     -2.03055
     95.00000    -80.00000     98.93992      5.85250     -1.52478
    100.00000    -80.00000     98.98887      5.87815     -1.00876
    105.00000    -80.00000     99.03133      5.85429     -0.48677
    110.00000    -80.00000     99.06632      5.77904      0.03663
    115.00000    -80.00000     99.09299      5.65087      0.55655
    120.00000    -80.00000     99.11060      5.46868      1.06776
    125.00000    -80.00000     99.11860      5.23191      1.56471
    130.00000    -80.00000     99.11660      4.94069      2.04157
    135.00000    -80.00000     99.10439      4.59595      2.49228
    140.00000    -80.00000     99.08196      4.19956      2.91068
    145.00000    -80.00000     99.04952      3.75441      3.29066
    150.00000    -80.00000     99.00746      3.26449      3.62631
    155.00000    -80.00000     98.95639      2.73488      3.91219
    160.00000    -80.00000     98.89712      2.17172      4.14348
    165.00000    -80.00000     98.83067      1.58211      4.31622
    170.00000    -80.00000     98.75820      0.97393      4.42749
    175.00000    -80.00000     98.68105      0.35561      4.47557
    180.00000    -80.00000     98.60068     -0.26413      4.46001
    185.00000    -80.00000     98.51861     -0.87657      4.38167
    190.00000    -80.00000     98.43642     -1.47328      4.24266
    195.00000    -80.00000     98.35566     -2.04639      4.04627
    200.00000    -80.00000     98.27783     -2.58883      3.79677
    205.00000    -80.00000     98.20430     -3.09450      3.49924
    210.00000    -80.00000     98.13624     -3.55837      3.15936
    215.00000    -80.00000     98.07465     -3.97654      2.78323
    220.00000    -80.00000     98.02026     -4.34630      2.37710
    225.00000    -80.00000     97.97352     -4.66600      1.94725
    230.00000    -80.00000     97.93461     -4.93506      1.49974
    235.00000    -80.00000     97.90344     -5.15384      1.04031
    240.00000    -80.00000     97.87964     -5.32345      0.57417
    245.00000    -80.00000     97.86263     -5.44564      0.10598
    250.00000    -80.00000     97.85165     -5.52259     -0.36031
    255.00000    -80.00000     97.84581     -5.55671     -0.82136
    260.00000    -80.00000     97.84413     -5.55047     -1.27447
    265.00000    -80.00000     97.84565     -5.50630     -1.71743
    270.00000    -80.00000     97.84943     -5.42646     -2.14839
    275.00000    -80.00000     97.85464     -5.31307     -2.56574
    280.00000    -80.00000     97.86059     -5.16812     -2.96798
    285.00000    -80.00000     97.86675     -4.99354     -3.35366
    290.00000    -80.00000     97.87275     -4.79129     -3.72135
    295.00000    -80.00000     97.87840     -4.56341     -4.06967
    300.00000    -80.00000     97.88368     -4.31206     -4.39735
    305.00000    -80.00000     97.88866     -4.03949     -4.70328
    310.00000    -80.00000     97.89355     -3.74799     -4.98660
    315.00000    -80.00000     97.89860     -3.43981     -5.24670
    320.00000    -80.00000     97.90411     -3.11705     -5.48321
    325.00000    -80.00000     97.91041     -2.78156     -5.69600
    330.00000    -80.00000     97.91782     -2.43493     -5.88503
    335.00000    -80.00000     97.92665     -2.07843     -6.05031
    340.00000    -80.00000     97.93720     -1.71305     -6.19181
    345.00000    -80.00000     97.94975     -1.33954     -6.30936
    350.00000    -80.00000     97.96455     -0.95850     -6.40264
    355.00000    -80.00000     97.98185     -0.57046     -6.47110
    360.00000    -80.00000     98.00186     -0.17600     -6.51400
      0.00000    -75.00000     96.34874     -0.24763     -7.06624
      5.00000    -75.00000     96.37160      0.12656     -7.09524
     10.00000    -75.00000     96.39931      0.50813     -7.10233
     15.00000    -75.00000     96.43214      0.89694     -7.08669
     20.00000    -75.00000     96.47046      1.29257     -7.04713
     25.00000    -75.00000     96.51474      1.69418     -6.98204
     30.00000    -75.00000     96.56556      2.10037     -6.88927
     35.00000    -75.00000     96.62356      2.50902     -6.76632
     40.00000    -75.00000     96.68935      2.91727     -6.61049
     45.00000    -75.00000     96.76347      3.32147     -6.41917
     50.00000    -75.00000     96.84620      3.71739     -6.19018
     55.00000    -75.00000     96.93751      4.10033     -5.92203
     60.00000    -75.00000     97.03694      4.46540     -5.61417
     65.00000    -75.00000     97.14358      4.80774     -5.26712
     70.00000    -75.00000     97.25597      5.12270     -4.88249
     75.00000    -75.00000     97.37223      5.40601     -4.46293
     80.00000    -75.00000     97.49004      5.65384     -4.01195
     85.00000    -75.00000     97.60681      5.86283     -3.53371
     90.00000    -75.00000     97.71981      6.03001     -3.03275
     95.00000    -75.00000     97.82627      6.15265     -2.51373
    100.00000    -75.00000     97.92355      6.22815     -1.98125
    105.00000    -75.00000     98.00923      6.25386     -1.43979
    110.00000    -75.00000     98.08118      6.22694     -0.89370
    115.00000    -75.00000     98.13761      6.14437     -0.34739
    120.00000    -75.00000     98.17705      6.00304      0.19445
    125.00000    -75.00000     98.19838      5.79993      0.72656
    130.00000    -75.00000     98.20081      5.53251      1.24298
    135.00000    -75.00000     98.18390      5.19910      1.73688
    140.00000    -75.00000     98.14752      4.79926      2.20069
    145.00000    -75.00000     98.09192      4.33414      2.62631
    150.00000    -75.00000     98.01775      3.80678      3.00541
    155.00000    -75.00000     97.92603      3.22219      3.32987
    160.00000    -75.00000     97.81823      2.58746      3.59226
    165.00000    -75.00000     97.69624      1.91163      3.78629
    170.00000    -75.00000     97.56234      1.20546      3.90728
    175.00000    -75.00000     97.41926      0.48104      3.95245
    180.00000    -75.00000     97.27003     -0.24877      3.92114
    185.00000    -75.00000     97.11798     -0.97092      3.81484
    190.00000    -75.00000     96.96658     -1.67287      3.63697
    195.00000    -75.00000     96.81936     -2.34306      3.39257
    200.00000    -75.00000     96.67970     -2.97136      3.08788
    205.00000    -75.00000     96.55071     -3.54919      2.73003
    210.00000    -75.00000     96.43507     -4.06959      2.32674
    215.00000    -75.00000     96.33494     -4.52721      1.88621
    220.00000    -75.00000     96.25185     -4.91833      1.41711
    225.00000    -75.00000     96.18665     -5.24093      0.92846
    230.00000    -75.00000     96.13948     -5.49487      0.42939
    235.00000    -75.00000     96.10978     -5.68193     -0.07123
    240.00000    -75.00000     96.09630     -5.80582     -0.56537
    245.00000    -75.00000     96.09715     -5.87184     -1.04646
    250.00000    -75.00000     96.10990     -5.88636     -1.50990
    255.00000    -75.00000     96.13173     -5.85610     -1.95321
    260.00000    -75.00000     96.15960     -5.78736     -2.37594
    265.00000    -75.00000     96.19045     -5.68539     -2.77920
    270.00000    -75.00000     96.22149     -5.55407     -3.16484
    275.00000    -75.00000     96.25031     -5.39586     -3.53476
    280.00000    -75.00000     96.27513     -5.21218     -3.89019
    285.00000    -75.00000     96.29481     -5.00392     -4.23134
    290.00000    -75.00000     96.30887     -4.77204     -4.55739
    295.00000    -75.00000     96.31746     -4.51805     -4.86676
    300.00000    -75.00000     96.32119     -4.24421     -5.15757
    305.00000    -75.00000     96.32097     -3.95349     -5.42822
    310.00000    -75.00000     96.31795     -3.64922     -5.67765
    315.00000    -75.00000     96.31328     -3.33465     -5.90561
    320.00000    -75.00000     96.30811     -3.01254     -6.11246
    325.00000    -75.00000     96.30349     -2.68481     -6.29899
    330.00000    -75.00000     96.30036     -2.35249     -6.46601
    335.00000    -75.00000     96.29952     -2.01576     -6.61412
    340.00000    -75.00000     96.30164     -1.67426     -6.74351
    345.00000    -75.00000     96.30726     -1.32733     -6.85396
    350.00000    -75.00000     96.31679     -0.97427     -6.94498
    355.00000    -75.00000     96.33054     -0.61450     -7.01595
    360.00000    -75.00000     96.34874     -0.24763     -7.06624
      0.00000    -70.00000     94.08425     -0.28456     -7.79099
      5.00000    -70.00000     94.10796      0.07363     -7.81220
     10.00000    -70.00000     94.13748      0.43470     -7.81701
     15.00000    -70.00000     94.17207      0.79906     -7.81007
     20.00000    -70.00000     94.21141      1.16853     -7.79488
     25.00000    -70.00000     94.25588      1.54578     -7.77260
     30.00000    -70.00000     94.30664      1.93355     -7.74124
     35.00000    -70.00000     94.36561      2.33371     -7.69552
     40.00000    -70.00000     94.43528      2.74649     -7.62738
     45.00000    -70.00000     94.51840      3.16995     -7.52693
     50.00000    -70.00000     94.61756      3.59990     -7.38381
     55.00000    -70.00000     94.73479      4.03007     -7.18859
     60.00000    -70.00000     94.87109      4.45273     -6.93412
     65.00000    -70.00000     95.02612      4.85930     -6.61647
     70.00000    -70.00000     95.19799      5.24123     -6.23563
     75.00000    -70.00000     95.38326      5.59065     -5.79555
     80.00000    -70.00000     95.57714      5.90104     -5.30378
     85.00000    -70.00000     95.77385      6.16762     -4.77059
     90.00000    -70.00000     95.96709      6.38749     -4.20759
     95.00000    -70.00000     96.15065      6.55933     -3.62629
    100.00000    -70.00000     96.31885      6.68279     -3.03659
    105.00000    -70.00000     96.46691      6.75752     -2.44585
    110.00000    -70.00000     96.59114      6.78214     -1.85862
    115.00000    -70.00000     96.68888      6.75346     -1.27713
    120.00000    -70.00000     96.75836      6.66622     -0.70256
    125.00000    -70.00000     96.79840      6.51351     -0.13650
    130.00000    -70.00000     96.80824      6.28770      0.41760
    135.00000    -70.00000     96.78740      5.98178      0.95366
    140.00000    -70.00000     96.73564      5.59064      1.46274
    145.00000    -70.00000     96.65307      5.11200      1.93366
    150.00000    -70.00000     96.54028      4.54701      2.35391
    155.00000    -70.00000     96.39845      3.90035      2.71086
    160.00000    -70.00000     96.22947      3.18023      2.99288
    165.00000    -70.00000     96.03604      2.39817      3.19047
    170.00000    -70.00000     95.82173      1.56872      3.29712
    175.00000    -70.00000     95.59100      0.70888      3.31004
    180.00000    -70.00000     95.34918     -0.16295      3.23046
    185.00000    -70.00000     95.10236     -1.02823      3.06331
    190.00000    -70.00000     94.85715     -1.86969      2.81624
    195.00000    -70.00000     94.62025     -2.67224      2.49827
    200.00000    -70.00000     94.39810     -3.42329      2.11838
    205.00000    -70.00000     94.19644     -4.11217      1.68469
    210.00000    -70.00000     94.02007     -4.72933      1.20462
    215.00000    -70.00000     93.87270     -5.26566      0.68584
    220.00000    -70.00000     93.75693     -5.71252      0.13771
    225.00000    -70.00000     93.67432     -6.06277     -0.42758
    230.00000    -70.00000     93.62531     -6.31243     -0.99492
    235.00000    -70.00000     93.60921     -6.46240     -1.54753
    240.00000    -70.00000     93.62398     -6.51946     -2.06927
    245.00000    -70.00000     93.66612     -6.49597     -2.54753
    250.00000    -70.00000     93.73057     -6.40830     -2.97559
    255.00000    -70.00000     93.81093     -6.27410     -3.35387
    260.00000    -70.00000     93.89985     -6.10939     -3.68942
    265.00000    -70.00000     93.98968     -5.92604     -3.99389
    270.00000    -70.00000     94.07330     -5.73045     -4.28055
    275.00000    -70.00000     94.14487     -5.52374     -4.56101
    280.00000    -70.00000     94.20040     -5.30321     -4.84277
    285.00000    -70.00000     94.23803     -5.06468     -5.12807
    290.00000    -70.00000     94.25792     -4.80487     -5.41431
    295.00000    -70.00000     94.26187     -4.52315     -5.69565
    300.00000    -70.00000     94.25273     -4.22215     -5.96538
    305.00000    -70.00000     94.23384     -3.90720     -6.21799
    310.00000    -70.00000     94.20849     -3.58483     -6.45056
    315.00000    -70.00000     94.17970     -3.26096     -6.66297
    320.00000    -70.00000     94.15006     -2.93935     -6.85705
    325.00000    -70.00000     94.12179     -2.62090     -7.03523
    330.00000    -70.00000     94.09679     -2.30388     -7.19903
    335.00000    -70.00000     94.07670     -1.98495     -7.34822
    340.00000    -70.00000     94.06290     -1.66058     -7.48073
    345.00000    -70.00000     94.05643     -1.32832     -7.59343
    350.00000    -70.00000     94.05788     -0.98744     -7.68336
    355.00000    -70.00000     94.06729     -0.63888     -7.74900
    360.00000    -70.00000     94.08425     -0.28456     -7.79099
      0.00000    -65.00000     91.14688     -0.24529     -8.93016
      5.00000    -65.00000     91.18405      0.10427     -8.90151
     10.00000    -65.00000     91.22627      0.43748     -8.86396
     15.00000    -65.00000     91.26863      0.75488     -8.83754
     20.00000    -65.00000     91.30758      1.06333     -8.83904
     25.00000    -65.00000     91.34190      1.37449     -8.87799
     30.00000    -65.00000     91.37320      1.70218     -8.95399
     35.00000    -65.00000     91.40599      2.05944     -9.05587
     40.00000    -65.00000     91.44731      2.45576     -9.16266
     45.00000    -65.00000     91.50588      2.89488     -9.24641
     50.00000    -65.00000     91.59094      3.37383     -9.27602
     55.00000    -65.00000     91.71092      3.88305     -9.22168
     60.00000    -65.00000     91.87205      4.40761     -9.05907
     65.00000    -65.00000     92.07713      4.92915     -8.77279
     70.00000    -65.00000     92.32473      5.42818     -8.35864
     75.00000    -65.00000     92.60885      5.88653     -7.82456
     80.00000    -65.00000     92.91936      6.28963     -7.18997
     85.00000    -65.00000     93.24295      6.62855     -6.48339
     90.00000    -65.00000     93.56476      6.90115     -5.73819
     95.00000    -65.00000     93.87018      7.11192     -4.98721
    100.00000    -65.00000     94.14666      7.27004     -4.25713
    105.00000    -65.00000     94.38497      7.38591     -3.56413
    110.00000    -65.00000     94.57973      7.46683     -2.91217
    115.00000    -65.00000     94.72906      7.51327     -2.29459
    120.00000    -65.00000     94.83349      7.51699     -1.69852
    125.00000    -65.00000     94.89455      7.46177     -1.11095
    130.00000    -65.00000     94.91360      7.32664     -0.52431
    135.00000    -65.00000     94.89102      7.09053      0.05990
    140.00000    -65.00000     94.82621      6.73670      0.63044
    145.00000    -65.00000     94.71804      6.25565      1.16820
    150.00000    -65.00000     94.56547      5.64597      1.64958
    155.00000    -65.00000     94.36825      4.91357      2.05017
    160.00000    -65.00000     94.12734      4.07047      2.34794
    165.00000    -65.00000     93.84523      3.13383      2.52574
    170.00000    -65.00000     93.52630      2.12555      2.57346
    175.00000    -65.00000     93.17713      1.07154      2.48977
    180.00000    -65.00000     92.80669     -0.00010      2.28281
    185.00000    -65.00000     92.42611     -1.06213      1.96909
    190.00000    -65.00000     92.04798     -2.09153      1.57005
    195.00000    -65.00000     91.68509     -3.07157      1.10705
    200.00000    -65.00000     91.34908     -3.99114      0.59639
    205.00000    -65.00000     91.04939     -4.84137      0.04676
    210.00000    -65.00000     90.79285     -5.61118     -0.53954
    215.00000    -65.00000     90.58406     -6.28396     -1.16181
    220.00000    -65.00000     90.42615     -6.83781     -1.81441
    225.00000    -65.00000     90.32161     -7.24970     -2.48168
    230.00000    -65.00000     90.27251     -7.50231     -3.13665
    235.00000    -65.00000     90.28013     -7.59098     -3.74477
    240.00000    -65.00000     90.34375     -7.52784     -4.27157
    245.00000    -65.00000     90.45936     -7.34129     -4.69177
    250.00000    -65.00000     90.61858     -7.07101     -4.99667
    255.00000    -65.00000     90.80846     -6.75964     -5.19739
    260.00000    -65.00000     91.01242     -6.44395     -5.32275
    265.00000    -65.00000     91.21221     -6.14786     -5.41243
    270.00000    -65.00000     91.39055     -5.87923     -5.50744
    275.00000    -65.00000     91.53375     -5.63128     -5.64053
    280.00000    -65.00000     91.63365     -5.38773     -5.82946
    285.00000    -65.00000     91.68831     -5.13007     -6.07473
    290.00000    -65.00000     91.70136     -4.84462     -6.36220
    295.00000    -65.00000     91.68034     -4.52708     -6.66946
    300.00000    -65.00000     91.63445     -4.18351     -6.97348
    305.00000    -65.00000     91.57260     -3.82759     -7.25722
    310.00000    -65.00000     91.50217     -3.47545     -7.51308
    315.00000    -65.00000     91.42860     -3.13999     -7.74258
    320.00000    -65.00000     91.35578     -2.82663     -7.95283
    325.00000    -65.00000     91.28684     -2.53192     -8.15143
    330.00000    -65.00000     91.22480     -2.24537     -8.34185
    335.00000    -65.00000     91.17291     -1.95360     -8.52100
    340.00000    -65.00000     91.13446     -1.64536     -8.67985
    345.00000    -65.00000     91.11219     -1.31539     -8.80668
    350.00000    -65.00000     91.10752     -0.96594     -8.89170
    355.00000    -65.00000     91.11994     -0.60545     -8.93124
    360.00000    -65.00000     91.14688     -0.24529     -8.93016
      0.00000    -60.00000     87.43390     -0.08246    -10.65034
      5.00000    -60.00000     87.51421      0.25754    -10.51544
     10.00000    -60.00000     87.59556      0.54425    -10.38361
     15.00000    -60.00000     87.66255      0.77907    -10.30262
     20.00000    -60.00000     87.70336      0.97842    -10.31285
     25.00000    -60.00000     87.71220      1.17009    -10.43867
     30.00000    -60.00000     87.69082      1.38777    -10.68258
     35.00000    -60.00000     87.64874      1.66459    -11.02287
     40.00000    -60.00000     87.60248      2.02661    -11.41541
     45.00000    -60.00000     87.57373      2.48747    -11.79940
     50.00000    -60.00000     87.58654      3.04547    -12.10610
     55.00000    -60.00000     87.66411      3.68356    -12.26888
     60.00000    -60.00000     87.82518      4.37224    -12.23263
     65.00000    -60.00000     88.08090      5.07402    -11.96143
     70.00000    -60.00000     88.43240      5.74862    -11.44377
     75.00000    -60.00000     88.86953      6.35819    -10.69537
     80.00000    -60.00000     89.37127      6.87295     -9.75902
     85.00000    -60.00000     89.90792      7.27661     -8.70031
     90.00000    -60.00000     90.44504      7.57068     -7.59846
     95.00000    -60.00000     90.94870      7.77536     -6.53259
    100.00000    -60.00000     91.39086      7.92521     -5.56620
    105.00000    -60.00000     91.75361      8.05967     -4.73417
    110.00000    -60.00000     92.03094      8.21028     -4.03668
    115.00000    -60.00000     92.22745      8.38899     -3.44255
    120.00000    -60.00000     92.35443      8.58151     -2.90160
    125.00000    -60.00000     92.42461      8.74874     -2.36176
    130.00000    -60.00000     92.44755      8.83586     -1.78566
    135.00000    -60.00000     92.42696      8.78611     -1.16114
    140.00000    -60.00000     92.36072      8.55408     -0.50326
    145.00000    -60.00000     92.24279      8.11386      0.15130
    150.00000    -60.00000     92.06584      7.46018      0.75381
    155.00000    -60.00000     91.82337      6.60425      1.25303
    160.00000    -60.00000     91.51102      5.56824      1.60240
    165.00000    -60.00000     91.12749      4.38208      1.76532
    170.00000    -60.00000     90.67556      3.08312      1.72002
    175.00000    -60.00000     90.16356      1.71608      1.46451
    180.00000    -60.00000     89.60654      0.32977      1.01982
    185.00000    -60.00000     89.02612     -1.03041      0.42817
    190.00000    -60.00000     88.44814     -2.33156     -0.25592
    195.00000    -60.00000     87.89867     -3.55861     -0.98016
    200.00000    -60.00000     87.39948     -4.71125     -1.70910
    205.00000    -60.00000     86.96498     -5.79262     -2.43202
    210.00000    -60.00000     86.60197     -6.79466     -3.15951
    215.00000    -60.00000     86.31213     -7.68791     -3.90951
    220.00000    -60.00000     86.09610     -8.42221     -4.68876
    225.00000    -60.00000     85.95707     -8.93927     -5.47828
    230.00000    -60.00000     85.90212     -9.19252     -6.22985
    235.00000    -60.00000     85.94043     -9.16603     -6.87573
    240.00000    -60.00000     86.07900     -8.88465     -7.34808
    245.00000    -60.00000     86.31739     -8.41145     -7.60112
    250.00000    -60.00000     86.64348     -7.83358     -7.62789
    255.00000    -60.00000     87.03191     -7.24152     -7.46635
    260.00000    -60.00000     87.44620     -6.70819     -7.19253
    265.00000    -60.00000     87.84419     -6.27395     -6.90310
    270.00000    -60.00000     88.18578     -5.94132     -6.69215
    275.00000    -60.00000     88.44052     -5.68029     -6.62897
    280.00000    -60.00000     88.59316     -5.44242     -6.74323
    285.00000    -60.00000     88.64519     -5.17900     -7.02181
    290.00000    -60.00000     88.61218     -4.85742     -7.41777
    295.00000    -60.00000     88.51786     -4.47082     -7.86788
    300.00000    -60.00000     88.38721     -4.03804     -8.31248
    305.00000    -60.00000     88.24080     -3.59505     -8.71108
    310.00000    -60.00000     88.09197     -3.18098     -9.04932
    315.00000    -60.00000     87.94719     -2.82420     -9.33602
    320.00000    -60.00000     87.80875     -2.53269     -9.59282
    325.00000    -60.00000     87.67815     -2.29214     -9.84076
    330.00000    -60.00000     87.55886     -2.07185    -10.08900
    335.00000    -60.00000     87.45725     -1.83633    -10.32955
    340.00000    -60.00000     87.38166     -1.55816    -10.53980
    345.00000    -60.00000     87.33993     -1.22726    -10.69132
    350.00000    -60.00000     87.33655     -0.85340    -10.76144
    355.00000    -60.00000     87.37038     -0.46155    -10.74325
    360.00000    -60.00000     87.43390     -0.08246    -10.65034
      0.00000    -55.00000     82.84371      0.17517    -12.85497
      5.00000    -55.00000     83.01778      0.49884    -12.55728
     10.00000    -55.00000     83.18404      0.72220    -12.27899
     15.00000    -55.00000     83.30656      0.85064    -12.10604
     20.00000    -55.00000     83.35740      0.91472    -12.11081
     25.00000    -55.00000     83.32180      0.96356    -12.33796
     30.00000    -55.00000     83.20112      1.05622    -12.79424
     35.00000    -55.00000     83.01353      1.25137    -13.44374
     40.00000    -55.00000     82.79260      1.59576    -14.20999
     45.00000    -55.00000     82.58361      2.11368    -14.98589
     50.00000    -55.00000     82.43796      2.80084    -15.64974
     55.00000    -55.00000     82.40626      3.62504    -16.08377
     60.00000    -55.00000     82.53098      4.53269    -16.19077
     65.00000    -55.00000     82.83973      5.45811    -15.90651
     70.00000    -55.00000     83.33995      6.33240    -15.20821
     75.00000    -55.00000     84.01555      7.09140    -14.12049
     80.00000    -55.00000     84.82646      7.68480    -12.71816
     85.00000    -55.00000     85.71197      8.08741    -11.12250
     90.00000    -55.00000     86.59880      8.31020     -9.48645
     95.00000    -55.00000     87.41326      8.40505     -7.96783
    100.00000    -55.00000     88.09530      8.45741     -6.69523
    105.00000    -55.00000     88.61038      8.56527     -5.73719
    110.00000    -55.00000     88.95507      8.80954     -5.08595
    115.00000    -55.00000     89.15390      9.22572     -4.66296
    120.00000    -55.00000     89.24826      9.78735     -4.34537
    125.00000    -55.00000     89.28107     10.40827     -4.00488
    130.00000    -55.00000     89.28325     10.96375     -3.54539
    135.00000    -55.00000     89.26642     11.32338     -2.92689
    140.00000    -55.00000     89.22362     11.38320     -2.16931
    145.00000    -55.00000     89.13575     11.08493     -1.33897
    150.00000    -55.00000     88.97942     10.41705     -0.52712
    155.00000    -55.00000     88.73243      9.40193      0.16922
    160.00000    -55.00000     88.37621      8.08058      0.65948
    165.00000    -55.00000     87.89708      6.50503      0.86776
    170.00000    -55.00000     87.28912      4.74002      0.74258
    175.00000    -55.00000     86.55916      2.86630      0.27050
    180.00000    -55.00000     85.73162      0.97512     -0.51222
    185.00000    -55.00000     84.84918     -0.84978     -1.51982
    190.00000    -55.00000     83.96658     -2.55536     -2.63586
    195.00000    -55.00000     83.13872     -4.13264     -3.74724
    200.00000    -55.00000     82.40756     -5.60891     -4.77967
    205.00000    -55.00000     81.79389     -7.01854     -5.71722
    210.00000    -55.00000     81.29782     -8.36607     -6.59523
    215.00000    -55.00000     80.90781     -9.60158     -7.46880
    220.00000    -55.00000     80.61380    -10.62294     -8.37138
    225.00000    -55.00000     80.41827    -11.30663     -9.28317
    230.00000    -55.00000     80.34003    -11.55390    -10.12405
    235.00000    -55.00000     80.40891    -11.33188    -10.77437
    240.00000    -55.00000     80.65341    -10.69273    -11.11487
    245.00000    -55.00000     81.08595     -9.76391    -11.06999
    250.00000    -55.00000     81.69098     -8.71538    -10.63918
    255.00000    -55.00000     82.42037     -7.71601     -9.90637
    260.00000    -55.00000     83.19799     -6.89311     -9.02528
    265.00000    -55.00000     83.93309     -6.30560     -8.18455
    270.00000    -55.00000     84.53913     -5.93696     -7.56231
    275.00000    -55.00000     84.95308     -5.70913     -7.28246
    280.00000    -55.00000     85.14892     -5.51335     -7.38602
    285.00000    -55.00000     85.14097     -5.24837     -7.82683
    290.00000    -55.00000     84.97564     -4.85349     -8.49292
    295.00000    -55.00000     84.71493     -4.32546     -9.24560
    300.00000    -55.00000     84.41780     -3.71451     -9.96172
    305.00000    -55.00000     84.12614     -3.10255    -10.56472
    310.00000    -55.00000     83.85945     -2.57256    -11.03548
    315.00000    -55.00000     83.61855     -2.18007    -11.40259
    320.00000    -55.00000     83.39501     -1.93540    -11.71823
    325.00000    -55.00000     83.18167     -1.80209    -12.02983
    330.00000    -55.00000     82.98020     -1.71138    -12.35776
    335.00000    -55.00000     82.80314     -1.58763    -12.68639
    340.00000    -55.00000     82.67059     -1.37531    -12.97080
    345.00000    -55.00000     82.60292     -1.05710    -13.15580
    350.00000    -55.00000     82.61271     -0.65658    -13.19905
    355.00000    -55.00000     82.69866     -0.22587    -13.08952
    360.00000    -55.00000     82.84371      0.17517    -12.85497
      0.00000    -50.00000     77.33593      0.37363    -15.14625
      5.00000    -50.00000     77.67686      0.68018    -14.63257
     10.00000    -50.00000     77.99579      0.84561    -14.15449
     15.00000    -50.00000     78.22267      0.88539    -13.84267
     20.00000    -50.00000     78.30314      0.84720    -13.80680
     25.00000    -50.00000     78.20754      0.80080    -14.11594
     30.00000    -50.00000     77.93581      0.82821    -14.78349
     35.00000    -50.00000     77.51898      1.01116    -15.75877
     40.00000    -50.00000     77.01711      1.41408    -16.92871
     45.00000    -50.00000     76.51299      2.06625    -18.13251
     50.00000    -50.00000     76.10174      2.95140    -19.18718
     55.00000    -50.00000     75.87763      4.01054    -19.91696
     60.00000    -50.00000     75.92078      5.15648    -20.17779
     65.00000    -50.00000     76.28553      6.29113    -19.87291
     70.00000    -50.00000     76.99125      7.31771    -18.96242
     75.00000    -50.00000     78.01550      8.14791    -17.47313
     80.00000    -50.00000     79.29036      8.71158    -15.50936
     85.00000    -50.00000     80.70521      8.97543    -13.25645
     90.00000    -50.00000     82.11965      8.96700    -10.96409
     95.00000    -50.00000     83.38786      8.78922     -8.90245
    100.00000    -50.00000     84.38998      8.61035     -7.29881
    105.00000    -50.00000     85.06111      8.62451     -6.27583
    110.00000    -50.00000     85.40648      8.99345     -5.81611
    115.00000    -50.00000     85.49528      9.79024     -5.76894
    120.00000    -50.00000     85.43415     10.96624     -5.89904
    125.00000    -50.00000     85.32993     12.35502     -5.96006
    130.00000    -50.00000     85.25676     13.71373     -5.76605
    135.00000    -50.00000     85.23979     14.78847     -5.23547
    140.00000    -50.00000     85.25933     15.37869     -4.39532
    145.00000    -50.00000     85.26880     15.37499     -3.35252
    150.00000    -50.00000     85.21397     14.75792     -2.25353
    155.00000    -50.00000     85.04392     13.56780     -1.25380
    160.00000    -50.00000     84.71275     11.87141     -0.50393
    165.00000    -50.00000     84.17937      9.74893     -0.14215
    170.00000    -50.00000     83.41372      7.30374     -0.27694
    175.00000    -50.00000     82.41129      4.67535     -0.95505
    180.00000    -50.00000     81.20836      2.03023     -2.12956
    185.00000    -50.00000     79.88609     -0.47765     -3.65321
    190.00000    -50.00000     78.55600     -2.75825     -5.31298
    195.00000    -50.00000     77.32995     -4.81514     -6.89828
    200.00000    -50.00000     76.28753     -6.72821     -8.27250
    205.00000    -50.00000     75.45648     -8.59149     -9.41232
    210.00000    -50.00000     74.81573    -10.43637    -10.39441
    215.00000    -50.00000     74.31941    -12.18203    -11.33569
    220.00000    -50.00000     73.93007    -13.64220    -12.31666
    225.00000    -50.00000     73.64560    -14.58816    -13.32409
    230.00000    -50.00000     73.50781    -14.83911    -14.23895
    235.00000    -50.00000     73.58935    -14.33854    -14.87294
    240.00000    -50.00000     73.96470    -13.18448    -15.03656
    245.00000    -50.00000     74.67634    -11.60524    -14.61101
    250.00000    -50.00000     75.70817     -9.89545    -13.59918
    255.00000    -50.00000     76.97471     -8.33830    -12.14124
    260.00000    -50.00000     78.33006     -7.13745    -10.49192
    265.00000    -50.00000     79.59568     -6.37404     -8.96465
    270.00000    -50.00000     80.60066     -5.99705     -7.85528
    275.00000    -50.00000     81.22375     -5.84982     -7.36530
    280.00000    -50.00000     81.42339     -5.72728     -7.54900
    285.00000    -50.00000     81.24455     -5.44738     -8.30505
    290.00000    -50.00000     80.79885     -4.91166     -9.41740
    295.00000    -50.00000     80.22523     -4.13274    -10.63024
    300.00000    -50.00000     79.64669     -3.22035    -11.72728
    305.00000    -50.00000     79.13950     -2.33504    -12.58640
    310.00000    -50.00000     78.72465     -1.62952    -13.19370
    315.00000    -50.00000     78.38061     -1.19826    -13.61914
    320.00000    -50.00000     78.06871     -1.04965    -13.96864
    325.00000    -50.00000     77.75903     -1.10734    -14.33240
    330.00000    -50.00000     77.44734     -1.23974    -14.74720
    335.00000    -50.00000     77.15850     -1.30804    -15.18410
    340.00000    -50.00000     76.93703     -1.21512    -15.56381
    345.00000    -50.00000     76.82948     -0.93575    -15.79188
    350.00000    -50.00000     76.86570     -0.51648    -15.79855
    355.00000    -50.00000     77.04562     -0.04807    -15.56779
    360.00000    -50.00000     77.33593      0.37363    -15.14625
      0.00000    -45.00000     70.97968      0.26642    -16.98489
      5.00000    -45.00000     71.58288      0.57533    -16.19590
     10.00000    -45.00000     72.14575      0.72337    -15.45068
     15.00000    -45.00000     72.54773      0.74425    -14.93047
     20.00000    -45.00000     72.69591      0.70376    -14.78727
     25.00000    -45.00000     72.53830      0.68608    -15.11850
     30.00000    -45.00000     72.07112      0.78591    -15.94728
     35.00000    -45.00000     71.34183      1.09711    -17.21044
     40.00000    -45.00000     70.44710      1.69117    -18.75949
     45.00000    -45.00000     69.52331      2.59063    -20.37989
     50.00000    -45.00000     68.72843      3.75304    -21.82695
     55.00000    -45.00000     68.21880      5.07849    -22.86742
     60.00000    -45.00000     68.12688      6.43794    -23.31166
     65.00000    -45.00000     68.54437      7.70352    -23.02905
     70.00000    -45.00000     69.50987      8.76265    -21.95455
     75.00000    -45.00000     70.99758      9.51648    -20.10174
     80.00000    -45.00000     72.90632      9.88274    -17.58804
     85.00000    -45.00000     75.05612      9.82216    -14.65675
     90.00000    -45.00000     77.20410      9.38407    -11.66671
     95.00000    -45.00000     79.08683      8.74061     -9.03020
    100.00000    -45.00000     80.48304      8.17604     -7.10845
    105.00000    -45.00000     81.27594      8.02021     -6.10263
    110.00000    -45.00000     81.48851      8.54733     -5.98712
    115.00000    -45.00000     81.27321      9.87927     -6.51614
    120.00000    -45.00000     80.85629     11.93047     -7.30411
    125.00000    -45.00000     80.45873     14.41588     -7.94949
    130.00000    -45.00000     80.22716     16.92256     -8.15374
    135.00000    -45.00000     80.20317     19.02241     -7.79002
    140.00000    -45.00000     80.33808     20.38336     -6.90142
    145.00000    -45.00000     80.53590     20.83214     -5.64500
    150.00000    -45.00000     80.69418     20.34538     -4.22437
    155.00000    -45.00000     80.72114     18.98860     -2.85039
    160.00000    -45.00000     80.52979     16.85502     -1.73682
    165.00000    -45.00000     80.03007     14.04947     -1.10279
    170.00000    -45.00000     79.14096     10.71869     -1.14528
    175.00000    -45.00000     77.82618      7.08425     -1.97371
    180.00000    -45.00000     76.13334      3.42691     -3.54056
    185.00000    -45.00000     74.20704      0.00909     -5.62075
    190.00000    -45.00000     72.25833     -3.02387     -7.87038
    195.00000    -45.00000     70.49911     -5.69796     -9.94681
    200.00000    -45.00000     69.07190     -8.17593    -11.63227
    205.00000    -45.00000     68.00964    -10.64300    -12.89877
    210.00000    -45.00000     67.24482    -13.17137    -13.88376
    215.00000    -45.00000     66.66220    -15.63658    -14.79207
    220.00000    -45.00000     66.16927    -17.73264    -15.77398
    225.00000    -45.00000     65.75157    -19.08182    -16.83593
    230.00000    -45.00000     65.48950    -19.38715    -17.82102
    235.00000    -45.00000     65.53125    -18.55675    -18.46219
    240.00000    -45.00000     66.03457    -16.74815    -18.48152
    245.00000    -45.00000     67.10040    -14.32293    -17.69546
    250.00000    -45.00000     68.72081    -11.74115    -16.09184
    255.00000    -45.00000     70.75696     -9.43966    -13.85905
    260.00000    -45.00000     72.95396     -7.72872    -11.36175
    265.00000    -45.00000     74.99125     -6.72566     -9.06518
    270.00000    -45.00000     76.55870     -6.33696     -7.42031
    275.00000    -45.00000     77.43861     -6.29741     -6.73799
    280.00000    -45.00000     77.56649     -6.26407     -7.09511
    285.00000    -45.00000     77.04565     -5.93894     -8.31435
    290.00000    -45.00000     76.10622     -5.17381    -10.03199
    295.00000    -45.00000     75.02332     -4.01351    -11.82760
    300.00000    -45.00000     74.02783     -2.66312    -13.36046
    305.00000    -45.00000     73.24565     -1.40082    -14.45847
    310.00000    -45.00000     72.68552     -0.47663    -15.13306
    315.00000    -45.00000     72.27188     -0.03277    -15.52856
    320.00000    -45.00000     71.90174     -0.06507    -15.83621
    325.00000    -45.00000     71.49920     -0.43202    -16.20853
    330.00000    -45.00000     71.04866     -0.90779    -16.70202
    335.00000    -45.00000     70.59857     -1.26367    -17.26396
    340.00000    -45.00000     70.23919     -1.34809    -17.76330
    345.00000    -45.00000     70.06537     -1.13131    -18.04987
    350.00000    -45.00000     70.13874     -0.69626    -18.01626
    355.00000    -45.00000     70.46302     -0.18514    -17.63857
    360.00000    -45.00000     70.97968      0.26642    -16.98489
      0.00000    -40.00000     63.96314     -0.40536    -17.91795
      5.00000    -40.00000     64.94419     -0.04540    -16.78421
     10.00000    -40.00000     65.86500      0.15735    -15.68623
     15.00000    -40.00000     66.53575      0.26253    -14.86642
     20.00000    -40.00000     66.81134      0.35586    -14.52777
     25.00000    -40.00000     66.60908      0.53027    -14.80031
     30.00000    -40.00000     65.91796      0.88072    -15.71808
     35.00000    -40.00000     64.80407      1.49715    -17.20730
     40.00000    -40.00000     63.41017      2.44209    -19.08871
     45.00000    -40.00000     61.94285      3.71635    -21.09993
     50.00000    -40.00000     60.64360      5.23651    -22.93921
     55.00000    -40.00000     59.75006      6.84805    -24.31858
     60.00000    -40.00000     59.46093      8.37305    -25.00432
     65.00000    -40.00000     59.91438      9.65994    -24.83094
     70.00000    -40.00000     61.17617     10.59897    -23.70023
     75.00000    -40.00000     63.22488     11.10237    -21.59471
     80.00000    -40.00000     65.92763     11.08878    -18.62189
     85.00000    -40.00000     69.01979     10.51516    -15.06682
     90.00000    -40.00000     72.11677      9.45401    -11.40017
     95.00000    -40.00000     74.78006      8.16048     -8.19999
    100.00000    -40.00000     76.63043      7.06476     -5.99490
    105.00000    -40.00000     77.46850      6.66890     -5.08941
    110.00000    -40.00000     77.34721      7.38636     -5.45148
    115.00000    -40.00000     76.55595      9.39271     -6.71708
    120.00000    -40.00000     75.51535     12.54524     -8.31428
    125.00000    -40.00000     74.62628     16.40037     -9.65644
    130.00000    -40.00000     74.14079     20.32698    -10.32359
    135.00000    -40.00000     74.11157     23.68172    -10.15700
    140.00000    -40.00000     74.43178     25.98009     -9.23779
    145.00000    -40.00000     74.92589     26.98717     -7.78486
    150.00000    -40.00000     75.42697     26.68973     -6.05090
    155.00000    -40.00000     75.79713     25.18654     -4.28210
    160.00000    -40.00000     75.89884     22.58962     -2.74288
    165.00000    -40.00000     75.56680     19.01297     -1.74300
    170.00000    -40.00000     74.62955     14.64245     -1.59694
    175.00000    -40.00000     72.98584      9.80127     -2.50609
    180.00000    -40.00000     70.68996      4.92115     -4.43206
    185.00000    -40.00000     67.98235      0.40587     -7.05684
    190.00000    -40.00000     65.23103     -3.53374     -9.87758
    195.00000    -40.00000     62.80460     -6.96096    -12.39687
    200.00000    -40.00000     60.93954    -10.14803    -14.30966
    205.00000    -40.00000     59.66807    -13.39242    -15.59306
    210.00000    -40.00000     58.83959    -16.81146    -16.46339
    215.00000    -40.00000     58.22107    -20.22288    -17.23318
    220.00000    -40.00000     57.62646    -23.17271    -18.14099
    225.00000    -40.00000     57.01648    -25.09943    -19.22850
    230.00000    -40.00000     56.52836    -25.55765    -20.30971
    235.00000    -40.00000     56.42767    -24.39988    -21.03569
    240.00000    -40.00000     57.00596    -21.84099    -21.02213
    245.00000    -40.00000     58.46421    -18.39270    -19.99088
    250.00000    -40.00000     60.82085    -14.71305    -17.88199
    255.00000    -40.00000     63.87025    -11.43467    -14.90952
    260.00000    -40.00000     67.20306     -9.01746    -11.54710
    265.00000    -40.00000     70.28839     -7.64633     -8.43631
    270.00000    -40.00000     72.60413     -7.19143     -6.22479
    275.00000    -40.00000     73.78339     -7.25438     -5.37165
    280.00000    -40.00000     73.72748     -7.30904     -5.99112
    285.00000    -40.00000     72.63571     -6.89910     -7.80957
    290.00000    -40.00000     70.93071     -5.81016    -10.26782
    295.00000    -40.00000     69.10526     -4.13650    -12.72818
    300.00000    -40.00000     67.55599     -2.21832    -14.69252
    305.00000    -40.00000     66.47379     -0.49328    -15.93882
    310.00000    -40.00000     65.82891      0.66429    -16.53395
    315.00000    -40.00000     65.44127      1.05963    -16.74115
    320.00000    -40.00000     65.09205      0.72582    -16.87762
    325.00000    -40.00000     64.62624     -0.09876    -17.18139
    330.00000    -40.00000     64.01063     -1.05717    -17.73033
    335.00000    -40.00000     63.33553     -1.80167    -18.43272
    340.00000    -40.00000     62.76902     -2.11485    -19.08335
    345.00000    -40.00000     62.48615     -1.96987    -19.45573
    350.00000    -40.00000     62.60090     -1.50298    -19.39063
    355.00000    -40.00000     63.12479     -0.92180    -18.84881
    360.00000    -40.00000     63.96314     -0.40536    -17.91795
      0.00000    -35.00000     56.55380     -1.85060    -17.70228
      5.00000    -35.00000     58.04255     -1.36200    -16.16204
     10.00000    -35.00000     59.45264     -1.01677    -14.62901
     15.00000    -35.00000     60.50322     -0.72487    -13.42317
     20.00000    -35.00000     60.98205     -0.37281    -12.81074
     25.00000    -35.00000     60.76773      0.14523    -12.95672
     30.00000    -35.00000     59.83931      0.91752    -13.90232
     35.00000    -35.00000     58.28312      2.01229    -15.56214
     40.00000    -35.00000     56.29544      3.46264    -17.73276
     45.00000    -35.00000     54.16808      5.23249    -20.11443
     50.00000    -35.00000     52.24653      7.18756    -22.35514
     55.00000    -35.00000     50.86933      9.11006    -24.11226
     60.00000    -35.00000     50.31430     10.76633    -25.10478
     65.00000    -35.00000     50.77272     11.98288    -25.12975
     70.00000    -35.00000     52.34445     12.66786    -24.05196
     75.00000    -35.00000     55.02389     12.76662    -21.81235
     80.00000    -35.00000     58.65606     12.21492    -18.49009
     85.00000    -35.00000     62.88340     10.96990    -14.39419
     90.00000    -35.00000     67.14037      9.12642    -10.10291
     95.00000    -35.00000     70.74660      7.03110     -6.37577
    100.00000    -35.00000     73.09501      5.28398     -3.93663
    105.00000    -35.00000     73.86424      4.59002     -3.21514
    110.00000    -35.00000     73.15217      5.52319     -4.17197
    115.00000    -35.00000     71.45327      8.31213     -6.29856
    120.00000    -35.00000     69.47607     12.73269     -8.79937
    125.00000    -35.00000     67.87970     18.14281    -10.87763
    130.00000    -35.00000     67.05392     23.65160    -11.99548
    135.00000    -35.00000     67.04439     28.37305    -11.99212
    140.00000    -35.00000     67.64116     31.66766    -11.02206
    145.00000    -35.00000     68.55079     33.25832     -9.38219
    150.00000    -35.00000     69.52958     33.16611     -7.36110
    155.00000    -35.00000     70.39960     31.53108     -5.21021
    160.00000    -35.00000     70.97142     28.46928     -3.22215
    165.00000    -35.00000     70.97601     24.08070     -1.79916
    170.00000    -35.00000     70.10077     18.58151     -1.39508
    175.00000    -35.00000     68.13482     12.41159     -2.32521
    180.00000    -35.00000     65.13113      6.17984     -4.56486
    185.00000    -35.00000     61.46498      0.44592     -7.68949
    190.00000    -35.00000     57.73001     -4.52130    -11.01975
    195.00000    -35.00000     54.51650     -8.84174    -13.89704
    200.00000    -35.00000     52.18694    -12.90910    -15.93720
    205.00000    -35.00000     50.76137    -17.12805    -17.13726
    210.00000    -35.00000     49.96083    -21.64569    -17.80496
    215.00000    -35.00000     49.37734    -26.20794    -18.36889
    220.00000    -35.00000     48.68602    -30.20369    -19.16485
    225.00000    -35.00000     47.80649    -32.87589    -20.28176
    230.00000    -35.00000     46.95149    -33.60939    -21.51498
    235.00000    -35.00000     46.55164    -32.17265    -22.43312
    240.00000    -35.00000     47.09324    -28.81487    -22.52802
    245.00000    -35.00000     48.93152    -24.19381    -21.39564
    250.00000    -35.00000     52.14033    -19.18684    -18.89489
    255.00000    -35.00000     56.43867    -14.66629    -15.24415
    260.00000    -35.00000     61.21379    -11.29612    -11.02678
    265.00000    -35.00000     65.64427     -9.37493     -7.08461
    270.00000    -35.00000     68.90708     -8.75490     -4.29950
    275.00000    -35.00000     70.41990     -8.88587     -3.31224
    280.00000    -35.00000     70.03505     -9.01320     -4.28489
    285.00000    -35.00000     68.09528     -8.47656     -6.82588
    290.00000    -35.00000     65.30909     -6.97569    -10.13386
    295.00000    -35.00000     62.48872     -4.66970    -13.30322
    300.00000    -35.00000     60.26591     -2.07261    -15.64796
    305.00000    -35.00000     58.90984      0.17812    -16.90000
    310.00000    -35.00000     58.31215      1.55906    -17.21695
    315.00000    -35.00000     58.11840      1.82040    -17.03136
    320.00000    -35.00000     57.92562      1.04302    -16.83110
    325.00000    -35.00000     57.45716     -0.40352    -16.96402
    330.00000    -35.00000     56.65596     -1.99238    -17.52984
    335.00000    -35.00000     55.67974     -3.22727    -18.38145
    340.00000    -35.00000     54.81677     -3.81483    -19.21710
    345.00000    -35.00000     54.36363     -3.73908    -19.71369
    350.00000    -35.00000     54.51310     -3.20533    -19.64393
    355.00000    -35.00000     55.29064     -2.49945    -18.94037
    360.00000    -35.00000     56.55380     -1.85060    -17.70228
      0.00000    -30.00000     49.02671     -4.20325    -16.27966
      5.00000    -30.00000     51.15578     -3.48976    -14.31124
     10.00000    -30.00000     53.19210     -2.91673    -12.30389
     15.00000    -30.00000     54.73828     -2.36307    -10.66990
     20.00000    -30.00000     55.49889     -1.66958     -9.74755
     25.00000    -30.00000     55.30846     -0.69768     -9.73420
     30.00000    -30.00000     54.13710      0.63619    -10.66993
     35.00000    -30.00000     52.09401      2.35890    -12.45558
     40.00000    -30.00000     49.43337      4.44838    -14.87275
     45.00000    -30.00000     46.54256      6.81732    -17.59862
     50.00000    -30.00000     43.88920      9.27985    -20.23918
     55.00000    -30.00000     41.93260     11.55558    -22.39506
     60.00000    -30.00000     41.04276     13.34823    -23.73163
     65.00000    -30.00000     41.46854     14.45362    -24.00639
     70.00000    -30.00000     43.34794     14.79966    -23.05055
     75.00000    -30.00000     46.70325     14.38055    -20.76452
     80.00000    -30.00000     51.37272     13.16815    -17.19057
     85.00000    -30.00000     56.90522     11.12986    -12.64561
     90.00000    -30.00000     62.51845      8.38393     -7.80389
     95.00000    -30.00000     67.21965      5.37173     -3.60981
    100.00000    -30.00000     70.09545      2.87814     -0.99947
    105.00000    -30.00000     70.65683      1.83481     -0.54351
    110.00000    -30.00000     69.06348      2.99458     -2.19298
    115.00000    -30.00000     66.09353      6.63811     -5.26987
    120.00000    -30.00000     62.85009     12.43540     -8.72144
    125.00000    -30.00000     60.33638     19.50670    -11.52227
    130.00000    -30.00000     59.10823     26.66495    -13.02907
    135.00000    -30.00000     59.17291     32.76577    -13.11679
    140.00000    -30.00000     60.15778     37.02743    -12.05234
    145.00000    -30.00000     61.60687     39.16230    -10.22616
    150.00000    -30.00000     63.19269     39.25348     -7.94765
    155.00000    -30.00000     64.71515     37.48672     -5.44258
    160.00000    -30.00000     65.94061     33.96344     -3.00831
    165.00000    -30.00000     66.46795     28.74763     -1.13645
    170.00000    -30.00000     65.78572     22.08088     -0.43209
    175.00000    -30.00000     63.52163     14.53280     -1.33588
    180.00000    -30.00000     59.71793      6.90058     -3.83732
    185.00000    -30.00000     54.92799     -0.11011     -7.39796
    190.00000    -30.00000     50.04470     -6.20015    -11.15768
    195.00000    -30.00000     45.94584    -11.56665    -14.30324
    200.00000    -30.00000     43.14813    -16.71521    -16.38604
    205.00000    -30.00000     41.64252    -22.12069    -17.43660
    210.00000    -30.00000     40.97261    -27.92211    -17.85969
    215.00000    -30.00000     40.49706    -33.78122    -18.19931
    220.00000    -30.00000     39.70659    -38.94401    -18.88792
    225.00000    -30.00000     38.46260    -42.47580    -20.06509
    230.00000    -30.00000     37.07119    -43.58776    -21.51157
    235.00000    -30.00000     36.17679    -41.93387    -22.71098
    240.00000    -30.00000     36.52591    -37.75915    -23.01843
    245.00000    -30.00000     38.68971    -31.84653    -21.88509
    250.00000    -30.00000     42.83405    -25.30439    -19.07297
    255.00000    -30.00000     48.59853    -19.28647    -14.79960
    260.00000    -30.00000     55.11697    -14.71610     -9.76488
    265.00000    -30.00000     61.19056    -12.05285     -5.02542
    270.00000    -30.00000     65.59675    -11.15143     -1.71275
    275.00000    -30.00000     67.46392    -11.29645     -0.65876
    280.00000    -30.00000     66.57976    -11.46704     -2.07064
    285.00000    -30.00000     63.48562    -10.75989     -5.42082
    290.00000    -30.00000     59.28273     -8.77114     -9.63532
    295.00000    -30.00000     55.21714     -5.73640    -13.50897
    300.00000    -30.00000     52.23064     -2.37498    -16.15024
    305.00000    -30.00000     50.67986      0.44244    -17.25222
    310.00000    -30.00000     50.32609      2.02248    -17.09446
    315.00000    -30.00000     50.55660      2.05876    -16.32088
    320.00000    -30.00000     50.70425      0.69770    -15.62545
    325.00000    -30.00000     50.32229     -1.52846    -15.48293
    330.00000    -30.00000     49.32393     -3.88836    -16.01337
    335.00000    -30.00000     47.96467     -5.71234    -17.00269
    340.00000    -30.00000     46.70187     -6.62242    -18.03984
    345.00000    -30.00000     46.00069     -6.61721    -18.69391
    350.00000    -30.00000     46.16345     -5.97823    -18.65744
    355.00000    -30.00000     47.23884     -5.07675    -17.82008
    360.00000    -30.00000     49.02671     -4.20325    -16.27966
      0.00000    -25.00000     41.59748     -7.50514    -13.70128
      5.00000    -25.00000     44.48569     -6.47137    -11.34491
     10.00000    -25.00000     47.27342     -5.60116     -8.89743
     15.00000    -25.00000     49.41897     -4.74354     -6.86322
     20.00000    -25.00000     50.52793     -3.66680     -5.64821
     25.00000    -25.00000     50.38967     -2.16851     -5.47342
     30.00000    -25.00000     48.97179     -0.16268     -6.37157
     35.00000    -25.00000     46.41051      2.31360     -8.23262
     40.00000    -25.00000     43.01795      5.15256    -10.83574
     45.00000    -25.00000     39.28076      8.20304    -13.85018
     50.00000    -25.00000     35.80229     11.23629    -16.84953
     55.00000    -25.00000     33.18216     13.92018    -19.37960
     60.00000    -25.00000     31.89640     15.89053    -21.05151
     65.00000    -25.00000     32.25447     16.89358    -21.58694
     70.00000    -25.00000     34.43276     16.86385    -20.79236
     75.00000    -25.00000     38.49084     15.85119    -18.53462
     80.00000    -25.00000     44.27773     13.88518    -14.81499
     85.00000    -25.00000     51.25478     10.96255     -9.94126
     90.00000    -25.00000     58.39434      7.23053     -4.66178
     95.00000    -25.00000     64.32456      3.22269     -0.09168
    100.00000    -25.00000     67.74720     -0.08828      2.62124
    105.00000    -25.00000     67.95804     -1.52949      2.75883
    110.00000    -25.00000     65.19483     -0.15155      0.37835
    115.00000    -25.00000     60.59949      4.38217     -3.66268
    120.00000    -25.00000     55.77810     11.61596     -8.04110
    125.00000    -25.00000     52.16251     20.39590    -11.50236
    130.00000    -25.00000     50.49723     29.20718    -13.31829
    135.00000    -25.00000     50.71084     36.64113    -13.43264
    140.00000    -25.00000     52.20145     41.79702    -12.25057
    145.00000    -25.00000     54.30479     44.41159    -10.25950
    150.00000    -25.00000     56.60814     44.65143     -7.77197
    155.00000    -25.00000     58.91596     42.74382     -4.96300
    160.00000    -25.00000     60.96518     38.75603     -2.11605
    165.00000    -25.00000     62.19686     32.70314      0.19606
    170.00000    -25.00000     61.84236     24.85712      1.21855
    175.00000    -25.00000     59.31505     15.92920      0.38469
    180.00000    -25.00000     54.63677      6.90107     -2.31247
    185.00000    -25.00000     48.58152     -1.40514     -6.22805
    190.00000    -25.00000     42.41189     -8.69850    -10.33271
    195.00000    -25.00000     37.35307    -15.26852    -13.67047
    200.00000    -25.00000     34.09800    -21.70506    -15.73711
    205.00000    -25.00000     32.58849    -28.49580    -16.60099
    210.00000    -25.00000     32.14354    -35.72212    -16.76449
    215.00000    -25.00000     31.83576    -42.95141    -16.88439
    220.00000    -25.00000     30.93203    -49.31629    -17.48452
    225.00000    -25.00000     29.22171    -53.74315    -18.74816
    230.00000    -25.00000     27.12118    -55.28307    -20.43477
    235.00000    -25.00000     25.53338    -53.45330    -21.93900
    240.00000    -25.00000     25.52585    -48.45518    -22.48042
    245.00000    -25.00000     27.94436    -41.17011    -21.37303
    250.00000    -25.00000     33.08318    -32.94163    -18.29461
    255.00000    -25.00000     40.50065    -25.23602    -13.47378
    260.00000    -25.00000     49.03067    -19.27656     -7.72952
    265.00000    -25.00000     57.01389    -15.71563     -2.32081
    270.00000    -25.00000     62.73306    -14.42330      1.39547
    275.00000    -25.00000     64.95619    -14.51222      2.42161
    280.00000    -25.00000     63.39327    -14.67589      0.52061
    285.00000    -25.00000     58.84151    -13.74758     -3.64144
    290.00000    -25.00000     52.90239    -11.20980     -8.72297
    295.00000    -25.00000     47.36855     -7.38047    -13.22517
    300.00000    -25.00000     43.56286     -3.20263    -16.05718
    305.00000    -25.00000     41.93351      0.19825    -16.88352
    310.00000    -25.00000     42.05493      1.94485    -16.12140
    315.00000    -25.00000     42.96919      1.67457    -14.64230
    320.00000    -25.00000     43.66394     -0.38523    -13.35536
    325.00000    -25.00000     43.47433     -3.51544    -12.86165
    330.00000    -25.00000     42.27873     -6.75764    -13.29693
    335.00000    -25.00000     40.46086     -9.25555    -14.37921
    340.00000    -25.00000     38.69502    -10.54197    -15.59324
    345.00000    -25.00000     37.66093    -10.62651    -16.40606
    350.00000    -25.00000     37.80177     -9.86045    -16.42897
    355.00000    -25.00000     39.20179     -8.69820    -15.49930
    360.00000    -25.00000     41.59748     -7.50514    -13.70128
      0.00000    -20.00000     34.38800    -11.67541    -10.09960
      5.00000    -20.00000     38.12232    -10.25171     -7.45205
     10.00000    -20.00000     41.75534     -9.03852     -4.67194
     15.00000    -20.00000     44.57652     -7.85431     -2.33064
     20.00000    -20.00000     46.08002     -6.36925     -0.87818
     25.00000    -20.00000     46.01286     -4.29019     -0.54832
     30.00000    -20.00000     44.34923     -1.52539     -1.37128
     35.00000    -20.00000     41.25577      1.80164     -3.24021
     40.00000    -20.00000     37.09815      5.47043     -5.94562
     45.00000    -20.00000     32.45956      9.25772     -9.15881
     50.00000    -20.00000     28.08759     12.90508    -12.43012
     55.00000    -20.00000     24.73912     16.04449    -15.26250
     60.00000    -20.00000     23.00915     18.24207    -17.22709
     65.00000    -20.00000     23.26914     19.17423    -18.02270
     70.00000    -20.00000     25.73100     18.76220    -17.43938
     75.00000    -20.00000     30.49801     17.11132    -15.31193
     80.00000    -20.00000     37.44749     14.32964    -11.59276
     85.00000    -20.00000     45.96471     10.46742     -6.56037
     90.00000    -20.00000     54.75883      5.70972     -1.00636
     95.00000    -20.00000     62.02530      0.67361      3.81671
    100.00000    -20.00000     66.01300     -3.49133      6.57359
    105.00000    -20.00000     65.75887     -5.36818      6.40631
    110.00000    -20.00000     61.59013     -3.79573      3.37220
    115.00000    -20.00000     55.08025      1.62830     -1.51159
    120.00000    -20.00000     48.43090     10.31036     -6.67887
    125.00000    -20.00000     43.57336     20.79319    -10.67750
    130.00000    -20.00000     41.45589     31.21187    -12.72313
    135.00000    -20.00000     41.88860     39.89899    -12.84408
    140.00000    -20.00000     43.97988     45.86519    -11.58056
    145.00000    -20.00000     46.81904     48.90186     -9.49949
    150.00000    -20.00000     49.91248     49.26641     -6.89638
    155.00000    -20.00000     53.09916     47.21225     -3.88061
    160.00000    -20.00000     56.10453     42.75516     -0.70893
    165.00000    -20.00000     58.19182     35.86020      1.98196
    170.00000    -20.00000     58.28442     26.84213      3.30786
    175.00000    -20.00000     55.53398     16.55964      2.58608
    180.00000    -20.00000     49.93145      6.16203     -0.21927
    185.00000    -20.00000     42.50569     -3.44686     -4.38669
    190.00000    -20.00000     34.94681    -12.01395     -8.74737
    195.00000    -20.00000     28.87612    -19.92199    -12.21589
    200.00000    -20.00000     25.17940    -27.81159    -14.22828
    205.00000    -20.00000     23.73113    -36.13189    -14.88161
    210.00000    -20.00000     23.58625    -44.86609    -14.77202
    215.00000    -20.00000     23.48949    -53.47959    -14.66836
    220.00000    -20.00000     22.45506    -61.01787    -15.17892
    225.00000    -20.00000     20.19290    -66.30752    -16.51494
    230.00000    -20.00000     17.24560    -68.26409    -18.40001
    235.00000    -20.00000     14.80967    -66.26422    -20.14143
    240.00000    -20.00000     14.31882    -60.44210    -20.84797
    245.00000    -20.00000     16.93581    -51.75597    -19.73691
    250.00000    -20.00000     23.10944    -41.77955    -16.43986
    255.00000    -20.00000     32.31498    -32.30150    -11.21257
    260.00000    -20.00000     43.05116    -24.85767     -4.97468
    265.00000    -20.00000     53.13432    -20.30043      0.86392
    270.00000    -20.00000     60.27859    -18.51896      4.78802
    275.00000    -20.00000     62.83658    -18.45942      5.68893
    280.00000    -20.00000     60.43231    -18.53726      3.31885
    285.00000    -20.00000     54.16779    -17.32704     -1.54017
    290.00000    -20.00000     46.23436    -14.19669     -7.32796
    295.00000    -20.00000     39.06377     -9.54380    -12.30319
    300.00000    -20.00000     34.41621     -4.53726    -15.21033
    305.00000    -20.00000     32.83095     -0.56456    -15.69754
    310.00000    -20.00000     33.64495      1.30793    -14.31239
    315.00000    -20.00000     35.48050      0.66637    -12.13283
    320.00000    -20.00000     36.91219     -2.16645    -10.25576
    325.00000    -20.00000     37.01797     -6.27013     -9.38605
    330.00000    -20.00000     35.63769    -10.45438     -9.66839
    335.00000    -20.00000     33.30785    -13.68044    -10.76552
    340.00000    -20.00000     30.95741    -15.39387    -12.08215
    345.00000    -20.00000     29.51686    -15.60529    -13.00558
    350.00000    -20.00000     29.59650    -14.71716    -13.07801
    355.00000    -20.00000     31.32942    -13.25652    -12.08691
    360.00000    -20.00000     34.38800    -11.67541    -10.09960
      0.00000    -15.00000     27.42142    -16.48727     -5.69732
      5.00000    -15.00000     32.04320    -14.65005     -2.88613
     10.00000    -15.00000     36.56853    -13.07295      0.07439
     15.00000    -15.00000     40.10486    -11.53914      2.59450
     20.00000    -15.00000     42.02983     -9.61148      4.21837
     25.00000    -15.00000     42.05174     -6.90358      4.70678
     30.00000    -15.00000     40.15624     -3.32568      4.01168
     35.00000    -15.00000     36.53884      0.89974      2.21188
     40.00000    -15.00000     31.61117      5.43106     -0.50536
     45.00000    -15.00000     26.04781      9.97371     -3.81339
     50.00000    -15.00000     20.74486     14.24844     -7.24584
     55.00000    -15.00000     16.62714     17.86115    -10.28543
     60.00000    -15.00000     14.41608     20.31044    -12.49285
     65.00000    -15.00000     14.54442     21.19422    -13.56318
     70.00000    -15.00000     17.25683     20.40790    -13.27157
     75.00000    -15.00000     22.70642     18.10893    -11.41129
     80.00000    -15.00000     30.81584     14.49628     -7.87344
     85.00000    -15.00000     40.90941      9.69275     -2.88955
     90.00000    -15.00000     51.42831      3.92868      2.73796
     95.00000    -15.00000     60.10352     -2.10817      7.66800
    100.00000    -15.00000     64.68531     -7.11320     10.42866
    105.00000    -15.00000     63.91849     -9.43609     10.04983
    110.00000    -15.00000     58.22113     -7.69668      6.57478
    115.00000    -15.00000     49.63701     -1.41628      1.12458
    120.00000    -15.00000     41.01949      8.67076     -4.56880
    125.00000    -15.00000     34.84177     20.78912     -8.92354
    130.00000    -15.00000     32.26276     32.71871    -11.13172
    135.00000    -15.00000     32.94684     42.55315    -11.29595
    140.00000    -15.00000     35.67496     49.24792    -10.05389
    145.00000    -15.00000     39.27001     52.66850     -8.01511
    150.00000    -15.00000     43.16678     53.15392     -5.44151
    155.00000    -15.00000     47.26437     50.96067     -2.37557
    160.00000    -15.00000     51.29283     46.04210      0.96088
    165.00000    -15.00000     54.32649     38.32199      3.89814
    170.00000    -15.00000     54.94730     28.16809      5.46495
    175.00000    -15.00000     52.01152     16.57686      4.88584
    180.00000    -15.00000     45.46753      4.83703      2.07756
    185.00000    -15.00000     36.61630     -6.09017     -2.21229
    190.00000    -15.00000     27.61018    -15.99042     -6.72458
    195.00000    -15.00000     20.49853    -25.31887    -10.26364
    200.00000    -15.00000     16.37291    -34.74022    -12.19438
    205.00000    -15.00000     15.03050    -44.64520    -12.62209
    210.00000    -15.00000     15.23728    -54.90712    -12.22477
    215.00000    -15.00000     15.38396    -64.88461    -11.87817
    220.00000    -15.00000     14.21646    -73.54151    -12.26350
    225.00000    -15.00000     11.36519    -79.62415    -13.59925
    230.00000    -15.00000      7.51174    -81.94002    -15.55984
    235.00000    -15.00000      4.16539    -79.74624    -17.38115
    240.00000    -15.00000      3.14498    -73.11393    -18.11205
    245.00000    -15.00000      5.94471    -63.06662    -16.93987
    250.00000    -15.00000     13.17513    -51.38959    -13.50013
    255.00000    -15.00000     24.22581    -40.17366     -8.08200
    260.00000    -15.00000     37.24494    -31.24698     -1.66006
    265.00000    -15.00000     49.49636    -25.64686      4.28984
    270.00000    -15.00000     58.09109    -23.28244      8.18893
    275.00000    -15.00000     60.93989    -22.95649      8.88670
    280.00000    -15.00000     57.57813    -22.84217      6.14018
    285.00000    -15.00000     49.44118    -21.28264      0.80339
    290.00000    -15.00000     39.36190    -17.53610     -5.42881
    295.00000    -15.00000     30.46445    -12.06734    -10.66096
    300.00000    -15.00000     24.97773     -6.25748    -13.53239
    305.00000    -15.00000     23.52915     -1.75029    -13.68830
    310.00000    -15.00000     25.18524      0.20270    -11.77587
    315.00000    -15.00000     28.10221     -0.85300     -9.02148
    320.00000    -15.00000     30.40118     -4.48510     -6.64947
    325.00000    -15.00000     30.88069     -9.56809     -5.42970
    330.00000    -15.00000     29.34044    -14.69349     -5.51141
    335.00000    -15.00000     26.48276    -18.66043     -6.52698
    340.00000    -15.00000     23.51050    -20.83491     -7.83726
    345.00000    -15.00000     21.62386    -21.21521     -8.78071
    350.00000    -15.00000     21.61558    -20.23263     -8.85178
    355.00000    -15.00000     23.67778    -18.47495     -7.80400
    360.00000    -15.00000     27.42142    -16.48727     -5.69732
      0.00000    -10.00000     20.62379    -21.58065     -0.78266
      5.00000    -10.00000     26.12399    -19.35645      2.06120
     10.00000    -10.00000     31.53631    -17.41301      5.04374
     15.00000    -10.00000     35.79105    -15.49135      7.61493
     20.00000    -10.00000     38.15357    -13.06643      9.35312
     25.00000    -10.00000     38.29324     -9.69222     10.01369
     30.00000    -10.00000     36.20093     -5.30039      9.50177
     35.00000    -10.00000     32.09137     -0.20358      7.84121
     40.00000    -10.00000     26.41437      5.15819      5.19186
     45.00000    -10.00000     19.93321     10.43171      1.88498
     50.00000    -10.00000     13.69336     15.31292     -1.60205
     55.00000    -10.00000      8.78809     19.37537     -4.75950
     60.00000    -10.00000      6.06324     22.05530     -7.17128
     65.00000    -10.00000      6.01058     22.88467     -8.54515
     70.00000    -10.00000      8.90972     21.73926     -8.63482
     75.00000    -10.00000     14.97305     18.82494     -7.17777
     80.00000    -10.00000     24.18368     14.42784     -3.99638
     85.00000    -10.00000     35.82025      8.74655      0.73102
     90.00000    -10.00000     48.06446      2.05907      6.21798
     95.00000    -10.00000     58.18036     -4.88821     11.09484
    100.00000    -10.00000     63.40717    -10.66167     13.82847
    105.00000    -10.00000     62.18091    -13.40160     13.38547
    110.00000    -10.00000     54.99708    -11.51687      9.77897
    115.00000    -10.00000     44.36400     -4.44698      4.14847
    120.00000    -10.00000     33.78726      6.94062     -1.72656
    125.00000    -10.00000     26.28385     20.56135     -6.22874
    130.00000    -10.00000     23.22278     33.85929     -8.55520
    135.00000    -10.00000     24.12058     44.72120     -8.84577
    140.00000    -10.00000     27.43127     52.07524     -7.77142
    145.00000    -10.00000     31.71798     55.86312     -5.93982
    150.00000    -10.00000     36.35583     56.48303     -3.57355
    155.00000    -10.00000     41.31664     54.17299     -0.66146
    160.00000    -10.00000     46.34316     48.82507      2.61521
    165.00000    -10.00000     50.32181     40.33641      5.59704
    170.00000    -10.00000     51.48713     29.12568      7.28705
    175.00000    -10.00000     48.38954     16.29527      6.85398
    180.00000    -10.00000     40.92400      3.23603      4.15133
    185.00000    -10.00000     30.65706     -9.03863     -0.10696
    190.00000    -10.00000     20.20430    -20.31783     -4.63671
    195.00000    -10.00000     12.05049    -31.08525     -8.16727
    200.00000    -10.00000      7.50140    -42.01569     -9.98958
    205.00000    -10.00000      6.28063    -53.46150    -10.19267
    210.00000    -10.00000      6.86294    -65.20958     -9.50974
    215.00000    -10.00000      7.28118    -76.51056     -8.90033
    220.00000    -10.00000      6.01337    -86.22704     -9.09554
    225.00000    -10.00000      2.61570    -93.01823    -10.30133
    230.00000    -10.00000     -2.08647    -95.60936    -12.14237
    235.00000    -10.00000     -6.27464    -93.18334    -13.81839
    240.00000    -10.00000     -7.75928    -85.78079    -14.38729
    245.00000    -10.00000     -4.73472    -74.48846    -13.08296
    250.00000    -10.00000      3.55576    -61.26805     -9.59245
    255.00000    -10.00000     16.41273    -48.46101     -4.23196
    260.00000    -10.00000     31.64397    -38.13873      2.03111
    265.00000    -10.00000     45.97878    -31.49413      7.75274
    270.00000    -10.00000     55.94291    -28.46073     11.39230
    275.00000    -10.00000     59.01679    -27.73760     11.82887
    280.00000    -10.00000     54.65101    -27.31176      8.83898
    285.00000    -10.00000     44.61331    -25.33682      3.29768
    290.00000    -10.00000     32.37614    -20.96886     -3.06577
    295.00000    -10.00000     21.75510    -14.71967     -8.31293
    300.00000    -10.00000     15.44678     -8.15715    -11.05539
    305.00000    -10.00000     14.16375     -3.16465    -10.94954
    310.00000    -10.00000     16.69697     -1.16763     -8.69264
    315.00000    -10.00000     20.73181     -2.64802     -5.57394
    320.00000    -10.00000     23.93387     -7.05478     -2.86426
    325.00000    -10.00000     24.82276    -13.06563     -1.35455
    330.00000    -10.00000     23.15794    -19.08113     -1.20065
    335.00000    -10.00000     19.80456    -23.76588     -2.03737
    340.00000    -10.00000     16.23441    -26.41322     -3.22113
    345.00000    -10.00000     13.91394    -26.99512     -4.07352
    350.00000    -10.00000     13.81896    -25.95544     -4.06725
    355.00000    -10.00000     16.20434    -23.93794     -2.94702
    360.00000    -10.00000     20.62379    -21.58065     -0.78266
      0.00000     -5.00000     13.82412    -26.50452      4.36549
      5.00000     -5.00000     20.14811    -23.95339      7.12572
     10.00000     -5.00000     26.39674    -21.64756      9.99688
     15.00000     -5.00000     31.34624    -19.28268     12.51706
     20.00000     -5.00000     34.16108    -16.29448     14.32563
     25.00000     -5.00000     34.46444    -12.24143     15.16777
     30.00000     -5.00000     32.23287     -7.10067     14.87969
     35.00000     -5.00000     27.68359     -1.24149     13.41429
     40.00000     -5.00000     21.29973      4.85066     10.90284
     45.00000     -5.00000     13.93475     10.78580      7.68303
     50.00000     -5.00000      6.77981     16.21667      4.23149
     55.00000     -5.00000      1.08448     20.66183      1.02484
     60.00000     -5.00000     -2.19231     23.50336     -1.56686
     65.00000     -5.00000     -2.49979     24.24146     -3.26887
     70.00000     -5.00000      0.48777     22.75813     -3.80407
     75.00000     -5.00000      7.05524     19.30347     -2.84838
     80.00000     -5.00000     17.25527     14.22832     -0.16342
     85.00000     -5.00000     30.33099      7.79140      4.11851
     90.00000     -5.00000     44.22573      0.31540      9.24998
     95.00000     -5.00000     55.76910     -7.40089     13.90142
    100.00000     -5.00000     61.71853    -13.81939     16.57068
    105.00000     -5.00000     60.20625    -16.90754     16.22367
    110.00000     -5.00000     51.77398    -14.89132     12.82721
    115.00000     -5.00000     39.33378     -7.13236      7.43826
    120.00000     -5.00000     26.97627      5.39055      1.74571
    125.00000     -5.00000     18.21651     20.32350     -2.70060
    130.00000     -5.00000     14.62764     34.82130     -5.12330
    135.00000     -5.00000     15.61030     46.60068     -5.64595
    140.00000     -5.00000     19.34022     54.57240     -4.89856
    145.00000     -5.00000     24.15836     58.73435     -3.44546
    150.00000     -5.00000     29.39144     59.51429     -1.47507
    155.00000     -5.00000     35.07637     57.12176      1.05604
    160.00000     -5.00000     40.96421     51.40401      4.01211
    165.00000     -5.00000     45.76840     42.24762      6.79174
    170.00000     -5.00000     47.40521     30.10415      8.44078
    175.00000     -5.00000     44.14062     16.13099      8.11982
    180.00000     -5.00000     35.81035      1.77994      5.61603
    185.00000     -5.00000     24.21369    -11.87128      1.55736
    190.00000     -5.00000     12.38877    -24.55382     -2.82011
    195.00000     -5.00000      3.22991    -36.72190     -6.22904
    200.00000     -5.00000     -1.74350    -49.05592     -7.90655
    205.00000     -5.00000     -2.86185    -61.91651     -7.90524
    210.00000     -5.00000     -1.91374    -75.05180     -6.96777
    215.00000     -5.00000     -1.19762    -87.60868     -6.08668
    220.00000     -5.00000     -2.48352    -98.31571     -6.00531
    225.00000     -5.00000     -6.28118   -105.72191     -6.90522
    230.00000     -5.00000    -11.63155   -108.49352     -8.38229
    235.00000     -5.00000    -16.43971   -105.79883     -9.65308
    240.00000     -5.00000    -18.19658    -97.69898     -9.85698
    245.00000     -5.00000    -14.83939    -85.34785     -8.34220
    250.00000     -5.00000     -5.50230    -70.83600     -4.88353
    255.00000     -5.00000      9.02333    -56.68122      0.18803
    260.00000     -5.00000     26.24129    -45.12969      5.97213
    265.00000     -5.00000     42.41284    -37.49247     11.14733
    270.00000     -5.00000     53.55282    -33.73389     14.30687
    275.00000     -5.00000     56.76566    -32.49634     14.43116
    280.00000     -5.00000     51.42969    -31.64561     11.33683
    285.00000     -5.00000     39.61127    -29.19563      5.87402
    290.00000     -5.00000     25.35901    -24.21293     -0.29717
    295.00000     -5.00000     13.11608    -17.23496     -5.31826
    300.00000     -5.00000      6.00841     -9.98238     -7.86172
    305.00000     -5.00000      4.83197     -4.54978     -7.60920
    310.00000     -5.00000      8.13156     -2.51779     -5.24566
    315.00000     -5.00000     13.16692     -4.38599     -2.02153
    320.00000     -5.00000     17.19125     -9.48874      0.83524
    325.00000     -5.00000     18.47106    -16.33059      2.55477
    330.00000     -5.00000     16.72608    -23.15526      2.96757
    335.00000     -5.00000     12.96198    -28.51554      2.40179
    340.00000     -5.00000      8.88675    -31.63077      1.46638
    345.00000     -5.00000      6.20481    -32.43267      0.82255
    350.00000     -5.00000      6.05941    -31.37235      0.98816
    355.00000     -5.00000      8.76499    -29.15480      2.19991
    360.00000     -5.00000     13.82412    -26.50452      4.36549
      0.00000      0.00000      6.76814    -30.75696      9.54278
      5.00000      0.00000     13.82641    -27.94404     12.12881
     10.00000      0.00000     20.82976    -25.27532     14.79731
     15.00000      0.00000     26.43556    -22.40873     17.19900
     20.00000      0.00000     29.72074    -18.80582     19.04046
     25.00000      0.00000     30.24765    -14.10231     20.05341
     30.00000      0.00000     27.95063     -8.33876     20.00469
     35.00000      0.00000     23.03105     -1.89246     18.78000
     40.00000      0.00000     16.00405      4.77089     16.48074
     45.00000      0.00000      7.81535     11.24852     13.43639
     50.00000      0.00000     -0.21017     17.12643     10.09892
     55.00000      0.00000     -6.69049     21.84254      6.89274
     60.00000      0.00000    -10.56917     24.73890      4.13825
     65.00000      0.00000    -11.22918     25.33027      2.10078
     70.00000      0.00000     -8.27752     23.53924      1.09264
     75.00000      0.00000     -1.34401     19.65269      1.48755
     80.00000      0.00000      9.69078     14.05054      3.56150
     85.00000      0.00000     24.03591      7.02309      7.21736
     90.00000      0.00000     39.43006     -1.06768     11.77527
     95.00000      0.00000     52.33879     -9.37130     16.02093
    100.00000      0.00000     59.11222    -16.26812     18.57796
    105.00000      0.00000     57.60737    -19.60182     18.47339
    110.00000      0.00000     48.36281    -17.46380     15.61083
    115.00000      0.00000     34.57656     -9.15056     10.86524
    120.00000      0.00000     20.78725      4.28612      5.70085
    125.00000      0.00000     10.91396     20.29643      1.50183
    130.00000      0.00000      6.72334     35.81732     -0.99782
    135.00000      0.00000      7.56769     48.42940     -1.85401
    140.00000      0.00000     11.44187     57.01160     -1.58752
    145.00000      0.00000     16.53257     61.57675     -0.68284
    150.00000      0.00000     22.12742     62.55219      0.70105
    155.00000      0.00000     28.29958     60.12404      2.62221
    160.00000      0.00000     34.79100     54.12246      4.99507
    165.00000      0.00000     40.17124     44.43552      7.31649
    170.00000      0.00000     42.10423     31.51775      8.73577
    175.00000      0.00000     38.62776     16.52478      8.45654
    180.00000      0.00000     29.52139      0.93342      6.21481
    185.00000      0.00000     16.76019    -14.09355      2.52007
    190.00000      0.00000      3.72087    -28.16459     -1.51022
    195.00000      0.00000     -6.35690    -41.64853     -4.64992
    200.00000      0.00000    -11.75528    -55.22926     -6.12844
    205.00000      0.00000    -12.82491    -69.32370     -5.95108
    210.00000      0.00000    -11.55660    -83.69252     -4.80888
    215.00000      0.00000    -10.51771    -97.39131     -3.65228
    220.00000      0.00000    -11.68372   -108.99018     -3.18920
    225.00000      0.00000    -15.62099   -116.90789     -3.57785
    230.00000      0.00000    -21.26700   -119.77257     -4.42878
    235.00000      0.00000    -26.31687   -116.79501     -5.03937
    240.00000      0.00000    -28.02973   -108.10896     -4.69337
    245.00000      0.00000    -24.17007    -94.94119     -2.90044
    250.00000      0.00000    -13.81614    -79.46109      0.45545
    255.00000      0.00000      2.14847    -64.28103      5.04008
    260.00000      0.00000     20.98446    -51.74450     10.06696
    265.00000      0.00000     38.59561    -43.23593     14.41286
    270.00000      0.00000     50.61308    -38.75108     16.89230
    275.00000      0.00000     53.86167    -36.91795     16.65957
    280.00000      0.00000     47.67025    -35.54580     13.59833
    285.00000      0.00000     34.33941    -32.56631      8.49336
    290.00000      0.00000     18.36950    -26.98107      2.83236
    295.00000      0.00000      4.70271    -19.33777     -1.73298
    300.00000      0.00000     -3.18348    -11.46806     -4.02752
    305.00000      0.00000     -4.41063     -5.63262     -3.77013
    310.00000      0.00000     -0.61421     -3.53815     -1.56536
    315.00000      0.00000      5.13803     -5.69928      1.48090
    320.00000      0.00000      9.77735    -11.36067      4.27285
    325.00000      0.00000     11.36913    -18.89532      6.10326
    330.00000      0.00000      9.59408    -26.42696      6.78504
    335.00000      0.00000      5.55606    -32.40933      6.57932
    340.00000      0.00000      1.13769    -35.97675      6.02048
    345.00000      0.00000     -1.77321    -37.00706      5.70933
    350.00000      0.00000     -1.89832    -35.96049      6.11441
    355.00000      0.00000      1.12788    -33.61134      7.42950
    360.00000      0.00000      6.76814    -30.75696      9.54278
      0.00000      5.00000     -0.84177    -33.80907     14.62636
      5.00000      5.00000      6.83714    -30.78148     16.98166
     10.00000      5.00000     14.49521    -27.74374     19.40124
     15.00000      5.00000     20.71025    -24.33968     21.64660
     20.00000      5.00000     24.48217    -20.11850     23.48054
     25.00000      5.00000     25.29426    -14.84753     24.62593
     30.00000      5.00000     23.01175     -8.63457     24.80470
     35.00000      5.00000     17.80599     -1.81906     23.85796
     40.00000      5.00000     10.22435      5.20573     21.85303
     45.00000      5.00000      1.30026     12.04349     19.07960
     50.00000      5.00000     -7.53116     18.20109     15.93076
     55.00000      5.00000    -14.78706     23.02794     12.76667
     60.00000      5.00000    -19.32648     25.85003      9.86963
     65.00000      5.00000    -20.44911     26.24026      7.50907
     70.00000      5.00000    -17.66791     24.18797      6.02625
     75.00000      5.00000    -10.52101     20.00343      5.81727
     80.00000      5.00000      1.16050     14.05733      7.16790
     85.00000      5.00000     16.54562      6.64155     10.01443
     90.00000      5.00000     33.21610     -1.84935     13.78383
     95.00000      5.00000     47.37951    -10.51471     17.45075
    100.00000      5.00000     55.09395    -17.68057     19.84484
    105.00000      5.00000     53.99143    -21.12751     20.10180
    110.00000      5.00000     44.54329    -18.87581     18.04625
    115.00000      5.00000     30.06724    -10.17468     14.29077
    120.00000      5.00000     15.35217      3.90400      9.96537
    125.00000      5.00000      4.58340     20.71503      6.20284
    130.00000      5.00000     -0.29670     37.06771      3.66824
    135.00000      5.00000      0.11038     50.43748      2.40418
    140.00000      5.00000      3.75543     59.63999      2.05114
    145.00000      5.00000      8.76479     64.65034      2.24102
    150.00000      5.00000     14.39752     65.86933      2.85317
    155.00000      5.00000     20.71993     63.47342      3.95493
    160.00000      5.00000     27.43922     57.30241      5.51296
    165.00000      5.00000     33.02307     47.24830      7.14516
    170.00000      5.00000     34.97937     33.73527      8.14685
    175.00000      5.00000     31.20414     17.87171      7.81358
    180.00000      5.00000     21.43346      1.13791      5.86199
    185.00000      5.00000      7.74297    -15.19893      2.67326
    190.00000      5.00000     -6.27287    -30.57924     -0.81301
    195.00000      5.00000    -17.12962    -45.24834     -3.51695
    200.00000      5.00000    -22.94355    -59.88836     -4.72272
    205.00000      5.00000    -24.04283    -74.99986     -4.38740
    210.00000      5.00000    -22.52940    -90.39356     -3.08633
    215.00000      5.00000    -21.14227   -105.05671     -1.64468
    220.00000      5.00000    -21.99694   -117.40405     -0.68705
    225.00000      5.00000    -25.70669   -125.72416     -0.36083
    230.00000      5.00000    -31.15707   -128.62516     -0.34797
    235.00000      5.00000    -35.93306   -125.39862     -0.09138
    240.00000      5.00000    -37.18288   -116.28649      0.93400
    245.00000      5.00000    -32.60600   -102.59101      3.03323
    250.00000      5.00000    -21.28726    -86.51692      6.20732
    255.00000      5.00000     -4.19645    -70.69531     10.13031
    260.00000      5.00000     15.76708    -57.48894     14.16437
    265.00000      5.00000     34.29665    -48.30318     17.44536
    270.00000      5.00000     46.80991    -43.15378     19.08527
    275.00000      5.00000     49.98308    -40.68555     18.47787
    280.00000      5.00000     43.12760    -38.71303     15.59705
    285.00000      5.00000     28.68832    -35.15306     11.12171
    290.00000      5.00000     11.43974    -28.98384      6.26945
    295.00000      5.00000     -3.36381    -20.75707      2.36899
    300.00000      5.00000    -12.00847    -12.36464      0.36244
    305.00000      5.00000    -13.53522     -6.16721      0.48575
    310.00000      5.00000     -9.66129     -3.95437      2.27659
    315.00000      5.00000     -3.63490     -6.25898      4.86687
    320.00000      5.00000      1.28775    -12.28078      7.37318
    325.00000      5.00000      3.04779    -20.31959      9.19485
    330.00000      5.00000      1.28967    -28.41960     10.13525
    335.00000      5.00000     -2.84326    -34.94445     10.36943
    340.00000      5.00000     -7.38121    -38.93164     10.31686
    345.00000      5.00000    -10.33347    -40.19410     10.46445
    350.00000      5.00000    -10.33652    -39.20009     11.18402
    355.00000      5.00000     -6.98671    -36.78953     12.60871
    360.00000      5.00000     -0.84177    -33.80907     14.62636
      0.00000     10.00000     -9.29661    -35.13241     19.54889
      5.00000     10.00000     -1.12764    -31.91380     21.65417
     10.00000     10.00000      7.07011    -28.50652     23.81376
     15.00000     10.00000     13.83322    -24.57925     25.88022
     20.00000     10.00000     18.09215    -19.81124     27.65641
     25.00000     10.00000     19.23591    -14.12011     28.87084
     30.00000     10.00000     17.04279     -7.66861     29.24034
     35.00000     10.00000     11.64736     -0.73032     28.59227
     40.00000     10.00000      3.62662      6.39747     26.95415
     45.00000     10.00000     -5.91441     13.33787     24.53998
     50.00000     10.00000    -15.46511     19.53120     21.65068
     55.00000     10.00000    -23.47546     24.26242     18.57625
     60.00000     10.00000    -28.72670     26.87545     15.57547
     65.00000     10.00000    -30.41248     27.02959     12.92968
     70.00000     10.00000    -27.92753     24.78667     10.99203
     75.00000     10.00000    -20.72283     20.46101     10.14853
     80.00000     10.00000     -8.60818     14.38373     10.67338
     85.00000     10.00000      7.53855      6.82551     12.54642
     90.00000     10.00000     25.20408     -1.79629     15.34333
     95.00000     10.00000     40.47026    -10.54287     18.28547
    100.00000     10.00000     49.24649    -17.72395     20.46122
    105.00000     10.00000     49.00607    -21.12560     21.14434
    110.00000     10.00000     40.08276    -18.76606     20.07372
    115.00000     10.00000     25.71833     -9.86636     17.55503
    120.00000     10.00000     10.71310      4.54085     14.31521
    125.00000     10.00000     -0.65351     21.82820     11.16893
    130.00000     10.00000     -6.29442     38.77936      8.67413
    135.00000     10.00000     -6.66060     52.80104      6.97310
    140.00000     10.00000     -3.68686     62.61584      5.89787
    145.00000     10.00000      0.80551     68.11187      5.23373
    150.00000     10.00000      6.06480     69.64006      4.92246
    155.00000     10.00000     12.10625     67.37586      5.04575
    160.00000     10.00000     18.57683     61.18087      5.61782
    165.00000     10.00000     23.89369     50.94203      6.38059
    170.00000     10.00000     25.52397     37.02665      6.80030
    175.00000     10.00000     21.32725     20.47364      6.30910
    180.00000     10.00000     11.01677      2.76238      4.64618
    185.00000     10.00000     -3.31647    -14.72600      2.07170
    190.00000     10.00000    -18.00580    -31.25054     -0.69663
    195.00000     10.00000    -29.45041    -46.92013     -2.80218
    200.00000     10.00000    -35.65021    -62.40412     -3.64726
    205.00000     10.00000    -36.86534    -78.28453     -3.14870
    210.00000     10.00000    -35.19755    -94.43818     -1.71532
    215.00000     10.00000    -33.43354   -109.81779      0.02338
    220.00000     10.00000    -33.74503   -122.72082      1.56530
    225.00000     10.00000    -36.78208   -131.33388      2.75863
    230.00000     10.00000    -41.44713   -134.26170      3.79741
    235.00000     10.00000    -45.34150   -130.88894      5.03982
    240.00000     10.00000    -45.64798   -121.57462      6.79090
    245.00000     10.00000    -40.12339   -107.68957      9.16673
    250.00000     10.00000    -27.92373    -91.43749     12.06265
    255.00000     10.00000    -10.08942    -75.40356     15.17684
    260.00000     10.00000     10.42228    -61.89611     18.04694
    265.00000     10.00000     29.26706    -52.28445     20.11084
    270.00000     10.00000     41.84702    -46.58337     20.83041
    275.00000     10.00000     44.84182    -43.47707     19.88043
    280.00000     10.00000     37.58183    -40.84572     17.33207
    285.00000     10.00000     22.54781    -36.66704     13.71938
    290.00000     10.00000      4.57319    -29.95033      9.91507
    295.00000     10.00000    -11.00506    -21.25141      6.84416
    300.00000     10.00000    -20.38122    -12.46355      5.16315
    305.00000     10.00000    -22.52078     -5.96362      5.05842
    310.00000     10.00000    -19.10193     -3.56758      6.24873
    315.00000     10.00000    -13.37071     -5.82984      8.16361
    320.00000     10.00000     -8.60291    -11.95959     10.18982
    325.00000     10.00000     -6.88405    -20.25101     11.87585
    330.00000     10.00000     -8.59779    -28.71593     13.03740
    335.00000     10.00000    -12.62752    -35.64655     13.75914
    340.00000     10.00000    -17.02061    -39.98555     14.31226
    345.00000     10.00000    -19.78467    -41.47655     15.01825
    350.00000     10.00000    -19.53794    -40.58247     16.10930
    355.00000     10.00000    -15.85767    -38.18095     17.64886
    360.00000     10.00000     -9.29661    -35.13241     19.54889
      0.00000     15.00000    -18.84835    -34.25098     24.29178
      5.00000     15.00000    -10.33364    -30.85398     26.15791
     10.00000     15.00000     -1.73221    -27.10136     28.06279
     15.00000     15.00000      5.48799    -22.73322     29.92592
     20.00000     15.00000     10.19771    -17.57545     31.58179
     25.00000     15.00000     11.68648    -11.67858     32.78659
     30.00000     15.00000      9.64118     -5.23618     33.29106
     35.00000     15.00000      4.15893      1.55090     32.93536
     40.00000     15.00000     -4.16202      8.47684     31.70364
     45.00000     15.00000    -14.17260     15.19466     29.71063
     50.00000     15.00000    -24.32722     21.11770     27.14614
     55.00000     15.00000    -33.03961     25.52001     24.22864
     60.00000     15.00000    -39.01576     27.80166     21.19976
     65.00000     15.00000    -41.32425     27.71573     18.34727
     70.00000     15.00000    -39.22935     25.38071     16.01256
     75.00000     15.00000    -32.11081     21.09338     14.54352
     80.00000     15.00000    -19.78794     15.12814     14.19075
     85.00000     15.00000     -3.18571      7.72121     14.98979
     90.00000     15.00000     15.15999     -0.70344     16.69276
     95.00000     15.00000     31.34789     -9.19745     18.79642
    100.00000     15.00000     41.29190    -16.10422     20.67012
    105.00000     15.00000     42.38258    -19.28516     21.74265
    110.00000     15.00000     34.75227    -16.82105     21.68003
    115.00000     15.00000     21.36885     -7.92299     20.48328
    120.00000     15.00000      6.79212      6.47047     18.45860
    125.00000     15.00000     -4.79665     23.85927     16.06441
    130.00000     15.00000    -11.21618     41.10847     13.70773
    135.00000     15.00000    -12.67455     55.60855     11.60361
    140.00000     15.00000    -10.83503     65.98020      9.77898
    145.00000     15.00000     -7.34615     71.98883      8.19849
    150.00000     15.00000     -2.93993     73.90955      6.89204
    155.00000     15.00000      2.31591     71.90722      5.96215
    160.00000     15.00000      7.99136     65.85747      5.45903
    165.00000     15.00000     12.51019     55.62850      5.23954
    170.00000     15.00000     13.41918     41.52086      4.95518
    175.00000     15.00000      8.65371     24.50623      4.21440
    180.00000     15.00000     -2.06960      6.06828      2.82169
    185.00000     15.00000    -16.73010    -12.30621      0.93162
    190.00000     15.00000    -31.74477    -29.71479     -0.98688
    195.00000     15.00000    -43.54138    -46.13899     -2.35617
    200.00000     15.00000    -50.06742    -62.21747     -2.74756
    205.00000     15.00000    -51.47379    -78.58467     -2.05352
    210.00000     15.00000    -49.74292    -95.17962     -0.49259
    215.00000     15.00000    -47.57171   -110.96159      1.54194
    220.00000     15.00000    -47.09422   -124.17814      3.69561
    225.00000     15.00000    -48.98677   -132.96902      5.80481
    230.00000     15.00000    -52.24671   -135.95573      7.90882
    235.00000     15.00000    -54.63106   -132.60827     10.13750
    240.00000     15.00000    -53.51254   -123.38520     12.56689
    245.00000     15.00000    -46.83033   -109.70373     15.13692
    250.00000     15.00000    -33.87095    -93.72993     17.65993
    255.00000     15.00000    -15.71961    -77.94592     19.87926
    260.00000     15.00000      4.72270    -64.53868     21.52471
    265.00000     15.00000     23.25746    -54.78735     22.35050
    270.00000     15.00000     35.47628    -48.68474     22.17943
    275.00000     15.00000     38.21707    -44.97590     20.96908
    280.00000     15.00000     30.86307    -41.66562     18.87519
    285.00000     15.00000     15.81426    -36.86747     16.26200
    290.00000     15.00000     -2.26645    -29.67651     13.62913
    295.00000     15.00000    -18.20656    -20.65242     11.47573
    300.00000     15.00000    -28.26758    -11.62829     10.16053
    305.00000     15.00000    -31.35016     -4.90855      9.81644
    310.00000     15.00000    -28.96664     -2.27330     10.34588
    315.00000     15.00000    -24.16464     -4.29638     11.48662
    320.00000     15.00000    -20.05688    -10.24573     12.91718
    325.00000     15.00000    -18.64613    -18.47572     14.36568
    330.00000     15.00000    -20.32785    -27.02061     15.68787
    335.00000     15.00000    -24.07440    -34.13992     16.88767
    340.00000     15.00000    -28.05644    -38.70712     18.07272
    345.00000     15.00000    -30.38963    -40.40158     19.36968
    350.00000     15.00000    -29.75266    -39.65386     20.84954
    355.00000     15.00000    -25.73096    -37.32705     22.50650
    360.00000     15.00000    -18.84835    -34.25098     24.29178
      0.00000     20.00000    -29.69771    -30.81422     28.89729
      5.00000     20.00000    -20.99581    -27.26245     30.54849
     10.00000     20.00000    -12.15773    -23.23370     32.20082
     15.00000     20.00000     -4.61978    -18.58046     33.82326
     20.00000     20.00000      0.44778    -13.26875     35.28747
     25.00000     20.00000      2.24566     -7.44185     36.40162
     30.00000     20.00000      0.37857     -1.29529     36.97696
     35.00000     20.00000     -5.09104      5.03653     36.88113
     40.00000     20.00000    -13.55815     11.42190     36.05653
     45.00000     20.00000    -23.86332     17.55747     34.51623
     50.00000     20.00000    -34.46545     22.88582     32.33950
     55.00000     20.00000    -43.76796     26.73570     29.67437
     60.00000     20.00000    -50.40646     28.59609     26.73837
     65.00000     20.00000    -53.31981     28.30313     23.80670
     70.00000     20.00000    -51.64808     26.00272     21.18417
     75.00000     20.00000    -44.72493     21.95433     19.16147
     80.00000     20.00000    -32.40497     16.37010     17.95926
     85.00000     20.00000    -15.65023      9.44450     17.67159
     90.00000     20.00000      3.05611      1.58465     18.22930
     95.00000     20.00000     19.96481     -6.29389     19.40109
    100.00000     20.00000     31.13950    -12.62496     20.83458
    105.00000     20.00000     33.96836    -15.40897     22.12590
    110.00000     20.00000     28.33860    -12.84353     22.90342
    115.00000     20.00000     16.77359     -4.14717     22.91159
    120.00000     20.00000      3.35976      9.87725     22.07127
    125.00000     20.00000     -8.01286     26.95061     20.48485
    130.00000     20.00000    -15.14122     44.12542     18.37335
    135.00000     20.00000    -17.93096     58.84895     15.97827
    140.00000     20.00000    -17.64378     69.66003     13.49208
    145.00000     20.00000    -15.64280     76.18169     11.05595
    150.00000     20.00000    -12.59686     78.57935      8.79753
    155.00000     20.00000     -8.66608     76.97654      6.84222
    160.00000     20.00000     -4.35786     71.24241      5.26587
    165.00000     20.00000     -1.18244     61.22158      4.03135
    170.00000     20.00000     -1.39965     47.16039      2.98444
    175.00000     20.00000     -6.89078     29.98132      1.93804
    180.00000     20.00000    -17.90562     11.17115      0.79380
    185.00000     20.00000    -32.57095     -7.71122     -0.38256
    190.00000     20.00000    -47.53846    -25.64937     -1.37724
    195.00000     20.00000    -59.41414    -42.51916     -1.91545
    200.00000     20.00000    -66.16836    -58.90344     -1.76646
    205.00000     20.00000    -67.81281    -75.44127     -0.82092
    210.00000     20.00000    -66.09803    -92.11519      0.88284
    215.00000     20.00000    -63.49547   -107.93245      3.18940
    220.00000     20.00000    -62.00777   -121.17360      5.89896
    225.00000     20.00000    -62.32687   -130.00623      8.84104
    230.00000     20.00000    -63.62132   -133.09853     11.90123
    235.00000     20.00000    -63.93770   -129.99169     14.98450
    240.00000     20.00000    -60.98381   -121.20854     17.95258
    245.00000     20.00000    -52.99328   -108.17267     20.59718
    250.00000     20.00000    -39.43040    -92.96692     22.67961
    255.00000     20.00000    -21.39161    -77.91473     24.00970
    260.00000     20.00000     -1.60775    -65.02323     24.50907
    265.00000     20.00000     16.04205    -55.43820     24.22505
    270.00000     20.00000     27.52694    -49.11914     23.30292
    275.00000     20.00000     29.98083    -44.89738     21.94291
    280.00000     20.00000     22.86555    -40.95627     20.35971
    285.00000     20.00000      8.38865    -35.60697     18.74932
    290.00000     20.00000     -9.17279    -28.07060     17.26781
    295.00000     20.00000    -25.04417    -18.90422     16.02969
    300.00000     20.00000    -35.70926     -9.82455     15.12284
    305.00000     20.00000    -40.02147     -2.98546     14.62120
    310.00000     20.00000    -39.21424     -0.07378     14.57701
    315.00000     20.00000    -35.95438     -1.67307     14.99771
    320.00000     20.00000    -33.01780     -7.14387     15.83456
    325.00000     20.00000    -32.21609    -14.95592     17.00261
    330.00000     20.00000    -33.93246    -23.22559     18.41912
    335.00000     20.00000    -37.27610    -30.23806     20.02584
    340.00000     20.00000    -40.63200    -34.84471     21.77632
    345.00000     20.00000    -42.32471    -36.67498     23.60850
    350.00000     20.00000    -41.17223    -36.09392     25.44132
    355.00000     20.00000    -36.80285    -33.88828     27.20836
    360.00000     20.00000    -29.69771    -30.81422     28.89729
      0.00000     25.00000    -41.97583    -24.67838     33.45399
      5.00000     25.00000    -33.26516    -21.02906     34.90799
     10.00000     25.00000    -24.39797    -16.85452     36.29576
     15.00000     25.00000    -16.74343    -12.14121     37.62873
     20.00000     25.00000    -11.48112     -6.97220     38.83154
     25.00000     25.00000     -9.47012     -1.53736     39.78504
     30.00000     25.00000    -11.16579      3.99260     40.37229
     35.00000     25.00000    -16.53527      9.54232     40.49211
     40.00000     25.00000    -24.98460     15.04126     40.05250
     45.00000     25.00000    -35.37765     20.24978     38.98037
     50.00000     25.00000    -46.21179     24.69645     37.25904
     55.00000     25.00000    -55.90322     27.82204     34.96606
     60.00000     25.00000    -63.03140     29.22397     32.27614
     65.00000     25.00000    -66.42223     28.80025     29.42454
     70.00000     25.00000    -65.11839     26.69163     26.65789
     75.00000     25.00000    -58.43873     23.10374     24.20030
     80.00000     25.00000    -46.29063     18.18530     22.23964
     85.00000     25.00000    -29.65404     12.08278     20.92081
     90.00000     25.00000    -10.88963      5.15938     20.33346
     95.00000     25.00000      6.51932     -1.74830     20.48992
    100.00000     25.00000     18.91008     -7.21882     21.29530
    105.00000     25.00000     23.74822     -9.44494     22.52047
    110.00000     25.00000     20.66253     -6.78474     23.80440
    115.00000     25.00000     11.61364      1.51736     24.71487
    120.00000     25.00000      0.03205     14.81895     24.86715
    125.00000     25.00000    -10.65435     31.13410     24.04987
    130.00000     25.00000    -18.31123     47.80178     22.28486
    135.00000     25.00000    -22.53071     62.41397     19.78531
    140.00000     25.00000    -24.09430     73.47299     16.84705
    145.00000     25.00000    -23.99368     80.45426     13.74673
    150.00000     25.00000    -22.78334     83.37515     10.69561
    155.00000     25.00000    -20.69732     82.27632      7.84245
    160.00000     25.00000    -18.29852     77.00196      5.29032
    165.00000     25.00000    -16.97136     67.38697      3.10682
    170.00000     25.00000    -18.68554     53.65556      1.33140
    175.00000     25.00000    -25.04747     36.69964     -0.01495
    180.00000     25.00000    -36.24279     17.98694     -0.92410
    185.00000     25.00000    -50.60591     -0.91352     -1.40373
    190.00000     25.00000    -65.15389    -18.93758     -1.47531
    195.00000     25.00000    -76.81063    -35.88089     -1.15088
    200.00000     25.00000    -83.65089    -52.23938     -0.39845
    205.00000     25.00000    -85.53547    -68.60008      0.86779
    210.00000     25.00000    -83.89267    -84.96155      2.74764
    215.00000     25.00000    -80.85199   -100.41405      5.28569
    220.00000     25.00000    -78.20182   -113.35429      8.42200
    225.00000     25.00000    -76.63838   -122.06114     11.99186
    230.00000     25.00000    -75.56353   -125.29143     15.75773
    235.00000     25.00000    -73.42131   -122.64837     19.43742
    240.00000     25.00000    -68.36850   -114.67639     22.71897
    245.00000     25.00000    -59.01659   -102.75029     25.28801
    250.00000     25.00000    -45.03663    -88.81242     26.89101
    255.00000     25.00000    -27.49986    -74.97158     27.41943
    260.00000     25.00000     -8.86817    -63.00753     26.96647
    265.00000     25.00000      7.44058    -53.90567     25.81543
    270.00000     25.00000     17.92051    -47.59418     24.35621
    275.00000     25.00000     20.10462    -43.01975     22.96293
    280.00000     25.00000     13.54728    -38.58778     21.88044
    285.00000     25.00000      0.17126    -32.84696     21.16437
    290.00000     25.00000    -16.30488    -25.16300     20.70211
    295.00000     25.00000    -31.69386    -16.07562     20.30949
    300.00000     25.00000    -42.83350     -7.13924     19.85649
    305.00000     25.00000    -48.55550     -0.29815     19.35225
    310.00000     25.00000    -49.73387      2.90066     18.94292
    315.00000     25.00000    -48.51290      1.88016     18.83427
    320.00000     25.00000    -47.19069     -2.82946     19.19817
    325.00000     25.00000    -47.29433     -9.85571     20.11730
    330.00000     25.00000    -49.16609    -17.45727     21.57727
    335.00000     25.00000    -52.07926    -24.01326     23.47942
    340.00000     25.00000    -54.69596    -28.41000     25.65515
    345.00000     25.00000    -55.62459    -30.24735     27.89285
    350.00000     25.00000    -53.88711    -29.79864     29.99446
    355.00000     25.00000    -49.19093    -27.72461     31.84619
    360.00000     25.00000    -41.97583    -24.67838     33.45399
      0.00000     30.00000    -55.70188    -15.99999     38.04120
      5.00000     30.00000    -47.19301    -12.36028     39.29422
     10.00000     30.00000    -38.55129     -8.23752     40.39211
     15.00000     30.00000    -31.04598     -3.74585     41.38859
     20.00000     30.00000    -25.82269      0.94867     42.27696
     25.00000     30.00000    -23.75472      5.64997     43.02218
     30.00000     30.00000    -25.32405     10.23287     43.57874
     35.00000     30.00000    -30.51887     14.67967     43.87522
     40.00000     30.00000    -38.77303     18.98097     43.79699
     45.00000     30.00000    -49.00365     22.98493     43.20844
     50.00000     30.00000    -59.77566     26.35018     42.01514
     55.00000     30.00000    -69.54318     28.66551     40.22033
     60.00000     30.00000    -76.85854     29.64127     37.93099
     65.00000     30.00000    -80.47421     29.21340     35.31352
     70.00000     30.00000    -79.38042     27.48856     32.54056
     75.00000     30.00000    -72.91598     24.60322     29.76945
     80.00000     30.00000    -61.05005     20.63880     27.15828
     85.00000     30.00000    -44.75558     15.68532     24.89302
     90.00000     30.00000    -26.21180     10.03750     23.19238
     95.00000     30.00000     -8.55052      4.41429     22.26949
    100.00000     30.00000      4.93348      0.04857     22.25048
    105.00000     30.00000     11.85662     -1.48673     23.07610
    110.00000     30.00000     11.60933      1.25410     24.44077
    115.00000     30.00000      5.53904      8.97971     25.82730
    120.00000     30.00000     -3.68756     21.21669     26.65361
    125.00000     30.00000    -13.23026     36.32158     26.47348
    130.00000     30.00000    -21.12158     52.00360     25.12433
    135.00000     30.00000    -26.68368     66.09002     22.74063
    140.00000     30.00000    -30.20814     77.10806     19.63904
    145.00000     30.00000    -32.27377     84.39734     16.16095
    150.00000     30.00000    -33.27119     87.79923     12.56926
    155.00000     30.00000    -33.46226     87.23812      9.03971
    160.00000     30.00000    -33.41800     82.52789      5.71765
    165.00000     30.00000    -34.33819     73.52265      2.77692
    170.00000     30.00000    -37.83190     60.46100      0.42950
    175.00000     30.00000    -45.16744     44.20897     -1.12742
    180.00000     30.00000    -56.44196     26.16782     -1.79773
    185.00000     30.00000    -70.23509      7.83413     -1.64715
    190.00000     30.00000    -84.02296     -9.75331     -0.88336
    195.00000     30.00000    -95.15894    -26.33386      0.25238
    200.00000     30.00000   -101.90071    -42.28508      1.62267
    205.00000     30.00000   -103.96995    -58.08794      3.26812
    210.00000     30.00000   -102.42125    -73.72818      5.36329
    215.00000     30.00000    -98.96319    -88.40461      8.08366
    220.00000     30.00000    -95.10892   -100.70160     11.47228
    225.00000     30.00000    -91.54497   -109.08912     15.38136
    230.00000     30.00000    -87.94138   -112.46099     19.49908
    235.00000     30.00000    -83.20324   -110.48117     23.42053
    240.00000     30.00000    -76.00107   -103.67281     26.72303
    245.00000     30.00000    -65.36727    -93.29899     29.03884
    250.00000     30.00000    -51.18666    -81.09802     30.13454
    255.00000     30.00000    -34.47124    -68.91195     29.98834
    260.00000     30.00000    -17.34306    -58.25973     28.82936
    265.00000     30.00000     -2.66623    -49.95620     27.10138
    270.00000     30.00000      6.66725    -43.91137     25.34448
    275.00000     30.00000      8.64592    -39.21566     24.02888
    280.00000     30.00000      2.91777    -34.52634     23.40365
    285.00000     30.00000     -8.94034    -28.64754     23.42544
    290.00000     30.00000    -23.87684    -21.08799     23.80588
    295.00000     30.00000    -38.41371    -12.34872     24.16424
    300.00000     30.00000    -49.83618     -3.78563     24.21609
    305.00000     30.00000    -56.98726      2.90898     23.90413
    310.00000     30.00000    -60.34747      6.36540     23.40951
    315.00000     30.00000    -61.45883      6.03401     23.05330
    320.00000     30.00000    -62.05278      2.33130     23.15588
    325.00000     30.00000    -63.30588     -3.56117     23.92571
    330.00000     30.00000    -65.49029    -10.10174     25.40822
    335.00000     30.00000    -68.04822    -15.83053     27.48572
    340.00000     30.00000    -69.94651    -19.72356     29.91314
    345.00000     30.00000    -70.11604    -21.37505     32.38690
    350.00000     30.00000    -67.82164    -20.95803     34.63915
    355.00000     30.00000    -62.87950    -18.98587     36.52321
    360.00000     30.00000    -55.70188    -15.99999     38.04120
      0.00000     35.00000    -70.73169     -5.34884     42.67723
      5.00000     35.00000    -62.68259     -1.87700     43.69981
     10.00000     35.00000    -54.56857      1.94345     44.47940
     15.00000     35.00000    -47.53123      5.90431     45.11197
     20.00000     35.00000    -42.63348      9.79729     45.66453
     25.00000     35.00000    -40.70771     13.45107     46.18460
     30.00000     35.00000    -42.22143     16.79955     46.69036
     35.00000     35.00000    -47.17022     19.88677     47.13857
     40.00000     35.00000    -55.02791     22.77364     47.40570
     45.00000     35.00000    -64.78969     25.41675     47.31693
     50.00000     35.00000    -75.11568     27.62834     46.71526
     55.00000     35.00000    -84.53050     29.15683     45.52367
     60.00000     35.00000    -91.60518     29.81759     43.75793
     65.00000     35.00000    -95.07788     29.56302     41.49170
     70.00000     35.00000    -93.94384     28.44339     38.81471
     75.00000     35.00000    -87.59698     26.51118     35.82486
     80.00000     35.00000    -76.06953     23.77157     32.66037
     85.00000     35.00000    -60.29902     20.24773     29.54306
     90.00000     35.00000    -42.23702     16.14833     26.79025
     95.00000     35.00000    -24.60881     12.04965     24.76508
    100.00000     35.00000    -10.28098      8.96704     23.76349
    105.00000     35.00000     -1.42565      8.20927     23.87332
    110.00000     35.00000      1.15829     10.99742     24.87457
    115.00000     35.00000     -1.77413     17.97122     26.25225
    120.00000     35.00000     -8.34036     28.82108     27.34543
    125.00000     35.00000    -16.35035     42.27079     27.57543
    130.00000     35.00000    -24.09383     56.45862     26.63716
    135.00000     35.00000    -30.71471     69.52573     24.55434
    140.00000     35.00000    -36.07758     80.09379     21.58514
    145.00000     35.00000    -40.36195     87.40260     18.05786
    150.00000     35.00000    -43.75873     91.11953     14.24841
    155.00000     35.00000    -46.49197     91.04470     10.36271
    160.00000     35.00000    -49.07225     86.96970      6.60315
    165.00000     35.00000    -52.46076     78.79459      3.23957
    170.00000     35.00000    -57.86874     66.79247      0.60807
    175.00000     35.00000    -66.20160     51.78614     -0.98291
    180.00000     35.00000    -77.45697     35.04763     -1.38879
    185.00000     35.00000    -90.47231     17.91749     -0.71555
    190.00000     35.00000   -103.22596      1.34370      0.71540
    195.00000     35.00000   -113.56588    -14.37732      2.52221
    200.00000     35.00000   -119.99593    -29.48271      4.45203
    205.00000     35.00000   -122.13516    -44.30922      6.48896
    210.00000     35.00000   -120.66439    -58.80876      8.81459
    215.00000     35.00000   -116.84565    -72.30556     11.65259
    220.00000     35.00000   -111.88658    -83.62371     15.09759
    225.00000     35.00000   -106.44572    -91.48780     19.02290
    230.00000     35.00000   -100.45851    -94.97208     23.09572
    235.00000     35.00000    -93.29729    -93.80373     26.86545
    240.00000     35.00000    -84.15175    -88.44641     29.87327
    245.00000     35.00000    -72.47235    -79.99123     31.75360
    250.00000     35.00000    -58.34269    -69.91370     32.32109
    255.00000     35.00000    -42.68831    -59.74825     31.63466
    260.00000     35.00000    -27.25661    -50.73556     30.01521
    265.00000     35.00000    -14.32456    -43.52393     27.98993
    270.00000     35.00000     -6.14799    -38.02372     26.15912
    275.00000     35.00000     -4.27717    -33.49182     25.01844
    280.00000     35.00000     -8.98084    -28.85284     24.80038
    285.00000     35.00000    -19.05094    -23.16688     25.40413
    290.00000     35.00000    -32.13633    -16.07124     26.45385
    295.00000     35.00000    -45.51060     -8.00381     27.46963
    300.00000     35.00000    -56.95255     -0.09228     28.07728
    305.00000     35.00000    -65.35487      6.25581     28.15989
    310.00000     35.00000    -70.82316      9.88081     27.88474
    315.00000     35.00000    -74.29130     10.28442     27.60780
    320.00000     35.00000    -76.90002      7.77179     27.71689
    325.00000     35.00000    -79.44560      3.30650     28.48918
    330.00000     35.00000    -82.10485     -1.82057     30.00982
    335.00000     35.00000    -84.47213     -6.36859     32.16090
    340.00000     35.00000    -85.81071     -9.45006     34.66999
    345.00000     35.00000    -85.37382    -10.68083     37.20153
    350.00000     35.00000    -82.67748    -10.14681     39.46431
    355.00000     35.00000    -77.66242     -8.22315     41.29463
    360.00000     35.00000    -70.73169     -5.34884     42.67723
      0.00000     40.00000    -86.72150      6.19613     47.30984
      5.00000     40.00000    -79.44381      9.31579     48.05933
     10.00000     40.00000    -72.19495     12.57603     48.50582
     15.00000     40.00000    -65.96706     15.72624     48.78281
     20.00000     40.00000    -61.69498     18.55896     49.02135
     25.00000     40.00000    -60.11637     20.95039     49.33645
     30.00000     40.00000    -61.64238     22.90049     49.79694
     35.00000     40.00000    -66.25886     24.51879     50.38609
     40.00000     40.00000    -73.48556     25.94390     50.98398
     45.00000     40.00000    -82.41571     27.24809     51.39541
     50.00000     40.00000    -91.83343     28.39670     51.41319
     55.00000     40.00000   -100.37575     29.28674     50.87798
     60.00000     40.00000   -106.69264     29.82145     49.70123
     65.00000     40.00000   -109.57970     29.95288     47.85133
     70.00000     40.00000   -108.09981     29.66144     45.33387
     75.00000     40.00000   -101.73339     28.90499     42.19791
     80.00000     40.00000    -90.56969     27.60311     38.57352
     85.00000     40.00000    -75.48096     25.70313     34.71453
     90.00000     40.00000    -58.15823     23.31809     31.00615
     95.00000     40.00000    -40.89494     20.87041     27.90641
    100.00000     40.00000    -26.10397     19.14476     25.82079
    105.00000     40.00000    -15.70301     19.17117     24.94840
    110.00000     40.00000    -10.61064     21.92993     25.16979
    115.00000     40.00000    -10.58018     27.97382     26.04540
    120.00000     40.00000    -14.44833     37.14146     26.94689
    125.00000     40.00000    -20.66716     48.52179     27.27100
    130.00000     40.00000    -27.84968     60.70668     26.63206
    135.00000     40.00000    -35.08133     72.20544     24.94006
    140.00000     40.00000    -41.92097     81.80454     22.34268
    145.00000     40.00000    -48.21615     88.70800     19.09334
    150.00000     40.00000    -53.94736     92.45213     15.44322
    155.00000     40.00000    -59.23384     92.73632     11.61929
    160.00000     40.00000    -64.45168     89.34372      7.87509
    165.00000     40.00000    -70.28268     82.22681      4.54254
    170.00000     40.00000    -77.53932     71.68291      2.01211
    175.00000     40.00000    -86.77951     58.45479      0.62457
    180.00000     40.00000    -97.90655     43.62619      0.52915
    185.00000     40.00000   -110.00427     28.31918      1.60086
    190.00000     40.00000   -121.54115     13.34604      3.48412
    195.00000     40.00000   -130.86847     -0.97946      5.75349
    200.00000     40.00000   -136.77360    -14.75123      8.10508
    205.00000     40.00000   -138.82824    -28.15092     10.46864
    210.00000     40.00000   -137.39239    -41.09117     12.97935
    215.00000     40.00000   -133.31448    -53.03141     15.83560
    220.00000     40.00000   -127.50150    -63.06276     19.13300
    225.00000     40.00000   -120.56162    -70.20055     22.76442
    230.00000     40.00000   -112.65293    -73.72657     26.42288
    235.00000     40.00000   -103.56127    -73.43238     29.68506
    240.00000     40.00000    -92.94086    -69.69391     32.12699
    245.00000     40.00000    -80.61311    -63.38540     33.43364
    250.00000     40.00000    -66.82637    -55.67860     33.48379
    255.00000     40.00000    -52.40271    -47.77801     32.39959
    260.00000     40.00000    -38.71861    -40.64511     30.54584
    265.00000     40.00000    -27.48960    -34.77492     28.46364
    270.00000     40.00000    -20.37679    -30.09548     26.73936
    275.00000     40.00000    -18.50933    -26.04192     25.83924
    280.00000     40.00000    -22.09012    -21.80597     25.96580
    285.00000     40.00000    -30.26354    -16.69056     26.99729
    290.00000     40.00000    -41.33886    -10.44024     28.54537
    295.00000     40.00000    -53.30580     -3.40687     30.11590
    300.00000     40.00000    -64.43402      3.53215     31.30711
    305.00000     40.00000    -73.70571      9.27825     31.95871
    310.00000     40.00000    -80.91912     12.90937     32.18996
    315.00000     40.00000    -86.46774     14.00265     32.32100
    320.00000     40.00000    -90.94608     12.75929     32.72602
    325.00000     40.00000    -94.78227      9.90731     33.68692
    330.00000     40.00000    -98.04152      6.44895     35.30100
    335.00000     40.00000   -100.43650      3.36257     37.46333
    340.00000     40.00000   -101.48706      1.36184     39.91671
    345.00000     40.00000   -100.73378      0.77811     42.34462
    350.00000     40.00000    -97.92278      1.58181     44.47209
    355.00000     40.00000    -93.11657      3.50585     46.13734
    360.00000     40.00000    -86.72150      6.19613     47.30984
      0.00000     45.00000   -103.10512     17.06575     51.82132
      5.00000     45.00000    -96.94450     19.67761     52.27437
     10.00000     45.00000    -90.89851     22.18868     52.40970
     15.00000     45.00000    -85.79423     24.36076     52.38843
     20.00000     45.00000    -82.40453     26.02639     52.38447
     25.00000     45.00000    -81.33132     27.12493     52.55566
     30.00000     45.00000    -82.89634     27.72330     53.00340
     35.00000     45.00000    -87.06001     27.99357     53.73234
     40.00000     45.00000    -93.39004     28.14708     54.63329
     45.00000     45.00000   -101.09334     28.35829     55.50414
     50.00000     45.00000   -109.10743     28.72025     56.10048
     55.00000     45.00000   -116.22933     29.24768     56.18935
     60.00000     45.00000   -121.25461     29.90708     55.58272
     65.00000     45.00000   -123.11025     30.63812     54.14822
     70.00000     45.00000   -120.98524     31.34918     51.81492
     75.00000     45.00000   -114.47013     31.90382     48.59300
     80.00000     45.00000   -103.69917     32.13480     44.60951
     85.00000     45.00000    -89.45140     31.91093     40.13974
     90.00000     45.00000    -73.13935     31.24778     35.60271
     95.00000     45.00000    -56.62643     30.41421     31.49712
    100.00000     45.00000    -41.87693     29.96741     28.28033
    105.00000     45.00000    -30.52881     30.66404     26.22613
    110.00000     45.00000    -23.53929     33.24633     25.32102
    115.00000     45.00000    -21.04077     38.17219     25.25411
    120.00000     45.00000    -22.45714     45.40550     25.51738
    125.00000     45.00000    -26.81027     54.37097     25.57674
    130.00000     45.00000    -33.06487     64.09966     25.03520
    135.00000     45.00000    -40.36696     73.49047     23.71588
    140.00000     45.00000    -48.11910     81.55599     21.64339
    145.00000     45.00000    -55.94305     87.54780     18.96345
    150.00000     45.00000    -63.63148     90.94827     15.86896
    155.00000     45.00000    -71.15453     91.40463     12.57869
    160.00000     45.00000    -78.69862     88.70428      9.36151
    165.00000     45.00000    -86.65069     82.83435      6.55564
    170.00000     45.00000    -95.45735     74.07948      4.53259
    175.00000     45.00000   -105.37656     63.05921      3.59747
    180.00000     45.00000   -116.23474     50.63060      3.87235
    185.00000     45.00000   -127.33095     37.66914      5.23497
    190.00000     45.00000   -137.56474     24.83100      7.36168
    195.00000     45.00000   -145.74691     12.42781      9.86285
    200.00000     45.00000   -150.95475      0.48698     12.44086
    205.00000     45.00000   -152.77412    -11.03825     14.98548
    210.00000     45.00000   -151.33530    -22.03293     17.55927
    215.00000     45.00000   -147.15388    -32.09378     20.29079
    220.00000     45.00000   -140.87269    -40.57780     23.24266
    225.00000     45.00000   -133.02747    -46.79302     26.32508
    230.00000     45.00000   -123.92560    -50.23248     29.28998
    235.00000     45.00000   -113.66450    -50.75019     31.79563
    240.00000     45.00000   -102.25925    -48.62200     33.50589
    245.00000     45.00000    -89.81921    -44.48784     34.18837
    250.00000     45.00000    -76.70934    -39.20437     33.78822
    255.00000     45.00000    -63.64236    -33.64888     32.46438
    260.00000     45.00000    -51.66177    -28.51855     30.57802
    265.00000     45.00000    -41.99656    -24.17288     28.62627
    270.00000     45.00000    -35.80392    -20.56720     27.12715
    275.00000     45.00000    -33.86423    -17.30976     26.48182
    280.00000     45.00000    -36.33308    -13.83973     26.85874
    285.00000     45.00000    -42.65709     -9.67536     28.14721
    290.00000     45.00000    -51.70702     -4.64315     30.00633
    295.00000     45.00000    -62.09053      1.00686     31.99691
    300.00000     45.00000    -72.52355      6.65474     33.74505
    305.00000     45.00000    -82.11322     11.51754     35.06967
    310.00000     45.00000    -90.45275     14.92435     36.02325
    315.00000     45.00000    -97.52204     16.54657     36.83654
    320.00000     45.00000   -103.47436     16.49572     37.80093
    325.00000     45.00000   -108.42388     15.26492     39.14347
    330.00000     45.00000   -112.32355     13.55460     40.94304
    335.00000     45.00000   -114.96249     12.05966     43.11112
    340.00000     45.00000   -116.05536     11.29498     45.43327
    345.00000     45.00000   -115.36868     11.50792     47.64704
    350.00000     45.00000   -112.83271     12.68645     49.52376
    355.00000     45.00000   -108.60890     14.63438     50.92524
    360.00000     45.00000   -103.10512     17.06575     51.82132
      0.00000     50.00000   -119.07108     25.44100     55.99581
      5.00000     50.00000   -114.34838     27.48720     56.19291
     10.00000     50.00000   -109.78100     29.21354     56.10155
     15.00000     50.00000   -106.02186     30.43714     55.89733
     20.00000     50.00000   -103.66486     31.05753     55.77148
     25.00000     50.00000   -103.15607     31.08394     55.89627
     30.00000     50.00000   -104.71192     30.64337     56.38379
     35.00000     50.00000   -108.26024     29.95679     57.24907
     40.00000     50.00000   -113.41912     29.28651     58.39307
     45.00000     50.00000   -119.52191     28.87436     59.61499
     50.00000     50.00000   -125.68595     28.89468     60.64921
     55.00000     50.00000   -130.91265     29.43410     61.21152
     60.00000     50.00000   -134.20318     30.49221     61.03992
     65.00000     50.00000   -134.67822     31.98878     59.92544
     70.00000     50.00000   -131.69721     33.77008     57.73886
     75.00000     50.00000   -124.97320     35.62146     54.46040
     80.00000     50.00000   -114.67008     37.30206     50.21021
     85.00000     50.00000   -101.45289     38.61075     45.26528
     90.00000     50.00000    -86.45409     39.47292     40.04252
     95.00000     50.00000    -71.13109     40.01557     35.03508
    100.00000     50.00000    -57.02650     40.58886     30.70767
    105.00000     50.00000    -45.48718     41.70361     27.38010
    110.00000     50.00000    -37.42646     43.88836     25.14235
    115.00000     50.00000    -33.20608     47.51038     23.83867
    120.00000     50.00000    -32.66822     52.63119     23.13141
    125.00000     50.00000    -35.28680     58.95835     22.61814
    130.00000     50.00000    -40.36393     65.91127     21.95135
    135.00000     50.00000    -47.19588     72.76371     20.91322
    140.00000     50.00000    -55.17013     78.79357     19.42794
    145.00000     50.00000    -63.80330     83.38138     17.53089
    150.00000     50.00000    -72.75552     86.04417     15.33209
    155.00000     50.00000    -81.84540     86.43603     13.00048
    160.00000     50.00000    -91.05637     84.36004     10.76601
    165.00000     50.00000   -100.50121     79.80948      8.91231
    170.00000     50.00000   -110.32183     73.01313      7.73412
    175.00000     50.00000   -120.54227     64.43521      7.45949
    180.00000     50.00000   -130.93486     54.69637      8.16922
    185.00000     50.00000   -140.97071     44.42972      9.75945
    190.00000     50.00000   -149.89290     34.13347     11.97600
    195.00000     50.00000   -156.89193     24.09329     14.50990
    200.00000     50.00000   -161.31220     14.41404     17.10757
    205.00000     50.00000   -162.80501      5.13918     19.64032
    210.00000     50.00000   -161.37275     -3.61175     22.10172
    215.00000     50.00000   -157.30154    -11.56495     24.54207
    220.00000     50.00000   -151.02692    -18.31408     26.98146
    225.00000     50.00000   -142.99657    -23.42803     29.34796
    230.00000     50.00000   -133.58330    -26.59098     31.46822
    235.00000     50.00000   -123.07102    -27.71432     33.10883
    240.00000     50.00000   -111.70543    -26.98078     34.04706
    245.00000     50.00000    -99.77995    -24.81203     34.14476
    250.00000     50.00000    -87.72010    -21.77420     33.40429
    255.00000     50.00000    -76.13145    -18.44840     31.99322
    260.00000     50.00000    -65.78470    -15.29798     30.22977
    265.00000     50.00000    -57.52637    -12.56569     28.52673
    270.00000     50.00000    -52.12671    -10.23176     27.30173
    275.00000     50.00000    -50.10324     -8.05176     26.87467
    280.00000     50.00000    -51.57870     -5.67038     27.38419
    285.00000     50.00000    -56.23022     -2.77816     28.75513
    290.00000     50.00000    -63.35782      0.74434     30.73383
    295.00000     50.00000    -72.05287      4.75248     32.98192
    300.00000     50.00000    -81.40514      8.86710     35.19346
    305.00000     50.00000    -90.67212     12.59861     37.18931
    310.00000     50.00000    -99.35639     15.51592     38.95303
    315.00000     50.00000   -107.18184     17.39183     40.59923
    320.00000     50.00000   -114.00416     18.27001     42.29497
    325.00000     50.00000   -119.71182     18.43489     44.17175
    330.00000     50.00000   -124.16501     18.30632     46.26372
    335.00000     50.00000   -127.19213     18.30609     48.49183
    340.00000     50.00000   -128.63361     18.74561     50.69233
    345.00000     50.00000   -128.40650     19.76650     52.67183
    350.00000     50.00000   -126.56236     21.33999     54.26518
    355.00000     50.00000   -123.32056     23.30820     55.37661
    360.00000     50.00000   -119.07108     25.44100     55.99581
      0.00000     55.00000   -133.56394     29.73642     59.46236
      5.00000     55.00000   -130.48031     31.30728     59.53920
     10.00000     55.00000   -127.52374     32.41918     59.38100
     15.00000     55.00000   -125.17216     32.96467     59.16276
     20.00000     55.00000   -123.84203     32.91780     59.06850
     25.00000     55.00000   -123.82676     32.35067     59.25848
     30.00000     55.00000   -125.24226     31.43289     59.83330
     35.00000     55.00000   -127.98969     30.40893     60.80343
     40.00000     55.00000   -131.74456     29.55627     62.07396
     45.00000     55.00000   -135.97707     29.13540     63.45067
     50.00000     55.00000   -140.00280     29.34520     64.66613
     55.00000     55.00000   -143.05744     30.29292     65.41826
     60.00000     55.00000   -144.38642     31.98063     65.41295
     65.00000     55.00000   -143.34082     34.30545     64.40498
     70.00000     55.00000   -139.47146     37.07153     62.23594
     75.00000     55.00000   -132.61243     40.01611     58.86767
     80.00000     55.00000   -122.94139     42.85309     54.40661
     85.00000     55.00000   -110.99924     45.33356     49.10950
     90.00000     55.00000    -97.65265     47.31230     43.36011
     95.00000     55.00000    -83.99236     48.79983     37.61264
    100.00000     55.00000    -71.17878     49.97652     32.30934
    105.00000     55.00000    -60.26678     51.15389     27.79316
    110.00000     55.00000    -52.05330     52.68737     24.24250
    115.00000     55.00000    -46.98677     54.86625     21.65076
    120.00000     55.00000    -45.15629     57.81898     19.85684
    125.00000     55.00000    -46.35089     61.46727     18.61245
    130.00000     55.00000    -50.15815     65.54109     17.65876
    135.00000     55.00000    -56.06739     69.64064     16.78531
    140.00000     55.00000    -63.55378     73.31478     15.85862
    145.00000     55.00000    -72.13730     76.12795     14.82546
    150.00000     55.00000    -81.42146     77.70480     13.70542
    155.00000     55.00000    -91.11577     77.75987     12.58405
    160.00000     55.00000   -101.03779     76.12578     11.60540
    165.00000     55.00000   -111.08567     72.78298     10.95377
    170.00000     55.00000   -121.17880     67.87875     10.81586
    175.00000     55.00000   -131.18067     61.71473     11.32794
    180.00000     55.00000   -140.83327     54.69249     12.52729
    185.00000     55.00000   -149.73494     47.22842     14.33213
    190.00000     55.00000   -157.37832     39.67001     16.56352
    195.00000     55.00000   -163.23922     32.24981     19.00204
    200.00000     55.00000   -166.88423     25.09551     21.45334
    205.00000     55.00000   -168.05735     18.28622     23.79250
    210.00000     55.00000   -166.71687     11.92112     25.96884
    215.00000     55.00000   -163.01613      6.16222     27.97462
    220.00000     55.00000   -157.24451      1.22891     29.79852
    225.00000     55.00000   -149.75696     -2.65227     31.38939
    230.00000     55.00000   -140.91915     -5.31827     32.64773
    235.00000     55.00000   -131.08372     -6.73003     33.44709
    240.00000     55.00000   -120.59856     -6.99946     33.67559
    245.00000     55.00000   -109.83612     -6.37438     33.28188
    250.00000     55.00000    -99.22570     -5.18658     32.31084
    255.00000     55.00000    -89.27021     -3.77738     30.91829
    260.00000     55.00000    -80.53225     -2.42008     29.35842
    265.00000     55.00000    -73.58345     -1.25968     27.94378
    270.00000     55.00000    -68.92336     -0.28806     26.98417
    275.00000     55.00000    -66.88779      0.63522     26.71930
    280.00000     55.00000    -67.57499      1.71950     27.26501
    285.00000     55.00000    -70.81668      3.15602     28.59173
    290.00000     55.00000    -76.20717      5.03719     30.54478
    295.00000     55.00000    -83.18274      7.31307     32.90021
    300.00000     55.00000    -91.12478      9.80276     35.43602
    305.00000     55.00000    -99.45260     12.25659     37.99181
    310.00000     55.00000   -107.68004     14.44390     40.49570
    315.00000     55.00000   -115.42811     16.23103     42.95207
    320.00000     55.00000   -122.40545     17.61986     45.40041
    325.00000     55.00000   -128.37867     18.73547     47.86660
    330.00000     55.00000   -133.15316     19.77251     50.32766
    335.00000     55.00000   -136.57470     20.92452     52.70280
    340.00000     55.00000   -138.54926     22.32262     54.87056
    345.00000     55.00000   -139.07068     24.00153     56.70223
    350.00000     55.00000   -138.24390     25.89742     58.09745
    355.00000     55.00000   -136.29500     27.86996     59.01050
    360.00000     55.00000   -133.56394     29.73642     59.46236
      0.00000     60.00000   -145.37956     29.19437     61.69636
      5.00000     60.00000   -143.91376     30.52713     61.86938
     10.00000     60.00000   -142.48183     31.38272     61.85584
     15.00000     60.00000   -141.39703     31.72338     61.81287
     20.00000     60.00000   -140.91711     31.58286     61.89627
     25.00000     60.00000   -141.20585     31.07272     62.23354
     30.00000     60.00000   -142.30113     30.37584     62.89639
     35.00000     60.00000   -144.09532     29.72565     63.87847
     40.00000     60.00000   -146.33262     29.37316     65.08425
     45.00000     60.00000   -148.62608     29.54806     66.33283
     50.00000     60.00000   -150.49390     30.42158     67.37712
     55.00000     60.00000   -151.41166     32.07798     67.93512
     60.00000     60.00000   -150.87525     34.49886     67.72842
     65.00000     60.00000   -148.46788     37.56201     66.52267
     70.00000     60.00000   -143.92411     41.05525     64.16545
     75.00000     60.00000   -137.18266     44.70495     60.61701
     80.00000     60.00000   -128.41940     48.21777     55.96844
     85.00000     60.00000   -118.05153     51.33072     50.44159
     90.00000     60.00000   -106.70684     53.86057     44.36671
     95.00000     60.00000    -95.15786     55.74025     38.13789
    100.00000     60.00000    -84.22920     57.03040     32.15357
    105.00000     60.00000    -74.69454     57.89955     26.75471
    110.00000     60.00000    -67.18414     58.57623     22.17624
    115.00000     60.00000    -62.12118     59.28599     18.52409
    120.00000     60.00000    -59.69731     60.19189     15.78173
    125.00000     60.00000    -59.88632     61.35527     13.84082
    130.00000     60.00000    -62.48590     62.72530     12.54346
    135.00000     60.00000    -67.17314     64.15472     11.72277
    140.00000     60.00000    -73.56130     65.43200     11.23351
    145.00000     60.00000    -81.24939     66.31858     10.97062
    150.00000     60.00000    -89.86046     66.58434     10.87824
    155.00000     60.00000    -99.06569     66.03942     10.95160
    160.00000     60.00000   -108.59181     64.56248     11.23138
    165.00000     60.00000   -118.21051     62.12281     11.78818
    170.00000     60.00000   -127.71252     58.79007     12.69677
    175.00000     60.00000   -136.87486     54.72475     14.00513
    180.00000     60.00000   -145.43450     50.14759     15.70828
    185.00000     60.00000   -153.08110     45.29542     17.73784
    190.00000     60.00000   -159.47516     40.37800     19.97266
    195.00000     60.00000   -164.28821     35.55168     22.26667
    200.00000     60.00000   -167.25239     30.91796     24.48210
    205.00000     60.00000   -168.20349     26.54352     26.51434
    210.00000     60.00000   -167.10446     22.48840     28.29914
    215.00000     60.00000   -164.04442     18.82617     29.80277
    220.00000     60.00000   -159.21747     15.64566     31.00282
    225.00000     60.00000   -152.89127     13.03354     31.87158
    230.00000     60.00000   -145.37696     11.04621     32.37053
    235.00000     60.00000   -137.00853      9.68398     32.45875
    240.00000     60.00000   -128.13446      8.87831     32.11217
    245.00000     60.00000   -119.11891      8.49800     31.34606
    250.00000     60.00000   -110.34569      8.37359     30.23295
    255.00000     60.00000   -102.21704      8.33359     28.90905
    260.00000     60.00000    -95.14051      8.24335     27.56537
    265.00000     60.00000    -89.50112      8.03563     26.42329
    270.00000     60.00000    -85.62178      7.72382     25.69888
    275.00000     60.00000    -83.72013      7.39278     25.56423
    280.00000     60.00000    -83.87385      7.16884     26.11651
    285.00000     60.00000    -86.00530      7.17812     27.36404
    290.00000     60.00000    -89.89127      7.50665     29.23405
    295.00000     60.00000    -95.19569      8.17646     31.59908
    300.00000     60.00000   -101.51587      9.14571     34.31250
    305.00000     60.00000   -108.42968     10.33166     37.24024
    310.00000     60.00000   -115.53291     11.64611     40.27859
    315.00000     60.00000   -122.46188     13.02841     43.35423
    320.00000     60.00000   -128.90327     14.46288     46.41047
    325.00000     60.00000   -134.59711     15.97516     49.38907
    330.00000     60.00000   -139.33972     17.61067     52.21734
    335.00000     60.00000   -142.99012     19.40530     54.80678
    340.00000     60.00000   -145.47964     21.35973     57.06366
    345.00000     60.00000   -146.82163     23.42593     58.90700
    350.00000     60.00000   -147.11668     25.50848     60.28747
    355.00000     60.00000   -146.55006     27.47837     61.20132
    360.00000     60.00000   -145.37956     29.19437     61.69636
      0.00000     65.00000   -153.40245     24.31849     62.12761
      5.00000     65.00000   -153.25330     25.73181     62.61800
     10.00000     65.00000   -153.01481     26.77519     62.94010
     15.00000     65.00000   -152.85975     27.45498     63.21513
     20.00000     65.00000   -152.91990     27.83253     63.55485
     25.00000     65.00000   -153.26491     28.02314     64.04191
     30.00000     65.00000   -153.88652     28.18657     64.71149
     35.00000     65.00000   -154.69059     28.50908     65.53754
     40.00000     65.00000   -155.49933     29.17882     66.42698
     45.00000     65.00000   -156.06458     30.35798     67.22391
     50.00000     65.00000   -156.09184     32.15636     67.72455
     55.00000     65.00000   -155.27319     34.61071     67.70120
     60.00000     65.00000   -153.32572     37.67368     66.93237
     65.00000     65.00000   -150.03158     41.21425     65.23502
     70.00000     65.00000   -145.27457     45.03060     62.49454
     75.00000     65.00000   -139.06845     48.87432     58.68788
     80.00000     65.00000   -131.57194     52.48321     53.89577
     85.00000     65.00000   -123.08684     55.61808     48.30092
     90.00000     65.00000   -114.03728     58.09727     42.17086
     95.00000     65.00000   -104.93162     59.82199     35.82712
    100.00000     65.00000    -96.31157     60.78672     29.60563
    105.00000     65.00000    -88.69623     61.07203     23.81537
    110.00000     65.00000    -82.53020     60.82134     18.70370
    115.00000     65.00000    -78.14388     60.20749     14.43441
    120.00000     65.00000    -75.73127     59.39720     11.08171
    125.00000     65.00000    -75.34657     58.52162      8.63897
    130.00000     65.00000    -76.91731     57.65820      7.03777
    135.00000     65.00000    -80.26888     56.82580      6.17157
    140.00000     65.00000    -85.15488     55.99121      5.91900
    145.00000     65.00000    -91.28786     55.08387      6.16342
    150.00000     65.00000    -98.36617     54.01524      6.80687
    155.00000     65.00000   -106.09386     52.69983      7.77751
    160.00000     65.00000   -114.19169     51.07473      9.02999
    165.00000     65.00000   -122.39938     49.11476     10.53873
    170.00000     65.00000   -130.47070     46.83968     12.28561
    175.00000     65.00000   -138.16559     44.31140     14.24540
    180.00000     65.00000   -145.24414     41.62144     16.37383
    185.00000     65.00000   -151.46691     38.87214     18.60229
    190.00000     65.00000   -156.60391     36.15770     20.84155
    195.00000     65.00000   -160.45107     33.55076     22.99278
    200.00000     65.00000   -162.85028     31.09821     24.96172
    205.00000     65.00000   -163.70764     28.82554     26.67070
    210.00000     65.00000   -163.00493     26.74585     28.06465
    215.00000     65.00000   -160.80205     24.86798     29.11055
    220.00000     65.00000   -157.23060     23.19974     29.79238
    225.00000     65.00000   -152.48140     21.74495     30.10556
    230.00000     65.00000   -146.78986     20.49634     30.05438
    235.00000     65.00000   -140.42225     19.42826     29.65402
    240.00000     65.00000   -133.66497     18.49331     28.93660
    245.00000     65.00000   -126.81659     17.62546     27.95876
    250.00000     65.00000   -120.18103     16.75002     26.80730
    255.00000     65.00000   -114.05951     15.79848     25.59992
    260.00000     65.00000   -108.73912     14.72456     24.47902
    265.00000     65.00000   -104.47722     13.51700     23.59848
    270.00000     65.00000   -101.48271     12.20529     23.10543
    275.00000     65.00000    -99.89717     10.85618     23.12072
    280.00000     65.00000    -99.77985      9.56148     23.72273
    285.00000     65.00000   -101.10041      8.42046     24.93847
    290.00000     65.00000   -103.74153      7.52189     26.74406
    295.00000     65.00000   -107.51122      6.93101     29.07365
    300.00000     65.00000   -112.16230      6.68453     31.83341
    305.00000     65.00000   -117.41513      6.79390     34.91580
    310.00000     65.00000   -122.97985      7.25375     38.21044
    315.00000     65.00000   -128.57556      8.05087     41.60944
    320.00000     65.00000   -133.94570      9.16939     45.00826
    325.00000     65.00000   -138.86999     10.59012     48.30496
    330.00000     65.00000   -143.17404     12.28495     51.40067
    335.00000     65.00000   -146.73710     14.20940     54.20371
    340.00000     65.00000   -149.49782     16.29711     56.63702
    345.00000     65.00000   -151.45700     18.45927     58.64758
    350.00000     65.00000   -152.67628     20.59014     60.21489
    355.00000     65.00000   -153.27179     22.57782     61.35632
    360.00000     65.00000   -153.40245     24.31849     62.12761
      0.00000     70.00000   -156.94104     16.84891     60.29209
      5.00000     70.00000   -157.57030     18.62967     61.21118
     10.00000     70.00000   -158.00984     20.23068     61.94020
     15.00000     70.00000   -158.32964     21.66969     62.55159
     20.00000     70.00000   -158.57675     22.99946     63.10608
     25.00000     70.00000   -158.76580     24.30346     63.64069
     30.00000     70.00000   -158.87289     25.68682     64.15849
     35.00000     70.00000   -158.83379     27.26294     64.62203
     40.00000     70.00000   -158.54735     29.13726     64.95205
     45.00000     70.00000   -157.88422     31.39016     65.03231
     50.00000     70.00000   -156.70047     34.06142     64.72068
     55.00000     70.00000   -154.85503     37.13891     63.86559
     60.00000     70.00000   -152.22914     40.55345     62.32601
     65.00000     70.00000   -148.74575     44.18117     59.99233
     70.00000     70.00000   -144.38637     47.85363     56.80527
     75.00000     70.00000   -139.20307     51.37474     52.76995
     80.00000     70.00000   -133.32348     54.54246     47.96270
     85.00000     70.00000   -126.94762     57.17223     42.52903
     90.00000     70.00000   -120.33621     59.11862     36.67273
     95.00000     70.00000   -113.79137     60.29168     30.63707
    100.00000     70.00000   -107.63194     60.66536     24.68100
    105.00000     70.00000   -102.16652     60.27662     19.05396
    110.00000     70.00000    -97.66772     59.21593     13.97302
    115.00000     70.00000    -94.35095     57.61109      9.60584
    120.00000     70.00000    -92.36005     55.60790      6.06121
    125.00000     70.00000    -91.76098     53.35109      3.38782
    130.00000     70.00000    -92.54334     50.96867      1.57997
    135.00000     70.00000    -94.62838     48.56166      0.58838
    140.00000     70.00000    -97.88145     46.19978      0.33338
    145.00000     70.00000   -102.12665     43.92292      0.71839
    150.00000     70.00000   -107.16142     41.74699      1.64160
    155.00000     70.00000   -112.76929     39.67248      3.00444
    160.00000     70.00000   -118.72986     37.69383      4.71620
    165.00000     70.00000   -124.82546     35.80745      6.69479
    170.00000     70.00000   -130.84530     34.01687      8.86447
    175.00000     70.00000   -136.58794     32.33404     11.15209
    180.00000     70.00000   -141.86370     30.77681     13.48372
    185.00000     70.00000   -146.49816     29.36382     15.78315
    190.00000     70.00000   -150.33742     28.10862     17.97313
    195.00000     70.00000   -153.25485     27.01505     19.97912
    200.00000     70.00000   -155.15840     26.07505     21.73442
    205.00000     70.00000   -155.99714     25.26921     23.18506
    210.00000     70.00000   -155.76544     24.56942     24.29329
    215.00000     70.00000   -154.50420     23.94212     25.03898
    220.00000     70.00000   -152.29863     23.35102     25.41940
    225.00000     70.00000   -149.27337     22.75870     25.44799
    230.00000     70.00000   -145.58557     22.12703     25.15327
    235.00000     70.00000   -141.41715     21.41741     24.57841
    240.00000     70.00000   -136.96685     20.59169     23.78147
    245.00000     70.00000   -132.44246     19.61447     22.83573
    250.00000     70.00000   -128.05311     18.45720     21.82923
    255.00000     70.00000   -124.00135     17.10330     20.86248
    260.00000     70.00000   -120.47474     15.55339     20.04374
    265.00000     70.00000   -117.63691     13.82927     19.48191
    270.00000     70.00000   -115.61864     11.97525     19.27771
    275.00000     70.00000   -114.50973     10.05631     19.51453
    280.00000     70.00000   -114.35296      8.15292     20.25039
    285.00000     70.00000   -115.14104      6.35360     21.51264
    290.00000     70.00000   -116.81753      4.74659     23.29611
    295.00000     70.00000   -119.28151      3.41218     25.56475
    300.00000     70.00000   -122.39575      2.41699     28.25604
    305.00000     70.00000   -125.99723      1.81045     31.28693
    310.00000     70.00000   -129.90891      1.62342     34.56021
    315.00000     70.00000   -133.95152      1.86784     37.97050
    320.00000     70.00000   -137.95473      2.53687     41.40972
    325.00000     70.00000   -141.76687      3.60499     44.77235
    330.00000     70.00000   -145.26301      5.02814     47.96081
    335.00000     70.00000   -148.35085      6.74477     50.89105
    340.00000     70.00000   -150.97437      8.67840     53.49822
    345.00000     70.00000   -153.11468     10.74228     55.74156
    350.00000     70.00000   -154.78797     12.84626     57.60763
    355.00000     70.00000   -156.04055     14.90534     59.11104
    360.00000     70.00000   -156.94104     16.84891     60.29209
      0.00000     75.00000   -156.03318      9.14423     55.91932
      5.00000     75.00000   -156.82770     11.42652     57.17436
     10.00000     75.00000   -157.40061     13.72255     58.18995
     15.00000     75.00000   -157.76369     16.03617     58.98975
     20.00000     75.00000   -157.92090     18.38721     59.58963
     25.00000     75.00000   -157.86535     20.80768     59.99208
     30.00000     75.00000   -157.57785     23.33576     60.18206
     35.00000     75.00000   -157.02724     26.00823     60.12516
     40.00000     75.00000   -156.17272     28.85208     59.76857
     45.00000     75.00000   -154.96811     31.87641     59.04510
     50.00000     75.00000   -153.36774     35.06573     57.88010
     55.00000     75.00000   -151.33336     38.37573     56.20063
     60.00000     75.00000   -148.84155     41.73245     53.94595
     65.00000     75.00000   -145.89056     45.03516     51.07799
     70.00000     75.00000   -142.50587     48.16293     47.59045
     75.00000     75.00000   -138.74359     50.98442     43.51510
     80.00000     75.00000   -134.69114     53.36960     38.92445
     85.00000     75.00000   -130.46479     55.20212     33.92989
     90.00000     75.00000   -126.20418     56.39069     28.67569
     95.00000     75.00000   -122.06426     56.87795     23.32915
    100.00000     75.00000   -118.20531     56.64573     18.06827
    105.00000     75.00000   -114.78209     55.71609     13.06843
    110.00000     75.00000   -111.93335     54.14811      8.48960
    115.00000     75.00000   -109.77264     52.03126      4.46568
    120.00000     75.00000   -108.38134     49.47617      1.09698
    125.00000     75.00000   -107.80447     46.60456     -1.55359
    130.00000     75.00000   -108.04934     43.53934     -3.46071
    135.00000     75.00000   -109.08701     40.39620     -4.63364
    140.00000     75.00000   -110.85589     37.27748     -5.11101
    145.00000     75.00000   -113.26692     34.26847     -4.95423
    150.00000     75.00000   -116.20972     31.43618     -4.24071
    155.00000     75.00000   -119.55878     28.83000     -3.05765
    160.00000     75.00000   -123.17953     26.48366     -1.49690
    165.00000     75.00000   -126.93376     24.41772      0.34880
    170.00000     75.00000   -130.68442     22.64181      2.38833
    175.00000     75.00000   -134.29980     21.15638      4.53382
    180.00000     75.00000   -137.65740     19.95352      6.70183
    185.00000     75.00000   -140.64739     19.01731      8.81451
    190.00000     75.00000   -143.17609     18.32377     10.80109
    195.00000     75.00000   -145.16906     17.84090     12.59963
    200.00000     75.00000   -146.57390     17.52928     14.15908
    205.00000     75.00000   -147.36235     17.34322     15.44108
    210.00000     75.00000   -147.53148     17.23252     16.42149
    215.00000     75.00000   -147.10380     17.14462     17.09124
    220.00000     75.00000   -146.12607     17.02695     17.45655
    225.00000     75.00000   -144.66713     16.82911     17.53851
    230.00000     75.00000   -142.81466     16.50503     17.37221
    235.00000     75.00000   -140.67119     16.01491     17.00555
    240.00000     75.00000   -138.34961     15.32704     16.49766
    245.00000     75.00000   -135.96841     14.41973     15.91700
    250.00000     75.00000   -133.64667     13.28302     15.33900
    255.00000     75.00000   -131.49910     11.92037     14.84300
    260.00000     75.00000   -129.63108     10.34979     14.50867
    265.00000     75.00000   -128.13406      8.60429     14.41178
    270.00000     75.00000   -127.08140      6.73124     14.61969
    275.00000     75.00000   -126.52492      4.79062     15.18695
    280.00000     75.00000   -126.49257      2.85204     16.15151
    285.00000     75.00000   -126.98735      0.99078     17.53189
    290.00000     75.00000   -127.98772     -0.71671     19.32570
    295.00000     75.00000   -129.44948     -2.19749     21.50967
    300.00000     75.00000   -131.30906     -3.38656     24.04110
    305.00000     75.00000   -133.48794     -4.23060     26.86063
    310.00000     75.00000   -135.89777     -4.69092     29.89589
    315.00000     75.00000   -138.44598     -4.74541     33.06591
    320.00000     75.00000   -141.04120     -4.38944     36.28591
    325.00000     75.00000   -143.59839     -3.63573     39.47215
    330.00000     75.00000   -146.04301     -2.51307     42.54676
    335.00000     75.00000   -148.31432     -1.06393     45.44207
    340.00000     75.00000   -150.36724      0.65903     48.10416
    345.00000     75.00000   -152.17291      2.59743     50.49534
    350.00000     75.00000   -153.71780      4.69229     52.59515
    355.00000     75.00000   -155.00146      6.88936     54.39972
    360.00000     75.00000   -156.03318      9.14423     55.91932
      0.00000     80.00000   -151.59041      3.15804     48.93544
      5.00000     80.00000   -152.09386      5.84529     50.21989
     10.00000     80.00000   -152.42485      8.65982     51.22068
     15.00000     80.00000   -152.57627     11.58382     51.92886
     20.00000     80.00000   -152.54106     14.60232     52.33416
     25.00000     80.00000   -152.31176     17.70163     52.42358
     30.00000     80.00000   -151.88055     20.86706     52.18065
     35.00000     80.00000   -151.23965     24.08038     51.58555
     40.00000     80.00000   -150.38221     27.31733     50.61631
     45.00000     80.00000   -149.30348     30.54544     49.25092
     50.00000     80.00000   -148.00244     33.72261     47.47029
     55.00000     80.00000   -146.48331     36.79676     45.26176
     60.00000     80.00000   -144.75723     39.70666     42.62279
     65.00000     80.00000   -142.84351     42.38410     39.56434
     70.00000     80.00000   -140.77050     44.75722     36.11359
     75.00000     80.00000   -138.57586     46.75482     32.31546
     80.00000     80.00000   -136.30606     48.31113     28.23279
     85.00000     80.00000   -134.01515     49.37075     23.94491
     90.00000     80.00000   -131.76277     49.89301     19.54471
     95.00000     80.00000   -129.61164     49.85553     15.13441
    100.00000     80.00000   -127.62447     49.25642     10.82037
    105.00000     80.00000   -125.86083     48.11493      6.70748
    110.00000     80.00000   -124.37401     46.47063      2.89354
    115.00000     80.00000   -123.20812     44.38100     -0.53576
    120.00000     80.00000   -122.39586     41.91804     -3.51091
    125.00000     80.00000   -121.95680     39.16388     -5.98140
    130.00000     80.00000   -121.89657     36.20623     -7.91720
    135.00000     80.00000   -122.20673     33.13375     -9.30884
    140.00000     80.00000   -122.86542     30.03185    -10.16634
    145.00000     80.00000   -123.83868     26.97921    -10.51717
    150.00000     80.00000   -125.08219     24.04505    -10.40351
    155.00000     80.00000   -126.54348     21.28726     -9.87920
    160.00000     80.00000   -128.16424     18.75131     -9.00652
    165.00000     80.00000   -129.88282     16.46983     -7.85311
    170.00000     80.00000   -131.63668     14.46271     -6.48902
    175.00000     80.00000   -133.36469     12.73761     -4.98411
    180.00000     80.00000   -135.00941     11.29075     -3.40568
    185.00000     80.00000   -136.51898     10.10793     -1.81636
    190.00000     80.00000   -137.84895      9.16570     -0.27235
    195.00000     80.00000   -138.96368      8.43273      1.17821
    200.00000     80.00000   -139.83748      7.87137      2.49653
    205.00000     80.00000   -140.45535      7.43935      3.65413
    210.00000     80.00000   -140.81331      7.09160      4.63360
    215.00000     80.00000   -140.91832      6.78221      5.42879
    220.00000     80.00000   -140.78778      6.46635      6.04482
    225.00000     80.00000   -140.44857      6.10224      6.49752
    230.00000     80.00000   -139.93574      5.65293      6.81259
    235.00000     80.00000   -139.29092      5.08797      7.02438
    240.00000     80.00000   -138.56046      4.38486      7.17431
    245.00000     80.00000   -137.79334      3.53020      7.30901
    250.00000     80.00000   -137.03912      2.52048      7.47824
    255.00000     80.00000   -136.34576      1.36259      7.73258
    260.00000     80.00000   -135.75764      0.07379      8.12103
    265.00000     80.00000   -135.31368     -1.31877      8.68857
    270.00000     80.00000   -135.04574     -2.77899      9.47385
    275.00000     80.00000   -134.97741     -4.26333     10.50705
    280.00000     80.00000   -135.12314     -5.72268     11.80823
    285.00000     80.00000   -135.48786     -7.10466     13.38602
    290.00000     80.00000   -136.06707     -8.35612     15.23702
    295.00000     80.00000   -136.84739     -9.42571     17.34580
    300.00000     80.00000   -137.80757    -10.26635     19.68564
    305.00000     80.00000   -138.91982    -10.83750     22.21975
    310.00000     80.00000   -140.15146    -11.10699     24.90322
    315.00000     80.00000   -141.46667    -11.05228     27.68523
    320.00000     80.00000   -142.82826    -10.66116     30.51160
    325.00000     80.00000   -144.19945     -9.93179     33.32741
    330.00000     80.00000   -145.54531     -8.87204     36.07945
    335.00000     80.00000   -146.83399     -7.49825     38.71849
    340.00000     80.00000   -148.03751     -5.83350     41.20092
    345.00000     80.00000   -149.13226     -3.90551     43.48999
    350.00000     80.00000   -150.09895     -1.74435     45.55615
    355.00000     80.00000   -150.92231      0.61968     47.37682
    360.00000     80.00000   -151.59041      3.15804     48.93544
      0.00000     85.00000   -145.30306     -0.49054     39.48028
      5.00000     85.00000   -145.40904      2.28613     40.37361
     10.00000     85.00000   -145.43951      5.17969     40.98376
     15.00000     85.00000   -145.39052      8.16151     41.29513
     20.00000     85.00000   -145.25923     11.20112     41.29494
     25.00000     85.00000   -145.04398     14.26632     40.97336
     30.00000     85.00000   -144.74438     17.32321     40.32381
     35.00000     85.00000   -144.36137     20.33628     39.34322
     40.00000     85.00000   -143.89738     23.26865     38.03253
     45.00000     85.00000   -143.35635     26.08228     36.39711
     50.00000     85.00000   -142.74387     28.73849     34.44729
     55.00000     85.00000   -142.06720     31.19861     32.19883
     60.00000     85.00000   -141.33531     33.42473     29.67325
     65.00000     85.00000   -140.55879     35.38081     26.89808
     70.00000     85.00000   -139.74977     37.03370     23.90681
     75.00000     85.00000   -138.92171     38.35441     20.73858
     80.00000     85.00000   -138.08915     39.31924     17.43765
     85.00000     85.00000   -137.26730     39.91093     14.05244
     90.00000     85.00000   -136.47170     40.11956     10.63438
     95.00000     85.00000   -135.71770     39.94320      7.23653
    100.00000     85.00000   -135.02000     39.38831      3.91194
    105.00000     85.00000   -134.39210     38.46972      0.71204
    110.00000     85.00000   -133.84586     37.21027     -2.31500
    115.00000     85.00000   -133.39106     35.64011     -5.12584
    120.00000     85.00000   -133.03500     33.79563     -7.68328
    125.00000     85.00000   -132.78230     31.71819     -9.95737
    130.00000     85.00000   -132.63467     29.45262    -11.92613
    135.00000     85.00000   -132.59090     27.04561    -13.57594
    140.00000     85.00000   -132.64689     24.54412    -14.90166
    145.00000     85.00000   -132.79591     21.99384    -15.90626
    150.00000     85.00000   -133.02879     19.43769    -16.60023
    155.00000     85.00000   -133.33438     16.91469    -17.00075
    160.00000     85.00000   -133.69993     14.45886    -17.13055
    165.00000     85.00000   -134.11166     12.09851    -17.01674
    170.00000     85.00000   -134.55521      9.85575    -16.68944
    175.00000     85.00000   -135.01623      7.74629    -16.18048
    180.00000     85.00000   -135.48088      5.77947    -15.52205
    185.00000     85.00000   -135.93629      3.95853    -14.74548
    190.00000     85.00000   -136.37106      2.28115    -13.88007
    195.00000     85.00000   -136.77554      0.74010    -12.95213
    200.00000     85.00000   -137.14219     -0.67592    -11.98411
    205.00000     85.00000   -137.46572     -1.98129    -10.99407
    210.00000     85.00000   -137.74326     -3.19251     -9.99517
    215.00000     85.00000   -137.97429     -4.32707     -8.99553
    220.00000     85.00000   -138.16062     -5.40243     -7.99824
    225.00000     85.00000   -138.30617     -6.43496     -7.00156
    230.00000     85.00000   -138.41676     -7.43904     -5.99939
    235.00000     85.00000   -138.49974     -8.42616     -4.98186
    240.00000     85.00000   -138.56362     -9.40429     -3.93610
    245.00000     85.00000   -138.61769    -10.37733     -2.84710
    250.00000     85.00000   -138.67156    -11.34478     -1.69870
    255.00000     85.00000   -138.73468    -12.30159     -0.47463
    260.00000     85.00000   -138.81600    -13.23828      0.84053
    265.00000     85.00000   -138.92353    -14.14120      2.26029
    270.00000     85.00000   -139.06399    -14.99298      3.79541
    275.00000     85.00000   -139.24258    -15.77324      5.45308
    280.00000     85.00000   -139.46273    -16.45930      7.23632
    285.00000     85.00000   -139.72601    -17.02718      9.14353
    290.00000     85.00000   -140.03204    -17.45244     11.16826
    295.00000     85.00000   -140.37859    -17.71124     13.29916
    300.00000     85.00000   -140.76161    -17.78126     15.52021
    305.00000     85.00000   -141.17546    -17.64257     17.81104
    310.00000     85.00000   -141.61310    -17.27836     20.14751
    315.00000     85.00000   -142.06637    -16.67558     22.50237
    320.00000     85.00000   -142.52629    -15.82537     24.84602
    325.00000     85.00000   -142.98328    -14.72329     27.14734
    330.00000     85.00000   -143.42753    -13.36944     29.37449
    335.00000     85.00000   -143.84924    -11.76836     31.49568
    340.00000     85.00000   -144.23881     -9.92883     33.47983
    345.00000     85.00000   -144.58712     -7.86354     35.29722
    350.00000     85.00000   -144.88564     -5.58869     36.91990
    355.00000     85.00000   -145.12660     -3.12366     38.32207
    360.00000     85.00000   -145.30306     -0.49054     39.48028
      0.00000     90.00000   -139.28350     -2.79841     28.02478
      5.00000     90.00000   -139.28350     -0.34514     28.16203
     10.00000     90.00000   -139.28349      2.11075     28.08495
     15.00000     90.00000   -139.28349      4.55059     27.79412
     20.00000     90.00000   -139.28349      6.95579     27.29177
     25.00000     90.00000   -139.28348      9.30805     26.58170
     30.00000     90.00000   -139.28348     11.58948     25.66933
     35.00000     90.00000   -139.28348     13.78270     24.56161
     40.00000     90.00000   -139.28347     15.87103     23.26695
     45.00000     90.00000   -139.28347     17.83858     21.79522
     50.00000     90.00000   -139.28346     19.67036     20.15761
     55.00000     90.00000   -139.28346     21.35243     18.36659
     60.00000     90.00000   -139.28345     22.87200     16.43579
     65.00000     90.00000   -139.28345     24.21750     14.37990
     70.00000     90.00000   -139.28344     25.37869     12.21457
     75.00000     90.00000   -139.28344     26.34674      9.95629
     80.00000     90.00000   -139.28343     27.11426      7.62223
     85.00000     90.00000   -139.28343     27.67543      5.23016
     90.00000     90.00000   -139.28342     28.02598      2.79829
     95.00000     90.00000   -139.28342     28.16322      0.34512
    100.00000     90.00000   -139.28341     28.08613     -2.11067
    105.00000     90.00000   -139.28341     27.79529     -4.55040
    110.00000     90.00000   -139.28340     27.29290     -6.95549
    115.00000     90.00000   -139.28340     26.58280     -9.30765
    120.00000     90.00000   -139.28339     25.67039    -11.58896
    125.00000     90.00000   -139.28339     24.56261    -13.78208
    130.00000     90.00000   -139.28339     23.26790    -15.87030
    135.00000     90.00000   -139.28338     21.79610    -17.83774
    140.00000     90.00000   -139.28338     20.15843    -19.66942
    145.00000     90.00000   -139.28338     18.36734    -21.35140
    150.00000     90.00000   -139.28338     16.43646    -22.87088
    155.00000     90.00000   -139.28338     14.38050    -24.21630
    160.00000     90.00000   -139.28338     12.21509    -25.37742
    165.00000     90.00000   -139.28338      9.95672    -26.34539
    170.00000     90.00000   -139.28338      7.62257    -27.11287
    175.00000     90.00000   -139.28338      5.23042    -27.67399
    180.00000     90.00000   -139.28338      2.79846    -28.02450
    185.00000     90.00000   -139.28338      0.34521    -28.16173
    190.00000     90.00000   -139.28338     -2.11067    -28.08463
    195.00000     90.00000   -139.28338     -4.55049    -27.79379
    200.00000     90.00000   -139.28339     -6.95567    -27.29142
    205.00000     90.00000   -139.28339     -9.30791    -26.58135
    210.00000     90.00000   -139.28339    -11.58932    -25.66898
    215.00000     90.00000   -139.28340    -13.78252    -24.56125
    220.00000     90.00000   -139.28340    -15.87083    -23.26660
    225.00000     90.00000   -139.28341    -17.83835    -21.79487
    230.00000     90.00000   -139.28341    -19.67011    -20.15728
    235.00000     90.00000   -139.28342    -21.35216    -18.36627
    240.00000     90.00000   -139.28342    -22.87172    -16.43549
    245.00000     90.00000   -139.28343    -24.21721    -14.37962
    250.00000     90.00000   -139.28343    -25.37839    -12.21432
    255.00000     90.00000   -139.28344    -26.34643     -9.95605
    260.00000     90.00000   -139.28344    -27.11396     -7.62202
    265.00000     90.00000   -139.28345    -27.67513     -5.22997
    270.00000     90.00000   -139.28345    -28.02568     -2.79812
    275.00000     90.00000   -139.28346    -28.16294     -0.34498
    280.00000     90.00000   -139.28346    -28.08586      2.11080
    285.00000     90.00000   -139.28347    -27.79504      4.55051
    290.00000     90.00000   -139.28347    -27.29267      6.95559
    295.00000     90.00000   -139.28348    -26.58259      9.30774
    300.00000     90.00000   -139.28348    -25.67021     11.58905
    305.00000     90.00000   -139.28349    -24.56245     13.78217
    310.00000     90.00000   -139.28349    -23.26776     15.87039
    315.00000     90.00000   -139.28349    -21.79599     17.83784
    320.00000     90.00000   -139.28349    -20.15833     19.66953
    325.00000     90.00000   -139.28350    -18.36726     21.35152
    330.00000     90.00000   -139.28350    -16.43640     22.87102
    335.00000     90.00000   -139.28350    -14.38044     24.21646
    340.00000     90.00000   -139.28350    -12.21504     25.37760
    345.00000     90.00000   -139.28350     -9.95668     26.34560
    350.00000     90.00000   -139.28350     -7.62253     27.11310
    355.00000     90.00000   -139.28350     -5.23038     27.67425
    360.00000     90.00000   -139.28350     -2.79841     28.02478
