# Celestia native CMS export; GPL-2.0-or-later. See ../upstream.json and ../../native/.
v -154.68546533957124 188.6454868130386 -17754.66948747635
v 1730.9000439941883 188.6454868130386 -17733.876991271973
v 1726.1415846645832 105.83369992673397 -17706.8904876709
v 1713.9573141932487 23.53696934878826 -17679.597973823547
v 1694.406747072935 -57.9188940115273 -17652.09845304489
v 1667.5806738436222 -138.21395756676793 -17624.523329734802
v 1633.5995860397816 -217.03596711158752 -17597.03640937805
v 1592.6094010472298 -294.0805437043309 -17569.756495952606
v 1544.785512238741 -369.0536728128791 -17542.861795425415
v 1490.32738879323 -441.67142305523157 -17516.48371219635
v 1429.4598132371902 -511.6611134260893 -17490.760850906372
v 1362.4342314898968 -578.7649415433407 -17465.90381860733
v 1289.5203150808811 -642.7348647266626 -17442.004418373108
v 1211.0127113759518 -703.3396314829588 -17419.257056713104
v 1127.2240683436394 -760.3604219853878 -17397.77513742447
v 1038.486609607935 -813.5938856750727 -17377.699065208435
v 945.1501093804836 -862.8525912761688 -17359.169244766235
v 847.5802049040794 -907.963901758194 -17342.318880558014
v 746.1567651480436 -948.7714931368828 -17327.255976200104
v 641.2730470299721 -985.1339481770992 -17314.079535007477
v 533.3339516073465 -1016.9265002012253 -17302.88496017456
v 422.75405526161194 -1044.0401330590248 -17293.7406539917
v 309.95828472077847 -1066.384393721819 -17286.752820014954
v 195.37679813802242 -1083.8814295828342 -17281.946659088135
v 79.44760783575475 -1096.4719511568546 -17279.367172718048
v -37.38751553464681 -1104.1124194860458 -17279.05216217041
v -154.68425592407584 -1106.7743711173534 -17280.97642660141
v -271.9943104311824 -1104.4200047850609 -17284.652149677277
v -388.8649392873049 -1097.0215320587158 -17289.4385099411
v -504.8420913517475 -1084.6066288650036 -17295.362508296967
v -619.4765672087669 -1067.2187216579914 -17302.40614414215
v -732.32302069664 -1044.9207000434399 -17310.56581735611
v -842.9431933909655 -1017.7953667938709 -17319.866728782654
v -950.907152146101 -985.9397001564503 -17330.263876914978
v -1055.7949766516685 -949.4716040790081 -17341.775262355804
v -1157.1981094777584 -908.52478928864 -17354.393684864044
v -1254.720987379551 -863.2507421076298 -17368.115544319153
v -1347.9843601584435 -813.816361874342 -17382.94804096222
v -1436.6214655339718 -760.4043547064066 -17398.869574069977
v -1520.2859044075012 -703.2117709517479 -17415.863943099976
v -1598.64849075675 -642.4506802111864 -17433.90954732895
v -1671.4010767638683 -578.3478900790215 -17453.015387058258
v -1738.254302740097 -511.1405584961176 -17473.111259937286
v -1798.9443473517895 -441.0813407972455 -17494.224166870117
v -1853.2264024019241 -368.4299800544977 -17516.251504421234
v -1900.8818730711937 -293.46042294055223 -17539.157271385193
v -1941.71781539917 -216.45571487024426 -17562.910866737366
v -1975.5645737051964 -137.70580617710948 -17587.41328716278
v -2002.281068265438 -57.511728815734386 -17612.615931034088
v -2021.751420199871 23.82110815960914 -17638.40719461441
v -2033.8878765702248 105.97957512363791 -17664.69887495041
v -2038.6328354477882 188.6455993168056 -17691.41536951065
v -2035.9590709209442 271.4977750554681 -17718.572878837585
v -2025.869958102703 354.2130196467042 -17746.171402931213
v -2008.391822874546 436.4678706973791 -17774.106538295746
v -1983.5797920823097 517.9373048245907 -17802.23788022995
v -1951.5171185135841 598.2955954968929 -17830.396223068237
v -1912.317880988121 677.2199131548405 -17858.45376253128
v -1866.1218091845512 754.3898470699787 -17886.221492290497
v -1813.0996838212013 829.4894304126501 -17913.56440782547
v -1753.4506365656853 902.2084902971983 -17940.338504314423
v -1687.3970873653889 972.2425915300846 -17966.315174102783
v -1615.195207297802 1039.2973117530346 -17991.400814056396
v -1537.1206305921078 1103.0873976647854 -18015.386617183685
v -1453.478579968214 1163.3403651416302 -18038.15017938614
v -1364.5966663956642 1219.7958804666996 -18059.533095359802
v -1270.8261266350746 1272.207560390234 -18079.38596010208
v -1172.5368730723858 1320.3461222350597 -18097.555768489838
v -1070.1235689222813 1363.9982588589191 -18113.921916484833
v -963.9965154230595 1402.970576286316 -18128.363800048828
v -854.5833956450224 1437.088693678379 -18140.769815444946
v -742.327868193388 1466.2003934383392 -18151.055359840393
v -627.6834920048714 1490.1722460985184 -18159.09082889557
v -511.1173264682293 1508.8975980877876 -18164.83302116394
v -393.10672506690025 1522.2912840545177 -18168.22613477707
v -274.13399145007133 1530.2925519645214 -18169.21076774597
v -154.68414342030883 1532.8678756952286 -18167.806720733643
v -35.24578132200986 1530.032330751419 -18164.473009109497
v 83.69887908920646 1521.8339562416077 -18159.848654270172
v 201.6709760762751 1508.3060532808304 -18153.892254829407
v 318.1957261636853 1489.5071238279343 -18146.616411209106
v 432.80443865805864 1465.518170595169 -18138.02112340927
v 545.0359746813774 1436.4393219351768 -18128.08119058609
v 654.4401504099369 1402.3970320820808 -18116.852414608
v 760.577891767025 1363.5351933538914 -18104.32039499283
v 863.0232594907284 1320.0189612805843 -18090.513932704926
v 961.368764936924 1272.0322795212269 -18075.449228286743
v 1055.2195198833942 1219.7790049016476 -18059.144282341003
v 1144.2032493650913 1163.480207324028 -18041.645896434784
v 1227.9668040573597 1103.3738322556019 -18023.002672195435
v 1306.1789728701115 1039.7133506834507 -18003.263211250305
v 1378.5320580005646 972.7642714977264 -17982.45451450348
v 1444.744350016117 902.808079123497 -17960.68458557129
v 1504.5550651848316 830.1355395466089 -17937.955224514008
v 1557.7359333634377 755.0504129379988 -17914.412236213684
v 1604.0836602449417 677.8614096343517 -17890.12042284012
v 1643.4219524264336 598.886127769947 -17865.142786502838
v 1675.6059050559998 518.4484094381332 -17839.612531661987
v 1700.5178391933441 436.8744311854243 -17813.599860668182
v 1718.0710144340992 354.49627600610256 -17787.23977804184
v 1728.208053857088 271.64279241114855 -17760.636687278748
v 3616.9889092445374 188.6454868130386 -17731.743919849396
v 3605.3996711969376 22.80865863431245 -17678.042721748352
v 3578.8683578372 -141.60528518259525 -17622.566664218903
v 3537.5574246048927 -303.92147321254015 -17565.614557266235
v 3481.6952541470528 -463.4864941239357 -17507.546412944794
v 3411.5723311901093 -619.6741800755262 -17448.799645900726
v 3327.5304421782494 -771.8847453594208 -17389.76846933365
v 3229.965825378895 -919.5483583956957 -17330.854296684265
v 3119.3271458148956 -1062.1306262910366 -17272.53954410553
v 2996.106494963169 -1199.1268008947372 -17215.22922515869
v 2860.841190814972 -1330.0697103142738 -17159.38595533371
v 2714.1074776649475 -1454.5262150466442 -17105.448949337006
v 2556.5160259604454 -1572.0959141850471 -17053.821420669556
v 2388.7130573391914 -1682.4144080281258 -17004.929983615875
v 2211.372694373131 -1785.1503729820251 -16959.156250953674
v 2025.1933604478836 -1879.9993738532066 -16916.826033592224
v 1830.9013798832893 -1966.69320166111 -16878.290343284607
v 1629.2423151433468 -2044.9919983744621 -16843.86419057846
v 1420.979954302311 -2114.6829068660736 -16813.808584213257
v 1206.8951860070229 -2175.580520927906 -16788.373732566833
v 987.781049311161 -2227.521935105324 -16767.736041545868
v 764.4459400326014 -2270.377095043659 -16752.12231874466
v 537.7039354294538 -2304.0314719080925 -16741.644167900085
v 308.38047564029694 -2328.3939376473427 -16736.39339208603
v 77.30650645680726 -2343.4032902121544 -16736.486995220184
v -154.6843403019011 -2349.013403058052 -16741.950178146362
v -386.7434838786721 -2344.9641674757004 -16750.63726902008
v -617.9823484271765 -2331.0260757803917 -16760.398995876312
v -847.501902282238 -2307.2457045316696 -16771.256959438324
v -1074.4121000170708 -2273.703606426716 -16783.196759223938
v -1297.8326559066772 -2230.522185564041 -16796.281397342682
v -1516.897065937519 -2177.864572405815 -16810.60267686844
v -1730.756939202547 -2115.921573340893 -16826.198399066925
v -1938.5861605405807 -2044.9265211820602 -16843.18916797638
v -2139.5820155739784 -1965.1433497667313 -16861.682987213135
v -2332.9692408442497 -1876.8683940172195 -16881.80766105652
v -2518.0059865117073 -1780.425664782524 -16903.678393363953
v -2693.976278603077 -1676.1692114174366 -16927.406787872314
v -2860.2075695991516 -1564.479971677065 -16953.156650066376
v -3016.0603880882263 -1445.7620590925217 -16981.041383743286
v -3160.9323889017105 -1320.440175384283 -17011.150991916656
v -3294.264203310013 -1188.962648063898 -17043.59347820282
v -3415.5367389321327 -1051.796030253172 -17078.431844711304
v -3524.273204803467 -909.4233006238937 -17115.69129228592
v -3620.042261481285 -762.3498823493719 -17155.413222312927
v -3702.455095946789 -611.0939115285873 -17197.552633285522
v -3771.171046793461 -456.1893591657281 -17242.06632375717
v -3825.896254181862 -298.1905594468117 -17288.880491256714
v -3866.381859779358 -137.6610296778381 -17337.8169298172
v -3892.428731918335 24.816625867970288 -17388.70643377304
v -3903.8924157619476 188.6457258835435 -17441.358196735382
v -3900.7049590349197 353.2186269760132 -17495.896422863007
v -3882.849261164665 517.923691868782 -17552.371513843536
v -3850.334772467613 682.1410529315472 -17610.468459129333
v -3803.223145008087 845.2380452305079 -17669.825446605682
v -3741.630257666111 1006.5695159137249 -17730.00866174698
v -3665.734541416168 1165.4854744672775 -17790.65989255905
v -3575.771804153919 1321.3340178132057 -17851.402926445007
v -3472.032530605793 1473.4567739069462 -17911.798548698425
v -3354.8726826906204 1621.2012208998203 -17971.488547325134
v -3224.7001990675926 1763.919112086296 -18030.040907859802
v -3081.9869205355644 1900.967375934124 -18087.05061674118
v -2927.258239686489 2031.72195404768 -18142.134261131287
v -2761.097151041031 2155.57082593441 -18194.86882686615
v -2584.1411009430885 2271.9251468777657 -18244.861900806427
v -2397.0840126276016 2380.222623050213 -18291.767871379852
v -2200.6607607007027 2479.9302116036415 -18335.187125205994
v -1995.6647217273712 2570.543220639229 -18374.743449687958
v -1782.9274110496044 2651.599709689617 -18410.09303331375
v -1563.3243329823017 2722.6782396435738 -18440.902864933014
v -1337.7702556550503 2783.407098054886 -18466.897535324097
v -1107.2058230638504 2833.4550738334656 -18487.72783279419
v -872.6064428687096 2872.5528329610825 -18503.1795501709
v -634.9740173667669 2900.487068295479 -18513.052880764008
v -395.3245399519801 2917.094649374485 -18517.1156167984
v -154.68412935733795 2922.283098101616 -18515.248954296112
v 85.91955578885972 2916.2605464458466 -18509.553563594818
v 325.5015801638365 2899.2877781391144 -18502.119314670563
v 563.0899604409933 2871.428470313549 -18492.829203605652
v 797.7202229201794 2832.802101969719 -18481.63102865219
v 1028.4376606345177 2783.564153313637 -18468.39338541031
v 1254.3013483285904 2723.918031156063 -18452.972269058228
v 1474.3923552334309 2654.124069213867 -18435.342478752136
v 1687.8121137619019 2574.4772523641586 -18415.37081003189
v 1893.6888322234154 2485.324317216873 -18392.99246072769
v 2091.188745200634 2387.0513767004013 -18368.14262866974
v 2279.5047506690025 2280.0926953554153 -18340.788912773132
v 2457.8774482011795 2164.9212390184402 -18310.940313339233
v 2625.58523863554 2042.0419245958328 -18278.560829162598
v 2781.954674422741 1912.0008453726768 -18243.67926120758
v 2926.369234919548 1775.3735706210136 -18206.38201236725
v 3058.2583010196686 1632.7626705169678 -18166.735684871674
v 3177.1084055304527 1484.7991786897182 -18124.853682518005
v 3282.468183338642 1332.1332544088364 -18080.901610851288
v 3373.942071199417 1175.4265323281288 -18035.00907421112
v 3451.200208067894 1015.3590977191925 -17987.402880191803
v 3513.971009850502 852.6158735156059 -17938.284635543823
v 3562.0465695858 687.8842577338219 -17887.866747379303
v 3595.2849075198174 521.8586798757315 -17836.460626125336
v 3613.606145977974 355.21950647234917 -17784.330880641937
v 5502.7379006147385 188.6454868130386 -17715.014159679413
v 5482.302716374397 -60.71203909814358 -17635.50729751587
v 5439.18317258358 -307.32999984174967 -17551.597487926483
v 5373.714530467987 -550.1289639621973 -17463.968753814697
v 5286.333754658699 -788.0850065499544 -17373.37532043457
v 5177.572312951088 -1020.2363610267639 -17280.64341545105
v 5048.04852604866 -1245.6896349787712 -17186.635267734528
v 4898.461267352104 -1463.623832166195 -17092.2581076622
v 4729.574212431908 -1673.2891149818897 -16998.402965068817
v 4542.213588953018 -1874.0079857409 -16905.953669548035
v 4337.25962638855 -2065.173824131489 -16815.788650512695
v 4115.63800573349 -2246.2502121925354 -16728.762936592102
v 3878.3104091882706 -2416.757546365261 -16645.64515352249
v 3626.2720450758934 -2576.2766376137733 -16567.160725593567
v 3360.54714769125 -2724.440948665142 -16493.9918756485
v 3082.18335211277 -2860.931868851185 -16426.748824119568
v 2792.251244187355 -2985.4755640029907 -16366.014790534973
v 2491.832435131073 -3097.826325893402 -16312.223589420319
v 2182.0285618305206 -3197.7816477417946 -16265.83423614502
v 1863.952511548996 -3285.1592734456062 -16227.185142040253
v 1538.7269593775272 -3359.8066478967667 -16196.582317352295
v 1207.485718280077 -3421.5865164995193 -16174.236369132996
v 871.3714327663183 -3470.397175848484 -16160.397505760193
v 531.5338350832462 -3506.1362475156784 -16155.155730247498
v 189.1290983185172 -3528.7371292710304 -16158.658647537231
v -154.6843965537846 -3538.1381690502167 -16170.947659015656
v -498.7093985080719 -3533.5547655820847 -16187.57301568985
v -841.618799045682 -3514.227293431759 -16204.011166095734
v -1182.0517666637897 -3480.217854678631 -16220.290911197662
v -1518.6612375080585 -3431.6414281725883 -16236.424851417542
v -1850.1179233193398 -3368.695345520973 -16252.57499217987
v -2175.113855302334 -3291.626214981079 -16268.8547372818
v -2492.3769533634186 -3200.7530972361565 -16285.510694980621
v -2800.6721511483192 -3096.4497298002243 -16302.814674377441
v -3098.8089337944984 -2979.1456520557404 -16321.103286743164
v -3385.6424629688263 -2849.3127048015594 -16340.711343288422
v -3660.0913524627686 -2707.4738055467606 -16362.078058719635
v -3921.1180925369263 -2554.1840478777885 -16385.60484647751
v -4167.754250764847 -2390.028451383114 -16411.734521389008
v -4399.088996648788 -2215.6194865703583 -16440.897297859192
v -4614.272701740265 -2031.590549647808 -16473.519790172577
v -4812.518739700317 -1838.5920248925686 -16510.00701189041
v -4993.098986148834 -1637.2853219509125 -16550.691974163055
v -5155.346068739891 -1428.3418633043766 -16595.857286453247
v -5298.649767041206 -1212.4494969844818 -16645.715355873108
v -5422.458362579346 -990.3059713542461 -16700.410187244415
v -5526.27908885479 -762.620060145855 -16759.981381893158
v -5609.670031070709 -530.1228690892458 -16824.37493801117
v -5672.251376509666 -293.5599887743592 -16893.434250354767
v -5713.702714443207 -53.70422867126763 -16966.941511631012
v -5733.75358581543 188.6458383873105 -17044.47010755539
v -5732.254585623741 432.66324643045664 -17126.018238067627
v -5709.105810523033 677.5016788393259 -17211.335694789886
v -5664.236608147621 922.2836624830961 -17299.769055843353
v -5597.6577788591385 1166.0942323505878 -17390.66129922867
v -5509.468325972557 1407.985319197178 -17483.36260318756
v -5399.853655695915 1646.9832591712475 -17577.23754644394
v -5269.086927175522 1882.094081491232 -17671.638107299805
v -5117.537602782249 2112.3057022690773 -17765.95766544342
v -4945.66784799099 2336.5956872701645 -17859.584200382233
v -4754.027581214905 2553.939239680767 -17951.90029144287
v -4543.267074227333 2763.3044749498367 -18042.272317409515
v -4314.1248017549515 2963.6795341968536 -18130.108058452606
v -4067.432841658592 3154.062458872795 -18214.80269432068
v -3804.1132748126984 3333.472666144371 -18295.724403858185
v -3525.1750349998474 3500.9574741125107 -18372.24496603012
v -3231.7049086093903 3655.5997520685196 -18443.69295835495
v -2924.889360368252 3796.5332210063934 -18509.477961063385
v -2605.9796571731567 3922.934353351593 -18568.917751312256
v -2276.3069435954094 4034.0471237897873 -18621.396708488464
v -1937.2736915946007 4129.184809327126 -18666.29021167755
v -1590.3399750590324 4207.744839787483 -18703.04024219513
v -1237.0227947831154 4269.19529736042 -18731.00597858429
v -878.8985535502434 4313.123518228531 -18749.744606018066
v -517.574592679739 4339.197841286659 -18758.7287068367
v -154.6841012313962 4347.214859724045 -18757.596468925476
v 208.14829608425498 4337.8797471523285 -18750.815641880035
v 569.4329228252172 4311.9908303022385 -18742.90977716446
v 927.7120254933834 4269.605261087418 -18733.509862422943
v 1281.531985104084 4210.861644148827 -18722.320687770844
v 1629.4444844126701 4135.95078587532 -18708.9120388031
v 1970.0212880969048 4045.1602458953857 -18693.00490617752
v 2301.85339897871 3938.8396859169006 -18674.233877658844
v 2623.5626459121704 3817.4224704504013 -18652.287542819977
v 2933.8052839040756 3681.416441500187 -18626.863491535187
v 3231.296969950199 3531.414943933487 -18597.776317596436
v 3514.785987138748 3368.0756747722626 -18564.76501226425
v 3783.0975711345673 3192.139358818531 -18527.723371982574
v 4035.1199597120285 3004.408147931099 -18486.548793315887
v 4269.816318154335 2805.752371251583 -18441.205275058746
v 4486.236214637756 2597.09095954895 -18391.703617572784
v 4683.509770035744 2379.394820332527 -18338.09782266617
v 4860.862958431244 2153.686837852001 -18280.55169582367
v 5017.619407176971 1921.0168972611427 -18219.26864385605
v 5153.203997015953 1682.457834482193 -18154.522275924683
v 5267.1410620212555 1439.1023986041546 -18086.616802215576
v 5359.058889746666 1192.05087646842 -18015.944635868073
v 5428.6919713020325 942.3997297883034 -17942.946791648865
v 5475.874701142311 691.2422139197588 -17868.102085590363
v 5500.542277097702 439.6417707204819 -17791.910934448242
v 7383.61142873764 188.6454868130386 -17657.867646217346
v 7352.419984340668 -144.68021001666784 -17553.960967063904
v 7290.441209077835 -473.5305491834879 -17441.790211200714
v 7198.280823230743 -796.3329952210188 -17322.65682220459
v 7076.7011523246765 -1111.636446416378 -17198.002648353577
v 6926.587375998497 -1418.1178584694862 -17069.282138347626
v 6748.955628275871 -1714.6006107330322 -16938.124346733093
v 6544.9034959077835 -2000.0433683395386 -16806.061124801636
v 6315.61586856842 -2273.5499262809753 -16674.68012571335
v 6062.335687875748 -2534.352558851242 -16545.48979997635
v 5786.343696713448 -2781.8036943674088 -16419.885194301605
v 5488.961589336395 -3015.3711900115013 -16299.214553833008
v 5171.534910798073 -3234.6192061901093 -16184.721720218658
v 4835.417756438255 -3439.1884058713913 -16077.474129199982
v 4481.975471973419 -3628.792804479599 -15978.451013565063
v 4112.583303451538 -3803.203794360161 -15888.521802425385
v 3728.612671792507 -3962.223818898201 -15808.374118804932
v 3331.4412981271744 -4105.697622895241 -15738.619983196259
v 2922.4457785487175 -4233.481201529503 -15679.70941066742
v 2503.0119344592094 -4345.454850792885 -15632.047414779663
v 2074.524462223053 -4441.502916812897 -15595.909404754639
v 1638.378183543682 -4521.518296003342 -15571.513187885284
v 1195.9711827337742 -4585.396134853363 -15558.9883685112
v 748.7136382609606 -4633.0338299274445 -15558.42854976654
v 298.02163504064083 -4664.3445283174515 -15569.921934604645
v -154.68448093160987 -4679.239127039909 -15593.49912405014
v -607.9039797186852 -4676.020619273186 -15621.972477436066
v -1059.850737452507 -4653.017649054527 -15648.048150539398
v -1508.6619026958942 -4610.270267724991 -15671.652340888977
v -1952.4914011359215 -4547.919330000877 -15692.781448364258
v -2389.5167842507362 -4466.224044561386 -15711.556077003479
v -2817.9511547088623 -4365.552973747253 -15728.21923494339
v -3236.0637545585632 -4246.377283334732 -15743.123733997345
v -3642.186377942562 -4109.271642565727 -15756.766390800476
v -4034.724846482277 -3954.891273379326 -15769.735825061798
v -4412.172284722328 -3783.973750472069 -15782.775461673737
v -4773.1181204319 -3597.316500544548 -15796.707928180695
v -5116.236609220505 -3395.7572266459465 -15812.406253814697
v -5440.314510464668 -3180.1682829856873 -15830.835270881653
v -5744.227686524391 -2951.4307990670204 -15852.938210964203
v -6026.949203014374 -2710.433554649353 -15879.678106307983
v -6287.540778517723 -2458.048903942108 -15911.938786506653
v -6525.141534209251 -2195.1370507478714 -15950.533878803253
v -6738.976544141769 -1922.5370481610298 -15996.194207668304
v -6928.325334191322 -1641.0709612071514 -16049.481391906738
v -7092.529532313347 -1351.5438668429852 -16110.795044898987
v -7230.991968512535 -1054.7535292804241 -16180.399775505066
v -7343.150573968887 -751.5045754611492 -16258.297383785248
v -7428.505831956863 -442.6150484010577 -16344.376266002655
v -7486.594676971436 -128.933887463063 -16438.276410102844
v -7517.007595300674 188.64592276513577 -16539.43259716034
v -7519.367924332619 509.1712363064289 -16646.98259830475
v -7493.3525532484055 831.6085513681173 -16759.799575805664
v -7438.746824860573 1154.8465557396412 -16876.834094524384
v -7355.452185869217 1477.69805341959 -16997.09792137146
v -7243.508687615395 1798.915996402502 -17119.7612285614
v -7103.062134981155 2117.1960160136223 -17243.943786621094
v -6934.402337670326 2431.2010049819946 -17368.91657114029
v -6737.940159440041 2739.552004635334 -17493.932557106018
v -6514.220568537712 3040.8478930592537 -17618.287920951843
v -6263.914987444878 3333.679223060608 -17741.32204055786
v -5987.82759308815 3616.6144967079163 -17862.32569217682
v -5686.875966191292 3888.227841258049 -17980.559051036835
v -5362.116742134094 4147.1021592617035 -18095.311093330383
v -5014.724910259247 4391.830253601074 -18205.780792236328
v -4645.996963977814 4621.020677685738 -18311.104118824005
v -4257.3491007089615 4833.331036567688 -18410.429644584656
v -3850.3289222717285 5027.441436052322 -18502.801537513733
v -3426.5954092144966 5202.107134461403 -18587.283766269684
v -2987.9213958978653 5356.13469183445 -18662.82869577408
v -2536.1971706151962 5488.424721360207 -18728.421092033386
v -2073.4079748392105 5597.976839542389 -18783.009719848633
v -1601.6439035534859 5683.912616968155 -18825.584745407104
v -1123.0903424322605 5745.487728714943 -18855.17053604126
v -640.0007419288158 5782.105904817581 -18870.7950592041
v -154.68407310545444 5793.3508813381195 -18871.62128686905
v 330.5777220055461 5780.860263109207 -18865.241873264313
v 813.8064615428448 5746.398559212685 -18859.256672859192
v 1293.0848844349384 5689.944168925285 -18852.90606021881
v 1766.484085470438 5611.577194929123 -18845.479011535645
v 2232.0695623755455 5511.465042829514 -18836.20150089264
v 2687.9109755158424 5389.887171983719 -18824.33910369873
v 3132.0976734161377 5247.241395711899 -18809.21139717102
v 3562.7456679940224 5084.042531251907 -18790.17035961151
v 3978.015297651291 4900.939950346947 -18766.681373119354
v 4376.128777861595 4698.687878251076 -18738.215219974518
v 4755.361425876617 4478.1750947237015 -18704.34708595276
v 5114.088687300682 4240.410533547401 -18664.797961711884
v 5450.768360495567 3986.503031849861 -18619.285237789154
v 5763.972997665405 3717.675505578518 -18567.699110507965
v 6052.387654781342 3435.2273732423782 -18509.96037721634
v 6314.831042289734 3140.551881492138 -18446.150040626526
v 6550.2505749464035 2835.110229253769 -18376.43370628357
v 6757.7340722084045 2520.4063668847084 -18301.032781600952
v 6936.528208851814 2197.9847460985184 -18220.323479175568
v 7086.0277146101 1869.416144490242 -18134.791815280914
v 7205.773574113846 1536.2702146172523 -18044.961607456207
v 7295.480477809906 1200.1087337732315 -17951.563680171967
v 7354.9918204545975 862.4701347202063 -17855.31085729599
v 7384.317502379417 524.8372171074152 -17757.08876848221
v 9252.432203292847 188.6454868130386 -17540.13650417328
v 9208.681738376617 -228.80570339038968 -17413.45726251602
v 9125.553154945374 -639.6169915795326 -17273.48997592926
v 9004.06978726387 -1041.6058890521526 -17122.445118427277
v 8845.470976829529 -1432.8214257955551 -16962.704169750214
v 8651.185071468353 -1811.5682825446129 -16796.826815605164
v 8422.757422924042 -2176.4042735099792 -16627.329540252686
v 8161.830586194992 -2526.133258640766 -16456.671226024628
v 7870.122718811035 -2859.805256128311 -16287.294554710388
v 7549.38482940197 -3176.6842663288116 -16121.474802494049
v 7201.367476582527 -3476.2127205729485 -15961.247837543488
v 6827.824369072914 -3758.005405962467 -15808.51092338562
v 6430.497065186501 -4021.8094140291214 -15664.981317520142
v 6011.084371805191 -4267.455089092255 -15532.048666477203
v 5571.2711453437805 -4494.867503643036 -15410.994613170624
v 5112.695440649986 -4703.993555903435 -15302.773189544678
v 4636.981362104416 -4894.820195436478 -15208.217823505402
v 4145.725113153458 -5067.335721850395 -15127.94053554535
v 3640.501296520233 -5221.506834030151 -15062.345439195633
v 3122.883839905262 -5357.288530468941 -15011.723244190216
v 2594.4383457303047 -5474.609708786011 -14976.217955350876
v 2056.740316748619 -5573.367765545845 -14955.872774124146
v 1511.3705433905125 -5653.43624651432 -14950.662499666214
v 959.9308542907238 -5714.667096734047 -14960.519629716873
v 404.03595976531506 -5756.892910599709 -14985.335260629654
v -154.68455124646425 -5779.956632852554 -15025.068891048431
v -714.4602350890636 -5780.874663591385 -15069.767987728119
v -1273.0144374072552 -5756.657102704048 -15109.239709377289
v -1827.9241926968098 -5707.2404980659485 -15143.131244182587
v -2376.779107749462 -5632.738703489304 -15171.258985996246
v -2917.1902775764465 -5533.446028828621 -15193.595933914185
v -3446.8188613653183 -5409.845340251923 -15210.345494747162
v -3963.4087085723877 -5262.604010105133 -15221.950483322144
v -4464.804247021675 -5092.564916610718 -15229.10932302475
v -4948.97275865078 -4900.7194429636 -15232.770645618439
v -5414.026430249214 -4688.189476728439 -15234.131491184235
v -5858.239904046059 -4456.183308362961 -15234.585106372833
v -6280.036327242851 -4205.969530344009 -15235.672342777252
v -6678.015702962875 -3938.8369858264923 -15239.083456993103
v -7050.927439332008 -3656.0544922947884 -15246.506905555725
v -7397.665849328041 -3358.855541050434 -15259.677946567535
v -7717.2508001327515 -3048.396445810795 -15280.20043373108
v -8008.807462453842 -2725.7572427392006 -15309.57201719284
v -8271.556860208511 -2391.9259399175644 -15349.110341072083
v -8504.770869016647 -2047.8084176778793 -15399.870240688324
v -8707.769066095352 -1694.2338287830353 -15462.616741657257
v -8879.907029867172 -1331.9758616387844 -15537.846660614014
v -9020.55293917656 -961.7903165519238 -15625.729203224182
v -9129.080373048782 -584.4215746968985 -15726.048362255096
v -9204.881811141968 -200.65834373235703 -15838.325321674347
v -9247.363233566284 188.64603526890278 -15961.746454238892
v -9255.675011873245 582.5155921280384 -16093.798875808716
v -9229.002618789673 979.7449052333832 -16231.615090370178
v -9166.940140724182 1378.9734102785587 -16373.80005121231
v -9069.259870052338 1778.723482787609 -16519.185519218445
v -8935.90150475502 2177.4188324809074 -16666.72385931015
v -8766.995549201965 2573.418591916561 -16815.594244003296
v -8562.84801363945 2965.034304559231 -16965.11985063553
v -8323.92241358757 3350.527337193489 -17114.638257026672
v -8050.854170322418 3728.131380677223 -17263.55184316635
v -7744.438010454178 4096.0722506046295 -17411.322391033173
v -7405.629765987396 4452.541336417198 -17557.32887983322
v -7035.515773296356 4795.722377300262 -17700.860285758972
v -6635.353824496269 5123.80046248436 -17841.209185123444
v -6206.536716222763 5434.9363803863525 -17977.459347248077
v -5750.622400641441 5727.310720086098 -18108.67474079132
v -5269.302934408188 5999.104970693588 -18233.72492790222
v -4764.449480175972 6248.513671755791 -18351.364266872406
v -4238.084405660629 6473.784464597702 -18460.278713703156
v -3692.3900589346886 6673.210892081261 -18558.995819091797
v -3129.7197937965393 6845.166149735451 -18645.976531505585
v -2552.5738939642906 6988.13368678093 -18719.611597061157
v -1963.6155486106873 7100.7297068834305 -18778.25036048889
v -1365.665902197361 7181.736019253731 -18820.22956609726
v -761.6717096418142 7230.157640576363 -18843.993961811066
v -154.68405904248357 7245.212894678116 -18847.97749519348
v 452.2954350337386 7229.974484443665 -18843.351340293884
v 1056.8297863006592 7187.702769041061 -18841.36587381363
v 1656.585118174553 7118.202441930771 -18840.753853321075
v 2249.178460240364 7021.365949511528 -18840.17243385315
v 2832.195031642914 6897.236943244934 -18838.359773159027
v 3403.202050924301 6746.008029580116 -18834.117031097412
v 3959.768086671829 6568.040120601654 -18826.31916999817
v 4499.479258060455 6363.872784376144 -18813.93655538559
v 5019.963535666466 6134.232345223427 -18796.0799574852
v 5518.919092416763 5880.01883327961 -18771.933948993683
v 5994.111153483391 5602.333435416222 -18740.857708454132
v 6443.428248167038 5302.4532943964 -18702.37421989441
v 6864.862409234047 4981.804057955742 -18656.04066848755
v 7256.565874814987 4641.991379857063 -18601.6788482666
v 7616.835337877274 4284.727567434311 -18539.123153686523
v 7944.151997566223 3911.865782737732 -18468.447387218475
v 8237.16670870781 3525.353915989399 -18389.809954166412
v 8494.722032546997 3127.2060096263885 -18303.46646308899
v 8715.883737802505 2719.49100792408 -18209.881329536438
v 8899.918299913406 2304.3143063783646 -18109.661173820496
v 9046.301001310349 1883.7751127779484 -18003.513419628143
v 9154.723131656647 1459.9481090903282 -17892.32189655304
v 9225.107288360596 1034.8736636340618 -17777.197241783142
v 9257.567775249481 610.4894287884235 -17659.334695339203
v 11099.95556473732 188.6454868130386 -17345.650792121887
v 11041.94502234459 -312.60704528540373 -17197.97204732895
v 10935.34545302391 -804.6129912137985 -17030.858051776886
v 10781.841713190079 -1284.4451576471329 -16847.92332649231
v 10583.36796760559 -1749.5857946574688 -16652.856194972992
v 10342.096889019012 -2197.9613453149796 -16449.564588069916
v 10060.2956533432 -2627.9151916503906 -16241.756629943848
v 9740.321439504623 -3038.2042795419693 -16033.073842525482
v 9384.543126821518 -3427.951529622078 -15826.91113948822
v 8995.29539346695 -3796.5926229953766 -15626.343023777008
v 8574.851715564728 -4143.824249505997 -15434.103786945343
v 8125.427067279816 -4469.572156667709 -15252.675712108612
v 7649.128419160843 -4773.896646499634 -15084.098267555237
v 7147.981289029121 -5056.975474953651 -14930.1283121109
v 6623.918041586876 -5319.045349955559 -14792.185193300247
v 6078.781488537788 -5560.337129235268 -14671.304845809937
v 5514.356389641762 -5781.084820628166 -14568.314397335052
v 4932.36720263958 -5981.469330191612 -14483.743965625763
v 4334.497433900833 -6161.607211828232 -14417.895060777664
v 3722.408539056778 -6321.516016125679 -14370.814484357834
v 3097.7565735578537 -6461.15029156208 -14342.437434196472
v 2462.207943201065 -6580.36108314991 -14332.513701915741
v 1817.447279393673 -6678.928333520889 -14340.713876485825
v 1165.2000524103642 -6756.578433513641 -14366.686046123505
v 507.22463987767696 -6812.983772158623 -14410.052198171616
v -154.6846356242895 -6847.813588380814 -14470.527923107147
v -818.5087814927101 -6856.490328907967 -14535.672104358673
v -1481.4469039440155 -6834.33563709259 -14592.542308568954
v -2140.451219677925 -6781.035852432251 -14640.263706445694
v -2792.456676065922 -6696.53967320919 -14678.163975477219
v -3434.4076707959175 -6581.0959577560425 -14705.871403217316
v -4063.305303454399 -6435.27307510376 -14723.385989665985
v -4676.265877485275 -6259.963855147362 -14731.142449378967
v -5270.558476448059 -6056.3639879226685 -14730.030912160873
v -5843.652215600014 -5825.936472415924 -14721.39602303505
v -6393.247517943382 -5570.359414815903 -14707.007241249084
v -6917.312115430832 -5291.455376148224 -14689.004838466644
v -7414.064848423004 -4991.127470135689 -14669.824296236038
v -7881.9986164569855 -4671.273410320282 -14652.094602584839
v -8319.850677251816 -4333.727458119392 -14638.547348976135
v -8726.568895578384 -3980.193370580673 -14631.886225938797
v -9101.27934217453 -3612.203674018383 -14634.697920084
v -9443.243092298508 -3231.0861378908157 -14649.323409795761
v -9751.807624101639 -2837.9558995366096 -14677.789562940598
v -10026.362717151642 -2433.7386399507523 -14721.74523472786
v -10266.299951076508 -2019.1791340708733 -14782.358664274216
v -10470.983904600143 -1594.887152314186 -14860.30667424202
v -10639.735054969788 -1161.4114880561829 -14955.822372436523
v -10771.797376871109 -719.2654397338629 -15068.531346321106
v -10866.38154387474 -269.0217921510339 -15197.705471515656
v -10922.626227140427 188.64613370969892 -15342.063105106354
v -10938.850170373917 652.8274089097977 -15496.627080440521
v -10913.399118185043 1122.1106596291065 -15656.092619895935
v -10845.636749267578 1594.8130123317242 -15818.737065792084
v -10735.221952199936 2069.102455675602 -15983.381378650665
v -10582.040423154831 2543.029074370861 -16149.057126045227
v -10386.255967617035 3014.5910888910294 -16315.22068977356
v -10148.239398002625 3481.7438557744026 -16481.443655490875
v -9868.574833869934 3942.4173057079315 -16647.443413734436
v -9548.046201467514 4394.531694054604 -16813.002157211304
v -9187.603032588959 4836.00637614727 -16977.88587808609
v -8788.360464572906 5264.712780714035 -17141.703963279724
v -8351.58753991127 5678.527736663818 -17304.00459766388
v -7878.7108063697815 6075.276771187782 -17464.107358455658
v -7371.313416957855 6452.746260166168 -17621.1284160614
v -6831.162130832672 6808.698278665543 -17774.034535884857
v -6260.168612003326 7140.845850110054 -17921.479272842407
v -5660.467281937599 7446.869596838951 -18061.930775642395
v -5034.3752682209015 7724.442040920258 -18193.608784675598
v -4384.4347059726715 7971.267205476761 -18314.59263563156
v -3713.40801268816 8185.067564249039 -18422.698855400085
v -3024.2808133363724 8363.677644729614 -18515.664768218994
v -2320.278140902519 8505.05707859993 -18591.09629392624
v -1604.8638738691807 8607.330203056335 -18646.49314880371
v -881.7124415189028 8668.900364637375 -18679.41805124283
v -154.68403091654181 8688.44901919365 -18687.43371963501
v 572.4384047091007 8671.033436059952 -18685.577857494354
v 1296.7976212501526 8621.992594003677 -18689.078974723816
v 2015.689042210579 8540.802675485611 -18695.96960544586
v 2726.3044610619545 8427.060467004776 -18704.239082336426
v 3425.760406255722 8280.566161870956 -18712.058544158936
v 4111.114454269409 8101.314359903336 -18717.65673160553
v 4779.393130540848 7889.533668756485 -18719.39558982849
v 5427.633085846901 7645.732605457306 -18715.88727235794
v 6052.89212167263 7370.6599950790405 -18705.837535858154
v 6652.320292592049 7065.344572067261 -18688.198745250702
v 7223.136055469513 6731.086429953575 -18662.121272087097
v 7762.711322307587 6369.43362057209 -18626.949894428253
v 8268.553459644318 5982.151553034782 -18582.158994674683
v 8738.36019039154 5571.238294243813 -18527.456963062286
v 9170.034444332123 5138.866966962814 -18462.70339488983
v 9561.6852581501 4687.366399168968 -18387.88388967514
v 9911.663776636124 4219.218423962593 -18303.196454048157
v 10218.56415271759 3736.9865521788597 -18208.938097953796
v 10481.245148181915 3243.300221860409 -18105.562436580658
v 10698.838233947754 2740.840397775173 -17993.73549222946
v 10870.758390426636 2232.289169728756 -17874.330294132233
v 10996.693307161331 1720.2811509370804 -17748.34407567978
v 11076.643884181976 1207.403365522623 -17617.168283462524
v 11110.875630378723 696.0921388119459 -17482.29876756668
v 12915.201145410538 188.6454868130386 -17061.14946603775
v 12841.263669729233 -395.4329935833812 -16894.188475608826
v 12708.867436647415 -967.206360399723 -16700.89440345764
v 12520.623433589935 -1522.8524528443813 -16486.59542798996
v 12279.495459794998 -2059.2493757605553 -16256.871736049652
v 11988.615620136261 -2573.9615350961685 -16017.125308513641
v 11651.222223043442 -3065.2303844690323 -15772.630321979523
v 11270.510375499725 -3531.8782344460487 -15528.162336349487
v 10849.613082408905 -3973.2640385627747 -15288.154900074005
v 10391.531944274902 -4389.177414774895 -15056.537544727325
v 9899.07415509224 -4779.732891917229 -14836.652082204819
v 9374.883103370667 -5145.30668258667 -14631.383109092712
v 8821.410471200943 -5486.432054638863 -14443.11210513115
v 8240.91803431511 -5803.717428445816 -14273.687732219696
v 7635.525363683701 -6097.820726037025 -14124.63014125824
v 7007.191824913025 -6369.340917468071 -13996.989667415619
v 6357.773730158806 -6618.815320730209 -13891.516035795212
v 5689.023438096046 -6846.650749444962 -13808.589959144592
v 5002.633905410767 -7053.109562397003 -13748.312240839005
v 4300.264337658882 -7238.291662931442 -13710.533475875854
v 3583.5620149970055 -7402.126848697662 -13694.877451658249
v 2854.1958183050156 -7544.370311498642 -13700.769048929214
v 2113.8751298189163 -7664.63143825531 -13727.526044845581
v 1364.3767215311527 -7762.384611368179 -13774.370813369751
v 607.5491990894079 -7837.029510736465 -13840.55272936821
v -154.6847059391439 -7887.921714782715 -13925.403970479965
v -920.0727947056293 -7908.681809902191 -14014.482653141022
v -1685.2661535143852 -7892.639672756195 -14092.436963319778
v -2446.523793041706 -7838.9645755290985 -14157.483941316605
v -3200.0233978033066 -7747.226303815842 -14208.15023779869
v -3941.9114887714386 -7617.472559213638 -14243.422418832779
v -4668.389263749123 -7450.291511416435 -14262.917071580887
v -5375.808000564575 -7246.808648109436 -14266.933006048203
v -6060.74623465538 -7008.676424622536 -14256.524157524109
v -6720.090311765671 -6737.999111413956 -14233.489686250687
v -7351.091089844704 -6437.238290905952 -14200.311875343323
v -7951.422441005707 -6109.090453386307 -14160.067927837372
v -8519.158750772476 -5756.364142894745 -14116.316562891006
v -9052.802819013596 -5381.825152039528 -14072.910809516907
v -9551.220607757568 -4988.086718320847 -14033.854901790619
v -10013.589489459991 -4577.490270137787 -14003.094571828842
v -10439.328044652939 -4152.035224437714 -13984.360444545746
v -10828.005158901215 -3713.32700997591 -13981.000632047653
v -11179.263520240784 -3262.5696420669556 -13995.851129293442
v -11492.72511601448 -2800.5983486771584 -14031.110709905624
v -11767.928230762482 -2327.9256969690323 -14088.270723819733
v -12004.29414510727 -1844.8296837508678 -14168.127697706223
v -12201.059633493423 -1351.459376513958 -14270.693331956863
v -12357.305765151978 -847.9276165366173 -14395.319604873657
v -12471.930003166199 -334.4319885596633 -14540.6429708004
v -12543.716406822205 188.64623215049505 -14704.805767536163
v -12569.671475887299 720.5092813819647 -14879.58351969719
v -12546.89981341362 1259.4341076910496 -15056.696850061417
v -12474.592292308807 1803.291155397892 -15234.421300888062
v -12352.310597896576 2349.775278568268 -15411.64083480835
v -12180.028629302979 2896.503984928131 -15587.899136543274
v -11958.026295900345 3441.070818901062 -15763.084602355957
v -11686.88771724701 3981.105101108551 -15937.463641166687
v -11367.419320344925 4514.254602789879 -16111.356663703918
v -11000.627338886261 5038.19859623909 -16285.1038813591
v -10587.680011987686 5550.647404789925 -16458.991503715515
v -10129.897683858871 6049.271750450134 -16633.071732521057
v -9628.718602657318 6531.720754504204 -16807.148361206055
v -9085.735821723938 6995.577836036682 -16980.771374702454
v -8502.67019867897 7438.31031024456 -17153.06774377823
v -7881.4261972904205 7857.296389341354 -17322.89263010025
v -7224.0707367658615 8249.797731637955 -17488.69798183441
v -6532.923194766045 8612.961691617966 -17648.627936840057
v -5810.525706410408 8943.860471248627 -17800.493621826172
v -5059.695816040039 9239.497870206833 -17941.77495241165
v -4283.5534781217575 9496.862387657166 -18069.692635536194
v -3485.5192571878433 9712.989324331284 -18181.21896982193
v -2669.349429011345 9885.000383853912 -18273.099446296692
v -1839.1531936824322 10010.21077632904 -18341.962552070618
v -999.3555493652821 10086.188620328903 -18384.323370456696
v -154.68400279060006 10110.860246419907 -18396.68618440628
v 690.2354177087545 10091.817408800125 -18397.987627983093
v 1532.166189700365 10037.064975500107 -18407.536947727203
v 2368.0812165141106 9945.612013339996 -18422.585451602936
v 3194.779597222805 9816.636794805527 -18440.463650226593
v 4008.912432193756 9649.545300006866 -18458.615458011627
v 4807.024055719376 9444.045919179916 -18474.74399805069
v 5585.587924718857 9200.16115307808 -18486.723399162292
v 6341.058820486069 8918.286114931107 -18492.72300004959
v 7069.911324977875 8599.18133020401 -18491.176748275757
v 7768.713623285294 8243.971836566925 -18480.795800685883
v 8434.116703271866 7854.148983955383 -18460.536122322083
v 9062.958759069443 7431.549733877182 -18429.665088653564
v 9652.250790596008 6978.303107619286 -18387.613880634308
v 10199.236005544662 6496.833336353302 -18334.08728837967
v 10701.396119594574 5989.77030813694 -18268.887305259705
v 11156.485557556152 5459.968468546867 -18192.046332359314
v 11562.529653310776 4910.446518659592 -18103.719174861908
v 11917.853450775146 4344.336113333702 -18004.18484210968
v 12221.115005016327 3764.8589104413986 -17893.920350074768
v 12471.296381950378 3175.299119949341 -17773.591721057892
v 12667.707258462906 2578.9333015680313 -17643.999981880188
v 12810.048824548721 1979.0103390812874 -17506.315171718597
v 12898.374181985855 1378.6965385079384 -17361.962938308716
v 12933.15224647522 780.9812936931849 -17212.8315448761
v 14685.64322590828 188.6454868130386 -16675.976169109344
v 14594.080460071564 -476.4791041612625 -16491.311585903168
v 14433.508783578873 -1125.767594575882 -16272.95527458191
v 14207.909029722214 -1754.387455433607 -16028.636693954468
v 13921.550041437149 -2358.5827484726906 -15765.930497646332
v 13578.859066963196 -2935.651245713234 -15492.170131206512
v 13184.234553575516 -3483.856676518917 -15214.197623729706
v 12741.866141557693 -4002.2747099399567 -14938.044077157974
v 12255.730164051056 -4490.68731367588 -14669.120472669601
v 11729.46994304657 -4949.38677251339 -14411.953061819077
v 11166.4146900177 -5379.066109657288 -14170.367872714996
v 10569.57500576973 -5780.681157112122 -13947.486209869385
v 9941.646480560303 -6155.308350920677 -13745.738154649734
v 9285.063695907593 -6504.091629385948 -13567.027270793915
v 8602.025425434113 -6828.148379921913 -13412.791806459427
v 7894.520735740662 -7128.486186265945 -13283.986693620682
v 7164.387938380241 -7405.966377258301 -13181.21765255928
v 6413.329440355301 -7661.2554252147675 -13104.73039150238
v 5642.969346046448 -7894.79164481163 -13054.480808973312
v 4854.880458116531 -8106.747841835022 -13030.120593309402
v 4050.618028640747 -8297.017812728882 -13031.017023324966
v 3231.7751109600067 -8465.225344896317 -13056.315970420837
v 2400.001685321331 -8610.726916790009 -13104.949098825455
v 1557.057985663414 -8732.653999328613 -13175.716668367386
v 704.8245124518871 -8829.978758096695 -13267.381137609482
v -154.68477625399828 -8901.578855514526 -13378.766167163849
v -1019.0016321837902 -8939.17851448059 -13494.039326906204
v -1884.2236652970314 -8933.879137039185 -13595.875036716461
v -2745.8562657237053 -8883.95716547966 -13681.160992383957
v -3599.2049887776375 -8788.277661800385 -13747.236704826355
v -4439.469748735428 -8646.468913555145 -13792.172509431839
v -5261.87858581543 -8459.006136655807 -13814.95047211647
v -6061.855971813202 -8227.265477180481 -13815.65609574318
v -6835.14521420002 -7953.451108932495 -13795.463019609451
v -7577.954035997391 -7640.519630908966 -13756.688821315765
v -8287.050879001617 -7292.002761363983 -13702.684313058853
v -8959.832406044006 -6911.791780591011 -13637.66883611679
v -9594.3230509758 -6503.92692387104 -13566.558355093002
v -10189.175468683243 -6072.34942317009 -13494.693648815155
v -10743.585032224655 -5620.709800720215 -13427.607202529907
v -11257.174628973007 -5152.167612314224 -13370.709097385406
v -11729.874056577682 -4669.278943538666 -13329.043102264404
v -12161.769717931747 -4173.926657438278 -13307.053565979004
v -12552.958816289902 -3667.3143193125725 -13308.374810218811
v -12903.410750627518 -3150.035049021244 -13335.70242524147
v -13212.861812114716 -2622.1664741635323 -13390.684366226196
v -13480.753982067108 -2083.424410223961 -13473.933553695679
v -13706.166529655457 -1533.3480417728424 -13585.004472732544
v -13887.837612628937 -971.4578777551651 -13722.49127626419
v -14024.218279123306 -397.4549112841487 -13884.22669172287
v -14113.490468263626 188.6463165283203 -14067.26222038269
v -14150.862419605255 786.1300848424435 -14259.748965501785
v -14131.863683462143 1392.7875228226185 -14450.386148691177
v -14055.526727437973 2005.8438375592232 -14637.518614530563
v -13921.52214050293 2622.3910316824913 -14820.627045631409
v -13730.028128623962 3239.5131200551987 -14999.914848804474
v -13481.64411187172 3854.383558034897 -15176.13354921341
v -13177.32322216034 4464.327231049538 -15350.429785251617
v -12818.239098787308 5066.785353422165 -15523.987996578217
v -12405.755287408829 5659.322443604469 -15697.983622550964
v -11941.328036785126 6239.562872052193 -15873.320293426514
v -11426.514399051666 6805.10265827179 -16050.565028190613
v -10862.932628393173 7353.50182056427 -16229.897832870483
v -10252.291882038116 7882.1732223033905 -16411.007297039032
v -9596.405720710754 8388.356471061707 -16593.076193332672
v -8897.245210409164 8869.085967540741 -16774.824678897858
v -8156.954222917557 9321.19180560112 -16954.494094848633
v -7377.951589226723 9741.27277135849 -17129.866766929626
v -6562.919849157333 10125.738644599915 -17298.28760623932
v -5714.8876041173935 10470.848000049591 -17456.716310977936
v -4837.267318367958 10772.7568089962 -17601.734566688538
v -3933.8634192943573 11027.576941251755 -17729.565846920013
v -3008.9388996362686 11231.477868556976 -17836.15641593933
v -2067.2303929924965 11380.755066871643 -17917.166328430176
v -1113.9318607747555 11471.980321407318 -17968.084633350372
v -154.68398872762918 11502.10343003273 -17984.272575378418
v 804.9923539161682 11481.707847118378 -17988.2777094841
v 1761.518731713295 11422.020548582077 -18003.33161354065
v 2711.594143509865 11321.461981534958 -18025.925970077515
v 3651.649294793606 11178.658699989319 -18052.691066265106
v 4577.889883518219 10992.550468444824 -18080.476796627045
v 5486.34250164032 10762.445163726807 -18106.395864486694
v 6372.92123734951 10488.106977939606 -18127.91018486023
v 7233.4859520196915 10169.763618707657 -18142.800283432007
v 8063.910007476807 9808.148610591888 -18149.228298664093
v 8860.169368982315 9404.482394456863 -18145.737981796265
v 9618.343955278397 8960.458827018738 -18131.18989467621
v 10334.725642204285 8478.197479248047 -18104.75960969925
v 11005.837613344193 7960.222935676575 -18065.935909748077
v 11628.457760810852 7409.380641579628 -18014.378583431244
v 12199.675387144089 6828.7991017103195 -17949.977827072144
v 12716.864204406738 6221.841728687286 -17872.72104024887
v 13177.73003578186 5592.075791954994 -17782.75042772293
v 13580.326116085052 4943.207165598869 -17680.319797992706
v 13923.065692186356 4279.038926959038 -17565.78196287155
v 14204.749923944473 3603.461681306362 -17439.711141586304
v 14424.576884508133 2920.380884408951 -17302.8435587883
v 14582.206362485886 2233.6736410856247 -17156.282651424408
v 14677.766162157059 1547.1383035182953 -17001.536870002747
v 14711.860203742981 864.3542353063822 -16840.548479557037
v 16397.515845298767 188.6454868130386 -16182.345640659332
v 16286.477327346802 -554.8085581511259 -15981.269907951355
v 16095.339727401733 -1278.410230576992 -15739.32740688324
v 15829.872238636017 -1976.2200206518173 -15466.940486431122
v 15496.10686302185 -2643.9071521162987 -15174.137282371521
v 15100.050401687622 -3278.6437302827835 -14870.314109325409
v 14647.423446178436 -3878.9012789726257 -14563.816046714783
v 14143.544274568558 -4444.234058260918 -14261.927938461304
v 13593.200147151947 -4975.019180774689 -13970.733988285065
v 13000.65450668335 -5472.236329317093 -13695.230263471603
v 12369.639778137207 -5937.258499860764 -13439.378696680069
v 11703.393369913101 -6371.662995219231 -13206.19078874588
v 11004.753077030182 -6777.1297216415405 -12997.989517450333
v 10276.186782121658 -7155.31293451786 -12816.4417386055
v 9519.881558418274 -7507.780036330223 -12662.751692533493
v 8737.776070833206 -7835.93687415123 -12537.698805332184
v 7931.627178192139 -8140.975087881088 -12441.733992099762
v 7103.043684363365 -8423.846459388733 -12375.03005862236
v 6253.5268396139145 -8685.177409648895 -12337.45020031929
v 5384.517142176628 -8925.25594830513 -12328.575003147125
v 4497.42448925972 -9143.97947192192 -12347.668242454529
v 3593.6983793973923 -9340.83406329155 -12393.68228316307
v 2674.8612135648727 -9514.899891614914 -12465.27608036995
v 1742.5836727023125 -9664.88721370697 -12560.853880643845
v 798.7149249762297 -9789.203876256943 -12678.661525249481
v -154.68484656885266 -9886.06241941452 -12816.903454065323
v -1114.9586826562881 -9945.332103967667 -12959.044313430786
v -2077.672992646694 -9955.709451436996 -13086.243772506714
v -3037.5337570905685 -9914.077657461166 -13193.629968166351
v -3988.8579607009888 -9818.173146247864 -13276.973658800125
v -4925.729930400848 -9666.8969810009 -13333.13283920288
v -5842.221617698669 -9460.47236919403 -13360.302048921585
v -6732.63718187809 -9200.481563806534 -13358.185178041458
v -7591.7352974414825 -8889.819061756134 -13328.089970350266
v -8414.942461252213 -8532.53499865532 -13272.92532324791
v -9198.498797416687 -8133.538138866425 -13197.014981508255
v -9939.585411548615 -7698.30516576767 -13105.941832065582
v -10636.287039518356 -7232.490518689156 -13006.198692321777
v -11287.606447935104 -6741.558730602264 -12904.85799908638
v -11893.297928571701 -6230.476167798042 -12809.204596281052
v -12453.699892759323 -5703.405019640923 -12726.298320293427
v -12969.516164064407 -5163.532292842865 -12662.634688615799
v -13441.576570272446 -4612.973058223724 -12623.779487609863
v -13870.605635643005 -4052.78440117836 -12614.131164550781
v -14257.003873586655 -3483.0900758504868 -12636.711120605469
v -14600.701981782913 -2903.260961174965 -12693.074607849121
v -14901.051938533783 -2312.1668443083763 -12783.294528722763
v -15156.790101528168 -1708.488056063652 -12906.065839529037
v -15366.066908836365 -1090.9656792879105 -13058.809053897858
v -15526.544082164764 -458.7010057643056 -13237.96095252037
v -15635.523331165314 188.64640090614557 -13439.181590080261
v -15685.923218727112 850.3186590969563 -13646.85544371605
v -15671.456134319305 1523.3696326613426 -13846.956443786621
v -15591.171646118164 2204.1537776589394 -14038.335251808167
v -15444.999551773071 2888.980408012867 -14221.229475736618
v -15233.553671836853 3574.3065550923347 -14396.853256225586
v -14957.996845245361 4256.873884797096 -14567.133557796478
v -14619.841122627258 4933.740198612213 -14734.295254945755
v -14220.823562145233 5602.256032824516 -14900.630724430084
v -13762.768524885178 6259.983655810356 -15068.192034959793
v -13247.506672143936 6904.611340165138 -15238.624441623688
v -12676.872265338898 7533.812507987022 -15413.061082363129
v -12052.633863687515 8145.152127742767 -15591.965472698212
v -11376.580727100372 8735.975110530853 -15775.166606903076
v -10650.552517175674 9303.33970785141 -15961.822056770325
v -9876.509499549866 9843.964409828186 -16150.473773479462
v -9056.591945886612 10354.23919558525 -16339.076888561249
v -8193.240737915039 10830.176031589508 -16525.032114982605
v -7289.219418168068 11267.502474784851 -16705.257749557495
v -6347.710943222046 11661.674273014069 -16876.220273971558
v -5372.37483561039 12007.951867580414 -17033.943355083466
v -4367.372834682465 12301.48229598999 -17174.05104637146
v -3337.440448999405 12537.372094392776 -17291.756987571716
v -2287.936232984066 12710.822302103043 -17381.914806365967
v -1224.8245738446712 12817.26706624031 -17439.06672000885
v -154.68396060168743 12852.52034664154 -17457.501137256622
v 916.0384096205235 12830.475008487701 -17462.787914276123
v 1983.4542378783226 12765.986049175262 -17481.571543216705
v 3044.031974673271 12656.830394268036 -17509.72808599472
v 4093.8698768615723 12501.035177707672 -17543.315410614014
v 5128.74972820282 12297.003746032715 -17578.67399454117
v 6144.20422911644 12043.611061573029 -17612.475526332855
v 7135.593274235725 11740.290105342865 -17641.776907444
v 8098.193055391312 11387.082278728485 -17664.077854156494
v 9027.279764413834 10984.664404392242 -17677.324497699738
v 9918.24209690094 10534.318125247955 -17679.898583889008
v 10766.590702533722 10037.938004732132 -17670.60307264328
v 11568.090039491653 9497.931623458862 -17648.59733581543
v 12318.762874603271 8917.179077863693 -17613.33955526352
v 13014.946085214615 8298.969978094101 -17564.53812122345
v 13653.31225991249 7646.89724445343 -17502.059829235077
v 14230.8777987957 6964.837756752968 -17425.9046792984
v 14744.99751329422 6256.8817019462585 -17336.117672920227
v 15193.423128128052 5527.290722727776 -17232.84101486206
v 15574.31048154831 4780.450215935707 -17116.303312778473
v 15886.226725578308 4020.8544820547104 -16986.868178844452
v 16128.228628635406 3253.0558735132217 -16845.14763355255
v 16299.880576133728 2481.587392091751 -16692.063307762146
v 16401.344573497772 1710.9244376420975 -16529.06424999237
v 16433.40184688568 945.303001999855 -16358.204329013824
v 18036.31591796875 188.6454868130386 -15576.025938987732
v 17903.70547771454 -629.3992307037115 -15359.617292881012
v 17679.50977087021 -1423.0603739619255 -15095.756357908249
v 17371.875870227814 -2185.2664202451706 -14797.990387678146
v 16989.044451713562 -2911.2442284822464 -14479.087209701538
v 16538.860177993774 -3598.246681690216 -14150.43580532074
v 16028.57369184494 -4245.231544971466 -13821.942806243896
v 15464.627408981323 -4852.472877502441 -13501.860588788986
v 14852.541214227676 -5421.139818429947 -13196.663069725037
v 14197.052866220474 -5953.032428026199 -12911.446219682693
v 13502.085596323013 -6450.230675935745 -12649.87946152687
v 12770.947915315628 -6914.963036775589 -12414.633184671402
v 12006.394815444946 -7349.390482902527 -12207.456147670746
v 11210.81047654152 -7755.608284473419 -12029.601192474365
v 10386.256867647171 -8135.535305738449 -11881.854945421219
v 9534.567350149155 -8490.902304649353 -11764.749324321747
v 8657.39797949791 -8823.207831382751 -11678.60563993454
v 7756.249105930328 -9133.67412686348 -11623.55979681015
v 6832.507675886154 -9423.178720474243 -11599.545192718506
v 5887.477833032608 -9692.195028066635 -11606.242316961288
v 4922.410619258881 -9940.705049037933 -11643.0031478405
v 3938.5737270116806 -10168.1345641613 -11708.786350488663
v 2937.3091012239456 -10373.327934741974 -11802.138376235962
v 1920.1290175318718 -10554.547202587128 -11921.17816209793
v 888.7804344296455 -10709.53329205513 -12063.661032915115
v -154.68490282073617 -10835.652714967728 -12227.130806446075
v -1207.4654676020145 -10921.09437584877 -12395.034128427505
v -2264.6520033478737 -10952.04821228981 -12547.501933574677
v -3320.1270192861557 -10923.36785197258 -12677.477985620499
v -4367.108675837517 -10831.17236495018 -12778.88258099556
v -5398.399657011032 -10673.272877931595 -12847.105765342712
v -6406.710168719292 -10449.411982297897 -12879.347544908524
v -7385.030326247215 -10161.351937055588 -12874.852794408798
v -8326.968115568161 -9812.800866365433 -12835.04536151886
v -9227.063953876495 -9409.149950742722 -12763.444364070892
v -10081.01794719696 -8957.067513465881 -12665.498584508896
v -10885.840195417404 -8464.002203941345 -12548.253458738327
v -11639.847642183304 -7937.657380104065 -12419.992864131927
v -12342.618173360825 -7385.416889190674 -12289.727002382278
v -12994.758409261703 -6813.846001029015 -12166.65598154068
v -13597.633695602417 -6228.301244974136 -12059.65409874916
v -14153.023391962051 -5632.639700174332 -11976.733422279358
v -14662.747359275818 -5029.116842150688 -11924.59647655487
v -15128.325748443604 -4418.430644273758 -11908.302330970764
v -15550.659489631653 -3799.933084845543 -11931.005591154099
v -15929.80078458786 -3171.939757466316 -11993.870896100998
v -16264.83520269394 -2532.1310594677925 -12096.057617664337
v -16553.834879398346 -1878.0307829380035 -12234.880965948105
v -16793.979120254517 -1207.4158534407616 -12406.120699644089
v -16981.68580532074 -518.7237624078989 -12604.266834259033
v -17112.904798984528 188.64648528397083 -12823.003858327866
v -17177.910375595093 913.6531610041857 -13043.342036008835
v -17168.607664108276 1652.3156002163887 -13249.388635158539
v -17084.222638607025 2399.859255552292 -13440.691840648651
v -16925.14591217041 3151.6254022717476 -13618.48019361496
v -16692.71492958069 3903.355997800827 -13785.277378559113
v -16388.88635635376 4651.337742805481 -13944.304603338242
v -16015.969669818878 5392.428857088089 -14099.073785543442
v -15576.441752910614 6123.990002274513 -14253.059041500092
v -15072.719186544418 6843.725651502609 -14409.26017165184
v -14507.080847024918 7549.534684419632 -14570.075756311417
v -13881.631004810333 8239.262878894806 -14737.087148427963
v -13198.275923728943 8910.591757297516 -14911.024272441864
v -12458.820164203644 9560.837429761887 -15091.719722747803
v -11665.050286054611 10186.882191896439 -15278.19516658783
v -10818.843752145767 10785.105222463608 -15468.713545799255
v -9922.263431549072 11351.396983861923 -15660.873579978943
v -8977.730405330658 11881.159222126007 -15851.703369617462
v -7988.061767816544 12369.388669729233 -16037.74139881134
v -6956.57142996788 12810.71754693985 -16215.052735805511
v -5887.163722515106 13199.51166510582 -16379.274034500122
v -4784.352746605873 13529.965829849243 -16525.62793493271
v -3653.3499017357826 13796.16864323616 -16648.86906147003
v -2500.1244127750397 13992.24380850792 -16743.309223651886
v -1331.400067359209 14112.479734420776 -16802.797615528107
v -154.68394653871655 14151.519441604614 -16820.791018009186
v 1022.6550795137882 14126.624608039856 -16824.954557418823
v 2196.4434444904327 14056.45015835762 -16844.478011131287
v 3362.9585534334183 13938.211399316788 -16874.920630455017
v 4518.015378713608 13769.38464641571 -16912.037873268127
v 5657.026016712189 13547.862029075623 -16951.849806308746
v 6775.0790029764175 13272.08109498024 -16990.745508670807
v 7867.033815383911 12941.137313842773 -17025.529873371124
v 8927.623027563095 12554.839879274368 -17053.474009037018
v 9951.563912630081 12113.762110471725 -17072.349441051483
v 10933.683097362518 11619.205451011658 -17080.406510829926
v 11868.941313028336 11073.18326830864 -17076.345574855804
v 12752.57740020752 10478.339850902557 -17059.254002571106
v 13580.128109455109 9837.862205505371 -17028.543174266815
v 14347.460502386093 9155.40445446968 -16983.8458776474
v 15050.825953483582 8434.988832473755 -16924.96590614319
v 15686.817848682404 7680.932784080505 -16851.744854450226
v 16252.421987056732 6897.8381633758545 -16764.110720157623
v 16745.028281211853 6090.493580698967 -16661.986100673676
v 17162.478458881378 5263.87215256691 -16545.4087972641
v 17503.058862686157 4423.090100288391 -16414.47421312332
v 17765.630054473877 3573.3813241124153 -16269.592761993408
v 17949.664616584778 2720.0047001242638 -16111.556470394135
v 18055.322754383087 1868.1730903685093 -15941.68838262558
v 18083.596301078796 1022.8565737605095 -15762.143170833588
v 19587.510657310486 188.6454868130386 -14857.00626373291
v 19430.835211277008 -699.2002803832293 -14626.081931591034
v 19170.965909957886 -1557.581465691328 -14342.22052693367
v 18819.081127643585 -2378.3512353897095 -14022.429019212723
v 18386.069428920746 -3156.504015624523 -13682.241028547287
v 17881.96794986725 -3889.706590771675 -13335.163307189941
v 17315.60778617859 -4577.725178003311 -12992.398530244827
v 16694.487988948822 -5221.821844577789 -12662.808394432068
v 16024.719762802124 -5824.18906390667 -12352.991020679474
v 15311.21187210083 -6387.50082552433 -12067.605865001678
v 14557.829946279526 -6914.559373259544 -11809.691429138184
v 13767.621487379074 -7408.077847957611 -11581.038773059845
v 12943.074178695679 -7870.568233728409 -11382.613629102707
v 12086.29499077797 -8304.344058036804 -11214.920914173126
v 11199.124485254288 -8711.488890647888 -11078.182935714722
v 10283.258318901062 -9093.912595510483 -10972.602200508118
v 9340.261644124985 -9453.338730335236 -10898.382115364075
v 8371.582609415054 -9791.259545087814 -10855.736887454987
v 7378.552359342575 -10108.863079547882 -10844.82672214508
v 6362.39133477211 -10406.919759511948 -10865.63451886177
v 5324.220523238182 -10685.64019203186 -10917.820066213608
v 4265.1294112205505 -10944.53656077385 -11000.589537620544
v 3186.244611442089 -11182.314622402191 -11112.56228685379
v 2088.862842321396 -11396.8386054039 -11251.746547222137
v 974.5606191456318 -11585.143810510635 -11415.517830848694
v -154.68495907261968 -11743.574315309525 -11600.734132528305
v -1295.987819135189 -11858.968979120255 -11791.518920660019
v -2444.055685400963 -11914.991354942322 -11967.485612630844
v -3591.95389598608 -11903.783279657364 -12119.118189811707
v -4731.711333990097 -11819.26234960556 -12238.22637796402
v -5854.676234722137 -11657.675439119339 -12318.48566532135
v -6952.004677057266 -11418.080216646194 -12356.02412223816
v -8015.177875757217 -11102.360445261002 -12349.559205770493
v -9036.477172374725 -10715.106278657913 -12300.519263744354
v -10009.460151195526 -10263.333451747894 -12213.08673620224
v -10929.259449243546 -9755.821758508682 -12093.839943408966
v -11792.807763814926 -9202.449029684067 -11951.407474279404
v -12598.82795214653 -8613.412606716156 -11795.958769321442
v -13347.747528553009 -7998.420214653015 -11638.570499420166
v -14041.347652673721 -7365.952837467194 -11490.474140644073
v -14682.37971663475 -6722.732800245285 -11362.444853782654
v -15274.031627178192 -6073.317405581474 -11264.052659273148
v -15819.39948797226 -5419.971579313278 -11203.120619058609
v -16320.97008228302 -4762.762373685837 -11185.262221097946
v -16780.181658267975 -4099.896478652954 -11213.573569059372
v -17197.09721803665 -3428.2116383314133 -11288.515478372574
v -17570.26411294937 -2743.7922716140747 -11407.9629778862
v -17896.68344259262 -2042.6773458719254 -11567.442917823792
v -18172.024261951447 -1321.469584852457 -11760.502982139587
v -18390.877389907837 -577.9246509075165 -11979.201304912567
v -18547.219824790955 188.6465696617961 -12214.692389965057
v -18628.488945961 976.5738740563393 -12445.307111740112
v -18625.04003047943 1780.515892803669 -12654.452514648438
v -18536.437463760376 2594.308741390705 -12842.507511377335
v -18363.795483112335 3412.152400612831 -13011.903083324432
v -18109.39656496048 4228.968000411987 -13166.494059562683
v -17776.255810260773 5040.581426024437 -13310.93539595604
v -17367.721331119537 5843.716117739677 -13450.09805560112
v -16887.157440185547 6635.840290784836 -13588.603693246841
v -16337.703442573547 7414.932927489281 -13730.41244149208
v -15722.124230861664 8179.2038679122925 -13878.56280207634
v -15042.79408454895 8926.774299144745 -14035.007840394974
v -14301.700270175934 9655.462098121643 -14200.570183992386
v -13500.589746236801 10362.53747344017 -14374.951022863388
v -12641.113168001175 11044.64601278305 -14556.879514455795
v -11724.99949336052 11697.734880447388 -14744.22978758812
v -10754.205387830734 12317.11401939392 -14934.2036485672
v -9731.11503124237 12897.477751970291 -15123.429584503174
v -8658.609420061111 13433.051484823227 -15308.137369155884
v -7540.192371606827 13917.677211761475 -15484.165263175964
v -6380.054426193237 14344.898116588593 -15647.00231552124
v -5183.109748363495 14708.087277412415 -15791.755962371826
v -3955.076679587364 15000.504368543625 -15913.112425804138
v -2702.53624022007 15215.376663208008 -16005.22871017456
v -1432.945404946804 15346.057438850403 -16061.716401576996
v -154.6839184127748 15386.16818189621 -16075.611066818237
v 1124.01669844985 15356.029772758484 -16075.409460067749
v 2398.7110421061516 15277.946758270264 -16091.656804084778
v 3665.524384379387 15148.828434944153 -16120.049154758453
v 4920.062890648842 14965.817207098007 -16156.412172317505
v 6157.467973232269 14726.447892189026 -16196.800124645233
v 7372.491106390953 14428.801625967026 -16237.537288665771
v 8559.600704908371 14071.645367145538 -16275.34395456314
v 9713.091027736664 13654.528200626373 -16307.370626926422
v 10827.196031808853 13177.828139066696 -16331.230425834656
v 11896.238327026367 12642.731422185898 -16345.008087158203
v 12914.663827419281 12051.238816976547 -16347.211360931396
v 13877.183055877686 11406.056714057922 -16336.735010147095
v 14778.808945417404 10710.520625114441 -16312.761807441711
v 15614.89464044571 9968.510580062866 -16274.695932865143
v 16381.169497966766 9184.333223104477 -16222.047770023346
v 17073.73548746109 8362.684911489487 -16154.397904872894
v 17689.080691337585 7508.599063754082 -16071.339523792267
v 18224.145007133484 6627.4016082286835 -15972.507214546204
v 18676.352548599243 5724.6686816215515 -15857.616567611694
v 19043.66924762726 4806.225278973579 -15726.541578769684
v 19324.71445798874 3878.0836015939713 -15579.485654830933
v 19518.856358528137 2946.3316783308983 -15417.116618156433
v 19626.364958286285 2017.0564129948616 -15240.865516662598
v 19648.467898368835 1096.0496120154858 -15053.00042629242
v 21037.403404712677 188.6454868130386 -14029.908269643784
v 20853.68745326996 -763.2140800356865 -13785.225176811218
v 20555.338263511658 -1679.932912439108 -13483.564776182175
v 20157.26753473282 -2552.425839006901 -13145.56205868721
v 19673.557138442993 -3375.784657895565 -12789.606440067291
v 19116.640090942383 -4148.480105400085 -12431.096535921097
v 18497.02514410019 -4871.498614549637 -12082.350158691406
v 17823.136579990387 -5547.443747520447 -11752.554816007614
v 17101.35201215744 -6179.705917835236 -11447.921615839005
v 16336.394798755646 -6771.897396445274 -11172.267585992813
v 15531.638252735138 -7327.409046888351 -10927.469289302826
v 14689.562857151031 -7849.266320466995 -10714.138746261597
v 13812.056875228882 -8340.013152360916 -10532.04374909401
v 12900.76196193695 -8801.878917217255 -10380.707281827927
v 11957.212668657303 -9236.83648109436 -10259.662228822708
v 10982.94444680214 -9646.760606765747 -10168.706983327866
v 9979.497247934341 -10033.46575498581 -10107.958549261093
v 8948.362421989441 -10398.69258403778 -10077.804839611053
v 7890.930515527725 -10744.005346298218 -10078.783172369003
v 6808.4480702877045 -11070.60918211937 -10111.372363567352
v 5701.979371905327 -11379.131412506104 -10175.753319263458
v 4572.476202249527 -11669.36143040657 -10271.58852815628
v 3420.846016705036 -11940.040093660355 -10397.7907538414
v 2248.1306001544 -12188.723820447922 -10552.41413116455
v 1055.6726850569248 -12411.739587783813 -10732.578563690186
v -154.68501532450318 -12604.28393483162 -10934.521925449371
v -1380.0416335463524 -12752.361392974854 -11143.730330467224
v -2614.8548543453217 -12837.273836135864 -11339.919799566269
v -3851.412108540535 -12847.653883695602 -11510.891324281693
v -5080.4820120334625 -12774.56693649292 -11646.191954612732
v -6291.824921965599 -12612.285202741623 -11737.760120630264
v -7474.848383665085 -12358.830416202545 -11780.476450920105
v -8619.324004650116 -12016.091740131378 -11772.431981563568
v -9716.053926944733 -11589.662861824036 -11715.062260627747
v -10757.485097646713 -11088.353276252747 -11613.061845302582
v -11738.175934553146 -10523.443961143494 -11474.146693944931
v -12655.05553483963 -9907.66584277153 -11308.490747213364
v -13507.446175813675 -9254.17736172676 -11128.167909383774
v -14296.911209821701 -8575.430434942245 -10946.336621046066
v -15026.771748065948 -7882.166922092438 -10776.322728395462
v -15701.549541950226 -7182.662600278854 -10630.811256170273
v -16326.210057735443 -6482.18714594841 -10520.92837691307
v -16905.43165206909 -5782.870480418205 -10455.587989091873
v -17442.85944700241 -5083.838674426079 -10440.858095884323
v -17940.50590991974 -4381.738215684891 -10479.628694057465
v -18398.304438591003 -3671.4506328105927 -10571.433568000793
v -18813.950955867767 -2947.0071509480476 -10712.579894065857
v -19182.869708538055 -2202.580299973488 -10896.398448944092
v -19498.59127998352 -1433.3888947963715 -11113.834929466248
v -19753.145003318787 -636.4931557327509 -11354.010671377182
v -19937.778985500336 188.64665403962135 -11605.074977874756
v -20037.100911140442 1039.3078871071339 -11843.657666444778
v -20040.458023548126 1908.4700271487236 -12053.784102201462
v -19947.88452386856 2788.347813487053 -12236.702626943588
v -19761.3982796669 3671.8234702944756 -12396.000760793686
v -19484.47700738907 4552.914047241211 -12536.901378631592
v -19121.40305042267 5426.962113380432 -12665.414881706238
v -18676.74676179886 6290.592330694199 -12787.695676088333
v -18154.936289787292 7141.476771235466 -12909.47875380516
v -17559.91916656494 7977.957129478455 -13035.563975572586
v -16894.976902008057 8798.645108938217 -13169.52446103096
v -16162.723183631897 9601.949006319046 -13313.514882326126
v -15365.156078338623 10385.797852277756 -13468.28766465187
v -14503.882139921188 11147.32775092125 -13633.245187997818
v -13580.341416597366 11882.796376943588 -13806.67109489441
v -12596.061259508133 12587.547874450684 -13985.924696922302
v -11552.879530191422 13256.148761510849 -14167.731684446335
v -10453.193908929825 13882.481533288956 -14348.375833034515
v -9300.036597251892 14459.965169429779 -14523.858308792114
v -8097.199422121048 14981.696438789368 -14689.985871315002
v -6849.288287758827 15440.578603744507 -14842.378973960876
v -5561.72182559967 15829.42762374878 -14976.430362462997
v -4240.7930463552475 16141.027057170868 -15087.176370620728
v -2893.7165915966034 16368.146061897278 -15169.165515899658
v -1528.6336839199066 16503.627598285675 -15216.321694850922
v -154.68390434980392 16540.46403169632 -15221.840679645538
v 1219.1640593111515 16501.31632089615 -15213.53520154953
v 2588.1923615932465 16411.496913433075 -15221.806478500366
v 3948.4124064445496 16268.159914016724 -15243.099391460419
v 5295.330455899239 16068.551230430603 -15273.839020729065
v 6623.977443575859 15810.147178173065 -15310.506248474121
v 7928.956788778305 15490.865087509155 -15349.70076084137
v 9204.537099599838 15109.214508533478 -15388.26345205307
v 10444.748026132584 14664.42141532898 -15423.332226276398
v 11643.489164113998 14156.52540922165 -15452.383399009705
v 12794.678109884262 13586.375218629837 -15473.244297504425
v 13892.275661230087 12955.672800540924 -15484.091460704803
v 14930.455923080444 12266.876137256622 -15483.3984375
v 15903.627908229828 11523.17043542862 -15469.867384433746
v 16806.48773908615 10728.376322984695 -15442.371463775635
v 17634.090650081635 9886.87424659729 -15399.88284111023
v 18381.83388710022 9003.569370508194 -15341.4186835289
v 19045.53050994873 8083.871775865555 -15266.062760353088
v 19621.4723944664 7133.638858795166 -15172.969043254852
v 20106.538236141205 6159.148329496384 -15061.476910114288
v 20498.27095270157 5167.082461714745 -14931.204748153687
v 20795.055890083313 4164.434039592743 -14782.274061441422
v 20996.250426769257 3158.3414271473885 -14615.45347571373
v 21102.33337879181 2155.9384882450104 -14432.407146692276
v 21115.022003650665 1163.9910869300365 -14235.860365629196
v 22373.98955821991 188.6454868130386 -13103.966265916824
v 22159.7247838974 -820.5764319747686 -12846.430742740631
v 21819.812202453613 -1788.3265793323517 -12529.508531093597
v 21373.70686531067 -2704.804091155529 -12177.510344982147
v 20839.164566993713 -3565.599213540554 -11811.529290676117
v 20231.385016441345 -4370.520240068436 -11448.828846216202
v 19562.50422000885 -5122.252410650253 -11102.504450082779
v 18841.598081588745 -5825.083693861961 -10781.621205806732
v 18074.938011169434 -6483.814400434494 -10491.629695892334
v 17266.60294532776 -7103.020733594894 -10235.11210680008
v 16418.97976398468 -7686.5300714969635 -10012.395149469376
v 15533.501315116882 -8237.329614162445 -9822.465389966965
v 14611.153131723404 -8757.651436328888 -9663.680273294449
v 13652.874845266342 -9249.22359585762 -9534.363943338394
v 12659.795993566513 -9713.55004310608 -9433.230257034302
v 11633.299922943115 -10152.185130119324 -9359.634792804718
v 10574.994087219238 -10566.872215270996 -9313.636952638626
v 9486.556142568588 -10959.55536365509 -9295.887458324432
v 8369.592642784119 -11332.229042053223 -9307.411444187164
v 7225.51663517952 -11686.68161034584 -9349.324947595596
v 6055.455857515335 -12024.136209487915 -9422.475796937943
v 4860.295489430428 -12344.887149333954 -9527.148401737213
v 3640.749029815197 -12647.886794805527 -9662.69924044609
v 2397.592304646969 -12930.514258146286 -9827.381354570389
v 1131.8922996520996 -13188.398092985153 -10018.163442611694
v -154.6850715763867 -13415.474796295166 -10230.734360218048
v -1459.2863619327545 -13597.712898254395 -10452.704292535782
v -2776.28515958786 -13714.406305551529 -10664.54348564148
v -4097.274240851402 -13749.902594089508 -10851.378041505814
v -5411.735853552818 -13691.761547327042 -11000.498634576797
v -6707.723447680473 -13531.738889217377 -11102.040934562683
v -7972.73605465889 -13266.509008407593 -11149.63362812996
v -9194.638568162918 -12897.74416089058 -11140.603625774384
v -10362.58607506752 -12432.049667835236 -11076.271271705627
v -11467.795181274414 -11880.20789027214 -10961.726236343384
v -12504.19248342514 -11256.28809928894 -10805.632209777832
v -13468.795281648636 -10576.328831911087 -10619.64368224144
v -14361.692678928375 -9856.896042823792 -10417.59951710701
v -15185.859274864197 -9113.607954978943 -10214.62562084198
v -15946.517944335938 -8359.821915626526 -10026.074707508087
v -16650.366711616516 -7605.587661266327 -9866.491264104843
v -17304.559016227722 -6856.956094503403 -9748.550415039062
v -17915.67587852478 -6115.768676996231 -9682.174092531204
v -18488.753867149353 -5379.91888821125 -9673.848813772202
v -19026.426470279694 -4644.055598974228 -9726.163965463638
v -19528.39127779007 -3900.6131559610367 -9837.644398212433
v -19991.14717245102 -3141.0725489258766 -10002.857530117035
v -20408.0429315567 -2357.339131832123 -10212.792259454727
v -20769.730842113495 -1542.9856769740582 -10455.461084842682
v -21064.88492488861 -694.3679060786963 -10716.785734891891
v -21281.15496635437 188.6467384174466 -10981.560200452805
v -21400.506162643433 1101.8265679478645 -11225.795078277588
v -21412.048149108887 2036.1948788166046 -11435.415697097778
v -21316.333544254303 2982.1510776877403 -11612.389522790909
v -21116.417050361633 3931.113377213478 -11761.343610286713
v -20817.081427574158 4876.080217957497 -11888.617771863937
v -20424.076068401337 5811.875751614571 -12001.459950208664
v -19943.373572826385 6735.05871295929 -12107.184690237045
v -19380.59012889862 7643.550932407379 -12212.48551607132
v -18740.551698207855 8536.116218566895 -12322.847211360931
v -18027.069008350372 9411.795139312744 -12442.230808734894
v -17242.95735359192 10269.270950555801 -12572.846782207489
v -16390.139198303223 11106.471782922745 -12715.190148353577
v -15469.996988773346 11920.225930213928 -12868.208771944046
v -14483.671963214874 12706.173646450043 -13029.58237528801
v -13432.478165626526 13458.816647529602 -13196.074450016022
v -12318.160754442215 14171.751219034195 -13363.892269134521
v -11143.223613500595 14837.898623943329 -13528.98119688034
v -9910.995954275131 15449.830913543701 -13687.246096134186
v -8625.746619701385 16000.001335144043 -13834.667432308197
v -7292.687684297562 16480.941438674927 -13967.310273647308
v -5917.9038017988205 16885.319578647614 -14081.220787763596
v -4508.383706212044 17205.99491596222 -14172.300237417221
v -3072.00378626585 17435.91661453247 -14236.022371053696
v -1617.5296604633331 17568.123841285706 -14267.270517349243
v -154.68389028683305 17595.709764957428 -14260.09007692337
v 1307.0271387696266 17542.35417842865 -14239.914101362228
v 2762.591651082039 17435.284793376923 -14235.352748632431
v 4207.939696311951 17272.746551036835 -14244.302648305893
v 5638.627600669861 17052.748584747314 -14264.37332034111
v 7049.8078018426895 16773.269426822662 -14292.981678247452
v 8436.216473579407 16432.357811927795 -14327.364629507065
v 9792.22257733345 16028.413486480713 -14364.761781692505
v 11111.856663227081 15560.27181148529 -14402.404642105103
v 12388.908523321152 15027.417969703674 -14437.655222415924
v 13617.035645246506 14429.997766017914 -14467.990738153458
v 14789.769512414932 13768.963432312012 -14491.036009788513
v 15900.695610046387 13046.051126718521 -14504.57336306572
v 16943.483126163483 12263.793534040451 -14506.494027376175
v 17911.955153942108 11425.519865751266 -14494.783735275269
v 18800.193095207214 10535.327059030533 -14467.505621910095
v 19602.582561969757 9598.098677396774 -14422.804725170135
v 20313.923180103302 8619.51031088829 -14358.96018743515
v 20929.581594467163 7605.989974737167 -14274.465358257294
v 21445.680475234985 6564.6897584199905 -14168.2069003582
v 21859.238922595978 5503.413373231888 -14039.589893817902
v 22168.411874771118 4430.4500967264175 -13888.767343759537
v 22372.684514522552 3354.320739209652 -13716.848087310791
v 22473.03787469864 2283.503809571266 -13526.105600595474
v 22472.05684185028 1225.9367860853672 -13320.11930346489
v 23587.768399715424 188.6454868130386 -12092.468297481537
v 23338.929867744446 -870.6331267952919 -11823.469090461731
v 22954.060781002045 -1881.3902579247952 -11494.31186914444
v 22458.010971546173 -2833.391846716404 -11132.844465970993
v 21872.83297777176 -3723.2338666915894 -10762.74487376213
v 21216.703808307648 -4552.634137868881 -10402.827322483063
v 20503.36332321167 -5326.522350311279 -10066.675066947937
v 19742.272639274597 -6051.304918527603 -9762.96619772911
v 18939.109146595 -6733.402207493782 -9496.01275920868
v 18096.711540222168 -7378.335002064705 -9266.788583993912
v 17215.922248363495 -7990.147137641907 -9073.76452088356
v 16296.624267101288 -8571.44690155983 -8914.075773954391
v 15338.498985767365 -9123.672091960907 -8784.436333179474
v 14341.547304391861 -9647.584134340286 -8681.846398115158
v 13306.38394355774 -10143.810349702835 -8604.144096374512
v 12234.28064584732 -10613.2741689682 -8550.246691703796
v 11127.009570598602 -11057.448941469193 -8520.17308473587
v 9986.594885587692 -11478.40923666954 -8514.880007505417
v 8815.042757987976 -11878.62383723259 -8535.956913232803
v 7614.092046022415 -12260.56962609291 -8585.195761919022
v 6385.072094202042 -12626.25007033348 -8664.192306995392
v 5128.890582919121 -12976.609301567078 -8773.88888001442
v 3846.1262315511703 -13310.992097854614 -8914.1756772995
v 2537.298357486725 -13626.67406797409 -9083.560448884964
v 1203.1998872756958 -13918.600642681122 -9278.955191373825
v -154.6851278282702 -14179.290771484375 -9495.546543598175
v -1533.58508720994 -14395.834422111511 -9723.84368777275
v -2927.9838889837265 -14546.179956197739 -9945.855021476746
v -4328.910046815872 -14609.652781486511 -10144.2207634449
v -5724.56967830658 -14569.620341062546 -10304.076915979385
v -7101.2445241212845 -14414.819657802582 -10413.889592885971
v -8444.374346733093 -14140.104359388351 -10465.961736440659
v -9739.757120609283 -13746.71738743782 -10456.820130348206
v -10974.707370996475 -13242.153292894363 -10387.471008300781
v -12139.079958200455 -12639.269906282425 -10263.22094798088
v -13226.10125541687 -11955.150699615479 -10093.43296289444
v -14232.867765426636 -11209.465831518173 -9890.910881757736
v -15160.37222146988 -10422.608184814453 -9671.012818813324
v -16013.255178928375 -9613.845604658127 -9450.644940137863
v -16798.99228811264 -8799.53253865242 -9246.99422121048
v -17526.83765888214 -7991.750991344452 -9076.303505897522
v -18206.549417972565 -7197.437945008278 -8952.690666913986
v -18846.983861923218 -6418.0833995342255 -8887.052369117737
v -19454.819214344025 -5650.09893476963 -8886.280143260956
v -20033.450388908386 -4885.750141739845 -8952.687966823578
v -20582.25816488266 -4114.54401910305 -9083.828657865524
v -21096.258175373077 -3324.911579489708 -9272.57307767868
v -21566.2269115448 -2506.0594365000725 -9507.575446367264
v -21979.268741607666 -1649.636773020029 -9773.94026517868
v -22319.83654499054 -751.2327663600445 -10054.292452335358
v -22571.060156822205 188.64682279527187 -10329.95098233223
v -22712.602496147156 1163.8273939490318 -10577.357566356659
v -22734.21401977539 2163.1718054413795 -10785.330229997635
v -22636.904561519623 3175.124514102936 -10956.295454502106
v -22424.738657474518 4189.489978551865 -11095.564317703247
v -22103.89951467514 5198.141601681709 -11210.359561443329
v -21681.713378429413 6195.320090651512 -11308.892160654068
v -21165.682899951935 7177.49462723732 -11399.409991502762
v -20562.723910808563 8142.854350805283 -11489.370703697205
v -19878.616404533386 9090.62208533287 -11584.821599721909
v -19117.714726924896 10020.25511264801 -11689.944219589233
v -18282.985377311707 10930.6391954422 -11806.863534450531
v -17376.19421482086 11819.548559188843 -11935.683047771454
v -16398.385274410248 12683.266979455948 -12074.759304523468
v -15350.359582901001 13516.512179374695 -12221.064603328705
v -14233.191776275635 14312.630236148834 -12370.691913366318
v -13048.60001206398 15063.976293802261 -12519.312989711761
v -11799.334782361984 15762.317776679993 -12662.582486867905
v -10489.229315519333 16399.341106414795 -12796.419668197632
v -9123.278778791428 16967.02251434326 -12917.19201207161
v -7707.5448751449585 17457.830548286438 -13021.672010421753
v -6249.0100383758545 17864.845776557922 -13106.938165426254
v -4755.499130487442 18181.679785251617 -13170.14908194542
v -3235.6099143624306 18402.349174022675 -13208.276158571243
v -1698.6458890140057 18521.041548252106 -13217.744475603104
v -154.68387622386217 18531.95711374283 -13194.179886579514
v 1386.4994622766972 18457.945835590363 -13158.92750620842
v 2919.5483565330505 18326.51983499527 -13137.167477607727
v 4440.331527590752 18138.161528110504 -13128.933101892471
v 5944.642347097397 17892.667508125305 -13133.663660287857
v 7428.055816888809 17589.19894695282 -13150.185513496399
v 8885.827428102493 17226.470601558685 -13176.813805103302
v 10312.821608781815 16802.952420711517 -13211.43616437912
v 11703.454571962357 16317.051351070404 -13251.55320763588
v 13051.71051621437 15767.38314628601 -13294.417142868042
v 14351.191127300262 15152.94337272644 -13337.067770957947
v 15595.075976848602 14473.30721616745 -13376.389187574387
v 16776.302528381348 13728.793287277222 -13409.17638540268
v 17887.582337856293 12920.5941259861 -13432.151454687119
v 18921.5513586998 12050.924706459045 -13442.036485671997
v 19870.90494632721 11123.093539476395 -13435.597670078278
v 20728.543663024902 10141.629576683044 -13409.751504659653
v 21487.80188560486 9112.332612276077 -13361.689895391464
v 22142.72141456604 8042.260682582855 -13289.043062925339
v 22688.357484340668 6939.671564102173 -13190.141451358795
v 23121.05417251587 5813.867968320847 -13064.197534322739
v 23438.773810863495 4674.902331829071 -12911.58122420311
v 23641.361594200134 3533.152002096176 -12734.017878770828
v 23730.714786052704 2398.8424465060234 -12534.786307811737
v 23710.836720466614 1281.3480414450169 -12318.759274482727
v 24672.315514087677 188.6454868130386 -11011.778712272644
v 24384.50207710266 -913.003845512867 -10733.573997020721
v 23951.004362106323 -1958.3055958151817 -10395.92679142952
v 23402.990412712097 -2936.915113031864 -10029.931336641312
v 22767.46473312378 -3846.9974607229233 -9661.596703529358
v 22065.78323841095 -4692.7908807992935 -9310.880160331726
v 21313.305842876434 -5482.0970594882965 -8991.662871837616
v 20519.513463974 -6223.872196674347 -8711.912804841995
v 19688.985455036163 -6926.406469941139 -8474.60725903511
v 18822.661447525024 -7596.119344234467 -8278.838104009628
v 17919.23099756241 -8237.060505151749 -8121.087121963501
v 16976.474630832672 -8851.04666352272 -7996.516650915146
v 15992.34207868576 -9438.229024410248 -7900.103622674942
v 14965.656101703644 -9997.934365272522 -7827.540493011475
v 13896.418499946594 -10529.47416305542 -7775.781559944153
v 12785.791212320328 -11032.807916402817 -7743.321973085403
v 11635.83350777626 -11508.948159217834 -7730.17703294754
v 10449.075371026993 -11960.0117623806 -7737.623882293701
v 9228.081887960434 -12388.933724164963 -7767.7829921245575
v 7975.086033344269 -12798.967653512955 -7823.11954498291
v 6691.742962598801 -13192.97114610672 -7905.912417173386
v 5379.085010290146 -13572.652459144592 -8017.724961042404
v 4037.6170933246613 -13937.757784128189 -8158.900988101959
v 2667.6600724458694 -14285.49342751503 -8328.211957216263
v 1269.7725288569927 -14610.016393661499 -8522.505062818527
v -154.68517001718283 -14902.300280332565 -8736.558330059052
v -1603.0089117586613 -15151.989340782166 -8964.445060491562
v -3070.0079694390297 -15336.87893152237 -9190.647834539413
v -4546.316826343536 -15430.501866340637 -9395.626097917557
v -6018.939834833145 -15411.453628540039 -9562.710392475128
v -7472.343149781227 -15264.811718463898 -9678.78007888794
v -8889.82446193695 -14983.230990171432 -9734.967160224915
v -10254.954171180725 -14567.168658971786 -9726.921790838242
v -11553.014534711838 -14024.73759651184 -9655.11378645897
v -12772.32136130333 -13370.838701725006 -9524.784922599792
v -13905.276596546173 -12625.705552101135 -9345.670825242996
v -14949.012744426727 -11812.90003657341 -9131.339448690414
v -15905.487370491028 -10957.04157948494 -8898.282045125961
v -16781.166291236877 -10081.42746090889 -8664.765626192093
v -17586.05604171753 -9205.840343236923 -8449.49551820755
v -18332.353830337524 -8344.747310876846 -8270.187014341354
v -19032.78968334198 -7506.145131587982 -8142.18652844429
v -19698.89838695526 -6691.225895285606 -8077.319556474686
v -20339.325630664825 -5894.774377346039 -8082.892543077469
v -20958.427560329437 -5106.388479471207 -8161.08626127243
v -21555.28254508972 -4312.23338842392 -8308.6561024189
v -22123.295164108276 -3497.240574657917 -8517.0580804348
v -22650.225007534027 -2647.4678963422775 -8772.8340446949
v -23119.079506397247 -1752.335274219513 -9058.519810438156
v -23509.26957130432 -806.5332055091858 -9353.640592098236
v -23798.476254940033 188.64689311012626 -9636.187052726746
v -23964.47241306305 1224.739746004343 -9883.901447057724
v -23998.509752750397 2288.336071372032 -10089.066016674042
v -23901.806914806366 3365.8316746354103 -10254.153144359589
v -23679.314064979553 4445.2789932489395 -10384.75831747055
v -23338.61665725708 5517.300388216972 -10488.647896051407
v -22888.651990890503 6575.441068410873 -10574.6466755867
v -22338.571572303772 7616.0298109054565 -10651.683855056763
v -21696.711480617523 8637.525314092636 -10727.813804149628
v -20969.884943962097 9639.599967002869 -10809.460037946701
v -20163.004326820374 10622.11606502533 -10900.924700498581
v -19279.1441321373 11584.056574106216 -11004.124855995178
v -18319.827210903168 12522.86810874939 -11118.701392412186
v -17285.679984092712 13433.992916345596 -11242.325031757355
v -16177.085864543915 14310.900378227234 -11371.229147911072
v -14994.876480102539 15145.420920848846 -11500.804686546326
v -13740.83389043808 15928.340935707092 -11626.206785440445
v -12418.119901418686 16650.08590221405 -11742.857891321182
v -11031.32016658783 17301.435911655426 -11846.823072433472
v -9586.427986621857 17874.017083644867 -11934.979224205017
v -8090.658003091812 18360.652577877045 -12005.034869909286
v -6552.139288187027 18755.418395996094 -12055.347454547882
v -4979.720038175583 19053.558778762817 -12084.713637828827
v -3382.767541706562 19251.102793216705 -12091.936379671097
v -1771.0361003875732 19344.556522369385 -12075.513529777527
v -154.6838621608913 19330.444049835205 -12033.207613229752
v 1456.5556704998016 19228.463435173035 -11980.851060152054
v 3056.890930235386 19064.27813768387 -11938.687348365784
v 4642.129534482956 18842.111098766327 -11909.531772136688
v 6208.506882190704 18564.77041244507 -11895.161890983582
v 7752.387976646423 18233.573722839355 -11896.29322886467
v 9270.007991790771 17848.526430130005 -11912.67197728157
v 10757.224988937378 17408.481895923615 -11943.10559630394
v 12209.331810474396 16911.418652534485 -11985.555517673492
v 13620.900374650955 16354.771614074707 -12037.224447727203
v 14985.743874311447 15735.757887363434 -12094.645470380783
v 16296.800673007965 15051.841187477112 -12153.816151618958
v 17546.278309822083 14301.045048236847 -12210.304743051529
v 18725.697600841522 13482.350635528564 -12259.38338637352
v 19826.079845428467 12596.051359176636 -12296.164917945862
v 20838.21053504944 11644.014781713486 -12315.795475244522
v 21752.927362918854 10629.97242808342 -12313.647103309631
v 22561.509037017822 9559.661090373993 -12285.57066321373
v 23256.143295764923 8440.821027755737 -12228.155040740967
v 23830.41832447052 7283.0965131521225 -12139.06735777855
v 24279.805171489716 6097.764924168587 -12017.353582382202
v 24602.098762989044 4897.221025824547 -11863.714838027954
v 24797.79051542282 3694.2981228232384 -11680.756711959839
v 24870.217740535736 2501.4854833483696 -11473.092758655548
v 24825.491642951965 1329.9275055527687 -11247.280597686768
v 25624.641001224518 188.6454868130386 -9879.982715845108
v 25293.336308002472 -947.6206921041012 -9596.086210012436
v 24807.45143890381 -2018.919925391674 -9254.79028224945
v 24205.401480197906 -3015.1239067316055 -8889.873963594437
v 23519.699120521545 -3936.4978075027466 -8529.112184047699
v 22775.320196151733 -4790.5004024505615 -8193.426144123077
v 21989.111471176147 -5588.397368788719 -7896.611505746841
v 21170.28205394745 -6342.179808020592 -7645.7875072956085
v 20321.719241142273 -7062.211567163467 -7442.413547635078
v 19441.858780384064 -7755.829691886902 -7283.713033795357
v 18526.58213376999 -8426.83995962143 -7164.170131087303
v 17571.02733850479 -9075.890392065048 -7077.034613490105
v 16571.0200548172 -9701.401436328888 -7015.675058960915
v 15523.928594589233 -10300.78730583191 -6974.540531635284
v 14429.032933712006 -10871.644020080566 -6949.807253479958
v 13287.408608198166 -11412.68543601036 -6939.61441218853
v 12101.481199264526 -11924.249064922333 -6943.974608182907
v 10874.415212869644 -12408.409476280212 -6964.463794231415
v 9609.47595834732 -12868.544483184814 -7003.661006689072
v 8309.501230716705 -13308.634918928146 -7064.557045698166
v 6976.587650179863 -13732.437509298325 -7149.991056323051
v 5611.962407827377 -14142.318433523178 -7261.9539052248
v 4216.143020987511 -14538.393795490265 -7401.135465502739
v 2789.3232211470604 -14917.612493038177 -7566.4354503154755
v 1331.9254599511623 -15273.17659854889 -7754.610151052475
v -154.68521220609546 -15594.233548641205 -7960.054630041122
v -1667.7890308201313 -15874.807143211365 -8180.947226285934
v -3202.740588784218 -16094.176888465881 -8405.16003370285
v -4749.991396069527 -16219.471883773804 -8611.502742767334
v -6295.456543564796 -16223.923432826996 -8781.901848316193
v -7821.829801797867 -16088.488698005676 -8902.036970853806
v -9310.188937187195 -15803.01353931427 -8961.924076080322
v -10741.762471199036 -15366.80133342743 -8956.378090381622
v -12099.61183667183 -14788.227760791779 -8885.144305229187
v -13370.3175842762 -14084.064882993698 -8753.117084503174
v -14545.261025428772 -13277.650481462479 -8569.96185183525
v -15621.457660198212 -12396.53627872467 -8349.48056936264
v -16601.813685894012 -11469.911152124405 -8108.817011117935
v -17494.684982299805 -10525.49152970314 -7867.084217071533
v -18312.787175178528 -9586.89420223236 -7644.0108478069305
v -19071.52158021927 -8671.343046426773 -7458.363431692123
v -19786.99153661728 -7788.2496774196625 -7326.508566737175
v -20473.77393245697 -6938.664430379868 -7261.037674546242
v -21142.865335941315 -6115.778577327728 -7269.726565480232
v -21799.869334697723 -5306.373375654221 -7354.7924637794495
v -22443.776094913483 -4493.008041381836 -7512.558746337891
v -23066.330540180206 -3656.725239753723 -7733.487343788147
v -23652.13315486908 -2780.0423353910446 -8002.596354484558
v -24179.554414749146 -1849.770511686802 -8300.302922725677
v -24622.37104177475 -859.5092043280602 -8603.656280040741
v -24952.010679244995 188.64697748795152 -8887.825495004654
v -25144.66392993927 1283.7456092238426 -9132.391583919525
v -25193.720972537994 2410.0871980190277 -9333.10460448265
v -25100.265443325043 3551.9691571593285 -9492.089527845383
v -24869.915330410004 4695.568823814392 -9614.833837747574
v -24511.49272918701 5830.077511072159 -9709.174996614456
v -24035.601794719696 6948.222750425339 -9784.255510568619
v -23453.13289165497 8046.113711595535 -9849.40779209137
v -22773.98635149002 9122.457951307297 -9913.08222413063
v -22006.105840206146 10177.387773990631 -9981.95613026619
v -21155.006742477417 11211.134487390518 -10060.338854789734
v -20223.8463640213 12222.713458538055 -10149.909853935242
v -19213.823544979095 13209.046584367752 -10249.799698591232
v -18125.05168914795 14164.47627544403 -10357.017588615417
v -16957.428193092346 15080.861759185791 -10467.061573266983
v -15711.539876461029 15948.132598400116 -10574.667376279831
v -14389.318203926086 16755.220222473145 -10674.541920423508
v -12994.501900672913 17490.976858139038 -10761.946547031403
v -11532.673853635788 18145.226764678955 -10833.174031972885
v -10011.128807067871 18709.44845676422 -10885.730391740799
v -8438.525050878525 19177.20671892166 -10918.352884054184
v -6824.402004480362 19544.2174077034 -10930.82190155983
v -5178.802654147148 19808.140444755554 -10923.671162128448
v -3511.937166750431 19968.11180114746 -10897.782695293427
v -1833.912993222475 20024.149477481842 -10853.971028327942
v -154.6838621608913 19976.45868062973 -10792.503470182419
v 1516.3877613842487 19838.926875591278 -10722.713333368301
v 3172.9367658495903 19632.87397623062 -10658.806693553925
v 4810.672777891159 19367.984306812286 -10606.763350963593
v 6426.4779806137085 19051.4995098114 -10571.048355102539
v 8017.90406703949 18688.06014060974 -10554.603904485703
v 9582.680261135101 18279.743468761444 -10558.8736474514
v 11118.225276470184 17826.17508172989 -10583.796381950378
v 12621.269303560257 17324.991500377655 -10627.9878616333
v 14087.450796365738 16772.102987766266 -10688.68139386177
v 15511.1283659935 16162.366771697998 -10761.949247121811
v 16885.166573524475 15490.28366804123 -10842.868256568909
v 18200.963830947876 14750.568699836731 -10925.646728277206
v 19448.585605621338 13938.982725143433 -11003.942149877548
v 20616.98852777481 13052.951657772064 -11071.083498001099
v 21694.472205638885 12092.144286632538 -11120.399749279022
v 22669.127440452576 11058.942091464996 -11145.531290769577
v 23529.486048221588 9958.754253387451 -11140.822333097458
v 24265.27508497238 8800.03205537796 -11101.702523231506
v 24868.147671222687 7594.103276729584 -11025.120759010315
v 25332.404816150665 6354.714077711105 -10909.91240143776
v 25655.699241161346 5097.260823845863 -10757.205188274384
v 25839.413392543793 3837.695649266243 -10570.55333852768
v 25888.893449306488 2591.377118229866 -10356.102257966995
v 25813.20631504059 1371.6337770223618 -10122.37253189087
v 26445.25247812271 188.6454868130386 -8715.456223487854
v 26066.274988651276 -974.752888083458 -8431.0142993927
v 25524.45684671402 -2063.8093784451485 -8092.287957668304
v 24866.360211372375 -3068.898232281208 -7734.914791584015
v 24130.713379383087 -3992.928797006607 -7387.887471914291
v 23346.32271528244 -4847.180700302124 -7072.523662447929
v 22531.523633003235 -5646.972680091858 -6802.2959142923355
v 21694.902420043945 -6407.755553722382 -6583.328482508659
v 20837.207901477814 -7142.223346233368 -6415.652868151665
v 19953.7779211998 -7858.639234304428 -6294.772070646286
v 19037.073826789856 -8560.361230373383 -6213.370645046234
v 18079.11775112152 -9246.55950665474 -6163.086411356926
v 17073.209869861603 -9913.525938987732 -6135.921251773834
v 16015.051639080048 -10556.39676451683 -6125.336447358131
v 14903.094106912613 -11170.737534761429 -6126.893049478531
v 13738.303005695343 -11753.759956359863 -6138.459786772728
v 12523.526930809021 -12304.99331355095 -6160.0771605968475
v 11262.624311447144 -12826.323169469833 -6193.510130047798
v 9959.644383192062 -13321.510750055313 -6241.673892736435
v 8618.108063936234 -13795.215511322021 -6307.90756046772
v 7240.576389431953 -14251.841300725937 -6395.310837030411
v 5828.556460142136 -14694.338417053223 -6506.146398186684
v 4382.630595564842 -15122.860765457153 -6641.1927700042725
v 2902.971601486206 -15533.827126026154 -6799.337965250015
v 1390.009692311287 -15919.12282705307 -6977.1731197834015
v -154.6852543950081 -16265.681231021881 -7168.7229335308075
v -1728.2213293015957 -16574.06395673752 -7376.592543721199
v -3326.703989505768 -16827.03182697296 -7592.700129747391
v -4940.641629695892 -16984.888112545013 -7794.949501752853
v -6555.020734667778 -17015.02832174301 -7964.448577165604
v -8150.842118263245 -16893.77806186676 -8086.078649759293
v -9706.984323263168 -16607.79708623886 -8149.077159166336
v -11202.202588319778 -16154.534709453583 -8147.363501787186
v -12617.206567525864 -15542.361211776733 -8079.968345165253
v -13936.607545614243 -14789.516603946686 -7951.090329885483
v -15150.49889087677 -13922.2043633461 -7769.851261377335
v -16255.609893798828 -12972.083050012589 -7549.824944138527
v -17255.579376220703 -11972.94699549675 -7308.078649640083
v -18160.62628030777 -10957.291787862778 -7063.962125778198
v -18986.200523376465 -9952.945458889008 -6837.587895989418
v -19751.103734970093 -8980.362993478775 -6648.28185737133
v -20475.059175491333 -8050.757867097855 -6513.002377748489
v -21176.076447963715 -7165.39192199707 -6444.923648238182
v -21867.899012565613 -6316.078934073448 -6452.280494570732
v -22557.79551267624 -5486.848318576813 -6537.553399801254
v -23244.964921474457 -4656.534516811371 -6697.021189332008
v -23919.73011493683 -3802.0616561174393 -6920.764631032944
v -24563.51627111435 -2902.0616710186005 -7192.999896407127
v -25149.938106536865 -1940.3871208429337 -7492.922788858414
v -25646.662938594818 -909.2323817312717 -7795.912533998489
v -26018.227779865265 188.64706186577678 -8075.16308426857
v -26239.410185813904 1339.801623672247 -8312.325525283813
v -26306.034016609192 2526.3182148337364 -8506.136214733124
v -26218.56368780136 3730.3760558366776 -8658.009099960327
v -25982.91779756546 4936.127528548241 -8772.895246744156
v -25609.050679206848 6131.16954267025 -8858.375608921051
v -25109.222543239594 7307.258722186089 -8923.571991920471
v -24496.197617053986 8460.20587682724 -8977.961713075638
v -23781.57728910446 9588.94807100296 -9030.182361602783
v -22974.574267864227 10694.104075431824 -9087.03276515007
v -22081.38976097107 11776.313811540604 -9152.785366773605
v -21105.24227619171 12834.56204533577 -9228.85771393776
v -20046.943640708923 13865.118151903152 -9313.925862312317
v -18905.99343776703 14860.978096723557 -9404.407691955566
v -17681.72744512558 15812.080442905426 -9495.181131362915
v -16374.471473693848 16706.128978729248 -9580.439186096191
v -14986.348694562912 17529.868960380554 -9654.54676747322
v -13521.837657690048 18270.420956611633 -9712.719315290451
v -11987.722790241241 18916.597592830658 -9751.521414518356
v -10392.861288785934 19459.879183769226 -9769.12060379982
v -8747.621500492096 19894.93395090103 -9765.276575088501
v -7063.177299499512 20219.64862346649 -9741.118866205215
v -5350.938367843628 20434.91063117981 -9698.888552188873
v -3622.007927298546 20543.871879577637 -9641.469329595566
v -1886.761525273323 20551.212525367737 -9571.974402666092
v -154.68384809792042 20462.163543701172 -9493.270367383957
v 1565.5341319739819 20281.91990852356 -9407.746803760529
v 3266.7707577347755 20025.018906593323 -9323.161071538925
v 4944.558110833168 19708.294701576233 -9248.661977052689
v 6596.598526835442 19344.945335388184 -9191.462361812592
v 8222.008401155472 18944.16731595993 -9156.813901662827
v 9820.51232457161 18510.954010486603 -9147.939604520798
v 11391.719233989716 18046.36925458908 -9166.148114204407
v 12934.359186887741 17547.70395755768 -9210.749107599258
v 14445.670890808105 17009.17272567749 -9279.191899299622
v 15920.967888832092 16422.720289230347 -9367.222046852112
v 17353.209245204926 15778.982734680176 -9469.040656089783
v 18733.007645606995 15068.42874288559 -9577.622091770172
v 20048.714900016785 14282.494527101517 -9685.03348827362
v 21286.80715560913 13414.755672216415 -9782.861363887787
v 22432.491517066956 12461.819064617157 -9862.629234790802
v 23470.442271232605 11424.121218919754 -9916.26923084259
v 24385.75131893158 10306.398093700409 -9936.623412370682
v 25165.01181125641 9117.775094509125 -9917.952287197113
v 25797.41438627243 7871.49076461792 -9856.459528207779
v 26275.782203674316 6584.240663051605 -9750.76898932457
v 26597.47997522354 5275.015425682068 -9602.308118343353
v 26765.025985240936 3963.5914146900177 -9415.568965673447
v 26786.300897598267 2668.8233613967896 -9198.180186748505
v 26674.07613992691 1406.6690251231194 -8960.540729761124
v 27138.029074668884 188.6454868130386 -7535.433912277222
v 26708.118879795074 -995.0061537325382 -7257.4402540922165
v 26107.629573345184 -2094.3330004811287 -6929.219514131546
v 25392.004811763763 -3100.431238114834 -6587.1158093214035
v 24606.766319274902 -4019.2789793014526 -6260.4678720235825
v 23784.817397594452 -4866.486796736717 -5970.423710346222
v 22945.97671031952 -5661.924880743027 -5729.839804768562
v 22097.968316078186 -6424.869176745415 -5543.825176358223
v 21238.997554779053 -7170.561695098877 -5411.17108464241
v 20360.778748989105 -7908.176892995834 -5325.968381762505
v 19451.9571185112 -8640.548515319824 -5279.606479406357
v 18501.006877422333 -9365.134876966476 -5262.555858492851
v 17498.436307907104 -10075.858974456787 -5265.904870629311
v 16438.076603412628 -10765.337860584259 -5282.480275630951
v 15317.450881004333 -11426.903212070465 -5307.472762465477
v 14137.37546801567 -12056.11788034439 -5338.603454828262
v 12901.093173027039 -12651.550817489624 -5375.9101539850235
v 11613.190549612045 -13214.851778745651 -5421.278423070908
v 10278.462958335876 -13749.959295988083 -5477.713462710381
v 8901.12254023552 -14262.057542800903 -5548.6785888671875
v 7484.205546975136 -14756.003081798553 -5637.304106354713
v 6029.491338133812 -15234.873116016388 -5745.788788795471
v 4537.700387835503 -15698.530840873718 -5874.830609560013
v 3009.092579782009 -16142.398703098297 -6023.14792573452
v 1444.286122173071 -16556.543970108032 -6187.098315358162
v -154.68529658392072 -16925.261116027832 -6360.422068834305
v -1784.5388025045395 -17257.83305168152 -6549.994066357613
v -3442.3047602176666 -17542.802393436432 -6752.132284641266
v -5118.790444731712 -17733.392775058746 -6944.6833819150925
v -6798.254328966141 -17790.908300876617 -7108.668422698975
v -8460.144674777985 -17686.69021129608 -7228.7454932928085
v -10081.178152561188 -17403.632533550262 -7293.680417537689
v -11637.632668018341 -16937.006509304047 -7296.786871552467
v -13107.727491855621 -16294.573998451233 -7236.303046345711
v -14473.851734399796 -15495.516443252563 -7115.474450588226
v -15724.601113796234 -14568.718510866165 -6942.561560869217
v -16856.064999103546 -13549.611687660217 -6730.253452062607
v -17872.389829158783 -12476.686662435532 -6494.910421967506
v -18785.412800312042 -11387.338787317276 -6255.335000157356
v -19613.22991847992 -10313.960146903992 -6031.307148933411
v -20378.06292772293 -9280.669748783112 -5842.0393615961075
v -21103.404414653778 -8300.963544845581 -5704.552558064461
v -21810.981106758118 -7376.810801029205 -5632.272487878799
v -22517.681169509888 -6499.045160412788 -5633.799839019775
v -23232.922518253326 -5649.240306019783 -5712.047559022903
v -23956.591749191284 -4802.621558308601 -5863.686436414719
v -24678.01090478897 -3931.9310545921326 -6079.083898663521
v -25375.73046684265 -3011.6882666945457 -6342.528569698334
v -26018.697595596313 -2022.4511936306953 -6633.024996519089
v -26568.345999717712 -954.6371020376682 -6925.415086746216
v -26982.00525045395 188.64711811766028 -7192.075115442276
v -27232.92465209961 1391.662372648716 -7416.700586676598
v -27319.133138656616 2634.4311848282814 -7600.092077255249
v -27239.968287944794 3897.0103353261948 -7742.734253406525
v -27001.289296150208 5161.397871375084 -7848.761403560638
v -26614.024329185486 6413.419443368912 -7925.195562839508
v -26092.113053798676 7643.724638223648 -7980.835425853729
v -25450.324964523315 8847.761553525925 -8025.036805868149
v -24702.147912979126 10024.719262123108 -8066.4165914058685
v -23858.25265645981 11175.796604156494 -8111.771810054779
v -22925.58742761612 12302.097916603088 -8165.266001224518
v -21907.45893716812 13402.616965770721 -8228.086304664612
v -20804.225397109985 14472.912102937698 -8298.565864562988
v -19614.669966697693 15504.468142986298 -8372.689646482468
v -18337.464201450348 16485.070776939392 -8444.902664422989
v -16972.622501850128 17399.929809570312 -8509.063112735748
v -15522.484946250916 18233.37571620941 -8559.357696771622
v -13992.33381152153 18970.599400997162 -8591.054058074951
v -12390.325170755386 19599.405455589294 -8601.057893037796
v -10727.04067826271 20111.338996887207 -8588.119959831238
v -9014.75224494934 20502.423691749573 -8552.882879972458
v -7266.447755694389 20773.181557655334 -8497.646230459213
v -5495.011141896248 20928.226149082184 -8426.036232709885
v -3712.47940659523 20975.48133134842 -8342.624139785767
v -1929.4360041618347 20925.200247764587 -8252.507722377777
v -154.68384809792042 20788.732278347015 -8160.854953527451
v 1603.9826318621635 20559.94461774826 -8063.500493764877
v 3338.4653583168983 20244.286048412323 -7961.999595165253
v 5043.9983904361725 19867.36602783203 -7868.278557062149
v 6719.219532608986 19449.74844455719 -7791.990202665329
v 8365.108692646027 19006.33419752121 -7740.467077493668
v 9983.867794275284 18546.058785915375 -7718.678247928619
v 11577.808564901352 18071.87250852585 -7729.187899827957
v 13148.248648643494 17581.07167482376 -7772.140038013458
v 14694.57242488861 17066.097831726074 -7845.369189977646
v 16213.430881500244 16515.45399427414 -7944.444507360458
v 17698.160195350647 15915.295898914337 -8063.006377220154
v 19138.62782716751 15250.8882522583 -8193.042731285095
v 20521.336925029755 14508.413791656494 -8325.355261564255
v 21829.93574142456 13676.614040136337 -8450.082337856293
v 23046.060061454773 12748.228454589844 -8557.254326343536
v 24150.370037555695 11721.092462539673 -8637.352508306503
v 25123.880434036255 10598.8844871521 -8681.941801309586
v 25949.44747686386 9391.258251667023 -8684.269279241562
v 26613.253903388977 8113.470166921616 -8639.849191904068
v 27106.256210803986 6785.492351651192 -8547.036284208298
v 27425.358295440674 5430.411478877068 -8407.42900967598
v 27574.282681941986 4072.411808371544 -8226.194441318512
v 27563.716328144073 2734.40248221159 -8012.034970521927
v 27410.848009586334 1435.4543514549732 -7776.928198337555
v 27709.992825984955 188.6454868130386 -6354.744228720665
v 27227.44346857071 -1009.3049325048923 -6091.97998046875
v 26566.997754573822 -2112.609462440014 -5783.953666687012
v 25793.576657772064 -3113.244067132473 -5466.301080584526
v 24959.673535823822 -4020.4886198043823 -5167.476224899292
v 24102.573037147522 -4854.639250040054 -4907.800880074501
v 23243.4978723526 -5640.386259555817 -4699.135193228722
v 22389.23966884613 -6401.124131679535 -4545.670604705811
v 21535.129070281982 -7154.722064733505 -4445.217341184616
v 20669.042670726776 -7911.353999376297 -4391.04722738266
v 19775.505352020264 -8673.28171133995 -4373.867902159691
v 18839.24720287323 -9436.196756362915 -4383.648079633713
v 17847.822606563568 -10191.592049598694 -4411.154800653458
v 16793.06288957596 -10929.483556747437 -4449.025368690491
v 15671.470534801483 -11640.93307852745 -4492.386120557785
v 14483.61976146698 -12319.766408205032 -4538.923078775406
v 13233.115190267563 -12963.584065437317 -4588.689345121384
v 11925.14459490776 -13573.627191781998 -4643.516930937767
v 10565.191859006882 -14153.868520259857 -4706.308433413506
v 9158.0595433712 -14709.703731536865 -4780.357962846756
v 7707.2127640247345 -15246.09649181366 -4868.573966622353
v 6214.691889286041 -15765.876495838165 -4972.8919595479965
v 4681.3820987939835 -16268.033909797668 -5093.714255094528
v 3107.7511832118034 -16746.48813009262 -5229.517552256584
v 1494.802563637495 -17188.97534608841 -5376.459622383118
v -154.68533877283335 -17576.675927639008 -5528.164651989937
v -1836.784651875496 -17929.539942741394 -5695.044639706612
v -3549.5712518692017 -18244.228279590607 -5877.6756048202515
v -5284.371688961983 -18466.90113544464 -6054.808735847473
v -7024.9323189258575 -18552.692008018494 -6208.20492208004
v -8749.326157569885 -18467.72916316986 -6322.944813966751
v -10432.243007421494 -18190.899693965912 -6387.875688076019
v -12047.515392303467 -17714.790952205658 -6395.98180949688
v -13570.783996582031 -17045.994758605957 -6344.795295596123
v -14982.08435177803 -16204.216372966766 -6236.5639716386795
v -16268.215715885162 -15220.443832874298 -6078.3089727163315
v -17424.34402704239 -14133.632242679596 -5881.365728378296
v -18454.716527462006 -12986.68063879013 -5660.662588477135
v -19372.47725725174 -11821.91743850708 -5433.686238527298
v -20198.098301887512 -10676.486885547638 -5219.061002135277
v -20957.036113739014 -9578.510421514511 -5035.088092088699
v -21676.57960653305 -8544.312793016434 -4898.220509290695
v -22382.30583667755 -7577.101707458496 -4821.6445952653885
v -23094.596886634827 -6667.318844795227 -4814.095142483711
v -23825.45735836029 -5794.564571976662 -4878.956264257431
v -24576.100492477417 -4930.8385014534 -5013.66962492466
v -25335.394716262817 -4044.822734594345 -5209.494581818581
v -26079.63503599167 -3106.892104446888 -5451.747143268585
v -26773.47366809845 -2094.0400406718254 -5720.344486832619
v -27372.49232530594 -994.5349879562855 -5990.9952491521835
v -27826.818537712097 188.64718843251467 -6236.648124456406
v -28107.67114162445 1437.9059210419655 -6442.808577418327
v -28214.484918117523 2731.389181315899 -6611.210516095161
v -28144.993591308594 4047.021508216858 -6741.373324394226
v -27904.788148403168 5364.561673998833 -6836.546561121941
v -27505.60678243637 6667.925915122032 -6902.947634458542
v -26963.120818138123 7946.556878089905 -6948.789319396019
v -26294.25802230835 9195.535898208618 -6983.028265833855
v -25514.617717266083 10414.393609762192 -7014.025303721428
v -24636.463713645935 11605.029076337814 -7048.381704092026
v -23667.615473270416 12769.177556037903 -7090.094950795174
v -22611.464309692383 13905.944418907166 -7140.167227387428
v -21467.86801815033 15010.221093893051 -7196.734571456909
v -20234.770929813385 16071.931743621826 -7255.582141876221
v -18910.092175006866 17076.606583595276 -7311.007797718048
v -17493.426740169525 18006.803929805756 -7356.800431013107
v -15987.271308898926 18844.27477121353 -7387.189048528671
v -14397.726285457611 19572.177743911743 -7397.637048363686
v -12734.340089559555 20177.22840309143 -7385.3894382715225
v -11009.502536058426 20651.081669330597 -7349.692893028259
v -9237.462902069092 20991.215658187866 -7291.820955276489
v -7433.0896854400635 21200.92808008194 -7214.847677946091
v -5610.805869102478 21288.891625404358 -7123.351064324379
v -3783.5988879203796 21268.14773082733 -7023.019304871559
v -1962.2227519750595 21155.044543743134 -6920.326316356659
v -154.68383403494954 20967.724871635437 -6822.103777527809
v 1632.2310902178288 20686.74626350403 -6718.868520855904
v 3389.216932654381 20306.62933588028 -6606.916922330856
v 5111.055585741997 19863.04588317871 -6500.13419687748
v 6797.351148724556 19385.029077529907 -6409.9138259887695
v 8451.149773597717 18894.231843948364 -6345.160707831383
v 10077.44032740593 18404.25363779068 -6312.174153327942
v 11681.669342517853 17920.617043972015 -6314.621335268021
v 13268.22356581688 17440.971183776855 -6353.4612357616425
v 14839.075863361359 16956.015145778656 -6427.000448107719
v 16392.63048171997 16450.646424293518 -6530.950778722763
v 17922.872519493103 15906.034588813782 -6658.748307824135
v 19419.097018241882 15301.675152778625 -6801.924651861191
v 20865.93326330185 14617.716151475906 -6950.564628839493
v 22244.048607349396 13837.340521812439 -7093.959230184555
v 23531.19250535965 12948.670566082 -7221.209540963173
v 24703.62216234207 11946.37810587883 -7321.899962425232
v 25737.823390960693 10832.643014192581 -7386.782684922218
v 26612.431275844574 9617.391723394394 -7408.416259288788
v 27310.176038742065 8317.837309837341 -7381.814968585968
v 27819.695699214935 6957.309454679489 -7305.021247267723
v 28137.18672990799 5563.273027539253 -7179.615548253059
v 28267.390489578247 4164.67299759388 -7010.970151424408
v 28223.96763563156 2788.9323830604553 -6808.333316445351
v 28028.71149778366 1458.609426766634 -6584.408518671989
v 28171.045863628387 188.6454868130386 -5184.730252623558
v 27636.483764648438 -1018.8819281756878 -4947.485908865929
v 26917.20848083496 -2121.5456366539 -4670.943999290466
v 26087.440097332 -3112.1939569711685 -4388.131129741669
v 25206.965816020966 -4003.5172015428543 -4125.444284081459
v 24317.277026176453 -4820.501556992531 -3901.395732164383
v 23441.10128879547 -5592.764765024185 -3726.568928360939
v 22584.126794338226 -6347.780245542526 -3604.214331507683
v 21738.831090927124 -7106.114137172699 -3531.6437765955925
v 20889.2476439476 -7878.994315862656 -3501.981483399868
v 20015.795397758484 -8668.185740709305 -3506.0370191931725
v 19099.465715885162 -9467.735612392426 -3534.0587824583054
v 18124.85728263855 -10266.843569278717 -3577.174501121044
v 17081.77455663681 -11053.063094615936 -3628.353589773178
v 15965.629184246063 -11815.286016464233 -3682.9746186733246
v 14776.664173603058 -12545.682972669601 -3738.8457894325256
v 13518.663251399994 -13240.802347660065 -3795.9765523672104
v 12197.28130698204 -13901.373165845871 -3856.010812520981
v 10818.526041507721 -14531.189954280853 -3921.5420067310333
v 9387.653630971909 -15135.54219007492 -3995.4560816287994
v 7908.4523022174835 -15719.094729423523 -4080.2227199077606
v 6383.175280690193 -16283.92664194107 -4177.343171834946
v 4812.907552719116 -16827.701449394226 -4286.870089173317
v 3198.4206691384315 -17342.245078086853 -4407.036262750626
v 1541.2973329424858 -17812.584626674652 -4533.973813056946
v -154.6853668987751 -18216.316545009613 -4661.446431279182
v -1884.7072064876556 -18585.571908950806 -4802.1575927734375
v -3647.931495308876 -18926.955139636993 -4960.119631886482
v -5436.378678679466 -19179.94281053543 -5116.046252846718
v -7233.480551838875 -19293.661618232727 -5253.298598527908
v -9016.158092021942 -19229.115056991577 -5358.1503093242645
v -10757.253789901733 -18961.017680168152 -5420.111533999443
v -12428.283041715622 -18478.98313999176 -5432.289391756058
v -14002.343046665192 -17788.008403778076 -5391.761934757233
v -15457.036554813385 -16907.789731025696 -5299.816206097603
v -16777.153956890106 -15870.86501121521 -5162.029692530632
v -17956.620049476624 -14719.179248809814 -4987.954863905907
v -18999.427366256714 -13499.706816673279 -4790.509852766991
v -19919.58397626877 -12259.48058962822 -4585.098674893379
v -20739.51323032379 -11040.350168943405 -4388.333186507225
v -21487.598478794098 -9874.694138765335 -4216.784292459488
v -22194.667553901672 -8782.008051872253 -4085.5261474847794
v -22890.15324115753 -7767.355477809906 -4006.910315155983
v -23598.091745376587 -6821.43280506134 -3989.408779144287
v -24333.493769168854 -5922.526356577873 -4036.7476642131805
v -25099.428415298462 -5039.9550050497055 -4147.297915816307
v -25885.149323940277 -4138.791730999947 -4313.797640800476
v -26665.383648872375 -3185.3848576545715 -4523.379558324814
v -27401.406693458557 -2153.096868097782 -4758.111917972565
v -28043.4161901474 -1027.6495717465878 -4995.841827988625
v -28535.077452659607 188.64724468439817 -5211.770308017731
v -28844.63381767273 1476.9557535648346 -5392.954024672508
v -28971.565067768097 2813.7534141540527 -5540.975680947304
v -28911.857068538666 4174.870339035988 -5654.652187228203
v -28670.524787902832 5537.7526730299 -5736.29752099514
v -28260.163247585297 6884.372812509537 -5791.242560744286
v -27698.2564330101 8202.968263626099 -5826.862153410912
v -27004.03618812561 9488.32020163536 -5851.395624876022
v -26195.366311073303 10740.440326929092 -5872.637686133385
v -25286.256670951843 11962.130433321 -5896.7647939920425
v -24285.469961166382 13155.961906909943 -5927.4936228990555
v -23196.50549888611 14321.365028619766 -5965.6873017549515
v -22018.63965988159 15452.69660949707 -6009.460267424583
v -20748.913145065308 16538.456964492798 -6054.702532291412
v -19384.3234539032 17561.919033527374 -6095.898711681366
v -17923.930954933167 18503.00134420395 -6127.108606696129
v -16370.25933265686 19340.83399772644 -6142.883434891701
v -14730.109214782715 20056.476759910583 -6139.032655954361
v -13014.325964450836 20635.458946228027 -6113.149139285088
v -11237.031054496765 21069.47147846222 -6064.815720915794
v -9414.39082622528 21357.32271671295 -5995.623204112053
v -7563.118839263916 21505.023062229156 -5908.96290242672
v -5699.147427082062 21525.160336494446 -5809.746730327606
v -3836.418956518173 21435.893547534943 -5704.090392589569
v -1985.857318341732 21259.58664417267 -5598.993873596191
v -154.68383403494954 21021.420669555664 -5502.10157930851
v 1651.2930534780025 20687.457287311554 -5400.497177243233
v 3421.35970890522 20240.541923046112 -5286.898523569107
v 5149.672728776932 19726.934325695038 -5175.865855813026
v 6836.754018068314 19184.883975982666 -5079.533380270004
v 8487.740498781204 18643.319642543793 -5007.509368658066
v 10110.552436113358 18121.150958538055 -4966.826206445694
v 11713.985824584961 17626.955211162567 -4961.851289868355
v 13305.78002333641 17159.146547317505 -4994.194322824478
v 14890.821295976639 16706.92640542984 -5062.711817026138
v 16469.611859321594 16251.728963851929 -5163.559743762016
v 18037.084543704987 15769.649422168732 -5290.473893284798
v 19582.180678844452 15234.14409160614 -5435.156887769699
v 21087.821292877197 14618.990594148636 -5587.755647301674
v 22531.77024126053 13901.383966207504 -5737.5467628240585
v 23887.856447696686 13064.359539747238 -5873.534566164017
v 25127.853167057037 12098.985415697098 -5985.206255316734
v 26223.51565361023 11005.500102043152 -6063.155615329742
v 27149.01124238968 9793.746328353882 -6099.781441688538
v 27883.291828632355 8482.60942697525 -6089.893710613251
v 28412.356543540955 7098.608785867691 -6031.30489885807
v 28731.248021125793 5673.4947681427 -5925.303399562836
v 28845.42044401169 4241.061705350876 -5776.986533403397
v 28771.198558807373 2833.424697816372 -5595.323100686073
v 28534.96584892273 1476.9234649837017 -5392.80551970005
v 28533.761608600616 188.6454868130386 -4032.333466410637
v 27950.876891613007 -1025.2542540431023 -3831.7396998405457
v 27176.8563747406 -2124.7213929891586 -3598.793675005436
v 26295.003247261047 -3103.4497141838074 -3362.1294006705284
v 25371.671330928802 -3977.253872156143 -3144.420886039734
v 24452.535355091095 -4775.5797028541565 -2961.5340873599052
v 23561.647725105286 -5532.642301917076 -2822.306625545025
v 22703.74799966812 -6279.795119166374 -2729.1838824748993
v 21868.689239025116 -7040.19367992878 -2679.456767439842
v 21036.96058988571 -7826.154446601868 -2666.8232694268227
v 20185.18466949463 -8639.13186788559 -2683.0388873815536
v 19290.914726257324 -9471.829849481583 -2719.4608569145203
v 18335.99535226822 -10311.500364542007 -2768.2782664895058
v 17308.297741413116 -11143.59712600708 -2823.336485028267
v 16202.079701423645 -11955.048996210098 -2880.5723264813423
v 15017.1666264534 -12736.601865291595 -2938.077951967716
v 13757.294541597366 -13483.697080612183 -2995.7768589258194
v 12428.372144699097 -14196.451646089554 -3055.006717145443
v 11036.72484755516 -14878.251475095749 -3117.8733721375465
v 9587.868934869766 -15533.891928195953 -3186.6633504629135
v 8085.802340507507 -16167.37813949585 -3263.279090821743
v 6532.934445142746 -16779.591238498688 -3348.7230017781258
v 4930.57254254818 -17366.51349067688 -3442.748250067234
v 3279.8724964261055 -17917.540740966797 -3543.503923714161
v 1583.1308461725712 -18414.632785320282 -3647.3458006978035
v -154.68539502471685 -18831.722950935364 -3748.6160665750504
v -1927.6822954416275 -19213.53553533554 -3860.5015128850937
v -3736.06019616127 -19577.7525305748 -3989.1063690185547
v -5572.611740231514 -19857.813107967377 -4118.103638291359
v -7420.6274181604385 -19997.35018014908 -4233.352947235107
v -9256.109726428986 -19952.631282806396 -4323.103502392769
v -11050.28920173645 -19694.274032115936 -4378.179946541786
v -12772.588670253754 -19208.885979652405 -4392.348670959473
v -14393.713051080704 -18499.58302974701 -4362.603574991226
v -15888.896214962006 -17585.654628276825 -4289.45272564888
v -17240.84588289261 -16500.63409805298 -4176.991260051727
v -18442.00270175934 -15288.80832195282 -4032.6966285705566
v -19495.8065867424 -14000.764393806458 -3867.0271813869476
v -20416.614818572998 -12687.663626670837 -3692.5900906324387
v -21228.328597545624 -11395.8764731884 -3523.2332199811935
v -21961.745154857635 -10161.955857276917 -3372.9236871004105
v -22650.83522796631 -9008.816546201706 -3254.5589238405228
v -23328.601121902466 -7943.788385391235 -3178.9077907800674
v -24022.688162326813 -6958.461943268776 -3153.6257192492485
v -24751.32735967636 -6030.552023649216 -3182.473710179329
v -25519.947695732117 -5127.4437844753265 -3264.739839732647
v -26318.866646289825 -4211.200055480003 -3394.92267370224
v -27122.269546985626 -3244.5838898420334 -3562.693241238594
v -27888.949418067932 -2197.400851547718 -3753.2104954123497
v -28565.09165763855 -1052.652183920145 -3947.934940457344
v -29088.655388355255 188.64727281033993 -4125.732743740082
v -29423.936414718628 1507.1378141641617 -4275.289851427078
v -29568.781864643097 2877.8501853346825 -4397.307386994362
v -29517.27854013443 4274.547776579857 -4490.196347236633
v -29274.075996875763 5672.455233335495 -4555.565986037254
v -28852.602684497833 7051.660963892937 -4597.742748260498
v -28272.243452072144 8399.31793808937 -4623.011094331741
v -27554.65842485428 9710.067826509476 -4638.530313968658
v -26720.06047964096 10984.60950255394 -4651.145586371422
v -25784.277546405792 12226.881498098373 -4666.307944059372
v -24757.04975128174 13440.56043624878 -4687.300696969032
v -23641.97541475296 14625.66431760788 -4714.862769842148
v -22437.7170920372 15776.307845115662 -4747.285905480385
v -21140.291249752045 16879.77899312973 -4780.8772802352905
v -19745.674753189087 17917.36433506012 -4810.716879367828
v -18252.18094587326 18866.453313827515 -4831.507575511932
v -16662.171506881714 19703.673946857452 -4838.4414076805115
v -14982.899779081345 20407.947528362274 -4827.850303053856
v -13226.264160871506 20963.510930538177 -4797.687143087387
v -11407.884675264359 21361.87686920166 -4747.717919945717
v -9545.62782049179 21602.850937843323 -4679.508236050606
v -7657.886612415314 21694.72061395645 -4596.270748972893
v -5761.994731426239 21653.45423221588 -4502.597412467003
v -3872.8211253881454 21501.757752895355 -4404.243919253349
v -2001.5261679887772 21267.517709732056 -4307.860141992569
v -154.68383403494954 20982.348561286926 -4220.826777815819
v 1662.6789972186089 20598.147296905518 -4129.265362024307
v 3438.3025512099266 20086.354160308838 -4024.3488490581512
v 5165.58481156826 19503.73225212097 -3919.8400497436523
v 6845.798420906067 18897.624957561493 -3827.290400862694
v 8486.029541492462 18304.325091838837 -3755.962112545967
v 10097.03398346901 17748.315274715424 -3712.810392677784
v 11690.902751684189 17241.510105133057 -3702.330441772938
v 13278.766518831253 16783.527970314026 -3726.4964759349823
v 14868.53294968605 16362.47227191925 -3784.6937745809555
v 16462.984037399292 15956.71888589859 -3873.7828075885773
v 18058.29645395279 15537.726056575775 -3988.3327931165695
v 19643.321526050568 15073.089098930359 -4120.916232466698
v 21199.680638313293 14530.461829900742 -4262.663778662682
v 22702.507758140564 13881.001883745193 -4403.7804037332535
v 24122.065889835358 13102.588319778442 -4534.191620349884
v 25425.86214542389 12182.403808832169 -4644.207254052162
v 26581.110227108 11118.434983491898 -4725.120413303375
v 27557.556521892548 9919.984555244446 -4769.813659787178
v 28330.28279542923 8607.127696275711 -4773.33097755909
v 28882.39188194275 7209.080734848976 -4733.398440480232
v 29207.394564151764 5761.465513706207 -4650.879627466202
v 29310.925030708313 4302.609816193581 -4530.089282989502
v 29211.36909723282 2869.179295003414 -4378.885570168495
v 28939.000177383423 1491.3526356220245 -4208.370810747147
v 28813.24976682663 188.6454868130386 -2899.194175004959
v 28189.111268520355 -1030.1733687520027 -2746.117949485779
v 27368.265783786774 -2126.344822347164 -2568.7814116477966
v 26441.585755348206 -3094.1773787140846 -2389.367154240608
v 25481.33820295334 -3952.1569818258286 -2225.455690920353
v 24536.70437335968 -4733.48214328289 -2089.2505303025246
v 23633.000314235687 -5476.308065652847 -1987.4622970819473
v 22774.240159988403 -6215.347111225128 -1921.8143239617348
v 21948.149299621582 -6976.058432459831 -1890.0308847427368
v 21132.291781902313 -7771.838527917862 -1887.0730482041836
v 20300.201320648193 -8604.120695590973 -1906.4438343048096
v 19426.569068431854 -9464.71871137619 -1941.3735538721085
v 18490.867137908936 -10339.460700750351 -1985.7610151171684
v 17479.258465766907 -11212.204623222351 -2034.8079323768616
v 16384.92442369461 -12068.409591913223 -2085.3484496474266
v 15207.072985172272 -12897.507452964783 -2135.8455404639244
v 13949.243968725204 -13694.015222787857 -2186.1851260066032
v 12617.314571142197 -14457.257878780365 -2237.2917622327805
v 11217.684906721115 -15189.95441198349 -2290.6628742814064
v 9755.94956278801 -15896.13425731659 -2347.8980407118797
v 8236.195576190948 -16578.801715373993 -2410.2773293852806
v 6660.950681567192 -17237.450969219208 -2478.366184234619
v 5031.734579801559 -17866.087818145752 -2551.7330408096313
v 3350.153374671936 -18451.70862674713 -2628.7281438708305
v 1619.2761689424515 -18973.22208881378 -2706.297016143799
v -154.6854231506586 -19401.046013832092 -2779.846578836441
v -1964.693559706211 -19791.788697242737 -2860.998471081257
v -3811.8278831243515 -20173.968493938446 -2956.159107387066
v -5689.611157774925 -20475.986206531525 -3052.883096039295
v -7581.312048435211 -20636.967396736145 -3140.3734505176544
v -9462.20492720604 -20608.96565914154 -3209.556967020035
v -11302.239137887955 -20359.1334939003 -3253.2775059342384
v -13069.041496515274 -19871.21275663376 -3266.5052488446236
v -14731.22975230217 -19146.47068977356 -3246.606482565403
v -16261.890304088593 -18203.51811647415 -3193.5807570815086
v -17641.757106781006 -17076.4301776886 -3110.137163102627
v -18861.776757240295 -15811.308217048645 -3001.5912786126137
v -19924.517941474915 -14461.47992014885 -2875.544758141041
v -20844.386541843414 -13081.72562122345 -2741.355215013027
v -21646.17838859558 -11722.269701957703 -2609.3975216150284
v -22362.46017217636 -10423.476713895798 -2490.2670577168465
v -23029.76951599121 -9211.614936590195 -2393.8927307724953
v -23684.150826931 -8096.484798192978 -2328.703097999096
v -24356.523740291595 -7071.041762828827 -2300.8829414844513
v -25068.2621717453 -6113.122588396072 -2313.751347362995
v -25827.414190769196 -5188.994145393372 -2367.2853648662567
v -26625.97132921219 -4258.523640036583 -2457.8211963176727
v -27438.489735126495 -3281.5402522683144 -2577.966894209385
v -28222.622990608215 -2224.698765575886 -2716.7972177267075
v -28921.753799915314 -1068.2153925299644 -2860.3963509202003
v -29469.884753227234 188.64730093628168 -2992.766933143139
v -29826.08608007431 1526.7894096672535 -3104.5538261532784
v -29984.6461892128 2919.9819460511208 -3195.3558415174484
v -29938.271236419678 4340.056020021439 -3263.687254488468
v -29691.351568698883 5760.190171003342 -3310.5923250317574
v -29258.383071422577 7158.846002817154 -3339.349637925625
v -28660.70545911789 8522.3448574543 -3354.859857261181
v -27922.39453792572 9845.43685913086 -3362.7848476171494
v -27065.99246263504 11129.751962423325 -3368.579016625881
v -26109.09662246704 12380.618345737457 -3376.6104355454445
v -25062.402975559235 13603.103178739548 -3389.5218178629875
v -23929.594445228577 14798.149693012238 -3407.925184071064
v -22708.671164512634 15959.993195533752 -3430.4646387696266
v -21394.580364227295 17075.146734714508 -3454.197983443737
v -19982.114470005035 18123.276829719543 -3475.188486278057
v -18468.665194511414 19079.620051383972 -3489.2073556780815
v -16856.102800369263 19918.451738357544 -3492.400887608528
v -15151.793134212494 20616.651916503906 -3481.8410590291023
v -13368.285316228867 21157.004809379578 -3455.8875650167465
v -11522.28930592537 21530.45071363449 -3414.3552243709564
v -9633.006346225739 21737.225437164307 -3358.4923788905144
v -7720.210099220276 21787.06910610199 -3290.8668145537376
v -5802.460086345673 21698.482739925385 -3215.1778802275658
v -3895.492434501648 21497.54021167755 -3136.062306165695
v -2010.8259543776512 21216.54360294342 -3058.958974480629
v -154.68381997197866 20892.358148097992 -2989.970089495182
v 1668.335011601448 20464.42801952362 -2916.8167650699615
v 3444.3955302238464 19894.662141799927 -2831.3285276293755
v 5166.053727269173 19249.234330654144 -2744.8763579130173
v 6835.0925624370575 18583.645844459534 -2667.0467019081116
v 8460.23827791214 17941.121530532837 -2605.632920563221
v 10054.677665233612 17351.266980171204 -2566.5533870458603
v 11633.46282839775 16829.469108581543 -2553.782859444618
v 13210.833144187927 16376.825952529907 -2569.2546024918556
v 14797.560173273087 15980.936896800995 -2612.7843350172043
v 16398.721885681152 15617.871940135956 -2682.120856642723
v 18011.878299713135 15255.18319606781 -2773.09590280056
v 19626.220953464508 14855.5977165699 -2879.9000039696693
v 21222.473001480103 14381.232333183289 -2995.4607233405113
v 22773.82254600525 13797.853499650955 -3111.932048201561
v 24247.6056933403 13078.497213125229 -3221.1799561977386
v 25607.684433460236 12206.501215696335 -3315.321308374405
v 26817.283535003662 11177.375257015228 -3387.2285410761833
v 27842.129850387573 9999.450916051865 -3431.0114070773125
v 28653.636622428894 8693.328982591629 -3442.467440664768
v 29231.94558620453 7290.166699886322 -3419.508346915245
v 29568.69366168976 5828.666713833809 -3362.532614171505
v 29669.05962228775 4350.989136099815 -3274.703398346901
v 29552.620923519135 2897.8452548384666 -3162.042126059532
v 29252.599477767944 1503.0456021428108 -3033.245338499546
v 29026.893520355225 188.6454868130386 -1780.7017490267754
v 28372.139596939087 -1035.5907626450062 -1684.4978652894497
v 27516.036331653595 -2130.9910029172897 -1573.1442242860794
v 26555.243360996246 -3092.2256633639336 -1460.7449732720852
v 25566.35684967041 -3939.6438628435135 -1358.4494605660439
v 24601.20953321457 -4709.126877784729 -1273.9689193665981
v 23686.22089624405 -5441.7275577783585 -1211.5309037268162
v 22825.030660629272 -6174.676099419594 -1172.180911153555
v 22003.994369506836 -6935.269516706467 -1154.437267035246
v 21198.739206790924 -7737.929892539978 -1155.0791010260582
v 20380.665814876556 -8584.357833862305 -1169.9757248163223
v 19522.4546790123 -9466.036355495453 -1194.8350071907043
v 18601.8408536911 -10368.05105805397 -1225.7882811129093
v 17603.640830516815 -11273.334670066833 -1259.7917571663857
v 16520.031547546387 -12166.33197069168 -1294.8141798377037
v 15349.578356742859 -13035.55857539177 -1329.847177863121
v 14095.390862226486 -13874.648571014404 -1364.7577717900276
v 12763.085252046585 -14682.075506448746 -1400.048965960741
v 11358.928436040878 -15459.761846065521 -1436.581076681614
v 9888.432198762894 -16210.782992839813 -1475.2602092921734
v 8355.664676427841 -16936.96150779724 -1516.7781494557858
v 6763.228756189346 -17636.329925060272 -1561.3708175718784
v 5112.876796722412 -18301.155185699463 -1608.6479380726814
v 3406.647366285324 -18916.232180595398 -1657.4387967586517
v 1648.3470298349857 -19457.954919338226 -1705.689974874258
v -154.68545127660036 -19893.81071329117 -1750.3721959888935
v -1994.3569779396057 -20289.97517824173 -1799.5162039995193
v -3872.3490595817566 -20684.031772613525 -1857.9802490770817
v -5782.736375927925 -21000.79197883606 -1917.9626449942589
v -7708.775216341019 -21175.981044769287 -1972.6691767573357
v -9625.23998618126 -21158.669865131378 -2016.369915008545
v -11501.077395677567 -20913.202846050262 -2044.4751560688019
v -13302.564215660095 -20421.168971061707 -2053.7054151296616
v -14996.695441007614 -19682.319831848145 -2042.2466814517975
v -16554.82851266861 -18714.585828781128 -2009.909948706627
v -17956.042230129242 -17552.24550962448 -1958.1890419125557
v -19189.94574546814 -16242.61885881424 -1890.2270913124084
v -20258.245515823364 -14841.084730625153 -1810.6237009167671
v -21175.063014030457 -13405.050647258759 -1725.1039624214172
v -21965.653085708618 -11987.828993797302 -1640.096003562212
v -22663.68945837021 -10632.848024368286 -1562.2129082679749
v -23307.50801563263 -9369.26241517067 -1497.7301366627216
v -23935.41043996811 -8209.16857123375 -1452.0441569387913
v -24580.973255634308 -7147.1100598573685 -1429.2262554168701
v -25268.274068832397 -6161.568510532379 -1431.608747690916
v -26007.882833480835 -5218.466082215309 -1459.4746932387352
v -26793.8143491745 -4276.389238238335 -1510.8485259115696
v -27601.751601696014 -3293.1067645549774 -1581.4005382359028
v -28389.484977722168 -2232.7898114919662 -1664.5583726465702
v -29099.32794570923 -1073.1424950063229 -1751.8084190785885
v -29663.03482055664 188.64731499925256 -1833.240108191967
v -30033.53762626648 1534.4019770622253 -1902.3086458444595
v -30199.965798854828 2936.8174597620964 -1957.9631343483925
v -30154.23526763916 4365.984988212585 -1999.19193983078
v -29901.04959011078 5793.40623319149 -2026.6385838389397
v -29456.13409280777 7196.3390082120895 -2042.4203872680664
v -28842.79775619507 8560.654640197754 -2049.732457101345
v -28087.391662597656 9881.540668010712 -2052.2921428084373
v -27214.596438407898 11161.811935901642 -2053.6961898207664
v -26243.625926971436 12408.433777093887 -2056.840895116329
v -25186.031115055084 13628.138417005539 -2063.4961679577827
v -24045.52912712097 14823.16153049469 -2074.099873006344
v -22819.468474388123 15988.349545001984 -2087.794506549835
v -21501.67135000229 17109.97610092163 -2102.671329677105
v -20085.646736621857 18166.672682762146 -2116.1580562591553
v -18567.607307434082 19132.012605667114 -2125.472918152809
v -16948.593497276306 19978.29474210739 -2128.0668050050735
v -15235.593140125275 20680.435252189636 -2121.9805762171745
v -13441.255259513855 21219.542503356934 -2106.0815438628197
v -11582.81363248825 21585.45515537262 -2080.179126560688
v -9680.293029546738 21778.01660299301 -2045.014949142933
v -7754.4400453567505 21807.334184646606 -2002.1908402442932
v -5824.774983525276 21692.996156215668 -1954.0441781282425
v -3907.8538984060287 21463.000655174255 -1903.5470873117447
v -2015.7169431447983 21152.23284959793 -1854.205522686243
v -154.68381997197866 20800.970888137817 -1810.007405281067
v 1670.5651737749577 20339.705443382263 -1762.5773921608925
v 3444.7276413440704 19724.092030525208 -1706.2829822301865
v 5159.513658285141 19027.663111686707 -1648.6603528261185
v 6816.9425547122955 18312.470364570618 -1596.0965678095818
v 8426.841759681702 17627.174818515778 -1553.8094393908978
v 10004.227375984192 17005.864214897156 -1525.8327901363373
v 11566.42318367958 16466.96037054062 -1514.9319626390934
v 13130.152642726898 16013.192176818848 -1522.5522927939892
v 14708.601194620132 15632.326424121857 -1548.7594828009605
v 16308.931279182434 15299.1694688797 -1592.2643519937992
v 17930.15376329422 14978.667837381363 -1650.4957392811775
v 19562.110006809235 14629.980862140656 -1719.7810716927052
v 21185.310757160187 14211.098736524582 -1795.5969102680683
v 22771.772277355194 13683.429968357086 -1872.8632599115372
v 24286.886608600616 13015.988320112228 -1946.285018324852
v 25691.857051849365 12188.66171836853 -2010.6801494956017
v 26946.86267375946 11194.495630264282 -2061.3336205482483
v 28014.357817173004 10040.41308760643 -2094.287098944187
v 28862.584018707275 8746.827673912048 -2106.6512629389763
v 29468.919920921326 7345.8668649196625 -2096.8818858265877
v 29822.94317483902 5878.225973248482 -2065.026894211769
v 29928.793919086456 4388.845753669739 -2012.9293248057365
v 29806.213414669037 2921.58827483654 -1944.2880764603615
v 29489.89782333374 1513.3405968546867 -1864.56790715456
v 29193.843710422516 188.6454868130386 -664.989684894681
v 28522.190821170807 -1043.5491666197777 -632.1223843842745
v 27645.901679992676 -2143.3940932154655 -594.0666913986206
v 26664.570021629333 -3105.522033572197 -555.6554865092039
v 25657.38409757614 -3951.138147711754 -520.7249231636524
v 24677.748095989227 -4717.448106408119 -491.9202461838722
v 23752.769124507904 -5446.959432959557 -470.6889009103179
v 22886.232709884644 -6178.3351719379425 -457.39804338663816
v 22064.06058073044 -6940.031576156616 -451.54798813164234
v 21261.14009618759 -7747.33070731163 -452.0479829981923
v 20447.970068454742 -8602.466440200806 -457.49617479741573
v 19596.27515077591 -9497.16209769249 -466.4340928196907
v 18682.883167266846 -10416.505980491638 -477.5449085980654
v 17691.760981082916 -11343.215709924698 -489.78661224246025
v 16614.329504966736 -12261.337351799011 -502.45526768267155
v 15448.4898686409 -13158.823102712631 -515.1882190257311
v 14196.82965874672 -14028.659927845001 -527.9170639812946
v 12864.531248807907 -14868.541049957275 -540.7850198447704
v 11457.52763748169 -15679.437601566315 -554.0512390434742
v 9981.162303686142 -16463.50965499878 -567.9951809346676
v 8439.420580863953 -17221.479034423828 -582.819577306509
v 6834.966558218002 -17950.2010345459 -598.5743798315525
v 5169.7551012039185 -18640.6303524971 -615.0961205363274
v 3446.1985155940056 -19276.14883184433 -631.9578476250172
v 1668.6676852405071 -19831.50522708893 -648.4281741082668
v -154.68546533957124 -20272.40478992462 -663.4425330907106
v -2014.9885937571526 -20670.58892250061 -679.8826523125172
v -3914.132508635521 -21069.185268878937 -699.5733428746462
v -5846.405407786369 -21391.122448444366 -719.8552407324314
v -7794.993603229523 -21570.41565179825 -738.4095869958401
v -9734.294837713242 -21554.42031621933 -753.2690282911062
v -11632.631200551987 -21306.011998653412 -762.8496803343296
v -13455.422633886337 -20805.566442012787 -766.0060860216618
v -15168.63989830017 -20051.982009410858 -762.0849922299385
v -16742.55859851837 -19062.845289707184 -750.9850893169641
v -18155.172097682953 -17872.560834884644 -733.1734366714954
v -19395.186817646027 -16529.20285463333 -709.6840564161539
v -20463.608992099762 -15089.321142435074 -682.0472247898579
v -21374.241483211517 -13611.987376213074 -652.1883875131607
v -22152.396738529205 -12152.40940451622 -622.2802735865116
v -22832.266902923584 -10756.071150302887 -594.5738583803177
v -23453.087890148163 -9454.072254896164 -571.2168950587511
v -24054.5006275177 -8260.28488278389 -554.0780149400234
v -24671.759295463562 -7170.6557482481 -544.592259824276
v -25330.869364738464 -6164.564710855484 -543.6198335140944
v -26044.442057609558 -5208.230039477348 -551.3392232358456
v -26808.409237861633 -4259.849384427071 -567.1678282320499
v -27600.185549259186 -3276.183497905731 -589.7299524396658
v -28378.75121831894 -2219.819477200508 -616.8803177773952
v -29086.837327480316 -1066.4919473230839 -645.7931108772755
v -29656.122589111328 188.64730093628168 -673.1621272861958
v -30032.898604869843 1528.8169525563717 -696.4571010321379
v -30200 2925.7900655269623 -714.9936154484749
v -30149.657714366913 4348.241344094276 -728.4478846937418
v -29887.38533258438 5766.501182317734 -737.0667420327663
v -29430.404031276703 7157.191297411919 -741.6208945214748
v -28803.909254074097 8506.25051856041 -743.262155726552
v -28036.22854948044 9809.664261341095 -743.3263953775167
v -27153.846204280853 11071.6892182827 -743.1099381297827
v -26177.308106422424 12301.13758444786 -743.6626128852367
v -25118.860065937042 13506.675750017166 -745.6354226917028
v -23982.21560716629 14692.221546173096 -749.2062360048294
v -22764.077019691467 15853.775238990784 -754.088955745101
v -21457.139658927917 16978.05688381195 -759.618740901351
v -20053.53546142578 18043.38835477829 -764.8861672729254
v -18548.047852516174 19022.334933280945 -768.8967578113079
v -16940.457224845886 19885.654640197754 -770.7260690629482
v -15236.793780326843 20606.409573554993 -769.6474391967058
v -13449.144023656845 21163.834238052368 -765.219347178936
v -11594.553625583649 21545.961833000183 -757.323157787323
v -9693.23456287384 21751.188504695892 -746.167678013444
v -7766.391545534134 21788.559556007385 -732.2622124105692
v -5834.196048974991 21677.076423168182 -716.3762304931879
v -3913.9475524425507 21444.566237926483 -699.5012279599905
v -2018.446284532547 21126.347982883453 -682.8241195529699
v -154.68381997197866 20763.520634174347 -667.7010256797075
v 1671.9287194311619 20282.801938056946 -651.2024607509375
v 3444.871871173382 19638.37856054306 -631.3898723572493
v 5155.111160874367 18908.2111120224 -610.9177306294441
v 6804.56129014492 18158.3114027977 -592.039542272687
v 8403.526479005814 17440.93338251114 -576.6106631606817
v 9967.952561378479 16793.124091625214 -566.0767666995525
v 11516.483211517334 16235.686826705933 -561.4509493112564
v 13067.407941818237 15773.002934455872 -563.2919047027826
v 14635.56734919548 15393.588030338287 -571.6798480600119
v 16229.739427566528 15072.230470180511 -586.2256288528442
v 17850.277888774872 14772.906547784805 -606.0865376144648
v 19488.041126728058 14453.126740455627 -630.0325706601143
v 21123.90170097351 14068.452060222626 -656.5157886594534
v 22729.791271686554 13577.698928117752 -683.7909769266844
v 24270.295453071594 12947.02171087265 -710.0137487053871
v 25705.29270172119 12153.67214679718 -733.3665493875742
v 26993.124222755432 11188.41592669487 -752.1756041795015
v 28094.06088590622 10056.508326530457 -765.0162778794765
v 28973.998749256134 8777.437698841095 -770.8230473101139
v 29608.017778396606 7383.22756588459 -768.9878858625889
v 29983.684957027435 5915.291914343834 -759.4515603035688
v 30103.594172000885 4419.983196258545 -742.7742268890142
v 29986.590254306793 2943.107995390892 -720.163219794631
v 29667.457568645477 1523.771496117115 -693.4542067348957
v 29320.80556154251 188.6454868130386 467.272892780602
v 28648.796260356903 -1054.9281351268291 434.39982645213604
v 27771.229076385498 -2166.0118505358696 396.31572626531124
v 26787.485337257385 -3139.0186801552773 357.84092862159014
v 25776.61108970642 -3994.870162010193 322.8014335036278
v 24792.00692176819 -4770.484632253647 293.8388856127858
v 23860.986948013306 -5508.1686824560165 272.4071430042386
v 22987.716507911682 -6246.555656194687 258.89001227915287
v 22158.633947372437 -7014.305663108826 252.81359944492579
v 21349.17024374008 -7827.139979600906 253.11797838658094
v 20530.29762506485 -8687.91710138321 258.43260008841753
v 19674.037754535675 -9589.064174890518 267.3256291076541
v 18757.286858558655 -10516.320222616196 278.4976188093424
v 17763.851594924927 -11452.884382009506 290.9125782549381
v 16684.785664081573 -12383.002525568008 303.860243037343
v 15517.49517917633 -13294.503545761108 316.96012541651726
v 14264.032208919525 -14179.938793182373 330.1178066059947
v 12929.094910621643 -15036.314767599106 343.4453684836626
v 11518.24187040329 -15863.758373260498 357.1700967848301
v 10036.605060100555 -16663.559353351593 371.5422561392188
v 8488.124811649323 -17435.617804527283 386.74075566232204
v 6875.570517778397 -18176.115798950195 402.7981089428067
v 5201.119351387024 -18875.51121711731 419.5396538823843
v 3467.482203245163 -19516.831290721893 436.53143532574177
v 1679.3723061680794 -20074.567365646362 453.03722862154245
v -154.68546533957124 -20514.232087135315 467.9874323308468
v -2025.4352435469627 -20907.79366493225 484.2721275985241
v -3934.4619393348694 -21299.078166484833 503.7401169538498
v -5875.821542739868 -21611.41562461853 523.7430617213249
v -7832.501459121704 -21779.11103963852 541.9681657105684
v -9778.721225261688 -21749.74845647812 556.4503818750381
v -11682.619774341583 -21486.379837989807 565.6049821525812
v -13509.439742565155 -20969.55553293228 568.2842031121254
v -15224.963784217834 -20198.344910144806 563.8313040137291
v -16799.282097816467 -19190.536165237427 552.1405875682831
v -18210.189139842987 -17980.7426571846 533.6737129837275
v -19446.196925640106 -16617.292404174805 509.45868343114853
v -20508.10468196869 -15157.013309001923 481.01879991590977
v -21409.519064426422 -13659.313660860062 450.27244854718447
v -22175.579714775085 -12179.809921979904 419.38594561070204
v -22840.370774269104 -10764.481031894684 390.6065819784999
v -23443.11555624008 -9445.033252239227 366.0832077264786
v -24023.63499403 -8236.044371128082 347.6930044591427
v -24617.593681812286 -7134.243229031563 336.89025212079287
v -25251.715314388275 -6119.794961810112 334.5673305913806
v -25939.674949645996 -5159.599611163139 340.9490505233407
v -26678.804898262024 -4212.310692667961 355.51361944526434
v -27448.19566011429 -3234.7638860344887 376.957512460649
v -28208.665323257446 -2189.123949408531 403.21499165147543
v -28904.766631126404 -1050.127711892128 431.5402900800109
v -29469.7767496109 188.6472868733108 458.70019011199474
v -29843.768072128296 1511.8183083832264 481.826239451766
v -30003.186810016632 2890.2712762355804 499.8885504901409
v -29941.588747501373 4291.538545489311 512.6240331679583
v -29666.033720970154 5685.311713814735 520.3501731157303
v -29195.481765270233 7048.1472462415695 523.9164300262928
v -28556.879782676697 8366.52804017067 524.5596140623093
v -27780.254578590393 9637.590199708939 523.7039666622877
v -26893.559288978577 10867.26987361908 522.7323841303587
v -25918.446838855743 12066.45382642746 522.7739542722702
v -24867.77685880661 13246.071124076843 524.5454385876656
v -23745.315074920654 14412.247371673584 528.2710008323193
v -22547.234559059143 15562.876498699188 533.6879447102547
v -21265.188431739807 16686.043906211853 540.129291638732
v -19889.843380451202 17760.715889930725 546.6585040092468
v -18414.285373687744 18759.319126605988 552.2312093526125
v -16836.510944366455 19651.661205291748 555.8552369475365
v -15160.885238647461 20409.158968925476 556.723541021347
v -13398.08441400528 21008.825647830963 554.3075788766146
v -11564.109206199646 21436.11135482788 548.4004560858011
v -9678.554171323776 21686.641943454742 539.1260392963886
v -7762.456613779068 21766.661822795868 526.9139241427183
v -5836.253517866135 21692.47953891754 512.4604526907206
v -3917.91173517704 21489.391338825226 496.6892246156931
v -2021.2667539715767 21190.38872718811 480.72229623794556
v -154.68381997197866 20834.457409381866 465.85250459611416
v 1674.9155819416046 20350.626409053802 449.2423640564084
v 3450.080120563507 19697.27293252945 429.108296148479
v 5161.140912771225 18953.36742401123 408.135118894279
v 6809.540256857872 18186.01793050766 388.60719315707684
v 8405.295038223267 17448.715043067932 372.4142447113991
v 9964.287638664246 16779.90084886551 361.04213893413544
v 11505.351638793945 16201.894295215607 355.55113945156336
v 13047.257167100906 15720.637381076813 356.5538292750716
v 14605.605345964432 15326.141571998596 364.1887567937374
v 16190.17950296402 14994.443565607071 378.12592033296824
v 17802.495288848877 14690.392684936523 397.5775122642517
v 19434.615337848663 14371.853119134903 421.35886792093515
v 21068.517446517944 13994.154572486877 447.9526489973068
v 22676.988303661346 13515.295338630676 475.62570683658123
v 24225.09413957596 12900.107640028 502.52502001821995
v 25672.742211818695 12124.161058664322 526.8035016953945
v 26977.80930995941 11176.387923955917 546.739000454545
v 28099.637472629547 10060.256952047348 560.8432039618492
v 29002.819514274597 8793.739944696426 567.9773490875959
v 29660.86754798889 7407.756987214088 567.455106601119
v 30059.62769985199 5943.146947026253 559.139559417963
v 30200 4446.255525946617 543.517230078578
v 30099.227225780487 2963.4351760149 521.7284567654133
v 29790.669894218445 1534.8451294004917 495.54973021149635
v 29335.82706451416 188.6454868130386 1625.8699022233486
v 28683.469021320343 -1063.5725870728493 1530.1504597067833
v 27832.47972726822 -2188.099265098572 1419.9239939451218
v 26877.122938632965 -3179.943050444126 1308.9280024170876
v 25891.897749900818 -4059.0508610010147 1207.9854600131512
v 24927.173447608948 -4860.429593920708 1124.572467058897
v 24008.802497386932 -5624.183017015457 1062.8104865550995
v 23140.757632255554 -6386.918956041336 1023.7807922065258
v 22310.445630550385 -7175.945675373077 1006.1612397432327
v 21494.913923740387 -8006.442183256149 1006.9757670164108
v 20666.956400871277 -8881.504583358765 1022.3698824644089
v 19800.27778148651 -9794.370949268341 1048.3050383627415
v 18872.998332977295 -10731.81443810463 1081.0924611985683
v 17869.632136821747 -11677.982819080353 1117.76362657547
v 16781.421899795532 -12617.71148443222 1156.2435150146484
v 15605.572128295898 -13538.90762925148 1195.3683875501156
v 14343.689376115799 -14433.58348608017 1234.7598940134048
v 13000.021785497665 -15297.770822048187 1274.6220037341118
v 11579.84443306923 -16130.435502529144 1315.500247478485
v 10088.197487592697 -16931.56852722168 1358.0065332353115
v 8529.241788387299 -17700.125861167908 1402.5873884558678
v 6906.191793084145 -18431.76395893097 1449.2955774068832
v 5221.819144487381 -19117.007303237915 1497.6229205727577
v 3479.454404115677 -19739.56174850464 1546.3355891406536
v 1684.3410350382328 -20275.256085395813 1593.3538384735584
v -154.68546533957124 -20691.43362045288 1635.6396168470383
v -2028.0970826745033 -21056.09703063965 1681.4088493585587
v -3936.585560441017 -21410.438895225525 1735.8824983239174
v -5873.652920126915 -21681.650376319885 1791.4706096053123
v -7822.249215841293 -21807.334184646606 1841.5284857153893
v -9757.0061981678 -21738.003063201904 1880.42531311512
v -11646.831876039505 -21439.104855060577 1903.6316901445389
v -13458.000320196152 -20893.051171302795 1907.8982830047607
v -15157.501125335693 -20100.18582344055 1891.4119809865952
v -16716.63773059845 -19078.83162498474 1853.9604894816875
v -18114.3323302269 -17863.483130931854 1796.9848692417145
v -19339.901566505432 -16501.57012939453 1723.54916036129
v -20394.607281684875 -15048.526376485825 1638.1487883627415
v -21291.982328891754 -13561.897999048233 1546.388803422451
v -22056.62273168564 -12095.340293645859 1454.5761667191982
v -22721.60999774933 -10692.962837219238 1369.2212462425232
v -23324.914598464966 -9385.041743516922 1296.5420126914978
v -23904.91921901703 -8185.220569372177 1241.9470846652985
v -24495.970809459686 -7089.970296621323 1209.619914740324
v -25123.77783060074 -6079.839923977852 1202.1195136010647
v -25801.513123512268 -5122.674524784088 1220.0841151177883
v -26526.74480676651 -4178.429958224297 1262.0135940611362
v -27279.508411884308 -3205.290824174881 1324.1530247032642
v -28022.36988544464 -2166.5363430976868 1400.5614206194878
v -28702.398455142975 -1037.4671004712582 1483.360705524683
v -29255.53537607193 188.64725874736905 1563.2198169827461
v -29617.271888256073 1496.9886243343353 1630.7459279894829
v -29758.763825893402 2857.1935936808586 1681.959780305624
v -29675.453436374664 4235.509419441223 1716.3218058645725
v -29376.470625400543 5600.994190573692 1735.058070719242
v -28882.65289068222 6930.14609515667 1740.9676685929298
v -28222.7795958519 8209.96419787407 1738.013319671154
v -27428.600203990936 9438.679039478302 1730.7271257042885
v -26529.6933054924 10623.913425207138 1723.5301472246647
v -25549.137473106384 11778.811395168304 1720.0902320444584
v -24500.95157623291 12917.082208395004 1722.843424230814
v -23389.588963985443 14047.96017408371 1732.723842561245
v -22211.34331226349 15172.540628910065 1749.164355546236
v -20957.288122177124 16281.820571422577 1770.3079760074615
v -19616.806638240814 17357.055974006653 1793.3971241116524
v -18181.08216524124 18372.00735807419 1815.2416430413723
v -16645.785558223724 19296.65331840515 1832.7030152082443
v -15012.726777791977 20101.30546092987 1843.0983632802963
v -13290.086197853088 20760.61533689499 1844.4954350590706
v -11491.697281599045 21256.69574737549 1835.881246626377
v -9635.479629039764 21580.985605716705 1817.1960584819317
v -7741.449910402298 21735.058164596558 1789.2894990742207
v -5829.748550057411 21730.24480342865 1753.8091860711575
v -3918.8068151474 21586.853802204132 1713.0945228040218
v -2023.669159412384 21332.802295684814 1670.0658820569515
v -154.68381997197866 21002.210426330566 1628.1536161899567
v 1678.954804688692 20530.204021930695 1579.5571640133858
v 3458.7942123413086 19883.161556720734 1519.8254264891148
v 5174.329054355621 19138.613426685333 1456.8701185286045
v 6826.032409071922 18363.04485797882 1397.4708296358585
v 8422.928428649902 17609.964442253113 1347.2704112529755
v 9980.058866739273 16918.660295009613 1310.774639248848
v 11515.680384635925 16312.911212444305 1291.2682861089706
v 13048.363304138184 15800.65906047821 1290.7533563673496
v 14593.978756666183 15374.302184581757 1309.8627962172031
v 16163.014793395996 15012.256962060928 1347.847780585289
v 17758.13100337982 14681.614691019058 1402.6031389832497
v 19372.758066654205 14341.922616958618 1470.8047226071358
v 20990.47043323517 13949.716484546661 1548.1202363967896
v 22585.4372382164 13463.2159948349 1629.4786855578423
v 24123.96855354309 12846.892458200455 1709.4046242535114
v 25566.76366329193 12075.253421068192 1782.3571294546127
v 26872.113370895386 11135.790264606476 1843.1165888905525
v 27999.32551383972 10030.308449268341 1887.1133245527744
v 28912.60049343109 8775.117421150208 1910.797955095768
v 29584.753799438477 7399.632415175438 1911.961469054222
v 30000.69912672043 5943.427756428719 1890.032009780407
v 30160.225868225098 4451.9131153821945 1846.3068582117558
v 30079.250156879425 2970.864474773407 1784.0344481170177
v 29789.490854740143 1540.2671359479427 1708.329200744629
v 29216.090655326843 188.6454868130386 2803.236562013626
v 28600.47184228897 -1067.1455942094326 2652.6752457022667
v 27799.824833869934 -2204.2284801602364 2481.486363708973
v 26898.88026714325 -3218.7971264123917 2310.304906964302
v 25964.3141746521 -4129.310813546181 2155.313417315483
v 25041.0506606102 -4967.5862818956375 2027.6387423276901
v 24151.945090293884 -5769.8285937309265 1933.3509102463722
v 23300.424778461456 -6569.067054986954 1874.0061856806278
v 22475.19974708557 -7389.985892176628 1847.5891761481762
v 21655.77630996704 -8246.43161892891 1849.6314570307732
v 20817.868053913116 -9141.41708612442 1874.35607239604
v 19937.913990020752 -10069.03584599495 1915.6909689307213
v 18996.23225927353 -11017.417401075363 1968.0587723851204
v 17978.717589378357 -11972.019064426422 2026.9027426838875
v 16877.267909049988 -12918.611359596252 2088.9690458774567
v 15689.082324504852 -13845.263487100601 2152.305291593075
v 14415.43527841568 -14743.44586133957 2216.1176532506943
v 13060.158199071884 -15608.016610145569 2280.478358268738
v 11628.231853246689 -16436.319744586945 2345.972876250744
v 10124.734210968018 -17226.76581144333 2413.3306816220284
v 8554.235625267029 -17977.126336097717 2483.0944925546646
v 6920.674628019333 -18682.533955574036 2555.2710592746735
v 5227.727842330933 -19333.85156393051 2629.0667802095413
v 3479.661411046982 -19916.226863861084 2702.653469145298
v 1682.4625596404076 -20407.963728904724 2772.945372760296
v -154.68546533957124 -20779.962384700775 2835.4297399520874
v -2022.0221042633057 -21093.520283699036 2902.5087609887123
v -3918.9449697732925 -21385.281252861023 2981.9449707865715
v -5838.260585069656 -21589.19928073883 3062.1363058686256
v -7763.181138038635 -21648.87487888336 3132.923001050949
v -9669.374763965607 -21519.826757907867 3185.6982931494713
v -11527.460879087448 -21171.767103672028 3213.626678287983
v -13305.86822628975 -20590.189230442047 3211.875669658184
v -14974.000281095505 -19777.31981277466 3177.8867065906525
v -16505.566263198853 -18752.048683166504 3111.6143375635147
v -17881.63673877716 -17548.098170757294 3015.599347651005
v -19093.0881023407 -16210.745191574097 2894.86683011055
v -20141.940021514893 -14792.24009513855 2756.622876226902
v -21041.629946231842 -13346.329081058502 2609.758883714676
v -21815.65946340561 -11922.566908597946 2464.1621336340904
v -22495.257818698883 -10561.30912899971 2329.9928411841393
v -23115.880799293518 -9289.682650566101 2216.869178414345
v -23713.144397735596 -8119.2564606666565 2133.1146240234375
v -24318.57486963272 -7045.5317586660385 2085.077990591526
v -24955.48119544983 -6049.331152439117 2076.5623554587364
v -25635.32975912094 -5099.834460020065 2108.360195159912
v -26354.992055892944 -4159.128811955452 2177.931849658489
v -27095.04543542862 -3187.947018444538 2279.251842200756
v -27819.839704036713 -2152.008281648159 2402.899107336998
v -28479.412388801575 -1028.4586988389492 2536.4662796258926
v -29013.643276691437 188.64724468439817 2665.3260692954063
v -29355.77893257141 1484.5192693173885 2773.0731770396233
v -29473.286867141724 2827.696231007576 2851.967343688011
v -29363.62899541855 4183.458876609802 2901.552028954029
v -29037.72988319397 5520.444193482399 2924.2537140846252
v -28517.944478988647 6815.155094861984 2925.0630661845207
v -27834.353590011597 8054.9502074718475 2910.874316096306
v -27019.946920871735 9238.78144621849 2889.535051584244
v -26105.57930469513 10375.477206707 2868.7587559223175
v -25115.729761123657 11480.031991004944 2855.088423192501
v -24065.81040620804 12568.721044063568 2853.0887812376022
v -22961.522030830383 13654.063785076141 2864.878726005554
v -21799.943137168884 14740.918576717377 2890.060444176197
v -20572.273230552673 15824.194848537445 2926.0139480233192
v -19267.170131206512 16888.676691055298 2968.4604942798615
v -17874.242091178894 17910.82651615143 3012.205559015274
v -16386.80008649826 18862.014365196228 3051.895087957382
v -14803.805482387543 19712.38443851471 3082.6997444033623
v -13130.388450622559 20434.782826900482 3100.830401480198
v -11377.479857206345 21007.952618598938 3103.85495275259
v -9560.548520088196 21418.648970127106 3090.8063158392906
v -7697.873151302338 21662.789344787598 3062.1603816747665
v -5808.73509645462 21745.473313331604 3019.6965098381042
v -3911.6565257310867 21680.33093214035 2966.3098722696304
v -2022.8040054440498 21488.521909713745 2905.8559730648994
v -154.68381997197866 21197.317159175873 2842.9866179823875
v 1680.9319458901882 20750.462996959686 2766.369527578354
v 3464.7067353129387 20124.344432353973 2670.4906672239304
v 5185.245969891548 19392.960143089294 2567.970484495163
v 6841.716334223747 18620.498478412628 2469.7186946868896
v 8441.682356595993 17859.535598754883 2384.947556257248
v 9998.729991912842 17149.39922094345 2321.097393333912
v 11529.926961660385 16515.147984027863 2283.7560430169106
v 13053.058761358261 15966.83702468872 2276.503825187683
v 14583.742713928223 15499.620580673218 2300.756937265396
v 16132.77918100357 15094.957131147385 2355.7022020220757
v 17703.72598171234 14723.051178455353 2438.328343629837
v 19291.36654138565 14346.192359924316 2543.5888931155205
v 20880.89896440506 13923.006290197372 2664.6980732679367
v 22448.269045352936 13413.109517097473 2793.579463660717
v 23961.42851114273 12781.469267606735 2921.3601171970367
v 25382.57429599762 12002.416682243347 3038.9760553836823
v 26671.133041381836 11062.596213817596 3137.7849638462067
v 27787.327015399933 9962.60998249054 3210.1867631077766
v 28695.948839187622 8717.259883880615 3250.224828720093
v 29370.123612880707 7354.305997490883 3254.153010249138
v 29794.793832302094 5911.598640680313 3220.927047729492
v 29969.3168759346 4432.812675833702 3152.5623336434364
v 29908.7646484375 2962.1177569031715 3054.2635172605515
v 29643.394362926483 1538.169278204441 2934.249898791313
v 28957.087182998657 188.6454868130386 3988.867861032486
v 28390.579414367676 -1064.77390229702 3794.835314154625
v 27656.4284324646 -2211.2698659300804 3578.1744346022606
v 26827.38367319107 -3248.5307469964027 3363.8005316257477
v 25960.130834579468 -4193.097749352455 3171.033652126789
v 25092.676389217377 -5072.715651988983 3013.078363239765
v 24244.14417743683 -5918.670177459717 2897.0399528741837
v 23417.216289043427 -6759.412178397179 2824.6372535824776
v 22602.143597602844 -7616.219717264175 2793.347480893135
v 21781.43311738968 -8501.094245910645 2797.73940294981
v 20934.373354911804 -9416.730004549026 2830.8123603463173
v 20040.823435783386 -10358.08322429657 2885.1924061775208
v 19083.891594409943 -11314.818859100342 2954.0613621473312
v 18051.335620880127 -12273.961174488068 3031.7443132400513
v 16935.96247434616 -13222.34992980957 3114.042168855667
v 15735.212469100952 -14148.464739322662 3198.284764587879
v 14450.064837932587 -15043.172997236252 3283.1027045845985
v 13083.981996774673 -15900.096189975739 3368.1933537125587
v 11641.695404052734 -16714.86107110977 3453.873747587204
v 10128.376632928848 -17484.129428863525 3540.7025799155235
v 8549.088352918625 -18204.299342632294 3629.091389477253
v 6908.626824617386 -18869.913029670715 3718.895946443081
v 5211.779308319092 -19472.42740392685 3809.1300427913666
v 3463.9142587780952 -19998.74702692032 3897.5994050502777
v 1671.9076812267303 -20430.44468164444 3980.6847870349884
v -154.68545127660036 -20743.055748939514 4053.073310852051
v -2005.907964706421 -20989.76480960846 4129.917433857918
v -3879.677104949951 -21201.81370973587 4220.503666996956
v -5768.135637044907 -21322.05593585968 4310.539081692696
v -7655.079418420792 -21301.816058158875 4387.477707862854
v -9517.825889587402 -21103.31801176071 4440.781542658806
v -11329.437148571014 -20701.48515701294 4462.140157818794
v -13061.391240358353 -20085.652136802673 4445.873463153839
v -14686.39925122261 -19260.146296024323 4389.216116070747
v -16181.380808353424 -18244.064474105835 4292.600131034851
v -17530.15697002411 -17069.49634552002 4159.7282320261
v -18725.490593910217 -15778.347313404083 3997.378545999527
v -19770.29057741165 -14418.329775333405 3815.0585412979126
v -20677.533555030823 -13037.69074678421 3624.2474272847176
v -21469.131660461426 -11680.463302135468 3437.61830329895
v -22173.648250102997 -10381.892621517181 3268.060275912285
v -22823.045194149017 -9164.94027376175 3127.6447743177414
v -23449.100756645203 -8038.42745423317 3026.716969907284
v -24079.539465904236 -6996.678572893143 2973.0254471302032
v -24734.343791007996 -6020.946002006531 2971.023780107498
v -25422.5572347641 -5082.238420844078 3021.2843880057335
v -26139.884853363037 -4145.550507307053 3120.127272605896
v -26867.303609848022 -3175.101788341999 3259.452612698078
v -27571.195578575134 -2140.0554314255714 3426.873068511486
v -28205.301010608673 -1020.3147761523724 3606.2961012125015
v -28714.269852638245 188.6472306214273 3778.8134276866913
v -29031.99669122696 1471.910859644413 3921.397551894188
v -29124.138176441193 2797.605523467064 4022.3174810409546
v -28989.709675312042 4130.777862668037 4081.386458873749
v -28640.77159166336 5440.162855386734 4102.339160442352
v -28100.294494628906 6702.461871504784 4092.332625389099
v -27398.65620136261 7905.206793546677 4061.0930293798447
v -26569.087624549866 9047.53314256668 4019.6776926517487
v -25642.931413650513 10138.669377565384 3979.061132669449
v -24645.584619045258 11194.543331861496 3948.7773686647415
v -23593.74279975891 12233.14300775528 3935.804334282875
v -22494.584596157074 13269.659113883972 3943.890205025673
v -21346.560156345367 14312.50153183937 3973.374742269516
v -20141.731214523315 15360.69552898407 4021.473252773285
v -18868.865394592285 16403.249037265778 4082.948461174965
v -17516.67091846466 17420.25249004364 4150.9961396455765
v -16076.682102680206 18385.695016384125 4218.277442455292
v -14545.252925157547 19270.694649219513 4277.772134542465
v -12924.475955963135 20047.319853305817 4323.558017611504
v -11222.140055894852 20691.674828529358 4351.275345683098
v -9450.875347852707 21186.2557888031 4358.36578309536
v -7626.732969284058 21521.38020992279 4344.116055965424
v -5767.6118195056915 21695.519840717316 4309.5004469156265
v -3891.690707206726 21715.136897563934 4257.014289498329
v -2015.8942490816116 21593.76963376999 4190.407109260559
v -154.68381997197866 21351.01170539856 4114.4954174757
v 1677.7629397809505 20940.650165081024 4016.1473244428635
v 3461.5852057933807 20349.6417760849 3890.5152678489685
v 5184.649699926376 19646.50763273239 3754.04302328825
v 6844.731885194778 18891.691958904266 3621.1585238575935
v 8447.621655464172 18135.456037521362 3504.1793569922447
v 10005.067104101181 17416.48496389389 3413.2747381925583
v 11532.415544986725 16760.366594791412 3356.232178211212
v 13046.093428134918 16178.90932559967 3338.269826769829
v 14560.891848802567 15669.947683811188 3361.785589158535
v 16087.392461299896 15218.213558197021 3426.2054711580276
v 17629.624700546265 14797.474670410156 3528.0060797929764
v 19183.366525173187 14373.366969823837 3660.8149766921997
v 20735.373091697693 13907.585173845291 3815.86856842041
v 22263.397455215454 13362.053507566452 3982.4884474277496
v 23737.37860918045 12703.314250707626 4148.808166384697
v 25121.572756767273 11906.534671783447 4302.611616253853
v 26377.361404895782 10958.41772556305 4432.172304391861
v 27466.770482063293 9858.956211805344 4527.145284414291
v 28356.22706413269 8621.802687644958 4579.445135593414
v 29020.200896263123 7273.047676682472 4584.019538760185
v 29444.548904895782 5848.452526330948 4539.520248770714
v 29628.941679000854 4389.273717999458 4448.745909333229
v 29587.966907024384 2937.1437206864357 4318.783357739449
v 29350.438153743744 1528.3319488167763 4160.693514347076
v 28559.957885742188 188.6454868130386 5172.60864675045
v 28049.84780550003 -1056.0343846678734 4947.863921523094
v 27390.870940685272 -2207.0282489061356 4702.60705947876
v 26642.52828359604 -3263.4647220373154 4463.161692023277
v 25851.016581058502 -4239.75171148777 4249.861750006676
v 25046.836054325104 -5159.141945838928 4076.3507902622223
v 24245.213413238525 -6047.5796937942505 3949.870905280113
v 23448.020720481873 -6928.52019071579 3871.993997693062
v 22647.14870452881 -7819.474422931671 3839.871472120285
v 21828.2940864563 -8730.331921577454 3847.6297318935394
v 20974.56510066986 -9663.310360908508 3887.7571254968643
v 20069.503796100616 -10614.143598079681 3952.309086918831
v 19099.255108833313 -11574.016737937927 4033.8734179735184
v 18053.654098510742 -12531.56149983406 4126.139557361603
v 16926.6885638237 -13474.891185760498 4224.282893538475
v 15716.094028949738 -14392.846322059631 4324.934613704681
v 14422.757023572922 -15275.977492332458 4426.10610127449
v 13049.798852205276 -16116.690242290497 4526.862674951553
v 11601.742166280746 -16908.932769298553 4626.959076523781
v 10083.894443511963 -17647.691905498505 4726.511409878731
v 8501.823270320892 -18327.970683574677 4825.55972635746
v 6861.233487725258 -18943.805503845215 4923.727363348007
v 5168.034693598747 -19487.193298339844 5019.851931929588
v 3428.7680819630623 -19947.090697288513 5111.659055948257
v 1651.2244261801243 -20308.645403385162 5195.4698622226715
v -154.68543721362948 -20552.58777141571 5265.903520584106
v -1978.8703843951225 -20723.68530035019 5339.466133713722
v -3817.785182595253 -20847.707653045654 5425.986930727959
v -5663.070169091225 -20877.599453926086 5509.977293014526
v -7499.4556576013565 -20773.5271692276 5577.838215231895
v -9306.365609169006 -20505.066180229187 5618.198716640472
v -11059.897923469543 -20053.00804376602 5622.282603383064
v -12735.142916440964 -19410.56833267212 5584.2900812625885
v -14308.657503128052 -18583.989655971527 5501.781618595123
v -15760.969531536102 -17591.965639591217 5375.896653532982
v -17078.88365983963 -16464.146876335144 5211.454847455025
v -18257.15091228485 -15238.149225711823 5016.674375534058
v -19299.261605739594 -13955.839389562607 4802.6724100112915
v -20217.4777507782 -12659.109270572662 4582.740145921707
v -21031.51180744171 -11385.439723730087 4371.291565895081
v -21766.58982038498 -10164.26533460617 4182.868006825447
v -22450.524520874023 -9013.969218730927 4030.922219157219
v -23110.59762239456 -7940.486174821854 3926.846784353256
v -23770.145106315613 -6937.092977762222 3878.9674311876297
v -24445.367515087128 -5985.802975296974 3891.765859723091
v -25142.613661289215 -5060.000476241112 3965.2587205171585
v -25856.362760066986 -4128.234377503395 4094.5962011814117
v -26568.111991882324 -3158.877395093441 4269.896420836449
v -27246.75271511078 -2125.1864835619926 4476.502838730812
v -27850.1167178154 -1010.2762900292873 4695.536422729492
v -28328.624939918518 188.64721655845642 4905.146691203117
v -28619.485878944397 1456.7200385034084 5076.862990856171
v -28688.417387008667 2762.6539781689644 5195.301556587219
v -28535.35466194153 4072.2687035799026 5260.554641485214
v -28172.439110279083 5355.058255791664 5277.42480635643
v -27622.117483615875 6588.210245966911 5254.8858016729355
v -26913.81356716156 7759.278607368469 5205.024582147598
v -26079.78264093399 8867.005997896194 5141.618809103966
v -25150.805735588074 9920.081758499146 5078.5050958395
v -24152.391505241394 10934.171813726425 5027.979204058647
v -23102.11933851242 11927.742981910706 4999.457249045372
v -22008.66552591324 12917.555624246597 4998.612120747566
v -20872.190272808075 13914.717012643814 5027.012121677399
v -19686.324965953827 14921.972239017487 5082.371175289154
v -18440.771460533142 15932.549476623535 5159.1774970293045
v -17124.345982074738 16930.808901786804 5249.707478284836
v -15727.607214450836 17894.18135881424 5345.10752260685
v -14245.046073198318 18796.013355255127 5436.47723197937
v -12676.178342103958 19608.88637304306 5515.7991379499435
v -11025.85968375206 20307.529366016388 5576.559272408485
v -9303.84372472763 20871.279442310333 5614.164781570435
v -7523.696169257164 21285.682117938995 5626.050129532814
v -5701.560407876968 21543.234741687775 5611.61724627018
v -3854.77597117424 21643.480098247528 5572.040671110153
v -2000.520834326744 21592.538392543793 5510.010594129562
v -154.68383403494954 21402.38002538681 5429.512798786163
v 1666.699544340372 21037.286400794983 5317.369043827057
v 3443.7889099121094 20494.183015823364 5170.921090245247
v 5164.0345096588135 19834.48612689972 5009.278377890587
v 6823.910588026047 19113.425183296204 4849.487927556038
v 8427.3601770401 18377.850353717804 4706.3579350709915
v 9984.012699127197 17664.5764708519 4592.292165756226
v 11507.11749792099 16998.930382728577 4517.0181453228
v 13011.231660842896 16393.7429189682 4487.256398797035
v 14509.743136167526 15849.091482162476 4506.41174018383
v 16012.412750720978 15352.755463123322 4574.297413229942
v 17523.106133937836 14882.086503505707 4687.112590670586
v 19038.234865665436 14406.657284498215 4837.59987950325
v 20545.71694135666 13891.748243570328 5015.398132801056
v 22025.12707710266 13302.627217769623 5207.7912747859955
v 23448.607540130615 12608.456474542618 5400.463876128197
v 24782.932817935944 11786.279845237732 5578.630241751671
v 25992.135906219482 10823.782217502594 5728.046494722366
v 27040.95722436905 9721.108496189117 5836.210316419601
v 27898.38353395462 8491.146212816238 5893.423882126808
v 28541.147255897522 7158.388787508011 5893.790194392204
v 28956.784772872925 5756.2201380729675 5835.985308885574
v 29145.80190181732 4322.920796275139 5723.752900958061
v 29122.573924064636 2896.8376711010933 5566.0154193639755
v 28914.576959609985 1511.042257398367 5376.454672217369
v 28029.88873720169 188.6454868130386 6346.44955098629
v 27578.838634490967 -1040.8877775073051 6103.431963920593
v 26996.84854745865 -2190.185084939003 5845.196217298508
v 26330.75784444809 -3259.634193778038 5597.219464182854
v 25616.346323490143 -4261.352434754372 5378.807350993156
v 24877.11557149887 -5214.1594380140305 5202.810508012772
v 24124.499571323395 -6138.69064450264 5075.805905461311
v 23359.68816280365 -7053.492525219917 4998.999133706093
v 22576.170527935028 -7972.317540645599 4969.365191459656
v 21762.70889043808 -8902.872198820114 4981.021931767464
v 20906.107008457184 -9846.755403280258 5026.522055268288
v 19993.53405237198 -10800.351732969284 5097.987148165703
v 19014.094257354736 -11756.166636943817 5187.944710254669
v 17959.78455543518 -12704.387086629868 5289.896523952484
v 16825.816786289215 -13634.312623739243 5398.63141477108
v 15610.41249036789 -14535.335493087769 5510.220301151276
v 14314.470797777176 -15397.789371013641 5621.990543603897
v 12940.909606218338 -16213.155472278595 5732.244235277176
v 11494.12466287613 -16973.98874759674 5839.96434211731
v 9979.55754995346 -17673.796379566193 5944.5892453193665
v 8403.262770175934 -18306.41496181488 6045.619428157806
v 6771.779042482376 -18865.465080738068 6142.34476685524
v 5092.065399885178 -19343.573689460754 6233.486768603325
v 3371.7428475618362 -19731.789088249207 6316.923162341118
v 1619.4283865392208 -20018.790698051453 6389.323836565018
v -154.68540908768773 -20190.712654590607 6445.98343372345
v -1940.4874742031097 -20284.270787239075 6503.530460596085
v -3733.161199092865 -20320.322394371033 6571.615940332413
v -5524.095165729523 -20262.149846553802 6634.983912110329
v -7299.266004562378 -20079.060316085815 6680.296379327774
v -9040.542608499527 -19748.117434978485 6696.460020542145
v -10727.383589744568 -19255.811750888824 6675.119855999947
v -12338.764244318008 -18598.985958099365 6611.033210158348
v -13855.262821912766 -17785.229110717773 6502.479675412178
v -15261.080193519592 -16832.257401943207 6351.422217488289
v -16545.932614803314 -15766.510117053986 6163.603928685188
v -17706.301867961884 -14620.530545711517 5948.171815276146
v -18745.993280410767 -13429.790675640106 5717.140829563141
v -19676.075422763824 -12229.199075698853 5484.6292942762375
v -20513.66866827011 -11049.434173107147 5265.761765837669
v -21280.202734470367 -9913.933652639389 5075.593048334122
v -21999.01180267334 -8836.628180742264 4927.943554520607
v -22692.53362417221 -7820.742565393448 4834.277418255806
v -23379.551827907562 -6858.875408768654 4802.753412723541
v -24072.441828250885 -5934.261399507523 4837.38252222538
v -24774.949550628662 -5023.139292001724 4937.408721446991
v -25480.513775348663 -4098.051416873932 5096.887311339378
v -26171.54071331024 -3131.9372430443764 5304.630017280579
v -26819.695615768433 -2102.381744980812 5544.41784620285
v -27387.63803243637 -995.8962835371494 5795.8003133535385
v -27831.7813038826 188.64718843251467 6035.189878940582
v -28095.171523094177 1436.7824584245682 6230.623772740364
v -28145.29060125351 2718.901713192463 6363.9312863349915
v -27982.088136672974 4002.627521753311 6435.151571035385
v -27616.85950756073 5258.950787782669 6449.714058637619
v -27070.28740644455 6465.863299369812 6417.702236771584
v -26369.603145122528 7610.8564376831055 6352.759212255478
v -25544.873130321503 8691.772830486298 6270.544609427452
v -24625.218737125397 9715.89282155037 6187.0114624500275
v -23635.360193252563 10697.43058681488 6116.643506288528
v -22593.19189786911 11654.01411652565 6071.029078960419
v -21508.59078168869 12602.548676729202 6057.748234272003
v -20383.63231420517 13555.70039153099 6079.966378211975
v -19213.971149921417 14519.017046689987 6136.451369524002
v -17991.051602363586 15489.565443992615 6222.176539897919
v -16704.705131053925 16455.969202518463 6329.272475838661
v -15345.55162191391 17399.721002578735 6448.124605417252
v -13907.145059108734 18297.371459007263 6568.546387553215
v -12387.193965911865 19123.3381152153 6680.812546610832
v -10788.167124986649 19852.468729019165 6776.414197683334
v -9117.20267534256 20462.464153766632 6848.621365427971
v -7385.390338301659 20935.536193847656 6892.70484149456
v -5606.875887513161 21259.462440013885 6905.986136198044
v -3797.7316111326218 21427.967882156372 6887.680873274803
v -1974.8044982552528 21440.733909606934 6838.725534081459
v -154.68383403494954 21302.86009311676 6761.489447951317
v 1645.5399483442307 20988.947582244873 6644.370326399803
v 3406.6907927393913 20504.229152202606 6487.927088141441
v 5116.240659356117 19901.871383190155 6312.603467702866
v 6769.5987194776535 19230.618107318878 6136.966186761856
v 8368.932020664215 18532.743740081787 5977.4691462516785
v 9921.646010875702 17842.120015621185 5848.094314336777
v 11438.621604442596 17182.7561378479 5760.000264644623
v 12932.136112451553 16567.630541324615 5721.06586098671
v 14413.630717992783 15998.305678367615 5735.49964427948
v 15891.443300247192 15465.181827545166 5803.4640699625015
v 17368.727564811707 14949.11624789238 5921.031406521797
v 18841.95809364319 14423.693054914474 6080.311989784241
v 20299.934911727905 13858.42102766037 6269.835385680199
v 21723.868989944458 13222.58573770523 6475.381568074226
v 23088.27327489853 12488.957673311234 6680.91244995594
v 24362.759149074554 11637.351858615875 6869.7824239730835
v 25514.651918411255 10657.372045516968 7026.076707243919
v 26512.092316150665 9549.93896484375 7135.897034406662
v 27327.406215667725 8327.58373618126 7188.679301738739
v 27940.252935886383 7013.268378376961 7178.267753124237
v 28340.40813446045 5637.813073396683 7103.8010597229
v 28529.5512676239 4236.11603975296 6970.163685083389
v 28521.95681333542 2842.7105337381363 6788.053837418556
v 28343.572640419006 1486.9083993136883 6573.407000303268
v 27374.387788772583 188.6454868130386 7505.31305372715
v 26981.143021583557 -1019.5450253784657 7254.767614603043
v 26472.8600025177 -2160.2467074990273 6996.320360898972
v 25884.796512126923 -3234.723834693432 6752.742055058479
v 25243.660044670105 -4252.887651324272 6541.095918416977
v 24566.657376289368 -5229.394248127937 6372.434321045876
v 23862.003982067108 -6180.040729045868 6252.210995554924
v 23130.27228116989 -7118.819862604141 6181.049212813377
v 22366.440105438232 -8056.014943122864 6155.889770388603
v 21562.032771110535 -8997.23315834999 6171.1367309093475
v 20707.19314813614 -9943.38173866272 6219.818460941315
v 19792.332315444946 -10891.249376535416 6294.529962539673
v 18809.321200847626 -11834.435057640076 6388.139846920967
v 17752.196204662323 -12764.471298456192 6494.293451309204
v 16617.41840839386 -13671.746677160263 6607.612195611
v 15403.835773468018 -14546.309560537338 6723.753434419632
v 14112.468034029007 -15378.436923027039 6839.357355237007
v 12746.208786964417 -16159.072661399841 6951.942574977875
v 11309.4213783741 -16879.81139421463 7059.638831019402
v 9807.698595523834 -17533.132469654083 7161.1091285943985
v 8247.512555122375 -18112.02825307846 7255.211329460144
v 6636.084198951721 -18609.901523590088 7340.854147076607
v 4981.247839331627 -19020.185661315918 7416.726687550545
v 3291.491885483265 -19335.858631134033 7481.012240052223
v 1576.0783225297928 -19549.08117055893 7531.143468618393
v -154.68538096174598 -19651.03658437729 7563.642656803131
v -1890.8319115638733 -19671.37726545334 7594.429087638855
v -3626.5879556536674 -19626.728570461273 7632.425659894943
v -5353.3927500247955 -19490.289402008057 7663.8880133628845
v -7058.692899346352 -19239.969420433044 7676.805245876312
v -8726.982909440994 -18859.89569425583 7661.322927474976
v -10341.148257255554 -18341.645741462708 7610.201215744019
v -11884.041118621826 -17685.07195711136 7519.257670640945
v -13340.134173631668 -16898.497819900513 7387.720966339111
v -14697.07270860672 -15997.999668121338 7218.324494361877
v -15947.144365310669 -15006.299662590027 7017.395016551018
v -17088.184571266174 -13950.441908836365 6794.414350390434
v -18123.966252803802 -12859.402877092361 6561.548653244972
v -19064.009928703308 -11761.082601547241 6332.800143957138
v -19922.55047559738 -10679.52088713646 6122.986468672752
v -20717.082679271698 -9632.543730735779 5946.706116199493
v -21466.305565834045 -8629.96866106987 5817.156228423119
v -22187.928128242493 -7672.851413488388 5745.130866765976
v -22896.300446987152 -6753.564682602882 5738.016128540039
v -23600.241017341614 -5856.999212503433 5799.014320969582
v -24301.191687583923 -4962.57401406765 5926.506289839745
v -24991.988217830658 -4047.096660733223 6113.743609189987
v -25656.27166032791 -3088.1399765610695 6348.737877607346
v -26268.959975242615 -2067.616505920887 6614.630180597305
v -26797.601675987244 -975.2422794699669 6890.388613939285
v -27204.987716674805 188.6471603065729 7152.084976434708
v -27441.60203933716 1410.4179881513119 7366.461354494095
v -27477.999258041382 2663.1018698215485 7513.7292355299
v -27313.54035139084 3917.0589566230774 7593.490356206894
v -26957.708036899567 5145.412436127663 7611.06344461441
v -26428.510117530823 6327.308610081673 7576.778596639633
v -25749.925196170807 7450.17945766449 7504.804536700249
v -24948.80837202072 8510.625565052032 7411.604166030884
v -24051.64933204651 9513.840556144714 7314.24295604229
v -23081.546449661255 10471.636426448822 7228.574487566948
v -22056.017911434174 11399.555796384811 7167.757651209831
v -20985.80287694931 12313.39059472084 7141.079407930374
v -19874.760675430298 13226.017552614212 7153.358069062233
v -18720.81583738327 14144.675612449646 7204.819992184639
v -17517.695152759552 15069.457477331161 7291.562646627426
v -16257.039141654968 15992.903697490692 7406.364640593529
v -14930.483824014664 16900.742495059967 7539.725705981255
v -13531.606584787369 17773.37031364441 7680.967885255814
v -12057.213217020035 18588.120794296265 7819.342118501663
v -10508.114647865295 19321.414947509766 7944.850420951843
v -8889.323145151138 19950.948226451874 8048.915505409241
v -7209.681954979897 20457.341182231903 8124.7367441654205
v -5481.272181868553 20825.336503982544 8167.43957400322
v -3718.582960963249 21044.499242305756 8174.0493953228
v -1937.5529259443283 21109.501218795776 8143.3763682842255
v -154.68383403494954 21020.03642320633 8075.80840587616
v 1612.796626985073 20760.07891893387 7962.561213970184
v 3347.029820084572 20341.134691238403 7807.911735773087
v 5035.974621772766 19807.280015945435 7632.18355178833
v 6674.324679374695 19199.955880641937 7454.299345612526
v 8262.63936161995 18555.809712409973 7291.317388415337
v 9806.133443117142 17904.76211309433 7157.965323328972
v 11313.169103860855 17268.46420764923 7066.122648119926
v 12793.443268537521 16659.086203575134 7024.269446730614
v 14256.035441160202 16078.914177417755 7037.039974331856
v 15707.378137111664 15520.427477359772 7104.749691486359
v 17149.4154214859 14967.700970172882 7223.362413048744
v 18578.20246219635 14398.33020567894 7384.531259536743
v 19983.106303215027 13786.370015144348 7576.116174459457
v 21346.8301653862 13105.67182302475 7782.997101545334
v 22646.302676200867 12333.310961723328 7988.191372156143
v 23854.26012277603 11452.64047384262 8174.105197191238
v 24941.681933403015 10455.793195962906 8324.043917655945
v 25880.623972415924 9344.99220252037 8423.648452758789
v 26647.217440605164 8132.681310176849 8462.297546863556
v 27224.485969543457 6840.370789170265 8434.249007701874
v 27604.667699337006 5496.181631088257 8339.510035514832
v 27790.756130218506 4131.403833627701 8184.282737970352
v 27796.820533275604 2776.4710158109665 7980.879527330399
v 27647.217524051666 1456.6985502839088 7747.1588015556335
v 26601.58771276474 188.6454868130386 8646.8865275383
v 26262.072944641113 -992.3507273197174 8397.093963623047
v 25820.647764205933 -2117.2628432512283 8147.368001937866
v 25302.864027023315 -3187.8518402576447 7916.795581579208
v 24727.780771255493 -4211.930429935455 7719.373971223831
v 24107.498002052307 -5200.496080517769 7563.922566175461
v 23447.608506679535 -6165.122279524803 7454.489701986313
v 22748.283290863037 -7115.875414013863 7391.080328822136
v 22005.77462911606 -8059.9732756614685 7370.63929438591
v 21213.96951675415 -9001.126688718796 7388.02877664566
v 20365.820717811584 -9939.492708444595 7436.952614784241
v 19454.551005363464 -10872.070634365082 7510.715934634209
v 18474.42898750305 -11793.286579847336 7602.764266729355
v 17421.32352590561 -12695.722496509552 7707.054358720779
v 16292.926943302155 -13570.764195919037 7818.235981464386
v 15088.770323991776 -14409.129667282104 7931.676679849625
v 13810.19561290741 -15201.373994350433 8043.4838235378265
v 12460.171109437943 -15938.223266601562 8150.412803888321
v 11043.157362937927 -16610.91479063034 8249.849933385849
v 9564.878565073013 -17211.317694187164 8339.648640155792
v 8032.138043642044 -17732.093131542206 8418.070966005325
v 6452.668857574463 -18166.84728860855 8483.738964796066
v 4834.897539019585 -18509.810972213745 8535.3286921978
v 3187.9006668925285 -18755.897212028503 8571.531504392624
v 1521.3074386119843 -18900.434851646423 8590.832650661469
v -154.68533877283335 -18939.1415476799 8591.419470310211
v -1830.4644152522087 -18895.652091503143 8587.915652990341
v -3499.6852815151215 -18783.15372467041 8588.254064321518
v -5154.1274279356 -18583.64404439926 8581.07722401619
v -6782.8417629003525 -18282.60736465454 8556.48120045662
v -8372.926354408264 -17870.215356349945 8506.466525793076
v -9910.573840141296 -17342.378282546997 8425.445812940598
v -11382.229316234589 -16701.07080936432 8310.497564077377
v -12775.864779949188 -15954.643416404724 8161.820685863495
v -14082.169419527054 -15117.183375358582 7982.793891429901
v -15295.509946346283 -14207.335710525513 7779.861396551132
v -16414.688420295715 -13246.785748004913 7562.318712472916
v -17443.0610537529 -12258.153945207596 7341.70917570591
v -18388.382506370544 -11262.82861828804 7131.121024489403
v -19261.922955513 -10278.797769546509 6944.227966666222
v -20077.274656295776 -9318.901228904724 6794.334697723389
v -20848.764288425446 -8389.558911323547 6693.346366286278
v -21589.643895626068 -7490.192547440529 6650.775390863419
v -22310.24762392044 -6613.441240787506 6672.856730222702
v -23016.27266407013 -5746.168151497841 6761.804008483887
v -23707.35000371933 -4871.160653233528 6915.25194644928
v -24376.117396354675 -3969.462311267853 7125.9629517793655
v -25007.814347743988 -3023.139125108719 7381.778967380524
v -25580.76093196869 -2018.1377992033958 7665.9967839717865
v -26067.55303144455 -947.0614358782768 7958.098864555359
v -26437.17200756073 188.6471040546894 8234.932833909988
v -26648.419880867004 1376.5626795589924 8464.158809185028
v -26675.759196281433 2593.0426239967346 8625.663816928864
v -26517.53749847412 3811.849933862686 8718.150913715363
v -26180.922627449036 5008.754560351372 8746.141850948334
v -25680.56527376175 6164.3644541502 8719.255250692368
v -25036.539709568024 7266.147595643997 8651.096868515015
v -24271.789503097534 8309.352725744247 8557.814145088196
v -23409.450829029083 9296.693885326385 8456.444650888443
v -22470.344984531403 10236.970669031143 8363.269031047821
v -21470.98752260208 11142.766398191452 8292.248553037643
v -20422.483015060425 12027.666127681732 8253.884768486023
v -19330.175840854645 12903.561955690384 8254.478788375854
v -18194.278407096863 13778.26344370842 8295.898175239563
v -17011.037588119507 14653.899163007736 8375.801050662994
v -15774.412381649017 15526.259672641754 8488.282316923141
v -14477.766865491867 16385.018026828766 8624.756586551666
v -13115.56585431099 17214.698207378387 8774.9527156353
v -11684.566539525986 17996.25197649002 8927.932637929916
v -10184.718519449234 18708.867037296295 9072.991394996643
v -8619.521111249924 19331.71489238739 9200.328558683395
v -6995.934697985649 19845.52229642868 9301.515346765518
v -5324.0913689136505 20233.852899074554 9369.807833433151
v -3616.7089998722076 20483.94967317581 9400.206351280212
v -1888.3494034409523 20587.265932559967 9389.459091424942
v -154.68384809792042 20539.744341373444 9335.988301038742
v 1567.8055830299854 20333.497035503387 9234.698009490967
v 3263.13643604517 19983.923530578613 9093.446379899979
v 4920.195645093918 19525.8495926857 8931.111544370651
v 6533.326408267021 18992.902147769928 8765.738207101822
v 8101.742774248123 18415.399610996246 8613.913923501968
v 9628.582698106766 17818.44562292099 8490.104877948761
v 11119.681525230408 17220.499801635742 8406.109565496445
v 12582.024389505386 16632.13930130005 8370.332467556
v 14022.053706645966 16055.579996109009 8387.27553486824
v 15444.000518321991 15484.87628698349 8457.149374485016
v 16848.205935955048 14906.922835111618 8575.673443078995
v 18230.033004283905 14303.265422582626 8734.251552820206
v 19579.156577587128 13652.576035261154 8920.453387498856
v 20879.66592311859 12933.587861061096 9118.91183257103
v 22110.860347747803 12127.992486953735 9312.450712919235
v 23248.745048046112 11223.130989074707 9483.460938930511
v 24268.151581287384 10214.038801193237 9615.433257818222
v 25145.27235031128 9104.505050182343 9694.480204582214
v 25860.229289531708 7907.018554210663 9710.698747634888
v 26399.48774576187 6641.660785675049 9659.363728761673
v 26757.773542404175 5333.810344338417 9541.701889038086
v 26939.226818084717 4011.063504219055 9365.266281366348
v 26957.62883424759 2699.7429966926575 9143.82916688919
v 26835.359740257263 1421.1647979915142 8896.552187204361
v 25718.749952316284 188.6454868130386 9770.557951927185
v 25427.190589904785 -959.6511699259281 9527.087199687958
v 25043.923556804657 -2061.595979332924 9291.101998090744
v 24586.803650856018 -3119.0616369247437 9077.662551403046
v 24068.924510478973 -4137.950202822685 8897.50981926918
v 23498.46020936966 -5126.160341501236 8757.139319181442
v 22879.057669639587 -6091.76037311554 8659.166538715363
v 22210.668289661407 -7041.562175750732 8602.992057800293
v 21490.62077999115 -7980.224305391312 8585.599875450134
v 20714.72280025482 -8909.806030988693 8602.34763622284
v 19878.223991394043 -9829.732233285904 8647.663253545761
v 18976.62420272827 -10737.046313285828 8715.629029273987
v 18006.209909915924 -11626.731503009796 8800.326365232468
v 16964.45562839508 -12492.225682735443 8896.154373884201
v 15850.187718868256 -13325.758892297745 8997.89018034935
v 14663.686090707779 -14118.802446126938 9100.789725780487
v 13406.690502166748 -14862.363243103027 9200.543665885925
v 12082.421261072159 -15547.485983371735 9293.410575389862
v 10695.456820726395 -16165.441274642944 9376.109844446182
v 9251.662677526474 -16708.10364484787 9445.877480506897
v 7758.078867197037 -17168.41685771942 9500.60561299324
v 6222.6895570755005 -17540.354311466217 9538.625586032867
v 4654.244390130043 -17819.261050224304 9558.83396267891
v 3062.063853442669 -18001.85376405716 9560.564720630646
v 1455.812245607376 -18086.208188533783 9543.529850244522
v -154.68529658392072 -18071.89770936966 9507.852655649185
v -1760.3958316147327 -17977.581751346588 9466.551172733307
v -3354.794605076313 -17813.644862174988 9426.399928331375
v -4930.238181352615 -17569.308280944824 9378.868436813354
v -6477.404835820198 -17236.270129680634 9316.589951515198
v -7985.834193229675 -16809.565842151642 9233.75117778778
v -9444.666039943695 -16288.230586051941 9126.500886678696
v -10843.53157877922 -15675.758278369904 8993.360328674316
v -12173.350405693054 -14979.841476678848 8835.284435749054
v -13427.265191078186 -14212.256175279617 8655.9894323349
v -14601.27620100975 -13387.788969278336 8461.740428209305
v -15694.676911830902 -12522.975212335587 8261.03190779686
v -16710.19171476364 -11634.784972667694 8064.270919561386
v -17653.709506988525 -10738.823872804642 7882.983249425888
v -18533.65457057953 -9847.916442155838 7729.117697477341
v -19360.001039505005 -8970.760571956635 7614.126247167587
v -20143.111860752106 -8111.107587814331 7548.145037889481
v -20892.289745807648 -7267.351385951042 7539.062833786011
v -21614.434325695038 -6432.781791687012 7591.781198978424
v -22312.6669049263 -5596.417087316513 7707.518774271011
v -22985.32062768936 -4744.3770080804825 7883.357661962509
v -23625.220453739166 -3861.7219537496567 8111.967116594315
v -24219.432950019836 -2934.639611840248 8381.594544649124
v -24749.700105190277 -1952.6648819446564 8676.419216394424
v -25193.459963798523 -910.8373042196035 8977.284890413284
v -25525.477480888367 188.6470478028059 9262.719547748566
v -25712.96455860138 1334.8235569894314 9503.201299905777
v -25734.682285785675 2507.714366912842 9679.496502876282
v -25587.840569019318 3684.8408311605453 9789.085972309113
v -25277.11056470871 4844.925224781036 9835.078412294388
v -24813.560843467712 5970.288255810738 9825.566893815994
v -24213.107538223267 7048.622462153435 9772.637921571732
v -23494.483876228333 8073.910242319107 9691.072690486908
v -22677.094507217407 9046.362203359604 9596.863836050034
v -21779.00483608246 9971.496880054474 9505.694383382797
v -20815.26336669922 10858.505380153656 9431.540900468826
v -19796.823465824127 11718.052160739899 9385.467457771301
v -18730.143749713898 12560.178858041763 9374.916404485703
v -17617.411291599274 13392.21441745758 9403.26915383339
v -16457.369649410248 14217.340445518494 9469.946086406708
v -15246.49430513382 15033.733481168747 9570.796263217926
v -13980.304908752441 15834.50379371643 9698.809349536896
v -12654.73872423172 16608.0796957016 9844.880640506744
v -11267.232465744019 17339.381182193756 9998.794794082642
v -9817.569226026535 18011.052072048187 10149.984556436539
v -8308.356392383575 18604.89375591278 10288.2543861866
v -6745.1462507247925 19103.244042396545 10404.32677268982
v -5136.34013235569 19490.13819694519 10490.206748247147
v -3492.849777638912 19752.259373664856 10539.406895637512
v -1827.5494426488876 19879.656839370728 10547.071552276611
v -154.6838621608913 19866.190588474274 10510.012811422348
v 1510.7339970767498 19710.544776916504 10427.233439683914
v 3154.9883648753166 19429.908180236816 10309.61480140686
v 4768.235006928444 19050.17466545105 10173.43574166298
v 6344.808346033096 18597.094094753265 10034.746497869492
v 7882.863545417786 18094.32466030121 9908.577573299408
v 9383.68449807167 17561.73722743988 9808.211612701416
v 10850.67331790924 17013.926684856415 9744.412976503372
v 12288.142049312592 16459.33531522751 9724.839121103287
v 13699.854618310928 15899.597573280334 9753.333175182343
v 15087.684887647629 15329.765093326569 9829.586428403854
v 16450.277411937714 14739.29672241211 9949.04562830925
v 17782.11680650711 14113.388764858246 10102.95438170433
v 19073.087632656097 13435.249358415604 10279.002976417542
v 20308.551800251007 12688.436752557755 10462.137508392334
v 21470.17389535904 11859.340691566467 10635.778522491455
v 22537.177622318268 10939.318186044693 10783.133256435394
v 23488.250267505646 9926.369369029999 10888.773393630981
v 24303.652369976044 8825.830519199371 10940.04991054535
v 24967.40299463272 7650.242656469345 10928.470122814178
v 25469.21659708023 6418.218404054642 10850.746220350266
v 25806.065475940704 5152.41377055645 10709.546792507172
v 25982.951998710632 3876.811408996582 10513.68493437767
v 26012.97700405121 2613.769868016243 10277.958941459656
v 25916.367769241333 1380.9055499732494 10022.299081087112
v 24731.13248348236 188.6454868130386 10875.65815448761
v 24480.990707874298 -921.6760296374559 10641.473913192749
v 24146.681714057922 -1993.619628250599 10420.728921890259
v 23740.307307243347 -3028.8392409682274 10224.668157100677
v 23270.61758041382 -4031.5517902374268 10061.032778024673
v 22742.922711372375 -5007.0998549461365 9934.13302898407
v 22159.55377817154 -5960.745686292648 9845.317155122757
v 21520.415377616882 -6896.713125705719 9793.45291852951
v 20823.74885082245 -7817.607760429382 9775.595420598984
v 20066.881108283997 -8724.128913879395 9787.564021348953
v 19246.87625169754 -9615.048044919968 9824.47605729103
v 18361.02339029312 -10487.33115196228 9881.106853485107
v 17407.272255420685 -11336.383581161499 9952.206534147263
v 16384.431207180023 -12156.27863407135 10032.602626085281
v 15292.347240447998 -12940.03027677536 10117.311662435532
v 14132.038289308548 -13679.880249500275 10201.597684621811
v 12905.74362874031 -14367.602276802063 10281.028044223785
v 11616.95447564125 -14994.8206782341 10351.51480436325
v 10270.424789190292 -15553.35237979889 10409.411942958832
v 8872.139769792557 -16035.680329799652 10451.656657457352
v 7429.19120490551 -16435.30811071396 10475.86926817894
v 5949.626713991165 -16747.100150585175 10480.43692111969
v 4442.199990153313 -16967.61293411255 10464.61079120636
v 2916.124866902828 -17095.21200656891 10428.479981422424
v 1380.7663828134537 -17130.296981334686 10373.105627298355
v -154.6852403320372 -17075.395143032074 10300.557798147202
v -1681.9825060665607 -16945.20938396454 10222.180473804474
v -3194.760921597481 -16747.622168064117 10143.358534574509
v -4686.114457249641 -16477.424120903015 10058.492892980576
v -6148.259314894676 -16130.980920791626 9962.76478767395
v -7572.892266511917 -15706.901121139526 9852.574998140335
v -8951.667332649231 -15206.36556148529 9725.773352384567
v -10276.78080201149 -14633.432477712631 9582.022339105606
v -11541.555351018906 -13994.962799549103 9422.962713241577
v -12740.982311964035 -13300.29433965683 9252.289998531342
v -13872.177988290787 -12560.627973079681 9075.706785917282
v -14934.650963544846 -11788.09790611267 8900.64372420311
v -15930.27960062027 -10994.759142398834 8735.889607667923
v -16863.193237781525 -10191.468745470047 8591.086459159851
v -17739.219570159912 -9386.851704120636 8476.095008850098
v -18565.18622636795 -8586.409902572632 8400.279170274734
v -19348.025238513947 -7791.9362008571625 8371.748214960098
v -20093.75240802765 -7001.329478621483 8396.670949459076
v -20806.450271606445 -6208.78994166851 8478.588992357254
v -21487.26726770401 -5405.506744980812 8617.84975528717
v -22133.67611169815 -4580.70652782917 8811.197829246521
v -22738.993179798126 -3723.0756863951683 9051.583278179169
v -23292.175102233887 -2822.408553957939 9328.11843752861
v -23778.283178806305 -1871.3023826479912 9626.499128341675
v -24179.156601428986 -866.7415652424097 9929.489773511887
v -24474.74089860916 188.6469915509224 10217.907130718231
v -24640.009832382202 1285.4560039937496 10466.332548856735
v -24658.00323486328 2407.3556065559387 10657.38554596901
v -24524.976980686188 3535.6549859046936 10787.212193012238
v -24243.23514699936 4652.123469114304 10857.139134407043
v -23820.492792129517 5740.972727537155 10873.205572366714
v -23268.624913692474 6790.357464551926 10845.266836881638
v -22602.22100019455 7793.2646453380585 10785.943150520325
v -21836.92537546158 8747.644001245499 10709.336185455322
v -20987.863945961 9655.904012918472 10629.72041964531
v -20068.236553668976 10523.756271600723 10560.24079322815
v -19088.46914768219 11358.71512889862 10511.924475431442
v -18055.594563484192 12168.39303970337 10492.789834737778
v -16973.401927947998 12958.930909633636 10507.470226287842
v -15842.8182721138 13733.677750825882 10557.064586877823
v -14662.732058763504 14492.340153455734 10639.351642131805
v -13430.904912948608 15230.669975280762 10749.247121810913
v -12145.084059238434 15940.588545799255 10879.452681541443
v -10803.833949565887 16610.81758737564 11021.172326803207
v -9407.316589355469 17227.755844593048 11164.818036556244
v -7957.800054550171 17776.516819000244 11300.691986083984
v -6459.875398874283 18242.068207263947 11419.523864984512
v -4920.521005988121 18610.225534439087 11512.9154920578
v -3348.941484093666 18868.588185310364 11573.664826154709
v -1756.1827905476093 19007.286429405212 11595.999073982239
v -154.6838621608913 19019.591641426086 11575.73219537735
v 1442.4910120666027 18909.10574197769 11515.939593315125
v 3024.0648061037064 18693.06790828705 11429.690605401993
v 4581.658309698105 18389.24833536148 11329.840362071991
v 6109.868079423904 18015.953636169434 11229.541903734207
v 7606.085377931595 17590.325784683228 11141.369551420212
v 9070.000594854355 17126.869666576385 11076.52058005333
v 10502.846771478653 16636.227238178253 11044.025892019272
v 11906.420367956161 16124.28469657898 11050.055193901062
v 13281.973326206207 15591.821467876434 11097.348177433014
v 14629.142034053802 15034.585809707642 11184.815806150436
v 15944.888889789581 14444.144439697266 11307.467412948608
v 17222.90828227997 13809.111076593399 11456.61410689354
v 18453.254878520966 13116.864597797394 11620.379090309143
v 19622.547030448914 12355.51290512085 11784.566187858582
v 20714.686799049377 11515.809088945389 11933.788484334946
v 21712.028193473816 10592.892986536026 12052.832770347595
v 22596.867620944977 9587.429720163345 12127.980786561966
v 23353.278148174286 8506.119114160538 12148.46367239952
v 23968.812358379364 7361.373034119606 12107.617604732513
v 24436.04680299759 6170.288902521133 12003.849530220032
v 24753.719639778137 4952.834787964821 11841.206884384155
v 24927.303051948547 3729.592579603195 11629.543197154999
v 24968.870043754578 2519.289204478264 11384.198582172394
v 24896.16380929947 1336.2793557345867 11125.10690689087
v 23641.449797153473 188.6454868130386 11959.318739175797
v 23426.23279094696 -878.4799832850695 11735.236436128616
v 23132.26854801178 -1913.5513722896576 11528.553515672684
v 22767.588937282562 -2917.7561715245247 11347.228944301605
v 22337.914550304413 -3893.823778629303 11196.44599556923
v 21846.717703342438 -4845.06787955761 11078.785055875778
v 21295.49604654312 -5774.563202261925 10994.538635015488
v 20684.269380569458 -6684.549471735954 10942.191082239151
v 20012.051272392273 -7576.05317234993 10918.88120174408
v 19277.363872528076 -8448.71609210968 10920.849567651749
v 18478.65732908249 -9300.762021541595 10943.791335821152
v 17614.637398719788 -10129.096657037735 10983.126252889633
v 16684.533655643463 -10929.403454065323 11034.151661396027
v 15688.270497322083 -11696.320933103561 11092.15680360794
v 14626.60304903984 -12423.625385761261 11152.493023872375
v 13501.208966970444 -13104.38567996025 11210.574668645859
v 12314.811742305756 -13731.274670362473 11262.026691436768
v 11071.200501918793 -14296.823906898499 11302.72605419159
v 9775.297510623932 -14793.834048509598 11329.010534286499
v 8433.099669218063 -15215.682673454285 11337.744426727295
v 7051.631262898445 -15556.903898715973 11326.64885520935
v 5638.758105039597 -15813.468289375305 11294.372874498367
v 4202.949929237366 -15983.19057226181 11240.679776668549
v 2753.002955019474 -16065.930342674255 11166.546994447708
v 1297.680663317442 -16063.930475711823 11074.383908510208
v -154.6851840801537 -15981.797325611115 10968.074148893356
v -1596.7852033674717 -15830.887472629547 10857.137334346771
v -3022.667734324932 -15616.896307468414 10745.45259475708
v -4426.23570561409 -15338.515186309814 10630.06963133812
v -5801.076740026474 -14995.29949426651 10508.469259738922
v -7140.6671941280365 -14588.151961565018 10378.954023122787
v -8438.664555549622 -14119.500869512558 10240.84529876709
v -9689.265429973602 -13593.431454896927 10094.703805446625
v -10887.571853399277 -13015.725511312485 9942.570811510086
v -12029.895502328873 -12393.489676713943 9787.888932228088
v -13114.042103290558 -11734.816122055054 9635.542631149292
v -14139.468038082123 -11048.179531097412 9491.660213470459
v -15107.212841510773 -10341.739577054977 9363.29791545868
v -16019.814598560333 -9622.643399238586 9258.10239315033
v -16880.880630016327 -8896.310979127884 9183.750903606415
v -17694.619476795197 -8165.89692234993 9147.45088815689
v -18465.19647836685 -7431.926846504211 9155.345952510834
v -19195.999348163605 -6692.188927531242 9211.917346715927
v -19888.943350315094 -5941.931906342506 9319.473648071289
v -20543.73507499695 -5174.373605847359 9477.644944190979
v -21157.393622398376 -4381.506457924843 9683.09572339058
v -21723.883390426636 -3555.121512711048 9929.323267936707
v -22234.043872356415 -2688.049805164337 10206.69275522232
v -22675.85426568985 -1775.3498323261738 10502.646964788437
v -23035.052692890167 -815.5151125043631 10802.2813975811
v -23296.048831939697 188.64690717309713 11089.049899578094
v -23440.45866727829 1229.2458593845367 11342.179775238037
v -23455.199360847473 2293.2880371809006 11546.722424030304
v -23335.947167873383 3365.6244426965714 11697.665578126907
v -23083.135902881622 4430.986964702606 11794.540321826935
v -22701.535725593567 5475.5466401577 11841.068279743195
v -22199.48991537094 6488.180446624756 11844.557696580887
v -21587.81863451004 7461.269178986549 11814.996206760406
v -20878.645288944244 8390.96925854683 11764.041900634766
v -20084.194087982178 9276.999425888062 11703.937888145447
v -19215.699207782745 10121.956717967987 11646.423262357712
v -18282.657766342163 10930.251282453537 11601.795268058777
v -17292.270004749298 11706.965589523315 11578.168576955795
v -16249.38348531723 12456.593489646912 11580.95417022705
v -15156.644296646118 13181.993478536606 11612.637931108475
v -14015.011870861053 13883.63447189331 11672.837346792221
v -12824.335902929306 14559.141290187836 11758.523815870285
v -11584.180778265 15203.228056430817 11864.488863945007
v -10294.435793161392 15807.972705364227 11983.84906053543
v -8955.98297715187 16363.395702838898 12108.671540021896
v -7571.145308017731 16858.126068115234 12230.503219366074
v -6143.9441204071045 17280.272603034973 12340.91711640358
v -4680.260211229324 17618.22851896286 12431.970465183258
v -3187.7827629446983 17861.49946451187 12496.580028533936
v -1675.7607102394104 18001.40014886856 12528.821808099747
v -154.68387622386217 18031.64656162262 12524.196553230286
v 1364.5345643162727 17959.204936027527 12489.486891031265
v 2872.996547818184 17800.1030087471 12439.0006005764
v 4363.824015855789 17565.209543704987 12381.755083799362
v 5832.057127356529 17266.25553369522 12327.45446562767
v 7274.5858281850815 16914.439153671265 12285.59136390686
v 8689.826065301895 16519.264721870422 12264.645862579346
v 10077.169418334961 16087.545466423035 12271.322286128998
v 11436.242824792862 15622.683501243591 12309.836375713348
v 12766.101253032684 15124.461019039154 12381.462574005127
v 14064.442425966263 14589.123994112015 12484.165012836456
v 15326.820194721222 14010.073405504227 12612.539911270142
v 16546.28722667694 13378.878670930862 12758.07928442955
v 17713.163697719574 12686.604291200638 12909.629958868027
v 18815.31720161438 11925.373202562332 13054.281002283096
v 19838.80627155304 11089.779824018478 13178.364557027817
v 20768.821811676025 10178.145599365234 13268.656480312347
v 21590.95973968506 9193.34972500801 13313.651686906815
v 22292.6340341568 8143.037956953049 13304.753988981247
v 22864.414179325104 7039.25224840641 13237.319231033325
v 23301.177203655243 5897.475817799568 13111.42571568489
v 23602.91050672531 4735.107147693634 12932.316118478775
v 23775.059270858765 3569.58612203598 12710.42268872261
v 23828.29785346985 2416.4533361792564 12461.015337705612
v 23777.712559700012 1287.3587802052498 12203.320509195328
v 22449.988102912903 188.6454868130386 13014.49607014656
v 22263.85827064514 -829.9359016120434 12799.86138343811
v 22002.899932861328 -1821.3683731853962 12604.333436489105
v 21672.439467906952 -2786.212942004204 12433.330410718918
v 21276.262402534485 -3725.9249567985535 12290.087014436722
v 20816.712415218353 -4642.212337255478 12175.884890556335
v 20294.901943206787 -5536.504331231117 12090.301924943924
v 19711.063194274902 -6409.56911444664 12031.588459014893
v 19064.875757694244 -7261.2761825323105 11997.021001577377
v 18355.805015563965 -8090.490597486496 11983.218139410019
v 17583.35955142975 -8895.059937238693 11986.37724518776
v 16747.33055830002 -9671.854346990585 12002.45088338852
v 15847.957444190979 -10416.84799194336 12027.265614271164
v 14886.043936014175 -11125.211310386658 12056.557995080948
v 13863.091284036636 -11791.456818580627 12086.065483093262
v 12781.361263990402 -12409.5732152462 12111.539036035538
v 11643.99048089981 -12973.25758934021 12128.874516487122
v 10455.013769865036 -13476.154828071594 12134.185594320297
v 9219.42629814148 -13912.21312880516 12124.024254083633
v 7943.174564838409 -14276.104313135147 12095.624703168869
v 6633.02229642868 -14563.519036769867 12047.002375125885
v 5296.465843915939 -14771.703207492828 11977.346342802048
v 3941.4286226034164 -14899.625390768051 11887.015718221664
v 2576.041729748249 -14948.478126525879 11777.97526717186
v 1208.2280181348324 -14921.713930368423 11653.802609443665
v -154.68511376529932 -14825.28470158577 11519.97622847557
v -1506.4029395580292 -14667.566120624542 11383.989775180817
v -2841.5404945611954 -14452.333813905716 11248.116725683212
v -4154.7906666994095 -14180.636316537857 11111.48225069046
v -5440.892779827118 -13853.989279270172 10973.456329107285
v -6694.709911942482 -13474.522173404694 10833.7950527668
v -7911.409801244736 -13045.23479938507 10692.977237701416
v -9086.634051799774 -12569.857782125473 10552.15312242508
v -10216.719090938568 -12053.007376194 10413.47107887268
v -11298.838824033737 -11499.876755475998 10279.949808120728
v -12331.169790029526 -10916.08030796051 10155.574643611908
v -13312.978464365005 -10307.258522510529 10045.140045881271
v -14244.521355628967 -9678.646874427795 9954.016494750977
v -15126.995503902435 -9034.6420109272 9887.899380922318
v -15962.230670452118 -8378.391337394714 9852.439993619919
v -16752.388727664948 -7711.478906869888 9852.866607904434
v -17499.48934316635 -7033.681511878967 9893.502968549728
v -18204.96356487274 -6342.965084314346 9977.350676059723
v -18869.140803813934 -5635.629150271416 10105.672472715378
v -19490.77001810074 -4906.69339299202 10277.58542895317
v -20066.69030189514 -4150.47502219677 10489.850336313248
v -20591.607677936554 -3361.3177984952927 10736.704301834106
v -21058.033895492554 -2534.4709128141403 11009.870648384094
v -21456.50963783264 -1666.9287145137787 11298.74342083931
v -21776.023936271667 -758.2838274538517 11590.809500217438
v -22004.674792289734 188.64683685824275 11872.193121910095
v -22129.368567466736 1167.3354864120483 12126.698243618011
v -22140.33453464508 2167.6287546753883 12342.023253440857
v -22033.09234380722 3177.4783179163933 12512.3521566391
v -21806.77796602249 4184.334605932236 12635.68148612976
v -21463.918685913086 5176.3230711221695 12713.567394018173
v -21009.96688604355 6143.262347579002 12750.753939151764
v -20452.58002281189 7077.3649245500565 12754.498964548111
v -19800.806999206543 7973.5721826553345 12733.809071779251
v -19064.209735393524 8829.546743631363 12698.569291830063
v -18252.063941955566 9645.323258638382 12658.682656288147
v -17372.727298736572 10422.636985778809 12623.271870613098
v -16433.155238628387 11164.175415039062 12600.00069141388
v -15438.740742206573 11872.676438093185 12594.595110416412
v -14393.312537670135 12550.136321783066 12610.51214337349
v -13299.402409791946 13197.153586149216 12648.883128166199
v -12158.577311038971 13812.51769065857 12708.592027425766
v -10972.008180618286 14392.984926700592 12786.537337303162
v -9740.877658128738 14933.370220661163 12877.980399131775
v -8466.889500617981 15426.820743083954 12976.989114284515
v -7152.654695510864 15865.263223648071 13076.901459693909
v -5801.916918158531 16239.97997045517 13170.778203010559
v -4419.750538468361 16542.23529100418 13251.840317249298
v -3012.5768214464188 16763.892912864685 13313.828092813492
v -1588.0182348191738 16898.022603988647 13351.367449760437
v -154.68389028683305 16939.434790611267 13360.239946842194
v 1278.6060996353626 16897.01637029648 13350.29821395874
v 2705.0743252038956 16784.86361503601 13336.228042840958
v 4119.231376051903 16608.425307273865 13323.235207796097
v 5516.638866066933 16374.014258384705 13317.39941239357
v 6893.914031982422 16087.855076789856 13324.882262945175
v 8248.52238893509 15755.130136013031 13351.119941473007
v 9578.41591835022 15379.327952861786 13400.19138455391
v 10881.503850221634 14961.687868833542 13474.155861139297
v 12155.098694562912 14501.095646619797 13572.679460048676
v 13395.391523838043 13994.18877363205 13692.72637963295
v 14596.902054548264 13435.91178059578 13828.554427623749
v 15752.31124162674 12820.31996846199 13971.977829933167
v 16852.39107608795 12141.59284234047 14112.84874677658
v 17886.25749349594 11395.151048898697 14239.800697565079
v 18841.95989370346 10578.677010536194 14341.145890951157
v 19707.247066497803 9692.98705458641 14405.933660268784
v 20470.55902481079 8742.527329921722 14425.01249909401
v 21122.101640701294 7735.408008098602 14392.014694213867
v 21654.85827922821 6683.002319931984 14304.232054948807
v 22065.387225151062 5599.10052716732 14163.173931837082
v 22354.374301433563 4498.659780621529 13974.870526790619
v 22526.800274848938 3396.319295465946 13749.824291467667
v 22591.65644645691 2304.9108013510704 13502.573412656784
v 22561.23002767563 1233.9513294398785 13250.855684280396
v 21155.460357666016 188.6454868130386 14028.579825162888
v 20993.604338169098 -775.7895823568106 13821.991407871246
v 20759.99071598053 -1716.8669991195202 13634.064215421677
v 20458.261013031006 -2634.450985491276 13468.400168418884
v 20091.070318222046 -3528.926135599613 13326.93703174591
v 19660.14128923416 -4400.757202506065 13210.078018903732
v 19166.50356054306 -5250.162443518639 13117.01580286026
v 18610.686349868774 -6076.862624287605 13045.96562385559
v 17992.939865589142 -6879.926213622093 12994.397497177124
v 17313.46571445465 -7657.707506418228 12959.299921989441
v 16572.59690761566 -8407.838523387909 12937.331086397171
v 15770.940065383911 -9127.257812023163 12924.93497133255
v 14909.507721662521 -9812.26264834404 12918.433153629303
v 13989.78762626648 -10458.58598947525 12914.04640674591
v 13013.85794878006 -11061.500877141953 12907.979303598404
v 11984.426879882812 -11615.93474149704 12896.433717012405
v 10904.928034543991 -12116.6728079319 12875.756424665451
v 9779.557353258133 -12558.606505393982 12842.58491396904
v 8613.28210234642 -12936.969274282455 12793.974286317825
v 7411.832323670387 -13247.718179225922 12727.6735663414
v 6181.597331166267 -13487.863320112228 12642.328208684921
v 4929.499706625938 -13655.8125436306 12537.742906808853
v 3662.7540916204453 -13751.65045261383 12415.050798654556
v 2388.6239543557167 -13777.466917037964 12277.049177885056
v 1114.0582025051117 -13737.471377849579 12128.315597772598
v -154.68504345044494 -13638.102650642395 11975.438278913498
v -1412.3154766857624 -13485.190230607986 11823.795801401138
v -2654.0664672851562 -13280.691683292389 11673.840880393982
v -3875.348860025406 -13026.91558599472 11526.235938072205
v -5071.807071566582 -12726.300120353699 11381.65779709816
v -6239.333814382553 -12381.499475240707 11240.927284955978
v -7374.148961901665 -11995.490950345993 11105.208140611649
v -8472.88190126419 -11571.515554189682 10976.025015115738
v -9532.654786109924 -11113.087004423141 10855.399376153946
v -10551.159489154816 -10623.89902472496 10745.880109071732
v -11526.733654737473 -10107.692140340805 10650.562417507172
v -12458.371949195862 -9568.02237033844 10572.963619232178
v -13345.67025899887 -9008.072221279144 10516.956543922424
v -14188.78338932991 -8430.375277996063 10486.561626195908
v -14988.202756643295 -7836.5866959095 10485.67509651184
v -15744.56558227539 -7227.31129527092 10517.815172672272
v -16458.366882801056 -6601.999607682228 10585.795348882675
v -17129.630959033966 -5958.947876095772 10691.387784481049
v -17757.619786262512 -5295.430359244347 10835.023593902588
v -18340.50990343094 -4607.986441254616 11015.517437458038
v -18875.16380548477 -3892.794144153595 11229.8209130764
v -19357.012939453125 -3146.199795603752 11472.98835515976
v -19780.007302761078 -2365.3091236948967 11738.081431388855
v -20136.818850040436 -1548.5702514648438 12016.4337515831
v -20419.055700302124 -696.3438659906387 12297.785872220993
v -20617.75175333023 188.6467384174466 12570.786613225937
v -20723.769903182983 1101.024528592825 12823.227965831757
v -20729.94771003723 2032.902343571186 13045.305001735687
v -20632.089233398438 2974.8036816716194 13230.930817127228
v -20428.60141992569 3916.549989581108 13376.978707313538
v -20120.495903491974 4848.136532306671 13483.301067352295
v -19711.07759475708 5760.488530993462 13552.37028002739
v -19205.52166700363 6646.053382754326 13588.917803764343
v -18610.36593914032 7499.155947566032 13599.393254518509
v -17932.89705514908 8316.099351644516 13591.292083263397
v -17180.552864074707 9095.049333572388 13572.509354352951
v -16360.472404956818 9835.652631521225 13550.692623853683
v -15479.051291942596 10538.590568304062 13532.672220468521
v -14541.77610874176 11204.975581169128 13524.009430408478
v -13553.12180519104 11835.792303085327 13528.678786754608
v -12516.645300388336 12431.39624595642 13548.900663852692
v -11435.154688358307 12991.142988204956 13585.122376680374
v -10311.05574965477 13513.128066062927 13636.114484071732
v -9146.607559919357 13994.175273180008 13699.207496643066
v -7944.27530169487 14429.919463396072 13770.564585924149
v -6707.016023993492 14815.049558877945 13845.537996292114
v -5438.4730488061905 15143.680262565613 13919.027256965637
v -4143.145176768303 15409.756171703339 13985.842794179916
v -2826.452614367008 15607.501792907715 14041.04974269867
v -1494.6460708975792 15731.891357898712 14080.285656452179
v -154.68390434980392 15779.01873588562 14100.041317939758
v 1186.4505514502525 15758.512449264526 14112.419432401657
v 2523.7052023410797 15682.256495952606 14131.819581985474
v 3852.7545034885406 15551.791727542877 14160.040926933289
v 5169.674998521805 15369.411420822144 14199.782657623291
v 6470.985370874405 15137.48985528946 14253.96357178688
v 7753.523814678192 14857.873892784119 14325.05515217781
v 9014.223027229309 14531.443762779236 14414.525347948074
v 10249.77719783783 14157.773751020432 14522.330957651138
v 11456.276595592499 13735.096198320389 14646.588218212128
v 12628.902459144592 13260.416704416275 14783.36849808693
v 13761.595785617828 12730.00734448433 14926.768499612808
v 14847.003328800201 12139.922386407852 15069.09476518631
v 15876.502799987793 11486.784017086029 15201.332592964172
v 16840.480077266693 10768.55006814003 15313.794958591461
v 17728.806221485138 9985.183638334274 15396.865940093994
v 18531.449496746063 9139.211112260818 15441.87284708023
v 19239.20979499817 8235.980468988419 15441.925048828125
v 19844.521462917328 7283.579379320145 15392.700600624084
v 20342.166125774384 6292.421641945839 15293.108665943146
v 20729.796504974365 5274.5501101017 15145.658528804779
v 21008.321630954742 4242.658358812332 14956.700801849365
v 21181.899642944336 3208.9334711432457 14736.208719015121
v 21257.685780525208 2183.974876999855 14497.386622428894
v 21245.18976211548 1175.6903536617756 14255.8185338974
v 19756.406712532043 188.6454868130386 14983.160787820816
v 19615.173983573914 -715.7684288918972 14783.187592029572
v 19405.03854751587 -1599.8243801295757 14599.61564540863
v 19128.63029241562 -2462.7081349492073 14434.876829385757
v 18787.98508644104 -3303.9242267608643 14290.113282203674
v 18384.5951795578 -4123.011952638626 14165.324103832245
v 17919.54960823059 -4919.321715831757 14059.57236289978
v 17393.69980096817 -5691.856282949448 13971.18130326271
v 16807.780182361603 -6439.176505804062 13897.928750514984
v 16162.586379051208 -7159.356769919395 13837.205517292023
v 15459.068822860718 -7849.973744153976 13786.12430691719
v 14698.447954654694 -8508.145982027054 13741.633117198944
v 13882.298827171326 -9130.555522441864 13700.55034160614
v 13012.61140704155 -9713.52664232254 13659.625971317291
v 12091.867077350616 -10253.118109703064 13615.619897842407
v 11123.077338933945 -10745.215886831284 13565.319913625717
v 10109.838712215424 -11185.70773601532 13505.69651722908
v 9056.357038021088 -11570.688426494598 13434.03611779213
v 7967.448377609253 -11896.673941612244 13348.106640577316
v 6848.49446117878 -12160.856187343597 13246.326732635498
v 5705.374735593796 -12361.455804109573 13128.098773956299
v 4544.318759441376 -12497.92287349701 12993.94748210907
v 3371.700096130371 -12571.161025762558 12845.70261836052
v 2193.831107020378 -12583.853250741959 12686.895900964737
v 1016.6317403316498 -12540.431296825409 12522.761005163193
v -154.68497313559055 -12447.151273488998 12360.436969995499
v -1315.748205780983 -12307.658302783966 12203.130602836609
v -2462.3881742358208 -12122.300696372986 12049.345153570175
v -3590.623651444912 -11893.823546171188 11900.718677043915
v -4696.782064437866 -11624.91974234581 11758.750623464584
v -5777.471199631691 -11318.229073286057 11624.85494017601
v -6829.606428742409 -10976.448929309845 11500.58417916298
v -7850.4354596138 -10602.224498987198 11387.561094760895
v -8837.54261136055 -10198.161369562149 11287.58214712143
v -9788.90146613121 -9766.841727495193 11202.726405858994
v -10702.864968776703 -9310.670453310013 11135.274547338486
v -11578.182977437973 -8831.82561993599 11087.713354825974
v -12413.93296122551 -8332.138788700104 11062.670916318893
v -13209.503799676895 -7812.964504957199 11062.79422044754
v -13964.447277784348 -7275.070944428444 11090.579950809479
v -14678.352981805801 -6718.553060293198 11148.198080062866
v -15350.674593448639 -6142.802432179451 11237.265062332153
v -15980.537283420563 -5546.524366736412 11358.619725704193
v -16566.539704799652 -4927.841401100159 11512.091964483261
v -17106.55598640442 -4284.498509764671 11696.29573225975
v -17597.61962890625 -3614.122988283634 11908.494937419891
v -18035.831701755524 -2914.5599395036697 12144.494539499283
v -18416.34464263916 -2184.2925876379013 12398.658549785614
v -18733.500862121582 -1422.799590229988 12663.9757335186
v -18980.971348285675 -630.9611205011606 12932.245016098022
v -19152.086877822876 188.64665403962135 13194.376993179321
v -19240.45363664627 1031.5759532153606 13441.25165939331
v -19240.873050689697 1891.6554391384125 13665.185457468033
v -19149.730598926544 2761.43961250782 13860.334491729736
v -18965.228021144867 3632.754512131214 14023.050940036774
v -18687.46612071991 4497.291284799576 14151.953256130219
v -18318.315160274506 5347.176691889763 14247.807365655899
v -17861.1736536026 6175.431674718857 14313.270157575607
v -17320.64435482025 6976.285690069199 14352.559173107147
v -16702.158045768738 7745.346140861511 14370.978289842606
v -16011.552321910858 8479.607826471329 14374.4578063488
v -15254.756581783295 9177.276986837387 14369.0738260746
v -14437.423014640808 9837.537294626236 14360.574841499329
v -13564.7735953331 10460.178142786026 14354.009121656418
v -12641.451579332352 11045.231032371521 14353.417801856995
v -11671.533203125 11592.603260278702 14361.642277240753
v -10658.558285236359 12101.806110143661 14380.231499671936
v -9605.745333433151 12571.695643663406 14409.44737792015
v -8516.101348400116 13000.414198637009 14448.37098121643
v -7392.663481831551 13385.372388362885 14495.078945159912
v -6238.685342669487 13723.34000468254 14546.860378980637
v -5057.763001322746 14010.66922545433 14600.485974550247
v -3853.99429500103 14243.51242184639 14652.49691605568
v -2632.0344045758247 14418.119168281555 14699.453288316727
v -1397.0562532544136 14531.144052743912 14738.218486309052
v -154.68393247574568 14579.91128563881 14766.190522909164
v 1089.5680449903011 14573.824381828308 14796.825748682022
v 2331.916205585003 14522.610867023468 14843.789321184158
v 3568.9162746071815 14425.344610214233 14906.183010339737
v 4797.095823287964 14281.636798381805 14983.87451171875
v 6012.996485829353 14091.251623630524 15077.005130052567
v 7213.11782002449 13853.754371404648 15185.450661182404
v 8393.78365278244 13568.245911598206 15308.400177955627
v 9550.964099168777 13233.23129415512 15444.013118743896
v 10680.053704977036 12846.601748466492 15589.11417722702
v 11775.73869228363 12405.79668879509 15739.14920091629
v 12831.799852848053 11908.146625757217 15888.206791877747
v 13841.172850131989 11351.274579763412 16029.245114326477
v 14796.021121740341 10733.608198165894 16154.482507705688
v 15687.980687618256 10054.88377213478 16255.892503261566
v 16508.56876373291 9316.562050580978 16325.841045379639
v 17249.62477684021 8522.144150733948 16357.72911310196
v 17903.8440823555 7677.266061306 16346.63714170456
v 18465.360283851624 6789.555537700653 16289.91904258728
v 18930.215048789978 5868.256339430809 16187.6540184021
v 19296.689319610596 4923.669761419296 16042.882370948792
v 19565.512120723724 3966.407158970833 15861.700904369354
v 19739.81555700302 3006.5466195344925 15653.003716468811
v 19824.92240667343 2052.8904378414154 15428.185188770294
v 19827.7881026268 1112.1664516627789 15200.254356861115
v 18252.87036895752 188.6454868130386 15855.130684375763
v 18129.748046398163 -649.7155547142029 15660.905981063843
v 17940.85692167282 -1470.226003229618 15479.530107975006
v 17688.250863552094 -2271.4827820658684 15312.747323513031
v 17373.648929595947 -3052.315177023411 15161.335253715515
v 16998.476767539978 -3811.5866750478745 15025.157994031906
v 16563.976418972015 -4548.0615347623825 14903.396517038345
v 16071.29272222519 -5260.294082760811 14794.654875993729
v 15521.55431509018 -5946.558511257172 14697.075408697128
v 14916.00233912468 -6604.832452535629 14608.512443304062
v 14256.046241521835 -7232.779878377914 14526.582700014114
v 13543.33667755127 -7827.785301208496 14448.745393753052
v 12779.842913150787 -8386.983925104141 14372.395837306976
v 11967.881625890732 -8907.321047782898 14294.870841503143
v 11110.169106721878 -9385.621362924576 14213.54141831398
v 10209.857261180878 -9818.696963787079 14125.884783267975
v 9270.557010173798 -10203.47334742546 14029.588758945465
v 8296.350890398026 -10537.161320447922 13922.711080312729
v 7291.757503151894 -10817.401903867722 13803.77749800682
v 6261.717113852501 -11042.50934123993 13672.01578617096
v 5211.478698253632 -11211.649304628372 13527.518647909164
v 4146.512189507484 -11325.086402893066 13371.522724628448
v 3072.303496301174 -11384.279584884644 13206.478798389435
v 1994.1906973719597 -11392.062145471573 13036.306500434875
v 917.1049453318119 -11352.684926986694 12866.538316011429
v -154.68491688370705 -11271.77671790123 12704.38888669014
v -1217.5953067839146 -11151.10877752304 12550.80594420433
v -2267.9893150925636 -10989.788275957108 12402.462977170944
v -3302.377299964428 -10790.444201231003 12261.439955234528
v -4317.5791174173355 -10555.591237545013 12129.610741138458
v -5310.684069991112 -10287.615364789963 12008.707892894745
v -6279.0417939424515 -9988.763958215714 11900.36136507988
v -7220.256409049034 -9661.120587587357 11806.126409769058
v -8132.176393270493 -9306.623017787933 11727.581679821014
v -9012.89278268814 -8927.033507823944 11666.332828998566
v -9860.722070932388 -8523.909109830856 11624.02241230011
v -10674.213409423828 -8098.554867506027 11602.327185869217
v -11452.077955007553 -7652.007615566254 11602.933806180954
v -12193.191570043564 -7184.957227110863 11627.457827329636
v -12896.49491906166 -6697.717362642288 11677.35909819603
v -13560.917866230011 -6190.193969011307 11753.804957866669
v -14185.274171829224 -5661.878529191017 11857.533431053162
v -14768.156188726425 -5111.901164054871 11988.717323541641
v -15307.81695842743 -4539.090034365654 12146.795016527176
v -15802.041506767273 -3942.1171456575394 12330.281460285187
v -16248.1090426445 -3319.688029587269 12536.783474683762
v -16642.711055278778 -2670.7332253456116 12762.787342071533
v -16981.97021484375 -1994.7034895420074 13003.720009326935
v -17261.53577566147 -1291.7962662875652 13254.05799150467
v -17476.657378673553 -563.2108457386494 13507.31297135353
v -17622.41725921631 188.64654153585434 13756.340509653091
v -17694.245064258575 960.0603461265564 13994.18877363205
v -17688.349866867065 1746.1134783923626 14214.786159992218
v -17601.844370365143 2540.918728709221 14412.97459602356
v -17433.07431936264 3337.931415438652 14585.06845831871
v -17181.758904457092 4130.356198549271 14729.099380970001
v -16848.89895915985 4911.5247547626495 14844.678550958633
v -16436.685156822205 5675.246676802635 14932.923805713654
v -15948.352205753326 6416.073632240295 14996.330028772354
v -15387.890839576721 7129.459118843079 15038.357836008072
v -14759.81740951538 7811.854767799377 15063.218468427658
v -14068.938076496124 8460.626190900803 15075.458878278732
v -13320.082402229309 9073.997628688812 15079.674619436264
v -12517.962944507599 9650.808942317963 15080.15433549881
v -11667.040252685547 10190.316706895828 15080.662852525711
v -10771.469765901566 10691.954803466797 15084.221571683884
v -9835.077512264252 11155.13551235199 15093.003165721893
v -8861.471712589264 11579.051506519318 15108.276677131653
v -7854.063481092453 11962.588548660278 15130.430018901825
v -6816.207680106163 12304.262489080429 15159.050977230072
v -5751.318573951721 12602.24176645279 15193.057715892792
v -4662.939581274986 12854.43561077118 15230.866181850433
v -3554.8600539565086 13058.592146635056 15270.575511455536
v -2431.169503927231 13212.477499246597 15310.167837142944
v -1296.236452460289 13314.035999774933 15347.681093215942
v -154.68394653871655 13361.557590961456 15381.399822235107
v 989.0499792993069 13363.571858406067 15425.269091129303
v 2132.012762129307 13327.849662303925 15491.954123973846
v 3271.3550612330437 13252.21202969551 15578.706228733063
v 4403.961759805679 13134.801298379898 15683.359932899475
v 5526.48249566555 12973.9029109478 15803.945970535278
v 6635.313773155212 12767.785209417343 15938.374471664429
v 7726.536411046982 12514.605832099915 16084.128952026367
v 8795.822614431381 12212.349611520767 16238.010704517365
v 9838.34822177887 11858.905977010727 16395.994794368744
v 10848.747253417969 11452.198559045792 16553.206658363342
v 11821.022808551788 10990.436297655106 16703.96350622177
v 12748.664969205856 10472.387951612473 16841.98852777481
v 13624.741703271866 9897.713309526443 16960.713303089142
v 14442.115771770477 9267.269200086594 17053.682816028595
v 15193.756139278412 8583.33899974823 17115.005469322205
v 15873.052084445953 7849.771237373352 17139.81570005417
v 16474.19661283493 7072.010645270348 17124.776196479797
v 16992.568969726562 6256.8979024887085 17068.428909778595
v 17425.04245042801 5412.381175160408 16971.54426574707
v 17770.160806179047 4547.071051597595 16837.15716600418
v 18028.280448913574 3669.7203248739243 16670.665991306305
v 18201.484048366547 2788.629522919655 16479.558992385864
v 18293.351924419403 1911.130066215992 16272.973275184631
v 18308.666837215424 1043.0853135883808 16061.253786087036
v 16647.963631153107 188.6454868130386 16619.110465049744
v 16541.385662555695 -577.7192752808332 16430.74495792389
v 16372.835218906403 -1328.4906074404716 16250.99993944168
v 16144.004356861115 -2061.8261620402336 16081.270456314087
v 15856.439328193665 -2776.075902581215 15922.18472957611
v 15511.578381061554 -3469.6634262800217 15773.742759227753
v 15110.785961151123 -4140.986454486847 15635.348725318909
v 14655.44091463089 -4788.3497804403305 15505.981993675232
v 14146.95988893509 -5409.922742843628 15384.251117706299
v 13586.888235807419 -6003.717175126076 15268.509042263031
v 12976.93961262703 -6567.5869554281235 15156.923305988312
v 12319.044584035873 -7099.251407384872 15047.533643245697
v 11615.396523475647 -7596.320050954819 14938.33658695221
v 10868.476814031601 -8056.349754333496 14827.324169874191
v 10081.084549427032 -8476.895135641098 14712.539726495743
v 9256.35633468628 -8855.604416131973 14592.19399690628
v 8397.776186466217 -9190.312123298645 14464.737129211426
v 7509.161132574081 -9479.169595241547 14328.990983963013
v 6594.64006125927 -9720.754784345627 14184.261637926102
v 5658.611419796944 -9914.235162734985 14030.515789985657
v 4705.6523114442825 -10059.497326612473 13868.508565425873
v 3740.4390677809715 -10157.29010105133 13699.996823072433
v 2767.5850182771683 -10209.297442436218 13527.801257371902
v 1791.5148235857487 -10218.217641115189 13355.9828042984
v 816.2686064839363 -10187.7885222435 13189.965045452118
v -154.68484656885266 -10122.719943523407 13036.572009325027
v -1118.3921851217747 -10023.295414447784 12894.559854269028
v -2071.669116616249 -9887.82017827034 12759.102618694305
v -3011.4218577742577 -9718.531709909439 12632.334274053574
v -3934.8269015550613 -9517.550480365753 12516.191685199738
v -4839.289686083794 -9286.849355697632 12412.41551041603
v -5722.427156567574 -9028.237396478653 12322.594302892685
v -6582.0508897304535 -8743.323856592178 12248.135709762573
v -7416.14256799221 -8433.53528380394 12190.355575084686
v -8222.84362912178 -8100.1101195812225 12150.49234032631
v -9000.426465272903 -7744.0779983997345 12129.699844121933
v -9747.303873300552 -7366.266497969627 12129.077923297882
v -10461.954802274704 -6967.284938693047 12149.641811847687
v -11142.95630455017 -6547.5104331970215 12192.294239997864
v -11788.89353275299 -6107.090136408806 12257.769632339478
v -12398.32643866539 -5645.933595299721 12346.557605266571
v -12969.733971357346 -5163.729849457741 12458.80036354065
v -13501.451975107193 -4659.997832775116 12594.233298301697
v -13991.604787111282 -4134.125974774361 12752.039182186127
v -14438.044935464859 -3585.4901045560837 12930.776166915894
v -14838.323438167572 -3013.559429347515 13128.312081098557
v -15189.66280221939 -2418.028388917446 13341.74792766571
v -15488.9768242836 -1799.014212191105 13567.457485198975
v -15732.899391651154 -1157.1685209870338 13801.03690624237
v -15917.895185947418 -493.87511163949966 14037.486523389816
v -16040.365886688232 188.6464430950582 14271.264851093292
v -16096.92018032074 887.2584834694862 14496.778202056885
v -16084.746372699738 1597.9568175971508 14709.085410833359
v -16001.705992221832 2316.0306736826897 14903.94823551178
v -15846.513795852661 3036.2541392445564 15078.136467933655
v -15618.78457069397 3753.120267391205 15229.485535621643
v -15319.097936153412 4461.117273569107 15357.052206993103
v -14948.914641141891 5154.956355690956 15461.005687713623
v -14510.514461994171 5829.770150780678 15542.5772190094
v -14006.84409737587 6481.262814998627 15603.865671157837
v -13441.358762979507 7105.814877152443 15647.65213727951
v -12817.893487215042 7700.476038455963 15677.189326286316
v -12140.450704097748 8262.961572408676 15695.924353599548
v -11413.110250234604 8791.549271345139 15707.30973482132
v -10639.906960725784 9284.961092472076 15714.576578140259
v -9824.766767024994 9742.226803302765 15720.585179328918
v -8971.442794799805 10162.566077709198 15727.702617645264
v -8083.581966161728 10545.221990346909 15737.716352939606
v -7164.675498008728 10889.407014846802 15751.81622505188
v -6218.154755234718 11194.216620922089 15770.612454414368
v -5247.431302070618 11458.613973855972 15794.191443920135
v -4255.932003259659 11681.438934803009 15822.198581695557
v -3247.1829518675804 11861.448562145233 15853.951644897461
v -2224.8463705182076 11997.384613752365 15888.55060338974
v -1192.7095860242844 12088.050949573517 15925.005424022675
v -154.6839746646583 12132.395434379578 15962.318873405457
v 885.5270504951477 12137.671411037445 16014.115607738495
v 1925.4409953951836 12109.954982995987 16091.91781282425
v 2962.563271820545 12046.7260658741 16192.013764381409
v 3994.042134284973 11945.604979991913 16311.024749279022
v 5016.693726181984 11804.328149557114 16445.707058906555
v 6026.991054415703 11620.691400766373 16592.723381519318
v 7021.055889129639 11392.574262619019 16748.513197898865
v 7994.6202874183655 11117.944467067719 16909.112775325775
v 8943.002742528915 10794.950652122498 17070.111966133118
v 9861.138784885406 10422.041165828705 17226.659607887268
v 10743.54003071785 9998.134171962738 17373.517525196075
v 11584.438186883926 9522.803956270218 17505.25493621826
v 12377.871453762054 8996.47713303566 17616.462659835815
v 13117.86453127861 8420.602750778198 17702.048325538635
v 13798.654526472092 7797.753095626831 17757.56038427353
v 14414.912360906601 7131.684443354607 17779.50311899185
v 14961.987578868866 6427.2997081279755 17765.642654895782
v 15436.170256137848 5690.473836660385 17715.26436805725
v 15834.863805770874 4927.8234004974365 17629.334890842438
v 16156.694781780243 4146.398335695267 17510.536313056946
v 16401.564180850983 3353.314955532551 17363.221180438995
v 16570.579040050507 2555.35746216774 17193.183887004852
v 16665.917432308197 1758.6727239191532 17007.388865947723
v 16690.55485725403 968.4154383838177 16813.439571857452
v 14949.014544487 188.6454868130386 17250.879418849945
v 14858.108800649643 -500.20941123366356 17069.69975233078
v 14709.880137443542 -1175.644339621067 16892.824029922485
v 14505.777603387833 -1835.5611734092236 16721.52489423752
v 14247.207045555115 -2478.032498061657 16556.417965888977
v 13935.589611530304 -3101.2349650263786 16397.683250904083
v 13572.37524986267 -3703.393602371216 16245.086741447449
v 13159.048110246658 -4282.718700170517 16097.982215881348
v 12697.203946113586 -4837.4036729335785 15955.496644973755
v 12188.54831457138 -5365.587708353996 15816.506791114807
v 11634.955078363419 -5865.373542904854 15679.759812355042
v 11038.480806350708 -6334.842312335968 15543.927264213562
v 10401.390874385834 -6772.06255197525 15407.619500160217
v 9726.181066036224 -7175.153648853302 15269.504475593567
v 9015.589272975922 -7542.311492562294 15128.325748443604
v 8272.60269522667 -7871.8939781188965 14983.022183179855
v 7500.448390841484 -8162.461507320404 14832.755851745605
v 6702.584725618362 -8412.903892993927 14677.0767390728
v 5882.668071985245 -8622.484910488129 14515.980345010757
v 5044.506457448006 -8790.948051214218 14350.011187791824
v 4191.997912526131 -8918.621826171875 14180.4554104805
v 3329.04856801033 -9006.446766853333 14009.338980913162
v 2459.468926489353 -9056.066328287125 13839.619398117065
v 1586.873508989811 -9069.816088676453 13675.210893154144
v 714.5460192114115 -9050.718349218369 13521.053731441498
v -154.68477625399828 -9002.3930311203 13383.103412389755
v -1018.3413475751877 -8924.185812473297 13258.418637514114
v -1873.6199602484703 -8813.971722126007 13141.005206108093
v -2717.756199836731 -8673.52021932602 13032.870185375214
v -3548.2002809643745 -8504.490959644318 12935.79113483429
v -4362.584674358368 -8308.431094884872 12851.376408338547
v -5158.701831102371 -8086.727571487427 12781.015652418137
v -5934.495857357979 -7840.6170308589935 12725.95270872116
v -6688.030788302422 -7571.164208650589 12687.257713079453
v -7417.476412653923 -7279.274535179138 12665.87929725647
v -8121.093422174454 -6965.686935186386 12662.62748837471
v -8797.219461202621 -6630.983278155327 12678.21061015129
v -9444.230425357819 -6275.595578551292 12713.199281692505
v -10060.555762052536 -5899.804645776749 12768.046218156815
v -10644.619518518448 -5503.7513345479965 12843.007028102875
v -11194.825041294098 -5087.453645467758 12938.134813308716
v -11709.529775381088 -4650.8355259895325 13053.23696732521
v -12187.003862857819 -4193.745321035385 13187.770771980286
v -12625.40134191513 -3716.0124748945236 13340.802896022797
v -13022.73674607277 -3217.5274088978767 13510.997694730759
v -13376.852703094482 -2698.286297917366 13696.4615046978
v -13685.458636283875 -2158.508974313736 13894.868648052216
v -13946.078562736511 -1598.7275809049606 14103.284126520157
v -14156.134796142578 -1019.8774740099907 14318.281525373459
v -14313.016349077225 -423.4115272760391 14536.062717437744
v -14414.092433452606 188.64635871723294 14752.341759204865
v -14456.79166316986 813.6265117675066 14962.385392189026
v -14439.007967710495 1448.2179038226604 15162.051677703857
v -14359.250897169113 2088.613083958626 15348.046505451202
v -14216.639322042465 2730.6383311748505 15517.80298948288
v -14010.901433229446 3369.8860853910446 15669.386065006256
v -13742.422443628311 4001.8831968307495 15801.64909362793
v -13412.261688709259 4622.261369228363 15914.320266246796
v -13022.06802368164 5226.865163445473 16007.827997207642
v -12574.04922246933 5811.898252367973 16083.34412574768
v -12070.849573612213 6373.9945232868195 16142.596709728241
v -11515.478777885437 6910.243278741837 16187.754821777344
v -10911.187744140625 7418.236488103867 16221.291744709015
v -10261.383986473083 7896.0057854652405 16245.812165737152
v -9569.551521539688 8341.983318328857 16263.899171352386
v -8839.18696641922 8754.92884516716 16278.01524400711
v -8073.734736442566 9133.858633041382 16290.372657775879
v -7276.61449611187 9477.941054105759 16302.865076065063
v -6451.160407066345 9786.451584100723 16317.013549804688
v -5600.6616294384 10058.702600002289 16333.955717086792
v -4728.378522396088 10294.00827884674 16354.44940328598
v -3837.544894218445 10491.66749715805 16378.897821903229
v -2931.4211040735245 10650.95843076706 16407.40177631378
v -2013.32286298275 10771.149355173111 16439.810061454773
v -1086.6073958575726 10851.53824687004 16475.773465633392
v -154.68398872762918 10891.465383768082 16514.81317281723
v 779.2289350181818 10896.714359521866 16569.54220533371
v 1712.8742404282093 10871.932929754257 16650.244307518005
v 2643.942703306675 10814.832317829132 16752.997148036957
v 3569.78390365839 10723.164248466492 16874.007999897003
v 4487.41255402565 10594.748848676682 17009.503936767578
v 5393.517443537712 10427.516949176788 17155.6742310524
v 6284.458175301552 10219.546085596085 17308.556950092316
v 7156.274616718292 9969.126200675964 17464.001154899597
v 8004.689824581146 9674.84154701233 17617.66149997711
v 8825.17169713974 9335.667890310287 17765.034234523773
v 9612.921273708344 8951.09401345253 17901.509404182434
v 10363.008189201355 8521.225219964981 18022.531056404114
v 11070.453476905823 8046.905738115311 18123.748445510864
v 11730.349272489548 7529.797023534775 18201.212239265442
v 12338.037019968033 6972.4074602127075 18251.59592628479
v 12889.236176013947 6378.113961219788 18272.37402200699
v 13380.209815502167 5751.095366477966 18262.032675743103
v 13807.923936843872 5096.206438541412 18220.201075077057
v 14170.143765211105 4418.788856267929 18147.692847251892
v 14465.505754947662 3724.4966089725494 18046.583461761475
v 14693.510389328003 3019.0239623188972 17920.017623901367
v 14854.514080286026 2307.880900800228 17772.157073020935
v 14949.598664045334 1596.1962461471558 17607.872772216797
v 14980.409395694733 888.4910184890032 17432.347095012665
v 13167.913407087326 188.6454868130386 17731.25070333481
v 13092.158770561218 -417.9829955101013 17559.719359874725
v 12964.676702022552 -1013.3722811937332 17388.7478351593
v 12786.657041311264 -1595.350555330515 17219.405364990234
v 12559.386831521988 -2161.911988258362 17052.455174922943
v 12284.195417165756 -2711.1612290143967 16888.23207616806
v 11962.510246038437 -3241.2981048226357 16726.82067155838
v 11595.831668376923 -3750.5700320005417 16567.979753017426
v 11185.780638456345 -4237.27707862854 16411.302506923676
v 10734.105014801025 -4699.753513932228 16256.22911453247
v 10242.680460214615 -5136.3689333200455 16102.055752277374
v 9713.549143075943 -5545.5482840538025 15948.049795627594
v 9148.910737037659 -5925.779065489769 15793.458819389343
v 8551.139521598816 -6275.648680329323 15637.571799755096
v 7922.787082195282 -6593.877285718918 15479.80191707611
v 7266.576460003853 -6879.360094666481 15319.744157791138
v 6585.393151640892 -7131.202927231789 15157.195115089417
v 5882.261708378792 -7348.791962862015 14992.291593551636
v 5160.321435332298 -7531.828391551971 14825.544810295105
v 4422.792190313339 -7680.390965938568 14657.957398891449
v 3672.9093566536903 -7794.960302114487 14491.031509637833
v 2913.8842418789864 -7876.473331451416 14326.918214559555
v 2148.8169997930527 -7926.30529999733 14168.38960647583
v 1380.6398160755634 -7946.292269229889 14018.947702646255
v 612.025386467576 -7938.669013977051 13882.771342992783
v -154.6847059391439 -7906.012320518494 13764.72699046135
v -917.3642102628946 -7847.180050611496 13660.689806938171
v -1673.540335893631 -7760.040032863617 13564.14447426796
v -2420.741079747677 -7645.883810520172 13476.787549257278
v -3156.6563457250595 -7505.936324596405 13400.136482715607
v -3879.1073858737946 -7341.344213485718 13335.542219877243
v -4586.036956310272 -7153.150162100792 13284.189200401306
v -5275.50054192543 -6942.288851737976 13247.098958492279
v -5945.643180608749 -6709.574809670448 13225.133723020554
v -6594.685512781143 -6455.705559253693 13219.009017944336
v -7220.909380912781 -6181.266570091248 13229.2999625206
v -7822.660529613495 -5886.738458275795 13256.45837187767
v -8398.297303915024 -5572.501036524773 13300.77315568924
v -8946.226650476456 -5238.851314783096 13362.423419952393
v -9464.84381556511 -4886.005300283432 13441.379463672638
v -9952.553045749664 -4514.139398932457 13537.484681606293
v -10407.727986574173 -4123.386365175247 13650.329560041428
v -10828.703582286835 -3713.874903321266 13779.254376888275
v -11213.777875900269 -3285.770393908024 13923.357301950455
v -11561.170607805252 -2839.311569929123 14081.37919306755
v -11869.040316343307 -2374.859343469143 14251.714396476746
v -12135.51493883133 -1892.9609328508377 14432.494449615479
v -12358.640509843826 -1394.402289390564 14621.390974521637
v -12536.475664377213 -880.2625492215157 14815.829885005951
v -12667.07273721695 -351.9710445776582 15012.83928155899
v -12748.582166433334 188.64624621346593 15209.317660331726
v -12779.022085666656 739.3253676593304 15401.051080226898
v -12756.791341304779 1297.3132260143757 15584.372818470001
v -12680.9701025486 1859.5319010317326 15757.04540014267
v -12550.997650623322 2422.652518749237 15917.06895828247
v -12366.777682304382 2983.187687397003 16062.972843647003
v -12128.654909133911 3537.5801503658295 16193.705821037292
v -11837.452858686447 4082.319340109825 16308.853876590729
v -11494.424372911453 4613.999992609024 16408.445811271667
v -11101.245307922363 5129.418900609016 16493.032443523407
v -10659.947031736374 5625.655016303062 16563.63980770111
v -10172.882223129272 6100.070801377296 16621.637749671936
v -9642.625868320465 6550.378379225731 16668.675124645233
v -9071.95816040039 6974.61793422699 16706.613194942474
v -8463.770896196365 7371.137011051178 16737.363624572754
v -7821.044075489044 7738.569813966751 16762.863278388977
v -7146.773898601532 8075.79670548439 16784.939217567444
v -6443.9975172281265 8381.882554292679 16805.288898944855
v -5715.722832083702 8656.050634384155 16825.39737224579
v -4964.947393536568 8897.629523277283 16846.506679058075
v -4194.659751653671 9106.022500991821 16869.610452651978
v -3407.8205555677414 9280.681449174881 16895.432317256927
v -2607.401929795742 9421.085250377655 16924.44748878479
v -1796.399512141943 9526.737987995148 16956.884574890137
v -977.8186157345772 9597.158145904541 16992.750775814056
v -154.68401685357094 9631.900209188461 17031.85168504715
v 670.1287444680929 9635.266321897507 17085.254073143005
v 1494.462127238512 9610.694599151611 17161.897039413452
v 2316.1114513874054 9556.41918182373 17258.220064640045
v 3132.599440217018 9470.671510696411 17370.633828639984
v 3941.176614165306 9351.73162817955 17495.50040960312
v 4738.82922232151 9197.987580299377 17629.11888360977
v 5522.289255261421 9007.994818687439 17767.707324028015
v 6288.049745559692 8780.539202690125 17907.41000175476
v 7032.3881685733795 8514.715301990509 18044.318985939026
v 7751.430344581604 8209.986698627472 18174.526345729828
v 8441.141438484192 7866.280490159988 18294.174551963806
v 9097.461414337158 7484.0372413396835 18399.595081806183
v 9716.332936286926 7064.270386099815 18487.351620197296
v 10293.823772668839 6608.619329333305 18554.438066482544
v 10826.216799020767 6119.323346018791 18598.350536823273
v 11310.109901428223 5599.244531989098 18617.24396944046
v 11742.503279447556 5051.790851354599 18610.00052690506
v 12120.894849300385 4480.827483534813 18576.2943983078
v 12443.357646465302 3890.562069416046 18516.66020154953
v 12708.550626039505 3285.4252323508263 18432.44618177414
v 12915.71416258812 2669.9011474847794 18325.657606124878
v 13064.688050746918 2048.403337597847 18198.981964588165
v 13155.80530166626 1425.1551941037178 18055.47935962677
v 13189.85344171524 804.0530599653721 17898.49430322647
v 11320.669054985046 188.6454868130386 18049.760568141937
v 11259.622710943222 -332.17150662094355 17891.35706424713
v 11153.27605009079 -843.9430706202984 17730.640482902527
v 11002.608305215836 -1344.6074470877647 17568.642258644104
v 10808.693212270737 -1832.2340995073318 17406.037414073944
v 10572.739511728287 -2305.0188049674034 17243.409168720245
v 10296.036046743393 -2761.2526312470436 17081.023931503296
v 9980.000364780426 -3199.3247494101524 16919.04010772705
v 9626.156216859818 -3617.7051082253456 16757.452297210693
v 9236.143457889557 -4014.9448841810226 16596.1452960968
v 8811.719846725464 -4389.674681425095 16434.91209745407
v 8354.783546924591 -4740.628382563591 16273.574495315552
v 7867.342525720596 -5066.634598374367 16111.916482448578
v 7351.543354988098 -5366.649743914604 15949.801254272461
v 6809.650060534477 -5639.776039123535 15787.20360994339
v 6244.034671783447 -5885.267809033394 15624.195551872253
v 5657.178571820259 -6102.588185667992 15461.10109090805
v 5051.640546321869 -6291.410008072853 15298.465645313263
v 4430.03788292408 -6451.656323671341 15137.138843536377
v 3795.019370317459 -6583.507588505745 14978.310525417328
v 3149.220971763134 -6687.4237179756165 14823.542243242264
v 2495.2406242489815 -6764.1521871089935 14674.820363521576
v 1835.5796240270138 -6814.719480276108 14534.573167562485
v 1172.612475603819 -6840.399590134621 14405.649250745773
v 508.53322744369507 -6842.695567011833 14291.339123249054
v -154.6846356242895 -6823.27381670475 14195.309507846832
v -815.1799637824297 -6780.904448032379 14112.924349308014
v -1470.7853719592094 -6713.772550225258 14037.852835655212
v -2119.3144619464874 -6622.745752334595 13971.39191031456
v -2758.6931705474854 -6508.680883049965 13914.752113819122
v -3386.9380563497543 -6372.386619448662 13868.981981277466
v -4002.152755856514 -6214.625287055969 13835.021144151688
v -4602.526408433914 -6036.100259423256 13813.680529594421
v -5186.308905482292 -5837.436607480049 13805.597358942032
v -5751.815840601921 -5619.20765042305 13811.326950788498
v -6297.406908869743 -5381.91245496273 13831.262618303299
v -6821.49310708046 -5125.9906858205795 13865.669870376587
v -7322.500282526016 -4851.832956075668 13914.675611257553
v -7798.900634050369 -4559.79477763176 13978.310441970825
v -8249.173110723495 -4250.199261307716 14056.425857543945
v -8671.80386185646 -3923.3519673347473 14148.711347579956
v -9065.2907371521 -3579.5760065317154 14254.723197221756
v -9428.118085861206 -3219.207765161991 14373.769283294678
v -9758.78015756607 -2842.643256485462 14505.01257777214
v -10055.759501457214 -2450.365571677685 14647.399145364761
v -10317.532366514206 -2042.9592803120613 14799.615842103958
v -10542.58040189743 -1621.148344129324 14960.1065158844
v -10729.419457912445 -1185.8519189059734 15127.180910110474
v -10876.577085256577 -738.1748478859663 15298.800456523895
v -10982.676237821579 -279.47415150702 15472.902286052704
v -11046.414572000504 188.6461477726698 15647.162520885468
v -11066.316038370132 664.283836260438 15817.901837825775
v -11041.21149778366 1145.1770819723606 15981.93953037262
v -10970.542931556702 1628.8517020642757 16137.709546089172
v -10854.056531190872 2112.6906901597977 16283.957242965698
v -10691.770297288895 2593.9629048109055 16419.528782367706
v -10484.049642086029 3069.904015958309 16543.7113404274
v -10231.561487913132 3537.7556562423706 16656.031501293182
v -9935.295867919922 3994.8166102170944 16756.37766122818
v -9596.550625562668 4438.506716489792 16844.996428489685
v -9216.896313428879 4866.410294175148 16922.44222164154
v -8798.148292303085 5276.280418038368 16989.494466781616
v -8342.328929901123 5666.106420755386 17047.211599349976
v -7851.636999845505 6034.090042114258 17096.78885936737
v -7328.409430384636 6378.657129406929 17139.53309059143
v -6775.092503428459 6698.450887203217 17176.833939552307
v -6194.186052680016 6992.313876748085 17210.03965139389
v -5588.2668644189835 7259.2506647109985 17240.453469753265
v -4959.925675392151 7498.421972990036 17269.279634952545
v -4311.780223250389 7709.116327762604 17297.596383094788
v -3646.4585959911346 7890.711808204651 17326.30194425583
v -2966.587306559086 8042.674696445465 17356.12714290619
v -2274.8065933585167 8164.528876543045 17387.602996826172
v -1573.7815581262112 8255.841434001923 17421.05531692505
v -866.1807902157307 8316.230756044388 17456.62090778351
v -154.68403091654181 8345.348531007767 17494.222366809845
v 558.130456879735 8346.149557828903 17543.009400367737
v 1270.1845176517963 8321.044117212296 17610.44145822525
v 1979.3753013014793 8268.858569860458 17693.674445152283
v 2683.4119498729706 8188.410276174545 17789.713060855865
v 3379.8172429203987 8078.567898273468 17895.50620317459
v 4065.9329414367676 7938.291001319885 18007.889366149902
v 4738.928225636482 7766.6867554187775 18123.651242256165
v 5395.826470851898 7563.0810379981995 18239.589524269104
v 6033.516272902489 7327.0440846681595 18352.47130393982
v 6648.81377518177 7058.4507912397385 18459.142875671387
v 7238.458168506622 6757.544615864754 18556.56933784485
v 7799.203944206238 6424.947929382324 18641.902995109558
v 8327.851045131683 6061.699366569519 18712.52475976944
v 8821.316868066788 5669.2785769701 18766.179156303406
v 9276.703315973282 5249.581024050713 18800.990521907806
v 9691.341799497604 4804.912135004997 18815.54400920868
v 10062.854439020157 4337.957149744034 18808.95218849182
v 10389.214366674423 3851.702818274498 18780.842447280884
v 10668.771827220917 3349.3674233555794 18731.356990337372
v 10900.279378890991 2834.3438535928726 18661.187040805817
v 11082.897293567657 2310.1008251309395 18571.468436717987
v 11216.165655851364 1780.0905160605907 18463.639426231384
v 11300.01516342163 1247.7150402963161 18339.51987028122
v 11334.67172384262 716.206518560648 18200.91882944107
v 9426.121819019318 188.6454868130386 18207.5124502182
v 9379.150146245956 -244.12709921598434 18066.35352373123
v 9293.991994857788 -670.0151719152927 17921.223664283752
v 9171.382689476013 -1087.20119073987 17772.954499721527
v 9012.192559242249 -1493.9740858972073 17622.246253490448
v 8817.419737577438 -1888.7303411960602 17469.72714662552
v 8588.167661428452 -2269.9626311659813 17315.8597946167
v 8325.64777135849 -2636.2568959593773 17160.982608795166
v 8031.190311908722 -2986.30134165287 17005.42860031128
v 7706.227231025696 -3318.8780024647713 16849.44077730179
v 7352.290380001068 -3632.8586906194687 16693.182945251465
v 6971.015563607216 -3927.2315472364426 16536.871111392975
v 6564.138489961624 -4201.091367006302 16380.744683742523
v 6133.4776699543 -4453.6479234695435 16225.044870376587
v 5680.940267443657 -4684.249594807625 16070.14068365097
v 5208.503648638725 -4892.3775136470795 15916.482138633728
v 4718.209981918335 -5077.670767903328 15764.677655696869
v 4212.144637107849 -5239.931350946426 15615.513861179352
v 3692.419084906578 -5379.122811555862 15469.932186603546
v 3161.1582964658737 -5495.389154553413 15329.129672050476
v 2620.4669922590256 -5589.050340652466 15194.530165195465
v 2072.416366636753 -5660.58968603611 15067.791521549225
v 1519.0104492008686 -5710.650712251663 14950.826305150986
v 962.1719293296337 -5740.008795261383 14845.770287513733
v 403.71237080544233 -5749.545514583588 14754.963546991348
v -154.68455124646425 -5740.219402313232 14680.936968326569
v -711.3829758018255 -5711.000373959541 14619.25340294838
v -1264.5166903734207 -5660.562685132027 14564.3947660923
v -1812.1950410306454 -5589.446803927422 14517.26108789444
v -2352.601373195648 -5498.214799165726 14478.731697797775
v -2883.9766904711723 -5387.416139245033 14449.565321207047
v -3404.62117344141 -5257.589042186737 14430.436080694199
v -3912.89541721344 -5109.252375364304 14421.919095516205
v -4407.2095185518265 -4942.9016053676605 14424.486881494522
v -4886.0179007053375 -4759.004297852516 14438.494950532913
v -5347.82021343708 -4558.010917901993 14464.224112033844
v -5791.1588579416275 -4340.344929695129 14501.817470788956
v -6214.593335986137 -4106.413146853447 14551.282227039337
v -6616.734901070595 -3856.627333164215 14612.593179941177
v -6996.20515704155 -3591.3830518722534 14685.502821207047
v -7351.6626089811325 -3311.1082673072815 14769.73934173584
v -7681.778812408447 -3016.2376940250397 14864.80952501297
v -7985.250973701477 -2707.2564482688904 14970.128351449966
v -8260.813200473785 -2384.7036480903625 15085.005497932434
v -8507.21265077591 -2049.1897389292717 15208.552634716034
v -8723.229783773422 -1701.4102190732956 15339.717626571655
v -8907.699060440063 -1342.1700529754162 15477.38083600998
v -9059.503543376923 -972.4047094583511 15620.269620418549
v -9177.577596902847 -593.1738615036011 15766.920530796051
v -9260.957288742065 -205.6983015500009 15915.864717960358
v -9308.777689933777 188.64603526890278 16065.527129173279
v -9319.995665550232 588.2965981960297 16212.806260585785
v -9293.80208849907 991.4394468069077 16354.97682094574
v -9229.90984916687 1396.1333848536015 16491.088378429413
v -9128.232544660568 1800.3545820713043 16620.312905311584
v -8988.889878988266 2202.0144060254097 16741.894376277924
v -8812.23196387291 2599.0044236183167 16855.310773849487
v -8598.8321185112 2989.223964512348 16960.245287418365
v -8349.477869272232 3370.5975592136383 17056.525111198425
v -8065.175449848175 3741.114990413189 17144.195246696472
v -7747.13180065155 4098.869094252586 17223.540103435516
v -7396.751418709755 4442.04788506031 17294.9844956398
v -7015.580105781555 4768.977981805801 17359.077441692352
v -6605.333319306374 5078.130683302879 17416.56596660614
v -6167.839020490646 5368.111392855644 17468.211495876312
v -5705.0408244133 5637.685269117355 17514.8996591568
v -5218.948498368263 5885.753375291824 17557.49088525772
v -4711.6631627082825 6111.345928907394 17596.845602989197
v -4185.327339172363 6313.621851801872 17633.797240257263
v -3642.126075923443 6491.849419474602 17669.09282207489
v -3084.282897412777 6645.393660664558 17703.387570381165
v -2514.035053551197 6773.7087070941925 17737.21970319748
v -1933.6494952440262 6876.321142911911 17770.997834205627
v -1345.423099398613 6952.823254466057 17804.979372024536
v -751.6621369868517 7002.876630425453 17839.292120933533
v -154.68405904248357 7026.191461086273 17873.87487888336
v 443.25058218091726 7024.597507715225 17915.76588153839
v 1040.2003794908524 6999.650922417641 17970.829725265503
v 1634.217569231987 6950.695583224297 18037.050342559814
v 2223.246116936207 6877.07986831665 18112.23165988922
v 2805.122350156307 6778.207057714462 18194.085800647736
v 3377.5806680321693 6653.562334179878 18280.24388551712
v 3938.263216614723 6502.755534648895 18368.28843355179
v 4484.733614325523 6325.554451346397 18455.787563323975
v 5014.493602514267 6121.919482946396 18540.334594249725
v 5525.026246905327 5892.027935385704 18619.59124803543
v 6013.788062334061 5636.312273144722 18691.309249401093
v 6478.279215097427 5355.471369624138 18753.431129455566
v 6916.051173210144 5050.4745572805405 18804.027223587036
v 7324.764758348465 4722.58907854557 18841.475677490234
v 7702.212196588516 4373.341384530067 18864.358043670654
v 8046.3648200035095 4004.5315355062485 18871.62128686905
v 8355.383867025375 3618.198099732399 18862.493181228638
v 8627.66998410225 3216.5778771042824 18836.52011156082
v 8861.883926391602 2802.0701229572296 18793.61207485199
v 9056.949257850647 2377.203246951103 18733.974277973175
v 9212.058651447296 1944.57406103611 18658.060336112976
v 9326.675689220428 1506.8072780966759 18566.53447151184
v 9400.538462400436 1066.53391122818 18460.309314727783
v 9433.617269992828 626.3124648481607 18340.304696559906
v 7504.06876206398 188.6454868130386 18218.933832645416
v 7470.184427499771 -155.26448003947735 18099.390029907227
v 7405.663067102432 -494.32417042553425 17975.39827823639
v 7311.0275983810425 -827.0576614886522 17847.642600536346
v 7186.927843093872 -1152.0663626492023 17716.771018505096
v 7034.108576178551 -1468.025654554367 17583.305549621582
v 6853.440126776695 -1773.6972644925117 17447.829413414
v 6645.876526832581 -2067.9200410842896 17310.79442501068
v 6412.47846186161 -2349.620698392391 17172.683000564575
v 6154.391670227051 -2617.8098782896996 17033.92355442047
v 5872.845143079758 -2871.58440053463 16894.928300380707
v 5569.150674343109 -3110.138738155365 16756.147253513336
v 5244.693860411644 -3332.7611923217773 16618.053829669952
v 4900.92059969902 -3538.8347923755646 16481.119644641876
v 4539.340242743492 -3727.8507962822914 16345.908117294312
v 4161.511191725731 -3899.4057655334473 16213.051068782806
v 3769.0280750393867 -4053.199315071106 16083.239722251892
v 3363.5183721780777 -4189.049863815308 15957.284104824066
v 2946.621713042259 -4306.873708963394 15836.06264591217
v 2519.988077878952 -4406.70460164547 15720.617580413818
v 2085.2541714906693 -4488.676196336746 15612.070345878601
v 1644.039373099804 -4553.013950586319 15511.666584014893
v 1197.9249231517315 -4600.024774670601 15420.734739303589
v 748.4532482922077 -4630.0866812467575 15340.700459480286
v 297.10959512740374 -4643.632584810257 15273.081195354462
v -154.68448093160987 -4641.121950745583 15219.403398036957
v -605.5190123617649 -4621.862655878067 15176.03634595871
v -1053.8405612111092 -4585.050073266029 15138.742697238922
v -1498.0770982801914 -4531.000563502312 15108.109271526337
v -1936.6987973451614 -4460.049387812614 15084.650886058807
v -2368.2132959365845 -4372.556108236313 15068.868857622147
v -2791.163557767868 -4268.896037340164 15061.20150089264
v -3204.13586050272 -4149.446287751198 15062.003427743912
v -3605.75293302536 -4014.5943224430084 15071.577948331833
v -3994.671255350113 -3864.7253543138504 15090.114969015121
v -4369.586908817291 -3700.238321721554 15117.779195308685
v -4729.233101010323 -3521.5319380164146 15154.610228538513
v -5072.371390461922 -3329.023817181587 15200.612568855286
v -5397.800686955452 -3123.133373260498 15255.644011497498
v -5704.352301359177 -2904.3040961027145 15319.4939494133
v -5990.895795822144 -2673.011201620102 15391.912174224854
v -6256.331783533096 -2429.7539815306664 15472.490072250366
v -6499.597778916359 -2175.074478983879 15560.743427276611
v -6719.682598114014 -1909.5660388469696 15656.14482164383
v -6915.608808398247 -1633.877582848072 15758.033633232117
v -7086.449828743935 -1348.7212598323822 15865.646636486053
v -7231.347480416298 -1054.8831336200237 15978.206205368042
v -7349.485886096954 -753.2305520027876 16094.761908054352
v -7440.146821737289 -444.71557810902596 16214.428114891052
v -7502.680015563965 -130.37934992462397 16336.184191703796
v -7536.53059899807 188.64593682810664 16458.989703655243
v -7541.040199995041 511.1189015209675 16580.470371246338
v -7515.71110188961 835.6431614607573 16698.50572347641
v -7460.41100025177 1160.7498534023762 16812.483739852905
v -7375.1520454883575 1484.9233828485012 16921.844601631165
v -7260.111093521118 1806.6220544278622 17026.194095611572
v -7115.598654747009 2124.286003410816 17125.116407871246
v -6942.090395092964 2436.368077993393 17218.39553117752
v -6740.20913541317 2741.3329392671585 17305.86405992508
v -6510.730701684952 3037.6822620630264 17387.48779296875
v -6254.567274451256 3323.9759981632233 17463.360333442688
v -5972.776389122009 3598.8251760601997 17533.64908695221
v -5666.524484753609 3860.9245270490646 17598.597061634064
v -5337.105804681778 4109.052485227585 17658.571469783783
v -4985.911795496941 4342.0725375413895 17713.961124420166
v -4614.425256848335 4558.940649032593 17765.194439888
v -4224.2036908864975 4758.715838193893 17812.74663209915
v -3816.8865025043488 4940.537226200104 17857.071316242218
v -3394.1634982824326 5103.645187616348 17898.636507987976
v -2957.7757865190506 5247.362899780273 17937.838220596313
v -2509.5121771097183 5371.096342802048 17975.047266483307
v -2051.18600577116 5474.3333995342255 18010.560655593872
v -1584.648859500885 5556.63620531559 18044.608795642853
v -1111.7847263813019 5617.637547850609 18077.328491210938
v -634.4928950071335 5657.038617134094 18108.75574350357
v -154.68407310545444 5674.612155556679 18138.84015083313
v 325.7543198764324 5671.333795785904 18172.48327732086
v 805.1134079694748 5648.092317581177 18213.899064064026
v 1281.6883653402328 5604.594761133194 18261.825668811798
v 1753.7254832684994 5540.586417913437 18314.88424539566
v 2219.4234639406204 5455.861631035805 18371.57714366913
v 2676.9369080662727 5350.288546085358 18430.34371137619
v 3124.387115240097 5223.830711841583 18489.58729505539
v 3559.86804664135 5076.561930775642 18547.677040100098
v 3981.461063027382 4908.694159984589 18603.023493289948
v 4387.260350584984 4720.5725610256195 18654.05340194702
v 4775.364595651627 4512.7155512571335 18699.274516105652
v 5143.922436237335 4285.794103145599 18737.26838827133
v 5491.143262386322 4040.6641453504562 18766.77677631378
v 5815.313866734505 3778.3494621515274 18786.66924238205
v 6114.824995398521 3500.030893087387 18795.948553085327
v 6388.190248608589 3207.0575833320618 18793.835282325745
v 6634.054180979729 2900.9251579642296 18779.721009731293
v 6851.2170523405075 2583.248046040535 18753.15752029419
v 7038.65552842617 2255.7484552264214 18713.918006420135
v 7195.515930652618 1920.2365711331367 18661.955666542053
v 7321.122336387634 1578.578718751669 18597.338902950287
v 7414.996829628944 1232.6784618198872 18520.352125167847
v 7476.828899979591 884.4578709453344 18431.30314350128
v 7506.499293446541 535.8185410499573 18330.65277338028
v 5573.038804531097 188.6454868130386 18112.175858020782
v 5550.801759958267 -66.86880071647465 18018.41251850128
v 5505.6859493255615 -319.33195795863867 17920.777249336243
v 5438.031134009361 -567.6566570997238 17819.84246969223
v 5348.260778188705 -810.8001921325922 17716.065394878387
v 5236.888349056244 -1047.770082950592 17609.924840927124
v 5104.515066742897 -1277.628666907549 17501.89962387085
v 4951.821354031563 -1499.4956582784653 17392.477560043335
v 4779.56368625164 -1712.5500045716763 17282.123064994812
v 4588.566040992737 -1916.0320803523064 17171.300554275513
v 4379.723048210144 -2109.248524904251 17060.503244400024
v 4153.988739848137 -2291.5748298168182 16950.242352485657
v 3912.3688995838165 -2462.448926270008 16841.011095046997
v 3655.918587744236 -2621.3789477944374 16733.320689201355
v 3385.739666223526 -2767.94660538435 16627.752554416656
v 3102.9670730233192 -2901.799762248993 16524.88090991974
v 2808.7697222828865 -3022.6612091064453 16425.364577770233
v 2504.3334037065506 -3130.314038693905 16329.826378822327
v 2190.866182744503 -3224.6140211820602 16238.99713754654
v 1869.582537561655 -3305.475653707981 16153.596878051758
v 1541.6986338794231 -3372.8746354579926 16074.412226676941
v 1208.4281623363495 -3426.832117140293 16002.195608615875
v 870.9752507507801 -3467.433151602745 15937.83085346222
v 530.5291764438152 -3494.7780922055244 15882.082986831665
v 188.2605692371726 -3509.0181440114975 15835.81063747406
v -154.6843965537846 -3510.3150874376297 15799.780631065369
v -497.15729653835297 -3498.3140856027603 15771.557486057281
v -837.9404883831739 -3472.6351007819176 15748.379909992218
v -1175.8062325417995 -3433.449138700962 15730.580914020538
v -1509.5493324100971 -3380.9463307261467 15718.39450597763
v -1837.9869796335697 -3315.3615847229958 15712.14109659195
v -2159.955322742462 -3236.934758722782 15711.988091468811
v -2474.321673810482 -3145.942386984825 15718.138897418976
v -2779.978208243847 -3042.677654325962 15730.733919143677
v -3075.846239924431 -2927.457146346569 15749.882960319519
v -3360.871833562851 -2800.6086990237236 15775.58422088623
v -3634.0429052710533 -2662.4941244721413 15807.884502410889
v -3894.365146756172 -2513.487835228443 15846.681201457977
v -4140.888801217079 -2353.9894446730614 15891.864514350891
v -4372.693812847137 -2184.4269171357155 15943.258035182953
v -4588.898602128029 -2005.2567929029465 16000.64035654068
v -4788.664790987968 -1816.9676758348942 16063.754069805145
v -4971.188202500343 -1620.0786583125591 16132.24276304245
v -5135.714611411095 -1415.1458464562893 16205.706822872162
v -5281.534793972969 -1202.770010381937 16283.714234828949
v -5407.995328307152 -983.5930965840816 16365.789783000946
v -5514.496794342995 -758.298846706748 16451.406049728394
v -5600.499173998833 -527.6240479201078 16540.00141620636
v -5665.531751513481 -292.3475356772542 16630.998063087463
v -5709.197163581848 -53.29939089715481 16723.830771446228
v -5731.161049008369 188.6458383873105 16817.810118198395
v -5731.069695949554 432.5569022446871 16911.386251449585
v -5708.661195635796 677.4218011647463 17003.03452014923
v -5663.902246952057 922.1929844468832 17092.38591194153
v -5596.856752038002 1165.8009350299835 17179.107415676117
v -5507.691666483879 1407.1614541113377 17262.907421588898
v -5396.677899360657 1645.1879240572453 17343.53392124176
v -5264.183112978935 1878.798621147871 17420.783507823944
v -5110.681173205376 2106.921947002411 17494.52657699585
v -4936.744949221611 2328.5075664520264 17564.67492580414
v -4743.038663268089 2542.5342828035355 17631.17995262146
v -4530.324190855026 2748.0098128318787 17694.04525756836
v -4299.4484603405 2943.9925000071526 17753.342843055725
v -4051.3421028852463 3129.585464298725 17809.166312217712
v -3787.0104521512985 3303.9413273334503 17861.641669273376
v -3507.5335443019867 3466.271437704563 17910.920119285583
v -3214.043167233467 3615.8440709114075 17957.13666677475
v -2907.7473863959312 3751.9905045628548 18000.48931837082
v -2589.8931935429573 3874.0996181964874 18041.118478775024
v -2261.7786571383476 3981.629368662834 18079.18075323105
v -1924.7434720396996 4074.0948647260666 18114.80394601822
v -1580.1556840538979 4151.082992553711 18148.106861114502
v -1229.4158525764942 4212.2310400009155 18179.11649942398
v -873.9576131105423 4257.251897454262 18207.899463176727
v -515.2277640998363 4285.912457108498 18234.40535068512
v -154.6841012313962 4298.0507135391235 18258.58736038208
v 206.21894085779786 4294.0730303525925 18283.38679075241
v 566.1084927618504 4274.399721622467 18311.438930034637
v 923.6184634268284 4238.952034711838 18342.07775592804
v 1277.3686707019806 4187.700268626213 18374.58144426346
v 1625.9663179516792 4120.660623908043 18408.116567134857
v 1968.0128708481789 4037.915453314781 18441.84069633484
v 2302.1067574620247 3939.6119117736816 18474.855601787567
v 2626.8515810370445 3825.971406698227 18506.245052814484
v 2940.8606201410294 3697.300623357296 18535.07661819458
v 3242.779779434204 3553.9951249957085 18560.49346923828
v 3531.2689140439034 3396.541152894497 18581.59557580948
v 3805.041205883026 3225.5230516195297 18597.581911087036
v 4062.856188416481 3041.6185438632965 18607.698249816895
v 4303.536397218704 2845.604580640793 18611.255168914795
v 4525.980195403099 2638.3433908224106 18607.65504837036
v 4729.163348674774 2420.7858562469482 18596.363270282745
v 4912.152525782585 2193.9692616462708 18576.9748210907
v 5074.118348956108 1958.9986190199852 18549.174690246582
v 5214.338093996048 1717.0368798077106 18512.750470638275
v 5332.198840379715 1469.3012222647667 18467.56715774536
v 5427.2060215473175 1217.0476384460926 18413.595950603485
v 5498.987025022507 961.5564212203026 18350.901651382446
v 5547.28579223156 704.1301392018795 18279.621064662933
v 5571.970468759537 446.0617419332266 18199.92879629135
v 3648.021948337555 188.6454868130386 17928.43290567398
v 3635.5380803346634 20.0997841428034 17863.92594575882
v 3607.94540643692 -146.85312183573842 17796.954703330994
v 3565.4196575284004 -311.5144930779934 17727.798187732697
v 3508.1964164972305 -473.2077196240425 17656.762409210205
v 3436.5812435746193 -631.2833312898874 17584.248781204224
v 3350.926725566387 -785.1187884807587 17510.575914382935
v 3251.6421511769295 -934.1210838407278 17436.064219474792
v 3139.1939610242844 -1077.7341112494469 17361.125910282135
v 3014.089997112751 -1215.431859344244 17286.086797714233
v 2876.890078186989 -1346.7283681035042 17211.351895332336
v 2728.194074332714 -1471.1755350232124 17137.30821609497
v 2568.6396569013596 -1588.3614838123322 17064.33917284012
v 2398.9018484950066 -1697.9157395660877 16992.856979370117
v 2219.686272740364 -1799.5082162320614 16923.284649848938
v 2031.7244291305542 -1892.8430289030075 16855.991196632385
v 1835.7759431004524 -1977.6679441332817 16791.42483472824
v 1632.6195657253265 -2053.7702172994614 16730.02117872238
v 1423.0499111115932 -2120.9693923592567 16672.192442417145
v 1207.876781374216 -2179.124164581299 16618.37784051895
v 987.9171788692474 -2228.122255206108 16568.964385986328
v 763.998793810606 -2267.891436815262 16524.41829442978
v 536.9489789009094 -2298.379957675934 16485.103178024292
v 307.5994744896889 -2319.563966989517 16451.377248764038
v 76.78003804758191 -2331.450890004635 16423.64192008972
v -154.6843403019011 -2334.0632274746895 16402.190601825714
v -385.9643952921033 -2327.275650203228 16385.786652565002
v -616.2093453109264 -2310.9790295362473 16373.081827163696
v -844.5654414594173 -2285.2579683065414 16364.230930805206
v -1070.1902836561203 -2250.215744972229 16359.291565418243
v -1292.2523565590382 -2205.9889391064644 16358.389735221863
v -1509.9338702857494 -2152.7418062090874 16361.633443832397
v -1722.4326729774475 -2090.6521022319794 16369.015491008759
v -1928.9664134383202 -2019.9308842420578 16380.61147928238
v -2128.7713035941124 -1940.8094599843025 16396.425008773804
v -2321.105493605137 -1853.5428754985332 16416.441679000854
v -2505.2539095282555 -1758.4067650139332 16440.616488456726
v -2680.5199280381203 -1655.6999385356903 16468.848633766174
v -2846.243827044964 -1545.749107003212 16501.085913181305
v -3001.791760325432 -1428.900557011366 16537.204122543335
v -3146.5584576129913 -1305.5224008858204 16577.023255825043
v -3279.975999891758 -1176.010201871395 16620.384907722473
v -3401.5113443136215 -1040.7821364700794 16667.08207130432
v -3510.66767424345 -900.2782631665468 16716.860938072205
v -3606.9915995001793 -754.968960210681 16769.509100914
v -3690.067081153393 -605.3444627672434 16824.722349643707
v -3759.5289319753647 -451.9196443259716 16882.23067522049
v -3815.0562912225723 -295.23688554763794 16941.76766872406
v -3856.3739746809006 -135.85518952459097 17002.964317798615
v -3883.261024951935 25.64050677465275 17065.5002117157
v -3895.552286505699 188.6457258835435 17129.094541072845
v -3893.092954158783 352.5346040725708 17192.845475673676
v -3875.7871747016907 516.6494742035866 17255.897986888885
v -3843.650698661804 680.3200669586658 17318.05226802826
v -3796.7586785554886 842.8676471114159 17379.097712039948
v -3735.245668888092 1003.6067292094231 17438.778710365295
v -3659.314626455307 1161.8552029132843 17496.944057941437
v -3569.228360056877 1316.936245560646 17553.4623503685
v -3465.3093054890633 1468.1774221360683 17608.16078186035
v -3347.944700717926 1614.921260625124 17660.961949825287
v -3217.5760105252266 1756.5259270370007 17711.752450466156
v -3074.7065767645836 1892.3644378781319 17760.45308113098
v -2919.8903679847717 2021.8391731381416 17807.02064037323
v -2753.7358045578003 2144.3740010261536 17851.402926445007
v -2576.9003584980965 2259.423053264618 17893.56393814087
v -2390.0910034775734 2366.474887728691 17933.52347612381
v -2194.0500393509865 2465.0511384010315 17971.24913930893
v -1989.569042623043 2554.7056153416634 18006.730127334595
v -1777.4706408381462 2635.035555064678 18039.968240261078
v -1558.61132517457 2705.675320327282 18070.954477787018
v -1333.8798753917217 2766.30450040102 18099.70144033432
v -1104.1830718517303 2816.6389107704163 18126.15692615509
v -870.4552583396435 2856.4447686076164 18150.319135189056
v -633.6513105779886 2885.5310425162315 18172.168266773224
v -394.73662339150906 2903.7474274635315 18191.625118255615
v -154.68412935733795 2910.9971702098846 18208.651888370514
v 85.52863332442939 2907.3862493038177 18224.618422985077
v 324.9501148238778 2893.0546194314957 18240.790164470673
v 562.6335889101028 2868.013980984688 18256.891703605652
v 797.6334825158119 2832.320810854435 18272.65843153
v 1029.0067046880722 2786.0682621598244 18287.735736370087
v 1255.817336589098 2729.389539361 18301.742005348206
v 1477.141609787941 2662.4720737338066 18314.344227313995
v 1692.0686937868595 2585.540647804737 18325.126588344574
v 1899.705758690834 2498.8711208105087 18333.68947505951
v 2099.1900131106377 2402.7861535549164 18339.647674560547
v 2289.6773412823677 2297.6612836122513 18342.62317419052
v 2470.3642413020134 2183.9188501238823 18342.27216243744
v 2640.480062365532 2062.0257437229156 18338.227427005768
v 2799.2978051304817 1932.4981316924095 18330.16495704651
v 2946.1410969495773 1795.8965077996254 18317.836344242096
v 3080.382391810417 1652.8213046491146 18300.985980033875
v 3201.447470486164 1503.9149187505245 18279.412257671356
v 3308.8257908821106 1349.8528227210045 18252.987372875214
v 3402.0677879452705 1191.3355775177479 18221.56912088394
v 3480.7902738451958 1029.0947951376438 18185.123300552368
v 3544.6773380041122 863.879356905818 18143.621110916138
v 3593.481247127056 696.4511383324862 18097.07155227661
v 3627.0296454429626 527.587877959013 18045.600628852844
v 3645.2210545539856 358.06109849363565 17989.343345165253
v 1738.2576778531075 188.6454868130386 17720.383739471436
v 1733.2628481090069 105.19366599619389 17687.615442276
v 1720.7911305129528 22.303674928843975 17653.90931367874
v 1700.906539708376 -59.69017441384494 17619.371557235718
v 1673.7050414085388 -140.46033434569836 17584.16417837143
v 1639.3123023211956 -219.6876246482134 17548.463582992554
v 1597.8800900280476 -297.06172477453947 17512.41557598114
v 1549.5904356241226 -372.2837122157216 17476.214563846588
v 1494.6494460105896 -445.0658304616809 17440.01715183258
v 1433.2887664437294 -515.1324734091759 17403.985345363617
v 1365.7676056027412 -582.2247698903084 17368.36575269699
v 1292.3627227544785 -646.0941147059202 17333.26997756958
v 1213.3765280246735 -706.5108314156532 17298.935627937317
v 1129.1292071342468 -763.2584627717733 17265.51570892334
v 1039.9596214294434 -816.137708351016 17233.19022655487
v 946.2250828742981 -864.9663683027029 17202.14638710022
v 848.2976414263248 -909.578949585557 17172.576797008514
v 746.5630162507296 -949.8270034790039 17144.643461704254
v 641.4194706827402 -985.5786755681038 17118.506586551666
v 533.2764059305191 -1016.7189307510853 17094.326376914978
v 422.5517453625798 -1043.1504532694817 17072.239637374878
v 309.6725532785058 -1064.7944904863834 17052.422773838043
v 195.0702253729105 -1081.5856777131557 17034.972989559174
v 79.18273177929223 -1093.4766508638859 17020.00368833542
v -37.54938384518027 -1100.4370339214802 17007.62827396393
v -154.68425592407584 -1102.4498388171196 16997.888147830963
v -271.7775719240308 -1099.4986400008202 16990.542101860046
v -388.3832262828946 -1091.5738746523857 16985.156321525574
v -504.0549587458372 -1078.7114314734936 16981.802809238434
v -618.351810798049 -1060.9608121216297 16980.497765541077
v -730.8372959494591 -1038.3886188268661 16981.25559091568
v -841.0820998251438 -1011.0801294445992 16984.12128686905
v -948.6647270619869 -979.1319847106934 16989.04265165329
v -1053.1738638877869 -942.6604572683573 16996.03408575058
v -1154.2088843882084 -901.7958827316761 17005.070388317108
v -1251.3816505670547 -856.684684753418 17016.13175868988
v -1344.31943744421 -807.4876312166452 17029.18759584427
v -1432.6609954237938 -754.3794967234135 17044.17849779129
v -1516.0647630691528 -697.5492313504219 17061.04506254196
v -1594.205491989851 -637.1998481452465 17079.715287685394
v -1666.7773969471455 -573.5489293932915 17100.1495718956
v -1733.4928058087826 -506.8237889558077 17122.21291065216
v -1794.0890222787857 -437.26816624403 17145.887303352356
v -1848.3206756412983 -365.13221338391304 17171.001744270325
v -1895.968383550644 -290.68127050995827 17197.466230392456
v -1936.8374019861221 -214.19046558439732 17225.1997590065
v -1970.7563877105713 -135.9421830624342 17254.043924808502
v -1997.581335902214 -56.230989447794855 17283.90872478485
v -2017.192992568016 24.643744493369013 17314.63395357132
v -2029.5013546943665 106.37383754365146 17346.093606948853
v -2034.4445452094078 188.6455993168056 17378.188681602478
v -2031.980937719345 271.14020995795727 17410.58976650238
v -2022.0981568098068 353.53234373033047 17442.98005104065
v -2004.8223033547401 435.49510687589645 17475.269532203674
v -1980.2071541547775 516.7002696543932 17507.343006134033
v -1948.335961997509 596.8190398067236 17539.063668251038
v -1909.3234807252884 675.526225194335 17570.346915721893
v -1863.3105650544167 752.5001212954521 17601.066744327545
v -1810.4696832597256 827.4238612502813 17631.14755153656
v -1751.0007545351982 899.9874409288168 17660.513734817505
v -1685.1284489035606 969.887887686491 17689.015889167786
v -1613.1099499762058 1036.8330292403698 17716.64321422577
v -1535.222017019987 1100.5404248833656 17743.271505832672
v -1451.7702102661133 1160.7414156198502 17768.859362602234
v -1363.0819156765938 1217.1802803874016 17793.343782424927
v -1269.5078074932098 1269.6151360869408 17816.654562950134
v -1171.4154355227947 1317.8217627108097 17838.723301887512
v -1069.1972129046917 1361.5912407636642 17859.504997730255
v -963.2599532604218 1400.7342264056206 17878.94924879074
v -854.0266707539558 1435.0801639258862 17897.012853622437
v -741.9362425804138 1464.4785232841969 17913.65441083908
v -627.4364899843931 1488.7976750731468 17928.801918029785
v -510.98817214369774 1507.9304032027721 17942.4391746521
v -393.06231420487165 1521.7891797423363 17954.52297925949
v -274.1347227245569 1530.3090900182724 17965.010130405426
v -154.68414342030883 1533.4506452083588 17973.893427848816
v -35.193832707591355 1531.2118202447891 17981.44828081131
v 83.85689766146243 1523.6208535730839 17988.076102733612
v 201.9906555302441 1510.7000209391117 17993.679690361023
v 318.73298790305853 1492.4964614212513 17998.19964170456
v 433.61438140273094 1469.079252332449 18001.560354232788
v 546.1715314537287 1440.5364841222763 18003.65562438965
v 655.9505697339773 1406.9825731217861 18004.440450668335
v 762.5077251344919 1368.5501612722874 18003.814029693604
v 865.4109831899405 1325.3941662609577 18001.697158813477
v 964.2455987632275 1277.6887439191341 17997.999835014343
v 1058.6080208420753 1225.6302133202553 17992.635655403137
v 1148.1163553893566 1169.433231651783 17985.54161787033
v 1232.4078902602196 1109.3315817415714 17976.652920246124
v 1311.140388995409 1045.57693451643 17965.917360782623
v 1383.9951284229755 978.4345738589764 17953.253936767578
v 1450.679711252451 908.1890217959881 17938.669848442078
v 1510.9222158789635 835.1359944790602 17922.07329273224
v 1564.4842468202114 759.5867898315191 17903.521871566772
v 1611.1530594527721 681.8599622696638 17882.99938440323
v 1650.7436975836754 602.2846978157759 17860.495030879974
v 1683.1043936312199 521.1987890303135 17836.080813407898
v 1708.1111684441566 438.94371297210455 17809.771132469177
v 1725.6737940013409 355.86834382265806 17781.672191619873
v 1735.7323057949543 272.31908068060875 17751.8541932106
v -154.68546533957124 188.6454868130386 17550.16644001007
f 1 2 3
f 1 3 4
f 1 4 5
f 1 5 6
f 1 6 7
f 1 7 8
f 1 8 9
f 1 9 10
f 1 10 11
f 1 11 12
f 1 12 13
f 1 13 14
f 1 14 15
f 1 15 16
f 1 16 17
f 1 17 18
f 1 18 19
f 1 19 20
f 1 20 21
f 1 21 22
f 1 22 23
f 1 23 24
f 1 24 25
f 1 25 26
f 1 26 27
f 1 27 28
f 1 28 29
f 1 29 30
f 1 30 31
f 1 31 32
f 1 32 33
f 1 33 34
f 1 34 35
f 1 35 36
f 1 36 37
f 1 37 38
f 1 38 39
f 1 39 40
f 1 40 41
f 1 41 42
f 1 42 43
f 1 43 44
f 1 44 45
f 1 45 46
f 1 46 47
f 1 47 48
f 1 48 49
f 1 49 50
f 1 50 51
f 1 51 52
f 1 52 53
f 1 53 54
f 1 54 55
f 1 55 56
f 1 56 57
f 1 57 58
f 1 58 59
f 1 59 60
f 1 60 61
f 1 61 62
f 1 62 63
f 1 63 64
f 1 64 65
f 1 65 66
f 1 66 67
f 1 67 68
f 1 68 69
f 1 69 70
f 1 70 71
f 1 71 72
f 1 72 73
f 1 73 74
f 1 74 75
f 1 75 76
f 1 76 77
f 1 77 78
f 1 78 79
f 1 79 80
f 1 80 81
f 1 81 82
f 1 82 83
f 1 83 84
f 1 84 85
f 1 85 86
f 1 86 87
f 1 87 88
f 1 88 89
f 1 89 90
f 1 90 91
f 1 91 92
f 1 92 93
f 1 93 94
f 1 94 95
f 1 95 96
f 1 96 97
f 1 97 98
f 1 98 99
f 1 99 100
f 1 100 101
f 1 101 2
f 2 102 3
f 3 102 103
f 3 103 4
f 4 103 104
f 4 104 5
f 5 104 105
f 5 105 6
f 6 105 106
f 6 106 7
f 7 106 107
f 7 107 8
f 8 107 108
f 8 108 9
f 9 108 109
f 9 109 10
f 10 109 110
f 10 110 11
f 11 110 111
f 11 111 12
f 12 111 112
f 12 112 13
f 13 112 113
f 13 113 14
f 14 113 114
f 14 114 15
f 15 114 115
f 15 115 16
f 16 115 116
f 16 116 17
f 17 116 117
f 17 117 18
f 18 117 118
f 18 118 19
f 19 118 119
f 19 119 20
f 20 119 120
f 20 120 21
f 21 120 121
f 21 121 22
f 22 121 122
f 22 122 23
f 23 122 123
f 23 123 24
f 24 123 124
f 24 124 25
f 25 124 125
f 25 125 26
f 26 125 126
f 26 126 27
f 27 126 127
f 27 127 28
f 28 127 128
f 28 128 29
f 29 128 129
f 29 129 30
f 30 129 130
f 30 130 31
f 31 130 131
f 31 131 32
f 32 131 132
f 32 132 33
f 33 132 133
f 33 133 34
f 34 133 134
f 34 134 35
f 35 134 135
f 35 135 36
f 36 135 136
f 36 136 37
f 37 136 137
f 37 137 38
f 38 137 138
f 38 138 39
f 39 138 139
f 39 139 40
f 40 139 140
f 40 140 41
f 41 140 141
f 41 141 42
f 42 141 142
f 42 142 43
f 43 142 143
f 43 143 44
f 44 143 144
f 44 144 45
f 45 144 145
f 45 145 46
f 46 145 146
f 46 146 47
f 47 146 147
f 47 147 48
f 48 147 148
f 48 148 49
f 49 148 149
f 49 149 50
f 50 149 150
f 50 150 51
f 51 150 151
f 51 151 52
f 52 151 152
f 52 152 53
f 53 152 153
f 53 153 54
f 54 153 154
f 54 154 55
f 55 154 155
f 55 155 56
f 56 155 156
f 56 156 57
f 57 156 157
f 57 157 58
f 58 157 158
f 58 158 59
f 59 158 159
f 59 159 60
f 60 159 160
f 60 160 61
f 61 160 161
f 61 161 62
f 62 161 162
f 62 162 63
f 63 162 163
f 63 163 64
f 64 163 164
f 64 164 65
f 65 164 165
f 65 165 66
f 66 165 166
f 66 166 67
f 67 166 167
f 67 167 68
f 68 167 168
f 68 168 69
f 69 168 169
f 69 169 70
f 70 169 170
f 70 170 71
f 71 170 171
f 71 171 72
f 72 171 172
f 72 172 73
f 73 172 173
f 73 173 74
f 74 173 174
f 74 174 75
f 75 174 175
f 75 175 76
f 76 175 176
f 76 176 77
f 77 176 177
f 77 177 78
f 78 177 178
f 78 178 79
f 79 178 179
f 79 179 80
f 80 179 180
f 80 180 81
f 81 180 181
f 81 181 82
f 82 181 182
f 82 182 83
f 83 182 183
f 83 183 84
f 84 183 184
f 84 184 85
f 85 184 185
f 85 185 86
f 86 185 186
f 86 186 87
f 87 186 187
f 87 187 88
f 88 187 188
f 88 188 89
f 89 188 189
f 89 189 90
f 90 189 190
f 90 190 91
f 91 190 191
f 91 191 92
f 92 191 192
f 92 192 93
f 93 192 193
f 93 193 94
f 94 193 194
f 94 194 95
f 95 194 195
f 95 195 96
f 96 195 196
f 96 196 97
f 97 196 197
f 97 197 98
f 98 197 198
f 98 198 99
f 99 198 199
f 99 199 100
f 100 199 200
f 100 200 101
f 101 200 201
f 101 201 2
f 2 201 102
f 102 202 103
f 103 202 203
f 103 203 104
f 104 203 204
f 104 204 105
f 105 204 205
f 105 205 106
f 106 205 206
f 106 206 107
f 107 206 207
f 107 207 108
f 108 207 208
f 108 208 109
f 109 208 209
f 109 209 110
f 110 209 210
f 110 210 111
f 111 210 211
f 111 211 112
f 112 211 212
f 112 212 113
f 113 212 213
f 113 213 114
f 114 213 214
f 114 214 115
f 115 214 215
f 115 215 116
f 116 215 216
f 116 216 117
f 117 216 217
f 117 217 118
f 118 217 218
f 118 218 119
f 119 218 219
f 119 219 120
f 120 219 220
f 120 220 121
f 121 220 221
f 121 221 122
f 122 221 222
f 122 222 123
f 123 222 223
f 123 223 124
f 124 223 224
f 124 224 125
f 125 224 225
f 125 225 126
f 126 225 226
f 126 226 127
f 127 226 227
f 127 227 128
f 128 227 228
f 128 228 129
f 129 228 229
f 129 229 130
f 130 229 230
f 130 230 131
f 131 230 231
f 131 231 132
f 132 231 232
f 132 232 133
f 133 232 233
f 133 233 134
f 134 233 234
f 134 234 135
f 135 234 235
f 135 235 136
f 136 235 236
f 136 236 137
f 137 236 237
f 137 237 138
f 138 237 238
f 138 238 139
f 139 238 239
f 139 239 140
f 140 239 240
f 140 240 141
f 141 240 241
f 141 241 142
f 142 241 242
f 142 242 143
f 143 242 243
f 143 243 144
f 144 243 244
f 144 244 145
f 145 244 245
f 145 245 146
f 146 245 246
f 146 246 147
f 147 246 247
f 147 247 148
f 148 247 248
f 148 248 149
f 149 248 249
f 149 249 150
f 150 249 250
f 150 250 151
f 151 250 251
f 151 251 152
f 152 251 252
f 152 252 153
f 153 252 253
f 153 253 154
f 154 253 254
f 154 254 155
f 155 254 255
f 155 255 156
f 156 255 256
f 156 256 157
f 157 256 257
f 157 257 158
f 158 257 258
f 158 258 159
f 159 258 259
f 159 259 160
f 160 259 260
f 160 260 161
f 161 260 261
f 161 261 162
f 162 261 262
f 162 262 163
f 163 262 263
f 163 263 164
f 164 263 264
f 164 264 165
f 165 264 265
f 165 265 166
f 166 265 266
f 166 266 167
f 167 266 267
f 167 267 168
f 168 267 268
f 168 268 169
f 169 268 269
f 169 269 170
f 170 269 270
f 170 270 171
f 171 270 271
f 171 271 172
f 172 271 272
f 172 272 173
f 173 272 273
f 173 273 174
f 174 273 274
f 174 274 175
f 175 274 275
f 175 275 176
f 176 275 276
f 176 276 177
f 177 276 277
f 177 277 178
f 178 277 278
f 178 278 179
f 179 278 279
f 179 279 180
f 180 279 280
f 180 280 181
f 181 280 281
f 181 281 182
f 182 281 282
f 182 282 183
f 183 282 283
f 183 283 184
f 184 283 284
f 184 284 185
f 185 284 285
f 185 285 186
f 186 285 286
f 186 286 187
f 187 286 287
f 187 287 188
f 188 287 288
f 188 288 189
f 189 288 289
f 189 289 190
f 190 289 290
f 190 290 191
f 191 290 291
f 191 291 192
f 192 291 292
f 192 292 193
f 193 292 293
f 193 293 194
f 194 293 294
f 194 294 195
f 195 294 295
f 195 295 196
f 196 295 296
f 196 296 197
f 197 296 297
f 197 297 198
f 198 297 298
f 198 298 199
f 199 298 299
f 199 299 200
f 200 299 300
f 200 300 201
f 201 300 301
f 201 301 102
f 102 301 202
f 202 302 203
f 203 302 303
f 203 303 204
f 204 303 304
f 204 304 205
f 205 304 305
f 205 305 206
f 206 305 306
f 206 306 207
f 207 306 307
f 207 307 208
f 208 307 308
f 208 308 209
f 209 308 309
f 209 309 210
f 210 309 310
f 210 310 211
f 211 310 311
f 211 311 212
f 212 311 312
f 212 312 213
f 213 312 313
f 213 313 214
f 214 313 314
f 214 314 215
f 215 314 315
f 215 315 216
f 216 315 316
f 216 316 217
f 217 316 317
f 217 317 218
f 218 317 318
f 218 318 219
f 219 318 319
f 219 319 220
f 220 319 320
f 220 320 221
f 221 320 321
f 221 321 222
f 222 321 322
f 222 322 223
f 223 322 323
f 223 323 224
f 224 323 324
f 224 324 225
f 225 324 325
f 225 325 226
f 226 325 326
f 226 326 227
f 227 326 327
f 227 327 228
f 228 327 328
f 228 328 229
f 229 328 329
f 229 329 230
f 230 329 330
f 230 330 231
f 231 330 331
f 231 331 232
f 232 331 332
f 232 332 233
f 233 332 333
f 233 333 234
f 234 333 334
f 234 334 235
f 235 334 335
f 235 335 236
f 236 335 336
f 236 336 237
f 237 336 337
f 237 337 238
f 238 337 338
f 238 338 239
f 239 338 339
f 239 339 240
f 240 339 340
f 240 340 241
f 241 340 341
f 241 341 242
f 242 341 342
f 242 342 243
f 243 342 343
f 243 343 244
f 244 343 344
f 244 344 245
f 245 344 345
f 245 345 246
f 246 345 346
f 246 346 247
f 247 346 347
f 247 347 248
f 248 347 348
f 248 348 249
f 249 348 349
f 249 349 250
f 250 349 350
f 250 350 251
f 251 350 351
f 251 351 252
f 252 351 352
f 252 352 253
f 253 352 353
f 253 353 254
f 254 353 354
f 254 354 255
f 255 354 355
f 255 355 256
f 256 355 356
f 256 356 257
f 257 356 357
f 257 357 258
f 258 357 358
f 258 358 259
f 259 358 359
f 259 359 260
f 260 359 360
f 260 360 261
f 261 360 361
f 261 361 262
f 262 361 362
f 262 362 263
f 263 362 363
f 263 363 264
f 264 363 364
f 264 364 265
f 265 364 365
f 265 365 266
f 266 365 366
f 266 366 267
f 267 366 367
f 267 367 268
f 268 367 368
f 268 368 269
f 269 368 369
f 269 369 270
f 270 369 370
f 270 370 271
f 271 370 371
f 271 371 272
f 272 371 372
f 272 372 273
f 273 372 373
f 273 373 274
f 274 373 374
f 274 374 275
f 275 374 375
f 275 375 276
f 276 375 376
f 276 376 277
f 277 376 377
f 277 377 278
f 278 377 378
f 278 378 279
f 279 378 379
f 279 379 280
f 280 379 380
f 280 380 281
f 281 380 381
f 281 381 282
f 282 381 382
f 282 382 283
f 283 382 383
f 283 383 284
f 284 383 384
f 284 384 285
f 285 384 385
f 285 385 286
f 286 385 386
f 286 386 287
f 287 386 387
f 287 387 288
f 288 387 388
f 288 388 289
f 289 388 389
f 289 389 290
f 290 389 390
f 290 390 291
f 291 390 391
f 291 391 292
f 292 391 392
f 292 392 293
f 293 392 393
f 293 393 294
f 294 393 394
f 294 394 295
f 295 394 395
f 295 395 296
f 296 395 396
f 296 396 297
f 297 396 397
f 297 397 298
f 298 397 398
f 298 398 299
f 299 398 399
f 299 399 300
f 300 399 400
f 300 400 301
f 301 400 401
f 301 401 202
f 202 401 302
f 302 402 303
f 303 402 403
f 303 403 304
f 304 403 404
f 304 404 305
f 305 404 405
f 305 405 306
f 306 405 406
f 306 406 307
f 307 406 407
f 307 407 308
f 308 407 408
f 308 408 309
f 309 408 409
f 309 409 310
f 310 409 410
f 310 410 311
f 311 410 411
f 311 411 312
f 312 411 412
f 312 412 313
f 313 412 413
f 313 413 314
f 314 413 414
f 314 414 315
f 315 414 415
f 315 415 316
f 316 415 416
f 316 416 317
f 317 416 417
f 317 417 318
f 318 417 418
f 318 418 319
f 319 418 419
f 319 419 320
f 320 419 420
f 320 420 321
f 321 420 421
f 321 421 322
f 322 421 422
f 322 422 323
f 323 422 423
f 323 423 324
f 324 423 424
f 324 424 325
f 325 424 425
f 325 425 326
f 326 425 426
f 326 426 327
f 327 426 427
f 327 427 328
f 328 427 428
f 328 428 329
f 329 428 429
f 329 429 330
f 330 429 430
f 330 430 331
f 331 430 431
f 331 431 332
f 332 431 432
f 332 432 333
f 333 432 433
f 333 433 334
f 334 433 434
f 334 434 335
f 335 434 435
f 335 435 336
f 336 435 436
f 336 436 337
f 337 436 437
f 337 437 338
f 338 437 438
f 338 438 339
f 339 438 439
f 339 439 340
f 340 439 440
f 340 440 341
f 341 440 441
f 341 441 342
f 342 441 442
f 342 442 343
f 343 442 443
f 343 443 344
f 344 443 444
f 344 444 345
f 345 444 445
f 345 445 346
f 346 445 446
f 346 446 347
f 347 446 447
f 347 447 348
f 348 447 448
f 348 448 349
f 349 448 449
f 349 449 350
f 350 449 450
f 350 450 351
f 351 450 451
f 351 451 352
f 352 451 452
f 352 452 353
f 353 452 453
f 353 453 354
f 354 453 454
f 354 454 355
f 355 454 455
f 355 455 356
f 356 455 456
f 356 456 357
f 357 456 457
f 357 457 358
f 358 457 458
f 358 458 359
f 359 458 459
f 359 459 360
f 360 459 460
f 360 460 361
f 361 460 461
f 361 461 362
f 362 461 462
f 362 462 363
f 363 462 463
f 363 463 364
f 364 463 464
f 364 464 365
f 365 464 465
f 365 465 366
f 366 465 466
f 366 466 367
f 367 466 467
f 367 467 368
f 368 467 468
f 368 468 369
f 369 468 469
f 369 469 370
f 370 469 470
f 370 470 371
f 371 470 471
f 371 471 372
f 372 471 472
f 372 472 373
f 373 472 473
f 373 473 374
f 374 473 474
f 374 474 375
f 375 474 475
f 375 475 376
f 376 475 476
f 376 476 377
f 377 476 477
f 377 477 378
f 378 477 478
f 378 478 379
f 379 478 479
f 379 479 380
f 380 479 480
f 380 480 381
f 381 480 481
f 381 481 382
f 382 481 482
f 382 482 383
f 383 482 483
f 383 483 384
f 384 483 484
f 384 484 385
f 385 484 485
f 385 485 386
f 386 485 486
f 386 486 387
f 387 486 487
f 387 487 388
f 388 487 488
f 388 488 389
f 389 488 489
f 389 489 390
f 390 489 490
f 390 490 391
f 391 490 491
f 391 491 392
f 392 491 492
f 392 492 393
f 393 492 493
f 393 493 394
f 394 493 494
f 394 494 395
f 395 494 495
f 395 495 396
f 396 495 496
f 396 496 397
f 397 496 497
f 397 497 398
f 398 497 498
f 398 498 399
f 399 498 499
f 399 499 400
f 400 499 500
f 400 500 401
f 401 500 501
f 401 501 302
f 302 501 402
f 402 502 403
f 403 502 503
f 403 503 404
f 404 503 504
f 404 504 405
f 405 504 505
f 405 505 406
f 406 505 506
f 406 506 407
f 407 506 507
f 407 507 408
f 408 507 508
f 408 508 409
f 409 508 509
f 409 509 410
f 410 509 510
f 410 510 411
f 411 510 511
f 411 511 412
f 412 511 512
f 412 512 413
f 413 512 513
f 413 513 414
f 414 513 514
f 414 514 415
f 415 514 515
f 415 515 416
f 416 515 516
f 416 516 417
f 417 516 517
f 417 517 418
f 418 517 518
f 418 518 419
f 419 518 519
f 419 519 420
f 420 519 520
f 420 520 421
f 421 520 521
f 421 521 422
f 422 521 522
f 422 522 423
f 423 522 523
f 423 523 424
f 424 523 524
f 424 524 425
f 425 524 525
f 425 525 426
f 426 525 526
f 426 526 427
f 427 526 527
f 427 527 428
f 428 527 528
f 428 528 429
f 429 528 529
f 429 529 430
f 430 529 530
f 430 530 431
f 431 530 531
f 431 531 432
f 432 531 532
f 432 532 433
f 433 532 533
f 433 533 434
f 434 533 534
f 434 534 435
f 435 534 535
f 435 535 436
f 436 535 536
f 436 536 437
f 437 536 537
f 437 537 438
f 438 537 538
f 438 538 439
f 439 538 539
f 439 539 440
f 440 539 540
f 440 540 441
f 441 540 541
f 441 541 442
f 442 541 542
f 442 542 443
f 443 542 543
f 443 543 444
f 444 543 544
f 444 544 445
f 445 544 545
f 445 545 446
f 446 545 546
f 446 546 447
f 447 546 547
f 447 547 448
f 448 547 548
f 448 548 449
f 449 548 549
f 449 549 450
f 450 549 550
f 450 550 451
f 451 550 551
f 451 551 452
f 452 551 552
f 452 552 453
f 453 552 553
f 453 553 454
f 454 553 554
f 454 554 455
f 455 554 555
f 455 555 456
f 456 555 556
f 456 556 457
f 457 556 557
f 457 557 458
f 458 557 558
f 458 558 459
f 459 558 559
f 459 559 460
f 460 559 560
f 460 560 461
f 461 560 561
f 461 561 462
f 462 561 562
f 462 562 463
f 463 562 563
f 463 563 464
f 464 563 564
f 464 564 465
f 465 564 565
f 465 565 466
f 466 565 566
f 466 566 467
f 467 566 567
f 467 567 468
f 468 567 568
f 468 568 469
f 469 568 569
f 469 569 470
f 470 569 570
f 470 570 471
f 471 570 571
f 471 571 472
f 472 571 572
f 472 572 473
f 473 572 573
f 473 573 474
f 474 573 574
f 474 574 475
f 475 574 575
f 475 575 476
f 476 575 576
f 476 576 477
f 477 576 577
f 477 577 478
f 478 577 578
f 478 578 479
f 479 578 579
f 479 579 480
f 480 579 580
f 480 580 481
f 481 580 581
f 481 581 482
f 482 581 582
f 482 582 483
f 483 582 583
f 483 583 484
f 484 583 584
f 484 584 485
f 485 584 585
f 485 585 486
f 486 585 586
f 486 586 487
f 487 586 587
f 487 587 488
f 488 587 588
f 488 588 489
f 489 588 589
f 489 589 490
f 490 589 590
f 490 590 491
f 491 590 591
f 491 591 492
f 492 591 592
f 492 592 493
f 493 592 593
f 493 593 494
f 494 593 594
f 494 594 495
f 495 594 595
f 495 595 496
f 496 595 596
f 496 596 497
f 497 596 597
f 497 597 498
f 498 597 598
f 498 598 499
f 499 598 599
f 499 599 500
f 500 599 600
f 500 600 501
f 501 600 601
f 501 601 402
f 402 601 502
f 502 602 503
f 503 602 603
f 503 603 504
f 504 603 604
f 504 604 505
f 505 604 605
f 505 605 506
f 506 605 606
f 506 606 507
f 507 606 607
f 507 607 508
f 508 607 608
f 508 608 509
f 509 608 609
f 509 609 510
f 510 609 610
f 510 610 511
f 511 610 611
f 511 611 512
f 512 611 612
f 512 612 513
f 513 612 613
f 513 613 514
f 514 613 614
f 514 614 515
f 515 614 615
f 515 615 516
f 516 615 616
f 516 616 517
f 517 616 617
f 517 617 518
f 518 617 618
f 518 618 519
f 519 618 619
f 519 619 520
f 520 619 620
f 520 620 521
f 521 620 621
f 521 621 522
f 522 621 622
f 522 622 523
f 523 622 623
f 523 623 524
f 524 623 624
f 524 624 525
f 525 624 625
f 525 625 526
f 526 625 626
f 526 626 527
f 527 626 627
f 527 627 528
f 528 627 628
f 528 628 529
f 529 628 629
f 529 629 530
f 530 629 630
f 530 630 531
f 531 630 631
f 531 631 532
f 532 631 632
f 532 632 533
f 533 632 633
f 533 633 534
f 534 633 634
f 534 634 535
f 535 634 635
f 535 635 536
f 536 635 636
f 536 636 537
f 537 636 637
f 537 637 538
f 538 637 638
f 538 638 539
f 539 638 639
f 539 639 540
f 540 639 640
f 540 640 541
f 541 640 641
f 541 641 542
f 542 641 642
f 542 642 543
f 543 642 643
f 543 643 544
f 544 643 644
f 544 644 545
f 545 644 645
f 545 645 546
f 546 645 646
f 546 646 547
f 547 646 647
f 547 647 548
f 548 647 648
f 548 648 549
f 549 648 649
f 549 649 550
f 550 649 650
f 550 650 551
f 551 650 651
f 551 651 552
f 552 651 652
f 552 652 553
f 553 652 653
f 553 653 554
f 554 653 654
f 554 654 555
f 555 654 655
f 555 655 556
f 556 655 656
f 556 656 557
f 557 656 657
f 557 657 558
f 558 657 658
f 558 658 559
f 559 658 659
f 559 659 560
f 560 659 660
f 560 660 561
f 561 660 661
f 561 661 562
f 562 661 662
f 562 662 563
f 563 662 663
f 563 663 564
f 564 663 664
f 564 664 565
f 565 664 665
f 565 665 566
f 566 665 666
f 566 666 567
f 567 666 667
f 567 667 568
f 568 667 668
f 568 668 569
f 569 668 669
f 569 669 570
f 570 669 670
f 570 670 571
f 571 670 671
f 571 671 572
f 572 671 672
f 572 672 573
f 573 672 673
f 573 673 574
f 574 673 674
f 574 674 575
f 575 674 675
f 575 675 576
f 576 675 676
f 576 676 577
f 577 676 677
f 577 677 578
f 578 677 678
f 578 678 579
f 579 678 679
f 579 679 580
f 580 679 680
f 580 680 581
f 581 680 681
f 581 681 582
f 582 681 682
f 582 682 583
f 583 682 683
f 583 683 584
f 584 683 684
f 584 684 585
f 585 684 685
f 585 685 586
f 586 685 686
f 586 686 587
f 587 686 687
f 587 687 588
f 588 687 688
f 588 688 589
f 589 688 689
f 589 689 590
f 590 689 690
f 590 690 591
f 591 690 691
f 591 691 592
f 592 691 692
f 592 692 593
f 593 692 693
f 593 693 594
f 594 693 694
f 594 694 595
f 595 694 695
f 595 695 596
f 596 695 696
f 596 696 597
f 597 696 697
f 597 697 598
f 598 697 698
f 598 698 599
f 599 698 699
f 599 699 600
f 600 699 700
f 600 700 601
f 601 700 701
f 601 701 502
f 502 701 602
f 602 702 603
f 603 702 703
f 603 703 604
f 604 703 704
f 604 704 605
f 605 704 705
f 605 705 606
f 606 705 706
f 606 706 607
f 607 706 707
f 607 707 608
f 608 707 708
f 608 708 609
f 609 708 709
f 609 709 610
f 610 709 710
f 610 710 611
f 611 710 711
f 611 711 612
f 612 711 712
f 612 712 613
f 613 712 713
f 613 713 614
f 614 713 714
f 614 714 615
f 615 714 715
f 615 715 616
f 616 715 716
f 616 716 617
f 617 716 717
f 617 717 618
f 618 717 718
f 618 718 619
f 619 718 719
f 619 719 620
f 620 719 720
f 620 720 621
f 621 720 721
f 621 721 622
f 622 721 722
f 622 722 623
f 623 722 723
f 623 723 624
f 624 723 724
f 624 724 625
f 625 724 725
f 625 725 626
f 626 725 726
f 626 726 627
f 627 726 727
f 627 727 628
f 628 727 728
f 628 728 629
f 629 728 729
f 629 729 630
f 630 729 730
f 630 730 631
f 631 730 731
f 631 731 632
f 632 731 732
f 632 732 633
f 633 732 733
f 633 733 634
f 634 733 734
f 634 734 635
f 635 734 735
f 635 735 636
f 636 735 736
f 636 736 637
f 637 736 737
f 637 737 638
f 638 737 738
f 638 738 639
f 639 738 739
f 639 739 640
f 640 739 740
f 640 740 641
f 641 740 741
f 641 741 642
f 642 741 742
f 642 742 643
f 643 742 743
f 643 743 644
f 644 743 744
f 644 744 645
f 645 744 745
f 645 745 646
f 646 745 746
f 646 746 647
f 647 746 747
f 647 747 648
f 648 747 748
f 648 748 649
f 649 748 749
f 649 749 650
f 650 749 750
f 650 750 651
f 651 750 751
f 651 751 652
f 652 751 752
f 652 752 653
f 653 752 753
f 653 753 654
f 654 753 754
f 654 754 655
f 655 754 755
f 655 755 656
f 656 755 756
f 656 756 657
f 657 756 757
f 657 757 658
f 658 757 758
f 658 758 659
f 659 758 759
f 659 759 660
f 660 759 760
f 660 760 661
f 661 760 761
f 661 761 662
f 662 761 762
f 662 762 663
f 663 762 763
f 663 763 664
f 664 763 764
f 664 764 665
f 665 764 765
f 665 765 666
f 666 765 766
f 666 766 667
f 667 766 767
f 667 767 668
f 668 767 768
f 668 768 669
f 669 768 769
f 669 769 670
f 670 769 770
f 670 770 671
f 671 770 771
f 671 771 672
f 672 771 772
f 672 772 673
f 673 772 773
f 673 773 674
f 674 773 774
f 674 774 675
f 675 774 775
f 675 775 676
f 676 775 776
f 676 776 677
f 677 776 777
f 677 777 678
f 678 777 778
f 678 778 679
f 679 778 779
f 679 779 680
f 680 779 780
f 680 780 681
f 681 780 781
f 681 781 682
f 682 781 782
f 682 782 683
f 683 782 783
f 683 783 684
f 684 783 784
f 684 784 685
f 685 784 785
f 685 785 686
f 686 785 786
f 686 786 687
f 687 786 787
f 687 787 688
f 688 787 788
f 688 788 689
f 689 788 789
f 689 789 690
f 690 789 790
f 690 790 691
f 691 790 791
f 691 791 692
f 692 791 792
f 692 792 693
f 693 792 793
f 693 793 694
f 694 793 794
f 694 794 695
f 695 794 795
f 695 795 696
f 696 795 796
f 696 796 697
f 697 796 797
f 697 797 698
f 698 797 798
f 698 798 699
f 699 798 799
f 699 799 700
f 700 799 800
f 700 800 701
f 701 800 801
f 701 801 602
f 602 801 702
f 702 802 703
f 703 802 803
f 703 803 704
f 704 803 804
f 704 804 705
f 705 804 805
f 705 805 706
f 706 805 806
f 706 806 707
f 707 806 807
f 707 807 708
f 708 807 808
f 708 808 709
f 709 808 809
f 709 809 710
f 710 809 810
f 710 810 711
f 711 810 811
f 711 811 712
f 712 811 812
f 712 812 713
f 713 812 813
f 713 813 714
f 714 813 814
f 714 814 715
f 715 814 815
f 715 815 716
f 716 815 816
f 716 816 717
f 717 816 817
f 717 817 718
f 718 817 818
f 718 818 719
f 719 818 819
f 719 819 720
f 720 819 820
f 720 820 721
f 721 820 821
f 721 821 722
f 722 821 822
f 722 822 723
f 723 822 823
f 723 823 724
f 724 823 824
f 724 824 725
f 725 824 825
f 725 825 726
f 726 825 826
f 726 826 727
f 727 826 827
f 727 827 728
f 728 827 828
f 728 828 729
f 729 828 829
f 729 829 730
f 730 829 830
f 730 830 731
f 731 830 831
f 731 831 732
f 732 831 832
f 732 832 733
f 733 832 833
f 733 833 734
f 734 833 834
f 734 834 735
f 735 834 835
f 735 835 736
f 736 835 836
f 736 836 737
f 737 836 837
f 737 837 738
f 738 837 838
f 738 838 739
f 739 838 839
f 739 839 740
f 740 839 840
f 740 840 741
f 741 840 841
f 741 841 742
f 742 841 842
f 742 842 743
f 743 842 843
f 743 843 744
f 744 843 844
f 744 844 745
f 745 844 845
f 745 845 746
f 746 845 846
f 746 846 747
f 747 846 847
f 747 847 748
f 748 847 848
f 748 848 749
f 749 848 849
f 749 849 750
f 750 849 850
f 750 850 751
f 751 850 851
f 751 851 752
f 752 851 852
f 752 852 753
f 753 852 853
f 753 853 754
f 754 853 854
f 754 854 755
f 755 854 855
f 755 855 756
f 756 855 856
f 756 856 757
f 757 856 857
f 757 857 758
f 758 857 858
f 758 858 759
f 759 858 859
f 759 859 760
f 760 859 860
f 760 860 761
f 761 860 861
f 761 861 762
f 762 861 862
f 762 862 763
f 763 862 863
f 763 863 764
f 764 863 864
f 764 864 765
f 765 864 865
f 765 865 766
f 766 865 866
f 766 866 767
f 767 866 867
f 767 867 768
f 768 867 868
f 768 868 769
f 769 868 869
f 769 869 770
f 770 869 870
f 770 870 771
f 771 870 871
f 771 871 772
f 772 871 872
f 772 872 773
f 773 872 873
f 773 873 774
f 774 873 874
f 774 874 775
f 775 874 875
f 775 875 776
f 776 875 876
f 776 876 777
f 777 876 877
f 777 877 778
f 778 877 878
f 778 878 779
f 779 878 879
f 779 879 780
f 780 879 880
f 780 880 781
f 781 880 881
f 781 881 782
f 782 881 882
f 782 882 783
f 783 882 883
f 783 883 784
f 784 883 884
f 784 884 785
f 785 884 885
f 785 885 786
f 786 885 886
f 786 886 787
f 787 886 887
f 787 887 788
f 788 887 888
f 788 888 789
f 789 888 889
f 789 889 790
f 790 889 890
f 790 890 791
f 791 890 891
f 791 891 792
f 792 891 892
f 792 892 793
f 793 892 893
f 793 893 794
f 794 893 894
f 794 894 795
f 795 894 895
f 795 895 796
f 796 895 896
f 796 896 797
f 797 896 897
f 797 897 798
f 798 897 898
f 798 898 799
f 799 898 899
f 799 899 800
f 800 899 900
f 800 900 801
f 801 900 901
f 801 901 702
f 702 901 802
f 802 902 803
f 803 902 903
f 803 903 804
f 804 903 904
f 804 904 805
f 805 904 905
f 805 905 806
f 806 905 906
f 806 906 807
f 807 906 907
f 807 907 808
f 808 907 908
f 808 908 809
f 809 908 909
f 809 909 810
f 810 909 910
f 810 910 811
f 811 910 911
f 811 911 812
f 812 911 912
f 812 912 813
f 813 912 913
f 813 913 814
f 814 913 914
f 814 914 815
f 815 914 915
f 815 915 816
f 816 915 916
f 816 916 817
f 817 916 917
f 817 917 818
f 818 917 918
f 818 918 819
f 819 918 919
f 819 919 820
f 820 919 920
f 820 920 821
f 821 920 921
f 821 921 822
f 822 921 922
f 822 922 823
f 823 922 923
f 823 923 824
f 824 923 924
f 824 924 825
f 825 924 925
f 825 925 826
f 826 925 926
f 826 926 827
f 827 926 927
f 827 927 828
f 828 927 928
f 828 928 829
f 829 928 929
f 829 929 830
f 830 929 930
f 830 930 831
f 831 930 931
f 831 931 832
f 832 931 932
f 832 932 833
f 833 932 933
f 833 933 834
f 834 933 934
f 834 934 835
f 835 934 935
f 835 935 836
f 836 935 936
f 836 936 837
f 837 936 937
f 837 937 838
f 838 937 938
f 838 938 839
f 839 938 939
f 839 939 840
f 840 939 940
f 840 940 841
f 841 940 941
f 841 941 842
f 842 941 942
f 842 942 843
f 843 942 943
f 843 943 844
f 844 943 944
f 844 944 845
f 845 944 945
f 845 945 846
f 846 945 946
f 846 946 847
f 847 946 947
f 847 947 848
f 848 947 948
f 848 948 849
f 849 948 949
f 849 949 850
f 850 949 950
f 850 950 851
f 851 950 951
f 851 951 852
f 852 951 952
f 852 952 853
f 853 952 953
f 853 953 854
f 854 953 954
f 854 954 855
f 855 954 955
f 855 955 856
f 856 955 956
f 856 956 857
f 857 956 957
f 857 957 858
f 858 957 958
f 858 958 859
f 859 958 959
f 859 959 860
f 860 959 960
f 860 960 861
f 861 960 961
f 861 961 862
f 862 961 962
f 862 962 863
f 863 962 963
f 863 963 864
f 864 963 964
f 864 964 865
f 865 964 965
f 865 965 866
f 866 965 966
f 866 966 867
f 867 966 967
f 867 967 868
f 868 967 968
f 868 968 869
f 869 968 969
f 869 969 870
f 870 969 970
f 870 970 871
f 871 970 971
f 871 971 872
f 872 971 972
f 872 972 873
f 873 972 973
f 873 973 874
f 874 973 974
f 874 974 875
f 875 974 975
f 875 975 876
f 876 975 976
f 876 976 877
f 877 976 977
f 877 977 878
f 878 977 978
f 878 978 879
f 879 978 979
f 879 979 880
f 880 979 980
f 880 980 881
f 881 980 981
f 881 981 882
f 882 981 982
f 882 982 883
f 883 982 983
f 883 983 884
f 884 983 984
f 884 984 885
f 885 984 985
f 885 985 886
f 886 985 986
f 886 986 887
f 887 986 987
f 887 987 888
f 888 987 988
f 888 988 889
f 889 988 989
f 889 989 890
f 890 989 990
f 890 990 891
f 891 990 991
f 891 991 892
f 892 991 992
f 892 992 893
f 893 992 993
f 893 993 894
f 894 993 994
f 894 994 895
f 895 994 995
f 895 995 896
f 896 995 996
f 896 996 897
f 897 996 997
f 897 997 898
f 898 997 998
f 898 998 899
f 899 998 999
f 899 999 900
f 900 999 1000
f 900 1000 901
f 901 1000 1001
f 901 1001 802
f 802 1001 902
f 902 1002 903
f 903 1002 1003
f 903 1003 904
f 904 1003 1004
f 904 1004 905
f 905 1004 1005
f 905 1005 906
f 906 1005 1006
f 906 1006 907
f 907 1006 1007
f 907 1007 908
f 908 1007 1008
f 908 1008 909
f 909 1008 1009
f 909 1009 910
f 910 1009 1010
f 910 1010 911
f 911 1010 1011
f 911 1011 912
f 912 1011 1012
f 912 1012 913
f 913 1012 1013
f 913 1013 914
f 914 1013 1014
f 914 1014 915
f 915 1014 1015
f 915 1015 916
f 916 1015 1016
f 916 1016 917
f 917 1016 1017
f 917 1017 918
f 918 1017 1018
f 918 1018 919
f 919 1018 1019
f 919 1019 920
f 920 1019 1020
f 920 1020 921
f 921 1020 1021
f 921 1021 922
f 922 1021 1022
f 922 1022 923
f 923 1022 1023
f 923 1023 924
f 924 1023 1024
f 924 1024 925
f 925 1024 1025
f 925 1025 926
f 926 1025 1026
f 926 1026 927
f 927 1026 1027
f 927 1027 928
f 928 1027 1028
f 928 1028 929
f 929 1028 1029
f 929 1029 930
f 930 1029 1030
f 930 1030 931
f 931 1030 1031
f 931 1031 932
f 932 1031 1032
f 932 1032 933
f 933 1032 1033
f 933 1033 934
f 934 1033 1034
f 934 1034 935
f 935 1034 1035
f 935 1035 936
f 936 1035 1036
f 936 1036 937
f 937 1036 1037
f 937 1037 938
f 938 1037 1038
f 938 1038 939
f 939 1038 1039
f 939 1039 940
f 940 1039 1040
f 940 1040 941
f 941 1040 1041
f 941 1041 942
f 942 1041 1042
f 942 1042 943
f 943 1042 1043
f 943 1043 944
f 944 1043 1044
f 944 1044 945
f 945 1044 1045
f 945 1045 946
f 946 1045 1046
f 946 1046 947
f 947 1046 1047
f 947 1047 948
f 948 1047 1048
f 948 1048 949
f 949 1048 1049
f 949 1049 950
f 950 1049 1050
f 950 1050 951
f 951 1050 1051
f 951 1051 952
f 952 1051 1052
f 952 1052 953
f 953 1052 1053
f 953 1053 954
f 954 1053 1054
f 954 1054 955
f 955 1054 1055
f 955 1055 956
f 956 1055 1056
f 956 1056 957
f 957 1056 1057
f 957 1057 958
f 958 1057 1058
f 958 1058 959
f 959 1058 1059
f 959 1059 960
f 960 1059 1060
f 960 1060 961
f 961 1060 1061
f 961 1061 962
f 962 1061 1062
f 962 1062 963
f 963 1062 1063
f 963 1063 964
f 964 1063 1064
f 964 1064 965
f 965 1064 1065
f 965 1065 966
f 966 1065 1066
f 966 1066 967
f 967 1066 1067
f 967 1067 968
f 968 1067 1068
f 968 1068 969
f 969 1068 1069
f 969 1069 970
f 970 1069 1070
f 970 1070 971
f 971 1070 1071
f 971 1071 972
f 972 1071 1072
f 972 1072 973
f 973 1072 1073
f 973 1073 974
f 974 1073 1074
f 974 1074 975
f 975 1074 1075
f 975 1075 976
f 976 1075 1076
f 976 1076 977
f 977 1076 1077
f 977 1077 978
f 978 1077 1078
f 978 1078 979
f 979 1078 1079
f 979 1079 980
f 980 1079 1080
f 980 1080 981
f 981 1080 1081
f 981 1081 982
f 982 1081 1082
f 982 1082 983
f 983 1082 1083
f 983 1083 984
f 984 1083 1084
f 984 1084 985
f 985 1084 1085
f 985 1085 986
f 986 1085 1086
f 986 1086 987
f 987 1086 1087
f 987 1087 988
f 988 1087 1088
f 988 1088 989
f 989 1088 1089
f 989 1089 990
f 990 1089 1090
f 990 1090 991
f 991 1090 1091
f 991 1091 992
f 992 1091 1092
f 992 1092 993
f 993 1092 1093
f 993 1093 994
f 994 1093 1094
f 994 1094 995
f 995 1094 1095
f 995 1095 996
f 996 1095 1096
f 996 1096 997
f 997 1096 1097
f 997 1097 998
f 998 1097 1098
f 998 1098 999
f 999 1098 1099
f 999 1099 1000
f 1000 1099 1100
f 1000 1100 1001
f 1001 1100 1101
f 1001 1101 902
f 902 1101 1002
f 1002 1102 1003
f 1003 1102 1103
f 1003 1103 1004
f 1004 1103 1104
f 1004 1104 1005
f 1005 1104 1105
f 1005 1105 1006
f 1006 1105 1106
f 1006 1106 1007
f 1007 1106 1107
f 1007 1107 1008
f 1008 1107 1108
f 1008 1108 1009
f 1009 1108 1109
f 1009 1109 1010
f 1010 1109 1110
f 1010 1110 1011
f 1011 1110 1111
f 1011 1111 1012
f 1012 1111 1112
f 1012 1112 1013
f 1013 1112 1113
f 1013 1113 1014
f 1014 1113 1114
f 1014 1114 1015
f 1015 1114 1115
f 1015 1115 1016
f 1016 1115 1116
f 1016 1116 1017
f 1017 1116 1117
f 1017 1117 1018
f 1018 1117 1118
f 1018 1118 1019
f 1019 1118 1119
f 1019 1119 1020
f 1020 1119 1120
f 1020 1120 1021
f 1021 1120 1121
f 1021 1121 1022
f 1022 1121 1122
f 1022 1122 1023
f 1023 1122 1123
f 1023 1123 1024
f 1024 1123 1124
f 1024 1124 1025
f 1025 1124 1125
f 1025 1125 1026
f 1026 1125 1126
f 1026 1126 1027
f 1027 1126 1127
f 1027 1127 1028
f 1028 1127 1128
f 1028 1128 1029
f 1029 1128 1129
f 1029 1129 1030
f 1030 1129 1130
f 1030 1130 1031
f 1031 1130 1131
f 1031 1131 1032
f 1032 1131 1132
f 1032 1132 1033
f 1033 1132 1133
f 1033 1133 1034
f 1034 1133 1134
f 1034 1134 1035
f 1035 1134 1135
f 1035 1135 1036
f 1036 1135 1136
f 1036 1136 1037
f 1037 1136 1137
f 1037 1137 1038
f 1038 1137 1138
f 1038 1138 1039
f 1039 1138 1139
f 1039 1139 1040
f 1040 1139 1140
f 1040 1140 1041
f 1041 1140 1141
f 1041 1141 1042
f 1042 1141 1142
f 1042 1142 1043
f 1043 1142 1143
f 1043 1143 1044
f 1044 1143 1144
f 1044 1144 1045
f 1045 1144 1145
f 1045 1145 1046
f 1046 1145 1146
f 1046 1146 1047
f 1047 1146 1147
f 1047 1147 1048
f 1048 1147 1148
f 1048 1148 1049
f 1049 1148 1149
f 1049 1149 1050
f 1050 1149 1150
f 1050 1150 1051
f 1051 1150 1151
f 1051 1151 1052
f 1052 1151 1152
f 1052 1152 1053
f 1053 1152 1153
f 1053 1153 1054
f 1054 1153 1154
f 1054 1154 1055
f 1055 1154 1155
f 1055 1155 1056
f 1056 1155 1156
f 1056 1156 1057
f 1057 1156 1157
f 1057 1157 1058
f 1058 1157 1158
f 1058 1158 1059
f 1059 1158 1159
f 1059 1159 1060
f 1060 1159 1160
f 1060 1160 1061
f 1061 1160 1161
f 1061 1161 1062
f 1062 1161 1162
f 1062 1162 1063
f 1063 1162 1163
f 1063 1163 1064
f 1064 1163 1164
f 1064 1164 1065
f 1065 1164 1165
f 1065 1165 1066
f 1066 1165 1166
f 1066 1166 1067
f 1067 1166 1167
f 1067 1167 1068
f 1068 1167 1168
f 1068 1168 1069
f 1069 1168 1169
f 1069 1169 1070
f 1070 1169 1170
f 1070 1170 1071
f 1071 1170 1171
f 1071 1171 1072
f 1072 1171 1172
f 1072 1172 1073
f 1073 1172 1173
f 1073 1173 1074
f 1074 1173 1174
f 1074 1174 1075
f 1075 1174 1175
f 1075 1175 1076
f 1076 1175 1176
f 1076 1176 1077
f 1077 1176 1177
f 1077 1177 1078
f 1078 1177 1178
f 1078 1178 1079
f 1079 1178 1179
f 1079 1179 1080
f 1080 1179 1180
f 1080 1180 1081
f 1081 1180 1181
f 1081 1181 1082
f 1082 1181 1182
f 1082 1182 1083
f 1083 1182 1183
f 1083 1183 1084
f 1084 1183 1184
f 1084 1184 1085
f 1085 1184 1185
f 1085 1185 1086
f 1086 1185 1186
f 1086 1186 1087
f 1087 1186 1187
f 1087 1187 1088
f 1088 1187 1188
f 1088 1188 1089
f 1089 1188 1189
f 1089 1189 1090
f 1090 1189 1190
f 1090 1190 1091
f 1091 1190 1191
f 1091 1191 1092
f 1092 1191 1192
f 1092 1192 1093
f 1093 1192 1193
f 1093 1193 1094
f 1094 1193 1194
f 1094 1194 1095
f 1095 1194 1195
f 1095 1195 1096
f 1096 1195 1196
f 1096 1196 1097
f 1097 1196 1197
f 1097 1197 1098
f 1098 1197 1198
f 1098 1198 1099
f 1099 1198 1199
f 1099 1199 1100
f 1100 1199 1200
f 1100 1200 1101
f 1101 1200 1201
f 1101 1201 1002
f 1002 1201 1102
f 1102 1202 1103
f 1103 1202 1203
f 1103 1203 1104
f 1104 1203 1204
f 1104 1204 1105
f 1105 1204 1205
f 1105 1205 1106
f 1106 1205 1206
f 1106 1206 1107
f 1107 1206 1207
f 1107 1207 1108
f 1108 1207 1208
f 1108 1208 1109
f 1109 1208 1209
f 1109 1209 1110
f 1110 1209 1210
f 1110 1210 1111
f 1111 1210 1211
f 1111 1211 1112
f 1112 1211 1212
f 1112 1212 1113
f 1113 1212 1213
f 1113 1213 1114
f 1114 1213 1214
f 1114 1214 1115
f 1115 1214 1215
f 1115 1215 1116
f 1116 1215 1216
f 1116 1216 1117
f 1117 1216 1217
f 1117 1217 1118
f 1118 1217 1218
f 1118 1218 1119
f 1119 1218 1219
f 1119 1219 1120
f 1120 1219 1220
f 1120 1220 1121
f 1121 1220 1221
f 1121 1221 1122
f 1122 1221 1222
f 1122 1222 1123
f 1123 1222 1223
f 1123 1223 1124
f 1124 1223 1224
f 1124 1224 1125
f 1125 1224 1225
f 1125 1225 1126
f 1126 1225 1226
f 1126 1226 1127
f 1127 1226 1227
f 1127 1227 1128
f 1128 1227 1228
f 1128 1228 1129
f 1129 1228 1229
f 1129 1229 1130
f 1130 1229 1230
f 1130 1230 1131
f 1131 1230 1231
f 1131 1231 1132
f 1132 1231 1232
f 1132 1232 1133
f 1133 1232 1233
f 1133 1233 1134
f 1134 1233 1234
f 1134 1234 1135
f 1135 1234 1235
f 1135 1235 1136
f 1136 1235 1236
f 1136 1236 1137
f 1137 1236 1237
f 1137 1237 1138
f 1138 1237 1238
f 1138 1238 1139
f 1139 1238 1239
f 1139 1239 1140
f 1140 1239 1240
f 1140 1240 1141
f 1141 1240 1241
f 1141 1241 1142
f 1142 1241 1242
f 1142 1242 1143
f 1143 1242 1243
f 1143 1243 1144
f 1144 1243 1244
f 1144 1244 1145
f 1145 1244 1245
f 1145 1245 1146
f 1146 1245 1246
f 1146 1246 1147
f 1147 1246 1247
f 1147 1247 1148
f 1148 1247 1248
f 1148 1248 1149
f 1149 1248 1249
f 1149 1249 1150
f 1150 1249 1250
f 1150 1250 1151
f 1151 1250 1251
f 1151 1251 1152
f 1152 1251 1252
f 1152 1252 1153
f 1153 1252 1253
f 1153 1253 1154
f 1154 1253 1254
f 1154 1254 1155
f 1155 1254 1255
f 1155 1255 1156
f 1156 1255 1256
f 1156 1256 1157
f 1157 1256 1257
f 1157 1257 1158
f 1158 1257 1258
f 1158 1258 1159
f 1159 1258 1259
f 1159 1259 1160
f 1160 1259 1260
f 1160 1260 1161
f 1161 1260 1261
f 1161 1261 1162
f 1162 1261 1262
f 1162 1262 1163
f 1163 1262 1263
f 1163 1263 1164
f 1164 1263 1264
f 1164 1264 1165
f 1165 1264 1265
f 1165 1265 1166
f 1166 1265 1266
f 1166 1266 1167
f 1167 1266 1267
f 1167 1267 1168
f 1168 1267 1268
f 1168 1268 1169
f 1169 1268 1269
f 1169 1269 1170
f 1170 1269 1270
f 1170 1270 1171
f 1171 1270 1271
f 1171 1271 1172
f 1172 1271 1272
f 1172 1272 1173
f 1173 1272 1273
f 1173 1273 1174
f 1174 1273 1274
f 1174 1274 1175
f 1175 1274 1275
f 1175 1275 1176
f 1176 1275 1276
f 1176 1276 1177
f 1177 1276 1277
f 1177 1277 1178
f 1178 1277 1278
f 1178 1278 1179
f 1179 1278 1279
f 1179 1279 1180
f 1180 1279 1280
f 1180 1280 1181
f 1181 1280 1281
f 1181 1281 1182
f 1182 1281 1282
f 1182 1282 1183
f 1183 1282 1283
f 1183 1283 1184
f 1184 1283 1284
f 1184 1284 1185
f 1185 1284 1285
f 1185 1285 1186
f 1186 1285 1286
f 1186 1286 1187
f 1187 1286 1287
f 1187 1287 1188
f 1188 1287 1288
f 1188 1288 1189
f 1189 1288 1289
f 1189 1289 1190
f 1190 1289 1290
f 1190 1290 1191
f 1191 1290 1291
f 1191 1291 1192
f 1192 1291 1292
f 1192 1292 1193
f 1193 1292 1293
f 1193 1293 1194
f 1194 1293 1294
f 1194 1294 1195
f 1195 1294 1295
f 1195 1295 1196
f 1196 1295 1296
f 1196 1296 1197
f 1197 1296 1297
f 1197 1297 1198
f 1198 1297 1298
f 1198 1298 1199
f 1199 1298 1299
f 1199 1299 1200
f 1200 1299 1300
f 1200 1300 1201
f 1201 1300 1301
f 1201 1301 1102
f 1102 1301 1202
f 1202 1302 1203
f 1203 1302 1303
f 1203 1303 1204
f 1204 1303 1304
f 1204 1304 1205
f 1205 1304 1305
f 1205 1305 1206
f 1206 1305 1306
f 1206 1306 1207
f 1207 1306 1307
f 1207 1307 1208
f 1208 1307 1308
f 1208 1308 1209
f 1209 1308 1309
f 1209 1309 1210
f 1210 1309 1310
f 1210 1310 1211
f 1211 1310 1311
f 1211 1311 1212
f 1212 1311 1312
f 1212 1312 1213
f 1213 1312 1313
f 1213 1313 1214
f 1214 1313 1314
f 1214 1314 1215
f 1215 1314 1315
f 1215 1315 1216
f 1216 1315 1316
f 1216 1316 1217
f 1217 1316 1317
f 1217 1317 1218
f 1218 1317 1318
f 1218 1318 1219
f 1219 1318 1319
f 1219 1319 1220
f 1220 1319 1320
f 1220 1320 1221
f 1221 1320 1321
f 1221 1321 1222
f 1222 1321 1322
f 1222 1322 1223
f 1223 1322 1323
f 1223 1323 1224
f 1224 1323 1324
f 1224 1324 1225
f 1225 1324 1325
f 1225 1325 1226
f 1226 1325 1326
f 1226 1326 1227
f 1227 1326 1327
f 1227 1327 1228
f 1228 1327 1328
f 1228 1328 1229
f 1229 1328 1329
f 1229 1329 1230
f 1230 1329 1330
f 1230 1330 1231
f 1231 1330 1331
f 1231 1331 1232
f 1232 1331 1332
f 1232 1332 1233
f 1233 1332 1333
f 1233 1333 1234
f 1234 1333 1334
f 1234 1334 1235
f 1235 1334 1335
f 1235 1335 1236
f 1236 1335 1336
f 1236 1336 1237
f 1237 1336 1337
f 1237 1337 1238
f 1238 1337 1338
f 1238 1338 1239
f 1239 1338 1339
f 1239 1339 1240
f 1240 1339 1340
f 1240 1340 1241
f 1241 1340 1341
f 1241 1341 1242
f 1242 1341 1342
f 1242 1342 1243
f 1243 1342 1343
f 1243 1343 1244
f 1244 1343 1344
f 1244 1344 1245
f 1245 1344 1345
f 1245 1345 1246
f 1246 1345 1346
f 1246 1346 1247
f 1247 1346 1347
f 1247 1347 1248
f 1248 1347 1348
f 1248 1348 1249
f 1249 1348 1349
f 1249 1349 1250
f 1250 1349 1350
f 1250 1350 1251
f 1251 1350 1351
f 1251 1351 1252
f 1252 1351 1352
f 1252 1352 1253
f 1253 1352 1353
f 1253 1353 1254
f 1254 1353 1354
f 1254 1354 1255
f 1255 1354 1355
f 1255 1355 1256
f 1256 1355 1356
f 1256 1356 1257
f 1257 1356 1357
f 1257 1357 1258
f 1258 1357 1358
f 1258 1358 1259
f 1259 1358 1359
f 1259 1359 1260
f 1260 1359 1360
f 1260 1360 1261
f 1261 1360 1361
f 1261 1361 1262
f 1262 1361 1362
f 1262 1362 1263
f 1263 1362 1363
f 1263 1363 1264
f 1264 1363 1364
f 1264 1364 1265
f 1265 1364 1365
f 1265 1365 1266
f 1266 1365 1366
f 1266 1366 1267
f 1267 1366 1367
f 1267 1367 1268
f 1268 1367 1368
f 1268 1368 1269
f 1269 1368 1369
f 1269 1369 1270
f 1270 1369 1370
f 1270 1370 1271
f 1271 1370 1371
f 1271 1371 1272
f 1272 1371 1372
f 1272 1372 1273
f 1273 1372 1373
f 1273 1373 1274
f 1274 1373 1374
f 1274 1374 1275
f 1275 1374 1375
f 1275 1375 1276
f 1276 1375 1376
f 1276 1376 1277
f 1277 1376 1377
f 1277 1377 1278
f 1278 1377 1378
f 1278 1378 1279
f 1279 1378 1379
f 1279 1379 1280
f 1280 1379 1380
f 1280 1380 1281
f 1281 1380 1381
f 1281 1381 1282
f 1282 1381 1382
f 1282 1382 1283
f 1283 1382 1383
f 1283 1383 1284
f 1284 1383 1384
f 1284 1384 1285
f 1285 1384 1385
f 1285 1385 1286
f 1286 1385 1386
f 1286 1386 1287
f 1287 1386 1387
f 1287 1387 1288
f 1288 1387 1388
f 1288 1388 1289
f 1289 1388 1389
f 1289 1389 1290
f 1290 1389 1390
f 1290 1390 1291
f 1291 1390 1391
f 1291 1391 1292
f 1292 1391 1392
f 1292 1392 1293
f 1293 1392 1393
f 1293 1393 1294
f 1294 1393 1394
f 1294 1394 1295
f 1295 1394 1395
f 1295 1395 1296
f 1296 1395 1396
f 1296 1396 1297
f 1297 1396 1397
f 1297 1397 1298
f 1298 1397 1398
f 1298 1398 1299
f 1299 1398 1399
f 1299 1399 1300
f 1300 1399 1400
f 1300 1400 1301
f 1301 1400 1401
f 1301 1401 1202
f 1202 1401 1302
f 1302 1402 1303
f 1303 1402 1403
f 1303 1403 1304
f 1304 1403 1404
f 1304 1404 1305
f 1305 1404 1405
f 1305 1405 1306
f 1306 1405 1406
f 1306 1406 1307
f 1307 1406 1407
f 1307 1407 1308
f 1308 1407 1408
f 1308 1408 1309
f 1309 1408 1409
f 1309 1409 1310
f 1310 1409 1410
f 1310 1410 1311
f 1311 1410 1411
f 1311 1411 1312
f 1312 1411 1412
f 1312 1412 1313
f 1313 1412 1413
f 1313 1413 1314
f 1314 1413 1414
f 1314 1414 1315
f 1315 1414 1415
f 1315 1415 1316
f 1316 1415 1416
f 1316 1416 1317
f 1317 1416 1417
f 1317 1417 1318
f 1318 1417 1418
f 1318 1418 1319
f 1319 1418 1419
f 1319 1419 1320
f 1320 1419 1420
f 1320 1420 1321
f 1321 1420 1421
f 1321 1421 1322
f 1322 1421 1422
f 1322 1422 1323
f 1323 1422 1423
f 1323 1423 1324
f 1324 1423 1424
f 1324 1424 1325
f 1325 1424 1425
f 1325 1425 1326
f 1326 1425 1426
f 1326 1426 1327
f 1327 1426 1427
f 1327 1427 1328
f 1328 1427 1428
f 1328 1428 1329
f 1329 1428 1429
f 1329 1429 1330
f 1330 1429 1430
f 1330 1430 1331
f 1331 1430 1431
f 1331 1431 1332
f 1332 1431 1432
f 1332 1432 1333
f 1333 1432 1433
f 1333 1433 1334
f 1334 1433 1434
f 1334 1434 1335
f 1335 1434 1435
f 1335 1435 1336
f 1336 1435 1436
f 1336 1436 1337
f 1337 1436 1437
f 1337 1437 1338
f 1338 1437 1438
f 1338 1438 1339
f 1339 1438 1439
f 1339 1439 1340
f 1340 1439 1440
f 1340 1440 1341
f 1341 1440 1441
f 1341 1441 1342
f 1342 1441 1442
f 1342 1442 1343
f 1343 1442 1443
f 1343 1443 1344
f 1344 1443 1444
f 1344 1444 1345
f 1345 1444 1445
f 1345 1445 1346
f 1346 1445 1446
f 1346 1446 1347
f 1347 1446 1447
f 1347 1447 1348
f 1348 1447 1448
f 1348 1448 1349
f 1349 1448 1449
f 1349 1449 1350
f 1350 1449 1450
f 1350 1450 1351
f 1351 1450 1451
f 1351 1451 1352
f 1352 1451 1452
f 1352 1452 1353
f 1353 1452 1453
f 1353 1453 1354
f 1354 1453 1454
f 1354 1454 1355
f 1355 1454 1455
f 1355 1455 1356
f 1356 1455 1456
f 1356 1456 1357
f 1357 1456 1457
f 1357 1457 1358
f 1358 1457 1458
f 1358 1458 1359
f 1359 1458 1459
f 1359 1459 1360
f 1360 1459 1460
f 1360 1460 1361
f 1361 1460 1461
f 1361 1461 1362
f 1362 1461 1462
f 1362 1462 1363
f 1363 1462 1463
f 1363 1463 1364
f 1364 1463 1464
f 1364 1464 1365
f 1365 1464 1465
f 1365 1465 1366
f 1366 1465 1466
f 1366 1466 1367
f 1367 1466 1467
f 1367 1467 1368
f 1368 1467 1468
f 1368 1468 1369
f 1369 1468 1469
f 1369 1469 1370
f 1370 1469 1470
f 1370 1470 1371
f 1371 1470 1471
f 1371 1471 1372
f 1372 1471 1472
f 1372 1472 1373
f 1373 1472 1473
f 1373 1473 1374
f 1374 1473 1474
f 1374 1474 1375
f 1375 1474 1475
f 1375 1475 1376
f 1376 1475 1476
f 1376 1476 1377
f 1377 1476 1477
f 1377 1477 1378
f 1378 1477 1478
f 1378 1478 1379
f 1379 1478 1479
f 1379 1479 1380
f 1380 1479 1480
f 1380 1480 1381
f 1381 1480 1481
f 1381 1481 1382
f 1382 1481 1482
f 1382 1482 1383
f 1383 1482 1483
f 1383 1483 1384
f 1384 1483 1484
f 1384 1484 1385
f 1385 1484 1485
f 1385 1485 1386
f 1386 1485 1486
f 1386 1486 1387
f 1387 1486 1487
f 1387 1487 1388
f 1388 1487 1488
f 1388 1488 1389
f 1389 1488 1489
f 1389 1489 1390
f 1390 1489 1490
f 1390 1490 1391
f 1391 1490 1491
f 1391 1491 1392
f 1392 1491 1492
f 1392 1492 1393
f 1393 1492 1493
f 1393 1493 1394
f 1394 1493 1494
f 1394 1494 1395
f 1395 1494 1495
f 1395 1495 1396
f 1396 1495 1496
f 1396 1496 1397
f 1397 1496 1497
f 1397 1497 1398
f 1398 1497 1498
f 1398 1498 1399
f 1399 1498 1499
f 1399 1499 1400
f 1400 1499 1500
f 1400 1500 1401
f 1401 1500 1501
f 1401 1501 1302
f 1302 1501 1402
f 1402 1502 1403
f 1403 1502 1503
f 1403 1503 1404
f 1404 1503 1504
f 1404 1504 1405
f 1405 1504 1505
f 1405 1505 1406
f 1406 1505 1506
f 1406 1506 1407
f 1407 1506 1507
f 1407 1507 1408
f 1408 1507 1508
f 1408 1508 1409
f 1409 1508 1509
f 1409 1509 1410
f 1410 1509 1510
f 1410 1510 1411
f 1411 1510 1511
f 1411 1511 1412
f 1412 1511 1512
f 1412 1512 1413
f 1413 1512 1513
f 1413 1513 1414
f 1414 1513 1514
f 1414 1514 1415
f 1415 1514 1515
f 1415 1515 1416
f 1416 1515 1516
f 1416 1516 1417
f 1417 1516 1517
f 1417 1517 1418
f 1418 1517 1518
f 1418 1518 1419
f 1419 1518 1519
f 1419 1519 1420
f 1420 1519 1520
f 1420 1520 1421
f 1421 1520 1521
f 1421 1521 1422
f 1422 1521 1522
f 1422 1522 1423
f 1423 1522 1523
f 1423 1523 1424
f 1424 1523 1524
f 1424 1524 1425
f 1425 1524 1525
f 1425 1525 1426
f 1426 1525 1526
f 1426 1526 1427
f 1427 1526 1527
f 1427 1527 1428
f 1428 1527 1528
f 1428 1528 1429
f 1429 1528 1529
f 1429 1529 1430
f 1430 1529 1530
f 1430 1530 1431
f 1431 1530 1531
f 1431 1531 1432
f 1432 1531 1532
f 1432 1532 1433
f 1433 1532 1533
f 1433 1533 1434
f 1434 1533 1534
f 1434 1534 1435
f 1435 1534 1535
f 1435 1535 1436
f 1436 1535 1536
f 1436 1536 1437
f 1437 1536 1537
f 1437 1537 1438
f 1438 1537 1538
f 1438 1538 1439
f 1439 1538 1539
f 1439 1539 1440
f 1440 1539 1540
f 1440 1540 1441
f 1441 1540 1541
f 1441 1541 1442
f 1442 1541 1542
f 1442 1542 1443
f 1443 1542 1543
f 1443 1543 1444
f 1444 1543 1544
f 1444 1544 1445
f 1445 1544 1545
f 1445 1545 1446
f 1446 1545 1546
f 1446 1546 1447
f 1447 1546 1547
f 1447 1547 1448
f 1448 1547 1548
f 1448 1548 1449
f 1449 1548 1549
f 1449 1549 1450
f 1450 1549 1550
f 1450 1550 1451
f 1451 1550 1551
f 1451 1551 1452
f 1452 1551 1552
f 1452 1552 1453
f 1453 1552 1553
f 1453 1553 1454
f 1454 1553 1554
f 1454 1554 1455
f 1455 1554 1555
f 1455 1555 1456
f 1456 1555 1556
f 1456 1556 1457
f 1457 1556 1557
f 1457 1557 1458
f 1458 1557 1558
f 1458 1558 1459
f 1459 1558 1559
f 1459 1559 1460
f 1460 1559 1560
f 1460 1560 1461
f 1461 1560 1561
f 1461 1561 1462
f 1462 1561 1562
f 1462 1562 1463
f 1463 1562 1563
f 1463 1563 1464
f 1464 1563 1564
f 1464 1564 1465
f 1465 1564 1565
f 1465 1565 1466
f 1466 1565 1566
f 1466 1566 1467
f 1467 1566 1567
f 1467 1567 1468
f 1468 1567 1568
f 1468 1568 1469
f 1469 1568 1569
f 1469 1569 1470
f 1470 1569 1570
f 1470 1570 1471
f 1471 1570 1571
f 1471 1571 1472
f 1472 1571 1572
f 1472 1572 1473
f 1473 1572 1573
f 1473 1573 1474
f 1474 1573 1574
f 1474 1574 1475
f 1475 1574 1575
f 1475 1575 1476
f 1476 1575 1576
f 1476 1576 1477
f 1477 1576 1577
f 1477 1577 1478
f 1478 1577 1578
f 1478 1578 1479
f 1479 1578 1579
f 1479 1579 1480
f 1480 1579 1580
f 1480 1580 1481
f 1481 1580 1581
f 1481 1581 1482
f 1482 1581 1582
f 1482 1582 1483
f 1483 1582 1583
f 1483 1583 1484
f 1484 1583 1584
f 1484 1584 1485
f 1485 1584 1585
f 1485 1585 1486
f 1486 1585 1586
f 1486 1586 1487
f 1487 1586 1587
f 1487 1587 1488
f 1488 1587 1588
f 1488 1588 1489
f 1489 1588 1589
f 1489 1589 1490
f 1490 1589 1590
f 1490 1590 1491
f 1491 1590 1591
f 1491 1591 1492
f 1492 1591 1592
f 1492 1592 1493
f 1493 1592 1593
f 1493 1593 1494
f 1494 1593 1594
f 1494 1594 1495
f 1495 1594 1595
f 1495 1595 1496
f 1496 1595 1596
f 1496 1596 1497
f 1497 1596 1597
f 1497 1597 1498
f 1498 1597 1598
f 1498 1598 1499
f 1499 1598 1599
f 1499 1599 1500
f 1500 1599 1600
f 1500 1600 1501
f 1501 1600 1601
f 1501 1601 1402
f 1402 1601 1502
f 1502 1602 1503
f 1503 1602 1603
f 1503 1603 1504
f 1504 1603 1604
f 1504 1604 1505
f 1505 1604 1605
f 1505 1605 1506
f 1506 1605 1606
f 1506 1606 1507
f 1507 1606 1607
f 1507 1607 1508
f 1508 1607 1608
f 1508 1608 1509
f 1509 1608 1609
f 1509 1609 1510
f 1510 1609 1610
f 1510 1610 1511
f 1511 1610 1611
f 1511 1611 1512
f 1512 1611 1612
f 1512 1612 1513
f 1513 1612 1613
f 1513 1613 1514
f 1514 1613 1614
f 1514 1614 1515
f 1515 1614 1615
f 1515 1615 1516
f 1516 1615 1616
f 1516 1616 1517
f 1517 1616 1617
f 1517 1617 1518
f 1518 1617 1618
f 1518 1618 1519
f 1519 1618 1619
f 1519 1619 1520
f 1520 1619 1620
f 1520 1620 1521
f 1521 1620 1621
f 1521 1621 1522
f 1522 1621 1622
f 1522 1622 1523
f 1523 1622 1623
f 1523 1623 1524
f 1524 1623 1624
f 1524 1624 1525
f 1525 1624 1625
f 1525 1625 1526
f 1526 1625 1626
f 1526 1626 1527
f 1527 1626 1627
f 1527 1627 1528
f 1528 1627 1628
f 1528 1628 1529
f 1529 1628 1629
f 1529 1629 1530
f 1530 1629 1630
f 1530 1630 1531
f 1531 1630 1631
f 1531 1631 1532
f 1532 1631 1632
f 1532 1632 1533
f 1533 1632 1633
f 1533 1633 1534
f 1534 1633 1634
f 1534 1634 1535
f 1535 1634 1635
f 1535 1635 1536
f 1536 1635 1636
f 1536 1636 1537
f 1537 1636 1637
f 1537 1637 1538
f 1538 1637 1638
f 1538 1638 1539
f 1539 1638 1639
f 1539 1639 1540
f 1540 1639 1640
f 1540 1640 1541
f 1541 1640 1641
f 1541 1641 1542
f 1542 1641 1642
f 1542 1642 1543
f 1543 1642 1643
f 1543 1643 1544
f 1544 1643 1644
f 1544 1644 1545
f 1545 1644 1645
f 1545 1645 1546
f 1546 1645 1646
f 1546 1646 1547
f 1547 1646 1647
f 1547 1647 1548
f 1548 1647 1648
f 1548 1648 1549
f 1549 1648 1649
f 1549 1649 1550
f 1550 1649 1650
f 1550 1650 1551
f 1551 1650 1651
f 1551 1651 1552
f 1552 1651 1652
f 1552 1652 1553
f 1553 1652 1653
f 1553 1653 1554
f 1554 1653 1654
f 1554 1654 1555
f 1555 1654 1655
f 1555 1655 1556
f 1556 1655 1656
f 1556 1656 1557
f 1557 1656 1657
f 1557 1657 1558
f 1558 1657 1658
f 1558 1658 1559
f 1559 1658 1659
f 1559 1659 1560
f 1560 1659 1660
f 1560 1660 1561
f 1561 1660 1661
f 1561 1661 1562
f 1562 1661 1662
f 1562 1662 1563
f 1563 1662 1663
f 1563 1663 1564
f 1564 1663 1664
f 1564 1664 1565
f 1565 1664 1665
f 1565 1665 1566
f 1566 1665 1666
f 1566 1666 1567
f 1567 1666 1667
f 1567 1667 1568
f 1568 1667 1668
f 1568 1668 1569
f 1569 1668 1669
f 1569 1669 1570
f 1570 1669 1670
f 1570 1670 1571
f 1571 1670 1671
f 1571 1671 1572
f 1572 1671 1672
f 1572 1672 1573
f 1573 1672 1673
f 1573 1673 1574
f 1574 1673 1674
f 1574 1674 1575
f 1575 1674 1675
f 1575 1675 1576
f 1576 1675 1676
f 1576 1676 1577
f 1577 1676 1677
f 1577 1677 1578
f 1578 1677 1678
f 1578 1678 1579
f 1579 1678 1679
f 1579 1679 1580
f 1580 1679 1680
f 1580 1680 1581
f 1581 1680 1681
f 1581 1681 1582
f 1582 1681 1682
f 1582 1682 1583
f 1583 1682 1683
f 1583 1683 1584
f 1584 1683 1684
f 1584 1684 1585
f 1585 1684 1685
f 1585 1685 1586
f 1586 1685 1686
f 1586 1686 1587
f 1587 1686 1687
f 1587 1687 1588
f 1588 1687 1688
f 1588 1688 1589
f 1589 1688 1689
f 1589 1689 1590
f 1590 1689 1690
f 1590 1690 1591
f 1591 1690 1691
f 1591 1691 1592
f 1592 1691 1692
f 1592 1692 1593
f 1593 1692 1693
f 1593 1693 1594
f 1594 1693 1694
f 1594 1694 1595
f 1595 1694 1695
f 1595 1695 1596
f 1596 1695 1696
f 1596 1696 1597
f 1597 1696 1697
f 1597 1697 1598
f 1598 1697 1698
f 1598 1698 1599
f 1599 1698 1699
f 1599 1699 1600
f 1600 1699 1700
f 1600 1700 1601
f 1601 1700 1701
f 1601 1701 1502
f 1502 1701 1602
f 1602 1702 1603
f 1603 1702 1703
f 1603 1703 1604
f 1604 1703 1704
f 1604 1704 1605
f 1605 1704 1705
f 1605 1705 1606
f 1606 1705 1706
f 1606 1706 1607
f 1607 1706 1707
f 1607 1707 1608
f 1608 1707 1708
f 1608 1708 1609
f 1609 1708 1709
f 1609 1709 1610
f 1610 1709 1710
f 1610 1710 1611
f 1611 1710 1711
f 1611 1711 1612
f 1612 1711 1712
f 1612 1712 1613
f 1613 1712 1713
f 1613 1713 1614
f 1614 1713 1714
f 1614 1714 1615
f 1615 1714 1715
f 1615 1715 1616
f 1616 1715 1716
f 1616 1716 1617
f 1617 1716 1717
f 1617 1717 1618
f 1618 1717 1718
f 1618 1718 1619
f 1619 1718 1719
f 1619 1719 1620
f 1620 1719 1720
f 1620 1720 1621
f 1621 1720 1721
f 1621 1721 1622
f 1622 1721 1722
f 1622 1722 1623
f 1623 1722 1723
f 1623 1723 1624
f 1624 1723 1724
f 1624 1724 1625
f 1625 1724 1725
f 1625 1725 1626
f 1626 1725 1726
f 1626 1726 1627
f 1627 1726 1727
f 1627 1727 1628
f 1628 1727 1728
f 1628 1728 1629
f 1629 1728 1729
f 1629 1729 1630
f 1630 1729 1730
f 1630 1730 1631
f 1631 1730 1731
f 1631 1731 1632
f 1632 1731 1732
f 1632 1732 1633
f 1633 1732 1733
f 1633 1733 1634
f 1634 1733 1734
f 1634 1734 1635
f 1635 1734 1735
f 1635 1735 1636
f 1636 1735 1736
f 1636 1736 1637
f 1637 1736 1737
f 1637 1737 1638
f 1638 1737 1738
f 1638 1738 1639
f 1639 1738 1739
f 1639 1739 1640
f 1640 1739 1740
f 1640 1740 1641
f 1641 1740 1741
f 1641 1741 1642
f 1642 1741 1742
f 1642 1742 1643
f 1643 1742 1743
f 1643 1743 1644
f 1644 1743 1744
f 1644 1744 1645
f 1645 1744 1745
f 1645 1745 1646
f 1646 1745 1746
f 1646 1746 1647
f 1647 1746 1747
f 1647 1747 1648
f 1648 1747 1748
f 1648 1748 1649
f 1649 1748 1749
f 1649 1749 1650
f 1650 1749 1750
f 1650 1750 1651
f 1651 1750 1751
f 1651 1751 1652
f 1652 1751 1752
f 1652 1752 1653
f 1653 1752 1753
f 1653 1753 1654
f 1654 1753 1754
f 1654 1754 1655
f 1655 1754 1755
f 1655 1755 1656
f 1656 1755 1756
f 1656 1756 1657
f 1657 1756 1757
f 1657 1757 1658
f 1658 1757 1758
f 1658 1758 1659
f 1659 1758 1759
f 1659 1759 1660
f 1660 1759 1760
f 1660 1760 1661
f 1661 1760 1761
f 1661 1761 1662
f 1662 1761 1762
f 1662 1762 1663
f 1663 1762 1763
f 1663 1763 1664
f 1664 1763 1764
f 1664 1764 1665
f 1665 1764 1765
f 1665 1765 1666
f 1666 1765 1766
f 1666 1766 1667
f 1667 1766 1767
f 1667 1767 1668
f 1668 1767 1768
f 1668 1768 1669
f 1669 1768 1769
f 1669 1769 1670
f 1670 1769 1770
f 1670 1770 1671
f 1671 1770 1771
f 1671 1771 1672
f 1672 1771 1772
f 1672 1772 1673
f 1673 1772 1773
f 1673 1773 1674
f 1674 1773 1774
f 1674 1774 1675
f 1675 1774 1775
f 1675 1775 1676
f 1676 1775 1776
f 1676 1776 1677
f 1677 1776 1777
f 1677 1777 1678
f 1678 1777 1778
f 1678 1778 1679
f 1679 1778 1779
f 1679 1779 1680
f 1680 1779 1780
f 1680 1780 1681
f 1681 1780 1781
f 1681 1781 1682
f 1682 1781 1782
f 1682 1782 1683
f 1683 1782 1783
f 1683 1783 1684
f 1684 1783 1784
f 1684 1784 1685
f 1685 1784 1785
f 1685 1785 1686
f 1686 1785 1786
f 1686 1786 1687
f 1687 1786 1787
f 1687 1787 1688
f 1688 1787 1788
f 1688 1788 1689
f 1689 1788 1789
f 1689 1789 1690
f 1690 1789 1790
f 1690 1790 1691
f 1691 1790 1791
f 1691 1791 1692
f 1692 1791 1792
f 1692 1792 1693
f 1693 1792 1793
f 1693 1793 1694
f 1694 1793 1794
f 1694 1794 1695
f 1695 1794 1795
f 1695 1795 1696
f 1696 1795 1796
f 1696 1796 1697
f 1697 1796 1797
f 1697 1797 1698
f 1698 1797 1798
f 1698 1798 1699
f 1699 1798 1799
f 1699 1799 1700
f 1700 1799 1800
f 1700 1800 1701
f 1701 1800 1801
f 1701 1801 1602
f 1602 1801 1702
f 1702 1802 1703
f 1703 1802 1803
f 1703 1803 1704
f 1704 1803 1804
f 1704 1804 1705
f 1705 1804 1805
f 1705 1805 1706
f 1706 1805 1806
f 1706 1806 1707
f 1707 1806 1807
f 1707 1807 1708
f 1708 1807 1808
f 1708 1808 1709
f 1709 1808 1809
f 1709 1809 1710
f 1710 1809 1810
f 1710 1810 1711
f 1711 1810 1811
f 1711 1811 1712
f 1712 1811 1812
f 1712 1812 1713
f 1713 1812 1813
f 1713 1813 1714
f 1714 1813 1814
f 1714 1814 1715
f 1715 1814 1815
f 1715 1815 1716
f 1716 1815 1816
f 1716 1816 1717
f 1717 1816 1817
f 1717 1817 1718
f 1718 1817 1818
f 1718 1818 1719
f 1719 1818 1819
f 1719 1819 1720
f 1720 1819 1820
f 1720 1820 1721
f 1721 1820 1821
f 1721 1821 1722
f 1722 1821 1822
f 1722 1822 1723
f 1723 1822 1823
f 1723 1823 1724
f 1724 1823 1824
f 1724 1824 1725
f 1725 1824 1825
f 1725 1825 1726
f 1726 1825 1826
f 1726 1826 1727
f 1727 1826 1827
f 1727 1827 1728
f 1728 1827 1828
f 1728 1828 1729
f 1729 1828 1829
f 1729 1829 1730
f 1730 1829 1830
f 1730 1830 1731
f 1731 1830 1831
f 1731 1831 1732
f 1732 1831 1832
f 1732 1832 1733
f 1733 1832 1833
f 1733 1833 1734
f 1734 1833 1834
f 1734 1834 1735
f 1735 1834 1835
f 1735 1835 1736
f 1736 1835 1836
f 1736 1836 1737
f 1737 1836 1837
f 1737 1837 1738
f 1738 1837 1838
f 1738 1838 1739
f 1739 1838 1839
f 1739 1839 1740
f 1740 1839 1840
f 1740 1840 1741
f 1741 1840 1841
f 1741 1841 1742
f 1742 1841 1842
f 1742 1842 1743
f 1743 1842 1843
f 1743 1843 1744
f 1744 1843 1844
f 1744 1844 1745
f 1745 1844 1845
f 1745 1845 1746
f 1746 1845 1846
f 1746 1846 1747
f 1747 1846 1847
f 1747 1847 1748
f 1748 1847 1848
f 1748 1848 1749
f 1749 1848 1849
f 1749 1849 1750
f 1750 1849 1850
f 1750 1850 1751
f 1751 1850 1851
f 1751 1851 1752
f 1752 1851 1852
f 1752 1852 1753
f 1753 1852 1853
f 1753 1853 1754
f 1754 1853 1854
f 1754 1854 1755
f 1755 1854 1855
f 1755 1855 1756
f 1756 1855 1856
f 1756 1856 1757
f 1757 1856 1857
f 1757 1857 1758
f 1758 1857 1858
f 1758 1858 1759
f 1759 1858 1859
f 1759 1859 1760
f 1760 1859 1860
f 1760 1860 1761
f 1761 1860 1861
f 1761 1861 1762
f 1762 1861 1862
f 1762 1862 1763
f 1763 1862 1863
f 1763 1863 1764
f 1764 1863 1864
f 1764 1864 1765
f 1765 1864 1865
f 1765 1865 1766
f 1766 1865 1866
f 1766 1866 1767
f 1767 1866 1867
f 1767 1867 1768
f 1768 1867 1868
f 1768 1868 1769
f 1769 1868 1869
f 1769 1869 1770
f 1770 1869 1870
f 1770 1870 1771
f 1771 1870 1871
f 1771 1871 1772
f 1772 1871 1872
f 1772 1872 1773
f 1773 1872 1873
f 1773 1873 1774
f 1774 1873 1874
f 1774 1874 1775
f 1775 1874 1875
f 1775 1875 1776
f 1776 1875 1876
f 1776 1876 1777
f 1777 1876 1877
f 1777 1877 1778
f 1778 1877 1878
f 1778 1878 1779
f 1779 1878 1879
f 1779 1879 1780
f 1780 1879 1880
f 1780 1880 1781
f 1781 1880 1881
f 1781 1881 1782
f 1782 1881 1882
f 1782 1882 1783
f 1783 1882 1883
f 1783 1883 1784
f 1784 1883 1884
f 1784 1884 1785
f 1785 1884 1885
f 1785 1885 1786
f 1786 1885 1886
f 1786 1886 1787
f 1787 1886 1887
f 1787 1887 1788
f 1788 1887 1888
f 1788 1888 1789
f 1789 1888 1889
f 1789 1889 1790
f 1790 1889 1890
f 1790 1890 1791
f 1791 1890 1891
f 1791 1891 1792
f 1792 1891 1892
f 1792 1892 1793
f 1793 1892 1893
f 1793 1893 1794
f 1794 1893 1894
f 1794 1894 1795
f 1795 1894 1895
f 1795 1895 1796
f 1796 1895 1896
f 1796 1896 1797
f 1797 1896 1897
f 1797 1897 1798
f 1798 1897 1898
f 1798 1898 1799
f 1799 1898 1899
f 1799 1899 1800
f 1800 1899 1900
f 1800 1900 1801
f 1801 1900 1901
f 1801 1901 1702
f 1702 1901 1802
f 1802 1902 1803
f 1803 1902 1903
f 1803 1903 1804
f 1804 1903 1904
f 1804 1904 1805
f 1805 1904 1905
f 1805 1905 1806
f 1806 1905 1906
f 1806 1906 1807
f 1807 1906 1907
f 1807 1907 1808
f 1808 1907 1908
f 1808 1908 1809
f 1809 1908 1909
f 1809 1909 1810
f 1810 1909 1910
f 1810 1910 1811
f 1811 1910 1911
f 1811 1911 1812
f 1812 1911 1912
f 1812 1912 1813
f 1813 1912 1913
f 1813 1913 1814
f 1814 1913 1914
f 1814 1914 1815
f 1815 1914 1915
f 1815 1915 1816
f 1816 1915 1916
f 1816 1916 1817
f 1817 1916 1917
f 1817 1917 1818
f 1818 1917 1918
f 1818 1918 1819
f 1819 1918 1919
f 1819 1919 1820
f 1820 1919 1920
f 1820 1920 1821
f 1821 1920 1921
f 1821 1921 1822
f 1822 1921 1922
f 1822 1922 1823
f 1823 1922 1923
f 1823 1923 1824
f 1824 1923 1924
f 1824 1924 1825
f 1825 1924 1925
f 1825 1925 1826
f 1826 1925 1926
f 1826 1926 1827
f 1827 1926 1927
f 1827 1927 1828
f 1828 1927 1928
f 1828 1928 1829
f 1829 1928 1929
f 1829 1929 1830
f 1830 1929 1930
f 1830 1930 1831
f 1831 1930 1931
f 1831 1931 1832
f 1832 1931 1932
f 1832 1932 1833
f 1833 1932 1933
f 1833 1933 1834
f 1834 1933 1934
f 1834 1934 1835
f 1835 1934 1935
f 1835 1935 1836
f 1836 1935 1936
f 1836 1936 1837
f 1837 1936 1937
f 1837 1937 1838
f 1838 1937 1938
f 1838 1938 1839
f 1839 1938 1939
f 1839 1939 1840
f 1840 1939 1940
f 1840 1940 1841
f 1841 1940 1941
f 1841 1941 1842
f 1842 1941 1942
f 1842 1942 1843
f 1843 1942 1943
f 1843 1943 1844
f 1844 1943 1944
f 1844 1944 1845
f 1845 1944 1945
f 1845 1945 1846
f 1846 1945 1946
f 1846 1946 1847
f 1847 1946 1947
f 1847 1947 1848
f 1848 1947 1948
f 1848 1948 1849
f 1849 1948 1949
f 1849 1949 1850
f 1850 1949 1950
f 1850 1950 1851
f 1851 1950 1951
f 1851 1951 1852
f 1852 1951 1952
f 1852 1952 1853
f 1853 1952 1953
f 1853 1953 1854
f 1854 1953 1954
f 1854 1954 1855
f 1855 1954 1955
f 1855 1955 1856
f 1856 1955 1956
f 1856 1956 1857
f 1857 1956 1957
f 1857 1957 1858
f 1858 1957 1958
f 1858 1958 1859
f 1859 1958 1959
f 1859 1959 1860
f 1860 1959 1960
f 1860 1960 1861
f 1861 1960 1961
f 1861 1961 1862
f 1862 1961 1962
f 1862 1962 1863
f 1863 1962 1963
f 1863 1963 1864
f 1864 1963 1964
f 1864 1964 1865
f 1865 1964 1965
f 1865 1965 1866
f 1866 1965 1966
f 1866 1966 1867
f 1867 1966 1967
f 1867 1967 1868
f 1868 1967 1968
f 1868 1968 1869
f 1869 1968 1969
f 1869 1969 1870
f 1870 1969 1970
f 1870 1970 1871
f 1871 1970 1971
f 1871 1971 1872
f 1872 1971 1972
f 1872 1972 1873
f 1873 1972 1973
f 1873 1973 1874
f 1874 1973 1974
f 1874 1974 1875
f 1875 1974 1975
f 1875 1975 1876
f 1876 1975 1976
f 1876 1976 1877
f 1877 1976 1977
f 1877 1977 1878
f 1878 1977 1978
f 1878 1978 1879
f 1879 1978 1979
f 1879 1979 1880
f 1880 1979 1980
f 1880 1980 1881
f 1881 1980 1981
f 1881 1981 1882
f 1882 1981 1982
f 1882 1982 1883
f 1883 1982 1983
f 1883 1983 1884
f 1884 1983 1984
f 1884 1984 1885
f 1885 1984 1985
f 1885 1985 1886
f 1886 1985 1986
f 1886 1986 1887
f 1887 1986 1987
f 1887 1987 1888
f 1888 1987 1988
f 1888 1988 1889
f 1889 1988 1989
f 1889 1989 1890
f 1890 1989 1990
f 1890 1990 1891
f 1891 1990 1991
f 1891 1991 1892
f 1892 1991 1992
f 1892 1992 1893
f 1893 1992 1993
f 1893 1993 1894
f 1894 1993 1994
f 1894 1994 1895
f 1895 1994 1995
f 1895 1995 1896
f 1896 1995 1996
f 1896 1996 1897
f 1897 1996 1997
f 1897 1997 1898
f 1898 1997 1998
f 1898 1998 1899
f 1899 1998 1999
f 1899 1999 1900
f 1900 1999 2000
f 1900 2000 1901
f 1901 2000 2001
f 1901 2001 1802
f 1802 2001 1902
f 1902 2002 1903
f 1903 2002 2003
f 1903 2003 1904
f 1904 2003 2004
f 1904 2004 1905
f 1905 2004 2005
f 1905 2005 1906
f 1906 2005 2006
f 1906 2006 1907
f 1907 2006 2007
f 1907 2007 1908
f 1908 2007 2008
f 1908 2008 1909
f 1909 2008 2009
f 1909 2009 1910
f 1910 2009 2010
f 1910 2010 1911
f 1911 2010 2011
f 1911 2011 1912
f 1912 2011 2012
f 1912 2012 1913
f 1913 2012 2013
f 1913 2013 1914
f 1914 2013 2014
f 1914 2014 1915
f 1915 2014 2015
f 1915 2015 1916
f 1916 2015 2016
f 1916 2016 1917
f 1917 2016 2017
f 1917 2017 1918
f 1918 2017 2018
f 1918 2018 1919
f 1919 2018 2019
f 1919 2019 1920
f 1920 2019 2020
f 1920 2020 1921
f 1921 2020 2021
f 1921 2021 1922
f 1922 2021 2022
f 1922 2022 1923
f 1923 2022 2023
f 1923 2023 1924
f 1924 2023 2024
f 1924 2024 1925
f 1925 2024 2025
f 1925 2025 1926
f 1926 2025 2026
f 1926 2026 1927
f 1927 2026 2027
f 1927 2027 1928
f 1928 2027 2028
f 1928 2028 1929
f 1929 2028 2029
f 1929 2029 1930
f 1930 2029 2030
f 1930 2030 1931
f 1931 2030 2031
f 1931 2031 1932
f 1932 2031 2032
f 1932 2032 1933
f 1933 2032 2033
f 1933 2033 1934
f 1934 2033 2034
f 1934 2034 1935
f 1935 2034 2035
f 1935 2035 1936
f 1936 2035 2036
f 1936 2036 1937
f 1937 2036 2037
f 1937 2037 1938
f 1938 2037 2038
f 1938 2038 1939
f 1939 2038 2039
f 1939 2039 1940
f 1940 2039 2040
f 1940 2040 1941
f 1941 2040 2041
f 1941 2041 1942
f 1942 2041 2042
f 1942 2042 1943
f 1943 2042 2043
f 1943 2043 1944
f 1944 2043 2044
f 1944 2044 1945
f 1945 2044 2045
f 1945 2045 1946
f 1946 2045 2046
f 1946 2046 1947
f 1947 2046 2047
f 1947 2047 1948
f 1948 2047 2048
f 1948 2048 1949
f 1949 2048 2049
f 1949 2049 1950
f 1950 2049 2050
f 1950 2050 1951
f 1951 2050 2051
f 1951 2051 1952
f 1952 2051 2052
f 1952 2052 1953
f 1953 2052 2053
f 1953 2053 1954
f 1954 2053 2054
f 1954 2054 1955
f 1955 2054 2055
f 1955 2055 1956
f 1956 2055 2056
f 1956 2056 1957
f 1957 2056 2057
f 1957 2057 1958
f 1958 2057 2058
f 1958 2058 1959
f 1959 2058 2059
f 1959 2059 1960
f 1960 2059 2060
f 1960 2060 1961
f 1961 2060 2061
f 1961 2061 1962
f 1962 2061 2062
f 1962 2062 1963
f 1963 2062 2063
f 1963 2063 1964
f 1964 2063 2064
f 1964 2064 1965
f 1965 2064 2065
f 1965 2065 1966
f 1966 2065 2066
f 1966 2066 1967
f 1967 2066 2067
f 1967 2067 1968
f 1968 2067 2068
f 1968 2068 1969
f 1969 2068 2069
f 1969 2069 1970
f 1970 2069 2070
f 1970 2070 1971
f 1971 2070 2071
f 1971 2071 1972
f 1972 2071 2072
f 1972 2072 1973
f 1973 2072 2073
f 1973 2073 1974
f 1974 2073 2074
f 1974 2074 1975
f 1975 2074 2075
f 1975 2075 1976
f 1976 2075 2076
f 1976 2076 1977
f 1977 2076 2077
f 1977 2077 1978
f 1978 2077 2078
f 1978 2078 1979
f 1979 2078 2079
f 1979 2079 1980
f 1980 2079 2080
f 1980 2080 1981
f 1981 2080 2081
f 1981 2081 1982
f 1982 2081 2082
f 1982 2082 1983
f 1983 2082 2083
f 1983 2083 1984
f 1984 2083 2084
f 1984 2084 1985
f 1985 2084 2085
f 1985 2085 1986
f 1986 2085 2086
f 1986 2086 1987
f 1987 2086 2087
f 1987 2087 1988
f 1988 2087 2088
f 1988 2088 1989
f 1989 2088 2089
f 1989 2089 1990
f 1990 2089 2090
f 1990 2090 1991
f 1991 2090 2091
f 1991 2091 1992
f 1992 2091 2092
f 1992 2092 1993
f 1993 2092 2093
f 1993 2093 1994
f 1994 2093 2094
f 1994 2094 1995
f 1995 2094 2095
f 1995 2095 1996
f 1996 2095 2096
f 1996 2096 1997
f 1997 2096 2097
f 1997 2097 1998
f 1998 2097 2098
f 1998 2098 1999
f 1999 2098 2099
f 1999 2099 2000
f 2000 2099 2100
f 2000 2100 2001
f 2001 2100 2101
f 2001 2101 1902
f 1902 2101 2002
f 2002 2102 2003
f 2003 2102 2103
f 2003 2103 2004
f 2004 2103 2104
f 2004 2104 2005
f 2005 2104 2105
f 2005 2105 2006
f 2006 2105 2106
f 2006 2106 2007
f 2007 2106 2107
f 2007 2107 2008
f 2008 2107 2108
f 2008 2108 2009
f 2009 2108 2109
f 2009 2109 2010
f 2010 2109 2110
f 2010 2110 2011
f 2011 2110 2111
f 2011 2111 2012
f 2012 2111 2112
f 2012 2112 2013
f 2013 2112 2113
f 2013 2113 2014
f 2014 2113 2114
f 2014 2114 2015
f 2015 2114 2115
f 2015 2115 2016
f 2016 2115 2116
f 2016 2116 2017
f 2017 2116 2117
f 2017 2117 2018
f 2018 2117 2118
f 2018 2118 2019
f 2019 2118 2119
f 2019 2119 2020
f 2020 2119 2120
f 2020 2120 2021
f 2021 2120 2121
f 2021 2121 2022
f 2022 2121 2122
f 2022 2122 2023
f 2023 2122 2123
f 2023 2123 2024
f 2024 2123 2124
f 2024 2124 2025
f 2025 2124 2125
f 2025 2125 2026
f 2026 2125 2126
f 2026 2126 2027
f 2027 2126 2127
f 2027 2127 2028
f 2028 2127 2128
f 2028 2128 2029
f 2029 2128 2129
f 2029 2129 2030
f 2030 2129 2130
f 2030 2130 2031
f 2031 2130 2131
f 2031 2131 2032
f 2032 2131 2132
f 2032 2132 2033
f 2033 2132 2133
f 2033 2133 2034
f 2034 2133 2134
f 2034 2134 2035
f 2035 2134 2135
f 2035 2135 2036
f 2036 2135 2136
f 2036 2136 2037
f 2037 2136 2137
f 2037 2137 2038
f 2038 2137 2138
f 2038 2138 2039
f 2039 2138 2139
f 2039 2139 2040
f 2040 2139 2140
f 2040 2140 2041
f 2041 2140 2141
f 2041 2141 2042
f 2042 2141 2142
f 2042 2142 2043
f 2043 2142 2143
f 2043 2143 2044
f 2044 2143 2144
f 2044 2144 2045
f 2045 2144 2145
f 2045 2145 2046
f 2046 2145 2146
f 2046 2146 2047
f 2047 2146 2147
f 2047 2147 2048
f 2048 2147 2148
f 2048 2148 2049
f 2049 2148 2149
f 2049 2149 2050
f 2050 2149 2150
f 2050 2150 2051
f 2051 2150 2151
f 2051 2151 2052
f 2052 2151 2152
f 2052 2152 2053
f 2053 2152 2153
f 2053 2153 2054
f 2054 2153 2154
f 2054 2154 2055
f 2055 2154 2155
f 2055 2155 2056
f 2056 2155 2156
f 2056 2156 2057
f 2057 2156 2157
f 2057 2157 2058
f 2058 2157 2158
f 2058 2158 2059
f 2059 2158 2159
f 2059 2159 2060
f 2060 2159 2160
f 2060 2160 2061
f 2061 2160 2161
f 2061 2161 2062
f 2062 2161 2162
f 2062 2162 2063
f 2063 2162 2163
f 2063 2163 2064
f 2064 2163 2164
f 2064 2164 2065
f 2065 2164 2165
f 2065 2165 2066
f 2066 2165 2166
f 2066 2166 2067
f 2067 2166 2167
f 2067 2167 2068
f 2068 2167 2168
f 2068 2168 2069
f 2069 2168 2169
f 2069 2169 2070
f 2070 2169 2170
f 2070 2170 2071
f 2071 2170 2171
f 2071 2171 2072
f 2072 2171 2172
f 2072 2172 2073
f 2073 2172 2173
f 2073 2173 2074
f 2074 2173 2174
f 2074 2174 2075
f 2075 2174 2175
f 2075 2175 2076
f 2076 2175 2176
f 2076 2176 2077
f 2077 2176 2177
f 2077 2177 2078
f 2078 2177 2178
f 2078 2178 2079
f 2079 2178 2179
f 2079 2179 2080
f 2080 2179 2180
f 2080 2180 2081
f 2081 2180 2181
f 2081 2181 2082
f 2082 2181 2182
f 2082 2182 2083
f 2083 2182 2183
f 2083 2183 2084
f 2084 2183 2184
f 2084 2184 2085
f 2085 2184 2185
f 2085 2185 2086
f 2086 2185 2186
f 2086 2186 2087
f 2087 2186 2187
f 2087 2187 2088
f 2088 2187 2188
f 2088 2188 2089
f 2089 2188 2189
f 2089 2189 2090
f 2090 2189 2190
f 2090 2190 2091
f 2091 2190 2191
f 2091 2191 2092
f 2092 2191 2192
f 2092 2192 2093
f 2093 2192 2193
f 2093 2193 2094
f 2094 2193 2194
f 2094 2194 2095
f 2095 2194 2195
f 2095 2195 2096
f 2096 2195 2196
f 2096 2196 2097
f 2097 2196 2197
f 2097 2197 2098
f 2098 2197 2198
f 2098 2198 2099
f 2099 2198 2199
f 2099 2199 2100
f 2100 2199 2200
f 2100 2200 2101
f 2101 2200 2201
f 2101 2201 2002
f 2002 2201 2102
f 2102 2202 2103
f 2103 2202 2203
f 2103 2203 2104
f 2104 2203 2204
f 2104 2204 2105
f 2105 2204 2205
f 2105 2205 2106
f 2106 2205 2206
f 2106 2206 2107
f 2107 2206 2207
f 2107 2207 2108
f 2108 2207 2208
f 2108 2208 2109
f 2109 2208 2209
f 2109 2209 2110
f 2110 2209 2210
f 2110 2210 2111
f 2111 2210 2211
f 2111 2211 2112
f 2112 2211 2212
f 2112 2212 2113
f 2113 2212 2213
f 2113 2213 2114
f 2114 2213 2214
f 2114 2214 2115
f 2115 2214 2215
f 2115 2215 2116
f 2116 2215 2216
f 2116 2216 2117
f 2117 2216 2217
f 2117 2217 2118
f 2118 2217 2218
f 2118 2218 2119
f 2119 2218 2219
f 2119 2219 2120
f 2120 2219 2220
f 2120 2220 2121
f 2121 2220 2221
f 2121 2221 2122
f 2122 2221 2222
f 2122 2222 2123
f 2123 2222 2223
f 2123 2223 2124
f 2124 2223 2224
f 2124 2224 2125
f 2125 2224 2225
f 2125 2225 2126
f 2126 2225 2226
f 2126 2226 2127
f 2127 2226 2227
f 2127 2227 2128
f 2128 2227 2228
f 2128 2228 2129
f 2129 2228 2229
f 2129 2229 2130
f 2130 2229 2230
f 2130 2230 2131
f 2131 2230 2231
f 2131 2231 2132
f 2132 2231 2232
f 2132 2232 2133
f 2133 2232 2233
f 2133 2233 2134
f 2134 2233 2234
f 2134 2234 2135
f 2135 2234 2235
f 2135 2235 2136
f 2136 2235 2236
f 2136 2236 2137
f 2137 2236 2237
f 2137 2237 2138
f 2138 2237 2238
f 2138 2238 2139
f 2139 2238 2239
f 2139 2239 2140
f 2140 2239 2240
f 2140 2240 2141
f 2141 2240 2241
f 2141 2241 2142
f 2142 2241 2242
f 2142 2242 2143
f 2143 2242 2243
f 2143 2243 2144
f 2144 2243 2244
f 2144 2244 2145
f 2145 2244 2245
f 2145 2245 2146
f 2146 2245 2246
f 2146 2246 2147
f 2147 2246 2247
f 2147 2247 2148
f 2148 2247 2248
f 2148 2248 2149
f 2149 2248 2249
f 2149 2249 2150
f 2150 2249 2250
f 2150 2250 2151
f 2151 2250 2251
f 2151 2251 2152
f 2152 2251 2252
f 2152 2252 2153
f 2153 2252 2253
f 2153 2253 2154
f 2154 2253 2254
f 2154 2254 2155
f 2155 2254 2255
f 2155 2255 2156
f 2156 2255 2256
f 2156 2256 2157
f 2157 2256 2257
f 2157 2257 2158
f 2158 2257 2258
f 2158 2258 2159
f 2159 2258 2259
f 2159 2259 2160
f 2160 2259 2260
f 2160 2260 2161
f 2161 2260 2261
f 2161 2261 2162
f 2162 2261 2262
f 2162 2262 2163
f 2163 2262 2263
f 2163 2263 2164
f 2164 2263 2264
f 2164 2264 2165
f 2165 2264 2265
f 2165 2265 2166
f 2166 2265 2266
f 2166 2266 2167
f 2167 2266 2267
f 2167 2267 2168
f 2168 2267 2268
f 2168 2268 2169
f 2169 2268 2269
f 2169 2269 2170
f 2170 2269 2270
f 2170 2270 2171
f 2171 2270 2271
f 2171 2271 2172
f 2172 2271 2272
f 2172 2272 2173
f 2173 2272 2273
f 2173 2273 2174
f 2174 2273 2274
f 2174 2274 2175
f 2175 2274 2275
f 2175 2275 2176
f 2176 2275 2276
f 2176 2276 2177
f 2177 2276 2277
f 2177 2277 2178
f 2178 2277 2278
f 2178 2278 2179
f 2179 2278 2279
f 2179 2279 2180
f 2180 2279 2280
f 2180 2280 2181
f 2181 2280 2281
f 2181 2281 2182
f 2182 2281 2282
f 2182 2282 2183
f 2183 2282 2283
f 2183 2283 2184
f 2184 2283 2284
f 2184 2284 2185
f 2185 2284 2285
f 2185 2285 2186
f 2186 2285 2286
f 2186 2286 2187
f 2187 2286 2287
f 2187 2287 2188
f 2188 2287 2288
f 2188 2288 2189
f 2189 2288 2289
f 2189 2289 2190
f 2190 2289 2290
f 2190 2290 2191
f 2191 2290 2291
f 2191 2291 2192
f 2192 2291 2292
f 2192 2292 2193
f 2193 2292 2293
f 2193 2293 2194
f 2194 2293 2294
f 2194 2294 2195
f 2195 2294 2295
f 2195 2295 2196
f 2196 2295 2296
f 2196 2296 2197
f 2197 2296 2297
f 2197 2297 2198
f 2198 2297 2298
f 2198 2298 2199
f 2199 2298 2299
f 2199 2299 2200
f 2200 2299 2300
f 2200 2300 2201
f 2201 2300 2301
f 2201 2301 2102
f 2102 2301 2202
f 2202 2302 2203
f 2203 2302 2303
f 2203 2303 2204
f 2204 2303 2304
f 2204 2304 2205
f 2205 2304 2305
f 2205 2305 2206
f 2206 2305 2306
f 2206 2306 2207
f 2207 2306 2307
f 2207 2307 2208
f 2208 2307 2308
f 2208 2308 2209
f 2209 2308 2309
f 2209 2309 2210
f 2210 2309 2310
f 2210 2310 2211
f 2211 2310 2311
f 2211 2311 2212
f 2212 2311 2312
f 2212 2312 2213
f 2213 2312 2313
f 2213 2313 2214
f 2214 2313 2314
f 2214 2314 2215
f 2215 2314 2315
f 2215 2315 2216
f 2216 2315 2316
f 2216 2316 2217
f 2217 2316 2317
f 2217 2317 2218
f 2218 2317 2318
f 2218 2318 2219
f 2219 2318 2319
f 2219 2319 2220
f 2220 2319 2320
f 2220 2320 2221
f 2221 2320 2321
f 2221 2321 2222
f 2222 2321 2322
f 2222 2322 2223
f 2223 2322 2323
f 2223 2323 2224
f 2224 2323 2324
f 2224 2324 2225
f 2225 2324 2325
f 2225 2325 2226
f 2226 2325 2326
f 2226 2326 2227
f 2227 2326 2327
f 2227 2327 2228
f 2228 2327 2328
f 2228 2328 2229
f 2229 2328 2329
f 2229 2329 2230
f 2230 2329 2330
f 2230 2330 2231
f 2231 2330 2331
f 2231 2331 2232
f 2232 2331 2332
f 2232 2332 2233
f 2233 2332 2333
f 2233 2333 2234
f 2234 2333 2334
f 2234 2334 2235
f 2235 2334 2335
f 2235 2335 2236
f 2236 2335 2336
f 2236 2336 2237
f 2237 2336 2337
f 2237 2337 2238
f 2238 2337 2338
f 2238 2338 2239
f 2239 2338 2339
f 2239 2339 2240
f 2240 2339 2340
f 2240 2340 2241
f 2241 2340 2341
f 2241 2341 2242
f 2242 2341 2342
f 2242 2342 2243
f 2243 2342 2343
f 2243 2343 2244
f 2244 2343 2344
f 2244 2344 2245
f 2245 2344 2345
f 2245 2345 2246
f 2246 2345 2346
f 2246 2346 2247
f 2247 2346 2347
f 2247 2347 2248
f 2248 2347 2348
f 2248 2348 2249
f 2249 2348 2349
f 2249 2349 2250
f 2250 2349 2350
f 2250 2350 2251
f 2251 2350 2351
f 2251 2351 2252
f 2252 2351 2352
f 2252 2352 2253
f 2253 2352 2353
f 2253 2353 2254
f 2254 2353 2354
f 2254 2354 2255
f 2255 2354 2355
f 2255 2355 2256
f 2256 2355 2356
f 2256 2356 2257
f 2257 2356 2357
f 2257 2357 2258
f 2258 2357 2358
f 2258 2358 2259
f 2259 2358 2359
f 2259 2359 2260
f 2260 2359 2360
f 2260 2360 2261
f 2261 2360 2361
f 2261 2361 2262
f 2262 2361 2362
f 2262 2362 2263
f 2263 2362 2363
f 2263 2363 2264
f 2264 2363 2364
f 2264 2364 2265
f 2265 2364 2365
f 2265 2365 2266
f 2266 2365 2366
f 2266 2366 2267
f 2267 2366 2367
f 2267 2367 2268
f 2268 2367 2368
f 2268 2368 2269
f 2269 2368 2369
f 2269 2369 2270
f 2270 2369 2370
f 2270 2370 2271
f 2271 2370 2371
f 2271 2371 2272
f 2272 2371 2372
f 2272 2372 2273
f 2273 2372 2373
f 2273 2373 2274
f 2274 2373 2374
f 2274 2374 2275
f 2275 2374 2375
f 2275 2375 2276
f 2276 2375 2376
f 2276 2376 2277
f 2277 2376 2377
f 2277 2377 2278
f 2278 2377 2378
f 2278 2378 2279
f 2279 2378 2379
f 2279 2379 2280
f 2280 2379 2380
f 2280 2380 2281
f 2281 2380 2381
f 2281 2381 2282
f 2282 2381 2382
f 2282 2382 2283
f 2283 2382 2383
f 2283 2383 2284
f 2284 2383 2384
f 2284 2384 2285
f 2285 2384 2385
f 2285 2385 2286
f 2286 2385 2386
f 2286 2386 2287
f 2287 2386 2387
f 2287 2387 2288
f 2288 2387 2388
f 2288 2388 2289
f 2289 2388 2389
f 2289 2389 2290
f 2290 2389 2390
f 2290 2390 2291
f 2291 2390 2391
f 2291 2391 2292
f 2292 2391 2392
f 2292 2392 2293
f 2293 2392 2393
f 2293 2393 2294
f 2294 2393 2394
f 2294 2394 2295
f 2295 2394 2395
f 2295 2395 2296
f 2296 2395 2396
f 2296 2396 2297
f 2297 2396 2397
f 2297 2397 2298
f 2298 2397 2398
f 2298 2398 2299
f 2299 2398 2399
f 2299 2399 2300
f 2300 2399 2400
f 2300 2400 2301
f 2301 2400 2401
f 2301 2401 2202
f 2202 2401 2302
f 2302 2402 2303
f 2303 2402 2403
f 2303 2403 2304
f 2304 2403 2404
f 2304 2404 2305
f 2305 2404 2405
f 2305 2405 2306
f 2306 2405 2406
f 2306 2406 2307
f 2307 2406 2407
f 2307 2407 2308
f 2308 2407 2408
f 2308 2408 2309
f 2309 2408 2409
f 2309 2409 2310
f 2310 2409 2410
f 2310 2410 2311
f 2311 2410 2411
f 2311 2411 2312
f 2312 2411 2412
f 2312 2412 2313
f 2313 2412 2413
f 2313 2413 2314
f 2314 2413 2414
f 2314 2414 2315
f 2315 2414 2415
f 2315 2415 2316
f 2316 2415 2416
f 2316 2416 2317
f 2317 2416 2417
f 2317 2417 2318
f 2318 2417 2418
f 2318 2418 2319
f 2319 2418 2419
f 2319 2419 2320
f 2320 2419 2420
f 2320 2420 2321
f 2321 2420 2421
f 2321 2421 2322
f 2322 2421 2422
f 2322 2422 2323
f 2323 2422 2423
f 2323 2423 2324
f 2324 2423 2424
f 2324 2424 2325
f 2325 2424 2425
f 2325 2425 2326
f 2326 2425 2426
f 2326 2426 2327
f 2327 2426 2427
f 2327 2427 2328
f 2328 2427 2428
f 2328 2428 2329
f 2329 2428 2429
f 2329 2429 2330
f 2330 2429 2430
f 2330 2430 2331
f 2331 2430 2431
f 2331 2431 2332
f 2332 2431 2432
f 2332 2432 2333
f 2333 2432 2433
f 2333 2433 2334
f 2334 2433 2434
f 2334 2434 2335
f 2335 2434 2435
f 2335 2435 2336
f 2336 2435 2436
f 2336 2436 2337
f 2337 2436 2437
f 2337 2437 2338
f 2338 2437 2438
f 2338 2438 2339
f 2339 2438 2439
f 2339 2439 2340
f 2340 2439 2440
f 2340 2440 2341
f 2341 2440 2441
f 2341 2441 2342
f 2342 2441 2442
f 2342 2442 2343
f 2343 2442 2443
f 2343 2443 2344
f 2344 2443 2444
f 2344 2444 2345
f 2345 2444 2445
f 2345 2445 2346
f 2346 2445 2446
f 2346 2446 2347
f 2347 2446 2447
f 2347 2447 2348
f 2348 2447 2448
f 2348 2448 2349
f 2349 2448 2449
f 2349 2449 2350
f 2350 2449 2450
f 2350 2450 2351
f 2351 2450 2451
f 2351 2451 2352
f 2352 2451 2452
f 2352 2452 2353
f 2353 2452 2453
f 2353 2453 2354
f 2354 2453 2454
f 2354 2454 2355
f 2355 2454 2455
f 2355 2455 2356
f 2356 2455 2456
f 2356 2456 2357
f 2357 2456 2457
f 2357 2457 2358
f 2358 2457 2458
f 2358 2458 2359
f 2359 2458 2459
f 2359 2459 2360
f 2360 2459 2460
f 2360 2460 2361
f 2361 2460 2461
f 2361 2461 2362
f 2362 2461 2462
f 2362 2462 2363
f 2363 2462 2463
f 2363 2463 2364
f 2364 2463 2464
f 2364 2464 2365
f 2365 2464 2465
f 2365 2465 2366
f 2366 2465 2466
f 2366 2466 2367
f 2367 2466 2467
f 2367 2467 2368
f 2368 2467 2468
f 2368 2468 2369
f 2369 2468 2469
f 2369 2469 2370
f 2370 2469 2470
f 2370 2470 2371
f 2371 2470 2471
f 2371 2471 2372
f 2372 2471 2472
f 2372 2472 2373
f 2373 2472 2473
f 2373 2473 2374
f 2374 2473 2474
f 2374 2474 2375
f 2375 2474 2475
f 2375 2475 2376
f 2376 2475 2476
f 2376 2476 2377
f 2377 2476 2477
f 2377 2477 2378
f 2378 2477 2478
f 2378 2478 2379
f 2379 2478 2479
f 2379 2479 2380
f 2380 2479 2480
f 2380 2480 2381
f 2381 2480 2481
f 2381 2481 2382
f 2382 2481 2482
f 2382 2482 2383
f 2383 2482 2483
f 2383 2483 2384
f 2384 2483 2484
f 2384 2484 2385
f 2385 2484 2485
f 2385 2485 2386
f 2386 2485 2486
f 2386 2486 2387
f 2387 2486 2487
f 2387 2487 2388
f 2388 2487 2488
f 2388 2488 2389
f 2389 2488 2489
f 2389 2489 2390
f 2390 2489 2490
f 2390 2490 2391
f 2391 2490 2491
f 2391 2491 2392
f 2392 2491 2492
f 2392 2492 2393
f 2393 2492 2493
f 2393 2493 2394
f 2394 2493 2494
f 2394 2494 2395
f 2395 2494 2495
f 2395 2495 2396
f 2396 2495 2496
f 2396 2496 2397
f 2397 2496 2497
f 2397 2497 2398
f 2398 2497 2498
f 2398 2498 2399
f 2399 2498 2499
f 2399 2499 2400
f 2400 2499 2500
f 2400 2500 2401
f 2401 2500 2501
f 2401 2501 2302
f 2302 2501 2402
f 2402 2502 2403
f 2403 2502 2503
f 2403 2503 2404
f 2404 2503 2504
f 2404 2504 2405
f 2405 2504 2505
f 2405 2505 2406
f 2406 2505 2506
f 2406 2506 2407
f 2407 2506 2507
f 2407 2507 2408
f 2408 2507 2508
f 2408 2508 2409
f 2409 2508 2509
f 2409 2509 2410
f 2410 2509 2510
f 2410 2510 2411
f 2411 2510 2511
f 2411 2511 2412
f 2412 2511 2512
f 2412 2512 2413
f 2413 2512 2513
f 2413 2513 2414
f 2414 2513 2514
f 2414 2514 2415
f 2415 2514 2515
f 2415 2515 2416
f 2416 2515 2516
f 2416 2516 2417
f 2417 2516 2517
f 2417 2517 2418
f 2418 2517 2518
f 2418 2518 2419
f 2419 2518 2519
f 2419 2519 2420
f 2420 2519 2520
f 2420 2520 2421
f 2421 2520 2521
f 2421 2521 2422
f 2422 2521 2522
f 2422 2522 2423
f 2423 2522 2523
f 2423 2523 2424
f 2424 2523 2524
f 2424 2524 2425
f 2425 2524 2525
f 2425 2525 2426
f 2426 2525 2526
f 2426 2526 2427
f 2427 2526 2527
f 2427 2527 2428
f 2428 2527 2528
f 2428 2528 2429
f 2429 2528 2529
f 2429 2529 2430
f 2430 2529 2530
f 2430 2530 2431
f 2431 2530 2531
f 2431 2531 2432
f 2432 2531 2532
f 2432 2532 2433
f 2433 2532 2533
f 2433 2533 2434
f 2434 2533 2534
f 2434 2534 2435
f 2435 2534 2535
f 2435 2535 2436
f 2436 2535 2536
f 2436 2536 2437
f 2437 2536 2537
f 2437 2537 2438
f 2438 2537 2538
f 2438 2538 2439
f 2439 2538 2539
f 2439 2539 2440
f 2440 2539 2540
f 2440 2540 2441
f 2441 2540 2541
f 2441 2541 2442
f 2442 2541 2542
f 2442 2542 2443
f 2443 2542 2543
f 2443 2543 2444
f 2444 2543 2544
f 2444 2544 2445
f 2445 2544 2545
f 2445 2545 2446
f 2446 2545 2546
f 2446 2546 2447
f 2447 2546 2547
f 2447 2547 2448
f 2448 2547 2548
f 2448 2548 2449
f 2449 2548 2549
f 2449 2549 2450
f 2450 2549 2550
f 2450 2550 2451
f 2451 2550 2551
f 2451 2551 2452
f 2452 2551 2552
f 2452 2552 2453
f 2453 2552 2553
f 2453 2553 2454
f 2454 2553 2554
f 2454 2554 2455
f 2455 2554 2555
f 2455 2555 2456
f 2456 2555 2556
f 2456 2556 2457
f 2457 2556 2557
f 2457 2557 2458
f 2458 2557 2558
f 2458 2558 2459
f 2459 2558 2559
f 2459 2559 2460
f 2460 2559 2560
f 2460 2560 2461
f 2461 2560 2561
f 2461 2561 2462
f 2462 2561 2562
f 2462 2562 2463
f 2463 2562 2563
f 2463 2563 2464
f 2464 2563 2564
f 2464 2564 2465
f 2465 2564 2565
f 2465 2565 2466
f 2466 2565 2566
f 2466 2566 2467
f 2467 2566 2567
f 2467 2567 2468
f 2468 2567 2568
f 2468 2568 2469
f 2469 2568 2569
f 2469 2569 2470
f 2470 2569 2570
f 2470 2570 2471
f 2471 2570 2571
f 2471 2571 2472
f 2472 2571 2572
f 2472 2572 2473
f 2473 2572 2573
f 2473 2573 2474
f 2474 2573 2574
f 2474 2574 2475
f 2475 2574 2575
f 2475 2575 2476
f 2476 2575 2576
f 2476 2576 2477
f 2477 2576 2577
f 2477 2577 2478
f 2478 2577 2578
f 2478 2578 2479
f 2479 2578 2579
f 2479 2579 2480
f 2480 2579 2580
f 2480 2580 2481
f 2481 2580 2581
f 2481 2581 2482
f 2482 2581 2582
f 2482 2582 2483
f 2483 2582 2583
f 2483 2583 2484
f 2484 2583 2584
f 2484 2584 2485
f 2485 2584 2585
f 2485 2585 2486
f 2486 2585 2586
f 2486 2586 2487
f 2487 2586 2587
f 2487 2587 2488
f 2488 2587 2588
f 2488 2588 2489
f 2489 2588 2589
f 2489 2589 2490
f 2490 2589 2590
f 2490 2590 2491
f 2491 2590 2591
f 2491 2591 2492
f 2492 2591 2592
f 2492 2592 2493
f 2493 2592 2593
f 2493 2593 2494
f 2494 2593 2594
f 2494 2594 2495
f 2495 2594 2595
f 2495 2595 2496
f 2496 2595 2596
f 2496 2596 2497
f 2497 2596 2597
f 2497 2597 2498
f 2498 2597 2598
f 2498 2598 2499
f 2499 2598 2599
f 2499 2599 2500
f 2500 2599 2600
f 2500 2600 2501
f 2501 2600 2601
f 2501 2601 2402
f 2402 2601 2502
f 2502 2602 2503
f 2503 2602 2603
f 2503 2603 2504
f 2504 2603 2604
f 2504 2604 2505
f 2505 2604 2605
f 2505 2605 2506
f 2506 2605 2606
f 2506 2606 2507
f 2507 2606 2607
f 2507 2607 2508
f 2508 2607 2608
f 2508 2608 2509
f 2509 2608 2609
f 2509 2609 2510
f 2510 2609 2610
f 2510 2610 2511
f 2511 2610 2611
f 2511 2611 2512
f 2512 2611 2612
f 2512 2612 2513
f 2513 2612 2613
f 2513 2613 2514
f 2514 2613 2614
f 2514 2614 2515
f 2515 2614 2615
f 2515 2615 2516
f 2516 2615 2616
f 2516 2616 2517
f 2517 2616 2617
f 2517 2617 2518
f 2518 2617 2618
f 2518 2618 2519
f 2519 2618 2619
f 2519 2619 2520
f 2520 2619 2620
f 2520 2620 2521
f 2521 2620 2621
f 2521 2621 2522
f 2522 2621 2622
f 2522 2622 2523
f 2523 2622 2623
f 2523 2623 2524
f 2524 2623 2624
f 2524 2624 2525
f 2525 2624 2625
f 2525 2625 2526
f 2526 2625 2626
f 2526 2626 2527
f 2527 2626 2627
f 2527 2627 2528
f 2528 2627 2628
f 2528 2628 2529
f 2529 2628 2629
f 2529 2629 2530
f 2530 2629 2630
f 2530 2630 2531
f 2531 2630 2631
f 2531 2631 2532
f 2532 2631 2632
f 2532 2632 2533
f 2533 2632 2633
f 2533 2633 2534
f 2534 2633 2634
f 2534 2634 2535
f 2535 2634 2635
f 2535 2635 2536
f 2536 2635 2636
f 2536 2636 2537
f 2537 2636 2637
f 2537 2637 2538
f 2538 2637 2638
f 2538 2638 2539
f 2539 2638 2639
f 2539 2639 2540
f 2540 2639 2640
f 2540 2640 2541
f 2541 2640 2641
f 2541 2641 2542
f 2542 2641 2642
f 2542 2642 2543
f 2543 2642 2643
f 2543 2643 2544
f 2544 2643 2644
f 2544 2644 2545
f 2545 2644 2645
f 2545 2645 2546
f 2546 2645 2646
f 2546 2646 2547
f 2547 2646 2647
f 2547 2647 2548
f 2548 2647 2648
f 2548 2648 2549
f 2549 2648 2649
f 2549 2649 2550
f 2550 2649 2650
f 2550 2650 2551
f 2551 2650 2651
f 2551 2651 2552
f 2552 2651 2652
f 2552 2652 2553
f 2553 2652 2653
f 2553 2653 2554
f 2554 2653 2654
f 2554 2654 2555
f 2555 2654 2655
f 2555 2655 2556
f 2556 2655 2656
f 2556 2656 2557
f 2557 2656 2657
f 2557 2657 2558
f 2558 2657 2658
f 2558 2658 2559
f 2559 2658 2659
f 2559 2659 2560
f 2560 2659 2660
f 2560 2660 2561
f 2561 2660 2661
f 2561 2661 2562
f 2562 2661 2662
f 2562 2662 2563
f 2563 2662 2663
f 2563 2663 2564
f 2564 2663 2664
f 2564 2664 2565
f 2565 2664 2665
f 2565 2665 2566
f 2566 2665 2666
f 2566 2666 2567
f 2567 2666 2667
f 2567 2667 2568
f 2568 2667 2668
f 2568 2668 2569
f 2569 2668 2669
f 2569 2669 2570
f 2570 2669 2670
f 2570 2670 2571
f 2571 2670 2671
f 2571 2671 2572
f 2572 2671 2672
f 2572 2672 2573
f 2573 2672 2673
f 2573 2673 2574
f 2574 2673 2674
f 2574 2674 2575
f 2575 2674 2675
f 2575 2675 2576
f 2576 2675 2676
f 2576 2676 2577
f 2577 2676 2677
f 2577 2677 2578
f 2578 2677 2678
f 2578 2678 2579
f 2579 2678 2679
f 2579 2679 2580
f 2580 2679 2680
f 2580 2680 2581
f 2581 2680 2681
f 2581 2681 2582
f 2582 2681 2682
f 2582 2682 2583
f 2583 2682 2683
f 2583 2683 2584
f 2584 2683 2684
f 2584 2684 2585
f 2585 2684 2685
f 2585 2685 2586
f 2586 2685 2686
f 2586 2686 2587
f 2587 2686 2687
f 2587 2687 2588
f 2588 2687 2688
f 2588 2688 2589
f 2589 2688 2689
f 2589 2689 2590
f 2590 2689 2690
f 2590 2690 2591
f 2591 2690 2691
f 2591 2691 2592
f 2592 2691 2692
f 2592 2692 2593
f 2593 2692 2693
f 2593 2693 2594
f 2594 2693 2694
f 2594 2694 2595
f 2595 2694 2695
f 2595 2695 2596
f 2596 2695 2696
f 2596 2696 2597
f 2597 2696 2697
f 2597 2697 2598
f 2598 2697 2698
f 2598 2698 2599
f 2599 2698 2699
f 2599 2699 2600
f 2600 2699 2700
f 2600 2700 2601
f 2601 2700 2701
f 2601 2701 2502
f 2502 2701 2602
f 2602 2702 2603
f 2603 2702 2703
f 2603 2703 2604
f 2604 2703 2704
f 2604 2704 2605
f 2605 2704 2705
f 2605 2705 2606
f 2606 2705 2706
f 2606 2706 2607
f 2607 2706 2707
f 2607 2707 2608
f 2608 2707 2708
f 2608 2708 2609
f 2609 2708 2709
f 2609 2709 2610
f 2610 2709 2710
f 2610 2710 2611
f 2611 2710 2711
f 2611 2711 2612
f 2612 2711 2712
f 2612 2712 2613
f 2613 2712 2713
f 2613 2713 2614
f 2614 2713 2714
f 2614 2714 2615
f 2615 2714 2715
f 2615 2715 2616
f 2616 2715 2716
f 2616 2716 2617
f 2617 2716 2717
f 2617 2717 2618
f 2618 2717 2718
f 2618 2718 2619
f 2619 2718 2719
f 2619 2719 2620
f 2620 2719 2720
f 2620 2720 2621
f 2621 2720 2721
f 2621 2721 2622
f 2622 2721 2722
f 2622 2722 2623
f 2623 2722 2723
f 2623 2723 2624
f 2624 2723 2724
f 2624 2724 2625
f 2625 2724 2725
f 2625 2725 2626
f 2626 2725 2726
f 2626 2726 2627
f 2627 2726 2727
f 2627 2727 2628
f 2628 2727 2728
f 2628 2728 2629
f 2629 2728 2729
f 2629 2729 2630
f 2630 2729 2730
f 2630 2730 2631
f 2631 2730 2731
f 2631 2731 2632
f 2632 2731 2732
f 2632 2732 2633
f 2633 2732 2733
f 2633 2733 2634
f 2634 2733 2734
f 2634 2734 2635
f 2635 2734 2735
f 2635 2735 2636
f 2636 2735 2736
f 2636 2736 2637
f 2637 2736 2737
f 2637 2737 2638
f 2638 2737 2738
f 2638 2738 2639
f 2639 2738 2739
f 2639 2739 2640
f 2640 2739 2740
f 2640 2740 2641
f 2641 2740 2741
f 2641 2741 2642
f 2642 2741 2742
f 2642 2742 2643
f 2643 2742 2743
f 2643 2743 2644
f 2644 2743 2744
f 2644 2744 2645
f 2645 2744 2745
f 2645 2745 2646
f 2646 2745 2746
f 2646 2746 2647
f 2647 2746 2747
f 2647 2747 2648
f 2648 2747 2748
f 2648 2748 2649
f 2649 2748 2749
f 2649 2749 2650
f 2650 2749 2750
f 2650 2750 2651
f 2651 2750 2751
f 2651 2751 2652
f 2652 2751 2752
f 2652 2752 2653
f 2653 2752 2753
f 2653 2753 2654
f 2654 2753 2754
f 2654 2754 2655
f 2655 2754 2755
f 2655 2755 2656
f 2656 2755 2756
f 2656 2756 2657
f 2657 2756 2757
f 2657 2757 2658
f 2658 2757 2758
f 2658 2758 2659
f 2659 2758 2759
f 2659 2759 2660
f 2660 2759 2760
f 2660 2760 2661
f 2661 2760 2761
f 2661 2761 2662
f 2662 2761 2762
f 2662 2762 2663
f 2663 2762 2763
f 2663 2763 2664
f 2664 2763 2764
f 2664 2764 2665
f 2665 2764 2765
f 2665 2765 2666
f 2666 2765 2766
f 2666 2766 2667
f 2667 2766 2767
f 2667 2767 2668
f 2668 2767 2768
f 2668 2768 2669
f 2669 2768 2769
f 2669 2769 2670
f 2670 2769 2770
f 2670 2770 2671
f 2671 2770 2771
f 2671 2771 2672
f 2672 2771 2772
f 2672 2772 2673
f 2673 2772 2773
f 2673 2773 2674
f 2674 2773 2774
f 2674 2774 2675
f 2675 2774 2775
f 2675 2775 2676
f 2676 2775 2776
f 2676 2776 2677
f 2677 2776 2777
f 2677 2777 2678
f 2678 2777 2778
f 2678 2778 2679
f 2679 2778 2779
f 2679 2779 2680
f 2680 2779 2780
f 2680 2780 2681
f 2681 2780 2781
f 2681 2781 2682
f 2682 2781 2782
f 2682 2782 2683
f 2683 2782 2783
f 2683 2783 2684
f 2684 2783 2784
f 2684 2784 2685
f 2685 2784 2785
f 2685 2785 2686
f 2686 2785 2786
f 2686 2786 2687
f 2687 2786 2787
f 2687 2787 2688
f 2688 2787 2788
f 2688 2788 2689
f 2689 2788 2789
f 2689 2789 2690
f 2690 2789 2790
f 2690 2790 2691
f 2691 2790 2791
f 2691 2791 2692
f 2692 2791 2792
f 2692 2792 2693
f 2693 2792 2793
f 2693 2793 2694
f 2694 2793 2794
f 2694 2794 2695
f 2695 2794 2795
f 2695 2795 2696
f 2696 2795 2796
f 2696 2796 2697
f 2697 2796 2797
f 2697 2797 2698
f 2698 2797 2798
f 2698 2798 2699
f 2699 2798 2799
f 2699 2799 2700
f 2700 2799 2800
f 2700 2800 2701
f 2701 2800 2801
f 2701 2801 2602
f 2602 2801 2702
f 2702 2802 2703
f 2703 2802 2803
f 2703 2803 2704
f 2704 2803 2804
f 2704 2804 2705
f 2705 2804 2805
f 2705 2805 2706
f 2706 2805 2806
f 2706 2806 2707
f 2707 2806 2807
f 2707 2807 2708
f 2708 2807 2808
f 2708 2808 2709
f 2709 2808 2809
f 2709 2809 2710
f 2710 2809 2810
f 2710 2810 2711
f 2711 2810 2811
f 2711 2811 2712
f 2712 2811 2812
f 2712 2812 2713
f 2713 2812 2813
f 2713 2813 2714
f 2714 2813 2814
f 2714 2814 2715
f 2715 2814 2815
f 2715 2815 2716
f 2716 2815 2816
f 2716 2816 2717
f 2717 2816 2817
f 2717 2817 2718
f 2718 2817 2818
f 2718 2818 2719
f 2719 2818 2819
f 2719 2819 2720
f 2720 2819 2820
f 2720 2820 2721
f 2721 2820 2821
f 2721 2821 2722
f 2722 2821 2822
f 2722 2822 2723
f 2723 2822 2823
f 2723 2823 2724
f 2724 2823 2824
f 2724 2824 2725
f 2725 2824 2825
f 2725 2825 2726
f 2726 2825 2826
f 2726 2826 2727
f 2727 2826 2827
f 2727 2827 2728
f 2728 2827 2828
f 2728 2828 2729
f 2729 2828 2829
f 2729 2829 2730
f 2730 2829 2830
f 2730 2830 2731
f 2731 2830 2831
f 2731 2831 2732
f 2732 2831 2832
f 2732 2832 2733
f 2733 2832 2833
f 2733 2833 2734
f 2734 2833 2834
f 2734 2834 2735
f 2735 2834 2835
f 2735 2835 2736
f 2736 2835 2836
f 2736 2836 2737
f 2737 2836 2837
f 2737 2837 2738
f 2738 2837 2838
f 2738 2838 2739
f 2739 2838 2839
f 2739 2839 2740
f 2740 2839 2840
f 2740 2840 2741
f 2741 2840 2841
f 2741 2841 2742
f 2742 2841 2842
f 2742 2842 2743
f 2743 2842 2843
f 2743 2843 2744
f 2744 2843 2844
f 2744 2844 2745
f 2745 2844 2845
f 2745 2845 2746
f 2746 2845 2846
f 2746 2846 2747
f 2747 2846 2847
f 2747 2847 2748
f 2748 2847 2848
f 2748 2848 2749
f 2749 2848 2849
f 2749 2849 2750
f 2750 2849 2850
f 2750 2850 2751
f 2751 2850 2851
f 2751 2851 2752
f 2752 2851 2852
f 2752 2852 2753
f 2753 2852 2853
f 2753 2853 2754
f 2754 2853 2854
f 2754 2854 2755
f 2755 2854 2855
f 2755 2855 2756
f 2756 2855 2856
f 2756 2856 2757
f 2757 2856 2857
f 2757 2857 2758
f 2758 2857 2858
f 2758 2858 2759
f 2759 2858 2859
f 2759 2859 2760
f 2760 2859 2860
f 2760 2860 2761
f 2761 2860 2861
f 2761 2861 2762
f 2762 2861 2862
f 2762 2862 2763
f 2763 2862 2863
f 2763 2863 2764
f 2764 2863 2864
f 2764 2864 2765
f 2765 2864 2865
f 2765 2865 2766
f 2766 2865 2866
f 2766 2866 2767
f 2767 2866 2867
f 2767 2867 2768
f 2768 2867 2868
f 2768 2868 2769
f 2769 2868 2869
f 2769 2869 2770
f 2770 2869 2870
f 2770 2870 2771
f 2771 2870 2871
f 2771 2871 2772
f 2772 2871 2872
f 2772 2872 2773
f 2773 2872 2873
f 2773 2873 2774
f 2774 2873 2874
f 2774 2874 2775
f 2775 2874 2875
f 2775 2875 2776
f 2776 2875 2876
f 2776 2876 2777
f 2777 2876 2877
f 2777 2877 2778
f 2778 2877 2878
f 2778 2878 2779
f 2779 2878 2879
f 2779 2879 2780
f 2780 2879 2880
f 2780 2880 2781
f 2781 2880 2881
f 2781 2881 2782
f 2782 2881 2882
f 2782 2882 2783
f 2783 2882 2883
f 2783 2883 2784
f 2784 2883 2884
f 2784 2884 2785
f 2785 2884 2885
f 2785 2885 2786
f 2786 2885 2886
f 2786 2886 2787
f 2787 2886 2887
f 2787 2887 2788
f 2788 2887 2888
f 2788 2888 2789
f 2789 2888 2889
f 2789 2889 2790
f 2790 2889 2890
f 2790 2890 2791
f 2791 2890 2891
f 2791 2891 2792
f 2792 2891 2892
f 2792 2892 2793
f 2793 2892 2893
f 2793 2893 2794
f 2794 2893 2894
f 2794 2894 2795
f 2795 2894 2895
f 2795 2895 2796
f 2796 2895 2896
f 2796 2896 2797
f 2797 2896 2897
f 2797 2897 2798
f 2798 2897 2898
f 2798 2898 2799
f 2799 2898 2899
f 2799 2899 2800
f 2800 2899 2900
f 2800 2900 2801
f 2801 2900 2901
f 2801 2901 2702
f 2702 2901 2802
f 2802 2902 2803
f 2803 2902 2903
f 2803 2903 2804
f 2804 2903 2904
f 2804 2904 2805
f 2805 2904 2905
f 2805 2905 2806
f 2806 2905 2906
f 2806 2906 2807
f 2807 2906 2907
f 2807 2907 2808
f 2808 2907 2908
f 2808 2908 2809
f 2809 2908 2909
f 2809 2909 2810
f 2810 2909 2910
f 2810 2910 2811
f 2811 2910 2911
f 2811 2911 2812
f 2812 2911 2912
f 2812 2912 2813
f 2813 2912 2913
f 2813 2913 2814
f 2814 2913 2914
f 2814 2914 2815
f 2815 2914 2915
f 2815 2915 2816
f 2816 2915 2916
f 2816 2916 2817
f 2817 2916 2917
f 2817 2917 2818
f 2818 2917 2918
f 2818 2918 2819
f 2819 2918 2919
f 2819 2919 2820
f 2820 2919 2920
f 2820 2920 2821
f 2821 2920 2921
f 2821 2921 2822
f 2822 2921 2922
f 2822 2922 2823
f 2823 2922 2923
f 2823 2923 2824
f 2824 2923 2924
f 2824 2924 2825
f 2825 2924 2925
f 2825 2925 2826
f 2826 2925 2926
f 2826 2926 2827
f 2827 2926 2927
f 2827 2927 2828
f 2828 2927 2928
f 2828 2928 2829
f 2829 2928 2929
f 2829 2929 2830
f 2830 2929 2930
f 2830 2930 2831
f 2831 2930 2931
f 2831 2931 2832
f 2832 2931 2932
f 2832 2932 2833
f 2833 2932 2933
f 2833 2933 2834
f 2834 2933 2934
f 2834 2934 2835
f 2835 2934 2935
f 2835 2935 2836
f 2836 2935 2936
f 2836 2936 2837
f 2837 2936 2937
f 2837 2937 2838
f 2838 2937 2938
f 2838 2938 2839
f 2839 2938 2939
f 2839 2939 2840
f 2840 2939 2940
f 2840 2940 2841
f 2841 2940 2941
f 2841 2941 2842
f 2842 2941 2942
f 2842 2942 2843
f 2843 2942 2943
f 2843 2943 2844
f 2844 2943 2944
f 2844 2944 2845
f 2845 2944 2945
f 2845 2945 2846
f 2846 2945 2946
f 2846 2946 2847
f 2847 2946 2947
f 2847 2947 2848
f 2848 2947 2948
f 2848 2948 2849
f 2849 2948 2949
f 2849 2949 2850
f 2850 2949 2950
f 2850 2950 2851
f 2851 2950 2951
f 2851 2951 2852
f 2852 2951 2952
f 2852 2952 2853
f 2853 2952 2953
f 2853 2953 2854
f 2854 2953 2954
f 2854 2954 2855
f 2855 2954 2955
f 2855 2955 2856
f 2856 2955 2956
f 2856 2956 2857
f 2857 2956 2957
f 2857 2957 2858
f 2858 2957 2958
f 2858 2958 2859
f 2859 2958 2959
f 2859 2959 2860
f 2860 2959 2960
f 2860 2960 2861
f 2861 2960 2961
f 2861 2961 2862
f 2862 2961 2962
f 2862 2962 2863
f 2863 2962 2963
f 2863 2963 2864
f 2864 2963 2964
f 2864 2964 2865
f 2865 2964 2965
f 2865 2965 2866
f 2866 2965 2966
f 2866 2966 2867
f 2867 2966 2967
f 2867 2967 2868
f 2868 2967 2968
f 2868 2968 2869
f 2869 2968 2969
f 2869 2969 2870
f 2870 2969 2970
f 2870 2970 2871
f 2871 2970 2971
f 2871 2971 2872
f 2872 2971 2972
f 2872 2972 2873
f 2873 2972 2973
f 2873 2973 2874
f 2874 2973 2974
f 2874 2974 2875
f 2875 2974 2975
f 2875 2975 2876
f 2876 2975 2976
f 2876 2976 2877
f 2877 2976 2977
f 2877 2977 2878
f 2878 2977 2978
f 2878 2978 2879
f 2879 2978 2979
f 2879 2979 2880
f 2880 2979 2980
f 2880 2980 2881
f 2881 2980 2981
f 2881 2981 2882
f 2882 2981 2982
f 2882 2982 2883
f 2883 2982 2983
f 2883 2983 2884
f 2884 2983 2984
f 2884 2984 2885
f 2885 2984 2985
f 2885 2985 2886
f 2886 2985 2986
f 2886 2986 2887
f 2887 2986 2987
f 2887 2987 2888
f 2888 2987 2988
f 2888 2988 2889
f 2889 2988 2989
f 2889 2989 2890
f 2890 2989 2990
f 2890 2990 2891
f 2891 2990 2991
f 2891 2991 2892
f 2892 2991 2992
f 2892 2992 2893
f 2893 2992 2993
f 2893 2993 2894
f 2894 2993 2994
f 2894 2994 2895
f 2895 2994 2995
f 2895 2995 2896
f 2896 2995 2996
f 2896 2996 2897
f 2897 2996 2997
f 2897 2997 2898
f 2898 2997 2998
f 2898 2998 2899
f 2899 2998 2999
f 2899 2999 2900
f 2900 2999 3000
f 2900 3000 2901
f 2901 3000 3001
f 2901 3001 2802
f 2802 3001 2902
f 2902 3002 2903
f 2903 3002 3003
f 2903 3003 2904
f 2904 3003 3004
f 2904 3004 2905
f 2905 3004 3005
f 2905 3005 2906
f 2906 3005 3006
f 2906 3006 2907
f 2907 3006 3007
f 2907 3007 2908
f 2908 3007 3008
f 2908 3008 2909
f 2909 3008 3009
f 2909 3009 2910
f 2910 3009 3010
f 2910 3010 2911
f 2911 3010 3011
f 2911 3011 2912
f 2912 3011 3012
f 2912 3012 2913
f 2913 3012 3013
f 2913 3013 2914
f 2914 3013 3014
f 2914 3014 2915
f 2915 3014 3015
f 2915 3015 2916
f 2916 3015 3016
f 2916 3016 2917
f 2917 3016 3017
f 2917 3017 2918
f 2918 3017 3018
f 2918 3018 2919
f 2919 3018 3019
f 2919 3019 2920
f 2920 3019 3020
f 2920 3020 2921
f 2921 3020 3021
f 2921 3021 2922
f 2922 3021 3022
f 2922 3022 2923
f 2923 3022 3023
f 2923 3023 2924
f 2924 3023 3024
f 2924 3024 2925
f 2925 3024 3025
f 2925 3025 2926
f 2926 3025 3026
f 2926 3026 2927
f 2927 3026 3027
f 2927 3027 2928
f 2928 3027 3028
f 2928 3028 2929
f 2929 3028 3029
f 2929 3029 2930
f 2930 3029 3030
f 2930 3030 2931
f 2931 3030 3031
f 2931 3031 2932
f 2932 3031 3032
f 2932 3032 2933
f 2933 3032 3033
f 2933 3033 2934
f 2934 3033 3034
f 2934 3034 2935
f 2935 3034 3035
f 2935 3035 2936
f 2936 3035 3036
f 2936 3036 2937
f 2937 3036 3037
f 2937 3037 2938
f 2938 3037 3038
f 2938 3038 2939
f 2939 3038 3039
f 2939 3039 2940
f 2940 3039 3040
f 2940 3040 2941
f 2941 3040 3041
f 2941 3041 2942
f 2942 3041 3042
f 2942 3042 2943
f 2943 3042 3043
f 2943 3043 2944
f 2944 3043 3044
f 2944 3044 2945
f 2945 3044 3045
f 2945 3045 2946
f 2946 3045 3046
f 2946 3046 2947
f 2947 3046 3047
f 2947 3047 2948
f 2948 3047 3048
f 2948 3048 2949
f 2949 3048 3049
f 2949 3049 2950
f 2950 3049 3050
f 2950 3050 2951
f 2951 3050 3051
f 2951 3051 2952
f 2952 3051 3052
f 2952 3052 2953
f 2953 3052 3053
f 2953 3053 2954
f 2954 3053 3054
f 2954 3054 2955
f 2955 3054 3055
f 2955 3055 2956
f 2956 3055 3056
f 2956 3056 2957
f 2957 3056 3057
f 2957 3057 2958
f 2958 3057 3058
f 2958 3058 2959
f 2959 3058 3059
f 2959 3059 2960
f 2960 3059 3060
f 2960 3060 2961
f 2961 3060 3061
f 2961 3061 2962
f 2962 3061 3062
f 2962 3062 2963
f 2963 3062 3063
f 2963 3063 2964
f 2964 3063 3064
f 2964 3064 2965
f 2965 3064 3065
f 2965 3065 2966
f 2966 3065 3066
f 2966 3066 2967
f 2967 3066 3067
f 2967 3067 2968
f 2968 3067 3068
f 2968 3068 2969
f 2969 3068 3069
f 2969 3069 2970
f 2970 3069 3070
f 2970 3070 2971
f 2971 3070 3071
f 2971 3071 2972
f 2972 3071 3072
f 2972 3072 2973
f 2973 3072 3073
f 2973 3073 2974
f 2974 3073 3074
f 2974 3074 2975
f 2975 3074 3075
f 2975 3075 2976
f 2976 3075 3076
f 2976 3076 2977
f 2977 3076 3077
f 2977 3077 2978
f 2978 3077 3078
f 2978 3078 2979
f 2979 3078 3079
f 2979 3079 2980
f 2980 3079 3080
f 2980 3080 2981
f 2981 3080 3081
f 2981 3081 2982
f 2982 3081 3082
f 2982 3082 2983
f 2983 3082 3083
f 2983 3083 2984
f 2984 3083 3084
f 2984 3084 2985
f 2985 3084 3085
f 2985 3085 2986
f 2986 3085 3086
f 2986 3086 2987
f 2987 3086 3087
f 2987 3087 2988
f 2988 3087 3088
f 2988 3088 2989
f 2989 3088 3089
f 2989 3089 2990
f 2990 3089 3090
f 2990 3090 2991
f 2991 3090 3091
f 2991 3091 2992
f 2992 3091 3092
f 2992 3092 2993
f 2993 3092 3093
f 2993 3093 2994
f 2994 3093 3094
f 2994 3094 2995
f 2995 3094 3095
f 2995 3095 2996
f 2996 3095 3096
f 2996 3096 2997
f 2997 3096 3097
f 2997 3097 2998
f 2998 3097 3098
f 2998 3098 2999
f 2999 3098 3099
f 2999 3099 3000
f 3000 3099 3100
f 3000 3100 3001
f 3001 3100 3101
f 3001 3101 2902
f 2902 3101 3002
f 3002 3102 3003
f 3003 3102 3103
f 3003 3103 3004
f 3004 3103 3104
f 3004 3104 3005
f 3005 3104 3105
f 3005 3105 3006
f 3006 3105 3106
f 3006 3106 3007
f 3007 3106 3107
f 3007 3107 3008
f 3008 3107 3108
f 3008 3108 3009
f 3009 3108 3109
f 3009 3109 3010
f 3010 3109 3110
f 3010 3110 3011
f 3011 3110 3111
f 3011 3111 3012
f 3012 3111 3112
f 3012 3112 3013
f 3013 3112 3113
f 3013 3113 3014
f 3014 3113 3114
f 3014 3114 3015
f 3015 3114 3115
f 3015 3115 3016
f 3016 3115 3116
f 3016 3116 3017
f 3017 3116 3117
f 3017 3117 3018
f 3018 3117 3118
f 3018 3118 3019
f 3019 3118 3119
f 3019 3119 3020
f 3020 3119 3120
f 3020 3120 3021
f 3021 3120 3121
f 3021 3121 3022
f 3022 3121 3122
f 3022 3122 3023
f 3023 3122 3123
f 3023 3123 3024
f 3024 3123 3124
f 3024 3124 3025
f 3025 3124 3125
f 3025 3125 3026
f 3026 3125 3126
f 3026 3126 3027
f 3027 3126 3127
f 3027 3127 3028
f 3028 3127 3128
f 3028 3128 3029
f 3029 3128 3129
f 3029 3129 3030
f 3030 3129 3130
f 3030 3130 3031
f 3031 3130 3131
f 3031 3131 3032
f 3032 3131 3132
f 3032 3132 3033
f 3033 3132 3133
f 3033 3133 3034
f 3034 3133 3134
f 3034 3134 3035
f 3035 3134 3135
f 3035 3135 3036
f 3036 3135 3136
f 3036 3136 3037
f 3037 3136 3137
f 3037 3137 3038
f 3038 3137 3138
f 3038 3138 3039
f 3039 3138 3139
f 3039 3139 3040
f 3040 3139 3140
f 3040 3140 3041
f 3041 3140 3141
f 3041 3141 3042
f 3042 3141 3142
f 3042 3142 3043
f 3043 3142 3143
f 3043 3143 3044
f 3044 3143 3144
f 3044 3144 3045
f 3045 3144 3145
f 3045 3145 3046
f 3046 3145 3146
f 3046 3146 3047
f 3047 3146 3147
f 3047 3147 3048
f 3048 3147 3148
f 3048 3148 3049
f 3049 3148 3149
f 3049 3149 3050
f 3050 3149 3150
f 3050 3150 3051
f 3051 3150 3151
f 3051 3151 3052
f 3052 3151 3152
f 3052 3152 3053
f 3053 3152 3153
f 3053 3153 3054
f 3054 3153 3154
f 3054 3154 3055
f 3055 3154 3155
f 3055 3155 3056
f 3056 3155 3156
f 3056 3156 3057
f 3057 3156 3157
f 3057 3157 3058
f 3058 3157 3158
f 3058 3158 3059
f 3059 3158 3159
f 3059 3159 3060
f 3060 3159 3160
f 3060 3160 3061
f 3061 3160 3161
f 3061 3161 3062
f 3062 3161 3162
f 3062 3162 3063
f 3063 3162 3163
f 3063 3163 3064
f 3064 3163 3164
f 3064 3164 3065
f 3065 3164 3165
f 3065 3165 3066
f 3066 3165 3166
f 3066 3166 3067
f 3067 3166 3167
f 3067 3167 3068
f 3068 3167 3168
f 3068 3168 3069
f 3069 3168 3169
f 3069 3169 3070
f 3070 3169 3170
f 3070 3170 3071
f 3071 3170 3171
f 3071 3171 3072
f 3072 3171 3172
f 3072 3172 3073
f 3073 3172 3173
f 3073 3173 3074
f 3074 3173 3174
f 3074 3174 3075
f 3075 3174 3175
f 3075 3175 3076
f 3076 3175 3176
f 3076 3176 3077
f 3077 3176 3177
f 3077 3177 3078
f 3078 3177 3178
f 3078 3178 3079
f 3079 3178 3179
f 3079 3179 3080
f 3080 3179 3180
f 3080 3180 3081
f 3081 3180 3181
f 3081 3181 3082
f 3082 3181 3182
f 3082 3182 3083
f 3083 3182 3183
f 3083 3183 3084
f 3084 3183 3184
f 3084 3184 3085
f 3085 3184 3185
f 3085 3185 3086
f 3086 3185 3186
f 3086 3186 3087
f 3087 3186 3187
f 3087 3187 3088
f 3088 3187 3188
f 3088 3188 3089
f 3089 3188 3189
f 3089 3189 3090
f 3090 3189 3190
f 3090 3190 3091
f 3091 3190 3191
f 3091 3191 3092
f 3092 3191 3192
f 3092 3192 3093
f 3093 3192 3193
f 3093 3193 3094
f 3094 3193 3194
f 3094 3194 3095
f 3095 3194 3195
f 3095 3195 3096
f 3096 3195 3196
f 3096 3196 3097
f 3097 3196 3197
f 3097 3197 3098
f 3098 3197 3198
f 3098 3198 3099
f 3099 3198 3199
f 3099 3199 3100
f 3100 3199 3200
f 3100 3200 3101
f 3101 3200 3201
f 3101 3201 3002
f 3002 3201 3102
f 3102 3202 3103
f 3103 3202 3203
f 3103 3203 3104
f 3104 3203 3204
f 3104 3204 3105
f 3105 3204 3205
f 3105 3205 3106
f 3106 3205 3206
f 3106 3206 3107
f 3107 3206 3207
f 3107 3207 3108
f 3108 3207 3208
f 3108 3208 3109
f 3109 3208 3209
f 3109 3209 3110
f 3110 3209 3210
f 3110 3210 3111
f 3111 3210 3211
f 3111 3211 3112
f 3112 3211 3212
f 3112 3212 3113
f 3113 3212 3213
f 3113 3213 3114
f 3114 3213 3214
f 3114 3214 3115
f 3115 3214 3215
f 3115 3215 3116
f 3116 3215 3216
f 3116 3216 3117
f 3117 3216 3217
f 3117 3217 3118
f 3118 3217 3218
f 3118 3218 3119
f 3119 3218 3219
f 3119 3219 3120
f 3120 3219 3220
f 3120 3220 3121
f 3121 3220 3221
f 3121 3221 3122
f 3122 3221 3222
f 3122 3222 3123
f 3123 3222 3223
f 3123 3223 3124
f 3124 3223 3224
f 3124 3224 3125
f 3125 3224 3225
f 3125 3225 3126
f 3126 3225 3226
f 3126 3226 3127
f 3127 3226 3227
f 3127 3227 3128
f 3128 3227 3228
f 3128 3228 3129
f 3129 3228 3229
f 3129 3229 3130
f 3130 3229 3230
f 3130 3230 3131
f 3131 3230 3231
f 3131 3231 3132
f 3132 3231 3232
f 3132 3232 3133
f 3133 3232 3233
f 3133 3233 3134
f 3134 3233 3234
f 3134 3234 3135
f 3135 3234 3235
f 3135 3235 3136
f 3136 3235 3236
f 3136 3236 3137
f 3137 3236 3237
f 3137 3237 3138
f 3138 3237 3238
f 3138 3238 3139
f 3139 3238 3239
f 3139 3239 3140
f 3140 3239 3240
f 3140 3240 3141
f 3141 3240 3241
f 3141 3241 3142
f 3142 3241 3242
f 3142 3242 3143
f 3143 3242 3243
f 3143 3243 3144
f 3144 3243 3244
f 3144 3244 3145
f 3145 3244 3245
f 3145 3245 3146
f 3146 3245 3246
f 3146 3246 3147
f 3147 3246 3247
f 3147 3247 3148
f 3148 3247 3248
f 3148 3248 3149
f 3149 3248 3249
f 3149 3249 3150
f 3150 3249 3250
f 3150 3250 3151
f 3151 3250 3251
f 3151 3251 3152
f 3152 3251 3252
f 3152 3252 3153
f 3153 3252 3253
f 3153 3253 3154
f 3154 3253 3254
f 3154 3254 3155
f 3155 3254 3255
f 3155 3255 3156
f 3156 3255 3256
f 3156 3256 3157
f 3157 3256 3257
f 3157 3257 3158
f 3158 3257 3258
f 3158 3258 3159
f 3159 3258 3259
f 3159 3259 3160
f 3160 3259 3260
f 3160 3260 3161
f 3161 3260 3261
f 3161 3261 3162
f 3162 3261 3262
f 3162 3262 3163
f 3163 3262 3263
f 3163 3263 3164
f 3164 3263 3264
f 3164 3264 3165
f 3165 3264 3265
f 3165 3265 3166
f 3166 3265 3266
f 3166 3266 3167
f 3167 3266 3267
f 3167 3267 3168
f 3168 3267 3268
f 3168 3268 3169
f 3169 3268 3269
f 3169 3269 3170
f 3170 3269 3270
f 3170 3270 3171
f 3171 3270 3271
f 3171 3271 3172
f 3172 3271 3272
f 3172 3272 3173
f 3173 3272 3273
f 3173 3273 3174
f 3174 3273 3274
f 3174 3274 3175
f 3175 3274 3275
f 3175 3275 3176
f 3176 3275 3276
f 3176 3276 3177
f 3177 3276 3277
f 3177 3277 3178
f 3178 3277 3278
f 3178 3278 3179
f 3179 3278 3279
f 3179 3279 3180
f 3180 3279 3280
f 3180 3280 3181
f 3181 3280 3281
f 3181 3281 3182
f 3182 3281 3282
f 3182 3282 3183
f 3183 3282 3283
f 3183 3283 3184
f 3184 3283 3284
f 3184 3284 3185
f 3185 3284 3285
f 3185 3285 3186
f 3186 3285 3286
f 3186 3286 3187
f 3187 3286 3287
f 3187 3287 3188
f 3188 3287 3288
f 3188 3288 3189
f 3189 3288 3289
f 3189 3289 3190
f 3190 3289 3290
f 3190 3290 3191
f 3191 3290 3291
f 3191 3291 3192
f 3192 3291 3292
f 3192 3292 3193
f 3193 3292 3293
f 3193 3293 3194
f 3194 3293 3294
f 3194 3294 3195
f 3195 3294 3295
f 3195 3295 3196
f 3196 3295 3296
f 3196 3296 3197
f 3197 3296 3297
f 3197 3297 3198
f 3198 3297 3298
f 3198 3298 3199
f 3199 3298 3299
f 3199 3299 3200
f 3200 3299 3300
f 3200 3300 3201
f 3201 3300 3301
f 3201 3301 3102
f 3102 3301 3202
f 3202 3302 3203
f 3203 3302 3303
f 3203 3303 3204
f 3204 3303 3304
f 3204 3304 3205
f 3205 3304 3305
f 3205 3305 3206
f 3206 3305 3306
f 3206 3306 3207
f 3207 3306 3307
f 3207 3307 3208
f 3208 3307 3308
f 3208 3308 3209
f 3209 3308 3309
f 3209 3309 3210
f 3210 3309 3310
f 3210 3310 3211
f 3211 3310 3311
f 3211 3311 3212
f 3212 3311 3312
f 3212 3312 3213
f 3213 3312 3313
f 3213 3313 3214
f 3214 3313 3314
f 3214 3314 3215
f 3215 3314 3315
f 3215 3315 3216
f 3216 3315 3316
f 3216 3316 3217
f 3217 3316 3317
f 3217 3317 3218
f 3218 3317 3318
f 3218 3318 3219
f 3219 3318 3319
f 3219 3319 3220
f 3220 3319 3320
f 3220 3320 3221
f 3221 3320 3321
f 3221 3321 3222
f 3222 3321 3322
f 3222 3322 3223
f 3223 3322 3323
f 3223 3323 3224
f 3224 3323 3324
f 3224 3324 3225
f 3225 3324 3325
f 3225 3325 3226
f 3226 3325 3326
f 3226 3326 3227
f 3227 3326 3327
f 3227 3327 3228
f 3228 3327 3328
f 3228 3328 3229
f 3229 3328 3329
f 3229 3329 3230
f 3230 3329 3330
f 3230 3330 3231
f 3231 3330 3331
f 3231 3331 3232
f 3232 3331 3332
f 3232 3332 3233
f 3233 3332 3333
f 3233 3333 3234
f 3234 3333 3334
f 3234 3334 3235
f 3235 3334 3335
f 3235 3335 3236
f 3236 3335 3336
f 3236 3336 3237
f 3237 3336 3337
f 3237 3337 3238
f 3238 3337 3338
f 3238 3338 3239
f 3239 3338 3339
f 3239 3339 3240
f 3240 3339 3340
f 3240 3340 3241
f 3241 3340 3341
f 3241 3341 3242
f 3242 3341 3342
f 3242 3342 3243
f 3243 3342 3343
f 3243 3343 3244
f 3244 3343 3344
f 3244 3344 3245
f 3245 3344 3345
f 3245 3345 3246
f 3246 3345 3346
f 3246 3346 3247
f 3247 3346 3347
f 3247 3347 3248
f 3248 3347 3348
f 3248 3348 3249
f 3249 3348 3349
f 3249 3349 3250
f 3250 3349 3350
f 3250 3350 3251
f 3251 3350 3351
f 3251 3351 3252
f 3252 3351 3352
f 3252 3352 3253
f 3253 3352 3353
f 3253 3353 3254
f 3254 3353 3354
f 3254 3354 3255
f 3255 3354 3355
f 3255 3355 3256
f 3256 3355 3356
f 3256 3356 3257
f 3257 3356 3357
f 3257 3357 3258
f 3258 3357 3358
f 3258 3358 3259
f 3259 3358 3359
f 3259 3359 3260
f 3260 3359 3360
f 3260 3360 3261
f 3261 3360 3361
f 3261 3361 3262
f 3262 3361 3362
f 3262 3362 3263
f 3263 3362 3363
f 3263 3363 3264
f 3264 3363 3364
f 3264 3364 3265
f 3265 3364 3365
f 3265 3365 3266
f 3266 3365 3366
f 3266 3366 3267
f 3267 3366 3367
f 3267 3367 3268
f 3268 3367 3368
f 3268 3368 3269
f 3269 3368 3369
f 3269 3369 3270
f 3270 3369 3370
f 3270 3370 3271
f 3271 3370 3371
f 3271 3371 3272
f 3272 3371 3372
f 3272 3372 3273
f 3273 3372 3373
f 3273 3373 3274
f 3274 3373 3374
f 3274 3374 3275
f 3275 3374 3375
f 3275 3375 3276
f 3276 3375 3376
f 3276 3376 3277
f 3277 3376 3377
f 3277 3377 3278
f 3278 3377 3378
f 3278 3378 3279
f 3279 3378 3379
f 3279 3379 3280
f 3280 3379 3380
f 3280 3380 3281
f 3281 3380 3381
f 3281 3381 3282
f 3282 3381 3382
f 3282 3382 3283
f 3283 3382 3383
f 3283 3383 3284
f 3284 3383 3384
f 3284 3384 3285
f 3285 3384 3385
f 3285 3385 3286
f 3286 3385 3386
f 3286 3386 3287
f 3287 3386 3387
f 3287 3387 3288
f 3288 3387 3388
f 3288 3388 3289
f 3289 3388 3389
f 3289 3389 3290
f 3290 3389 3390
f 3290 3390 3291
f 3291 3390 3391
f 3291 3391 3292
f 3292 3391 3392
f 3292 3392 3293
f 3293 3392 3393
f 3293 3393 3294
f 3294 3393 3394
f 3294 3394 3295
f 3295 3394 3395
f 3295 3395 3296
f 3296 3395 3396
f 3296 3396 3297
f 3297 3396 3397
f 3297 3397 3298
f 3298 3397 3398
f 3298 3398 3299
f 3299 3398 3399
f 3299 3399 3300
f 3300 3399 3400
f 3300 3400 3301
f 3301 3400 3401
f 3301 3401 3202
f 3202 3401 3302
f 3302 3402 3303
f 3303 3402 3403
f 3303 3403 3304
f 3304 3403 3404
f 3304 3404 3305
f 3305 3404 3405
f 3305 3405 3306
f 3306 3405 3406
f 3306 3406 3307
f 3307 3406 3407
f 3307 3407 3308
f 3308 3407 3408
f 3308 3408 3309
f 3309 3408 3409
f 3309 3409 3310
f 3310 3409 3410
f 3310 3410 3311
f 3311 3410 3411
f 3311 3411 3312
f 3312 3411 3412
f 3312 3412 3313
f 3313 3412 3413
f 3313 3413 3314
f 3314 3413 3414
f 3314 3414 3315
f 3315 3414 3415
f 3315 3415 3316
f 3316 3415 3416
f 3316 3416 3317
f 3317 3416 3417
f 3317 3417 3318
f 3318 3417 3418
f 3318 3418 3319
f 3319 3418 3419
f 3319 3419 3320
f 3320 3419 3420
f 3320 3420 3321
f 3321 3420 3421
f 3321 3421 3322
f 3322 3421 3422
f 3322 3422 3323
f 3323 3422 3423
f 3323 3423 3324
f 3324 3423 3424
f 3324 3424 3325
f 3325 3424 3425
f 3325 3425 3326
f 3326 3425 3426
f 3326 3426 3327
f 3327 3426 3427
f 3327 3427 3328
f 3328 3427 3428
f 3328 3428 3329
f 3329 3428 3429
f 3329 3429 3330
f 3330 3429 3430
f 3330 3430 3331
f 3331 3430 3431
f 3331 3431 3332
f 3332 3431 3432
f 3332 3432 3333
f 3333 3432 3433
f 3333 3433 3334
f 3334 3433 3434
f 3334 3434 3335
f 3335 3434 3435
f 3335 3435 3336
f 3336 3435 3436
f 3336 3436 3337
f 3337 3436 3437
f 3337 3437 3338
f 3338 3437 3438
f 3338 3438 3339
f 3339 3438 3439
f 3339 3439 3340
f 3340 3439 3440
f 3340 3440 3341
f 3341 3440 3441
f 3341 3441 3342
f 3342 3441 3442
f 3342 3442 3343
f 3343 3442 3443
f 3343 3443 3344
f 3344 3443 3444
f 3344 3444 3345
f 3345 3444 3445
f 3345 3445 3346
f 3346 3445 3446
f 3346 3446 3347
f 3347 3446 3447
f 3347 3447 3348
f 3348 3447 3448
f 3348 3448 3349
f 3349 3448 3449
f 3349 3449 3350
f 3350 3449 3450
f 3350 3450 3351
f 3351 3450 3451
f 3351 3451 3352
f 3352 3451 3452
f 3352 3452 3353
f 3353 3452 3453
f 3353 3453 3354
f 3354 3453 3454
f 3354 3454 3355
f 3355 3454 3455
f 3355 3455 3356
f 3356 3455 3456
f 3356 3456 3357
f 3357 3456 3457
f 3357 3457 3358
f 3358 3457 3458
f 3358 3458 3359
f 3359 3458 3459
f 3359 3459 3360
f 3360 3459 3460
f 3360 3460 3361
f 3361 3460 3461
f 3361 3461 3362
f 3362 3461 3462
f 3362 3462 3363
f 3363 3462 3463
f 3363 3463 3364
f 3364 3463 3464
f 3364 3464 3365
f 3365 3464 3465
f 3365 3465 3366
f 3366 3465 3466
f 3366 3466 3367
f 3367 3466 3467
f 3367 3467 3368
f 3368 3467 3468
f 3368 3468 3369
f 3369 3468 3469
f 3369 3469 3370
f 3370 3469 3470
f 3370 3470 3371
f 3371 3470 3471
f 3371 3471 3372
f 3372 3471 3472
f 3372 3472 3373
f 3373 3472 3473
f 3373 3473 3374
f 3374 3473 3474
f 3374 3474 3375
f 3375 3474 3475
f 3375 3475 3376
f 3376 3475 3476
f 3376 3476 3377
f 3377 3476 3477
f 3377 3477 3378
f 3378 3477 3478
f 3378 3478 3379
f 3379 3478 3479
f 3379 3479 3380
f 3380 3479 3480
f 3380 3480 3381
f 3381 3480 3481
f 3381 3481 3382
f 3382 3481 3482
f 3382 3482 3383
f 3383 3482 3483
f 3383 3483 3384
f 3384 3483 3484
f 3384 3484 3385
f 3385 3484 3485
f 3385 3485 3386
f 3386 3485 3486
f 3386 3486 3387
f 3387 3486 3487
f 3387 3487 3388
f 3388 3487 3488
f 3388 3488 3389
f 3389 3488 3489
f 3389 3489 3390
f 3390 3489 3490
f 3390 3490 3391
f 3391 3490 3491
f 3391 3491 3392
f 3392 3491 3492
f 3392 3492 3393
f 3393 3492 3493
f 3393 3493 3394
f 3394 3493 3494
f 3394 3494 3395
f 3395 3494 3495
f 3395 3495 3396
f 3396 3495 3496
f 3396 3496 3397
f 3397 3496 3497
f 3397 3497 3398
f 3398 3497 3498
f 3398 3498 3399
f 3399 3498 3499
f 3399 3499 3400
f 3400 3499 3500
f 3400 3500 3401
f 3401 3500 3501
f 3401 3501 3302
f 3302 3501 3402
f 3402 3502 3403
f 3403 3502 3503
f 3403 3503 3404
f 3404 3503 3504
f 3404 3504 3405
f 3405 3504 3505
f 3405 3505 3406
f 3406 3505 3506
f 3406 3506 3407
f 3407 3506 3507
f 3407 3507 3408
f 3408 3507 3508
f 3408 3508 3409
f 3409 3508 3509
f 3409 3509 3410
f 3410 3509 3510
f 3410 3510 3411
f 3411 3510 3511
f 3411 3511 3412
f 3412 3511 3512
f 3412 3512 3413
f 3413 3512 3513
f 3413 3513 3414
f 3414 3513 3514
f 3414 3514 3415
f 3415 3514 3515
f 3415 3515 3416
f 3416 3515 3516
f 3416 3516 3417
f 3417 3516 3517
f 3417 3517 3418
f 3418 3517 3518
f 3418 3518 3419
f 3419 3518 3519
f 3419 3519 3420
f 3420 3519 3520
f 3420 3520 3421
f 3421 3520 3521
f 3421 3521 3422
f 3422 3521 3522
f 3422 3522 3423
f 3423 3522 3523
f 3423 3523 3424
f 3424 3523 3524
f 3424 3524 3425
f 3425 3524 3525
f 3425 3525 3426
f 3426 3525 3526
f 3426 3526 3427
f 3427 3526 3527
f 3427 3527 3428
f 3428 3527 3528
f 3428 3528 3429
f 3429 3528 3529
f 3429 3529 3430
f 3430 3529 3530
f 3430 3530 3431
f 3431 3530 3531
f 3431 3531 3432
f 3432 3531 3532
f 3432 3532 3433
f 3433 3532 3533
f 3433 3533 3434
f 3434 3533 3534
f 3434 3534 3435
f 3435 3534 3535
f 3435 3535 3436
f 3436 3535 3536
f 3436 3536 3437
f 3437 3536 3537
f 3437 3537 3438
f 3438 3537 3538
f 3438 3538 3439
f 3439 3538 3539
f 3439 3539 3440
f 3440 3539 3540
f 3440 3540 3441
f 3441 3540 3541
f 3441 3541 3442
f 3442 3541 3542
f 3442 3542 3443
f 3443 3542 3543
f 3443 3543 3444
f 3444 3543 3544
f 3444 3544 3445
f 3445 3544 3545
f 3445 3545 3446
f 3446 3545 3546
f 3446 3546 3447
f 3447 3546 3547
f 3447 3547 3448
f 3448 3547 3548
f 3448 3548 3449
f 3449 3548 3549
f 3449 3549 3450
f 3450 3549 3550
f 3450 3550 3451
f 3451 3550 3551
f 3451 3551 3452
f 3452 3551 3552
f 3452 3552 3453
f 3453 3552 3553
f 3453 3553 3454
f 3454 3553 3554
f 3454 3554 3455
f 3455 3554 3555
f 3455 3555 3456
f 3456 3555 3556
f 3456 3556 3457
f 3457 3556 3557
f 3457 3557 3458
f 3458 3557 3558
f 3458 3558 3459
f 3459 3558 3559
f 3459 3559 3460
f 3460 3559 3560
f 3460 3560 3461
f 3461 3560 3561
f 3461 3561 3462
f 3462 3561 3562
f 3462 3562 3463
f 3463 3562 3563
f 3463 3563 3464
f 3464 3563 3564
f 3464 3564 3465
f 3465 3564 3565
f 3465 3565 3466
f 3466 3565 3566
f 3466 3566 3467
f 3467 3566 3567
f 3467 3567 3468
f 3468 3567 3568
f 3468 3568 3469
f 3469 3568 3569
f 3469 3569 3470
f 3470 3569 3570
f 3470 3570 3471
f 3471 3570 3571
f 3471 3571 3472
f 3472 3571 3572
f 3472 3572 3473
f 3473 3572 3573
f 3473 3573 3474
f 3474 3573 3574
f 3474 3574 3475
f 3475 3574 3575
f 3475 3575 3476
f 3476 3575 3576
f 3476 3576 3477
f 3477 3576 3577
f 3477 3577 3478
f 3478 3577 3578
f 3478 3578 3479
f 3479 3578 3579
f 3479 3579 3480
f 3480 3579 3580
f 3480 3580 3481
f 3481 3580 3581
f 3481 3581 3482
f 3482 3581 3582
f 3482 3582 3483
f 3483 3582 3583
f 3483 3583 3484
f 3484 3583 3584
f 3484 3584 3485
f 3485 3584 3585
f 3485 3585 3486
f 3486 3585 3586
f 3486 3586 3487
f 3487 3586 3587
f 3487 3587 3488
f 3488 3587 3588
f 3488 3588 3489
f 3489 3588 3589
f 3489 3589 3490
f 3490 3589 3590
f 3490 3590 3491
f 3491 3590 3591
f 3491 3591 3492
f 3492 3591 3592
f 3492 3592 3493
f 3493 3592 3593
f 3493 3593 3494
f 3494 3593 3594
f 3494 3594 3495
f 3495 3594 3595
f 3495 3595 3496
f 3496 3595 3596
f 3496 3596 3497
f 3497 3596 3597
f 3497 3597 3498
f 3498 3597 3598
f 3498 3598 3499
f 3499 3598 3599
f 3499 3599 3500
f 3500 3599 3600
f 3500 3600 3501
f 3501 3600 3601
f 3501 3601 3402
f 3402 3601 3502
f 3502 3602 3503
f 3503 3602 3603
f 3503 3603 3504
f 3504 3603 3604
f 3504 3604 3505
f 3505 3604 3605
f 3505 3605 3506
f 3506 3605 3606
f 3506 3606 3507
f 3507 3606 3607
f 3507 3607 3508
f 3508 3607 3608
f 3508 3608 3509
f 3509 3608 3609
f 3509 3609 3510
f 3510 3609 3610
f 3510 3610 3511
f 3511 3610 3611
f 3511 3611 3512
f 3512 3611 3612
f 3512 3612 3513
f 3513 3612 3613
f 3513 3613 3514
f 3514 3613 3614
f 3514 3614 3515
f 3515 3614 3615
f 3515 3615 3516
f 3516 3615 3616
f 3516 3616 3517
f 3517 3616 3617
f 3517 3617 3518
f 3518 3617 3618
f 3518 3618 3519
f 3519 3618 3619
f 3519 3619 3520
f 3520 3619 3620
f 3520 3620 3521
f 3521 3620 3621
f 3521 3621 3522
f 3522 3621 3622
f 3522 3622 3523
f 3523 3622 3623
f 3523 3623 3524
f 3524 3623 3624
f 3524 3624 3525
f 3525 3624 3625
f 3525 3625 3526
f 3526 3625 3626
f 3526 3626 3527
f 3527 3626 3627
f 3527 3627 3528
f 3528 3627 3628
f 3528 3628 3529
f 3529 3628 3629
f 3529 3629 3530
f 3530 3629 3630
f 3530 3630 3531
f 3531 3630 3631
f 3531 3631 3532
f 3532 3631 3632
f 3532 3632 3533
f 3533 3632 3633
f 3533 3633 3534
f 3534 3633 3634
f 3534 3634 3535
f 3535 3634 3635
f 3535 3635 3536
f 3536 3635 3636
f 3536 3636 3537
f 3537 3636 3637
f 3537 3637 3538
f 3538 3637 3638
f 3538 3638 3539
f 3539 3638 3639
f 3539 3639 3540
f 3540 3639 3640
f 3540 3640 3541
f 3541 3640 3641
f 3541 3641 3542
f 3542 3641 3642
f 3542 3642 3543
f 3543 3642 3643
f 3543 3643 3544
f 3544 3643 3644
f 3544 3644 3545
f 3545 3644 3645
f 3545 3645 3546
f 3546 3645 3646
f 3546 3646 3547
f 3547 3646 3647
f 3547 3647 3548
f 3548 3647 3648
f 3548 3648 3549
f 3549 3648 3649
f 3549 3649 3550
f 3550 3649 3650
f 3550 3650 3551
f 3551 3650 3651
f 3551 3651 3552
f 3552 3651 3652
f 3552 3652 3553
f 3553 3652 3653
f 3553 3653 3554
f 3554 3653 3654
f 3554 3654 3555
f 3555 3654 3655
f 3555 3655 3556
f 3556 3655 3656
f 3556 3656 3557
f 3557 3656 3657
f 3557 3657 3558
f 3558 3657 3658
f 3558 3658 3559
f 3559 3658 3659
f 3559 3659 3560
f 3560 3659 3660
f 3560 3660 3561
f 3561 3660 3661
f 3561 3661 3562
f 3562 3661 3662
f 3562 3662 3563
f 3563 3662 3663
f 3563 3663 3564
f 3564 3663 3664
f 3564 3664 3565
f 3565 3664 3665
f 3565 3665 3566
f 3566 3665 3666
f 3566 3666 3567
f 3567 3666 3667
f 3567 3667 3568
f 3568 3667 3668
f 3568 3668 3569
f 3569 3668 3669
f 3569 3669 3570
f 3570 3669 3670
f 3570 3670 3571
f 3571 3670 3671
f 3571 3671 3572
f 3572 3671 3672
f 3572 3672 3573
f 3573 3672 3673
f 3573 3673 3574
f 3574 3673 3674
f 3574 3674 3575
f 3575 3674 3675
f 3575 3675 3576
f 3576 3675 3676
f 3576 3676 3577
f 3577 3676 3677
f 3577 3677 3578
f 3578 3677 3678
f 3578 3678 3579
f 3579 3678 3679
f 3579 3679 3580
f 3580 3679 3680
f 3580 3680 3581
f 3581 3680 3681
f 3581 3681 3582
f 3582 3681 3682
f 3582 3682 3583
f 3583 3682 3683
f 3583 3683 3584
f 3584 3683 3684
f 3584 3684 3585
f 3585 3684 3685
f 3585 3685 3586
f 3586 3685 3686
f 3586 3686 3587
f 3587 3686 3687
f 3587 3687 3588
f 3588 3687 3688
f 3588 3688 3589
f 3589 3688 3689
f 3589 3689 3590
f 3590 3689 3690
f 3590 3690 3591
f 3591 3690 3691
f 3591 3691 3592
f 3592 3691 3692
f 3592 3692 3593
f 3593 3692 3693
f 3593 3693 3594
f 3594 3693 3694
f 3594 3694 3595
f 3595 3694 3695
f 3595 3695 3596
f 3596 3695 3696
f 3596 3696 3597
f 3597 3696 3697
f 3597 3697 3598
f 3598 3697 3698
f 3598 3698 3599
f 3599 3698 3699
f 3599 3699 3600
f 3600 3699 3700
f 3600 3700 3601
f 3601 3700 3701
f 3601 3701 3502
f 3502 3701 3602
f 3602 3702 3603
f 3603 3702 3703
f 3603 3703 3604
f 3604 3703 3704
f 3604 3704 3605
f 3605 3704 3705
f 3605 3705 3606
f 3606 3705 3706
f 3606 3706 3607
f 3607 3706 3707
f 3607 3707 3608
f 3608 3707 3708
f 3608 3708 3609
f 3609 3708 3709
f 3609 3709 3610
f 3610 3709 3710
f 3610 3710 3611
f 3611 3710 3711
f 3611 3711 3612
f 3612 3711 3712
f 3612 3712 3613
f 3613 3712 3713
f 3613 3713 3614
f 3614 3713 3714
f 3614 3714 3615
f 3615 3714 3715
f 3615 3715 3616
f 3616 3715 3716
f 3616 3716 3617
f 3617 3716 3717
f 3617 3717 3618
f 3618 3717 3718
f 3618 3718 3619
f 3619 3718 3719
f 3619 3719 3620
f 3620 3719 3720
f 3620 3720 3621
f 3621 3720 3721
f 3621 3721 3622
f 3622 3721 3722
f 3622 3722 3623
f 3623 3722 3723
f 3623 3723 3624
f 3624 3723 3724
f 3624 3724 3625
f 3625 3724 3725
f 3625 3725 3626
f 3626 3725 3726
f 3626 3726 3627
f 3627 3726 3727
f 3627 3727 3628
f 3628 3727 3728
f 3628 3728 3629
f 3629 3728 3729
f 3629 3729 3630
f 3630 3729 3730
f 3630 3730 3631
f 3631 3730 3731
f 3631 3731 3632
f 3632 3731 3732
f 3632 3732 3633
f 3633 3732 3733
f 3633 3733 3634
f 3634 3733 3734
f 3634 3734 3635
f 3635 3734 3735
f 3635 3735 3636
f 3636 3735 3736
f 3636 3736 3637
f 3637 3736 3737
f 3637 3737 3638
f 3638 3737 3738
f 3638 3738 3639
f 3639 3738 3739
f 3639 3739 3640
f 3640 3739 3740
f 3640 3740 3641
f 3641 3740 3741
f 3641 3741 3642
f 3642 3741 3742
f 3642 3742 3643
f 3643 3742 3743
f 3643 3743 3644
f 3644 3743 3744
f 3644 3744 3645
f 3645 3744 3745
f 3645 3745 3646
f 3646 3745 3746
f 3646 3746 3647
f 3647 3746 3747
f 3647 3747 3648
f 3648 3747 3748
f 3648 3748 3649
f 3649 3748 3749
f 3649 3749 3650
f 3650 3749 3750
f 3650 3750 3651
f 3651 3750 3751
f 3651 3751 3652
f 3652 3751 3752
f 3652 3752 3653
f 3653 3752 3753
f 3653 3753 3654
f 3654 3753 3754
f 3654 3754 3655
f 3655 3754 3755
f 3655 3755 3656
f 3656 3755 3756
f 3656 3756 3657
f 3657 3756 3757
f 3657 3757 3658
f 3658 3757 3758
f 3658 3758 3659
f 3659 3758 3759
f 3659 3759 3660
f 3660 3759 3760
f 3660 3760 3661
f 3661 3760 3761
f 3661 3761 3662
f 3662 3761 3762
f 3662 3762 3663
f 3663 3762 3763
f 3663 3763 3664
f 3664 3763 3764
f 3664 3764 3665
f 3665 3764 3765
f 3665 3765 3666
f 3666 3765 3766
f 3666 3766 3667
f 3667 3766 3767
f 3667 3767 3668
f 3668 3767 3768
f 3668 3768 3669
f 3669 3768 3769
f 3669 3769 3670
f 3670 3769 3770
f 3670 3770 3671
f 3671 3770 3771
f 3671 3771 3672
f 3672 3771 3772
f 3672 3772 3673
f 3673 3772 3773
f 3673 3773 3674
f 3674 3773 3774
f 3674 3774 3675
f 3675 3774 3775
f 3675 3775 3676
f 3676 3775 3776
f 3676 3776 3677
f 3677 3776 3777
f 3677 3777 3678
f 3678 3777 3778
f 3678 3778 3679
f 3679 3778 3779
f 3679 3779 3680
f 3680 3779 3780
f 3680 3780 3681
f 3681 3780 3781
f 3681 3781 3682
f 3682 3781 3782
f 3682 3782 3683
f 3683 3782 3783
f 3683 3783 3684
f 3684 3783 3784
f 3684 3784 3685
f 3685 3784 3785
f 3685 3785 3686
f 3686 3785 3786
f 3686 3786 3687
f 3687 3786 3787
f 3687 3787 3688
f 3688 3787 3788
f 3688 3788 3689
f 3689 3788 3789
f 3689 3789 3690
f 3690 3789 3790
f 3690 3790 3691
f 3691 3790 3791
f 3691 3791 3692
f 3692 3791 3792
f 3692 3792 3693
f 3693 3792 3793
f 3693 3793 3694
f 3694 3793 3794
f 3694 3794 3695
f 3695 3794 3795
f 3695 3795 3696
f 3696 3795 3796
f 3696 3796 3697
f 3697 3796 3797
f 3697 3797 3698
f 3698 3797 3798
f 3698 3798 3699
f 3699 3798 3799
f 3699 3799 3700
f 3700 3799 3800
f 3700 3800 3701
f 3701 3800 3801
f 3701 3801 3602
f 3602 3801 3702
f 3702 3802 3703
f 3703 3802 3803
f 3703 3803 3704
f 3704 3803 3804
f 3704 3804 3705
f 3705 3804 3805
f 3705 3805 3706
f 3706 3805 3806
f 3706 3806 3707
f 3707 3806 3807
f 3707 3807 3708
f 3708 3807 3808
f 3708 3808 3709
f 3709 3808 3809
f 3709 3809 3710
f 3710 3809 3810
f 3710 3810 3711
f 3711 3810 3811
f 3711 3811 3712
f 3712 3811 3812
f 3712 3812 3713
f 3713 3812 3813
f 3713 3813 3714
f 3714 3813 3814
f 3714 3814 3715
f 3715 3814 3815
f 3715 3815 3716
f 3716 3815 3816
f 3716 3816 3717
f 3717 3816 3817
f 3717 3817 3718
f 3718 3817 3818
f 3718 3818 3719
f 3719 3818 3819
f 3719 3819 3720
f 3720 3819 3820
f 3720 3820 3721
f 3721 3820 3821
f 3721 3821 3722
f 3722 3821 3822
f 3722 3822 3723
f 3723 3822 3823
f 3723 3823 3724
f 3724 3823 3824
f 3724 3824 3725
f 3725 3824 3825
f 3725 3825 3726
f 3726 3825 3826
f 3726 3826 3727
f 3727 3826 3827
f 3727 3827 3728
f 3728 3827 3828
f 3728 3828 3729
f 3729 3828 3829
f 3729 3829 3730
f 3730 3829 3830
f 3730 3830 3731
f 3731 3830 3831
f 3731 3831 3732
f 3732 3831 3832
f 3732 3832 3733
f 3733 3832 3833
f 3733 3833 3734
f 3734 3833 3834
f 3734 3834 3735
f 3735 3834 3835
f 3735 3835 3736
f 3736 3835 3836
f 3736 3836 3737
f 3737 3836 3837
f 3737 3837 3738
f 3738 3837 3838
f 3738 3838 3739
f 3739 3838 3839
f 3739 3839 3740
f 3740 3839 3840
f 3740 3840 3741
f 3741 3840 3841
f 3741 3841 3742
f 3742 3841 3842
f 3742 3842 3743
f 3743 3842 3843
f 3743 3843 3744
f 3744 3843 3844
f 3744 3844 3745
f 3745 3844 3845
f 3745 3845 3746
f 3746 3845 3846
f 3746 3846 3747
f 3747 3846 3847
f 3747 3847 3748
f 3748 3847 3848
f 3748 3848 3749
f 3749 3848 3849
f 3749 3849 3750
f 3750 3849 3850
f 3750 3850 3751
f 3751 3850 3851
f 3751 3851 3752
f 3752 3851 3852
f 3752 3852 3753
f 3753 3852 3853
f 3753 3853 3754
f 3754 3853 3854
f 3754 3854 3755
f 3755 3854 3855
f 3755 3855 3756
f 3756 3855 3856
f 3756 3856 3757
f 3757 3856 3857
f 3757 3857 3758
f 3758 3857 3858
f 3758 3858 3759
f 3759 3858 3859
f 3759 3859 3760
f 3760 3859 3860
f 3760 3860 3761
f 3761 3860 3861
f 3761 3861 3762
f 3762 3861 3862
f 3762 3862 3763
f 3763 3862 3863
f 3763 3863 3764
f 3764 3863 3864
f 3764 3864 3765
f 3765 3864 3865
f 3765 3865 3766
f 3766 3865 3866
f 3766 3866 3767
f 3767 3866 3867
f 3767 3867 3768
f 3768 3867 3868
f 3768 3868 3769
f 3769 3868 3869
f 3769 3869 3770
f 3770 3869 3870
f 3770 3870 3771
f 3771 3870 3871
f 3771 3871 3772
f 3772 3871 3872
f 3772 3872 3773
f 3773 3872 3873
f 3773 3873 3774
f 3774 3873 3874
f 3774 3874 3775
f 3775 3874 3875
f 3775 3875 3776
f 3776 3875 3876
f 3776 3876 3777
f 3777 3876 3877
f 3777 3877 3778
f 3778 3877 3878
f 3778 3878 3779
f 3779 3878 3879
f 3779 3879 3780
f 3780 3879 3880
f 3780 3880 3781
f 3781 3880 3881
f 3781 3881 3782
f 3782 3881 3882
f 3782 3882 3783
f 3783 3882 3883
f 3783 3883 3784
f 3784 3883 3884
f 3784 3884 3785
f 3785 3884 3885
f 3785 3885 3786
f 3786 3885 3886
f 3786 3886 3787
f 3787 3886 3887
f 3787 3887 3788
f 3788 3887 3888
f 3788 3888 3789
f 3789 3888 3889
f 3789 3889 3790
f 3790 3889 3890
f 3790 3890 3791
f 3791 3890 3891
f 3791 3891 3792
f 3792 3891 3892
f 3792 3892 3793
f 3793 3892 3893
f 3793 3893 3794
f 3794 3893 3894
f 3794 3894 3795
f 3795 3894 3895
f 3795 3895 3796
f 3796 3895 3896
f 3796 3896 3797
f 3797 3896 3897
f 3797 3897 3798
f 3798 3897 3898
f 3798 3898 3799
f 3799 3898 3899
f 3799 3899 3800
f 3800 3899 3900
f 3800 3900 3801
f 3801 3900 3901
f 3801 3901 3702
f 3702 3901 3802
f 3802 3902 3803
f 3803 3902 3903
f 3803 3903 3804
f 3804 3903 3904
f 3804 3904 3805
f 3805 3904 3905
f 3805 3905 3806
f 3806 3905 3906
f 3806 3906 3807
f 3807 3906 3907
f 3807 3907 3808
f 3808 3907 3908
f 3808 3908 3809
f 3809 3908 3909
f 3809 3909 3810
f 3810 3909 3910
f 3810 3910 3811
f 3811 3910 3911
f 3811 3911 3812
f 3812 3911 3912
f 3812 3912 3813
f 3813 3912 3913
f 3813 3913 3814
f 3814 3913 3914
f 3814 3914 3815
f 3815 3914 3915
f 3815 3915 3816
f 3816 3915 3916
f 3816 3916 3817
f 3817 3916 3917
f 3817 3917 3818
f 3818 3917 3918
f 3818 3918 3819
f 3819 3918 3919
f 3819 3919 3820
f 3820 3919 3920
f 3820 3920 3821
f 3821 3920 3921
f 3821 3921 3822
f 3822 3921 3922
f 3822 3922 3823
f 3823 3922 3923
f 3823 3923 3824
f 3824 3923 3924
f 3824 3924 3825
f 3825 3924 3925
f 3825 3925 3826
f 3826 3925 3926
f 3826 3926 3827
f 3827 3926 3927
f 3827 3927 3828
f 3828 3927 3928
f 3828 3928 3829
f 3829 3928 3929
f 3829 3929 3830
f 3830 3929 3930
f 3830 3930 3831
f 3831 3930 3931
f 3831 3931 3832
f 3832 3931 3932
f 3832 3932 3833
f 3833 3932 3933
f 3833 3933 3834
f 3834 3933 3934
f 3834 3934 3835
f 3835 3934 3935
f 3835 3935 3836
f 3836 3935 3936
f 3836 3936 3837
f 3837 3936 3937
f 3837 3937 3838
f 3838 3937 3938
f 3838 3938 3839
f 3839 3938 3939
f 3839 3939 3840
f 3840 3939 3940
f 3840 3940 3841
f 3841 3940 3941
f 3841 3941 3842
f 3842 3941 3942
f 3842 3942 3843
f 3843 3942 3943
f 3843 3943 3844
f 3844 3943 3944
f 3844 3944 3845
f 3845 3944 3945
f 3845 3945 3846
f 3846 3945 3946
f 3846 3946 3847
f 3847 3946 3947
f 3847 3947 3848
f 3848 3947 3948
f 3848 3948 3849
f 3849 3948 3949
f 3849 3949 3850
f 3850 3949 3950
f 3850 3950 3851
f 3851 3950 3951
f 3851 3951 3852
f 3852 3951 3952
f 3852 3952 3853
f 3853 3952 3953
f 3853 3953 3854
f 3854 3953 3954
f 3854 3954 3855
f 3855 3954 3955
f 3855 3955 3856
f 3856 3955 3956
f 3856 3956 3857
f 3857 3956 3957
f 3857 3957 3858
f 3858 3957 3958
f 3858 3958 3859
f 3859 3958 3959
f 3859 3959 3860
f 3860 3959 3960
f 3860 3960 3861
f 3861 3960 3961
f 3861 3961 3862
f 3862 3961 3962
f 3862 3962 3863
f 3863 3962 3963
f 3863 3963 3864
f 3864 3963 3964
f 3864 3964 3865
f 3865 3964 3965
f 3865 3965 3866
f 3866 3965 3966
f 3866 3966 3867
f 3867 3966 3967
f 3867 3967 3868
f 3868 3967 3968
f 3868 3968 3869
f 3869 3968 3969
f 3869 3969 3870
f 3870 3969 3970
f 3870 3970 3871
f 3871 3970 3971
f 3871 3971 3872
f 3872 3971 3972
f 3872 3972 3873
f 3873 3972 3973
f 3873 3973 3874
f 3874 3973 3974
f 3874 3974 3875
f 3875 3974 3975
f 3875 3975 3876
f 3876 3975 3976
f 3876 3976 3877
f 3877 3976 3977
f 3877 3977 3878
f 3878 3977 3978
f 3878 3978 3879
f 3879 3978 3979
f 3879 3979 3880
f 3880 3979 3980
f 3880 3980 3881
f 3881 3980 3981
f 3881 3981 3882
f 3882 3981 3982
f 3882 3982 3883
f 3883 3982 3983
f 3883 3983 3884
f 3884 3983 3984
f 3884 3984 3885
f 3885 3984 3985
f 3885 3985 3886
f 3886 3985 3986
f 3886 3986 3887
f 3887 3986 3987
f 3887 3987 3888
f 3888 3987 3988
f 3888 3988 3889
f 3889 3988 3989
f 3889 3989 3890
f 3890 3989 3990
f 3890 3990 3891
f 3891 3990 3991
f 3891 3991 3892
f 3892 3991 3992
f 3892 3992 3893
f 3893 3992 3993
f 3893 3993 3894
f 3894 3993 3994
f 3894 3994 3895
f 3895 3994 3995
f 3895 3995 3896
f 3896 3995 3996
f 3896 3996 3897
f 3897 3996 3997
f 3897 3997 3898
f 3898 3997 3998
f 3898 3998 3899
f 3899 3998 3999
f 3899 3999 3900
f 3900 3999 4000
f 3900 4000 3901
f 3901 4000 4001
f 3901 4001 3802
f 3802 4001 3902
f 3902 4002 3903
f 3903 4002 4003
f 3903 4003 3904
f 3904 4003 4004
f 3904 4004 3905
f 3905 4004 4005
f 3905 4005 3906
f 3906 4005 4006
f 3906 4006 3907
f 3907 4006 4007
f 3907 4007 3908
f 3908 4007 4008
f 3908 4008 3909
f 3909 4008 4009
f 3909 4009 3910
f 3910 4009 4010
f 3910 4010 3911
f 3911 4010 4011
f 3911 4011 3912
f 3912 4011 4012
f 3912 4012 3913
f 3913 4012 4013
f 3913 4013 3914
f 3914 4013 4014
f 3914 4014 3915
f 3915 4014 4015
f 3915 4015 3916
f 3916 4015 4016
f 3916 4016 3917
f 3917 4016 4017
f 3917 4017 3918
f 3918 4017 4018
f 3918 4018 3919
f 3919 4018 4019
f 3919 4019 3920
f 3920 4019 4020
f 3920 4020 3921
f 3921 4020 4021
f 3921 4021 3922
f 3922 4021 4022
f 3922 4022 3923
f 3923 4022 4023
f 3923 4023 3924
f 3924 4023 4024
f 3924 4024 3925
f 3925 4024 4025
f 3925 4025 3926
f 3926 4025 4026
f 3926 4026 3927
f 3927 4026 4027
f 3927 4027 3928
f 3928 4027 4028
f 3928 4028 3929
f 3929 4028 4029
f 3929 4029 3930
f 3930 4029 4030
f 3930 4030 3931
f 3931 4030 4031
f 3931 4031 3932
f 3932 4031 4032
f 3932 4032 3933
f 3933 4032 4033
f 3933 4033 3934
f 3934 4033 4034
f 3934 4034 3935
f 3935 4034 4035
f 3935 4035 3936
f 3936 4035 4036
f 3936 4036 3937
f 3937 4036 4037
f 3937 4037 3938
f 3938 4037 4038
f 3938 4038 3939
f 3939 4038 4039
f 3939 4039 3940
f 3940 4039 4040
f 3940 4040 3941
f 3941 4040 4041
f 3941 4041 3942
f 3942 4041 4042
f 3942 4042 3943
f 3943 4042 4043
f 3943 4043 3944
f 3944 4043 4044
f 3944 4044 3945
f 3945 4044 4045
f 3945 4045 3946
f 3946 4045 4046
f 3946 4046 3947
f 3947 4046 4047
f 3947 4047 3948
f 3948 4047 4048
f 3948 4048 3949
f 3949 4048 4049
f 3949 4049 3950
f 3950 4049 4050
f 3950 4050 3951
f 3951 4050 4051
f 3951 4051 3952
f 3952 4051 4052
f 3952 4052 3953
f 3953 4052 4053
f 3953 4053 3954
f 3954 4053 4054
f 3954 4054 3955
f 3955 4054 4055
f 3955 4055 3956
f 3956 4055 4056
f 3956 4056 3957
f 3957 4056 4057
f 3957 4057 3958
f 3958 4057 4058
f 3958 4058 3959
f 3959 4058 4059
f 3959 4059 3960
f 3960 4059 4060
f 3960 4060 3961
f 3961 4060 4061
f 3961 4061 3962
f 3962 4061 4062
f 3962 4062 3963
f 3963 4062 4063
f 3963 4063 3964
f 3964 4063 4064
f 3964 4064 3965
f 3965 4064 4065
f 3965 4065 3966
f 3966 4065 4066
f 3966 4066 3967
f 3967 4066 4067
f 3967 4067 3968
f 3968 4067 4068
f 3968 4068 3969
f 3969 4068 4069
f 3969 4069 3970
f 3970 4069 4070
f 3970 4070 3971
f 3971 4070 4071
f 3971 4071 3972
f 3972 4071 4072
f 3972 4072 3973
f 3973 4072 4073
f 3973 4073 3974
f 3974 4073 4074
f 3974 4074 3975
f 3975 4074 4075
f 3975 4075 3976
f 3976 4075 4076
f 3976 4076 3977
f 3977 4076 4077
f 3977 4077 3978
f 3978 4077 4078
f 3978 4078 3979
f 3979 4078 4079
f 3979 4079 3980
f 3980 4079 4080
f 3980 4080 3981
f 3981 4080 4081
f 3981 4081 3982
f 3982 4081 4082
f 3982 4082 3983
f 3983 4082 4083
f 3983 4083 3984
f 3984 4083 4084
f 3984 4084 3985
f 3985 4084 4085
f 3985 4085 3986
f 3986 4085 4086
f 3986 4086 3987
f 3987 4086 4087
f 3987 4087 3988
f 3988 4087 4088
f 3988 4088 3989
f 3989 4088 4089
f 3989 4089 3990
f 3990 4089 4090
f 3990 4090 3991
f 3991 4090 4091
f 3991 4091 3992
f 3992 4091 4092
f 3992 4092 3993
f 3993 4092 4093
f 3993 4093 3994
f 3994 4093 4094
f 3994 4094 3995
f 3995 4094 4095
f 3995 4095 3996
f 3996 4095 4096
f 3996 4096 3997
f 3997 4096 4097
f 3997 4097 3998
f 3998 4097 4098
f 3998 4098 3999
f 3999 4098 4099
f 3999 4099 4000
f 4000 4099 4100
f 4000 4100 4001
f 4001 4100 4101
f 4001 4101 3902
f 3902 4101 4002
f 4002 4102 4003
f 4003 4102 4103
f 4003 4103 4004
f 4004 4103 4104
f 4004 4104 4005
f 4005 4104 4105
f 4005 4105 4006
f 4006 4105 4106
f 4006 4106 4007
f 4007 4106 4107
f 4007 4107 4008
f 4008 4107 4108
f 4008 4108 4009
f 4009 4108 4109
f 4009 4109 4010
f 4010 4109 4110
f 4010 4110 4011
f 4011 4110 4111
f 4011 4111 4012
f 4012 4111 4112
f 4012 4112 4013
f 4013 4112 4113
f 4013 4113 4014
f 4014 4113 4114
f 4014 4114 4015
f 4015 4114 4115
f 4015 4115 4016
f 4016 4115 4116
f 4016 4116 4017
f 4017 4116 4117
f 4017 4117 4018
f 4018 4117 4118
f 4018 4118 4019
f 4019 4118 4119
f 4019 4119 4020
f 4020 4119 4120
f 4020 4120 4021
f 4021 4120 4121
f 4021 4121 4022
f 4022 4121 4122
f 4022 4122 4023
f 4023 4122 4123
f 4023 4123 4024
f 4024 4123 4124
f 4024 4124 4025
f 4025 4124 4125
f 4025 4125 4026
f 4026 4125 4126
f 4026 4126 4027
f 4027 4126 4127
f 4027 4127 4028
f 4028 4127 4128
f 4028 4128 4029
f 4029 4128 4129
f 4029 4129 4030
f 4030 4129 4130
f 4030 4130 4031
f 4031 4130 4131
f 4031 4131 4032
f 4032 4131 4132
f 4032 4132 4033
f 4033 4132 4133
f 4033 4133 4034
f 4034 4133 4134
f 4034 4134 4035
f 4035 4134 4135
f 4035 4135 4036
f 4036 4135 4136
f 4036 4136 4037
f 4037 4136 4137
f 4037 4137 4038
f 4038 4137 4138
f 4038 4138 4039
f 4039 4138 4139
f 4039 4139 4040
f 4040 4139 4140
f 4040 4140 4041
f 4041 4140 4141
f 4041 4141 4042
f 4042 4141 4142
f 4042 4142 4043
f 4043 4142 4143
f 4043 4143 4044
f 4044 4143 4144
f 4044 4144 4045
f 4045 4144 4145
f 4045 4145 4046
f 4046 4145 4146
f 4046 4146 4047
f 4047 4146 4147
f 4047 4147 4048
f 4048 4147 4148
f 4048 4148 4049
f 4049 4148 4149
f 4049 4149 4050
f 4050 4149 4150
f 4050 4150 4051
f 4051 4150 4151
f 4051 4151 4052
f 4052 4151 4152
f 4052 4152 4053
f 4053 4152 4153
f 4053 4153 4054
f 4054 4153 4154
f 4054 4154 4055
f 4055 4154 4155
f 4055 4155 4056
f 4056 4155 4156
f 4056 4156 4057
f 4057 4156 4157
f 4057 4157 4058
f 4058 4157 4158
f 4058 4158 4059
f 4059 4158 4159
f 4059 4159 4060
f 4060 4159 4160
f 4060 4160 4061
f 4061 4160 4161
f 4061 4161 4062
f 4062 4161 4162
f 4062 4162 4063
f 4063 4162 4163
f 4063 4163 4064
f 4064 4163 4164
f 4064 4164 4065
f 4065 4164 4165
f 4065 4165 4066
f 4066 4165 4166
f 4066 4166 4067
f 4067 4166 4167
f 4067 4167 4068
f 4068 4167 4168
f 4068 4168 4069
f 4069 4168 4169
f 4069 4169 4070
f 4070 4169 4170
f 4070 4170 4071
f 4071 4170 4171
f 4071 4171 4072
f 4072 4171 4172
f 4072 4172 4073
f 4073 4172 4173
f 4073 4173 4074
f 4074 4173 4174
f 4074 4174 4075
f 4075 4174 4175
f 4075 4175 4076
f 4076 4175 4176
f 4076 4176 4077
f 4077 4176 4177
f 4077 4177 4078
f 4078 4177 4178
f 4078 4178 4079
f 4079 4178 4179
f 4079 4179 4080
f 4080 4179 4180
f 4080 4180 4081
f 4081 4180 4181
f 4081 4181 4082
f 4082 4181 4182
f 4082 4182 4083
f 4083 4182 4183
f 4083 4183 4084
f 4084 4183 4184
f 4084 4184 4085
f 4085 4184 4185
f 4085 4185 4086
f 4086 4185 4186
f 4086 4186 4087
f 4087 4186 4187
f 4087 4187 4088
f 4088 4187 4188
f 4088 4188 4089
f 4089 4188 4189
f 4089 4189 4090
f 4090 4189 4190
f 4090 4190 4091
f 4091 4190 4191
f 4091 4191 4092
f 4092 4191 4192
f 4092 4192 4093
f 4093 4192 4193
f 4093 4193 4094
f 4094 4193 4194
f 4094 4194 4095
f 4095 4194 4195
f 4095 4195 4096
f 4096 4195 4196
f 4096 4196 4097
f 4097 4196 4197
f 4097 4197 4098
f 4098 4197 4198
f 4098 4198 4099
f 4099 4198 4199
f 4099 4199 4100
f 4100 4199 4200
f 4100 4200 4101
f 4101 4200 4201
f 4101 4201 4002
f 4002 4201 4102
f 4102 4202 4103
f 4103 4202 4203
f 4103 4203 4104
f 4104 4203 4204
f 4104 4204 4105
f 4105 4204 4205
f 4105 4205 4106
f 4106 4205 4206
f 4106 4206 4107
f 4107 4206 4207
f 4107 4207 4108
f 4108 4207 4208
f 4108 4208 4109
f 4109 4208 4209
f 4109 4209 4110
f 4110 4209 4210
f 4110 4210 4111
f 4111 4210 4211
f 4111 4211 4112
f 4112 4211 4212
f 4112 4212 4113
f 4113 4212 4213
f 4113 4213 4114
f 4114 4213 4214
f 4114 4214 4115
f 4115 4214 4215
f 4115 4215 4116
f 4116 4215 4216
f 4116 4216 4117
f 4117 4216 4217
f 4117 4217 4118
f 4118 4217 4218
f 4118 4218 4119
f 4119 4218 4219
f 4119 4219 4120
f 4120 4219 4220
f 4120 4220 4121
f 4121 4220 4221
f 4121 4221 4122
f 4122 4221 4222
f 4122 4222 4123
f 4123 4222 4223
f 4123 4223 4124
f 4124 4223 4224
f 4124 4224 4125
f 4125 4224 4225
f 4125 4225 4126
f 4126 4225 4226
f 4126 4226 4127
f 4127 4226 4227
f 4127 4227 4128
f 4128 4227 4228
f 4128 4228 4129
f 4129 4228 4229
f 4129 4229 4130
f 4130 4229 4230
f 4130 4230 4131
f 4131 4230 4231
f 4131 4231 4132
f 4132 4231 4232
f 4132 4232 4133
f 4133 4232 4233
f 4133 4233 4134
f 4134 4233 4234
f 4134 4234 4135
f 4135 4234 4235
f 4135 4235 4136
f 4136 4235 4236
f 4136 4236 4137
f 4137 4236 4237
f 4137 4237 4138
f 4138 4237 4238
f 4138 4238 4139
f 4139 4238 4239
f 4139 4239 4140
f 4140 4239 4240
f 4140 4240 4141
f 4141 4240 4241
f 4141 4241 4142
f 4142 4241 4242
f 4142 4242 4143
f 4143 4242 4243
f 4143 4243 4144
f 4144 4243 4244
f 4144 4244 4145
f 4145 4244 4245
f 4145 4245 4146
f 4146 4245 4246
f 4146 4246 4147
f 4147 4246 4247
f 4147 4247 4148
f 4148 4247 4248
f 4148 4248 4149
f 4149 4248 4249
f 4149 4249 4150
f 4150 4249 4250
f 4150 4250 4151
f 4151 4250 4251
f 4151 4251 4152
f 4152 4251 4252
f 4152 4252 4153
f 4153 4252 4253
f 4153 4253 4154
f 4154 4253 4254
f 4154 4254 4155
f 4155 4254 4255
f 4155 4255 4156
f 4156 4255 4256
f 4156 4256 4157
f 4157 4256 4257
f 4157 4257 4158
f 4158 4257 4258
f 4158 4258 4159
f 4159 4258 4259
f 4159 4259 4160
f 4160 4259 4260
f 4160 4260 4161
f 4161 4260 4261
f 4161 4261 4162
f 4162 4261 4262
f 4162 4262 4163
f 4163 4262 4263
f 4163 4263 4164
f 4164 4263 4264
f 4164 4264 4165
f 4165 4264 4265
f 4165 4265 4166
f 4166 4265 4266
f 4166 4266 4167
f 4167 4266 4267
f 4167 4267 4168
f 4168 4267 4268
f 4168 4268 4169
f 4169 4268 4269
f 4169 4269 4170
f 4170 4269 4270
f 4170 4270 4171
f 4171 4270 4271
f 4171 4271 4172
f 4172 4271 4272
f 4172 4272 4173
f 4173 4272 4273
f 4173 4273 4174
f 4174 4273 4274
f 4174 4274 4175
f 4175 4274 4275
f 4175 4275 4176
f 4176 4275 4276
f 4176 4276 4177
f 4177 4276 4277
f 4177 4277 4178
f 4178 4277 4278
f 4178 4278 4179
f 4179 4278 4279
f 4179 4279 4180
f 4180 4279 4280
f 4180 4280 4181
f 4181 4280 4281
f 4181 4281 4182
f 4182 4281 4282
f 4182 4282 4183
f 4183 4282 4283
f 4183 4283 4184
f 4184 4283 4284
f 4184 4284 4185
f 4185 4284 4285
f 4185 4285 4186
f 4186 4285 4286
f 4186 4286 4187
f 4187 4286 4287
f 4187 4287 4188
f 4188 4287 4288
f 4188 4288 4189
f 4189 4288 4289
f 4189 4289 4190
f 4190 4289 4290
f 4190 4290 4191
f 4191 4290 4291
f 4191 4291 4192
f 4192 4291 4292
f 4192 4292 4193
f 4193 4292 4293
f 4193 4293 4194
f 4194 4293 4294
f 4194 4294 4195
f 4195 4294 4295
f 4195 4295 4196
f 4196 4295 4296
f 4196 4296 4197
f 4197 4296 4297
f 4197 4297 4198
f 4198 4297 4298
f 4198 4298 4199
f 4199 4298 4299
f 4199 4299 4200
f 4200 4299 4300
f 4200 4300 4201
f 4201 4300 4301
f 4201 4301 4102
f 4102 4301 4202
f 4202 4302 4203
f 4203 4302 4303
f 4203 4303 4204
f 4204 4303 4304
f 4204 4304 4205
f 4205 4304 4305
f 4205 4305 4206
f 4206 4305 4306
f 4206 4306 4207
f 4207 4306 4307
f 4207 4307 4208
f 4208 4307 4308
f 4208 4308 4209
f 4209 4308 4309
f 4209 4309 4210
f 4210 4309 4310
f 4210 4310 4211
f 4211 4310 4311
f 4211 4311 4212
f 4212 4311 4312
f 4212 4312 4213
f 4213 4312 4313
f 4213 4313 4214
f 4214 4313 4314
f 4214 4314 4215
f 4215 4314 4315
f 4215 4315 4216
f 4216 4315 4316
f 4216 4316 4217
f 4217 4316 4317
f 4217 4317 4218
f 4218 4317 4318
f 4218 4318 4219
f 4219 4318 4319
f 4219 4319 4220
f 4220 4319 4320
f 4220 4320 4221
f 4221 4320 4321
f 4221 4321 4222
f 4222 4321 4322
f 4222 4322 4223
f 4223 4322 4323
f 4223 4323 4224
f 4224 4323 4324
f 4224 4324 4225
f 4225 4324 4325
f 4225 4325 4226
f 4226 4325 4326
f 4226 4326 4227
f 4227 4326 4327
f 4227 4327 4228
f 4228 4327 4328
f 4228 4328 4229
f 4229 4328 4329
f 4229 4329 4230
f 4230 4329 4330
f 4230 4330 4231
f 4231 4330 4331
f 4231 4331 4232
f 4232 4331 4332
f 4232 4332 4233
f 4233 4332 4333
f 4233 4333 4234
f 4234 4333 4334
f 4234 4334 4235
f 4235 4334 4335
f 4235 4335 4236
f 4236 4335 4336
f 4236 4336 4237
f 4237 4336 4337
f 4237 4337 4238
f 4238 4337 4338
f 4238 4338 4239
f 4239 4338 4339
f 4239 4339 4240
f 4240 4339 4340
f 4240 4340 4241
f 4241 4340 4341
f 4241 4341 4242
f 4242 4341 4342
f 4242 4342 4243
f 4243 4342 4343
f 4243 4343 4244
f 4244 4343 4344
f 4244 4344 4245
f 4245 4344 4345
f 4245 4345 4246
f 4246 4345 4346
f 4246 4346 4247
f 4247 4346 4347
f 4247 4347 4248
f 4248 4347 4348
f 4248 4348 4249
f 4249 4348 4349
f 4249 4349 4250
f 4250 4349 4350
f 4250 4350 4251
f 4251 4350 4351
f 4251 4351 4252
f 4252 4351 4352
f 4252 4352 4253
f 4253 4352 4353
f 4253 4353 4254
f 4254 4353 4354
f 4254 4354 4255
f 4255 4354 4355
f 4255 4355 4256
f 4256 4355 4356
f 4256 4356 4257
f 4257 4356 4357
f 4257 4357 4258
f 4258 4357 4358
f 4258 4358 4259
f 4259 4358 4359
f 4259 4359 4260
f 4260 4359 4360
f 4260 4360 4261
f 4261 4360 4361
f 4261 4361 4262
f 4262 4361 4362
f 4262 4362 4263
f 4263 4362 4363
f 4263 4363 4264
f 4264 4363 4364
f 4264 4364 4265
f 4265 4364 4365
f 4265 4365 4266
f 4266 4365 4366
f 4266 4366 4267
f 4267 4366 4367
f 4267 4367 4268
f 4268 4367 4368
f 4268 4368 4269
f 4269 4368 4369
f 4269 4369 4270
f 4270 4369 4370
f 4270 4370 4271
f 4271 4370 4371
f 4271 4371 4272
f 4272 4371 4372
f 4272 4372 4273
f 4273 4372 4373
f 4273 4373 4274
f 4274 4373 4374
f 4274 4374 4275
f 4275 4374 4375
f 4275 4375 4276
f 4276 4375 4376
f 4276 4376 4277
f 4277 4376 4377
f 4277 4377 4278
f 4278 4377 4378
f 4278 4378 4279
f 4279 4378 4379
f 4279 4379 4280
f 4280 4379 4380
f 4280 4380 4281
f 4281 4380 4381
f 4281 4381 4282
f 4282 4381 4382
f 4282 4382 4283
f 4283 4382 4383
f 4283 4383 4284
f 4284 4383 4384
f 4284 4384 4285
f 4285 4384 4385
f 4285 4385 4286
f 4286 4385 4386
f 4286 4386 4287
f 4287 4386 4387
f 4287 4387 4288
f 4288 4387 4388
f 4288 4388 4289
f 4289 4388 4389
f 4289 4389 4290
f 4290 4389 4390
f 4290 4390 4291
f 4291 4390 4391
f 4291 4391 4292
f 4292 4391 4392
f 4292 4392 4293
f 4293 4392 4393
f 4293 4393 4294
f 4294 4393 4394
f 4294 4394 4295
f 4295 4394 4395
f 4295 4395 4296
f 4296 4395 4396
f 4296 4396 4297
f 4297 4396 4397
f 4297 4397 4298
f 4298 4397 4398
f 4298 4398 4299
f 4299 4398 4399
f 4299 4399 4300
f 4300 4399 4400
f 4300 4400 4301
f 4301 4400 4401
f 4301 4401 4202
f 4202 4401 4302
f 4302 4402 4303
f 4303 4402 4403
f 4303 4403 4304
f 4304 4403 4404
f 4304 4404 4305
f 4305 4404 4405
f 4305 4405 4306
f 4306 4405 4406
f 4306 4406 4307
f 4307 4406 4407
f 4307 4407 4308
f 4308 4407 4408
f 4308 4408 4309
f 4309 4408 4409
f 4309 4409 4310
f 4310 4409 4410
f 4310 4410 4311
f 4311 4410 4411
f 4311 4411 4312
f 4312 4411 4412
f 4312 4412 4313
f 4313 4412 4413
f 4313 4413 4314
f 4314 4413 4414
f 4314 4414 4315
f 4315 4414 4415
f 4315 4415 4316
f 4316 4415 4416
f 4316 4416 4317
f 4317 4416 4417
f 4317 4417 4318
f 4318 4417 4418
f 4318 4418 4319
f 4319 4418 4419
f 4319 4419 4320
f 4320 4419 4420
f 4320 4420 4321
f 4321 4420 4421
f 4321 4421 4322
f 4322 4421 4422
f 4322 4422 4323
f 4323 4422 4423
f 4323 4423 4324
f 4324 4423 4424
f 4324 4424 4325
f 4325 4424 4425
f 4325 4425 4326
f 4326 4425 4426
f 4326 4426 4327
f 4327 4426 4427
f 4327 4427 4328
f 4328 4427 4428
f 4328 4428 4329
f 4329 4428 4429
f 4329 4429 4330
f 4330 4429 4430
f 4330 4430 4331
f 4331 4430 4431
f 4331 4431 4332
f 4332 4431 4432
f 4332 4432 4333
f 4333 4432 4433
f 4333 4433 4334
f 4334 4433 4434
f 4334 4434 4335
f 4335 4434 4435
f 4335 4435 4336
f 4336 4435 4436
f 4336 4436 4337
f 4337 4436 4437
f 4337 4437 4338
f 4338 4437 4438
f 4338 4438 4339
f 4339 4438 4439
f 4339 4439 4340
f 4340 4439 4440
f 4340 4440 4341
f 4341 4440 4441
f 4341 4441 4342
f 4342 4441 4442
f 4342 4442 4343
f 4343 4442 4443
f 4343 4443 4344
f 4344 4443 4444
f 4344 4444 4345
f 4345 4444 4445
f 4345 4445 4346
f 4346 4445 4446
f 4346 4446 4347
f 4347 4446 4447
f 4347 4447 4348
f 4348 4447 4448
f 4348 4448 4349
f 4349 4448 4449
f 4349 4449 4350
f 4350 4449 4450
f 4350 4450 4351
f 4351 4450 4451
f 4351 4451 4352
f 4352 4451 4452
f 4352 4452 4353
f 4353 4452 4453
f 4353 4453 4354
f 4354 4453 4454
f 4354 4454 4355
f 4355 4454 4455
f 4355 4455 4356
f 4356 4455 4456
f 4356 4456 4357
f 4357 4456 4457
f 4357 4457 4358
f 4358 4457 4458
f 4358 4458 4359
f 4359 4458 4459
f 4359 4459 4360
f 4360 4459 4460
f 4360 4460 4361
f 4361 4460 4461
f 4361 4461 4362
f 4362 4461 4462
f 4362 4462 4363
f 4363 4462 4463
f 4363 4463 4364
f 4364 4463 4464
f 4364 4464 4365
f 4365 4464 4465
f 4365 4465 4366
f 4366 4465 4466
f 4366 4466 4367
f 4367 4466 4467
f 4367 4467 4368
f 4368 4467 4468
f 4368 4468 4369
f 4369 4468 4469
f 4369 4469 4370
f 4370 4469 4470
f 4370 4470 4371
f 4371 4470 4471
f 4371 4471 4372
f 4372 4471 4472
f 4372 4472 4373
f 4373 4472 4473
f 4373 4473 4374
f 4374 4473 4474
f 4374 4474 4375
f 4375 4474 4475
f 4375 4475 4376
f 4376 4475 4476
f 4376 4476 4377
f 4377 4476 4477
f 4377 4477 4378
f 4378 4477 4478
f 4378 4478 4379
f 4379 4478 4479
f 4379 4479 4380
f 4380 4479 4480
f 4380 4480 4381
f 4381 4480 4481
f 4381 4481 4382
f 4382 4481 4482
f 4382 4482 4383
f 4383 4482 4483
f 4383 4483 4384
f 4384 4483 4484
f 4384 4484 4385
f 4385 4484 4485
f 4385 4485 4386
f 4386 4485 4486
f 4386 4486 4387
f 4387 4486 4487
f 4387 4487 4388
f 4388 4487 4488
f 4388 4488 4389
f 4389 4488 4489
f 4389 4489 4390
f 4390 4489 4490
f 4390 4490 4391
f 4391 4490 4491
f 4391 4491 4392
f 4392 4491 4492
f 4392 4492 4393
f 4393 4492 4493
f 4393 4493 4394
f 4394 4493 4494
f 4394 4494 4395
f 4395 4494 4495
f 4395 4495 4396
f 4396 4495 4496
f 4396 4496 4397
f 4397 4496 4497
f 4397 4497 4398
f 4398 4497 4498
f 4398 4498 4399
f 4399 4498 4499
f 4399 4499 4400
f 4400 4499 4500
f 4400 4500 4401
f 4401 4500 4501
f 4401 4501 4302
f 4302 4501 4402
f 4402 4502 4403
f 4403 4502 4503
f 4403 4503 4404
f 4404 4503 4504
f 4404 4504 4405
f 4405 4504 4505
f 4405 4505 4406
f 4406 4505 4506
f 4406 4506 4407
f 4407 4506 4507
f 4407 4507 4408
f 4408 4507 4508
f 4408 4508 4409
f 4409 4508 4509
f 4409 4509 4410
f 4410 4509 4510
f 4410 4510 4411
f 4411 4510 4511
f 4411 4511 4412
f 4412 4511 4512
f 4412 4512 4413
f 4413 4512 4513
f 4413 4513 4414
f 4414 4513 4514
f 4414 4514 4415
f 4415 4514 4515
f 4415 4515 4416
f 4416 4515 4516
f 4416 4516 4417
f 4417 4516 4517
f 4417 4517 4418
f 4418 4517 4518
f 4418 4518 4419
f 4419 4518 4519
f 4419 4519 4420
f 4420 4519 4520
f 4420 4520 4421
f 4421 4520 4521
f 4421 4521 4422
f 4422 4521 4522
f 4422 4522 4423
f 4423 4522 4523
f 4423 4523 4424
f 4424 4523 4524
f 4424 4524 4425
f 4425 4524 4525
f 4425 4525 4426
f 4426 4525 4526
f 4426 4526 4427
f 4427 4526 4527
f 4427 4527 4428
f 4428 4527 4528
f 4428 4528 4429
f 4429 4528 4529
f 4429 4529 4430
f 4430 4529 4530
f 4430 4530 4431
f 4431 4530 4531
f 4431 4531 4432
f 4432 4531 4532
f 4432 4532 4433
f 4433 4532 4533
f 4433 4533 4434
f 4434 4533 4534
f 4434 4534 4435
f 4435 4534 4535
f 4435 4535 4436
f 4436 4535 4536
f 4436 4536 4437
f 4437 4536 4537
f 4437 4537 4438
f 4438 4537 4538
f 4438 4538 4439
f 4439 4538 4539
f 4439 4539 4440
f 4440 4539 4540
f 4440 4540 4441
f 4441 4540 4541
f 4441 4541 4442
f 4442 4541 4542
f 4442 4542 4443
f 4443 4542 4543
f 4443 4543 4444
f 4444 4543 4544
f 4444 4544 4445
f 4445 4544 4545
f 4445 4545 4446
f 4446 4545 4546
f 4446 4546 4447
f 4447 4546 4547
f 4447 4547 4448
f 4448 4547 4548
f 4448 4548 4449
f 4449 4548 4549
f 4449 4549 4450
f 4450 4549 4550
f 4450 4550 4451
f 4451 4550 4551
f 4451 4551 4452
f 4452 4551 4552
f 4452 4552 4453
f 4453 4552 4553
f 4453 4553 4454
f 4454 4553 4554
f 4454 4554 4455
f 4455 4554 4555
f 4455 4555 4456
f 4456 4555 4556
f 4456 4556 4457
f 4457 4556 4557
f 4457 4557 4458
f 4458 4557 4558
f 4458 4558 4459
f 4459 4558 4559
f 4459 4559 4460
f 4460 4559 4560
f 4460 4560 4461
f 4461 4560 4561
f 4461 4561 4462
f 4462 4561 4562
f 4462 4562 4463
f 4463 4562 4563
f 4463 4563 4464
f 4464 4563 4564
f 4464 4564 4465
f 4465 4564 4565
f 4465 4565 4466
f 4466 4565 4566
f 4466 4566 4467
f 4467 4566 4567
f 4467 4567 4468
f 4468 4567 4568
f 4468 4568 4469
f 4469 4568 4569
f 4469 4569 4470
f 4470 4569 4570
f 4470 4570 4471
f 4471 4570 4571
f 4471 4571 4472
f 4472 4571 4572
f 4472 4572 4473
f 4473 4572 4573
f 4473 4573 4474
f 4474 4573 4574
f 4474 4574 4475
f 4475 4574 4575
f 4475 4575 4476
f 4476 4575 4576
f 4476 4576 4477
f 4477 4576 4577
f 4477 4577 4478
f 4478 4577 4578
f 4478 4578 4479
f 4479 4578 4579
f 4479 4579 4480
f 4480 4579 4580
f 4480 4580 4481
f 4481 4580 4581
f 4481 4581 4482
f 4482 4581 4582
f 4482 4582 4483
f 4483 4582 4583
f 4483 4583 4484
f 4484 4583 4584
f 4484 4584 4485
f 4485 4584 4585
f 4485 4585 4486
f 4486 4585 4586
f 4486 4586 4487
f 4487 4586 4587
f 4487 4587 4488
f 4488 4587 4588
f 4488 4588 4489
f 4489 4588 4589
f 4489 4589 4490
f 4490 4589 4590
f 4490 4590 4491
f 4491 4590 4591
f 4491 4591 4492
f 4492 4591 4592
f 4492 4592 4493
f 4493 4592 4593
f 4493 4593 4494
f 4494 4593 4594
f 4494 4594 4495
f 4495 4594 4595
f 4495 4595 4496
f 4496 4595 4596
f 4496 4596 4497
f 4497 4596 4597
f 4497 4597 4498
f 4498 4597 4598
f 4498 4598 4499
f 4499 4598 4599
f 4499 4599 4500
f 4500 4599 4600
f 4500 4600 4501
f 4501 4600 4601
f 4501 4601 4402
f 4402 4601 4502
f 4502 4602 4503
f 4503 4602 4603
f 4503 4603 4504
f 4504 4603 4604
f 4504 4604 4505
f 4505 4604 4605
f 4505 4605 4506
f 4506 4605 4606
f 4506 4606 4507
f 4507 4606 4607
f 4507 4607 4508
f 4508 4607 4608
f 4508 4608 4509
f 4509 4608 4609
f 4509 4609 4510
f 4510 4609 4610
f 4510 4610 4511
f 4511 4610 4611
f 4511 4611 4512
f 4512 4611 4612
f 4512 4612 4513
f 4513 4612 4613
f 4513 4613 4514
f 4514 4613 4614
f 4514 4614 4515
f 4515 4614 4615
f 4515 4615 4516
f 4516 4615 4616
f 4516 4616 4517
f 4517 4616 4617
f 4517 4617 4518
f 4518 4617 4618
f 4518 4618 4519
f 4519 4618 4619
f 4519 4619 4520
f 4520 4619 4620
f 4520 4620 4521
f 4521 4620 4621
f 4521 4621 4522
f 4522 4621 4622
f 4522 4622 4523
f 4523 4622 4623
f 4523 4623 4524
f 4524 4623 4624
f 4524 4624 4525
f 4525 4624 4625
f 4525 4625 4526
f 4526 4625 4626
f 4526 4626 4527
f 4527 4626 4627
f 4527 4627 4528
f 4528 4627 4628
f 4528 4628 4529
f 4529 4628 4629
f 4529 4629 4530
f 4530 4629 4630
f 4530 4630 4531
f 4531 4630 4631
f 4531 4631 4532
f 4532 4631 4632
f 4532 4632 4533
f 4533 4632 4633
f 4533 4633 4534
f 4534 4633 4634
f 4534 4634 4535
f 4535 4634 4635
f 4535 4635 4536
f 4536 4635 4636
f 4536 4636 4537
f 4537 4636 4637
f 4537 4637 4538
f 4538 4637 4638
f 4538 4638 4539
f 4539 4638 4639
f 4539 4639 4540
f 4540 4639 4640
f 4540 4640 4541
f 4541 4640 4641
f 4541 4641 4542
f 4542 4641 4642
f 4542 4642 4543
f 4543 4642 4643
f 4543 4643 4544
f 4544 4643 4644
f 4544 4644 4545
f 4545 4644 4645
f 4545 4645 4546
f 4546 4645 4646
f 4546 4646 4547
f 4547 4646 4647
f 4547 4647 4548
f 4548 4647 4648
f 4548 4648 4549
f 4549 4648 4649
f 4549 4649 4550
f 4550 4649 4650
f 4550 4650 4551
f 4551 4650 4651
f 4551 4651 4552
f 4552 4651 4652
f 4552 4652 4553
f 4553 4652 4653
f 4553 4653 4554
f 4554 4653 4654
f 4554 4654 4555
f 4555 4654 4655
f 4555 4655 4556
f 4556 4655 4656
f 4556 4656 4557
f 4557 4656 4657
f 4557 4657 4558
f 4558 4657 4658
f 4558 4658 4559
f 4559 4658 4659
f 4559 4659 4560
f 4560 4659 4660
f 4560 4660 4561
f 4561 4660 4661
f 4561 4661 4562
f 4562 4661 4662
f 4562 4662 4563
f 4563 4662 4663
f 4563 4663 4564
f 4564 4663 4664
f 4564 4664 4565
f 4565 4664 4665
f 4565 4665 4566
f 4566 4665 4666
f 4566 4666 4567
f 4567 4666 4667
f 4567 4667 4568
f 4568 4667 4668
f 4568 4668 4569
f 4569 4668 4669
f 4569 4669 4570
f 4570 4669 4670
f 4570 4670 4571
f 4571 4670 4671
f 4571 4671 4572
f 4572 4671 4672
f 4572 4672 4573
f 4573 4672 4673
f 4573 4673 4574
f 4574 4673 4674
f 4574 4674 4575
f 4575 4674 4675
f 4575 4675 4576
f 4576 4675 4676
f 4576 4676 4577
f 4577 4676 4677
f 4577 4677 4578
f 4578 4677 4678
f 4578 4678 4579
f 4579 4678 4679
f 4579 4679 4580
f 4580 4679 4680
f 4580 4680 4581
f 4581 4680 4681
f 4581 4681 4582
f 4582 4681 4682
f 4582 4682 4583
f 4583 4682 4683
f 4583 4683 4584
f 4584 4683 4684
f 4584 4684 4585
f 4585 4684 4685
f 4585 4685 4586
f 4586 4685 4686
f 4586 4686 4587
f 4587 4686 4687
f 4587 4687 4588
f 4588 4687 4688
f 4588 4688 4589
f 4589 4688 4689
f 4589 4689 4590
f 4590 4689 4690
f 4590 4690 4591
f 4591 4690 4691
f 4591 4691 4592
f 4592 4691 4692
f 4592 4692 4593
f 4593 4692 4693
f 4593 4693 4594
f 4594 4693 4694
f 4594 4694 4595
f 4595 4694 4695
f 4595 4695 4596
f 4596 4695 4696
f 4596 4696 4597
f 4597 4696 4697
f 4597 4697 4598
f 4598 4697 4698
f 4598 4698 4599
f 4599 4698 4699
f 4599 4699 4600
f 4600 4699 4700
f 4600 4700 4601
f 4601 4700 4701
f 4601 4701 4502
f 4502 4701 4602
f 4602 4702 4603
f 4603 4702 4703
f 4603 4703 4604
f 4604 4703 4704
f 4604 4704 4605
f 4605 4704 4705
f 4605 4705 4606
f 4606 4705 4706
f 4606 4706 4607
f 4607 4706 4707
f 4607 4707 4608
f 4608 4707 4708
f 4608 4708 4609
f 4609 4708 4709
f 4609 4709 4610
f 4610 4709 4710
f 4610 4710 4611
f 4611 4710 4711
f 4611 4711 4612
f 4612 4711 4712
f 4612 4712 4613
f 4613 4712 4713
f 4613 4713 4614
f 4614 4713 4714
f 4614 4714 4615
f 4615 4714 4715
f 4615 4715 4616
f 4616 4715 4716
f 4616 4716 4617
f 4617 4716 4717
f 4617 4717 4618
f 4618 4717 4718
f 4618 4718 4619
f 4619 4718 4719
f 4619 4719 4620
f 4620 4719 4720
f 4620 4720 4621
f 4621 4720 4721
f 4621 4721 4622
f 4622 4721 4722
f 4622 4722 4623
f 4623 4722 4723
f 4623 4723 4624
f 4624 4723 4724
f 4624 4724 4625
f 4625 4724 4725
f 4625 4725 4626
f 4626 4725 4726
f 4626 4726 4627
f 4627 4726 4727
f 4627 4727 4628
f 4628 4727 4728
f 4628 4728 4629
f 4629 4728 4729
f 4629 4729 4630
f 4630 4729 4730
f 4630 4730 4631
f 4631 4730 4731
f 4631 4731 4632
f 4632 4731 4732
f 4632 4732 4633
f 4633 4732 4733
f 4633 4733 4634
f 4634 4733 4734
f 4634 4734 4635
f 4635 4734 4735
f 4635 4735 4636
f 4636 4735 4736
f 4636 4736 4637
f 4637 4736 4737
f 4637 4737 4638
f 4638 4737 4738
f 4638 4738 4639
f 4639 4738 4739
f 4639 4739 4640
f 4640 4739 4740
f 4640 4740 4641
f 4641 4740 4741
f 4641 4741 4642
f 4642 4741 4742
f 4642 4742 4643
f 4643 4742 4743
f 4643 4743 4644
f 4644 4743 4744
f 4644 4744 4645
f 4645 4744 4745
f 4645 4745 4646
f 4646 4745 4746
f 4646 4746 4647
f 4647 4746 4747
f 4647 4747 4648
f 4648 4747 4748
f 4648 4748 4649
f 4649 4748 4749
f 4649 4749 4650
f 4650 4749 4750
f 4650 4750 4651
f 4651 4750 4751
f 4651 4751 4652
f 4652 4751 4752
f 4652 4752 4653
f 4653 4752 4753
f 4653 4753 4654
f 4654 4753 4754
f 4654 4754 4655
f 4655 4754 4755
f 4655 4755 4656
f 4656 4755 4756
f 4656 4756 4657
f 4657 4756 4757
f 4657 4757 4658
f 4658 4757 4758
f 4658 4758 4659
f 4659 4758 4759
f 4659 4759 4660
f 4660 4759 4760
f 4660 4760 4661
f 4661 4760 4761
f 4661 4761 4662
f 4662 4761 4762
f 4662 4762 4663
f 4663 4762 4763
f 4663 4763 4664
f 4664 4763 4764
f 4664 4764 4665
f 4665 4764 4765
f 4665 4765 4666
f 4666 4765 4766
f 4666 4766 4667
f 4667 4766 4767
f 4667 4767 4668
f 4668 4767 4768
f 4668 4768 4669
f 4669 4768 4769
f 4669 4769 4670
f 4670 4769 4770
f 4670 4770 4671
f 4671 4770 4771
f 4671 4771 4672
f 4672 4771 4772
f 4672 4772 4673
f 4673 4772 4773
f 4673 4773 4674
f 4674 4773 4774
f 4674 4774 4675
f 4675 4774 4775
f 4675 4775 4676
f 4676 4775 4776
f 4676 4776 4677
f 4677 4776 4777
f 4677 4777 4678
f 4678 4777 4778
f 4678 4778 4679
f 4679 4778 4779
f 4679 4779 4680
f 4680 4779 4780
f 4680 4780 4681
f 4681 4780 4781
f 4681 4781 4682
f 4682 4781 4782
f 4682 4782 4683
f 4683 4782 4783
f 4683 4783 4684
f 4684 4783 4784
f 4684 4784 4685
f 4685 4784 4785
f 4685 4785 4686
f 4686 4785 4786
f 4686 4786 4687
f 4687 4786 4787
f 4687 4787 4688
f 4688 4787 4788
f 4688 4788 4689
f 4689 4788 4789
f 4689 4789 4690
f 4690 4789 4790
f 4690 4790 4691
f 4691 4790 4791
f 4691 4791 4692
f 4692 4791 4792
f 4692 4792 4693
f 4693 4792 4793
f 4693 4793 4694
f 4694 4793 4794
f 4694 4794 4695
f 4695 4794 4795
f 4695 4795 4696
f 4696 4795 4796
f 4696 4796 4697
f 4697 4796 4797
f 4697 4797 4698
f 4698 4797 4798
f 4698 4798 4699
f 4699 4798 4799
f 4699 4799 4700
f 4700 4799 4800
f 4700 4800 4701
f 4701 4800 4801
f 4701 4801 4602
f 4602 4801 4702
f 4702 4802 4703
f 4703 4802 4704
f 4704 4802 4705
f 4705 4802 4706
f 4706 4802 4707
f 4707 4802 4708
f 4708 4802 4709
f 4709 4802 4710
f 4710 4802 4711
f 4711 4802 4712
f 4712 4802 4713
f 4713 4802 4714
f 4714 4802 4715
f 4715 4802 4716
f 4716 4802 4717
f 4717 4802 4718
f 4718 4802 4719
f 4719 4802 4720
f 4720 4802 4721
f 4721 4802 4722
f 4722 4802 4723
f 4723 4802 4724
f 4724 4802 4725
f 4725 4802 4726
f 4726 4802 4727
f 4727 4802 4728
f 4728 4802 4729
f 4729 4802 4730
f 4730 4802 4731
f 4731 4802 4732
f 4732 4802 4733
f 4733 4802 4734
f 4734 4802 4735
f 4735 4802 4736
f 4736 4802 4737
f 4737 4802 4738
f 4738 4802 4739
f 4739 4802 4740
f 4740 4802 4741
f 4741 4802 4742
f 4742 4802 4743
f 4743 4802 4744
f 4744 4802 4745
f 4745 4802 4746
f 4746 4802 4747
f 4747 4802 4748
f 4748 4802 4749
f 4749 4802 4750
f 4750 4802 4751
f 4751 4802 4752
f 4752 4802 4753
f 4753 4802 4754
f 4754 4802 4755
f 4755 4802 4756
f 4756 4802 4757
f 4757 4802 4758
f 4758 4802 4759
f 4759 4802 4760
f 4760 4802 4761
f 4761 4802 4762
f 4762 4802 4763
f 4763 4802 4764
f 4764 4802 4765
f 4765 4802 4766
f 4766 4802 4767
f 4767 4802 4768
f 4768 4802 4769
f 4769 4802 4770
f 4770 4802 4771
f 4771 4802 4772
f 4772 4802 4773
f 4773 4802 4774
f 4774 4802 4775
f 4775 4802 4776
f 4776 4802 4777
f 4777 4802 4778
f 4778 4802 4779
f 4779 4802 4780
f 4780 4802 4781
f 4781 4802 4782
f 4782 4802 4783
f 4783 4802 4784
f 4784 4802 4785
f 4785 4802 4786
f 4786 4802 4787
f 4787 4802 4788
f 4788 4802 4789
f 4789 4802 4790
f 4790 4802 4791
f 4791 4802 4792
f 4792 4802 4793
f 4793 4802 4794
f 4794 4802 4795
f 4795 4802 4796
f 4796 4802 4797
f 4797 4802 4798
f 4798 4802 4799
f 4799 4802 4800
f 4800 4802 4801
f 4801 4802 4702
