1598 3192
    0.016296     0.070484     0.544850
   -0.079561     0.082805     0.551424
   -0.088262     0.077886     0.552496
   -0.105793     0.058533     0.555399
   -0.105793     0.055147     0.555665
   -0.045595     0.055147     0.550928
   -0.208383     0.045347     0.548363
   -0.221914     0.031816     0.548363
   -0.213094     0.029630     0.549229
   -0.131310     0.029630     0.555665
   -0.145412    -0.038052     0.549229
   -0.131310    -0.022484     0.551564
   -0.122034    -0.021292     0.550928
    0.457239     0.079513     0.478710
    0.447047     0.104119     0.478710
    0.446710     0.104248     0.478778
    0.403862     0.095390     0.489946
    0.371955     0.081896     0.498947
    0.371279     0.079513     0.499347
    0.368574     0.078225     0.499868
    0.178818     0.090357     0.523058
    0.142367     0.087842     0.528145
    0.108514     0.078225     0.533821
   -0.064068     0.101528     0.545388
   -0.214292     0.069531     0.541969
   -0.246521     0.056181     0.541969
   -0.316070     0.053134     0.533287
   -0.313966     0.045728     0.534529
   -0.284749     0.031816     0.540159
   -0.378944     0.079725     0.515548
   -0.387900     0.058105     0.515548
   -0.384397     0.055206     0.516677
   -0.361027     0.045728     0.523230
   -0.318731    -0.056382     0.523230
   -0.310683    -0.059476     0.524855
   -0.248785    -0.121373     0.524855
   -0.175124    -0.100448     0.537203
   -0.175124    -0.163732     0.522011
   -0.233150    -0.162051     0.516644
   -0.182887    -0.182871     0.516644
    0.050457    -0.070293     0.522011
    0.361169    -0.056681     0.483222
    0.396781    -0.021069     0.483222
    0.421520    -0.011560     0.478228
    0.458956     0.078817     0.478228
    0.496201     0.086831     0.464557
    0.526165     0.086831     0.452145
    0.536675     0.092322     0.447182
    0.549099     0.102916     0.440861
    0.544398     0.120459     0.440861
    0.535754     0.119655     0.444530
    0.503629     0.106868     0.459256
    0.470185     0.078817     0.474444
    0.520116     0.135294     0.444530
    0.456355     0.112130     0.473031
    0.210862     0.102236     0.514581
    0.186194     0.108846     0.514581
   -0.049673     0.121799     0.535395
   -0.064068     0.104918     0.543984
   -0.236326     0.095458     0.528784
   -0.264133     0.088007     0.528784
   -0.382674     0.083802     0.513653
   -0.382656     0.083436     0.513778
   -0.412602     0.108260     0.495821
   -0.433239     0.104483     0.490293
   -0.446733     0.090990     0.490293
   -0.434028     0.085933     0.496116
   -0.428328     0.070557     0.500184
   -0.476442     0.093753     0.477680
   -0.478851     0.084764     0.477680
   -0.474808     0.081316     0.479737
   -0.454216     0.070557     0.489461
   -0.427759    -0.028182     0.489461
   -0.417369    -0.033737     0.493147
   -0.389558    -0.059824     0.498879
   -0.375066    -0.139013     0.477666
   -0.243977    -0.270102     0.477666
   -0.237625    -0.254144     0.484981
   -0.188738    -0.236021     0.497914
   -0.182887    -0.217024     0.505133
   -0.244707    -0.277952     0.474334
   -0.188738    -0.292949     0.474334
   -0.184915    -0.300266     0.470879
   -0.086433    -0.294858     0.462188
   -0.020551    -0.277204     0.462188
    0.258528    -0.267305     0.426565
    0.274289    -0.258198     0.427434
    0.360005    -0.166815     0.446266
    0.365279    -0.141273     0.454138
    0.468664    -0.037888     0.454138
    0.473024    -0.014063     0.460520
    0.496465     0.007925     0.455690
    0.506454     0.013265     0.452145
    0.596646     0.118764     0.411309
    0.615629     0.136574     0.397505
    0.612332     0.153148     0.397505
    0.590680     0.147829     0.411422
    0.575362     0.109137     0.425525
    0.581856     0.109137     0.421545
    0.585607     0.147899     0.414197
    0.629937     0.173441     0.380298
    0.619031     0.189764     0.380298
    0.586747     0.157480     0.410033
    0.551991     0.153342     0.425140
    0.619562     0.191049     0.379393
    0.605945     0.200148     0.379393
    0.221122     0.122674     0.501850
    0.125438     0.141706     0.501850
   -0.049673     0.151417     0.517245
   -0.094954     0.199678     0.482151
   -0.364264     0.146109     0.482151
   -0.412112     0.143964     0.476288
   -0.413526     0.145192     0.475089
   -0.436356     0.141385     0.468768
   -0.482760     0.110379     0.468768
   -0.494135     0.108352     0.465137
   -0.493771     0.105292     0.466467
   -0.539362     0.127053     0.433268
   -0.544008     0.120100     0.433268
   -0.536570     0.111527     0.440537
   -0.510267     0.105066     0.457443
   -0.504649     0.090875     0.462616
   -0.537834     0.105171     0.440537
   -0.525510     0.093608     0.449499
   -0.521310     0.090875     0.452406
   -0.507854     0.023226     0.452406
   -0.501548     0.013774     0.455118
   -0.500236     0.011394     0.455488
   -0.460226    -0.027736     0.471699
   -0.442236    -0.135641     0.441824
   -0.384884    -0.221473     0.441824
   -0.375450    -0.274407     0.424929
   -0.346792    -0.303065     0.424929
   -0.334266    -0.305297     0.428927
   -0.256772    -0.296071     0.462610
   -0.262918    -0.352971     0.428927
   -0.260477    -0.353378     0.429603
   -0.260065    -0.353020     0.429952
   -0.256206    -0.337310     0.440050
   -0.187221    -0.309999     0.465195
   -0.195190    -0.365925     0.429952
   -0.187221    -0.357430     0.436129
   -0.098343    -0.352502     0.428315
    0.006496    -0.331648     0.428315
    0.204270    -0.322783     0.404086
    0.311398    -0.252011     0.417160
    0.406029    -0.188780     0.417160
    0.411592    -0.172958     0.423844
    0.470179    -0.114371     0.423844
    0.474730    -0.088833     0.431995
    0.522479    -0.017372     0.431995
    0.527635     0.013556     0.440558
    0.556631     0.041914     0.428809
    0.570316     0.051121     0.421545
    0.647985     0.150473     0.368738
    0.660860     0.164564     0.355835
    0.657817     0.183778     0.355835
    0.645982     0.181789     0.366212
    0.645771     0.181647     0.366412
    0.629368     0.139337     0.386145
    0.634443     0.139337     0.381810
    0.671391     0.201183     0.337709
    0.661828     0.219952     0.337709
    0.650686     0.212699     0.349693
    0.641212     0.212699     0.355865
    0.667334     0.231169     0.326815
    0.647935     0.250568     0.326815
    0.641212     0.240240     0.337923
    0.625481     0.237846     0.346330
    0.649911     0.266030     0.313514
    0.645219     0.274872     0.308304
    0.623082     0.286151     0.308304
    0.609328     0.312482     0.289544
    0.596449     0.324312     0.282175
    0.561449     0.366079     0.251237
    0.546470     0.378145     0.242958
    0.031943     0.459638     0.242958
   -0.104485     0.467766     0.254471
   -0.104485     0.247077     0.442958
   -0.106975     0.470041     0.252192
   -0.299173     0.439599     0.252192
   -0.373202     0.351255     0.317631
   -0.379399     0.345563     0.321176
   -0.406117     0.294414     0.357618
   -0.581053     0.205280     0.357618
   -0.579354     0.191989     0.369052
   -0.558513     0.159975     0.403484
   -0.558513     0.146205     0.412455
   -0.598929     0.172414     0.369052
   -0.593817     0.161999     0.379167
   -0.569556     0.146205     0.405261
   -0.567665     0.133775     0.411903
   -0.558659     0.127693     0.420418
   -0.595382     0.158928     0.379167
   -0.576985     0.135342     0.403731
   -0.550950     0.107809     0.429692
   -0.577373     0.132897     0.403731
   -0.563190     0.117374     0.417944
   -0.551559     0.107809     0.429172
   -0.539457     0.057633     0.432720
   -0.544248     0.061647     0.429172
   -0.483466    -0.082453     0.430413
   -0.445485    -0.156994     0.430413
   -0.428001    -0.251028     0.400871
   -0.405653    -0.274407     0.405253
   -0.397350    -0.299963     0.394013
   -0.346792    -0.350521     0.394013
   -0.341876    -0.364987     0.386730
   -0.343607    -0.378532     0.375077
   -0.336442    -0.392036     0.367120
   -0.260911    -0.430521     0.367120
   -0.257619    -0.410936     0.384292
   -0.199729    -0.388493     0.411291
   -0.257265    -0.441740     0.358030
   -0.207116    -0.449683     0.358030
   -0.199729    -0.442933     0.364794
   -0.141349    -0.439455     0.359868
    0.048417    -0.409399     0.359868
    0.124517    -0.405135     0.351223
    0.200283    -0.335543     0.394572
    0.203988    -0.328449     0.399626
    0.344207    -0.257004     0.399626
    0.399458    -0.246731     0.382268
    0.406029    -0.227397     0.392003
    0.495618    -0.137808     0.392003
    0.503232    -0.114371     0.402310
    0.524650    -0.091965     0.398111
    0.529698    -0.064814     0.406641
    0.579443     0.032816     0.406641
    0.582825     0.051742     0.411698
    0.610816     0.082215     0.394263
    0.627627     0.096303     0.381810
    0.696819     0.184397     0.311278
    0.698801     0.187099     0.308541
    0.696275     0.206288     0.308541
    0.685116     0.205004     0.321805
    0.671452     0.166521     0.343735
    0.680314     0.166521     0.333359
    0.680955     0.205352     0.326362
    0.702424     0.216185     0.296915
    0.693601     0.237485     0.296915
    0.685205     0.233458     0.308332
    0.671778     0.234619     0.320794
    0.695625     0.242252     0.291266
    0.674947     0.269200     0.291266
    0.671778     0.266030     0.296835
    0.675983     0.275074     0.284637
    0.674649     0.277671     0.283073
    0.642868     0.302057     0.283073
    0.635553     0.315805     0.273345
    0.634915     0.316352     0.273129
    0.614246     0.344210     0.251237
    0.542504     0.383509     0.237702
    0.460233     0.447570     0.181063
    0.430154     0.464346     0.167732
    0.287672     0.525254     0.125177
    0.227837     0.529190     0.131327
   -0.004712     0.559805     0.131327
   -0.107815     0.566452     0.139438
   -0.107815     0.474583     0.247003
   -0.115949     0.572417     0.131200
   -0.127542     0.571669     0.130288
   -0.240801     0.556758     0.130288
   -0.267184     0.532022     0.155185
   -0.267583     0.531309     0.155957
   -0.294550     0.494840     0.191693
   -0.501539     0.409102     0.191693
   -0.531603     0.368582     0.223536
   -0.563944     0.340819     0.234492
   -0.576043     0.318081     0.250582
   -0.585323     0.210779     0.350167
   -0.650228     0.261157     0.250582
   -0.645545     0.234584     0.280569
   -0.621740     0.210779     0.322389
   -0.621740     0.192233     0.336535
   -0.617457     0.186796     0.343949
   -0.650104     0.228642     0.280569
   -0.637948     0.200008     0.314494
   -0.614839     0.169481     0.355057
   -0.601159     0.161447     0.372312
   -0.638015     0.199847     0.314494
   -0.619479     0.170015     0.349542
   -0.591980     0.135596     0.387044
   -0.619842     0.167256     0.349542
   -0.611866     0.156379     0.360557
   -0.592676     0.135596     0.386229
   -0.588224     0.101778     0.386229
   -0.574083     0.086695     0.400461
   -0.555298     0.062572     0.417069
   -0.546709     0.018547     0.406125
   -0.489192    -0.120313     0.406125
   -0.465042    -0.238281     0.371214
   -0.456193    -0.248590     0.374706
   -0.436715    -0.305984     0.350291
   -0.397350    -0.357285     0.350291
   -0.389751    -0.378533     0.339880
   -0.392965    -0.396765     0.319304
   -0.387534    -0.407335     0.312940
   -0.331393    -0.450413     0.312940
   -0.321240    -0.469493     0.299439
   -0.265703    -0.461094     0.335067
   -0.318799    -0.487288     0.280398
   -0.313912    -0.493874     0.275222
   -0.267358    -0.513158     0.275222
   -0.266127    -0.512393     0.276668
   -0.263396    -0.488658     0.304879
   -0.210872    -0.470010     0.334810
   -0.229968    -0.517154     0.276668
   -0.218568    -0.508795     0.288211
   -0.210872    -0.501688     0.297719
   -0.032289    -0.478178     0.297719
    0.075378    -0.471096     0.286652
    0.122037    -0.434764     0.318774
    0.242093    -0.411342     0.288929
    0.364960    -0.360448     0.288929
    0.391006    -0.355117     0.281222
    0.400286    -0.247798     0.380822
    0.413497    -0.364665     0.254574
    0.491620    -0.304719     0.254574
    0.491744    -0.304479     0.254719
    0.481752    -0.247798     0.318683
    0.495618    -0.209028     0.337679
    0.542215    -0.148302     0.337679
    0.562444    -0.088697     0.363035
    0.585803    -0.061485     0.353817
    0.590348    -0.039285     0.360387
    0.643048     0.087943     0.360387
    0.644961     0.097754     0.362826
    0.659894     0.116931     0.349624
    0.676055     0.134167     0.333359
    0.726213     0.189078     0.264174
    0.730878     0.196225     0.255247
    0.728322     0.218901     0.255247
    0.718320     0.218209     0.271696
    0.709556     0.189078     0.291355
    0.710267     0.219236     0.284050
    0.729008     0.220512     0.253241
    0.720379     0.245173     0.253241
    0.720243     0.245233     0.253425
    0.713078     0.242599     0.266410
    0.699747     0.244937     0.283872
    0.702015     0.274242     0.253425
    0.699028     0.272016     0.259883
    0.702211     0.276444     0.250457
    0.701194     0.278342     0.249364
    0.670485     0.309052     0.249364
    0.667127     0.314966     0.245373
    0.667061     0.315433     0.244747
    0.656083     0.330147     0.233240
    0.611836     0.357949     0.233240
    0.598136     0.375413     0.216587
    0.580786     0.388115     0.208797
    0.553328     0.414995     0.181063
    0.270117     0.536140     0.111799
    0.268694     0.536752     0.111136
    0.145041     0.579764     0.069426
    0.077973     0.584682     0.075530
   -0.048413     0.598922     0.075530
   -0.115949     0.603576     0.080353
   -0.120528     0.606043     0.075484
   -0.150444     0.603982     0.073348
   -0.211921     0.597055     0.073348
   -0.235886     0.595298     0.071167
   -0.240388     0.597216     0.065558
   -0.260056     0.593087     0.061137
   -0.391746     0.547007     0.061137
   -0.416187     0.541536     0.054564
   -0.485992     0.490434     0.085907
   -0.487643     0.488328     0.087914
   -0.641229     0.391824     0.087914
   -0.650487     0.379416     0.097617
   -0.655665     0.342500     0.147173
   -0.652655     0.338462     0.155902
   -0.661427     0.272355     0.226912
   -0.675679     0.322486     0.147173
   -0.676027     0.321836     0.147547
   -0.672283     0.279637     0.204449
   -0.662349     0.272233     0.225922
   -0.663191     0.240498     0.254037
   -0.656530     0.232827     0.269044
   -0.676368     0.273136     0.204449
   -0.668021     0.242274     0.245284
   -0.653448     0.207214     0.288382
   -0.644800     0.202487     0.303364
   -0.669773     0.237266     0.245284
   -0.657078     0.207465     0.282413
   -0.635042     0.170052     0.325251
   -0.658035     0.198970     0.282413
   -0.652250     0.188235     0.293828
   -0.640383     0.170052     0.316535
   -0.626813     0.106698     0.327031
   -0.633195     0.106257     0.316535
   -0.633320     0.105965     0.316171
   -0.619420     0.039750     0.301286
   -0.563414    -0.120306     0.301286
   -0.550232    -0.179200     0.285449
   -0.513158    -0.229842     0.308187
   -0.502953    -0.258037     0.297129
   -0.435120    -0.365992     0.297129
   -0.424890    -0.392529     0.285011
   -0.425981    -0.404820     0.268438
   -0.415255    -0.424853     0.256911
   -0.380613    -0.459495     0.256911
   -0.365538    -0.486046     0.238991
   -0.364111    -0.496220     0.225333
   -0.352689    -0.511529     0.213361
   -0.307416    -0.539976     0.213361
   -0.306339    -0.537047     0.218670
   -0.275193    -0.533300     0.242186
   -0.300209    -0.556231     0.191310
   -0.299820    -0.556612     0.190916
   -0.273879    -0.565690     0.190916
   -0.272888    -0.551374     0.214459
   -0.234117    -0.539710     0.240622
   -0.265026    -0.575628     0.176326
   -0.234117    -0.579110     0.176326
   -0.219500    -0.588651     0.158070
   -0.199717    -0.587287     0.156658
   -0.023622    -0.567446     0.156658
    0.013143    -0.564750     0.153312
    0.067754    -0.530887     0.194929
    0.191151    -0.504984     0.167190
    0.403330    -0.430739     0.167190
    0.424599    -0.425979     0.161470
    0.430716    -0.391105     0.207151
    0.453185    -0.433710     0.123647
    0.486892    -0.412530     0.123647
    0.488537    -0.400797     0.139398
    0.480332    -0.389787     0.163196
    0.519472    -0.369862     0.139398
    0.513415    -0.301603     0.231440
    0.539972    -0.232714     0.262898
    0.597871    -0.140569     0.262898
    0.629253    -0.053864     0.296902
    0.651903    -0.022925     0.283010
    0.654819    -0.009900     0.286513
    0.706592     0.138061     0.286513
    0.709753     0.141407     0.282268
    0.717026     0.147886     0.271591
    0.722436     0.155556     0.264174
    0.757300     0.196169     0.192355
    0.755658     0.212845     0.192355
    0.750145     0.220766     0.203781
    0.745122     0.220682     0.215929
    0.739615     0.196225     0.235039
    0.739890     0.196169     0.234387
    0.734928     0.222705     0.238977
    0.744242     0.240228     0.203781
    0.739546     0.244306     0.212101
    0.736176     0.243378     0.220888
    0.723701     0.247100     0.244717
    0.725636     0.270330     0.212101
    0.723944     0.272110     0.213784
    0.723927     0.272119     0.213813
    0.721694     0.270825     0.220459
    0.695280     0.307026     0.213813
    0.693487     0.309984     0.211993
    0.693398     0.310303     0.211495
    0.683837     0.322599     0.202522
    0.650329     0.350098     0.202522
    0.638811     0.363777     0.190408
    0.626880     0.372982     0.187196
    0.607560     0.391349     0.168924
    0.551432     0.421350     0.168924
    0.536075     0.434705     0.151900
    0.480917     0.467408     0.123314
    0.468808     0.475867     0.111799
    0.126099     0.588403     0.054381
    0.081719     0.602295     0.033816
    0.059511     0.608200     0.025947
    0.010056     0.612087     0.029845
   -0.071632     0.620132     0.029845
   -0.120528     0.623668     0.032935
   -0.121315     0.623939     0.032095
   -0.158940     0.621218     0.029717
   -0.206284     0.616555     0.029717
   -0.237029     0.614138     0.027294
   -0.258113     0.618744     0.000825
   -0.300769     0.609315    -0.007622
   -0.338638     0.597828    -0.007622
   -0.404056     0.582199    -0.023113
   -0.404542     0.582234    -0.023781
   -0.447541     0.565842    -0.038763
   -0.578355     0.495922    -0.038763
   -0.593713     0.481321    -0.024237
   -0.595791     0.479718    -0.023678
   -0.626346     0.443429     0.008457
   -0.641902     0.430663     0.008457
   -0.654240     0.414798     0.020036
   -0.664769     0.376750     0.079351
   -0.664538     0.376519     0.080201
   -0.675624     0.363523     0.079351
   -0.677987     0.359319     0.081545
   -0.681199     0.322507     0.136004
   -0.678708     0.321063     0.143419
   -0.682366     0.277827     0.187627
   -0.680287     0.275409     0.194393
   -0.687871     0.310025     0.136004
   -0.685632     0.278726     0.179113
   -0.678179     0.240467     0.224967
   -0.677708     0.240206     0.226166
   -0.689078     0.267365     0.179113
   -0.683220     0.240551     0.212776
   -0.668922     0.201183     0.256656
   -0.685689     0.215485     0.212776
   -0.682174     0.205261     0.223695
   -0.680518     0.201183     0.228660
   -0.671837     0.113036     0.228660
   -0.669171     0.113080     0.235106
   -0.678899     0.080704     0.188071
   -0.670971     0.044839     0.180969
   -0.627715    -0.097757     0.180969
   -0.626659    -0.102176     0.179923
   -0.589032    -0.165639     0.212814
   -0.586699    -0.168322     0.215787
   -0.496223    -0.337591     0.215787
   -0.481762    -0.372785     0.201395
   -0.465938    -0.393297     0.206917
   -0.455446    -0.411963     0.197179
   -0.405318    -0.473044     0.197179
   -0.395151    -0.489820     0.186861
   -0.393276    -0.496592     0.176303
   -0.380861    -0.512558     0.164651
   -0.343565    -0.543166     0.164651
   -0.335045    -0.553284     0.155690
   -0.331030    -0.560980     0.143079
   -0.325565    -0.566175     0.137911
   -0.293193    -0.583478     0.137911
   -0.292528    -0.581058     0.144219
   -0.266455    -0.579485     0.167032
   -0.285730    -0.592071     0.122683
   -0.282947    -0.594015     0.120037
   -0.262417    -0.600243     0.120037
   -0.262411    -0.599862     0.120959
   -0.219830    -0.590274     0.154230
   -0.248091    -0.610213     0.099372
   -0.241202    -0.613618     0.092790
   -0.219830    -0.615723     0.092790
   -0.199785    -0.623859     0.068382
   -0.185007    -0.628941     0.052599
   -0.141059    -0.625763     0.049822
   -0.062985    -0.618073     0.049822
    0.003598    -0.612840     0.044574
    0.044484    -0.621771    -0.006754
    0.160649    -0.596093    -0.029756
    0.414228    -0.519171    -0.029756
    0.415190    -0.518498    -0.028842
    0.436091    -0.506106    -0.018010
    0.452678    -0.491681     0.000378
    0.464270    -0.452823     0.074608
    0.493817    -0.469692     0.000378
    0.498658    -0.460413     0.015584
    0.492854    -0.450404     0.045381
    0.499461    -0.427497     0.080651
    0.530229    -0.434504     0.015584
    0.530968    -0.431836     0.019744
    0.521984    -0.422853     0.052734
    0.530927    -0.379483     0.106489
    0.567019    -0.387906     0.019744
    0.568705    -0.368588     0.048324
    0.581142    -0.338319     0.060701
    0.701950    -0.112302     0.060701
    0.725468    -0.050610     0.082195
    0.721991    -0.002017     0.149125
    0.725247     0.011612     0.152352
    0.764435     0.140801     0.152352
    0.760153     0.160405     0.176964
    0.747897     0.160610     0.206602
    0.762431     0.183530     0.176964
    0.768052     0.182263     0.154202
    0.775216     0.182263     0.124365
    0.774603     0.189268     0.124365
    0.773253     0.193672     0.128381
    0.767047     0.209549     0.148446
    0.766654     0.209578     0.150073
    0.763369     0.183530     0.173247
    0.756460     0.213163     0.189055
    0.763546     0.222613     0.148446
    0.762346     0.225134     0.150662
    0.756375     0.234529     0.165242
    0.755809     0.234436     0.167738
    0.744537     0.240394     0.202509
    0.740603     0.262328     0.176743
    0.746632     0.255424     0.165242
    0.743833     0.259579     0.168769
    0.741057     0.262524     0.174508
    0.715998     0.298312     0.174508
    0.715292     0.299081     0.175141
    0.713281     0.301410     0.175428
    0.706839     0.309423     0.170272
    0.675885     0.340377     0.170272
    0.667490     0.349846     0.162879
    0.658774     0.357374     0.161805
    0.644016     0.370925     0.149656
    0.603199     0.399505     0.149656
    0.588933     0.411143     0.136384
    0.558174     0.430741     0.125941
    0.538680     0.443874     0.109389
    0.468396     0.476649     0.109389
    0.463923     0.479221     0.104921
    0.392682     0.511484     0.065787
    0.314700     0.535344     0.065035
    0.243827     0.556858     0.054381
    0.011017     0.622623    -0.012270
   -0.027154     0.625741    -0.009723
   -0.088000     0.631064    -0.009723
   -0.121315     0.633543    -0.007910
   -0.127051     0.634459    -0.013817
   -0.173446     0.631007    -0.016343
   -0.210714     0.627746    -0.016343
   -0.256255     0.624027    -0.019380
   -0.279677     0.624454    -0.047676
   -0.323969     0.614368    -0.055200
   -0.348249     0.607862    -0.055200
   -0.397452     0.595647    -0.065158
   -0.413068     0.593513    -0.086232
   -0.452889     0.577858    -0.098161
   -0.498106     0.556773    -0.098161
   -0.533983     0.541424    -0.110821
   -0.549387     0.531609    -0.105592
   -0.566921     0.517305    -0.089279
   -0.594599     0.497925    -0.089279
   -0.607182     0.486372    -0.078922
   -0.617059     0.472895    -0.054150
   -0.629073     0.459345    -0.043571
   -0.635497     0.452921    -0.043571
   -0.643172     0.443374    -0.037429
   -0.658148     0.413049     0.012947
   -0.661366     0.407970     0.015670
   -0.667057     0.399842     0.015670
   -0.670065     0.394660     0.018016
   -0.681168     0.357963     0.073119
   -0.680811     0.357809     0.074873
   -0.689244     0.310794     0.130100
   -0.688848     0.341492     0.073119
   -0.693191     0.309717     0.116000
   -0.691735     0.309478     0.122416
   -0.692976     0.268912     0.163066
   -0.699576     0.285888     0.116000
   -0.699241     0.267472     0.138248
   -0.696494     0.267675     0.149613
   -0.690062     0.216667     0.194991
   -0.703685     0.216667     0.138248
   -0.704429     0.212706     0.133706
   -0.704789     0.210453     0.131385
   -0.703392     0.191677     0.130363
   -0.695402     0.100351     0.130363
   -0.694239     0.086098     0.129412
   -0.694586     0.067039     0.106386
   -0.687072     0.034043     0.100781
   -0.668522    -0.035184     0.100781
   -0.660324    -0.068207     0.094098
   -0.650694    -0.089471     0.105779
   -0.649896    -0.091501     0.105171
   -0.572595    -0.257274     0.105171
   -0.564724    -0.275671     0.098679
   -0.513743    -0.355686     0.125845
   -0.510388    -0.361466     0.123228
   -0.438889    -0.463578     0.123228
   -0.429471    -0.478441     0.115258
   -0.426711    -0.481637     0.115652
   -0.417007    -0.493708     0.107886
   -0.366863    -0.543851     0.107886
   -0.359883    -0.551725     0.101739
   -0.358468    -0.553655     0.098190
   -0.351566    -0.559992     0.092509
   -0.315289    -0.585394     0.092509
   -0.313129    -0.587157     0.090498
   -0.308256    -0.591747     0.081005
   -0.303801    -0.594749     0.077222
   -0.275611    -0.607894     0.077222
   -0.272899    -0.609454     0.074513
   -0.265048    -0.614443     0.062329
   -0.256579    -0.618475     0.054889
   -0.237717    -0.623529     0.054889
   -0.227497    -0.627353     0.043729
   -0.220469    -0.630101     0.034846
   -0.205918    -0.634560     0.021574
   -0.185007    -0.636389     0.021574
   -0.158802    -0.641311    -0.008475
   -0.115851    -0.648173    -0.052708
   -0.052333    -0.643446    -0.056166
   -0.021923    -0.640786    -0.056166
    0.039563    -0.635765    -0.060268
    0.072676    -0.636368    -0.100271
    0.162740    -0.615859    -0.115570
    0.246285    -0.593473    -0.115570
    0.322652    -0.574514    -0.131025
    0.390535    -0.543772    -0.093736
    0.405894    -0.534937    -0.078392
    0.463747    -0.507959    -0.078392
    0.477531    -0.498673    -0.066689
    0.478682    -0.497940    -0.066299
    0.480725    -0.496273    -0.064397
    0.494473    -0.470561    -0.003656
    0.527191    -0.463737    -0.064397
    0.524913    -0.460796    -0.047269
    0.534682    -0.438957    -0.007653
    0.530850    -0.461931    -0.070476
    0.531356    -0.461523    -0.070802
    0.563318    -0.429561    -0.070802
    0.560525    -0.427398    -0.054531
    0.571988    -0.391662    -0.003331
    0.576220    -0.420105    -0.094517
    0.585586    -0.409904    -0.102913
    0.614141    -0.369124    -0.102913
    0.632155    -0.347041    -0.123457
    0.653260    -0.313917    -0.134703
    0.674830    -0.263500    -0.116911
    0.720189    -0.166228    -0.116911
    0.749392    -0.091944    -0.094659
    0.757344    -0.033761    -0.016139
    0.762095    -0.014622    -0.012266
    0.766822     0.139854     0.142531
    0.773177     0.026735    -0.012266
    0.781784     0.064531    -0.005846
    0.780363     0.142603     0.088474
    0.773121     0.142069     0.118444
    0.781017     0.150080     0.088474
    0.779631     0.158751     0.097403
    0.782616     0.149059     0.069165
    0.784155     0.149059     0.049610
    0.783891     0.152415     0.049610
    0.779631     0.178624     0.077530
    0.778479     0.185374     0.083957
    0.776515     0.193554     0.083957
    0.770295     0.212482     0.106982
    0.769244     0.215459     0.109580
    0.762258     0.232325     0.109580
    0.756393     0.243768     0.125572
    0.755310     0.245721     0.127155
    0.737303     0.275105     0.127155
    0.732490     0.282569     0.130485
    0.731833     0.283507     0.130485
    0.730232     0.285522     0.132019
    0.694733     0.327086     0.132019
    0.693752     0.328170     0.131310
    0.682067     0.339855     0.131310
    0.671487     0.349431     0.124393
    0.636412     0.379387     0.124393
    0.619604     0.392746     0.111597
    0.603817     0.403800     0.111597
    0.571273     0.424784     0.097080
    0.535544     0.446679     0.097080
    0.504220     0.464053     0.071697
    0.488598     0.471338     0.071697
    0.450731     0.487797     0.060702
    0.396803     0.510135     0.060702
    0.104497     0.598713     0.007902
    0.062224     0.611120    -0.023132
    0.060318     0.611601    -0.023444
    0.009940     0.623695    -0.023444
   -0.019692     0.628756    -0.051656
   -0.046068     0.631064    -0.051656
   -0.059510     0.632178    -0.052367
   -0.127051     0.637493    -0.052367
   -0.137229     0.637493    -0.062545
   -0.219648     0.631007    -0.062545
   -0.244009     0.628988    -0.063833
   -0.278120     0.626004    -0.063833
   -0.320604     0.618748    -0.104281
   -0.367112     0.607582    -0.104281
   -0.408498     0.597153    -0.111064
   -0.410704     0.596428    -0.113747
   -0.446472     0.583808    -0.144954
   -0.487642     0.566755    -0.144954
   -0.507766     0.558008    -0.150798
   -0.521524     0.551593    -0.150798
   -0.524390     0.550003    -0.148475
   -0.562909     0.526399    -0.148475
   -0.565212     0.524914    -0.147448
   -0.569942     0.521468    -0.139821
   -0.582194     0.511730    -0.130493
   -0.595394     0.500457    -0.130493
   -0.598244     0.497877    -0.128630
   -0.615344     0.480778    -0.096599
   -0.619714     0.475948    -0.093442
   -0.623621     0.471373    -0.093442
   -0.628119     0.465714    -0.089133
   -0.646708     0.440196    -0.047986
   -0.648582     0.437290    -0.046689
   -0.651540     0.432464    -0.046689
   -0.658375     0.420140    -0.036703
   -0.673218     0.391181     0.003771
   -0.673180     0.391177     0.004344
   -0.689014     0.341613     0.071080
   -0.678191     0.379176     0.003771
   -0.685289     0.359058     0.021324
   -0.692344     0.337591     0.047438
   -0.692196     0.337618     0.049373
   -0.700262     0.286337     0.107712
   -0.702045     0.297181     0.047438
   -0.704299     0.283984     0.060002
   -0.704610     0.282069     0.062043
   -0.704429     0.282150     0.064261
   -0.710247     0.210453     0.062043
   -0.710247     0.188271     0.039862
   -0.703392     0.101175     0.039862
   -0.703039     0.096915     0.039636
   -0.700988     0.073471     0.039636
   -0.699920     0.067219     0.033684
   -0.677796    -0.024936     0.033684
   -0.673553    -0.041773     0.030924
   -0.669585    -0.056580     0.030924
   -0.662255    -0.077356     0.012798
   -0.627979    -0.160104     0.012798
   -0.620589    -0.177108     0.007861
   -0.589889    -0.242943     0.007861
   -0.583186    -0.255029     0.017654
   -0.503983    -0.384276     0.017654
   -0.483341    -0.416289     0.031935
   -0.461753    -0.447120     0.031935
   -0.455319    -0.455215     0.038098
   -0.397137    -0.523337     0.038098
   -0.395334    -0.525330     0.039401
   -0.385614    -0.535050     0.039401
   -0.383106    -0.537320     0.037761
   -0.335087    -0.578332     0.037761
   -0.334495    -0.578802     0.037311
   -0.333659    -0.579412     0.035962
   -0.327466    -0.583404     0.033200
   -0.292586    -0.604779     0.033200
   -0.288900    -0.606824     0.030213
   -0.281833    -0.610446     0.020336
   -0.276523    -0.612754     0.018794
   -0.249935    -0.623766     0.018794
   -0.241244    -0.626833     0.011211
   -0.228442    -0.631040    -0.004363
   -0.222791    -0.632464    -0.005289
   -0.203329    -0.637137    -0.005289
   -0.178887    -0.641311    -0.028559
   -0.155179    -0.645164    -0.053815
   -0.139247    -0.646485    -0.054657
   -0.115851    -0.648326    -0.054657
   -0.053418    -0.648326    -0.117090
   -0.048649    -0.648146    -0.119576
    0.011077    -0.643446    -0.119576
    0.055000    -0.639806    -0.121899
    0.070592    -0.638442    -0.121899
    0.107737    -0.632098    -0.157264
    0.199390    -0.610094    -0.157264
    0.214590    -0.606264    -0.159755
    0.299817    -0.583428    -0.159755
    0.320721    -0.576052    -0.141516
    0.388083    -0.548150    -0.141516
    0.419291    -0.534585    -0.132455
    0.443574    -0.523262    -0.132455
    0.451639    -0.518788    -0.125920
    0.508209    -0.484122    -0.125920
    0.513159    -0.480930    -0.123711
    0.514825    -0.479764    -0.123711
    0.524704    -0.471912    -0.131232
    0.559260    -0.442399    -0.131232
    0.563685    -0.438394    -0.134126
    0.569888    -0.432191    -0.145745
    0.581999    -0.418809    -0.154494
    0.602865    -0.394378    -0.154494
    0.618518    -0.374683    -0.169488
    0.619799    -0.372924    -0.172324
    0.633180    -0.352172    -0.181581
    0.663941    -0.301975    -0.181581
    0.671600    -0.288168    -0.192769
    0.689182    -0.250461    -0.192769
    0.704640    -0.214897    -0.182443
    0.725922    -0.163519    -0.182443
    0.745728    -0.107382    -0.133465
    0.751791    -0.088933    -0.111021
    0.760288    -0.055215    -0.105496
    0.766953    -0.027456    -0.105496
    0.776291     0.027223    -0.053437
    0.782467     0.065217    -0.012962
    0.782616     0.067028    -0.012867
    0.784155     0.086583    -0.012867
    0.783399     0.086583    -0.022476
    0.783039     0.091430    -0.022212
    0.783039     0.152798     0.039156
    0.781362     0.110588    -0.022212
    0.781137     0.113350    -0.022028
    0.781867     0.153438     0.026402
    0.782191     0.153650     0.030318
    0.775897     0.193667     0.075843
    0.777211     0.170815     0.026402
    0.773712     0.196410     0.060942
    0.773074     0.198033     0.061429
    0.762123     0.232311     0.107583
    0.760358     0.225304     0.061429
    0.757969     0.230887     0.063399
    0.755194     0.240059     0.077171
    0.751186     0.246967     0.080298
    0.724823     0.284616     0.080298
    0.717186     0.296669     0.086761
    0.711464     0.303295     0.085944
    0.706971     0.308883     0.089540
    0.655394     0.360460     0.089540
    0.653416     0.362050     0.088268
    0.625594     0.386079     0.091697
    0.591951     0.407396     0.073658
    0.557208     0.431723     0.073658
    0.511408     0.458302     0.052926
    0.508775     0.459980     0.053820
    0.431313     0.493120     0.026485
    0.425319     0.495915     0.026485
    0.372135     0.516824     0.010554
    0.127331     0.590655    -0.054182
    0.077031     0.603142    -0.064361
    0.024352     0.617258    -0.064361
   -0.017778     0.626851    -0.071517
   -0.036380     0.626513    -0.093991
   -0.077686     0.629885    -0.096746
   -0.103889     0.632178    -0.096746
   -0.137229     0.634658    -0.098561
   -0.159917     0.631034    -0.121926
   -0.187414     0.628988    -0.120429
   -0.311896     0.618097    -0.120429
   -0.322095     0.617264    -0.119749
   -0.371326     0.602621    -0.158546
   -0.382155     0.598569    -0.170372
   -0.451151     0.580082    -0.170372
   -0.461225     0.575286    -0.179222
   -0.479287     0.567107    -0.189144
   -0.484080     0.564350    -0.193931
   -0.531725     0.542133    -0.193931
   -0.532295     0.541960    -0.193075
   -0.537556     0.538907    -0.190694
   -0.563443     0.520780    -0.190694
   -0.573300     0.515912    -0.174319
   -0.575943     0.513788    -0.172619
   -0.588132     0.501599    -0.172619
   -0.603326     0.490462    -0.144690
   -0.607797     0.485593    -0.140682
   -0.615532     0.474546    -0.140682
   -0.616579     0.473262    -0.139488
   -0.632986     0.455849    -0.105560
   -0.640197     0.445147    -0.096473
   -0.645273     0.434260    -0.096473
   -0.657418     0.413148    -0.075383
   -0.663835     0.403051    -0.059713
   -0.670757     0.388510    -0.046939
   -0.688446     0.322492    -0.046939
   -0.692921     0.310534    -0.033879
   -0.694339     0.305766    -0.030122
   -0.694712     0.304548    -0.029011
   -0.704299     0.194971    -0.029011
   -0.704746     0.188963    -0.029339
   -0.704857     0.188271    -0.028626
   -0.703039     0.163848    -0.027296
   -0.695084     0.072915    -0.027296
   -0.694145     0.061416    -0.026529
   -0.685163     0.031219    -0.050327
   -0.684742     0.029371    -0.050013
   -0.655949    -0.078086    -0.050013
   -0.653357    -0.088528    -0.047900
   -0.639655    -0.118784    -0.064520
   -0.637345    -0.124659    -0.062760
   -0.583205    -0.240763    -0.062760
   -0.575287    -0.259271    -0.056229
   -0.542433    -0.310833    -0.073735
   -0.527640    -0.336325    -0.062196
   -0.465973    -0.424395    -0.062196
   -0.438117    -0.468359    -0.038624
   -0.432349    -0.475037    -0.039447
   -0.418058    -0.492813    -0.028010
   -0.368601    -0.542269    -0.028010
   -0.357323    -0.554991    -0.018078
   -0.349640    -0.561626    -0.017131
   -0.349210    -0.561899    -0.017361
   -0.297103    -0.598384    -0.017361
   -0.292023    -0.601333    -0.019661
   -0.290777    -0.601709    -0.021532
   -0.276268    -0.607916    -0.026652
   -0.242771    -0.623537    -0.026652
   -0.233079    -0.627347    -0.029555
   -0.219111    -0.629256    -0.048406
   -0.199071    -0.634231    -0.052461
   -0.181326    -0.638986    -0.052461
   -0.155472    -0.644873    -0.056853
   -0.112772    -0.644096    -0.108439
   -0.103784    -0.644365    -0.114351
   -0.082922    -0.646068    -0.115743
   -0.078161    -0.646485    -0.115743
   -0.004003    -0.641014    -0.165554
    0.004036    -0.640048    -0.169799
    0.007276    -0.639806    -0.169623
    0.101803    -0.631536    -0.169623
    0.108883    -0.630958    -0.169151
    0.146762    -0.619691    -0.199002
    0.185942    -0.610770    -0.192347
    0.246767    -0.594472    -0.192347
    0.303695    -0.580339    -0.180826
    0.321144    -0.572436    -0.190411
    0.360533    -0.556951    -0.178612
    0.419150    -0.529618    -0.178612
    0.452349    -0.515414    -0.166897
    0.478309    -0.498874    -0.175710
    0.480715    -0.496911    -0.177948
    0.538766    -0.456263    -0.177948
    0.548579    -0.447252    -0.186027
    0.551143    -0.445039    -0.186342
    0.567048    -0.427099    -0.200349
    0.596511    -0.397635    -0.200349
    0.607472    -0.384001    -0.209122
    0.609262    -0.380377    -0.215141
    0.619632    -0.364010    -0.223917
    0.645723    -0.326749    -0.223917
    0.655318    -0.310215    -0.231401
    0.663831    -0.296854    -0.226865
    0.665756    -0.292356    -0.228452
    0.696731    -0.225929    -0.228452
    0.697381    -0.224799    -0.227323
    0.714995    -0.185904    -0.205957
    0.725248    -0.164364    -0.187035
    0.736690    -0.121664    -0.187035
    0.741570    -0.106411    -0.178880
    0.749006    -0.086539    -0.157177
    0.756232    -0.062247    -0.138034
    0.766868    -0.027541    -0.106378
    0.769226    -0.000588    -0.106378
    0.771807     0.018213    -0.095676
    0.776291     0.042086    -0.068300
    0.771044     0.028760    -0.095010
    0.769423     0.045218    -0.095010
    0.768766     0.053587    -0.094350
    0.769787     0.067599    -0.084837
    0.779877     0.113793    -0.026846
    0.777960     0.122466    -0.025129
    0.776484     0.170696     0.023201
    0.769934     0.148922    -0.025129
    0.769542     0.150565    -0.024740
    0.771183     0.173498     0.006847
    0.768288     0.181092     0.009493
    0.746336     0.222161     0.009493
    0.743744     0.228469     0.012072
    0.742827     0.238984     0.027627
    0.734987     0.252932     0.034903
    0.701297     0.293983     0.034903
    0.689773     0.312997     0.046599
    0.665768     0.337002     0.046599
    0.663066     0.340477     0.049135
    0.574835     0.412886     0.049135
    0.542600     0.431005     0.032319
    0.514351     0.452798     0.039923
    0.421782     0.490834     0.002070
    0.410529     0.496848     0.002070
    0.310899     0.534828    -0.032642
    0.228050     0.559801    -0.055285
    0.095218     0.591534    -0.086739
    0.054699     0.603825    -0.086739
   -0.035406     0.623743    -0.104581
   -0.056024     0.619240    -0.130465
   -0.098960     0.622614    -0.133849
   -0.119392     0.624626    -0.133849
   -0.159917     0.627557    -0.136410
   -0.207852     0.611072    -0.187605
   -0.225645     0.607221    -0.197161
   -0.225769     0.607191    -0.197234
   -0.377821     0.592215    -0.197234
   -0.384576     0.591684    -0.196701
   -0.417604     0.576621    -0.222934
   -0.422808     0.573356    -0.229129
   -0.490111     0.552940    -0.229129
   -0.496293     0.548621    -0.235008
   -0.498046     0.547582    -0.235917
   -0.531487     0.541583    -0.196633
   -0.499673     0.546167    -0.237720
   -0.533912     0.527865    -0.237720
   -0.538359     0.527477    -0.231142
   -0.538752     0.527997    -0.228730
   -0.563006     0.520216    -0.193978
   -0.556435     0.512643    -0.231142
   -0.566505     0.509856    -0.215444
   -0.567289     0.510641    -0.211348
   -0.587902     0.501421    -0.173957
   -0.579378     0.494169    -0.215444
   -0.592410     0.487370    -0.194089
   -0.593299     0.486433    -0.193204
   -0.607886     0.459144    -0.193204
   -0.621183     0.447594    -0.169640
   -0.621849     0.446642    -0.168734
   -0.645826     0.367598    -0.168734
   -0.659477     0.345839    -0.142832
   -0.661378     0.341672    -0.139522
   -0.667157     0.329979    -0.128350
   -0.679219     0.207509    -0.128350
   -0.681302     0.202377    -0.122101
   -0.685915     0.188963    -0.107774
   -0.683924     0.161420    -0.106034
   -0.672679     0.047249    -0.106034
   -0.671028     0.026248    -0.104379
   -0.658286    -0.001689    -0.126568
   -0.657947    -0.002231    -0.127213
   -0.623315    -0.116397    -0.127213
   -0.620300    -0.129014    -0.124225
   -0.600028    -0.163205    -0.141945
   -0.594528    -0.177634    -0.136918
   -0.529954    -0.298445    -0.136918
   -0.519916    -0.322873    -0.126929
   -0.497482    -0.351952    -0.134757
   -0.478214    -0.386233    -0.116874
   -0.429344    -0.445781    -0.116874
   -0.403901    -0.487762    -0.091052
   -0.395687    -0.495976    -0.091052
   -0.380672    -0.515285    -0.076960
   -0.319957    -0.565112    -0.076960
   -0.312838    -0.573566    -0.069473
   -0.300901    -0.582776    -0.066260
   -0.290496    -0.587051    -0.070515
   -0.238929    -0.614614    -0.070515
   -0.223802    -0.620380    -0.075785
   -0.211205    -0.619479    -0.093135
   -0.178297    -0.627341    -0.100928
   -0.150705    -0.635711    -0.100928
   -0.065709    -0.636048    -0.162151
   -0.042321    -0.637886    -0.163994
   -0.028684    -0.639229    -0.163994
    0.042527    -0.626811    -0.210909
    0.046550    -0.625940    -0.213069
    0.053458    -0.625440    -0.212633
    0.137529    -0.617160    -0.212633
    0.147940    -0.616342    -0.211812
    0.173613    -0.604633    -0.232203
    0.215214    -0.595437    -0.223965
    0.275120    -0.577265    -0.223965
    0.324875    -0.565378    -0.212183
    0.356617    -0.546559    -0.228634
    0.384979    -0.535747    -0.218752
    0.488420    -0.480456    -0.218752
    0.489820    -0.479881    -0.218179
    0.520394    -0.456293    -0.226410
    0.533040    -0.441275    -0.239710
    0.576754    -0.405400    -0.239710
    0.589187    -0.389412    -0.251378
    0.589285    -0.389313    -0.251378
    0.598185    -0.374630    -0.260410
    0.627803    -0.338539    -0.260410
    0.633835    -0.327807    -0.266009
    0.641458    -0.317926    -0.263349
    0.642039    -0.317315    -0.262771
    0.670030    -0.264947    -0.262771
    0.670838    -0.264018    -0.261741
    0.685679    -0.238987    -0.248768
    0.693672    -0.227546    -0.237888
    0.706957    -0.183752    -0.237888
    0.712202    -0.172241    -0.231445
    0.715578    -0.166861    -0.225040
    0.730232    -0.134730    -0.199521
    0.744217    -0.079545    -0.178880
    0.750859    -0.052587    -0.163083
    0.754029    -0.044778    -0.153574
    0.750049    -0.040830    -0.162244
    0.747335    -0.016737    -0.162244
    0.746121    -0.000191    -0.160738
    0.746311     0.000878    -0.160020
    0.766091     0.085207    -0.080879
    0.752195     0.124920    -0.080879
    0.749404     0.137386    -0.077527
    0.754206     0.155140    -0.054036
    0.751335     0.163072    -0.050925
    0.716866     0.217929    -0.050925
    0.718448     0.235765    -0.026875
    0.710079     0.251397    -0.017880
    0.655233     0.306243    -0.017880
    0.634057     0.343541     0.007294
    0.544663     0.423852     0.021305
    0.467682     0.453528    -0.013847
    0.406215     0.492150    -0.013847
    0.284970     0.536034    -0.061397
    0.279234     0.540233    -0.058822
    0.277927     0.544615    -0.050451
    0.117739     0.576381    -0.102252
    0.077488     0.590465    -0.102252
   -0.055869     0.618459    -0.132231
   -0.080537     0.607950    -0.162963
   -0.107780     0.603111    -0.181257
   -0.142920     0.605687    -0.184454
   -0.163726     0.608032    -0.184454
   -0.284843     0.575354    -0.260049
   -0.292381     0.572978    -0.263993
   -0.293360     0.572622    -0.264560
   -0.425919     0.557686    -0.264560
   -0.433064     0.552647    -0.271470
   -0.444586     0.545502    -0.280250
   -0.449277     0.541071    -0.286201
   -0.500635     0.523100    -0.286201
   -0.503943     0.523995    -0.281824
   -0.505491     0.526663    -0.274976
   -0.531919     0.524428    -0.247954
   -0.526633     0.509738    -0.281824
   -0.531904     0.510205    -0.274717
   -0.534968     0.513855    -0.264233
   -0.553770     0.509978    -0.240929
   -0.548247     0.493861    -0.274717
   -0.551268     0.493438    -0.270662
   -0.556308     0.497671    -0.256184
   -0.575748     0.492064    -0.226252
   -0.570072     0.463511    -0.270662
   -0.577785     0.467985    -0.250872
   -0.607645     0.459078    -0.193832
   -0.569614     0.461818    -0.272903
   -0.592772     0.395634    -0.272903
   -0.603155     0.384643    -0.258962
   -0.604452     0.382550    -0.257367
   -0.609980     0.374713    -0.249788
   -0.625015     0.241270    -0.249788
   -0.635243     0.225598    -0.230216
   -0.644992     0.207509    -0.210982
   -0.643024     0.178955    -0.208943
   -0.629191     0.056184    -0.208943
   -0.624739    -0.004536    -0.203417
   -0.626422    -0.008488    -0.198494
   -0.618952    -0.044076    -0.190494
   -0.581820    -0.150192    -0.190494
   -0.577396    -0.169956    -0.185178
   -0.544400    -0.215028    -0.205416
   -0.534756    -0.241673    -0.194966
   -0.484243    -0.322064    -0.194966
   -0.469624    -0.359986    -0.177649
   -0.457723    -0.373234    -0.179726
   -0.435899    -0.413994    -0.156272
   -0.375864    -0.474029    -0.156272
   -0.359123    -0.503515    -0.136371
   -0.332825    -0.527142    -0.132249
   -0.329699    -0.531330    -0.128973
   -0.233323    -0.591887    -0.128973
   -0.217755    -0.597522    -0.135079
   -0.209941    -0.595409    -0.145419
   -0.170463    -0.604245    -0.156035
   -0.115316    -0.623542    -0.156035
   -0.066142    -0.633864    -0.167089
   -0.033924    -0.620139    -0.207230
   -0.014923    -0.621532    -0.208959
    0.015227    -0.624929    -0.208959
    0.081395    -0.607160    -0.250122
    0.090370    -0.606542    -0.249481
    0.167110    -0.597895    -0.249481
    0.175066    -0.597311    -0.248757
    0.198839    -0.582570    -0.266874
    0.235499    -0.574875    -0.258632
    0.328647    -0.542281    -0.258632
    0.359985    -0.535267    -0.250205
    0.427296    -0.485990    -0.280427
    0.428602    -0.485517    -0.279915
    0.540571    -0.415162    -0.279915
    0.545333    -0.408780    -0.284906
    0.560250    -0.395378    -0.287244
    0.565702    -0.385776    -0.293725
    0.603727    -0.347751    -0.293725
    0.608006    -0.339760    -0.298323
    0.611711    -0.335636    -0.297677
    0.614874    -0.333275    -0.295203
    0.639377    -0.294280    -0.295203
    0.643749    -0.290850    -0.291034
    0.653667    -0.277303    -0.284951
    0.664001    -0.266746    -0.274289
    0.677116    -0.229265    -0.274289
    0.681339    -0.222406    -0.270402
    0.684479    -0.219081    -0.266185
    0.702231    -0.190453    -0.244369
    0.715925    -0.139196    -0.231445
    0.724344    -0.116016    -0.218015
    0.725589    -0.114109    -0.215633
    0.723130    -0.097189    -0.216534
    0.719317    -0.068229    -0.216534
    0.717836    -0.045714    -0.214220
    0.740719     0.029538    -0.152896
    0.718661     0.142778    -0.117798
    0.713578     0.095065    -0.152896
    0.708642     0.119176    -0.145760
    0.718404     0.143536    -0.117475
    0.716437     0.217609    -0.051853
    0.675167     0.223085    -0.096184
    0.671841     0.204219    -0.117475
    0.663169     0.246433    -0.082127
    0.390608     0.455576    -0.082127
    0.314271     0.481483    -0.114601
    0.291040     0.501426    -0.106731
    0.248630     0.510108    -0.119282
    0.095184     0.573667    -0.119282
   -0.172144     0.563119    -0.256873
   -0.177137     0.563448    -0.257386
   -0.250997     0.573172    -0.257386
   -0.353323     0.528656    -0.325280
   -0.364301     0.518520    -0.338841
   -0.450037     0.507233    -0.338841
   -0.451676     0.508250    -0.336915
   -0.453021     0.511709    -0.331243
   -0.498456     0.517175    -0.296939
   -0.487810     0.493283    -0.336915
   -0.495733     0.496647    -0.327528
   -0.500715     0.504297    -0.313808
   -0.522154     0.503727    -0.294816
   -0.514814     0.482006    -0.327528
   -0.523838     0.491030    -0.308455
   -0.541333     0.488709    -0.289662
   -0.514681     0.481245    -0.328387
   -0.533701     0.456457    -0.328387
   -0.542045     0.461891    -0.313420
   -0.560845     0.458594    -0.288795
   -0.553867     0.400595    -0.332586
   -0.530195     0.448197    -0.338172
   -0.550461     0.399270    -0.338172
   -0.543145     0.387496    -0.352005
   -0.543550     0.381334    -0.352638
   -0.556997     0.279201    -0.352638
   -0.569338     0.265835    -0.336128
   -0.587350     0.241270    -0.311253
   -0.584907     0.203378    -0.308272
   -0.570284     0.092305    -0.308272
   -0.565341     0.017153    -0.300547
   -0.582188    -0.009962    -0.268692
   -0.571525    -0.064617    -0.255106
   -0.533116    -0.157345    -0.255106
   -0.520447    -0.219230    -0.236792
   -0.493464    -0.250662    -0.247440
   -0.485519    -0.274073    -0.237481
   -0.429262    -0.347388    -0.237481
   -0.418140    -0.378486    -0.222244
   -0.390041    -0.406586    -0.222244
   -0.382993    -0.420300    -0.213986
   -0.240561    -0.529593    -0.213986
   -0.228611    -0.533648    -0.219070
   -0.219384    -0.541569    -0.215945
   -0.166005    -0.552496    -0.231741
   -0.070194    -0.592182    -0.231741
   -0.036654    -0.598726    -0.240079
   -0.028079    -0.593397    -0.250154
    0.005620    -0.595614    -0.253618
    0.051256    -0.601621    -0.253618
    0.081395    -0.603565    -0.255989
    0.109541    -0.582928    -0.284489
    0.115983    -0.582513    -0.283983
    0.200261    -0.571418    -0.283983
    0.205979    -0.566057    -0.289378
    0.248842    -0.532680    -0.318888
    0.250921    -0.529868    -0.321643
    0.422077    -0.458973    -0.321643
    0.432405    -0.456859    -0.318586
    0.484462    -0.412171    -0.336221
    0.490132    -0.410247    -0.333809
    0.568395    -0.350193    -0.333809
    0.570524    -0.349432    -0.332766
    0.571816    -0.348140    -0.332766
    0.581203    -0.343316    -0.327114
    0.602677    -0.315331    -0.327114
    0.612387    -0.310164    -0.320242
    0.614890    -0.307249    -0.319255
    0.630200    -0.295889    -0.307224
    0.641362    -0.268943    -0.307224
    0.643363    -0.266457    -0.305850
    0.651627    -0.260347    -0.297753
    0.669524    -0.237362    -0.281929
    0.685674    -0.189475    -0.270402
    0.695690    -0.168714    -0.259039
    0.697479    -0.164356    -0.256922
    0.695712    -0.134712    -0.254420
    0.690993    -0.104913    -0.254420
    0.688969    -0.068795    -0.250317
    0.707637    -0.044861    -0.225390
    0.699393     0.001274    -0.213064
    0.662249     0.074172    -0.213064
    0.654996     0.113182    -0.200808
    0.667321     0.122749    -0.184110
    0.667321     0.199698    -0.125416
    0.559876     0.145511    -0.248702
    0.505690     0.199698    -0.248702
    0.372237     0.243055    -0.307396
    0.331525     0.281970    -0.299766
    0.271222     0.293182    -0.318710
   -0.062243     0.463091    -0.318710
   -0.165314     0.481510    -0.346250
   -0.191943     0.460740    -0.373984
   -0.365909     0.488294    -0.373984
   -0.364301     0.496995    -0.364043
   -0.377598     0.477613    -0.384686
   -0.449570     0.503167    -0.343673
   -0.381999     0.472262    -0.389853
   -0.438459     0.463319    -0.389853
   -0.447105     0.470062    -0.380849
   -0.451497     0.480137    -0.368895
   -0.483851     0.485030    -0.348139
   -0.472113     0.457320    -0.380849
   -0.475029     0.458751    -0.378017
   -0.485011     0.471611    -0.360594
   -0.505046     0.471611    -0.345312
   -0.494952     0.438828    -0.378017
   -0.505046     0.446664    -0.364340
   -0.523646     0.445056    -0.347078
   -0.491031     0.430840    -0.385775
   -0.512540     0.388626    -0.385775
   -0.515293     0.389827    -0.382508
   -0.500669     0.373407    -0.401625
   -0.500794     0.371181    -0.401878
   -0.512872     0.294927    -0.401878
   -0.513258     0.288438    -0.402426
   -0.521698     0.279201    -0.393968
   -0.519144     0.236340    -0.390351
   -0.501950     0.127780    -0.390351
   -0.498057     0.058296    -0.382458
   -0.532304     0.014387    -0.336728
   -0.518676    -0.061872    -0.316353
   -0.447488    -0.201587    -0.316353
   -0.437463    -0.255505    -0.299413
   -0.436137    -0.256893    -0.299673
   -0.429262    -0.278053    -0.290367
   -0.333738    -0.373577    -0.290367
   -0.322519    -0.406586    -0.273747
   -0.232127    -0.492988    -0.256806
   -0.164660    -0.505533    -0.278001
   -0.093894    -0.541590    -0.278001
   -0.038340    -0.551517    -0.292845
   -0.031021    -0.558240    -0.288657
    0.006648    -0.560350    -0.292937
    0.074618    -0.571116    -0.292937
    0.109541    -0.573196    -0.295884
    0.142157    -0.543396    -0.325748
    0.145947    -0.538787    -0.330197
    0.251575    -0.522057    -0.330197
    0.278793    -0.489575    -0.354257
    0.327657    -0.444693    -0.382214
    0.327920    -0.444190    -0.382572
    0.478647    -0.367391    -0.382572
    0.488493    -0.365560    -0.379479
    0.494305    -0.360005    -0.380568
    0.524506    -0.350193    -0.367286
    0.543921    -0.330778    -0.367286
    0.564261    -0.323865    -0.357044
    0.571816    -0.324830    -0.350545
    0.587194    -0.316670    -0.341483
    0.593663    -0.303975    -0.341483
    0.612877    -0.293938    -0.327794
    0.617369    -0.289047    -0.324996
    0.646279    -0.248046    -0.305850
    0.663254    -0.219701    -0.291993
    0.669388    -0.207300    -0.286723
    0.667124    -0.166479    -0.283134
    0.655548    -0.108283    -0.283134
    0.653700    -0.067044    -0.278082
    0.651584    -0.064974    -0.278939
    0.646089    -0.032019    -0.269815
    0.527467     0.145511    -0.269815
    0.398712     0.190779    -0.324203
    0.372237     0.217254    -0.324203
    0.095904     0.266503    -0.412404
    0.015264     0.270949    -0.441999
   -0.157889     0.299818    -0.489938
   -0.184928     0.327466    -0.478736
   -0.187066     0.330643    -0.477050
   -0.193164     0.453474    -0.380355
   -0.326566     0.358391    -0.477050
   -0.336123     0.365144    -0.473192
   -0.339976     0.369926    -0.469999
   -0.353816     0.391191    -0.455281
   -0.379353     0.418409    -0.435489
   -0.381999     0.431566    -0.424610
   -0.436686     0.452767    -0.399105
   -0.413464     0.411624    -0.435489
   -0.430185     0.426130    -0.421312
   -0.437324     0.439907    -0.409228
   -0.463356     0.443868    -0.395317
   -0.450148     0.412791    -0.421312
   -0.463356     0.425999    -0.406958
   -0.483594     0.425999    -0.393773
   -0.448010     0.407620    -0.424955
   -0.471519     0.372436    -0.424955
   -0.475780     0.374643    -0.421219
   -0.453958     0.352192    -0.442120
   -0.466719     0.288037    -0.442120
   -0.468715     0.288438    -0.440469
   -0.460465     0.282169    -0.446667
   -0.458166     0.240715    -0.443023
   -0.436929     0.133945    -0.443023
   -0.434825     0.087016    -0.437273
   -0.461322     0.056473    -0.411376
   -0.433558    -0.110049    -0.365272
   -0.420672    -0.129335    -0.365272
   -0.397938    -0.256893    -0.324558
   -0.346672    -0.308159    -0.324558
   -0.333738    -0.344947    -0.309018
   -0.106622    -0.496701    -0.309018
   -0.045157    -0.506949    -0.326035
   -0.040307    -0.511909    -0.324026
    0.030229    -0.515070    -0.332667
    0.091835    -0.527324    -0.332667
    0.145947    -0.530325    -0.337424
    0.209415    -0.462679    -0.386615
    0.225010    -0.438718    -0.403198
    0.329221    -0.417990    -0.403198
    0.344353    -0.395497    -0.415137
    0.376980    -0.362137    -0.428654
    0.409016    -0.356795    -0.419784
    0.442741    -0.334261    -0.419784
    0.471373    -0.329158    -0.410646
    0.494305    -0.338641    -0.394486
    0.516670    -0.330778    -0.385039
    0.522060    -0.322712    -0.385039
    0.527112    -0.320917    -0.382529
    0.563136    -0.316473    -0.360994
    0.580762    -0.304615    -0.351639
    0.581787    -0.299464    -0.351639
    0.613424    -0.278872    -0.329741
    0.579860    -0.299464    -0.352820
    0.523869    -0.312727    -0.385514
    0.465396    -0.312727    -0.417620
    0.388769    -0.272691    -0.453803
    0.358632    -0.250404    -0.467072
    0.317113    -0.095453    -0.467072
    0.368723    -0.061087    -0.433678
    0.280311    -0.098876    -0.482696
    0.151836    -0.072346    -0.522292
    0.088056    -0.039607    -0.534349
   -0.118428     0.166877    -0.534349
   -0.130396     0.190192    -0.529941
   -0.143177     0.252084    -0.510866
   -0.154499     0.264155    -0.508378
   -0.157475     0.269721    -0.506403
   -0.260832     0.297415    -0.506403
   -0.272883     0.298077    -0.507467
   -0.272989     0.298140    -0.507441
   -0.284477     0.309034    -0.502166
   -0.410034     0.397662    -0.444463
   -0.375732     0.354531    -0.473192
   -0.394598     0.369948    -0.461951
   -0.410095     0.393222    -0.446892
   -0.436791     0.396401    -0.435289
   -0.420642     0.343903    -0.461951
   -0.431392     0.351062    -0.454995
   -0.448405     0.350828    -0.445689
   -0.401627     0.320634    -0.475815
   -0.412488     0.280100    -0.475815
   -0.421223     0.282169    -0.470715
   -0.393992     0.264328    -0.485227
   -0.392935     0.245069    -0.483528
   -0.357610     0.113236    -0.483528
   -0.357545     0.111394    -0.483293
   -0.394977     0.086469    -0.459072
   -0.275671     0.094487    -0.508526
   -0.075501    -0.105683    -0.508526
   -0.058211    -0.189412    -0.482721
   -0.066150    -0.274758    -0.446488
   -0.047879    -0.308930    -0.434362
    0.237463    -0.385387    -0.434362
    0.225010    -0.437956    -0.403665
    0.250885    -0.369648    -0.442371
    0.275628    -0.368289    -0.440187
    0.377269    -0.341054    -0.440187
    0.380214    -0.335546    -0.442142
    0.409116    -0.330257    -0.434400
    0.424242    -0.315132    -0.434400
    0.463767    -0.318808    -0.417620
    0.470689    -0.323418    -0.413141
    0.349477    -0.247583    -0.470551
    0.254361    -0.168875    -0.501214
    0.235094    -0.161060    -0.506616
    0.167039    -0.109048    -0.522292
    0.054994    -0.026899    -0.541022
    0.051070    -0.024494    -0.541520
   -0.104772     0.131348    -0.541520
   -0.217643     0.226331    -0.529941
   -0.219812     0.229170    -0.529287
   -0.223610     0.238534    -0.526661
   -0.370283     0.340843    -0.479466
   -0.323239     0.277326    -0.507441
   -0.338402     0.283739    -0.503163
   -0.368995     0.314331    -0.488581
   -0.388129     0.315261    -0.482003
   -0.349023     0.258098    -0.503163
   -0.369248     0.264328    -0.495477
   -0.314499     0.229529    -0.514292
   -0.270160     0.205215    -0.525842
   -0.225308     0.096934    -0.525842
   -0.287811     0.218706    -0.521776
   -0.176768     0.078277    -0.535639
   -0.076353    -0.022137    -0.535639
   -0.071993    -0.033483    -0.533349
    0.082082    -0.097303    -0.533349
    0.098466    -0.111148    -0.530970
    0.110485    -0.126875    -0.527348
    0.140187    -0.152167    -0.520168
    0.250233    -0.285152    -0.477298
    0.250885    -0.287267    -0.476494
    0.380058    -0.335153    -0.442322
    0.317324    -0.257361    -0.477298
    0.341237    -0.267474    -0.470551
    0.378584    -0.304821    -0.452751
    0.401086    -0.305914    -0.445014
    0.122009    -0.087606    -0.530970
    0.023211    -0.017591    -0.544256
   -0.121092     0.126712    -0.544256
   -0.139184     0.129038    -0.545497
   -0.206919     0.203810    -0.534281
   -0.297014     0.251101    -0.516345
   -0.226367     0.184362    -0.534281
   -0.164074     0.127933    -0.543625
   -0.163634     0.124510    -0.543390
   -0.030120    -0.009004    -0.543390
    0.001863    -0.013115    -0.545584
    0.009873    -0.017591    -0.545306
    0.240677    -0.180714    -0.503321
   -0.139184     0.127933    -0.545584
     1      2      3
     1      3      4
     1      4      5
     1      5      6
     4      7      8
     4      8      9
     4      9     10
     4     10      5
    10      9     11
    10     11     12
     6      5     10
     6     10     12
     6     12     13
    14     15     16
    14     16     17
    14     17     18
    14     18     19
    20     19     18
    20     18     21
    20     21     22
    20     22     23
    23     22     24
    23     24      2
    23      2      1
     3     25     26
     3     26      7
     3      7      4
    26     27     28
    26     28     29
    26     29      8
    26      8      7
    30     31     32
    30     32     33
    30     33     28
    30     28     27
    29     28     33
    29     33     34
    29     34     35
    11      9      8
    11      8     29
    11     29     35
    11     35     36
    11     36     37
    38     37     36
    38     36     39
    38     39     40
    13     12     11
    13     11     37
    13     37     38
    13     38     41
    42     43     20
    42     20     23
    42     23      1
    42      1      6
    42      6     13
    42     13     41
    43     44     45
    43     45     14
    43     14     19
    43     19     20
    46     47     48
    46     48     49
    46     49     50
    46     50     51
    46     51     52
    45     53     46
    45     46     52
    45     52     15
    45     15     14
    52     51     54
    52     54     55
    52     55     16
    52     16     15
    18     17     56
    18     56     21
    21     56     57
    21     57     58
    21     58     59
    21     59     24
    21     24     22
    24     59     60
    24     60     61
    24     61     25
    24     25      3
    24      3      2
    61     62     63
    61     63     30
    61     30     27
    61     27     26
    61     26     25
    64     65     66
    64     66     67
    64     67     63
    64     63     62
    63     67     68
    63     68     31
    63     31     30
    66     69     70
    66     70     71
    66     71     72
    66     72     68
    66     68     67
    32     31     68
    32     68     72
    32     72     73
    32     73     74
    34     33     32
    34     32     74
    34     74     75
    36     35     34
    36     34     75
    36     75     76
    36     76     77
    36     77     78
    36     78     39
    40     39     78
    40     78     79
    40     79     80
    78     77     81
    78     81     82
    78     82     79
    80     79     82
    80     82     83
    80     83     84
    80     84     85
    41     38     40
    41     40     80
    41     80     85
    41     85     86
    41     86     87
    41     87     88
    41     88     89
    41     89     42
    42     89     90
    42     90     91
    42     91     44
    42     44     43
    91     92     53
    91     53     45
    91     45     44
    93     47     46
    93     46     53
    93     53     92
    94     95     96
    94     96     97
    94     97     98
    94     98     99
    49     98     97
    49     97    100
    49    100     50
    97     96    101
    97    101    102
    97    102    103
    97    103    100
    50    100    103
    50    103    104
    50    104     54
    50     54     51
   103    102    105
   103    105    106
   103    106    104
    16     55    107
    16    107     57
    16     57     56
    16     56     17
    57    107    108
    57    108    109
    57    109     58
    58    109    110
    58    110    111
    58    111     60
    58     60     59
    60    111    112
    60    112     64
    60     64     62
    60     62     61
   112    113    114
   112    114    115
   112    115     65
   112     65     64
   115    116    117
   115    117     69
   115     69     66
   115     66     65
   118    119    120
   118    120    121
   118    121    117
   118    117    116
   117    121    122
   117    122     70
   117     70     69
   122    121    120
   122    120    123
   122    123    124
   122    124    125
    71     70    122
    71    122    125
    71    125    126
    71    126    127
    73     72     71
    73     71    127
    73    127    128
    73    128    129
    75     74     73
    75     73    129
    75    129    130
    75    130    131
    75    131     76
    76    131    132
    76    132    133
    76    133    134
    76    134    135
    76    135     81
    76     81     77
   135    134    136
   135    136    137
   135    137    138
   135    138    139
    82     81    135
    82    135    139
    82    139    140
    82    140     83
   139    138    141
   139    141    142
   139    142    140
    83    140    142
    83    142    143
    83    143    144
    83    144     84
    85     84    144
    85    144    145
    85    145     86
    87    146    147
    87    147    148
    87    148     88
    88    148    149
    88    149    150
    88    150     90
    88     90     89
    90    150    151
    90    151    152
    90    152     93
    90     93     92
    90     92     91
   152    153     48
   152     48     47
   152     47     93
   154     99     98
   154     98     49
   154     49     48
   154     48    153
   155    156    157
   155    157    158
   155    158    159
   155    159    160
   155    160    161
   160    159    101
   160    101     96
   160     96     95
   157    162    163
   157    163    164
   157    164    158
   101    159    158
   101    158    164
   101    164    165
   101    165    105
   101    105    102
   165    164    163
   165    163    166
   165    166    167
   165    167    168
   106    105    165
   106    165    168
   106    168    169
   169    168    167
   169    167    170
   169    170    171
   169    171    172
    54    104    106
    54    106    169
    54    169    172
    54    172    173
    54    173    174
    54    174    108
    54    108    107
    54    107     55
   108    174    175
   108    175    176
   108    176    177
   108    177    178
   108    178    179
   108    179    110
   108    110    109
   178    180    181
   178    181    182
   178    182    179
   110    179    182
   110    182    183
   110    183    184
   110    184    113
   110    113    112
   110    112    111
   184    185    186
   184    186    187
   184    187    114
   184    114    113
   114    187    188
   114    188    118
   114    118    116
   114    116    115
   186    189    190
   186    190    191
   186    191    188
   186    188    187
   188    191    192
   188    192    193
   188    193    119
   188    119    118
   190    194    195
   190    195    192
   190    192    191
   193    196    123
   193    123    120
   193    120    119
   192    195    197
   192    197    198
   192    198    199
   192    199    196
   192    196    193
   200    124    123
   200    123    196
   200    196    199
   200    199    201
   125    124    200
   125    200    126
   129    128    202
   129    202    203
   129    203    130
   130    203    204
   130    204    205
   130    205    132
   130    132    131
   132    205    206
   132    206    207
   132    207    133
   133    207    208
   133    208    136
   133    136    134
   136    208    209
   136    209    210
   136    210    211
   136    211    212
   136    212    137
   137    212    213
   137    213    141
   137    141    138
   213    212    211
   213    211    214
   213    214    215
   213    215    216
   142    141    213
   142    213    216
   142    216    217
   142    217    218
   142    218    143
   144    143    218
   144    218    219
   144    219    220
   144    220    221
   144    221    145
    86    145    221
    86    221    222
    86    222    146
    86    146     87
   222    223    224
   222    224    147
   222    147    146
   147    224    225
   147    225    226
   147    226    149
   147    149    148
   149    226    227
   149    227    228
   149    228    151
   149    151    150
   151    228    229
   151    229    230
   151    230    154
   151    154    153
   151    153    152
   230    231     94
   230     94     99
   230     99    154
   232    161    160
   232    160     95
   232     95     94
   232     94    231
   233    234    235
   233    235    236
   233    236    237
   233    237    238
   237    236    239
   237    239    162
   237    162    157
   237    157    156
   235    240    241
   235    241    242
   235    242    239
   235    239    236
   163    162    239
   163    239    242
   163    242    243
   163    243    166
   243    242    241
   243    241    244
   243    244    245
   243    245    246
   167    166    243
   167    243    246
   167    246    170
   170    246    245
   170    245    247
   170    247    248
   170    248    249
   170    249    171
   172    171    249
   172    249    250
   172    250    251
   172    251    173
   173    251    252
   173    252    175
   173    175    174
   176    253    254
   176    254    255
   176    255    256
   176    256    257
   176    257    177
   177    257    258
   177    258    259
   177    259    260
   177    260    180
   177    180    178
   259    261    262
   259    262    263
   259    263    264
   259    264    265
   259    265    260
   260    265    266
   260    266    181
   260    181    180
   182    181    266
   182    266    267
   182    267    268
   182    268    183
   183    268    269
   183    269    270
   183    270    271
   183    271    185
   183    185    184
   270    272    273
   270    273    274
   270    274    271
   271    274    275
   271    275    276
   271    276    189
   271    189    186
   271    186    185
   273    277    278
   273    278    275
   273    275    274
   276    279    280
   276    280    194
   276    194    190
   276    190    189
   275    278    281
   275    281    282
   275    282    279
   275    279    276
   280    283    197
   280    197    195
   280    195    194
   282    284    285
   282    285    286
   282    286    283
   282    283    280
   282    280    279
   198    197    283
   198    283    286
   198    286    287
   198    287    288
   201    199    198
   201    198    288
   201    288    289
   127    126    200
   127    200    201
   127    201    289
   127    289    290
   127    290    291
   127    291    202
   127    202    128
   202    291    292
   202    292    293
   202    293    204
   202    204    203
   204    293    294
   204    294    295
   204    295    206
   204    206    205
   206    295    296
   206    296    209
   206    209    208
   206    208    207
   209    296    297
   209    297    298
   209    298    299
   209    299    210
   210    299    300
   210    300    301
   210    301    214
   210    214    211
   300    302    303
   300    303    304
   300    304    305
   300    305    306
   300    306    301
   214    301    306
   214    306    307
   214    307    215
   307    306    305
   307    305    308
   307    308    309
   307    309    310
   216    215    307
   216    307    310
   216    310    311
   216    311    217
   218    217    311
   218    311    312
   218    312    313
   218    313    219
   219    313    314
   219    314    315
   219    315    220
   221    220    315
   221    315    316
   221    316    317
   221    317    223
   221    223    222
   316    318    319
   316    319    320
   316    320    321
   316    321    317
   317    321    322
   317    322    225
   317    225    224
   317    224    223
   225    322    323
   225    323    324
   225    324    227
   225    227    226
   227    324    325
   227    325    326
   227    326    229
   227    229    228
   229    326    327
   229    327    328
   229    328    232
   229    232    231
   229    231    230
   328    329    155
   328    155    161
   328    161    232
   330    238    237
   330    237    156
   330    156    155
   330    155    329
   331    332    333
   331    333    334
   331    334    335
   335    334    336
   335    336    240
   335    240    235
   335    235    234
   333    337    338
   333    338    339
   333    339    340
   333    340    336
   333    336    334
   241    240    336
   241    336    340
   241    340    341
   241    341    244
   341    340    339
   341    339    342
   341    342    343
   245    244    341
   245    341    343
   245    343    247
   247    343    342
   247    342    344
   247    344    345
   247    345    346
   247    346    248
   249    248    346
   249    346    347
   249    347    250
   250    347    348
   250    348    349
   250    349    350
   250    350    252
   250    252    251
   175    252    350
   175    350    351
   175    351    352
   175    352    253
   175    253    176
   352    353    254
   352    254    253
   256    354    355
   256    355    356
   256    356    357
   256    357    258
   256    258    257
   258    357    358
   258    358    359
   258    359    261
   258    261    259
   359    360    361
   359    361    362
   359    362    262
   359    262    261
   262    362    363
   262    363    263
   263    363    364
   263    364    365
   263    365    366
   263    366    264
   266    265    264
   266    264    366
   266    366    367
   266    367    368
   266    368    369
   266    369    267
   267    369    370
   267    370    371
   267    371    372
   267    372    373
   267    373    269
   267    269    268
   269    373    374
   269    374    272
   269    272    270
   372    375    376
   372    376    377
   372    377    378
   372    378    374
   372    374    373
   374    378    379
   374    379    380
   374    380    277
   374    277    273
   374    273    272
   377    381    382
   377    382    379
   377    379    378
   380    383    384
   380    384    281
   380    281    278
   380    278    277
   379    382    385
   379    385    386
   379    386    383
   379    383    380
   281    384    387
   281    387    284
   281    284    282
   387    384    383
   387    383    386
   387    386    388
   387    388    389
   387    389    390
   391    285    284
   391    284    387
   391    387    390
   391    390    392
   287    286    285
   287    285    391
   289    288    287
   289    287    391
   289    391    392
   289    392    393
   289    393    394
   289    394    395
   289    395    290
   290    395    396
   290    396    397
   290    397    292
   290    292    291
   292    397    398
   292    398    399
   292    399    294
   292    294    293
   294    399    400
   294    400    297
   294    297    296
   294    296    295
   297    400    401
   297    401    402
   297    402    403
   297    403    298
   298    403    404
   298    404    302
   298    302    300
   298    300    299
   404    405    406
   404    406    407
   404    407    408
   404    408    303
   404    303    302
   303    408    409
   303    409    304
   409    408    407
   409    407    410
   409    410    411
   409    411    412
   409    412    413
   305    304    409
   305    409    413
   305    413    414
   305    414    308
   414    413    412
   414    412    415
   414    415    416
   309    308    414
   309    414    416
   309    416    417
   309    417    418
   309    418    419
   311    310    309
   311    309    419
   311    419    420
   311    420    421
   311    421    312
   312    421    422
   312    422    423
   312    423    314
   312    314    313
   315    314    423
   315    423    424
   315    424    425
   315    425    318
   315    318    316
   424    426    427
   424    427    428
   424    428    429
   424    429    425
   425    429    319
   425    319    318
   319    429    428
   319    428    430
   319    430    431
   319    431    320
   320    431    432
   320    432    323
   320    323    322
   320    322    321
   323    432    433
   323    433    434
   323    434    325
   323    325    324
   325    434    435
   325    435    436
   325    436    327
   325    327    326
   327    436    437
   327    437    330
   327    330    329
   327    329    328
   437    438    233
   437    233    238
   437    238    330
   439    440    331
   439    331    335
   439    335    234
   439    234    233
   439    233    438
   441    442    443
   441    443    444
   441    444    445
   441    445    446
   445    444    447
   445    447    337
   445    337    333
   445    333    332
   443    448    449
   443    449    450
   443    450    447
   443    447    444
   338    337    447
   338    447    450
   338    450    451
   451    450    449
   451    449    452
   451    452    453
   451    453    454
   451    454    455
   342    339    338
   342    338    451
   342    451    455
   342    455    344
   344    455    454
   344    454    456
   344    456    345
   346    345    456
   346    456    457
   346    457    348
   346    348    347
   348    457    458
   348    458    459
   348    459    460
   348    460    349
   350    349    460
   350    460    461
   350    461    462
   350    462    351
   351    462    463
   351    463    464
   351    464    353
   351    353    352
   254    353    464
   254    464    465
   254    465    466
   254    466    255
   255    466    467
   255    467    354
   255    354    256
   356    468    469
   356    469    470
   356    470    471
   356    471    358
   356    358    357
   358    471    472
   358    472    473
   358    473    360
   358    360    359
   473    474    475
   473    475    476
   473    476    361
   473    361    360
   361    476    477
   361    477    364
   361    364    363
   361    363    362
   364    477    478
   364    478    479
   364    479    480
   364    480    365
   366    365    480
   366    480    481
   366    481    367
   367    481    482
   367    482    483
   367    483    484
   367    484    485
   367    485    368
   368    485    486
   368    486    487
   368    487    370
   368    370    369
   370    487    488
   370    488    489
   370    489    490
   370    490    491
   370    491    371
   371    491    375
   371    375    372
   490    492    493
   490    493    494
   490    494    495
   490    495    376
   490    376    375
   490    375    491
   376    495    496
   376    496    497
   376    497    381
   376    381    377
   494    498    499
   494    499    496
   494    496    495
   497    500    501
   497    501    385
   497    385    382
   497    382    381
   496    499    502
   496    502    503
   496    503    500
   496    500    497
   385    501    504
   385    504    388
   385    388    386
   504    501    500
   504    500    503
   504    503    505
   504    505    506
   504    506    507
   389    388    504
   389    504    507
   389    507    508
   389    508    509
   392    390    389
   392    389    509
   392    509    393
   393    509    508
   393    508    510
   393    510    511
   393    511    512
   393    512    394
   394    512    513
   394    513    514
   394    514    515
   394    515    396
   394    396    395
   396    515    516
   396    516    398
   396    398    397
   398    516    517
   398    517    518
   398    518    401
   398    401    400
   398    400    399
   401    518    519
   401    519    520
   401    520    402
   402    520    521
   402    521    405
   402    405    404
   402    404    403
   521    522    523
   521    523    524
   521    524    406
   521    406    405
   406    524    525
   406    525    410
   406    410    407
   410    525    526
   410    526    527
   410    527    528
   410    528    529
   410    529    411
   412    411    529
   412    529    530
   412    530    415
   530    529    528
   530    528    531
   530    531    532
   530    532    533
   530    533    534
   416    415    530
   416    530    534
   416    534    535
   416    535    417
   534    533    536
   534    536    537
   534    537    538
   534    538    535
   417    535    538
   417    538    539
   417    539    540
   417    540    541
   417    541    542
   417    542    418
   419    418    542
   419    542    543
   419    543    420
   420    543    544
   420    544    545
   420    545    546
   420    546    547
   420    547    422
   420    422    421
   423    422    547
   423    547    548
   423    548    549
   423    549    550
   423    550    426
   423    426    424
   549    551    552
   549    552    553
   549    553    550
   550    553    554
   550    554    427
   550    427    426
   552    555    556
   552    556    557
   552    557    554
   552    554    553
   427    554    557
   427    557    558
   427    558    430
   427    430    428
   557    556    559
   557    559    560
   557    560    558
   430    558    560
   430    560    561
   430    561    433
   430    433    432
   430    432    431
   433    561    562
   433    562    563
   433    563    564
   433    564    435
   433    435    434
   435    564    565
   435    565    439
   435    439    438
   435    438    437
   435    437    436
   565    566    567
   565    567    568
   565    568    440
   565    440    439
   568    446    445
   568    445    332
   568    332    331
   568    331    440
   567    569    441
   567    441    446
   567    446    568
   570    571    572
   570    572    573
   570    573    574
   570    574    575
   570    575    576
   576    575    577
   576    577    442
   576    442    441
   576    441    569
   574    578    579
   574    579    580
   574    580    581
   574    581    577
   574    577    575
   577    581    582
   577    582    448
   577    448    443
   577    443    442
   583    582    581
   583    581    580
   583    580    584
   583    584    585
   583    585    586
   449    448    582
   449    582    583
   449    583    452
   453    452    583
   453    583    586
   453    586    587
   453    587    588
   456    454    453
   456    453    588
   456    588    589
   456    589    458
   456    458    457
   458    589    590
   458    590    591
   458    591    459
   460    459    591
   460    591    592
   460    592    593
   460    593    461
   461    593    594
   461    594    595
   461    595    463
   461    463    462
   463    595    596
   463    596    597
   463    597    465
   463    465    464
   465    597    598
   465    598    599
   465    599    467
   465    467    466
   467    599    600
   467    600    601
   467    601    602
   467    602    355
   467    355    354
   355    602    603
   355    603    468
   355    468    356
   470    604    605
   470    605    472
   470    472    471
   472    605    606
   472    606    607
   472    607    474
   472    474    473
   607    608    609
   607    609    610
   607    610    475
   607    475    474
   475    610    611
   475    611    478
   475    478    477
   475    477    476
   478    611    612
   478    612    613
   478    613    614
   478    614    479
   480    479    614
   480    614    615
   480    615    482
   480    482    481
   482    615    616
   482    616    617
   482    617    618
   482    618    483
   483    618    619
   483    619    620
   483    620    621
   483    621    484
   484    621    622
   484    622    623
   484    623    624
   484    624    486
   484    486    485
   486    624    625
   486    625    488
   486    488    487
   488    625    626
   488    626    627
   488    627    628
   488    628    489
   489    628    629
   489    629    492
   489    492    490
   629    630    631
   629    631    632
   629    632    633
   629    633    493
   629    493    492
   493    633    634
   493    634    498
   493    498    494
   632    635    636
   632    636    637
   632    637    634
   632    634    633
   634    637    638
   634    638    502
   634    502    499
   634    499    498
   636    639    640
   636    640    641
   636    641    638
   636    638    637
   502    638    641
   502    641    642
   502    642    505
   502    505    503
   642    641    640
   642    640    643
   506    505    642
   506    642    643
   506    643    644
   506    644    645
   506    645    646
   506    646    647
   508    507    506
   508    506    647
   508    647    648
   508    648    510
   510    648    649
   510    649    650
   510    650    651
   510    651    511
   511    651    652
   511    652    653
   511    653    513
   511    513    512
   513    653    654
   513    654    655
   513    655    514
   514    655    656
   514    656    657
   514    657    517
   514    517    516
   514    516    515
   517    657    658
   517    658    659
   517    659    519
   517    519    518
   519    659    660
   519    660    661
   519    661    522
   519    522    521
   519    521    520
   661    662    663
   661    663    523
   661    523    522
   523    663    664
   523    664    526
   523    526    525
   523    525    524
   526    664    665
   526    665    666
   526    666    667
   526    667    527
   528    527    667
   528    667    668
   528    668    531
   531    668    669
   531    669    670
   531    670    671
   531    671    532
   532    671    672
   532    672    536
   532    536    533
   536    672    673
   536    673    674
   536    674    675
   536    675    537
   538    537    675
   538    675    676
   538    676    539
   539    676    677
   539    677    678
   539    678    679
   539    679    540
   540    679    680
   540    680    681
   540    681    682
   540    682    683
   540    683    541
   542    541    683
   542    683    684
   542    684    544
   542    544    543
   544    684    685
   544    685    686
   544    686    687
   544    687    545
   545    687    688
   545    688    689
   545    689    690
   545    690    546
   547    546    690
   547    690    691
   547    691    692
   547    692    548
   548    692    693
   548    693    694
   548    694    695
   548    695    551
   548    551    549
   694    696    697
   694    697    695
   695    697    698
   695    698    555
   695    555    552
   695    552    551
   699    700    701
   699    701    702
   699    702    698
   699    698    697
   699    697    696
   698    702    703
   698    703    559
   698    559    556
   698    556    555
   703    702    701
   703    701    704
   703    704    705
   703    705    706
   560    559    703
   560    703    706
   560    706    707
   560    707    708
   560    708    709
   560    709    562
   560    562    561
   562    709    710
   562    710    711
   562    711    712
   562    712    563
   563    712    713
   563    713    714
   563    714    566
   563    566    565
   563    565    564
   713    715    716
   713    716    717
   713    717    718
   713    718    714
   714    718    570
   714    570    576
   714    576    569
   714    569    567
   714    567    566
   717    719    720
   717    720    571
   717    571    570
   717    570    718
   721    722    723
   721    723    724
   721    724    720
   721    720    719
   720    724    725
   720    725    572
   720    572    571
   572    725    726
   572    726    727
   572    727    573
   573    727    728
   573    728    578
   573    578    574
   728    729    730
   728    730    579
   728    579    578
   579    730    731
   579    731    584
   579    584    580
   584    731    732
   584    732    733
   584    733    585
   586    585    733
   586    733    734
   586    734    735
   586    735    587
   588    587    735
   588    735    736
   588    736    590
   588    590    589
   591    590    736
   591    736    737
   591    737    738
   591    738    592
   592    738    739
   592    739    740
   592    740    594
   592    594    593
   594    740    741
   594    741    742
   594    742    596
   594    596    595
   596    742    743
   596    743    744
   596    744    598
   596    598    597
   598    744    745
   598    745    746
   598    746    600
   598    600    599
   600    746    747
   600    747    748
   600    748    601
   603    749    469
   603    469    468
   469    749    750
   469    750    751
   469    751    752
   469    752    604
   469    604    470
   752    753    754
   752    754    606
   752    606    605
   752    605    604
   606    754    755
   606    755    756
   606    756    608
   606    608    607
   756    757    758
   756    758    609
   756    609    608
   609    758    759
   609    759    760
   609    760    612
   609    612    611
   609    611    610
   612    760    761
   612    761    762
   612    762    613
   614    613    762
   614    762    763
   614    763    616
   614    616    615
   616    763    764
   616    764    765
   616    765    766
   616    766    617
   617    766    767
   617    767    768
   617    768    769
   617    769    619
   617    619    618
   619    769    770
   619    770    771
   619    771    772
   619    772    620
   620    772    773
   620    773    622
   620    622    621
   622    773    774
   622    774    775
   622    775    776
   622    776    623
   623    776    777
   623    777    626
   623    626    625
   623    625    624
   626    777    778
   626    778    779
   626    779    780
   626    780    627
   627    780    781
   627    781    630
   627    630    629
   627    629    628
   781    782    783
   781    783    784
   781    784    785
   781    785    631
   781    631    630
   631    785    786
   631    786    635
   631    635    632
   784    787    788
   784    788    789
   784    789    790
   784    790    786
   784    786    785
   786    790    791
   786    791    639
   786    639    636
   786    636    635
   791    790    789
   791    789    792
   791    792    793
   791    793    794
   791    794    795
   643    640    639
   643    639    791
   643    791    795
   643    795    644
   644    795    794
   644    794    796
   644    796    645
   645    796    797
   645    797    798
   645    798    646
   647    646    798
   647    798    799
   647    799    800
   647    800    649
   647    649    648
   649    800    801
   649    801    802
   649    802    650
   650    802    803
   650    803    804
   650    804    652
   650    652    651
   652    804    805
   652    805    806
   652    806    654
   652    654    653
   654    806    807
   654    807    808
   654    808    809
   654    809    656
   654    656    655
   656    809    810
   656    810    811
   656    811    658
   656    658    657
   658    811    812
   658    812    813
   658    813    660
   658    660    659
   660    813    814
   660    814    815
   660    815    662
   660    662    661
   815    816    665
   815    665    664
   815    664    663
   815    663    662
   665    816    817
   665    817    818
   665    818    666
   667    666    818
   667    818    819
   667    819    669
   667    669    668
   669    819    820
   669    820    821
   669    821    822
   669    822    670
   670    822    823
   670    823    673
   670    673    672
   670    672    671
   673    823    824
   673    824    825
   673    825    826
   673    826    674
   675    674    826
   675    826    827
   675    827    677
   675    677    676
   677    827    828
   677    828    829
   677    829    830
   677    830    678
   678    830    831
   678    831    680
   678    680    679
   680    831    832
   680    832    833
   680    833    834
   680    834    681
   681    834    835
   681    835    836
   681    836    837
   681    837    682
   683    682    837
   683    837    838
   683    838    839
   683    839    685
   683    685    684
   685    839    840
   685    840    841
   685    841    686
   686    841    842
   686    842    843
   686    843    844
   686    844    688
   686    688    687
   688    844    845
   688    845    846
   688    846    689
   690    689    846
   690    846    847
   690    847    848
   690    848    691
   691    848    849
   691    849    850
   691    850    693
   691    693    692
   693    850    851
   693    851    699
   693    699    696
   693    696    694
   851    852    853
   851    853    700
   851    700    699
   853    854    704
   853    704    701
   853    701    700
   704    854    855
   704    855    856
   704    856    857
   704    857    705
   706    705    857
   706    857    858
   706    858    707
   707    858    859
   707    859    860
   707    860    861
   707    861    708
   708    861    862
   708    862    863
   708    863    864
   708    864    710
   708    710    709
   710    864    865
   710    865    866
   710    866    867
   710    867    711
   711    867    868
   711    868    715
   711    715    713
   711    713    712
   868    869    870
   868    870    871
   868    871    716
   868    716    715
   716    871    872
   716    872    721
   716    721    719
   716    719    717
   872    873    722
   872    722    721
   874    875    876
   874    876    723
   874    723    722
   874    722    873
   877    878    879
   877    879    880
   877    880    876
   877    876    875
   723    876    880
   723    880    881
   723    881    726
   723    726    725
   723    725    724
   880    879    882
   880    882    883
   880    883    881
   726    881    883
   726    883    884
   726    884    885
   726    885    729
   726    729    728
   726    728    727
   884    886    887
   884    887    888
   884    888    885
   732    731    730
   732    730    729
   732    729    885
   732    885    888
   732    888    889
   734    733    732
   734    732    889
   734    889    890
   734    890    891
   736    735    734
   736    734    891
   736    891    892
   736    892    893
   736    893    737
   737    893    894
   737    894    739
   737    739    738
   739    894    895
   739    895    896
   739    896    741
   739    741    740
   741    896    897
   741    897    898
   741    898    743
   741    743    742
   743    898    899
   743    899    900
   743    900    745
   743    745    744
   745    900    901
   745    901    902
   745    902    747
   745    747    746
   747    902    903
   747    903    748
   904    905    906
   904    906    751
   904    751    750
   751    906    907
   751    907    753
   751    753    752
   907    908    909
   907    909    910
   907    910    755
   907    755    754
   907    754    753
   755    910    911
   755    911    757
   755    757    756
   911    912    913
   911    913    759
   911    759    758
   911    758    757
   759    913    914
   759    914    915
   759    915    761
   759    761    760
   762    761    915
   762    915    916
   762    916    764
   762    764    763
   764    916    917
   764    917    918
   764    918    765
   765    918    919
   765    919    920
   765    920    767
   765    767    766
   767    920    921
   767    921    922
   767    922    923
   767    923    768
   768    923    924
   768    924    770
   768    770    769
   770    924    925
   770    925    926
   770    926    771
   771    926    927
   771    927    774
   771    774    773
   771    773    772
   774    927    928
   774    928    929
   774    929    775
   775    929    930
   775    930    778
   775    778    777
   775    777    776
   778    930    931
   778    931    932
   778    932    933
   778    933    779
   779    933    934
   779    934    782
   779    782    781
   779    781    780
   934    935    936
   934    936    937
   934    937    783
   934    783    782
   783    937    938
   783    938    787
   783    787    784
   938    939    940
   938    940    788
   938    788    787
   788    940    941
   788    941    942
   788    942    792
   788    792    789
   792    942    943
   792    943    793
   794    793    943
   794    943    944
   794    944    945
   794    945    797
   794    797    796
   798    797    945
   798    945    946
   798    946    799
   799    946    947
   799    947    948
   799    948    801
   799    801    800
   801    948    949
   801    949    950
   801    950    803
   801    803    802
   803    950    951
   803    951    952
   803    952    805
   803    805    804
   805    952    953
   805    953    954
   805    954    807
   805    807    806
   807    954    955
   807    955    956
   807    956    808
   808    956    957
   808    957    958
   808    958    810
   808    810    809
   810    958    959
   810    959    960
   810    960    812
   810    812    811
   812    960    961
   812    961    962
   812    962    814
   812    814    813
   814    962    963
   814    963    964
   814    964    817
   814    817    816
   814    816    815
   818    817    964
   818    964    965
   818    965    820
   818    820    819
   820    965    966
   820    966    967
   820    967    821
   821    967    968
   821    968    824
   821    824    823
   821    823    822
   824    968    969
   824    969    970
   824    970    971
   824    971    825
   826    825    971
   826    971    972
   826    972    828
   826    828    827
   828    972    973
   828    973    974
   828    974    975
   828    975    829
   829    975    976
   829    976    832
   829    832    831
   829    831    830
   832    976    977
   832    977    978
   832    978    979
   832    979    980
   832    980    833
   833    980    835
   833    835    834
   837    836    981
   837    981    982
   837    982    983
   837    983    838
   838    983    984
   838    984    985
   838    985    840
   838    840    839
   840    985    986
   840    986    987
   840    987    842
   840    842    841
   842    987    988
   842    988    989
   842    989    843
   843    989    990
   843    990    991
   843    991    845
   843    845    844
   846    845    991
   846    991    992
   846    992    993
   846    993    847
   847    993    994
   847    994    849
   847    849    848
   849    994    995
   849    995    996
   849    996    852
   849    852    851
   849    851    850
   996    997    998
   996    998    855
   996    855    854
   996    854    853
   996    853    852
   998    999   1000
   998   1000    856
   998    856    855
   857    856   1000
   857   1000   1001
   857   1001    859
   857    859    858
   859   1001   1002
   859   1002   1003
   859   1003   1004
   859   1004    860
   860   1004   1005
   860   1005   1006
   860   1006    862
   860    862    861
   862   1006   1007
   862   1007   1008
   862   1008   1009
   862   1009    863
   863   1009   1010
   863   1010   1011
   863   1011    865
   863    865    864
   865   1011   1012
   865   1012   1013
   865   1013   1014
   865   1014    866
   866   1014   1015
   866   1015   1016
   866   1016    869
   866    869    868
   866    868    867
  1016   1017   1018
  1016   1018   1019
  1016   1019    870
  1016    870    869
   870   1019    874
   870    874    873
   870    873    872
   870    872    871
  1018   1020    877
  1018    877    875
  1018    875    874
  1018    874   1019
  1021   1022   1023
  1021   1023   1024
  1021   1024    878
  1021    878    877
  1021    877   1020
  1024   1025   1026
  1024   1026    882
  1024    882    879
  1024    879    878
  1026   1025   1027
  1026   1027   1028
  1026   1028   1029
   883    882   1026
   883   1026   1029
   883   1029   1030
   883   1030    886
   883    886    884
   887    886   1030
   887   1030   1031
   887   1031   1032
   887   1032   1033
   889    888    887
   889    887   1033
   889   1033   1034
   889   1034    890
   891    890   1034
   891   1034   1035
   891   1035   1036
   891   1036    892
   892   1036   1037
   892   1037   1038
   892   1038    895
   892    895    894
   892    894    893
   895   1038   1039
   895   1039    897
   895    897    896
   897   1039   1040
   897   1040   1041
   897   1041    899
   897    899    898
   899   1041   1042
   899   1042   1043
   899   1043    901
   899    901    900
   903    902    901
   903    901   1043
   903   1043   1044
  1045   1046   1047
  1045   1047    905
  1045    905    904
  1047   1048    908
  1047    908    907
  1047    907    906
  1047    906    905
  1049   1050   1051
  1049   1051    909
  1049    909    908
  1049    908   1048
   909   1051   1052
   909   1052    912
   909    912    911
   909    911    910
  1052   1053   1054
  1052   1054    914
  1052    914    913
  1052    913    912
   915    914   1054
   915   1054   1055
   915   1055   1056
   915   1056   1057
   915   1057    917
   915    917    916
   917   1057   1058
   917   1058    919
   917    919    918
   919   1058   1059
   919   1059   1060
   919   1060    921
   919    921    920
   921   1060   1061
   921   1061   1062
   921   1062   1063
   921   1063    922
  1062   1064   1065
  1062   1065   1066
  1062   1066   1067
  1062   1067   1063
   922   1063   1067
   922   1067   1068
   922   1068    925
   922    925    924
   922    924    923
  1067   1066   1069
  1067   1069   1070
  1067   1070   1071
  1067   1071   1068
   925   1068   1071
   925   1071   1072
   925   1072    928
   925    928    927
   925    927    926
  1071   1070   1073
  1071   1073   1074
  1071   1074   1072
   928   1072   1074
   928   1074   1075
   928   1075    931
   928    931    930
   928    930    929
   931   1075   1076
   931   1076   1077
   931   1077    932
   932   1077   1078
   932   1078    935
   932    935    934
   932    934    933
  1078   1079   1080
  1078   1080    936
  1078    936    935
   936   1080   1081
   936   1081   1082
   936   1082    939
   936    939    938
   936    938    937
  1082   1083   1084
  1082   1084    941
  1082    941    940
  1082    940    939
   943    942    941
   943    941   1084
   943   1084   1085
   943   1085    944
   945    944   1085
   945   1085   1086
   945   1086    947
   945    947    946
   947   1086   1087
   947   1087   1088
   947   1088    949
   947    949    948
   949   1088   1089
   949   1089    951
   949    951    950
   951   1089   1090
   951   1090   1091
   951   1091   1092
   951   1092    953
   951    953    952
   953   1092   1093
   953   1093   1094
   953   1094    955
   953    955    954
   955   1094   1095
   955   1095   1096
   955   1096    957
   955    957    956
   957   1096   1097
   957   1097   1098
   957   1098    959
   957    959    958
   959   1098   1099
   959   1099   1100
   959   1100    961
   959    961    960
   961   1100   1101
   961   1101   1102
   961   1102    963
   961    963    962
   963   1102   1103
   963   1103   1104
   963   1104    966
   963    966    965
   963    965    964
   966   1104   1105
   966   1105    969
   966    969    968
   966    968    967
   969   1105   1106
   969   1106   1107
   969   1107    970
   971    970   1107
   971   1107   1108
   971   1108    973
   971    973    972
   973   1108   1109
   973   1109   1110
   973   1110   1111
   973   1111    974
   974   1111    977
   974    977    976
   974    976    975
   978   1112   1113
   978   1113   1114
   978   1114    979
   835    980    979
   835    979   1114
   835   1114    981
   835    981    836
   982   1115   1116
   982   1116   1117
   982   1117    984
   982    984    983
   984   1117   1118
   984   1118   1119
   984   1119    986
   984    986    985
   986   1119   1120
   986   1120   1121
   986   1121    988
   986    988    987
   988   1121   1122
   988   1122   1123
   988   1123    990
   988    990    989
   991    990   1123
   991   1123   1124
   991   1124   1125
   991   1125    992
   992   1125   1126
   992   1126   1127
   992   1127    995
   992    995    994
   992    994    993
   995   1127   1128
   995   1128    997
   995    997    996
  1128   1129   1130
  1128   1130    999
  1128    999    998
  1128    998    997
  1000    999   1130
  1000   1130   1131
  1000   1131   1132
  1000   1132   1002
  1000   1002   1001
  1002   1132   1133
  1002   1133   1134
  1002   1134   1003
  1003   1134   1135
  1003   1135   1136
  1003   1136   1137
  1003   1137   1005
  1003   1005   1004
  1005   1137   1138
  1005   1138   1139
  1005   1139   1007
  1005   1007   1006
  1007   1139   1140
  1007   1140   1141
  1007   1141   1008
  1008   1141   1142
  1008   1142   1143
  1008   1143   1144
  1008   1144   1010
  1008   1010   1009
  1010   1144   1145
  1010   1145   1012
  1010   1012   1011
  1013   1146   1147
  1013   1147   1148
  1013   1148   1015
  1013   1015   1014
  1015   1148   1017
  1015   1017   1016
  1147   1149   1021
  1147   1021   1020
  1147   1020   1018
  1147   1018   1017
  1147   1017   1148
  1150   1151   1152
  1150   1152   1022
  1150   1022   1021
  1150   1021   1149
  1023   1153   1027
  1023   1027   1025
  1023   1025   1024
  1154   1155   1156
  1154   1156   1028
  1154   1028   1027
  1154   1027   1153
  1029   1028   1156
  1029   1156   1157
  1029   1157   1031
  1029   1031   1030
  1032   1031   1157
  1032   1157   1158
  1032   1158   1159
  1034   1033   1032
  1034   1032   1159
  1034   1159   1160
  1034   1160   1035
  1035   1160   1161
  1035   1161   1162
  1035   1162   1037
  1035   1037   1036
  1037   1162   1163
  1037   1163   1040
  1037   1040   1039
  1037   1039   1038
  1042   1041   1040
  1042   1040   1163
  1042   1163   1164
  1042   1164   1165
  1044   1043   1042
  1044   1042   1165
  1044   1165   1166
  1044   1166   1167
  1044   1167   1168
  1168   1167   1169
  1168   1169   1170
  1168   1170   1046
  1168   1046   1045
  1170   1171   1049
  1170   1049   1048
  1170   1048   1047
  1170   1047   1046
  1172   1173   1174
  1172   1174   1175
  1172   1175   1050
  1172   1050   1049
  1172   1049   1171
  1175   1053   1052
  1175   1052   1051
  1175   1051   1050
  1055   1176   1177
  1055   1177   1056
  1056   1177   1178
  1056   1178   1179
  1056   1179   1059
  1056   1059   1058
  1056   1058   1057
  1059   1179   1180
  1059   1180   1181
  1059   1181   1061
  1059   1061   1060
  1061   1181   1182
  1061   1182   1183
  1061   1183   1184
  1061   1184   1185
  1061   1185   1064
  1061   1064   1062
  1185   1186   1065
  1185   1065   1064
  1184   1187   1188
  1184   1188   1189
  1184   1189   1186
  1184   1186   1185
  1065   1186   1189
  1065   1189   1190
  1065   1190   1069
  1065   1069   1066
  1188   1191   1192
  1188   1192   1193
  1188   1193   1190
  1188   1190   1189
  1069   1190   1193
  1069   1193   1194
  1069   1194   1073
  1069   1073   1070
  1194   1193   1192
  1194   1192   1195
  1194   1195   1196
  1074   1073   1194
  1074   1194   1196
  1074   1196   1197
  1074   1197   1076
  1074   1076   1075
  1196   1195   1198
  1196   1198   1199
  1196   1199   1200
  1196   1200   1197
  1076   1197   1200
  1076   1200   1201
  1076   1201   1202
  1076   1202   1079
  1076   1079   1078
  1076   1078   1077
  1202   1203   1204
  1202   1204   1081
  1202   1081   1080
  1202   1080   1079
  1081   1204   1205
  1081   1205   1083
  1081   1083   1082
  1085   1084   1083
  1085   1083   1205
  1085   1205   1206
  1085   1206   1087
  1085   1087   1086
  1087   1206   1207
  1087   1207   1208
  1087   1208   1209
  1087   1209   1090
  1087   1090   1089
  1087   1089   1088
  1090   1209   1210
  1090   1210   1091
  1091   1210   1211
  1091   1211   1212
  1091   1212   1093
  1091   1093   1092
  1093   1212   1213
  1093   1213   1214
  1093   1214   1095
  1093   1095   1094
  1095   1214   1215
  1095   1215   1216
  1095   1216   1097
  1095   1097   1096
  1097   1216   1217
  1097   1217   1218
  1097   1218   1099
  1097   1099   1098
  1099   1218   1219
  1099   1219   1220
  1099   1220   1101
  1099   1101   1100
  1101   1220   1221
  1101   1221   1222
  1101   1222   1103
  1101   1103   1102
  1103   1222   1223
  1103   1223   1106
  1103   1106   1105
  1103   1105   1104
  1107   1106   1223
  1107   1223   1224
  1107   1224   1109
  1107   1109   1108
  1109   1224   1225
  1109   1225   1226
  1109   1226   1227
  1109   1227   1110
   977   1111   1110
   977   1110   1227
   977   1227   1228
   977   1228   1112
   977   1112    978
  1113   1112   1228
  1113   1228   1229
  1113   1229   1230
  1113   1230   1231
   981   1114   1113
   981   1113   1231
   981   1231   1115
   981   1115    982
  1116   1232   1233
  1116   1233   1118
  1116   1118   1117
  1118   1233   1234
  1118   1234   1235
  1118   1235   1120
  1118   1120   1119
  1120   1235   1236
  1120   1236   1237
  1120   1237   1122
  1120   1122   1121
  1123   1122   1237
  1123   1237   1238
  1123   1238   1239
  1123   1239   1124
  1124   1239   1240
  1124   1240   1241
  1124   1241   1126
  1124   1126   1125
  1126   1241   1242
  1126   1242   1129
  1126   1129   1128
  1126   1128   1127
  1242   1243   1244
  1242   1244   1131
  1242   1131   1130
  1242   1130   1129
  1131   1244   1245
  1131   1245   1246
  1131   1246   1133
  1131   1133   1132
  1133   1246   1247
  1133   1247   1248
  1133   1248   1249
  1133   1249   1135
  1133   1135   1134
  1135   1249   1250
  1135   1250   1251
  1135   1251   1136
  1136   1251   1252
  1136   1252   1253
  1136   1253   1138
  1136   1138   1137
  1138   1253   1254
  1138   1254   1255
  1138   1255   1256
  1138   1256   1140
  1138   1140   1139
  1140   1256   1257
  1140   1257   1142
  1140   1142   1141
  1143   1258   1259
  1143   1259   1260
  1143   1260   1145
  1143   1145   1144
  1012   1145   1260
  1012   1260   1146
  1012   1146   1013
  1260   1259   1261
  1260   1261   1150
  1260   1150   1149
  1260   1149   1147
  1260   1147   1146
  1261   1262   1263
  1261   1263   1151
  1261   1151   1150
  1152   1264   1154
  1152   1154   1153
  1152   1153   1023
  1152   1023   1022
  1265   1155   1154
  1265   1154   1264
  1265   1264   1266
  1265   1266   1267
  1157   1156   1155
  1157   1155   1265
  1157   1265   1268
  1157   1268   1269
  1157   1269   1158
  1270   1269   1268
  1270   1268   1271
  1159   1158   1269
  1159   1269   1270
  1159   1270   1272
  1159   1272   1161
  1159   1161   1160
  1163   1162   1161
  1163   1161   1272
  1163   1272   1273
  1163   1273   1164
  1165   1164   1273
  1165   1273   1274
  1165   1274   1275
  1165   1275   1166
  1166   1275   1276
  1166   1276   1277
  1166   1277   1169
  1166   1169   1167
  1169   1277   1172
  1169   1172   1171
  1169   1171   1170
  1278   1279   1280
  1278   1280   1174
  1278   1174   1173
  1174   1280   1176
  1174   1176   1055
  1174   1055   1054
  1174   1054   1053
  1174   1053   1175
  1178   1281   1180
  1178   1180   1179
  1180   1281   1282
  1180   1282   1283
  1180   1283   1284
  1180   1284   1285
  1180   1285   1182
  1180   1182   1181
  1182   1285   1286
  1182   1286   1183
  1284   1287   1288
  1284   1288   1289
  1284   1289   1286
  1284   1286   1285
  1183   1286   1289
  1183   1289   1290
  1183   1290   1187
  1183   1187   1184
  1289   1288   1291
  1289   1291   1292
  1289   1292   1290
  1290   1292   1293
  1290   1293   1191
  1290   1191   1188
  1290   1188   1187
  1291   1294   1295
  1291   1295   1296
  1291   1296   1293
  1291   1293   1292
  1192   1191   1293
  1192   1293   1296
  1192   1296   1297
  1192   1297   1198
  1192   1198   1195
  1298   1297   1296
  1298   1296   1295
  1298   1295   1299
  1298   1299   1300
  1198   1297   1298
  1198   1298   1199
  1200   1199   1298
  1200   1298   1300
  1200   1300   1301
  1200   1301   1302
  1200   1302   1303
  1200   1303   1304
  1200   1304   1201
  1201   1304   1305
  1201   1305   1203
  1201   1203   1202
  1205   1204   1203
  1205   1203   1305
  1205   1305   1306
  1205   1306   1207
  1205   1207   1206
  1207   1306   1307
  1207   1307   1308
  1207   1308   1309
  1207   1309   1208
  1208   1309   1310
  1208   1310   1211
  1208   1211   1210
  1208   1210   1209
  1211   1310   1311
  1211   1311   1312
  1211   1312   1213
  1211   1213   1212
  1213   1312   1313
  1213   1313   1314
  1213   1314   1215
  1213   1215   1214
  1215   1314   1315
  1215   1315   1316
  1215   1316   1217
  1215   1217   1216
  1217   1316   1317
  1217   1317   1318
  1217   1318   1219
  1217   1219   1218
  1219   1318   1319
  1219   1319   1221
  1219   1221   1220
  1223   1222   1221
  1223   1221   1319
  1223   1319   1320
  1223   1320   1321
  1223   1321   1225
  1223   1225   1224
  1225   1321   1322
  1225   1322   1323
  1225   1323   1226
  1227   1226   1323
  1227   1323   1324
  1227   1324   1229
  1227   1229   1228
  1229   1324   1325
  1229   1325   1326
  1229   1326   1327
  1229   1327   1230
  1231   1230   1327
  1231   1327   1328
  1231   1328   1232
  1231   1232   1116
  1231   1116   1115
  1328   1329   1330
  1328   1330   1234
  1328   1234   1233
  1328   1233   1232
  1234   1330   1331
  1234   1331   1236
  1234   1236   1235
  1237   1236   1331
  1237   1331   1332
  1237   1332   1333
  1237   1333   1238
  1238   1333   1334
  1238   1334   1335
  1238   1335   1336
  1238   1336   1240
  1238   1240   1239
  1240   1336   1337
  1240   1337   1338
  1240   1338   1243
  1240   1243   1242
  1240   1242   1241
  1338   1339   1340
  1338   1340   1245
  1338   1245   1244
  1338   1244   1243
  1245   1340   1341
  1245   1341   1342
  1245   1342   1247
  1245   1247   1246
  1247   1342   1343
  1247   1343   1344
  1247   1344   1248
  1248   1344   1345
  1248   1345   1346
  1248   1346   1250
  1248   1250   1249
  1250   1346   1347
  1250   1347   1348
  1250   1348   1349
  1250   1349   1252
  1250   1252   1251
  1252   1349   1350
  1252   1350   1254
  1252   1254   1253
  1255   1351   1352
  1255   1352   1257
  1255   1257   1256
  1142   1257   1352
  1142   1352   1353
  1142   1353   1258
  1142   1258   1143
  1353   1354   1262
  1353   1262   1261
  1353   1261   1259
  1353   1259   1258
  1355   1356   1357
  1355   1357   1263
  1355   1263   1262
  1355   1262   1354
  1263   1357   1358
  1263   1358   1266
  1263   1266   1264
  1263   1264   1152
  1263   1152   1151
  1267   1266   1358
  1267   1358   1359
  1267   1359   1360
  1267   1360   1361
  1271   1268   1265
  1271   1265   1267
  1271   1267   1361
  1271   1361   1362
  1362   1361   1360
  1362   1360   1363
  1362   1363   1364
  1273   1272   1270
  1273   1270   1271
  1273   1271   1362
  1273   1362   1364
  1273   1364   1365
  1273   1365   1366
  1273   1366   1274
  1274   1366   1367
  1274   1367   1368
  1274   1368   1276
  1274   1276   1275
  1276   1368   1369
  1276   1369   1278
  1276   1278   1173
  1276   1173   1172
  1276   1172   1277
  1369   1370   1371
  1369   1371   1372
  1369   1372   1279
  1369   1279   1278
  1372   1282   1281
  1372   1281   1178
  1372   1178   1177
  1372   1177   1176
  1372   1176   1280
  1372   1280   1279
  1371   1373   1374
  1371   1374   1283
  1371   1283   1282
  1371   1282   1372
  1375   1376   1377
  1375   1377   1378
  1375   1378   1374
  1375   1374   1373
  1374   1378   1379
  1374   1379   1287
  1374   1287   1284
  1374   1284   1283
  1377   1380   1381
  1377   1381   1382
  1377   1382   1379
  1377   1379   1378
  1379   1382   1383
  1379   1383   1294
  1379   1294   1291
  1379   1291   1288
  1379   1288   1287
  1381   1384   1385
  1381   1385   1383
  1381   1383   1382
  1295   1294   1383
  1295   1383   1385
  1295   1385   1386
  1295   1386   1299
  1386   1385   1384
  1386   1384   1387
  1386   1387   1388
  1386   1388   1389
  1300   1299   1386
  1300   1386   1389
  1300   1389   1301
  1301   1389   1388
  1301   1388   1390
  1301   1390   1391
  1301   1391   1392
  1301   1392   1302
  1302   1392   1393
  1302   1393   1394
  1302   1394   1303
  1303   1394   1395
  1303   1395   1307
  1303   1307   1306
  1303   1306   1305
  1303   1305   1304
  1307   1395   1396
  1307   1396   1397
  1307   1397   1398
  1307   1398   1308
  1308   1398   1399
  1308   1399   1311
  1308   1311   1310
  1308   1310   1309
  1311   1399   1400
  1311   1400   1401
  1311   1401   1313
  1311   1313   1312
  1313   1401   1402
  1313   1402   1403
  1313   1403   1315
  1313   1315   1314
  1315   1403   1404
  1315   1404   1405
  1315   1405   1317
  1315   1317   1316
  1319   1318   1317
  1319   1317   1405
  1319   1405   1406
  1319   1406   1320
  1320   1406   1407
  1320   1407   1408
  1320   1408   1322
  1320   1322   1321
  1323   1322   1408
  1323   1408   1409
  1323   1409   1410
  1323   1410   1325
  1323   1325   1324
  1325   1410   1411
  1325   1411   1412
  1325   1412   1326
  1327   1326   1412
  1327   1412   1413
  1327   1413   1329
  1327   1329   1328
  1331   1330   1329
  1331   1329   1413
  1331   1413   1414
  1331   1414   1332
  1332   1414   1415
  1332   1415   1416
  1332   1416   1334
  1332   1334   1333
  1334   1416   1417
  1334   1417   1418
  1334   1418   1335
  1335   1418   1419
  1335   1419   1420
  1335   1420   1421
  1335   1421   1337
  1335   1337   1336
  1337   1421   1422
  1337   1422   1423
  1337   1423   1339
  1337   1339   1338
  1423   1424   1425
  1423   1425   1426
  1423   1426   1341
  1423   1341   1340
  1423   1340   1339
  1341   1426   1427
  1341   1427   1343
  1341   1343   1342
  1343   1427   1428
  1343   1428   1429
  1343   1429   1345
  1343   1345   1344
  1345   1429   1430
  1345   1430   1347
  1345   1347   1346
  1348   1431   1432
  1348   1432   1350
  1348   1350   1349
  1254   1350   1432
  1254   1432   1433
  1254   1433   1351
  1254   1351   1255
  1352   1351   1433
  1352   1433   1434
  1352   1434   1355
  1352   1355   1354
  1352   1354   1353
  1434   1435   1436
  1434   1436   1356
  1434   1356   1355
  1436   1437   1438
  1436   1438   1359
  1436   1359   1358
  1436   1358   1357
  1436   1357   1356
  1360   1359   1438
  1360   1438   1439
  1360   1439   1363
  1364   1363   1439
  1364   1439   1440
  1364   1440   1441
  1364   1441   1365
  1365   1441   1442
  1365   1442   1367
  1365   1367   1366
  1367   1442   1443
  1367   1443   1444
  1367   1444   1445
  1367   1445   1446
  1367   1446   1447
  1367   1447   1370
  1367   1370   1369
  1367   1369   1368
  1446   1448   1449
  1446   1449   1450
  1446   1450   1451
  1446   1451   1447
  1447   1451   1452
  1447   1452   1453
  1447   1453   1375
  1447   1375   1373
  1447   1373   1371
  1447   1371   1370
  1453   1454   1376
  1453   1376   1375
  1452   1455   1456
  1452   1456   1457
  1452   1457   1454
  1452   1454   1453
  1457   1458   1380
  1457   1380   1377
  1457   1377   1376
  1457   1376   1454
  1456   1459   1460
  1456   1460   1458
  1456   1458   1457
  1460   1461   1387
  1460   1387   1384
  1460   1384   1381
  1460   1381   1380
  1460   1380   1458
  1462   1463   1464
  1462   1464   1461
  1462   1461   1460
  1462   1460   1459
  1388   1387   1461
  1388   1461   1464
  1388   1464   1390
  1390   1464   1463
  1390   1463   1465
  1390   1465   1466
  1390   1466   1467
  1390   1467   1391
  1391   1467   1393
  1391   1393   1392
  1393   1467   1466
  1393   1466   1468
  1393   1468   1469
  1393   1469   1396
  1393   1396   1395
  1393   1395   1394
  1396   1469   1470
  1396   1470   1471
  1396   1471   1472
  1396   1472   1397
  1397   1472   1473
  1397   1473   1400
  1397   1400   1399
  1397   1399   1398
  1400   1473   1474
  1400   1474   1475
  1400   1475   1402
  1400   1402   1401
  1402   1475   1476
  1402   1476   1477
  1402   1477   1404
  1402   1404   1403
  1405   1404   1477
  1405   1477   1478
  1405   1478   1407
  1405   1407   1406
  1408   1407   1478
  1408   1478   1479
  1408   1479   1480
  1408   1480   1409
  1409   1480   1481
  1409   1481   1482
  1409   1482   1411
  1409   1411   1410
  1412   1411   1482
  1412   1482   1483
  1412   1483   1415
  1412   1415   1414
  1412   1414   1413
  1415   1483   1484
  1415   1484   1417
  1415   1417   1416
  1417   1484   1485
  1417   1485   1486
  1417   1486   1419
  1417   1419   1418
  1419   1486   1487
  1419   1487   1488
  1419   1488   1489
  1419   1489   1420
  1420   1489   1490
  1420   1490   1491
  1420   1491   1492
  1420   1492   1422
  1420   1422   1421
  1422   1492   1493
  1422   1493   1424
  1422   1424   1423
  1493   1494   1495
  1493   1495   1496
  1493   1496   1425
  1493   1425   1424
  1425   1496   1497
  1425   1497   1428
  1425   1428   1427
  1425   1427   1426
  1428   1497   1498
  1428   1498   1499
  1428   1499   1430
  1428   1430   1429
  1347   1430   1499
  1347   1499   1431
  1347   1431   1348
  1432   1431   1499
  1432   1499   1498
  1432   1498   1500
  1432   1500   1435
  1432   1435   1434
  1432   1434   1433
  1500   1501   1502
  1500   1502   1503
  1500   1503   1504
  1500   1504   1505
  1500   1505   1506
  1500   1506   1437
  1500   1437   1436
  1500   1436   1435
  1439   1438   1437
  1439   1437   1506
  1439   1506   1440
  1440   1506   1505
  1440   1505   1507
  1440   1507   1508
  1440   1508   1509
  1440   1509   1510
  1440   1510   1511
  1440   1511   1512
  1440   1512   1443
  1440   1443   1442
  1440   1442   1441
  1443   1512   1513
  1443   1513   1514
  1443   1514   1444
  1444   1514   1515
  1444   1515   1445
  1445   1515   1516
  1445   1516   1517
  1445   1517   1518
  1445   1518   1448
  1445   1448   1446
  1450   1519   1455
  1450   1455   1452
  1450   1452   1451
  1449   1520   1521
  1449   1521   1522
  1449   1522   1519
  1449   1519   1450
  1522   1523   1462
  1522   1462   1459
  1522   1459   1456
  1522   1456   1455
  1522   1455   1519
  1521   1524   1525
  1521   1525   1523
  1521   1523   1522
  1525   1526   1465
  1525   1465   1463
  1525   1463   1462
  1525   1462   1523
  1527   1528   1529
  1527   1529   1526
  1527   1526   1525
  1527   1525   1524
  1465   1526   1529
  1465   1529   1468
  1465   1468   1466
  1468   1529   1528
  1468   1528   1530
  1468   1530   1531
  1468   1531   1470
  1468   1470   1469
  1470   1531   1532
  1470   1532   1533
  1470   1533   1534
  1470   1534   1471
  1471   1534   1474
  1471   1474   1473
  1471   1473   1472
  1476   1475   1474
  1476   1474   1534
  1476   1534   1533
  1476   1533   1535
  1476   1535   1536
  1476   1536   1537
  1476   1537   1538
  1478   1477   1476
  1478   1476   1538
  1478   1538   1539
  1478   1539   1479
  1479   1539   1540
  1479   1540   1541
  1479   1541   1481
  1479   1481   1480
  1482   1481   1541
  1482   1541   1485
  1482   1485   1484
  1482   1484   1483
  1485   1541   1540
  1485   1540   1542
  1485   1542   1543
  1485   1543   1487
  1485   1487   1486
  1487   1543   1544
  1487   1544   1488
  1488   1544   1545
  1488   1545   1546
  1488   1546   1490
  1488   1490   1489
  1490   1546   1547
  1490   1547   1548
  1490   1548   1549
  1490   1549   1491
  1491   1549   1494
  1491   1494   1493
  1491   1493   1492
  1548   1502   1501
  1548   1501   1495
  1548   1495   1494
  1548   1494   1549
  1498   1497   1496
  1498   1496   1495
  1498   1495   1501
  1498   1501   1500
  1505   1504   1550
  1505   1550   1551
  1505   1551   1507
  1507   1551   1552
  1507   1552   1553
  1507   1553   1508
  1509   1554   1555
  1509   1555   1556
  1509   1556   1510
  1511   1557   1558
  1511   1558   1559
  1511   1559   1513
  1511   1513   1512
  1513   1559   1516
  1513   1516   1515
  1513   1515   1514
  1518   1560   1520
  1518   1520   1449
  1518   1449   1448
  1517   1561   1562
  1517   1562   1563
  1517   1563   1560
  1517   1560   1518
  1563   1564   1527
  1563   1527   1524
  1563   1524   1521
  1563   1521   1520
  1563   1520   1560
  1562   1565   1566
  1562   1566   1564
  1562   1564   1563
  1566   1530   1528
  1566   1528   1527
  1566   1527   1564
  1567   1532   1531
  1567   1531   1530
  1567   1530   1566
  1567   1566   1565
  1568   1569   1535
  1568   1535   1533
  1568   1533   1532
  1568   1532   1567
  1568   1567   1570
  1535   1569   1571
  1535   1571   1572
  1535   1572   1573
  1535   1573   1536
  1537   1536   1573
  1537   1573   1574
  1537   1574   1575
  1537   1575   1576
  1540   1539   1538
  1540   1538   1537
  1540   1537   1576
  1540   1576   1577
  1540   1577   1578
  1540   1578   1579
  1540   1579   1542
  1542   1579   1580
  1542   1580   1545
  1542   1545   1544
  1542   1544   1543
  1578   1581   1582
  1578   1582   1583
  1578   1583   1580
  1578   1580   1579
  1545   1580   1583
  1545   1583   1584
  1545   1584   1547
  1545   1547   1546
  1503   1584   1583
  1503   1583   1582
  1503   1582   1550
  1503   1550   1504
  1547   1584   1503
  1547   1503   1502
  1547   1502   1548
  1508   1553   1585
  1508   1585   1554
  1508   1554   1509
  1555   1586   1587
  1555   1587   1556
  1510   1556   1587
  1510   1587   1588
  1510   1588   1589
  1510   1589   1557
  1510   1557   1511
  1516   1559   1558
  1516   1558   1590
  1516   1590   1561
  1516   1561   1517
  1589   1591   1568
  1589   1568   1570
  1589   1570   1590
  1589   1590   1558
  1589   1558   1557
  1590   1570   1567
  1590   1567   1565
  1590   1565   1562
  1590   1562   1561
  1592   1593   1571
  1592   1571   1569
  1592   1569   1568
  1592   1568   1591
  1572   1571   1593
  1572   1593   1594
  1574   1573   1572
  1574   1572   1594
  1574   1594   1595
  1574   1595   1596
  1577   1597   1581
  1577   1581   1578
  1552   1597   1577
  1552   1577   1576
  1552   1576   1575
  1552   1575   1585
  1552   1585   1553
  1550   1582   1581
  1550   1581   1597
  1550   1597   1552
  1550   1552   1551
  1587   1586   1596
  1587   1596   1595
  1587   1595   1598
  1587   1598   1588
  1588   1598   1592
  1588   1592   1591
  1588   1591   1589
  1595   1594   1593
  1595   1593   1592
  1595   1592   1598
  1585   1575   1574
  1585   1574   1596
  1585   1596   1586
  1585   1586   1555
  1585   1555   1554
   601    748    903
   601    903   1044
   601   1044   1168
   601   1168   1045
   601   1045    904
   601    904    750
   601    750    749
   601    749    603
   601    603    602
