time,flux,err,mask,centroid_y,psf_width_y
6.027082770936101588e+04,9.957047869529884743e-01,7.432726430808277466e-04,0.000000000000000000e+00,4.877642656092109519e+01,1.857763046886428793e+00
6.027082817000830255e+04,9.956908720824347858e-01,7.433276511489974670e-04,0.000000000000000000e+00,4.877885501868728824e+01,1.862051278596368764e+00
6.027082863065557467e+04,9.960633319556351228e-01,7.433291612133364470e-04,0.000000000000000000e+00,4.877584395952003860e+01,1.860140126024845575e+00
6.027082909130283952e+04,9.954897059537888282e-01,7.433267158471821949e-04,0.000000000000000000e+00,4.877712875532867542e+01,1.864755089072377636e+00
6.027082955195012619e+04,9.954683395658286971e-01,7.433271947211804844e-04,0.000000000000000000e+00,4.877386225322804592e+01,1.862462122889275262e+00
6.027083001259739831e+04,9.951797904461681110e-01,7.433298424247271287e-04,0.000000000000000000e+00,4.877108701798460544e+01,1.861240777957853476e+00
6.027083047324466315e+04,9.964888335958922427e-01,7.433336681518894944e-04,0.000000000000000000e+00,4.877133350175934368e+01,1.860679539539705107e+00
6.027083093389194983e+04,9.951460066044138797e-01,7.433274044865064703e-04,0.000000000000000000e+00,4.876727936396098784e+01,1.860161490409385276e+00
6.027083139453921467e+04,9.960256554479181013e-01,7.443329800182813720e-04,0.000000000000000000e+00,4.877696281915527265e+01,1.860429028632637705e+00
6.027083185518648679e+04,9.956024712471773785e-01,7.433305274442956502e-04,0.000000000000000000e+00,4.877931562816122835e+01,1.862069066744604040e+00
6.027083231583376619e+04,9.960809383082659396e-01,7.433358219710540712e-04,0.000000000000000000e+00,4.877219853904193769e+01,1.859950992281464988e+00
6.027083277648103831e+04,9.950290140463486921e-01,7.433266829059911873e-04,0.000000000000000000e+00,4.877297324485073204e+01,1.862852164069227046e+00
6.027083323712831043e+04,9.958923083235110552e-01,7.433313816771840686e-04,0.000000000000000000e+00,4.877935133489130237e+01,1.862456182217011147e+00
6.027083369777558255e+04,9.951745089321695215e-01,7.433286523895947344e-04,0.000000000000000000e+00,4.878023751171961919e+01,1.863265111581470901e+00
6.027083415842286195e+04,9.967265202190395135e-01,7.433345474594251325e-04,0.000000000000000000e+00,4.877718805084107601e+01,1.863120585758283987e+00
6.027083461907012679e+04,9.959829287354142746e-01,7.433328560462820148e-04,0.000000000000000000e+00,4.877576715449561107e+01,1.863070516776912600e+00
6.027083507971739891e+04,9.968448701913393828e-01,7.433386809798417068e-04,0.000000000000000000e+00,4.877139695586492962e+01,1.861253491858697151e+00
6.027083554036467831e+04,9.955955731488670413e-01,7.433320064710300691e-04,0.000000000000000000e+00,4.877898470249428442e+01,1.862367616679968085e+00
6.027083600101195043e+04,9.955377211546055927e-01,7.433287931301225818e-04,0.000000000000000000e+00,4.877039100485475842e+01,1.862818028451532992e+00
6.027083646165921527e+04,9.968047997314960496e-01,7.433378860532773545e-04,0.000000000000000000e+00,4.877271164288967498e+01,1.859097205767653360e+00
6.027083692230650195e+04,9.966714863915171474e-01,7.433398930898576888e-04,0.000000000000000000e+00,4.876419354460677624e+01,1.862134229935508811e+00
6.027083738295376679e+04,9.970274319610660241e-01,7.433413555382194270e-04,0.000000000000000000e+00,4.877229278703525495e+01,1.863937086400515142e+00
6.027083784360103891e+04,9.960928984354679994e-01,7.433318925457003956e-04,0.000000000000000000e+00,4.877788485479540270e+01,1.861340144444400213e+00
6.027083830424831831e+04,9.957531019999009692e-01,7.433324886622193900e-04,0.000000000000000000e+00,4.877616571134299051e+01,1.862063045583685517e+00
6.027083876489559043e+04,9.975192005448623167e-01,7.433406153968967391e-04,0.000000000000000000e+00,4.876900259223079104e+01,1.861439935445022398e+00
6.027083922554285527e+04,9.955469108819613444e-01,7.433329545816373457e-04,0.000000000000000000e+00,4.877113349115738572e+01,1.862860190338644140e+00
6.027083968619013467e+04,9.968095741609409588e-01,7.433382332343100836e-04,0.000000000000000000e+00,4.876929441183693825e+01,1.863489172636146218e+00
6.027084014683740679e+04,9.975038591147166178e-01,7.433384638935176380e-04,0.000000000000000000e+00,4.877573783990750655e+01,1.865580778085769165e+00
6.027084060748467164e+04,9.972013129474155413e-01,7.433372303086983835e-04,0.000000000000000000e+00,4.876946653236641538e+01,1.861785699779645364e+00
6.027084106813194376e+04,9.976839915592871089e-01,7.433414810386546664e-04,0.000000000000000000e+00,4.877086879427305632e+01,1.862684761739053618e+00
6.027084152877922315e+04,9.990735136771300429e-01,7.433471013675847869e-04,0.000000000000000000e+00,4.877245845507029287e+01,1.862671260461448597e+00
6.027084198942648800e+04,9.976852101819173591e-01,7.433432158812151814e-04,0.000000000000000000e+00,4.875865352937944408e+01,1.863013589568351502e+00
6.027084245007376012e+04,9.975025945744817601e-01,7.433457852511874981e-04,0.000000000000000000e+00,4.876718012472728958e+01,1.861557743653166508e+00
6.027084291072103952e+04,9.975945014492690888e-01,7.433393045411655934e-04,0.000000000000000000e+00,4.876704689401744020e+01,1.865003799341750090e+00
6.027084337136830436e+04,9.978592656925556748e-01,7.433409583612498369e-04,0.000000000000000000e+00,4.877026429447052180e+01,1.862376985654978556e+00
6.027084383201556921e+04,9.969848739819396899e-01,7.433388813200074961e-04,0.000000000000000000e+00,4.876304977741962432e+01,1.861967018523108086e+00
6.027084429266284860e+04,9.977268595257872130e-01,7.433385532330879933e-04,0.000000000000000000e+00,4.876931569066584160e+01,1.865101164477178664e+00
6.027084475331012072e+04,9.963864034604416053e-01,7.433357230748657406e-04,0.000000000000000000e+00,4.876930711577320210e+01,1.860658668509351354e+00
6.027084521395738557e+04,9.974128621127935634e-01,7.433406536585799489e-04,0.000000000000000000e+00,4.877573312142475004e+01,1.861536125693229682e+00
6.027084567460466496e+04,9.981482215369420485e-01,7.433420767938924518e-04,0.000000000000000000e+00,4.877104343395746611e+01,1.865717667956912518e+00
6.027084613525192981e+04,9.980755297279757521e-01,7.433415192381991055e-04,0.000000000000000000e+00,4.877383558653230011e+01,1.861036455921692090e+00
6.027084659589919465e+04,9.974162980892375963e-01,7.433415751383935181e-04,0.000000000000000000e+00,4.877111699731486283e+01,1.863238121273246284e+00
6.027084705654648133e+04,9.974336593164123688e-01,7.433432465742542206e-04,0.000000000000000000e+00,4.876271709289188294e+01,1.862601231018776726e+00
6.027084751719374617e+04,9.992540807367475963e-01,7.433494181560445406e-04,0.000000000000000000e+00,4.876060094790739186e+01,1.864454829078685094e+00
6.027084797784101102e+04,9.980325803423550912e-01,7.433483051196040740e-04,0.000000000000000000e+00,4.876383718207827656e+01,1.861577091385450133e+00
6.027084843848829041e+04,9.960241422984343895e-01,7.433382635536355844e-04,0.000000000000000000e+00,4.876787379443789661e+01,1.860389504626590584e+00
6.027084889913555526e+04,9.981354577655540128e-01,7.438314682473941199e-04,0.000000000000000000e+00,4.876782192938047444e+01,1.862730329597845902e+00
6.027084935978282010e+04,9.974319260977756452e-01,7.433433142239566837e-04,0.000000000000000000e+00,4.876335867065868257e+01,1.864015690803573211e+00
6.027084982043009222e+04,9.976379092232314783e-01,7.433411146864923012e-04,0.000000000000000000e+00,4.876554362842114898e+01,1.863690664284929577e+00
6.027085028107736434e+04,9.988354784466646485e-01,7.433456304008636368e-04,0.000000000000000000e+00,4.877132632965646053e+01,1.862432737346241263e+00
6.027085074172462919e+04,9.980615705013555772e-01,7.443411453441598109e-04,0.000000000000000000e+00,4.876872626328873395e+01,1.863463325250187763e+00
6.027085120237190858e+04,9.973676304077032650e-01,7.443388545646877725e-04,0.000000000000000000e+00,4.876573122337347144e+01,1.864222011235522114e+00
6.027085166301918071e+04,1.000090657872529265e+00,7.443504539427317794e-04,0.000000000000000000e+00,4.876661366408758624e+01,1.862025155892289785e+00
6.027085212366644555e+04,9.979041073080073820e-01,7.443392369532265745e-04,0.000000000000000000e+00,4.876712872983907232e+01,1.862885723182480247e+00
6.027085258431371039e+04,9.968537680931022216e-01,7.455744111959717365e-04,0.000000000000000000e+00,4.875768768035840850e+01,1.862642122468507466e+00
6.027085304496098979e+04,9.987886389647275820e-01,7.443381185974417506e-04,0.000000000000000000e+00,4.876499814684676437e+01,1.867479432922217741e+00
6.027085350560825464e+04,9.981140330518200043e-01,7.443430641718809830e-04,0.000000000000000000e+00,4.875972982309663450e+01,1.862903217350406981e+00
6.027085396625551948e+04,9.987667964352338057e-01,7.443411418202070884e-04,0.000000000000000000e+00,4.876157635762215392e+01,1.861758575968646134e+00
6.027085442690279160e+04,9.986288850973467079e-01,7.443429984004080796e-04,0.000000000000000000e+00,4.876240145564852924e+01,1.863583960159042041e+00
6.027085488755005645e+04,9.984033516781519735e-01,7.443395093937545028e-04,0.000000000000000000e+00,4.876235162761108910e+01,1.864216277581996817e+00
6.027085534819732129e+04,9.996893088060706534e-01,7.443463309923831379e-04,0.000000000000000000e+00,4.876666891674621951e+01,1.864148458848388312e+00
6.027085580884460069e+04,9.976799661818686049e-01,7.448935743210402137e-04,0.000000000000000000e+00,4.876068970557288651e+01,1.860678055527582142e+00
6.027085626949186553e+04,9.991666338159540528e-01,7.443456737277287603e-04,0.000000000000000000e+00,4.875867278988919651e+01,1.862953851964473051e+00
6.027085673013913038e+04,9.986771401989942287e-01,7.443427628127583223e-04,0.000000000000000000e+00,4.876732681073587372e+01,1.863413404000410445e+00
6.027085719078640250e+04,9.990126972708608388e-01,7.443446845423428142e-04,0.000000000000000000e+00,4.876860970473048695e+01,1.864237636699229261e+00
6.027085765143367462e+04,9.994545604094314806e-01,7.443464360915721468e-04,0.000000000000000000e+00,4.876773174864772642e+01,1.864048967261759726e+00
6.027085811208093946e+04,1.000045445659386134e+00,7.443474414091326820e-04,0.000000000000000000e+00,4.876065912779398559e+01,1.864041379380836361e+00
6.027085857272821158e+04,1.000659615147129866e+00,7.443526864045912515e-04,0.000000000000000000e+00,4.876202078817082963e+01,1.865059480980417961e+00
6.027085903337547643e+04,9.995165741783096358e-01,7.443481325604529939e-04,0.000000000000000000e+00,4.876570901792080548e+01,1.860805567738395894e+00
6.027085949402274127e+04,9.995898120521248265e-01,7.443461790270684570e-04,0.000000000000000000e+00,4.876227507424673036e+01,1.863017461519867357e+00
6.027085995467001339e+04,1.000188090135978980e+00,7.443515061037941569e-04,0.000000000000000000e+00,4.876311995729884075e+01,1.861376202843934013e+00
6.027086041531728551e+04,9.993227471040747600e-01,7.443476950244844919e-04,0.000000000000000000e+00,4.876338973259269949e+01,1.865450464496576588e+00
6.027086087596455036e+04,9.998550927310292380e-01,7.443496812612506982e-04,0.000000000000000000e+00,4.875524823349160641e+01,1.866112577080280444e+00
6.027086133661180793e+04,9.975699109401022779e-01,7.443420468400744044e-04,0.000000000000000000e+00,4.875784537361030857e+01,1.863547463067276144e+00
6.027086179725908733e+04,9.996037980176810667e-01,7.443502966606452276e-04,0.000000000000000000e+00,4.876349069427537586e+01,1.864473427611293310e+00
6.027086225790635217e+04,9.994523863766819893e-01,7.443487420008502303e-04,0.000000000000000000e+00,4.875619734751403200e+01,1.863936402535240289e+00
6.027086271855360974e+04,1.000116176323143202e+00,7.443503228257047129e-04,0.000000000000000000e+00,4.876021504095464820e+01,1.863772204379564146e+00
6.027086317920088914e+04,1.000252286751929010e+00,7.448214450785854267e-04,0.000000000000000000e+00,4.875980794568489785e+01,1.859269653361075081e+00
6.027086363984815398e+04,1.000394031449324261e+00,7.443546464014952867e-04,0.000000000000000000e+00,4.875812446827879398e+01,1.864547123513357940e+00
6.027086410049541882e+04,1.000882236825728855e+00,7.443542319146068988e-04,0.000000000000000000e+00,4.876099401298724700e+01,1.861441575906703561e+00
6.027086456114269095e+04,1.000230830564617479e+00,7.443530875716669387e-04,0.000000000000000000e+00,4.875965725939381201e+01,1.863040526082503145e+00
6.027086502178995579e+04,1.000712741410686446e+00,7.443519338551577835e-04,0.000000000000000000e+00,4.876629554195027794e+01,1.863797022597200037e+00
6.027086548243722063e+04,9.996843693007777532e-01,7.443479591494665771e-04,0.000000000000000000e+00,4.876242752729652352e+01,1.867723581005007683e+00
6.027086594308448548e+04,1.000074412276981350e+00,7.443501045538437324e-04,0.000000000000000000e+00,4.876360125461826556e+01,1.864124163335793671e+00
6.027086640373175760e+04,1.000320126905881013e+00,7.443511140634547288e-04,0.000000000000000000e+00,4.876529728659173202e+01,1.862658809600054255e+00
6.027086686437901517e+04,9.998367313212109808e-01,7.443489560902130046e-04,0.000000000000000000e+00,4.877214104036220021e+01,1.863930477007501807e+00
6.027086732502628729e+04,9.999330683557297039e-01,7.443489292998841517e-04,0.000000000000000000e+00,4.877049037233266660e+01,1.862751757618093418e+00
6.027086778567355941e+04,1.002478683255413783e+00,7.447906060208318814e-04,0.000000000000000000e+00,4.876834271933074660e+01,1.865340922941246982e+00
6.027086824632081698e+04,1.001044170328710958e+00,7.443507541669819707e-04,0.000000000000000000e+00,4.876752710758540132e+01,1.864440452195105902e+00
6.027086870696808182e+04,1.001118624481648123e+00,7.443516505250443978e-04,0.000000000000000000e+00,4.876685183590154082e+01,1.864543867972535240e+00
6.027086916761535394e+04,1.001093812172097364e+00,7.443513779815457776e-04,0.000000000000000000e+00,4.876705796522242053e+01,1.865453924312258094e+00
6.027086962826261879e+04,9.996241208390586053e-01,7.444119268236123761e-04,0.000000000000000000e+00,4.877039212161118087e+01,1.864804139982368048e+00
6.027087008890987636e+04,1.000726076768131412e+00,7.443530175882636431e-04,0.000000000000000000e+00,4.875926487571622658e+01,1.863758695510492114e+00
6.027087054955715575e+04,1.003211949829226457e+00,7.443681345687813830e-04,0.000000000000000000e+00,4.875814227382459620e+01,1.864097012719493796e+00
6.027087101020441332e+04,9.998451290093284261e-01,7.443483770041636012e-04,0.000000000000000000e+00,4.876322792588055677e+01,1.862932068987775081e+00
6.027087147085167817e+04,1.000812947139710030e+00,7.443536270981710324e-04,0.000000000000000000e+00,4.876593995425865558e+01,1.867399774820796665e+00
6.027087193149895029e+04,1.000226741922772167e+00,7.461369315591477461e-04,0.000000000000000000e+00,4.876088713125974294e+01,1.863313116697115301e+00
6.027087239214621513e+04,1.001594834314483817e+00,7.459346211585502319e-04,0.000000000000000000e+00,4.876387302234551413e+01,1.862841629444921931e+00
6.027087285279347270e+04,1.000033596393317792e+00,7.443496747189393007e-04,0.000000000000000000e+00,4.876366003115554548e+01,1.865763230203917322e+00
6.027087331344074482e+04,1.000394410542901458e+00,7.443518761912469193e-04,0.000000000000000000e+00,4.877006530624712610e+01,1.865525163357063754e+00
6.027087377408800967e+04,9.993138160218930643e-01,7.449355681420102805e-04,0.000000000000000000e+00,4.876403703768141895e+01,1.865831349726577049e+00
6.027087423473526724e+04,9.999000931618414745e-01,7.449373771536266751e-04,0.000000000000000000e+00,4.876207662590675795e+01,1.863993888237665209e+00
6.027087469538253936e+04,1.000663107864051549e+00,7.449409130597636807e-04,0.000000000000000000e+00,4.876146961279255976e+01,1.864634804039436267e+00
6.027087515602980420e+04,1.001791021361609246e+00,7.450859247236421004e-04,0.000000000000000000e+00,4.876632881579708112e+01,1.865212467702458410e+00
6.027087561667706177e+04,1.000948704279206902e+00,7.449397295662005475e-04,0.000000000000000000e+00,4.876821708427652879e+01,1.869007441563610428e+00
6.027087607732433389e+04,9.997036949409485729e-01,7.449369606518027598e-04,0.000000000000000000e+00,4.876642818629169795e+01,1.863746499337021412e+00
6.027087653797159874e+04,1.000402568038546214e+00,7.449391867878420474e-04,0.000000000000000000e+00,4.876427827366104850e+01,1.863949152703217038e+00
6.027087699861885631e+04,1.002992372858835024e+00,7.449467926921109727e-04,0.000000000000000000e+00,4.876306436896931729e+01,1.867417752259452834e+00
6.027087745926612115e+04,1.001256453683248226e+00,7.449388458595762857e-04,0.000000000000000000e+00,4.876195116374888983e+01,1.867978149882821404e+00
6.027087791991339327e+04,1.000197823403692121e+00,7.449379693174924691e-04,0.000000000000000000e+00,4.876489983263750361e+01,1.864516111671792320e+00
6.027087838056065084e+04,1.000816335939055168e+00,7.449376168745501254e-04,0.000000000000000000e+00,4.875898281021005687e+01,1.867784591515946335e+00
6.027087884120790841e+04,9.998549209224368850e-01,7.449380433023700468e-04,0.000000000000000000e+00,4.876112780626359466e+01,1.863336406056812944e+00
6.027087930185518780e+04,1.001673374526390381e+00,7.449414061889823467e-04,0.000000000000000000e+00,4.876611128700048425e+01,1.864213004398002527e+00
6.027087976250244537e+04,1.000868902661521842e+00,7.449395240629087551e-04,0.000000000000000000e+00,4.876626422553380280e+01,1.865806092824974005e+00
6.027088022314970294e+04,9.997182645342377327e-01,7.449412734818272944e-04,0.000000000000000000e+00,4.877065942482035155e+01,1.863619294341124943e+00
6.027088068379697506e+04,1.000727643920943599e+00,7.452894287792440975e-04,0.000000000000000000e+00,4.877103100695818227e+01,1.865442233725354670e+00
6.027088114444423991e+04,1.002756553600548717e+00,7.449441129740447124e-04,0.000000000000000000e+00,4.877560774983351166e+01,1.866663763378783036e+00
6.027088160509149748e+04,1.001498861731397794e+00,7.449409240949868716e-04,0.000000000000000000e+00,4.877101630319464931e+01,1.870183123953387705e+00
6.027088206573876232e+04,1.000371283073302919e+00,7.449401761272827138e-04,0.000000000000000000e+00,4.876838832472530072e+01,1.864588723283467919e+00
6.027088252638602717e+04,9.997790083586501897e-01,7.449356441330335418e-04,0.000000000000000000e+00,4.876944043547361218e+01,1.865482553526305098e+00
6.027088298703328473e+04,1.001294070917493340e+00,7.485966020428052843e-04,0.000000000000000000e+00,4.877492174989748008e+01,1.868139825556402123e+00
6.027088344768054958e+04,1.001437094688270912e+00,7.449386765893939964e-04,0.000000000000000000e+00,4.875980540579300282e+01,1.865997511611137583e+00
6.027088390832781442e+04,1.001637856394935966e+00,7.449437456620376218e-04,0.000000000000000000e+00,4.876287803423721812e+01,1.867850903792174222e+00
6.027088436897507927e+04,1.002840031360003215e+00,7.449484770669479545e-04,0.000000000000000000e+00,4.876194192898900326e+01,1.867278073500611590e+00
6.027088482962234411e+04,1.002162448750824941e+00,7.449455193951766115e-04,0.000000000000000000e+00,4.876396480890790031e+01,1.864864878009904414e+00
6.027088529026960896e+04,1.003105488272137968e+00,7.449476823485046660e-04,0.000000000000000000e+00,4.876709442308428777e+01,1.868003246148929541e+00
6.027088575091686653e+04,1.001584156914514967e+00,7.449437020909116395e-04,0.000000000000000000e+00,4.876582593645699859e+01,1.867250252122137910e+00
6.027088621156412410e+04,1.001875680888428821e+00,7.449459221303868098e-04,0.000000000000000000e+00,4.876999170428742758e+01,1.866035810003467299e+00
6.027088667221139622e+04,1.000149644872652788e+00,7.449347181594193502e-04,0.000000000000000000e+00,4.876493033896873897e+01,1.866507326018589819e+00
6.027088713285865379e+04,1.001733192528758920e+00,7.449462811907995056e-04,0.000000000000000000e+00,4.876176591149732076e+01,1.867157806685315835e+00
6.027088759350591135e+04,1.000809542925793938e+00,7.449445579200854447e-04,0.000000000000000000e+00,4.877033581026586262e+01,1.866997614958847640e+00
6.027088805415318348e+04,1.001375124500424985e+00,7.449407063717999530e-04,0.000000000000000000e+00,4.876544134398005070e+01,1.866186510912138274e+00
6.027088851480044104e+04,1.002038742153563922e+00,7.449478258693170880e-04,0.000000000000000000e+00,4.876363809469495436e+01,1.866580184997564951e+00
6.027088897544769861e+04,1.001393113549880587e+00,7.449468765951064182e-04,0.000000000000000000e+00,4.876849719291777063e+01,1.869236310004720014e+00
6.027088943609497073e+04,1.002126427240972673e+00,7.449419415780131988e-04,0.000000000000000000e+00,4.876730085276157212e+01,1.866333920553410186e+00
6.027088989674222830e+04,1.001780631515183151e+00,7.449437163988413720e-04,0.000000000000000000e+00,4.876432725791534750e+01,1.867535858480490418e+00
6.027089035738948587e+04,1.001260529905567243e+00,7.449441489642389357e-04,0.000000000000000000e+00,4.876951575606449296e+01,1.868524205894915635e+00
6.027089081803675072e+04,1.001971019341276969e+00,7.449427451561515829e-04,0.000000000000000000e+00,4.876744491174169127e+01,1.868679473486343667e+00
6.027089127868400828e+04,1.001796379125784009e+00,7.449459209000300645e-04,0.000000000000000000e+00,4.876886162166597671e+01,1.864369777153409125e+00
6.027089173933126585e+04,1.001811784836269759e+00,7.449441524962603992e-04,0.000000000000000000e+00,4.876617649956654788e+01,1.863762519639801774e+00
6.027089219997853070e+04,1.000738671104602684e+00,7.449417488495067591e-04,0.000000000000000000e+00,4.876214844917427627e+01,1.867873543879128517e+00
6.027089266062579554e+04,1.001048059726602490e+00,7.449424353860783837e-04,0.000000000000000000e+00,4.876320426751305348e+01,1.868078413401092153e+00
6.027089312127305311e+04,1.001751061398082454e+00,7.449442672992280957e-04,0.000000000000000000e+00,4.877301584721021044e+01,1.865257234953401788e+00
6.027089358192031068e+04,1.002904048410969695e+00,7.449513219628465643e-04,0.000000000000000000e+00,4.876412411940452785e+01,1.866104817769985713e+00
6.027089404256758280e+04,1.003977175506550301e+00,7.449548375800361813e-04,0.000000000000000000e+00,4.876002030370926832e+01,1.866082674633496197e+00
6.027089450321483309e+04,1.001325172794077734e+00,7.449412104826756090e-04,0.000000000000000000e+00,4.876110577000260093e+01,1.866764653107059857e+00
6.027089496386209066e+04,1.002341292246480497e+00,7.449465221172975500e-04,0.000000000000000000e+00,4.876114827699698395e+01,1.866903194067416116e+00
6.027089542450936278e+04,1.001551719827047826e+00,7.449440861500461778e-04,0.000000000000000000e+00,4.876633217360594585e+01,1.867172979113696396e+00
6.027089588515662035e+04,1.001398838874346664e+00,7.449424333570593953e-04,0.000000000000000000e+00,4.876672392068758910e+01,1.864098326872217548e+00
6.027089634580387792e+04,1.001013064348855508e+00,7.449444807866385711e-04,0.000000000000000000e+00,4.876368970339726161e+01,1.865750600629930478e+00
6.027089680645114277e+04,1.001492036613033987e+00,7.453873328533157892e-04,0.000000000000000000e+00,4.875775362224226228e+01,1.866015787205996146e+00
6.027089726709840033e+04,1.001881130942135378e+00,7.453872306397761821e-04,0.000000000000000000e+00,4.876631739494408180e+01,1.868803829477911238e+00
6.027089772774565790e+04,1.002228313342439892e+00,7.453858605911002199e-04,0.000000000000000000e+00,4.876984522109889753e+01,1.868336379387674384e+00
6.027089818839292275e+04,1.000869476520668266e+00,7.453872776030186133e-04,0.000000000000000000e+00,4.876244003504118041e+01,1.869143100756197828e+00
6.027089864904018032e+04,1.002892640214911646e+00,7.453911396432332621e-04,0.000000000000000000e+00,4.876110963099078788e+01,1.867086306986369904e+00
6.027089910968743789e+04,1.001341138978149914e+00,7.453844313977338104e-04,0.000000000000000000e+00,4.876376960523086268e+01,1.867066261651828540e+00
6.027089957033469545e+04,1.002229487298860411e+00,7.453878439221541885e-04,0.000000000000000000e+00,4.876248263286227314e+01,1.865546108292147398e+00
6.027090003098196030e+04,1.001637096834269602e+00,7.453870148561658011e-04,0.000000000000000000e+00,4.875680703700516005e+01,1.869087565903644332e+00
6.027090049162921787e+04,1.002432865283022556e+00,7.453888034792191791e-04,0.000000000000000000e+00,4.875889867970611391e+01,1.867340486936223121e+00
6.027090095227647544e+04,1.003267909540117575e+00,7.453939362957705261e-04,0.000000000000000000e+00,4.876045013225876801e+01,1.867051943911258283e+00
6.027090141292374028e+04,1.000772682897207888e+00,7.453838081552703132e-04,0.000000000000000000e+00,4.876372795272881433e+01,1.866797433540165807e+00
6.027090187357099785e+04,1.001690928493344845e+00,7.453851729209602043e-04,0.000000000000000000e+00,4.876206507190481432e+01,1.870169982942137654e+00
6.027090233421824814e+04,1.003031779572233662e+00,7.453915141195584281e-04,0.000000000000000000e+00,4.875984371762328351e+01,1.866037551237517356e+00
6.027090279486552026e+04,1.001893740901321106e+00,7.453893151476687594e-04,0.000000000000000000e+00,4.876720755809353847e+01,1.866394400093359884e+00
6.027090325551277056e+04,1.003094613606335006e+00,7.453932258538850837e-04,0.000000000000000000e+00,4.876100032319321542e+01,1.871332231344877917e+00
6.027090371616002813e+04,1.003240240616763090e+00,7.453927898485846436e-04,0.000000000000000000e+00,4.876490854386679530e+01,1.870685838964654124e+00
6.027090417680729297e+04,1.002601280592077648e+00,7.453902034851491581e-04,0.000000000000000000e+00,4.876498248173348316e+01,1.869316916173878074e+00
6.027090463745455054e+04,1.000871493652826016e+00,7.453849732371274758e-04,0.000000000000000000e+00,4.875900693209269576e+01,1.866808413637331521e+00
6.027090509810180083e+04,1.002592934547086756e+00,7.453867711002036631e-04,0.000000000000000000e+00,4.875489614978378228e+01,1.868352218196354331e+00
6.027090555874907295e+04,1.001874245464283275e+00,7.453843300327578272e-04,0.000000000000000000e+00,4.876011538545215274e+01,1.870484609198649784e+00
6.027090601939632325e+04,1.002551142947471829e+00,7.453936337265292715e-04,0.000000000000000000e+00,4.875313550521293138e+01,1.866994928112902130e+00
6.027090648004358081e+04,1.002727737223341409e+00,7.453930071185732109e-04,0.000000000000000000e+00,4.875366623640159247e+01,1.867820027779947489e+00
6.027090694069083838e+04,1.003449576323531156e+00,7.453933408472256713e-04,0.000000000000000000e+00,4.876060651233915166e+01,1.868165061525492998e+00
6.027090740133810323e+04,1.003148543070854659e+00,7.453906109212269813e-04,0.000000000000000000e+00,4.875716484552760477e+01,1.869017283248563643e+00
6.027090786198535352e+04,1.003180492185382855e+00,7.453938693934093794e-04,0.000000000000000000e+00,4.875639339698964392e+01,1.866395838033511945e+00
6.027090832263261836e+04,1.003212924714681487e+00,7.453939394177652679e-04,0.000000000000000000e+00,4.875591877267323326e+01,1.868596185805259990e+00
6.027090878327987593e+04,1.002762393554129217e+00,7.461909559577145547e-04,0.000000000000000000e+00,4.875898799468522782e+01,1.868955383343051224e+00
6.027090924392712623e+04,1.002676660040261236e+00,7.453924939044661484e-04,0.000000000000000000e+00,4.876249699820076700e+01,1.867623305030843284e+00
6.027090970457439107e+04,1.001225299648141442e+00,7.457923699304040222e-04,0.000000000000000000e+00,4.876357907373373735e+01,1.869697766626476465e+00
6.027091016522164864e+04,1.002117212267617852e+00,7.453890388991035038e-04,0.000000000000000000e+00,4.876597167428688806e+01,1.869207906414126263e+00
6.027091062586890621e+04,1.001672538740843166e+00,7.453889541030890012e-04,0.000000000000000000e+00,4.876416226139919985e+01,1.865719434403898980e+00
6.027091108651615650e+04,1.002523602587086060e+00,7.453884639696168896e-04,0.000000000000000000e+00,4.876447930968112843e+01,1.870447081070367501e+00
6.027091154716342135e+04,1.001669305069518234e+00,7.453864056005464304e-04,0.000000000000000000e+00,4.876922838808185645e+01,1.867118003807298310e+00
6.027091200781067892e+04,1.003549239657286929e+00,7.453930488097423911e-04,0.000000000000000000e+00,4.876651565491182083e+01,1.869076415924772583e+00
6.027091246845792921e+04,1.004590791409707640e+00,7.453955685653604162e-04,0.000000000000000000e+00,4.876251648782111658e+01,1.871797437942336551e+00
6.027091292910519405e+04,1.003276809769166888e+00,7.453913418206342765e-04,0.000000000000000000e+00,4.876150181573332532e+01,1.869414848222714864e+00
6.027091338975244435e+04,1.002386439235836146e+00,7.453922765818362045e-04,0.000000000000000000e+00,4.876368223907402921e+01,1.868059387753051137e+00
6.027091385039970191e+04,1.002201564821231239e+00,7.453886236556548283e-04,0.000000000000000000e+00,4.875649036951177351e+01,1.867806406380432271e+00
6.027091431104696676e+04,1.001810386328356284e+00,7.453868591046708750e-04,0.000000000000000000e+00,4.875807854047406664e+01,1.869675452512089331e+00
6.027091477169421705e+04,1.002776238933621222e+00,7.453900692959802669e-04,0.000000000000000000e+00,4.875349141786084317e+01,1.868167717460383237e+00
6.027091523234146734e+04,1.003370949856862593e+00,7.453943363868204431e-04,0.000000000000000000e+00,4.875025910321127043e+01,1.871167983952997549e+00
6.027091569298873219e+04,1.001318698013273556e+00,7.453872366916025399e-04,0.000000000000000000e+00,4.876375901678431291e+01,1.869252217207826750e+00
6.027091615363598976e+04,1.003310270506880597e+00,7.453894507523940163e-04,0.000000000000000000e+00,4.876843635956321066e+01,1.869578117810960061e+00
6.027091661428324005e+04,1.002012630823635009e+00,7.453877475506626724e-04,0.000000000000000000e+00,4.875567802191797284e+01,1.866489804560432564e+00
6.027091707493049762e+04,1.002584573190512973e+00,7.455231807120168541e-04,0.000000000000000000e+00,4.876464326277766048e+01,1.869528215319387732e+00
6.027091753557775519e+04,1.002859446955643996e+00,7.453892476741648702e-04,0.000000000000000000e+00,4.876781472059801814e+01,1.867215875251613921e+00
6.027091799622500548e+04,1.002839510486937868e+00,7.453918494029298071e-04,0.000000000000000000e+00,4.877181847462864539e+01,1.865951490984852246e+00
6.027091845687226305e+04,1.002605726764825622e+00,7.453918060684422246e-04,0.000000000000000000e+00,4.875905068697448996e+01,1.867223974719753654e+00
6.027091891751952789e+04,1.001747073229149576e+00,7.453884343807866972e-04,0.000000000000000000e+00,4.876347539406856413e+01,1.867414827745188743e+00
6.027091937816677819e+04,1.002517878765220694e+00,7.453937064892456965e-04,0.000000000000000000e+00,4.875121060436907072e+01,1.868862455855116345e+00
6.027091983881402848e+04,1.002658765128773277e+00,7.456752682131381196e-04,0.000000000000000000e+00,4.875140949436644178e+01,1.868807596335438914e+00
6.027092029946129333e+04,1.001848989073333751e+00,7.456695006195089744e-04,0.000000000000000000e+00,4.875733710311671842e+01,1.869165448120320594e+00
6.027092076010854362e+04,1.002047432553519135e+00,7.456743684990706569e-04,0.000000000000000000e+00,4.876204580497388008e+01,1.866848236814308670e+00
6.027092122075579391e+04,1.003986206758112232e+00,7.456814927679635777e-04,0.000000000000000000e+00,4.875881060699809666e+01,1.868663126177950717e+00
6.027092168140305876e+04,1.001206684439992056e+00,7.456687456522199855e-04,0.000000000000000000e+00,4.876030207739000844e+01,1.868793912942042779e+00
6.027092214205030905e+04,1.003512858437338950e+00,7.456772659952819356e-04,0.000000000000000000e+00,4.876631694431677033e+01,1.870146511564024561e+00
6.027092260269755934e+04,1.003671456568479892e+00,7.456782349388621457e-04,0.000000000000000000e+00,4.876257268823181334e+01,1.868232903519936317e+00
6.027092306334482419e+04,1.002552144543181090e+00,7.457702350179613469e-04,0.000000000000000000e+00,4.876134103331484937e+01,1.871913531058729596e+00
6.027092352399207448e+04,1.003375931456887304e+00,7.456789722492561997e-04,0.000000000000000000e+00,4.875977034304980151e+01,1.867466561003755965e+00
6.027092398463932477e+04,1.003380567407160973e+00,7.456727067644401165e-04,0.000000000000000000e+00,4.876109314989145105e+01,1.871583183709383258e+00
6.027092444528658234e+04,1.002647518808014615e+00,7.456733728882933504e-04,0.000000000000000000e+00,4.876258159869767184e+01,1.869549865380225384e+00
6.027092490593383991e+04,1.003473043203905624e+00,7.456798084252657093e-04,0.000000000000000000e+00,4.876181456343930165e+01,1.868901372174858633e+00
6.027092536658109020e+04,1.002829118314640056e+00,7.456720196367697074e-04,0.000000000000000000e+00,4.876263978441454583e+01,1.871895866945465281e+00
6.027092582722834777e+04,1.003065287609118394e+00,7.456735521513339600e-04,0.000000000000000000e+00,4.876752434945691306e+01,1.870560548281009039e+00
6.027092628787560534e+04,1.001204663286192398e+00,7.456642199215943309e-04,0.000000000000000000e+00,4.877700159253797096e+01,1.870001410196826308e+00
6.027092674852285563e+04,1.002949294892788279e+00,7.456733785362806366e-04,0.000000000000000000e+00,4.876766195387449443e+01,1.869219991998021690e+00
6.027092720917010593e+04,1.001517505489470050e+00,7.456677746226292661e-04,0.000000000000000000e+00,4.876691723011585111e+01,1.868370596688905927e+00
6.027092766981736349e+04,1.004480682797212587e+00,7.456768862103164150e-04,0.000000000000000000e+00,4.876078070707887946e+01,1.869228556029097543e+00
6.027092813046461379e+04,1.002431989289855219e+00,7.456721312902067460e-04,0.000000000000000000e+00,4.876368729027963411e+01,1.870473010469177799e+00
6.027092859111186408e+04,1.003515930128700662e+00,7.458312286528573582e-04,0.000000000000000000e+00,4.875881820178904036e+01,1.871780414777555190e+00
6.027092905175912892e+04,1.001390419928417375e+00,7.456673431011134803e-04,0.000000000000000000e+00,4.875983656067885619e+01,1.869456417607202603e+00
6.027092951240637922e+04,1.002701049735564176e+00,7.456759705832230641e-04,0.000000000000000000e+00,4.876107925038442659e+01,1.870372418648155621e+00
6.027092997305362951e+04,1.000288004445990087e+00,7.456647786783037433e-04,0.000000000000000000e+00,4.875966160084232115e+01,1.870897063004236749e+00
6.027093043370088708e+04,1.003099356540021025e+00,7.456738785248501721e-04,0.000000000000000000e+00,4.875923254567410225e+01,1.871415657040167879e+00
6.027093089434813737e+04,1.003448076179998427e+00,7.456796003196269765e-04,0.000000000000000000e+00,4.875559321634999321e+01,1.870416681954248705e+00
6.027093135499538766e+04,1.003285200130665356e+00,7.456740139226928493e-04,0.000000000000000000e+00,4.875629973085095514e+01,1.870237691147370152e+00
6.027093181564264523e+04,1.003594140586552053e+00,7.456785945964691190e-04,0.000000000000000000e+00,4.876189181841427711e+01,1.870745077386469779e+00
6.027093227628989553e+04,1.003239088322086525e+00,7.456766431629505447e-04,0.000000000000000000e+00,4.876609200876821149e+01,1.870525229368940057e+00
6.027093273693714582e+04,1.003496748790539073e+00,7.456772454511640964e-04,0.000000000000000000e+00,4.876560317567327019e+01,1.871160835379260146e+00
6.027093319758440339e+04,1.000442783651122269e+00,7.456660942771927954e-04,0.000000000000000000e+00,4.876317069255934200e+01,1.869592700937376062e+00
6.027093365823165368e+04,1.002144031737826735e+00,7.456709938279258059e-04,0.000000000000000000e+00,4.876737201202628569e+01,1.872346328505164470e+00
6.027093411887890397e+04,1.003194847551897029e+00,7.456754028621695191e-04,0.000000000000000000e+00,4.876778478320613175e+01,1.868446028918625101e+00
6.027093457952616154e+04,1.002313595346980613e+00,7.456731359797096710e-04,0.000000000000000000e+00,4.875963950784934298e+01,1.870589463350357473e+00
6.027093504017341911e+04,1.003283896514537421e+00,7.456766281887923465e-04,0.000000000000000000e+00,4.875988370981001907e+01,1.869531527191254927e+00
6.027093550082066213e+04,1.002647705337528450e+00,7.456722269249986068e-04,0.000000000000000000e+00,4.877010727911049059e+01,1.872288030215442545e+00
6.027093596146791242e+04,1.001323244034508342e+00,7.456659775087521756e-04,0.000000000000000000e+00,4.876480001596543445e+01,1.870078839783995583e+00
6.027093642211516999e+04,1.003929500301906197e+00,7.456787446465242908e-04,0.000000000000000000e+00,4.875902447288220998e+01,1.871631594872500859e+00
6.027093688276242028e+04,1.001925341852276663e+00,7.456741944477162732e-04,0.000000000000000000e+00,4.876204279589642709e+01,1.872260707039655081e+00
6.027093734340967058e+04,1.000785152706464842e+00,7.456669248466951845e-04,0.000000000000000000e+00,4.875672596048521257e+01,1.869040436501733238e+00
6.027093780405692814e+04,1.001207841532468557e+00,7.456730931177100227e-04,0.000000000000000000e+00,4.875379703907118056e+01,1.870321751619989037e+00
6.027093826470417844e+04,1.004109563370559233e+00,7.456798644297378195e-04,0.000000000000000000e+00,4.875488503056449474e+01,1.872486716245626459e+00
6.027093872535142145e+04,1.002726200793301548e+00,7.456727699070226419e-04,0.000000000000000000e+00,4.876325128319376745e+01,1.871957561004616633e+00
6.027093918599868630e+04,1.001574528485033699e+00,7.456678654340437523e-04,0.000000000000000000e+00,4.875911690756789341e+01,1.870809477047704394e+00
6.027093964664592932e+04,1.003353227506494916e+00,7.456745877513816251e-04,0.000000000000000000e+00,4.876400674984045480e+01,1.869327042587342502e+00
6.027094010729317961e+04,1.002980095922335391e+00,7.456760539986680798e-04,0.000000000000000000e+00,4.876648108122259373e+01,1.868823835299412428e+00
6.027094056794042990e+04,1.003274892674449026e+00,7.456734538618870660e-04,0.000000000000000000e+00,4.876574739261042879e+01,1.869968239606452975e+00
6.027094102858768747e+04,1.001063790420930966e+00,7.456684824755153811e-04,0.000000000000000000e+00,4.876080221724117791e+01,1.870020345102095138e+00
6.027094148923493049e+04,1.002522342136878741e+00,7.456731983284626761e-04,0.000000000000000000e+00,4.876491924536937006e+01,1.870084287045599147e+00
6.027094194988218806e+04,1.002731810450886885e+00,7.456766112812137108e-04,0.000000000000000000e+00,4.875706204669219801e+01,1.867309720587202682e+00
6.027094241052943835e+04,1.001747368281939110e+00,7.456751630873167686e-04,0.000000000000000000e+00,4.875258089987862320e+01,1.873036465888331614e+00
6.027094287117668864e+04,1.003301059797214290e+00,7.457408326652131998e-04,0.000000000000000000e+00,4.875893382901627149e+01,1.870622724799598791e+00
6.027094333182393166e+04,1.003189335520628500e+00,7.457404988148401805e-04,0.000000000000000000e+00,4.875774517398392760e+01,1.872682816003898409e+00
6.027094379247119650e+04,1.000817683372797529e+00,7.457353834734726768e-04,0.000000000000000000e+00,4.875747311670482986e+01,1.871373357239522361e+00
6.027094425311843952e+04,1.003687256981182108e+00,7.457395239561687454e-04,0.000000000000000000e+00,4.876544633456007460e+01,1.872874407546426090e+00
6.027094471376568254e+04,1.001594394149206479e+00,7.457359339095489528e-04,0.000000000000000000e+00,4.876005909323859555e+01,1.870939199220184257e+00
6.027094517441294738e+04,1.002816839294909945e+00,7.457389936217611714e-04,0.000000000000000000e+00,4.876408573294730786e+01,1.871920767807506047e+00
6.027094563506019040e+04,1.002685922484112258e+00,7.457387408852631005e-04,0.000000000000000000e+00,4.875736002356428855e+01,1.873246442048157379e+00
6.027094609570743341e+04,1.002039529063674772e+00,7.457392591616169002e-04,0.000000000000000000e+00,4.875926188120271121e+01,1.869617994821580975e+00
6.027094655635469826e+04,1.001603557824043644e+00,7.457337310617460219e-04,0.000000000000000000e+00,4.876117207676286114e+01,1.870623690484961577e+00
6.027094701700194128e+04,1.002367371279848873e+00,7.457362648987611196e-04,0.000000000000000000e+00,4.876219954739529072e+01,1.871746709379337403e+00
6.027094747764918429e+04,1.002013307404793663e+00,7.457364392916081795e-04,0.000000000000000000e+00,4.876645072852688401e+01,1.869217171507606690e+00
6.027094793829644914e+04,1.003506089724786499e+00,7.457416766746637450e-04,0.000000000000000000e+00,4.876910965957453215e+01,1.872207895173916725e+00
6.027094839894369215e+04,1.002694327331692170e+00,7.457378298755938141e-04,0.000000000000000000e+00,4.876492483915971832e+01,1.872100165147341455e+00
6.027094885959093517e+04,1.002233478201524752e+00,7.465404256240780467e-04,0.000000000000000000e+00,4.876574538005915826e+01,1.870566534698835603e+00
6.027094932023818546e+04,1.002386960949791073e+00,7.457382339153330883e-04,0.000000000000000000e+00,4.876830647077029823e+01,1.871097028016024844e+00
6.027094978088544303e+04,1.003995005100507765e+00,7.457441839269649203e-04,0.000000000000000000e+00,4.876007124189271025e+01,1.870673810110732527e+00
6.027095024153268605e+04,1.002052298683888676e+00,7.457382611840907612e-04,0.000000000000000000e+00,4.875193641202593398e+01,1.869344113574021415e+00
6.027095070217993634e+04,1.002450321527636801e+00,7.465004770775815262e-04,0.000000000000000000e+00,4.874641723201254706e+01,1.872077110472835093e+00
6.027095116282718664e+04,1.003609521285630635e+00,7.457409496381952815e-04,0.000000000000000000e+00,4.875523481978822105e+01,1.871183369475932778e+00
6.027095162347442965e+04,1.003549700240175868e+00,7.457441017202482260e-04,0.000000000000000000e+00,4.875700052038218502e+01,1.872528510143826264e+00
6.027095208412167995e+04,1.001954907110745641e+00,7.457393207986035390e-04,0.000000000000000000e+00,4.875948305162530971e+01,1.871282734251436652e+00
6.027095254476893751e+04,1.001740835960815978e+00,7.457340469916448004e-04,0.000000000000000000e+00,4.876353353879454744e+01,1.871949053651098538e+00
6.027095300541618053e+04,1.002616461781520085e+00,7.457400510907626415e-04,0.000000000000000000e+00,4.876128769546845376e+01,1.871808012987166370e+00
6.027095346606342355e+04,1.001778567387099583e+00,7.457359336445400179e-04,0.000000000000000000e+00,4.876434167246653573e+01,1.870641329815720288e+00
6.027095392671068112e+04,1.002402471258979189e+00,7.457372096330180901e-04,0.000000000000000000e+00,4.876424763991664690e+01,1.867988790101111407e+00
6.027095438735792413e+04,1.001977188179644651e+00,7.457418186863297351e-04,0.000000000000000000e+00,4.873891949182954875e+01,1.870872247645554376e+00
6.027095484800516715e+04,1.001580163032228077e+00,7.457360152702562951e-04,0.000000000000000000e+00,4.876408758446397229e+01,1.871041649178715627e+00
6.027095530865242472e+04,1.002515424483483519e+00,7.457360480503271620e-04,0.000000000000000000e+00,4.877790447313354605e+01,1.871096564926405970e+00
6.027095576929967501e+04,1.000854510412368947e+00,7.457310660400226455e-04,0.000000000000000000e+00,4.877323469841481085e+01,1.871578639477625483e+00
6.027095622994691803e+04,1.002698674346907293e+00,7.466062295986998889e-04,0.000000000000000000e+00,4.876637813516024522e+01,1.871306546712213414e+00
6.027095669059416832e+04,1.002190827954751118e+00,7.457384631900153358e-04,0.000000000000000000e+00,4.877127469406418214e+01,1.871126335478776159e+00
6.027095715124141861e+04,1.004094442614441141e+00,7.457437827120802542e-04,0.000000000000000000e+00,4.877014601693528562e+01,1.872070239051216500e+00
6.027095761188866163e+04,1.001739519692647740e+00,7.457371631660979347e-04,0.000000000000000000e+00,4.876872899929536942e+01,1.871578288193620709e+00
6.027095807253591192e+04,1.000724031301097217e+00,7.457357466773547943e-04,0.000000000000000000e+00,4.876470279389644702e+01,1.870466038090097927e+00
6.027095853318316222e+04,1.001694493491700699e+00,7.457345130433331443e-04,0.000000000000000000e+00,4.876564189112064440e+01,1.870627435226324575e+00
6.027095899383040523e+04,1.002517546783891156e+00,7.457403532421375252e-04,0.000000000000000000e+00,4.875844494221011871e+01,1.872704016977808195e+00
6.027095945447765553e+04,9.999660330266526564e-01,7.457334313484452947e-04,0.000000000000000000e+00,4.875594406501360112e+01,1.869728372267969840e+00
6.027095991512490582e+04,1.002637736502007604e+00,7.457372657397719901e-04,0.000000000000000000e+00,4.876173279355992918e+01,1.871177866765775244e+00
6.027096037577214156e+04,1.001740135721248537e+00,7.457360790753643021e-04,0.000000000000000000e+00,4.876129541914273346e+01,1.872235475791403259e+00
6.027096083641938458e+04,1.002441254529889969e+00,7.457397823786853126e-04,0.000000000000000000e+00,4.875762243410514429e+01,1.875044894797051942e+00
6.027096129706664215e+04,1.001460697739975370e+00,7.457352849357506410e-04,0.000000000000000000e+00,4.875675636196396567e+01,1.871310024963582563e+00
6.027096175771388516e+04,1.001831248749169845e+00,7.457386503462280639e-04,0.000000000000000000e+00,4.876098987638941651e+01,1.868486885169572842e+00
6.027096221836112818e+04,1.001937161848886149e+00,7.467569376943241017e-04,0.000000000000000000e+00,4.875671974215004667e+01,1.874179362219578149e+00
6.027096267900838575e+04,1.003355520131354206e+00,7.457430191826275919e-04,0.000000000000000000e+00,4.875997354468715628e+01,1.872915823138555425e+00
6.027096313965562877e+04,1.002842599374313748e+00,7.457411323188253447e-04,0.000000000000000000e+00,4.876183086286302171e+01,1.872228268922843331e+00
6.027096360030287178e+04,1.001502806987573768e+00,7.457385471601869721e-04,0.000000000000000000e+00,4.875681844015753086e+01,1.869253200872560639e+00
6.027096406095012208e+04,1.001478393713783888e+00,7.457382855483959310e-04,0.000000000000000000e+00,4.875771816190243868e+01,1.872531302303313439e+00
6.027096452159736509e+04,1.001282111271426967e+00,7.457374481462597992e-04,0.000000000000000000e+00,4.875803204814299363e+01,1.873462009231664727e+00
6.027096498224460811e+04,1.001921271168196181e+00,7.457399176803587151e-04,0.000000000000000000e+00,4.875284601481904900e+01,1.870736321330703111e+00
6.027096544289185840e+04,1.002568680590290917e+00,7.457416862520760675e-04,0.000000000000000000e+00,4.875123229533102176e+01,1.870717003560864899e+00
6.027096590353910869e+04,1.001347042617208638e+00,7.458684833087456806e-04,0.000000000000000000e+00,4.875477989906918452e+01,1.871504667932055721e+00
6.027096636418634444e+04,1.000408938823216909e+00,7.458637066615577587e-04,0.000000000000000000e+00,4.875847260957879570e+01,1.873529928840399705e+00
6.027096682483359473e+04,1.002379090215402391e+00,7.458703632603054480e-04,0.000000000000000000e+00,4.875526390769790908e+01,1.873674264529039624e+00
6.027096728548084502e+04,1.003956979008633121e+00,7.458786936804051668e-04,0.000000000000000000e+00,4.875489880564002476e+01,1.873779616480748755e+00
6.027096774612808804e+04,1.002457897249024121e+00,7.458721612309997598e-04,0.000000000000000000e+00,4.875689810206355901e+01,1.872278942425615433e+00
6.027096820677532378e+04,1.001564131102514965e+00,7.476735143562456606e-04,0.000000000000000000e+00,4.876254833418106216e+01,1.870133594835157176e+00
6.027096866742258135e+04,1.002870541413405370e+00,7.458700806541301159e-04,0.000000000000000000e+00,4.876321537540916040e+01,1.872841570683865253e+00
6.027096912806982436e+04,1.003774955277718650e+00,7.458738394401105004e-04,0.000000000000000000e+00,4.876325903323680677e+01,1.877726789632943039e+00
6.027096958871706011e+04,1.001853296193151666e+00,7.458715590855960172e-04,0.000000000000000000e+00,4.875250154906857603e+01,1.870752456852567969e+00
6.027097004936431767e+04,1.003673384477976382e+00,7.458739612050888090e-04,0.000000000000000000e+00,4.876278842563412752e+01,1.872875126459399242e+00
6.027097051001156069e+04,1.001689890001647321e+00,7.458674503230940198e-04,0.000000000000000000e+00,4.876283135994946605e+01,1.875136378242346469e+00
6.027097097065879643e+04,1.003013154401009688e+00,7.458745942809554951e-04,0.000000000000000000e+00,4.875418439380460711e+01,1.873452488723547305e+00
6.027097143130605400e+04,1.000650212984485865e+00,7.458665420952755466e-04,0.000000000000000000e+00,4.875612427548470862e+01,1.873263108706831215e+00
6.027097189195329702e+04,1.002693288760303947e+00,7.458694149495814470e-04,0.000000000000000000e+00,4.876547923758806036e+01,1.871849716034701183e+00
6.027097235260053276e+04,1.001302850817362033e+00,7.458670179914603108e-04,0.000000000000000000e+00,4.876142193037151884e+01,1.872908386914232670e+00
6.027097281324779033e+04,1.002447386079708957e+00,7.458739360143941182e-04,0.000000000000000000e+00,4.875777199898860204e+01,1.872979785144059051e+00
6.027097327389502607e+04,1.002753734846795197e+00,7.458734457992022195e-04,0.000000000000000000e+00,4.876021593171655866e+01,1.873194044304074657e+00
6.027097373454226909e+04,1.001414361445280621e+00,7.458690738906611920e-04,0.000000000000000000e+00,4.876151251158864852e+01,1.870952754017477959e+00
6.027097419518951210e+04,1.001715805273336368e+00,7.458670599621589287e-04,0.000000000000000000e+00,4.876248284675910583e+01,1.872195667424692234e+00
6.027097465583676239e+04,1.000452768092816802e+00,7.458662050634881939e-04,0.000000000000000000e+00,4.876546230276402127e+01,1.874003611577980122e+00
6.027097511648400541e+04,1.003566090991409476e+00,7.458767821330994146e-04,0.000000000000000000e+00,4.876333435003890315e+01,1.871753987403626418e+00
6.027097557713124843e+04,1.001518327787149998e+00,7.460379125126300869e-04,0.000000000000000000e+00,4.876080920833879873e+01,1.871336317102982649e+00
6.027097603777849872e+04,1.001463961901347455e+00,7.458670416768809061e-04,0.000000000000000000e+00,4.875725644261187597e+01,1.871025375999701312e+00
6.027097649842573446e+04,1.002590657614190084e+00,7.458674511320045756e-04,0.000000000000000000e+00,4.875782791500775204e+01,1.873204515263063641e+00
6.027097695907297020e+04,1.001128318837916753e+00,7.458633301290093455e-04,0.000000000000000000e+00,4.876349777354005255e+01,1.871675059787641038e+00
6.027097741972022777e+04,1.001893180842782671e+00,7.458652947808027019e-04,0.000000000000000000e+00,4.876341051705435348e+01,1.873199903218741191e+00
6.027097788036746351e+04,1.003905008624105699e+00,7.458757697235073817e-04,0.000000000000000000e+00,4.876147833948844124e+01,1.873275442197300800e+00
6.027097834101470653e+04,1.002428280582279951e+00,7.458689580684895685e-04,0.000000000000000000e+00,4.875890420716272189e+01,1.874210640267399475e+00
6.027097880166195682e+04,1.002473360920488776e+00,7.458687674004687001e-04,0.000000000000000000e+00,4.876422376919074964e+01,1.872796268834454603e+00
6.027097926230919984e+04,1.001485123947603473e+00,7.458665173074867545e-04,0.000000000000000000e+00,4.876640723367447805e+01,1.871583333268578286e+00
6.027097972295643558e+04,1.002616294185088908e+00,7.459885605238788858e-04,0.000000000000000000e+00,4.876935030923486636e+01,1.872609962284602192e+00
6.027098018360368587e+04,1.003207611941478561e+00,7.458752788855819559e-04,0.000000000000000000e+00,4.876774029165194690e+01,1.871738586876858790e+00
6.027098064425092889e+04,1.002455426316136489e+00,7.458689787139205713e-04,0.000000000000000000e+00,4.875968558433093847e+01,1.874201625867994547e+00
6.027098110489816463e+04,1.000618596082239131e+00,7.458630925501510663e-04,0.000000000000000000e+00,4.876345938365608390e+01,1.871812144709132486e+00
6.027098156554541492e+04,1.002951042468743115e+00,7.458687998648923191e-04,0.000000000000000000e+00,4.876356754130873128e+01,1.872932508724568956e+00
6.027098202619265794e+04,1.001704459801419533e+00,7.458684856651203246e-04,0.000000000000000000e+00,4.876108577484487938e+01,1.872944211869668640e+00
6.027098248683989368e+04,1.001231926668070260e+00,7.458666030091401023e-04,0.000000000000000000e+00,4.875915801750581124e+01,1.872653627199173165e+00
6.027098294748713670e+04,1.002416321805176924e+00,7.458674585916753690e-04,0.000000000000000000e+00,4.876461953510061420e+01,1.875743850649598032e+00
6.027098340813438699e+04,1.001298304395786598e+00,7.458665467826335787e-04,0.000000000000000000e+00,4.876173498066223999e+01,1.872687919518665645e+00
6.027098386878162273e+04,1.000869379504724987e+00,7.458645842287598251e-04,0.000000000000000000e+00,4.876429995593311872e+01,1.871473733822710095e+00
6.027098432942886575e+04,1.001136944642494031e+00,7.458650795492266505e-04,0.000000000000000000e+00,4.875841478046390876e+01,1.873984218768420806e+00
6.027098479007610877e+04,1.002707019480759021e+00,7.458707388618269042e-04,0.000000000000000000e+00,4.876958837649688405e+01,1.875896351868862277e+00
6.027098525072335178e+04,1.001592362997415275e+00,7.458672303093939445e-04,0.000000000000000000e+00,4.877046676971399819e+01,1.872719689653717268e+00
6.027098571137058752e+04,1.000952316143781884e+00,7.458646149819093095e-04,0.000000000000000000e+00,4.876989146832458744e+01,1.872769231453635275e+00
6.027098617201783782e+04,1.001378486626824937e+00,7.458684558368256510e-04,0.000000000000000000e+00,4.876087700035432704e+01,1.873202119916442143e+00
6.027098663266507356e+04,1.001625665403087728e+00,7.458659659030975921e-04,0.000000000000000000e+00,4.875697420835910378e+01,1.874013678711519137e+00
6.027098709331230930e+04,1.001024362124626865e+00,7.458693763959118586e-04,0.000000000000000000e+00,4.875612178480474768e+01,1.874058771893718944e+00
6.027098755395956687e+04,1.001983165430812006e+00,7.468084958433032208e-04,0.000000000000000000e+00,4.875397276491547416e+01,1.872160730704573117e+00
6.027098801460680261e+04,1.000718781397001766e+00,7.458673056655557932e-04,0.000000000000000000e+00,4.875382380593769227e+01,1.872003827377914487e+00
6.027098847525403835e+04,1.001888541204877026e+00,7.458716212811794446e-04,0.000000000000000000e+00,4.874945590778722249e+01,1.873807932414990773e+00
6.027098893590128864e+04,1.001376165969089183e+00,7.458353615691282927e-04,0.000000000000000000e+00,4.875176871637455633e+01,1.870124531798418088e+00
6.027098939654852438e+04,1.000146801136007957e+00,7.458325609116954382e-04,0.000000000000000000e+00,4.875835925386355996e+01,1.873586914923456304e+00
6.027098985719576012e+04,1.002596786695581610e+00,7.458404522142754673e-04,0.000000000000000000e+00,4.876387983342860366e+01,1.872930423603254457e+00
6.027099031784300314e+04,1.000332939590780512e+00,7.458269782696444342e-04,0.000000000000000000e+00,4.876600649606188398e+01,1.874069483576404238e+00
6.027099077849024616e+04,1.001330232538626408e+00,7.459132226763468291e-04,0.000000000000000000e+00,4.876514757757130525e+01,1.869702972351153569e+00
6.027099123913748190e+04,1.002027033439105042e+00,7.458346571148365177e-04,0.000000000000000000e+00,4.876319879201195562e+01,1.874859584934331247e+00
6.027099169978472491e+04,1.001027320420662559e+00,7.466802214393476527e-04,0.000000000000000000e+00,4.876261593963307917e+01,1.871518235310973166e+00
6.027099216043197521e+04,1.001650062585234480e+00,7.458347595010910488e-04,0.000000000000000000e+00,4.877016672439830813e+01,1.872992500605572097e+00
6.027099262107921095e+04,1.001426239546227226e+00,7.458329936670816517e-04,0.000000000000000000e+00,4.876393769122758215e+01,1.874474064071752322e+00
6.027099308172645397e+04,1.000627559490034679e+00,7.471913899863910765e-04,0.000000000000000000e+00,4.876427841408083452e+01,1.873245372764922312e+00
6.027099354237369698e+04,1.002443604791720455e+00,7.458376891671955958e-04,0.000000000000000000e+00,4.876662627836920905e+01,1.874278350673468152e+00
6.027099400302093272e+04,1.003079204644512945e+00,7.458364461735928017e-04,0.000000000000000000e+00,4.876959123551259978e+01,1.873569524724499447e+00
6.027099446366816119e+04,1.001492069642534677e+00,7.458326413336097919e-04,0.000000000000000000e+00,4.876812241637077250e+01,1.874286985973661501e+00
6.027099492431541148e+04,1.002378806239330178e+00,7.458378465207755230e-04,0.000000000000000000e+00,4.876417699958131635e+01,1.872888143354598300e+00
6.027099538496264722e+04,1.001213656002400310e+00,7.458349716863933634e-04,0.000000000000000000e+00,4.876206883886750632e+01,1.871512744188351451e+00
6.027099584560988296e+04,1.002520252536158951e+00,7.458380317287457940e-04,0.000000000000000000e+00,4.876021412637765451e+01,1.873857722885816424e+00
6.027099630625713326e+04,1.002139548829156457e+00,7.458365029574609908e-04,0.000000000000000000e+00,4.876243316190378607e+01,1.873830791751568192e+00
6.027099676690436900e+04,1.001032099278180487e+00,7.458293288037944578e-04,0.000000000000000000e+00,4.876465106815074790e+01,1.875897252410469562e+00
6.027099722755160474e+04,1.002185168008414839e+00,7.458363697990943878e-04,0.000000000000000000e+00,4.876376039307764643e+01,1.874706731270893600e+00
6.027099768819885503e+04,9.997231689531635990e-01,7.466607359504827488e-04,0.000000000000000000e+00,4.876282572396786463e+01,1.874191952733984534e+00
6.027099814884609077e+04,1.002733042331643620e+00,7.458390751765674306e-04,0.000000000000000000e+00,4.876220631283617024e+01,1.873268484124783528e+00
6.027099860949332651e+04,1.002609390942689860e+00,7.458396989533395277e-04,0.000000000000000000e+00,4.876463284593096859e+01,1.873101435580160290e+00
6.027099907014056225e+04,1.001895185030016622e+00,7.458327958414880717e-04,0.000000000000000000e+00,4.876598228610981778e+01,1.874742776048714976e+00
6.027099953078780527e+04,1.001366781779584159e+00,7.458325311211383727e-04,0.000000000000000000e+00,4.876578004346329465e+01,1.873934533831261406e+00
6.027099999143504101e+04,1.002519397415216007e+00,7.458385014297814553e-04,0.000000000000000000e+00,4.876651819164559498e+01,1.872817960460865905e+00
6.027100045208228403e+04,1.002045486431415666e+00,7.458327048159338985e-04,0.000000000000000000e+00,4.876924712732338207e+01,1.873597817899778084e+00
6.027100091272952704e+04,1.000720358686949751e+00,7.458342246865058527e-04,0.000000000000000000e+00,4.876394266824905799e+01,1.872902384200186399e+00
6.027100137337675551e+04,1.002391137445020730e+00,7.458387009759839337e-04,0.000000000000000000e+00,4.876116138817796042e+01,1.874142253565541871e+00
6.027100183402399125e+04,1.000157455693313047e+00,7.458318354840069242e-04,0.000000000000000000e+00,4.876066110491713346e+01,1.873415209117768487e+00
6.027100229467124154e+04,1.001849143439234480e+00,7.458353816405618487e-04,0.000000000000000000e+00,4.876745004672294925e+01,1.873511513209640267e+00
6.027100275531847728e+04,1.000960220058010552e+00,7.460835737452606439e-04,0.000000000000000000e+00,4.876796660181764054e+01,1.874493614983614886e+00
6.027100321596570575e+04,1.001101276856923628e+00,7.458313394499682105e-04,0.000000000000000000e+00,4.876205353185289226e+01,1.870969996119393963e+00
6.027100367661295604e+04,1.000614438880250034e+00,7.458290452999435287e-04,0.000000000000000000e+00,4.876334473905806988e+01,1.872508981198165667e+00
6.027100413726019178e+04,1.001883816184288678e+00,7.458381398589422140e-04,0.000000000000000000e+00,4.876205488675919497e+01,1.877422350088700842e+00
6.027100459790742025e+04,1.001926496506029052e+00,7.458353682476251325e-04,0.000000000000000000e+00,4.876120357097671842e+01,1.873642172067095935e+00
6.027100505855467054e+04,1.001441112489950491e+00,7.458358243090974652e-04,0.000000000000000000e+00,4.875388408298103116e+01,1.873760306182272739e+00
6.027100551920190628e+04,9.994071518279890043e-01,7.458281677380992642e-04,0.000000000000000000e+00,4.876149881535589259e+01,1.876299030110629706e+00
6.027100597984913475e+04,1.001889212560997722e+00,7.458348035863086216e-04,0.000000000000000000e+00,4.876689758820343457e+01,1.872265438899909817e+00
6.027100644049638504e+04,1.001363092202639971e+00,7.458304912420956733e-04,0.000000000000000000e+00,4.876763945017410151e+01,1.872993378470470205e+00
6.027100690114362078e+04,1.002159582310826247e+00,7.458368036890782255e-04,0.000000000000000000e+00,4.876737344030546950e+01,1.873056085553479910e+00
6.027100736179084925e+04,1.001001235463494510e+00,7.458296076364902142e-04,0.000000000000000000e+00,4.876701169924533730e+01,1.875013881817096717e+00
6.027100782243809226e+04,1.000789444864781386e+00,7.458302520399884413e-04,0.000000000000000000e+00,4.877306230018218969e+01,1.872699960767173710e+00
6.027100828308532800e+04,1.000849300580460177e+00,7.458297081555590857e-04,0.000000000000000000e+00,4.877389592772539828e+01,1.875089577112935446e+00
6.027100874373256374e+04,1.000962897683821184e+00,7.458289143364240942e-04,0.000000000000000000e+00,4.877066911805002292e+01,1.873355765436818920e+00
6.027100920437980676e+04,1.002230294149563772e+00,7.458363518806996467e-04,0.000000000000000000e+00,4.876041041035779244e+01,1.875480657986999811e+00
6.027100966502704250e+04,1.000494531188149017e+00,7.464847602211444489e-04,0.000000000000000000e+00,4.874954901316655764e+01,1.875888133194702601e+00
6.027101012567427824e+04,1.000565176401543965e+00,7.458318506919026309e-04,0.000000000000000000e+00,4.876154807406573610e+01,1.873872459610026020e+00
6.027101058632150671e+04,1.001874256880300962e+00,7.458354874652250088e-04,0.000000000000000000e+00,4.876966111068613685e+01,1.870171332893970861e+00
6.027101104696875700e+04,1.001222139139470002e+00,7.458336092027678752e-04,0.000000000000000000e+00,4.876235138452416606e+01,1.872983224906054733e+00
6.027101150761598547e+04,1.002396524562534141e+00,7.458371071562154954e-04,0.000000000000000000e+00,4.876045918837154147e+01,1.876268285810388292e+00
6.027101196826322121e+04,1.001116803304115344e+00,7.459288271062919622e-04,0.000000000000000000e+00,4.876606452599489216e+01,1.874349533681438418e+00
6.027101242891046422e+04,1.001679390694259153e+00,7.459359725471671277e-04,0.000000000000000000e+00,4.876030447559645609e+01,1.872799151976905607e+00
6.027101288955769996e+04,1.002543141525358283e+00,7.459380684952253600e-04,0.000000000000000000e+00,4.876411841585075990e+01,1.871323607502232589e+00
6.027101335020492843e+04,1.000382176066490825e+00,7.459297815762588922e-04,0.000000000000000000e+00,4.876779139231590676e+01,1.873114292189248964e+00
6.027101381085217145e+04,1.002695026650948451e+00,7.459348028916225077e-04,0.000000000000000000e+00,4.877112154748008521e+01,1.872729060812575286e+00
6.027101427149940719e+04,1.001634521612776219e+00,7.459328346697203160e-04,0.000000000000000000e+00,4.876329003043935018e+01,1.872716770119775553e+00
6.027101473214663565e+04,1.002272890819233098e+00,7.459319125036567534e-04,0.000000000000000000e+00,4.876972318980215704e+01,1.874220976160111185e+00
6.027101519279387867e+04,1.001728205576938313e+00,7.459302187110621821e-04,0.000000000000000000e+00,4.877282932566812690e+01,1.873917534825324749e+00
6.027101565344111441e+04,1.001651006367059837e+00,7.459319114867033048e-04,0.000000000000000000e+00,4.876334024316411586e+01,1.875344923392871621e+00
6.027101611408834287e+04,9.995848702243642636e-01,7.459624127095972621e-04,0.000000000000000000e+00,4.876842652227949770e+01,1.872773276288706601e+00
6.027101657473558589e+04,1.001042585169901633e+00,7.459303803292299242e-04,0.000000000000000000e+00,4.876232609847412647e+01,1.873750245617426868e+00
6.027101703538282163e+04,1.001644523017857669e+00,7.459326251968857301e-04,0.000000000000000000e+00,4.875925758929680143e+01,1.874983708585992392e+00
6.027101749603005010e+04,1.001024879437194981e+00,7.459316702035157561e-04,0.000000000000000000e+00,4.875851347543347458e+01,1.872978023415458937e+00
6.027101795667729311e+04,1.001719735332025296e+00,7.459368181248962745e-04,0.000000000000000000e+00,4.876503026071249280e+01,1.873193943370391024e+00
6.027101841732452885e+04,1.002468563581565109e+00,7.459360845632394352e-04,0.000000000000000000e+00,4.876232850616352721e+01,1.874247824050415012e+00
6.027101887797175732e+04,1.001618010234960776e+00,7.459365884818645789e-04,0.000000000000000000e+00,4.875856760502391296e+01,1.874136643803136826e+00
6.027101933861898578e+04,1.002116307653074356e+00,7.459362260248900969e-04,0.000000000000000000e+00,4.876257632051728308e+01,1.873737959333310998e+00
6.027101979926623608e+04,1.000948513401719531e+00,7.461155431793522943e-04,0.000000000000000000e+00,4.876118590649920037e+01,1.874228176440233096e+00
6.027102025991346454e+04,1.001317193467919697e+00,7.459335335005570474e-04,0.000000000000000000e+00,4.876924212673750958e+01,1.872494538704820632e+00
6.027102072056069301e+04,1.000652854488087939e+00,7.459332966025382676e-04,0.000000000000000000e+00,4.876524360440134842e+01,1.871429265654674712e+00
6.027102118120793602e+04,1.001368543404328237e+00,7.459323333918259054e-04,0.000000000000000000e+00,4.876441219770219249e+01,1.874325801004322001e+00
6.027102164185517177e+04,1.001135514145981231e+00,7.459296236168909758e-04,0.000000000000000000e+00,4.876892024035237228e+01,1.876103105289715023e+00
6.027102210250240023e+04,1.001912881487182272e+00,7.459946036818726521e-04,0.000000000000000000e+00,4.877111866847396726e+01,1.872406014300393329e+00
6.027102256314964325e+04,1.002559870736044134e+00,7.459357558802520325e-04,0.000000000000000000e+00,4.875790863285769916e+01,1.875090553901571866e+00
6.027102302379687171e+04,9.997549389491475758e-01,7.459284443376583331e-04,0.000000000000000000e+00,4.875737999417596313e+01,1.872638100620140689e+00
6.027102348444410018e+04,1.001814219768161429e+00,7.459347279458102562e-04,0.000000000000000000e+00,4.876162256068539591e+01,1.872898515208464731e+00
6.027102394509133592e+04,1.003260852244638235e+00,7.459386422490207023e-04,0.000000000000000000e+00,4.876864547492775870e+01,1.872695801736742993e+00
6.027102440573857166e+04,1.000188135205653639e+00,7.459275096046251701e-04,0.000000000000000000e+00,4.877875410398703337e+01,1.871769434396441500e+00
6.027102486638580740e+04,1.001306664080914066e+00,7.459315083738232060e-04,0.000000000000000000e+00,4.877286096914949098e+01,1.872813574083102672e+00
6.027102532703304314e+04,1.001928625572336307e+00,7.459351839775316476e-04,0.000000000000000000e+00,4.876466605034858759e+01,1.874889739718314852e+00
6.027102578768027888e+04,1.000643796882066949e+00,7.459320220981675202e-04,0.000000000000000000e+00,4.875687201905944335e+01,1.874398484591916381e+00
6.027102624832750735e+04,1.001737917908757769e+00,7.459346382022440537e-04,0.000000000000000000e+00,4.875722569999138045e+01,1.872036617891559507e+00
6.027102670897473581e+04,1.002417456576001342e+00,7.459347943111186872e-04,0.000000000000000000e+00,4.875838656536257076e+01,1.874436151072787382e+00
6.027102716962197883e+04,1.000385766402928978e+00,7.459296318102228394e-04,0.000000000000000000e+00,4.876038446313472008e+01,1.873806295594517168e+00
6.027102763026920729e+04,1.001728457227135438e+00,7.459332493420464151e-04,0.000000000000000000e+00,4.876052902171801406e+01,1.873840778182067179e+00
6.027102809091643576e+04,1.000027102243583377e+00,7.459245529643891443e-04,0.000000000000000000e+00,4.877333207639750867e+01,1.872172981570971118e+00
6.027102855156367877e+04,1.001350492567310901e+00,7.462930993859669907e-04,0.000000000000000000e+00,4.876961655140060259e+01,1.873435523210466469e+00
6.027102901221090724e+04,1.000913531486220753e+00,7.459306916165666518e-04,0.000000000000000000e+00,4.877260109228106444e+01,1.873942002527019257e+00
6.027102947285813570e+04,1.001269172734231772e+00,7.459342684787718383e-04,0.000000000000000000e+00,4.876393752837615381e+01,1.870636579838313995e+00
6.027102993350537872e+04,1.001076011876874228e+00,7.459318086327626626e-04,0.000000000000000000e+00,4.876317434779937798e+01,1.871950566738004751e+00
6.027103039415260719e+04,1.000177375092408338e+00,7.459298806139569651e-04,0.000000000000000000e+00,4.876291465463783226e+01,1.874719242499745864e+00
6.027103085479983565e+04,9.999949720123384456e-01,7.459320289698078213e-04,0.000000000000000000e+00,4.875956935832842731e+01,1.873193370370211941e+00
6.027103131544707867e+04,1.001927940366072356e+00,7.459368067046467628e-04,0.000000000000000000e+00,4.876432756940719315e+01,1.872081200423148850e+00
6.027103177609430713e+04,1.001097958840399427e+00,7.459354171500537367e-04,0.000000000000000000e+00,4.875312263443400695e+01,1.873242790303998540e+00
6.027103223674153560e+04,1.001937631478127866e+00,7.459350416099938584e-04,0.000000000000000000e+00,4.874879567169130468e+01,1.875396014004238499e+00
6.027103269738876406e+04,1.000679758521444418e+00,7.459311740052828633e-04,0.000000000000000000e+00,4.876511622117367040e+01,1.874466408599404721e+00
6.027103315803599980e+04,1.000361029327072160e+00,7.459276359876200599e-04,0.000000000000000000e+00,4.875716168445040921e+01,1.873258575077829446e+00
6.027103361868322827e+04,1.000940494588587582e+00,7.459333631696258302e-04,0.000000000000000000e+00,4.875009984290393561e+01,1.872248889444322550e+00
6.027103407933046401e+04,1.000088294959643243e+00,7.459298504583073948e-04,0.000000000000000000e+00,4.875726238794826628e+01,1.872553298139386868e+00
6.027103453997769975e+04,1.000448537966826201e+00,7.459325673898081375e-04,0.000000000000000000e+00,4.876642954674388619e+01,1.872892164523836778e+00
6.027103500062492822e+04,1.001908235684901172e+00,7.459532248123506388e-04,0.000000000000000000e+00,4.876488552596693182e+01,1.872388875543049780e+00
6.027103546127214940e+04,1.000144538938877226e+00,7.459496559595557531e-04,0.000000000000000000e+00,4.875178071443706074e+01,1.871024079932033679e+00
6.027103592191939242e+04,1.000893024654693209e+00,7.479461195203303573e-04,0.000000000000000000e+00,4.876133232341589263e+01,1.876513488787546979e+00
6.027103638256662089e+04,1.001505917686988267e+00,7.459534288299996593e-04,0.000000000000000000e+00,4.876305361060737198e+01,1.873352719706934399e+00
6.027103684321384935e+04,1.000505205056099634e+00,7.459836608589674603e-04,0.000000000000000000e+00,4.875827195308153961e+01,1.875442578707312125e+00
6.027103730386109237e+04,1.001522676975495241e+00,7.459516288221539754e-04,0.000000000000000000e+00,4.876961885570223387e+01,1.873981286569921467e+00
6.027103776450831356e+04,1.000648756429668884e+00,7.459512894316020718e-04,0.000000000000000000e+00,4.876967913753904327e+01,1.874776406902537218e+00
6.027103822515554202e+04,1.002155073768244753e+00,7.459597704012387118e-04,0.000000000000000000e+00,4.876408898281128756e+01,1.875135343535563992e+00
6.027103868580278504e+04,9.997747124218878678e-01,7.459518867120915704e-04,0.000000000000000000e+00,4.876299766280617831e+01,1.872574132174039896e+00
6.027103914645000623e+04,1.001419044850155649e+00,7.459555333025328543e-04,0.000000000000000000e+00,4.875479334182330149e+01,1.876141880146744434e+00
6.027103960709723469e+04,1.000636324924517151e+00,7.459542761889905761e-04,0.000000000000000000e+00,4.875740205377366010e+01,1.873910163093147840e+00
6.027104006774447043e+04,1.000023683902271587e+00,7.459487463970975243e-04,0.000000000000000000e+00,4.875759624872961240e+01,1.873688270237061859e+00
6.027104052839169890e+04,1.001621567295694071e+00,7.459587572829749508e-04,0.000000000000000000e+00,4.875712032315948363e+01,1.872063487871554965e+00
6.027104098903892736e+04,1.000224121193455051e+00,7.459566027585832646e-04,0.000000000000000000e+00,4.875522101406523490e+01,1.871596949531830090e+00
6.027104144968616311e+04,1.001317649043852231e+00,7.459550172086993865e-04,0.000000000000000000e+00,4.875313790551166448e+01,1.872324572263983411e+00
6.027104191033339157e+04,1.001786020570583080e+00,7.459581063389438514e-04,0.000000000000000000e+00,4.875923042860631540e+01,1.874574698273430817e+00
6.027104237098062003e+04,1.000577062089236469e+00,7.459498051444545625e-04,0.000000000000000000e+00,4.876666861844246625e+01,1.873248002385466293e+00
6.027104283162785578e+04,1.000544230228201270e+00,7.460161001080425772e-04,0.000000000000000000e+00,4.875631001277828602e+01,1.874277542024238352e+00
6.027104329227508424e+04,1.001591336297328327e+00,7.459548792825373585e-04,0.000000000000000000e+00,4.876210020248080212e+01,1.874096416069361615e+00
6.027104375292231271e+04,1.000917476293921471e+00,7.459539583977107396e-04,0.000000000000000000e+00,4.876311183093543633e+01,1.872073807885104246e+00
6.027104421356953389e+04,1.000798171331751973e+00,7.459556215313117378e-04,0.000000000000000000e+00,4.876463725395055349e+01,1.874666782550261424e+00
6.027104467421677691e+04,1.000649783248163782e+00,7.459521279629264178e-04,0.000000000000000000e+00,4.876187127573456337e+01,1.872439055007901976e+00
6.027104513486399810e+04,1.001927251073954528e+00,7.459574738305929263e-04,0.000000000000000000e+00,4.874910656933121089e+01,1.871883883234866985e+00
6.027104559551122657e+04,1.000825329278427267e+00,7.459547127518497897e-04,0.000000000000000000e+00,4.876032465656035697e+01,1.874943666762345140e+00
6.027104605615846231e+04,1.000978273534225638e+00,7.459549160122661005e-04,0.000000000000000000e+00,4.875892180430083300e+01,1.873948457828135350e+00
6.027104651680569077e+04,1.002342727014657875e+00,7.459597758890281882e-04,0.000000000000000000e+00,4.876340227489126278e+01,1.873276255855204075e+00
6.027104697745291196e+04,1.001746160078134551e+00,7.459583479584336752e-04,0.000000000000000000e+00,4.877049064325247940e+01,1.876914128160930284e+00
6.027104743810015498e+04,1.001647162078898923e+00,7.459540210275585536e-04,0.000000000000000000e+00,4.877438989391923485e+01,1.876592902932846307e+00
6.027104789874737617e+04,1.000296188423340116e+00,7.470425932993035199e-04,0.000000000000000000e+00,4.876682049283164133e+01,1.871963111570766891e+00
6.027104835939460463e+04,1.001221707998468213e+00,7.459526581632996067e-04,0.000000000000000000e+00,4.876644596457113323e+01,1.874568214063314198e+00
6.027104882004183310e+04,1.001442569008447192e+00,7.479440206619680743e-04,0.000000000000000000e+00,4.876646626501503334e+01,1.872866906175389534e+00
6.027104928068906884e+04,9.993606299766362167e-01,7.459505755789236055e-04,0.000000000000000000e+00,4.876082947172758253e+01,1.871089823212797043e+00
6.027104974133629003e+04,1.000262055338152933e+00,7.459533985890368221e-04,0.000000000000000000e+00,4.876590105202066638e+01,1.872612071192253591e+00
6.027105020198351849e+04,1.002471918119863359e+00,7.459588618776676668e-04,0.000000000000000000e+00,4.876316535381998563e+01,1.875025239131569377e+00
6.027105066263075423e+04,1.001365848630595634e+00,7.459565814036915599e-04,0.000000000000000000e+00,4.877050920483873142e+01,1.872337892977135931e+00
6.027105112327797542e+04,1.001085152366330888e+00,7.459555759004270334e-04,0.000000000000000000e+00,4.876612169108243933e+01,1.873332380805274200e+00
6.027105158392520389e+04,1.001353839198682705e+00,7.468102489673885758e-04,0.000000000000000000e+00,4.876566730586595355e+01,1.874781321728329120e+00
6.027105204457243963e+04,1.000539968385287137e+00,7.459560676536349574e-04,0.000000000000000000e+00,4.876637719539168359e+01,1.871976660811179416e+00
6.027105250521966082e+04,9.997592608031999895e-01,7.459477782463722452e-04,0.000000000000000000e+00,4.876967767991462210e+01,1.874602544120371084e+00
6.027105296586688200e+04,9.999984811750596281e-01,7.459492941288528751e-04,0.000000000000000000e+00,4.876789657524598454e+01,1.874019398693604899e+00
6.027105342651412502e+04,1.000649066592847580e+00,7.459511018460610043e-04,0.000000000000000000e+00,4.878120922718674279e+01,1.873745760588059861e+00
6.027105388716134621e+04,1.000592261419894990e+00,7.451344105442631342e-04,0.000000000000000000e+00,4.877090573382564287e+01,1.870096478423861841e+00
6.027105434780856740e+04,1.000370725900028956e+00,7.459538738984912692e-04,0.000000000000000000e+00,4.875866694366549581e+01,1.874552225662604377e+00
6.027105480845581042e+04,9.992905770390385634e-01,7.459473819488762324e-04,0.000000000000000000e+00,4.875582268924694773e+01,1.874230632199981539e+00
6.027105526910303161e+04,1.002062579981601198e+00,7.459567379656898431e-04,0.000000000000000000e+00,4.876224215651603799e+01,1.877227488547286383e+00
6.027105572975025279e+04,1.001356563657119558e+00,7.459543926586648674e-04,0.000000000000000000e+00,4.876913788866015409e+01,1.872682137953930459e+00
6.027105619039748854e+04,9.998843843150141408e-01,7.462173374610819475e-04,0.000000000000000000e+00,4.876223197922627151e+01,1.876098729172157364e+00
6.027105665104471700e+04,1.000631043706002421e+00,7.459551773087439363e-04,0.000000000000000000e+00,4.876086677903063560e+01,1.872046372164315242e+00
6.027105711169193819e+04,1.001043212535485338e+00,7.459507304758620887e-04,0.000000000000000000e+00,4.876400308540321049e+01,1.874703346193424602e+00
6.027105757233916665e+04,9.997837362026104069e-01,7.459511351650720745e-04,0.000000000000000000e+00,4.876915343365265443e+01,1.875486102269811939e+00
6.027105803298639512e+04,9.998759996279135143e-01,7.460600727861041795e-04,0.000000000000000000e+00,4.876952269480476332e+01,1.874104005983916910e+00
6.027105849363361631e+04,9.993834981909280879e-01,7.460587352860797083e-04,0.000000000000000000e+00,4.876864059271236584e+01,1.874576157056744963e+00
6.027105895428084477e+04,9.999049890023156140e-01,7.460652099636481049e-04,0.000000000000000000e+00,4.876476014219817046e+01,1.875879389210475701e+00
6.027105941492808051e+04,1.000391814862066298e+00,7.460655711876986677e-04,0.000000000000000000e+00,4.876459474136942163e+01,1.874030509097458941e+00
6.027105987557530170e+04,1.002201719525510182e+00,7.460699937513383005e-04,0.000000000000000000e+00,4.876504038895075865e+01,1.875766043331111854e+00
6.027106033622252289e+04,1.001138821085624908e+00,7.460652209167892767e-04,0.000000000000000000e+00,4.876721175972261335e+01,1.874814329421801595e+00
6.027106079686975863e+04,1.001578390796569185e+00,7.460692444855432761e-04,0.000000000000000000e+00,4.876905689009064560e+01,1.874110001065464770e+00
6.027106125751697982e+04,1.001135247948700568e+00,7.460650895177197003e-04,0.000000000000000000e+00,4.877155183620559598e+01,1.873821421124389097e+00
6.027106171816420101e+04,1.001449939232212261e+00,7.460677183391912961e-04,0.000000000000000000e+00,4.875658971380651963e+01,1.874167740885042344e+00
6.027106217881143675e+04,1.002612508955744275e+00,7.473774887504076826e-04,0.000000000000000000e+00,4.876032140264639736e+01,1.876467598158634509e+00
6.027106263945865794e+04,1.001582416724175140e+00,7.460659061503173992e-04,0.000000000000000000e+00,4.877270453179245635e+01,1.872785318951541100e+00
6.027106310010587913e+04,1.002266317194524303e+00,7.460682434403616324e-04,0.000000000000000000e+00,4.876711146446848488e+01,1.873945305840373887e+00
6.027106356075311487e+04,9.997475259112827972e-01,7.460651738285867989e-04,0.000000000000000000e+00,4.876476405615115084e+01,1.873525365110543905e+00
6.027106402140033606e+04,1.000609277894875415e+00,7.460628636244376159e-04,0.000000000000000000e+00,4.876476598132029494e+01,1.873922693530896133e+00
6.027106448204755725e+04,1.001279620460073128e+00,7.460682263914535572e-04,0.000000000000000000e+00,4.876807250310952213e+01,1.873820175204118810e+00
6.027106494269478571e+04,1.000581214083807513e+00,7.460662522662687285e-04,0.000000000000000000e+00,4.876028239286842592e+01,1.872492089578773999e+00
6.027106540334201418e+04,1.000623876473197615e+00,7.460656906472147316e-04,0.000000000000000000e+00,4.876154024015571764e+01,1.873361533482319263e+00
6.027106586398923537e+04,9.997671868145837637e-01,7.460631972500253841e-04,0.000000000000000000e+00,4.876047191041699591e+01,1.872093045146438151e+00
6.027106632463646383e+04,1.002049188748375341e+00,7.460739388773703637e-04,0.000000000000000000e+00,4.876802574121137468e+01,1.874298021200903053e+00
6.027106678528369230e+04,1.001382210124529326e+00,7.460644635995339292e-04,0.000000000000000000e+00,4.877610657669838901e+01,1.876122669166576884e+00
6.027106724593091349e+04,1.000624378074290943e+00,7.460674253713272435e-04,0.000000000000000000e+00,4.875977766766547461e+01,1.871548400505686605e+00
6.027106770657814195e+04,1.000791273732676512e+00,7.460676001876556489e-04,0.000000000000000000e+00,4.876097410883208738e+01,1.874802347575753370e+00
6.027106816722537042e+04,1.001042897097610851e+00,7.460680072242226440e-04,0.000000000000000000e+00,4.876192166616078794e+01,1.872736737242357341e+00
6.027106862787258433e+04,1.000211204993709080e+00,7.460621547381397550e-04,0.000000000000000000e+00,4.876816570335537193e+01,1.873508787557966571e+00
6.027106908851980552e+04,1.000412029638110045e+00,7.460658538709281397e-04,0.000000000000000000e+00,4.876105240604545088e+01,1.873237970836666433e+00
6.027106954916704126e+04,1.000707156819863552e+00,7.460706461931391901e-04,0.000000000000000000e+00,4.876083962670724503e+01,1.874315934683625340e+00
6.027107000981426245e+04,1.001194343698370126e+00,7.460688805496874321e-04,0.000000000000000000e+00,4.875807718814600378e+01,1.876192996212734165e+00
6.027107047046148364e+04,1.002827885666065955e+00,7.460759250078741319e-04,0.000000000000000000e+00,4.875271437640466843e+01,1.875067234142197892e+00
6.027107093110871938e+04,1.001948932941766124e+00,7.460746746565626031e-04,0.000000000000000000e+00,4.876019881910396947e+01,1.872951212745876726e+00
6.027107139175593329e+04,1.001429342695501212e+00,7.460722662318965224e-04,0.000000000000000000e+00,4.875551019883073423e+01,1.873270617170206265e+00
6.027107185240315448e+04,9.986540941225813262e-01,7.460604087334607015e-04,0.000000000000000000e+00,4.875551338243076316e+01,1.871308166873944856e+00
6.027107231305039022e+04,1.000802075586820994e+00,7.460679659974917390e-04,0.000000000000000000e+00,4.875644522827133898e+01,1.871866879708727005e+00
6.027107277369761141e+04,9.998148108380735533e-01,7.460650811258868987e-04,0.000000000000000000e+00,4.875183535599658313e+01,1.872556390971516382e+00
6.027107323434482532e+04,1.001638139745576472e+00,7.460705790103091444e-04,0.000000000000000000e+00,4.875701943400936500e+01,1.874475899372942900e+00
6.027107369499205379e+04,1.000446177795374592e+00,7.460655053932604107e-04,0.000000000000000000e+00,4.876535993856838758e+01,1.875761648762243716e+00
6.027107415563928225e+04,1.002118660807463479e+00,7.460684592483834759e-04,0.000000000000000000e+00,4.876540627650654613e+01,1.874521205831581883e+00
6.027107461628650344e+04,1.001011369077652757e+00,7.460638401074352671e-04,0.000000000000000000e+00,4.876850263509346917e+01,1.874500309440291002e+00
6.027107507693372463e+04,1.000060621024021046e+00,7.460654550658200618e-04,0.000000000000000000e+00,4.876945192936581464e+01,1.875397349391656254e+00
6.027107553758095310e+04,9.991419849052712854e-01,7.460601967523449894e-04,0.000000000000000000e+00,4.876102490007660606e+01,1.872853385106035384e+00
6.027107599822817429e+04,1.000735916621809496e+00,7.460659485505041679e-04,0.000000000000000000e+00,4.876649255252707604e+01,1.873295980755044665e+00
6.027107645887538820e+04,1.001225842722001103e+00,7.460688199605172493e-04,0.000000000000000000e+00,4.876452302123349369e+01,1.874438491607573365e+00
6.027107691952262394e+04,1.001708316924809106e+00,7.460671939534937796e-04,0.000000000000000000e+00,4.876296476298460192e+01,1.873098738708494304e+00
6.027107738016983785e+04,9.998938181728638241e-01,7.460630070052142685e-04,0.000000000000000000e+00,4.876227878636645841e+01,1.873283894656859960e+00
6.027107784081705904e+04,1.000888511092655531e+00,7.460695529616321328e-04,0.000000000000000000e+00,4.875520293591679177e+01,1.874382847324264079e+00
6.027107830146429478e+04,1.001111670267969656e+00,7.460689945311215323e-04,0.000000000000000000e+00,4.875488515289955416e+01,1.873054127666352375e+00
6.027107876211150869e+04,9.994171923261797597e-01,7.460628037801804620e-04,0.000000000000000000e+00,4.876214522868866652e+01,1.875453240311776293e+00
6.027107922275872988e+04,1.001716633718693794e+00,7.460721993447358901e-04,0.000000000000000000e+00,4.876449465216622059e+01,1.871363461299299091e+00
6.027107968340595835e+04,1.000926788456761196e+00,7.460695044331165085e-04,0.000000000000000000e+00,4.875749533850147088e+01,1.876735773739302893e+00
6.027108014405317954e+04,1.000148185211400476e+00,7.460650200904296115e-04,0.000000000000000000e+00,4.876049612605356742e+01,1.873812157338791140e+00
6.027108060470039345e+04,1.001680460705193454e+00,7.460684651381610738e-04,0.000000000000000000e+00,4.875937629218658742e+01,1.874798421809592552e+00
6.027108106534762919e+04,1.000799852893716091e+00,7.460681041162801723e-04,0.000000000000000000e+00,4.876835317133189562e+01,1.874958201161224247e+00
6.027108152599485038e+04,1.000501740647104620e+00,7.460667861606899145e-04,0.000000000000000000e+00,4.877504619161619104e+01,1.870700793009084650e+00
6.027108198664206429e+04,1.000966970123815969e+00,7.460663382812850186e-04,0.000000000000000000e+00,4.876914643691659990e+01,1.870665456302073926e+00
6.027108244728928548e+04,1.000502428178575709e+00,7.460673809217176688e-04,0.000000000000000000e+00,4.876200533195206077e+01,1.872724796457473140e+00
6.027108290793651395e+04,9.995550526215717380e-01,7.460656309362674989e-04,0.000000000000000000e+00,4.875816830406844815e+01,1.871517699246364685e+00
6.027108336858372786e+04,9.994137354597730782e-01,7.460631982094268876e-04,0.000000000000000000e+00,4.875951044975194293e+01,1.871667960398570196e+00
6.027108382923095633e+04,1.001086642628499668e+00,7.460688447878419073e-04,0.000000000000000000e+00,4.876311633087863839e+01,1.876091271369820124e+00
6.027108428987817751e+04,9.997988186422848145e-01,7.476327631646702667e-04,0.000000000000000000e+00,4.876781862401591638e+01,1.874757795079166733e+00
6.027108475052539870e+04,1.000952786006759521e+00,7.460681414307400710e-04,0.000000000000000000e+00,4.875657106917189765e+01,1.875390735731336411e+00
6.027108521117261262e+04,9.995753684854691290e-01,7.460636069446164621e-04,0.000000000000000000e+00,4.876103214702125399e+01,1.874432346927759285e+00
6.027108567181984108e+04,9.998589186687892871e-01,7.460619346355738075e-04,0.000000000000000000e+00,4.876106265209452317e+01,1.873825489169424152e+00
6.027108613246706227e+04,1.000607653673307507e+00,7.479027556796690639e-04,0.000000000000000000e+00,4.876677119570379659e+01,1.875345033232427516e+00
6.027108659311427618e+04,1.001576290639129230e+00,7.460691892165568400e-04,0.000000000000000000e+00,4.877067329767341164e+01,1.872672121433765158e+00
6.027108705376151192e+04,1.000693094428199759e+00,7.465313988574324728e-04,0.000000000000000000e+00,4.876339154202220527e+01,1.875934660998374914e+00
6.027108751440872584e+04,1.001180425521890349e+00,7.460733295508242217e-04,0.000000000000000000e+00,4.876370589000590883e+01,1.872068244185906005e+00
6.027108797505593975e+04,1.001160852031920179e+00,7.460693085005630151e-04,0.000000000000000000e+00,4.875993892978517863e+01,1.872432708027238935e+00
6.027108843570317549e+04,1.000273672498969368e+00,7.460674037155235741e-04,0.000000000000000000e+00,4.875971802455263315e+01,1.874518421312221017e+00
6.027108889635038940e+04,1.000942663578320957e+00,7.460641840589531419e-04,0.000000000000000000e+00,4.876885398743612399e+01,1.872153017563734423e+00
6.027108935699760332e+04,1.000317349339548079e+00,7.460652280221230677e-04,0.000000000000000000e+00,4.876794385940777943e+01,1.873174985602950260e+00
6.027108981764483178e+04,1.000188637353276011e+00,7.460665192518581811e-04,0.000000000000000000e+00,4.876434787398974180e+01,1.873861830173237930e+00
6.027109027829205297e+04,1.001912702561237767e+00,7.460672324014691603e-04,0.000000000000000000e+00,4.876250107535079081e+01,1.874365457482949138e+00
6.027109073893926688e+04,1.000620190504362572e+00,7.460681684128505188e-04,0.000000000000000000e+00,4.875815589027176600e+01,1.875509385850557376e+00
6.027109119958648807e+04,1.000998427668845503e+00,7.460676091708300962e-04,0.000000000000000000e+00,4.875927492281856246e+01,1.873951818834984628e+00
6.027109166023370926e+04,1.000485758565490935e+00,7.460649377384129125e-04,0.000000000000000000e+00,4.876164700870069879e+01,1.873967274880284251e+00
6.027109212088093045e+04,1.001672718777047999e+00,7.460707896941449731e-04,0.000000000000000000e+00,4.876871637666331338e+01,1.873140325434382136e+00
6.027109258152815164e+04,1.000453104200972776e+00,7.460626250206032258e-04,0.000000000000000000e+00,4.876919524659554384e+01,1.874942674025322331e+00
6.027109304217537283e+04,1.000995371616377083e+00,7.460684268539940047e-04,0.000000000000000000e+00,4.876110452603829515e+01,1.872996177031630571e+00
6.027109350282258674e+04,1.000216604063410397e+00,7.460656967740685302e-04,0.000000000000000000e+00,4.876041709814990810e+01,1.873622615424702653e+00
6.027109396346980066e+04,1.002082486983240761e+00,7.487116131854586751e-04,0.000000000000000000e+00,4.876363762783626044e+01,1.872504970044081229e+00
6.027109442411702912e+04,1.001223457668223960e+00,7.460670093140570102e-04,0.000000000000000000e+00,4.876517471498642919e+01,1.874350028695971115e+00
6.027109488476425031e+04,9.996558922263700797e-01,7.460613020218146872e-04,0.000000000000000000e+00,4.876484948011815845e+01,1.875645081146433801e+00
6.027109534541146422e+04,9.997932999316146985e-01,7.460646360977284770e-04,0.000000000000000000e+00,4.876067986517968933e+01,1.874245419767171850e+00
6.027109580605869269e+04,1.001374855297294753e+00,7.460666534192853493e-04,0.000000000000000000e+00,4.877007557205212152e+01,1.873020390004250801e+00
6.027109626670590660e+04,1.000452285926474394e+00,7.460651035036005132e-04,0.000000000000000000e+00,4.877013439728755628e+01,1.874813825676786117e+00
6.027109672735312051e+04,1.001268005868285238e+00,7.460698017837950934e-04,0.000000000000000000e+00,4.876675542955465659e+01,1.872639494019125550e+00
6.027109718800034898e+04,9.995765197113571920e-01,7.460624207615473760e-04,0.000000000000000000e+00,4.876037519629129946e+01,1.871861820118637887e+00
6.027109764864756289e+04,1.000463067469481881e+00,7.460633015296402751e-04,0.000000000000000000e+00,4.876408134035493447e+01,1.873358141111443720e+00
6.027109810929477680e+04,1.000184891238601770e+00,7.460613395978707776e-04,0.000000000000000000e+00,4.877248369804613048e+01,1.875269874586713126e+00
6.027109856994199799e+04,9.998034332271633629e-01,7.460628880005307738e-04,0.000000000000000000e+00,4.877290373770848930e+01,1.873747687719776955e+00
6.027109903058921918e+04,1.000884546038574463e+00,7.461468348516146461e-04,0.000000000000000000e+00,4.876511737325940032e+01,1.873731463982181822e+00
6.027109949123643310e+04,1.000027126236615604e+00,7.460674995369787283e-04,0.000000000000000000e+00,4.875758880750372981e+01,1.875711561595485355e+00
6.027109995188365428e+04,1.000064973784315248e+00,7.460654246449601118e-04,0.000000000000000000e+00,4.875514806804435608e+01,1.874664460093733664e+00
6.027110041253087547e+04,9.998913514483325216e-01,7.460637009387440476e-04,0.000000000000000000e+00,4.876059657016437399e+01,1.874434621173311832e+00
6.027110087317808939e+04,9.990905475626360444e-01,7.460616510360816101e-04,0.000000000000000000e+00,4.875910780686560031e+01,1.872366351333681456e+00
6.027110133382531058e+04,1.001783738263075652e+00,7.460720626438027648e-04,0.000000000000000000e+00,4.875502818015985440e+01,1.873709089099245606e+00
6.027110179447253176e+04,1.001028489162613999e+00,7.465556730966276802e-04,0.000000000000000000e+00,4.875785956972003987e+01,1.874234412113033210e+00
6.027110225511974568e+04,1.001325047060339646e+00,7.460679649699015082e-04,0.000000000000000000e+00,4.876742319800650449e+01,1.873600285022327450e+00
6.027110271576695959e+04,1.001105571841694131e+00,7.460682427545074812e-04,0.000000000000000000e+00,4.876844405555978312e+01,1.872988149727607299e+00
6.027110317641418806e+04,1.000918008162893447e+00,7.460691650365186599e-04,0.000000000000000000e+00,4.877114154787332012e+01,1.872047858888386429e+00
6.027110363706140197e+04,9.998244617963464309e-01,7.460636152168790029e-04,0.000000000000000000e+00,4.877322905955857379e+01,1.875132261536660572e+00
6.027110409770860861e+04,1.000054264178502850e+00,7.461247333944677962e-04,0.000000000000000000e+00,4.876740222082288057e+01,1.878119113299617116e+00
6.027110455835583707e+04,1.002117073136118197e+00,7.461293006352680886e-04,0.000000000000000000e+00,4.876859035021846012e+01,1.876087268494830873e+00
6.027110501900305098e+04,1.002115782067467320e+00,7.461312731004169849e-04,0.000000000000000000e+00,4.877022664688583120e+01,1.875595945202999548e+00
6.027110547965026490e+04,9.989055123313342888e-01,7.464019128687863656e-04,0.000000000000000000e+00,4.877400584795832117e+01,1.874796664591753537e+00
6.027110594029749336e+04,1.000984188150169318e+00,7.461295073850865260e-04,0.000000000000000000e+00,4.876234271352163319e+01,1.875057815042034282e+00
6.027110640094470727e+04,1.000101697279383473e+00,7.461270253413511628e-04,0.000000000000000000e+00,4.875933398120247375e+01,1.875525411309469703e+00
6.027110686159191391e+04,1.000706360170400044e+00,7.461259274847428053e-04,0.000000000000000000e+00,4.877026208987405198e+01,1.877126629138116787e+00
6.027110732223913510e+04,1.001128073475227254e+00,7.461292234337625921e-04,0.000000000000000000e+00,4.876836131312796851e+01,1.873532241468429671e+00
6.027110778288635629e+04,1.001022514263463226e+00,7.461249232419823497e-04,0.000000000000000000e+00,4.876527549799054384e+01,1.874521179836740714e+00
6.027110824353357020e+04,9.992351055929976633e-01,7.461254144980358728e-04,0.000000000000000000e+00,4.875839564104292378e+01,1.875391690289545776e+00
6.027110870418078412e+04,1.000961813487934338e+00,7.461272821292305344e-04,0.000000000000000000e+00,4.876351469954607865e+01,1.875613864982891066e+00
6.027110916482800531e+04,1.000529517174861605e+00,7.461284436297481535e-04,0.000000000000000000e+00,4.877040097119578377e+01,1.872656189249930936e+00
6.027110962547521922e+04,1.001720479633189775e+00,7.461305227042059956e-04,0.000000000000000000e+00,4.877414362340548593e+01,1.874242996653750826e+00
6.027111008612243313e+04,1.000516355491873011e+00,7.461261540993224459e-04,0.000000000000000000e+00,4.876251250375364776e+01,1.875390838650459857e+00
6.027111054676965432e+04,9.994414879848966260e-01,7.461226075434494644e-04,0.000000000000000000e+00,4.876192788322785532e+01,1.872009401399992612e+00
6.027111100741686823e+04,1.000862744716628283e+00,7.461271948925196238e-04,0.000000000000000000e+00,4.876701289354340929e+01,1.873158814483167234e+00
6.027111146806408215e+04,1.000322437758336402e+00,7.461275441712615121e-04,0.000000000000000000e+00,4.877490740037931261e+01,1.874064146755314741e+00
6.027111192871130334e+04,1.001299029989171085e+00,7.461269455488206154e-04,0.000000000000000000e+00,4.877510814932085026e+01,1.873031179982707295e+00
6.027111238935851725e+04,1.000757022099993510e+00,7.461274118848176687e-04,0.000000000000000000e+00,4.877041767168063302e+01,1.872787350271091666e+00
6.027111285000573116e+04,1.001440585740268396e+00,7.461305129410883809e-04,0.000000000000000000e+00,4.876591348591324504e+01,1.872993591534317215e+00
6.027111331065295235e+04,1.000403409082093908e+00,7.461261733753833366e-04,0.000000000000000000e+00,4.876275650287460905e+01,1.874251416867914966e+00
6.027111377130016626e+04,1.001180482952912731e+00,7.461269962454198778e-04,0.000000000000000000e+00,4.876148579410750017e+01,1.874619547620122173e+00
6.027111423194737290e+04,1.001054840722735317e+00,7.461309696794166373e-04,0.000000000000000000e+00,4.875739589759336923e+01,1.873233550556848703e+00
6.027111469259460137e+04,1.000747432011518390e+00,7.461277811128627256e-04,0.000000000000000000e+00,4.876181148497990847e+01,1.871535759607751759e+00
6.027111515324180800e+04,1.000248836162889621e+00,7.461258990869637769e-04,0.000000000000000000e+00,4.876566316485961039e+01,1.872236563261309383e+00
6.027111561388902192e+04,9.997423528185442887e-01,7.461256945835761370e-04,0.000000000000000000e+00,4.876236796224841896e+01,1.876196827326790384e+00
6.027111607453624310e+04,1.000612476763347969e+00,7.461254993470145189e-04,0.000000000000000000e+00,4.876339625265163846e+01,1.874867875254488725e+00
6.027111653518345702e+04,9.988917834345846236e-01,7.461209372322226765e-04,0.000000000000000000e+00,4.876740111222164131e+01,1.872907313600213897e+00
6.027111699583067093e+04,1.001147394924370326e+00,7.461286297547014938e-04,0.000000000000000000e+00,4.876779029718988312e+01,1.874632429740734851e+00
6.027111745647788484e+04,1.002188354349987653e+00,7.461344051953297312e-04,0.000000000000000000e+00,4.876473270146591688e+01,1.874013461842742867e+00
6.027111791712510603e+04,1.001174332348792273e+00,7.461291544308389914e-04,0.000000000000000000e+00,4.876348312516788042e+01,1.872066493476555182e+00
6.027111837777231267e+04,9.994231303008450640e-01,7.461218943992697960e-04,0.000000000000000000e+00,4.876810479815866017e+01,1.874419605991998194e+00
6.027111883841951931e+04,1.000652039507520019e+00,7.461243603394476526e-04,0.000000000000000000e+00,4.876672854366091059e+01,1.874164887495945342e+00
6.027111929906674777e+04,1.000548703804128747e+00,7.463522389848229648e-04,0.000000000000000000e+00,4.876223106578022737e+01,1.874370934179084403e+00
6.027111975971395441e+04,1.001731680974948802e+00,7.461304418131143191e-04,0.000000000000000000e+00,4.876913125445224040e+01,1.873246151260701042e+00
6.027112022036116832e+04,1.000284974191500975e+00,7.461266001693110097e-04,0.000000000000000000e+00,4.877110711198402271e+01,1.871891576239729682e+00
6.027112068100838951e+04,1.001048294125968630e+00,7.461267049595545495e-04,0.000000000000000000e+00,4.876377775081187593e+01,1.872983727506759122e+00
6.027112114165560342e+04,9.998930370306691184e-01,7.461231541711690072e-04,0.000000000000000000e+00,4.875641675812575926e+01,1.875862942098315278e+00
6.027112160230281006e+04,1.000559948619794470e+00,7.461267151607515330e-04,0.000000000000000000e+00,4.875738376496518356e+01,1.875809564375077398e+00
6.027112206295003125e+04,1.000683876019359486e+00,7.461287499637562267e-04,0.000000000000000000e+00,4.875879287082837266e+01,1.874911131126386854e+00
6.027112252359724516e+04,1.000266847291851002e+00,7.461279232038285636e-04,0.000000000000000000e+00,4.875696946944246690e+01,1.875283687703475310e+00
6.027112298424445180e+04,9.987564984310042249e-01,7.461216147407808297e-04,0.000000000000000000e+00,4.875455703760299286e+01,1.872482366828233991e+00
6.027112344489166571e+04,9.994285966121796427e-01,7.461235324275121384e-04,0.000000000000000000e+00,4.875718575669013433e+01,1.877308444730692250e+00
6.027112390553888690e+04,1.000524910247916566e+00,7.461278898110431735e-04,0.000000000000000000e+00,4.876080185014048141e+01,1.875075834175911282e+00
6.027112436618609354e+04,1.001837770705332309e+00,7.461308639731298147e-04,0.000000000000000000e+00,4.876184124318231738e+01,1.873923749326129817e+00
6.027112482683330745e+04,1.000857769025307764e+00,7.461268541783271958e-04,0.000000000000000000e+00,4.875772239004496811e+01,1.872382580269772445e+00
6.027112528748052864e+04,9.997889345558127472e-01,7.461200522940205325e-04,0.000000000000000000e+00,4.876676298354435346e+01,1.874791760218327052e+00
6.027112574812773528e+04,1.000619276017412851e+00,7.461269837872943093e-04,0.000000000000000000e+00,4.877241594796301172e+01,1.873684959279997564e+00
6.027112620877494919e+04,9.981816449784762790e-01,7.462107882757828365e-04,0.000000000000000000e+00,4.877454973733766508e+01,1.874306409658139883e+00
6.027112666942216310e+04,9.999290400496368969e-01,7.461588317629086779e-04,0.000000000000000000e+00,4.877088093449362560e+01,1.874345854551745516e+00
6.027112713006936974e+04,1.000701076685735380e+00,7.461681346316100753e-04,0.000000000000000000e+00,4.876290821426366051e+01,1.873146712093028299e+00
6.027112759071658365e+04,1.002845714949663236e+00,7.461748610149953600e-04,0.000000000000000000e+00,4.876190373000698486e+01,1.874287295364672312e+00
6.027112805136380484e+04,1.002118060663721888e+00,7.461680053880336222e-04,0.000000000000000000e+00,4.875837806154788723e+01,1.873435469434682643e+00
6.027112851201101148e+04,1.000290181594524874e+00,7.461638120150045983e-04,0.000000000000000000e+00,4.876551289460452665e+01,1.874977236856642637e+00
6.027112897265821812e+04,1.000890311342134353e+00,7.461677610582292952e-04,0.000000000000000000e+00,4.877190648715743748e+01,1.872761230139293964e+00
6.027112943330543931e+04,1.001038739571658898e+00,7.461679814702857402e-04,0.000000000000000000e+00,4.876161068489513184e+01,1.872414253146015728e+00
6.027112989395265322e+04,9.997672144466792643e-01,7.465736432410660390e-04,0.000000000000000000e+00,4.875496299209051188e+01,1.875011170494868651e+00
6.027113035459985986e+04,9.993600774743747195e-01,7.461617195476833320e-04,0.000000000000000000e+00,4.875563904509201052e+01,1.874036808483822814e+00
6.027113081524708105e+04,1.000397053802012159e+00,7.461659991869565040e-04,0.000000000000000000e+00,4.875834226216215939e+01,1.874238513332018741e+00
6.027113127589428768e+04,1.000797645161604521e+00,7.461649878610196636e-04,0.000000000000000000e+00,4.876098595327015062e+01,1.874716404706818551e+00
6.027113173654149432e+04,9.997362993503310369e-01,7.461612433237501058e-04,0.000000000000000000e+00,4.876407886546022041e+01,1.872112094749899258e+00
6.027113219718870823e+04,1.001192832226986740e+00,7.461661138590555773e-04,0.000000000000000000e+00,4.876903413656818032e+01,1.873387763148410157e+00
6.027113265783592215e+04,9.998997919010822466e-01,7.461648814766146890e-04,0.000000000000000000e+00,4.876003981788547037e+01,1.873053272915346401e+00
6.027113311848312878e+04,1.001080315702983725e+00,7.461698386436680513e-04,0.000000000000000000e+00,4.876178869821069384e+01,1.872834483709922004e+00
6.027113357913034270e+04,9.997814141161168733e-01,7.461658816890477490e-04,0.000000000000000000e+00,4.876407198878991522e+01,1.872586121623817323e+00
6.027113403977755661e+04,9.994048904621105622e-01,7.461611709793666922e-04,0.000000000000000000e+00,4.877130251348314971e+01,1.872820607255449632e+00
6.027113450042476325e+04,1.000062810444340977e+00,7.461642912273800006e-04,0.000000000000000000e+00,4.877272288233704955e+01,1.873565083304641776e+00
6.027113496107196988e+04,1.000877927072097773e+00,7.461667107836865041e-04,0.000000000000000000e+00,4.876679568241507923e+01,1.875091602620326148e+00
6.027113542171919107e+04,1.000304849723604228e+00,7.461644027297810629e-04,0.000000000000000000e+00,4.876587793990084663e+01,1.873559056693257174e+00
6.027113588236639771e+04,9.994611587151412957e-01,7.461640424646651462e-04,0.000000000000000000e+00,4.876509768894436547e+01,1.874671824840449030e+00
6.027113634301360435e+04,9.996452058921988515e-01,7.461796141907588251e-04,0.000000000000000000e+00,4.876500160216694724e+01,1.874371958169772201e+00
6.027113680366082554e+04,1.000755177402070428e+00,7.461667705748546145e-04,0.000000000000000000e+00,4.876559366203495927e+01,1.874155970925773129e+00
6.027113726430803217e+04,1.000632370657313697e+00,7.461678201141401729e-04,0.000000000000000000e+00,4.876328717052174966e+01,1.874431740706484995e+00
6.027113772495523881e+04,1.000025332190196625e+00,7.461651344919025550e-04,0.000000000000000000e+00,4.876731645910759738e+01,1.873291459975740425e+00
6.027113818560246000e+04,1.000359553754023967e+00,7.461656599423777863e-04,0.000000000000000000e+00,4.876295860141944871e+01,1.873242804989550647e+00
6.027113864624966664e+04,9.985175555507506129e-01,7.461588792217474031e-04,0.000000000000000000e+00,4.876889933041296388e+01,1.872275046965434120e+00
6.027113910689687327e+04,1.000926564252845097e+00,7.461693143421278254e-04,0.000000000000000000e+00,4.876134125436605160e+01,1.874120812347516818e+00
6.027113956754409446e+04,1.000310536418891783e+00,7.461671298319613168e-04,0.000000000000000000e+00,4.875966417715297752e+01,1.871403749265076355e+00
6.027114002819129382e+04,1.000780525741226334e+00,7.461652648757472264e-04,0.000000000000000000e+00,4.876383713913811846e+01,1.874483223111113483e+00
6.027114048883850046e+04,1.001365132911413713e+00,7.461705504700990753e-04,0.000000000000000000e+00,4.877010810137887376e+01,1.869252236856726590e+00
6.027114094948571437e+04,1.000134415998348958e+00,7.461628629202769845e-04,0.000000000000000000e+00,4.877165660867465391e+01,1.874697186264932425e+00
6.027114141013292829e+04,1.001549900265911175e+00,7.461684356177690318e-04,0.000000000000000000e+00,4.877531697496937824e+01,1.872450914231524211e+00
6.027114187078013492e+04,1.000297316592673846e+00,7.461665041665889410e-04,0.000000000000000000e+00,4.876894023653368038e+01,1.873239829734534512e+00
6.027114233142734884e+04,9.993932051912158832e-01,7.461616296288994333e-04,0.000000000000000000e+00,4.876927231036826527e+01,1.874794845725633596e+00
6.027114279207455547e+04,9.999059184015620660e-01,7.461618179999605872e-04,0.000000000000000000e+00,4.877264383553284688e+01,1.873815378325144332e+00
6.027114325272176211e+04,1.001700235484141333e+00,7.461716062792361336e-04,0.000000000000000000e+00,4.876808132879093449e+01,1.873496934784552703e+00
6.027114371336896875e+04,1.001410673427205689e+00,7.461699638706639250e-04,0.000000000000000000e+00,4.877239035258607203e+01,1.877427874656844020e+00
6.027114417401618994e+04,1.000846374504439806e+00,7.461706177098465908e-04,0.000000000000000000e+00,4.876062165804475512e+01,1.872399628532820604e+00
6.027114463466338930e+04,9.998839300392263763e-01,7.461645652344989698e-04,0.000000000000000000e+00,4.875626165812287383e+01,1.873459381060340379e+00
6.027114509531059593e+04,1.000432011965154189e+00,7.461667382163022534e-04,0.000000000000000000e+00,4.875669250069637428e+01,1.875694542869664971e+00
6.027114555595781712e+04,1.001133003611157202e+00,7.461723446952339689e-04,0.000000000000000000e+00,4.876050896084444020e+01,1.872600070971811803e+00
6.027114601660501648e+04,9.987009117285210458e-01,7.461589410919530849e-04,0.000000000000000000e+00,4.875962391176840072e+01,1.873214162149324791e+00
6.027114647725222312e+04,9.998235425138177757e-01,7.461663584896364521e-04,0.000000000000000000e+00,4.875766195827701921e+01,1.873270464796898738e+00
6.027114693789944431e+04,1.000676398336547424e+00,7.461725548942447269e-04,0.000000000000000000e+00,4.876087362938901038e+01,1.873184695768833841e+00
6.027114739854664367e+04,9.992124393009289562e-01,7.461614055209492453e-04,0.000000000000000000e+00,4.877074169414932925e+01,1.871398559851563670e+00
6.027114785919385031e+04,1.000406223146746987e+00,7.461696770270720772e-04,0.000000000000000000e+00,4.876511423841076009e+01,1.871632438376551688e+00
6.027114831984106422e+04,1.000255964657042362e+00,7.461655568207413393e-04,0.000000000000000000e+00,4.875963881339428241e+01,1.875293279979648675e+00
6.027114878048827086e+04,9.998653507407165852e-01,7.461627924360920896e-04,0.000000000000000000e+00,4.876652510794722417e+01,1.872542172694928286e+00
6.027114924113547750e+04,1.001410666603872235e+00,7.461703675403377842e-04,0.000000000000000000e+00,4.876850454484308983e+01,1.876210129580781594e+00
6.027114970178269141e+04,9.986725705877478321e-01,7.461626775157167903e-04,0.000000000000000000e+00,4.876245916912704104e+01,1.871966659801673760e+00
6.027115016242989805e+04,1.000490158860759982e+00,7.460886789809271493e-04,0.000000000000000000e+00,4.876188997888528576e+01,1.875581822455121950e+00
6.027115062307710468e+04,1.001004015926461932e+00,7.460906280300485735e-04,0.000000000000000000e+00,4.876486782673131870e+01,1.873216455596854013e+00
6.027115108372431132e+04,1.000147958739534326e+00,7.460875203754874794e-04,0.000000000000000000e+00,4.876109213683863430e+01,1.872864730650117160e+00
6.027115154437152523e+04,1.001389893616666082e+00,7.460913940733457286e-04,0.000000000000000000e+00,4.875707811071639952e+01,1.875703502480528417e+00
6.027115200501872459e+04,1.001889106218286196e+00,7.460970552382279819e-04,0.000000000000000000e+00,4.876283574847305857e+01,1.872096340605110765e+00
6.027115246566593123e+04,9.989445099214607771e-01,7.460870802530227474e-04,0.000000000000000000e+00,4.876219950808433623e+01,1.873232707045604295e+00
6.027115292631314514e+04,9.997618017146847613e-01,7.460879386813611428e-04,0.000000000000000000e+00,4.876177627558261918e+01,1.873678921735427716e+00
6.027115338696035178e+04,9.994529321525544852e-01,7.460878990555908129e-04,0.000000000000000000e+00,4.875797894836318136e+01,1.875594661019425846e+00
6.027115384760755114e+04,1.000759892930493500e+00,7.460934433625766599e-04,0.000000000000000000e+00,4.875996376364999207e+01,1.874192521040907389e+00
6.027115430825477233e+04,9.993038759206293031e-01,7.460852548983911954e-04,0.000000000000000000e+00,4.877073461920566899e+01,1.874226676735798014e+00
6.027115476890197169e+04,9.999533055886420385e-01,7.460876404414140814e-04,0.000000000000000000e+00,4.876566138119319760e+01,1.874544593496969558e+00
6.027115522954917833e+04,1.000611039424481374e+00,7.460896752844347257e-04,0.000000000000000000e+00,4.876244857627620632e+01,1.874705180415267902e+00
6.027115569019639224e+04,9.993756753440987683e-01,7.460866240906993381e-04,0.000000000000000000e+00,4.876646087015797804e+01,1.872392219161472582e+00
6.027115615084359160e+04,1.000950128221223423e+00,7.460905984371868837e-04,0.000000000000000000e+00,4.876734654708583605e+01,1.874557191982225701e+00
6.027115661149079824e+04,9.987532673315299148e-01,7.460825545335062620e-04,0.000000000000000000e+00,4.876469343830463288e+01,1.872478184453938654e+00
6.027115707213800488e+04,9.994008126862923280e-01,7.475937282493305865e-04,0.000000000000000000e+00,4.876135909255569345e+01,1.872878913727604289e+00
6.027115753278521879e+04,1.000045204809853816e+00,7.460886547034298192e-04,0.000000000000000000e+00,4.876819697305602119e+01,1.872909816251930648e+00
6.027115799343241815e+04,9.994374031243766776e-01,7.460854058380972419e-04,0.000000000000000000e+00,4.876054911220835208e+01,1.873750685812992867e+00
6.027115845407962479e+04,1.001161576569171263e+00,7.460936418546231354e-04,0.000000000000000000e+00,4.875791101234961644e+01,1.873932683361023255e+00
6.027115891472683870e+04,9.991404373704523278e-01,7.460851141612368431e-04,0.000000000000000000e+00,4.876189619102719774e+01,1.874016804979983464e+00
6.027115937537403806e+04,1.000213732738313155e+00,7.460869948136278221e-04,0.000000000000000000e+00,4.877343587994052143e+01,1.872771544692846124e+00
6.027115983602123742e+04,1.001278869767530555e+00,7.460929944937150921e-04,0.000000000000000000e+00,4.876516989122289658e+01,1.870942987373576560e+00
6.027116029666845861e+04,1.001084282338543296e+00,7.460909600004979672e-04,0.000000000000000000e+00,4.876104194804761960e+01,1.874766924062707174e+00
6.027116075731565797e+04,9.999952625080527069e-01,7.460888667167257359e-04,0.000000000000000000e+00,4.876536080731636957e+01,1.872334617301193216e+00
6.027116121796285734e+04,1.000558709058979812e+00,7.460915487865542274e-04,0.000000000000000000e+00,4.876381950345829353e+01,1.874460280638414966e+00
6.027116167861007125e+04,1.000379812725817441e+00,7.460901221221831687e-04,0.000000000000000000e+00,4.876534585211329187e+01,1.874170415267345069e+00
6.027116213925727789e+04,9.998332945467229838e-01,7.460875519209697430e-04,0.000000000000000000e+00,4.876812093709617812e+01,1.874820347519540631e+00
6.027116259990447725e+04,1.000026899116432721e+00,7.460887722719240387e-04,0.000000000000000000e+00,4.876353004744274244e+01,1.872395653306470509e+00
6.027116306055169116e+04,1.000438864186860233e+00,7.460872402132186611e-04,0.000000000000000000e+00,4.875969911534271262e+01,1.872995736499184938e+00
6.027116352119889052e+04,9.978326110817944405e-01,7.460803058747376331e-04,0.000000000000000000e+00,4.876577157615992064e+01,1.871550035284885061e+00
6.027116398184608988e+04,9.993377082854969506e-01,7.460877895300705408e-04,0.000000000000000000e+00,4.876534773456791072e+01,1.872085295614749567e+00
6.027116444249331107e+04,1.001367446972658559e+00,7.460899276733947176e-04,0.000000000000000000e+00,4.877694700575609943e+01,1.874183641146869972e+00
6.027116490314051043e+04,9.973559163395731009e-01,7.460775562277715709e-04,0.000000000000000000e+00,4.877346783582257217e+01,1.871590953071523789e+00
6.027116536378770979e+04,1.000322451104825650e+00,7.460876237385401883e-04,0.000000000000000000e+00,4.877176203388696507e+01,1.872719442778222998e+00
6.027116582443491643e+04,1.000940093082366866e+00,7.460921699981386788e-04,0.000000000000000000e+00,4.876399105675265844e+01,1.874651737902736759e+00
6.027116628508212307e+04,1.000999616166374118e+00,7.460916966690694886e-04,0.000000000000000000e+00,4.877246447556643716e+01,1.872020015910774937e+00
6.027116674572932243e+04,9.987367887306742853e-01,7.460845784898442919e-04,0.000000000000000000e+00,4.876578055174322657e+01,1.874153506599746333e+00
6.027116720637652907e+04,9.991076206942697269e-01,7.460856573631294893e-04,0.000000000000000000e+00,4.875065205565649507e+01,1.873055472442100022e+00
6.027116766702373570e+04,9.998822651931593697e-01,7.460919530683239641e-04,0.000000000000000000e+00,4.875186997192057703e+01,1.874882867255627250e+00
6.027116812767094234e+04,9.995098632567329666e-01,7.460891354066908699e-04,0.000000000000000000e+00,4.876023295203755481e+01,1.870363927844611807e+00
6.027116858831814170e+04,1.000663031463667529e+00,7.460913112782294795e-04,0.000000000000000000e+00,4.876411716837752408e+01,1.872872730861694812e+00
6.027116904896535561e+04,1.000214300461208516e+00,7.460899649697001930e-04,0.000000000000000000e+00,4.876686702271484819e+01,1.870690825531178492e+00
6.027116950961255498e+04,9.997951398191895489e-01,7.460894464315574303e-04,0.000000000000000000e+00,4.876273446715042326e+01,1.871670596977252909e+00
6.027116997025975434e+04,9.995507660200573241e-01,7.460862577695005944e-04,0.000000000000000000e+00,4.876875924860805611e+01,1.870916216852382519e+00
6.027117043090696825e+04,1.001210988955081094e+00,7.460939840827278229e-04,0.000000000000000000e+00,4.877159387635045107e+01,1.873926202219383441e+00
6.027117089155416761e+04,9.991767582342033771e-01,7.460865641678091206e-04,0.000000000000000000e+00,4.877000905287076193e+01,1.872846560535699423e+00
6.027117135220136697e+04,1.000697820532501225e+00,7.460906291448971299e-04,0.000000000000000000e+00,4.877109905995665429e+01,1.872679853195038158e+00
6.027117181284858088e+04,9.996833937385206648e-01,7.460886658838795059e-04,0.000000000000000000e+00,4.876439530910558773e+01,1.872733234373481714e+00
6.027117227349578025e+04,1.001125633493904488e+00,7.460929019853667797e-04,0.000000000000000000e+00,4.876093078549695292e+01,1.874105481787652794e+00
6.027117273414297961e+04,1.000204455726519948e+00,7.460912346547411093e-04,0.000000000000000000e+00,4.875592492768407737e+01,1.874515971256194957e+00
6.027117319479017897e+04,1.000370439836036018e+00,7.461190199049450456e-04,0.000000000000000000e+00,4.876582302376063183e+01,1.872464022473799616e+00
6.027117365543738561e+04,9.996909542092412559e-01,7.461162019184084358e-04,0.000000000000000000e+00,4.876188986673035686e+01,1.872702500219769695e+00
6.027117411608458497e+04,9.988793834352723833e-01,7.476510441581668163e-04,0.000000000000000000e+00,4.875833880398732845e+01,1.869091149101264948e+00
6.027117457673179160e+04,1.000083101093478311e+00,7.461208617913980823e-04,0.000000000000000000e+00,4.875877159974217534e+01,1.873938743755607872e+00
6.027117503737899824e+04,9.987722297542732663e-01,7.461171325650839360e-04,0.000000000000000000e+00,4.875642211199072307e+01,1.871258145131589057e+00
6.027117549802619760e+04,9.991649405972992115e-01,7.461160832175946092e-04,0.000000000000000000e+00,4.876689529105053822e+01,1.875083022604944194e+00
6.027117595867340424e+04,1.000789717371429077e+00,7.461222934306000181e-04,0.000000000000000000e+00,4.876159794805096226e+01,1.873311018946797857e+00
6.027117641932061088e+04,9.997288960536044877e-01,7.461193761642765428e-04,0.000000000000000000e+00,4.876360143633210242e+01,1.873429901221587368e+00
6.027117687996780296e+04,9.989040849911881015e-01,7.461156419840671381e-04,0.000000000000000000e+00,4.876627153588721342e+01,1.871045987472960137e+00
6.027117734061500232e+04,9.999740757030993743e-01,7.463139823596301329e-04,0.000000000000000000e+00,4.875893662055898403e+01,1.874661197641484867e+00
6.027117780126221624e+04,1.000126582905547457e+00,7.461172000503045812e-04,0.000000000000000000e+00,4.876522648087618705e+01,1.877962911170193649e+00
6.027117826190941560e+04,9.977283087453122645e-01,7.461116184625410938e-04,0.000000000000000000e+00,4.876542197053104388e+01,1.870542742685913362e+00
6.027117872255661496e+04,1.000309032212872262e+00,7.461204986499477953e-04,0.000000000000000000e+00,4.877197021571034696e+01,1.872487120974427155e+00
6.027117918320382159e+04,1.000166700596452962e+00,7.461169132969231246e-04,0.000000000000000000e+00,4.878002753290975591e+01,1.871180881231329529e+00
6.027117964385102096e+04,9.999525438151447565e-01,7.461171596410581027e-04,0.000000000000000000e+00,4.877556905209688409e+01,1.873490582755151568e+00
6.027118010449822032e+04,9.998580388680962105e-01,7.461192331729015088e-04,0.000000000000000000e+00,4.877239740178127647e+01,1.874088079154314412e+00
6.027118056514543423e+04,9.991809987372644031e-01,7.461137903839507425e-04,0.000000000000000000e+00,4.877058170142326787e+01,1.871309282694210818e+00
6.027118102579262631e+04,9.999647446788373362e-01,7.461222125324409697e-04,0.000000000000000000e+00,4.877493456603242095e+01,1.871714862030875004e+00
6.027118148643982568e+04,9.993172241012595602e-01,7.461145477506882099e-04,0.000000000000000000e+00,4.877224727970021689e+01,1.875648389050351694e+00
6.027118194708703231e+04,9.994845920554727980e-01,7.461158489091532535e-04,0.000000000000000000e+00,4.876467893225041905e+01,1.874591381451683914e+00
6.027118240773423167e+04,9.988156088469339888e-01,7.461140206253973105e-04,0.000000000000000000e+00,4.875881508578596168e+01,1.873231705778034550e+00
6.027118286838143104e+04,1.000565509219043303e+00,7.461196096274827754e-04,0.000000000000000000e+00,4.877088685576742932e+01,1.872372570102534217e+00
6.027118332902863767e+04,9.990322822103222533e-01,7.461158610142789660e-04,0.000000000000000000e+00,4.877592285175521880e+01,1.871661851578480418e+00
6.027118378967583703e+04,1.000284999448612933e+00,7.461216482063796115e-04,0.000000000000000000e+00,4.877007182781302674e+01,1.874150083831389146e+00
6.027118425032303639e+04,9.989022810165565369e-01,7.461185349857102876e-04,0.000000000000000000e+00,4.875957815874883750e+01,1.872395090263013984e+00
6.027118471097023576e+04,9.990238456006261814e-01,7.461130228037344495e-04,0.000000000000000000e+00,4.876962890383946103e+01,1.872140414206312276e+00
6.027118517161744239e+04,1.000167512950649318e+00,7.461202353811782718e-04,0.000000000000000000e+00,4.876655582039456505e+01,1.877188517421748193e+00
6.027118563226464175e+04,9.990424769948275108e-01,7.461170005336592971e-04,0.000000000000000000e+00,4.876720291287242048e+01,1.871512963861319490e+00
6.027118609291183384e+04,9.988996456059864304e-01,7.461119949205086491e-04,0.000000000000000000e+00,4.877695951243291717e+01,1.875807172890374686e+00
6.027118655355904775e+04,9.990200403491131809e-01,7.461163670642415339e-04,0.000000000000000000e+00,4.877439838562359853e+01,1.870478998936169202e+00
6.027118701420623984e+04,1.000278619154373327e+00,7.461183529296390058e-04,0.000000000000000000e+00,4.877484121342261858e+01,1.872642430225721855e+00
6.027118747485343920e+04,9.996267337047787249e-01,7.471475607040396023e-04,0.000000000000000000e+00,4.877067361706966864e+01,1.873752477000719896e+00
6.027118793550064584e+04,9.991428150582161161e-01,7.461169138725467663e-04,0.000000000000000000e+00,4.877271014289641471e+01,1.871266989842744088e+00
6.027118839614784520e+04,9.994405232581912157e-01,7.466518657062219634e-04,0.000000000000000000e+00,4.876812430318121017e+01,1.873315220131346326e+00
6.027118885679503728e+04,1.000386334849267644e+00,7.461238720316520868e-04,0.000000000000000000e+00,4.876453605136097025e+01,1.871756769045824331e+00
6.027118931744225119e+04,9.993151030822553516e-01,7.461157086130850878e-04,0.000000000000000000e+00,4.876635862464878102e+01,1.872267742070381491e+00
6.027118977808944328e+04,9.997249591071312169e-01,7.461204125022781767e-04,0.000000000000000000e+00,4.876585143835235669e+01,1.874027128194187819e+00
6.027119023873664264e+04,9.998842003611637663e-01,7.461204969338735725e-04,0.000000000000000000e+00,4.876597749157001971e+01,1.873569281025829980e+00
6.027119069938384200e+04,9.997076940950946344e-01,7.461177193040689163e-04,0.000000000000000000e+00,4.877040515983645008e+01,1.876401154985692266e+00
6.027119116003104864e+04,9.992871191775386519e-01,7.461203956735557334e-04,0.000000000000000000e+00,4.875943739863994608e+01,1.873451050156869302e+00
6.027119162067824072e+04,9.985845187929747180e-01,7.461165391243615918e-04,0.000000000000000000e+00,4.876039068309432878e+01,1.872269645623130696e+00
6.027119208132544736e+04,1.000073635595496890e+00,7.461185005562233569e-04,0.000000000000000000e+00,4.877405065936229533e+01,1.872244386257743587e+00
6.027119254197264672e+04,9.993142839964040958e-01,7.472678602574738980e-04,0.000000000000000000e+00,4.878034488468708219e+01,1.875775316768927503e+00
6.027119300261983881e+04,1.001212835697781411e+00,7.461187453689289463e-04,0.000000000000000000e+00,4.877857389915133268e+01,1.875268630336720976e+00
6.027119346326703817e+04,9.999862765784903740e-01,7.461207777081114165e-04,0.000000000000000000e+00,4.877549420735680030e+01,1.872427760467860525e+00
6.027119392391424481e+04,9.976745611936068681e-01,7.461065622212315540e-04,0.000000000000000000e+00,4.877599161623079027e+01,1.871488037661664938e+00
6.027119438456143689e+04,1.000017947539720398e+00,7.461184335824486320e-04,0.000000000000000000e+00,4.876601346220299860e+01,1.872859780966437127e+00
6.027119484520863625e+04,9.992844672718511623e-01,7.461155500385252461e-04,0.000000000000000000e+00,4.876682667186140208e+01,1.874076319879305341e+00
6.027119530585584289e+04,1.000879269384076453e+00,7.461213693917530601e-04,0.000000000000000000e+00,4.877117959094284316e+01,1.872887104834070504e+00
6.027119576650303497e+04,1.000814440237445258e+00,7.461223534515340960e-04,0.000000000000000000e+00,4.876561083070208724e+01,1.872390861341457047e+00
6.027119622715023434e+04,1.000146460806800475e+00,7.461917243770007637e-04,0.000000000000000000e+00,4.876633093634234939e+01,1.874277255318464563e+00
6.027119668779744097e+04,9.985825750626892150e-01,7.461881720828401161e-04,0.000000000000000000e+00,4.876634203781689081e+01,1.870755902004091364e+00
6.027119714844463306e+04,9.986452291462267761e-01,7.461874674822119476e-04,0.000000000000000000e+00,4.876388225067553606e+01,1.870990619128285681e+00
6.027119760909182514e+04,9.996223717519576724e-01,7.461914494774611085e-04,0.000000000000000000e+00,4.876048867773025819e+01,1.873415173092086938e+00
6.027119806973903906e+04,9.996641658645661899e-01,7.461911774697587221e-04,0.000000000000000000e+00,4.877074399179556963e+01,1.872459197621565208e+00
6.027119853038623114e+04,9.996763477991160718e-01,7.461922527409640222e-04,0.000000000000000000e+00,4.876620050733900769e+01,1.872775511600462517e+00
6.027119899103342323e+04,9.985881141396187877e-01,7.461883082893575351e-04,0.000000000000000000e+00,4.876085784730346973e+01,1.872184256823049564e+00
6.027119945168062259e+04,9.985197725611416608e-01,7.461893869725814412e-04,0.000000000000000000e+00,4.876555872633831257e+01,1.871306560057863777e+00
6.027119991232782195e+04,1.000046616087314710e+00,7.487578748148520291e-04,0.000000000000000000e+00,4.876883224717190757e+01,1.873657434675499500e+00
6.027120037297502131e+04,9.995837967184783013e-01,7.461933424282386805e-04,0.000000000000000000e+00,4.876308611259424453e+01,1.871850123765693041e+00
6.027120083362222067e+04,9.992626422958461596e-01,7.461905664787940855e-04,0.000000000000000000e+00,4.876435486305978628e+01,1.871228920415990871e+00
6.027120129426942003e+04,9.991203899687478573e-01,7.461933071015836678e-04,0.000000000000000000e+00,4.876294242015769242e+01,1.873723227422475990e+00
6.027120175491661212e+04,1.000404423244200203e+00,7.461919267793756805e-04,0.000000000000000000e+00,4.876334333709196756e+01,1.872153157514667710e+00
6.027120221556380420e+04,9.974916882727759004e-01,7.481918447601387323e-04,0.000000000000000000e+00,4.876631135697380159e+01,1.876496821806942439e+00
6.027120267621101084e+04,1.000895538746653379e+00,7.461944397100447879e-04,0.000000000000000000e+00,4.876793853395300715e+01,1.871671941204007261e+00
6.027120313685820292e+04,9.990805253187082791e-01,7.461903579304943624e-04,0.000000000000000000e+00,4.876988098956995543e+01,1.872068922435881078e+00
6.027120359750539501e+04,9.997660653130180375e-01,7.496561955985194979e-04,0.000000000000000000e+00,4.877352051849453574e+01,1.866915216822968793e+00
6.027120405815260165e+04,9.993409424748769254e-01,7.461894936413520458e-04,0.000000000000000000e+00,4.876031305804711025e+01,1.877213683156963242e+00
6.027120451879979373e+04,9.998801239894974380e-01,7.461940570981257523e-04,0.000000000000000000e+00,4.877014403507752149e+01,1.875565612547954508e+00
6.027120497944699309e+04,1.000078372254693981e+00,7.461946707853007229e-04,0.000000000000000000e+00,4.876497251286596679e+01,1.874545894472374741e+00
6.027120544009419973e+04,1.001529839091828356e+00,7.462011083989348410e-04,0.000000000000000000e+00,4.876724271265796062e+01,1.873182575079676226e+00
6.027120590074139182e+04,1.000754499018243981e+00,7.461974488044900841e-04,0.000000000000000000e+00,4.876460250978684741e+01,1.872542416478725880e+00
6.027120636138858390e+04,1.000717546006831604e+00,7.461954806364165787e-04,0.000000000000000000e+00,4.877181219837899562e+01,1.871632800139628960e+00
6.027120682203578326e+04,9.999587350069836234e-01,7.461923920679084266e-04,0.000000000000000000e+00,4.876758297924168062e+01,1.874600927456868460e+00
6.027120728268298262e+04,1.000002546998973063e+00,7.486244584538550998e-04,0.000000000000000000e+00,4.876126301975513400e+01,1.874632298719675294e+00
6.027120774333016743e+04,1.000526799110688314e+00,7.463162884073904326e-04,0.000000000000000000e+00,4.876656109731340649e+01,1.873731169376612105e+00
6.027120820397736679e+04,9.986057367940327500e-01,7.461904198322080435e-04,0.000000000000000000e+00,4.876930238124137418e+01,1.872064088796588033e+00
6.027120866462456615e+04,9.995669636795808666e-01,7.461890728984860426e-04,0.000000000000000000e+00,4.877210057000222321e+01,1.872968454212441403e+00
6.027120912527175824e+04,9.999756609394783169e-01,7.461896763837661288e-04,0.000000000000000000e+00,4.877319183416916815e+01,1.875375910922659539e+00
6.027120958591895760e+04,1.000485833186918416e+00,7.461930909441410282e-04,0.000000000000000000e+00,4.877299439072891829e+01,1.872130982654258702e+00
6.027121004656615696e+04,1.000240983081540191e+00,7.461918403653919644e-04,0.000000000000000000e+00,4.876844095212160823e+01,1.872982017913298103e+00
6.027121050721334905e+04,1.000268247410551536e+00,7.461965546203334606e-04,0.000000000000000000e+00,4.877336699790816255e+01,1.872976882015286781e+00
6.027121096786054113e+04,9.995289314535822367e-01,7.461921141321618519e-04,0.000000000000000000e+00,4.877110633262043393e+01,1.871914572205268357e+00
6.027121142850774777e+04,9.995493484577948617e-01,7.461926154561099181e-04,0.000000000000000000e+00,4.876646620627717255e+01,1.871114044061812365e+00
6.027121188915493985e+04,9.990179786647317428e-01,7.461922946923603720e-04,0.000000000000000000e+00,4.875655102151939246e+01,1.872398264101260201e+00
6.027121234980212466e+04,1.001001723737533267e+00,7.461993944517797406e-04,0.000000000000000000e+00,4.875828967998759111e+01,1.874026740501535393e+00
6.027121281044933130e+04,9.995523374575946418e-01,7.461912763131695004e-04,0.000000000000000000e+00,4.875879039924673464e+01,1.872666059119413307e+00
6.027121327109652339e+04,1.000599888231654022e+00,7.461999249053542522e-04,0.000000000000000000e+00,4.876079328779330524e+01,1.875388671811004215e+00
6.027121373174371547e+04,9.984995876470654785e-01,7.461867748375878911e-04,0.000000000000000000e+00,4.876761574595197857e+01,1.873240481510312527e+00
6.027121419239092211e+04,9.998670134794465092e-01,7.496569520676901136e-04,0.000000000000000000e+00,4.877184289230405767e+01,1.875216092479592644e+00
6.027121465303810692e+04,1.000742739073357646e+00,7.461957598691078015e-04,0.000000000000000000e+00,4.876086041473979549e+01,1.873744530691810350e+00
6.027121511368529900e+04,1.000721176019778946e+00,7.461929389722459990e-04,0.000000000000000000e+00,4.877062591004025194e+01,1.876379610010528332e+00
6.027121557433249836e+04,9.981028810769762005e-01,7.478505726133057203e-04,0.000000000000000000e+00,4.877218248990321570e+01,1.872462276383986879e+00
6.027121603497969772e+04,9.999676630014372458e-01,7.461913466318416096e-04,0.000000000000000000e+00,4.876791473113275543e+01,1.874371756664859889e+00
6.027121649562688253e+04,1.000116908823037054e+00,7.461907881085679721e-04,0.000000000000000000e+00,4.876574373588192657e+01,1.873096193130878939e+00
6.027121695627408189e+04,1.000761796595080133e+00,7.461946762247822704e-04,0.000000000000000000e+00,4.876172822112600613e+01,1.873741932673549160e+00
6.027121741692128126e+04,9.998878217878175434e-01,7.461933828225020271e-04,0.000000000000000000e+00,4.876226738753229029e+01,1.873307541349396477e+00
6.027121787756846606e+04,9.990149428158143774e-01,7.461891558647048986e-04,0.000000000000000000e+00,4.876463442781853530e+01,1.872373504467705452e+00
6.027121833821565815e+04,9.999024967240200956e-01,7.461921810590552411e-04,0.000000000000000000e+00,4.876567160556572134e+01,1.875386424164500854e+00
6.027121879886286479e+04,9.995057749133370306e-01,7.461966206759728260e-04,0.000000000000000000e+00,4.876112262778055850e+01,1.875105362808632048e+00
6.027121925951004960e+04,9.995534544654605114e-01,7.461511349299938464e-04,0.000000000000000000e+00,4.876125498689665960e+01,1.875876614648382512e+00
6.027121972015724168e+04,1.000028242258923283e+00,7.461498108107248632e-04,0.000000000000000000e+00,4.876672998771915957e+01,1.872154021748380748e+00
6.027122018080444832e+04,9.987249859989945078e-01,7.477274570522365578e-04,0.000000000000000000e+00,4.876924538891342564e+01,1.873605410957543516e+00
6.027122064145163313e+04,9.996730883582284344e-01,7.489927753721842925e-04,0.000000000000000000e+00,4.875476086636997763e+01,1.872384359861231973e+00
6.027122110209882521e+04,9.998356728664710147e-01,7.461530857764219317e-04,0.000000000000000000e+00,4.875711281120419471e+01,1.872236934787835372e+00
6.027122156274602457e+04,9.989361892544800225e-01,7.461502200046169582e-04,0.000000000000000000e+00,4.876337351980755841e+01,1.874067753597093100e+00
6.027122202339321666e+04,9.989974082535060251e-01,7.461478010120016924e-04,0.000000000000000000e+00,4.877516464067297619e+01,1.874246928807751900e+00
6.027122248404040874e+04,1.000451727079740616e+00,7.461568695523099204e-04,0.000000000000000000e+00,4.877526378943140628e+01,1.870842280931897639e+00
6.027122294468760811e+04,9.998049429279248779e-01,7.461511465487053732e-04,0.000000000000000000e+00,4.877100423835228327e+01,1.872654345811703536e+00
6.027122340533480019e+04,9.988691721196100159e-01,7.461481565617729579e-04,0.000000000000000000e+00,4.877160854821761404e+01,1.872433546795432946e+00
6.027122386598198500e+04,9.983807429125356458e-01,7.461588076948024459e-04,0.000000000000000000e+00,4.876583942578769637e+01,1.871940687880894405e+00
6.027122432662918436e+04,9.995449317662377098e-01,7.461514736603992249e-04,0.000000000000000000e+00,4.877005705624399212e+01,1.872559475033783061e+00
6.027122478727637645e+04,9.985878156480058054e-01,7.461482405615846216e-04,0.000000000000000000e+00,4.876673999628865630e+01,1.871635915531808303e+00
6.027122524792356853e+04,1.000550458762827777e+00,7.461529256618289066e-04,0.000000000000000000e+00,4.876679202703338945e+01,1.870746472867370391e+00
6.027122570857076062e+04,9.995652994800310331e-01,7.461533020377208395e-04,0.000000000000000000e+00,4.876433126060259582e+01,1.872388263085583038e+00
6.027122616921795270e+04,1.000812533217172229e+00,7.461587593946965606e-04,0.000000000000000000e+00,4.875924320668194412e+01,1.873175237111886604e+00
6.027122662986514479e+04,1.000141300255181553e+00,7.461522665954845469e-04,0.000000000000000000e+00,4.876705300529387443e+01,1.875233581233632929e+00
6.027122709051232960e+04,9.988896409707331836e-01,7.461501073528170689e-04,0.000000000000000000e+00,4.876910971811165041e+01,1.870954623618251045e+00
6.027122755115953623e+04,1.000133605698974915e+00,7.461542406118686034e-04,0.000000000000000000e+00,4.876377647963095541e+01,1.873222208347868900e+00
6.027122801180672104e+04,9.999778792651285997e-01,7.461523233736393158e-04,0.000000000000000000e+00,4.876799501839632001e+01,1.873776746216966549e+00
6.027122847245391313e+04,9.995011080688185334e-01,7.461483525862081401e-04,0.000000000000000000e+00,4.877300873400626102e+01,1.873565537861616948e+00
6.027122893310111249e+04,9.995832046734611787e-01,7.461473954970699457e-04,0.000000000000000000e+00,4.877500322825486023e+01,1.874125763907181774e+00
6.027122939374829730e+04,1.000350614488060064e+00,7.461572703070338142e-04,0.000000000000000000e+00,4.877272654948959030e+01,1.874225223384677008e+00
6.027122985439548938e+04,1.001089397547353155e+00,7.461570317620665064e-04,0.000000000000000000e+00,4.876577370084114449e+01,1.876733949947466451e+00
6.027123031504268874e+04,1.000208297082933573e+00,7.461539879311302912e-04,0.000000000000000000e+00,4.876675759410957056e+01,1.871537738721900324e+00
6.027123077568987355e+04,9.993113915497628952e-01,7.461507817421470391e-04,0.000000000000000000e+00,4.876149689155063527e+01,1.871996011757946166e+00
6.027123123633706564e+04,1.000056619967421456e+00,7.461507569704854291e-04,0.000000000000000000e+00,4.876409282242313736e+01,1.871034298840293264e+00
6.027123169698425772e+04,9.974096089574794322e-01,7.480430386500329289e-04,0.000000000000000000e+00,4.876524312982582643e+01,1.874163084873881946e+00
6.027123215763144981e+04,1.000403592753629667e+00,7.468822485071278895e-04,0.000000000000000000e+00,4.876871611235971216e+01,1.875635132896308122e+00
6.027123261827863462e+04,9.995443639217990173e-01,7.462192077471263649e-04,0.000000000000000000e+00,4.877168208139411831e+01,1.876099651070577634e+00
6.027123307892583398e+04,9.988270385692832321e-01,7.461479039411414048e-04,0.000000000000000000e+00,4.877044714133668180e+01,1.875642125137754856e+00
6.027123353957302606e+04,9.995084713448174618e-01,7.461527358196795275e-04,0.000000000000000000e+00,4.876500657736428224e+01,1.872939264376823454e+00
6.027123400022021087e+04,9.991695155155323471e-01,7.461524018693789550e-04,0.000000000000000000e+00,4.876727030176426325e+01,1.873831920355440328e+00
6.027123446086740296e+04,9.999340580525456490e-01,7.461550113397725191e-04,0.000000000000000000e+00,4.875806785046282243e+01,1.870539560322263650e+00
6.027123492151460232e+04,9.993863026548063244e-01,7.461515726055539203e-04,0.000000000000000000e+00,4.876035136098507650e+01,1.873639147151876516e+00
6.027123538216178713e+04,9.986501443680768642e-01,7.461484777314831424e-04,0.000000000000000000e+00,4.876055862291895693e+01,1.875169065517522160e+00
6.027123584280897194e+04,1.000488889929844971e+00,7.461564290754751179e-04,0.000000000000000000e+00,4.876445599704854317e+01,1.872145266119410678e+00
6.027123630345617130e+04,9.987063040447665685e-01,7.461492595143981313e-04,0.000000000000000000e+00,4.876079017608525845e+01,1.873109651439470058e+00
6.027123676410335611e+04,9.990775635347216577e-01,7.461520730036796337e-04,0.000000000000000000e+00,4.876367678888260571e+01,1.873630174803652793e+00
6.027123722475054092e+04,1.001064356526162102e+00,7.461579221501273137e-04,0.000000000000000000e+00,4.876833778353363869e+01,1.872414594717308089e+00
6.027123768539774028e+04,9.991220188239312572e-01,7.461511632778659647e-04,0.000000000000000000e+00,4.876742547948414597e+01,1.873774930463237398e+00
6.027123814604493236e+04,9.984753923681018994e-01,7.461444904590485002e-04,0.000000000000000000e+00,4.877197284740505268e+01,1.874074911767927620e+00
6.027123860669211717e+04,1.001130126565928480e+00,7.467084051826424363e-04,0.000000000000000000e+00,4.877168025050841749e+01,1.874723627009264648e+00
6.027123906733931653e+04,9.982688062722022693e-01,7.462645163740048168e-04,0.000000000000000000e+00,4.877086862901963116e+01,1.874566692566842274e+00
6.027123952798650134e+04,9.979012294401046201e-01,7.461503908963239935e-04,0.000000000000000000e+00,4.877201398518565156e+01,1.870838263118564271e+00
6.027123998863368615e+04,9.983690596893365354e-01,7.461452186398718654e-04,0.000000000000000000e+00,4.877028665081478920e+01,1.872693586962307810e+00
6.027124044928087824e+04,1.000638274157643615e+00,7.461543695938187238e-04,0.000000000000000000e+00,4.877094175272441845e+01,1.874052112031016959e+00
6.027124090992807032e+04,1.000175814685720033e+00,7.461504712399679492e-04,0.000000000000000000e+00,4.876804134242799904e+01,1.874494965762503851e+00
6.027124137057525513e+04,9.999536934727807358e-01,7.461546294786051579e-04,0.000000000000000000e+00,4.876855496902904008e+01,1.875689591294189995e+00
6.027124183122244722e+04,9.986913548609948066e-01,7.461467116100262706e-04,0.000000000000000000e+00,4.876781652876243811e+01,1.874354809614438011e+00
6.027124229186963930e+04,9.980942185132236633e-01,7.446973855744777300e-04,0.000000000000000000e+00,4.876231460530375728e+01,1.874537026931734962e+00
6.027124275251682411e+04,9.984269757876359508e-01,7.447005200217982415e-04,0.000000000000000000e+00,4.876217662807646036e+01,1.872436166707330152e+00
6.027124321316400892e+04,9.931723387688287108e-01,7.446801544772313052e-04,0.000000000000000000e+00,4.876922151151440232e+01,1.873976626043943883e+00
6.027124367381120828e+04,9.935534366413731888e-01,7.446818551153863448e-04,0.000000000000000000e+00,4.876826592709086583e+01,1.873260653132356790e+00
6.027124413445839309e+04,9.950676244077387711e-01,7.446723655023314596e-04,0.000000000000000000e+00,4.875936316700770590e+01,1.874294400926387771e+00
6.027124459510557790e+04,9.920125987154092551e-01,7.446749083075368970e-04,0.000000000000000000e+00,4.876236880407470409e+01,1.872277749775737021e+00
6.027124505575277726e+04,9.927068755489089069e-01,7.446779143461455764e-04,0.000000000000000000e+00,4.877055422758629533e+01,1.874201279787900409e+00
6.027124551639996207e+04,9.921248698229362395e-01,7.446758727166920798e-04,0.000000000000000000e+00,4.876928236596415189e+01,1.870865853711552562e+00
6.027124597704714688e+04,9.922563192303686108e-01,7.446750839841869904e-04,0.000000000000000000e+00,4.876972775404988170e+01,1.873261720052765922e+00
6.027124643769433897e+04,9.933375850122704298e-01,7.446779521108799500e-04,0.000000000000000000e+00,4.877104664883673735e+01,1.875050103685769631e+00
6.027124689834152377e+04,9.918921118116296176e-01,7.446731576995686309e-04,0.000000000000000000e+00,4.877558578450385340e+01,1.872356779537144078e+00
6.027124735898870858e+04,9.921350028828074263e-01,7.446753506884409412e-04,0.000000000000000000e+00,4.876880762688632842e+01,1.872024338236490504e+00
6.027124781963590794e+04,9.926725099905894245e-01,7.446785304351576313e-04,0.000000000000000000e+00,4.875814054801148245e+01,1.873796699331463866e+00
6.027124828028309275e+04,9.910114245481694839e-01,7.447036539297162460e-04,0.000000000000000000e+00,4.876843837201409571e+01,1.871332205623464695e+00
6.027124874093027756e+04,9.922195697727343999e-01,7.446740405042407687e-04,0.000000000000000000e+00,4.876382634553768725e+01,1.873868176936484664e+00
6.027124920157746237e+04,9.911776816907971188e-01,7.446761967497718534e-04,0.000000000000000000e+00,4.876298670645524425e+01,1.873963096478722612e+00
6.027124966222465446e+04,9.920919702405467389e-01,7.472118464112944723e-04,0.000000000000000000e+00,4.876791088314508471e+01,1.869800108716850318e+00
6.027125012287183927e+04,9.922152085309964287e-01,7.448861778279196495e-04,0.000000000000000000e+00,4.876597859025427084e+01,1.873051649039638500e+00
6.027125058351903135e+04,9.929307749664473270e-01,7.446760811686463453e-04,0.000000000000000000e+00,4.876365749670205219e+01,1.876341218479285144e+00
6.027125104416622344e+04,9.915737461983361589e-01,7.446753075255188115e-04,0.000000000000000000e+00,4.876328159021942099e+01,1.873389198970009550e+00
6.027125150481340097e+04,9.925236539329536090e-01,7.446731384207187386e-04,0.000000000000000000e+00,4.876257280301501851e+01,1.876444611477605884e+00
6.027125196546058578e+04,9.915657379417766037e-01,7.446731469291721205e-04,0.000000000000000000e+00,4.876381899553280164e+01,1.874711879934958247e+00
6.027125242610778514e+04,9.919527884767798120e-01,7.446798293182285006e-04,0.000000000000000000e+00,4.876360680797293412e+01,1.873939111500609656e+00
6.027125288675496267e+04,9.935122517817064347e-01,7.446804881038875546e-04,0.000000000000000000e+00,4.877021819677253234e+01,1.872499783396851969e+00
6.027125334740214748e+04,9.909558785857537355e-01,7.446701661661950722e-04,0.000000000000000000e+00,4.877076625510739660e+01,1.872427789582179258e+00
6.027125380804934684e+04,9.914340410436706108e-01,7.446726899825889014e-04,0.000000000000000000e+00,4.876640478451010097e+01,1.875255573040162105e+00
6.027125426869652438e+04,9.918056811504447623e-01,7.446744722964124480e-04,0.000000000000000000e+00,4.875978047772649404e+01,1.872634114480317580e+00
6.027125472934370919e+04,9.930853660472155342e-01,7.446794254677187178e-04,0.000000000000000000e+00,4.875919819474933803e+01,1.873602151015584472e+00
6.027125518999090855e+04,9.905098222156468735e-01,7.446701147016679878e-04,0.000000000000000000e+00,4.876662851984434610e+01,1.874229035938482335e+00
6.027125565063808608e+04,9.921248827826318895e-01,7.446734773168165551e-04,0.000000000000000000e+00,4.876857002867036073e+01,1.871755956645732022e+00
6.027125611128527089e+04,9.924522917308229442e-01,7.446773417345791237e-04,0.000000000000000000e+00,4.876986427225533305e+01,1.873360748959250532e+00
6.027125657193246298e+04,9.924867079744092990e-01,7.449579418244780833e-04,0.000000000000000000e+00,4.876624645413678394e+01,1.873746649816687482e+00
6.027125703257964778e+04,9.924562515132522300e-01,7.446780508161136066e-04,0.000000000000000000e+00,4.875500155930883750e+01,1.873998624574086502e+00
6.027125749322683259e+04,9.923726551007197028e-01,7.462801999751654319e-04,0.000000000000000000e+00,4.875702979620228206e+01,1.876544043448936216e+00
6.027125795387401740e+04,9.919637860176263588e-01,7.446741401791321562e-04,0.000000000000000000e+00,4.876689577871591297e+01,1.877478866788948375e+00
6.027125841452120949e+04,9.916205639137047889e-01,7.446744345908800668e-04,0.000000000000000000e+00,4.877119048697150561e+01,1.873026887777357707e+00
6.027125887516838702e+04,9.915371281517409985e-01,7.446727619538323194e-04,0.000000000000000000e+00,4.876008104488609263e+01,1.872794945247512999e+00
6.027125933581557911e+04,9.924243530607845809e-01,7.446768053936453271e-04,0.000000000000000000e+00,4.876242232811313926e+01,1.873115144652059971e+00
6.027125979646276392e+04,9.914007987907723640e-01,7.446718110114022675e-04,0.000000000000000000e+00,4.876497889921650852e+01,1.871942885833018932e+00
6.027126025710994872e+04,9.925356388590684809e-01,7.446766923404963450e-04,0.000000000000000000e+00,4.877208726512363057e+01,1.873540597577395772e+00
6.027126071775712626e+04,9.925916498411919697e-01,7.448059884011903973e-04,0.000000000000000000e+00,4.877646584181786693e+01,1.873587497747740915e+00
6.027126117840432562e+04,9.931859125916814302e-01,7.446773110911039531e-04,0.000000000000000000e+00,4.878249614389439870e+01,1.871802557818116108e+00
6.027126163905150315e+04,9.941511032741291443e-01,7.446811063280527748e-04,0.000000000000000000e+00,4.876930885259031356e+01,1.875014295142944709e+00
6.027126209969868796e+04,9.921178738896893057e-01,7.446787217827073070e-04,0.000000000000000000e+00,4.876151163445291559e+01,1.870089346525074081e+00
6.027126256034588005e+04,9.910538351308280092e-01,7.446727992297137028e-04,0.000000000000000000e+00,4.876568733561019542e+01,1.873797831014023085e+00
6.027126302099306486e+04,9.924455863071312001e-01,7.446757643226861777e-04,0.000000000000000000e+00,4.877165450009220393e+01,1.872144325822325372e+00
6.027126348164024239e+04,9.915794925525051040e-01,7.446747450271068132e-04,0.000000000000000000e+00,4.876992916138354417e+01,1.870700661366981210e+00
6.027126394228743447e+04,9.924653700272375589e-01,7.446752900288406600e-04,0.000000000000000000e+00,4.876892950883934219e+01,1.876211036935301779e+00
6.027126440293461928e+04,9.914975981331889399e-01,7.446738605997423521e-04,0.000000000000000000e+00,4.876776314043966920e+01,1.873461738531753351e+00
6.027126486358179682e+04,9.926763833682421545e-01,7.446788923787768045e-04,0.000000000000000000e+00,4.876644601714501448e+01,1.873016062092057954e+00
6.027126532422898890e+04,9.930776164344129464e-01,7.461571738882217522e-04,0.000000000000000000e+00,4.876452546052198045e+01,1.874159624586769990e+00
6.027126578487617371e+04,9.962747631918263957e-01,7.461655330855851377e-04,0.000000000000000000e+00,4.876919991776274799e+01,1.874104413068368169e+00
6.027126624552335124e+04,9.973231734054307518e-01,7.461721831316897417e-04,0.000000000000000000e+00,4.876982723355899907e+01,1.872794087157816367e+00
6.027126670617054333e+04,9.992579340309875047e-01,7.461809406299748856e-04,0.000000000000000000e+00,4.876998943421408939e+01,1.874655102652894589e+00
6.027126716681772814e+04,9.986416105079606309e-01,7.461732119368938562e-04,0.000000000000000000e+00,4.877377870970907736e+01,1.874526851873259625e+00
6.027126762746490567e+04,9.974429826265082122e-01,7.461695651506476115e-04,0.000000000000000000e+00,4.877757103213005507e+01,1.870549366058481544e+00
6.027126808811208321e+04,9.986619719044984578e-01,7.461747355082607976e-04,0.000000000000000000e+00,4.877477613086668384e+01,1.872824123586880773e+00
6.027126854875928257e+04,9.985579947225909914e-01,7.461759111044898854e-04,0.000000000000000000e+00,4.876924013315471029e+01,1.875320225993180490e+00
6.027126900940646010e+04,9.987579180674494017e-01,7.461735235205999581e-04,0.000000000000000000e+00,4.877598322797418717e+01,1.871829800226047835e+00
6.027126947005363763e+04,9.995009701214743192e-01,7.461821947068247385e-04,0.000000000000000000e+00,4.876981706162505503e+01,1.870696878051389067e+00
6.027126993070082972e+04,1.001224057952776691e+00,7.461871315756102600e-04,0.000000000000000000e+00,4.876545957479181226e+01,1.875122613700654028e+00
6.027127039134801453e+04,9.999116438497979154e-01,7.461808646420563457e-04,0.000000000000000000e+00,4.876885017387252219e+01,1.872376970398468954e+00
6.027127085199519206e+04,9.995798959388045857e-01,7.461793988987636562e-04,0.000000000000000000e+00,4.876921075920687798e+01,1.871698715136141056e+00
6.027127131264238415e+04,9.999100750514149372e-01,7.461805564404750107e-04,0.000000000000000000e+00,4.875810242166686237e+01,1.875250294446076937e+00
6.027127177328956168e+04,9.992205046991469164e-01,7.461808840056976784e-04,0.000000000000000000e+00,4.876398172989801338e+01,1.872477376665197868e+00
6.027127223393673921e+04,9.996034953069480311e-01,7.461827957563135641e-04,0.000000000000000000e+00,4.876518828254768323e+01,1.874441611688709930e+00
6.027127269458393857e+04,1.000804760776902613e+00,7.483681284635453719e-04,0.000000000000000000e+00,4.876229929487016790e+01,1.875858120860314449e+00
6.027127315523111611e+04,9.990601141043122801e-01,7.461812274147245879e-04,0.000000000000000000e+00,4.876119241158453121e+01,1.874487619985175435e+00
6.027127361587829364e+04,9.995643868476818961e-01,7.461820308167375817e-04,0.000000000000000000e+00,4.877339176068574744e+01,1.874115737100221946e+00
6.027127407652547845e+04,1.000033790954724555e+00,7.461812357814429303e-04,0.000000000000000000e+00,4.877937049780078382e+01,1.873897503047024182e+00
6.027127453717266326e+04,1.000032098037774819e+00,7.461822286345449638e-04,0.000000000000000000e+00,4.876831573800380681e+01,1.872386503413589143e+00
6.027127499781984079e+04,9.996214083040255716e-01,7.461802384453533480e-04,0.000000000000000000e+00,4.876955858301717939e+01,1.872872062759201039e+00
6.027127545846702560e+04,9.997329515160787716e-01,7.461834280287780920e-04,0.000000000000000000e+00,4.876675891373826488e+01,1.872888524762682083e+00
6.027127591911421041e+04,9.986076246748888385e-01,7.461789292549298510e-04,0.000000000000000000e+00,4.876404397558784609e+01,1.870931549895568535e+00
6.027127637976138794e+04,9.990152509069396558e-01,7.461774174715799781e-04,0.000000000000000000e+00,4.877409254469526445e+01,1.873428972299703732e+00
6.027127684040856548e+04,9.996347435750370103e-01,7.461832180746967363e-04,0.000000000000000000e+00,4.876915984579265739e+01,1.871824054526504133e+00
6.027127730105575756e+04,1.000626392475883142e+00,7.461870175860683876e-04,0.000000000000000000e+00,4.877141110972620908e+01,1.873181459972771856e+00
6.027127776170293509e+04,9.998268439700248589e-01,7.461813610386157283e-04,0.000000000000000000e+00,4.877857114356311996e+01,1.874541910108740606e+00
6.027127822235011263e+04,1.000375938666355768e+00,7.461838236469446823e-04,0.000000000000000000e+00,4.877343461530248447e+01,1.871771740482760737e+00
6.027127868299730471e+04,1.001967995588741278e+00,7.486208547254256072e-04,0.000000000000000000e+00,4.876549652588991535e+01,1.869355530928331177e+00
6.027127914364448225e+04,9.998359755507728597e-01,7.461838620780040154e-04,0.000000000000000000e+00,4.876274121684524943e+01,1.874677273021081447e+00
6.027127960429165978e+04,9.984197681412584346e-01,7.461746676673498488e-04,0.000000000000000000e+00,4.876551770503768068e+01,1.875059639937172173e+00
6.027128006493885187e+04,1.000507028166557788e+00,7.461832544430180682e-04,0.000000000000000000e+00,4.876039518927751004e+01,1.873352678985213737e+00
6.027128052558602940e+04,1.000077712175437838e+00,7.461823310077165356e-04,0.000000000000000000e+00,4.876270832767044539e+01,1.871697832808150386e+00
6.027128098623320693e+04,1.000432024959213573e+00,7.461859529439362300e-04,0.000000000000000000e+00,4.876855321947348898e+01,1.875510318205039439e+00
6.027128144688039174e+04,9.983312121012194451e-01,7.461722759103375704e-04,0.000000000000000000e+00,4.876781337163434671e+01,1.875174975043545134e+00
6.027128190752757655e+04,9.999807118130178418e-01,7.464350102676719579e-04,0.000000000000000000e+00,4.875807014479134693e+01,1.873602298746022132e+00
6.027128236817475408e+04,9.994358167358416978e-01,7.461811837197063896e-04,0.000000000000000000e+00,4.876940347291454714e+01,1.871797961803003840e+00
6.027128282882193889e+04,9.980722068931264790e-01,7.461734950022169905e-04,0.000000000000000000e+00,4.877340585419658936e+01,1.871259715399512524e+00
6.027128328946911643e+04,9.984224798810981127e-01,7.461783362510932775e-04,0.000000000000000000e+00,4.876524279361657932e+01,1.874625428790376303e+00
6.027128375011629396e+04,9.977902840549173202e-01,7.461758119226075603e-04,0.000000000000000000e+00,4.876803483056336574e+01,1.873876767646942554e+00
6.027128421076347877e+04,1.000145368755547715e+00,7.461834029897499495e-04,0.000000000000000000e+00,4.877220069434189043e+01,1.873940232787250082e+00
6.027128467141066358e+04,9.998015409892008210e-01,7.461814860692552159e-04,0.000000000000000000e+00,4.876476936040421606e+01,1.873986118250686284e+00
6.027128513205784111e+04,9.995435960854569535e-01,7.461822812752675824e-04,0.000000000000000000e+00,4.875648158233970264e+01,1.872293165757236366e+00
6.027128559270501864e+04,9.977940897608312820e-01,7.461771377937471104e-04,0.000000000000000000e+00,4.876198235151154847e+01,1.871699732326221000e+00
6.027128605335220345e+04,9.995138803289086438e-01,7.461823176747778329e-04,0.000000000000000000e+00,4.876315651568010168e+01,1.873825431327201363e+00
6.027128651399938099e+04,9.987139823438155872e-01,7.461758496466215770e-04,0.000000000000000000e+00,4.876433542570351420e+01,1.874043157738889631e+00
6.027128697464655852e+04,9.984679636628530641e-01,7.461789735937169417e-04,0.000000000000000000e+00,4.876174488732024770e+01,1.872092262044102728e+00
6.027128743529375060e+04,9.992162697130012594e-01,7.461803312346542219e-04,0.000000000000000000e+00,4.876326263152198237e+01,1.874816551257680208e+00
6.027128789594092086e+04,1.000296187239240631e+00,7.461854736844261140e-04,0.000000000000000000e+00,4.875574752862217309e+01,1.874417348942101880e+00
6.027128835658809840e+04,9.987233247055895546e-01,7.463071342572403979e-04,0.000000000000000000e+00,4.875809353655353107e+01,1.875968357943233356e+00
6.027128881723529048e+04,9.999245142146493404e-01,7.463115175825160621e-04,0.000000000000000000e+00,4.876142332218329045e+01,1.875058619965507711e+00
6.027128927788246074e+04,1.000722132307332757e+00,7.463134052020335696e-04,0.000000000000000000e+00,4.876948882150028908e+01,1.875552209551691218e+00
6.027128973852963827e+04,9.999719676873803920e-01,7.463114372430724140e-04,0.000000000000000000e+00,4.877457904446762171e+01,1.874113105592046802e+00
6.027129019917682308e+04,9.998033106844901319e-01,7.466988638555277589e-04,0.000000000000000000e+00,4.877028189299094407e+01,1.875074510170004372e+00
6.027129065982400061e+04,9.987734533987473462e-01,7.463038108968216141e-04,0.000000000000000000e+00,4.877537761759853652e+01,1.877940075603205416e+00
6.027129112047117815e+04,1.000203730243592215e+00,7.463113627498961381e-04,0.000000000000000000e+00,4.876687574282543380e+01,1.872911702485893226e+00
6.027129158111836296e+04,9.980270211869394226e-01,7.463653327399320976e-04,0.000000000000000000e+00,4.876124559034283124e+01,1.875849788597395484e+00
6.027129204176554049e+04,9.993456219450445044e-01,7.463082356409607345e-04,0.000000000000000000e+00,4.876147072228570067e+01,1.873562607497138321e+00
6.027129250241271802e+04,1.000377917149479101e+00,7.463121815752611805e-04,0.000000000000000000e+00,4.876841487136053388e+01,1.873860327204847964e+00
6.027129296305988828e+04,1.000630941369927029e+00,7.463138674297086503e-04,0.000000000000000000e+00,4.876416200658886169e+01,1.876186186132275502e+00
6.027129342370708036e+04,9.993974062637072109e-01,7.463100864682979370e-04,0.000000000000000000e+00,4.875721052555666546e+01,1.871453356058767170e+00
6.027129388435425790e+04,9.994808813789002322e-01,7.463128853303026191e-04,0.000000000000000000e+00,4.875026043427430977e+01,1.872477153496932889e+00
6.027129434500142816e+04,9.987569811144598741e-01,7.475717994518902556e-04,0.000000000000000000e+00,4.876344055535217592e+01,1.872231813525543576e+00
6.027129480564862024e+04,1.000722048732030744e+00,7.491754223637109907e-04,0.000000000000000000e+00,4.876532753573039969e+01,1.872011837804552048e+00
6.027129526629579050e+04,1.000219658006076262e+00,7.479495519757160338e-04,0.000000000000000000e+00,4.876953009719543530e+01,1.871243253757238323e+00
6.027129572694296803e+04,1.000316381993736847e+00,7.463089575673688197e-04,0.000000000000000000e+00,4.877054272332921414e+01,1.874889393844926033e+00
6.027129618759015284e+04,9.986630542241992092e-01,7.463065295637753924e-04,0.000000000000000000e+00,4.876158694658639803e+01,1.873868508118430309e+00
6.027129664823733037e+04,9.998745133103010829e-01,7.463137984966902857e-04,0.000000000000000000e+00,4.876364754935598711e+01,1.873928991799989507e+00
6.027129710888450063e+04,9.979341465478781537e-01,7.463026310422387656e-04,0.000000000000000000e+00,4.876011103110357681e+01,1.872310157490399529e+00
6.027129756953169272e+04,9.990217165352865969e-01,7.463097818079841416e-04,0.000000000000000000e+00,4.876306557311080070e+01,1.873049027961566360e+00
6.027129803017886297e+04,9.996764162019370348e-01,7.463071957219842827e-04,0.000000000000000000e+00,4.876231288808141784e+01,1.873915033311689404e+00
6.027129849082604051e+04,9.984693777453680363e-01,7.463094395622975981e-04,0.000000000000000000e+00,4.875570572309948147e+01,1.871812144143466750e+00
6.027129895147321804e+04,1.000625005192475880e+00,7.463101460119755427e-04,0.000000000000000000e+00,4.876622348074111102e+01,1.874011433759489531e+00
6.027129941212039557e+04,1.000676834340721300e+00,7.463124812434246197e-04,0.000000000000000000e+00,4.876356515040458817e+01,1.873119693588065404e+00
6.027129987276757311e+04,9.996135872848264103e-01,7.463083520151078155e-04,0.000000000000000000e+00,4.876658092509293851e+01,1.875659639979494253e+00
6.027130033341475064e+04,1.001037690128288027e+00,7.463190816283835852e-04,0.000000000000000000e+00,4.876382290680733433e+01,1.873552161930504223e+00
6.027130079406193545e+04,1.000885717102170336e+00,7.463125454332278320e-04,0.000000000000000000e+00,4.876568402941433789e+01,1.875838027796697949e+00
6.027130125470910571e+04,1.000137871556396885e+00,7.463139017393638107e-04,0.000000000000000000e+00,4.876704827322081570e+01,1.873879731617306144e+00
6.027130171535627596e+04,9.991240144447112170e-01,7.463076272922935031e-04,0.000000000000000000e+00,4.877155761610539741e+01,1.873761767595430783e+00
6.027130217600346805e+04,9.987533621752870960e-01,7.475812039661021294e-04,0.000000000000000000e+00,4.876342312042843474e+01,1.873678879080211912e+00
6.027130263665063831e+04,9.996822557161860745e-01,7.463101380226264516e-04,0.000000000000000000e+00,4.876060496200847894e+01,1.872618915421818908e+00
6.027130309729780856e+04,1.001887929396462873e+00,7.492530547254706462e-04,0.000000000000000000e+00,4.875969620179387221e+01,1.876256901940363431e+00
6.027130355794499337e+04,1.000433948203396595e+00,7.463120712737280824e-04,0.000000000000000000e+00,4.876663626767671644e+01,1.873688442428160128e+00
6.027130401859217091e+04,9.988854897014720624e-01,7.463088775943542809e-04,0.000000000000000000e+00,4.876044613146595452e+01,1.874249982658467317e+00
6.027130447923934116e+04,9.996129084916710594e-01,7.463114466395255392e-04,0.000000000000000000e+00,4.876582801582526372e+01,1.872448200668554552e+00
6.027130493988652597e+04,9.994663641482157690e-01,7.463133704059964242e-04,0.000000000000000000e+00,4.875842001474956078e+01,1.873023963569354411e+00
6.027130540053370351e+04,1.000000600732589895e+00,7.463114307241046482e-04,0.000000000000000000e+00,4.877085704476814954e+01,1.873567375240202226e+00
6.027130586118087376e+04,1.000633051312601607e+00,7.463128921710472782e-04,0.000000000000000000e+00,4.877032282052043399e+01,1.876469536942701133e+00
6.027130632182805857e+04,1.000215857623237614e+00,7.463118260321334723e-04,0.000000000000000000e+00,4.876510828885758997e+01,1.875768064671669899e+00
6.027130678247522883e+04,1.000904209530234956e+00,7.463135712289745713e-04,0.000000000000000000e+00,4.876242226869295848e+01,1.875262603365909442e+00
6.027130724312239909e+04,1.000286681209289208e+00,7.463140473645996390e-04,0.000000000000000000e+00,4.876354320463711645e+01,1.874543348059821035e+00
6.027130770376958390e+04,1.000066736144976876e+00,7.463120193065841696e-04,0.000000000000000000e+00,4.877130836205664366e+01,1.873298207988055353e+00
6.027130816441676143e+04,9.991319359790175048e-01,7.463084708490077841e-04,0.000000000000000000e+00,4.876663451180616704e+01,1.872388209680909910e+00
6.027130862506393169e+04,9.980118549366274738e-01,7.463061307984175273e-04,0.000000000000000000e+00,4.876304677318502456e+01,1.872087203383162368e+00
6.027130908571110922e+04,1.000779783459867511e+00,7.463122084054433537e-04,0.000000000000000000e+00,4.876571647672386689e+01,1.874464840833334867e+00
6.027130954635828675e+04,9.990135053499258344e-01,7.463071966979937036e-04,0.000000000000000000e+00,4.875716454948783252e+01,1.876449490012266574e+00
6.027131000700545701e+04,1.000262311990324893e+00,7.463146258151338560e-04,0.000000000000000000e+00,4.876271432390907989e+01,1.872622628983965587e+00
6.027131046765262727e+04,9.998109765224928447e-01,7.463142110711605331e-04,0.000000000000000000e+00,4.875904986416206555e+01,1.873664483068731013e+00
6.027131092829981208e+04,9.990702819229477782e-01,7.481324179359677201e-04,0.000000000000000000e+00,4.876454678647192509e+01,1.874341102672305581e+00
6.027131138894698233e+04,9.995738911289929751e-01,7.472649072035785151e-04,0.000000000000000000e+00,4.875893056478682297e+01,1.871925335739989871e+00
6.027131184959415987e+04,9.976669124838600800e-01,7.463435341623435955e-04,0.000000000000000000e+00,4.876355209326625584e+01,1.872839150933440333e+00
6.027131231024134468e+04,9.984443123147651589e-01,7.463457151598064127e-04,0.000000000000000000e+00,4.877137145994041134e+01,1.872219912009378540e+00
6.027131277088851493e+04,1.000940615507299070e+00,7.463558624353749385e-04,0.000000000000000000e+00,4.876781140909274370e+01,1.871799235971413511e+00
6.027131323153568519e+04,1.000915190276089994e+00,7.463547076857320267e-04,0.000000000000000000e+00,4.876170821214370221e+01,1.871988046930610716e+00
6.027131369218287000e+04,9.999377860480230806e-01,7.463519439159665720e-04,0.000000000000000000e+00,4.876431924333601842e+01,1.874606699127970622e+00
6.027131415283004026e+04,9.980492940579845929e-01,7.463439608529719551e-04,0.000000000000000000e+00,4.876689037347779276e+01,1.874327558595146881e+00
6.027131461347721051e+04,9.998877348066605997e-01,7.463499288300449877e-04,0.000000000000000000e+00,4.876605103931085239e+01,1.874840961156320818e+00
6.027131507412438805e+04,9.989753591774696018e-01,7.463486128112018251e-04,0.000000000000000000e+00,4.877105329252810861e+01,1.873668230065706819e+00
6.027131553477156558e+04,9.999323900415275634e-01,7.463520885627113492e-04,0.000000000000000000e+00,4.875664639422416258e+01,1.875445981453309319e+00
6.027131599541873584e+04,9.997083933807624501e-01,7.463512040185248629e-04,0.000000000000000000e+00,4.875143138874099691e+01,1.872552636568272089e+00
6.027131645606590610e+04,9.989848152653861835e-01,7.463486322859514376e-04,0.000000000000000000e+00,4.875367817423486372e+01,1.870871177071856239e+00
6.027131691671308363e+04,1.000022819893396697e+00,7.463493557054490289e-04,0.000000000000000000e+00,4.876501420381661234e+01,1.872299557646490475e+00
6.027131737736025389e+04,9.991150975017570879e-01,7.472621330772225836e-04,0.000000000000000000e+00,4.875822167662151685e+01,1.874158247649555964e+00
6.027131783800742414e+04,9.997229124584905424e-01,7.463506975874595935e-04,0.000000000000000000e+00,4.875391422582971046e+01,1.873451745366062848e+00
6.027131829865460895e+04,9.989627029238066225e-01,7.463504409200900523e-04,0.000000000000000000e+00,4.875619016858472321e+01,1.874232964228586207e+00
6.027131875930177921e+04,1.001908257315906381e+00,7.484378285011015087e-04,0.000000000000000000e+00,4.876301840760037010e+01,1.869845208539185233e+00
6.027131921994894947e+04,9.971402703834331138e-01,7.463412940960864345e-04,0.000000000000000000e+00,4.877246718300485639e+01,1.874080583372821351e+00
6.027131968059613428e+04,1.000808309694429798e+00,7.463538515313935216e-04,0.000000000000000000e+00,4.876506918642500921e+01,1.873564003460081562e+00
6.027132014124329726e+04,9.998146015084324878e-01,7.463527974181481542e-04,0.000000000000000000e+00,4.876379603364109983e+01,1.873571192093119508e+00
6.027132060189046751e+04,9.994003293847721903e-01,7.463492700760332530e-04,0.000000000000000000e+00,4.876248377665113054e+01,1.872183333384594084e+00
6.027132106253765232e+04,9.993545442933118306e-01,7.463472678374666845e-04,0.000000000000000000e+00,4.876174712012156931e+01,1.874255970542226368e+00
6.027132152318482258e+04,9.991089410913837066e-01,7.463458570896411596e-04,0.000000000000000000e+00,4.877001243621168669e+01,1.873808804726054822e+00
6.027132198383199284e+04,1.000095148087210450e+00,7.463500300072555861e-04,0.000000000000000000e+00,4.876627009654131939e+01,1.876924857749059594e+00
6.027132244447917037e+04,9.992106558641075109e-01,7.463501696773703611e-04,0.000000000000000000e+00,4.875799409649398086e+01,1.871095619104492291e+00
6.027132290512634063e+04,9.990719358696830144e-01,7.463486022805846483e-04,0.000000000000000000e+00,4.875661248142377246e+01,1.873533355842552206e+00
6.027132336577351089e+04,9.995092039439145148e-01,7.463474362210959900e-04,0.000000000000000000e+00,4.876635492481089784e+01,1.874291207857637920e+00
6.027132382642068842e+04,9.998371504233118934e-01,7.463473786312999937e-04,0.000000000000000000e+00,4.876735293166542817e+01,1.877187377116625422e+00
6.027132428706785868e+04,9.995164760937585990e-01,7.463475731598113484e-04,0.000000000000000000e+00,4.876724841417687628e+01,1.874103533857700565e+00
6.027132474771502893e+04,9.998817415050575974e-01,7.463527339528651036e-04,0.000000000000000000e+00,4.876240337202048636e+01,1.871803408743645480e+00
6.027132520836220647e+04,9.989342334226498643e-01,7.463486081178164963e-04,0.000000000000000000e+00,4.876213165586100473e+01,1.872269739433483293e+00
6.027132566900937672e+04,1.000641298049290029e+00,7.463574386188717019e-04,0.000000000000000000e+00,4.876129866849951355e+01,1.871688314171273460e+00
6.027132612965654698e+04,1.000407118389632588e+00,7.463546394222012395e-04,0.000000000000000000e+00,4.876483759083798475e+01,1.874306501422294824e+00
6.027132659030371724e+04,9.982169632901271017e-01,7.463434898158613799e-04,0.000000000000000000e+00,4.876316339109245490e+01,1.872526632734382579e+00
6.027132705095089477e+04,9.998213863409586288e-01,7.463466207911118207e-04,0.000000000000000000e+00,4.876853215891475912e+01,1.874953469483406687e+00
6.027132751159806503e+04,9.993350608307226546e-01,7.463506421973882662e-04,0.000000000000000000e+00,4.876823081346001487e+01,1.873328728715671687e+00
6.027132797224523529e+04,9.997571374067694139e-01,7.463486638595417510e-04,0.000000000000000000e+00,4.877378559917023182e+01,1.873572573795246887e+00
6.027132843289241282e+04,1.000121973756895155e+00,7.463499158463501393e-04,0.000000000000000000e+00,4.877463372342688075e+01,1.875921819818018310e+00
6.027132889353958308e+04,9.995071495135582351e-01,7.463460469631241984e-04,0.000000000000000000e+00,4.876994979194428481e+01,1.874254942944925340e+00
6.027132935418674606e+04,1.000581536342325828e+00,7.463531344114580392e-04,0.000000000000000000e+00,4.876513163739561918e+01,1.870235680466445949e+00
6.027132981483393087e+04,1.000343169388732356e+00,7.463527020226052352e-04,0.000000000000000000e+00,4.875945866527134598e+01,1.874259897847470713e+00
6.027133027548110113e+04,9.994201048484898653e-01,7.472176570282147105e-04,0.000000000000000000e+00,4.876249917889491314e+01,1.870196625836163751e+00
6.027133073612826411e+04,1.000249488755886818e+00,7.463497320324385649e-04,0.000000000000000000e+00,4.875672055027989416e+01,1.874274032232065457e+00
6.027133119677544892e+04,9.997952401640153308e-01,7.463500130515823925e-04,0.000000000000000000e+00,4.876500189381145134e+01,1.871960955803819937e+00
6.027133165742261190e+04,9.996339341444027138e-01,7.463497779671024067e-04,0.000000000000000000e+00,4.876775939434636342e+01,1.872271128148307318e+00
6.027133211806978215e+04,1.000102506709602324e+00,7.463511245440258325e-04,0.000000000000000000e+00,4.876185771038895211e+01,1.874552829507737828e+00
6.027133257871695241e+04,1.000086492317563858e+00,7.463544831875347594e-04,0.000000000000000000e+00,4.876328676314416555e+01,1.875911800976419963e+00
6.027133303936412995e+04,9.992345063432784835e-01,7.463516175184704100e-04,0.000000000000000000e+00,4.876206528748670621e+01,1.870489473596579799e+00
6.027133350001129293e+04,1.000183271232986781e+00,7.463551194245108406e-04,0.000000000000000000e+00,4.876338980989523009e+01,1.873662593244326047e+00
6.027133396065847046e+04,9.998330087669932142e-01,7.475466659837490258e-04,0.000000000000000000e+00,4.876224336117176961e+01,1.875122385250975299e+00
6.027133442130564072e+04,1.000772464361525671e+00,7.463693844223986268e-04,0.000000000000000000e+00,4.876778558410146047e+01,1.872421829036469587e+00
6.027133488195280370e+04,9.987412110616128436e-01,7.463642144966029998e-04,0.000000000000000000e+00,4.875716666710662395e+01,1.870315591999980986e+00
6.027133534259997396e+04,1.000674188597319159e+00,7.463684594089312193e-04,0.000000000000000000e+00,4.875705175915835810e+01,1.872534058567256299e+00
6.027133580324715149e+04,9.994400005317330971e-01,7.463635039444331629e-04,0.000000000000000000e+00,4.876597889363476668e+01,1.875301690027181278e+00
6.027133626389432175e+04,1.001499478296037360e+00,7.466143964437572077e-04,0.000000000000000000e+00,4.876801349356045279e+01,1.878020044916692610e+00
6.027133672454148473e+04,9.996991638491954379e-01,7.463655237996492985e-04,0.000000000000000000e+00,4.876482659202002878e+01,1.875380985548568580e+00
6.027133718518866226e+04,1.000779234514824756e+00,7.463680490443416879e-04,0.000000000000000000e+00,4.875600236934901233e+01,1.872676645322589373e+00
6.027133764583583252e+04,9.995382825271079685e-01,7.463629120371443552e-04,0.000000000000000000e+00,4.875650166013185327e+01,1.873931084795556146e+00
6.027133810648299550e+04,9.987993260051878375e-01,7.463634875921190204e-04,0.000000000000000000e+00,4.875626953182701584e+01,1.871475704925726902e+00
6.027133856713017303e+04,1.000538274986932263e+00,7.463681797399797022e-04,0.000000000000000000e+00,4.876079804890170522e+01,1.873081874040427808e+00
6.027133902777734329e+04,9.988921177347033220e-01,7.468892201635079055e-04,0.000000000000000000e+00,4.875635161156049691e+01,1.873967388736034634e+00
6.027133948842450627e+04,9.992671868523884671e-01,7.463661328697122378e-04,0.000000000000000000e+00,4.875560715286178493e+01,1.874540498192496241e+00
6.027133994907167653e+04,9.991959936809221565e-01,7.463630353824092381e-04,0.000000000000000000e+00,4.876472867887252249e+01,1.873961758282261414e+00
6.027134040971884679e+04,1.000605175188930218e+00,7.463683569758893530e-04,0.000000000000000000e+00,4.876138255515452613e+01,1.874113462057232171e+00
6.027134087036601704e+04,9.994214271498867985e-01,7.463659327295269971e-04,0.000000000000000000e+00,4.875564815254566753e+01,1.871070665209501049e+00
6.027134133101318730e+04,1.000590744980107694e+00,7.463645456047387008e-04,0.000000000000000000e+00,4.876305611691091713e+01,1.875822148313093907e+00
6.027134179166035756e+04,9.980259969862802505e-01,7.463586359526001770e-04,0.000000000000000000e+00,4.876614154852617133e+01,1.874984755867769470e+00
6.027134225230752054e+04,9.996931375262243513e-01,7.463638925129784498e-04,0.000000000000000000e+00,4.876217680779142682e+01,1.873275995425447205e+00
6.027134271295469807e+04,9.987667947921994305e-01,7.463613158711900628e-04,0.000000000000000000e+00,4.877136003423771626e+01,1.872516629415775125e+00
6.027134317360186833e+04,9.997710068047322984e-01,7.463649511935307448e-04,0.000000000000000000e+00,4.876719633639255136e+01,1.873069285703307552e+00
6.027134363424903131e+04,1.000023927289429793e+00,7.463669345382167126e-04,0.000000000000000000e+00,4.876249089374197609e+01,1.873049136013753557e+00
6.027134409489619429e+04,9.985336358212983932e-01,7.463601129301746006e-04,0.000000000000000000e+00,4.877275656114615288e+01,1.872670145045863599e+00
6.027134455554337183e+04,9.991451103086962382e-01,7.463608580906040549e-04,0.000000000000000000e+00,4.877314978403381218e+01,1.874313310862335547e+00
6.027134501619053481e+04,9.993344011962711493e-01,7.463652537003703097e-04,0.000000000000000000e+00,4.876111009291136611e+01,1.872878543847260824e+00
6.027134547683770506e+04,9.999657220342565989e-01,7.492722568485864990e-04,0.000000000000000000e+00,4.876357801160136063e+01,1.874311820021015373e+00
6.027134593748488260e+04,9.991614034958536950e-01,7.463591335163134981e-04,0.000000000000000000e+00,4.876873568417561700e+01,1.873807907549275953e+00
6.027134639813204558e+04,9.999172379616876327e-01,7.463625344490453298e-04,0.000000000000000000e+00,4.876748797466602525e+01,1.872093058784976227e+00
6.027134685877920856e+04,9.997050634896414989e-01,7.463636526261159055e-04,0.000000000000000000e+00,4.876620985810766484e+01,1.872521279864458599e+00
6.027134731942638609e+04,9.999792683789050507e-01,7.463697145320703210e-04,0.000000000000000000e+00,4.875975198606167282e+01,1.874067309122131597e+00
6.027134778007354907e+04,9.996397909915771818e-01,7.463669931449120557e-04,0.000000000000000000e+00,4.875960383443936053e+01,1.872466407334642868e+00
6.027134824072071206e+04,1.000862546384142959e+00,7.463714635548873060e-04,0.000000000000000000e+00,4.875736668011767705e+01,1.875497015368251530e+00
6.027134870136788231e+04,1.000043589725142734e+00,7.463641904454619298e-04,0.000000000000000000e+00,4.876181782960357936e+01,1.870822796759255890e+00
6.027134916201505257e+04,1.000406329555672880e+00,7.463679846268845338e-04,0.000000000000000000e+00,4.876507146190265729e+01,1.874188958244205727e+00
6.027134962266221555e+04,9.982746596022947783e-01,7.463607783349684738e-04,0.000000000000000000e+00,4.876590569841352618e+01,1.871990758782263509e+00
6.027135008330938581e+04,1.000234339580864162e+00,7.463849861945501783e-04,0.000000000000000000e+00,4.876650402554938069e+01,1.874183433473997518e+00
6.027135054395655607e+04,1.000994249588526230e+00,7.463966305793690763e-04,0.000000000000000000e+00,4.876511935844623480e+01,1.872809961792750721e+00
6.027135100460371905e+04,9.989724844247459545e-01,7.463604549000664575e-04,0.000000000000000000e+00,4.876859532134630371e+01,1.873721989505931163e+00
6.027135146525088203e+04,9.989438430688105663e-01,7.463621015282679780e-04,0.000000000000000000e+00,4.877068541355887987e+01,1.872999388933921372e+00
6.027135192589805956e+04,9.996114343177333605e-01,7.463614931156324931e-04,0.000000000000000000e+00,4.876953053175463992e+01,1.876713847822429893e+00
6.027135238654522254e+04,9.995499736512499789e-01,7.463654605893466380e-04,0.000000000000000000e+00,4.876234920803696582e+01,1.872435475219327516e+00
6.027135284719238552e+04,9.994151851721527757e-01,7.463624668240189828e-04,0.000000000000000000e+00,4.876817831065707054e+01,1.872840687143414673e+00
6.027135330783956306e+04,9.994599598457297729e-01,7.463649279206910347e-04,0.000000000000000000e+00,4.876726901535310077e+01,1.873081750294200321e+00
6.027135376848672604e+04,1.000900675125524275e+00,7.463709039725250878e-04,0.000000000000000000e+00,4.876029980259568219e+01,1.874749255383266755e+00
6.027135422913388902e+04,9.984471232012579467e-01,7.463624258668450241e-04,0.000000000000000000e+00,4.876641565298383085e+01,1.875929448486383100e+00
6.027135468978105928e+04,9.990162168632422679e-01,7.463647472442579102e-04,0.000000000000000000e+00,4.876507741526885553e+01,1.871525693560113002e+00
6.027135515042822226e+04,9.975301710648917242e-01,7.463587373853036678e-04,0.000000000000000000e+00,4.876528524220780980e+01,1.873485061271699337e+00
6.027135561107538524e+04,1.000335746996914077e+00,7.463678401062660795e-04,0.000000000000000000e+00,4.876285539561400384e+01,1.873076314709034795e+00
6.027135607172256277e+04,9.980271973434624577e-01,7.479733382909107761e-04,0.000000000000000000e+00,4.876219360216519050e+01,1.872576051808948039e+00
6.027135653236972576e+04,9.994094593697773199e-01,7.463649093539844858e-04,0.000000000000000000e+00,4.876846493645844305e+01,1.873138814743052549e+00
6.027135699301688874e+04,9.987005403388216074e-01,7.463615804351394784e-04,0.000000000000000000e+00,4.876591815256226425e+01,1.872898158138657010e+00
6.027135745366405172e+04,9.997723686941752952e-01,7.464495781169612531e-04,0.000000000000000000e+00,4.876605412877545831e+01,1.873102723912621004e+00
6.027135791431122198e+04,9.988325299310778504e-01,7.464452366043827737e-04,0.000000000000000000e+00,4.877374852017562290e+01,1.873039088226002624e+00
6.027135837495838496e+04,1.001308435453502899e+00,7.464555424988989201e-04,0.000000000000000000e+00,4.877504640657885204e+01,1.875200154745976233e+00
6.027135883560555521e+04,9.979318486944013245e-01,7.464449228977349839e-04,0.000000000000000000e+00,4.877215232889761864e+01,1.872505712137012779e+00
6.027135929625272547e+04,1.000578915259264789e+00,7.464577784980659918e-04,0.000000000000000000e+00,4.877110480511581159e+01,1.870611008362909944e+00
6.027135975689988118e+04,1.001304777750130492e+00,7.464578589625853709e-04,0.000000000000000000e+00,4.876733690500080343e+01,1.872262470446111715e+00
6.027136021754704416e+04,1.000826616978435224e+00,7.464566561941639441e-04,0.000000000000000000e+00,4.876640705847255219e+01,1.874152996671271998e+00
6.027136067819422169e+04,1.000172950018776374e+00,7.464532399316007412e-04,0.000000000000000000e+00,4.876032469940317782e+01,1.872063231514407677e+00
6.027136113884137740e+04,9.990189172194374745e-01,7.464506011545338779e-04,0.000000000000000000e+00,4.876028442689870701e+01,1.872672219167305530e+00
6.027136159948854038e+04,9.991062292929926425e-01,7.464505672622076494e-04,0.000000000000000000e+00,4.876629196602262795e+01,1.874630988675186627e+00
6.027136206013571791e+04,9.990004400852607880e-01,7.464525467629334193e-04,0.000000000000000000e+00,4.876704580253455390e+01,1.875474233867463481e+00
6.027136252078287362e+04,9.996561133060127835e-01,7.464474631587237393e-04,0.000000000000000000e+00,4.876604839327178809e+01,1.875916246759732342e+00
6.027136298143003660e+04,9.995229942269803214e-01,7.475121502951815548e-04,0.000000000000000000e+00,4.877097285898179990e+01,1.874008686528410683e+00
6.027136344207721413e+04,9.983018867880510960e-01,7.464447727647705467e-04,0.000000000000000000e+00,4.877181910340934934e+01,1.874597801453566026e+00
6.027136390272436984e+04,9.998969326514132172e-01,7.464524017442921182e-04,0.000000000000000000e+00,4.877534732160214759e+01,1.872564161150042317e+00
6.027136436337153282e+04,1.001205622916470306e+00,7.465205066027695829e-04,0.000000000000000000e+00,4.877562348509358969e+01,1.874567156916514099e+00
6.027136482401870308e+04,9.990936397207843545e-01,7.464489816304867818e-04,0.000000000000000000e+00,4.877083576689432221e+01,1.874742756079505357e+00
6.027136528466586606e+04,1.000968149364643178e+00,7.464546557255139457e-04,0.000000000000000000e+00,4.876862345224537165e+01,1.875243194506914124e+00
6.027136574531302904e+04,1.001095706401351260e+00,7.464576733861749041e-04,0.000000000000000000e+00,4.876110467857196795e+01,1.873659049045360403e+00
6.027136620596019202e+04,9.992632159676788639e-01,7.464517462543450747e-04,0.000000000000000000e+00,4.876429410293404487e+01,1.872401266083657756e+00
6.027136666660736228e+04,9.987394201953737616e-01,7.464500868198934618e-04,0.000000000000000000e+00,4.876813033788577911e+01,1.873050909963652089e+00
6.027136712725451798e+04,9.989802704157880742e-01,7.464461497977340062e-04,0.000000000000000000e+00,4.876905712744836308e+01,1.873254414862360884e+00
6.027136758790168824e+04,1.001102023084660786e+00,7.464541297973123490e-04,0.000000000000000000e+00,4.877329838648326898e+01,1.877186504171137749e+00
6.027136804854885122e+04,9.996684859393717426e-01,7.464630038706691374e-04,0.000000000000000000e+00,4.876421121697777750e+01,1.873827178751329647e+00
6.027136850919601420e+04,1.000209576888735352e+00,7.468371871904526784e-04,0.000000000000000000e+00,4.877075460814348418e+01,1.874620246737403573e+00
6.027136896984316991e+04,9.977096910968238364e-01,7.464442841497745352e-04,0.000000000000000000e+00,4.876848537541470563e+01,1.875071166626713692e+00
6.027136943049034744e+04,9.996074830889910556e-01,7.464512333210160172e-04,0.000000000000000000e+00,4.876791713994761324e+01,1.871594856431495479e+00
6.027136989113750315e+04,1.000490079215816230e+00,7.464547400654334341e-04,0.000000000000000000e+00,4.876478548926421297e+01,1.872836733538362219e+00
6.027137035178466613e+04,1.001147034212370057e+00,7.464527001348313920e-04,0.000000000000000000e+00,4.876228698585840249e+01,1.874949158908633562e+00
6.027137081243183638e+04,9.993694712304936889e-01,7.464506327125043075e-04,0.000000000000000000e+00,4.876274396619257345e+01,1.873485464413463975e+00
6.027137127307899209e+04,9.997029951344766907e-01,7.464520478488095379e-04,0.000000000000000000e+00,4.876755767083964344e+01,1.873143379154597277e+00
6.027137173372615507e+04,1.000184029036583766e+00,7.464540296040490493e-04,0.000000000000000000e+00,4.877295881249166598e+01,1.872913804899287271e+00
6.027137219437332533e+04,1.000543421441096203e+00,7.464575860468882764e-04,0.000000000000000000e+00,4.876795151310623311e+01,1.871779995715262324e+00
6.027137265502048831e+04,9.990431739516774101e-01,7.464477080562766055e-04,0.000000000000000000e+00,4.877403336304993786e+01,1.871621494839321942e+00
6.027137311566764402e+04,1.000230921843608511e+00,7.464515916622758941e-04,0.000000000000000000e+00,4.877560267854295972e+01,1.874319347814809911e+00
6.027137357631480700e+04,9.988676978464327005e-01,7.464484067476274748e-04,0.000000000000000000e+00,4.877507902196597200e+01,1.870959954490840849e+00
6.027137403696197725e+04,9.983086819476381102e-01,7.464492877916333469e-04,0.000000000000000000e+00,4.876574226081876162e+01,1.874359061923223768e+00
6.027137449760913296e+04,9.998570134323572223e-01,7.464529076366210143e-04,0.000000000000000000e+00,4.876479297361419185e+01,1.873184216217486098e+00
6.027137495825629594e+04,9.977449396526136827e-01,7.464456772859198253e-04,0.000000000000000000e+00,4.876380001886840176e+01,1.871783536637601886e+00
6.027137541890346620e+04,1.001436004460334317e+00,7.464585271574308541e-04,0.000000000000000000e+00,4.876361356362838251e+01,1.874292707054225460e+00
6.027137587955062190e+04,9.991629956560309500e-01,7.464487073437035001e-04,0.000000000000000000e+00,4.877195054953779163e+01,1.871879457460177587e+00
6.027137634019777761e+04,9.999490507975067333e-01,7.464535984536994689e-04,0.000000000000000000e+00,4.876670173288790977e+01,1.872667588245898074e+00
6.027137680084494787e+04,1.000611498321179349e+00,7.464557401006201472e-04,0.000000000000000000e+00,4.876639463093817994e+01,1.873565128621273779e+00
6.027137726149211085e+04,1.001991154148943686e+00,7.464606295192762310e-04,0.000000000000000000e+00,4.876639446798013466e+01,1.873536690814749273e+00
6.027137772213926655e+04,9.996846775334181645e-01,7.464551440253617675e-04,0.000000000000000000e+00,4.876426851423855169e+01,1.872340269636977750e+00
6.027137818278643681e+04,9.993933302956392595e-01,7.464562303550499730e-04,0.000000000000000000e+00,4.876915177659181211e+01,1.873719778314731910e+00
6.027137864343359252e+04,9.984081955754993132e-01,7.464456992109639623e-04,0.000000000000000000e+00,4.877131225627172739e+01,1.874552566055717628e+00
6.027137910408075550e+04,9.992738170267758679e-01,7.464530861380026588e-04,0.000000000000000000e+00,4.877011441698759597e+01,1.873545280822696890e+00
6.027137956472792575e+04,1.000153202094404170e+00,7.464506337415617891e-04,0.000000000000000000e+00,4.876808876534293091e+01,1.874322840350904906e+00
6.027138002537508146e+04,9.994874860691138618e-01,7.464545197553575876e-04,0.000000000000000000e+00,4.876056959193327600e+01,1.874315270161246438e+00
6.027138048602223716e+04,9.987244360652055564e-01,7.479915239749462645e-04,0.000000000000000000e+00,4.876687283231759551e+01,1.872849076123709544e+00
6.027138094666940742e+04,9.993757013666513256e-01,7.464581475899921765e-04,0.000000000000000000e+00,4.876237095535308441e+01,1.871673562431700466e+00
6.027138140731656313e+04,1.000028217633251337e+00,7.464564322354295739e-04,0.000000000000000000e+00,4.876379770950583747e+01,1.875125664292162098e+00
6.027138186796372611e+04,9.992574910430100932e-01,7.464573921755720317e-04,0.000000000000000000e+00,4.876339391454860817e+01,1.872111541505952603e+00
6.027138232861088909e+04,1.001160194347439081e+00,7.464680515028044314e-04,0.000000000000000000e+00,4.875441994782241295e+01,1.873188430890169620e+00
6.027138278925805207e+04,1.000016879409612480e+00,7.464565533979130489e-04,0.000000000000000000e+00,4.876267142047205994e+01,1.874636819665046694e+00
6.027138324990520778e+04,9.997518250309475052e-01,7.464578968143817210e-04,0.000000000000000000e+00,4.876231306528129750e+01,1.875431631820715817e+00
6.027138371055237076e+04,9.988818385119963006e-01,7.464599101664703929e-04,0.000000000000000000e+00,4.876017419966555622e+01,1.873618632351022883e+00
6.027138417119953374e+04,9.999955734446609457e-01,7.464583263429806076e-04,0.000000000000000000e+00,4.876229967641846486e+01,1.870867224004467033e+00
6.027138463184668944e+04,9.983124917438237489e-01,7.464528098000281289e-04,0.000000000000000000e+00,4.875907395627159246e+01,1.873388253164954387e+00
6.027138509249384515e+04,9.996756561704459587e-01,7.464603721652223649e-04,0.000000000000000000e+00,4.876782441291240389e+01,1.870756256220193592e+00
6.027138555314101541e+04,9.995720585297717120e-01,7.464604631928328359e-04,0.000000000000000000e+00,4.876562988544749544e+01,1.871822993647831224e+00
6.027138601378817111e+04,9.994313268281576068e-01,7.464577513544406453e-04,0.000000000000000000e+00,4.877050253756169695e+01,1.875372594605809518e+00
6.027138647443532682e+04,1.000021960172555735e+00,7.464610891539160418e-04,0.000000000000000000e+00,4.876718075679991671e+01,1.874071336611446759e+00
6.027138693508249708e+04,9.981900224244739661e-01,7.464536765061659772e-04,0.000000000000000000e+00,4.877254299252968650e+01,1.870729686399451364e+00
6.027138739572965278e+04,1.000584632580337141e+00,7.464633990528079946e-04,0.000000000000000000e+00,4.876255349552839391e+01,1.874292216151280943e+00
6.027138785637680849e+04,9.998654463912826085e-01,7.464579663304197208e-04,0.000000000000000000e+00,4.877251931474798141e+01,1.874635638992344200e+00
6.027138831702397874e+04,1.000614063282996957e+00,7.464636333955136085e-04,0.000000000000000000e+00,4.876550358599155999e+01,1.872192539627062002e+00
6.027138877767113445e+04,1.001065560559878609e+00,7.464645856120936084e-04,0.000000000000000000e+00,4.876059301916994571e+01,1.873857178244724864e+00
6.027138923831829015e+04,9.994490551663579581e-01,7.464595022588507104e-04,0.000000000000000000e+00,4.876701751863716083e+01,1.874816865471139016e+00
6.027138969896545314e+04,9.993747671548451894e-01,7.464573107957883690e-04,0.000000000000000000e+00,4.876916954986360508e+01,1.872939844015511390e+00
6.027139015961261612e+04,9.999156586513479050e-01,7.464610832995317901e-04,0.000000000000000000e+00,4.877130812523436987e+01,1.872935732024359812e+00
6.027139062025976455e+04,9.985063825805325921e-01,7.464575039294304775e-04,0.000000000000000000e+00,4.876764785332819940e+01,1.870902113687695101e+00
6.027139108090692753e+04,9.981292177981604397e-01,7.464541524366857979e-04,0.000000000000000000e+00,4.876496620843279572e+01,1.872137030610269592e+00
6.027139154155409051e+04,1.000229909155045949e+00,7.464602020971337383e-04,0.000000000000000000e+00,4.876684609598003561e+01,1.871421497830644265e+00
6.027139200220124621e+04,9.987735904491213956e-01,7.464570660051881440e-04,0.000000000000000000e+00,4.876487697569644553e+01,1.873253293353559945e+00
6.027139246284840920e+04,1.000252878003449197e+00,7.464590368130531381e-04,0.000000000000000000e+00,4.876259274498886498e+01,1.874107315624155223e+00
6.027139292349557218e+04,9.998026816484233414e-01,7.464542486426189918e-04,0.000000000000000000e+00,4.876055342406156257e+01,1.873934332647883449e+00
6.027139338414272061e+04,1.000242449743993012e+00,7.470692822387032736e-04,0.000000000000000000e+00,4.876067797564372341e+01,1.871551791554046273e+00
6.027139384478987631e+04,1.000596308981908766e+00,7.464654663149594954e-04,0.000000000000000000e+00,4.875411281793188323e+01,1.875322121796896502e+00
6.027139430543704657e+04,9.995781538645855946e-01,7.464587269446615585e-04,0.000000000000000000e+00,4.876488541151494616e+01,1.874032519068202118e+00
6.027139476608420227e+04,9.987172752632006434e-01,7.464544786677011984e-04,0.000000000000000000e+00,4.877317836374800208e+01,1.874847674133644171e+00
6.027139522673135798e+04,9.996481160571281110e-01,7.464563496647983604e-04,0.000000000000000000e+00,4.876793283659819878e+01,1.872705531792364209e+00
6.027139568737852096e+04,9.988509624838266543e-01,7.464537157946902340e-04,0.000000000000000000e+00,4.876840934416635065e+01,1.873500731828707799e+00
6.027139614802567667e+04,9.986624464312018334e-01,7.464565403806533612e-04,0.000000000000000000e+00,4.876606896487891873e+01,1.871725339672045685e+00
6.027139660867283237e+04,1.000016711654241552e+00,7.464571550314635364e-04,0.000000000000000000e+00,4.877351085370074202e+01,1.872967508950185378e+00
6.027139706931999535e+04,9.997659786792953973e-01,7.476877503956795394e-04,0.000000000000000000e+00,4.876316059291002603e+01,1.874164092004443782e+00
6.027139752996715106e+04,1.000583798659760992e+00,7.464620667993549299e-04,0.000000000000000000e+00,4.875956880183379383e+01,1.874855841488559438e+00
6.027139799061430676e+04,9.994644565279620085e-01,7.464584698178776097e-04,0.000000000000000000e+00,4.876071865375785563e+01,1.872749756447082303e+00
6.027139845126146247e+04,9.998659595563348379e-01,7.464637050646177451e-04,0.000000000000000000e+00,4.875491249991484466e+01,1.871824126193656790e+00
6.027139891190862545e+04,9.980267944956848769e-01,7.464512807704562275e-04,0.000000000000000000e+00,4.876439405594666709e+01,1.873439812953990424e+00
6.027139937255578116e+04,9.991014184355203609e-01,7.464603206352708352e-04,0.000000000000000000e+00,4.876465296441639907e+01,1.876821269264917769e+00
6.027139983320293686e+04,1.000556769403766033e+00,7.464621545040123771e-04,0.000000000000000000e+00,4.875994405879440308e+01,1.875661680753845761e+00
6.027140029385009984e+04,1.001305636432868518e+00,7.464633166433600224e-04,0.000000000000000000e+00,4.876550415782939751e+01,1.874290708061591593e+00
6.027140075449725555e+04,9.990125020482101270e-01,7.464593801594972960e-04,0.000000000000000000e+00,4.876890660817923617e+01,1.872834063986607456e+00
6.027140121514440398e+04,9.991908016219284150e-01,7.464555770225299444e-04,0.000000000000000000e+00,4.877366792797927531e+01,1.870597303136592338e+00
6.027140167579157423e+04,9.998825853104171824e-01,7.464591610381004876e-04,0.000000000000000000e+00,4.877198404651122132e+01,1.875503018113033216e+00
6.027140213643872266e+04,9.991406117410219778e-01,7.464545656323595462e-04,0.000000000000000000e+00,4.877124724664656696e+01,1.872501678672531034e+00
6.027140259708587837e+04,1.000083136070445411e+00,7.464600326461610620e-04,0.000000000000000000e+00,4.877570349947865935e+01,1.872773287334794423e+00
6.027140305773304135e+04,9.986460904556966334e-01,7.464560635377848934e-04,0.000000000000000000e+00,4.877725641448624572e+01,1.872456007659968780e+00
6.027140351838019706e+04,9.990794437083307944e-01,7.464643588658784884e-04,0.000000000000000000e+00,4.877690505526435061e+01,1.871713730020421851e+00
6.027140397902734549e+04,9.994471470252185297e-01,7.464615073037475339e-04,0.000000000000000000e+00,4.877080024017382698e+01,1.872580255634157975e+00
6.027140443967451574e+04,9.984804018471251652e-01,7.464619304085710633e-04,0.000000000000000000e+00,4.877123215377191912e+01,1.870445198906671491e+00
6.027140490032166417e+04,9.986003853532443575e-01,7.464647388655011855e-04,0.000000000000000000e+00,4.876324926437769847e+01,1.875072723401738584e+00
6.027140536096881988e+04,9.980607204340928851e-01,7.464606807039447138e-04,0.000000000000000000e+00,4.877114405216864412e+01,1.873036957713488437e+00
6.027140582161598286e+04,9.994460634947771593e-01,7.464663716647913826e-04,0.000000000000000000e+00,4.876237012052249042e+01,1.871675633428897312e+00
6.027140628226313856e+04,9.998079142792344332e-01,7.464664369610375487e-04,0.000000000000000000e+00,4.877090659495689806e+01,1.872339973199498298e+00
6.027140674291028699e+04,1.000067462443290589e+00,7.464681591153502589e-04,0.000000000000000000e+00,4.876791471764157393e+01,1.872936318034684300e+00
6.027140720355744998e+04,9.991734628930221129e-01,7.464653923515534575e-04,0.000000000000000000e+00,4.876618824484179981e+01,1.874042222714390471e+00
6.027140766420460568e+04,9.996198741238364605e-01,7.464673395513696675e-04,0.000000000000000000e+00,4.876962230833061795e+01,1.874130295259420986e+00
6.027140812485176139e+04,1.000312299628195456e+00,7.464706006953245911e-04,0.000000000000000000e+00,4.876291787830893298e+01,1.871893192216193436e+00
6.027140858549891709e+04,1.000044046235703199e+00,7.464661470431493496e-04,0.000000000000000000e+00,4.876798006394695761e+01,1.873094508484259180e+00
6.027140904614607280e+04,9.989988354970329443e-01,7.464655626675161795e-04,0.000000000000000000e+00,4.877577819939155290e+01,1.871926173369957258e+00
6.027140950679322850e+04,9.989536626114338125e-01,7.464637368848430193e-04,0.000000000000000000e+00,4.877556048622457752e+01,1.871366963624864432e+00
6.027140996744037693e+04,1.000188307046583569e+00,7.464698138496613129e-04,0.000000000000000000e+00,4.876490848962416891e+01,1.872958413635260611e+00
6.027141042808753991e+04,9.983801226434391163e-01,7.464650077065314608e-04,0.000000000000000000e+00,4.876223034278284274e+01,1.872234507070521081e+00
6.027141088873469562e+04,1.000921731573412465e+00,7.464720979534792897e-04,0.000000000000000000e+00,4.876226058166302835e+01,1.875822244967167762e+00
6.027141134938184405e+04,9.991509110528189463e-01,7.464654012261098207e-04,0.000000000000000000e+00,4.876394924756903038e+01,1.875516495198318534e+00
6.027141181002900703e+04,9.989188399103393623e-01,7.464670208692193373e-04,0.000000000000000000e+00,4.876477208718885947e+01,1.874828182591456338e+00
6.027141227067616273e+04,9.993440234057510141e-01,7.464785659368484549e-04,0.000000000000000000e+00,4.877345104158542455e+01,1.871782022259823153e+00
6.027141273132331116e+04,9.989935532299518695e-01,7.464641328308006807e-04,0.000000000000000000e+00,4.877763106052044861e+01,1.872541698162251134e+00
6.027141319197047414e+04,9.995119781804485681e-01,7.464670739454370204e-04,0.000000000000000000e+00,4.877751295863231462e+01,1.871101936541520017e+00
6.027141365261762257e+04,1.000167511991448599e+00,7.464690730169645837e-04,0.000000000000000000e+00,4.876464045520107504e+01,1.873734804312622515e+00
6.027141411326477828e+04,1.001356600480463710e+00,7.464708045696555284e-04,0.000000000000000000e+00,4.876879526274888121e+01,1.874625378792583286e+00
6.027141457391193399e+04,1.001743403909230334e+00,7.464735038292505571e-04,0.000000000000000000e+00,4.876739711387151743e+01,1.873870244844742627e+00
6.027141503455908969e+04,1.000136333209231232e+00,7.464661393301477797e-04,0.000000000000000000e+00,4.877032555505002165e+01,1.873329366606884872e+00
6.027141549520623812e+04,9.974637951117489854e-01,7.488363226899177666e-04,0.000000000000000000e+00,4.877618295993489994e+01,1.872549558697896854e+00
6.027141595585339383e+04,9.978812261354356172e-01,7.464603084810545082e-04,0.000000000000000000e+00,4.877371255957541507e+01,1.874543925883202178e+00
6.027141641650055681e+04,1.000321804844177098e+00,7.464685796557746830e-04,0.000000000000000000e+00,4.877590689362470755e+01,1.873798063133526703e+00
6.027141687714770524e+04,9.987063363744422828e-01,7.464659445494811404e-04,0.000000000000000000e+00,4.876781205544780562e+01,1.872291853144035567e+00
6.027141733779486094e+04,9.996962749043676322e-01,7.464675195292461282e-04,0.000000000000000000e+00,4.876932509673465432e+01,1.874955552909190581e+00
6.027141779844201665e+04,9.996632828778775348e-01,7.464675461602028996e-04,0.000000000000000000e+00,4.877219517818589622e+01,1.874085965475342341e+00
6.027141825908916508e+04,9.997192308654406778e-01,7.464660260843404083e-04,0.000000000000000000e+00,4.877875971473847727e+01,1.874059844350733250e+00
6.027141871973631351e+04,1.000421212658385794e+00,7.464712786554393966e-04,0.000000000000000000e+00,4.877603767898492038e+01,1.873499907142853971e+00
6.027141918038347649e+04,1.000174280580451880e+00,7.464685328049067712e-04,0.000000000000000000e+00,4.877397484184329812e+01,1.872077906318637908e+00
6.027141964103062492e+04,9.997760620865433490e-01,7.467705637520052637e-04,0.000000000000000000e+00,4.876493271724989143e+01,1.870943890957623035e+00
6.027142010167777335e+04,9.999540166416911458e-01,7.464713552036795824e-04,0.000000000000000000e+00,4.876160361335095672e+01,1.873623458651132223e+00
6.027142056232493633e+04,1.000068031774305588e+00,7.464693036281841573e-04,0.000000000000000000e+00,4.876687455280825390e+01,1.873699992430133410e+00
6.027142102297208476e+04,9.991910764750430163e-01,7.464664763807632789e-04,0.000000000000000000e+00,4.876899768190154560e+01,1.871436979350731056e+00
6.027142148361924046e+04,9.994277223347423078e-01,7.464975228632065533e-04,0.000000000000000000e+00,4.876766657144511896e+01,1.875694973835764667e+00
6.027142194426640344e+04,9.999066838530120682e-01,7.464705921306761431e-04,0.000000000000000000e+00,4.876331260214170982e+01,1.873281191698124681e+00
6.027142240491355187e+04,9.990221447719650483e-01,7.464638970767656801e-04,0.000000000000000000e+00,4.877319548589844800e+01,1.872125224577749325e+00
6.027142286556070030e+04,9.994003847127864715e-01,7.464637893958052861e-04,0.000000000000000000e+00,4.877698879765917184e+01,1.872004408677697684e+00
6.027142332620785601e+04,9.976806296286608866e-01,7.464599433509817384e-04,0.000000000000000000e+00,4.876630740289454025e+01,1.872150027833971553e+00
6.027142378685500444e+04,9.999996060895839367e-01,7.464676152679607189e-04,0.000000000000000000e+00,4.876955757174814465e+01,1.873266233825587213e+00
6.027142424750215287e+04,9.988828255320333360e-01,7.464646750277300702e-04,0.000000000000000000e+00,4.877146567525637977e+01,1.874010352031645787e+00
6.027142470814930857e+04,1.000802675273328557e+00,7.465146308340604329e-04,0.000000000000000000e+00,4.878119955365603033e+01,1.872644771109769790e+00
6.027142516879646428e+04,9.982367023576464993e-01,7.464627630782996954e-04,0.000000000000000000e+00,4.877845651988292275e+01,1.868705381080476791e+00
6.027142562944361271e+04,9.987489266050234571e-01,7.464668824521794631e-04,0.000000000000000000e+00,4.876783497589279648e+01,1.871376443347584573e+00
6.027142609009076114e+04,9.985905063054433262e-01,7.464651982519667937e-04,0.000000000000000000e+00,4.876287808197494655e+01,1.873825497258866379e+00
6.027142655073792412e+04,9.989562457517189298e-01,7.465937634238780816e-04,0.000000000000000000e+00,4.876754172548390898e+01,1.872678289370978799e+00
6.027142701138507255e+04,9.992444551684960263e-01,7.465970834594903979e-04,0.000000000000000000e+00,4.876509158414928891e+01,1.873603104176468026e+00
6.027142747203222098e+04,1.000100602229518909e+00,7.467677009489592094e-04,0.000000000000000000e+00,4.876801170599657809e+01,1.872800286781683310e+00
6.027142793267938396e+04,1.001621727752356916e+00,7.466022660742633894e-04,0.000000000000000000e+00,4.877188335573458033e+01,1.872866625456708567e+00
6.027142839332652511e+04,1.000331465426873123e+00,7.466015153391287410e-04,0.000000000000000000e+00,4.875944632593602535e+01,1.874643655418131161e+00
6.027142885397367354e+04,9.991812736368166359e-01,7.481057072200159421e-04,0.000000000000000000e+00,4.876042972539401887e+01,1.875036916596054315e+00
6.027142931462083652e+04,1.001207478682666130e+00,7.466898864952638401e-04,0.000000000000000000e+00,4.877173897160100324e+01,1.872614364190512415e+00
6.027142977526798495e+04,9.996103575540339348e-01,7.465987011432605397e-04,0.000000000000000000e+00,4.876865038946509401e+01,1.870192870820184039e+00
6.027143023591513338e+04,9.998155761047718970e-01,7.466004227456839865e-04,0.000000000000000000e+00,4.875759498988372087e+01,1.874368353712145829e+00
6.027143069656228909e+04,1.001537500369448441e+00,7.466099902357218373e-04,0.000000000000000000e+00,4.876071014358993239e+01,1.873814860696260132e+00
6.027143115720943752e+04,1.000789423719810500e+00,7.466035446571722082e-04,0.000000000000000000e+00,4.876865529061707605e+01,1.872611712723309063e+00
6.027143161785658594e+04,1.000424663244688706e+00,7.466048618943788885e-04,0.000000000000000000e+00,4.877305192633873787e+01,1.871654047996894832e+00
6.027143207850374165e+04,1.000914493017687645e+00,7.466016535725055261e-04,0.000000000000000000e+00,4.877408438323466555e+01,1.875558078990477329e+00
6.027143253915089008e+04,9.993730612017195369e-01,7.466014119752443405e-04,0.000000000000000000e+00,4.876603628786310907e+01,1.869709805145579828e+00
6.027143299979803851e+04,1.000702008645162566e+00,7.466048320137853378e-04,0.000000000000000000e+00,4.876091982959142257e+01,1.874551476582753784e+00
6.027143346044519421e+04,9.998266836929525780e-01,7.465995487162397888e-04,0.000000000000000000e+00,4.876488468023690359e+01,1.873154524932368448e+00
6.027143392109234992e+04,9.988360169339628447e-01,7.465984637093748362e-04,0.000000000000000000e+00,4.876473173912371806e+01,1.872359934294059558e+00
6.027143438173949107e+04,9.996003597830792620e-01,7.465976868483011021e-04,0.000000000000000000e+00,4.877052374939060542e+01,1.876280411499700040e+00
6.027143484238663950e+04,1.001598306828849205e+00,7.466071902924637958e-04,0.000000000000000000e+00,4.876281299518579004e+01,1.872840710414911403e+00
6.027143530303380248e+04,9.978832364241185804e-01,7.465921656013600142e-04,0.000000000000000000e+00,4.876493089552249671e+01,1.871428818939903538e+00
6.027143576368094364e+04,9.997806525461058191e-01,7.465984678412437283e-04,0.000000000000000000e+00,4.876453718495462653e+01,1.872982223558015136e+00
6.027143622432809207e+04,1.001322243649965138e+00,7.466046495551004582e-04,0.000000000000000000e+00,4.875899682232530097e+01,1.874157949102790877e+00
6.027143668497524777e+04,1.002375081088427100e+00,7.466489532951821979e-04,0.000000000000000000e+00,4.876668974891629205e+01,1.875531816922871631e+00
6.027143714562239620e+04,1.000028453362867831e+00,7.466029965684774445e-04,0.000000000000000000e+00,4.876878771019058689e+01,1.872532762776661031e+00
6.027143760626954463e+04,1.000064841668529825e+00,7.465994809323320703e-04,0.000000000000000000e+00,4.876856563064141170e+01,1.876393425528272596e+00
6.027143806691670034e+04,1.001028860653813135e+00,7.466026313441927100e-04,0.000000000000000000e+00,4.876174942536368917e+01,1.873383651046190979e+00
6.027143852756384877e+04,1.000188544119359202e+00,7.465989734517489065e-04,0.000000000000000000e+00,4.876848628043629930e+01,1.874134035095438744e+00
6.027143898821098992e+04,1.000412170219658003e+00,7.466026226229291983e-04,0.000000000000000000e+00,4.876687939617909251e+01,1.872803952480140310e+00
6.027143944885815290e+04,9.978704705454909396e-01,7.465947969789196552e-04,0.000000000000000000e+00,4.876784478527588362e+01,1.870409116794634619e+00
6.027143990950529405e+04,9.997149296372130900e-01,7.466000008947372337e-04,0.000000000000000000e+00,4.876534656601324258e+01,1.873102466610018002e+00
6.027144037015244248e+04,9.989327988807601422e-01,7.482786400390423892e-04,0.000000000000000000e+00,4.877028430289199434e+01,1.873085391892995499e+00
6.027144083079959091e+04,1.000516163287378690e+00,7.465980526017592213e-04,0.000000000000000000e+00,4.877198941409511690e+01,1.875426496096894935e+00
6.027144129144674662e+04,9.987839393827557810e-01,7.465988521148187113e-04,0.000000000000000000e+00,4.876404377218050712e+01,1.872813174363036737e+00
6.027144175209388777e+04,1.000573568858570850e+00,7.466028044781023712e-04,0.000000000000000000e+00,4.875993260460573708e+01,1.872408709614244327e+00
6.027144221274104348e+04,1.000165714517307736e+00,7.466005337814977764e-04,0.000000000000000000e+00,4.876350477031739672e+01,1.872124200110239389e+00
6.027144267338819191e+04,9.990332367451305595e-01,7.465991722414202624e-04,0.000000000000000000e+00,4.876867891095939456e+01,1.870003657798657848e+00
6.027144313403534034e+04,1.000445380377425364e+00,7.466012297502323510e-04,0.000000000000000000e+00,4.876255803170660386e+01,1.875849908823563617e+00
6.027144359468248149e+04,1.000754422570245161e+00,7.468615203834367850e-04,0.000000000000000000e+00,4.875906864580800715e+01,1.874979222261816236e+00
6.027144405532963719e+04,1.001600727270240965e+00,7.466092913566746469e-04,0.000000000000000000e+00,4.876256358290903137e+01,1.872065597321413977e+00
6.027144451597678562e+04,1.000000102208498332e+00,7.465997248423354845e-04,0.000000000000000000e+00,4.876014249191181449e+01,1.874214468710444059e+00
6.027144497662392678e+04,1.000422243418769508e+00,7.466056721921142652e-04,0.000000000000000000e+00,4.876212634342672914e+01,1.871072211129679363e+00
6.027144543727108976e+04,1.000039909208727540e+00,7.510456417207741651e-04,0.000000000000000000e+00,4.876981378947075996e+01,1.877721160779396659e+00
6.027144589791823091e+04,1.000091943145924311e+00,7.466011018291069442e-04,0.000000000000000000e+00,4.876788170355673913e+01,1.872828409413744399e+00
6.027144635856537207e+04,9.999999991692535284e-01,7.466026437182719019e-04,0.000000000000000000e+00,4.876608280758796354e+01,1.873593367394285725e+00
6.027144681921253505e+04,9.994698104076805700e-01,7.465992337064084180e-04,0.000000000000000000e+00,4.876639776296690343e+01,1.872547501041789797e+00
6.027144727985967620e+04,1.000444718418304291e+00,7.466035202878470740e-04,0.000000000000000000e+00,4.876710071993422702e+01,1.873103579192413104e+00
6.027144774050681735e+04,1.000489301461018554e+00,7.466035648159964708e-04,0.000000000000000000e+00,4.876269153750475027e+01,1.872919974953439537e+00
6.027144820115397306e+04,9.984034848554474983e-01,7.465904682879260070e-04,0.000000000000000000e+00,4.876472411264755635e+01,1.872434682680665929e+00
6.027144866180112149e+04,1.000195113071041364e+00,7.465983013070757622e-04,0.000000000000000000e+00,4.876277598454982609e+01,1.873061854774002777e+00
6.027144912244826264e+04,9.983440802066742004e-01,7.465947490851912840e-04,0.000000000000000000e+00,4.876935800111980512e+01,1.873736057457551452e+00
6.027144958309541107e+04,1.000123615329269633e+00,7.455616256282100989e-04,0.000000000000000000e+00,4.876200012314419041e+01,1.871690682156350816e+00
6.027145004374256678e+04,1.002317583817157187e+00,7.455672484937423327e-04,0.000000000000000000e+00,4.875950261471240310e+01,1.876317237936902416e+00
6.027145050438970793e+04,9.998642439714920949e-01,7.455590746037358630e-04,0.000000000000000000e+00,4.876314150350930277e+01,1.874137110283246921e+00
6.027145096503685636e+04,9.989490118947286224e-01,7.455560386084004142e-04,0.000000000000000000e+00,4.875934734132417248e+01,1.871790903626278979e+00
6.027145142568400479e+04,9.984562598545261292e-01,7.455544714266508066e-04,0.000000000000000000e+00,4.875873885334071645e+01,1.869897699676477787e+00
6.027145188633114594e+04,9.994537518678769938e-01,7.467880571436469848e-04,0.000000000000000000e+00,4.876296593218298625e+01,1.870269933882139579e+00
6.027145234697829437e+04,9.996367621004236259e-01,7.455569203949993394e-04,0.000000000000000000e+00,4.876950290464896653e+01,1.872065699522281301e+00
6.027145280762545008e+04,1.000648364038232652e+00,7.455599468081634687e-04,0.000000000000000000e+00,4.876678183254026067e+01,1.871485229293275765e+00
6.027145326827259123e+04,1.001550112036828866e+00,7.455665731577322368e-04,0.000000000000000000e+00,4.876325206339076601e+01,1.872564817593634912e+00
6.027145372891973238e+04,9.993018804063125149e-01,7.455558201988960647e-04,0.000000000000000000e+00,4.876803271296736852e+01,1.871591730669780906e+00
6.027145418956688809e+04,9.990202885764012386e-01,7.455576935276761420e-04,0.000000000000000000e+00,4.876019400359727030e+01,1.872300409428848234e+00
6.027145465021402924e+04,9.985897342335794402e-01,7.455573334547167374e-04,0.000000000000000000e+00,4.876197603401179492e+01,1.874549928133819376e+00
6.027145511086117040e+04,9.989098903385595918e-01,7.455486729751206829e-04,0.000000000000000000e+00,4.877520462014582847e+01,1.874353947398647691e+00
6.027145557150833338e+04,1.000562553039455294e+00,7.455601239204496774e-04,0.000000000000000000e+00,4.877373451923261882e+01,1.872886388796646928e+00
6.027145603215547453e+04,9.997566927487339106e-01,7.461065871427122317e-04,0.000000000000000000e+00,4.876925617230195087e+01,1.872929786725482382e+00
6.027145649280261568e+04,9.976526452162132186e-01,7.455586406869554265e-04,0.000000000000000000e+00,4.876572071878295844e+01,1.871951281654238519e+00
6.027145695344976411e+04,9.971578656683662834e-01,7.455460909894389993e-04,0.000000000000000000e+00,4.876609363457675528e+01,1.874371587257763760e+00
6.027145741409691254e+04,9.967352367410463598e-01,7.455465392702715927e-04,0.000000000000000000e+00,4.876128738210795888e+01,1.874992017892500584e+00
6.027145787474405370e+04,9.964774890236548499e-01,7.455439332329525997e-04,0.000000000000000000e+00,4.876769863835949792e+01,1.874808679653214627e+00
6.027145833539120213e+04,9.943427569395879573e-01,7.455378659269589359e-04,0.000000000000000000e+00,4.876929789080494260e+01,1.874604450322927773e+00
6.027145879603835056e+04,9.948925836411921519e-01,7.455382858751077825e-04,0.000000000000000000e+00,4.876644854249235550e+01,1.875258364826925872e+00
6.027145925668549171e+04,9.945444062858682654e-01,7.456907473747708195e-04,0.000000000000000000e+00,4.876235697928531465e+01,1.875619593992723599e+00
6.027145971733263286e+04,9.928590819256783995e-01,7.455316233535805737e-04,0.000000000000000000e+00,4.876060902652312734e+01,1.875255135714660293e+00
6.027146017797978857e+04,9.911844558178950493e-01,7.455274038988062794e-04,0.000000000000000000e+00,4.876073094986716683e+01,1.873058255709050712e+00
6.027146063862692972e+04,9.918284135011203873e-01,7.455275119910921610e-04,0.000000000000000000e+00,4.876431907796511922e+01,1.874789115041095133e+00
6.027146109927407088e+04,9.918179308219092771e-01,7.455290673954176805e-04,0.000000000000000000e+00,4.876956352509534298e+01,1.871258398455365901e+00
6.027146155992122658e+04,9.915271157641690758e-01,7.465049271711022031e-04,0.000000000000000000e+00,4.876763370878188653e+01,1.874721718657337943e+00
6.027146202056836046e+04,9.914858779984432324e-01,7.455298272394165994e-04,0.000000000000000000e+00,4.876395893238826318e+01,1.873644084737987825e+00
6.027146248121550161e+04,9.919919844893835270e-01,7.455267966121809954e-04,0.000000000000000000e+00,4.877048806911997758e+01,1.873445096474629201e+00
6.027146294186265732e+04,9.910595885076267653e-01,7.455238145747635414e-04,0.000000000000000000e+00,4.876887749936662431e+01,1.873347827985075709e+00
6.027146340250979847e+04,9.915517991397717612e-01,7.455266805553138624e-04,0.000000000000000000e+00,4.876961334382072266e+01,1.872067593552046327e+00
6.027146386315693962e+04,9.922027702162824481e-01,7.455257368459960315e-04,0.000000000000000000e+00,4.877254367833532456e+01,1.875852257283961988e+00
6.027146432380409533e+04,9.917940205455708647e-01,7.455272231126590507e-04,0.000000000000000000e+00,4.876239043980480403e+01,1.873877345361732782e+00
6.027146478445123648e+04,9.909296652451905496e-01,7.455283923212978120e-04,0.000000000000000000e+00,4.876145175541557819e+01,1.869743905739067902e+00
6.027146524509837764e+04,9.922245453766982415e-01,7.455303375161158579e-04,0.000000000000000000e+00,4.875774311991573740e+01,1.872476536038433226e+00
6.027146570574551879e+04,9.910460453654806878e-01,7.455244865551197749e-04,0.000000000000000000e+00,4.876193918748975875e+01,1.870608503190250405e+00
6.027146616639266722e+04,9.909442754436155187e-01,7.455249546119054873e-04,0.000000000000000000e+00,4.875794029427611065e+01,1.871849703848316837e+00
6.027146662703980837e+04,9.925427374228994459e-01,7.455282973325722679e-04,0.000000000000000000e+00,4.875582082301615117e+01,1.873400738453672609e+00
6.027146708768695680e+04,9.906835376087040901e-01,7.455263204497400301e-04,0.000000000000000000e+00,4.875598861195751255e+01,1.872929100784119338e+00
6.027146754833409796e+04,9.905601048326362346e-01,7.455264172168993113e-04,0.000000000000000000e+00,4.876753785381941242e+01,1.870696753544513591e+00
6.027146800898123911e+04,9.916489493061185767e-01,7.455248200153926242e-04,0.000000000000000000e+00,4.877380843915703679e+01,1.874509856380061956e+00
6.027146846962838026e+04,9.918025475743811326e-01,7.455243265576573389e-04,0.000000000000000000e+00,4.877078669615170270e+01,1.873011669564551118e+00
6.027146893027553597e+04,9.908031160333100607e-01,7.455240856387706106e-04,0.000000000000000000e+00,4.877102363817533615e+01,1.874824980590488188e+00
6.027146939092266985e+04,9.914984060749232331e-01,7.455285423743264082e-04,0.000000000000000000e+00,4.875889777508993461e+01,1.873886905165290884e+00
6.027146985156981100e+04,9.932406408334402137e-01,7.455326671242421639e-04,0.000000000000000000e+00,4.875881789631591801e+01,1.875142436352112751e+00
6.027147031221696670e+04,9.924799828000669955e-01,7.455333596583112090e-04,0.000000000000000000e+00,4.876521016323808055e+01,1.873466710715536943e+00
6.027147077286410058e+04,9.915058247060364316e-01,7.455276144237881668e-04,0.000000000000000000e+00,4.876966073161381132e+01,1.874792873373730462e+00
6.027147123351124173e+04,9.925562250228893157e-01,7.455276837059991030e-04,0.000000000000000000e+00,4.877596321929706846e+01,1.872382082744894261e+00
6.027147169415839744e+04,9.909493845453440919e-01,7.455259026380750987e-04,0.000000000000000000e+00,4.877014709810735127e+01,1.871218306617643545e+00
6.027147215480553132e+04,9.925797527929520747e-01,7.456156291819274065e-04,0.000000000000000000e+00,4.876579806241053916e+01,1.874021326046001246e+00
6.027147261545267247e+04,9.920985897731868786e-01,7.450085718660613612e-04,0.000000000000000000e+00,4.876565329053442355e+01,1.871427657414174162e+00
6.027147307609982090e+04,9.934277450244356489e-01,7.450142297717833118e-04,0.000000000000000000e+00,4.876766715007580189e+01,1.871933238923228604e+00
6.027147353674696205e+04,9.927588428669356091e-01,7.450141314993278174e-04,0.000000000000000000e+00,4.876617852471407843e+01,1.872812393014404053e+00
6.027147399739410321e+04,9.939241477575556649e-01,7.450104549535511208e-04,0.000000000000000000e+00,4.876455043703732883e+01,1.874748143174342907e+00
6.027147445804124436e+04,9.911505874599585431e-01,7.450010093093644955e-04,0.000000000000000000e+00,4.876932295204062484e+01,1.871862429516846893e+00
6.027147491868839279e+04,9.924548223093260235e-01,7.450092134988396285e-04,0.000000000000000000e+00,4.876544985260142795e+01,1.871644598752439492e+00
6.027147537933552667e+04,9.897728854671845600e-01,7.450020329851452482e-04,0.000000000000000000e+00,4.876134757397345965e+01,1.871329542924209166e+00
6.027147583998267510e+04,9.919728512744696580e-01,7.450098306733872076e-04,0.000000000000000000e+00,4.876338662159450621e+01,1.872185491502736943e+00
6.027147630062982353e+04,9.916930731259777643e-01,7.450031029128749947e-04,0.000000000000000000e+00,4.876648027677263997e+01,1.872533110025713654e+00
6.027147676127695740e+04,9.904784524807606072e-01,7.450006437118447894e-04,0.000000000000000000e+00,4.877069204485756870e+01,1.873723069784630546e+00
6.027147722192409856e+04,9.931286359895239446e-01,7.450131059587193280e-04,0.000000000000000000e+00,4.876520393912242923e+01,1.873419393117349507e+00
6.027147768257124699e+04,9.928355911740831541e-01,7.450098741143603570e-04,0.000000000000000000e+00,4.877197422648938385e+01,1.870805957694574362e+00
6.027147814321838086e+04,9.922737749873902224e-01,7.450040122548628801e-04,0.000000000000000000e+00,4.877034812808481945e+01,1.873395961934521514e+00
6.027147860386552202e+04,9.926075174227227960e-01,7.450120504095551939e-04,0.000000000000000000e+00,4.876121984804709086e+01,1.872095966166683612e+00
6.027147906451267045e+04,9.918567829071853748e-01,7.450091866263338887e-04,0.000000000000000000e+00,4.875900100493163336e+01,1.874470649415185042e+00
6.027147952515981160e+04,9.903683113938362981e-01,7.450036779720294782e-04,0.000000000000000000e+00,4.876626397524781709e+01,1.874687674646043911e+00
6.027147998580694548e+04,9.928268523891567998e-01,7.450120634763338643e-04,0.000000000000000000e+00,4.877020367361782149e+01,1.872157521609099540e+00
6.027148044645410118e+04,9.931118303005593839e-01,7.465373801596319895e-04,0.000000000000000000e+00,4.877016950088711411e+01,1.870771635476646821e+00
6.027148090710123506e+04,9.915561184041490339e-01,7.450079095721856949e-04,0.000000000000000000e+00,4.877137824942914079e+01,1.869767977035962758e+00
6.027148136774836894e+04,9.913269214806912366e-01,7.450032675629949218e-04,0.000000000000000000e+00,4.876879129751300468e+01,1.872883224715504946e+00
6.027148182839551737e+04,9.925647082359712048e-01,7.450095765288363174e-04,0.000000000000000000e+00,4.876704912353277166e+01,1.872775059459225622e+00
6.027148228904265852e+04,9.928266352003458639e-01,7.450152168096271310e-04,0.000000000000000000e+00,4.876937434154679352e+01,1.872231269929531372e+00
6.027148274968979240e+04,9.925062499888780421e-01,7.450127452695843016e-04,0.000000000000000000e+00,4.876418790200914088e+01,1.874357357862484585e+00
6.027148321033694083e+04,9.933679186273546291e-01,7.450136531117425211e-04,0.000000000000000000e+00,4.877497723754601822e+01,1.873253214378332476e+00
6.027148367098408198e+04,9.924063515583666506e-01,7.450084643852261483e-04,0.000000000000000000e+00,4.876988053683908220e+01,1.872529314683316848e+00
6.027148413163121586e+04,9.912722774536141257e-01,7.450064543920363559e-04,0.000000000000000000e+00,4.877034993481349545e+01,1.873019563684162447e+00
6.027148459227835701e+04,9.932241318541106256e-01,7.450114964335527532e-04,0.000000000000000000e+00,4.877183706096623439e+01,1.876913764084134906e+00
6.027148505292550544e+04,9.918620390195728165e-01,7.450046239275208253e-04,0.000000000000000000e+00,4.877336564365411675e+01,1.873771088682765429e+00
6.027148551357263932e+04,9.924081884839981438e-01,7.450093444768497502e-04,0.000000000000000000e+00,4.877206212134885277e+01,1.873075192011101731e+00
6.027148597421978047e+04,9.929857915844136906e-01,7.450119987733025200e-04,0.000000000000000000e+00,4.876872443188306505e+01,1.874653271149289591e+00
6.027148643486692890e+04,9.914647709573364276e-01,7.450057769347467624e-04,0.000000000000000000e+00,4.876952183020481613e+01,1.872813685904669567e+00
6.027148689551406278e+04,9.930701870501057460e-01,7.450121346907055036e-04,0.000000000000000000e+00,4.876446564243491366e+01,1.871175370694626583e+00
6.027148735616119666e+04,9.921675120404136461e-01,7.450077560116231002e-04,0.000000000000000000e+00,4.876571045397197679e+01,1.873009685007301028e+00
6.027148781680834509e+04,9.924387323220960067e-01,7.450105026145806492e-04,0.000000000000000000e+00,4.876044149593364807e+01,1.874638197205618528e+00
6.027148827745548624e+04,9.910557759973250835e-01,7.450042722494780185e-04,0.000000000000000000e+00,4.876371625809281340e+01,1.876132487742729227e+00
6.027148873810262012e+04,9.913063287070069673e-01,7.450031716069711960e-04,0.000000000000000000e+00,4.876459029702645864e+01,1.872527364674254180e+00
6.027148919874976855e+04,9.925700067293837803e-01,7.450121795095587763e-04,0.000000000000000000e+00,4.876674800979649405e+01,1.875405179661611355e+00
6.027148965939690243e+04,9.912634219947633607e-01,7.450034315888538978e-04,0.000000000000000000e+00,4.876860162368502216e+01,1.873068563756074889e+00
6.027149012004403630e+04,9.921185114099921876e-01,7.450074132746290411e-04,0.000000000000000000e+00,4.876935769322109593e+01,1.872345728033963042e+00
6.027149058069117746e+04,9.934266941039348042e-01,7.450139329921869709e-04,0.000000000000000000e+00,4.876327473817786995e+01,1.874406987761826571e+00
6.027149104133832589e+04,9.930691884276154902e-01,7.450124696367815868e-04,0.000000000000000000e+00,4.876642651311292553e+01,1.872171138629283416e+00
6.027149150198545976e+04,9.915177105175122518e-01,7.450084058248239612e-04,0.000000000000000000e+00,4.877400775432371915e+01,1.869287700127287621e+00
6.027149196263260092e+04,9.943271968727067645e-01,7.450132821371143344e-04,0.000000000000000000e+00,4.877328205721466503e+01,1.873279273106479792e+00
6.027149242327974207e+04,9.930734332085968674e-01,7.452909207912504453e-04,0.000000000000000000e+00,4.877160241658158668e+01,1.871772298689263536e+00
6.027149288392687595e+04,9.919492589105667335e-01,7.450093072904360797e-04,0.000000000000000000e+00,4.876958055575001794e+01,1.870605089263696508e+00
6.027149334457400983e+04,9.926455154041139428e-01,7.450071910537014010e-04,0.000000000000000000e+00,4.876746357092808637e+01,1.874359756472844918e+00
6.027149380522115825e+04,9.916589785443168381e-01,7.450064006610380811e-04,0.000000000000000000e+00,4.877222444636969811e+01,1.873918460335236569e+00
6.027149426586829213e+04,9.917682758851067426e-01,7.450111359559989134e-04,0.000000000000000000e+00,4.876192589475924422e+01,1.874151039437738975e+00
6.027149472651542601e+04,9.909748286400452688e-01,7.450082762882829623e-04,0.000000000000000000e+00,4.876188533300374672e+01,1.871136196332370494e+00
6.027149518716257444e+04,9.940381979153375402e-01,7.450158378649800010e-04,0.000000000000000000e+00,4.876716846097871638e+01,1.876141652545483929e+00
6.027149564780970832e+04,9.927739653984687385e-01,7.463872437430506398e-04,0.000000000000000000e+00,4.876904367451578537e+01,1.870195289127974725e+00
6.027149610845684219e+04,9.930812140183438164e-01,7.463850497857010781e-04,0.000000000000000000e+00,4.877116545719731278e+01,1.873077543011216539e+00
6.027149656910399062e+04,9.940239338122051072e-01,7.463930621885437374e-04,0.000000000000000000e+00,4.877064511155202808e+01,1.873771609885319656e+00
6.027149702975112450e+04,9.944015705927545801e-01,7.463910482293340497e-04,0.000000000000000000e+00,4.877302999150084872e+01,1.873516474730450687e+00
6.027149749039825838e+04,9.921824022233196594e-01,7.463839066829354224e-04,0.000000000000000000e+00,4.877339436904694026e+01,1.872865431938546488e+00
6.027149795104539953e+04,9.933380088015831832e-01,7.463887719351224416e-04,0.000000000000000000e+00,4.877147578251673110e+01,1.870583597688074473e+00
6.027149841169254069e+04,9.923910637513267963e-01,7.463836851941592094e-04,0.000000000000000000e+00,4.877521489835839930e+01,1.873459359426798088e+00
6.027149887233967456e+04,9.925742679478669617e-01,7.463797250179579190e-04,0.000000000000000000e+00,4.877580443098545970e+01,1.872480021532371586e+00
6.027149933298680844e+04,9.949363089177253316e-01,7.463847475107068721e-04,0.000000000000000000e+00,4.877496787393089051e+01,1.870129138648113143e+00
6.027149979363394959e+04,9.931267308378466385e-01,7.463908121055776515e-04,0.000000000000000000e+00,4.877034087149277752e+01,1.870349765918202900e+00
6.027150025428108347e+04,9.950702119807924850e-01,7.463970631232032683e-04,0.000000000000000000e+00,4.876710961720904436e+01,1.874472961094426182e+00
6.027150071492822462e+04,9.962938446624783895e-01,7.464024133110207845e-04,0.000000000000000000e+00,4.876403969877477351e+01,1.870661861066971410e+00
6.027150117557536578e+04,9.974325900049266780e-01,7.464071216177029259e-04,0.000000000000000000e+00,4.876446930566444848e+01,1.874506662813438362e+00
6.027150163622249966e+04,9.977973074868154990e-01,7.464066723272793757e-04,0.000000000000000000e+00,4.876760962770772068e+01,1.873105806709862264e+00
6.027150209686963353e+04,9.979842175888589129e-01,7.464065422076493527e-04,0.000000000000000000e+00,4.876936025335241709e+01,1.870474771798192659e+00
6.027150255751677469e+04,9.994730419810311517e-01,7.464117679177930407e-04,0.000000000000000000e+00,4.877174735164106778e+01,1.873689662925216659e+00
6.027150301816390856e+04,9.999154227362215819e-01,7.464113216276932212e-04,0.000000000000000000e+00,4.876808421507999469e+01,1.871546893906281150e+00
6.027150347881104244e+04,9.986388447465573970e-01,7.471880796079237441e-04,0.000000000000000000e+00,4.877081608607641527e+01,1.873465428546325029e+00
6.027150393945819087e+04,9.988488001511569570e-01,7.464238674154993107e-04,0.000000000000000000e+00,4.876772315307550087e+01,1.874691962008818491e+00
6.027150440010531747e+04,1.001226840214179292e+00,7.464173455859468825e-04,0.000000000000000000e+00,4.876874810503107938e+01,1.872950172372056521e+00
6.027150486075245135e+04,1.000239303033336746e+00,7.464153642753960363e-04,0.000000000000000000e+00,4.876509414475559367e+01,1.873557043661362664e+00
6.027150532139959978e+04,1.000564951165801020e+00,7.464159399455345479e-04,0.000000000000000000e+00,4.877130709862461799e+01,1.872079363769468374e+00
6.027150578204673366e+04,1.001198063587901421e+00,7.464191978442793812e-04,0.000000000000000000e+00,4.876938783726914295e+01,1.871825195696066979e+00
6.027150624269386026e+04,1.000193596397124685e+00,7.464145993526751692e-04,0.000000000000000000e+00,4.876804943193655362e+01,1.870530083952384626e+00
6.027150670334100141e+04,1.000538301831024990e+00,7.466796368929674941e-04,0.000000000000000000e+00,4.876906074904839272e+01,1.873122665080885429e+00
6.027150716398814257e+04,9.996551382509780703e-01,7.464116514393411570e-04,0.000000000000000000e+00,4.877636380548655382e+01,1.874177156825486801e+00
6.027150762463526917e+04,1.000504869392203844e+00,7.464136831041668979e-04,0.000000000000000000e+00,4.877990937777718017e+01,1.871158736516077559e+00
6.027150808528241032e+04,9.987175911320588240e-01,7.464069956054637626e-04,0.000000000000000000e+00,4.877776113237152344e+01,1.871997705682649338e+00
6.027150854592955147e+04,9.998439607233438053e-01,7.465465107492570739e-04,0.000000000000000000e+00,4.877348007444925315e+01,1.873767349504710911e+00
6.027150900657667808e+04,9.995448783197882214e-01,7.464094706084175397e-04,0.000000000000000000e+00,4.877432060991119300e+01,1.873109262678590570e+00
6.027150946722381195e+04,1.000190591027857900e+00,7.464130085358803603e-04,0.000000000000000000e+00,4.876601497945259212e+01,1.870848193127693904e+00
6.027150992787095311e+04,1.001175953818348896e+00,7.464225321540919004e-04,0.000000000000000000e+00,4.875932667839536805e+01,1.873675941396956812e+00
6.027151038851808698e+04,1.001155706481100305e+00,7.464223795860101427e-04,0.000000000000000000e+00,4.875777565840277816e+01,1.872461811679649646e+00
6.027151084916522086e+04,9.996578192959576503e-01,7.464172321281420993e-04,0.000000000000000000e+00,4.875798186150651503e+01,1.871022400431312738e+00
6.027151130981236201e+04,9.986117413952316779e-01,7.464118324904632767e-04,0.000000000000000000e+00,4.875672367696370202e+01,1.872190498990458085e+00
6.027151177045949589e+04,9.998382794097911974e-01,7.501951054506632256e-04,0.000000000000000000e+00,4.876772758152330312e+01,1.876034634578252147e+00
6.027151223110662249e+04,1.000362375157707984e+00,7.464139995745391583e-04,0.000000000000000000e+00,4.876664793340808046e+01,1.871811286092626814e+00
6.027151269175377092e+04,1.002280388039993975e+00,7.464205440980906103e-04,0.000000000000000000e+00,4.877072280415936234e+01,1.873029395004455200e+00
6.027151315240089752e+04,9.998688049162027802e-01,7.464123968526911257e-04,0.000000000000000000e+00,4.877161341505609471e+01,1.874011918532436205e+00
6.027151361304803140e+04,1.000090915506273603e+00,7.464152896151068006e-04,0.000000000000000000e+00,4.877815348339556323e+01,1.872396673746141271e+00
6.027151407369517256e+04,1.000966202240752168e+00,7.464179183903900828e-04,0.000000000000000000e+00,4.877508587599016465e+01,1.875776094955238671e+00
6.027151453434230643e+04,1.000728787444115309e+00,7.464170435148657348e-04,0.000000000000000000e+00,4.877202686301110646e+01,1.873382794538925644e+00
6.027151499498943303e+04,1.000387779118361298e+00,7.464130307013848182e-04,0.000000000000000000e+00,4.877662990264157372e+01,1.872322633033265848e+00
6.027151545563657419e+04,9.997665353937212895e-01,7.464134817963813525e-04,0.000000000000000000e+00,4.877274289389588091e+01,1.873022322016821839e+00
6.027151591628370807e+04,9.999085417990979385e-01,7.464168228706466934e-04,0.000000000000000000e+00,4.877165262397308254e+01,1.870765218991938816e+00
6.027151637693084194e+04,9.993454230475431466e-01,7.464089768472116811e-04,0.000000000000000000e+00,4.877781973387963887e+01,1.872406766527664690e+00
6.027151683757797582e+04,9.998385848697219913e-01,7.464547883849209512e-04,0.000000000000000000e+00,4.877271062225133846e+01,1.876892709731169839e+00
6.027151729822510970e+04,9.996546390302225582e-01,7.464125279223864790e-04,0.000000000000000000e+00,4.876898278766827133e+01,1.872709179266002222e+00
6.027151775887224358e+04,9.998185433166316693e-01,7.464134423226440312e-04,0.000000000000000000e+00,4.877316650976865020e+01,1.872255643922310364e+00
6.027151821951937018e+04,1.001072836674322231e+00,7.464177798819672527e-04,0.000000000000000000e+00,4.877823260920378345e+01,1.873735005102565188e+00
6.027151868016651133e+04,1.000689420256318796e+00,7.468207633784955434e-04,0.000000000000000000e+00,4.877714169062486604e+01,1.871785615075294285e+00
6.027151914081364521e+04,1.001653820861475364e+00,7.468272714381772029e-04,0.000000000000000000e+00,4.876671310431068207e+01,1.875161474981251075e+00
6.027151960146077181e+04,1.000067386081313181e+00,7.468223834686070874e-04,0.000000000000000000e+00,4.876488022663980360e+01,1.873037889345987583e+00
6.027152006210791296e+04,1.000094931121580322e+00,7.468226664051373035e-04,0.000000000000000000e+00,4.877428255358449150e+01,1.871300590551978171e+00
6.027152052275504684e+04,1.001531767456528055e+00,7.468252268600704489e-04,0.000000000000000000e+00,4.877752545448239374e+01,1.872326478667677208e+00
6.027152098340217344e+04,1.000209929833674183e+00,7.468193483021906033e-04,0.000000000000000000e+00,4.877177280341165755e+01,1.874736844813586156e+00
6.027152144404931460e+04,1.000169138450775153e+00,7.468192307212837867e-04,0.000000000000000000e+00,4.876899255585773574e+01,1.872454405340033157e+00
6.027152190469644847e+04,1.001233351135581762e+00,7.468244854239135125e-04,0.000000000000000000e+00,4.877319695511820186e+01,1.873271213742473851e+00
6.027152236534357507e+04,9.998136804660224808e-01,7.468159655269210676e-04,0.000000000000000000e+00,4.877386636266240316e+01,1.872821324542233823e+00
6.027152282599070895e+04,1.001754450253186990e+00,7.468285723851463866e-04,0.000000000000000000e+00,4.876317017478582017e+01,1.873986317207088304e+00
6.027152328663784283e+04,9.999367570893715751e-01,7.468199545586510016e-04,0.000000000000000000e+00,4.876756934497394269e+01,1.872913080576050548e+00
6.027152374728497671e+04,9.994401833860900863e-01,7.468190333196868735e-04,0.000000000000000000e+00,4.876522554911369411e+01,1.874635814498804898e+00
6.027152420793211058e+04,1.001085359097165117e+00,7.468255985975702808e-04,0.000000000000000000e+00,4.876605397644925688e+01,1.872696789407421569e+00
6.027152466857924446e+04,9.982221843403898953e-01,7.468122091032200005e-04,0.000000000000000000e+00,4.877636125121288302e+01,1.871150919395976775e+00
6.027152512922637106e+04,1.001297254195813835e+00,7.468246137793616360e-04,0.000000000000000000e+00,4.877220051225997111e+01,1.874384112213885567e+00
6.027152558987350494e+04,9.996819703742279017e-01,7.468193733647870243e-04,0.000000000000000000e+00,4.877221278700024243e+01,1.872982984095711068e+00
6.027152605052063882e+04,1.000454642068787203e+00,7.468196790108757579e-04,0.000000000000000000e+00,4.877777772216677477e+01,1.876080013839408478e+00
6.027152651116777270e+04,9.996319977763307163e-01,7.468162797240464161e-04,0.000000000000000000e+00,4.877386082822609126e+01,1.870930726397894706e+00
6.027152697181489930e+04,1.000056569047049981e+00,7.468190815254130682e-04,0.000000000000000000e+00,4.877526453779613291e+01,1.872013065349077410e+00
6.027152743246204045e+04,9.999122865689193951e-01,7.468207274611743428e-04,0.000000000000000000e+00,4.877275224997314496e+01,1.874371463800903248e+00
6.027152789310916705e+04,9.987513777836113382e-01,7.468152132608896990e-04,0.000000000000000000e+00,4.877319740753225830e+01,1.871076085719113991e+00
6.027152835375629365e+04,9.999577992165173956e-01,7.468195134647570609e-04,0.000000000000000000e+00,4.877313800314595227e+01,1.874176068374799442e+00
6.027152881440343481e+04,1.000570321718299516e+00,7.468210788359781619e-04,0.000000000000000000e+00,4.876269530097086147e+01,1.874088126083021111e+00
6.027152927505056141e+04,9.990630584701419847e-01,7.468183033079849606e-04,0.000000000000000000e+00,4.876539547375293182e+01,1.872565230428196337e+00
6.027152973569768801e+04,9.993307058501844642e-01,7.468183714967607670e-04,0.000000000000000000e+00,4.876921409991923895e+01,1.872708517675526707e+00
6.027153019634482916e+04,9.996174306489544747e-01,7.468164540839601845e-04,0.000000000000000000e+00,4.877692778395270068e+01,1.874945637936460852e+00
6.027153065699195577e+04,9.996430334889125913e-01,7.468216003926340983e-04,0.000000000000000000e+00,4.877006900220520436e+01,1.871385078238879673e+00
6.027153111763908237e+04,9.991868461448432104e-01,7.468192410736258172e-04,0.000000000000000000e+00,4.877198256030045798e+01,1.873353859275224353e+00
6.027153157828621625e+04,1.000896268670823597e+00,7.468209085886349206e-04,0.000000000000000000e+00,4.877854580250760819e+01,1.874345992315882059e+00
6.027153203893335012e+04,1.000961904089304744e+00,7.468225543987356456e-04,0.000000000000000000e+00,4.876015090500915505e+01,1.877227677543373607e+00
6.027153249958047672e+04,1.001006722453799513e+00,7.468260244895900653e-04,0.000000000000000000e+00,4.876297750035548262e+01,1.874188363304011951e+00
6.027153296022761060e+04,1.000996974390895078e+00,7.468251809300654239e-04,0.000000000000000000e+00,4.876778784146107171e+01,1.872116825274954710e+00
6.027153342087474448e+04,9.999720552413237096e-01,7.468186574401510435e-04,0.000000000000000000e+00,4.876872866905841164e+01,1.873414900503305613e+00
6.027153388152187108e+04,1.001864808619190805e+00,7.472908080171442513e-04,0.000000000000000000e+00,4.876629240145470590e+01,1.875343426891859844e+00
6.027153434216899768e+04,1.000414708704962852e+00,7.468209239428096665e-04,0.000000000000000000e+00,4.876579313144165440e+01,1.874836967689863965e+00
6.027153480281613884e+04,1.000545083214607889e+00,7.468228333133136027e-04,0.000000000000000000e+00,4.877123052296917649e+01,1.873097823278471852e+00
6.027153526346326544e+04,9.990530055436255275e-01,7.468176718999443081e-04,0.000000000000000000e+00,4.877461295455744050e+01,1.874147934949831118e+00
6.027153572411039204e+04,1.000737454833195983e+00,7.468202614222560574e-04,0.000000000000000000e+00,4.877508867675335580e+01,1.872579468848156736e+00
6.027153618475753319e+04,1.000256568720098160e+00,7.469506604433949828e-04,0.000000000000000000e+00,4.877073034586536693e+01,1.870763961070118997e+00
6.027153664540465979e+04,9.999922644745338207e-01,7.468194282111596935e-04,0.000000000000000000e+00,4.877217618704771951e+01,1.871307755398964989e+00
6.027153710605177912e+04,9.982294001120135540e-01,7.468103950453794252e-04,0.000000000000000000e+00,4.877553496144124523e+01,1.873424112055930513e+00
6.027153756669892027e+04,1.001237588940628642e+00,7.468264664661963120e-04,0.000000000000000000e+00,4.876989369493034587e+01,1.871299621378755607e+00
6.027153802734604687e+04,9.989547598224063352e-01,7.468184121572352119e-04,0.000000000000000000e+00,4.876093067968230343e+01,1.872229752960586913e+00
6.027153848799317348e+04,1.000291395652569859e+00,7.468241256025891922e-04,0.000000000000000000e+00,4.876514710014703269e+01,1.871470050564558507e+00
6.027153894864031463e+04,9.992261372726692903e-01,7.468127656925986450e-04,0.000000000000000000e+00,4.877252069294615211e+01,1.874520183648458627e+00
6.027153940928744123e+04,1.000981001192386977e+00,7.468235402957360772e-04,0.000000000000000000e+00,4.877693905464232671e+01,1.873808707629452286e+00
6.027153986993456056e+04,9.994486018069721478e-01,7.468204001965783861e-04,0.000000000000000000e+00,4.876804357831533565e+01,1.873785670866931152e+00
6.027154033058169443e+04,1.001357713617714307e+00,7.468285853302749711e-04,0.000000000000000000e+00,4.877066971358717495e+01,1.873591783172257941e+00
6.027154079122882831e+04,9.996751694634407048e-01,7.473593049309378792e-04,0.000000000000000000e+00,4.876650952088380109e+01,1.871795689120474782e+00
6.027154125187595491e+04,1.000352292296381007e+00,7.468203784746449978e-04,0.000000000000000000e+00,4.876210600898549075e+01,1.876471577577169203e+00
6.027154171252308151e+04,9.984421153001492577e-01,7.467588759727767722e-04,0.000000000000000000e+00,4.877222078842832076e+01,1.870098092466127015e+00
6.027154217317021539e+04,1.000530649828033303e+00,7.467661379825622781e-04,0.000000000000000000e+00,4.877349820431139449e+01,1.872796366376922705e+00
6.027154263381734199e+04,1.000261738376455156e+00,7.467637949339597011e-04,0.000000000000000000e+00,4.877315223579383741e+01,1.871069506313201458e+00
6.027154309446446132e+04,9.993689642056191591e-01,7.467606662447795734e-04,0.000000000000000000e+00,4.877008264392407000e+01,1.871804910337527161e+00
6.027154355511160247e+04,9.999732947113312287e-01,7.467652228909883640e-04,0.000000000000000000e+00,4.877635222064085951e+01,1.872830755704616879e+00
6.027154401575872907e+04,9.998077758461569875e-01,7.467651459081346785e-04,0.000000000000000000e+00,4.877490886980972107e+01,1.874048788552058253e+00
6.027154447640584840e+04,1.000699627880254905e+00,7.467681415752885779e-04,0.000000000000000000e+00,4.876912371179266614e+01,1.872784502594704081e+00
6.027154493705298955e+04,9.989004649676549441e-01,7.467607110777240050e-04,0.000000000000000000e+00,4.877718734115390475e+01,1.872655586291517738e+00
6.027154539770011615e+04,9.998673257974014517e-01,7.467633849576912723e-04,0.000000000000000000e+00,4.877017455603544960e+01,1.872816567827735756e+00
6.027154585834723548e+04,1.000147443180714246e+00,7.467612666828359448e-04,0.000000000000000000e+00,4.877179538234612011e+01,1.872701536265219735e+00
6.027154631899437663e+04,1.000835034812113999e+00,7.467679021093755502e-04,0.000000000000000000e+00,4.877342411342640816e+01,1.872292368294290688e+00
6.027154677964150324e+04,9.991037899447640092e-01,7.467597565046942259e-04,0.000000000000000000e+00,4.877033953989680981e+01,1.873727216549782248e+00
6.027154724028862256e+04,9.998726184872949174e-01,7.467644755900539055e-04,0.000000000000000000e+00,4.876405383999595955e+01,1.873866824967118427e+00
6.027154770093576371e+04,1.000259573075851005e+00,7.467666284818851854e-04,0.000000000000000000e+00,4.877026383717080904e+01,1.874624798188406105e+00
6.027154816158288304e+04,1.000954282980931698e+00,7.467678034952510884e-04,0.000000000000000000e+00,4.876503549009886740e+01,1.872642406231609824e+00
6.027154862223000964e+04,1.002307854113061891e+00,7.467697203358421819e-04,0.000000000000000000e+00,4.877179555510429054e+01,1.877108280786821348e+00
6.027154908287713624e+04,9.995044260053571605e-01,7.467576855232362868e-04,0.000000000000000000e+00,4.877655365812101707e+01,1.874141130316401282e+00
6.027154954352427012e+04,9.999030281048985058e-01,7.467685439957453446e-04,0.000000000000000000e+00,4.876683009987496575e+01,1.869634065387096422e+00
6.027155000417138945e+04,1.000124900736146349e+00,7.462305856133820761e-04,0.000000000000000000e+00,4.877375603260058767e+01,1.876179390482168863e+00
6.027155046481852332e+04,1.000215475886681693e+00,7.467614271149653317e-04,0.000000000000000000e+00,4.877399052599915308e+01,1.874406024509105206e+00
6.027155092546564993e+04,9.982620935446361310e-01,7.467565045794367223e-04,0.000000000000000000e+00,4.877476846795985921e+01,1.870936189037705200e+00
6.027155138611277653e+04,9.994022577123155004e-01,7.467646654873018970e-04,0.000000000000000000e+00,4.877003570821232614e+01,1.871329010705517826e+00
6.027155184675989585e+04,9.994807910660641337e-01,7.467630763627713638e-04,0.000000000000000000e+00,4.876939450149176025e+01,1.874332072936793825e+00
6.027155230740703701e+04,1.002028942676622680e+00,7.467691270567258094e-04,0.000000000000000000e+00,4.877228460320575465e+01,1.875096705446086309e+00
6.027155276805415633e+04,1.000583750836438579e+00,7.467666801641829498e-04,0.000000000000000000e+00,4.878059768008530028e+01,1.871647490047274154e+00
6.027155322870127566e+04,1.000420389839098645e+00,7.467619696726665720e-04,0.000000000000000000e+00,4.877604536526598622e+01,1.871311273863073277e+00
6.027155368934841681e+04,9.980320553531352168e-01,7.495671530653182611e-04,0.000000000000000000e+00,4.876309490985833861e+01,1.870609831685716928e+00
6.027155414999553614e+04,9.986509864761384803e-01,7.467577819403365021e-04,0.000000000000000000e+00,4.877212274276557480e+01,1.873039994835799860e+00
6.027155461064266274e+04,9.997037975986153846e-01,7.506766523995230022e-04,0.000000000000000000e+00,4.876349124034268812e+01,1.871214681571133909e+00
6.027155507128979662e+04,9.994648510518000517e-01,7.467658311091060529e-04,0.000000000000000000e+00,4.875350740956061912e+01,1.875130341706510828e+00
6.027155553193691594e+04,1.000046169339834146e+00,7.467684865803261374e-04,0.000000000000000000e+00,4.876194838181639568e+01,1.871508608858178491e+00
6.027155599258404254e+04,1.001084051190397117e+00,7.467657263281082640e-04,0.000000000000000000e+00,4.876803098002353209e+01,1.874730336883123183e+00
6.027155645323116914e+04,1.000996543437637554e+00,7.467685978312057398e-04,0.000000000000000000e+00,4.876302395029959058e+01,1.875435399026643912e+00
6.027155691387829575e+04,1.000957037282257156e+00,7.467684371139744412e-04,0.000000000000000000e+00,4.876236951571632261e+01,1.873181994689080199e+00
6.027155737452542235e+04,9.998858879703393931e-01,7.467662234682113280e-04,0.000000000000000000e+00,4.877103266373953971e+01,1.872639546546543743e+00
6.027155783517254895e+04,9.999274673623197440e-01,7.467648822513739751e-04,0.000000000000000000e+00,4.877274799532569460e+01,1.875924597471671174e+00
6.027155829581967555e+04,1.000845076182642179e+00,7.467650592827579934e-04,0.000000000000000000e+00,4.877178872067830895e+01,1.873610959832355150e+00
6.027155875646679488e+04,1.000415177887868268e+00,7.467631682550989868e-04,0.000000000000000000e+00,4.876895270960391571e+01,1.874226486133823144e+00
6.027155921711392875e+04,1.000294782639329139e+00,7.467647166993068028e-04,0.000000000000000000e+00,4.877231907559199442e+01,1.874064503547348437e+00
6.027155967776105535e+04,1.000332062896162055e+00,7.467679769999014056e-04,0.000000000000000000e+00,4.876702403268355113e+01,1.872058078112648127e+00
6.027156013840817468e+04,9.999446980965782661e-01,7.467630324857261375e-04,0.000000000000000000e+00,4.876052238993212740e+01,1.871931192963349977e+00
6.027156059905529401e+04,1.000056111964789274e+00,7.476201004889285401e-04,0.000000000000000000e+00,4.876861562230535441e+01,1.875332674010487866e+00
6.027156105970243516e+04,1.000697367084334655e+00,7.467681874132227208e-04,0.000000000000000000e+00,4.877266461724787661e+01,1.872294381774207039e+00
6.027156152034955448e+04,9.995264552885431142e-01,7.467628977219423463e-04,0.000000000000000000e+00,4.877543937694871090e+01,1.871217225503537751e+00
6.027156198099667381e+04,1.000170245542901348e+00,7.467664061674772003e-04,0.000000000000000000e+00,4.877054983291598944e+01,1.872554940502173304e+00
6.027156244164380769e+04,1.000902435087840381e+00,7.467692327281748310e-04,0.000000000000000000e+00,4.876718182358497700e+01,1.872231887502890935e+00
6.027156290229092701e+04,9.989970584843183010e-01,7.467635731724208813e-04,0.000000000000000000e+00,4.876849950965963387e+01,1.872850582669375541e+00
6.027156336293804634e+04,1.000568238621683426e+00,7.467654184352231399e-04,0.000000000000000000e+00,4.877020625897013417e+01,1.872771978399432102e+00
6.027156382358518749e+04,9.985763266653022718e-01,7.467561830475509706e-04,0.000000000000000000e+00,4.877132162044995312e+01,1.872955793373632494e+00
6.027156428423230682e+04,1.000075109196930434e+00,7.467613936074174669e-04,0.000000000000000000e+00,4.876758922788415873e+01,1.874019114847392142e+00
6.027156474487942614e+04,9.993379008670574271e-01,7.468154749507760395e-04,0.000000000000000000e+00,4.877127655911132820e+01,1.873066957612341765e+00
6.027156520552655275e+04,1.000506783788425835e+00,7.468170315366169480e-04,0.000000000000000000e+00,4.877268142660757633e+01,1.875065817258206646e+00
6.027156566617367935e+04,9.981943409330126249e-01,7.468110228460770293e-04,0.000000000000000000e+00,4.877024517158415762e+01,1.874568600860639256e+00
6.027156612682079867e+04,9.999743352048628964e-01,7.468154461860514962e-04,0.000000000000000000e+00,4.877480685395425297e+01,1.876962889213649399e+00
6.027156658746792527e+04,1.000494657089114892e+00,7.468158869751612442e-04,0.000000000000000000e+00,4.878195524269293060e+01,1.871886295196857342e+00
6.027156704811505188e+04,1.000508604798289403e+00,7.468197886190894308e-04,0.000000000000000000e+00,4.877300746329317604e+01,1.871431318797545096e+00
6.027156750876217120e+04,1.000394328816042622e+00,7.468189415110445878e-04,0.000000000000000000e+00,4.876991022631683137e+01,1.873748091160367668e+00
6.027156796940929053e+04,9.994769944021792973e-01,7.468137994361147801e-04,0.000000000000000000e+00,4.877496409432072255e+01,1.873913608894550276e+00
6.027156843005642440e+04,1.000030197044905034e+00,7.468201929927746835e-04,0.000000000000000000e+00,4.877006664874230779e+01,1.873118429552897757e+00
6.027156889070354373e+04,1.001472690678209432e+00,7.468195928124695977e-04,0.000000000000000000e+00,4.876733400378697070e+01,1.875730470006174766e+00
6.027156935135066306e+04,9.991572094374203683e-01,7.468181519212155209e-04,0.000000000000000000e+00,4.877019459248909072e+01,1.871742766796565594e+00
6.027156981199779693e+04,1.000365818726097311e+00,7.468206390185105599e-04,0.000000000000000000e+00,4.877092163988892537e+01,1.874581059376544623e+00
6.027157027264491626e+04,9.999890380729159478e-01,7.468157168909921647e-04,0.000000000000000000e+00,4.877156429727236997e+01,1.873935430531178392e+00
6.027157073329203558e+04,1.001276389353707774e+00,7.468206893589075584e-04,0.000000000000000000e+00,4.876904336883527691e+01,1.873651565612031833e+00
6.027157119393916946e+04,1.000118106045327915e+00,7.468193598168998198e-04,0.000000000000000000e+00,4.876775514685837010e+01,1.873967193926938224e+00
6.027157165458628879e+04,1.000015700158730869e+00,7.468165714471416408e-04,0.000000000000000000e+00,4.877066872129065445e+01,1.874655311948498104e+00
6.027157211523340811e+04,1.000344465864621890e+00,7.468199478743382845e-04,0.000000000000000000e+00,4.877007599554063688e+01,1.870632766593016250e+00
6.027157257588054199e+04,1.002882560548631341e+00,7.468246349139747928e-04,0.000000000000000000e+00,4.877202644224962569e+01,1.875994297049752735e+00
6.027157303652765404e+04,9.990811823785609169e-01,7.468130187804653897e-04,0.000000000000000000e+00,4.877024272416637984e+01,1.873741017169103795e+00
6.027157349717477337e+04,1.000678377661285978e+00,7.468178702097925600e-04,0.000000000000000000e+00,4.877265686478045836e+01,1.874056394122972646e+00
6.027157395782189997e+04,9.998770559806062774e-01,7.468175898868989731e-04,0.000000000000000000e+00,4.876838540277280742e+01,1.875630982424103754e+00
6.027157441846902657e+04,1.000502890314890925e+00,7.468197393406211890e-04,0.000000000000000000e+00,4.877006638408410311e+01,1.874080662141638376e+00
6.027157487911614589e+04,9.998580716427482029e-01,7.468197647182208418e-04,0.000000000000000000e+00,4.876625130941182107e+01,1.872414042000795975e+00
6.027157533976327250e+04,9.979802830414905568e-01,7.468103755410096262e-04,0.000000000000000000e+00,4.877567273457643182e+01,1.872750135687753614e+00
6.027157580041039182e+04,1.000450879809786420e+00,7.468171176785809526e-04,0.000000000000000000e+00,4.877483985864321170e+01,1.874309772670299967e+00
6.027157626105751115e+04,9.988510779130659323e-01,7.477231356779526477e-04,0.000000000000000000e+00,4.877258102896354330e+01,1.872662503003230894e+00
6.027157672170463047e+04,1.000720348863722631e+00,7.468206379163679857e-04,0.000000000000000000e+00,4.877098887737986388e+01,1.875712234730622541e+00
6.027157718235176435e+04,9.985702398952018832e-01,7.468111630023520700e-04,0.000000000000000000e+00,4.876981323032824633e+01,1.872887512484906036e+00
6.027157764299887640e+04,1.000382158043743974e+00,7.468167651026715124e-04,0.000000000000000000e+00,4.877052134760265290e+01,1.874405383305135064e+00
6.027157810364599572e+04,1.002757702443930476e+00,7.522412557892200558e-04,0.000000000000000000e+00,4.876911303166973255e+01,1.867896328479526913e+00
6.027157856429312960e+04,1.000435351128372563e+00,7.468200015822118280e-04,0.000000000000000000e+00,4.877017058354901735e+01,1.873393087672439172e+00
6.027157902494024893e+04,1.000468758138529646e+00,7.468170505620244995e-04,0.000000000000000000e+00,4.877056748478087655e+01,1.875321035269923220e+00
6.027157948558736098e+04,1.000598510772680916e+00,7.468190213125749889e-04,0.000000000000000000e+00,4.876615797702623922e+01,1.874007675722580979e+00
6.027157994623449486e+04,9.992009451916006313e-01,7.472257608247964093e-04,0.000000000000000000e+00,4.876960856307133696e+01,1.873600065549791971e+00
6.027158040688161418e+04,1.001316099207955279e+00,7.468202225989593749e-04,0.000000000000000000e+00,4.878201820869020366e+01,1.873741716177372174e+00
6.027158086752872623e+04,1.000471849156972182e+00,7.468194632515960663e-04,0.000000000000000000e+00,4.877592646535515541e+01,1.873784861690893866e+00
6.027158132817585283e+04,1.001079528509688066e+00,7.468226827825170076e-04,0.000000000000000000e+00,4.876898260462003520e+01,1.873350651439832149e+00
6.027158178882297943e+04,9.997789433516859336e-01,7.468156603847732984e-04,0.000000000000000000e+00,4.877236579960835172e+01,1.874593620141612460e+00
6.027158224947009148e+04,9.997071148152000264e-01,7.468184375005941338e-04,0.000000000000000000e+00,4.876284065716379246e+01,1.872325057611082366e+00
6.027158271011721808e+04,1.001846749162002670e+00,7.468196382879518100e-04,0.000000000000000000e+00,4.876976155352555509e+01,1.876941008401887601e+00
6.027158317076433741e+04,9.994734455419246322e-01,7.468187999185900297e-04,0.000000000000000000e+00,4.876873858042011989e+01,1.874029565451510893e+00
6.027158363141145674e+04,1.001341228937410621e+00,7.468228311948163847e-04,0.000000000000000000e+00,4.876770036567309319e+01,1.874009019369889284e+00
6.027158409205858334e+04,1.001202406812611967e+00,7.468202686587329915e-04,0.000000000000000000e+00,4.877358524737721979e+01,1.873630120695276347e+00
6.027158455270570266e+04,1.000369246238833609e+00,7.468200427763738419e-04,0.000000000000000000e+00,4.876455938938158141e+01,1.872491376642463123e+00
6.027158501335282199e+04,9.991689180712176599e-01,7.468153665702187980e-04,0.000000000000000000e+00,4.875976866255595610e+01,1.874044227039505683e+00
6.027158547399993404e+04,9.994167754495800748e-01,7.468153055885290480e-04,0.000000000000000000e+00,4.876666096636876091e+01,1.872125562704777035e+00
6.027158593464706792e+04,1.000038549882027672e+00,7.468171494849775533e-04,0.000000000000000000e+00,4.876918034528979717e+01,1.874502195453405795e+00
6.027158639529417997e+04,9.984532311894657175e-01,7.468088563878735485e-04,0.000000000000000000e+00,4.876878453727174900e+01,1.875923754841114510e+00
6.027158685594129929e+04,1.000290865363524739e+00,7.468200778586205199e-04,0.000000000000000000e+00,4.877299084060325640e+01,1.872966389890043271e+00
6.027158731658842589e+04,9.993071733388450006e-01,7.468141315665778861e-04,0.000000000000000000e+00,4.877595954901838127e+01,1.874047896396685342e+00
6.027158777723554522e+04,1.000961319672062588e+00,7.468092291064089457e-04,0.000000000000000000e+00,4.877061737459009549e+01,1.872737355514446200e+00
6.027158823788265727e+04,1.000392067396669082e+00,7.468045766821317360e-04,0.000000000000000000e+00,4.877622047783297887e+01,1.875256590987354643e+00
6.027158869852979115e+04,1.001176901219222648e+00,7.468077350279785261e-04,0.000000000000000000e+00,4.877659776887343668e+01,1.872023283095158419e+00
6.027158915917690319e+04,1.000542751561616539e+00,7.468035546363524556e-04,0.000000000000000000e+00,4.877686798922987776e+01,1.873805919552908206e+00
6.027158961982402252e+04,9.988083154594985524e-01,7.468000698046606874e-04,0.000000000000000000e+00,4.877668081371056985e+01,1.873218190185406806e+00
6.027159008047114185e+04,9.990037265563779245e-01,7.467985523185609103e-04,0.000000000000000000e+00,4.877911663853468127e+01,1.870278155113136664e+00
6.027159054111826117e+04,1.002250997934416299e+00,7.468063519092600112e-04,0.000000000000000000e+00,4.877953409748003821e+01,1.873656247080508930e+00
6.027159100176538050e+04,1.000438236138856407e+00,7.468052364995409961e-04,0.000000000000000000e+00,4.876519016984755694e+01,1.875161567625860837e+00
6.027159146241249982e+04,9.988616640060270502e-01,7.468014664781071803e-04,0.000000000000000000e+00,4.877136704486920848e+01,1.873005708944085246e+00
6.027159192305961915e+04,1.000311711047718433e+00,7.468011826263242815e-04,0.000000000000000000e+00,4.878596383352319776e+01,1.876160594186262021e+00
6.027159238370673847e+04,1.001443912709306217e+00,7.468078132818984716e-04,0.000000000000000000e+00,4.877745796101329034e+01,1.875480075612369291e+00
6.027159284435385052e+04,1.000434048727603775e+00,7.468027287779374895e-04,0.000000000000000000e+00,4.877113013712977363e+01,1.874468372385259318e+00
6.027159330500097713e+04,9.988167734822467336e-01,7.468008977266619346e-04,0.000000000000000000e+00,4.877518393093446036e+01,1.874651846925450949e+00
6.027159376564809645e+04,9.994536754910610110e-01,7.468001440183643378e-04,0.000000000000000000e+00,4.878343790369595467e+01,1.871804149309463483e+00
6.027159422629520850e+04,1.000250027617395343e+00,7.468046356155152998e-04,0.000000000000000000e+00,4.878008012740748711e+01,1.872022565713573394e+00
6.027159468694233510e+04,9.999042986331417859e-01,7.468023205581883614e-04,0.000000000000000000e+00,4.878008774338083242e+01,1.871335360616384724e+00
6.027159514758945443e+04,9.990014278865734232e-01,7.467995997485654030e-04,0.000000000000000000e+00,4.877846073203041755e+01,1.872021962001973794e+00
6.027159560823656648e+04,1.001692360996701003e+00,7.468091166454356861e-04,0.000000000000000000e+00,4.878153670058783575e+01,1.871464087513646568e+00
6.027159606888369308e+04,9.993849284604185979e-01,7.467993087735170935e-04,0.000000000000000000e+00,4.877908749930941212e+01,1.873517943993272317e+00
6.027159652953080513e+04,9.992793416225640435e-01,7.468025348888396786e-04,0.000000000000000000e+00,4.878049829665684456e+01,1.870555642002095453e+00
6.027159699017792445e+04,9.997021272927608670e-01,7.468044870114625170e-04,0.000000000000000000e+00,4.877880486525317139e+01,1.871194115449626993e+00
6.027159745082505106e+04,1.000104578543344891e+00,7.468064650125388155e-04,0.000000000000000000e+00,4.877285745968817565e+01,1.874315941746577785e+00
6.027159791147216310e+04,9.987198434566791905e-01,7.467979253336297059e-04,0.000000000000000000e+00,4.877770099044366248e+01,1.870935755640262377e+00
6.027159837211927515e+04,1.000216942148977495e+00,7.468032844492865927e-04,0.000000000000000000e+00,4.878829982455290804e+01,1.872808373248950886e+00
6.027159883276639448e+04,9.997890457178413293e-01,7.468022473168402621e-04,0.000000000000000000e+00,4.878178106721603768e+01,1.871971335692890204e+00
6.027159929341351381e+04,9.988556209051560053e-01,7.467988612836053228e-04,0.000000000000000000e+00,4.877013262423543694e+01,1.873527558424058936e+00
6.027159975406063313e+04,1.000335024501985082e+00,7.468063342808681010e-04,0.000000000000000000e+00,4.876455301812363530e+01,1.874425196342632383e+00
6.027160021470775246e+04,9.996106655731764601e-01,7.468023670696211959e-04,0.000000000000000000e+00,4.876865976875263442e+01,1.873708442108673378e+00
6.027160067535487178e+04,9.983936675254039272e-01,7.467986222540212195e-04,0.000000000000000000e+00,4.876990822842408591e+01,1.872086663028685205e+00
6.027160113600198383e+04,1.000008367009880494e+00,7.468049540541577252e-04,0.000000000000000000e+00,4.877052888272012865e+01,1.874252807964349898e+00
6.027160159664909588e+04,9.979199394021956993e-01,7.467998323304668408e-04,0.000000000000000000e+00,4.876741087779158335e+01,1.871982024993367633e+00
6.027160205729622248e+04,9.998315679450768823e-01,7.468067113385312965e-04,0.000000000000000000e+00,4.876674874656414715e+01,1.872465960926448458e+00
6.027160251794333453e+04,1.000695230390649337e+00,7.469554925104751044e-04,0.000000000000000000e+00,4.877693444166608572e+01,1.873413669817071581e+00
6.027160297859044658e+04,9.994002894600380049e-01,7.467991326486017687e-04,0.000000000000000000e+00,4.878179118024361571e+01,1.871871786467359522e+00
6.027160343923757318e+04,9.985696088936523163e-01,7.467985069934665382e-04,0.000000000000000000e+00,4.878106540844429162e+01,1.873557443007789924e+00
6.027160389988468523e+04,9.987886101052114718e-01,7.467988128538613837e-04,0.000000000000000000e+00,4.877720809842161032e+01,1.873370503158912737e+00
6.027160436053179728e+04,1.000189353202237896e+00,7.468012891071135282e-04,0.000000000000000000e+00,4.878122434510043348e+01,1.872902825021111939e+00
6.027160482117892388e+04,1.000331317105965789e+00,7.468025629997346922e-04,0.000000000000000000e+00,4.877566589967347710e+01,1.874835792863843942e+00
6.027160528182603593e+04,1.000768866827450365e+00,7.468051174866403331e-04,0.000000000000000000e+00,4.877355278513188352e+01,1.871355585265204180e+00
6.027160574247314798e+04,9.996218089696136122e-01,7.467994597690939210e-04,0.000000000000000000e+00,4.878038581855253852e+01,1.874466785999833629e+00
6.027160620312026731e+04,1.000533132420163174e+00,7.468075183618069768e-04,0.000000000000000000e+00,4.877088551068429467e+01,1.876381273482712331e+00
6.027160666376738664e+04,1.000327762578418156e+00,7.468060918297962951e-04,0.000000000000000000e+00,4.877241615320215828e+01,1.874259137557405586e+00
6.027160712441449868e+04,1.001472047811821531e+00,7.468071413811497826e-04,0.000000000000000000e+00,4.877196966669892930e+01,1.873912482468304219e+00
6.027160758506161801e+04,9.987681127647377588e-01,7.468042367985318472e-04,0.000000000000000000e+00,4.876488091559825477e+01,1.872624351641646090e+00
6.027160804570873734e+04,9.999624093534411617e-01,7.468023739666733527e-04,0.000000000000000000e+00,4.877096128612639347e+01,1.872066383336039364e+00
6.027160850635584939e+04,9.983313739041218549e-01,7.468018187091608577e-04,0.000000000000000000e+00,4.876708138838788642e+01,1.871703594275100579e+00
6.027160896700296871e+04,1.000526746359112540e+00,7.468071638724719553e-04,0.000000000000000000e+00,4.877133971197922335e+01,1.873138188377379887e+00
6.027160942765008804e+04,1.000709535651348903e+00,7.468061000951917161e-04,0.000000000000000000e+00,4.877016348275169122e+01,1.872734636347820780e+00
6.027160988829720009e+04,1.000588554067466607e+00,7.468049906529884620e-04,0.000000000000000000e+00,4.877497310300849875e+01,1.872206741117335316e+00
6.027161034894431214e+04,1.000322139383428510e+00,7.468194429639057018e-04,0.000000000000000000e+00,4.877743775976454543e+01,1.874103438030128244e+00
6.027161080959143146e+04,9.990621617507181584e-01,7.469093591383375863e-04,0.000000000000000000e+00,4.877258674685300122e+01,1.874215837373107929e+00
6.027161127023854351e+04,9.994407857207170398e-01,7.469113031788884123e-04,0.000000000000000000e+00,4.878582656245191629e+01,1.872823962261185748e+00
6.027161173088565556e+04,1.000125660120717797e+00,7.469166130971065330e-04,0.000000000000000000e+00,4.877980281100450100e+01,1.876263100105158177e+00
6.027161219153278216e+04,9.990027609034791700e-01,7.469106087484913290e-04,0.000000000000000000e+00,4.877531964406610143e+01,1.868975544475558026e+00
6.027161265217989421e+04,9.993477763385831825e-01,7.469104844937232875e-04,0.000000000000000000e+00,4.876991900256929569e+01,1.874063530482900530e+00
6.027161311282699899e+04,1.000175042747355247e+00,7.469155333973274058e-04,0.000000000000000000e+00,4.876609361320942071e+01,1.871241238287445263e+00
6.027161357347412559e+04,9.993811197413380309e-01,7.469127929120323315e-04,0.000000000000000000e+00,4.877249913245123025e+01,1.870946180909768275e+00
6.027161403412123764e+04,1.000361606088760125e+00,7.469140079672031756e-04,0.000000000000000000e+00,4.877332728552568142e+01,1.873733834722612901e+00
6.027161449476834969e+04,9.992429436353449379e-01,7.469087516719259950e-04,0.000000000000000000e+00,4.877550096421600756e+01,1.874981595361087772e+00
6.027161495541546174e+04,1.000642941207052772e+00,7.469157030512173006e-04,0.000000000000000000e+00,4.877362400695912470e+01,1.874312186841057715e+00
6.027161541606258106e+04,1.000452334374431818e+00,7.469166670809215640e-04,0.000000000000000000e+00,4.876712688765947235e+01,1.872940310838242750e+00
6.027161587670969311e+04,9.993575742956708474e-01,7.469107138075026242e-04,0.000000000000000000e+00,4.876898089000746239e+01,1.874771011798934461e+00
6.027161633735681244e+04,1.000907581245746858e+00,7.469185474430782351e-04,0.000000000000000000e+00,4.877464744582940170e+01,1.874724707097932042e+00
6.027161679800392449e+04,9.999830187126834691e-01,7.469162457469464764e-04,0.000000000000000000e+00,4.877401923601414069e+01,1.873543111137488060e+00
6.027161725865103654e+04,1.000479015055508292e+00,7.469148217414648024e-04,0.000000000000000000e+00,4.877314370775734176e+01,1.872373197997135197e+00
6.027161771929814859e+04,9.994889879103782127e-01,7.469112594805316302e-04,0.000000000000000000e+00,4.877127249611366722e+01,1.874185471605188225e+00
6.027161817994526791e+04,1.000475188416365402e+00,7.470014837647513065e-04,0.000000000000000000e+00,4.877010010964843190e+01,1.874283567026786335e+00
6.027161864059237996e+04,1.000913988119801701e+00,7.469148974549134424e-04,0.000000000000000000e+00,4.877115470166326361e+01,1.875142210460105652e+00
6.027161910123948473e+04,1.000122753411441412e+00,7.469145160469751153e-04,0.000000000000000000e+00,4.876934912093842200e+01,1.874906811280013796e+00
6.027161956188661134e+04,1.001950583510353487e+00,7.469200302177792178e-04,0.000000000000000000e+00,4.876728139873759460e+01,1.873615073603982495e+00
6.027162002253372339e+04,9.993389855235365049e-01,7.469157888411574481e-04,0.000000000000000000e+00,4.877213775887049252e+01,1.871875920419031392e+00
6.027162048318082816e+04,9.991620145837223355e-01,7.469111341298521412e-04,0.000000000000000000e+00,4.876918930613218350e+01,1.873597793104760267e+00
6.027162094382795476e+04,9.994109834120150637e-01,7.469129275226872025e-04,0.000000000000000000e+00,4.877250463878809228e+01,1.870826690552104710e+00
6.027162140447505953e+04,1.000479591932793122e+00,7.469144538161479616e-04,0.000000000000000000e+00,4.877718237436504012e+01,1.875924134522294118e+00
6.027162186512217158e+04,9.993347261600067366e-01,7.469099752967515906e-04,0.000000000000000000e+00,4.878475490210558263e+01,1.872186372838826385e+00
6.027162232576929091e+04,1.000414328830917965e+00,7.469144116940960214e-04,0.000000000000000000e+00,4.877736376561128395e+01,1.875620252348568995e+00
6.027162278641640296e+04,9.999981690032143655e-01,7.469167140504008682e-04,0.000000000000000000e+00,4.876765279652238405e+01,1.873147158630765530e+00
6.027162324706350773e+04,1.001969380955828548e+00,7.469194618683253463e-04,0.000000000000000000e+00,4.877880214294239636e+01,1.873109364362387952e+00
6.027162370771062706e+04,1.000082588789951155e+00,7.469130308209059226e-04,0.000000000000000000e+00,4.877602364211317365e+01,1.874153661194349896e+00
6.027162416835773911e+04,9.995800997579764591e-01,7.469136130815824453e-04,0.000000000000000000e+00,4.876876765746706610e+01,1.875377787934065843e+00
6.027162462900485116e+04,9.990005718951724401e-01,7.469099224136612142e-04,0.000000000000000000e+00,4.877936270621578529e+01,1.875837447578309725e+00
6.027162508965196321e+04,9.991824753466548303e-01,7.469115690049436991e-04,0.000000000000000000e+00,4.878011619701959489e+01,1.872392490656112685e+00
6.027162555029908253e+04,9.994051969177998318e-01,7.469124114326678495e-04,0.000000000000000000e+00,4.877727766951879573e+01,1.873108896976484417e+00
6.027162601094618731e+04,9.988534630814244197e-01,7.469127026377355046e-04,0.000000000000000000e+00,4.877182318852812415e+01,1.873733681670919582e+00
6.027162647159329936e+04,1.000120564078496033e+00,7.469145836860725633e-04,0.000000000000000000e+00,4.877938855389594153e+01,1.874772305679848206e+00
6.027162693224041868e+04,1.001103432748016386e+00,7.469175259016789126e-04,0.000000000000000000e+00,4.877699043927825784e+01,1.874334972766451557e+00
6.027162739288752346e+04,1.000707276828555203e+00,7.469151463352289959e-04,0.000000000000000000e+00,4.877659046367630680e+01,1.872849976067633593e+00
6.027162785353463551e+04,1.000964884190302717e+00,7.469175072075710190e-04,0.000000000000000000e+00,4.878172411997360314e+01,1.874965699504423933e+00
6.027162831418175483e+04,9.978934199406407357e-01,7.469063074647554592e-04,0.000000000000000000e+00,4.877750570181443379e+01,1.872971911060164585e+00
6.027162877482886688e+04,1.001112478836454045e+00,7.469158539678173725e-04,0.000000000000000000e+00,4.877099951900821395e+01,1.876268118362586446e+00
6.027162923547597165e+04,9.996462917330752873e-01,7.469134463302743712e-04,0.000000000000000000e+00,4.877408264784520497e+01,1.873226131918624304e+00
6.027162969612309098e+04,1.001012963631478181e+00,7.469175776533907695e-04,0.000000000000000000e+00,4.877654102093846689e+01,1.875726670368157656e+00
6.027163015677020303e+04,9.999520137068058645e-01,7.469158253321730610e-04,0.000000000000000000e+00,4.876683347122872192e+01,1.873791801049789596e+00
6.027163061741730780e+04,1.000832650404810176e+00,7.469168121746878842e-04,0.000000000000000000e+00,4.877653158617474816e+01,1.872707816350515753e+00
6.027163107806441985e+04,1.002046033239571754e+00,7.469211843168738294e-04,0.000000000000000000e+00,4.877901275052784058e+01,1.874549739489159483e+00
6.027163153871153190e+04,1.001044720806764765e+00,7.469148646809208297e-04,0.000000000000000000e+00,4.878092637317146085e+01,1.876195973599448452e+00
6.027163199935864395e+04,1.000264489774484122e+00,7.469160524064125724e-04,0.000000000000000000e+00,4.878181993367168445e+01,1.874981361254903112e+00
6.027163246000575600e+04,1.002006755758935830e+00,7.469206502989784958e-04,0.000000000000000000e+00,4.878255393345507684e+01,1.874051757278695884e+00
6.027163292065286805e+04,1.002293402097241604e+00,7.469208187000775509e-04,0.000000000000000000e+00,4.878391763354042610e+01,1.874466276597019476e+00
6.027163338129997283e+04,1.003017303840216146e+00,7.469224567189428456e-04,0.000000000000000000e+00,4.877898248533035286e+01,1.874364279793092392e+00
6.027163384194709215e+04,1.000779025531404631e+00,7.469657470763042904e-04,0.000000000000000000e+00,4.878216171593819439e+01,1.874431423647736850e+00
6.027163430259420420e+04,1.000367266355064233e+00,7.469646457825407501e-04,0.000000000000000000e+00,4.878562725702646219e+01,1.873978842125034072e+00
6.027163476324130897e+04,1.000449222378806624e+00,7.469623391530645683e-04,0.000000000000000000e+00,4.878005121957518497e+01,1.875210606698998417e+00
6.027163522388841375e+04,1.001186110343039282e+00,7.469665863606087799e-04,0.000000000000000000e+00,4.878115144629940403e+01,1.874173573933401338e+00
6.027163568453553307e+04,1.000333722260266622e+00,7.469617396761223061e-04,0.000000000000000000e+00,4.878112620462636073e+01,1.876205853256170730e+00
6.027163614518264512e+04,1.001071585236980477e+00,7.469647207300962903e-04,0.000000000000000000e+00,4.877326704755235198e+01,1.873770495223288313e+00
6.027163660582974990e+04,1.000103150790966566e+00,7.469627892815213204e-04,0.000000000000000000e+00,4.877611519408409890e+01,1.876307776152326356e+00
6.027163706647686922e+04,1.000216360567478535e+00,7.469623206137807449e-04,0.000000000000000000e+00,4.877912420416514294e+01,1.871088247332249876e+00
6.027163752712397400e+04,9.992946969867935181e-01,7.469611280059583512e-04,0.000000000000000000e+00,4.878106808736617950e+01,1.872245239558352425e+00
6.027163798777107877e+04,1.000117330691926432e+00,7.469610690573093292e-04,0.000000000000000000e+00,4.878032889224824942e+01,1.873877777920071930e+00
6.027163844841819810e+04,1.001158369256969216e+00,7.469656589262799011e-04,0.000000000000000000e+00,4.877335020345093142e+01,1.874107989666034868e+00
6.027163890906530287e+04,1.000283292655042455e+00,7.469648337862504640e-04,0.000000000000000000e+00,4.878189267610406432e+01,1.872915599336142822e+00
6.027163936971240764e+04,9.994873030774301670e-01,7.469588320558364887e-04,0.000000000000000000e+00,4.878167058032529013e+01,1.870827463909627175e+00
6.027163983035951969e+04,9.994295449047708724e-01,7.469596251399950558e-04,0.000000000000000000e+00,4.877406257845649407e+01,1.872431031026819737e+00
6.027164029100663174e+04,9.993178141295875339e-01,7.469593020166814682e-04,0.000000000000000000e+00,4.877335168482791516e+01,1.872507388908644765e+00
6.027164075165373652e+04,1.000576465999688081e+00,7.469626674298880447e-04,0.000000000000000000e+00,4.877943943979028774e+01,1.872930873597818957e+00
6.027164121230084857e+04,1.001166389064346962e+00,7.469643037185535886e-04,0.000000000000000000e+00,4.878029140935063879e+01,1.875710594819369748e+00
6.027164167294796061e+04,1.000262990168167443e+00,7.469618633805524691e-04,0.000000000000000000e+00,4.878736921665417725e+01,1.871562115961926231e+00
6.027164213359506539e+04,9.996365157031685822e-01,7.469605282908942838e-04,0.000000000000000000e+00,4.878057723652121780e+01,1.875252390267911462e+00
6.027164259424217016e+04,1.000036792718604906e+00,7.469602623929969421e-04,0.000000000000000000e+00,4.877951367146781081e+01,1.872127832028015249e+00
6.027164305488928949e+04,9.993070383690003666e-01,7.469627660424048516e-04,0.000000000000000000e+00,4.878575861745487430e+01,1.870803685706989627e+00
6.027164351553639426e+04,9.997978792743945631e-01,7.475231568361633515e-04,0.000000000000000000e+00,4.878142649411528708e+01,1.873102717988235355e+00
6.027164397618349903e+04,9.997667901432706339e-01,7.469602516262357616e-04,0.000000000000000000e+00,4.877836164662605256e+01,1.875005414273484217e+00
6.027164443683061836e+04,9.994153294522368780e-01,7.474413855464596143e-04,0.000000000000000000e+00,4.877561279262626215e+01,1.874529917592435480e+00
6.027164489747772313e+04,9.965493132670973919e-01,7.506368251276304476e-04,0.000000000000000000e+00,4.877774042589362580e+01,1.879912603720966580e+00
6.027164535812482791e+04,1.000126489044849798e+00,7.469634286748459565e-04,0.000000000000000000e+00,4.877626133681883402e+01,1.874017292824898151e+00
6.027164581877194723e+04,9.994847831142170680e-01,7.469639317966954772e-04,0.000000000000000000e+00,4.877620173257469105e+01,1.873023394404249586e+00
6.027164627941905201e+04,1.000276776028630632e+00,7.469627370767994382e-04,0.000000000000000000e+00,4.877968433034401130e+01,1.873214643871673246e+00
6.027164674006615678e+04,9.998707685969627779e-01,7.470259667700826197e-04,0.000000000000000000e+00,4.877208875711293956e+01,1.872025883207528274e+00
6.027164720071327611e+04,9.999431034133541285e-01,7.469611107548717243e-04,0.000000000000000000e+00,4.877816869510905207e+01,1.874140285766346281e+00
6.027164766136037360e+04,9.992160334429033286e-01,7.469568988620221492e-04,0.000000000000000000e+00,4.878944135570031904e+01,1.874592465993633494e+00
6.027164812200747838e+04,9.991122626161917930e-01,7.472060420665145933e-04,0.000000000000000000e+00,4.878551590981551556e+01,1.874180049503435086e+00
6.027164858265459043e+04,9.999468244239375636e-01,7.469613576961745254e-04,0.000000000000000000e+00,4.877721427574806512e+01,1.875637523636140447e+00
6.027164904330170248e+04,9.994111551718442010e-01,7.469611889573674187e-04,0.000000000000000000e+00,4.877716768431675831e+01,1.873897146535856262e+00
6.027164950394880725e+04,1.000125029502406893e+00,7.469639326576013334e-04,0.000000000000000000e+00,4.877554304443415845e+01,1.872182983330710426e+00
6.027164996459591202e+04,9.997662499640431744e-01,7.469738313896969470e-04,0.000000000000000000e+00,4.877216380239893567e+01,1.873341531345623201e+00
6.027165042524302407e+04,9.993513428799345455e-01,7.469582649525920246e-04,0.000000000000000000e+00,4.877855706226888799e+01,1.873661942819641490e+00
6.027165088589012885e+04,9.996850617616522827e-01,7.469647094737868207e-04,0.000000000000000000e+00,4.877320635994668407e+01,1.873048133638569812e+00
6.027165134653723362e+04,1.000621683413458696e+00,7.475183588373163820e-04,0.000000000000000000e+00,4.877496872173977494e+01,1.873039884393769894e+00
6.027165180718434567e+04,1.000523886468621670e+00,7.469630904333288048e-04,0.000000000000000000e+00,4.877178130791982369e+01,1.876039279250163228e+00
6.027165226783145044e+04,1.000069742450886867e+00,7.469618641748194650e-04,0.000000000000000000e+00,4.876980240982634029e+01,1.874469380863275303e+00
6.027165272847855522e+04,9.990541110407932246e-01,7.469602503969067315e-04,0.000000000000000000e+00,4.877806889478067376e+01,1.873690820095574194e+00
6.027165318912566727e+04,9.997327684105586920e-01,7.469611752593448848e-04,0.000000000000000000e+00,4.877775641166932985e+01,1.873444793998602753e+00
6.027165364977277204e+04,9.986686845240301258e-01,7.469581641308097866e-04,0.000000000000000000e+00,4.877724316341382860e+01,1.871219893385761113e+00
6.027165411041987682e+04,1.000341034394492734e+00,7.469612069239563558e-04,0.000000000000000000e+00,4.878372672319939340e+01,1.873811172848539375e+00
6.027165457106698886e+04,1.000120906279062583e+00,7.469598848710813036e-04,0.000000000000000000e+00,4.878817998866334449e+01,1.874302389863607976e+00
6.027165503171409364e+04,9.994596622348980164e-01,7.469635452681492194e-04,0.000000000000000000e+00,4.877998443106388748e+01,1.871923367381627124e+00
6.027165549236119841e+04,1.000872409584651734e+00,7.469628911666437296e-04,0.000000000000000000e+00,4.878459958140771136e+01,1.871317118185428230e+00
6.027165595300831046e+04,9.993051211390266975e-01,7.469595914492762213e-04,0.000000000000000000e+00,4.877549532822985867e+01,1.871996910175017792e+00
6.027165641365541524e+04,1.000278434369568092e+00,7.469620963019152219e-04,0.000000000000000000e+00,4.878300457551913638e+01,1.874168529682806783e+00
6.027165687430252001e+04,1.002178703003106186e+00,7.470528128073382563e-04,0.000000000000000000e+00,4.877901086338454917e+01,1.875153210278125648e+00
6.027165733494962478e+04,1.001717425957701080e+00,7.470532101717886281e-04,0.000000000000000000e+00,4.877445560915693079e+01,1.872682992919564970e+00
6.027165779559673683e+04,1.001027656042129843e+00,7.470522422157419322e-04,0.000000000000000000e+00,4.877110479959757328e+01,1.874510846937779585e+00
6.027165825624383433e+04,1.000180873565291728e+00,7.470504086681799966e-04,0.000000000000000000e+00,4.876815945030800492e+01,1.873383443813336102e+00
6.027165871689094638e+04,9.995567989420405253e-01,7.470858298492252325e-04,0.000000000000000000e+00,4.876746614841299277e+01,1.875631955810530327e+00
6.027165917753805115e+04,9.995712262716629493e-01,7.470479161519213941e-04,0.000000000000000000e+00,4.877508257136098280e+01,1.871279714468921052e+00
6.027165963818515593e+04,9.998605553943188395e-01,7.470477814989101052e-04,0.000000000000000000e+00,4.877866166573072348e+01,1.868679985766911411e+00
6.027166009883225342e+04,1.000795546213972598e+00,7.470504154165323075e-04,0.000000000000000000e+00,4.877767330224317988e+01,1.872127798380567310e+00
6.027166055947937275e+04,1.000274180524028722e+00,7.470820407431151946e-04,0.000000000000000000e+00,4.877320306423489171e+01,1.871358819536900642e+00
6.027166102012647025e+04,9.996532901883381506e-01,7.470475768567878469e-04,0.000000000000000000e+00,4.877959361937718086e+01,1.873669552804106297e+00
6.027166148077357502e+04,1.000825756744320172e+00,7.470503196819380104e-04,0.000000000000000000e+00,4.878893623092707088e+01,1.872708318048046383e+00
6.027166194142068707e+04,1.000059982952530957e+00,7.470479670582719266e-04,0.000000000000000000e+00,4.878517171662437590e+01,1.870563853321320025e+00
6.027166240206779185e+04,1.001349204876157417e+00,7.470520902848284441e-04,0.000000000000000000e+00,4.878536140700407486e+01,1.872440214619204069e+00
6.027166286271488934e+04,1.000922226065511733e+00,7.470533311627000368e-04,0.000000000000000000e+00,4.877942017780193140e+01,1.871087156174743971e+00
6.027166332336200867e+04,1.000121675244944663e+00,7.470478036067692684e-04,0.000000000000000000e+00,4.877508017178537614e+01,1.874876699258057000e+00
6.027166378400910617e+04,1.000857959055517776e+00,7.470510760072528872e-04,0.000000000000000000e+00,4.878142163575923007e+01,1.873141150553765177e+00
6.027166424465620366e+04,9.995294898868727351e-01,7.470439049028722214e-04,0.000000000000000000e+00,4.878262708498329658e+01,1.872570598560314270e+00
6.027166470530331571e+04,9.990216196041520336e-01,7.470460726004686221e-04,0.000000000000000000e+00,4.877963490612404485e+01,1.874859984976243732e+00
6.027166516595042049e+04,1.001786532810543529e+00,7.470586494796435575e-04,0.000000000000000000e+00,4.877701608587955207e+01,1.871965127959590358e+00
6.027166562659751798e+04,9.989213868751922742e-01,7.470427487818704455e-04,0.000000000000000000e+00,4.877977438125838461e+01,1.872710392598150531e+00
6.027166608724463003e+04,9.997784084889395073e-01,7.487639893048518526e-04,0.000000000000000000e+00,4.878103963570340795e+01,1.873027443612939935e+00
6.027166654789173481e+04,1.000645576982031937e+00,7.470508036578510673e-04,0.000000000000000000e+00,4.878242342817311794e+01,1.875729009766762934e+00
6.027166700853883231e+04,9.997562268068850289e-01,7.470448337204302434e-04,0.000000000000000000e+00,4.878245551776745970e+01,1.874151568125474343e+00
6.027166746918593708e+04,9.992860177363845908e-01,7.470445457921455132e-04,0.000000000000000000e+00,4.877944999206546584e+01,1.872318609285181568e+00
6.027166792983304913e+04,1.000152449936002386e+00,7.470474491050488634e-04,0.000000000000000000e+00,4.878869759144120621e+01,1.871324809818331936e+00
6.027166839048014663e+04,1.002003541349504978e+00,7.470557758625710710e-04,0.000000000000000000e+00,4.877649937031100080e+01,1.875424495046784212e+00
6.027166885112725140e+04,1.000532600896841373e+00,7.470503215831437657e-04,0.000000000000000000e+00,4.877805770671263730e+01,1.872903157464429924e+00
6.027166931177436345e+04,9.995324342852176525e-01,7.470473123286911540e-04,0.000000000000000000e+00,4.878036213595353843e+01,1.872154468174878295e+00
6.027166977242146095e+04,1.000133635633589257e+00,7.470471922336011398e-04,0.000000000000000000e+00,4.878230018997329864e+01,1.874628365935776753e+00
6.027167023306855845e+04,9.995878584185287075e-01,7.470442193418850262e-04,0.000000000000000000e+00,4.878492302573418016e+01,1.872584567315850324e+00
6.027167069371567777e+04,9.997032136147702142e-01,7.470447982796501584e-04,0.000000000000000000e+00,4.879336436879571437e+01,1.872568869340148323e+00
6.027167115436277527e+04,9.996170016985714835e-01,7.470479134276281638e-04,0.000000000000000000e+00,4.878655881856962395e+01,1.874992059921420928e+00
6.027167161500987277e+04,1.000503239443092829e+00,7.470503589922510446e-04,0.000000000000000000e+00,4.878844289909732623e+01,1.872633695405366172e+00
6.027167207565698482e+04,1.000901845241088717e+00,7.470536336433006080e-04,0.000000000000000000e+00,4.877186640911793347e+01,1.874482888814991144e+00
6.027167253630408231e+04,9.990953930743112776e-01,7.470491950361628480e-04,0.000000000000000000e+00,4.877691020973674085e+01,1.871697346591302935e+00
6.027167299695117981e+04,1.001804796875584547e+00,7.470538995606501630e-04,0.000000000000000000e+00,4.878493041214085224e+01,1.874124099738943894e+00
6.027167345759829186e+04,1.002569847568053341e+00,7.470578405882076284e-04,0.000000000000000000e+00,4.877281523253255102e+01,1.873472137172880414e+00
6.027167391824539664e+04,9.999766219657539867e-01,7.470505223580121762e-04,0.000000000000000000e+00,4.876913124171187519e+01,1.873110884712607671e+00
6.027167437889249413e+04,9.989115919972199054e-01,7.470450156965979934e-04,0.000000000000000000e+00,4.877490096073381665e+01,1.873435076179367886e+00
6.027167483953959891e+04,9.988201121227494594e-01,7.470442230233350278e-04,0.000000000000000000e+00,4.877800881480363415e+01,1.874229044995833648e+00
6.027167530018670368e+04,1.001943118599753824e+00,7.470561719834852444e-04,0.000000000000000000e+00,4.878241692381279648e+01,1.874876345938230493e+00
6.027167576083380118e+04,9.993800831875329083e-01,7.470423983118951389e-04,0.000000000000000000e+00,4.877808541056732139e+01,1.873326519090644515e+00
6.027167622148089868e+04,1.000104209084344165e+00,7.470496058996587427e-04,0.000000000000000000e+00,4.877968881578861726e+01,1.874218209605409635e+00
6.027167668212801073e+04,9.995625893315832622e-01,7.470437057146046703e-04,0.000000000000000000e+00,4.878331489658717146e+01,1.876012732345106793e+00
6.027167714277510822e+04,1.000779907074976549e+00,7.470519301413739571e-04,0.000000000000000000e+00,4.879019287949237338e+01,1.872318868273268544e+00
6.027167760342220572e+04,1.000943992264331728e+00,7.498205492885134374e-04,0.000000000000000000e+00,4.878718535059017114e+01,1.877515572594396609e+00
6.027167806406931777e+04,9.996346745793960320e-01,7.470483167507224872e-04,0.000000000000000000e+00,4.878079923429040576e+01,1.874415248997691741e+00
6.027167852471641527e+04,9.987949376873493934e-01,7.470490148723707598e-04,0.000000000000000000e+00,4.877177046636772673e+01,1.871093094342828778e+00
6.027167898536351277e+04,1.002774372378498979e+00,7.470583264616913275e-04,0.000000000000000000e+00,4.877673989063779914e+01,1.872526912683398992e+00
6.027167944601062482e+04,1.000384050415689341e+00,7.470473089886911109e-04,0.000000000000000000e+00,4.877573412933129759e+01,1.874525916659629310e+00
6.027167990665772231e+04,1.000455634220261292e+00,7.470406059931326576e-04,0.000000000000000000e+00,4.877532027847346541e+01,1.876043951863646031e+00
6.027168036730481981e+04,1.001145399332876051e+00,7.470439159875227799e-04,0.000000000000000000e+00,4.877745922363712339e+01,1.873365530278558788e+00
6.027168082795193186e+04,1.000860905038422732e+00,7.470457105791047806e-04,0.000000000000000000e+00,4.877344609908016082e+01,1.871141066586006207e+00
6.027168128859902936e+04,1.002208394377800182e+00,7.470506082624331226e-04,0.000000000000000000e+00,4.876970959006029460e+01,1.874753169389274943e+00
6.027168174924612686e+04,1.000870966811188811e+00,7.470451462609076828e-04,0.000000000000000000e+00,4.877308137738370419e+01,1.873839836608299336e+00
6.027168220989323163e+04,9.996517056930761536e-01,7.470388506355456161e-04,0.000000000000000000e+00,4.877164956839109777e+01,1.873809225546815282e+00
6.027168267054033640e+04,1.000172655119032417e+00,7.470413019711547248e-04,0.000000000000000000e+00,4.877521173177512992e+01,1.875924991945975062e+00
6.027168313118743390e+04,9.990041145796032529e-01,7.470385779415094274e-04,0.000000000000000000e+00,4.877812489547077490e+01,1.871392987110937156e+00
6.027168359183453867e+04,9.992410305477252841e-01,7.470403143593670183e-04,0.000000000000000000e+00,4.876993502550932646e+01,1.874207464642403398e+00
6.027168405248163617e+04,1.000141147805555075e+00,7.470422017806886824e-04,0.000000000000000000e+00,4.877689667176893806e+01,1.872282999240733270e+00
6.027168451312873367e+04,1.000936315409500788e+00,7.470437641722186368e-04,0.000000000000000000e+00,4.877354229701789023e+01,1.874647795357223590e+00
6.027168497377583117e+04,9.995631005617490183e-01,7.470417130243158519e-04,0.000000000000000000e+00,4.877260178290303827e+01,1.874230051432266064e+00
6.027168543442294322e+04,9.984005021055847306e-01,7.470346740497546415e-04,0.000000000000000000e+00,4.877480537433068264e+01,1.871160175262463810e+00
6.027168589507004071e+04,1.000485926368270606e+00,7.470460049706865308e-04,0.000000000000000000e+00,4.877451256328933482e+01,1.874833249640457833e+00
6.027168635571713821e+04,1.000589733887481625e+00,7.470429229525990663e-04,0.000000000000000000e+00,4.877452580553293160e+01,1.872301516854244063e+00
6.027168681636424299e+04,9.990382532682272609e-01,7.470367294681081729e-04,0.000000000000000000e+00,4.877103511499186084e+01,1.874828522418864996e+00
6.027168727701134048e+04,9.985896386501879052e-01,7.470382279594700928e-04,0.000000000000000000e+00,4.877277878666957633e+01,1.873236558257460826e+00
6.027168773765843798e+04,9.992285171462595983e-01,7.470431466713017008e-04,0.000000000000000000e+00,4.877286845471410714e+01,1.873900450478691138e+00
6.027168819830555003e+04,9.994408223022093196e-01,7.470397571718353363e-04,0.000000000000000000e+00,4.877131740316205821e+01,1.874364993150234193e+00
6.027168865895264025e+04,9.985422265069994197e-01,7.470394456351874034e-04,0.000000000000000000e+00,4.876173986003350791e+01,1.873099634144820946e+00
6.027168911959973775e+04,1.000647980695199335e+00,7.470454780451499070e-04,0.000000000000000000e+00,4.877112615813561547e+01,1.874148550865351703e+00
6.027168958024684252e+04,1.001264256538965780e+00,7.470640297328114566e-04,0.000000000000000000e+00,4.876976666376486946e+01,1.874637723409671164e+00
6.027169004089394002e+04,1.001046835995273776e+00,7.470451763685442273e-04,0.000000000000000000e+00,4.876517011747872488e+01,1.875277598632632214e+00
6.027169050154103752e+04,9.996154761893518703e-01,7.470427646054668934e-04,0.000000000000000000e+00,4.877239875262396396e+01,1.873009037400146015e+00
6.027169096218814229e+04,9.997687076804693262e-01,7.470402747096092574e-04,0.000000000000000000e+00,4.877442574466107317e+01,1.872357376388070538e+00
6.027169142283523979e+04,1.000407010579183353e+00,7.472322725540254821e-04,0.000000000000000000e+00,4.877465644182555593e+01,1.871088906908588756e+00
6.027169188348233729e+04,1.000458403283265074e+00,7.501412787085658422e-04,0.000000000000000000e+00,4.877271382657714582e+01,1.876451103502711604e+00
6.027169234412944206e+04,9.993511806954511467e-01,7.471260812717320492e-04,0.000000000000000000e+00,4.877376588477493868e+01,1.874898849041881643e+00
6.027169280477653956e+04,1.000848249736398854e+00,7.470435435434063251e-04,0.000000000000000000e+00,4.877563200421648304e+01,1.874835949479144670e+00
6.027169326542363706e+04,1.000141210854533336e+00,7.470430612306159244e-04,0.000000000000000000e+00,4.877841102307905885e+01,1.873216237263820361e+00
6.027169372607073456e+04,1.000475907479888349e+00,7.470434447171916438e-04,0.000000000000000000e+00,4.877976412583623755e+01,1.873087247871046523e+00
6.027169418671783933e+04,9.999973181530810162e-01,7.470450062478655069e-04,0.000000000000000000e+00,4.876956567352635830e+01,1.872623067618153225e+00
6.027169464736493683e+04,1.001758700372339383e+00,7.470478171069087512e-04,0.000000000000000000e+00,4.876820811181592319e+01,1.873906509515683050e+00
6.027169510801202705e+04,9.992633699078918852e-01,7.470419572651257204e-04,0.000000000000000000e+00,4.876603988775037379e+01,1.873363946243763900e+00
6.027169556865913910e+04,1.001062522163173041e+00,7.470474802893286312e-04,0.000000000000000000e+00,4.876461349080290120e+01,1.874826278578514582e+00
6.027169602930622932e+04,1.000889539587460408e+00,7.470462392208494177e-04,0.000000000000000000e+00,4.876195702440824675e+01,1.872459378651921469e+00
6.027169648995332682e+04,1.001699868815467687e+00,7.470473434995492578e-04,0.000000000000000000e+00,4.876849006180744084e+01,1.873077094088340333e+00
6.027169695060043159e+04,1.000245523853478868e+00,7.473858006280963053e-04,0.000000000000000000e+00,4.876842760146232791e+01,1.876727740620294460e+00
6.027169741124752909e+04,1.000481181280960197e+00,7.470455210293087825e-04,0.000000000000000000e+00,4.876767304972984363e+01,1.873285748274314821e+00
6.027169787189461931e+04,1.000964286343271059e+00,7.470487460513921532e-04,0.000000000000000000e+00,4.876652699675075553e+01,1.873797528206760488e+00
6.027169833254172408e+04,1.002169093190127036e+00,7.470472624094431652e-04,0.000000000000000000e+00,4.876870648320648627e+01,1.873301258935866631e+00
6.027169879318882158e+04,1.000739825098060587e+00,7.470453869936878556e-04,0.000000000000000000e+00,4.877514505166752201e+01,1.870922273653281342e+00
6.027169925383591908e+04,1.001190084248497536e+00,7.470468649773624303e-04,0.000000000000000000e+00,4.877313285182228952e+01,1.873571807422742985e+00
6.027169971448301658e+04,1.000786280822934415e+00,7.470485948038332966e-04,0.000000000000000000e+00,4.876626058324013258e+01,1.872739330125526847e+00
6.027170017513012135e+04,1.000644304740029966e+00,7.470435350642780099e-04,0.000000000000000000e+00,4.877227345862658581e+01,1.872365471318689911e+00
6.027170063577721157e+04,1.000830409976164237e+00,7.470438254123198431e-04,0.000000000000000000e+00,4.877132418443961370e+01,1.873962791279096152e+00
6.027170109642430180e+04,1.000808943233314485e+00,7.470480206617758322e-04,0.000000000000000000e+00,4.877246309797307333e+01,1.872263568985081061e+00
6.027170155707141384e+04,9.992093106598773922e-01,7.470382384937043849e-04,0.000000000000000000e+00,4.877934008234264240e+01,1.872246301577695782e+00
6.027170201771850407e+04,1.000214192240453048e+00,7.470425440604815158e-04,0.000000000000000000e+00,4.876924307263855951e+01,1.870953601408551048e+00
6.027170247836560156e+04,1.000244987373149819e+00,7.470409946638377615e-04,0.000000000000000000e+00,4.876700312146485317e+01,1.877134472997747050e+00
6.027170293901270634e+04,9.992294537415056244e-01,7.470748392566731871e-04,0.000000000000000000e+00,4.877211429915125507e+01,1.872987692730422760e+00
6.027170339965979656e+04,1.000264092687497719e+00,7.470817862786283863e-04,0.000000000000000000e+00,4.876722746655836005e+01,1.873832867909783539e+00
6.027170386030689406e+04,9.996195435526344930e-01,7.470829238733835446e-04,0.000000000000000000e+00,4.876353548214666489e+01,1.869622628874919590e+00
6.027170432095399883e+04,1.000977905682952640e+00,7.487272633328374448e-04,0.000000000000000000e+00,4.877852983226394201e+01,1.871642941017261474e+00
6.027170478160108905e+04,9.997872008330945803e-01,7.470773794429032754e-04,0.000000000000000000e+00,4.877663598587619731e+01,1.870112087582745497e+00
6.027170524224817927e+04,1.001388153852790452e+00,7.470823698561569184e-04,0.000000000000000000e+00,4.877519587412926683e+01,1.872174938899652252e+00
6.027170570289529132e+04,9.983661804266714679e-01,7.486840072301770722e-04,0.000000000000000000e+00,4.877020046029392120e+01,1.874442953848094007e+00
6.027170616354238155e+04,1.000907793647212607e+00,7.474060707830274897e-04,0.000000000000000000e+00,4.878036900154199174e+01,1.872095477094072757e+00
6.027170662418947177e+04,9.979221327582267209e-01,7.470726186182562222e-04,0.000000000000000000e+00,4.878420245904408148e+01,1.872805390193744701e+00
6.027170708483656927e+04,1.000508506249921714e+00,7.470803036526699669e-04,0.000000000000000000e+00,4.877752840481694818e+01,1.875111851067695401e+00
6.027170754548367404e+04,1.001768269772917996e+00,7.470839508025609813e-04,0.000000000000000000e+00,4.877766584788587068e+01,1.873931798379569136e+00
6.027170800613076426e+04,1.000605997255185509e+00,7.472792841805158152e-04,0.000000000000000000e+00,4.877826059100928546e+01,1.873339915980950066e+00
6.027170846677786176e+04,9.999546884629469945e-01,7.470825272132055337e-04,0.000000000000000000e+00,4.877687967795793611e+01,1.872347985047385643e+00
6.027170892742495926e+04,1.003061947770161000e+00,7.502429021511648928e-04,0.000000000000000000e+00,4.877802886080929312e+01,1.872347924110006501e+00
6.027170938807204948e+04,1.000011706524545518e+00,7.470784749284897427e-04,0.000000000000000000e+00,4.878388532670781785e+01,1.875056733046360335e+00
6.027170984871914698e+04,1.001039489334500487e+00,7.470825499708064589e-04,0.000000000000000000e+00,4.878408101806740405e+01,1.873949359710348261e+00
6.027171030936625175e+04,1.000677252985261445e+00,7.470780676305879570e-04,0.000000000000000000e+00,4.878668676758151435e+01,1.873030263123754091e+00
6.027171077001334197e+04,1.002181783805394799e+00,7.470880660560115993e-04,0.000000000000000000e+00,4.878195390173113566e+01,1.871905331110988557e+00
6.027171123066043219e+04,1.002198217921610013e+00,7.470875182678807713e-04,0.000000000000000000e+00,4.877557199895678508e+01,1.874887371475562725e+00
6.027171169130753697e+04,1.000489561261862947e+00,7.470783632554483774e-04,0.000000000000000000e+00,4.877376939692116053e+01,1.874463237258144455e+00
6.027171215195462719e+04,1.000082203632342681e+00,7.470782553216856470e-04,0.000000000000000000e+00,4.876888240872970925e+01,1.875954082240642640e+00
6.027171261260171741e+04,9.991430848528253250e-01,7.470794652752781517e-04,0.000000000000000000e+00,4.876995401324486323e+01,1.872031754997391051e+00
6.027171307324882218e+04,9.996061146614683146e-01,7.470801501328735907e-04,0.000000000000000000e+00,4.877172955025636014e+01,1.873115497258393658e+00
6.027171353389591241e+04,1.001055889340082716e+00,7.470858258547327787e-04,0.000000000000000000e+00,4.877304266926805099e+01,1.873975277028202546e+00
6.027171399454300263e+04,9.998931120495478941e-01,7.470790628423372307e-04,0.000000000000000000e+00,4.878376836074882306e+01,1.872185680632242777e+00
6.027171445519010013e+04,1.001780860136119999e+00,7.470838167355458963e-04,0.000000000000000000e+00,4.878407376444715027e+01,1.872598406486390310e+00
6.027171491583719762e+04,1.000224940096160031e+00,7.472450666712058881e-04,0.000000000000000000e+00,4.878055082392921094e+01,1.875126522207139157e+00
6.027171537648428784e+04,9.998957706783241361e-01,7.470778838077314979e-04,0.000000000000000000e+00,4.878365800217317627e+01,1.872771574736460831e+00
6.027171583713138534e+04,1.000966564527118186e+00,7.470819047929210584e-04,0.000000000000000000e+00,4.878601855324243530e+01,1.872264661555900656e+00
6.027171629777848284e+04,1.000160038218612213e+00,7.470793186372656552e-04,0.000000000000000000e+00,4.877482560111297261e+01,1.873046173315461305e+00
6.027171675842557306e+04,9.996686655965716373e-01,7.470800248044947309e-04,0.000000000000000000e+00,4.877561801679961917e+01,1.874563123444303647e+00
6.027171721907267056e+04,9.998974087962497759e-01,7.470789467800346669e-04,0.000000000000000000e+00,4.877319104415995099e+01,1.874323492016278792e+00
6.027171767971976806e+04,1.001012828466084192e+00,7.470830826579075937e-04,0.000000000000000000e+00,4.877223816599005346e+01,1.874072717370726116e+00
6.027171814036685828e+04,1.000021792456172731e+00,7.470806277530702387e-04,0.000000000000000000e+00,4.876818933355918517e+01,1.876357142578325643e+00
6.027171860101394850e+04,1.000501246047333925e+00,7.470795826432381206e-04,0.000000000000000000e+00,4.877785657021321697e+01,1.873761253279156991e+00
6.027171906166105327e+04,1.000456301244348367e+00,7.470787900904247037e-04,0.000000000000000000e+00,4.878221179891946235e+01,1.875379825620985486e+00
6.027171952230814350e+04,9.997261120755126518e-01,7.470789238145561896e-04,0.000000000000000000e+00,4.878330977753968511e+01,1.872955711242720200e+00
6.027171998295523372e+04,9.998461997480602159e-01,7.470778847139934340e-04,0.000000000000000000e+00,4.878023209609008859e+01,1.874601340381148562e+00
6.027172044360233849e+04,1.000127999100929310e+00,7.470815984851010214e-04,0.000000000000000000e+00,4.878319516810368839e+01,1.873987961811510949e+00
6.027172090424942871e+04,1.000418850572304175e+00,7.470794790079252241e-04,0.000000000000000000e+00,4.878089256188115996e+01,1.874533866472462673e+00
6.027172136489651166e+04,1.000724326446202683e+00,7.470818944681367367e-04,0.000000000000000000e+00,4.878185417512526101e+01,1.873771949430151018e+00
6.027172182554361643e+04,9.992539746925759303e-01,7.470769929256501759e-04,0.000000000000000000e+00,4.877778343019016205e+01,1.874980806669741540e+00
6.027172228619070665e+04,1.001384468779484171e+00,7.470828722248127078e-04,0.000000000000000000e+00,4.878097181441806640e+01,1.872592866745915963e+00
6.027172274683779688e+04,1.000183491734832009e+00,7.470786545446402548e-04,0.000000000000000000e+00,4.878114641642442706e+01,1.872500210180807256e+00
6.027172320748489437e+04,1.000072123441025695e+00,7.470755889418362024e-04,0.000000000000000000e+00,4.878631541301136565e+01,1.872927903885279965e+00
6.027172366813199187e+04,1.001479771313158684e+00,7.470868823010021111e-04,0.000000000000000000e+00,4.877633131065873329e+01,1.872284575453717181e+00
6.027172412877907482e+04,1.000258928885670917e+00,7.470819900823367794e-04,0.000000000000000000e+00,4.878146564943751429e+01,1.875601405712861158e+00
6.027172458942617232e+04,9.996503522673273467e-01,7.470763297837885487e-04,0.000000000000000000e+00,4.877929317995351255e+01,1.874079704779133770e+00
6.027172505007326981e+04,1.000047495641656958e+00,7.470809253873078072e-04,0.000000000000000000e+00,4.877046676825069227e+01,1.873394042797887238e+00
6.027172551072036003e+04,9.999953353422454949e-01,7.470812449625923368e-04,0.000000000000000000e+00,4.877033826175130571e+01,1.875467240110975986e+00
6.027172597136744298e+04,1.000588230972149884e+00,7.470592378617491817e-04,0.000000000000000000e+00,4.877678834741977454e+01,1.874824148613059460e+00
6.027172643201454775e+04,9.991554867125080897e-01,7.470540502492672378e-04,0.000000000000000000e+00,4.877651837209046448e+01,1.874946983448935400e+00
6.027172689266163798e+04,9.989231217704804822e-01,7.470537871485031893e-04,0.000000000000000000e+00,4.878029145726614502e+01,1.871125059286523173e+00
6.027172735330872092e+04,1.000108941611237645e+00,7.470553641159706059e-04,0.000000000000000000e+00,4.878293231674877006e+01,1.873417071146683766e+00
6.027172781395582570e+04,9.999686325929136865e-01,7.470565981141059431e-04,0.000000000000000000e+00,4.877954695043077038e+01,1.873661253396359916e+00
6.027172827460291592e+04,9.999066459875103341e-01,7.470553525960020331e-04,0.000000000000000000e+00,4.877721793460285937e+01,1.875602991411837950e+00
6.027172873524999886e+04,1.001673321002634953e+00,7.470610316864182820e-04,0.000000000000000000e+00,4.878024748589406556e+01,1.874492178550617005e+00
6.027172919589710364e+04,1.000458824872874297e+00,7.470568227088955409e-04,0.000000000000000000e+00,4.878975119606164412e+01,1.871731205365638973e+00
6.027172965654419386e+04,9.995280280610274737e-01,7.470529597122966148e-04,0.000000000000000000e+00,4.878791252247417276e+01,1.874763728542678587e+00
6.027173011719127680e+04,1.000117796932283643e+00,7.470547436762159117e-04,0.000000000000000000e+00,4.878466182328033085e+01,1.873954463597831355e+00
6.027173057783838158e+04,1.000660668768959649e+00,7.470610671375588945e-04,0.000000000000000000e+00,4.877437827608284238e+01,1.873648969010629051e+00
6.027173103848546452e+04,9.985531291374005747e-01,7.470524507830828475e-04,0.000000000000000000e+00,4.877855497347447056e+01,1.872353440567823490e+00
6.027173149913255475e+04,9.987630414347512531e-01,7.470519797902768931e-04,0.000000000000000000e+00,4.878050209879043564e+01,1.872831436811607686e+00
6.027173195977965224e+04,9.978363474255286247e-01,7.470467973042903146e-04,0.000000000000000000e+00,4.878138841666456926e+01,1.874440242735716744e+00
6.027173242042674246e+04,1.000914455879917453e+00,7.470575792550076481e-04,0.000000000000000000e+00,4.878522291576735626e+01,1.870925775703825122e+00
6.027173288107383269e+04,9.998700143851652067e-01,7.470545760591034475e-04,0.000000000000000000e+00,4.877856731515200295e+01,1.875680504580904184e+00
6.027173334172092291e+04,9.992820462032624418e-01,7.470530739674151105e-04,0.000000000000000000e+00,4.877515730488066481e+01,1.873100949991456599e+00
6.027173380236802041e+04,9.994209762818025977e-01,7.479425372534972537e-04,0.000000000000000000e+00,4.877258218958378677e+01,1.874287978827105849e+00
6.027173426301510335e+04,1.000107658126806243e+00,7.470576709134085693e-04,0.000000000000000000e+00,4.878143716223703308e+01,1.873491696392882266e+00
6.027173472366219357e+04,1.000348234866535568e+00,7.470587171217678811e-04,0.000000000000000000e+00,4.877820217484998011e+01,1.872834763180405204e+00
6.027173518430929107e+04,9.996663468430381227e-01,7.470512522342316435e-04,0.000000000000000000e+00,4.878331567619130738e+01,1.872413276483531508e+00
6.027173564495638129e+04,1.000179250262724251e+00,7.470572830680982310e-04,0.000000000000000000e+00,4.877967588780307295e+01,1.874904819464429551e+00
6.027173610560346424e+04,1.000520827613790020e+00,7.470629133186104621e-04,0.000000000000000000e+00,4.878129955901724202e+01,1.874585720571422254e+00
6.027173656625056174e+04,1.000324827585242327e+00,7.470550942936192949e-04,0.000000000000000000e+00,4.877575102805161578e+01,1.872256810265067850e+00
6.027173702689765196e+04,9.991058270100657834e-01,7.471441161263019754e-04,0.000000000000000000e+00,4.877549295221118086e+01,1.873319833999327111e+00
6.027173748754473490e+04,1.001057512363129565e+00,7.470578142545724861e-04,0.000000000000000000e+00,4.878427236377317655e+01,1.873805113103535147e+00
6.027173794819183968e+04,1.000853656055377128e+00,7.470596188423265626e-04,0.000000000000000000e+00,4.878716506085051918e+01,1.873654181207495384e+00
6.027173840883892262e+04,1.000225078704964021e+00,7.470563028057759618e-04,0.000000000000000000e+00,4.878745986031230331e+01,1.872697847722372577e+00
6.027173886948600557e+04,9.997829927365116109e-01,7.470531401887484319e-04,0.000000000000000000e+00,4.878420160275189232e+01,1.873081944317343206e+00
6.027173933013310307e+04,9.995528846306891424e-01,7.470563782002804035e-04,0.000000000000000000e+00,4.877723449751733398e+01,1.873704444907679845e+00
6.027173979078019329e+04,9.982757398561857842e-01,7.472646871459113311e-04,0.000000000000000000e+00,4.876790856380292638e+01,1.872808116930845035e+00
6.027174025142728351e+04,9.991686756598917585e-01,7.470565260961289662e-04,0.000000000000000000e+00,4.876955424322420640e+01,1.871016549955994090e+00
6.027174071207437373e+04,9.995958095576010782e-01,7.470546932193933808e-04,0.000000000000000000e+00,4.877250465516473810e+01,1.875558408390729737e+00
6.027174117272146395e+04,1.000659079374641269e+00,7.470596229394935043e-04,0.000000000000000000e+00,4.876505843104288118e+01,1.871250593057876666e+00
6.027174163336854690e+04,1.000604583395487079e+00,7.470636846165593656e-04,0.000000000000000000e+00,4.876290211002414310e+01,1.872796141645220791e+00
6.027174209401564440e+04,1.001588090742456361e+00,7.470652162146218262e-04,0.000000000000000000e+00,4.877145459121580728e+01,1.874484630251852302e+00
6.027174255466273462e+04,1.001294831343386704e+00,7.470576123985299714e-04,0.000000000000000000e+00,4.878023279553795533e+01,1.875207161247794518e+00
6.027174301530981757e+04,1.000374379496545618e+00,7.470562991234465638e-04,0.000000000000000000e+00,4.878101296030580158e+01,1.874310888927714913e+00
6.027174347595690779e+04,1.000059560312290596e+00,7.470593011791003268e-04,0.000000000000000000e+00,4.877864501159793065e+01,1.873332947937254911e+00
6.027174393660400528e+04,1.000305311559659405e+00,7.470592881346361635e-04,0.000000000000000000e+00,4.878041547089114260e+01,1.874359338170851652e+00
6.027174439725108823e+04,9.998618412879275441e-01,7.470581631414757945e-04,0.000000000000000000e+00,4.877747403279212790e+01,1.874668003556942963e+00
6.027174485789817118e+04,9.985286873454580769e-01,7.470525207524645901e-04,0.000000000000000000e+00,4.877854858339744482e+01,1.870367117253686429e+00
6.027174531854526867e+04,1.001027993449404185e+00,7.487723456197471024e-04,0.000000000000000000e+00,4.877068433694740435e+01,1.871570647945078214e+00
6.027174577919235890e+04,9.999941268458860666e-01,7.472804165708564917e-04,0.000000000000000000e+00,4.877211371715014110e+01,1.876098466577622137e+00
6.027174623983944184e+04,9.998070789127667668e-01,7.470563907134390984e-04,0.000000000000000000e+00,4.877189468641647352e+01,1.874421441503589580e+00
6.027174670048653934e+04,9.989800498436963716e-01,7.470513620567009044e-04,0.000000000000000000e+00,4.877681036879494059e+01,1.871279327243276169e+00
6.027174716113362228e+04,1.000889547211507358e+00,7.470596256021733682e-04,0.000000000000000000e+00,4.877193441964000442e+01,1.874148155125910931e+00
6.027174762178070523e+04,1.001206100795552167e+00,7.472400174136964966e-04,0.000000000000000000e+00,4.877166318672586698e+01,1.874408061823933824e+00
6.027174808242779545e+04,1.001597497670031034e+00,7.470650212694948363e-04,0.000000000000000000e+00,4.876741395982942606e+01,1.875930639212860962e+00
6.027174854307488567e+04,9.998794791746179467e-01,7.470569610234037167e-04,0.000000000000000000e+00,4.877029905813859045e+01,1.871308122359568893e+00
6.027174900372197590e+04,9.990351646189641333e-01,7.471248037585453408e-04,0.000000000000000000e+00,4.877518658839765919e+01,1.872672372951162734e+00
6.027174946436906612e+04,9.985257204770545680e-01,7.471244169396043132e-04,0.000000000000000000e+00,4.877220129193818821e+01,1.873536444870331108e+00
6.027174992501615634e+04,9.987467199399948647e-01,7.471222645057702802e-04,0.000000000000000000e+00,4.877288382766597863e+01,1.872643539709575977e+00
6.027175038566323929e+04,1.000234471781489942e+00,7.471312319613746412e-04,0.000000000000000000e+00,4.876713829130973465e+01,1.870875194040931389e+00
6.027175084631032223e+04,9.989986859174856404e-01,7.471260759734381276e-04,0.000000000000000000e+00,4.876865225358663736e+01,1.872100053848793744e+00
6.027175130695741973e+04,9.990901644832957951e-01,7.471263247751604077e-04,0.000000000000000000e+00,4.877483338287913739e+01,1.871818715334033767e+00
6.027175176760450267e+04,1.000188419954296082e+00,7.471276452200268118e-04,0.000000000000000000e+00,4.877629335033915936e+01,1.874179498159315838e+00
6.027175222825158562e+04,9.998747394069656957e-01,7.471306202719196939e-04,0.000000000000000000e+00,4.877983330527550265e+01,1.871224260555920171e+00
6.027175268889868312e+04,1.001065206592393286e+00,7.471347374287335211e-04,0.000000000000000000e+00,4.877188569627725201e+01,1.872476774468601946e+00
6.027175314954576606e+04,1.001250845370104114e+00,7.471334938742184078e-04,0.000000000000000000e+00,4.876632881744320258e+01,1.874425326957690707e+00
6.027175361019284901e+04,9.992670712994857762e-01,7.471257940031641748e-04,0.000000000000000000e+00,4.877702517631261259e+01,1.873593955695588509e+00
6.027175407083994651e+04,1.000672113737765434e+00,7.471320982406585163e-04,0.000000000000000000e+00,4.876333397134275316e+01,1.873985771846454540e+00
6.027175453148702945e+04,1.000441750183401313e+00,7.471276784583455932e-04,0.000000000000000000e+00,4.876674433366572714e+01,1.875031205530614198e+00
6.027175499213411240e+04,9.996604279478409349e-01,7.471297327144374315e-04,0.000000000000000000e+00,4.877225075281754130e+01,1.871013315396845567e+00
6.027175545278120990e+04,1.000196537806437913e+00,7.471310172673950329e-04,0.000000000000000000e+00,4.877458784482720233e+01,1.873555171880621817e+00
6.027175591342829284e+04,1.000941147129149389e+00,7.471350447910314607e-04,0.000000000000000000e+00,4.877128303546750487e+01,1.876321629235015997e+00
6.027175637407537579e+04,9.988135629375807234e-01,7.471245895560965937e-04,0.000000000000000000e+00,4.877109329288589379e+01,1.872938743588429933e+00
6.027175683472245873e+04,1.000751989927814556e+00,7.475994992094660242e-04,0.000000000000000000e+00,4.877543469523843811e+01,1.873680526838651383e+00
6.027175729536954896e+04,9.991600465875323245e-01,7.471330812263869215e-04,0.000000000000000000e+00,4.877327222558868414e+01,1.874288183782080175e+00
6.027175775601663190e+04,9.986441942357588974e-01,7.471250619688492821e-04,0.000000000000000000e+00,4.877434854523576035e+01,1.872271294470300829e+00
6.027175821666372212e+04,1.000341809172893059e+00,7.471331281398584014e-04,0.000000000000000000e+00,4.877335864311047686e+01,1.873570204446125320e+00
6.027175867731081235e+04,1.000109229836118052e+00,7.471301029267532045e-04,0.000000000000000000e+00,4.877794222741824370e+01,1.873344044987496071e+00
6.027175913795789529e+04,1.000079351544233219e+00,7.481821131230685434e-04,0.000000000000000000e+00,4.877495082274802485e+01,1.870644261333448410e+00
6.027175959860497824e+04,1.001107538733937430e+00,7.487841750733934508e-04,0.000000000000000000e+00,4.877492993581338965e+01,1.877435237987438388e+00
6.027176005925206846e+04,1.001612471782130864e+00,7.471328071271355958e-04,0.000000000000000000e+00,4.877883117444253003e+01,1.874986704680217553e+00
6.027176051989915140e+04,1.001475648262618812e+00,7.471345065911048867e-04,0.000000000000000000e+00,4.879068138198731930e+01,1.871938026401487098e+00
6.027176098054623435e+04,1.000144788706540222e+00,7.471307201319609369e-04,0.000000000000000000e+00,4.877716760636255344e+01,1.874416962289759514e+00
6.027176144119333185e+04,1.000220179507635532e+00,7.471297806944494305e-04,0.000000000000000000e+00,4.877051353128193512e+01,1.872437993073028606e+00
6.027176190184040752e+04,9.996191666786397034e-01,7.471261878113648509e-04,0.000000000000000000e+00,4.876711296587882316e+01,1.874569635683060342e+00
6.027176236248749046e+04,1.000003242076916710e+00,7.471316532105486390e-04,0.000000000000000000e+00,4.876608446509236927e+01,1.872855981083433763e+00
6.027176282313458796e+04,9.991349115513090684e-01,7.471295641108445388e-04,0.000000000000000000e+00,4.877093121065142611e+01,1.871064483628567476e+00
6.027176328378167091e+04,1.001550727982110756e+00,7.471326677814877281e-04,0.000000000000000000e+00,4.877481388606826584e+01,1.873231934661762299e+00
6.027176374442874658e+04,1.000129896316785505e+00,7.471278412488437971e-04,0.000000000000000000e+00,4.877160852057578211e+01,1.872565477839262194e+00
6.027176420507583680e+04,1.000795977953047311e+00,7.484343054571994348e-04,0.000000000000000000e+00,4.877180981860274755e+01,1.876992733589861073e+00
6.027176466572292702e+04,1.000077952549725868e+00,7.471271852953084930e-04,0.000000000000000000e+00,4.877995941183591810e+01,1.873252811645098603e+00
6.027176512637000269e+04,9.997143784506323794e-01,7.471267761906482969e-04,0.000000000000000000e+00,4.878079373357428494e+01,1.872606109263515561e+00
6.027176558701709291e+04,1.000398081624412017e+00,7.471298357068193070e-04,0.000000000000000000e+00,4.877506590657201002e+01,1.873492915273500259e+00
6.027176604766418313e+04,9.996200453687407173e-01,7.471291603596210036e-04,0.000000000000000000e+00,4.876963093192129151e+01,1.872753359577988386e+00
6.027176650831125880e+04,9.995133661527938473e-01,7.471288227368542371e-04,0.000000000000000000e+00,4.877992883357737242e+01,1.873914630910282320e+00
6.027176696895834903e+04,1.000042333779720627e+00,7.471312427726165169e-04,0.000000000000000000e+00,4.878318120581683814e+01,1.873566326614720001e+00
6.027176742960543925e+04,9.997821992674430502e-01,7.471255217219944502e-04,0.000000000000000000e+00,4.878013720430259070e+01,1.874427565388315120e+00
6.027176789025251492e+04,1.000518126415098408e+00,7.471275674816607202e-04,0.000000000000000000e+00,4.877570306881230522e+01,1.873939774258775337e+00
6.027176835089959786e+04,1.001756839500471230e+00,7.471359086588144323e-04,0.000000000000000000e+00,4.877521641397632379e+01,1.871694247464408489e+00
6.027176881154668808e+04,1.000738965413840331e+00,7.471298919199994681e-04,0.000000000000000000e+00,4.877887986221716687e+01,1.874033141510142331e+00
6.027176927219377103e+04,1.000429283041549544e+00,7.471307042480366612e-04,0.000000000000000000e+00,4.877523134333645061e+01,1.873693137628212879e+00
6.027176973284084670e+04,9.999558056000112938e-01,7.471296218762785765e-04,0.000000000000000000e+00,4.877643875842647958e+01,1.871374443637728646e+00
6.027177019348794420e+04,1.001761627733211091e+00,7.472214243313442120e-04,0.000000000000000000e+00,4.877377122592126568e+01,1.872768585354920967e+00
6.027177065413501987e+04,1.000452782198157475e+00,7.471326698438422471e-04,0.000000000000000000e+00,4.877188849017762351e+01,1.871777371611085705e+00
6.027177111478210281e+04,1.001039942050344633e+00,7.471336916210070782e-04,0.000000000000000000e+00,4.877332738179687510e+01,1.874801634128010264e+00
6.027177157542919304e+04,1.000687141850779893e+00,7.471315323325095070e-04,0.000000000000000000e+00,4.877531049816241904e+01,1.872400398342214167e+00
6.027177203607627598e+04,9.999314156570812129e-01,7.471450644207880973e-04,0.000000000000000000e+00,4.877493870307124979e+01,1.873688383700216953e+00
6.027177249672335165e+04,9.993330576285053279e-01,7.471445204681384641e-04,0.000000000000000000e+00,4.877315487972778385e+01,1.872702312698944382e+00
6.027177295737044187e+04,1.000674705579522872e+00,7.471474316911680359e-04,0.000000000000000000e+00,4.876784435035403931e+01,1.871250631487843430e+00
6.027177341801752482e+04,9.999735267323176524e-01,7.471426952005360373e-04,0.000000000000000000e+00,4.877476230021553505e+01,1.872164567807491409e+00
6.027177387866460776e+04,1.000654015857135315e+00,7.471425945819873881e-04,0.000000000000000000e+00,4.878475236836356288e+01,1.873236540669798389e+00
6.027177433931169071e+04,9.999030538599059659e-01,7.471420377774297406e-04,0.000000000000000000e+00,4.878323513883985640e+01,1.875038695149553902e+00
6.027177479995878093e+04,1.000442285455155567e+00,7.471455267066119763e-04,0.000000000000000000e+00,4.878185393725321717e+01,1.872464903184985374e+00
6.027177526060585660e+04,1.000334324709859724e+00,7.471420485144125495e-04,0.000000000000000000e+00,4.877962967369141722e+01,1.873567808871996254e+00
6.027177572125293227e+04,9.992133367502333829e-01,7.471417355549539625e-04,0.000000000000000000e+00,4.877143279159203360e+01,1.873813872183079710e+00
6.027177618190002977e+04,9.995445414317397637e-01,7.471426478853967091e-04,0.000000000000000000e+00,4.877583363491515911e+01,1.871220416489606242e+00
6.027177664254710544e+04,1.000729274634625909e+00,7.471468986115257583e-04,0.000000000000000000e+00,4.878334203658624801e+01,1.873803390060506002e+00
6.027177710319418111e+04,1.000373748827803499e+00,7.471454001529397038e-04,0.000000000000000000e+00,4.877409828389557589e+01,1.873341817648126018e+00
6.027177756384127861e+04,1.000623873764124871e+00,7.471446219768536345e-04,0.000000000000000000e+00,4.877277046871746791e+01,1.871209929844814823e+00
6.027177802448835428e+04,9.996578626882630658e-01,7.471414715639351388e-04,0.000000000000000000e+00,4.877603318461108728e+01,1.873015592220794501e+00
6.027177848513542995e+04,1.000919522982198995e+00,7.471462068095697595e-04,0.000000000000000000e+00,4.877476056660752590e+01,1.873562382345442368e+00
6.027177894578252744e+04,9.984357236289479465e-01,7.471412100089118392e-04,0.000000000000000000e+00,4.877513573882347231e+01,1.871856052451091879e+00
6.027177940642960311e+04,9.985275977152280324e-01,7.471405140027193807e-04,0.000000000000000000e+00,4.877446662648088704e+01,1.873177478932129381e+00
6.027177986707667878e+04,9.997626874638477767e-01,7.471399818782357982e-04,0.000000000000000000e+00,4.877714589646773646e+01,1.872592599805685598e+00
6.027178032772376901e+04,1.000418209315540707e+00,7.471449785506562372e-04,0.000000000000000000e+00,4.877431171118826114e+01,1.874277912744656049e+00
6.027178078837085195e+04,9.997722336780224817e-01,7.471435293471753855e-04,0.000000000000000000e+00,4.877762436765085141e+01,1.874935756769431805e+00
6.027178124901792762e+04,1.000002323964840567e+00,7.471458767568456760e-04,0.000000000000000000e+00,4.877618591218053012e+01,1.871605435240267346e+00
6.027178170966501057e+04,9.990235249740535561e-01,7.471411960845944110e-04,0.000000000000000000e+00,4.877484136115079139e+01,1.872745537930584625e+00
6.027178217031209351e+04,9.987699583820265348e-01,7.471361704904110924e-04,0.000000000000000000e+00,4.876652167066782795e+01,1.876327816488506661e+00
6.027178263095917646e+04,9.993775686663587399e-01,7.482501419922902132e-04,0.000000000000000000e+00,4.877703450470246338e+01,1.872438303814865312e+00
6.027178309160625940e+04,9.995320124131762407e-01,7.471424597879955561e-04,0.000000000000000000e+00,4.877519233895710471e+01,1.872126616013804812e+00
6.027178355225334235e+04,1.000854214464267811e+00,7.471492037914688467e-04,0.000000000000000000e+00,4.877638151231751351e+01,1.873192905060132141e+00
6.027178401290041802e+04,1.000337297871504161e+00,7.471449818612952180e-04,0.000000000000000000e+00,4.877321403998293903e+01,1.870193308867419857e+00
6.027178447354749369e+04,1.001405968678702907e+00,7.471478802478739205e-04,0.000000000000000000e+00,4.876604766862932649e+01,1.873632741088290699e+00
6.027178493419458391e+04,9.999011476591617154e-01,7.471438480048436716e-04,0.000000000000000000e+00,4.876806964151752766e+01,1.872954441980912099e+00
6.027178539484165958e+04,9.997527968536462639e-01,7.471413407478657903e-04,0.000000000000000000e+00,4.876901014401681778e+01,1.871456792748351416e+00
6.027178585548874253e+04,9.992650156200055811e-01,7.471441688066777706e-04,0.000000000000000000e+00,4.876946266264506136e+01,1.873609187705220114e+00
6.027178631613583275e+04,9.986792879128185696e-01,7.471382110089353152e-04,0.000000000000000000e+00,4.877363909039537049e+01,1.876231779075292039e+00
6.027178677678290842e+04,1.000131939309448326e+00,7.471440675641342335e-04,0.000000000000000000e+00,4.876989798049109481e+01,1.873494060329189415e+00
6.027178723742998409e+04,9.991551231657519461e-01,7.471395800197959359e-04,0.000000000000000000e+00,4.877431333582695316e+01,1.874233092514276500e+00
6.027178769807707431e+04,1.001626939309214759e+00,7.471475898195589511e-04,0.000000000000000000e+00,4.877884248560266656e+01,1.874948498925453677e+00
6.027178815872414998e+04,1.000013089930411159e+00,7.472964125896536811e-04,0.000000000000000000e+00,4.877393886919551136e+01,1.872027801285567561e+00
6.027178861937122565e+04,1.001291045416557335e+00,7.471507090102556987e-04,0.000000000000000000e+00,4.878486851890873766e+01,1.873967961709172014e+00
6.027178908001831587e+04,1.000331913309076448e+00,7.471437076159220467e-04,0.000000000000000000e+00,4.877316082808548714e+01,1.872748440369478073e+00
6.027178954066539154e+04,9.991072095632308470e-01,7.471383733299753879e-04,0.000000000000000000e+00,4.877330423276621474e+01,1.872810365974726610e+00
6.027179000131246721e+04,1.000615059119348338e+00,7.471421077286592282e-04,0.000000000000000000e+00,4.877377009779213779e+01,1.874596459735032639e+00
6.027179046195955016e+04,1.001786064765268547e+00,7.471484812295934967e-04,0.000000000000000000e+00,4.877274216733966483e+01,1.872914063282897779e+00
6.027179092260663310e+04,9.997012533304135973e-01,7.471367920685414218e-04,0.000000000000000000e+00,4.878076962234268876e+01,1.875455502362255000e+00
6.027179138325370877e+04,1.002120040239699916e+00,7.471487036940407511e-04,0.000000000000000000e+00,4.877810398299179440e+01,1.874956704567235510e+00
6.027179184390079172e+04,9.997517337294988815e-01,7.471382694158237988e-04,0.000000000000000000e+00,4.877858932479888665e+01,1.875745753448498698e+00
6.027179230454787466e+04,1.000062492151909233e+00,7.471446028102460973e-04,0.000000000000000000e+00,4.877450918869575247e+01,1.874227451383082776e+00
6.027179276519495033e+04,9.981646458114976639e-01,7.471371659655778007e-04,0.000000000000000000e+00,4.877239205870938576e+01,1.872336865815486417e+00
6.027179322584202600e+04,1.000147404207439195e+00,7.471448943471442356e-04,0.000000000000000000e+00,4.877095420964277395e+01,1.874950876967157676e+00
6.027179368648911623e+04,9.997926937408947445e-01,7.471406873553357135e-04,0.000000000000000000e+00,4.877442528464699478e+01,1.872913303191113821e+00
6.027179414713618462e+04,1.001614261281649210e+00,7.471530927066630592e-04,0.000000000000000000e+00,4.877569433799205001e+01,1.874337555554939305e+00
6.027179460778326029e+04,1.001050384626261947e+00,7.471462670753721991e-04,0.000000000000000000e+00,4.877304667614129130e+01,1.872543439699381640e+00
6.027179506843035051e+04,1.000064061335576682e+00,7.472196409566403321e-04,0.000000000000000000e+00,4.877120417872041003e+01,1.875915082823359281e+00
6.027179552907742618e+04,1.002091291887441837e+00,7.472263317976164318e-04,0.000000000000000000e+00,4.876886470663540507e+01,1.874536632373528855e+00
6.027179598972450185e+04,9.999742991949298609e-01,7.472192670313245995e-04,0.000000000000000000e+00,4.878039388701994028e+01,1.876066772457876786e+00
6.027179645037159207e+04,1.000440435684629259e+00,7.472193876103698290e-04,0.000000000000000000e+00,4.878272153596973482e+01,1.874258708307056098e+00
6.027179691101866047e+04,1.001153590388158543e+00,7.472207477218089939e-04,0.000000000000000000e+00,4.878120446568393476e+01,1.873219656637624020e+00
6.027179737166573614e+04,1.000361308945161287e+00,7.472177200322270910e-04,0.000000000000000000e+00,4.878616119090328596e+01,1.872753854152335862e+00
6.027179783231281908e+04,1.000785715817100741e+00,7.472174799282542542e-04,0.000000000000000000e+00,4.878165468756974121e+01,1.874691671014759864e+00
6.027179829295990203e+04,1.002401024377284733e+00,7.472261047365492178e-04,0.000000000000000000e+00,4.877351908025678995e+01,1.872977821532944676e+00
6.027179875360697770e+04,1.000089894080170794e+00,7.472184238777534408e-04,0.000000000000000000e+00,4.877188624591639154e+01,1.873362442565354335e+00
6.027179921425405337e+04,9.985416445561938747e-01,7.472119096920914159e-04,0.000000000000000000e+00,4.877712212204071562e+01,1.871638711201123240e+00
6.027179967490113631e+04,1.001021855981220066e+00,7.472197328138637656e-04,0.000000000000000000e+00,4.877685176724172322e+01,1.874210729761083716e+00
6.027180013554821198e+04,1.000344140384049174e+00,7.472206525155941203e-04,0.000000000000000000e+00,4.877281897538360766e+01,1.876017238965196121e+00
6.027180059619529493e+04,9.986659648780510379e-01,7.472124877508544904e-04,0.000000000000000000e+00,4.876923522526374910e+01,1.871793545130864489e+00
6.027180105684237060e+04,9.994640410866909574e-01,7.472163087229566868e-04,0.000000000000000000e+00,4.877738166140356668e+01,1.872030465223211149e+00
6.027180151748944627e+04,9.996401425640538685e-01,7.472150800844103158e-04,0.000000000000000000e+00,4.877135498057594276e+01,1.873539194111013328e+00
6.027180197813652194e+04,1.000746173875916689e+00,7.472204897191024467e-04,0.000000000000000000e+00,4.877118894937682114e+01,1.873431132501923502e+00
6.027180243878360488e+04,1.000004645775528278e+00,7.472156335033060953e-04,0.000000000000000000e+00,4.877463162650494155e+01,1.872294849004450645e+00
6.027180289943068055e+04,1.000491552500459180e+00,7.472183116454416719e-04,0.000000000000000000e+00,4.877102088469116126e+01,1.874496724216490939e+00
6.027180336007775622e+04,9.994380101882658352e-01,7.472165036659191755e-04,0.000000000000000000e+00,4.877341072822029844e+01,1.871698193920915188e+00
6.027180382072483917e+04,9.991905398378859715e-01,7.472140086162105607e-04,0.000000000000000000e+00,4.878014938216563223e+01,1.871790052159614026e+00
6.027180428137191484e+04,1.000385562574384490e+00,7.472200338929981542e-04,0.000000000000000000e+00,4.878043675820781999e+01,1.873999170875258802e+00
6.027180474201898323e+04,9.988739310776204583e-01,7.472118066279426207e-04,0.000000000000000000e+00,4.878703590531138445e+01,1.872414088802014431e+00
6.027180520266607346e+04,9.979799486166360811e-01,7.472082557321021263e-04,0.000000000000000000e+00,4.878495891108235583e+01,1.874462034067320371e+00
6.027180566331314913e+04,1.000799443241362718e+00,7.472213504841058833e-04,0.000000000000000000e+00,4.878174231990266208e+01,1.876439262870432501e+00
6.027180612396021752e+04,1.000381144464445038e+00,7.472192834631877396e-04,0.000000000000000000e+00,4.878084984085143816e+01,1.876678128275556245e+00
6.027180658460730046e+04,1.000064606859031757e+00,7.472146861511162362e-04,0.000000000000000000e+00,4.877667804386991435e+01,1.872618108834742001e+00
6.027180704525437613e+04,1.000387861686852675e+00,7.472153023490275088e-04,0.000000000000000000e+00,4.877694021596094132e+01,1.874867325750902980e+00
6.027180750590145180e+04,9.984144539333253965e-01,7.472134858677602397e-04,0.000000000000000000e+00,4.877024255944468223e+01,1.869323065126784700e+00
6.027180796654852747e+04,9.998016933369344716e-01,7.472169402812041178e-04,0.000000000000000000e+00,4.877340782460844082e+01,1.874002577183689899e+00
6.027180842719561042e+04,9.998222790990853870e-01,7.472185599168975831e-04,0.000000000000000000e+00,4.877028721310013992e+01,1.873752057976250773e+00
6.027180888784267881e+04,1.000304387607384493e+00,7.472164009097755208e-04,0.000000000000000000e+00,4.878342748979410004e+01,1.873867133829018483e+00
6.027180934848975448e+04,9.996464076176715396e-01,7.472184403570740615e-04,0.000000000000000000e+00,4.878321235590265559e+01,1.874468835226302588e+00
6.027180980913683743e+04,9.998282609927827691e-01,7.472157277240077571e-04,0.000000000000000000e+00,4.878321779534874025e+01,1.873671202286097071e+00
6.027181026978391310e+04,9.993218115991185924e-01,7.472143795651250498e-04,0.000000000000000000e+00,4.878414834760312857e+01,1.872905342353293978e+00
6.027181073043098149e+04,1.000312777288095534e+00,7.472186492404083022e-04,0.000000000000000000e+00,4.878591180577538466e+01,1.876250805525453202e+00
6.027181119107807172e+04,9.998253483257559804e-01,7.472166053865889317e-04,0.000000000000000000e+00,4.877965358329431211e+01,1.872907373400224618e+00
6.027181165172514011e+04,9.986401105170776837e-01,7.472137784665790032e-04,0.000000000000000000e+00,4.878251504945710337e+01,1.874396224173875414e+00
6.027181211237220850e+04,9.990075504004912732e-01,7.472155405924939134e-04,0.000000000000000000e+00,4.877604160214596618e+01,1.873341191185476040e+00
6.027181257301929872e+04,1.000594820451482514e+00,7.472185231194466461e-04,0.000000000000000000e+00,4.878323200273204918e+01,1.875000482672343427e+00
6.027181303366636712e+04,9.990388666023215514e-01,7.472124769227923022e-04,0.000000000000000000e+00,4.877671451814370585e+01,1.872741119437369983e+00
6.027181349431344279e+04,9.997034092861746268e-01,7.472174734990660178e-04,0.000000000000000000e+00,4.877928604077298047e+01,1.872754891349740713e+00
6.027181395496052573e+04,9.991587763484358620e-01,7.472153531169786582e-04,0.000000000000000000e+00,4.877916110694902585e+01,1.870878597283278211e+00
6.027181441560759413e+04,9.992233756321277083e-01,7.472144542577070303e-04,0.000000000000000000e+00,4.877614580549246170e+01,1.874057566334642821e+00
6.027181487625466980e+04,1.000955299657901199e+00,7.472202839811175300e-04,0.000000000000000000e+00,4.876993846454467985e+01,1.874998502794300803e+00
6.027181533690174547e+04,9.983914246824826533e-01,7.472113832251517113e-04,0.000000000000000000e+00,4.878355903054273313e+01,1.874960484712858255e+00
6.027181579754882114e+04,1.000571722288465137e+00,7.472216280340729421e-04,0.000000000000000000e+00,4.878519800793657168e+01,1.874923042989623090e+00
6.027181625819588953e+04,1.000816721551984090e+00,7.472196306734027460e-04,0.000000000000000000e+00,4.877391871827541081e+01,1.873944546587123838e+00
6.027181671884297248e+04,1.001171174019672483e+00,7.472210167597070733e-04,0.000000000000000000e+00,4.877490459762948660e+01,1.874358422396747548e+00
6.027181717949004815e+04,1.001262190487511861e+00,7.472186527286024107e-04,0.000000000000000000e+00,4.878018662928189997e+01,1.875225617126054178e+00
6.027181764013711654e+04,1.001808525758092427e+00,7.472251425467177181e-04,0.000000000000000000e+00,4.877633560332917995e+01,1.873764541062972411e+00
6.027181810078419221e+04,9.997022979694808464e-01,7.473237244241791050e-04,0.000000000000000000e+00,4.877504889479047989e+01,1.874115717484551746e+00
6.027181856143127516e+04,1.000696797774619951e+00,7.473238858131883581e-04,0.000000000000000000e+00,4.877713044190065972e+01,1.873231578801970665e+00
6.027181902207834355e+04,9.989339922794856497e-01,7.473214349900857362e-04,0.000000000000000000e+00,4.878201512045069421e+01,1.873026607983298675e+00
6.027181948272541194e+04,1.001827399875302005e+00,7.473279362841104591e-04,0.000000000000000000e+00,4.878770158824954706e+01,1.875089076171878588e+00
6.027181994337249489e+04,1.000162872295892402e+00,7.473200021983151999e-04,0.000000000000000000e+00,4.878903061479859815e+01,1.876202387864737586e+00
6.027182040401957056e+04,1.000622518438244901e+00,7.473249671601860881e-04,0.000000000000000000e+00,4.877829844772113432e+01,1.874172041918264142e+00
6.027182086466663895e+04,1.000461162764651357e+00,7.491671762489182564e-04,0.000000000000000000e+00,4.877171153356155742e+01,1.873237263353418891e+00
6.027182132531372190e+04,9.981831900155239135e-01,7.473178292170952171e-04,0.000000000000000000e+00,4.878186830594670198e+01,1.871619257275100257e+00
6.027182178596079029e+04,1.001043001070619720e+00,7.473249761883774770e-04,0.000000000000000000e+00,4.878275081712199324e+01,1.874878039355887260e+00
6.027182224660785869e+04,1.001142219719184379e+00,7.473253064425417706e-04,0.000000000000000000e+00,4.877919163656358137e+01,1.872656335650358717e+00
6.027182270725493436e+04,9.993347969196237912e-01,7.473208121272052144e-04,0.000000000000000000e+00,4.877250276008143715e+01,1.872486600878417118e+00
6.027182316790201003e+04,1.000613533142118428e+00,7.473248664892675466e-04,0.000000000000000000e+00,4.876559980327429145e+01,1.876259671916502780e+00
6.027182362854908570e+04,1.000707330923722438e+00,7.473292455034897435e-04,0.000000000000000000e+00,4.877626446321259834e+01,1.871867496585166046e+00
6.027182408919616137e+04,1.001851260294563284e+00,7.473313686594776784e-04,0.000000000000000000e+00,4.877503220837402864e+01,1.875482818976561328e+00
6.027182454984323704e+04,9.999799847085771853e-01,7.473209334789084231e-04,0.000000000000000000e+00,4.877250988368029994e+01,1.873974248808574439e+00
6.027182501049030543e+04,1.001227411457054073e+00,7.473253219524197662e-04,0.000000000000000000e+00,4.877425274812279810e+01,1.870959799270868862e+00
6.027182547113738110e+04,9.995389649156114498e-01,7.485516139349050529e-04,0.000000000000000000e+00,4.877722272433783246e+01,1.873788645413224430e+00
6.027182593178445677e+04,9.996087844203407347e-01,7.473218322393535050e-04,0.000000000000000000e+00,4.878394122200261762e+01,1.873090699532223402e+00
6.027182639243152516e+04,1.000497852882313410e+00,7.473248570098285030e-04,0.000000000000000000e+00,4.877634700196709616e+01,1.872368100795825940e+00
6.027182685307859356e+04,1.000375604223257664e+00,7.473212573759129094e-04,0.000000000000000000e+00,4.877627842778062472e+01,1.876439395293961532e+00
6.027182731372567650e+04,1.000116110502647704e+00,7.473238905911886191e-04,0.000000000000000000e+00,4.877523771817256204e+01,1.872835992001414152e+00
6.027182777437274490e+04,1.000682261229088876e+00,7.473232223654961747e-04,0.000000000000000000e+00,4.877760928971423482e+01,1.874663545412356358e+00
6.027182823501981329e+04,1.001332367582289606e+00,7.473275083568752539e-04,0.000000000000000000e+00,4.878170264976655801e+01,1.873100892608986490e+00
6.027182869566689624e+04,1.002362686466167663e+00,7.473336329049317869e-04,0.000000000000000000e+00,4.878085934684217051e+01,1.874434129899870571e+00
6.027182915631396463e+04,9.994730609207356231e-01,7.473224449868402612e-04,0.000000000000000000e+00,4.877206219853200508e+01,1.875730693515554215e+00
6.027182961696103303e+04,1.000512631887002346e+00,7.487969481364909006e-04,0.000000000000000000e+00,4.876436591402933374e+01,1.866585389877739365e+00
6.027183007760811597e+04,1.001206095861615353e+00,7.473288954055652428e-04,0.000000000000000000e+00,4.876751578571131063e+01,1.872997128447639659e+00
6.027183053825517709e+04,9.996633194181866466e-01,7.473220401942594045e-04,0.000000000000000000e+00,4.877459160628374946e+01,1.870703061525362143e+00
6.027183099890224548e+04,1.000553193158936205e+00,7.473230915963948980e-04,0.000000000000000000e+00,4.877754089447772401e+01,1.873075829132457626e+00
6.027183145954932115e+04,9.997489802244783341e-01,7.473222614014324262e-04,0.000000000000000000e+00,4.878086208728096551e+01,1.873675266413003637e+00
6.027183192019639682e+04,1.000806164142283405e+00,7.473272138611877606e-04,0.000000000000000000e+00,4.877620445081733891e+01,1.873228432635177354e+00
6.027183238084346522e+04,1.000115790809652738e+00,7.473231496828260708e-04,0.000000000000000000e+00,4.878189713332780286e+01,1.871643948544659652e+00
6.027183284149054089e+04,9.996084310676213169e-01,7.475069163764262335e-04,0.000000000000000000e+00,4.878047234918716413e+01,1.873883660443785626e+00
6.027183330213761656e+04,1.000179845740199358e+00,7.473267368131430305e-04,0.000000000000000000e+00,4.877162626423321967e+01,1.872813266256839082e+00
6.027183376278467767e+04,1.003092299974894575e+00,7.529113266944671484e-04,0.000000000000000000e+00,4.877968761599853309e+01,1.872152973331075110e+00
6.027183422343174607e+04,1.000328973168408186e+00,7.473244489770915645e-04,0.000000000000000000e+00,4.877952093158403102e+01,1.872143127902926141e+00
6.027183468407882901e+04,9.997658297813686312e-01,7.473214064642380366e-04,0.000000000000000000e+00,4.877834500822128661e+01,1.874762975266291987e+00
6.027183514472589741e+04,1.001296624103805932e+00,7.473302621163261912e-04,0.000000000000000000e+00,4.877886171344376720e+01,1.872741848536958020e+00
6.027183560537296580e+04,1.000236897471837860e+00,7.473238057650155152e-04,0.000000000000000000e+00,4.877570678619474620e+01,1.871078296695937837e+00
6.027183606602004147e+04,1.000518898186897099e+00,7.473237533968167621e-04,0.000000000000000000e+00,4.877785202725331004e+01,1.873714556286673272e+00
6.027183652666710987e+04,1.001815459108504447e+00,7.473324757385453121e-04,0.000000000000000000e+00,4.877702799953342350e+01,1.871978401618641596e+00
6.027183698731417826e+04,9.990835952708785328e-01,7.473179057797540992e-04,0.000000000000000000e+00,4.878359962050114262e+01,1.872483280462105659e+00
6.027183744796126120e+04,1.000270182084728621e+00,7.473262712466819963e-04,0.000000000000000000e+00,4.878255139193954193e+01,1.874355726808923484e+00
6.027183790860832232e+04,1.001170966531609974e+00,7.473273249761834373e-04,0.000000000000000000e+00,4.878086559735874772e+01,1.873626416304007947e+00
6.027183836925539072e+04,1.001310812209853962e+00,7.473280282631745812e-04,0.000000000000000000e+00,4.878237211388655226e+01,1.872097207969914523e+00
6.027183882990247366e+04,1.001213852325391729e+00,7.473289761622344983e-04,0.000000000000000000e+00,4.878309765880453597e+01,1.875825590722181246e+00
6.027183929054953478e+04,1.000000634368607200e+00,7.473224776783564220e-04,0.000000000000000000e+00,4.878933167004720417e+01,1.871677126278599390e+00
6.027183975119660317e+04,9.996567170767759469e-01,7.473179059630939876e-04,0.000000000000000000e+00,4.877897230888245872e+01,1.873361392798715386e+00
6.027184021184367884e+04,9.995749516273725321e-01,7.473206851462460467e-04,0.000000000000000000e+00,4.877752834510691571e+01,1.875170026401100198e+00
6.027184067249074724e+04,1.000488465432997964e+00,7.473501941696939193e-04,0.000000000000000000e+00,4.877721820158058819e+01,1.872419059765837002e+00
6.027184113313781563e+04,1.000803625533067676e+00,7.473464694208182667e-04,0.000000000000000000e+00,4.877752170551706001e+01,1.878189138835894001e+00
6.027184159378489130e+04,1.000081759242178459e+00,7.473443446615490220e-04,0.000000000000000000e+00,4.878554709231213593e+01,1.872174806655460655e+00
6.027184205443195970e+04,9.995751651064113119e-01,7.473448507767795849e-04,0.000000000000000000e+00,4.878371862376570078e+01,1.873527365456790550e+00
6.027184251507902809e+04,1.000090112518134511e+00,7.473487106989668005e-04,0.000000000000000000e+00,4.877683405035833175e+01,1.871303121271277625e+00
6.027184297572608921e+04,1.000016906900183411e+00,7.473455964687659341e-04,0.000000000000000000e+00,4.877922199792432423e+01,1.873045222849584635e+00
6.027184343637317215e+04,1.000060205661137402e+00,7.473481738455438643e-04,0.000000000000000000e+00,4.877098169854551912e+01,1.873001744564226634e+00
6.027184389702024055e+04,1.000588889734880693e+00,7.473515433492043279e-04,0.000000000000000000e+00,4.878005146815975479e+01,1.872084807734787359e+00
6.027184435766730167e+04,9.993399955482102914e-01,7.473466236529164967e-04,0.000000000000000000e+00,4.877466857751585394e+01,1.872123852603419181e+00
6.027184481831438461e+04,1.000292975546899665e+00,7.473485793478772902e-04,0.000000000000000000e+00,4.877529651672030298e+01,1.874431732551231855e+00
6.027184527896144573e+04,9.996247941586374752e-01,7.473443386067458788e-04,0.000000000000000000e+00,4.877919203233089718e+01,1.873660234681850056e+00
6.027184573960851412e+04,1.000677875873378309e+00,7.473493035413482149e-04,0.000000000000000000e+00,4.877896270812674828e+01,1.875838767598537737e+00
6.027184620025558979e+04,9.999181781402116664e-01,7.473478363399358761e-04,0.000000000000000000e+00,4.877135848249966443e+01,1.874545375729012475e+00
6.027184666090265819e+04,1.001040627531088578e+00,7.473528711146929220e-04,0.000000000000000000e+00,4.877696930283914867e+01,1.873892610075259091e+00
6.027184712154971930e+04,1.000280453860307395e+00,7.473484637779719735e-04,0.000000000000000000e+00,4.878664635925333215e+01,1.873726571843062016e+00
6.027184758219678770e+04,9.988810689743644611e-01,7.473409202301781748e-04,0.000000000000000000e+00,4.878016297444852967e+01,1.872033019084357264e+00
6.027184804284386337e+04,1.001779065119234646e+00,7.473544176091736829e-04,0.000000000000000000e+00,4.877670237204051062e+01,1.873544440048513948e+00
6.027184850349092449e+04,1.001225963361006999e+00,7.473508224104744978e-04,0.000000000000000000e+00,4.878158240039635984e+01,1.873093969380440482e+00
6.027184896413800016e+04,1.001220935297874481e+00,7.473468730541155168e-04,0.000000000000000000e+00,4.878715097343490470e+01,1.875285821925897434e+00
6.027184942478506855e+04,1.000361736775496668e+00,7.473466483266709643e-04,0.000000000000000000e+00,4.878836282698483018e+01,1.875648526076672429e+00
6.027184988543213694e+04,1.000648561556776839e+00,7.473496848390650312e-04,0.000000000000000000e+00,4.878204221901589932e+01,1.873260307940207703e+00
6.027185034607920534e+04,1.000782021730471483e+00,7.473458310356505133e-04,0.000000000000000000e+00,4.879324606913242945e+01,1.873597332916915104e+00
6.027185080672627373e+04,1.000473988927656155e+00,7.473468457102940823e-04,0.000000000000000000e+00,4.878438625640158222e+01,1.874260273397552856e+00
6.027185126737334213e+04,9.998818202893013929e-01,7.473481224659472150e-04,0.000000000000000000e+00,4.877640083651937886e+01,1.871320766264477520e+00
6.027185172802040324e+04,9.979268623379740077e-01,7.473405175460365009e-04,0.000000000000000000e+00,4.877816385674554311e+01,1.872491011568706121e+00
6.027185218866747891e+04,1.001437521030918987e+00,7.473518471105021271e-04,0.000000000000000000e+00,4.877969146432486980e+01,1.872256144818982726e+00
6.027185264931454731e+04,1.000739703438106476e+00,7.473512274368555299e-04,0.000000000000000000e+00,4.877377657304538872e+01,1.874857925094989941e+00
6.027185310996160842e+04,9.993400594077728183e-01,7.473443261156780199e-04,0.000000000000000000e+00,4.877527888340005546e+01,1.870051689996975686e+00
6.027185357060868409e+04,1.001078500373401958e+00,7.473543597544730520e-04,0.000000000000000000e+00,4.878109942922835529e+01,1.873377398848372621e+00
6.027185403125575249e+04,1.000810256106919649e+00,7.473488684486563052e-04,0.000000000000000000e+00,4.878425260347965775e+01,1.872134758275324495e+00
6.027185449190281361e+04,9.988268415545380474e-01,7.473434756875641308e-04,0.000000000000000000e+00,4.878200711879370743e+01,1.872450308903661487e+00
6.027185495254988928e+04,1.001153959980070507e+00,7.473490726011164332e-04,0.000000000000000000e+00,4.878555249126222293e+01,1.873571623177974876e+00
6.027185541319695039e+04,1.000510404752964932e+00,7.473468120628421786e-04,0.000000000000000000e+00,4.878497523412558223e+01,1.875415783447530904e+00
6.027185587384401879e+04,9.998297791245943644e-01,7.473471240240193384e-04,0.000000000000000000e+00,4.878058669429491090e+01,1.874179129696496915e+00
6.027185633449108718e+04,1.001487720676663917e+00,7.485382318782524743e-04,0.000000000000000000e+00,4.878142870023929589e+01,1.876160656891267209e+00
6.027185679513815558e+04,1.000820482635667030e+00,7.473531315100701662e-04,0.000000000000000000e+00,4.877982477007177664e+01,1.874219463049153322e+00
6.027185725578521669e+04,9.991219855218049783e-01,7.473485860992239507e-04,0.000000000000000000e+00,4.877941113729546885e+01,1.872993593858403472e+00
6.027185771643228509e+04,9.981139288060231207e-01,7.490037088523762493e-04,0.000000000000000000e+00,4.878359371608350870e+01,1.875448766845152715e+00
6.027185817707936076e+04,1.000118819737803921e+00,7.473480213534684736e-04,0.000000000000000000e+00,4.878136295746689655e+01,1.873151034149720173e+00
6.027185863772642188e+04,1.001895006164138957e+00,7.473525198597376785e-04,0.000000000000000000e+00,4.878251629618900864e+01,1.873482035713375238e+00
6.027185909837348299e+04,1.000479042537106400e+00,7.473479666767988147e-04,0.000000000000000000e+00,4.878013110260715735e+01,1.872992482792494418e+00
6.027185955902055866e+04,9.999221002344651499e-01,7.473494349431533419e-04,0.000000000000000000e+00,4.877520090788793539e+01,1.872814862907407063e+00
6.027186001966761978e+04,9.994037605758694376e-01,7.473446757063512700e-04,0.000000000000000000e+00,4.877019803207515736e+01,1.873983084318030956e+00
6.027186048031468090e+04,1.000492558243280428e+00,7.473481962379466834e-04,0.000000000000000000e+00,4.877845114884802058e+01,1.874109158219157578e+00
6.027186094096175657e+04,1.000400833232371722e+00,7.481154798627882201e-04,0.000000000000000000e+00,4.878285932642742040e+01,1.875962304406295189e+00
6.027186140160881769e+04,1.001367415410530093e+00,7.473500292210905321e-04,0.000000000000000000e+00,4.878397428493229881e+01,1.875892653932473397e+00
6.027186186225587880e+04,1.002043455809646266e+00,7.473563133972532628e-04,0.000000000000000000e+00,4.877915131363835144e+01,1.872939704817971007e+00
6.027186232290296175e+04,1.000690532591661075e+00,7.473525724448212100e-04,0.000000000000000000e+00,4.877819381875735161e+01,1.874080465873436463e+00
6.027186278355002287e+04,1.001023404140047868e+00,7.473521696131468339e-04,0.000000000000000000e+00,4.878161447090593583e+01,1.873159491950359801e+00
6.027186324419708399e+04,9.999359393356394010e-01,7.473317985289354166e-04,0.000000000000000000e+00,4.876895157340000253e+01,1.873036965062792492e+00
6.027186370484415966e+04,1.000929726176258638e+00,7.473300866730090905e-04,0.000000000000000000e+00,4.877622174504345764e+01,1.873380636214509343e+00
6.027186416549122077e+04,1.002234172964349579e+00,7.473359012399609282e-04,0.000000000000000000e+00,4.878250353354400204e+01,1.873823838902734629e+00
6.027186462613828189e+04,1.000594948748547264e+00,7.473293932451466511e-04,0.000000000000000000e+00,4.878138601570062605e+01,1.872077241836296979e+00
6.027186508678535029e+04,9.994795556050333207e-01,7.473247295868400012e-04,0.000000000000000000e+00,4.877853634360924673e+01,1.873045864675953576e+00
6.027186554743241868e+04,9.987357485149723768e-01,7.473228318374024789e-04,0.000000000000000000e+00,4.878385603943418403e+01,1.872516312410384742e+00
6.027186600807947980e+04,9.988014602405481668e-01,7.473237560198231749e-04,0.000000000000000000e+00,4.877383049225669254e+01,1.872285133849643346e+00
6.027186646872654819e+04,9.993734374642895268e-01,7.473274052285417985e-04,0.000000000000000000e+00,4.877185386894144870e+01,1.873137240432270145e+00
6.027186692937360931e+04,9.998502417375078055e-01,7.473261524853272962e-04,0.000000000000000000e+00,4.878098091393493974e+01,1.873935949990667149e+00
6.027186739002067043e+04,1.000840866447009425e+00,7.473277151948475678e-04,0.000000000000000000e+00,4.878809546768640359e+01,1.874659202724112905e+00
6.027186785066773155e+04,1.000326942083904713e+00,7.474487186511452694e-04,0.000000000000000000e+00,4.877937766601578318e+01,1.874453323136225258e+00
6.027186831131480722e+04,9.988981870938283825e-01,7.473271477483242045e-04,0.000000000000000000e+00,4.877805036348193113e+01,1.871784245020945203e+00
6.027186877196186833e+04,9.997814020408249958e-01,7.473277465705267493e-04,0.000000000000000000e+00,4.877846614579613771e+01,1.873136420337515373e+00
6.027186923260892945e+04,1.000435953976798187e+00,7.473291986040162893e-04,0.000000000000000000e+00,4.877348815272583948e+01,1.872929353330234026e+00
6.027186969325600512e+04,1.001921065406711442e+00,7.473334009292026880e-04,0.000000000000000000e+00,4.878031878967045998e+01,1.872518359012137923e+00
6.027187015390306624e+04,9.990529115064050725e-01,7.473260354321745354e-04,0.000000000000000000e+00,4.877439329962525250e+01,1.873787410091037886e+00
6.027187061455012008e+04,1.000540440693590272e+00,7.494092705994273400e-04,0.000000000000000000e+00,4.877795765860133770e+01,1.873267539149874983e+00
6.027187107519719575e+04,1.000888175159518667e+00,7.473301578304059056e-04,0.000000000000000000e+00,4.877744233056206724e+01,1.872720674232313920e+00
6.027187153584425687e+04,1.000138491467727375e+00,7.473278135042407460e-04,0.000000000000000000e+00,4.878504899702603836e+01,1.875462255871793049e+00
6.027187199649131799e+04,9.993927575550332065e-01,7.473264397344704961e-04,0.000000000000000000e+00,4.877398011123627697e+01,1.871725043271255107e+00
6.027187245713838638e+04,9.997098135240476413e-01,7.473265842809570384e-04,0.000000000000000000e+00,4.877956084475367504e+01,1.871514744381315376e+00
6.027187291778545477e+04,9.983237174859070917e-01,7.473205058244830959e-04,0.000000000000000000e+00,4.878087459786669910e+01,1.874409052806324860e+00
6.027187337843250862e+04,1.000780190663911773e+00,7.473297342083355405e-04,0.000000000000000000e+00,4.877732247055710957e+01,1.875239220962962694e+00
6.027187383907957701e+04,9.988225404747829161e-01,7.473236507633877713e-04,0.000000000000000000e+00,4.877447154873722468e+01,1.871621283933493363e+00
6.027187429972664540e+04,1.002051175260550320e+00,7.473345744998287831e-04,0.000000000000000000e+00,4.876987440298593413e+01,1.873925581922476713e+00
6.027187476037369925e+04,1.001176201335150617e+00,7.473330111037580856e-04,0.000000000000000000e+00,4.877179714169658808e+01,1.874832825842522199e+00
6.027187522102076764e+04,1.000615643846383351e+00,7.473341587261684909e-04,0.000000000000000000e+00,4.876904629867249952e+01,1.874903293488461298e+00
6.027187568166783603e+04,1.000179876276134694e+00,7.475916868405459506e-04,0.000000000000000000e+00,4.877433532643370739e+01,1.874003591818836023e+00
6.027187614231489715e+04,1.001838312786657914e+00,7.473320751944737689e-04,0.000000000000000000e+00,4.877742239761641940e+01,1.875497409796893278e+00
6.027187660296195099e+04,1.001153613542474785e+00,7.473308969334664523e-04,0.000000000000000000e+00,4.876618227246355275e+01,1.875235963954144491e+00
6.027187706360902666e+04,9.981881715603472260e-01,7.473195680126899212e-04,0.000000000000000000e+00,4.877854386779557672e+01,1.873688467752070874e+00
6.027187752425608778e+04,1.000276817548274799e+00,7.473265962606484743e-04,0.000000000000000000e+00,4.878334381813828458e+01,1.874200275684837935e+00
6.027187798490314162e+04,1.000335594737498113e+00,7.473244721116985333e-04,0.000000000000000000e+00,4.879339170220890765e+01,1.875150474461977579e+00
6.027187844555021729e+04,9.991483171659154561e-01,7.475889456718398662e-04,0.000000000000000000e+00,4.878501853247040287e+01,1.871528583542195978e+00
6.027187890619727114e+04,9.996003011445712128e-01,7.473264609226113646e-04,0.000000000000000000e+00,4.877842062353523289e+01,1.871586857652329128e+00
6.027187936684433225e+04,9.999097695651822937e-01,7.473311383178096300e-04,0.000000000000000000e+00,4.877942951564173768e+01,1.872806607840941995e+00
6.027187982749140792e+04,1.000954151867486042e+00,7.473320437731169330e-04,0.000000000000000000e+00,4.877719585568931393e+01,1.872309189482489700e+00
6.027188028813846176e+04,1.000945336674006869e+00,7.473302060465121435e-04,0.000000000000000000e+00,4.878345057233188697e+01,1.875756556393036290e+00
6.027188074878552288e+04,1.000684542005001676e+00,7.473297541608487065e-04,0.000000000000000000e+00,4.878355166313502878e+01,1.873199417788573129e+00
6.027188120943258400e+04,1.000064318281836284e+00,7.473264167736639544e-04,0.000000000000000000e+00,4.877259145924139716e+01,1.874645073540196272e+00
6.027188167007965239e+04,1.000587613435078183e+00,7.473298266540044990e-04,0.000000000000000000e+00,4.878092588844458533e+01,1.875765481432384085e+00
6.027188213072670624e+04,1.000400181727152393e+00,7.473295834950101487e-04,0.000000000000000000e+00,4.876947486821558186e+01,1.875751676557846137e+00
6.027188259137377463e+04,1.000850091104285466e+00,7.473305574324858470e-04,0.000000000000000000e+00,4.877370745885993131e+01,1.873746762025377377e+00
6.027188305202083575e+04,9.988736770603635629e-01,7.473230737412354897e-04,0.000000000000000000e+00,4.878272725467229520e+01,1.872454325201684755e+00
6.027188351266789687e+04,1.000626535538762685e+00,7.473308609046801611e-04,0.000000000000000000e+00,4.878674774282203686e+01,1.875022074856575349e+00
6.027188397331495071e+04,9.994118467822414864e-01,7.473224714874836293e-04,0.000000000000000000e+00,4.878813679001680015e+01,1.872888086916250971e+00
6.027188443396202638e+04,1.001514186477373780e+00,7.473348297044446866e-04,0.000000000000000000e+00,4.878217627148320901e+01,1.876018653549379245e+00
6.027188489460908022e+04,1.000461884842102744e+00,7.473267373075257770e-04,0.000000000000000000e+00,4.878411103556597084e+01,1.875476299731868357e+00
6.027188535525614134e+04,9.989277524402463415e-01,7.501200059302062578e-04,0.000000000000000000e+00,4.877813243370324869e+01,1.877948608445835221e+00
6.027188581590320973e+04,9.998575328113940008e-01,7.474370911425448931e-04,0.000000000000000000e+00,4.877138135740631242e+01,1.873918717534996059e+00
6.027188627655027085e+04,9.995381142710806355e-01,7.474377088051780641e-04,0.000000000000000000e+00,4.877902701811936481e+01,1.870179212312842676e+00
6.027188673719732469e+04,9.997076014564332258e-01,7.479924627033273168e-04,0.000000000000000000e+00,4.878372950969636435e+01,1.875832836195288289e+00
6.027188719784439309e+04,1.001592385175632760e+00,7.474404371837022575e-04,0.000000000000000000e+00,4.879045464003947785e+01,1.875309764010205438e+00
6.027188765849145420e+04,1.001168883348008576e+00,7.474404505971166254e-04,0.000000000000000000e+00,4.878615097693683111e+01,1.871720145727977513e+00
6.027188811913850805e+04,1.001231601275735184e+00,7.474428889326659381e-04,0.000000000000000000e+00,4.878189975344595553e+01,1.873788303384397169e+00
6.027188857978558372e+04,1.000127608272593616e+00,7.474374549033591152e-04,0.000000000000000000e+00,4.877612819707297831e+01,1.872653286330127065e+00
6.027188904043263756e+04,9.996106285922100598e-01,7.474366515972829432e-04,0.000000000000000000e+00,4.878313435168917067e+01,1.874233898320892155e+00
6.027188950107969140e+04,1.001644558743620905e+00,7.474463789740072583e-04,0.000000000000000000e+00,4.878680320843896823e+01,1.872992045892755808e+00
6.027188996172675979e+04,9.998804467153026287e-01,7.474367676152808863e-04,0.000000000000000000e+00,4.878525305338764895e+01,1.873093433484725789e+00
6.027189042237382091e+04,1.001514637921331552e+00,7.474422219474565789e-04,0.000000000000000000e+00,4.878352819168139831e+01,1.870898342935528591e+00
6.027189088302087475e+04,1.001390926434579498e+00,7.474410578003364046e-04,0.000000000000000000e+00,4.878608706802408790e+01,1.874027741021829119e+00
6.027189134366793587e+04,1.001549563966777745e+00,7.474428117501944781e-04,0.000000000000000000e+00,4.878670232902656778e+01,1.872872001920560914e+00
6.027189180431500426e+04,9.998265300628369490e-01,7.474400870253489898e-04,0.000000000000000000e+00,4.878097415940047910e+01,1.869922497470213996e+00
6.027189226496205811e+04,9.991556610789957826e-01,7.474349537242801602e-04,0.000000000000000000e+00,4.877638950157125208e+01,1.872252250318765077e+00
6.027189272560911195e+04,1.001131445902220030e+00,7.474446906322655638e-04,0.000000000000000000e+00,4.877582307211659440e+01,1.873257589687538749e+00
6.027189318625618762e+04,1.000277490028850025e+00,7.474416322462173502e-04,0.000000000000000000e+00,4.878082210087504933e+01,1.872745426630347154e+00
6.027189364690324146e+04,9.990405781935791651e-01,7.474351495045628794e-04,0.000000000000000000e+00,4.878115020256467460e+01,1.870908238513327992e+00
6.027189410755029530e+04,9.993604207424550134e-01,7.474352622105514101e-04,0.000000000000000000e+00,4.878618679183592377e+01,1.874181970702120337e+00
6.027189456819736370e+04,9.994523748195726087e-01,7.474337191018711867e-04,0.000000000000000000e+00,4.878793314090283673e+01,1.875473155369332900e+00
6.027189502884441754e+04,1.000856519482277829e+00,7.480503723955434338e-04,0.000000000000000000e+00,4.878795536031839930e+01,1.871288005938296362e+00
6.027189548949147138e+04,9.989275163232604893e-01,7.474327736385277202e-04,0.000000000000000000e+00,4.878643531029503322e+01,1.870756108187437983e+00
6.027189595013854705e+04,9.985385614745203586e-01,7.474319241333942732e-04,0.000000000000000000e+00,4.877692707224117896e+01,1.874428576301365057e+00
6.027189641078560089e+04,9.999594803619604733e-01,7.474377628060754593e-04,0.000000000000000000e+00,4.878023126911283214e+01,1.872845573951470888e+00
6.027189687143265473e+04,1.000583976215855042e+00,7.474407889542629630e-04,0.000000000000000000e+00,4.877861374772016489e+01,1.875977580424593061e+00
6.027189733207972313e+04,1.001510376859449547e+00,7.474420683332917877e-04,0.000000000000000000e+00,4.878362084976908619e+01,1.872548891870821963e+00
6.027189779272677697e+04,1.000705690528536973e+00,7.474396710325496461e-04,0.000000000000000000e+00,4.877546444305276907e+01,1.872561244678901282e+00
6.027189825337383081e+04,9.995441214455428325e-01,7.478733805160345076e-04,0.000000000000000000e+00,4.877707628281106622e+01,1.873739703191640738e+00
6.027189871402089193e+04,1.003007236409122926e+00,7.494916411313637351e-04,0.000000000000000000e+00,4.878060248659755160e+01,1.871282941003868938e+00
6.027189917466795305e+04,9.995742232347260003e-01,7.474365042006714255e-04,0.000000000000000000e+00,4.878152612169185431e+01,1.872647676557288143e+00
6.027189963531501417e+04,9.997096182828363320e-01,7.474374875281880604e-04,0.000000000000000000e+00,4.878327809989017538e+01,1.873090528998866855e+00
6.027190009596207528e+04,1.001524556329648874e+00,7.474429239572109428e-04,0.000000000000000000e+00,4.878625984880492439e+01,1.871563027753958774e+00
6.027190055660913640e+04,1.000429472635625761e+00,7.474380102593606440e-04,0.000000000000000000e+00,4.878425253315066357e+01,1.874587411930940029e+00
6.027190101725619024e+04,1.001193063066430966e+00,7.474412201477138081e-04,0.000000000000000000e+00,4.878428921773955551e+01,1.871385878790149837e+00
6.027190147790324409e+04,9.988929469931495664e-01,7.474342852233145304e-04,0.000000000000000000e+00,4.878847712700650874e+01,1.874247823836280524e+00
6.027190193855031248e+04,1.000187429116441207e+00,7.474370370608889643e-04,0.000000000000000000e+00,4.877871863371563421e+01,1.874510277233836009e+00
6.027190239919736632e+04,1.001508594620694748e+00,7.474441218591659818e-04,0.000000000000000000e+00,4.877554415706947566e+01,1.873578364064896196e+00
6.027190285984442016e+04,1.000864814470490138e+00,7.474407822626338328e-04,0.000000000000000000e+00,4.878018463321107845e+01,1.872398616934416227e+00
6.027190332049148856e+04,1.000766550692934187e+00,7.474379112785047973e-04,0.000000000000000000e+00,4.878228185626805669e+01,1.873006256803120051e+00
6.027190378113854240e+04,1.001103746546603945e+00,7.474394866383792489e-04,0.000000000000000000e+00,4.878559328964730923e+01,1.872107105902469648e+00
6.027190424178558897e+04,9.997026759986160638e-01,7.474365597526450369e-04,0.000000000000000000e+00,4.877937144299065153e+01,1.872402712741146891e+00
6.027190470243265736e+04,1.000587223533942582e+00,7.474463114129915571e-04,0.000000000000000000e+00,4.878062157491203266e+01,1.872608089637234130e+00
6.027190516307971120e+04,1.000731386664514444e+00,7.484634702791812585e-04,0.000000000000000000e+00,4.878379447685219361e+01,1.869942361145685128e+00
6.027190562372676504e+04,9.993305390253945930e-01,7.474365645893884559e-04,0.000000000000000000e+00,4.878048434690808222e+01,1.871632533362748152e+00
6.027190608437382616e+04,1.002283470518671615e+00,7.474440765549805570e-04,0.000000000000000000e+00,4.878050141174836796e+01,1.874707940147541718e+00
6.027190654502088728e+04,1.000822936267157681e+00,7.474395053701589397e-04,0.000000000000000000e+00,4.878119652446835630e+01,1.873524261943938951e+00
6.027190700566794112e+04,1.001782632565624054e+00,7.474480582772034332e-04,0.000000000000000000e+00,4.877977193172100101e+01,1.871999286073010138e+00
6.027190746631500224e+04,9.995689669053869908e-01,7.474338839541970958e-04,0.000000000000000000e+00,4.878268458099132943e+01,1.871242108237977098e+00
6.027190792696206336e+04,1.000137287915313422e+00,7.474369073041342527e-04,0.000000000000000000e+00,4.878306854486673672e+01,1.874697150585997285e+00
6.027190838760910992e+04,1.001664353487649262e+00,7.475118295624046290e-04,0.000000000000000000e+00,4.878482621043499989e+01,1.872462999568782260e+00
6.027190884825617104e+04,1.001284109298230973e+00,7.475126661382649725e-04,0.000000000000000000e+00,4.878061493587222941e+01,1.874429643821781344e+00
6.027190930890323216e+04,1.000179681863510694e+00,7.475070444662339827e-04,0.000000000000000000e+00,4.879137960286814746e+01,1.871802652936612965e+00
6.027190976955028600e+04,1.000424132086449758e+00,7.475097846909619899e-04,0.000000000000000000e+00,4.878564443606976653e+01,1.874160806937114954e+00
6.027191023019733984e+04,1.000631793398155889e+00,7.475131424684463254e-04,0.000000000000000000e+00,4.877750222974915317e+01,1.871855105582237888e+00
6.027191069084440096e+04,1.001643104130299111e+00,7.475133556925145015e-04,0.000000000000000000e+00,4.878387216697105799e+01,1.874445947881735242e+00
6.027191115149145480e+04,1.002440456234448440e+00,7.475174423613546379e-04,0.000000000000000000e+00,4.877215844885722618e+01,1.876191185521060678e+00
6.027191161213850864e+04,9.996921082843838180e-01,7.475059811397875582e-04,0.000000000000000000e+00,4.877787242178385441e+01,1.871786042478249756e+00
6.027191207278557704e+04,9.999945550268868333e-01,7.475083483472676161e-04,0.000000000000000000e+00,4.878041503155932901e+01,1.874627333125078898e+00
6.027191253343262360e+04,9.998504258949896251e-01,7.475055500722632175e-04,0.000000000000000000e+00,4.878262245277515774e+01,1.874046441633346660e+00
6.027191299407967745e+04,9.997390596508126670e-01,7.475027968880212145e-04,0.000000000000000000e+00,4.878339260306597680e+01,1.873645577448620703e+00
6.027191345472674584e+04,9.998872329219906652e-01,7.475075253626324231e-04,0.000000000000000000e+00,4.878422256115587174e+01,1.872097051172616267e+00
6.027191391537379241e+04,1.000492086849850137e+00,7.475096209331917336e-04,0.000000000000000000e+00,4.878460218511271052e+01,1.871907440830710589e+00
6.027191437602084625e+04,1.000654378295816382e+00,7.475077391791525765e-04,0.000000000000000000e+00,4.878366644578520805e+01,1.871583135887220140e+00
6.027191483666790737e+04,1.001746490442978477e+00,7.478078057395786456e-04,0.000000000000000000e+00,4.877855825273390877e+01,1.872914118482902346e+00
6.027191529731496121e+04,1.000592782591595897e+00,7.475087056754816175e-04,0.000000000000000000e+00,4.878119760097894186e+01,1.875513833331434066e+00
6.027191575796201505e+04,1.001393015377225693e+00,7.475160681869469099e-04,0.000000000000000000e+00,4.877954076565441710e+01,1.873717333125019646e+00
6.027191621860907617e+04,1.000377363689411547e+00,7.475076573931080598e-04,0.000000000000000000e+00,4.878732945046007785e+01,1.873095383901208555e+00
6.027191667925613001e+04,1.002153249686322800e+00,7.475162931753530707e-04,0.000000000000000000e+00,4.878423048758408953e+01,1.872344034029115978e+00
6.027191713990318385e+04,9.999215880762791775e-01,7.475094034659476513e-04,0.000000000000000000e+00,4.878245131806428248e+01,1.873883552356868210e+00
6.027191760055023042e+04,9.982770619561445180e-01,7.475028449428376340e-04,0.000000000000000000e+00,4.878887829196106907e+01,1.871935156017427992e+00
6.027191806119729881e+04,1.001827109292993345e+00,7.475182384007483284e-04,0.000000000000000000e+00,4.878866578558189104e+01,1.870845308148482822e+00
6.027191852184435265e+04,1.000872319583827608e+00,7.475159515799049623e-04,0.000000000000000000e+00,4.878554825683740148e+01,1.872835083821397406e+00
6.027191898249139922e+04,1.000947850103063308e+00,7.475101241837062366e-04,0.000000000000000000e+00,4.878452803569161489e+01,1.874741589518615470e+00
6.027191944313846761e+04,1.001420412979691310e+00,7.475143203902012527e-04,0.000000000000000000e+00,4.878418203037576717e+01,1.873050506888573441e+00
6.027191990378551418e+04,1.001521940996659144e+00,7.475133514679327710e-04,0.000000000000000000e+00,4.877650609959838590e+01,1.873531211019445308e+00
6.027192036443256802e+04,1.000235307138468199e+00,7.475140422149569117e-04,0.000000000000000000e+00,4.878228516042882745e+01,1.871284197735564980e+00
6.027192082507962914e+04,9.992986558915336603e-01,7.475043747530381354e-04,0.000000000000000000e+00,4.878410809538595316e+01,1.871404030928627504e+00
6.027192128572668298e+04,9.992926329615191561e-01,7.475066769266652160e-04,0.000000000000000000e+00,4.877898297754104107e+01,1.872328312875792822e+00
6.027192174637372955e+04,9.987751660367660822e-01,7.501307917465984071e-04,0.000000000000000000e+00,4.878001298503119187e+01,1.872815651984382379e+00
6.027192220702079794e+04,1.000014947393519371e+00,7.475096858535992166e-04,0.000000000000000000e+00,4.878150370053646157e+01,1.873092746693154842e+00
6.027192266766784451e+04,1.002010192258892651e+00,7.475134014080933934e-04,0.000000000000000000e+00,4.878703203648136366e+01,1.877502995089853410e+00
6.027192312831489107e+04,9.987063823542259300e-01,7.475060148269079257e-04,0.000000000000000000e+00,4.878381353814566523e+01,1.873619550019729685e+00
6.027192358896195219e+04,1.001090006065495697e+00,7.475125497395529060e-04,0.000000000000000000e+00,4.879073874322026683e+01,1.874584444412446871e+00
6.027192404960900603e+04,9.993377023767983092e-01,7.475046381253173076e-04,0.000000000000000000e+00,4.878980925752848918e+01,1.871745038799579097e+00
6.027192451025605988e+04,1.000074368370511557e+00,7.475136835577869763e-04,0.000000000000000000e+00,4.878070365430525612e+01,1.875072482443733701e+00
6.027192497090311372e+04,1.002434722647934429e+00,7.475195760055026095e-04,0.000000000000000000e+00,4.878210951567536569e+01,1.875171150506437678e+00
6.027192543155016756e+04,9.991346205099299604e-01,7.475059090974264407e-04,0.000000000000000000e+00,4.877833393791905081e+01,1.875094423464895854e+00
6.027192589219722140e+04,9.978233703777587005e-01,7.475024217298576737e-04,0.000000000000000000e+00,4.878674029453758010e+01,1.872769813739126654e+00
6.027192635284426797e+04,1.000355151257780184e+00,7.475079821883648303e-04,0.000000000000000000e+00,4.877922227992873161e+01,1.872166834878866259e+00
6.027192681349133636e+04,9.994536015353563396e-01,7.475048129449683590e-04,0.000000000000000000e+00,4.877987008981311590e+01,1.874413345481723780e+00
6.027192727413838293e+04,9.998445971816958266e-01,7.475082080257483465e-04,0.000000000000000000e+00,4.878132551762574565e+01,1.872691475556103713e+00
6.027192773478542949e+04,9.998452489067108928e-01,7.485924138359599305e-04,0.000000000000000000e+00,4.878416360524605011e+01,1.872189227222761820e+00
6.027192819543249061e+04,9.999416934977870541e-01,7.475102760985715810e-04,0.000000000000000000e+00,4.877897738084943313e+01,1.870691986114540351e+00
6.027192865607954445e+04,9.991667741040599626e-01,7.475043364658716209e-04,0.000000000000000000e+00,4.877690523610900186e+01,1.873993408062128108e+00
6.027192911672659102e+04,9.998156012275386528e-01,7.475103521797156784e-04,0.000000000000000000e+00,4.876684197196397719e+01,1.874475359281574161e+00
6.027192957737365214e+04,9.988221711455224083e-01,7.475056060858808983e-04,0.000000000000000000e+00,4.877891748423861884e+01,1.872081328185228433e+00
6.027193003802070598e+04,1.000765204320678503e+00,7.475128362991259601e-04,0.000000000000000000e+00,4.878439384956453040e+01,1.874294498953320121e+00
6.027193049866775254e+04,1.000266207446562250e+00,7.475097437921120365e-04,0.000000000000000000e+00,4.877308451269482248e+01,1.875323335597933516e+00
6.027193095931480639e+04,1.001089610693525866e+00,7.475060726364946874e-04,0.000000000000000000e+00,4.877181583616618354e+01,1.872600173137659363e+00
6.027193141996186023e+04,1.000360074129373444e+00,7.475015914740931440e-04,0.000000000000000000e+00,4.878209913511861373e+01,1.872470173026619555e+00
6.027193188060890679e+04,1.000361067243928259e+00,7.475013493526545772e-04,0.000000000000000000e+00,4.878344130210091123e+01,1.872711891622004021e+00
6.027193234125596791e+04,1.000790856208521928e+00,7.475008818632242723e-04,0.000000000000000000e+00,4.877960804833733022e+01,1.870901796418683594e+00
6.027193280190302175e+04,9.999283432125817273e-01,7.475030348519074407e-04,0.000000000000000000e+00,4.877210064691341529e+01,1.871894140447570631e+00
6.027193326255006832e+04,9.991280906545494389e-01,7.475018215880492459e-04,0.000000000000000000e+00,4.876969319699310290e+01,1.870732376252583595e+00
6.027193372319712216e+04,1.002070485042459769e+00,7.488597955733869481e-04,0.000000000000000000e+00,4.875860969385692556e+01,1.874079944120069285e+00
6.027193418384417600e+04,1.000088359072342836e+00,7.475016731692987575e-04,0.000000000000000000e+00,4.876287126045671982e+01,1.873642812677755121e+00
6.027193464449122257e+04,1.000410389414032153e+00,7.475044307409144714e-04,0.000000000000000000e+00,4.877048392338998184e+01,1.874723372895986895e+00
6.027193510513827641e+04,1.000094980550677137e+00,7.474986600435088672e-04,0.000000000000000000e+00,4.877866749119809953e+01,1.874455036039189393e+00
6.027193556578533753e+04,1.000408569609062770e+00,7.475023561073452583e-04,0.000000000000000000e+00,4.878197333701457694e+01,1.872866153292813474e+00
6.027193602643238410e+04,1.000319029514080915e+00,7.475027226501811638e-04,0.000000000000000000e+00,4.877929581660731628e+01,1.874369520441715453e+00
6.027193648707943066e+04,1.000755511484370475e+00,7.475023042341102757e-04,0.000000000000000000e+00,4.878157736485454166e+01,1.875544778704445914e+00
6.027193694772649178e+04,1.000554832337391620e+00,7.475581870253084895e-04,0.000000000000000000e+00,4.877750046634096748e+01,1.873838851212924705e+00
6.027193740837353835e+04,9.990752388098337322e-01,7.474968125986917317e-04,0.000000000000000000e+00,4.877818271966197727e+01,1.873768596274771880e+00
6.027193786902058491e+04,1.000192057762300912e+00,7.475001465899943839e-04,0.000000000000000000e+00,4.877529363692502784e+01,1.871719953620429866e+00
6.027193832966764603e+04,9.988870645165572881e-01,7.474971570123050291e-04,0.000000000000000000e+00,4.877433537819900522e+01,1.872071655512086652e+00
6.027193879031469260e+04,1.000913822218488347e+00,7.475037687013648792e-04,0.000000000000000000e+00,4.878724471771459292e+01,1.874757445799023703e+00
6.027193925096173916e+04,9.994550394870880261e-01,7.474966410889197438e-04,0.000000000000000000e+00,4.878427350778547122e+01,1.872435151139885345e+00
6.027193971160879300e+04,9.994795590992687773e-01,7.475009101576466329e-04,0.000000000000000000e+00,4.877698423386976145e+01,1.870840663484873989e+00
6.027194017225584685e+04,9.991103013974346192e-01,7.475002995106447019e-04,0.000000000000000000e+00,4.877482396306720602e+01,1.871905460003336241e+00
6.027194063290289341e+04,9.998261597301559833e-01,7.475002385162610044e-04,0.000000000000000000e+00,4.877933135819139210e+01,1.874806173068921167e+00
6.027194109354994725e+04,1.000949777111148631e+00,7.475030355092571578e-04,0.000000000000000000e+00,4.877730569925125792e+01,1.871478735394978665e+00
6.027194155419700110e+04,1.001097315267277743e+00,7.475057301245933592e-04,0.000000000000000000e+00,4.878160886868261059e+01,1.871350170618150122e+00
6.027194201484404766e+04,1.001239932185704840e+00,7.475035505117990720e-04,0.000000000000000000e+00,4.877221882018971399e+01,1.872653761252196292e+00
6.027194247549109423e+04,1.001013320737878409e+00,7.475077216639523488e-04,0.000000000000000000e+00,4.876846971753788296e+01,1.871987794397263372e+00
6.027194293613815535e+04,1.001989936230872402e+00,7.475075522866225872e-04,0.000000000000000000e+00,4.877109880550980847e+01,1.874183421034298691e+00
6.027194339678520191e+04,9.999851095877680951e-01,7.474983989317267145e-04,0.000000000000000000e+00,4.878286082560094172e+01,1.872772127544661824e+00
6.027194385743224120e+04,9.999745107081388085e-01,7.477220382301513930e-04,0.000000000000000000e+00,4.877822638721623605e+01,1.874789486651679882e+00
6.027194431807930232e+04,1.002544786512342911e+00,7.475092301896725955e-04,0.000000000000000000e+00,4.877632084494281628e+01,1.873072792475309001e+00
6.027194477872634889e+04,1.000338647922624391e+00,7.475030166495911588e-04,0.000000000000000000e+00,4.878294939933363850e+01,1.872724318575057723e+00
6.027194523937339545e+04,1.002631511641335793e+00,7.475083386585896963e-04,0.000000000000000000e+00,4.878328322136086115e+01,1.874006920636542173e+00
6.027194570002045657e+04,1.000040803083983354e+00,7.475009738361144051e-04,0.000000000000000000e+00,4.878333131155532243e+01,1.872807101505022720e+00
6.027194616066750314e+04,9.991208861724473200e-01,7.474993758826962726e-04,0.000000000000000000e+00,4.878344391623295451e+01,1.872003239861033785e+00
6.027194662131454970e+04,1.001036709063884755e+00,7.475026712239268498e-04,0.000000000000000000e+00,4.877694966336269999e+01,1.872612421943544714e+00
6.027194708196160354e+04,1.000731439640849540e+00,7.475055810012809195e-04,0.000000000000000000e+00,4.877619562676368048e+01,1.872526832811827635e+00
6.027194754260865011e+04,1.000384208478379389e+00,7.475040708566207731e-04,0.000000000000000000e+00,4.877134482818800620e+01,1.872404916718747758e+00
6.027194800325569668e+04,1.000281138611487153e+00,7.475024054285525328e-04,0.000000000000000000e+00,4.877090024802320301e+01,1.872318858142808295e+00
6.027194846390275052e+04,1.001940329422830178e+00,7.475098807170240918e-04,0.000000000000000000e+00,4.877374474343785238e+01,1.874442876861323493e+00
6.027194892454979708e+04,1.001978182248402849e+00,7.475101204535043254e-04,0.000000000000000000e+00,4.877584985594261724e+01,1.874084455357826862e+00
6.027194938519684365e+04,1.000826645538648751e+00,7.475028332026825619e-04,0.000000000000000000e+00,4.877866805155449015e+01,1.873110763759053832e+00
6.027194984584389749e+04,1.000301836723361593e+00,7.474999411333511489e-04,0.000000000000000000e+00,4.878354008537793618e+01,1.872629903529700490e+00
6.027195030649095133e+04,9.998729540131378046e-01,7.474982325552458713e-04,0.000000000000000000e+00,4.878189419254586312e+01,1.873808860048343350e+00
6.027195076713799062e+04,9.994976203268433057e-01,7.474974192172447558e-04,0.000000000000000000e+00,4.878447208245868438e+01,1.871901551458862389e+00
6.027195122778503719e+04,1.000705035460877301e+00,7.475044802155424249e-04,0.000000000000000000e+00,4.877845647595088963e+01,1.873413022530212357e+00
6.027195168843209831e+04,9.984588075262640361e-01,7.474932379493251814e-04,0.000000000000000000e+00,4.878646275753911254e+01,1.873090249647261452e+00
6.027195214907913760e+04,1.001274076502015165e+00,7.475028587850288076e-04,0.000000000000000000e+00,4.878918569629878732e+01,1.872499914168935797e+00
6.027195260972618416e+04,1.001654858960371097e+00,7.475042264150836939e-04,0.000000000000000000e+00,4.879562884034118753e+01,1.874164217953504297e+00
6.027195307037324528e+04,1.000344178962750963e+00,7.475019354893564687e-04,0.000000000000000000e+00,4.878306898226714594e+01,1.869634231901043497e+00
6.027195353102028457e+04,1.001933504838264932e+00,7.476018208908783574e-04,0.000000000000000000e+00,4.878038234817774565e+01,1.873481623315840228e+00
6.027195399166733114e+04,1.000155900262195141e+00,7.475948324312546491e-04,0.000000000000000000e+00,4.878109448996465858e+01,1.872843050922229358e+00
6.027195445231438498e+04,1.001582257276030674e+00,7.476023284164694640e-04,0.000000000000000000e+00,4.878039381944066122e+01,1.874974195919571596e+00
6.027195491296143155e+04,1.000790550624877318e+00,7.475987275708465950e-04,0.000000000000000000e+00,4.878115475144882396e+01,1.872982685415615745e+00
6.027195537360847811e+04,9.982105757767106846e-01,7.475889964119065284e-04,0.000000000000000000e+00,4.878166152098916797e+01,1.872253149200504119e+00
6.027195583425552468e+04,1.000621317058518533e+00,7.475979488455184504e-04,0.000000000000000000e+00,4.878429166574792930e+01,1.871124670557572367e+00
6.027195629490257852e+04,1.000461496047919674e+00,7.476017409833811802e-04,0.000000000000000000e+00,4.877846150036604911e+01,1.874712091857847707e+00
6.027195675554961781e+04,1.001121918158172086e+00,7.476027676428028280e-04,0.000000000000000000e+00,4.877377248155148237e+01,1.873121542154302821e+00
6.027195721619667165e+04,1.002731967398696744e+00,7.476065680899089336e-04,0.000000000000000000e+00,4.877901194172694233e+01,1.872895620913725079e+00
6.027195767684371822e+04,1.000449914429866194e+00,7.475985736907495623e-04,0.000000000000000000e+00,4.877959778505555732e+01,1.872438431208249376e+00
6.027195813749076478e+04,9.994020555057151478e-01,7.475949134823293551e-04,0.000000000000000000e+00,4.878180782750064992e+01,1.872423306820746758e+00
6.027195859813781135e+04,1.000719051089165257e+00,7.476004703197538029e-04,0.000000000000000000e+00,4.877700895816987270e+01,1.871585406699586951e+00
6.027195905878486519e+04,1.002533272290927258e+00,7.476053294609251573e-04,0.000000000000000000e+00,4.877452172691885579e+01,1.873975098294080377e+00
6.027195951943190448e+04,1.000230417900896063e+00,7.475982670602489494e-04,0.000000000000000000e+00,4.877971475027988646e+01,1.874413396628569650e+00
6.027195998007895105e+04,9.997552997114833584e-01,7.475975029344860681e-04,0.000000000000000000e+00,4.877965076949288914e+01,1.872082807774804625e+00
6.027196044072600489e+04,9.998485101807370601e-01,7.475962092008423075e-04,0.000000000000000000e+00,4.877678092357644601e+01,1.870299284052888922e+00
6.027196090137305146e+04,1.000928946795397012e+00,7.476010736816882194e-04,0.000000000000000000e+00,4.878203062002545209e+01,1.874408968875728387e+00
6.027196136202009075e+04,1.000868381995671186e+00,7.476014207294444207e-04,0.000000000000000000e+00,4.878327352284997431e+01,1.873340103665044776e+00
6.027196182266714459e+04,1.001008479677239160e+00,7.475994411211952856e-04,0.000000000000000000e+00,4.878097374781673068e+01,1.873238914860888560e+00
6.027196228331419115e+04,1.000140229188322127e+00,7.475961123191166837e-04,0.000000000000000000e+00,4.878220078293013273e+01,1.871948959868490414e+00
6.027196274396123044e+04,1.000572525755088371e+00,7.475984942876108758e-04,0.000000000000000000e+00,4.878130700435259826e+01,1.872846386990187906e+00
6.027196320460829156e+04,9.999723844813876994e-01,7.475985157244530860e-04,0.000000000000000000e+00,4.878148462089791337e+01,1.873519655031240738e+00
6.027196366525533085e+04,9.995261892308265894e-01,7.481750331640255741e-04,0.000000000000000000e+00,4.878060920759745045e+01,1.872626102479648225e+00
6.027196412590237014e+04,1.000676419794324756e+00,7.476024619295045101e-04,0.000000000000000000e+00,4.877950910730370992e+01,1.873728132443055694e+00
6.027196458654942398e+04,1.001642032077069366e+00,7.476055399014847752e-04,0.000000000000000000e+00,4.877371110262794218e+01,1.870109689146732146e+00
6.027196504719647055e+04,9.997523626432043287e-01,7.475949133875086109e-04,0.000000000000000000e+00,4.877435637885331232e+01,1.871843087719697429e+00
6.027196550784350984e+04,9.999412081037394318e-01,7.475965220910727425e-04,0.000000000000000000e+00,4.877684780469858339e+01,1.870654925255295309e+00
6.027196596849056368e+04,1.001067087350449691e+00,7.476021500349955924e-04,0.000000000000000000e+00,4.878134007855983612e+01,1.873901906467254630e+00
6.027196642913761025e+04,1.001116848828696559e+00,7.476032133041488710e-04,0.000000000000000000e+00,4.877650240567349016e+01,1.873023577058183786e+00
6.027196688978464954e+04,1.000731764986351191e+00,7.476010993326154567e-04,0.000000000000000000e+00,4.877808516111605996e+01,1.872813673150323988e+00
6.027196735043168883e+04,1.000407597594850095e+00,7.475992878006574877e-04,0.000000000000000000e+00,4.878818965016171205e+01,1.871284635032570698e+00
6.027196781107874995e+04,1.001436213118401142e+00,7.475982422009079097e-04,0.000000000000000000e+00,4.879151403113362306e+01,1.872857366134042856e+00
6.027196827172578924e+04,1.000907306642036643e+00,7.476015357022672411e-04,0.000000000000000000e+00,4.878145748148369876e+01,1.871279871384561311e+00
6.027196873237282853e+04,1.000867062358802073e+00,7.475986653696713950e-04,0.000000000000000000e+00,4.879057782329946491e+01,1.871699865183937606e+00
6.027196919301988237e+04,1.000378640041685641e+00,7.475955329390221102e-04,0.000000000000000000e+00,4.878948213592966709e+01,1.870497750293681483e+00
6.027196965366692893e+04,1.000703752507871247e+00,7.475975630037578904e-04,0.000000000000000000e+00,4.878466169306739175e+01,1.871038601219343844e+00
6.027197011431396822e+04,1.000406679736105087e+00,7.475995323731820467e-04,0.000000000000000000e+00,4.878019210937208072e+01,1.874343469360161052e+00
6.027197057496102207e+04,1.000245252286971365e+00,7.475966816034685476e-04,0.000000000000000000e+00,4.877672318614196456e+01,1.874878305413888224e+00
6.027197103560806136e+04,1.001320906438197378e+00,7.476031601750099788e-04,0.000000000000000000e+00,4.877516565811379223e+01,1.875767365778812534e+00
6.027197149625510065e+04,1.001177600596735884e+00,7.476047689340954532e-04,0.000000000000000000e+00,4.877055890094688095e+01,1.873955458329545909e+00
6.027197195690215449e+04,1.000934803219075908e+00,7.476018730780257561e-04,0.000000000000000000e+00,4.878067027821568757e+01,1.876669039034154940e+00
6.027197241754920105e+04,1.000937675217902223e+00,7.476031529820858796e-04,0.000000000000000000e+00,4.877440269350221058e+01,1.875011530000924020e+00
6.027197287819624034e+04,9.998762826308308371e-01,7.475986618835713145e-04,0.000000000000000000e+00,4.877759587813635989e+01,1.873470649743114391e+00
6.027197333884328691e+04,9.992481303578533147e-01,7.475943497109769449e-04,0.000000000000000000e+00,4.878156590016906335e+01,1.872706427806057894e+00
6.027197379949033348e+04,1.001578997873378007e+00,7.476024132560180448e-04,0.000000000000000000e+00,4.877915916340018754e+01,1.876078259311048990e+00
6.027197426013737277e+04,1.003605342418306234e+00,7.476114257347694003e-04,0.000000000000000000e+00,4.877899658888608769e+01,1.871321477457292826e+00
6.027197472078441933e+04,1.001106853645870043e+00,7.476026196757186047e-04,0.000000000000000000e+00,4.878577308368112853e+01,1.871745494741841487e+00
6.027197518143146590e+04,1.001370483607449069e+00,7.475989444007786425e-04,0.000000000000000000e+00,4.877989118961946957e+01,1.874974251605243225e+00
6.027197564207850519e+04,1.000789077356136092e+00,7.476005856484233773e-04,0.000000000000000000e+00,4.877396275096523226e+01,1.873370771654328859e+00
6.027197610272554448e+04,9.988346819591923387e-01,7.475729187993653165e-04,0.000000000000000000e+00,4.877728712176838144e+01,1.871472522378481607e+00
6.027197656337259832e+04,9.997590105973162000e-01,7.475677906881618429e-04,0.000000000000000000e+00,4.877633903715567243e+01,1.873349623312122736e+00
6.027197702401963761e+04,1.001370796814121666e+00,7.475750706793768451e-04,0.000000000000000000e+00,4.877422623022595616e+01,1.873358679939755023e+00
6.027197748466667690e+04,1.001909348004534905e+00,7.475770862283519615e-04,0.000000000000000000e+00,4.878112140752647008e+01,1.874748639807416462e+00
6.027197794531373074e+04,1.000110325734767880e+00,7.475705898978323230e-04,0.000000000000000000e+00,4.877268526462374609e+01,1.872090300879029279e+00
6.027197840596077003e+04,1.001098003408911863e+00,7.475761776308716133e-04,0.000000000000000000e+00,4.877663961497566447e+01,1.873149239628933316e+00
6.027197886660780932e+04,9.997496702894548282e-01,7.475689164680783972e-04,0.000000000000000000e+00,4.877827983835229730e+01,1.872571672634958162e+00
6.027197932725486316e+04,1.001304719607317706e+00,7.475749417559703893e-04,0.000000000000000000e+00,4.877624831401615069e+01,1.874468009847160221e+00
6.027197978790190245e+04,1.001598645288817702e+00,7.475766724764275296e-04,0.000000000000000000e+00,4.877388658558038514e+01,1.876205144537035574e+00
6.027198024854894174e+04,1.001743614470384625e+00,7.475804725563145762e-04,0.000000000000000000e+00,4.877239638000703081e+01,1.874991373793539751e+00
6.027198070919598831e+04,1.000984921964023888e+00,7.475744681231574068e-04,0.000000000000000000e+00,4.877646840262057282e+01,1.873950749948217087e+00
6.027198116984303488e+04,1.000980088044684413e+00,7.475741890776363419e-04,0.000000000000000000e+00,4.878474152277760112e+01,1.871813739607668836e+00
6.027198163049007417e+04,9.999473819552127107e-01,7.475705834429300636e-04,0.000000000000000000e+00,4.877931015345279775e+01,1.874057442473507251e+00
6.027198209113711346e+04,1.001646996123621403e+00,7.475743173593167590e-04,0.000000000000000000e+00,4.878033292041151014e+01,1.876507293562378553e+00
6.027198255178416002e+04,1.001365645692992024e+00,7.475753236687966230e-04,0.000000000000000000e+00,4.878927584869953904e+01,1.873167298062139663e+00
6.027198301243119931e+04,1.001265028492486664e+00,7.475758482668754673e-04,0.000000000000000000e+00,4.878061021976413514e+01,1.870861217347105532e+00
6.027198347307824588e+04,9.999067038563856924e-01,7.475693660116751894e-04,0.000000000000000000e+00,4.877786669362289018e+01,1.872478427127711065e+00
6.027198393372529245e+04,9.995594708798783978e-01,7.475672272073938295e-04,0.000000000000000000e+00,4.878059169650518356e+01,1.874262178623965047e+00
6.027198439437233174e+04,9.999206638352848842e-01,7.475701293699701672e-04,0.000000000000000000e+00,4.878434038107125303e+01,1.871963976277353447e+00
6.027198485501936375e+04,1.000714354943513573e+00,7.475735380878573318e-04,0.000000000000000000e+00,4.877766103168375622e+01,1.874779072356592025e+00
6.027198531566641759e+04,1.000819333309043380e+00,7.475738740297970713e-04,0.000000000000000000e+00,4.877990004390894541e+01,1.870392625511302143e+00
6.027198577631345688e+04,1.000932807556416337e+00,7.476506405267002416e-04,0.000000000000000000e+00,4.878258360764428403e+01,1.873218468510888579e+00
6.027198623696049617e+04,1.000860821988856175e+00,7.475741052275963663e-04,0.000000000000000000e+00,4.878438246124926536e+01,1.872347873937709073e+00
6.027198669760754274e+04,9.992352260772999761e-01,7.475698116312045303e-04,0.000000000000000000e+00,4.878153108423549611e+01,1.870739853174216760e+00
6.027198715825458203e+04,1.000426858336127989e+00,7.475713102909261340e-04,0.000000000000000000e+00,4.878411727397309505e+01,1.872167928406013759e+00
6.027198761890162132e+04,1.001826108977114993e+00,7.475791871130527599e-04,0.000000000000000000e+00,4.877762889996436257e+01,1.874408198689937910e+00
6.027198807954867516e+04,1.000816455034762464e+00,7.475760972051522521e-04,0.000000000000000000e+00,4.877768557808234107e+01,1.870574751829497284e+00
6.027198854019570717e+04,1.001097981192323738e+00,7.475767871858535153e-04,0.000000000000000000e+00,4.877598074517763393e+01,1.871460396918311453e+00
6.027198900084274646e+04,9.992507051860816114e-01,7.475818692965346957e-04,0.000000000000000000e+00,4.878421265861533129e+01,1.871938452954781784e+00
6.027198946148979303e+04,9.992051355604631979e-01,7.475685806319711012e-04,0.000000000000000000e+00,4.877314876329332094e+01,1.872971718209868852e+00
6.027198992213683232e+04,9.992466983170033012e-01,7.475683782975924658e-04,0.000000000000000000e+00,4.877758413796257031e+01,1.872824412621090007e+00
6.027199038278387161e+04,9.991582646750631902e-01,7.475677224126843403e-04,0.000000000000000000e+00,4.878282153163442558e+01,1.872562445947463905e+00
6.027199084343091818e+04,1.000391045610937724e+00,7.475725666360705885e-04,0.000000000000000000e+00,4.878533864885966409e+01,1.873230201006558460e+00
6.027199130407795747e+04,1.000726901140129632e+00,7.487428379893241396e-04,0.000000000000000000e+00,4.878382898286623259e+01,1.872374707486635037e+00
6.027199176472499676e+04,1.000040083392303769e+00,7.475700435942910730e-04,0.000000000000000000e+00,4.878592335221176768e+01,1.870253966723746109e+00
6.027199222537202877e+04,9.997710013180650668e-01,7.475685499444685404e-04,0.000000000000000000e+00,4.878051350777275275e+01,1.874550957033300325e+00
6.027199268601908261e+04,1.000463743382382198e+00,7.479872318796160734e-04,0.000000000000000000e+00,4.878481165542368814e+01,1.871707124522512977e+00
6.027199314666612190e+04,1.000496796606995753e+00,7.490956539355448978e-04,0.000000000000000000e+00,4.877628015854692478e+01,1.872820401094955400e+00
6.027199360731315392e+04,9.993726962330277130e-01,7.475678773761452404e-04,0.000000000000000000e+00,4.877843264665553136e+01,1.871581067904208862e+00
6.027199406796020776e+04,1.000702354855111720e+00,7.475747455241859869e-04,0.000000000000000000e+00,4.877494119887059298e+01,1.871955108919323374e+00
6.027199452860723977e+04,1.000800919651285259e+00,7.475742423296643461e-04,0.000000000000000000e+00,4.876986583767143202e+01,1.873171623178849332e+00
6.027199498925427906e+04,9.993902656057253031e-01,7.475673490906800623e-04,0.000000000000000000e+00,4.876831472463026529e+01,1.874133360498976497e+00
6.027199544990132563e+04,1.000825886533571518e+00,7.475725089469357609e-04,0.000000000000000000e+00,4.877526040762364090e+01,1.873497323234433409e+00
6.027199591054836492e+04,9.998459484422279608e-01,7.475703302226191331e-04,0.000000000000000000e+00,4.878205558163461575e+01,1.872724904490623787e+00
6.027199637119539693e+04,1.001010792435579555e+00,7.475739477410725444e-04,0.000000000000000000e+00,4.878222930409697256e+01,1.870700525729534380e+00
6.027199683184245077e+04,1.000695175449428209e+00,7.475730588610445849e-04,0.000000000000000000e+00,4.878244722608131667e+01,1.872849036118212851e+00
6.027199729248948279e+04,1.000391132048612519e+00,7.475740475385433959e-04,0.000000000000000000e+00,4.878311811373119156e+01,1.872002208518287691e+00
6.027199775313652208e+04,9.997493251394403702e-01,7.475682162238370078e-04,0.000000000000000000e+00,4.878449960037765010e+01,1.873920304902406020e+00
6.027199821378356137e+04,1.001827005363031375e+00,7.475778382529864752e-04,0.000000000000000000e+00,4.878141821108085452e+01,1.871480225790523644e+00
6.027199867443060793e+04,1.000957102621341299e+00,7.474077187143422264e-04,0.000000000000000000e+00,4.877601069894659247e+01,1.874003855600924418e+00
6.027199913507763995e+04,1.000301039829878169e+00,7.474080122902957042e-04,0.000000000000000000e+00,4.877187508434064966e+01,1.872158483074130242e+00
6.027199959572467924e+04,9.990140756608648642e-01,7.474024019892966516e-04,0.000000000000000000e+00,4.877248322093929289e+01,1.874371552880794045e+00
6.027200005637172580e+04,9.995246298165323395e-01,7.474034993109462130e-04,0.000000000000000000e+00,4.877584862034753144e+01,1.873030818179912682e+00
6.027200051701875782e+04,9.999156744736480418e-01,7.474028503541317115e-04,0.000000000000000000e+00,4.877202852404600719e+01,1.874590715387867146e+00
6.027200097766579711e+04,1.000476151135271330e+00,7.474093629206029522e-04,0.000000000000000000e+00,4.877344117678811131e+01,1.872466160390460432e+00
6.027200143831284367e+04,1.000050059856237628e+00,7.474155184065244938e-04,0.000000000000000000e+00,4.877420087380274083e+01,1.873043678158877068e+00
6.027200189895987569e+04,9.992178602345710425e-01,7.474025525735484253e-04,0.000000000000000000e+00,4.878081363447974894e+01,1.871262240953831091e+00
6.027200235960691498e+04,1.000761153051773711e+00,7.474074558147410490e-04,0.000000000000000000e+00,4.878199092932010217e+01,1.873108714017875265e+00
6.027200282025396154e+04,9.990873128864925512e-01,7.473972291367632879e-04,0.000000000000000000e+00,4.879073423995539827e+01,1.873180666884580292e+00
6.027200328090099356e+04,1.000176062042988256e+00,7.474083012287318153e-04,0.000000000000000000e+00,4.878114697532551958e+01,1.873320832229528499e+00
6.027200374154803285e+04,1.001081014457178231e+00,7.474043151950060700e-04,0.000000000000000000e+00,4.878228559902870387e+01,1.874029739301158015e+00
6.027200420219507942e+04,9.992158544250860919e-01,7.474041997761365127e-04,0.000000000000000000e+00,4.877863473873993883e+01,1.871687448042675728e+00
6.027200466284211143e+04,9.991637746427957101e-01,7.474002948281565240e-04,0.000000000000000000e+00,4.878056704892624396e+01,1.875053867880813963e+00
6.027200512348914344e+04,9.988418665388588691e-01,7.473993342336284493e-04,0.000000000000000000e+00,4.877709127988477178e+01,1.874134040520925693e+00
6.027200558413619729e+04,1.001873876973055744e+00,7.474100034965650181e-04,0.000000000000000000e+00,4.878244692463273680e+01,1.877901252112297747e+00
6.027200604478322930e+04,9.992230917638461607e-01,7.474053942910953560e-04,0.000000000000000000e+00,4.877565591895459818e+01,1.870333469532492243e+00
6.027200650543026131e+04,9.992265138323703777e-01,7.474354320713490381e-04,0.000000000000000000e+00,4.878557706137902272e+01,1.873383139158285360e+00
6.027200696607730060e+04,1.000636987873274597e+00,7.474046641392103306e-04,0.000000000000000000e+00,4.878618840739466123e+01,1.872066773308820542e+00
6.027200742672433989e+04,9.980814559421447019e-01,7.473960863819485755e-04,0.000000000000000000e+00,4.878377615707213977e+01,1.870356162035081260e+00
6.027200788737137918e+04,1.000963650705692931e+00,7.474081101773187357e-04,0.000000000000000000e+00,4.877915058703889173e+01,1.875613252194646474e+00
6.027200834801841847e+04,9.990857986581930250e-01,7.474011068359508615e-04,0.000000000000000000e+00,4.877991814459386433e+01,1.872282092322097524e+00
6.027200880866545776e+04,9.994598602052882086e-01,7.474014297832043277e-04,0.000000000000000000e+00,4.878017833825732907e+01,1.871087533524868229e+00
6.027200926931248978e+04,9.989084622590381768e-01,7.474002276115136820e-04,0.000000000000000000e+00,4.877667909383524147e+01,1.873222112549870477e+00
6.027200972995952179e+04,9.998365826741898443e-01,7.474020391272146900e-04,0.000000000000000000e+00,4.877508726667409178e+01,1.872294245762166742e+00
6.027201019060656836e+04,9.982564076572308931e-01,7.474024984193169789e-04,0.000000000000000000e+00,4.877078146063551145e+01,1.871397604639860379e+00
6.027201065125360765e+04,9.997934169090272327e-01,7.474020253798639929e-04,0.000000000000000000e+00,4.878252553051766682e+01,1.876399095887919533e+00
6.027201111190063966e+04,1.000398239128677202e+00,7.474039870902189154e-04,0.000000000000000000e+00,4.878349527112773387e+01,1.870757797304530623e+00
6.027201157254768623e+04,9.989715038101314448e-01,7.473985538070305372e-04,0.000000000000000000e+00,4.878946904908244164e+01,1.873794170517040447e+00
6.027201203319471824e+04,1.000915276952661914e+00,7.474074417669615078e-04,0.000000000000000000e+00,4.878150536098040391e+01,1.873693009588891512e+00
6.027201249384175026e+04,9.984212391467591763e-01,7.474019789490164364e-04,0.000000000000000000e+00,4.877756852897711326e+01,1.872503020006115459e+00
6.027201295448879682e+04,9.991671080416733020e-01,7.474001982702278791e-04,0.000000000000000000e+00,4.878766693592631754e+01,1.873832766631379432e+00
6.027201341513582884e+04,9.977341552138235814e-01,7.473905755986175008e-04,0.000000000000000000e+00,4.879084318569491785e+01,1.872042051100699434e+00
6.027201387578286085e+04,9.990774818350836028e-01,7.473996902743827286e-04,0.000000000000000000e+00,4.878882104683616916e+01,1.873484486900533597e+00
6.027201433642990014e+04,9.983906654418310822e-01,7.493749438658465090e-04,0.000000000000000000e+00,4.877856067347340741e+01,1.876383685007070978e+00
6.027201479707693943e+04,9.997350632354418121e-01,7.474034593094861694e-04,0.000000000000000000e+00,4.877855328304057991e+01,1.874121826189123485e+00
6.027201525772397144e+04,9.996117992212195658e-01,7.478517682173474890e-04,0.000000000000000000e+00,4.877789865525225821e+01,1.873119641709820149e+00
6.027201571837101073e+04,1.000117372868280841e+00,7.474059141738615330e-04,0.000000000000000000e+00,4.878043775368641377e+01,1.873094901456131778e+00
6.027201617901805002e+04,9.987525691763171620e-01,7.473981345817919206e-04,0.000000000000000000e+00,4.878102637043240009e+01,1.873489156804806433e+00
6.027201663966508204e+04,9.986851164604837461e-01,7.473982798171091829e-04,0.000000000000000000e+00,4.877402370718230884e+01,1.871628929264223640e+00
6.027201710031211405e+04,9.991164301530000014e-01,7.474031457939861499e-04,0.000000000000000000e+00,4.877452128596808478e+01,1.874883762475376470e+00
6.027201756095916062e+04,9.986298689061861023e-01,7.473997922333910221e-04,0.000000000000000000e+00,4.878114378774585447e+01,1.870598835247623937e+00
6.027201802160619263e+04,9.999765030522305143e-01,7.474083975737455966e-04,0.000000000000000000e+00,4.877623027180828075e+01,1.872187198656782403e+00
6.027201848225322465e+04,9.989664639319671968e-01,7.474033637266673828e-04,0.000000000000000000e+00,4.878392110273473747e+01,1.869963743434141623e+00
6.027201894290027121e+04,1.000701540510404275e+00,7.475853530967368999e-04,0.000000000000000000e+00,4.878646664848791659e+01,1.870755183546868983e+00
6.027201940354729595e+04,1.000628653500507337e+00,7.474085472569330993e-04,0.000000000000000000e+00,4.878395571822065335e+01,1.873410893894550178e+00
6.027201986419432797e+04,9.978852131111264345e-01,7.473968400169344814e-04,0.000000000000000000e+00,4.878528483686440609e+01,1.872773930512548146e+00
6.027202032484137453e+04,1.000446331118655774e+00,7.474054305842406029e-04,0.000000000000000000e+00,4.878699893778851049e+01,1.873415357069969200e+00
6.027202078548840655e+04,1.000209776049091337e+00,7.474077515844563006e-04,0.000000000000000000e+00,4.878425497964965274e+01,1.872893641277011634e+00
6.027202124613543856e+04,9.975026830378064258e-01,7.476233737558169801e-04,0.000000000000000000e+00,4.878280784041831453e+01,1.870154906714550647e+00
6.027202170678248513e+04,1.000112286885414425e+00,7.476301254124607942e-04,0.000000000000000000e+00,4.878260993005157076e+01,1.874857928980334432e+00
6.027202216742950986e+04,9.999769239153087907e-01,7.476295170526637938e-04,0.000000000000000000e+00,4.878413961623999029e+01,1.871906455018865323e+00
6.027202262807654188e+04,1.000086738855841872e+00,7.476298149917805311e-04,0.000000000000000000e+00,4.878134665134970049e+01,1.871302294255180909e+00
6.027202308872358117e+04,9.998480816220035594e-01,7.476327000374520786e-04,0.000000000000000000e+00,4.877450427671918476e+01,1.872649668455308669e+00
6.027202354937062046e+04,1.000323894644822298e+00,7.476309427961201409e-04,0.000000000000000000e+00,4.877238451596295477e+01,1.872433709603344543e+00
6.027202401001765247e+04,9.999638652470580480e-01,7.476261843466881296e-04,0.000000000000000000e+00,4.878506378120646048e+01,1.873077503541305422e+00
6.027202447066468449e+04,9.991684345590048366e-01,7.476251943582984697e-04,0.000000000000000000e+00,4.878826604943959921e+01,1.873000052919661540e+00
6.027202493131172378e+04,9.994438989914685711e-01,7.483661375021410586e-04,0.000000000000000000e+00,4.878697491742891401e+01,1.874603470862285182e+00
6.027202539195875579e+04,1.001839455404571089e+00,7.476344907384788836e-04,0.000000000000000000e+00,4.878725696389302868e+01,1.877046588595214338e+00
6.027202585260578053e+04,9.997830070559842186e-01,7.476304840037775908e-04,0.000000000000000000e+00,4.878069195568944139e+01,1.872067518112793927e+00
6.027202631325282709e+04,1.000375721619186198e+00,7.476294387116016408e-04,0.000000000000000000e+00,4.878589675846295393e+01,1.871715873683346576e+00
6.027202677389985911e+04,1.000197445126545182e+00,7.476278400726774943e-04,0.000000000000000000e+00,4.878698580508595484e+01,1.873106665637369606e+00
6.027202723454689112e+04,1.001199014528796782e+00,7.476304124693264851e-04,0.000000000000000000e+00,4.878207067267774732e+01,1.871858889110685986e+00
6.027202769519393041e+04,9.997549597711281599e-01,7.476265077792534734e-04,0.000000000000000000e+00,4.878619028807681701e+01,1.871117554331193755e+00
6.027202815584096243e+04,1.000344599985813820e+00,7.476295656627139153e-04,0.000000000000000000e+00,4.878509955572884849e+01,1.873443326953504906e+00
6.027202861648799444e+04,1.000673683512822709e+00,7.476316312164183386e-04,0.000000000000000000e+00,4.878499288589046756e+01,1.875889802946773877e+00
6.027202907713503373e+04,9.999761223127564547e-01,7.499158902032906178e-04,0.000000000000000000e+00,4.878434827109302319e+01,1.871857902091766279e+00
6.027202953778206574e+04,1.000405832585807619e+00,7.476311106130082394e-04,0.000000000000000000e+00,4.878686822871729589e+01,1.873822501158129539e+00
6.027202999842909048e+04,9.996691487296064382e-01,7.476310449101986185e-04,0.000000000000000000e+00,4.878617058880106327e+01,1.873436305562258264e+00
6.027203045907613705e+04,9.998571370935732672e-01,7.476272171117101777e-04,0.000000000000000000e+00,4.878419543927650892e+01,1.872729027742469299e+00
6.027203091972316906e+04,1.000152919255888229e+00,7.476281390634418244e-04,0.000000000000000000e+00,4.878882660049666242e+01,1.872336220001202145e+00
6.027203138037019380e+04,1.001810600859020184e+00,7.476390102161482691e-04,0.000000000000000000e+00,4.878860282158932193e+01,1.874129047521946534e+00
6.027203184101723309e+04,9.997744599543686439e-01,7.476289687387812147e-04,0.000000000000000000e+00,4.878742231578079469e+01,1.874110747667400156e+00
6.027203230166426511e+04,1.000651992833398785e+00,7.476326273232707228e-04,0.000000000000000000e+00,4.877394875962923493e+01,1.873592165925704656e+00
6.027203276231129712e+04,1.001441345039156827e+00,7.476361743927515237e-04,0.000000000000000000e+00,4.877303691917200013e+01,1.874791111036832492e+00
6.027203322295832913e+04,9.996060787538962877e-01,7.476289330346264127e-04,0.000000000000000000e+00,4.878844279454514776e+01,1.874129084358061137e+00
6.027203368360536842e+04,1.000355794795277919e+00,7.476265644948154078e-04,0.000000000000000000e+00,4.879221124245454888e+01,1.873540783003966981e+00
6.027203414425239316e+04,1.002179743004560253e+00,7.476388987105037076e-04,0.000000000000000000e+00,4.878458848348596888e+01,1.872067782132109892e+00
6.027203460489942518e+04,1.002024547718027403e+00,7.476378371278658312e-04,0.000000000000000000e+00,4.878284705533733501e+01,1.875067371211269540e+00
6.027203506554646447e+04,9.993041119981557197e-01,7.476273302173861530e-04,0.000000000000000000e+00,4.879106101835917286e+01,1.870881440074566582e+00
6.027203552619349648e+04,1.000591735661715553e+00,7.476309989175118544e-04,0.000000000000000000e+00,4.879536442988873546e+01,1.874942965522666150e+00
6.027203598684052122e+04,9.986640419222549969e-01,7.485662434729803720e-04,0.000000000000000000e+00,4.879492902734878612e+01,1.870462004890206531e+00
6.027203644748756778e+04,1.000732769784838050e+00,7.476304325528081293e-04,0.000000000000000000e+00,4.879262813882455418e+01,1.873215543252240822e+00
6.027203690813459252e+04,1.000978859903516316e+00,7.476333135802915508e-04,0.000000000000000000e+00,4.877534424078125852e+01,1.875012374411032745e+00
6.027203736878161726e+04,1.000507429021964212e+00,7.476300793598866052e-04,0.000000000000000000e+00,4.878234900983979827e+01,1.874509851349689837e+00
6.027203782942866383e+04,9.999209441597965986e-01,7.476289370425553841e-04,0.000000000000000000e+00,4.878442210917909705e+01,1.874437982444019823e+00
6.027203829007568856e+04,1.000192944937860817e+00,7.476306387121215997e-04,0.000000000000000000e+00,4.878088553141597572e+01,1.876557426806609419e+00
6.027203875072271330e+04,1.000853958935811638e+00,7.476332685957191686e-04,0.000000000000000000e+00,4.878371153974590868e+01,1.874153913814795791e+00
6.027203921136975259e+04,1.000312828995346459e+00,7.476281911853783655e-04,0.000000000000000000e+00,4.878919149406111444e+01,1.873377765217011159e+00
6.027203967201678461e+04,1.002282232254315453e+00,7.476383088642460416e-04,0.000000000000000000e+00,4.878389833495186423e+01,1.871521737509860284e+00
6.027204013266381662e+04,1.002117624089605030e+00,7.476390082462835681e-04,0.000000000000000000e+00,4.878283595741975631e+01,1.875870051785682779e+00
6.027204059331084864e+04,1.001099929330425908e+00,7.476333903558659471e-04,0.000000000000000000e+00,4.878388873055557440e+01,1.872867901813678682e+00
6.027204105395788065e+04,1.001174288515046085e+00,7.476298699826062263e-04,0.000000000000000000e+00,4.879342686879542867e+01,1.874805794966877048e+00
6.027204151460490539e+04,9.988963195475936141e-01,7.476212017812852197e-04,0.000000000000000000e+00,4.879204242974940087e+01,1.873769220709930572e+00
6.027204197525194468e+04,1.000998579280922396e+00,7.476343670040720485e-04,0.000000000000000000e+00,4.878913426006434406e+01,1.872369569571989079e+00
6.027204243589897669e+04,9.997247796036879963e-01,7.482821225183659657e-04,0.000000000000000000e+00,4.879554893282843153e+01,1.873890362228709305e+00
6.027204289654600143e+04,1.000129191289327535e+00,7.476303032466633447e-04,0.000000000000000000e+00,4.879999438992633998e+01,1.872424969808921258e+00
6.027204335719303344e+04,1.001086168611923233e+00,7.476343541341558697e-04,0.000000000000000000e+00,4.878023280600744016e+01,1.876117521166645430e+00
6.027204381784007273e+04,9.997179705719310139e-01,7.476811908571031652e-04,0.000000000000000000e+00,4.878174309301668643e+01,1.871304788472665015e+00
6.027204427848709747e+04,9.982272213954598294e-01,7.476764315603214028e-04,0.000000000000000000e+00,4.878133869154733304e+01,1.872208559331860256e+00
6.027204473913412221e+04,1.000067658295375139e+00,7.476852488644756796e-04,0.000000000000000000e+00,4.878217706672412390e+01,1.872078500421450187e+00
6.027204519978116150e+04,1.000412911999905008e+00,7.476867787951951188e-04,0.000000000000000000e+00,4.878505116421771959e+01,1.872706840906742665e+00
6.027204566042819351e+04,1.001073269556866485e+00,7.476858326585483338e-04,0.000000000000000000e+00,4.878596072149828444e+01,1.875813605826277985e+00
6.027204612107521825e+04,1.002499174454122732e+00,7.476910141801913984e-04,0.000000000000000000e+00,4.878773878909464656e+01,1.872756641533522393e+00
6.027204658172225754e+04,1.000465876139718935e+00,7.476861120667962829e-04,0.000000000000000000e+00,4.879052886115708532e+01,1.874366229935469086e+00
6.027204704236928228e+04,1.000951519778386256e+00,7.476861541593520693e-04,0.000000000000000000e+00,4.879116742069541601e+01,1.872915253805768065e+00
6.027204750301630702e+04,1.000856640876051751e+00,7.476856836025902193e-04,0.000000000000000000e+00,4.879277204284379366e+01,1.873928168966589425e+00
6.027204796366333903e+04,1.000382925373618059e+00,7.476929285698091484e-04,0.000000000000000000e+00,4.879769481360920480e+01,1.871778774045809612e+00
6.027204842431037105e+04,1.001875495213193634e+00,7.476891296308494066e-04,0.000000000000000000e+00,4.879785879259218717e+01,1.873712311561605004e+00
6.027204888495740306e+04,9.973429075612150196e-01,7.476725629511106475e-04,0.000000000000000000e+00,4.879487397649148761e+01,1.871781538689037294e+00
6.027204934560443508e+04,9.990760123794006908e-01,7.476797978194590520e-04,0.000000000000000000e+00,4.878567087540218239e+01,1.873369432161283266e+00
6.027204980625146709e+04,9.999743794557443000e-01,7.476827045504304227e-04,0.000000000000000000e+00,4.878411031526088948e+01,1.871720973216054018e+00
6.027205026689849183e+04,1.000617857099101338e+00,7.476847585166665564e-04,0.000000000000000000e+00,4.878180071146872621e+01,1.872266113354452255e+00
6.027205072754551657e+04,9.998799985616166897e-01,7.476844472265806174e-04,0.000000000000000000e+00,4.878602923012419978e+01,1.872643705730591135e+00
6.027205118819255586e+04,1.000590992169867688e+00,7.476880115993726544e-04,0.000000000000000000e+00,4.878928208513075049e+01,1.872749872867212284e+00
6.027205164883958059e+04,1.000231448151266633e+00,7.476832022258213381e-04,0.000000000000000000e+00,4.878802142821908916e+01,1.873536603950542556e+00
6.027205210948660533e+04,1.000605501481170556e+00,7.476845258558182869e-04,0.000000000000000000e+00,4.879471394447467247e+01,1.872098472136254577e+00
6.027205257013364462e+04,1.000931270250167815e+00,7.476920099418883463e-04,0.000000000000000000e+00,4.879423060136768697e+01,1.873756305390903432e+00
6.027205303078066936e+04,1.000613720783049443e+00,7.476838523787101122e-04,0.000000000000000000e+00,4.878906101311258681e+01,1.877206857980440846e+00
6.027205349142769410e+04,1.000334509924313497e+00,7.476878051176533450e-04,0.000000000000000000e+00,4.878490457914421796e+01,1.873138550236093769e+00
6.027205395207473339e+04,1.001061476832529440e+00,7.476890302903515563e-04,0.000000000000000000e+00,4.878435206626585341e+01,1.870873960392402946e+00
6.027205441272175813e+04,1.001209005928372031e+00,7.476879013093624569e-04,0.000000000000000000e+00,4.878808354696415961e+01,1.873737275162085991e+00
6.027205487336878286e+04,9.999810975238052624e-01,7.476822165701915235e-04,0.000000000000000000e+00,4.878405648409002993e+01,1.873479128374025082e+00
6.027205533401582215e+04,9.999503652066764614e-01,7.476825930730883083e-04,0.000000000000000000e+00,4.878105183492999686e+01,1.871774292874434975e+00
6.027205579466284689e+04,9.995949674862171230e-01,7.476826034771642381e-04,0.000000000000000000e+00,4.877933808046161346e+01,1.870546143939146644e+00
6.027205625530987163e+04,1.001398561518313635e+00,7.476923188558635839e-04,0.000000000000000000e+00,4.878000356458555586e+01,1.872576738815381336e+00
6.027205671595690364e+04,1.001574047213402041e+00,7.476896250040781719e-04,0.000000000000000000e+00,4.878697001742743566e+01,1.874675471224354073e+00
6.027205717660392838e+04,1.000967160308852577e+00,7.485353600961332926e-04,0.000000000000000000e+00,4.878454877493697950e+01,1.874824661672407577e+00
6.027205763725095312e+04,1.001634315694333255e+00,7.476863817460818046e-04,0.000000000000000000e+00,4.878963059410649805e+01,1.872291595736123471e+00
6.027205809789798514e+04,9.993547631292598599e-01,7.476826500603635586e-04,0.000000000000000000e+00,4.879264995065101118e+01,1.874919434849737998e+00
6.027205855854501715e+04,1.000394921993231323e+00,7.476830113195855314e-04,0.000000000000000000e+00,4.878859768239660610e+01,1.873365420482464128e+00
6.027205901919204189e+04,1.001638643591916455e+00,7.476919669540841662e-04,0.000000000000000000e+00,4.878719612790184357e+01,1.875615015701924015e+00
6.027205947983906663e+04,9.998226323982286612e-01,7.476836786013937907e-04,0.000000000000000000e+00,4.878687183145761708e+01,1.871334339425051230e+00
6.027205994048609864e+04,1.000245222233391296e+00,7.476867007431526420e-04,0.000000000000000000e+00,4.878399355419633565e+01,1.871555081493355255e+00
6.027206040113312338e+04,1.000355918044974368e+00,7.476848962079474595e-04,0.000000000000000000e+00,4.878423906587936187e+01,1.872303229926733481e+00
6.027206086178014812e+04,9.999952001180537620e-01,7.476854992798007658e-04,0.000000000000000000e+00,4.878300402201747943e+01,1.873191523964449878e+00
6.027206132242718741e+04,1.000303485727837893e+00,7.476840768465823532e-04,0.000000000000000000e+00,4.878601946939139111e+01,1.873475130982079184e+00
6.027206178307421214e+04,1.001121568404428785e+00,7.476898600385208180e-04,0.000000000000000000e+00,4.878306578742783728e+01,1.875102947167972101e+00
6.027206224372122961e+04,1.000693745377938981e+00,7.476865040568418490e-04,0.000000000000000000e+00,4.878097390252916910e+01,1.872336214022052303e+00
6.027206270436826890e+04,1.000976218511592908e+00,7.476899926617400823e-04,0.000000000000000000e+00,4.878634335018959689e+01,1.872298655392563127e+00
6.027206316501529363e+04,1.002024875944798499e+00,7.476892447623954135e-04,0.000000000000000000e+00,4.878514155545354214e+01,1.874062796991588842e+00
6.027206362566231837e+04,1.000019326765158700e+00,7.476855295184331104e-04,0.000000000000000000e+00,4.878453325702398047e+01,1.874123983711466268e+00
6.027206408630934311e+04,1.001573236557286473e+00,7.476881284319056688e-04,0.000000000000000000e+00,4.878971663354725763e+01,1.877001095719905255e+00
6.027206454695637512e+04,1.000184118900838470e+00,7.476845402851609902e-04,0.000000000000000000e+00,4.878565917228970505e+01,1.871010979704681665e+00
6.027206500760339986e+04,9.995337320472424958e-01,7.476836101029683259e-04,0.000000000000000000e+00,4.878589387801910249e+01,1.872168056980550332e+00
6.027206546825042460e+04,1.002073608446748088e+00,7.476912490462661208e-04,0.000000000000000000e+00,4.878717639677692830e+01,1.874295785584285001e+00
6.027206592889745662e+04,1.002507600439629387e+00,7.476952841935510059e-04,0.000000000000000000e+00,4.878594102486884054e+01,1.870512689477741519e+00
6.027206638954448135e+04,9.996409761941398298e-01,7.478220792986742726e-04,0.000000000000000000e+00,4.878858947160347270e+01,1.874903834412958936e+00
6.027206685019150609e+04,1.000625114518976178e+00,7.478227206459479555e-04,0.000000000000000000e+00,4.878822822382250735e+01,1.869588738557856011e+00
6.027206731083853811e+04,1.001346906715578244e+00,7.478266411785779427e-04,0.000000000000000000e+00,4.879520707825483328e+01,1.871023663451701680e+00
6.027206777148555557e+04,1.001353511475340019e+00,7.478248245848559232e-04,0.000000000000000000e+00,4.878528898613200937e+01,1.873113224396913523e+00
6.027206823213258031e+04,1.001336364046898852e+00,7.478286105577401860e-04,0.000000000000000000e+00,4.877755829297269941e+01,1.874112347838606363e+00
6.027206869277961960e+04,1.000243882791345129e+00,7.478233222817421994e-04,0.000000000000000000e+00,4.877877845747048013e+01,1.873564763730589666e+00
6.027206915342663706e+04,1.000792602754444260e+00,7.478228940570749933e-04,0.000000000000000000e+00,4.878447080893558052e+01,1.873154379391457125e+00
6.027206961407366180e+04,1.001230572461782042e+00,7.478269450409444179e-04,0.000000000000000000e+00,4.878015136445158362e+01,1.871889023183979983e+00
6.027207007472069381e+04,1.001458127954190092e+00,7.478240105717584357e-04,0.000000000000000000e+00,4.877743489804758781e+01,1.875345464388813888e+00
6.027207053536771855e+04,1.001849881366702055e+00,7.478300581311347808e-04,0.000000000000000000e+00,4.878182423270466472e+01,1.874414216998703697e+00
6.027207099601473601e+04,1.001615058316124074e+00,7.478262201147069981e-04,0.000000000000000000e+00,4.878392332623043615e+01,1.874482603046094598e+00
6.027207145666177530e+04,1.000586360282822440e+00,7.478228662578228353e-04,0.000000000000000000e+00,4.878958234464937505e+01,1.874114350018106778e+00
6.027207191730879276e+04,1.002081206990002027e+00,7.478296713000680360e-04,0.000000000000000000e+00,4.879060782200408397e+01,1.872060139970973980e+00
6.027207237795581750e+04,1.001172086936116479e+00,7.478215529043949787e-04,0.000000000000000000e+00,4.878180944331472801e+01,1.874143435541624658e+00
6.027207283860284224e+04,1.001951441004309995e+00,7.478275962359765602e-04,0.000000000000000000e+00,4.877988767075747489e+01,1.874942070088953860e+00
6.027207329924987425e+04,9.996740748183047254e-01,7.478219848742939570e-04,0.000000000000000000e+00,4.877910142340549271e+01,1.870292145387189686e+00
6.027207375989689172e+04,1.000223897530502448e+00,7.478224728318786686e-04,0.000000000000000000e+00,4.877699005677414590e+01,1.872490898124847591e+00
6.027207422054392373e+04,1.002431227952539361e+00,7.478271037697212850e-04,0.000000000000000000e+00,4.878746358684325202e+01,1.872461196551638229e+00
6.027207468119094847e+04,1.000971412467657862e+00,7.478228230552064378e-04,0.000000000000000000e+00,4.878859352676504102e+01,1.872676119895349878e+00
6.027207514183796593e+04,1.001016772976917935e+00,7.478267854213848775e-04,0.000000000000000000e+00,4.878549849774790914e+01,1.874524668633412050e+00
6.027207560248499067e+04,9.988755677873427663e-01,7.478162999627306498e-04,0.000000000000000000e+00,4.878717541762041066e+01,1.871037382930490267e+00
6.027207606313202268e+04,1.001977521976153529e+00,7.478282752724829457e-04,0.000000000000000000e+00,4.878472840993762816e+01,1.875503479933835704e+00
6.027207652377904742e+04,9.976754003547080307e-01,7.478099185828698120e-04,0.000000000000000000e+00,4.878240868878101821e+01,1.874196851502605510e+00
6.027207698442606488e+04,1.001157782788872685e+00,7.478219845756788747e-04,0.000000000000000000e+00,4.877866946295719686e+01,1.872158139578696145e+00
6.027207744507309690e+04,1.000838499903695444e+00,7.478247923520803383e-04,0.000000000000000000e+00,4.877801045021191584e+01,1.874169902556669376e+00
6.027207790572012163e+04,9.993299181914985230e-01,7.478154202702143359e-04,0.000000000000000000e+00,4.878243807313263858e+01,1.872428291282617563e+00
6.027207836636713910e+04,1.002715098123550419e+00,7.478277931031714152e-04,0.000000000000000000e+00,4.878177215612481632e+01,1.876759130109212803e+00
6.027207882701417111e+04,1.002269337399480653e+00,7.478302177031611632e-04,0.000000000000000000e+00,4.877604501911632440e+01,1.875058820809543558e+00
6.027207928766119585e+04,9.992685631394638834e-01,7.478184991439832275e-04,0.000000000000000000e+00,4.878001151445367611e+01,1.872305879960195041e+00
6.027207974830821331e+04,1.000901770072586405e+00,7.478260580928519728e-04,0.000000000000000000e+00,4.877783427016942142e+01,1.871847339917682707e+00
6.027208020895524533e+04,1.001204138668484678e+00,7.478246438260412144e-04,0.000000000000000000e+00,4.878321630387149810e+01,1.873696773244213354e+00
6.027208066960226279e+04,1.001502283135539573e+00,7.478251691657483886e-04,0.000000000000000000e+00,4.878963333348124820e+01,1.870202737287724570e+00
6.027208113024928753e+04,1.000146614391386857e+00,7.478197279292573890e-04,0.000000000000000000e+00,4.879136194730338616e+01,1.873360990219542943e+00
6.027208159089631226e+04,1.001099356165212395e+00,7.478257906096084104e-04,0.000000000000000000e+00,4.878644397628615081e+01,1.874235165951843030e+00
6.027208205154333700e+04,1.002093665178797055e+00,7.478295669265869325e-04,0.000000000000000000e+00,4.878265731141417660e+01,1.875291234568138732e+00
6.027208251219035446e+04,9.997426997489140543e-01,7.478194323879850530e-04,0.000000000000000000e+00,4.877942799386567430e+01,1.874078303769413090e+00
6.027208297283738648e+04,1.001486422863258952e+00,7.478281221088064340e-04,0.000000000000000000e+00,4.877599077999396116e+01,1.872475146539746671e+00
6.027208343348441122e+04,1.001718090238368220e+00,7.480497916337170003e-04,0.000000000000000000e+00,4.877428393813392660e+01,1.871200511817454171e+00
6.027208389413142868e+04,1.000832964871178454e+00,7.478262363546457538e-04,0.000000000000000000e+00,4.877493798892366073e+01,1.872288296159088983e+00
6.027208435477844614e+04,1.000194078319938784e+00,7.478215424951366709e-04,0.000000000000000000e+00,4.877742686269364469e+01,1.873973173516884749e+00
6.027208481542547815e+04,1.000277750621113126e+00,7.478210734419462853e-04,0.000000000000000000e+00,4.878164345000926261e+01,1.873728907107226282e+00
6.027208527607249562e+04,1.001438860895774496e+00,7.478279455724574183e-04,0.000000000000000000e+00,4.878152718160836798e+01,1.873293359499664135e+00
6.027208573671952036e+04,1.000758023264522789e+00,7.478249215874963269e-04,0.000000000000000000e+00,4.877722864397239988e+01,1.875923632951643549e+00
6.027208619736655237e+04,1.000243864493305157e+00,7.478280732819618483e-04,0.000000000000000000e+00,4.878512478483817461e+01,1.871421792131220174e+00
6.027208665801356983e+04,1.000915776050145922e+00,7.478224323213627199e-04,0.000000000000000000e+00,4.878217743100999826e+01,1.872871134428850448e+00
6.027208711866058729e+04,1.000441111490806279e+00,7.478249625659015663e-04,0.000000000000000000e+00,4.878073369425914052e+01,1.876317179468175445e+00
6.027208757930761931e+04,1.000766376656998968e+00,7.478231889433811222e-04,0.000000000000000000e+00,4.878260700245436254e+01,1.874003661818153255e+00
6.027208803995463677e+04,9.994468499458386557e-01,7.478191254380600487e-04,0.000000000000000000e+00,4.878720436015316153e+01,1.875314823609236292e+00
6.027208850060165423e+04,1.000405240639471449e+00,7.478190199863103942e-04,0.000000000000000000e+00,4.878581123386635454e+01,1.873246998257530826e+00
6.027208896124867897e+04,1.001304868549736993e+00,7.478814106875478164e-04,0.000000000000000000e+00,4.877735795355962978e+01,1.872443206169768892e+00
6.027208942189570371e+04,9.999310247120094530e-01,7.478750406268246630e-04,0.000000000000000000e+00,4.876943971519717991e+01,1.873581322689379602e+00
6.027208988254272117e+04,9.995252095979137996e-01,7.478726644475331385e-04,0.000000000000000000e+00,4.878007708210127191e+01,1.873217475074519855e+00
6.027209034318974591e+04,1.000539185510865181e+00,7.478764927165510107e-04,0.000000000000000000e+00,4.877854128016852542e+01,1.871912970543261556e+00
6.027209080383677065e+04,1.000783871042333573e+00,7.478736628364158817e-04,0.000000000000000000e+00,4.877396122573647119e+01,1.873995058141544101e+00
6.027209126448378811e+04,1.001147928182846147e+00,7.478793060922182085e-04,0.000000000000000000e+00,4.877165528908432179e+01,1.876414767431481279e+00
6.027209172513081285e+04,1.001828275189401873e+00,7.478781747395875975e-04,0.000000000000000000e+00,4.878256671298460390e+01,1.872219224970048446e+00
6.027209218577783759e+04,1.001831747926809513e+00,7.478808223149533557e-04,0.000000000000000000e+00,4.877766799673116083e+01,1.874398031879385362e+00
6.027209264642485505e+04,1.001372404833492435e+00,7.478825951497701302e-04,0.000000000000000000e+00,4.877288527624756398e+01,1.875387159469164233e+00
6.027209310707187251e+04,9.993924154665534410e-01,7.478702340345512673e-04,0.000000000000000000e+00,4.877602967805404433e+01,1.875345449481283788e+00
6.027209356771890452e+04,1.000637439452517485e+00,7.478741308008855738e-04,0.000000000000000000e+00,4.878647249978246236e+01,1.873381776514214225e+00
6.027209402836592199e+04,1.000325778616346417e+00,7.478753922636339601e-04,0.000000000000000000e+00,4.878168838714697841e+01,1.872736164106800993e+00
6.027209448901293945e+04,1.000226252704933483e+00,7.478752230677870655e-04,0.000000000000000000e+00,4.878225506939691059e+01,1.872749139224591852e+00
6.027209494965997146e+04,1.001008139735463986e+00,7.478784677253585500e-04,0.000000000000000000e+00,4.877984436715422589e+01,1.874926626392151130e+00
6.027209541030698892e+04,1.001568270846719955e+00,7.485858856627324595e-04,0.000000000000000000e+00,4.876947528643528074e+01,1.873272557168546459e+00
6.027209587095399911e+04,1.001169396718149196e+00,7.478802403422522057e-04,0.000000000000000000e+00,4.877525768429388364e+01,1.874117276524314146e+00
6.027209633160103112e+04,1.000663623744821873e+00,7.478740237579734962e-04,0.000000000000000000e+00,4.878147806782440910e+01,1.875620854601533383e+00
6.027209679224804859e+04,1.002195699455777023e+00,7.478824462321911242e-04,0.000000000000000000e+00,4.877733536179336937e+01,1.871526340859598792e+00
6.027209725289506605e+04,1.001555582558615543e+00,7.478784750914286520e-04,0.000000000000000000e+00,4.877556641335306864e+01,1.874768134501146433e+00
6.027209771354209079e+04,1.002624117628847955e+00,7.478822783673160206e-04,0.000000000000000000e+00,4.878417964473333512e+01,1.872959746829758743e+00
6.027209817418911553e+04,9.993738878108789914e-01,7.478748623929932149e-04,0.000000000000000000e+00,4.878685033081872291e+01,1.874016382673153513e+00
6.027209863483612571e+04,1.000405101885722292e+00,7.478751356451754893e-04,0.000000000000000000e+00,4.877856056362730897e+01,1.875030757252297509e+00
6.027209909548315045e+04,1.001392676509903712e+00,7.478767991653561447e-04,0.000000000000000000e+00,4.878265953828866230e+01,1.873862792246377529e+00
6.027209955613017519e+04,9.999722446276597676e-01,7.478720202486953102e-04,0.000000000000000000e+00,4.878559548352737352e+01,1.872524023416358929e+00
6.027210001677719265e+04,1.000953291400263678e+00,7.486071598224260017e-04,0.000000000000000000e+00,4.878308583538660059e+01,1.872012548715112468e+00
6.027210047742420284e+04,9.993127274496692580e-01,7.478720098410150587e-04,0.000000000000000000e+00,4.878302284356592367e+01,1.872738042519270119e+00
6.027210093807123485e+04,1.000741775513579013e+00,7.478761961247288367e-04,0.000000000000000000e+00,4.877997699378978780e+01,1.874082346694108336e+00
6.027210139871825231e+04,1.000568993209868029e+00,7.478733435106923576e-04,0.000000000000000000e+00,4.877731494031885262e+01,1.875056170458449190e+00
6.027210185936526977e+04,1.002192191874329508e+00,7.478849838380126694e-04,0.000000000000000000e+00,4.877440370182434037e+01,1.871821619773376133e+00
6.027210232001229451e+04,1.001454420877163409e+00,7.478778506425437988e-04,0.000000000000000000e+00,4.878145646096854904e+01,1.874307817643930951e+00
6.027210278065931197e+04,1.001451369080309073e+00,7.478787741515582855e-04,0.000000000000000000e+00,4.878315315107130345e+01,1.871910386864141573e+00
6.027210324130632944e+04,1.000094913582676659e+00,7.478730295471512114e-04,0.000000000000000000e+00,4.878598235232276181e+01,1.873840129910955055e+00
6.027210370195335418e+04,1.000457896524371781e+00,7.478740878799867509e-04,0.000000000000000000e+00,4.878687944897940554e+01,1.875214049902713009e+00
6.027210416260037164e+04,9.999463235314798304e-01,7.478706593989291026e-04,0.000000000000000000e+00,4.878543126386433926e+01,1.874872644702237245e+00
6.027210462324738910e+04,1.000479118937010359e+00,7.478754460170308760e-04,0.000000000000000000e+00,4.877394910750283685e+01,1.874261574991315848e+00
6.027210508389441384e+04,1.002038859787173664e+00,7.484619171931687067e-04,0.000000000000000000e+00,4.878570249098359568e+01,1.873067660218481922e+00
6.027210554454143130e+04,1.000004242911488817e+00,7.478729048181249504e-04,0.000000000000000000e+00,4.879250838377178212e+01,1.874326926612218447e+00
6.027210600518844149e+04,1.000136254152548032e+00,7.478758033179019491e-04,0.000000000000000000e+00,4.877914550631889767e+01,1.872604095032992966e+00
6.027210646583546622e+04,1.000202620271032794e+00,7.478772056005430829e-04,0.000000000000000000e+00,4.878120039513244421e+01,1.873911384531644186e+00
6.027210692648249096e+04,1.000440470566676954e+00,7.478745372685042516e-04,0.000000000000000000e+00,4.878516243192648716e+01,1.873673959155564006e+00
6.027210738712950115e+04,1.001339573084757184e+00,7.478783292780942634e-04,0.000000000000000000e+00,4.878525598205055047e+01,1.873831387346173605e+00
6.027210784777652589e+04,9.995087976138246066e-01,7.478724336979447563e-04,0.000000000000000000e+00,4.878171144181661134e+01,1.874031558021853616e+00
6.027210830842354335e+04,1.000175193002238894e+00,7.478719909305338049e-04,0.000000000000000000e+00,4.878215933537442339e+01,1.874107141228294360e+00
6.027210876907056081e+04,1.000700383673329252e+00,7.478762937703171748e-04,0.000000000000000000e+00,4.878259801632056991e+01,1.870929449376296905e+00
6.027210922971757100e+04,1.001082904145860430e+00,7.478766300681855255e-04,0.000000000000000000e+00,4.878095258331191530e+01,1.872321862670824677e+00
6.027210969036460301e+04,1.001443758403487649e+00,7.478767241602354322e-04,0.000000000000000000e+00,4.878758880962864453e+01,1.870728665237592514e+00
6.027211015101161320e+04,1.002888303918332280e+00,7.478811632395645972e-04,0.000000000000000000e+00,4.878569166006244018e+01,1.875349044004986032e+00
6.027211061165863066e+04,1.001943043407202749e+00,7.478830100134618158e-04,0.000000000000000000e+00,4.878511916160763917e+01,1.874098724647383918e+00
6.027211107230565540e+04,1.000363362312414406e+00,7.478698674924281163e-04,0.000000000000000000e+00,4.879041337931179356e+01,1.875579445940321666e+00
6.027211153295267286e+04,9.989196160427966653e-01,7.478049991209602529e-04,0.000000000000000000e+00,4.879178595203620006e+01,1.874033690473497105e+00
6.027211199359968305e+04,1.000604323954168651e+00,7.478101956450414114e-04,0.000000000000000000e+00,4.878539158992465730e+01,1.873583783298883532e+00
6.027211245424671506e+04,1.000856434847398280e+00,7.478147725499190764e-04,0.000000000000000000e+00,4.878189343489221841e+01,1.873291496502384801e+00
6.027211291489372525e+04,1.000506901216398070e+00,7.478125682743355087e-04,0.000000000000000000e+00,4.877811204059236161e+01,1.872097972581401981e+00
6.027211337554073543e+04,1.000763737503610251e+00,7.478151953913910908e-04,0.000000000000000000e+00,4.877291112330646428e+01,1.871924054667288395e+00
6.027211383618776017e+04,1.001108736382080755e+00,7.478161564467215687e-04,0.000000000000000000e+00,4.878067052940958348e+01,1.873140402722760500e+00
6.027211429683477763e+04,1.000781269020748931e+00,7.478121748974121338e-04,0.000000000000000000e+00,4.878828487847496831e+01,1.874188771526231534e+00
6.027211475748179510e+04,1.002654937789123180e+00,7.478229421671822542e-04,0.000000000000000000e+00,4.878175884283579222e+01,1.876127908300152303e+00
6.027211521812881256e+04,9.994841493641883901e-01,7.478139871594863741e-04,0.000000000000000000e+00,4.877724680166813442e+01,1.872087658003612987e+00
6.027211567877583002e+04,1.000739861718754398e+00,7.478168978261130403e-04,0.000000000000000000e+00,4.877820570546720802e+01,1.875013713270519133e+00
6.027211613942284748e+04,9.994631240347185974e-01,7.478082827026740756e-04,0.000000000000000000e+00,4.878670679865524562e+01,1.874188783171433004e+00
6.027211660006986494e+04,1.001102714292578577e+00,7.478147452192535679e-04,0.000000000000000000e+00,4.879314898228588504e+01,1.874146892952433419e+00
6.027211706071688241e+04,9.991811392406934056e-01,7.478071005227622785e-04,0.000000000000000000e+00,4.878186056737391141e+01,1.869404484772746899e+00
6.027211752136389259e+04,1.001144572370763042e+00,7.478117757617313557e-04,0.000000000000000000e+00,4.877874670720674288e+01,1.874055393058694508e+00
6.027211798201091005e+04,1.001266291020111554e+00,7.478132377652518814e-04,0.000000000000000000e+00,4.878336711860598740e+01,1.873855405289465592e+00
6.027211844265793479e+04,9.988240307358002834e-01,7.478062599786461980e-04,0.000000000000000000e+00,4.878087563949745231e+01,1.871438188948836068e+00
6.027211890330494498e+04,1.000728276060217858e+00,7.478107240206289434e-04,0.000000000000000000e+00,4.878428372812437175e+01,1.872416082448195462e+00
6.027211936395196244e+04,9.990192749482619261e-01,7.478041393471049521e-04,0.000000000000000000e+00,4.877795907303059408e+01,1.871014668217658716e+00
6.027211982459898718e+04,1.000960157281361340e+00,7.478144320690451128e-04,0.000000000000000000e+00,4.878187549390288780e+01,1.871828746320465475e+00
6.027212028524599737e+04,1.001673792920809269e+00,7.478182599142484642e-04,0.000000000000000000e+00,4.878682920331267781e+01,1.871714099354239602e+00
6.027212074589300755e+04,1.001002262385317643e+00,7.478159741384354797e-04,0.000000000000000000e+00,4.878165504899698135e+01,1.875723040737548475e+00
6.027212120654003229e+04,1.000641758063646414e+00,7.478130418918359787e-04,0.000000000000000000e+00,4.877769453574035197e+01,1.871232565153722049e+00
6.027212166718704975e+04,9.998320469888712925e-01,7.478125573606974599e-04,0.000000000000000000e+00,4.878133369607648717e+01,1.873888828957406938e+00
6.027212212783405994e+04,9.995251185984419529e-01,7.478081577920786451e-04,0.000000000000000000e+00,4.878714966445428303e+01,1.872262866964845118e+00
6.027212258848107740e+04,1.000964001981540008e+00,7.478125715031913850e-04,0.000000000000000000e+00,4.878536101977540795e+01,1.873782893780878478e+00
6.027212304912809486e+04,1.001122966221889676e+00,7.478185878210465327e-04,0.000000000000000000e+00,4.877816783280168522e+01,1.874781749306034140e+00
6.027212350977510505e+04,1.000682948648398130e+00,7.478123309878505600e-04,0.000000000000000000e+00,4.878816562633342357e+01,1.875067686560121238e+00
6.027212397042212251e+04,9.972356415415700726e-01,7.500531235472548746e-04,0.000000000000000000e+00,4.878086801356046465e+01,1.878867463126291604e+00
6.027212443106913997e+04,1.000736227620857566e+00,7.478161557595278857e-04,0.000000000000000000e+00,4.878528731974196830e+01,1.872477909005206165e+00
6.027212489171615744e+04,1.000434497072123508e+00,7.478128107343760518e-04,0.000000000000000000e+00,4.878427371099778043e+01,1.872672882279369233e+00
6.027212535236316762e+04,9.995704459615778470e-01,7.478090187443934026e-04,0.000000000000000000e+00,4.878771579580472917e+01,1.872362372885433279e+00
6.027212581301019236e+04,1.000005639085668863e+00,7.478100049070382201e-04,0.000000000000000000e+00,4.878683320765533438e+01,1.874468797399295728e+00
6.027212627365720255e+04,1.000803166018867874e+00,7.478133596361667169e-04,0.000000000000000000e+00,4.879052931316360286e+01,1.871453188744210072e+00
6.027212673430421273e+04,1.002326594037753038e+00,7.478193318711685031e-04,0.000000000000000000e+00,4.878061202150487929e+01,1.875671563636998052e+00
6.027212719495123747e+04,9.993172130093183059e-01,7.478130294473464210e-04,0.000000000000000000e+00,4.877143593635140917e+01,1.873110276639164518e+00
6.027212765559824766e+04,1.001412669561484448e+00,7.478192336502079499e-04,0.000000000000000000e+00,4.878513073536110767e+01,1.872600478214922148e+00
6.027212811624525784e+04,1.000651675359676585e+00,7.478158238976673026e-04,0.000000000000000000e+00,4.878342197589188345e+01,1.872988684969996820e+00
6.027212857689228258e+04,9.992406654144003753e-01,7.478090460369067041e-04,0.000000000000000000e+00,4.878592024386820469e+01,1.872625180159106728e+00
6.027212903753929277e+04,1.001306940303917203e+00,7.478175982172567769e-04,0.000000000000000000e+00,4.878331499192899656e+01,1.872791363295512435e+00
6.027212949818630295e+04,9.995297077949972797e-01,7.478092695187455331e-04,0.000000000000000000e+00,4.878452377242860649e+01,1.872741639528769264e+00
6.027212995883332769e+04,9.991429269190937879e-01,7.478079475330976292e-04,0.000000000000000000e+00,4.879078386211295992e+01,1.871392827486753285e+00
6.027213041948033788e+04,1.000463032523003282e+00,7.478139810167846839e-04,0.000000000000000000e+00,4.878161880641324899e+01,1.875030322773932001e+00
6.027213088012734806e+04,9.997030745419525077e-01,7.478112583704303292e-04,0.000000000000000000e+00,4.877926301716282609e+01,1.874223717765904462e+00
6.027213134077436553e+04,1.001516609863316587e+00,7.478182799732687727e-04,0.000000000000000000e+00,4.877531915372610882e+01,1.874373605759211969e+00
6.027213180142138299e+04,1.000945409550682452e+00,7.478140434049237182e-04,0.000000000000000000e+00,4.878233618380635761e+01,1.869776304813942858e+00
6.027213226206839317e+04,1.001284084396396823e+00,7.478157301652639533e-04,0.000000000000000000e+00,4.878319907720956650e+01,1.870835090351581131e+00
6.027213272271541064e+04,1.002430695693667939e+00,7.478200582809342838e-04,0.000000000000000000e+00,4.877955779965943606e+01,1.873923689479366717e+00
6.027213318336242082e+04,1.000444835972949642e+00,7.478306556802446917e-04,0.000000000000000000e+00,4.878487560329408268e+01,1.872651975981654449e+00
6.027213364400943101e+04,1.000698061513380477e+00,7.478147627666611053e-04,0.000000000000000000e+00,4.878439239330455734e+01,1.873132290421134494e+00
6.027213410465644120e+04,1.000497665006024661e+00,7.478371267256019115e-04,0.000000000000000000e+00,4.878739730391806972e+01,1.871577879332876115e+00
6.027213456530346593e+04,1.000671493710781235e+00,7.478355097448275909e-04,0.000000000000000000e+00,4.878306494128005255e+01,1.871982279100435242e+00
6.027213502595047612e+04,1.000180672031329987e+00,7.478373949383402804e-04,0.000000000000000000e+00,4.877495496327177449e+01,1.873208254045134025e+00
6.027213548659748631e+04,1.000781718706848844e+00,7.478406796490563767e-04,0.000000000000000000e+00,4.877911925962703776e+01,1.871407537635855878e+00
6.027213594724450377e+04,1.001485087778531069e+00,7.478608619034301771e-04,0.000000000000000000e+00,4.877466868619563911e+01,1.871816616830190627e+00
6.027213640789151395e+04,1.000655732329174263e+00,7.478396903833770199e-04,0.000000000000000000e+00,4.877776094372622140e+01,1.871636574154997623e+00
6.027213686853852414e+04,1.000931723050624944e+00,7.478379843610729076e-04,0.000000000000000000e+00,4.877815419662975671e+01,1.874764742198466339e+00
6.027213732918554888e+04,9.994773707291700893e-01,7.478331444722363056e-04,0.000000000000000000e+00,4.878255214179673516e+01,1.874486292018861189e+00
6.027213778983255906e+04,1.000515631132971706e+00,7.478373423638067950e-04,0.000000000000000000e+00,4.877970863747587771e+01,1.872669515507357607e+00
6.027213825047956198e+04,1.000522432737253942e+00,7.478366672947947113e-04,0.000000000000000000e+00,4.878718366556758212e+01,1.870096193717433186e+00
6.027213871112658671e+04,1.000600047492967715e+00,7.478351471498709269e-04,0.000000000000000000e+00,4.878609347922399309e+01,1.871734467592695017e+00
6.027213917177359690e+04,1.000485297406924712e+00,7.478359785298984656e-04,0.000000000000000000e+00,4.878975829733440150e+01,1.871037765993539104e+00
6.027213963242060709e+04,1.001950132184333375e+00,7.479791830161703226e-04,0.000000000000000000e+00,4.879241036212560090e+01,1.876167469961699252e+00
6.027214009306761727e+04,9.993911348915548443e-01,7.478308687938539168e-04,0.000000000000000000e+00,4.880153431520126617e+01,1.870455518906288139e+00
6.027214055371463473e+04,1.000467351374066061e+00,7.478368805972001807e-04,0.000000000000000000e+00,4.879130639744406039e+01,1.872606672238401604e+00
6.027214101436164492e+04,1.002687059193646313e+00,7.478453134425425575e-04,0.000000000000000000e+00,4.878257139211949323e+01,1.873146320895862971e+00
6.027214147500865511e+04,1.000187311217943353e+00,7.478362057499380157e-04,0.000000000000000000e+00,4.877566130560150270e+01,1.872638355099005558e+00
6.027214193565567257e+04,1.000767500098272977e+00,7.478398352219813461e-04,0.000000000000000000e+00,4.878301246231249166e+01,1.872506243270097404e+00
6.027214239630268276e+04,1.000345480621611882e+00,7.478376712553958883e-04,0.000000000000000000e+00,4.877944714511225044e+01,1.873906572527062275e+00
6.027214285694968567e+04,9.995152316522905034e-01,7.478331698451236905e-04,0.000000000000000000e+00,4.878814097407604322e+01,1.872154561734868938e+00
6.027214331759671040e+04,1.001863010401925935e+00,7.478429283817117574e-04,0.000000000000000000e+00,4.878432652362090494e+01,1.872993304307946083e+00
6.027214377824371331e+04,1.000175260885298067e+00,7.478354987593352357e-04,0.000000000000000000e+00,4.878163287917247715e+01,1.872164535707955269e+00
6.027214423889072350e+04,1.001127514004465091e+00,7.478359461516774845e-04,0.000000000000000000e+00,4.878607730520378993e+01,1.873695432249835147e+00
6.027214469953774824e+04,9.985757985516465762e-01,7.478300753114250658e-04,0.000000000000000000e+00,4.878842175099742917e+01,1.872867941862625507e+00
6.027214516018475115e+04,1.000350636263372728e+00,7.478354913548515255e-04,0.000000000000000000e+00,4.878828895904711516e+01,1.873104957410862026e+00
6.027214562083176133e+04,1.001256701572023733e+00,7.478429032361946869e-04,0.000000000000000000e+00,4.877913586244577004e+01,1.872494983277859237e+00
6.027214608147877880e+04,1.000939548888284181e+00,7.478408953389191569e-04,0.000000000000000000e+00,4.878680669541937220e+01,1.869418129009757124e+00
6.027214654212578898e+04,1.000388732117577062e+00,7.478381457001472780e-04,0.000000000000000000e+00,4.878890062232513714e+01,1.872701320874219810e+00
6.027214700277279189e+04,9.997273796893381137e-01,7.478340553510887936e-04,0.000000000000000000e+00,4.878700169469512815e+01,1.872689921595440898e+00
6.027214746341980936e+04,1.000113761064951312e+00,7.478375668752568076e-04,0.000000000000000000e+00,4.878022770221895144e+01,1.872907619318153749e+00
6.027214792406681954e+04,9.992513176951589582e-01,7.478350829952042133e-04,0.000000000000000000e+00,4.877793786662785180e+01,1.872763365342415609e+00
6.027214838471382973e+04,1.000911574723228004e+00,7.478415846129076285e-04,0.000000000000000000e+00,4.878410179422811410e+01,1.871287598345786840e+00
6.027214884536083991e+04,1.001203188883308615e+00,7.478417110302124212e-04,0.000000000000000000e+00,4.878336614887560074e+01,1.871189216139788059e+00
6.027214930600785738e+04,1.000637880247922995e+00,7.478413070180491787e-04,0.000000000000000000e+00,4.878026702978620222e+01,1.871596601702071538e+00
6.027214976665486029e+04,9.991021258643679737e-01,7.478338896578587153e-04,0.000000000000000000e+00,4.878125986977065054e+01,1.872425962479910666e+00
6.027215022730187775e+04,1.001901347292285527e+00,7.478457780922300987e-04,0.000000000000000000e+00,4.877827806555524859e+01,1.874655800747908829e+00
6.027215068794888793e+04,1.000070139061605579e+00,7.490687467803823019e-04,0.000000000000000000e+00,4.877953285948814255e+01,1.869564465589864666e+00
6.027215114859589812e+04,1.002546350901603489e+00,7.478460644269700882e-04,0.000000000000000000e+00,4.878051207792208288e+01,1.875125292547743072e+00
6.027215160924290103e+04,9.981164410644882690e-01,7.478295982111903125e-04,0.000000000000000000e+00,4.877919759742860606e+01,1.870374703844019271e+00
6.027215206988991849e+04,1.001268024271640300e+00,7.482284724422933820e-04,0.000000000000000000e+00,4.877684522421971991e+01,1.871576414945594014e+00
6.027215253053692868e+04,9.994685701901712127e-01,7.478367311168980210e-04,0.000000000000000000e+00,4.878129849125581075e+01,1.871695726272166072e+00
6.027215299118393159e+04,1.000514454517239527e+00,7.478369193582677784e-04,0.000000000000000000e+00,4.878604993679535085e+01,1.871566826853191978e+00
6.027215345183094905e+04,1.000794641686480135e+00,7.478363796578083251e-04,0.000000000000000000e+00,4.878885612426009288e+01,1.872772017016581581e+00
6.027215391247795924e+04,9.986021757712143510e-01,7.488955478189106415e-04,0.000000000000000000e+00,4.879161253166888912e+01,1.873370957415763538e+00
6.027215437312496215e+04,1.000478049666716496e+00,7.478379357532214397e-04,0.000000000000000000e+00,4.877805023363192305e+01,1.872858437836057321e+00
6.027215483377197961e+04,1.000818588791532404e+00,7.478395559293277801e-04,0.000000000000000000e+00,4.877872635683445424e+01,1.871599926427843119e+00
6.027215529441898980e+04,1.000992465351031591e+00,7.478385703530956085e-04,0.000000000000000000e+00,4.878460119726030797e+01,1.873606284908800879e+00
6.027215575506599271e+04,1.001801768731644726e+00,7.478378145029741840e-04,0.000000000000000000e+00,4.878809849050072955e+01,1.875541905205435844e+00
6.027215621571300289e+04,9.997367635266702912e-01,7.478332872719273229e-04,0.000000000000000000e+00,4.878536697029922209e+01,1.874915273791785131e+00
6.027215667636002036e+04,1.000850397122639013e+00,7.491615300836339210e-04,0.000000000000000000e+00,4.877936672351661684e+01,1.874648874131218834e+00
6.027215713700702327e+04,1.000391887851576067e+00,7.479290637445094956e-04,0.000000000000000000e+00,4.878131207635880173e+01,1.869907711732800681e+00
6.027215759765403345e+04,9.990256460735004174e-01,7.479185023449453490e-04,0.000000000000000000e+00,4.878542077975956914e+01,1.873071454031175032e+00
6.027215805830104364e+04,1.002132787845520401e+00,7.479370484548574817e-04,0.000000000000000000e+00,4.877971539136741796e+01,1.871236069658790413e+00
6.027215851894805382e+04,1.001623453859219914e+00,7.481570474837283746e-04,0.000000000000000000e+00,4.878164895218272790e+01,1.872838416908545467e+00
6.027215897959505673e+04,1.000318431472929426e+00,7.486750656806914327e-04,0.000000000000000000e+00,4.878046808476943852e+01,1.873240951461583315e+00
6.027215944024207420e+04,9.994585062836969236e-01,7.479240170813403199e-04,0.000000000000000000e+00,4.878177051546252585e+01,1.873283641585577142e+00
6.027215990088907711e+04,1.000505124928247724e+00,7.479289328387916979e-04,0.000000000000000000e+00,4.877853811013481788e+01,1.873402754111351598e+00
6.027216036153608002e+04,9.992402304763213783e-01,7.479228752772733345e-04,0.000000000000000000e+00,4.878285470020097847e+01,1.871170211953947726e+00
6.027216082218309748e+04,1.000162416290306222e+00,7.479273477859204071e-04,0.000000000000000000e+00,4.878052542978299044e+01,1.873885144072815478e+00
6.027216128283010767e+04,1.000040088659036153e+00,7.479260184353435240e-04,0.000000000000000000e+00,4.877434075746256070e+01,1.871325506351789736e+00
6.027216174347711058e+04,1.000869785789569644e+00,7.479249596787024626e-04,0.000000000000000000e+00,4.880410405307940636e+01,1.872107473884627504e+00
6.027216220412412804e+04,1.001777644246878651e+00,7.479314412784233805e-04,0.000000000000000000e+00,4.879568471871576918e+01,1.870739782633568993e+00
6.027216266477113095e+04,1.000407634091868170e+00,7.479288961551142263e-04,0.000000000000000000e+00,4.877766891617294220e+01,1.869496434212055469e+00
6.027216312541813386e+04,1.000595810508442041e+00,7.479322729302256010e-04,0.000000000000000000e+00,4.876778447688272422e+01,1.873221743264349870e+00
6.027216358606515132e+04,1.000984972939147122e+00,7.479264958031691312e-04,0.000000000000000000e+00,4.877296642893425371e+01,1.870230558610684657e+00
6.027216404671215423e+04,1.001992561352418987e+00,7.479324025556747559e-04,0.000000000000000000e+00,4.878155517357388504e+01,1.871665375083998883e+00
6.027216450735915714e+04,1.001533571505036191e+00,7.479328351418042167e-04,0.000000000000000000e+00,4.878410444052808259e+01,1.875137322217841129e+00
6.027216496800616733e+04,1.000546803879692304e+00,7.479281306701634092e-04,0.000000000000000000e+00,4.878136916996800920e+01,1.872841991633395153e+00
6.027216542865317751e+04,1.000621228319872547e+00,7.479259672770208287e-04,0.000000000000000000e+00,4.877867160251999934e+01,1.873569817233988077e+00
6.027216588930018042e+04,1.000915859481059211e+00,7.479292803874699027e-04,0.000000000000000000e+00,4.877939141901109110e+01,1.873166449589216187e+00
6.027216634994719061e+04,1.000986060270428801e+00,7.479275101263800586e-04,0.000000000000000000e+00,4.877854501910600504e+01,1.872618496458594572e+00
6.027216681059420080e+04,9.974849091806514689e-01,7.514006600497709657e-04,0.000000000000000000e+00,4.878476294269361802e+01,1.872887371586615668e+00
6.027216727124120371e+04,1.000640761961433034e+00,7.479303463530591377e-04,0.000000000000000000e+00,4.877935529599817954e+01,1.872478839414327023e+00
6.027216773188820662e+04,1.000520059665279016e+00,7.492036267210645199e-04,0.000000000000000000e+00,4.877361974419811474e+01,1.869927723208006265e+00
6.027216819253522408e+04,9.996516855824119085e-01,7.479233473778533177e-04,0.000000000000000000e+00,4.878601118506128387e+01,1.872589665406319881e+00
6.027216865318222699e+04,9.992367576676229879e-01,7.479240116636115543e-04,0.000000000000000000e+00,4.877872392138571911e+01,1.872453913129424441e+00
6.027216911382922990e+04,1.001864231164684815e+00,7.479316339456714216e-04,0.000000000000000000e+00,4.877599311666796922e+01,1.875426656448853091e+00
6.027216957447624736e+04,1.000780509308544453e+00,7.479312915325438387e-04,0.000000000000000000e+00,4.877462609336571830e+01,1.874751532460366299e+00
6.027217003512325027e+04,1.000974219331163484e+00,7.479306916280373425e-04,0.000000000000000000e+00,4.877703006777609573e+01,1.871541122043155925e+00
6.027217049577025318e+04,1.000102671517702824e+00,7.479253386854945590e-04,0.000000000000000000e+00,4.878067850551003914e+01,1.874084303594501399e+00
6.027217095641727065e+04,1.001177854156716451e+00,7.479323870388151487e-04,0.000000000000000000e+00,4.878230531680720361e+01,1.872774829074203895e+00
6.027217141706427356e+04,1.000958707276992765e+00,7.479302154820634567e-04,0.000000000000000000e+00,4.878021411475068447e+01,1.875934108544924372e+00
6.027217187771127647e+04,9.999976052989644204e-01,7.479277279386892631e-04,0.000000000000000000e+00,4.877296768271825300e+01,1.870906038889617928e+00
6.027217233835828665e+04,9.998797181210212770e-01,7.479261963268925631e-04,0.000000000000000000e+00,4.877694226235213648e+01,1.874291795419334550e+00
6.027217279900528956e+04,9.997757273056981919e-01,7.479229700605761772e-04,0.000000000000000000e+00,4.878244420687969551e+01,1.872570664927512230e+00
6.027217325965229247e+04,1.001062004933820138e+00,7.479297188180085215e-04,0.000000000000000000e+00,4.877874469884973507e+01,1.871627881023607776e+00
6.027217372029930266e+04,9.993560523218867342e-01,7.479233667550181210e-04,0.000000000000000000e+00,4.877761630672542736e+01,1.872899233001333430e+00
6.027217418094631284e+04,1.000931198032812830e+00,7.479329937394184249e-04,0.000000000000000000e+00,4.877594053196052215e+01,1.874206995930632225e+00
6.027217464159331576e+04,1.000203463646974100e+00,7.480401002876599587e-04,0.000000000000000000e+00,4.878280705283555108e+01,1.873523106476394640e+00
6.027217510224032594e+04,1.001271127043567022e+00,7.479311351258868985e-04,0.000000000000000000e+00,4.878285038025259013e+01,1.872670616897643692e+00
6.027217556288732885e+04,1.000965637964388533e+00,7.479286373568975370e-04,0.000000000000000000e+00,4.878807962167829260e+01,1.874709032520145868e+00
6.027217602353433176e+04,1.001140802087456594e+00,7.479281031188070306e-04,0.000000000000000000e+00,4.878724567883563168e+01,1.873719131505108049e+00
6.027217648418133467e+04,1.002080007043302690e+00,7.479324892578886321e-04,0.000000000000000000e+00,4.878915236856364857e+01,1.871145519441672622e+00
6.027217694482835213e+04,1.001809179549355333e+00,7.479282811462692688e-04,0.000000000000000000e+00,4.878396053573023039e+01,1.874635014288041468e+00
6.027217740547534777e+04,1.002711890391309257e+00,7.479372827355354556e-04,0.000000000000000000e+00,4.878895979638754454e+01,1.873150251450246273e+00
6.027217786612235068e+04,1.001657073253775732e+00,7.479346071185922823e-04,0.000000000000000000e+00,4.878537533129621551e+01,1.872191665367996638e+00
6.027217832676936814e+04,9.996734019146281680e-01,7.479256790395818122e-04,0.000000000000000000e+00,4.878804986464302829e+01,1.874085023992877241e+00
6.027217878741636378e+04,1.000704763107505446e+00,7.479236629769949731e-04,0.000000000000000000e+00,4.879258135223403769e+01,1.875072720619171962e+00
6.027217924806336669e+04,1.001192410827207002e+00,7.483576051987058785e-04,0.000000000000000000e+00,4.878298809058163954e+01,1.872952308198829519e+00
6.027217970871038415e+04,1.002323695177130158e+00,7.479962973357853458e-04,0.000000000000000000e+00,4.878717914565229563e+01,1.873974944147986932e+00
6.027218016935737978e+04,1.000796473879576931e+00,7.479931301977972785e-04,0.000000000000000000e+00,4.879008828634479045e+01,1.874729261523531809e+00
6.027218063000438269e+04,1.001266523801007446e+00,7.479944808102503189e-04,0.000000000000000000e+00,4.878429916169419300e+01,1.871962156230642771e+00
6.027218109065139288e+04,1.000552778635028783e+00,7.479926237821417747e-04,0.000000000000000000e+00,4.878436662194608431e+01,1.874599142072428837e+00
6.027218155129839579e+04,1.001013235422290260e+00,7.479915531062004226e-04,0.000000000000000000e+00,4.878493641821179239e+01,1.874527495351657969e+00
6.027218201194539870e+04,1.000066813023437362e+00,7.479911519332232061e-04,0.000000000000000000e+00,4.878129914675489687e+01,1.872964059375732848e+00
6.027218247259240161e+04,1.000732629700713971e+00,7.479918630851678301e-04,0.000000000000000000e+00,4.877966619307348140e+01,1.873224110613989968e+00
6.027218293323941180e+04,9.997793708060237483e-01,7.479874803726552614e-04,0.000000000000000000e+00,4.878276749185062044e+01,1.871421409353466236e+00
6.027218339388641471e+04,1.000258706658276431e+00,7.479915206943210356e-04,0.000000000000000000e+00,4.879115568165794059e+01,1.871868234954180421e+00
6.027218385453341034e+04,9.999401279222331906e-01,7.479907109809808214e-04,0.000000000000000000e+00,4.879000777139985701e+01,1.873113818267936104e+00
6.027218431518042780e+04,9.993143407127184075e-01,7.479835987947165265e-04,0.000000000000000000e+00,4.879500867805759867e+01,1.873237081220656686e+00
6.027218477582742344e+04,1.000714091484301349e+00,7.494941752482811278e-04,0.000000000000000000e+00,4.879404535911784535e+01,1.871219613674518722e+00
6.027218523647442635e+04,1.000059896244730240e+00,7.479873203927716457e-04,0.000000000000000000e+00,4.879174265283783996e+01,1.872517998450846877e+00
6.027218569712143653e+04,1.000443410418419443e+00,7.479899357891135270e-04,0.000000000000000000e+00,4.878478086097072008e+01,1.871375304337845824e+00
6.027218615776843944e+04,1.001221747734175826e+00,7.479887031767034917e-04,0.000000000000000000e+00,4.878444663312881602e+01,1.874576585676201335e+00
6.027218661841543508e+04,9.997433827746262658e-01,7.479882951676088826e-04,0.000000000000000000e+00,4.878389784174505905e+01,1.871549654541014407e+00
6.027218707906245254e+04,1.000603886750768279e+00,7.479938246599722191e-04,0.000000000000000000e+00,4.878143838494237627e+01,1.874308652919626228e+00
6.027218753970944817e+04,1.001002677790937989e+00,7.486747110768816839e-04,0.000000000000000000e+00,4.879270818039393021e+01,1.875656436415503059e+00
6.027218800035645108e+04,9.998576105159380223e-01,7.479911395500477749e-04,0.000000000000000000e+00,4.878862228538137913e+01,1.873814096508336302e+00
6.027218846100346127e+04,1.001234623110787147e+00,7.479944329520431213e-04,0.000000000000000000e+00,4.878822834881896853e+01,1.871443764922477104e+00
6.027218892165046418e+04,1.000515618844822541e+00,7.479908845543852772e-04,0.000000000000000000e+00,4.878167347063519088e+01,1.875037557667512678e+00
6.027218938229745982e+04,1.001336634505365142e+00,7.479949851979709281e-04,0.000000000000000000e+00,4.878301015524998974e+01,1.871983823082073339e+00
6.027218984294446273e+04,1.001934240179002122e+00,7.479959782536885551e-04,0.000000000000000000e+00,4.879087105645074018e+01,1.873460069869675060e+00
6.027219030359147291e+04,1.001911234196888545e+00,7.479973646533105052e-04,0.000000000000000000e+00,4.878474253852091636e+01,1.872706927909373542e+00
6.027219076423846855e+04,1.001070421022247192e+00,7.479927923592134559e-04,0.000000000000000000e+00,4.878249621001893388e+01,1.873259959249312878e+00
6.027219122488547873e+04,1.002361034142547069e+00,7.479975618344780579e-04,0.000000000000000000e+00,4.878532263660231649e+01,1.876389345844782230e+00
6.027219168553248164e+04,1.000477270820197662e+00,7.479908098975517191e-04,0.000000000000000000e+00,4.878144355610670146e+01,1.871638226412106532e+00
6.027219214617947728e+04,9.992649156044227654e-01,7.479843495361636167e-04,0.000000000000000000e+00,4.877706535039178704e+01,1.873552196337926912e+00
6.027219260682648019e+04,1.000935485165248995e+00,7.479966690486356245e-04,0.000000000000000000e+00,4.877833479876413492e+01,1.870376508930224890e+00
6.027219306747349037e+04,9.996240476136861730e-01,7.479859038544421938e-04,0.000000000000000000e+00,4.877614138661058973e+01,1.874361386836534527e+00
6.027219352812048601e+04,9.994977614102324992e-01,7.479867029273875928e-04,0.000000000000000000e+00,4.878370594742587230e+01,1.872624212632522545e+00
6.027219398876748164e+04,1.000887160705008494e+00,7.479931791392678379e-04,0.000000000000000000e+00,4.878445328522411728e+01,1.874800226130927561e+00
6.027219444941449910e+04,1.000674895575020207e+00,7.479941851240682910e-04,0.000000000000000000e+00,4.878053385446322210e+01,1.874661250591642681e+00
6.027219491006149474e+04,1.002938390446680650e+00,7.480046533267246727e-04,0.000000000000000000e+00,4.877238378588312173e+01,1.872805659492041919e+00
6.027219537070849037e+04,1.001100330954531659e+00,7.479936288269908775e-04,0.000000000000000000e+00,4.877785449475039314e+01,1.871822876517363010e+00
6.027219583135550783e+04,9.999826819075935402e-01,7.481786081779425281e-04,0.000000000000000000e+00,4.877678525696583023e+01,1.874681972465600754e+00
6.027219629200250347e+04,1.000676103974559750e+00,7.479925651323844149e-04,0.000000000000000000e+00,4.877643368739768448e+01,1.872050977834060159e+00
6.027219675264949910e+04,1.000186635032735527e+00,7.479913231747764785e-04,0.000000000000000000e+00,4.877911723318100456e+01,1.870709932892569149e+00
6.027219721329650201e+04,9.988507965845407899e-01,7.479862863448695455e-04,0.000000000000000000e+00,4.877260460931322683e+01,1.871094796868919108e+00
6.027219767394350492e+04,1.000378771060920879e+00,7.479905495692736874e-04,0.000000000000000000e+00,4.877689335189202779e+01,1.871740049102864623e+00
6.027219813459050783e+04,1.000352537908459238e+00,7.479927162543995988e-04,0.000000000000000000e+00,4.877902107978732005e+01,1.873200701089116960e+00
6.027219859523751074e+04,1.000196615076834217e+00,7.479894547100468614e-04,0.000000000000000000e+00,4.878790290117331097e+01,1.871654824828676844e+00
6.027219905588451365e+04,9.999177798687420848e-01,7.479919820261283180e-04,0.000000000000000000e+00,4.878127637987319787e+01,1.873310141516387972e+00
6.027219951653150929e+04,1.002094300012635220e+00,7.480710327698538884e-04,0.000000000000000000e+00,4.877782007558323585e+01,1.873954292842445968e+00
6.027219997717851220e+04,9.999326368623960848e-01,7.479909586699827256e-04,0.000000000000000000e+00,4.877589360576695299e+01,1.874526144001146255e+00
6.027220043782551511e+04,1.001828395811938721e+00,7.479979103053349372e-04,0.000000000000000000e+00,4.877790081278148193e+01,1.872481163798312531e+00
6.027220089847251074e+04,1.000737883420425911e+00,7.479922453863974575e-04,0.000000000000000000e+00,4.878223626631007903e+01,1.871883119332242273e+00
6.027220135911951365e+04,1.001028438975642310e+00,7.479919735017320683e-04,0.000000000000000000e+00,4.878432879348603279e+01,1.873894683388764637e+00
6.027220181976652384e+04,9.997660639426112494e-01,7.479087119302643433e-04,0.000000000000000000e+00,4.878544720454843286e+01,1.873793242695570571e+00
6.027220228041351947e+04,1.000630352741049389e+00,7.479147374022422634e-04,0.000000000000000000e+00,4.877537284282272623e+01,1.873596493524994466e+00
6.027220274106051511e+04,1.000406051418768927e+00,7.487242623713776446e-04,0.000000000000000000e+00,4.877630891977477745e+01,1.873785373885182404e+00
6.027220320170752530e+04,1.000327596709603695e+00,7.479125863915349294e-04,0.000000000000000000e+00,4.877704345222758064e+01,1.877151714347871092e+00
6.027220366235452093e+04,1.001437723392477386e+00,7.479184886844967087e-04,0.000000000000000000e+00,4.877426641033883925e+01,1.876573933000998284e+00
6.027220412300151656e+04,1.000028969185931871e+00,7.479126813891263199e-04,0.000000000000000000e+00,4.877956754406110917e+01,1.874642061152268724e+00
6.027220458364852675e+04,9.997005129656366673e-01,7.479111106325282872e-04,0.000000000000000000e+00,4.878255355504097679e+01,1.870690654566889988e+00
6.027220504429552238e+04,9.990902358849889087e-01,7.479086068087390351e-04,0.000000000000000000e+00,4.878135831104882669e+01,1.873416042101766710e+00
6.027220550494251802e+04,9.986916531223755111e-01,7.479096316373137938e-04,0.000000000000000000e+00,4.878385016313970368e+01,1.874146526338551277e+00
6.027220596558952093e+04,9.998585313217017712e-01,7.479113376265693639e-04,0.000000000000000000e+00,4.878757664569255326e+01,1.874816989138785583e+00
6.027220642623652384e+04,1.000722928145934665e+00,7.479146202545614930e-04,0.000000000000000000e+00,4.878947928526378064e+01,1.872369009251887206e+00
6.027220688688351947e+04,1.000010145020626240e+00,7.479110046340624231e-04,0.000000000000000000e+00,4.878857342748801784e+01,1.876388734837895811e+00
6.027220734753052238e+04,9.996994427258413252e-01,7.479114122486238848e-04,0.000000000000000000e+00,4.879111360683440068e+01,1.873042084150989828e+00
6.027220780817752529e+04,1.000910623034791058e+00,7.479133040088314617e-04,0.000000000000000000e+00,4.879193618820333000e+01,1.872616894196533099e+00
6.027220826882452093e+04,9.995519557361394192e-01,7.479100567101618080e-04,0.000000000000000000e+00,4.877781420726984152e+01,1.871683945398125326e+00
6.027220872947151656e+04,1.001338559497471525e+00,7.479198285226799263e-04,0.000000000000000000e+00,4.877736477773491686e+01,1.872423594068333808e+00
6.027220919011851947e+04,1.000548711935867585e+00,7.504590142891015645e-04,0.000000000000000000e+00,4.878780887244872133e+01,1.873169727521436734e+00
6.027220965076551511e+04,1.000185837308240622e+00,7.479120900479558449e-04,0.000000000000000000e+00,4.878417860053531285e+01,1.872201855367159995e+00
6.027221011141251074e+04,9.995909782986801551e-01,7.479115440010918698e-04,0.000000000000000000e+00,4.878211535763450257e+01,1.873605697747067422e+00
6.027221057205952093e+04,1.000000000830746583e+00,7.479105906057479693e-04,0.000000000000000000e+00,4.878565769858429491e+01,1.874382254024291372e+00
6.027221103270651656e+04,1.001647620993105559e+00,7.481316219901643126e-04,0.000000000000000000e+00,4.879186991205142476e+01,1.874340552176060770e+00
6.027221149335351220e+04,1.000240997180449121e+00,7.479120092680925777e-04,0.000000000000000000e+00,4.878724162894710759e+01,1.873027128742207337e+00
6.027221195400052238e+04,1.000076351754466852e+00,7.479100296231870008e-04,0.000000000000000000e+00,4.878573334876078604e+01,1.874953769059920949e+00
6.027221241464751074e+04,1.000440539696071385e+00,7.479134118296741022e-04,0.000000000000000000e+00,4.878907982618804340e+01,1.873638611479447658e+00
6.027221287529450638e+04,9.992020717061087520e-01,7.493788064794551377e-04,0.000000000000000000e+00,4.878493142369840996e+01,1.875316870200115060e+00
6.027221333594151656e+04,9.994083240919534594e-01,7.479101587679247648e-04,0.000000000000000000e+00,4.877949474948577802e+01,1.874587484662918246e+00
6.027221379658851220e+04,9.987423179862704448e-01,7.479056769974714181e-04,0.000000000000000000e+00,4.878725440692525694e+01,1.871299731745403427e+00
6.027221425723550783e+04,9.989505229669577435e-01,7.479060964317278421e-04,0.000000000000000000e+00,4.878462006722867272e+01,1.873213297243010222e+00
6.027221471788250346e+04,9.999910287374227380e-01,7.479084330996734571e-04,0.000000000000000000e+00,4.878539974289881798e+01,1.873689753538301694e+00
6.027221517852950637e+04,1.000274078387682231e+00,7.479116719039669015e-04,0.000000000000000000e+00,4.879225498645541848e+01,1.873903544185578696e+00
6.027221563917650201e+04,1.000588255355096878e+00,7.479117199746156000e-04,0.000000000000000000e+00,4.879319720996927856e+01,1.875301271707890516e+00
6.027221609982349764e+04,1.000828361422475998e+00,7.481577335576130357e-04,0.000000000000000000e+00,4.878127553974015029e+01,1.870876444362449709e+00
6.027221656047050055e+04,1.000222925323975165e+00,7.479134355607727856e-04,0.000000000000000000e+00,4.878337755563808997e+01,1.872994621737025467e+00
6.027221702111749619e+04,1.000948578109986720e+00,7.479130354124453352e-04,0.000000000000000000e+00,4.878197269466132724e+01,1.874358000046754125e+00
6.027221748176449182e+04,9.990613824038881985e-01,7.479110504507107500e-04,0.000000000000000000e+00,4.877210710075956257e+01,1.875334880298978657e+00
6.027221794241149473e+04,9.999835803901265807e-01,7.479094497545942964e-04,0.000000000000000000e+00,4.878417905308419478e+01,1.873827137372770180e+00
6.027221840305849037e+04,9.990767103009917660e-01,7.479065106795615772e-04,0.000000000000000000e+00,4.877947861435798416e+01,1.874028333946235358e+00
6.027221886370548600e+04,1.000175796054199262e+00,7.479100705543699230e-04,0.000000000000000000e+00,4.878581170348555673e+01,1.872499510376399501e+00
6.027221932435248891e+04,1.000926165547192603e+00,7.479153152938008715e-04,0.000000000000000000e+00,4.878074264102286861e+01,1.873073849534482083e+00
6.027221978499948455e+04,1.000441194599192674e+00,7.479108011539810060e-04,0.000000000000000000e+00,4.878376936220126225e+01,1.874501830337822916e+00
6.027222024564647290e+04,1.001890037462524363e+00,7.479177853894720604e-04,0.000000000000000000e+00,4.878638412794069268e+01,1.874673833339484341e+00
6.027222070629348309e+04,1.000064385445136317e+00,7.479107600136241513e-04,0.000000000000000000e+00,4.878929672677784168e+01,1.875194202049671244e+00
6.027222116694047872e+04,1.000423673457188301e+00,7.479139773043491082e-04,0.000000000000000000e+00,4.879068681043434452e+01,1.872080905761511760e+00
6.027222162758746708e+04,1.001006975445350777e+00,7.479139266901611372e-04,0.000000000000000000e+00,4.879108359857726640e+01,1.871975708771759006e+00
6.027222208823446999e+04,1.002318620343220168e+00,7.479206232260314459e-04,0.000000000000000000e+00,4.878490413385235769e+01,1.874904147978452729e+00
6.027222254888146563e+04,1.000685428272799493e+00,7.479121120032217922e-04,0.000000000000000000e+00,4.878867131613186103e+01,1.876149383782847346e+00
6.027222300952846126e+04,1.001012735774094331e+00,7.479155898042163554e-04,0.000000000000000000e+00,4.879360165793484327e+01,1.873441431288305203e+00
6.027222347017545690e+04,1.001688196945987208e+00,7.479166133358711860e-04,0.000000000000000000e+00,4.878758297650322362e+01,1.872452280738247543e+00
6.027222393082245981e+04,9.995034111747662653e-01,7.479076985499766728e-04,0.000000000000000000e+00,4.879030925846031153e+01,1.873037220319193841e+00
6.027222439146944816e+04,9.993012357541417590e-01,7.478681329216863016e-04,0.000000000000000000e+00,4.878356328721785218e+01,1.872750816188150536e+00
6.027222485211645107e+04,1.000095725598796115e+00,7.478735998316328503e-04,0.000000000000000000e+00,4.877463751800993208e+01,1.872145342202347296e+00
6.027222531276344671e+04,9.994278679794598164e-01,7.478721144749128505e-04,0.000000000000000000e+00,4.877814761664319576e+01,1.870803966776691363e+00
6.027222577341044234e+04,1.001238207299488758e+00,7.478745840686027704e-04,0.000000000000000000e+00,4.878475743939944920e+01,1.873950082577107379e+00
6.027222623405743070e+04,9.998531505123245955e-01,7.478673297459054268e-04,0.000000000000000000e+00,4.878454727067143892e+01,1.873986997142694344e+00
6.027222669470444089e+04,9.992016463319980391e-01,7.478677685331608718e-04,0.000000000000000000e+00,4.878156021874477943e+01,1.874036261426576644e+00
6.027222715535142925e+04,9.999502085399711859e-01,7.478702648005310918e-04,0.000000000000000000e+00,4.878403574866021586e+01,1.875714330037340893e+00
6.027222761599841760e+04,9.993196263710838467e-01,7.478680089450449571e-04,0.000000000000000000e+00,4.879063352287105459e+01,1.872273876474542131e+00
6.027222807664542779e+04,9.994909341684456994e-01,7.478718196712615248e-04,0.000000000000000000e+00,4.878381775662636244e+01,1.872413205444645401e+00
6.027222853729241615e+04,9.999333294284247220e-01,7.478686784734483789e-04,0.000000000000000000e+00,4.878616279337801132e+01,1.870760406645495033e+00
6.027222899793941178e+04,9.997504485244083083e-01,7.478667124084990804e-04,0.000000000000000000e+00,4.878503497233019459e+01,1.872488106888735127e+00
6.027222945858641469e+04,1.002763998388140232e+00,7.478867371767895702e-04,0.000000000000000000e+00,4.878514288311320968e+01,1.873536670191890963e+00
6.027222991923340305e+04,1.000242408378437586e+00,7.478721236357534479e-04,0.000000000000000000e+00,4.878139961380323086e+01,1.873835555287160837e+00
6.027223037988039869e+04,9.993526048299739006e-01,7.478671800591551273e-04,0.000000000000000000e+00,4.877971935123179037e+01,1.871371345874632164e+00
6.027223084052739432e+04,1.000612652731954766e+00,7.483687057725853546e-04,0.000000000000000000e+00,4.878353602838368630e+01,1.875405748961747276e+00
6.027223130117438996e+04,9.997055763457793898e-01,7.478720096943539467e-04,0.000000000000000000e+00,4.877469584993889384e+01,1.872988737753096045e+00
6.027223176182138559e+04,9.987190776302136141e-01,7.478653349030672023e-04,0.000000000000000000e+00,4.878209904715125589e+01,1.873631568913277867e+00
6.027223222246838122e+04,9.993567080117500279e-01,7.478675919990012940e-04,0.000000000000000000e+00,4.878458348058856586e+01,1.872453747056157969e+00
6.027223268311537686e+04,9.998633743411432517e-01,7.478704901786896106e-04,0.000000000000000000e+00,4.878389389099448437e+01,1.873737484076518633e+00
6.027223314376237249e+04,1.000216300226227650e+00,7.482200819315278214e-04,0.000000000000000000e+00,4.878508540132796156e+01,1.871954919036057374e+00
6.027223360440936085e+04,1.001442446439958944e+00,7.481534950930206077e-04,0.000000000000000000e+00,4.878566734273546501e+01,1.876782350300840729e+00
6.027223406505636376e+04,1.000366802153601853e+00,7.492302553868399658e-04,0.000000000000000000e+00,4.879113113305940175e+01,1.873834375196458346e+00
6.027223452570335212e+04,9.987264512214349965e-01,7.478643844245988102e-04,0.000000000000000000e+00,4.878125683586847572e+01,1.872207644161294038e+00
6.027223498635034775e+04,9.990884319352717480e-01,7.481074628929294161e-04,0.000000000000000000e+00,4.878216699418916136e+01,1.872793046395737848e+00
6.027223544699735066e+04,1.001234794362385605e+00,7.478761552190306286e-04,0.000000000000000000e+00,4.878089391003658903e+01,1.874268164296025496e+00
6.027223590764433902e+04,9.994869497124933000e-01,7.488767403705718067e-04,0.000000000000000000e+00,4.879098629822482280e+01,1.873128725987163623e+00
6.027223636829132738e+04,1.000107197395029512e+00,7.482489256221132139e-04,0.000000000000000000e+00,4.879160824539146546e+01,1.872148624482283141e+00
6.027223682893833029e+04,9.991833458172100224e-01,7.478677905727934691e-04,0.000000000000000000e+00,4.878998098167993902e+01,1.873828873351584212e+00
6.027223728958531865e+04,1.000488183726329749e+00,7.493265169039841625e-04,0.000000000000000000e+00,4.878535198033386422e+01,1.873921317413243637e+00
6.027223775023231428e+04,9.983313648143148367e-01,7.478646323906634839e-04,0.000000000000000000e+00,4.878493030912266448e+01,1.871466958063433550e+00
6.027223821087931719e+04,1.000047428929281779e+00,7.478711604000980390e-04,0.000000000000000000e+00,4.878913430875649482e+01,1.874957732528438781e+00
6.027223867152630555e+04,1.000417693321351775e+00,7.481845716704142854e-04,0.000000000000000000e+00,4.878968628771951188e+01,1.872568626866938368e+00
6.027223913217329391e+04,1.002001105289534566e+00,7.478759369007074650e-04,0.000000000000000000e+00,4.878551333321684780e+01,1.876236693932253674e+00
6.027223959282028954e+04,1.000699649524296575e+00,7.478726789920539996e-04,0.000000000000000000e+00,4.877522303436720108e+01,1.872681440232943473e+00
6.027224005346728518e+04,9.999787705769010993e-01,7.478727205056163356e-04,0.000000000000000000e+00,4.877043937988506883e+01,1.874631680613944917e+00
6.027224051411427354e+04,9.987073779556592257e-01,7.478675218577635325e-04,0.000000000000000000e+00,4.878458896402398182e+01,1.873008222240294618e+00
6.027224097476126917e+04,1.001113363687123003e+00,7.478759390366977429e-04,0.000000000000000000e+00,4.876994341018841084e+01,1.873829194818538157e+00
6.027224143540826481e+04,1.000926300089318266e+00,7.478777987106450219e-04,0.000000000000000000e+00,4.876846753970029624e+01,1.871376390880145957e+00
6.027224189605525316e+04,1.001666250147671411e+00,7.478807063025630147e-04,0.000000000000000000e+00,4.877734202679258146e+01,1.875539174357737426e+00
6.027224235670224880e+04,1.000363211207081493e+00,7.478718662328770906e-04,0.000000000000000000e+00,4.878346900579100520e+01,1.875667670417274779e+00
6.027224281734925171e+04,1.001869508713676193e+00,7.478784141378313393e-04,0.000000000000000000e+00,4.879575942099572927e+01,1.875319058028732444e+00
6.027224327799624007e+04,1.000455122366298299e+00,7.478696253447701800e-04,0.000000000000000000e+00,4.879079290224847654e+01,1.872561829715129633e+00
6.027224373864322843e+04,1.001417008735716596e+00,7.478779398904843254e-04,0.000000000000000000e+00,4.878858678061094878e+01,1.872984376070481627e+00
6.027224419929023134e+04,1.000453584567100984e+00,7.478714434792615561e-04,0.000000000000000000e+00,4.878401528268707921e+01,1.876292497480008148e+00
6.027224465993721242e+04,1.000888576133099450e+00,7.478973559771004160e-04,0.000000000000000000e+00,4.878660434013568192e+01,1.873423863580225612e+00
6.027224512058420078e+04,1.000132150605165693e+00,7.478684459670301805e-04,0.000000000000000000e+00,4.879017018944487916e+01,1.874070861871782068e+00
6.027224558123120369e+04,1.000226467926524920e+00,7.478697324785515185e-04,0.000000000000000000e+00,4.878761519539776970e+01,1.874328171124659104e+00
6.027224604187819205e+04,1.000440830461757802e+00,7.478728269253793115e-04,0.000000000000000000e+00,4.877633409829661559e+01,1.874608476265436696e+00
6.027224650252518040e+04,9.994552490391610533e-01,7.478690526236596260e-04,0.000000000000000000e+00,4.878308562171773133e+01,1.873905125906586644e+00
6.027224696317218331e+04,1.000190747644864819e+00,7.479564974886906839e-04,0.000000000000000000e+00,4.878410779208615367e+01,1.875303236153007092e+00
6.027224742381917167e+04,9.997869509288227485e-01,7.479569441879095311e-04,0.000000000000000000e+00,4.877571211677931018e+01,1.874424083932094254e+00
6.027224788446616003e+04,9.986495615598692810e-01,7.479589295146151905e-04,0.000000000000000000e+00,4.877340102461332094e+01,1.872314832656272410e+00
6.027224834511315566e+04,1.001411623682922025e+00,7.479671152995276190e-04,0.000000000000000000e+00,4.877783854885694126e+01,1.876278228708163631e+00
6.027224880576015130e+04,1.000331669963308245e+00,7.479605329169517662e-04,0.000000000000000000e+00,4.878535331369296557e+01,1.871531994326836479e+00
6.027224926640713966e+04,1.000859577405715628e+00,7.479591835019401775e-04,0.000000000000000000e+00,4.878266181394783985e+01,1.877245659473313122e+00
6.027224972705412802e+04,1.001254852135784468e+00,7.479640601383949657e-04,0.000000000000000000e+00,4.878964278637011631e+01,1.875638505831567659e+00
6.027225018770112365e+04,1.000666047302387840e+00,7.479564514343592201e-04,0.000000000000000000e+00,4.878990043678049915e+01,1.876309656789264313e+00
6.027225064834811201e+04,1.001636207386035871e+00,7.479609481744830353e-04,0.000000000000000000e+00,4.878702942604481052e+01,1.873180026506582108e+00
6.027225110899510037e+04,1.000118470525370284e+00,7.479579445797666665e-04,0.000000000000000000e+00,4.878195828319230998e+01,1.870596569739698012e+00
6.027225156964210328e+04,1.000806283078749859e+00,7.479602190115687424e-04,0.000000000000000000e+00,4.878672211176215257e+01,1.875918340407202622e+00
6.027225203028908436e+04,9.980835344172439560e-01,7.479533590542411861e-04,0.000000000000000000e+00,4.878674300599758595e+01,1.873238046141033175e+00
6.027225249093607272e+04,1.001090243038474714e+00,7.479622088548726518e-04,0.000000000000000000e+00,4.879143956668492876e+01,1.873552114180917716e+00
6.027225295158307563e+04,9.994440533264339344e-01,7.479546436888032156e-04,0.000000000000000000e+00,4.878163707991637921e+01,1.873732873949309097e+00
6.027225341223006399e+04,1.000585934387273390e+00,7.479611264696794590e-04,0.000000000000000000e+00,4.877490117084398946e+01,1.872912243356335882e+00
6.027225387287704507e+04,1.000141202545816510e+00,7.488164594425444692e-04,0.000000000000000000e+00,4.878227483513860818e+01,1.875248058998018275e+00
6.027225433352404798e+04,9.991506885454107811e-01,7.479548015415782292e-04,0.000000000000000000e+00,4.878033521176958232e+01,1.874314916156381017e+00
6.027225479417103634e+04,1.000641239466854238e+00,7.479641274815108584e-04,0.000000000000000000e+00,4.877061140626083358e+01,1.872675735658398954e+00
6.027225525481802470e+04,1.001422841789196383e+00,7.479671361938581555e-04,0.000000000000000000e+00,4.877151539922338941e+01,1.875126514797456734e+00
6.027225571546501305e+04,1.000194609735799656e+00,7.479583209801506181e-04,0.000000000000000000e+00,4.877645312805105249e+01,1.872781138793448319e+00
6.027225617611200869e+04,1.000181170762482807e+00,7.479599756561511109e-04,0.000000000000000000e+00,4.878206425698104454e+01,1.873380294264395340e+00
6.027225663675899705e+04,1.000071320178390399e+00,7.479584113865395904e-04,0.000000000000000000e+00,4.878541477728155940e+01,1.873684217088938953e+00
6.027225709740598541e+04,9.990761476178612321e-01,7.479577494028485278e-04,0.000000000000000000e+00,4.877790889622317394e+01,1.872926301407890071e+00
6.027225755805298104e+04,1.000443346721399784e+00,7.479610860504649341e-04,0.000000000000000000e+00,4.878095935371206338e+01,1.872380851568000049e+00
6.027225801869996940e+04,1.000255831037342835e+00,7.479598830538341288e-04,0.000000000000000000e+00,4.878547635977913899e+01,1.875148711279664315e+00
6.027225847934695776e+04,9.998506173776702255e-01,7.479590405623799242e-04,0.000000000000000000e+00,4.878026102241091166e+01,1.873275818920002278e+00
6.027225893999395339e+04,9.994872176706379729e-01,7.479591065679243788e-04,0.000000000000000000e+00,4.877315395225400607e+01,1.873316294779627356e+00
6.027225940064093447e+04,9.995753107897179524e-01,7.479574524543282843e-04,0.000000000000000000e+00,4.877306718323721668e+01,1.874291677779114540e+00
6.027225986128792283e+04,1.000505467122671632e+00,7.479647629250133628e-04,0.000000000000000000e+00,4.877317877717006667e+01,1.872318818435518395e+00
6.027226032193491847e+04,9.982534980934137936e-01,7.497665220231178925e-04,0.000000000000000000e+00,4.879276089533763638e+01,1.868576592712492879e+00
6.027226078258190682e+04,1.000728063198109918e+00,7.479618134308929590e-04,0.000000000000000000e+00,4.878008064885637651e+01,1.871927286821442271e+00
6.027226124322889518e+04,9.988635716548460719e-01,7.479552608616704982e-04,0.000000000000000000e+00,4.877784654385832397e+01,1.872061168416612853e+00
6.027226170387589082e+04,9.998601468142089832e-01,7.479599528353326338e-04,0.000000000000000000e+00,4.877826686371994924e+01,1.873626018045076780e+00
6.027226216452287917e+04,1.001498130294986355e+00,7.479656551388797359e-04,0.000000000000000000e+00,4.877461346409874920e+01,1.876794620140734615e+00
6.027226262516986026e+04,1.000285064448358074e+00,7.479579596689435363e-04,0.000000000000000000e+00,4.878503755150415344e+01,1.873738762819998849e+00
6.027226308581686317e+04,1.001143041107300125e+00,7.479611445211238044e-04,0.000000000000000000e+00,4.878614744911534729e+01,1.871936033756950613e+00
6.027226354646384425e+04,9.994728435654741672e-01,7.479563937024727828e-04,0.000000000000000000e+00,4.878611194772470583e+01,1.875710151008233684e+00
6.027226400711083261e+04,1.000571644704552066e+00,7.479603401857779724e-04,0.000000000000000000e+00,4.878081593909020341e+01,1.872268674238908304e+00
6.027226446775782097e+04,1.000091502594496529e+00,7.479588872146911019e-04,0.000000000000000000e+00,4.877421965309083163e+01,1.874414347384522950e+00
6.027226492840480933e+04,9.993506519786419240e-01,7.479538779328647391e-04,0.000000000000000000e+00,4.878304721032768754e+01,1.873829913149724913e+00
6.027226538905179768e+04,9.994882993839118157e-01,7.479531278663422832e-04,0.000000000000000000e+00,4.879108223063725802e+01,1.873831459951301293e+00
6.027226584969878604e+04,9.999108816041354375e-01,7.479581512500206022e-04,0.000000000000000000e+00,4.878540104292480351e+01,1.874211429730564094e+00
6.027226631034578168e+04,1.002949615649696202e+00,7.479684682094825832e-04,0.000000000000000000e+00,4.878597720187391928e+01,1.874819535108075419e+00
6.027226677099276276e+04,1.001198851460573414e+00,7.479600272653180292e-04,0.000000000000000000e+00,4.878444349274721503e+01,1.870821956660346785e+00
6.027226723163975112e+04,9.998584020841020381e-01,7.479574424310064850e-04,0.000000000000000000e+00,4.878665549804021140e+01,1.873700994844946566e+00
6.027226769228674675e+04,1.000372278054529884e+00,7.479594960642963830e-04,0.000000000000000000e+00,4.878648374127312337e+01,1.871495509461724049e+00
6.027226815293372783e+04,9.994478443438812310e-01,7.479542579953112058e-04,0.000000000000000000e+00,4.878939067669938368e+01,1.875410099628723071e+00
6.027226861358071619e+04,9.998467801693722290e-01,7.479573767583345403e-04,0.000000000000000000e+00,4.878201723052021066e+01,1.873997650441726170e+00
6.027226907422771183e+04,1.000304002658601643e+00,7.479592900437979789e-04,0.000000000000000000e+00,4.878418214861763857e+01,1.874634279417543681e+00
6.027226953487469291e+04,1.000605736786785549e+00,7.479825975479771454e-04,0.000000000000000000e+00,4.878614097375179881e+01,1.872818477282288230e+00
6.027226999552168127e+04,9.984776502062958636e-01,7.479804104356570097e-04,0.000000000000000000e+00,4.877639759854666579e+01,1.872958167582609468e+00
6.027227045616867690e+04,1.000070426485254238e+00,7.479827543145231789e-04,0.000000000000000000e+00,4.877695340353183440e+01,1.870555960818086616e+00
6.027227091681565798e+04,9.989186897426112210e-01,7.479790928966892176e-04,0.000000000000000000e+00,4.878332302448765034e+01,1.872240079887806941e+00
6.027227137746263907e+04,9.995573490653749671e-01,7.500887627631636035e-04,0.000000000000000000e+00,4.878421344362108414e+01,1.875579603011770624e+00
6.027227183810964198e+04,1.000658705868976428e+00,7.479862743906153357e-04,0.000000000000000000e+00,4.879341602918217546e+01,1.874240456271497157e+00
6.027227229875662306e+04,9.997495279126242806e-01,7.479816491445511481e-04,0.000000000000000000e+00,4.878694435186281453e+01,1.874128275705785107e+00
6.027227275940360414e+04,1.002649040270473524e+00,7.479896056908906824e-04,0.000000000000000000e+00,4.878555146957128130e+01,1.875199324808099588e+00
6.027227322005059250e+04,1.000333304550480307e+00,7.487874659332969347e-04,0.000000000000000000e+00,4.878121386565626239e+01,1.874223038509001515e+00
6.027227368069758813e+04,1.000404710508634665e+00,7.479871972085890648e-04,0.000000000000000000e+00,4.878900861068703421e+01,1.872736130712856495e+00
6.027227414134456922e+04,9.997525455870963640e-01,7.479812080311401589e-04,0.000000000000000000e+00,4.878727796215337520e+01,1.875361926591638584e+00
6.027227460199155757e+04,1.000409537062804999e+00,7.479822382776477301e-04,0.000000000000000000e+00,4.878961799115784004e+01,1.874796725406351339e+00
6.027227506263854593e+04,1.001258480319874300e+00,7.479878557766316124e-04,0.000000000000000000e+00,4.878474908732935234e+01,1.872465740267625689e+00
6.027227552328552702e+04,1.000515774062429308e+00,7.479842593155938864e-04,0.000000000000000000e+00,4.878365202766428155e+01,1.873518977967442378e+00
6.027227598393251537e+04,9.999427369250956099e-01,7.479835275665030949e-04,0.000000000000000000e+00,4.877753881869009689e+01,1.873439806212082726e+00
6.027227644457951101e+04,9.977650340906379922e-01,7.479784998682641314e-04,0.000000000000000000e+00,4.877364790117157156e+01,1.871203752154947830e+00
6.027227690522649209e+04,9.998138328806606134e-01,7.479850643246345422e-04,0.000000000000000000e+00,4.878456705555307593e+01,1.874133713156024950e+00
6.027227736587347317e+04,9.991597449019703481e-01,7.479781227437746170e-04,0.000000000000000000e+00,4.878147343673765590e+01,1.871971589184571183e+00
6.027227782652046881e+04,9.987334041927031780e-01,7.479795745027268197e-04,0.000000000000000000e+00,4.878991481567172173e+01,1.870752645124395652e+00
6.027227828716744989e+04,1.000290738998533602e+00,7.479829967738729768e-04,0.000000000000000000e+00,4.879432985387117583e+01,1.874160358794709103e+00
6.027227874781443097e+04,9.991890566902774662e-01,7.479822084892905109e-04,0.000000000000000000e+00,4.878550150554727338e+01,1.871060031262065326e+00
6.027227920846142661e+04,1.000661797726083657e+00,7.479871316127535523e-04,0.000000000000000000e+00,4.878079115222886486e+01,1.873208533731914205e+00
6.027227966910840769e+04,1.000284522691953004e+00,7.479857583912729061e-04,0.000000000000000000e+00,4.877663129714510148e+01,1.870967027282246731e+00
6.027228012975538877e+04,9.990155692049978997e-01,7.479817613244691722e-04,0.000000000000000000e+00,4.878042882642016309e+01,1.870060294593816730e+00
6.027228059040238441e+04,1.000721500888225535e+00,7.479885910679616055e-04,0.000000000000000000e+00,4.878153147260248090e+01,1.871722036703856951e+00
6.027228105104937276e+04,9.991899323076777195e-01,7.479804564020955645e-04,0.000000000000000000e+00,4.878201120508661859e+01,1.874812972396551647e+00
6.027228151169635385e+04,1.000936136306585844e+00,7.479862440377807236e-04,0.000000000000000000e+00,4.878199798765434991e+01,1.873638430760209861e+00
6.027228197234334220e+04,9.990900979873389431e-01,7.479828543631351521e-04,0.000000000000000000e+00,4.878622722248621812e+01,1.872826725258658120e+00
6.027228243299033056e+04,1.000885165589664005e+00,7.479896703435066256e-04,0.000000000000000000e+00,4.878514826692304496e+01,1.874146141471573879e+00
6.027228289363731164e+04,9.989734546789532654e-01,7.479783255313698183e-04,0.000000000000000000e+00,4.878638111761465268e+01,1.872448930124035460e+00
6.027228335428430000e+04,1.000413517327955137e+00,7.483948206660793545e-04,0.000000000000000000e+00,4.879200352453264600e+01,1.870848469074398501e+00
6.027228381493128109e+04,9.988492710811128772e-01,7.479763516492501062e-04,0.000000000000000000e+00,4.879062407548997271e+01,1.873790877463884730e+00
6.027228427557826217e+04,9.983003259006754115e-01,7.479759631074381007e-04,0.000000000000000000e+00,4.878924134186656403e+01,1.873925756242824203e+00
6.027228473622524325e+04,1.001901299846052362e+00,7.479878584108703597e-04,0.000000000000000000e+00,4.878819814648565512e+01,1.874525162810010137e+00
6.027228519687223888e+04,9.994119382890788161e-01,7.479833011905716398e-04,0.000000000000000000e+00,4.877724842946378914e+01,1.873316382336045915e+00
6.027228565751921997e+04,9.999853518589887358e-01,7.479827042528126510e-04,0.000000000000000000e+00,4.878688442447447215e+01,1.874675738483993603e+00
6.027228611816620105e+04,1.000020714650347697e+00,7.479820139383615415e-04,0.000000000000000000e+00,4.878229811297168794e+01,1.872694381917126449e+00
6.027228657881319668e+04,1.000276806724062606e+00,7.479870039213454324e-04,0.000000000000000000e+00,4.877952249297072029e+01,1.871392917937878098e+00
6.027228703946017777e+04,1.000134589613651759e+00,7.479875965452418944e-04,0.000000000000000000e+00,4.877817104503880330e+01,1.873966222602047926e+00
6.027228750010715885e+04,1.000579235495664410e+00,7.479835783623005677e-04,0.000000000000000000e+00,4.878619853476993740e+01,1.874668496371251658e+00
6.027228796075415448e+04,9.997492045120224269e-01,7.479796707468150396e-04,0.000000000000000000e+00,4.879672151807471892e+01,1.873125640346672949e+00
6.027228842140112829e+04,1.000261336508661669e+00,7.479807526181245919e-04,0.000000000000000000e+00,4.879187143348107014e+01,1.873939462182013349e+00
6.027228888204810937e+04,1.000879455790947281e+00,7.479828899470015178e-04,0.000000000000000000e+00,4.879451113653124850e+01,1.875219954781019105e+00
6.027228934269509773e+04,9.994523749526108558e-01,7.479781041884993537e-04,0.000000000000000000e+00,4.879070545537633308e+01,1.871296258622878961e+00
6.027228980334208609e+04,1.001393825694223416e+00,7.479883808644352539e-04,0.000000000000000000e+00,4.878955510137635798e+01,1.872630907369551734e+00
6.027229026398906717e+04,9.982536273234541291e-01,7.492668556375918715e-04,0.000000000000000000e+00,4.878919390001825462e+01,1.873945241421214991e+00
6.027229072463604825e+04,1.000349549935414917e+00,7.479879436400427122e-04,0.000000000000000000e+00,4.878086306337736744e+01,1.871565629512482509e+00
6.027229118528303661e+04,9.992950507045473829e-01,7.479774104317337769e-04,0.000000000000000000e+00,4.878628599118395215e+01,1.873063727581259608e+00
6.027229164593001769e+04,9.992691374373851021e-01,7.479808278587382446e-04,0.000000000000000000e+00,4.879056599544799155e+01,1.873543530882110009e+00
6.027229210657699878e+04,9.983306867356448455e-01,7.482808336117896617e-04,0.000000000000000000e+00,4.878683763007124696e+01,1.871397125701853126e+00
6.027229256722398713e+04,9.993060519566644428e-01,7.482846105568739326e-04,0.000000000000000000e+00,4.878141733294337712e+01,1.875821014627634842e+00
6.027229302787096822e+04,9.998950187384221255e-01,7.493160370384224387e-04,0.000000000000000000e+00,4.877960682042321139e+01,1.874004868244829147e+00
6.027229348851794930e+04,1.000427964377311962e+00,7.482935955772278616e-04,0.000000000000000000e+00,4.877441123141951351e+01,1.871502754255639722e+00
6.027229394916493766e+04,9.980938815175320888e-01,7.482816550547183136e-04,0.000000000000000000e+00,4.877251907902003580e+01,1.872327386254418746e+00
6.027229440981191874e+04,9.999475543299159996e-01,7.482862953741147320e-04,0.000000000000000000e+00,4.878488381326255308e+01,1.873953662949953580e+00
6.027229487045889982e+04,9.999680271573305745e-01,7.482893530506976899e-04,0.000000000000000000e+00,4.878517874910560437e+01,1.875030081887883115e+00
6.027229533110588818e+04,1.001002797471619798e+00,7.483124024932882650e-04,0.000000000000000000e+00,4.878476190044646188e+01,1.873900515163124725e+00
6.027229579175286926e+04,1.000723977048601609e+00,7.482896964498407955e-04,0.000000000000000000e+00,4.878308493538599322e+01,1.874017988383899658e+00
6.027229625239985035e+04,9.997702237540897485e-01,7.483148569505695654e-04,0.000000000000000000e+00,4.878617950442905737e+01,1.872618282328197159e+00
6.027229671304683870e+04,1.000644100530696301e+00,7.482896967540634799e-04,0.000000000000000000e+00,4.878220179181784744e+01,1.873647274555815923e+00
6.027229717369381979e+04,1.000932491519453071e+00,7.482883862603329113e-04,0.000000000000000000e+00,4.878746422618498002e+01,1.874634275707348419e+00
6.027229763434080087e+04,9.999476233997531827e-01,7.482906440218007119e-04,0.000000000000000000e+00,4.878379149995669195e+01,1.873576702641544189e+00
6.027229809498778195e+04,9.998618380204268297e-01,7.482857910054843209e-04,0.000000000000000000e+00,4.878156783568103805e+01,1.877041242749456940e+00
6.027229855563477031e+04,1.000398589841662966e+00,7.482945320589537951e-04,0.000000000000000000e+00,4.877562286626898214e+01,1.870959944963267008e+00
6.027229901628174412e+04,1.000042833387869035e+00,7.482898891299790247e-04,0.000000000000000000e+00,4.877925178080052859e+01,1.873458040055451468e+00
6.027229947692873247e+04,1.000975681977561704e+00,7.482937676859252726e-04,0.000000000000000000e+00,4.878024633956884770e+01,1.874174716197776425e+00
6.027229993757571356e+04,1.000492595240140004e+00,7.482894752294921153e-04,0.000000000000000000e+00,4.877858478351750193e+01,1.875085758396189073e+00
6.027230039822269464e+04,1.000845295486890718e+00,7.482902519694229534e-04,0.000000000000000000e+00,4.877983814693865838e+01,1.873537020270234832e+00
6.027230085886966845e+04,9.995408644779317786e-01,7.482884847511435790e-04,0.000000000000000000e+00,4.877966198117412944e+01,1.872450117058408692e+00
6.027230131951666408e+04,9.999153908388512813e-01,7.500980264314560230e-04,0.000000000000000000e+00,4.879330784184730874e+01,1.870142899937609515e+00
6.027230178016363789e+04,9.993256891843470546e-01,7.482847202935267485e-04,0.000000000000000000e+00,4.879465671008246375e+01,1.874904409344978484e+00
6.027230224081061897e+04,9.989018786843123499e-01,7.482780062605879755e-04,0.000000000000000000e+00,4.879914674711709210e+01,1.872026287448736337e+00
6.027230270145760733e+04,9.988684428432889062e-01,7.482833663098001787e-04,0.000000000000000000e+00,4.879013661266779422e+01,1.873980865451864819e+00
6.027230316210458841e+04,9.995418791499186550e-01,7.482852696012326239e-04,0.000000000000000000e+00,4.878103969709164289e+01,1.872760851887667499e+00
6.027230362275156222e+04,1.000287484943965799e+00,7.482888981908406619e-04,0.000000000000000000e+00,4.878997324815040315e+01,1.873804896908533246e+00
6.027230408339855785e+04,1.001752977620802065e+00,7.482924321577143559e-04,0.000000000000000000e+00,4.879574955387701607e+01,1.874833206411325115e+00
6.027230454404553166e+04,1.000479474173079142e+00,7.482889790892897344e-04,0.000000000000000000e+00,4.879421038363292240e+01,1.875289960536768774e+00
6.027230500469251274e+04,9.998968753837186307e-01,7.482863460794603617e-04,0.000000000000000000e+00,4.879221577949441269e+01,1.873823097767391088e+00
6.027230546533949382e+04,9.995992944959947168e-01,7.482833394011781467e-04,0.000000000000000000e+00,4.878878292000017325e+01,1.873841583678056200e+00
6.027230592598647490e+04,1.000332817751093506e+00,7.483582885186607515e-04,0.000000000000000000e+00,4.878370040165719246e+01,1.873794389247426029e+00
6.027230638663345599e+04,1.002397008423334457e+00,7.482970073825598225e-04,0.000000000000000000e+00,4.879170017139448134e+01,1.873392361562359776e+00
6.027230684728043707e+04,1.005516627429085874e+00,7.483076540163238755e-04,0.000000000000000000e+00,4.878608230982590044e+01,1.874439481391411366e+00
6.027230730792741815e+04,1.005670754082422569e+00,7.483093195433946276e-04,0.000000000000000000e+00,4.877940192227330840e+01,1.873876842621035710e+00
6.027230776857439923e+04,1.003967857255979146e+00,7.483061928493573746e-04,0.000000000000000000e+00,4.877954729808622858e+01,1.872388504241298879e+00
6.027230822922138032e+04,1.004364268759847079e+00,7.483075452100883696e-04,0.000000000000000000e+00,4.877225961379761543e+01,1.871992081725062373e+00
6.027230868986836140e+04,1.004402131891600547e+00,7.483043723745754936e-04,0.000000000000000000e+00,4.878541952240027513e+01,1.875443565224558240e+00
6.027230915051534248e+04,1.003964905493323512e+00,7.483005986473009220e-04,0.000000000000000000e+00,4.878547256755169315e+01,1.872913597370609473e+00
6.027230961116231629e+04,1.004612675227497531e+00,7.483045272115520672e-04,0.000000000000000000e+00,4.878665683631295025e+01,1.876795294498646127e+00
6.027231007180930465e+04,1.003278071579983388e+00,7.483000786206861618e-04,0.000000000000000000e+00,4.878748719904172049e+01,1.872331689146103262e+00
6.027231053245627845e+04,1.005158292305906143e+00,7.483050860959790862e-04,0.000000000000000000e+00,4.879182422898688998e+01,1.874145222736508298e+00
6.027231099310325953e+04,1.003845786711108357e+00,7.483045314453723928e-04,0.000000000000000000e+00,4.878869130764769579e+01,1.874592242201357006e+00
6.027231145375024789e+04,1.002613077596717694e+00,7.482986247215538903e-04,0.000000000000000000e+00,4.878619413356955903e+01,1.872356367723802428e+00
6.027231191439722170e+04,1.001536962428199562e+00,7.482912412080793300e-04,0.000000000000000000e+00,4.878718091838819504e+01,1.873400812509728786e+00
6.027231237504419551e+04,1.002540546928856413e+00,7.482989794472729578e-04,0.000000000000000000e+00,4.878635561049014058e+01,1.869784474390594253e+00
6.027231283569119114e+04,1.002511486297735566e+00,7.482977488106240570e-04,0.000000000000000000e+00,4.878936896318469962e+01,1.874600054263872551e+00
6.027231329633816495e+04,1.002477657635772346e+00,7.482979326139992463e-04,0.000000000000000000e+00,4.878388755630927420e+01,1.873624553041509433e+00
6.027231375698513875e+04,1.003961180873451209e+00,7.483010683712487026e-04,0.000000000000000000e+00,4.878716315886757116e+01,1.874416639473837742e+00
6.027231421763211983e+04,1.003486316070094420e+00,7.482993978896669736e-04,0.000000000000000000e+00,4.879471774897452008e+01,1.874650190394278937e+00
6.027231467827910092e+04,1.002267474001631742e+00,7.483556142579939974e-04,0.000000000000000000e+00,4.879571541133130097e+01,1.870913494108952024e+00
6.027231513892607472e+04,1.002410657720164133e+00,7.483586589770313286e-04,0.000000000000000000e+00,4.879012473535813399e+01,1.875341006797402343e+00
6.027231559957306308e+04,1.002165051965500986e+00,7.483606919056432372e-04,0.000000000000000000e+00,4.878423007552312640e+01,1.873647870484606237e+00
6.027231606022004416e+04,1.003262368284811856e+00,7.483636701769829638e-04,0.000000000000000000e+00,4.878303820541096769e+01,1.873765803659212859e+00
6.027231652086701797e+04,1.001966180180174026e+00,7.492026142841231619e-04,0.000000000000000000e+00,4.878610371130169909e+01,1.871309001674806849e+00
6.027231698151399178e+04,1.002835245808364029e+00,7.483627645943635460e-04,0.000000000000000000e+00,4.878645011637472351e+01,1.874952652529728647e+00
6.027231744216098014e+04,1.001388542226392175e+00,7.500691365689910513e-04,0.000000000000000000e+00,4.878766996284017665e+01,1.870296188238208979e+00
6.027231790280795394e+04,1.001971254321759153e+00,7.483601997906833437e-04,0.000000000000000000e+00,4.879588532085725205e+01,1.874655588038697029e+00
6.027231836345492775e+04,1.002670534408988345e+00,7.503397888058921730e-04,0.000000000000000000e+00,4.879451703773986537e+01,1.869863528632337291e+00
6.027231882410191611e+04,1.001292231445593206e+00,7.483530606399029254e-04,0.000000000000000000e+00,4.878919176480906827e+01,1.873003757135177860e+00
6.027231928474888991e+04,1.002491033958917033e+00,7.483588237018908408e-04,0.000000000000000000e+00,4.878267780900030459e+01,1.876410391004533551e+00
6.027231974539586372e+04,1.002766755758024209e+00,7.483652293240308697e-04,0.000000000000000000e+00,4.878102035517866852e+01,1.873292171460488431e+00
6.027232020604285208e+04,1.000154227308678312e+00,7.483503839343618987e-04,0.000000000000000000e+00,4.878867236729577428e+01,1.870354667993609832e+00
6.027232066668982588e+04,1.001398414860773523e+00,7.483546735684420276e-04,0.000000000000000000e+00,4.878529789108926451e+01,1.873298195165828961e+00
6.027232112733679969e+04,9.999299699862075341e-01,7.483532378441729548e-04,0.000000000000000000e+00,4.878226859781305080e+01,1.873156116751070854e+00
6.027232158798378805e+04,1.003024124496061154e+00,7.483595073514325490e-04,0.000000000000000000e+00,4.878155944283476231e+01,1.874378315332358991e+00
6.027232204863076186e+04,1.000775118314468637e+00,7.483525789880163650e-04,0.000000000000000000e+00,4.878647301274278902e+01,1.873045781278039446e+00
6.027232250927773566e+04,1.000022652663907552e+00,7.483523318600413801e-04,0.000000000000000000e+00,4.878708269470888581e+01,1.870299629989006007e+00
6.027232296992471674e+04,9.998851238510392259e-01,7.483500772394069845e-04,0.000000000000000000e+00,4.878788825239577420e+01,1.871609568930900469e+00
6.027232343057169783e+04,1.001357734583513848e+00,7.483544482473923403e-04,0.000000000000000000e+00,4.879157993865182164e+01,1.874727687044346558e+00
6.027232389121867163e+04,9.999869079564503993e-01,7.483512418428464943e-04,0.000000000000000000e+00,4.878874503599518420e+01,1.871397710216394561e+00
6.027232435186565272e+04,9.999979385176214208e-01,7.483532775452590149e-04,0.000000000000000000e+00,4.877712762451041328e+01,1.873964563713890863e+00
6.027232481251263380e+04,9.995146379773307554e-01,7.483502861072677086e-04,0.000000000000000000e+00,4.878495060959924245e+01,1.874571163212239489e+00
6.027232527315960760e+04,1.000709838151010223e+00,7.483514755070459204e-04,0.000000000000000000e+00,4.879353031835815102e+01,1.873562221070394829e+00
6.027232573380657414e+04,1.000721694416150553e+00,7.483569589234272514e-04,0.000000000000000000e+00,4.878358104101606330e+01,1.874454214100163885e+00
6.027232619445356249e+04,1.000557994717790944e+00,7.483519420561056141e-04,0.000000000000000000e+00,4.878972474944356463e+01,1.875761941142828348e+00
6.027232665510053630e+04,1.002196617245938670e+00,7.483604078571582004e-04,0.000000000000000000e+00,4.878909906667088592e+01,1.874207149165559416e+00
6.027232711574751011e+04,9.997466255068747643e-01,7.483535018357628278e-04,0.000000000000000000e+00,4.878396209451249632e+01,1.871873403746001197e+00
6.027232757639449846e+04,9.986570847280473728e-01,7.483463497160054972e-04,0.000000000000000000e+00,4.878279645557276467e+01,1.873917973431866280e+00
6.027232803704147227e+04,1.000407308883096258e+00,7.483552116766976816e-04,0.000000000000000000e+00,4.878259715887339354e+01,1.872746126547066847e+00
6.027232849768843880e+04,1.000182229948210821e+00,7.483479849496120061e-04,0.000000000000000000e+00,4.878513556070706159e+01,1.874668925956539889e+00
6.027232895833542716e+04,1.000047296081322257e+00,7.483527990872333203e-04,0.000000000000000000e+00,4.878641094184852989e+01,1.870135798216778111e+00
6.027232941898240097e+04,1.002303683195673090e+00,7.483633632894781890e-04,0.000000000000000000e+00,4.878040683573108538e+01,1.875407816837890929e+00
6.027232987962937477e+04,1.001777141191927400e+00,7.483543157085630363e-04,0.000000000000000000e+00,4.877594700015066564e+01,1.877964856911597868e+00
6.027233034027634858e+04,1.001230132975979403e+00,7.483559181157564081e-04,0.000000000000000000e+00,4.878471762590095295e+01,1.873997004593242366e+00
6.027233080092332966e+04,9.993057043079617285e-01,7.483479447023819783e-04,0.000000000000000000e+00,4.879219035306366692e+01,1.872471907532870850e+00
6.027233126157030347e+04,1.000523611176602712e+00,7.483537977621744584e-04,0.000000000000000000e+00,4.878332129458044619e+01,1.871937440714934064e+00
6.027233172221728455e+04,1.002819057731791696e+00,7.483664994484102388e-04,0.000000000000000000e+00,4.877842230306794846e+01,1.871713604288318011e+00
6.027233218286425836e+04,1.004450177915129583e+00,7.483652896570466883e-04,0.000000000000000000e+00,4.877504711380596802e+01,1.879078658441538874e+00
6.027233264351123216e+04,1.003831174205669807e+00,7.483633413264454510e-04,0.000000000000000000e+00,4.878234211191996650e+01,1.875881840044145266e+00
6.027233310415821325e+04,1.003283257494872238e+00,7.483645851722671482e-04,0.000000000000000000e+00,4.879094207344264333e+01,1.873972963462150032e+00
6.027233356480518705e+04,1.002949803605605927e+00,7.483638216085632382e-04,0.000000000000000000e+00,4.878815996873794347e+01,1.873483382495555460e+00
6.027233402545216086e+04,1.003448089043481373e+00,7.487361581128143539e-04,0.000000000000000000e+00,4.879188762115160927e+01,1.874425582551097591e+00
6.027233448609913466e+04,1.001040683961878619e+00,7.483535293297585147e-04,0.000000000000000000e+00,4.878886610279153757e+01,1.870844498756013108e+00
6.027233494674611575e+04,1.002729581389629976e+00,7.483639765372538831e-04,0.000000000000000000e+00,4.878656522911313687e+01,1.871527985572371655e+00
6.027233540739308955e+04,1.001898716616525853e+00,7.483582506712543360e-04,0.000000000000000000e+00,4.878531932200962018e+01,1.872310263375573047e+00
6.027233586804006336e+04,1.003311050099652713e+00,7.487051270227703488e-04,0.000000000000000000e+00,4.878949170068048602e+01,1.872943772917423200e+00
6.027233632868704444e+04,1.002566180549526065e+00,7.483616343093159144e-04,0.000000000000000000e+00,4.878389638973818876e+01,1.871937796880521088e+00
6.027233678933401825e+04,1.002299396719312119e+00,7.483592287197115547e-04,0.000000000000000000e+00,4.878606213419396909e+01,1.878587027931763354e+00
6.027233724998098478e+04,1.001316943434201301e+00,7.481758891559700010e-04,0.000000000000000000e+00,4.878508637453439434e+01,1.873532053562881883e+00
6.027233771062797314e+04,1.001506052337586938e+00,7.481764486143744090e-04,0.000000000000000000e+00,4.878434087281969056e+01,1.875489162802896681e+00
6.027233817127493967e+04,1.001612161043948568e+00,7.481791787840555603e-04,0.000000000000000000e+00,4.878163093738963596e+01,1.873202158867441902e+00
6.027233863192191347e+04,1.002347014346604004e+00,7.481798824824156683e-04,0.000000000000000000e+00,4.878077463931467150e+01,1.875036310975141118e+00
6.027233909256888728e+04,1.001285530933737400e+00,7.486691514594589992e-04,0.000000000000000000e+00,4.878170912655153302e+01,1.873518458364585193e+00
6.027233955321586836e+04,1.000349451780800480e+00,7.481735819466385365e-04,0.000000000000000000e+00,4.878726317511023325e+01,1.875088113055188632e+00
6.027234001386283489e+04,1.002850480042032144e+00,7.510973966480364054e-04,0.000000000000000000e+00,4.878878093328911802e+01,1.874049317927447111e+00
6.027234047450981598e+04,1.001212098138764883e+00,7.481754158245619698e-04,0.000000000000000000e+00,4.878892080962828004e+01,1.875065440340032197e+00
6.027234093515678978e+04,1.000802406829951696e+00,7.481741948501612841e-04,0.000000000000000000e+00,4.878164702757585758e+01,1.871792441951808605e+00
6.027234139580376359e+04,1.000212655783977889e+00,7.481721179184410353e-04,0.000000000000000000e+00,4.879107548897810887e+01,1.875691163323297328e+00
6.027234185645073012e+04,1.000736847747206060e+00,7.481745211366048944e-04,0.000000000000000000e+00,4.879218281493091069e+01,1.873342545587528996e+00
6.027234231709771848e+04,1.000744567280081654e+00,7.481746438275379369e-04,0.000000000000000000e+00,4.878549020957694182e+01,1.872979166956862729e+00
6.027234277774468501e+04,1.001246554671340494e+00,7.481758269772695530e-04,0.000000000000000000e+00,4.878124778631867287e+01,1.874562303204842406e+00
6.027234323839165882e+04,1.001364131632136445e+00,7.481837610394306143e-04,0.000000000000000000e+00,4.877233982056203843e+01,1.872856425005880121e+00
6.027234369903863990e+04,9.999822643955069701e-01,7.481737246592423153e-04,0.000000000000000000e+00,4.877553236886924992e+01,1.872124916593037147e+00
6.027234415968560643e+04,1.001797273490884210e+00,7.481768899295961886e-04,0.000000000000000000e+00,4.878105211750754222e+01,1.873761795440303857e+00
6.027234462033258023e+04,1.001467475325529266e+00,7.481779084506871152e-04,0.000000000000000000e+00,4.878239171651593864e+01,1.874661074824128804e+00
6.027234508097956132e+04,1.000378534052558832e+00,7.481708502538947847e-04,0.000000000000000000e+00,4.878508650379696121e+01,1.874386802453821721e+00
6.027234554162653512e+04,1.000883392071647116e+00,7.481763242064020953e-04,0.000000000000000000e+00,4.878953808808907411e+01,1.873916072299662838e+00
6.027234600227350165e+04,1.000658604318071854e+00,7.481735847642447109e-04,0.000000000000000000e+00,4.878565612177022359e+01,1.871207092714615827e+00
6.027234646292048274e+04,1.000219982428931731e+00,7.481758219090870257e-04,0.000000000000000000e+00,4.878928649309204957e+01,1.873158552984206082e+00
6.027234692356745654e+04,1.000571088963577271e+00,7.481750241144456953e-04,0.000000000000000000e+00,4.879317492841639847e+01,1.871944741709254290e+00
6.027234738421442307e+04,1.000095691194963665e+00,7.481716705494555371e-04,0.000000000000000000e+00,4.879104270206319427e+01,1.873085222953914775e+00
6.027234784486139688e+04,9.997728235621439197e-01,7.481725485587246679e-04,0.000000000000000000e+00,4.878485152895168397e+01,1.874344453898613816e+00
6.027234830550837069e+04,9.990499254023427200e-01,7.481679009505023481e-04,0.000000000000000000e+00,4.878458018735959456e+01,1.871057645717820517e+00
6.027234876615534449e+04,1.000144446379971130e+00,7.481784278136157556e-04,0.000000000000000000e+00,4.878085425716320600e+01,1.873362238013931647e+00
6.027234922680231830e+04,1.000197033749554931e+00,7.481738519736345254e-04,0.000000000000000000e+00,4.878831425218192663e+01,1.872692680269729903e+00
6.027234968744929211e+04,1.001583993335098732e+00,7.481784188044127582e-04,0.000000000000000000e+00,4.878611388303042418e+01,1.874010337124174530e+00
6.027235014809625864e+04,1.000387013516124135e+00,7.481762751105248835e-04,0.000000000000000000e+00,4.878729663662775806e+01,1.873496837737915977e+00
6.027235060874323244e+04,1.000096134026494887e+00,7.481734496171852603e-04,0.000000000000000000e+00,4.878215312631083123e+01,1.870905669996917764e+00
6.027235106939021352e+04,9.996865424720716709e-01,7.481741942929216998e-04,0.000000000000000000e+00,4.878036900619186866e+01,1.873116373307523785e+00
6.027235153003718005e+04,1.000265469096227822e+00,7.481705464667320416e-04,0.000000000000000000e+00,4.879063756651812866e+01,1.874689525038257365e+00
6.027235199068414659e+04,9.991357930054268754e-01,7.481671497360935274e-04,0.000000000000000000e+00,4.878474578046596122e+01,1.870989334217551425e+00
6.027235245133112767e+04,9.989011477209495116e-01,7.481682322575493576e-04,0.000000000000000000e+00,4.879079096095184553e+01,1.870998848965343742e+00
6.027235291197810147e+04,1.000986034369678590e+00,7.481760018945308923e-04,0.000000000000000000e+00,4.878012072442591318e+01,1.872687434446830057e+00
6.027235337262506800e+04,1.000131146686088268e+00,7.481750898105693666e-04,0.000000000000000000e+00,4.878815144854563357e+01,1.873591617446181301e+00
6.027235383327204909e+04,1.000815397058530731e+00,7.481750836321336738e-04,0.000000000000000000e+00,4.878951546201223266e+01,1.873755132985168936e+00
6.027235429391901562e+04,9.990423870544438145e-01,7.481690643442139022e-04,0.000000000000000000e+00,4.878437536276752695e+01,1.870950499417104229e+00
6.027235475456598215e+04,1.001080124623968892e+00,7.481744434754948212e-04,0.000000000000000000e+00,4.878904463306743367e+01,1.872554556518722269e+00
6.027235521521296323e+04,9.984893065422676406e-01,7.481644035325095464e-04,0.000000000000000000e+00,4.878803825736569877e+01,1.873872107538464782e+00
6.027235567585992976e+04,1.002123290096917918e+00,7.481788347426228478e-04,0.000000000000000000e+00,4.879070688595314209e+01,1.874953347467646525e+00
6.027235613650689629e+04,1.000947535883198514e+00,7.484754520894105773e-04,0.000000000000000000e+00,4.879063073325368549e+01,1.872987411856701812e+00
6.027235659715387737e+04,9.996623483058613147e-01,7.489829640662445118e-04,0.000000000000000000e+00,4.879065242862088070e+01,1.872327417227356072e+00
6.027235705780085118e+04,9.984279600030895319e-01,7.481688607273017256e-04,0.000000000000000000e+00,4.878718867045087393e+01,1.870816084020309411e+00
6.027235751844781771e+04,1.000267082694971110e+00,7.483404640277612103e-04,0.000000000000000000e+00,4.878379445804715431e+01,1.876472541242308001e+00
6.027235797909479152e+04,9.998982083393235243e-01,7.481733542839735579e-04,0.000000000000000000e+00,4.878539446680650826e+01,1.872746347156085900e+00
6.027235843974176532e+04,9.996036203494061967e-01,7.481729233167626380e-04,0.000000000000000000e+00,4.877755632942340469e+01,1.873532647882194313e+00
6.027235890038873185e+04,1.000309632383430847e+00,7.481741484391196077e-04,0.000000000000000000e+00,4.878554151743904299e+01,1.872754013930414851e+00
6.027235936103569838e+04,9.992172562928276491e-01,7.481663631296350640e-04,0.000000000000000000e+00,4.878931059604590104e+01,1.873552248142061893e+00
6.027235982168267947e+04,9.994954705234411207e-01,7.481749260507076843e-04,0.000000000000000000e+00,4.878289291231491376e+01,1.874712482378231293e+00
6.027236028232964600e+04,9.994749179318145327e-01,7.481766739291986074e-04,0.000000000000000000e+00,4.878760973859412786e+01,1.874245270240549655e+00
6.027236074297661253e+04,1.001103114899669855e+00,7.481832152948379765e-04,0.000000000000000000e+00,4.878141304754610985e+01,1.874547652027841238e+00
6.027236120362359361e+04,1.000848740013298155e+00,7.481811126469935106e-04,0.000000000000000000e+00,4.878747082783574740e+01,1.877371297322008692e+00
6.027236166427056014e+04,1.000286607487372192e+00,7.481768869004898175e-04,0.000000000000000000e+00,4.878448539698202069e+01,1.872684315280485290e+00
6.027236212491751940e+04,1.002365644104388442e+00,7.481873807702868126e-04,0.000000000000000000e+00,4.879368325344652391e+01,1.874635070844698603e+00
6.027236258556450048e+04,1.000342484795885944e+00,7.481755861804131403e-04,0.000000000000000000e+00,4.879243549565959626e+01,1.874244084706201852e+00
6.027236304621146701e+04,1.000343205499027333e+00,7.490657885262981151e-04,0.000000000000000000e+00,4.879069363172894214e+01,1.871697355628671344e+00
6.027236350685843354e+04,9.999218731082589740e-01,7.481751606684174929e-04,0.000000000000000000e+00,4.878968391168602636e+01,1.872314283982379202e+00
6.027236396750540735e+04,1.000194514531165924e+00,7.481721683957459883e-04,0.000000000000000000e+00,4.879679402841443192e+01,1.877677779693361471e+00
6.027236442815238115e+04,1.000914076546858489e+00,7.481829087600610313e-04,0.000000000000000000e+00,4.879142880309453290e+01,1.871662612804136927e+00
6.027236488879934768e+04,9.997130421253488386e-01,7.484120806497290314e-04,0.000000000000000000e+00,4.879782511297339909e+01,1.873545544476459268e+00
6.027236534944632149e+04,9.991022276880918707e-01,7.481714548666709708e-04,0.000000000000000000e+00,4.879207484377677417e+01,1.872497367392001566e+00
6.027236581009328802e+04,9.992138917576954826e-01,7.481723852011759341e-04,0.000000000000000000e+00,4.878887790803631219e+01,1.873300426107928907e+00
6.027236627074025455e+04,1.000908012693864313e+00,7.481804940377410375e-04,0.000000000000000000e+00,4.878532845270279950e+01,1.875638204962459588e+00
6.027236673138722836e+04,1.000917311520632236e+00,7.481810454966730502e-04,0.000000000000000000e+00,4.878996507904033564e+01,1.873780232436991877e+00
6.027236719203420216e+04,9.992152322919384266e-01,7.481712505703950024e-04,0.000000000000000000e+00,4.879663161851140529e+01,1.873594510662958124e+00
6.027236765268116869e+04,1.000920675348878408e+00,7.481790511348338554e-04,0.000000000000000000e+00,4.879228263786279030e+01,1.874545881813910020e+00
6.027236811332812795e+04,1.000367525044997485e+00,7.481761034269639610e-04,0.000000000000000000e+00,4.880008100881778432e+01,1.874230168680710351e+00
6.027236857397510903e+04,1.000644938434906761e+00,7.481750398135016827e-04,0.000000000000000000e+00,4.880042769861467633e+01,1.875248244781724472e+00
6.027236903462207556e+04,1.000419832176611790e+00,7.481759213260571247e-04,0.000000000000000000e+00,4.879555810280569972e+01,1.872754601418591625e+00
6.027236949526904209e+04,9.995687806082090843e-01,7.481739667936872966e-04,0.000000000000000000e+00,4.879838157509179553e+01,1.873206306959919631e+00
6.027236995591601590e+04,9.986546698125483568e-01,7.481705478044810721e-04,0.000000000000000000e+00,4.879284423700973150e+01,1.874015572622315995e+00
6.027237041656298243e+04,1.001082806932689140e+00,7.481809191688033357e-04,0.000000000000000000e+00,4.878951548850351116e+01,1.873463806394116027e+00
6.027237087720994896e+04,9.993843690819876890e-01,7.493699383608478466e-04,0.000000000000000000e+00,4.878366357901462891e+01,1.873070686977986066e+00
6.027237133785693004e+04,1.000278711506527030e+00,7.481777861079376857e-04,0.000000000000000000e+00,4.878597721623723515e+01,1.871455647560031688e+00
6.027237179850388929e+04,1.000664964714224059e+00,7.481776732163279969e-04,0.000000000000000000e+00,4.878708932162072642e+01,1.872138436751760393e+00
6.027237225915085583e+04,9.994057092471897441e-01,7.481733100627714454e-04,0.000000000000000000e+00,4.878399319447403570e+01,1.873345401830068813e+00
6.027237271979782963e+04,9.993483068949672310e-01,7.481774786000840866e-04,0.000000000000000000e+00,4.879032559291167814e+01,1.871226935499618937e+00
6.027237318044479616e+04,9.993500137533741778e-01,7.481754732394247645e-04,0.000000000000000000e+00,4.879189802233104700e+01,1.869573251003864067e+00
6.027237364109176269e+04,1.000233047058356028e+00,7.481756157705516394e-04,0.000000000000000000e+00,4.878672359131937242e+01,1.875190694572939520e+00
6.027237410173872922e+04,9.996257159590963282e-01,7.481756355225905111e-04,0.000000000000000000e+00,4.878501697300110607e+01,1.872348408039573808e+00
6.027237456238570303e+04,1.001223408304030560e+00,7.481789059251536377e-04,0.000000000000000000e+00,4.879037963134159384e+01,1.872132582153920755e+00
6.027237502303266956e+04,1.002165568301137455e+00,7.481858305610052324e-04,0.000000000000000000e+00,4.878569760828757751e+01,1.872442242048839800e+00
6.027237548367962881e+04,9.985501903557648662e-01,7.481727494696439711e-04,0.000000000000000000e+00,4.878256744507046960e+01,1.873502064026677294e+00
6.027237594432660990e+04,9.995272839995699155e-01,7.481786715114105554e-04,0.000000000000000000e+00,4.878279174324715228e+01,1.870485591241850321e+00
6.027237640497356915e+04,9.990491857904542083e-01,7.481772388082558742e-04,0.000000000000000000e+00,4.877873487130096919e+01,1.871010877320618437e+00
6.027237686562053568e+04,9.971685481347242197e-01,7.498110329365492883e-04,0.000000000000000000e+00,4.878663938259578003e+01,1.873315955160779867e+00
6.027237732626750949e+04,1.002047755420365061e+00,7.481819892678215215e-04,0.000000000000000000e+00,4.879357256708313884e+01,1.873068184696356608e+00
6.027237778691447602e+04,1.001143639386010031e+00,7.481753107937776613e-04,0.000000000000000000e+00,4.880313925735744363e+01,1.872380721830341876e+00
6.027237824756143527e+04,1.000242756794320620e+00,7.481765975391194493e-04,0.000000000000000000e+00,4.880235703248487056e+01,1.872967737707107005e+00
6.027237870820841636e+04,1.000502230490525557e+00,7.481774258052206620e-04,0.000000000000000000e+00,4.879138952631997483e+01,1.869772536804038099e+00
6.027237916885537561e+04,1.000906338205926005e+00,7.481786888635671593e-04,0.000000000000000000e+00,4.879131609477456522e+01,1.874075739740577617e+00
6.027237962950234214e+04,1.000878225497994878e+00,7.483008676863727587e-04,0.000000000000000000e+00,4.878254183916823195e+01,1.873988986762846087e+00
6.027238009014931595e+04,9.993415134615859508e-01,7.481759874969938018e-04,0.000000000000000000e+00,4.877679502419396584e+01,1.874442972394353646e+00
6.027238055079628248e+04,9.999554620238495506e-01,7.481771732168585433e-04,0.000000000000000000e+00,4.878334635209460401e+01,1.871099701053300590e+00
6.027238101144324173e+04,1.000834400105483857e+00,7.481794428869624220e-04,0.000000000000000000e+00,4.878344243734370167e+01,1.873308828101329926e+00
6.027238147209021554e+04,1.000670869731501877e+00,7.481774107518470752e-04,0.000000000000000000e+00,4.879162949469325383e+01,1.871559119950240380e+00
6.027238193273718207e+04,1.001065208554542840e+00,7.481812668015410360e-04,0.000000000000000000e+00,4.878567777307716113e+01,1.872583295463037922e+00
6.027238239338414860e+04,1.000543582919932950e+00,7.482211669368907204e-04,0.000000000000000000e+00,4.878910289597622807e+01,1.870603379142845357e+00
6.027238285403111513e+04,1.000273900342052658e+00,7.482252816799256270e-04,0.000000000000000000e+00,4.878551563302419680e+01,1.872283451580374347e+00
6.027238331467808166e+04,9.988595805757086721e-01,7.482182307583481237e-04,0.000000000000000000e+00,4.878832230651233459e+01,1.870976528592455557e+00
6.027238377532504819e+04,1.000789867164454838e+00,7.482201898823594719e-04,0.000000000000000000e+00,4.879120339478460977e+01,1.873752979629037307e+00
6.027238423597200745e+04,1.000481431055099568e+00,7.482218365334995661e-04,0.000000000000000000e+00,4.878473365287385377e+01,1.873577928259571035e+00
6.027238469661898125e+04,1.001854258550428867e+00,7.482262786176821501e-04,0.000000000000000000e+00,4.878879948538614997e+01,1.873330793083334278e+00
6.027238515726594778e+04,9.999726999630788038e-01,7.482219602325224875e-04,0.000000000000000000e+00,4.878056449687441187e+01,1.872880868455798264e+00
6.027238561791290704e+04,9.995669005352519898e-01,7.482219490095702325e-04,0.000000000000000000e+00,4.878008338347306960e+01,1.871756576558271101e+00
6.027238607855988084e+04,1.000358595573185294e+00,7.482201805279650427e-04,0.000000000000000000e+00,4.878976385222580348e+01,1.873059340413402829e+00
6.027238653920684737e+04,9.996273639566112257e-01,7.482182720940262766e-04,0.000000000000000000e+00,4.878999652277880017e+01,1.872202208695255665e+00
6.027238699985380663e+04,1.000186927334303366e+00,7.482204235870382365e-04,0.000000000000000000e+00,4.878097565632833010e+01,1.874636821815447663e+00
6.027238746050078043e+04,1.000620074063181875e+00,7.482251597773009136e-04,0.000000000000000000e+00,4.878204132210636601e+01,1.872654046459069077e+00
6.027238792114774697e+04,1.000988666466206656e+00,7.482248997382778301e-04,0.000000000000000000e+00,4.877996536781609649e+01,1.872036927710753584e+00
6.027238838179470622e+04,9.985548880531058824e-01,7.482155873040454482e-04,0.000000000000000000e+00,4.877865372777468167e+01,1.873587020337349918e+00
6.027238884244167275e+04,1.001264760927407904e+00,7.482284487232837697e-04,0.000000000000000000e+00,4.877979895274703637e+01,1.873122154244212911e+00
6.027238930308863928e+04,9.999568864253993716e-01,7.482191810896382392e-04,0.000000000000000000e+00,4.878742407062365771e+01,1.873857267127838178e+00
6.027238976373559854e+04,1.001419886428876804e+00,7.482265846662261881e-04,0.000000000000000000e+00,4.878925649068096249e+01,1.875458557083869326e+00
6.027239022438257234e+04,9.994526023978133056e-01,7.482190709793658853e-04,0.000000000000000000e+00,4.878598204534422678e+01,1.872934768889386925e+00
6.027239068502953887e+04,9.997085193992016894e-01,7.483907120801179969e-04,0.000000000000000000e+00,4.878709180181196103e+01,1.873285944848370299e+00
6.027239114567649813e+04,1.001517567281610122e+00,7.482273171246113649e-04,0.000000000000000000e+00,4.879064427050920472e+01,1.871990649503913584e+00
6.027239160632346466e+04,1.000494800868837686e+00,7.482211476140856457e-04,0.000000000000000000e+00,4.878784257530552537e+01,1.872621414943689500e+00
6.027239206697043119e+04,1.001153612371676216e+00,7.482247625297238497e-04,0.000000000000000000e+00,4.878667025415050063e+01,1.875177419119508526e+00
6.027239252761739044e+04,9.998620759897945964e-01,7.482165218838697854e-04,0.000000000000000000e+00,4.878813488863075776e+01,1.872715035304747033e+00
6.027239298826435697e+04,9.996261824211599700e-01,7.482201165436826520e-04,0.000000000000000000e+00,4.878674007307055405e+01,1.873642629383431846e+00
6.027239344891133078e+04,1.000700308873049726e+00,7.482240612851822487e-04,0.000000000000000000e+00,4.878315494311749489e+01,1.872185708776235913e+00
6.027239390955829003e+04,9.987178150899155282e-01,7.482172584058981559e-04,0.000000000000000000e+00,4.878666471588648079e+01,1.873484139058985587e+00
6.027239437020524929e+04,1.000534061755652848e+00,7.482225163428784945e-04,0.000000000000000000e+00,4.878903671324019342e+01,1.874061409308390047e+00
6.027239483085222309e+04,9.986636720239289167e-01,7.482136742006555499e-04,0.000000000000000000e+00,4.878825226176356011e+01,1.873405457192731216e+00
6.027239529149918235e+04,1.000324993909514237e+00,7.482235751254449983e-04,0.000000000000000000e+00,4.879250536031519658e+01,1.871343683496180521e+00
6.027239575214614160e+04,9.978898680149173028e-01,7.487113316405649395e-04,0.000000000000000000e+00,4.878434610384173453e+01,1.875202922769986902e+00
6.027239621279311541e+04,9.999878011008836998e-01,7.482188171862916553e-04,0.000000000000000000e+00,4.877971792839368703e+01,1.875615054099177614e+00
6.027239667344007466e+04,1.001288563458142100e+00,7.482233478214514455e-04,0.000000000000000000e+00,4.879058635414985901e+01,1.872949340260416262e+00
6.027239713408703392e+04,1.000930278627593095e+00,7.482229815975075882e-04,0.000000000000000000e+00,4.878668079572326377e+01,1.874259793566349641e+00
6.027239759473400045e+04,1.000505428473088543e+00,7.482246321984095325e-04,0.000000000000000000e+00,4.878371129636077796e+01,1.872057908126372405e+00
6.027239805538096698e+04,9.995062141266133349e-01,7.482172924726616719e-04,0.000000000000000000e+00,4.878339249925546994e+01,1.871967166761798085e+00
6.027239851602792623e+04,9.992843753747514546e-01,7.482155652687829447e-04,0.000000000000000000e+00,4.878812082111449655e+01,1.872428767772187141e+00
6.027239897667489277e+04,1.002154128016943480e+00,7.482276872552122296e-04,0.000000000000000000e+00,4.878841981400647398e+01,1.874371014312638417e+00
6.027239943732185930e+04,9.991895259475611635e-01,7.482679175072958844e-04,0.000000000000000000e+00,4.878563303837715637e+01,1.873356299264921754e+00
6.027239989796881855e+04,1.000780977039873232e+00,7.482229583744143264e-04,0.000000000000000000e+00,4.879178528872629528e+01,1.871420338264293548e+00
6.027240035861577780e+04,1.000182543611881414e+00,7.482213914814309086e-04,0.000000000000000000e+00,4.879297017817889071e+01,1.872744547967257311e+00
6.027240081926275161e+04,1.000276995875272634e+00,7.482224069267610521e-04,0.000000000000000000e+00,4.878961181075055720e+01,1.874524669247228159e+00
6.027240127990971087e+04,9.988140578691770965e-01,7.482160069863488978e-04,0.000000000000000000e+00,4.878400233030977518e+01,1.874381757629263179e+00
6.027240174055667012e+04,1.001126391216506706e+00,7.482227430973718233e-04,0.000000000000000000e+00,4.879523347290560764e+01,1.872256894396183924e+00
6.027240220120364393e+04,1.000026115225709722e+00,7.493130274497495453e-04,0.000000000000000000e+00,4.878712195191044998e+01,1.872395051312378378e+00
6.027240266185060318e+04,1.000241924970178387e+00,7.484158327175051894e-04,0.000000000000000000e+00,4.878032477523790789e+01,1.871691340752951627e+00
6.027240312249756244e+04,9.995419622822725447e-01,7.482217067106076546e-04,0.000000000000000000e+00,4.878060472718209439e+01,1.871621307421409863e+00
6.027240358314452897e+04,9.995972716995555896e-01,7.482186364092878288e-04,0.000000000000000000e+00,4.878489282049694253e+01,1.869391838912176640e+00
6.027240404379148822e+04,1.000282981395903548e+00,7.482230087229290718e-04,0.000000000000000000e+00,4.878291916028362607e+01,1.873212174516835749e+00
6.027240450443844747e+04,9.980696816444254438e-01,7.512229636903024286e-04,0.000000000000000000e+00,4.878547475136416978e+01,1.880366928999545273e+00
6.027240496508542128e+04,9.993637286932781638e-01,7.485086719782213819e-04,0.000000000000000000e+00,4.878568119750581644e+01,1.873131915107097756e+00
6.027240542573238054e+04,1.001210949785197313e+00,7.485234475772630826e-04,0.000000000000000000e+00,4.878782683176183355e+01,1.872420085506600884e+00
6.027240588637933979e+04,9.996145251650567776e-01,7.481676118924803637e-04,0.000000000000000000e+00,4.879216770496024935e+01,1.874124783743911227e+00
6.027240634702629904e+04,9.996937046146283645e-01,7.481713043555864723e-04,0.000000000000000000e+00,4.880102291700011818e+01,1.874179101575654594e+00
6.027240680767326558e+04,1.000326388956806145e+00,7.481751055065736502e-04,0.000000000000000000e+00,4.879576826803605627e+01,1.871054189434379289e+00
6.027240726832022483e+04,1.001108824082043158e+00,7.481788457699347240e-04,0.000000000000000000e+00,4.878755263525943064e+01,1.873092110212425387e+00
6.027240772896719136e+04,9.992644654318301178e-01,7.481702530439390342e-04,0.000000000000000000e+00,4.878183126908484013e+01,1.870974196184669758e+00
6.027240818961415061e+04,1.000694660795608204e+00,7.481739048235414849e-04,0.000000000000000000e+00,4.878465208931849872e+01,1.872664084507576154e+00
6.027240865026110987e+04,1.001069945569683872e+00,7.481769896631767407e-04,0.000000000000000000e+00,4.878838343170955483e+01,1.870719074191932840e+00
6.027240911090806912e+04,9.990797252934077166e-01,7.481678724412204988e-04,0.000000000000000000e+00,4.878580972575642960e+01,1.871310776300813883e+00
6.027240957155504293e+04,1.000192267346146968e+00,7.481682625857192376e-04,0.000000000000000000e+00,4.878736822032774967e+01,1.870245221553568316e+00
6.027241003220199491e+04,1.000775519735358499e+00,7.481731437058810512e-04,0.000000000000000000e+00,4.878916190710959455e+01,1.874904894128551325e+00
6.027241049284895416e+04,9.982584239674339166e-01,7.481658293471052769e-04,0.000000000000000000e+00,4.878633886460380609e+01,1.871762774744449187e+00
6.027241095349592797e+04,9.998190142034804051e-01,7.481692933799451465e-04,0.000000000000000000e+00,4.877990385667005313e+01,1.875510744379610628e+00
6.027241141414287995e+04,1.000987381262329778e+00,7.492341552612122963e-04,0.000000000000000000e+00,4.878503799441062938e+01,1.873544999226810059e+00
6.027241187478983920e+04,1.000278697859384502e+00,7.481746976888523255e-04,0.000000000000000000e+00,4.878600494834704193e+01,1.876044909175848652e+00
6.027241233543681301e+04,1.000014954063536354e+00,7.481739730030931160e-04,0.000000000000000000e+00,4.878301432382665581e+01,1.871861978141262428e+00
6.027241279608376499e+04,9.999007126845267379e-01,7.481718864428920203e-04,0.000000000000000000e+00,4.878149288909924763e+01,1.871691503119871758e+00
6.027241325673072424e+04,9.995161576534397074e-01,7.481711825292438386e-04,0.000000000000000000e+00,4.878766140112177396e+01,1.872233030400882292e+00
6.027241371737768350e+04,1.000878966546966620e+00,7.481790455047495660e-04,0.000000000000000000e+00,4.878156452738473092e+01,1.871417470404715955e+00
6.027241417802465003e+04,1.000303502969807079e+00,7.481712887354593187e-04,0.000000000000000000e+00,4.878911725871982696e+01,1.874643018702913944e+00
6.027241463867160928e+04,9.998466970789489094e-01,7.481728288775797101e-04,0.000000000000000000e+00,4.879047185765216454e+01,1.871081046208590060e+00
6.027241509931856854e+04,9.979594525861534837e-01,7.481645210567322134e-04,0.000000000000000000e+00,4.879092351182312370e+01,1.871199618454018720e+00
6.027241555996553507e+04,9.986338674560125694e-01,7.481706651319237553e-04,0.000000000000000000e+00,4.877590322427901981e+01,1.872205416693274671e+00
6.027241602061248705e+04,9.984551988695751223e-01,7.481678726244916488e-04,0.000000000000000000e+00,4.878211255074434405e+01,1.868464062396375081e+00
6.027241648125945358e+04,1.001018035616264124e+00,7.481760350683131899e-04,0.000000000000000000e+00,4.879039699573179689e+01,1.875832317268880889e+00
6.027241694190641283e+04,1.002085154259274358e+00,7.481772886617228235e-04,0.000000000000000000e+00,4.878638704651883984e+01,1.876364906572423941e+00
6.027241740255337209e+04,1.000566517056412419e+00,7.481731603735126274e-04,0.000000000000000000e+00,4.878745427181711847e+01,1.872352218088994436e+00
6.027241786320032406e+04,1.000710803375179259e+00,7.481723961003344629e-04,0.000000000000000000e+00,4.879082578578541529e+01,1.871828276561520843e+00
6.027241832384729787e+04,1.001330330819575121e+00,7.484450738093316197e-04,0.000000000000000000e+00,4.879064872818815246e+01,1.870924412403429660e+00
6.027241878449424985e+04,1.000547168733392223e+00,7.486071566976161291e-04,0.000000000000000000e+00,4.878151004769611632e+01,1.873109316610549469e+00
6.027241924514120910e+04,9.987759045600632657e-01,7.481705374833376096e-04,0.000000000000000000e+00,4.878222390712413414e+01,1.872558189031134024e+00
6.027241970578817563e+04,1.000184473035850008e+00,7.481743748155486031e-04,0.000000000000000000e+00,4.877720024797133647e+01,1.873117441698808783e+00
6.027242016643513489e+04,9.993818842800948898e-01,7.481677435027166362e-04,0.000000000000000000e+00,4.877823974389578865e+01,1.870051763537372347e+00
6.027242062708208687e+04,9.994690706121138746e-01,7.481706755149697408e-04,0.000000000000000000e+00,4.878016993494841813e+01,1.872287641966942306e+00
6.027242108772905340e+04,1.000197848689508673e+00,7.481746600413816811e-04,0.000000000000000000e+00,4.878762784045332523e+01,1.871040187695605761e+00
6.027242154837601265e+04,1.001414334888207414e+00,7.481784915432868185e-04,0.000000000000000000e+00,4.878856123453864058e+01,1.872863299639182300e+00
6.027242200902296463e+04,1.001534014310650811e+00,7.481767891487259943e-04,0.000000000000000000e+00,4.878434091119044780e+01,1.873369522847659230e+00
6.027242246966993116e+04,9.970308381650611063e-01,7.507193436986483786e-04,0.000000000000000000e+00,4.877663087745440151e+01,1.871723795031756010e+00
6.027242293031689042e+04,1.001180733146966428e+00,7.481765043509216225e-04,0.000000000000000000e+00,4.878382052917812928e+01,1.873437127672300750e+00
6.027242339096384239e+04,1.000278360533582989e+00,7.481723135848043554e-04,0.000000000000000000e+00,4.878610762578114191e+01,1.874467181234821478e+00
6.027242385161080892e+04,9.995602781666587111e-01,7.489010657758498864e-04,0.000000000000000000e+00,4.878543468603190547e+01,1.872761161972252397e+00
6.027242431225776818e+04,9.987715909800578551e-01,7.481700062890892997e-04,0.000000000000000000e+00,4.878250712277950640e+01,1.871676479930739267e+00
6.027242477290472016e+04,1.000169145287606698e+00,7.481738942875456894e-04,0.000000000000000000e+00,4.877839358880957832e+01,1.873875933162314711e+00
6.027242523355167941e+04,1.000668214785822130e+00,7.481738790711005066e-04,0.000000000000000000e+00,4.878398087024089591e+01,1.872953845840397813e+00
6.027242569419864594e+04,9.999439105523054705e-01,7.481707433714356297e-04,0.000000000000000000e+00,4.878301987257312078e+01,1.871504445904496272e+00
6.027242615484559792e+04,9.995811693896585748e-01,7.481715739582658464e-04,0.000000000000000000e+00,4.878772402583001622e+01,1.873959742664379480e+00
6.027242661549254990e+04,9.997427259208762074e-01,7.481735301111820365e-04,0.000000000000000000e+00,4.878802550396338233e+01,1.869569403913648120e+00
6.027242707613952371e+04,1.000835927701979378e+00,7.481742701513373860e-04,0.000000000000000000e+00,4.878610485344358239e+01,1.872014869152260452e+00
6.027243171226522827e+04,1.000234868815525147e+00,7.481860610381204897e-04,0.000000000000000000e+00,4.880941021806973623e+01,1.867472659006367719e+00
6.027243217291245674e+04,1.000644011223336127e+00,7.482431263672832808e-04,0.000000000000000000e+00,4.880989288616987665e+01,1.873698098619692942e+00
6.027243263355968520e+04,1.001881613903299773e+00,7.490328258798141427e-04,0.000000000000000000e+00,4.881123216886787475e+01,1.870525444945239313e+00
6.027243309420690639e+04,1.000003729050761292e+00,7.482417930819668193e-04,0.000000000000000000e+00,4.880235260839060629e+01,1.871216275098525283e+00
6.027243355485414213e+04,1.001121652219199687e+00,7.482464619107642408e-04,0.000000000000000000e+00,4.880470621190852398e+01,1.873772886816304606e+00
6.027243401550137060e+04,9.990620867605610744e-01,7.482399158058854888e-04,0.000000000000000000e+00,4.880908182625922365e+01,1.872589510414309988e+00
6.027243447614859906e+04,1.001524488704410132e+00,7.482454198112063358e-04,0.000000000000000000e+00,4.880946743536148347e+01,1.870883994098218928e+00
6.027243493679582025e+04,1.000376706360443180e+00,7.482434911603842807e-04,0.000000000000000000e+00,4.880426601755270610e+01,1.871413690087783577e+00
6.027243539744304871e+04,1.000097059456109827e+00,7.482402622996044052e-04,0.000000000000000000e+00,4.880639037339444997e+01,1.876909164163900634e+00
6.027243585809027718e+04,9.992471184631792624e-01,7.482403368936227589e-04,0.000000000000000000e+00,4.880649248704129661e+01,1.868574037216709893e+00
6.027243631873750564e+04,1.000724702923313503e+00,7.482426916508408583e-04,0.000000000000000000e+00,4.881153265588096701e+01,1.872306864983178443e+00
6.027243677938473411e+04,1.000636225827937986e+00,7.482413668718375637e-04,0.000000000000000000e+00,4.881507465413579183e+01,1.872508798624636928e+00
6.027243724003196257e+04,1.001022939155178815e+00,7.482452857667333318e-04,0.000000000000000000e+00,4.880680512634790347e+01,1.871466580546645275e+00
6.027243770067919104e+04,1.001291098256635870e+00,7.482467481988138228e-04,0.000000000000000000e+00,4.880649593572604061e+01,1.873370691508894126e+00
6.027243816132641950e+04,1.000517840324721686e+00,7.482438981760426537e-04,0.000000000000000000e+00,4.880606918676558337e+01,1.869018074138729890e+00
6.027243862197364797e+04,9.990423048221943603e-01,7.482383011474857742e-04,0.000000000000000000e+00,4.881007249023929262e+01,1.873363278950061162e+00
6.027243908262087643e+04,9.996397084733873450e-01,7.482388846344216254e-04,0.000000000000000000e+00,4.881974216502075592e+01,1.871032319438322267e+00
6.027243954326810490e+04,1.000650889437623592e+00,7.482421418604094697e-04,0.000000000000000000e+00,4.880816382637544137e+01,1.873464920449876114e+00
6.027244000391532609e+04,9.998911218097884523e-01,7.482418296545134597e-04,0.000000000000000000e+00,4.881439699817524769e+01,1.871632106470787038e+00
6.027244046456255455e+04,1.001420199631288366e+00,7.482455443285393037e-04,0.000000000000000000e+00,4.881349060737967704e+01,1.873547606972607360e+00
6.027244092520978302e+04,1.000277533932573126e+00,7.485135262939727249e-04,0.000000000000000000e+00,4.881185360938189888e+01,1.869386434381419937e+00
6.027244138585701148e+04,1.000433168511727366e+00,7.482392740701841261e-04,0.000000000000000000e+00,4.881229924507566409e+01,1.872604005172106678e+00
6.027244184650423995e+04,9.995269569384468422e-01,7.482384566720137091e-04,0.000000000000000000e+00,4.881306801340669921e+01,1.871471138364351861e+00
6.027244230715146841e+04,1.000711468619689182e+00,7.498963736359691738e-04,0.000000000000000000e+00,4.881237581285877525e+01,1.870824938840206064e+00
6.027244276779869688e+04,1.000101353953320116e+00,7.482433667940600755e-04,0.000000000000000000e+00,4.880531005565154601e+01,1.874033182652499852e+00
6.027244322844592534e+04,1.000553552082224629e+00,7.482405695903881528e-04,0.000000000000000000e+00,4.880962531914776292e+01,1.873648551874870671e+00
6.027244368909314653e+04,9.998713287789615656e-01,7.482389886466440715e-04,0.000000000000000000e+00,4.881311195793438173e+01,1.871487812178639354e+00
6.027244414974037500e+04,9.994296221795747615e-01,7.482386088513847018e-04,0.000000000000000000e+00,4.881031365936722466e+01,1.869134325828292642e+00
6.027244461038760346e+04,9.999835048306944252e-01,7.482419827871921976e-04,0.000000000000000000e+00,4.881062932912772823e+01,1.874398025670544143e+00
6.027244507103483193e+04,1.001269433555620259e+00,7.482447848432197254e-04,0.000000000000000000e+00,4.881599279342796649e+01,1.872922992864975988e+00
6.027244553168206039e+04,9.978675393412493877e-01,7.507696806702330488e-04,0.000000000000000000e+00,4.881514931315512484e+01,1.873417678087540894e+00
6.027244599232928158e+04,1.001712439244986763e+00,7.482479457725586380e-04,0.000000000000000000e+00,4.881273832195792295e+01,1.872546436155849259e+00
6.027244645297651005e+04,1.001492826779856182e+00,7.482453306267934428e-04,0.000000000000000000e+00,4.881545047087101352e+01,1.873366723923214794e+00
6.027244691362373851e+04,1.002540440950276279e+00,7.482502534649174575e-04,0.000000000000000000e+00,4.880732536599391125e+01,1.873439146861457072e+00
6.027244737427096698e+04,1.001588781750138102e+00,7.482465826487801801e-04,0.000000000000000000e+00,4.880721319055753327e+01,1.872960199231939127e+00
6.027244783491818816e+04,1.001321667601100751e+00,7.482432267649608655e-04,0.000000000000000000e+00,4.880927959570901464e+01,1.873882448261172895e+00
6.027244829556540935e+04,9.998311844948042371e-01,7.482366800456193142e-04,0.000000000000000000e+00,4.881206417224963445e+01,1.873679744996008756e+00
6.027244875621263782e+04,1.000930698036548216e+00,7.482420458405857587e-04,0.000000000000000000e+00,4.881098702904787245e+01,1.874046268156167372e+00
6.027244921685985901e+04,1.000567630656133966e+00,7.482452536032794654e-04,0.000000000000000000e+00,4.880735131368832924e+01,1.871207429417017121e+00
6.027244967750708020e+04,1.000669550246663153e+00,7.482462672244461757e-04,0.000000000000000000e+00,4.881009532078477520e+01,1.870824043572916651e+00
6.027245013815430866e+04,1.000573644284759922e+00,7.482450649452546078e-04,0.000000000000000000e+00,4.881438013298887313e+01,1.871379684675647193e+00
6.027245059880152985e+04,1.001448644134925292e+00,7.482454223224742221e-04,0.000000000000000000e+00,4.881024665410573959e+01,1.874356550284712375e+00
6.027245105944875831e+04,1.001337888066252679e+00,7.482466743644859567e-04,0.000000000000000000e+00,4.881407957635627071e+01,1.872228622834853695e+00
6.027245152009598678e+04,1.001758671391955957e+00,7.493169388277945648e-04,0.000000000000000000e+00,4.881440290072496424e+01,1.874091621482282255e+00
6.027245198074320797e+04,1.002482807073000082e+00,7.482464495138958782e-04,0.000000000000000000e+00,4.882072360031069991e+01,1.875921852919589350e+00
6.027245244139043643e+04,1.001553374391000562e+00,7.482438200990259051e-04,0.000000000000000000e+00,4.881668911489111906e+01,1.875117199108872423e+00
6.027245290203765762e+04,1.000270357792677700e+00,7.482388050642824109e-04,0.000000000000000000e+00,4.881989745019124882e+01,1.874306404255113634e+00
6.027245336268488609e+04,1.000260543323946649e+00,7.482400164110825135e-04,0.000000000000000000e+00,4.881800013740728161e+01,1.873423075396766224e+00
6.027245382333211455e+04,9.990697058169715206e-01,7.482383362833697768e-04,0.000000000000000000e+00,4.880977987779138516e+01,1.872894133628493663e+00
6.027245428397933574e+04,1.000674922044858528e+00,7.482406723194043102e-04,0.000000000000000000e+00,4.882071110124464042e+01,1.873669698808469786e+00
6.027245474462656421e+04,1.000958311427484704e+00,7.482855329785855370e-04,0.000000000000000000e+00,4.881357915180026907e+01,1.871653506957227764e+00
6.027245520527378540e+04,1.001177710913089269e+00,7.489279253114073916e-04,0.000000000000000000e+00,4.881592283550212130e+01,1.873201649169604410e+00
6.027245566592101386e+04,1.001865840982817391e+00,7.493176276374983926e-04,0.000000000000000000e+00,4.881555056073311505e+01,1.873001514655818767e+00
6.027245612656823505e+04,1.000373650740565834e+00,7.482811764845260496e-04,0.000000000000000000e+00,4.880434900400403109e+01,1.874022858605529196e+00
6.027245658721546351e+04,1.000947948668364784e+00,7.482819275380314617e-04,0.000000000000000000e+00,4.881237395106562360e+01,1.873561057152674403e+00
6.027245704786268470e+04,1.002011454042976757e+00,7.482869640413562090e-04,0.000000000000000000e+00,4.881286790642293028e+01,1.871548645254798249e+00
6.027245750850991317e+04,1.000358976087926788e+00,7.482837413348180549e-04,0.000000000000000000e+00,4.880952623671579715e+01,1.872297070346440329e+00
6.027245796915713436e+04,9.994253512375101955e-01,7.482779197463934042e-04,0.000000000000000000e+00,4.881455316726544424e+01,1.873958619584303653e+00
6.027245842980436282e+04,1.000256383514143366e+00,7.482842602852012633e-04,0.000000000000000000e+00,4.881143069668526380e+01,1.871712399698764129e+00
6.027245889045158401e+04,1.000206123495488653e+00,7.482827619679114717e-04,0.000000000000000000e+00,4.881439658380664071e+01,1.870674979866785215e+00
6.027245935109881248e+04,1.001020576701304954e+00,7.482853734414588636e-04,0.000000000000000000e+00,4.881743610852037563e+01,1.873449704324775311e+00
6.027245981174603367e+04,9.988960080102406991e-01,7.482769125311719127e-04,0.000000000000000000e+00,4.881286963036217941e+01,1.872017462115960873e+00
6.027246027239325485e+04,1.000113333379838654e+00,7.482795657547111146e-04,0.000000000000000000e+00,4.881199348686230621e+01,1.874939439037388356e+00
6.027246073304048332e+04,9.987193548702312240e-01,7.482761394964724004e-04,0.000000000000000000e+00,4.880656533346606096e+01,1.876027548973846271e+00
6.027246119368770451e+04,1.000043780723522291e+00,7.482819961036064459e-04,0.000000000000000000e+00,4.881332779715197034e+01,1.872743811326502250e+00
6.027246165433492570e+04,1.000726885215337258e+00,7.482843371554283524e-04,0.000000000000000000e+00,4.881218192434807435e+01,1.870531213203743492e+00
6.027246211498215416e+04,9.999179297479777739e-01,7.482793857326366102e-04,0.000000000000000000e+00,4.881592170173701106e+01,1.872743942325205913e+00
6.027246257562937535e+04,9.991269585890634186e-01,7.482769380712477178e-04,0.000000000000000000e+00,4.881722660350136778e+01,1.872574229660088019e+00
6.027246303627658926e+04,1.001958545340520423e+00,7.482883811117765254e-04,0.000000000000000000e+00,4.881904129445426577e+01,1.874186582155962455e+00
6.027246349692381773e+04,1.000249204452345664e+00,7.482818008447439818e-04,0.000000000000000000e+00,4.881445815211851880e+01,1.874115805670188539e+00
6.027246395757103892e+04,1.000369461806088545e+00,7.482838058052334977e-04,0.000000000000000000e+00,4.881086733699451941e+01,1.869262517101925036e+00
6.027246441821826011e+04,1.000969893161769209e+00,7.482842083890638108e-04,0.000000000000000000e+00,4.881487095406056653e+01,1.870749642864476758e+00
6.027246487886548130e+04,9.990802873592089517e-01,7.482812446892230396e-04,0.000000000000000000e+00,4.881132402489554067e+01,1.873744341663879709e+00
6.027246533951270249e+04,1.000835588121616215e+00,7.482833061720060202e-04,0.000000000000000000e+00,4.881436376278559663e+01,1.875529310977503750e+00
6.027246580015992367e+04,9.997885921700588874e-01,7.482785002652313742e-04,0.000000000000000000e+00,4.881005912041592865e+01,1.876557091596745330e+00
6.027246626080714486e+04,9.999079009073612578e-01,7.482812062225582903e-04,0.000000000000000000e+00,4.881489343417037929e+01,1.872774848417630755e+00
6.027246672145437333e+04,9.990873574469066876e-01,7.482744368108431915e-04,0.000000000000000000e+00,4.881916417562315758e+01,1.872572044560681492e+00
6.027246718210159452e+04,1.000759323621135399e+00,7.482815116571474778e-04,0.000000000000000000e+00,4.882214261669434308e+01,1.873050436762861315e+00
6.027246764274881571e+04,1.001225386621418245e+00,7.482840138166420513e-04,0.000000000000000000e+00,4.881825327392225944e+01,1.872988913919045206e+00
6.027246810339603689e+04,9.994651012809777635e-01,7.482804968008377033e-04,0.000000000000000000e+00,4.882823123310608793e+01,1.872096667155273675e+00
6.027246856404326536e+04,9.994515537461844401e-01,7.482765984223270755e-04,0.000000000000000000e+00,4.882970472556615960e+01,1.871030700626865162e+00
6.027246902469048655e+04,1.000671100669721980e+00,7.482833870061807689e-04,0.000000000000000000e+00,4.881956382928770211e+01,1.873832799415076078e+00
6.027246948533770774e+04,1.000461545869876456e+00,7.482813157647906716e-04,0.000000000000000000e+00,4.881553264188656982e+01,1.871803196824162185e+00
6.027246994598492893e+04,9.995181816291681676e-01,7.482796966785939608e-04,0.000000000000000000e+00,4.880946896642608124e+01,1.871820414134366395e+00
6.027247040663215012e+04,1.000654026363208215e+00,7.482823494948173801e-04,0.000000000000000000e+00,4.881382597623969843e+01,1.874351940419793250e+00
6.027247086727937130e+04,9.992367858601085562e-01,7.482792962512018701e-04,0.000000000000000000e+00,4.881147335967786205e+01,1.870595837235465186e+00
6.027247132792659249e+04,1.000836205687467340e+00,7.482859123461075256e-04,0.000000000000000000e+00,4.881211502503933275e+01,1.873239204956177906e+00
6.027247178857382096e+04,1.003174245060557634e+00,7.535544337694050814e-04,0.000000000000000000e+00,4.881420545271662093e+01,1.869773891857953396e+00
6.027247224922104215e+04,1.000896166647832430e+00,7.482820934242357573e-04,0.000000000000000000e+00,4.881573557062220203e+01,1.875851785220365331e+00
6.027247270986826334e+04,1.000202519693341507e+00,7.482799886203183367e-04,0.000000000000000000e+00,4.881871381244392438e+01,1.871208803783149133e+00
6.027247317051548453e+04,1.000624788385434893e+00,7.483953625257889087e-04,0.000000000000000000e+00,4.882246648150947976e+01,1.875727032179517417e+00
6.027247363116270571e+04,9.997240343485473968e-01,7.482792237852113051e-04,0.000000000000000000e+00,4.881639332868426351e+01,1.874335346934606017e+00
6.027247409180992690e+04,1.001121900890910021e+00,7.482829989665406353e-04,0.000000000000000000e+00,4.881984684438329936e+01,1.873571308555480153e+00
6.027247455245714809e+04,1.000035690927188137e+00,7.482794773698786756e-04,0.000000000000000000e+00,4.882030625451071870e+01,1.876010000498257169e+00
6.027247501310436928e+04,1.002179236396920192e+00,7.482887768109490641e-04,0.000000000000000000e+00,4.882199085252044313e+01,1.873484224524835984e+00
6.027247547375159047e+04,9.996948726558564369e-01,7.482781578054387541e-04,0.000000000000000000e+00,4.881211794382142699e+01,1.874248536750286798e+00
6.027247593439881166e+04,1.001004291533259316e+00,7.493176161461665265e-04,0.000000000000000000e+00,4.880904118804197367e+01,1.874147160242423560e+00
6.027247639504603285e+04,9.999572252052454369e-01,7.482831678058878694e-04,0.000000000000000000e+00,4.881654684978330749e+01,1.873311231412329247e+00
6.027247685569325404e+04,9.996558617193878060e-01,7.485958924478285396e-04,0.000000000000000000e+00,4.881390341393677801e+01,1.870977934271198961e+00
6.027247731634047523e+04,1.000082742435104866e+00,7.482721818895444630e-04,0.000000000000000000e+00,4.881254441783911346e+01,1.869696648251461646e+00
6.027247777698768914e+04,9.987048384858248085e-01,7.482674224249656093e-04,0.000000000000000000e+00,4.881429846037526943e+01,1.871617619787799169e+00
6.027247823763491033e+04,1.000957257938305478e+00,7.482751229997546558e-04,0.000000000000000000e+00,4.880670422732634961e+01,1.873307207283667397e+00
6.027247869828213152e+04,1.001303428308381038e+00,7.482785723214458850e-04,0.000000000000000000e+00,4.880851047471709592e+01,1.870718632605173015e+00
6.027247915892935271e+04,1.000534266257482319e+00,7.482752931060465554e-04,0.000000000000000000e+00,4.881693343992935041e+01,1.873236467479051370e+00
6.027247961957656662e+04,9.985323520835419631e-01,7.482656902722300196e-04,0.000000000000000000e+00,4.882230984615834046e+01,1.874272981769235180e+00
6.027248008022378053e+04,1.000449213861367648e+00,7.482718992346918145e-04,0.000000000000000000e+00,4.881967148985602023e+01,1.872726061600355152e+00
6.027248054087100172e+04,1.000461544850330453e+00,7.482732611538412109e-04,0.000000000000000000e+00,4.881736085838064554e+01,1.873742692237542862e+00
6.027248100151822291e+04,9.996630919424824846e-01,7.482687734526292673e-04,0.000000000000000000e+00,4.881335437512611009e+01,1.873872273435247315e+00
6.027248146216544410e+04,9.994482871731705798e-01,7.482711794707385148e-04,0.000000000000000000e+00,4.881568117149636521e+01,1.871871279065652427e+00
6.027248192281266529e+04,1.000653173704305399e+00,7.482726066162164813e-04,0.000000000000000000e+00,4.881948927592928555e+01,1.873946254153983304e+00
6.027248238345988648e+04,9.999585694140963321e-01,7.482720370208020269e-04,0.000000000000000000e+00,4.881876148586473363e+01,1.874812337553539487e+00
6.027248284410710767e+04,1.000090001373474369e+00,7.482747902254904566e-04,0.000000000000000000e+00,4.881521865114597603e+01,1.872839411562185807e+00
6.027248330475432158e+04,9.988267602961724556e-01,7.482670824652761952e-04,0.000000000000000000e+00,4.881336946952698241e+01,1.870504694561935244e+00
6.027248376540154277e+04,9.988975168836592422e-01,7.482666734463690184e-04,0.000000000000000000e+00,4.882043964166830818e+01,1.875403110408414564e+00
6.027248422604876396e+04,9.991031779772427956e-01,7.482709426192094568e-04,0.000000000000000000e+00,4.881990646821351731e+01,1.874313108051471888e+00
6.027248468669598515e+04,9.989961089088269519e-01,7.482693123654996512e-04,0.000000000000000000e+00,4.881379503608491888e+01,1.876123576162675999e+00
6.027248514734319906e+04,1.001083117165962433e+00,7.482768576983292192e-04,0.000000000000000000e+00,4.881878250790251172e+01,1.871668179182122804e+00
6.027248560799042025e+04,1.000141799785541297e+00,7.482705575303520620e-04,0.000000000000000000e+00,4.882507412259365509e+01,1.873268257387315394e+00
6.027248606863764144e+04,9.987000312163417659e-01,7.482708236923868569e-04,0.000000000000000000e+00,4.881227202592357628e+01,1.871289961781679390e+00
6.027248652928486263e+04,9.999130247006746686e-01,7.482717142246469869e-04,0.000000000000000000e+00,4.880755455739932813e+01,1.873411531713440992e+00
6.027248698993207654e+04,9.994588918769533592e-01,7.482727949702543601e-04,0.000000000000000000e+00,4.880932240139571832e+01,1.871766174062277743e+00
6.027248745057929773e+04,1.000855756526564555e+00,7.482799847039152191e-04,0.000000000000000000e+00,4.881286648294319264e+01,1.871406992769516497e+00
6.027248791122651892e+04,1.001154949159911434e+00,7.482787344905574662e-04,0.000000000000000000e+00,4.881571250608320156e+01,1.876943054695259683e+00
6.027248837187374011e+04,9.997643782040787075e-01,7.482711086667752365e-04,0.000000000000000000e+00,4.881766961888869361e+01,1.870833459956175560e+00
6.027248883252095402e+04,1.000093970879832650e+00,7.482713422517777054e-04,0.000000000000000000e+00,4.881906817853369773e+01,1.871499498629554337e+00
6.027248929316817521e+04,9.994309244038693807e-01,7.482687132127426206e-04,0.000000000000000000e+00,4.882160158102001901e+01,1.869720896641879904e+00
6.027248975381538912e+04,1.000631127571402157e+00,7.482743723952163875e-04,0.000000000000000000e+00,4.881952969376227713e+01,1.872074754040081945e+00
6.027249021446261031e+04,1.000359649391953099e+00,7.482741352252980259e-04,0.000000000000000000e+00,4.882056406885871525e+01,1.872844942870141471e+00
6.027249067510983150e+04,1.000152786190636744e+00,7.482710959001881868e-04,0.000000000000000000e+00,4.882336158500925194e+01,1.874497009336667297e+00
6.027249113575704541e+04,9.994058177438258639e-01,7.482701554018004672e-04,0.000000000000000000e+00,4.882198150141956461e+01,1.872559235624749130e+00
6.027249159640426660e+04,9.998976826889562908e-01,7.482713147832862483e-04,0.000000000000000000e+00,4.881925571717160039e+01,1.871724077903129446e+00
6.027249205705148779e+04,9.988614169555100064e-01,7.482687068790491768e-04,0.000000000000000000e+00,4.881638909415735839e+01,1.875115615945234238e+00
6.027249251769869443e+04,9.994049460016686259e-01,7.482720813068639322e-04,0.000000000000000000e+00,4.880872908458213288e+01,1.873863769854001271e+00
6.027249297834591562e+04,1.000487612628471412e+00,7.482752585717447049e-04,0.000000000000000000e+00,4.881619795892362390e+01,1.874604212986961116e+00
6.027249343899312953e+04,9.974188501649394745e-01,7.482646923433769687e-04,0.000000000000000000e+00,4.880799118640291567e+01,1.871245191811853559e+00
6.027249389964035072e+04,9.998649795330689649e-01,7.482709189381985286e-04,0.000000000000000000e+00,4.881373642084861331e+01,1.871489085271300423e+00
6.027249436028755736e+04,9.996268901876053103e-01,7.482764122410879215e-04,0.000000000000000000e+00,4.880772953261495672e+01,1.873281758754656190e+00
6.027249482093477855e+04,9.989493351078846395e-01,7.482689803267775046e-04,0.000000000000000000e+00,4.881708428760583729e+01,1.870866852098577393e+00
6.027249528158199246e+04,1.001424717297913158e+00,7.482764632963084112e-04,0.000000000000000000e+00,4.882156081932640745e+01,1.870680125181972020e+00
6.027249574222921365e+04,1.000314677508694405e+00,7.482733099892218288e-04,0.000000000000000000e+00,4.880722345331352585e+01,1.876247332705784920e+00
6.027249620287642756e+04,9.991716878769208998e-01,7.482710540826528582e-04,0.000000000000000000e+00,4.882264656425082450e+01,1.871561316144451093e+00
6.027249666352364875e+04,1.000151317523782613e+00,7.482711566040263019e-04,0.000000000000000000e+00,4.882308695030873480e+01,1.870742273333185990e+00
6.027249712417086266e+04,1.000904069432388077e+00,7.482747648212683279e-04,0.000000000000000000e+00,4.881589534467997282e+01,1.874505484578580461e+00
6.027249758481808385e+04,9.987084688422630530e-01,7.482686985925908517e-04,0.000000000000000000e+00,4.880830198221730143e+01,1.875302276898722642e+00
6.027249804546529776e+04,1.000660456149321975e+00,7.482724730824389129e-04,0.000000000000000000e+00,4.881627783625121708e+01,1.871652266198396086e+00
6.027249850611251895e+04,9.999941771088947107e-01,7.482732869785594428e-04,0.000000000000000000e+00,4.882011160679479644e+01,1.872625136999347628e+00
6.027249896675973287e+04,9.986550565687699610e-01,7.482680284273612262e-04,0.000000000000000000e+00,4.882100884112297479e+01,1.873123031607871747e+00
6.027249942740694678e+04,9.999205281289943459e-01,7.482725999898542620e-04,0.000000000000000000e+00,4.881594882478015762e+01,1.873499701425057395e+00
6.027249988805416797e+04,1.000551832978535671e+00,7.483134287778599137e-04,0.000000000000000000e+00,4.881192334311958803e+01,1.873873862936657142e+00
6.027250034870138188e+04,9.990501153488194896e-01,7.483130496726038286e-04,0.000000000000000000e+00,4.881290298310160125e+01,1.873733480732301171e+00
6.027250080934859579e+04,9.998045544473163071e-01,7.483146481975736647e-04,0.000000000000000000e+00,4.881260484304949188e+01,1.874780908704596794e+00
6.027250126999581698e+04,9.997605164187338689e-01,7.483139936291612797e-04,0.000000000000000000e+00,4.881127767267895479e+01,1.872675754115950886e+00
6.027250173064303090e+04,9.996992935037977146e-01,7.483127001844363645e-04,0.000000000000000000e+00,4.882461913522324437e+01,1.874636835843117577e+00
6.027250219129024481e+04,1.000343122631973003e+00,7.483143088920522681e-04,0.000000000000000000e+00,4.882400875595917000e+01,1.872720876707645310e+00
6.027250265193746600e+04,1.001091983341302116e+00,7.483163896564992961e-04,0.000000000000000000e+00,4.882485375621294565e+01,1.874112729836677094e+00
6.027250311258467991e+04,1.000954405741767861e+00,7.483160970040861424e-04,0.000000000000000000e+00,4.881999409122325062e+01,1.875653720509690370e+00
6.027250357323189382e+04,9.994280691170817077e-01,7.483174461668932239e-04,0.000000000000000000e+00,4.881752879181391336e+01,1.873357128515386272e+00
6.027250403387911501e+04,9.999303435061795975e-01,7.483112822409756929e-04,0.000000000000000000e+00,4.882324635206956032e+01,1.873130118422783097e+00
6.027250449452632893e+04,1.001295291554209044e+00,7.483185120699308241e-04,0.000000000000000000e+00,4.881952137882497311e+01,1.872804158037450817e+00
6.027250495517354284e+04,9.994658505305344942e-01,7.483107584981775386e-04,0.000000000000000000e+00,4.881283124019249442e+01,1.872099698533943979e+00
6.027250541582075675e+04,9.999846055750515328e-01,7.488808638310480870e-04,0.000000000000000000e+00,4.881223570791908628e+01,1.871114798263397550e+00
6.027250587646797794e+04,9.995762014910074544e-01,7.483114785872075009e-04,0.000000000000000000e+00,4.881208532273976175e+01,1.873049144942584787e+00
6.027250633711519185e+04,9.992541053942289864e-01,7.483120238755901991e-04,0.000000000000000000e+00,4.880903147263895647e+01,1.873398349113027939e+00
6.027250679776240577e+04,1.000271472199136147e+00,7.483149897709898092e-04,0.000000000000000000e+00,4.881151408171320583e+01,1.874236622455073276e+00
6.027250725840961968e+04,9.980811406104762584e-01,7.483100630587459111e-04,0.000000000000000000e+00,4.881309265832200595e+01,1.872163570517450193e+00
6.027250771905683359e+04,1.000596200619146448e+00,7.483176348666895723e-04,0.000000000000000000e+00,4.881458023042279848e+01,1.872371698216949376e+00
6.027250817970404751e+04,9.989183629960988187e-01,7.483095520750981553e-04,0.000000000000000000e+00,4.881489302764978788e+01,1.875019588398446402e+00
6.027250864035126142e+04,1.002042768741037593e+00,7.483201742966173048e-04,0.000000000000000000e+00,4.881564409302009722e+01,1.876222542434100138e+00
6.027250910099847533e+04,9.985326873837412354e-01,7.483097119135622343e-04,0.000000000000000000e+00,4.881601501997766235e+01,1.871354704583023221e+00
6.027250956164568197e+04,1.000785845811533292e+00,7.483155056730450430e-04,0.000000000000000000e+00,4.881546187676487136e+01,1.874884249582616347e+00
6.027251002229289588e+04,1.000035849324861337e+00,7.483143059907585879e-04,0.000000000000000000e+00,4.881692063412468485e+01,1.872803718400598560e+00
6.027251048294010980e+04,9.992553340831973330e-01,7.505089225944859338e-04,0.000000000000000000e+00,4.881850525199622126e+01,1.873683724929390060e+00
6.027251094358733098e+04,9.993979350560727726e-01,7.483096744672334275e-04,0.000000000000000000e+00,4.881032910233238198e+01,1.871778550993911328e+00
6.027251140423454490e+04,1.000297258059511085e+00,7.483161722120764770e-04,0.000000000000000000e+00,4.881525693889636841e+01,1.873520620924859381e+00
6.027251186488175881e+04,1.000570711196982598e+00,7.483151036670904763e-04,0.000000000000000000e+00,4.881864551806080499e+01,1.871540716123059944e+00
6.027251232552897272e+04,9.998174098878591654e-01,7.483138563013106911e-04,0.000000000000000000e+00,4.881899460859084883e+01,1.874380054407746021e+00
6.027251278617618664e+04,1.001013682295003093e+00,7.483177349052772291e-04,0.000000000000000000e+00,4.881613612424145288e+01,1.874899882565306264e+00
6.027251324682340055e+04,1.000943063230654184e+00,7.483215454185336134e-04,0.000000000000000000e+00,4.881144891657108786e+01,1.874054069980387149e+00
6.027251370747061446e+04,9.993820932130238477e-01,7.483136453548823973e-04,0.000000000000000000e+00,4.881316339095608470e+01,1.872010310121463128e+00
6.027251416811782838e+04,1.000158652048522390e+00,7.483160100669633856e-04,0.000000000000000000e+00,4.881173566817412990e+01,1.874983297506254809e+00
6.027251462876504229e+04,9.998529313880684111e-01,7.483142848701075699e-04,0.000000000000000000e+00,4.881147672384082625e+01,1.870915784286620420e+00
6.027251508941225620e+04,9.985882714680056615e-01,7.483127197139580276e-04,0.000000000000000000e+00,4.880226978528713744e+01,1.872519158049469112e+00
6.027251555005947012e+04,1.000864787427647062e+00,7.483152460099073717e-04,0.000000000000000000e+00,4.881093125518616205e+01,1.874373639413966064e+00
6.027251601070668403e+04,1.000159081125154836e+00,7.483132226401136098e-04,0.000000000000000000e+00,4.881295812580472671e+01,1.871384825564081478e+00
6.027251647135389794e+04,1.000826964380458595e+00,7.483189647124683166e-04,0.000000000000000000e+00,4.881076376858329269e+01,1.873482323967385454e+00
6.027251693200111185e+04,9.998226053504098987e-01,7.483130563132378349e-04,0.000000000000000000e+00,4.881178096034329883e+01,1.872918706122003840e+00
6.027251739264832577e+04,9.995092643009141353e-01,7.483116790375590223e-04,0.000000000000000000e+00,4.881100682182992045e+01,1.874269506205830771e+00
6.027251785329553968e+04,9.989052723373332832e-01,7.483100051769690656e-04,0.000000000000000000e+00,4.881034504175203637e+01,1.873965168027641903e+00
6.027251831394275359e+04,1.000350615386956799e+00,7.483156219735887828e-04,0.000000000000000000e+00,4.881465055045538293e+01,1.874905335747545365e+00
6.027251877458996751e+04,1.000265017656314148e+00,7.483131397496643310e-04,0.000000000000000000e+00,4.882128817750490413e+01,1.874277593961606758e+00
6.027251923523717414e+04,9.993350954768578376e-01,7.483092278956578105e-04,0.000000000000000000e+00,4.882651671560619633e+01,1.875820035741216474e+00
6.027251969588438806e+04,9.996282908180418314e-01,7.483125316332773320e-04,0.000000000000000000e+00,4.882320693266660072e+01,1.872206042152038119e+00
6.027252015653160197e+04,9.997765746123540298e-01,7.483103082739318498e-04,0.000000000000000000e+00,4.881629920292725444e+01,1.874460198677542211e+00
6.027252061717881588e+04,9.998994861290994018e-01,7.483148011754941435e-04,0.000000000000000000e+00,4.880676295466689396e+01,1.876222933204946930e+00
6.027252107782602980e+04,1.000332727887820905e+00,7.483146108302595606e-04,0.000000000000000000e+00,4.881597369035866052e+01,1.874258280231868135e+00
6.027252153847324371e+04,1.000733340354466705e+00,7.483130211017557758e-04,0.000000000000000000e+00,4.881644234078230227e+01,1.871819447825090688e+00
6.027252199912045762e+04,9.990007626351634640e-01,7.483113789611204984e-04,0.000000000000000000e+00,4.880903783977031907e+01,1.871460531893023749e+00
6.027252245976765698e+04,9.989792608696196341e-01,7.482670597112381751e-04,0.000000000000000000e+00,4.880625629303976609e+01,1.875628552985670439e+00
6.027252292041487090e+04,9.996094800449764062e-01,7.494703525813631046e-04,0.000000000000000000e+00,4.881882011491143203e+01,1.875716477958710993e+00
6.027252338106208481e+04,9.987808509270370561e-01,7.482660031399401661e-04,0.000000000000000000e+00,4.881269402537268576e+01,1.875511689315960684e+00
6.027252384170929872e+04,9.988614114516418674e-01,7.482662778300944693e-04,0.000000000000000000e+00,4.881230579575431250e+01,1.872286136174011739e+00
6.027252430235649808e+04,9.987866772553064543e-01,7.482652491254893545e-04,0.000000000000000000e+00,4.881383236129128989e+01,1.875870882072036672e+00
6.027252476300371200e+04,1.000160140573662870e+00,7.482725106172239803e-04,0.000000000000000000e+00,4.882265974971097222e+01,1.876168874309375623e+00
6.027252522365092591e+04,9.990575753438131201e-01,7.482689394353614918e-04,0.000000000000000000e+00,4.882335083418424659e+01,1.871532802716503463e+00
6.027252568429813982e+04,1.000020782866964719e+00,7.482679326883634420e-04,0.000000000000000000e+00,4.882241944175838455e+01,1.872555891058840905e+00
6.027252614494534646e+04,9.977898926898889354e-01,7.482641113086184676e-04,0.000000000000000000e+00,4.882530925737548699e+01,1.872024426078116255e+00
6.027252660559256037e+04,9.990216621810117381e-01,7.482670995113537438e-04,0.000000000000000000e+00,4.882601380765650134e+01,1.872744321069250262e+00
6.027252706623977429e+04,9.982507208458442083e-01,7.482661515683697610e-04,0.000000000000000000e+00,4.882439815884423950e+01,1.875800890433002799e+00
6.027252752688698092e+04,9.997813991404904677e-01,7.482698250261475255e-04,0.000000000000000000e+00,4.882109057721707757e+01,1.872886590159515086e+00
6.027252798753419484e+04,9.995841064650349272e-01,7.482713455810200776e-04,0.000000000000000000e+00,4.881594028547629449e+01,1.873024509651244118e+00
6.027252844818140875e+04,9.987865118212311266e-01,7.482710952983986268e-04,0.000000000000000000e+00,4.880656149799788324e+01,1.870714041140065564e+00
6.027252890882861539e+04,9.993103066937027990e-01,7.482695573003898381e-04,0.000000000000000000e+00,4.881743234776354967e+01,1.870821952872026017e+00
6.027252936947582930e+04,9.993386822995555807e-01,7.482699444351595007e-04,0.000000000000000000e+00,4.882011985065932436e+01,1.873679604622778161e+00
6.027252983012304321e+04,9.997590655429723361e-01,7.482712142928269784e-04,0.000000000000000000e+00,4.881651430799793445e+01,1.872358435426855205e+00
6.027253029077024985e+04,1.000561504328940199e+00,7.482725572177746556e-04,0.000000000000000000e+00,4.881926091453031091e+01,1.873389674659441839e+00
6.027253075141746376e+04,9.998264005521066977e-01,7.482730785297688793e-04,0.000000000000000000e+00,4.882486408582955306e+01,1.871477887211359992e+00
6.027253121206467767e+04,1.000009854283358202e+00,7.482701505257237113e-04,0.000000000000000000e+00,4.882554697616091488e+01,1.872676325154553068e+00
6.027253167271188431e+04,9.991253140575694358e-01,7.482670151542954043e-04,0.000000000000000000e+00,4.881914287584764622e+01,1.875389432473148377e+00
6.027253213335909822e+04,1.000865558794946208e+00,7.482754705216839667e-04,0.000000000000000000e+00,4.881583592631585589e+01,1.872694802389697655e+00
6.027253259400630486e+04,9.982382204241573298e-01,7.482655823580634845e-04,0.000000000000000000e+00,4.882034016334739590e+01,1.869214937218079076e+00
6.027253305465351878e+04,9.991129634525539593e-01,7.482686665578233264e-04,0.000000000000000000e+00,4.882210418698231535e+01,1.875170248419418817e+00
6.027253351530072541e+04,9.988513031283589028e-01,7.482714858836351981e-04,0.000000000000000000e+00,4.881970370628405931e+01,1.869791862494114776e+00
6.027253397594793933e+04,1.000589945190949459e+00,7.482745362938618026e-04,0.000000000000000000e+00,4.881842971887291327e+01,1.875637479771068428e+00
6.027253443659514596e+04,9.990289322008170103e-01,7.482672243392206454e-04,0.000000000000000000e+00,4.882209040810640488e+01,1.872764789435058530e+00
6.027253489724235988e+04,1.001148573269365238e+00,7.482755765825793845e-04,0.000000000000000000e+00,4.882430374199677914e+01,1.873620443339398589e+00
6.027253535788956651e+04,1.001058761389603813e+00,7.482767094432290740e-04,0.000000000000000000e+00,4.881710760170022922e+01,1.874722994130638476e+00
6.027253581853678043e+04,1.000577784464842912e+00,7.482736028690969120e-04,0.000000000000000000e+00,4.882355210169806981e+01,1.873457826475886545e+00
6.027253627918398706e+04,9.991784248799134849e-01,7.482689001131232094e-04,0.000000000000000000e+00,4.882745573177344056e+01,1.873297981632794373e+00
6.027253673983120098e+04,1.000215853988138059e+00,7.482740123406789873e-04,0.000000000000000000e+00,4.882681979720926790e+01,1.872071646953145985e+00
6.027253720047840034e+04,1.000434633383407323e+00,7.482745200388527451e-04,0.000000000000000000e+00,4.881376049258995664e+01,1.875272382548702765e+00
6.027253766112561425e+04,9.995410442345626922e-01,7.482725001540749699e-04,0.000000000000000000e+00,4.880855348302318930e+01,1.871270352924655489e+00
6.027253812177282089e+04,9.996587454659922045e-01,7.482722003094666261e-04,0.000000000000000000e+00,4.881419482835108425e+01,1.871967882802422878e+00
6.027253858242002752e+04,9.990249913365935042e-01,7.482720714453408757e-04,0.000000000000000000e+00,4.881261338085706569e+01,1.877197217524942952e+00
6.027253904306723416e+04,9.984744887914506206e-01,7.482654399817845322e-04,0.000000000000000000e+00,4.881860336162032610e+01,1.872678385324543893e+00
6.027253950371444080e+04,1.000078520424133588e+00,7.482690945288009935e-04,0.000000000000000000e+00,4.881944802632304459e+01,1.875534821821068787e+00
6.027253996436164743e+04,1.000323992431263909e+00,7.482741756319568390e-04,0.000000000000000000e+00,4.882156563595926002e+01,1.872520080425251754e+00
6.027254042500886135e+04,9.992340843372626846e-01,7.482680743042971570e-04,0.000000000000000000e+00,4.882247413330964747e+01,1.873681114850850760e+00
6.027254088565606799e+04,9.989282542169949375e-01,7.482682347425453472e-04,0.000000000000000000e+00,4.882117316101573579e+01,1.873347669362573242e+00
6.027254134630327462e+04,1.000157831711370848e+00,7.482683611684311665e-04,0.000000000000000000e+00,4.882059141593803986e+01,1.874673152710739643e+00
6.027254180695048854e+04,9.991625314242442712e-01,7.482707602924988698e-04,0.000000000000000000e+00,4.881521161146437748e+01,1.872238606116096493e+00
6.027254226759769517e+04,9.990757446839504397e-01,7.482703783789965276e-04,0.000000000000000000e+00,4.881665104442493686e+01,1.872734661252710042e+00
6.027254272824490181e+04,1.000508289362508796e+00,7.482748487381518611e-04,0.000000000000000000e+00,4.881892673018054296e+01,1.873763636088268125e+00
6.027254318889211572e+04,9.995083902012409371e-01,7.506376166414644151e-04,0.000000000000000000e+00,4.882408117735641184e+01,1.877312119944090085e+00
6.027254364953932236e+04,9.991362815805122644e-01,7.482716384682454010e-04,0.000000000000000000e+00,4.881699891333241226e+01,1.876051325684436222e+00
6.027254411018652900e+04,1.001321174330002117e+00,7.482733031904374200e-04,0.000000000000000000e+00,4.882446784266534223e+01,1.872796520639942619e+00
6.027254457083373563e+04,9.996508639268836260e-01,7.482689395906236881e-04,0.000000000000000000e+00,4.881952459728547211e+01,1.874394565490763886e+00
6.027254503148094955e+04,1.001284448101977143e+00,7.481875491893104401e-04,0.000000000000000000e+00,4.881839703356572358e+01,1.873449454079281207e+00
6.027254549212815618e+04,9.982431710833680194e-01,7.481780667454676105e-04,0.000000000000000000e+00,4.881400601670827655e+01,1.871812712782558563e+00
6.027254595277536282e+04,9.983872332879129008e-01,7.481724407239664009e-04,0.000000000000000000e+00,4.882300590483303893e+01,1.874499071841063680e+00
6.027254641342256946e+04,9.989228260360273337e-01,7.481795614079114450e-04,0.000000000000000000e+00,4.881631642439218410e+01,1.872719399757864167e+00
6.027254687406978337e+04,9.992981001200935687e-01,7.481794652835972075e-04,0.000000000000000000e+00,4.882406651322973801e+01,1.873746409854041284e+00
6.027254733471699001e+04,9.991442128429348646e-01,7.481792349115791961e-04,0.000000000000000000e+00,4.882076705701071262e+01,1.873776575196343330e+00
6.027254779536419665e+04,9.996297389248031129e-01,7.484089038025672864e-04,0.000000000000000000e+00,4.881444255591163994e+01,1.873633789436729868e+00
6.027254825601140328e+04,9.991474984391269798e-01,7.481809553662868229e-04,0.000000000000000000e+00,4.881786971859358459e+01,1.870920872990167849e+00
6.027254871665860992e+04,9.995450059663366638e-01,7.481822799513126879e-04,0.000000000000000000e+00,4.882543344855829304e+01,1.874184625020396622e+00
6.027254917730581656e+04,9.985528971533319531e-01,7.481757157849764413e-04,0.000000000000000000e+00,4.883120161665018344e+01,1.874793352086046028e+00
6.027254963795302319e+04,9.993010770823835820e-01,7.481775199376054916e-04,0.000000000000000000e+00,4.882661531184066916e+01,1.872722269404498041e+00
6.027255009860023711e+04,9.991738912155077035e-01,7.481789853429972499e-04,0.000000000000000000e+00,4.882629069682661793e+01,1.872013251825642266e+00
6.027255055924744374e+04,1.000437887148034166e+00,7.481836213704856934e-04,0.000000000000000000e+00,4.882369442020876704e+01,1.874979900040282477e+00
6.027255101989465038e+04,9.997449041103726453e-01,7.481807462539823107e-04,0.000000000000000000e+00,4.881702007296263446e+01,1.874606603627909651e+00
6.027255148054185702e+04,9.997627438050409321e-01,7.496849195382439702e-04,0.000000000000000000e+00,4.881594568326463701e+01,1.872748538746628055e+00
6.027255194118906365e+04,9.980627710639706773e-01,7.481745764544491667e-04,0.000000000000000000e+00,4.881865318004643939e+01,1.871548226381871016e+00
6.027255240183626302e+04,1.000327807347027420e+00,7.481856913112527700e-04,0.000000000000000000e+00,4.882604070960475440e+01,1.875186196208223688e+00
6.027255286248346965e+04,1.000096920144727175e+00,7.481822704550036753e-04,0.000000000000000000e+00,4.882573818995660986e+01,1.873237830957994676e+00
6.027255332313067629e+04,9.986683123467829937e-01,7.481795800728426992e-04,0.000000000000000000e+00,4.881965429525016020e+01,1.868682627112572048e+00
6.027255378377788293e+04,9.991314767520068640e-01,7.481826547519259763e-04,0.000000000000000000e+00,4.882061350829752655e+01,1.871992324099987171e+00
6.027255424442508229e+04,9.978476703001613046e-01,7.481749646826778115e-04,0.000000000000000000e+00,4.881825531615329083e+01,1.872097196562594990e+00
6.027255470507228893e+04,1.001041475278438453e+00,7.481856490602002870e-04,0.000000000000000000e+00,4.881853036103670007e+01,1.875388892751004066e+00
6.027255516571949556e+04,1.001789870963917695e+00,7.481882239589233465e-04,0.000000000000000000e+00,4.881611115185406646e+01,1.874335193789018028e+00
6.027255562636670220e+04,9.984085932477824166e-01,7.481779435013079411e-04,0.000000000000000000e+00,4.882420379009933242e+01,1.872676825289548930e+00
6.027255608701390884e+04,9.982043487681185878e-01,7.515987144631902390e-04,0.000000000000000000e+00,4.881507858088315288e+01,1.872038556609792792e+00
6.027255654766111547e+04,9.986797867011545371e-01,7.481785022284242722e-04,0.000000000000000000e+00,4.882495810780515200e+01,1.872080338106560715e+00
6.027255700830832211e+04,9.995769911079068759e-01,7.482109908052957939e-04,0.000000000000000000e+00,4.882121085745049527e+01,1.875267090237046741e+00
6.027255746895552875e+04,9.981073989272840619e-01,7.481755775614879053e-04,0.000000000000000000e+00,4.883021009319390515e+01,1.875166849704374528e+00
6.027255792960273538e+04,9.995075316757794370e-01,7.481788756799642552e-04,0.000000000000000000e+00,4.883145530080017949e+01,1.876512878544778884e+00
6.027255839024993475e+04,9.995629111811913381e-01,7.481791429700403954e-04,0.000000000000000000e+00,4.882389844339951424e+01,1.876439147463484280e+00
6.027255885089714138e+04,9.986220857677510221e-01,7.481768345655453881e-04,0.000000000000000000e+00,4.882898896329245986e+01,1.872897175307526529e+00
6.027255931154434802e+04,9.992932983703265437e-01,7.481800170473121118e-04,0.000000000000000000e+00,4.881837254210789467e+01,1.871030502980828958e+00
6.027255977219155466e+04,9.983386313349708052e-01,7.481815413510754017e-04,0.000000000000000000e+00,4.881087986483858998e+01,1.871536076309172625e+00
6.027256023283876129e+04,9.999300762980741775e-01,7.481820862638171752e-04,0.000000000000000000e+00,4.881751875393874229e+01,1.875708025400637746e+00
6.027256069348596793e+04,9.983303466667112769e-01,7.481774300417538782e-04,0.000000000000000000e+00,4.881960139002023880e+01,1.876084236404536254e+00
6.027256115413317457e+04,9.994552504047445884e-01,7.481787769566154234e-04,0.000000000000000000e+00,4.881873806674303751e+01,1.873406461853851512e+00
6.027256161478037393e+04,9.981992725257352594e-01,7.481762389246744520e-04,0.000000000000000000e+00,4.881794990790515243e+01,1.873873803687119421e+00
6.027256207542758057e+04,9.990675923999570163e-01,7.481800464923585563e-04,0.000000000000000000e+00,4.881877080881583453e+01,1.875550233307635706e+00
6.027256253607478720e+04,9.990294134438620910e-01,7.481807242133256845e-04,0.000000000000000000e+00,4.882440304462012648e+01,1.870207312714271541e+00
6.027256299672199384e+04,9.988209311062762330e-01,7.481787784571457007e-04,0.000000000000000000e+00,4.882774872315069814e+01,1.873842123307050800e+00
6.027256345736920048e+04,9.992851620669378487e-01,7.481769611828807112e-04,0.000000000000000000e+00,4.882288237518470453e+01,1.876814337531454768e+00
6.027256391801639984e+04,9.980300321843440514e-01,7.481752655350692050e-04,0.000000000000000000e+00,4.882866719714667880e+01,1.873850275794397557e+00
6.027256437866360648e+04,1.000257550317145805e+00,7.481818371727668717e-04,0.000000000000000000e+00,4.882844783672693723e+01,1.875594189143459323e+00
6.027256483931081311e+04,9.997264666638427943e-01,7.481806358498950711e-04,0.000000000000000000e+00,4.882847735719160198e+01,1.874939491523262003e+00
6.027256529995801975e+04,9.987895223604019712e-01,7.481780312187289415e-04,0.000000000000000000e+00,4.882790024418679309e+01,1.873428911091364668e+00
6.027256576060521911e+04,9.997460119117992372e-01,7.481807556594987155e-04,0.000000000000000000e+00,4.882619738992892167e+01,1.873155173695606468e+00
6.027256622125242575e+04,9.990342408675855213e-01,7.481783496451168466e-04,0.000000000000000000e+00,4.881796749640596289e+01,1.874184035636812684e+00
6.027256668189963239e+04,9.991608704600350999e-01,7.481822558008618430e-04,0.000000000000000000e+00,4.882060993359775836e+01,1.874197019434418410e+00
6.027256714254682447e+04,9.992507641053717249e-01,7.481785128005482861e-04,0.000000000000000000e+00,4.882458754764309816e+01,1.873826093619067823e+00
6.027256760319403111e+04,9.982261003956572898e-01,7.482787482842070655e-04,0.000000000000000000e+00,4.881669844104970934e+01,1.871376010695440240e+00
6.027256806384123774e+04,9.984170737434014953e-01,7.482763020866328111e-04,0.000000000000000000e+00,4.881826178202993560e+01,1.874426699103161731e+00
6.027256852448843711e+04,9.989128590014794140e-01,7.482797007847563110e-04,0.000000000000000000e+00,4.881889691800209619e+01,1.875028777784751632e+00
6.027256898513563647e+04,9.988115419234608883e-01,7.482769855523452220e-04,0.000000000000000000e+00,4.881869093061654752e+01,1.875766375016712839e+00
6.027256944578283583e+04,9.995068668783000376e-01,7.482810805704326503e-04,0.000000000000000000e+00,4.882538076316180309e+01,1.873948878727665468e+00
6.027256990643004247e+04,9.983433294939669800e-01,7.482768697011097161e-04,0.000000000000000000e+00,4.882737387498283255e+01,1.873662734431220445e+00
6.027257036707724910e+04,9.996196579490952416e-01,7.482835513374764104e-04,0.000000000000000000e+00,4.883074686982150325e+01,1.875568475156240700e+00
6.027257082772444846e+04,9.991055593555593362e-01,7.482815413194900470e-04,0.000000000000000000e+00,4.881962796179119835e+01,1.872687467852512055e+00
6.027257128837165510e+04,1.000997212064039354e+00,7.482878570762506150e-04,0.000000000000000000e+00,4.881675031806837239e+01,1.876449509000631899e+00
6.027257174901885446e+04,1.000641811002933812e+00,7.482863789922297683e-04,0.000000000000000000e+00,4.882722622594601347e+01,1.873228891607829460e+00
6.027257220966606110e+04,9.998210517980190559e-01,7.495757761658459421e-04,0.000000000000000000e+00,4.882708788756544038e+01,1.876266259950380322e+00
6.027257267031326046e+04,9.996965292182634633e-01,7.482780916910693495e-04,0.000000000000000000e+00,4.882522403396511379e+01,1.876714739807028520e+00
6.027257313096046710e+04,9.993651133142384957e-01,7.482815212265454862e-04,0.000000000000000000e+00,4.882546920669282997e+01,1.870109045898680655e+00
6.027257359160766646e+04,9.999435145545393366e-01,7.482829496497650371e-04,0.000000000000000000e+00,4.881829386369469148e+01,1.875100580011906048e+00
6.027257405225487310e+04,9.973382011404778869e-01,7.482746437815940592e-04,0.000000000000000000e+00,4.881555415825157951e+01,1.872683667575232302e+00
6.027257451290207246e+04,9.976768896258851882e-01,7.482834657492830853e-04,0.000000000000000000e+00,4.880823940838045871e+01,1.872342233541930190e+00
6.027257497354927909e+04,1.000471976903236859e+00,7.482861496757546712e-04,0.000000000000000000e+00,4.881513036008505679e+01,1.873093217479121275e+00
6.027257543419647845e+04,9.992375178876730102e-01,7.482853254054184404e-04,0.000000000000000000e+00,4.882050524305252992e+01,1.872335176038601778e+00
6.027257589484368509e+04,9.994281567994962590e-01,7.482813321035312534e-04,0.000000000000000000e+00,4.882492710586787155e+01,1.873478393755512394e+00
6.027257635549088445e+04,9.995471021240178722e-01,7.482794680151171355e-04,0.000000000000000000e+00,4.882264366988096782e+01,1.875089493950146124e+00
6.027257681613809109e+04,9.992797232445504996e-01,7.482832993160109733e-04,0.000000000000000000e+00,4.881773081519689583e+01,1.875611083003219770e+00
6.027257727678529045e+04,9.996067735315610214e-01,7.500358884880625526e-04,0.000000000000000000e+00,4.881291281037409391e+01,1.872341733653075879e+00
6.027257773743249709e+04,9.988360164931497920e-01,7.482810306585840161e-04,0.000000000000000000e+00,4.881259762403625047e+01,1.872248326405307361e+00
6.027257819807969645e+04,9.994215999289403074e-01,7.482810815718537100e-04,0.000000000000000000e+00,4.881312202858860161e+01,1.872891355348131004e+00
6.027257865872689581e+04,1.001115974150696308e+00,7.482868080112327087e-04,0.000000000000000000e+00,4.881863408227670220e+01,1.874175855738716701e+00
6.027257911937410245e+04,9.979229879885075372e-01,7.482754445452931150e-04,0.000000000000000000e+00,4.882618607938344724e+01,1.873567733516399381e+00
6.027257958002130181e+04,9.986565051246897307e-01,7.482826435851440156e-04,0.000000000000000000e+00,4.881696197081397059e+01,1.874089627571247085e+00
6.027258004066850117e+04,9.996810182592518190e-01,7.482833000237361929e-04,0.000000000000000000e+00,4.881948230699497771e+01,1.872482278754260987e+00
6.027258050131570781e+04,9.994443046945750142e-01,7.482855555225035498e-04,0.000000000000000000e+00,4.882158529884181775e+01,1.871327363522745424e+00
6.027258096196290717e+04,1.000346068847124847e+00,7.482878771312550387e-04,0.000000000000000000e+00,4.882097655780004430e+01,1.873531852309709089e+00
6.027258142261010653e+04,9.992133921863444179e-01,7.482814957629795516e-04,0.000000000000000000e+00,4.882401040683822657e+01,1.873820398492094697e+00
6.027258188325730589e+04,9.993879850994464853e-01,7.482822414216067346e-04,0.000000000000000000e+00,4.881375685740366777e+01,1.875669631749188326e+00
6.027258234390450525e+04,9.998754528318356538e-01,7.482840348519539985e-04,0.000000000000000000e+00,4.881688452108156184e+01,1.874960899496264100e+00
6.027258280455170461e+04,1.000020373460964951e+00,7.482841917770042097e-04,0.000000000000000000e+00,4.882153605569039456e+01,1.876388190380264831e+00
6.027258326519890397e+04,1.000018970304455301e+00,7.482855877651329061e-04,0.000000000000000000e+00,4.882053480302773352e+01,1.872555323464761834e+00
6.027258372584610333e+04,9.998390694222515362e-01,7.482858594658690346e-04,0.000000000000000000e+00,4.881838089246699752e+01,1.874054287574154820e+00
6.027258418649330270e+04,9.990781993026914831e-01,7.483227716177482617e-04,0.000000000000000000e+00,4.881420296964166283e+01,1.873403290591458381e+00
6.027258464714050206e+04,9.995222314550843423e-01,7.482846184356365705e-04,0.000000000000000000e+00,4.881779041153563981e+01,1.876561465219833691e+00
6.027258510778770142e+04,9.998264054121632771e-01,7.482843878535852880e-04,0.000000000000000000e+00,4.881547291936279009e+01,1.873894983471450448e+00
6.027258556843490805e+04,9.989900758280928494e-01,7.482807762473799983e-04,0.000000000000000000e+00,4.881941746969519613e+01,1.874621923009241131e+00
6.027258602908210742e+04,1.001035930465305368e+00,7.497552494390225582e-04,0.000000000000000000e+00,4.882242730106620598e+01,1.872453896428462938e+00
6.027258648972930678e+04,9.999996254747296476e-01,7.482862444184357111e-04,0.000000000000000000e+00,4.881731190565673728e+01,1.874787161661407575e+00
6.027258695037650614e+04,9.981131377740626309e-01,7.482778225279569781e-04,0.000000000000000000e+00,4.881815320846866513e+01,1.872989441748926787e+00
6.027258741102370550e+04,1.000047507535513081e+00,7.482837099162697363e-04,0.000000000000000000e+00,4.881550688260645643e+01,1.871953706960552521e+00
6.027258787167090486e+04,1.001763123330660088e+00,7.482916827768852641e-04,0.000000000000000000e+00,4.882044778511718164e+01,1.874171621912918306e+00
6.027258833231811150e+04,9.985524078308499751e-01,7.482820559780610156e-04,0.000000000000000000e+00,4.881927717829470481e+01,1.875024862392202118e+00
6.027258879296531086e+04,1.001041921158570380e+00,7.482877510371770428e-04,0.000000000000000000e+00,4.882695075702685017e+01,1.875531764533937995e+00
6.027258925361251022e+04,9.972307808680678232e-01,7.482746834158698467e-04,0.000000000000000000e+00,4.882253098475307951e+01,1.872339376106221920e+00
6.027258971425970958e+04,9.975795511604463872e-01,7.485029365485981788e-04,0.000000000000000000e+00,4.881480769238247319e+01,1.873969570303624987e+00
6.027259017490690894e+04,1.000071577236127940e+00,7.483751066276395688e-04,0.000000000000000000e+00,4.882174680363117147e+01,1.875645736910198869e+00
6.027259063555410830e+04,9.996838245220760477e-01,7.483772616976622867e-04,0.000000000000000000e+00,4.882706171778228565e+01,1.874153692450593933e+00
6.027259109620130766e+04,9.994806559881553865e-01,7.483752262370396442e-04,0.000000000000000000e+00,4.881998850987999106e+01,1.874926404749734044e+00
6.027259155684850703e+04,1.000197730634140747e+00,7.483778499568053983e-04,0.000000000000000000e+00,4.881491257618212387e+01,1.871569365235941973e+00
6.027259201749570639e+04,1.000564917375589058e+00,7.483781913210415387e-04,0.000000000000000000e+00,4.882390979379701434e+01,1.874143656665763880e+00
6.027259247814290575e+04,9.994746006081065559e-01,7.483783609238200832e-04,0.000000000000000000e+00,4.882078227041299101e+01,1.872448627872056903e+00
6.027259293879010511e+04,1.000321939538965976e+00,7.483796315755888908e-04,0.000000000000000000e+00,4.882462711629769103e+01,1.874150446309873264e+00
6.027259339943730447e+04,9.985359256447651211e-01,7.483724823574125539e-04,0.000000000000000000e+00,4.882175141734929724e+01,1.873478197606715856e+00
6.027259386008450383e+04,1.000855865127590949e+00,7.483853087244714004e-04,0.000000000000000000e+00,4.882288961640252722e+01,1.874392098831936027e+00
6.027259432073170319e+04,9.990714287371800228e-01,7.483723140727396817e-04,0.000000000000000000e+00,4.883155786825960121e+01,1.874766812992297638e+00
6.027259478137890255e+04,1.001210081958145981e+00,7.483827072790168395e-04,0.000000000000000000e+00,4.882211860157874384e+01,1.875013856659470068e+00
6.027259524202610191e+04,9.986611001012053457e-01,7.483724052606840300e-04,0.000000000000000000e+00,4.882416755752996096e+01,1.875820913716419236e+00
6.027259570267330128e+04,1.000111686941380862e+00,7.483795047773078146e-04,0.000000000000000000e+00,4.882231154360183467e+01,1.872680244372693537e+00
6.027259616332050064e+04,9.993702527094346921e-01,7.483758432297055868e-04,0.000000000000000000e+00,4.882506949775695659e+01,1.876080298987834460e+00
6.027259662396769272e+04,9.996986584830349631e-01,7.483761323915838395e-04,0.000000000000000000e+00,4.882294059585928636e+01,1.873718733003496784e+00
6.027259708461489208e+04,1.000394003247197183e+00,7.483784102103300693e-04,0.000000000000000000e+00,4.881429451616754278e+01,1.877108697238619950e+00
6.027259754526209144e+04,1.000805908904729202e+00,7.483800181481612378e-04,0.000000000000000000e+00,4.881752977659382253e+01,1.875515551392237912e+00
6.027259800590929080e+04,9.989455426769681123e-01,7.483788033425003332e-04,0.000000000000000000e+00,4.882069434995464263e+01,1.873048702947258004e+00
6.027259846655648289e+04,1.001091692468297545e+00,7.483840868791877049e-04,0.000000000000000000e+00,4.882571093367634774e+01,1.873963032720861621e+00
6.027259892720368225e+04,9.992046897869362176e-01,7.483756356699986434e-04,0.000000000000000000e+00,4.882842910854212448e+01,1.872542022343378409e+00
6.027259938785087434e+04,1.000381658182436517e+00,7.483791227396483859e-04,0.000000000000000000e+00,4.882298489333146563e+01,1.874784512324878305e+00
6.027259984849807370e+04,9.993962220586056766e-01,7.483789979501484719e-04,0.000000000000000000e+00,4.882277014677076465e+01,1.869275749474740067e+00
6.027260030914527306e+04,9.993824487383023980e-01,7.487694182380011301e-04,0.000000000000000000e+00,4.882344490108130231e+01,1.873176154006699123e+00
6.027260076979247242e+04,9.995731299397333514e-01,7.483752839831625233e-04,0.000000000000000000e+00,4.882355480955085625e+01,1.874825393745822355e+00
6.027260123043967178e+04,9.987126922005304941e-01,7.483763869879972355e-04,0.000000000000000000e+00,4.882194005441379403e+01,1.872230165004230784e+00
6.027260169108686387e+04,9.965494438968542923e-01,7.508228910275212449e-04,0.000000000000000000e+00,4.882545933837343455e+01,1.876324107491114557e+00
6.027260215173406323e+04,9.975468392164599241e-01,7.483709354782055794e-04,0.000000000000000000e+00,4.881861190511928328e+01,1.870492349917063590e+00
6.027260261238126259e+04,9.986923829598448599e-01,7.483715967273983508e-04,0.000000000000000000e+00,4.882607632425708744e+01,1.873366212798954322e+00
6.027260307302846195e+04,1.001501305817583898e+00,7.483819160334443049e-04,0.000000000000000000e+00,4.882584901401124711e+01,1.872810474720807195e+00
6.027260353367566131e+04,9.995345588730474296e-01,7.483760437216961095e-04,0.000000000000000000e+00,4.882215451762917979e+01,1.875632205309720302e+00
6.027260399432285340e+04,9.991930446810375344e-01,7.483768799724248213e-04,0.000000000000000000e+00,4.882383495954717034e+01,1.875238981621962564e+00
6.027260445497005276e+04,9.990090814239088735e-01,7.483722594211199720e-04,0.000000000000000000e+00,4.882172543188689673e+01,1.872346666933149217e+00
6.027260491561725212e+04,9.982978337338520580e-01,7.483732757099150618e-04,0.000000000000000000e+00,4.882097977015984469e+01,1.873687302639388985e+00
6.027260537626444420e+04,9.997017252050152125e-01,7.483791575109775395e-04,0.000000000000000000e+00,4.881632940073484406e+01,1.872161683595454429e+00
6.027260583691164356e+04,9.995387337447994014e-01,7.483774499345713111e-04,0.000000000000000000e+00,4.881168860112349250e+01,1.872767822988572473e+00
6.027260629755884293e+04,9.990791212171484803e-01,7.483755873322886151e-04,0.000000000000000000e+00,4.881231075788315366e+01,1.873795227608610059e+00
6.027260675820603501e+04,1.000831886958049477e+00,7.484037744930986929e-04,0.000000000000000000e+00,4.882206378393718182e+01,1.873197891929984316e+00
6.027260721885323437e+04,9.986457490007658588e-01,7.483752642231847980e-04,0.000000000000000000e+00,4.882101861201754645e+01,1.873983047917167299e+00
6.027260767950043373e+04,9.986312369403393951e-01,7.483721077102998501e-04,0.000000000000000000e+00,4.882435259848933384e+01,1.872543580391788032e+00
6.027260814014762582e+04,9.986382672186353560e-01,7.483764919466455619e-04,0.000000000000000000e+00,4.882108655907735084e+01,1.874794395597727092e+00
6.027260860079482518e+04,9.995820668946345799e-01,7.488680304348533951e-04,0.000000000000000000e+00,4.881591603209124486e+01,1.874442843910088419e+00
6.027260906144202454e+04,1.000595295320868550e+00,7.483819603338847911e-04,0.000000000000000000e+00,4.882436837734383772e+01,1.876835962457118478e+00
6.027260952208921663e+04,1.001066029124124013e+00,7.483825886116361216e-04,0.000000000000000000e+00,4.881762839127967624e+01,1.875794622449153071e+00
6.027260998273641599e+04,1.001363122528882821e+00,7.483832407406342761e-04,0.000000000000000000e+00,4.882239727668915918e+01,1.876139946351648824e+00
6.027261044338360807e+04,9.985442462799875019e-01,7.483730786587730567e-04,0.000000000000000000e+00,4.882339588193372748e+01,1.872879993415564881e+00
6.027261090403080743e+04,9.991113101648173567e-01,7.483775824662821773e-04,0.000000000000000000e+00,4.882252808566992996e+01,1.873058501750570315e+00
6.027261136467799952e+04,9.981370212229342398e-01,7.483719791432035364e-04,0.000000000000000000e+00,4.882019442126800612e+01,1.876998159914873954e+00
6.027261182532519160e+04,9.989680161468160735e-01,7.483743854390461324e-04,0.000000000000000000e+00,4.882155465329466182e+01,1.871421648298388751e+00
6.027261228597239096e+04,9.997142535840853883e-01,7.483793325406849556e-04,0.000000000000000000e+00,4.881705191336303074e+01,1.873863822405968049e+00
6.027261274661958305e+04,9.985941830886126969e-01,7.483285714029058212e-04,0.000000000000000000e+00,4.882332592426679696e+01,1.872556964114081568e+00
6.027261320726678241e+04,9.986073038527746304e-01,7.483290842424085649e-04,0.000000000000000000e+00,4.882221011129516341e+01,1.873726702294228108e+00
6.027261366791396722e+04,9.998058089122819903e-01,7.483302848603818778e-04,0.000000000000000000e+00,4.882247852128902110e+01,1.870919838521056588e+00
6.027261412856116658e+04,9.998028863949651734e-01,7.483320800139870712e-04,0.000000000000000000e+00,4.882366854035981873e+01,1.872544393579897326e+00
6.027261458920835867e+04,9.995892111050416196e-01,7.483339646871175208e-04,0.000000000000000000e+00,4.882639173513722852e+01,1.871982468735859939e+00
6.027261504985555075e+04,9.999073112153805676e-01,7.483312540339551958e-04,0.000000000000000000e+00,4.882645447643243841e+01,1.874745285466562272e+00
6.027261551050275011e+04,9.984845031812085159e-01,7.490483751103095555e-04,0.000000000000000000e+00,4.881930507519607687e+01,1.871984665392901759e+00
6.027261597114994220e+04,9.990807033786716085e-01,7.483292764551427922e-04,0.000000000000000000e+00,4.883058432876063648e+01,1.871665334613163090e+00
6.027261643179714156e+04,9.991696826253587682e-01,7.483301282860798515e-04,0.000000000000000000e+00,4.883524353863855794e+01,1.872478367426917201e+00
6.027261689244433364e+04,9.981250507024080898e-01,7.483276702793736912e-04,0.000000000000000000e+00,4.883099393485273509e+01,1.871280490958753484e+00
6.027261735309153300e+04,9.973083944522592725e-01,7.483251249933136479e-04,0.000000000000000000e+00,4.882695683949591370e+01,1.870948653467400025e+00
6.027261781373872509e+04,1.000500119754221595e+00,7.483330722518200927e-04,0.000000000000000000e+00,4.882202921564763187e+01,1.872320829501083583e+00
6.027261827438591718e+04,9.996322454868528107e-01,7.483312973492316916e-04,0.000000000000000000e+00,4.881067784878624138e+01,1.874742156208510258e+00
6.027261873503311654e+04,9.991437320912319731e-01,7.483300507394562151e-04,0.000000000000000000e+00,4.881343467956056514e+01,1.872499829485372524e+00
6.027261919568030862e+04,9.990479638265307161e-01,7.483278337471155296e-04,0.000000000000000000e+00,4.881610251428198666e+01,1.872562422638584412e+00
6.027261965632750071e+04,1.000686617099340925e+00,7.483376750874684178e-04,0.000000000000000000e+00,4.880946007930556618e+01,1.875009306479763938e+00
6.027262011697470007e+04,9.989311762685573193e-01,7.483301386581823339e-04,0.000000000000000000e+00,4.880987092808701533e+01,1.873655934287200120e+00
6.027262057762189215e+04,1.000038566873088230e+00,7.483354037332287439e-04,0.000000000000000000e+00,4.881052657302743825e+01,1.874305505887474910e+00
6.027262103826908424e+04,9.997523938314574199e-01,7.483299225661742228e-04,0.000000000000000000e+00,4.881957504154625838e+01,1.872059389212221481e+00
6.027262149891628360e+04,1.000829977420235828e+00,7.483376274968109830e-04,0.000000000000000000e+00,4.881856430418446280e+01,1.874175392150243757e+00
6.027262195956347568e+04,9.991274007810987401e-01,7.483334526036603939e-04,0.000000000000000000e+00,4.882022958373948995e+01,1.871394544961964668e+00
6.027262242021066777e+04,9.997018544221661918e-01,7.483311387203535380e-04,0.000000000000000000e+00,4.882539935554679289e+01,1.871926583867673743e+00
6.027262288085785985e+04,9.991542163029297763e-01,7.483287789228804414e-04,0.000000000000000000e+00,4.882139711863318610e+01,1.872224700039745615e+00
6.027262334150505922e+04,1.000222031877522788e+00,7.491635953328455852e-04,0.000000000000000000e+00,4.882301253208493108e+01,1.873642562259603128e+00
6.027262380215225130e+04,1.001318986285868462e+00,7.483387932559315125e-04,0.000000000000000000e+00,4.881833027253439639e+01,1.874586686976870809e+00
6.027262426279944339e+04,9.992453024362470959e-01,7.483338834861122911e-04,0.000000000000000000e+00,4.882117448445399788e+01,1.869111190855952342e+00
6.027262472344663547e+04,1.000166474011214834e+00,7.483337387944031562e-04,0.000000000000000000e+00,4.882241436621190900e+01,1.873096058744717407e+00
6.027262518409383483e+04,9.994004405738049490e-01,7.483301356779944059e-04,0.000000000000000000e+00,4.882266782194985666e+01,1.873786948617802262e+00
6.027262564474102692e+04,9.976962943643544746e-01,7.491785241014537258e-04,0.000000000000000000e+00,4.882823181963956927e+01,1.874787554167777648e+00
6.027262610538821900e+04,1.000907332721547638e+00,7.489792144979750318e-04,0.000000000000000000e+00,4.882633526786718647e+01,1.875744981878279871e+00
6.027262656603540381e+04,9.989688368977877042e-01,7.483661540952320007e-04,0.000000000000000000e+00,4.882484595607739664e+01,1.872030779769334519e+00
6.027262702668259590e+04,9.982017630744992598e-01,7.483297060189340140e-04,0.000000000000000000e+00,4.881454600920471876e+01,1.872933786226103514e+00
6.027262748732978798e+04,1.000621918025285106e+00,7.483367620494086551e-04,0.000000000000000000e+00,4.881937158876482385e+01,1.870553179943916122e+00
6.027262794797698734e+04,9.996395008705087903e-01,7.483325845588390413e-04,0.000000000000000000e+00,4.882082511191870111e+01,1.875972603379949977e+00
6.027262840862417215e+04,9.988576141248497464e-01,7.483299152439870953e-04,0.000000000000000000e+00,4.881361050776501997e+01,1.877381900634187639e+00
6.027262886927136424e+04,9.993857824193882466e-01,7.483316073942664765e-04,0.000000000000000000e+00,4.881882473925307409e+01,1.875698615047353135e+00
6.027262932991855632e+04,1.000361798741986386e+00,7.483366125326796877e-04,0.000000000000000000e+00,4.881528909290533136e+01,1.875220513957190471e+00
6.027262979056574841e+04,1.000219741991824840e+00,7.483349818239769594e-04,0.000000000000000000e+00,4.881864697271155507e+01,1.872630876054312887e+00
6.027263025121294049e+04,9.998124057777584284e-01,7.483304664025179111e-04,0.000000000000000000e+00,4.882799436773159130e+01,1.873731554363690766e+00
6.027263071186013258e+04,9.997978771149749200e-01,7.483313392547269330e-04,0.000000000000000000e+00,4.882897939063708748e+01,1.874415103480719713e+00
6.027263117250732466e+04,9.971763268990438966e-01,7.483225648877972870e-04,0.000000000000000000e+00,4.882261880919342190e+01,1.872251036261902479e+00
6.027263163315451675e+04,9.991379611221578028e-01,7.483346545970977941e-04,0.000000000000000000e+00,4.882172181008010625e+01,1.871896043902338214e+00
6.027263209380170883e+04,9.985530434224882956e-01,7.483256665116364524e-04,0.000000000000000000e+00,4.881887630899576891e+01,1.872043635735073375e+00
6.027263255444890092e+04,9.981671896448982562e-01,7.483277360412028331e-04,0.000000000000000000e+00,4.882136286548218607e+01,1.872011463655354202e+00
6.027263301509609300e+04,1.001484526596195579e+00,7.483538206152507690e-04,0.000000000000000000e+00,4.882832401298604452e+01,1.873147690705406321e+00
6.027263347574328509e+04,9.988586715516744041e-01,7.483273795688743981e-04,0.000000000000000000e+00,4.882706779058405289e+01,1.871770150607256822e+00
6.027263393639047717e+04,9.988555135284507003e-01,7.483293562177174840e-04,0.000000000000000000e+00,4.881571292732268574e+01,1.874181513121526921e+00
6.027263439703766926e+04,9.988070727858413544e-01,7.483293372615092446e-04,0.000000000000000000e+00,4.882237059291315262e+01,1.869195263550300412e+00
6.027263485768486134e+04,9.997530045248549380e-01,7.483321889199936799e-04,0.000000000000000000e+00,4.882407146151921040e+01,1.872633009735197529e+00
6.027263531833205343e+04,9.997973520812479808e-01,7.484194619297972065e-04,0.000000000000000000e+00,4.881950846562756396e+01,1.875883324429956422e+00
6.027263577897924552e+04,1.001359364145939068e+00,7.484242382557771160e-04,0.000000000000000000e+00,4.882120740168484474e+01,1.873911136557570911e+00
6.027263623962643760e+04,1.002121678543660188e+00,7.484292364622628559e-04,0.000000000000000000e+00,4.881595647272946081e+01,1.873667331088564536e+00
6.027263670027362969e+04,9.996008887820181377e-01,7.484182200025644950e-04,0.000000000000000000e+00,4.881919472751093991e+01,1.874003400352170612e+00
6.027263716092082177e+04,1.000207768258410068e+00,7.484172953365435515e-04,0.000000000000000000e+00,4.882202200074233645e+01,1.873601174463941588e+00
6.027263762156801386e+04,9.996152628714648491e-01,7.484149123046397994e-04,0.000000000000000000e+00,4.882939768759342769e+01,1.875525254914541806e+00
6.027263808221520594e+04,1.000231892883863605e+00,7.484189325346526228e-04,0.000000000000000000e+00,4.883112763528721700e+01,1.873930296822520880e+00
6.027263854286239075e+04,1.000008501126603555e+00,7.484218231898041732e-04,0.000000000000000000e+00,4.882746027802534883e+01,1.872483486454957102e+00
6.027263900350958284e+04,9.993514338356234150e-01,7.484192686466308248e-04,0.000000000000000000e+00,4.882646901431933628e+01,1.873265058265738192e+00
6.027263946415677492e+04,9.994708765582872578e-01,7.484196009253758167e-04,0.000000000000000000e+00,4.881984860621085431e+01,1.871011891653396875e+00
6.027263992480396701e+04,1.001190555993981768e+00,7.484249354976845554e-04,0.000000000000000000e+00,4.882131022822593280e+01,1.873715736550126465e+00
6.027264038545115909e+04,1.000250450009086967e+00,7.484252070722762547e-04,0.000000000000000000e+00,4.882209088140479736e+01,1.873246835034856339e+00
6.027264084609835118e+04,9.991830150638895125e-01,7.484165096469736151e-04,0.000000000000000000e+00,4.881720632641592772e+01,1.875693094777199477e+00
6.027264130674552871e+04,9.995518847312107047e-01,7.484208877143680178e-04,0.000000000000000000e+00,4.881364325213549904e+01,1.872958484853807226e+00
6.027264176739272079e+04,9.988247461357195878e-01,7.484159969972658828e-04,0.000000000000000000e+00,4.881953540089526911e+01,1.872792862764790733e+00
6.027264222803991288e+04,9.993651977920521290e-01,7.484187319614096041e-04,0.000000000000000000e+00,4.881001275890975677e+01,1.873840717103847808e+00
6.027264268868710496e+04,9.986964393622984604e-01,7.484171452208805957e-04,0.000000000000000000e+00,4.881747188329708109e+01,1.873095291028491927e+00
6.027264314933428250e+04,1.001256046852765813e+00,7.484275706220874184e-04,0.000000000000000000e+00,4.881500540266648613e+01,1.872433978345927397e+00
6.027264360998147458e+04,9.985567129272654441e-01,7.484153265260647548e-04,0.000000000000000000e+00,4.880958736340362947e+01,1.874696092019992211e+00
6.027264407062866667e+04,9.994519143427347263e-01,7.484162353548840310e-04,0.000000000000000000e+00,4.881764374240478332e+01,1.872832909183514527e+00
6.027264453127585875e+04,9.989916186400537024e-01,7.484173812745175194e-04,0.000000000000000000e+00,4.882387270964123616e+01,1.871738501175217451e+00
6.027264499192304356e+04,9.985662596130497892e-01,7.484151042411145427e-04,0.000000000000000000e+00,4.882196425397842887e+01,1.873149985789686278e+00
6.027264545257023565e+04,1.000373850267385567e+00,7.485643787455438904e-04,0.000000000000000000e+00,4.881706794637692326e+01,1.872651348317433406e+00
6.027264591321742773e+04,9.990844695143217269e-01,7.484161431886575573e-04,0.000000000000000000e+00,4.882277895006247093e+01,1.871514627450357349e+00
6.027264637386461254e+04,9.997996848309289586e-01,7.484176729753421473e-04,0.000000000000000000e+00,4.881640416139530458e+01,1.874242633355820642e+00
6.027264683451180463e+04,9.995297566399781175e-01,7.484177362095012671e-04,0.000000000000000000e+00,4.881866721814998300e+01,1.875611876069681605e+00
6.027264729515899671e+04,9.995779537049745977e-01,7.484183909970392595e-04,0.000000000000000000e+00,4.881677235201662768e+01,1.873887286332550195e+00
6.027264775580618152e+04,9.980193394844654176e-01,7.484144315436105054e-04,0.000000000000000000e+00,4.882305278833844397e+01,1.872251772194007513e+00
6.027264821645337361e+04,1.000126937452817000e+00,7.484188515699866616e-04,0.000000000000000000e+00,4.882091242369143913e+01,1.875741882531392069e+00
6.027264867710055842e+04,9.987478848272073328e-01,7.484160719269841288e-04,0.000000000000000000e+00,4.881760035573203993e+01,1.873488008411317018e+00
6.027264913774775050e+04,9.998142399745116871e-01,7.484216636448969397e-04,0.000000000000000000e+00,4.881723918490483527e+01,1.871470076917123304e+00
6.027264959839494259e+04,9.975134129034834984e-01,7.484124195078732666e-04,0.000000000000000000e+00,4.881550541161195156e+01,1.872221802753714082e+00
6.027265005904212740e+04,9.993964111768157688e-01,7.484199493060046324e-04,0.000000000000000000e+00,4.881012798090433336e+01,1.874395028938716123e+00
6.027265051968931948e+04,9.974050817532561508e-01,7.484130500204574672e-04,0.000000000000000000e+00,4.881251377237104805e+01,1.870287172637024486e+00
6.027265098033650429e+04,9.995884096316304257e-01,7.484218205412690277e-04,0.000000000000000000e+00,4.881583516502880116e+01,1.871172725911818269e+00
6.027265144098369638e+04,9.985971958159493012e-01,7.484173500587301860e-04,0.000000000000000000e+00,4.881467995682615424e+01,1.876010169709231956e+00
6.027265190163088118e+04,9.980467861460836643e-01,7.484138493981979008e-04,0.000000000000000000e+00,4.881236595259716182e+01,1.873666586133512224e+00
6.027265236227807327e+04,1.000729421509226169e+00,7.498430487922467559e-04,0.000000000000000000e+00,4.881486371262121082e+01,1.872467341086125225e+00
6.027265282292525808e+04,1.000374705497557803e+00,7.484201222511049304e-04,0.000000000000000000e+00,4.881683952299571416e+01,1.874698607190380173e+00
6.027265328357245016e+04,9.991714373795388404e-01,7.484164188576750100e-04,0.000000000000000000e+00,4.881958788171404962e+01,1.874980458680076900e+00
6.027265374421963497e+04,9.990639618543265543e-01,7.484168090616736798e-04,0.000000000000000000e+00,4.881434052941627044e+01,1.873289740107039858e+00
6.027265420486682706e+04,9.999127673419935247e-01,7.484237443151296179e-04,0.000000000000000000e+00,4.881035278535164679e+01,1.875056844187231508e+00
6.027265466551401187e+04,9.986938913761853609e-01,7.484156358243026011e-04,0.000000000000000000e+00,4.881213290978256225e+01,1.875612495851966877e+00
6.027265512616120395e+04,9.998810708454547447e-01,7.484192087813077311e-04,0.000000000000000000e+00,4.881185355815480875e+01,1.873313690548725319e+00
6.027265558680838876e+04,9.995524508166110378e-01,7.484190165163845648e-04,0.000000000000000000e+00,4.881156825692556112e+01,1.877054709387207865e+00
6.027265604745558085e+04,9.991896945659717311e-01,7.484172865060827748e-04,0.000000000000000000e+00,4.881427155052384137e+01,1.873366385141782775e+00
6.027265650810275838e+04,1.000086476221237586e+00,7.484213362387024445e-04,0.000000000000000000e+00,4.881651387350153470e+01,1.875068013130097855e+00
6.027265696874994319e+04,9.980236122425856227e-01,7.484117803188732520e-04,0.000000000000000000e+00,4.881275402764424598e+01,1.873913973385802345e+00
6.027265742939713527e+04,9.979656623804858961e-01,7.484148806322454914e-04,0.000000000000000000e+00,4.880742084657799751e+01,1.876698166381483679e+00
6.027265789004432008e+04,9.976536165930462996e-01,7.484013550499659826e-04,0.000000000000000000e+00,4.880195453190448518e+01,1.872993820468155102e+00
6.027265835069150489e+04,9.992394329594832536e-01,7.484081015450320343e-04,0.000000000000000000e+00,4.880823561548265133e+01,1.873092187426190991e+00
6.027265881133868970e+04,9.975076159628620820e-01,7.483991306463950305e-04,0.000000000000000000e+00,4.882033726993410028e+01,1.873375122457849207e+00
6.027265927198587451e+04,9.996737665132706674e-01,7.484095206172494078e-04,0.000000000000000000e+00,4.882269257505447513e+01,1.871641844278494782e+00
6.027265973263306660e+04,9.992986365573690577e-01,7.484077360664269721e-04,0.000000000000000000e+00,4.881822851049221157e+01,1.872937739649977784e+00
6.027266019328025141e+04,9.989952730181972385e-01,7.484060114232143337e-04,0.000000000000000000e+00,4.881716452414293173e+01,1.874278846810334853e+00
6.027266065392743621e+04,9.993502387832954303e-01,7.484075370137081113e-04,0.000000000000000000e+00,4.881359162457209777e+01,1.873837784491358960e+00
6.027266111457462102e+04,9.999917767147373793e-01,7.497352198409051004e-04,0.000000000000000000e+00,4.881579006416758659e+01,1.873419675227198100e+00
6.027266157522181311e+04,9.984254483409353842e-01,7.484015465969448902e-04,0.000000000000000000e+00,4.881395753479493749e+01,1.874066020453391879e+00
6.027266203586899792e+04,9.996085103036451702e-01,7.484049872874746871e-04,0.000000000000000000e+00,4.881898716657484982e+01,1.875261167827187769e+00
6.027266249651618273e+04,9.993827047510706052e-01,7.484038846544957329e-04,0.000000000000000000e+00,4.882616591735158096e+01,1.874241813131026113e+00
6.027266295716336754e+04,9.998556839815324615e-01,7.484102082206795480e-04,0.000000000000000000e+00,4.881293590624498790e+01,1.874270474817338439e+00
6.027266341781055962e+04,9.988794189961893721e-01,7.484075061885135010e-04,0.000000000000000000e+00,4.880632713881459495e+01,1.871899674536470437e+00
6.027266387845774443e+04,9.985537255484467911e-01,7.484084256741250661e-04,0.000000000000000000e+00,4.880453907200318042e+01,1.874879853141586450e+00
6.027266433910492924e+04,9.994004296090758244e-01,7.484106136129917153e-04,0.000000000000000000e+00,4.881112478569858126e+01,1.873535503644687239e+00
6.027266479975211405e+04,1.000345459110205004e+00,7.484105376896789397e-04,0.000000000000000000e+00,4.882062228736561593e+01,1.874588191697085238e+00
6.027266526039930613e+04,9.999518666018677449e-01,7.484114087504982254e-04,0.000000000000000000e+00,4.881281467383653450e+01,1.873332315480764620e+00
6.027266572104649094e+04,9.981462969219696557e-01,7.484046033546107790e-04,0.000000000000000000e+00,4.880342278911834342e+01,1.873785066017915169e+00
6.027266618169367575e+04,9.997861861057887323e-01,7.484094334179092114e-04,0.000000000000000000e+00,4.881782881357735704e+01,1.875568290893509404e+00
6.027266664234086056e+04,9.987220874329789666e-01,7.484055156136134928e-04,0.000000000000000000e+00,4.882728682517975471e+01,1.873063705173829030e+00
6.027266710298804537e+04,9.996882015369229491e-01,7.484117416453538955e-04,0.000000000000000000e+00,4.881590287729417099e+01,1.875917546095981825e+00
6.027266756363523018e+04,1.000055711928776514e+00,7.484101834538755974e-04,0.000000000000000000e+00,4.881861337791483635e+01,1.873888561683926257e+00
6.027266802428241499e+04,9.995421263838980552e-01,7.484101365322555792e-04,0.000000000000000000e+00,4.881481004888671293e+01,1.871029585186389843e+00
6.027266848492960708e+04,9.995150901653931941e-01,7.484119249535506422e-04,0.000000000000000000e+00,4.881524910786487226e+01,1.873086039426217431e+00
6.027266894557679188e+04,9.992426368534000902e-01,7.484838907067753542e-04,0.000000000000000000e+00,4.882291713660892896e+01,1.872483500219882524e+00
6.027266940622397669e+04,1.001162560622100184e+00,7.484118982247736813e-04,0.000000000000000000e+00,4.881805170949637329e+01,1.871821681060696907e+00
6.027266986687116150e+04,9.982609671536403217e-01,7.484064907969916608e-04,0.000000000000000000e+00,4.881847654543767590e+01,1.872819584556818961e+00
6.027267032751834631e+04,9.997644062102537532e-01,7.484064787912280900e-04,0.000000000000000000e+00,4.882387038335315310e+01,1.873125521345271771e+00
6.027267078816553112e+04,1.000268557030630889e+00,7.484108770612199002e-04,0.000000000000000000e+00,4.883299738781495591e+01,1.873566332220516495e+00
6.027267124881270865e+04,1.000818926679323262e+00,7.484124288643891542e-04,0.000000000000000000e+00,4.882575519303186695e+01,1.872979798786040595e+00
6.027267170945989346e+04,9.995593597634394589e-01,7.484071895002729824e-04,0.000000000000000000e+00,4.881308699518099559e+01,1.873892234881584518e+00
6.027267217010707827e+04,9.993670195161510339e-01,7.484066515647528521e-04,0.000000000000000000e+00,4.881620854541412058e+01,1.871966244538716628e+00
6.027267263075426308e+04,9.994307415338126166e-01,7.484079055959028245e-04,0.000000000000000000e+00,4.882257622492787874e+01,1.874162056064940129e+00
6.027267309140144062e+04,9.980521468817612485e-01,7.495407868342577251e-04,0.000000000000000000e+00,4.881876912219454567e+01,1.873110200429915162e+00
6.027267355204862542e+04,9.994935323271191274e-01,7.484067160127486204e-04,0.000000000000000000e+00,4.881617000785804805e+01,1.872573140236754918e+00
6.027267401269581023e+04,1.000606877470288314e+00,7.484110593631691528e-04,0.000000000000000000e+00,4.881642559869294473e+01,1.874922945206494607e+00
6.027267447334299504e+04,9.998332674132890396e-01,7.484080183456000984e-04,0.000000000000000000e+00,4.880768356422650811e+01,1.873547738244915495e+00
6.027267493399017985e+04,9.998882053505130374e-01,7.484080592588154054e-04,0.000000000000000000e+00,4.881334780139491869e+01,1.874350529475938609e+00
6.027267539463736466e+04,9.986441988138538006e-01,7.484018592721070192e-04,0.000000000000000000e+00,4.882409563342660874e+01,1.873927124828962398e+00
6.027267585528454947e+04,9.993627227978447713e-01,7.484052713424042217e-04,0.000000000000000000e+00,4.882349191313156211e+01,1.871662585716011407e+00
6.027267631593173428e+04,9.982622275941861467e-01,7.484035217017590740e-04,0.000000000000000000e+00,4.882052256821973657e+01,1.871872590334635378e+00
6.027267677657891181e+04,9.986450698175980412e-01,7.484060327782492616e-04,0.000000000000000000e+00,4.882347010758181227e+01,1.872889122504808324e+00
6.027267723722609662e+04,9.987465535313454490e-01,7.484089888234739425e-04,0.000000000000000000e+00,4.881241566930762588e+01,1.874598638210259516e+00
6.027267769787328143e+04,1.000313617832248481e+00,7.484131964621853518e-04,0.000000000000000000e+00,4.881563413330248125e+01,1.873510974966924758e+00
6.027267815852046624e+04,1.001076704314493693e+00,7.484132591374701273e-04,0.000000000000000000e+00,4.881366141968366890e+01,1.872879050726768080e+00
6.027267861916765105e+04,9.982887921238023932e-01,7.484046946957103935e-04,0.000000000000000000e+00,4.881949062642209469e+01,1.873759543228173063e+00
6.027267907981483586e+04,9.986036393941312150e-01,7.487731131689946782e-04,0.000000000000000000e+00,4.881594806941338049e+01,1.874173385448987927e+00
6.027267954046202067e+04,9.988746677275280872e-01,7.484072830551570911e-04,0.000000000000000000e+00,4.881074437049839077e+01,1.873155837832392034e+00
6.027268000110919820e+04,9.986859606495777086e-01,7.484090164943618759e-04,0.000000000000000000e+00,4.881457923703101187e+01,1.872750228781331350e+00
6.027268046175638301e+04,9.991255249388089066e-01,7.484437265106435319e-04,0.000000000000000000e+00,4.881334540455922166e+01,1.873660144383897386e+00
6.027268092240356782e+04,1.000120789709828317e+00,7.484518988518654636e-04,0.000000000000000000e+00,4.881265786227660897e+01,1.875663490961965607e+00
6.027268138305075263e+04,9.995846450896044288e-01,7.484431131893098162e-04,0.000000000000000000e+00,4.882069957819676631e+01,1.875304414764437988e+00
6.027268184369793744e+04,1.000412748449906353e+00,7.484454755842730612e-04,0.000000000000000000e+00,4.882218214329174799e+01,1.874540973717586656e+00
6.027268230434511497e+04,9.992936846073455781e-01,7.484418580748022649e-04,0.000000000000000000e+00,4.882252412472996639e+01,1.872640061356336094e+00
6.027268276499229978e+04,9.989540735719137921e-01,7.484378729102555972e-04,0.000000000000000000e+00,4.882226251371633907e+01,1.871671632067429369e+00
6.027268322563948459e+04,9.985066326107139290e-01,7.484396449179713971e-04,0.000000000000000000e+00,4.882017120725620885e+01,1.873869785660870368e+00
6.027268368628666940e+04,9.999873371831157209e-01,7.484438316613537196e-04,0.000000000000000000e+00,4.882335861727948867e+01,1.873454795289886121e+00
6.027268414693384693e+04,9.991706420848998071e-01,7.484421179330510076e-04,0.000000000000000000e+00,4.882173669700389951e+01,1.873141106394117017e+00
6.027268460758103174e+04,9.984748572243768994e-01,7.484391024212124020e-04,0.000000000000000000e+00,4.881762558180713540e+01,1.873633875922047221e+00
6.027268506822821655e+04,1.000058279758422097e+00,7.484452588553598164e-04,0.000000000000000000e+00,4.882092604110830791e+01,1.873265796591535137e+00
6.027268552887539408e+04,9.983710314413273279e-01,7.484386093787076836e-04,0.000000000000000000e+00,4.882138477652596009e+01,1.873828029446148680e+00
6.027268598952257162e+04,1.000476275392765624e+00,7.484501259639507551e-04,0.000000000000000000e+00,4.880808000123535351e+01,1.876143787826937803e+00
6.027268645016975643e+04,9.981426934940462736e-01,7.484410573120927604e-04,0.000000000000000000e+00,4.881135578120561291e+01,1.871335566634258596e+00
6.027268691081693396e+04,9.975200382118740716e-01,7.484385815736786796e-04,0.000000000000000000e+00,4.880781925046662906e+01,1.873303744443066243e+00
6.027268737146411877e+04,9.966596470553700238e-01,7.517219781875152627e-04,0.000000000000000000e+00,4.881395607107655366e+01,1.873745987319147321e+00
6.027268783211129630e+04,9.994990902219708095e-01,7.484414773680113028e-04,0.000000000000000000e+00,4.881325036267099193e+01,1.874546656573048864e+00
6.027268829275847384e+04,9.987206516072798523e-01,7.484447006053219316e-04,0.000000000000000000e+00,4.880572360143037969e+01,1.872405775023232577e+00
6.027268875340565864e+04,1.000943000234813640e+00,7.484499146684878580e-04,0.000000000000000000e+00,4.881342405585317579e+01,1.876052857062312951e+00
6.027268921405283618e+04,1.000253949136087339e+00,7.484467785057779057e-04,0.000000000000000000e+00,4.882337842253275539e+01,1.873864936407081627e+00
6.027268967470002099e+04,9.974600294095594677e-01,7.484377943401415321e-04,0.000000000000000000e+00,4.881601189712901601e+01,1.869839548134969220e+00
6.027269013534719852e+04,9.994715288501350159e-01,7.484442488893187874e-04,0.000000000000000000e+00,4.881736436253932254e+01,1.873567536949800827e+00
6.027269059599438333e+04,9.997251932742716729e-01,7.484461861177084266e-04,0.000000000000000000e+00,4.880984684682816521e+01,1.873359460113940056e+00
6.027269105664156814e+04,9.991063947933972456e-01,7.485443013045085456e-04,0.000000000000000000e+00,4.881793618512981681e+01,1.871756263805298470e+00
6.027269151728874567e+04,9.998814504032509376e-01,7.484448225972821934e-04,0.000000000000000000e+00,4.881512942596238247e+01,1.875823832439420302e+00
6.027269197793593048e+04,9.986940482427451027e-01,7.484419921655472829e-04,0.000000000000000000e+00,4.881356261607502489e+01,1.877198398320996331e+00
6.027269243858310801e+04,9.991827340933674417e-01,7.490811244613766089e-04,0.000000000000000000e+00,4.880729154137692660e+01,1.873024396613966136e+00
6.027269289923029282e+04,9.991136761238211816e-01,7.484451646071707022e-04,0.000000000000000000e+00,4.881751094991663820e+01,1.872494609655543929e+00
6.027269335987747036e+04,9.980704291325375177e-01,7.484408802176944781e-04,0.000000000000000000e+00,4.881625063447837221e+01,1.871389836353906544e+00
6.027269382052465517e+04,9.996911628431320862e-01,7.484439883713834380e-04,0.000000000000000000e+00,4.881290049290785760e+01,1.873797356477640008e+00
6.027269428117183270e+04,9.987340589823868742e-01,7.484407326499293960e-04,0.000000000000000000e+00,4.881000460132905516e+01,1.875313569644515566e+00
6.027269474181901023e+04,1.000388329273827370e+00,7.484489433685892739e-04,0.000000000000000000e+00,4.881016522534248736e+01,1.876753435155661176e+00
6.027269520246619504e+04,9.991879436405509685e-01,7.484419679406026414e-04,0.000000000000000000e+00,4.881593459728368600e+01,1.873136510170078761e+00
6.027269566311337258e+04,9.992842730507955906e-01,7.484453535388778953e-04,0.000000000000000000e+00,4.881896046661168498e+01,1.873051061296729269e+00
6.027269612376055738e+04,9.990266801067926306e-01,7.484410161081760712e-04,0.000000000000000000e+00,4.881236861196978083e+01,1.871673861673318839e+00
6.027269658440773492e+04,1.000065703925227645e+00,7.484477449488519119e-04,0.000000000000000000e+00,4.881471185047379890e+01,1.872777114703273460e+00
6.027269704505491973e+04,9.996587495225331965e-01,7.484451743069688500e-04,0.000000000000000000e+00,4.881751979470416813e+01,1.874071328097646427e+00
6.027269750570209726e+04,9.979943712338384953e-01,7.484415308208182621e-04,0.000000000000000000e+00,4.881572030499496861e+01,1.872979761763724715e+00
6.027269796634927479e+04,9.990904086421741326e-01,7.484446458401045055e-04,0.000000000000000000e+00,4.882280244508224598e+01,1.873039343650140687e+00
6.027269842699645960e+04,1.000355675053580917e+00,7.484467347304034129e-04,0.000000000000000000e+00,4.882211524303748007e+01,1.875075724340935723e+00
6.027269888764363714e+04,1.000759969269942040e+00,7.485292209876099950e-04,0.000000000000000000e+00,4.882559662235119902e+01,1.874152865833573989e+00
6.027269934829081467e+04,1.000275022525500157e+00,7.484489061458194856e-04,0.000000000000000000e+00,4.881859614138887338e+01,1.872226465026634035e+00
6.027269980893799948e+04,9.980783485274709044e-01,7.484767493294281317e-04,0.000000000000000000e+00,4.881995359680076518e+01,1.876522003032790042e+00
6.027270026958517701e+04,9.996681433692873320e-01,7.484431241940182455e-04,0.000000000000000000e+00,4.882118577072208154e+01,1.875015270180826699e+00
6.027270073023235454e+04,9.982605034170015657e-01,7.484378571112526492e-04,0.000000000000000000e+00,4.881947838478161117e+01,1.873253460172559226e+00
6.027270119087952480e+04,9.989084951402754653e-01,7.484442493801879599e-04,0.000000000000000000e+00,4.882235241164858053e+01,1.874122575258817536e+00
6.027270165152670961e+04,9.990087755105343525e-01,7.484449232686224895e-04,0.000000000000000000e+00,4.882688570386018512e+01,1.871364624066150562e+00
6.027270211217388714e+04,9.979425069991120223e-01,7.484358580625262913e-04,0.000000000000000000e+00,4.882757629478344086e+01,1.873582445208998859e+00
6.027270257282105740e+04,9.982236819903197445e-01,7.484419023335250366e-04,0.000000000000000000e+00,4.881965614837345413e+01,1.872484282880994666e+00
6.027270303346823493e+04,9.996628185956899504e-01,7.485211362106297282e-04,0.000000000000000000e+00,4.881737474402500254e+01,1.873105248715654314e+00
6.027270349411541974e+04,9.985094512296019964e-01,7.485152254706320179e-04,0.000000000000000000e+00,4.882204243354409101e+01,1.873377315563874657e+00
6.027270395476259728e+04,9.996220757085221287e-01,7.485191726451054673e-04,0.000000000000000000e+00,4.881772485697841546e+01,1.875875080402180428e+00
6.027270441540977481e+04,1.000008623559187626e+00,7.485193354295630389e-04,0.000000000000000000e+00,4.882108928811726400e+01,1.872468701932056279e+00
6.027270487605695234e+04,9.979846056156521650e-01,7.485151154192929909e-04,0.000000000000000000e+00,4.881909637387747836e+01,1.874106503603152785e+00
6.027270533670413715e+04,9.997524493483290753e-01,7.485216360006437903e-04,0.000000000000000000e+00,4.881777032414213835e+01,1.872410900728036065e+00
6.027270579735131469e+04,9.994217756150233223e-01,7.485213546709209263e-04,0.000000000000000000e+00,4.881463194819986740e+01,1.874383063818859441e+00
6.027270625799849222e+04,1.000105075193953308e+00,7.491295064232652645e-04,0.000000000000000000e+00,4.882286708275333353e+01,1.872364324791973456e+00
6.027270671864566975e+04,1.000537612096328299e+00,7.503682563782486641e-04,0.000000000000000000e+00,4.882116790492169400e+01,1.874405752731778785e+00
6.027270717929284729e+04,9.998050519733793218e-01,7.485191177495608686e-04,0.000000000000000000e+00,4.881690181653392102e+01,1.873748249264947763e+00
6.027270763994002482e+04,9.998872910015671467e-01,7.485205034023780738e-04,0.000000000000000000e+00,4.882176450118351596e+01,1.874655041776100761e+00
6.027270810058720235e+04,9.996493816986404823e-01,7.485201297890781624e-04,0.000000000000000000e+00,4.881199104882310991e+01,1.873661989319873600e+00
6.027270856123437989e+04,9.978396714163708658e-01,7.485152170550470573e-04,0.000000000000000000e+00,4.880548527466659436e+01,1.874065887559251076e+00
6.027270902188156469e+04,9.983176907723823046e-01,7.485153863443771158e-04,0.000000000000000000e+00,4.881309915301002889e+01,1.873070764101346208e+00
6.027270948252874223e+04,1.000911263016831976e+00,7.485254567561774701e-04,0.000000000000000000e+00,4.881509581921170593e+01,1.874360816229056592e+00
6.027270994317591976e+04,9.989851731464489681e-01,7.485206725484746170e-04,0.000000000000000000e+00,4.881379088558258417e+01,1.871278040914398533e+00
6.027271040382309729e+04,9.979731473758512994e-01,7.485146838177988635e-04,0.000000000000000000e+00,4.881458171901243759e+01,1.875102035868224881e+00
6.027271086447027483e+04,9.987485348064775170e-01,7.485142139750485457e-04,0.000000000000000000e+00,4.881683921536969706e+01,1.876009026404473978e+00
6.027271132511745236e+04,9.984597404444710556e-01,7.485148382820383311e-04,0.000000000000000000e+00,4.882626717407983108e+01,1.873903399721727814e+00
6.027271178576462989e+04,9.997061817006409612e-01,7.485209194872691164e-04,0.000000000000000000e+00,4.882015909946267129e+01,1.872205242888009602e+00
6.027271224641180743e+04,1.000596222051799211e+00,7.485223615948863578e-04,0.000000000000000000e+00,4.882007611300782202e+01,1.874970771562088911e+00
6.027271270705898496e+04,1.000878364983856850e+00,7.485259466153475162e-04,0.000000000000000000e+00,4.881679840500687106e+01,1.873934904648196120e+00
6.027271316770616249e+04,9.999618309899030999e-01,7.485231122777757972e-04,0.000000000000000000e+00,4.881764262938526144e+01,1.873007877272433008e+00
6.027271362835334003e+04,1.001013025400102174e+00,7.485232244607981089e-04,0.000000000000000000e+00,4.882375202937342351e+01,1.875951728973718202e+00
6.027271408900051756e+04,9.985117258233393578e-01,7.485130335197431005e-04,0.000000000000000000e+00,4.881917523792513691e+01,1.872974300551126792e+00
6.027271454964769509e+04,1.000013405779538456e+00,7.485221115821156720e-04,0.000000000000000000e+00,4.881215274719784958e+01,1.874307333494814154e+00
6.027271501029487263e+04,1.000646624756472702e+00,7.485232662793164836e-04,0.000000000000000000e+00,4.881963257472165196e+01,1.878950569012956207e+00
6.027271547094205016e+04,9.998018096601559712e-01,7.485220678980798997e-04,0.000000000000000000e+00,4.882047183076201691e+01,1.873277618591088656e+00
6.027271593158921314e+04,9.984294136002237474e-01,7.487223224949654705e-04,0.000000000000000000e+00,4.881732857668657033e+01,1.873255287648091238e+00
6.027271639223639067e+04,9.989196840087034568e-01,7.485179337918820104e-04,0.000000000000000000e+00,4.882029256231930958e+01,1.873464370634370102e+00
6.027271685288356821e+04,1.000333052119501298e+00,7.485249785813821374e-04,0.000000000000000000e+00,4.881636509909004928e+01,1.872351109699776694e+00
6.027271731353074574e+04,1.000186698323558998e+00,7.485245343781250608e-04,0.000000000000000000e+00,4.880448964776445564e+01,1.876820136840886555e+00
6.027271777417791600e+04,9.998906246302536882e-01,7.485212435668624643e-04,0.000000000000000000e+00,4.881462297466937628e+01,1.872281773860051457e+00
6.027271823482509353e+04,1.000954378305285886e+00,7.485245393161899918e-04,0.000000000000000000e+00,4.881842657679545994e+01,1.872667085212605276e+00
6.027271869547227107e+04,9.983864034939650134e-01,7.485174396051183423e-04,0.000000000000000000e+00,4.881325632716605867e+01,1.874941862125777625e+00
6.027271915611944132e+04,1.000306419072409581e+00,7.488930653015518591e-04,0.000000000000000000e+00,4.881261941938373639e+01,1.873243447667508388e+00
6.027271961676661886e+04,9.983335507109309948e-01,7.485190681979771122e-04,0.000000000000000000e+00,4.880867384978940038e+01,1.872648466621530394e+00
6.027272007741379639e+04,9.999783307290348588e-01,7.485230195846907103e-04,0.000000000000000000e+00,4.881317425703743851e+01,1.872399848352674034e+00
6.027272053806097392e+04,1.000933888158463736e+00,7.485242563406661193e-04,0.000000000000000000e+00,4.882315767802658968e+01,1.873053670567374596e+00
6.027272099870815146e+04,9.967652932959317758e-01,7.485141367062443435e-04,0.000000000000000000e+00,4.881955457126368003e+01,1.872716013641743338e+00
6.027272145935532171e+04,1.000913256765872283e+00,7.485253457744885704e-04,0.000000000000000000e+00,4.882111158303789011e+01,1.871825840936688357e+00
6.027272192000249925e+04,1.000040664934335854e+00,7.485209985788335773e-04,0.000000000000000000e+00,4.882314324818105433e+01,1.873227797594510413e+00
6.027272238064967678e+04,9.982113837578321380e-01,7.485145974036772369e-04,0.000000000000000000e+00,4.881972812655183702e+01,1.871738161296532033e+00
6.027272284129685431e+04,9.994969842815659700e-01,7.485199155609267765e-04,0.000000000000000000e+00,4.881527244529799958e+01,1.871958346160258246e+00
6.027272330194402457e+04,9.999755353721494489e-01,7.485204243101965934e-04,0.000000000000000000e+00,4.881513163575964143e+01,1.870856783445715266e+00
6.027272376259120210e+04,9.982754180742878791e-01,7.485136534962954016e-04,0.000000000000000000e+00,4.881761593631851071e+01,1.873462759155364310e+00
6.027272422323837964e+04,9.976312426316602533e-01,7.485143421128212906e-04,0.000000000000000000e+00,4.882169265182869822e+01,1.872393301248463038e+00
6.027272468388555717e+04,9.999703969339458487e-01,7.485228491777255874e-04,0.000000000000000000e+00,4.881868023841362003e+01,1.873494144876861389e+00
6.027272514453272743e+04,1.000555920611827521e+00,7.485247789975767087e-04,0.000000000000000000e+00,4.881423205121118514e+01,1.872626868654088339e+00
6.027272560517990496e+04,9.999137921268069773e-01,7.485265750125842145e-04,0.000000000000000000e+00,4.881631823804067949e+01,1.872909900729733401e+00
6.027272606582708249e+04,9.995775476588316666e-01,7.485249000059282683e-04,0.000000000000000000e+00,4.881141356972079848e+01,1.871902235413324123e+00
6.027272652647425275e+04,9.989682221997786549e-01,7.485213153661850281e-04,0.000000000000000000e+00,4.882112591761028142e+01,1.873835115519194572e+00
6.027272698712143028e+04,9.982613360512890832e-01,7.485230996835557510e-04,0.000000000000000000e+00,4.881762765448885943e+01,1.872100764875871182e+00
6.027272744776860054e+04,9.982992269674464403e-01,7.485191674428347784e-04,0.000000000000000000e+00,4.881828997430469030e+01,1.873149309210828006e+00
6.027272790841577807e+04,9.988249489308520523e-01,7.485226456638929566e-04,0.000000000000000000e+00,4.881965472982425069e+01,1.873680951906461445e+00
6.027272836906295561e+04,9.997620961972777387e-01,7.485252083017506245e-04,0.000000000000000000e+00,4.881905726549415192e+01,1.873199830601849136e+00
6.027272882971012586e+04,9.991827892697636715e-01,7.485257979228111510e-04,0.000000000000000000e+00,4.881961294054939060e+01,1.874986121007953921e+00
6.027272929035730340e+04,9.980486263880916642e-01,7.485204221350370184e-04,0.000000000000000000e+00,4.881810241420141239e+01,1.873980753966640433e+00
6.027272975100447366e+04,9.982718823612186654e-01,7.485210445411708121e-04,0.000000000000000000e+00,4.882073927170800687e+01,1.872400708581601902e+00
6.027273021165165119e+04,9.987688207750375913e-01,7.485205490316310540e-04,0.000000000000000000e+00,4.881929188093333494e+01,1.872234289625060777e+00
6.027273067229881417e+04,9.982116534556980669e-01,7.496625473164612559e-04,0.000000000000000000e+00,4.881591306198311031e+01,1.873245838611892422e+00
6.027273113294599170e+04,9.992079134355094094e-01,7.485240988736352767e-04,0.000000000000000000e+00,4.881631865263052816e+01,1.874269855019294884e+00
6.027273159359316924e+04,9.988795975091830925e-01,7.485231040571961982e-04,0.000000000000000000e+00,4.882263137268533626e+01,1.873425357468990748e+00
6.027273205424033949e+04,9.986210185682145024e-01,7.485197358832127714e-04,0.000000000000000000e+00,4.882477730748653499e+01,1.873821455992435991e+00
6.027273251488750975e+04,1.000822569394622219e+00,7.501391382847758102e-04,0.000000000000000000e+00,4.881585487820962044e+01,1.873523850894800225e+00
6.027273297553468001e+04,9.995402633876973031e-01,7.485253348012141979e-04,0.000000000000000000e+00,4.882116138201320155e+01,1.871003291196126073e+00
6.027273343618185027e+04,9.986513738272189133e-01,7.485210707137983539e-04,0.000000000000000000e+00,4.881465874785368442e+01,1.875387086802800196e+00
6.027273389682902780e+04,9.997635120059402691e-01,7.485261012214335877e-04,0.000000000000000000e+00,4.882161817872099618e+01,1.874979681219276273e+00
6.027273435747619806e+04,1.000260613924867537e+00,7.485263218772454609e-04,0.000000000000000000e+00,4.882383375469657949e+01,1.877396458865393747e+00
6.027273481812337559e+04,9.994373207123000702e-01,7.485244347714650097e-04,0.000000000000000000e+00,4.882648798174457028e+01,1.873862899953251171e+00
6.027273527877054585e+04,9.979686670047859254e-01,7.485192684264878587e-04,0.000000000000000000e+00,4.882939931081085660e+01,1.873564886133510354e+00
6.027273573941772338e+04,9.993032614942858327e-01,7.485210259747090760e-04,0.000000000000000000e+00,4.882815370309759118e+01,1.873997371256431066e+00
6.027273620006489364e+04,9.996278956225862489e-01,7.485374990101305998e-04,0.000000000000000000e+00,4.882621379695875419e+01,1.872663873109289057e+00
6.027273666071206389e+04,9.995517601132494212e-01,7.485237524109087130e-04,0.000000000000000000e+00,4.881776009670043948e+01,1.873833630266319217e+00
6.027273712135924143e+04,9.993112334613942771e-01,7.485258155966418659e-04,0.000000000000000000e+00,4.881948122380886446e+01,1.874542926404986876e+00
6.027273758200641169e+04,9.990114349452761111e-01,7.485222516079449284e-04,0.000000000000000000e+00,4.882903326196768035e+01,1.871328444394547263e+00
6.027273804265358922e+04,1.001201231975135997e+00,7.485302219302270889e-04,0.000000000000000000e+00,4.881896246777695580e+01,1.874852038026699086e+00
6.027273850330075948e+04,9.987518571080018503e-01,7.486936063158366583e-04,0.000000000000000000e+00,4.881280111506029584e+01,1.871583820540980936e+00
6.027273896394792973e+04,9.994023872209036874e-01,7.485217111352256147e-04,0.000000000000000000e+00,4.882178756913502582e+01,1.873965331877724738e+00
6.027273942459510727e+04,9.997711248632983327e-01,7.485259346293716108e-04,0.000000000000000000e+00,4.881553073268953113e+01,1.874235907722470396e+00
6.027273988524227752e+04,1.000647471687671208e+00,7.485308663407108307e-04,0.000000000000000000e+00,4.881041792323581063e+01,1.874122542992292306e+00
6.027274034588944778e+04,9.992585217992562274e-01,7.485259909435678640e-04,0.000000000000000000e+00,4.881446642886558607e+01,1.876483085156879671e+00
6.027274080653661804e+04,1.000717273020556464e+00,7.485301613737535163e-04,0.000000000000000000e+00,4.881595499795928106e+01,1.870996770809344234e+00
6.027274126718379557e+04,1.000199609850212612e+00,7.485279605990749182e-04,0.000000000000000000e+00,4.881486808124891041e+01,1.872410086634370918e+00
6.027274172783096583e+04,9.988032799408553819e-01,7.485232427493200644e-04,0.000000000000000000e+00,4.881278589757582154e+01,1.874783436156163496e+00
6.027274218847813609e+04,1.000532226721175810e+00,7.485300719000805795e-04,0.000000000000000000e+00,4.881544153194415969e+01,1.872000290950450507e+00
6.027274264912531362e+04,1.000593162347580778e+00,7.485270756053110991e-04,0.000000000000000000e+00,4.881859115865511711e+01,1.873765250495842638e+00
6.027274310977248388e+04,9.987495311455543145e-01,7.485191807772324920e-04,0.000000000000000000e+00,4.882905694127914131e+01,1.874940327253885153e+00
6.027274357041965413e+04,9.995540496213025650e-01,7.485246269762131123e-04,0.000000000000000000e+00,4.882559252751745760e+01,1.873033784753504793e+00
6.027274403106682439e+04,9.995916274526138734e-01,7.485250029973047631e-04,0.000000000000000000e+00,4.882542281802128770e+01,1.871154113164372523e+00
6.027274449171399465e+04,9.969439719153033730e-01,7.526006640502024914e-04,0.000000000000000000e+00,4.882649271319783679e+01,1.878603603516005860e+00
6.027274495236117218e+04,9.998306191983192814e-01,7.485282165702116745e-04,0.000000000000000000e+00,4.881711591063994149e+01,1.873928265935121962e+00
6.027274541300833516e+04,9.997249727844315093e-01,7.485249155878318742e-04,0.000000000000000000e+00,4.881593350797918163e+01,1.876375986597057732e+00
6.027274587365550542e+04,9.979733770327654518e-01,7.485189319853669107e-04,0.000000000000000000e+00,4.881313525911497919e+01,1.872048485086008185e+00
6.027274633430267568e+04,9.994809095457212189e-01,7.485254424037901359e-04,0.000000000000000000e+00,4.881050422553754231e+01,1.873642557057783486e+00
6.027274679494984593e+04,1.000510452027922881e+00,7.485255447823313275e-04,0.000000000000000000e+00,4.881494311505135641e+01,1.873728326524773502e+00
6.027274725559700892e+04,9.994585637841263415e-01,7.485391272046776692e-04,0.000000000000000000e+00,4.882102019216404187e+01,1.873150248169810128e+00
6.027274771624417917e+04,9.998126110295959545e-01,7.485251884140588707e-04,0.000000000000000000e+00,4.881934678154159712e+01,1.874167982071899052e+00
6.027274817689135671e+04,9.986016673852297076e-01,7.474552749564537151e-04,0.000000000000000000e+00,4.881697981207427262e+01,1.872863639832011540e+00
6.027274863753852696e+04,9.971530170031029927e-01,7.474493363772830891e-04,0.000000000000000000e+00,4.882080327545119047e+01,1.873537726193951203e+00
6.027274909818569722e+04,9.984373882617176843e-01,7.474543472410782744e-04,0.000000000000000000e+00,4.881544031370298597e+01,1.876312169972209620e+00
6.027274955883286748e+04,1.000124356852865271e+00,7.474593573444810596e-04,0.000000000000000000e+00,4.881883955520861207e+01,1.872754691599202603e+00
6.027275001948003774e+04,9.998146345306532234e-01,7.474575410638326090e-04,0.000000000000000000e+00,4.881426584550361980e+01,1.873565269979397208e+00
6.027275048012720799e+04,9.996827569271654612e-01,7.474573442954684198e-04,0.000000000000000000e+00,4.882304221593227567e+01,1.873230307380922222e+00
6.027275094077437825e+04,9.979802648998906678e-01,7.474507563735367007e-04,0.000000000000000000e+00,4.883054033234026292e+01,1.873553835867096673e+00
6.027275140142154851e+04,1.000020348747400423e+00,7.474579007959874805e-04,0.000000000000000000e+00,4.882528114981070644e+01,1.871587751432267410e+00
6.027275186206871876e+04,9.980436524333491377e-01,7.474511113281287868e-04,0.000000000000000000e+00,4.883060608246909595e+01,1.871366719952612945e+00
6.027275232271588902e+04,9.987070849420660590e-01,7.474566862520681592e-04,0.000000000000000000e+00,4.881902176079037758e+01,1.872825962253473975e+00
6.027275278336305928e+04,9.990905871050547171e-01,7.474568666798574049e-04,0.000000000000000000e+00,4.881146600240073496e+01,1.872335944319179601e+00
6.027275324401022954e+04,9.966565645349773073e-01,7.474572619297520674e-04,0.000000000000000000e+00,4.881532686858361103e+01,1.873255043268292175e+00
6.027275370465739979e+04,9.979517613958883704e-01,7.474512805437665995e-04,0.000000000000000000e+00,4.881461129649107988e+01,1.873409714765791101e+00
6.027275416530457005e+04,9.986594007589274513e-01,7.474543282399929555e-04,0.000000000000000000e+00,4.881306196630887229e+01,1.875543934007710245e+00
6.027275462595174031e+04,9.954950687394402697e-01,7.474438268109115987e-04,0.000000000000000000e+00,4.881474936304616108e+01,1.873628765628932102e+00
6.027275508659891057e+04,9.936040239298682408e-01,7.474323344568735688e-04,0.000000000000000000e+00,4.881933832236394721e+01,1.872878894966963248e+00
6.027275554724608082e+04,9.920566511251650565e-01,7.482803949521360303e-04,0.000000000000000000e+00,4.881714935776850695e+01,1.870439235799858269e+00
6.027275600789324380e+04,9.943360490161400334e-01,7.474257005612195163e-04,0.000000000000000000e+00,4.881349638537564317e+01,1.874396309156942442e+00
6.027275646854041406e+04,9.909996495725778010e-01,7.474275849372204574e-04,0.000000000000000000e+00,4.882548635505167312e+01,1.872564876943744405e+00
6.027275692918758432e+04,9.914819498558026245e-01,7.474289271476813965e-04,0.000000000000000000e+00,4.881960941292784639e+01,1.873562991485054230e+00
6.027275738983475458e+04,9.936626036473559243e-01,7.474365914691454482e-04,0.000000000000000000e+00,4.881280716318735813e+01,1.875752081334312704e+00
6.027275785048192483e+04,9.908589388057207348e-01,7.474236421617773017e-04,0.000000000000000000e+00,4.882583709721899368e+01,1.871110566706618572e+00
6.027275831112909509e+04,9.924838323932663187e-01,7.474317391770766506e-04,0.000000000000000000e+00,4.882214140034524519e+01,1.870818541207201813e+00
6.027275877177626535e+04,9.919058481735218979e-01,7.474270665657935112e-04,0.000000000000000000e+00,4.882527200232159004e+01,1.873903875897027005e+00
6.027275923242342833e+04,9.917679430758659098e-01,7.474302054912005441e-04,0.000000000000000000e+00,4.881720557241226999e+01,1.873079247988556295e+00
6.027275969307059859e+04,9.930786135312668073e-01,7.474374504603231153e-04,0.000000000000000000e+00,4.881722948971503229e+01,1.873311235743563286e+00
6.027276015371776884e+04,9.922844161069627189e-01,7.474294481597310892e-04,0.000000000000000000e+00,4.882109142059169926e+01,1.872583417280215157e+00
6.027276061436493183e+04,9.918133646494681210e-01,7.474291402807438107e-04,0.000000000000000000e+00,4.881950257245355118e+01,1.870960259831032646e+00
6.027276107501210208e+04,9.928827268801470041e-01,7.474324760079310110e-04,0.000000000000000000e+00,4.881264043429469268e+01,1.874192720782815513e+00
6.027276153565926506e+04,9.920817867244461352e-01,7.474278648071981277e-04,0.000000000000000000e+00,4.881836842347277639e+01,1.875011192778804014e+00
6.027276199630643532e+04,9.917744391789825587e-01,7.474269798262878507e-04,0.000000000000000000e+00,4.882033920393765669e+01,1.875211365655742979e+00
6.027276245695359830e+04,9.906154736950296691e-01,7.474205664103313398e-04,0.000000000000000000e+00,4.881719373275934970e+01,1.869571396463197255e+00
6.027276291760076856e+04,9.912972266735530225e-01,7.474251327033264300e-04,0.000000000000000000e+00,4.882334463606441943e+01,1.874028621916203008e+00
6.027276337824793154e+04,9.935704131775338066e-01,7.474337610186006058e-04,0.000000000000000000e+00,4.882083960355203089e+01,1.872417060958990076e+00
6.027276383889510180e+04,9.925974594084214786e-01,7.474285301746595592e-04,0.000000000000000000e+00,4.882255468407947774e+01,1.874130641618783955e+00
6.027276429954227206e+04,9.930576791524645675e-01,7.474325095344070942e-04,0.000000000000000000e+00,4.882036042482129545e+01,1.874074349331936284e+00
6.027276476018944231e+04,9.926147865918473201e-01,7.474303404415231621e-04,0.000000000000000000e+00,4.881979948698979399e+01,1.873846108834363200e+00
6.027276522083660529e+04,9.919938408523556461e-01,7.474283375753320137e-04,0.000000000000000000e+00,4.881884832792307094e+01,1.874956655212587364e+00
6.027276568148377555e+04,9.913728121445500863e-01,7.474274386616634692e-04,0.000000000000000000e+00,4.882014058391446554e+01,1.870996329658874968e+00
6.027276614213093853e+04,9.935332177004932985e-01,7.474336330909116559e-04,0.000000000000000000e+00,4.882213681935982663e+01,1.872101363864102197e+00
6.027276660277810879e+04,9.929617794333654990e-01,7.474343194725351774e-04,0.000000000000000000e+00,4.882343639783468348e+01,1.873374287204228272e+00
6.027276706342527905e+04,9.921713568351554491e-01,7.474309111783557398e-04,0.000000000000000000e+00,4.881925929763745131e+01,1.871169995019537291e+00
6.027276752407244203e+04,9.917602998198097319e-01,7.474272598712503306e-04,0.000000000000000000e+00,4.881854375772125820e+01,1.874171774651011813e+00
6.027276798471961229e+04,9.934781105054042438e-01,7.474328681815701689e-04,0.000000000000000000e+00,4.882039305446262745e+01,1.874034708893895784e+00
6.027276844536678254e+04,9.922377766572734181e-01,7.474281218930620098e-04,0.000000000000000000e+00,4.881592353267319595e+01,1.876010201449284098e+00
6.027276890601394553e+04,9.919831587960762365e-01,7.474300002182979186e-04,0.000000000000000000e+00,4.881825506752183230e+01,1.874023370066289162e+00
6.027276936666111578e+04,9.922261211051341956e-01,7.474281650471611190e-04,0.000000000000000000e+00,4.881576561040346007e+01,1.874344268298777871e+00
6.027276982730827876e+04,9.917176707009680570e-01,7.474302950392732771e-04,0.000000000000000000e+00,4.882154604680096099e+01,1.873120918979314098e+00
6.027277028795544902e+04,9.918597577771371965e-01,7.474287204723079666e-04,0.000000000000000000e+00,4.881553044799882457e+01,1.874313451466588454e+00
6.027277074860261200e+04,9.921374330876585601e-01,7.481395674958872923e-04,0.000000000000000000e+00,4.881810706226636398e+01,1.873140570010096262e+00
6.027277120924978226e+04,9.915852770068134259e-01,7.481356111901511481e-04,0.000000000000000000e+00,4.882604989193093559e+01,1.871391541102439771e+00
6.027277166989694524e+04,9.917503824124571654e-01,7.481400542267362770e-04,0.000000000000000000e+00,4.881731432050711561e+01,1.872939095704162282e+00
6.027277213054411550e+04,9.921171157764863135e-01,7.481390608103582552e-04,0.000000000000000000e+00,4.881526424946753195e+01,1.873678978083357594e+00
6.027277259119127848e+04,9.926323688814044921e-01,7.481416485425433638e-04,0.000000000000000000e+00,4.882017723550649890e+01,1.873004100912272651e+00
6.027277305183844874e+04,9.928669528981075576e-01,7.481395353063390648e-04,0.000000000000000000e+00,4.882507443599857311e+01,1.874896464786238282e+00
6.027277351248561172e+04,9.906729925698979367e-01,7.481362670634104971e-04,0.000000000000000000e+00,4.882449834897103358e+01,1.872613782238162106e+00
6.027277397313278198e+04,9.919809961011178956e-01,7.481388845500541599e-04,0.000000000000000000e+00,4.882487551849852281e+01,1.873314552459651283e+00
6.027277443377994496e+04,9.926729579529591785e-01,7.481413753912683276e-04,0.000000000000000000e+00,4.882387002272912468e+01,1.874546349625194397e+00
6.027277489442711521e+04,9.911315089394016065e-01,7.481348066525805775e-04,0.000000000000000000e+00,4.882274233330797131e+01,1.871016065346183810e+00
6.027277535507427092e+04,9.917509366580001817e-01,7.481375081119913482e-04,0.000000000000000000e+00,4.882190512838006669e+01,1.871829357361881385e+00
6.027277581572144118e+04,9.912722345159803439e-01,7.481401736350487249e-04,0.000000000000000000e+00,4.882181612037793172e+01,1.871149327980436983e+00
6.027277627636860416e+04,9.922360234780843724e-01,7.481398564794248043e-04,0.000000000000000000e+00,4.881570514873360622e+01,1.869846015980888065e+00
6.027277673701576714e+04,9.922219997182400997e-01,7.481397269690525428e-04,0.000000000000000000e+00,4.881415312222193137e+01,1.871195734080821627e+00
6.027277719766293012e+04,9.950245297765469843e-01,7.481509915007075436e-04,0.000000000000000000e+00,4.882077726075726787e+01,1.872381168772383697e+00
6.027277765831009310e+04,9.966231348583380889e-01,7.481598506869786272e-04,0.000000000000000000e+00,4.881676361109936124e+01,1.873777326014085531e+00
6.027277811895725608e+04,9.985182883905717732e-01,7.481657234388964248e-04,0.000000000000000000e+00,4.881535084686348114e+01,1.871397475474886773e+00
6.027277857960442634e+04,9.990477838156194279e-01,7.481689079905539568e-04,0.000000000000000000e+00,4.881996879077317431e+01,1.873008105857971284e+00
6.027277904025158932e+04,9.965138401208791796e-01,7.481674117974473730e-04,0.000000000000000000e+00,4.882680837936869267e+01,1.875191495293686561e+00
6.027277950089875230e+04,9.981530847092174863e-01,7.481653538934352442e-04,0.000000000000000000e+00,4.882376911304692158e+01,1.872075356967768611e+00
6.027277996154592256e+04,9.995222478358326557e-01,7.481666984516788504e-04,0.000000000000000000e+00,4.882322950877679091e+01,1.873253198355011806e+00
6.027278042219308554e+04,9.985958484501633592e-01,7.481642709003417111e-04,0.000000000000000000e+00,4.882307592813293695e+01,1.870317201544436259e+00
6.027278088284024852e+04,9.980526213546787595e-01,7.481625989065032994e-04,0.000000000000000000e+00,4.882503071526434724e+01,1.871202912818809239e+00
6.027278134348741878e+04,1.000631655272407494e+00,7.481710155963720160e-04,0.000000000000000000e+00,4.881893985155199545e+01,1.874647890564432151e+00
6.027278180413458176e+04,9.976972480392176656e-01,7.483962597566302900e-04,0.000000000000000000e+00,4.882145869980134734e+01,1.874564717832073901e+00
6.027278226478174474e+04,9.991322375808748824e-01,7.481637646179334616e-04,0.000000000000000000e+00,4.882689727670928193e+01,1.873806898823640710e+00
6.027278272542890772e+04,9.993863202501427345e-01,7.481706088535873805e-04,0.000000000000000000e+00,4.882743366319493816e+01,1.871594434891831193e+00
6.027278318607607798e+04,9.986743572668268509e-01,7.481662091088896877e-04,0.000000000000000000e+00,4.882106229556929833e+01,1.874408667493823399e+00
6.027278364672324096e+04,9.995088448201873144e-01,7.481698118794277534e-04,0.000000000000000000e+00,4.882415015516964019e+01,1.874281465183876172e+00
6.027278410737040394e+04,9.992892823941738056e-01,7.481667903542139116e-04,0.000000000000000000e+00,4.882239921714567288e+01,1.872781423283956581e+00
6.027278456801756693e+04,1.000583288344115918e+00,7.481714418170211768e-04,0.000000000000000000e+00,4.882060028065566115e+01,1.871995335907874702e+00
6.027278502866472991e+04,9.982769737005598998e-01,7.481646653733551016e-04,0.000000000000000000e+00,4.881901711916823672e+01,1.870009816968642102e+00
6.027278548931189289e+04,9.986339413559500722e-01,7.481651475394499127e-04,0.000000000000000000e+00,4.882853486671096732e+01,1.872495427745514140e+00
6.027278594995906315e+04,9.991139253180957303e-01,7.481658304006995547e-04,0.000000000000000000e+00,4.882586981095946044e+01,1.872228683770466251e+00
6.027278641060622613e+04,9.977876684996164203e-01,7.481589770058846844e-04,0.000000000000000000e+00,4.882471758874957146e+01,1.874000028522220918e+00
6.027278687125338911e+04,1.000468059978087298e+00,7.481711033079154480e-04,0.000000000000000000e+00,4.882469730308329758e+01,1.871835360202212861e+00
6.027278733190055209e+04,9.998645912107226863e-01,7.481706034893579205e-04,0.000000000000000000e+00,4.881587882652860344e+01,1.871436874193713518e+00
6.027278779254771507e+04,9.990533848891621771e-01,7.481660615400501611e-04,0.000000000000000000e+00,4.881460908867011028e+01,1.872404242869808222e+00
6.027278825319487805e+04,9.996041224328622299e-01,7.481709777433688405e-04,0.000000000000000000e+00,4.882587065755917877e+01,1.872912532278957265e+00
6.027278871384204103e+04,9.998155922092719639e-01,7.481686118849104799e-04,0.000000000000000000e+00,4.882519049021516366e+01,1.872766043886111786e+00
6.027278917448920402e+04,1.000834685442939742e+00,7.481722935392430074e-04,0.000000000000000000e+00,4.882072713259943697e+01,1.874781046624615533e+00
6.027278963513636700e+04,9.996136986475957498e-01,7.481650225301655216e-04,0.000000000000000000e+00,4.882170998098622761e+01,1.875199475943559069e+00
6.027279009578352998e+04,9.984182175341498322e-01,7.481619413512299388e-04,0.000000000000000000e+00,4.882053960556052630e+01,1.873182571690107601e+00
6.027279055643069296e+04,9.991983441421772305e-01,7.481671747826845222e-04,0.000000000000000000e+00,4.881483940047289849e+01,1.874981749793318109e+00
6.027279101707785594e+04,1.000274272341183712e+00,7.481698201139733943e-04,0.000000000000000000e+00,4.881557625491416985e+01,1.872470785253882219e+00
6.027279147772501892e+04,9.998967136463059457e-01,7.481713046853555619e-04,0.000000000000000000e+00,4.881722287748269906e+01,1.873486376722197644e+00
6.027279193837217463e+04,1.000445020117668671e+00,7.481715596640251421e-04,0.000000000000000000e+00,4.881545763979906383e+01,1.872787003935571182e+00
6.027279239901933761e+04,9.989032435950012667e-01,7.481657897685287497e-04,0.000000000000000000e+00,4.881490328109675403e+01,1.873213438072467207e+00
6.027279285966650059e+04,9.981960803550647965e-01,7.481629989308950573e-04,0.000000000000000000e+00,4.881819601690380495e+01,1.872961254875592063e+00
6.027279332031366357e+04,9.995809840123676127e-01,7.486303569722217678e-04,0.000000000000000000e+00,4.881862496174127841e+01,1.872360039306876667e+00
6.027279378096082655e+04,9.985291649026197813e-01,7.486277902954667366e-04,0.000000000000000000e+00,4.881635363916483783e+01,1.873002536871414492e+00
6.027279424160798226e+04,1.000706297211372497e+00,7.486336346984184559e-04,0.000000000000000000e+00,4.882205764405006931e+01,1.874642429877587890e+00
6.027279470225514524e+04,9.986817155854376127e-01,7.486302948252599289e-04,0.000000000000000000e+00,4.882438924398063307e+01,1.872421357989810797e+00
6.027279516290230822e+04,9.979547666241046500e-01,7.486249180176456595e-04,0.000000000000000000e+00,4.882714641244599107e+01,1.872032845421946368e+00
6.027279562354947120e+04,9.994819264821470650e-01,7.498520501432662374e-04,0.000000000000000000e+00,4.882714703150923441e+01,1.874427445261250824e+00
6.027279608419663418e+04,9.988784056515253029e-01,7.486256507566085893e-04,0.000000000000000000e+00,4.882750579214727793e+01,1.871669092497443510e+00
6.027279654484379716e+04,9.996409220081456937e-01,7.486331306235132670e-04,0.000000000000000000e+00,4.882470156426651897e+01,1.876067371912644832e+00
6.027279700549096015e+04,9.982772558537771346e-01,7.486274731384734687e-04,0.000000000000000000e+00,4.881574046538848677e+01,1.871071509605975347e+00
6.027279746613812313e+04,9.986890763853303321e-01,7.486289275116871263e-04,0.000000000000000000e+00,4.881196943802713406e+01,1.871611612570415639e+00
6.027279792678528611e+04,9.997064098868455595e-01,7.488036906879385170e-04,0.000000000000000000e+00,4.881932948766143454e+01,1.874096054856234650e+00
6.027279838743244181e+04,9.979299020806134957e-01,7.486271402172386177e-04,0.000000000000000000e+00,4.881438258237830752e+01,1.872764136063570950e+00
6.027279884807960480e+04,1.000148140640483740e+00,7.486332787652953116e-04,0.000000000000000000e+00,4.881404721945268221e+01,1.872236857408309474e+00
6.027279930872676778e+04,1.000339806461078007e+00,7.486368031308345211e-04,0.000000000000000000e+00,4.882140589462776603e+01,1.877054139881438433e+00
6.027279976937393076e+04,9.985858608299694739e-01,7.488197097546996344e-04,0.000000000000000000e+00,4.881887582899178568e+01,1.873224628873189745e+00
6.027280023002109374e+04,9.993356278989123931e-01,7.486319703463497482e-04,0.000000000000000000e+00,4.881810088191010522e+01,1.872819242460486144e+00
6.027280069066825672e+04,9.996278458076885975e-01,7.486325693135003657e-04,0.000000000000000000e+00,4.881857945250796149e+01,1.873090096131183158e+00
6.027280115131541243e+04,1.000637851446388060e+00,7.486343963322121412e-04,0.000000000000000000e+00,4.881606820640892863e+01,1.873028013090176858e+00
6.027280161196257541e+04,9.995974237584859257e-01,7.486302749660623092e-04,0.000000000000000000e+00,4.882316837158180789e+01,1.871075339283644112e+00
6.027280207260973839e+04,1.000008264549352432e+00,7.486320915796959184e-04,0.000000000000000000e+00,4.883046620437103513e+01,1.871682895501278976e+00
6.027280253325690137e+04,1.000250768840623250e+00,7.486311137481728092e-04,0.000000000000000000e+00,4.882668602463298413e+01,1.869848867333782305e+00
6.027280299390405708e+04,1.000282991692931667e+00,7.486336458044348446e-04,0.000000000000000000e+00,4.882525851994045496e+01,1.872221053030502791e+00
6.027280345455122006e+04,9.989455055637287417e-01,7.486348704400726424e-04,0.000000000000000000e+00,4.881626701196374540e+01,1.872691940386481013e+00
6.027280391519838304e+04,9.992731934425933549e-01,7.486281280834298103e-04,0.000000000000000000e+00,4.882498339287175071e+01,1.875145330518028119e+00
6.027280437584553874e+04,9.990342404072493077e-01,7.486287193343240829e-04,0.000000000000000000e+00,4.882534012380072141e+01,1.873349018427313828e+00
6.027280483649270172e+04,9.989132255756209000e-01,7.486269526556346742e-04,0.000000000000000000e+00,4.882154935200657064e+01,1.873668371506320041e+00
6.027280529713985743e+04,9.992196833155385649e-01,7.486300015745859680e-04,0.000000000000000000e+00,4.881804912586579803e+01,1.873758255670035178e+00
6.027280575778701314e+04,9.988654697600418686e-01,7.486280268460938046e-04,0.000000000000000000e+00,4.882068390543685155e+01,1.870799772020827367e+00
6.027280621843417612e+04,1.000295802656766542e+00,7.486359123674168501e-04,0.000000000000000000e+00,4.882481477649600521e+01,1.873414740803393874e+00
6.027280667908133910e+04,1.000949461373432436e+00,7.486344174888056539e-04,0.000000000000000000e+00,4.882695002522724792e+01,1.874388970541432942e+00
6.027280713972848753e+04,9.995284572991109950e-01,7.486318231096094787e-04,0.000000000000000000e+00,4.882216227787527885e+01,1.872472811361368450e+00
6.027280760037565051e+04,9.990599372570383441e-01,7.486293287150178836e-04,0.000000000000000000e+00,4.882267747548576864e+01,1.873649546889585293e+00
6.027280806102281349e+04,9.985196426878614195e-01,7.486220368672871122e-04,0.000000000000000000e+00,4.882532279097061689e+01,1.872706401978406987e+00
6.027280852166996920e+04,9.989856322165433511e-01,7.486266336858055006e-04,0.000000000000000000e+00,4.882582534639604432e+01,1.873437379401890812e+00
6.027280898231713218e+04,9.992942583461781325e-01,7.486288524383278133e-04,0.000000000000000000e+00,4.882353533354927322e+01,1.872819113783974698e+00
6.027280944296428788e+04,9.992690872515394007e-01,7.486286276872564354e-04,0.000000000000000000e+00,4.882541114805291471e+01,1.873268521412554177e+00
6.027280990361145086e+04,9.995666686386561750e-01,7.486982731039737958e-04,0.000000000000000000e+00,4.882421031274103029e+01,1.871493916866858953e+00
6.027281036425860657e+04,9.986067446188627850e-01,7.486226175627267625e-04,0.000000000000000000e+00,4.882456943393997051e+01,1.875043105943839494e+00
6.027281082490576955e+04,9.975168945182019131e-01,7.486208473239568464e-04,0.000000000000000000e+00,4.883006729058448769e+01,1.872245320107647659e+00
6.027281128555292526e+04,9.985238371946619784e-01,7.486296086007221233e-04,0.000000000000000000e+00,4.882639244844854431e+01,1.875775628079329627e+00
6.027281174620008824e+04,9.997857839765568189e-01,7.486321962893566738e-04,0.000000000000000000e+00,4.882220027654599193e+01,1.872976025525742161e+00
6.027281220684724394e+04,9.993889218079278214e-01,7.486304385852210041e-04,0.000000000000000000e+00,4.882012737174035522e+01,1.872265311027317525e+00
6.027281266749440692e+04,9.997155008463881609e-01,7.486311824877403412e-04,0.000000000000000000e+00,4.882271362067910303e+01,1.875316979792459815e+00
6.027281312814156263e+04,1.000631638402706969e+00,7.486969230174213676e-04,0.000000000000000000e+00,4.882541422490204042e+01,1.872333115405973691e+00
6.027281358878872561e+04,1.001244305063290430e+00,7.486385848446761981e-04,0.000000000000000000e+00,4.882035582241227445e+01,1.874450870618324272e+00
6.027281404943588132e+04,9.986322781766033829e-01,7.486276422932874311e-04,0.000000000000000000e+00,4.881951377756466570e+01,1.873488814703458516e+00
6.027281451008304430e+04,9.978568182742748593e-01,7.486266843651502275e-04,0.000000000000000000e+00,4.881524925143410343e+01,1.871134393682277963e+00
6.027281497073020000e+04,9.996671570702326814e-01,7.489320820218601203e-04,0.000000000000000000e+00,4.882315958105054676e+01,1.874116819215573271e+00
6.027281543137736298e+04,9.985446471165985161e-01,7.486248873386599405e-04,0.000000000000000000e+00,4.882631077259780739e+01,1.873817680715152978e+00
6.027281589202451869e+04,9.992202861671510838e-01,7.486535477903742079e-04,0.000000000000000000e+00,4.881802946326552473e+01,1.874051818849575390e+00
6.027281635267167439e+04,1.000015150270026965e+00,7.486510235163104524e-04,0.000000000000000000e+00,4.881946028784779656e+01,1.873649622895385614e+00
6.027281681331883738e+04,9.981735987114924713e-01,7.486447305741083949e-04,0.000000000000000000e+00,4.882813820368484414e+01,1.873564692865394843e+00
6.027281727396599308e+04,9.991953934975851270e-01,7.486489467865773935e-04,0.000000000000000000e+00,4.882258636081132863e+01,1.871691244195911707e+00
6.027281773461315606e+04,9.986418470071788400e-01,7.486485984697288307e-04,0.000000000000000000e+00,4.882358731762244020e+01,1.874202316012037572e+00
6.027281819526031177e+04,1.000020193687550574e+00,7.486521210655232078e-04,0.000000000000000000e+00,4.882636615983704331e+01,1.873901294290591713e+00
6.027281865590746747e+04,9.981835474539233477e-01,7.486460285973414557e-04,0.000000000000000000e+00,4.882707546480096283e+01,1.873031052322241541e+00
6.027281911655463045e+04,9.991958073841806787e-01,7.486501470080528763e-04,0.000000000000000000e+00,4.882012128368076986e+01,1.874097841676191978e+00
6.027281957720178616e+04,9.983629513976342018e-01,7.486515403695663930e-04,0.000000000000000000e+00,4.881777020495744779e+01,1.870333865245130678e+00
6.027282003784893459e+04,1.000819928783885926e+00,7.486572716041553022e-04,0.000000000000000000e+00,4.881757803337868040e+01,1.871771459819735028e+00
6.027282049849609757e+04,9.999599521076404374e-01,7.486516218254624577e-04,0.000000000000000000e+00,4.881577277438365314e+01,1.872654593250441479e+00
6.027282095914325328e+04,9.997182687738118689e-01,7.486919557158033768e-04,0.000000000000000000e+00,4.881957538125008966e+01,1.872761474891771361e+00
6.027282141979040898e+04,1.000791941616625769e+00,7.486566184052706723e-04,0.000000000000000000e+00,4.881358609384287206e+01,1.871178607134182270e+00
6.027282188043755741e+04,9.996180088735741043e-01,7.486512259477327716e-04,0.000000000000000000e+00,4.882092377727003907e+01,1.873064171456566340e+00
6.027282234108472039e+04,1.001083077847471747e+00,7.486553029781499273e-04,0.000000000000000000e+00,4.882157405954059470e+01,1.872914694406250691e+00
6.027282280173187610e+04,9.995254774175298396e-01,7.486497477411784311e-04,0.000000000000000000e+00,4.882073630090959426e+01,1.874681733975079645e+00
6.027282326237903180e+04,9.982170555240886811e-01,7.486452323603112616e-04,0.000000000000000000e+00,4.881888995030980283e+01,1.871763569221135182e+00
6.027282372302618751e+04,9.979460195474614270e-01,7.486463483842060876e-04,0.000000000000000000e+00,4.882164530234791755e+01,1.872791373837555229e+00
6.027282418367334321e+04,1.000987374784890971e+00,7.486522660766090293e-04,0.000000000000000000e+00,4.882998355428829029e+01,1.875782924251817807e+00
6.027282464432050620e+04,9.996487713111033013e-01,7.486498578771774931e-04,0.000000000000000000e+00,4.882218940476123947e+01,1.873199558285777444e+00
6.027282510496766190e+04,9.985894176300291747e-01,7.486480600038750025e-04,0.000000000000000000e+00,4.882534201359460724e+01,1.872392262555266917e+00
6.027282556561481761e+04,9.994755600087058545e-01,7.486529479497722140e-04,0.000000000000000000e+00,4.882087872962409847e+01,1.871591571685818689e+00
6.027282602626197331e+04,9.991632017423680567e-01,7.486513832186249360e-04,0.000000000000000000e+00,4.882650937231417743e+01,1.872908738461398714e+00
6.027282648690912902e+04,9.999172503174591498e-01,7.486526181111699280e-04,0.000000000000000000e+00,4.882426772860791431e+01,1.872903584212598060e+00
6.027282694755628472e+04,1.000118798776065132e+00,7.486544777185282201e-04,0.000000000000000000e+00,4.882240818133391969e+01,1.871116153878949584e+00
6.027282740820344770e+04,9.991938117169854028e-01,7.486500125821372734e-04,0.000000000000000000e+00,4.881943081064794399e+01,1.872460778557349936e+00
6.027282786885060341e+04,9.990678820524037107e-01,7.486526176629004683e-04,0.000000000000000000e+00,4.881615079777984079e+01,1.869376609092560759e+00
6.027282832949775911e+04,1.000425451061656812e+00,7.486513586731246466e-04,0.000000000000000000e+00,4.881892841164290786e+01,1.876886011531692988e+00
6.027282879014491482e+04,1.000588441320996891e+00,7.486544045001299703e-04,0.000000000000000000e+00,4.882343693138369645e+01,1.872738122563795127e+00
6.027282925079207052e+04,9.992190572804107163e-01,7.486511617485190097e-04,0.000000000000000000e+00,4.882193777582278216e+01,1.872954942914182519e+00
6.027282971143922623e+04,9.991568959812975326e-01,7.486522194366435935e-04,0.000000000000000000e+00,4.881990820281349386e+01,1.873128551868075808e+00
6.027283017208638194e+04,9.979798983622895081e-01,7.489010283294933240e-04,0.000000000000000000e+00,4.881266994615398858e+01,1.872408924949541476e+00
6.027283063273353764e+04,9.988798717770718261e-01,7.486504577068616795e-04,0.000000000000000000e+00,4.881450194458416547e+01,1.873700553557172244e+00
6.027283109338069335e+04,9.998155353194639883e-01,7.486501615730247177e-04,0.000000000000000000e+00,4.882506462167749817e+01,1.871384221817125049e+00
6.027283155402784905e+04,9.993047226414958351e-01,7.486519223747167785e-04,0.000000000000000000e+00,4.882259667131421566e+01,1.872661795237913429e+00
6.027283201467500476e+04,9.979995341419857224e-01,7.486466052100191997e-04,0.000000000000000000e+00,4.882019050537336824e+01,1.871685141898044691e+00
6.027283247532216046e+04,9.987253004926300859e-01,7.486466257030819586e-04,0.000000000000000000e+00,4.882388114115380517e+01,1.874602497846063143e+00
6.027283293596931617e+04,9.995378550797828776e-01,7.486519102974880215e-04,0.000000000000000000e+00,4.881909497320763336e+01,1.873961360444956314e+00
6.027283339661647187e+04,1.000552156635055034e+00,7.486553802133993733e-04,0.000000000000000000e+00,4.882252501514568621e+01,1.872936724723853530e+00
6.027283385726362758e+04,1.000200201775244935e+00,7.486539828847395836e-04,0.000000000000000000e+00,4.882321998289839371e+01,1.873820889014948365e+00
6.027283431791078328e+04,1.000140902913628782e+00,7.486550715158130000e-04,0.000000000000000000e+00,4.881418180381520244e+01,1.872992252132911650e+00
6.027283477855793171e+04,1.000226866780978385e+00,7.486573145131720283e-04,0.000000000000000000e+00,4.881382603890406813e+01,1.872561647582746014e+00
6.027283523920508742e+04,9.999751051177554473e-01,7.486520602485985778e-04,0.000000000000000000e+00,4.882398239503061177e+01,1.874692473726782938e+00
6.027283569985224312e+04,9.988620001962803530e-01,7.486498414817849625e-04,0.000000000000000000e+00,4.882276707014285222e+01,1.870530365943201767e+00
6.027283616049939883e+04,9.994749811515292182e-01,7.486541884602853194e-04,0.000000000000000000e+00,4.881286550339481067e+01,1.872072987948667944e+00
6.027283662114654726e+04,9.993478143638432343e-01,7.486511911083904231e-04,0.000000000000000000e+00,4.881391957975498030e+01,1.873027015950144092e+00
6.027283708179369569e+04,1.000856326167601784e+00,7.503234888528730094e-04,0.000000000000000000e+00,4.881816800649708199e+01,1.873289981779187929e+00
6.027283754244085139e+04,9.992616091560904135e-01,7.486522357150786821e-04,0.000000000000000000e+00,4.881629394064140115e+01,1.871714305988360971e+00
6.027283800308800710e+04,9.983947535509758442e-01,7.492677630327636762e-04,0.000000000000000000e+00,4.882375594014350639e+01,1.873187586801986937e+00
6.027283846373516280e+04,9.989026538309195846e-01,7.487741228282017219e-04,0.000000000000000000e+00,4.882660084806737899e+01,1.872015858460560400e+00
6.027283892438231851e+04,9.984782868384441956e-01,7.487743996008752951e-04,0.000000000000000000e+00,4.882292655918477919e+01,1.873750027981805344e+00
6.027283938502947422e+04,9.984999398045860675e-01,7.487732208551955634e-04,0.000000000000000000e+00,4.881676822825624384e+01,1.872362372181102907e+00
6.027283984567662264e+04,9.988291836429521453e-01,7.487726861304672002e-04,0.000000000000000000e+00,4.882179335450184254e+01,1.872734079540431695e+00
6.027284030632377835e+04,1.000843875631136859e+00,7.487796552493189775e-04,0.000000000000000000e+00,4.881271561448656371e+01,1.873038849498481540e+00
6.027284076697093406e+04,1.000983993191962629e+00,7.487828223266265260e-04,0.000000000000000000e+00,4.881796488708921800e+01,1.874347327633661520e+00
6.027284122761808976e+04,9.991608624676237005e-01,7.487778240143518190e-04,0.000000000000000000e+00,4.882829053043482759e+01,1.872612093699204783e+00
6.027284168826524547e+04,9.996084165931576893e-01,7.487754925534302521e-04,0.000000000000000000e+00,4.882721679974773821e+01,1.870894578750124548e+00
6.027284214891239390e+04,9.982096111798046678e-01,7.487726038181685131e-04,0.000000000000000000e+00,4.882077268653702617e+01,1.872445432579957547e+00
6.027284260955954960e+04,9.994165064573113932e-01,7.487753452521478609e-04,0.000000000000000000e+00,4.882245157549248660e+01,1.872494320970684578e+00
6.027284307020670531e+04,9.998856673881502122e-01,7.487802276588408860e-04,0.000000000000000000e+00,4.882956458413474365e+01,1.872790209724155552e+00
6.027284353085386101e+04,1.001169951294198057e+00,7.487819204576689732e-04,0.000000000000000000e+00,4.881901029943652759e+01,1.869624230573765589e+00
6.027284399150100944e+04,9.984455361543418395e-01,7.487723983114156221e-04,0.000000000000000000e+00,4.881920914555723812e+01,1.870633719880036683e+00
6.027284445214816515e+04,9.988955951402774813e-01,7.487745773214897786e-04,0.000000000000000000e+00,4.881437363959439324e+01,1.872583183114657768e+00
6.027284491279532085e+04,9.996816604563462105e-01,7.487741964494427699e-04,0.000000000000000000e+00,4.882340025355471624e+01,1.874724759998467105e+00
6.027284537344246928e+04,1.000090915721530749e+00,7.487778724730338731e-04,0.000000000000000000e+00,4.881929378808317210e+01,1.872774642398224998e+00
6.027284583408962499e+04,9.995484583481905050e-01,7.496967183349701738e-04,0.000000000000000000e+00,4.882856254585743727e+01,1.871261582093777909e+00
6.027284629473678069e+04,1.000137160690176774e+00,7.487790357916990127e-04,0.000000000000000000e+00,4.882906026357389351e+01,1.875417558919296068e+00
6.027284675538392912e+04,9.993572257807863402e-01,7.487788044765173769e-04,0.000000000000000000e+00,4.882708055280241410e+01,1.873611242733491666e+00
6.027284721603108483e+04,1.000029847933996185e+00,7.487774079505366909e-04,0.000000000000000000e+00,4.882658359662459446e+01,1.872639475565688993e+00
6.027284767667824053e+04,1.000749419127861861e+00,7.487818004368337974e-04,0.000000000000000000e+00,4.882204444815030797e+01,1.873594131245161165e+00
6.027284813732538896e+04,9.994364115392252446e-01,7.487767560773597253e-04,0.000000000000000000e+00,4.882411436470118815e+01,1.872459802275505458e+00
6.027284859797254467e+04,9.989306399797732716e-01,7.487741710681746106e-04,0.000000000000000000e+00,4.882215268759591709e+01,1.871396750246199892e+00
6.027284905861969310e+04,1.000697463159637923e+00,7.488128439230738514e-04,0.000000000000000000e+00,4.882780364488370850e+01,1.873737898276207181e+00
6.027284951926684153e+04,9.985286380389994942e-01,7.487732739962621974e-04,0.000000000000000000e+00,4.881906422920374666e+01,1.870991687381978519e+00
6.027284997991398996e+04,9.984397029270734025e-01,7.487752711535601352e-04,0.000000000000000000e+00,4.882417304005618064e+01,1.868390228614014381e+00
6.027285044056114566e+04,9.986912028058936297e-01,7.487743437931357890e-04,0.000000000000000000e+00,4.882231240861779753e+01,1.873829316902190456e+00
6.027285090120829409e+04,9.965152198832221142e-01,7.513144731221374929e-04,0.000000000000000000e+00,4.882232495051615473e+01,1.876670908432696239e+00
6.027285136185544252e+04,1.002119036355315851e+00,7.487886989572238193e-04,0.000000000000000000e+00,4.881969299214069480e+01,1.872814590522651867e+00
6.027285182250259822e+04,9.996989418041093423e-01,7.487785315432335474e-04,0.000000000000000000e+00,4.882702914464171329e+01,1.872562072628876084e+00
6.027285228314974665e+04,1.000570049906768677e+00,7.487779890719528696e-04,0.000000000000000000e+00,4.882274886995881502e+01,1.874939157689090363e+00
6.027285274379690236e+04,9.988583389588370220e-01,7.487719192043185276e-04,0.000000000000000000e+00,4.881768979136096931e+01,1.875598959103804031e+00
6.027285320444405079e+04,1.000212556018608590e+00,7.487795908001870738e-04,0.000000000000000000e+00,4.881989759419582242e+01,1.871224391768227413e+00
6.027285366509119922e+04,9.989429587029656776e-01,7.487720291885288518e-04,0.000000000000000000e+00,4.882545595867280497e+01,1.873512559090815710e+00
6.027285412573835492e+04,1.000251146659342449e+00,7.487767707126356809e-04,0.000000000000000000e+00,4.881974130199472484e+01,1.873973274341865336e+00
6.027285458638550335e+04,9.988544714493367005e-01,7.487723734003897975e-04,0.000000000000000000e+00,4.882175182567991101e+01,1.870584713752083461e+00
6.027285504703265906e+04,1.000500060472111929e+00,7.487787764086590095e-04,0.000000000000000000e+00,4.882290373636957526e+01,1.873559398590531888e+00
6.027285550767980749e+04,9.982793929986367720e-01,7.487759588802744707e-04,0.000000000000000000e+00,4.882265466035029533e+01,1.869484087460750787e+00
6.027285596832696319e+04,9.985571639692386592e-01,7.487703779474472665e-04,0.000000000000000000e+00,4.882488219746871039e+01,1.872316132052926463e+00
6.027285642897411162e+04,9.996781158512036969e-01,7.487760634410706899e-04,0.000000000000000000e+00,4.882013026004209166e+01,1.872490470359377435e+00
6.027285688962126005e+04,9.992188959619029420e-01,7.487780547114526730e-04,0.000000000000000000e+00,4.882143599549305435e+01,1.871484715087101236e+00
6.027285735026841576e+04,1.000079403787984988e+00,7.487793290615750615e-04,0.000000000000000000e+00,4.881992630373081710e+01,1.871671657570834535e+00
6.027285781091556419e+04,9.993601304209175362e-01,7.487732958282678018e-04,0.000000000000000000e+00,4.882513575760087576e+01,1.873338144059079724e+00
6.027285827156271989e+04,1.000927850956045972e+00,7.487808885868818065e-04,0.000000000000000000e+00,4.881918752319187149e+01,1.872860500383343840e+00
6.027285873220986832e+04,9.993835720083467100e-01,7.487758360402209119e-04,0.000000000000000000e+00,4.881415051277380002e+01,1.873573475710300196e+00
6.027285919285701675e+04,1.000117341501901569e+00,7.494431812960842924e-04,0.000000000000000000e+00,4.882717464271107133e+01,1.873389779153923129e+00
6.027285965350416518e+04,1.000296644860080297e+00,7.487766533531997094e-04,0.000000000000000000e+00,4.883240794976236998e+01,1.873663257462222731e+00
6.027286011415132089e+04,9.995896795690406567e-01,7.487768624251981385e-04,0.000000000000000000e+00,4.882891880441852095e+01,1.873969752278458634e+00
6.027286057479846932e+04,9.998015914015155881e-01,7.487724202955241661e-04,0.000000000000000000e+00,4.882669136943790278e+01,1.877446904692530838e+00
6.027286103544561774e+04,9.975760356346582425e-01,7.487546763559046808e-04,0.000000000000000000e+00,4.882517248030013235e+01,1.872886860001780063e+00
6.027286149609277345e+04,1.000236408299806090e+00,7.487677461667140372e-04,0.000000000000000000e+00,4.882377727873247863e+01,1.873503767028986466e+00
6.027286195673992188e+04,9.988087136713420522e-01,7.487632142500267370e-04,0.000000000000000000e+00,4.882089759650090599e+01,1.871559124258603157e+00
6.027286241738707031e+04,9.991834501912553179e-01,7.487636200830516918e-04,0.000000000000000000e+00,4.882508079085008745e+01,1.871327538682479696e+00
6.027286287803421874e+04,9.996924728390671477e-01,7.487634666371586556e-04,0.000000000000000000e+00,4.882733425744687139e+01,1.873322449936289491e+00
6.027286333868137444e+04,9.993828662771008231e-01,7.487633438819918386e-04,0.000000000000000000e+00,4.882538771473132044e+01,1.871890546342870776e+00
6.027286379932852287e+04,9.990290288565110144e-01,7.487601213538800770e-04,0.000000000000000000e+00,4.882135764904739261e+01,1.872481077754411860e+00
6.027286425997567130e+04,9.989011877242491844e-01,7.487607190251705739e-04,0.000000000000000000e+00,4.882635664947567733e+01,1.873544410092887080e+00
6.027286472062281246e+04,9.997404540720435939e-01,7.487616486053137949e-04,0.000000000000000000e+00,4.882756008820493321e+01,1.870746437018360186e+00
6.027286518126996089e+04,9.986694910075700760e-01,7.487594672966254314e-04,0.000000000000000000e+00,4.882302039467961663e+01,1.874765442562960516e+00
6.027286564191711659e+04,9.984001638257148370e-01,7.487626789379278353e-04,0.000000000000000000e+00,4.881263303869332759e+01,1.873631667607988494e+00
6.027286610256426502e+04,9.990195524297537100e-01,7.510495280702103333e-04,0.000000000000000000e+00,4.881056632399400286e+01,1.871062825810162256e+00
6.027286656321140617e+04,9.994939306786687627e-01,7.487631874030069041e-04,0.000000000000000000e+00,4.881871240993434213e+01,1.871059177632796722e+00
6.027286702385855460e+04,9.989804570711753318e-01,7.488432819211765209e-04,0.000000000000000000e+00,4.882307316279710818e+01,1.869335076765614945e+00
6.027286748450570303e+04,1.000245924324266511e+00,7.487664731934890513e-04,0.000000000000000000e+00,4.882488456632378160e+01,1.872026209003721631e+00
6.027286794515285146e+04,9.998627833375217655e-01,7.490005087445761886e-04,0.000000000000000000e+00,4.882127324310755512e+01,1.872488167306561646e+00
6.027286840579999989e+04,9.990272901288151930e-01,7.487646232699674996e-04,0.000000000000000000e+00,4.882300280046064245e+01,1.871661765199935434e+00
6.027286886644714832e+04,1.001267454649875654e+00,7.487721931705571118e-04,0.000000000000000000e+00,4.882638462978126626e+01,1.872947261950937525e+00
6.027286932709430403e+04,1.000274614817464380e+00,7.487642198051004064e-04,0.000000000000000000e+00,4.882915768508389931e+01,1.873593454384051338e+00
6.027286978774145246e+04,9.995758441333498778e-01,7.487638359339171936e-04,0.000000000000000000e+00,4.883031118462912445e+01,1.871351369417357802e+00
6.027287024838860088e+04,9.996608480236744976e-01,7.487643825128616247e-04,0.000000000000000000e+00,4.882200462180605172e+01,1.872748531583494191e+00
6.027287070903574931e+04,1.000444332155427496e+00,7.487710971845573486e-04,0.000000000000000000e+00,4.881794215861420128e+01,1.872849844075742176e+00
6.027287116968289774e+04,9.985539649099931525e-01,7.487639040800492685e-04,0.000000000000000000e+00,4.882267846338004347e+01,1.872322642645877000e+00
6.027287163033004617e+04,1.001029655854031253e+00,7.487669032477693243e-04,0.000000000000000000e+00,4.882274542492827862e+01,1.873876909851543537e+00
6.027287209097719460e+04,1.000230724452515041e+00,7.487670242150251763e-04,0.000000000000000000e+00,4.882295558158288884e+01,1.870858943926500650e+00
6.027287255162434303e+04,9.985720174282965989e-01,7.487630531346448504e-04,0.000000000000000000e+00,4.882578383389588339e+01,1.872228304957442413e+00
6.027287301227149146e+04,9.982007635040346383e-01,7.487593270169859644e-04,0.000000000000000000e+00,4.882156639379795138e+01,1.874600702792498241e+00
6.027287347291863989e+04,9.981142003231834314e-01,7.487569818123148780e-04,0.000000000000000000e+00,4.882088534121973566e+01,1.871823239922222326e+00
6.027287393356578832e+04,9.979700344161488434e-01,7.487574091744437447e-04,0.000000000000000000e+00,4.882191348889852378e+01,1.871645432564011946e+00
6.027287439421293675e+04,1.000248851895798374e+00,7.487665366525281816e-04,0.000000000000000000e+00,4.881691934727578541e+01,1.872777906577778317e+00
6.027287485486008518e+04,1.000280078050841182e+00,7.487642634927415847e-04,0.000000000000000000e+00,4.882206607677392185e+01,1.871089191873807289e+00
6.027287531550722633e+04,1.000378509962236651e+00,7.487675669292227602e-04,0.000000000000000000e+00,4.881953300592770972e+01,1.872495312766909059e+00
6.027287577615437476e+04,9.986205143019893926e-01,7.487588117580922529e-04,0.000000000000000000e+00,4.882409891594502938e+01,1.872912002129402564e+00
6.027287623680152319e+04,9.994983406130895087e-01,7.487845893816342689e-04,0.000000000000000000e+00,4.882222707251027316e+01,1.870152180835751965e+00
6.027287669744867162e+04,9.997453821921327144e-01,7.487666940013031416e-04,0.000000000000000000e+00,4.882381433898827794e+01,1.872838020487744837e+00
6.027287715809582005e+04,9.981867833924752409e-01,7.487571617733365485e-04,0.000000000000000000e+00,4.882623554694885115e+01,1.872474153762528459e+00
6.027287761874296848e+04,1.000871059646442962e+00,7.487686912285326617e-04,0.000000000000000000e+00,4.882167959889306275e+01,1.871317059456966359e+00
6.027287807939011691e+04,1.000170318697148675e+00,7.487650477448751967e-04,0.000000000000000000e+00,4.882419755181707899e+01,1.873367542824890597e+00
6.027287854003726534e+04,9.995865546028317450e-01,7.487653527195168744e-04,0.000000000000000000e+00,4.882331442455274839e+01,1.874859938681348925e+00
6.027287900068441377e+04,1.001419269803274226e+00,7.487708498958117699e-04,0.000000000000000000e+00,4.882472042483148300e+01,1.873936517737623486e+00
6.027287946133154765e+04,1.000269697569909022e+00,7.487677355595840625e-04,0.000000000000000000e+00,4.881994310701435325e+01,1.870906381075922997e+00
6.027287992197869607e+04,9.987103212316399414e-01,7.487626181221681805e-04,0.000000000000000000e+00,4.881634242714419969e+01,1.872562726416923340e+00
6.027288038262584450e+04,9.982173964663771937e-01,7.487583986019917754e-04,0.000000000000000000e+00,4.882008098784275774e+01,1.872288789258228281e+00
6.027288084327299293e+04,9.995776295474342321e-01,7.487641322791362825e-04,0.000000000000000000e+00,4.882086827370476101e+01,1.872795923428618892e+00
6.027288130392013409e+04,9.998512232637860597e-01,7.487644346180394360e-04,0.000000000000000000e+00,4.881996878198538070e+01,1.873948465463555202e+00
6.027288176456727524e+04,1.000686071904797414e+00,7.487679161031914705e-04,0.000000000000000000e+00,4.882230745008457973e+01,1.874788229321521893e+00
6.027288222521442367e+04,9.976448566789731798e-01,7.487576594950029474e-04,0.000000000000000000e+00,4.882222185870198672e+01,1.874572407032424337e+00
6.027288268586157210e+04,9.998402755260106245e-01,7.487670499997465395e-04,0.000000000000000000e+00,4.882291397598909555e+01,1.872798568762201077e+00
6.027288314650872053e+04,1.000854415939680608e+00,7.487691691986514408e-04,0.000000000000000000e+00,4.881543240978410836e+01,1.871769341200234305e+00
6.027288360715586168e+04,1.000348327297667650e+00,7.487756042445785527e-04,0.000000000000000000e+00,4.882562318529675593e+01,1.873499932742529905e+00
6.027288406780301011e+04,9.992677103709681763e-01,7.487693712200459541e-04,0.000000000000000000e+00,4.883281741049950853e+01,1.872785328309592545e+00
6.027288452845015854e+04,9.996668479978286781e-01,7.487750178681298538e-04,0.000000000000000000e+00,4.882790375087131451e+01,1.873745351181573371e+00
6.027288498909729969e+04,9.998362204679082099e-01,7.487738561590690910e-04,0.000000000000000000e+00,4.883001154612709627e+01,1.872376396808481891e+00
6.027288544974444812e+04,1.000355449788590478e+00,7.487769781879998268e-04,0.000000000000000000e+00,4.882819829954657820e+01,1.874841653121713358e+00
6.027288591039159655e+04,9.992891421151408604e-01,7.487728170560963709e-04,0.000000000000000000e+00,4.883405810188878604e+01,1.870372021646473870e+00
6.027288637103873771e+04,9.995072947954576348e-01,7.487735356924335494e-04,0.000000000000000000e+00,4.882895749410558039e+01,1.872779910587145658e+00
6.027288683168588614e+04,1.000303021259175695e+00,7.487772561398275050e-04,0.000000000000000000e+00,4.883318757941188437e+01,1.872498096612007501e+00
6.027288729233303457e+04,9.988161851074953690e-01,7.487699416551447419e-04,0.000000000000000000e+00,4.882413798160091289e+01,1.876052568590877989e+00
6.027288775298017572e+04,9.977755075909656712e-01,7.487885830132053272e-04,0.000000000000000000e+00,4.882808144308947362e+01,1.873999432712276869e+00
6.027288821362732415e+04,9.985106348355362593e-01,7.487757529683460121e-04,0.000000000000000000e+00,4.882112663582389445e+01,1.874736519898808629e+00
6.027288867427446530e+04,9.980311588977297532e-01,7.488898180026607029e-04,0.000000000000000000e+00,4.881979385260585502e+01,1.873410062334310622e+00
6.027288913492161373e+04,9.986492571864171719e-01,7.487740803878653205e-04,0.000000000000000000e+00,4.881234100134525988e+01,1.872448792725983413e+00
6.027288959556876216e+04,9.982990081601755827e-01,7.487700444412769950e-04,0.000000000000000000e+00,4.881377597011990588e+01,1.872747716972638754e+00
6.027289005621590331e+04,1.000377466323749243e+00,7.488512279427356807e-04,0.000000000000000000e+00,4.882490717438805916e+01,1.874052362710377340e+00
6.027289051686305174e+04,1.000615713736036971e+00,7.487766424189748297e-04,0.000000000000000000e+00,4.882548640430982800e+01,1.873439542667737046e+00
6.027289097751019290e+04,1.000948246763085248e+00,7.487813507809441263e-04,0.000000000000000000e+00,4.881822906281804109e+01,1.874212515232121623e+00
6.027289143815734133e+04,9.990126395740912546e-01,7.487724728721294534e-04,0.000000000000000000e+00,4.882248159183379244e+01,1.872976240416725169e+00
6.027289189880448248e+04,1.000061439585821166e+00,7.487744278164524137e-04,0.000000000000000000e+00,4.882879531028238773e+01,1.875315832405583194e+00
6.027289235945163091e+04,9.996729533939108236e-01,7.487722447367415940e-04,0.000000000000000000e+00,4.882313651752890138e+01,1.875010655129645487e+00
6.027289282009877206e+04,9.990661589923590657e-01,7.487716472873881491e-04,0.000000000000000000e+00,4.881515984567644040e+01,1.871421026458777170e+00
6.027289328074592049e+04,9.989549219567367411e-01,7.487748499928472768e-04,0.000000000000000000e+00,4.881315698326581298e+01,1.871390933350043806e+00
6.027289374139306165e+04,9.997717359417669369e-01,7.487761244697588693e-04,0.000000000000000000e+00,4.881332994027934546e+01,1.870798464199322053e+00
6.027289420204020280e+04,9.981923549215578895e-01,7.487727981701673089e-04,0.000000000000000000e+00,4.881212354511990270e+01,1.873054650410896249e+00
6.027289466268734395e+04,9.989656411886363996e-01,7.487707704122238727e-04,0.000000000000000000e+00,4.881817540241296172e+01,1.871435049468008316e+00
6.027289512333449238e+04,9.987800431178535110e-01,7.487692582729143804e-04,0.000000000000000000e+00,4.882592417343075653e+01,1.872362504707557829e+00
6.027289558398163354e+04,9.994995116830255322e-01,7.487751849208525287e-04,0.000000000000000000e+00,4.882115633103590824e+01,1.871555573394964478e+00
6.027289604462876741e+04,9.982246659644278264e-01,7.496243307476562097e-04,0.000000000000000000e+00,4.881528502363382671e+01,1.874259307075623937e+00
6.027289650527591584e+04,9.979478310321876489e-01,7.513373531625982659e-04,0.000000000000000000e+00,4.882090859360197044e+01,1.874887514001352340e+00
6.027289696592305700e+04,9.986843447423221498e-01,7.487710201720909576e-04,0.000000000000000000e+00,4.882128662028249266e+01,1.871250014884335622e+00
6.027289742657020543e+04,9.998907662830445187e-01,7.487743441443096316e-04,0.000000000000000000e+00,4.882352234095792198e+01,1.875756890477746408e+00
6.027289788721734658e+04,9.994189908113133569e-01,7.487748169262239441e-04,0.000000000000000000e+00,4.882060089401169733e+01,1.873095099690636145e+00
6.027289834786448773e+04,9.995300556847789286e-01,7.487748061109738814e-04,0.000000000000000000e+00,4.882208750968603539e+01,1.869521018862381423e+00
6.027289880851163616e+04,9.994508102299104468e-01,7.487736943408820943e-04,0.000000000000000000e+00,4.882268915549082777e+01,1.875512865381405048e+00
6.027289926915877732e+04,9.988585969239401896e-01,7.487717312734003044e-04,0.000000000000000000e+00,4.882463003812701174e+01,1.874101856549254652e+00
6.027289972980591847e+04,9.994536874680080007e-01,7.487783449851815546e-04,0.000000000000000000e+00,4.882187510974259936e+01,1.872018255164418443e+00
6.027290019045306690e+04,9.983487869688835170e-01,7.487688282465982835e-04,0.000000000000000000e+00,4.882315492658012346e+01,1.873160188506908908e+00
6.027290065110020805e+04,9.980673006524676261e-01,7.487703209937898730e-04,0.000000000000000000e+00,4.881770358326932779e+01,1.873198202084696229e+00
6.027290111174734920e+04,9.983349931587920389e-01,7.499937983940957497e-04,0.000000000000000000e+00,4.881849650432145893e+01,1.872869728929567490e+00
6.027290157239449763e+04,9.997708956259513391e-01,7.487785912665539121e-04,0.000000000000000000e+00,4.881483693721209249e+01,1.874032816734987339e+00
6.027290203304163879e+04,9.993378642165033909e-01,7.487736322493927007e-04,0.000000000000000000e+00,4.881566884342957735e+01,1.872931775847085589e+00
6.027290249368877994e+04,9.984727704434179785e-01,7.487887634485116718e-04,0.000000000000000000e+00,4.881548338311232271e+01,1.873056193344282638e+00
6.027290295433592109e+04,9.986892044653428169e-01,7.487764072845134490e-04,0.000000000000000000e+00,4.880992411587179447e+01,1.872803509716731041e+00
6.027290341498306952e+04,1.000282690631757454e+00,7.487810973672070830e-04,0.000000000000000000e+00,4.882196930075167529e+01,1.875039366308983046e+00
6.027290387563021068e+04,1.000505276074320049e+00,7.487788564894867207e-04,0.000000000000000000e+00,4.881862676283504499e+01,1.875351504674821923e+00
6.027290433627735183e+04,9.989523678929034256e-01,7.487745308583179269e-04,0.000000000000000000e+00,4.882164816253056472e+01,1.872689509528220553e+00
6.027290479692449298e+04,1.001733697942387868e+00,7.529648137648635008e-04,0.000000000000000000e+00,4.882270683074924023e+01,1.870113982904431094e+00
6.027290525757163414e+04,1.000167705319486400e+00,7.487773830505751495e-04,0.000000000000000000e+00,4.882072386543742937e+01,1.874594842406903439e+00
6.027290571821877529e+04,1.000200275150540552e+00,7.490969102251319057e-04,0.000000000000000000e+00,4.881613090127912358e+01,1.872909167331419544e+00
6.027290617886592372e+04,9.992821863539881333e-01,7.488720559687170016e-04,0.000000000000000000e+00,4.882543779590088207e+01,1.872661466683791520e+00
6.027290663951306487e+04,9.992533159765479844e-01,7.488730313625520385e-04,0.000000000000000000e+00,4.882104883016357633e+01,1.871680157684235235e+00
6.027290710016020603e+04,9.990002599431569985e-01,7.488680894381572655e-04,0.000000000000000000e+00,4.882428696292288350e+01,1.873809218429667078e+00
6.027290756080734718e+04,9.994069763921678007e-01,7.488722993379424899e-04,0.000000000000000000e+00,4.882263250242431951e+01,1.873863243291373326e+00
6.027290802145448833e+04,9.991613883351553316e-01,7.488696950884415459e-04,0.000000000000000000e+00,4.882655037278200894e+01,1.873089033827193939e+00
6.027290848210162949e+04,9.992729784970162399e-01,7.488690752426939001e-04,0.000000000000000000e+00,4.882346339554708692e+01,1.871717885701793760e+00
6.027290894274877064e+04,9.981116634870861315e-01,7.488655817099917336e-04,0.000000000000000000e+00,4.882592342206775982e+01,1.872204365979487140e+00
6.027290940339590452e+04,9.995724543264250528e-01,7.488723316698934086e-04,0.000000000000000000e+00,4.882246003660647204e+01,1.871657961077364929e+00
6.027290986404305295e+04,9.987909691186889205e-01,7.488702236928554759e-04,0.000000000000000000e+00,4.882484213014785013e+01,1.872245249499499664e+00
6.027291032469019410e+04,1.000006202278907130e+00,7.488745780966093871e-04,0.000000000000000000e+00,4.882909469469706210e+01,1.873439693688648600e+00
6.027291078533733526e+04,1.001460907446308335e+00,7.488789654620100567e-04,0.000000000000000000e+00,4.882363202470800445e+01,1.876682970029692532e+00
6.027291124598446913e+04,9.982516166007480152e-01,7.498310195034267166e-04,0.000000000000000000e+00,4.881967298572727287e+01,1.870356231781452827e+00
6.027291170663161029e+04,9.992427522296103426e-01,7.488703921096672225e-04,0.000000000000000000e+00,4.882424231611688015e+01,1.871061177673458031e+00
6.027291216727875144e+04,9.997380594521613206e-01,7.488723087523282106e-04,0.000000000000000000e+00,4.882547600962484324e+01,1.874085506097262988e+00
6.027291262792589259e+04,9.981590445731913785e-01,7.488649293638623616e-04,0.000000000000000000e+00,4.882603110066938967e+01,1.872956149279047855e+00
6.027291308857303375e+04,9.992992262163552519e-01,7.488707595906181650e-04,0.000000000000000000e+00,4.882670850497586912e+01,1.874696841799362579e+00
6.027291354922017490e+04,1.000292303794302784e+00,7.488767369613377571e-04,0.000000000000000000e+00,4.881765835928287345e+01,1.872422877339912750e+00
6.027291400986731605e+04,9.993531387641193531e-01,7.488721698141658032e-04,0.000000000000000000e+00,4.882495438897291251e+01,1.872227004869593037e+00
6.027291447051445721e+04,1.000052278654101068e+00,7.488761824903170106e-04,0.000000000000000000e+00,4.883006419908338813e+01,1.871975588548169922e+00
6.027291493116159836e+04,9.990592273150673552e-01,7.488718266295182197e-04,0.000000000000000000e+00,4.882955809195271257e+01,1.870590196503100211e+00
6.027291539180873951e+04,9.993469379058913526e-01,7.488713476882016004e-04,0.000000000000000000e+00,4.882201730774578152e+01,1.876076024418565247e+00
6.027291585245587339e+04,1.000081547635457868e+00,7.495070146826483858e-04,0.000000000000000000e+00,4.881623781913635440e+01,1.873980508496425390e+00
6.027291631310301455e+04,9.996751040933024024e-01,7.488960367369292340e-04,0.000000000000000000e+00,4.881714385814782986e+01,1.874014565803955978e+00
6.027291677375015570e+04,9.991301011317119674e-01,7.488712564656400863e-04,0.000000000000000000e+00,4.882053574934003848e+01,1.870450492272876630e+00
6.027291723439729685e+04,9.995279167375993312e-01,7.488717236352832258e-04,0.000000000000000000e+00,4.881870990577470337e+01,1.873182485992240132e+00
6.027291769504443801e+04,9.987450990544307627e-01,7.488722213582255137e-04,0.000000000000000000e+00,4.881726142663129053e+01,1.872489980709312274e+00
6.027291815569157916e+04,9.983656446241289117e-01,7.488715236727852770e-04,0.000000000000000000e+00,4.881201162839788310e+01,1.874613865052146666e+00
6.027291861633872031e+04,1.000317852703237032e+00,7.488794421490949354e-04,0.000000000000000000e+00,4.881326140563118798e+01,1.869920449067450807e+00
6.027291907698586147e+04,1.000326036745394775e+00,7.502735027466353153e-04,0.000000000000000000e+00,4.882102077734878520e+01,1.874522873673604373e+00
6.027291953763299534e+04,9.995181334377880589e-01,7.488752513787516650e-04,0.000000000000000000e+00,4.882707212888518455e+01,1.871985442048092807e+00
6.027291999828013650e+04,9.998734332426503224e-01,7.488741489179057435e-04,0.000000000000000000e+00,4.882447576752707619e+01,1.873693120999595729e+00
6.027292045892727765e+04,9.983906680312117921e-01,7.488706936636211221e-04,0.000000000000000000e+00,4.881971391531210713e+01,1.874716972207286059e+00
6.027292091957441880e+04,9.983933116144954045e-01,7.488713026227776601e-04,0.000000000000000000e+00,4.882100344164977912e+01,1.871291773136293024e+00
6.027292138022155996e+04,9.994131724448110932e-01,7.488745371954872712e-04,0.000000000000000000e+00,4.882107812450102813e+01,1.870326938805948691e+00
6.027292184086869383e+04,9.998107003921972158e-01,7.488746781066151978e-04,0.000000000000000000e+00,4.882430514261913146e+01,1.873328268263898755e+00
6.027292230151583499e+04,9.987235402034480014e-01,7.488715887448060739e-04,0.000000000000000000e+00,4.881631060540952660e+01,1.871986121211819842e+00
6.027292276216297614e+04,1.000261910239948815e+00,7.488741849769612246e-04,0.000000000000000000e+00,4.881956615703847291e+01,1.872414558685568942e+00
6.027292322281011730e+04,9.991023031643830876e-01,7.488708990601116279e-04,0.000000000000000000e+00,4.881907871164445822e+01,1.874432310005399005e+00
6.027292368345725117e+04,9.995243913659752621e-01,7.488693863085759371e-04,0.000000000000000000e+00,4.882197724378086434e+01,1.874837158083408672e+00
6.027292414410438505e+04,1.000055614879767463e+00,7.488758553981176560e-04,0.000000000000000000e+00,4.881636574698031694e+01,1.870249939289346797e+00
6.027292460475152620e+04,9.995814951360619816e-01,7.488726606607691832e-04,0.000000000000000000e+00,4.881723100933698589e+01,1.874739673530352313e+00
6.027292506539866008e+04,9.988119461747947403e-01,7.488727228237120536e-04,0.000000000000000000e+00,4.881676891857116374e+01,1.869989275057186262e+00
6.027292552604580123e+04,9.983843048350373728e-01,7.488697009709774323e-04,0.000000000000000000e+00,4.882516550763901364e+01,1.873345016070039781e+00
6.027292598669293511e+04,9.989734482507067748e-01,7.488709878074375223e-04,0.000000000000000000e+00,4.882427934088805443e+01,1.873142633861134110e+00
6.027292644734007627e+04,9.999642687685921238e-01,7.488776850140787785e-04,0.000000000000000000e+00,4.882640237937886951e+01,1.873541533720461949e+00
6.027292690798721014e+04,1.000658171827963017e+00,7.488786500936698903e-04,0.000000000000000000e+00,4.882112442106331684e+01,1.876620088092859628e+00
6.027292736863435130e+04,1.000384657123189358e+00,7.488782602112403807e-04,0.000000000000000000e+00,4.881945839400436427e+01,1.872359901511504443e+00
6.027292782928148517e+04,9.993188347114044801e-01,7.488707357484355965e-04,0.000000000000000000e+00,4.882956824734087320e+01,1.871735281798080353e+00
6.027292828992862633e+04,9.987720066719825152e-01,7.488704000216297573e-04,0.000000000000000000e+00,4.882256424637496650e+01,1.872906704435191028e+00
6.027292875057576748e+04,1.000337434459921848e+00,7.489980304593032252e-04,0.000000000000000000e+00,4.882103191094054750e+01,1.875648062302320618e+00
6.027292921122290136e+04,9.989406033968525334e-01,7.489941846361210676e-04,0.000000000000000000e+00,4.882109475837022927e+01,1.873232860098229313e+00
6.027292967187004251e+04,1.000228925794254931e+00,7.490012472375239721e-04,0.000000000000000000e+00,4.882492229177921672e+01,1.871196158638097407e+00
6.027293013251717639e+04,9.991583180165316547e-01,7.489945862535330292e-04,0.000000000000000000e+00,4.882693727012267715e+01,1.869653855269090448e+00
6.027293059316431754e+04,9.988609259750357294e-01,7.489950591170715022e-04,0.000000000000000000e+00,4.882409480484333386e+01,1.873399105398366959e+00
6.027293105381145142e+04,1.000106056732304571e+00,7.489981625875205551e-04,0.000000000000000000e+00,4.882210762981057428e+01,1.875013004615738055e+00
6.027293151445859257e+04,9.990977432583860729e-01,7.489967502386341664e-04,0.000000000000000000e+00,4.882641808833115249e+01,1.872859202839417980e+00
6.027293197510573373e+04,1.000368391170675553e+00,7.490001125812136571e-04,0.000000000000000000e+00,4.882175080112958199e+01,1.873924578349424941e+00
6.027293243575286760e+04,9.998991042837309662e-01,7.490004599960325754e-04,0.000000000000000000e+00,4.881456692700250954e+01,1.874204746564890556e+00
6.027293289640000876e+04,9.987379970633167847e-01,7.490122298314350969e-04,0.000000000000000000e+00,4.881594147144959095e+01,1.871873367401161836e+00
6.027293335704714264e+04,9.991596004274796439e-01,7.489991497692470015e-04,0.000000000000000000e+00,4.881854265766557432e+01,1.873665487162544441e+00
6.027293381769428379e+04,1.000071670829386639e+00,7.490016044797124942e-04,0.000000000000000000e+00,4.880970442979052848e+01,1.871736068365165373e+00
6.027293427834141767e+04,1.001307888359239229e+00,7.490064483628246011e-04,0.000000000000000000e+00,4.882041980139131709e+01,1.873317683722730997e+00
6.027293473898855154e+04,1.001617665939714907e+00,7.490059305543354806e-04,0.000000000000000000e+00,4.881806424298807912e+01,1.871447367055530497e+00
6.027293519963569270e+04,1.001002122555197937e+00,7.495967453674544411e-04,0.000000000000000000e+00,4.881938833946286138e+01,1.871744866298792553e+00
6.027293566028282657e+04,1.002007748919722774e+00,7.490097332909893693e-04,0.000000000000000000e+00,4.882075952838498267e+01,1.873875758853615459e+00
6.027293612092996773e+04,1.000498745743223949e+00,7.489998313396618000e-04,0.000000000000000000e+00,4.882045912684090894e+01,1.873585119953227629e+00
6.027293658157710161e+04,1.001649440455823381e+00,7.490088517163938191e-04,0.000000000000000000e+00,4.882065082128008271e+01,1.874962357656976275e+00
6.027293704222424276e+04,1.000681367920506215e+00,7.490042699534082060e-04,0.000000000000000000e+00,4.882632144151789078e+01,1.872049428901912504e+00
6.027293750287137664e+04,1.000728224260724941e+00,7.490027702646419143e-04,0.000000000000000000e+00,4.882101189955625387e+01,1.873956760577462743e+00
6.027293796351851051e+04,9.988700165729569314e-01,7.489967302593881528e-04,0.000000000000000000e+00,4.881494764928667252e+01,1.873301312754286130e+00
6.027293842416565167e+04,9.996200374726834648e-01,7.489986524465958419e-04,0.000000000000000000e+00,4.881899988188097694e+01,1.873280468696870260e+00
6.027293888481277827e+04,1.000051814547770590e+00,7.492788702760954690e-04,0.000000000000000000e+00,4.881291224490332326e+01,1.871832204418400813e+00
6.027293934545991215e+04,1.000224598489235506e+00,7.490025474103017894e-04,0.000000000000000000e+00,4.880924074105651300e+01,1.871806162920520267e+00
6.027293980610705330e+04,1.000364047215671404e+00,7.490056392360616147e-04,0.000000000000000000e+00,4.880556543983251316e+01,1.870827534725618246e+00
6.027294026675418718e+04,9.994778274950967267e-01,7.490013271675909860e-04,0.000000000000000000e+00,4.881348557931726617e+01,1.872006549926045205e+00
6.027294072740131378e+04,1.001016227271614323e+00,7.490042654932679411e-04,0.000000000000000000e+00,4.881556026232628653e+01,1.874128843608550143e+00
6.027294118804845493e+04,9.995370174154922793e-01,7.489946684226975139e-04,0.000000000000000000e+00,4.882238233813571071e+01,1.874344148371028362e+00
6.027294164869558881e+04,9.996568662796428972e-01,7.490010940262271325e-04,0.000000000000000000e+00,4.882360490556447274e+01,1.872552325795343808e+00
6.027294210934272269e+04,9.993243830948110862e-01,7.489989484000484504e-04,0.000000000000000000e+00,4.882042033625089772e+01,1.873485101960529198e+00
6.027294256998985657e+04,9.996888817780719139e-01,7.500735990240512546e-04,0.000000000000000000e+00,4.881867554427402212e+01,1.874035124339588743e+00
6.027294303063699772e+04,9.994550214675537170e-01,7.495882174964485110e-04,0.000000000000000000e+00,4.882999843100203918e+01,1.873399124331908583e+00
6.027294349128413160e+04,1.000226338295420625e+00,7.490006812731540928e-04,0.000000000000000000e+00,4.883291052687400935e+01,1.872098866936713124e+00
6.027294395193126547e+04,1.000335624628792663e+00,7.490010012607281826e-04,0.000000000000000000e+00,4.882626316421453083e+01,1.874307102751462173e+00
6.027294441257839935e+04,1.000665004881154951e+00,7.490032193698904555e-04,0.000000000000000000e+00,4.881983403186689685e+01,1.871705984841713688e+00
6.027294487322554050e+04,9.991216535529845455e-01,7.489946847263340146e-04,0.000000000000000000e+00,4.882442283429972463e+01,1.872496794160608546e+00
6.027294533387267438e+04,9.984966357805639126e-01,7.489948837712251525e-04,0.000000000000000000e+00,4.882087093155199398e+01,1.874069816772250263e+00
6.027294579451980826e+04,1.001143830716562322e+00,7.490003930072578050e-04,0.000000000000000000e+00,4.882206101340616300e+01,1.875674944092862173e+00
6.027294625516694214e+04,1.001683601283205327e+00,7.490066685421307036e-04,0.000000000000000000e+00,4.881991743650179671e+01,1.875324631032102118e+00
6.027294671581407601e+04,1.000277004336660891e+00,7.490000062424917579e-04,0.000000000000000000e+00,4.882665689185288471e+01,1.873800271458818001e+00
6.027294717646120989e+04,1.001659279865277474e+00,7.490060943974323395e-04,0.000000000000000000e+00,4.882023659169761487e+01,1.874206758858052213e+00
6.027294763710835105e+04,1.000174756736722070e+00,7.489986781624415274e-04,0.000000000000000000e+00,4.881183753139964665e+01,1.875658659145911900e+00
6.027294809775548492e+04,9.999904036048450351e-01,7.489982797137616612e-04,0.000000000000000000e+00,4.882405390315490479e+01,1.873677603002948278e+00
6.027294855840261880e+04,9.989724672061793820e-01,7.489946291121798907e-04,0.000000000000000000e+00,4.882466858732968973e+01,1.871581525824834946e+00
6.027294901904975268e+04,9.993263287611811041e-01,7.490026483859296052e-04,0.000000000000000000e+00,4.882066158527591426e+01,1.871689260598242255e+00
6.027294947969688656e+04,9.996816029738654352e-01,7.489985312569241542e-04,0.000000000000000000e+00,4.881708696271108749e+01,1.875243811719908615e+00
6.027294994034402043e+04,9.998432131664712896e-01,7.489945071046165501e-04,0.000000000000000000e+00,4.881899694325730366e+01,1.873324248174832674e+00
6.027295040099115431e+04,9.991695040182145826e-01,7.489937251204052248e-04,0.000000000000000000e+00,4.883244546131240327e+01,1.874307926574355410e+00
6.027295086163828819e+04,9.989936320671036762e-01,7.489917631214292873e-04,0.000000000000000000e+00,4.882938779763700410e+01,1.871929888958947741e+00
6.027295132228542207e+04,9.988499880713894719e-01,7.489493671326670965e-04,0.000000000000000000e+00,4.882138501536826425e+01,1.869670976523125860e+00
6.027295178293255594e+04,1.000583102887114828e+00,7.489597108116377360e-04,0.000000000000000000e+00,4.881952661384416103e+01,1.872081584068789883e+00
6.027295224357968982e+04,9.993851113232363748e-01,7.489507185895794049e-04,0.000000000000000000e+00,4.882128252769545185e+01,1.874398560908723477e+00
6.027295270422682370e+04,1.000105053828192814e+00,7.489574525578106354e-04,0.000000000000000000e+00,4.882377621682476843e+01,1.875696821231774614e+00
6.027295316487395758e+04,9.979012961327571318e-01,7.489462670679295202e-04,0.000000000000000000e+00,4.882833253970687082e+01,1.873841626231742996e+00
6.027295362552108418e+04,1.001611656813151674e+00,7.489614563742995985e-04,0.000000000000000000e+00,4.883043978007059849e+01,1.874775324491944062e+00
6.027295408616821805e+04,9.994865234974014134e-01,7.489540469394502910e-04,0.000000000000000000e+00,4.882936829068814433e+01,1.874301121149043015e+00
6.027295454681535193e+04,9.987849920600421205e-01,7.489493187061834617e-04,0.000000000000000000e+00,4.883553139891311901e+01,1.873373612441941782e+00
6.027295500746248581e+04,9.989352337035741769e-01,7.489501258430869991e-04,0.000000000000000000e+00,4.882990989983913011e+01,1.873052513169697564e+00
6.027295546810961241e+04,1.000587875129170579e+00,7.489567105055120128e-04,0.000000000000000000e+00,4.882563251488495126e+01,1.875053348930021402e+00
6.027295592875674629e+04,9.993698872050216231e-01,7.494043235880539855e-04,0.000000000000000000e+00,4.882186457593277851e+01,1.872423868488226839e+00
6.027295638940388017e+04,9.999023509822319022e-01,7.489547227100280249e-04,0.000000000000000000e+00,4.881371056934213470e+01,1.871178181065832113e+00
6.027295685005101404e+04,9.992745027076783693e-01,7.492418886162573914e-04,0.000000000000000000e+00,4.882360523711525957e+01,1.871997923903171657e+00
6.027295731069814792e+04,9.984659195173026802e-01,7.489510146459041513e-04,0.000000000000000000e+00,4.882049096475930128e+01,1.874599870778879129e+00
6.027295777134528180e+04,9.980824393051354049e-01,7.489472463625956042e-04,0.000000000000000000e+00,4.882677438613514198e+01,1.870907404692556897e+00
6.027295823199241568e+04,9.985587131427682284e-01,7.489523422367315702e-04,0.000000000000000000e+00,4.882650440272630021e+01,1.874003778930024344e+00
6.027295869263954228e+04,9.996324630987982740e-01,7.489542017231499288e-04,0.000000000000000000e+00,4.883120193252281638e+01,1.871298663943496532e+00
6.027295915328667616e+04,9.993430210028310112e-01,7.489514832917895963e-04,0.000000000000000000e+00,4.883356492177484398e+01,1.873305828332692879e+00
6.027295961393381003e+04,9.989500820999588360e-01,7.489512624465132851e-04,0.000000000000000000e+00,4.883098207190911921e+01,1.873882987225443664e+00
6.027296007458094391e+04,1.000063141351615448e+00,7.489579481840811289e-04,0.000000000000000000e+00,4.882239563731277343e+01,1.875305363935432901e+00
6.027296053522807779e+04,9.991096182042441542e-01,7.489535114565704652e-04,0.000000000000000000e+00,4.882629628776697217e+01,1.873237318790215156e+00
6.027296099587521167e+04,9.998604539906841282e-01,7.498232284739702594e-04,0.000000000000000000e+00,4.882314981365379936e+01,1.873376232717769430e+00
6.027296145652233827e+04,9.988450885780125743e-01,7.489506988279646428e-04,0.000000000000000000e+00,4.882598681548688546e+01,1.873536274986214778e+00
6.027296191716947214e+04,9.987759685670339893e-01,7.489508060804584214e-04,0.000000000000000000e+00,4.882953129821348881e+01,1.872118567739055051e+00
6.027296237781660602e+04,9.999768466064622441e-01,7.489570360713399986e-04,0.000000000000000000e+00,4.881877689677033061e+01,1.873693584757475161e+00
6.027296283846373990e+04,9.996032864307299315e-01,7.489553053247548870e-04,0.000000000000000000e+00,4.881852172836036630e+01,1.872471196817606875e+00
6.027296329911086650e+04,9.998082521271253187e-01,7.489527791817930831e-04,0.000000000000000000e+00,4.882384247685975254e+01,1.874729231097013171e+00
6.027296375975800038e+04,9.997499664846537515e-01,7.489532580342142315e-04,0.000000000000000000e+00,4.882759605030003058e+01,1.876174088811139562e+00
6.027296422040513426e+04,9.989479728146865023e-01,7.489486365627105692e-04,0.000000000000000000e+00,4.883037594061381981e+01,1.873567384721733120e+00
6.027296468105226813e+04,1.000328878683787392e+00,7.489537198345255472e-04,0.000000000000000000e+00,4.883073140273712909e+01,1.873667125143109402e+00
6.027296514169939474e+04,9.989172398567112143e-01,7.489486831756367617e-04,0.000000000000000000e+00,4.882641860314195981e+01,1.871699397521791042e+00
6.027296560234652861e+04,9.986147227836573714e-01,7.489504819744317908e-04,0.000000000000000000e+00,4.882680743554119829e+01,1.872387339140139773e+00
6.027296606299366249e+04,9.999614274371222411e-01,7.489558156401458517e-04,0.000000000000000000e+00,4.882584690887107115e+01,1.873966831171150815e+00
6.027296652364078909e+04,1.000026645083966326e+00,7.489570323229124320e-04,0.000000000000000000e+00,4.882389361863115340e+01,1.871613407787993122e+00
6.027296698428792297e+04,1.000156006292556077e+00,7.489575641139236154e-04,0.000000000000000000e+00,4.882967646256567207e+01,1.870623258975242953e+00
6.027296744493505685e+04,9.994740736249075885e-01,7.489530247166724039e-04,0.000000000000000000e+00,4.883011808235428219e+01,1.874206162774960660e+00
6.027296790558218345e+04,9.985859908244145711e-01,7.489509182003546879e-04,0.000000000000000000e+00,4.882960515454570327e+01,1.871531202707945374e+00
6.027296836622931733e+04,1.001027060790711465e+00,7.489577658338530041e-04,0.000000000000000000e+00,4.882306838111416170e+01,1.875998729218962158e+00
6.027296882687644393e+04,9.990755749537130193e-01,7.489504010395216498e-04,0.000000000000000000e+00,4.882037641939675154e+01,1.872514347273608104e+00
6.027296928752357053e+04,9.984804186578245533e-01,7.489516031002208928e-04,0.000000000000000000e+00,4.881790276126937300e+01,1.871629472970188335e+00
6.027296974817070441e+04,9.992140092863249778e-01,7.489533274881575876e-04,0.000000000000000000e+00,4.881459170455621432e+01,1.874657989266535596e+00
6.027297020881783101e+04,9.995939698031789389e-01,7.489537708218403948e-04,0.000000000000000000e+00,4.881788754091161309e+01,1.871004732287878447e+00
6.027297066946495761e+04,9.995902056286967152e-01,7.506083187703103260e-04,0.000000000000000000e+00,4.882087908676157895e+01,1.875352570002745578e+00
6.027297113011208421e+04,9.975150914624226761e-01,7.489472518810581358e-04,0.000000000000000000e+00,4.882525484735725740e+01,1.873044118917194023e+00
6.027297159075921809e+04,9.989349936920458584e-01,7.489525184088678027e-04,0.000000000000000000e+00,4.882039729832893471e+01,1.871569430359472097e+00
6.027297205140635197e+04,1.001575320222714227e+00,7.489621145633071266e-04,0.000000000000000000e+00,4.882244011919019044e+01,1.874560463990513570e+00
6.027297251205347857e+04,9.982283920891673601e-01,7.489488279456406892e-04,0.000000000000000000e+00,4.882971610802669460e+01,1.874972079480177634e+00
6.027297297270061244e+04,9.989445346799047387e-01,7.489512841739212438e-04,0.000000000000000000e+00,4.883341263693614565e+01,1.872262301915142313e+00
6.027297343334773905e+04,9.974652678402732287e-01,7.489517403309109205e-04,0.000000000000000000e+00,4.882378639359033912e+01,1.871713463625468199e+00
6.027297389399487292e+04,9.993193596923702904e-01,7.490287155223582672e-04,0.000000000000000000e+00,4.881980906011015975e+01,1.873990059383059847e+00
6.027297435464199953e+04,9.985471875094348304e-01,7.490291120896505096e-04,0.000000000000000000e+00,4.881593985165935123e+01,1.872763133218881659e+00
6.027297481528913340e+04,1.000313588784657703e+00,7.490329616016231512e-04,0.000000000000000000e+00,4.882014710549709946e+01,1.873855196835736647e+00
6.027297527593626000e+04,9.989631104083664948e-01,7.490276558913359093e-04,0.000000000000000000e+00,4.882452459476564144e+01,1.874406530437777718e+00
6.027297573658338661e+04,1.000254968198613703e+00,7.490333149309274423e-04,0.000000000000000000e+00,4.883323204459141209e+01,1.875663980876816073e+00
6.027297619723052048e+04,1.000520549335878417e+00,7.490379879911725214e-04,0.000000000000000000e+00,4.882069098626418935e+01,1.873251773126351161e+00
6.027297665787764709e+04,9.997444439406214522e-01,7.490259090596648435e-04,0.000000000000000000e+00,4.882636102519622767e+01,1.876446994944567015e+00
6.027297711852478096e+04,9.994893277794567599e-01,7.490310279184425601e-04,0.000000000000000000e+00,4.882741232220155325e+01,1.874652402853587363e+00
6.027297757917190756e+04,9.990163535714861043e-01,7.490242836425991440e-04,0.000000000000000000e+00,4.882474738204437159e+01,1.871201843410081000e+00
6.027297803981903417e+04,9.993909300327017409e-01,7.490273080700189136e-04,0.000000000000000000e+00,4.882776038637675242e+01,1.870178643128396878e+00
6.027297850046616804e+04,1.001048190824951112e+00,7.490362852558393649e-04,0.000000000000000000e+00,4.881891940850864131e+01,1.873262718747729094e+00
6.027297896111329464e+04,1.000889252444140620e+00,7.490329249998188815e-04,0.000000000000000000e+00,4.881529742273806249e+01,1.876059179510454866e+00
6.027297942176042852e+04,9.999012867042775810e-01,7.490313421733857000e-04,0.000000000000000000e+00,4.881995409790228280e+01,1.873788569887641087e+00
6.027297988240755512e+04,1.000674326526885372e+00,7.490334148826868765e-04,0.000000000000000000e+00,4.881824297846036131e+01,1.873664524237215856e+00
6.027298034305468173e+04,1.000016529882312710e+00,7.490317914683053283e-04,0.000000000000000000e+00,4.881757395878093320e+01,1.873502618058387803e+00
6.027298080370181560e+04,9.996147976827101100e-01,7.490318628539376512e-04,0.000000000000000000e+00,4.881599263070148709e+01,1.873272179570376172e+00
6.027298126434894220e+04,1.000768126611048192e+00,7.490387860188073808e-04,0.000000000000000000e+00,4.882121650817077807e+01,1.873707126967501191e+00
6.027298172499606881e+04,9.990304403929243238e-01,7.490288992665574850e-04,0.000000000000000000e+00,4.882682881872061387e+01,1.871501409951124018e+00
6.027298218564319541e+04,1.001013959415901322e+00,7.490344363947160295e-04,0.000000000000000000e+00,4.882594844063875428e+01,1.873911440174460319e+00
6.027298264629032928e+04,9.993234933098246175e-01,7.490323253964547429e-04,0.000000000000000000e+00,4.882168657454611349e+01,1.872938409746619071e+00
6.027298310693745589e+04,9.990175974713806362e-01,7.490279478337039760e-04,0.000000000000000000e+00,4.882523268905049463e+01,1.871360943487228035e+00
6.027298356758457521e+04,9.989951267981210803e-01,7.490299880964413791e-04,0.000000000000000000e+00,4.881718000154762649e+01,1.873127698159347432e+00
6.027298402823170181e+04,9.991530327976971826e-01,7.490292162470759242e-04,0.000000000000000000e+00,4.882553137668909926e+01,1.875177096719920167e+00
6.027298448887883569e+04,9.991635299819067173e-01,7.490283672558327313e-04,0.000000000000000000e+00,4.882471730631527862e+01,1.874569353897737267e+00
6.027298494952596229e+04,9.991597991434562065e-01,7.490281881137193700e-04,0.000000000000000000e+00,4.881819727407116716e+01,1.871342756843900945e+00
6.027298541017308162e+04,1.000579939062877122e+00,7.490323261548637035e-04,0.000000000000000000e+00,4.881676663586789999e+01,1.873060587303575719e+00
6.027298587082020822e+04,1.000571714912380061e+00,7.490347052415957923e-04,0.000000000000000000e+00,4.881680829404514554e+01,1.876634114390356434e+00
6.027298633146733482e+04,9.988463328467562796e-01,7.490299666318202829e-04,0.000000000000000000e+00,4.881574351859376293e+01,1.872388076214182462e+00
6.027298679211446870e+04,9.992727957371484449e-01,7.490314211128838674e-04,0.000000000000000000e+00,4.881579724389851549e+01,1.873636821333650726e+00
6.027298725276159530e+04,9.979746078719237135e-01,7.490285175291529944e-04,0.000000000000000000e+00,4.881243424030554223e+01,1.872372245143530956e+00
6.027298771340872190e+04,1.000235835516370742e+00,7.498730207393047723e-04,0.000000000000000000e+00,4.881852539584112094e+01,1.874036046459247595e+00
6.027298817405584850e+04,9.996563830919027449e-01,7.490321097852812963e-04,0.000000000000000000e+00,4.882505974445059138e+01,1.873098302435477480e+00
6.027298863470297511e+04,9.998004710940302520e-01,7.490297421857427824e-04,0.000000000000000000e+00,4.882101858569434683e+01,1.873123635213751248e+00
6.027298909535010171e+04,9.979256774277969200e-01,7.500042034708466953e-04,0.000000000000000000e+00,4.882564550621692945e+01,1.873205994167395971e+00
6.027298955599722831e+04,9.993714212518787221e-01,7.490284890374181983e-04,0.000000000000000000e+00,4.882132955891312776e+01,1.869945282678426635e+00
6.027299001664436219e+04,9.980848981094284644e-01,7.490250503698499523e-04,0.000000000000000000e+00,4.881893476781558405e+01,1.876530404157237708e+00
6.027299047729148879e+04,9.987978090922349228e-01,7.490287614204007953e-04,0.000000000000000000e+00,4.881888190825313956e+01,1.876108703825453805e+00
6.027299093793861539e+04,1.000678334801631264e+00,7.490350315910829400e-04,0.000000000000000000e+00,4.881901208781766144e+01,1.873235328613114703e+00
6.027299139858574199e+04,9.999294417387092349e-01,7.490281531331527496e-04,0.000000000000000000e+00,4.882388846168032615e+01,1.873092350058770394e+00
6.027299185923286859e+04,9.999463325411912518e-01,7.490325498554675342e-04,0.000000000000000000e+00,4.881798789305591413e+01,1.873748145791160669e+00
6.027299231987999519e+04,1.000421859976070804e+00,7.490342961620209987e-04,0.000000000000000000e+00,4.881526140325024699e+01,1.873056829100003151e+00
6.027299278052712179e+04,9.994659025661565277e-01,7.490313021775755423e-04,0.000000000000000000e+00,4.881610385239257255e+01,1.874269766120149283e+00
6.027299324117424840e+04,1.000699346329977812e+00,7.490346463841752274e-04,0.000000000000000000e+00,4.881912310748094797e+01,1.873764546075199489e+00
6.027299370182137500e+04,9.987258523293490731e-01,7.490270045779445600e-04,0.000000000000000000e+00,4.881747808782498055e+01,1.873454002152661335e+00
6.027299416246850160e+04,9.996210701685540601e-01,7.490325611407578363e-04,0.000000000000000000e+00,4.881688436151598864e+01,1.874517843055700794e+00
6.027299462311562820e+04,1.000855834477758943e+00,7.493773785472505845e-04,0.000000000000000000e+00,4.882249123599935814e+01,1.877467584990892391e+00
6.027299508376275480e+04,1.001436525776508324e+00,7.490333323580849242e-04,0.000000000000000000e+00,4.882755117456837013e+01,1.875603601384230767e+00
6.027299554440988140e+04,1.000535557093251482e+00,7.490335574282840558e-04,0.000000000000000000e+00,4.883345555089615431e+01,1.872596423828589041e+00
6.027299600505700801e+04,9.998363492644541939e-01,7.490318364945685366e-04,0.000000000000000000e+00,4.882543898466650489e+01,1.874472008550983393e+00
6.027299646570413461e+04,1.000473177803325786e+00,7.490746842427804548e-04,0.000000000000000000e+00,4.881920714666859595e+01,1.874054367050811409e+00
6.027299692635126121e+04,9.985680393041537206e-01,7.490660067025353913e-04,0.000000000000000000e+00,4.881175463091403799e+01,1.873726286919637607e+00
6.027299738699838053e+04,1.000426663897616697e+00,7.490778588715748913e-04,0.000000000000000000e+00,4.880595061169315585e+01,1.872120018416742804e+00
6.027299784764550714e+04,9.999639232792524313e-01,7.490711429552222292e-04,0.000000000000000000e+00,4.881386792673416863e+01,1.874004284961790390e+00
6.027299830829262646e+04,1.000388853762789854e+00,7.490735219432551658e-04,0.000000000000000000e+00,4.882129411468184088e+01,1.873130198179650652e+00
6.027299876893975306e+04,9.997704206707034302e-01,7.490712501862834992e-04,0.000000000000000000e+00,4.882909825951036709e+01,1.871702820065098249e+00
6.027299922958687966e+04,9.999599551553172150e-01,7.490727487506434502e-04,0.000000000000000000e+00,4.882040508532537615e+01,1.872745453389422110e+00
6.027299969023400627e+04,9.992224740426899343e-01,7.490696171131260017e-04,0.000000000000000000e+00,4.881636483908336999e+01,1.875566461748610303e+00
6.027300015088112559e+04,9.977655870080202050e-01,7.490689004805772344e-04,0.000000000000000000e+00,4.881867765297526773e+01,1.873930088542008043e+00
6.027300061152824492e+04,9.991603004791868026e-01,7.490678000728661018e-04,0.000000000000000000e+00,4.881797314530597021e+01,1.872952611776615317e+00
6.027300107217537152e+04,9.998985577409104097e-01,7.490705284790391853e-04,0.000000000000000000e+00,4.881791528299186922e+01,1.876425675544050264e+00
6.027300153282249812e+04,1.000068224023995533e+00,7.490701437140308110e-04,0.000000000000000000e+00,4.882279360795777734e+01,1.874329822952237823e+00
6.027300199346962472e+04,9.989160568104741289e-01,7.495747713153642564e-04,0.000000000000000000e+00,4.883023136430368538e+01,1.873684869385425555e+00
6.027300245411675132e+04,9.992787330230634701e-01,7.490707927022669009e-04,0.000000000000000000e+00,4.882560185959244592e+01,1.872159178045000871e+00
6.027300291476387065e+04,9.987531770038664547e-01,7.490681541979578740e-04,0.000000000000000000e+00,4.882303411955088990e+01,1.875118921994169741e+00
6.027300337541099725e+04,1.000796442272418707e+00,7.490748243504620962e-04,0.000000000000000000e+00,4.882366523068646558e+01,1.871179692337071376e+00
6.027300383605812385e+04,9.991905642347601590e-01,7.490695676758118418e-04,0.000000000000000000e+00,4.882482359996330956e+01,1.873279937825528263e+00
6.027300429670525045e+04,1.000753824589786234e+00,7.490725514916801633e-04,0.000000000000000000e+00,4.882800987247760816e+01,1.875471395209168168e+00
6.027300475735236978e+04,1.000186261371409646e+00,7.490704098139110059e-04,0.000000000000000000e+00,4.883202521729562307e+01,1.873535403363377538e+00
6.027300521799949638e+04,1.001006437958783524e+00,7.490783877371446102e-04,0.000000000000000000e+00,4.882673609658418457e+01,1.875112295914610927e+00
6.027300567864662298e+04,9.994003391921882917e-01,7.490696208404360205e-04,0.000000000000000000e+00,4.882997676103670415e+01,1.871053800489127061e+00
6.027300613929374958e+04,9.986429548185983274e-01,7.490674283647958537e-04,0.000000000000000000e+00,4.882706636937194844e+01,1.874888574469443014e+00
6.027300659994086891e+04,9.995847964419644072e-01,7.490715160697200775e-04,0.000000000000000000e+00,4.882546865947555403e+01,1.872569687597186672e+00
6.027300706058799551e+04,9.992500484243819203e-01,7.490667644653104451e-04,0.000000000000000000e+00,4.882631736726598604e+01,1.872673716304026570e+00
6.027300752123512211e+04,1.000429334251044189e+00,7.490733432775104235e-04,0.000000000000000000e+00,4.882317583245192338e+01,1.874317775747942338e+00
6.027300798188224144e+04,1.000661097143999978e+00,7.490726158244314205e-04,0.000000000000000000e+00,4.882470350307211504e+01,1.875685778519585289e+00
6.027300844252936804e+04,1.001001677103543264e+00,7.490780521468931672e-04,0.000000000000000000e+00,4.882279758653833568e+01,1.872776308739597662e+00
6.027300890317648737e+04,1.001590140549218466e+00,7.490771407387399007e-04,0.000000000000000000e+00,4.882826992887651585e+01,1.874505833935406374e+00
6.027300936382361397e+04,9.999832206416396918e-01,7.490738060091441412e-04,0.000000000000000000e+00,4.882615359224710971e+01,1.872529799360127312e+00
6.027300982447074057e+04,9.975305364881663639e-01,7.490617425620038324e-04,0.000000000000000000e+00,4.882956868919337268e+01,1.874403050964718265e+00
6.027301028511785989e+04,9.984954781280899194e-01,7.490663511450247874e-04,0.000000000000000000e+00,4.883478537332921121e+01,1.874644269177965450e+00
6.027301074576498650e+04,1.000494822187420807e+00,7.490714872902099440e-04,0.000000000000000000e+00,4.883612166740830673e+01,1.873636301894436640e+00
6.027301120641210582e+04,9.998435746046830941e-01,7.490679322146166601e-04,0.000000000000000000e+00,4.883554168341635204e+01,1.871752237941148866e+00
6.027301166705923242e+04,1.000689147844051163e+00,7.490761496636044216e-04,0.000000000000000000e+00,4.882857611224530814e+01,1.873133897064271247e+00
6.027301212770635902e+04,9.994871855201459265e-01,7.499976263022664191e-04,0.000000000000000000e+00,4.883943493834654248e+01,1.871086008024222647e+00
6.027301258835347835e+04,9.987015449992833194e-01,7.490681238766603179e-04,0.000000000000000000e+00,4.882423722207253292e+01,1.873765095669128078e+00
6.027301304900060495e+04,1.000314801518668917e+00,7.490682412539902872e-04,0.000000000000000000e+00,4.882600295030195525e+01,1.875279938034887239e+00
6.027301350964771700e+04,9.997266733723120247e-01,7.491511063755344497e-04,0.000000000000000000e+00,4.882631062775256936e+01,1.872545345706384978e+00
6.027301397029484360e+04,9.977565691493420763e-01,7.490613933747912673e-04,0.000000000000000000e+00,4.882530947966533574e+01,1.870929901114503302e+00
6.027301443094196293e+04,1.001178672703123551e+00,7.490722865426545536e-04,0.000000000000000000e+00,4.882727969169658877e+01,1.871904542922851578e+00
6.027301489158908953e+04,9.981620183737935914e-01,7.490647344282751630e-04,0.000000000000000000e+00,4.882666265593726962e+01,1.873376950101747429e+00
6.027301535223620158e+04,9.987310509253769508e-01,7.490635602577241188e-04,0.000000000000000000e+00,4.883658456352249999e+01,1.872172493447492148e+00
6.027301581288332818e+04,9.981544932264933001e-01,7.490621826089484620e-04,0.000000000000000000e+00,4.883808703760705328e+01,1.873725443664306933e+00
6.027301627353044751e+04,9.986195568325646477e-01,7.502850388390546431e-04,0.000000000000000000e+00,4.883840601087395328e+01,1.876692014023168875e+00
6.027301673417756683e+04,1.001665651497505305e+00,7.490782827538072655e-04,0.000000000000000000e+00,4.883390963451655153e+01,1.874395494602064005e+00
6.027301719482469343e+04,1.000216762347557520e+00,7.490704137417981013e-04,0.000000000000000000e+00,4.883996568965281426e+01,1.872948602253517336e+00
6.027301765547181276e+04,1.000685199611136333e+00,7.490700439312742093e-04,0.000000000000000000e+00,4.883825783356206784e+01,1.876637895908900289e+00
6.027301811611893936e+04,1.000579551646914700e+00,7.491021845770050184e-04,0.000000000000000000e+00,4.883737841932631341e+01,1.872652346536192614e+00
6.027301857676605869e+04,9.992729481306457107e-01,7.500965804997692483e-04,0.000000000000000000e+00,4.883066617123954245e+01,1.872272799370509055e+00
6.027301903741317801e+04,9.986880063172264288e-01,7.490917677467284026e-04,0.000000000000000000e+00,4.882290328009455038e+01,1.872638644291449106e+00
6.027301949806030461e+04,9.981067578283289166e-01,7.490881165189316234e-04,0.000000000000000000e+00,4.882845819138954369e+01,1.874455165267266743e+00
6.027301995870742394e+04,1.000025112739268307e+00,7.490916933309967963e-04,0.000000000000000000e+00,4.882685110109119364e+01,1.872464832619949338e+00
6.027302041935454326e+04,9.996800766241116243e-01,7.490921391995621721e-04,0.000000000000000000e+00,4.883185606110331634e+01,1.872770373213493267e+00
6.027302088000166987e+04,9.993169561703969528e-01,7.490888815178410034e-04,0.000000000000000000e+00,4.883739230536150444e+01,1.873571203181406464e+00
6.027302134064878919e+04,9.998265517544028258e-01,7.490903385596600151e-04,0.000000000000000000e+00,4.884043843854399825e+01,1.874240547939650670e+00
6.027302180129590852e+04,9.996553838224874200e-01,7.490953480505981857e-04,0.000000000000000000e+00,4.883051102772073904e+01,1.872492201236636067e+00
6.027302226194303512e+04,9.984988098678736490e-01,7.490884629689412546e-04,0.000000000000000000e+00,4.882531805068208541e+01,1.874426321179874178e+00
6.027302272259015444e+04,9.994466153095751260e-01,7.490955372148422418e-04,0.000000000000000000e+00,4.881507678721697374e+01,1.871219747759241159e+00
6.027302318323727377e+04,1.000567519683662310e+00,7.490975767421667207e-04,0.000000000000000000e+00,4.882481801089446805e+01,1.874045731005914206e+00
6.027302364388440037e+04,1.000899357434453352e+00,7.490959335709426346e-04,0.000000000000000000e+00,4.882846227706004782e+01,1.873345824439466512e+00
6.027302410453151970e+04,9.992264235090311253e-01,7.491203198013547063e-04,0.000000000000000000e+00,4.882302556399086768e+01,1.873339471332385431e+00
6.027302456517863902e+04,9.998003009312466105e-01,7.490929117168671804e-04,0.000000000000000000e+00,4.883114303660865829e+01,1.873250953378416295e+00
6.027302502582575835e+04,1.000409752154782783e+00,7.490948217070381946e-04,0.000000000000000000e+00,4.884071879635429525e+01,1.873049446692425235e+00
6.027302548647287767e+04,9.981988353200763608e-01,7.490879011613196716e-04,0.000000000000000000e+00,4.883227502199759584e+01,1.873153457381891762e+00
6.027302594712000428e+04,1.000180992975637340e+00,7.490935672832047237e-04,0.000000000000000000e+00,4.883191937705032615e+01,1.878451430903751884e+00
6.027302640776712360e+04,1.002008984520978752e+00,7.491038117687746911e-04,0.000000000000000000e+00,4.882725481895154473e+01,1.875841338461349705e+00
6.027302686841424293e+04,9.999117477335165427e-01,7.490947389095080778e-04,0.000000000000000000e+00,4.883090813163336463e+01,1.874016729737202791e+00
6.027302732906136225e+04,9.997182807082317657e-01,7.493184504812212387e-04,0.000000000000000000e+00,4.883139692169007873e+01,1.873504101499544383e+00
6.027302778970848158e+04,9.995735982105814488e-01,7.490911997761449687e-04,0.000000000000000000e+00,4.883348121326985591e+01,1.874293323147924850e+00
6.027302825035560090e+04,9.987652745347945782e-01,7.490888293207533140e-04,0.000000000000000000e+00,4.882447520793549955e+01,1.872959365304645241e+00
6.027302871100272023e+04,9.990326905104940369e-01,7.490926628564339431e-04,0.000000000000000000e+00,4.882624867523388446e+01,1.872699695080347393e+00
6.027302917164983955e+04,1.000055721032514500e+00,7.496032753673061589e-04,0.000000000000000000e+00,4.883640098658246131e+01,1.870442536498654995e+00
6.027302963229695888e+04,1.000393424781641061e+00,7.490959068583713520e-04,0.000000000000000000e+00,4.883719678108404594e+01,1.874732107021881644e+00
6.027303009294407093e+04,9.991174231425892227e-01,7.490903803887006803e-04,0.000000000000000000e+00,4.882879003015948882e+01,1.873415514914847702e+00
6.027303055359119026e+04,1.000899598702252202e+00,7.490980228599630709e-04,0.000000000000000000e+00,4.882410317101002306e+01,1.873535469480625659e+00
6.027303101423830958e+04,1.000224720963633906e+00,7.490938607370315003e-04,0.000000000000000000e+00,4.882665542094042621e+01,1.872762116771412133e+00
6.027303147488542891e+04,9.998442596768023494e-01,7.490919275036076776e-04,0.000000000000000000e+00,4.882373719240045773e+01,1.874125085606128227e+00
6.027303193553254823e+04,9.995916958975707978e-01,7.490949307257399213e-04,0.000000000000000000e+00,4.882541487501516997e+01,1.870991778624518265e+00
6.027303239617966756e+04,1.000147091000602728e+00,7.490942820919831895e-04,0.000000000000000000e+00,4.883367852351803862e+01,1.874016919262784242e+00
6.027303285682678688e+04,1.000125585420458263e+00,7.490918440715149543e-04,0.000000000000000000e+00,4.883192529707011431e+01,1.875566798068473817e+00
6.027303331747390621e+04,1.000471877310166846e+00,7.490941634477693784e-04,0.000000000000000000e+00,4.883098959301430853e+01,1.874206257475012682e+00
6.027303377812102553e+04,9.997072616964709502e-01,7.490950845289617074e-04,0.000000000000000000e+00,4.883444792037857951e+01,1.873367616135959590e+00
6.027303423876815214e+04,9.996431769657601052e-01,7.490930045314821151e-04,0.000000000000000000e+00,4.883612179341817949e+01,1.871043937285105097e+00
6.027303469941526419e+04,1.000447061273447735e+00,7.491006862401643511e-04,0.000000000000000000e+00,4.882944117351932789e+01,1.874684130252027847e+00
6.027303516006238351e+04,1.000278334425082516e+00,7.490947361675320522e-04,0.000000000000000000e+00,4.883034861658168069e+01,1.873298275933514612e+00
6.027303562070950284e+04,1.000025721173087412e+00,7.490955339658910035e-04,0.000000000000000000e+00,4.882701723480238343e+01,1.873070675900635473e+00
6.027303608135662216e+04,9.998647134469477171e-01,7.490936098870326328e-04,0.000000000000000000e+00,4.882257011322187168e+01,1.875554966850395466e+00
6.027303654200374149e+04,1.000042679034835791e+00,7.490967174152286627e-04,0.000000000000000000e+00,4.882532312292580912e+01,1.873027239386693577e+00
6.027303700265086081e+04,1.000765703671803619e+00,7.490984584367551538e-04,0.000000000000000000e+00,4.882348032690033079e+01,1.873235263789702287e+00
6.027303746329798014e+04,9.990993722264466248e-01,7.490897873631383215e-04,0.000000000000000000e+00,4.882618604314158972e+01,1.874420454917156365e+00
6.027303792394509946e+04,9.981033544184950701e-01,7.490852336165501786e-04,0.000000000000000000e+00,4.883040626882704771e+01,1.870059417260094614e+00
6.027303838459221879e+04,9.986887772127367446e-01,7.490874784565634912e-04,0.000000000000000000e+00,4.883666023436418868e+01,1.872189545768161656e+00
6.027303884523933812e+04,1.000784019844536354e+00,7.490943878667270794e-04,0.000000000000000000e+00,4.883334791735170910e+01,1.872891396670486541e+00
6.027303930588645744e+04,9.995137054100570184e-01,7.490930667251215680e-04,0.000000000000000000e+00,4.882436229007370798e+01,1.873928034007926069e+00
6.027303976653357677e+04,1.000519439758425166e+00,7.490947418877455261e-04,0.000000000000000000e+00,4.883010881833765637e+01,1.874908540322119066e+00
6.027304022718069609e+04,9.978791694200600526e-01,7.493318132716111869e-04,0.000000000000000000e+00,4.883254460272278408e+01,1.873260332058898303e+00
6.027304068782780814e+04,9.995775400147670631e-01,7.490953328674149160e-04,0.000000000000000000e+00,4.883208560670099274e+01,1.872137878514686715e+00
6.027304114847492747e+04,9.996868749857910075e-01,7.490936704749682346e-04,0.000000000000000000e+00,4.883264663237566339e+01,1.875791072618115285e+00
6.027304160912204679e+04,1.000394605558689864e+00,7.491651508540213191e-04,0.000000000000000000e+00,4.882751711399718175e+01,1.874744033719164316e+00
6.027304206976916612e+04,9.993329015112315528e-01,7.491591265644791673e-04,0.000000000000000000e+00,4.882728147245782679e+01,1.872026842834125349e+00
6.027304253041628544e+04,9.981219958900352518e-01,7.491576644071828864e-04,0.000000000000000000e+00,4.882815221624557012e+01,1.872287725198983344e+00
6.027304299106339022e+04,9.984204559119830291e-01,7.491579217942940768e-04,0.000000000000000000e+00,4.883154457601295917e+01,1.872664461431493343e+00
6.027304345171050954e+04,9.992227599740179933e-01,7.491616887100216622e-04,0.000000000000000000e+00,4.883739269654392956e+01,1.874019786508638541e+00
6.027304391235762887e+04,9.987924928467162289e-01,7.491556697075683110e-04,0.000000000000000000e+00,4.883475993747534005e+01,1.875260732755597681e+00
6.027304437300474819e+04,9.997147394377922103e-01,7.491613329905976934e-04,0.000000000000000000e+00,4.882530211754274063e+01,1.873968719880569012e+00
6.027304483365185297e+04,9.993019871429489331e-01,7.502134244972674237e-04,0.000000000000000000e+00,4.881364197018235274e+01,1.872141759483585854e+00
6.027304529429897229e+04,9.984290342937022222e-01,7.491584688447548886e-04,0.000000000000000000e+00,4.881796837954761514e+01,1.873221292176395769e+00
6.027304575494609162e+04,9.992274525943206642e-01,7.491576408412090613e-04,0.000000000000000000e+00,4.883248979213909280e+01,1.873503575772224927e+00
6.027304621559321095e+04,9.989314034559347855e-01,7.491607730468585313e-04,0.000000000000000000e+00,4.882550604815516238e+01,1.873754336498843820e+00
6.027304667624032299e+04,1.000068648716945230e+00,7.491629350054297915e-04,0.000000000000000000e+00,4.882212294915610329e+01,1.873777718804550796e+00
6.027304713688744232e+04,1.001144414798095905e+00,7.491691174007099720e-04,0.000000000000000000e+00,4.883053771404959775e+01,1.872401796316279121e+00
6.027304759753456165e+04,9.976700462908024702e-01,7.491564400404675597e-04,0.000000000000000000e+00,4.883153604605387699e+01,1.872739426305630062e+00
6.027304805818167370e+04,9.979204568171430312e-01,7.491590728838215920e-04,0.000000000000000000e+00,4.882681880068997771e+01,1.871879486508829515e+00
6.027304851882879302e+04,9.995998892100715905e-01,7.491583033019604638e-04,0.000000000000000000e+00,4.882282661127829471e+01,1.872955042403539716e+00
6.027304897947591235e+04,9.995523131768881964e-01,7.491624214953627493e-04,0.000000000000000000e+00,4.882347207753065277e+01,1.872321137518070389e+00
6.027304944012302440e+04,9.989548076533526499e-01,7.491574548389094527e-04,0.000000000000000000e+00,4.883038865348375168e+01,1.870907384146923036e+00
6.027304990077014372e+04,9.991242571185150467e-01,7.491605943567544766e-04,0.000000000000000000e+00,4.882853429149084690e+01,1.873413070893392707e+00
6.027305036141726305e+04,1.000421354569436705e+00,7.491675605987941841e-04,0.000000000000000000e+00,4.882383151139358546e+01,1.871677803161694964e+00
6.027305082206437510e+04,1.001030807659569311e+00,7.491669120933501774e-04,0.000000000000000000e+00,4.882851178314703589e+01,1.874589619244658056e+00
6.027305128271149442e+04,9.990047798995470574e-01,7.491577253247598588e-04,0.000000000000000000e+00,4.882659227916636269e+01,1.873727347939772025e+00
6.027305174335860647e+04,9.997773157939684463e-01,7.491631513895628423e-04,0.000000000000000000e+00,4.882143526553056745e+01,1.877080904447245180e+00
6.027305220400572580e+04,9.999929672920796486e-01,7.491643847442825202e-04,0.000000000000000000e+00,4.882046984540315293e+01,1.873901315823453428e+00
6.027305266465283785e+04,9.993321248424259506e-01,7.491592425611711282e-04,0.000000000000000000e+00,4.881119769773076200e+01,1.873839979662215161e+00
6.027305312529995717e+04,9.990184156205764721e-01,7.491613865895907758e-04,0.000000000000000000e+00,4.881968826676467188e+01,1.873893168818830945e+00
6.027305358594706922e+04,1.000337337907412971e+00,7.491624135057190804e-04,0.000000000000000000e+00,4.882750177011354964e+01,1.871311096806028251e+00
6.027305404659418855e+04,1.000727559895865149e+00,7.491644566585401637e-04,0.000000000000000000e+00,4.882562560962759335e+01,1.871660060876596976e+00
6.027305450724130060e+04,9.994935707424570381e-01,7.491606650755085715e-04,0.000000000000000000e+00,4.882601801507445316e+01,1.873068418580386529e+00
6.027305496788841992e+04,9.997074925260502898e-01,7.497641835172996500e-04,0.000000000000000000e+00,4.883297692095499087e+01,1.872207428003542784e+00
6.027305542853553197e+04,9.994779141712857307e-01,7.491606847320137277e-04,0.000000000000000000e+00,4.883920825764916174e+01,1.875805122398521707e+00
6.027305588918265130e+04,1.001425431635103225e+00,7.491690561360339140e-04,0.000000000000000000e+00,4.881887561345316584e+01,1.875300159782323339e+00
6.027305634982976335e+04,1.000199763497131134e+00,7.491657674703249090e-04,0.000000000000000000e+00,4.882403968398306660e+01,1.872698865716677652e+00
6.027305681047688267e+04,9.998613447455271253e-01,7.491617104019898709e-04,0.000000000000000000e+00,4.882853463903404645e+01,1.877067884010312104e+00
6.027305727112399472e+04,9.996729764419733932e-01,7.491640292179268775e-04,0.000000000000000000e+00,4.882318705246048296e+01,1.873244846144667131e+00
6.027305773177111405e+04,9.996516036944089745e-01,7.491651268391019258e-04,0.000000000000000000e+00,4.882437315982915749e+01,1.871060887435661790e+00
6.027305819241821882e+04,9.993551206550356225e-01,7.491627500287504184e-04,0.000000000000000000e+00,4.882491581682257475e+01,1.873063424897315699e+00
6.027305865306533815e+04,9.995410924293610666e-01,7.491620659275355061e-04,0.000000000000000000e+00,4.882651786846118824e+01,1.875517559870683915e+00
6.027305911371245020e+04,9.995471721882853711e-01,7.491626691776922566e-04,0.000000000000000000e+00,4.882986043800237042e+01,1.871056509957416347e+00
6.027305957435955497e+04,1.000854586788006095e+00,7.492433443616985760e-04,0.000000000000000000e+00,4.882507477951205033e+01,1.874484846469232524e+00
6.027306003500667430e+04,1.000141890406894385e+00,7.477941552286838326e-04,0.000000000000000000e+00,4.882055693615079406e+01,1.869832350859138570e+00
6.027306049565378635e+04,1.001380219968356799e+00,7.491674008451860555e-04,0.000000000000000000e+00,4.882067309644972397e+01,1.876037297394053116e+00
6.027306095630089840e+04,1.001689368527246771e+00,7.496957494119280054e-04,0.000000000000000000e+00,4.882458435740879565e+01,1.875845823838903303e+00
6.027306141694801772e+04,1.000367987662474034e+00,7.491640609140350722e-04,0.000000000000000000e+00,4.882812619226717032e+01,1.873974879962431617e+00
6.027306187759512977e+04,1.000318420602818170e+00,7.491655143231746401e-04,0.000000000000000000e+00,4.882510973867900361e+01,1.871735398421659813e+00
6.027306233824224182e+04,9.993602743852342263e-01,7.491596187070980340e-04,0.000000000000000000e+00,4.882859561906224144e+01,1.875862552818054141e+00
6.027306279888936115e+04,9.993165953249316669e-01,7.500431858554970502e-04,0.000000000000000000e+00,4.882983871242569052e+01,1.873836583766180119e+00
6.027306325953647320e+04,1.000295530365615804e+00,7.491667244602795298e-04,0.000000000000000000e+00,4.882899952100779473e+01,1.873347040178209744e+00
6.027306372018358525e+04,9.991300363670814200e-01,7.491642745799769994e-04,0.000000000000000000e+00,4.882385134538598948e+01,1.873804718076764075e+00
6.027306418083070457e+04,1.000869066532132923e+00,7.492376638365076105e-04,0.000000000000000000e+00,4.882307331139278972e+01,1.871402069891727526e+00
6.027306464147781662e+04,1.000240737669286784e+00,7.492352945820330342e-04,0.000000000000000000e+00,4.882348334613259766e+01,1.873113668863224390e+00
6.027306510212492867e+04,9.993344234019092553e-01,7.492290240681342235e-04,0.000000000000000000e+00,4.881895754230328777e+01,1.871717584992547811e+00
6.027306556277204072e+04,9.992054658687474777e-01,7.492288072138598857e-04,0.000000000000000000e+00,4.882104375186402478e+01,1.873364499789174520e+00
6.027306602341915277e+04,1.002481518579802167e+00,7.492404918920815126e-04,0.000000000000000000e+00,4.882219882806658973e+01,1.875110655921069958e+00
6.027306648406627210e+04,1.000858406779648213e+00,7.492360360291416051e-04,0.000000000000000000e+00,4.882405679997804526e+01,1.874992906377173529e+00
6.027306694471338415e+04,9.990582392709400628e-01,7.492285891821943555e-04,0.000000000000000000e+00,4.882130741420354525e+01,1.873139374233960819e+00
6.027306740536049620e+04,1.000297175839995001e+00,7.492324963356573192e-04,0.000000000000000000e+00,4.882648364668996521e+01,1.877841669974444461e+00
6.027306786600760825e+04,9.990113466587315916e-01,7.492256269009610033e-04,0.000000000000000000e+00,4.883074042569195683e+01,1.874056028161990684e+00
6.027306832665472029e+04,9.984366825860775396e-01,7.492258609669195674e-04,0.000000000000000000e+00,4.882765757772722282e+01,1.874354670355753427e+00
6.027306878730183962e+04,9.987370715593467674e-01,7.492305527112325027e-04,0.000000000000000000e+00,4.882242748268336641e+01,1.874442075629012328e+00
6.027306924794895167e+04,9.996147981345588907e-01,7.492334923715671027e-04,0.000000000000000000e+00,4.882676590474832778e+01,1.875796444401551799e+00
6.027306970859606372e+04,9.986579462252949124e-01,7.492270744209286086e-04,0.000000000000000000e+00,4.882680522588865557e+01,1.875219766199520022e+00
6.027307016924317577e+04,1.000307726491435956e+00,7.492372613992254356e-04,0.000000000000000000e+00,4.882453447841812277e+01,1.874233343949727182e+00
6.027307062989028782e+04,9.987413004512936121e-01,7.492249967540899050e-04,0.000000000000000000e+00,4.882483375540886072e+01,1.873630262666703405e+00
6.027307109053739987e+04,9.988533562940701271e-01,7.492283997064161892e-04,0.000000000000000000e+00,4.882654631559941549e+01,1.871319434567041640e+00
6.027307155118451192e+04,9.986580340336391748e-01,7.492247592994884589e-04,0.000000000000000000e+00,4.883023727380668788e+01,1.874268273020541997e+00
6.027307201183162397e+04,1.000035630807606601e+00,7.505094350633651152e-04,0.000000000000000000e+00,4.882480443331644437e+01,1.874934929836719277e+00
6.027307247247873602e+04,9.993408263032946826e-01,7.492317995447922950e-04,0.000000000000000000e+00,4.883304720289058309e+01,1.872486931316282188e+00
6.027307293312584079e+04,1.000088380346850769e+00,7.492300815313696896e-04,0.000000000000000000e+00,4.882757498232084004e+01,1.876010230705854598e+00
6.027307339377296012e+04,9.993418457224904072e-01,7.492337509421970708e-04,0.000000000000000000e+00,4.881973111025399703e+01,1.874276184138334189e+00
6.027307385442007217e+04,1.000713511872518557e+00,7.492390362802611985e-04,0.000000000000000000e+00,4.882155080847206818e+01,1.874254589838599383e+00
6.027307431506718422e+04,1.000889936515743095e+00,7.492367288071156983e-04,0.000000000000000000e+00,4.883259623618539536e+01,1.874476494440276086e+00
6.027307477571428899e+04,1.001309913804476093e+00,7.492387739413441158e-04,0.000000000000000000e+00,4.882673831901490757e+01,1.874727430453058785e+00
6.027307523636140104e+04,9.995020263519899251e-01,7.492335247211333793e-04,0.000000000000000000e+00,4.881954238598279261e+01,1.871722178539984238e+00
6.027307569700851309e+04,1.000922401638675741e+00,7.492411726967061021e-04,0.000000000000000000e+00,4.881664816548943975e+01,1.873360538934818909e+00
6.027307615765562514e+04,1.000635181387777628e+00,7.492372727326389184e-04,0.000000000000000000e+00,4.882680094086366296e+01,1.875022594984523172e+00
6.027307661830273719e+04,1.000063254449544470e+00,7.492363014860182460e-04,0.000000000000000000e+00,4.882507054837635252e+01,1.873420218826965078e+00
6.027307707894984196e+04,9.998486466594946886e-01,7.492340794684198982e-04,0.000000000000000000e+00,4.882268327415361853e+01,1.870670932303223566e+00
6.027307753959695401e+04,9.978129257283554487e-01,7.492227160412670952e-04,0.000000000000000000e+00,4.883573443934501768e+01,1.870236629762468406e+00
6.027307800024406606e+04,1.000043407547266616e+00,7.492294814121771770e-04,0.000000000000000000e+00,4.883231593734574005e+01,1.871371924075019733e+00
6.027307846089117811e+04,9.992792036129942712e-01,7.492288770600395069e-04,0.000000000000000000e+00,4.882986300549112713e+01,1.871587498863202192e+00
6.027307892153829016e+04,1.001326573600851644e+00,7.492417347988937059e-04,0.000000000000000000e+00,4.882694661157422189e+01,1.873049006830761032e+00
6.027307938218540221e+04,9.995999932089382201e-01,7.492312205051688623e-04,0.000000000000000000e+00,4.882792636518182405e+01,1.874198450344840339e+00
6.027307984283251426e+04,1.000369035534286466e+00,7.504354526404855659e-04,0.000000000000000000e+00,4.882595953829039814e+01,1.873573698093305540e+00
6.027308030347962631e+04,9.995821816735069865e-01,7.492311383147822043e-04,0.000000000000000000e+00,4.882837619954450759e+01,1.873639002153537847e+00
6.027308076412673836e+04,1.000708071362195417e+00,7.492337543154786511e-04,0.000000000000000000e+00,4.882618671820042522e+01,1.874052162335086313e+00
6.027308122477385041e+04,1.000581507473962573e+00,7.492371133258179505e-04,0.000000000000000000e+00,4.882452849649826732e+01,1.872430415657594827e+00
6.027308168542095518e+04,1.001859587098040683e+00,7.492412729470668492e-04,0.000000000000000000e+00,4.882950330147404117e+01,1.874703046828934960e+00
6.027308214606806723e+04,1.000089526991633671e+00,7.492333566863469902e-04,0.000000000000000000e+00,4.882368822494863281e+01,1.875850197889021853e+00
6.027308260671517928e+04,9.996018292062012200e-01,7.498010180046828406e-04,0.000000000000000000e+00,4.882567874604604441e+01,1.873915089229917230e+00
6.027308306736229133e+04,1.001521932948421290e+00,7.492391627847618668e-04,0.000000000000000000e+00,4.882245487987457722e+01,1.873881816406182788e+00
6.027308352800940338e+04,9.996619419922203598e-01,7.492310699786695026e-04,0.000000000000000000e+00,4.882589030528590968e+01,1.872135707438406849e+00
6.027308398865650815e+04,9.970172263803144252e-01,7.517373253036085294e-04,0.000000000000000000e+00,4.882902427560859593e+01,1.874011103763576713e+00
6.027308444930362020e+04,9.993320625989335904e-01,7.492300526780558542e-04,0.000000000000000000e+00,4.882648027117288336e+01,1.871562594858698692e+00
6.027308490995073225e+04,9.997355743612795775e-01,7.492323471721092695e-04,0.000000000000000000e+00,4.882891624575450606e+01,1.873149737812159543e+00
6.027308537059784430e+04,1.001018504478454973e+00,7.492372562454276911e-04,0.000000000000000000e+00,4.882323344986924951e+01,1.873332564519423205e+00
6.027308583124494908e+04,1.000007477666830402e+00,7.492302714603758058e-04,0.000000000000000000e+00,4.883206145090949946e+01,1.873309847263233241e+00
6.027308629189206113e+04,9.997564622547252533e-01,7.492310393003665057e-04,0.000000000000000000e+00,4.882635883828127987e+01,1.873753187484575200e+00
6.027308675253917318e+04,1.000059230555791157e+00,7.492062552165809240e-04,0.000000000000000000e+00,4.882431817012173525e+01,1.871493762801523353e+00
6.027308721318628523e+04,9.983005555146008403e-01,7.491988896772862339e-04,0.000000000000000000e+00,4.882141197738057059e+01,1.872617457349726733e+00
6.027308767383338272e+04,9.997955624199169611e-01,7.492053417781290936e-04,0.000000000000000000e+00,4.882021666550924976e+01,1.874537834760839905e+00
6.027308813448049477e+04,1.001253179693924356e+00,7.492103742010509417e-04,0.000000000000000000e+00,4.882115112224093423e+01,1.874104608851386411e+00
6.027308859512760682e+04,9.969167536060370427e-01,7.529090947494944484e-04,0.000000000000000000e+00,4.882405204801853671e+01,1.872351580227920698e+00
6.027308905577471160e+04,9.990352929933288273e-01,7.492030665816795578e-04,0.000000000000000000e+00,4.881939039450394802e+01,1.872736117325608074e+00
6.027308951642181637e+04,9.997089835222748855e-01,7.504217186749419623e-04,0.000000000000000000e+00,4.882450105341686708e+01,1.875633497507585012e+00
6.027308997706892842e+04,9.991485131934845221e-01,7.492029730626611822e-04,0.000000000000000000e+00,4.882961441720940599e+01,1.873553648802574800e+00
6.027309043771603319e+04,9.996168280173581833e-01,7.492042785344793943e-04,0.000000000000000000e+00,4.883002872958657292e+01,1.873420828993923593e+00
6.027309089836314524e+04,1.000023674426232523e+00,7.492048233704165028e-04,0.000000000000000000e+00,4.882988100686367261e+01,1.875055062680501594e+00
6.027309135901025002e+04,9.972504208327844788e-01,7.491954175730052793e-04,0.000000000000000000e+00,4.882561395192966103e+01,1.871614806518423491e+00
6.027309181965736207e+04,1.000125480165419134e+00,7.492061447806890474e-04,0.000000000000000000e+00,4.882739099142644079e+01,1.872350973581037525e+00
6.027309228030447412e+04,9.993123657300995166e-01,7.492032919762926877e-04,0.000000000000000000e+00,4.882614401046963337e+01,1.872823697198934711e+00
6.027309274095157889e+04,9.996978690519146005e-01,7.492079378409955076e-04,0.000000000000000000e+00,4.882770625876238313e+01,1.870397293712920961e+00
6.027309320159869094e+04,9.993332848266186508e-01,7.492045689206570632e-04,0.000000000000000000e+00,4.882576823399755028e+01,1.874785264330622425e+00
6.027309366224579571e+04,1.000529325010524717e+00,7.492125384951650938e-04,0.000000000000000000e+00,4.882375012588236274e+01,1.872978021290947703e+00
6.027309412289290776e+04,9.993339114443455795e-01,7.491992590372814056e-04,0.000000000000000000e+00,4.883113303633604119e+01,1.871403206218787529e+00
6.027309458354001254e+04,9.997250212881130249e-01,7.492042977652458961e-04,0.000000000000000000e+00,4.882659534952443181e+01,1.873132980565642036e+00
6.027309504418712459e+04,1.000397203487743969e+00,7.492094225491752581e-04,0.000000000000000000e+00,4.882841259082782415e+01,1.873744430435702935e+00
6.027309550483422936e+04,9.991109868280696471e-01,7.492025009378154533e-04,0.000000000000000000e+00,4.882563513073360895e+01,1.874633655538933796e+00
6.027309596548134141e+04,9.996162267110261235e-01,7.492047428822045958e-04,0.000000000000000000e+00,4.882006445149384888e+01,1.875456110802156351e+00
6.027309642612844618e+04,1.000811780389040173e+00,7.492089864664781785e-04,0.000000000000000000e+00,4.882008268529330053e+01,1.874914580398711283e+00
6.027309688677555823e+04,1.000976350859466235e+00,7.492126446772615208e-04,0.000000000000000000e+00,4.882008750871800373e+01,1.873524077124961051e+00
6.027309734742266301e+04,1.000286525744616517e+00,7.492071414508325988e-04,0.000000000000000000e+00,4.882349776074241277e+01,1.873047086189507660e+00
6.027309780806977506e+04,9.990774297790988578e-01,7.492048970578574175e-04,0.000000000000000000e+00,4.881773678494921853e+01,1.871933795082652008e+00
6.027309826871687983e+04,9.995692363962890292e-01,7.492065063699020460e-04,0.000000000000000000e+00,4.881977315632060055e+01,1.874398897092076410e+00
6.027309872936399188e+04,1.000632256086949834e+00,7.492083422583348598e-04,0.000000000000000000e+00,4.882855495399243750e+01,1.873580017857594093e+00
6.027309919001109665e+04,9.981850140843768759e-01,7.491995813352089013e-04,0.000000000000000000e+00,4.882988297400233080e+01,1.876216432968662584e+00
6.027309965065820143e+04,9.995529728398805380e-01,7.492047999769166919e-04,0.000000000000000000e+00,4.882489859881104621e+01,1.875010523997127532e+00
6.027310011130531348e+04,9.994288730083532579e-01,7.492052771445161788e-04,0.000000000000000000e+00,4.883120168448405707e+01,1.871973085279422744e+00
6.027310057195241825e+04,9.979750129045322771e-01,7.491978978780120153e-04,0.000000000000000000e+00,4.882887900930806779e+01,1.872636828525937380e+00
6.027310103259953030e+04,1.000686100616697605e+00,7.492114510972288591e-04,0.000000000000000000e+00,4.882035197790834502e+01,1.875326896989981451e+00
6.027310149324663507e+04,1.000642378939059052e+00,7.492110190604458824e-04,0.000000000000000000e+00,4.882273172091694846e+01,1.872170784699383361e+00
6.027310195389373985e+04,1.000220291628625802e+00,7.492073028716774970e-04,0.000000000000000000e+00,4.883200824951296681e+01,1.874942119384469308e+00
6.027310241454084462e+04,9.997419286974845720e-01,7.492044423782604932e-04,0.000000000000000000e+00,4.882582484425645220e+01,1.875209736759657408e+00
6.027310287518794939e+04,1.000331366972622815e+00,7.492061025878792545e-04,0.000000000000000000e+00,4.882848982252838255e+01,1.875122403880933986e+00
6.027310333583505417e+04,1.001875187379658305e+00,7.492131826403084600e-04,0.000000000000000000e+00,4.882622867116353405e+01,1.873072511402206430e+00
6.027310379648216622e+04,9.996099524917175794e-01,7.494987307591607830e-04,0.000000000000000000e+00,4.881568068923977677e+01,1.874716043970838353e+00
6.027310425712926371e+04,1.001028038703993372e+00,7.492094512782428856e-04,0.000000000000000000e+00,4.882407261190535763e+01,1.874972517520722803e+00
6.027310471777636849e+04,9.985398628082849948e-01,7.502378395716484839e-04,0.000000000000000000e+00,4.882688855477061196e+01,1.873927954507208282e+00
6.027310517842347326e+04,9.999035589931990486e-01,7.492079867852762106e-04,0.000000000000000000e+00,4.882138548276044077e+01,1.874539034155443318e+00
6.027310563907058531e+04,1.000174542454336457e+00,7.492045075015869296e-04,0.000000000000000000e+00,4.882018038954193884e+01,1.875221791258908421e+00
6.027310609971769009e+04,1.000289128641076886e+00,7.492099623592366007e-04,0.000000000000000000e+00,4.882674483484282035e+01,1.872096669316762663e+00
6.027310656036479486e+04,9.993923197461995755e-01,7.492017281376264857e-04,0.000000000000000000e+00,4.882677240975198885e+01,1.874214850195988324e+00
6.027310702101189963e+04,9.996241698097760864e-01,7.492017587239291820e-04,0.000000000000000000e+00,4.882938383876002320e+01,1.873718060886407688e+00
6.027310748165901168e+04,9.999261775256502727e-01,7.492054487443221581e-04,0.000000000000000000e+00,4.882989496899929094e+01,1.874034974445829116e+00
6.027310794230611646e+04,9.997149769777248229e-01,7.492052575991614777e-04,0.000000000000000000e+00,4.882652041335281012e+01,1.874727222451431530e+00
6.027310840295322123e+04,9.985881330326327188e-01,7.492007251258873913e-04,0.000000000000000000e+00,4.882776565174359007e+01,1.877058280257203782e+00
6.027310886360032600e+04,9.993260982733821463e-01,7.492031318148924864e-04,0.000000000000000000e+00,4.882066627149058036e+01,1.874694076773875118e+00
6.027310932424743078e+04,1.001511919556722585e+00,7.492372896372961714e-04,0.000000000000000000e+00,4.882094155429138738e+01,1.875163804014804425e+00
6.027310978489453555e+04,9.984133205774106123e-01,7.498835826881602171e-04,0.000000000000000000e+00,4.881511174351699367e+01,1.873126190065162122e+00
6.027311024554164760e+04,9.991633325932666176e-01,7.492297229076248398e-04,0.000000000000000000e+00,4.882713717838628753e+01,1.870149291850714546e+00
6.027311070618875237e+04,9.996124361481417697e-01,7.492287960528099368e-04,0.000000000000000000e+00,4.882179751639700527e+01,1.873783976646065108e+00
6.027311116683585715e+04,9.989592153351887216e-01,7.492245193255355320e-04,0.000000000000000000e+00,4.882117196382853308e+01,1.874197724741599291e+00
6.027311162748296192e+04,1.001111250782936057e+00,7.492346217340594078e-04,0.000000000000000000e+00,4.882439389228719762e+01,1.874472004463623609e+00
6.027311208813006670e+04,1.000346538915825256e+00,7.492333693579640011e-04,0.000000000000000000e+00,4.882399869770165424e+01,1.874233241562456742e+00
6.027311254877717147e+04,9.997542505484651176e-01,7.492282192197709202e-04,0.000000000000000000e+00,4.882310883853845240e+01,1.873160715505612472e+00
6.027311300942427624e+04,9.978012804688346504e-01,7.492233312431839567e-04,0.000000000000000000e+00,4.882388137623235735e+01,1.872170109670839189e+00
6.027311347007138102e+04,9.989829801639558138e-01,7.492284136585640030e-04,0.000000000000000000e+00,4.881939159307008680e+01,1.873353351648304077e+00
6.027311393071848579e+04,9.988983999629478250e-01,7.492279305759052752e-04,0.000000000000000000e+00,4.882590922475684181e+01,1.873094848950315416e+00
6.027311439136559056e+04,9.986151026292058308e-01,7.492270721515640079e-04,0.000000000000000000e+00,4.882742042028587548e+01,1.872645888042422602e+00
6.027311485201269534e+04,9.992772807893781639e-01,7.492285864452709289e-04,0.000000000000000000e+00,4.881985653574398754e+01,1.874837226693766068e+00
6.027311531265980011e+04,9.995213282963849588e-01,7.492295848241443176e-04,0.000000000000000000e+00,4.882152112348704520e+01,1.874697535529695314e+00
6.027311577330690488e+04,9.998463340300537405e-01,7.492309460870669050e-04,0.000000000000000000e+00,4.882106801011907748e+01,1.874801236780885283e+00
6.027311623395400966e+04,9.999075781495206927e-01,7.492309237221765833e-04,0.000000000000000000e+00,4.882190868645407988e+01,1.874744747069914341e+00
6.027311669460111443e+04,9.994062639342701226e-01,7.492263941120242375e-04,0.000000000000000000e+00,4.882487374752448517e+01,1.874760114065025851e+00
6.027311715524821921e+04,1.001326770313488268e+00,7.492363512186174697e-04,0.000000000000000000e+00,4.882374094262972619e+01,1.873932284837304785e+00
6.027311761589531670e+04,9.998995535489897390e-01,7.492316772669213067e-04,0.000000000000000000e+00,4.882918411277449877e+01,1.874307726479728542e+00
6.027311807654242148e+04,9.991162969067860500e-01,7.492280292797282764e-04,0.000000000000000000e+00,4.881956495145254138e+01,1.870648587100504745e+00
6.027311853718952625e+04,1.000452660586856446e+00,7.492318526884633994e-04,0.000000000000000000e+00,4.882025866112075363e+01,1.874462163301364059e+00
6.027311899783663102e+04,1.000855524165961796e+00,7.492335916446751743e-04,0.000000000000000000e+00,4.882241459145655682e+01,1.872676981163092114e+00
6.027311945848372852e+04,9.989904152986489594e-01,7.492242173589832915e-04,0.000000000000000000e+00,4.882010012786030018e+01,1.873849916962768480e+00
6.027311991913083330e+04,9.996369104043073550e-01,7.492300591576816094e-04,0.000000000000000000e+00,4.881589157649512600e+01,1.873869069525259334e+00
6.027312037977793807e+04,1.000230962694744097e+00,7.492338374468874174e-04,0.000000000000000000e+00,4.882121602501166535e+01,1.874617483669957174e+00
6.027312084042504284e+04,9.991171778444644103e-01,7.492262621234550748e-04,0.000000000000000000e+00,4.882300607564411621e+01,1.871639777518411707e+00
6.027312130107214762e+04,1.001105706533519824e+00,7.493152943649400476e-04,0.000000000000000000e+00,4.882180385531408717e+01,1.876784941584748401e+00
6.027312176171925239e+04,9.992281883097765549e-01,7.492291674335848110e-04,0.000000000000000000e+00,4.882921663732462747e+01,1.872848156681604204e+00
6.027312222236634989e+04,9.999339002141284238e-01,7.492238625575879966e-04,0.000000000000000000e+00,4.882268771152622122e+01,1.873489811524328141e+00
6.027312268301345466e+04,1.000413352215589358e+00,7.492315369275475041e-04,0.000000000000000000e+00,4.882423359743354041e+01,1.874687726852790615e+00
6.027312314366055944e+04,1.000625755127344974e+00,7.492308106620169331e-04,0.000000000000000000e+00,4.882946885485381472e+01,1.874422279128804769e+00
6.027312360430766421e+04,9.994505859262635683e-01,7.492274201502737178e-04,0.000000000000000000e+00,4.883154145255276291e+01,1.872421636855566618e+00
6.027312406495476898e+04,9.995814288567168582e-01,7.492292035799551046e-04,0.000000000000000000e+00,4.882753198547180062e+01,1.874490218475250325e+00
6.027312452560186648e+04,9.994333594958708655e-01,7.492288660180463408e-04,0.000000000000000000e+00,4.882033742218599315e+01,1.874095290074653031e+00
6.027312498624897125e+04,9.999812166051582629e-01,7.492282558835414641e-04,0.000000000000000000e+00,4.883288788890722287e+01,1.873431751978385185e+00
6.027312544689607603e+04,9.988256063275778862e-01,7.492258113384370373e-04,0.000000000000000000e+00,4.883757158771758355e+01,1.873544454830772921e+00
6.027312590754318080e+04,1.000775007667169980e+00,7.523278584686072992e-04,0.000000000000000000e+00,4.883029771438611988e+01,1.875686352855353567e+00
6.027312636819028558e+04,1.000332640993096822e+00,7.492313482687817027e-04,0.000000000000000000e+00,4.882884418312801955e+01,1.874207087229806445e+00
6.027312682883738307e+04,1.001283062668215873e+00,7.492397018271008437e-04,0.000000000000000000e+00,4.882174921293217551e+01,1.873201084932300864e+00
6.027312728948448785e+04,9.988098994598921809e-01,7.492256268489870617e-04,0.000000000000000000e+00,4.882532989016335279e+01,1.874400502947539904e+00
6.027312775013159262e+04,1.000809663253197312e+00,7.492328439903582450e-04,0.000000000000000000e+00,4.882797123918105342e+01,1.876073558018218401e+00
6.027312821077869012e+04,9.990811814026359094e-01,7.492357717176591821e-04,0.000000000000000000e+00,4.882679222570742184e+01,1.872272397899410246e+00
6.027312867142579489e+04,9.996836347712810822e-01,7.492283668898279837e-04,0.000000000000000000e+00,4.883087823606222599e+01,1.873015009935054875e+00
6.027312913207289967e+04,9.985848576156500789e-01,7.492263262132733796e-04,0.000000000000000000e+00,4.882518327399755265e+01,1.873258554625927275e+00
6.027312959271999716e+04,9.991903686330907419e-01,7.492290571652262393e-04,0.000000000000000000e+00,4.882438019741567814e+01,1.874176571172238015e+00
6.027313005336710194e+04,1.000028367953602393e+00,7.492286860614618760e-04,0.000000000000000000e+00,4.883001010402971076e+01,1.872077299635816816e+00
6.027313051401420671e+04,9.996573578262916149e-01,7.492268868111212534e-04,0.000000000000000000e+00,4.882994547535548691e+01,1.874331512492429130e+00
6.027313097466130421e+04,1.001674806414067920e+00,7.492376071497992233e-04,0.000000000000000000e+00,4.882262053928099732e+01,1.872553963767517482e+00
6.027313143530840898e+04,9.992756909378169849e-01,7.492271555727582225e-04,0.000000000000000000e+00,4.882471880716344970e+01,1.872859845633030984e+00
6.027313189595551376e+04,1.000334421636021043e+00,7.492703038737449743e-04,0.000000000000000000e+00,4.883541920019839466e+01,1.876641489283058739e+00
6.027313235660260398e+04,9.995181383916964535e-01,7.492696226470081699e-04,0.000000000000000000e+00,4.882639549704677506e+01,1.872545367706488495e+00
6.027313281724970875e+04,9.996908894506770782e-01,7.492704119029711639e-04,0.000000000000000000e+00,4.882771870096570410e+01,1.874700013892140138e+00
6.027313327789680625e+04,9.996754074343858765e-01,7.492705166239269207e-04,0.000000000000000000e+00,4.881929597153283851e+01,1.877259338763468399e+00
6.027313373854391102e+04,1.000887500612227754e+00,7.492765690621089585e-04,0.000000000000000000e+00,4.881842211989260250e+01,1.876287785128659014e+00
6.027313419919100852e+04,9.994406669305249125e-01,7.501032638024565614e-04,0.000000000000000000e+00,4.882756698083302638e+01,1.872178243847640644e+00
6.027313465983810602e+04,9.988678579469068008e-01,7.492682339964981588e-04,0.000000000000000000e+00,4.882453360705710566e+01,1.873261996354422365e+00
6.027313512048521079e+04,1.000375087173302147e+00,7.492697999863582974e-04,0.000000000000000000e+00,4.883474340065875197e+01,1.874390077449368253e+00
6.027313558113230829e+04,9.978488025953522467e-01,7.492636639370753608e-04,0.000000000000000000e+00,4.883166666236392928e+01,1.873652629982189399e+00
6.027313604177941306e+04,1.001556433184934036e+00,7.492785097912460328e-04,0.000000000000000000e+00,4.883586569058235227e+01,1.876671500299875062e+00
6.027313650242651056e+04,9.994352873879054355e-01,7.492683170532494141e-04,0.000000000000000000e+00,4.882600311797136783e+01,1.875873875449099337e+00
6.027313696307361533e+04,9.993933051130169387e-01,7.492674580274840714e-04,0.000000000000000000e+00,4.882414642381611003e+01,1.876927120214047395e+00
6.027313742372071283e+04,9.995400138897576614e-01,7.492677179116905657e-04,0.000000000000000000e+00,4.882971782340303690e+01,1.877348820304130417e+00
6.027313788436781761e+04,1.000314228584332943e+00,7.492728598971265313e-04,0.000000000000000000e+00,4.883243941676319366e+01,1.875457509443848148e+00
6.027313834501491510e+04,9.994829886334015701e-01,7.492693902260516656e-04,0.000000000000000000e+00,4.883427948887640468e+01,1.875611419839869010e+00
6.027313880566201988e+04,1.000684127031236770e+00,7.492741991719136310e-04,0.000000000000000000e+00,4.883587489473777055e+01,1.872441683164564497e+00
6.027313926630911737e+04,9.980911641595853201e-01,7.492659940240335931e-04,0.000000000000000000e+00,4.883337189047517057e+01,1.870434615829172031e+00
6.027313972695621487e+04,1.000921144350598535e+00,7.492705383297668456e-04,0.000000000000000000e+00,4.882719923864159739e+01,1.874633250827912656e+00
6.027314018760331965e+04,9.998257655240440078e-01,7.492688623670409323e-04,0.000000000000000000e+00,4.883218940937099006e+01,1.875102271569919044e+00
6.027314064825041714e+04,9.996686963965946138e-01,7.492700431305220629e-04,0.000000000000000000e+00,4.882718699960669539e+01,1.872119106106267639e+00
6.027314110889752192e+04,1.000168384217130724e+00,7.492736573071161329e-04,0.000000000000000000e+00,4.882617531957988177e+01,1.873979793729598553e+00
6.027314156954461941e+04,1.000518392688883429e+00,7.492726038509818498e-04,0.000000000000000000e+00,4.882993237355448457e+01,1.874663581905688048e+00
6.027314203019171691e+04,9.989779070069346734e-01,7.492702168047666450e-04,0.000000000000000000e+00,4.882624856726715734e+01,1.872010255152362079e+00
6.027314249083882169e+04,9.994003723498372516e-01,7.492695755326638429e-04,0.000000000000000000e+00,4.882064000372413659e+01,1.874190841222105774e+00
6.027314295148591918e+04,9.992413176160943600e-01,7.492691625913267938e-04,0.000000000000000000e+00,4.881919774080925833e+01,1.872729745666978918e+00
6.027314341213301668e+04,9.994120608737735445e-01,7.492681296727270743e-04,0.000000000000000000e+00,4.881731473225131879e+01,1.873046057652227425e+00
6.027314387278012146e+04,9.986228794018459087e-01,7.492637358626793968e-04,0.000000000000000000e+00,4.882944089105636465e+01,1.871941665666445598e+00
6.027314433342721895e+04,9.995859764608733267e-01,7.492715051848996936e-04,0.000000000000000000e+00,4.883662089466339040e+01,1.871440000853066721e+00
6.027314479407431645e+04,1.000099902378850825e+00,7.492695400186168446e-04,0.000000000000000000e+00,4.882592174880291225e+01,1.873281042848740530e+00
6.027314525472142122e+04,9.994467646898647084e-01,7.492704178536030782e-04,0.000000000000000000e+00,4.882576482470003754e+01,1.873663123512798956e+00
6.027314571536851872e+04,9.999925400443766543e-01,7.492707201273075173e-04,0.000000000000000000e+00,4.882592304248546355e+01,1.875769504639670515e+00
6.027314617601561622e+04,1.000694080437159794e+00,7.492760183758030495e-04,0.000000000000000000e+00,4.882815320449574870e+01,1.874451250020043869e+00
6.027314663666271372e+04,1.000714746197754357e+00,7.492745911788015190e-04,0.000000000000000000e+00,4.883327010324790507e+01,1.873537017890448020e+00
6.027314709730981122e+04,1.000005716690751889e+00,7.492708516799205043e-04,0.000000000000000000e+00,4.883349337217544672e+01,1.873893550855483481e+00
6.027314755795690871e+04,9.982018102948222449e-01,7.492618002868918579e-04,0.000000000000000000e+00,4.882701634195753826e+01,1.872965476865435352e+00
6.027314801860400621e+04,9.996993856175209192e-01,7.494053679175738739e-04,0.000000000000000000e+00,4.881616495577576131e+01,1.874540935534338093e+00
6.027314847925110371e+04,9.984484308511281103e-01,7.492657438027057774e-04,0.000000000000000000e+00,4.881451084966427345e+01,1.874001460732990676e+00
6.027314893989820121e+04,1.001682630896173709e+00,7.492785628876744370e-04,0.000000000000000000e+00,4.882302968182272451e+01,1.874873106541497858e+00
6.027314940054529870e+04,9.996805762945082385e-01,7.492676167095286806e-04,0.000000000000000000e+00,4.882988440347084236e+01,1.871889859903942632e+00
6.027314986119239620e+04,1.000852643589893898e+00,7.492737602612831345e-04,0.000000000000000000e+00,4.883395156672732895e+01,1.876031766426917713e+00
6.027315032183949370e+04,9.991117433828362593e-01,7.492693171223011820e-04,0.000000000000000000e+00,4.882311860481479471e+01,1.877706737484715838e+00
6.027315078248659120e+04,9.990824083976318493e-01,7.492686114004818744e-04,0.000000000000000000e+00,4.882440122750321621e+01,1.875978962710237230e+00
6.027315124313368869e+04,9.997032567311647799e-01,7.492751242075942810e-04,0.000000000000000000e+00,4.883053067638813616e+01,1.872645458600659563e+00
6.027315170378079347e+04,9.991898548837484517e-01,7.492684095975969249e-04,0.000000000000000000e+00,4.883334802123329865e+01,1.871396070338198880e+00
6.027315216442789097e+04,1.000672329725608156e+00,7.492761686021987173e-04,0.000000000000000000e+00,4.882634206239391972e+01,1.874374001014094349e+00
6.027315262507498846e+04,9.999560106684091121e-01,7.492724636246532541e-04,0.000000000000000000e+00,4.883262967756260764e+01,1.870986950259623693e+00
6.027315308572208596e+04,1.000680673142259058e+00,7.492734356555810077e-04,0.000000000000000000e+00,4.883174844268206982e+01,1.874423242432052605e+00
6.027315354636918346e+04,1.000030699464107720e+00,7.493091869301423498e-04,0.000000000000000000e+00,4.883187130907354856e+01,1.876353232948876126e+00
6.027315400701628096e+04,1.000367293136264157e+00,7.492733818622496732e-04,0.000000000000000000e+00,4.883118040085341960e+01,1.874687278311929939e+00
6.027315446766337845e+04,1.001066411405351575e+00,7.505324992334712298e-04,0.000000000000000000e+00,4.882895447517285703e+01,1.873810912757227776e+00
6.027315492831047595e+04,9.989868057626800635e-01,7.493657884152335903e-04,0.000000000000000000e+00,4.882647322333212259e+01,1.875156449390831037e+00
6.027315538895757345e+04,1.000638250944688279e+00,7.493733745750593474e-04,0.000000000000000000e+00,4.882221546614845664e+01,1.873923608739917812e+00
6.027315584960467095e+04,1.000101716400809471e+00,7.493709320043621036e-04,0.000000000000000000e+00,4.882168902233311769e+01,1.872614838717845842e+00
6.027315631025176845e+04,1.000593801350583512e+00,7.493742857688731086e-04,0.000000000000000000e+00,4.882768293812468130e+01,1.874410324826153440e+00
6.027315677089886594e+04,9.997409089767215207e-01,7.493691525829721369e-04,0.000000000000000000e+00,4.882236922803892298e+01,1.874100811474471495e+00
6.027315723154596344e+04,1.000133825803475318e+00,7.496819269147564097e-04,0.000000000000000000e+00,4.882807286210264408e+01,1.875836897573522455e+00
6.027315769219306094e+04,9.985601413367678481e-01,7.493628186265039858e-04,0.000000000000000000e+00,4.883241994873051794e+01,1.874841043030097021e+00
6.027315815284015844e+04,9.999567513963214527e-01,7.493723099102544624e-04,0.000000000000000000e+00,4.882961250881379556e+01,1.876105693717531997e+00
6.027315861348725593e+04,1.000036113808145277e+00,7.493718524493862311e-04,0.000000000000000000e+00,4.882892549933413306e+01,1.873756762404756415e+00
6.027315907413435343e+04,9.988015534569552045e-01,7.493657327068872342e-04,0.000000000000000000e+00,4.882601310069431122e+01,1.872935885020827085e+00
6.027315953478145093e+04,9.994694023237622460e-01,7.493670905341836891e-04,0.000000000000000000e+00,4.882287532342257919e+01,1.872282800308878059e+00
6.027315999542854843e+04,9.996017032867392516e-01,7.493718335180306160e-04,0.000000000000000000e+00,4.882105711850381624e+01,1.875208571060935858e+00
6.027316045607564593e+04,1.002036235625296534e+00,7.493766611979322916e-04,0.000000000000000000e+00,4.882689181386246702e+01,1.874725534854365661e+00
6.027316091672274342e+04,9.996045271374267571e-01,7.493690857965869040e-04,0.000000000000000000e+00,4.883072588467779696e+01,1.871928962086011561e+00
6.027316137736984092e+04,9.989824928198238752e-01,7.495218965908625975e-04,0.000000000000000000e+00,4.883352983265555025e+01,1.874238164024506936e+00
6.027316183801693842e+04,1.000932467996721087e+00,7.493701123795495304e-04,0.000000000000000000e+00,4.883252950830927830e+01,1.874375701465427424e+00
6.027316229866402136e+04,9.997487785925848192e-01,7.493690266457997710e-04,0.000000000000000000e+00,4.882962541642366716e+01,1.874533388702225301e+00
6.027316275931111886e+04,9.987215487261833502e-01,7.493624586964207435e-04,0.000000000000000000e+00,4.882833060114745649e+01,1.872015825678210899e+00
6.027316321995821636e+04,9.996822772008268077e-01,7.493705158024682993e-04,0.000000000000000000e+00,4.883067740247908972e+01,1.872559116321784956e+00
6.027316368060531386e+04,1.001535354322976801e+00,7.493770425743598003e-04,0.000000000000000000e+00,4.882271299614273374e+01,1.872861264901504175e+00
6.027316414125240408e+04,1.001493516487972357e+00,7.494888864459245620e-04,0.000000000000000000e+00,4.882545141210398754e+01,1.873583111460044526e+00
6.027316460189950158e+04,1.001689459701758045e+00,7.493768033905529253e-04,0.000000000000000000e+00,4.881803376356949542e+01,1.870738706841067023e+00
6.027316506254659180e+04,9.983867378893473976e-01,7.493655611031833311e-04,0.000000000000000000e+00,4.882495263541689212e+01,1.875760209535832557e+00
6.027316552319368930e+04,9.995322792683165591e-01,7.493650077845708316e-04,0.000000000000000000e+00,4.883069826706385186e+01,1.875003104817411392e+00
6.027316598384078679e+04,1.001228755435356721e+00,7.496432049180792824e-04,0.000000000000000000e+00,4.882519843303710871e+01,1.873748660610389027e+00
6.027316644448788429e+04,1.001113211589331975e+00,7.493719694606213507e-04,0.000000000000000000e+00,4.883137866011063721e+01,1.876456552083550777e+00
6.027316690513498179e+04,1.000346062440565120e+00,7.493696806504772248e-04,0.000000000000000000e+00,4.883186328022232203e+01,1.875246305459352669e+00
6.027316736578207201e+04,9.969228043075542001e-01,7.519481408926416335e-04,0.000000000000000000e+00,4.882533188486779352e+01,1.877731046679452342e+00
6.027316782642916951e+04,1.000396339765221798e+00,7.493735221591886183e-04,0.000000000000000000e+00,4.882533304620893233e+01,1.873879552836282159e+00
6.027316828707626701e+04,1.001289415029035013e+00,7.505311411298280127e-04,0.000000000000000000e+00,4.882957384295080772e+01,1.871948705895856158e+00
6.027316874772336450e+04,9.981531788951422124e-01,7.493665673781401380e-04,0.000000000000000000e+00,4.882914080353327080e+01,1.873675836894046709e+00
6.027316920837045473e+04,9.998762811088607316e-01,7.493676478147983560e-04,0.000000000000000000e+00,4.883129084454248670e+01,1.873908332666621046e+00
6.027316966901755222e+04,9.992854008190270587e-01,7.493656558019636156e-04,0.000000000000000000e+00,4.882473181143578955e+01,1.874717387968967364e+00
6.027317012966464972e+04,1.000593385373159894e+00,7.493729822477576252e-04,0.000000000000000000e+00,4.883082533219728560e+01,1.877325767954751479e+00
6.027317059031173994e+04,9.996395417270903527e-01,7.493685228021532791e-04,0.000000000000000000e+00,4.883289553862979204e+01,1.872797556180697320e+00
6.027317105095883744e+04,9.989954285565993963e-01,7.493662273495758051e-04,0.000000000000000000e+00,4.882831615769557487e+01,1.873669931202613492e+00
6.027317151160593494e+04,1.000019255122556405e+00,7.493733197443923225e-04,0.000000000000000000e+00,4.882533779905131865e+01,1.872406697730390146e+00
6.027317197225302516e+04,1.000777439776294742e+00,7.493731403700379769e-04,0.000000000000000000e+00,4.882620717195083415e+01,1.872457297580318869e+00
6.027317243290012266e+04,9.995809917145332957e-01,7.493667362754736485e-04,0.000000000000000000e+00,4.882684588148057969e+01,1.875910471898807330e+00
6.027317289354722016e+04,9.995567466309430715e-01,7.493687759953620827e-04,0.000000000000000000e+00,4.882646979399531517e+01,1.873482273519354591e+00
6.027317335419431038e+04,1.001801680236575898e+00,7.493784364317201702e-04,0.000000000000000000e+00,4.882506519385648858e+01,1.874580595652892701e+00
6.027317381484140788e+04,1.000125165886353695e+00,7.493691050579520847e-04,0.000000000000000000e+00,4.882748492594163281e+01,1.870697200095798873e+00
6.027317427548849810e+04,9.994159533260182915e-01,7.493685502947121813e-04,0.000000000000000000e+00,4.882692633807423732e+01,1.872362124066568212e+00
6.027317473613559559e+04,1.000638470528214086e+00,7.500969283246428608e-04,0.000000000000000000e+00,4.882840708292064846e+01,1.874285809700644290e+00
6.027317519678268582e+04,1.000334565593965053e+00,7.493710742407024309e-04,0.000000000000000000e+00,4.882988276215490231e+01,1.873902054473293166e+00
6.027317565742978331e+04,9.993228798355795472e-01,7.493649032556126428e-04,0.000000000000000000e+00,4.883452645429561301e+01,1.875791280981943032e+00
6.027317611807688081e+04,9.988441999020432061e-01,7.493677623686081533e-04,0.000000000000000000e+00,4.883136922445005723e+01,1.873318823699099855e+00
6.027317657872397103e+04,1.000208308502002819e+00,7.493688156660387656e-04,0.000000000000000000e+00,4.882879284283642107e+01,1.871863368477797218e+00
6.027317703937106126e+04,9.995609257719135776e-01,7.494243295443091040e-04,0.000000000000000000e+00,4.882125485024010914e+01,1.871543322335629700e+00
6.027317750001815148e+04,1.001795015042424186e+00,7.494303554489818112e-04,0.000000000000000000e+00,4.882398102694639874e+01,1.876601688020277381e+00
6.027317796066524897e+04,1.000186718287066956e+00,7.494214402102632134e-04,0.000000000000000000e+00,4.882845251640824813e+01,1.871880506045129344e+00
6.027317842131233920e+04,9.992688643505355239e-01,7.494202629154165336e-04,0.000000000000000000e+00,4.883384323758714629e+01,1.869273473677534936e+00
6.027317888195942942e+04,1.001409965534309832e+00,7.494303946604629870e-04,0.000000000000000000e+00,4.882680632796824227e+01,1.872765837992459437e+00
6.027317934260651964e+04,1.000036044335782970e+00,7.494248466379996700e-04,0.000000000000000000e+00,4.882479381212026937e+01,1.875016803707906909e+00
6.027317980325360986e+04,9.998798500095809061e-01,7.494236385790465586e-04,0.000000000000000000e+00,4.883121859611394200e+01,1.874108464256221573e+00
6.027318026390070736e+04,1.001028802775035587e+00,7.494268028590323795e-04,0.000000000000000000e+00,4.883450173877066902e+01,1.873367098530567043e+00
6.027318072454779758e+04,9.994344064774116632e-01,7.494240617441963979e-04,0.000000000000000000e+00,4.883040154508189090e+01,1.872817698914723605e+00
6.027318118519489508e+04,9.985575723753032928e-01,7.494158364273889594e-04,0.000000000000000000e+00,4.883452897993350916e+01,1.874657888160019326e+00
6.027318164584198530e+04,1.000511014256502795e+00,7.494227338444216669e-04,0.000000000000000000e+00,4.883251080092095719e+01,1.875253551374500338e+00
6.027318210648908280e+04,1.000835471351543937e+00,7.494251417630968821e-04,0.000000000000000000e+00,4.882553410240620906e+01,1.876441418427401642e+00
6.027318256713617302e+04,1.001543823635665520e+00,7.494292373420065323e-04,0.000000000000000000e+00,4.882321696516849840e+01,1.873712760691704782e+00
6.027318302778326324e+04,9.986693263703834145e-01,7.496676681929651280e-04,0.000000000000000000e+00,4.882448092827591068e+01,1.874431195791690374e+00
6.027318348843036074e+04,9.990269219025847969e-01,7.494199775249583062e-04,0.000000000000000000e+00,4.882657231106438900e+01,1.871152566496597558e+00
6.027318394907745096e+04,9.993400123982829619e-01,7.494183042824388314e-04,0.000000000000000000e+00,4.882748736371544851e+01,1.873098696967313570e+00
6.027318440972454118e+04,1.001637896869960853e+00,7.494279767713210453e-04,0.000000000000000000e+00,4.883174055905305977e+01,1.877542449762583665e+00
6.027318487037163868e+04,9.975807648248452564e-01,7.494166460032926705e-04,0.000000000000000000e+00,4.882453744026646802e+01,1.871756079144297757e+00
6.027318533101872890e+04,1.000350749805083872e+00,7.494257590201979999e-04,0.000000000000000000e+00,4.882400718942890450e+01,1.872229001700253193e+00
6.027318579166581912e+04,9.993315260162912717e-01,7.494243573444774129e-04,0.000000000000000000e+00,4.881462789571136085e+01,1.873304699270888163e+00
6.027318625231291662e+04,9.997513085706476454e-01,7.494239704649416269e-04,0.000000000000000000e+00,4.882017800988244005e+01,1.873831315127507224e+00
6.027318671296000684e+04,9.995826103768319371e-01,7.494232863232685180e-04,0.000000000000000000e+00,4.882302495669784292e+01,1.873132727389694052e+00
6.027318717360709707e+04,9.985250579837643414e-01,7.494166891214847385e-04,0.000000000000000000e+00,4.882217821877290476e+01,1.873505541675973829e+00
6.027318763425418729e+04,9.997892778613642895e-01,7.495346321820939425e-04,0.000000000000000000e+00,4.881744200661284339e+01,1.875742724190540001e+00
6.027318809490128479e+04,9.992551186575083788e-01,7.494237721556592201e-04,0.000000000000000000e+00,4.881493862624039082e+01,1.872758072387531003e+00
6.027318855554837501e+04,9.997740707288553796e-01,7.494221093944535873e-04,0.000000000000000000e+00,4.882319275638388234e+01,1.874684154116293744e+00
6.027318901619546523e+04,9.993368417225626521e-01,7.494207340614761998e-04,0.000000000000000000e+00,4.883090273918310231e+01,1.873297997874811216e+00
6.027318947684255545e+04,9.993882889549484672e-01,7.494199240122196865e-04,0.000000000000000000e+00,4.883550125544923759e+01,1.873492310837423291e+00
6.027318993748965295e+04,1.002275261718353017e+00,7.494290527549842158e-04,0.000000000000000000e+00,4.882832591028134317e+01,1.874076230482607297e+00
6.027319039813674317e+04,9.999308239115622943e-01,7.494245164708003169e-04,0.000000000000000000e+00,4.882589197156596583e+01,1.872268634965185807e+00
6.027319085878383339e+04,1.000907579562087646e+00,7.494254786057852813e-04,0.000000000000000000e+00,4.882441695681455940e+01,1.872539146867861160e+00
6.027319131943092361e+04,1.000221600902457153e+00,7.494246392171020465e-04,0.000000000000000000e+00,4.882397152581837929e+01,1.872553017793827879e+00
6.027319178007800656e+04,9.994602156717221630e-01,7.494220802916211387e-04,0.000000000000000000e+00,4.882780562754099662e+01,1.875065437389637824e+00
6.027319224072509678e+04,1.000275838472794776e+00,7.494224957774291151e-04,0.000000000000000000e+00,4.882642251347489548e+01,1.871988456027039671e+00
6.027319270137219428e+04,1.000007531871090816e+00,7.494257366291977047e-04,0.000000000000000000e+00,4.882649731057973952e+01,1.872217509307515293e+00
6.027319316201928450e+04,1.000620526031714475e+00,7.494255820107056498e-04,0.000000000000000000e+00,4.882182120725910579e+01,1.872867653233755814e+00
6.027319362266636745e+04,9.999583590227582031e-01,7.494252364175082526e-04,0.000000000000000000e+00,4.882968474607194764e+01,1.873102433610463136e+00
6.027319408331345767e+04,9.983939511224783070e-01,7.496316606703204866e-04,0.000000000000000000e+00,4.882742536232456843e+01,1.873804208105870117e+00
6.027319454396054789e+04,9.996962464434193674e-01,7.494225065809910448e-04,0.000000000000000000e+00,4.882186857357784504e+01,1.873652097646094417e+00
6.027319500460763811e+04,9.990406996306886445e-01,7.494189458806091485e-04,0.000000000000000000e+00,4.882439015643733882e+01,1.872518004692924398e+00
6.027319546525472833e+04,1.000178682546957631e+00,7.494222253342245005e-04,0.000000000000000000e+00,4.883310454877415197e+01,1.873105010798993053e+00
6.027319592590181855e+04,1.000218235527298605e+00,7.494208756775929282e-04,0.000000000000000000e+00,4.883608699673958142e+01,1.875289213943481803e+00
6.027319638654890878e+04,9.997273519790136342e-01,7.494237744328563142e-04,0.000000000000000000e+00,4.883331874159184594e+01,1.873387937921347834e+00
6.027319684719599900e+04,1.000353838073428703e+00,7.494217873146584614e-04,0.000000000000000000e+00,4.883972122706845198e+01,1.874600465838025087e+00
6.027319730784308922e+04,9.992672331377802086e-01,7.494200828305379921e-04,0.000000000000000000e+00,4.883455112856236013e+01,1.874923799548150916e+00
6.027319776849017944e+04,1.001155041348571917e+00,7.494276445451087927e-04,0.000000000000000000e+00,4.883339263623901871e+01,1.875643795962201654e+00
6.027319822913726966e+04,9.998921849641427828e-01,7.494223362273618383e-04,0.000000000000000000e+00,4.883748250820364945e+01,1.871329518778291900e+00
6.027319868978435989e+04,1.000862604722788651e+00,7.494292844794222478e-04,0.000000000000000000e+00,4.883111112644272112e+01,1.872075309230579743e+00
6.027319915043145011e+04,9.996765627255459474e-01,7.494244595078306025e-04,0.000000000000000000e+00,4.882659345612840696e+01,1.874616438700368981e+00
6.027319961107854033e+04,9.999663726272646214e-01,7.493548875599219698e-04,0.000000000000000000e+00,4.882295592463212586e+01,1.874579496772807552e+00
6.027320007172563055e+04,1.000200497215975703e+00,7.493503198434805579e-04,0.000000000000000000e+00,4.881955470560874488e+01,1.872978756216518770e+00
6.027320053237272077e+04,9.993332514543916689e-01,7.493467716173617121e-04,0.000000000000000000e+00,4.882615205669374348e+01,1.872536305875185159e+00
6.027320099301981099e+04,9.999024156313295331e-01,7.493505295410495459e-04,0.000000000000000000e+00,4.882028107612276813e+01,1.871401143994656957e+00
6.027320145366690122e+04,9.986056815248697260e-01,7.493412208402850175e-04,0.000000000000000000e+00,4.883065903143612729e+01,1.872980993851588227e+00
6.027320191431399144e+04,1.000321540398548148e+00,7.493478984260372672e-04,0.000000000000000000e+00,4.883729575974148673e+01,1.875675205984406402e+00
6.027320237496108166e+04,9.998345045977429235e-01,7.493497205953739094e-04,0.000000000000000000e+00,4.883643390746817659e+01,1.871731320259632625e+00
6.027320283560817188e+04,1.001225460715409410e+00,7.493507081076210144e-04,0.000000000000000000e+00,4.883732883044636708e+01,1.875732115861558524e+00
6.027320329625526210e+04,9.989217472556304322e-01,7.493426029734433745e-04,0.000000000000000000e+00,4.883245914374285945e+01,1.875851036132049288e+00
6.027320375690234505e+04,9.984391199347149026e-01,7.493425164103391422e-04,0.000000000000000000e+00,4.883811416159902308e+01,1.873526532526845312e+00
6.027320421754943527e+04,1.001230503829344309e+00,7.493537519453774033e-04,0.000000000000000000e+00,4.882899132739551362e+01,1.873777054293366273e+00
6.027320467819652549e+04,1.001158465406948084e+00,7.493525877603330297e-04,0.000000000000000000e+00,4.882689185672887078e+01,1.874378533066311192e+00
6.027320513884361571e+04,1.000119979077914056e+00,7.493512312511325978e-04,0.000000000000000000e+00,4.883692571829048035e+01,1.873515866456757717e+00
6.027320559949070594e+04,9.993323504065773077e-01,7.493425051646498665e-04,0.000000000000000000e+00,4.884413151771865103e+01,1.872997500499628654e+00
6.027320606013779616e+04,1.002633527718516104e+00,7.493566679931329888e-04,0.000000000000000000e+00,4.883515589728791895e+01,1.876020631979133713e+00
6.027320652078487183e+04,1.002385035830552384e+00,7.493562222963699639e-04,0.000000000000000000e+00,4.883373729071076497e+01,1.875863805452835820e+00
6.027320698143196205e+04,9.996660582620556790e-01,7.493467833435228783e-04,0.000000000000000000e+00,4.883708383247093821e+01,1.872875539916050602e+00
6.027320744207905227e+04,1.000450133523544061e+00,7.493486751195472303e-04,0.000000000000000000e+00,4.884105422994662149e+01,1.874605518757193723e+00
6.027320790272614249e+04,9.995476015155257965e-01,7.493487737696889967e-04,0.000000000000000000e+00,4.883428574955301826e+01,1.871190668548284419e+00
6.027320836337322544e+04,1.000023084688713038e+00,7.493512352032947630e-04,0.000000000000000000e+00,4.883979078130857232e+01,1.874782899633739675e+00
6.027320882402030838e+04,1.002249338008772694e+00,7.516244249230251504e-04,0.000000000000000000e+00,4.884085929944087212e+01,1.875312844542084356e+00
6.027320928466739861e+04,9.983004622642529524e-01,7.493425961124958005e-04,0.000000000000000000e+00,4.884094188913037726e+01,1.871995658459370437e+00
6.027320974531448883e+04,1.000042137737688464e+00,7.493489314379458109e-04,0.000000000000000000e+00,4.883584379873961723e+01,1.874715311097606918e+00
6.027321020596157905e+04,1.000374443844040284e+00,7.493486077549027687e-04,0.000000000000000000e+00,4.883144036734216797e+01,1.873651412985543718e+00
6.027321066660866200e+04,1.001701789375854412e+00,7.493536331287402102e-04,0.000000000000000000e+00,4.883380121241349059e+01,1.871836839597683877e+00
6.027321112725575222e+04,9.997587203085227525e-01,7.493474203073257614e-04,0.000000000000000000e+00,4.884186344736609442e+01,1.872504556158154809e+00
6.027321158790284244e+04,1.001656589862106372e+00,7.493510688995945685e-04,0.000000000000000000e+00,4.884269836323072411e+01,1.873715575269589539e+00
6.027321204854992538e+04,1.001384832676467607e+00,7.493508935591399562e-04,0.000000000000000000e+00,4.884827633326361251e+01,1.874233306228366480e+00
6.027321250919701561e+04,9.994064833905778045e-01,7.493473837807437636e-04,0.000000000000000000e+00,4.883944546404761411e+01,1.873919144688016569e+00
6.027321296984410583e+04,1.001172276323371690e+00,7.493500827077023132e-04,0.000000000000000000e+00,4.883607015518013839e+01,1.874639946705318305e+00
6.027321343049118877e+04,9.987519969102447437e-01,7.493471927542524804e-04,0.000000000000000000e+00,4.883100653470645369e+01,1.875089213105149977e+00
6.027321389113827900e+04,9.992454000708727024e-01,7.493455033923847449e-04,0.000000000000000000e+00,4.882893644154558643e+01,1.873622485545461069e+00
6.027321435178536194e+04,1.000729754091433943e+00,7.493498300188322679e-04,0.000000000000000000e+00,4.884160780780880629e+01,1.873262798764774084e+00
6.027321481243245216e+04,1.000171695169156605e+00,7.493487653584270753e-04,0.000000000000000000e+00,4.883658999439015247e+01,1.871982630022268168e+00
6.027321527307954238e+04,1.000729559788549938e+00,7.493522818315585289e-04,0.000000000000000000e+00,4.882415846848152086e+01,1.874596251396340119e+00
6.027321573372662533e+04,1.000737778714792192e+00,7.493521279290182944e-04,0.000000000000000000e+00,4.883249743417627542e+01,1.875769525585572639e+00
6.027321619437371555e+04,1.000363378070334930e+00,7.493494864039258827e-04,0.000000000000000000e+00,4.883582388652514794e+01,1.874048323075822919e+00
6.027321665502079850e+04,1.001094561857583498e+00,7.493538696815275511e-04,0.000000000000000000e+00,4.883094420356253096e+01,1.873960286354679816e+00
6.027321711566788872e+04,9.999677994725514329e-01,7.493480343040713519e-04,0.000000000000000000e+00,4.883094999471617825e+01,1.872273888995912516e+00
6.027321757631497167e+04,9.993797836971346493e-01,7.493481411632506263e-04,0.000000000000000000e+00,4.883059917502650649e+01,1.871950551579143696e+00
6.027321803696206189e+04,1.001166305322902739e+00,7.493539478796702822e-04,0.000000000000000000e+00,4.883518413788676327e+01,1.874838562851469659e+00
6.027321849760914483e+04,9.992191629283831977e-01,7.493438133649776628e-04,0.000000000000000000e+00,4.883908163757384102e+01,1.873685254210446516e+00
6.027321895825623506e+04,9.994582298570254819e-01,7.493446008283732602e-04,0.000000000000000000e+00,4.883566227446369368e+01,1.870753659752438791e+00
6.027321941890331800e+04,9.965015861389348029e-01,7.493351692506298491e-04,0.000000000000000000e+00,4.883568429024441571e+01,1.871463842524028864e+00
6.027321987955040822e+04,9.957919489121024315e-01,7.493338193418918897e-04,0.000000000000000000e+00,4.883068533917281684e+01,1.872305800516668173e+00
6.027322034019749117e+04,9.952504217990121305e-01,7.493282257575053064e-04,0.000000000000000000e+00,4.883795587777626679e+01,1.875994259506620798e+00
6.027322080084458139e+04,9.932520088397192026e-01,7.493214475114915720e-04,0.000000000000000000e+00,4.883692248560289784e+01,1.872908998788190171e+00
6.027322126149166434e+04,9.954797637174161995e-01,7.493304252744186367e-04,0.000000000000000000e+00,4.883438737635358962e+01,1.873763708266568129e+00
6.027322172213874728e+04,9.942232848610873530e-01,7.493237478646088724e-04,0.000000000000000000e+00,4.883008346932341937e+01,1.876434301038695018e+00
6.027322218278583023e+04,9.936487159929106028e-01,7.479739324328097587e-04,0.000000000000000000e+00,4.883872641597387343e+01,1.873070074908473215e+00
6.027322264343292045e+04,9.927003784559547128e-01,7.479720593552899571e-04,0.000000000000000000e+00,4.883905369591620627e+01,1.871129177067918148e+00
6.027322310408000340e+04,9.906162988589342078e-01,7.483120959804858210e-04,0.000000000000000000e+00,4.884053532382235119e+01,1.872543687184236028e+00
6.027322356472707907e+04,9.921558250266160339e-01,7.479679795599879092e-04,0.000000000000000000e+00,4.883456486029437116e+01,1.871786034914948438e+00
6.027322402537416929e+04,9.916159080238233781e-01,7.479663839481247864e-04,0.000000000000000000e+00,4.883430834450277302e+01,1.874913970555379006e+00
6.027322448602125223e+04,9.925388518348642330e-01,7.479688307551869784e-04,0.000000000000000000e+00,4.883051737397536129e+01,1.872993827580957005e+00
6.027322494666833518e+04,9.920435217524222749e-01,7.479692191504853233e-04,0.000000000000000000e+00,4.883762486178072493e+01,1.872347300039005846e+00
6.027322540731542540e+04,9.939497476969776368e-01,7.479728894852122247e-04,0.000000000000000000e+00,4.883976446149414841e+01,1.877200106524543832e+00
6.027322586796250835e+04,9.919381560378699447e-01,7.479673825632857272e-04,0.000000000000000000e+00,4.883678373455080646e+01,1.872739904576180558e+00
6.027322632860959129e+04,9.931582330539698855e-01,7.479728171078471642e-04,0.000000000000000000e+00,4.884102504400188849e+01,1.874654819991245613e+00
6.027322678925668151e+04,9.923628052593201909e-01,7.479712258271960798e-04,0.000000000000000000e+00,4.884062821318941161e+01,1.872780821330148227e+00
6.027322724990376446e+04,9.921549621673582120e-01,7.480318657231295985e-04,0.000000000000000000e+00,4.884006312464426003e+01,1.873953508325369999e+00
6.027322771055084741e+04,9.913334054867098954e-01,7.479642318044646713e-04,0.000000000000000000e+00,4.884062425338605351e+01,1.872881807621520123e+00
6.027322817119793763e+04,9.935112519679917265e-01,7.479705044402189078e-04,0.000000000000000000e+00,4.884588567947440652e+01,1.874511076980891477e+00
6.027322863184502057e+04,9.937224757817444409e-01,7.479724281007835152e-04,0.000000000000000000e+00,4.884218903016462576e+01,1.874255270192493938e+00
6.027322909249210352e+04,9.931032161230239907e-01,7.479710630096143972e-04,0.000000000000000000e+00,4.883462837036663728e+01,1.875233609362698450e+00
6.027322955313918646e+04,9.930089214432525901e-01,7.479715355103614760e-04,0.000000000000000000e+00,4.883166912188585940e+01,1.875136277089887615e+00
6.027323001378627669e+04,9.927666914630868256e-01,7.479761762131464193e-04,0.000000000000000000e+00,4.882893299173350954e+01,1.872603369798433670e+00
6.027323047443335963e+04,9.914845820219504446e-01,7.479677843703815693e-04,0.000000000000000000e+00,4.882769426171817884e+01,1.870673494571492235e+00
6.027323093508044258e+04,9.925548074664340970e-01,7.479704574079512874e-04,0.000000000000000000e+00,4.881915981219477629e+01,1.873011129419861254e+00
6.027323139572752552e+04,9.919893274723809995e-01,7.479718405784363360e-04,0.000000000000000000e+00,4.882761834307542159e+01,1.870818837130274526e+00
6.027323185637460847e+04,9.924472483980836257e-01,7.479704955827797116e-04,0.000000000000000000e+00,4.883422605379941928e+01,1.875190196272653820e+00
6.027323231702169869e+04,9.923290051351995045e-01,7.479686037437414210e-04,0.000000000000000000e+00,4.883910559833752529e+01,1.874217150703263224e+00
6.027323277766878164e+04,9.936615528318040180e-01,7.479763660647534024e-04,0.000000000000000000e+00,4.883671528562820896e+01,1.874843018106961079e+00
6.027323323831586458e+04,9.931953659047473293e-01,7.479701195631772125e-04,0.000000000000000000e+00,4.883666359046540606e+01,1.875632561222846606e+00
6.027323369896294753e+04,9.921277561669760159e-01,7.479657124329562286e-04,0.000000000000000000e+00,4.883391143113235700e+01,1.876009454382213892e+00
6.027323415961003047e+04,9.915923757484820245e-01,7.479650482469062112e-04,0.000000000000000000e+00,4.883797683470783824e+01,1.871009636840087920e+00
6.027323462025711342e+04,9.923922940581465513e-01,7.479666225536453278e-04,0.000000000000000000e+00,4.884216870556755197e+01,1.874460267690508886e+00
6.027323508090419637e+04,9.921960955077553379e-01,7.479675256839615196e-04,0.000000000000000000e+00,4.883393951721953385e+01,1.873656128499410878e+00
6.027323554155128659e+04,9.927175905301228731e-01,7.479700584169724680e-04,0.000000000000000000e+00,4.883066709519858506e+01,1.873795946735560713e+00
6.027323600219836953e+04,9.920993987720013729e-01,7.479742364482410777e-04,0.000000000000000000e+00,4.882890593343127250e+01,1.872242656205103106e+00
6.027323646284544520e+04,9.922648375670114484e-01,7.479698484457928103e-04,0.000000000000000000e+00,4.882678456111025866e+01,1.870284483580642698e+00
6.027323692349252815e+04,9.938044301562999339e-01,7.479770059658094822e-04,0.000000000000000000e+00,4.883173097492440462e+01,1.874642930075807845e+00
6.027323738413961109e+04,9.919305344798305946e-01,7.479687428316011402e-04,0.000000000000000000e+00,4.882787648701000194e+01,1.871579496620416228e+00
6.027323784478669404e+04,9.921776315164432258e-01,7.479701998422856601e-04,0.000000000000000000e+00,4.883088324827789251e+01,1.872900731772007443e+00
6.027323830543376971e+04,9.921091188177124653e-01,7.479687269855630084e-04,0.000000000000000000e+00,4.883302784962624798e+01,1.873814776973903973e+00
6.027323876608085266e+04,9.926028453928976703e-01,7.479738501874862514e-04,0.000000000000000000e+00,4.882892353627998716e+01,1.876016750682620415e+00
6.027323922672793560e+04,9.938997015488189035e-01,7.479747279989379253e-04,0.000000000000000000e+00,4.883968166696331537e+01,1.874132609404931760e+00
6.027323968737501855e+04,9.931178404789604564e-01,7.479727059202290239e-04,0.000000000000000000e+00,4.883344156358389654e+01,1.875446728048972833e+00
6.027324014802210149e+04,9.933501693489974471e-01,7.479767875440328315e-04,0.000000000000000000e+00,4.882898455691876904e+01,1.876113528521203166e+00
6.027324060866918444e+04,9.918924537073198211e-01,7.492039499876391615e-04,0.000000000000000000e+00,4.883005640993773966e+01,1.875932574832290811e+00
6.027324106931626739e+04,9.937461741194923981e-01,7.479779920127692773e-04,0.000000000000000000e+00,4.883092389016536572e+01,1.870673650259895515e+00
6.027324152996335033e+04,9.918665265239585693e-01,7.479695798678499385e-04,0.000000000000000000e+00,4.882796198305548785e+01,1.873155741084538084e+00
6.027324199061043328e+04,9.924096528629309244e-01,7.479720421674459271e-04,0.000000000000000000e+00,4.882919098387750267e+01,1.874680317065371193e+00
6.027324245125751622e+04,9.940128438236588426e-01,7.479772532166943958e-04,0.000000000000000000e+00,4.883479205668402301e+01,1.872773604574411666e+00
6.027324291190459917e+04,9.931388321055599766e-01,7.479707306949186707e-04,0.000000000000000000e+00,4.883224645747110060e+01,1.874083664266400717e+00
6.027324337255168211e+04,9.934190122495571984e-01,7.479734732749829815e-04,0.000000000000000000e+00,4.883227316329188028e+01,1.873597804572107339e+00
6.027324383319875778e+04,9.933078754820757750e-01,7.479727059635100494e-04,0.000000000000000000e+00,4.883703037197648911e+01,1.873814261062832776e+00
6.027324429384584073e+04,9.928641364308977701e-01,7.479731560376047961e-04,0.000000000000000000e+00,4.883032731561070960e+01,1.872752776861346335e+00
6.027324475449292368e+04,9.924960989911337794e-01,7.493543676585357046e-04,0.000000000000000000e+00,4.882518287116263878e+01,1.875748284152551015e+00
6.027324521514000662e+04,9.934908431651664484e-01,7.493569557065672291e-04,0.000000000000000000e+00,4.882972177310485051e+01,1.873983638663408335e+00
6.027324567578708957e+04,9.956586149824341314e-01,7.493512301208503151e-04,0.000000000000000000e+00,4.883279265331133701e+01,1.872652755409061065e+00
6.027324613643417251e+04,9.942436813814392593e-01,7.493593244170124656e-04,0.000000000000000000e+00,4.882749731731900056e+01,1.874169123744683141e+00
6.027324659708125546e+04,9.967818896043638688e-01,7.493707389044010608e-04,0.000000000000000000e+00,4.882873772109342525e+01,1.873064914579626983e+00
6.027324705772833113e+04,9.979454787135487726e-01,7.493736556083266430e-04,0.000000000000000000e+00,4.883014963679700315e+01,1.871490415446553701e+00
6.027324751837541407e+04,9.984412292715145743e-01,7.493761862006691980e-04,0.000000000000000000e+00,4.883049641253741413e+01,1.872930713881823417e+00
6.027324797902249702e+04,9.989515934800662356e-01,7.493795975076506660e-04,0.000000000000000000e+00,4.883371941826320750e+01,1.873584249463981388e+00
6.027324843966957997e+04,9.994290552420199703e-01,7.493793101209206926e-04,0.000000000000000000e+00,4.883608889466599123e+01,1.873019344615300064e+00
6.027324890031666291e+04,9.983358523063807777e-01,7.493844497000650209e-04,0.000000000000000000e+00,4.883575488632730099e+01,1.874774823783940114e+00
6.027324936096373858e+04,1.001278430745169423e+00,7.493855894507483930e-04,0.000000000000000000e+00,4.883104520505921897e+01,1.874180090195666670e+00
6.027324982161082153e+04,1.000514546634140967e+00,7.493850504622600033e-04,0.000000000000000000e+00,4.883506672976929508e+01,1.874309341672951934e+00
6.027325028225790447e+04,1.000780511833752717e+00,7.493818511713143393e-04,0.000000000000000000e+00,4.883726321455101527e+01,1.875396327183507683e+00
6.027325074290498742e+04,9.991664744691632905e-01,7.493778691357662509e-04,0.000000000000000000e+00,4.883425766746998420e+01,1.872696718370216784e+00
6.027325120355205581e+04,9.989578598264885478e-01,7.493763583101001801e-04,0.000000000000000000e+00,4.883253211865514487e+01,1.873578840728273409e+00
6.027325166419913876e+04,1.000384268577981128e+00,7.493847522379811811e-04,0.000000000000000000e+00,4.883126878872668897e+01,1.873760462211706113e+00
6.027325212484622170e+04,9.996748887298999575e-01,7.493809960904392010e-04,0.000000000000000000e+00,4.883407738253509223e+01,1.874036411446977191e+00
6.027325258549329737e+04,1.000419927628237726e+00,7.493832377405395531e-04,0.000000000000000000e+00,4.883508180473845073e+01,1.874269464050279277e+00
6.027325304614037304e+04,1.000430636858130162e+00,7.493833693237866725e-04,0.000000000000000000e+00,4.883120472697230241e+01,1.873614442940883196e+00
6.027325350678745599e+04,1.000451716294391780e+00,7.493831622030283027e-04,0.000000000000000000e+00,4.883073652688546673e+01,1.874735409414912235e+00
6.027325396743453166e+04,1.000112860791493086e+00,7.493810132095118535e-04,0.000000000000000000e+00,4.882863577519220399e+01,1.872882357840481626e+00
6.027325442808161461e+04,1.000412734067505083e+00,7.501679324526559301e-04,0.000000000000000000e+00,4.883320864921282123e+01,1.873253136783489259e+00
6.027325488872869755e+04,1.000949229401071561e+00,7.493870525145998867e-04,0.000000000000000000e+00,4.883275662535253758e+01,1.874242941477143987e+00
6.027325534937577322e+04,9.987948317048588320e-01,7.493780460836097813e-04,0.000000000000000000e+00,4.882738639988331641e+01,1.872877303193261733e+00
6.027325581002285617e+04,1.000641871900249003e+00,7.493790255254405893e-04,0.000000000000000000e+00,4.883084919443646754e+01,1.876496918899828614e+00
6.027325627066993911e+04,9.996363752800720981e-01,7.493821187727266143e-04,0.000000000000000000e+00,4.883921776099440848e+01,1.871890923920447092e+00
6.027325673131701478e+04,9.997916020048052133e-01,7.493795764963548812e-04,0.000000000000000000e+00,4.883694321680668793e+01,1.876691989514000847e+00
6.027325719196409773e+04,9.995364959339225752e-01,7.493812137688484615e-04,0.000000000000000000e+00,4.883365871000408021e+01,1.871806508722765106e+00
6.027325765261117340e+04,9.996067035344300411e-01,7.493785776693270666e-04,0.000000000000000000e+00,4.883503378752320856e+01,1.872657658700579653e+00
6.027325811325825634e+04,9.996182607872434733e-01,7.493802928431639006e-04,0.000000000000000000e+00,4.883207847876913377e+01,1.872851409139060452e+00
6.027325857390533201e+04,1.002444243732625084e+00,7.511042914088512023e-04,0.000000000000000000e+00,4.883052626373805083e+01,1.871641152435724376e+00
6.027325903455241496e+04,9.996917218493150958e-01,7.493805361521536099e-04,0.000000000000000000e+00,4.882848312257679879e+01,1.872420661229648564e+00
6.027325949519949063e+04,1.000913513658867160e+00,7.493860504114648220e-04,0.000000000000000000e+00,4.882072466718997106e+01,1.873194487711022926e+00
6.027325995584657358e+04,9.992797043634875642e-01,7.493809453170943626e-04,0.000000000000000000e+00,4.883163143969545672e+01,1.871179911417532260e+00
6.027326041649364925e+04,1.000026201426543304e+00,7.493794517685968114e-04,0.000000000000000000e+00,4.883045559728006424e+01,1.874026636554962932e+00
6.027326087714073219e+04,9.992108764818408151e-01,7.496173164239089415e-04,0.000000000000000000e+00,4.883466032894487086e+01,1.872637473380409645e+00
6.027326133778780786e+04,9.980946290560149814e-01,7.493745194930408410e-04,0.000000000000000000e+00,4.883010053754159685e+01,1.872314069425488281e+00
6.027326179843489081e+04,9.986996050855625473e-01,7.493811725283234691e-04,0.000000000000000000e+00,4.883004631254429029e+01,1.873192363200171018e+00
6.027326225908196648e+04,9.995577529584159793e-01,7.505828821884766387e-04,0.000000000000000000e+00,4.882669702342722218e+01,1.877407635045396539e+00
6.027326271972904942e+04,1.000452120138715983e+00,7.493867211832200195e-04,0.000000000000000000e+00,4.883045490676648370e+01,1.876259524314449978e+00
6.027326318037612509e+04,9.988449255523287329e-01,7.493760958476263336e-04,0.000000000000000000e+00,4.883146259424205482e+01,1.874680714251041103e+00
6.027326364102320804e+04,1.000020172951463726e+00,7.494001491934598877e-04,0.000000000000000000e+00,4.883352064137589110e+01,1.874928667591432507e+00
6.027326410167028371e+04,9.989796271336219835e-01,7.493768836765128801e-04,0.000000000000000000e+00,4.883012259204750904e+01,1.874062340859158793e+00
6.027326456231735938e+04,9.994593308070346405e-01,7.493824159621137546e-04,0.000000000000000000e+00,4.882607880704797765e+01,1.873292312152435191e+00
6.027326502296444232e+04,1.000468204515002402e+00,7.493851533830581894e-04,0.000000000000000000e+00,4.883083528606832147e+01,1.872581313264997771e+00
6.027326548361151799e+04,1.001188542207377186e+00,7.493896284910413728e-04,0.000000000000000000e+00,4.882882277716279162e+01,1.874722818848708616e+00
6.027326594425860094e+04,9.981294754842310324e-01,7.493765698907849018e-04,0.000000000000000000e+00,4.882515712388231321e+01,1.874967983377773040e+00
6.027326640490566933e+04,1.000126465404914011e+00,7.493804869273753850e-04,0.000000000000000000e+00,4.884013157143412087e+01,1.872609257766922219e+00
6.027326686555274500e+04,1.001108251124342541e+00,7.493833602786665509e-04,0.000000000000000000e+00,4.882836610004792277e+01,1.874292696476634434e+00
6.027326732619982795e+04,1.000052911188404892e+00,7.495087172812035835e-04,0.000000000000000000e+00,4.882683766456825936e+01,1.873470978357351546e+00
6.027326778684690362e+04,9.987781388770398117e-01,7.495027603024465241e-04,0.000000000000000000e+00,4.882821504360988740e+01,1.873339625476822645e+00
6.027326824749397201e+04,1.000137428553340202e+00,7.495115268498837207e-04,0.000000000000000000e+00,4.883240696451088070e+01,1.876658367893806467e+00
6.027326870814105496e+04,1.000219726845892332e+00,7.495048073717278624e-04,0.000000000000000000e+00,4.883201121737134542e+01,1.874990058864547615e+00
6.027326916878813063e+04,9.998834983243227725e-01,7.495070319006221773e-04,0.000000000000000000e+00,4.882364680654351474e+01,1.874532500795397905e+00
6.027326962943520630e+04,1.000490288371906900e+00,7.495129201816271057e-04,0.000000000000000000e+00,4.882283660432488404e+01,1.875470972199814845e+00
6.027327009008228197e+04,1.000173691869137516e+00,7.495074189802449806e-04,0.000000000000000000e+00,4.882879541994596906e+01,1.874055915813144235e+00
6.027327055072936491e+04,9.995298077372675172e-01,7.495057952655893039e-04,0.000000000000000000e+00,4.882797006955865982e+01,1.873532104375146057e+00
6.027327101137644058e+04,1.001031960833361989e+00,7.495089601532382417e-04,0.000000000000000000e+00,4.882948025884966370e+01,1.874297167034155498e+00
6.027327147202351625e+04,1.000655823323757465e+00,7.495097183969428277e-04,0.000000000000000000e+00,4.882888508425126872e+01,1.875949165025632803e+00
6.027327193267059192e+04,1.000138532580060913e+00,7.495107155309911184e-04,0.000000000000000000e+00,4.883279910646344746e+01,1.876963630672312755e+00
6.027327239331767487e+04,9.994347024272064450e-01,7.495060716816418942e-04,0.000000000000000000e+00,4.883863760003117704e+01,1.873201695425047664e+00
6.027327285396475054e+04,9.995369206194594236e-01,7.495078446297198486e-04,0.000000000000000000e+00,4.883495347522099195e+01,1.872961543769828374e+00
6.027327331461182621e+04,9.993333377442772392e-01,7.495077264973630873e-04,0.000000000000000000e+00,4.882758262113699743e+01,1.873256607168246601e+00
6.027327377525890188e+04,1.000024851869174558e+00,7.499204454958071850e-04,0.000000000000000000e+00,4.883914115619476348e+01,1.871344721760289653e+00
6.027327423590597755e+04,9.988676257219496479e-01,7.495015160988430973e-04,0.000000000000000000e+00,4.883756335187543840e+01,1.874807534490212424e+00
6.027327469655305322e+04,9.993083011040272412e-01,7.495057190113963482e-04,0.000000000000000000e+00,4.883159131593500035e+01,1.873736687633513087e+00
6.027327515720013616e+04,9.997260199131230429e-01,7.495072277063153428e-04,0.000000000000000000e+00,4.882307333549032080e+01,1.873737092867809206e+00
6.027327561784721183e+04,9.995265063072513723e-01,7.495055349117552175e-04,0.000000000000000000e+00,4.883362922347883028e+01,1.874418633952261937e+00
6.027327607849428750e+04,1.000817798581432827e+00,7.495125958336523037e-04,0.000000000000000000e+00,4.882357227824789447e+01,1.871355631003220443e+00
6.027327653914136317e+04,1.000307127464224788e+00,7.495092170250716159e-04,0.000000000000000000e+00,4.882309287266501485e+01,1.877166866163056280e+00
6.027327699978843884e+04,9.999660516687701728e-01,7.495086190394599588e-04,0.000000000000000000e+00,4.883569217530996553e+01,1.871470173917808122e+00
6.027327746043551451e+04,1.000978222882445090e+00,7.495119805920392227e-04,0.000000000000000000e+00,4.883951049958318436e+01,1.874304688572122624e+00
6.027327792108259018e+04,1.000352225276602613e+00,7.495092932787557555e-04,0.000000000000000000e+00,4.883442295182256743e+01,1.874899773442414208e+00
6.027327838172966585e+04,9.991066119489022679e-01,7.495045582578436106e-04,0.000000000000000000e+00,4.883606337242638062e+01,1.874811107906341645e+00
6.027327884237674152e+04,1.001734203142562674e+00,7.495108949125378443e-04,0.000000000000000000e+00,4.883926613260766203e+01,1.874000605896494198e+00
6.027327930302381719e+04,9.996233458355388013e-01,7.495045150133715882e-04,0.000000000000000000e+00,4.883985429811949075e+01,1.871962977242391801e+00
6.027327976367089286e+04,9.986111951239607931e-01,7.495021259750815840e-04,0.000000000000000000e+00,4.883755968402904557e+01,1.871390259880802098e+00
6.027328022431796853e+04,9.996361873812035226e-01,7.495054247677604897e-04,0.000000000000000000e+00,4.883793332097106088e+01,1.872380159952301337e+00
6.027328068496504420e+04,1.001459220811213635e+00,7.495133309645228689e-04,0.000000000000000000e+00,4.882677431349186747e+01,1.875580897098827249e+00
6.027328114561211260e+04,9.989362146452824831e-01,7.495031805892362698e-04,0.000000000000000000e+00,4.882481635910213669e+01,1.874142159293482601e+00
6.027328160625918827e+04,9.992988258223030051e-01,7.495075397014245612e-04,0.000000000000000000e+00,4.883465446605969618e+01,1.871426321029606266e+00
6.027328206690626394e+04,1.000041072714416002e+00,7.495102277486378724e-04,0.000000000000000000e+00,4.882781296860349585e+01,1.873440224154218292e+00
6.027328252755333961e+04,9.994647931338237479e-01,7.495077093542923787e-04,0.000000000000000000e+00,4.882654584015512711e+01,1.874691713826106332e+00
6.027328298820040800e+04,9.992540666506779523e-01,7.495067190501078025e-04,0.000000000000000000e+00,4.882777139564996105e+01,1.874600609091876979e+00
6.027328344884748367e+04,9.997396302694520065e-01,7.495086206236067266e-04,0.000000000000000000e+00,4.883359622603791905e+01,1.872984316589547671e+00
6.027328390949455934e+04,1.000846404694157199e+00,7.495129348553315231e-04,0.000000000000000000e+00,4.883097652562117474e+01,1.875682225161418915e+00
6.027328437014163501e+04,9.981538606426804128e-01,7.494994779356131112e-04,0.000000000000000000e+00,4.883396617110579996e+01,1.872935629982177108e+00
6.027328483078871068e+04,1.000062658024508000e+00,7.495084033835902777e-04,0.000000000000000000e+00,4.883925774617983251e+01,1.872613412718689752e+00
6.027328529143578635e+04,9.995995718576949907e-01,7.495078310453880555e-04,0.000000000000000000e+00,4.883682983171598835e+01,1.872938097175619099e+00
6.027328575208286202e+04,9.979372842136147170e-01,7.494985897172485841e-04,0.000000000000000000e+00,4.882801533489149648e+01,1.875037981535755849e+00
6.027328621272993769e+04,1.000488668643669810e+00,7.495092603698409045e-04,0.000000000000000000e+00,4.882940032763909954e+01,1.874974060682233157e+00
6.027328667337701336e+04,9.998790409383783162e-01,7.495078428060432223e-04,0.000000000000000000e+00,4.883473828240704506e+01,1.874979366825672900e+00
6.027328713402408175e+04,1.001264116182708497e+00,7.501719670294458835e-04,0.000000000000000000e+00,4.883635526153357631e+01,1.874124027012088689e+00
6.027328759467115742e+04,1.001053979372155789e+00,7.495128172874719955e-04,0.000000000000000000e+00,4.883401971695430888e+01,1.873955799113528276e+00
6.027328805531823309e+04,1.001078536511764705e+00,7.495126962282252754e-04,0.000000000000000000e+00,4.883142467964881206e+01,1.872556971839246076e+00
6.027328851596530876e+04,9.990619752190497138e-01,7.495038219458087210e-04,0.000000000000000000e+00,4.884057018954080576e+01,1.871075526404550882e+00
6.027328897661238443e+04,1.000335018203114545e+00,7.495068548804104287e-04,0.000000000000000000e+00,4.883894438728846410e+01,1.871936854978650144e+00
6.027328943725946010e+04,1.000545951809128864e+00,7.496302002516805167e-04,0.000000000000000000e+00,4.883127849743231508e+01,1.873144828948305252e+00
