# Celestia native CMS export; GPL-2.0-or-later. See ../upstream.json and ../../native/.
v -9.219663497060537 11.243770737200975 -1058.2253336906433
v 103.16622778773308 11.243770737200975 -1056.9860458374023
v 102.88261100649834 6.307968869805336 -1055.3775787353516
v 102.15639621019363 1.4028657227754593 -1053.7508726119995
v 100.99113062024117 -3.4521195106208324 -1052.111828327179
v 99.39222559332848 -8.237918000668287 -1050.4682779312134
v 97.36686274409294 -12.93591856956482 -1048.829984664917
v 94.92373913526535 -17.52797942608595 -1047.204029560089
v 92.07330867648125 -21.99657652527094 -1045.6010341644287
v 88.82746025919914 -26.32478680461645 -1044.0288305282593
v 85.19959151744843 -30.49635775387287 -1042.4956798553467
v 81.20468929409981 -34.49592366814613 -1041.0141348838806
v 76.85882672667503 -38.308700546622276 -1039.5896673202515
v 72.17956557869911 -41.92090518772602 -1038.2338643074036
v 67.18554049730301 -45.31949535012245 -1036.9534850120544
v 61.89655289053917 -48.49235080182552 -1035.7568979263306
v 56.333450227975845 -51.42830014228821 -1034.6524715423584
v 50.51802545785904 -54.117053747177124 -1033.648145198822
v 44.47291977703571 -56.54929429292679 -1032.7503561973572
v 38.22157233953476 -58.7165929377079 -1031.9650053977966
v 31.788116320967674 -60.61151325702667 -1031.297779083252
v 25.197261571884155 -62.227557599544525 -1030.7527542114258
v 18.474334850907326 -63.559334725141525 -1030.3362607955933
v 11.64497472345829 -64.60220441222191 -1030.0498008728027
v 4.735287884250283 -65.35263285040855 -1029.896056652069
v -2.2283949656412005 -65.80802500247955 -1029.8772811889648
v -9.219591412693262 -65.96668437123299 -1029.9919724464417
v -16.21158141642809 -65.82635790109634 -1030.211055278778
v -23.177380487322807 -65.38538932800293 -1030.496335029602
v -30.089925974607468 -64.6454282104969 -1030.8494210243225
v -36.92244440317154 -63.609062880277634 -1031.2692403793335
v -43.64839196205139 -62.280041724443436 -1031.7555785179138
v -50.24164728820324 -60.66330000758171 -1032.3099374771118
v -56.67658522725105 -58.76461789011955 -1032.9296350479126
v -62.928177416324615 -56.59102275967598 -1033.6157441139221
v -68.97207275032997 -54.15048412978649 -1034.367835521698
v -74.78469461202621 -51.45203098654747 -1035.185694694519
v -80.34343868494034 -48.5056109726429 -1036.0697507858276
v -85.62644496560097 -45.32211385667324 -1037.0187163352966
v -90.61306715011597 -41.91328436136246 -1038.0316257476807
v -95.2836848795414 -38.29176239669323 -1039.1071915626526
v -99.61993172764778 -34.47106629610062 -1040.2459502220154
v -103.60456109046936 -30.4653313010931 -1041.4437174797058
v -107.22184851765633 -26.289616338908672 -1042.7021026611328
v -110.45720279216766 -21.959402784705162 -1044.0149903297424
v -113.29759508371353 -17.49101858586073 -1045.3802347183228
v -115.73152542114258 -12.901333998888731 -1046.7960119247437
v -117.74888187646866 -8.207630831748247 -1048.2564210891724
v -119.34125572443008 -3.4278513863682747 -1049.7585654258728
v -120.5017402768135 1.4198011485859752 -1051.295793056488
v -121.22510522603989 6.316663417965174 -1052.8628468513489
v -121.50791734457016 11.243777442723513 -1054.4552206993103
v -121.34855389595032 16.181986592710018 -1056.0738801956177
v -120.74721604585648 21.112034283578396 -1057.718825340271
v -119.70547288656235 26.014641299843788 -1059.3838334083557
v -118.22661012411118 30.870435386896133 -1061.0605359077454
v -116.31558984518051 35.66000238060951 -1062.738847732544
v -113.97921144962311 40.36410078406334 -1064.4111514091492
v -111.2258031964302 44.96363326907158 -1066.0661816596985
v -108.06554406881332 49.43976737558842 -1067.6958918571472
v -104.51030284166336 53.774015977978706 -1069.2916989326477
v -100.57333633303642 57.9482339322567 -1070.8399772644043
v -96.26991301774979 61.94487288594246 -1072.335147857666
v -91.61646142601967 65.74693098664284 -1073.7647652626038
v -86.63117364048958 69.33816745877266 -1075.121533870697
v -81.33357614278793 72.70306572318077 -1076.3960123062134
v -75.74460357427597 75.82694068551064 -1077.5792956352234
v -69.8863036930561 78.69612649083138 -1078.6622643470764
v -63.78219947218895 81.2979094684124 -1079.6377301216125
v -57.45674595236778 83.6207628250122 -1080.4985046386719
v -50.93543417751789 85.65429300069809 -1081.2379360198975
v -44.24470737576485 87.38942742347717 -1081.8509817123413
v -37.4115988612175 88.8182133436203 -1082.3299169540405
v -30.463946610689163 89.93429392576218 -1082.6721668243408
v -23.430202156305313 90.73259308934212 -1082.8744053840637
v -16.33911207318306 91.20948985219002 -1082.9330921173096
v -9.219584707170725 91.36298596858978 -1082.849407196045
v -2.1007419330999255 91.1939799785614 -1082.6507091522217
v 4.988674912601709 90.70533514022827 -1082.3750853538513
v 12.020124401897192 89.89903628826141 -1082.0200681686401
v 18.96530818194151 88.77857029438019 -1081.5864086151123
v 25.796291045844555 87.3487651348114 -1081.0741066932678
v 32.485587894916534 85.61558872461319 -1080.4816603660583
v 39.006366580724716 83.5865780711174 -1079.8123955726624
v 45.33245712518692 81.27030953764915 -1079.065454006195
v 51.43847241997719 78.6766268312931 -1078.242552280426
v 57.30012506246567 75.81649348139763 -1077.3446559906006
v 62.89387866854668 72.70205989480019 -1076.3728380203247
v 68.19754466414452 69.34650242328644 -1075.3298878669739
v 73.19007441401482 65.76400324702263 -1074.2187023162842
v 77.85172685980797 61.96966990828514 -1073.0421781539917
v 82.16416239738464 57.97932744026184 -1071.8019247055054
v 86.11059039831161 53.80975306034088 -1070.504379272461
v 89.67546746134758 49.47827719151974 -1069.149649143219
v 92.8451880812645 45.00300474464893 -1067.7464246749878
v 95.60763537883759 40.40233567357063 -1066.2985682487488
v 97.952301800251 35.69519966840744 -1064.8098349571228
v 99.8705506324768 30.900898575782776 -1063.288164138794
v 101.35536789894104 26.03887338191271 -1061.7377400398254
v 102.4015836417675 21.12891711294651 -1060.166609287262
v 103.0057780444622 16.19063001126051 -1058.580994606018
v 215.58212041854858 11.243770737200975 -1056.8589091300964
v 214.8913711309433 1.359456474892795 -1053.6581754684448
v 213.31003457307816 -8.44005011022091 -1050.3516554832458
v 210.84779351949692 -18.114524893462658 -1046.9571590423584
v 207.51826018095016 -27.62502282857895 -1043.4961438179016
v 203.33874821662903 -36.934222653508186 -1039.9946808815002
v 198.32962900400162 -46.006375551223755 -1036.4762663841248
v 192.51451939344406 -54.80751805007458 -1032.964825630188
v 185.92016100883484 -63.305798918008804 -1029.4891119003296
v 178.5758838057518 -71.47113382816315 -1026.0732650756836
v 170.51371335983276 -79.27567809820175 -1022.7448582649231
v 161.76799535751343 -86.69361546635628 -1019.5300698280334
v 152.37512737512589 -93.70108097791672 -1016.4529323577881
v 142.373625934124 -100.27635544538498 -1013.5388731956482
v 131.80367052555084 -106.39969110488892 -1010.8106374740601
v 120.70688903331757 -112.05294281244278 -1008.2876443862915
v 109.12657231092453 -117.22012460231781 -1005.9908151626587
v 97.10715785622597 -121.88694030046463 -1003.9389252662659
v 84.69416946172714 -126.0407030582428 -1002.1475315093994
v 71.93415015935898 -129.67036217451096 -1000.6315469741821
v 58.87436717748642 -132.7662080526352 -999.4014859199524
v 45.56300304830074 -135.32048910856247 -998.4708666801453
v 32.048578932881355 -137.32637912034988 -997.8463411331177
v 18.380293250083923 -138.77844661474228 -997.53338098526
v 4.60767257027328 -139.6730437874794 -997.538959980011
v -9.219596441835165 -140.00742137432098 -997.864580154419
v -23.05093612521887 -139.76607620716095 -998.3823537826538
v -36.8333850055933 -138.93532902002335 -998.9641785621643
v -50.513358414173126 -137.5179558992386 -999.6113419532776
v -64.03780728578568 -135.51875799894333 -1000.3229856491089
v -77.35426425933838 -132.94503092765808 -1001.102864742279
v -90.41108340024948 -129.80649769306183 -1001.9564509391785
v -103.15769836306572 -126.11453086137772 -1002.8859972953796
v -115.5448704957962 -121.88303768634796 -1003.8986921310425
v -127.52475589513779 -117.12774932384491 -1005.0009727478027
v -139.0511468052864 -111.86632812023163 -1006.2004566192627
v -150.07982701063156 -106.11808598041534 -1007.5040102005005
v -160.5681225657463 -99.90412518382072 -1008.918285369873
v -170.47594785690308 -93.24715062975883 -1010.4530453681946
v -179.76518869400024 -86.17124855518341 -1012.1150493621826
v -188.39994370937347 -78.7017323076725 -1013.909661769867
v -196.34687304496765 -70.86532339453697 -1015.8433198928833
v -203.575037419796 -62.689829617738724 -1017.9197788238525
v -210.0560188293457 -54.20403778553009 -1020.140540599823
v -215.76410830020905 -45.438072457909584 -1022.5080728530884
v -220.67613154649734 -36.422815918922424 -1025.0196933746338
v -224.77178424596786 -27.190094254910946 -1027.672827243805
v -228.03355157375336 -17.772947251796722 -1030.4630756378174
v -230.44660091400146 -8.204962033778429 -1033.3798170089722
v -231.9990634918213 1.479136641137302 -1036.4129662513733
v -232.68232941627502 11.243784986436367 -1039.5511507987976
v -232.49234855175018 21.05276584625244 -1042.8017735481262
v -231.4281016588211 30.86962401866913 -1046.1678385734558
v -229.49015200138092 40.65741375088692 -1049.6305704116821
v -226.68217420578003 50.37842653691769 -1053.1684041023254
v -223.01107496023178 59.99420955777168 -1056.7554831504822
v -218.48748922348022 69.46602165699005 -1060.3704571723938
v -213.1254717707634 78.7550076842308 -1063.9909029006958
v -206.94233626127243 87.82192692160606 -1067.5906419754028
v -199.95929896831512 96.62788733839989 -1071.1483240127563
v -192.20067411661148 105.13425171375275 -1074.6381998062134
v -183.69458466768265 113.30269128084183 -1078.03612947464
v -174.4723454117775 121.0960105061531 -1081.319260597229
v -164.56870436668396 128.47773134708405 -1084.4623804092407
v -154.021655023098 135.41275709867477 -1087.4421000480652
v -142.87255704402924 141.8675735592842 -1090.237820148468
v -131.1652109026909 147.81040996313095 -1092.825722694397
v -118.9469039440155 153.21118533611298 -1095.1833844184875
v -106.26719668507576 158.0423668026924 -1097.290313243866
v -93.1782715022564 162.2788354754448 -1099.126660823822
v -79.73465099930763 165.8984363079071 -1100.6760120391846
v -65.99240005016327 168.88142824172974 -1101.917552947998
v -52.0096555352211 171.21175825595856 -1102.8385162353516
v -37.84613348543644 172.87671267986298 -1103.426992893219
v -23.56238979846239 173.866568505764 -1103.6691427230835
v -9.219583868980408 174.17581379413605 -1103.5578846931458
v 5.121033126488328 173.81685376167297 -1103.218424320221
v 19.400756433606148 172.8052318096161 -1102.7753233909607
v 33.56165327131748 171.14474326372147 -1102.2216081619263
v 47.54623845219612 168.84250938892365 -1101.5541672706604
v 61.29760891199112 165.90779721736908 -1100.7651686668396
v 74.75968301296234 162.35273033380508 -1099.8460292816162
v 87.87769004702568 158.1928253173828 -1098.795247077942
v 100.59807300567627 153.44566404819489 -1097.6048827171326
v 112.8688707947731 148.13191294670105 -1096.2710738182068
v 124.64038878679276 142.27458536624908 -1094.789958000183
v 135.86452156305313 135.8995646238327 -1093.1596040725708
v 146.49600684642792 129.03504073619843 -1091.3805484771729
v 156.4918354153633 121.71110808849335 -1089.4506454467773
v 165.81186801195145 113.96031528711319 -1087.3716115951538
v 174.4193583726883 105.81696778535843 -1085.1485967636108
v 182.28029608726501 97.31698036193848 -1082.7855706214905
v 189.3640771508217 88.49796429276466 -1080.2892923355103
v 195.64379900693893 79.39867079257965 -1077.669632434845
v 201.09588503837585 70.0585350394249 -1074.9343156814575
v 205.70067465305328 60.518091917037964 -1072.096860408783
v 209.44198071956635 50.81816464662552 -1069.169282913208
v 212.30741143226624 40.999723970890045 -1066.164243221283
v 214.28850442171097 31.104159727692604 -1063.1003022193909
v 215.3804987668991 21.172023564577103 -1059.9932312965393
v 327.9777556657791 11.243770737200975 -1055.86177110672
v 326.7597645521164 -3.6185983568429947 -1051.1229515075684
v 324.1897255182266 -18.31768210977316 -1046.1217045783997
v 320.28762102127075 -32.78914354741573 -1040.8987998962402
v 315.0794953107834 -46.97195403277874 -1035.4991912841797
v 308.5970252752304 -60.80878973007202 -1029.9721240997314
v 300.87706446647644 -74.24640208482742 -1024.3689894676208
v 291.96126759052277 -87.2358575463295 -1018.7438607215881
v 281.8951517343521 -99.7324638068676 -1013.1498456001282
v 270.7279622554779 -111.69584020972252 -1007.6396226882935
v 258.51216316223145 -123.0898305773735 -1002.2655487060547
v 245.30292749404907 -133.88246297836304 -997.0785856246948
v 231.15757405757904 -144.0451517701149 -992.1245455741882
v 216.1354199051857 -153.55291217565536 -987.446665763855
v 200.297512114048 -162.38389760255814 -983.0856084823608
v 183.70629251003265 -170.51911801099777 -979.0777444839478
v 166.42557084560394 -177.94225215911865 -975.4578351974487
v 148.51981401443481 -184.63865518569946 -972.2517371177673
v 130.05468249320984 -190.5962571501732 -969.4868087768555
v 111.09650731086731 -195.8041951060295 -967.1832203865051
v 91.71220287680626 -200.25337636470795 -965.3592109680176
v 71.9693474471569 -203.93562018871307 -964.0273332595825
v 51.93604566156864 -206.84486478567123 -963.2025003433228
v 31.680824607610703 -208.97500813007355 -962.8900766372681
v 11.272595264017582 -210.32208055257797 -963.0988597869873
v -9.219599794596434 -210.8824074268341 -963.8313174247742
v -29.724401235580444 -210.6092244386673 -964.8222327232361
v -50.16270987689495 -209.45725589990616 -965.801990032196
v -70.45341655611992 -207.43020325899124 -966.7723059654236
v -90.51623269915581 -204.5349195599556 -967.7339315414429
v -110.27192920446396 -200.78316628932953 -968.6965227127075
v -129.64254766702652 -196.18964195251465 -969.6668386459351
v -148.55226874351501 -190.77336341142654 -970.6595778465271
v -166.92747920751572 -184.5566064119339 -971.6909408569336
v -184.69722121953964 -177.56497263908386 -972.7809906005859
v -201.79325938224792 -169.82658505439758 -973.9496827125549
v -218.1511402130127 -161.3726109266281 -975.2231955528259
v -233.7090253829956 -152.23613530397415 -976.6254544258118
v -248.40919375419617 -142.4520269036293 -978.182852268219
v -262.19735741615295 -132.05679059028625 -979.92103099823
v -275.0228762626648 -121.08817845582962 -981.8654179573059
v -286.83886528015137 -109.58495512604713 -984.0401530265808
v -297.6019263267517 -97.58654236793518 -986.4650845527649
v -307.27228224277496 -85.13295873999596 -989.1570568084717
v -315.8135622739792 -72.2652018070221 -992.1287298202515
v -323.1928825378418 -59.024859219789505 -995.3886866569519
v -329.3808728456497 -45.454175770282745 -998.9392876625061
v -334.3511939048767 -31.596727296710014 -1002.7773141860962
v -338.0812078714371 -17.49695297330618 -1006.8934321403503
v -340.5518174171448 -3.200914291664958 -1011.2746596336365
v -341.7469024658203 11.243791691958904 -1015.8955693244934
v -341.65755808353424 25.78787561506033 -1020.7560539245605
v -340.2778297662735 40.380894765257835 -1025.841200351715
v -337.6035064458847 54.970549419522285 -1031.1120629310608
v -333.63523185253143 69.50230523943901 -1036.5294814109802
v -328.37890684604645 83.91965478658676 -1042.0547246932983
v -321.8455821275711 98.16456511616707 -1047.6499199867249
v -314.0515387058258 112.17779293656349 -1053.2764434814453
v -305.0187975168228 125.8990153670311 -1058.898138999939
v -294.7749048471451 139.26729261875153 -1064.4785284996033
v -283.3526372909546 152.22154408693314 -1069.980812072754
v -270.79075276851654 164.70026671886444 -1075.3672242164612
v -257.1332663297653 176.64315104484558 -1080.602467060089
v -242.4297720193863 187.99047768115997 -1085.6504917144775
v -226.7352283000946 198.6838012933731 -1090.4736399650574
v -210.10977029800415 208.6663395166397 -1095.0344681739807
v -192.61817336082458 217.88342893123627 -1099.2929577827454
v -174.33115392923355 226.2834370136261 -1103.213918209076
v -155.32329082489014 233.81727933883667 -1106.7566871643066
v -135.67392379045486 240.43989479541779 -1109.8845720291138
v -115.46664386987686 246.11035287380219 -1112.5603437423706
v -94.78847533464432 250.79273879528046 -1114.7507429122925
v -73.72983545064926 254.45534884929657 -1116.4175748825073
v -52.38468199968338 257.07358717918396 -1117.5344467163086
v -30.8488167822361 258.62768590450287 -1118.0699229240417
v -9.219582192599773 259.105521440506 -1118.002438545227
v 12.40618983283639 258.54912400245667 -1117.598283290863
v 33.93971063196659 257.0060759782791 -1117.1270728111267
v 55.29409423470497 254.47978377342224 -1116.566812992096
v 76.38270109891891 250.97850859165192 -1115.899908542633
v 97.11920768022537 246.51362299919128 -1115.1007175445557
v 117.41848737001419 241.1022663116455 -1114.1526103019714
v 137.19656020402908 234.7652792930603 -1113.0338072776794
v 156.37128353118896 227.52849161624908 -1111.7257475852966
v 174.86256659030914 219.42217200994492 -1110.210406780243
v 192.59385913610458 210.48168540000916 -1108.476734161377
v 209.49055552482605 200.74623227119446 -1106.5091729164124
v 225.48263669013977 190.25996178388596 -1104.301393032074
v 240.50383865833282 179.0706843137741 -1101.8472790718079
v 254.4923633337021 167.23027378320694 -1099.144685268402
v 267.391562461853 154.79350090026855 -1096.1942553520203
v 279.14958894252777 141.81823432445526 -1092.9992079734802
v 289.72030878067017 128.36544066667557 -1089.5693063735962
v 299.0634083747864 114.49769586324692 -1085.9166741371155
v 307.1446090936661 100.27894377708435 -1082.0576190948486
v 313.93555998802185 85.774315148592 -1078.0102729797363
v 319.4141060113907 71.04938998818398 -1073.7980246543884
v 323.5644221305847 56.16952031850815 -1069.4471597671509
v 326.37663781642914 41.19986705482006 -1064.9862170219421
v 327.8468906879425 26.203814148902893 -1060.4450225830078
v 440.0828003883362 11.243770737200975 -1052.4556875228882
v 438.22370767593384 -8.623323775827885 -1046.2625741958618
v 434.5296084880829 -28.22367511689663 -1039.5769000053406
v 429.0366053581238 -47.46355600655079 -1032.4762344360352
v 421.7901349067688 -66.25647693872452 -1025.0465154647827
v 412.8429561853409 -84.52358096837997 -1017.3744320869446
v 402.2556334733963 -102.19473838806152 -1009.5570802688599
v 390.0935858488083 -119.20788288116455 -1001.6857624053955
v 376.42743587493896 -135.50959825515747 -993.8551068305969
v 361.33126616477966 -151.05412602424622 -986.1550211906433
v 344.8814123868942 -165.80286920070648 -978.6686539649963
v 327.15665102005005 -179.72411066293716 -971.4763641357422
v 308.2371801137924 -192.79187321662903 -964.6522879600525
v 288.20370733737946 -204.98473942279816 -958.2600474357605
v 267.137610912323 -216.2856638431549 -952.3580074310303
v 245.12085914611816 -226.68102085590363 -946.9979882240295
v 222.2351923584938 -236.15903556346893 -942.2209739685059
v 198.56272637844086 -244.71045434474945 -938.0634427070618
v 174.18550997972488 -252.32669413089752 -934.5522165298462
v 149.1861417889595 -259.00062024593353 -931.7114353179932
v 123.64715337753296 -264.7253394126892 -929.5575141906738
v 97.65167981386185 -269.4944679737091 -928.1034350395203
v 71.28305062651634 -273.3017563819885 -927.3569226264954
v 44.62531618773937 -276.1410892009735 -927.3235559463501
v 17.76287890970707 -278.0072897672653 -928.0085921287537
v -9.219604823738337 -278.89504730701447 -929.4138550758362
v -36.232687532901764 -278.70321571826935 -931.110942363739
v -63.16991150379181 -277.33217775821686 -932.6651215553284
v -89.92024585604668 -274.78432059288025 -934.0719938278198
v -116.37365967035294 -271.06803953647614 -935.3313446044922
v -142.42153018712997 -266.1987841129303 -936.4503622055054
v -167.95735359191895 -260.1985216140747 -937.4435305595398
v -192.87797212600708 -253.0953347682953 -938.3318781852722
v -217.0839563012123 -244.92347538471222 -939.145016670227
v -240.48028886318207 -235.72199642658234 -939.9180293083191
v -262.9771560430527 -225.53485929965973 -940.6952261924744
v -284.4904839992523 -214.4095927476883 -941.5256381034851
v -304.94125485420227 -202.39612609148026 -942.4612998962402
v -324.257156252861 -189.5464539527893 -943.559718132019
v -342.37118661403656 -175.91309398412704 -944.8771119117737
v -359.22213792800903 -161.5490198135376 -946.4708805084229
v -374.75408613681793 -146.50622606277466 -948.393702507019
v -388.91572058200836 -130.8359831571579 -950.6940722465515
v -401.6608536243439 -114.58830088376999 -953.4155488014221
v -412.94654309749603 -97.81217649579048 -956.5916061401367
v -422.73354828357697 -80.5555947124958 -960.2460622787476
v -430.98627626895905 -62.866104394197464 -964.3946886062622
v -437.67122626304626 -44.79166343808174 -969.0375924110413
v -442.7586257457733 -26.38102937489748 -974.1681218147278
v -446.22087478637695 -7.684801239520311 -979.7648191452026
v -448.03356528282166 11.243796721100807 -985.7939958572388
v -448.17424714565277 30.347954481840134 -992.2042608261108
v -446.6236621141434 49.56607259809971 -998.9284515380859
v -443.3690160512924 68.83191391825676 -1005.9040188789368
v -438.4044349193573 88.07471841573715 -1013.0720615386963
v -431.73230588436127 107.22015872597694 -1020.3831195831299
v -423.3613193035126 126.19049102067947 -1027.7847290039062
v -413.3087486028671 144.90602016448975 -1035.2334380149841
v -401.5990823507309 163.28455656766891 -1042.6847219467163
v -388.26480209827423 181.2425896525383 -1050.0966310501099
v -373.34592640399933 198.69611263275146 -1057.4297904968262
v -356.8903863430023 215.55980443954468 -1064.6419286727905
v -338.95287215709686 231.74867928028107 -1071.688950061798
v -319.59636211395264 247.17827439308167 -1078.5284757614136
v -298.8908886909485 261.7647171020508 -1085.1127624511719
v -276.91372632980347 275.42507350444794 -1091.390311717987
v -253.74928414821625 288.0793333053589 -1097.3103761672974
v -229.48980331420898 299.64882731437683 -1102.8159856796265
v -204.2341634631157 310.05936563014984 -1107.8513503074646
v -178.08803021907806 319.23981606960297 -1112.354028224945
v -151.16406977176666 327.1246522665024 -1116.263508796692
v -123.58060777187347 333.654248714447 -1119.5171356201172
v -95.46221941709518 338.7762486934662 -1122.0547199249268
v -66.93915948271751 342.44628846645355 -1123.8181114196777
v -38.14573958516121 344.6288287639618 -1124.7493743896484
v -9.219580516219139 345.29905915260315 -1124.7986197471619
v 19.703307934105396 344.55458521842957 -1124.4183897972107
v 48.50502088665962 342.500576376915 -1124.06165599823
v 77.07128450274467 339.13574516773224 -1123.6831426620483
v 105.28713092207909 334.46486592292786 -1123.2404708862305
v 133.03725868463516 328.49791646003723 -1122.6875066757202
v 160.20661443471909 321.25155329704285 -1121.9804763793945
v 186.68131828308105 312.74948716163635 -1121.0788249969482
v 212.3490795493126 303.0224025249481 -1119.943928718567
v 237.1002495288849 292.10900366306305 -1118.5439229011536
v 260.8288675546646 280.05424439907074 -1116.8472647666931
v 283.432137966156 266.9110983610153 -1114.828634262085
v 304.81323301792145 252.73970067501068 -1112.4714016914368
v 324.88023340702057 237.60614097118378 -1109.758722782135
v 343.548059463501 221.5833082795143 -1106.6840529441833
v 360.7383370399475 204.7486513853073 -1103.2426714897156
v 376.38065814971924 187.18521147966385 -1099.4394063949585
v 390.4122859239578 168.98007988929749 -1095.284128189087
v 402.7788519859314 150.22289603948593 -1090.790033340454
v 413.43545615673065 131.0057133436203 -1085.9795451164246
v 422.3460227251053 111.42215430736542 -1080.8816313743591
v 429.4831931591034 91.56577438116074 -1075.5275130271912
v 434.82996225357056 71.5296596288681 -1069.9607491493225
v 438.37699592113495 51.40550471842289 -1064.223825931549
v 440.12488424777985 31.281688436865807 -1058.369529247284
v 551.4694690704346 11.243770737200975 -1045.4385995864868
v 548.861825466156 -13.637426029890776 -1037.8881812095642
v 543.9071416854858 -38.12286704778671 -1029.5457601547241
v 536.6664111614227 -62.08247020840645 -1020.5430865287781
v 527.2135019302368 -85.3999525308609 -1011.0221028327942
v 515.6335473060608 -107.97426849603653 -1001.1353731155396
v 502.01865434646606 -129.71946001052856 -991.032886505127
v 486.4667236804962 -150.56423395872116 -980.8611989021301
v 469.08016204833984 -170.45196890830994 -970.7659006118774
v 449.9633342027664 -189.33879733085632 -960.8826041221619
v 429.22057807445526 -207.1914866566658 -951.3326525688171
v 406.95641934871674 -223.9870771765709 -942.2291278839111
v 383.2746595144272 -239.7104948759079 -933.6743831634521
v 358.2765519618988 -254.35162782669067 -925.7512450218201
v 332.06251859664917 -267.9060101509094 -918.536102771759
v 304.7301918268204 -280.3704768419266 -912.0858192443848
v 276.3763725757599 -291.7442500591278 -906.4500689506531
v 247.09619879722595 -302.02663242816925 -901.6653299331665
v 216.98352098464966 -311.2156391143799 -897.7556884288788
v 186.13214939832687 -319.3085879087448 -894.7384715080261
v 154.6353980898857 -326.3012409210205 -892.6222622394562
v 122.58717119693756 -332.187482714653 -891.4096355438232
v 90.08168801665306 -336.9597762823105 -891.099089384079
v 57.21442177891731 -340.6092971563339 -891.686600446701
v 24.08161349594593 -343.1260675191879 -893.1656777858734
v -9.219609014689922 -344.5007264614105 -895.5339074134827
v -42.58372262120247 -344.55544352531433 -898.1980919837952
v -75.87503269314766 -343.1120127439499 -900.5507111549377
v -108.94912406802177 -340.1666522026062 -902.5707364082336
v -141.66233092546463 -335.72614789009094 -904.2472243309021
v -173.87226819992065 -329.8080414533615 -905.5785655975342
v -205.43953478336334 -322.4411129951477 -906.5768837928772
v -236.22965812683105 -313.6651396751404 -907.2685718536377
v -266.11416041851044 -303.5303592681885 -907.6952576637268
v -294.9718862771988 -292.0958608388901 -907.9134821891785
v -322.6903170347214 -279.42851185798645 -907.9945921897888
v -349.1666167974472 -265.60032963752747 -908.0216288566589
v -374.30680096149445 -250.68692564964294 -908.0864310264587
v -398.0274260044098 -234.7651183605194 -908.2897424697876
v -420.2539533376694 -217.91053265333176 -908.7321996688843
v -440.9204810857773 -200.1966878771782 -909.517228603363
v -459.96859073638916 -181.69250339269638 -910.7404232025146
v -477.3461401462555 -162.46235221624374 -912.4910473823547
v -493.0067002773285 -142.56512224674225 -914.8476362228394
v -506.9068729877472 -122.05480635166168 -917.8730607032776
v -519.0061032772064 -100.98082423210144 -921.6129183769226
v -529.2659819126129 -79.38928976655006 -926.0968208312988
v -537.6488506793976 -57.325250655412674 -931.3348531723022
v -544.1173732280731 -34.83307398855686 -937.3141407966614
v -548.6353397369385 -11.959768831729889 -944.0061450004578
v -551.1673450469971 11.243803426623344 -951.3623714447021
v -551.6627490520477 34.719472378492355 -959.2330455780029
v -550.0730037689209 58.39539170265198 -967.4472570419312
v -546.3739156723022 82.1904681622982 -975.9218573570251
v -540.5519127845764 106.01663142442703 -984.5872163772583
v -532.6034009456635 129.77993041276932 -993.3808922767639
v -522.5361585617065 153.38256508111954 -1002.2539615631104
v -510.36842465400696 176.72389894723892 -1011.1660838127136
v -496.1278259754181 199.7003048658371 -1020.0777769088745
v -479.8522353172302 222.20650613307953 -1028.9534211158752
v -461.58902049064636 244.13675665855408 -1037.7609372138977
v -441.3951516151428 265.3832584619522 -1046.4633107185364
v -419.3353772163391 285.83775758743286 -1055.018162727356
v -395.4846650362015 305.3920805454254 -1063.3833289146423
v -369.92602944374084 323.9366054534912 -1071.5041995048523
v -342.7523285150528 341.36289060115814 -1079.324984550476
v -314.0644133090973 357.5625479221344 -1086.7783069610596
v -283.97381007671356 372.4279671907425 -1093.7899231910706
v -252.60105729103088 385.8547031879425 -1100.2815127372742
v -220.07622867822647 397.7410465478897 -1106.1653137207031
v -186.53959035873413 407.99003541469574 -1111.349594593048
v -152.1401658654213 416.5112793445587 -1115.7384395599365
v -117.0366883277893 423.2223004102707 -1119.2334651947021
v -81.39730542898178 428.0504912137985 -1121.7355370521545
v -45.39765156805515 430.93654811382294 -1123.151957988739
v -9.219579678028822 431.83388113975525 -1123.3893871307373
v 26.95800606161356 430.9256315231323 -1123.1136560440063
v 62.98985481262207 428.40612530708313 -1122.9953169822693
v 98.73686134815216 424.26372170448303 -1122.9588389396667
v 134.0569943189621 418.49201023578644 -1122.9241847991943
v 168.80632638931274 411.0935926437378 -1122.8161454200745
v 202.839857339859 402.07994878292084 -1122.5632667541504
v 236.01266741752625 391.472589969635 -1122.0984935760498
v 268.1808829307556 379.3036758899689 -1121.360456943512
v 299.20312464237213 365.6164973974228 -1120.2961564064026
v 328.94219756126404 350.4646986722946 -1118.8569903373718
v 357.26490318775177 333.9139133691788 -1117.0047640800476
v 384.04539227485657 316.0402625799179 -1114.711046218872
v 409.1639846563339 296.9287186861038 -1111.9494438171387
v 432.51054883003235 276.6749829053879 -1108.7093353271484
v 453.98356318473816 255.38111329078674 -1104.9808502197266
v 473.49250316619873 233.1575632095337 -1100.7683873176575
v 490.9569561481476 210.12043207883835 -1096.0813879966736
v 506.3079357147217 186.38976216316223 -1090.9350872039795
v 519.4897592067719 162.08886802196503 -1085.357165336609
v 530.4587066173553 137.34323680400848 -1079.3837785720825
v 539.1835033893585 112.2779868543148 -1073.0570912361145
v 545.6457495689392 87.01677471399307 -1066.4297819137573
v 549.8408317565918 61.68121173977852 -1059.5680475234985
v 551.7755627632141 36.38678714632988 -1052.5431275367737
v 661.5867555141449 11.243770737200975 -1033.8467359542847
v 658.1291735172272 -18.63220799714327 -1025.0446915626526
v 651.7755568027496 -47.95706570148468 -1015.0842547416687
v 642.6263272762299 -76.55633389949799 -1004.1808605194092
v 630.7967662811279 -104.27994802594185 -992.5543427467346
v 616.4163708686829 -131.00431859493256 -980.4376244544983
v 599.6202707290649 -156.63070678710938 -968.0517196655273
v 580.5489599704742 -181.08502328395844 -955.6136727333069
v 559.3436300754547 -204.31499183177948 -943.3258295059204
v 536.143434047699 -226.28697752952576 -931.3714385032654
v 511.0838770866394 -246.9829022884369 -919.9134707450867
v 484.296977519989 -266.3983404636383 -909.0998768806458
v 455.9083163738251 -284.53688621520996 -899.0522146224976
v 426.0386198759079 -301.4091342687607 -889.8751974105835
v 394.803062081337 -317.0291930437088 -881.6534221172333
v 362.31147944927216 -331.4108222723007 -874.4486331939697
v 328.6702483892441 -344.5679694414139 -868.3101296424866
v 293.98215115070343 -356.51141703128815 -863.2695078849792
v 258.34752917289734 -367.2481119632721 -859.3447387218475
v 221.86540961265564 -376.77910029888153 -856.5386116504669
v 184.63449776172638 -385.1016730070114 -854.847264289856
v 146.75411581993103 -392.20695197582245 -854.2557835578918
v 108.3246722817421 -398.0818212032318 -854.7445356845856
v 69.4490097463131 -402.70997285842896 -856.2925457954407
v 30.231932178139687 -406.07188045978546 -858.877283334732
v -9.219614043831825 -408.14782977104187 -862.4817967414856
v -48.785291612148285 -408.6649864912033 -866.3645625114441
v -88.29815983772278 -407.34450817108154 -869.7541773319244
v -127.57656276226044 -404.1676998138428 -872.5984990596771
v -166.43781512975693 -399.13150370121 -874.8574554920197
v -204.69979494810104 -392.25075244903564 -876.508891582489
v -242.18375980854034 -383.55932235717773 -877.5528073310852
v -278.7178337574005 -373.11042845249176 -878.0151128768921
v -314.1392469406128 -360.9753370285034 -877.9488623142242
v -348.2971519231796 -347.24124670028687 -877.4342000484467
v -381.05448782444 -332.00817704200745 -876.5765905380249
v -412.2901260852814 -315.3847575187683 -875.5035996437073
v -441.8979048728943 -297.48441874980927 -874.3603885173798
v -469.78799700737 -278.42026948928833 -873.3036518096924
v -495.8851397037506 -258.3016365766525 -872.4961996078491
v -520.126622915268 -237.2300684452057 -872.0991790294647
v -542.4603581428528 -215.29690772294998 -872.2667634487152
v -562.8423035144806 -192.5812929868698 -873.1384813785553
v -581.2335669994354 -169.14968937635422 -874.8351395130157
v -597.5977778434753 -145.05726993083954 -877.4550139904022
v -611.898672580719 -120.34842520952225 -881.0677349567413
v -624.0983784198761 -95.05949914455414 -885.7136428356171
v -634.1563940048218 -69.22320127487183 -891.4066314697266
v -642.0276582241058 -42.87012554705143 -898.1243848800659
v -647.665125131607 -16.03441145271063 -905.8235049247742
v -651.0174572467804 11.243809293955564 -914.4276022911072
v -651.9844472408295 38.9102429151535 -923.6400246620178
v -650.4674971103668 66.8807677924633 -933.1445932388306
v -646.4286804199219 95.0550802052021 -942.8386330604553
v -639.8476660251617 123.32398742437363 -952.6518702507019
v -630.7176411151886 151.57126933336258 -962.5265836715698
v -619.0483689308167 179.677614569664 -972.4303722381592
v -604.8619508743286 207.52115696668625 -982.3377013206482
v -588.1932020187378 234.97851490974426 -992.2317266464233
v -569.0888464450836 261.9257301092148 -1002.0994663238525
v -547.6054787635803 288.23879063129425 -1011.9269728660583
v -523.809564113617 313.79082798957825 -1021.6909646987915
v -497.77674078941345 338.45529556274414 -1031.3645124435425
v -469.59203481674194 362.1025890111923 -1040.907061100006
v -439.34980630874634 384.6007704734802 -1050.2659320831299
v -407.1553587913513 405.81645369529724 -1059.3795418739319
v -373.1226325035095 425.61332881450653 -1068.1676387786865
v -337.3788446187973 443.85315477848053 -1076.5389204025269
v -300.0621020793915 460.397207736969 -1084.3872785568237
v -261.32392287254333 475.1086413860321 -1091.5982365608215
v -221.32895439863205 487.85170912742615 -1098.0416536331177
v -180.25514781475067 498.4973430633545 -1103.5826683044434
v -138.29472362995148 506.9239318370819 -1108.0785870552063
v -95.65413817763329 513.0196809768677 -1111.380386352539
v -52.552397176623344 516.6894257068634 -1113.342797756195
v -9.219578001648188 517.8545773029327 -1113.8205528259277
v 34.11884531378746 516.8165624141693 -1113.7099385261536
v 77.29257345199585 513.8935983181 -1113.9186143875122
v 120.14040648937225 509.0544641017914 -1114.3293142318726
v 162.49496787786484 502.2751271724701 -1114.8221969604492
v 204.18439507484436 493.54367852211 -1115.288257598877
v 245.03331184387207 482.8597962856293 -1115.6219244003296
v 284.86449122428894 470.2371060848236 -1115.725564956665
v 323.5013097524643 455.7059168815613 -1115.516459941864
v 360.76840460300446 439.3108606338501 -1114.9174690246582
v 396.4959114789963 421.1132526397705 -1113.866150379181
v 430.51804304122925 401.19058191776276 -1112.311863899231
v 462.67815828323364 379.63511645793915 -1110.2155566215515
v 492.82768964767456 356.5520793199539 -1107.5459003448486
v 520.8294153213501 332.0605605840683 -1104.2855143547058
v 546.5583443641663 306.29008412361145 -1100.4260301589966
v 569.9017703533173 279.37945425510406 -1095.9665894508362
v 590.7614171504974 251.47659480571747 -1090.9189939498901
v 609.0534925460815 222.73429781198502 -1085.3009462356567
v 624.7099757194519 193.30928474664688 -1079.139482975006
v 637.6791000366211 163.3613482117653 -1072.4743008613586
v 647.9259967803955 133.05034786462784 -1065.3574347496033
v 655.4320514202118 102.53331363201141 -1057.84832239151
v 660.1973176002502 71.96443900465965 -1050.0298976898193
v 662.2376203536987 41.48893542587757 -1041.9913172721863
v 769.7802007198334 11.243770737200975 -1016.8897032737732
v 765.3733313083649 -23.568853922188282 -1006.9383859634399
v 757.4821650981903 -57.64806121587753 -995.4175472259521
v 746.2623238563538 -90.76604023575783 -982.6447606086731
v 731.890457868576 -122.7367177605629 -968.9526200294495
v 714.5532488822937 -153.41492593288422 -954.663097858429
v 694.4437086582184 -182.69585072994232 -940.090548992157
v 671.7522740364075 -210.50929874181747 -925.519609451294
v 646.6656804084778 -236.81706190109253 -911.2145304679871
v 619.3628311157227 -261.60660088062286 -897.4095225334167
v 590.0110423564911 -284.8847419023514 -884.3037664890289
v 558.7678670883179 -306.6739082336426 -872.0691919326782
v 525.7794320583344 -327.00588405132294 -860.8477413654327
v 491.180545091629 -345.9169328212738 -850.7495999336243
v 455.09753823280334 -363.4462684392929 -841.8653726577759
v 417.6471948623657 -379.62959110736847 -834.2576622962952
v 378.9401561021805 -394.4989264011383 -827.9711544513702
v 339.08086717128754 -408.07852149009705 -823.0285406112671
v 298.17023277282715 -420.3840136528015 -819.4358289241791
v 256.3071459531784 -431.42135739326477 -817.1841144561768
v 213.58978897333145 -441.1863684654236 -816.2509739398956
v 170.11763155460358 -449.66445565223694 -816.6021287441254
v 125.99255740642548 -456.83233737945557 -818.1969165802002
v 81.32046684622765 -462.6586854457855 -820.9889888763428
v 36.211541667580605 -467.10771918296814 -824.9336063861847
v -9.219618234783411 -470.14102935791016 -829.990965127945
v -54.83877584338188 -471.3783860206604 -835.3002905845642
v -100.44632703065872 -470.4222321510315 -839.946573972702
v -145.8192989230156 -467.2230541706085 -843.8235461711884
v -190.72987139225006 -461.7552101612091 -846.8433916568756
v -234.94836688041687 -454.02154326438904 -848.9457070827484
v -278.24836671352386 -444.05710995197296 -850.1076400279999
v -320.41239738464355 -431.92899227142334 -850.3470003604889
v -361.23653054237366 -417.73568093776703 -849.7266054153442
v -400.53518414497375 -401.6025960445404 -848.3536899089813
v -438.14450204372406 -383.6764544248581 -846.3762044906616
v -473.9258408546448 -364.11797404289246 -843.9775586128235
v -507.76442885398865 -343.09455156326294 -841.3698613643646
v -539.5710289478302 -320.77103555202484 -838.7827634811401
v -569.2780494689941 -297.303181886673 -836.4549279212952
v -596.8364596366882 -272.8305459022522 -834.6215307712555
v -622.2116053104401 -247.4722981452942 -833.5049271583557
v -645.377790927887 -221.32412642240524 -833.3046734333038
v -666.3137197494507 -194.4577932357788 -834.1898024082184
v -684.9968612194061 -166.9230803847313 -836.291366815567
v -701.3996958732605 -138.75053822994232 -839.6982550621033
v -715.4877305030823 -109.9567361176014 -844.4579422473907
v -727.2154748439789 -80.55055886507034 -850.5711257457733
v -736.5281581878662 -50.53873211145401 -857.9991817474365
v -743.3600664138794 -19.93303243070841 -866.6608393192291
v -747.638726234436 11.243815161287785 -876.4453768730164
v -749.1857171058655 42.94426180422306 -886.8625938892365
v -747.8284657001495 75.06560906767845 -897.4190175533295
v -743.5187458992004 107.48092979192734 -908.0118656158447
v -736.2304329872131 140.05283117294312 -918.5746192932129
v -725.961971282959 172.63931035995483 -929.080080986023
v -712.7300441265106 205.0969362258911 -939.521598815918
v -696.5694665908813 237.2844099998474 -949.9150514602661
v -677.528303861618 269.0615326166153 -960.2795362472534
v -655.6665301322937 300.28998255729675 -970.6353306770325
v -631.0537755489349 330.83328902721405 -980.999493598938
v -603.7687361240387 360.55262088775635 -991.3751363754272
v -573.897135257721 389.30785953998566 -1001.7505645751953
v -541.5339231491089 416.95497035980225 -1012.0989561080933
v -506.781667470932 443.34299862384796 -1022.3682761192322
v -469.75387930870056 468.31567883491516 -1032.4902892112732
v -430.57375252246857 491.70979857444763 -1042.372727394104
v -389.3795281648636 513.3553326129913 -1051.9049763679504
v -346.3227242231369 533.0777764320374 -1060.9565734863281
v -301.57127380371094 550.6985485553741 -1069.377315044403
v -255.3111344575882 566.0381555557251 -1077.0015478134155
v -207.74618089199066 578.9198935031891 -1083.6488127708435
v -159.10029709339142 589.1722083091736 -1089.12513256073
v -109.61840227246284 596.6350793838501 -1093.2295560836792
v -59.56423804163933 601.1635601520538 -1095.7543730735779
v -9.219576325267553 602.6340544223785 -1096.4912295341492
v 41.13985933363438 601.4990508556366 -1096.5687990188599
v 91.32116362452507 598.2356607913971 -1097.13796377182
v 141.1439135670662 592.7848219871521 -1098.0348944664001
v 190.4173269867897 585.0975573062897 -1099.1004824638367
v 238.94180059432983 575.1384615898132 -1100.1823782920837
v 286.511367559433 562.8901541233063 -1101.1436820030212
v 332.9158365726471 548.3539760112762 -1101.8576860427856
v 377.94390320777893 531.5534770488739 -1102.2152781486511
v 421.3854432106018 512.5339865684509 -1102.1231174468994
v 463.03591132164 491.36255979537964 -1101.504385471344
v 502.69569754600525 468.1280851364136 -1100.2968549728394
v 540.1763498783112 442.94005036354065 -1098.456859588623
v 575.2997159957886 415.92535078525543 -1095.9504961967468
v 607.9014837741852 387.2284770011902 -1092.760169506073
v 637.8315567970276 357.00617730617523 -1088.874077796936
v 664.9560928344727 325.4285842180252 -1084.2941522598267
v 689.1573965549469 292.6756203174591 -1079.029619693756
v 710.335636138916 258.9339405298233 -1073.0971097946167
v 728.4108281135559 224.39556419849396 -1066.5250539779663
v 743.3223009109497 189.25623893737793 -1059.3531489372253
v 755.028909444809 153.71125638484955 -1051.629137992859
v 763.5128438472748 117.95425862073898 -1043.4227585792542
v 768.7772691249847 82.17396587133408 -1034.818983078003
v 770.850133895874 46.54855392873287 -1025.9303569793701
v 875.3032386302948 11.243770737200975 -993.9323544502258
v 869.8458552360535 -28.39941680431366 -982.9258561134338
v 860.2753579616547 -67.09873080253601 -969.9112415313721
v 846.8290150165558 -104.56613972783089 -955.3492069244385
v 829.7612607479095 -140.57777971029282 -939.6912217140198
v 809.3359708786011 -174.97259080410004 -923.3743786811829
v 785.815304517746 -207.64708667993546 -906.806480884552
v 759.4489753246307 -238.54617476463318 -890.3469979763031
v 730.4739832878113 -267.65685975551605 -874.3184387683868
v 699.1074800491333 -294.9965626001358 -858.9905798435211
v 665.5478954315186 -320.6065893173218 -844.5914626121521
v 629.9746692180634 -344.5439100265503 -831.3071250915527
v 592.5484657287598 -366.8726831674576 -819.2824065685272
v 553.4143924713135 -387.6610904932022 -808.6307644844055
v 512.7035021781921 -406.97573125362396 -799.4379222393036
v 470.534348487854 -424.8766601085663 -791.7607963085175
v 427.01649963855743 -441.4152145385742 -785.6354892253876
v 382.2514235973358 -456.6311180591583 -781.0766458511353
v 336.3359212875366 -470.55049538612366 -778.0816376209259
v 289.36373591423035 -483.1836462020874 -776.6297042369843
v 241.42756462097168 -494.5242404937744 -776.6831338405609
v 192.62235760688782 -504.5498549938202 -778.1910181045532
v 143.0464580655098 -513.2221341133118 -781.0896813869476
v 92.80478060245514 -520.4893112182617 -785.3076159954071
v 42.00940802693367 -526.2901246547699 -790.7710611820221
v -9.219622425734997 -530.5576801300049 -797.4099040031433
v -60.735196620225906 -532.7987194061279 -804.2804896831512
v -112.30472177267075 -532.4828624725342 -810.3501677513123
v -163.66030722856522 -529.5073807239532 -815.4334366321564
v -214.52215164899826 -523.8046288490295 -819.3717241287231
v -264.60415720939636 -515.3524518013 -822.050017118454
v -313.6219024658203 -504.17917370796204 -823.407644033432
v -361.3026738166809 -490.3668165206909 -823.4497010707855
v -407.39276111125946 -474.04675483703613 -822.2461402416229
v -451.666134595871 -455.3952097892761 -819.9350953102112
v -493.930184841156 -434.62268114089966 -816.7162835597992
v -534.029746055603 -411.9610995054245 -812.8411889076233
v -571.8470692634583 -387.6512736082077 -808.6028158664703
v -607.3018491268158 -361.92811131477356 -804.3194890022278
v -640.3461277484894 -335.00919342041016 -800.3209590911865
v -670.9574282169342 -307.0828378200531 -796.929681301117
v -699.131566286087 -278.3013939857483 -794.4462776184082
v -724.8736917972565 -248.77708554267883 -793.1356430053711
v -748.1895983219147 -218.58164817094803 -793.2143926620483
v -769.0774619579315 -187.75043338537216 -794.843190908432
v -787.5215649604797 -156.28806799650192 -798.1202602386475
v -803.4886479377747 -124.17761385440826 -803.0821323394775
v -816.9238328933716 -91.39160513877869 -809.7022533416748
v -827.7519106864929 -57.90146291255951 -817.896831035614
v -835.8805596828461 -23.689365573227406 -827.5366902351379
v -841.2014186382294 11.243820190429688 -838.4460926055908
v -843.4288859367371 46.85543552041054 -849.9188125133514
v -842.2965109348297 83.01382586359978 -861.2812936306
v -837.7466261386871 119.55360621213913 -872.4348843097687
v -829.7595977783203 156.30145221948624 -883.3486318588257
v -818.3460474014282 193.0835634469986 -894.0346598625183
v -803.5417020320892 229.7314703464508 -904.5377612113953
v -785.4033708572388 266.0857290029526 -914.926278591156
v -764.0010058879852 301.9938290119171 -925.2708077430725
v -739.4158780574799 337.31060922145844 -935.6414079666138
v -711.7347836494446 371.89447581768036 -946.0919380187988
v -681.0505270957947 405.6021451950073 -956.6561937332153
v -647.4595606327057 438.28818798065186 -967.3449039459229
v -611.0637545585632 469.7984039783478 -978.1395077705383
v -571.9712018966675 499.9682664871216 -988.9912962913513
v -530.2993834018707 528.6210179328918 -999.8239874839783
v -486.17607951164246 555.5677235126495 -1010.5327606201172
v -439.74545896053314 580.6056618690491 -1020.9854364395142
v -391.16740822792053 603.5208463668823 -1031.0237646102905
v -340.6224399805069 624.0902781486511 -1040.4665350914001
v -288.31394612789154 642.0848429203033 -1049.1100072860718
v -234.46868062019348 657.2727978229523 -1056.7290902137756
v -179.3407291173935 669.4258332252502 -1063.0821704864502
v -123.2124075293541 678.3231496810913 -1067.9105758666992
v -66.39328971505165 683.760416507721 -1070.9454417228699
v -9.219575487077236 685.5558335781097 -1071.910285949707
v 47.979676723480225 684.3402028083801 -1072.1490025520325
v 104.99118268489838 680.7826817035675 -1073.0462551116943
v 161.61819398403168 674.7891247272491 -1074.3929386138916
v 217.64797121286392 666.2776708602905 -1075.988209247589
v 272.85436391830444 655.1851272583008 -1077.6443123817444
v 327.0005464553833 641.4702415466309 -1079.189157485962
v 379.8429876565933 625.1189589500427 -1080.4714679718018
v 431.1349242925644 606.1448514461517 -1081.3589572906494
v 480.63039779663086 584.5916390419006 -1081.7420840263367
v 528.089565038681 560.5320632457733 -1081.5340518951416
v 573.2787787914276 534.0670824050903 -1080.6669473648071
v 615.9770250320435 505.3230285644531 -1079.0916323661804
v 655.977076292038 474.45037364959717 -1076.7776370048523
v 693.0868864059448 441.6187137365341 -1073.7046837806702
v 727.1329700946808 407.0145159959793 -1069.8662281036377
v 757.9587936401367 370.8382487297058 -1065.2615189552307
v 785.4276180267334 333.30253064632416 -1059.8990321159363
v 809.4234108924866 294.62824165821075 -1053.7938952445984
v 829.8515975475311 255.04205524921417 -1046.9671368598938
v 846.6407239437103 214.77586179971695 -1039.4529819488525
v 859.7429931163788 174.06243681907654 -1031.2953114509583
v 869.1381275653839 133.132866024971 -1022.5598931312561
v 874.833744764328 92.21354126930237 -1013.3366346359253
v 876.8658399581909 51.517802104353905 -1003.7413001060486
v 977.3353815078735 11.243770737200975 -964.5106673240662
v 970.717191696167 -33.068059757351875 -952.5260210037231
v 959.3248844146729 -76.19663625955582 -938.1056070327759
v 943.5023188591003 -117.78794825077057 -921.8706250190735
v 923.6090183258057 -157.58386999368668 -904.4187784194946
v 900.0030040740967 -195.4158514738083 -886.3101124763489
v 873.0252385139465 -231.19279146194458 -868.0420160293579
v 842.9927051067352 -264.88812267780304 -850.0486850738525
v 810.190737247467 -296.52432203292847 -832.6927542686462
v 774.8734474182129 -326.1597812175751 -816.2720024585724
v 737.263298034668 -353.87633442878723 -801.0225713253021
v 697.5532472133636 -379.7679930925369 -787.1239542961121
v 655.912435054779 -403.9348840713501 -774.714607000351
v 612.4879539012909 -426.4756053686142 -763.8938784599304
v 567.410159111023 -447.48357832431793 -754.733544588089
v 520.7946002483368 -467.04259514808655 -747.2800612449646
v 472.7459907531738 -485.2236807346344 -741.5603041648865
v 423.36021959781647 -502.08356380462646 -737.5845730304718
v 372.7267652750015 -517.65958070755 -735.3447139263153
v 320.9314852952957 -531.9688975811005 -734.8157286643982
v 268.0584132671356 -545.0053989887238 -735.9537363052368
v 214.19394314289093 -556.7384541034698 -738.6962950229645
v 159.42881405353546 -567.1132385730743 -742.9634749889374
v 103.8626030087471 -576.0528802871704 -748.6601650714874
v 47.60552532970905 -583.4624826908112 -755.6818127632141
v -9.219626616686583 -589.235508441925 -763.9213979244232
v -66.45449101924896 -592.7681386470795 -772.3933696746826
v -123.83481413125992 -593.3866560459137 -779.9747943878174
v -181.04505836963654 -590.9052908420563 -786.3752961158752
v -237.7465009689331 -585.1891279220581 -791.3428008556366
v -293.5865521430969 -576.1726677417755 -794.6900367736816
v -348.2118844985962 -563.8692140579224 -796.3093936443329
v -401.28301084041595 -548.3730733394623 -796.1832225322723
v -452.4875342845917 -529.8567652702332 -794.3894684314728
v -501.5528619289398 -508.5616886615753 -791.1015093326569
v -548.2548952102661 -484.78041887283325 -786.5770518779755
v -592.4256205558777 -458.8393807411194 -781.1488509178162
v -633.9508831501007 -431.07559382915497 -775.2038955688477
v -672.7712452411652 -401.8147587776184 -769.1637217998505
v -708.8720619678497 -371.35288417339325 -763.4625256061554
v -742.2735035419464 -339.9380475282669 -758.5210919380188
v -773.0175197124481 -307.7602028846741 -754.7265708446503
v -801.1535704135895 -274.9454140663147 -752.4106979370117
v -826.7248392105103 -241.5566861629486 -751.8356323242188
v -849.755197763443 -207.60139524936676 -753.1814575195312
v -870.2405154705048 -173.04204404354095 -756.5408706665039
v -888.1421685218811 -137.81126886606216 -761.9182169437408
v -903.3848404884338 -101.83041393756866 -769.2357122898102
v -915.8582925796509 -65.02444446086884 -778.3396124839783
v -925.4231572151184 -27.339795045554638 -789.0175402164459
v -931.9186091423035 11.24382521957159 -801.0108232498169
v -934.9225759506226 50.68124458193779 -813.3887350559235
v -934.0602993965149 90.79686552286148 -825.3152847290039
v -929.2751312255859 131.37340396642685 -836.7219686508179
v -920.5628871917725 172.19088524580002 -847.622948884964
v -907.9601526260376 213.0381390452385 -858.0905914306641
v -891.5362358093262 253.72096002101898 -868.2397484779358
v -871.3812589645386 294.0639853477478 -878.2030284404755
v -847.5987553596497 333.90929996967316 -888.1170630455017
v -820.2974617481232 373.1116086244583 -898.1041610240936
v -789.5864903926849 411.53312623500824 -908.2623839378357
v -755.575168132782 449.035182595253 -918.6592698097229
v -718.3689057826996 485.47264337539673 -929.3224453926086
v -678.0743479728699 520.6872582435608 -940.2417182922363
v -634.8011434078217 554.5036911964417 -951.3668775558472
v -588.6661291122437 586.7263555526733 -962.6110196113586
v -539.7968709468842 617.1400845050812 -973.852264881134
v -488.33885192871094 645.5071806907654 -984.9356889724731
v -434.45678651332855 671.572995185852 -995.6776142120361
v -378.34038734436035 695.0666785240173 -1005.8674335479736
v -320.2077716588974 715.7057404518127 -1015.2681469917297
v -260.30699014663696 733.2009315490723 -1023.6189365386963
v -198.9202916622162 747.2605884075165 -1030.6345224380493
v -136.3670602440834 757.5986802577972 -1036.0081672668457
v -73.00278916954994 763.9430701732635 -1039.4145727157593
v -9.219573810696602 766.0442590713501 -1040.5133128166199
v 54.59831580519676 764.7302985191345 -1040.8284187316895
v 118.21912676095963 760.8865857124329 -1041.9479727745056
v 181.43236935138702 754.3806195259094 -1043.6261773109436
v 244.00548934936523 745.0948119163513 -1045.6280708312988
v 305.6870698928833 732.9339981079102 -1047.7355360984802
v 366.21084809303284 717.8311228752136 -1049.7501969337463
v 425.30026137828827 699.7523903846741 -1051.4966368675232
v 482.6737582683563 678.7002682685852 -1052.8258323669434
v 538.0497872829437 654.715096950531 -1053.6153674125671
v 591.1535024642944 627.8732657432556 -1053.768789768219
v 641.7173266410828 598.287695646286 -1053.2147526741028
v 689.488810300827 566.101884841919 -1051.9031524658203
v 734.230899810791 531.4874947071075 -1049.8016953468323
v 775.7252633571625 494.64059472084045 -1046.8930006027222
v 813.7735784053802 455.7753324508667 -1043.169128894806
v 848.198014497757 415.1227802038193 -1038.6300802230835
v 878.8409113883972 372.92672395706177 -1033.2785367965698
v 905.568265914917 329.4411689043045 -1027.122974395752
v 928.270161151886 284.92749631404877 -1020.1770186424255
v 946.86119556427 239.65357840061188 -1012.4623417854309
v 961.285150051117 193.89074742794037 -1004.0154218673706
v 971.5160608291626 147.90918231010437 -994.8911905288696
v 977.5635838508606 101.97562873363495 -985.1760149002075
v 979.4742822647095 56.34256303310394 -974.992311000824
v 1075.01220703125 11.243770737200975 -928.3724069595337
v 1067.1082735061646 -37.51386143267155 -915.4738783836365
v 1053.7456154823303 -84.81816798448563 -899.7470676898956
v 1035.4098200798035 -130.24766743183136 -881.9994270801544
v 1012.5920534133911 -173.5178679227829 -862.9919528961182
v 985.7598781585693 -214.46503400802612 -843.4034585952759
v 955.3454518318176 -253.02704572677612 -823.824405670166
v 921.732759475708 -289.2202377319336 -804.7466576099396
v 885.2508008480072 -323.11429381370544 -786.556077003479
v 846.1819589138031 -354.8165023326874 -769.5563971996307
v 804.760068655014 -384.45083498954773 -753.9663255214691
v 761.1823260784149 -412.150114774704 -739.9450242519379
v 715.6129360198975 -438.04314136505127 -727.5967240333557
v 668.1940019130707 -462.254798412323 -716.9960975646973
v 619.048422574997 -484.8994553089142 -708.1900298595428
v 568.285471200943 -506.0802698135376 -701.2102246284485
v 516.0038530826569 -525.8865594863892 -696.0758328437805
v 462.29299306869507 -544.3911731243134 -692.7949547767639
v 407.2355568408966 -561.6464138031006 -691.3636207580566
v 350.90927481651306 -577.6804983615875 -691.762787103653
v 293.38871240615845 -592.4923539161682 -693.9538300037384
v 234.7494274377823 -606.0477554798126 -697.8746831417084
v 175.07140338420868 -618.2778239250183 -703.4387111663818
v 114.44477587938309 -629.0789723396301 -710.5337977409363
v 52.97366827726364 -638.3165538311005 -719.0261542797089
v -9.219629969447851 -645.8336055278778 -728.7693858146667
v -71.9681404531002 -650.9261548519135 -738.7768685817719
v -134.97925847768784 -652.7710855007172 -747.8643536567688
v -197.88836538791656 -651.0616600513458 -755.6112706661224
v -260.29124557971954 -645.5665647983551 -761.6552531719208
v -321.7589199542999 -636.1553370952606 -765.7215356826782
v -381.85689747333527 -622.8126347064972 -767.6432311534882
v -440.16737043857574 -605.643492937088 -767.3753321170807
v -496.309357881546 -584.8689258098602 -765.002703666687
v -549.9574542045593 -560.810261964798 -760.7350945472717
v -600.8553743362427 -533.864951133728 -754.897266626358
v -648.8249123096466 -504.4769525527954 -747.9091465473175
v -693.7657535076141 -473.10540676116943 -740.2644753456116
v -735.6527388095856 -440.1904106140137 -732.500284910202
v -774.5220243930817 -406.1232715845108 -725.1649260520935
v -810.4549884796143 -371.2232530117035 -718.7873303890228
v -843.5576856136322 -335.7202470302582 -713.8450384140015
v -873.9385843276978 -299.7486859560013 -710.7375383377075
v -901.688289642334 -263.3501708507538 -709.7663640975952
v -926.860499382019 -226.48607790470123 -711.1195385456085
v -949.4583249092102 -189.0560120344162 -714.8664772510529
v -969.4272637367249 -150.92171877622604 -720.95707654953
v -986.652410030365 -111.9356095790863 -729.2313158512115
v -1000.9656429290771 -71.96518331766129 -739.4376575946808
v -1012.1534585952759 -30.91731034219265 -751.2476921081543
v -1019.9744582176208 11.243830248713493 -764.284998178482
v -1023.8489627838135 54.45614866912365 -777.4177372455597
v -1023.2944965362549 98.48238676786423 -789.6986603736877
v -1018.2649254798889 143.03796887397766 -801.1008381843567
v -1008.7835311889648 187.84522265195847 -811.6974949836731
v -994.9300289154053 232.6503574848175 -821.6390490531921
v -976.8210411071777 277.2320508956909 -831.1174929141998
v -954.5942187309265 321.403044462204 -840.3421461582184
v -928.3971905708313 365.00602662563324 -849.5200753211975
v -898.3739912509918 407.904177904129 -858.83007645607
v -864.6604478359222 449.972265958786 -868.4151113033295
v -827.3819804191589 491.0818934440613 -878.3694326877594
v -786.6522073745728 531.0948729515076 -888.7365460395813
v -742.5786852836609 569.8512375354767 -899.5064735412598
v -695.2678978443146 607.1651637554169 -910.620903968811
v -644.8317468166351 642.8208410739899 -921.9763040542603
v -591.3931846618652 676.5733301639557 -933.4295511245728
v -535.0965142250061 708.1485629081726 -944.803512096405
v -476.10964179039 737.2483313083649 -955.8918714523315
v -414.63008522987366 763.5527014732361 -966.4600968360901
v -350.8905529975891 786.7258608341217 -976.2481212615967
v -285.16009747982025 806.4218044281006 -984.9712014198303
v -217.7493318915367 822.2881972789764 -992.3166990280151
v -149.01403784751892 833.9747965335846 -997.9455828666687
v -79.35497090220451 841.1411762237549 -1001.4912486076355
v -9.219572972506285 843.4680461883545 -1002.5637030601501
v 60.95295175909996 841.9842481613159 -1002.811861038208
v 130.91384768486023 837.8016650676727 -1003.975510597229
v 200.44123828411102 830.7543218135834 -1005.7899713516235
v 269.28568482398987 820.6918001174927 -1008.0022573471069
v 337.17373609542847 807.4884653091431 -1010.3751540184021
v 403.81265580654144 791.0511910915375 -1012.693440914154
v 468.8960552215576 771.3260650634766 -1014.7666811943054
v 532.1099817752838 748.3017146587372 -1016.4322257041931
v 593.1395709514618 722.0123112201691 -1017.5572514533997
v 651.6764760017395 692.5354242324829 -1018.037474155426
v 707.4203431606293 659.991055727005 -1017.7954316139221
v 760.0873947143555 624.5368123054504 -1016.7767286300659
v 809.411609172821 586.3626480102539 -1014.9462819099426
v 855.1466524600983 545.6863582134247 -1012.2822046279907
v 897.0690965652466 502.74767875671387 -1008.7728023529053
v 934.9758982658386 457.80394077301025 -1004.4086337089539
v 968.6874032020569 411.12942695617676 -999.1854071617126
v 998.0480432510376 363.0095511674881 -993.098509311676
v 1022.9291796684265 313.74072432518005 -986.1501932144165
v 1043.2286739349365 263.62788677215576 -978.3461451530457
v 1058.8786125183105 212.9829928278923 -969.7108268737793
v 1069.847559928894 162.11948543787003 -960.2914452552795
v 1076.14506483078 111.34806498885155 -950.1668572425842
v 1077.8302431106567 60.96496134996414 -939.4654870033264
v 1167.4675226211548 11.243770737200975 -885.5169296264648
v 1158.1292510032654 -41.674188897013664 -871.7532277107239
v 1142.6403522491455 -92.83598139882088 -854.8343360424042
v 1121.6670870780945 -141.7560338973999 -835.7739150524139
v 1095.8584427833557 -188.13600093126297 -815.4978096485138
v 1065.8126592636108 -231.83681666851044 -794.8110580444336
v 1032.0560932159424 -272.84454703330994 -774.3813693523407
v 995.035707950592 -311.23441457748413 -754.7369241714478
v 955.1157474517822 -347.1370965242386 -736.2709879875183
v 912.5887870788574 -380.7119697332382 -719.2612767219543
v 867.6852285861969 -412.1260553598404 -703.8888931274414
v 820.5867111682892 -441.541063785553 -690.2605891227722
v 771.4415073394775 -469.1067159175873 -678.4339249134064
v 720.3751981258392 -494.9609041213989 -668.438994884491
v 667.4974858760834 -519.2278146743774 -660.2890491485596
v 612.9094362258911 -542.0212805271149 -653.9961576461792
v 556.7043364048004 -563.4440302848816 -649.5724439620972
v 498.9684998989105 -583.5850059986115 -647.0306754112244
v 439.78126645088196 -602.5150179862976 -646.3804006576538
v 379.2153775691986 -620.279985666275 -647.6206004619598
v 317.33764708042145 -636.8924617767334 -650.7309973239899
v 254.21301126480103 -652.3233711719513 -655.6642770767212
v 189.90861922502518 -666.4955735206604 -662.3381495475769
v 124.50175881385803 -679.2817711830139 -670.6339001655579
v 58.086394518613815 -690.5052602291107 -680.3951025009155
v -9.21963332220912 -699.9481379985809 -691.4344847202301
v -77.24430710077286 -706.8259656429291 -702.8057634830475
v -145.6721931695938 -710.1650476455688 -713.293844461441
v -214.08996731042862 -709.4970166683197 -722.3315477371216
v -282.02252984046936 -704.4593453407288 -729.4307112693787
v -348.95421266555786 -694.828337430954 -734.2143774032593
v -414.35789465904236 -680.5478274822235 -736.4517688751221
v -477.7258336544037 -661.7300927639008 -736.0664427280426
v -538.5979771614075 -638.6487185955048 -733.1435322761536
v -596.5903401374817 -611.7218613624573 -727.9323220252991
v -651.4128148555756 -581.4728200435638 -720.8248972892761
v -702.882581949234 -548.4903395175934 -712.3355448246002
v -750.9235203266144 -513.3822083473206 -703.0703902244568
v -795.5611109733582 -476.727032661438 -693.6896324157715
v -836.9015157222748 -439.03030157089233 -684.8626971244812
v -875.1087248325348 -400.69268345832825 -677.2318124771118
v -910.3727459907532 -361.9858056306839 -671.3673770427704
v -942.8781151771545 -323.04466366767883 -667.7356660366058
v -972.7730512619019 -283.87325406074524 -666.6712582111359
v -1000.1432776451111 -244.36469078063965 -668.3586895465851
v -1024.992549419403 -204.33049499988556 -672.825425863266
v -1047.234284877777 -163.53728771209717 -679.9448132514954
v -1066.6897416114807 -121.74898087978363 -689.4502401351929
v -1083.1007838249207 -78.76308783888817 -700.9571313858032
v -1096.1450099945068 -34.44584012031555 -713.9921307563782
v -1105.463433265686 11.243835277855396 -728.0280232429504
v -1110.3072881698608 58.20638984441757 -741.773271560669
v -1110.1017236709595 106.1234638094902 -754.2388916015625
v -1104.8207759857178 154.62767332792282 -765.4474675655365
v -1094.5308566093445 203.373321890831 -775.5438923835754
v -1079.368007183075 252.05769538879395 -784.757924079895
v -1059.511935710907 300.4320055246353 -793.3670103549957
v -1035.1621985435486 348.3009606599808 -801.6614735126495
v -1006.5193176269531 395.51365971565247 -809.9167764186859
v -973.7704038619995 441.94964468479156 -818.3689534664154
v -937.0802521705627 487.50221729278564 -827.1991074085236
v -896.5903759002686 532.0593953132629 -836.5236461162567
v -852.4192214012146 575.4911184310913 -846.3916003704071
v -804.670912027359 617.6346838474274 -856.7851603031158
v -753.443831205368 658.290159702301 -867.6285803318024
v -698.8410294055939 697.215986251831 -878.7951529026031
v -640.979129076004 734.1326236724854 -890.1180982589722
v -580.0002336502075 768.7238395214081 -901.3964653015137
v -516.0760581493378 800.6454527378082 -912.40553855896
v -449.4154393672943 829.5304298400879 -922.8972673416138
v -380.26814460754395 854.9939274787903 -932.6027870178223
v -308.92707109451294 876.6409635543823 -941.2304878234863
v -235.7330471277237 894.0697968006134 -948.4636545181274
v -161.0783189535141 906.8767547607422 -953.954029083252
v -85.40734201669693 914.665675163269 -957.3208451271057
v -9.21957129612565 917.0563817024231 -958.149003982544
v 66.99437275528908 915.2600526809692 -958.1369876861572
v 142.96953231096268 910.6060981750488 -959.105372428894
v 218.47496330738068 902.910304069519 -960.7976317405701
v 293.2487815618515 892.0023500919342 -962.9649639129639
v 367.0014023780823 877.7353048324585 -965.3721928596497
v 439.4199997186661 859.9947988986969 -967.800235748291
v 510.1748764514923 838.7073397636414 -970.0536131858826
v 578.9259552955627 813.8460516929626 -971.9624876976013
v 645.3295648097992 785.4334652423859 -973.3845949172974
v 709.0473175048828 753.5402834415436 -974.2057800292969
v 769.7481751441956 718.2857573032379 -974.337100982666
v 827.116870880127 679.8311948776245 -973.712682723999
v 880.8561623096466 638.3754014968872 -972.2838163375854
v 930.6890845298767 594.14963722229 -970.0149893760681
v 976.361095905304 547.4105894565582 -966.877019405365
v 1017.6398634910583 498.43817353248596 -962.8449082374573
v 1054.3160676956177 447.532394528389 -957.8944087028503
v 1086.2073183059692 395.0106918811798 -952.0037412643433
v 1113.1600856781006 341.2054181098938 -945.1559543609619
v 1135.0531339645386 286.46375834941864 -937.3435378074646
v 1151.8041729927063 231.14405572414398 -928.5786151885986
v 1163.3755445480347 175.60917288064957 -918.900990486145
v 1169.783341884613 120.22190541028976 -908.3959579467773
v 1171.1007356643677 65.32746031880379 -897.1987009048462
v 1253.8849711418152 11.243770737200975 -836.2196981906891
v 1242.9350137710571 -45.48958092927933 -821.6359376907349
v 1225.152611732483 -100.12845173478127 -803.6561787128448
v 1201.4265418052673 -152.1313413977623 -783.5103213787079
v 1172.5961208343506 -201.20570808649063 -762.2944235801697
v 1139.4023895263672 -247.26040363311768 -740.9262835979462
v 1102.4716973304749 -290.3542220592499 -720.1400756835938
v 1062.3061537742615 -330.64234256744385 -700.4833996295929
v 1019.2858815193176 -368.3268427848816 -682.3264539241791
v 973.6924052238464 -403.62302362918854 -665.8967435359955
v 925.7267832756042 -436.73298954963684 -651.3061165809631
v 875.536859035492 -467.83706545829773 -638.5910511016846
v 823.2351779937744 -497.0868766307831 -627.737706899643
v 768.9195871353149 -524.6152997016907 -618.7176525592804
v 712.6815497875214 -550.5399227142334 -611.5030467510223
v 654.6125829219818 -574.9724864959717 -606.081873178482
v 594.8044717311859 -598.021137714386 -602.4611055850983
v 533.3461046218872 -619.7896242141724 -600.6638646125793
v 470.3203618526459 -640.3711795806885 -600.7221758365631
v 405.80154061317444 -659.8376333713531 -602.664577960968
v 339.8530751466751 -678.226375579834 -606.5018534660339
v 272.53169417381287 -695.5248534679413 -612.2138857841492
v 203.89148443937302 -711.6580188274384 -619.7358727455139
v 133.99453908205032 -726.4802277088165 -628.9518356323242
v 62.920888513326645 -739.7725582122803 -639.690113067627
v -9.219636674970388 -751.24871134758 -651.7264723777771
v -82.25413709878922 -760.074520111084 -664.1958475112915
v -155.85227608680725 -765.1355266571045 -675.8892595767975
v -229.55436408519745 -765.7542049884796 -686.079615354538
v -302.8101861476898 -761.3980293273926 -694.1438913345337
v -375.0094324350357 -751.7256081104279 -699.6015965938568
v -445.5207645893097 -736.6190314292908 -702.1476030349731
v -513.7345433235168 -716.1908984184265 -701.668131351471
v -579.1025519371033 -690.7746076583862 -698.2487440109253
v -641.1746084690094 -660.8952283859253 -692.1692490577698
v -699.6263802051544 -627.225136756897 -683.8895380496979
v -754.2748332023621 -590.5231297016144 -674.0160048007965
v -805.079573392868 -551.5734851360321 -663.2682859897614
v -852.1337807178497 -511.1183702945709 -652.430659532547
v -895.6354022026062 -469.7980284690857 -642.2973811626434
v -935.8539462089539 -428.10571789741516 -633.6245119571686
v -973.085367679596 -386.35552525520325 -627.0752012729645
v -1007.6085090637207 -344.6743994951248 -623.180741071701
v -1039.6406292915344 -303.01025211811066 -622.3028004169464
v -1069.301676750183 -261.163204908371 -624.613630771637
v -1096.5876817703247 -218.82818341255188 -630.0854444503784
v -1121.3613152503967 -175.6494328379631 -638.4981393814087
v -1143.349850177765 -131.27962052822113 -649.4542121887207
v -1162.1676921844482 -85.4337751865387 -662.4140024185181
v -1177.339768409729 -37.936678156256676 -676.7291128635406
v -1188.3444428443909 11.2438403069973 -691.6932106018066
v -1194.26429271698 61.94550320506096 -705.913370847702
v -1194.464385509491 113.74986916780472 -718.4374630451202
v -1188.9467597007751 166.19291603565216 -729.3398916721344
v -1177.8316855430603 218.85040551424026 -738.8344824314117
v -1161.3264441490173 271.36573791503906 -747.2325325012207
v -1139.6862745285034 323.46131801605225 -754.8922777175903
v -1113.183581829071 374.9359667301178 -762.1805369853973
v -1082.0822954177856 425.6509333848953 -769.4391310214996
v -1046.6176986694336 475.50737857818604 -776.9541442394257
v -1006.9853782653809 524.4225561618805 -784.9385440349579
v -963.3411169052124 572.301596403122 -793.5207545757294
v -915.8040046691895 619.021064043045 -802.7456223964691
v -864.4697964191437 664.410263299942 -812.5775277614594
v -809.4243228435516 708.2461416721344 -822.9141712188721
v -750.7586181163788 750.2511978149414 -833.5981607437134
v -688.5822236537933 790.1015818119049 -844.4343388080597
v -623.0380475521088 827.4326741695404 -855.2012085914612
v -554.3068170547485 861.85222864151 -865.6604290008545
v -482.6145350933075 892.9487943649292 -875.5620718002319
v -408.2357257604599 920.2993869781494 -884.6451044082642
v -331.49335384368896 943.4758186340332 -892.6349222660065
v -252.76249945163727 962.0479702949524 -899.2356777191162
v -172.4731743335724 975.584864616394 -904.1224479675293
v -91.11061692237854 983.6599230766296 -906.9330811500549
v -9.219570457935333 985.8554720878601 -907.2620272636414
v 72.66540750861168 983.5221648216248 -906.7669987678528
v 154.2631208896637 978.1686902046204 -907.25998878479
v 235.33583879470825 969.6254253387451 -908.5291028022766
v 315.6157225370407 957.7282190322876 -910.3612661361694
v 394.80660259723663 942.3266530036926 -912.5467300415039
v 472.5868284702301 923.296594619751 -914.8828268051147
v 548.6147940158844 900.5492091178894 -917.1812653541565
v 622.5346505641937 874.0383625030518 -919.271457195282
v 693.9827978610992 843.7664151191711 -921.002984046936
v 762.5967085361481 809.7839534282684 -922.2463488578796
v 828.0164301395416 772.1924185752869 -922.8928685188293
v 889.8947238922119 731.1383128166199 -922.8515625
v 947.8983521461487 686.8114829063416 -922.0450758934021
v 1001.7111897468567 639.4396483898163 -920.4062461853027
v 1051.0385155677795 589.2838954925537 -917.8738117218018
v 1095.605993270874 536.6365849971771 -914.3891930580139
v 1135.1640701293945 481.8201720714569 -909.897780418396
v 1169.491732120514 425.1837730407715 -904.349148273468
v 1198.4029412269592 367.10155606269836 -897.7039217948914
v 1221.7512488365173 307.97180235385895 -889.9393558502197
v 1239.440417289734 248.2113003730774 -881.0626924037933
v 1251.4321446418762 188.24551552534103 -871.1197435855865
v 1257.7549695968628 128.49964499473572 -860.2096974849701
v 1258.511245250702 69.376952201128 -848.4949886798859
v 1333.5490465164185 11.243770737200975 -781.0311019420624
v 1320.7782983779907 -48.90852905809879 -765.6813025474548
v 1300.5186080932617 -106.58900141716003 -746.7918992042542
v 1273.9295482635498 -161.2134888768196 -725.8118748664856
v 1242.069411277771 -212.51915842294693 -703.9984345436096
v 1205.8441400527954 -260.49458384513855 -682.3805272579193
v 1165.9770727157593 -305.2998125553131 -661.7386758327484
v 1123.0091571807861 -347.19041883945465 -642.6131844520569
v 1077.3141860961914 -386.45251393318176 -625.3289222717285
v 1029.135274887085 -423.3588516712189 -610.0397944450378
v 978.6146879196167 -458.1375539302826 -596.765273809433
v 925.8378267288208 -490.9666657447815 -585.4449570178986
v 870.8634316921234 -521.9792246818542 -575.980943441391
v 813.7475073337555 -551.2782275676727 -568.2733476161957
v 754.5573770999908 -578.9533138275146 -562.245512008667
v 693.3754920959473 -605.0971269607544 -557.8590273857117
v 630.2976608276367 -629.8135757446289 -555.1174342632294
v 565.4238760471344 -653.2185316085815 -554.0595173835754
v 498.849892616272 -675.4308700561523 -554.7463774681091
v 430.65993189811707 -696.5571820735931 -557.2445333003998
v 360.9212100505829 -716.6703701019287 -561.604517698288
v 289.68648612499237 -735.7879757881165 -567.8432822227478
v 216.99828654527664 -753.8475573062897 -575.9224712848663
v 142.90285259485245 -770.692902803421 -585.7379615306854
v 67.46377944946289 -786.0634624958038 -597.1090793609619
v -9.219640027731657 -799.5978355407715 -609.7788691520691
v -86.97733283042908 -810.4597091674805 -623.0088651180267
v -165.4739499092102 -817.4149453639984 -635.6350421905518
v -244.20839846134186 -819.5306181907654 -646.7708766460419
v -322.55379259586334 -816.0652577877045 -655.6588590145111
v -399.7980862855911 -806.5274834632874 -661.711049079895
v -475.1961886882782 -790.7190799713135 -664.5476996898651
v -548.0248153209686 -768.7397181987762 -664.0094876289368
v -617.6375806331635 -740.9830927848816 -660.1751089096069
v -683.5109710693359 -708.0918610095978 -653.34792137146
v -745.2829957008362 -670.9045886993408 -644.044303894043
v -802.7758777141571 -630.3772151470184 -632.9588949680328
v -855.9949278831482 -587.4971151351929 -620.9165275096893
v -905.1174402236938 -543.1951761245728 -608.8187456130981
v -950.4547119140625 -498.2675313949585 -597.58061170578
v -992.4059629440308 -453.3131718635559 -588.0690157413483
v -1031.397557258606 -408.69274735450745 -581.0394287109375
v -1067.821741104126 -364.5160138607025 -577.0832240581512
v -1101.9787073135376 -320.657417178154 -576.5870153903961
v -1134.0254187583923 -276.798015832901 -579.705137014389
v -1163.94385099411 -232.4868768453598 -586.3496661186218
v -1191.5253281593323 -187.21624463796616 -596.1968064308167
v -1216.3734197616577 -140.50365686416626 -608.7094724178314
v -1237.930977344513 -91.96603372693062 -623.173177242279
v -1255.5229425430298 -41.38616658747196 -638.7488186359406
v -1268.4132099151611 11.243845336139202 -654.5300781726837
v -1275.5268573760986 65.67178219556808 -669.0871238708496
v -1276.2147903442383 121.36260867118835 -681.5810680389404
v -1270.509946346283 177.74410396814346 -692.1291768550873
v -1258.5943937301636 234.3047708272934 -701.0072350502014
v -1240.753197669983 290.6272977590561 -708.5931122303009
v -1217.3290371894836 346.4031904935837 -715.3188049793243
v -1188.6778950691223 401.4273405075073 -721.6202795505524
v -1155.1345109939575 455.5758833885193 -727.8964877128601
v -1116.9865250587463 508.77513885498047 -734.4743371009827
v -1074.4610667228699 560.9679222106934 -741.5899157524109
v -1027.7259349822998 612.0757520198822 -749.3749737739563
v -976.8957138061523 661.9751393795013 -757.8590154647827
v -922.052800655365 710.4770421981812 -766.979330778122
v -863.2652163505554 757.3216080665588 -776.5976250171661
v -800.6112813949585 802.1811246871948 -786.5209937095642
v -734.1950118541718 844.6739137172699 -796.523380279541
v -664.1656458377838 884.3780636787415 -806.3631176948547
v -590.7216131687164 920.8508491516113 -815.7961249351501
v -514.1173481941223 953.642463684082 -824.582827091217
v -434.6635043621063 982.307767868042 -832.4886918067932
v -352.7227431535721 1006.4097762107849 -839.2780601978302
v -268.7116116285324 1025.5228757858276 -844.7066366672516
v -183.09956341981888 1039.2268180847168 -848.5046446323395
v -96.40905261039734 1047.1067190170288 -850.3671169281006
v -9.219569619745016 1048.750913143158 -849.9391436576843
v 77.90227979421616 1045.5707788467407 -848.7366020679474
v 164.65778052806854 1039.1891598701477 -848.4647333621979
v 250.80435276031494 1029.501450061798 -848.9981710910797
v 336.0771417617798 1016.388988494873 -850.1944363117218
v 420.18721997737885 999.7312903404236 -851.8995702266693
v 502.82084941864014 979.412055015564 -853.9488852024078
v 583.6424052715302 955.3359031677246 -856.1778545379639
v 662.2960925102234 927.4334192276001 -858.4214687347412
v 738.4117662906647 895.6739187240601 -860.5224967002869
v 811.611396074295 860.0660920143127 -862.330573797226
v 881.5094411373138 820.6666946411133 -863.7041330337524
v 947.7235794067383 777.5792062282562 -864.5109951496124
v 1009.8764777183533 730.9545814990997 -864.625471830368
v 1067.5999760627747 680.9912502765656 -863.9275074005127
v 1120.5413103103638 627.9334008693695 -862.3016595840454
v 1168.3658480644226 572.0721065998077 -859.6373677253723
v 1210.7636332511902 513.7456476688385 -855.8320641517639
v 1247.4585056304932 453.33715081214905 -850.7959485054016
v 1278.2193660736084 391.27289950847626 -844.462662935257
v 1302.8685450553894 328.01801562309265 -836.7967486381531
v 1321.2960720062256 264.06656205654144 -827.8073251247406
v 1333.4712624549866 199.92640167474747 -817.5604820251465
v 1339.452588558197 136.10287606716156 -806.1917245388031
v 1339.3941164016724 73.06907996535301 -793.914395570755
v 1405.8934807777405 11.243770737200975 -720.7431435585022
v 1391.062045097351 -51.89204066991806 -704.7100782394409
v 1368.1228280067444 -112.13584318757057 -685.0914359092712
v 1338.556945323944 -168.8776597380638 -663.547021150589
v 1303.6787867546082 -221.91460132598877 -641.48810505867
v 1264.571750164032 -271.34905457496643 -620.0360655784607
v 1222.0547676086426 -317.4748420715332 -600.0005006790161
v 1176.691746711731 -360.6738030910492 -581.8986475467682
v 1128.821074962616 -401.3286083936691 -565.9875154495239
v 1078.611946105957 -439.76831138134 -552.3251473903656
v 1026.114571094513 -476.23393535614014 -540.8204019069672
v 971.321976184845 -510.88094115257263 -531.3025295734406
v 914.2151713371277 -543.7950253486633 -523.5756754875183
v 854.7942101955414 -575.0215709209442 -517.4610435962677
v 793.0957317352295 -604.5979678630829 -512.8297805786133
v 729.1955351829529 -632.5792551040649 -509.61735248565674
v 663.199245929718 -659.053248167038 -507.8248858451843
v 595.2275097370148 -684.1435968875885 -507.50940442085266
v 525.399899482727 -707.9974472522736 -508.76564383506775
v 453.8200557231903 -730.7624280452728 -511.7004096508026
v 380.56721091270447 -752.5579512119293 -516.4088129997253
v 305.6954652070999 -773.4402894973755 -522.9470193386078
v 229.23931181430817 -793.3703899383545 -531.3084840774536
v 151.22970342636108 -812.1858716011047 -541.404265165329
v 71.71390056610107 -829.5854687690735 -553.050309419632
v -9.219643380492926 -845.123291015625 -565.9597277641296
v -91.40573367476463 -858.0298662185669 -579.5668423175812
v -174.51559603214264 -866.9908583164215 -592.7993059158325
v -258.0145061016083 -870.7740068435669 -604.6224296092987
v -341.19951725006104 -868.3879673480988 -614.1502797603607
v -423.25298488140106 -859.1614365577698 -620.6954061985016
v -503.30708026885986 -842.7876770496368 -623.7990438938141
v -580.5153250694275 -819.3407714366913 -623.2541799545288
v -654.1216313838959 -789.2674148082733 -619.1207885742188
v -723.5213220119476 -753.333967924118 -611.71515583992
v -788.3106708526611 -712.558650970459 -601.5953421592712
v -848.3166217803955 -668.1138575077057 -589.5244896411896
v -903.5983443260193 -621.2150573730469 -576.4179825782776
v -954.4324278831482 -573.010665178299 -563.2834732532501
v -1001.2644410133362 -524.4754493236542 -551.145350933075
v -1044.6459531784058 -476.3295292854309 -540.9717321395874
v -1085.1585745811462 -428.98636758327484 -533.6040794849396
v -1123.3301639556885 -382.53477215766907 -529.6918630599976
v -1159.5587611198425 -336.76086366176605 -529.645836353302
v -1194.046711921692 -291.2036508321762 -533.6039185523987
v -1226.7571091651917 -245.23772299289703 -541.4202511310577
v -1257.3928713798523 -198.17353785037994 -552.6699185371399
v -1285.4042530059814 -149.36778098344803 -566.6766822338104
v -1310.0226402282715 -98.32272157073021 -582.5527310371399
v -1330.3213834762573 -44.77546289563179 -599.2624640464783
v -1345.294976234436 11.243850365281105 -615.6924426555634
v -1353.7312746047974 69.36719566583633 -630.4385304450989
v -1355.0193786621094 128.93076986074448 -642.8342521190643
v -1349.2194771766663 189.24583196640015 -653.0242323875427
v -1336.5738272666931 249.70470070838928 -661.3250255584717
v -1317.4509644508362 309.8230093717575 -668.1671261787415
v -1292.28755235672 369.25748884677887 -674.0399301052094
v -1261.5307688713074 427.7976930141449 -679.4350326061249
v -1225.592815876007 485.3356897830963 -684.796929359436
v -1184.818196296692 541.8251574039459 -690.4860556125641
v -1139.4664406776428 597.2337484359741 -696.7516422271729
v -1089.7143602371216 651.4950513839722 -703.7203431129456
v -1035.6672048568726 704.4764041900635 -711.3983273506165
v -977.3872017860413 755.9563100337982 -719.6876406669617
v -914.9220943450928 805.6199312210083 -728.4078240394592
v -848.3359336853027 853.0706763267517 -737.3260080814362
v -777.7311265468597 897.8528916835785 -746.1842179298401
v -703.271609544754 939.4758939743042 -754.723459482193
v -625.1858532428741 977.4441719055176 -762.7005100250244
v -543.7715828418732 1011.2794876098633 -769.8988616466522
v -459.39009189605713 1040.532946586609 -776.1261463165283
v -372.45755195617676 1064.7921323776245 -781.2082350254059
v -283.4403455257416 1083.676278591156 -784.9757730960846
v -192.8509220480919 1096.8287587165833 -787.2482478618622
v -101.24379470944405 1103.9031386375427 -787.8125846385956
v -9.219568781554699 1104.553735256195 -786.4080727100372
v 82.63904079794884 1100.1424670219421 -784.306937456131
v 174.01281595230103 1092.3091292381287 -783.0099821090698
v 264.65552151203156 1081.0824751853943 -782.5191915035248
v 354.3164312839508 1066.4503812789917 -782.8011453151703
v 442.7318036556244 1048.3628511428833 -783.785891532898
v 529.6188533306122 1026.7432808876038 -785.3730082511902
v 614.6714866161346 1001.5004754066467 -787.4365925788879
v 697.5568950176239 972.539484500885 -789.8276746273041
v 777.9165208339691 939.7778034210205 -792.3824787139893
v 855.3690075874329 903.1555652618408 -794.9245691299438
v 929.507839679718 862.6474499702454 -797.2682297229767
v 999.9120712280273 818.2724475860596 -799.2224335670471
v 1066.1472916603088 770.1016366481781 -800.5918085575104
v 1127.7745842933655 718.267035484314 -801.1809825897217
v 1184.3585729599 662.9658401012421 -800.7972121238708
v 1235.4761123657227 604.4679880142212 -799.2567121982574
v 1280.7299137115479 543.1191623210907 -796.3921129703522
v 1319.7648525238037 479.34004068374634 -792.0621693134308
v 1352.2862076759338 413.6228084564209 -786.1673712730408
v 1378.0760765075684 346.521931886673 -778.6607801914215
v 1397.013008594513 278.63656282424927 -769.5644438266754
v 1409.0877771377563 210.585218667984 -758.9811980724335
v 1414.4134640693665 142.97736436128616 -747.1064686775208
v 1413.228678703308 76.37173756957054 -734.2306852340698
v 1470.5353617668152 11.243770737200975 -656.3311815261841
v 1453.3809185028076 -54.41744774580002 -639.7494435310364
v 1427.543306350708 -116.72020107507706 -619.6247756481171
v 1394.880223274231 -175.0479206442833 -597.8104770183563
v 1357.0012092590332 -229.2912393808365 -575.8567571640015
v 1315.1791334152222 -279.7027677297592 -554.953122138977
v 1270.329487323761 -326.74750685691833 -535.9269261360168
v 1223.0173587799072 -370.95927000045776 -519.2530810832977
v 1173.5156893730164 -412.832173705101 -505.109041929245
v 1121.8804836273193 -452.7488350868225 -493.4406816959381
v 1068.0336356163025 -490.95062613487244 -484.0383052825928
v 1011.8428587913513 -527.545827627182 -476.61357522010803
v 953.1859517097473 -562.5434517860413 -470.8671033382416
v 891.9927477836609 -595.9033727645874 -466.5421485900879
v 828.2633543014526 -627.5845527648926 -463.45717906951904
v 762.0670258998871 -657.5845777988434 -461.522501707077
v 693.5265004634857 -685.9637975692749 -460.7390284538269
v 622.7925717830658 -712.8483831882477 -461.1828804016113
v 550.0181257724762 -738.413268327713 -462.98044323921204
v 475.3362536430359 -762.8523766994476 -466.27864837646484
v 398.8456070423126 -786.3360285758972 -471.2133228778839
v 320.60771584510803 -808.9660406112671 -477.8776466846466
v 240.6526744365692 -830.7272851467133 -486.2921118736267
v 158.99960696697235 -851.4532506465912 -496.38349413871765
v 75.6818063557148 -870.7956790924072 -507.96387791633606
v -9.219645895063877 -888.2165729999542 -520.7220196723938
v -95.54357752203941 -903.0987024307251 -534.3046724796295
v -182.9806074500084 -914.1186118125916 -547.786957025528
v -270.9725260734558 -919.6987867355347 -560.0042045116425
v -358.74475836753845 -918.5634613037109 -569.9628710746765
v -445.3714460134506 -909.823215007782 -576.880931854248
v -529.8570871353149 -893.040257692337 -580.2298307418823
v -611.2224340438843 -868.2418406009674 -579.7503054141998
v -688.590270280838 -835.9115123748779 -575.470358133316
v -761.2641870975494 -796.9374060630798 -567.7024126052856
v -828.7913203239441 -752.5254964828491 -557.0267379283905
v -891.000759601593 -704.0801346302032 -544.2520201206207
v -948.009181022644 -653.0687034130096 -530.3611814975739
v -1000.2019643783569 -600.8797824382782 -516.4429843425751
v -1048.1755256652832 -548.6924707889557 -503.61231565475464
v -1092.6568508148193 -497.3690450191498 -492.92505383491516
v -1134.4046831130981 -447.3861336708069 -485.2958858013153
v -1174.106526374817 -398.8147884607315 -481.42964243888855
v -1212.2776865959167 -351.34416818618774 -481.76180720329285
v -1249.1778016090393 -304.3542802333832 -486.4223599433899
v -1284.7519397735596 -257.0205330848694 -495.21791338920593
v -1318.6069965362549 -208.44480246305466 -507.63922333717346
v -1350.0134110450745 -157.79609978199005 -522.8841483592987
v -1377.9583811759949 -104.44382429122925 -539.9117767810822
v -1401.2147426605225 -48.07151556015015 -557.501757144928
v -1418.452227115631 11.24385455623269 -574.3422746658325
v -1428.346037864685 72.99773320555687 -589.1067087650299
v -1430.3747534751892 136.39089167118073 -601.3350605964661
v -1424.6110081672668 200.61248391866684 -611.1746907234192
v -1411.3498449325562 264.95040357112885 -618.959105014801
v -1391.0433769226074 328.84571850299835 -625.1511991024017
v -1364.2242908477783 391.91370606422424 -630.2769541740417
v -1331.4380407333374 453.9355516433716 -634.868574142456
v -1293.1814789772034 514.8193895816803 -639.4061207771301
v -1249.860692024231 574.545693397522 -644.2724525928497
v -1201.7684698104858 633.106255531311 -649.7239887714386
v -1149.0880608558655 690.4404580593109 -655.8749914169312
v -1091.9102311134338 746.3961124420166 -662.7040565013885
v -1030.2723169326782 800.7015645503998 -670.0723528862
v -964.1971707344055 852.9675722122192 -677.7553796768188
v -893.7343597412109 902.7072072029114 -685.4784250259399
v -818.9900994300842 949.3713140487671 -692.9527223110199
v -740.1528418064117 992.3892259597778 -699.9054372310638
v -657.495903968811 1031.2114119529724 -706.1020374298096
v -571.3765025138855 1065.3387665748596 -711.3563776016235
v -482.2246491909027 1094.3435311317444 -715.5318796634674
v -390.52485823631287 1117.8726196289062 -718.5306429862976
v -296.80450558662415 1135.6425762176514 -720.2809453010559
v -201.6219064593315 1147.4167227745056 -720.7114398479462
v -105.55844306945801 1152.9868125915527 -719.7325944900513
v -9.219567943364382 1152.1456718444824 -717.2110497951508
v 86.8145763874054 1146.0673570632935 -714.0904605388641
v 182.1987971663475 1136.2814784049988 -711.5773916244507
v 276.6832172870636 1123.039734363556 -709.8396420478821
v 370.04345655441284 1106.5094947814941 -708.9831590652466
v 462.0628595352173 1086.7692947387695 -709.050589799881
v 552.517032623291 1063.8194561004639 -710.0268065929413
v 641.1591053009033 1037.5916361808777 -711.8407309055328
v 727.7085185050964 1007.965350151062 -714.370858669281
v 811.841744184494 974.787712097168 -717.4504637718201
v 893.1900322437286 937.8928542137146 -720.8729088306427
v 971.3324904441833 897.1296072006226 -724.3996381759644
v 1045.8046674728394 852.3801684379578 -727.7665078639984
v 1116.1011815071106 803.583812713623 -730.6917250156403
v 1181.6868782043457 750.7580280303955 -732.8840017318726
v 1242.0125484466553 694.0141260623932 -734.054034948349
v 1296.5320944786072 633.574515581131 -733.925986289978
v 1344.7257041931152 569.7811245918274 -732.2525560855865
v 1386.127746105194 503.09529304504395 -728.8304328918457
v 1420.3560590744019 434.09184515476227 -723.5205709934235
v 1447.1407055854797 363.44294250011444 -716.2661075592041
v 1466.350257396698 291.8873459100723 -707.1088314056396
v 1478.0140042304993 220.18995434045792 -696.2040424346924
v 1482.330858707428 149.09516125917435 -683.8267207145691
v 1479.6650648117065 79.26720231771469 -670.3677177429199
v 1527.2964835166931 11.243770737200975 -588.8731420040131
v 1507.5498461723328 -56.48070350289345 -571.9521582126617
v 1478.5898208618164 -120.33297568559647 -551.6100168228149
v 1442.706048488617 -179.70937192440033 -529.8600375652313
v 1401.836371421814 -234.6256971359253 -508.3576798439026
v 1357.4694156646729 -285.5265140533447 -488.3499026298523
v 1310.6092929840088 -333.08328688144684 -470.6589639186859
v 1261.8048906326294 -378.0107170343399 -455.70918917655945
v 1211.2282991409302 -420.9265172481537 -443.58756244182587
v 1158.7862849235535 -462.26799488067627 -434.1285914182663
v 1104.2333722114563 -502.2619843482971 -427.00351774692535
v 1047.2797751426697 -540.9471094608307 -421.81001007556915
v 987.6766920089722 -578.2292246818542 -418.1528180837631
v 925.2672672271729 -613.9542102813721 -415.70109128952026
v 860.0085854530334 -647.9787826538086 -414.22692239284515
v 791.9647514820099 -680.2262842655182 -413.619402050972
v 721.2803363800049 -710.7168316841125 -413.8792812824249
v 648.1439530849457 -739.5740747451782 -415.1004910469055
v 572.7502226829529 -766.999340057373 -417.43674874305725
v 495.2682852745056 -793.2298958301544 -421.0663139820099
v 415.8231049776077 -818.4896528720856 -426.158407330513
v 334.48782563209534 -842.9196417331696 -432.83168971538544
v 251.2932926416397 -866.5267825126648 -441.1272794008255
v 166.25105291604996 -889.1292214393616 -450.97959637641907
v 79.38628569245338 -910.3217840194702 -462.1953070163727
v -9.219648409634829 -929.4576287269592 -474.44034218788147
v -99.40464422106743 -946.1805582046509 -487.6061260700226
v -190.89182317256927 -959.255576133728 -500.96980333328247
v -283.1120699644089 -966.7234897613525 -513.2683753967285
v -375.22588670253754 -966.9888138771057 -523.4246134757996
v -466.201776266098 -958.9165449142456 -530.5849850177765
v -554.9119234085083 -941.9014692306519 -534.1544151306152
v -640.2374982833862 -915.9020662307739 -533.8238596916199
v -721.1689174175262 -881.4175486564636 -529.5781373977661
v -796.9063460826874 -839.4475758075714 -521.7089653015137
v -866.9360876083374 -791.3831412792206 -510.7924282550812
v -931.0802578926086 -738.866400718689 -497.6511597633362
v -989.5120739936829 -683.6370885372162 -483.30697417259216
v -1042.7295684814453 -627.3471772670746 -468.8990592956543
v -1091.490626335144 -571.4042901992798 -455.6032955646515
v -1136.713206768036 -516.8350160121918 -444.53821778297424
v -1179.35711145401 -464.2003118991852 -436.67931854724884
v -1220.2911615371704 -413.5627806186676 -432.7770799398422
v -1260.1707816123962 -364.5166039466858 -433.2949608564377
v -1299.329960346222 -316.2739098072052 -438.365113735199
v -1337.7085089683533 -267.79518127441406 -447.7684020996094
v -1374.8144030570984 -217.95051097869873 -460.9363317489624
v -1409.729790687561 -165.6978875398636 -476.97594165802
v -1441.1654949188232 -110.25122255086899 -494.7200417518616
v -1467.5585389137268 -51.229025423526764 -512.8007054328918
v -1487.2059345245361 11.243859585374594 -529.7379434108734
v -1498.6885786056519 76.51463896036148 -544.3147301673889
v -1501.6125082969666 143.64758133888245 -556.2777578830719
v -1496.0423111915588 211.70677095651627 -565.7536804676056
v -1482.312834262848 279.86834049224854 -573.069566488266
v -1460.9498977661133 347.4880635738373 -578.6925494670868
v -1432.5855374336243 414.1324818134308 -583.1675469875336
v -1397.8688478469849 479.56969141960144 -587.0507955551147
v -1357.3899149894714 543.7226593494415 -590.8459603786469
v -1311.6222023963928 606.5992712974548 -594.9510276317596
v -1260.8944416046143 668.2133138179779 -599.6228456497192
v -1205.3948163986206 728.5061001777649 -604.9615144729614
v -1145.1947808265686 787.2941672801971 -610.9152138233185
v -1080.3010940551758 844.2403078079224 -617.3056840896606
v -1010.7076406478882 898.8593101501465 -623.8645970821381
v -936.44939661026 950.5509495735168 -630.2781879901886
v -857.6414823532104 998.6555099487305 -636.2309753894806
v -774.5067358016968 1042.5085544586182 -641.4405226707458
v -687.3779118061066 1081.5035820007324 -645.6858694553375
v -596.6897964477539 1115.1326894760132 -648.8183677196503
v -502.9584467411041 1143.0123209953308 -650.7627546787262
v -406.75243735313416 1164.8871302604675 -651.5059411525726
v -308.67035686969757 1180.617642402649 -651.0797381401062
v -209.32075828313828 1190.152359008789 -649.5367169380188
v -109.30607244372368 1193.492352962494 -646.92542552948
v -9.219567943364382 1190.6498551368713 -643.2617962360382
v 90.38072749972343 1182.4525952339172 -639.1021192073822
v 189.11543637514114 1170.171296596527 -635.2931141853333
v 286.7288410663605 1154.3831706047058 -632.1911931037903
v 383.03511142730713 1135.5198383331299 -630.0624847412109
v 477.8883218765259 1113.857889175415 -629.0823519229889
v 571.1531281471252 1089.5211338996887 -629.3368399143219
v 662.675678730011 1062.487256526947 -630.8223009109497
v 752.261084318161 1032.6153874397278 -633.4562301635742
v 839.6493852138519 999.6617674827576 -637.0737254619598
v 924.5043396949768 963.3198738098145 -641.4406836032867
v 1006.4006567001343 923.2619404792786 -646.2636709213257
v 1084.8256587982178 879.1729688644409 -651.19748711586
v 1159.1872215270996 830.8002948760986 -655.8641016483307
v 1228.8271307945251 777.9904961585999 -659.8659038543701
v 1293.0480122566223 720.723831653595 -662.8052830696106
v 1351.14004611969 659.1422438621521 -664.3031895160675
v 1402.4196982383728 593.5681343078613 -664.0225231647491
v 1446.2746739387512 524.5052218437195 -661.690878868103
v 1482.207477092743 452.6286721229553 -657.1264028549194
v 1509.878432750702 378.75779271125793 -650.259679555893
v 1529.1476368904114 303.8102477788925 -641.1579251289368
v 1540.0974869728088 228.7368267774582 -630.0329804420471
v 1543.0466294288635 154.45294082164764 -617.2511279582977
v 1538.535475730896 81.75300657749176 -603.3202171325684
v 1576.2071013450623 11.243770737200975 -519.4642782211304
v 1553.6190390586853 -58.097854256629944 -502.51078605651855
v 1521.3252425193787 -123.00850600004196 -482.3217988014221
v 1482.1009397506714 -182.91446417570114 -461.0214114189148
v 1438.25443983078 -237.9891335964203 -440.3376638889313
v 1391.5026783943176 -288.9048099517822 -421.5411454439163
v 1342.938494682312 -336.57453060150146 -405.4348558187485
v 1293.0736541748047 -381.9192051887512 -392.38381683826447
v 1241.9527888298035 -425.6954312324524 -382.3899060487747
v 1189.2980217933655 -468.39571595191956 -375.185090303421
v 1134.660029411316 -510.220205783844 -370.33334970474243
v 1077.5633096694946 -551.1194407939911 -367.3362761735916
v 1017.6085352897644 -590.8724069595337 -365.7171607017517
v 954.5395016670227 -629.1892111301422 -365.0862783193588
v 888.2638871669769 -665.8055484294891 -365.17905592918396
v 818.8392519950867 -700.5552291870117 -365.8684641122818
v 746.4353799819946 -733.4101974964142 -367.15691685676575
v 671.2822437286377 -764.4828379154205 -369.1496104001999
v 593.6211884021759 -793.9973294734955 -372.02029824256897
v 513.6620700359344 -822.231388092041 -375.968000292778
v 431.55753314495087 -849.4474947452545 -381.1774671077728
v 347.3974049091339 -875.8214950561523 -387.7835601568222
v 261.2163931131363 -901.3625621795654 -395.8326816558838
v 173.0247974395752 -925.8572459220886 -405.2585542201996
v 82.848259806633 -948.8218903541565 -415.8580005168915
v -9.21965092420578 -969.4776892662048 -427.27487683296204
v -103.0065692961216 -987.8581166267395 -439.6644562482834
v -198.28037023544312 -1002.9356718063354 -452.545040845871
v -294.47532892227173 -1012.3443245887756 -464.5996391773224
v -390.69660007953644 -1014.1407608985901 -474.7022330760956
v -485.81178188323975 -1006.9139242172241 -481.95170760154724
v -578.5619795322418 -989.868700504303 -485.70658564567566
v -667.680948972702 -962.8530621528625 -485.60444712638855
v -752.0189344882965 -926.3659000396729 -481.5875172615051
v -830.6587278842926 -881.4943671226501 -473.90604615211487
v -903.0098676681519 -829.8002600669861 -463.1037175655365
v -968.8774108886719 -773.1705129146576 -449.98956620693207
v -1028.4782409667969 -713.6193573474884 -435.58084666728973
v -1082.4214339256287 -653.0836164951324 -421.030855178833
v -1131.6278457641602 -593.221914768219 -407.53835141658783
v -1177.2181034088135 -535.2534234523773 -396.2552100419998
v -1220.3677654266357 -479.84649538993835 -388.1921947002411
v -1262.150251865387 -427.0763397216797 -384.13452208042145
v -1303.3847093582153 -376.4550358057022 -384.5730096101761
v -1344.5043683052063 -327.0306944847107 -389.6555006504059
v -1385.4614853858948 -277.5417923927307 -399.1602033376694
v -1425.6792783737183 -226.61294639110565 -412.49590516090393
v -1464.0506386756897 -172.97056317329407 -428.72184813022614
v -1499.0029335021973 -115.6522125005722 -446.59804701805115
v -1528.609049320221 -54.19265851378441 -464.6570384502411
v -1550.7552981376648 11.243864614516497 -481.3011109828949
v -1563.9383554458618 79.85572591423988 -495.4366207122803
v -1567.90931224823 150.57525783777237 -506.98825120925903
v -1562.695848941803 222.34029471874237 -516.0402774810791
v -1548.6507296562195 294.20627653598785 -522.887796163559
v -1526.3672590255737 365.4339462518692 -527.9826521873474
v -1496.576178073883 435.5319768190384 -531.8685293197632
v -1460.0382685661316 504.2506814002991 -535.1103007793427
v -1417.4450039863586 571.5267062187195 -538.2227897644043
v -1369.345486164093 637.3969316482544 -541.6112244129181
v -1316.109323501587 701.8994987010956 -545.5302536487579
v -1257.9283475875854 764.9738967418671 -550.064367055893
v -1194.8509454727173 826.3977706432343 -555.134654045105
v -1126.8472909927368 885.7536613941193 -560.5276107788086
v -1053.8777947425842 942.4418807029724 -565.9379482269287
v -975.9618759155273 995.7295417785645 -571.0195541381836
v -893.2260811328888 1044.826626777649 -575.4365622997284
v -805.9373438358307 1088.9654874801636 -578.9038002490997
v -714.5000338554382 1127.479326725006 -581.2165081501007
v -619.4420635700226 1159.860348701477 -582.2654664516449
v -521.381413936615 1185.790765285492 -582.0363521575928
v -420.9840774536133 1205.1446199417114 -580.5964887142181
v -318.9301013946533 1217.9748058319092 -578.0794501304626
v -215.88126718997955 1224.4691848754883 -574.6571123600006
v -112.45598495006561 1224.9067068099976 -570.5150306224823
v -9.219567105174065 1219.5991516113281 -565.8240616321564
v 93.3099813759327 1208.8561534881592 -560.7266306877136
v 194.7081908583641 1193.5441732406616 -555.6850969791412
v 294.70876157283783 1174.6665716171265 -551.2447535991669
v 393.174746632576 1153.0099868774414 -547.8355050086975
v 490.05348086357117 1129.12255525589 -545.7703649997711
v 585.3285491466522 1103.3018946647644 -545.2414333820343
v 678.9766430854797 1075.611412525177 -546.3267087936401
v 770.9220707416534 1045.8896398544312 -548.9850461483002
v 861.0002517700195 1013.7917518615723 -553.0644178390503
v 948.9318609237671 978.8376331329346 -558.3112478256226
v 1034.297239780426 940.4691696166992 -564.3799066543579
v 1116.5368795394897 898.118269443512 -570.8516478538513
v 1194.9565172195435 851.2745082378387 -577.2536516189575
v 1268.7500953674316 799.5549738407135 -583.0844521522522
v 1337.0359182357788 742.7574276924133 -587.8388285636902
v 1398.9005327224731 680.9078872203827 -591.0359144210815
v 1453.455376625061 614.2886281013489 -592.2490775585175
v 1499.9013662338257 543.4435486793518 -591.1362290382385
v 1537.59423494339 469.1617012023926 -587.4710977077484
v 1566.1062240600586 392.43818521499634 -581.1716616153717
v 1585.2802634239197 314.40489292144775 -572.3230004310608
v 1595.2664494514465 236.24054789543152 -561.1928522586823
v 1596.5344905853271 159.06894207000732 -548.2359051704407
v 1589.845597743988 83.84120017290115 -534.0719640254974
v 1617.4984216690063 11.243770737200975 -449.13182258605957
v 1591.874635219574 -59.30500254034996 -432.5626641511917
v 1556.083881855011 -124.8277947306633 -412.99983859062195
v 1513.4307503700256 -184.79391485452652 -392.6095515489578
v 1466.6284561157227 -239.5596742630005 -373.14046919345856
v 1417.638123035431 -290.0555044412613 -355.85306882858276
v 1367.640995979309 -337.4657213687897 -341.5136307477951
v 1317.0974493026733 -382.9392224550247 -330.42666614055634
v 1265.9005165100098 -427.38447189331055 -322.52013087272644
v 1213.5563492774963 -471.3482916355133 -317.4418240785599
v 1159.3881726264954 -514.9995803833008 -314.6785318851471
v 1102.7090191841125 -558.1868469715118 -313.66226971149445
v 1042.9531574249268 -600.5478858947754 -313.86187970638275
v 979.7529101371765 -641.6426539421082 -314.84981775283813
v 912.9606485366821 -681.0737013816833 -316.339436173439
v 842.6250278949738 -718.5765624046326 -318.19490790367126
v 768.9393281936646 -754.0659427642822 -320.41848599910736
v 692.1769201755524 -787.6401722431183 -323.1225550174713
v 612.6236200332642 -819.5339977741241 -326.48623287677765
v 530.5304825305939 -850.0564098358154 -330.7159423828125
v 446.0784763097763 -879.4968724250793 -335.9982579946518
v 359.3736559152603 -908.0387949943542 -342.4642324447632
v 270.45896351337433 -935.6740236282349 -350.15546679496765
v 179.34988886117935 -962.1297240257263 -358.99557173252106
v 86.08327880501747 -986.8138790130615 -368.767449259758
v -9.219653438776731 -1008.790397644043 -379.0980041027069
v -106.36323988437653 -1028.6125659942627 -390.39699733257294
v -205.17048239707947 -1045.597493648529 -402.44497060775757
v -305.0934702157974 -1056.957185268402 -413.9215260744095
v -405.193966627121 -1060.385262966156 -423.6954689025879
v -504.2470335960388 -1054.1735887527466 -430.8523803949356
v -600.8649230003357 -1037.3026013374329 -434.72267389297485
v -693.6337351799011 -1009.4904541969299 -434.9078267812729
v -781.2552809715271 -971.1997747421265 -431.30283057689667
v -862.6799046993256 -923.5738277435303 -424.10112619400024
v -937.2278809547424 -868.3342158794403 -413.7950599193573
v -1004.6661257743835 -807.5927495956421 -401.1409342288971
v -1065.241777896881 -743.6435759067535 -387.1138662099838
v -1119.6603655815125 -678.7155568599701 -372.8345364332199
v -1169.0004587173462 -614.7393465042114 -359.48188304901123
v -1214.5865321159363 -553.1525015830994 -348.2010215520859
v -1257.8188061714172 -494.7594165802002 -340.00644385814667
v -1299.9922513961792 -439.6774649620056 -335.69836020469666
v -1342.113447189331 -387.36030757427216 -335.7893943786621
v -1384.7437262535095 -336.7096871137619 -340.453165769577
v -1427.876329421997 -286.24896705150604 -349.49124455451965
v -1470.87482213974 -234.353506565094 -362.32950389385223
v -1512.4607563018799 -179.50459867715836 -378.0315041542053
v -1550.7833003997803 -120.54344862699509 -395.3458607196808
v -1583.5438013076782 -56.898900121450424 -412.77308464050293
v -1608.1989884376526 11.243867967277765 -428.6667287349701
v -1623.1544494628906 82.94676393270493 -442.05500185489655
v -1628.29270362854 157.01907724142075 -452.9856204986572
v -1623.5742688179016 232.2721391916275 -461.48747205734253
v -1609.3483686447144 307.6329857110977 -467.80697107315063
v -1586.2663507461548 382.2567880153656 -472.3626494407654
v -1555.159056186676 455.5862367153168 -475.67893266677856
v -1516.9067859649658 527.3500263690948 -478.31345200538635
v -1472.3134517669678 597.4998235702515 -480.7797968387604
v -1422.0150589942932 666.1070823669434 -483.48308801651
v -1366.4257407188416 733.237624168396 -486.6714835166931
v -1305.742585659027 798.8314747810364 -490.41574001312256
v -1239.9869441986084 862.6239001750946 -494.6165084838867
v -1169.0862894058228 924.1073727607727 -499.0344822406769
v -1092.9614424705505 982.5538873672485 -503.3385694026947
v -1011.6132616996765 1037.0819091796875 -507.16270208358765
v -925.1812219619751 1086.757493019104 -510.1603925228119
v -833.9801609516144 1130.6979775428772 -512.0495796203613
v -738.4962022304535 1168.1764841079712 -512.645834684372
v -639.3600404262543 1198.689079284668 -511.87469959259033
v -537.3031139373779 1221.9987630844116 -509.77447628974915
v -433.0995351076126 1238.136649131775 -506.4822256565094
v -327.51722037792206 1247.3777174949646 -502.21408009529114
v -221.27360701560974 1250.194251537323 -497.24249839782715
v -114.9994969367981 1247.1973657608032 -491.87132120132446
v -9.219567105174065 1239.0635132789612 -486.40857338905334
v 95.60161381959915 1225.4271626472473 -480.60598969459534
v 198.98137897253036 1206.6130757331848 -474.5562672615051
v 300.6356656551361 1184.1476440429688 -468.97024512290955
v 400.4832834005356 1159.2565298080444 -464.42325711250305
v 498.5826373100281 1132.827866077423 -461.35234236717224
v 595.0649678707123 1105.3942322731018 -460.05367040634155
v 690.0680601596832 1077.131474018097 -460.68007349967957
v 783.670449256897 1047.8784441947937 -463.24013471603394
v 875.8354425430298 1017.1846389770508 -467.60478615760803
v 966.3634300231934 984.3648076057434 -473.50993752479553
v 1054.8572301864624 948.59379529953 -480.5765390396118
v 1140.7129168510437 908.9933395385742 -488.3270502090454
v 1223.1260418891907 864.7398948669434 -496.21322751045227
v 1301.121997833252 815.1624262332916 -503.64729166030884
v 1373.6062288284302 759.8281860351562 -510.0350260734558
v 1439.426028728485 698.6081600189209 -514.8090898990631
v 1497.4498271942139 631.7215919494629 -517.4667298793793
v 1546.655809879303 559.743869304657 -517.6054537296295
v 1586.2204313278198 483.58431458473206 -514.9578988552094
v 1615.6046748161316 404.4333189725876 -509.4260036945343
v 1634.6240043640137 323.66690933704376 -501.10504031181335
v 1643.500292301178 242.726531624794 -490.3029799461365
v 1642.8705096244812 162.97763139009476 -477.5385081768036
v 1633.7591528892517 85.55688187479973 -463.5255217552185
v 1651.5889763832092 11.243770737200975 -378.7595897912979
v 1622.8277564048767 -60.15724763274193 -363.09814453125
v 1583.463442325592 -125.91712027788162 -344.7389602661133
v 1537.3654961585999 -185.55759340524673 -325.8060246706009
v 1487.662661075592 -239.6317720413208 -307.99527168273926
v 1436.5772008895874 -289.3493592739105 -292.5179332494736
v 1385.3740453720093 -336.1819624900818 -280.0809055566788
v 1334.4579935073853 -381.52395486831665 -270.93400955200195
v 1283.55073928833 -426.44038796424866 -264.94672894477844
v 1231.9296956062317 -471.5376555919647 -261.71804666519165
v 1178.6725044250488 -516.9505655765533 -260.6941133737564
v 1122.8690385818481 -562.4223232269287 -261.277037858963
v 1063.777506351471 -607.4458837509155 -262.91651129722595
v 1000.9110331535339 -651.4261722564697 -265.17369747161865
v 934.0611577033997 -693.8304483890533 -267.75811314582825
v 863.2621049880981 -734.2907130718231 -270.53183913230896
v 788.7287199497223 -772.663950920105 -273.49804043769836
v 710.7702076435089 -809.0241372585297 -276.76590979099274
v 629.7134220600128 -843.6080574989319 -280.50844967365265
v 545.8446085453033 -876.7373085021973 -284.92199778556824
v 459.3702971935272 -908.7077379226685 -290.179905295372
v 370.4120993614197 -939.6880030632019 -296.3975340127945
v 279.02277410030365 -969.6179151535034 -303.59886288642883
v 185.23020297288895 -998.1350541114807 -311.6930991411209
v 89.09419253468513 -1024.5084643363953 -320.4512357711792
v -9.219655953347683 -1047.616446018219 -329.4932574033737
v -109.47723090648651 -1068.648076057434 -339.43974673748016
v -211.56384944915771 -1087.4043345451355 -350.32503604888916
v -314.96255099773407 -1100.6762266159058 -360.88263988494873
v -418.7045753002167 -1105.789589881897 -370.0254589319229
v -521.4830160140991 -1100.7255792617798 -376.86426043510437
v -621.7893183231354 -1084.2258095741272 -380.7343125343323
v -718.0638313293457 -1055.848467350006 -381.2174588441849
v -808.8546752929688 -1015.986442565918 -378.16660702228546
v -892.9719150066376 -965.814220905304 -371.7157334089279
v -969.6287512779236 -907.1787714958191 -362.2833162546158
v -1038.537061214447 -842.401921749115 -350.54497718811035
v -1099.9499917030334 -774.0405678749084 -337.39048540592194
v -1154.6509623527527 -704.6175956726074 -323.8620936870575
v -1203.8601636886597 -636.3469004631042 -311.06986105442047
v -1249.0948677062988 -570.9045946598053 -300.1045882701874
v -1291.981565952301 -509.263676404953 -291.9469177722931
v -1334.0447187423706 -451.6153335571289 -287.38279044628143
v -1376.4991521835327 -397.3898649215698 -286.93282306194305
v -1420.0603723526 -345.3713983297348 -290.7987177371979
v -1464.8006916046143 -293.89103651046753 -298.82799088954926
v -1510.0566387176514 -241.0821497440338 -310.4996770620346
v -1554.4153332710266 -185.17899960279465 -324.9385714530945
v -1595.7699537277222 -124.81033354997635 -340.94768464565277
v -1631.4730525016785 -59.276919811964035 -357.0791870355606
v -1658.552098274231 11.243872158229351 -371.72074913978577
v -1675.291657447815 85.70300191640854 -384.0084582567215
v -1681.6580414772034 162.79803067445755 -394.0456598997116
v -1677.5161743164062 241.21320247650146 -401.80370807647705
v -1663.1992936134338 319.74208652973175 -407.4762850999832
v -1639.4070267677307 397.4260479211807 -411.43396496772766
v -1607.073426246643 473.6358404159546 -414.1662508249283
v -1567.207431793213 548.0782985687256 -416.20698273181915
v -1520.7388043403625 620.7254469394684 -418.05448830127716
v -1468.3984994888306 691.6904747486115 -420.1022207736969
v -1410.6525778770447 761.076807975769 -422.5884407758713
v -1347.7031707763672 828.8311243057251 -425.57288110256195
v -1279.541802406311 894.648939371109 -428.94444465637207
v -1206.045949459076 957.9297065734863 -432.4519157409668
v -1127.0915865898132 1017.8109884262085 -435.7554316520691
v -1042.654573917389 1073.2532143592834 -438.4847939014435
v -952.8837203979492 1123.168694972992 -440.29603600502014
v -858.142626285553 1166.5536403656006 -440.91876447200775
v -759.0004026889801 1202.616262435913 -440.1887744665146
v -656.1955153942108 1230.8591723442078 -438.06116580963135
v -550.5772590637207 1251.13205909729 -434.6118450164795
v -443.0318355560303 1263.6314749717712 -430.02403378486633
v -334.4188928604126 1268.8743352890015 -424.5705932378769
v -225.51251649856567 1267.6379442214966 -418.5905545949936
v -116.95367395877838 1260.8966946601868 -412.4697804450989
v -9.219566266983747 1249.731945991516 -406.6154569387436
v 97.28529676795006 1232.9848766326904 -400.4623621702194
v 202.00630724430084 1210.3289008140564 -393.7897503376007
v 304.6324521303177 1183.890151977539 -387.42521703243256
v 405.1401346921921 1155.3990840911865 -382.04784393310547
v 503.7109136581421 1126.1462688446045 -378.1883865594864
v 600.6421387195587 1096.9422698020935 -376.22230052948
v 696.2584376335144 1068.1162476539612 -376.36815905570984
v 790.8212721347809 1039.5280838012695 -378.6831200122833
v 884.448230266571 1010.6234192848206 -383.06625187397003
v 977.0442008972168 980.5021047592163 -389.26196694374084
v 1068.2506799697876 948.0417966842651 -396.87903821468353
v 1157.4296236038208 912.0203733444214 -405.4127275943756
v 1243.6648964881897 871.2546050548553 -414.2720639705658
v 1325.8042216300964 824.7421503067017 -422.8187620639801
v 1402.5214076042175 771.7750668525696 -430.4032176733017
v 1472.4013209342957 712.0357811450958 -436.4046335220337
v 1534.0424537658691 645.6542193889618 -440.27181565761566
v 1586.1714005470276 573.2220232486725 -441.56123399734497
v 1627.7588367462158 495.7651376724243 -439.97572660446167
v 1658.1275582313538 414.6740734577179 -435.39861738681793
v 1677.0508646965027 331.5858095884323 -427.9241055250168
v 1684.8113536834717 248.22554290294647 -417.8723931312561
v 1682.2232365608215 166.22775793075562 -405.79470098018646
v 1670.5854535102844 86.93698570132256 -392.4481898546219
v 1679.0689587593079 11.243770737200975 -309.0236574411392
v 1647.2076416015625 -60.72806194424629 -294.88326609134674
v 1604.336929321289 -126.44973993301392 -278.4006357192993
v 1554.8805356025696 -185.49500405788422 -261.5442395210266
v 1502.4019360542297 -238.62023055553436 -245.8874076604843
v 1449.3741273880005 -287.31466233730316 -232.53352046012878
v 1397.1517324447632 -333.34359526634216 -222.11337983608246
v 1346.0737824440002 -378.3445179462433 -214.82072174549103
v 1295.6919193267822 -423.5432267189026 -210.49532443284988
v 1245.0544953346252 -469.60893273353577 -208.7273731827736
v 1192.9944276809692 -516.6468322277069 -208.9690938591957
v 1138.3787512779236 -564.302122592926 -210.6392651796341
v 1080.2895069122314 -611.9310736656189 -213.2090762257576
v 1018.1190133094788 -658.7918400764465 -216.25948548316956
v 951.5937924385071 -704.2223453521729 -219.51504349708557
v 880.7283282279968 -747.7559387683868 -222.8451132774353
v 805.7481408119202 -789.1868948936462 -226.25025808811188
v 726.9902765750885 -828.5586655139923 -229.82845902442932
v 644.81281042099 -866.0974144935608 -233.7342917919159
v 559.5290243625641 -902.1184086799622 -238.13976645469666
v 471.36470675468445 -936.8996858596802 -243.1920826435089
v 380.45415580272675 -970.5651640892029 -248.98071885108948
v 286.86203956604004 -1002.975583076477 -255.50881326198578
v 190.63434451818466 -1033.6437463760376 -262.671035528183
v 91.86540395021439 -1061.6772294044495 -270.2368497848511
v -9.219657629728317 -1085.7407212257385 -277.83455550670624
v -112.33354210853577 -1107.749319076538 -286.2213134765625
v -217.42638051509857 -1128.0966639518738 -295.6362694501877
v -324.0225702524185 -1143.1753993034363 -304.9299091100693
v -431.1346024274826 -1149.9533414840698 -313.1105124950409
v -537.3869061470032 -1146.106195449829 -319.35995221138
v -641.1608219146729 -1130.1268815994263 -323.05300533771515
v -740.7585918903351 -1101.3963460922241 -323.77883791923523
v -834.5767378807068 -1060.2124214172363 -321.36329412460327
v -921.2803244590759 -1007.7490568161011 -315.8830851316452
v -999.9628186225891 -945.9455966949463 -307.6706439256668
v -1070.2621221542358 -877.302074432373 -297.29532301425934
v -1132.4162006378174 -804.6182870864868 -285.52707731723785
v -1187.2599720954895 -730.6975185871124 -273.2840269804001
v -1236.1299276351929 -658.0341160297394 -261.5562826395035
v -1280.7177901268005 -588.5579288005829 -251.33151412010193
v -1322.8609800338745 -523.4309434890747 -243.508180975914
v -1364.3137693405151 -462.95496225357056 -238.82246911525726
v -1406.5087795257568 -406.57546520233154 -237.7793312072754
v -1450.3406882286072 -352.99825966358185 -240.6008541584015
v -1495.9924221038818 -300.394669175148 -247.18994200229645
v -1542.8234696388245 -246.68295085430145 -257.11376667022705
v -1589.3275022506714 -189.85737562179565 -269.60540413856506
v -1633.1964254379272 -128.33027690649033 -283.59607458114624
v -1671.4618921279907 -61.25063672661781 -297.7654069662094
v -1700.7662057876587 11.24387551099062 -310.6353163719177
v -1719.2165851593018 88.0304753780365 -321.4343458414078
v -1726.7820239067078 167.70715713500977 -330.25682866573334
v -1723.2232689857483 248.83333146572113 -337.0322495698929
v -1708.839225769043 330.06472885608673 -341.8985277414322
v -1684.38059091568 410.3268563747406 -345.17339766025543
v -1650.8894562721252 488.9186382293701 -347.2964197397232
v -1609.5120906829834 565.5290186405182 -348.7586796283722
v -1561.3132238388062 640.1586949825287 -350.02476274967194
v -1507.1278810501099 712.9746615886688 -351.46280229091644
v -1447.4783420562744 784.1301798820496 -353.2943218946457
v -1382.5731754302979 853.5912930965424 -355.5707663297653
v -1312.3692512512207 921.0216522216797 -358.17975103855133
v -1236.6901874542236 985.7358455657959 -360.8763098716736
v -1155.357027053833 1046.7368960380554 -363.33171129226685
v -1068.3137655258179 1102.8278946876526 -365.1919037103653
v -975.7108211517334 1152.7649402618408 -366.13212525844574
v -877.9535293579102 1195.4191446304321 -365.9026086330414
v -775.6883025169373 1229.9280166625977 -364.3598824739456
v -669.756817817688 1255.7963132858276 -361.4790827035904
v -561.1226320266724 1272.9530096054077 -357.35502541065216
v -450.7819175720215 1281.756341457367 -352.1898418664932
v -339.6842837333679 1282.956576347351 -346.2762951850891
v -228.6607325077057 1277.6360392570496 -339.9788975715637
v -118.36235672235489 1267.1276807785034 -333.7148666381836
v -9.219566266983747 1252.932357788086 -327.93982923030853
v 98.42144027352333 1233.0272555351257 -321.88393771648407
v 203.92210185527802 1206.3899159431458 -315.1131570339203
v 306.93413615226746 1175.777542591095 -308.4953159093857
v 407.48865008354187 1143.4699058532715 -302.7536451816559
v 505.89181780815125 1111.1912369728088 -298.4608232975006
v 602.6157081127167 1080.068600177765 -296.0359990596771
v 698.1845855712891 1050.6132245063782 -295.73948085308075
v 793.0597364902496 1022.7305889129639 -297.6672112941742
v 887.5323951244354 995.7770705223083 -301.75103545188904
v 981.6324949264526 968.6460971832275 -307.76183903217316
v 1075.0580191612244 939.9128794670105 -315.3262585401535
v 1167.149841785431 907.995343208313 -323.9497482776642
v 1256.8900108337402 871.3305652141571 -333.04503858089447
v 1342.9531931877136 828.5593092441559 -341.9729858636856
v 1423.7795233726501 778.6704361438751 -350.07821917533875
v 1497.6866126060486 721.1315810680389 -356.7341476678848
v 1562.9909992218018 655.9569597244263 -361.380136013031
v 1618.1529879570007 583.7332248687744 -363.5631322860718
v 1661.9180560112 505.5859923362732 -362.9737973213196
v 1693.451714515686 423.0958878993988 -359.4817489385605
v 1712.4584913253784 338.15531730651855 -353.16377878189087
v 1719.263470172882 252.77851223945618 -344.3237006664276
v 1714.8396492004395 168.87961775064468 -333.4960788488388
v 1700.7595539093018 88.02855089306831 -321.42549455165863
v 1700.6877779960632 11.243770737200975 -240.33775627613068
v 1665.9463047981262 -61.10786944627762 -228.38183641433716
v 1619.8126316070557 -126.63902342319489 -214.49763625860214
v 1567.2518491744995 -184.97382402420044 -200.39181858301163
v 1512.2188210487366 -237.0548665523529 -187.41581439971924
v 1457.4358820915222 -284.63720083236694 -176.51527673006058
v 1404.3366193771362 -329.76013720035553 -168.21695119142532
v 1353.203523159027 -374.2924243211746 -162.66658902168274
v 1303.4318089485168 -419.6141928434372 -159.7027212381363
v 1253.8585782051086 -466.4595365524292 -158.94973129034042
v 1203.090476989746 -514.915144443512 -159.91622507572174
v 1149.7896194458008 -564.546149969101 -162.08707094192505
v 1092.8738951683044 -614.5927369594574 -164.99671787023544
v 1031.6203951835632 -664.1879081726074 -168.27833354473114
v 965.6868696212769 -712.5525891780853 -171.6897413134575
v 895.0629115104675 -759.1352105140686 -175.11722892522812
v 819.9711978435516 -803.6640644073486 -178.5562366247177
v 740.7639026641846 -846.1461246013641 -182.08649307489395
v 657.8180372714996 -886.7832005023956 -185.83351224660873
v 571.4623868465424 -925.8611083030701 -189.93357717990875
v 481.9352388381958 -963.6185646057129 -194.5000782608986
v 389.3801987171173 -1000.1080870628357 -199.59276169538498
v 293.8751846551895 -1035.0902080535889 -205.19691556692123
v 195.48908919095993 -1067.9328918457031 -211.20222061872482
v 94.35879215598106 -1097.5608944892883 -217.39147156476974
v -9.219659306108952 -1122.420573234558 -223.42744767665863
v -114.89497125148773 -1145.1776146888733 -230.09611666202545
v -222.67908453941345 -1166.8859124183655 -237.7613067626953
v -332.1424216032028 -1183.5782647132874 -245.44988572597504
v -442.2890514135361 -1191.895043849945 -252.31904983520508
v -551.6886591911316 -1189.229679107666 -257.6684206724167
v -658.6265087127686 -1173.8309025764465 -260.9511226415634
v -761.2801194190979 -1144.9004888534546 -261.79561614990234
v -857.9034268856049 -1102.6241540908813 -260.02272963523865
v -947.0203042030334 -1048.1516003608704 -255.66274523735046
v -1027.600085735321 -983.481502532959 -248.95974397659302
v -1099.192214012146 -911.2534761428833 -240.35940170288086
v -1162.0017170906067 -834.4826459884644 -230.48506379127502
v -1216.8843269348145 -756.2183618545532 -220.08815109729767
v -1265.264618396759 -679.2244255542755 -209.99403297901154
v -1308.9781880378723 -605.6794881820679 -201.03518664836884
v -1350.0497817993164 -536.9493305683136 -193.98033320903778
v -1390.446424484253 -473.4708309173584 -189.47132527828217
v -1431.8158507347107 -414.7427648305893 -187.96444684267044
v -1475.244677066803 -359.43687558174133 -189.68386352062225
v -1521.0564851760864 -305.6092321872711 -194.587142765522
v -1568.6741709709167 -250.9986788034439 -202.34638452529907
v -1616.559112071991 -193.3857947587967 -212.34595477581024
v -1662.2552633285522 -130.97091168165207 -223.7012878060341
v -1702.5551319122314 -62.740858644247055 -235.30738055706024
v -1733.760917186737 11.243877187371254 -245.90460062026978
v -1753.7445545196533 89.8294061422348 -254.81860041618347
v -1762.3777270317078 171.52749449014664 -262.09116876125336
v -1759.3079924583435 254.7743707895279 -267.6275968551636
v -1744.8124766349792 338.09335827827454 -271.5238004922867
v -1719.691550731659 420.2976733446121 -274.03764724731445
v -1685.1006031036377 500.6215989589691 -275.54370760917664
v -1642.3306345939636 578.7457644939423 -276.4686942100525
v -1592.5863862037659 654.7118246555328 -277.2205978631973
v -1536.8112444877625 728.7545263767242 -278.1243145465851
v -1475.5857467651367 801.0930061340332 -279.3755382299423
v -1409.1243624687195 871.7283368110657 -281.0183107852936
v -1337.3473763465881 940.309739112854 -282.95081555843353
v -1260.0173592567444 1006.0795426368713 -284.9529504776001
v -1176.8945217132568 1067.9223775863647 -286.73146963119507
v -1087.8783345222473 1124.4905948638916 -287.97065019607544
v -993.1095600128174 1174.3911623954773 -288.3839249610901
v -893.0205166339874 1216.3677334785461 -287.7526670694351
v -788.320380449295 1249.4807839393616 -285.95486283302307
v -679.9401462078094 1273.2244491577148 -282.9765647649765
v -568.9447045326233 1287.5871419906616 -278.9110869169235
v -456.43032789230347 1293.0628180503845 -273.9499121904373
v -343.4301495552063 1290.603232383728 -268.3667331933975
v -230.83039820194244 1281.5617203712463 -262.5046044588089
v -119.29626166820526 1267.600393295288 -256.7598760128021
v -9.219566266983747 1250.6035566329956 -251.57245695590973
v 99.10007268190384 1227.70414352417 -246.11515402793884
v 204.93194013834 1197.1999168395996 -239.8618519306183
v 307.8825384378433 1162.4741077423096 -233.63285064697266
v 408.027720451355 1126.3485074043274 -228.11664640903473
v 505.78984022140503 1090.9862637519836 -223.8652914762497
v 601.809972524643 1057.8466057777405 -221.29333466291428
v 696.8087732791901 1027.6396751403809 -220.6687018275261
v 791.4496600627899 1000.3427267074585 -222.10906147956848
v 886.2039506435394 975.2466917037964 -225.577774643898
v 981.2374591827393 951.0627150535583 -230.8877170085907
v 1076.3223052024841 926.0896325111389 -237.7151995897293
v 1170.7939982414246 898.3960390090942 -245.61752378940582
v 1263.5571241378784 866.0540163516998 -254.06605303287506
v 1353.1296014785767 827.3444831371307 -262.4769777059555
v 1437.7390265464783 780.9489727020264 -270.24983167648315
v 1515.4487371444702 726.103538274765 -276.8070548772812
v 1584.3045830726624 662.6881778240204 -281.6296935081482
v 1642.5033688545227 591.2573575973511 -284.29352939128876
v 1688.559901714325 513.0076110363007 -284.50317084789276
v 1721.4670658111572 429.68030869960785 -282.1230858564377
v 1740.838086605072 343.39860677719116 -277.2047460079193
v 1747.008776664734 256.4469426870346 -270.00532150268555
v 1741.0749793052673 171.01068645715714 -260.99317967891693
v 1724.841070175171 88.88856768608093 -250.8300483226776
v 1717.3460125923157 11.243770737200975 -172.7996528148651
v 1680.1457047462463 -61.401061713695526 -163.67590427398682
v 1631.2211394309998 -126.73578411340714 -153.10617685317993
v 1575.9885549545288 -184.4211682677269 -142.41261184215546
v 1518.7552571296692 -235.55902540683746 -132.6430544257164
v 1462.4525785446167 -282.1280747652054 -124.52486604452133
v 1408.5894227027893 -326.40246748924255 -118.45801770687103
v 1357.4050426483154 -370.4511523246765 -114.54522460699081
v 1308.167839050293 -415.7915621995926 -112.65084743499756
v 1259.540569782257 -463.22216391563416 -112.4745525419712
v 1209.9457740783691 -512.8283858299255 -113.62910270690918
v 1157.8749775886536 -564.1223073005676 -115.71100652217865
v 1102.104663848877 -616.2592470645905 -118.35661679506302
v 1041.8101072311401 -668.277096748352 -121.27994298934937
v 976.5848994255066 -719.3091809749603 -124.29229170084
v 906.3818335533142 -768.7256097793579 -127.30205208063126
v 831.4118921756744 -816.1995828151703 -130.3024247288704
v 752.0253717899323 -861.6908669471741 -133.34851562976837
v 668.6037361621857 -905.3615212440491 -136.52957528829575
v 581.4804375171661 -947.4517107009888 -139.94094282388687
v 490.8990740776062 -988.1404995918274 -143.65891367197037
v 397.0103055238724 -1027.3977398872375 -147.71718978881836
v 299.9047100543976 -1064.8661613464355 -152.09004878997803
v 199.67801570892334 -1099.770712852478 -156.6791608929634
v 96.51314914226532 -1130.8542966842651 -161.30247116088867
v -9.219660982489586 -1156.353735923767 -165.6862199306488
v -117.10094064474106 -1179.6430349349976 -170.5230876803398
v -227.19503939151764 -1202.4219632148743 -176.1949136853218
v -339.11589682102203 -1220.4230189323425 -181.95991963148117
v -451.86628103256226 -1230.0179243087769 -187.1745765209198
v -563.9724791049957 -1228.34894657135 -191.29809737205505
v -673.6433923244476 -1213.4582877159119 -193.90395730733871
v -778.9494931697845 -1184.3769192695618 -194.69236582517624
v -878.020316362381 -1141.1803722381592 -193.50634664297104
v -969.2517399787903 -1084.977900981903 -190.34587293863297
v -1051.4954566955566 -1017.8004741668701 -185.37241369485855
v -1124.211859703064 -942.3958539962769 -178.9027914404869
v -1187.5540494918823 -861.9425117969513 -171.3900849223137
v -1242.3806548118591 -779.7055006027222 -163.39203268289566
v -1290.1695728302002 -698.6783266067505 -155.52700459957123
v -1332.861864566803 -621.2668240070343 -148.42651337385178
v -1372.635269165039 -549.0366518497467 -142.68234819173813
v -1411.6381287574768 -482.571941614151 -138.7968733906746
v -1451.7133355140686 -421.4528203010559 -137.13871836662292
v -1494.1348314285278 -364.35829997062683 -137.90570944547653
v -1539.3823027610779 -309.2777967453003 -141.09647870063782
v -1586.9784235954285 -253.81928980350494 -146.4926540851593
v -1635.4066729545593 -195.58849185705185 -153.65365594625473
v -1682.1430921554565 -132.5979396700859 -161.92831099033356
v -1723.8131403923035 -63.66846710443497 -170.48719972372055
v -1756.4831972122192 11.243878863751888 -178.37683707475662
v -1777.7137398719788 91.0006932914257 -185.03963202238083
v -1787.1643424034119 174.03865903615952 -190.4516726732254
v -1784.4002723693848 258.67883563041687 -194.52440589666367
v -1769.6832060813904 343.3225929737091 -197.3200723528862
v -1743.877136707306 426.6861855983734 -199.034084379673
v -1708.2539677619934 507.95432925224304 -199.95853453874588
v -1664.2486810684204 586.8141174316406 -200.43088495731354
v -1613.204848766327 663.3626997470856 -200.77623277902603
v -1556.1713218688965 737.9176497459412 -201.2549266219139
v -1493.7856078147888 810.7809841632843 -202.02447921037674
v -1426.2672185897827 882.0089221000671 -203.12136858701706
v -1353.4969568252563 951.2578725814819 -204.46477979421616
v -1275.1736640930176 1017.7239775657654 -205.87935000658035
v -1190.986955165863 1080.1953077316284 -207.13043957948685
v -1100.7813692092896 1137.195897102356 -207.96600133180618
v -1004.668378829956 1187.1924877166748 -208.15634429454803
v -903.0870079994202 1228.8070678710938 -207.52695053815842
v -796.7852175235748 1261.0135316848755 -205.9800535440445
v -686.75896525383 1283.2718968391418 -203.50461602210999
v -574.1526961326599 1295.5962181091309 -200.175042450428
v -460.1449728012085 1298.5670328140259 -196.14437967538834
v -345.8419919013977 1293.2870507240295 -191.6331186890602
v -232.18166828155518 1281.3103437423706 -186.9176208972931
v -119.85055357217789 1264.562201499939 -182.3220580816269
v -9.21956542879343 1245.2398896217346 -178.21013778448105
v 99.43718612194061 1219.7341203689575 -173.85000586509705
v 205.29509782791138 1185.774564743042 -168.754680454731
v 307.9104870557785 1147.3053574562073 -163.60190212726593
v 407.38962292671204 1107.6345205307007 -158.96304845809937
v 504.2526125907898 1069.3383693695068 -155.3026244044304
v 599.2854237556458 1034.1814756393433 -152.9733806848526
v 693.3852016925812 1003.080940246582 -152.21222341060638
v 787.4006509780884 976.1022090911865 -153.13438028097153
v 881.973785161972 952.5061726570129 -155.72886765003204
v 977.4072647094727 930.866539478302 -159.86150801181793
v 1073.5556602478027 909.2493295669556 -165.28386175632477
v 1169.7747588157654 885.4329764842987 -171.649669110775
v 1264.9156093597412 857.1595430374146 -178.5373941063881
v 1357.3801517486572 822.388619184494 -185.47939360141754
v 1445.2215313911438 779.5130789279938 -191.9908583164215
v 1526.2858271598816 727.5398075580597 -197.6019322872162
v 1598.3811378479004 666.2011742591858 -201.8877938389778
v 1659.464693069458 595.9937632083893 -204.4973686337471
v 1707.832646369934 518.1454360485077 -205.1801785826683
v 1742.3013925552368 434.51324701309204 -203.81175577640533
v 1762.3724699020386 347.4039763212204 -200.41585117578506
v 1768.3545470237732 259.330478310585 -195.1809972524643
v 1761.4144921302795 172.7192535996437 -188.46608698368073
v 1743.532419204712 89.58549946546555 -180.78945726156235
v 1730.079746246338 11.243770737200975 -106.13454133272171
v 1691.0546779632568 -61.72395274043083 -100.40053501725197
v 1640.0286555290222 -127.01270878314972 -93.76356303691864
v 1582.762849330902 -184.304840862751 -87.06426993012428
v 1523.8225936889648 -234.81321036815643 -80.96718639135361
v 1466.2972569465637 -280.67643642425537 -75.93192234635353
v 1411.7615103721619 -324.34137761592865 -72.2104512155056
v 1360.4322910308838 -368.02705228328705 -69.8650874197483
v 1311.496353149414 -413.3604347705841 -68.80751922726631
v 1263.5010123252869 -461.2011194229126 -68.84577423334122
v 1214.7416710853577 -511.6504669189453 -69.73365247249603
v 1163.5900139808655 -564.2008423805237 -71.21533155441284
v 1108.718991279602 -617.963308095932 -73.06022867560387
v 1049.2236256599426 -671.9206094741821 -75.08692592382431
v 984.6376419067383 -725.1456141471863 -77.17435508966446
v 914.8755311965942 -776.9538223743439 -79.26241457462311
v 840.1226341724396 -826.9658088684082 -81.34317845106125
v 760.7136905193329 -875.0905930995941 -83.44662711024284
v 677.0222246646881 -921.4427590370178 -85.6240376830101
v 589.3767535686493 -966.2056088447571 -87.92941644787788
v 498.0197489261627 -1009.487771987915 -90.40399566292763
v 403.1063497066498 -1051.1719822883606 -93.0618368089199
v 304.7410011291504 -1090.7973289489746 -95.87967842817307
v 203.04520726203918 -1127.4575471878052 -98.78774285316467
v 98.24584946036339 -1159.7456574440002 -101.66364088654518
v -9.21966265887022 -1185.7238173484802 -104.3268196284771
v -118.86895895004272 -1209.336268901825 -107.25593268871307
v -230.80226182937622 -1232.823085784912 -110.74054464697838
v -344.66640651226044 -1251.7028331756592 -114.31565433740616
v -459.4634234905243 -1262.1445655822754 -117.57630854845047
v -573.6898005008698 -1261.1127734184265 -120.18098831176758
v -685.4946792125702 -1246.4822888374329 -121.85613512992859
v -792.8680658340454 -1217.1557664871216 -122.4062830209732
v -893.8427746295929 -1173.1184005737305 -121.72331213951111
v -986.7116332054138 -1115.4388904571533 -119.79595720767975
v -1070.2276825904846 -1046.160328388214 -116.71325415372849
v -1143.7716007232666 -968.1031107902527 -112.66254186630249
v -1207.4450969696045 -884.5679640769958 -107.91796892881393
v -1262.0898485183716 -798.9765286445618 -102.82076597213745
v -1309.2111110687256 -714.5063638687134 -97.75406643748283
v -1350.8159279823303 -633.7459087371826 -93.11202764511108
v -1389.1892194747925 -558.4328591823578 -89.26868364214897
v -1426.6138672828674 -489.288192987442 -86.54567822813988
v -1465.0911211967468 -425.9866923093796 -85.18567085266113
v -1506.0560703277588 -367.2458052635193 -85.32767370343208
v -1550.1387119293213 -311.0344022512436 -86.9885578751564
v -1596.9823122024536 -254.8841267824173 -90.0505743920803
v -1645.1375126838684 -196.27788662910461 -94.25566121935844
v -1692.088508605957 -133.08018743991852 -99.21208843588829
v -1734.397029876709 -63.96213546395302 -104.4124223291874
v -1767.9954528808594 11.243879701942205 -109.2659667134285
v -1790.0784015655518 91.45442247390747 -113.3826345205307
v -1799.9979615211487 175.04210025072098 -116.69978946447372
v -1797.2723007202148 260.2242708206177 -119.15713548660278
v -1782.1817636489868 345.30235826969147 -120.79302817583084
v -1755.6636214256287 428.92086803913116 -121.7336654663086
v -1719.1071510314941 510.2376937866211 -122.16948419809341
v -1674.0829467773438 588.9660000801086 -122.3220482468605
v -1622.0620393753052 665.2735590934753 -122.40573316812515
v -1564.189624786377 739.5755231380463 -122.59316593408585
v -1501.1541724205017 812.2731506824493 -122.98983782529831
v -1433.1772327423096 883.4996938705444 -123.62184673547745
v -1360.100769996643 952.947986125946 -124.43808317184448
v -1281.5565705299377 1019.7999000549316 -125.32478123903275
v -1197.1577525138855 1082.7818155288696 -126.12862586975098
v -1106.678581237793 1140.3186321258545 -126.68381631374359
v -1010.1810693740845 1190.759289264679 -126.838418841362
v -908.0817103385925 1232.608723640442 -126.47566348314285
v -801.1344194412231 1264.7409439086914 -125.5280390381813
v -690.3663754463196 1286.5503072738647 -123.98418635129929
v -576.9711077213287 1298.02747964859 -121.88830822706223
v -462.1851682662964 1299.7748851776123 -119.33587789535522
v -347.1720188856125 1292.9600358009338 -116.4662092924118
v -232.91844427585602 1279.2516946792603 -113.45644891262054
v -120.14206945896149 1260.7291102409363 -110.51556095480919
v -9.21956542879343 1239.7929668426514 -107.88123607635498
v 99.57010969519615 1212.3003244400024 -105.05428165197372
v 205.31489253044128 1175.6081342697144 -101.69898569583893
v 307.52068161964417 1134.0991258621216 -98.26452434062958
v 406.30783438682556 1091.4717435836792 -95.13158351182938
v 502.2620916366577 1050.6263136863708 -92.61115863919258
v 596.27845287323 1013.5945558547974 -90.94367623329163
v 689.3894612789154 981.4744591712952 -90.29395803809166
v 782.5918793678284 954.4286727905273 -90.7481499016285
v 876.6715943813324 931.7280650138855 -92.31016784906387
v 972.0555067062378 911.8710279464722 -94.90317329764366
v 1068.6846613883972 892.7682816982269 -98.37391823530197
v 1165.9535765647888 871.9856142997742 -102.50350758433342
v 1262.700641155243 847.0191299915314 -107.02233240008354
v 1357.2579503059387 815.5686736106873 -111.62761151790619
v 1447.5627779960632 775.7873833179474 -116.00374281406403
v 1531.3027381896973 726.476526260376 -119.84186321496964
v 1606.1043977737427 667.2215938568115 -122.86094427108765
v 1669.7299361228943 598.4352171421051 -124.82505887746811
v 1720.286464691162 521.3340997695923 -125.56199580430984
v 1756.42569065094 437.8331243991852 -124.97971504926682
v 1777.5264143943787 350.3578394651413 -123.08107316493988
v 1783.8353991508484 261.5868330001831 -119.97592002153397
v 1776.5292763710022 174.1344004869461 -115.88471978902817
v 1757.6760292053223 90.19910842180252 -111.13318651914597
v 1740.0304198265076 11.243770737200975 -39.63514678180218
v 1699.998128414154 -62.19829469919205 -37.676168605685234
v 1647.7689743041992 -127.75196582078934 -35.40794849395752
v 1589.2790079116821 -185.09733974933624 -33.118538931012154
v 1529.248058795929 -235.4983001947403 -31.036584824323654
v 1470.859158039093 -281.17240369319916 -29.319749772548676
v 1415.727961063385 -324.65321123600006 -28.054305352270603
v 1364.0800952911377 -368.24514269828796 -27.262135036289692
v 1315.076458454132 -413.64426612854004 -26.91345624625683
v 1267.2202706336975 -461.76143288612366 -26.94325726479292
v 1218.753182888031 -512.7297878265381 -27.267983928322792
v 1167.9899096488953 -566.0560190677643 -27.800707519054413
v 1113.5493278503418 -620.8513498306274 -28.46294157207012
v 1054.4758200645447 -676.0857045650482 -29.19257953763008
v 990.2580499649048 -730.8081865310669 -29.947664961218834
v 920.7709193229675 -784.3007147312164 -30.706582590937614
v 846.1686551570892 -836.145293712616 -31.465255469083786
v 766.7601406574249 -886.2044334411621 -32.232219725847244
v 682.898998260498 -934.5360159873962 -33.0229215323925
v 594.9037134647369 -981.2687873840332 -33.85401740670204
v 503.0118227005005 -1026.4457702636719 -34.737590700387955
v 407.38211274147034 -1069.8795318603516 -35.67661866545677
v 308.1310987472534 -1111.0309481620789 -36.661358177661896
v 205.40256053209305 -1148.9095330238342 -37.66636177897453
v 99.4570143520832 -1182.0102453231812 -38.64803686738014
v -9.219663497060537 -1208.2890272140503 -39.54293243587017
v -120.09865790605545 -1232.0218563079834 -40.52280709147453
v -233.29266607761383 -1255.779254436493 -41.696424409747124
v -348.46124947071075 -1274.9675631523132 -42.905279248952866
v -464.602267742157 -1285.6539130210876 -44.01116743683815
v -580.1897585391998 -1284.7005486488342 -44.89682950079441
v -693.335634469986 -1269.8947548866272 -45.467861741781235
v -801.9788324832916 -1240.0668740272522 -45.6559918820858
v -904.0911197662354 -1195.1512455940247 -45.42228430509567
v -997.9008436203003 -1136.1960768699646 -44.760700687766075
v -1082.0963501930237 -1065.2519702911377 -43.699079006910324
v -1156.004512310028 -985.1842761039734 -42.299049720168114
v -1219.6853041648865 -899.363511800766 -40.651821345090866
v -1273.9614129066467 -811.3105058670044 -38.87215554714203
v -1320.3415274620056 -724.3157923221588 -37.089552730321884
v -1360.8635902404785 -641.0903334617615 -35.43817698955536
v -1397.86616563797 -563.4877502918243 -34.04604010283947
v -1433.7119579315186 -492.3348605632782 -33.02451744675636
v -1470.502209663391 -427.3900777101517 -32.459141314029694
v -1509.7869157791138 -367.42438673973083 -32.401182129979134
v -1552.31773853302 -310.4243069887161 -32.86127820611
v -1597.8522062301636 -253.89830768108368 -33.80470499396324
v -1645.0441718101501 -195.2692151069641 -35.14946736395359
v -1691.4487481117249 -132.30712115764618 -36.76770105957985
v -1733.6525559425354 -63.56574520468712 -38.49098011851311
v -1767.5834655761719 11.243878863751888 -40.122245997190475
v -1790.0403141975403 91.12154021859169 -41.51068814098835
v -1800 174.38483834266663 -42.61551350355148
v -1796.99946641922 259.1667026281357 -43.41742359101772
v -1781.3673377037048 343.69874596595764 -43.931130319833755
v -1754.1300415992737 426.5875607728958 -44.202569872140884
v -1716.7892932891846 506.99506402015686 -44.300393387675285
v -1671.033489704132 584.6819758415222 -44.304222241044044
v -1618.4411644935608 659.9020063877106 -44.29132081568241
v -1560.23690700531 733.1803858280182 -44.32426169514656
v -1497.1505999565125 805.0336539745331 -44.44184638559818
v -1429.403579235077 875.6953239440918 -44.65467631816864
v -1356.799292564392 944.9270009994507 -44.94569934904575
v -1278.9023637771606 1011.9371652603149 -45.27528919279575
v -1195.2438354492188 1075.4337430000305 -45.58924175798893
v -1105.51278591156 1133.7815523147583 -45.828283578157425
v -1009.6961259841919 1185.237693786621 -45.93731537461281
v -908.1532716751099 1228.1965970993042 -45.8730261772871
v -801.6046106815338 1261.4205837249756 -45.60910016298294
v -691.0661101341248 1284.196400642395 -45.138466358184814
v -577.7424573898315 1296.4284539222717 -44.473570212721825
v -462.89750933647156 1298.6558675765991 -43.64476762712002
v -347.73353934288025 1292.0111775398254 -42.69792102277279
v -233.28164219856262 1278.1529545783997 -41.69212616980076
v -120.30474543571472 1259.18630361557 -40.69812633097172
v -9.21956542879343 1237.5608325004578 -39.796749874949455
v 99.6513806283474 1208.908724784851 -38.813391700387
v 205.32348901033401 1170.4993844032288 -37.63250894844532
v 307.2582811117172 1126.9794702529907 -36.41231507062912
v 405.56987822055817 1082.2834610939026 -35.287125036120415
v 500.87243914604187 1039.525830745697 -34.36752296984196
v 594.1163778305054 1000.9146809577942 -33.73967483639717
v 686.4129066467285 967.6899433135986 -33.463963866233826
v 778.852128982544 940.1127576828003 -33.57368968427181
v 872.3185837268829 917.4986243247986 -34.07363332808018
v 967.3354625701904 898.3448624610901 -34.94060039520264
v 1063.9238476753235 880.5043637752533 -36.12436316907406
v 1161.5388751029968 861.4446401596069 -37.55161017179489
v 1259.0404987335205 838.5170102119446 -39.13008011877537
v 1354.7557711601257 809.2668235301971 -40.755753591656685
v 1446.5739011764526 771.6767907142639 -42.31870025396347
v 1532.1035385131836 724.3910551071167 -43.71058903634548
v 1608.8617086410522 666.8592274188995 -44.83165852725506
v 1674.4804501533508 599.3945360183716 -45.59699669480324
v 1726.9270777702332 523.1585383415222 -45.9430955350399
v 1764.7162914276123 440.05992114543915 -45.83371505141258
v 1787.1070504188538 352.5670677423477 -45.26532478630543
v 1794.253957271576 263.4427070617676 -44.27131153643131
v 1787.2802138328552 175.41703283786774 -42.92363561689854
v 1768.259060382843 90.82081764936447 -41.33170768618584
v 1747.5976824760437 11.243770737200975 27.850702218711376
v 1707.5441479682922 -62.87651136517525 25.8913803845644
v 1655.2388191223145 -129.10004407167435 23.621467128396034
v 1596.6050863265991 -187.09382861852646 21.3282672688365
v 1536.3543033599854 -238.10484409332275 19.239820539951324
v 1477.6692867279053 -284.3335211277008 17.513575963675976
v 1422.178030014038 -328.30144464969635 16.23618733137846
v 1370.1287984848022 -372.3112642765045 15.430530533194542
v 1320.7132816314697 -418.07119846343994 15.068360231816769
v 1272.4671006202698 -466.51827692985535 15.086502023041248
v 1223.660123348236 -517.8228735923767 15.403267554938793
v 1172.6247668266296 -571.5336263179779 15.933315642178059
v 1117.9839849472046 -626.8005430698395 16.599195823073387
v 1058.772611618042 -682.6222479343414 17.339160293340683
v 994.4574236869812 -738.0597531795502 18.11087541282177
v 924.8838186264038 -792.3876285552979 18.89166310429573
v 850.1741051673889 -845.1619148254395 19.675895757973194
v 770.6083059310913 -896.2041914463043 20.470253750681877
v 686.5177273750305 -945.5220222473145 21.28828391432762
v 598.2082486152649 -993.1922793388367 22.1449026837945
v 505.9147238731384 -1039.209008216858 23.05077351629734
v 409.8022162914276 -1083.3446502685547 24.007834307849407
v 310.00049114227295 -1125.0304698944092 25.005674734711647
v 206.67112469673157 -1163.2548451423645 26.018429920077324
v 100.09503811597824 -1196.497392654419 27.002218924462795
v -9.219663497060537 -1222.7025747299194 27.893290668725967
v -120.72130590677261 -1246.1598873138428 28.863901644945145
v -234.50435400009155 -1269.4814801216125 30.024245381355286
v -350.2145290374756 -1288.097620010376 31.216473877429962
v -466.83783531188965 -1298.0927109718323 32.30273835361004
v -582.8376889228821 -1296.3426232337952 33.16591680049896
v -696.3150858879089 -1280.6451559066772 33.71155522763729
v -805.1983952522278 -1249.841058254242 33.87124389410019
v -907.4481725692749 -1203.8748621940613 33.60583931207657
v -1001.2817144393921 -1143.806791305542 32.9090416431427
v -1085.3755116462708 -1071.6998934745789 31.808366999030113
v -1159.044849872589 -990.4346466064453 30.36508709192276
v -1222.3373651504517 -903.3981442451477 28.669994696974754
v -1276.0640501976013 -814.1312777996063 26.837430708110332
v -1321.7232942581177 -725.9489357471466 24.996513314545155
v -1361.3466024398804 -641.5915846824646 23.281187005341053
v -1397.2717881202698 -562.949001789093 21.819528937339783
v -1431.872284412384 -490.89006185531616 20.72342410683632
v -1467.2737956047058 -425.2197951078415 20.079551450908184
v -1505.069124698639 -364.75599110126495 19.941099174320698
v -1546.073341369629 -307.5258046388626 20.321466587483883
v -1590.127444267273 -251.06487572193146 21.18955347687006
v -1635.9851717948914 -192.8004965186119 22.467666305601597
v -1681.3111782073975 -130.47758638858795 24.03268162161112
v -1722.8006601333618 -62.59039342403412 25.720944441854954
v -1756.4767599105835 11.243878025561571 27.339746430516243
v -1778.7676334381104 90.10837599635124 28.718120232224464
v -1788.2694125175476 172.2678244113922 29.794681817293167
v -1784.5980048179626 255.78706562519073 30.553750321269035
v -1768.1741952896118 338.8596385717392 31.014248728752136
v -1740.1280522346497 420.0882464647293 31.226807087659836
v -1702.0656824111938 498.6672341823578 31.265142560005188
v -1655.7767629623413 574.4259059429169 31.214143708348274
v -1602.9273748397827 647.718071937561 31.156234815716743
v -1544.8080897331238 719.1926121711731 31.15871250629425
v -1482.1853756904602 789.5009279251099 31.264297664165497
v -1415.2836799621582 859.0081214904785 31.486351042985916
v -1343.8749074935913 927.5886654853821 31.809215247631073
v -1267.4615621566772 994.5324182510376 32.19313658773899
v -1185.4873538017273 1058.5857152938843 32.582294940948486
v -1097.5401878356934 1118.1051135063171 32.91444294154644
v -1003.5006523132324 1171.2910652160645 33.13044458627701
v -903.6289215087891 1216.439938545227 33.18219780921936
v -798.5613226890564 1252.1816611289978 33.038200065493584
v -689.2515420913696 1277.6490211486816 32.68611989915371
v -576.8674671649933 1292.581307888031 32.13334009051323
v -462.66297698020935 1297.3507046699524 31.405465677380562
v -347.85616993904114 1292.9292440414429 30.5440004914999
v -233.5179179906845 1280.8246493339539 29.603993520140648
v -120.47285288572311 1263.0033016204834 28.65232229232788
v -9.21956542879343 1241.7888522148132 27.766043320298195
v 99.82940554618835 1212.9512429237366 26.77603494375944
v 205.6339144706726 1174.009644985199 25.57599116116762
v 307.6176702976227 1129.6709060668945 24.32593423873186
v 405.8666378259659 1083.9348435401917 23.16201813519001
v 500.97784996032715 1039.9896383285522 22.196875512599945
v 593.8979387283325 1000.1265406608582 21.519067883491516
v 685.7494354248047 965.6758189201355 21.191789768636227
v 777.6510894298553 936.9916319847107 21.251552738249302
v 870.5327689647675 913.4786367416382 21.706614643335342
v 964.9775862693787 893.7085568904877 22.537306509912014
v 1061.0758781433105 875.5863189697266 23.696672916412354
v 1158.3545565605164 856.6005170345306 25.114104710519314
v 1255.739450454712 834.0886831283569 26.699164509773254
v 1351.6085743904114 805.5474042892456 28.34855206310749
v 1443.879783153534 768.8805878162384 29.951822385191917
v 1530.1634430885315 722.6321160793304 31.39888420701027
v 1607.948899269104 666.142326593399 32.587092742323875
v 1674.8128294944763 599.6179640293121 33.4277406334877
v 1728.644871711731 524.1301953792572 33.85295458137989
v 1767.8662776947021 441.5219396352768 33.82182754576206
v 1791.6334390640259 354.2273014783859 33.326198905706406
v 1800 265.008607506752 32.39506669342518
v 1793.9936757087708 176.62858664989471 31.09639808535576
v 1775.6028413772583 91.48083552718163 29.5360766351223
v 1748.4930038452148 11.243770737200975 96.90615311264992
v 1709.6107363700867 -63.3917436003685 91.2010207772255
v 1658.8895201683044 -130.41651248931885 84.63123142719269
v 1601.9477248191833 -189.53302949666977 78.01557630300522
v 1543.2256937026978 -241.9301837682724 71.99913337826729
v 1485.7255697250366 -289.69447910785675 67.027498036623
v 1430.9882283210754 -335.21620631217957 63.346320390701294
v 1379.250454902649 -380.67728877067566 61.0200472176075
v 1329.7616600990295 -427.7053713798523 59.96987521648407
v 1281.1538100242615 -477.20516324043274 60.018423199653625
v 1231.8053483963013 -529.3612003326416 60.93595325946808
v 1180.149006843567 -583.7704539299011 62.48175725340843
v 1124.8806953430176 -639.6445691585541 64.43597450852394
v 1065.0774121284485 -696.0387110710144 66.62167310714722
v 1000.2171993255615 -752.0490288734436 68.91517639160156
v 930.1334381103516 -806.9547593593597 71.24712243676186
v 854.9218833446503 -860.2798104286194 73.59496057033539
v 774.8357355594635 -911.7876648902893 75.97084790468216
v 690.189403295517 -961.4166855812073 78.4072995185852
v 601.2832939624786 -1009.1663360595703 80.94078674912453
v 508.3654046058655 -1054.974389076233 83.5979238152504
v 411.62732541561127 -1098.5819578170776 86.38185560703278
v 311.23425364494324 -1139.4242763519287 89.26229327917099
v 207.3846995830536 -1176.5301704406738 92.16569736599922
v 100.39118751883507 -1208.458971977234 94.96810957789421
v -9.219663497060537 -1233.2642555236816 97.48845398426056
v -120.87995857000351 -1254.9991607666016 100.2164214849472
v -234.63092744350433 -1276.1188745498657 103.46319526433945
v -350.0852733850479 -1292.2837972640991 106.7763939499855
v -466.2267744541168 -1299.7748851776123 109.75997596979141
v -581.5434157848358 -1295.6425666809082 112.07832992076874
v -694.1820323467255 -1277.8274416923523 113.46149146556854
v -802.1324694156647 -1245.281195640564 113.71579170227051
v -903.4272193908691 -1198.024320602417 112.73316442966461
v -996.3558912277222 -1137.148904800415 110.5009563267231
v -1079.6621918678284 -1064.7109150886536 107.10505843162537
v -1152.7093648910522 -983.5372924804688 102.72809565067291
v -1215.5726194381714 -896.9320356845856 97.63800725340843
v -1269.0585494041443 -808.3250463008881 92.16886907815933
v -1314.6331429481506 -720.9143221378326 86.69659271836281
v -1354.2681455612183 -637.3289108276367 81.60921335220337
v -1390.226697921753 -559.3733489513397 77.27733850479126
v -1424.7965097427368 -487.8608286380768 74.02333617210388
v -1460.0247502326965 -422.5810110569 72.09655120968819
v -1497.44371175766 -362.37456500530243 71.64950743317604
v -1537.8385305404663 -305.3249716758728 72.72024527192116
v -1581.064260005951 -249.04549419879913 75.2193532884121
v -1625.9309649467468 -191.04382395744324 78.92302796244621
v -1670.2074766159058 -129.13130521774292 83.47717076539993
v -1710.738980770111 -61.83578744530678 88.41222748160362
v -1743.7074065208435 11.243876349180937 93.1720420718193
v -1765.2678608894348 89.22448754310608 97.19677716493607
v -1773.7011551856995 170.29630690813065 100.24925842881203
v -1768.7356352806091 252.44758129119873 102.29732617735863
v -1750.9154677391052 333.83409082889557 103.41405719518661
v -1721.4826226234436 413.0550652742386 103.76628488302231
v -1682.1524262428284 489.3356144428253 103.59019786119461
v -1634.8172307014465 562.5702738761902 103.15592139959335
v -1581.2399983406067 633.2133829593658 102.72696241736412
v -1522.7962732315063 702.0483613014221 102.52193436026573
v -1460.3216171264648 769.8923170566559 102.68603190779686
v -1394.081461429596 837.2956395149231 103.27493101358414
v -1323.854899406433 904.3236136436462 104.25482913851738
v -1249.1098880767822 970.4396367073059 105.51504492759705
v -1169.2136406898499 1034.526515007019 106.89121931791306
v -1083.6406588554382 1095.020306110382 108.19321051239967
v -992.1329140663147 1150.1316547393799 109.23395454883575
v -894.7982847690582 1198.0910539627075 109.85354483127594
v -792.124342918396 1237.3876690864563 109.93681401014328
v -684.935599565506 1266.9553756713867 109.42338556051254
v -574.3001103401184 1286.2839102745056 108.30969884991646
v -461.4109218120575 1295.4670429229736 106.6463939845562
v -347.4684566259384 1295.1801538467407 104.53167334198952
v -233.57126712799072 1286.6336703300476 102.1049715578556
v -120.61604261398315 1271.491527557373 99.54035058617592
v -9.21956542879343 1251.7873764038086 97.04226851463318
v 100.07015392184258 1223.654544353485 94.1457912325859
v 206.1532974243164 1185.089099407196 90.58562144637108
v 308.4037184715271 1140.712058544159 86.83331832289696
v 406.8496137857437 1094.486117362976 83.29296335577965
v 502.02884674072266 1049.6005296707153 80.30088543891907
v 594.8379456996918 1008.3969712257385 78.12564074993134
v 686.3650560379028 972.2927212715149 76.963010430336
v 777.7170181274414 941.7611360549927 76.93231925368309
v 869.8397934436798 916.3491368293762 78.07129248976707
v 963.3584976196289 894.7702825069427 80.33529818058014
v 1058.4316492080688 875.0631272792816 83.59886258840561
v 1154.6676993370056 854.8165798187256 87.6638576388359
v 1251.0876417160034 831.4400553703308 92.27206707000732
v 1346.151888370514 802.4433374404907 97.12124615907669
v 1437.852430343628 765.7088220119476 101.88504382967949
v 1523.8468408584595 719.7170913219452 106.23320639133453
v 1601.6491413116455 663.7225985527039 109.85463112592697
v 1668.8339710235596 597.8329539299011 112.47695311903954
v 1723.2675790786743 523.0202436447144 113.88861984014511
v 1763.3296966552734 441.0376936197281 113.95796835422516
v 1788.1211400032043 354.24403846263885 112.65091449022293
v 1797.6293563842773 265.3458148241043 110.04477962851524
v 1792.8029894828796 177.07139253616333 106.33317902684212
v 1775.5325675010681 91.80400148034096 101.8209457397461
v 1741.3563966751099 11.243770737200975 167.08032488822937
v 1704.66388463974 -63.60470429062843 158.10647159814835
v 1656.9432020187378 -131.37785643339157 147.90316075086594
v 1603.2445192337036 -191.84883534908295 137.70029246807098
v 1547.541904449463 -246.11786305904388 128.46238911151886
v 1492.5129532814026 -296.08130156993866 120.85264027118683
v 1439.5199060440063 -343.8970685005188 115.23283571004868
v 1388.7670397758484 -391.53379797935486 111.69573292136192
v 1339.5814418792725 -440.4627352952957 110.12120917439461
v 1290.7416343688965 -491.50916934013367 110.24293452501297
v 1240.8000826835632 -544.8526740074158 111.71658709645271
v 1188.3524894714355 -600.1412093639374 114.18025642633438
v 1132.22576379776 -656.6672623157501 117.30151623487473
v 1071.5791940689087 -713.5640501976013 120.80877274274826
v 1005.9298753738403 -769.9834585189819 124.50808882713318
v 935.110867023468 -825.2143800258636 128.28309684991837
v 859.1981291770935 -878.7484288215637 132.08648264408112
v 778.4200251102448 -930.2791357040405 135.92255115509033
v 693.0734217166901 -979.6481966972351 139.82619792222977
v 603.4609794616699 -1026.7608761787415 143.84090155363083
v 509.8551034927368 -1071.484351158142 147.99900949001312
v 412.49054074287415 -1113.5285139083862 152.30092406272888
v 311.58642768859863 -1152.34876871109 156.69934451580048
v 207.3970377445221 -1187.0598793029785 161.0853061079979
v 100.27922540903091 -1216.3686990737915 165.27488976716995
v -9.219663497060537 -1238.540804386139 168.99912357330322
v -120.51787376403809 -1257.2296857833862 172.99721091985703
v -233.57950150966644 -1274.6194124221802 177.73181945085526
v -347.97579646110535 -1286.7734670639038 182.51143544912338
v -462.7061605453491 -1290.3302907943726 186.73050999641418
v -576.3203501701355 -1282.638680934906 189.87605720758438
v -687.0672047138214 -1261.8934035301208 191.54066294431686
v -793.0649936199188 -1227.2298216819763 191.4362981915474
v -892.4900829792023 -1178.7806510925293 189.41046595573425
v -983.7754726409912 -1117.671775817871 185.4604572057724
v -1065.7929182052612 -1045.9131360054016 179.73770946264267
v -1137.998628616333 -966.2033557891846 172.54173159599304
v -1200.512981414795 -881.6566944122314 164.30202573537827
v -1254.136884212494 -795.4765677452087 155.54854273796082
v -1300.2710938453674 -710.6165707111359 146.87059074640274
v -1340.7769560813904 -629.4820010662079 138.8737455010414
v -1377.7677297592163 -553.689694404602 132.13127553462982
v -1413.3662223815918 -483.92919301986694 127.1392822265625
v -1449.45148229599 -419.93235647678375 124.27617162466049
v -1487.4127864837646 -360.556161403656 123.76861721277237
v -1527.9335618019104 -303.9636433124542 125.66385269165039
v -1570.827341079712 -247.8950947523117 129.8105075955391
v -1614.9364829063416 -190.01008719205856 135.84944754838943
v -1658.1361413002014 -128.26539427042007 143.21915209293365
v -1697.4484205245972 -61.29886284470558 151.18010938167572
v -1729.289996623993 11.24387551099062 158.86049419641495
v -1749.6821880340576 88.48128095269203 165.28250724077225
v -1756.6859722137451 168.53818595409393 169.9848085641861
v -1750.1500725746155 249.34523105621338 172.9401871562004
v -1730.725622177124 329.03309762477875 174.2932677268982
v -1699.7450351715088 406.201297044754 174.34150725603104
v -1659.0012073516846 480.09636998176575 173.49582016468048
v -1610.4604125022888 550.655847787857 172.22394347190857
v -1555.9616804122925 618.4059262275696 170.98562121391296
v -1496.9640254974365 684.2403173446655 170.17083317041397
v -1434.3860507011414 749.129068851471 170.05164921283722
v -1368.5675382614136 813.818371295929 170.75436115264893
v -1299.3343591690063 878.5977959632874 172.25525826215744
v -1226.1619806289673 943.1639313697815 174.39818233251572
v -1148.3743786811829 1006.6098690032959 176.92810893058777
v -1065.352177619934 1067.5327062606812 179.53543066978455
v -976.6966938972473 1124.2260217666626 181.9010317325592
v -882.3460221290588 1174.9103307724 183.73707085847855
v -782.6059341430664 1217.9671883583069 184.81770604848862
v -678.1279385089874 1252.129626274109 184.99797731637955
v -569.8340177536011 1276.6082167625427 184.2202439904213
v -458.8136315345764 1291.1596298217773 182.51287043094635
v -346.2159991264343 1296.0878133773804 179.98191118240356
v -233.14509093761444 1292.2051548957825 176.79992616176605
v -120.56447714567184 1280.7728290557861 173.19671362638474
v -9.21956542879343 1263.4162545204163 169.44953352212906
v 100.18799677491188 1236.7825627326965 164.88295197486877
v 206.50569945573807 1199.464237689972 159.1683179140091
v 309.0543955564499 1155.8717966079712 153.05784344673157
v 407.7844172716141 1109.8310351371765 147.2017765045166
v 503.146630525589 1064.4756317138672 142.14919209480286
v 595.9507942199707 1022.1496224403381 138.3435532450676
v 687.2141897678375 984.3465685844421 136.11790984869003
v 777.9968798160553 951.6657829284668 135.68565845489502
v 869.2296981811523 923.8184452056885 137.13120818138123
v 961.5563750267029 899.6994316577911 140.40609151124954
v 1055.1889657974243 877.5328516960144 145.33082842826843
v 1149.8165488243103 855.0710678100586 151.60463601350784
v 1244.5568919181824 829.8480570316315 158.82306396961212
v 1337.9763007164001 799.4568586349487 166.5047362446785
v 1428.1646132469177 761.8094265460968 174.1208016872406
v 1512.8686666488647 715.375828742981 181.13102316856384
v 1589.670181274414 659.3600392341614 187.02029585838318
v 1656.1982989311218 593.7979459762573 191.33563488721848
v 1710.3545665740967 519.5717811584473 193.72200965881348
v 1750.5371689796448 438.336119055748 193.95613968372345
v 1775.848639011383 352.3469388484955 191.9757843017578
v 1786.2506747245789 264.2073780298233 187.90106624364853
v 1782.6416015625 176.55006498098373 182.042196393013
v 1766.8248295783997 91.6789636015892 174.88906681537628
v 1725.9191036224365 11.243770737200975 237.74709105491638
v 1692.1537399291992 -63.46334517002106 226.1822372674942
v 1648.396396636963 -131.7975416779518 213.2686749100685
v 1598.9831328392029 -193.62103790044785 200.49142241477966
v 1547.2925662994385 -249.91973340511322 189.00200575590134
v 1495.5899834632874 -302.34729051589966 179.5874521136284
v 1445.0152158737183 -352.7684211730957 172.6712554693222
v 1395.7281231880188 -402.87887156009674 168.3558627963066
v 1347.1476316452026 -453.94687056541443 166.49090945720673
v 1298.2311129570007 -506.68773651123047 166.75267964601517
v 1247.744107246399 -561.2620532512665 168.72391551733017
v 1194.486165046692 -617.3691987991333 171.96511030197144
v 1137.4504923820496 -674.3931770324707 176.0698825120926
v 1075.9074211120605 -731.5605998039246 180.6999921798706
v 1009.4282269477844 -788.0870819091797 185.60516238212585
v 937.8603458404541 -843.2859778404236 190.6262442469597
v 861.2621426582336 -896.612960100174 195.68161815404892
v 779.8399865627289 -947.6878523826599 200.7532462477684
v 693.8758850097656 -996.2499976158142 205.86002469062805
v 603.6780774593353 -1042.100429534912 211.03525310754776
v 509.5483124256134 -1085.0244641304016 216.30346029996872
v 411.7724597454071 -1124.6968030929565 221.6560497879982
v 310.6358528137207 -1160.6082558631897 227.03424096107483
v 206.4584657549858 -1191.9782996177673 232.30724930763245
v 99.65012669563293 -1217.7086234092712 237.25935816764832
v -9.21966265887022 -1236.3410711288452 241.57390594482422
v -119.55742835998535 -1251.04558467865 246.15401923656464
v -231.23903274536133 -1263.6842608451843 251.5531986951828
v -343.79616379737854 -1270.8510160446167 256.9195479154587
v -456.26301169395447 -1269.6446657180786 261.50529384613037
v -567.2876358032227 -1257.8136563301086 264.6823436021805
v -675.2644658088684 -1233.863353729248 265.9553736448288
v -778.4935176372528 -1197.1580743789673 264.9858355522156
v -875.348299741745 -1147.9557394981384 261.60890758037567
v -964.4531607627869 -1087.3945713043213 255.85033893585205
v -1044.8437929153442 -1017.3871994018555 247.93082177639008
v -1116.088843345642 -940.4312968254089 238.25435042381287
v -1178.361690044403 -859.3706488609314 227.38759517669678
v -1232.4357748031616 -777.0809054374695 216.01474732160568
v -1279.6171188354492 -696.1865544319153 204.89115715026855
v -1321.6081738471985 -618.7883019447327 194.78504955768585
v -1360.3139519691467 -546.2547183036804 186.41591370105743
v -1397.6285219192505 -479.1115701198578 180.40034919977188
v -1435.2043390274048 -417.0205771923065 177.20019221305847
v -1474.2324113845825 -358.86433124542236 177.08088755607605
v -1515.2517557144165 -302.9148727655411 180.07655292749405
v -1558.0063819885254 -247.08579182624817 185.96785068511963
v -1601.3624668121338 -189.24447745084763 194.27201002836227
v -1643.3162927627563 -127.55297273397446 204.25071269273758
v -1681.110656261444 -60.81346347928047 214.94480073451996
v -1711.4465475082397 11.243874672800303 225.227290391922
v -1730.3839087486267 87.72978633642197 233.7256819009781
v -1735.8757853507996 166.74470007419586 239.74077701568604
v -1727.8634905815125 246.20530307292938 243.26144456863403
v -1707.0658564567566 324.24811720848083 244.51028108596802
v -1674.8519897460938 399.4844824075699 243.9138650894165
v -1633.032488822937 471.1712658405304 242.05190241336823
v -1583.5880041122437 539.2569422721863 239.58343863487244
v -1528.386640548706 604.2915523052216 237.162584066391
v -1468.942129611969 667.2244369983673 235.35759150981903
v -1406.2495708465576 729.1277289390564 234.5843642950058
v -1340.7368302345276 790.906834602356 235.0663036108017
v -1272.311532497406 853.0630052089691 236.82366013526917
v -1200.5005359649658 915.5381441116333 239.69045877456665
v -1124.6343612670898 977.6770949363708 243.35454404354095
v -1044.0399885177612 1038.293194770813 247.41036593914032
v -958.2128405570984 1095.8361268043518 251.42050981521606
v -866.9356048107147 1148.5844492912292 254.96655106544495
v -770.3330039978027 1194.8733687400818 257.6955109834671
v -668.86927485466 1233.2786321640015 259.34753715991974
v -563.2972061634064 1262.7569675445557 259.7701460123062
v -454.57348823547363 1282.7312707901 258.9208245277405
v -343.7649428844452 1293.110454082489 256.85764253139496
v -231.95507526397705 1294.279682636261 253.72932851314545
v -120.15263736248016 1287.0458722114563 249.7593641281128
v -9.21956542879343 1272.5768566131592 245.23482620716095
v 99.99911561608315 1248.1182217597961 239.3730193376541
v 206.31964802742004 1212.8925561904907 231.88501596450806
v 309.01885628700256 1170.983898639679 223.7509086728096
v 407.964152097702 1125.994884967804 215.83064049482346
v 503.5006284713745 1080.921220779419 208.85837227106094
v 596.3285028934479 1038.0686402320862 203.44021618366241
v 687.3625159263611 998.9622473716736 200.04032850265503
v 777.5817275047302 964.305853843689 198.96972477436066
v 867.8677260875702 933.9703917503357 200.37132650613785
v 958.8512063026428 907.045841217041 204.21092212200165
v 1050.7723331451416 881.9686889648438 210.27850806713104
v 1143.3794617652893 856.6907465457916 218.19427013397217
v 1235.8831644058228 828.9289176464081 227.43587493896484
v 1326.9574642181396 796.4137852191925 237.3668611049652
v 1414.8106455802917 757.1511805057526 247.27995693683624
v 1497.3122835159302 709.6610069274902 256.4470499753952
v 1572.1606135368347 653.1507253646851 264.1692101955414
v 1637.0922803878784 587.6199066638947 269.8298513889313
v 1690.1062488555908 513.8822793960571 272.94706106185913
v 1729.680848121643 433.49290788173676 273.21970760822296
v 1754.9731135368347 348.5832631587982 270.5674320459366
v 1765.9634113311768 261.61234080791473 265.15704095363617
v 1763.5212063789368 175.06154626607895 257.410928606987
v 1749.3638634681702 91.09263271093369 247.98835515975952
v 1702.2491455078125 11.243770737200975 308.30117762088776
v 1671.8452334403992 -62.942446768283844 294.90579664707184
v 1632.5684666633606 -131.5447300672531 280.28783798217773
v 1587.9652619361877 -194.51114237308502 266.01625978946686
v 1540.7890677452087 -252.70043313503265 253.30301821231842
v 1492.8577780723572 -307.49852657318115 242.96130537986755
v 1445.078945159912 -360.4517698287964 235.42276918888092
v 1397.564148902893 -412.9581570625305 230.78109920024872
v 1349.8300552368164 -466.06138944625854 228.86651158332825
v 1301.0241508483887 -520.3509092330933 229.32892441749573
v 1250.1396417617798 -575.9588956832886 231.7206233739853
v 1196.1955904960632 -632.6310753822327 235.5680912733078
v 1138.366198539734 -689.8420572280884 240.4295414686203
v 1076.0456085205078 -746.9142615795135 245.9288477897644
v 1008.8754773139954 -803.1392097473145 251.77845060825348
v 936.7208361625671 -857.851767539978 257.77755975723267
v 859.6345245838165 -910.4887247085571 263.80764842033386
v 777.8025805950165 -960.5974316596985 269.81300711631775
v 691.4945662021637 -1007.8171849250793 275.77901780605316
v 601.0268211364746 -1051.8491864204407 281.7126005887985
v 506.73118829727173 -1092.3956036567688 287.6161426305771
v 408.947691321373 -1129.1009902954102 293.4671938419342
v 308.0285578966141 -1161.4883422851562 299.1964727640152
v 204.3636605143547 -1188.8994455337524 304.6684205532074
v 98.41734990477562 -1210.4490637779236 309.66376662254333
v -9.219661820679903 -1224.9886751174927 313.8617992401123
v -117.94591695070267 -1235.1865410804749 318.24632585048676
v -227.55011022090912 -1242.5786018371582 323.4031945466995
v -337.5339835882187 -1244.3602323532104 328.4092426300049
v -446.9874233007431 -1238.1572484970093 332.45393335819244
v -554.684042930603 -1222.156262397766 334.85952615737915
v -659.1992139816284 -1195.2123999595642 335.10293662548065
v -759.0482532978058 -1156.9212913513184 332.8384816646576
v -852.833890914917 -1107.6550126075745 327.92075872421265
v -939.395534992218 -1048.527753353119 320.4176813364029
v -1017.9467082023621 -981.3067674636841 310.6165140867233
v -1088.174557685852 -908.2340598106384 299.00708198547363
v -1150.287115573883 -831.8049967288971 286.25199794769287
v -1205.015230178833 -754.5164465904236 273.14345240592957
v -1253.5338163375854 -678.6023676395416 260.5405569076538
v -1297.3464131355286 -605.8171391487122 249.31001365184784
v -1338.1107330322266 -537.2564435005188 240.25364220142365
v -1377.452838420868 -473.2740104198456 234.05047059059143
v -1416.7636156082153 -413.46911787986755 231.19673430919647
v -1457.0086598396301 -356.7697137594223 231.95955455303192
v -1498.5663771629333 -301.58943235874176 236.3399237394333
v -1541.107714176178 -246.05370461940765 244.0487802028656
v -1583.5298538208008 -188.2774606347084 254.4971376657486
v -1623.9786386489868 -126.6667440533638 266.8114274740219
v -1659.9407315254211 -60.215143114328384 279.8664093017578
v -1688.4610891342163 11.243873834609985 292.3597365617752
v -1705.7971715927124 86.82437315583229 302.59448289871216
v -1709.9056720733643 164.66149538755417 309.65373516082764
v -1700.7827281951904 242.71800220012665 313.5429918766022
v -1679.151999950409 319.17565762996674 314.5484983921051
v -1646.3513731956482 392.6747828722 313.20511400699615
v -1604.1345834732056 462.47355937957764 310.2332532405853
v -1554.4241309165955 528.4970462322235 306.45410120487213
v -1499.0546464920044 591.2631511688232 302.6923567056656
v -1439.546513557434 651.7056047916412 299.6808797121048
v -1376.9475102424622 710.9250783920288 297.9808956384659
v -1311.77476644516 769.9205338954926 297.9305237531662
v -1244.0378308296204 829.3539941310883 299.62323904037476
v -1173.357117176056 889.3890738487244 302.922785282135
v -1099.1188287734985 949.6221542358398 307.5006455183029
v -1020.6563830375671 1009.1210603713989 312.89647221565247
v -937.4070525169373 1066.5406107902527 318.5825675725937
v -849.0424811840057 1120.2921867370605 324.02844429016113
v -755.5338084697723 1168.7415719032288 328.75624001026154
v -657.170444726944 1210.3825449943542 332.3777049779892
v -554.5337319374084 1243.983542919159 334.6190929412842
v -448.43222200870514 1268.6830401420593 335.32749116420746
v -339.82810378074646 1284.0338587760925 334.4672530889511
v -229.75485920906067 1290.0087475776672 332.10838437080383
v -119.23634111881256 1286.9724869728088 328.4112274646759
v -9.219566266983747 1275.6385445594788 323.61334562301636
v 99.33970794081688 1253.8779973983765 316.92928075790405
v 205.25894165039062 1221.5075969696045 308.2005947828293
v 307.7901363372803 1182.1879148483276 298.56626093387604
v 406.7231476306915 1139.2107725143433 289.04232680797577
v 502.2929906845093 1095.3685641288757 280.51140010356903
v 595.0736045837402 1052.8555512428284 273.71277809143066
v 685.8546853065491 1013.1812810897827 269.22624707221985
v 775.5038738250732 977.1105051040649 267.45236814022064
v 864.8191273212433 944.6478366851807 268.5940772294998
v 954.3822169303894 915.0648951530457 272.64024317264557
v 1044.4235444068909 887.0117783546448 279.36432659626007
v 1134.7292304039001 858.6749374866486 288.3337676525116
v 1224.5791554450989 827.9849946498871 298.9310145378113
v 1312.7559185028076 792.8718209266663 310.3981554508209
v 1397.5991249084473 751.4974057674408 321.88195288181305
v 1477.1284461021423 702.4935007095337 332.50114023685455
v 1549.20015335083 645.1260924339294 341.40674471855164
v 1611.7126822471619 579.403817653656 347.85359501838684
v 1662.8175616264343 506.0948073863983 351.2636750936508
v 1701.1279821395874 426.6589343547821 351.28550827503204
v 1725.9010791778564 343.0859684944153 347.8401839733124
v 1737.1670007705688 257.6575309038162 341.15083515644073
v 1735.782551765442 172.65919893980026 331.74926340579987
v 1723.3853816986084 90.06212130188942 320.45094072818756
v 1670.655620098114 11.243770737200975 378.2652050256729
v 1643.7718391418457 -62.0396688580513 363.78071308135986
v 1609.0836882591248 -130.54083287715912 348.3891785144806
v 1569.382917881012 -194.28283274173737 333.6091071367264
v 1526.8020987510681 -253.9878934621811 320.59116661548615
v 1482.7419877052307 -310.7777148485184 310.1012885570526
v 1437.8840804100037 -365.8822238445282 302.53147780895233
v 1392.2992944717407 -420.40683925151825 297.9535907506943
v 1345.5995678901672 -475.1712441444397 296.18732929229736
v 1297.1150994300842 -530.6347668170929 296.882101893425
v 1246.0593581199646 -586.892706155777 299.5940297842026
v 1191.6675925254822 -643.7295734882355 303.8535386323929
v 1133.2903861999512 -700.6986737251282 309.215247631073
v 1070.450735092163 -757.2151243686676 315.29184579849243
v 1002.8632521629333 -812.6411497592926 321.7727333307266
v 930.4219365119934 -866.3444995880127 328.4237265586853
v 853.1803786754608 -917.749035358429 335.085529088974
v 771.3124930858612 -966.3470149040222 341.6569411754608
v 685.0802779197693 -1011.6946935653687 348.0773448944092
v 594.8080658912659 -1053.4050822257996 354.31326627731323
v 500.8567214012146 -1091.1108255386353 360.33493280410767
v 403.61596941947937 -1124.4316935539246 366.1000192165375
v 303.50058674812317 -1152.9282331466675 371.53232395648956
v 200.96480548381805 -1176.0668992996216 376.5053540468216
v 96.5222217142582 -1193.1729555130005 380.8206260204315
v -9.219660144299269 -1203.4199595451355 384.19768810272217
v -115.65819382667542 -1208.9962720870972 387.6276433467865
v -222.50629663467407 -1211.145043373108 391.6857182979584
v -329.250705242157 -1207.6778054237366 395.46261727809906
v -435.0555896759033 -1196.7651844024658 398.16336035728455
v -538.8402879238129 -1177.0401120185852 399.12675619125366
v -639.3804788589478 -1147.697389125824 397.85482585430145
v -735.4230344295502 -1108.5488319396973 394.03509199619293
v -825.8103668689728 -1060.0467681884766 387.56501376628876
v -909.6008062362671 -1003.2471299171448 378.56158912181854
v -986.1814141273499 -939.7257685661316 367.3671215772629
v -1055.3424954414368 -871.4223504066467 354.52679693698883
v -1117.3108577728271 -800.4510998725891 340.75673818588257
v -1172.746217250824 -728.8926601409912 326.89843475818634
v -1222.668993473053 -658.5755467414856 313.8533502817154
v -1268.356454372406 -590.8967077732086 302.5187909603119
v -1311.1993789672852 -526.6864478588104 293.7184900045395
v -1352.5351166725159 -466.1369740962982 288.1357401609421
v -1393.4832215309143 -408.8071435689926 286.2568259239197
v -1434.781301021576 -353.6976993083954 288.32081258296967
v -1476.6526222229004 -299.3924081325531 294.28263902664185
v -1518.7061190605164 -244.25472021102905 303.7879854440689
v -1559.8931550979614 -186.67175620794296 316.17000102996826
v -1598.5249042510986 -125.30752122402191 330.46199083328247
v -1632.3757767677307 -59.358056634664536 345.44505178928375
v -1658.8478922843933 11.243872158229351 359.71330404281616
v -1674.5466470718384 85.63604056835175 371.3616818189621
v -1677.5338768959045 162.053744494915 379.30716276168823
v -1667.8065776824951 238.56720328330994 383.5520803928375
v -1646.0379838943481 313.4473979473114 384.42004323005676
v -1613.4608387947083 385.3825807571411 382.5120538473129
v -1571.6982007026672 453.62720489501953 378.641277551651
v -1522.5421071052551 518.0526852607727 373.7410694360733
v -1467.7282691001892 579.09294962883 368.76227259635925
v -1408.7300777435303 637.5952005386353 364.568156003952
v -1346.6140866279602 694.6101129055023 361.8494153022766
v -1281.9689869880676 751.1452853679657 361.0578417778015
v -1214.9184823036194 807.955652475357 362.3821020126343
v -1145.2035784721375 865.3718769550323 365.74875712394714
v -1072.3143339157104 923.2191324234009 370.8582043647766
v -995.6446766853333 980.8193564414978 377.2414058446884
v -914.6355271339417 1037.0694637298584 384.32530760765076
v -828.9026856422424 1090.5718088150024 391.50276482105255
v -738.3095741271973 1139.8016095161438 398.19412529468536
v -643.0033385753632 1183.2597255706787 403.8922369480133
v -543.4094309806824 1219.6170687675476 408.1959754228592
v -440.1888281106949 1247.8134155273438 410.82346737384796
v -334.18465554714203 1267.1202778816223 411.6150677204132
v -226.3548642396927 1277.1636486053467 410.52402555942535
v -117.70357936620712 1277.9245376586914 407.6061576604843
v -9.219566266983747 1269.7068929672241 403.0026823282242
v 98.07853996753693 1250.9968757629395 396.02207243442535
v 203.04779559373856 1222.106373310089 386.6976410150528
v 304.9414962530136 1186.2042546272278 376.24788880348206
v 403.4860163927078 1146.1957812309265 365.7794415950775
v 498.81051778793335 1104.6006202697754 356.27299547195435
v 591.3563847541809 1063.4376168251038 348.5619127750397
v 681.7721486091614 1024.137783050537 343.31127405166626
v 770.7895696163177 987.4746680259705 340.9906804561615
v 859.0905725955963 953.5413980484009 341.85097217559814
v 947.1721172332764 921.7658042907715 345.90183198451996
v 1035.2221727371216 891.0069286823273 352.9091566801071
v 1123.0306148529053 859.6903145313263 362.40270137786865
v 1209.929895401001 825.9986042976379 373.6987978219986
v 1294.8001384735107 788.1011366844177 385.94989478588104
v 1376.12224817276 744.3749606609344 398.2000797986984
v 1452.0849823951721 693.6169981956482 409.45723056793213
v 1520.7408428192139 635.2076053619385 418.7727838754654
v 1580.190932750702 569.20166015625 425.3183662891388
v 1628.785800933838 496.34605050086975 428.4643292427063
v 1665.3130888938904 418.00937354564667 427.84377336502075
v 1689.1633987426758 336.02859377861023 423.4053611755371
v 1700.4368305206299 252.48373746871948 415.4402196407318
v 1699.9841809272766 169.4330781698227 404.58599030971527
v 1689.352011680603 88.62367942929268 391.7924702167511
v 1631.5860271453857 11.243770737200975 447.3365396261215
v 1608.1475973129272 -60.767584294080734 432.40336775779724
v 1577.8525829315186 -128.75642627477646 416.999226808548
v 1542.8024411201477 -192.79810935258865 402.48131453990936
v 1504.5890092849731 -253.4833699464798 389.8666441440582
v 1464.2378568649292 -311.6857498884201 379.8139661550522
v 1422.2386479377747 -368.3467984199524 372.64833748340607
v 1378.625500202179 -424.30052161216736 368.40690672397614
v 1333.09907913208 -480.1598310470581 366.90733730793
v 1285.1542711257935 -536.2589299678802 367.81609654426575
v 1234.203565120697 -592.651891708374 370.71765661239624
v 1179.6754360198975 -649.1473138332367 375.1706600189209
v 1121.0853695869446 -705.3636789321899 380.7500571012497
v 1058.0779194831848 -760.7963025569916 387.07709312438965
v 990.442156791687 -814.8723185062408 393.8311904668808
v 918.1094169616699 -866.9985830783844 400.753515958786
v 841.140478849411 -916.5955781936646 407.6438158750534
v 759.7078084945679 -963.1235361099243 414.3541932106018
v 674.0714728832245 -1006.0814738273621 420.7731753587723
v 584.5648169517517 -1045.021140575409 426.82107388973236
v 491.5735960006714 -1079.5248627662659 432.4298143386841
v 395.5281972885132 -1109.1994285583496 437.5343531370163
v 296.89556658267975 -1133.653450012207 442.0565575361252
v 196.1816355586052 -1152.4683952331543 445.88814675807953
v 93.93844306468964 -1165.1770234107971 448.8761007785797
v -9.219658467918634 -1171.2538361549377 450.81313848495483
v -112.69859075546265 -1172.4661946296692 452.64809131622314
v -216.15424901247025 -1169.8050141334534 454.91278767585754
v -319.07638907432556 -1161.6728782653809 456.78802728652954
v -420.71679532527924 -1146.7531442642212 457.5579285621643
v -520.151299238205 -1124.0997433662415 456.63514137268066
v -616.3598299026489 -1093.2106733322144 453.5881519317627
v -708.3203315734863 -1054.077136516571 448.1676757335663
v -795.1073348522186 -1007.195234298706 440.3277397155762
v -875.9844660758972 -953.5231590270996 430.23126125335693
v -950.4920482635498 -894.4152116775513 418.2553321123123
v -1018.5010671615601 -831.4832925796509 404.9650937318802
v -1080.2363991737366 -766.4544761180878 391.08568131923676
v -1136.26549243927 -700.991678237915 377.45166420936584
v -1187.4367833137512 -636.5277349948883 364.94621336460114
v -1234.7930073738098 -574.1251230239868 354.4394373893738
v -1279.448676109314 -514.3689930438995 346.7179208993912
v -1322.4592924118042 -457.32226967811584 342.42501854896545
v -1364.6801590919495 -402.5303453207016 342.00096130371094
v -1406.636881828308 -349.0926682949066 345.6366151571274
v -1448.4153985977173 -295.7825571298599 353.23547422885895
v -1489.588701725006 -241.21768176555634 364.39531445503235
v -1529.1817545890808 -184.0613231062889 378.4015953540802
v -1565.6996011734009 -123.23542088270187 394.2494809627533
v -1597.208046913147 -58.1270232796669 410.68541407585144
v -1621.4893341064453 11.243870481848717 426.28321051597595
v -1635.5921745300293 84.06464830040932 439.0606105327606
v -1637.7615451812744 158.72792601585388 447.83816635608673
v -1627.9593586921692 233.4670901298523 452.5921404361725
v -1606.7508101463318 306.6802114248276 453.63954305648804
v -1575.2092123031616 377.1243542432785 451.596075296402
v -1534.763753414154 444.0504312515259 447.30623066425323
v -1487.0150685310364 507.2558283805847 441.75124168395996
v -1433.542013168335 567.0500993728638 435.9482556581497
v -1375.7213115692139 624.137270450592 430.842188000679
v -1314.5970940589905 679.4437229633331 427.2173434495926
v -1250.8094429969788 733.9106976985931 425.6272494792938
v -1184.588384628296 788.3056819438934 426.35909020900726
v -1115.810215473175 843.0601358413696 429.4263571500778
v -1044.1010355949402 898.1795847415924 434.596449136734
v -968.9625978469849 953.2194256782532 441.438952088356
v -889.8963868618011 1007.3290228843689 449.3876248598099
v -806.5195977687836 1059.339952468872 457.80603289604187
v -718.641847372055 1107.9012393951416 466.05350375175476
v -626.311469078064 1151.6075134277344 473.53413105010986
v -529.827207326889 1189.129364490509 479.73668575286865
v -429.7161430120468 1219.3117260932922 484.25583243370056
v -326.69834196567535 1241.2452220916748 486.8010342121124
v -221.63739502429962 1254.3079018592834 487.19499707221985
v -115.48328697681427 1258.1821918487549 485.36680340766907
v -9.219566266983747 1252.8498530387878 481.33957386016846
v 96.12695127725601 1237.3556971549988 474.589741230011
v 199.49184358119965 1212.3855113983154 465.37222266197205
v 300.15742778778076 1180.5663585662842 454.8983573913574
v 397.8074312210083 1144.3682312965393 444.2959874868393
v 492.4751937389374 1105.9754133224487 434.58183109760284
v 584.4715297222137 1067.1712517738342 426.63369476795197
v 674.2948472499847 1029.246211051941 421.159628033638
v 762.5231087207794 992.9256677627563 418.6650663614273
v 849.6974766254425 958.3458781242371 419.4262236356735
v 936.2013459205627 925.0585913658142 423.46190214157104
v 1022.1505880355835 892.1146273612976 430.53153455257416
v 1107.3100805282593 858.1786215305328 440.1376247406006
v 1191.0460710525513 821.7041730880737 451.55659317970276
v 1272.3276257514954 781.1327576637268 463.8872444629669
v 1349.7796297073364 735.0980043411255 476.1173665523529
v 1421.777093410492 682.6077103614807 487.1983230113983
v 1486.590313911438 623.192971944809 496.1350679397583
v 1542.5537467002869 556.9862902164459 502.07176208496094
v 1588.2447481155396 484.7293496131897 504.3753504753113
v 1622.651481628418 407.7042192220688 502.70358324050903
v 1645.3113198280334 327.5869846343994 497.0568895339966
v 1656.4026832580566 246.24261260032654 487.8049314022064
v 1656.7641377449036 165.4850274324417 475.68156123161316
v 1647.8474020957947 86.82309240102768 461.75118684768677
v 1585.525095462799 11.243770737200975 515.3773427009583
v 1565.2891159057617 -59.14673209190369 500.4890441894531
v 1538.9790058135986 -126.19447410106659 485.60471534729004
v 1508.1177234649658 -190.00441431999207 471.86198830604553
v 1473.8412380218506 -251.04221105575562 460.0951373577118
v 1436.8707418441772 -309.9633425474167 450.82982182502747
v 1397.5395798683167 -367.45761930942535 444.3073332309723
v 1355.8579444885254 -424.12502467632294 440.5279666185379
v 1311.6024613380432 -480.39575815200806 439.30962681770325
v 1264.408779144287 -536.4909946918488 440.34608602523804
v 1213.856863975525 -592.420095205307 443.26207637786865
v 1159.5427751541138 -648.0042099952698 447.6585656404495
v 1101.124906539917 -702.9111206531525 453.14489006996155
v 1038.3570313453674 -756.6986918449402 459.3608558177948
v 971.1016058921814 -808.8534951210022 465.9875750541687
v 899.3306815624237 -858.8222980499268 472.7489411830902
v 823.1242418289185 -906.0421586036682 479.4129431247711
v 742.659205198288 -949.9603271484375 485.78619360923767
v 658.2014322280884 -990.0545239448547 491.7129099369049
v 570.092099905014 -1025.8401274681091 497.06515073776245
v 478.7367045879364 -1056.879723072052 501.73932909965515
v 384.5961570739746 -1082.7922224998474 505.653315782547
v 288.1727010011673 -1103.2337665557861 508.72820019721985
v 190.00732451677322 -1117.9011583328247 510.88598370552063
v 90.67395329475403 -1126.5159845352173 512.036383152008
v -9.219655953347683 -1128.8230061531067 512.0713591575623
v -109.10052806138992 -1126.2309193611145 511.8625223636627
v -208.5905134677887 -1119.5257186889648 511.8826925754547
v -307.1996480226517 -1107.63441324234 511.45493388175964
v -404.2753368616104 -1089.6918296813965 509.98894572257996
v -499.0485906600952 -1065.1121735572815 507.00793862342834
v -590.6964540481567 -1033.6516857147217 502.17888951301575
v -678.4110188484192 -995.4280614852905 495.32766938209534
v -761.4753842353821 -950.9390115737915 486.46613359451294
v -839.3346011638641 -901.0241746902466 475.7956624031067
v -911.6529107093811 -846.794843673706 463.7003481388092
v -978.3589124679565 -789.5435214042664 450.7342278957367
v -1039.6526455879211 -730.6184470653534 437.58531510829926
v -1095.9963083267212 -671.2944209575653 425.03370344638824
v -1148.0616331100464 -612.643575668335 413.8943821191788
v -1196.6587543487549 -555.4311990737915 404.9603462219238
v -1242.6415801048279 -500.0399351119995 398.94117414951324
v -1286.799967288971 -446.4353173971176 396.403831243515
v -1329.749858379364 -394.17861700057983 397.7199375629425
v -1371.8308210372925 -342.4868434667587 403.0214309692383
v -1413.0208611488342 -290.33407866954803 412.1673345565796
v -1452.8811693191528 -236.5904688835144 424.72626864910126
v -1490.5319809913635 -180.18710017204285 439.97358083724976
v -1524.6811151504517 -120.28635889291763 456.9137156009674
v -1553.6952137947083 -56.44737035036087 474.32377338409424
v -1575.7254838943481 11.243867129087448 490.8238112926483
v -1588.3164167404175 82.0467822253704 504.48628664016724
v -1589.945912361145 154.55220937728882 514.1124129295349
v -1580.515480041504 227.19635367393494 519.6248888969421
v -1560.4523420333862 298.5350400209427 521.2932229042053
v -1530.6297183036804 367.41245090961456 519.6907103061676
v -1492.2440886497498 433.0816447734833 515.6282901763916
v -1446.662950515747 495.25943398475647 510.0683927536011
v -1395.265281200409 554.1075825691223 504.02650237083435
v -1339.2920851707458 610.1505696773529 498.47298860549927
v -1279.7277331352234 664.1383945941925 494.2399799823761
v -1217.2340869903564 716.8807625770569 491.9533967971802
v -1152.1296858787537 769.0864741802216 491.98880195617676
v -1084.4271898269653 821.220999956131 494.4575071334839
v -1013.9029026031494 873.4112083911896 499.21993017196655
v -940.1967644691467 925.4062056541443 505.92411160469055
v -862.9132568836212 976.5904784202576 514.0583395957947
v -781.7224681377411 1026.0416150093079 523.0104267597198
v -696.4311182498932 1072.6242899894714 532.1284353733063
v -607.0362031459808 1115.0980353355408 540.7743215560913
v -513.7462913990021 1152.221417427063 548.3639538288116
v -416.97624027729034 1182.84569978714 554.3949544429779
v -317.3299491405487 1205.9912323951721 558.4653675556183
v -215.56543707847595 1220.897662639618 560.2771997451782
v -112.5506266951561 1227.055585384369 559.6366345882416
v -9.219567105174065 1224.2231726646423 556.4496338367462
v 93.4453658759594 1211.9302868843079 550.4124641418457
v 194.49157565832138 1191.0947799682617 541.9934928417206
v 293.25669407844543 1163.792359828949 532.3179066181183
v 389.403560757637 1132.027280330658 522.4612176418304
v 482.88533091545105 1097.606599330902 513.4120881557465
v 573.889034986496 1062.026560306549 506.0327410697937
v 662.7624750137329 1026.3874053955078 501.0263979434967
v 749.9219834804535 991.3195610046387 498.8939881324768
v 835.7515454292297 956.955099105835 499.90383982658386
v 920.5033421516418 922.9396462440491 504.06850576400757
v 1004.1977047920227 888.492089509964 511.13285422325134
v 1086.5582585334778 852.5125086307526 520.5845296382904
v 1166.9695973396301 813.7296974658966 531.6826522350311
v 1244.4833993911743 770.8760976791382 543.511301279068
v 1317.8658485412598 722.8604793548584 555.0467312335968
v 1385.6867909431458 668.928337097168 565.2393937110901
v 1446.4461207389832 608.783769607544 573.1052935123444
v 1498.7248420715332 542.6526188850403 577.8167009353638
v 1541.3381695747375 471.27925157546997 578.783369064331
v 1573.479402065277 395.8605766296387 575.7236659526825
v 1594.8341846466064 317.90922582149506 568.7107086181641
v 1605.6492805480957 239.0700101852417 558.1946790218353
v 1606.7460894584656 160.91183423995972 544.996440410614
v 1599.4585275650024 84.70518663525581 530.2580773830414
v 1532.905626296997 11.243770737200975 582.3511362075806
v 1515.5279159545898 -57.197751849889755 567.8396344184875
v 1492.6841855049133 -122.87658154964447 553.7742912769318
v 1465.4386281967163 -185.90433597564697 541.0527348518372
v 1434.571659564972 -246.63279354572296 530.3151547908783
v 1400.5704760551453 -305.5327355861664 521.9487011432648
v 1363.6524438858032 -363.0850553512573 516.1092638969421
v 1323.8146662712097 -419.6957588195801 512.761116027832
v 1280.8979272842407 -475.6425082683563 511.72449588775635
v 1234.6523523330688 -531.0480415821075 512.7227067947388
v 1184.794807434082 -585.8780801296234 515.4236376285553
v 1131.057071685791 -639.9564027786255 519.4745779037476
v 1073.2178092002869 -692.9839968681335 524.5227634906769
v 1011.1264944076538 -744.569742679596 530.2343666553497
v 944.7131752967834 -794.2505300045013 536.2980902194977
v 873.9945352077484 -841.5180265903473 542.4311757087708
v 799.0742683410645 -885.8362197875977 548.3767747879028
v 720.1443135738373 -926.6713500022888 553.9118885993958
v 637.4775588512421 -963.5031223297119 558.8409841060638
v 551.4236032962799 -995.8472371101379 562.9993200302124
v 462.4020516872406 -1023.2831239700317 566.2612617015839
v 370.8887815475464 -1045.451581478119 568.527352809906
v 277.40529477596283 -1062.075161933899 569.7318255901337
v 182.5071170926094 -1072.9581713676453 569.8349833488464
v 86.77026629447937 -1077.985918521881 568.819659948349
v -9.219653438776731 -1077.1329760551453 566.6932046413422
v -104.92425486445427 -1071.5114951133728 564.231526851654
v -199.9546453356743 -1061.7404222488403 561.8384063243866
v -293.85525584220886 -1047.1773147583008 559.0054035186768
v -386.0704869031906 -1027.3273587226868 555.2934408187866
v -475.97687244415283 -1001.8946528434753 550.3560304641724
v -562.9271149635315 -970.8216905593872 543.9636290073395
v -646.3032066822052 -934.3167185783386 536.0280990600586
v -725.5639314651489 -892.8382337093353 526.6063570976257
v -800.3005743026733 -847.0881164073944 515.9198999404907
v -870.2747404575348 -797.9476869106293 504.3421447277069
v -935.4443192481995 -746.402496099472 492.3793852329254
v -995.971691608429 -693.4640049934387 480.6519091129303
v -1052.207851409912 -640.0623500347137 469.84668374061584
v -1104.6549081802368 -586.9619071483612 460.67588925361633
v -1153.9073467254639 -534.6810936927795 453.8220942020416
v -1200.5828261375427 -483.4434986114502 449.8894393444061
v -1245.235812664032 -433.15339386463165 449.3481159210205
v -1288.277542591095 -383.4108352661133 452.49027013778687
v -1329.8940539360046 -333.56128334999084 459.3885362148285
v -1369.9859976768494 -282.7774375677109 469.86899971961975
v -1408.1257224082947 -230.16885817050934 483.49472880363464
v -1443.5423612594604 -174.91229474544525 499.5652377605438
v -1475.1476883888245 -116.38399958610535 517.1375691890717
v -1501.5969514846802 -54.288316145539284 535.0699603557587
v -1521.3860750198364 11.24386377632618 552.082622051239
v -1532.5608015060425 79.55901995301247 566.4159715175629
v -1533.8552355766296 149.4664192199707 576.9236326217651
v -1525.1030802726746 219.62627470493317 583.4554553031921
v -1506.582748889923 288.7703776359558 586.1967265605927
v -1478.9539575576782 355.84499537944794 585.629814863205
v -1443.1653499603271 420.1165705919266 582.4751079082489
v -1400.3334760665894 481.2264382839203 577.6136040687561
v -1351.6149044036865 539.1871511936188 571.9985067844391
v -1298.0863809585571 594.3276286125183 566.5645658969879
v -1240.6448364257812 647.1956849098206 562.1448218822479
v -1179.9431204795837 698.4269499778748 559.3987226486206
v -1116.366183757782 748.619931936264 558.7698519229889
v -1050.0443816184998 798.2114553451538 560.4597508907318
v -980.9028267860413 847.391152381897 564.4338726997375
v -908.7314486503601 896.0503399372101 570.4448103904724
v -833.2632064819336 943.7783718109131 578.0747294425964
v -754.2559504508972 989.8855447769165 586.7809653282166
v -671.5569019317627 1033.4730505943298 595.9546566009521
v -585.1531326770782 1073.5064148902893 604.9659669399261
v -495.20004987716675 1108.9009523391724 613.2072150707245
v -402.02858448028564 1138.603949546814 620.1254367828369
v -306.13947808742523 1161.6638660430908 625.2441108226776
v -208.1830993294716 1177.286982536316 628.1765699386597
v -108.92678797245026 1184.8802089691162 628.6334037780762
v -9.219567943364382 1184.0775847434998 626.4246046543121
v 90.0437481701374 1174.800682067871 621.4907348155975
v 188.0456641316414 1158.0739974975586 614.4803524017334
v 284.1994374990463 1135.4408740997314 606.363719701767
v 378.1673848628998 1108.4360718727112 598.0974733829498
v 469.83954906463623 1078.4696817398071 590.5774712562561
v 559.2924535274506 1046.7260599136353 584.5953941345215
v 646.7288732528687 1014.0751004219055 580.7928264141083
v 732.4058175086975 981.0199856758118 579.6261727809906
v 816.5476262569427 947.6581335067749 581.3244938850403
v 899.2659866809845 913.6946082115173 585.8693897724152
v 980.4801106452942 878.5011291503906 592.9894745349884
v 1059.8612666130066 841.1953568458557 602.1628439426422
v 1136.8065476417542 800.7764518260956 612.6558065414429
v 1210.4434847831726 756.2644422054291 623.5711097717285
v 1279.6792387962341 706.8481206893921 633.9205741882324
v 1343.2754874229431 652.0123422145844 642.7033066749573
v 1399.9619364738464 591.637909412384 648.9997386932373
v 1448.5620617866516 526.0428786277771 652.0559549331665
v 1488.12335729599 455.9747278690338 651.3657689094543
v 1518.0327773094177 382.54281878471375 646.7332184314728
v 1538.1098628044128 307.09750950336456 638.3173584938049
v 1548.6527681350708 231.06822967529297 626.6434729099274
v 1550.4423379898071 155.7876080274582 612.5935792922974
v 1544.6841716766357 82.30562880635262 597.3555743694305
v 1474.0410089492798 11.243770737200975 648.218035697937
v 1459.131896495819 -54.9343328922987 634.2600345611572
v 1439.2061948776245 -118.82501095533371 621.103048324585
v 1414.985203742981 -180.52684217691422 609.4173073768616
v 1386.9904518127441 -240.291166305542 599.6642053127289
v 1355.5384397506714 -298.4364151954651 592.1006441116333
v 1320.7681059837341 -355.27623295783997 586.806982755661
v 1282.6737642288208 -411.06237173080444 583.7157368659973
v 1241.1505937576294 -465.9501314163208 582.6513826847076
v 1196.0392713546753 -519.9811935424805 583.3647429943085
v 1147.164809703827 -573.0823338031769 585.564798116684
v 1094.365632534027 -625.072717666626 588.9401435852051
v 1037.5195384025574 -675.6784915924072 593.1778728961945
v 976.5555024147034 -724.5464086532593 597.9696929454803
v 911.4644050598145 -771.2600827217102 603.0185759067535
v 842.3069179058075 -815.3571009635925 608.0422461032867
v 769.2165076732635 -856.3471555709839 612.776505947113
v 692.401260137558 -893.7310338020325 616.9777035713196
v 612.144523859024 -927.0210027694702 620.4285264015198
v 528.8030326366425 -955.7690262794495 622.94642329216
v 442.79947578907013 -979.5879006385803 624.3895590305328
v 354.6135127544403 -998.1715321540833 624.6618032455444
v 264.7668868303299 -1011.3146781921387 623.718523979187
v 173.80876690149307 -1018.9199209213257 621.5650320053101
v 82.29733407497406 -1021.0110783576965 618.2645738124847
v -9.219650086015463 -1017.7387833595276 613.9405310153961
v -100.25061294436455 -1009.9793672561646 609.2690348625183
v -190.41621387004852 -998.202645778656 604.5710384845734
v -279.30483520030975 -982.098126411438 599.5128214359283
v -366.4525419473648 -961.4491939544678 593.8071727752686
v -451.36443972587585 -936.1729145050049 587.2395694255829
v -533.5430860519409 -906.3396692276001 579.6818554401398
v -612.5233590602875 -872.1913397312164 571.1139142513275
v -687.9072725772858 -834.1368556022644 561.6335391998291
v -759.3962967395782 -792.7327752113342 551.4609932899475
v -826.8185555934906 -748.6467003822327 540.9361660480499
v -890.1447594165802 -702.6018619537354 530.5019438266754
v -949.4868636131287 -655.3167700767517 520.6821620464325
v -1005.0909876823425 -607.4385344982147 512.051510810852
v -1057.3044776916504 -559.4812273979187 505.19771575927734
v -1106.5342783927917 -511.7727756500244 500.6788909435272
v -1153.1935572624207 -464.4200384616852 498.9783704280853
v -1197.640872001648 -417.29778349399567 500.46383142471313
v -1240.1195526123047 -370.0603276491165 505.3463637828827
v -1280.698049068451 -322.1825212240219 513.646674156189
v -1319.2257285118103 -273.02224338054657 525.1707315444946
v -1355.304229259491 -221.90517336130142 539.4983410835266
v -1388.2753372192383 -168.22302639484406 555.9805691242218
v -1417.2486662864685 -111.53457909822464 573.7648487091064
v -1441.1417841911316 -51.660093292593956 591.8238937854767
v -1458.7593913078308 11.243860423564911 609.0143322944641
v -1468.609857559204 76.61658301949501 623.8211452960968
v -1469.6823120117188 143.48477125167847 635.208410024643
v -1461.7535948753357 210.73440313339233 642.9464221000671
v -1444.9610352516174 277.27888226509094 647.1142530441284
v -1419.7644710540771 342.1771824359894 648.0718553066254
v -1386.8716835975647 404.7232925891876 646.4066326618195
v -1347.1522450447083 464.4992172718048 642.8707838058472
v -1301.538598537445 521.3827550411224 638.3048057556152
v -1250.9322881698608 575.5174577236176 633.5594952106476
v -1196.1200594902039 627.2437512874603 629.4183254241943
v -1137.7233266830444 677.0095109939575 626.5385448932648
v -1076.16126537323 725.2684593200684 625.3980696201324
v -1011.6597175598145 772.3866105079651 626.2730598449707
v -944.2739367485046 818.563574552536 629.2290151119232
v -873.9376723766327 863.781863451004 634.1335415840149
v -800.5175113677979 907.7882766723633 640.6836032867432
v -723.8791823387146 950.1013040542603 648.4441995620728
v -643.9371228218079 990.0487303733826 656.8910658359528
v -560.7009887695312 1026.819884777069 665.4527306556702
v -474.30596351623535 1059.5274925231934 673.5511779785156
v -385.0256860256195 1087.2755885124207 680.6338727474213
v -293.2760864496231 1109.2187404632568 686.2002611160278
v -199.60578382015228 1124.617838859558 689.8210823535919
v -104.67314645648003 1132.8846216201782 691.1522626876831
v -9.219567943364382 1133.6180448532104 689.9443030357361
v 85.9762854874134 1127.0327925682068 686.3805055618286
v 180.2422732114792 1114.1563653945923 681.2398374080658
v 273.07897210121155 1096.0479140281677 675.2884984016418
v 364.1643226146698 1073.7985610961914 669.3104445934296
v 453.3428370952606 1048.4300136566162 664.0551388263702
v 540.5960619449615 1020.8068013191223 660.1899683475494
v 625.9974896907806 991.5632128715515 658.2531988620758
v 709.6541941165924 961.0500812530518 658.6125612258911
v 791.6407942771912 929.313862323761 661.431348323822
v 871.9356179237366 896.1011409759521 666.6446506977081
v 950.3576159477234 860.9092712402344 673.9550113677979
v 1026.5309572219849 823.0596005916595 682.8445494174957
v 1099.8628735542297 781.7998766899109 692.6053762435913
v 1169.5557832717896 736.4212989807129 702.3913621902466
v 1234.650206565857 686.3727271556854 711.2854063510895
v 1294.0943956375122 631.3644826412201 718.3807611465454
v 1346.8331694602966 571.436208486557 722.8597819805145
v 1391.9172406196594 506.9872319698334 724.080616235733
v 1428.6047101020813 438.7573331594467 721.6460824012756
v 1456.4531207084656 367.76556372642517 715.4612302780151
v 1475.3872632980347 295.2020734548569 705.767297744751
v 1485.7332944869995 222.2935974597931 693.151581287384
v 1488.2107973098755 150.15631020069122 678.5283923149109
v 1483.8773131370544 79.64578941464424 663.0858421325684
v 1409.0930342674255 11.243770737200975 712.8070771694183
v 1396.2655305862427 -52.35973410308361 699.4511783123016
v 1378.7444829940796 -114.05273079872131 687.132328748703
v 1357.0086121559143 -173.90599697828293 676.3249039649963
v 1331.39888048172 -232.08221197128296 667.337840795517
v 1302.1222472190857 -288.778880238533 660.3249371051788
v 1269.267976284027 -344.17926371097565 655.3036272525787
v 1232.8372478485107 -398.41685593128204 652.1835744380951
v 1192.7712678909302 -451.5528380870819 650.794243812561
v 1148.9819526672363 -503.5658597946167 650.9115636348724
v 1101.3769268989563 -554.3500542640686 652.2789537906647
v 1049.8790502548218 -603.7209928035736 654.623419046402
v 994.4424033164978 -651.4213979244232 657.6646685600281
v 935.0624799728394 -697.1317112445831 661.121928691864
v 871.7842876911163 -740.4809832572937 664.7181272506714
v 804.7078192234039 -781.0561001300812 668.1799471378326
v 733.9954018592834 -818.4203445911407 671.2466239929199
v 659.8728775978088 -852.1285772323608 673.6724138259888
v 582.633626461029 -881.7516982555389 675.2390384674072
v 502.6350796222687 -906.8949937820435 675.7596015930176
v 420.2959030866623 -927.2326827049255 675.0982761383057
v 336.084920167923 -942.5246000289917 673.1745421886444
v 250.50694942474365 -952.6404976844788 669.9742913246155
v 164.0862688422203 -957.5720071792603 665.5557811260223
v 77.34520509839058 -957.4528098106384 660.0626170635223
v -9.219646733254194 -952.5574564933777 653.7262737751007
v -95.17262801527977 -943.5628294944763 647.1141457557678
v -180.15900403261185 -930.8083891868591 640.4574394226074
v -263.81537318229675 -914.216136932373 633.5803091526031
v -345.7595407962799 -893.7595725059509 626.3326048851013
v -425.6026804447174 -869.4925010204315 618.6131536960602
v -502.9667615890503 -841.5596544742584 610.3815078735352
v -577.505886554718 -810.2045238018036 601.6710877418518
v -648.9281237125397 -775.7717192173004 592.6035583019257
v -717.0136392116547 -738.6848151683807 583.384108543396
v -781.6316485404968 -699.4261264801025 574.3038654327393
v -842.7497506141663 -658.5007667541504 565.7280921936035
v -900.429904460907 -616.3950741291046 558.0773591995239
v -954.8233866691589 -573.5350370407104 551.807427406311
v -1006.1452031135559 -530.2437007427216 547.3758816719055
v -1054.6461939811707 -486.7090880870819 545.2123045921326
v -1100.5746245384216 -442.96252727508545 545.6828713417053
v -1144.13241147995 -398.8721877336502 549.0546762943268
v -1185.4337096214294 -354.1548818349838 555.4653167724609
v -1224.461030960083 -308.40637385845184 564.8927450180054
v -1261.0367059707642 -261.1493915319443 577.1381556987762
v -1294.8009967803955 -211.8946596980095 591.8139696121216
v -1325.2079129219055 -160.21488904953003 608.3459258079529
v -1351.540982723236 -105.81555292010307 625.9855806827545
v -1372.9501605033875 -48.606861010193825 643.8445866107941
v -1388.5062217712402 11.243855394423008 660.9367489814758
v -1397.1134305000305 73.2663094997406 676.0239601135254
v -1397.9920148849487 136.6860419511795 688.2152438163757
v -1390.884268283844 200.60013234615326 697.2118556499481
v -1375.8160471916199 264.0985608100891 702.9858469963074
v -1353.071665763855 326.35708451271057 705.7590365409851
v -1323.1484055519104 386.71274185180664 705.9670150279999
v -1286.691176891327 444.71140801906586 704.205071926117
v -1244.4225668907166 500.12399554252625 701.1680603027344
v -1197.0711708068848 552.9337406158447 697.5857019424438
v -1145.3065752983093 603.2954335212708 694.1576778888702
v -1089.6948337554932 651.4719307422638 691.4977312088013
v -1030.665099620819 697.7661609649658 690.0895178318024
v -968.5063004493713 742.445969581604 690.2555465698242
v -903.3761501312256 785.6817305088043 692.1439826488495
v -835.3318333625793 827.501392364502 695.7320272922516
v -764.3643915653229 867.7633881568909 700.8391678333282
v -690.447860956192 906.1526656150818 707.1549654006958
v -613.5756433010101 942.197048664093 714.2691493034363
v -533.8003098964691 975.301730632782 721.7088997364044
v -451.2603163719177 1004.7889709472656 728.9703905582428
v -366.19534492492676 1029.9500226974487 735.5513513088226
v -278.9559066295624 1050.0930905342102 740.9783720970154
v -190.0002971291542 1064.592683315277 744.829273223877
v -99.87977743148804 1072.9311347007751 746.7509686946869
v -9.219568781554699 1074.7339010238647 746.4752912521362
v 81.32987469434738 1070.4161882400513 744.4065034389496
v 171.2382048368454 1060.9332919120789 741.3973867893219
v 260.09547114372253 1046.9330191612244 737.9854023456573
v 347.6060539484024 1029.11456823349 734.7489416599274
v 433.5845857858658 1008.1453800201416 732.2537899017334
v 517.9366528987885 984.5919370651245 731.0053825378418
v 600.6259918212891 958.8603258132935 731.4033150672913
v 681.6303670406342 931.1533212661743 733.6988568305969
v 760.893452167511 901.457941532135 737.9679679870605
v 838.2780253887177 869.5504367351532 744.0893054008484
v 913.5190844535828 835.037487745285 751.7407894134521
v 986.2025499343872 797.4166095256805 760.4153215885162
v 1055.7514786720276 756.1552226543427 769.4481432437897
v 1121.4427471160889 710.7838332653046 778.0697286128998
v 1182.4454069137573 660.9802544116974 785.4654371738434
v 1237.876796722412 606.6444396972656 790.8470749855042
v 1286.8783950805664 547.9479968547821 793.5289084911346
v 1328.700041770935 485.3466331958771 792.9985821247101
v 1362.7796530723572 419.55808103084564 788.9792919158936
v 1388.8118863105774 351.50518119335175 781.475704908371
v 1406.7959904670715 282.22492933273315 770.8002984523773
v 1417.0565128326416 212.75678873062134 757.574862241745
v 1420.2296733856201 144.02702003717422 742.7095234394073
v 1417.2146558761597 76.7299935221672 727.3502290248871
v 1338.078761100769 11.243770737200975 775.6984412670135
v 1326.9849300384521 -49.46637824177742 762.9056453704834
v 1311.4311218261719 -108.55837985873222 751.2516617774963
v 1291.734802722931 -166.06567203998566 741.0594284534454
v 1268.121600151062 -222.07499742507935 732.5217425823212
v 1240.7312035560608 -276.688152551651 725.7149934768677
v 1209.6299171447754 -329.9903243780136 720.6140220165253
v 1174.8315811157227 -382.0272982120514 717.1145439147949
v 1136.3170981407166 -432.79129564762115 715.0542318820953
v 1094.0546035766602 -482.2146713733673 714.2315447330475
v 1048.0148077011108 -530.1691353321075 714.419835805893
v 998.1852650642395 -576.4681398868561 715.3778672218323
v 944.5802450180054 -620.8717346191406 716.8568909168243
v 887.2476518154144 -663.0920648574829 718.6027944087982
v 826.2769639492035 -702.8020620346069 720.3615188598633
v 761.8029892444611 -739.6434366703033 721.8798100948334
v 694.0126776695251 -773.2405185699463 722.9130506515503
v 623.146516084671 -803.2145261764526 723.2296049594879
v 549.5022296905518 -829.2047560214996 722.6239621639252
v 473.43424558639526 -850.893634557724 720.9312736988068
v 395.3456997871399 -868.0243134498596 718.0332541465759
v 315.68339467048645 -880.4326415061951 713.8815701007843
v 234.91958677768707 -888.057142496109 708.4976255893707
v 153.53891104459763 -890.9688949584961 701.9985258579254
v 72.01359048485756 -889.3736779689789 694.5975065231323
v -9.219642542302608 -883.6262404918671 686.6210997104645
v -89.7856056690216 -874.2257952690125 678.5159468650818
v -169.3633407354355 -861.3973796367645 670.4175531864166
v -247.63652980327606 -845.2034890651703 662.2737765312195
v -324.2916226387024 -825.7344603538513 654.0470659732819
v -399.0224450826645 -803.1172156333923 645.722883939743
v -471.5409815311432 -777.5305509567261 637.3297691345215
v -541.5874600410461 -749.1968214511871 628.9362788200378
v -608.943521976471 -718.3911681175232 620.6704616546631
v -673.4407246112823 -685.4231178760529 612.7122402191162
v -734.9703848361969 -650.6273031234741 605.2991509437561
v -793.4887826442719 -614.3399119377136 598.7169563770294
v -849.0112066268921 -576.872992515564 593.2857513427734
v -901.6090035438538 -538.4885966777802 589.344996213913
v -951.3912320137024 -499.37431812286377 587.2315227985382
v -998.4867453575134 -459.62457060813904 587.2569501399994
v -1043.0159211158752 -419.2260503768921 589.6789848804474
v -1085.0640535354614 -378.0575215816498 594.6765303611755
v -1124.650776386261 -335.8984261751175 602.3248493671417
v -1161.70152425766 -292.45192408561707 612.5713169574738
v -1196.0278987884521 -247.37930595874786 625.2228677272797
v -1227.3143649101257 -200.34344494342804 639.9360179901123
v -1255.1146030426025 -151.06118023395538 656.2174558639526
v -1278.8648128509521 -99.35336709022522 673.4350383281708
v -1297.9087114334106 -45.195724815130234 690.8429503440857
v -1311.5369081497192 11.243851203471422 707.6141595840454
v -1318.9689874649048 69.57628726959229 722.7833390235901
v -1319.6225881576538 129.19641584157944 735.6172800064087
v -1313.2306694984436 189.3861249089241 745.7693338394165
v -1299.7417330741882 249.3974268436432 753.1200885772705
v -1279.306411743164 308.522567152977 757.7622950077057
v -1252.2496819496155 366.15470945835114 759.978711605072
v -1219.0279483795166 421.82969748973846 760.2019250392914
v -1180.180549621582 475.2460241317749 758.9687526226044
v -1136.2774014472961 526.2643754482269 756.8683683872223
v -1087.8713607788086 574.886816740036 754.4910192489624
v -1035.4605674743652 621.2167739868164 752.3804426193237
v -979.4595837593079 665.4144287109375 750.9934186935425
v -920.1898455619812 707.6429665088654 750.6712317466736
v -857.8795552253723 748.0213701725006 751.6199290752411
v -792.6796138286591 786.5853130817413 753.9069414138794
v -724.68341588974 823.2626438140869 757.4657499790192
v -653.9607524871826 857.8600287437439 762.111496925354
v -580.5821120738983 890.0684237480164 767.5617456436157
v -504.6490430831909 919.4793820381165 773.4629273414612
v -426.3171672821045 945.6117153167725 779.4179677963257
v -345.80961763858795 967.9458260536194 785.0132703781128
v -263.4288400411606 985.9610438346863 789.8447871208191
v -179.5575588941574 999.1724252700806 793.539422750473
v -94.65009346604347 1007.1669101715088 795.7768678665161
v -9.219569619745016 1009.6351861953735 796.3056921958923
v 76.20831057429314 1007.1069359779358 795.7131385803223
v 161.22959554195404 1000.4223346710205 794.874519109726
v 245.51710188388824 989.9061441421509 794.1001117229462
v 328.80629003047943 975.934624671936 793.7522828578949
v 410.8955383300781 958.8787794113159 794.1982805728912
v 491.6337847709656 939.0474915504456 795.7621157169342
v 570.898962020874 916.6486859321594 798.6869037151337
v 648.5664546489716 891.7562305927277 803.0953824520111
v 724.4760811328888 864.3037140369415 808.967649936676
v 798.4008193016052 834.0907216072083 816.1227643489838
v 870.0140297412872 800.8159339427948 824.218475818634
v 938.8794779777527 764.1250312328339 832.7668905258179
v 1004.4471502304077 723.6710965633392 841.163170337677
v 1066.0683274269104 679.1811883449554 848.7298429012299
v 1123.0307221412659 630.5171728134155 854.7702848911285
v 1174.6041297912598 577.7277052402496 858.6318075656891
v 1220.0995445251465 521.0777878761292 859.768956899643
v 1258.9332103729248 461.050808429718 857.8022003173828
v 1290.6869173049927 398.32464158535004 852.5701224803925
v 1315.155529975891 333.7212234735489 844.1626846790314
v 1332.379925251007 268.1320399045944 832.9393029212952
v 1342.656970024109 202.42962688207626 819.5259511470795
v 1346.522569656372 137.37878948450089 804.7891438007355
v 1344.709074497223 73.5467679798603 789.7861003875732
v 1260.9214782714844 11.243770737200975 836.1405193805695
v 1251.2744307518005 -46.23911418020725 823.8273024559021
v 1237.3504400253296 -102.32982113957405 812.6263439655304
v 1219.3665504455566 -157.0202574133873 802.7523279190063
v 1197.4810123443604 -210.33334583044052 794.3207502365112
v 1171.7965006828308 -262.296786904335 787.3556435108185
v 1142.3743844032288 -312.92358934879303 781.8088889122009
v 1109.2462062835693 -362.19711005687714 777.5741100311279
v 1072.4268794059753 -410.06182730197906 774.5005130767822
v 1031.9284200668335 -456.4196527004242 772.4086046218872
v 987.770676612854 -501.1294484138489 771.099203824997
v 939.9898052215576 -544.00874376297 770.3603625297546
v 888.6461555957794 -584.8368465900421 769.972836971283
v 833.8284015655518 -623.3594298362732 769.7113752365112
v 775.6604075431824 -659.2947542667389 769.3497598171234
v 714.3035888671875 -692.3404812812805 768.6616122722626
v 649.9625980854034 -722.1857964992523 767.4291908740997
v 582.8875243663788 -748.5262155532837 765.4520809650421
v 513.3744299411774 -771.0776388645172 762.5547587871552
v 441.76484048366547 -789.5990967750549 758.6030602455139
v 368.4395760297775 -803.9123833179474 753.5162508487701
v 293.8112407922745 -813.9226019382477 747.2826898097992
v 218.3098465204239 -819.6347951889038 739.9699151515961
v 142.3683151602745 -821.1735248565674 731.7446529865265
v 66.40082001686096 -818.7896847724915 722.8797376155853
v -9.219638351351023 -812.8670454025269 713.7678444385529
v -84.17774364352226 -803.7530601024628 704.729551076889
v -158.18939208984375 -791.564404964447 695.7918405532837
v -230.98105788230896 -776.4386773109436 686.994194984436
v -302.293136715889 -758.5211992263794 678.37695479393
v -371.88082337379456 -737.9701673984528 669.9890434741974
v -439.5188122987747 -714.963036775589 661.8998229503632
v -505.006206035614 -689.6929800510406 654.2001664638519
v -568.1714773178101 -662.3694241046906 647.0105588436127
v -628.877055644989 -633.2125246524811 640.4829204082489
v -687.0238602161407 -602.4452269077301 634.8017334938049
v -742.5519704818726 -570.2794790267944 630.1766395568848
v -795.4373002052307 -536.9049668312073 626.8384695053101
v -845.6890761852264 -502.4726986885071 625.0268518924713
v -893.3365881443024 -467.0813262462616 624.9740123748779
v -938.4178161621094 -430.766898393631 626.8896460533142
v -980.9622645378113 -393.4966653585434 630.9414446353912
v -1020.9713816642761 -355.169078707695 637.2350335121155
v -1058.4011793136597 -315.6216770410538 645.7961082458496
v -1093.1429743766785 -274.64819848537445 656.5540194511414
v -1125.0097632408142 -232.02084302902222 669.3270742893219
v -1153.729248046875 -187.52184212207794 683.8204979896545
v -1178.9408326148987 -140.9786894917488 699.6207475662231
v -1200.2077460289001 -92.29888916015625 716.2112832069397
v -1217.0298099517822 -41.50393903255463 732.980614900589
v -1228.8726210594177 11.243845336139202 749.2521822452545
v -1235.1915836334229 65.62397852540016 764.2983555793762
v -1235.5597972869873 121.16636484861374 777.5347352027893
v -1229.7271728515625 177.30617970228195 788.5985255241394
v -1217.5987601280212 233.43675434589386 797.3033666610718
v -1199.2348551750183 288.96178007125854 803.6404609680176
v -1174.8324394226074 343.34037601947784 807.757169008255
v -1144.6999669075012 396.12238705158234 809.9354982376099
v -1109.2271089553833 446.9695597887039 810.5598628520966
v -1068.848168849945 495.66155076026917 810.0770115852356
v -1024.006462097168 542.089033126831 808.9575111865997
v -975.1274943351746 586.2309515476227 807.6571762561798
v -922.5924611091614 628.1279146671295 806.5831124782562
v -866.7283773422241 667.8462266921997 806.0667872428894
v -807.8019618988037 705.4445743560791 806.3450932502747
v -746.0252165794373 740.9441471099854 807.5503706932068
v -681.565511226654 774.3065357208252 809.7092807292938
v -614.5662367343903 805.4182291030884 812.7485454082489
v -545.1620399951935 834.0899169445038 816.5090560913086
v -473.49985241889954 860.0614249706268 820.7621276378632
v -399.755921959877 883.0161988735199 825.2307415008545
v -324.1474002599716 902.6034593582153 829.6108961105347
v -246.94242775440216 918.4622883796692 833.5932791233063
v -168.46406310796738 930.2484512329102 836.8837594985962
v -89.08486515283585 937.662398815155 839.2223238945007
v -9.219570457935333 940.4713153839111 840.3998136520386
v 70.71559578180313 939.2490863800049 841.1375820636749
v 150.41951537132263 934.7040295600891 842.2938823699951
v 229.6343743801117 926.9279837608337 843.9759492874146
v 308.1263244152069 916.0576343536377 846.3446617126465
v 385.6878697872162 902.2344946861267 849.5739877223969
v 462.1305584907532 885.568642616272 853.8112342357635
v 537.2715711593628 866.1125421524048 859.1438949108124
v 610.913872718811 843.8408195972443 865.569394826889
v 682.824432849884 818.6481177806854 872.9754567146301
v 752.7160406112671 790.3559625148773 881.1279237270355
v 820.2275633811951 758.7421596050262 889.6749436855316
v 884.9207282066345 723.5715329647064 898.1579661369324
v 946.281623840332 684.64275598526 906.0396909713745
v 1003.737223148346 641.8341100215912 912.7427458763123
v 1056.6838145256042 595.1433956623077 917.6939964294434
v 1104.523479938507 544.7211921215057 920.3765273094177
v 1146.7078685760498 490.886253118515 920.379638671875
v 1182.7860474586487 434.12062525749207 917.4457311630249
v 1212.4469876289368 375.0449985265732 911.5097880363464
v 1235.5507850646973 314.37715888023376 902.72136926651
v 1252.151620388031 252.87367701530457 891.4589881896973
v 1262.497329711914 191.26093536615372 878.3170759677887
v 1267.0143842697144 130.17068803310394 864.0826463699341
v 1266.269588470459 70.0742594897747 849.6845483779907
v 1177.5341749191284 11.243770737200975 893.0360734462738
v 1169.1163301467896 -42.661694437265396 881.1171412467957
v 1156.5917015075684 -95.35377100110054 870.1757669448853
v 1140.1170372962952 -146.78392857313156 860.3568971157074
v 1119.8136806488037 -196.9226360321045 851.7286062240601
v 1095.7705736160278 -245.74243426322937 844.2908406257629
v 1068.052625656128 -293.2046055793762 837.987756729126
v 1036.7105841636658 -339.249712228775 832.7194154262543
v 1001.7882227897644 -383.7919771671295 828.3533692359924
v 963.3329629898071 -426.71662867069244 824.734103679657
v 921.4014530181885 -467.87922978401184 821.6895282268524
v 876.0664343833923 -507.10803866386414 819.0377354621887
v 827.4217844009399 -544.2052960395813 816.589093208313
v 775.5861103534698 -578.9519190788269 814.1498923301697
v 720.7073092460632 -611.1129999160767 811.5270137786865
v 662.9648745059967 -640.4433310031891 808.5290014743805
v 602.5731682777405 -666.6978120803833 804.975289106369
v 539.7828698158264 -689.6436810493469 800.7041394710541
v 474.8810291290283 -709.073281288147 795.582515001297
v 408.1884115934372 -724.8192429542542 789.5161628723145
v 340.05544781684875 -736.7755115032196 782.4694633483887
v 270.8534359931946 -744.9093103408813 774.4736909866333
v 200.9622573852539 -749.2744982242584 765.6379044055939
v 130.75814545154572 -750.0309884548187 756.1726033687592
v 60.593944787979126 -747.4429249763489 746.3897287845612
v -9.219634160399437 -741.8831884860992 736.7147862911224
v -78.42207849025726 -733.5690379142761 727.3389101028442
v -146.76485806703568 -722.5212335586548 718.1728899478912
v -214.0106812119484 -708.9033901691437 709.3143582344055
v -279.94065284729004 -692.876011133194 700.8526861667633
v -344.352588057518 -674.5964348316193 692.8721487522125
v -407.0626348257065 -654.2254328727722 685.465282201767
v -467.90674924850464 -631.9206655025482 678.7288069725037
v -526.740950345993 -607.8374326229095 672.7697968482971
v -583.4444582462311 -582.1296393871307 667.7121698856354
v -637.9191040992737 -554.9406230449677 663.6918604373932
v -690.0903761386871 -526.4002025127411 660.8570873737335
v -739.9032890796661 -496.6175436973572 659.3644917011261
v -787.3214185237885 -465.6733810901642 659.3718409538269
v -832.3180496692657 -433.6134999990463 661.0279440879822
v -874.8687207698822 -400.443559885025 664.46213722229
v -914.940869808197 -366.12729728221893 669.7707653045654
v -952.4823546409607 -330.5875450372696 677.003824710846
v -987.4096512794495 -293.7124013900757 686.1511766910553
v -1019.5960521697998 -255.36746084690094 697.1302092075348
v -1048.86474609375 -215.41130393743515 709.777843952179
v -1074.9833464622498 -173.71549308300018 723.8440454006195
v -1097.6629257202148 -130.18962442874908 738.9928936958313
v -1116.566276550293 -84.80262458324432 754.8065006732941
v -1131.3161730766296 -37.60695420205593 770.7960605621338
v -1141.5151119232178 11.2438403069973 786.4198207855225
v -1146.7820048332214 61.48465946316719 801.134204864502
v -1146.8070030212402 112.74767518043518 814.4812524318695
v -1141.374671459198 164.5891159772873 826.1126518249512
v -1130.3778290748596 216.52179211378098 835.8109831809998
v -1113.8224840164185 268.05047392845154 843.493902683258
v -1091.8201088905334 318.70589554309845 849.2070615291595
v -1064.5732641220093 368.0720865726471 853.1088173389435
v -1032.3562860488892 415.8051073551178 855.4505467414856
v -995.4928636550903 461.6431474685669 856.5483748912811
v -954.3309330940247 505.40708899497986 856.7557632923126
v -909.2239022254944 546.9900190830231 856.4348638057709
v -860.50865650177 586.3432824611664 855.9283018112183
v -808.4964394569397 623.4543263912201 855.5369675159454
v -753.46400141716 658.3250284194946 855.5017232894897
v -695.654296875 690.9498631954193 855.9919238090515
v -635.278308391571 721.2997019290924 857.0998907089233
v -572.5278675556183 749.3063628673553 858.8412344455719
v -507.58219957351685 774.8591244220734 861.1611843109131
v -440.6223267316818 797.8036522865295 863.9451026916504
v -371.84217274188995 817.9474174976349 867.0314133167267
v -301.4560729265213 835.0730001926422 870.2276408672333
v -229.70826923847198 848.9510715007782 873.3276307582855
v -156.87622278928757 859.3580961227417 876.126354932785
v -83.26825350522995 866.0946786403656 878.4368634223938
v -9.219572134315968 869.0013349056244 880.1040709018707
v 64.94114175438881 868.63853931427 881.930011510849
v 138.98838311433792 865.5860781669617 884.7291648387909
v 212.71686404943466 859.7887516021729 888.4479939937592
v 285.9196186065674 851.2233853340149 893.07861328125
v 358.3905190229416 839.8759245872498 898.6294448375702
v 429.92092967033386 825.7204592227936 905.0930857658386
v 500.2917408943176 808.7033987045288 912.4212026596069
v 569.2627608776093 788.7356400489807 920.504093170166
v 636.5594923496246 765.6914949417114 929.152500629425
v 701.8652200698853 739.4183456897736 938.0949854850769
v 764.809262752533 709.7570836544037 946.9792127609253
v 824.9705672264099 676.5660345554352 955.3854703903198
v 881.8820536136627 639.7514820098877 962.8499507904053
v 935.0452065467834 599.297708272934 968.8942551612854
v 983.9544296264648 555.2917778491974 973.0633735656738
v 1028.1233310699463 507.9423666000366 974.9639868736267
v 1067.1165347099304 457.5853943824768 974.302875995636
v 1100.5843877792358 404.67549562454224 970.922327041626
v 1128.2909631729126 349.763622879982 964.8270606994629
v 1150.1338005065918 293.46376061439514 956.1982870101929
v 1166.1563515663147 236.40837371349335 945.3993916511536
v 1176.5452980995178 179.1981428861618 932.9604864120483
v 1181.6178917884827 122.3577082157135 919.560706615448
v 1181.788694858551 66.28806665539742 905.9754252433777
v 1087.9194259643555 11.243770737200975 945.0077891349792
v 1080.58100938797 -38.72476816177368 933.4314823150635
v 1069.3225979804993 -87.62936443090439 922.6209998130798
v 1054.266607761383 -135.38639098405838 912.6803040504456
v 1035.5154991149902 -181.92607015371323 903.655743598938
v 1013.1542444229126 -227.18066275119781 895.5392181873322
v 987.2568726539612 -271.0765153169632 888.281911611557
v 957.8916192054749 -313.52746188640594 881.8006217479706
v 925.1257538795471 -354.43063974380493 875.9846270084381
v 889.0332520008087 -393.6655104160309 870.7060396671295
v 849.6981203556061 -431.0928404331207 865.8228099346161
v 807.2187423706055 -466.5567398071289 861.183500289917
v 761.7124915122986 -499.88645911216736 856.6328644752502
v 713.3174479007721 -530.8999300003052 852.0121693611145
v 662.1955096721649 -559.4078958034515 847.1647202968597
v 608.5345387458801 -585.2203488349915 841.9401526451111
v 552.5497555732727 -608.1540405750275 836.2006545066833
v 494.4844901561737 -628.0427277088165 829.8304617404938
v 434.6080631017685 -644.745808839798 822.7417051792145
v 373.214927315712 -658.1628084182739 814.8883581161499
v 310.6179356575012 -668.2439982891083 806.2759459018707
v 247.14311063289642 -675.0051498413086 796.9781756401062
v 183.11742693185806 -678.5332202911377 787.1411204338074
v 118.8590481877327 -678.9970815181732 776.9984006881714
v 54.661884158849716 -676.6500949859619 766.8797671794891
v -9.219630807638168 -671.8277513980865 757.2152316570282
v -72.57190570235252 -664.6356225013733 748.0612814426422
v -135.17817109823227 -655.0204932689667 739.2196476459503
v -196.83043509721756 -643.1390583515167 730.8143019676208
v -257.3391526937485 -629.1411995887756 722.9569315910339
v -316.53083860874176 -613.169127702713 715.7508015632629
v -374.2475241422653 -595.3567922115326 709.2930614948273
v -430.3464084863663 -575.8283793926239 703.6764085292816
v -484.6992552280426 -554.6993851661682 698.9949345588684
v -537.1922850608826 -532.0748448371887 695.344340801239
v -587.725156545639 -508.0475628376007 692.822527885437
v -636.2113952636719 -482.69532322883606 691.5294349193573
v -682.5741827487946 -456.0799241065979 691.565591096878
v -726.7465174198151 -428.24248373508453 693.0272877216339
v -768.6652600765228 -399.20169711112976 696.001535654068
v -808.2666277885437 -368.95195841789246 700.5579113960266
v -845.4799175262451 -337.46295869350433 706.740403175354
v -880.2212297916412 -304.6828508377075 714.5593106746674
v -912.3864412307739 -270.5417901277542 723.9811599254608
v -941.8435335159302 -234.96062457561493 734.9174380302429
v -968.4303402900696 -197.8622004389763 747.2255051136017
v -991.9496655464172 -159.18277502059937 760.6959342956543
v -1012.17041015625 -118.8896119594574 775.0561594963074
v -1028.833258152008 -76.99447944760323 789.976966381073
v -1041.6550755500793 -33.56885835528374 805.071634054184
v -1050.3427505493164 11.243833601474762 819.9143350124359
v -1054.6238780021667 57.222139835357666 834.0907216072083
v -1054.2725086212158 104.07298877835274 847.2389101982117
v -1049.1165518760681 151.4454871416092 859.0514659881592
v -1039.0574097633362 198.94955456256866 869.3087160587311
v -1024.078345298767 246.18017077445984 877.893340587616
v -1004.239010810852 292.73988604545593 884.7821652889252
v -979.669976234436 338.2597357034683 890.0418162345886
v -950.5640387535095 382.41498470306396 893.820995092392
v -917.1590566635132 424.93464946746826 896.3259637355804
v -879.7242164611816 465.60723781585693 897.8077232837677
v -838.5459780693054 504.27573323249817 898.5372841358185
v -793.9121961593628 540.8342957496643 898.7885534763336
v -746.1037516593933 575.2137780189514 898.8171458244324
v -695.3865051269531 607.3698699474335 898.8474547863007
v -642.0081317424774 637.2688293457031 899.0595638751984
v -586.1966729164124 664.8756265640259 899.5829701423645
v -528.167188167572 690.1421427726746 900.493311882019
v -468.1229889392853 713.0019664764404 901.8137097358704
v -406.26403391361237 733.3666384220123 903.519594669342
v -342.7938222885132 751.1269927024841 905.5464863777161
v -277.9235512018204 766.1584138870239 907.7999711036682
v -211.87907606363297 778.3266842365265 910.1667523384094
v -144.90414261817932 787.4986588954926 912.5265598297119
v -77.25912630558014 793.5518145561218 914.7624492645264
v -9.219572972506285 796.3842272758484 916.7721748352051
v 58.94999876618385 796.504282951355 919.386899471283
v 127.07360833883286 794.3751454353333 923.3615040779114
v 194.9814274907112 789.8669421672821 928.5321593284607
v 262.4877870082855 782.8689515590668 934.7697973251343
v 329.39299643039703 773.2789814472198 941.9570446014404
v 395.4822778701782 760.9938204288483 949.9693393707275
v 460.5220377445221 745.9036588668823 958.6566925048828
v 524.2543280124664 727.8883874416351 967.8284525871277
v 586.3916158676147 706.8222105503082 977.2447228431702
v 646.6140747070312 682.5813710689545 986.6149663925171
v 704.5642733573914 655.0591170787811 995.6004738807678
v 759.8542034626007 624.1820633411407 1003.8271307945251
v 812.0706975460052 589.9299323558807 1010.9034419059753
v 860.788357257843 552.3537933826447 1016.4446711540222
v 905.5881142616272 511.58974170684814 1020.099663734436
v 946.0759520530701 467.8671598434448 1021.5784192085266
v 981.9057583808899 421.51056826114655 1020.6820249557495
v 1012.8021240234375 372.92768955230713 1017.3235774040222
v 1038.5786890983582 322.5922554731369 1011.5489959716797
v 1059.14865732193 271.0174798965454 1003.5391688346863
v 1074.5332717895508 218.72505247592926 993.6158537864685
v 1084.85666513443 166.2097066640854 982.2253704071045
v 1090.3322339057922 113.90841454267502 969.912314414978
v 1091.2450432777405 62.17064782977104 957.2932720184326
v 992.2627329826355 11.243770737200975 990.543007850647
v 985.9104037284851 -34.433599188923836 979.3159246444702
v 975.8643507957458 -79.18155938386917 968.6026453971863
v 962.2254252433777 -122.89030104875565 958.4863185882568
v 945.0857877731323 -165.46147763729095 949.0043878555298
v 924.5311617851257 -206.8011313676834 940.1568531990051
v 900.6428718566895 -246.81376218795776 931.9082021713257
v 873.5031008720398 -285.398331284523 924.1976022720337
v 843.1962847709656 -322.4457263946533 916.9421195983887
v 809.8145306110382 -357.83744752407074 910.0435853004456
v 773.4599769115448 -391.44558012485504 903.3927798271179
v 734.2476904392242 -423.13418984413147 896.872866153717
v 692.3084020614624 -452.76079773902893 890.3644323348999
v 647.7900087833405 -480.1797866821289 883.747798204422
v 600.8593440055847 -505.24540543556213 876.9063413143158
v 551.7033576965332 -527.8174817562103 869.7334170341492
v 500.5297064781189 -547.7669477462769 862.1366500854492
v 447.565895318985 -564.9836182594299 854.045820236206
v 393.05801689624786 -579.382735490799 845.41956782341
v 337.26823031902313 -590.9146785736084 836.2559080123901
v 280.4693430662155 -599.5726883411407 826.5998482704163
v 222.94007688760757 -605.4013967514038 816.5561020374298
v 164.95539844036102 -608.5011720657349 806.2927901744843
v 106.77902922034264 -609.0328395366669 796.0519552230835
v 48.65177124738693 -607.2191834449768 786.1568570137024
v -9.219626616686583 -603.3409237861633 777.0142257213593
v -66.65913686156273 -597.4149584770203 768.5499250888824
v -123.47696721553802 -589.3402755260468 760.4763150215149
v -179.4887199997902 -579.2502343654633 752.9205858707428
v -234.52610671520233 -567.2712206840515 745.9981799125671
v -288.4344846010208 -553.5208225250244 739.812844991684
v -341.071817278862 -538.1068646907806 734.459263086319
v -392.30766892433167 -521.1252629756927 730.021333694458
v -442.0217424631119 -502.66104340553284 726.5774846076965
v -490.1032626628876 -482.78802037239075 724.2015302181244
v -536.449259519577 -461.5675628185272 722.9622423648834
v -580.965131521225 -439.04899656772614 722.9251742362976
v -623.560220003128 -415.26863873004913 724.1508364677429
v -664.1497135162354 -390.248966217041 726.6930341720581
v -702.6492834091187 -363.9987498521805 730.5955410003662
v -738.9730989933014 -336.5125983953476 735.8875393867493
v -773.0305016040802 -307.77197778224945 742.5775051116943
v -804.7223031520844 -277.74821519851685 750.6496667861938
v -833.9367091655731 -246.4048594236374 760.0553154945374
v -860.5457246303558 -213.70470821857452 770.7085132598877
v -884.403383731842 -179.6161249279976 782.4821770191193
v -905.3441405296326 -144.12089735269547 795.2035188674927
v -923.1840491294861 -107.22601264715195 808.6564064025879
v -937.7224802970886 -68.97030919790268 822.5783586502075
v -948.7487196922302 -29.43626493215561 836.671382188797
v -956.0482978820801 11.243827734142542 850.6051898002625
v -959.4190835952759 52.882955968379974 864.0463829040527
v -958.6934924125671 95.2424593269825 876.7004549503326
v -953.7440657615662 138.04156333208084 888.3147954940796
v -944.4941997528076 180.96878975629807 898.6968755722046
v -930.920934677124 223.69590997695923 907.7176809310913
v -913.0588173866272 265.8944070339203 915.3209924697876
v -890.9949123859406 307.249054312706 921.5168952941895
v -864.8651003837585 347.46974408626556 926.3787746429443
v -834.8450124263763 386.30043268203735 930.0317287445068
v -801.1405885219574 423.52539002895355 932.6415181159973
v -763.9804065227509 458.9687705039978 934.4020128250122
v -723.6030220985413 492.494398355484 935.5186700820923
v -680.2516043186188 523.9996254444122 936.1972689628601
v -634.1666400432587 553.4082770347595 936.630392074585
v -585.5821251869202 580.6625247001648 936.9885206222534
v -534.7217559814453 605.7158589363098 937.4127388000488
v -481.802898645401 628.5231649875641 938.0095839500427
v -427.0336389541626 649.037504196167 938.8499736785889
v -370.61849534511566 667.2049641609192 939.9702787399292
v -312.7608060836792 682.9637467861176 941.3756489753723
v -253.66482138633728 696.2447047233582 943.0449485778809
v -193.5407057404518 706.9737553596497 944.9375152587891
v -132.60673731565475 715.0759041309357 946.9997048377991
v -71.08865082263947 720.4798579216003 949.1725087165833
v -9.219574648886919 723.1229066848755 951.3964891433716
v 52.77975797653198 723.4373688697815 954.4837117195129
v 114.761383831501 721.7853963375092 959.1209292411804
v 176.57661885023117 718.0167853832245 965.0869131088257
v 238.05549144744873 711.98970079422 972.1802830696106
v 299.00823533535004 703.5692274570465 980.2077054977417
v 359.2246323823929 692.6239907741547 988.9702677726746
v 418.4735298156738 679.0276050567627 998.2557535171509
v 476.50054693222046 662.658941745758 1007.8279137611389
v 533.0266535282135 643.4076547622681 1017.4238920211792
v 587.749993801117 621.1812615394592 1026.7545461654663
v 640.3434455394745 595.9152817726135 1035.5076670646667
v 690.4632031917572 567.5843417644501 1043.3595657348633
v 737.7539277076721 536.21386885643 1049.9878406524658
v 781.8594753742218 501.890230178833 1055.0889730453491
v 822.4363625049591 464.7667407989502 1058.39763879776
v 859.1669619083405 425.0672847032547 1059.7054839134216
v 891.7740941047668 383.08408856391907 1058.8793635368347
v 920.0366377830505 339.1673147678375 1055.8766841888428
v 943.7998294830322 293.7113285064697 1050.7550597190857
v 962.9818081855774 247.13632464408875 1043.674349784851
v 977.5766730308533 199.86645430326462 1034.8939776420593
v 987.6504063606262 152.30607390403748 1024.759304523468
v 993.332827091217 104.82155308127403 1013.6854290962219
v 994.8012828826904 57.72012546658516 1002.1255373954773
v 891.0008668899536 11.243770737200975 1028.1981110572815
v 885.5826437473297 -29.81380596756935 1017.3993229866028
v 876.7478227615356 -70.07151693105698 1006.8570613861084
v 864.582771062851 -109.40430834889412 996.6471791267395
v 849.1712808609009 -147.69730120897293 986.8063688278198
v 830.5980563163757 -184.8418191075325 977.3453593254089
v 808.9495182037354 -220.73206901550293 968.2502031326294
v 784.3141257762909 -255.26137948036194 959.4823837280273
v 756.7869901657104 -288.32207322120667 950.9898662567139
v 726.4697670936584 -319.8032408952713 942.7057027816772
v 693.474143743515 -349.591800570488 934.5552206039429
v 657.9226970672607 -377.57338285446167 926.4592409133911
v 619.9504494667053 -403.6328673362732 918.3349370956421
v 579.7061562538147 -427.6581645011902 910.102915763855
v 537.3530030250549 -449.5417445898056 901.688289642334
v 493.0690348148346 -469.185733795166 893.0278122425079
v 447.04659283161163 -486.504328250885 884.0715408325195
v 399.49180483818054 -501.4313578605652 874.7926533222198
v 350.62260031700134 -513.9229416847229 865.1908814907074
v 300.66594779491425 -523.9637911319733 855.2986800670624
v 249.85418021678925 -531.573486328125 845.1927065849304
v 198.42011332511902 -536.8080854415894 834.993714094162
v 146.5908631682396 -539.7655427455902 824.8779773712158
v 94.58186477422714 -540.5850648880005 815.0787949562073
v 42.58883558213711 -539.4467890262604 805.8906197547913
v -9.219622425734997 -536.5664720535278 797.6684153079987
v -60.695841908454895 -531.9051146507263 790.2368724346161
v -111.67271286249161 -525.3360629081726 783.2387208938599
v -161.98546886444092 -516.9647812843323 776.7935872077942
v -211.482135951519 -506.89018964767456 771.0074186325073
v -260.0216031074524 -495.20450234413147 765.9760773181915
v -307.4722945690155 -481.990385055542 761.7823898792267
v -353.711673617363 -467.3215448856354 758.5004925727844
v -398.62435162067413 -451.261442899704 756.1941683292389
v -442.1012431383133 -433.86404514312744 754.919958114624
v -484.03868079185486 -415.1733934879303 754.7261416912079
v -524.3375837802887 -395.2241688966751 755.6549370288849
v -562.9011511802673 -374.04212057590485 757.7403545379639
v -599.635773897171 -351.64398550987244 761.0093772411346
v -634.4475209712982 -328.0381590127945 765.4772400856018
v -667.2412276268005 -303.225713968277 771.1471080780029
v -697.9189932346344 -277.2021174430847 778.0075013637543
v -726.3777136802673 -249.95833039283752 786.0260725021362
v -752.5073647499084 -221.48418724536896 795.1471924781799
v -776.1896073818207 -191.77315682172775 805.2912533283234
v -797.2958564758301 -160.82501113414764 816.3453876972198
v -815.6895875930786 -128.65285277366638 828.1709790229797
v -831.2232255935669 -95.28839886188507 840.5930936336517
v -843.7431335449219 -60.78739911317825 853.4075081348419
v -853.0936896800995 -25.236448645591736 866.3878440856934
v -859.1180920600891 11.243822705000639 879.2786478996277
v -861.6630792617798 48.49429540336132 891.7978048324585
v -860.6031239032745 86.31762340664864 903.6984443664551
v -855.8493912220001 124.48687255382538 914.7842288017273
v -847.349363565445 162.75327801704407 924.9021649360657
v -835.0868403911591 200.8541375398636 933.9369177818298
v -819.0847814083099 238.5228395462036 941.8201446533203
v -799.4063258171082 275.4990220069885 948.5356450080872
v -776.1497497558594 311.53500974178314 954.1089534759521
v -749.4466423988342 346.4045315980911 958.6099147796631
v -719.4546103477478 379.9069583415985 962.1415257453918
v -686.3530397415161 411.86880469322205 964.8330688476562
v -650.335693359375 442.14654564857483 966.8319582939148
v -611.6056680679321 470.62286138534546 968.2934403419495
v -570.3706204891205 497.2043037414551 969.3714737892151
v -526.8389582633972 521.8169510364532 970.2128291130066
v -481.2159776687622 544.4021701812744 970.9493637084961
v -433.70549976825714 564.9103939533234 971.6939449310303
v -384.5062494277954 583.2984387874603 972.5372314453125
v -333.8142693042755 599.5253205299377 973.5470294952393
v -281.8238854408264 613.5501623153687 974.7685074806213
v -228.7278413772583 625.331175327301 976.2256979942322
v -174.72046315670013 634.825336933136 977.9246091842651
v -119.9993759393692 641.9890344142914 979.8562288284302
v -64.76467922329903 646.7804253101349 981.9997429847717
v -9.219575487077236 649.1601884365082 984.3266129493713
v 46.444108709692955 649.4730412960052 987.5886082649231
v 102.0918421447277 647.9960024356842 992.3986673355103
v 157.58598893880844 644.5926547050476 998.5230088233948
v 212.7685770392418 639.1289949417114 1005.7355761528015
v 267.4616754055023 631.4750969409943 1013.8114929199219
v 321.46792709827423 621.5076327323914 1022.5236296653748
v 374.5703548192978 609.1120183467865 1031.635844707489
v 426.53292417526245 594.1863298416138 1040.900731086731
v 477.1007180213928 576.6461849212646 1050.0592947006226
v 526.0036110877991 556.4305365085602 1058.8431000709534
v 572.955572605133 533.5089147090912 1066.9773817062378
v 617.6627397537231 507.8875958919525 1074.190592765808
v 659.8283529281616 479.61689829826355 1080.2234172821045
v 699.1598904132843 448.7958490848541 1084.84046459198
v 735.3796899318695 415.57395458221436 1087.8434658050537
v 768.2326197624207 380.1524877548218 1089.08189535141
v 797.4959492683411 342.7805185317993 1088.4655237197876
v 822.9888439178467 303.7474036216736 1085.972249507904
v 844.5781052112579 263.37152123451233 1081.6505670547485
v 862.1824622154236 221.98986411094666 1075.624179840088
v 875.7721424102783 179.941825568676 1068.0805206298828
v 885.3683888912201 137.5558152794838 1059.2676401138306
v 891.0356819629669 95.13752460479736 1049.4758605957031
v 892.8720831871033 52.95641832053661 1039.0140652656555
v 784.8425209522247 11.243770737200975 1056.8295121192932
v 780.3273439407349 -24.912893772125244 1046.6057896614075
v 772.7290749549866 -60.39967238903046 1036.415433883667
v 762.1186316013336 -95.087119191885 1026.3221740722656
v 748.5727250576019 -128.85568141937256 1016.371500492096
v 732.1705877780914 -161.5923911333084 1006.5833687782288
v 712.9972994327545 -193.1899532675743 996.9628214836121
v 691.1422848701477 -223.54390919208527 987.495481967926
v 666.7021572589874 -252.5529384613037 978.157103061676
v 639.7810935974121 -280.1177591085434 968.9143180847168
v 610.4908883571625 -306.14119470119476 959.7251772880554
v 578.9532601833344 -330.5293679237366 950.5460143089294
v 545.2993154525757 -353.1921297311783 941.3319826126099
v 509.6705675125122 -374.0452855825424 932.0407032966614
v 472.21909761428833 -393.01255345344543 922.6372003555298
v 433.1072062253952 -410.0280851125717 913.097333908081
v 392.50687658786774 -425.03858506679535 903.4089803695679
v 350.59837996959686 -438.0074679851532 893.5802936553955
v 307.5688272714615 -448.9169239997864 883.6417436599731
v 263.6101305484772 -457.77164697647095 873.6530900001526
v 218.91512721776962 -464.60028290748596 863.703864812851
v 173.67521971464157 -469.4586753845215 853.9222776889801
v 128.07518541812897 -472.42879271507263 844.4735527038574
v 82.28979036211967 -473.620069026947 835.5664193630219
v 36.47833429276943 -473.1657028198242 827.4499475955963
v -9.219618234783411 -471.219277381897 820.4141914844513
v -54.677337035536766 -467.7127182483673 814.2132997512817
v -99.74743723869324 -462.5189423561096 808.4589421749115
v -144.2825809121132 -455.7149291038513 803.252238035202
v -188.14508020877838 -447.3736882209778 798.6836314201355
v -231.2050759792328 -437.5635623931885 794.833642244339
v -273.3399510383606 -426.34669840335846 791.7728662490845
v -314.4338071346283 -413.77880573272705 789.56218957901
v -354.376083612442 -399.9084323644638 788.2530033588409
v -393.0607259273529 -384.77715253829956 787.8879547119141
v -430.38532733917236 -368.41986179351807 788.5013222694397
v -466.25128984451294 -350.8652061223984 790.1200354099274
v -500.56076645851135 -332.1358233690262 792.7613139152527
v -533.2188069820404 -312.2494161128998 796.4358329772949
v -564.129763841629 -291.21885895729065 801.1418223381042
v -593.1985259056091 -269.05466616153717 806.8699479103088
v -620.3281581401825 -245.76475024223328 813.5958015918732
v -645.4194188117981 -221.35678231716156 821.2800621986389
v -668.3708667755127 -195.84061950445175 829.8689782619476
v -689.0763938426971 -169.23049092292786 839.2875015735626
v -707.426244020462 -141.5479078888893 849.4399309158325
v -723.3088374137878 -112.82548606395721 860.214900970459
v -736.6077125072479 -83.11007022857666 871.4736342430115
v -747.2071588039398 -52.465979754924774 883.0627083778381
v -754.991090297699 -20.978406630456448 894.8049902915955
v -759.8492681980133 11.243815999478102 906.515622138977
v -761.663568019867 44.065750390291214 917.9434418678284
v -760.33855676651 77.32330486178398 928.869903087616
v -755.8194100856781 110.83302721381187 939.1616463661194
v -748.0727076530457 144.39650774002075 948.6994743347168
v -737.0927095413208 177.8058886528015 957.3957324028015
v -722.8999614715576 210.84914803504944 965.1877641677856
v -705.5435478687286 243.31704676151276 972.0508933067322
v -685.0981414318085 275.00662207603455 977.9868364334106
v -661.6636276245117 305.72695434093475 983.0284237861633
v -635.3610813617706 335.3039413690567 987.2368097305298
v -606.3307285308838 363.58037889003754 990.6936407089233
v -574.7260451316833 390.4199033975601 993.4971928596497
v -540.7127380371094 415.7057046890259 995.7584023475647
v -504.46316599845886 439.33929204940796 997.5912094116211
v -466.154944896698 461.23926043510437 999.1110563278198
v -425.96665620803833 481.3388764858246 1000.4268407821655
v -384.07932221889496 499.58240389823914 1001.6397356987
v -340.6722217798233 515.923547744751 1002.8382539749146
v -295.92401683330536 530.3222894668579 1004.0964245796204
v -250.01283288002014 542.7430629730225 1005.4734706878662
v -203.11513245105743 553.1531989574432 1007.0125222206116
v -155.40806204080582 561.5216374397278 1008.7419033050537
v -107.07016959786415 567.818820476532 1010.6752395629883
v -58.2805797457695 572.0160484313965 1012.8129601478577
v -9.21957716345787 574.0867674350739 1015.1434779167175
v 39.94144834578037 574.2873966693878 1018.3264017105103
v 89.07390162348747 572.8228569030762 1022.8945255279541
v 138.04637789726257 569.5878982543945 1028.6356329917908
v 186.7112249135971 564.4771099090576 1035.3357911109924
v 234.90456640720367 557.3879778385162 1042.7781701087952
v 282.4467748403549 548.2244253158569 1050.7421851158142
v 329.14306819438934 536.9003534317017 1059.002423286438
v 374.78442192077637 523.3433961868286 1067.3290729522705
v 419.1489636898041 507.49958753585815 1075.4892110824585
v 462.00578212738037 489.33695554733276 1083.2499146461487
v 503.11439037323 468.8511550426483 1090.3812646865845
v 542.2327995300293 446.0684448480606 1096.6646075248718
v 579.1191816329956 421.049228310585 1101.8951296806335
v 613.5391652584076 393.8912183046341 1105.8936595916748
v 645.2711999416351 364.7278815507889 1108.510959148407
v 674.1125106811523 333.72980654239655 1109.6370577812195
v 699.8843014240265 301.1001169681549 1109.2053294181824
v 722.4374413490295 267.0691877603531 1107.1963548660278
v 741.6570782661438 231.88780546188354 1103.6419987678528
v 757.4632823467255 195.82004696130753 1098.6226201057434
v 769.8107779026031 159.133180975914 1092.2577381134033
v 778.6900162696838 122.09026515483856 1084.707534313202
v 784.1208457946777 84.94302481412888 1076.1543989181519
v 786.1502051353455 47.92369231581688 1066.79767370224
v 674.7418642044067 11.243770737200975 1075.8135437965393
v 671.1033403873444 -19.798301719129086 1066.372275352478
v 664.7647976875305 -50.301242619752884 1056.7931413650513
v 655.7846009731293 -80.1421657204628 1047.1376180648804
v 644.226747751236 -109.20600593090057 1037.4459385871887
v 630.1632821559906 -137.38522678613663 1027.7528643608093
v 613.6710226535797 -164.5779713988304 1018.0742740631104
v 594.8344588279724 -190.68823009729385 1008.4196090698242
v 573.744410276413 -215.6248077750206 998.7885475158691
v 550.498616695404 -239.30135071277618 989.174222946167
v 525.2018451690674 -261.6362392902374 979.5642971992493
v 497.9672312736511 -282.5540095567703 969.948148727417
v 468.9144551753998 -301.9848436117172 960.3129029273987
v 438.17145824432373 -319.86654102802277 950.6504058837891
v 405.8731824159622 -336.14559173583984 940.9591555595398
v 372.16100692749023 -350.7775515317917 931.2434434890747
v 337.18282878398895 -363.7304216623306 921.522581577301
v 301.09115839004517 -374.9847024679184 911.8290781974792
v 264.041993021965 -384.5358073711395 902.2135734558105
v 226.1932075023651 -392.39449203014374 892.7469849586487
v 187.70191222429276 -398.58816862106323 883.5223853588104
v 148.7229511141777 -403.1613886356354 874.6581673622131
v 109.40540805459023 -406.17533326148987 866.2990629673004
v 69.89080980420113 -407.7059358358383 858.614856004715
v 30.309927463531494 -407.84278213977814 851.8016695976257
v -9.219614043831825 -406.6851943731308 846.0780501365662
v -48.58688525855541 -404.1598677635193 841.167676448822
v -87.6627042889595 -400.158628821373 836.6932153701782
v -126.31675601005554 -394.733190536499 832.731968164444
v -164.4254207611084 -387.93462216854095 829.3560862541199
v -201.87048017978668 -379.8111230134964 826.6280651092529
v -238.53890597820282 -370.40812969207764 824.6039092540741
v -274.32276606559753 -359.76756513118744 823.3319520950317
v -309.11774933338165 -347.92668521404266 822.8501737117767
v -342.82346069812775 -334.91966128349304 823.1916725635529
v -375.342133641243 -320.77623903751373 824.3798911571503
v -406.5790593624115 -305.52262365818024 826.4306545257568
v -436.44041419029236 -289.1820967197418 829.3515264987946
v -464.83513712882996 -271.77584767341614 833.1443309783936
v -491.6725695133209 -253.32313477993011 837.8002166748047
v -516.8624818325043 -233.84217023849487 843.3006763458252
v -540.3153419494629 -213.35221230983734 849.6192634105682
v -561.9408130645752 -191.87331050634384 856.7147254943848
v -581.6491484642029 -169.42906826734543 864.5371735095978
v -599.3499040603638 -146.04827910661697 873.0237901210785
v -614.9522602558136 -121.76578491926193 882.0963084697723
v -628.3657193183899 -96.62473574280739 891.6619777679443
v -639.5018219947815 -70.67991569638252 901.6200542449951
v -648.2728064060211 -43.99717636406422 911.84903383255
v -654.596596956253 -16.657399758696556 922.2259640693665
v -658.3955705165863 11.243810132145882 932.6123356819153
v -659.5817506313324 39.59307633340359 942.7888512611389
v -658.0854535102844 68.25558766722679 952.5659322738647
v -653.8734197616577 97.0838762819767 961.8502378463745
v -646.9305217266083 125.9219616651535 970.566987991333
v -637.2578322887421 154.60706055164337 978.6474108695984
v -624.87713098526 182.974411547184 986.0490202903748
v -609.8281681537628 210.85960865020752 992.7435994148254
v -592.1699523925781 238.10165226459503 998.7244963645935
v -571.9798386096954 264.54675793647766 1004.0064096450806
v -549.3514358997345 290.050944685936 1008.6223840713501
v -524.3929445743561 314.4802898168564 1012.61887550354
v -497.22490310668945 337.7149522304535 1016.0589694976807
v -467.97836422920227 359.6477508544922 1019.0139055252075
v -436.7926150560379 380.18486201763153 1021.5615749359131
v -403.8134604692459 399.2454171180725 1023.7848043441772
v -369.1898971796036 416.7604297399521 1025.7639527320862
v -333.07550847530365 432.67056941986084 1027.5766968727112
v -295.6247091293335 446.925812959671 1029.2948126792908
v -256.9935232400894 459.4837546348572 1030.9825658798218
v -217.33859181404114 470.3073263168335 1032.6934933662415
v -176.81646198034286 479.36471700668335 1034.4711542129517
v -135.58449894189835 486.6275489330292 1036.3471984863281
v -93.80154982209206 492.0700192451477 1038.3410453796387
v -51.626669615507126 495.66938281059265 1040.4608488082886
v -9.219578001648188 497.40487933158875 1042.7019953727722
v 33.26605372130871 497.45262265205383 1045.6098318099976
v 75.70636197924614 495.95627188682556 1049.6289610862732
v 117.97601133584976 492.84587502479553 1054.589867591858
v 159.9384605884552 488.05094361305237 1060.3140234947205
v 201.44606083631516 481.50404691696167 1066.6195750236511
v 242.34037399291992 473.1431722640991 1073.3179092407227
v 282.4526757001877 462.91510462760925 1080.2176237106323
v 321.60555124282837 450.779664516449 1087.1278524398804
v 359.6135526895523 436.71123683452606 1093.855905532837
v 396.28691375255585 420.7023650407791 1100.2138137817383
v 431.4312815666199 402.7675598859787 1106.0206890106201
v 464.85321521759033 382.9439163208008 1111.10680103302
v 496.3619828224182 361.2933397293091 1115.3160452842712
v 525.7738530635834 337.90402114391327 1118.5139894485474
v 552.9160916805267 312.8889352083206 1120.5888390541077
v 577.6296436786652 286.3854914903641 1121.456265449524
v 599.7727811336517 258.5537374019623 1121.0633754730225
v 619.2246973514557 229.57169115543365 1119.38796043396
v 635.8870625495911 199.63117092847824 1116.4384961128235
v 649.685525894165 168.93440186977386 1112.2561812400818
v 660.5700373649597 137.68812865018845 1106.9087147712708
v 668.5131847858429 106.09811022877693 1100.4818201065063
v 673.5108375549316 74.3671216070652 1093.0839657783508
v 675.5764603614807 42.687805742025375 1084.8229765892029
v 561.8218302726746 11.243770737200975 1085.215973854065
v 559.02219414711 -14.550621807575226 1076.8025279045105
v 553.9465427398682 -39.93467912077904 1068.152403831482
v 546.6387033462524 -64.80007097125053 1059.3151688575745
v 537.1505498886108 -89.04481306672096 1050.3325581550598
v 525.5415737628937 -112.57333159446716 1041.242015361786
v 511.8775427341461 -135.2957859635353 1032.0711135864258
v 496.2306618690491 -157.12789446115494 1022.8400230407715
v 478.68021726608276 -177.99147069454193 1013.5685920715332
v 459.3115568161011 -197.81392067670822 1004.2713046073914
v 438.21598291397095 -216.52800142765045 994.9579238891602
v 415.4909938573837 -234.07340347766876 985.6413245201111
v 391.2400424480438 -250.3961741924286 976.3357758522034
v 365.57151675224304 -265.4492139816284 967.0556545257568
v 338.59908878803253 -279.1936844587326 957.8229546546936
v 310.4406148195267 -291.59865975379944 948.6644983291626
v 281.2178134918213 -302.6426285505295 939.6165490150452
v 251.0549783706665 -312.3137891292572 930.7259917259216
v 220.07795870304108 -320.60996890068054 922.0489382743835
v 188.41340839862823 -327.53975093364716 913.656735420227
v 156.1867743730545 -333.12220573425293 905.6342482566833
v 123.52150529623032 -337.3861402273178 898.0802893638611
v 90.53704664111137 -340.36991000175476 891.1088526248932
v 57.34799578785896 -342.1197295188904 884.8472356796265
v 24.06232673674822 -342.6881432533264 879.4349133968353
v -9.219609014689922 -342.1322822570801 875.0227332115173
v -42.400309816002846 -340.3907507658005 871.3462293148041
v -75.36854445934296 -337.3845309019089 868.0765092372894
v -108.01162496209145 -333.14583599567413 865.2672171592712
v -140.22127389907837 -327.70816683769226 862.9707634449005
v -171.8926504254341 -321.1042732000351 861.2323701381683
v -202.92444080114365 -313.36623430252075 860.0922167301178
v -233.21893215179443 -304.52497601509094 859.5845818519592
v -262.6813620328903 -294.61002945899963 859.737628698349
v -291.2196099758148 -283.64926278591156 860.5725467205048
v -318.7442511320114 -271.6695249080658 862.1060729026794
v -345.16840875148773 -258.6960554122925 864.3467366695404
v -370.40622532367706 -244.75310146808624 867.29496717453
v -394.3749278783798 -229.86520528793335 870.9492623806
v -416.99236035346985 -214.0559434890747 875.2948701381683
v -438.1785660982132 -197.35082387924194 880.3155899047852
v -457.85436630249023 -179.77575659751892 885.9820246696472
v -475.9421110153198 -161.35965585708618 892.2593057155609
v -492.36634969711304 -142.13465452194214 899.1062879562378
v -507.05240964889526 -122.13713675737381 906.4700245857239
v -519.9276030063629 -101.40855610370636 914.287805557251
v -530.9224605560303 -79.99689057469368 922.4928975105286
v -539.9704098701477 -57.95789659023285 931.0094475746155
v -547.0079362392426 -35.35473346710205 939.7502303123474
v -551.9775867462158 -12.2601636685431 948.6276984214783
v -554.8278093338013 11.243803426623344 957.5479745864868
v -555.4964303970337 35.06403565406799 966.3262009620667
v -553.9352238178253 59.09241735935211 974.7999429702759
v -550.1270771026611 83.21324810385704 982.91255235672
v -544.0668404102325 107.30590224266052 990.6146764755249
v -535.7616484165192 131.24589174985886 997.8612542152405
v -525.2323687076569 154.9075484275818 1004.621171951294
v -512.5131726264954 178.16566675901413 1010.8755469322205
v -497.6509988307953 200.89654326438904 1016.6140794754028
v -480.70582151412964 222.98036366701126 1021.839451789856
v -461.74957752227783 244.30345594882965 1026.568615436554
v -440.86597859859467 264.75782096385956 1030.8268904685974
v -418.1471586227417 284.2437207698822 1034.646999835968
v -393.69536340236664 302.6700407266617 1038.073468208313
v -367.6195442676544 319.9536591768265 1041.1516785621643
v -340.03554582595825 336.02097630500793 1043.934416770935
v -311.06315553188324 350.8064925670624 1046.47296667099
v -280.8276057243347 364.2524063587189 1048.8186120986938
v -249.45659637451172 376.3085871934891 1051.0210275650024
v -217.08036214113235 386.93142235279083 1053.124737739563
v -183.83143097162247 396.083065867424 1055.1687955856323
v -149.84314888715744 403.73098254203796 1057.1852803230286
v -115.25063216686249 409.846955537796 1059.198546409607
v -80.19078075885773 414.40668404102325 1061.2239360809326
v -44.801054522395134 417.3899978399277 1063.269066810608
v -9.219579678028822 418.77962350845337 1065.3302907943726
v 26.4189088717103 418.6846196651459 1067.8271055221558
v 61.998698115348816 417.1977370977402 1071.1090564727783
v 97.40369617938995 414.27986919879913 1075.055980682373
v 132.51135796308517 409.8921775817871 1079.5369863510132
v 167.19272285699844 403.9990961551666 1084.4157099723816
v 201.312755048275 396.5699404478073 1089.5509600639343
v 234.73092019557953 387.58145570755005 1094.7986483573914
v 267.30200350284576 377.019801735878 1100.013828277588
v 298.87710213661194 364.88261818885803 1105.0530552864075
v 329.3062001466751 351.18047297000885 1109.7769618034363
v 358.43769907951355 335.93914210796356 1114.0515446662903
v 386.12260222435 319.20028030872345 1117.7541732788086
v 412.2149705886841 301.0216623544693 1120.7698345184326
v 436.57538294792175 281.4788192510605 1123.0018615722656
v 459.07225012779236 260.66273152828217 1124.3657112121582
v 479.58465814590454 238.68068754673004 1124.7986197471619
v 498.0030119419098 215.65419137477875 1124.254560470581
v 514.2319858074188 191.71656221151352 1122.7064967155457
v 528.1917572021484 167.01080203056335 1120.1490640640259
v 539.8181676864624 141.68761074543 1116.5944933891296
v 549.0630984306335 115.90176522731781 1112.069821357727
v 555.8945775032043 89.80970531702042 1106.614637374878
v 560.2969944477081 63.568246364593506 1100.2833366394043
v 562.2685790061951 37.32988201081753 1093.1307435035706
v 447.26237654685974 11.243770737200975 1085.8967185020447
v 445.2427804470062 -9.254174306988716 1078.7715911865234
v 441.39713644981384 -29.46303002536297 1071.3813543319702
v 435.75661182403564 -49.29482750594616 1063.7667775154114
v 428.3599376678467 -68.6662070453167 1055.9664845466614
v 419.2515045404434 -87.49821782112122 1048.011589050293
v 408.4831863641739 -105.71705549955368 1039.9368524551392
v 396.1118459701538 -123.25351238250732 1031.7692041397095
v 382.2007030248642 -140.04361778497696 1023.5373973846436
v 366.8180465698242 -156.02840334177017 1015.2669668197632
v 350.0371277332306 -171.15403711795807 1006.9824814796448
v 331.93613290786743 -185.37250757217407 998.7107634544373
v 312.5976473093033 -198.64139556884766 990.4800295829773
v 292.10785031318665 -210.92392802238464 982.318389415741
v 270.556703209877 -222.18978255987167 974.2594242095947
v 248.03709089756012 -232.41491317749023 966.3407921791077
v 224.64405745267868 -241.58141613006592 958.6036920547485
v 200.4746049642563 -249.67846870422363 951.0964035987854
v 175.62645971775055 -256.7010819911957 943.871283531189
v 150.1979649066925 -262.6512676477432 936.9904518127441
v 124.2866724729538 -267.5369918346405 930.520749092102
v 97.98910170793533 -271.3716924190521 924.5364189147949
v 71.3994987308979 -274.17366206645966 919.1166400909424
v 44.60979625582695 -275.9654313325882 914.3463850021362
v 17.70851891487837 -276.772803068161 910.3160977363586
v -9.219604823738337 -276.62316262722015 907.1167588233948
v -36.090537160634995 -275.4752576351166 904.5319676399231
v -62.81168907880783 -273.281130194664 902.3091673851013
v -89.2893634736538 -270.0596362352371 900.4833340644836
v -115.43237864971161 -265.8307582139969 899.0851521492004
v -141.1517858505249 -260.6159269809723 898.1445014476776
v -166.360741853714 -254.43751215934753 897.6875066757202
v -190.97498506307602 -247.31799066066742 897.7353036403656
v -214.9124264717102 -239.28045630455017 898.3059704303741
v -238.09298872947693 -230.34786880016327 899.4108259677887
v -260.4389548301697 -220.54400593042374 901.0596871376038
v -281.8748205900192 -209.89263206720352 903.2549142837524
v -302.32677161693573 -198.41863811016083 905.9967756271362
v -321.7232197523117 -186.14702224731445 909.2767953872681
v -339.9945080280304 -173.10421764850616 913.0824208259583
v -357.0732593536377 -159.31854844093323 917.398738861084
v -372.8939473628998 -144.81977373361588 922.20139503479
v -387.39324510097504 -129.6402007341385 927.4615287780762
v -400.5108833312988 -113.81519436836243 933.1477046012878
v -412.1886044740677 -97.38343209028244 939.2205476760864
v -422.371181845665 -80.3873598575592 945.6345677375793
v -431.0074657201767 -62.873829156160355 952.3434162139893
v -438.04882764816284 -44.89453621208668 959.2904448509216
v -443.4524595737457 -26.506226509809494 966.4228677749634
v -447.17960357666016 -7.770954631268978 973.6798524856567
v -449.1971880197525 11.243797559291124 980.9993863105774
v -449.4659721851349 30.464040488004684 988.2399559020996
v -447.9562908411026 49.8065460473299 995.2751755714417
v -444.66025829315186 69.18376609683037 1002.068567276001
v -439.5785987377167 88.50536718964577 1008.5867643356323
v -432.7218532562256 107.67946019768715 1014.8062705993652
v -424.10852909088135 126.6130730509758 1020.7023024559021
v -413.7669771909714 145.2139914035797 1026.2619853019714
v -401.7343193292618 163.3907049894333 1031.4753413200378
v -388.0567967891693 181.05390965938568 1036.34033203125
v -372.78877794742584 198.11777472496033 1040.862536430359
v -355.99329471588135 214.49951380491257 1045.0519323349
v -337.73986995220184 230.12132942676544 1048.9230036735535
v -318.10564398765564 244.9104130268097 1052.497637271881
v -297.1735507249832 258.7990254163742 1055.7990074157715
v -275.0319689512253 271.7249393463135 1058.8526487350464
v -251.77372992038727 283.6320698261261 1061.686885356903
v -227.4965465068817 294.4691061973572 1064.3287539482117
v -202.30113565921783 304.1907727718353 1066.806149482727
v -176.29127204418182 312.75672912597656 1069.1426753997803
v -149.57357347011566 320.1315701007843 1071.360433101654
v -122.25611954927444 326.28477215766907 1073.4771251678467
v -94.44926977157593 331.19023740291595 1075.5064845085144
v -66.26531481742859 334.82607901096344 1077.4566650390625
v -37.81745731830597 337.17448711395264 1079.3298125267029
v -9.219580516219139 338.22191655635834 1081.1229228973389
v 19.415820389986038 338.0265176296234 1083.1281423568726
v 47.986891865730286 336.641263961792 1085.5966329574585
v 76.39202177524567 334.0486943721771 1088.453185558319
v 104.52668443322182 330.2336275577545 1091.615617275238
v 132.28351771831512 325.1838058233261 1094.9946641921997
v 159.55253094434738 318.89137029647827 1098.4973073005676
v 186.22174859046936 311.35414838790894 1102.0283818244934
v 212.17756569385529 302.5765389204025 1105.4906845092773
v 237.3056262731552 292.5711750984192 1108.7894797325134
v 261.49233877658844 281.35862946510315 1111.830997467041
v 284.62437987327576 268.96980106830597 1114.5262956619263
v 306.5914034843445 255.4446816444397 1116.7908310890198
v 327.28668451309204 240.8342868089676 1118.5496091842651
v 346.6081112623215 225.19963681697845 1119.7352528572083
v 364.4597679376602 208.61111283302307 1120.288324356079
v 380.7530611753464 191.14912748336792 1120.1623678207397
v 395.4072028398514 172.90282398462296 1119.3211197853088
v 408.3506852388382 153.96842658519745 1117.737865447998
v 419.52251493930817 134.44858342409134 1115.3990864753723
v 428.8718104362488 114.45118635892868 1112.3019933700562
v 436.35828495025635 94.0874733030796 1108.4506630897522
v 441.9534534215927 73.47090169787407 1103.8620471954346
v 445.6388086080551 52.7160320430994 1098.5544919967651
v 447.4072426557541 31.936204433441162 1092.5554633140564
v 332.16787576675415 11.243770737200975 1079.5336604118347
v 330.84248900413513 -3.985557658597827 1073.9451169967651
v 328.1534671783447 -19.03303060680628 1068.1257963180542
v 324.1210609674454 -33.83384048938751 1062.1098160743713
v 318.7705099582672 -48.32583926618099 1055.9244275093079
v 312.13241815567017 -62.4498724937439 1049.5981693267822
v 304.2426198720932 -76.15005299448967 1043.159580230713
v 295.1416701078415 -89.37391340732574 1036.6377353668213
v 284.8746567964554 -102.0725168287754 1030.060315132141
v 273.49069118499756 -114.20058757066727 1023.454999923706
v 261.0430955886841 -125.71679949760437 1016.8511867523193
v 247.58873283863068 -136.58393025398254 1010.2793455123901
v 233.1875503063202 -146.76847904920578 1003.7688732147217
v 217.90243238210678 -156.2411293387413 997.3502397537231
v 201.7990529537201 -164.97694998979568 991.058099269867
v 184.94505733251572 -172.9549527168274 984.9266767501831
v 167.4101158976555 -180.1586151123047 978.9952397346497
v 149.26490485668182 -186.5750089287758 973.3009099960327
v 130.58142811059952 -192.19553768634796 967.8872466087341
v 111.43207177519798 -197.0151051878929 962.7971649169922
v 91.88932254910469 -201.0322630405426 958.0775499343872
v 72.0255196094513 -204.24827188253403 953.7732481956482
v 51.91243216395378 -206.66820108890533 949.9369382858276
v 31.620944291353226 -208.29803198575974 946.6142177581787
v 11.220828630030155 -209.14677679538727 943.8562631607056
v -9.219599794596434 -209.22407805919647 941.708779335022
v -29.6318918466568 -208.50878655910492 940.026605129242
v -49.94347281754017 -206.97825103998184 938.6451601982117
v -70.08116617798805 -204.64266389608383 937.5842928886414
v -89.97313901782036 -201.5133574604988 936.8579506874084
v -109.5488928258419 -197.60433286428452 936.485230922699
v -128.73905897140503 -192.92988628149033 936.4761114120483
v -147.4761262536049 -187.50649988651276 936.8427157402039
v -165.69406539201736 -181.35164827108383 937.593412399292
v -183.32858383655548 -174.48420077562332 938.7347459793091
v -200.31686425209045 -166.92369729280472 940.2666091918945
v -216.59858375787735 -158.69170278310776 942.1917915344238
v -232.11447894573212 -149.81053322553635 944.504177570343
v -246.80794179439545 -140.30400663614273 947.1972227096558
v -260.62413454055786 -130.19763082265854 950.2604126930237
v -273.5105127096176 -119.51861679553986 953.6805510520935
v -285.41710674762726 -108.29608663916588 957.4422955513
v -296.29598557949066 -96.56097963452339 961.5244030952454
v -306.1021953821182 -84.34644117951393 965.9030556678772
v -314.79346454143524 -71.68827876448631 970.5525040626526
v -322.33084738254547 -58.62475410103798 975.4444241523743
v -328.67861688137054 -45.196620002388954 980.5473804473877
v -333.80458652973175 -31.447790935635567 985.827898979187
v -337.6807004213333 -17.424687556922436 991.251540184021
v -340.28327465057373 -3.176784887909889 996.7846155166626
v -341.59238040447235 11.243791691958904 1002.3860335350037
v -341.5869355201721 25.78153721988201 1007.9634189605713
v -340.25132954120636 40.3761338442564 1013.4258985519409
v -337.58357763290405 54.96514476835728 1018.7514781951904
v -333.58748853206635 69.48482394218445 1023.9203095436096
v -328.2730132341385 83.87055024504662 1028.915011882782
v -321.65629863739014 98.05755838751793 1033.7205648422241
v -313.75925838947296 111.98137477040291 1038.3248448371887
v -304.6101361513138 125.57812929153442 1042.720127105713
v -294.2430764436722 138.78521919250488 1046.9011545181274
v -282.69766867160797 151.54177844524384 1050.8650302886963
v -270.0193226337433 163.7886643409729 1054.6119689941406
v -256.2585175037384 175.46975165605545 1058.1462621688843
v -241.4707213640213 186.53158396482468 1061.4734888076782
v -225.71585476398468 196.92365527153015 1064.6011590957642
v -209.05829071998596 206.59895986318588 1067.5382852554321
v -191.5654867887497 215.51388502120972 1070.2929139137268
v -173.30944687128067 223.62857311964035 1072.8768467903137
v -154.36449497938156 230.90659976005554 1075.2984523773193
v -134.80799943208694 237.3156577348709 1077.5670647621155
v -114.71980959177017 242.826846241951 1079.6903014183044
v -94.18146461248398 247.41554260253906 1081.6752433776855
v -73.27644154429436 251.0601282119751 1083.5234999656677
v -52.09018886089325 253.74349057674408 1085.239040851593
v -30.70893958210945 255.45173585414886 1086.8188619613647
v -9.219582192599773 256.17520809173584 1088.2601737976074
v 12.291195150464773 255.93812763690948 1089.7382855415344
v 33.74156579375267 254.7655463218689 1091.4102673530579
v 55.05010709166527 252.652770280838 1093.2364225387573
v 76.13455653190613 249.598029255867 1095.173728466034
v 96.91189974546432 245.60228884220123 1097.1725106239319
v 117.29878038167953 240.67045748233795 1099.1825580596924
v 137.21166104078293 234.81130599975586 1101.1503338813782
v 156.5673127770424 228.03803086280823 1103.021228313446
v 175.283083319664 220.36891132593155 1104.7396659851074
v 193.27826499938965 211.82752400636673 1106.2545776367188
v 210.47298163175583 202.44285017251968 1107.5123190879822
v 226.7905354499817 192.2497183084488 1108.4651470184326
v 242.15699136257172 181.28852248191833 1109.0681076049805
v 256.50216937065125 169.60557103157043 1109.2801094055176
v 269.7604089975357 157.25225508213043 1109.0655326843262
v 281.87066316604614 144.285249710083 1108.3925127983093
v 292.7773028612137 130.76637983322144 1107.236909866333
v 302.43089497089386 116.7615070939064 1105.579948425293
v 310.7883632183075 102.33994647860527 1103.408968448639
v 317.81317591667175 87.57424503564835 1100.7159233093262
v 323.47585558891296 72.53926321864128 1097.4990963935852
v 327.7541935443878 57.31130987405777 1093.7623500823975
v 330.6329280138016 41.96802154183388 1089.5138382911682
v 332.1042001247406 26.586461439728737 1084.7639679908752
v 217.4317717552185 11.243770737200975 1068.5820937156677
v 216.68770015239716 1.1980003793723881 1064.73730802536
v 215.04310369491577 -8.75283507630229 1060.745644569397
v 212.5084564089775 -18.56708899140358 1056.6237330436707
v 209.09779965877533 -28.204433619976044 1052.3898124694824
v 204.82934564352036 -37.62615881860256 1048.0678081512451
v 199.72410947084427 -46.795159578323364 1043.6767101287842
v 193.80648583173752 -55.676091089844704 1039.2356157302856
v 187.10427582263947 -64.23580795526505 1034.769093990326
v 179.64774817228317 -72.44295850396156 1030.2965641021729
v 171.4702695608139 -80.26857823133469 1025.8421659469604
v 162.60759383440018 -87.68595904111862 1021.4289665222168
v 153.09772789478302 -94.67055201530457 1017.0798182487488
v 142.98090487718582 -101.20027586817741 1012.8192901611328
v 132.2991818189621 -107.25545659661293 1008.6725950241089
v 121.09615802764893 -112.8184586763382 1004.6617269515991
v 109.4171091914177 -117.87424832582474 1000.8134007453918
v 97.30845093727112 -122.41014540195465 997.1535801887512
v 84.81754437088966 -126.41539424657822 993.7068343162537
v 71.99265584349632 -129.88157272338867 990.4993414878845
v 58.88248085975647 -132.80198872089386 987.5541687011719
v 45.53635194897652 -135.17233729362488 984.89910364151
v 32.003581523895264 -136.9895339012146 982.5558185577393
v 18.333743512630463 -138.25215697288513 980.5456638336182
v 4.576293658465147 -138.96064907312393 978.8925647735596
v -9.219596441835165 -139.11635130643845 977.6140093803406
v -23.00450038164854 -138.7117937207222 976.6362905502319
v -36.7277093231678 -137.74047195911407 975.8790493011475
v -50.33833757042885 -136.20742857456207 975.3515124320984
v -63.78617584705353 -134.11881923675537 975.0571131706238
v -77.02166363596916 -131.48278445005417 975.0033617019653
v -89.99605849385262 -128.30911427736282 975.1966953277588
v -102.66155004501343 -124.60840344429016 975.6366848945618
v -114.97150808572769 -120.39323151111603 976.3278365135193
v -126.88040882349014 -115.67738503217697 977.2703647613525
v -138.34403604269028 -110.4760654270649 978.4634113311768
v -149.31976944208145 -104.80570122599602 979.904294013977
v -159.76608842611313 -98.68410229682922 981.5870046615601
v -169.64367181062698 -92.13074147701263 983.5084319114685
v -178.91474068164825 -85.16625836491585 985.6611728668213
v -187.54321932792664 -77.81259343028069 988.0344986915588
v -195.49525827169418 -70.09332329034805 990.6189680099487
v -202.7390867471695 -62.03337237238884 993.4022426605225
v -209.24509316682816 -53.65896932780743 996.369194984436
v -214.98625427484512 -44.99814994633198 999.5071649551392
v -219.93777304887772 -36.08013354241848 1002.7980208396912
v -224.07788336277008 -26.935607939958572 1006.2256693840027
v -227.38746106624603 -17.596900463104248 1009.7742319107056
v -229.8501044511795 -8.097329176962376 1013.4217143058777
v -231.45264387130737 1.5282421256415546 1017.149019241333
v -232.18523561954498 11.243784986436367 1020.9394097328186
v -232.0386528968811 21.011996269226074 1024.739134311676
v -231.007182598114 30.793677270412445 1028.4972310066223
v -229.09176349639893 40.54887816309929 1032.2017908096313
v -226.2968748807907 50.23714452981949 1035.8402609825134
v -222.6305365562439 59.81761962175369 1039.397406578064
v -218.10484528541565 69.24964785575867 1042.864215373993
v -212.73546516895294 78.49288880825043 1046.2328553199768
v -206.54161423444748 87.50726357102394 1049.4930267333984
v -199.5463728904724 96.25358507037163 1052.6401162147522
v -191.77605360746384 104.69359830021858 1055.6673645973206
v -183.26065689325333 112.78993338346481 1058.5700511932373
v -174.0332007408142 120.50697058439255 1061.3456010818481
v -164.12994861602783 127.81037092208862 1063.9909029006958
v -153.59008759260178 134.6675992012024 1066.5038108825684
v -142.45575517416 141.0481721162796 1068.8855051994324
v -130.77119439840317 146.92357778549194 1071.1340546607971
v -118.58358532190323 152.26722210645676 1073.248815536499
v -105.94195872545242 157.05509930849075 1075.2298951148987
v -92.8973637521267 161.26541644334793 1077.0767569541931
v -79.50277402997017 164.87907618284225 1078.7901520729065
v -65.81223607063293 167.87914037704468 1080.3669691085815
v -51.8814392387867 170.25167495012283 1081.8071007728577
v -37.76729665696621 171.9852939248085 1083.1093668937683
v -23.527348414063454 173.07103872299194 1084.2690467834473
v -9.219583868980408 173.50314259529114 1085.283887386322
v 5.097733112052083 173.28792214393616 1086.235535144806
v 19.367887638509274 172.43371903896332 1087.1994137763977
v 33.5344523191452 170.9412306547165 1088.1591081619263
v 47.541068494319916 168.81382316350937 1089.098846912384
v 61.331525444984436 166.05704873800278 1089.9974942207336
v 74.85003992915154 162.6788467168808 1090.8323049545288
v 88.041552901268 158.69038850069046 1091.5834307670593
v 100.85177645087242 154.10507172346115 1092.2260880470276
v 113.22749555110931 148.93933832645416 1092.7364587783813
v 125.11728554964066 143.21241974830627 1093.0915832519531
v 136.4708349108696 136.94669902324677 1093.2689309120178
v 147.24025279283524 130.1673486828804 1093.2480096817017
v 157.37960636615753 122.9021966457367 1093.0069327354431
v 166.8455645442009 115.18200784921646 1092.526388168335
v 175.5978137254715 107.04018920660019 1091.791570186615
v 183.59895050525665 98.51252809166908 1090.7872438430786
v 190.81474989652634 89.63731303811073 1089.501392841339
v 197.2147822380066 80.45480400323868 1087.9263997077942
v 202.77225226163864 71.00675627589226 1086.0537886619568
v 207.46432095766068 61.33677586913109 1083.8815212249756
v 211.27215921878815 51.48949809372425 1081.407880783081
v 214.18100148439407 41.51033274829388 1078.6334037780762
v 216.18057489395142 31.445635110139847 1075.5656003952026
v 217.2648310661316 21.34138997644186 1072.2125172615051
v 103.60476225614548 11.243770737200975 1056.181812286377
v 103.30705717206001 6.269821152091026 1054.2287349700928
v 102.56370976567268 1.3293581083416939 1052.2197604179382
v 101.37853547930717 -3.55769251473248 1050.1612186431885
v 99.75725412368774 -8.371808007359505 1048.0627655982971
v 97.70735576748848 -13.093964383006096 1045.9349155426025
v 95.2378861606121 -17.705665715038776 1043.786358833313
v 92.35969483852386 -22.189095430076122 1041.6286826133728
v 89.08506631851196 -26.52710247784853 1039.4712209701538
v 85.42780727148056 -30.703260004520416 1037.3236298561096
v 81.40336722135544 -34.70213860273361 1035.2006077766418
v 77.02824175357819 -38.50892074406147 1033.1088066101074
v 72.32045531272888 -42.10991710424423 1031.062388420105
v 67.29909181594849 -45.492226257920265 1029.0704727172852
v 61.98434829711914 -48.643969371914864 1027.1437883377075
v 56.39752149581909 -51.55428685247898 1025.293493270874
v 50.560786575078964 -54.21331487596035 1023.5310673713684
v 44.497133418917656 -56.612205505371094 1021.8661665916443
v 38.230299577116966 -58.74309986829758 1020.3083395957947
v 31.78468644618988 -60.59914156794548 1018.8671350479126
v 25.18520336598158 -62.1745303273201 1017.5507068634033
v 18.457304500043392 -63.46457228064537 1016.3695693016052
v 11.626702174544334 -64.46537151932716 1015.3295159339905
v 4.719500569626689 -65.1741050183773 1014.4373059272766
v -2.2380427457392216 -65.58896228671074 1013.6996984481812
v -9.219591412693262 -65.70893079042435 1013.1191611289978
v -16.198663227260113 -65.53303152322769 1012.6813173294067
v -23.148669116199017 -65.06069451570511 1012.3603105545044
v -30.043010786175728 -64.29405882954597 1012.1604323387146
v -36.85540594160557 -63.23607489466667 1012.0826482772827
v -43.55983883142471 -61.89071238040924 1012.1278166770935
v -50.13072118163109 -60.2630540728569 1012.2986197471619
v -56.542930752038956 -58.35886001586914 1012.5919461250305
v -62.7719521522522 -56.18506036698818 1013.0086541175842
v -68.79390701651573 -53.74942347407341 1013.5472416877747
v -74.58566129207611 -51.06067657470703 1014.2065286636353
v -80.12499958276749 -48.12840186059475 1014.9846911430359
v -85.39039045572281 -44.963016360998154 1015.8781886100769
v -90.36147594451904 -41.575782001018524 1016.8834805488586
v -95.01887038350105 -37.978798896074295 1017.9962754249573
v -99.34434816241264 -34.18503552675247 1019.2142128944397
v -103.32076326012611 -30.20804040133953 1020.5292463302612
v -106.93245828151703 -26.062341034412384 1021.9403028488159
v -110.16480848193169 -21.762847155332565 1023.4371900558472
v -113.00473809242249 -17.325373739004135 1025.0145435333252
v -115.44063985347748 -12.766319140791893 1026.6675353050232
v -117.46230125427246 -8.10251422226429 1028.3867239952087
v -119.06113922595978 -3.351515927352011 1030.166745185852
v -120.23004591464996 1.4688324532471597 1031.99805021286
v -120.96365690231323 6.340162502601743 1033.8731288909912
v -121.25828415155411 11.243777442723513 1035.7860803604126
v -121.11144661903381 16.160674765706062 1037.7172708511353
v -120.52240669727325 21.07146419584751 1039.6478176116943
v -119.49272006750107 25.956661999225616 1041.57235622406
v -118.02559196949005 30.796704813838005 1043.4840202331543
v -116.12598448991776 35.57199575006962 1045.3746557235718
v -113.80073726177216 40.26315249502659 1047.2392201423645
v -111.05824559926987 44.8510006070137 1049.0702033042908
v -107.90878906846046 49.31665398180485 1050.8630990982056
v -104.36428338289261 53.64163555204868 1052.6134014129639
v -100.43811947107315 57.807887345552444 1054.3122053146362
v -96.1456261575222 61.79799512028694 1055.958867073059
v -91.50329902768135 65.59512466192245 1057.5459837913513
v -86.52935028076172 69.18326318264008 1059.0710878372192
v -81.24329298734665 72.54716902971268 1060.530424118042
v -75.66602826118469 75.67242532968521 1061.9198083877563
v -69.81946304440498 78.54566797614098 1063.2351636886597
v -63.726986199617386 81.15444481372833 1064.473807811737
v -57.41284489631653 83.48747044801712 1065.6327366828918
v -50.9022518992424 85.5345793068409 1066.7093753814697
v -44.221365451812744 87.28679940104485 1067.701256275177
v -37.39687688648701 88.7362852692604 1068.6040878295898
v -30.45624867081642 89.8766465485096 1069.416904449463
v -23.42755515128374 90.70266634225845 1070.1371312141418
v -16.33915565907955 91.21047556400299 1070.7621932029724
v -9.219584707170725 91.39772057533264 1071.2916612625122
v -2.097645658068359 91.26428067684174 1071.7419505119324
v 4.9980932381004095 90.81183895468712 1072.1369862556458
v 12.039178144186735 90.04172310233116 1072.4709749221802
v 18.997330404818058 88.95674273371696 1072.740375995636
v 25.84456577897072 87.56101503968239 1072.9406833648682
v 32.55327008664608 85.85979044437408 1073.0655670166016
v 39.09639157354832 83.85988846421242 1073.1123447418213
v 45.44748030602932 81.56921491026878 1073.075008392334
v 51.58078707754612 78.99700328707695 1072.9488372802734
v 57.47159197926521 76.15363374352455 1072.7284669876099
v 63.09584230184555 73.05080741643906 1072.4087476730347
v 68.4307761490345 69.7013184428215 1071.985924243927
v 73.45477491617203 66.11910089850426 1071.4561343193054
v 78.14744040369987 62.31915503740311 1070.8162665367126
v 82.48977586627007 58.31729248166084 1070.0614929199219
v 86.46435365080833 54.130471497774124 1069.1922426223755
v 90.0549665093422 49.77631755173206 1068.203043937683
v 93.24740543961525 45.27338482439518 1067.0973300933838
v 96.0289902985096 40.640660002827644 1065.8741354942322
v 98.38869720697403 35.897763445973396 1064.5328164100647
v 100.31748041510582 31.064828485250473 1063.0776643753052
v 101.80795043706894 26.162208057940006 1061.5095376968384
v 102.85472944378853 21.21069598942995 1059.8347663879395
v 103.45424339175224 16.230938583612442 1058.0575346946716
v -9.219663497060537 11.243770737200975 1046.036410331726
f 1 2 3
f 1 3 4
f 1 4 5
f 1 5 6
f 1 6 7
f 1 7 8
f 1 8 9
f 1 9 10
f 1 10 11
f 1 11 12
f 1 12 13
f 1 13 14
f 1 14 15
f 1 15 16
f 1 16 17
f 1 17 18
f 1 18 19
f 1 19 20
f 1 20 21
f 1 21 22
f 1 22 23
f 1 23 24
f 1 24 25
f 1 25 26
f 1 26 27
f 1 27 28
f 1 28 29
f 1 29 30
f 1 30 31
f 1 31 32
f 1 32 33
f 1 33 34
f 1 34 35
f 1 35 36
f 1 36 37
f 1 37 38
f 1 38 39
f 1 39 40
f 1 40 41
f 1 41 42
f 1 42 43
f 1 43 44
f 1 44 45
f 1 45 46
f 1 46 47
f 1 47 48
f 1 48 49
f 1 49 50
f 1 50 51
f 1 51 52
f 1 52 53
f 1 53 54
f 1 54 55
f 1 55 56
f 1 56 57
f 1 57 58
f 1 58 59
f 1 59 60
f 1 60 61
f 1 61 62
f 1 62 63
f 1 63 64
f 1 64 65
f 1 65 66
f 1 66 67
f 1 67 68
f 1 68 69
f 1 69 70
f 1 70 71
f 1 71 72
f 1 72 73
f 1 73 74
f 1 74 75
f 1 75 76
f 1 76 77
f 1 77 78
f 1 78 79
f 1 79 80
f 1 80 81
f 1 81 82
f 1 82 83
f 1 83 84
f 1 84 85
f 1 85 86
f 1 86 87
f 1 87 88
f 1 88 89
f 1 89 90
f 1 90 91
f 1 91 92
f 1 92 93
f 1 93 94
f 1 94 95
f 1 95 96
f 1 96 97
f 1 97 98
f 1 98 99
f 1 99 100
f 1 100 101
f 1 101 2
f 2 102 3
f 3 102 103
f 3 103 4
f 4 103 104
f 4 104 5
f 5 104 105
f 5 105 6
f 6 105 106
f 6 106 7
f 7 106 107
f 7 107 8
f 8 107 108
f 8 108 9
f 9 108 109
f 9 109 10
f 10 109 110
f 10 110 11
f 11 110 111
f 11 111 12
f 12 111 112
f 12 112 13
f 13 112 113
f 13 113 14
f 14 113 114
f 14 114 15
f 15 114 115
f 15 115 16
f 16 115 116
f 16 116 17
f 17 116 117
f 17 117 18
f 18 117 118
f 18 118 19
f 19 118 119
f 19 119 20
f 20 119 120
f 20 120 21
f 21 120 121
f 21 121 22
f 22 121 122
f 22 122 23
f 23 122 123
f 23 123 24
f 24 123 124
f 24 124 25
f 25 124 125
f 25 125 26
f 26 125 126
f 26 126 27
f 27 126 127
f 27 127 28
f 28 127 128
f 28 128 29
f 29 128 129
f 29 129 30
f 30 129 130
f 30 130 31
f 31 130 131
f 31 131 32
f 32 131 132
f 32 132 33
f 33 132 133
f 33 133 34
f 34 133 134
f 34 134 35
f 35 134 135
f 35 135 36
f 36 135 136
f 36 136 37
f 37 136 137
f 37 137 38
f 38 137 138
f 38 138 39
f 39 138 139
f 39 139 40
f 40 139 140
f 40 140 41
f 41 140 141
f 41 141 42
f 42 141 142
f 42 142 43
f 43 142 143
f 43 143 44
f 44 143 144
f 44 144 45
f 45 144 145
f 45 145 46
f 46 145 146
f 46 146 47
f 47 146 147
f 47 147 48
f 48 147 148
f 48 148 49
f 49 148 149
f 49 149 50
f 50 149 150
f 50 150 51
f 51 150 151
f 51 151 52
f 52 151 152
f 52 152 53
f 53 152 153
f 53 153 54
f 54 153 154
f 54 154 55
f 55 154 155
f 55 155 56
f 56 155 156
f 56 156 57
f 57 156 157
f 57 157 58
f 58 157 158
f 58 158 59
f 59 158 159
f 59 159 60
f 60 159 160
f 60 160 61
f 61 160 161
f 61 161 62
f 62 161 162
f 62 162 63
f 63 162 163
f 63 163 64
f 64 163 164
f 64 164 65
f 65 164 165
f 65 165 66
f 66 165 166
f 66 166 67
f 67 166 167
f 67 167 68
f 68 167 168
f 68 168 69
f 69 168 169
f 69 169 70
f 70 169 170
f 70 170 71
f 71 170 171
f 71 171 72
f 72 171 172
f 72 172 73
f 73 172 173
f 73 173 74
f 74 173 174
f 74 174 75
f 75 174 175
f 75 175 76
f 76 175 176
f 76 176 77
f 77 176 177
f 77 177 78
f 78 177 178
f 78 178 79
f 79 178 179
f 79 179 80
f 80 179 180
f 80 180 81
f 81 180 181
f 81 181 82
f 82 181 182
f 82 182 83
f 83 182 183
f 83 183 84
f 84 183 184
f 84 184 85
f 85 184 185
f 85 185 86
f 86 185 186
f 86 186 87
f 87 186 187
f 87 187 88
f 88 187 188
f 88 188 89
f 89 188 189
f 89 189 90
f 90 189 190
f 90 190 91
f 91 190 191
f 91 191 92
f 92 191 192
f 92 192 93
f 93 192 193
f 93 193 94
f 94 193 194
f 94 194 95
f 95 194 195
f 95 195 96
f 96 195 196
f 96 196 97
f 97 196 197
f 97 197 98
f 98 197 198
f 98 198 99
f 99 198 199
f 99 199 100
f 100 199 200
f 100 200 101
f 101 200 201
f 101 201 2
f 2 201 102
f 102 202 103
f 103 202 203
f 103 203 104
f 104 203 204
f 104 204 105
f 105 204 205
f 105 205 106
f 106 205 206
f 106 206 107
f 107 206 207
f 107 207 108
f 108 207 208
f 108 208 109
f 109 208 209
f 109 209 110
f 110 209 210
f 110 210 111
f 111 210 211
f 111 211 112
f 112 211 212
f 112 212 113
f 113 212 213
f 113 213 114
f 114 213 214
f 114 214 115
f 115 214 215
f 115 215 116
f 116 215 216
f 116 216 117
f 117 216 217
f 117 217 118
f 118 217 218
f 118 218 119
f 119 218 219
f 119 219 120
f 120 219 220
f 120 220 121
f 121 220 221
f 121 221 122
f 122 221 222
f 122 222 123
f 123 222 223
f 123 223 124
f 124 223 224
f 124 224 125
f 125 224 225
f 125 225 126
f 126 225 226
f 126 226 127
f 127 226 227
f 127 227 128
f 128 227 228
f 128 228 129
f 129 228 229
f 129 229 130
f 130 229 230
f 130 230 131
f 131 230 231
f 131 231 132
f 132 231 232
f 132 232 133
f 133 232 233
f 133 233 134
f 134 233 234
f 134 234 135
f 135 234 235
f 135 235 136
f 136 235 236
f 136 236 137
f 137 236 237
f 137 237 138
f 138 237 238
f 138 238 139
f 139 238 239
f 139 239 140
f 140 239 240
f 140 240 141
f 141 240 241
f 141 241 142
f 142 241 242
f 142 242 143
f 143 242 243
f 143 243 144
f 144 243 244
f 144 244 145
f 145 244 245
f 145 245 146
f 146 245 246
f 146 246 147
f 147 246 247
f 147 247 148
f 148 247 248
f 148 248 149
f 149 248 249
f 149 249 150
f 150 249 250
f 150 250 151
f 151 250 251
f 151 251 152
f 152 251 252
f 152 252 153
f 153 252 253
f 153 253 154
f 154 253 254
f 154 254 155
f 155 254 255
f 155 255 156
f 156 255 256
f 156 256 157
f 157 256 257
f 157 257 158
f 158 257 258
f 158 258 159
f 159 258 259
f 159 259 160
f 160 259 260
f 160 260 161
f 161 260 261
f 161 261 162
f 162 261 262
f 162 262 163
f 163 262 263
f 163 263 164
f 164 263 264
f 164 264 165
f 165 264 265
f 165 265 166
f 166 265 266
f 166 266 167
f 167 266 267
f 167 267 168
f 168 267 268
f 168 268 169
f 169 268 269
f 169 269 170
f 170 269 270
f 170 270 171
f 171 270 271
f 171 271 172
f 172 271 272
f 172 272 173
f 173 272 273
f 173 273 174
f 174 273 274
f 174 274 175
f 175 274 275
f 175 275 176
f 176 275 276
f 176 276 177
f 177 276 277
f 177 277 178
f 178 277 278
f 178 278 179
f 179 278 279
f 179 279 180
f 180 279 280
f 180 280 181
f 181 280 281
f 181 281 182
f 182 281 282
f 182 282 183
f 183 282 283
f 183 283 184
f 184 283 284
f 184 284 185
f 185 284 285
f 185 285 186
f 186 285 286
f 186 286 187
f 187 286 287
f 187 287 188
f 188 287 288
f 188 288 189
f 189 288 289
f 189 289 190
f 190 289 290
f 190 290 191
f 191 290 291
f 191 291 192
f 192 291 292
f 192 292 193
f 193 292 293
f 193 293 194
f 194 293 294
f 194 294 195
f 195 294 295
f 195 295 196
f 196 295 296
f 196 296 197
f 197 296 297
f 197 297 198
f 198 297 298
f 198 298 199
f 199 298 299
f 199 299 200
f 200 299 300
f 200 300 201
f 201 300 301
f 201 301 102
f 102 301 202
f 202 302 203
f 203 302 303
f 203 303 204
f 204 303 304
f 204 304 205
f 205 304 305
f 205 305 206
f 206 305 306
f 206 306 207
f 207 306 307
f 207 307 208
f 208 307 308
f 208 308 209
f 209 308 309
f 209 309 210
f 210 309 310
f 210 310 211
f 211 310 311
f 211 311 212
f 212 311 312
f 212 312 213
f 213 312 313
f 213 313 214
f 214 313 314
f 214 314 215
f 215 314 315
f 215 315 216
f 216 315 316
f 216 316 217
f 217 316 317
f 217 317 218
f 218 317 318
f 218 318 219
f 219 318 319
f 219 319 220
f 220 319 320
f 220 320 221
f 221 320 321
f 221 321 222
f 222 321 322
f 222 322 223
f 223 322 323
f 223 323 224
f 224 323 324
f 224 324 225
f 225 324 325
f 225 325 226
f 226 325 326
f 226 326 227
f 227 326 327
f 227 327 228
f 228 327 328
f 228 328 229
f 229 328 329
f 229 329 230
f 230 329 330
f 230 330 231
f 231 330 331
f 231 331 232
f 232 331 332
f 232 332 233
f 233 332 333
f 233 333 234
f 234 333 334
f 234 334 235
f 235 334 335
f 235 335 236
f 236 335 336
f 236 336 237
f 237 336 337
f 237 337 238
f 238 337 338
f 238 338 239
f 239 338 339
f 239 339 240
f 240 339 340
f 240 340 241
f 241 340 341
f 241 341 242
f 242 341 342
f 242 342 243
f 243 342 343
f 243 343 244
f 244 343 344
f 244 344 245
f 245 344 345
f 245 345 246
f 246 345 346
f 246 346 247
f 247 346 347
f 247 347 248
f 248 347 348
f 248 348 249
f 249 348 349
f 249 349 250
f 250 349 350
f 250 350 251
f 251 350 351
f 251 351 252
f 252 351 352
f 252 352 253
f 253 352 353
f 253 353 254
f 254 353 354
f 254 354 255
f 255 354 355
f 255 355 256
f 256 355 356
f 256 356 257
f 257 356 357
f 257 357 258
f 258 357 358
f 258 358 259
f 259 358 359
f 259 359 260
f 260 359 360
f 260 360 261
f 261 360 361
f 261 361 262
f 262 361 362
f 262 362 263
f 263 362 363
f 263 363 264
f 264 363 364
f 264 364 265
f 265 364 365
f 265 365 266
f 266 365 366
f 266 366 267
f 267 366 367
f 267 367 268
f 268 367 368
f 268 368 269
f 269 368 369
f 269 369 270
f 270 369 370
f 270 370 271
f 271 370 371
f 271 371 272
f 272 371 372
f 272 372 273
f 273 372 373
f 273 373 274
f 274 373 374
f 274 374 275
f 275 374 375
f 275 375 276
f 276 375 376
f 276 376 277
f 277 376 377
f 277 377 278
f 278 377 378
f 278 378 279
f 279 378 379
f 279 379 280
f 280 379 380
f 280 380 281
f 281 380 381
f 281 381 282
f 282 381 382
f 282 382 283
f 283 382 383
f 283 383 284
f 284 383 384
f 284 384 285
f 285 384 385
f 285 385 286
f 286 385 386
f 286 386 287
f 287 386 387
f 287 387 288
f 288 387 388
f 288 388 289
f 289 388 389
f 289 389 290
f 290 389 390
f 290 390 291
f 291 390 391
f 291 391 292
f 292 391 392
f 292 392 293
f 293 392 393
f 293 393 294
f 294 393 394
f 294 394 295
f 295 394 395
f 295 395 296
f 296 395 396
f 296 396 297
f 297 396 397
f 297 397 298
f 298 397 398
f 298 398 299
f 299 398 399
f 299 399 300
f 300 399 400
f 300 400 301
f 301 400 401
f 301 401 202
f 202 401 302
f 302 402 303
f 303 402 403
f 303 403 304
f 304 403 404
f 304 404 305
f 305 404 405
f 305 405 306
f 306 405 406
f 306 406 307
f 307 406 407
f 307 407 308
f 308 407 408
f 308 408 309
f 309 408 409
f 309 409 310
f 310 409 410
f 310 410 311
f 311 410 411
f 311 411 312
f 312 411 412
f 312 412 313
f 313 412 413
f 313 413 314
f 314 413 414
f 314 414 315
f 315 414 415
f 315 415 316
f 316 415 416
f 316 416 317
f 317 416 417
f 317 417 318
f 318 417 418
f 318 418 319
f 319 418 419
f 319 419 320
f 320 419 420
f 320 420 321
f 321 420 421
f 321 421 322
f 322 421 422
f 322 422 323
f 323 422 423
f 323 423 324
f 324 423 424
f 324 424 325
f 325 424 425
f 325 425 326
f 326 425 426
f 326 426 327
f 327 426 427
f 327 427 328
f 328 427 428
f 328 428 329
f 329 428 429
f 329 429 330
f 330 429 430
f 330 430 331
f 331 430 431
f 331 431 332
f 332 431 432
f 332 432 333
f 333 432 433
f 333 433 334
f 334 433 434
f 334 434 335
f 335 434 435
f 335 435 336
f 336 435 436
f 336 436 337
f 337 436 437
f 337 437 338
f 338 437 438
f 338 438 339
f 339 438 439
f 339 439 340
f 340 439 440
f 340 440 341
f 341 440 441
f 341 441 342
f 342 441 442
f 342 442 343
f 343 442 443
f 343 443 344
f 344 443 444
f 344 444 345
f 345 444 445
f 345 445 346
f 346 445 446
f 346 446 347
f 347 446 447
f 347 447 348
f 348 447 448
f 348 448 349
f 349 448 449
f 349 449 350
f 350 449 450
f 350 450 351
f 351 450 451
f 351 451 352
f 352 451 452
f 352 452 353
f 353 452 453
f 353 453 354
f 354 453 454
f 354 454 355
f 355 454 455
f 355 455 356
f 356 455 456
f 356 456 357
f 357 456 457
f 357 457 358
f 358 457 458
f 358 458 359
f 359 458 459
f 359 459 360
f 360 459 460
f 360 460 361
f 361 460 461
f 361 461 362
f 362 461 462
f 362 462 363
f 363 462 463
f 363 463 364
f 364 463 464
f 364 464 365
f 365 464 465
f 365 465 366
f 366 465 466
f 366 466 367
f 367 466 467
f 367 467 368
f 368 467 468
f 368 468 369
f 369 468 469
f 369 469 370
f 370 469 470
f 370 470 371
f 371 470 471
f 371 471 372
f 372 471 472
f 372 472 373
f 373 472 473
f 373 473 374
f 374 473 474
f 374 474 375
f 375 474 475
f 375 475 376
f 376 475 476
f 376 476 377
f 377 476 477
f 377 477 378
f 378 477 478
f 378 478 379
f 379 478 479
f 379 479 380
f 380 479 480
f 380 480 381
f 381 480 481
f 381 481 382
f 382 481 482
f 382 482 383
f 383 482 483
f 383 483 384
f 384 483 484
f 384 484 385
f 385 484 485
f 385 485 386
f 386 485 486
f 386 486 387
f 387 486 487
f 387 487 388
f 388 487 488
f 388 488 389
f 389 488 489
f 389 489 390
f 390 489 490
f 390 490 391
f 391 490 491
f 391 491 392
f 392 491 492
f 392 492 393
f 393 492 493
f 393 493 394
f 394 493 494
f 394 494 395
f 395 494 495
f 395 495 396
f 396 495 496
f 396 496 397
f 397 496 497
f 397 497 398
f 398 497 498
f 398 498 399
f 399 498 499
f 399 499 400
f 400 499 500
f 400 500 401
f 401 500 501
f 401 501 302
f 302 501 402
f 402 502 403
f 403 502 503
f 403 503 404
f 404 503 504
f 404 504 405
f 405 504 505
f 405 505 406
f 406 505 506
f 406 506 407
f 407 506 507
f 407 507 408
f 408 507 508
f 408 508 409
f 409 508 509
f 409 509 410
f 410 509 510
f 410 510 411
f 411 510 511
f 411 511 412
f 412 511 512
f 412 512 413
f 413 512 513
f 413 513 414
f 414 513 514
f 414 514 415
f 415 514 515
f 415 515 416
f 416 515 516
f 416 516 417
f 417 516 517
f 417 517 418
f 418 517 518
f 418 518 419
f 419 518 519
f 419 519 420
f 420 519 520
f 420 520 421
f 421 520 521
f 421 521 422
f 422 521 522
f 422 522 423
f 423 522 523
f 423 523 424
f 424 523 524
f 424 524 425
f 425 524 525
f 425 525 426
f 426 525 526
f 426 526 427
f 427 526 527
f 427 527 428
f 428 527 528
f 428 528 429
f 429 528 529
f 429 529 430
f 430 529 530
f 430 530 431
f 431 530 531
f 431 531 432
f 432 531 532
f 432 532 433
f 433 532 533
f 433 533 434
f 434 533 534
f 434 534 435
f 435 534 535
f 435 535 436
f 436 535 536
f 436 536 437
f 437 536 537
f 437 537 438
f 438 537 538
f 438 538 439
f 439 538 539
f 439 539 440
f 440 539 540
f 440 540 441
f 441 540 541
f 441 541 442
f 442 541 542
f 442 542 443
f 443 542 543
f 443 543 444
f 444 543 544
f 444 544 445
f 445 544 545
f 445 545 446
f 446 545 546
f 446 546 447
f 447 546 547
f 447 547 448
f 448 547 548
f 448 548 449
f 449 548 549
f 449 549 450
f 450 549 550
f 450 550 451
f 451 550 551
f 451 551 452
f 452 551 552
f 452 552 453
f 453 552 553
f 453 553 454
f 454 553 554
f 454 554 455
f 455 554 555
f 455 555 456
f 456 555 556
f 456 556 457
f 457 556 557
f 457 557 458
f 458 557 558
f 458 558 459
f 459 558 559
f 459 559 460
f 460 559 560
f 460 560 461
f 461 560 561
f 461 561 462
f 462 561 562
f 462 562 463
f 463 562 563
f 463 563 464
f 464 563 564
f 464 564 465
f 465 564 565
f 465 565 466
f 466 565 566
f 466 566 467
f 467 566 567
f 467 567 468
f 468 567 568
f 468 568 469
f 469 568 569
f 469 569 470
f 470 569 570
f 470 570 471
f 471 570 571
f 471 571 472
f 472 571 572
f 472 572 473
f 473 572 573
f 473 573 474
f 474 573 574
f 474 574 475
f 475 574 575
f 475 575 476
f 476 575 576
f 476 576 477
f 477 576 577
f 477 577 478
f 478 577 578
f 478 578 479
f 479 578 579
f 479 579 480
f 480 579 580
f 480 580 481
f 481 580 581
f 481 581 482
f 482 581 582
f 482 582 483
f 483 582 583
f 483 583 484
f 484 583 584
f 484 584 485
f 485 584 585
f 485 585 486
f 486 585 586
f 486 586 487
f 487 586 587
f 487 587 488
f 488 587 588
f 488 588 489
f 489 588 589
f 489 589 490
f 490 589 590
f 490 590 491
f 491 590 591
f 491 591 492
f 492 591 592
f 492 592 493
f 493 592 593
f 493 593 494
f 494 593 594
f 494 594 495
f 495 594 595
f 495 595 496
f 496 595 596
f 496 596 497
f 497 596 597
f 497 597 498
f 498 597 598
f 498 598 499
f 499 598 599
f 499 599 500
f 500 599 600
f 500 600 501
f 501 600 601
f 501 601 402
f 402 601 502
f 502 602 503
f 503 602 603
f 503 603 504
f 504 603 604
f 504 604 505
f 505 604 605
f 505 605 506
f 506 605 606
f 506 606 507
f 507 606 607
f 507 607 508
f 508 607 608
f 508 608 509
f 509 608 609
f 509 609 510
f 510 609 610
f 510 610 511
f 511 610 611
f 511 611 512
f 512 611 612
f 512 612 513
f 513 612 613
f 513 613 514
f 514 613 614
f 514 614 515
f 515 614 615
f 515 615 516
f 516 615 616
f 516 616 517
f 517 616 617
f 517 617 518
f 518 617 618
f 518 618 519
f 519 618 619
f 519 619 520
f 520 619 620
f 520 620 521
f 521 620 621
f 521 621 522
f 522 621 622
f 522 622 523
f 523 622 623
f 523 623 524
f 524 623 624
f 524 624 525
f 525 624 625
f 525 625 526
f 526 625 626
f 526 626 527
f 527 626 627
f 527 627 528
f 528 627 628
f 528 628 529
f 529 628 629
f 529 629 530
f 530 629 630
f 530 630 531
f 531 630 631
f 531 631 532
f 532 631 632
f 532 632 533
f 533 632 633
f 533 633 534
f 534 633 634
f 534 634 535
f 535 634 635
f 535 635 536
f 536 635 636
f 536 636 537
f 537 636 637
f 537 637 538
f 538 637 638
f 538 638 539
f 539 638 639
f 539 639 540
f 540 639 640
f 540 640 541
f 541 640 641
f 541 641 542
f 542 641 642
f 542 642 543
f 543 642 643
f 543 643 544
f 544 643 644
f 544 644 545
f 545 644 645
f 545 645 546
f 546 645 646
f 546 646 547
f 547 646 647
f 547 647 548
f 548 647 648
f 548 648 549
f 549 648 649
f 549 649 550
f 550 649 650
f 550 650 551
f 551 650 651
f 551 651 552
f 552 651 652
f 552 652 553
f 553 652 653
f 553 653 554
f 554 653 654
f 554 654 555
f 555 654 655
f 555 655 556
f 556 655 656
f 556 656 557
f 557 656 657
f 557 657 558
f 558 657 658
f 558 658 559
f 559 658 659
f 559 659 560
f 560 659 660
f 560 660 561
f 561 660 661
f 561 661 562
f 562 661 662
f 562 662 563
f 563 662 663
f 563 663 564
f 564 663 664
f 564 664 565
f 565 664 665
f 565 665 566
f 566 665 666
f 566 666 567
f 567 666 667
f 567 667 568
f 568 667 668
f 568 668 569
f 569 668 669
f 569 669 570
f 570 669 670
f 570 670 571
f 571 670 671
f 571 671 572
f 572 671 672
f 572 672 573
f 573 672 673
f 573 673 574
f 574 673 674
f 574 674 575
f 575 674 675
f 575 675 576
f 576 675 676
f 576 676 577
f 577 676 677
f 577 677 578
f 578 677 678
f 578 678 579
f 579 678 679
f 579 679 580
f 580 679 680
f 580 680 581
f 581 680 681
f 581 681 582
f 582 681 682
f 582 682 583
f 583 682 683
f 583 683 584
f 584 683 684
f 584 684 585
f 585 684 685
f 585 685 586
f 586 685 686
f 586 686 587
f 587 686 687
f 587 687 588
f 588 687 688
f 588 688 589
f 589 688 689
f 589 689 590
f 590 689 690
f 590 690 591
f 591 690 691
f 591 691 592
f 592 691 692
f 592 692 593
f 593 692 693
f 593 693 594
f 594 693 694
f 594 694 595
f 595 694 695
f 595 695 596
f 596 695 696
f 596 696 597
f 597 696 697
f 597 697 598
f 598 697 698
f 598 698 599
f 599 698 699
f 599 699 600
f 600 699 700
f 600 700 601
f 601 700 701
f 601 701 502
f 502 701 602
f 602 702 603
f 603 702 703
f 603 703 604
f 604 703 704
f 604 704 605
f 605 704 705
f 605 705 606
f 606 705 706
f 606 706 607
f 607 706 707
f 607 707 608
f 608 707 708
f 608 708 609
f 609 708 709
f 609 709 610
f 610 709 710
f 610 710 611
f 611 710 711
f 611 711 612
f 612 711 712
f 612 712 613
f 613 712 713
f 613 713 614
f 614 713 714
f 614 714 615
f 615 714 715
f 615 715 616
f 616 715 716
f 616 716 617
f 617 716 717
f 617 717 618
f 618 717 718
f 618 718 619
f 619 718 719
f 619 719 620
f 620 719 720
f 620 720 621
f 621 720 721
f 621 721 622
f 622 721 722
f 622 722 623
f 623 722 723
f 623 723 624
f 624 723 724
f 624 724 625
f 625 724 725
f 625 725 626
f 626 725 726
f 626 726 627
f 627 726 727
f 627 727 628
f 628 727 728
f 628 728 629
f 629 728 729
f 629 729 630
f 630 729 730
f 630 730 631
f 631 730 731
f 631 731 632
f 632 731 732
f 632 732 633
f 633 732 733
f 633 733 634
f 634 733 734
f 634 734 635
f 635 734 735
f 635 735 636
f 636 735 736
f 636 736 637
f 637 736 737
f 637 737 638
f 638 737 738
f 638 738 639
f 639 738 739
f 639 739 640
f 640 739 740
f 640 740 641
f 641 740 741
f 641 741 642
f 642 741 742
f 642 742 643
f 643 742 743
f 643 743 644
f 644 743 744
f 644 744 645
f 645 744 745
f 645 745 646
f 646 745 746
f 646 746 647
f 647 746 747
f 647 747 648
f 648 747 748
f 648 748 649
f 649 748 749
f 649 749 650
f 650 749 750
f 650 750 651
f 651 750 751
f 651 751 652
f 652 751 752
f 652 752 653
f 653 752 753
f 653 753 654
f 654 753 754
f 654 754 655
f 655 754 755
f 655 755 656
f 656 755 756
f 656 756 657
f 657 756 757
f 657 757 658
f 658 757 758
f 658 758 659
f 659 758 759
f 659 759 660
f 660 759 760
f 660 760 661
f 661 760 761
f 661 761 662
f 662 761 762
f 662 762 663
f 663 762 763
f 663 763 664
f 664 763 764
f 664 764 665
f 665 764 765
f 665 765 666
f 666 765 766
f 666 766 667
f 667 766 767
f 667 767 668
f 668 767 768
f 668 768 669
f 669 768 769
f 669 769 670
f 670 769 770
f 670 770 671
f 671 770 771
f 671 771 672
f 672 771 772
f 672 772 673
f 673 772 773
f 673 773 674
f 674 773 774
f 674 774 675
f 675 774 775
f 675 775 676
f 676 775 776
f 676 776 677
f 677 776 777
f 677 777 678
f 678 777 778
f 678 778 679
f 679 778 779
f 679 779 680
f 680 779 780
f 680 780 681
f 681 780 781
f 681 781 682
f 682 781 782
f 682 782 683
f 683 782 783
f 683 783 684
f 684 783 784
f 684 784 685
f 685 784 785
f 685 785 686
f 686 785 786
f 686 786 687
f 687 786 787
f 687 787 688
f 688 787 788
f 688 788 689
f 689 788 789
f 689 789 690
f 690 789 790
f 690 790 691
f 691 790 791
f 691 791 692
f 692 791 792
f 692 792 693
f 693 792 793
f 693 793 694
f 694 793 794
f 694 794 695
f 695 794 795
f 695 795 696
f 696 795 796
f 696 796 697
f 697 796 797
f 697 797 698
f 698 797 798
f 698 798 699
f 699 798 799
f 699 799 700
f 700 799 800
f 700 800 701
f 701 800 801
f 701 801 602
f 602 801 702
f 702 802 703
f 703 802 803
f 703 803 704
f 704 803 804
f 704 804 705
f 705 804 805
f 705 805 706
f 706 805 806
f 706 806 707
f 707 806 807
f 707 807 708
f 708 807 808
f 708 808 709
f 709 808 809
f 709 809 710
f 710 809 810
f 710 810 711
f 711 810 811
f 711 811 712
f 712 811 812
f 712 812 713
f 713 812 813
f 713 813 714
f 714 813 814
f 714 814 715
f 715 814 815
f 715 815 716
f 716 815 816
f 716 816 717
f 717 816 817
f 717 817 718
f 718 817 818
f 718 818 719
f 719 818 819
f 719 819 720
f 720 819 820
f 720 820 721
f 721 820 821
f 721 821 722
f 722 821 822
f 722 822 723
f 723 822 823
f 723 823 724
f 724 823 824
f 724 824 725
f 725 824 825
f 725 825 726
f 726 825 826
f 726 826 727
f 727 826 827
f 727 827 728
f 728 827 828
f 728 828 729
f 729 828 829
f 729 829 730
f 730 829 830
f 730 830 731
f 731 830 831
f 731 831 732
f 732 831 832
f 732 832 733
f 733 832 833
f 733 833 734
f 734 833 834
f 734 834 735
f 735 834 835
f 735 835 736
f 736 835 836
f 736 836 737
f 737 836 837
f 737 837 738
f 738 837 838
f 738 838 739
f 739 838 839
f 739 839 740
f 740 839 840
f 740 840 741
f 741 840 841
f 741 841 742
f 742 841 842
f 742 842 743
f 743 842 843
f 743 843 744
f 744 843 844
f 744 844 745
f 745 844 845
f 745 845 746
f 746 845 846
f 746 846 747
f 747 846 847
f 747 847 748
f 748 847 848
f 748 848 749
f 749 848 849
f 749 849 750
f 750 849 850
f 750 850 751
f 751 850 851
f 751 851 752
f 752 851 852
f 752 852 753
f 753 852 853
f 753 853 754
f 754 853 854
f 754 854 755
f 755 854 855
f 755 855 756
f 756 855 856
f 756 856 757
f 757 856 857
f 757 857 758
f 758 857 858
f 758 858 759
f 759 858 859
f 759 859 760
f 760 859 860
f 760 860 761
f 761 860 861
f 761 861 762
f 762 861 862
f 762 862 763
f 763 862 863
f 763 863 764
f 764 863 864
f 764 864 765
f 765 864 865
f 765 865 766
f 766 865 866
f 766 866 767
f 767 866 867
f 767 867 768
f 768 867 868
f 768 868 769
f 769 868 869
f 769 869 770
f 770 869 870
f 770 870 771
f 771 870 871
f 771 871 772
f 772 871 872
f 772 872 773
f 773 872 873
f 773 873 774
f 774 873 874
f 774 874 775
f 775 874 875
f 775 875 776
f 776 875 876
f 776 876 777
f 777 876 877
f 777 877 778
f 778 877 878
f 778 878 779
f 779 878 879
f 779 879 780
f 780 879 880
f 780 880 781
f 781 880 881
f 781 881 782
f 782 881 882
f 782 882 783
f 783 882 883
f 783 883 784
f 784 883 884
f 784 884 785
f 785 884 885
f 785 885 786
f 786 885 886
f 786 886 787
f 787 886 887
f 787 887 788
f 788 887 888
f 788 888 789
f 789 888 889
f 789 889 790
f 790 889 890
f 790 890 791
f 791 890 891
f 791 891 792
f 792 891 892
f 792 892 793
f 793 892 893
f 793 893 794
f 794 893 894
f 794 894 795
f 795 894 895
f 795 895 796
f 796 895 896
f 796 896 797
f 797 896 897
f 797 897 798
f 798 897 898
f 798 898 799
f 799 898 899
f 799 899 800
f 800 899 900
f 800 900 801
f 801 900 901
f 801 901 702
f 702 901 802
f 802 902 803
f 803 902 903
f 803 903 804
f 804 903 904
f 804 904 805
f 805 904 905
f 805 905 806
f 806 905 906
f 806 906 807
f 807 906 907
f 807 907 808
f 808 907 908
f 808 908 809
f 809 908 909
f 809 909 810
f 810 909 910
f 810 910 811
f 811 910 911
f 811 911 812
f 812 911 912
f 812 912 813
f 813 912 913
f 813 913 814
f 814 913 914
f 814 914 815
f 815 914 915
f 815 915 816
f 816 915 916
f 816 916 817
f 817 916 917
f 817 917 818
f 818 917 918
f 818 918 819
f 819 918 919
f 819 919 820
f 820 919 920
f 820 920 821
f 821 920 921
f 821 921 822
f 822 921 922
f 822 922 823
f 823 922 923
f 823 923 824
f 824 923 924
f 824 924 825
f 825 924 925
f 825 925 826
f 826 925 926
f 826 926 827
f 827 926 927
f 827 927 828
f 828 927 928
f 828 928 829
f 829 928 929
f 829 929 830
f 830 929 930
f 830 930 831
f 831 930 931
f 831 931 832
f 832 931 932
f 832 932 833
f 833 932 933
f 833 933 834
f 834 933 934
f 834 934 835
f 835 934 935
f 835 935 836
f 836 935 936
f 836 936 837
f 837 936 937
f 837 937 838
f 838 937 938
f 838 938 839
f 839 938 939
f 839 939 840
f 840 939 940
f 840 940 841
f 841 940 941
f 841 941 842
f 842 941 942
f 842 942 843
f 843 942 943
f 843 943 844
f 844 943 944
f 844 944 845
f 845 944 945
f 845 945 846
f 846 945 946
f 846 946 847
f 847 946 947
f 847 947 848
f 848 947 948
f 848 948 849
f 849 948 949
f 849 949 850
f 850 949 950
f 850 950 851
f 851 950 951
f 851 951 852
f 852 951 952
f 852 952 853
f 853 952 953
f 853 953 854
f 854 953 954
f 854 954 855
f 855 954 955
f 855 955 856
f 856 955 956
f 856 956 857
f 857 956 957
f 857 957 858
f 858 957 958
f 858 958 859
f 859 958 959
f 859 959 860
f 860 959 960
f 860 960 861
f 861 960 961
f 861 961 862
f 862 961 962
f 862 962 863
f 863 962 963
f 863 963 864
f 864 963 964
f 864 964 865
f 865 964 965
f 865 965 866
f 866 965 966
f 866 966 867
f 867 966 967
f 867 967 868
f 868 967 968
f 868 968 869
f 869 968 969
f 869 969 870
f 870 969 970
f 870 970 871
f 871 970 971
f 871 971 872
f 872 971 972
f 872 972 873
f 873 972 973
f 873 973 874
f 874 973 974
f 874 974 875
f 875 974 975
f 875 975 876
f 876 975 976
f 876 976 877
f 877 976 977
f 877 977 878
f 878 977 978
f 878 978 879
f 879 978 979
f 879 979 880
f 880 979 980
f 880 980 881
f 881 980 981
f 881 981 882
f 882 981 982
f 882 982 883
f 883 982 983
f 883 983 884
f 884 983 984
f 884 984 885
f 885 984 985
f 885 985 886
f 886 985 986
f 886 986 887
f 887 986 987
f 887 987 888
f 888 987 988
f 888 988 889
f 889 988 989
f 889 989 890
f 890 989 990
f 890 990 891
f 891 990 991
f 891 991 892
f 892 991 992
f 892 992 893
f 893 992 993
f 893 993 894
f 894 993 994
f 894 994 895
f 895 994 995
f 895 995 896
f 896 995 996
f 896 996 897
f 897 996 997
f 897 997 898
f 898 997 998
f 898 998 899
f 899 998 999
f 899 999 900
f 900 999 1000
f 900 1000 901
f 901 1000 1001
f 901 1001 802
f 802 1001 902
f 902 1002 903
f 903 1002 1003
f 903 1003 904
f 904 1003 1004
f 904 1004 905
f 905 1004 1005
f 905 1005 906
f 906 1005 1006
f 906 1006 907
f 907 1006 1007
f 907 1007 908
f 908 1007 1008
f 908 1008 909
f 909 1008 1009
f 909 1009 910
f 910 1009 1010
f 910 1010 911
f 911 1010 1011
f 911 1011 912
f 912 1011 1012
f 912 1012 913
f 913 1012 1013
f 913 1013 914
f 914 1013 1014
f 914 1014 915
f 915 1014 1015
f 915 1015 916
f 916 1015 1016
f 916 1016 917
f 917 1016 1017
f 917 1017 918
f 918 1017 1018
f 918 1018 919
f 919 1018 1019
f 919 1019 920
f 920 1019 1020
f 920 1020 921
f 921 1020 1021
f 921 1021 922
f 922 1021 1022
f 922 1022 923
f 923 1022 1023
f 923 1023 924
f 924 1023 1024
f 924 1024 925
f 925 1024 1025
f 925 1025 926
f 926 1025 1026
f 926 1026 927
f 927 1026 1027
f 927 1027 928
f 928 1027 1028
f 928 1028 929
f 929 1028 1029
f 929 1029 930
f 930 1029 1030
f 930 1030 931
f 931 1030 1031
f 931 1031 932
f 932 1031 1032
f 932 1032 933
f 933 1032 1033
f 933 1033 934
f 934 1033 1034
f 934 1034 935
f 935 1034 1035
f 935 1035 936
f 936 1035 1036
f 936 1036 937
f 937 1036 1037
f 937 1037 938
f 938 1037 1038
f 938 1038 939
f 939 1038 1039
f 939 1039 940
f 940 1039 1040
f 940 1040 941
f 941 1040 1041
f 941 1041 942
f 942 1041 1042
f 942 1042 943
f 943 1042 1043
f 943 1043 944
f 944 1043 1044
f 944 1044 945
f 945 1044 1045
f 945 1045 946
f 946 1045 1046
f 946 1046 947
f 947 1046 1047
f 947 1047 948
f 948 1047 1048
f 948 1048 949
f 949 1048 1049
f 949 1049 950
f 950 1049 1050
f 950 1050 951
f 951 1050 1051
f 951 1051 952
f 952 1051 1052
f 952 1052 953
f 953 1052 1053
f 953 1053 954
f 954 1053 1054
f 954 1054 955
f 955 1054 1055
f 955 1055 956
f 956 1055 1056
f 956 1056 957
f 957 1056 1057
f 957 1057 958
f 958 1057 1058
f 958 1058 959
f 959 1058 1059
f 959 1059 960
f 960 1059 1060
f 960 1060 961
f 961 1060 1061
f 961 1061 962
f 962 1061 1062
f 962 1062 963
f 963 1062 1063
f 963 1063 964
f 964 1063 1064
f 964 1064 965
f 965 1064 1065
f 965 1065 966
f 966 1065 1066
f 966 1066 967
f 967 1066 1067
f 967 1067 968
f 968 1067 1068
f 968 1068 969
f 969 1068 1069
f 969 1069 970
f 970 1069 1070
f 970 1070 971
f 971 1070 1071
f 971 1071 972
f 972 1071 1072
f 972 1072 973
f 973 1072 1073
f 973 1073 974
f 974 1073 1074
f 974 1074 975
f 975 1074 1075
f 975 1075 976
f 976 1075 1076
f 976 1076 977
f 977 1076 1077
f 977 1077 978
f 978 1077 1078
f 978 1078 979
f 979 1078 1079
f 979 1079 980
f 980 1079 1080
f 980 1080 981
f 981 1080 1081
f 981 1081 982
f 982 1081 1082
f 982 1082 983
f 983 1082 1083
f 983 1083 984
f 984 1083 1084
f 984 1084 985
f 985 1084 1085
f 985 1085 986
f 986 1085 1086
f 986 1086 987
f 987 1086 1087
f 987 1087 988
f 988 1087 1088
f 988 1088 989
f 989 1088 1089
f 989 1089 990
f 990 1089 1090
f 990 1090 991
f 991 1090 1091
f 991 1091 992
f 992 1091 1092
f 992 1092 993
f 993 1092 1093
f 993 1093 994
f 994 1093 1094
f 994 1094 995
f 995 1094 1095
f 995 1095 996
f 996 1095 1096
f 996 1096 997
f 997 1096 1097
f 997 1097 998
f 998 1097 1098
f 998 1098 999
f 999 1098 1099
f 999 1099 1000
f 1000 1099 1100
f 1000 1100 1001
f 1001 1100 1101
f 1001 1101 902
f 902 1101 1002
f 1002 1102 1003
f 1003 1102 1103
f 1003 1103 1004
f 1004 1103 1104
f 1004 1104 1005
f 1005 1104 1105
f 1005 1105 1006
f 1006 1105 1106
f 1006 1106 1007
f 1007 1106 1107
f 1007 1107 1008
f 1008 1107 1108
f 1008 1108 1009
f 1009 1108 1109
f 1009 1109 1010
f 1010 1109 1110
f 1010 1110 1011
f 1011 1110 1111
f 1011 1111 1012
f 1012 1111 1112
f 1012 1112 1013
f 1013 1112 1113
f 1013 1113 1014
f 1014 1113 1114
f 1014 1114 1015
f 1015 1114 1115
f 1015 1115 1016
f 1016 1115 1116
f 1016 1116 1017
f 1017 1116 1117
f 1017 1117 1018
f 1018 1117 1118
f 1018 1118 1019
f 1019 1118 1119
f 1019 1119 1020
f 1020 1119 1120
f 1020 1120 1021
f 1021 1120 1121
f 1021 1121 1022
f 1022 1121 1122
f 1022 1122 1023
f 1023 1122 1123
f 1023 1123 1024
f 1024 1123 1124
f 1024 1124 1025
f 1025 1124 1125
f 1025 1125 1026
f 1026 1125 1126
f 1026 1126 1027
f 1027 1126 1127
f 1027 1127 1028
f 1028 1127 1128
f 1028 1128 1029
f 1029 1128 1129
f 1029 1129 1030
f 1030 1129 1130
f 1030 1130 1031
f 1031 1130 1131
f 1031 1131 1032
f 1032 1131 1132
f 1032 1132 1033
f 1033 1132 1133
f 1033 1133 1034
f 1034 1133 1134
f 1034 1134 1035
f 1035 1134 1135
f 1035 1135 1036
f 1036 1135 1136
f 1036 1136 1037
f 1037 1136 1137
f 1037 1137 1038
f 1038 1137 1138
f 1038 1138 1039
f 1039 1138 1139
f 1039 1139 1040
f 1040 1139 1140
f 1040 1140 1041
f 1041 1140 1141
f 1041 1141 1042
f 1042 1141 1142
f 1042 1142 1043
f 1043 1142 1143
f 1043 1143 1044
f 1044 1143 1144
f 1044 1144 1045
f 1045 1144 1145
f 1045 1145 1046
f 1046 1145 1146
f 1046 1146 1047
f 1047 1146 1147
f 1047 1147 1048
f 1048 1147 1148
f 1048 1148 1049
f 1049 1148 1149
f 1049 1149 1050
f 1050 1149 1150
f 1050 1150 1051
f 1051 1150 1151
f 1051 1151 1052
f 1052 1151 1152
f 1052 1152 1053
f 1053 1152 1153
f 1053 1153 1054
f 1054 1153 1154
f 1054 1154 1055
f 1055 1154 1155
f 1055 1155 1056
f 1056 1155 1156
f 1056 1156 1057
f 1057 1156 1157
f 1057 1157 1058
f 1058 1157 1158
f 1058 1158 1059
f 1059 1158 1159
f 1059 1159 1060
f 1060 1159 1160
f 1060 1160 1061
f 1061 1160 1161
f 1061 1161 1062
f 1062 1161 1162
f 1062 1162 1063
f 1063 1162 1163
f 1063 1163 1064
f 1064 1163 1164
f 1064 1164 1065
f 1065 1164 1165
f 1065 1165 1066
f 1066 1165 1166
f 1066 1166 1067
f 1067 1166 1167
f 1067 1167 1068
f 1068 1167 1168
f 1068 1168 1069
f 1069 1168 1169
f 1069 1169 1070
f 1070 1169 1170
f 1070 1170 1071
f 1071 1170 1171
f 1071 1171 1072
f 1072 1171 1172
f 1072 1172 1073
f 1073 1172 1173
f 1073 1173 1074
f 1074 1173 1174
f 1074 1174 1075
f 1075 1174 1175
f 1075 1175 1076
f 1076 1175 1176
f 1076 1176 1077
f 1077 1176 1177
f 1077 1177 1078
f 1078 1177 1178
f 1078 1178 1079
f 1079 1178 1179
f 1079 1179 1080
f 1080 1179 1180
f 1080 1180 1081
f 1081 1180 1181
f 1081 1181 1082
f 1082 1181 1182
f 1082 1182 1083
f 1083 1182 1183
f 1083 1183 1084
f 1084 1183 1184
f 1084 1184 1085
f 1085 1184 1185
f 1085 1185 1086
f 1086 1185 1186
f 1086 1186 1087
f 1087 1186 1187
f 1087 1187 1088
f 1088 1187 1188
f 1088 1188 1089
f 1089 1188 1189
f 1089 1189 1090
f 1090 1189 1190
f 1090 1190 1091
f 1091 1190 1191
f 1091 1191 1092
f 1092 1191 1192
f 1092 1192 1093
f 1093 1192 1193
f 1093 1193 1094
f 1094 1193 1194
f 1094 1194 1095
f 1095 1194 1195
f 1095 1195 1096
f 1096 1195 1196
f 1096 1196 1097
f 1097 1196 1197
f 1097 1197 1098
f 1098 1197 1198
f 1098 1198 1099
f 1099 1198 1199
f 1099 1199 1100
f 1100 1199 1200
f 1100 1200 1101
f 1101 1200 1201
f 1101 1201 1002
f 1002 1201 1102
f 1102 1202 1103
f 1103 1202 1203
f 1103 1203 1104
f 1104 1203 1204
f 1104 1204 1105
f 1105 1204 1205
f 1105 1205 1106
f 1106 1205 1206
f 1106 1206 1107
f 1107 1206 1207
f 1107 1207 1108
f 1108 1207 1208
f 1108 1208 1109
f 1109 1208 1209
f 1109 1209 1110
f 1110 1209 1210
f 1110 1210 1111
f 1111 1210 1211
f 1111 1211 1112
f 1112 1211 1212
f 1112 1212 1113
f 1113 1212 1213
f 1113 1213 1114
f 1114 1213 1214
f 1114 1214 1115
f 1115 1214 1215
f 1115 1215 1116
f 1116 1215 1216
f 1116 1216 1117
f 1117 1216 1217
f 1117 1217 1118
f 1118 1217 1218
f 1118 1218 1119
f 1119 1218 1219
f 1119 1219 1120
f 1120 1219 1220
f 1120 1220 1121
f 1121 1220 1221
f 1121 1221 1122
f 1122 1221 1222
f 1122 1222 1123
f 1123 1222 1223
f 1123 1223 1124
f 1124 1223 1224
f 1124 1224 1125
f 1125 1224 1225
f 1125 1225 1126
f 1126 1225 1226
f 1126 1226 1127
f 1127 1226 1227
f 1127 1227 1128
f 1128 1227 1228
f 1128 1228 1129
f 1129 1228 1229
f 1129 1229 1130
f 1130 1229 1230
f 1130 1230 1131
f 1131 1230 1231
f 1131 1231 1132
f 1132 1231 1232
f 1132 1232 1133
f 1133 1232 1233
f 1133 1233 1134
f 1134 1233 1234
f 1134 1234 1135
f 1135 1234 1235
f 1135 1235 1136
f 1136 1235 1236
f 1136 1236 1137
f 1137 1236 1237
f 1137 1237 1138
f 1138 1237 1238
f 1138 1238 1139
f 1139 1238 1239
f 1139 1239 1140
f 1140 1239 1240
f 1140 1240 1141
f 1141 1240 1241
f 1141 1241 1142
f 1142 1241 1242
f 1142 1242 1143
f 1143 1242 1243
f 1143 1243 1144
f 1144 1243 1244
f 1144 1244 1145
f 1145 1244 1245
f 1145 1245 1146
f 1146 1245 1246
f 1146 1246 1147
f 1147 1246 1247
f 1147 1247 1148
f 1148 1247 1248
f 1148 1248 1149
f 1149 1248 1249
f 1149 1249 1150
f 1150 1249 1250
f 1150 1250 1151
f 1151 1250 1251
f 1151 1251 1152
f 1152 1251 1252
f 1152 1252 1153
f 1153 1252 1253
f 1153 1253 1154
f 1154 1253 1254
f 1154 1254 1155
f 1155 1254 1255
f 1155 1255 1156
f 1156 1255 1256
f 1156 1256 1157
f 1157 1256 1257
f 1157 1257 1158
f 1158 1257 1258
f 1158 1258 1159
f 1159 1258 1259
f 1159 1259 1160
f 1160 1259 1260
f 1160 1260 1161
f 1161 1260 1261
f 1161 1261 1162
f 1162 1261 1262
f 1162 1262 1163
f 1163 1262 1263
f 1163 1263 1164
f 1164 1263 1264
f 1164 1264 1165
f 1165 1264 1265
f 1165 1265 1166
f 1166 1265 1266
f 1166 1266 1167
f 1167 1266 1267
f 1167 1267 1168
f 1168 1267 1268
f 1168 1268 1169
f 1169 1268 1269
f 1169 1269 1170
f 1170 1269 1270
f 1170 1270 1171
f 1171 1270 1271
f 1171 1271 1172
f 1172 1271 1272
f 1172 1272 1173
f 1173 1272 1273
f 1173 1273 1174
f 1174 1273 1274
f 1174 1274 1175
f 1175 1274 1275
f 1175 1275 1176
f 1176 1275 1276
f 1176 1276 1177
f 1177 1276 1277
f 1177 1277 1178
f 1178 1277 1278
f 1178 1278 1179
f 1179 1278 1279
f 1179 1279 1180
f 1180 1279 1280
f 1180 1280 1181
f 1181 1280 1281
f 1181 1281 1182
f 1182 1281 1282
f 1182 1282 1183
f 1183 1282 1283
f 1183 1283 1184
f 1184 1283 1284
f 1184 1284 1185
f 1185 1284 1285
f 1185 1285 1186
f 1186 1285 1286
f 1186 1286 1187
f 1187 1286 1287
f 1187 1287 1188
f 1188 1287 1288
f 1188 1288 1189
f 1189 1288 1289
f 1189 1289 1190
f 1190 1289 1290
f 1190 1290 1191
f 1191 1290 1291
f 1191 1291 1192
f 1192 1291 1292
f 1192 1292 1193
f 1193 1292 1293
f 1193 1293 1194
f 1194 1293 1294
f 1194 1294 1195
f 1195 1294 1295
f 1195 1295 1196
f 1196 1295 1296
f 1196 1296 1197
f 1197 1296 1297
f 1197 1297 1198
f 1198 1297 1298
f 1198 1298 1199
f 1199 1298 1299
f 1199 1299 1200
f 1200 1299 1300
f 1200 1300 1201
f 1201 1300 1301
f 1201 1301 1102
f 1102 1301 1202
f 1202 1302 1203
f 1203 1302 1303
f 1203 1303 1204
f 1204 1303 1304
f 1204 1304 1205
f 1205 1304 1305
f 1205 1305 1206
f 1206 1305 1306
f 1206 1306 1207
f 1207 1306 1307
f 1207 1307 1208
f 1208 1307 1308
f 1208 1308 1209
f 1209 1308 1309
f 1209 1309 1210
f 1210 1309 1310
f 1210 1310 1211
f 1211 1310 1311
f 1211 1311 1212
f 1212 1311 1312
f 1212 1312 1213
f 1213 1312 1313
f 1213 1313 1214
f 1214 1313 1314
f 1214 1314 1215
f 1215 1314 1315
f 1215 1315 1216
f 1216 1315 1316
f 1216 1316 1217
f 1217 1316 1317
f 1217 1317 1218
f 1218 1317 1318
f 1218 1318 1219
f 1219 1318 1319
f 1219 1319 1220
f 1220 1319 1320
f 1220 1320 1221
f 1221 1320 1321
f 1221 1321 1222
f 1222 1321 1322
f 1222 1322 1223
f 1223 1322 1323
f 1223 1323 1224
f 1224 1323 1324
f 1224 1324 1225
f 1225 1324 1325
f 1225 1325 1226
f 1226 1325 1326
f 1226 1326 1227
f 1227 1326 1327
f 1227 1327 1228
f 1228 1327 1328
f 1228 1328 1229
f 1229 1328 1329
f 1229 1329 1230
f 1230 1329 1330
f 1230 1330 1231
f 1231 1330 1331
f 1231 1331 1232
f 1232 1331 1332
f 1232 1332 1233
f 1233 1332 1333
f 1233 1333 1234
f 1234 1333 1334
f 1234 1334 1235
f 1235 1334 1335
f 1235 1335 1236
f 1236 1335 1336
f 1236 1336 1237
f 1237 1336 1337
f 1237 1337 1238
f 1238 1337 1338
f 1238 1338 1239
f 1239 1338 1339
f 1239 1339 1240
f 1240 1339 1340
f 1240 1340 1241
f 1241 1340 1341
f 1241 1341 1242
f 1242 1341 1342
f 1242 1342 1243
f 1243 1342 1343
f 1243 1343 1244
f 1244 1343 1344
f 1244 1344 1245
f 1245 1344 1345
f 1245 1345 1246
f 1246 1345 1346
f 1246 1346 1247
f 1247 1346 1347
f 1247 1347 1248
f 1248 1347 1348
f 1248 1348 1249
f 1249 1348 1349
f 1249 1349 1250
f 1250 1349 1350
f 1250 1350 1251
f 1251 1350 1351
f 1251 1351 1252
f 1252 1351 1352
f 1252 1352 1253
f 1253 1352 1353
f 1253 1353 1254
f 1254 1353 1354
f 1254 1354 1255
f 1255 1354 1355
f 1255 1355 1256
f 1256 1355 1356
f 1256 1356 1257
f 1257 1356 1357
f 1257 1357 1258
f 1258 1357 1358
f 1258 1358 1259
f 1259 1358 1359
f 1259 1359 1260
f 1260 1359 1360
f 1260 1360 1261
f 1261 1360 1361
f 1261 1361 1262
f 1262 1361 1362
f 1262 1362 1263
f 1263 1362 1363
f 1263 1363 1264
f 1264 1363 1364
f 1264 1364 1265
f 1265 1364 1365
f 1265 1365 1266
f 1266 1365 1366
f 1266 1366 1267
f 1267 1366 1367
f 1267 1367 1268
f 1268 1367 1368
f 1268 1368 1269
f 1269 1368 1369
f 1269 1369 1270
f 1270 1369 1370
f 1270 1370 1271
f 1271 1370 1371
f 1271 1371 1272
f 1272 1371 1372
f 1272 1372 1273
f 1273 1372 1373
f 1273 1373 1274
f 1274 1373 1374
f 1274 1374 1275
f 1275 1374 1375
f 1275 1375 1276
f 1276 1375 1376
f 1276 1376 1277
f 1277 1376 1377
f 1277 1377 1278
f 1278 1377 1378
f 1278 1378 1279
f 1279 1378 1379
f 1279 1379 1280
f 1280 1379 1380
f 1280 1380 1281
f 1281 1380 1381
f 1281 1381 1282
f 1282 1381 1382
f 1282 1382 1283
f 1283 1382 1383
f 1283 1383 1284
f 1284 1383 1384
f 1284 1384 1285
f 1285 1384 1385
f 1285 1385 1286
f 1286 1385 1386
f 1286 1386 1287
f 1287 1386 1387
f 1287 1387 1288
f 1288 1387 1388
f 1288 1388 1289
f 1289 1388 1389
f 1289 1389 1290
f 1290 1389 1390
f 1290 1390 1291
f 1291 1390 1391
f 1291 1391 1292
f 1292 1391 1392
f 1292 1392 1293
f 1293 1392 1393
f 1293 1393 1294
f 1294 1393 1394
f 1294 1394 1295
f 1295 1394 1395
f 1295 1395 1296
f 1296 1395 1396
f 1296 1396 1297
f 1297 1396 1397
f 1297 1397 1298
f 1298 1397 1398
f 1298 1398 1299
f 1299 1398 1399
f 1299 1399 1300
f 1300 1399 1400
f 1300 1400 1301
f 1301 1400 1401
f 1301 1401 1202
f 1202 1401 1302
f 1302 1402 1303
f 1303 1402 1403
f 1303 1403 1304
f 1304 1403 1404
f 1304 1404 1305
f 1305 1404 1405
f 1305 1405 1306
f 1306 1405 1406
f 1306 1406 1307
f 1307 1406 1407
f 1307 1407 1308
f 1308 1407 1408
f 1308 1408 1309
f 1309 1408 1409
f 1309 1409 1310
f 1310 1409 1410
f 1310 1410 1311
f 1311 1410 1411
f 1311 1411 1312
f 1312 1411 1412
f 1312 1412 1313
f 1313 1412 1413
f 1313 1413 1314
f 1314 1413 1414
f 1314 1414 1315
f 1315 1414 1415
f 1315 1415 1316
f 1316 1415 1416
f 1316 1416 1317
f 1317 1416 1417
f 1317 1417 1318
f 1318 1417 1418
f 1318 1418 1319
f 1319 1418 1419
f 1319 1419 1320
f 1320 1419 1420
f 1320 1420 1321
f 1321 1420 1421
f 1321 1421 1322
f 1322 1421 1422
f 1322 1422 1323
f 1323 1422 1423
f 1323 1423 1324
f 1324 1423 1424
f 1324 1424 1325
f 1325 1424 1425
f 1325 1425 1326
f 1326 1425 1426
f 1326 1426 1327
f 1327 1426 1427
f 1327 1427 1328
f 1328 1427 1428
f 1328 1428 1329
f 1329 1428 1429
f 1329 1429 1330
f 1330 1429 1430
f 1330 1430 1331
f 1331 1430 1431
f 1331 1431 1332
f 1332 1431 1432
f 1332 1432 1333
f 1333 1432 1433
f 1333 1433 1334
f 1334 1433 1434
f 1334 1434 1335
f 1335 1434 1435
f 1335 1435 1336
f 1336 1435 1436
f 1336 1436 1337
f 1337 1436 1437
f 1337 1437 1338
f 1338 1437 1438
f 1338 1438 1339
f 1339 1438 1439
f 1339 1439 1340
f 1340 1439 1440
f 1340 1440 1341
f 1341 1440 1441
f 1341 1441 1342
f 1342 1441 1442
f 1342 1442 1343
f 1343 1442 1443
f 1343 1443 1344
f 1344 1443 1444
f 1344 1444 1345
f 1345 1444 1445
f 1345 1445 1346
f 1346 1445 1446
f 1346 1446 1347
f 1347 1446 1447
f 1347 1447 1348
f 1348 1447 1448
f 1348 1448 1349
f 1349 1448 1449
f 1349 1449 1350
f 1350 1449 1450
f 1350 1450 1351
f 1351 1450 1451
f 1351 1451 1352
f 1352 1451 1452
f 1352 1452 1353
f 1353 1452 1453
f 1353 1453 1354
f 1354 1453 1454
f 1354 1454 1355
f 1355 1454 1455
f 1355 1455 1356
f 1356 1455 1456
f 1356 1456 1357
f 1357 1456 1457
f 1357 1457 1358
f 1358 1457 1458
f 1358 1458 1359
f 1359 1458 1459
f 1359 1459 1360
f 1360 1459 1460
f 1360 1460 1361
f 1361 1460 1461
f 1361 1461 1362
f 1362 1461 1462
f 1362 1462 1363
f 1363 1462 1463
f 1363 1463 1364
f 1364 1463 1464
f 1364 1464 1365
f 1365 1464 1465
f 1365 1465 1366
f 1366 1465 1466
f 1366 1466 1367
f 1367 1466 1467
f 1367 1467 1368
f 1368 1467 1468
f 1368 1468 1369
f 1369 1468 1469
f 1369 1469 1370
f 1370 1469 1470
f 1370 1470 1371
f 1371 1470 1471
f 1371 1471 1372
f 1372 1471 1472
f 1372 1472 1373
f 1373 1472 1473
f 1373 1473 1374
f 1374 1473 1474
f 1374 1474 1375
f 1375 1474 1475
f 1375 1475 1376
f 1376 1475 1476
f 1376 1476 1377
f 1377 1476 1477
f 1377 1477 1378
f 1378 1477 1478
f 1378 1478 1379
f 1379 1478 1479
f 1379 1479 1380
f 1380 1479 1480
f 1380 1480 1381
f 1381 1480 1481
f 1381 1481 1382
f 1382 1481 1482
f 1382 1482 1383
f 1383 1482 1483
f 1383 1483 1384
f 1384 1483 1484
f 1384 1484 1385
f 1385 1484 1485
f 1385 1485 1386
f 1386 1485 1486
f 1386 1486 1387
f 1387 1486 1487
f 1387 1487 1388
f 1388 1487 1488
f 1388 1488 1389
f 1389 1488 1489
f 1389 1489 1390
f 1390 1489 1490
f 1390 1490 1391
f 1391 1490 1491
f 1391 1491 1392
f 1392 1491 1492
f 1392 1492 1393
f 1393 1492 1493
f 1393 1493 1394
f 1394 1493 1494
f 1394 1494 1395
f 1395 1494 1495
f 1395 1495 1396
f 1396 1495 1496
f 1396 1496 1397
f 1397 1496 1497
f 1397 1497 1398
f 1398 1497 1498
f 1398 1498 1399
f 1399 1498 1499
f 1399 1499 1400
f 1400 1499 1500
f 1400 1500 1401
f 1401 1500 1501
f 1401 1501 1302
f 1302 1501 1402
f 1402 1502 1403
f 1403 1502 1503
f 1403 1503 1404
f 1404 1503 1504
f 1404 1504 1405
f 1405 1504 1505
f 1405 1505 1406
f 1406 1505 1506
f 1406 1506 1407
f 1407 1506 1507
f 1407 1507 1408
f 1408 1507 1508
f 1408 1508 1409
f 1409 1508 1509
f 1409 1509 1410
f 1410 1509 1510
f 1410 1510 1411
f 1411 1510 1511
f 1411 1511 1412
f 1412 1511 1512
f 1412 1512 1413
f 1413 1512 1513
f 1413 1513 1414
f 1414 1513 1514
f 1414 1514 1415
f 1415 1514 1515
f 1415 1515 1416
f 1416 1515 1516
f 1416 1516 1417
f 1417 1516 1517
f 1417 1517 1418
f 1418 1517 1518
f 1418 1518 1419
f 1419 1518 1519
f 1419 1519 1420
f 1420 1519 1520
f 1420 1520 1421
f 1421 1520 1521
f 1421 1521 1422
f 1422 1521 1522
f 1422 1522 1423
f 1423 1522 1523
f 1423 1523 1424
f 1424 1523 1524
f 1424 1524 1425
f 1425 1524 1525
f 1425 1525 1426
f 1426 1525 1526
f 1426 1526 1427
f 1427 1526 1527
f 1427 1527 1428
f 1428 1527 1528
f 1428 1528 1429
f 1429 1528 1529
f 1429 1529 1430
f 1430 1529 1530
f 1430 1530 1431
f 1431 1530 1531
f 1431 1531 1432
f 1432 1531 1532
f 1432 1532 1433
f 1433 1532 1533
f 1433 1533 1434
f 1434 1533 1534
f 1434 1534 1435
f 1435 1534 1535
f 1435 1535 1436
f 1436 1535 1536
f 1436 1536 1437
f 1437 1536 1537
f 1437 1537 1438
f 1438 1537 1538
f 1438 1538 1439
f 1439 1538 1539
f 1439 1539 1440
f 1440 1539 1540
f 1440 1540 1441
f 1441 1540 1541
f 1441 1541 1442
f 1442 1541 1542
f 1442 1542 1443
f 1443 1542 1543
f 1443 1543 1444
f 1444 1543 1544
f 1444 1544 1445
f 1445 1544 1545
f 1445 1545 1446
f 1446 1545 1546
f 1446 1546 1447
f 1447 1546 1547
f 1447 1547 1448
f 1448 1547 1548
f 1448 1548 1449
f 1449 1548 1549
f 1449 1549 1450
f 1450 1549 1550
f 1450 1550 1451
f 1451 1550 1551
f 1451 1551 1452
f 1452 1551 1552
f 1452 1552 1453
f 1453 1552 1553
f 1453 1553 1454
f 1454 1553 1554
f 1454 1554 1455
f 1455 1554 1555
f 1455 1555 1456
f 1456 1555 1556
f 1456 1556 1457
f 1457 1556 1557
f 1457 1557 1458
f 1458 1557 1558
f 1458 1558 1459
f 1459 1558 1559
f 1459 1559 1460
f 1460 1559 1560
f 1460 1560 1461
f 1461 1560 1561
f 1461 1561 1462
f 1462 1561 1562
f 1462 1562 1463
f 1463 1562 1563
f 1463 1563 1464
f 1464 1563 1564
f 1464 1564 1465
f 1465 1564 1565
f 1465 1565 1466
f 1466 1565 1566
f 1466 1566 1467
f 1467 1566 1567
f 1467 1567 1468
f 1468 1567 1568
f 1468 1568 1469
f 1469 1568 1569
f 1469 1569 1470
f 1470 1569 1570
f 1470 1570 1471
f 1471 1570 1571
f 1471 1571 1472
f 1472 1571 1572
f 1472 1572 1473
f 1473 1572 1573
f 1473 1573 1474
f 1474 1573 1574
f 1474 1574 1475
f 1475 1574 1575
f 1475 1575 1476
f 1476 1575 1576
f 1476 1576 1477
f 1477 1576 1577
f 1477 1577 1478
f 1478 1577 1578
f 1478 1578 1479
f 1479 1578 1579
f 1479 1579 1480
f 1480 1579 1580
f 1480 1580 1481
f 1481 1580 1581
f 1481 1581 1482
f 1482 1581 1582
f 1482 1582 1483
f 1483 1582 1583
f 1483 1583 1484
f 1484 1583 1584
f 1484 1584 1485
f 1485 1584 1585
f 1485 1585 1486
f 1486 1585 1586
f 1486 1586 1487
f 1487 1586 1587
f 1487 1587 1488
f 1488 1587 1588
f 1488 1588 1489
f 1489 1588 1589
f 1489 1589 1490
f 1490 1589 1590
f 1490 1590 1491
f 1491 1590 1591
f 1491 1591 1492
f 1492 1591 1592
f 1492 1592 1493
f 1493 1592 1593
f 1493 1593 1494
f 1494 1593 1594
f 1494 1594 1495
f 1495 1594 1595
f 1495 1595 1496
f 1496 1595 1596
f 1496 1596 1497
f 1497 1596 1597
f 1497 1597 1498
f 1498 1597 1598
f 1498 1598 1499
f 1499 1598 1599
f 1499 1599 1500
f 1500 1599 1600
f 1500 1600 1501
f 1501 1600 1601
f 1501 1601 1402
f 1402 1601 1502
f 1502 1602 1503
f 1503 1602 1603
f 1503 1603 1504
f 1504 1603 1604
f 1504 1604 1505
f 1505 1604 1605
f 1505 1605 1506
f 1506 1605 1606
f 1506 1606 1507
f 1507 1606 1607
f 1507 1607 1508
f 1508 1607 1608
f 1508 1608 1509
f 1509 1608 1609
f 1509 1609 1510
f 1510 1609 1610
f 1510 1610 1511
f 1511 1610 1611
f 1511 1611 1512
f 1512 1611 1612
f 1512 1612 1513
f 1513 1612 1613
f 1513 1613 1514
f 1514 1613 1614
f 1514 1614 1515
f 1515 1614 1615
f 1515 1615 1516
f 1516 1615 1616
f 1516 1616 1517
f 1517 1616 1617
f 1517 1617 1518
f 1518 1617 1618
f 1518 1618 1519
f 1519 1618 1619
f 1519 1619 1520
f 1520 1619 1620
f 1520 1620 1521
f 1521 1620 1621
f 1521 1621 1522
f 1522 1621 1622
f 1522 1622 1523
f 1523 1622 1623
f 1523 1623 1524
f 1524 1623 1624
f 1524 1624 1525
f 1525 1624 1625
f 1525 1625 1526
f 1526 1625 1626
f 1526 1626 1527
f 1527 1626 1627
f 1527 1627 1528
f 1528 1627 1628
f 1528 1628 1529
f 1529 1628 1629
f 1529 1629 1530
f 1530 1629 1630
f 1530 1630 1531
f 1531 1630 1631
f 1531 1631 1532
f 1532 1631 1632
f 1532 1632 1533
f 1533 1632 1633
f 1533 1633 1534
f 1534 1633 1634
f 1534 1634 1535
f 1535 1634 1635
f 1535 1635 1536
f 1536 1635 1636
f 1536 1636 1537
f 1537 1636 1637
f 1537 1637 1538
f 1538 1637 1638
f 1538 1638 1539
f 1539 1638 1639
f 1539 1639 1540
f 1540 1639 1640
f 1540 1640 1541
f 1541 1640 1641
f 1541 1641 1542
f 1542 1641 1642
f 1542 1642 1543
f 1543 1642 1643
f 1543 1643 1544
f 1544 1643 1644
f 1544 1644 1545
f 1545 1644 1645
f 1545 1645 1546
f 1546 1645 1646
f 1546 1646 1547
f 1547 1646 1647
f 1547 1647 1548
f 1548 1647 1648
f 1548 1648 1549
f 1549 1648 1649
f 1549 1649 1550
f 1550 1649 1650
f 1550 1650 1551
f 1551 1650 1651
f 1551 1651 1552
f 1552 1651 1652
f 1552 1652 1553
f 1553 1652 1653
f 1553 1653 1554
f 1554 1653 1654
f 1554 1654 1555
f 1555 1654 1655
f 1555 1655 1556
f 1556 1655 1656
f 1556 1656 1557
f 1557 1656 1657
f 1557 1657 1558
f 1558 1657 1658
f 1558 1658 1559
f 1559 1658 1659
f 1559 1659 1560
f 1560 1659 1660
f 1560 1660 1561
f 1561 1660 1661
f 1561 1661 1562
f 1562 1661 1662
f 1562 1662 1563
f 1563 1662 1663
f 1563 1663 1564
f 1564 1663 1664
f 1564 1664 1565
f 1565 1664 1665
f 1565 1665 1566
f 1566 1665 1666
f 1566 1666 1567
f 1567 1666 1667
f 1567 1667 1568
f 1568 1667 1668
f 1568 1668 1569
f 1569 1668 1669
f 1569 1669 1570
f 1570 1669 1670
f 1570 1670 1571
f 1571 1670 1671
f 1571 1671 1572
f 1572 1671 1672
f 1572 1672 1573
f 1573 1672 1673
f 1573 1673 1574
f 1574 1673 1674
f 1574 1674 1575
f 1575 1674 1675
f 1575 1675 1576
f 1576 1675 1676
f 1576 1676 1577
f 1577 1676 1677
f 1577 1677 1578
f 1578 1677 1678
f 1578 1678 1579
f 1579 1678 1679
f 1579 1679 1580
f 1580 1679 1680
f 1580 1680 1581
f 1581 1680 1681
f 1581 1681 1582
f 1582 1681 1682
f 1582 1682 1583
f 1583 1682 1683
f 1583 1683 1584
f 1584 1683 1684
f 1584 1684 1585
f 1585 1684 1685
f 1585 1685 1586
f 1586 1685 1686
f 1586 1686 1587
f 1587 1686 1687
f 1587 1687 1588
f 1588 1687 1688
f 1588 1688 1589
f 1589 1688 1689
f 1589 1689 1590
f 1590 1689 1690
f 1590 1690 1591
f 1591 1690 1691
f 1591 1691 1592
f 1592 1691 1692
f 1592 1692 1593
f 1593 1692 1693
f 1593 1693 1594
f 1594 1693 1694
f 1594 1694 1595
f 1595 1694 1695
f 1595 1695 1596
f 1596 1695 1696
f 1596 1696 1597
f 1597 1696 1697
f 1597 1697 1598
f 1598 1697 1698
f 1598 1698 1599
f 1599 1698 1699
f 1599 1699 1600
f 1600 1699 1700
f 1600 1700 1601
f 1601 1700 1701
f 1601 1701 1502
f 1502 1701 1602
f 1602 1702 1603
f 1603 1702 1703
f 1603 1703 1604
f 1604 1703 1704
f 1604 1704 1605
f 1605 1704 1705
f 1605 1705 1606
f 1606 1705 1706
f 1606 1706 1607
f 1607 1706 1707
f 1607 1707 1608
f 1608 1707 1708
f 1608 1708 1609
f 1609 1708 1709
f 1609 1709 1610
f 1610 1709 1710
f 1610 1710 1611
f 1611 1710 1711
f 1611 1711 1612
f 1612 1711 1712
f 1612 1712 1613
f 1613 1712 1713
f 1613 1713 1614
f 1614 1713 1714
f 1614 1714 1615
f 1615 1714 1715
f 1615 1715 1616
f 1616 1715 1716
f 1616 1716 1617
f 1617 1716 1717
f 1617 1717 1618
f 1618 1717 1718
f 1618 1718 1619
f 1619 1718 1719
f 1619 1719 1620
f 1620 1719 1720
f 1620 1720 1621
f 1621 1720 1721
f 1621 1721 1622
f 1622 1721 1722
f 1622 1722 1623
f 1623 1722 1723
f 1623 1723 1624
f 1624 1723 1724
f 1624 1724 1625
f 1625 1724 1725
f 1625 1725 1626
f 1626 1725 1726
f 1626 1726 1627
f 1627 1726 1727
f 1627 1727 1628
f 1628 1727 1728
f 1628 1728 1629
f 1629 1728 1729
f 1629 1729 1630
f 1630 1729 1730
f 1630 1730 1631
f 1631 1730 1731
f 1631 1731 1632
f 1632 1731 1732
f 1632 1732 1633
f 1633 1732 1733
f 1633 1733 1634
f 1634 1733 1734
f 1634 1734 1635
f 1635 1734 1735
f 1635 1735 1636
f 1636 1735 1736
f 1636 1736 1637
f 1637 1736 1737
f 1637 1737 1638
f 1638 1737 1738
f 1638 1738 1639
f 1639 1738 1739
f 1639 1739 1640
f 1640 1739 1740
f 1640 1740 1641
f 1641 1740 1741
f 1641 1741 1642
f 1642 1741 1742
f 1642 1742 1643
f 1643 1742 1743
f 1643 1743 1644
f 1644 1743 1744
f 1644 1744 1645
f 1645 1744 1745
f 1645 1745 1646
f 1646 1745 1746
f 1646 1746 1647
f 1647 1746 1747
f 1647 1747 1648
f 1648 1747 1748
f 1648 1748 1649
f 1649 1748 1749
f 1649 1749 1650
f 1650 1749 1750
f 1650 1750 1651
f 1651 1750 1751
f 1651 1751 1652
f 1652 1751 1752
f 1652 1752 1653
f 1653 1752 1753
f 1653 1753 1654
f 1654 1753 1754
f 1654 1754 1655
f 1655 1754 1755
f 1655 1755 1656
f 1656 1755 1756
f 1656 1756 1657
f 1657 1756 1757
f 1657 1757 1658
f 1658 1757 1758
f 1658 1758 1659
f 1659 1758 1759
f 1659 1759 1660
f 1660 1759 1760
f 1660 1760 1661
f 1661 1760 1761
f 1661 1761 1662
f 1662 1761 1762
f 1662 1762 1663
f 1663 1762 1763
f 1663 1763 1664
f 1664 1763 1764
f 1664 1764 1665
f 1665 1764 1765
f 1665 1765 1666
f 1666 1765 1766
f 1666 1766 1667
f 1667 1766 1767
f 1667 1767 1668
f 1668 1767 1768
f 1668 1768 1669
f 1669 1768 1769
f 1669 1769 1670
f 1670 1769 1770
f 1670 1770 1671
f 1671 1770 1771
f 1671 1771 1672
f 1672 1771 1772
f 1672 1772 1673
f 1673 1772 1773
f 1673 1773 1674
f 1674 1773 1774
f 1674 1774 1675
f 1675 1774 1775
f 1675 1775 1676
f 1676 1775 1776
f 1676 1776 1677
f 1677 1776 1777
f 1677 1777 1678
f 1678 1777 1778
f 1678 1778 1679
f 1679 1778 1779
f 1679 1779 1680
f 1680 1779 1780
f 1680 1780 1681
f 1681 1780 1781
f 1681 1781 1682
f 1682 1781 1782
f 1682 1782 1683
f 1683 1782 1783
f 1683 1783 1684
f 1684 1783 1784
f 1684 1784 1685
f 1685 1784 1785
f 1685 1785 1686
f 1686 1785 1786
f 1686 1786 1687
f 1687 1786 1787
f 1687 1787 1688
f 1688 1787 1788
f 1688 1788 1689
f 1689 1788 1789
f 1689 1789 1690
f 1690 1789 1790
f 1690 1790 1691
f 1691 1790 1791
f 1691 1791 1692
f 1692 1791 1792
f 1692 1792 1693
f 1693 1792 1793
f 1693 1793 1694
f 1694 1793 1794
f 1694 1794 1695
f 1695 1794 1795
f 1695 1795 1696
f 1696 1795 1796
f 1696 1796 1697
f 1697 1796 1797
f 1697 1797 1698
f 1698 1797 1798
f 1698 1798 1699
f 1699 1798 1799
f 1699 1799 1700
f 1700 1799 1800
f 1700 1800 1701
f 1701 1800 1801
f 1701 1801 1602
f 1602 1801 1702
f 1702 1802 1703
f 1703 1802 1803
f 1703 1803 1704
f 1704 1803 1804
f 1704 1804 1705
f 1705 1804 1805
f 1705 1805 1706
f 1706 1805 1806
f 1706 1806 1707
f 1707 1806 1807
f 1707 1807 1708
f 1708 1807 1808
f 1708 1808 1709
f 1709 1808 1809
f 1709 1809 1710
f 1710 1809 1810
f 1710 1810 1711
f 1711 1810 1811
f 1711 1811 1712
f 1712 1811 1812
f 1712 1812 1713
f 1713 1812 1813
f 1713 1813 1714
f 1714 1813 1814
f 1714 1814 1715
f 1715 1814 1815
f 1715 1815 1716
f 1716 1815 1816
f 1716 1816 1717
f 1717 1816 1817
f 1717 1817 1718
f 1718 1817 1818
f 1718 1818 1719
f 1719 1818 1819
f 1719 1819 1720
f 1720 1819 1820
f 1720 1820 1721
f 1721 1820 1821
f 1721 1821 1722
f 1722 1821 1822
f 1722 1822 1723
f 1723 1822 1823
f 1723 1823 1724
f 1724 1823 1824
f 1724 1824 1725
f 1725 1824 1825
f 1725 1825 1726
f 1726 1825 1826
f 1726 1826 1727
f 1727 1826 1827
f 1727 1827 1728
f 1728 1827 1828
f 1728 1828 1729
f 1729 1828 1829
f 1729 1829 1730
f 1730 1829 1830
f 1730 1830 1731
f 1731 1830 1831
f 1731 1831 1732
f 1732 1831 1832
f 1732 1832 1733
f 1733 1832 1833
f 1733 1833 1734
f 1734 1833 1834
f 1734 1834 1735
f 1735 1834 1835
f 1735 1835 1736
f 1736 1835 1836
f 1736 1836 1737
f 1737 1836 1837
f 1737 1837 1738
f 1738 1837 1838
f 1738 1838 1739
f 1739 1838 1839
f 1739 1839 1740
f 1740 1839 1840
f 1740 1840 1741
f 1741 1840 1841
f 1741 1841 1742
f 1742 1841 1842
f 1742 1842 1743
f 1743 1842 1843
f 1743 1843 1744
f 1744 1843 1844
f 1744 1844 1745
f 1745 1844 1845
f 1745 1845 1746
f 1746 1845 1846
f 1746 1846 1747
f 1747 1846 1847
f 1747 1847 1748
f 1748 1847 1848
f 1748 1848 1749
f 1749 1848 1849
f 1749 1849 1750
f 1750 1849 1850
f 1750 1850 1751
f 1751 1850 1851
f 1751 1851 1752
f 1752 1851 1852
f 1752 1852 1753
f 1753 1852 1853
f 1753 1853 1754
f 1754 1853 1854
f 1754 1854 1755
f 1755 1854 1855
f 1755 1855 1756
f 1756 1855 1856
f 1756 1856 1757
f 1757 1856 1857
f 1757 1857 1758
f 1758 1857 1858
f 1758 1858 1759
f 1759 1858 1859
f 1759 1859 1760
f 1760 1859 1860
f 1760 1860 1761
f 1761 1860 1861
f 1761 1861 1762
f 1762 1861 1862
f 1762 1862 1763
f 1763 1862 1863
f 1763 1863 1764
f 1764 1863 1864
f 1764 1864 1765
f 1765 1864 1865
f 1765 1865 1766
f 1766 1865 1866
f 1766 1866 1767
f 1767 1866 1867
f 1767 1867 1768
f 1768 1867 1868
f 1768 1868 1769
f 1769 1868 1869
f 1769 1869 1770
f 1770 1869 1870
f 1770 1870 1771
f 1771 1870 1871
f 1771 1871 1772
f 1772 1871 1872
f 1772 1872 1773
f 1773 1872 1873
f 1773 1873 1774
f 1774 1873 1874
f 1774 1874 1775
f 1775 1874 1875
f 1775 1875 1776
f 1776 1875 1876
f 1776 1876 1777
f 1777 1876 1877
f 1777 1877 1778
f 1778 1877 1878
f 1778 1878 1779
f 1779 1878 1879
f 1779 1879 1780
f 1780 1879 1880
f 1780 1880 1781
f 1781 1880 1881
f 1781 1881 1782
f 1782 1881 1882
f 1782 1882 1783
f 1783 1882 1883
f 1783 1883 1784
f 1784 1883 1884
f 1784 1884 1785
f 1785 1884 1885
f 1785 1885 1786
f 1786 1885 1886
f 1786 1886 1787
f 1787 1886 1887
f 1787 1887 1788
f 1788 1887 1888
f 1788 1888 1789
f 1789 1888 1889
f 1789 1889 1790
f 1790 1889 1890
f 1790 1890 1791
f 1791 1890 1891
f 1791 1891 1792
f 1792 1891 1892
f 1792 1892 1793
f 1793 1892 1893
f 1793 1893 1794
f 1794 1893 1894
f 1794 1894 1795
f 1795 1894 1895
f 1795 1895 1796
f 1796 1895 1896
f 1796 1896 1797
f 1797 1896 1897
f 1797 1897 1798
f 1798 1897 1898
f 1798 1898 1799
f 1799 1898 1899
f 1799 1899 1800
f 1800 1899 1900
f 1800 1900 1801
f 1801 1900 1901
f 1801 1901 1702
f 1702 1901 1802
f 1802 1902 1803
f 1803 1902 1903
f 1803 1903 1804
f 1804 1903 1904
f 1804 1904 1805
f 1805 1904 1905
f 1805 1905 1806
f 1806 1905 1906
f 1806 1906 1807
f 1807 1906 1907
f 1807 1907 1808
f 1808 1907 1908
f 1808 1908 1809
f 1809 1908 1909
f 1809 1909 1810
f 1810 1909 1910
f 1810 1910 1811
f 1811 1910 1911
f 1811 1911 1812
f 1812 1911 1912
f 1812 1912 1813
f 1813 1912 1913
f 1813 1913 1814
f 1814 1913 1914
f 1814 1914 1815
f 1815 1914 1915
f 1815 1915 1816
f 1816 1915 1916
f 1816 1916 1817
f 1817 1916 1917
f 1817 1917 1818
f 1818 1917 1918
f 1818 1918 1819
f 1819 1918 1919
f 1819 1919 1820
f 1820 1919 1920
f 1820 1920 1821
f 1821 1920 1921
f 1821 1921 1822
f 1822 1921 1922
f 1822 1922 1823
f 1823 1922 1923
f 1823 1923 1824
f 1824 1923 1924
f 1824 1924 1825
f 1825 1924 1925
f 1825 1925 1826
f 1826 1925 1926
f 1826 1926 1827
f 1827 1926 1927
f 1827 1927 1828
f 1828 1927 1928
f 1828 1928 1829
f 1829 1928 1929
f 1829 1929 1830
f 1830 1929 1930
f 1830 1930 1831
f 1831 1930 1931
f 1831 1931 1832
f 1832 1931 1932
f 1832 1932 1833
f 1833 1932 1933
f 1833 1933 1834
f 1834 1933 1934
f 1834 1934 1835
f 1835 1934 1935
f 1835 1935 1836
f 1836 1935 1936
f 1836 1936 1837
f 1837 1936 1937
f 1837 1937 1838
f 1838 1937 1938
f 1838 1938 1839
f 1839 1938 1939
f 1839 1939 1840
f 1840 1939 1940
f 1840 1940 1841
f 1841 1940 1941
f 1841 1941 1842
f 1842 1941 1942
f 1842 1942 1843
f 1843 1942 1943
f 1843 1943 1844
f 1844 1943 1944
f 1844 1944 1845
f 1845 1944 1945
f 1845 1945 1846
f 1846 1945 1946
f 1846 1946 1847
f 1847 1946 1947
f 1847 1947 1848
f 1848 1947 1948
f 1848 1948 1849
f 1849 1948 1949
f 1849 1949 1850
f 1850 1949 1950
f 1850 1950 1851
f 1851 1950 1951
f 1851 1951 1852
f 1852 1951 1952
f 1852 1952 1853
f 1853 1952 1953
f 1853 1953 1854
f 1854 1953 1954
f 1854 1954 1855
f 1855 1954 1955
f 1855 1955 1856
f 1856 1955 1956
f 1856 1956 1857
f 1857 1956 1957
f 1857 1957 1858
f 1858 1957 1958
f 1858 1958 1859
f 1859 1958 1959
f 1859 1959 1860
f 1860 1959 1960
f 1860 1960 1861
f 1861 1960 1961
f 1861 1961 1862
f 1862 1961 1962
f 1862 1962 1863
f 1863 1962 1963
f 1863 1963 1864
f 1864 1963 1964
f 1864 1964 1865
f 1865 1964 1965
f 1865 1965 1866
f 1866 1965 1966
f 1866 1966 1867
f 1867 1966 1967
f 1867 1967 1868
f 1868 1967 1968
f 1868 1968 1869
f 1869 1968 1969
f 1869 1969 1870
f 1870 1969 1970
f 1870 1970 1871
f 1871 1970 1971
f 1871 1971 1872
f 1872 1971 1972
f 1872 1972 1873
f 1873 1972 1973
f 1873 1973 1874
f 1874 1973 1974
f 1874 1974 1875
f 1875 1974 1975
f 1875 1975 1876
f 1876 1975 1976
f 1876 1976 1877
f 1877 1976 1977
f 1877 1977 1878
f 1878 1977 1978
f 1878 1978 1879
f 1879 1978 1979
f 1879 1979 1880
f 1880 1979 1980
f 1880 1980 1881
f 1881 1980 1981
f 1881 1981 1882
f 1882 1981 1982
f 1882 1982 1883
f 1883 1982 1983
f 1883 1983 1884
f 1884 1983 1984
f 1884 1984 1885
f 1885 1984 1985
f 1885 1985 1886
f 1886 1985 1986
f 1886 1986 1887
f 1887 1986 1987
f 1887 1987 1888
f 1888 1987 1988
f 1888 1988 1889
f 1889 1988 1989
f 1889 1989 1890
f 1890 1989 1990
f 1890 1990 1891
f 1891 1990 1991
f 1891 1991 1892
f 1892 1991 1992
f 1892 1992 1893
f 1893 1992 1993
f 1893 1993 1894
f 1894 1993 1994
f 1894 1994 1895
f 1895 1994 1995
f 1895 1995 1896
f 1896 1995 1996
f 1896 1996 1897
f 1897 1996 1997
f 1897 1997 1898
f 1898 1997 1998
f 1898 1998 1899
f 1899 1998 1999
f 1899 1999 1900
f 1900 1999 2000
f 1900 2000 1901
f 1901 2000 2001
f 1901 2001 1802
f 1802 2001 1902
f 1902 2002 1903
f 1903 2002 2003
f 1903 2003 1904
f 1904 2003 2004
f 1904 2004 1905
f 1905 2004 2005
f 1905 2005 1906
f 1906 2005 2006
f 1906 2006 1907
f 1907 2006 2007
f 1907 2007 1908
f 1908 2007 2008
f 1908 2008 1909
f 1909 2008 2009
f 1909 2009 1910
f 1910 2009 2010
f 1910 2010 1911
f 1911 2010 2011
f 1911 2011 1912
f 1912 2011 2012
f 1912 2012 1913
f 1913 2012 2013
f 1913 2013 1914
f 1914 2013 2014
f 1914 2014 1915
f 1915 2014 2015
f 1915 2015 1916
f 1916 2015 2016
f 1916 2016 1917
f 1917 2016 2017
f 1917 2017 1918
f 1918 2017 2018
f 1918 2018 1919
f 1919 2018 2019
f 1919 2019 1920
f 1920 2019 2020
f 1920 2020 1921
f 1921 2020 2021
f 1921 2021 1922
f 1922 2021 2022
f 1922 2022 1923
f 1923 2022 2023
f 1923 2023 1924
f 1924 2023 2024
f 1924 2024 1925
f 1925 2024 2025
f 1925 2025 1926
f 1926 2025 2026
f 1926 2026 1927
f 1927 2026 2027
f 1927 2027 1928
f 1928 2027 2028
f 1928 2028 1929
f 1929 2028 2029
f 1929 2029 1930
f 1930 2029 2030
f 1930 2030 1931
f 1931 2030 2031
f 1931 2031 1932
f 1932 2031 2032
f 1932 2032 1933
f 1933 2032 2033
f 1933 2033 1934
f 1934 2033 2034
f 1934 2034 1935
f 1935 2034 2035
f 1935 2035 1936
f 1936 2035 2036
f 1936 2036 1937
f 1937 2036 2037
f 1937 2037 1938
f 1938 2037 2038
f 1938 2038 1939
f 1939 2038 2039
f 1939 2039 1940
f 1940 2039 2040
f 1940 2040 1941
f 1941 2040 2041
f 1941 2041 1942
f 1942 2041 2042
f 1942 2042 1943
f 1943 2042 2043
f 1943 2043 1944
f 1944 2043 2044
f 1944 2044 1945
f 1945 2044 2045
f 1945 2045 1946
f 1946 2045 2046
f 1946 2046 1947
f 1947 2046 2047
f 1947 2047 1948
f 1948 2047 2048
f 1948 2048 1949
f 1949 2048 2049
f 1949 2049 1950
f 1950 2049 2050
f 1950 2050 1951
f 1951 2050 2051
f 1951 2051 1952
f 1952 2051 2052
f 1952 2052 1953
f 1953 2052 2053
f 1953 2053 1954
f 1954 2053 2054
f 1954 2054 1955
f 1955 2054 2055
f 1955 2055 1956
f 1956 2055 2056
f 1956 2056 1957
f 1957 2056 2057
f 1957 2057 1958
f 1958 2057 2058
f 1958 2058 1959
f 1959 2058 2059
f 1959 2059 1960
f 1960 2059 2060
f 1960 2060 1961
f 1961 2060 2061
f 1961 2061 1962
f 1962 2061 2062
f 1962 2062 1963
f 1963 2062 2063
f 1963 2063 1964
f 1964 2063 2064
f 1964 2064 1965
f 1965 2064 2065
f 1965 2065 1966
f 1966 2065 2066
f 1966 2066 1967
f 1967 2066 2067
f 1967 2067 1968
f 1968 2067 2068
f 1968 2068 1969
f 1969 2068 2069
f 1969 2069 1970
f 1970 2069 2070
f 1970 2070 1971
f 1971 2070 2071
f 1971 2071 1972
f 1972 2071 2072
f 1972 2072 1973
f 1973 2072 2073
f 1973 2073 1974
f 1974 2073 2074
f 1974 2074 1975
f 1975 2074 2075
f 1975 2075 1976
f 1976 2075 2076
f 1976 2076 1977
f 1977 2076 2077
f 1977 2077 1978
f 1978 2077 2078
f 1978 2078 1979
f 1979 2078 2079
f 1979 2079 1980
f 1980 2079 2080
f 1980 2080 1981
f 1981 2080 2081
f 1981 2081 1982
f 1982 2081 2082
f 1982 2082 1983
f 1983 2082 2083
f 1983 2083 1984
f 1984 2083 2084
f 1984 2084 1985
f 1985 2084 2085
f 1985 2085 1986
f 1986 2085 2086
f 1986 2086 1987
f 1987 2086 2087
f 1987 2087 1988
f 1988 2087 2088
f 1988 2088 1989
f 1989 2088 2089
f 1989 2089 1990
f 1990 2089 2090
f 1990 2090 1991
f 1991 2090 2091
f 1991 2091 1992
f 1992 2091 2092
f 1992 2092 1993
f 1993 2092 2093
f 1993 2093 1994
f 1994 2093 2094
f 1994 2094 1995
f 1995 2094 2095
f 1995 2095 1996
f 1996 2095 2096
f 1996 2096 1997
f 1997 2096 2097
f 1997 2097 1998
f 1998 2097 2098
f 1998 2098 1999
f 1999 2098 2099
f 1999 2099 2000
f 2000 2099 2100
f 2000 2100 2001
f 2001 2100 2101
f 2001 2101 1902
f 1902 2101 2002
f 2002 2102 2003
f 2003 2102 2103
f 2003 2103 2004
f 2004 2103 2104
f 2004 2104 2005
f 2005 2104 2105
f 2005 2105 2006
f 2006 2105 2106
f 2006 2106 2007
f 2007 2106 2107
f 2007 2107 2008
f 2008 2107 2108
f 2008 2108 2009
f 2009 2108 2109
f 2009 2109 2010
f 2010 2109 2110
f 2010 2110 2011
f 2011 2110 2111
f 2011 2111 2012
f 2012 2111 2112
f 2012 2112 2013
f 2013 2112 2113
f 2013 2113 2014
f 2014 2113 2114
f 2014 2114 2015
f 2015 2114 2115
f 2015 2115 2016
f 2016 2115 2116
f 2016 2116 2017
f 2017 2116 2117
f 2017 2117 2018
f 2018 2117 2118
f 2018 2118 2019
f 2019 2118 2119
f 2019 2119 2020
f 2020 2119 2120
f 2020 2120 2021
f 2021 2120 2121
f 2021 2121 2022
f 2022 2121 2122
f 2022 2122 2023
f 2023 2122 2123
f 2023 2123 2024
f 2024 2123 2124
f 2024 2124 2025
f 2025 2124 2125
f 2025 2125 2026
f 2026 2125 2126
f 2026 2126 2027
f 2027 2126 2127
f 2027 2127 2028
f 2028 2127 2128
f 2028 2128 2029
f 2029 2128 2129
f 2029 2129 2030
f 2030 2129 2130
f 2030 2130 2031
f 2031 2130 2131
f 2031 2131 2032
f 2032 2131 2132
f 2032 2132 2033
f 2033 2132 2133
f 2033 2133 2034
f 2034 2133 2134
f 2034 2134 2035
f 2035 2134 2135
f 2035 2135 2036
f 2036 2135 2136
f 2036 2136 2037
f 2037 2136 2137
f 2037 2137 2038
f 2038 2137 2138
f 2038 2138 2039
f 2039 2138 2139
f 2039 2139 2040
f 2040 2139 2140
f 2040 2140 2041
f 2041 2140 2141
f 2041 2141 2042
f 2042 2141 2142
f 2042 2142 2043
f 2043 2142 2143
f 2043 2143 2044
f 2044 2143 2144
f 2044 2144 2045
f 2045 2144 2145
f 2045 2145 2046
f 2046 2145 2146
f 2046 2146 2047
f 2047 2146 2147
f 2047 2147 2048
f 2048 2147 2148
f 2048 2148 2049
f 2049 2148 2149
f 2049 2149 2050
f 2050 2149 2150
f 2050 2150 2051
f 2051 2150 2151
f 2051 2151 2052
f 2052 2151 2152
f 2052 2152 2053
f 2053 2152 2153
f 2053 2153 2054
f 2054 2153 2154
f 2054 2154 2055
f 2055 2154 2155
f 2055 2155 2056
f 2056 2155 2156
f 2056 2156 2057
f 2057 2156 2157
f 2057 2157 2058
f 2058 2157 2158
f 2058 2158 2059
f 2059 2158 2159
f 2059 2159 2060
f 2060 2159 2160
f 2060 2160 2061
f 2061 2160 2161
f 2061 2161 2062
f 2062 2161 2162
f 2062 2162 2063
f 2063 2162 2163
f 2063 2163 2064
f 2064 2163 2164
f 2064 2164 2065
f 2065 2164 2165
f 2065 2165 2066
f 2066 2165 2166
f 2066 2166 2067
f 2067 2166 2167
f 2067 2167 2068
f 2068 2167 2168
f 2068 2168 2069
f 2069 2168 2169
f 2069 2169 2070
f 2070 2169 2170
f 2070 2170 2071
f 2071 2170 2171
f 2071 2171 2072
f 2072 2171 2172
f 2072 2172 2073
f 2073 2172 2173
f 2073 2173 2074
f 2074 2173 2174
f 2074 2174 2075
f 2075 2174 2175
f 2075 2175 2076
f 2076 2175 2176
f 2076 2176 2077
f 2077 2176 2177
f 2077 2177 2078
f 2078 2177 2178
f 2078 2178 2079
f 2079 2178 2179
f 2079 2179 2080
f 2080 2179 2180
f 2080 2180 2081
f 2081 2180 2181
f 2081 2181 2082
f 2082 2181 2182
f 2082 2182 2083
f 2083 2182 2183
f 2083 2183 2084
f 2084 2183 2184
f 2084 2184 2085
f 2085 2184 2185
f 2085 2185 2086
f 2086 2185 2186
f 2086 2186 2087
f 2087 2186 2187
f 2087 2187 2088
f 2088 2187 2188
f 2088 2188 2089
f 2089 2188 2189
f 2089 2189 2090
f 2090 2189 2190
f 2090 2190 2091
f 2091 2190 2191
f 2091 2191 2092
f 2092 2191 2192
f 2092 2192 2093
f 2093 2192 2193
f 2093 2193 2094
f 2094 2193 2194
f 2094 2194 2095
f 2095 2194 2195
f 2095 2195 2096
f 2096 2195 2196
f 2096 2196 2097
f 2097 2196 2197
f 2097 2197 2098
f 2098 2197 2198
f 2098 2198 2099
f 2099 2198 2199
f 2099 2199 2100
f 2100 2199 2200
f 2100 2200 2101
f 2101 2200 2201
f 2101 2201 2002
f 2002 2201 2102
f 2102 2202 2103
f 2103 2202 2203
f 2103 2203 2104
f 2104 2203 2204
f 2104 2204 2105
f 2105 2204 2205
f 2105 2205 2106
f 2106 2205 2206
f 2106 2206 2107
f 2107 2206 2207
f 2107 2207 2108
f 2108 2207 2208
f 2108 2208 2109
f 2109 2208 2209
f 2109 2209 2110
f 2110 2209 2210
f 2110 2210 2111
f 2111 2210 2211
f 2111 2211 2112
f 2112 2211 2212
f 2112 2212 2113
f 2113 2212 2213
f 2113 2213 2114
f 2114 2213 2214
f 2114 2214 2115
f 2115 2214 2215
f 2115 2215 2116
f 2116 2215 2216
f 2116 2216 2117
f 2117 2216 2217
f 2117 2217 2118
f 2118 2217 2218
f 2118 2218 2119
f 2119 2218 2219
f 2119 2219 2120
f 2120 2219 2220
f 2120 2220 2121
f 2121 2220 2221
f 2121 2221 2122
f 2122 2221 2222
f 2122 2222 2123
f 2123 2222 2223
f 2123 2223 2124
f 2124 2223 2224
f 2124 2224 2125
f 2125 2224 2225
f 2125 2225 2126
f 2126 2225 2226
f 2126 2226 2127
f 2127 2226 2227
f 2127 2227 2128
f 2128 2227 2228
f 2128 2228 2129
f 2129 2228 2229
f 2129 2229 2130
f 2130 2229 2230
f 2130 2230 2131
f 2131 2230 2231
f 2131 2231 2132
f 2132 2231 2232
f 2132 2232 2133
f 2133 2232 2233
f 2133 2233 2134
f 2134 2233 2234
f 2134 2234 2135
f 2135 2234 2235
f 2135 2235 2136
f 2136 2235 2236
f 2136 2236 2137
f 2137 2236 2237
f 2137 2237 2138
f 2138 2237 2238
f 2138 2238 2139
f 2139 2238 2239
f 2139 2239 2140
f 2140 2239 2240
f 2140 2240 2141
f 2141 2240 2241
f 2141 2241 2142
f 2142 2241 2242
f 2142 2242 2143
f 2143 2242 2243
f 2143 2243 2144
f 2144 2243 2244
f 2144 2244 2145
f 2145 2244 2245
f 2145 2245 2146
f 2146 2245 2246
f 2146 2246 2147
f 2147 2246 2247
f 2147 2247 2148
f 2148 2247 2248
f 2148 2248 2149
f 2149 2248 2249
f 2149 2249 2150
f 2150 2249 2250
f 2150 2250 2151
f 2151 2250 2251
f 2151 2251 2152
f 2152 2251 2252
f 2152 2252 2153
f 2153 2252 2253
f 2153 2253 2154
f 2154 2253 2254
f 2154 2254 2155
f 2155 2254 2255
f 2155 2255 2156
f 2156 2255 2256
f 2156 2256 2157
f 2157 2256 2257
f 2157 2257 2158
f 2158 2257 2258
f 2158 2258 2159
f 2159 2258 2259
f 2159 2259 2160
f 2160 2259 2260
f 2160 2260 2161
f 2161 2260 2261
f 2161 2261 2162
f 2162 2261 2262
f 2162 2262 2163
f 2163 2262 2263
f 2163 2263 2164
f 2164 2263 2264
f 2164 2264 2165
f 2165 2264 2265
f 2165 2265 2166
f 2166 2265 2266
f 2166 2266 2167
f 2167 2266 2267
f 2167 2267 2168
f 2168 2267 2268
f 2168 2268 2169
f 2169 2268 2269
f 2169 2269 2170
f 2170 2269 2270
f 2170 2270 2171
f 2171 2270 2271
f 2171 2271 2172
f 2172 2271 2272
f 2172 2272 2173
f 2173 2272 2273
f 2173 2273 2174
f 2174 2273 2274
f 2174 2274 2175
f 2175 2274 2275
f 2175 2275 2176
f 2176 2275 2276
f 2176 2276 2177
f 2177 2276 2277
f 2177 2277 2178
f 2178 2277 2278
f 2178 2278 2179
f 2179 2278 2279
f 2179 2279 2180
f 2180 2279 2280
f 2180 2280 2181
f 2181 2280 2281
f 2181 2281 2182
f 2182 2281 2282
f 2182 2282 2183
f 2183 2282 2283
f 2183 2283 2184
f 2184 2283 2284
f 2184 2284 2185
f 2185 2284 2285
f 2185 2285 2186
f 2186 2285 2286
f 2186 2286 2187
f 2187 2286 2287
f 2187 2287 2188
f 2188 2287 2288
f 2188 2288 2189
f 2189 2288 2289
f 2189 2289 2190
f 2190 2289 2290
f 2190 2290 2191
f 2191 2290 2291
f 2191 2291 2192
f 2192 2291 2292
f 2192 2292 2193
f 2193 2292 2293
f 2193 2293 2194
f 2194 2293 2294
f 2194 2294 2195
f 2195 2294 2295
f 2195 2295 2196
f 2196 2295 2296
f 2196 2296 2197
f 2197 2296 2297
f 2197 2297 2198
f 2198 2297 2298
f 2198 2298 2199
f 2199 2298 2299
f 2199 2299 2200
f 2200 2299 2300
f 2200 2300 2201
f 2201 2300 2301
f 2201 2301 2102
f 2102 2301 2202
f 2202 2302 2203
f 2203 2302 2303
f 2203 2303 2204
f 2204 2303 2304
f 2204 2304 2205
f 2205 2304 2305
f 2205 2305 2206
f 2206 2305 2306
f 2206 2306 2207
f 2207 2306 2307
f 2207 2307 2208
f 2208 2307 2308
f 2208 2308 2209
f 2209 2308 2309
f 2209 2309 2210
f 2210 2309 2310
f 2210 2310 2211
f 2211 2310 2311
f 2211 2311 2212
f 2212 2311 2312
f 2212 2312 2213
f 2213 2312 2313
f 2213 2313 2214
f 2214 2313 2314
f 2214 2314 2215
f 2215 2314 2315
f 2215 2315 2216
f 2216 2315 2316
f 2216 2316 2217
f 2217 2316 2317
f 2217 2317 2218
f 2218 2317 2318
f 2218 2318 2219
f 2219 2318 2319
f 2219 2319 2220
f 2220 2319 2320
f 2220 2320 2221
f 2221 2320 2321
f 2221 2321 2222
f 2222 2321 2322
f 2222 2322 2223
f 2223 2322 2323
f 2223 2323 2224
f 2224 2323 2324
f 2224 2324 2225
f 2225 2324 2325
f 2225 2325 2226
f 2226 2325 2326
f 2226 2326 2227
f 2227 2326 2327
f 2227 2327 2228
f 2228 2327 2328
f 2228 2328 2229
f 2229 2328 2329
f 2229 2329 2230
f 2230 2329 2330
f 2230 2330 2231
f 2231 2330 2331
f 2231 2331 2232
f 2232 2331 2332
f 2232 2332 2233
f 2233 2332 2333
f 2233 2333 2234
f 2234 2333 2334
f 2234 2334 2235
f 2235 2334 2335
f 2235 2335 2236
f 2236 2335 2336
f 2236 2336 2237
f 2237 2336 2337
f 2237 2337 2238
f 2238 2337 2338
f 2238 2338 2239
f 2239 2338 2339
f 2239 2339 2240
f 2240 2339 2340
f 2240 2340 2241
f 2241 2340 2341
f 2241 2341 2242
f 2242 2341 2342
f 2242 2342 2243
f 2243 2342 2343
f 2243 2343 2244
f 2244 2343 2344
f 2244 2344 2245
f 2245 2344 2345
f 2245 2345 2246
f 2246 2345 2346
f 2246 2346 2247
f 2247 2346 2347
f 2247 2347 2248
f 2248 2347 2348
f 2248 2348 2249
f 2249 2348 2349
f 2249 2349 2250
f 2250 2349 2350
f 2250 2350 2251
f 2251 2350 2351
f 2251 2351 2252
f 2252 2351 2352
f 2252 2352 2253
f 2253 2352 2353
f 2253 2353 2254
f 2254 2353 2354
f 2254 2354 2255
f 2255 2354 2355
f 2255 2355 2256
f 2256 2355 2356
f 2256 2356 2257
f 2257 2356 2357
f 2257 2357 2258
f 2258 2357 2358
f 2258 2358 2259
f 2259 2358 2359
f 2259 2359 2260
f 2260 2359 2360
f 2260 2360 2261
f 2261 2360 2361
f 2261 2361 2262
f 2262 2361 2362
f 2262 2362 2263
f 2263 2362 2363
f 2263 2363 2264
f 2264 2363 2364
f 2264 2364 2265
f 2265 2364 2365
f 2265 2365 2266
f 2266 2365 2366
f 2266 2366 2267
f 2267 2366 2367
f 2267 2367 2268
f 2268 2367 2368
f 2268 2368 2269
f 2269 2368 2369
f 2269 2369 2270
f 2270 2369 2370
f 2270 2370 2271
f 2271 2370 2371
f 2271 2371 2272
f 2272 2371 2372
f 2272 2372 2273
f 2273 2372 2373
f 2273 2373 2274
f 2274 2373 2374
f 2274 2374 2275
f 2275 2374 2375
f 2275 2375 2276
f 2276 2375 2376
f 2276 2376 2277
f 2277 2376 2377
f 2277 2377 2278
f 2278 2377 2378
f 2278 2378 2279
f 2279 2378 2379
f 2279 2379 2280
f 2280 2379 2380
f 2280 2380 2281
f 2281 2380 2381
f 2281 2381 2282
f 2282 2381 2382
f 2282 2382 2283
f 2283 2382 2383
f 2283 2383 2284
f 2284 2383 2384
f 2284 2384 2285
f 2285 2384 2385
f 2285 2385 2286
f 2286 2385 2386
f 2286 2386 2287
f 2287 2386 2387
f 2287 2387 2288
f 2288 2387 2388
f 2288 2388 2289
f 2289 2388 2389
f 2289 2389 2290
f 2290 2389 2390
f 2290 2390 2291
f 2291 2390 2391
f 2291 2391 2292
f 2292 2391 2392
f 2292 2392 2293
f 2293 2392 2393
f 2293 2393 2294
f 2294 2393 2394
f 2294 2394 2295
f 2295 2394 2395
f 2295 2395 2296
f 2296 2395 2396
f 2296 2396 2297
f 2297 2396 2397
f 2297 2397 2298
f 2298 2397 2398
f 2298 2398 2299
f 2299 2398 2399
f 2299 2399 2300
f 2300 2399 2400
f 2300 2400 2301
f 2301 2400 2401
f 2301 2401 2202
f 2202 2401 2302
f 2302 2402 2303
f 2303 2402 2403
f 2303 2403 2304
f 2304 2403 2404
f 2304 2404 2305
f 2305 2404 2405
f 2305 2405 2306
f 2306 2405 2406
f 2306 2406 2307
f 2307 2406 2407
f 2307 2407 2308
f 2308 2407 2408
f 2308 2408 2309
f 2309 2408 2409
f 2309 2409 2310
f 2310 2409 2410
f 2310 2410 2311
f 2311 2410 2411
f 2311 2411 2312
f 2312 2411 2412
f 2312 2412 2313
f 2313 2412 2413
f 2313 2413 2314
f 2314 2413 2414
f 2314 2414 2315
f 2315 2414 2415
f 2315 2415 2316
f 2316 2415 2416
f 2316 2416 2317
f 2317 2416 2417
f 2317 2417 2318
f 2318 2417 2418
f 2318 2418 2319
f 2319 2418 2419
f 2319 2419 2320
f 2320 2419 2420
f 2320 2420 2321
f 2321 2420 2421
f 2321 2421 2322
f 2322 2421 2422
f 2322 2422 2323
f 2323 2422 2423
f 2323 2423 2324
f 2324 2423 2424
f 2324 2424 2325
f 2325 2424 2425
f 2325 2425 2326
f 2326 2425 2426
f 2326 2426 2327
f 2327 2426 2427
f 2327 2427 2328
f 2328 2427 2428
f 2328 2428 2329
f 2329 2428 2429
f 2329 2429 2330
f 2330 2429 2430
f 2330 2430 2331
f 2331 2430 2431
f 2331 2431 2332
f 2332 2431 2432
f 2332 2432 2333
f 2333 2432 2433
f 2333 2433 2334
f 2334 2433 2434
f 2334 2434 2335
f 2335 2434 2435
f 2335 2435 2336
f 2336 2435 2436
f 2336 2436 2337
f 2337 2436 2437
f 2337 2437 2338
f 2338 2437 2438
f 2338 2438 2339
f 2339 2438 2439
f 2339 2439 2340
f 2340 2439 2440
f 2340 2440 2341
f 2341 2440 2441
f 2341 2441 2342
f 2342 2441 2442
f 2342 2442 2343
f 2343 2442 2443
f 2343 2443 2344
f 2344 2443 2444
f 2344 2444 2345
f 2345 2444 2445
f 2345 2445 2346
f 2346 2445 2446
f 2346 2446 2347
f 2347 2446 2447
f 2347 2447 2348
f 2348 2447 2448
f 2348 2448 2349
f 2349 2448 2449
f 2349 2449 2350
f 2350 2449 2450
f 2350 2450 2351
f 2351 2450 2451
f 2351 2451 2352
f 2352 2451 2452
f 2352 2452 2353
f 2353 2452 2453
f 2353 2453 2354
f 2354 2453 2454
f 2354 2454 2355
f 2355 2454 2455
f 2355 2455 2356
f 2356 2455 2456
f 2356 2456 2357
f 2357 2456 2457
f 2357 2457 2358
f 2358 2457 2458
f 2358 2458 2359
f 2359 2458 2459
f 2359 2459 2360
f 2360 2459 2460
f 2360 2460 2361
f 2361 2460 2461
f 2361 2461 2362
f 2362 2461 2462
f 2362 2462 2363
f 2363 2462 2463
f 2363 2463 2364
f 2364 2463 2464
f 2364 2464 2365
f 2365 2464 2465
f 2365 2465 2366
f 2366 2465 2466
f 2366 2466 2367
f 2367 2466 2467
f 2367 2467 2368
f 2368 2467 2468
f 2368 2468 2369
f 2369 2468 2469
f 2369 2469 2370
f 2370 2469 2470
f 2370 2470 2371
f 2371 2470 2471
f 2371 2471 2372
f 2372 2471 2472
f 2372 2472 2373
f 2373 2472 2473
f 2373 2473 2374
f 2374 2473 2474
f 2374 2474 2375
f 2375 2474 2475
f 2375 2475 2376
f 2376 2475 2476
f 2376 2476 2377
f 2377 2476 2477
f 2377 2477 2378
f 2378 2477 2478
f 2378 2478 2379
f 2379 2478 2479
f 2379 2479 2380
f 2380 2479 2480
f 2380 2480 2381
f 2381 2480 2481
f 2381 2481 2382
f 2382 2481 2482
f 2382 2482 2383
f 2383 2482 2483
f 2383 2483 2384
f 2384 2483 2484
f 2384 2484 2385
f 2385 2484 2485
f 2385 2485 2386
f 2386 2485 2486
f 2386 2486 2387
f 2387 2486 2487
f 2387 2487 2388
f 2388 2487 2488
f 2388 2488 2389
f 2389 2488 2489
f 2389 2489 2390
f 2390 2489 2490
f 2390 2490 2391
f 2391 2490 2491
f 2391 2491 2392
f 2392 2491 2492
f 2392 2492 2393
f 2393 2492 2493
f 2393 2493 2394
f 2394 2493 2494
f 2394 2494 2395
f 2395 2494 2495
f 2395 2495 2396
f 2396 2495 2496
f 2396 2496 2397
f 2397 2496 2497
f 2397 2497 2398
f 2398 2497 2498
f 2398 2498 2399
f 2399 2498 2499
f 2399 2499 2400
f 2400 2499 2500
f 2400 2500 2401
f 2401 2500 2501
f 2401 2501 2302
f 2302 2501 2402
f 2402 2502 2403
f 2403 2502 2503
f 2403 2503 2404
f 2404 2503 2504
f 2404 2504 2405
f 2405 2504 2505
f 2405 2505 2406
f 2406 2505 2506
f 2406 2506 2407
f 2407 2506 2507
f 2407 2507 2408
f 2408 2507 2508
f 2408 2508 2409
f 2409 2508 2509
f 2409 2509 2410
f 2410 2509 2510
f 2410 2510 2411
f 2411 2510 2511
f 2411 2511 2412
f 2412 2511 2512
f 2412 2512 2413
f 2413 2512 2513
f 2413 2513 2414
f 2414 2513 2514
f 2414 2514 2415
f 2415 2514 2515
f 2415 2515 2416
f 2416 2515 2516
f 2416 2516 2417
f 2417 2516 2517
f 2417 2517 2418
f 2418 2517 2518
f 2418 2518 2419
f 2419 2518 2519
f 2419 2519 2420
f 2420 2519 2520
f 2420 2520 2421
f 2421 2520 2521
f 2421 2521 2422
f 2422 2521 2522
f 2422 2522 2423
f 2423 2522 2523
f 2423 2523 2424
f 2424 2523 2524
f 2424 2524 2425
f 2425 2524 2525
f 2425 2525 2426
f 2426 2525 2526
f 2426 2526 2427
f 2427 2526 2527
f 2427 2527 2428
f 2428 2527 2528
f 2428 2528 2429
f 2429 2528 2529
f 2429 2529 2430
f 2430 2529 2530
f 2430 2530 2431
f 2431 2530 2531
f 2431 2531 2432
f 2432 2531 2532
f 2432 2532 2433
f 2433 2532 2533
f 2433 2533 2434
f 2434 2533 2534
f 2434 2534 2435
f 2435 2534 2535
f 2435 2535 2436
f 2436 2535 2536
f 2436 2536 2437
f 2437 2536 2537
f 2437 2537 2438
f 2438 2537 2538
f 2438 2538 2439
f 2439 2538 2539
f 2439 2539 2440
f 2440 2539 2540
f 2440 2540 2441
f 2441 2540 2541
f 2441 2541 2442
f 2442 2541 2542
f 2442 2542 2443
f 2443 2542 2543
f 2443 2543 2444
f 2444 2543 2544
f 2444 2544 2445
f 2445 2544 2545
f 2445 2545 2446
f 2446 2545 2546
f 2446 2546 2447
f 2447 2546 2547
f 2447 2547 2448
f 2448 2547 2548
f 2448 2548 2449
f 2449 2548 2549
f 2449 2549 2450
f 2450 2549 2550
f 2450 2550 2451
f 2451 2550 2551
f 2451 2551 2452
f 2452 2551 2552
f 2452 2552 2453
f 2453 2552 2553
f 2453 2553 2454
f 2454 2553 2554
f 2454 2554 2455
f 2455 2554 2555
f 2455 2555 2456
f 2456 2555 2556
f 2456 2556 2457
f 2457 2556 2557
f 2457 2557 2458
f 2458 2557 2558
f 2458 2558 2459
f 2459 2558 2559
f 2459 2559 2460
f 2460 2559 2560
f 2460 2560 2461
f 2461 2560 2561
f 2461 2561 2462
f 2462 2561 2562
f 2462 2562 2463
f 2463 2562 2563
f 2463 2563 2464
f 2464 2563 2564
f 2464 2564 2465
f 2465 2564 2565
f 2465 2565 2466
f 2466 2565 2566
f 2466 2566 2467
f 2467 2566 2567
f 2467 2567 2468
f 2468 2567 2568
f 2468 2568 2469
f 2469 2568 2569
f 2469 2569 2470
f 2470 2569 2570
f 2470 2570 2471
f 2471 2570 2571
f 2471 2571 2472
f 2472 2571 2572
f 2472 2572 2473
f 2473 2572 2573
f 2473 2573 2474
f 2474 2573 2574
f 2474 2574 2475
f 2475 2574 2575
f 2475 2575 2476
f 2476 2575 2576
f 2476 2576 2477
f 2477 2576 2577
f 2477 2577 2478
f 2478 2577 2578
f 2478 2578 2479
f 2479 2578 2579
f 2479 2579 2480
f 2480 2579 2580
f 2480 2580 2481
f 2481 2580 2581
f 2481 2581 2482
f 2482 2581 2582
f 2482 2582 2483
f 2483 2582 2583
f 2483 2583 2484
f 2484 2583 2584
f 2484 2584 2485
f 2485 2584 2585
f 2485 2585 2486
f 2486 2585 2586
f 2486 2586 2487
f 2487 2586 2587
f 2487 2587 2488
f 2488 2587 2588
f 2488 2588 2489
f 2489 2588 2589
f 2489 2589 2490
f 2490 2589 2590
f 2490 2590 2491
f 2491 2590 2591
f 2491 2591 2492
f 2492 2591 2592
f 2492 2592 2493
f 2493 2592 2593
f 2493 2593 2494
f 2494 2593 2594
f 2494 2594 2495
f 2495 2594 2595
f 2495 2595 2496
f 2496 2595 2596
f 2496 2596 2497
f 2497 2596 2597
f 2497 2597 2498
f 2498 2597 2598
f 2498 2598 2499
f 2499 2598 2599
f 2499 2599 2500
f 2500 2599 2600
f 2500 2600 2501
f 2501 2600 2601
f 2501 2601 2402
f 2402 2601 2502
f 2502 2602 2503
f 2503 2602 2603
f 2503 2603 2504
f 2504 2603 2604
f 2504 2604 2505
f 2505 2604 2605
f 2505 2605 2506
f 2506 2605 2606
f 2506 2606 2507
f 2507 2606 2607
f 2507 2607 2508
f 2508 2607 2608
f 2508 2608 2509
f 2509 2608 2609
f 2509 2609 2510
f 2510 2609 2610
f 2510 2610 2511
f 2511 2610 2611
f 2511 2611 2512
f 2512 2611 2612
f 2512 2612 2513
f 2513 2612 2613
f 2513 2613 2514
f 2514 2613 2614
f 2514 2614 2515
f 2515 2614 2615
f 2515 2615 2516
f 2516 2615 2616
f 2516 2616 2517
f 2517 2616 2617
f 2517 2617 2518
f 2518 2617 2618
f 2518 2618 2519
f 2519 2618 2619
f 2519 2619 2520
f 2520 2619 2620
f 2520 2620 2521
f 2521 2620 2621
f 2521 2621 2522
f 2522 2621 2622
f 2522 2622 2523
f 2523 2622 2623
f 2523 2623 2524
f 2524 2623 2624
f 2524 2624 2525
f 2525 2624 2625
f 2525 2625 2526
f 2526 2625 2626
f 2526 2626 2527
f 2527 2626 2627
f 2527 2627 2528
f 2528 2627 2628
f 2528 2628 2529
f 2529 2628 2629
f 2529 2629 2530
f 2530 2629 2630
f 2530 2630 2531
f 2531 2630 2631
f 2531 2631 2532
f 2532 2631 2632
f 2532 2632 2533
f 2533 2632 2633
f 2533 2633 2534
f 2534 2633 2634
f 2534 2634 2535
f 2535 2634 2635
f 2535 2635 2536
f 2536 2635 2636
f 2536 2636 2537
f 2537 2636 2637
f 2537 2637 2538
f 2538 2637 2638
f 2538 2638 2539
f 2539 2638 2639
f 2539 2639 2540
f 2540 2639 2640
f 2540 2640 2541
f 2541 2640 2641
f 2541 2641 2542
f 2542 2641 2642
f 2542 2642 2543
f 2543 2642 2643
f 2543 2643 2544
f 2544 2643 2644
f 2544 2644 2545
f 2545 2644 2645
f 2545 2645 2546
f 2546 2645 2646
f 2546 2646 2547
f 2547 2646 2647
f 2547 2647 2548
f 2548 2647 2648
f 2548 2648 2549
f 2549 2648 2649
f 2549 2649 2550
f 2550 2649 2650
f 2550 2650 2551
f 2551 2650 2651
f 2551 2651 2552
f 2552 2651 2652
f 2552 2652 2553
f 2553 2652 2653
f 2553 2653 2554
f 2554 2653 2654
f 2554 2654 2555
f 2555 2654 2655
f 2555 2655 2556
f 2556 2655 2656
f 2556 2656 2557
f 2557 2656 2657
f 2557 2657 2558
f 2558 2657 2658
f 2558 2658 2559
f 2559 2658 2659
f 2559 2659 2560
f 2560 2659 2660
f 2560 2660 2561
f 2561 2660 2661
f 2561 2661 2562
f 2562 2661 2662
f 2562 2662 2563
f 2563 2662 2663
f 2563 2663 2564
f 2564 2663 2664
f 2564 2664 2565
f 2565 2664 2665
f 2565 2665 2566
f 2566 2665 2666
f 2566 2666 2567
f 2567 2666 2667
f 2567 2667 2568
f 2568 2667 2668
f 2568 2668 2569
f 2569 2668 2669
f 2569 2669 2570
f 2570 2669 2670
f 2570 2670 2571
f 2571 2670 2671
f 2571 2671 2572
f 2572 2671 2672
f 2572 2672 2573
f 2573 2672 2673
f 2573 2673 2574
f 2574 2673 2674
f 2574 2674 2575
f 2575 2674 2675
f 2575 2675 2576
f 2576 2675 2676
f 2576 2676 2577
f 2577 2676 2677
f 2577 2677 2578
f 2578 2677 2678
f 2578 2678 2579
f 2579 2678 2679
f 2579 2679 2580
f 2580 2679 2680
f 2580 2680 2581
f 2581 2680 2681
f 2581 2681 2582
f 2582 2681 2682
f 2582 2682 2583
f 2583 2682 2683
f 2583 2683 2584
f 2584 2683 2684
f 2584 2684 2585
f 2585 2684 2685
f 2585 2685 2586
f 2586 2685 2686
f 2586 2686 2587
f 2587 2686 2687
f 2587 2687 2588
f 2588 2687 2688
f 2588 2688 2589
f 2589 2688 2689
f 2589 2689 2590
f 2590 2689 2690
f 2590 2690 2591
f 2591 2690 2691
f 2591 2691 2592
f 2592 2691 2692
f 2592 2692 2593
f 2593 2692 2693
f 2593 2693 2594
f 2594 2693 2694
f 2594 2694 2595
f 2595 2694 2695
f 2595 2695 2596
f 2596 2695 2696
f 2596 2696 2597
f 2597 2696 2697
f 2597 2697 2598
f 2598 2697 2698
f 2598 2698 2599
f 2599 2698 2699
f 2599 2699 2600
f 2600 2699 2700
f 2600 2700 2601
f 2601 2700 2701
f 2601 2701 2502
f 2502 2701 2602
f 2602 2702 2603
f 2603 2702 2703
f 2603 2703 2604
f 2604 2703 2704
f 2604 2704 2605
f 2605 2704 2705
f 2605 2705 2606
f 2606 2705 2706
f 2606 2706 2607
f 2607 2706 2707
f 2607 2707 2608
f 2608 2707 2708
f 2608 2708 2609
f 2609 2708 2709
f 2609 2709 2610
f 2610 2709 2710
f 2610 2710 2611
f 2611 2710 2711
f 2611 2711 2612
f 2612 2711 2712
f 2612 2712 2613
f 2613 2712 2713
f 2613 2713 2614
f 2614 2713 2714
f 2614 2714 2615
f 2615 2714 2715
f 2615 2715 2616
f 2616 2715 2716
f 2616 2716 2617
f 2617 2716 2717
f 2617 2717 2618
f 2618 2717 2718
f 2618 2718 2619
f 2619 2718 2719
f 2619 2719 2620
f 2620 2719 2720
f 2620 2720 2621
f 2621 2720 2721
f 2621 2721 2622
f 2622 2721 2722
f 2622 2722 2623
f 2623 2722 2723
f 2623 2723 2624
f 2624 2723 2724
f 2624 2724 2625
f 2625 2724 2725
f 2625 2725 2626
f 2626 2725 2726
f 2626 2726 2627
f 2627 2726 2727
f 2627 2727 2628
f 2628 2727 2728
f 2628 2728 2629
f 2629 2728 2729
f 2629 2729 2630
f 2630 2729 2730
f 2630 2730 2631
f 2631 2730 2731
f 2631 2731 2632
f 2632 2731 2732
f 2632 2732 2633
f 2633 2732 2733
f 2633 2733 2634
f 2634 2733 2734
f 2634 2734 2635
f 2635 2734 2735
f 2635 2735 2636
f 2636 2735 2736
f 2636 2736 2637
f 2637 2736 2737
f 2637 2737 2638
f 2638 2737 2738
f 2638 2738 2639
f 2639 2738 2739
f 2639 2739 2640
f 2640 2739 2740
f 2640 2740 2641
f 2641 2740 2741
f 2641 2741 2642
f 2642 2741 2742
f 2642 2742 2643
f 2643 2742 2743
f 2643 2743 2644
f 2644 2743 2744
f 2644 2744 2645
f 2645 2744 2745
f 2645 2745 2646
f 2646 2745 2746
f 2646 2746 2647
f 2647 2746 2747
f 2647 2747 2648
f 2648 2747 2748
f 2648 2748 2649
f 2649 2748 2749
f 2649 2749 2650
f 2650 2749 2750
f 2650 2750 2651
f 2651 2750 2751
f 2651 2751 2652
f 2652 2751 2752
f 2652 2752 2653
f 2653 2752 2753
f 2653 2753 2654
f 2654 2753 2754
f 2654 2754 2655
f 2655 2754 2755
f 2655 2755 2656
f 2656 2755 2756
f 2656 2756 2657
f 2657 2756 2757
f 2657 2757 2658
f 2658 2757 2758
f 2658 2758 2659
f 2659 2758 2759
f 2659 2759 2660
f 2660 2759 2760
f 2660 2760 2661
f 2661 2760 2761
f 2661 2761 2662
f 2662 2761 2762
f 2662 2762 2663
f 2663 2762 2763
f 2663 2763 2664
f 2664 2763 2764
f 2664 2764 2665
f 2665 2764 2765
f 2665 2765 2666
f 2666 2765 2766
f 2666 2766 2667
f 2667 2766 2767
f 2667 2767 2668
f 2668 2767 2768
f 2668 2768 2669
f 2669 2768 2769
f 2669 2769 2670
f 2670 2769 2770
f 2670 2770 2671
f 2671 2770 2771
f 2671 2771 2672
f 2672 2771 2772
f 2672 2772 2673
f 2673 2772 2773
f 2673 2773 2674
f 2674 2773 2774
f 2674 2774 2675
f 2675 2774 2775
f 2675 2775 2676
f 2676 2775 2776
f 2676 2776 2677
f 2677 2776 2777
f 2677 2777 2678
f 2678 2777 2778
f 2678 2778 2679
f 2679 2778 2779
f 2679 2779 2680
f 2680 2779 2780
f 2680 2780 2681
f 2681 2780 2781
f 2681 2781 2682
f 2682 2781 2782
f 2682 2782 2683
f 2683 2782 2783
f 2683 2783 2684
f 2684 2783 2784
f 2684 2784 2685
f 2685 2784 2785
f 2685 2785 2686
f 2686 2785 2786
f 2686 2786 2687
f 2687 2786 2787
f 2687 2787 2688
f 2688 2787 2788
f 2688 2788 2689
f 2689 2788 2789
f 2689 2789 2690
f 2690 2789 2790
f 2690 2790 2691
f 2691 2790 2791
f 2691 2791 2692
f 2692 2791 2792
f 2692 2792 2693
f 2693 2792 2793
f 2693 2793 2694
f 2694 2793 2794
f 2694 2794 2695
f 2695 2794 2795
f 2695 2795 2696
f 2696 2795 2796
f 2696 2796 2697
f 2697 2796 2797
f 2697 2797 2698
f 2698 2797 2798
f 2698 2798 2699
f 2699 2798 2799
f 2699 2799 2700
f 2700 2799 2800
f 2700 2800 2701
f 2701 2800 2801
f 2701 2801 2602
f 2602 2801 2702
f 2702 2802 2703
f 2703 2802 2803
f 2703 2803 2704
f 2704 2803 2804
f 2704 2804 2705
f 2705 2804 2805
f 2705 2805 2706
f 2706 2805 2806
f 2706 2806 2707
f 2707 2806 2807
f 2707 2807 2708
f 2708 2807 2808
f 2708 2808 2709
f 2709 2808 2809
f 2709 2809 2710
f 2710 2809 2810
f 2710 2810 2711
f 2711 2810 2811
f 2711 2811 2712
f 2712 2811 2812
f 2712 2812 2713
f 2713 2812 2813
f 2713 2813 2714
f 2714 2813 2814
f 2714 2814 2715
f 2715 2814 2815
f 2715 2815 2716
f 2716 2815 2816
f 2716 2816 2717
f 2717 2816 2817
f 2717 2817 2718
f 2718 2817 2818
f 2718 2818 2719
f 2719 2818 2819
f 2719 2819 2720
f 2720 2819 2820
f 2720 2820 2721
f 2721 2820 2821
f 2721 2821 2722
f 2722 2821 2822
f 2722 2822 2723
f 2723 2822 2823
f 2723 2823 2724
f 2724 2823 2824
f 2724 2824 2725
f 2725 2824 2825
f 2725 2825 2726
f 2726 2825 2826
f 2726 2826 2727
f 2727 2826 2827
f 2727 2827 2728
f 2728 2827 2828
f 2728 2828 2729
f 2729 2828 2829
f 2729 2829 2730
f 2730 2829 2830
f 2730 2830 2731
f 2731 2830 2831
f 2731 2831 2732
f 2732 2831 2832
f 2732 2832 2733
f 2733 2832 2833
f 2733 2833 2734
f 2734 2833 2834
f 2734 2834 2735
f 2735 2834 2835
f 2735 2835 2736
f 2736 2835 2836
f 2736 2836 2737
f 2737 2836 2837
f 2737 2837 2738
f 2738 2837 2838
f 2738 2838 2739
f 2739 2838 2839
f 2739 2839 2740
f 2740 2839 2840
f 2740 2840 2741
f 2741 2840 2841
f 2741 2841 2742
f 2742 2841 2842
f 2742 2842 2743
f 2743 2842 2843
f 2743 2843 2744
f 2744 2843 2844
f 2744 2844 2745
f 2745 2844 2845
f 2745 2845 2746
f 2746 2845 2846
f 2746 2846 2747
f 2747 2846 2847
f 2747 2847 2748
f 2748 2847 2848
f 2748 2848 2749
f 2749 2848 2849
f 2749 2849 2750
f 2750 2849 2850
f 2750 2850 2751
f 2751 2850 2851
f 2751 2851 2752
f 2752 2851 2852
f 2752 2852 2753
f 2753 2852 2853
f 2753 2853 2754
f 2754 2853 2854
f 2754 2854 2755
f 2755 2854 2855
f 2755 2855 2756
f 2756 2855 2856
f 2756 2856 2757
f 2757 2856 2857
f 2757 2857 2758
f 2758 2857 2858
f 2758 2858 2759
f 2759 2858 2859
f 2759 2859 2760
f 2760 2859 2860
f 2760 2860 2761
f 2761 2860 2861
f 2761 2861 2762
f 2762 2861 2862
f 2762 2862 2763
f 2763 2862 2863
f 2763 2863 2764
f 2764 2863 2864
f 2764 2864 2765
f 2765 2864 2865
f 2765 2865 2766
f 2766 2865 2866
f 2766 2866 2767
f 2767 2866 2867
f 2767 2867 2768
f 2768 2867 2868
f 2768 2868 2769
f 2769 2868 2869
f 2769 2869 2770
f 2770 2869 2870
f 2770 2870 2771
f 2771 2870 2871
f 2771 2871 2772
f 2772 2871 2872
f 2772 2872 2773
f 2773 2872 2873
f 2773 2873 2774
f 2774 2873 2874
f 2774 2874 2775
f 2775 2874 2875
f 2775 2875 2776
f 2776 2875 2876
f 2776 2876 2777
f 2777 2876 2877
f 2777 2877 2778
f 2778 2877 2878
f 2778 2878 2779
f 2779 2878 2879
f 2779 2879 2780
f 2780 2879 2880
f 2780 2880 2781
f 2781 2880 2881
f 2781 2881 2782
f 2782 2881 2882
f 2782 2882 2783
f 2783 2882 2883
f 2783 2883 2784
f 2784 2883 2884
f 2784 2884 2785
f 2785 2884 2885
f 2785 2885 2786
f 2786 2885 2886
f 2786 2886 2787
f 2787 2886 2887
f 2787 2887 2788
f 2788 2887 2888
f 2788 2888 2789
f 2789 2888 2889
f 2789 2889 2790
f 2790 2889 2890
f 2790 2890 2791
f 2791 2890 2891
f 2791 2891 2792
f 2792 2891 2892
f 2792 2892 2793
f 2793 2892 2893
f 2793 2893 2794
f 2794 2893 2894
f 2794 2894 2795
f 2795 2894 2895
f 2795 2895 2796
f 2796 2895 2896
f 2796 2896 2797
f 2797 2896 2897
f 2797 2897 2798
f 2798 2897 2898
f 2798 2898 2799
f 2799 2898 2899
f 2799 2899 2800
f 2800 2899 2900
f 2800 2900 2801
f 2801 2900 2901
f 2801 2901 2702
f 2702 2901 2802
f 2802 2902 2803
f 2803 2902 2903
f 2803 2903 2804
f 2804 2903 2904
f 2804 2904 2805
f 2805 2904 2905
f 2805 2905 2806
f 2806 2905 2906
f 2806 2906 2807
f 2807 2906 2907
f 2807 2907 2808
f 2808 2907 2908
f 2808 2908 2809
f 2809 2908 2909
f 2809 2909 2810
f 2810 2909 2910
f 2810 2910 2811
f 2811 2910 2911
f 2811 2911 2812
f 2812 2911 2912
f 2812 2912 2813
f 2813 2912 2913
f 2813 2913 2814
f 2814 2913 2914
f 2814 2914 2815
f 2815 2914 2915
f 2815 2915 2816
f 2816 2915 2916
f 2816 2916 2817
f 2817 2916 2917
f 2817 2917 2818
f 2818 2917 2918
f 2818 2918 2819
f 2819 2918 2919
f 2819 2919 2820
f 2820 2919 2920
f 2820 2920 2821
f 2821 2920 2921
f 2821 2921 2822
f 2822 2921 2922
f 2822 2922 2823
f 2823 2922 2923
f 2823 2923 2824
f 2824 2923 2924
f 2824 2924 2825
f 2825 2924 2925
f 2825 2925 2826
f 2826 2925 2926
f 2826 2926 2827
f 2827 2926 2927
f 2827 2927 2828
f 2828 2927 2928
f 2828 2928 2829
f 2829 2928 2929
f 2829 2929 2830
f 2830 2929 2930
f 2830 2930 2831
f 2831 2930 2931
f 2831 2931 2832
f 2832 2931 2932
f 2832 2932 2833
f 2833 2932 2933
f 2833 2933 2834
f 2834 2933 2934
f 2834 2934 2835
f 2835 2934 2935
f 2835 2935 2836
f 2836 2935 2936
f 2836 2936 2837
f 2837 2936 2937
f 2837 2937 2838
f 2838 2937 2938
f 2838 2938 2839
f 2839 2938 2939
f 2839 2939 2840
f 2840 2939 2940
f 2840 2940 2841
f 2841 2940 2941
f 2841 2941 2842
f 2842 2941 2942
f 2842 2942 2843
f 2843 2942 2943
f 2843 2943 2844
f 2844 2943 2944
f 2844 2944 2845
f 2845 2944 2945
f 2845 2945 2846
f 2846 2945 2946
f 2846 2946 2847
f 2847 2946 2947
f 2847 2947 2848
f 2848 2947 2948
f 2848 2948 2849
f 2849 2948 2949
f 2849 2949 2850
f 2850 2949 2950
f 2850 2950 2851
f 2851 2950 2951
f 2851 2951 2852
f 2852 2951 2952
f 2852 2952 2853
f 2853 2952 2953
f 2853 2953 2854
f 2854 2953 2954
f 2854 2954 2855
f 2855 2954 2955
f 2855 2955 2856
f 2856 2955 2956
f 2856 2956 2857
f 2857 2956 2957
f 2857 2957 2858
f 2858 2957 2958
f 2858 2958 2859
f 2859 2958 2959
f 2859 2959 2860
f 2860 2959 2960
f 2860 2960 2861
f 2861 2960 2961
f 2861 2961 2862
f 2862 2961 2962
f 2862 2962 2863
f 2863 2962 2963
f 2863 2963 2864
f 2864 2963 2964
f 2864 2964 2865
f 2865 2964 2965
f 2865 2965 2866
f 2866 2965 2966
f 2866 2966 2867
f 2867 2966 2967
f 2867 2967 2868
f 2868 2967 2968
f 2868 2968 2869
f 2869 2968 2969
f 2869 2969 2870
f 2870 2969 2970
f 2870 2970 2871
f 2871 2970 2971
f 2871 2971 2872
f 2872 2971 2972
f 2872 2972 2873
f 2873 2972 2973
f 2873 2973 2874
f 2874 2973 2974
f 2874 2974 2875
f 2875 2974 2975
f 2875 2975 2876
f 2876 2975 2976
f 2876 2976 2877
f 2877 2976 2977
f 2877 2977 2878
f 2878 2977 2978
f 2878 2978 2879
f 2879 2978 2979
f 2879 2979 2880
f 2880 2979 2980
f 2880 2980 2881
f 2881 2980 2981
f 2881 2981 2882
f 2882 2981 2982
f 2882 2982 2883
f 2883 2982 2983
f 2883 2983 2884
f 2884 2983 2984
f 2884 2984 2885
f 2885 2984 2985
f 2885 2985 2886
f 2886 2985 2986
f 2886 2986 2887
f 2887 2986 2987
f 2887 2987 2888
f 2888 2987 2988
f 2888 2988 2889
f 2889 2988 2989
f 2889 2989 2890
f 2890 2989 2990
f 2890 2990 2891
f 2891 2990 2991
f 2891 2991 2892
f 2892 2991 2992
f 2892 2992 2893
f 2893 2992 2993
f 2893 2993 2894
f 2894 2993 2994
f 2894 2994 2895
f 2895 2994 2995
f 2895 2995 2896
f 2896 2995 2996
f 2896 2996 2897
f 2897 2996 2997
f 2897 2997 2898
f 2898 2997 2998
f 2898 2998 2899
f 2899 2998 2999
f 2899 2999 2900
f 2900 2999 3000
f 2900 3000 2901
f 2901 3000 3001
f 2901 3001 2802
f 2802 3001 2902
f 2902 3002 2903
f 2903 3002 3003
f 2903 3003 2904
f 2904 3003 3004
f 2904 3004 2905
f 2905 3004 3005
f 2905 3005 2906
f 2906 3005 3006
f 2906 3006 2907
f 2907 3006 3007
f 2907 3007 2908
f 2908 3007 3008
f 2908 3008 2909
f 2909 3008 3009
f 2909 3009 2910
f 2910 3009 3010
f 2910 3010 2911
f 2911 3010 3011
f 2911 3011 2912
f 2912 3011 3012
f 2912 3012 2913
f 2913 3012 3013
f 2913 3013 2914
f 2914 3013 3014
f 2914 3014 2915
f 2915 3014 3015
f 2915 3015 2916
f 2916 3015 3016
f 2916 3016 2917
f 2917 3016 3017
f 2917 3017 2918
f 2918 3017 3018
f 2918 3018 2919
f 2919 3018 3019
f 2919 3019 2920
f 2920 3019 3020
f 2920 3020 2921
f 2921 3020 3021
f 2921 3021 2922
f 2922 3021 3022
f 2922 3022 2923
f 2923 3022 3023
f 2923 3023 2924
f 2924 3023 3024
f 2924 3024 2925
f 2925 3024 3025
f 2925 3025 2926
f 2926 3025 3026
f 2926 3026 2927
f 2927 3026 3027
f 2927 3027 2928
f 2928 3027 3028
f 2928 3028 2929
f 2929 3028 3029
f 2929 3029 2930
f 2930 3029 3030
f 2930 3030 2931
f 2931 3030 3031
f 2931 3031 2932
f 2932 3031 3032
f 2932 3032 2933
f 2933 3032 3033
f 2933 3033 2934
f 2934 3033 3034
f 2934 3034 2935
f 2935 3034 3035
f 2935 3035 2936
f 2936 3035 3036
f 2936 3036 2937
f 2937 3036 3037
f 2937 3037 2938
f 2938 3037 3038
f 2938 3038 2939
f 2939 3038 3039
f 2939 3039 2940
f 2940 3039 3040
f 2940 3040 2941
f 2941 3040 3041
f 2941 3041 2942
f 2942 3041 3042
f 2942 3042 2943
f 2943 3042 3043
f 2943 3043 2944
f 2944 3043 3044
f 2944 3044 2945
f 2945 3044 3045
f 2945 3045 2946
f 2946 3045 3046
f 2946 3046 2947
f 2947 3046 3047
f 2947 3047 2948
f 2948 3047 3048
f 2948 3048 2949
f 2949 3048 3049
f 2949 3049 2950
f 2950 3049 3050
f 2950 3050 2951
f 2951 3050 3051
f 2951 3051 2952
f 2952 3051 3052
f 2952 3052 2953
f 2953 3052 3053
f 2953 3053 2954
f 2954 3053 3054
f 2954 3054 2955
f 2955 3054 3055
f 2955 3055 2956
f 2956 3055 3056
f 2956 3056 2957
f 2957 3056 3057
f 2957 3057 2958
f 2958 3057 3058
f 2958 3058 2959
f 2959 3058 3059
f 2959 3059 2960
f 2960 3059 3060
f 2960 3060 2961
f 2961 3060 3061
f 2961 3061 2962
f 2962 3061 3062
f 2962 3062 2963
f 2963 3062 3063
f 2963 3063 2964
f 2964 3063 3064
f 2964 3064 2965
f 2965 3064 3065
f 2965 3065 2966
f 2966 3065 3066
f 2966 3066 2967
f 2967 3066 3067
f 2967 3067 2968
f 2968 3067 3068
f 2968 3068 2969
f 2969 3068 3069
f 2969 3069 2970
f 2970 3069 3070
f 2970 3070 2971
f 2971 3070 3071
f 2971 3071 2972
f 2972 3071 3072
f 2972 3072 2973
f 2973 3072 3073
f 2973 3073 2974
f 2974 3073 3074
f 2974 3074 2975
f 2975 3074 3075
f 2975 3075 2976
f 2976 3075 3076
f 2976 3076 2977
f 2977 3076 3077
f 2977 3077 2978
f 2978 3077 3078
f 2978 3078 2979
f 2979 3078 3079
f 2979 3079 2980
f 2980 3079 3080
f 2980 3080 2981
f 2981 3080 3081
f 2981 3081 2982
f 2982 3081 3082
f 2982 3082 2983
f 2983 3082 3083
f 2983 3083 2984
f 2984 3083 3084
f 2984 3084 2985
f 2985 3084 3085
f 2985 3085 2986
f 2986 3085 3086
f 2986 3086 2987
f 2987 3086 3087
f 2987 3087 2988
f 2988 3087 3088
f 2988 3088 2989
f 2989 3088 3089
f 2989 3089 2990
f 2990 3089 3090
f 2990 3090 2991
f 2991 3090 3091
f 2991 3091 2992
f 2992 3091 3092
f 2992 3092 2993
f 2993 3092 3093
f 2993 3093 2994
f 2994 3093 3094
f 2994 3094 2995
f 2995 3094 3095
f 2995 3095 2996
f 2996 3095 3096
f 2996 3096 2997
f 2997 3096 3097
f 2997 3097 2998
f 2998 3097 3098
f 2998 3098 2999
f 2999 3098 3099
f 2999 3099 3000
f 3000 3099 3100
f 3000 3100 3001
f 3001 3100 3101
f 3001 3101 2902
f 2902 3101 3002
f 3002 3102 3003
f 3003 3102 3103
f 3003 3103 3004
f 3004 3103 3104
f 3004 3104 3005
f 3005 3104 3105
f 3005 3105 3006
f 3006 3105 3106
f 3006 3106 3007
f 3007 3106 3107
f 3007 3107 3008
f 3008 3107 3108
f 3008 3108 3009
f 3009 3108 3109
f 3009 3109 3010
f 3010 3109 3110
f 3010 3110 3011
f 3011 3110 3111
f 3011 3111 3012
f 3012 3111 3112
f 3012 3112 3013
f 3013 3112 3113
f 3013 3113 3014
f 3014 3113 3114
f 3014 3114 3015
f 3015 3114 3115
f 3015 3115 3016
f 3016 3115 3116
f 3016 3116 3017
f 3017 3116 3117
f 3017 3117 3018
f 3018 3117 3118
f 3018 3118 3019
f 3019 3118 3119
f 3019 3119 3020
f 3020 3119 3120
f 3020 3120 3021
f 3021 3120 3121
f 3021 3121 3022
f 3022 3121 3122
f 3022 3122 3023
f 3023 3122 3123
f 3023 3123 3024
f 3024 3123 3124
f 3024 3124 3025
f 3025 3124 3125
f 3025 3125 3026
f 3026 3125 3126
f 3026 3126 3027
f 3027 3126 3127
f 3027 3127 3028
f 3028 3127 3128
f 3028 3128 3029
f 3029 3128 3129
f 3029 3129 3030
f 3030 3129 3130
f 3030 3130 3031
f 3031 3130 3131
f 3031 3131 3032
f 3032 3131 3132
f 3032 3132 3033
f 3033 3132 3133
f 3033 3133 3034
f 3034 3133 3134
f 3034 3134 3035
f 3035 3134 3135
f 3035 3135 3036
f 3036 3135 3136
f 3036 3136 3037
f 3037 3136 3137
f 3037 3137 3038
f 3038 3137 3138
f 3038 3138 3039
f 3039 3138 3139
f 3039 3139 3040
f 3040 3139 3140
f 3040 3140 3041
f 3041 3140 3141
f 3041 3141 3042
f 3042 3141 3142
f 3042 3142 3043
f 3043 3142 3143
f 3043 3143 3044
f 3044 3143 3144
f 3044 3144 3045
f 3045 3144 3145
f 3045 3145 3046
f 3046 3145 3146
f 3046 3146 3047
f 3047 3146 3147
f 3047 3147 3048
f 3048 3147 3148
f 3048 3148 3049
f 3049 3148 3149
f 3049 3149 3050
f 3050 3149 3150
f 3050 3150 3051
f 3051 3150 3151
f 3051 3151 3052
f 3052 3151 3152
f 3052 3152 3053
f 3053 3152 3153
f 3053 3153 3054
f 3054 3153 3154
f 3054 3154 3055
f 3055 3154 3155
f 3055 3155 3056
f 3056 3155 3156
f 3056 3156 3057
f 3057 3156 3157
f 3057 3157 3058
f 3058 3157 3158
f 3058 3158 3059
f 3059 3158 3159
f 3059 3159 3060
f 3060 3159 3160
f 3060 3160 3061
f 3061 3160 3161
f 3061 3161 3062
f 3062 3161 3162
f 3062 3162 3063
f 3063 3162 3163
f 3063 3163 3064
f 3064 3163 3164
f 3064 3164 3065
f 3065 3164 3165
f 3065 3165 3066
f 3066 3165 3166
f 3066 3166 3067
f 3067 3166 3167
f 3067 3167 3068
f 3068 3167 3168
f 3068 3168 3069
f 3069 3168 3169
f 3069 3169 3070
f 3070 3169 3170
f 3070 3170 3071
f 3071 3170 3171
f 3071 3171 3072
f 3072 3171 3172
f 3072 3172 3073
f 3073 3172 3173
f 3073 3173 3074
f 3074 3173 3174
f 3074 3174 3075
f 3075 3174 3175
f 3075 3175 3076
f 3076 3175 3176
f 3076 3176 3077
f 3077 3176 3177
f 3077 3177 3078
f 3078 3177 3178
f 3078 3178 3079
f 3079 3178 3179
f 3079 3179 3080
f 3080 3179 3180
f 3080 3180 3081
f 3081 3180 3181
f 3081 3181 3082
f 3082 3181 3182
f 3082 3182 3083
f 3083 3182 3183
f 3083 3183 3084
f 3084 3183 3184
f 3084 3184 3085
f 3085 3184 3185
f 3085 3185 3086
f 3086 3185 3186
f 3086 3186 3087
f 3087 3186 3187
f 3087 3187 3088
f 3088 3187 3188
f 3088 3188 3089
f 3089 3188 3189
f 3089 3189 3090
f 3090 3189 3190
f 3090 3190 3091
f 3091 3190 3191
f 3091 3191 3092
f 3092 3191 3192
f 3092 3192 3093
f 3093 3192 3193
f 3093 3193 3094
f 3094 3193 3194
f 3094 3194 3095
f 3095 3194 3195
f 3095 3195 3096
f 3096 3195 3196
f 3096 3196 3097
f 3097 3196 3197
f 3097 3197 3098
f 3098 3197 3198
f 3098 3198 3099
f 3099 3198 3199
f 3099 3199 3100
f 3100 3199 3200
f 3100 3200 3101
f 3101 3200 3201
f 3101 3201 3002
f 3002 3201 3102
f 3102 3202 3103
f 3103 3202 3203
f 3103 3203 3104
f 3104 3203 3204
f 3104 3204 3105
f 3105 3204 3205
f 3105 3205 3106
f 3106 3205 3206
f 3106 3206 3107
f 3107 3206 3207
f 3107 3207 3108
f 3108 3207 3208
f 3108 3208 3109
f 3109 3208 3209
f 3109 3209 3110
f 3110 3209 3210
f 3110 3210 3111
f 3111 3210 3211
f 3111 3211 3112
f 3112 3211 3212
f 3112 3212 3113
f 3113 3212 3213
f 3113 3213 3114
f 3114 3213 3214
f 3114 3214 3115
f 3115 3214 3215
f 3115 3215 3116
f 3116 3215 3216
f 3116 3216 3117
f 3117 3216 3217
f 3117 3217 3118
f 3118 3217 3218
f 3118 3218 3119
f 3119 3218 3219
f 3119 3219 3120
f 3120 3219 3220
f 3120 3220 3121
f 3121 3220 3221
f 3121 3221 3122
f 3122 3221 3222
f 3122 3222 3123
f 3123 3222 3223
f 3123 3223 3124
f 3124 3223 3224
f 3124 3224 3125
f 3125 3224 3225
f 3125 3225 3126
f 3126 3225 3226
f 3126 3226 3127
f 3127 3226 3227
f 3127 3227 3128
f 3128 3227 3228
f 3128 3228 3129
f 3129 3228 3229
f 3129 3229 3130
f 3130 3229 3230
f 3130 3230 3131
f 3131 3230 3231
f 3131 3231 3132
f 3132 3231 3232
f 3132 3232 3133
f 3133 3232 3233
f 3133 3233 3134
f 3134 3233 3234
f 3134 3234 3135
f 3135 3234 3235
f 3135 3235 3136
f 3136 3235 3236
f 3136 3236 3137
f 3137 3236 3237
f 3137 3237 3138
f 3138 3237 3238
f 3138 3238 3139
f 3139 3238 3239
f 3139 3239 3140
f 3140 3239 3240
f 3140 3240 3141
f 3141 3240 3241
f 3141 3241 3142
f 3142 3241 3242
f 3142 3242 3143
f 3143 3242 3243
f 3143 3243 3144
f 3144 3243 3244
f 3144 3244 3145
f 3145 3244 3245
f 3145 3245 3146
f 3146 3245 3246
f 3146 3246 3147
f 3147 3246 3247
f 3147 3247 3148
f 3148 3247 3248
f 3148 3248 3149
f 3149 3248 3249
f 3149 3249 3150
f 3150 3249 3250
f 3150 3250 3151
f 3151 3250 3251
f 3151 3251 3152
f 3152 3251 3252
f 3152 3252 3153
f 3153 3252 3253
f 3153 3253 3154
f 3154 3253 3254
f 3154 3254 3155
f 3155 3254 3255
f 3155 3255 3156
f 3156 3255 3256
f 3156 3256 3157
f 3157 3256 3257
f 3157 3257 3158
f 3158 3257 3258
f 3158 3258 3159
f 3159 3258 3259
f 3159 3259 3160
f 3160 3259 3260
f 3160 3260 3161
f 3161 3260 3261
f 3161 3261 3162
f 3162 3261 3262
f 3162 3262 3163
f 3163 3262 3263
f 3163 3263 3164
f 3164 3263 3264
f 3164 3264 3165
f 3165 3264 3265
f 3165 3265 3166
f 3166 3265 3266
f 3166 3266 3167
f 3167 3266 3267
f 3167 3267 3168
f 3168 3267 3268
f 3168 3268 3169
f 3169 3268 3269
f 3169 3269 3170
f 3170 3269 3270
f 3170 3270 3171
f 3171 3270 3271
f 3171 3271 3172
f 3172 3271 3272
f 3172 3272 3173
f 3173 3272 3273
f 3173 3273 3174
f 3174 3273 3274
f 3174 3274 3175
f 3175 3274 3275
f 3175 3275 3176
f 3176 3275 3276
f 3176 3276 3177
f 3177 3276 3277
f 3177 3277 3178
f 3178 3277 3278
f 3178 3278 3179
f 3179 3278 3279
f 3179 3279 3180
f 3180 3279 3280
f 3180 3280 3181
f 3181 3280 3281
f 3181 3281 3182
f 3182 3281 3282
f 3182 3282 3183
f 3183 3282 3283
f 3183 3283 3184
f 3184 3283 3284
f 3184 3284 3185
f 3185 3284 3285
f 3185 3285 3186
f 3186 3285 3286
f 3186 3286 3187
f 3187 3286 3287
f 3187 3287 3188
f 3188 3287 3288
f 3188 3288 3189
f 3189 3288 3289
f 3189 3289 3190
f 3190 3289 3290
f 3190 3290 3191
f 3191 3290 3291
f 3191 3291 3192
f 3192 3291 3292
f 3192 3292 3193
f 3193 3292 3293
f 3193 3293 3194
f 3194 3293 3294
f 3194 3294 3195
f 3195 3294 3295
f 3195 3295 3196
f 3196 3295 3296
f 3196 3296 3197
f 3197 3296 3297
f 3197 3297 3198
f 3198 3297 3298
f 3198 3298 3199
f 3199 3298 3299
f 3199 3299 3200
f 3200 3299 3300
f 3200 3300 3201
f 3201 3300 3301
f 3201 3301 3102
f 3102 3301 3202
f 3202 3302 3203
f 3203 3302 3303
f 3203 3303 3204
f 3204 3303 3304
f 3204 3304 3205
f 3205 3304 3305
f 3205 3305 3206
f 3206 3305 3306
f 3206 3306 3207
f 3207 3306 3307
f 3207 3307 3208
f 3208 3307 3308
f 3208 3308 3209
f 3209 3308 3309
f 3209 3309 3210
f 3210 3309 3310
f 3210 3310 3211
f 3211 3310 3311
f 3211 3311 3212
f 3212 3311 3312
f 3212 3312 3213
f 3213 3312 3313
f 3213 3313 3214
f 3214 3313 3314
f 3214 3314 3215
f 3215 3314 3315
f 3215 3315 3216
f 3216 3315 3316
f 3216 3316 3217
f 3217 3316 3317
f 3217 3317 3218
f 3218 3317 3318
f 3218 3318 3219
f 3219 3318 3319
f 3219 3319 3220
f 3220 3319 3320
f 3220 3320 3221
f 3221 3320 3321
f 3221 3321 3222
f 3222 3321 3322
f 3222 3322 3223
f 3223 3322 3323
f 3223 3323 3224
f 3224 3323 3324
f 3224 3324 3225
f 3225 3324 3325
f 3225 3325 3226
f 3226 3325 3326
f 3226 3326 3227
f 3227 3326 3327
f 3227 3327 3228
f 3228 3327 3328
f 3228 3328 3229
f 3229 3328 3329
f 3229 3329 3230
f 3230 3329 3330
f 3230 3330 3231
f 3231 3330 3331
f 3231 3331 3232
f 3232 3331 3332
f 3232 3332 3233
f 3233 3332 3333
f 3233 3333 3234
f 3234 3333 3334
f 3234 3334 3235
f 3235 3334 3335
f 3235 3335 3236
f 3236 3335 3336
f 3236 3336 3237
f 3237 3336 3337
f 3237 3337 3238
f 3238 3337 3338
f 3238 3338 3239
f 3239 3338 3339
f 3239 3339 3240
f 3240 3339 3340
f 3240 3340 3241
f 3241 3340 3341
f 3241 3341 3242
f 3242 3341 3342
f 3242 3342 3243
f 3243 3342 3343
f 3243 3343 3244
f 3244 3343 3344
f 3244 3344 3245
f 3245 3344 3345
f 3245 3345 3246
f 3246 3345 3346
f 3246 3346 3247
f 3247 3346 3347
f 3247 3347 3248
f 3248 3347 3348
f 3248 3348 3249
f 3249 3348 3349
f 3249 3349 3250
f 3250 3349 3350
f 3250 3350 3251
f 3251 3350 3351
f 3251 3351 3252
f 3252 3351 3352
f 3252 3352 3253
f 3253 3352 3353
f 3253 3353 3254
f 3254 3353 3354
f 3254 3354 3255
f 3255 3354 3355
f 3255 3355 3256
f 3256 3355 3356
f 3256 3356 3257
f 3257 3356 3357
f 3257 3357 3258
f 3258 3357 3358
f 3258 3358 3259
f 3259 3358 3359
f 3259 3359 3260
f 3260 3359 3360
f 3260 3360 3261
f 3261 3360 3361
f 3261 3361 3262
f 3262 3361 3362
f 3262 3362 3263
f 3263 3362 3363
f 3263 3363 3264
f 3264 3363 3364
f 3264 3364 3265
f 3265 3364 3365
f 3265 3365 3266
f 3266 3365 3366
f 3266 3366 3267
f 3267 3366 3367
f 3267 3367 3268
f 3268 3367 3368
f 3268 3368 3269
f 3269 3368 3369
f 3269 3369 3270
f 3270 3369 3370
f 3270 3370 3271
f 3271 3370 3371
f 3271 3371 3272
f 3272 3371 3372
f 3272 3372 3273
f 3273 3372 3373
f 3273 3373 3274
f 3274 3373 3374
f 3274 3374 3275
f 3275 3374 3375
f 3275 3375 3276
f 3276 3375 3376
f 3276 3376 3277
f 3277 3376 3377
f 3277 3377 3278
f 3278 3377 3378
f 3278 3378 3279
f 3279 3378 3379
f 3279 3379 3280
f 3280 3379 3380
f 3280 3380 3281
f 3281 3380 3381
f 3281 3381 3282
f 3282 3381 3382
f 3282 3382 3283
f 3283 3382 3383
f 3283 3383 3284
f 3284 3383 3384
f 3284 3384 3285
f 3285 3384 3385
f 3285 3385 3286
f 3286 3385 3386
f 3286 3386 3287
f 3287 3386 3387
f 3287 3387 3288
f 3288 3387 3388
f 3288 3388 3289
f 3289 3388 3389
f 3289 3389 3290
f 3290 3389 3390
f 3290 3390 3291
f 3291 3390 3391
f 3291 3391 3292
f 3292 3391 3392
f 3292 3392 3293
f 3293 3392 3393
f 3293 3393 3294
f 3294 3393 3394
f 3294 3394 3295
f 3295 3394 3395
f 3295 3395 3296
f 3296 3395 3396
f 3296 3396 3297
f 3297 3396 3397
f 3297 3397 3298
f 3298 3397 3398
f 3298 3398 3299
f 3299 3398 3399
f 3299 3399 3300
f 3300 3399 3400
f 3300 3400 3301
f 3301 3400 3401
f 3301 3401 3202
f 3202 3401 3302
f 3302 3402 3303
f 3303 3402 3403
f 3303 3403 3304
f 3304 3403 3404
f 3304 3404 3305
f 3305 3404 3405
f 3305 3405 3306
f 3306 3405 3406
f 3306 3406 3307
f 3307 3406 3407
f 3307 3407 3308
f 3308 3407 3408
f 3308 3408 3309
f 3309 3408 3409
f 3309 3409 3310
f 3310 3409 3410
f 3310 3410 3311
f 3311 3410 3411
f 3311 3411 3312
f 3312 3411 3412
f 3312 3412 3313
f 3313 3412 3413
f 3313 3413 3314
f 3314 3413 3414
f 3314 3414 3315
f 3315 3414 3415
f 3315 3415 3316
f 3316 3415 3416
f 3316 3416 3317
f 3317 3416 3417
f 3317 3417 3318
f 3318 3417 3418
f 3318 3418 3319
f 3319 3418 3419
f 3319 3419 3320
f 3320 3419 3420
f 3320 3420 3321
f 3321 3420 3421
f 3321 3421 3322
f 3322 3421 3422
f 3322 3422 3323
f 3323 3422 3423
f 3323 3423 3324
f 3324 3423 3424
f 3324 3424 3325
f 3325 3424 3425
f 3325 3425 3326
f 3326 3425 3426
f 3326 3426 3327
f 3327 3426 3427
f 3327 3427 3328
f 3328 3427 3428
f 3328 3428 3329
f 3329 3428 3429
f 3329 3429 3330
f 3330 3429 3430
f 3330 3430 3331
f 3331 3430 3431
f 3331 3431 3332
f 3332 3431 3432
f 3332 3432 3333
f 3333 3432 3433
f 3333 3433 3334
f 3334 3433 3434
f 3334 3434 3335
f 3335 3434 3435
f 3335 3435 3336
f 3336 3435 3436
f 3336 3436 3337
f 3337 3436 3437
f 3337 3437 3338
f 3338 3437 3438
f 3338 3438 3339
f 3339 3438 3439
f 3339 3439 3340
f 3340 3439 3440
f 3340 3440 3341
f 3341 3440 3441
f 3341 3441 3342
f 3342 3441 3442
f 3342 3442 3343
f 3343 3442 3443
f 3343 3443 3344
f 3344 3443 3444
f 3344 3444 3345
f 3345 3444 3445
f 3345 3445 3346
f 3346 3445 3446
f 3346 3446 3347
f 3347 3446 3447
f 3347 3447 3348
f 3348 3447 3448
f 3348 3448 3349
f 3349 3448 3449
f 3349 3449 3350
f 3350 3449 3450
f 3350 3450 3351
f 3351 3450 3451
f 3351 3451 3352
f 3352 3451 3452
f 3352 3452 3353
f 3353 3452 3453
f 3353 3453 3354
f 3354 3453 3454
f 3354 3454 3355
f 3355 3454 3455
f 3355 3455 3356
f 3356 3455 3456
f 3356 3456 3357
f 3357 3456 3457
f 3357 3457 3358
f 3358 3457 3458
f 3358 3458 3359
f 3359 3458 3459
f 3359 3459 3360
f 3360 3459 3460
f 3360 3460 3361
f 3361 3460 3461
f 3361 3461 3362
f 3362 3461 3462
f 3362 3462 3363
f 3363 3462 3463
f 3363 3463 3364
f 3364 3463 3464
f 3364 3464 3365
f 3365 3464 3465
f 3365 3465 3366
f 3366 3465 3466
f 3366 3466 3367
f 3367 3466 3467
f 3367 3467 3368
f 3368 3467 3468
f 3368 3468 3369
f 3369 3468 3469
f 3369 3469 3370
f 3370 3469 3470
f 3370 3470 3371
f 3371 3470 3471
f 3371 3471 3372
f 3372 3471 3472
f 3372 3472 3373
f 3373 3472 3473
f 3373 3473 3374
f 3374 3473 3474
f 3374 3474 3375
f 3375 3474 3475
f 3375 3475 3376
f 3376 3475 3476
f 3376 3476 3377
f 3377 3476 3477
f 3377 3477 3378
f 3378 3477 3478
f 3378 3478 3379
f 3379 3478 3479
f 3379 3479 3380
f 3380 3479 3480
f 3380 3480 3381
f 3381 3480 3481
f 3381 3481 3382
f 3382 3481 3482
f 3382 3482 3383
f 3383 3482 3483
f 3383 3483 3384
f 3384 3483 3484
f 3384 3484 3385
f 3385 3484 3485
f 3385 3485 3386
f 3386 3485 3486
f 3386 3486 3387
f 3387 3486 3487
f 3387 3487 3388
f 3388 3487 3488
f 3388 3488 3389
f 3389 3488 3489
f 3389 3489 3390
f 3390 3489 3490
f 3390 3490 3391
f 3391 3490 3491
f 3391 3491 3392
f 3392 3491 3492
f 3392 3492 3393
f 3393 3492 3493
f 3393 3493 3394
f 3394 3493 3494
f 3394 3494 3395
f 3395 3494 3495
f 3395 3495 3396
f 3396 3495 3496
f 3396 3496 3397
f 3397 3496 3497
f 3397 3497 3398
f 3398 3497 3498
f 3398 3498 3399
f 3399 3498 3499
f 3399 3499 3400
f 3400 3499 3500
f 3400 3500 3401
f 3401 3500 3501
f 3401 3501 3302
f 3302 3501 3402
f 3402 3502 3403
f 3403 3502 3503
f 3403 3503 3404
f 3404 3503 3504
f 3404 3504 3405
f 3405 3504 3505
f 3405 3505 3406
f 3406 3505 3506
f 3406 3506 3407
f 3407 3506 3507
f 3407 3507 3408
f 3408 3507 3508
f 3408 3508 3409
f 3409 3508 3509
f 3409 3509 3410
f 3410 3509 3510
f 3410 3510 3411
f 3411 3510 3511
f 3411 3511 3412
f 3412 3511 3512
f 3412 3512 3413
f 3413 3512 3513
f 3413 3513 3414
f 3414 3513 3514
f 3414 3514 3415
f 3415 3514 3515
f 3415 3515 3416
f 3416 3515 3516
f 3416 3516 3417
f 3417 3516 3517
f 3417 3517 3418
f 3418 3517 3518
f 3418 3518 3419
f 3419 3518 3519
f 3419 3519 3420
f 3420 3519 3520
f 3420 3520 3421
f 3421 3520 3521
f 3421 3521 3422
f 3422 3521 3522
f 3422 3522 3423
f 3423 3522 3523
f 3423 3523 3424
f 3424 3523 3524
f 3424 3524 3425
f 3425 3524 3525
f 3425 3525 3426
f 3426 3525 3526
f 3426 3526 3427
f 3427 3526 3527
f 3427 3527 3428
f 3428 3527 3528
f 3428 3528 3429
f 3429 3528 3529
f 3429 3529 3430
f 3430 3529 3530
f 3430 3530 3431
f 3431 3530 3531
f 3431 3531 3432
f 3432 3531 3532
f 3432 3532 3433
f 3433 3532 3533
f 3433 3533 3434
f 3434 3533 3534
f 3434 3534 3435
f 3435 3534 3535
f 3435 3535 3436
f 3436 3535 3536
f 3436 3536 3437
f 3437 3536 3537
f 3437 3537 3438
f 3438 3537 3538
f 3438 3538 3439
f 3439 3538 3539
f 3439 3539 3440
f 3440 3539 3540
f 3440 3540 3441
f 3441 3540 3541
f 3441 3541 3442
f 3442 3541 3542
f 3442 3542 3443
f 3443 3542 3543
f 3443 3543 3444
f 3444 3543 3544
f 3444 3544 3445
f 3445 3544 3545
f 3445 3545 3446
f 3446 3545 3546
f 3446 3546 3447
f 3447 3546 3547
f 3447 3547 3448
f 3448 3547 3548
f 3448 3548 3449
f 3449 3548 3549
f 3449 3549 3450
f 3450 3549 3550
f 3450 3550 3451
f 3451 3550 3551
f 3451 3551 3452
f 3452 3551 3552
f 3452 3552 3453
f 3453 3552 3553
f 3453 3553 3454
f 3454 3553 3554
f 3454 3554 3455
f 3455 3554 3555
f 3455 3555 3456
f 3456 3555 3556
f 3456 3556 3457
f 3457 3556 3557
f 3457 3557 3458
f 3458 3557 3558
f 3458 3558 3459
f 3459 3558 3559
f 3459 3559 3460
f 3460 3559 3560
f 3460 3560 3461
f 3461 3560 3561
f 3461 3561 3462
f 3462 3561 3562
f 3462 3562 3463
f 3463 3562 3563
f 3463 3563 3464
f 3464 3563 3564
f 3464 3564 3465
f 3465 3564 3565
f 3465 3565 3466
f 3466 3565 3566
f 3466 3566 3467
f 3467 3566 3567
f 3467 3567 3468
f 3468 3567 3568
f 3468 3568 3469
f 3469 3568 3569
f 3469 3569 3470
f 3470 3569 3570
f 3470 3570 3471
f 3471 3570 3571
f 3471 3571 3472
f 3472 3571 3572
f 3472 3572 3473
f 3473 3572 3573
f 3473 3573 3474
f 3474 3573 3574
f 3474 3574 3475
f 3475 3574 3575
f 3475 3575 3476
f 3476 3575 3576
f 3476 3576 3477
f 3477 3576 3577
f 3477 3577 3478
f 3478 3577 3578
f 3478 3578 3479
f 3479 3578 3579
f 3479 3579 3480
f 3480 3579 3580
f 3480 3580 3481
f 3481 3580 3581
f 3481 3581 3482
f 3482 3581 3582
f 3482 3582 3483
f 3483 3582 3583
f 3483 3583 3484
f 3484 3583 3584
f 3484 3584 3485
f 3485 3584 3585
f 3485 3585 3486
f 3486 3585 3586
f 3486 3586 3487
f 3487 3586 3587
f 3487 3587 3488
f 3488 3587 3588
f 3488 3588 3489
f 3489 3588 3589
f 3489 3589 3490
f 3490 3589 3590
f 3490 3590 3491
f 3491 3590 3591
f 3491 3591 3492
f 3492 3591 3592
f 3492 3592 3493
f 3493 3592 3593
f 3493 3593 3494
f 3494 3593 3594
f 3494 3594 3495
f 3495 3594 3595
f 3495 3595 3496
f 3496 3595 3596
f 3496 3596 3497
f 3497 3596 3597
f 3497 3597 3498
f 3498 3597 3598
f 3498 3598 3499
f 3499 3598 3599
f 3499 3599 3500
f 3500 3599 3600
f 3500 3600 3501
f 3501 3600 3601
f 3501 3601 3402
f 3402 3601 3502
f 3502 3602 3503
f 3503 3602 3603
f 3503 3603 3504
f 3504 3603 3604
f 3504 3604 3505
f 3505 3604 3605
f 3505 3605 3506
f 3506 3605 3606
f 3506 3606 3507
f 3507 3606 3607
f 3507 3607 3508
f 3508 3607 3608
f 3508 3608 3509
f 3509 3608 3609
f 3509 3609 3510
f 3510 3609 3610
f 3510 3610 3511
f 3511 3610 3611
f 3511 3611 3512
f 3512 3611 3612
f 3512 3612 3513
f 3513 3612 3613
f 3513 3613 3514
f 3514 3613 3614
f 3514 3614 3515
f 3515 3614 3615
f 3515 3615 3516
f 3516 3615 3616
f 3516 3616 3517
f 3517 3616 3617
f 3517 3617 3518
f 3518 3617 3618
f 3518 3618 3519
f 3519 3618 3619
f 3519 3619 3520
f 3520 3619 3620
f 3520 3620 3521
f 3521 3620 3621
f 3521 3621 3522
f 3522 3621 3622
f 3522 3622 3523
f 3523 3622 3623
f 3523 3623 3524
f 3524 3623 3624
f 3524 3624 3525
f 3525 3624 3625
f 3525 3625 3526
f 3526 3625 3626
f 3526 3626 3527
f 3527 3626 3627
f 3527 3627 3528
f 3528 3627 3628
f 3528 3628 3529
f 3529 3628 3629
f 3529 3629 3530
f 3530 3629 3630
f 3530 3630 3531
f 3531 3630 3631
f 3531 3631 3532
f 3532 3631 3632
f 3532 3632 3533
f 3533 3632 3633
f 3533 3633 3534
f 3534 3633 3634
f 3534 3634 3535
f 3535 3634 3635
f 3535 3635 3536
f 3536 3635 3636
f 3536 3636 3537
f 3537 3636 3637
f 3537 3637 3538
f 3538 3637 3638
f 3538 3638 3539
f 3539 3638 3639
f 3539 3639 3540
f 3540 3639 3640
f 3540 3640 3541
f 3541 3640 3641
f 3541 3641 3542
f 3542 3641 3642
f 3542 3642 3543
f 3543 3642 3643
f 3543 3643 3544
f 3544 3643 3644
f 3544 3644 3545
f 3545 3644 3645
f 3545 3645 3546
f 3546 3645 3646
f 3546 3646 3547
f 3547 3646 3647
f 3547 3647 3548
f 3548 3647 3648
f 3548 3648 3549
f 3549 3648 3649
f 3549 3649 3550
f 3550 3649 3650
f 3550 3650 3551
f 3551 3650 3651
f 3551 3651 3552
f 3552 3651 3652
f 3552 3652 3553
f 3553 3652 3653
f 3553 3653 3554
f 3554 3653 3654
f 3554 3654 3555
f 3555 3654 3655
f 3555 3655 3556
f 3556 3655 3656
f 3556 3656 3557
f 3557 3656 3657
f 3557 3657 3558
f 3558 3657 3658
f 3558 3658 3559
f 3559 3658 3659
f 3559 3659 3560
f 3560 3659 3660
f 3560 3660 3561
f 3561 3660 3661
f 3561 3661 3562
f 3562 3661 3662
f 3562 3662 3563
f 3563 3662 3663
f 3563 3663 3564
f 3564 3663 3664
f 3564 3664 3565
f 3565 3664 3665
f 3565 3665 3566
f 3566 3665 3666
f 3566 3666 3567
f 3567 3666 3667
f 3567 3667 3568
f 3568 3667 3668
f 3568 3668 3569
f 3569 3668 3669
f 3569 3669 3570
f 3570 3669 3670
f 3570 3670 3571
f 3571 3670 3671
f 3571 3671 3572
f 3572 3671 3672
f 3572 3672 3573
f 3573 3672 3673
f 3573 3673 3574
f 3574 3673 3674
f 3574 3674 3575
f 3575 3674 3675
f 3575 3675 3576
f 3576 3675 3676
f 3576 3676 3577
f 3577 3676 3677
f 3577 3677 3578
f 3578 3677 3678
f 3578 3678 3579
f 3579 3678 3679
f 3579 3679 3580
f 3580 3679 3680
f 3580 3680 3581
f 3581 3680 3681
f 3581 3681 3582
f 3582 3681 3682
f 3582 3682 3583
f 3583 3682 3683
f 3583 3683 3584
f 3584 3683 3684
f 3584 3684 3585
f 3585 3684 3685
f 3585 3685 3586
f 3586 3685 3686
f 3586 3686 3587
f 3587 3686 3687
f 3587 3687 3588
f 3588 3687 3688
f 3588 3688 3589
f 3589 3688 3689
f 3589 3689 3590
f 3590 3689 3690
f 3590 3690 3591
f 3591 3690 3691
f 3591 3691 3592
f 3592 3691 3692
f 3592 3692 3593
f 3593 3692 3693
f 3593 3693 3594
f 3594 3693 3694
f 3594 3694 3595
f 3595 3694 3695
f 3595 3695 3596
f 3596 3695 3696
f 3596 3696 3597
f 3597 3696 3697
f 3597 3697 3598
f 3598 3697 3698
f 3598 3698 3599
f 3599 3698 3699
f 3599 3699 3600
f 3600 3699 3700
f 3600 3700 3601
f 3601 3700 3701
f 3601 3701 3502
f 3502 3701 3602
f 3602 3702 3603
f 3603 3702 3703
f 3603 3703 3604
f 3604 3703 3704
f 3604 3704 3605
f 3605 3704 3705
f 3605 3705 3606
f 3606 3705 3706
f 3606 3706 3607
f 3607 3706 3707
f 3607 3707 3608
f 3608 3707 3708
f 3608 3708 3609
f 3609 3708 3709
f 3609 3709 3610
f 3610 3709 3710
f 3610 3710 3611
f 3611 3710 3711
f 3611 3711 3612
f 3612 3711 3712
f 3612 3712 3613
f 3613 3712 3713
f 3613 3713 3614
f 3614 3713 3714
f 3614 3714 3615
f 3615 3714 3715
f 3615 3715 3616
f 3616 3715 3716
f 3616 3716 3617
f 3617 3716 3717
f 3617 3717 3618
f 3618 3717 3718
f 3618 3718 3619
f 3619 3718 3719
f 3619 3719 3620
f 3620 3719 3720
f 3620 3720 3621
f 3621 3720 3721
f 3621 3721 3622
f 3622 3721 3722
f 3622 3722 3623
f 3623 3722 3723
f 3623 3723 3624
f 3624 3723 3724
f 3624 3724 3625
f 3625 3724 3725
f 3625 3725 3626
f 3626 3725 3726
f 3626 3726 3627
f 3627 3726 3727
f 3627 3727 3628
f 3628 3727 3728
f 3628 3728 3629
f 3629 3728 3729
f 3629 3729 3630
f 3630 3729 3730
f 3630 3730 3631
f 3631 3730 3731
f 3631 3731 3632
f 3632 3731 3732
f 3632 3732 3633
f 3633 3732 3733
f 3633 3733 3634
f 3634 3733 3734
f 3634 3734 3635
f 3635 3734 3735
f 3635 3735 3636
f 3636 3735 3736
f 3636 3736 3637
f 3637 3736 3737
f 3637 3737 3638
f 3638 3737 3738
f 3638 3738 3639
f 3639 3738 3739
f 3639 3739 3640
f 3640 3739 3740
f 3640 3740 3641
f 3641 3740 3741
f 3641 3741 3642
f 3642 3741 3742
f 3642 3742 3643
f 3643 3742 3743
f 3643 3743 3644
f 3644 3743 3744
f 3644 3744 3645
f 3645 3744 3745
f 3645 3745 3646
f 3646 3745 3746
f 3646 3746 3647
f 3647 3746 3747
f 3647 3747 3648
f 3648 3747 3748
f 3648 3748 3649
f 3649 3748 3749
f 3649 3749 3650
f 3650 3749 3750
f 3650 3750 3651
f 3651 3750 3751
f 3651 3751 3652
f 3652 3751 3752
f 3652 3752 3653
f 3653 3752 3753
f 3653 3753 3654
f 3654 3753 3754
f 3654 3754 3655
f 3655 3754 3755
f 3655 3755 3656
f 3656 3755 3756
f 3656 3756 3657
f 3657 3756 3757
f 3657 3757 3658
f 3658 3757 3758
f 3658 3758 3659
f 3659 3758 3759
f 3659 3759 3660
f 3660 3759 3760
f 3660 3760 3661
f 3661 3760 3761
f 3661 3761 3662
f 3662 3761 3762
f 3662 3762 3663
f 3663 3762 3763
f 3663 3763 3664
f 3664 3763 3764
f 3664 3764 3665
f 3665 3764 3765
f 3665 3765 3666
f 3666 3765 3766
f 3666 3766 3667
f 3667 3766 3767
f 3667 3767 3668
f 3668 3767 3768
f 3668 3768 3669
f 3669 3768 3769
f 3669 3769 3670
f 3670 3769 3770
f 3670 3770 3671
f 3671 3770 3771
f 3671 3771 3672
f 3672 3771 3772
f 3672 3772 3673
f 3673 3772 3773
f 3673 3773 3674
f 3674 3773 3774
f 3674 3774 3675
f 3675 3774 3775
f 3675 3775 3676
f 3676 3775 3776
f 3676 3776 3677
f 3677 3776 3777
f 3677 3777 3678
f 3678 3777 3778
f 3678 3778 3679
f 3679 3778 3779
f 3679 3779 3680
f 3680 3779 3780
f 3680 3780 3681
f 3681 3780 3781
f 3681 3781 3682
f 3682 3781 3782
f 3682 3782 3683
f 3683 3782 3783
f 3683 3783 3684
f 3684 3783 3784
f 3684 3784 3685
f 3685 3784 3785
f 3685 3785 3686
f 3686 3785 3786
f 3686 3786 3687
f 3687 3786 3787
f 3687 3787 3688
f 3688 3787 3788
f 3688 3788 3689
f 3689 3788 3789
f 3689 3789 3690
f 3690 3789 3790
f 3690 3790 3691
f 3691 3790 3791
f 3691 3791 3692
f 3692 3791 3792
f 3692 3792 3693
f 3693 3792 3793
f 3693 3793 3694
f 3694 3793 3794
f 3694 3794 3695
f 3695 3794 3795
f 3695 3795 3696
f 3696 3795 3796
f 3696 3796 3697
f 3697 3796 3797
f 3697 3797 3698
f 3698 3797 3798
f 3698 3798 3699
f 3699 3798 3799
f 3699 3799 3700
f 3700 3799 3800
f 3700 3800 3701
f 3701 3800 3801
f 3701 3801 3602
f 3602 3801 3702
f 3702 3802 3703
f 3703 3802 3803
f 3703 3803 3704
f 3704 3803 3804
f 3704 3804 3705
f 3705 3804 3805
f 3705 3805 3706
f 3706 3805 3806
f 3706 3806 3707
f 3707 3806 3807
f 3707 3807 3708
f 3708 3807 3808
f 3708 3808 3709
f 3709 3808 3809
f 3709 3809 3710
f 3710 3809 3810
f 3710 3810 3711
f 3711 3810 3811
f 3711 3811 3712
f 3712 3811 3812
f 3712 3812 3713
f 3713 3812 3813
f 3713 3813 3714
f 3714 3813 3814
f 3714 3814 3715
f 3715 3814 3815
f 3715 3815 3716
f 3716 3815 3816
f 3716 3816 3717
f 3717 3816 3817
f 3717 3817 3718
f 3718 3817 3818
f 3718 3818 3719
f 3719 3818 3819
f 3719 3819 3720
f 3720 3819 3820
f 3720 3820 3721
f 3721 3820 3821
f 3721 3821 3722
f 3722 3821 3822
f 3722 3822 3723
f 3723 3822 3823
f 3723 3823 3724
f 3724 3823 3824
f 3724 3824 3725
f 3725 3824 3825
f 3725 3825 3726
f 3726 3825 3826
f 3726 3826 3727
f 3727 3826 3827
f 3727 3827 3728
f 3728 3827 3828
f 3728 3828 3729
f 3729 3828 3829
f 3729 3829 3730
f 3730 3829 3830
f 3730 3830 3731
f 3731 3830 3831
f 3731 3831 3732
f 3732 3831 3832
f 3732 3832 3733
f 3733 3832 3833
f 3733 3833 3734
f 3734 3833 3834
f 3734 3834 3735
f 3735 3834 3835
f 3735 3835 3736
f 3736 3835 3836
f 3736 3836 3737
f 3737 3836 3837
f 3737 3837 3738
f 3738 3837 3838
f 3738 3838 3739
f 3739 3838 3839
f 3739 3839 3740
f 3740 3839 3840
f 3740 3840 3741
f 3741 3840 3841
f 3741 3841 3742
f 3742 3841 3842
f 3742 3842 3743
f 3743 3842 3843
f 3743 3843 3744
f 3744 3843 3844
f 3744 3844 3745
f 3745 3844 3845
f 3745 3845 3746
f 3746 3845 3846
f 3746 3846 3747
f 3747 3846 3847
f 3747 3847 3748
f 3748 3847 3848
f 3748 3848 3749
f 3749 3848 3849
f 3749 3849 3750
f 3750 3849 3850
f 3750 3850 3751
f 3751 3850 3851
f 3751 3851 3752
f 3752 3851 3852
f 3752 3852 3753
f 3753 3852 3853
f 3753 3853 3754
f 3754 3853 3854
f 3754 3854 3755
f 3755 3854 3855
f 3755 3855 3756
f 3756 3855 3856
f 3756 3856 3757
f 3757 3856 3857
f 3757 3857 3758
f 3758 3857 3858
f 3758 3858 3759
f 3759 3858 3859
f 3759 3859 3760
f 3760 3859 3860
f 3760 3860 3761
f 3761 3860 3861
f 3761 3861 3762
f 3762 3861 3862
f 3762 3862 3763
f 3763 3862 3863
f 3763 3863 3764
f 3764 3863 3864
f 3764 3864 3765
f 3765 3864 3865
f 3765 3865 3766
f 3766 3865 3866
f 3766 3866 3767
f 3767 3866 3867
f 3767 3867 3768
f 3768 3867 3868
f 3768 3868 3769
f 3769 3868 3869
f 3769 3869 3770
f 3770 3869 3870
f 3770 3870 3771
f 3771 3870 3871
f 3771 3871 3772
f 3772 3871 3872
f 3772 3872 3773
f 3773 3872 3873
f 3773 3873 3774
f 3774 3873 3874
f 3774 3874 3775
f 3775 3874 3875
f 3775 3875 3776
f 3776 3875 3876
f 3776 3876 3777
f 3777 3876 3877
f 3777 3877 3778
f 3778 3877 3878
f 3778 3878 3779
f 3779 3878 3879
f 3779 3879 3780
f 3780 3879 3880
f 3780 3880 3781
f 3781 3880 3881
f 3781 3881 3782
f 3782 3881 3882
f 3782 3882 3783
f 3783 3882 3883
f 3783 3883 3784
f 3784 3883 3884
f 3784 3884 3785
f 3785 3884 3885
f 3785 3885 3786
f 3786 3885 3886
f 3786 3886 3787
f 3787 3886 3887
f 3787 3887 3788
f 3788 3887 3888
f 3788 3888 3789
f 3789 3888 3889
f 3789 3889 3790
f 3790 3889 3890
f 3790 3890 3791
f 3791 3890 3891
f 3791 3891 3792
f 3792 3891 3892
f 3792 3892 3793
f 3793 3892 3893
f 3793 3893 3794
f 3794 3893 3894
f 3794 3894 3795
f 3795 3894 3895
f 3795 3895 3796
f 3796 3895 3896
f 3796 3896 3797
f 3797 3896 3897
f 3797 3897 3798
f 3798 3897 3898
f 3798 3898 3799
f 3799 3898 3899
f 3799 3899 3800
f 3800 3899 3900
f 3800 3900 3801
f 3801 3900 3901
f 3801 3901 3702
f 3702 3901 3802
f 3802 3902 3803
f 3803 3902 3903
f 3803 3903 3804
f 3804 3903 3904
f 3804 3904 3805
f 3805 3904 3905
f 3805 3905 3806
f 3806 3905 3906
f 3806 3906 3807
f 3807 3906 3907
f 3807 3907 3808
f 3808 3907 3908
f 3808 3908 3809
f 3809 3908 3909
f 3809 3909 3810
f 3810 3909 3910
f 3810 3910 3811
f 3811 3910 3911
f 3811 3911 3812
f 3812 3911 3912
f 3812 3912 3813
f 3813 3912 3913
f 3813 3913 3814
f 3814 3913 3914
f 3814 3914 3815
f 3815 3914 3915
f 3815 3915 3816
f 3816 3915 3916
f 3816 3916 3817
f 3817 3916 3917
f 3817 3917 3818
f 3818 3917 3918
f 3818 3918 3819
f 3819 3918 3919
f 3819 3919 3820
f 3820 3919 3920
f 3820 3920 3821
f 3821 3920 3921
f 3821 3921 3822
f 3822 3921 3922
f 3822 3922 3823
f 3823 3922 3923
f 3823 3923 3824
f 3824 3923 3924
f 3824 3924 3825
f 3825 3924 3925
f 3825 3925 3826
f 3826 3925 3926
f 3826 3926 3827
f 3827 3926 3927
f 3827 3927 3828
f 3828 3927 3928
f 3828 3928 3829
f 3829 3928 3929
f 3829 3929 3830
f 3830 3929 3930
f 3830 3930 3831
f 3831 3930 3931
f 3831 3931 3832
f 3832 3931 3932
f 3832 3932 3833
f 3833 3932 3933
f 3833 3933 3834
f 3834 3933 3934
f 3834 3934 3835
f 3835 3934 3935
f 3835 3935 3836
f 3836 3935 3936
f 3836 3936 3837
f 3837 3936 3937
f 3837 3937 3838
f 3838 3937 3938
f 3838 3938 3839
f 3839 3938 3939
f 3839 3939 3840
f 3840 3939 3940
f 3840 3940 3841
f 3841 3940 3941
f 3841 3941 3842
f 3842 3941 3942
f 3842 3942 3843
f 3843 3942 3943
f 3843 3943 3844
f 3844 3943 3944
f 3844 3944 3845
f 3845 3944 3945
f 3845 3945 3846
f 3846 3945 3946
f 3846 3946 3847
f 3847 3946 3947
f 3847 3947 3848
f 3848 3947 3948
f 3848 3948 3849
f 3849 3948 3949
f 3849 3949 3850
f 3850 3949 3950
f 3850 3950 3851
f 3851 3950 3951
f 3851 3951 3852
f 3852 3951 3952
f 3852 3952 3853
f 3853 3952 3953
f 3853 3953 3854
f 3854 3953 3954
f 3854 3954 3855
f 3855 3954 3955
f 3855 3955 3856
f 3856 3955 3956
f 3856 3956 3857
f 3857 3956 3957
f 3857 3957 3858
f 3858 3957 3958
f 3858 3958 3859
f 3859 3958 3959
f 3859 3959 3860
f 3860 3959 3960
f 3860 3960 3861
f 3861 3960 3961
f 3861 3961 3862
f 3862 3961 3962
f 3862 3962 3863
f 3863 3962 3963
f 3863 3963 3864
f 3864 3963 3964
f 3864 3964 3865
f 3865 3964 3965
f 3865 3965 3866
f 3866 3965 3966
f 3866 3966 3867
f 3867 3966 3967
f 3867 3967 3868
f 3868 3967 3968
f 3868 3968 3869
f 3869 3968 3969
f 3869 3969 3870
f 3870 3969 3970
f 3870 3970 3871
f 3871 3970 3971
f 3871 3971 3872
f 3872 3971 3972
f 3872 3972 3873
f 3873 3972 3973
f 3873 3973 3874
f 3874 3973 3974
f 3874 3974 3875
f 3875 3974 3975
f 3875 3975 3876
f 3876 3975 3976
f 3876 3976 3877
f 3877 3976 3977
f 3877 3977 3878
f 3878 3977 3978
f 3878 3978 3879
f 3879 3978 3979
f 3879 3979 3880
f 3880 3979 3980
f 3880 3980 3881
f 3881 3980 3981
f 3881 3981 3882
f 3882 3981 3982
f 3882 3982 3883
f 3883 3982 3983
f 3883 3983 3884
f 3884 3983 3984
f 3884 3984 3885
f 3885 3984 3985
f 3885 3985 3886
f 3886 3985 3986
f 3886 3986 3887
f 3887 3986 3987
f 3887 3987 3888
f 3888 3987 3988
f 3888 3988 3889
f 3889 3988 3989
f 3889 3989 3890
f 3890 3989 3990
f 3890 3990 3891
f 3891 3990 3991
f 3891 3991 3892
f 3892 3991 3992
f 3892 3992 3893
f 3893 3992 3993
f 3893 3993 3894
f 3894 3993 3994
f 3894 3994 3895
f 3895 3994 3995
f 3895 3995 3896
f 3896 3995 3996
f 3896 3996 3897
f 3897 3996 3997
f 3897 3997 3898
f 3898 3997 3998
f 3898 3998 3899
f 3899 3998 3999
f 3899 3999 3900
f 3900 3999 4000
f 3900 4000 3901
f 3901 4000 4001
f 3901 4001 3802
f 3802 4001 3902
f 3902 4002 3903
f 3903 4002 4003
f 3903 4003 3904
f 3904 4003 4004
f 3904 4004 3905
f 3905 4004 4005
f 3905 4005 3906
f 3906 4005 4006
f 3906 4006 3907
f 3907 4006 4007
f 3907 4007 3908
f 3908 4007 4008
f 3908 4008 3909
f 3909 4008 4009
f 3909 4009 3910
f 3910 4009 4010
f 3910 4010 3911
f 3911 4010 4011
f 3911 4011 3912
f 3912 4011 4012
f 3912 4012 3913
f 3913 4012 4013
f 3913 4013 3914
f 3914 4013 4014
f 3914 4014 3915
f 3915 4014 4015
f 3915 4015 3916
f 3916 4015 4016
f 3916 4016 3917
f 3917 4016 4017
f 3917 4017 3918
f 3918 4017 4018
f 3918 4018 3919
f 3919 4018 4019
f 3919 4019 3920
f 3920 4019 4020
f 3920 4020 3921
f 3921 4020 4021
f 3921 4021 3922
f 3922 4021 4022
f 3922 4022 3923
f 3923 4022 4023
f 3923 4023 3924
f 3924 4023 4024
f 3924 4024 3925
f 3925 4024 4025
f 3925 4025 3926
f 3926 4025 4026
f 3926 4026 3927
f 3927 4026 4027
f 3927 4027 3928
f 3928 4027 4028
f 3928 4028 3929
f 3929 4028 4029
f 3929 4029 3930
f 3930 4029 4030
f 3930 4030 3931
f 3931 4030 4031
f 3931 4031 3932
f 3932 4031 4032
f 3932 4032 3933
f 3933 4032 4033
f 3933 4033 3934
f 3934 4033 4034
f 3934 4034 3935
f 3935 4034 4035
f 3935 4035 3936
f 3936 4035 4036
f 3936 4036 3937
f 3937 4036 4037
f 3937 4037 3938
f 3938 4037 4038
f 3938 4038 3939
f 3939 4038 4039
f 3939 4039 3940
f 3940 4039 4040
f 3940 4040 3941
f 3941 4040 4041
f 3941 4041 3942
f 3942 4041 4042
f 3942 4042 3943
f 3943 4042 4043
f 3943 4043 3944
f 3944 4043 4044
f 3944 4044 3945
f 3945 4044 4045
f 3945 4045 3946
f 3946 4045 4046
f 3946 4046 3947
f 3947 4046 4047
f 3947 4047 3948
f 3948 4047 4048
f 3948 4048 3949
f 3949 4048 4049
f 3949 4049 3950
f 3950 4049 4050
f 3950 4050 3951
f 3951 4050 4051
f 3951 4051 3952
f 3952 4051 4052
f 3952 4052 3953
f 3953 4052 4053
f 3953 4053 3954
f 3954 4053 4054
f 3954 4054 3955
f 3955 4054 4055
f 3955 4055 3956
f 3956 4055 4056
f 3956 4056 3957
f 3957 4056 4057
f 3957 4057 3958
f 3958 4057 4058
f 3958 4058 3959
f 3959 4058 4059
f 3959 4059 3960
f 3960 4059 4060
f 3960 4060 3961
f 3961 4060 4061
f 3961 4061 3962
f 3962 4061 4062
f 3962 4062 3963
f 3963 4062 4063
f 3963 4063 3964
f 3964 4063 4064
f 3964 4064 3965
f 3965 4064 4065
f 3965 4065 3966
f 3966 4065 4066
f 3966 4066 3967
f 3967 4066 4067
f 3967 4067 3968
f 3968 4067 4068
f 3968 4068 3969
f 3969 4068 4069
f 3969 4069 3970
f 3970 4069 4070
f 3970 4070 3971
f 3971 4070 4071
f 3971 4071 3972
f 3972 4071 4072
f 3972 4072 3973
f 3973 4072 4073
f 3973 4073 3974
f 3974 4073 4074
f 3974 4074 3975
f 3975 4074 4075
f 3975 4075 3976
f 3976 4075 4076
f 3976 4076 3977
f 3977 4076 4077
f 3977 4077 3978
f 3978 4077 4078
f 3978 4078 3979
f 3979 4078 4079
f 3979 4079 3980
f 3980 4079 4080
f 3980 4080 3981
f 3981 4080 4081
f 3981 4081 3982
f 3982 4081 4082
f 3982 4082 3983
f 3983 4082 4083
f 3983 4083 3984
f 3984 4083 4084
f 3984 4084 3985
f 3985 4084 4085
f 3985 4085 3986
f 3986 4085 4086
f 3986 4086 3987
f 3987 4086 4087
f 3987 4087 3988
f 3988 4087 4088
f 3988 4088 3989
f 3989 4088 4089
f 3989 4089 3990
f 3990 4089 4090
f 3990 4090 3991
f 3991 4090 4091
f 3991 4091 3992
f 3992 4091 4092
f 3992 4092 3993
f 3993 4092 4093
f 3993 4093 3994
f 3994 4093 4094
f 3994 4094 3995
f 3995 4094 4095
f 3995 4095 3996
f 3996 4095 4096
f 3996 4096 3997
f 3997 4096 4097
f 3997 4097 3998
f 3998 4097 4098
f 3998 4098 3999
f 3999 4098 4099
f 3999 4099 4000
f 4000 4099 4100
f 4000 4100 4001
f 4001 4100 4101
f 4001 4101 3902
f 3902 4101 4002
f 4002 4102 4003
f 4003 4102 4103
f 4003 4103 4004
f 4004 4103 4104
f 4004 4104 4005
f 4005 4104 4105
f 4005 4105 4006
f 4006 4105 4106
f 4006 4106 4007
f 4007 4106 4107
f 4007 4107 4008
f 4008 4107 4108
f 4008 4108 4009
f 4009 4108 4109
f 4009 4109 4010
f 4010 4109 4110
f 4010 4110 4011
f 4011 4110 4111
f 4011 4111 4012
f 4012 4111 4112
f 4012 4112 4013
f 4013 4112 4113
f 4013 4113 4014
f 4014 4113 4114
f 4014 4114 4015
f 4015 4114 4115
f 4015 4115 4016
f 4016 4115 4116
f 4016 4116 4017
f 4017 4116 4117
f 4017 4117 4018
f 4018 4117 4118
f 4018 4118 4019
f 4019 4118 4119
f 4019 4119 4020
f 4020 4119 4120
f 4020 4120 4021
f 4021 4120 4121
f 4021 4121 4022
f 4022 4121 4122
f 4022 4122 4023
f 4023 4122 4123
f 4023 4123 4024
f 4024 4123 4124
f 4024 4124 4025
f 4025 4124 4125
f 4025 4125 4026
f 4026 4125 4126
f 4026 4126 4027
f 4027 4126 4127
f 4027 4127 4028
f 4028 4127 4128
f 4028 4128 4029
f 4029 4128 4129
f 4029 4129 4030
f 4030 4129 4130
f 4030 4130 4031
f 4031 4130 4131
f 4031 4131 4032
f 4032 4131 4132
f 4032 4132 4033
f 4033 4132 4133
f 4033 4133 4034
f 4034 4133 4134
f 4034 4134 4035
f 4035 4134 4135
f 4035 4135 4036
f 4036 4135 4136
f 4036 4136 4037
f 4037 4136 4137
f 4037 4137 4038
f 4038 4137 4138
f 4038 4138 4039
f 4039 4138 4139
f 4039 4139 4040
f 4040 4139 4140
f 4040 4140 4041
f 4041 4140 4141
f 4041 4141 4042
f 4042 4141 4142
f 4042 4142 4043
f 4043 4142 4143
f 4043 4143 4044
f 4044 4143 4144
f 4044 4144 4045
f 4045 4144 4145
f 4045 4145 4046
f 4046 4145 4146
f 4046 4146 4047
f 4047 4146 4147
f 4047 4147 4048
f 4048 4147 4148
f 4048 4148 4049
f 4049 4148 4149
f 4049 4149 4050
f 4050 4149 4150
f 4050 4150 4051
f 4051 4150 4151
f 4051 4151 4052
f 4052 4151 4152
f 4052 4152 4053
f 4053 4152 4153
f 4053 4153 4054
f 4054 4153 4154
f 4054 4154 4055
f 4055 4154 4155
f 4055 4155 4056
f 4056 4155 4156
f 4056 4156 4057
f 4057 4156 4157
f 4057 4157 4058
f 4058 4157 4158
f 4058 4158 4059
f 4059 4158 4159
f 4059 4159 4060
f 4060 4159 4160
f 4060 4160 4061
f 4061 4160 4161
f 4061 4161 4062
f 4062 4161 4162
f 4062 4162 4063
f 4063 4162 4163
f 4063 4163 4064
f 4064 4163 4164
f 4064 4164 4065
f 4065 4164 4165
f 4065 4165 4066
f 4066 4165 4166
f 4066 4166 4067
f 4067 4166 4167
f 4067 4167 4068
f 4068 4167 4168
f 4068 4168 4069
f 4069 4168 4169
f 4069 4169 4070
f 4070 4169 4170
f 4070 4170 4071
f 4071 4170 4171
f 4071 4171 4072
f 4072 4171 4172
f 4072 4172 4073
f 4073 4172 4173
f 4073 4173 4074
f 4074 4173 4174
f 4074 4174 4075
f 4075 4174 4175
f 4075 4175 4076
f 4076 4175 4176
f 4076 4176 4077
f 4077 4176 4177
f 4077 4177 4078
f 4078 4177 4178
f 4078 4178 4079
f 4079 4178 4179
f 4079 4179 4080
f 4080 4179 4180
f 4080 4180 4081
f 4081 4180 4181
f 4081 4181 4082
f 4082 4181 4182
f 4082 4182 4083
f 4083 4182 4183
f 4083 4183 4084
f 4084 4183 4184
f 4084 4184 4085
f 4085 4184 4185
f 4085 4185 4086
f 4086 4185 4186
f 4086 4186 4087
f 4087 4186 4187
f 4087 4187 4088
f 4088 4187 4188
f 4088 4188 4089
f 4089 4188 4189
f 4089 4189 4090
f 4090 4189 4190
f 4090 4190 4091
f 4091 4190 4191
f 4091 4191 4092
f 4092 4191 4192
f 4092 4192 4093
f 4093 4192 4193
f 4093 4193 4094
f 4094 4193 4194
f 4094 4194 4095
f 4095 4194 4195
f 4095 4195 4096
f 4096 4195 4196
f 4096 4196 4097
f 4097 4196 4197
f 4097 4197 4098
f 4098 4197 4198
f 4098 4198 4099
f 4099 4198 4199
f 4099 4199 4100
f 4100 4199 4200
f 4100 4200 4101
f 4101 4200 4201
f 4101 4201 4002
f 4002 4201 4102
f 4102 4202 4103
f 4103 4202 4203
f 4103 4203 4104
f 4104 4203 4204
f 4104 4204 4105
f 4105 4204 4205
f 4105 4205 4106
f 4106 4205 4206
f 4106 4206 4107
f 4107 4206 4207
f 4107 4207 4108
f 4108 4207 4208
f 4108 4208 4109
f 4109 4208 4209
f 4109 4209 4110
f 4110 4209 4210
f 4110 4210 4111
f 4111 4210 4211
f 4111 4211 4112
f 4112 4211 4212
f 4112 4212 4113
f 4113 4212 4213
f 4113 4213 4114
f 4114 4213 4214
f 4114 4214 4115
f 4115 4214 4215
f 4115 4215 4116
f 4116 4215 4216
f 4116 4216 4117
f 4117 4216 4217
f 4117 4217 4118
f 4118 4217 4218
f 4118 4218 4119
f 4119 4218 4219
f 4119 4219 4120
f 4120 4219 4220
f 4120 4220 4121
f 4121 4220 4221
f 4121 4221 4122
f 4122 4221 4222
f 4122 4222 4123
f 4123 4222 4223
f 4123 4223 4124
f 4124 4223 4224
f 4124 4224 4125
f 4125 4224 4225
f 4125 4225 4126
f 4126 4225 4226
f 4126 4226 4127
f 4127 4226 4227
f 4127 4227 4128
f 4128 4227 4228
f 4128 4228 4129
f 4129 4228 4229
f 4129 4229 4130
f 4130 4229 4230
f 4130 4230 4131
f 4131 4230 4231
f 4131 4231 4132
f 4132 4231 4232
f 4132 4232 4133
f 4133 4232 4233
f 4133 4233 4134
f 4134 4233 4234
f 4134 4234 4135
f 4135 4234 4235
f 4135 4235 4136
f 4136 4235 4236
f 4136 4236 4137
f 4137 4236 4237
f 4137 4237 4138
f 4138 4237 4238
f 4138 4238 4139
f 4139 4238 4239
f 4139 4239 4140
f 4140 4239 4240
f 4140 4240 4141
f 4141 4240 4241
f 4141 4241 4142
f 4142 4241 4242
f 4142 4242 4143
f 4143 4242 4243
f 4143 4243 4144
f 4144 4243 4244
f 4144 4244 4145
f 4145 4244 4245
f 4145 4245 4146
f 4146 4245 4246
f 4146 4246 4147
f 4147 4246 4247
f 4147 4247 4148
f 4148 4247 4248
f 4148 4248 4149
f 4149 4248 4249
f 4149 4249 4150
f 4150 4249 4250
f 4150 4250 4151
f 4151 4250 4251
f 4151 4251 4152
f 4152 4251 4252
f 4152 4252 4153
f 4153 4252 4253
f 4153 4253 4154
f 4154 4253 4254
f 4154 4254 4155
f 4155 4254 4255
f 4155 4255 4156
f 4156 4255 4256
f 4156 4256 4157
f 4157 4256 4257
f 4157 4257 4158
f 4158 4257 4258
f 4158 4258 4159
f 4159 4258 4259
f 4159 4259 4160
f 4160 4259 4260
f 4160 4260 4161
f 4161 4260 4261
f 4161 4261 4162
f 4162 4261 4262
f 4162 4262 4163
f 4163 4262 4263
f 4163 4263 4164
f 4164 4263 4264
f 4164 4264 4165
f 4165 4264 4265
f 4165 4265 4166
f 4166 4265 4266
f 4166 4266 4167
f 4167 4266 4267
f 4167 4267 4168
f 4168 4267 4268
f 4168 4268 4169
f 4169 4268 4269
f 4169 4269 4170
f 4170 4269 4270
f 4170 4270 4171
f 4171 4270 4271
f 4171 4271 4172
f 4172 4271 4272
f 4172 4272 4173
f 4173 4272 4273
f 4173 4273 4174
f 4174 4273 4274
f 4174 4274 4175
f 4175 4274 4275
f 4175 4275 4176
f 4176 4275 4276
f 4176 4276 4177
f 4177 4276 4277
f 4177 4277 4178
f 4178 4277 4278
f 4178 4278 4179
f 4179 4278 4279
f 4179 4279 4180
f 4180 4279 4280
f 4180 4280 4181
f 4181 4280 4281
f 4181 4281 4182
f 4182 4281 4282
f 4182 4282 4183
f 4183 4282 4283
f 4183 4283 4184
f 4184 4283 4284
f 4184 4284 4185
f 4185 4284 4285
f 4185 4285 4186
f 4186 4285 4286
f 4186 4286 4187
f 4187 4286 4287
f 4187 4287 4188
f 4188 4287 4288
f 4188 4288 4189
f 4189 4288 4289
f 4189 4289 4190
f 4190 4289 4290
f 4190 4290 4191
f 4191 4290 4291
f 4191 4291 4192
f 4192 4291 4292
f 4192 4292 4193
f 4193 4292 4293
f 4193 4293 4194
f 4194 4293 4294
f 4194 4294 4195
f 4195 4294 4295
f 4195 4295 4196
f 4196 4295 4296
f 4196 4296 4197
f 4197 4296 4297
f 4197 4297 4198
f 4198 4297 4298
f 4198 4298 4199
f 4199 4298 4299
f 4199 4299 4200
f 4200 4299 4300
f 4200 4300 4201
f 4201 4300 4301
f 4201 4301 4102
f 4102 4301 4202
f 4202 4302 4203
f 4203 4302 4303
f 4203 4303 4204
f 4204 4303 4304
f 4204 4304 4205
f 4205 4304 4305
f 4205 4305 4206
f 4206 4305 4306
f 4206 4306 4207
f 4207 4306 4307
f 4207 4307 4208
f 4208 4307 4308
f 4208 4308 4209
f 4209 4308 4309
f 4209 4309 4210
f 4210 4309 4310
f 4210 4310 4211
f 4211 4310 4311
f 4211 4311 4212
f 4212 4311 4312
f 4212 4312 4213
f 4213 4312 4313
f 4213 4313 4214
f 4214 4313 4314
f 4214 4314 4215
f 4215 4314 4315
f 4215 4315 4216
f 4216 4315 4316
f 4216 4316 4217
f 4217 4316 4317
f 4217 4317 4218
f 4218 4317 4318
f 4218 4318 4219
f 4219 4318 4319
f 4219 4319 4220
f 4220 4319 4320
f 4220 4320 4221
f 4221 4320 4321
f 4221 4321 4222
f 4222 4321 4322
f 4222 4322 4223
f 4223 4322 4323
f 4223 4323 4224
f 4224 4323 4324
f 4224 4324 4225
f 4225 4324 4325
f 4225 4325 4226
f 4226 4325 4326
f 4226 4326 4227
f 4227 4326 4327
f 4227 4327 4228
f 4228 4327 4328
f 4228 4328 4229
f 4229 4328 4329
f 4229 4329 4230
f 4230 4329 4330
f 4230 4330 4231
f 4231 4330 4331
f 4231 4331 4232
f 4232 4331 4332
f 4232 4332 4233
f 4233 4332 4333
f 4233 4333 4234
f 4234 4333 4334
f 4234 4334 4235
f 4235 4334 4335
f 4235 4335 4236
f 4236 4335 4336
f 4236 4336 4237
f 4237 4336 4337
f 4237 4337 4238
f 4238 4337 4338
f 4238 4338 4239
f 4239 4338 4339
f 4239 4339 4240
f 4240 4339 4340
f 4240 4340 4241
f 4241 4340 4341
f 4241 4341 4242
f 4242 4341 4342
f 4242 4342 4243
f 4243 4342 4343
f 4243 4343 4244
f 4244 4343 4344
f 4244 4344 4245
f 4245 4344 4345
f 4245 4345 4246
f 4246 4345 4346
f 4246 4346 4247
f 4247 4346 4347
f 4247 4347 4248
f 4248 4347 4348
f 4248 4348 4249
f 4249 4348 4349
f 4249 4349 4250
f 4250 4349 4350
f 4250 4350 4251
f 4251 4350 4351
f 4251 4351 4252
f 4252 4351 4352
f 4252 4352 4253
f 4253 4352 4353
f 4253 4353 4254
f 4254 4353 4354
f 4254 4354 4255
f 4255 4354 4355
f 4255 4355 4256
f 4256 4355 4356
f 4256 4356 4257
f 4257 4356 4357
f 4257 4357 4258
f 4258 4357 4358
f 4258 4358 4259
f 4259 4358 4359
f 4259 4359 4260
f 4260 4359 4360
f 4260 4360 4261
f 4261 4360 4361
f 4261 4361 4262
f 4262 4361 4362
f 4262 4362 4263
f 4263 4362 4363
f 4263 4363 4264
f 4264 4363 4364
f 4264 4364 4265
f 4265 4364 4365
f 4265 4365 4266
f 4266 4365 4366
f 4266 4366 4267
f 4267 4366 4367
f 4267 4367 4268
f 4268 4367 4368
f 4268 4368 4269
f 4269 4368 4369
f 4269 4369 4270
f 4270 4369 4370
f 4270 4370 4271
f 4271 4370 4371
f 4271 4371 4272
f 4272 4371 4372
f 4272 4372 4273
f 4273 4372 4373
f 4273 4373 4274
f 4274 4373 4374
f 4274 4374 4275
f 4275 4374 4375
f 4275 4375 4276
f 4276 4375 4376
f 4276 4376 4277
f 4277 4376 4377
f 4277 4377 4278
f 4278 4377 4378
f 4278 4378 4279
f 4279 4378 4379
f 4279 4379 4280
f 4280 4379 4380
f 4280 4380 4281
f 4281 4380 4381
f 4281 4381 4282
f 4282 4381 4382
f 4282 4382 4283
f 4283 4382 4383
f 4283 4383 4284
f 4284 4383 4384
f 4284 4384 4285
f 4285 4384 4385
f 4285 4385 4286
f 4286 4385 4386
f 4286 4386 4287
f 4287 4386 4387
f 4287 4387 4288
f 4288 4387 4388
f 4288 4388 4289
f 4289 4388 4389
f 4289 4389 4290
f 4290 4389 4390
f 4290 4390 4291
f 4291 4390 4391
f 4291 4391 4292
f 4292 4391 4392
f 4292 4392 4293
f 4293 4392 4393
f 4293 4393 4294
f 4294 4393 4394
f 4294 4394 4295
f 4295 4394 4395
f 4295 4395 4296
f 4296 4395 4396
f 4296 4396 4297
f 4297 4396 4397
f 4297 4397 4298
f 4298 4397 4398
f 4298 4398 4299
f 4299 4398 4399
f 4299 4399 4300
f 4300 4399 4400
f 4300 4400 4301
f 4301 4400 4401
f 4301 4401 4202
f 4202 4401 4302
f 4302 4402 4303
f 4303 4402 4403
f 4303 4403 4304
f 4304 4403 4404
f 4304 4404 4305
f 4305 4404 4405
f 4305 4405 4306
f 4306 4405 4406
f 4306 4406 4307
f 4307 4406 4407
f 4307 4407 4308
f 4308 4407 4408
f 4308 4408 4309
f 4309 4408 4409
f 4309 4409 4310
f 4310 4409 4410
f 4310 4410 4311
f 4311 4410 4411
f 4311 4411 4312
f 4312 4411 4412
f 4312 4412 4313
f 4313 4412 4413
f 4313 4413 4314
f 4314 4413 4414
f 4314 4414 4315
f 4315 4414 4415
f 4315 4415 4316
f 4316 4415 4416
f 4316 4416 4317
f 4317 4416 4417
f 4317 4417 4318
f 4318 4417 4418
f 4318 4418 4319
f 4319 4418 4419
f 4319 4419 4320
f 4320 4419 4420
f 4320 4420 4321
f 4321 4420 4421
f 4321 4421 4322
f 4322 4421 4422
f 4322 4422 4323
f 4323 4422 4423
f 4323 4423 4324
f 4324 4423 4424
f 4324 4424 4325
f 4325 4424 4425
f 4325 4425 4326
f 4326 4425 4426
f 4326 4426 4327
f 4327 4426 4427
f 4327 4427 4328
f 4328 4427 4428
f 4328 4428 4329
f 4329 4428 4429
f 4329 4429 4330
f 4330 4429 4430
f 4330 4430 4331
f 4331 4430 4431
f 4331 4431 4332
f 4332 4431 4432
f 4332 4432 4333
f 4333 4432 4433
f 4333 4433 4334
f 4334 4433 4434
f 4334 4434 4335
f 4335 4434 4435
f 4335 4435 4336
f 4336 4435 4436
f 4336 4436 4337
f 4337 4436 4437
f 4337 4437 4338
f 4338 4437 4438
f 4338 4438 4339
f 4339 4438 4439
f 4339 4439 4340
f 4340 4439 4440
f 4340 4440 4341
f 4341 4440 4441
f 4341 4441 4342
f 4342 4441 4442
f 4342 4442 4343
f 4343 4442 4443
f 4343 4443 4344
f 4344 4443 4444
f 4344 4444 4345
f 4345 4444 4445
f 4345 4445 4346
f 4346 4445 4446
f 4346 4446 4347
f 4347 4446 4447
f 4347 4447 4348
f 4348 4447 4448
f 4348 4448 4349
f 4349 4448 4449
f 4349 4449 4350
f 4350 4449 4450
f 4350 4450 4351
f 4351 4450 4451
f 4351 4451 4352
f 4352 4451 4452
f 4352 4452 4353
f 4353 4452 4453
f 4353 4453 4354
f 4354 4453 4454
f 4354 4454 4355
f 4355 4454 4455
f 4355 4455 4356
f 4356 4455 4456
f 4356 4456 4357
f 4357 4456 4457
f 4357 4457 4358
f 4358 4457 4458
f 4358 4458 4359
f 4359 4458 4459
f 4359 4459 4360
f 4360 4459 4460
f 4360 4460 4361
f 4361 4460 4461
f 4361 4461 4362
f 4362 4461 4462
f 4362 4462 4363
f 4363 4462 4463
f 4363 4463 4364
f 4364 4463 4464
f 4364 4464 4365
f 4365 4464 4465
f 4365 4465 4366
f 4366 4465 4466
f 4366 4466 4367
f 4367 4466 4467
f 4367 4467 4368
f 4368 4467 4468
f 4368 4468 4369
f 4369 4468 4469
f 4369 4469 4370
f 4370 4469 4470
f 4370 4470 4371
f 4371 4470 4471
f 4371 4471 4372
f 4372 4471 4472
f 4372 4472 4373
f 4373 4472 4473
f 4373 4473 4374
f 4374 4473 4474
f 4374 4474 4375
f 4375 4474 4475
f 4375 4475 4376
f 4376 4475 4476
f 4376 4476 4377
f 4377 4476 4477
f 4377 4477 4378
f 4378 4477 4478
f 4378 4478 4379
f 4379 4478 4479
f 4379 4479 4380
f 4380 4479 4480
f 4380 4480 4381
f 4381 4480 4481
f 4381 4481 4382
f 4382 4481 4482
f 4382 4482 4383
f 4383 4482 4483
f 4383 4483 4384
f 4384 4483 4484
f 4384 4484 4385
f 4385 4484 4485
f 4385 4485 4386
f 4386 4485 4486
f 4386 4486 4387
f 4387 4486 4487
f 4387 4487 4388
f 4388 4487 4488
f 4388 4488 4389
f 4389 4488 4489
f 4389 4489 4390
f 4390 4489 4490
f 4390 4490 4391
f 4391 4490 4491
f 4391 4491 4392
f 4392 4491 4492
f 4392 4492 4393
f 4393 4492 4493
f 4393 4493 4394
f 4394 4493 4494
f 4394 4494 4395
f 4395 4494 4495
f 4395 4495 4396
f 4396 4495 4496
f 4396 4496 4397
f 4397 4496 4497
f 4397 4497 4398
f 4398 4497 4498
f 4398 4498 4399
f 4399 4498 4499
f 4399 4499 4400
f 4400 4499 4500
f 4400 4500 4401
f 4401 4500 4501
f 4401 4501 4302
f 4302 4501 4402
f 4402 4502 4403
f 4403 4502 4503
f 4403 4503 4404
f 4404 4503 4504
f 4404 4504 4405
f 4405 4504 4505
f 4405 4505 4406
f 4406 4505 4506
f 4406 4506 4407
f 4407 4506 4507
f 4407 4507 4408
f 4408 4507 4508
f 4408 4508 4409
f 4409 4508 4509
f 4409 4509 4410
f 4410 4509 4510
f 4410 4510 4411
f 4411 4510 4511
f 4411 4511 4412
f 4412 4511 4512
f 4412 4512 4413
f 4413 4512 4513
f 4413 4513 4414
f 4414 4513 4514
f 4414 4514 4415
f 4415 4514 4515
f 4415 4515 4416
f 4416 4515 4516
f 4416 4516 4417
f 4417 4516 4517
f 4417 4517 4418
f 4418 4517 4518
f 4418 4518 4419
f 4419 4518 4519
f 4419 4519 4420
f 4420 4519 4520
f 4420 4520 4421
f 4421 4520 4521
f 4421 4521 4422
f 4422 4521 4522
f 4422 4522 4423
f 4423 4522 4523
f 4423 4523 4424
f 4424 4523 4524
f 4424 4524 4425
f 4425 4524 4525
f 4425 4525 4426
f 4426 4525 4526
f 4426 4526 4427
f 4427 4526 4527
f 4427 4527 4428
f 4428 4527 4528
f 4428 4528 4429
f 4429 4528 4529
f 4429 4529 4430
f 4430 4529 4530
f 4430 4530 4431
f 4431 4530 4531
f 4431 4531 4432
f 4432 4531 4532
f 4432 4532 4433
f 4433 4532 4533
f 4433 4533 4434
f 4434 4533 4534
f 4434 4534 4435
f 4435 4534 4535
f 4435 4535 4436
f 4436 4535 4536
f 4436 4536 4437
f 4437 4536 4537
f 4437 4537 4438
f 4438 4537 4538
f 4438 4538 4439
f 4439 4538 4539
f 4439 4539 4440
f 4440 4539 4540
f 4440 4540 4441
f 4441 4540 4541
f 4441 4541 4442
f 4442 4541 4542
f 4442 4542 4443
f 4443 4542 4543
f 4443 4543 4444
f 4444 4543 4544
f 4444 4544 4445
f 4445 4544 4545
f 4445 4545 4446
f 4446 4545 4546
f 4446 4546 4447
f 4447 4546 4547
f 4447 4547 4448
f 4448 4547 4548
f 4448 4548 4449
f 4449 4548 4549
f 4449 4549 4450
f 4450 4549 4550
f 4450 4550 4451
f 4451 4550 4551
f 4451 4551 4452
f 4452 4551 4552
f 4452 4552 4453
f 4453 4552 4553
f 4453 4553 4454
f 4454 4553 4554
f 4454 4554 4455
f 4455 4554 4555
f 4455 4555 4456
f 4456 4555 4556
f 4456 4556 4457
f 4457 4556 4557
f 4457 4557 4458
f 4458 4557 4558
f 4458 4558 4459
f 4459 4558 4559
f 4459 4559 4460
f 4460 4559 4560
f 4460 4560 4461
f 4461 4560 4561
f 4461 4561 4462
f 4462 4561 4562
f 4462 4562 4463
f 4463 4562 4563
f 4463 4563 4464
f 4464 4563 4564
f 4464 4564 4465
f 4465 4564 4565
f 4465 4565 4466
f 4466 4565 4566
f 4466 4566 4467
f 4467 4566 4567
f 4467 4567 4468
f 4468 4567 4568
f 4468 4568 4469
f 4469 4568 4569
f 4469 4569 4470
f 4470 4569 4570
f 4470 4570 4471
f 4471 4570 4571
f 4471 4571 4472
f 4472 4571 4572
f 4472 4572 4473
f 4473 4572 4573
f 4473 4573 4474
f 4474 4573 4574
f 4474 4574 4475
f 4475 4574 4575
f 4475 4575 4476
f 4476 4575 4576
f 4476 4576 4477
f 4477 4576 4577
f 4477 4577 4478
f 4478 4577 4578
f 4478 4578 4479
f 4479 4578 4579
f 4479 4579 4480
f 4480 4579 4580
f 4480 4580 4481
f 4481 4580 4581
f 4481 4581 4482
f 4482 4581 4582
f 4482 4582 4483
f 4483 4582 4583
f 4483 4583 4484
f 4484 4583 4584
f 4484 4584 4485
f 4485 4584 4585
f 4485 4585 4486
f 4486 4585 4586
f 4486 4586 4487
f 4487 4586 4587
f 4487 4587 4488
f 4488 4587 4588
f 4488 4588 4489
f 4489 4588 4589
f 4489 4589 4490
f 4490 4589 4590
f 4490 4590 4491
f 4491 4590 4591
f 4491 4591 4492
f 4492 4591 4592
f 4492 4592 4493
f 4493 4592 4593
f 4493 4593 4494
f 4494 4593 4594
f 4494 4594 4495
f 4495 4594 4595
f 4495 4595 4496
f 4496 4595 4596
f 4496 4596 4497
f 4497 4596 4597
f 4497 4597 4498
f 4498 4597 4598
f 4498 4598 4499
f 4499 4598 4599
f 4499 4599 4500
f 4500 4599 4600
f 4500 4600 4501
f 4501 4600 4601
f 4501 4601 4402
f 4402 4601 4502
f 4502 4602 4503
f 4503 4602 4603
f 4503 4603 4504
f 4504 4603 4604
f 4504 4604 4505
f 4505 4604 4605
f 4505 4605 4506
f 4506 4605 4606
f 4506 4606 4507
f 4507 4606 4607
f 4507 4607 4508
f 4508 4607 4608
f 4508 4608 4509
f 4509 4608 4609
f 4509 4609 4510
f 4510 4609 4610
f 4510 4610 4511
f 4511 4610 4611
f 4511 4611 4512
f 4512 4611 4612
f 4512 4612 4513
f 4513 4612 4613
f 4513 4613 4514
f 4514 4613 4614
f 4514 4614 4515
f 4515 4614 4615
f 4515 4615 4516
f 4516 4615 4616
f 4516 4616 4517
f 4517 4616 4617
f 4517 4617 4518
f 4518 4617 4618
f 4518 4618 4519
f 4519 4618 4619
f 4519 4619 4520
f 4520 4619 4620
f 4520 4620 4521
f 4521 4620 4621
f 4521 4621 4522
f 4522 4621 4622
f 4522 4622 4523
f 4523 4622 4623
f 4523 4623 4524
f 4524 4623 4624
f 4524 4624 4525
f 4525 4624 4625
f 4525 4625 4526
f 4526 4625 4626
f 4526 4626 4527
f 4527 4626 4627
f 4527 4627 4528
f 4528 4627 4628
f 4528 4628 4529
f 4529 4628 4629
f 4529 4629 4530
f 4530 4629 4630
f 4530 4630 4531
f 4531 4630 4631
f 4531 4631 4532
f 4532 4631 4632
f 4532 4632 4533
f 4533 4632 4633
f 4533 4633 4534
f 4534 4633 4634
f 4534 4634 4535
f 4535 4634 4635
f 4535 4635 4536
f 4536 4635 4636
f 4536 4636 4537
f 4537 4636 4637
f 4537 4637 4538
f 4538 4637 4638
f 4538 4638 4539
f 4539 4638 4639
f 4539 4639 4540
f 4540 4639 4640
f 4540 4640 4541
f 4541 4640 4641
f 4541 4641 4542
f 4542 4641 4642
f 4542 4642 4543
f 4543 4642 4643
f 4543 4643 4544
f 4544 4643 4644
f 4544 4644 4545
f 4545 4644 4645
f 4545 4645 4546
f 4546 4645 4646
f 4546 4646 4547
f 4547 4646 4647
f 4547 4647 4548
f 4548 4647 4648
f 4548 4648 4549
f 4549 4648 4649
f 4549 4649 4550
f 4550 4649 4650
f 4550 4650 4551
f 4551 4650 4651
f 4551 4651 4552
f 4552 4651 4652
f 4552 4652 4553
f 4553 4652 4653
f 4553 4653 4554
f 4554 4653 4654
f 4554 4654 4555
f 4555 4654 4655
f 4555 4655 4556
f 4556 4655 4656
f 4556 4656 4557
f 4557 4656 4657
f 4557 4657 4558
f 4558 4657 4658
f 4558 4658 4559
f 4559 4658 4659
f 4559 4659 4560
f 4560 4659 4660
f 4560 4660 4561
f 4561 4660 4661
f 4561 4661 4562
f 4562 4661 4662
f 4562 4662 4563
f 4563 4662 4663
f 4563 4663 4564
f 4564 4663 4664
f 4564 4664 4565
f 4565 4664 4665
f 4565 4665 4566
f 4566 4665 4666
f 4566 4666 4567
f 4567 4666 4667
f 4567 4667 4568
f 4568 4667 4668
f 4568 4668 4569
f 4569 4668 4669
f 4569 4669 4570
f 4570 4669 4670
f 4570 4670 4571
f 4571 4670 4671
f 4571 4671 4572
f 4572 4671 4672
f 4572 4672 4573
f 4573 4672 4673
f 4573 4673 4574
f 4574 4673 4674
f 4574 4674 4575
f 4575 4674 4675
f 4575 4675 4576
f 4576 4675 4676
f 4576 4676 4577
f 4577 4676 4677
f 4577 4677 4578
f 4578 4677 4678
f 4578 4678 4579
f 4579 4678 4679
f 4579 4679 4580
f 4580 4679 4680
f 4580 4680 4581
f 4581 4680 4681
f 4581 4681 4582
f 4582 4681 4682
f 4582 4682 4583
f 4583 4682 4683
f 4583 4683 4584
f 4584 4683 4684
f 4584 4684 4585
f 4585 4684 4685
f 4585 4685 4586
f 4586 4685 4686
f 4586 4686 4587
f 4587 4686 4687
f 4587 4687 4588
f 4588 4687 4688
f 4588 4688 4589
f 4589 4688 4689
f 4589 4689 4590
f 4590 4689 4690
f 4590 4690 4591
f 4591 4690 4691
f 4591 4691 4592
f 4592 4691 4692
f 4592 4692 4593
f 4593 4692 4693
f 4593 4693 4594
f 4594 4693 4694
f 4594 4694 4595
f 4595 4694 4695
f 4595 4695 4596
f 4596 4695 4696
f 4596 4696 4597
f 4597 4696 4697
f 4597 4697 4598
f 4598 4697 4698
f 4598 4698 4599
f 4599 4698 4699
f 4599 4699 4600
f 4600 4699 4700
f 4600 4700 4601
f 4601 4700 4701
f 4601 4701 4502
f 4502 4701 4602
f 4602 4702 4603
f 4603 4702 4703
f 4603 4703 4604
f 4604 4703 4704
f 4604 4704 4605
f 4605 4704 4705
f 4605 4705 4606
f 4606 4705 4706
f 4606 4706 4607
f 4607 4706 4707
f 4607 4707 4608
f 4608 4707 4708
f 4608 4708 4609
f 4609 4708 4709
f 4609 4709 4610
f 4610 4709 4710
f 4610 4710 4611
f 4611 4710 4711
f 4611 4711 4612
f 4612 4711 4712
f 4612 4712 4613
f 4613 4712 4713
f 4613 4713 4614
f 4614 4713 4714
f 4614 4714 4615
f 4615 4714 4715
f 4615 4715 4616
f 4616 4715 4716
f 4616 4716 4617
f 4617 4716 4717
f 4617 4717 4618
f 4618 4717 4718
f 4618 4718 4619
f 4619 4718 4719
f 4619 4719 4620
f 4620 4719 4720
f 4620 4720 4621
f 4621 4720 4721
f 4621 4721 4622
f 4622 4721 4722
f 4622 4722 4623
f 4623 4722 4723
f 4623 4723 4624
f 4624 4723 4724
f 4624 4724 4625
f 4625 4724 4725
f 4625 4725 4626
f 4626 4725 4726
f 4626 4726 4627
f 4627 4726 4727
f 4627 4727 4628
f 4628 4727 4728
f 4628 4728 4629
f 4629 4728 4729
f 4629 4729 4630
f 4630 4729 4730
f 4630 4730 4631
f 4631 4730 4731
f 4631 4731 4632
f 4632 4731 4732
f 4632 4732 4633
f 4633 4732 4733
f 4633 4733 4634
f 4634 4733 4734
f 4634 4734 4635
f 4635 4734 4735
f 4635 4735 4636
f 4636 4735 4736
f 4636 4736 4637
f 4637 4736 4737
f 4637 4737 4638
f 4638 4737 4738
f 4638 4738 4639
f 4639 4738 4739
f 4639 4739 4640
f 4640 4739 4740
f 4640 4740 4641
f 4641 4740 4741
f 4641 4741 4642
f 4642 4741 4742
f 4642 4742 4643
f 4643 4742 4743
f 4643 4743 4644
f 4644 4743 4744
f 4644 4744 4645
f 4645 4744 4745
f 4645 4745 4646
f 4646 4745 4746
f 4646 4746 4647
f 4647 4746 4747
f 4647 4747 4648
f 4648 4747 4748
f 4648 4748 4649
f 4649 4748 4749
f 4649 4749 4650
f 4650 4749 4750
f 4650 4750 4651
f 4651 4750 4751
f 4651 4751 4652
f 4652 4751 4752
f 4652 4752 4653
f 4653 4752 4753
f 4653 4753 4654
f 4654 4753 4754
f 4654 4754 4655
f 4655 4754 4755
f 4655 4755 4656
f 4656 4755 4756
f 4656 4756 4657
f 4657 4756 4757
f 4657 4757 4658
f 4658 4757 4758
f 4658 4758 4659
f 4659 4758 4759
f 4659 4759 4660
f 4660 4759 4760
f 4660 4760 4661
f 4661 4760 4761
f 4661 4761 4662
f 4662 4761 4762
f 4662 4762 4663
f 4663 4762 4763
f 4663 4763 4664
f 4664 4763 4764
f 4664 4764 4665
f 4665 4764 4765
f 4665 4765 4666
f 4666 4765 4766
f 4666 4766 4667
f 4667 4766 4767
f 4667 4767 4668
f 4668 4767 4768
f 4668 4768 4669
f 4669 4768 4769
f 4669 4769 4670
f 4670 4769 4770
f 4670 4770 4671
f 4671 4770 4771
f 4671 4771 4672
f 4672 4771 4772
f 4672 4772 4673
f 4673 4772 4773
f 4673 4773 4674
f 4674 4773 4774
f 4674 4774 4675
f 4675 4774 4775
f 4675 4775 4676
f 4676 4775 4776
f 4676 4776 4677
f 4677 4776 4777
f 4677 4777 4678
f 4678 4777 4778
f 4678 4778 4679
f 4679 4778 4779
f 4679 4779 4680
f 4680 4779 4780
f 4680 4780 4681
f 4681 4780 4781
f 4681 4781 4682
f 4682 4781 4782
f 4682 4782 4683
f 4683 4782 4783
f 4683 4783 4684
f 4684 4783 4784
f 4684 4784 4685
f 4685 4784 4785
f 4685 4785 4686
f 4686 4785 4786
f 4686 4786 4687
f 4687 4786 4787
f 4687 4787 4688
f 4688 4787 4788
f 4688 4788 4689
f 4689 4788 4789
f 4689 4789 4690
f 4690 4789 4790
f 4690 4790 4691
f 4691 4790 4791
f 4691 4791 4692
f 4692 4791 4792
f 4692 4792 4693
f 4693 4792 4793
f 4693 4793 4694
f 4694 4793 4794
f 4694 4794 4695
f 4695 4794 4795
f 4695 4795 4696
f 4696 4795 4796
f 4696 4796 4697
f 4697 4796 4797
f 4697 4797 4698
f 4698 4797 4798
f 4698 4798 4699
f 4699 4798 4799
f 4699 4799 4700
f 4700 4799 4800
f 4700 4800 4701
f 4701 4800 4801
f 4701 4801 4602
f 4602 4801 4702
f 4702 4802 4703
f 4703 4802 4704
f 4704 4802 4705
f 4705 4802 4706
f 4706 4802 4707
f 4707 4802 4708
f 4708 4802 4709
f 4709 4802 4710
f 4710 4802 4711
f 4711 4802 4712
f 4712 4802 4713
f 4713 4802 4714
f 4714 4802 4715
f 4715 4802 4716
f 4716 4802 4717
f 4717 4802 4718
f 4718 4802 4719
f 4719 4802 4720
f 4720 4802 4721
f 4721 4802 4722
f 4722 4802 4723
f 4723 4802 4724
f 4724 4802 4725
f 4725 4802 4726
f 4726 4802 4727
f 4727 4802 4728
f 4728 4802 4729
f 4729 4802 4730
f 4730 4802 4731
f 4731 4802 4732
f 4732 4802 4733
f 4733 4802 4734
f 4734 4802 4735
f 4735 4802 4736
f 4736 4802 4737
f 4737 4802 4738
f 4738 4802 4739
f 4739 4802 4740
f 4740 4802 4741
f 4741 4802 4742
f 4742 4802 4743
f 4743 4802 4744
f 4744 4802 4745
f 4745 4802 4746
f 4746 4802 4747
f 4747 4802 4748
f 4748 4802 4749
f 4749 4802 4750
f 4750 4802 4751
f 4751 4802 4752
f 4752 4802 4753
f 4753 4802 4754
f 4754 4802 4755
f 4755 4802 4756
f 4756 4802 4757
f 4757 4802 4758
f 4758 4802 4759
f 4759 4802 4760
f 4760 4802 4761
f 4761 4802 4762
f 4762 4802 4763
f 4763 4802 4764
f 4764 4802 4765
f 4765 4802 4766
f 4766 4802 4767
f 4767 4802 4768
f 4768 4802 4769
f 4769 4802 4770
f 4770 4802 4771
f 4771 4802 4772
f 4772 4802 4773
f 4773 4802 4774
f 4774 4802 4775
f 4775 4802 4776
f 4776 4802 4777
f 4777 4802 4778
f 4778 4802 4779
f 4779 4802 4780
f 4780 4802 4781
f 4781 4802 4782
f 4782 4802 4783
f 4783 4802 4784
f 4784 4802 4785
f 4785 4802 4786
f 4786 4802 4787
f 4787 4802 4788
f 4788 4802 4789
f 4789 4802 4790
f 4790 4802 4791
f 4791 4802 4792
f 4792 4802 4793
f 4793 4802 4794
f 4794 4802 4795
f 4795 4802 4796
f 4796 4802 4797
f 4797 4802 4798
f 4798 4802 4799
f 4799 4802 4800
f 4800 4802 4801
f 4801 4802 4702
