v     0.000000     0.000000     1.414837
v     0.148026     0.000000     1.408904
v     0.073724     0.127780     1.404130
v    -0.070475     0.121730     1.336141
v    -0.146128     0.000000     1.391574
v    -0.074116    -0.128547     1.412866
v     0.078101    -0.135992     1.496627
v     0.285625     0.000000     1.341446
v     0.249340     0.143932     1.354222
v     0.144072     0.249701     1.356777
v     0.000000     0.276294     1.298946
v    -0.138016     0.238668     1.295864
v    -0.237878     0.137066     1.288841
v    -0.282750     0.000000     1.331201
v    -0.244439    -0.141135     1.328011
v    -0.141891    -0.245809     1.335421
v     0.000000    -0.284756     1.339576
v     0.146971    -0.255046     1.386382
v     0.250823    -0.144813     1.362584
v     0.406753     0.000000     1.247475
v     0.396708     0.136254     1.291693
v     0.329107     0.256158     1.283554
v     0.230139     0.352731     1.297326
v     0.102919     0.407216     1.293677
v    -0.033442     0.403456     1.245838
v    -0.161330     0.367711     1.235691
v    -0.267487     0.290091     1.212851
v    -0.352930     0.190950     1.234666
v    -0.408725     0.068382     1.279741
v    -0.399611    -0.066698     1.247260
v    -0.355732    -0.192562     1.245295
v    -0.281112    -0.306307     1.282640
v    -0.159327    -0.362648     1.218123
v    -0.032302    -0.388398     1.198011
v     0.098399    -0.387731     1.230106
v     0.234284    -0.359796     1.324169
v     0.344914    -0.269675     1.353289
v     0.388908    -0.133299     1.262819
v     0.522062     0.000000     1.171178
v     0.510063     0.136691     1.186261
v     0.457627     0.264170     1.186609
v     0.374670     0.374648     1.190000
v     0.264347     0.457917     1.187654
v     0.136322     0.509144     1.184193
v     0.000000     0.524587     1.178838
v    -0.128894     0.479809     1.114734
v    -0.256033     0.443960     1.151838
v    -0.357173     0.357051     1.133996
v    -0.438257     0.252849     1.135547
v    -0.497609     0.133412     1.157987
v    -0.509679     0.000000     1.143730
v    -0.496547    -0.133145     1.155708
v    -0.444918    -0.257277     1.156310
v    -0.355982    -0.356118     1.131308
v    -0.251626    -0.436237     1.131731
v    -0.129184    -0.482101     1.120999
v     0.000000    -0.499727     1.122152
v     0.129294    -0.481475     1.118743
v     0.257409    -0.445599     1.155449
v     0.372285    -0.372483     1.183356
v     0.458720    -0.264987     1.190555
v     0.510662    -0.136873     1.187908
v     0.631056     0.000000     1.096665
v     0.612949     0.130492     1.087662
v     0.566501     0.252168     1.073757
v     0.504604     0.366479     1.079783
v     0.418032     0.463999     1.081234
v     0.311689     0.539588     1.078994
v     0.191432     0.589038     1.072670
v     0.063863     0.607379     1.057670
v    -0.062488     0.593705     1.033509
v    -0.184366     0.567149     1.032719
v    -0.299915     0.519838     1.039922
v    -0.400904     0.445442     1.038344
v    -0.483999     0.351455     1.035457
v    -0.546060     0.242717     1.033015
v    -0.605091     0.128804     1.073552
v    -0.607879     0.000000     1.052375
v    -0.588911    -0.125110     1.042068
v    -0.561203    -0.250652     1.068502
v    -0.468217    -0.339565     1.000006
v    -0.392540    -0.436536     1.017887
v    -0.288766    -0.500454     1.001108
v    -0.178036    -0.548279     0.998726
v    -0.060687    -0.577963     1.006902
v     0.060345    -0.573571     0.998594
v     0.181925    -0.559557     1.018843
v     0.304906    -0.528771     1.057982
v     0.408181    -0.453134     1.055969
v     0.499694    -0.363010     1.069657
v     0.559585    -0.248831     1.059179
v     0.605542    -0.128734     1.072504
v     0.705214     0.000000     0.972943
v     0.691554     0.125673     0.969182
v     0.657202     0.246775     0.966813
v     0.604010     0.360746     0.967954
v     0.529331     0.461803     0.965614
v     0.441750     0.553472     0.974091
v     0.338687     0.629750     0.984496
v     0.219306     0.675508     0.977872
v     0.094328     0.697066     0.968518
v    -0.030725     0.683740     0.941855
v    -0.154285     0.677331     0.956888
v    -0.264050     0.617346     0.923849
v    -0.368628     0.557949     0.919897
v    -0.472834     0.495100     0.943148
v    -0.558219     0.405891     0.950702
v    -0.621720     0.299192     0.948882
v    -0.697783     0.193263     1.001063
v    -0.705254     0.063533     0.975824
v    -0.717035    -0.064763     0.995592
v    -0.667391    -0.184330     0.953904
v    -0.601479    -0.289272     0.917229
v    -0.536690    -0.390017     0.913349
v    -0.453938    -0.475331     0.905503
v    -0.350712    -0.530743     0.874989
v    -0.253975    -0.595152     0.891326
v    -0.144965    -0.636775     0.899770
v    -0.029475    -0.658144     0.907625
v     0.088577    -0.655059     0.910387
v     0.205090    -0.631370     0.913811
v     0.322409    -0.599549     0.937319
v     0.442450    -0.556569     0.980850
v     0.531931    -0.465222     0.973566
v     0.607148    -0.362949     0.974160
v     0.658165    -0.247035     0.967699
v     0.694786    -0.126250     0.973607
v     0.797011     0.000000     0.889765
v     0.777858     0.123552     0.878007
v     0.758350     0.247328     0.890022
v     0.704660     0.359647     0.880315
v     0.640244     0.465427     0.879583
v     0.561717     0.561864     0.882564
v     0.466926     0.642837     0.882561
v     0.359802     0.706627     0.880987
v     0.242556     0.746983     0.872486
v     0.121883     0.770228     0.866349
v     0.000000     0.768111     0.853152
v    -0.121455     0.768772     0.865184
v    -0.240255     0.742105     0.867658
v    -0.339253     0.665587     0.829534
v    -0.443714     0.611239     0.839346
v    -0.549714     0.551561     0.867284
v    -0.622059     0.452108     0.854349
v    -0.690622     0.351637     0.860015
v    -0.766395     0.249557     0.897565
v    -0.783639     0.124084     0.880868
v    -0.786798     0.000000     0.872892
v    -0.784924    -0.124535     0.884652
v    -0.739435    -0.240561     0.864949
v    -0.663182    -0.337402     0.824983
v    -0.603104    -0.438695     0.829239
v    -0.517043    -0.517567     0.813192
v    -0.423513    -0.583414     0.801140
v    -0.329645    -0.648773     0.809441
v    -0.220958    -0.680867     0.795424
v    -0.110139    -0.694709     0.780910
v     0.000000    -0.726510     0.807369
v     0.116697    -0.739537     0.832618
v     0.231259    -0.713115     0.833294
v     0.342681    -0.672790     0.838714
v     0.459094    -0.633006     0.869502
v     0.567464    -0.569061     0.894632
v     0.640699    -0.465592     0.879793
v     0.700544    -0.356697     0.872398
v     0.753264    -0.244979     0.880734
v     0.776551    -0.123152     0.874702
v     0.867602     0.000000     0.782794
v     0.864178     0.121812     0.788869
v     0.834204     0.239738     0.783726
v     0.794259     0.354224     0.784600
v     0.735612     0.459832     0.781413
v     0.664806     0.557612     0.780986
v     0.582065     0.646191     0.782829
v     0.486186     0.720753     0.782780
v     0.378434     0.775882     0.777264
v     0.267476     0.824242     0.780674
v     0.149043     0.846219     0.773986
v     0.029731     0.852144     0.767973
v    -0.089927     0.857834     0.777333
v    -0.204873     0.822909     0.764013
v    -0.312348     0.773402     0.751168
v    -0.416014     0.721042     0.749835
v    -0.512984     0.657022     0.750900
v    -0.601979     0.581324     0.753502
v    -0.680575     0.493772     0.756031
v    -0.761233     0.404419     0.775421
v    -0.832848     0.303251     0.798446
v    -0.864037     0.183451     0.794176
v    -0.904557     0.063366     0.818392
v    -0.906722    -0.063590     0.821622
v    -0.851164    -0.180847     0.783088
v    -0.816724    -0.297727     0.784208
v    -0.757697    -0.403820     0.775101
v    -0.692374    -0.505154     0.774922
v    -0.590646    -0.570988     0.740371
v    -0.494930    -0.633328     0.723600
v    -0.394322    -0.681670     0.708266
v    -0.304421    -0.754985     0.733678
v    -0.191352    -0.766371     0.710824
v    -0.082328    -0.781505     0.706994
v     0.028313    -0.811361     0.731174
v     0.144899    -0.824176     0.754286
v     0.257735    -0.794101     0.752087
v     0.367437    -0.752891     0.754083
v     0.485901    -0.721187     0.783564
v     0.601113    -0.669444     0.811855
v     0.688195    -0.578255     0.810380
v     0.746655    -0.465931     0.791319
v     0.804625    -0.357953     0.792193
v     0.851452    -0.244408     0.798672
v     0.864120    -0.121548     0.786603
v     0.963929     0.000000     0.701307
v     0.946426     0.122137     0.694143
v     0.930059     0.244420     0.700602
v     0.890486     0.361180     0.699700
v     0.839521     0.473545     0.701484
v     0.763818     0.569875     0.692172
v     0.683529     0.661461     0.690627
v     0.595772     0.747078     0.694247
v     0.495305     0.817655     0.694863
v     0.383769     0.867619     0.689544
v     0.266941     0.899755     0.681981
v     0.148591     0.919057     0.676397
v     0.029957     0.934723     0.679603
v    -0.090436     0.938995     0.685762
v    -0.203992     0.892735     0.665038
v    -0.323235     0.880035     0.681747
v    -0.425472     0.816038     0.668854
v    -0.542688     0.781431     0.693254
v    -0.621722     0.685162     0.672641
v    -0.705589     0.600349     0.672755
v    -0.795304     0.517652     0.689393
v    -0.864046     0.415583     0.695605
v    -0.949834     0.315893     0.728760
v    -0.987135     0.192465     0.731788
v    -1.006680     0.064719     0.734245
v    -0.991438    -0.063678     0.722189
v    -0.945238    -0.183752     0.697964
v    -0.916388    -0.304327     0.701734
v    -0.875107    -0.422588     0.708281
v    -0.778101    -0.506114     0.673873
v    -0.709974    -0.605164     0.678561
v    -0.630901    -0.696764     0.684522
v    -0.522286    -0.748842     0.663386
v    -0.421001    -0.806771     0.661068
v    -0.319943    -0.870732     0.674453
v    -0.206856    -0.907819     0.676914
v    -0.087749    -0.909163     0.663503
v     0.029411    -0.916942     0.666493
v     0.151725    -0.941630     0.693799
v     0.268710    -0.906765     0.687560
v     0.383279    -0.865966     0.688085
v     0.497694    -0.820729     0.697227
v     0.614643    -0.771225     0.716837
v     0.728763    -0.707347     0.739275
v     0.801806    -0.598367     0.726839
v     0.871477    -0.490788     0.726638
v     0.927504    -0.375818     0.727812
v     0.949436    -0.248980     0.713162
v     0.959101    -0.123654     0.702531
v     1.045626     0.000000     0.602134
v     1.030485     0.124920     0.598020
v     1.007029     0.247969     0.598030
v     0.984960     0.373956     0.609082
v     0.927179     0.486781     0.604820
v     0.856679     0.590985     0.600530
v     0.777116     0.687808     0.598651
v     0.695883     0.785894     0.606290
v     0.595409     0.863474     0.605961
v     0.481096     0.917088     0.598071
v     0.361396     0.952441     0.588011
v     0.241921     0.980562     0.582882
v     0.121557     0.999943     0.581328
v     0.000000     1.002493     0.578436
v    -0.122872     1.011691     0.588342
v    -0.239219     0.968315     0.575343
v    -0.367144     0.970256     0.599560
v    -0.469047     0.893708     0.582733
v    -0.586720     0.852560     0.598701
v    -0.670888     0.757442     0.584283
v    -0.769621     0.682336     0.594228
v    -0.847179     0.584075     0.593386
v    -0.930625     0.487887     0.605902
v    -1.016124     0.385599     0.627942
v    -1.046941     0.257629     0.621194
v    -1.106036     0.134482     0.644444
v    -1.070650     0.000000     0.615792
v    -1.090925    -0.132562     0.635111
v    -1.032865    -0.254132     0.612735
v    -1.011365    -0.384106     0.625680
v    -0.933598    -0.489960     0.608692
v    -0.851093    -0.586875     0.596266
v    -0.786432    -0.697917     0.607995
v    -0.678505    -0.765212     0.590061
v    -0.586967    -0.850491     0.596676
v    -0.479863    -0.913910     0.595818
v    -0.360905    -0.949101     0.585526
v    -0.246769    -0.999608     0.594084
v    -0.128803    -1.063220     0.618830
v     0.000000    -1.044481     0.603025
v     0.124399    -1.023223     0.594847
v     0.248656    -1.008053     0.599261
v     0.368052    -0.968748     0.597823
v     0.489849    -0.931951     0.607367
v     0.612515    -0.886808     0.621990
v     0.717844    -0.808886     0.623563
v     0.827199    -0.732456     0.637606
v     0.918450    -0.634057     0.644455
v     0.969159    -0.507816     0.630541
v     1.039218    -0.394458     0.642420
v     1.055638    -0.260107     0.627442
v     1.050646    -0.127326     0.609473
v     1.133987     0.000000     0.502584
v     1.120261     0.128158     0.500065
v     1.101875     0.255810     0.502576
v     1.056718     0.376330     0.498284
v     1.020366     0.501691     0.506252
v     0.949458     0.609791     0.502069
v     0.873759     0.714094     0.502170
v     0.796015     0.819905     0.509206
v     0.691303     0.896938     0.504365
v     0.576698     0.956014     0.496988
v     0.459746     1.006048     0.492314
v     0.329404     1.009372     0.471836
v     0.213739     1.051587     0.477218
v     0.093012     1.080614     0.482547
v    -0.031586     1.105109     0.492146
v    -0.153101     1.060774     0.476534
v    -0.276976     1.051296     0.483594
v    -0.389352     0.996412     0.475489
v    -0.504587     0.954135     0.479953
v    -0.609207     0.888998     0.479142
v    -0.727698     0.840530     0.495317
v    -0.805110     0.737424     0.485229
v    -0.912553     0.662965     0.502163
v    -1.013010     0.572896     0.518965
v    -1.057658     0.446174     0.510010
v    -1.118065     0.327786     0.517742
v    -1.160590     0.200604     0.523560
v    -1.173727     0.067000     0.522232
v    -1.174542    -0.067061     0.522737
v    -1.171484    -0.202747     0.529378
v    -1.093577    -0.319869     0.504848
v    -1.059122    -0.446699     0.510575
v    -0.998640    -0.563226     0.509740
v    -0.934059    -0.678855     0.514267
v    -0.830780    -0.761225     0.500954
v    -0.740998    -0.854198     0.503038
v    -0.639329    -0.933707     0.503377
v    -0.532242    -1.007371     0.506892
v    -0.422853    -1.086336     0.519072
v    -0.293153    -1.113711     0.512462
v    -0.166164    -1.155519     0.519734
v    -0.032639    -1.140119     0.507471
v     0.096658    -1.122164     0.500982
v     0.222048    -1.091845     0.495396
v     0.348755    -1.070345     0.500604
v     0.470170    -1.026202     0.501745
v     0.604788    -1.002212     0.520942
v     0.719738    -0.932173     0.523869
v     0.824549    -0.846807     0.525401
v     0.935785    -0.764953     0.537974
v     1.018017    -0.654024     0.538543
v     1.062111    -0.520968     0.525286
v     1.146677    -0.409643     0.542955
v     1.156169    -0.268709     0.528109
v     1.140842    -0.130491     0.509140
v     1.227607     0.000000     0.397397
v     1.209904     0.133547     0.394084
v     1.158925     0.258573     0.383624
v     1.135973     0.389113     0.389087
v     1.114595     0.526682     0.401157
v     1.030286     0.633144     0.392808
v     0.923392     0.716087     0.378351
v     0.853385     0.828920     0.386056
v     0.766880     0.931322     0.392039
v     0.636587     0.971113     0.376486
v     0.525006     1.034382     0.376306
v     0.405963     1.081076     0.374706
v     0.291339     1.150496     0.385621
v     0.162889     1.174623     0.385305
v     0.032558     1.180409     0.383604
v    -0.096742     1.165397     0.379731
v    -0.226608     1.158973     0.383565
v    -0.343397     1.093632     0.371834
v    -0.473944     1.079531     0.382909
v    -0.572677     0.988006     0.370198
v    -0.685939     0.930742     0.374979
v    -0.790480     0.856741     0.378078
v    -0.902761     0.785915     0.388772
v    -1.015062     0.705051     0.402271
v    -1.064409     0.574973     0.392283
v    -1.124045     0.455251     0.392709
v    -1.204510     0.340437     0.406451
v    -1.274719     0.213170     0.421112
v    -1.218628     0.066943     0.394274
v    -1.244164    -0.068484     0.403626
v    -1.229591    -0.204715     0.403814
v    -1.180213    -0.332458     0.396485
v    -1.170088    -0.475132     0.410213
v    -1.103086    -0.596798     0.407385
v    -1.018916    -0.706023     0.402503
v    -0.931717    -0.811145     0.401257
v    -0.829342    -0.900040     0.397360
v    -0.724259    -0.984157     0.396691
v    -0.624438    -1.081936     0.405973
v    -0.496119    -1.129253     0.400454
v    -0.365846    -1.166147     0.396609
v    -0.237940    -1.215749     0.402228
v    -0.104425    -1.260453     0.410975
v     0.034064    -1.233891     0.400866
v     0.165889    -1.192379     0.390709
v     0.296177    -1.166091     0.390459
v     0.426899    -1.137815     0.394488
v     0.555006    -1.094907     0.398498
v     0.686431    -1.050260     0.407574
v     0.799171    -0.969265     0.407834
v     0.902549    -0.876485     0.408180
v     1.000766    -0.777786     0.411251
v     1.061714    -0.650398     0.403089
v     1.138791    -0.536206     0.407930
v     1.204277    -0.413103     0.413275
v     1.209248    -0.270134     0.400944
v     1.244216    -0.137504     0.405930
v     1.356937     0.000000     0.289405
v     1.284160     0.137034     0.273870
v     1.233724     0.265963     0.267155
v     1.202718     0.397180     0.268641
v     1.159899     0.526178     0.270642
v     1.099182     0.648035     0.271377
v     1.000837     0.742375     0.264456
v     0.928279     0.856892     0.268511
v     0.837394     0.957642     0.270537
v     0.718574     1.021947     0.265363
v     0.598010     1.077229     0.261562
v     0.484826     1.147892     0.264762
v     0.372558     1.239390     0.275438
v     0.236602     1.257639     0.272232
v     0.099895     1.248399     0.266229
v    -0.033159     1.244792     0.264656
v    -0.168869     1.263337     0.271089
v    -0.295434     1.208575     0.264394
v    -0.432226     1.200682     0.271460
v    -0.566811     1.169690     0.276780
v    -0.688792     1.104744     0.277322
v    -0.768603     0.977792     0.264130
v    -0.884431     0.908475     0.269542
v    -0.984494     0.816525     0.271965
v    -1.076073     0.714255     0.274691
v    -1.159640     0.603201     0.278162
v    -1.204499     0.470607     0.274619
v    -1.234528     0.335825     0.271082
v    -1.266418     0.203469     0.271643
v    -1.260949     0.066868     0.266608
v    -1.321275    -0.070378     0.281018
v    -1.343849    -0.216909     0.290031
v    -1.283602    -0.349796     0.282526
v    -1.266090    -0.495817     0.289551
v    -1.146874    -0.594080     0.273578
v    -1.105344    -0.733524     0.282080
v    -1.001832    -0.830015     0.276360
v    -0.892430    -0.914915     0.271278
v    -0.802759    -1.022723     0.276400
v    -0.688594    -1.100427     0.275906
v    -0.570438    -1.172928     0.277214
v    -0.442211    -1.225255     0.276779
v    -0.313692    -1.284298     0.281035
v    -0.176827    -1.321888     0.283583
v    -0.036440    -1.374053     0.292566
v     0.104055    -1.300190     0.277260
v     0.238696    -1.265406     0.273672
v     0.376670    -1.250778     0.277801
v     0.502302    -1.190446     0.274668
v     0.630989    -1.139758     0.276998
v     0.755656    -1.076658     0.279739
v     0.865764    -0.989476     0.279473
v     0.968661    -0.893952     0.280102
v     1.070669    -0.795789     0.283675
v     1.140056    -0.671335     0.281023
v     1.210557    -0.549118     0.282435
v     1.256919    -0.415465     0.281095
v     1.278757    -0.276003     0.277352
v     1.337081    -0.143090     0.286241
v     1.345272     0.000000     0.141264
v     1.327705     0.139434     0.140165
v     1.310185     0.278619     0.140870
v     1.288995     0.419953     0.142964
v     1.234713     0.551560     0.142685
v     1.167961     0.676845     0.142455
v     1.087190     0.792787     0.141934
v     0.978045     0.881976     0.138607
v     0.891682     0.992939     0.140556
v     0.775284     1.068630     0.138899
v     0.650886     1.127431     0.136832
v     0.534629     1.202215     0.138371
v     0.405252     1.248755     0.138059
v     0.272721     1.285078     0.138157
v     0.139033     1.327167     0.140412
v     0.000000     1.331406     0.140088
v    -0.139646     1.333997     0.141168
v    -0.278629     1.316453     0.141655
v    -0.420716     1.302119     0.144168
v    -0.548255     1.236697     0.142485
v    -0.684727     1.192400     0.144973
v    -0.791259     1.092511     0.142082
v    -0.911269     1.015832     0.143847
v    -0.995428     0.897605     0.141060
v    -1.085629     0.789674     0.141259
v    -1.159109     0.669570     0.140774
v    -1.208965     0.537784     0.138927
v    -1.292223     0.420543     0.143113
v    -1.287056     0.273010     0.137919
v    -1.357950     0.142909     0.143758
v    -1.361917     0.000000     0.143200
v    -1.350257    -0.141798     0.142540
v    -1.394853    -0.297476     0.150546
v    -1.332798    -0.433585     0.147532
v    -1.279204    -0.570248     0.147417
v    -1.189194    -0.686538     0.144313
v    -1.111120    -0.808090     0.144546
v    -1.009195    -0.909667     0.142938
v    -0.890413    -0.988972     0.139876
v    -0.778853    -1.072276     0.139317
v    -0.674893    -1.171577     0.142292
v    -0.544632    -1.224735     0.140963
v    -0.416481    -1.283741     0.141941
v    -0.278118    -1.309244     0.140710
v    -0.140062    -1.333887     0.141014
v     0.000000    -1.338368     0.140726
v     0.140404    -1.339117     0.141636
v     0.278455    -1.313690     0.141289
v     0.408338    -1.258996     0.139218
v     0.535205    -1.203673     0.138544
v     0.655299    -1.135549     0.137836
v     0.773808    -1.065340     0.138417
v     0.888197    -0.986819     0.139585
v     0.986906    -0.888389     0.139533
v     1.079111    -0.783715     0.140121
v     1.169826    -0.675670     0.142050
v     1.251686    -0.558069     0.144277
v     1.292064    -0.419892     0.142824
v     1.327887    -0.282218     0.142662
v     1.358961    -0.142915     0.143729
v     1.312729     0.000000     0.000000
v     1.358548     0.143028     0.000000
v     1.338324     0.285218     0.000000
v     1.275625     0.415073     0.000000
v     1.224264     0.546232     0.000000
v     1.156564     0.669261     0.000000
v     1.083883     0.789691     0.000000
v     1.002138     0.905370     0.000000
v     0.884423     0.983272     0.000000
v     0.779207     1.073612     0.000000
v     0.664403     1.152048     0.000000
v     0.539033     1.211688     0.000000
v     0.408024     1.256584     0.000000
v     0.266257     1.249953     0.000000
v     0.139711     1.332814     0.000000
v     0.000000     1.345681     0.000000
v    -0.138372     1.319559     0.000000
v    -0.281222     1.328943     0.000000
v    -0.417594     1.290456     0.000000
v    -0.554383     1.250604     0.000000
v    -0.682289     1.186170     0.000000
v    -0.804220     1.110427     0.000000
v    -0.923767     1.029334     0.000000
v    -1.028055     0.928375     0.000000
v    -1.071751     0.777268     0.000000
v    -1.158545     0.668311     0.000000
v    -1.226709     0.545962     0.000000
v    -1.312465     0.427525     0.000000
v    -1.299089     0.275703     0.000000
v    -1.383650     0.145835     0.000000
v    -1.301647     0.000000     0.000000
v    -1.315491    -0.137675     0.000000
v    -1.359812    -0.289018     0.000000
v    -1.354818    -0.440985     0.000000
v    -1.272160    -0.566129     0.000000
v    -1.218576    -0.704399     0.000000
v    -1.109393    -0.805932     0.000000
v    -1.021695    -0.921514     0.000000
v    -0.896885    -0.996786     0.000000
v    -0.781725    -1.077152     0.000000
v    -0.658674    -1.141830     0.000000
v    -0.529050    -1.188032     0.000000
v    -0.400812    -1.232990     0.000000
v    -0.269670    -1.268137     0.000000
v    -0.137027    -1.304875     0.000000
v     0.000000    -1.287407     0.000000
v     0.135774    -1.293081     0.000000
v     0.263624    -1.239014     0.000000
v     0.393405    -1.210405     0.000000
v     0.519452    -1.166611     0.000000
v     0.644131    -1.116062     0.000000
v     0.761984    -1.049070     0.000000
v     0.871287    -0.967550     0.000000
v     0.977758    -0.880474     0.000000
v     1.065516    -0.773686     0.000000
v     1.143320    -0.659385     0.000000
v     1.209745    -0.537853     0.000000
v     1.259832    -0.408560     0.000000
v     1.299371    -0.275646     0.000000
v     1.303049    -0.136474     0.000000
v     1.285347     0.000000    -0.134609
v     1.291893     0.135631    -0.136328
v     1.278427     0.271764    -0.137388
v     1.240618     0.403291    -0.137191
v     1.164277     0.517566    -0.133674
v     1.095853     0.631417    -0.132640
v     1.042807     0.757703    -0.135492
v     0.960191     0.864753    -0.135842
v     0.862165     0.957228    -0.135368
v     0.754535     1.037489    -0.134741
v     0.638770     1.104452    -0.133963
v     0.520479     1.167057    -0.134196
v     0.398997     1.227169    -0.135588
v     0.262441     1.231245    -0.132177
v     0.133226     1.265792    -0.133711
v     0.000000     1.268872    -0.133305
v    -0.131414     1.247600    -0.131755
v    -0.265857     1.250321    -0.134334
v    -0.392610     1.206754    -0.133305
v    -0.518767     1.163403    -0.133783
v    -0.647485     1.120587    -0.135964
v    -0.791222     1.091431    -0.141897
v    -0.895103     0.994815    -0.140731
v    -0.972271     0.873497    -0.137105
v    -1.028622     0.743182    -0.132646
v    -1.150698     0.663778    -0.139492
v    -1.199385     0.532999    -0.137646
v    -1.259105     0.408805    -0.139011
v    -1.273421     0.270000    -0.136378
v    -1.305885     0.136988    -0.137654
v    -1.260321     0.000000    -0.131202
v    -1.261089    -0.131550    -0.131943
v    -1.287124    -0.272355    -0.137476
v    -1.312452    -0.426340    -0.144997
v    -1.263879    -0.562700    -0.145405
v    -1.150354    -0.661846    -0.138965
v    -1.090207    -0.791575    -0.141515
v    -0.992238    -0.893627    -0.140378
v    -0.869585    -0.965194    -0.136482
v    -0.746742    -1.026548    -0.133311
v    -0.629696    -1.089784    -0.132225
v    -0.513471    -1.153628    -0.132740
v    -0.382317    -1.175038    -0.129798
v    -0.256133    -1.203196    -0.129221
v    -0.127671    -1.212153    -0.128014
v     0.000000    -1.214805    -0.127594
v     0.124070    -1.175253    -0.124022
v     0.247738    -1.161272    -0.124630
v     0.368133    -1.128909    -0.124609
v     0.495093    -1.110305    -0.127677
v     0.605759    -1.046346    -0.126873
v     0.722780    -0.992790    -0.128891
v     0.832651    -0.923047    -0.130468
v     0.941521    -0.846896    -0.132983
v     1.041042    -0.756083    -0.135182
v     1.107414    -0.638128    -0.134054
v     1.178402    -0.523758    -0.135267
v     1.217542    -0.394398    -0.134008
v     1.247246    -0.264112    -0.133347
v     1.275390    -0.133623    -0.134218
v     1.232848     0.000000    -0.261213
v     1.247115     0.133286    -0.266515
v     1.210591     0.261455    -0.262786
v     1.178611     0.389535    -0.263540
v     1.097487     0.495933    -0.254754
v     1.042550     0.612092    -0.255969
v     0.988523     0.733200    -0.261182
v     0.904841     0.833904    -0.261167
v     0.817139     0.932970    -0.263425
v     0.721492     1.027278    -0.266849
v     0.593288     1.068118    -0.259302
v     0.483554     1.144297    -0.263888
v     0.359528     1.190821    -0.264261
v     0.231690     1.227719    -0.265483
v     0.097012     1.207529    -0.257171
v    -0.033220     1.246531    -0.264989
v    -0.160414     1.193199    -0.255551
v    -0.295710     1.209635    -0.264622
v    -0.419607     1.161655    -0.262340
v    -0.551952     1.135034    -0.268268
v    -0.669989     1.070005    -0.268221
v    -0.787773     1.002802    -0.270942
v    -0.901469     0.925733    -0.274638
v    -0.990945     0.820714    -0.273232
v    -1.056038     0.698509    -0.268323
v    -1.165357     0.606102    -0.279488
v    -1.183499     0.461690    -0.269277
v    -1.228645     0.334437    -0.270018
v    -1.274183     0.205187    -0.274146
v    -1.312774     0.070039    -0.279812
v    -1.258946    -0.066817    -0.266473
v    -1.286751    -0.206989    -0.276456
v    -1.249101    -0.339616    -0.274096
v    -1.211321    -0.472296    -0.275416
v    -1.178444    -0.612159    -0.282167
v    -1.080881    -0.715841    -0.275096
v    -0.972443    -0.804028    -0.267527
v    -0.894360    -0.919382    -0.272847
v    -0.749744    -0.952441    -0.257159
v    -0.634864    -1.012432    -0.253666
v    -0.522211    -1.073014    -0.253541
v    -0.410518    -1.140386    -0.257830
v    -0.275592    -1.125827    -0.246177
v    -0.149761    -1.113146    -0.238344
v    -0.029775    -1.112285    -0.236093
v     0.089188    -1.108789    -0.236043
v     0.206508    -1.089615    -0.235280
v     0.323155    -1.066604    -0.236416
v     0.442534    -1.045012    -0.240821
v     0.559230    -1.006789    -0.244410
v     0.677317    -0.962643    -0.249908
v     0.794043    -0.906959    -0.256115
v     0.888803    -0.819169    -0.256556
v     0.981573    -0.728026    -0.259337
v     1.056664    -0.621184    -0.259884
v     1.125438    -0.509593    -0.261948
v     1.183327    -0.390866    -0.264391
v     1.218679    -0.263158    -0.264483
v     1.222025    -0.130242    -0.260186
v     1.188650     0.000000    -0.386379
v     1.183201     0.131027    -0.387069
v     1.144523     0.256153    -0.380427
v     1.108682     0.379958    -0.379997
v     1.041939     0.489749    -0.372367
v     1.000418     0.613763    -0.380571
v     0.934401     0.726579    -0.384239
v     0.850490     0.826923    -0.385252
v     0.746098     0.904514    -0.380534
v     0.655354     1.003798    -0.389683
v     0.518637     1.020596    -0.371141
v     0.426307     1.140423    -0.395875
v     0.294033     1.160528    -0.388916
v     0.167461     1.208785    -0.396641
v     0.033132     1.201099    -0.390316
v    -0.099582     1.201300    -0.391612
v    -0.230400     1.178822    -0.390185
v    -0.364054     1.165242    -0.396844
v    -0.475918     1.082839    -0.383942
v    -0.610403     1.058247    -0.397163
v    -0.721737     0.982187    -0.396091
v    -0.835657     0.908565    -0.401369
v    -0.901921     0.783058    -0.387010
v    -1.018365     0.706316    -0.402797
v    -1.083946     0.586319    -0.400204
v    -1.137416     0.461574    -0.398424
v    -1.189052     0.336209    -0.401460
v    -1.215894     0.202833    -0.400361
v    -1.246182     0.068808    -0.405949
v    -1.230519    -0.067818    -0.399864
v    -1.250418    -0.208936    -0.412635
v    -1.178076    -0.332164    -0.396256
v    -1.136904    -0.460484    -0.397230
v    -1.110968    -0.601653    -0.410833
v    -1.020968    -0.707962    -0.403706
v    -0.908670    -0.790172    -0.390732
v    -0.803686    -0.872153    -0.385041
v    -0.687884    -0.934934    -0.376876
v    -0.571303    -0.988922    -0.370953
v    -0.447345    -1.018247    -0.361088
v    -0.331206    -1.058485    -0.360303
v    -0.206933    -1.056812    -0.349583
v    -0.088240    -1.061938    -0.345903
v     0.029346    -1.061812    -0.344827
v     0.144886    -1.041033    -0.341068
v     0.260376    -1.024840    -0.343123
v     0.376871    -1.004082    -0.348071
v     0.499474    -0.986601    -0.359230
v     0.607560    -0.928464    -0.360162
v     0.725460    -0.880567    -0.370610
v     0.825012    -0.801645    -0.373396
v     0.916527    -0.712187    -0.376541
v     0.993666    -0.609460    -0.377869
v     1.068432    -0.503564    -0.383219
v     1.133795    -0.389354    -0.389659
v     1.176668    -0.264027    -0.392460
v     1.175080    -0.129983    -0.383844
v     1.106185     0.000000    -0.492633
v     1.118961     0.128651    -0.502833
v     1.086102     0.252631    -0.496647
v     1.045896     0.372814    -0.493776
v     0.990359     0.485824    -0.489865
v     0.935892     0.600544    -0.494308
v     0.863684     0.705562    -0.496099
v     0.772114     0.793518    -0.492452
v     0.673766     0.872701    -0.490457
v     0.569258     0.942883    -0.490024
v     0.464843     1.017939    -0.498252
v     0.351475     1.082824    -0.507085
v     0.227165     1.121785    -0.509704
v     0.097527     1.134740    -0.506969
v    -0.032769     1.146616    -0.510649
v    -0.164040     1.141035    -0.513262
v    -0.289221     1.099327    -0.505927
v    -0.413668     1.062411    -0.507588
v    -0.524788     0.993498    -0.499951
v    -0.653086     0.957203    -0.516656
v    -0.750588     0.867109    -0.511006
v    -0.841820     0.772796    -0.508889
v    -0.911592     0.661072    -0.500428
v    -1.013688     0.573157    -0.519164
v    -1.038396     0.437675    -0.500150
v    -1.098343     0.322165    -0.508948
v    -1.156054     0.200392    -0.523502
v    -1.151751     0.065844    -0.513466
v    -1.159390    -0.066320    -0.517277
v    -1.171783    -0.203330    -0.531364
v    -1.083512    -0.317128    -0.500628
v    -1.054155    -0.444725    -0.508365
v    -1.044895    -0.592311    -0.536968
v    -0.910721    -0.660202    -0.499709
v    -0.829737    -0.760982    -0.500951
v    -0.721675    -0.831844    -0.489859
v    -0.612955    -0.895823    -0.483067
v    -0.494828    -0.936764    -0.471396
v    -0.377531    -0.968574    -0.462591
v    -0.262309    -0.997671    -0.459240
v    -0.145698    -1.013639    -0.455986
v    -0.028945    -1.013272    -0.451334
v     0.086383    -1.005742    -0.449435
v     0.201207    -0.993218    -0.451230
v     0.314117    -0.966464    -0.452395
v     0.430108    -0.942119    -0.461181
v     0.541671    -0.898094    -0.466903
v     0.653681    -0.847642    -0.476554
v     0.755127    -0.776364    -0.481869
v     0.852557    -0.696663    -0.489887
v     0.935410    -0.600765    -0.494636
v     0.999168    -0.490848    -0.495168
v     1.063696    -0.379925    -0.503536
v     1.099549    -0.256106    -0.503705
v     1.103881    -0.126713    -0.494990
v     1.042889     0.000000    -0.603600
v     1.050180     0.127902    -0.613252
v     1.041145     0.257542    -0.622069
v     0.982360     0.372653    -0.606785
v     0.925761     0.485417    -0.602868
v     0.865313     0.597104    -0.606804
v     0.779980     0.690508    -0.601049
v     0.688785     0.777294    -0.599505
v     0.579822     0.838637    -0.588007
v     0.483011     0.920592    -0.600324
v     0.373955     0.987075    -0.609709
v     0.256435     1.041851    -0.619803
v     0.124709     1.023096    -0.594254
v     0.000000     1.087751    -0.628133
v    -0.129879     1.069027    -0.621616
v    -0.257560     1.044818    -0.621250
v    -0.383502     1.012736    -0.625655
v    -0.496627     0.947668    -0.618224
v    -0.602099     0.873712    -0.613271
v    -0.702769     0.794919    -0.613575
v    -0.754187     0.665598    -0.578761
v    -0.863734     0.596374    -0.606184
v    -0.939188     0.493320    -0.613041
v    -0.989863     0.375415    -0.611237
v    -1.020645     0.251296    -0.606036
v    -1.071359     0.130330    -0.624648
v    -1.047172     0.000000    -0.603434
v    -1.051245    -0.127642    -0.611375
v    -1.027518    -0.253247    -0.610948
v    -0.991752    -0.376197    -0.612547
v    -0.956308    -0.503063    -0.625462
v    -0.874506    -0.604138    -0.614187
v    -0.782426    -0.693019    -0.603336
v    -0.679468    -0.766038    -0.590631
v    -0.578610    -0.838148    -0.587962
v    -0.465935    -0.887880    -0.578955
v    -0.348750    -0.919657    -0.567882
v    -0.234179    -0.951603    -0.566153
v    -0.115795    -0.954709    -0.555458
v     0.000000    -0.962222    -0.555944
v     0.116845    -0.965788    -0.562380
v     0.230542    -0.937484    -0.557886
v     0.338968    -0.893668    -0.551794
v     0.453576    -0.864376    -0.563641
v     0.564223    -0.817190    -0.573231
v     0.669452    -0.755021    -0.582207
v     0.769274    -0.681012    -0.592778
v     0.857902    -0.591992    -0.601609
v     0.925298    -0.485489    -0.603088
v     0.978123    -0.371064    -0.604209
v     1.012886    -0.249867    -0.602978
v     1.030021    -0.125194    -0.599859
v     0.972100     0.000000    -0.707952
v     0.982811     0.127154    -0.723267
v     0.973089     0.256217    -0.734884
v     0.913629     0.370195    -0.716921
v     0.853148     0.480323    -0.711073
v     0.777216     0.579427    -0.703594
v     0.702522     0.680886    -0.711276
v     0.594683     0.744893    -0.691963
v     0.499977     0.825231    -0.701262
v     0.385136     0.868711    -0.689880
v     0.284389     0.960675    -0.728689
v     0.158950     0.983681    -0.724093
v     0.032452     1.012987    -0.736603
v    -0.097535     1.012001    -0.738906
v    -0.223374     0.978998    -0.729659
v    -0.344706     0.937874    -0.726392
v    -0.453253     0.869896    -0.713155
v    -0.561591     0.807722    -0.716299
v    -0.631324     0.694720    -0.681686
v    -0.708556     0.602312    -0.674744
v    -0.805836     0.525504    -0.700297
v    -0.857533     0.412895    -0.691356
v    -0.933303     0.310760    -0.717198
v    -0.937882     0.182496    -0.693418
v    -0.973882     0.062623    -0.710505
v    -0.976527    -0.062825    -0.712910
v    -0.969497    -0.189430    -0.720769
v    -0.909216    -0.301809    -0.695825
v    -0.869364    -0.418823    -0.701412
v    -0.822659    -0.536600    -0.715139
v    -0.747605    -0.637752    -0.715291
v    -0.650742    -0.717148    -0.704042
v    -0.553178    -0.794371    -0.704087
v    -0.429118    -0.821281    -0.672670
v    -0.319596    -0.868500    -0.672389
v    -0.201836    -0.884011    -0.658714
v    -0.087621    -0.910142    -0.664787
v     0.029256    -0.915134    -0.665922
v     0.146799    -0.911727    -0.671938
v     0.257876    -0.870102    -0.659737
v     0.372895    -0.843632    -0.670641
v     0.480358    -0.792207    -0.673015
v     0.591408    -0.741587    -0.689139
v     0.695194    -0.673401    -0.703321
v     0.786692    -0.587456    -0.713735
v     0.855914    -0.482214    -0.714038
v     0.912455    -0.369834    -0.716298
v     0.951446    -0.250007    -0.716582
v     0.969125    -0.125222    -0.711968
v     0.914454     0.000000    -0.826016
v     0.908733     0.128020    -0.828917
v     0.870856     0.249765    -0.815941
v     0.833668     0.371333    -0.822149
v     0.782759     0.489970    -0.833007
v     0.691609     0.580356    -0.812964
v     0.605286     0.673134    -0.815941
v     0.500938     0.743401    -0.807661
v     0.390322     0.800402    -0.801878
v     0.280953     0.865870    -0.820129
v     0.159385     0.904718    -0.827420
v     0.032360     0.927397    -0.835760
v    -0.098311     0.937331    -0.849218
v    -0.219019     0.877608    -0.814135
v    -0.341755     0.847553    -0.823618
v    -0.444669     0.771524    -0.802617
v    -0.514918     0.656998    -0.749910
v    -0.608996     0.587852    -0.761854
v    -0.710639     0.518388    -0.795169
v    -0.774609     0.413190    -0.793316
v    -0.824398     0.300740    -0.792338
v    -0.842958     0.179081    -0.775406
v    -0.884205     0.061977    -0.800641
v    -0.872828    -0.061083    -0.788659
v    -0.855603    -0.181978    -0.788257
v    -0.821249    -0.298935    -0.786997
v    -0.787042    -0.419132    -0.804279
v    -0.742265    -0.541374    -0.830381
v    -0.646585    -0.624962    -0.810310
v    -0.563114    -0.722670    -0.826477
v    -0.440070    -0.761390    -0.791326
v    -0.328142    -0.811788    -0.788213
v    -0.212725    -0.854430    -0.793268
v    -0.089708    -0.853617    -0.772864
v     0.030168    -0.865524    -0.780284
v     0.149343    -0.848094    -0.775754
v     0.269685    -0.831711    -0.787957
v     0.381803    -0.782865    -0.784285
v     0.496716    -0.736529    -0.799975
v     0.601651    -0.667907    -0.809126
v     0.697248    -0.584831    -0.819113
v     0.777193    -0.485632    -0.825147
v     0.839785    -0.374191    -0.828575
v     0.882826    -0.253566    -0.828764
v     0.905651    -0.127547    -0.825763
v     0.839523     0.000000    -0.933681
v     0.824872     0.130708    -0.928112
v     0.794864     0.258346    -0.928593
v     0.751362     0.383339    -0.938185
v     0.683410     0.497583    -0.940841
v     0.584583     0.585090    -0.919234
v     0.481905     0.663868    -0.911622
v     0.364156     0.713733    -0.889246
v     0.253047     0.778984    -0.909744
v     0.131141     0.829391    -0.933139
v     0.000000     0.820610    -0.911051
v    -0.129269     0.816238    -0.917847
v    -0.255791     0.788878    -0.921861
v    -0.370884     0.730338    -0.911361
v    -0.445433     0.611578    -0.838874
v    -0.536262     0.535981    -0.841687
v    -0.644084     0.470597    -0.890872
v    -0.693282     0.354113    -0.866994
v    -0.724842     0.235269    -0.845266
v    -0.763103     0.120810    -0.857569
v    -0.789178     0.000000    -0.877919
v    -0.764977    -0.120954    -0.858219
v    -0.768569    -0.250255    -0.900065
v    -0.723991    -0.369374    -0.904007
v    -0.672211    -0.489424    -0.925412
v    -0.584409    -0.584466    -0.918018
v    -0.492658    -0.678604    -0.931819
v    -0.378485    -0.742907    -0.926049
v    -0.252877    -0.777281    -0.907297
v    -0.128829    -0.813675    -0.915047
v     0.000000    -0.815797    -0.906058
v     0.128651    -0.813194    -0.914747
v     0.251898    -0.774903    -0.904766
v     0.374721    -0.735134    -0.916198
v     0.490255    -0.674240    -0.925345
v     0.594705    -0.594044    -0.932687
v     0.691779    -0.502694    -0.949888
v     0.760027    -0.387359    -0.947697
v     0.808599    -0.262955    -0.945336
v     0.832068    -0.131901    -0.936700
v     0.758329     0.000000    -1.044430
v     0.730704     0.132449    -1.020566
v     0.694781     0.260549    -1.020337
v     0.645694     0.386312    -1.037151
v     0.549117     0.479354    -1.002514
v     0.451084     0.565335    -0.995069
v     0.342156     0.635734    -0.993608
v     0.224483     0.691159    -1.000385
v     0.096980     0.715533    -0.993655
v    -0.032703     0.728616    -1.004056
v    -0.157986     0.691502    -0.975929
v    -0.277965     0.650962    -0.974698
v    -0.375521     0.568640    -0.937666
v    -0.464165     0.485448    -0.924396
v    -0.542519     0.394354    -0.923584
v    -0.591865     0.284300    -0.901089
v    -0.652480     0.180012    -0.931216
v    -0.715394     0.064700    -0.995065
v    -0.694871    -0.062539    -0.960263
v    -0.691364    -0.191041    -0.988793
v    -0.648072    -0.311905    -0.989235
v    -0.598894    -0.435196    -1.019133
v    -0.520183    -0.543999    -1.035869
v    -0.420755    -0.637417    -1.051230
v    -0.297225    -0.694301    -1.038715
v    -0.170419    -0.746533    -1.053882
v    -0.034093    -0.758679    -1.045075
v     0.101796    -0.750984    -1.042849
v     0.235373    -0.724002    -1.047593
v     0.363345    -0.674792    -1.054495
v     0.477509    -0.597878    -1.052017
v     0.585346    -0.511229    -1.069353
v     0.675183    -0.403889    -1.084281
v     0.723027    -0.271438    -1.063367
v     0.746461    -0.135411    -1.043661
v     0.669518     0.000000    -1.162670
v     0.629454     0.133679    -1.113320
v     0.584879     0.260354    -1.108623
v     0.528711     0.385401    -1.136921
v     0.408665     0.452779    -1.054451
v     0.305187     0.527885    -1.055294
v     0.180482     0.552326    -1.003984
v     0.063081     0.599237    -1.043084
v    -0.061995     0.588365    -1.023834
v    -0.181034     0.556040    -1.011969
v    -0.287643     0.497357    -0.994141
v    -0.393781     0.438568    -1.023137
v    -0.455239     0.330173    -0.972360
v    -0.517956     0.230214    -0.979784
v    -0.576382     0.122623    -1.021839
v    -0.596478     0.000000    -1.032982
v    -0.600924    -0.127791    -1.064751
v    -0.577679    -0.257362    -1.096178
v    -0.527599    -0.383657    -1.130862
v    -0.441564    -0.490169    -1.142256
v    -0.336209    -0.582108    -1.164070
v    -0.208876    -0.642359    -1.169559
v    -0.068765    -0.651804    -1.133776
v     0.071356    -0.678820    -1.182180
v     0.210224    -0.646624    -1.177399
v     0.338619    -0.585784    -1.171092
v     0.454375    -0.504136    -1.174611
v     0.553904    -0.402558    -1.186353
v     0.623280    -0.277789    -1.183339
v     0.648542    -0.137796    -1.147785
v     0.546735     0.000000    -1.231093
v     0.509110     0.136445    -1.184151
v     0.438212     0.252488    -1.133427
v     0.355983     0.355785    -1.129897
v     0.248425     0.430183    -1.115591
v     0.126507     0.471807    -1.096825
v     0.000000     0.473770    -1.063191
v    -0.121137     0.450961    -1.047727
v    -0.236787     0.410453    -1.064793
v    -0.324751     0.324241    -1.029364
v    -0.397179     0.228807    -1.027058
v    -0.467196     0.125411    -1.088984
v    -0.478724     0.000000    -1.071630
v    -0.485369    -0.129943    -1.127325
v    -0.462279    -0.267341    -1.201574
v    -0.387934    -0.388326    -1.233880
v    -0.282927    -0.490787    -1.273491
v    -0.143808    -0.535803    -1.245205
v     0.000000    -0.562196    -1.262289
v     0.145443    -0.542101    -1.260000
v     0.283630    -0.491168    -1.273763
v     0.398162    -0.398057    -1.264270
v     0.485748    -0.280619    -1.260812
v     0.533731    -0.143147    -1.242618
v     0.398807     0.000000    -1.226241
v     0.357375     0.122240    -1.157251
v     0.291058     0.225738    -1.129789
v     0.204183     0.312621    -1.149411
v     0.088001     0.346776    -1.100175
v    -0.030202     0.365209    -1.128597
v    -0.142638     0.325258    -1.093200
v    -0.234003     0.253613    -1.060097
v    -0.309924     0.167537    -1.082967
v    -0.357436     0.059593    -1.113982
v    -0.366237    -0.060976    -1.139302
v    -0.346840    -0.187668    -1.213474
v    -0.275771    -0.299352    -1.251955
v    -0.170420    -0.388776    -1.306865
v    -0.036359    -0.440005    -1.360077
v     0.107736    -0.426358    -1.354574
v     0.234957    -0.359866    -1.323264
v     0.333233    -0.259453    -1.300205
v     0.378102    -0.129407    -1.225358
v     0.266209     0.000000    -1.254677
v     0.223770     0.129470    -1.219077
v     0.125785     0.218490    -1.188069
v     0.000000     0.244842    -1.152779
v    -0.117894     0.204092    -1.108528
v    -0.209413     0.121028    -1.139186
v    -0.244122     0.000000    -1.145436
v    -0.228825    -0.132289    -1.245297
v    -0.135697    -0.234999    -1.276553
v     0.000000    -0.281436    -1.324608
v     0.136483    -0.236046    -1.281675
v     0.230476    -0.132793    -1.248634
v     0.127720     0.000000    -1.214552
v     0.061351     0.106243    -1.167149
v    -0.060300     0.104417    -1.147045
v    -0.123402     0.000000    -1.172537
v    -0.064856    -0.112255    -1.232969
v     0.065968    -0.114239    -1.254977
v     0.000000     0.000000    -1.190702
f            1            2            3
f            1            3            4
f            1            4            5
f            1            5            6
f            1            6            7
f            1            7            2
f            2            8            9
f            2            9            3
f            3            9           10
f            3           10           11
f            3           11            4
f            4           11           12
f            4           12           13
f            4           13            5
f            5           13           14
f            5           14           15
f            5           15            6
f            6           15           16
f            6           16           17
f            6           17            7
f            7           17           18
f            7           18           19
f            7           19            2
f            2           19            8
f            8           20           21
f            8           21            9
f            9           21           22
f            9           22           23
f            9           23           10
f           10           23           24
f           10           24           11
f           11           24           25
f           11           25           26
f           11           26           12
f           12           26           27
f           12           27           13
f           13           27           28
f           13           28           29
f           13           29           14
f           14           29           30
f           14           30           31
f           14           31           15
f           15           31           32
f           15           32           16
f           16           32           33
f           16           33           34
f           16           34           17
f           17           34           35
f           17           35           18
f           18           35           36
f           18           36           37
f           18           37           19
f           19           37           38
f           19           38            8
f            8           38           20
f           20           39           40
f           20           40           21
f           21           40           41
f           21           41           22
f           22           41           42
f           22           42           23
f           23           42           43
f           23           43           44
f           23           44           24
f           24           44           45
f           24           45           25
f           25           45           46
f           25           46           26
f           26           46           47
f           26           47           27
f           27           47           48
f           27           48           49
f           27           49           28
f           28           49           50
f           28           50           29
f           29           50           51
f           29           51           30
f           30           51           52
f           30           52           31
f           31           52           53
f           31           53           54
f           31           54           32
f           32           54           55
f           32           55           33
f           33           55           56
f           33           56           34
f           34           56           57
f           34           57           35
f           35           57           58
f           35           58           59
f           35           59           36
f           36           59           60
f           36           60           37
f           37           60           61
f           37           61           38
f           38           61           62
f           38           62           20
f           20           62           39
f           39           63           64
f           39           64           40
f           40           64           65
f           40           65           41
f           41           65           66
f           41           66           42
f           42           66           67
f           42           67           43
f           43           67           68
f           43           68           69
f           43           69           44
f           44           69           70
f           44           70           45
f           45           70           71
f           45           71           46
f           46           71           72
f           46           72           47
f           47           72           73
f           47           73           74
f           47           74           48
f           48           74           75
f           48           75           49
f           49           75           76
f           49           76           50
f           50           76           77
f           50           77           51
f           51           77           78
f           51           78           79
f           51           79           52
f           52           79           80
f           52           80           53
f           53           80           81
f           53           81           54
f           54           81           82
f           54           82           55
f           55           82           83
f           55           83           84
f           55           84           56
f           56           84           85
f           56           85           57
f           57           85           86
f           57           86           58
f           58           86           87
f           58           87           59
f           59           87           88
f           59           88           89
f           59           89           60
f           60           89           90
f           60           90           61
f           61           90           91
f           61           91           62
f           62           91           92
f           62           92           39
f           39           92           63
f           63           93           94
f           63           94           64
f           64           94           95
f           64           95           65
f           65           95           96
f           65           96           66
f           66           96           97
f           66           97           67
f           67           97           98
f           67           98           68
f           68           98           99
f           68           99           69
f           69           99          100
f           69          100          101
f           69          101           70
f           70          101          102
f           70          102           71
f           71          102          103
f           71          103           72
f           72          103          104
f           72          104           73
f           73          104          105
f           73          105           74
f           74          105          106
f           74          106           75
f           75          106          107
f           75          107          108
f           75          108           76
f           76          108          109
f           76          109           77
f           77          109          110
f           77          110           78
f           78          110          111
f           78          111           79
f           79          111          112
f           79          112           80
f           80          112          113
f           80          113           81
f           81          113          114
f           81          114          115
f           81          115           82
f           82          115          116
f           82          116           83
f           83          116          117
f           83          117           84
f           84          117          118
f           84          118           85
f           85          118          119
f           85          119           86
f           86          119          120
f           86          120           87
f           87          120          121
f           87          121          122
f           87          122           88
f           88          122          123
f           88          123           89
f           89          123          124
f           89          124           90
f           90          124          125
f           90          125           91
f           91          125          126
f           91          126           92
f           92          126          127
f           92          127           63
f           63          127           93
f           93          128          129
f           93          129           94
f           94          129          130
f           94          130           95
f           95          130          131
f           95          131           96
f           96          131          132
f           96          132           97
f           97          132          133
f           97          133           98
f           98          133          134
f           98          134           99
f           99          134          135
f           99          135          100
f          100          135          136
f          100          136          137
f          100          137          101
f          101          137          138
f          101          138          102
f          102          138          139
f          102          139          103
f          103          139          140
f          103          140          104
f          104          140          141
f          104          141          105
f          105          141          142
f          105          142          106
f          106          142          143
f          106          143          107
f          107          143          144
f          107          144          145
f          107          145          108
f          108          145          146
f          108          146          109
f          109          146          147
f          109          147          110
f          110          147          148
f          110          148          111
f          111          148          149
f          111          149          112
f          112          149          150
f          112          150          113
f          113          150          151
f          113          151          114
f          114          151          152
f          114          152          153
f          114          153          115
f          115          153          154
f          115          154          116
f          116          154          155
f          116          155          117
f          117          155          156
f          117          156          118
f          118          156          157
f          118          157          119
f          119          157          158
f          119          158          120
f          120          158          159
f          120          159          121
f          121          159          160
f          121          160          161
f          121          161          122
f          122          161          162
f          122          162          123
f          123          162          163
f          123          163          124
f          124          163          164
f          124          164          125
f          125          164          165
f          125          165          126
f          126          165          166
f          126          166          127
f          127          166          167
f          127          167           93
f           93          167          128
f          128          168          169
f          128          169          129
f          129          169          170
f          129          170          130
f          130          170          171
f          130          171          131
f          131          171          172
f          131          172          132
f          132          172          173
f          132          173          133
f          133          173          174
f          133          174          134
f          134          174          175
f          134          175          135
f          135          175          176
f          135          176          136
f          136          176          177
f          136          177          178
f          136          178          137
f          137          178          179
f          137          179          138
f          138          179          180
f          138          180          139
f          139          180          181
f          139          181          140
f          140          181          182
f          140          182          141
f          141          182          183
f          141          183          142
f          142          183          184
f          142          184          143
f          143          184          185
f          143          185          144
f          144          185          186
f          144          186          187
f          144          187          145
f          145          187          188
f          145          188          146
f          146          188          189
f          146          189          147
f          147          189          190
f          147          190          148
f          148          190          191
f          148          191          149
f          149          191          192
f          149          192          150
f          150          192          193
f          150          193          151
f          151          193          194
f          151          194          195
f          151          195          152
f          152          195          196
f          152          196          153
f          153          196          197
f          153          197          154
f          154          197          198
f          154          198          155
f          155          198          199
f          155          199          156
f          156          199          200
f          156          200          157
f          157          200          201
f          157          201          158
f          158          201          202
f          158          202          159
f          159          202          203
f          159          203          160
f          160          203          204
f          160          204          205
f          160          205          161
f          161          205          206
f          161          206          162
f          162          206          207
f          162          207          163
f          163          207          208
f          163          208          164
f          164          208          209
f          164          209          165
f          165          209          210
f          165          210          166
f          166          210          211
f          166          211          167
f          167          211          212
f          167          212          168
f          167          168          128
f          168          213          214
f          168          214          169
f          169          214          215
f          169          215          170
f          170          215          216
f          170          216          171
f          171          216          217
f          171          217          172
f          172          217          218
f          172          218          173
f          173          218          219
f          173          219          174
f          174          219          220
f          174          220          175
f          175          220          221
f          175          221          176
f          176          221          222
f          176          222          177
f          177          222          223
f          177          223          178
f          178          223          224
f          178          224          179
f          179          224          225
f          179          225          226
f          179          226          180
f          180          226          227
f          180          227          181
f          181          227          228
f          181          228          182
f          182          228          229
f          182          229          183
f          183          229          230
f          183          230          184
f          184          230          231
f          184          231          185
f          185          231          232
f          185          232          186
f          186          232          233
f          186          233          187
f          187          233          234
f          187          234          188
f          188          234          235
f          188          235          189
f          189          235          236
f          189          236          190
f          190          236          237
f          190          237          238
f          190          238          191
f          191          238          239
f          191          239          192
f          192          239          240
f          192          240          193
f          193          240          241
f          193          241          194
f          194          241          242
f          194          242          195
f          195          242          243
f          195          243          196
f          196          243          244
f          196          244          197
f          197          244          245
f          197          245          198
f          198          245          246
f          198          246          199
f          199          246          247
f          199          247          200
f          200          247          248
f          200          248          201
f          201          248          249
f          201          249          250
f          201          250          202
f          202          250          251
f          202          251          203
f          203          251          252
f          203          252          204
f          204          252          253
f          204          253          205
f          205          253          254
f          205          254          206
f          206          254          255
f          206          255          207
f          207          255          256
f          207          256          208
f          208          256          257
f          208          257          209
f          209          257          258
f          209          258          210
f          210          258          259
f          210          259          211
f          211          259          260
f          211          260          212
f          212          260          261
f          212          261          168
f          168          261          213
f          213          262          263
f          213          263          214
f          214          263          264
f          214          264          215
f          215          264          265
f          215          265          216
f          216          265          266
f          216          266          217
f          217          266          267
f          217          267          218
f          218          267          268
f          218          268          219
f          219          268          269
f          219          269          220
f          220          269          270
f          220          270          221
f          221          270          271
f          221          271          222
f          222          271          272
f          222          272          223
f          223          272          273
f          223          273          224
f          224          273          274
f          224          274          225
f          225          274          275
f          225          275          226
f          226          275          276
f          226          276          227
f          227          276          277
f          227          277          228
f          228          277          278
f          228          278          229
f          229          278          279
f          229          279          280
f          229          280          230
f          230          280          281
f          230          281          231
f          231          281          282
f          231          282          232
f          232          282          283
f          232          283          233
f          233          283          284
f          233          284          234
f          234          284          285
f          234          285          235
f          235          285          286
f          235          286          236
f          236          286          287
f          236          287          237
f          237          287          288
f          237          288          238
f          238          288          289
f          238          289          239
f          239          289          290
f          239          290          240
f          240          290          291
f          240          291          241
f          241          291          292
f          241          292          242
f          242          292          293
f          242          293          243
f          243          293          294
f          243          294          244
f          244          294          295
f          244          295          245
f          245          295          296
f          245          296          297
f          245          297          246
f          246          297          298
f          246          298          247
f          247          298          299
f          247          299          248
f          248          299          300
f          248          300          249
f          249          300          301
f          249          301          250
f          250          301          302
f          250          302          251
f          251          302          303
f          251          303          252
f          252          303          304
f          252          304          253
f          253          304          305
f          253          305          254
f          254          305          306
f          254          306          255
f          255          306          307
f          255          307          256
f          256          307          308
f          256          308          257
f          257          308          309
f          257          309          258
f          258          309          310
f          258          310          259
f          259          310          311
f          259          311          260
f          260          311          312
f          260          312          261
f          261          312          313
f          261          313          213
f          213          313          262
f          262          314          315
f          262          315          263
f          263          315          316
f          263          316          264
f          264          316          317
f          264          317          265
f          265          317          318
f          265          318          266
f          266          318          319
f          266          319          267
f          267          319          320
f          267          320          268
f          268          320          321
f          268          321          269
f          269          321          322
f          269          322          270
f          270          322          323
f          270          323          271
f          271          323          324
f          271          324          272
f          272          324          325
f          272          325          273
f          273          325          326
f          273          326          274
f          274          326          327
f          274          327          275
f          275          327          328
f          275          328          276
f          276          328          329
f          276          329          277
f          277          329          330
f          277          330          278
f          278          330          331
f          278          331          279
f          279          331          332
f          279          332          333
f          279          333          280
f          280          333          334
f          280          334          281
f          281          334          335
f          281          335          282
f          282          335          336
f          282          336          283
f          283          336          337
f          283          337          284
f          284          337          338
f          284          338          285
f          285          338          339
f          285          339          286
f          286          339          340
f          286          340          287
f          287          340          341
f          287          341          288
f          288          341          342
f          288          342          289
f          289          342          343
f          289          343          290
f          290          343          344
f          290          344          291
f          291          344          345
f          291          345          292
f          292          345          346
f          292          346          293
f          293          346          347
f          293          347          294
f          294          347          348
f          294          348          295
f          295          348          349
f          295          349          296
f          296          349          350
f          296          350          351
f          296          351          297
f          297          351          352
f          297          352          298
f          298          352          353
f          298          353          299
f          299          353          354
f          299          354          300
f          300          354          355
f          300          355          301
f          301          355          356
f          301          356          302
f          302          356          357
f          302          357          303
f          303          357          358
f          303          358          304
f          304          358          359
f          304          359          305
f          305          359          360
f          305          360          306
f          306          360          361
f          306          361          307
f          307          361          362
f          307          362          308
f          308          362          363
f          308          363          309
f          309          363          364
f          309          364          310
f          310          364          365
f          310          365          311
f          311          365          366
f          311          366          312
f          312          366          367
f          312          367          313
f          313          367          368
f          313          368          262
f          262          368          314
f          314          369          370
f          314          370          315
f          315          370          371
f          315          371          316
f          316          371          372
f          316          372          317
f          317          372          373
f          317          373          318
f          318          373          374
f          318          374          319
f          319          374          375
f          319          375          320
f          320          375          376
f          320          376          321
f          321          376          377
f          321          377          322
f          322          377          378
f          322          378          323
f          323          378          379
f          323          379          324
f          324          379          380
f          324          380          325
f          325          380          381
f          325          381          326
f          326          381          382
f          326          382          327
f          327          382          383
f          327          383          328
f          328          383          384
f          328          384          329
f          329          384          385
f          329          385          330
f          330          385          386
f          330          386          331
f          331          386          387
f          331          387          332
f          332          387          388
f          332          388          333
f          333          388          389
f          333          389          334
f          334          389          390
f          334          390          335
f          335          390          391
f          335          391          336
f          336          391          392
f          336          392          337
f          337          392          393
f          337          393          338
f          338          393          394
f          338          394          339
f          339          394          395
f          339          395          340
f          340          395          396
f          340          396          341
f          341          396          397
f          341          397          398
f          341          398          342
f          342          398          399
f          342          399          343
f          343          399          400
f          343          400          344
f          344          400          401
f          344          401          345
f          345          401          402
f          345          402          346
f          346          402          403
f          346          403          347
f          347          403          404
f          347          404          348
f          348          404          405
f          348          405          349
f          349          405          406
f          349          406          350
f          350          406          407
f          350          407          351
f          351          407          408
f          351          408          352
f          352          408          409
f          352          409          353
f          353          409          410
f          353          410          354
f          354          410          411
f          354          411          355
f          355          411          412
f          355          412          356
f          356          412          413
f          356          413          357
f          357          413          414
f          357          414          358
f          358          414          415
f          358          415          359
f          359          415          416
f          359          416          360
f          360          416          417
f          360          417          361
f          361          417          418
f          361          418          362
f          362          418          419
f          362          419          363
f          363          419          420
f          363          420          364
f          364          420          421
f          364          421          365
f          365          421          422
f          365          422          366
f          366          422          423
f          366          423          367
f          367          423          424
f          367          424          368
f          368          424          425
f          368          425          314
f          314          425          369
f          369          426          427
f          369          427          370
f          370          427          428
f          370          428          371
f          371          428          429
f          371          429          372
f          372          429          430
f          372          430          373
f          373          430          431
f          373          431          374
f          374          431          432
f          374          432          375
f          375          432          433
f          375          433          376
f          376          433          434
f          376          434          377
f          377          434          435
f          377          435          378
f          378          435          436
f          378          436          379
f          379          436          437
f          379          437          380
f          380          437          438
f          380          438          381
f          381          438          439
f          381          439          382
f          382          439          440
f          382          440          383
f          383          440          441
f          383          441          384
f          384          441          442
f          384          442          385
f          385          442          443
f          385          443          386
f          386          443          444
f          386          444          387
f          387          444          445
f          387          445          388
f          388          445          446
f          388          446          389
f          389          446          447
f          389          447          390
f          390          447          448
f          390          448          391
f          391          448          449
f          391          449          392
f          392          449          450
f          392          450          393
f          393          450          451
f          393          451          394
f          394          451          452
f          394          452          395
f          395          452          453
f          395          453          396
f          396          453          454
f          396          454          397
f          397          454          455
f          397          455          456
f          397          456          398
f          398          456          457
f          398          457          399
f          399          457          458
f          399          458          400
f          400          458          459
f          400          459          401
f          401          459          460
f          401          460          402
f          402          460          461
f          402          461          403
f          403          461          462
f          403          462          404
f          404          462          463
f          404          463          405
f          405          463          464
f          405          464          406
f          406          464          465
f          406          465          407
f          407          465          466
f          407          466          408
f          408          466          467
f          408          467          409
f          409          467          468
f          409          468          410
f          410          468          469
f          410          469          411
f          411          469          470
f          411          470          412
f          412          470          471
f          412          471          413
f          413          471          472
f          413          472          414
f          414          472          473
f          414          473          415
f          415          473          474
f          415          474          416
f          416          474          475
f          416          475          417
f          417          475          476
f          417          476          418
f          418          476          477
f          418          477          419
f          419          477          478
f          419          478          420
f          420          478          479
f          420          479          421
f          421          479          480
f          421          480          422
f          422          480          481
f          422          481          423
f          423          481          482
f          423          482          424
f          424          482          483
f          424          483          425
f          425          483          484
f          425          484          369
f          369          484          426
f          426          485          486
f          426          486          427
f          427          486          487
f          427          487          428
f          428          487          488
f          428          488          429
f          429          488          489
f          429          489          430
f          430          489          490
f          430          490          431
f          431          490          491
f          431          491          432
f          432          491          492
f          432          492          433
f          433          492          493
f          433          493          434
f          434          493          494
f          434          494          435
f          435          494          495
f          435          495          436
f          436          495          496
f          436          496          437
f          437          496          497
f          437          497          438
f          438          497          498
f          438          498          439
f          439          498          499
f          439          499          440
f          440          499          500
f          440          500          441
f          441          500          501
f          441          501          442
f          442          501          502
f          442          502          443
f          443          502          503
f          443          503          444
f          444          503          504
f          444          504          445
f          445          504          505
f          445          505          446
f          446          505          506
f          446          506          447
f          447          506          507
f          447          507          448
f          448          507          508
f          448          508          449
f          449          508          509
f          449          509          450
f          450          509          510
f          450          510          451
f          451          510          511
f          451          511          452
f          452          511          512
f          452          512          453
f          453          512          513
f          453          513          454
f          454          513          514
f          454          514          455
f          455          514          515
f          455          515          456
f          456          515          516
f          456          516          457
f          457          516          517
f          457          517          458
f          458          517          518
f          458          518          459
f          459          518          519
f          459          519          460
f          460          519          520
f          460          520          461
f          461          520          521
f          461          521          462
f          462          521          522
f          462          522          463
f          463          522          523
f          463          523          464
f          464          523          524
f          464          524          465
f          465          524          525
f          465          525          466
f          466          525          526
f          466          526          467
f          467          526          527
f          467          527          468
f          468          527          528
f          468          528          469
f          469          528          529
f          469          529          470
f          470          529          530
f          470          530          471
f          471          530          531
f          471          531          472
f          472          531          532
f          472          532          473
f          473          532          533
f          473          533          474
f          474          533          534
f          474          534          475
f          475          534          535
f          475          535          476
f          476          535          536
f          476          536          477
f          477          536          537
f          477          537          478
f          478          537          538
f          478          538          479
f          479          538          539
f          479          539          480
f          480          539          540
f          480          540          481
f          481          540          541
f          481          541          482
f          482          541          542
f          482          542          483
f          483          542          543
f          483          543          484
f          484          543          544
f          484          544          426
f          426          544          485
f          485          545          486
f          486          545          546
f          486          546          487
f          487          546          547
f          487          547          488
f          488          547          548
f          488          548          489
f          489          548          549
f          489          549          490
f          490          549          550
f          490          550          491
f          491          550          551
f          491          551          492
f          492          551          552
f          492          552          493
f          493          552          553
f          493          553          494
f          494          553          554
f          494          554          495
f          495          554          555
f          495          555          496
f          496          555          556
f          496          556          497
f          497          556          557
f          497          557          498
f          498          557          558
f          498          558          499
f          499          558          559
f          499          559          500
f          500          559          560
f          500          560          501
f          501          560          561
f          501          561          502
f          502          561          562
f          502          562          503
f          503          562          563
f          503          563          504
f          504          563          564
f          504          564          505
f          505          564          565
f          505          565          506
f          506          565          566
f          506          566          507
f          507          566          567
f          507          567          508
f          508          567          568
f          508          568          509
f          509          568          569
f          509          569          510
f          510          569          570
f          510          570          511
f          511          570          571
f          511          571          512
f          512          571          572
f          512          572          513
f          513          572          573
f          513          573          514
f          514          573          574
f          514          574          515
f          515          574          575
f          515          575          516
f          516          575          576
f          516          576          517
f          517          576          577
f          517          577          518
f          518          577          578
f          518          578          519
f          519          578          579
f          519          579          520
f          520          579          580
f          520          580          521
f          521          580          581
f          521          581          522
f          522          581          582
f          522          582          523
f          523          582          583
f          523          583          524
f          524          583          584
f          524          584          525
f          525          584          585
f          525          585          526
f          526          585          586
f          526          586          527
f          527          586          587
f          527          587          528
f          528          587          588
f          528          588          529
f          529          588          589
f          529          589          530
f          530          589          590
f          530          590          531
f          531          590          591
f          531          591          532
f          532          591          592
f          532          592          533
f          533          592          593
f          533          593          534
f          534          593          594
f          534          594          535
f          535          594          595
f          535          595          536
f          536          595          596
f          536          596          537
f          537          596          597
f          537          597          538
f          538          597          598
f          538          598          539
f          539          598          599
f          539          599          540
f          540          599          600
f          540          600          541
f          541          600          601
f          541          601          542
f          542          601          602
f          542          602          543
f          543          602          603
f          543          603          544
f          544          603          604
f          544          604          485
f          485          604          545
f          545          605          546
f          546          605          606
f          546          606          547
f          547          606          607
f          547          607          548
f          548          607          608
f          548          608          549
f          549          608          609
f          549          609          550
f          550          609          610
f          550          610          551
f          551          610          611
f          551          611          552
f          552          611          612
f          552          612          553
f          553          612          613
f          553          613          554
f          554          613          614
f          554          614          555
f          555          614          615
f          555          615          556
f          556          615          616
f          556          616          557
f          557          616          617
f          557          617          558
f          558          617          618
f          558          618          559
f          559          618          619
f          559          619          560
f          560          619          620
f          560          620          561
f          561          620          621
f          561          621          562
f          562          621          622
f          562          622          563
f          563          622          623
f          563          623          564
f          564          623          624
f          564          624          565
f          565          624          625
f          565          625          566
f          566          625          626
f          566          626          567
f          567          626          627
f          567          627          568
f          568          627          628
f          568          628          569
f          569          628          629
f          569          629          570
f          570          629          630
f          570          630          571
f          571          630          631
f          571          631          572
f          572          631          632
f          572          632          573
f          573          632          633
f          573          633          574
f          574          633          634
f          574          634          575
f          575          634          635
f          575          635          576
f          576          635          636
f          576          636          577
f          577          636          637
f          577          637          578
f          578          637          638
f          578          638          579
f          579          638          639
f          579          639          580
f          580          639          640
f          580          640          581
f          581          640          641
f          581          641          582
f          582          641          642
f          582          642          583
f          583          642          643
f          583          643          584
f          584          643          644
f          584          644          585
f          585          644          645
f          585          645          586
f          586          645          646
f          586          646          587
f          587          646          647
f          587          647          588
f          588          647          648
f          588          648          589
f          589          648          649
f          589          649          590
f          590          649          650
f          590          650          591
f          591          650          651
f          591          651          592
f          592          651          652
f          592          652          593
f          593          652          653
f          593          653          594
f          594          653          654
f          594          654          595
f          595          654          655
f          595          655          596
f          596          655          656
f          596          656          597
f          597          656          657
f          597          657          598
f          598          657          658
f          598          658          599
f          599          658          659
f          599          659          600
f          600          659          660
f          600          660          601
f          601          660          661
f          601          661          602
f          602          661          662
f          602          662          603
f          603          662          663
f          603          663          604
f          604          663          664
f          604          664          545
f          545          664          605
f          605          665          606
f          606          665          666
f          606          666          607
f          607          666          667
f          607          667          608
f          608          667          668
f          608          668          609
f          609          668          669
f          609          669          610
f          610          669          670
f          610          670          611
f          611          670          671
f          611          671          612
f          612          671          672
f          612          672          613
f          613          672          673
f          613          673          614
f          614          673          674
f          614          674          615
f          615          674          675
f          615          675          616
f          616          675          676
f          616          676          617
f          617          676          677
f          617          677          618
f          618          677          678
f          618          678          619
f          619          678          679
f          619          679          620
f          620          679          680
f          620          680          621
f          621          680          681
f          621          681          622
f          622          681          682
f          622          682          623
f          623          682          683
f          623          683          624
f          624          683          684
f          624          684          625
f          625          684          685
f          625          685          626
f          626          685          686
f          626          686          627
f          627          686          687
f          627          687          628
f          628          687          688
f          628          688          629
f          629          688          689
f          629          689          630
f          630          689          690
f          630          690          631
f          631          690          691
f          631          691          632
f          632          691          692
f          632          692          633
f          633          692          693
f          633          693          634
f          634          693          694
f          634          694          635
f          635          694          695
f          635          695          636
f          636          695          696
f          636          696          637
f          637          696          697
f          637          697          638
f          638          697          698
f          638          698          639
f          639          698          699
f          639          699          640
f          640          699          700
f          640          700          641
f          641          700          701
f          641          701          642
f          642          701          702
f          642          702          643
f          643          702          703
f          643          703          644
f          644          703          704
f          644          704          645
f          645          704          705
f          645          705          646
f          646          705          706
f          646          706          647
f          647          706          707
f          647          707          648
f          648          707          708
f          648          708          649
f          649          708          709
f          649          709          650
f          650          709          710
f          650          710          651
f          651          710          711
f          651          711          652
f          652          711          712
f          652          712          653
f          653          712          713
f          653          713          654
f          654          713          714
f          654          714          655
f          655          714          715
f          655          715          656
f          656          715          716
f          656          716          657
f          657          716          717
f          657          717          658
f          658          717          718
f          658          718          659
f          659          718          719
f          659          719          660
f          660          719          720
f          660          720          661
f          661          720          721
f          661          721          662
f          662          721          722
f          662          722          663
f          663          722          723
f          663          723          664
f          664          723          605
f          605          723          665
f          665          724          666
f          666          724          725
f          666          725          667
f          667          725          726
f          667          726          668
f          668          726          727
f          668          727          669
f          669          727          728
f          669          728          670
f          670          728          729
f          670          729          671
f          671          729          730
f          671          730          672
f          672          730          731
f          672          731          673
f          673          731          732
f          673          732          674
f          674          732          733
f          674          733          675
f          675          733          734
f          675          734          676
f          676          734          735
f          676          735          677
f          677          735          736
f          677          736          678
f          678          736          737
f          678          737          679
f          679          737          738
f          679          738          680
f          680          738          739
f          680          739          681
f          681          739          740
f          681          740          682
f          682          740          741
f          682          741          683
f          683          741          742
f          683          742          684
f          684          742          743
f          684          743          685
f          685          743          744
f          685          744          686
f          686          744          745
f          686          745          687
f          687          745          746
f          687          746          688
f          688          746          747
f          688          747          689
f          689          747          748
f          689          748          690
f          690          748          749
f          690          749          691
f          691          749          750
f          691          750          692
f          692          750          751
f          692          751          693
f          693          751          752
f          693          752          694
f          694          752          695
f          695          752          753
f          695          753          696
f          696          753          754
f          696          754          697
f          697          754          755
f          697          755          698
f          698          755          756
f          698          756          699
f          699          756          757
f          699          757          700
f          700          757          758
f          700          758          701
f          701          758          759
f          701          759          702
f          702          759          760
f          702          760          703
f          703          760          761
f          703          761          704
f          704          761          762
f          704          762          705
f          705          762          763
f          705          763          706
f          706          763          764
f          706          764          707
f          707          764          765
f          707          765          708
f          708          765          766
f          708          766          709
f          709          766          767
f          709          767          710
f          710          767          768
f          710          768          711
f          711          768          769
f          711          769          712
f          712          769          770
f          712          770          713
f          713          770          771
f          713          771          714
f          714          771          772
f          714          772          715
f          715          772          773
f          715          773          716
f          716          773          774
f          716          774          717
f          717          774          775
f          717          775          718
f          718          775          776
f          718          776          719
f          719          776          777
f          719          777          720
f          720          777          778
f          720          778          721
f          721          778          779
f          721          779          722
f          722          779          780
f          722          780          723
f          723          780          665
f          665          780          724
f          724          781          725
f          725          781          782
f          725          782          726
f          726          782          783
f          726          783          727
f          727          783          784
f          727          784          728
f          728          784          785
f          728          785          729
f          729          785          786
f          729          786          730
f          730          786          787
f          730          787          731
f          731          787          788
f          731          788          732
f          732          788          789
f          732          789          733
f          733          789          790
f          733          790          734
f          734          790          791
f          734          791          735
f          735          791          792
f          735          792          736
f          736          792          793
f          736          793          737
f          737          793          794
f          737          794          738
f          738          794          795
f          738          795          739
f          739          795          796
f          739          796          740
f          740          796          797
f          740          797          741
f          741          797          798
f          741          798          742
f          742          798          799
f          742          799          743
f          743          799          800
f          743          800          744
f          744          800          801
f          744          801          745
f          745          801          802
f          745          802          746
f          746          802          803
f          746          803          747
f          747          803          804
f          747          804          748
f          748          804          805
f          748          805          749
f          749          805          806
f          749          806          750
f          750          806          807
f          750          807          751
f          751          807          808
f          751          808          752
f          752          808          753
f          753          808          809
f          753          809          754
f          754          809          810
f          754          810          755
f          755          810          811
f          755          811          756
f          756          811          812
f          756          812          757
f          757          812          813
f          757          813          758
f          758          813          814
f          758          814          759
f          759          814          815
f          759          815          760
f          760          815          816
f          760          816          761
f          761          816          817
f          761          817          762
f          762          817          818
f          762          818          763
f          763          818          819
f          763          819          764
f          764          819          820
f          764          820          765
f          765          820          821
f          765          821          766
f          766          821          822
f          766          822          767
f          767          822          823
f          767          823          768
f          768          823          824
f          768          824          769
f          769          824          825
f          769          825          770
f          770          825          826
f          770          826          771
f          771          826          827
f          771          827          772
f          772          827          828
f          772          828          773
f          773          828          829
f          773          829          774
f          774          829          830
f          774          830          775
f          775          830          831
f          775          831          776
f          776          831          832
f          776          832          777
f          777          832          833
f          777          833          778
f          778          833          834
f          778          834          779
f          779          834          835
f          779          835          780
f          780          835          724
f          724          835          781
f          781          836          782
f          782          836          837
f          782          837          783
f          783          837          838
f          783          838          784
f          784          838          839
f          784          839          785
f          785          839          840
f          785          840          786
f          786          840          841
f          786          841          787
f          787          841          842
f          787          842          788
f          788          842          843
f          788          843          789
f          789          843          844
f          789          844          790
f          790          844          845
f          790          845          791
f          791          845          846
f          791          846          792
f          792          846          847
f          792          847          793
f          793          847          848
f          793          848          794
f          794          848          849
f          794          849          795
f          795          849          850
f          795          850          796
f          796          850          851
f          796          851          797
f          797          851          852
f          797          852          798
f          798          852          853
f          798          853          799
f          799          853          800
f          800          853          854
f          800          854          801
f          801          854          855
f          801          855          802
f          802          855          856
f          802          856          803
f          803          856          857
f          803          857          804
f          804          857          858
f          804          858          805
f          805          858          859
f          805          859          806
f          806          859          860
f          806          860          807
f          807          860          861
f          807          861          808
f          808          861          862
f          808          862          809
f          809          862          863
f          809          863          810
f          810          863          864
f          810          864          811
f          811          864          865
f          811          865          812
f          812          865          866
f          812          866          813
f          813          866          867
f          813          867          814
f          814          867          868
f          814          868          815
f          815          868          869
f          815          869          816
f          816          869          870
f          816          870          817
f          817          870          818
f          818          870          871
f          818          871          819
f          819          871          872
f          819          872          820
f          820          872          873
f          820          873          821
f          821          873          874
f          821          874          822
f          822          874          875
f          822          875          823
f          823          875          876
f          823          876          824
f          824          876          877
f          824          877          825
f          825          877          878
f          825          878          826
f          826          878          879
f          826          879          827
f          827          879          880
f          827          880          828
f          828          880          881
f          828          881          829
f          829          881          882
f          829          882          830
f          830          882          883
f          830          883          831
f          831          883          884
f          831          884          832
f          832          884          885
f          832          885          833
f          833          885          886
f          833          886          834
f          834          886          887
f          834          887          835
f          835          887          781
f          781          887          836
f          836          888          837
f          837          888          889
f          837          889          838
f          838          889          890
f          838          890          839
f          839          890          891
f          839          891          840
f          840          891          892
f          840          892          841
f          841          892          893
f          841          893          842
f          842          893          894
f          842          894          843
f          843          894          895
f          843          895          844
f          844          895          896
f          844          896          845
f          845          896          897
f          845          897          846
f          846          897          898
f          846          898          847
f          847          898          899
f          847          899          848
f          848          899          900
f          848          900          849
f          849          900          901
f          849          901          850
f          850          901          902
f          850          902          851
f          851          902          903
f          851          903          852
f          852          903          904
f          852          904          853
f          853          904          854
f          854          904          905
f          854          905          855
f          855          905          906
f          855          906          856
f          856          906          907
f          856          907          857
f          857          907          908
f          857          908          858
f          858          908          909
f          858          909          859
f          859          909          910
f          859          910          860
f          860          910          911
f          860          911          861
f          861          911          912
f          861          912          862
f          862          912          913
f          862          913          863
f          863          913          914
f          863          914          864
f          864          914          915
f          864          915          865
f          865          915          916
f          865          916          866
f          866          916          917
f          866          917          867
f          867          917          918
f          867          918          868
f          868          918          919
f          868          919          869
f          869          919          920
f          869          920          870
f          870          920          871
f          871          920          921
f          871          921          872
f          872          921          922
f          872          922          873
f          873          922          923
f          873          923          874
f          874          923          924
f          874          924          875
f          875          924          925
f          875          925          876
f          876          925          926
f          876          926          877
f          877          926          927
f          877          927          878
f          878          927          928
f          878          928          879
f          879          928          929
f          879          929          880
f          880          929          930
f          880          930          881
f          881          930          931
f          881          931          882
f          882          931          932
f          882          932          883
f          883          932          933
f          883          933          884
f          884          933          934
f          884          934          885
f          885          934          935
f          885          935          886
f          886          935          936
f          886          936          887
f          887          936          836
f          836          936          888
f          888          937          889
f          889          937          938
f          889          938          890
f          890          938          939
f          890          939          891
f          891          939          940
f          891          940          892
f          892          940          941
f          892          941          893
f          893          941          942
f          893          942          894
f          894          942          943
f          894          943          895
f          895          943          944
f          895          944          896
f          896          944          945
f          896          945          897
f          897          945          946
f          897          946          898
f          898          946          947
f          898          947          899
f          899          947          948
f          899          948          900
f          900          948          901
f          901          948          949
f          901          949          902
f          902          949          950
f          902          950          903
f          903          950          951
f          903          951          904
f          904          951          952
f          904          952          905
f          905          952          953
f          905          953          906
f          906          953          954
f          906          954          907
f          907          954          955
f          907          955          908
f          908          955          956
f          908          956          909
f          909          956          957
f          909          957          910
f          910          957          958
f          910          958          911
f          911          958          959
f          911          959          912
f          912          959          913
f          913          959          960
f          913          960          914
f          914          960          961
f          914          961          915
f          915          961          962
f          915          962          916
f          916          962          963
f          916          963          917
f          917          963          964
f          917          964          918
f          918          964          965
f          918          965          919
f          919          965          966
f          919          966          920
f          920          966          967
f          920          967          921
f          921          967          968
f          921          968          922
f          922          968          969
f          922          969          923
f          923          969          970
f          923          970          924
f          924          970          925
f          925          970          971
f          925          971          926
f          926          971          972
f          926          972          927
f          927          972          973
f          927          973          928
f          928          973          974
f          928          974          929
f          929          974          975
f          929          975          930
f          930          975          976
f          930          976          931
f          931          976          977
f          931          977          932
f          932          977          978
f          932          978          933
f          933          978          979
f          933          979          934
f          934          979          980
f          934          980          935
f          935          980          981
f          935          981          936
f          936          981          937
f          936          937          888
f          937          982          938
f          938          982          983
f          938          983          939
f          939          983          984
f          939          984          940
f          940          984          985
f          940          985          941
f          941          985          986
f          941          986          942
f          942          986          987
f          942          987          943
f          943          987          988
f          943          988          944
f          944          988          989
f          944          989          945
f          945          989          946
f          946          989          990
f          946          990          947
f          947          990          991
f          947          991          948
f          948          991          992
f          948          992          949
f          949          992          993
f          949          993          950
f          950          993          994
f          950          994          951
f          951          994          995
f          951          995          952
f          952          995          996
f          952          996          953
f          953          996          997
f          953          997          954
f          954          997          955
f          955          997          998
f          955          998          956
f          956          998          999
f          956          999          957
f          957          999         1000
f          957         1000          958
f          958         1000         1001
f          958         1001          959
f          959         1001         1002
f          959         1002          960
f          960         1002         1003
f          960         1003          961
f          961         1003         1004
f          961         1004          962
f          962         1004         1005
f          962         1005          963
f          963         1005          964
f          964         1005         1006
f          964         1006          965
f          965         1006         1007
f          965         1007          966
f          966         1007         1008
f          966         1008          967
f          967         1008         1009
f          967         1009          968
f          968         1009         1010
f          968         1010          969
f          969         1010         1011
f          969         1011          970
f          970         1011         1012
f          970         1012          971
f          971         1012         1013
f          971         1013          972
f          972         1013          973
f          973         1013         1014
f          973         1014          974
f          974         1014         1015
f          974         1015          975
f          975         1015         1016
f          975         1016          976
f          976         1016         1017
f          976         1017          977
f          977         1017         1018
f          977         1018          978
f          978         1018         1019
f          978         1019          979
f          979         1019         1020
f          979         1020          980
f          980         1020         1021
f          980         1021          981
f          981         1021          937
f          937         1021          982
f          982         1022          983
f          983         1022         1023
f          983         1023          984
f          984         1023         1024
f          984         1024          985
f          985         1024         1025
f          985         1025          986
f          986         1025         1026
f          986         1026          987
f          987         1026         1027
f          987         1027          988
f          988         1027         1028
f          988         1028          989
f          989         1028          990
f          990         1028         1029
f          990         1029          991
f          991         1029         1030
f          991         1030          992
f          992         1030         1031
f          992         1031          993
f          993         1031         1032
f          993         1032          994
f          994         1032         1033
f          994         1033          995
f          995         1033         1034
f          995         1034          996
f          996         1034         1035
f          996         1035          997
f          997         1035          998
f          998         1035         1036
f          998         1036          999
f          999         1036         1037
f          999         1037         1000
f         1000         1037         1038
f         1000         1038         1001
f         1001         1038         1039
f         1001         1039         1002
f         1002         1039         1040
f         1002         1040         1003
f         1003         1040         1041
f         1003         1041         1004
f         1004         1041         1042
f         1004         1042         1005
f         1005         1042         1006
f         1006         1042         1043
f         1006         1043         1007
f         1007         1043         1044
f         1007         1044         1008
f         1008         1044         1045
f         1008         1045         1009
f         1009         1045         1046
f         1009         1046         1010
f         1010         1046         1047
f         1010         1047         1011
f         1011         1047         1048
f         1011         1048         1012
f         1012         1048         1049
f         1012         1049         1013
f         1013         1049         1014
f         1014         1049         1050
f         1014         1050         1015
f         1015         1050         1051
f         1015         1051         1016
f         1016         1051         1052
f         1016         1052         1017
f         1017         1052         1053
f         1017         1053         1018
f         1018         1053         1054
f         1018         1054         1019
f         1019         1054         1055
f         1019         1055         1020
f         1020         1055         1056
f         1020         1056         1021
f         1021         1056          982
f          982         1056         1022
f         1022         1057         1023
f         1023         1057         1058
f         1023         1058         1024
f         1024         1058         1059
f         1024         1059         1025
f         1025         1059         1060
f         1025         1060         1026
f         1026         1060         1061
f         1026         1061         1027
f         1027         1061         1062
f         1027         1062         1028
f         1028         1062         1029
f         1029         1062         1063
f         1029         1063         1030
f         1030         1063         1064
f         1030         1064         1031
f         1031         1064         1065
f         1031         1065         1032
f         1032         1065         1066
f         1032         1066         1033
f         1033         1066         1067
f         1033         1067         1034
f         1034         1067         1068
f         1034         1068         1035
f         1035         1068         1036
f         1036         1068         1069
f         1036         1069         1037
f         1037         1069         1070
f         1037         1070         1038
f         1038         1070         1071
f         1038         1071         1039
f         1039         1071         1072
f         1039         1072         1040
f         1040         1072         1073
f         1040         1073         1041
f         1041         1073         1074
f         1041         1074         1042
f         1042         1074         1043
f         1043         1074         1075
f         1043         1075         1044
f         1044         1075         1076
f         1044         1076         1045
f         1045         1076         1077
f         1045         1077         1046
f         1046         1077         1078
f         1046         1078         1047
f         1047         1078         1079
f         1047         1079         1048
f         1048         1079         1080
f         1048         1080         1049
f         1049         1080         1050
f         1050         1080         1081
f         1050         1081         1051
f         1051         1081         1082
f         1051         1082         1052
f         1052         1082         1083
f         1052         1083         1053
f         1053         1083         1084
f         1053         1084         1054
f         1054         1084         1085
f         1054         1085         1055
f         1055         1085         1086
f         1055         1086         1056
f         1056         1086         1022
f         1022         1086         1057
f         1057         1087         1058
f         1058         1087         1088
f         1058         1088         1059
f         1059         1088         1089
f         1059         1089         1060
f         1060         1089         1090
f         1060         1090         1061
f         1061         1090         1062
f         1062         1090         1091
f         1062         1091         1063
f         1063         1091         1092
f         1063         1092         1064
f         1064         1092         1093
f         1064         1093         1065
f         1065         1093         1094
f         1065         1094         1066
f         1066         1094         1067
f         1067         1094         1095
f         1067         1095         1068
f         1068         1095         1096
f         1068         1096         1069
f         1069         1096         1097
f         1069         1097         1070
f         1070         1097         1098
f         1070         1098         1071
f         1071         1098         1072
f         1072         1098         1099
f         1072         1099         1073
f         1073         1099         1100
f         1073         1100         1074
f         1074         1100         1101
f         1074         1101         1075
f         1075         1101         1102
f         1075         1102         1076
f         1076         1102         1077
f         1077         1102         1103
f         1077         1103         1078
f         1078         1103         1104
f         1078         1104         1079
f         1079         1104         1105
f         1079         1105         1080
f         1080         1105         1106
f         1080         1106         1081
f         1081         1106         1082
f         1082         1106         1107
f         1082         1107         1083
f         1083         1107         1108
f         1083         1108         1084
f         1084         1108         1109
f         1084         1109         1085
f         1085         1109         1110
f         1085         1110         1086
f         1086         1110         1057
f         1057         1110         1087
f         1087         1111         1088
f         1088         1111         1112
f         1088         1112         1089
f         1089         1112         1113
f         1089         1113         1090
f         1090         1113         1114
f         1090         1114         1091
f         1091         1114         1092
f         1092         1114         1115
f         1092         1115         1093
f         1093         1115         1116
f         1093         1116         1094
f         1094         1116         1117
f         1094         1117         1095
f         1095         1117         1118
f         1095         1118         1096
f         1096         1118         1097
f         1097         1118         1119
f         1097         1119         1098
f         1098         1119         1120
f         1098         1120         1099
f         1099         1120         1121
f         1099         1121         1100
f         1100         1121         1122
f         1100         1122         1101
f         1101         1122         1102
f         1102         1122         1123
f         1102         1123         1103
f         1103         1123         1124
f         1103         1124         1104
f         1104         1124         1125
f         1104         1125         1105
f         1105         1125         1126
f         1105         1126         1106
f         1106         1126         1107
f         1107         1126         1127
f         1107         1127         1108
f         1108         1127         1128
f         1108         1128         1109
f         1109         1128         1129
f         1109         1129         1110
f         1110         1129         1087
f         1087         1129         1111
f         1111         1130         1112
f         1112         1130         1131
f         1112         1131         1113
f         1113         1131         1114
f         1114         1131         1132
f         1114         1132         1115
f         1115         1132         1133
f         1115         1133         1116
f         1116         1133         1117
f         1117         1133         1134
f         1117         1134         1118
f         1118         1134         1135
f         1118         1135         1119
f         1119         1135         1120
f         1120         1135         1136
f         1120         1136         1121
f         1121         1136         1122
f         1122         1136         1137
f         1122         1137         1123
f         1123         1137         1138
f         1123         1138         1124
f         1124         1138         1125
f         1125         1138         1139
f         1125         1139         1126
f         1126         1139         1140
f         1126         1140         1127
f         1127         1140         1128
f         1128         1140         1141
f         1128         1141         1129
f         1129         1141         1111
f         1111         1141         1130
f         1130         1142         1131
f         1131         1142         1132
f         1132         1142         1143
f         1132         1143         1133
f         1133         1143         1134
f         1134         1143         1144
f         1134         1144         1135
f         1135         1144         1136
f         1136         1144         1145
f         1136         1145         1137
f         1137         1145         1138
f         1138         1145         1146
f         1138         1146         1139
f         1139         1146         1140
f         1140         1146         1147
f         1140         1147         1141
f         1141         1147         1130
f         1130         1147         1142
f         1142         1148         1143
f         1143         1148         1144
f         1144         1148         1145
f         1145         1148         1146
f         1146         1148         1147
f         1147         1148         1142
