1766 3528
   -3.311404     9.253699    59.116613
   15.440076    14.046429    57.565613
   -4.454814    21.956999    54.725693
  -17.749264     8.278479    55.457493
    0.311426    -8.893911    59.893153
   32.917516     9.751469    50.685793
   18.925036    31.933829    50.258883
   -7.912954    38.255409    51.107603
  -25.191864    28.592479    51.106623
  -32.994704     3.646319    50.807303
  -20.321384   -22.214061    53.734713
   -3.202054   -35.161701    56.110903
   19.315456   -15.847371    52.073923
   45.458446   -17.286251    42.462223
   41.360606    19.535589    43.546743
   22.995466    45.232759    45.514403
    2.419026    56.949089    47.558143
  -24.167924    47.729119    46.725233
  -39.319204    30.020119    45.996863
  -49.305494    -0.275441    44.882373
  -42.551314   -24.764101    47.226613
  -25.233434   -44.634361    50.485803
    1.143166   -54.280731    54.489743
   23.262446   -40.475601    50.932753
   37.113266   -29.216141    45.039343
   65.315806   -12.363501    36.611993
   52.907616     0.299309    37.326183
   44.398246    34.821309    34.898953
   25.713746    56.952349    41.472943
    6.287926    68.988969    39.347393
  -20.377884    60.755639    38.264493
  -42.495024    47.735869    37.547313
  -55.752514    23.849539    37.336003
  -61.754774     3.114849    35.613153
  -58.074154   -21.221711    39.719463
  -45.493834   -43.328231    39.892923
  -26.457594   -58.580361    43.276513
   -1.917024   -64.275951    43.361993
   26.506906   -56.639691    44.748363
   45.259476   -43.970041    40.272873
   59.370756   -28.824561    36.958813
   75.268906     3.996589    25.125663
   69.211336    15.660899    26.881333
   56.579586    31.743519    25.212193
   41.753846    51.218489    28.860653
   22.052336    68.299039    32.745893
    8.508526    82.057639    28.872783
  -19.678064    73.504919    28.576533
  -45.271804    60.688669    27.697613
  -57.169444    42.535409    27.695883
  -64.956064    18.791279    27.780133
  -69.654824     2.862849    20.950123
  -66.839804   -17.921231    24.166843
  -58.180474   -38.014231    25.080853
  -44.225434   -56.268971    27.279473
  -23.547074   -66.897671    28.597063
   -3.237424   -69.989901    26.583443
   21.156806   -64.517791    29.942953
   44.114266   -54.615871    29.176743
   59.606646   -38.554191    25.883903
   70.320736   -20.803181    27.488283
   80.549116     3.519639    13.037303
   75.478166    15.905399    13.971993
   64.846796    29.641209    13.195763
   52.398836    43.388089    20.639433
   34.903966    57.928339    20.749713
   18.150556    77.591239    20.374963
    5.740576    89.559729    13.729443
  -17.277934    81.184589    15.201963
  -42.530084    69.830149    13.368173
  -57.401394    55.076459    15.368353
  -65.263764    35.357609    12.500783
  -70.394084    17.493989    13.309383
  -72.747004     1.410239    10.267793
  -71.687964   -16.736511     9.513553
  -67.038584   -35.241251    10.492053
  -56.628384   -52.046141    11.575283
  -42.232634   -65.863171    14.433443
  -22.706014   -73.127021    12.974373
   -1.662964   -73.650301     9.599993
   22.568226   -69.247721    14.793623
   38.474886   -63.125771    16.494693
   56.899496   -50.563291    15.745553
   68.484706   -34.845821    14.131713
   75.758706   -16.231831    11.597893
   82.824116     0.750899     0.111253
   80.932046    12.108169     3.681653
   71.571076    25.730539     0.808473
   60.654856    37.556929     7.444083
   46.536266    49.302789    12.229413
   29.970506    64.834539    11.796743
   15.938456    83.304619     1.889533
    5.514086    90.352119     1.755533
  -12.784224    86.046319    -0.009097
  -34.870084    75.893369     0.675863
  -51.776564    62.343589    -0.308887
  -61.967374    45.966279    -1.689847
  -67.991204    29.027199     0.995403
  -71.598524    13.000259    -0.360607
  -73.335204    -1.693131    -3.110287
  -73.097744   -17.013311    -6.034297
  -71.419404   -34.129631    -4.823877
  -65.353074   -49.089411    -3.013697
  -53.225974   -61.610971     0.472213
  -35.704874   -72.574381     0.247583
  -19.512884   -76.970691    -1.028917
    1.555286   -75.703371    -3.911277
   17.838146   -74.132431    -4.279537
   37.283026   -69.338411    -1.129767
   51.367556   -60.055521    -0.406267
   63.647066   -44.015051     6.186243
   72.272786   -27.491311     0.698893
   78.966816   -12.432811     2.562363
   82.815386     0.987439    -9.582497
   80.567876    16.133189   -16.247127
   69.885356    31.299329   -12.873837
   54.032646    43.271629    -6.104667
   36.294456    58.046769    -7.612297
   19.539226    75.859479   -13.140627
    5.157706    86.131179   -13.688537
  -19.580694    80.320269   -14.993877
  -41.993494    69.048079   -15.561117
  -55.622214    53.284689   -12.827107
  -64.423494    32.394309   -15.126107
  -69.713854    13.699489   -18.974317
  -73.079014    -2.393621   -14.736917
  -72.296984   -17.637671   -17.319407
  -69.056514   -39.971011   -16.230757
  -60.562794   -57.205441   -14.703977
  -43.072884   -70.466391   -15.938097
  -25.840254   -77.824241   -13.314727
   -1.538244   -76.886691   -14.488217
   22.043756   -74.880341   -18.280137
   42.652036   -68.575921   -13.979037
   58.282456   -54.004101    -8.732767
   68.991836   -35.429401   -10.816397
   76.391306   -16.321801   -13.666547
   79.250306     3.331939   -24.154867
   76.711196    22.086279   -28.902817
   61.069436    35.321769   -26.126607
   41.728116    49.630409   -22.145967
   21.080066    66.382189   -24.200817
    2.781766    79.205899   -27.627047
  -24.338474    73.589869   -29.016427
  -45.257894    60.925769   -26.572887
  -58.677424    40.905889   -25.662467
  -67.102694    18.895379   -26.236797
  -71.600784     1.124109   -26.574617
  -70.174224   -20.137411   -27.562407
  -63.792864   -46.115461   -27.858297
  -47.121164   -63.461811   -28.336167
  -27.342214   -72.631961   -25.472977
   -8.582654   -73.954081   -25.866757
   28.155406   -71.299171   -29.951987
   47.413086   -61.748431   -30.607007
   59.901186   -41.631801   -26.560047
   70.555026   -19.828331   -25.925417
   68.870886     3.033189   -35.554327
   62.743326    22.871269   -39.857717
   44.627306    37.427119   -39.054037
   21.284576    52.952689   -37.297367
   -1.450684    68.354649   -39.768087
  -27.332184    62.986309   -38.258447
  -45.980954    45.147709   -34.687807
  -59.363454    26.700009   -33.915657
  -66.125844    -0.349991   -34.477797
  -62.713464   -29.101651   -35.582067
  -50.013684   -53.999881   -34.307867
  -23.699634   -64.872181   -36.459307
    5.184546   -67.315241   -36.748117
   30.555186   -60.970351   -41.384457
   44.795266   -48.788161   -39.619807
   57.704156   -23.644341   -36.666937
   51.924146     0.050389   -44.934787
   44.142906    19.544109   -49.918047
   22.432526    37.211469   -51.102097
   -1.786394    52.969479   -49.759997
  -23.731984    43.429649   -49.095167
  -44.066874    23.502829   -44.738607
  -52.051294    -5.232141   -39.384037
  -45.280734   -31.515921   -38.361947
  -26.253414   -51.234631   -39.280467
    1.715256   -53.806331   -43.881987
   27.359166   -44.421391   -49.828347
   40.083316   -27.087481   -47.114127
   35.969286    -1.082861   -53.777837
   23.490566    19.178399   -57.226327
   -0.716124    35.804659   -56.638827
  -25.302084    23.327549   -51.566107
  -36.926024    -2.510481   -44.605747
  -26.314704   -30.775231   -42.967607
    4.053526   -35.972111   -48.663617
   24.550456   -22.440091   -53.935177
   20.390676    -0.550481   -57.196597
   -2.050114    17.863199   -55.805307
  -19.329174    -5.169471   -49.131057
   -1.270424   -20.132211   -50.693287
   -1.917064    -1.559861   -53.828797
    2.712156    15.342559    57.909833
   -9.482134    13.447119    56.743873
   -7.445044     3.244569    59.117393
    4.510056     5.252619    60.219643
   24.231276    22.531029    53.500123
   10.987016    24.356069    54.605633
    1.214296    30.834679    52.087153
  -14.327664    29.353239    52.468843
  -17.265264    20.502469    53.726743
  -26.219544    14.828019    52.476613
  -23.991874    -3.436651    53.401603
  -12.618084    -8.299851    57.163793
   -7.905944   -23.842301    57.388973
    5.534276   -21.037431    56.542233
   13.232556    -3.264571    57.424073
   24.177596     5.413749    53.891653
   40.258356     4.203149    46.015523
   32.982076    24.098249    48.550213
   29.161766    34.767389    46.066893
   10.609716    39.478769    49.065843
    5.200826    47.991599    49.088733
  -10.978714    48.271869    49.411653
  -21.071894    38.731259    50.194373
  -30.438714    37.320069    48.230113
  -32.887054    22.411659    49.719123
  -40.540374    11.199379    47.775273
  -42.053364    -8.127321    48.087603
  -32.337254   -15.783531    50.620273
  -30.142984   -32.296801    50.271373
  -17.014414   -36.092621    53.971973
   -9.588464   -46.362251    54.969023
    7.271506   -44.001841    55.264593
   12.767076   -31.425971    53.146933
   26.627846   -29.590701    48.782173
   30.064416   -11.620771    49.130093
   37.973956   -13.253171    46.198643
   53.963856   -14.561131    39.736593
   46.324046    -2.740891    41.663773
   47.107126    16.140689    38.421383
   38.208236    34.484179    40.938593
   32.358366    46.976659    40.735273
   17.925006    54.541019    46.058633
   12.552796    62.050149    44.236443
   -2.849164    63.026279    42.473033
  -13.704474    56.172639    44.853893
  -29.211984    53.100499    40.937723
  -35.762884    43.741989    43.710413
  -46.674974    34.982189    40.399373
  -48.567234    18.047739    43.046043
  -56.121404     8.714239    39.997653
  -57.027254    -6.384691    41.310683
  -51.239794   -16.419061    44.886383
  -50.268254   -30.567981    42.965003
  -39.069474   -38.826741    46.058783
  -33.458454   -50.199311    45.000103
  -17.350974   -54.075111    50.844313
   -9.220534   -60.413941    49.060043
    9.536506   -59.590631    49.666573
   18.598066   -51.241011    51.880063
   33.111056   -47.771351    46.333773
   35.908826   -39.270851    45.779543
   48.213576   -35.713891    40.827623
   47.369796   -27.739891    41.479233
   57.265426   -22.512911    39.160493
   71.357356     3.819659    31.015503
   63.039716    -0.737171    34.995943
   60.194146    15.219769    30.109193
   51.936386    21.156189    32.074483
   48.722196    39.847759    28.927063
   38.437476    48.710119    34.948693
   30.092326    59.317079    35.107503
   18.560346    65.578039    39.313393
   13.482596    74.398839    35.012393
   -0.230854    76.108969    33.292993
  -10.838374    68.458439    35.933883
  -29.567684    65.506899    31.604363
  -37.052074    57.086919    34.510063
  -49.403524    51.326849    31.282193
  -52.790334    38.845469    34.308973
  -60.057914    28.170519    31.617923
  -61.489794    15.142049    34.661453
  -65.791254     8.623019    29.013563
  -66.584944    -3.371461    27.277833
  -63.016864   -11.645521    34.206053
  -62.099684   -25.948821    30.190933
  -54.993234   -34.568361    35.394303
  -49.927944   -46.362181    30.820833
  -39.806464   -53.741911    37.042663
  -32.088414   -61.465411    33.312933
  -17.908864   -64.079241    39.544723
  -10.245274   -67.688191    33.979183
    4.707316   -66.751281    34.401513
   15.534746   -62.649801    40.462013
   31.467356   -59.445961    34.814493
   40.104856   -52.499271    38.555153
   50.721536   -46.105181    31.704473
   56.251976   -36.940841    34.256043
   64.641386   -29.022931    30.400223
   66.842076   -20.857631    34.782413
   71.511906    -8.829321    31.243863
   77.911826     9.374489    18.418613
   74.503366    13.794329    22.685673
   70.742136    21.489329    17.167073
   64.397516    26.939089    21.155523
   58.471006    35.899619    19.426233
   51.098696    43.210939    24.701743
   43.493656    50.914189    23.437673
   32.700856    59.591389    27.296883
   24.170296    68.354549    24.732153
   16.720856    77.583859    28.483753
   11.934046    85.298309    21.907533
    0.404926    85.953979    20.233013
   -8.513504    80.206979    25.100183
  -27.621164    75.457129    18.984313
  -37.683784    68.820779    23.115523
  -50.238754    62.651369    19.232543
  -54.651724    53.885909    24.380243
  -60.617444    44.972049    18.794263
  -62.984344    31.980909    23.008053
  -67.482374    23.272989    17.907603
  -68.893344    12.768549    21.228823
  -71.497774     7.863419    15.729193
  -71.882944    -3.381741    14.339233
  -70.010034   -10.106851    18.258463
  -69.243244   -23.333911    14.754123
  -64.746854   -30.513521    19.908553
  -61.028354   -41.765181    15.357923
  -53.480854   -49.125051    20.903383
  -48.517404   -58.658891    17.785533
  -37.186374   -63.864671    23.440113
  -29.669694   -69.448691    18.487033
  -16.763754   -70.677311    23.108963
  -10.037314   -72.726601    17.121773
    5.974336   -71.082401    17.992733
   13.538896   -68.160311    24.599473
   27.743646   -65.963761    20.919223
   34.683026   -61.335261    25.580273
   46.765626   -56.699421    20.825533
   54.388246   -48.158531    23.291263
   62.461466   -41.598161    18.478673
   66.818826   -31.655511    22.322493
   72.176526   -24.471391    17.172523
   74.400186   -10.360481    21.867193
   77.821536    -1.555761    17.140043
   82.244646     5.853119     5.847203
   79.650146    11.238359    11.802253
   76.126336    18.168419     6.658413
   70.513656    23.741319     8.635663
   65.451256    31.423169     6.867083
   59.455156    36.896109    14.261513
   53.677196    43.229909    15.068513
   45.128676    49.713949    18.775573
   37.604636    56.383999    16.455333
   27.316346    66.368439    18.792463
   21.210076    75.401159    12.215813
   13.811496    85.095259    12.502993
    9.800456    89.500689     6.041583
   -0.241814    90.217099     5.696393
   -8.509504    86.703919    10.167893
  -23.211444    81.316209     5.449993
  -32.907094    75.890499     9.688863
  -44.291194    69.725769     4.473203
  -51.919514    62.944369     9.601013
  -57.835824    54.929339     4.417773
  -62.274224    46.074639     8.315073
  -65.623934    37.480969     3.753093
  -68.419704    27.796929     9.267403
  -70.284504    21.012079     5.661013
  -71.915554    11.888629     9.231863
  -72.816634     4.859929     3.082853
  -73.296014    -6.272591     0.405953
  -72.822474   -11.458091     5.064733
  -72.449464   -24.076591    -1.004627
  -70.718184   -29.511921     5.033123
  -68.651044   -40.498901     0.673713
  -63.559354   -45.840611     5.988303
  -59.169524   -54.485491     3.063773
  -51.697264   -60.231841     9.237643
  -44.441784   -66.918411     5.629853
  -34.136494   -71.160541     9.381243
  -27.255044   -74.897411     4.162073
  -16.261204   -75.074661     7.656873
   -6.768274   -75.651371     1.452853
    6.743286   -74.570961     0.172753
   14.196636   -72.328671     7.183473
   27.829696   -71.002901     3.134043
   34.017066   -67.420831    10.719903
   42.944156   -64.687131     4.547003
   49.229656   -58.537171    10.277143
   57.906656   -51.891221     7.372963
   63.725926   -43.517211    12.711133
   68.385756   -35.604001     7.519973
   72.570826   -27.121921     7.919893
   75.725116   -19.766071     4.642013
   78.836966    -8.820451     9.801253
   81.432226    -2.910111     5.206063
   83.144966     4.696059    -2.322187
   82.462426    10.052119    -7.690067
   78.092506    18.343599    -3.859107
   74.596306    24.848069   -10.402567
   67.441036    32.111249    -1.555617
   61.927726    37.522359    -3.045207
   54.277856    43.231529     5.873713
   46.038526    49.864239     0.243413
   38.213026    56.632639     6.807743
   28.903996    66.142559    -2.484247
   22.193866    74.802099     0.455813
   14.600086    82.788929   -10.159477
    9.920176    87.946739    -3.899337
   -0.297494    88.717259    -4.046147
   -9.504564    84.932719   -10.524747
  -23.849804    81.121579    -4.560847
  -33.439744    75.501449    -9.911607
  -43.967504    69.315609    -5.199527
  -50.641754    61.925709    -9.545197
  -56.986234    54.169369    -5.041307
  -61.019694    44.074679    -9.901867
  -65.054924    36.138789    -5.307157
  -67.481714    24.916399   -11.430077
  -69.777514    19.173959    -6.083057
  -71.619994     8.313289   -12.496967
  -72.919134     3.028479    -6.260837
  -73.453744    -7.925191    -8.646617
  -73.095604   -13.263081   -13.741277
  -72.540154   -24.404821   -10.170177
  -71.279764   -31.481771   -13.046497
  -69.230784   -42.507121    -8.329637
  -66.005154   -49.862001   -11.216697
  -60.795124   -56.365021    -5.370787
  -53.183094   -63.616341   -10.086107
  -44.367574   -68.623731    -5.077687
  -35.023194   -74.737201    -9.846487
  -28.063384   -76.846961    -4.389847
  -16.811244   -78.132141    -9.858297
   -6.088794   -76.841981    -6.881917
    7.453476   -75.800011    -8.519347
   14.067976   -75.784111   -13.924617
   27.532036   -73.341521    -8.548297
   35.476246   -71.760111   -11.382577
   44.491266   -66.664301    -5.592957
   51.380986   -61.753301    -7.377247
   58.377986   -53.106641    -0.060657
   64.262746   -44.816761    -2.700247
   68.584296   -35.723451    -0.541517
   72.776226   -26.821451    -8.508577
   75.830456   -19.560081    -3.470367
   79.776686    -9.884791    -6.993417
   82.151996    -4.051661    -2.694187
   82.242266     7.240799   -17.805947
   80.644126    14.585149   -24.543487
   77.367256    23.624879   -20.870767
   70.776126    30.192569   -23.408677
   62.292056    36.765209   -14.944807
   52.865316    42.735439   -17.925217
   44.502526    50.330799   -11.877127
   33.414116    58.404069   -17.886427
   25.715576    67.409779   -15.439357
   15.100396    75.169159   -22.873167
   10.242086    81.863049   -20.253267
   -3.059484    83.040859   -20.217717
  -13.614274    78.732089   -24.897597
  -29.625694    74.903619   -20.216647
  -38.292074    68.838089   -24.337497
  -48.494474    61.851469   -18.517087
  -53.828514    52.283849   -21.689817
  -60.029704    42.156289   -17.891587
  -63.976004    30.305829   -22.603077
  -67.374064    20.712349   -21.121937
  -69.916464    10.768629   -25.431737
  -71.870014     4.064589   -21.759317
  -72.782804    -5.616081   -20.394137
  -71.879504   -10.790071   -24.294557
  -70.930814   -25.486021   -20.478177
  -68.500774   -35.633421   -24.134377
  -65.471194   -48.466531   -19.712317
  -58.302954   -56.352201   -24.146537
  -51.134494   -64.329771   -20.426707
  -39.944824   -69.890551   -23.868257
  -33.077804   -75.038941   -18.272027
  -23.208684   -75.557391   -21.486447
  -14.158344   -76.856491   -18.472127
    2.809616   -75.623371   -21.059497
   13.325826   -73.990301   -25.811857
   31.958926   -72.852491   -20.994267
   40.826856   -68.673471   -25.362067
   50.141906   -62.601021   -17.513497
   56.071826   -53.270861   -22.161237
   63.369906   -44.059251   -14.667707
   67.227216   -32.820991   -21.363347
   72.576996   -24.523931   -17.675727
   75.993586   -10.936471   -22.016107
   80.226366    -3.706421   -16.596027
   76.505806    10.699029   -30.425787
   71.165666    17.397519   -35.656207
   68.632246    27.816849   -32.474807
   57.518826    32.576979   -35.771627
   49.822006    41.018419   -29.153637
   36.407256    46.983509   -32.485487
   28.379406    56.669289   -26.959267
   13.908176    63.280579   -34.176367
    8.064206    72.497209   -31.853417
   -7.487094    75.030369   -33.745937
  -18.519634    70.061569   -36.798527
  -33.674334    67.482639   -31.263517
  -40.693974    57.662979   -32.651157
  -50.897364    49.722099   -28.816637
  -55.940454    39.068259   -31.172237
  -62.807904    30.053109   -28.436377
  -65.131804    16.355419   -31.662297
  -69.037504     7.138859   -29.838007
  -70.120174    -5.573241   -30.448947
  -67.516814   -16.520451   -33.567197
  -67.056434   -32.092671   -30.941427
  -60.882444   -44.378871   -33.076067
  -54.996554   -55.784281   -30.844147
  -41.177984   -62.587261   -33.580167
  -32.900364   -68.158611   -30.529587
  -14.668734   -69.001561   -33.434417
  -11.601024   -71.727671   -29.671807
    8.407736   -71.206521   -31.891107
   23.795376   -67.209221   -36.984677
   37.495626   -66.144391   -35.204597
   42.026016   -58.896531   -38.491567
   51.247036   -51.882301   -33.185367
   54.539396   -38.968751   -34.474737
   63.462566   -28.677191   -29.971467
   66.384726   -13.514811   -33.086537
   73.611516    -4.148701   -29.100487
   62.029926     9.635119   -40.859897
   54.105016    14.856589   -45.545547
   51.922796    27.098329   -43.694337
   38.032786    31.614459   -47.459127
   29.526256    42.700749   -42.624377
   13.834636    48.210439   -46.940177
    5.847926    58.822629   -43.478357
  -10.847464    62.981069   -43.952657
  -17.779924    54.622079   -46.667417
  -32.912354    51.484439   -40.428997
  -38.679404    37.979899   -43.258067
  -51.086394    32.936649   -37.730347
  -52.606434    15.659569   -39.660047
  -59.697374     7.455109   -36.423767
  -60.894794   -12.522551   -37.194357
  -53.874474   -23.215541   -38.023877
  -54.396554   -39.637821   -36.061477
  -42.143414   -47.820181   -36.703187
  -34.311904   -59.118621   -36.594387
  -16.743954   -57.809041   -40.097057
   -4.844874   -62.509081   -39.763537
   13.928396   -60.849501   -41.639477
   20.365676   -53.419601   -46.087147
   34.977906   -53.144401   -44.460907
   37.816326   -42.116841   -46.077687
   47.565566   -34.637301   -40.884837
   49.861586   -17.403111   -42.911407
   59.773096    -6.559341   -39.356077
   44.479876     6.446959   -50.112117
   35.689606    12.633949   -54.472937
   30.934196    25.164299   -53.701367
   15.520496    31.276229   -56.309157
    6.838746    42.562779   -53.962757
   -8.319874    45.053029   -53.443867
  -16.845484    35.614539   -53.740797
  -31.896784    30.963159   -49.536047
  -36.598674    15.934589   -47.720087
  -44.560494     5.359719   -43.423777
  -44.612454   -13.416261   -40.757647
  -37.358734   -22.336841   -41.429077
  -34.172454   -39.741281   -39.421857
  -16.652514   -40.730141   -43.225707
   -6.948654   -47.168231   -44.084617
   12.006176   -44.195411   -48.648997
   20.381326   -34.113961   -52.157147
   31.291976   -32.457741   -51.280877
   33.827766   -17.221751   -52.255177
   42.271826    -9.527321   -48.804217
   28.731486     6.181799   -57.138217
   15.610636    13.549939   -57.784767
    7.097976    25.759959   -57.587717
  -10.275174    27.646289   -55.367747
  -17.104864    13.362499   -52.250767
  -28.306954     5.839479   -48.417047
  -28.942314   -13.958761   -45.106987
  -17.460584   -21.143771   -46.959947
   -8.368234   -30.295491   -47.173227
   10.246086   -26.310091   -51.712467
   16.190406   -14.943951   -54.613987
   28.687576    -8.029801   -55.895697
    5.905556     6.129689   -56.120557
   -8.636654     4.225749   -53.048347
   -8.601414   -10.067571   -51.050057
    6.031956    -7.572661   -54.325077
    1.169786    10.070569    59.429663
    8.111776    11.946729    59.042203
   10.255876    18.520299    57.016083
    3.355686    20.631459    55.862793
   -3.871644    17.012429    56.497903
   -3.710014    12.501479    58.094683
  -10.690014    18.654779    55.060343
  -15.315594    14.562269    55.263873
  -12.314964     8.584869    57.172923
   -7.179954     8.732519    58.484163
  -12.895344     1.290569    57.416963
   -6.534184    -4.723851    59.238643
   -0.670014    -0.316511    60.370693
   -2.326444     5.932599    59.881903
    6.567486    -2.299851    59.790803
   11.732096     5.695919    58.918883
   21.931676    15.210099    55.399903
   27.727176    14.239509    53.089213
   30.551216    20.457499    51.234153
   25.890596    27.535539    50.807983
   18.481286    27.258309    52.853203
   17.560446    21.369479    55.508143
   10.513506    29.521819    52.230463
    2.678116    25.729859    53.808683
   10.016726    34.481979    50.364623
    0.527826    36.144629    50.858143
   -7.873224    32.455929    52.024843
   -6.173904    27.113989    53.186723
  -15.418794    35.190059    51.437583
  -20.941764    32.378469    51.298343
  -19.370134    26.363419    52.444983
  -12.278814    23.917339    53.655443
  -23.330364    21.866619    52.416543
  -20.940234    15.162589    53.839333
  -28.477974    22.492419    51.117513
  -30.858224    13.942969    51.123973
  -27.949764     5.247949    52.301133
  -23.013684     6.986199    53.792413
  -29.777974    -5.407461    51.670653
  -25.458384   -14.310401    52.554433
  -18.865464   -11.726621    54.766743
  -18.364994    -0.936091    55.366593
  -13.381014   -18.703141    56.317813
   -6.474634   -14.170401    58.639403
  -15.156734   -28.172671    55.114933
   -9.776964   -32.329511    56.064773
   -2.237154   -27.271831    57.014043
   -0.528854   -18.376811    58.497773
    4.631576   -29.504001    55.378473
   12.434386   -23.142881    53.682263
   12.964896   -13.559801    55.276453
    6.713976   -11.486951    58.335093
   19.338586    -4.418441    54.349943
   18.357396     6.131949    56.574043
   24.906916    -6.959091    51.502223
   29.397606     2.301239    51.407443
   37.147066     0.937499    47.941853
   40.897726    -9.413361    45.022963
   43.702136    -6.346731    43.462303
   43.045496     6.777029    43.782283
   38.883456    16.741959    46.130053
   35.972006    14.068869    48.691283
   35.302356    26.963289    45.973193
   27.517736    31.241699    48.200513
   37.095436    30.297829    43.424373
   30.621506    38.858359    44.077093
   21.113536    40.578459    46.849413
   19.701576    36.147399    48.338183
   12.756666    44.738529    48.039693
    1.924136    41.928589    49.943723
   15.544666    49.904179    47.145533
    8.783986    53.733579    48.059613
   -1.197434    51.375189    49.158543
   -5.239904    44.798989    50.241123
   -7.256504    54.284449    47.703803
  -16.400194    51.145979    47.280743
  -19.245034    45.187419    49.007163
  -14.230774    41.632089    50.515053
  -25.637454    41.810449    48.503963
  -26.071764    35.342579    49.869473
  -30.306694    43.586179    46.367243
  -35.239934    37.863609    46.154743
  -34.310424    30.652169    48.112273
  -29.837534    30.081659    49.726953
  -37.524704    21.698379    48.030683
  -35.439544    12.692909    49.625203
  -42.835944    20.071019    45.797783
  -46.082604     9.427999    45.441093
  -43.956264     0.576159    47.119383
  -38.435084     2.115859    49.095363
  -47.723874    -8.787931    46.163653
  -45.776094   -16.872951    46.821263
  -39.344904   -16.589311    48.684393
  -35.873524    -6.964581    49.938543
  -35.327354   -24.789401    49.343963
  -27.665924   -24.126431    51.480663
  -37.702784   -32.393261    47.850103
  -31.830594   -39.126811    48.925683
  -24.380794   -38.323401    51.564093
  -22.568114   -31.005991    52.597413
  -17.623614   -42.946361    53.293883
  -10.435494   -39.759271    55.301673
  -17.469744   -48.947091    52.440273
   -8.443514   -52.154381    54.098673
   -0.231454   -48.732921    55.660013
   -2.214794   -42.289611    55.939773
    9.463416   -50.249971    54.620453
   16.781896   -45.281721    53.178403
   14.476336   -38.650301    53.366383
    5.243296   -37.073421    55.138923
   21.022236   -33.951231    50.915043
   19.647516   -25.934891    50.994983
   28.690406   -36.851061    48.548513
   33.186926   -33.444911    46.479543
   31.191126   -24.207631    47.432453
   25.462236   -19.319961    49.617303
   34.834156   -18.480981    46.758043
   33.772996    -4.390051    48.900673
   40.425056   -24.622521    44.153413
   43.077066   -20.697791    43.360123
   51.837526   -19.715231    40.598563
   58.963346   -17.569531    38.848893
   60.904666   -10.438171    37.589153
   56.409066    -6.767691    37.838483
   50.549436    -7.810261    39.915113
   47.977596   -13.400221    41.439193
   48.699686     2.993769    39.366953
   45.374296    10.441969    41.294533
   50.610346    11.200459    36.087703
   48.174926    23.548179    34.922853
   43.912626    28.647299    37.835963
   42.987716    23.513019    40.836983
   38.808666    39.042179    38.603973
   31.672926    42.964449    42.296853
   38.910816    43.757659    36.661293
   32.463356    51.008969    39.275083
   25.671866    53.297329    43.102993
   24.704386    49.527799    44.317223
   19.108896    58.269879    44.479663
   11.400386    58.401549    46.505153
   19.131506    61.756409    42.197053
   12.794996    65.734059    41.386313
    5.687646    64.926679    42.392773
    4.586596    61.154789    45.235793
   -2.113514    66.999079    39.445343
  -11.217214    64.150609    38.934903
  -12.006744    60.228619    41.963623
   -4.371374    59.135339    45.325143
  -21.021634    56.888359    41.347413
  -22.395694    52.735039    44.278963
  -28.993594    57.081479    37.824273
  -36.425984    52.922539    37.636873
  -36.021484    48.618579    40.773993
  -29.797274    48.732839    43.900133
  -41.793024    42.700709    40.618573
  -40.763604    36.949089    43.496143
  -47.634824    40.932659    37.399153
  -52.145084    32.685049    37.290983
  -50.769904    25.784389    40.239463
  -45.037504    28.099079    43.262013
  -53.839194    16.706529    40.151853
  -51.440454     8.511369    42.782133
  -58.152024    15.874649    37.446533
  -59.919404     9.212459    37.076683
  -58.319614     1.986269    39.354313
  -54.174044     0.443749    42.357903
  -60.732374    -4.655311    37.529863
  -59.749464   -13.052001    38.979643
  -55.857134   -14.871831    42.488063
  -52.697374    -8.127871    44.040683
  -53.806494   -22.970771    42.932233
  -48.675824   -24.227401    45.215223
  -54.984054   -28.937911    39.771423
  -50.628554   -36.361281    39.646133
  -45.363194   -37.867261    43.091843
  -44.543184   -31.716391    45.482133
  -39.720894   -44.510091    43.728923
  -32.888554   -45.023391    47.233273
  -39.981434   -49.472811    40.766663
  -33.753694   -54.591841    41.976213
  -26.148134   -54.781161    46.625773
  -25.633214   -50.146971    48.955413
  -17.945974   -58.158301    48.223933
   -8.329164   -56.825581    52.211443
  -18.281294   -61.398471    44.387533
   -9.956064   -63.218761    44.662633
   -0.545904   -61.804231    48.208203
    0.791556   -58.604031    51.995653
    7.761126   -62.499511    45.194523
   17.602546   -60.000461    45.458443
   18.841976   -56.246971    49.357563
   10.358086   -55.517281    52.813343
   26.725456   -52.085891    48.055823
   25.494906   -46.520261    50.081683
   33.877336   -52.628231    43.558843
   39.952776   -48.387271    42.028593
   38.412986   -43.969101    44.410523
   31.087936   -42.559131    47.936403
   43.434456   -40.050541    42.497453
   40.423506   -35.645061    43.882183
   50.473096   -39.074821    38.587733
   55.395846   -33.856771    37.397133
   52.194216   -31.279251    39.694753
   44.282746   -31.819031    42.392653
   55.160976   -26.901801    39.208713
   49.779796   -23.784081    40.991463
   61.993426   -24.189581    37.137203
   63.753256   -19.084011    37.239583
   69.877066    -5.669171    33.562213
   73.003506     0.373479    29.668543
   74.125076     8.305689    26.742703
   72.251056    11.982089    27.168293
   68.518706     6.687039    31.390373
   67.049126    -3.309111    34.696263
   64.585076    10.128019    31.025453
   58.679736     3.719719    34.565983
   65.077346    19.893139    26.090943
   60.702236    25.206349    25.328583
   56.302556    22.486409    28.995343
   54.909786    11.094559    33.411013
   52.703306    31.157879    28.379953
   48.751286    31.960869    31.516823
   52.461746    38.778099    26.021993
   47.618396    45.287359    27.342703
   43.462956    46.994259    30.694603
   44.360576    41.344039    32.543423
   37.055646    53.345019    33.062123
   31.674376    55.222179    37.523163
   35.024356    56.975589    30.490473
   28.142276    62.652889    31.942223
   23.465136    64.667269    36.172673
   24.832366    60.832399    39.123033
   18.083296    69.702179    36.126243
   13.067626    69.898229    38.287233
   17.537716    73.822739    32.543923
   13.600476    78.652259    31.285473
    8.100326    78.121629    32.873973
    7.124756    73.579369    36.271603
    0.671766    80.073649    29.550493
   -9.265294    77.066059    29.309453
  -10.141724    73.041669    32.856973
   -1.280544    71.479419    36.445263
  -20.225104    69.409809    32.168533
  -20.327454    64.977959    35.282363
  -29.444284    69.581639    27.872363
  -38.155924    65.296189    27.555463
  -37.838414    61.284579    31.315003
  -29.215204    61.204029    34.777263
  -44.454314    56.676879    31.242973
  -43.350444    52.375449    34.441993
  -50.357014    55.630299    27.993033
  -54.041944    49.676889    27.982693
  -53.348454    44.630939    31.190513
  -48.473464    46.359979    34.367003
  -56.887254    36.654799    31.309653
  -56.618814    30.337089    34.478763
  -60.193224    34.303379    27.646443
  -62.839804    26.016049    27.887953
  -62.435804    20.425699    31.817273
  -59.528644    22.207519    34.755253
  -64.225114    14.043519    31.063773
  -63.066344     9.207769    33.516043
  -66.691414    13.154839    26.402373
  -68.260994     8.180289    23.902623
  -67.437724     3.000119    25.804713
  -64.747954     3.236489    30.957543
  -68.932624    -3.328041    22.069943
  -68.059724   -10.470281    23.162733
  -65.733984   -10.902241    28.687753
  -63.894464    -3.618811    32.687503
  -64.379474   -18.623141    29.708893
  -61.536654   -19.663651    35.131493
  -64.855474   -24.947221    24.768503
  -61.915474   -31.540341    24.988583
  -58.699324   -32.890271    30.294693
  -58.861334   -27.313301    35.445853
  -54.539134   -39.715021    30.396753
  -50.366284   -41.616861    35.447333
  -53.978004   -44.537821    25.456253
  -49.402474   -50.753741    26.269793
  -44.917424   -52.383171    31.744033
  -45.354234   -48.116531    36.018333
  -39.002784   -57.462041    32.643673
  -33.252374   -58.293511    38.010223
  -38.004884   -60.795141    28.032583
  -30.887714   -64.317471    28.419183
  -24.559364   -64.416971    33.850993
  -25.812264   -61.714661    38.874993
  -17.201214   -66.438701    34.258953
  -10.234094   -65.570501    39.521953
  -16.779504   -68.636851    28.701063
  -10.327514   -69.641821    28.237523
   -3.311864   -68.330361    32.207393
   -2.846304   -66.421101    37.888603
    4.699726   -68.434691    28.876493
   12.977706   -66.626931    29.749243
   13.635066   -64.815811    35.090653
    5.861886   -64.775991    39.946663
   22.833796   -62.404771    35.066033
   24.951616   -59.902231    40.212543
   29.177296   -61.939421    30.010803
   36.981216   -58.679151    29.833863
   39.066406   -55.814971    34.267553
   33.264536   -56.548241    39.581823
   45.369296   -51.337471    33.185413
   45.773196   -47.799451    37.037863
   50.058386   -49.708571    27.977553
   55.071786   -44.238491    26.685183
   55.763386   -40.453511    30.442413
   51.095026   -42.510671    35.448073
   60.504596   -34.665361    29.992433
   60.866746   -31.357161    33.858063
   63.862046   -32.876121    26.111943
   67.523476   -27.113351    26.924723
   67.814946   -23.465361    31.239463
   64.451186   -26.139521    34.200243
   69.982636   -16.909911    31.723543
   68.419726   -14.253931    34.758193
   72.310656   -13.127961    27.303373
   73.916926    -4.362531    26.556703
   77.223796     4.849009    20.617423
   79.025016     4.386749    16.718963
   79.655986     8.418729    14.922433
   77.919766    12.226989    14.997003
   76.227816    13.331259    18.477343
   76.131806     9.874359    22.423273
   73.874726    17.162749    17.844783
   72.036126    17.657069    22.349103
   72.375006    20.212399    12.933703
   68.742426    24.926889    12.503843
   66.901676    26.356519    16.777963
   68.609616    22.060109    21.661703
   62.717616    31.186139    17.482483
   60.024906    32.034429    21.585603
   60.933656    34.177839    15.396343
   56.886346    38.755999    18.335453
   54.138376    40.940969    21.827613
   55.645896    37.437009    23.008883
   49.223626    45.973009    23.233373
   45.740506    48.688079    25.704873
   47.149506    47.961899    21.193663
   41.229746    52.676069    20.840003
   37.078496    56.067139    23.494153
   39.507116    54.035659    26.414843
   30.380316    61.899319    23.987333
   26.040886    65.570369    28.322563
   28.548796    64.135159    21.285433
   22.796886    70.937959    21.400233
   19.308566    74.903889    24.776003
   20.679336    71.743749    28.892623
   15.614316    80.799669    23.894353
   13.052636    82.362469    26.952913
   14.544296    83.301879    18.428243
   10.795206    87.452639    16.254003
    6.681446    87.759109    19.011423
    7.848546    85.233699    24.193303
   -0.478204    88.036249    14.975033
   -8.386384    84.909039    15.329633
   -8.208454    82.755709    20.430053
    0.926686    83.329599    25.173293
  -17.946474    79.109469    19.868633
  -18.795294    76.684079    24.377603
  -26.290134    77.570809    14.605913
  -34.867284    73.875469    13.789693
  -36.529794    71.599429    18.283493
  -28.769354    72.905619    23.556043
  -44.179424    67.357649    18.392223
  -45.169624    64.316689    23.376613
  -48.812264    65.356309    13.973703
  -53.680294    60.478049    15.014733
  -54.618304    57.489379    20.079223
  -50.755304    59.372979    24.010793
  -57.891144    51.647439    19.910863
  -57.672414    47.512049    23.892313
  -60.402084    48.961189    14.329393
  -62.977814    42.263109    12.990073
  -63.124504    37.537609    17.902293
  -60.375584    40.067599    23.257353
  -65.436954    30.057159    17.699213
  -65.311764    24.307979    23.122983
  -67.289074    28.757869    13.006583
  -69.004794    22.793269    13.432763
  -69.162884    17.624849    17.523823
  -67.293054    17.899099    22.613713
  -70.491334    12.715789    16.787043
  -70.215414     7.994119    19.362333
  -71.453314    12.545449    12.993213
  -72.218004     7.359849    12.341483
  -72.194694     2.327919    14.042513
  -71.208864     2.772259    17.221263
  -72.612534    -4.233991    10.495453
  -72.263454   -10.339831     9.888253
  -71.375944    -9.862141    14.109333
  -70.716964    -3.259821    17.855243
  -70.553104   -16.656661    14.198283
  -68.948404   -17.210161    18.999623
  -70.746534   -23.134851     9.802303
  -69.244074   -29.333101    10.232913
  -67.239484   -29.691321    15.116383
  -67.228774   -24.050431    19.627633
  -64.467534   -35.800411    15.244533
  -61.476344   -36.737141    20.011293
  -64.076344   -40.959281    10.580573
  -60.524244   -46.597051    10.830873
  -57.148724   -47.704311    15.767233
  -57.661284   -42.950941    20.279793
  -53.051154   -53.442121    16.634153
  -48.957404   -54.893991    21.918103
  -52.550304   -57.159731    12.806903
  -47.895434   -61.822451    13.929763
  -43.036484   -63.086231    18.639683
  -43.575234   -59.859991    22.879373
  -36.603654   -66.680871    18.842573
  -30.117594   -66.987971    23.468423
  -35.621524   -69.114471    14.141613
  -28.932654   -71.537541    13.509123
  -23.037814   -71.362211    18.061813
  -23.223574   -69.255941    23.308893
  -16.679934   -72.414161    17.740253
  -10.297484   -71.325871    22.572883
  -16.625954   -73.868651    12.604343
   -9.699454   -73.921521    11.727403
   -2.194854   -72.548151    15.357053
   -2.727244   -71.362951    21.032863
    6.204896   -72.342941    11.952603
   14.668036   -70.866251    13.605633
   14.417536   -69.492331    19.420163
    5.340636   -69.830731    23.486113
   21.749646   -67.820961    20.266623
   20.914546   -66.310141    25.144603
   28.585056   -67.576101    15.785673
   33.415086   -65.648131    16.423763
   33.394666   -63.668841    21.275983
   27.762196   -64.104761    25.463053
   39.787856   -60.629451    21.275543
   41.989776   -57.754231    25.334253
   44.695866   -59.728301    16.098783
   51.186396   -55.470021    15.761183
   53.079876   -51.967931    20.034133
   48.761486   -53.288931    24.516193
   58.279066   -46.865551    19.103063
   59.017676   -42.759081    22.238343
   61.416576   -45.420731    15.711283
   65.183556   -40.211751    15.179413
   66.146886   -36.213601    18.193673
   63.089246   -37.254401    21.974363
   69.413206   -30.640581    17.832233
   70.018236   -25.740331    22.547233
   71.336266   -29.169891    12.767293
   73.713006   -23.013681    11.683003
   74.339756   -17.187971    16.548873
   72.523936   -18.617071    22.324883
   76.195256    -9.174971    16.638823
   76.009306    -1.915551    21.578133
   77.668026    -8.907151    12.730583
   79.333696    -1.986691    13.656453
   81.658436     2.418249     8.395873
   82.418386     1.325309     3.381033
   82.950696     3.790489     0.867033
   82.402026     7.905959     2.665473
   81.185736     9.996459     7.746723
   81.144456     7.281889    10.796413
   79.088026    13.972879     8.003683
   77.231396    15.000109    11.062663
   78.469806    16.432429     2.728833
   75.201346    21.039119     1.289583
   72.605666    22.712359     5.281623
   74.075256    19.160749     9.597833
   68.987196    27.200739     5.202353
   66.831196    28.314549     9.131613
   68.036236    30.043939     2.034283
   64.490386    33.894629     4.482993
   61.885146    35.357529     9.692273
   63.187366    32.687419    11.220313
   58.054236    39.245629    12.751063
   55.348456    41.154799    17.179263
   56.391176    41.292359    10.078053
   51.691686    45.172509    11.671373
   48.671126    47.282959    15.935293
   50.566356    45.398339    18.674793
   43.270836    51.547659    16.234273
   39.307856    54.386449    18.672133
   41.079716    53.785839    12.524023
   35.523026    58.881689    12.665563
   31.814826    62.134119    16.468803
   33.274236    59.928189    18.816523
   26.243026    68.647419    15.120303
   21.958986    73.219459    17.524903
   24.659326    71.460919     8.901363
   19.933806    77.869439     4.948673
   16.975136    81.522169     8.766173
   17.486286    79.703459    15.113803
   13.409016    86.396599     6.686793
   10.150176    88.808109    10.882103
   12.421366    87.334779     1.149403
    8.730786    89.688929     1.538983
    5.379076    90.641889     4.878993
    5.382886    90.488979     9.012703
    1.752256    90.202059     1.415863
   -4.845574    88.711149     0.560113
   -7.595684    88.010029     5.345863
   -0.928614    89.483409    10.120093
  -15.456444    84.807499     5.148683
  -16.666704    83.136799    10.274243
  -20.574074    82.922279     0.290753
  -27.881094    79.562199     0.739263
  -30.718634    77.788289     5.471213
  -24.886194    79.493599    10.186443
  -37.820224    73.973619     5.025393
  -40.376534    71.967899     9.019403
  -41.407414    71.759329     0.065373
  -47.058774    67.195589    -0.359277
  -49.682604    65.100099     4.509203
  -46.754164    67.651029     8.984503
  -54.129474    60.190929     4.657503
  -56.069144    57.865539    10.057873
  -55.749904    57.278989    -0.359027
  -59.119684    51.818389    -1.010407
  -60.935364    49.177299     3.464573
  -59.472914    52.215259     9.507653
  -63.491034    43.307079     3.082123
  -64.616864    39.794229     7.827803
  -64.344294    40.140359    -1.193557
  -66.326314    34.539689     0.113093
  -67.471574    31.822959     5.003893
  -66.645514    33.669049     8.315803
  -69.020224    26.356779     5.778963
  -69.873414    22.298449     9.648473
  -69.387774    23.573629     0.719113
  -70.569104    18.264869     0.082473
  -71.320564    15.770179     5.228743
  -71.021044    17.048109     9.633933
  -72.163264    10.457939     4.497413
  -72.586124     6.444709     8.191243
  -72.484374     7.581029    -0.925147
  -73.091264     2.231139    -2.033397
  -73.228734    -0.989031     0.211493
  -73.041584     0.178149     5.259903
  -73.438954    -5.609821    -4.031307
  -73.357914   -11.198811    -5.177047
  -73.142124   -12.151161    -0.282137
  -73.049854    -5.482531     5.711223
  -72.867784   -18.173111    -0.942847
  -72.440964   -17.636651     4.450913
  -72.777114   -22.633611    -6.157647
  -72.285684   -28.318261    -5.601057
  -71.720024   -29.770301    -0.397057
  -71.789624   -23.679261     4.467043
  -70.500964   -35.224081     0.262483
  -69.052094   -35.209581     5.459543
  -70.002624   -39.630591    -4.255617
  -67.987544   -44.541681    -3.750277
  -66.100034   -45.375641     1.069013
  -66.661904   -40.658921     5.692923
  -62.897074   -49.992081     1.839673
  -59.924484   -50.889951     6.707303
  -62.065344   -53.431771    -1.781337
  -58.048924   -57.543501    -0.419277
  -54.983964   -58.766781     4.453103
  -56.007534   -55.697711     7.905943
  -50.118764   -62.935701     5.430503
  -46.591584   -64.486141    10.032973
  -47.606054   -65.689031     0.605623
  -41.560264   -69.430901     0.414613
  -38.252684   -70.340151     5.238933
  -40.587354   -68.197551    10.009973
  -32.482344   -73.031361     4.652293
  -28.155014   -73.300891     8.719613
  -30.656224   -74.967861     0.111973
  -25.687634   -76.469841    -0.272407
  -21.774894   -75.888731     3.640543
  -22.435374   -74.595251     8.200923
  -14.900554   -76.046041     2.853683
   -8.733374   -74.898741     6.495593
  -11.482494   -76.644041    -2.123337
   -3.523244   -76.078161    -3.233867
    0.823066   -75.315741    -0.828197
   -0.567324   -74.616111     4.022883
    5.792996   -75.365521    -4.314587
   11.401206   -74.878461    -4.516347
   13.304086   -73.721521     0.930153
    6.549956   -73.535141     5.803713
   20.538746   -72.536951     1.894043
   22.189086   -70.837821     8.482903
   24.970196   -72.915611    -3.481047
   31.656126   -71.286491    -2.246367
   33.754656   -69.259331     4.382173
   28.926666   -69.205961     9.782803
   38.513396   -67.227981     4.844983
   38.451406   -65.241851    10.845333
   42.003856   -67.007661    -0.893507
   46.569456   -63.995621    -1.057677
   47.901626   -61.320391     4.283723
   43.434996   -62.347601    10.452973
   53.052766   -56.991331     5.244173
   54.946386   -53.857911    11.027953
   56.053586   -55.147571     2.010213
   60.125786   -49.669481     4.858173
   61.917866   -46.509431     9.278063
   59.839366   -48.768461    12.171443
   65.328706   -41.065551     9.396263
   67.062836   -38.184751    11.703203
   66.855056   -38.416031     4.975363
   69.737386   -32.874021     2.602083
   71.120866   -30.141441     5.185363
   69.993456   -32.712091     9.694253
   73.538806   -24.937261     4.073933
   74.793816   -21.439971     7.512633
   74.555766   -22.522671     0.527833
   76.774666   -17.663561     1.619353
   77.859086   -14.211761     5.999773
   76.874636   -15.328561     8.498803
   79.831406    -8.413271     6.337943
   80.497606    -2.639611     9.825183
   80.953556    -6.971131     1.828073
   82.313876    -2.243341     0.481233
   83.212036     5.375499    -6.581967
   82.473816     9.128269    -1.793727
   82.973036     0.411269    -2.169007
   83.031366     0.489959    -5.283407
   80.701046    14.806179    -9.501587
   80.762566    13.651239    -2.291067
   82.939626     6.164119   -11.970917
   82.201706    11.080439   -14.371437
   77.987596    19.780939   -10.725937
   74.726286    23.195239    -4.687127
   70.780476    29.605979    -8.446607
   71.133626    27.858879    -3.849417
   77.927246    21.490399   -16.501767
   74.307926    26.691109   -15.161087
   66.574496    33.798359    -5.748877
   63.463916    35.854529     1.222023
   56.889776    41.295549    -0.730827
   59.084756    39.443799     3.889943
   64.900616    35.287849   -10.297987
   59.569396    39.161549    -7.829587
   51.567506    45.382509     0.330593
   49.153346    47.338289     6.588243
   40.320716    54.716599    -0.175887
   43.787836    51.755779     6.833333
   48.302936    47.782419    -5.837967
   42.357766    52.694619    -6.578157
   34.555236    60.141959    -0.973427
   32.610426    62.207289     6.114353
   23.616476    72.387749    -5.099437
   27.213366    68.413269     3.911013
   30.320076    63.930609    -8.819077
   24.673316    70.060309   -10.681087
   18.869576    78.128379    -8.066917
   17.757416    80.498139    -2.990657
   10.392546    86.045799    -9.950667
   13.837936    84.974619    -4.590437
   14.982416    80.635079   -15.220367
   10.460896    84.068309   -15.569997
    5.324546    87.953389    -7.724377
    5.404126    89.476239    -1.959587
   -1.379734    86.934189    -9.930957
   -7.860264    86.801129    -5.149647
  -17.993084    82.304149   -10.051917
  -15.984114    84.176359    -5.149787
   -2.130824    85.051349   -15.392777
  -10.716374    83.030459   -15.479617
  -26.053474    79.149449    -9.686997
  -31.123244    77.652909    -4.370367
  -40.176144    71.372799   -10.384187
  -37.842034    73.705199    -4.720367
  -27.895674    77.056869   -15.029347
  -35.431904    73.276909   -15.455707
  -45.925314    66.828259   -10.279477
  -49.095974    64.563469    -5.116937
  -54.588394    56.605049    -8.940647
  -53.361104    59.552159    -4.921257
  -47.390254    64.403769   -14.684627
  -51.825104    59.209539   -13.437297
  -58.006814    50.613539    -9.153607
  -60.124634    48.218229    -5.745147
  -63.593034    37.504519   -10.214527
  -62.807884    42.145349    -5.862897
  -58.997744    46.553219   -13.385017
  -61.934824    39.435769   -14.319757
  -65.724434    31.073979   -10.615467
  -66.901534    30.268979    -4.912197
  -68.981794    19.152139   -12.623027
  -68.438414    24.633829    -5.271057
  -66.484824    25.679409   -16.241027
  -68.205954    19.413989   -17.820407
  -70.357544    13.647159   -13.087197
  -70.992334    13.798019    -6.389527
  -72.654564     2.980789   -11.378877
  -72.080114     8.443539    -6.362857
  -71.119624     8.404569   -18.546327
  -72.307284     3.149959   -16.837077
  -73.279494    -2.668901   -10.266217
  -73.347714    -2.283131    -6.166327
  -73.337064    -8.242011   -12.709977
  -73.277734   -13.461111    -9.993477
  -72.690724   -18.510761   -13.956967
  -72.959594   -18.836381   -10.407877
  -73.117974    -7.131951   -16.520057
  -72.815774   -11.932641   -17.269357
  -72.120324   -24.600341   -13.626537
  -71.890704   -30.504171    -9.488057
  -70.003194   -38.416661   -12.577777
  -70.820364   -36.690701    -8.836967
  -71.584644   -24.708671   -16.977777
  -70.532004   -32.475911   -16.593777
  -68.284174   -44.584971   -12.014517
  -67.114534   -47.521861    -7.648967
  -62.909174   -54.679431   -10.259887
  -64.382044   -52.023091    -6.552697
  -67.121384   -46.485711   -15.710507
  -64.424804   -52.135521   -15.073247
  -58.640714   -59.241851    -9.817637
  -56.129934   -60.558421    -4.719567
  -47.025334   -67.778501   -10.631977
  -50.507594   -64.660181    -4.760097
  -55.361814   -61.978441   -15.097087
  -49.334054   -66.443101   -15.804487
  -40.802924   -71.573181   -10.617457
  -38.341434   -72.155371    -4.983407
  -29.769034   -76.957491    -9.058577
  -33.054564   -74.973111    -4.588477
  -37.046154   -73.889841   -14.987187
  -31.415704   -76.429671   -13.798077
  -23.936334   -78.075261    -9.027637
  -22.172524   -77.684111    -4.935267
   -8.216884   -77.478151   -10.695737
  -14.638514   -77.566961    -5.999677
  -19.229354   -78.024451   -13.868997
  -10.937474   -77.535481   -14.580247
    0.413306   -76.606051   -10.487807
    1.448026   -76.098071    -6.703437
    7.193936   -76.266951   -12.798187
   13.693616   -75.394831    -9.333777
   21.656716   -74.950901   -14.046027
   20.425486   -74.624041    -9.324927
    5.276016   -76.249841   -17.016417
   13.206546   -75.663671   -18.295607
   28.936746   -73.621761   -13.014587
   33.973766   -71.611581    -7.111277
   41.081776   -69.277551   -10.151907
   39.552156   -69.421871    -6.067497
   30.271146   -73.537061   -17.007727
   36.998606   -71.466381   -15.346387
   46.299216   -65.987101    -8.973627
   49.287526   -63.076621    -4.856167
   56.248336   -56.543931    -4.965037
   53.944006   -58.502731    -2.861117
   48.151256   -64.711151   -12.612637
   53.494256   -59.789071   -10.694027
   60.581416   -50.799261    -3.051607
   62.215826   -47.362221     1.883583
   67.490806   -38.792681    -4.316137
   65.575566   -41.528121     1.653923
   62.320056   -47.836691    -8.054847
   65.856436   -41.625991    -8.990447
   70.306436   -32.759841    -6.706057
   71.253746   -30.016301    -2.923517
   75.011006   -21.076661    -8.887517
   73.612086   -24.662261    -3.987367
   71.672006   -29.150431   -12.566207
   74.036526   -22.754221   -13.654587
   77.344816   -15.459931    -8.086877
   78.160376   -14.437771    -2.304817
   81.849286    -4.486681    -6.491197
   80.403596    -9.222151    -2.140497
   78.925306   -10.009711   -12.626887
   81.240496    -4.148321   -11.242097
   81.150746     8.654719   -22.600687
   81.670746    12.650299   -20.178977
   82.122966     1.713379   -14.900587
   80.945086     2.577649   -19.883247
   79.026156    20.382499   -25.220897
   80.155696    18.155509   -21.261127
   79.311466     9.943799   -26.652247
   78.678756    16.252559   -28.304237
   75.699356    25.640479   -24.731477
   73.150106    28.574019   -19.345037
   64.961906    34.173139   -21.655607
   67.943436    32.864199   -17.233457
   72.772996    27.078689   -28.556797
   67.284946    31.312459   -27.570167
   58.920676    38.242089   -19.658047
   56.536116    40.898059   -12.818167
   46.604976    47.614949   -17.150427
   50.623976    45.420749   -11.744477
   54.806796    39.708709   -24.434157
   48.418466    44.515649   -22.976257
   40.094856    52.844189   -17.208537
   38.187536    55.625449   -12.689287
   26.822826    64.268729   -19.107997
   31.841026    61.393309   -13.913547
   34.748826    55.019039   -22.045367
   27.761746    60.667809   -22.691837
   20.688036    70.010539   -20.870407
   20.126376    73.193679   -17.429237
    9.750536    79.238329   -24.172307
   15.130376    78.138549   -19.339857
   14.926116    71.712399   -26.354517
    9.010706    76.115809   -27.933827
    3.836646    81.869639   -23.413827
    4.654556    84.135839   -18.865217
   -4.335344    80.764429   -24.734297
  -12.052014    81.003119   -20.190317
  -22.779904    76.008619   -24.809057
  -21.189634    78.231139   -20.026887
   -5.851664    78.099259   -29.321947
  -15.216534    76.160369   -29.554467
  -31.104534    72.704049   -24.717937
  -37.043404    71.083609   -20.370797
  -44.340684    64.233609   -23.360077
  -43.303874    66.776069   -19.770137
  -32.457824    70.378879   -28.351207
  -39.407804    66.223099   -27.539867
  -49.450824    58.725799   -22.302197
  -52.858974    56.096689   -17.458787
  -57.708124    45.191899   -21.813937
  -56.658824    49.441419   -17.265787
  -50.260074    54.591269   -25.813347
  -54.706344    47.790399   -25.564887
  -61.095534    37.745279   -22.165537
  -62.938034    34.722379   -18.664507
  -66.328484    23.018909   -23.366387
  -65.367584    27.452239   -19.770787
  -62.097254    33.840769   -25.653447
  -64.892634    26.383449   -25.691567
  -68.278014    16.509609   -24.482037
  -69.076554    14.738779   -22.532637
  -71.306224     5.450719   -25.168737
  -70.591164     9.298749   -22.915867
  -68.894304    12.231059   -27.240167
  -70.407074     6.505339   -27.623247
  -72.288274     0.111469   -23.350357
  -72.747474    -1.305991   -19.321067
  -72.286564    -4.606561   -24.035547
  -72.447764   -10.864561   -20.793287
  -71.174384   -18.418711   -24.166487
  -71.826344   -17.561191   -20.746887
  -71.432834    -4.578601   -27.411977
  -70.956864   -11.752391   -27.628617
  -70.078244   -26.945961   -24.089157
  -69.645494   -33.819341   -20.310957
  -66.244984   -43.633561   -24.067207
  -67.916154   -41.662581   -20.061327
  -68.883194   -29.159431   -27.679807
  -66.833474   -38.032831   -27.845107
  -62.917204   -50.509521   -24.013917
  -61.901314   -54.249851   -19.492387
  -52.491284   -61.558811   -24.607207
  -57.025204   -59.492791   -19.827037
  -59.463634   -52.986531   -27.854437
  -53.778194   -58.714561   -28.100137
  -46.244144   -66.102071   -24.637287
  -44.932424   -68.569991   -20.529967
  -33.873024   -72.924211   -22.450687
  -38.817164   -72.210161   -19.661097
  -40.329624   -67.407031   -27.811637
  -33.711674   -70.540731   -26.575557
  -28.507544   -74.837941   -21.470517
  -27.817314   -76.681041   -17.489457
  -16.682124   -75.531241   -22.124497
  -21.800954   -77.135561   -17.728477
  -21.614384   -73.525331   -25.376897
  -15.880564   -73.750331   -25.818037
   -7.815734   -75.459011   -22.259647
   -4.641974   -76.515311   -18.475307
    1.473426   -74.531621   -24.738577
   12.498176   -75.050601   -22.233087
   24.960606   -73.129351   -25.787977
   22.799046   -74.288771   -22.023937
    3.469926   -73.076071   -28.284277
   16.745706   -72.429401   -29.461717
   34.222546   -71.434021   -25.559067
   38.835746   -70.491431   -19.982607
   46.459086   -64.817501   -24.825077
   44.649816   -67.101401   -18.854007
   36.255176   -69.177701   -30.521847
   42.347146   -66.036371   -30.963207
   51.544116   -59.606581   -23.664037
   55.197526   -56.926311   -15.823427
   60.059436   -46.377751   -21.175657
   59.597946   -50.594501   -14.742627
   51.873486   -56.015421   -29.222197
   55.966166   -49.079961   -27.637997
   63.746846   -39.524311   -20.974257
   66.820646   -37.619651   -15.592037
   70.354226   -26.014351   -21.777077
   69.876596   -31.187661   -16.753987
   63.744896   -34.404751   -26.106287
   67.318406   -27.292411   -25.933797
   73.229146   -18.683241   -22.067437
   75.109816   -17.447661   -18.145127
   78.724156    -3.536151   -21.215057
   77.707876   -10.289951   -17.798337
   73.586976   -11.741061   -25.854237
   76.543376    -3.711961   -25.290437
   72.612146    10.791349   -34.173167
   75.531106    17.217999   -31.977527
   76.758746     3.653779   -28.097967
   73.277316     3.508039   -31.930497
   68.233386    23.168469   -36.323197
   73.015026    22.926099   -32.649947
   67.674406    10.406279   -37.667417
   65.831936    17.080379   -39.088547
   63.539746    28.117289   -36.308407
   62.782796    32.094159   -31.714517
   50.909296    37.140579   -34.850777
   56.374806    36.385529   -30.548607
   57.951476    27.861869   -40.040497
   51.753306    32.584179   -39.741417
   43.850956    41.928559   -33.642117
   42.931286    45.965319   -27.819047
   28.778796    52.264479   -31.930357
   35.727006    51.197659   -26.928077
   36.988536    42.468489   -38.106127
   29.119376    47.622019   -37.323417
   21.203216    57.759019   -32.543947
   21.189966    62.294029   -28.119237
    6.941136    68.376919   -35.828927
   14.465966    67.721179   -30.105317
   13.656196    58.471409   -38.425597
    6.132326    63.782979   -39.727417
   -0.089514    72.408349   -35.965947
    1.448626    76.040679   -31.837057
   -9.210634    71.600189   -37.500387
  -16.944814    73.317419   -33.554237
  -27.043254    67.547129   -35.355887
  -25.874384    70.905449   -32.439347
  -10.473834    67.666539   -40.784657
  -19.348424    66.051829   -39.841727
  -34.432024    63.422849   -33.857247
  -40.309024    62.586149   -30.143617
  -46.198164    51.010029   -31.809077
  -45.960854    56.411829   -29.318407
  -34.127634    58.012039   -36.819137
  -40.206194    51.686579   -35.581517
  -51.263474    44.775909   -31.356567
  -55.439074    43.395509   -28.631337
  -59.846674    32.841739   -31.089447
  -59.466034    37.048619   -28.496067
  -51.438064    39.469699   -34.269397
  -55.999664    33.786129   -34.074407
  -62.882404    25.187629   -31.247777
  -65.389604    22.093109   -28.639037
  -67.024144     7.879189   -32.235697
  -67.396104    14.188339   -29.248157
  -61.770184    17.660789   -34.021917
  -63.906084     8.156299   -34.432037
  -68.690344     0.608619   -32.009647
  -70.452494     1.183649   -29.337377
  -68.204554    -7.368691   -33.235417
  -69.608564   -13.743191   -30.758127
  -66.351094   -26.000671   -33.625377
  -68.686684   -22.758791   -30.841247
  -65.176054    -9.918181   -35.523607
  -64.201024   -19.680741   -35.778387
  -64.245984   -35.480101   -33.437287
  -64.420544   -41.138731   -30.889847
  -55.969174   -52.075631   -32.818237
  -60.457384   -49.182451   -30.795827
  -60.060764   -38.182011   -35.068167
  -55.901794   -46.686511   -34.492567
  -49.246894   -58.132891   -33.049447
  -48.078204   -60.975721   -31.205627
  -32.597904   -65.716251   -33.777977
  -40.589974   -65.040361   -31.152577
  -42.225574   -59.426861   -34.858137
  -33.197434   -62.928731   -35.736237
  -23.574714   -67.821451   -33.619437
  -25.103284   -70.345451   -29.694367
   -6.556644   -69.495811   -33.520997
  -18.021724   -71.398591   -29.444327
  -13.892684   -65.831181   -36.855297
   -4.029274   -66.452471   -37.016197
    0.885216   -70.100861   -33.175677
   -4.909274   -72.207131   -29.488957
   13.361676   -68.721481   -35.531697
   20.970796   -70.232801   -33.228447
   31.510206   -65.153031   -38.185967
   30.758816   -68.642931   -34.315127
   15.280896   -65.241301   -38.804487
   23.591456   -63.210321   -40.279377
   37.280366   -62.473461   -38.767037
   42.736796   -62.775111   -35.409667
   46.125976   -53.859781   -37.355387
   47.154396   -58.092531   -34.678887
   36.295516   -58.184881   -41.706167
   40.834876   -54.310261   -41.004447
   50.233496   -47.066371   -35.847977
   55.360456   -44.349471   -31.616817
   58.831106   -30.526121   -33.671297
   59.490546   -36.450801   -30.480877
   49.012176   -41.365631   -38.232157
   53.442926   -32.727871   -37.233667
   62.802536   -22.054261   -33.290257
   67.067636   -20.860511   -29.730317
   69.814016    -4.797981   -32.771207
   70.404586   -12.611621   -29.522377
   61.537556   -14.561571   -36.418817
   65.170166    -5.577321   -36.183797
   56.154226     8.443689   -43.949997
   60.047266    16.157879   -42.344717
   63.666136     2.312429   -38.817537
   57.898166     1.271479   -41.876277
   50.673806    20.611349   -46.641787
   56.878536    21.907249   -43.284147
   50.283596     7.273999   -47.037287
   48.009866    13.669269   -48.719987
   45.228906    26.107639   -47.272287
   45.236006    32.168799   -43.650727
   30.032026    37.248849   -47.307527
   37.548366    37.360189   -43.228087
   38.144756    25.397999   -50.661327
   30.623996    31.338039   -51.037167
   21.866136    42.804929   -47.035367
   21.498136    48.011409   -42.252377
    5.924186    53.533929   -47.129777
   13.644976    53.413269   -42.703677
   14.271486    42.845739   -50.994007
    6.268296    48.124839   -50.707797
   -2.297714    58.620289   -46.390107
   -2.209754    63.793809   -43.143897
  -10.287944    57.347829   -47.242797
  -19.029564    60.868379   -43.120357
  -24.748014    50.251729   -45.606127
  -26.337224    57.009399   -41.725427
   -9.202344    51.218439   -50.548007
  -16.389824    48.039449   -50.175847
  -31.682504    44.452749   -44.437497
  -39.328554    44.964919   -39.296637
  -45.074074    31.605059   -42.127317
  -45.595334    38.822739   -38.414677
  -31.416094    37.586719   -47.713857
  -38.557794    30.932639   -46.276477
  -49.765324    24.349889   -40.914317
  -54.916744    25.917199   -37.102287
  -54.758654     5.827569   -38.557807
  -57.502244    17.237869   -36.655647
  -47.408444    14.771939   -42.903987
  -49.635594     4.875729   -40.971647
  -57.459804    -3.888371   -37.849437
  -62.352944    -1.921341   -36.369567
  -55.581114   -14.315061   -38.304727
  -59.533114   -22.140661   -37.177677
  -51.524134   -31.677141   -37.470297
  -57.585364   -31.057031   -36.686207
  -49.968484   -14.461121   -39.383707
  -47.979144   -22.893001   -38.958607
  -47.739674   -40.026341   -36.916737
  -49.488214   -47.768511   -35.572397
  -34.690974   -53.667081   -37.280347
  -42.673304   -54.519981   -35.715257
  -41.006544   -40.146921   -37.930907
  -34.620804   -47.110991   -38.166737
  -26.113414   -56.882291   -38.523077
  -25.057434   -61.360671   -37.826827
   -6.909984   -58.065751   -41.434157
  -15.119454   -62.107971   -39.030397
  -17.005534   -52.583981   -41.015437
   -7.745374   -52.924571   -42.722197
    3.478296   -58.927331   -42.032837
    5.487526   -63.513391   -39.757747
   11.849896   -55.923961   -44.130317
   21.872856   -58.578611   -43.290917
   27.925996   -50.758211   -47.256697
   29.051886   -56.223871   -44.338167
   11.149156   -50.352871   -46.501307
   20.131246   -47.496281   -48.711017
   33.659546   -47.171881   -47.184837
   39.359356   -48.751761   -43.514637
   41.749196   -35.288741   -44.694637
   43.346456   -42.582521   -42.142387
   32.414896   -40.226131   -49.499647
   36.368116   -34.485271   -48.341757
   45.786716   -26.850631   -43.581147
   51.849066   -25.498671   -40.069347
   53.837196    -7.860921   -42.453477
   55.923086   -15.920691   -39.646707
   43.936326   -18.291341   -46.267477
   47.875506    -8.983201   -45.619147
   38.887836     6.118609   -52.990017
   41.813876    12.909609   -51.749057
   46.177066    -0.891441   -48.060817
   40.827446    -1.237931   -51.070827
   30.493416    18.946049   -55.479127
   37.358556    19.048179   -52.954517
   33.794286     6.042669   -55.429027
   29.750256    12.655279   -56.593467
   23.583596    25.193569   -56.086267
   23.155776    31.252599   -54.086897
    7.324536    36.812629   -56.170317
   14.931076    37.161349   -54.225157
   15.659096    25.562189   -57.441307
    7.394926    31.246659   -57.306337
   -0.570454    41.426139   -55.339037
   -1.024004    47.179149   -52.971237
   -8.448514    39.163339   -55.125427
  -16.019214    41.657739   -52.636877
  -25.072914    30.496779   -51.895287
  -24.134014    36.961979   -51.211727
   -9.369054    33.580309   -55.655907
  -17.916614    29.484449   -53.782237
  -31.876434    23.951879   -49.863837
  -38.081334    23.778159   -47.722287
  -39.527544     6.643049   -45.420997
  -42.122644    15.123019   -45.660257
  -30.607584    15.624299   -49.321857
  -34.183334     6.950569   -47.010077
  -41.883874    -3.367931   -43.015497
  -46.833284    -4.810711   -41.209997
  -39.692894   -12.498731   -42.218527
  -42.539074   -22.338631   -40.094747
  -33.386424   -31.626701   -40.994357
  -39.440464   -31.553541   -39.513387
  -34.652304   -12.826361   -43.640957
  -31.622314   -22.941251   -42.918727
  -26.366204   -37.998011   -41.569767
  -26.156314   -44.803091   -40.348947
   -6.110734   -41.227691   -45.409267
  -16.666144   -46.798471   -42.069417
  -17.535464   -34.647541   -44.270487
   -6.659774   -35.652961   -46.419597
    3.541126   -41.997961   -47.407587
    2.100466   -48.121191   -45.715027
   12.955286   -37.753121   -50.278737
   20.503936   -40.926911   -50.796957
   25.845826   -29.834611   -52.886817
   26.851896   -37.289881   -51.649547
   12.340536   -31.773671   -51.207537
   18.948666   -27.591771   -52.941907
   30.078626   -24.248261   -52.761307
   34.994886   -26.039631   -50.345527
   37.275276    -9.283361   -51.733257
   38.553566   -18.206791   -49.460327
   29.338166   -15.944411   -54.306297
   33.039266    -8.628521   -54.217127
   22.638276     6.517049   -57.779527
   23.242446    13.051429   -57.734657
   31.698816    -0.828121   -55.939067
   26.964856    -0.676501   -57.155677
    6.937326    19.813459   -57.311737
   15.717806    19.748769   -57.859547
   14.808596     6.808959   -57.382187
    6.752596    13.261819   -56.825517
   -1.988014    24.614849   -56.509737
   -1.399314    30.392679   -56.929827
  -10.336244    20.482449   -54.585737
  -18.113164    22.111699   -53.159367
  -21.958814     4.580489   -49.872797
  -24.075914    14.552219   -50.773517
   -9.768594    12.372489   -53.722367
  -15.432654     4.133729   -51.432707
  -25.753884    -4.743121   -47.467517
  -31.618414    -3.366171   -46.012077
  -22.464534   -14.261101   -46.853227
  -24.970314   -22.864351   -44.735937
   -9.591384   -24.608091   -48.081247
  -18.083574   -28.277341   -45.442567
  -15.640354   -12.927521   -48.875507
   -9.695734   -17.857801   -49.392527
    0.144276   -25.817291   -49.849887
    2.430096   -30.743241   -49.329327
    8.388386   -20.839791   -52.368947
   17.342276   -21.342861   -53.663187
   22.802666    -7.903091   -56.307677
   23.690246   -15.178601   -55.119607
    7.186316   -14.631701   -53.300717
   14.961766    -7.915511   -55.630037
   -1.800344     3.225019   -54.428427
   -1.821894    10.303089   -55.129327
   11.727796    -0.474621   -56.238557
    3.360656    -0.852881   -54.892937
   -6.661754    -2.499881   -52.671367
  -12.836014    -4.047841   -50.961597
   -1.728274    -6.426641   -53.120357
   -1.577454   -13.273561   -51.940577
   591    199    596
   596      1    591
   591      1    604
   604    202    591
   591    202    592
   592    199    591
   592    202    606
   606      2    592
   592      2    593
   593    199    592
   593      2    612
   612    204    593
   593    204    594
   594    199    593
   594    204    614
   614      3    594
   594      3    595
   595    199    594
   595      3    597
   597    200    595
   595    200    596
   596    199    595
   596    200    600
   600      1    596
   597      3    622
   622    207    597
   597    207    598
   598    200    597
   598    207    624
   624      4    598
   598      4    599
   599    200    598
   599      4    601
   601    201    599
   599    201    600
   600    200    599
   600    201    604
   604      1    600
   601      4    632
   632    210    601
   601    210    602
   602    201    601
   602    210    634
   634      5    602
   602      5    603
   603    201    602
   603      5    605
   605    202    603
   603    202    604
   604    201    603
   605      5    642
   642    213    605
   605    213    606
   606    202    605
   606    213    644
   644      2    606
   607    203    612
   612      2    607
   607      2    644
   644    214    607
   607    214    608
   608    203    607
   608    214    646
   646      6    608
   608      6    609
   609    203    608
   609      6    652
   652    216    609
   609    216    610
   610    203    609
   610    216    654
   654      7    610
   610      7    611
   611    203    610
   611      7    613
   613    204    611
   611    204    612
   612    203    611
   613      7    615
   615    205    613
   613    205    614
   614    204    613
   614    205    618
   618      3    614
   615      7    658
   658    218    615
   615    218    616
   616    205    615
   616    218    660
   660      8    616
   616      8    617
   617    205    616
   617      8    619
   619    206    617
   617    206    618
   618    205    617
   618    206    622
   622      3    618
   619      8    668
   668    221    619
   619    221    620
   620    206    619
   620    221    670
   670      9    620
   620      9    621
   621    206    620
   621      9    623
   623    207    621
   621    207    622
   622    206    621
   623      9    625
   625    208    623
   623    208    624
   624    207    623
   624    208    628
   628      4    624
   625      9    674
   674    223    625
   625    223    626
   626    208    625
   626    223    676
   676     10    626
   626     10    627
   627    208    626
   627     10    629
   629    209    627
   627    209    628
   628    208    627
   628    209    632
   632      4    628
   629     10    684
   684    226    629
   629    226    630
   630    209    629
   630    226    686
   686     11    630
   630     11    631
   631    209    630
   631     11    633
   633    210    631
   631    210    632
   632    209    631
   633     11    635
   635    211    633
   633    211    634
   634    210    633
   634    211    638
   638      5    634
   635     11    690
   690    228    635
   635    228    636
   636    211    635
   636    228    692
   692     12    636
   636     12    637
   637    211    636
   637     12    639
   639    212    637
   637    212    638
   638    211    637
   638    212    642
   642      5    638
   639     12    700
   700    231    639
   639    231    640
   640    212    639
   640    231    702
   702     13    640
   640     13    641
   641    212    640
   641     13    643
   643    213    641
   641    213    642
   642    212    641
   643     13    645
   645    214    643
   643    214    644
   644    213    643
   645     13    706
   706    233    645
   645    233    646
   646    214    645
   646    233    708
   708      6    646
   647    215    652
   652      6    647
   647      6    708
   708    234    647
   647    234    648
   648    215    647
   648    234    710
   710     14    648
   648     14    649
   649    215    648
   649     14    716
   716    236    649
   649    236    650
   650    215    649
   650    236    718
   718     15    650
   650     15    651
   651    215    650
   651     15    653
   653    216    651
   651    216    652
   652    215    651
   653     15    655
   655    217    653
   653    217    654
   654    216    653
   654    217    658
   658      7    654
   655     15    722
   722    238    655
   655    238    656
   656    217    655
   656    238    724
   724     16    656
   656     16    657
   657    217    656
   657     16    659
   659    218    657
   657    218    658
   658    217    657
   659     16    661
   661    219    659
   659    219    660
   660    218    659
   660    219    664
   664      8    660
   661     16    728
   728    240    661
   661    240    662
   662    219    661
   662    240    730
   730     17    662
   662     17    663
   663    219    662
   663     17    665
   665    220    663
   663    220    664
   664    219    663
   664    220    668
   668      8    664
   665     17    738
   738    243    665
   665    243    666
   666    220    665
   666    243    740
   740     18    666
   666     18    667
   667    220    666
   667     18    669
   669    221    667
   667    221    668
   668    220    667
   669     18    671
   671    222    669
   669    222    670
   670    221    669
   670    222    674
   674      9    670
   671     18    744
   744    245    671
   671    245    672
   672    222    671
   672    245    746
   746     19    672
   672     19    673
   673    222    672
   673     19    675
   675    223    673
   673    223    674
   674    222    673
   675     19    677
   677    224    675
   675    224    676
   676    223    675
   676    224    680
   680     10    676
   677     19    750
   750    247    677
   677    247    678
   678    224    677
   678    247    752
   752     20    678
   678     20    679
   679    224    678
   679     20    681
   681    225    679
   679    225    680
   680    224    679
   680    225    684
   684     10    680
   681     20    760
   760    250    681
   681    250    682
   682    225    681
   682    250    762
   762     21    682
   682     21    683
   683    225    682
   683     21    685
   685    226    683
   683    226    684
   684    225    683
   685     21    687
   687    227    685
   685    227    686
   686    226    685
   686    227    690
   690     11    686
   687     21    766
   766    252    687
   687    252    688
   688    227    687
   688    252    768
   768     22    688
   688     22    689
   689    227    688
   689     22    691
   691    228    689
   689    228    690
   690    227    689
   691     22    693
   693    229    691
   691    229    692
   692    228    691
   692    229    696
   696     12    692
   693     22    772
   772    254    693
   693    254    694
   694    229    693
   694    254    774
   774     23    694
   694     23    695
   695    229    694
   695     23    697
   697    230    695
   695    230    696
   696    229    695
   696    230    700
   700     12    696
   697     23    782
   782    257    697
   697    257    698
   698    230    697
   698    257    784
   784     24    698
   698     24    699
   699    230    698
   699     24    701
   701    231    699
   699    231    700
   700    230    699
   701     24    703
   703    232    701
   701    232    702
   702    231    701
   702    232    706
   706     13    702
   703     24    788
   788    259    703
   703    259    704
   704    232    703
   704    259    790
   790     25    704
   704     25    705
   705    232    704
   705     25    707
   707    233    705
   705    233    706
   706    232    705
   707     25    709
   709    234    707
   707    234    708
   708    233    707
   709     25    794
   794    261    709
   709    261    710
   710    234    709
   710    261    796
   796     14    710
   711    235    716
   716     14    711
   711     14    796
   796    262    711
   711    262    712
   712    235    711
   712    262    798
   798     26    712
   712     26    713
   713    235    712
   713     26    804
   804    264    713
   713    264    714
   714    235    713
   714    264    806
   806     27    714
   714     27    715
   715    235    714
   715     27    717
   717    236    715
   715    236    716
   716    235    715
   717     27    719
   719    237    717
   717    237    718
   718    236    717
   718    237    722
   722     15    718
   719     27    810
   810    266    719
   719    266    720
   720    237    719
   720    266    812
   812     28    720
   720     28    721
   721    237    720
   721     28    723
   723    238    721
   721    238    722
   722    237    721
   723     28    725
   725    239    723
   723    239    724
   724    238    723
   724    239    728
   728     16    724
   725     28    816
   816    268    725
   725    268    726
   726    239    725
   726    268    818
   818     29    726
   726     29    727
   727    239    726
   727     29    729
   729    240    727
   727    240    728
   728    239    727
   729     29    731
   731    241    729
   729    241    730
   730    240    729
   730    241    734
   734     17    730
   731     29    822
   822    270    731
   731    270    732
   732    241    731
   732    270    824
   824     30    732
   732     30    733
   733    241    732
   733     30    735
   735    242    733
   733    242    734
   734    241    733
   734    242    738
   738     17    734
   735     30    832
   832    273    735
   735    273    736
   736    242    735
   736    273    834
   834     31    736
   736     31    737
   737    242    736
   737     31    739
   739    243    737
   737    243    738
   738    242    737
   739     31    741
   741    244    739
   739    244    740
   740    243    739
   740    244    744
   744     18    740
   741     31    838
   838    275    741
   741    275    742
   742    244    741
   742    275    840
   840     32    742
   742     32    743
   743    244    742
   743     32    745
   745    245    743
   743    245    744
   744    244    743
   745     32    747
   747    246    745
   745    246    746
   746    245    745
   746    246    750
   750     19    746
   747     32    844
   844    277    747
   747    277    748
   748    246    747
   748    277    846
   846     33    748
   748     33    749
   749    246    748
   749     33    751
   751    247    749
   749    247    750
   750    246    749
   751     33    753
   753    248    751
   751    248    752
   752    247    751
   752    248    756
   756     20    752
   753     33    850
   850    279    753
   753    279    754
   754    248    753
   754    279    852
   852     34    754
   754     34    755
   755    248    754
   755     34    757
   757    249    755
   755    249    756
   756    248    755
   756    249    760
   760     20    756
   757     34    860
   860    282    757
   757    282    758
   758    249    757
   758    282    862
   862     35    758
   758     35    759
   759    249    758
   759     35    761
   761    250    759
   759    250    760
   760    249    759
   761     35    763
   763    251    761
   761    251    762
   762    250    761
   762    251    766
   766     21    762
   763     35    866
   866    284    763
   763    284    764
   764    251    763
   764    284    868
   868     36    764
   764     36    765
   765    251    764
   765     36    767
   767    252    765
   765    252    766
   766    251    765
   767     36    769
   769    253    767
   767    253    768
   768    252    767
   768    253    772
   772     22    768
   769     36    872
   872    286    769
   769    286    770
   770    253    769
   770    286    874
   874     37    770
   770     37    771
   771    253    770
   771     37    773
   773    254    771
   771    254    772
   772    253    771
   773     37    775
   775    255    773
   773    255    774
   774    254    773
   774    255    778
   778     23    774
   775     37    878
   878    288    775
   775    288    776
   776    255    775
   776    288    880
   880     38    776
   776     38    777
   777    255    776
   777     38    779
   779    256    777
   777    256    778
   778    255    777
   778    256    782
   782     23    778
   779     38    888
   888    291    779
   779    291    780
   780    256    779
   780    291    890
   890     39    780
   780     39    781
   781    256    780
   781     39    783
   783    257    781
   781    257    782
   782    256    781
   783     39    785
   785    258    783
   783    258    784
   784    257    783
   784    258    788
   788     24    784
   785     39    894
   894    293    785
   785    293    786
   786    258    785
   786    293    896
   896     40    786
   786     40    787
   787    258    786
   787     40    789
   789    259    787
   787    259    788
   788    258    787
   789     40    791
   791    260    789
   789    260    790
   790    259    789
   790    260    794
   794     25    790
   791     40    900
   900    295    791
   791    295    792
   792    260    791
   792    295    902
   902     41    792
   792     41    793
   793    260    792
   793     41    795
   795    261    793
   793    261    794
   794    260    793
   795     41    797
   797    262    795
   795    262    796
   796    261    795
   797     41    906
   906    297    797
   797    297    798
   798    262    797
   798    297    908
   908     26    798
   799    263    804
   804     26    799
   799     26    908
   908    298    799
   799    298    800
   800    263    799
   800    298    910
   910     42    800
   800     42    801
   801    263    800
   801     42    916
   916    300    801
   801    300    802
   802    263    801
   802    300    918
   918     43    802
   802     43    803
   803    263    802
   803     43    805
   805    264    803
   803    264    804
   804    263    803
   805     43    807
   807    265    805
   805    265    806
   806    264    805
   806    265    810
   810     27    806
   807     43    922
   922    302    807
   807    302    808
   808    265    807
   808    302    924
   924     44    808
   808     44    809
   809    265    808
   809     44    811
   811    266    809
   809    266    810
   810    265    809
   811     44    813
   813    267    811
   811    267    812
   812    266    811
   812    267    816
   816     28    812
   813     44    928
   928    304    813
   813    304    814
   814    267    813
   814    304    930
   930     45    814
   814     45    815
   815    267    814
   815     45    817
   817    268    815
   815    268    816
   816    267    815
   817     45    819
   819    269    817
   817    269    818
   818    268    817
   818    269    822
   822     29    818
   819     45    934
   934    306    819
   819    306    820
   820    269    819
   820    306    936
   936     46    820
   820     46    821
   821    269    820
   821     46    823
   823    270    821
   821    270    822
   822    269    821
   823     46    825
   825    271    823
   823    271    824
   824    270    823
   824    271    828
   828     30    824
   825     46    940
   940    308    825
   825    308    826
   826    271    825
   826    308    942
   942     47    826
   826     47    827
   827    271    826
   827     47    829
   829    272    827
   827    272    828
   828    271    827
   828    272    832
   832     30    828
   829     47    950
   950    311    829
   829    311    830
   830    272    829
   830    311    952
   952     48    830
   830     48    831
   831    272    830
   831     48    833
   833    273    831
   831    273    832
   832    272    831
   833     48    835
   835    274    833
   833    274    834
   834    273    833
   834    274    838
   838     31    834
   835     48    956
   956    313    835
   835    313    836
   836    274    835
   836    313    958
   958     49    836
   836     49    837
   837    274    836
   837     49    839
   839    275    837
   837    275    838
   838    274    837
   839     49    841
   841    276    839
   839    276    840
   840    275    839
   840    276    844
   844     32    840
   841     49    962
   962    315    841
   841    315    842
   842    276    841
   842    315    964
   964     50    842
   842     50    843
   843    276    842
   843     50    845
   845    277    843
   843    277    844
   844    276    843
   845     50    847
   847    278    845
   845    278    846
   846    277    845
   846    278    850
   850     33    846
   847     50    968
   968    317    847
   847    317    848
   848    278    847
   848    317    970
   970     51    848
   848     51    849
   849    278    848
   849     51    851
   851    279    849
   849    279    850
   850    278    849
   851     51    853
   853    280    851
   851    280    852
   852    279    851
   852    280    856
   856     34    852
   853     51    974
   974    319    853
   853    319    854
   854    280    853
   854    319    976
   976     52    854
   854     52    855
   855    280    854
   855     52    857
   857    281    855
   855    281    856
   856    280    855
   856    281    860
   860     34    856
   857     52    984
   984    322    857
   857    322    858
   858    281    857
   858    322    986
   986     53    858
   858     53    859
   859    281    858
   859     53    861
   861    282    859
   859    282    860
   860    281    859
   861     53    863
   863    283    861
   861    283    862
   862    282    861
   862    283    866
   866     35    862
   863     53    990
   990    324    863
   863    324    864
   864    283    863
   864    324    992
   992     54    864
   864     54    865
   865    283    864
   865     54    867
   867    284    865
   865    284    866
   866    283    865
   867     54    869
   869    285    867
   867    285    868
   868    284    867
   868    285    872
   872     36    868
   869     54    996
   996    326    869
   869    326    870
   870    285    869
   870    326    998
   998     55    870
   870     55    871
   871    285    870
   871     55    873
   873    286    871
   871    286    872
   872    285    871
   873     55    875
   875    287    873
   873    287    874
   874    286    873
   874    287    878
   878     37    874
   875     55   1002
  1002    328    875
   875    328    876
   876    287    875
   876    328   1004
  1004     56    876
   876     56    877
   877    287    876
   877     56    879
   879    288    877
   877    288    878
   878    287    877
   879     56    881
   881    289    879
   879    289    880
   880    288    879
   880    289    884
   884     38    880
   881     56   1008
  1008    330    881
   881    330    882
   882    289    881
   882    330   1010
  1010     57    882
   882     57    883
   883    289    882
   883     57    885
   885    290    883
   883    290    884
   884    289    883
   884    290    888
   888     38    884
   885     57   1018
  1018    333    885
   885    333    886
   886    290    885
   886    333   1020
  1020     58    886
   886     58    887
   887    290    886
   887     58    889
   889    291    887
   887    291    888
   888    290    887
   889     58    891
   891    292    889
   889    292    890
   890    291    889
   890    292    894
   894     39    890
   891     58   1024
  1024    335    891
   891    335    892
   892    292    891
   892    335   1026
  1026     59    892
   892     59    893
   893    292    892
   893     59    895
   895    293    893
   893    293    894
   894    292    893
   895     59    897
   897    294    895
   895    294    896
   896    293    895
   896    294    900
   900     40    896
   897     59   1030
  1030    337    897
   897    337    898
   898    294    897
   898    337   1032
  1032     60    898
   898     60    899
   899    294    898
   899     60    901
   901    295    899
   899    295    900
   900    294    899
   901     60    903
   903    296    901
   901    296    902
   902    295    901
   902    296    906
   906     41    902
   903     60   1036
  1036    339    903
   903    339    904
   904    296    903
   904    339   1038
  1038     61    904
   904     61    905
   905    296    904
   905     61    907
   907    297    905
   905    297    906
   906    296    905
   907     61    909
   909    298    907
   907    298    908
   908    297    907
   909     61   1042
  1042    341    909
   909    341    910
   910    298    909
   910    341   1044
  1044     42    910
   911    299    916
   916     42    911
   911     42   1044
  1044    342    911
   911    342    912
   912    299    911
   912    342   1046
  1046     62    912
   912     62    913
   913    299    912
   913     62   1052
  1052    344    913
   913    344    914
   914    299    913
   914    344   1054
  1054     63    914
   914     63    915
   915    299    914
   915     63    917
   917    300    915
   915    300    916
   916    299    915
   917     63    919
   919    301    917
   917    301    918
   918    300    917
   918    301    922
   922     43    918
   919     63   1058
  1058    346    919
   919    346    920
   920    301    919
   920    346   1060
  1060     64    920
   920     64    921
   921    301    920
   921     64    923
   923    302    921
   921    302    922
   922    301    921
   923     64    925
   925    303    923
   923    303    924
   924    302    923
   924    303    928
   928     44    924
   925     64   1064
  1064    348    925
   925    348    926
   926    303    925
   926    348   1066
  1066     65    926
   926     65    927
   927    303    926
   927     65    929
   929    304    927
   927    304    928
   928    303    927
   929     65    931
   931    305    929
   929    305    930
   930    304    929
   930    305    934
   934     45    930
   931     65   1070
  1070    350    931
   931    350    932
   932    305    931
   932    350   1072
  1072     66    932
   932     66    933
   933    305    932
   933     66    935
   935    306    933
   933    306    934
   934    305    933
   935     66    937
   937    307    935
   935    307    936
   936    306    935
   936    307    940
   940     46    936
   937     66   1076
  1076    352    937
   937    352    938
   938    307    937
   938    352   1078
  1078     67    938
   938     67    939
   939    307    938
   939     67    941
   941    308    939
   939    308    940
   940    307    939
   941     67    943
   943    309    941
   941    309    942
   942    308    941
   942    309    946
   946     47    942
   943     67   1082
  1082    354    943
   943    354    944
   944    309    943
   944    354   1084
  1084     68    944
   944     68    945
   945    309    944
   945     68    947
   947    310    945
   945    310    946
   946    309    945
   946    310    950
   950     47    946
   947     68   1092
  1092    357    947
   947    357    948
   948    310    947
   948    357   1094
  1094     69    948
   948     69    949
   949    310    948
   949     69    951
   951    311    949
   949    311    950
   950    310    949
   951     69    953
   953    312    951
   951    312    952
   952    311    951
   952    312    956
   956     48    952
   953     69   1098
  1098    359    953
   953    359    954
   954    312    953
   954    359   1100
  1100     70    954
   954     70    955
   955    312    954
   955     70    957
   957    313    955
   955    313    956
   956    312    955
   957     70    959
   959    314    957
   957    314    958
   958    313    957
   958    314    962
   962     49    958
   959     70   1104
  1104    361    959
   959    361    960
   960    314    959
   960    361   1106
  1106     71    960
   960     71    961
   961    314    960
   961     71    963
   963    315    961
   961    315    962
   962    314    961
   963     71    965
   965    316    963
   963    316    964
   964    315    963
   964    316    968
   968     50    964
   965     71   1110
  1110    363    965
   965    363    966
   966    316    965
   966    363   1112
  1112     72    966
   966     72    967
   967    316    966
   967     72    969
   969    317    967
   967    317    968
   968    316    967
   969     72    971
   971    318    969
   969    318    970
   970    317    969
   970    318    974
   974     51    970
   971     72   1116
  1116    365    971
   971    365    972
   972    318    971
   972    365   1118
  1118     73    972
   972     73    973
   973    318    972
   973     73    975
   975    319    973
   973    319    974
   974    318    973
   975     73    977
   977    320    975
   975    320    976
   976    319    975
   976    320    980
   980     52    976
   977     73   1122
  1122    367    977
   977    367    978
   978    320    977
   978    367   1124
  1124     74    978
   978     74    979
   979    320    978
   979     74    981
   981    321    979
   979    321    980
   980    320    979
   980    321    984
   984     52    980
   981     74   1132
  1132    370    981
   981    370    982
   982    321    981
   982    370   1134
  1134     75    982
   982     75    983
   983    321    982
   983     75    985
   985    322    983
   983    322    984
   984    321    983
   985     75    987
   987    323    985
   985    323    986
   986    322    985
   986    323    990
   990     53    986
   987     75   1138
  1138    372    987
   987    372    988
   988    323    987
   988    372   1140
  1140     76    988
   988     76    989
   989    323    988
   989     76    991
   991    324    989
   989    324    990
   990    323    989
   991     76    993
   993    325    991
   991    325    992
   992    324    991
   992    325    996
   996     54    992
   993     76   1144
  1144    374    993
   993    374    994
   994    325    993
   994    374   1146
  1146     77    994
   994     77    995
   995    325    994
   995     77    997
   997    326    995
   995    326    996
   996    325    995
   997     77    999
   999    327    997
   997    327    998
   998    326    997
   998    327   1002
  1002     55    998
   999     77   1150
  1150    376    999
   999    376   1000
  1000    327    999
  1000    376   1152
  1152     78   1000
  1000     78   1001
  1001    327   1000
  1001     78   1003
  1003    328   1001
  1001    328   1002
  1002    327   1001
  1003     78   1005
  1005    329   1003
  1003    329   1004
  1004    328   1003
  1004    329   1008
  1008     56   1004
  1005     78   1156
  1156    378   1005
  1005    378   1006
  1006    329   1005
  1006    378   1158
  1158     79   1006
  1006     79   1007
  1007    329   1006
  1007     79   1009
  1009    330   1007
  1007    330   1008
  1008    329   1007
  1009     79   1011
  1011    331   1009
  1009    331   1010
  1010    330   1009
  1010    331   1014
  1014     57   1010
  1011     79   1162
  1162    380   1011
  1011    380   1012
  1012    331   1011
  1012    380   1164
  1164     80   1012
  1012     80   1013
  1013    331   1012
  1013     80   1015
  1015    332   1013
  1013    332   1014
  1014    331   1013
  1014    332   1018
  1018     57   1014
  1015     80   1172
  1172    383   1015
  1015    383   1016
  1016    332   1015
  1016    383   1174
  1174     81   1016
  1016     81   1017
  1017    332   1016
  1017     81   1019
  1019    333   1017
  1017    333   1018
  1018    332   1017
  1019     81   1021
  1021    334   1019
  1019    334   1020
  1020    333   1019
  1020    334   1024
  1024     58   1020
  1021     81   1178
  1178    385   1021
  1021    385   1022
  1022    334   1021
  1022    385   1180
  1180     82   1022
  1022     82   1023
  1023    334   1022
  1023     82   1025
  1025    335   1023
  1023    335   1024
  1024    334   1023
  1025     82   1027
  1027    336   1025
  1025    336   1026
  1026    335   1025
  1026    336   1030
  1030     59   1026
  1027     82   1184
  1184    387   1027
  1027    387   1028
  1028    336   1027
  1028    387   1186
  1186     83   1028
  1028     83   1029
  1029    336   1028
  1029     83   1031
  1031    337   1029
  1029    337   1030
  1030    336   1029
  1031     83   1033
  1033    338   1031
  1031    338   1032
  1032    337   1031
  1032    338   1036
  1036     60   1032
  1033     83   1190
  1190    389   1033
  1033    389   1034
  1034    338   1033
  1034    389   1192
  1192     84   1034
  1034     84   1035
  1035    338   1034
  1035     84   1037
  1037    339   1035
  1035    339   1036
  1036    338   1035
  1037     84   1039
  1039    340   1037
  1037    340   1038
  1038    339   1037
  1038    340   1042
  1042     61   1038
  1039     84   1196
  1196    391   1039
  1039    391   1040
  1040    340   1039
  1040    391   1198
  1198     85   1040
  1040     85   1041
  1041    340   1040
  1041     85   1043
  1043    341   1041
  1041    341   1042
  1042    340   1041
  1043     85   1045
  1045    342   1043
  1043    342   1044
  1044    341   1043
  1045     85   1202
  1202    393   1045
  1045    393   1046
  1046    342   1045
  1046    393   1204
  1204     62   1046
  1047    343   1052
  1052     62   1047
  1047     62   1204
  1204    394   1047
  1047    394   1048
  1048    343   1047
  1048    394   1206
  1206     86   1048
  1048     86   1049
  1049    343   1048
  1049     86   1209
  1209    395   1049
  1049    395   1050
  1050    343   1049
  1050    395   1208
  1208     87   1050
  1050     87   1051
  1051    343   1050
  1051     87   1053
  1053    344   1051
  1051    344   1052
  1052    343   1051
  1053     87   1055
  1055    345   1053
  1053    345   1054
  1054    344   1053
  1054    345   1058
  1058     63   1054
  1055     87   1212
  1212    397   1055
  1055    397   1056
  1056    345   1055
  1056    397   1216
  1216     88   1056
  1056     88   1057
  1057    345   1056
  1057     88   1059
  1059    346   1057
  1057    346   1058
  1058    345   1057
  1059     88   1061
  1061    347   1059
  1059    347   1060
  1060    346   1059
  1060    347   1064
  1064     64   1060
  1061     88   1218
  1218    399   1061
  1061    399   1062
  1062    347   1061
  1062    399   1222
  1222     89   1062
  1062     89   1063
  1063    347   1062
  1063     89   1065
  1065    348   1063
  1063    348   1064
  1064    347   1063
  1065     89   1067
  1067    349   1065
  1065    349   1066
  1066    348   1065
  1066    349   1070
  1070     65   1066
  1067     89   1224
  1224    401   1067
  1067    401   1068
  1068    349   1067
  1068    401   1228
  1228     90   1068
  1068     90   1069
  1069    349   1068
  1069     90   1071
  1071    350   1069
  1069    350   1070
  1070    349   1069
  1071     90   1073
  1073    351   1071
  1071    351   1072
  1072    350   1071
  1072    351   1076
  1076     66   1072
  1073     90   1230
  1230    403   1073
  1073    403   1074
  1074    351   1073
  1074    403   1234
  1234     91   1074
  1074     91   1075
  1075    351   1074
  1075     91   1077
  1077    352   1075
  1075    352   1076
  1076    351   1075
  1077     91   1079
  1079    353   1077
  1077    353   1078
  1078    352   1077
  1078    353   1082
  1082     67   1078
  1079     91   1236
  1236    405   1079
  1079    405   1080
  1080    353   1079
  1080    405   1240
  1240     92   1080
  1080     92   1081
  1081    353   1080
  1081     92   1083
  1083    354   1081
  1081    354   1082
  1082    353   1081
  1083     92   1085
  1085    355   1083
  1083    355   1084
  1084    354   1083
  1084    355   1088
  1088     68   1084
  1085     92   1242
  1242    407   1085
  1085    407   1086
  1086    355   1085
  1086    407   1246
  1246     93   1086
  1086     93   1087
  1087    355   1086
  1087     93   1089
  1089    356   1087
  1087    356   1088
  1088    355   1087
  1088    356   1092
  1092     68   1088
  1089     93   1246
  1246    408   1089
  1089    408   1090
  1090    356   1089
  1090    408   1248
  1248     94   1090
  1090     94   1091
  1091    356   1090
  1091     94   1093
  1093    357   1091
  1091    357   1092
  1092    356   1091
  1093     94   1095
  1095    358   1093
  1093    358   1094
  1094    357   1093
  1094    358   1098
  1098     69   1094
  1095     94   1250
  1250    410   1095
  1095    410   1096
  1096    358   1095
  1096    410   1254
  1254     95   1096
  1096     95   1097
  1097    358   1096
  1097     95   1099
  1099    359   1097
  1097    359   1098
  1098    358   1097
  1099     95   1101
  1101    360   1099
  1099    360   1100
  1100    359   1099
  1100    360   1104
  1104     70   1100
  1101     95   1256
  1256    412   1101
  1101    412   1102
  1102    360   1101
  1102    412   1260
  1260     96   1102
  1102     96   1103
  1103    360   1102
  1103     96   1105
  1105    361   1103
  1103    361   1104
  1104    360   1103
  1105     96   1107
  1107    362   1105
  1105    362   1106
  1106    361   1105
  1106    362   1110
  1110     71   1106
  1107     96   1262
  1262    414   1107
  1107    414   1108
  1108    362   1107
  1108    414   1266
  1266     97   1108
  1108     97   1109
  1109    362   1108
  1109     97   1111
  1111    363   1109
  1109    363   1110
  1110    362   1109
  1111     97   1113
  1113    364   1111
  1111    364   1112
  1112    363   1111
  1112    364   1116
  1116     72   1112
  1113     97   1268
  1268    416   1113
  1113    416   1114
  1114    364   1113
  1114    416   1272
  1272     98   1114
  1114     98   1115
  1115    364   1114
  1115     98   1117
  1117    365   1115
  1115    365   1116
  1116    364   1115
  1117     98   1119
  1119    366   1117
  1117    366   1118
  1118    365   1117
  1118    366   1122
  1122     73   1118
  1119     98   1274
  1274    418   1119
  1119    418   1120
  1120    366   1119
  1120    418   1278
  1278     99   1120
  1120     99   1121
  1121    366   1120
  1121     99   1123
  1123    367   1121
  1121    367   1122
  1122    366   1121
  1123     99   1125
  1125    368   1123
  1123    368   1124
  1124    367   1123
  1124    368   1128
  1128     74   1124
  1125     99   1280
  1280    420   1125
  1125    420   1126
  1126    368   1125
  1126    420   1284
  1284    100   1126
  1126    100   1127
  1127    368   1126
  1127    100   1129
  1129    369   1127
  1127    369   1128
  1128    368   1127
  1128    369   1132
  1132     74   1128
  1129    100   1284
  1284    421   1129
  1129    421   1130
  1130    369   1129
  1130    421   1286
  1286    101   1130
  1130    101   1131
  1131    369   1130
  1131    101   1133
  1133    370   1131
  1131    370   1132
  1132    369   1131
  1133    101   1135
  1135    371   1133
  1133    371   1134
  1134    370   1133
  1134    371   1138
  1138     75   1134
  1135    101   1288
  1288    423   1135
  1135    423   1136
  1136    371   1135
  1136    423   1292
  1292    102   1136
  1136    102   1137
  1137    371   1136
  1137    102   1139
  1139    372   1137
  1137    372   1138
  1138    371   1137
  1139    102   1141
  1141    373   1139
  1139    373   1140
  1140    372   1139
  1140    373   1144
  1144     76   1140
  1141    102   1294
  1294    425   1141
  1141    425   1142
  1142    373   1141
  1142    425   1298
  1298    103   1142
  1142    103   1143
  1143    373   1142
  1143    103   1145
  1145    374   1143
  1143    374   1144
  1144    373   1143
  1145    103   1147
  1147    375   1145
  1145    375   1146
  1146    374   1145
  1146    375   1150
  1150     77   1146
  1147    103   1300
  1300    427   1147
  1147    427   1148
  1148    375   1147
  1148    427   1304
  1304    104   1148
  1148    104   1149
  1149    375   1148
  1149    104   1151
  1151    376   1149
  1149    376   1150
  1150    375   1149
  1151    104   1153
  1153    377   1151
  1151    377   1152
  1152    376   1151
  1152    377   1156
  1156     78   1152
  1153    104   1306
  1306    429   1153
  1153    429   1154
  1154    377   1153
  1154    429   1310
  1310    105   1154
  1154    105   1155
  1155    377   1154
  1155    105   1157
  1157    378   1155
  1155    378   1156
  1156    377   1155
  1157    105   1159
  1159    379   1157
  1157    379   1158
  1158    378   1157
  1158    379   1162
  1162     79   1158
  1159    105   1312
  1312    431   1159
  1159    431   1160
  1160    379   1159
  1160    431   1316
  1316    106   1160
  1160    106   1161
  1161    379   1160
  1161    106   1163
  1163    380   1161
  1161    380   1162
  1162    379   1161
  1163    106   1165
  1165    381   1163
  1163    381   1164
  1164    380   1163
  1164    381   1168
  1168     80   1164
  1165    106   1318
  1318    433   1165
  1165    433   1166
  1166    381   1165
  1166    433   1322
  1322    107   1166
  1166    107   1167
  1167    381   1166
  1167    107   1169
  1169    382   1167
  1167    382   1168
  1168    381   1167
  1168    382   1172
  1172     80   1168
  1169    107   1322
  1322    434   1169
  1169    434   1170
  1170    382   1169
  1170    434   1324
  1324    108   1170
  1170    108   1171
  1171    382   1170
  1171    108   1173
  1173    383   1171
  1171    383   1172
  1172    382   1171
  1173    108   1175
  1175    384   1173
  1173    384   1174
  1174    383   1173
  1174    384   1178
  1178     81   1174
  1175    108   1326
  1326    436   1175
  1175    436   1176
  1176    384   1175
  1176    436   1330
  1330    109   1176
  1176    109   1177
  1177    384   1176
  1177    109   1179
  1179    385   1177
  1177    385   1178
  1178    384   1177
  1179    109   1181
  1181    386   1179
  1179    386   1180
  1180    385   1179
  1180    386   1184
  1184     82   1180
  1181    109   1332
  1332    438   1181
  1181    438   1182
  1182    386   1181
  1182    438   1336
  1336    110   1182
  1182    110   1183
  1183    386   1182
  1183    110   1185
  1185    387   1183
  1183    387   1184
  1184    386   1183
  1185    110   1187
  1187    388   1185
  1185    388   1186
  1186    387   1185
  1186    388   1190
  1190     83   1186
  1187    110   1338
  1338    440   1187
  1187    440   1188
  1188    388   1187
  1188    440   1342
  1342    111   1188
  1188    111   1189
  1189    388   1188
  1189    111   1191
  1191    389   1189
  1189    389   1190
  1190    388   1189
  1191    111   1193
  1193    390   1191
  1191    390   1192
  1192    389   1191
  1192    390   1196
  1196     84   1192
  1193    111   1344
  1344    442   1193
  1193    442   1194
  1194    390   1193
  1194    442   1348
  1348    112   1194
  1194    112   1195
  1195    390   1194
  1195    112   1197
  1197    391   1195
  1195    391   1196
  1196    390   1195
  1197    112   1199
  1199    392   1197
  1197    392   1198
  1198    391   1197
  1198    392   1202
  1202     85   1198
  1199    112   1350
  1350    444   1199
  1199    444   1200
  1200    392   1199
  1200    444   1354
  1354    113   1200
  1200    113   1201
  1201    392   1200
  1201    113   1203
  1203    393   1201
  1201    393   1202
  1202    392   1201
  1203    113   1205
  1205    394   1203
  1203    394   1204
  1204    393   1203
  1205    113   1356
  1356    446   1205
  1205    446   1206
  1206    394   1205
  1206    446   1209
  1209     86   1206
  1207    395   1210
  1210    114   1207
  1207    114   1213
  1213    396   1207
  1207    396   1208
  1208    395   1207
  1208    396   1212
  1212     87   1208
  1209    446   1210
  1210    395   1209
  1210    446   1355
  1355    114   1210
  1211    396   1214
  1214    115   1211
  1211    115   1215
  1215    397   1211
  1211    397   1212
  1212    396   1211
  1213    114   1361
  1361    447   1213
  1213    447   1214
  1214    396   1213
  1214    447   1360
  1360    115   1214
  1215    115   1219
  1219    398   1215
  1215    398   1216
  1216    397   1215
  1216    398   1218
  1218     88   1216
  1217    398   1220
  1220    116   1217
  1217    116   1221
  1221    399   1217
  1217    399   1218
  1218    398   1217
  1219    115   1364
  1364    449   1219
  1219    449   1220
  1220    398   1219
  1220    449   1368
  1368    116   1220
  1221    116   1225
  1225    400   1221
  1221    400   1222
  1222    399   1221
  1222    400   1224
  1224     89   1222
  1223    400   1226
  1226    117   1223
  1223    117   1227
  1227    401   1223
  1223    401   1224
  1224    400   1223
  1225    116   1370
  1370    451   1225
  1225    451   1226
  1226    400   1225
  1226    451   1374
  1374    117   1226
  1227    117   1231
  1231    402   1227
  1227    402   1228
  1228    401   1227
  1228    402   1230
  1230     90   1228
  1229    402   1232
  1232    118   1229
  1229    118   1233
  1233    403   1229
  1229    403   1230
  1230    402   1229
  1231    117   1376
  1376    453   1231
  1231    453   1232
  1232    402   1231
  1232    453   1380
  1380    118   1232
  1233    118   1237
  1237    404   1233
  1233    404   1234
  1234    403   1233
  1234    404   1236
  1236     91   1234
  1235    404   1238
  1238    119   1235
  1235    119   1239
  1239    405   1235
  1235    405   1236
  1236    404   1235
  1237    118   1382
  1382    455   1237
  1237    455   1238
  1238    404   1237
  1238    455   1386
  1386    119   1238
  1239    119   1243
  1243    406   1239
  1239    406   1240
  1240    405   1239
  1240    406   1242
  1242     92   1240
  1241    406   1244
  1244    120   1241
  1241    120   1245
  1245    407   1241
  1241    407   1242
  1242    406   1241
  1243    119   1388
  1388    457   1243
  1243    457   1244
  1244    406   1243
  1244    457   1392
  1392    120   1244
  1245    120   1247
  1247    408   1245
  1245    408   1246
  1246    407   1245
  1247    120   1251
  1251    409   1247
  1247    409   1248
  1248    408   1247
  1248    409   1250
  1250     94   1248
  1249    409   1252
  1252    121   1249
  1249    121   1253
  1253    410   1249
  1249    410   1250
  1250    409   1249
  1251    120   1392
  1392    458   1251
  1251    458   1252
  1252    409   1251
  1252    458   1394
  1394    121   1252
  1253    121   1257
  1257    411   1253
  1253    411   1254
  1254    410   1253
  1254    411   1256
  1256     95   1254
  1255    411   1258
  1258    122   1255
  1255    122   1259
  1259    412   1255
  1255    412   1256
  1256    411   1255
  1257    121   1396
  1396    460   1257
  1257    460   1258
  1258    411   1257
  1258    460   1400
  1400    122   1258
  1259    122   1263
  1263    413   1259
  1259    413   1260
  1260    412   1259
  1260    413   1262
  1262     96   1260
  1261    413   1264
  1264    123   1261
  1261    123   1265
  1265    414   1261
  1261    414   1262
  1262    413   1261
  1263    122   1402
  1402    462   1263
  1263    462   1264
  1264    413   1263
  1264    462   1406
  1406    123   1264
  1265    123   1269
  1269    415   1265
  1265    415   1266
  1266    414   1265
  1266    415   1268
  1268     97   1266
  1267    415   1270
  1270    124   1267
  1267    124   1271
  1271    416   1267
  1267    416   1268
  1268    415   1267
  1269    123   1408
  1408    464   1269
  1269    464   1270
  1270    415   1269
  1270    464   1412
  1412    124   1270
  1271    124   1275
  1275    417   1271
  1271    417   1272
  1272    416   1271
  1272    417   1274
  1274     98   1272
  1273    417   1276
  1276    125   1273
  1273    125   1277
  1277    418   1273
  1273    418   1274
  1274    417   1273
  1275    124   1414
  1414    466   1275
  1275    466   1276
  1276    417   1275
  1276    466   1418
  1418    125   1276
  1277    125   1281
  1281    419   1277
  1277    419   1278
  1278    418   1277
  1278    419   1280
  1280     99   1278
  1279    419   1282
  1282    126   1279
  1279    126   1283
  1283    420   1279
  1279    420   1280
  1280    419   1279
  1281    125   1420
  1420    468   1281
  1281    468   1282
  1282    419   1281
  1282    468   1424
  1424    126   1282
  1283    126   1285
  1285    421   1283
  1283    421   1284
  1284    420   1283
  1285    126   1289
  1289    422   1285
  1285    422   1286
  1286    421   1285
  1286    422   1288
  1288    101   1286
  1287    422   1290
  1290    127   1287
  1287    127   1291
  1291    423   1287
  1287    423   1288
  1288    422   1287
  1289    126   1424
  1424    469   1289
  1289    469   1290
  1290    422   1289
  1290    469   1426
  1426    127   1290
  1291    127   1295
  1295    424   1291
  1291    424   1292
  1292    423   1291
  1292    424   1294
  1294    102   1292
  1293    424   1296
  1296    128   1293
  1293    128   1297
  1297    425   1293
  1293    425   1294
  1294    424   1293
  1295    127   1428
  1428    471   1295
  1295    471   1296
  1296    424   1295
  1296    471   1432
  1432    128   1296
  1297    128   1301
  1301    426   1297
  1297    426   1298
  1298    425   1297
  1298    426   1300
  1300    103   1298
  1299    426   1302
  1302    129   1299
  1299    129   1303
  1303    427   1299
  1299    427   1300
  1300    426   1299
  1301    128   1434
  1434    473   1301
  1301    473   1302
  1302    426   1301
  1302    473   1438
  1438    129   1302
  1303    129   1307
  1307    428   1303
  1303    428   1304
  1304    427   1303
  1304    428   1306
  1306    104   1304
  1305    428   1308
  1308    130   1305
  1305    130   1309
  1309    429   1305
  1305    429   1306
  1306    428   1305
  1307    129   1440
  1440    475   1307
  1307    475   1308
  1308    428   1307
  1308    475   1444
  1444    130   1308
  1309    130   1313
  1313    430   1309
  1309    430   1310
  1310    429   1309
  1310    430   1312
  1312    105   1310
  1311    430   1314
  1314    131   1311
  1311    131   1315
  1315    431   1311
  1311    431   1312
  1312    430   1311
  1313    130   1446
  1446    477   1313
  1313    477   1314
  1314    430   1313
  1314    477   1450
  1450    131   1314
  1315    131   1319
  1319    432   1315
  1315    432   1316
  1316    431   1315
  1316    432   1318
  1318    106   1316
  1317    432   1320
  1320    132   1317
  1317    132   1321
  1321    433   1317
  1317    433   1318
  1318    432   1317
  1319    131   1452
  1452    479   1319
  1319    479   1320
  1320    432   1319
  1320    479   1456
  1456    132   1320
  1321    132   1323
  1323    434   1321
  1321    434   1322
  1322    433   1321
  1323    132   1327
  1327    435   1323
  1323    435   1324
  1324    434   1323
  1324    435   1326
  1326    108   1324
  1325    435   1328
  1328    133   1325
  1325    133   1329
  1329    436   1325
  1325    436   1326
  1326    435   1325
  1327    132   1456
  1456    480   1327
  1327    480   1328
  1328    435   1327
  1328    480   1458
  1458    133   1328
  1329    133   1333
  1333    437   1329
  1329    437   1330
  1330    436   1329
  1330    437   1332
  1332    109   1330
  1331    437   1334
  1334    134   1331
  1331    134   1335
  1335    438   1331
  1331    438   1332
  1332    437   1331
  1333    133   1460
  1460    482   1333
  1333    482   1334
  1334    437   1333
  1334    482   1464
  1464    134   1334
  1335    134   1339
  1339    439   1335
  1335    439   1336
  1336    438   1335
  1336    439   1338
  1338    110   1336
  1337    439   1340
  1340    135   1337
  1337    135   1341
  1341    440   1337
  1337    440   1338
  1338    439   1337
  1339    134   1466
  1466    484   1339
  1339    484   1340
  1340    439   1339
  1340    484   1470
  1470    135   1340
  1341    135   1345
  1345    441   1341
  1341    441   1342
  1342    440   1341
  1342    441   1344
  1344    111   1342
  1343    441   1346
  1346    136   1343
  1343    136   1347
  1347    442   1343
  1343    442   1344
  1344    441   1343
  1345    135   1472
  1472    486   1345
  1345    486   1346
  1346    441   1345
  1346    486   1476
  1476    136   1346
  1347    136   1351
  1351    443   1347
  1347    443   1348
  1348    442   1347
  1348    443   1350
  1350    112   1348
  1349    443   1352
  1352    137   1349
  1349    137   1353
  1353    444   1349
  1349    444   1350
  1350    443   1349
  1351    136   1478
  1478    488   1351
  1351    488   1352
  1352    443   1351
  1352    488   1482
  1482    137   1352
  1353    137   1357
  1357    445   1353
  1353    445   1354
  1354    444   1353
  1354    445   1356
  1356    113   1354
  1355    445   1358
  1358    114   1355
  1355    446   1356
  1356    445   1355
  1357    137   1484
  1484    490   1357
  1357    490   1358
  1358    445   1357
  1358    490   1361
  1361    114   1358
  1359    447   1362
  1362    138   1359
  1359    138   1365
  1365    448   1359
  1359    448   1360
  1360    447   1359
  1360    448   1364
  1364    115   1360
  1361    490   1362
  1362    447   1361
  1362    490   1483
  1483    138   1362
  1363    448   1366
  1366    139   1363
  1363    139   1367
  1367    449   1363
  1363    449   1364
  1364    448   1363
  1365    138   1489
  1489    491   1365
  1365    491   1366
  1366    448   1365
  1366    491   1488
  1488    139   1366
  1367    139   1371
  1371    450   1367
  1367    450   1368
  1368    449   1367
  1368    450   1370
  1370    116   1368
  1369    450   1372
  1372    140   1369
  1369    140   1373
  1373    451   1369
  1369    451   1370
  1370    450   1369
  1371    139   1492
  1492    493   1371
  1371    493   1372
  1372    450   1371
  1372    493   1496
  1496    140   1372
  1373    140   1377
  1377    452   1373
  1373    452   1374
  1374    451   1373
  1374    452   1376
  1376    117   1374
  1375    452   1378
  1378    141   1375
  1375    141   1379
  1379    453   1375
  1375    453   1376
  1376    452   1375
  1377    140   1498
  1498    495   1377
  1377    495   1378
  1378    452   1377
  1378    495   1502
  1502    141   1378
  1379    141   1383
  1383    454   1379
  1379    454   1380
  1380    453   1379
  1380    454   1382
  1382    118   1380
  1381    454   1384
  1384    142   1381
  1381    142   1385
  1385    455   1381
  1381    455   1382
  1382    454   1381
  1383    141   1504
  1504    497   1383
  1383    497   1384
  1384    454   1383
  1384    497   1508
  1508    142   1384
  1385    142   1389
  1389    456   1385
  1385    456   1386
  1386    455   1385
  1386    456   1388
  1388    119   1386
  1387    456   1390
  1390    143   1387
  1387    143   1391
  1391    457   1387
  1387    457   1388
  1388    456   1387
  1389    142   1510
  1510    499   1389
  1389    499   1390
  1390    456   1389
  1390    499   1514
  1514    143   1390
  1391    143   1393
  1393    458   1391
  1391    458   1392
  1392    457   1391
  1393    143   1397
  1397    459   1393
  1393    459   1394
  1394    458   1393
  1394    459   1396
  1396    121   1394
  1395    459   1398
  1398    144   1395
  1395    144   1399
  1399    460   1395
  1395    460   1396
  1396    459   1395
  1397    143   1514
  1514    500   1397
  1397    500   1398
  1398    459   1397
  1398    500   1516
  1516    144   1398
  1399    144   1403
  1403    461   1399
  1399    461   1400
  1400    460   1399
  1400    461   1402
  1402    122   1400
  1401    461   1404
  1404    145   1401
  1401    145   1405
  1405    462   1401
  1401    462   1402
  1402    461   1401
  1403    144   1518
  1518    502   1403
  1403    502   1404
  1404    461   1403
  1404    502   1522
  1522    145   1404
  1405    145   1409
  1409    463   1405
  1405    463   1406
  1406    462   1405
  1406    463   1408
  1408    123   1406
  1407    463   1410
  1410    146   1407
  1407    146   1411
  1411    464   1407
  1407    464   1408
  1408    463   1407
  1409    145   1524
  1524    504   1409
  1409    504   1410
  1410    463   1409
  1410    504   1528
  1528    146   1410
  1411    146   1415
  1415    465   1411
  1411    465   1412
  1412    464   1411
  1412    465   1414
  1414    124   1412
  1413    465   1416
  1416    147   1413
  1413    147   1417
  1417    466   1413
  1413    466   1414
  1414    465   1413
  1415    146   1530
  1530    506   1415
  1415    506   1416
  1416    465   1415
  1416    506   1534
  1534    147   1416
  1417    147   1421
  1421    467   1417
  1417    467   1418
  1418    466   1417
  1418    467   1420
  1420    125   1418
  1419    467   1422
  1422    148   1419
  1419    148   1423
  1423    468   1419
  1419    468   1420
  1420    467   1419
  1421    147   1536
  1536    508   1421
  1421    508   1422
  1422    467   1421
  1422    508   1540
  1540    148   1422
  1423    148   1425
  1425    469   1423
  1423    469   1424
  1424    468   1423
  1425    148   1429
  1429    470   1425
  1425    470   1426
  1426    469   1425
  1426    470   1428
  1428    127   1426
  1427    470   1430
  1430    149   1427
  1427    149   1431
  1431    471   1427
  1427    471   1428
  1428    470   1427
  1429    148   1540
  1540    509   1429
  1429    509   1430
  1430    470   1429
  1430    509   1542
  1542    149   1430
  1431    149   1435
  1435    472   1431
  1431    472   1432
  1432    471   1431
  1432    472   1434
  1434    128   1432
  1433    472   1436
  1436    150   1433
  1433    150   1437
  1437    473   1433
  1433    473   1434
  1434    472   1433
  1435    149   1544
  1544    511   1435
  1435    511   1436
  1436    472   1435
  1436    511   1548
  1548    150   1436
  1437    150   1441
  1441    474   1437
  1437    474   1438
  1438    473   1437
  1438    474   1440
  1440    129   1438
  1439    474   1442
  1442    151   1439
  1439    151   1443
  1443    475   1439
  1439    475   1440
  1440    474   1439
  1441    150   1550
  1550    513   1441
  1441    513   1442
  1442    474   1441
  1442    513   1554
  1554    151   1442
  1443    151   1447
  1447    476   1443
  1443    476   1444
  1444    475   1443
  1444    476   1446
  1446    130   1444
  1445    476   1448
  1448    152   1445
  1445    152   1449
  1449    477   1445
  1445    477   1446
  1446    476   1445
  1447    151   1556
  1556    515   1447
  1447    515   1448
  1448    476   1447
  1448    515   1560
  1560    152   1448
  1449    152   1453
  1453    478   1449
  1449    478   1450
  1450    477   1449
  1450    478   1452
  1452    131   1450
  1451    478   1454
  1454    153   1451
  1451    153   1455
  1455    479   1451
  1451    479   1452
  1452    478   1451
  1453    152   1562
  1562    517   1453
  1453    517   1454
  1454    478   1453
  1454    517   1566
  1566    153   1454
  1455    153   1457
  1457    480   1455
  1455    480   1456
  1456    479   1455
  1457    153   1461
  1461    481   1457
  1457    481   1458
  1458    480   1457
  1458    481   1460
  1460    133   1458
  1459    481   1462
  1462    154   1459
  1459    154   1463
  1463    482   1459
  1459    482   1460
  1460    481   1459
  1461    153   1566
  1566    518   1461
  1461    518   1462
  1462    481   1461
  1462    518   1568
  1568    154   1462
  1463    154   1467
  1467    483   1463
  1463    483   1464
  1464    482   1463
  1464    483   1466
  1466    134   1464
  1465    483   1468
  1468    155   1465
  1465    155   1469
  1469    484   1465
  1465    484   1466
  1466    483   1465
  1467    154   1570
  1570    520   1467
  1467    520   1468
  1468    483   1467
  1468    520   1574
  1574    155   1468
  1469    155   1473
  1473    485   1469
  1469    485   1470
  1470    484   1469
  1470    485   1472
  1472    135   1470
  1471    485   1474
  1474    156   1471
  1471    156   1475
  1475    486   1471
  1471    486   1472
  1472    485   1471
  1473    155   1576
  1576    522   1473
  1473    522   1474
  1474    485   1473
  1474    522   1580
  1580    156   1474
  1475    156   1479
  1479    487   1475
  1475    487   1476
  1476    486   1475
  1476    487   1478
  1478    136   1476
  1477    487   1480
  1480    157   1477
  1477    157   1481
  1481    488   1477
  1477    488   1478
  1478    487   1477
  1479    156   1582
  1582    524   1479
  1479    524   1480
  1480    487   1479
  1480    524   1586
  1586    157   1480
  1481    157   1485
  1485    489   1481
  1481    489   1482
  1482    488   1481
  1482    489   1484
  1484    137   1482
  1483    489   1486
  1486    138   1483
  1483    490   1484
  1484    489   1483
  1485    157   1588
  1588    526   1485
  1485    526   1486
  1486    489   1485
  1486    526   1489
  1489    138   1486
  1487    491   1490
  1490    158   1487
  1487    158   1493
  1493    492   1487
  1487    492   1488
  1488    491   1487
  1488    492   1492
  1492    139   1488
  1489    526   1490
  1490    491   1489
  1490    526   1587
  1587    158   1490
  1491    492   1494
  1494    159   1491
  1491    159   1495
  1495    493   1491
  1491    493   1492
  1492    492   1491
  1493    158   1593
  1593    527   1493
  1493    527   1494
  1494    492   1493
  1494    527   1592
  1592    159   1494
  1495    159   1499
  1499    494   1495
  1495    494   1496
  1496    493   1495
  1496    494   1498
  1498    140   1496
  1497    494   1500
  1500    160   1497
  1497    160   1501
  1501    495   1497
  1497    495   1498
  1498    494   1497
  1499    159   1596
  1596    529   1499
  1499    529   1500
  1500    494   1499
  1500    529   1600
  1600    160   1500
  1501    160   1505
  1505    496   1501
  1501    496   1502
  1502    495   1501
  1502    496   1504
  1504    141   1502
  1503    496   1506
  1506    161   1503
  1503    161   1507
  1507    497   1503
  1503    497   1504
  1504    496   1503
  1505    160   1602
  1602    531   1505
  1505    531   1506
  1506    496   1505
  1506    531   1606
  1606    161   1506
  1507    161   1511
  1511    498   1507
  1507    498   1508
  1508    497   1507
  1508    498   1510
  1510    142   1508
  1509    498   1512
  1512    162   1509
  1509    162   1513
  1513    499   1509
  1509    499   1510
  1510    498   1509
  1511    161   1608
  1608    533   1511
  1511    533   1512
  1512    498   1511
  1512    533   1612
  1612    162   1512
  1513    162   1515
  1515    500   1513
  1513    500   1514
  1514    499   1513
  1515    162   1519
  1519    501   1515
  1515    501   1516
  1516    500   1515
  1516    501   1518
  1518    144   1516
  1517    501   1520
  1520    163   1517
  1517    163   1521
  1521    502   1517
  1517    502   1518
  1518    501   1517
  1519    162   1612
  1612    534   1519
  1519    534   1520
  1520    501   1519
  1520    534   1614
  1614    163   1520
  1521    163   1525
  1525    503   1521
  1521    503   1522
  1522    502   1521
  1522    503   1524
  1524    145   1522
  1523    503   1526
  1526    164   1523
  1523    164   1527
  1527    504   1523
  1523    504   1524
  1524    503   1523
  1525    163   1616
  1616    536   1525
  1525    536   1526
  1526    503   1525
  1526    536   1620
  1620    164   1526
  1527    164   1531
  1531    505   1527
  1527    505   1528
  1528    504   1527
  1528    505   1530
  1530    146   1528
  1529    505   1532
  1532    165   1529
  1529    165   1533
  1533    506   1529
  1529    506   1530
  1530    505   1529
  1531    164   1622
  1622    538   1531
  1531    538   1532
  1532    505   1531
  1532    538   1626
  1626    165   1532
  1533    165   1537
  1537    507   1533
  1533    507   1534
  1534    506   1533
  1534    507   1536
  1536    147   1534
  1535    507   1538
  1538    166   1535
  1535    166   1539
  1539    508   1535
  1535    508   1536
  1536    507   1535
  1537    165   1628
  1628    540   1537
  1537    540   1538
  1538    507   1537
  1538    540   1632
  1632    166   1538
  1539    166   1541
  1541    509   1539
  1539    509   1540
  1540    508   1539
  1541    166   1545
  1545    510   1541
  1541    510   1542
  1542    509   1541
  1542    510   1544
  1544    149   1542
  1543    510   1546
  1546    167   1543
  1543    167   1547
  1547    511   1543
  1543    511   1544
  1544    510   1543
  1545    166   1632
  1632    541   1545
  1545    541   1546
  1546    510   1545
  1546    541   1634
  1634    167   1546
  1547    167   1551
  1551    512   1547
  1547    512   1548
  1548    511   1547
  1548    512   1550
  1550    150   1548
  1549    512   1552
  1552    168   1549
  1549    168   1553
  1553    513   1549
  1549    513   1550
  1550    512   1549
  1551    167   1636
  1636    543   1551
  1551    543   1552
  1552    512   1551
  1552    543   1640
  1640    168   1552
  1553    168   1557
  1557    514   1553
  1553    514   1554
  1554    513   1553
  1554    514   1556
  1556    151   1554
  1555    514   1558
  1558    169   1555
  1555    169   1559
  1559    515   1555
  1555    515   1556
  1556    514   1555
  1557    168   1642
  1642    545   1557
  1557    545   1558
  1558    514   1557
  1558    545   1646
  1646    169   1558
  1559    169   1563
  1563    516   1559
  1559    516   1560
  1560    515   1559
  1560    516   1562
  1562    152   1560
  1561    516   1564
  1564    170   1561
  1561    170   1565
  1565    517   1561
  1561    517   1562
  1562    516   1561
  1563    169   1648
  1648    547   1563
  1563    547   1564
  1564    516   1563
  1564    547   1652
  1652    170   1564
  1565    170   1567
  1567    518   1565
  1565    518   1566
  1566    517   1565
  1567    170   1571
  1571    519   1567
  1567    519   1568
  1568    518   1567
  1568    519   1570
  1570    154   1568
  1569    519   1572
  1572    171   1569
  1569    171   1573
  1573    520   1569
  1569    520   1570
  1570    519   1569
  1571    170   1652
  1652    548   1571
  1571    548   1572
  1572    519   1571
  1572    548   1654
  1654    171   1572
  1573    171   1577
  1577    521   1573
  1573    521   1574
  1574    520   1573
  1574    521   1576
  1576    155   1574
  1575    521   1578
  1578    172   1575
  1575    172   1579
  1579    522   1575
  1575    522   1576
  1576    521   1575
  1577    171   1656
  1656    550   1577
  1577    550   1578
  1578    521   1577
  1578    550   1660
  1660    172   1578
  1579    172   1583
  1583    523   1579
  1579    523   1580
  1580    522   1579
  1580    523   1582
  1582    156   1580
  1581    523   1584
  1584    173   1581
  1581    173   1585
  1585    524   1581
  1581    524   1582
  1582    523   1581
  1583    172   1662
  1662    552   1583
  1583    552   1584
  1584    523   1583
  1584    552   1666
  1666    173   1584
  1585    173   1589
  1589    525   1585
  1585    525   1586
  1586    524   1585
  1586    525   1588
  1588    157   1586
  1587    525   1590
  1590    158   1587
  1587    526   1588
  1588    525   1587
  1589    173   1668
  1668    554   1589
  1589    554   1590
  1590    525   1589
  1590    554   1593
  1593    158   1590
  1591    527   1594
  1594    174   1591
  1591    174   1597
  1597    528   1591
  1591    528   1592
  1592    527   1591
  1592    528   1596
  1596    159   1592
  1593    554   1594
  1594    527   1593
  1594    554   1667
  1667    174   1594
  1595    528   1598
  1598    175   1595
  1595    175   1599
  1599    529   1595
  1595    529   1596
  1596    528   1595
  1597    174   1673
  1673    555   1597
  1597    555   1598
  1598    528   1597
  1598    555   1672
  1672    175   1598
  1599    175   1603
  1603    530   1599
  1599    530   1600
  1600    529   1599
  1600    530   1602
  1602    160   1600
  1601    530   1604
  1604    176   1601
  1601    176   1605
  1605    531   1601
  1601    531   1602
  1602    530   1601
  1603    175   1676
  1676    557   1603
  1603    557   1604
  1604    530   1603
  1604    557   1680
  1680    176   1604
  1605    176   1609
  1609    532   1605
  1605    532   1606
  1606    531   1605
  1606    532   1608
  1608    161   1606
  1607    532   1610
  1610    177   1607
  1607    177   1611
  1611    533   1607
  1607    533   1608
  1608    532   1607
  1609    176   1682
  1682    559   1609
  1609    559   1610
  1610    532   1609
  1610    559   1686
  1686    177   1610
  1611    177   1613
  1613    534   1611
  1611    534   1612
  1612    533   1611
  1613    177   1617
  1617    535   1613
  1613    535   1614
  1614    534   1613
  1614    535   1616
  1616    163   1614
  1615    535   1618
  1618    178   1615
  1615    178   1619
  1619    536   1615
  1615    536   1616
  1616    535   1615
  1617    177   1686
  1686    560   1617
  1617    560   1618
  1618    535   1617
  1618    560   1688
  1688    178   1618
  1619    178   1623
  1623    537   1619
  1619    537   1620
  1620    536   1619
  1620    537   1622
  1622    164   1620
  1621    537   1624
  1624    179   1621
  1621    179   1625
  1625    538   1621
  1621    538   1622
  1622    537   1621
  1623    178   1690
  1690    562   1623
  1623    562   1624
  1624    537   1623
  1624    562   1694
  1694    179   1624
  1625    179   1629
  1629    539   1625
  1625    539   1626
  1626    538   1625
  1626    539   1628
  1628    165   1626
  1627    539   1630
  1630    180   1627
  1627    180   1631
  1631    540   1627
  1627    540   1628
  1628    539   1627
  1629    179   1696
  1696    564   1629
  1629    564   1630
  1630    539   1629
  1630    564   1700
  1700    180   1630
  1631    180   1633
  1633    541   1631
  1631    541   1632
  1632    540   1631
  1633    180   1637
  1637    542   1633
  1633    542   1634
  1634    541   1633
  1634    542   1636
  1636    167   1634
  1635    542   1638
  1638    181   1635
  1635    181   1639
  1639    543   1635
  1635    543   1636
  1636    542   1635
  1637    180   1700
  1700    565   1637
  1637    565   1638
  1638    542   1637
  1638    565   1702
  1702    181   1638
  1639    181   1643
  1643    544   1639
  1639    544   1640
  1640    543   1639
  1640    544   1642
  1642    168   1640
  1641    544   1644
  1644    182   1641
  1641    182   1645
  1645    545   1641
  1641    545   1642
  1642    544   1641
  1643    181   1704
  1704    567   1643
  1643    567   1644
  1644    544   1643
  1644    567   1708
  1708    182   1644
  1645    182   1649
  1649    546   1645
  1645    546   1646
  1646    545   1645
  1646    546   1648
  1648    169   1646
  1647    546   1650
  1650    183   1647
  1647    183   1651
  1651    547   1647
  1647    547   1648
  1648    546   1647
  1649    182   1710
  1710    569   1649
  1649    569   1650
  1650    546   1649
  1650    569   1714
  1714    183   1650
  1651    183   1653
  1653    548   1651
  1651    548   1652
  1652    547   1651
  1653    183   1657
  1657    549   1653
  1653    549   1654
  1654    548   1653
  1654    549   1656
  1656    171   1654
  1655    549   1658
  1658    184   1655
  1655    184   1659
  1659    550   1655
  1655    550   1656
  1656    549   1655
  1657    183   1714
  1714    570   1657
  1657    570   1658
  1658    549   1657
  1658    570   1716
  1716    184   1658
  1659    184   1663
  1663    551   1659
  1659    551   1660
  1660    550   1659
  1660    551   1662
  1662    172   1660
  1661    551   1664
  1664    185   1661
  1661    185   1665
  1665    552   1661
  1661    552   1662
  1662    551   1661
  1663    184   1718
  1718    572   1663
  1663    572   1664
  1664    551   1663
  1664    572   1722
  1722    185   1664
  1665    185   1669
  1669    553   1665
  1665    553   1666
  1666    552   1665
  1666    553   1668
  1668    173   1666
  1667    553   1670
  1670    174   1667
  1667    554   1668
  1668    553   1667
  1669    185   1724
  1724    574   1669
  1669    574   1670
  1670    553   1669
  1670    574   1673
  1673    174   1670
  1671    555   1674
  1674    186   1671
  1671    186   1677
  1677    556   1671
  1671    556   1672
  1672    555   1671
  1672    556   1676
  1676    175   1672
  1673    574   1674
  1674    555   1673
  1674    574   1723
  1723    186   1674
  1675    556   1678
  1678    187   1675
  1675    187   1679
  1679    557   1675
  1675    557   1676
  1676    556   1675
  1677    186   1729
  1729    575   1677
  1677    575   1678
  1678    556   1677
  1678    575   1728
  1728    187   1678
  1679    187   1683
  1683    558   1679
  1679    558   1680
  1680    557   1679
  1680    558   1682
  1682    176   1680
  1681    558   1684
  1684    188   1681
  1681    188   1685
  1685    559   1681
  1681    559   1682
  1682    558   1681
  1683    187   1732
  1732    577   1683
  1683    577   1684
  1684    558   1683
  1684    577   1736
  1736    188   1684
  1685    188   1687
  1687    560   1685
  1685    560   1686
  1686    559   1685
  1687    188   1691
  1691    561   1687
  1687    561   1688
  1688    560   1687
  1688    561   1690
  1690    178   1688
  1689    561   1692
  1692    189   1689
  1689    189   1693
  1693    562   1689
  1689    562   1690
  1690    561   1689
  1691    188   1736
  1736    578   1691
  1691    578   1692
  1692    561   1691
  1692    578   1738
  1738    189   1692
  1693    189   1697
  1697    563   1693
  1693    563   1694
  1694    562   1693
  1694    563   1696
  1696    179   1694
  1695    563   1698
  1698    190   1695
  1695    190   1699
  1699    564   1695
  1695    564   1696
  1696    563   1695
  1697    189   1740
  1740    580   1697
  1697    580   1698
  1698    563   1697
  1698    580   1744
  1744    190   1698
  1699    190   1701
  1701    565   1699
  1699    565   1700
  1700    564   1699
  1701    190   1705
  1705    566   1701
  1701    566   1702
  1702    565   1701
  1702    566   1704
  1704    181   1702
  1703    566   1706
  1706    191   1703
  1703    191   1707
  1707    567   1703
  1703    567   1704
  1704    566   1703
  1705    190   1744
  1744    581   1705
  1705    581   1706
  1706    566   1705
  1706    581   1746
  1746    191   1706
  1707    191   1711
  1711    568   1707
  1707    568   1708
  1708    567   1707
  1708    568   1710
  1710    182   1708
  1709    568   1712
  1712    192   1709
  1709    192   1713
  1713    569   1709
  1709    569   1710
  1710    568   1709
  1711    191   1748
  1748    583   1711
  1711    583   1712
  1712    568   1711
  1712    583   1752
  1752    192   1712
  1713    192   1715
  1715    570   1713
  1713    570   1714
  1714    569   1713
  1715    192   1719
  1719    571   1715
  1715    571   1716
  1716    570   1715
  1716    571   1718
  1718    184   1716
  1717    571   1720
  1720    193   1717
  1717    193   1721
  1721    572   1717
  1717    572   1718
  1718    571   1717
  1719    192   1752
  1752    584   1719
  1719    584   1720
  1720    571   1719
  1720    584   1754
  1754    193   1720
  1721    193   1725
  1725    573   1721
  1721    573   1722
  1722    572   1721
  1722    573   1724
  1724    185   1722
  1723    573   1726
  1726    186   1723
  1723    574   1724
  1724    573   1723
  1725    193   1756
  1756    586   1725
  1725    586   1726
  1726    573   1725
  1726    586   1729
  1729    186   1726
  1727    575   1730
  1730    194   1727
  1727    194   1733
  1733    576   1727
  1727    576   1728
  1728    575   1727
  1728    576   1732
  1732    187   1728
  1729    586   1730
  1730    575   1729
  1730    586   1755
  1755    194   1730
  1731    576   1734
  1734    195   1731
  1731    195   1735
  1735    577   1731
  1731    577   1732
  1732    576   1731
  1733    194   1761
  1761    587   1733
  1733    587   1734
  1734    576   1733
  1734    587   1760
  1760    195   1734
  1735    195   1737
  1737    578   1735
  1735    578   1736
  1736    577   1735
  1737    195   1741
  1741    579   1737
  1737    579   1738
  1738    578   1737
  1738    579   1740
  1740    189   1738
  1739    579   1742
  1742    196   1739
  1739    196   1743
  1743    580   1739
  1739    580   1740
  1740    579   1739
  1741    195   1760
  1760    588   1741
  1741    588   1742
  1742    579   1741
  1742    588   1764
  1764    196   1742
  1743    196   1745
  1745    581   1743
  1743    581   1744
  1744    580   1743
  1745    196   1749
  1749    582   1745
  1745    582   1746
  1746    581   1745
  1746    582   1748
  1748    191   1746
  1747    582   1750
  1750    197   1747
  1747    197   1751
  1751    583   1747
  1747    583   1748
  1748    582   1747
  1749    196   1764
  1764    589   1749
  1749    589   1750
  1750    582   1749
  1750    589   1766
  1766    197   1750
  1751    197   1753
  1753    584   1751
  1751    584   1752
  1752    583   1751
  1753    197   1757
  1757    585   1753
  1753    585   1754
  1754    584   1753
  1754    585   1756
  1756    193   1754
  1755    585   1758
  1758    194   1755
  1755    586   1756
  1756    585   1755
  1757    197   1766
  1766    590   1757
  1757    590   1758
  1758    585   1757
  1758    590   1761
  1761    194   1758
  1759    587   1762
  1762    198   1759
  1759    198   1763
  1763    588   1759
  1759    588   1760
  1760    587   1759
  1761    590   1762
  1762    587   1761
  1762    590   1765
  1765    198   1762
  1763    198   1765
  1765    589   1763
  1763    589   1764
  1764    588   1763
  1765    590   1766
  1766    589   1765
