TITLE     = "Magnetic map of GJ 1156, 2008-01-21, from 6 ESPaDOnS spectra (program gj-1156-2008-01)"
VARIABLES = "Longitude [Deg]" "Latitude [Deg]" "B<sub>R</sub> [G]" "B<sub>A</sub> [G]" "B<sub>M</sub> [G]"
ZONE I=73, J=37, K=1, ZONETYPE=Ordered
DATAPACKING=POINT
DT=(SINGLE SINGLE SINGLE SINGLE SINGLE)
      0.00000    -90.00000    -21.13298     -3.24407     -1.00917
      5.00000    -90.00000    -21.13298     -3.14373     -1.28806
     10.00000    -90.00000    -21.13299     -3.01947     -1.55713
     15.00000    -90.00000    -21.13300     -2.87222     -1.81436
     20.00000    -90.00000    -21.13300     -2.70312     -2.05778
     25.00000    -90.00000    -21.13301     -2.51344     -2.28554
     30.00000    -90.00000    -21.13301     -2.30463     -2.49590
     35.00000    -90.00000    -21.13302     -2.07829     -2.68727
     40.00000    -90.00000    -21.13302     -1.83613     -2.85819
     45.00000    -90.00000    -21.13303     -1.57999     -3.00735
     50.00000    -90.00000    -21.13303     -1.31183     -3.13363
     55.00000    -90.00000    -21.13304     -1.03369     -3.23606
     60.00000    -90.00000    -21.13304     -0.74767     -3.31386
     65.00000    -90.00000    -21.13304     -0.45597     -3.36644
     70.00000    -90.00000    -21.13305     -0.16080     -3.39339
     75.00000    -90.00000    -21.13305      0.13559     -3.39453
     80.00000    -90.00000    -21.13305      0.43096     -3.36982
     85.00000    -90.00000    -21.13305      0.72304     -3.31948
     90.00000    -90.00000    -21.13305      1.00962     -3.24386
     95.00000    -90.00000    -21.13305      1.28852     -3.14356
    100.00000    -90.00000    -21.13305      1.55761     -3.01934
    105.00000    -90.00000    -21.13305      1.81485     -2.87214
    110.00000    -90.00000    -21.13304      2.05827     -2.70308
    115.00000    -90.00000    -21.13304      2.28603     -2.51344
    120.00000    -90.00000    -21.13304      2.49639     -2.30468
    125.00000    -90.00000    -21.13303      2.68775     -2.07838
    130.00000    -90.00000    -21.13303      2.85866     -1.83626
    135.00000    -90.00000    -21.13302      3.00781     -1.58017
    140.00000    -90.00000    -21.13302      3.13407     -1.31204
    145.00000    -90.00000    -21.13301      3.23648     -1.03394
    150.00000    -90.00000    -21.13301      3.31425     -0.74796
    155.00000    -90.00000    -21.13300      3.36680     -0.45630
    160.00000    -90.00000    -21.13299      3.39373     -0.16115
    165.00000    -90.00000    -21.13299      3.39483      0.13521
    170.00000    -90.00000    -21.13298      3.37010      0.43055
    175.00000    -90.00000    -21.13297      3.31971      0.72261
    180.00000    -90.00000    -21.13297      3.24406      1.00917
    185.00000    -90.00000    -21.13296      3.14372      1.28805
    190.00000    -90.00000    -21.13296      3.01946      1.55713
    195.00000    -90.00000    -21.13295      2.87221      1.81436
    200.00000    -90.00000    -21.13294      2.70311      2.05778
    205.00000    -90.00000    -21.13294      2.51343      2.28554
    210.00000    -90.00000    -21.13293      2.30463      2.49590
    215.00000    -90.00000    -21.13293      2.07828      2.68727
    220.00000    -90.00000    -21.13292      1.83612      2.85819
    225.00000    -90.00000    -21.13292      1.57999      3.00735
    230.00000    -90.00000    -21.13291      1.31183      3.13363
    235.00000    -90.00000    -21.13291      1.03368      3.23606
    240.00000    -90.00000    -21.13290      0.74767      3.31386
    245.00000    -90.00000    -21.13290      0.45597      3.36644
    250.00000    -90.00000    -21.13290      0.16080      3.39340
    255.00000    -90.00000    -21.13290     -0.13560      3.39453
    260.00000    -90.00000    -21.13290     -0.43096      3.36983
    265.00000    -90.00000    -21.13290     -0.72305      3.31948
    270.00000    -90.00000    -21.13290     -1.00963      3.24387
    275.00000    -90.00000    -21.13290     -1.28853      3.14357
    280.00000    -90.00000    -21.13290     -1.55762      3.01934
    285.00000    -90.00000    -21.13290     -1.81485      2.87214
    290.00000    -90.00000    -21.13290     -2.05828      2.70308
    295.00000    -90.00000    -21.13290     -2.28604      2.51345
    300.00000    -90.00000    -21.13291     -2.49640      2.30468
    305.00000    -90.00000    -21.13291     -2.68776      2.07838
    310.00000    -90.00000    -21.13292     -2.85867      1.83626
    315.00000    -90.00000    -21.13292     -3.00782      1.58017
    320.00000    -90.00000    -21.13293     -3.13408      1.31205
    325.00000    -90.00000    -21.13293     -3.23649      1.03394
    330.00000    -90.00000    -21.13294     -3.31426      0.74796
    335.00000    -90.00000    -21.13294     -3.36681      0.45629
    340.00000    -90.00000    -21.13295     -3.39374      0.16115
    345.00000    -90.00000    -21.13296     -3.39484     -0.13521
    350.00000    -90.00000    -21.13296     -3.37011     -0.43055
    355.00000    -90.00000    -21.13297     -3.31972     -0.72261
    360.00000    -90.00000    -21.13298     -3.24407     -1.00917
      0.00000    -85.00000    -21.44913     -3.86498     -1.19200
      5.00000    -85.00000    -22.08492     -3.73210     -1.50570
     10.00000    -85.00000    -22.71067     -3.57076     -1.80291
     15.00000    -85.00000    -23.32056     -3.38318     -2.08077
     20.00000    -85.00000    -23.90897     -3.17190     -2.33682
     25.00000    -85.00000    -24.47055     -2.93971     -2.56900
     30.00000    -85.00000    -25.00026     -2.68957     -2.77572
     35.00000    -85.00000    -25.49347     -2.42451     -2.95583
     40.00000    -85.00000    -25.94596     -2.14757     -3.10866
     45.00000    -85.00000    -26.35401     -1.86174     -3.23397
     50.00000    -85.00000    -26.71441     -1.56985     -3.33190
     55.00000    -85.00000    -27.02449     -1.27452     -3.40292
     60.00000    -85.00000    -27.28219     -0.97816     -3.44778
     65.00000    -85.00000    -27.48601     -0.68288     -3.46741
     70.00000    -85.00000    -27.63509     -0.39053     -3.46285
     75.00000    -85.00000    -27.72915     -0.10271     -3.43519
     80.00000    -85.00000    -27.76853      0.17923     -3.38550
     85.00000    -85.00000    -27.75412      0.45412     -3.31479
     90.00000    -85.00000    -27.68738      0.72093     -3.22395
     95.00000    -85.00000    -27.57023      0.97874     -3.11377
    100.00000    -85.00000    -27.40508      1.22664     -2.98493
    105.00000    -85.00000    -27.19468      1.46372     -2.83799
    110.00000    -85.00000    -26.94209      1.68899     -2.67347
    115.00000    -85.00000    -26.65061      1.90142     -2.49187
    120.00000    -85.00000    -26.32365      2.09984     -2.29371
    125.00000    -85.00000    -25.96471      2.28301     -2.07961
    130.00000    -85.00000    -25.57724      2.44959     -1.85030
    135.00000    -85.00000    -25.16462      2.59819     -1.60672
    140.00000    -85.00000    -24.73011      2.72739     -1.35000
    145.00000    -85.00000    -24.27676      2.83582     -1.08154
    150.00000    -85.00000    -23.80742      2.92218     -0.80294
    155.00000    -85.00000    -23.32476      2.98532     -0.51609
    160.00000    -85.00000    -22.83122      3.02424     -0.22307
    165.00000    -85.00000    -22.32909      3.03823      0.07385
    170.00000    -85.00000    -21.82054      3.02678      0.37227
    175.00000    -85.00000    -21.30766      2.98973      0.66972
    180.00000    -85.00000    -20.79252      2.92715      0.96368
    185.00000    -85.00000    -20.27725      2.83944      1.25169
    190.00000    -85.00000    -19.76405      2.72724      1.53136
    195.00000    -85.00000    -19.25531      2.59144      1.80045
    200.00000    -85.00000    -18.75357      2.43313      2.05686
    205.00000    -85.00000    -18.26163      2.25354      2.29869
    210.00000    -85.00000    -17.78247      2.05405      2.52419
    215.00000    -85.00000    -17.31932      1.83611      2.73183
    220.00000    -85.00000    -16.87562      1.60124      2.92022
    225.00000    -85.00000    -16.45493      1.35099      3.08813
    230.00000    -85.00000    -16.06095      1.08696      3.23443
    235.00000    -85.00000    -15.69745      0.81078      3.35812
    240.00000    -85.00000    -15.36814      0.52411      3.45825
    245.00000    -85.00000    -15.07668      0.22868      3.53396
    250.00000    -85.00000    -14.82654     -0.07371      3.58444
    255.00000    -85.00000    -14.62098     -0.38117      3.60896
    260.00000    -85.00000    -14.46294     -0.69169      3.60685
    265.00000    -85.00000    -14.35500     -1.00314      3.57756
    270.00000    -85.00000    -14.29929     -1.31326      3.52065
    275.00000    -85.00000    -14.29750     -1.61966      3.43584
    280.00000    -85.00000    -14.35079     -1.91980      3.32306
    285.00000    -85.00000    -14.45975     -2.21107      3.18246
    290.00000    -85.00000    -14.62443     -2.49073      3.01446
    295.00000    -85.00000    -14.84425     -2.75603      2.81981
    300.00000    -85.00000    -15.11808     -3.00419      2.59955
    305.00000    -85.00000    -15.44415     -3.23249      2.35513
    310.00000    -85.00000    -15.82013     -3.43830      2.08831
    315.00000    -85.00000    -16.24310     -3.61915      1.80127
    320.00000    -85.00000    -16.70962     -3.77280      1.49650
    325.00000    -85.00000    -17.21571     -3.89728      1.17684
    330.00000    -85.00000    -17.75695     -3.99093      0.84541
    335.00000    -85.00000    -18.32849     -4.05249      0.50560
    340.00000    -85.00000    -18.92511     -4.08110      0.16095
    345.00000    -85.00000    -19.54130     -4.07636     -0.18485
    350.00000    -85.00000    -20.17132     -4.03833     -0.52806
    355.00000    -85.00000    -20.80926     -3.96754     -0.86498
    360.00000    -85.00000    -21.44913     -3.86498     -1.19200
      0.00000    -80.00000    -21.71006     -5.25573     -1.50742
      5.00000    -80.00000    -23.07125     -5.07307     -1.91827
     10.00000    -80.00000    -24.40679     -4.85038     -2.30013
     15.00000    -80.00000    -25.70288     -4.59169     -2.64744
     20.00000    -80.00000    -26.94639     -4.30184     -2.95551
     25.00000    -80.00000    -28.12502     -3.98635     -3.22080
     30.00000    -80.00000    -29.22742     -3.65121     -3.44107
     35.00000    -80.00000    -30.24329     -3.30267     -3.61548
     40.00000    -80.00000    -31.16345     -2.94697     -3.74465
     45.00000    -80.00000    -31.97991     -2.58999     -3.83058
     50.00000    -80.00000    -32.68589     -2.23701     -3.87648
     55.00000    -80.00000    -33.27588     -1.89245     -3.88653
     60.00000    -80.00000    -33.74571     -1.55970     -3.86551
     65.00000    -80.00000    -34.09261     -1.24103     -3.81846
     70.00000    -80.00000    -34.31531     -0.93763     -3.75028
     75.00000    -80.00000    -34.41412     -0.64969     -3.66540
     80.00000    -80.00000    -34.39102     -0.37659     -3.56751
     85.00000    -80.00000    -34.24973     -0.11716     -3.45935
     90.00000    -80.00000    -33.99568      0.13011     -3.34263
     95.00000    -80.00000    -33.63604      0.36678     -3.21802
    100.00000    -80.00000    -33.17951      0.59424     -3.08522
    105.00000    -80.00000    -32.63609      0.81357     -2.94315
    110.00000    -80.00000    -32.01684      1.02532     -2.79011
    115.00000    -80.00000    -31.33341      1.22949     -2.62402
    120.00000    -80.00000    -30.59760      1.42548     -2.44267
    125.00000    -80.00000    -29.82093      1.61204     -2.24396
    130.00000    -80.00000    -29.01409      1.78737     -2.02613
    135.00000    -80.00000    -28.18659      1.94918     -1.78798
    140.00000    -80.00000    -27.34634      2.09481     -1.52905
    145.00000    -80.00000    -26.49948      2.22138     -1.24976
    150.00000    -80.00000    -25.65020      2.32601     -0.95149
    155.00000    -80.00000    -24.80081      2.40600     -0.63659
    160.00000    -80.00000    -23.95189      2.45902     -0.30828
    165.00000    -80.00000    -23.10254      2.48334      0.02943
    170.00000    -80.00000    -22.25079      2.47793      0.37205
    175.00000    -80.00000    -21.39405      2.44259      0.71481
    180.00000    -80.00000    -20.52957      2.37789      1.05299
    185.00000    -80.00000    -19.65499      2.28513      1.38218
    190.00000    -80.00000    -18.76873      2.16619      1.69857
    195.00000    -80.00000    -17.87045      2.02333      1.99905
    200.00000    -80.00000    -16.96134      1.85894      2.28138
    205.00000    -80.00000    -16.04431      1.67535      2.54412
    210.00000    -80.00000    -15.12406      1.47464      2.78659
    215.00000    -80.00000    -14.20708      1.25848      3.00866
    220.00000    -80.00000    -13.30146      1.02811      3.21061
    225.00000    -80.00000    -12.41666      0.78431      3.39288
    230.00000    -80.00000    -11.56317      0.52751      3.55588
    235.00000    -80.00000    -10.75215      0.25786      3.69984
    240.00000    -80.00000     -9.99505     -0.02456      3.82464
    245.00000    -80.00000     -9.30322     -0.31968      3.92976
    250.00000    -80.00000     -8.68758     -0.62721      4.01426
    255.00000    -80.00000     -8.15835     -0.94658      4.07677
    260.00000    -80.00000     -7.72477     -1.27684      4.11554
    265.00000    -80.00000     -7.39498     -1.61657      4.12848
    270.00000    -80.00000     -7.17590     -1.96384      4.11329
    275.00000    -80.00000     -7.07311     -2.31618      4.06756
    280.00000    -80.00000     -7.09085     -2.67059      3.98889
    285.00000    -80.00000     -7.23199     -3.02354      3.87507
    290.00000    -80.00000     -7.49798     -3.37102      3.72422
    295.00000    -80.00000     -7.88882     -3.70860      3.53500
    300.00000    -80.00000     -8.40308     -4.03156      3.30673
    305.00000    -80.00000     -9.03783     -4.33500      3.03958
    310.00000    -80.00000     -9.78863     -4.61397      2.73464
    315.00000    -80.00000    -10.64954     -4.86371      2.39399
    320.00000    -80.00000    -11.61312     -5.07973      2.02072
    325.00000    -80.00000    -12.67053     -5.25803      1.61887
    330.00000    -80.00000    -13.81153     -5.39518      1.19335
    335.00000    -80.00000    -15.02471     -5.48845      0.74981
    340.00000    -80.00000    -16.29757     -5.53584      0.29451
    345.00000    -80.00000    -17.61674     -5.53618     -0.16587
    350.00000    -80.00000    -18.96821     -5.48912     -0.62435
    355.00000    -80.00000    -20.33752     -5.39518     -1.07387
    360.00000    -80.00000    -21.71006     -5.25573     -1.50742
      0.00000    -75.00000    -21.97821     -7.68221     -1.95281
      5.00000    -75.00000    -24.14573     -7.44108     -2.54693
     10.00000    -75.00000    -26.26198     -7.14231     -3.09268
     15.00000    -75.00000    -28.30300     -6.79066     -3.57850
     20.00000    -75.00000    -30.24673     -6.39274     -3.99422
     25.00000    -75.00000    -32.07338     -5.95700     -4.33185
     30.00000    -75.00000    -33.76554     -5.49363     -4.58627
     35.00000    -75.00000    -35.30828     -5.01407     -4.75585
     40.00000    -75.00000    -36.68894     -4.53026     -4.84284
     45.00000    -75.00000    -37.89695     -4.05380     -4.85333
     50.00000    -75.00000    -38.92359     -3.59500     -4.79688
     55.00000    -75.00000    -39.76164     -3.16210     -4.68572
     60.00000    -75.00000    -40.40531     -2.76067     -4.53367
     65.00000    -75.00000    -40.85024     -2.39345     -4.35487
     70.00000    -75.00000    -41.09366     -2.06044     -4.16264
     75.00000    -75.00000    -41.13488     -1.75933     -3.96832
     80.00000    -75.00000    -40.97577     -1.48621     -3.78061
     85.00000    -75.00000    -40.62150     -1.23627     -3.60510
     90.00000    -75.00000    -40.08100     -1.00456     -3.44426
     95.00000    -75.00000    -39.36747     -0.78651     -3.29765
    100.00000    -75.00000    -38.49839     -0.57837     -3.16247
    105.00000    -75.00000    -37.49529     -0.37735     -3.03401
    110.00000    -75.00000    -36.38306     -0.18169     -2.90631
    115.00000    -75.00000    -35.18883      0.00944     -2.77269
    120.00000    -75.00000    -33.94059      0.19598     -2.62617
    125.00000    -75.00000    -32.66563      0.37702     -2.45999
    130.00000    -75.00000    -31.38889      0.55088     -2.26794
    135.00000    -75.00000    -30.13151      0.71503     -2.04486
    140.00000    -75.00000    -28.90963      0.86612     -1.78703
    145.00000    -75.00000    -27.73355      1.00013     -1.49265
    150.00000    -75.00000    -26.60739      1.11256     -1.16218
    155.00000    -75.00000    -25.52921      1.19884     -0.79857
    160.00000    -75.00000    -24.49156      1.25485     -0.40726
    165.00000    -75.00000    -23.48246      1.27744      0.00413
    170.00000    -75.00000    -22.48668      1.26490      0.42632
    175.00000    -75.00000    -21.48717      1.21733      0.84920
    180.00000    -75.00000    -20.46669      1.13670      1.26277
    185.00000    -75.00000    -19.40930      1.02662      1.65809
    190.00000    -75.00000    -18.30184      0.89186      2.02808
    195.00000    -75.00000    -17.13514      0.73770      2.36808
    200.00000    -75.00000    -15.90493      0.56916      2.67611
    205.00000    -75.00000    -14.61239      0.39025      2.95267
    210.00000    -75.00000    -13.26434      0.20352      3.20034
    215.00000    -75.00000    -11.87300      0.00974      3.42307
    220.00000    -75.00000    -10.45530     -0.19204      3.62549
    225.00000    -75.00000     -9.03200     -0.40418      3.81211
    230.00000    -75.00000     -7.62650     -0.62999      3.98677
    235.00000    -75.00000     -6.26357     -0.87308      4.15222
    240.00000    -75.00000     -4.96809     -1.13688      4.30993
    245.00000    -75.00000     -3.76396     -1.42411      4.46001
    250.00000    -75.00000     -2.67322     -1.73656      4.60132
    255.00000    -75.00000     -1.71550     -2.07492      4.73152
    260.00000    -75.00000     -0.90770     -2.43876      4.84718
    265.00000    -75.00000     -0.26402     -2.82668      4.94389
    270.00000    -75.00000      0.20389     -3.23630      5.01626
    275.00000    -75.00000      0.48665     -3.66433      5.05806
    280.00000    -75.00000      0.57683     -4.10655      5.06240
    285.00000    -75.00000      0.46877     -4.55781      5.02203
    290.00000    -75.00000      0.15856     -5.01193      4.92981
    295.00000    -75.00000     -0.35598     -5.46178      4.77922
    300.00000    -75.00000     -1.07496     -5.89942      4.56505
    305.00000    -75.00000     -1.99620     -6.31639      4.28389
    310.00000    -75.00000     -3.11485     -6.70410      3.93463
    315.00000    -75.00000     -4.42311     -7.05428      3.51872
    320.00000    -75.00000     -5.91002     -7.35943      3.04018
    325.00000    -75.00000     -7.56144     -7.61318      2.50543
    330.00000    -75.00000     -9.36013     -7.81048      1.92291
    335.00000    -75.00000    -11.28601     -7.94768      1.30265
    340.00000    -75.00000    -13.31657     -8.02237      0.65581
    345.00000    -75.00000    -15.42730     -8.03323     -0.00567
    350.00000    -75.00000    -17.59232     -7.97982     -0.66941
    355.00000    -75.00000    -19.78492     -7.86246     -1.32272
    360.00000    -75.00000    -21.97821     -7.68221     -1.95281
      0.00000    -70.00000    -22.39716    -11.14024     -2.53226
      5.00000    -70.00000    -25.47525    -10.84576     -3.42102
     10.00000    -70.00000    -28.45763    -10.47387     -4.23483
     15.00000    -70.00000    -31.30596    -10.02625     -4.95138
     20.00000    -70.00000    -33.98649     -9.50815     -5.54957
     25.00000    -70.00000    -36.47089     -8.92946     -6.01143
     30.00000    -70.00000    -38.73681     -8.30493     -6.32435
     35.00000    -70.00000    -40.76782     -7.65351     -6.48319
     40.00000    -70.00000    -42.55286     -6.99662     -6.49168
     45.00000    -70.00000    -44.08512     -6.35593     -6.36291
     50.00000    -70.00000    -45.36055     -5.75083     -6.11844
     55.00000    -70.00000    -46.37633     -5.19623     -5.78640
     60.00000    -70.00000    -47.12951     -4.70111     -5.39853
     65.00000    -70.00000    -47.61620     -4.26800     -4.98687
     70.00000    -70.00000    -47.83161     -3.89365     -4.58050
     75.00000    -70.00000    -47.77092     -3.57044     -4.20294
     80.00000    -70.00000    -47.43100     -3.28839     -3.87053
     85.00000    -70.00000    -46.81269     -3.03723     -3.59184
     90.00000    -70.00000    -45.92319     -2.80812     -3.36830
     95.00000    -70.00000    -44.77818     -2.59466     -3.19539
    100.00000    -70.00000    -43.40310     -2.39312     -3.06440
    105.00000    -70.00000    -41.83337     -2.20207     -2.96402
    110.00000    -70.00000    -40.11330     -2.02142     -2.88170
    115.00000    -70.00000    -38.29373     -1.85154     -2.80453
    120.00000    -70.00000    -36.42869     -1.69245     -2.71970
    125.00000    -70.00000    -34.57150     -1.54362     -2.61464
    130.00000    -70.00000    -32.77068     -1.40423     -2.47732
    135.00000    -70.00000    -31.06633     -1.27378     -2.29654
    140.00000    -70.00000    -29.48724     -1.15297     -2.06280
    145.00000    -70.00000    -28.04909     -1.04430     -1.76931
    150.00000    -70.00000    -26.75386     -0.95223     -1.41320
    155.00000    -70.00000    -25.59033     -0.88284     -0.99663
    160.00000    -70.00000    -24.53569     -0.84273     -0.52730
    165.00000    -70.00000    -23.55781     -0.83771     -0.01830
    170.00000    -70.00000    -22.61812     -0.87124      0.51295
    175.00000    -70.00000    -21.67481     -0.94339      1.04651
    180.00000    -70.00000    -20.68606     -1.05026      1.56232
    185.00000    -70.00000    -19.61320     -1.18437      2.04267
    190.00000    -70.00000    -18.42367     -1.33578      2.47437
    195.00000    -70.00000    -17.09348     -1.49387      2.85019
    200.00000    -70.00000    -15.60923     -1.64932      3.16937
    205.00000    -70.00000    -13.96927     -1.79598      3.43706
    210.00000    -70.00000    -12.18413     -1.93205      3.66290
    215.00000    -70.00000    -10.27588     -2.06052      3.85915
    220.00000    -70.00000     -8.27665     -2.18863      4.03862
    225.00000    -70.00000     -6.22625     -2.32661      4.21287
    230.00000    -70.00000     -4.16925     -2.48594      4.39101
    235.00000    -70.00000     -2.15179     -2.67752      4.57917
    240.00000    -70.00000     -0.21851     -2.91017      4.78048
    245.00000    -70.00000      1.58999     -3.18969      4.99554
    250.00000    -70.00000      3.23889     -3.51859      5.22293
    255.00000    -70.00000      4.69989     -3.89649      5.45963
    260.00000    -70.00000      5.95105     -4.32081      5.70104
    265.00000    -70.00000      6.97572     -4.78763      5.94074
    270.00000    -70.00000      7.76111     -5.29231      6.17003
    275.00000    -70.00000      8.29659     -5.82978      6.37745
    280.00000    -70.00000      8.57239     -6.39435      6.54872
    285.00000    -70.00000      8.57874     -6.97922      6.66707
    290.00000    -70.00000      8.30577     -7.57594      6.71433
    295.00000    -70.00000      7.74413     -8.17401      6.67252
    300.00000    -70.00000      6.88614     -8.76086      6.52569
    305.00000    -70.00000      5.72728     -9.32244      6.26188
    310.00000    -70.00000      4.26773     -9.84420      5.87461
    315.00000    -70.00000      2.51357    -10.31238      5.36374
    320.00000    -70.00000      0.47765    -10.71532      4.73547
    325.00000    -70.00000     -1.82021    -11.04446      4.00163
    330.00000    -70.00000     -4.35347    -11.29472      3.17834
    335.00000    -70.00000     -7.08963    -11.46427      2.28447
    340.00000    -70.00000     -9.99125    -11.55368      1.34021
    345.00000    -70.00000    -13.01710    -11.56472      0.36603
    350.00000    -70.00000    -16.12344    -11.49912     -0.61771
    355.00000    -70.00000    -19.26519    -11.35772     -1.59069
    360.00000    -70.00000    -22.39716    -11.14024     -2.53226
      0.00000    -65.00000    -23.14851    -15.35966     -3.25906
      5.00000    -65.00000    -27.29519    -15.03475     -4.57454
     10.00000    -65.00000    -31.27499    -14.61648     -5.78300
     15.00000    -65.00000    -35.02699    -14.09565     -6.84550
     20.00000    -65.00000    -38.49869    -13.46954     -7.72193
     25.00000    -65.00000    -41.64867    -12.74543     -8.37536
     30.00000    -65.00000    -44.44868    -11.94224     -8.77760
     35.00000    -65.00000    -46.88435    -11.08952     -8.91454
     40.00000    -65.00000    -48.95432    -10.22401     -8.79028
     45.00000    -65.00000    -50.66753     -9.38441     -8.42871
     50.00000    -65.00000    -52.03906     -8.60552     -7.87211
     55.00000    -65.00000    -53.08503     -7.91303     -7.17682
     60.00000    -65.00000    -53.81789     -7.32012     -6.40653
     65.00000    -65.00000    -54.24273     -6.82664     -5.62466
     70.00000    -65.00000    -54.35582     -6.42093     -4.88701
     75.00000    -65.00000    -54.14575     -6.08371     -4.23609
     80.00000    -65.00000    -53.59707     -5.79321     -3.69804
     85.00000    -65.00000    -52.69603     -5.53016     -3.28240
     90.00000    -65.00000    -51.43708     -5.28148     -2.98442
     95.00000    -65.00000    -49.82912     -5.04202     -2.78904
    100.00000    -65.00000    -47.89997     -4.81402     -2.67548
    105.00000    -65.00000    -45.69822     -4.60466     -2.62126
    110.00000    -65.00000    -43.29186     -4.42255     -2.60492
    115.00000    -65.00000    -40.76376     -4.27420     -2.60713
    120.00000    -65.00000    -38.20477     -4.16150     -2.61028
    125.00000    -65.00000    -35.70541     -4.08088     -2.59736
    130.00000    -65.00000    -33.34740     -4.02429     -2.55081
    135.00000    -65.00000    -31.19639     -3.98169     -2.45215
    140.00000    -65.00000    -29.29656     -3.94423     -2.28295
    145.00000    -65.00000    -27.66791     -3.90714     -2.02703
    150.00000    -65.00000    -26.30594     -3.87147     -1.67354
    155.00000    -65.00000    -25.18372     -3.84404     -1.22011
    160.00000    -65.00000    -24.25550     -3.83565     -0.67508
    165.00000    -65.00000    -23.46137     -3.85781     -0.05806
    170.00000    -65.00000    -22.73228     -3.91910      0.60161
    175.00000    -65.00000    -21.99511     -4.02196      1.26840
    180.00000    -65.00000    -21.17756     -4.16096      1.90567
    185.00000    -65.00000    -20.21274     -4.32308      2.48108
    190.00000    -65.00000    -19.04352     -4.49003      2.97140
    195.00000    -65.00000    -17.62658     -4.64213      3.36575
    200.00000    -65.00000    -15.93583     -4.76284      3.66641
    205.00000    -65.00000    -13.96500     -4.84287      3.88739
    210.00000    -65.00000    -11.72885     -4.88280      4.05102
    215.00000    -65.00000     -9.26265     -4.89363      4.18353
    220.00000    -65.00000     -6.61967     -4.89513      4.31051
    225.00000    -65.00000     -3.86682     -4.91236      4.45338
    230.00000    -65.00000     -1.07869     -4.97122      4.62743
    235.00000    -65.00000      1.66907     -5.09410      4.84151
    240.00000    -65.00000      4.30617     -5.29656      5.09923
    245.00000    -65.00000      6.77286     -5.58581      5.40083
    250.00000    -65.00000      9.02310     -5.96100      5.74498
    255.00000    -65.00000     11.02518     -6.41520      6.12968
    260.00000    -65.00000     12.75992     -6.93825      6.55200
    265.00000    -65.00000     14.21686     -7.51953      7.00656
    270.00000    -65.00000     15.38937     -8.14999      7.48323
    275.00000    -65.00000     16.26987     -8.82277      7.96495
    280.00000    -65.00000     16.84607     -9.53235      8.42641
    285.00000    -65.00000     17.09910    -10.27265      8.83434
    290.00000    -65.00000     17.00391    -11.03477      9.14973
    295.00000    -65.00000     16.53176    -11.80520      9.33176
    300.00000    -65.00000     15.65423    -12.56520      9.34276
    305.00000    -65.00000     14.34793    -13.29179      9.15323
    310.00000    -65.00000     12.59895    -13.96012      8.74593
    315.00000    -65.00000     10.40619    -14.54691      8.11807
    320.00000    -65.00000      7.78314    -15.03387      7.28122
    325.00000    -65.00000      4.75794    -15.41033      6.25904
    330.00000    -65.00000      1.37202    -15.67424      5.08354
    335.00000    -65.00000     -2.32228    -15.83128      3.79068
    340.00000    -65.00000     -6.26443    -15.89221      2.41648
    345.00000    -65.00000    -10.38832    -15.86902      0.99459
    350.00000    -65.00000    -14.62444    -15.77110     -0.44440
    355.00000    -65.00000    -18.90162    -15.60228     -1.87189
    360.00000    -65.00000    -23.14851    -15.35966     -3.25906
      0.00000    -60.00000    -24.39197    -19.88034     -4.15376
      5.00000    -60.00000    -29.83653    -19.56817     -6.03777
     10.00000    -60.00000    -35.01575    -19.15728     -7.78188
     15.00000    -60.00000    -39.83235    -18.61503     -9.32386
     20.00000    -60.00000    -44.20075    -17.91968    -10.59391
     25.00000    -60.00000    -48.05411    -17.06901    -11.52320
     30.00000    -60.00000    -51.35087    -16.08480    -12.05539
     35.00000    -60.00000    -54.07879    -15.01166    -12.15847
     40.00000    -60.00000    -56.25497    -13.91042    -11.83389
     45.00000    -60.00000    -57.92123    -12.84754    -11.12079
     50.00000    -60.00000    -59.13496    -11.88286    -10.09379
     55.00000    -60.00000    -59.95724    -11.05883     -8.85452
     60.00000    -60.00000    -60.44024    -10.39357     -7.51827
     65.00000    -60.00000    -60.61686     -9.87935     -6.19854
     70.00000    -60.00000    -60.49486     -9.48684     -4.99244
     75.00000    -60.00000    -60.05698     -9.17393     -3.96971
     80.00000    -60.00000    -59.26749     -8.89678     -3.16749
     85.00000    -60.00000    -58.08373     -8.62040     -2.59106
     90.00000    -60.00000    -56.47059     -8.32624     -2.22005
     95.00000    -60.00000    -54.41469     -8.01504     -2.01785
    100.00000    -60.00000    -51.93538     -7.70443     -1.94184
    105.00000    -60.00000    -49.09012     -7.42231     -1.95195
    110.00000    -60.00000    -45.97303     -7.19782     -2.01568
    115.00000    -60.00000    -42.70686     -7.05257     -2.10905
    120.00000    -60.00000    -39.42988     -6.99429     -2.21406
    125.00000    -60.00000    -36.28009     -7.01468     -2.31413
    130.00000    -60.00000    -33.37976     -7.09179     -2.38960
    135.00000    -60.00000    -30.82270     -7.19615     -2.41521
    140.00000    -60.00000    -28.66609     -7.29883     -2.36075
    145.00000    -60.00000    -26.92771     -7.37908     -2.19503
    150.00000    -60.00000    -25.58801     -7.42946     -1.89234
    155.00000    -60.00000    -24.59582     -7.45702     -1.43956
    160.00000    -60.00000    -23.87613     -7.48014     -0.84186
    165.00000    -60.00000    -23.33815     -7.52209     -0.12515
    170.00000    -60.00000    -22.88262     -7.60297      0.66581
    175.00000    -60.00000    -22.40779     -7.73254      1.47357
    180.00000    -60.00000    -21.81430     -7.90568      2.23732
    185.00000    -60.00000    -21.00948     -8.10227      2.90329
    190.00000    -60.00000    -19.91190     -8.29124      3.43400
    195.00000    -60.00000    -18.45639     -8.43812      3.81419
    200.00000    -60.00000    -16.59967     -8.51408      4.05226
    205.00000    -60.00000    -14.32561     -8.50409      4.17696
    210.00000    -60.00000    -11.64915     -8.41209      4.23044
    215.00000    -60.00000     -8.61743     -8.26186      4.25943
    220.00000    -60.00000     -5.30723     -8.09320      4.30677
    225.00000    -60.00000     -1.81823     -7.95452      4.40525
    230.00000    -60.00000      1.73711     -7.89359      4.57505
    235.00000    -60.00000      5.24593     -7.94869      4.82477
    240.00000    -60.00000      8.60706     -8.14246      5.15532
    245.00000    -60.00000     11.74101     -8.47955      5.56495
    250.00000    -60.00000     14.59544     -8.94862      6.05345
    255.00000    -60.00000     17.14530     -9.52769      6.62396
    260.00000    -60.00000     19.38753    -10.19122      7.28149
    265.00000    -60.00000     21.33148    -10.91676      8.02844
    270.00000    -60.00000     22.98733    -11.68943      8.85831
    275.00000    -60.00000     24.35504    -12.50284      9.74950
    280.00000    -60.00000     25.41632    -13.35660     10.66137
    285.00000    -60.00000     26.13147    -14.25117     11.53407
    290.00000    -60.00000     26.44168    -15.18180     12.29299
    295.00000    -60.00000     26.27634    -16.13367     12.85719
    300.00000    -60.00000     25.56353    -17.07985     13.15046
    305.00000    -60.00000     24.24173    -17.98296     13.11248
    310.00000    -60.00000     22.26995    -18.80047     12.70781
    315.00000    -60.00000     19.63470    -19.49227     11.93058
    320.00000    -60.00000     16.35262    -20.02858     10.80396
    325.00000    -60.00000     12.46876    -20.39602      9.37478
    330.00000    -60.00000      8.05160    -20.60005      7.70449
    335.00000    -60.00000      3.18646    -20.66288      5.85914
    340.00000    -60.00000     -2.03119    -20.61724      3.90058
    345.00000    -60.00000     -7.50079    -20.49744      1.88110
    350.00000    -60.00000    -13.11983    -20.33006     -0.15748
    355.00000    -60.00000    -18.78492    -20.12660     -2.18039
    360.00000    -60.00000    -24.39197    -19.88034     -4.15376
      0.00000    -55.00000    -26.20866    -24.17620     -5.23857
      5.00000    -55.00000    -33.24861    -23.94122     -7.82680
     10.00000    -55.00000    -39.90894    -23.61914    -10.24866
     15.00000    -55.00000    -46.03655    -23.13618    -12.41215
     20.00000    -55.00000    -51.48864    -22.43577    -14.20486
     25.00000    -55.00000    -56.14875    -21.49610    -15.50917
     30.00000    -55.00000    -59.94326    -20.33959    -16.22362
     35.00000    -55.00000    -62.85376    -19.03189    -16.28525
     40.00000    -55.00000    -64.92130    -17.67024    -15.68756
     45.00000    -55.00000    -66.24025    -16.36397    -14.48926
     50.00000    -55.00000    -66.94190    -15.21190    -12.81120
     55.00000    -55.00000    -67.17045    -14.28210    -10.82145
     60.00000    -55.00000    -67.05624    -13.59886     -8.71146
     65.00000    -55.00000    -66.69204    -13.14011     -6.66814
     70.00000    -55.00000    -66.11766    -12.84562     -4.84768
     75.00000    -55.00000    -65.31668    -12.63389     -3.35639
     80.00000    -55.00000    -64.22625    -12.42330     -2.24219
     85.00000    -55.00000    -62.75793    -12.15221     -1.49761
     90.00000    -55.00000    -60.82512    -11.79309     -1.07259
     95.00000    -55.00000    -58.37098    -11.35734     -0.89330
    100.00000    -55.00000    -55.39062    -10.88991     -0.88183
    105.00000    -55.00000    -51.94288    -10.45551     -0.97206
    110.00000    -55.00000    -48.14900    -10.12033     -1.11842
    115.00000    -55.00000    -44.17887     -9.93399     -1.29622
    120.00000    -55.00000    -40.22792     -9.91669     -1.49493
    125.00000    -55.00000    -36.48970    -10.05444     -1.70735
    130.00000    -55.00000    -33.12977    -10.30362     -1.91888
    135.00000    -55.00000    -30.26590    -10.60309     -2.10067
    140.00000    -55.00000    -27.95755    -10.89046     -2.20910
    145.00000    -55.00000    -26.20563    -11.11797     -2.19218
    150.00000    -55.00000    -24.96063    -11.26363     -2.00113
    155.00000    -55.00000    -24.13618    -11.33469     -1.60395
    160.00000    -55.00000    -23.62400    -11.36278     -0.99692
    165.00000    -55.00000    -23.30669    -11.39215     -0.21044
    170.00000    -55.00000    -23.06650    -11.46455      0.69278
    175.00000    -55.00000    -22.78938    -11.60494      1.62751
    180.00000    -55.00000    -22.36591    -11.81237      2.50150
    185.00000    -55.00000    -21.69130    -12.05830      3.23315
    190.00000    -55.00000    -20.66693    -12.29330      3.76725
    195.00000    -55.00000    -19.20529    -12.46009      4.08477
    200.00000    -55.00000    -17.23840    -12.50967      4.20477
    205.00000    -55.00000    -14.72851    -12.41605      4.17805
    210.00000    -55.00000    -11.67822    -12.18565      4.07450
    215.00000    -55.00000     -8.13683    -11.85871      3.96771
    220.00000    -55.00000     -4.20009    -11.50246      3.92080
    225.00000    -55.00000     -0.00187    -11.19747      3.97696
    230.00000    -55.00000      4.30175    -11.02100      4.15686
    235.00000    -55.00000      8.55332    -11.03140      4.46277
    240.00000    -55.00000     12.61571    -11.25751      4.88757
    245.00000    -55.00000     16.38987    -11.69576      5.42518
    250.00000    -55.00000     19.82455    -12.31501      6.07875
    255.00000    -55.00000     22.91547    -13.06782      6.86344
    260.00000    -55.00000     25.69388    -13.90449      7.80246
    265.00000    -55.00000     28.20694    -14.78598      8.91696
    270.00000    -55.00000     30.49441    -15.69200     10.21238
    275.00000    -55.00000     32.56697    -16.62217     11.66522
    280.00000    -55.00000     34.39144    -17.59004     13.21438
    285.00000    -55.00000     35.88624    -18.61207     14.76022
    290.00000    -55.00000     36.92850    -19.69493     16.17276
    295.00000    -55.00000     37.37095    -20.82510     17.30796
    300.00000    -55.00000     37.06514    -21.96436     18.02897
    305.00000    -55.00000     35.88561    -23.05273     18.22772
    310.00000    -55.00000     33.75000    -24.01866     17.84196
    315.00000    -55.00000     30.63120    -24.79402     16.86397
    320.00000    -55.00000     26.55951    -25.32981     15.33888
    325.00000    -55.00000     21.61572    -25.60836     13.35342
    330.00000    -55.00000     15.91755    -25.64835     11.01796
    335.00000    -55.00000      9.60380    -25.50095      8.44637
    340.00000    -55.00000      2.82018    -25.23755      5.73894
    345.00000    -55.00000     -4.28994    -24.93206      2.97218
    350.00000    -55.00000    -11.58855    -24.64211      0.19783
    355.00000    -55.00000    -18.94057    -24.39410     -2.54948
    360.00000    -55.00000    -26.20866    -24.17620     -5.23857
      0.00000    -50.00000    -28.56756    -27.79000     -6.52949
      5.00000    -50.00000    -37.54336    -27.71781     -9.93361
     10.00000    -50.00000    -46.03436    -27.59240    -13.16003
     15.00000    -50.00000    -53.80749    -27.27623    -16.08121
     20.00000    -50.00000    -60.62802    -26.65753    -18.52795
     25.00000    -50.00000    -66.29127    -25.68148    -20.31417
     30.00000    -50.00000    -70.65763    -24.36779    -21.27263
     35.00000    -50.00000    -73.68148    -22.81025    -21.29309
     40.00000    -50.00000    -75.42568    -21.15792    -20.35341
     45.00000    -50.00000    -76.05591    -19.58265    -18.53544
     50.00000    -50.00000    -75.81449    -18.24077    -16.02101
     55.00000    -50.00000    -74.97791    -17.23847    -13.06813
     60.00000    -50.00000    -73.80693    -16.60941     -9.97194
     65.00000    -50.00000    -72.50012    -16.30997     -7.01889
     70.00000    -50.00000    -71.16156    -16.23313     -4.44394
     75.00000    -50.00000    -69.78984    -16.23715     -2.39965
     80.00000    -50.00000    -68.29122    -16.18191     -0.94332
     85.00000    -50.00000    -66.51363    -15.96337     -0.04344
     90.00000    -50.00000    -64.29362    -15.53796      0.39726
     95.00000    -50.00000    -61.50537    -14.93080      0.50919
    100.00000    -50.00000    -58.10041    -14.22634      0.42206
    105.00000    -50.00000    -54.12924    -13.54420      0.23812
    110.00000    -50.00000    -49.74045    -13.00704      0.01818
    115.00000    -50.00000    -45.15813    -12.70874     -0.21774
    120.00000    -50.00000    -40.64376    -12.69124     -0.47706
    125.00000    -50.00000    -36.45151    -12.93562     -0.77425
    130.00000    -50.00000    -32.78739    -13.36922     -1.11034
    135.00000    -50.00000    -29.78062    -13.88641     -1.45900
    140.00000    -50.00000    -27.47246    -14.37691     -1.76372
    145.00000    -50.00000    -25.82270    -14.75392     -1.94701
    150.00000    -50.00000    -24.72999    -14.97445     -1.92910
    155.00000    -50.00000    -24.05922    -15.04679     -1.65051
    160.00000    -50.00000    -23.66786    -15.02331     -1.09192
    165.00000    -50.00000    -23.42498    -14.98129     -0.28521
    170.00000    -50.00000    -23.21929    -14.99725      0.68793
    175.00000    -50.00000    -22.95636    -15.12226      1.71028
    180.00000    -50.00000    -22.54887    -15.36516      2.65268
    185.00000    -50.00000    -21.90548    -15.68850      3.40139
    190.00000    -50.00000    -20.92438    -16.01812      3.88209
    195.00000    -50.00000    -19.49588    -16.26395      4.07463
    200.00000    -50.00000    -17.51489    -16.34611      4.01490
    205.00000    -50.00000    -14.90107    -16.21924      3.78383
    210.00000    -50.00000    -11.62104    -15.88818      3.48671
    215.00000    -50.00000     -7.70578    -15.41082      3.22884
    220.00000    -50.00000     -3.25704    -14.88710      3.09399
    225.00000    -50.00000      1.56100    -14.43719      3.13138
    230.00000    -50.00000      6.54473    -14.17454      3.35423
    235.00000    -50.00000     11.48437    -14.18093      3.74937
    240.00000    -50.00000     16.20027    -14.49011      4.29445
    245.00000    -50.00000     20.57326    -15.08403      4.97649
    250.00000    -50.00000     24.56125    -15.90234      5.80565
    255.00000    -50.00000     28.19723    -16.86205      6.81893
    260.00000    -50.00000     31.56837    -17.88162      8.07165
    265.00000    -50.00000     34.78060    -18.90259      9.61822
    270.00000    -50.00000     37.91684    -19.90252     11.48703
    275.00000    -50.00000     40.99908    -20.89574     13.65637
    280.00000    -50.00000     43.96359    -21.92182     16.03869
    285.00000    -50.00000     46.65563    -23.02531     18.47868
    290.00000    -50.00000     48.84554    -24.23286     20.76745
    295.00000    -50.00000     50.26265    -25.53464     22.67077
    300.00000    -50.00000     50.63961    -26.87615     23.96572
    305.00000    -50.00000     49.75704    -28.16334     24.47776
    310.00000    -50.00000     47.47881    -29.28053     24.10967
    315.00000    -50.00000     43.77066    -30.11677     22.85559
    320.00000    -50.00000     38.69927    -30.59358     20.79719
    325.00000    -50.00000     32.41372    -30.68667     18.08300
    330.00000    -50.00000     25.11555    -30.43501     14.89641
    335.00000    -50.00000     17.02582    -29.93433     11.42036
    340.00000    -50.00000      8.35791    -29.31578      7.80753
    345.00000    -50.00000     -0.69767    -28.71480      4.16322
    350.00000    -50.00000     -9.97421    -28.23787      0.54450
    355.00000    -50.00000    -19.31740    -27.93569     -3.02494
    360.00000    -50.00000    -28.56756    -27.79000     -6.52949
      0.00000    -45.00000    -31.32832    -30.43971     -8.02811
      5.00000    -45.00000    -42.58161    -30.63594    -12.31991
     10.00000    -45.00000    -53.28858    -30.83899    -16.44557
     15.00000    -45.00000    -63.10991    -30.82112    -20.23762
     20.00000    -45.00000    -71.67512    -30.39111    -23.45609
     25.00000    -45.00000    -78.63859    -29.44458    -25.82598
     30.00000    -45.00000    -83.74458    -27.99336    -27.09225
     35.00000    -45.00000    -86.88438    -26.16644    -27.07938
     40.00000    -45.00000    -88.12966    -24.18199    -25.74036
     45.00000    -45.00000    -87.73136    -22.29724    -23.18253
     50.00000    -45.00000    -86.08157    -20.74863    -19.66276
     55.00000    -45.00000    -83.64537    -19.69715    -15.55203
     60.00000    -45.00000    -80.87681    -19.19235    -11.27652
     65.00000    -45.00000    -78.13816    -19.16380     -7.24828
     70.00000    -45.00000    -75.64053    -19.44184     -3.80042
     75.00000    -45.00000    -73.41951    -19.80194     -1.14093
     80.00000    -45.00000    -71.35090    -20.02141      0.66590
     85.00000    -45.00000    -69.20205    -19.93397      1.68799
     90.00000    -45.00000    -66.70598    -19.46860      2.08880
     95.00000    -45.00000    -63.64017    -18.66347      2.07603
    100.00000    -45.00000    -59.89129    -17.65207      1.84889
    105.00000    -45.00000    -55.49094    -16.62589      1.55677
    110.00000    -45.00000    -50.61523    -15.78383      1.27825
    115.00000    -45.00000    -45.54977    -15.28176      1.02324
    120.00000    -45.00000    -40.63024    -15.19499      0.75505
    125.00000    -45.00000    -36.17395    -15.50287      0.42392
    130.00000    -45.00000    -32.41933    -16.09874      0.00081
    135.00000    -45.00000    -29.48714    -16.82148     -0.49887
    140.00000    -45.00000    -27.37111    -17.49968     -1.00869
    145.00000    -45.00000    -25.95734    -17.99613     -1.42348
    150.00000    -45.00000    -25.06480    -18.24096     -1.62663
    155.00000    -45.00000    -24.49409    -18.24473     -1.52415
    160.00000    -45.00000    -24.07065    -18.08889     -1.07510
    165.00000    -45.00000    -23.67119    -17.89699     -0.30946
    170.00000    -45.00000    -23.22781    -17.79510      0.67257
    175.00000    -45.00000    -22.71128    -17.87298      1.71996
    180.00000    -45.00000    -22.10133    -18.15670      2.66445
    185.00000    -45.00000    -21.35522    -18.60036      3.35925
    190.00000    -45.00000    -20.38651    -19.09897      3.71292
    195.00000    -45.00000    -19.06234    -19.51874      3.70932
    200.00000    -45.00000    -17.22178    -19.73617      3.40871
    205.00000    -45.00000    -14.71106    -19.67499      2.93018
    210.00000    -45.00000    -11.42584    -19.33072      2.42058
    215.00000    -45.00000     -7.34779    -18.77594      2.01904
    220.00000    -45.00000     -2.56382    -18.14492      1.82689
    225.00000    -45.00000      2.73974    -17.60169      1.89138
    230.00000    -45.00000      8.30862    -17.30044      2.20713
    235.00000    -45.00000     13.87120    -17.34893      2.73428
    240.00000    -45.00000     19.19588    -17.78477      3.42712
    245.00000    -45.00000     24.14020    -18.57086      4.26364
    250.00000    -45.00000     28.67811    -19.61065      5.26627
    255.00000    -45.00000     32.89678    -20.77870      6.50588
    260.00000    -45.00000     36.96232    -21.95743      8.08617
    265.00000    -45.00000     41.06151    -23.06956     10.11137
    270.00000    -45.00000     45.33360    -24.09669     12.64495
    275.00000    -45.00000     49.80917    -25.07884     15.67080
    280.00000    -45.00000     54.37173    -26.09494     19.06816
    285.00000    -45.00000     58.75281    -27.22984     22.60887
    290.00000    -45.00000     62.56283    -28.53775     25.98013
    295.00000    -45.00000     65.35148    -30.01292     28.82935
    300.00000    -45.00000     66.68410    -31.57688     30.82200
    305.00000    -45.00000     66.21646    -33.08705     31.69939
    310.00000    -45.00000     63.75132    -34.36567     31.32320
    315.00000    -45.00000     59.26436    -35.24197     29.69621
    320.00000    -45.00000     52.89548    -35.59673     26.95443
    325.00000    -45.00000     44.90975    -35.39690     23.33311
    330.00000    -45.00000     35.63970    -34.71042     19.11498
    335.00000    -45.00000     25.42493    -33.69583     14.57407
    340.00000    -45.00000     14.56460    -32.56845      9.92873
    345.00000    -45.00000      3.29408    -31.55052      5.31540
    350.00000    -45.00000     -8.21036    -30.81783      0.78867
    355.00000    -45.00000    -19.80310    -30.45624     -3.65358
    360.00000    -45.00000    -31.32832    -30.43971     -8.02811
      0.00000    -40.00000    -34.28268    -32.06688     -9.71514
      5.00000    -40.00000    -48.10925    -32.65467    -14.91592
     10.00000    -40.00000    -61.40749    -33.33836    -19.98934
     15.00000    -40.00000    -73.70678    -33.77151    -24.72521
     20.00000    -40.00000    -84.45198    -33.65662    -28.80078
     25.00000    -40.00000    -93.09363    -32.82045    -31.83371
     30.00000    -40.00000    -99.19661    -31.25920    -33.46108
     35.00000    -40.00000   -102.53966    -29.14236    -33.42530
     40.00000    -40.00000   -103.17883    -26.77379    -31.64542
     45.00000    -40.00000   -101.45650    -24.51983    -28.25536
     50.00000    -40.00000    -97.95026    -22.72213    -23.59849
     55.00000    -40.00000    -93.37140    -21.61696    -18.17815
     60.00000    -40.00000    -88.43513    -21.28083    -12.57488
     65.00000    -40.00000    -83.73204    -21.61577     -7.34836
     70.00000    -40.00000    -79.63033    -22.37729     -2.94619
     75.00000    -40.00000    -76.23085    -23.23748      0.36087
     80.00000    -40.00000    -73.38387    -23.86698      2.50420
     85.00000    -40.00000    -70.76187    -24.01494      3.59962
     90.00000    -40.00000    -67.96876    -23.56734      3.89402
     95.00000    -40.00000    -64.65782    -22.56939      3.69119
    100.00000    -40.00000    -60.62947    -21.20770      3.27609
    105.00000    -40.00000    -55.88592    -19.75789      2.85578
    110.00000    -40.00000    -50.63131    -18.51196      2.52969
    115.00000    -40.00000    -45.22022    -17.70466      2.29353
    120.00000    -40.00000    -40.07023    -17.45762      2.07194
    125.00000    -40.00000    -35.56261    -17.75492      1.76782
    130.00000    -40.00000    -31.95713    -18.45504      1.31239
    135.00000    -40.00000    -29.34191    -19.33473      0.70113
    140.00000    -40.00000    -27.62903    -20.15190      0.00537
    145.00000    -40.00000    -26.59398    -20.71013     -0.64310
    150.00000    -40.00000    -25.94530    -20.90771     -1.08890
    155.00000    -40.00000    -25.40350    -20.75853     -1.20008
    160.00000    -40.00000    -24.76679    -20.38043     -0.91073
    165.00000    -40.00000    -23.94597    -19.95525     -0.24647
    170.00000    -40.00000    -22.96061    -19.67268      0.67528
    175.00000    -40.00000    -21.89988    -19.67378      1.67067
    180.00000    -40.00000    -20.86204    -20.01007      2.53394
    185.00000    -40.00000    -19.89208    -20.62920      3.08871
    190.00000    -40.00000    -18.93798    -21.39068      3.23216
    195.00000    -40.00000    -17.83967    -22.10690      2.95985
    200.00000    -40.00000    -16.35551    -22.59749      2.36471
    205.00000    -40.00000    -14.21944    -22.74177      1.61097
    210.00000    -40.00000    -11.21291    -22.51456      0.89062
    215.00000    -40.00000     -7.23030    -21.99553      0.37530
    220.00000    -40.00000     -2.31817    -21.34972      0.17728
    225.00000    -40.00000      3.32488    -20.78482      0.33086
    230.00000    -40.00000      9.38988    -20.49732      0.79907
    235.00000    -40.00000     15.53091    -20.62259      1.50346
    240.00000    -40.00000     21.45126    -21.20263      2.36733
    245.00000    -40.00000     26.97850    -22.18031      3.35873
    250.00000    -40.00000     32.10686    -23.42123      4.51889
    255.00000    -40.00000     36.99311    -24.75650      5.96550
    260.00000    -40.00000     41.90457    -26.03386      7.86724
    265.00000    -40.00000     47.13029    -27.16201     10.39416
    270.00000    -40.00000     52.87740    -28.13521     13.65604
    275.00000    -40.00000     59.17917    -29.03037     17.64530
    280.00000    -40.00000     65.83938    -29.97728     22.20084
    285.00000    -40.00000     72.42924    -31.11013     27.00507
    290.00000    -40.00000     78.34011    -32.51435     31.61816
    295.00000    -40.00000     82.88135    -34.18474     35.54414
    300.00000    -40.00000     85.40114    -36.00798     38.31511
    305.00000    -40.00000     85.40227    -37.77644     39.57465
    310.00000    -40.00000     82.62618    -39.23150     39.14089
    315.00000    -40.00000     77.08650    -40.12600     37.03445
    320.00000    -40.00000     69.04626    -40.28990     33.46470
    325.00000    -40.00000     58.94690    -39.68118     28.77797
    330.00000    -40.00000     47.30918    -38.40730     23.38089
    335.00000    -40.00000     34.63262    -36.70985     17.65785
    340.00000    -40.00000     21.31910    -34.91432     11.90304
    345.00000    -40.00000      7.63920    -33.35628      6.28342
    350.00000    -40.00000     -6.25293    -32.30212      0.84074
    355.00000    -40.00000    -20.26368    -31.88411     -4.46966
    360.00000    -40.00000    -34.28268    -32.06688     -9.71514
      0.00000    -35.00000    -37.22459    -32.81629    -11.54686
      5.00000    -35.00000    -53.83566    -33.93151    -17.62444
     10.00000    -35.00000    -70.04190    -35.26305    -23.63930
     15.00000    -35.00000    -85.22098    -36.31764    -29.33727
     20.00000    -35.00000    -98.58515    -36.66407    -34.30461
     25.00000    -35.00000   -109.31553    -36.03887    -38.03869
     30.00000    -35.00000   -116.72867    -34.41166    -40.05440
     35.00000    -35.00000   -120.43342    -31.99367    -40.00006
     40.00000    -35.00000   -120.43692    -29.18732    -37.75406
     45.00000    -35.00000   -117.17051    -26.48936    -33.47719
     50.00000    -35.00000   -111.42559    -24.37149    -27.60650
     55.00000    -35.00000   -104.21208    -23.16811    -20.79030
     60.00000    -35.00000    -96.57125    -22.99878    -13.77838
     65.00000    -35.00000    -89.38630    -23.74400     -7.29218
     70.00000    -35.00000    -83.23425    -25.07955     -1.90392
     75.00000    -35.00000    -78.31260    -26.55978      2.04878
     80.00000    -35.00000    -74.45509    -27.72831      4.49541
     85.00000    -35.00000    -71.22911    -28.22805      5.60799
     90.00000    -35.00000    -68.08735    -27.88330      5.72885
     95.00000    -35.00000    -64.53399    -26.73436      5.27104
    100.00000    -35.00000    -60.26343    -25.01737      4.61689
    105.00000    -35.00000    -55.23846    -23.09664      4.03915
    110.00000    -35.00000    -49.69141    -21.36788      3.66154
    115.00000    -35.00000    -44.05250    -20.15830      3.46433
    120.00000    -35.00000    -38.82804    -19.64890      3.32852
    125.00000    -35.00000    -34.46359    -19.83814      3.10242
    130.00000    -35.00000    -31.22930    -20.55445      2.66963
    135.00000    -35.00000    -29.15721    -21.51230      1.99841
    140.00000    -35.00000    -28.04515    -22.39524      1.15904
    145.00000    -35.00000    -27.52309    -22.94278      0.30564
    150.00000    -35.00000    -27.16073    -23.01782     -0.37056
    155.00000    -35.00000    -26.58484    -22.63741     -0.70145
    160.00000    -35.00000    -25.57275    -21.95981     -0.59714
    165.00000    -35.00000    -24.09658    -21.23320     -0.07890
    170.00000    -35.00000    -22.30700    -20.72119      0.71987
    175.00000    -35.00000    -20.46312    -20.62659      1.58562
    180.00000    -35.00000    -18.83030    -21.03441      2.28044
    185.00000    -35.00000    -17.57663    -21.88943      2.60596
    190.00000    -35.00000    -16.69922    -23.01383      2.45715
    195.00000    -35.00000    -16.00230    -24.15897      1.85084
    200.00000    -35.00000    -15.13460    -25.07624      0.92085
    205.00000    -35.00000    -13.67581    -25.58685     -0.11846
    210.00000    -35.00000    -11.24792    -25.63114     -1.02952
    215.00000    -35.00000     -7.61939    -25.28382     -1.61296
    220.00000    -35.00000     -2.77158    -24.73175     -1.75498
    225.00000    -35.00000      3.09279    -24.22090     -1.44662
    230.00000    -35.00000      9.60341    -23.98812     -0.76923
    235.00000    -35.00000     16.32463    -24.19724      0.14968
    240.00000    -35.00000     22.87823    -24.89758      1.19689
    245.00000    -35.00000     29.05197    -26.01649      2.33123
    250.00000    -35.00000     34.86164    -27.38735      3.61990
    255.00000    -35.00000     40.54629    -28.80469      5.23943
    260.00000    -35.00000     46.49403    -30.08957      7.43756
    265.00000    -35.00000     53.11506    -31.14582     10.46289
    270.00000    -35.00000     60.69348    -31.98980     14.47961
    275.00000    -35.00000     69.25715    -32.74405     19.48972
    280.00000    -35.00000     78.50138    -33.59560     25.28511
    285.00000    -35.00000     87.78964    -34.73023     31.44537
    290.00000    -35.00000     96.23563    -36.26154     37.38625
    295.00000    -35.00000    102.84986    -38.17597     42.45080
    300.00000    -35.00000    106.71758    -40.31137     46.02401
    305.00000    -35.00000    107.16630    -42.37814     47.64493
    310.00000    -35.00000    103.88331    -44.02001     47.09011
    315.00000    -35.00000     96.95629    -44.90041     44.40850
    320.00000    -35.00000     86.82906    -44.79258     39.89957
    325.00000    -35.00000     74.18632    -43.64881     34.04027
    330.00000    -35.00000     59.79846    -41.62912     27.37911
    335.00000    -35.00000     44.36729    -39.07916     20.42352
    340.00000    -35.00000     28.41192    -36.46008     13.54833
    345.00000    -35.00000     12.22253    -34.24605      6.94723
    350.00000    -35.00000     -4.10924    -32.81395      0.63798
    355.00000    -35.00000    -20.59574    -32.35280     -5.48206
    360.00000    -35.00000    -37.22459    -32.81629    -11.54686
      0.00000    -30.00000    -40.02827    -32.95753    -13.45489
      5.00000    -30.00000    -59.53241    -34.74060    -20.32848
     10.00000    -30.00000    -78.86553    -36.89369    -27.22156
     15.00000    -30.00000    -97.24056    -38.75190    -33.83617
     20.00000    -30.00000   -113.59743    -39.72462    -39.66482
     25.00000    -30.00000   -126.78977    -39.43620    -44.08026
     30.00000    -30.00000   -135.82200    -37.81510    -46.47047
     35.00000    -30.00000   -140.07723    -35.10968    -46.38598
     40.00000    -30.00000   -139.47747    -31.82683    -43.66252
     45.00000    -30.00000   -134.53343    -28.60873    -38.48786
     50.00000    -30.00000   -126.26828    -26.07819    -31.39454
     55.00000    -30.00000   -116.03108    -24.69066    -23.17868
     60.00000    -30.00000   -105.24289    -24.62902    -14.76238
     65.00000    -30.00000    -95.13492    -25.76612     -7.03117
     70.00000    -30.00000    -86.53970    -27.70308     -0.68293
     75.00000    -30.00000    -79.78193    -29.87215      3.87831
     80.00000    -30.00000    -74.69051    -31.67750      6.58211
     85.00000    -30.00000    -70.72263    -32.63797      7.65972
     90.00000    -30.00000    -67.16357    -32.49683      7.55265
     95.00000    -30.00000    -63.34831    -31.27209      6.78713
    100.00000    -30.00000    -58.84808    -29.23733      5.84668
    105.00000    -30.00000    -53.57638    -26.84033      5.07322
    110.00000    -30.00000    -47.79201    -24.58255      4.61770
    115.00000    -30.00000    -42.00473    -22.89159      4.44729
    120.00000    -30.00000    -36.81445    -22.01946      4.40082
    125.00000    -30.00000    -32.73149    -21.99156      4.27236
    130.00000    -30.00000    -30.02868    -22.61723      3.89666
    135.00000    -30.00000    -28.66513    -23.55632      3.21171
    140.00000    -30.00000    -28.30076    -24.42166      2.28176
    145.00000    -30.00000    -28.39480    -24.88877      1.27660
    150.00000    -30.00000    -28.35813    -24.78311      0.41560
    155.00000    -30.00000    -27.71525    -24.12234     -0.10469
    160.00000    -30.00000    -26.22957    -23.10399     -0.17663
    165.00000    -30.00000    -23.95705    -22.04375      0.17916
    170.00000    -30.00000    -21.21389    -21.28310      0.81342
    175.00000    -30.00000    -18.46825    -21.09251      1.48706
    180.00000    -30.00000    -16.18785    -21.59690      1.93797
    185.00000    -30.00000    -14.68716    -22.74339      1.95637
    190.00000    -30.00000    -14.01821    -24.31892      1.44650
    195.00000    -30.00000    -13.93658    -26.01157      0.45663
    200.00000    -30.00000    -13.95254    -27.49746     -0.83154
    205.00000    -30.00000    -13.45354    -28.52841     -2.15114
    210.00000    -30.00000    -11.86344    -28.99605     -3.22182
    215.00000    -30.00000     -8.79356    -28.95508     -3.82388
    220.00000    -30.00000     -4.14201    -28.60045     -3.85257
    225.00000    -30.00000      1.88735    -28.20605     -3.33584
    230.00000    -30.00000      8.85303    -28.04366     -2.40971
    235.00000    -30.00000     16.21252    -28.30579     -1.25760
    240.00000    -30.00000     23.48889    -29.05491     -0.03153
    245.00000    -30.00000     30.41918    -30.21331      1.22074
    250.00000    -30.00000     37.04001    -31.59593      2.59895
    255.00000    -30.00000     43.68203    -32.97585      4.34733
    260.00000    -30.00000     50.86968    -34.16211      6.80151
    265.00000    -30.00000     59.14886    -35.06595     10.29542
    270.00000    -30.00000     68.88663    -35.73429     15.05072
    275.00000    -30.00000     80.09652    -36.33885     21.07773
    280.00000    -30.00000     92.33880    -37.12205     28.11622
    285.00000    -30.00000    104.72724    -38.31417     35.63543
    290.00000    -30.00000    116.04724    -40.04527     42.89880
    295.00000    -30.00000    124.96138    -42.27856     49.08230
    300.00000    -30.00000    130.25567    -44.78697     53.42120
    305.00000    -30.00000    131.06789    -47.18381     55.35196
    310.00000    -30.00000    127.04353    -49.00342     54.61586
    315.00000    -30.00000    118.38227    -49.81368     51.29969
    320.00000    -30.00000    105.76535    -49.33190     45.80389
    325.00000    -30.00000     90.18436    -47.51312     38.74599
    330.00000    -30.00000     72.71639    -44.58533     30.82336
    335.00000    -30.00000     54.30372    -41.01866     22.66913
    340.00000    -30.00000     35.59390    -37.43257     14.73658
    345.00000    -30.00000     16.87916    -34.46099      7.23962
    350.00000    -30.00000     -1.85290    -32.60749      0.16265
    355.00000    -30.00000    -20.77535    -32.12597     -6.66548
    360.00000    -30.00000    -40.02827    -32.95753    -13.45489
      0.00000    -25.00000    -42.70933    -32.77836    -15.34902
      5.00000    -25.00000    -65.12136    -35.36161    -22.89986
     10.00000    -25.00000    -87.68225    -38.50306    -30.55543
     15.00000    -25.00000   -109.43603    -41.34780    -37.97528
     20.00000    -25.00000   -129.02568    -43.12496    -44.56227
     25.00000    -25.00000   -144.93780    -43.32595    -49.57108
     30.00000    -25.00000   -155.81861    -41.82050    -52.27066
     35.00000    -25.00000   -160.78273    -38.88252    -52.12094
     40.00000    -25.00000   -159.63622    -35.11977    -48.91972
     45.00000    -25.00000   -152.95609    -31.32516    -42.88222
     50.00000    -25.00000   -142.00374    -28.28613    -34.63226
     55.00000    -25.00000   -128.49089    -26.59883    -25.10513
     60.00000    -25.00000   -114.25317    -26.53182    -15.38385
     65.00000    -25.00000   -100.90841    -27.97149     -6.50603
     70.00000    -25.00000    -89.57946    -30.46038      0.71488
     75.00000    -25.00000    -80.74357    -33.31674      5.81467
     80.00000    -25.00000    -74.23777    -35.80382      8.72431
     85.00000    -25.00000    -69.40988    -37.30596      9.73092
     90.00000    -25.00000    -65.36925    -37.46798      9.36849
     95.00000    -25.00000    -61.26832    -36.26491      8.26856
    100.00000    -25.00000    -56.54144    -33.98782      7.00935
    105.00000    -25.00000    -51.04221    -31.15271      5.99878
    110.00000    -25.00000    -45.05008    -28.35896      5.41639
    115.00000    -25.00000    -39.15274    -26.13541      5.22191
    120.00000    -25.00000    -34.04439    -24.81385      5.22063
    125.00000    -25.00000    -30.30057    -24.46108      5.16167
    130.00000    -25.00000    -28.19475    -24.88413      4.83834
    135.00000    -25.00000    -27.60770    -25.70376      4.16163
    140.00000    -25.00000    -28.05350    -26.47345      3.18768
    145.00000    -25.00000    -28.81230    -26.81014      2.09449
    150.00000    -25.00000    -29.13049    -26.50111      1.11830
    155.00000    -25.00000    -28.42995    -25.55922      0.47127
    160.00000    -25.00000    -26.46672    -24.21338      0.26724
    165.00000    -25.00000    -23.39363    -22.83939      0.47869
    170.00000    -25.00000    -19.70941    -21.85195      0.93848
    175.00000    -25.00000    -16.10846    -21.58865      1.38588
    180.00000    -25.00000    -13.27354    -22.21795      1.54351
    185.00000    -25.00000    -11.66990    -23.69562      1.20185
    190.00000    -25.00000    -11.39861    -25.77998      0.28616
    195.00000    -25.00000    -12.15057    -28.10010     -1.11464
    200.00000    -25.00000    -13.27442    -30.25637     -2.76631
    205.00000    -25.00000    -13.93952    -31.92483     -4.35007
    210.00000    -25.00000    -13.34849    -32.93642     -5.54821
    215.00000    -25.00000    -10.93961    -33.30993     -6.12940
    220.00000    -25.00000     -6.52199    -33.23158     -6.00757
    225.00000    -25.00000     -0.30501    -32.98897     -5.25603
    230.00000    -25.00000      7.18650    -32.88034     -4.07092
    235.00000    -25.00000     15.28758    -33.12649     -2.69329
    240.00000    -25.00000     23.40847    -33.81125     -1.31218
    245.00000    -25.00000     31.22704    -34.86773      0.02211
    250.00000    -25.00000     38.80002    -36.11328      1.44644
    255.00000    -25.00000     46.55602    -37.32173      3.27626
    260.00000    -25.00000     55.16590    -38.30977      5.93639
    265.00000    -25.00000     65.32020    -39.00973      9.84486
    270.00000    -25.00000     77.47125    -39.50450     15.27775
    275.00000    -25.00000     91.60989    -40.01137     22.25030
    280.00000    -25.00000    107.14096    -40.81644     30.44802
    285.00000    -25.00000    122.89807    -42.17677     39.23055
    290.00000    -25.00000    137.30295    -44.21841     47.71348
    295.00000    -25.00000    148.63744    -46.86132     54.91373
    300.00000    -25.00000    155.36563    -49.79700     59.92744
    305.00000    -25.00000    156.42939    -52.53083     62.09961
    310.00000    -25.00000    151.44568    -54.48391     61.14585
    315.00000    -25.00000    140.75770    -55.13168     57.19693
    320.00000    -25.00000    125.32846    -54.14491     50.75570
    325.00000    -25.00000    106.50498    -51.49560     42.57687
    330.00000    -25.00000     85.71396    -47.49678     33.49935
    335.00000    -25.00000     64.16658    -42.76121     24.27241
    340.00000    -25.00000     42.64681    -38.08379     15.41799
    345.00000    -25.00000     21.43508    -34.27271      7.16221
    350.00000    -25.00000      0.38285    -31.96845     -0.54908
    355.00000    -25.00000    -20.88656    -31.49462     -7.95754
    360.00000    -25.00000    -42.70933    -32.77836    -15.34902
      0.00000    -20.00000    -45.44611    -32.48882    -17.12183
      5.00000    -20.00000    -70.72156    -35.97912    -25.20610
     10.00000    -20.00000    -96.49685    -40.24957    -33.46487
     15.00000    -20.00000   -121.65147    -44.24643    -41.51764
     20.00000    -20.00000   -144.52748    -47.00553    -48.68914
     25.00000    -20.00000   -163.23290    -47.86853    -54.13453
     30.00000    -20.00000   -176.03916    -46.62752    -57.02528
     35.00000    -20.00000   -181.77401    -43.56357    -56.75010
     40.00000    -20.00000   -180.11109    -39.37111    -53.08091
     45.00000    -20.00000   -171.68227    -34.98684    -46.26180
     50.00000    -20.00000   -157.98278    -31.36551    -36.99733
     55.00000    -20.00000   -141.09047    -29.25667    -26.34136
     60.00000    -20.00000   -123.26599    -29.03581    -15.51116
     65.00000    -20.00000   -106.52919    -30.62889     -5.66922
     70.00000    -20.00000    -92.31073    -33.54588      2.27752
     75.00000    -20.00000    -81.25699    -37.01176      7.81729
     80.00000    -20.00000    -73.22595    -40.16016     10.88348
     85.00000    -20.00000    -67.46330    -42.24023     11.80916
     90.00000    -20.00000    -62.90333    -42.78600     11.20309
     95.00000    -20.00000    -58.51079    -41.70829      9.78162
    100.00000    -20.00000    -53.57343    -39.29020      8.19952
    105.00000    -20.00000    -47.87280    -36.09200      6.91955
    110.00000    -20.00000    -41.69666    -32.79378      6.14812
    115.00000    -20.00000    -35.70063    -30.01882      5.84523
    120.00000    -20.00000    -30.66712    -28.18344      5.79752
    125.00000    -20.00000    -27.23588    -27.41068      5.72706
    130.00000    -20.00000    -25.68523    -27.52643      5.40195
    135.00000    -20.00000    -25.82647    -28.13470      4.71670
    140.00000    -20.00000    -27.03983    -28.74796      3.72165
    145.00000    -20.00000    -28.43988    -28.93500      2.59688
    150.00000    -20.00000    -29.12124    -28.44563      1.58264
    155.00000    -20.00000    -28.41333    -27.27942      0.89068
    160.00000    -20.00000    -26.07049    -25.68205      0.62581
    165.00000    -20.00000    -22.34267    -24.07283      0.74273
    170.00000    -20.00000    -17.90552    -22.92561      1.05206
    175.00000    -20.00000    -13.66851    -22.63715      1.27408
    180.00000    -20.00000    -10.51413    -23.41913      1.12409
    185.00000    -20.00000     -9.04057    -25.24265      0.40342
    190.00000    -20.00000     -9.37991    -27.84841     -0.93170
    195.00000    -20.00000    -11.14246    -30.81772     -2.74524
    200.00000    -20.00000    -13.50342    -33.68273     -4.74898
    205.00000    -20.00000    -15.40778    -36.04442     -6.57583
    210.00000    -20.00000    -15.83667    -37.66568     -7.87790
    215.00000    -20.00000    -14.06075    -38.51538     -8.42040
    220.00000    -20.00000     -9.80971    -38.75352     -8.14274
    225.00000    -20.00000     -3.31034    -38.66499     -7.16685
    230.00000    -20.00000      4.81742    -38.56391     -5.74809
    235.00000    -20.00000     13.77652    -38.69801     -4.18089
    240.00000    -20.00000     22.85838    -39.18198     -2.68567
    245.00000    -20.00000     31.67983    -39.97886     -1.31076
    250.00000    -20.00000     40.31949    -40.93373      0.11900
    255.00000    -20.00000     49.30788    -41.84763      1.98681
    260.00000    -20.00000     59.46631    -42.56686      4.79898
    265.00000    -20.00000     71.63186    -43.05762      9.04771
    270.00000    -20.00000     86.34013    -43.43963     15.05432
    275.00000    -20.00000    103.55258    -43.96429     22.83412
    280.00000    -20.00000    122.50749    -44.93993     32.02061
    285.00000    -20.00000    141.74432    -46.62331     41.87446
    290.00000    -20.00000    159.30683    -49.10884     51.38168
    295.00000    -20.00000    173.08439    -52.25030     59.42330
    300.00000    -20.00000    181.21283    -55.64322     64.98003
    305.00000    -20.00000    182.43912    -58.68087     67.32496
    310.00000    -20.00000    176.36066    -60.67687     66.15923
    315.00000    -20.00000    163.48021    -61.02784     61.65809
    320.00000    -20.00000    145.06324    -59.37622     54.41651
    325.00000    -20.00000    122.83422    -55.73016     45.30761
    330.00000    -20.00000     98.58898    -50.50508     35.28885
    335.00000    -20.00000     73.82112    -44.46990     25.20343
    340.00000    -20.00000     49.45636    -38.60423     15.62531
    345.00000    -20.00000     25.75962    -33.89589      6.78461
    350.00000    -20.00000      2.43440    -31.12482     -1.41022
    355.00000    -20.00000    -21.11697    -30.68502     -9.26266
    360.00000    -20.00000    -45.44611    -32.48882    -17.12183
      0.00000    -15.00000    -48.54799    -32.17262    -18.65408
      5.00000    -15.00000    -76.63315    -36.63026    -27.11372
     10.00000    -15.00000   -105.52048    -42.11935    -35.78366
     15.00000    -15.00000   -133.93626    -47.39071    -44.24718
     20.00000    -15.00000   -159.94069    -51.28476    -51.76954
     25.00000    -15.00000   -181.28583    -52.98368    -57.43635
     30.00000    -15.00000   -195.88927    -52.18424    -60.35594
     35.00000    -15.00000   -202.30649    -49.15160    -59.87627
     40.00000    -15.00000   -200.08385    -44.64249    -55.76224
     45.00000    -15.00000   -189.90314    -39.71752    -48.28870
     50.00000    -15.00000   -173.48042    -35.48832    -38.22465
     55.00000    -15.00000   -153.24246    -32.86039    -26.71079
     60.00000    -15.00000   -131.85856    -32.33217    -15.05780
     65.00000    -15.00000   -111.73945    -33.89620     -4.51177
     70.00000    -15.00000    -94.62062    -37.06248      3.96025
     75.00000    -15.00000    -81.32304    -40.99417      9.81776
     80.00000    -15.00000    -71.73747    -44.71864     12.99776
     85.00000    -15.00000    -65.02150    -47.36023     13.86384
     90.00000    -15.00000    -59.94570    -48.33735     13.07211
     95.00000    -15.00000    -55.29144    -47.47809     11.39151
    100.00000    -15.00000    -50.19476    -45.03009      9.52416
    105.00000    -15.00000    -44.35098    -41.56817      7.96807
    110.00000    -15.00000    -38.03610    -37.82837      6.95033
    115.00000    -15.00000    -31.95283    -34.51443      6.43901
    120.00000    -15.00000    -26.95640    -32.12723      6.22064
    125.00000    -15.00000    -23.74600    -30.85952      6.01440
    130.00000    -15.00000    -22.61385    -30.57925      5.58658
    135.00000    -15.00000    -23.32429    -30.90059      4.83232
    140.00000    -15.00000    -25.15636    -31.31874      3.80350
    145.00000    -15.00000    -27.09537    -31.36902      2.67909
    150.00000    -15.00000    -28.11669    -30.76590      1.69158
    155.00000    -15.00000    -27.47851    -29.48519      1.03593
    160.00000    -15.00000    -24.93848    -27.76911      0.79150
    165.00000    -15.00000    -20.83041    -26.05595      0.88284
    170.00000    -15.00000    -15.97738    -24.85608      1.09242
    175.00000    -15.00000    -11.46356    -24.61003      1.12228
    180.00000    -15.00000     -8.32737    -25.56791      0.68610
    185.00000    -15.00000     -7.26096    -27.72217     -0.39631
    190.00000    -15.00000     -8.39986    -30.81011     -2.13158
    195.00000    -15.00000    -11.26192    -34.38295     -4.33423
    200.00000    -15.00000    -14.85329    -37.92013     -6.66448
    205.00000    -15.00000    -17.91268    -40.95622     -8.71327
    210.00000    -15.00000    -19.22623    -43.18548    -10.11029
    215.00000    -15.00000    -17.92561    -44.51715    -10.62370
    220.00000    -15.00000    -13.68596    -45.06937    -10.22064
    225.00000    -15.00000     -6.76839    -45.10789     -9.06870
    230.00000    -15.00000      2.10467    -44.95084     -7.47488
    235.00000    -15.00000     12.00530    -44.87035     -5.77714
    240.00000    -15.00000     22.11292    -45.02073     -4.21869
    245.00000    -15.00000     31.99183    -45.41428     -2.84210
    250.00000    -15.00000     41.74898    -45.94976     -1.43742
    255.00000    -15.00000     52.01889    -46.48213      0.43515
    260.00000    -15.00000     63.77056    -46.90826      3.34668
    265.00000    -15.00000     77.98140    -47.23802      7.84534
    270.00000    -15.00000     95.26330    -47.62351     14.28360
    275.00000    -15.00000    115.54354    -48.33197     22.67176
    280.00000    -15.00000    137.89374    -49.66520     32.59899
    285.00000    -15.00000    160.56445    -51.84632     43.24797
    290.00000    -15.00000    181.23133    -54.90712     53.50686
    295.00000    -15.00000    197.40313    -58.61272     62.15786
    300.00000    -15.00000    206.89809    -62.45285     68.10135
    305.00000    -15.00000    208.27449    -65.71268     70.56435
    310.00000    -15.00000    201.10993    -67.61423     69.24450
    315.00000    -15.00000    186.05983    -67.49872     64.35504
    320.00000    -15.00000    164.68035    -65.00570     56.56049
    325.00000    -15.00000    139.06012    -60.20158     46.81863
    330.00000    -15.00000    111.35327    -53.61915     36.16796
    335.00000    -15.00000     83.33112    -46.19006     25.51247
    340.00000    -15.00000     56.06458    -39.07770     15.45610
    345.00000    -15.00000     29.81462    -33.44405      6.22619
    350.00000    -15.00000      4.15416    -30.20217     -2.29795
    355.00000    -15.00000    -21.71637    -29.81249    -10.46196
    360.00000    -15.00000    -48.54799    -32.17262    -18.65408
      0.00000    -10.00000    -52.37167    -31.80732    -19.81984
      5.00000    -10.00000    -83.25310    -37.22362    -28.48781
     10.00000    -10.00000   -115.09927    -43.94197    -37.35394
     15.00000    -10.00000   -146.49882    -50.53511    -45.97102
     20.00000    -10.00000   -175.27148    -55.65959    -53.56973
     25.00000    -10.00000   -198.87104    -58.33855    -59.20503
     30.00000    -10.00000   -214.92220    -58.16071    -61.96615
     35.00000    -10.00000   -221.75903    -55.35060    -61.19877
     40.00000    -10.00000   -218.83102    -50.69555    -56.68404
     45.00000    -10.00000   -206.87489    -45.34834    -48.72923
     50.00000    -10.00000   -187.80849    -40.55355    -38.14636
     55.00000    -10.00000   -164.37153    -37.36257    -26.12218
     60.00000    -10.00000   -139.59951    -36.40377    -14.00896
     65.00000    -10.00000   -116.25647    -37.75935     -3.08401
     70.00000    -10.00000    -96.35882    -40.97374      5.66778
     75.00000    -10.00000    -80.89607    -45.18618     11.70122
     80.00000    -10.00000    -69.80235    -49.35086     14.95893
     85.00000    -10.00000    -62.16812    -52.48798     15.81609
     90.00000    -10.00000    -56.62260    -53.90454     14.94199
     95.00000    -10.00000    -51.77843    -53.33315     13.11732
    100.00000    -10.00000    -46.62047    -50.96031     11.05358
    105.00000    -10.00000    -40.74235    -47.34369      9.25689
    110.00000    -10.00000    -34.38050    -43.24592      7.96373
    115.00000    -10.00000    -28.25249    -39.43156      7.15544
    120.00000    -10.00000    -23.25994    -36.48087      6.63724
    125.00000    -10.00000    -20.15042    -34.66658      6.15177
    130.00000    -10.00000    -19.24043    -33.92123      5.49056
    135.00000    -10.00000    -20.27996    -33.89766      4.57076
    140.00000    -10.00000    -22.49621    -34.10053      3.45744
    145.00000    -10.00000    -24.80124    -34.04947      2.32922
    150.00000    -10.00000    -26.10093    -33.42770      1.40257
    155.00000    -10.00000    -25.61374    -32.17643      0.84202
    160.00000    -10.00000    -23.10523    -30.51136      0.68714
    165.00000    -10.00000    -18.96841    -28.86016      0.82104
    170.00000    -10.00000    -14.12394    -27.74076      0.99213
    175.00000    -10.00000     -9.76571    -27.61608      0.88356
    180.00000    -10.00000     -7.02137    -28.76538      0.21033
    185.00000    -10.00000     -6.62225    -31.20672     -1.18578
    190.00000    -10.00000     -8.67537    -34.68964     -3.27294
    195.00000    -10.00000    -12.60228    -38.75726     -5.81883
    200.00000    -10.00000    -17.26328    -42.85850     -8.43863
    205.00000    -10.00000    -21.23400    -46.47790    -10.68981
    210.00000    -10.00000    -23.15786    -49.24790    -12.18732
    215.00000    -10.00000    -22.07685    -51.01455    -12.70579
    220.00000    -10.00000    -17.64788    -51.84270    -12.23751
    225.00000    -10.00000    -10.18390    -51.96427    -10.98672
    230.00000    -10.00000     -0.50820    -51.68951     -9.29863
    235.00000    -10.00000     10.33664    -51.31057     -7.54070
    240.00000    -10.00000     21.44089    -51.02749     -5.96896
    245.00000    -10.00000     32.33724    -50.91778     -4.61855
    250.00000    -10.00000     43.17306    -50.95622     -3.25340
    255.00000    -10.00000     54.68710    -51.07442     -1.39557
    260.00000    -10.00000     67.98587    -51.23657      1.56629
    265.00000    -10.00000     84.17190    -51.50138      6.21198
    270.00000    -10.00000    103.92057    -52.04430     12.90789
    275.00000    -10.00000    127.12178    -53.12579     21.65568
    280.00000    -10.00000    152.69112    -55.00927     32.01360
    285.00000    -10.00000    178.61499    -57.84976     43.11669
    290.00000    -10.00000    202.23496    -61.58696     53.79832
    295.00000    -10.00000    220.71436    -65.87934     62.78966
    300.00000    -10.00000    231.58030    -70.10817     68.95390
    305.00000    -10.00000    233.21170    -73.46332     71.50137
    310.00000    -10.00000    225.15384    -75.10006     70.13525
    315.00000    -10.00000    208.18120    -74.33492     65.09340
    320.00000    -10.00000    184.09229    -70.83385     57.07672
    325.00000    -10.00000    155.28751    -64.74294     47.08195
    330.00000    -10.00000    124.23539    -56.72194     36.18018
    335.00000    -10.00000     92.96065    -47.86219     25.29542
    340.00000    -10.00000     62.68155    -39.49805     15.03681
    345.00000    -10.00000     33.68447    -32.94831      5.62423
    350.00000    -10.00000      5.46242    -29.24350     -3.07735
    355.00000    -10.00000    -22.92520    -28.90175    -11.42731
    360.00000    -10.00000    -52.37167    -31.80732    -19.81984
      0.00000     -5.00000    -57.20177    -31.35240    -20.49139
      5.00000     -5.00000    -90.93716    -37.62993    -29.18943
     10.00000     -5.00000   -125.57595    -45.48220    -38.02034
     15.00000     -5.00000   -159.58613    -53.33609    -46.51479
     20.00000     -5.00000   -190.60659    -59.69088    -53.89816
     25.00000     -5.00000   -215.88100    -63.42415    -59.23881
     30.00000     -5.00000   -232.83771    -64.01235    -61.65555
     35.00000     -5.00000   -239.67335    -61.61757    -60.53342
     40.00000     -5.00000   -235.79481    -57.02268    -55.69394
     45.00000     -5.00000   -222.00929    -51.43235    -47.47675
     50.00000     -5.00000   -200.41371    -46.18794    -36.71137
     55.00000     -5.00000   -174.00920    -42.46341    -24.58409
     60.00000     -5.00000   -146.13287    -41.01210    -12.43036
     65.00000     -5.00000   -119.84138    -42.02037     -1.50004
     70.00000     -5.00000    -97.38964    -45.09750      7.25155
     75.00000     -5.00000    -79.91946    -49.39795     13.30199
     80.00000     -5.00000    -67.41792    -53.84112     16.60285
     85.00000     -5.00000    -58.93608    -57.37204     17.52117
     90.00000     -5.00000    -52.99518    -59.19937     16.70270
     95.00000     -5.00000    -48.06465    -58.95549     14.89511
    100.00000     -5.00000    -42.98561    -56.74543     12.77647
    105.00000     -5.00000    -37.23539    -53.08009     10.82873
    110.00000     -5.00000    -30.97748    -48.71801      9.28126
    115.00000     -5.00000    -24.90223    -44.46120      8.12932
    120.00000     -5.00000    -19.92023    -40.95915      7.21179
    125.00000     -5.00000    -16.80804    -38.56992      6.31859
    130.00000     -5.00000    -15.91388    -37.30961      5.29239
    135.00000     -5.00000    -17.00953    -36.89655      4.09432
    140.00000     -5.00000    -19.32902    -36.87199      2.81657
    145.00000     -5.00000    -21.77939    -36.75953      1.64210
    150.00000     -5.00000    -23.25829    -36.21769      0.76806
    155.00000     -5.00000    -22.98300    -35.14426      0.32048
    160.00000     -5.00000    -20.73194    -33.70615      0.28995
    165.00000     -5.00000    -16.92553    -32.28983      0.51100
    170.00000     -5.00000    -12.51949    -31.38933      0.69414
    175.00000     -5.00000     -8.73743    -31.46486      0.50303
    180.00000     -5.00000     -6.71666    -32.81182     -0.34548
    185.00000     -5.00000     -7.16623    -35.47536     -1.98819
    190.00000     -5.00000    -10.13468    -39.23189     -4.35853
    195.00000     -5.00000    -14.95447    -43.63997     -7.18485
    200.00000     -5.00000    -20.38150    -48.14396    -10.04751
    205.00000     -5.00000    -24.89287    -52.20065    -12.48079
    210.00000     -5.00000    -27.06134    -55.39431    -14.09192
    215.00000     -5.00000    -25.90224    -57.51109    -14.66283
    220.00000     -5.00000    -21.09524    -58.55660    -14.20413
    225.00000     -5.00000    -13.01772    -58.71782    -12.94314
    230.00000     -5.00000     -2.57931    -58.28587    -11.24605
    235.00000     -5.00000      9.09593    -57.56661     -9.49389
    240.00000     -5.00000     21.04861    -56.80726     -7.94616
    245.00000     -5.00000     32.81263    -56.16012     -6.63183
    250.00000     -5.00000     44.59267    -55.69084     -5.30235
    255.00000     -5.00000     57.22928    -55.42297     -3.46573
    260.00000     -5.00000     71.94827    -55.39795     -0.49992
    265.00000     -5.00000     89.95258    -55.72342      4.17886
    270.00000     -5.00000    111.96187    -56.58611     10.93334
    275.00000     -5.00000    137.82586    -58.21663     19.75546
    280.00000     -5.00000    166.32392    -60.81030     30.19135
    285.00000     -5.00000    195.21995    -64.42433     41.36594
    290.00000     -5.00000    221.57685    -68.88374     52.10814
    295.00000     -5.00000    242.26799    -73.73071     61.15216
    300.00000     -5.00000    254.56930    -78.24424     67.37088
    305.00000     -5.00000    256.69142    -81.53988     69.98779
    310.00000     -5.00000    248.12249    -82.73726     68.71796
    315.00000     -5.00000    229.69692    -81.16211     63.80510
    320.00000     -5.00000    203.37288    -76.53532     55.94659
    325.00000     -5.00000    171.77364    -69.09916     46.12563
    330.00000     -5.00000    137.60724    -59.64100     35.39213
    335.00000     -5.00000    103.10913    -49.39717     24.64636
    340.00000     -5.00000     69.64565    -39.84732     14.47767
    345.00000     -5.00000     37.57434    -32.43772      5.09623
    350.00000     -5.00000      6.38999    -28.29166     -3.62851
    355.00000     -5.00000    -24.88896    -27.97204    -12.03664
    360.00000     -5.00000    -57.20177    -31.35240    -20.49139
      0.00000      0.00000    -63.12441    -30.87971    -20.54437
      5.00000      0.00000    -99.83972    -37.81968    -29.07412
     10.00000      0.00000   -137.11538    -46.58485    -37.62451
     15.00000      0.00000   -173.31522    -55.50231    -45.71581
     20.00000      0.00000   -205.96853    -62.95599    -52.59940
     25.00000      0.00000   -232.21763    -67.70592    -57.40140
     30.00000      0.00000   -249.41599    -69.12393    -59.31758
     35.00000      0.00000   -255.73017    -67.29506    -57.81134
     40.00000      0.00000   -250.59595    -62.96442    -52.76530
     45.00000      0.00000   -234.91416    -57.34429    -44.54806
     50.00000      0.00000   -210.93549    -51.82791    -33.97833
     55.00000      0.00000   -181.85989    -47.67636    -22.19353
     60.00000      0.00000   -151.24498    -45.74968    -10.45275
     65.00000      0.00000   -122.36219    -46.34085      0.08080
     70.00000      0.00000    -97.64862    -49.14549      8.52935
     75.00000      0.00000    -78.37440    -53.36785     14.42159
     80.00000      0.00000    -64.58877    -57.93132     17.72288
     85.00000      0.00000    -55.33719    -61.73937     18.77456
     90.00000      0.00000    -49.07626    -63.92310     18.16425
     95.00000      0.00000    -44.16860    -64.01863     16.56348
    100.00000      0.00000    -39.32759    -62.03706     14.57436
    105.00000      0.00000    -33.90361    -58.41828     12.62065
    110.00000      0.00000    -27.95264    -53.88807     10.90427
    115.00000      0.00000    -22.08977    -49.26083      9.42908
    120.00000      0.00000    -17.18863    -45.24062      8.07547
    125.00000      0.00000    -14.02631    -42.27013      6.69720
    130.00000      0.00000    -12.98306    -40.46174      5.20787
    135.00000      0.00000    -13.88461    -39.62148      3.63077
    140.00000      0.00000    -16.02998    -39.35208      2.09852
    145.00000      0.00000    -18.39139    -39.20134      0.80565
    150.00000      0.00000    -19.92270    -38.81267     -0.06790
    155.00000      0.00000    -19.88104    -38.03618     -0.43552
    160.00000      0.00000    -18.06328    -36.97240     -0.35718
    165.00000      0.00000    -14.88417    -35.93974     -0.04758
    170.00000      0.00000    -11.26919    -35.37856      0.16669
    175.00000      0.00000     -8.38940    -35.72082     -0.06914
    180.00000      0.00000     -7.31209    -37.26260     -1.03662
    185.00000      0.00000     -8.66638    -40.07407     -2.85475
    190.00000      0.00000    -12.42067    -43.96988     -5.43002
    195.00000      0.00000    -17.83785    -48.54548     -8.46297
    200.00000      0.00000    -23.62500    -53.26698    -11.51225
    205.00000      0.00000    -28.23882    -57.58838    -14.10056
    210.00000      0.00000    -30.26322    -61.06446    -15.83389
    215.00000      0.00000    -28.75354    -63.43087    -16.50042
    220.00000      0.00000    -23.44966    -64.63414    -16.11988
    225.00000      0.00000    -14.79570    -64.80949    -14.92694
    230.00000      0.00000     -3.75849    -64.21923    -13.29070
    235.00000      0.00000      8.50569    -63.17450    -11.59054
    240.00000      0.00000     21.04097    -61.96565    -10.08230
    245.00000      0.00000     33.42398    -60.82089     -8.79349
    250.00000      0.00000     45.93560    -59.90168     -7.48031
    255.00000      0.00000     59.51137    -59.32901     -5.66390
    260.00000      0.00000     75.46974    -59.22370     -2.74265
    265.00000      0.00000     95.08004    -59.73769      1.84388
    270.00000      0.00000    119.08046    -61.05634      8.43926
    275.00000      0.00000    147.27686    -63.36110     17.02816
    280.00000      0.00000    178.33844    -66.75698     27.16746
    285.00000      0.00000    209.86076    -71.18388     38.01310
    290.00000      0.00000    238.69952    -76.34105     48.44242
    295.00000      0.00000    261.50918    -81.65593     57.24756
    300.00000      0.00000    275.36490    -86.32077     63.35713
    305.00000      0.00000    278.32191    -89.40413     66.03553
    310.00000      0.00000    269.77751    -90.02357     65.01338
    315.00000      0.00000    250.54816    -87.54614     60.51908
    320.00000      0.00000    222.64319    -81.77048     53.20512
    325.00000      0.00000    188.79218    -73.04219     43.98850
    330.00000      0.00000    151.84402    -62.26521     33.84535
    335.00000      0.00000    114.18728    -50.79316     23.61053
    340.00000      0.00000     77.33473    -40.21254     13.83084
    345.00000      0.00000     41.77152    -32.05679      4.70612
    350.00000      0.00000      7.09770    -27.50939     -3.87051
    355.00000      0.00000    -27.58091    -27.16142    -12.18801
    360.00000      0.00000    -63.12441    -30.87971    -20.54437
      0.00000      5.00000    -69.92782    -30.70257    -19.86430
      5.00000      5.00000   -109.77342    -38.00401    -27.99511
     10.00000      5.00000   -149.53945    -47.32887    -36.00536
     15.00000      5.00000   -187.50076    -56.96201    -43.42029
     20.00000      5.00000   -221.15201    -65.22758    -49.54793
     25.00000      5.00000   -247.65057    -70.81051    -53.61200
     30.00000      5.00000   -264.40582    -72.99912    -54.92519
     35.00000      5.00000   -269.67052    -71.79775    -53.05990
     40.00000      5.00000   -262.98685    -67.88710    -47.97328
     45.00000      5.00000   -245.37425    -62.44428    -40.05474
     50.00000      5.00000   -219.20892    -56.86534    -30.08261
     55.00000      5.00000   -187.81988    -52.45406    -19.09907
     60.00000      5.00000   -154.89465    -50.14666     -8.23196
     65.00000      5.00000   -123.83153    -50.33151      1.49607
     70.00000      5.00000    -97.18539    -52.79968      9.32831
     75.00000      5.00000    -76.32616    -56.83054     14.87107
     80.00000      5.00000    -61.37443    -61.38579     18.10973
     85.00000      5.00000    -51.40833    -65.36154     19.34692
     90.00000      5.00000    -44.87135    -67.83731     19.08430
     95.00000      5.00000    -40.06565    -68.26498     17.88128
    100.00000      5.00000    -35.60270    -66.55828     16.22713
    105.00000      5.00000    -30.70324    -63.06942     14.45596
    110.00000      5.00000    -25.28557    -58.46712     12.72023
    115.00000      5.00000    -19.84177    -53.55345     11.02129
    120.00000      5.00000    -15.15851    -49.06861      9.27975
    125.00000      5.00000    -11.97750    -45.53239      7.41901
    130.00000      5.00000    -10.70133    -43.15829      5.43321
    135.00000      5.00000    -11.23095    -41.85511      3.41813
    140.00000      5.00000    -12.97790    -41.30746      1.55609
    145.00000      5.00000    -15.04106    -41.10697      0.06081
    150.00000      5.00000    -16.48860    -40.89476     -0.89845
    155.00000      5.00000    -16.65559    -40.47553     -1.26815
    160.00000      5.00000    -15.36358    -39.87401     -1.15186
    165.00000      5.00000    -12.99279    -39.32165     -0.80601
    170.00000      5.00000    -10.38092    -39.18134     -0.58733
    175.00000      5.00000     -8.57475    -39.83403     -0.86423
    180.00000      5.00000     -8.50451    -41.56029     -1.91604
    185.00000      5.00000    -10.67527    -44.44962     -3.84862
    190.00000      5.00000    -14.96660    -48.36092     -6.55163
    195.00000      5.00000    -20.60231    -52.94281     -9.71177
    200.00000      5.00000    -26.30377    -57.70576    -12.88098
    205.00000      5.00000    -30.58822    -62.12514    -15.58273
    210.00000      5.00000    -32.13015    -65.74697    -17.42829
    215.00000      5.00000    -30.08426    -68.27030    -18.21070
    220.00000      5.00000    -24.27672    -69.58807    -17.94956
    225.00000      5.00000    -15.20715    -69.78156    -16.87220
    230.00000      5.00000     -3.85660    -69.07669    -15.33463
    235.00000      5.00000      8.64720    -67.77991    -13.70243
    240.00000      5.00000     21.41283    -66.21503    -12.22415
    245.00000      5.00000     34.10382    -64.67854    -10.93348
    250.00000      5.00000     47.09377    -63.42212     -9.61022
    255.00000      5.00000     61.40019    -62.65955     -7.81546
    260.00000      5.00000     78.39902    -62.58550     -4.99695
    265.00000      5.00000     99.38368    -63.38838     -0.64113
    270.00000      5.00000    125.07931    -65.24166      5.56519
    275.00000      5.00000    155.24245    -68.26568     13.60551
    280.00000      5.00000    188.46102    -72.46471     23.07224
    285.00000      5.00000    222.22341    -77.65599     33.19308
    290.00000      5.00000    253.25922    -83.41625     42.94395
    295.00000      5.00000    278.08485    -89.07206     51.22529
    300.00000      5.00000    293.63276    -93.75294     57.06255
    305.00000      5.00000    297.81885    -96.51122     59.78479
    310.00000      5.00000    289.91373    -96.49416     59.14009
    315.00000      5.00000    270.63034    -93.13572     55.32166
    320.00000      5.00000    241.90893    -86.32473     48.90010
    325.00000      5.00000    206.45510    -76.50478     40.68031
    330.00000      5.00000    167.14694    -64.67184     31.51959
    335.00000      5.00000    126.45904    -52.25621     22.15230
    340.00000      5.00000     86.04453    -40.90153     13.06392
    345.00000      5.00000     46.57411    -32.17913      4.44358
    350.00000      5.00000      7.86336    -27.29421     -3.77666
    355.00000      5.00000    -30.75582    -26.84692    -11.81003
    360.00000      5.00000    -69.92782    -30.70257    -19.86430
      0.00000     10.00000    -77.06087    -31.45300    -18.35556
      5.00000     10.00000   -120.13050    -38.72687    -25.81422
     10.00000     10.00000   -162.21976    -48.13800    -33.00952
     15.00000     10.00000   -201.52944    -57.99408    -39.49033
     20.00000     10.00000   -235.59059    -66.62500    -44.64874
     25.00000     10.00000   -261.68547    -72.69514    -47.83694
     30.00000     10.00000   -277.40228    -75.44374    -48.51222
     35.00000     10.00000   -281.18815    -74.80355    -46.37384
     40.00000     10.00000   -272.76183    -71.37482    -41.45675
     45.00000     10.00000   -253.28034    -66.26322    -34.15760
     50.00000     10.00000   -225.21247    -60.81990    -25.18525
     55.00000     10.00000   -191.94294    -56.34263    -15.44633
     60.00000     10.00000   -157.19550    -53.80393     -5.89210
     65.00000     10.00000   -124.40481    -53.66389      2.63851
     70.00000     10.00000    -96.17665    -55.80450      9.54463
     75.00000     10.00000    -73.95061    -59.59368     14.53198
     80.00000     10.00000    -57.92763    -64.05746     17.61307
     85.00000     10.00000    -47.25895    -68.11566     19.04504
     90.00000     10.00000    -40.43142    -70.82418     19.22594
     95.00000     10.00000    -35.74110    -71.56903     18.57883
    100.00000     10.00000    -31.73392    -70.17160     17.45384
    105.00000     10.00000    -27.50970    -66.88803     16.07073
    110.00000     10.00000    -22.82949    -62.31159     14.51197
    115.00000     10.00000    -18.02210    -57.20904     12.76097
    120.00000     10.00000    -13.73966    -52.33543     10.76813
    125.00000     10.00000    -10.64861    -48.27348      8.52021
    130.00000     10.00000     -9.15397    -45.33384      6.08886
    135.00000     10.00000     -9.23758    -43.53446      3.64206
    140.00000     10.00000    -10.45264    -42.65612      1.41413
    145.00000     10.00000    -12.06781    -42.35192     -0.35654
    150.00000     10.00000    -13.30904    -42.27656     -1.50258
    155.00000     10.00000    -13.61908    -42.19899     -1.99128
    160.00000     10.00000    -12.85043    -42.06903     -1.95510
    165.00000     10.00000    -11.32852    -42.02324     -1.67672
    170.00000     10.00000     -9.76186    -42.33252     -1.52914
    175.00000     10.00000     -9.02223    -43.30971     -1.88480
    180.00000     10.00000     -9.85826    -45.20489     -3.01743
    185.00000     10.00000    -12.62707    -48.11796     -5.02351
    190.00000     10.00000    -17.12572    -51.95174     -7.78610
    195.00000     10.00000    -22.57666    -56.41658    -10.99259
    200.00000     10.00000    -27.77775    -61.08316    -14.20364
    205.00000     10.00000    -31.37916    -65.46789    -16.95632
    210.00000     10.00000    -32.21133    -69.12770    -18.87430
    215.00000     10.00000    -29.57069    -71.74094    -19.75550
    220.00000     10.00000    -23.37903    -73.15647    -19.61265
    225.00000     10.00000    -14.16613    -73.40367    -18.65481
    230.00000     10.00000     -2.87481    -72.66700    -17.21354
    235.00000     10.00000      9.46086    -71.23768    -15.63323
    240.00000     10.00000     22.07396    -69.45907    -14.15523
    245.00000     10.00000     34.75433    -67.68073    -12.82879
    250.00000     10.00000     47.97758    -66.22977    -11.47517
    255.00000     10.00000     62.82200    -65.39934     -9.71853
    260.00000     10.00000     80.67837    -65.44647     -7.07899
    265.00000     10.00000    102.81583    -66.58688     -3.10692
    270.00000     10.00000    129.91084    -68.97596      2.47490
    275.00000     10.00000    161.66321    -72.67083      9.65792
    280.00000     10.00000    196.60841    -77.57835     18.09423
    285.00000     10.00000    232.19047    -83.40345     27.11952
    290.00000     10.00000    265.09690    -89.61841     35.85077
    295.00000     10.00000    291.79106    -95.47419     43.33818
    300.00000     10.00000    309.12597   -100.06770     48.73697
    305.00000     10.00000    314.90030   -102.46596     51.45956
    310.00000     10.00000    308.22845   -101.87190     51.27309
    315.00000     10.00000    289.64039    -97.80156     48.32072
    320.00000     10.00000    260.89201    -90.23323     43.06386
    325.00000     10.00000    224.53750    -79.68902     36.16188
    330.00000     10.00000    183.37253    -67.21924     28.32081
    335.00000     10.00000    139.88713    -54.27916     20.14943
    340.00000     10.00000     95.86181    -42.51137     12.05798
    345.00000     10.00000     52.20107    -33.47010      4.22290
    350.00000     10.00000      9.03490    -28.34056     -3.37715
    355.00000     10.00000    -33.95165    -27.71165    -10.86765
    360.00000     10.00000    -77.06087    -31.45300    -18.35556
      0.00000     15.00000    -83.66886    -34.06520    -15.95326
      5.00000     15.00000   -129.89598    -40.86426    -22.42157
     10.00000     15.00000   -174.06706    -49.80088    -28.51398
     15.00000     15.00000   -214.32558    -59.27263    -33.82387
     20.00000     15.00000   -248.30001    -67.68530    -37.84918
     25.00000     15.00000   -273.48829    -73.74497    -40.08954
     30.00000     15.00000   -287.75647    -76.68672    -40.15918
     35.00000     15.00000   -289.83013    -76.39332    -37.88711
     40.00000     15.00000   -279.65457    -73.38106    -33.37798
     45.00000     15.00000   -258.52945    -68.65843    -27.01731
     50.00000     15.00000   -228.97621    -63.49044    -19.41797
     55.00000     15.00000   -194.36086    -59.12133    -11.31992
     60.00000     15.00000   -158.35226    -56.51568     -3.46608
     65.00000     15.00000   -124.33441    -56.17239      3.51690
     70.00000     15.00000    -94.89964    -58.04793      9.20646
     75.00000     15.00000    -71.52747    -61.59982     13.42266
     80.00000     15.00000    -54.50703    -65.93434     16.21218
     85.00000     15.00000    -43.10184    -70.02005     17.78670
     90.00000     15.00000    -35.89944    -72.91624     18.43511
     95.00000     15.00000    -31.24902    -73.96501     18.43453
    100.00000     15.00000    -27.67691    -72.90723     17.98359
    105.00000     15.00000    -24.18459    -69.90238     17.17350
    110.00000     15.00000    -20.37207    -65.45601     16.00095
    115.00000     15.00000    -16.37908    -60.27933     14.41454
    120.00000     15.00000    -12.68508    -55.11932     12.37691
    125.00000     15.00000     -9.84298    -50.60155      9.92085
    130.00000     15.00000     -8.23237    -47.12117      7.18000
    135.00000     15.00000     -7.90506    -44.80254      4.38268
    140.00000     15.00000     -8.56247    -43.52964      1.80902
    145.00000     15.00000     -9.66201    -43.03145     -0.27710
    150.00000     15.00000    -10.61025    -42.99403     -1.70170
    155.00000     15.00000    -10.97503    -43.16710     -2.43758
    160.00000     15.00000    -10.64481    -43.43711     -2.62600
    165.00000     15.00000     -9.88080    -43.84980     -2.55421
    170.00000     15.00000     -9.24168    -44.58063     -2.59171
    175.00000     15.00000     -9.40039    -45.86494     -3.10043
    180.00000     15.00000    -10.90690    -47.91020     -4.34144
    185.00000     15.00000    -13.96922    -50.81566     -6.40302
    190.00000     15.00000    -18.32155    -54.52145     -9.17001
    195.00000     15.00000    -23.22473    -58.79957    -12.34362
    200.00000     15.00000    -27.60582    -63.28785    -15.50789
    205.00000     15.00000    -30.30199    -67.55643    -18.22619
    210.00000     15.00000    -30.34194    -71.18890    -20.14295
    215.00000     15.00000    -27.18327    -73.85829    -21.06364
    220.00000     15.00000    -20.83419    -75.38115    -20.99186
    225.00000     15.00000    -11.81822    -75.74039    -20.11310
    230.00000     15.00000     -0.98480    -75.07685    -18.72928
    235.00000     15.00000     10.78577    -73.65673    -17.16145
    240.00000     15.00000     22.90105    -71.82690    -15.64701
    245.00000     15.00000     35.30425    -69.97003    -14.26000
    250.00000     15.00000     48.57068    -68.46749    -12.87738
    255.00000     15.00000     63.80933    -67.67247    -11.20268
    260.00000     15.00000     82.37759    -67.88931     -8.84299
    265.00000     15.00000    105.46941    -69.35251     -5.42134
    270.00000     15.00000    133.67582    -72.19874     -0.69622
    275.00000     15.00000    166.63150    -76.42995      5.34264
    280.00000     15.00000    202.84637    -81.87242     12.42781
    285.00000     15.00000    239.78001    -88.14334     20.03107
    290.00000     15.00000    274.15914    -94.64118     27.44158
    295.00000     15.00000    302.47836   -100.57504     33.88853
    300.00000     15.00000    321.57785   -105.04219     38.67977
    305.00000     15.00000    329.17021   -107.15187     41.32444
    310.00000     15.00000    324.19915   -106.17999     41.61142
    315.00000     15.00000    306.95184   -101.72743     39.62685
    320.00000     15.00000    278.90593    -93.84734     35.70897
    325.00000     15.00000    242.35596    -83.10767     30.35438
    330.00000     15.00000    199.91607    -70.56463     24.10103
    335.00000     15.00000    154.02368    -57.63929     17.41853
    340.00000     15.00000    106.56449    -45.91086     10.63290
    345.00000     15.00000     58.70431    -36.85994      3.90300
    350.00000     15.00000     10.95701    -31.60984     -2.74870
    355.00000     15.00000    -36.54547    -30.71828     -9.36319
    360.00000     15.00000    -83.66886    -34.06520    -15.95326
      0.00000     20.00000    -88.70795    -39.64528    -12.63743
      5.00000     20.00000   -137.76306    -45.50767    -17.76229
     10.00000     20.00000   -183.63567    -53.37384    -22.45901
     15.00000     20.00000   -224.43343    -61.79423    -26.38659
     20.00000     20.00000   -257.92969    -69.31850    -29.16331
     25.00000     20.00000   -281.90104    -74.75816    -30.44201
     30.00000     20.00000   -294.55495    -77.39478    -29.99040
     35.00000     20.00000   -294.94369    -77.09238    -27.75531
     40.00000     20.00000   -283.25914    -74.29193    -23.89296
     45.00000     20.00000   -260.92870    -69.89159    -18.75626
     50.00000     20.00000   -230.47788    -65.03969    -12.84033
     55.00000     20.00000   -195.18027    -60.88596     -6.69888
     60.00000     20.00000   -158.56536    -58.34412     -0.85073
     65.00000     20.00000   -123.88755    -57.91506      4.30148
     70.00000     20.00000    -93.66708    -59.60513      8.52197
     75.00000     20.00000    -69.39496    -62.95232     11.75160
     80.00000     20.00000    -51.45335    -67.14911     14.07716
     85.00000     20.00000    -39.25200    -71.23044     15.67112
     90.00000     20.00000    -31.53243    -74.28253     16.71972
     95.00000     20.00000    -26.75653    -75.62649     17.35989
    100.00000     20.00000    -23.48401    -74.93886     17.64190
    105.00000     20.00000    -20.65458    -72.28798     17.52687
    110.00000     20.00000    -17.72221    -68.08518     16.91788
    115.00000     20.00000    -14.63141    -62.96918     15.71386
    120.00000     20.00000    -11.66685    -57.65548     13.86865
    125.00000     20.00000     -9.23733    -52.78809     11.43618
    130.00000     20.00000     -7.66620    -48.82652      8.58662
    135.00000     20.00000     -7.05047    -45.99009      5.58671
    140.00000     20.00000     -7.22428    -44.26534      2.74762
    145.00000     20.00000     -7.82749    -43.46698      0.35365
    150.00000     20.00000     -8.44744    -43.33012     -1.40908
    155.00000     20.00000     -8.77992    -43.60672     -2.50384
    160.00000     20.00000     -8.75183    -44.14012     -3.05893
    165.00000     20.00000     -8.56104    -44.90048     -3.34150
    170.00000     20.00000     -8.61686    -45.97512     -3.69442
    175.00000     20.00000     -9.39658    -47.52093     -4.45102
    180.00000     20.00000    -11.26123    -49.69494     -5.84922
    185.00000     20.00000    -14.28876    -52.58415     -7.96694
    190.00000     20.00000    -18.17934    -56.15434    -10.69601
    195.00000     20.00000    -22.26781    -60.23109    -13.76183
    200.00000     20.00000    -25.64675    -64.51719    -16.78442
    205.00000     20.00000    -27.36980    -68.64101    -19.36558
    210.00000     20.00000    -26.67879    -72.22284    -21.17991
    215.00000     20.00000    -23.18778    -74.94331    -22.04647
    220.00000     20.00000    -16.96618    -76.59884    -21.96257
    225.00000     20.00000     -8.48965    -77.13387    -21.09117
    230.00000     20.00000      1.53508    -76.64649    -19.70549
    235.00000     20.00000     12.42750    -75.37034    -18.10571
    240.00000     20.00000     23.80109    -73.64032    -16.53012
    245.00000     20.00000     35.76136    -71.85085    -15.08468
    250.00000     20.00000     48.96681    -70.41398    -13.71033
    255.00000     20.00000     64.51890    -69.72102    -12.19752
    260.00000     20.00000     83.69129    -70.10778    -10.24502
    265.00000     20.00000    107.55359    -71.82095     -7.54865
    270.00000     20.00000    136.57755    -74.98329     -3.89716
    275.00000     20.00000    170.32538    -79.55819      0.74937
    280.00000     20.00000    207.30589    -85.31845      6.21913
    285.00000     20.00000    245.04834    -91.82850     12.13734
    290.00000     20.00000    280.39300    -98.45170     17.98278
    295.00000     20.00000    309.94555   -104.39306     23.17901
    300.00000     20.00000    330.60180   -108.78213     27.19858
    305.00000     20.00000    340.03075   -110.79178     29.65553
    310.00000     20.00000    337.01258   -109.77811     30.36521
    315.00000     20.00000    321.56214   -105.41740     29.35887
    320.00000     20.00000    294.81930    -97.81096     26.85224
    325.00000     20.00000    258.74265    -87.53022     23.17899
    330.00000     20.00000    215.68844    -75.58264     18.70820
    335.00000     20.00000    167.98102    -63.29378     13.76819
    340.00000     20.00000    117.57806    -52.11834      8.59607
    345.00000     20.00000     65.90515    -43.40993      3.32457
    350.00000     20.00000     13.88622    -38.19141     -1.99359
    355.00000     20.00000    -37.85681    -36.97126     -7.33368
    360.00000     20.00000    -88.70795    -39.64528    -12.63743
      0.00000     25.00000    -91.12059    -49.23824     -8.44746
      5.00000     25.00000   -142.33594    -53.73965    -11.86569
     10.00000     25.00000   -189.33359    -59.97029    -14.88543
     15.00000     25.00000   -230.21402    -66.68612    -17.25023
     20.00000     25.00000   -262.92833    -72.63953    -18.70484
     25.00000     25.00000   -285.56341    -76.80530    -19.04852
     30.00000     25.00000   -296.69109    -78.56146    -18.18510
     35.00000     25.00000   -295.69736    -77.78925    -16.15543
     40.00000     25.00000   -283.00650    -74.87258    -13.14221
     45.00000     25.00000   -260.13650    -70.59866     -9.44399
     50.00000     25.00000   -229.55938    -65.98149     -5.42336
     55.00000     25.00000   -194.38508    -62.04634     -1.44122
     60.00000     25.00000   -157.92858    -59.62011      2.20697
     65.00000     25.00000   -123.24646    -59.17085      5.33736
     70.00000     25.00000    -92.73559    -60.72742      7.89512
     75.00000     25.00000    -67.87110    -63.89280      9.93944
     80.00000     25.00000    -49.12768    -67.94383     11.60099
     85.00000     25.00000    -36.08595    -71.99223     13.02389
     90.00000     25.00000    -27.68529    -75.16993     14.30854
     95.00000     25.00000    -22.55492    -76.79848     15.47120
    100.00000     25.00000    -19.34372    -76.50823     16.43170
    105.00000     25.00000    -16.97754    -74.28606     17.03278
    110.00000     25.00000    -14.79794    -70.44742     17.08596
    115.00000     25.00000    -12.57017    -65.54522     16.43126
    120.00000     25.00000    -10.38211    -60.24110     14.99381
    125.00000     25.00000     -8.48139    -55.17061     12.82110
    130.00000     25.00000     -7.10758    -50.83209     10.08925
    135.00000     25.00000     -6.37026    -47.52093      7.07498
    140.00000     25.00000     -6.20384    -45.31806      4.09907
    145.00000     25.00000     -6.40264    -44.12792      1.45525
    150.00000     25.00000     -6.71422    -43.74992     -0.65754
    155.00000     25.00000     -6.95113    -43.96109     -2.18158
    160.00000     25.00000     -7.07738    -44.58740     -3.21275
    165.00000     25.00000     -7.23606    -45.54651     -3.97481
    170.00000     25.00000     -7.70470    -46.85392     -4.76100
    175.00000     25.00000     -8.79010    -48.59488     -5.85721
    180.00000     25.00000    -10.69499    -50.87317     -7.46583
    185.00000     25.00000    -13.40031    -53.75314     -9.64940
    190.00000     25.00000    -16.60383    -57.21188    -12.30845
    195.00000     25.00000    -19.74039    -61.11455    -15.19939
    200.00000     25.00000    -22.08425    -65.21922    -17.98797
    205.00000     25.00000    -22.90856    -69.20934    -20.32500
    210.00000     25.00000    -21.65674    -72.74581    -21.92533
    215.00000     25.00000    -18.07414    -75.52619    -22.63033
    220.00000     25.00000    -12.25628    -77.33819    -22.43840
    225.00000     25.00000     -4.59199    -78.09731    -21.49636
    230.00000     25.00000      4.39017    -77.86288    -20.05449
    235.00000     25.00000     14.23380    -76.83199    -18.39740
    240.00000     25.00000     24.76584    -75.31512    -16.76880
    245.00000     25.00000     36.24192    -73.69922    -15.30972
    250.00000     25.00000     49.37322    -72.40453    -14.02597
    255.00000     25.00000     65.21006    -71.83958    -12.79294
    260.00000     25.00000     84.89426    -72.35711    -11.39610
    265.00000     25.00000    109.32881    -74.21187     -9.59651
    270.00000     25.00000    138.83965    -77.52141     -7.20413
    275.00000     25.00000    172.91297    -82.23227     -4.14037
    280.00000     25.00000    210.07921    -88.09634     -0.47372
    285.00000     25.00000    247.98443    -94.66463      3.57989
    290.00000     25.00000    283.64736   -101.30632      7.69190
    295.00000     25.00000    313.85740   -107.25901     11.48179
    300.00000     25.00000    335.63477   -111.71168     14.58829
    305.00000     25.00000    346.65905   -113.91435     16.73370
    310.00000     25.00000    345.57868   -113.30071     17.76651
    315.00000     25.00000    332.14223   -109.60324     17.67373
    320.00000     25.00000    307.13351   -102.93692     16.56251
    325.00000     25.00000    272.13811    -93.82990     14.61873
    330.00000     25.00000    229.20674    -83.18636     12.05579
    335.00000     25.00000    180.50111    -72.17923      9.06835
    340.00000     25.00000    128.00677    -62.08467      5.80354
    345.00000     25.00000     73.37454    -54.08394      2.35610
    350.00000     25.00000     17.91424    -49.06764     -1.21347
    355.00000     25.00000    -37.27881    -47.48034     -4.84586
    360.00000     25.00000    -91.12059    -49.23824     -8.44746
      0.00000     30.00000    -90.03767    -63.53492     -3.49382
      5.00000     30.00000   -142.38322    -66.34170     -4.87030
     10.00000     30.00000   -189.70232    -70.47311     -5.96771
     15.00000     30.00000   -230.12521    -74.92748     -6.62826
     20.00000     30.00000   -261.80065    -78.70302     -6.72078
     25.00000     30.00000   -283.12774    -80.98281     -6.17384
     30.00000     30.00000   -293.02697    -81.28358     -5.00009
     35.00000     30.00000   -291.18594    -79.53858     -3.30352
     40.00000     30.00000   -278.21511    -76.09810     -1.26576
     45.00000     30.00000   -255.66584    -71.64807      0.88738
     50.00000     30.00000   -225.89239    -67.06391      2.93184
     55.00000     30.00000   -191.77440    -63.22995      4.69294
     60.00000     30.00000   -156.34829    -60.86179      6.08232
     65.00000     30.00000   -122.41653    -60.36724      7.11433
     70.00000     30.00000    -92.20891    -61.77312      7.89649
     75.00000     30.00000    -67.15759    -64.73043      8.59545
     80.00000     30.00000    -47.82168    -68.59399      9.38639
     85.00000     30.00000    -33.96429    -72.55707     10.39838
     90.00000     30.00000    -24.75245    -75.81105     11.66984
     95.00000     30.00000    -19.02679    -77.69649     13.12624
    100.00000     30.00000    -15.57799    -77.81554     14.58675
    105.00000     30.00000    -13.37238    -76.08572     15.79934
    110.00000     30.00000    -11.68782    -72.72879     16.49657
    115.00000     30.00000    -10.14667    -68.20248     16.45852
    120.00000     30.00000     -8.65950    -63.09470     15.56738
    125.00000     30.00000     -7.31300    -58.00567     13.83963
    130.00000     30.00000     -6.24480    -53.44403     11.42725
    135.00000     30.00000     -5.54434    -49.75697      8.58703
    140.00000     30.00000     -5.20504    -47.10470      5.62480
    145.00000     30.00000     -5.13355    -45.47870      2.82821
    150.00000     30.00000     -5.20211    -44.75260      0.40429
    155.00000     30.00000     -5.31739    -44.74894     -1.56277
    160.00000     30.00000     -5.47494    -45.30267     -3.12307
    165.00000     30.00000     -5.77530    -46.30573     -4.43912
    170.00000     30.00000     -6.39215    -47.72356     -5.73595
    175.00000     30.00000     -7.50030    -49.58265     -7.23581
    180.00000     30.00000     -9.18638    -51.93577     -9.09385
    185.00000     30.00000    -11.37278    -54.81708    -11.35093
    190.00000     30.00000    -13.78287    -58.20079    -13.91527
    195.00000     30.00000    -15.96423    -61.97514    -16.57751
    200.00000     30.00000    -17.36854    -65.93908    -19.05545
    205.00000     30.00000    -17.46817    -69.82260    -21.05719
    210.00000     30.00000    -15.87595    -73.32605    -22.34722
    215.00000     30.00000    -12.43059    -76.16954    -22.79910
    220.00000     30.00000     -7.21698    -78.14205    -22.42229
    225.00000     30.00000     -0.50845    -79.14056    -21.35691
    230.00000     30.00000      7.35980    -79.19248    -19.83845
    235.00000     30.00000     16.15429    -78.45861    -18.14173
    240.00000     30.00000     25.89749    -77.21734    -16.51816
    245.00000     30.00000     36.96304    -75.83364    -15.14172
    250.00000     30.00000     50.07331    -74.71764    -14.07631
    255.00000     30.00000     66.18297    -74.27749    -13.27149
    260.00000     30.00000     86.26130    -74.87091    -12.58623
    265.00000     30.00000    111.01422    -76.75861    -11.83360
    270.00000     30.00000    140.60667    -80.06300    -10.83428
    275.00000     30.00000    174.45205    -84.73602     -9.46532
    280.00000     30.00000    211.12485    -90.54072     -7.69244
    285.00000     30.00000    248.42808    -97.05206     -5.57913
    290.00000     30.00000    283.61339   -103.68192     -3.27167
    295.00000     30.00000    313.71743   -109.73121     -0.96585
    300.00000     30.00000    335.95163   -114.46789      1.13521
    305.00000     30.00000    348.06976   -117.22429      2.86070
    310.00000     30.00000    348.64317   -117.50133      4.09984
    315.00000     30.00000    337.19466   -115.06279      4.81208
    320.00000     30.00000    314.17459   -110.00074      5.01958
    325.00000     30.00000    280.79819   -102.75571      4.78672
    330.00000     30.00000    238.79285    -94.08099      4.19459
    335.00000     30.00000    190.12071    -84.95048      3.31896
    340.00000     30.00000    136.74189    -76.42058      2.21872
    345.00000     30.00000     80.46693    -69.46724      0.93735
    350.00000     30.00000     22.91852    -64.82657     -0.48444
    355.00000     30.00000    -34.40970    -62.86928     -1.99054
    360.00000     30.00000    -90.03767    -63.53492     -3.49382
      0.00000     35.00000    -84.96438    -82.58536      2.03673
      5.00000     35.00000   -137.08943    -83.50000      2.96273
     10.00000     35.00000   -183.70996    -85.23336      3.96705
     15.00000     35.00000   -223.03026    -87.04350      5.10203
     20.00000     35.00000   -253.40653    -88.19679      6.38490
     25.00000     35.00000   -273.52857    -88.11105      7.78188
     30.00000     35.00000   -282.61934    -86.47006      9.20358
     35.00000     35.00000   -280.60564    -83.28663     10.51514
     40.00000     35.00000   -268.21405    -78.90085     11.56094
     45.00000     35.00000   -246.95876    -73.91377     12.19964
     50.00000     35.00000   -219.01018    -69.06941     12.34162
     55.00000     35.00000   -186.95846    -65.10880     11.97950
     60.00000     35.00000   -153.50987    -62.62552     11.20283
     65.00000     35.00000   -121.16878    -61.95115     10.19137
     70.00000     35.00000    -91.96154    -63.09334      9.18628
     75.00000     35.00000    -67.24949    -65.73719      8.44370
     80.00000     35.00000    -47.65909    -69.30829      8.18046
     85.00000     35.00000    -33.13219    -73.08281      8.52373
     90.00000     35.00000    -23.07540    -76.32115      9.47686
     95.00000     35.00000    -16.56921    -78.39808     10.90999
    100.00000     35.00000    -12.58945    -78.90422     12.57895
    105.00000     35.00000    -10.19669    -77.70094     14.16934
    110.00000     35.00000     -8.66210    -74.92176     15.35672
    115.00000     35.00000     -7.51702    -70.92425     15.86978
    120.00000     35.00000     -6.53297    -66.20672     15.54249
    125.00000     35.00000     -5.65414    -61.30970     14.34368
    130.00000     35.00000     -4.91194    -56.72350     12.37737
    135.00000     35.00000     -4.35030    -52.81971      9.85443
    140.00000     35.00000     -3.98111    -49.81717      7.04233
    145.00000     35.00000     -3.77651    -47.78437      4.20535
    150.00000     35.00000     -3.69073    -46.67174      1.54919
    155.00000     35.00000     -3.69526    -46.36141     -0.81697
    160.00000     35.00000     -3.80757    -46.71962     -2.89256
    165.00000     35.00000     -4.09765    -47.63805     -4.76986
    170.00000     35.00000     -4.66580    -49.05531     -6.59504
    175.00000     35.00000     -5.59676    -50.95541     -8.51664
    180.00000     35.00000     -6.90467    -53.34679    -10.63459
    185.00000     35.00000     -8.48868    -56.23015    -12.96278
    190.00000     35.00000    -10.11683    -59.56549    -15.41471
    195.00000     35.00000    -11.44813    -63.24869    -17.81559
    200.00000     35.00000    -12.09017    -67.10447    -19.93803
    205.00000     35.00000    -11.67791    -70.89841    -21.55246
    210.00000     35.00000     -9.94990    -74.36611    -22.48008
    215.00000     35.00000     -6.79693    -77.25321    -22.63541
    220.00000     35.00000     -2.26334    -79.35839    -22.04871
    225.00000     35.00000      3.50542    -80.57075    -20.86289
    230.00000     35.00000     10.35984    -80.89498    -19.30628
    235.00000     35.00000     18.26299    -80.45996    -17.64774
    240.00000     35.00000     27.39267    -79.50980    -16.14491
    245.00000     35.00000     38.19337    -78.37889    -14.99701
    250.00000     35.00000     51.35195    -77.45452    -14.31251
    255.00000     35.00000     67.68764    -77.13141    -14.09749
    260.00000     35.00000     87.96885    -77.76310    -14.26568
    265.00000     35.00000    112.68979    -79.61479    -14.66603
    270.00000     35.00000    141.85365    -82.82219    -15.11994
    275.00000     35.00000    174.81320    -87.36098    -15.45897
    280.00000     35.00000    210.21057    -93.03132    -15.55464
    285.00000     35.00000    246.03963    -99.46153    -15.33484
    290.00000     35.00000    279.82842   -106.13401    -14.78538
    295.00000     35.00000    308.91380   -112.43401    -13.93896
    300.00000     35.00000    330.75984   -117.71886    -12.85675
    305.00000     35.00000    343.26273   -121.40085    -11.60879
    310.00000     35.00000    344.98760   -123.03318    -10.25864
    315.00000     35.00000    335.29901   -122.38545     -8.85549
    320.00000     35.00000    314.37015   -119.49440     -7.43389
    325.00000     35.00000    283.08223   -114.67765     -6.01900
    330.00000     35.00000    242.84797   -108.50346     -4.63330
    335.00000     35.00000    195.40563   -101.71669     -3.30086
    340.00000     35.00000    142.63144    -95.12998     -2.04668
    345.00000     35.00000     86.40645    -89.49677     -0.89086
    350.00000     35.00000     28.55460    -85.38807      0.16039
    355.00000     35.00000    -29.15452    -83.09624      1.12273
    360.00000     35.00000    -84.96438    -82.58536      2.03673
      0.00000     40.00000    -75.90779   -105.59358      7.88556
      5.00000     40.00000   -126.24926   -104.58436     11.25385
     10.00000     40.00000   -170.99381   -103.83089     14.44266
     15.00000     40.00000   -208.46794   -102.84721     17.40080
     20.00000     40.00000   -237.23846   -101.16726     20.04809
     25.00000     40.00000   -256.24973    -98.44790     22.27290
     30.00000     40.00000   -264.96281    -94.55025     23.94068
     35.00000     40.00000   -263.46454    -89.58205     24.91395
     40.00000     40.00000   -252.51631    -83.89174     25.08091
     45.00000     40.00000   -233.52143    -78.01409     24.38722
     50.00000     40.00000   -208.40533    -72.57720     22.86333
     55.00000     40.00000   -179.42083    -68.18869     20.63998
     60.00000     40.00000   -148.90656    -65.32319     17.94589
     65.00000     40.00000   -119.03722    -64.23306     15.08534
     70.00000     40.00000    -91.60636    -64.89972     12.39785
     75.00000     40.00000    -67.87597    -67.03468     10.20605
     80.00000     40.00000    -48.51365    -70.12934      8.76184
     85.00000     40.00000    -33.62035    -73.54308      8.20134
     90.00000     40.00000    -22.83469    -76.61208      8.51861
     95.00000     40.00000    -15.48630    -78.75756      9.56436
    100.00000     40.00000    -10.76442    -79.57354     11.07068
    105.00000     40.00000     -7.86936    -78.87904     12.69759
    110.00000     40.00000     -6.12249    -76.72780     14.09240
    115.00000     40.00000     -5.02339    -73.37705     14.94980
    120.00000     40.00000     -4.25576    -69.22529     15.06086
    125.00000     40.00000     -3.65533    -64.73372     14.34124
    130.00000     40.00000     -3.15846    -60.34835     12.83374
    135.00000     40.00000     -2.75105    -56.43735     10.68589
    140.00000     40.00000     -2.43180    -53.25361      8.10887
    145.00000     40.00000     -2.19624    -50.92591      5.32778
    150.00000     40.00000     -2.03907    -49.47528      2.53494
    155.00000     40.00000     -1.96610    -48.84848     -0.14342
    160.00000     40.00000     -2.00460    -48.95732     -2.66026
    165.00000     40.00000     -2.20265    -49.71313     -5.03903
    170.00000     40.00000     -2.61373    -51.04837     -7.34676
    175.00000     40.00000     -3.26910    -52.92152     -9.65694
    180.00000     40.00000     -4.14681    -55.30658    -12.01243
    185.00000     40.00000     -5.14858    -58.17220    -14.39814
    190.00000     40.00000     -6.09475    -61.45810    -16.73083
    195.00000     40.00000     -6.74197    -65.05670    -18.86872
    200.00000     40.00000     -6.82129    -68.80612    -20.63865
    205.00000     40.00000     -6.08621    -72.49770    -21.87444
    210.00000     40.00000     -4.35589    -75.89760    -22.45708
    215.00000     40.00000     -1.53783    -78.77862    -22.34732
    220.00000     40.00000      2.38097    -80.95631    -21.60276
    225.00000     40.00000      7.37654    -82.32236    -20.37565
    230.00000     40.00000     13.45586    -82.86924    -18.89151
    235.00000     40.00000     20.73205    -82.70147    -17.41335
    240.00000     40.00000     29.48289    -82.03140    -16.19908
    245.00000     40.00000     40.16944    -81.15993    -15.46064
    250.00000     40.00000     53.39843    -80.44429    -15.33276
    255.00000     40.00000     69.82437    -80.25695    -15.85647
    260.00000     40.00000     90.00279    -80.94011    -16.97920
    265.00000     40.00000    114.21958    -82.76102    -18.56949
    270.00000     40.00000    142.33115    -85.87274    -20.44198
    275.00000     40.00000    173.65144    -90.28547    -22.38654
    280.00000     40.00000    206.91566    -95.85220    -24.19596
    285.00000     40.00000    240.33658   -102.27214    -25.68757
    290.00000     40.00000    271.75117   -109.11356    -26.71689
    295.00000     40.00000    298.83682   -115.85566    -27.18307
    300.00000     40.00000    319.36236   -121.94639    -27.02812
    305.00000     40.00000    331.43177   -126.87016    -26.23245
    310.00000     40.00000    333.68106   -130.21658    -24.80925
    315.00000     40.00000    325.39897   -131.74003    -22.79923
    320.00000     40.00000    306.55886   -131.39916    -20.26624
    325.00000     40.00000    277.76722   -129.36800    -17.29298
    330.00000     40.00000    240.15032   -126.01383    -13.97587
    335.00000     40.00000    195.20985   -121.84260    -10.41826
    340.00000     40.00000    144.67993   -117.41916     -6.72204
    345.00000     40.00000     90.41125   -113.27451     -2.97891
    350.00000     40.00000     34.29541   -109.81644      0.73668
    355.00000     40.00000    -21.77250   -107.26021      4.37044
    360.00000     40.00000    -75.90779   -105.59358      7.88556
      0.00000     45.00000    -63.41513   -130.85884     13.73817
      5.00000     45.00000   -110.35896   -128.06752     19.53042
     10.00000     45.00000   -151.99582   -124.96614     24.86430
     15.00000     45.00000   -186.82152   -121.30095     29.59616
     20.00000     45.00000   -213.61253   -116.85029     33.56948
     25.00000     45.00000   -231.52642   -111.49223     36.62170
     30.00000     45.00000   -240.19347   -105.25578     38.59991
     35.00000     45.00000   -239.77979    -98.34426     39.38411
     40.00000     45.00000   -231.00332    -91.12437     38.91415
     45.00000     45.00000   -215.09096    -84.08124     37.21493
     50.00000     45.00000   -193.67495    -77.74668     34.41337
     55.00000     45.00000   -168.63860    -72.61354     30.74175
     60.00000     45.00000   -141.93120    -69.05206     26.52383
     65.00000     45.00000   -115.37922    -67.24419     22.14385
     70.00000     45.00000    -90.52161    -67.14854     18.00156
     75.00000     45.00000    -68.49277    -68.50274     14.46042
     80.00000     45.00000    -49.96785    -70.86292     11.79750
     85.00000     45.00000    -35.17316    -73.67284     10.16456
     90.00000     45.00000    -23.95301    -76.34972      9.56761
     95.00000     45.00000    -15.87489    -78.37125      9.86946
    100.00000     45.00000    -10.35059    -79.34840     10.81508
    105.00000     45.00000     -6.75066    -79.07217     12.07526
    110.00000     45.00000     -4.49471    -77.52799     13.30066
    115.00000     45.00000     -3.10773    -74.87797     14.17592
    120.00000     45.00000     -2.24149    -71.41724     14.46425
    125.00000     45.00000     -1.66732    -67.51481     14.03466
    130.00000     45.00000     -1.25122    -63.55151     12.86805
    135.00000     45.00000     -0.92342    -59.86644     11.04273
    140.00000     45.00000     -0.65193    -56.72047      8.70429
    145.00000     45.00000     -0.42541    -54.28050      6.02750
    150.00000     45.00000     -0.24580    -52.62363      3.17930
    155.00000     45.00000     -0.12678    -51.75609      0.29074
    160.00000     45.00000     -0.09294    -51.63942     -2.55670
    165.00000     45.00000     -0.17479    -52.21597     -5.32909
    170.00000     45.00000     -0.39748    -53.42716     -8.02450
    175.00000     45.00000     -0.76478    -55.22103    -10.64968
    180.00000     45.00000     -1.24281    -57.54867    -13.19612
    185.00000     45.00000     -1.74932    -60.35270    -15.62246
    190.00000     45.00000     -2.15338    -63.55261    -17.84856
    195.00000     45.00000     -2.28757    -67.03272    -19.76320
    200.00000     45.00000     -1.97013    -70.63775    -21.24395
    205.00000     45.00000     -1.03078    -74.17863    -22.18467
    210.00000     45.00000      0.66850    -77.44915    -22.52416
    215.00000     45.00000      3.22642    -80.25096    -22.26910
    220.00000     45.00000      6.71405    -82.42276    -21.50566
    225.00000     45.00000     11.20512    -83.86840    -20.39661
    230.00000     45.00000     16.81817    -84.57868    -19.16407
    235.00000     45.00000     23.75809    -84.64282    -18.06066
    240.00000     45.00000     32.34203    -84.24698    -17.33463
    245.00000     45.00000     42.99555    -83.65955    -17.19490
    250.00000     45.00000     56.21008    -83.20460    -17.78214
    255.00000     45.00000     72.46143    -83.22646    -19.15016
    260.00000     45.00000     92.09842    -84.04958    -21.25991
    265.00000     45.00000    115.22016    -85.93828    -23.98578
    270.00000     45.00000    141.56572    -89.06102    -27.13186
    275.00000     45.00000    170.44056    -93.46379    -30.45486
    280.00000     45.00000    200.69947    -99.05607    -33.68945
    285.00000     45.00000    230.79614   -105.61205    -36.57279
    290.00000     45.00000    258.89728   -112.78811    -38.86545
    295.00000     45.00000    283.04674   -120.15585    -40.36756
    300.00000     45.00000    301.35588   -127.24750    -40.92971
    305.00000     45.00000    312.19100   -133.60887    -40.45883
    310.00000     45.00000    314.33043   -138.85284    -38.91985
    315.00000     45.00000    307.07008   -142.70573    -36.33352
    320.00000     45.00000    290.26690   -145.03895    -32.77084
    325.00000     45.00000    264.32183   -145.87996    -28.34463
    330.00000     45.00000    230.11415   -145.39949    -23.19861
    335.00000     45.00000    188.90613   -143.87608    -17.49511
    340.00000     45.00000    142.23824   -141.64281    -11.40279
    345.00000     45.00000     91.83230   -139.02521     -5.08615
    350.00000     45.00000     39.51218   -136.28148      1.30139
    355.00000     45.00000    -12.85656   -133.55643      7.61954
    360.00000     45.00000    -63.41513   -130.85884     13.73817
      0.00000     50.00000    -48.51073   -155.90034     19.25166
      5.00000     50.00000    -90.58003   -151.62570     27.27202
     10.00000     50.00000   -127.95573   -146.52856     34.57516
     15.00000     50.00000   -159.34253   -140.54715     40.94411
     20.00000     50.00000   -183.72318   -133.66240     46.16948
     25.00000     50.00000   -200.42950   -125.93628     50.06155
     30.00000     50.00000   -209.19969   -117.53841     52.46830
     35.00000     50.00000   -210.21044   -108.75351     53.29713
     40.00000     50.00000   -204.07389    -99.96616     52.53666
     45.00000     50.00000   -191.79364    -91.62334     50.27382
     50.00000     50.00000   -174.68050    -84.18018     46.70152
     55.00000     50.00000   -154.23570    -78.03774     42.11313
     60.00000     50.00000   -132.01517    -73.48371     36.88230
     65.00000     50.00000   -109.49261    -70.64707     31.42907
     70.00000     50.00000    -87.93939    -69.47517     26.17619
     75.00000     50.00000    -68.33680    -69.73800     21.50177
     80.00000     50.00000    -51.33017    -71.05940     17.69573
     85.00000     50.00000    -37.22728    -72.96992     14.92707
     90.00000     50.00000    -26.03631    -74.97259     13.22786
     95.00000     50.00000    -17.53233    -76.61019     12.49656
    100.00000     50.00000    -11.33830    -77.52324     12.52025
    105.00000     50.00000     -7.00602    -77.48972     13.01174
    110.00000     50.00000     -4.08505    -76.44132     13.65511
    115.00000     50.00000     -2.17214    -74.45576     14.15164
    120.00000     50.00000     -0.93852    -71.72862     14.25868
    125.00000     50.00000     -0.13752    -68.53181     13.81531
    130.00000     50.00000      0.40203    -65.16718     12.75188
    135.00000     50.00000      0.79016    -61.92382     11.08354
    140.00000     50.00000      1.09163    -59.04558      8.89115
    145.00000     50.00000      1.33960    -56.71257      6.29493
    150.00000     50.00000      1.54556    -55.03685      3.42726
    155.00000     50.00000      1.70634    -54.06991      0.41051
    160.00000     50.00000      1.81013    -53.81707     -2.65641
    165.00000     50.00000      1.84334    -54.25360     -5.70100
    170.00000     50.00000      1.79919    -55.33796     -8.67120
    175.00000     50.00000      1.68730    -57.01901    -11.52372
    180.00000     50.00000      1.54216    -59.23660    -14.21146
    185.00000     50.00000      1.42807    -61.91678    -16.67446
    190.00000     50.00000      1.43842    -64.96471    -18.83794
    195.00000     50.00000      1.68908    -68.25893    -20.61872
    200.00000     50.00000      2.30755    -71.65047    -21.93916
    205.00000     50.00000      3.42143    -74.96880    -22.74561
    210.00000     50.00000      5.15082    -78.03535    -23.02714
    215.00000     50.00000      7.60843    -80.68307    -22.82988
    220.00000     50.00000     10.90939    -82.77928    -22.26321
    225.00000     50.00000     15.18939    -84.24789    -21.49554
    230.00000     50.00000     20.62620    -85.08716    -20.73956
    235.00000     50.00000     27.45703    -85.37943    -20.22886
    240.00000     50.00000     35.98291    -85.29081    -20.18949
    245.00000     50.00000     46.55276    -85.05984    -20.81080
    250.00000     50.00000     59.52309    -84.97621    -22.22004
    255.00000     50.00000     75.19465    -85.35147    -24.46422
    260.00000     50.00000     93.73360    -86.48528    -27.50143
    265.00000     50.00000    115.08916    -88.63086    -31.20244
    270.00000     50.00000    138.92358    -91.96377    -35.36146
    275.00000     50.00000    164.56944    -96.55786    -39.71433
    280.00000     50.00000    191.02655   -102.37136    -43.96136
    285.00000     50.00000    217.00413   -109.24537    -47.79210
    290.00000     50.00000    241.00669   -116.91530    -50.90952
    295.00000     50.00000    261.45386   -125.03464    -53.05143
    300.00000     50.00000    276.81869   -133.20860    -54.00778
    305.00000     50.00000    285.76573   -141.03366    -53.63282
    310.00000     50.00000    287.27052   -148.13808    -51.85165
    315.00000     50.00000    280.70605   -154.21785    -48.66115
    320.00000     50.00000    265.88818   -159.06275    -44.12563
    325.00000     50.00000    243.07881   -162.56859    -38.36803
    330.00000     50.00000    212.95271   -164.73366    -31.55783
    335.00000     50.00000    176.53817   -165.63989    -23.89741
    340.00000     50.00000    135.14320   -165.42228    -15.60861
    345.00000     50.00000     90.27818   -164.23215     -6.92134
    350.00000     50.00000     43.58186   -162.20152      1.93444
    355.00000     50.00000     -3.24655   -159.41571     10.73269
    360.00000     50.00000    -48.51073   -155.90034     19.25166
      0.00000     55.00000    -32.54167   -177.76294     24.09076
      5.00000     55.00000    -68.57824   -172.42180     33.97029
     10.00000     55.00000   -100.75630   -165.84864     42.93216
     15.00000     55.00000   -128.01579   -158.12283     50.71109
     20.00000     55.00000   -149.53963   -149.37333     57.06845
     25.00000     55.00000   -164.80232   -139.79527     61.80636
     30.00000     55.00000   -173.60426   -129.65817     64.78459
     35.00000     55.00000   -176.08563   -119.30194     65.93810
     40.00000     55.00000   -172.71521   -109.11888     65.29219
     45.00000     55.00000   -164.25214    -99.52262     62.97183
     50.00000     55.00000   -151.68220    -90.90781     59.20199
     55.00000     55.00000   -136.13427    -83.60641     54.29686
     60.00000     55.00000   -118.78579    -77.84777     48.63764
     65.00000     55.00000   -100.76814    -73.72916     42.64028
     70.00000     55.00000    -83.08305    -71.20257     36.71699
     75.00000     55.00000    -66.53931    -70.08030     31.23615
     80.00000     55.00000    -51.71605    -70.05917     26.48652
     85.00000     55.00000    -38.95429    -70.75987     22.65095
     90.00000     55.00000    -28.37447    -71.77542     19.79340
     95.00000     55.00000    -19.91411    -72.72118     17.86141
    100.00000     55.00000    -13.37721    -73.27910     16.70302
    105.00000     55.00000     -8.48704    -73.22977     16.09548
    110.00000     55.00000     -4.93448    -72.46853     15.78065
    115.00000     55.00000     -2.41663    -71.00456     15.50146
    120.00000     55.00000     -0.66307    -68.94499     15.03395
    125.00000     55.00000      0.55016    -66.46813     14.21029
    130.00000     55.00000      1.39682    -63.79136     12.93055
    135.00000     55.00000      2.00373    -61.13958     11.16278
    140.00000     55.00000      2.45784    -58.71871      8.93349
    145.00000     55.00000      2.81452    -56.69763      6.31179
    150.00000     55.00000      3.10570    -55.19927      3.39140
    155.00000     55.00000      3.34714    -54.30005      0.27433
    160.00000     55.00000      3.54530    -54.03518     -2.94096
    165.00000     55.00000      3.70407    -54.40663     -6.16558
    170.00000     55.00000      3.83137    -55.39091     -9.32085
    175.00000     55.00000      3.94542    -56.94455    -12.33539
    180.00000     55.00000      4.07974    -59.00636    -15.14105
    185.00000     55.00000      4.28596    -61.49697    -17.67059
    190.00000     55.00000      4.63399    -64.31737    -19.85880
    195.00000     55.00000      5.20960    -67.34823    -21.64810
    200.00000     55.00000      6.11052    -70.45232    -22.99788
    205.00000     55.00000      7.44267    -73.48123    -23.89590
    210.00000     55.00000      9.31863    -76.28683    -24.36910
    215.00000     55.00000     11.85958    -78.73646    -24.49088
    220.00000     55.00000     15.20095    -80.73020    -24.38265
    225.00000     55.00000     19.50040    -82.21740    -24.20814
    230.00000     55.00000     24.94511    -83.20982    -24.16044
    235.00000     55.00000     31.75394    -83.78881    -24.44292
    240.00000     55.00000     40.17050    -84.10480    -25.24653
    245.00000     55.00000     50.44338    -84.36836    -26.72635
    250.00000     55.00000     62.79290    -84.83338    -28.98067
    255.00000     55.00000     77.36598    -85.77372    -32.03519
    260.00000     55.00000     94.18460    -87.45599    -35.83451
    265.00000     55.00000    113.09540    -90.11122    -40.24171
    270.00000     55.00000    133.72989    -93.90877    -45.04596
    275.00000     55.00000    155.48389    -98.93542    -49.97715
    280.00000     55.00000    177.52298   -105.18212    -54.72577
    285.00000     55.00000    198.81710   -112.54012    -58.96591
    290.00000     55.00000    218.20258   -120.80712    -62.37912
    295.00000     55.00000    234.46587   -129.70280    -64.67706
    300.00000     55.00000    246.43929   -138.89221    -65.62089
    305.00000     55.00000    253.09759   -148.01411    -65.03626
    310.00000     55.00000    253.64376   -156.71090    -62.82272
    315.00000     55.00000    247.57491   -164.65637    -58.95735
    320.00000     55.00000    234.72216   -171.57774    -53.49273
    325.00000     55.00000    215.26274   -177.26936    -46.55007
    330.00000     55.00000    189.70611   -181.59666    -38.30880
    335.00000     55.00000    158.85903   -184.49059    -28.99408
    340.00000     55.00000    123.77567   -185.93446    -18.86395
    345.00000     55.00000     85.69908   -185.94660     -8.19766
    350.00000     55.00000     45.99879   -184.56274      2.71385
    355.00000     55.00000      6.10755   -181.82246     13.57504
    360.00000     55.00000    -32.54167   -177.76294     24.09076
      0.00000     60.00000    -16.96259   -193.45860     27.96750
      5.00000     60.00000    -46.26806   -187.53029     39.19408
     10.00000     60.00000    -72.64801   -180.09853     49.38914
     15.00000     60.00000    -95.28634   -171.32915     58.26671
     20.00000     60.00000   -113.55615   -161.43978     65.58086
     25.00000     60.00000   -127.05180   -150.70195     71.13931
     30.00000     60.00000   -135.60885   -139.43768     74.81730
     35.00000     60.00000   -139.30899   -128.00864     76.57011
     40.00000     60.00000   -138.46821   -116.79753     76.44190
     45.00000     60.00000   -133.60798   -106.18285     74.56888
     50.00000     60.00000   -125.41114    -96.50951     71.17494
     55.00000     60.00000   -114.66631    -88.05918     66.55887
     60.00000     60.00000   -102.20617    -81.02444     61.07336
     65.00000     60.00000    -88.84593    -75.49101     55.09744
     70.00000     60.00000    -75.32816    -71.43105     49.00517
     75.00000     60.00000    -62.27962    -68.70900     43.13413
     80.00000     60.00000    -50.18334    -67.09970     37.75767
     85.00000     60.00000    -39.36763    -66.31644     33.06459
     90.00000     60.00000    -30.01095    -66.04505     29.14864
     95.00000     60.00000    -22.15975    -65.97945     26.00921
    100.00000     60.00000    -15.75519    -65.85374     23.56256
    105.00000     60.00000    -10.66393    -65.46685     21.66172
    110.00000     60.00000     -6.70860    -64.69695     20.12163
    115.00000     60.00000     -3.69460    -63.50472     18.74597
    120.00000     60.00000     -1.43096    -61.92615     17.35165
    125.00000     60.00000      0.25549    -60.05738     15.78811
    130.00000     60.00000      1.51222    -58.03459     13.94936
    135.00000     60.00000      2.45827    -56.01257     11.77844
    140.00000     60.00000      3.18525    -54.14520      9.26483
    145.00000     60.00000      3.76065    -52.56997      6.43692
    150.00000     60.00000      4.23243    -51.39783      3.35160
    155.00000     60.00000      4.63411    -50.70825      0.08356
    160.00000     60.00000      4.99003    -50.54849     -3.28406
    165.00000     60.00000      5.32054    -50.93573     -6.66658
    170.00000     60.00000      5.64688    -51.86028     -9.98199
    175.00000     60.00000      5.99550    -53.28881    -13.15328
    180.00000     60.00000      6.40153    -55.16678    -16.10987
    185.00000     60.00000      6.91107    -57.42025    -18.78945
    190.00000     60.00000      7.58225    -59.95768    -21.14113
    195.00000     60.00000      8.48527    -62.67258    -23.13014
    200.00000     60.00000      9.70177    -65.44811    -24.74387
    205.00000     60.00000     11.32435    -68.16414    -25.99811
    210.00000     60.00000     13.45668    -70.70696    -26.94200
    215.00000     60.00000     16.21449    -72.98085    -27.66033
    220.00000     60.00000     19.72717    -74.92055    -28.27164
    225.00000     60.00000     24.13884    -76.50263    -28.92162
    230.00000     60.00000     29.60737    -77.75427    -29.77179
    235.00000     60.00000     36.29931    -78.75755    -30.98423
    240.00000     60.00000     44.37913    -79.64819    -32.70410
    245.00000     60.00000     53.99158    -80.60824    -35.04182
    250.00000     60.00000     65.23757    -81.85284    -38.05701
    255.00000     60.00000     78.14534    -83.61228    -41.74643
    260.00000     60.00000     92.64011    -86.11091    -46.03712
    265.00000     60.00000    108.51697    -89.54506    -50.78589
    270.00000     60.00000    125.42168    -94.06226    -55.78520
    275.00000     60.00000    142.84420    -99.74409    -60.77497
    280.00000     60.00000    160.12821   -106.59433    -65.45916
    285.00000     60.00000    176.49773   -114.53394    -69.52550
    290.00000     60.00000    191.09997   -123.40327    -72.66677
    295.00000     60.00000    203.06065   -132.97137    -74.60149
    300.00000     60.00000    211.54660   -142.95121    -75.09253
    305.00000     60.00000    215.82894   -153.01933    -73.96220
    310.00000     60.00000    215.34055   -162.83741    -71.10266
    315.00000     60.00000    209.72198   -172.07360    -66.48136
    320.00000     60.00000    198.85183   -180.42128    -60.14144
    325.00000     60.00000    182.85985   -187.61338    -52.19756
    330.00000     60.00000    162.12264   -193.43136    -42.82822
    335.00000     60.00000    137.24401   -197.70873    -32.26561
    340.00000     60.00000    109.02272   -200.32979    -20.78436
    345.00000     60.00000     78.41105   -201.22534     -8.69012
    350.00000     60.00000     46.46719   -200.36724      3.69117
    355.00000     60.00000     14.30420   -197.76396     16.02302
    360.00000     60.00000    -16.96259   -193.45860     27.96750
      0.00000     65.00000     -3.10354   -200.46356     30.67807
      5.00000     65.00000    -25.51370   -194.42685     42.64836
     10.00000     65.00000    -45.90664   -186.76868     53.57242
     15.00000     65.00000    -63.69971   -177.68998     63.17031
     20.00000     65.00000    -78.44073   -167.44077     71.20743
     25.00000     65.00000    -89.82811   -156.31452     77.50615
     30.00000     65.00000    -97.72232   -144.63900     81.95607
     35.00000     65.00000   -102.14748   -132.76292     84.52194
     40.00000     65.00000   -103.28270   -121.03891     85.24772
     45.00000     65.00000   -101.44340   -109.80373     84.25593
     50.00000     65.00000    -97.05406    -99.35743     81.74122
     55.00000     65.00000    -90.61464    -89.94377     77.95821
     60.00000     65.00000    -82.66353    -81.73416     73.20401
     65.00000     65.00000    -73.74063    -74.81740     67.79673
     70.00000     65.00000    -64.35360    -69.19667     62.05208
     75.00000     65.00000    -54.95024    -64.79455     56.26023
     80.00000     65.00000    -45.89896    -61.46564     50.66574
     85.00000     65.00000    -37.47831    -59.01524     45.45244
     90.00000     65.00000    -29.87530    -57.22202     40.73503
     95.00000     65.00000    -23.19141    -55.86174     36.55807
    100.00000     65.00000    -17.45444    -54.72925     32.90207
    105.00000     65.00000    -12.63382    -53.65632     29.69553
    110.00000     65.00000     -8.65731    -52.52346     26.83094
    115.00000     65.00000     -5.42695    -51.26502     24.18253
    120.00000     65.00000     -2.83297    -49.86771     21.62347
    125.00000     65.00000     -0.76475    -48.36353     19.04041
    130.00000     65.00000      0.88149    -46.81885     16.34415
    135.00000     65.00000      2.19799    -45.32156     13.47569
    140.00000     65.00000      3.26342    -43.96820     10.40789
    145.00000     65.00000      4.14283    -42.85246      7.14335
    150.00000     65.00000      4.88906    -42.05622      3.70975
    155.00000     65.00000      5.54510    -41.64336      0.15376
    160.00000     65.00000      6.14703    -41.65628     -3.46538
    165.00000     65.00000      6.72709    -42.11463     -7.08176
    170.00000     65.00000      7.31682    -43.01558    -10.62796
    175.00000     65.00000      7.94985    -44.33513    -14.03945
    180.00000     65.00000      8.66434    -46.03001    -17.25835
    185.00000     65.00000      9.50480    -48.04006    -20.23711
    190.00000     65.00000     10.52339    -50.29136    -22.94217
    195.00000     65.00000     11.78066    -52.70019    -25.35774
    200.00000     65.00000     13.34594    -55.17826    -27.48930
    205.00000     65.00000     15.29733    -57.63923    -29.36641
    210.00000     65.00000     17.72163    -60.00647    -31.04400
    215.00000     65.00000     20.71373    -62.22140    -32.60150
    220.00000     65.00000     24.37554    -64.25176    -34.13919
    225.00000     65.00000     28.81355    -66.09881    -35.77164
    230.00000     65.00000     34.13467    -67.80221    -37.61825
    235.00000     65.00000     40.43945    -69.44185    -39.79177
    240.00000     65.00000     47.81243    -71.13578    -42.38556
    245.00000     65.00000     56.30948    -73.03399    -45.46107
    250.00000     65.00000     65.94286    -75.30832    -49.03679
    255.00000     65.00000     76.66518    -78.13908    -53.08009
    260.00000     65.00000     88.35419    -81.69955    -57.50289
    265.00000     65.00000    100.80069    -86.13971    -62.16184
    270.00000     65.00000    113.70195    -91.57080    -66.86332
    275.00000     65.00000    126.66262    -98.05219    -71.37276
    280.00000     65.00000    139.20468   -105.58184    -75.42779
    285.00000     65.00000    150.78647   -114.09132    -78.75402
    290.00000     65.00000    160.83034   -123.44595    -81.08221
    295.00000     65.00000    168.75675   -133.44983    -82.16538
    300.00000     65.00000    174.02207   -143.85549    -81.79458
    305.00000     65.00000    176.15669   -154.37698    -79.81224
    310.00000     65.00000    174.79997   -164.70520    -76.12200
    315.00000     65.00000    169.72893   -174.52401    -70.69478
    320.00000     65.00000    160.87819   -183.52582    -63.57078
    325.00000     65.00000    148.34989   -191.42529    -54.85769
    330.00000     65.00000    132.41297   -197.97052    -44.72565
    335.00000     65.00000    113.49234   -202.95132    -33.39965
    340.00000     65.00000     92.14922   -206.20462    -21.15017
    345.00000     65.00000     69.05409   -207.61755     -8.28272
    350.00000     65.00000     44.95428   -207.12889      4.87312
    355.00000     65.00000     20.63799   -204.72970     17.97480
    360.00000     65.00000     -3.10354   -200.46356     30.67807
      0.00000     70.00000      8.03186   -197.17262     32.13006
      5.00000     70.00000     -7.84720   -191.44545     44.21588
     10.00000     70.00000    -22.49242   -184.12597     55.33467
     15.00000     70.00000    -35.52645   -175.40817     65.23499
     20.00000     70.00000    -46.64985   -165.52832     73.70793
     25.00000     70.00000    -55.65280   -154.75685     80.59600
     30.00000     70.00000    -62.42162   -143.38806     85.80017
     35.00000     70.00000    -66.93974   -131.72768     89.28431
     40.00000     70.00000    -69.28293   -120.07902     91.07649
     45.00000     70.00000    -69.60939   -108.72841     91.26670
     50.00000     70.00000    -68.14524    -97.93103     90.00074
     55.00000     70.00000    -65.16677    -87.89827     87.47042
     60.00000     70.00000    -60.98086    -78.78802     83.90069
     65.00000     70.00000    -55.90508    -70.69869     79.53457
     70.00000     70.00000    -50.24914    -63.66781     74.61708
     75.00000     70.00000    -44.29900    -57.67542     69.37974
     80.00000     70.00000    -38.30450    -52.65171     64.02687
     85.00000     70.00000    -32.47137    -48.48846     58.72505
     90.00000     70.00000    -26.95736    -45.05266     53.59652
     95.00000     70.00000    -21.87247    -42.20112     48.71706
    100.00000     70.00000    -17.28238    -39.79436     44.11814
    105.00000     70.00000    -13.21430    -37.70849     39.79285
    110.00000     70.00000     -9.66428    -35.84404     35.70452
    115.00000     70.00000     -6.60491    -34.13117     31.79696
    120.00000     70.00000     -3.99285    -32.53109     28.00497
    125.00000     70.00000     -1.77539    -31.03414     24.26397
    130.00000     70.00000      0.10416    -29.65514     20.51791
    135.00000     70.00000      1.70245    -28.42702     16.72487
    140.00000     70.00000      3.07345    -27.39361     12.86016
    145.00000     70.00000      4.26698    -26.60252      8.91714
    150.00000     70.00000      5.32832    -26.09882      4.90596
    155.00000     70.00000      6.29856    -25.91984      0.85102
    160.00000     70.00000      7.21549    -26.09148     -3.21267
    165.00000     70.00000      8.11489    -26.62589     -7.24345
    170.00000     70.00000      9.03191    -27.52047    -11.19717
    175.00000     70.00000     10.00253    -28.75805    -15.03116
    180.00000     70.00000     11.06482    -30.30799    -18.70800
    185.00000     70.00000     12.26004    -32.12825    -22.19898
    190.00000     70.00000     13.63338    -34.16829    -25.48713
    195.00000     70.00000     15.23443    -36.37274    -28.56968
    200.00000     70.00000     17.11727    -38.68581    -31.45985
    205.00000     70.00000     19.34014    -41.05640    -34.18751
    210.00000     70.00000     21.96462    -43.44344    -36.79855
    215.00000     70.00000     25.05427    -45.82126    -39.35274
    220.00000     70.00000     28.67248    -48.18448    -41.91980
    225.00000     70.00000     32.87940    -50.55167    -44.57381
    230.00000     70.00000     37.72787    -52.96749    -47.38625
    235.00000     70.00000     43.25810    -55.50257    -50.41804
    240.00000     70.00000     49.49132    -58.25100    -53.71123
    245.00000     70.00000     56.42259    -61.32526    -57.28118
    250.00000     70.00000     64.01323    -64.84871    -61.11002
    255.00000     70.00000     72.18373    -68.94627    -65.14208
    260.00000     70.00000     80.80781    -73.73374    -69.28198
    265.00000     70.00000     89.70893    -79.30679    -73.39571
    270.00000     70.00000     98.65983    -85.73044    -77.31491
    275.00000     70.00000    107.38621    -93.03008    -80.84405
    280.00000     70.00000    115.57464   -101.18470    -83.77018
    285.00000     70.00000    122.88490   -110.12309    -85.87451
    290.00000     70.00000    128.96611   -119.72330    -86.94510
    295.00000     70.00000    133.47568   -129.81546    -86.78953
    300.00000     70.00000    136.09987   -140.18776    -85.24692
    305.00000     70.00000    136.57411   -150.59505    -82.19825
    310.00000     70.00000    134.70177   -160.76949    -77.57450
    315.00000     70.00000    130.36955   -170.43233    -71.36205
    320.00000     70.00000    123.55852   -179.30611    -63.60517
    325.00000     70.00000    114.34965   -187.12645    -54.40564
    330.00000     70.00000    102.92382   -193.65282    -43.91970
    335.00000     70.00000     89.55586   -198.67790    -32.35252
    340.00000     70.00000     74.60349   -202.03526    -19.95093
    345.00000     70.00000     58.49155   -203.60522     -6.99449
    350.00000     70.00000     41.69270   -203.31909      6.21437
    355.00000     70.00000     24.70561   -201.16172     19.36110
    360.00000     70.00000      8.03186   -197.17262     32.13006
      0.00000     75.00000     15.89772   -183.21548     32.35454
      5.00000     75.00000      5.74057   -178.10731     43.97285
     10.00000     75.00000     -3.77819   -171.55729     54.77572
     15.00000     75.00000    -12.44512   -163.72392     64.55590
     20.00000     75.00000    -20.08521   -154.79858     73.13972
     25.00000     75.00000    -26.56780   -144.99829     80.39320
     30.00000     75.00000    -31.81017   -134.55726     86.22641
     35.00000     75.00000    -35.77843   -123.71752     90.59594
     40.00000     75.00000    -38.48584   -112.71909     93.50511
     45.00000     75.00000    -39.98882   -101.79020     95.00183
     50.00000     75.00000    -40.38078    -91.13826     95.17418
     55.00000     75.00000    -39.78455    -80.94208     94.14393
     60.00000     75.00000    -38.34374    -71.34588     92.05838
     65.00000     75.00000    -36.21380    -62.45571     89.08107
     70.00000     75.00000    -33.55336    -54.33827     85.38202
     75.00000     75.00000    -30.51643    -47.02236     81.12834
     80.00000     75.00000    -27.24581    -40.50268     76.47570
     85.00000     75.00000    -23.86813    -34.74556     71.56152
     90.00000     75.00000    -20.49047    -29.69612     66.50009
     95.00000     75.00000    -17.19877    -25.28597     61.38003
    100.00000     75.00000    -14.05765    -21.44103     56.26401
    105.00000     75.00000    -11.11153    -18.08846     51.19056
    110.00000     75.00000     -8.38664    -15.16247     46.17749
    115.00000     75.00000     -5.89366    -12.60843     41.22652
    120.00000     75.00000     -3.63060    -10.38521     36.32842
    125.00000     75.00000     -1.58569     -8.46581     31.46818
    130.00000     75.00000      0.25996     -6.83638     26.62965
    135.00000     75.00000      1.93003     -5.49417     21.79940
    140.00000     75.00000      3.45121     -4.44451     16.96935
    145.00000     75.00000      4.85177     -3.69757     12.13841
    150.00000     75.00000      6.16066     -3.26502      7.31283
    155.00000     75.00000      7.40702     -3.15702      2.50569
    160.00000     75.00000      8.61996     -3.37979     -2.26444
    165.00000     75.00000      9.82865     -3.93385     -6.97543
    170.00000     75.00000     11.06249     -4.81300    -11.60382
    175.00000     75.00000     12.35141     -6.00419    -16.12719
    180.00000     75.00000     13.72615     -7.48799    -20.52648
    185.00000     75.00000     15.21846     -9.23995    -24.78801
    190.00000     75.00000     16.86113    -11.23242    -28.90526
    195.00000     75.00000     18.68788    -13.43701    -32.87991
    200.00000     75.00000     20.73300    -15.82737    -36.72238
    205.00000     75.00000     23.03064    -18.38215    -40.45142
    210.00000     75.00000     25.61386    -21.08802    -44.09297
    215.00000     75.00000     28.51327    -23.94231    -47.67790
    220.00000     75.00000     31.75525    -26.95515    -51.23907
    225.00000     75.00000     35.35983    -30.15077    -54.80745
    230.00000     75.00000     39.33818    -33.56766    -58.40777
    235.00000     75.00000     43.68975    -37.25751    -62.05397
    240.00000     75.00000     48.39932    -41.28275    -65.74460
    245.00000     75.00000     53.43403    -45.71270    -69.45898
    250.00000     75.00000     58.74073    -50.61861    -73.15410
    255.00000     75.00000     64.24390    -56.06763    -76.76294
    260.00000     75.00000     69.84448    -62.11636    -80.19438
    265.00000     75.00000     75.42007    -68.80429    -83.33487
    270.00000     75.00000     80.82647    -76.14757    -86.05190
    275.00000     75.00000     85.90111    -84.13386    -88.19920
    280.00000     75.00000     90.46809    -92.71841    -89.62335
    285.00000     75.00000     94.34493   -101.82197    -90.17147
    290.00000     75.00000     97.35065   -111.33057    -89.69950
    295.00000     75.00000     99.31474   -121.09742    -88.08052
    300.00000     75.00000    100.08662   -130.94672    -85.21271
    305.00000     75.00000     99.54469   -140.67927    -81.02620
    310.00000     75.00000     97.60460   -150.07955    -75.48870
    315.00000     75.00000     94.22592   -158.92375    -68.60936
    320.00000     75.00000     89.41686   -166.98852    -60.44074
    325.00000     75.00000     83.23650   -174.05974    -51.07881
    330.00000     75.00000     75.79445   -179.94104    -40.66100
    335.00000     75.00000     67.24780   -184.46162    -29.36244
    340.00000     75.00000     57.79558   -187.48308    -17.39058
    345.00000     75.00000     47.67101   -188.90499     -4.97845
    350.00000     75.00000     37.13184   -188.66908      7.62315
    355.00000     75.00000     26.44953   -186.76183     20.15422
    360.00000     75.00000     15.89772   -183.21548     32.35454
      0.00000     80.00000     20.44326   -159.56509     31.50008
      5.00000     80.00000     14.89691   -155.24915     42.17499
     10.00000     80.00000      9.60177   -149.72313     52.22539
     15.00000     80.00000      4.65531   -143.09680     61.49598
     20.00000     80.00000      0.14100   -135.50240     69.85309
     25.00000     80.00000     -3.87408   -127.08998     77.18835
     30.00000     80.00000     -7.34087   -118.02217     83.42127
     35.00000     80.00000    -10.22898   -108.46848     88.50066
     40.00000     80.00000    -12.52662    -98.59959     92.40479
     45.00000     80.00000    -14.23955    -88.58164     95.14035
     50.00000     80.00000    -15.38941    -78.57116     96.74020
     55.00000     80.00000    -16.01146    -68.71050     97.26012
     60.00000     80.00000    -16.15186    -59.12440     96.77471
     65.00000     80.00000    -15.86475    -49.91745     95.37277
     70.00000     80.00000    -15.20923    -41.17288     93.15238
     75.00000     80.00000    -14.24653    -32.95244     90.21605
     80.00000     80.00000    -13.03732    -25.29741     86.66618
     85.00000     80.00000    -11.63950    -18.23055     82.60112
     90.00000     80.00000    -10.10639    -11.75876     78.11201
     95.00000     80.00000     -8.48535     -5.87628     73.28052
    100.00000     80.00000     -6.81694     -0.56796     68.17756
    105.00000     80.00000     -5.13453      4.18741     62.86285
    110.00000     80.00000     -3.46423      8.41413     57.38537
    115.00000     80.00000     -1.82519     12.13708     51.78437
    120.00000     80.00000     -0.23014     15.37980     46.09094
    125.00000     80.00000      1.31396     18.16324     40.32971
    130.00000     80.00000      2.80516     20.50505     34.52070
    135.00000     80.00000      4.24577     22.41954     28.68097
    140.00000     80.00000      5.64158     23.91805     22.82604
    145.00000     80.00000      7.00122     25.00957     16.97099
    150.00000     80.00000      8.33554     25.70168     11.13111
    155.00000     80.00000      9.65714     26.00136      5.32218
    160.00000     80.00000     10.97993     25.91587     -0.43956
    165.00000     80.00000     12.31880     25.45331     -6.13783
    170.00000     80.00000     13.68932     24.62301    -11.75678
    175.00000     80.00000     15.10744     23.43561    -17.28173
    180.00000     80.00000     16.58931     21.90278    -22.69977
    185.00000     80.00000     18.15092     20.03668    -28.00029
    190.00000     80.00000     19.80781     17.84919    -33.17540
    195.00000     80.00000     21.57465     15.35093    -38.21993
    200.00000     80.00000     23.46479     12.55016    -43.13121
    205.00000     80.00000     25.48970      9.45179    -47.90843
    210.00000     80.00000     27.65828      6.05637    -52.55161
    215.00000     80.00000     29.97610      2.35951    -57.06024
    220.00000     80.00000     32.44461     -1.64854    -61.43164
    225.00000     80.00000     35.06019     -5.98264    -65.65906
    230.00000     80.00000     37.81331    -10.66213    -69.72978
    235.00000     80.00000     40.68759    -15.70957    -73.62324
    240.00000     80.00000     43.65912    -21.14884    -77.30941
    245.00000     80.00000     46.69579    -27.00284    -80.74761
    250.00000     80.00000     49.75699    -33.29064    -83.88586
    255.00000     80.00000     52.79360    -40.02443    -86.66096
    260.00000     80.00000     55.74842    -47.20637    -88.99937
    265.00000     80.00000     58.55701    -54.82552    -90.81888
    270.00000     80.00000     61.14909    -62.85513    -92.03119
    275.00000     80.00000     63.45047    -71.25048    -92.54514
    280.00000     80.00000     65.38536    -79.94747    -92.27061
    285.00000     80.00000     66.87919    -88.86212    -91.12284
    290.00000     80.00000     67.86165    -97.89099    -89.02693
    295.00000     80.00000     68.26992   -106.91277    -85.92235
    300.00000     80.00000     68.05187   -115.79081    -81.76710
    305.00000     80.00000     67.16899   -124.37655    -76.54133
    310.00000     80.00000     65.59901   -132.51386    -70.25029
    315.00000     80.00000     63.33791   -140.04390    -62.92624
    320.00000     80.00000     60.40117   -146.81037    -54.62940
    325.00000     80.00000     56.82426   -152.66498    -45.44768
    330.00000     80.00000     52.66220   -157.47270    -35.49534
    335.00000     80.00000     47.98821   -161.11681    -24.91052
    340.00000     80.00000     42.89156   -163.50330    -13.85176
    345.00000     80.00000     37.47459   -164.56447     -2.49364
    350.00000     80.00000     31.84912   -164.26178      8.97831
    355.00000     80.00000     26.13250   -162.58744     20.37307
    360.00000     80.00000     20.44326   -159.56509     31.50008
      0.00000     85.00000     22.05421   -128.41002     29.80888
      5.00000     85.00000     19.87936   -124.91882     39.21558
     10.00000     85.00000     17.75825   -120.48442     48.19069
     15.00000     85.00000     15.71964   -115.16879     56.63064
     20.00000     85.00000     13.78955   -109.04670     64.44214
     25.00000     85.00000     11.99081   -102.20369     71.54397
     30.00000     85.00000     10.34252    -94.73393     77.86830
     35.00000     85.00000      8.85984    -86.73778     83.36158
     40.00000     85.00000      7.55381    -78.31940     87.98498
     45.00000     85.00000      6.43138    -69.58426     91.71440
     50.00000     85.00000      5.49555    -60.63688     94.53994
     55.00000     85.00000      4.74564    -51.57869     96.46514
     60.00000     85.00000      4.17764    -42.50620     97.50571
     65.00000     85.00000      3.78473    -33.50943     97.68814
     70.00000     85.00000      3.55767    -24.67080     97.04806
     75.00000     85.00000      3.48545    -16.06428     95.62848
     80.00000     85.00000      3.55575     -7.75496     93.47812
     85.00000     85.00000      3.75549      0.20103     90.64968
     90.00000     85.00000      4.07129      7.75633     87.19828
     95.00000     85.00000      4.48993     14.87191     83.18014
    100.00000     85.00000      4.99870     21.51641     78.65137
    105.00000     85.00000      5.58572     27.66539     73.66705
    110.00000     85.00000      6.24014     33.30043     68.28050
    115.00000     85.00000      6.95234     38.40835     62.54286
    120.00000     85.00000      7.71402     42.98034     56.50274
    125.00000     85.00000      8.51823     47.01117     50.20616
    130.00000     85.00000      9.35935     50.49860     43.69650
    135.00000     85.00000     10.23309     53.44270     37.01467
    140.00000     85.00000     11.13634     55.84550     30.19924
    145.00000     85.00000     12.06710     57.71051     23.28666
    150.00000     85.00000     13.02429     59.04251     16.31145
    155.00000     85.00000     14.00768     59.84727      9.30640
    160.00000     85.00000     15.01763     60.13141      2.30275
    165.00000     85.00000     16.05498     59.90221     -4.66963
    170.00000     85.00000     17.12085     59.16753    -11.58210
    175.00000     85.00000     18.21644     57.93561    -18.40711
    180.00000     85.00000     19.34287     56.21498    -25.11800
    185.00000     85.00000     20.50096     54.01433    -31.68884
    190.00000     85.00000     21.69106     51.34240    -38.09420
    195.00000     85.00000     22.91281     48.20790    -44.30885
    200.00000     85.00000     24.16500     44.61946    -50.30749
    205.00000     85.00000     25.44535     40.58569    -56.06434
    210.00000     85.00000     26.75031     36.11529    -61.55281
    215.00000     85.00000     28.07495     31.21726    -66.74505
    220.00000     85.00000     29.41274     25.90130    -71.61160
    225.00000     85.00000     30.75552     20.17825    -76.12103
    230.00000     85.00000     32.09334     14.06073    -80.23973
    235.00000     85.00000     33.41450      7.56383    -83.93176
    240.00000     85.00000     34.70552      0.70595    -87.15888
    245.00000     85.00000     35.95127     -6.49032    -89.88078
    250.00000     85.00000     37.13514    -13.99731    -92.05554
    255.00000     85.00000     38.23924    -21.78140    -93.64030
    260.00000     85.00000     39.24478    -29.80226    -94.59216
    265.00000     85.00000     40.13241    -38.01220    -94.86937
    270.00000     85.00000     40.88274    -46.35577    -94.43260
    275.00000     85.00000     41.47684    -54.76960    -93.24651
    280.00000     85.00000     41.89682    -63.18254    -91.28134
    285.00000     85.00000     42.12645    -71.51613    -88.51455
    290.00000     85.00000     42.15178    -79.68545    -84.93245
    295.00000     85.00000     41.96168    -87.60026    -80.53171
    300.00000     85.00000     41.54843    -95.16659    -75.32071
    305.00000     85.00000     40.90816   -102.28846    -69.32056
    310.00000     85.00000     40.04122   -108.87001    -62.56585
    315.00000     85.00000     38.95245   -114.81770    -55.10501
    320.00000     85.00000     37.65123   -120.04265    -47.00024
    325.00000     85.00000     36.15149   -124.46299    -38.32698
    330.00000     85.00000     34.47148   -128.00610    -29.17298
    335.00000     85.00000     32.63340   -130.61075    -19.63688
    340.00000     85.00000     30.66293   -132.22887     -9.82645
    345.00000     85.00000     28.58859   -132.82713      0.14351
    350.00000     85.00000     26.44100   -132.38799     10.15361
    355.00000     85.00000     24.25208   -130.91041     20.08235
    360.00000     85.00000     22.05421   -128.41002     29.80888
      0.00000     90.00000     21.41725    -92.81492     27.57912
      5.00000     90.00000     21.41723    -90.05798     35.56343
     10.00000     90.00000     21.41721    -86.61566     43.27709
     15.00000     90.00000     21.41719    -82.51414     50.66137
     20.00000     90.00000     21.41717    -77.78463     57.66009
     25.00000     90.00000     21.41716    -72.46314     64.21998
     30.00000     90.00000     21.41714    -66.59016     70.29112
     35.00000     90.00000     21.41712    -60.21039     75.82729
     40.00000     90.00000     21.41711    -53.37239     80.78637
     45.00000     90.00000     21.41709    -46.12820     85.13062
     50.00000     90.00000     21.41708    -38.53294     88.82697
     55.00000     90.00000     21.41707    -30.64443     91.84728
     60.00000     90.00000     21.41706    -22.52270     94.16859
     65.00000     90.00000     21.41705    -14.22956     95.77321
     70.00000     90.00000     21.41704     -5.82813     96.64894
     75.00000     90.00000     21.41703      2.61764     96.78911
     80.00000     90.00000     21.41702     11.04350     96.19266
     85.00000     90.00000     21.41702     19.38530     94.86412
     90.00000     90.00000     21.41702     27.57956     92.81361
     95.00000     90.00000     21.41702     35.56392     90.05673
    100.00000     90.00000     21.41702     43.27761     86.61447
    105.00000     90.00000     21.41702     50.66193     82.51302
    110.00000     90.00000     21.41703     57.66068     77.78360
    115.00000     90.00000     21.41703     64.22059     72.46220
    120.00000     90.00000     21.41704     70.29174     66.58932
    125.00000     90.00000     21.41705     75.82792     60.20966
    130.00000     90.00000     21.41706     80.78701     53.37177
    135.00000     90.00000     21.41707     85.13125     46.12769
    140.00000     90.00000     21.41708     88.82760     38.53256
    145.00000     90.00000     21.41710     91.84791     30.64417
    150.00000     90.00000     21.41711     94.16920     22.52256
    155.00000     90.00000     21.41713     95.77381     14.22954
    160.00000     90.00000     21.41714     96.64952      5.82822
    165.00000     90.00000     21.41716     96.78967     -2.61744
    170.00000     90.00000     21.41718     96.19319    -11.04319
    175.00000     90.00000     21.41720     94.86462    -19.38489
    180.00000     90.00000     21.41721     92.81408    -27.57907
    185.00000     90.00000     21.41723     90.05716    -35.56335
    190.00000     90.00000     21.41725     86.61485    -43.27697
    195.00000     90.00000     21.41727     82.51336    -50.66123
    200.00000     90.00000     21.41729     77.78388    -57.65993
    205.00000     90.00000     21.41731     72.46242    -64.21980
    210.00000     90.00000     21.41732     66.58948    -70.29093
    215.00000     90.00000     21.41734     60.20975    -75.82710
    220.00000     90.00000     21.41736     53.37178    -80.78618
    225.00000     90.00000     21.41737     46.12762    -85.13044
    230.00000     90.00000     21.41738     38.53240    -88.82680
    235.00000     90.00000     21.41740     30.64392    -91.84714
    240.00000     90.00000     21.41741     22.52221    -94.16847
    245.00000     90.00000     21.41742     14.22910    -95.77312
    250.00000     90.00000     21.41743      5.82769    -96.64888
    255.00000     90.00000     21.41743     -2.61808    -96.78909
    260.00000     90.00000     21.41744    -11.04393    -96.19267
    265.00000     90.00000     21.41744    -19.38573    -94.86417
    270.00000     90.00000     21.41744    -27.58001    -92.81369
    275.00000     90.00000     21.41745    -35.56438    -90.05685
    280.00000     90.00000     21.41744    -43.27809    -86.61462
    285.00000     90.00000     21.41744    -50.66244    -82.51320
    290.00000     90.00000     21.41744    -57.66121    -77.78380
    295.00000     90.00000     21.41743    -64.22116    -72.46241
    300.00000     90.00000     21.41742    -70.29234    -66.58954
    305.00000     90.00000     21.41742    -75.82856    -60.20989
    310.00000     90.00000     21.41741    -80.78769    -53.37199
    315.00000     90.00000     21.41739    -85.13197    -46.12791
    320.00000     90.00000     21.41738    -88.82834    -38.53275
    325.00000     90.00000     21.41737    -91.84868    -30.64434
    330.00000     90.00000     21.41735    -94.17000    -22.52271
    335.00000     90.00000     21.41734    -95.77463    -14.22966
    340.00000     90.00000     21.41732    -96.65036     -5.82831
    345.00000     90.00000     21.41730    -96.79052      2.61739
    350.00000     90.00000     21.41729    -96.19404     11.04317
    355.00000     90.00000     21.41727    -94.86547     19.38491
    360.00000     90.00000     21.41725    -92.81492     27.57912
