# Celestia native CMS export; GPL-2.0-or-later. See ../upstream.json and ../../native/.
v -13.03557977778837 15.89744251454249 -1496.2130412459373
v 145.86558317765594 15.89744251454249 -1494.460825920105
v 145.4645805619657 8.918767096474767 -1492.186632156372
v 144.43779353052378 1.9834962580353022 -1489.886650443077
v 142.79023746028543 -4.880913419183344 -1487.5692239403725
v 140.52956340834498 -11.647500728722662 -1485.2454262971878
v 137.66592537984252 -18.289951533079147 -1482.9290616512299
v 134.21162005513906 -24.782615355215967 -1480.6301417946815
v 130.18142810091376 -31.100715142674744 -1478.3636844158173
v 125.59215908870101 -37.22032356541604 -1476.1407631635666
v 120.46275578439236 -43.118461379781365 -1473.973058462143
v 114.81440791860223 -48.77340318635106 -1471.8783184885979
v 108.6698411218822 -54.16424605064094 -1469.8642796278
v 102.05388577654958 -59.2715020570904 -1467.9473248124123
v 94.9928892031312 -64.0767309255898 -1466.1370107531548
v 87.51484839245677 -68.56279599480331 -1464.4451695680618
v 79.64923935011029 -72.71390214562416 -1462.8836333751678
v 71.42687488347292 -76.51550099253654 -1461.4636275172234
v 62.87976712919772 -79.95441887527704 -1460.1942536234856
v 54.04105644673109 -83.018738348037 -1459.083854854107
v 44.94486446492374 -85.6979451328516 -1458.140470981598
v 35.626128166913986 -87.98285227268934 -1457.3698663711548
v 26.120656775310636 -89.86583715304732 -1456.7809909582138
v 16.464700372889638 -91.34033901616931 -1456.3759684562683
v 6.6951709252316505 -92.40136144682765 -1456.1585912108421
v -3.1507028819760308 -93.04523535072803 -1456.1320447921753
v -13.035477858502418 -93.26956206932664 -1456.2942054867744
v -22.92137483600527 -93.07115603238344 -1456.6039642691612
v -32.77024074457586 -92.44767546653748 -1457.0073181390762
v -42.54381200298667 -91.4014526642859 -1457.5065425038338
v -52.20423389226198 -89.93614723905921 -1458.1001204252243
v -61.71397641301155 -88.05705899372697 -1458.787748515606
v -71.03610686026514 -85.77116584405303 -1459.571550488472
v -80.1343941129744 -83.08664029464126 -1460.4477339982986
v -88.97345084697008 -80.0134182907641 -1461.4178159832954
v -97.51884730532765 -76.56276783905923 -1462.4811896681786
v -105.73724877089262 -72.74745492264628 -1463.637551665306
v -113.59669525176287 -68.58154440298676 -1464.8875087499619
v -121.06627913191915 -64.08043320290744 -1466.2292405962944
v -128.11680883169174 -59.26072705537081 -1467.6613819599152
v -134.7205433435738 -54.14029738865793 -1469.1821125149727
v -140.8515145815909 -48.73825762420893 -1470.7921907305717
v -146.48533776402473 -43.07459342293441 -1472.4857005476952
v -151.59978026524186 -37.17059643473476 -1474.2649173736572
v -156.1742117255926 -31.048155603930354 -1476.1211946606636
v -160.19021082669497 -24.73035683389753 -1478.0514985322952
v -163.63151788711548 -18.241052792873234 -1480.0532501935959
v -166.4838357642293 -11.604678037110716 -1482.1181064844131
v -168.7352754548192 -4.846600987948477 -1484.2419716715813
v -170.37607166916132 2.0074410684173927 -1486.4154407382011
v -171.39882933348417 8.93106022151187 -1488.631080687046
v -171.79869424551725 15.8974519954063 -1490.882520377636
v -171.57337203621864 22.879531043581665 -1493.1711250543594
v -170.72314713150263 29.850070695392787 -1495.4968947172165
v -169.25023805350065 36.781812282279134 -1497.8510311245918
v -167.1592904254794 43.64736558869481 -1500.221702158451
v -164.457320086658 50.419281143695116 -1502.5946485996246
v -161.15394063293934 57.07035360857844 -1504.9591001868248
v -157.26092729717493 63.573581483215094 -1507.2991290688515
v -152.79267203062773 69.90233776159585 -1509.6033582091331
v -147.7659559622407 76.03048370219767 -1511.8596521019936
v -142.1995227597654 81.93236408755183 -1514.0487456321716
v -136.11496035009623 87.58316749706864 -1516.1627507209778
v -129.5354968495667 92.9588552005589 -1518.1840708851814
v -122.48685384169221 98.03646454587579 -1520.1023909449577
v -114.99663960188627 102.79405681416392 -1521.9043618440628
v -107.09445338696241 107.21086891368032 -1523.5773929953575
v -98.81146827712655 111.26757884398103 -1525.1085904240608
v -90.18094314262271 114.94621088728309 -1526.4877906441689
v -81.23745469376445 118.23046743869781 -1527.7048301696777
v -72.0170444343239 121.10565315932035 -1528.7503039836884
v -62.557100150734186 123.55894044041634 -1529.617082476616
v -52.89584394544363 125.57908497750759 -1530.2942436933517
v -43.07263562455773 127.15709891170263 -1530.778146982193
v -33.12770249322057 128.2858052290976 -1531.06408983469
v -23.101689014583826 128.96008426323533 -1531.1470663547516
v -13.035468377638608 129.17711071670055 -1531.028745174408
v -2.9702156776329502 128.93815502524376 -1530.7478082180023
v 7.053432029206306 128.24726551771164 -1530.3581067919731
v 16.99512033490464 127.10724852979183 -1529.8561519384384
v 26.814838512800634 125.52303411066532 -1529.243005514145
v 36.47308928426355 123.50144848227501 -1528.5186675190926
v 45.93101177364588 121.05092961341143 -1527.681014239788
v 55.15066830441356 118.18213399499655 -1526.734748184681
v 64.09505743533373 114.90718765184283 -1525.6786558032036
v 72.7282846160233 111.24000849202275 -1524.5151641964912
v 81.01601015776396 107.19609772786498 -1523.2456386089325
v 88.92495622858405 102.79263468459249 -1521.8715959787369
v 96.42375065013766 98.0482492595911 -1520.3969803452492
v 103.4826329909265 92.9829934798181 -1518.8258874416351
v 110.07369158789515 87.61822773143649 -1517.1624130010605
v 116.1709962785244 81.97632685303688 -1515.4088324308395
v 121.75080697983503 76.08101196587086 -1513.5742473602295
v 126.79114704951644 69.9567863624543 -1511.6588094830513
v 131.27277981489897 63.629248375073075 -1509.6748059988022
v 135.1785733550787 57.1244134940207 -1507.6276978850365
v 138.493671156466 50.46904619783163 -1505.5227944254875
v 141.20586186647415 43.69043715298176 -1503.3713209629059
v 143.3052285015583 36.816073753871024 -1501.1791935563087
v 144.78446131572127 29.87394114024937 -1498.9577892422676
v 145.63872506842017 22.89175187703222 -1496.7159062623978
v 304.8091647028923 15.89744251454249 -1494.2810687422752
v 303.8325219601393 1.9221204047789797 -1489.7555869817734
v 301.59668777137995 -11.933293072506785 -1485.0805351138115
v 298.11535250395536 -25.611925474368036 -1480.2810943126678
v 293.407762311399 -39.05871283262968 -1475.387603342533
v 287.49839678406715 -52.22088702954352 -1470.436923801899
v 280.4160587862134 -65.0479032099247 -1465.4622766375542
v 272.1941399201751 -77.49174079857767 -1460.4974895715714
v 262.8704498708248 -89.50736569240689 -1455.583216547966
v 252.48645793646574 -101.05224199593067 -1450.7535886764526
v 241.08744472265244 -112.0870004221797 -1446.0475912690163
v 228.7219712138176 -122.57513964548707 -1441.5022376179695
v 215.44149953871965 -132.48291727155447 -1437.151507139206
v 201.30048777908087 -141.77962478250265 -1433.0313512682915
v 186.35574527084827 -150.43734103441238 -1429.1739290952682
v 170.66612921655178 -158.43041080981493 -1425.6066972017288
v 154.29284807294607 -165.73623172938824 -1422.359235882759
v 137.29873152449727 -172.33459059149027 -1419.458091557026
v 119.74814515560865 -178.2075496017933 -1416.9252598285675
v 101.70689564198256 -183.3394842967391 -1414.7818261384964
v 83.24181359261274 -187.71666638553143 -1413.042656481266
v 64.421023754403 -191.32813598960638 -1411.7268642783165
v 45.31312965787947 -194.1642415896058 -1410.843854546547
v 25.987692400813103 -196.21730368584394 -1410.401363670826
v 6.514737050747499 -197.48216468840837 -1410.4092517495155
v -13.035484969150275 -197.95493744313717 -1410.869642496109
v -32.591462465934455 -197.61370219290257 -1411.60171687603
v -52.07831379957497 -196.439117975533 -1412.42435246706
v -71.42027620226145 -194.43510986864567 -1413.3393695950508
v -90.5423441901803 -191.6084661707282 -1414.3455547094345
v -109.37033474445343 -187.96950206160545 -1415.4482170939445
v -127.8312262520194 -183.5319647938013 -1416.6550931334496
v -145.85352351889014 -178.31193391233683 -1417.9693683981895
v -163.36760856211185 -172.3290727287531 -1419.4012063741684
v -180.30583541840315 -165.6056233495474 -1420.9597086906433
v -196.60287145525217 -158.16655836999416 -1422.655645608902
v -212.1961998566985 -150.03918267786503 -1424.4987255334854
v -227.02548440545797 -141.25333255156875 -1426.4983534812927
v -241.03404849767685 -131.84111019596457 -1428.6683335900307
v -254.16800290346146 -121.83657087385654 -1431.0182225704193
v -266.3765870779753 -111.27550484612584 -1433.5556051135063
v -277.61266216635704 -100.19569335505366 -1436.289582848549
v -287.83248346298933 -88.63645354285836 -1439.2254650592804
v -296.9958710670471 -76.63848675787449 -1442.3653754591942
v -305.06647534668446 -64.2443857807666 -1445.7128030061722
v -312.0115304365754 -51.49781472980976 -1449.2639553546906
v -317.80232828110456 -38.4437721548602 -1453.0151918530464
v -322.4141048640013 -25.1289726421237 -1456.9602930545807
v -325.82588851451874 -11.600904653314501 -1461.084241271019
v -328.020898103714 2.091334862052463 -1465.3727772831917
v -328.9869602024555 15.897462661378086 -1469.8098215460777
v -328.71834836900234 29.766271710395813 -1474.405840933323
v -327.2136215120554 43.64621840417385 -1479.165082871914
v -324.4735760241747 57.485065553337336 -1484.061000943184
v -320.5034074187279 71.22949752025306 -1489.0631046891212
v -315.3128809854388 84.82514629140496 -1494.1348358988762
v -308.91703337430954 98.21723617613316 -1499.246007502079
v -301.3357364758849 111.350830309093 -1504.3649154901505
v -292.5934698805213 124.1704466752708 -1509.454546570778
v -282.7202310413122 136.62109626457095 -1514.4847136735916
v -271.75039757043123 148.64815033972263 -1519.4190102815628
v -259.72373221069574 160.19741628319025 -1524.223305284977
v -246.68451059609652 171.21630374342203 -1528.865287899971
v -232.68186256289482 181.65323682129383 -1533.309310078621
v -217.76950668543577 191.45859267562628 -1537.5223025679588
v -202.0059209316969 200.58498594909906 -1541.4751401543617
v -185.4530343040824 208.98749630898237 -1545.134146809578
v -168.17770585417747 216.6235926002264 -1548.4676185250282
v -150.25000864639878 223.454346396029 -1551.4465817809105
v -131.7437227629125 229.44424238055944 -1554.0429732203484
v -112.7359371073544 234.56195577979088 -1556.233583688736
v -93.3059211820364 238.77957493066788 -1557.9889845848083
v -73.53587407618761 242.0744026452303 -1559.291124343872
v -53.5102276224643 244.42846320569515 -1560.1231649518013
v -33.31460113171488 245.82800935953856 -1560.465537905693
v -13.035467192530632 246.26524783670902 -1560.3082314133644
v 7.240571837173775 245.7577182352543 -1559.828272163868
v 27.43051395751536 244.32739719748497 -1559.2017766833305
v 47.45244865305722 241.9796508923173 -1558.4188848733902
v 67.22509825602174 238.72454799711704 -1557.4751976132393
v 86.66800815612078 234.57519106566906 -1556.3596412539482
v 105.70188514888287 229.54872149974108 -1555.0600802898407
v 124.24928953871131 223.66707801818848 -1553.5743910074234
v 142.23449766635895 216.95511944592 -1551.8913480639458
v 159.5840423181653 209.44206580519676 -1550.0054904818535
v 176.22766081243753 201.1604554206133 -1547.9113572835922
v 192.09733743220568 192.14688442647457 -1545.6062179803848
v 207.12907634675503 182.4412103742361 -1543.090831041336
v 221.2620672956109 172.08598338067532 -1540.3621625900269
v 234.43955782800913 161.12722355872393 -1537.4226397275925
v 246.60959281027317 149.61343500763178 -1534.2795437574387
v 257.7240853011608 137.595397233963 -1530.9384873509407
v 267.7397646382451 125.1262884028256 -1527.4090272188187
v 276.618593595922 112.26089842617512 -1523.7051191926003
v 284.327237457037 99.05498426407576 -1519.837685227394
v 290.83789832890034 85.56585773825645 -1515.8258387446404
v 296.12768940627575 71.85123834758997 -1511.6865694522858
v 300.1790900528431 57.96905416995287 -1507.4377772212029
v 302.9801354184747 43.97782583720982 -1503.1057050824165
v 304.5240940898657 29.934888873249292 -1498.712652027607
v 463.7241045385599 15.89744251454249 -1492.8712263703346
v 462.0020004361868 -5.116296010091901 -1486.1710619926453
v 458.3682508021593 -25.89916720520705 -1479.099854528904
v 452.85110861063004 -46.36020573787391 -1471.715247631073
v 445.4873975366354 -66.4131238963455 -1464.0808010101318
v 436.3219051808119 -85.97687214612961 -1456.266142129898
v 425.40673837065697 -104.97616294771433 -1448.3439323306084
v 412.8007922321558 -123.34180969744921 -1440.3906252980232
v 398.56842286884785 -141.01062243804336 -1432.4813094735146
v 382.7792577445507 -157.92550740763545 -1424.6904665231705
v 365.50747513771057 -174.0353437885642 -1417.0921230316162
v 346.8310835957527 -189.29492682218552 -1409.7583335638046
v 326.8311255425215 -203.66383958607912 -1402.7538713812828
v 305.59146869927645 -217.1067563816905 -1396.139869093895
v 283.1984268501401 -229.59278855472803 -1389.9738186597824
v 259.7402857989073 -241.09508629888296 -1384.3071442842484
v 235.30726544559002 -251.59057319164276 -1379.1889947652817
v 209.99051481485367 -261.0585430264473 -1374.6559283137321
v 183.8828705251217 -269.4819302484393 -1370.7466268539429
v 157.0781172811985 -276.8453758582473 -1367.489608824253
v 129.67086462303996 -283.1360238045454 -1364.9106621742249
v 101.75666069611907 -288.342307433486 -1363.0275350809097
v 73.43179789371789 -292.45565604418516 -1361.8613129854202
v 44.793165903538465 -295.4674420505762 -1361.419580578804
v 15.93819719273597 -297.37205278128386 -1361.7147767543793
v -13.03548970958218 -298.16429272294044 -1362.750390470028
v -42.02700063586235 -297.77804233133793 -1364.1514346003532
v -70.9244981314987 -296.149286814034 -1365.5367025732994
v -99.61330285295844 -293.2832596078515 -1366.9086214900017
v -127.97989567741752 -289.1896501556039 -1368.2682532072067
v -155.91225545853376 -283.88508789241314 -1369.6292501688004
v -183.30015767365694 -277.3903548717499 -1371.0011690855026
v -210.03640219569206 -269.7323388233781 -1372.4047920107841
v -236.0169081017375 -260.9425351768732 -1373.863024711609
v -261.1413488909602 -251.05714187026024 -1375.4042339324951
v -285.31324729323387 -240.11592164635658 -1377.0566347241402
v -308.4414732456207 -228.1629415601492 -1378.8572403788567
v -330.4385942220688 -215.24498019367456 -1380.8398786187172
v -351.22299894690514 -201.41133803874254 -1383.0418661236763
v -370.71793034672737 -186.7136289179325 -1385.4994577169418
v -388.8517889380455 -171.20523009449244 -1388.2486048340797
v -405.5582845211029 -154.94095044210553 -1391.3234385848045
v -420.77605694532394 -137.97652795910835 -1394.7520223259926
v -434.44886572659016 -120.3685444407165 -1398.5581719875336
v -446.52528665959835 -102.1749658882618 -1402.7597874403
v -456.9588255882263 -83.45459261909127 -1407.369004189968
v -465.7079563289881 -64.26715407520533 -1412.389159500599
v -472.73543804883957 -44.67426165007055 -1417.8157025575638
v -478.00926335155964 -24.738747398369014 -1423.6354359984398
v -481.5024307370186 -4.525737151270732 -1429.8300048708916
v -483.19214820861816 15.897472142241895 -1436.3634577393532
v -483.06582517921925 36.46119080018252 -1443.2356429100037
v -481.1150426417589 57.09409843198955 -1450.4254749417305
v -477.33384661376476 77.72224904038012 -1457.8778889775276
v -471.7231472581625 98.26853713020682 -1465.537516772747
v -464.29128773510456 118.65306746214628 -1473.3495968580246
v -455.05389250814915 138.79378790035844 -1481.2605813145638
v -444.03398111462593 158.6069350130856 -1489.2158603668213
v -431.2626887112856 178.00721894949675 -1497.164313197136
v -416.7789626866579 196.90847761929035 -1505.0543639063835
v -400.6291455030441 215.2243498340249 -1512.833981513977
v -382.86803655326366 232.8678771108389 -1520.449769794941
v -363.55786822736263 249.7537885606289 -1527.8518214821815
v -342.76876099407673 265.79764761030674 -1534.9891674518585
v -320.5784200131893 280.9168190509081 -1541.8085631728172
v -297.07186967134476 295.03101892769337 -1548.257067501545
v -272.34069511294365 308.06295923888683 -1554.278098642826
v -246.48488152772188 319.9396373331547 -1559.821901023388
v -219.60987508296967 330.59165328741074 -1564.830982685089
v -191.82785335928202 339.9552956968546 -1569.2534643411636
v -163.25700480490923 347.97269336879253 -1573.0367082357407
v -134.0203720703721 354.5930667966604 -1576.1336892843246
v -104.2457951232791 359.77159045636654 -1578.4904044866562
v -74.06611982733011 363.4734885394573 -1580.0695371627808
v -43.61679928377271 365.6708114594221 -1580.826641023159
v -13.03546482231468 366.3464178144932 -1580.7312256097794
v 17.540973958093673 365.559733659029 -1580.159794986248
v 47.98697975464165 363.3780352026224 -1579.4935557246208
v 78.17970545962453 359.80613872408867 -1578.7014105916023
v 107.99665238708258 354.8557246476412 -1577.7584818005562
v 137.3157686367631 348.542872518301 -1576.6285145282745
v 166.0166946426034 340.89181542396545 -1575.2879962325096
v 193.98069206625223 331.9320198893547 -1573.7061330676079
v 221.09162032604218 321.7000062018633 -1571.8566820025444
v 247.23623998463154 310.2385709807277 -1569.714158475399
v 272.3063175007701 297.5977163016796 -1567.2629380226135
v 296.1963687837124 283.83286729454994 -1564.4810250401497
v 318.80739465355873 269.006445966661 -1561.3594695925713
v 340.0457052141428 253.18605087697506 -1557.889625132084
v 359.82392482459545 236.44502598792315 -1554.0684577822685
v 378.0619591474533 218.86081099510193 -1549.8968777060509
v 394.68650214374065 200.51522575318813 -1545.3794357180595
v 409.63232547044754 181.4944702759385 -1540.5299359560013
v 422.84243017435074 161.88701998442411 -1535.3655198216438
v 434.26835007965565 141.78328439593315 -1529.909244775772
v 443.87000009417534 121.27535114064813 -1524.1867470741272
v 451.61605544388294 100.45594306662679 -1518.231095969677
v 457.48414129018784 79.41746067255735 -1512.079456448555
v 461.4603018015623 58.252034252509475 -1505.7721790671349
v 463.53907600045204 37.04928167164326 -1499.3514347076416
v 622.2281816601753 15.89744251454249 -1488.055402636528
v 619.5996311306953 -12.192421671934426 -1479.2990285158157
v 614.3765853345394 -39.90514065138996 -1469.8462280631065
v 606.6100892424583 -67.10819446481764 -1459.8066759109497
v 596.3643851876259 -93.6792965605855 -1449.301878809929
v 583.7140686064959 -119.5069519802928 -1438.4544053673744
v 568.7447706609964 -144.492005109787 -1427.401538491249
v 551.5489866584539 -168.54670107364655 -1416.2723696231842
v 532.2265690565109 -191.5955153107643 -1405.2006927132607
v 510.8822624385357 -213.57375040650368 -1394.3136271834373
v 487.62399695813656 -234.42683450877666 -1383.7287357449532
v 462.56315380334854 -254.10992313176394 -1373.5596370697021
v 435.8131241053343 -272.58628740906715 -1363.911151587963
v 407.48801954090595 -289.8256454616785 -1354.8732337355614
v 377.7028998732567 -305.803896933794 -1346.5284049510956
v 346.57365918159485 -320.5017767101526 -1338.9499333500862
v 314.2158691957593 -333.9026363939047 -1332.1957659721375
v 280.7456325739622 -345.993392392993 -1326.3174787163734
v 246.27895716577768 -356.7619092017412 -1321.3529950380325
v 210.9326282516122 -366.198099181056 -1317.3364460468292
v 174.8233363032341 -374.29221600294113 -1314.2910408973694
v 138.06862507015467 -381.0352338850498 -1312.2351345419884
v 100.7863132469356 -386.41831666231155 -1311.1796489357948
v 63.09523872099817 -390.432817786932 -1311.1324721574783
v 25.114737125113606 -393.07141803205013 -1312.1010372042656
v -13.035496820230037 -394.3266085535288 -1314.0879228711128
v -51.22899431735277 -394.05538000166416 -1316.4874157309532
v -89.31523598730564 -392.11688466370106 -1318.6848524212837
v -127.13723650202155 -388.5144977271557 -1320.6740134954453
v -164.539424367249 -383.26008923351765 -1322.454595565796
v -201.36821907013655 -376.3755030930042 -1324.0367621183395
v -237.4730360507965 -367.8917986154556 -1325.4409918189049
v -272.70802170038223 -357.8486816585064 -1326.6970166563988
v -306.9325937703252 -346.2945804744959 -1327.8467041254044
v -340.01240842044353 -333.28471161425114 -1328.9396581053734
v -371.8204789608717 -318.8812316209078 -1330.0385281443596
v -402.2379343211651 -303.15134085714817 -1331.2126383185387
v -431.15305200219154 -286.1656338348985 -1332.535560131073
v -458.4635903686285 -267.9976251721382 -1334.0886014699936
v -484.0748166292906 -248.72156899422407 -1335.95124989748
v -507.9001894593239 -228.41236412525177 -1338.2046616077423
v -529.8606384545565 -207.14352518320084 -1340.9233182668686
v -549.8836160451174 -184.98754285275936 -1344.1757854819298
v -567.9038180410862 -162.01512541621923 -1348.023650944233
v -583.8605289906263 -138.2955495454371 -1352.5142431259155
v -597.6982668787241 -113.89666030183434 -1357.6812380552292
v -609.3667072802782 -88.88568649068475 -1363.546934723854
v -618.818483799696 -63.33043524995446 -1370.1114848256111
v -626.0115014016628 -37.29984431061894 -1377.3654833436012
v -630.9067368507385 -10.865455085877329 -1385.2785915136337
v -633.4696798026562 15.897479252889752 -1393.8031774759293
v -633.6685883253813 42.90863564237952 -1402.8665798902512
v -631.4762333780527 70.0809193123132 -1412.3738384246826
v -626.8745254725218 97.3206782899797 -1422.2365155816078
v -619.8551593720913 124.52786576002836 -1432.3713314533234
v -610.4215102642775 151.59739108756185 -1442.7083551883698
v -598.5858653485775 178.4193331375718 -1453.1734085083008
v -584.3726473301649 204.88101184368134 -1463.7050554156303
v -567.8164803236723 230.86622025817633 -1474.2403429746628
v -548.9632896333933 256.2568837031722 -1484.7199589014053
v -527.8696570545435 280.9342259168625 -1495.0882315635681
v -504.60335180163383 304.777612388134 -1505.2853935956955
v -479.2416997998953 327.66688264906406 -1515.2490988373756
v -451.8737453222275 349.48261573910713 -1524.919428229332
v -422.5985065102577 370.1062250137329 -1534.2288780212402
v -391.5252408385277 389.42045114934444 -1543.1046351790428
v -358.7732934206724 407.31216847896576 -1551.4749485254288
v -324.4730830192566 423.6701475083828 -1559.2592686414719
v -288.76441445201635 438.3894919604063 -1566.3787147402763
v -251.79668717086315 451.3696288317442 -1572.7450010180473
v -213.72919864952564 462.5179111212492 -1578.2725721597672
v -174.72924821078777 471.7500349879265 -1582.872838973999
v -134.97297134250402 478.9919738471508 -1586.460701227188
v -94.6445338241756 484.18100230395794 -1588.9539408683777
v -53.93383735790849 487.2668717801571 -1590.270643234253
v -13.035462452098727 488.2145030796528 -1590.3402706980705
v 27.858288162387908 487.16189965605736 -1589.8026677966118
v 68.58071008697152 484.25775937736034 -1589.2982858419418
v 108.97023281082511 479.5002619177103 -1588.7631100416183
v 148.86430455371737 472.89615765213966 -1588.1372213363647
v 188.0999018624425 464.4595541059971 -1587.355391383171
v 226.5143520757556 454.2140017449856 -1586.3557291030884
v 263.9466416835785 442.19302490353584 -1585.0808942317963
v 300.23800414055586 428.44000801444054 -1583.4762769937515
v 335.23340836167336 413.0096746236086 -1581.496824324131
v 368.7830377370119 395.96558444201946 -1579.0979382395744
v 400.7415506243706 377.3826362937689 -1576.2438189983368
v 430.97204335033894 357.3458545655012 -1572.9109540581703
v 459.3445522338152 335.94868265092373 -1569.0755274891853
v 485.7387840747833 313.2941775396466 -1564.7282859683037
v 510.0439265370369 289.4918432086706 -1559.8625549674034
v 532.1604305505753 264.6590906754136 -1554.4851607084274
v 551.9995931535959 238.9190573990345 -1548.6100590229034
v 569.4845435023308 212.39848356693983 -1542.2559082508087
v 584.5517977327108 185.2275224775076 -1535.4544124007225
v 597.1503487974405 157.53854595124722 -1528.2465288043022
v 607.2415147721767 129.46383100003004 -1520.6764003634453
v 614.8012521862984 101.13499097526073 -1512.8056147694588
v 619.8163636773825 72.68167194910347 -1504.6942427754402
v 622.2876835614443 44.2288317065686 -1496.4169177412987
v 779.7165548801422 15.89744251454249 -1478.1340199708939
v 776.0296365618706 -19.28180513670668 -1467.4585673213005
v 769.024264216423 -53.90149813145399 -1455.6633108854294
v 758.7866757810116 -87.77771482244134 -1442.9345306754112
v 745.4213124513626 -120.74604399502277 -1429.4729176163673
v 729.0485432744026 -152.66361851245165 -1415.4941803216934
v 709.7985973954201 -183.4089031815529 -1401.2103867530823
v 687.8098954260349 -212.88109745830297 -1386.8287506699562
v 663.2272291183472 -241.00014492869377 -1372.555120587349
v 636.1981586366892 -267.70402178168297 -1358.5812374949455
v 606.8702062219381 -292.94574085623026 -1345.0786671042442
v 575.3911595791578 -316.6928396746516 -1332.20729470253
v 541.9077824801207 -338.9240052551031 -1320.111836194992
v 506.56323596835136 -359.62494045495987 -1308.9093992114067
v 469.4995054602623 -378.7893310189247 -1298.7079897522926
v 430.854632332921 -396.4127019792795 -1289.5880055427551
v 390.76548233628273 -412.4939535558224 -1281.6196808218956
v 349.3665699660778 -427.0320997387171 -1274.8545914888382
v 306.7905893921852 -440.024334192276 -1269.326792806387
v 263.17017789930105 -451.4668645709753 -1265.0607833266258
v 218.63727118819952 -461.35369896888733 -1262.068698555231
v 173.32463927567005 -469.67619083821774 -1260.3541791439056
v 127.36549777910113 -476.42368368804455 -1259.915101379156
v 80.89483523741364 -481.58370070159435 -1260.7457767426968
v 34.04872574843466 -485.1421343535185 -1262.83702775836
v -13.035502745769918 -487.08574935793877 -1266.185441315174
v -60.2086522616446 -487.163113206625 -1269.9523022770882
v -107.27886566892266 -485.1222624629736 -1273.2786443829536
v -154.041955973953 -480.957849919796 -1276.1347356438637
v -200.29479566961527 -474.67947021126747 -1278.505103290081
v -245.8360680937767 -466.3119252771139 -1280.3874719142914
v -290.46867556869984 -455.89590698480606 -1281.7989829182625
v -334.00248885154724 -443.4876558184624 -1282.7769529819489
v -376.25585459172726 -429.15820240974426 -1283.3802393078804
v -417.0574725419283 -412.9910921305418 -1283.6887845396996
v -456.2482538074255 -395.0808681547642 -1283.8034650683403
v -493.6827998608351 -375.52935495972633 -1283.8416919112206
v -529.2282269150019 -354.44345876574516 -1283.9333149790764
v -562.7665551006794 -331.9317923486233 -1284.220774769783
v -594.1923951357603 -308.1012808904052 -1284.8463600873947
v -623.412569090724 -283.05587258189917 -1285.9563037753105
v -650.3444796800613 -256.89301174134016 -1287.6857650279999
v -674.914403706789 -229.70371466130018 -1290.160953104496
v -697.0566956698895 -201.571242287755 -1293.4929078817368
v -716.709995418787 -172.57193453609943 -1297.7705219388008
v -733.8169626891613 -142.7756653726101 -1303.0582651495934
v -748.323291093111 -112.24763469770551 -1309.3980050086975
v -760.1757360994816 -81.05153495445848 -1316.804000735283
v -769.3215082585812 -49.25009627826512 -1325.258049070835
v -775.709410905838 -16.909784264862537 -1334.7197994589806
v -779.2893850803375 15.897488733753562 -1345.1206862926483
v -779.9898312985897 49.089476224035025 -1356.2489449977875
v -777.7421081066132 82.56459549069405 -1367.8629273176193
v -772.5120085477829 116.2081897072494 -1379.845070540905
v -764.2803433537483 149.895737208426 -1392.0969253778458
v -753.0420307815075 183.49440161138773 -1404.5302060246468
v -738.8080686330795 216.8659045174718 -1417.0757400989532
v -721.6042448580265 249.86795712262392 -1429.6764907240868
v -701.4696206152439 282.3540421575308 -1442.2766345739365
v -678.4577438235283 314.1753100603819 -1454.8258092999458
v -652.6355873048306 345.18224760890007 -1467.2786584496498
v -624.0837004780769 375.22244043648243 -1479.5828476548195
v -592.8936305642128 404.142829477787 -1491.6784578561783
v -559.1713736206293 431.7904694378376 -1503.5058733820915
v -523.0343027412891 458.0103671550751 -1514.987882077694
v -484.6137089282274 482.6491980999708 -1526.0456031560898
v -444.05218437314034 505.5537135899067 -1536.5837728977203
v -401.5074148029089 526.5717647224665 -1546.4974191784859
v -357.1498282253742 545.555677562952 -1555.6758055090904
v -311.16333443671465 562.3616463690996 -1563.9948463439941
v -263.7462541460991 576.8525778502226 -1571.324843466282
v -215.10929007083178 588.9006699621677 -1577.5301826000214
v -165.4768732190132 598.3893080800772 -1582.4717605113983
v -115.08674573153257 605.2158334106207 -1586.0094121098518
v -64.18723513372242 609.2963971942663 -1588.0120739340782
v -13.035461266990751 610.5651263892651 -1588.347772359848
v 38.11562523711473 609.2809623479843 -1587.9579192399979
v 89.06065583229065 605.7186605036259 -1587.7906009554863
v 139.60295118391514 599.8617620766163 -1587.7390250563622
v 189.5416947454214 591.7012033611536 -1587.6900279521942
v 238.67338925600052 581.2406629323959 -1587.5372722744942
v 286.793020516634 568.4963720291853 -1587.179729938507
v 333.69568809866905 553.4987452626228 -1586.522592306137
v 379.17797058820724 536.2932528555393 -1585.4790905117989
v 423.03997345268726 516.9411032646894 -1583.9742878079414
v 465.087718218565 495.5181434005499 -1581.939466893673
v 505.1328770071268 472.1171719580889 -1579.320624768734
v 542.9975129663944 446.8458157032728 -1576.077562570572
v 578.5124116390944 419.8242161422968 -1572.1729636192322
v 611.521859318018 391.1876841634512 -1567.5918102264404
v 641.8823157250881 361.0805185139179 -1562.320146560669
v 669.4657891988754 329.65888798236847 -1556.3641920685768
v 694.1585852205753 297.086944244802 -1549.737295806408
v 715.8631646633148 263.5344137251377 -1542.4609982967377
v 734.5007984340191 229.17564950883389 -1534.574436545372
v 750.0096713006496 194.1880764812231 -1526.1287313699722
v 762.3455645143986 158.74859808012843 -1517.183498442173
v 771.4824625849724 123.03205091506243 -1507.8132194280624
v 777.4138426780701 87.21037993207574 -1498.1114894151688
v 780.1493373513222 51.44687404856086 -1488.179033100605
v 935.4101626574993 15.89744251454249 -1461.744412779808
v 930.5215258896351 -26.343871862627566 -1449.2993000149727
v 921.5382178127766 -67.80596233904362 -1435.2163490653038
v 908.6022238433361 -108.24214987456799 -1419.8001611232758
v 891.8765389919281 -147.44025984779 -1403.361556828022
v 871.5442577004433 -185.2255504578352 -1386.2298634648323
v 847.7964383363724 -221.45841598510742 -1368.7175703048706
v 820.8317239582539 -256.03410236537457 -1351.1315539479256
v 790.8497436344624 -288.8786967843771 -1333.7579089403152
v 758.0472442507744 -319.94464322924614 -1316.855728328228
v 722.615815103054 -349.20638129115105 -1300.655435025692
v 684.7421154379845 -376.6576535999775 -1285.366214811802
v 644.6037028729916 -402.3035418987274 -1271.159936785698
v 602.3712708801031 -426.15902595221996 -1258.1846541166306
v 558.2076627761126 -448.2440534979105 -1246.5599773824215
v 512.2681751102209 -468.5780792683363 -1236.3732063770294
v 464.70321230590343 -487.1808234602213 -1227.6940444111824
v 415.65809704363346 -504.0675313025713 -1220.5671653151512
v 365.2747009694576 -519.248024970293 -1215.0179778039455
v 313.6930374801159 -532.7237834781408 -1211.0504259169102
v 261.05266489088535 -544.4909765571356 -1208.6590486764908
v 207.4940137565136 -554.5370515435934 -1207.8227606415749
v 153.15905053168535 -562.8434638679028 -1208.513801842928
v 98.19318322464824 -569.3871560692787 -1210.7025161385536
v 42.74459299631417 -574.1405198723078 -1214.3570478260517
v -13.035509856417775 -577.0756815373898 -1219.4534292817116
v -68.97698175162077 -577.8068836778402 -1224.943228662014
v -124.84378710389137 -575.9398740530014 -1229.7357673943043
v -180.379084572196 -571.4482200145721 -1233.757322281599
v -235.32457750290632 -564.3275982886553 -1236.9512356817722
v -289.422765634954 -554.5989805459976 -1239.286182820797
v -342.42092706263065 -542.3102641105652 -1240.7621636986732
v -394.07604828476906 -527.5366891175508 -1241.4158123731613
v -444.1579908132553 -510.3790181875229 -1241.3221414387226
v -492.453473135829 -490.96054047346115 -1240.5944661796093
v -538.7687063962221 -469.4226725399494 -1239.3819016218185
v -582.9324282705784 -445.919004380703 -1237.864811718464
v -624.7945377230644 -420.60991428792477 -1236.2484382092953
v -664.228029102087 -393.6553254723549 -1234.754329919815
v -701.1264891922474 -365.2098139375448 -1233.61268222332
v -735.4012529551983 -335.41695788502693 -1233.051339238882
v -766.9786730408669 -304.4059056416154 -1233.2882849872112
v -795.7964791357517 -272.28855036199093 -1234.5207972824574
v -821.7996822297573 -239.15886636823416 -1236.919683367014
v -844.9368581175804 -205.09486220777035 -1240.6238947808743
v -865.1567342877388 -170.15930119901896 -1245.731880813837
v -882.4057628214359 -134.40356962382793 -1252.3006783425808
v -896.6266793012619 -97.87391513586044 -1260.349931716919
v -907.7557723224163 -60.613594176247716 -1269.8480886220932
v -915.7265241444111 -22.670876192860305 -1280.733788907528
v -920.4663492739201 15.897497029509395 -1292.8990265727043
v -921.8335656821728 55.01476012170315 -1305.9243682026863
v -919.6887667477131 94.56197446212173 -1319.3627721071243
v -913.978328704834 134.39732173457742 -1333.069067299366
v -904.6735055744648 174.36641555279493 -1346.9438943266869
v -891.764664798975 214.30493358522654 -1360.905641913414
v -875.2656105160713 254.04418282210827 -1374.9084985256195
v -855.2075916528702 293.4118580445647 -1388.9163610339165
v -831.6398328542709 332.2335113584995 -1402.9054135084152
v -804.6283967792988 370.3338795155287 -1416.8573009967804
v -774.2533019185066 407.5376234203577 -1430.752303302288
v -740.6085225939751 443.66536512970924 -1444.5575028657913
v -703.8010029494762 478.5381817817688 -1458.234824538231
v -663.9509603381157 511.9728272408247 -1471.7269280552864
v -621.1918094754219 543.7827560305595 -1484.9593317508698
v -575.6724378466606 573.779374808073 -1497.8449633717537
v -527.5539442896843 601.769956573844 -1510.270355939865
v -477.0161997526884 627.5590438395739 -1522.1064180135727
v -424.2544721066952 650.95049649477 -1533.2031244039536
v -369.482990950346 671.7508290708065 -1543.3986178040504
v -312.9345494136214 689.768110960722 -1552.508893609047
v -254.86075066030025 704.8198544979095 -1560.3432726860046
v -195.53337313234806 716.7341147363186 -1566.7000022530556
v -135.24432314559817 725.3528267145157 -1571.3683795928955
v -74.30325045250356 730.5414380133152 -1574.1430112719536
v -13.035458896774799 732.1888329088688 -1574.818503856659
v 48.240256290882826 730.721195191145 -1574.662107527256
v 109.28311079740524 726.5884487330914 -1574.9571520090103
v 169.865185841918 719.7464506328106 -1575.5378359556198
v 229.74982958287 710.1612214744091 -1576.2347173690796
v 288.6940474808216 697.8159232437611 -1576.893675327301
v 346.4498770236969 682.7101008594036 -1577.365443110466
v 402.76673898100853 664.8630194365978 -1577.511979341507
v 457.394907400012 644.317532479763 -1577.2163280844688
v 510.0864387303591 621.1367446184158 -1576.3694214820862
v 560.6011637300253 595.4073488712311 -1574.8829737305641
v 608.7046775221825 567.2389061003923 -1572.6853853464127
v 654.1755071282387 536.7618729919195 -1569.7214397788048
v 696.8035945296288 504.1250232607126 -1565.946842432022
v 736.3949233293533 469.4967370480299 -1561.3370189070702
v 772.7727702260017 433.0601467192173 -1555.8801370859146
v 805.7777808606625 395.01150615513325 -1549.5749834179878
v 835.2710036933422 355.5599632114172 -1542.4382442235947
v 861.1339658498764 314.92154885083437 -1534.4949489831924
v 883.2704934477806 273.3178498223424 -1525.7833245396614
v 901.6073942184448 230.9747951105237 -1516.3594976067543
v 916.0953676700592 188.1184085085988 -1506.2970396876335
v 926.7080949246883 144.97071288526058 -1495.6799891591072
v 933.4456518292427 101.74972070381045 -1484.6256053447723
v 936.3304132223129 58.6607448104769 -1473.2599458098412
v 1088.383672684431 15.89744251454249 -1437.769052684307
v 1082.1528489887714 -33.32374068442732 -1423.6989957094193
v 1070.9956167638302 -81.50795321911573 -1407.4098098278046
v 1055.1320078969002 -128.33309577777982 -1389.350508749485
v 1034.8117862641811 -173.53608150035143 -1369.991343319416
v 1010.2988991141319 -216.91165916621685 -1349.7875466942787
v 981.8662436306477 -258.31163339316845 -1329.1835817694664
v 949.7830763459206 -297.6367584988475 -1308.5818922519684
v 914.31342035532 -334.83301252126694 -1288.3561000227928
v 875.7102251052856 -369.8826662451029 -1268.837352693081
v 834.2100571095943 -402.7953711897135 -1250.3072698414326
v 790.0356787443161 -433.602831363678 -1233.0089408159256
v 743.3936969935894 -462.3499860614538 -1217.1430565416813
v 694.4747151434422 -489.08810779452324 -1202.8654065728188
v 643.457352668047 -513.8726406544447 -1190.3040963411331
v 590.5067282915115 -536.7540607601404 -1179.5476391911507
v 535.7792762666941 -557.777648717165 -1170.6592155992985
v 479.42267052829266 -576.9776873290539 -1163.6709088087082
v 421.57957911491394 -594.376285970211 -1158.5912136733532
v 362.3898258060217 -609.9818636476994 -1155.4075396060944
v 301.99222940951586 -623.7885043025017 -1154.0881825983524
v 240.52742905914783 -635.7755775749683 -1154.5846764743328
v 178.13947699964046 -645.9101659059525 -1156.8395292758942
v 114.97810451313853 -654.1479746997356 -1160.7872092723846
v 51.199096413329244 -660.43841406703 -1166.3644601404667
v -13.035515781957656 -664.7271776199341 -1173.5150034725666
v -77.53593584522605 -666.4766624569893 -1181.0217997431755
v -142.01994571834803 -665.1247671246529 -1187.5911282002926
v -206.17228653281927 -660.6014849245548 -1193.0727361142635
v -269.6708459407091 -652.8705610334873 -1197.342462092638
v -332.19088539481163 -641.9360153377056 -1200.3149025142193
v -393.41227404773235 -627.8474137932062 -1201.9577465951443
v -453.0275285243988 -610.6996029615402 -1202.2961755096912
v -510.74831679463387 -590.6318377703428 -1201.4190059900284
v -566.3122464716434 -567.8214482963085 -1199.4778560101986
v -619.4876431673765 -542.475875839591 -1196.6819113492966
v -670.0784805417061 -514.8223577439785 -1193.290492594242
v -717.9224841296673 -485.09757429361343 -1189.60349842906
v -762.8934825956821 -453.5346030443907 -1185.945629477501
v -804.89590883255 -420.3536655008793 -1182.6543286442757
v -843.8604387640953 -385.75207740068436 -1180.062108784914
v -879.73807528615 -349.89833265542984 -1178.4833553433418
v -912.4924877285957 -312.9277231916785 -1178.2002188265324
v -942.0935648679733 -274.9417132139206 -1179.4516928493977
v -968.5094510018826 -236.0106886550784 -1182.4230714142323
v -991.7012366652489 -196.17784433066845 -1187.240032851696
v -1011.6201522946358 -155.4666074551642 -1193.9697016775608
v -1028.201879709959 -113.88954017311335 -1202.6130639016628
v -1041.368979215622 -71.45615179091692 -1213.1155097484589
v -1051.0285383462906 -28.1830930756405 -1225.3621311485767
v -1057.078087925911 15.897505325265229 -1239.1963800787926
v -1059.2653611302376 60.718414606526494 -1253.9251674711704
v -1057.346358448267 106.13443059846759 -1268.8507775962353
v -1051.2528935074806 151.96609240025282 -1283.8278877735138
v -1040.9480288624763 198.01914185285568 -1298.762447834015
v -1026.4295649528503 244.09280270338058 -1313.616003394127
v -1007.7210901677608 289.9842792749405 -1328.3791494369507
v -984.8718291521072 335.4937908053398 -1343.0743366479874
v -957.9497407376766 380.42311139404774 -1357.7285665273666
v -927.0396217703819 424.57666978240013 -1372.3705092072487
v -892.2399215400219 467.7615114301443 -1387.024284005165
v -853.6619074642658 509.7813445329666 -1401.6942900419235
v -811.4267829060555 550.4380569607019 -1416.36399269104
v -765.6687968969345 589.5279997587204 -1430.9954684972763
v -716.5329687297344 626.8377397209406 -1445.51514595747
v -664.1797904670238 662.1463347971439 -1459.8265478014946
v -608.7834445387125 695.2230207622051 -1473.7992173433304
v -550.5393884330988 725.8274008333683 -1487.2767582535744
v -489.6618517488241 753.7127450108528 -1500.0747108459473
v -426.38827323913574 778.6265589296818 -1511.9807037711143
v -360.9815762192011 800.3150588274002 -1522.7605217695236
v -293.7300168722868 818.5284049808979 -1532.1590158343315
v -224.9501422792673 833.0240389704704 -1539.9019235372543
v -154.98824099078774 843.5757094621658 -1545.7051223516464
v -84.21721434220672 849.9784781038761 -1549.274933040142
v -13.035456526558846 852.057593613863 -1550.3167662024498
v 58.16719000227749 850.4528246819973 -1550.426440834999
v 129.11797856912017 845.8387537300587 -1551.2311765551567
v 199.5618111267686 838.1318733096123 -1552.4993368983269
v 269.22894287854433 827.2629351913929 -1554.0059599280357
v 337.83715695142746 813.1818804144859 -1555.5356404185295
v 405.09523913264275 795.8641345798969 -1556.8948170542717
v 470.7060022652149 775.3115938603878 -1557.9043394327164
v 534.3706853687763 751.5575550496578 -1558.409934937954
v 595.7921960949898 724.6661087870598 -1558.279629945755
v 654.6813301742077 694.7320637106895 -1557.404811680317
v 710.7558612525463 661.881098151207 -1555.6974977254868
v 763.749339133501 626.268015652895 -1553.0959486961365
v 813.4098762273788 588.0722320824862 -1549.5522293448448
v 859.5051534473896 547.4980410933495 -1545.0414618849754
v 901.8229511380196 504.76706735789776 -1539.5469599962234
v 940.1740312576294 460.11985935270786 -1533.071454167366
v 974.3919856846333 413.81080761551857 -1525.6279900670052
v 1004.335663318634 366.1038214713335 -1517.2400802373886
v 1029.891976416111 317.27039493620396 -1507.947923541069
v 1050.975142121315 267.58729338645935 -1497.8076466917992
v 1067.5269858539104 217.33063749969006 -1486.8867534399033
v 1079.522326439619 166.77421566098928 -1475.283844769001
v 1086.965638846159 116.18485730141401 -1463.1190621852875
v 1089.8964393138885 65.81448319368064 -1450.5515325069427
v 1237.5815235078335 15.89744251454249 -1405.309912264347
v 1229.865389764309 -40.15361987054348 -1389.7479465603828
v 1216.333770006895 -94.8701499402523 -1371.3467276096344
v 1197.3221351206303 -147.84490311518312 -1350.7576286792755
v 1173.1902270019054 -198.7613607570529 -1328.618977367878
v 1144.3111366033554 -247.39180199801922 -1305.5487743020058
v 1111.0555277764797 -293.58990866690874 -1282.1236076951027
v 1073.7764678895473 -337.2777859866619 -1258.851727694273
v 1032.8090485930443 -378.43706004321575 -1236.1891259253025
v 988.4602981805801 -417.09236212074757 -1214.5172365009785
v 941.0107743740082 -453.3020943403244 -1194.1584846377373
v 890.7141850888729 -487.1468061208725 -1175.375907421112
v 837.797691822052 -518.717210367322 -1158.3742915093899
v 782.4664604663849 -548.1097085028887 -1143.314053118229
v 724.9057850241661 -575.4184644669294 -1130.316395610571
v 665.2832871675491 -600.7283888757229 -1119.4617925584316
v 603.7538842111826 -624.1120672225952 -1110.8012889325619
v 540.4610405862331 -645.6256641447544 -1104.3555909395218
v 475.54162204265594 -665.3061170876026 -1100.120982080698
v 409.128171056509 -683.1679886579514 -1098.068109601736
v 341.35175108909607 -699.2023289203644 -1098.1436531245708
v 272.34661117196083 -713.3774338662624 -1100.27563393116
v 202.25179765373468 -725.6390729546547 -1104.3740217387676
v 131.2156481295824 -735.9140539169312 -1110.3377126157284
v 59.39663523808122 -744.1157595813274 -1118.0624170601368
v -13.035521707497537 -750.1496088504791 -1127.4490031599998
v -85.8728196658194 -753.3181893825531 -1137.1632479131222
v -158.78639828413725 -752.8716027736664 -1145.7450982928276
v -231.39748994261026 -748.6646021902561 -1152.9322756826878
v -303.3104866370559 -740.6015446782112 -1158.5005766153336
v -374.1208778321743 -728.6511054635048 -1162.287385314703
v -443.42652320861816 -712.8533317148685 -1164.206918925047
v -510.8418360352516 -693.3241933584213 -1164.2663829028606
v -576.0080983489752 -670.2494394779205 -1162.5646816194057
v -638.6057291924953 -643.8782271742821 -1159.2971208691597
v -698.3624002337456 -614.5081797242165 -1154.7460786998272
v -755.0587242841721 -582.4672212451696 -1149.267125427723
v -808.5282173752785 -548.0958285182714 -1143.2745368778706
v -858.6573366820812 -511.7261351644993 -1137.2183886170387
v -905.3782750666142 -473.6657762527466 -1131.5649116039276
v -948.6592526733875 -434.18101236224174 -1126.7700216174126
v -988.4943534433842 -393.48724871873856 -1123.258764743805
v -1024.8908586800098 -351.74315705895424 -1121.4056730270386
v -1057.856959849596 -309.05016366392374 -1121.5170162916183
v -1087.3900781571865 -265.4582516476512 -1123.819956034422
v -1113.4679904580116 -220.97396280616522 -1128.453367948532
v -1136.0436716675758 -175.5733484774828 -1135.4689037799835
v -1155.0395303964615 -129.21757504343987 -1144.8290193080902
v -1170.3492292761803 -81.86623506247997 -1156.4152416586876
v -1181.8422357738018 -33.49413076881319 -1170.0449314713478
v -1189.3653391301632 15.897512435913086 -1185.4696142673492
v -1192.5147303938866 66.24837966635823 -1201.6907654702663
v -1190.9136779606342 117.3723260127008 -1217.7560512721539
v -1184.4806464016438 169.03551544994116 -1233.5259892046452
v -1173.1878757476807 220.99288661032915 -1248.9568156003952
v -1157.0503836870193 272.9987049847841 -1264.0656718611717
v -1136.1186842620373 324.81477335095406 -1278.9158901572227
v -1110.4730993509293 376.2156557291746 -1293.6040994524956
v -1080.212533324957 426.9857193529606 -1308.2301142811775
v -1045.4518942534924 476.91972248256207 -1322.8929907083511
v -1006.3139024376869 525.8174671977758 -1337.668879032135
v -962.9297730326653 573.4763664007187 -1352.6055628061295
v -915.4358787834644 619.6907991170883 -1367.7182114124298
v -863.9762529730797 664.2427434027195 -1382.9805818200111
v -808.7037271261215 706.8995767831802 -1398.3238050341606
v -749.7844059765339 747.4113836884499 -1413.6400267481804
v -687.3989568650723 785.5110312998295 -1428.781042098999
v -621.7512183636427 820.9118941426277 -1443.559964299202
v -553.067252188921 853.3114188909531 -1457.753044962883
v -481.60228319466114 882.394309937954 -1471.1040732264519
v -407.64388494193554 907.8366251289845 -1483.3249825239182
v -331.5126623213291 929.3107058107853 -1494.0975192189217
v -253.5678642243147 946.4937475323677 -1503.0800688266754
v -174.20865397900343 959.0735644102097 -1509.9068975448608
v -93.87273462489247 966.7612555623055 -1514.1978606581688
v -13.03545534145087 969.2997758090496 -1515.5620431900024
v 67.83793181180954 967.5810089707375 -1515.8995619416237
v 148.44586662948132 962.5510694086552 -1517.1681773662567
v 228.51016871631145 954.0768457949162 -1519.0722382068634
v 307.73004818707705 942.042595744133 -1521.327773630619
v 385.785753428936 926.3589715957642 -1523.6693194508553
v 462.3424392938614 906.9676470756531 -1525.8535587787628
v 537.0557797700167 883.8487502932549 -1527.6666033267975
v 609.5768790692091 857.0214705169201 -1528.9214146137238
v 679.5579791069031 826.5476229786873 -1529.4631132483482
v 746.6599683463573 792.5300560891628 -1529.1689789295197
v 810.5524955689907 755.1115137338638 -1527.9429894685745
v 870.9230715036392 714.4706153869629 -1525.7156690955162
v 927.4786995351315 670.8201116323471 -1522.443936765194
v 979.9478477239609 624.3997924774885 -1518.0991223454475
v 1028.085227161646 575.4733017832041 -1512.6719725131989
v 1071.6695165634155 524.3240794539452 -1506.1614254117012
v 1110.5073821544647 471.2527447193861 -1498.57946485281
v 1144.4347670674324 416.57159723341465 -1489.9474796652794
v 1173.3179531991482 360.60112811625004 -1480.2952018380165
v 1197.055912464857 303.66920460015535 -1469.6710216999054
v 1215.5810652673244 246.10494539141655 -1458.136982023716
v 1228.86474147439 188.23508001863956 -1445.7860711216927
v 1236.9177113473415 130.37970140576363 -1432.7454084157944
v 1239.7908681631088 72.8404479753226 -1419.1786715388298
v 1381.8436366319656 15.89744251454249 -1363.7109157443047
v 1372.486251592636 -46.754562268033624 -1346.7659574747086
v 1356.3787949085236 -107.7335773780942 -1326.3770943880081
v 1334.0074452757835 -166.53907127678394 -1303.4226337075233
v 1305.8805286884308 -222.80608285218477 -1278.7476617097855
v 1272.5042474269867 -276.29630111157894 -1253.144020140171
v 1234.360684454441 -326.8809190392494 -1227.31496155262
v 1191.8980191648006 -374.52237345278263 -1201.8743908405304
v 1145.519681274891 -419.2524442076683 -1177.3350331187248
v 1095.58495759964 -461.1536906659603 -1154.1179145872593
v 1042.4083852767944 -500.34181728959084 -1132.5569133460522
v 986.2627856433392 -536.9497457891703 -1112.9058131575584
v 927.387304008007 -571.1190444231033 -1095.3603748977184
v 865.9899125993252 -602.9891198128462 -1080.061067044735
v 802.2549194097519 -632.692059352994 -1067.1093727648258
v 736.345698684454 -660.3463359177113 -1056.5709754824638
v 668.4103035926819 -686.0523708164692 -1048.4838744997978
v 598.5843104869127 -709.8903721570969 -1042.8626324236393
v 526.9942320138216 -731.913129389286 -1039.6957205235958
v 453.76146115362644 -752.1449135243893 -1038.9477941393852
v 379.004812091589 -770.5770780146122 -1040.5568104982376
v 302.8464362770319 -787.1663142740726 -1044.434483796358
v 225.41462875902653 -801.8351067602634 -1050.4678021371365
v 146.8501803651452 -814.4747668504715 -1058.5222889482975
v 67.30892331339419 -824.9511213600636 -1068.4501186013222
v -13.035527633037418 -833.1135383248329 -1080.0999765098095
v -93.95926646888256 -838.108284920454 -1092.0784032344818
v -175.08866775780916 -838.9827997982502 -1102.7976953983307
v -255.97759641706944 -835.4744251072407 -1111.8472936749458
v -336.147136092186 -827.3924058675766 -1118.8707934319973
v -415.09876400232315 -814.6441330015659 -1123.603413105011
v -492.3329144716263 -797.2484165430069 -1125.8930037915707
v -567.3695903271437 -775.3385953605175 -1125.7146118581295
v -639.7670970857143 -749.1585931181908 -1123.1784428656101
v -709.140018671751 -719.0497209131718 -1118.5296340286732
v -775.1715046167374 -685.4256477952003 -1112.1325539052486
v -837.6240023970604 -648.7479022145271 -1104.4576808810234
v -896.3361097872257 -609.4929923862219 -1096.0521745681763
v -951.2237884104252 -568.1214228272438 -1087.512039989233
v -1002.2663320600986 -525.0517167896032 -1079.451182037592
v -1049.4922591745853 -480.6346283107996 -1072.4645438790321
v -1092.960882037878 -435.13873130083084 -1067.0995126664639
v -1132.7421315014362 -388.74226599931717 -1063.825125694275
v -1168.8970643281937 -341.53431460261345 -1063.0120468139648
v -1201.4594323933125 -293.5253060609102 -1064.914894104004
v -1230.423395484686 -244.6622233837843 -1069.6647310256958
v -1255.7343438267708 -194.84982181340456 -1077.2677011787891
v -1277.2857883572578 -143.97689081728458 -1087.6138265430927
v -1294.9218636751175 -91.9373395293951 -1100.4857298731804
v -1308.4455195069313 -38.655432439409196 -1115.583133250475
v -1317.6293668150902 15.897519546560943 -1132.5403028726578
v -1321.8766421079636 71.65764858946204 -1150.0412948429585
v -1320.6574788689613 128.37667930871248 -1166.9041109085083
v -1313.8917827606201 185.7473961636424 -1183.0318945646286
v -1301.5736377239227 243.45877941697836 -1198.4446693956852
v -1283.7547713518143 301.2122577056289 -1213.2447528839111
v -1260.5331778526306 358.7332462519407 -1227.594533264637
v -1232.0362800359726 415.77380150556564 -1241.6815041005611
v -1198.4104624390602 472.1106491237879 -1255.6988474726677
v -1159.8094667494297 527.5383577495813 -1269.8194943368435
v -1116.3875655829906 581.8621145933867 -1284.18209284544
v -1068.2993349432945 634.8858553916216 -1298.882134258747
v -1015.693814009428 686.4043763279915 -1313.9586797356606
v -958.7217864394188 736.1939290165901 -1329.3973183631897
v -897.5382833182812 784.0066078305244 -1345.1270574331284
v -832.3084992170334 829.5658749341965 -1361.0250249505043
v -763.212798088789 872.5675083696842 -1376.9188967347145
v -690.4568767547607 912.6754304766655 -1392.5896269083023
v -614.2736231535673 949.5295959711075 -1407.7775156497955
v -534.9312698841095 982.7470538020134 -1422.1847879886627
v -452.7382104843855 1011.928394138813 -1435.4763522744179
v -368.0451610684395 1036.664650440216 -1447.2834408283234
v -281.25119015574455 1056.5434430539608 -1457.2026997804642
v -192.80787128955126 1071.1603562533855 -1464.8004364967346
v -103.21783246472478 1080.130618661642 -1469.616715312004
v -13.035452971234918 1083.1014662981033 -1471.1702117323875
v 77.19595206901431 1081.2436720728874 -1471.6157364845276
v 167.14870978146791 1075.809089243412 -1473.198661506176
v 256.5252111107111 1066.6103759407997 -1475.5714562535286
v 344.9966502189636 1053.4812757372856 -1478.4019112586975
v 432.2075515985489 1036.287236213684 -1481.3816329836845
v 517.7814491093159 1014.9334487318993 -1484.230139553547
v 601.327314004302 989.3721297383308 -1486.6994115710258
v 682.4470637738705 959.6067681908607 -1488.5787463188171
v 760.7426159083843 925.6944009661674 -1489.695061147213
v 835.8253687620163 887.7430340647697 -1489.9119833111763
v 907.3169979453087 845.912325233221 -1489.128636419773
v 974.8605678975582 800.4051649570465 -1487.2741794586182
v 1038.1209111213684 751.4642633497715 -1484.3029525876045
v 1096.7893306910992 699.3668408691883 -1480.1903814077377
v 1150.5854205787182 644.4156783819199 -1474.9252405762672
v 1199.2577482759953 586.9374864548445 -1468.507530093193
v 1242.5833997130394 527.2769513726234 -1460.941042304039
v 1280.3729093074799 465.79320825636387 -1452.2377610206604
v 1312.47086673975 402.8558211773634 -1442.4169513583183
v 1338.7565237283707 338.84353168308735 -1431.5092554688454
v 1359.1503927111626 274.1399734467268 -1419.5662492513657
v 1373.615763783455 209.12714943289757 -1406.6655999422073
v 1382.1662893891335 144.18220840394497 -1392.9294210672379
v 1384.867804646492 79.66212384402752 -1378.530795276165
v 1519.9478149414062 15.89744251454249 -1312.6154309511185
v 1508.7725311517715 -53.040431858971715 -1294.3783447146416
v 1489.8792174458504 -119.92346528917551 -1272.1423818171024
v 1463.9544400572777 -184.15572978556156 -1247.049189954996
v 1431.692653298378 -245.3349854797125 -1220.1747334003448
v 1393.754938840866 -303.2297286391258 -1192.4787789583206
v 1350.7523193955421 -357.7521285414696 -1164.7961735725403
v 1303.2277071475983 -408.9252805709839 -1137.8223575651646
v 1251.646271198988 -456.847709864378 -1112.1028977632523
v 1196.4072696864605 -501.6711102426052 -1088.0672393739223
v 1137.8413192927837 -543.5707639157772 -1066.0246102511883
v 1076.22723326087 -582.7344678342342 -1046.2000481784344
v 1011.7971789836884 -619.3443304300308 -1028.7409237027168
v 944.7520749270916 -653.5769233107567 -1013.7528157234192
v 875.2656863629818 -685.5939520895481 -1001.3020144402981
v 803.492513448 -715.5412703752518 -991.4333453774452
v 729.5721144974232 -743.5451632738113 -984.1738858819008
v 653.6309263110161 -769.7086308896542 -979.5350888371468
v 575.7858289778233 -794.105623960495 -977.5113415718079
v 496.1467246711254 -816.7760379612446 -978.0757184326649
v 414.81904059648514 -837.7183559536934 -981.1736096441746
v 331.90960712730885 -856.8841876089573 -986.7172603309155
v 247.53151200711727 -874.1761454939842 -994.5841777324677
v 161.81219700723886 -889.4477692246437 -1004.6158418059349
v 74.89888098090887 -902.5086830556393 -1016.6230903565884
v -13.035532373469323 -913.1369589269161 -1030.3989371657372
v -101.75495414063334 -920.3372578322887 -1044.548405855894
v -190.8456737920642 -922.9457847774029 -1057.3971000313759
v -279.7921610623598 -920.5288471281528 -1068.3503799140453
v -368.0229000002146 -912.7593930065632 -1076.8958996236324
v -454.93136182427406 -899.4529627263546 -1082.6451712846756
v -539.9032244831324 -880.5878640711308 -1085.3622351586819
v -622.3477543145418 -856.312605291605 -1084.9834556877613
v -701.726286560297 -826.9396756589413 -1081.628822684288
v -777.5787338614464 -792.9233981668949 -1075.5948975682259
v -849.5427376031876 -754.8257225751877 -1067.3408575356007
v -917.366334348917 -713.2743579149246 -1057.460432201624
v -980.9076903760433 -668.9184778928757 -1046.651716530323
v -1040.131233483553 -622.3803305625916 -1035.67401394248
v -1095.0880844891071 -574.2131812125444 -1025.3026315569878
v -1145.893303155899 -524.8684327304363 -1016.2854199111462
v -1192.696838825941 -474.67112705111504 -1009.2975682020187
v -1235.652053952217 -423.81133653223515 -1004.9039083719254
v -1274.8870539665222 -372.3478804528713 -1003.5307759046555
v -1310.4777616262436 -320.22614903748035 -1005.4440142214298
v -1342.4285760521889 -267.3041947931051 -1010.7417692244053
v -1370.6624367833138 -213.3865412697196 -1019.3531998991966
v -1395.0168797373772 -158.2645146548748 -1031.0520549118519
v -1415.2542006969452 -101.75077307969332 -1045.482688099146
v -1431.0725289583206 -43.71364156715572 -1062.1807646751404
v -1442.1305534243584 15.8975266572088 -1080.6140668690205
v -1447.6086723804474 76.99494353495538 -1099.1823007166386
v -1446.8247187137604 139.24315240234137 -1116.5461614727974
v -1439.7134640812874 202.23979488015175 -1132.6675739884377
v -1426.3078260421753 265.5922731384635 -1147.65006929636
v -1406.7205131053925 328.9417554438114 -1161.706322133541
v -1381.1164164543152 391.9753164052963 -1175.107788592577
v -1349.6901592612267 454.42819342017174 -1188.1504233181477
v -1312.6504722237587 516.0779654234648 -1201.1269953846931
v -1270.2010042965412 576.7311848700047 -1214.2903025448322
v -1222.5337998569012 636.2107871472836 -1227.8424768149853
v -1169.826188981533 694.3352326750755 -1241.9167812168598
v -1112.2388154268265 750.9091398119926 -1256.5747275948524
v -1049.9237522482872 805.7063330709934 -1271.8022084236145
v -983.0315555632114 858.4640787541866 -1287.5167781114578
v -911.7204420268536 908.8772447407246 -1303.5720521211624
v -836.1642527580261 956.5995140373707 -1319.7656708955765
v -756.5670159459114 1001.2433847784996 -1335.847187936306
v -673.1661324203014 1042.3872239887714 -1351.5248960256577
v -586.2408705055714 1079.5786806941032 -1366.4671924710274
v -496.12025409936905 1112.342953234911 -1380.3063714504242
v -403.1846933811903 1140.19082903862 -1392.6398375630379
v -307.87336092442274 1162.6241455972195 -1403.0255550146103
v -210.68929240107536 1179.147698432207 -1410.9841713309288
v -112.19911163672805 1189.2801630496979 -1415.9973487257957
v -13.035451786126941 1192.5700986385345 -1417.5136801600456
v 86.18070123717189 1190.4721730947495 -1417.8645479679108
v 185.09763464331627 1184.5584653317928 -1419.509819149971
v 283.40163968503475 1174.5943050086498 -1422.0752650499344
v 380.74003770947456 1160.3670173883438 -1425.2031916379929
v 476.7261990904808 1141.6989690065384 -1428.5582038760185
v 570.9462272375822 1118.458489626646 -1431.836003959179
v 662.9669225215912 1090.5693531036377 -1434.7673353552818
v 752.344390898943 1058.0154798924923 -1437.122230231762
v 838.6334489285946 1020.8451844751835 -1438.712891638279
v 921.3981285691261 979.1681414842606 -1439.3918731808662
v 1000.2137629687786 933.1540204584599 -1439.0496519207954
v 1074.6791219711304 883.0256596207619 -1437.6093190908432
v 1144.4180807471275 829.0516328811646 -1435.0212708115578
v 1209.0823502838612 771.5398786962032 -1431.2545615434647
v 1268.3560281991959 710.8293569087982 -1426.29265666008
v 1321.9520339369774 647.2839051485062 -1420.1222071051598
v 1369.6163561940193 581.2913286685944 -1412.737145125866
v 1411.1290389299393 513.255170956254 -1404.1309478878975
v 1446.3082012534142 443.594524115324 -1394.3068009614944
v 1475.0094306468964 372.7405399084091 -1383.2727441191673
v 1497.1367049217224 301.13428708165884 -1371.0633635520935
v 1512.645577788353 229.21893913298845 -1357.7454045414925
v 1521.5495499968529 157.4337918870151 -1343.430362045765
v 1523.9322048425674 86.19768146425486 -1328.299813568592
v 1650.6693583726883 15.89744251454249 -1252.0225477218628
v 1637.466079890728 -58.92267263494432 -1232.562202513218
v 1615.566498041153 -131.2597625888884 -1208.640769571066
v 1585.9126314520836 -200.42728126049042 -1181.6914521157742
v 1549.4220760464668 -266.00340131670237 -1153.0232919752598
v 1506.9406765699387 -327.79149912297726 -1123.7745237350464
v 1459.2126429080963 -385.77187344431877 -1094.8892138898373
v 1406.8699315190315 -440.05088061094284 -1067.1141511201859
v 1350.427542924881 -490.81328369677067 -1041.0053691267967
v 1290.2991461753845 -538.2844238728285 -1016.9555273652077
v 1226.8105037510395 -582.7004504948854 -995.220685005188
v 1160.21843329072 -624.2900040745735 -975.9517773985863
v 1090.7325756549835 -663.2647733390331 -959.230188280344
v 1018.530488461256 -699.8197227716446 -945.0984677672386
v 943.7672786414623 -734.1304379701614 -933.5753500461578
v 866.5858417749405 -766.3578660786152 -924.6779006719589
v 787.1180756390095 -796.6472539305687 -918.4232610464096
v 705.4860179126263 -825.1243557035923 -914.8294827342033
v 621.8018461763859 -851.8892893195152 -913.910066485405
v 536.1684088408947 -877.0069797337055 -915.6635712087154
v 448.68017323315144 -900.4951751232147 -920.0613267719746
v 359.4289520382881 -922.3127664625645 -927.0364362001419
v 268.50968662649393 -942.3506858944893 -936.4725503325462
v 176.03165343403816 -960.428948700428 -948.2018199563026
v 82.12770780548453 -976.2977151572704 -962.0030754804611
v -13.035537113901228 -989.6488951146603 -977.6115353405476
v -109.21486753970385 -999.373379200697 -993.6892600357533
v -205.96429534256458 -1004.0944701433182 -1008.5182411968708
v -302.69942600280046 -1003.149948567152 -1021.2965494394302
v -398.74852135777473 -996.027241051197 -1031.3339778780937
v -493.38248401880264 -982.4100659787655 -1038.0975502729416
v -585.8560232818127 -962.2190116345882 -1041.2609732151031
v -675.451248139143 -935.612825602293 -1040.7161648571491
v -761.5176954865456 -902.9783271253109 -1036.583494246006
v -843.5124531388283 -864.9067428708076 -1029.215421974659
v -921.0253410041332 -822.1379594504833 -1019.1663131117821
v -993.7978728115559 -775.5043967068195 -1007.1633119881153
v -1061.7224217951298 -725.8654001355171 -994.0634128451347
v -1124.8350152373314 -674.0390545129776 -980.8000636100769
v -1183.285754173994 -620.7400652766228 -968.3197578787804
v -1237.306502610445 -566.534933000803 -957.530534863472
v -1287.1659103035927 -511.80770851671696 -949.2388747632504
v -1333.1248906254768 -456.74926057457924 -944.1040389239788
v -1375.3930085897446 -401.36523976922035 -942.5990845263004
v -1414.0914675593376 -345.5045211315155 -944.984924942255
v -1449.2255768179893 -288.90061654150486 -951.3003937900066
v -1480.6729194521904 -231.2235540151596 -961.3664165139198
v -1508.1807735562325 -172.13953129947186 -974.8060339689255
v -1531.3841637969017 -111.36225474998355 -991.0754996538162
v -1549.8272502422333 -48.702590614557266 -1009.5055404305458
v -1563.0024653673172 15.897533767856658 -1029.3507328629494
v -1569.85113799572 82.29736786335707 -1048.7849867343903
v -1569.5604926347733 150.04678633064032 -1066.4099884033203
v -1562.0938193798065 218.62634923309088 -1082.2576694190502
v -1547.5450167059898 287.5472801178694 -1096.5328922867775
v -1526.106432378292 356.3815748691559 -1109.5605093240738
v -1498.0321535468102 424.77747447788715 -1121.7328007519245
v -1463.6043307185173 492.4588582664728 -1133.4602500498295
v -1423.1064796447754 559.212368875742 -1145.1323311030865
v -1376.803154349327 624.8676920682192 -1157.082770317793
v -1324.9273565411568 689.2739683389664 -1169.567626863718
v -1267.679170370102 752.2728672623634 -1182.7514885365963
v -1205.226065814495 813.6804980039597 -1196.7036794126034
v -1137.7152617275715 873.2668168842793 -1211.399018317461
v -1065.2858613431454 930.7491424679756 -1226.7304094135761
v -988.0835665762424 985.7859361171722 -1242.5187022984028
v -906.273268610239 1037.9819595813751 -1258.528088927269
v -820.0558859109879 1086.8900953233242 -1274.474446773529
v -729.6742044389248 1132.023709565401 -1290.0400531291962
v -635.4234962165356 1172.8638577461243 -1304.8741918802261
v -537.6569044589996 1208.866414129734 -1318.5967183113098
v -436.7885532975197 1239.4729179143906 -1330.795328617096
v -333.30033607780933 1264.115351587534 -1341.0222226381302
v -227.7468454092741 1282.2229671478271 -1348.785002231598
v -120.75649190694094 1293.2356351613998 -1353.5453060269356
v -13.035449415910989 1296.6158285737038 -1354.7162306308746
v 94.72259925678372 1294.0760189294815 -1354.6992409229279
v 202.14303318411112 1287.4958443641663 -1356.068429350853
v 308.89932312071323 1276.614846587181 -1358.4610959887505
v 414.6211939305067 1261.1922116577625 -1361.5254628658295
v 518.8992050290108 1241.020194888115 -1364.9290171265602
v 621.2910551577806 1215.937090665102 -1368.361999988556
v 721.3305892050266 1185.8389887213707 -1371.5480253100395
v 818.5369756817818 1150.6878897547722 -1374.2469617724419
v 912.4243013560772 1110.5156494677067 -1376.2576633691788
v 1002.514123916626 1065.4222340881824 -1377.4187278747559
v 1088.3383920788765 1015.5762512981892 -1377.6044011116028
v 1169.4513535499573 961.2057727575302 -1376.7215430736542
v 1245.432740598917 902.5918871164322 -1374.7012847661972
v 1315.8909556269646 840.0615704059601 -1371.4934155344963
v 1380.466105043888 773.9777500927448 -1367.0566746592522
v 1438.829695880413 704.7361953556538 -1361.3557174801826
v 1490.6857734918594 632.7610800415277 -1354.3562611937523
v 1535.7764583826065 558.5012282431126 -1346.0275119543076
v 1573.88467669487 482.4265494942665 -1336.3455021381378
v 1604.8390144109726 405.0279249995947 -1325.2996131777763
v 1628.523122370243 326.81201212108135 -1312.9069864749908
v 1644.8837560415268 248.29185832291842 -1299.223900437355
v 1653.9436694979668 169.9804162606597 -1284.3709516525269
v 1655.8063179254532 92.36577028408647 -1268.5392743349075
v 1772.8540286421776 15.89744251454249 -1182.3217399418354
v 1757.3720055818558 -64.31721303611994 -1161.7019230127335
v 1732.2296649217606 -141.57050536945462 -1136.2805415689945
v 1698.6836382746696 -215.09681325405836 -1107.7965377271175
v 1657.9206264019012 -284.48251504451036 -1077.7996155619621
v 1610.9883785247803 -349.59873735904694 -1047.5874398648739
v 1558.7724831700325 -410.5286084115505 -1018.1980514526367
v 1501.9828674197197 -467.49153435230255 -990.4056955873966
v 1441.1569824814796 -520.7732304930687 -964.7337917983532
v 1376.692872941494 -570.6781084090471 -941.5040068328381
v 1308.8748130202293 -617.4919213354588 -920.8744814991951
v 1237.9118368029594 -661.469628661871 -902.8967916965485
v 1163.9630711078644 -702.8256116807461 -887.5513689219952
v 1087.1668606996536 -741.7477431893349 -874.7980143129826
v 1007.6525245606899 -778.4022796154022 -864.5973633229733
v 925.5494575202465 -812.9472100734711 -856.9324262440205
v 840.987433642149 -845.5354419350624 -851.8130631744862
v 754.0921312570572 -876.3136631250381 -849.2719641327858
v 664.9807338416576 -905.4136955738068 -849.354409724474
v 573.7582893669605 -932.9370982944965 -852.1007505059242
v 480.51448680460453 -958.9367365837097 -857.5262317061424
v 385.32953426241875 -983.3948622643948 -865.6024107336998
v 288.2799043878913 -1006.2053655087948 -876.2376645207405
v 189.45338997989893 -1027.1623219549656 -889.268012046814
v 88.96314514800906 -1045.9562003612518 -904.4507431983948
v -13.035541854333133 -1062.1822057664394 -921.4688178896904
v -116.29821050912142 -1074.660918712616 -939.0991288423538
v -220.35780146718025 -1081.8166196346283 -955.632314234972
v -324.5643647760153 -1082.691362053156 -970.040345042944
v -428.1399576365948 -1076.5322136878967 -981.4423352479935
v -530.2216697484255 -1062.8564848005772 -989.1589240729809
v -629.9168588221073 -1041.4974638819695 -992.7586942911148
v -726.363562643528 -1012.6143535971642 -992.0807746052742
v -818.786663711071 -976.6785424947739 -987.2461408376694
v -906.5496547520161 -934.4324201345444 -978.6504104733467
v -989.1939653456211 -886.8266516923904 -966.9438190758228
v -1066.4608058333397 -834.9340917170048 -952.9837401211262
v -1138.2930634915829 -779.8636220395565 -937.7876599133015
v -1204.8224844038486 -722.6645846664906 -922.4644602835178
v -1266.328943669796 -664.2422124743462 -908.1371305882931
v -1323.1934961676598 -605.2939178049564 -895.8746571838856
v -1375.8345893025398 -546.2637843191624 -886.6146595776081
v -1424.646475315094 -487.33130373060703 -881.1083255708218
v -1469.9363341927528 -428.42282868921757 -879.8670150339603
v -1511.8737596273422 -369.25575360655785 -883.1342723965645
v -1550.4531389474869 -309.39873710274696 -890.8708089590073
v -1585.4803040623665 -248.34878142923117 -902.7654248476028
v -1616.5696492791176 -185.61479680240154 -918.256094455719
v -1643.1759870052338 -120.79386547207832 -936.5797978639603
v -1664.6276170015335 -53.63824772648513 -956.819773465395
v -1680.1870039105415 15.897540878504515 -977.9773449897766
v -1688.5570138692856 87.58405869826674 -998.0830715596676
v -1688.8399228453636 160.8296761289239 -1015.7907463610172
v -1681.0386130213737 234.97831739485264 -1031.2055690586567
v -1665.3231331706047 309.43015668541193 -1044.629865437746
v -1641.9865557551384 383.681001663208 -1056.5037751197815
v -1611.389760375023 457.33836352825165 -1067.3338037729263
v -1573.9178976416588 530.1177974045277 -1077.6385925710201
v -1529.9441343545914 601.8231252580881 -1087.9014380276203
v -1479.8011350631714 672.3145991563797 -1098.526831716299
v -1423.7654376029968 741.4752252399921 -1109.8158858716488
v -1362.057301402092 809.1708682477474 -1121.9501779973507
v -1294.845106601715 875.2270044386387 -1134.9931161105633
v -1222.264239937067 939.4022889435291 -1148.89433786273
v -1144.4360564649105 1001.3813503086567 -1163.509203195572
v -1061.4892683923244 1060.7718324661255 -1178.6151772737503
v -973.5787551105022 1117.1158476173878 -1193.936329036951
v -880.9065727889538 1169.8978643119335 -1209.159486591816
v -783.728249669075 1218.5632899403572 -1223.947662115097
v -682.3633287847042 1262.5303786993027 -1237.9474848508835
v -577.1999567002058 1301.2010776996613 -1250.7898837327957
v -468.6947697401047 1333.969976902008 -1262.0865984261036
v -357.3780895024538 1360.228935778141 -1271.4193332195282
v -243.8579048216343 1379.3686002492905 -1278.3286833763123
v -128.820288926363 1390.7858356833458 -1282.3026064038277
v -13.035448230803013 1393.8900980353355 -1282.7676996588707
v 102.74081228300929 1390.5910608172417 -1282.0677843689919
v 218.11091259121895 1383.0218425393105 -1282.7648174762726
v 332.7387276291847 1370.9426152706146 -1284.55920368433
v 446.24556325376034 1354.1212874650955 -1287.1496790647507
v 558.212668672204 1332.3451843857765 -1290.2396821975708
v 668.1852658092976 1305.4387962818146 -1293.5426634550095
v 775.6803615391254 1273.2765206694603 -1296.7924001812935
v 880.1948253810406 1235.7931292057037 -1299.747699201107
v 981.214566975832 1192.9919591546059 -1302.1958857774734
v 1078.2270129024982 1144.9445341527462 -1303.953865468502
v 1170.7232303917408 1091.7942807078362 -1304.867972433567
v 1258.212262392044 1033.7483367323875 -1304.8095703125
v 1340.2229478955269 971.0751244425774 -1303.6692878603935
v 1416.3083210587502 904.0966139733791 -1301.3521647453308
v 1486.051678955555 833.1819522380829 -1297.7715837955475
v 1549.0651404857635 758.7445048987865 -1292.844720184803
v 1604.9958658218384 681.2401877343655 -1286.4943617582321
v 1653.5313656926155 601.1626124382019 -1278.6492124199867
v 1694.4086030125618 519.0408112108707 -1269.253600537777
v 1727.420515716076 435.4379094392061 -1258.2753670215607
v 1752.4310344457626 350.94319969415665 -1245.7247512042522
v 1769.3860045075417 266.1582427844405 -1231.6665263473988
v 1778.3257764577866 181.68422028422356 -1216.2409333884716
v 1779.3950662016869 98.09130186215043 -1199.6776367723942
v 1885.490179657936 15.89744251454249 -1104.291196912527
v 1867.4337607622147 -69.15122580714524 -1082.588286101818
v 1838.7888097763062 -150.7050047814846 -1055.880768597126
v 1801.1948335170746 -227.93796066194773 -1026.2173452973366
v 1756.148139834404 -300.4784767702222 -995.3755643963814
v 1704.9296313524246 -368.31039771437645 -964.8102454841137
v 1648.562027812004 -431.6600127518177 -935.6249611079693
v 1587.8101694583893 -490.8886755257845 -908.5836413502693
v 1523.2025575637817 -546.4009155333042 -884.1456151008606
v 1455.0829303264618 -598.5823763906956 -862.5284871459007
v 1383.6524337530136 -647.7555970847607 -843.7597899138927
v 1309.031816124916 -694.1723135113716 -827.7541197836399
v 1231.3041298091412 -738.0206260085106 -814.3730561435223
v 1150.5485589802265 -779.4461606442928 -803.4753720462322
v 1066.8602915108204 -818.5756576061249 -794.9526822566986
v 980.3559041023254 -855.5401045084 -788.7506803870201
v 891.170859336853 -890.4864168167114 -784.8743723332882
v 799.4465358555317 -923.5784238576889 -783.3785954117775
v 705.3183203935623 -954.9842023849487 -784.349739253521
v 608.9052926003933 -984.8544602096081 -787.8818540275097
v 510.3024886548519 -1013.2922732830048 -794.0463875234127
v 409.584503993392 -1040.3224435448647 -802.8673073649406
v 306.8114662542939 -1065.856685191393 -814.2903830111027
v 202.0487554743886 -1089.6741320192814 -828.1683956086636
v 95.38628816604614 -1111.4063955843449 -844.2458927631378
v -13.035546594765037 -1130.542495250702 -862.1595677733421
v -122.97628447413445 -1145.899977684021 -880.8653120696545
v -233.96177917718887 -1155.7339088618755 -898.7173235416412
v -345.2835411578417 -1158.7252351641655 -914.4621561467648
v -456.05522342026234 -1153.8256005942822 -927.0287756621838
v -565.2700719982386 -1140.340247452259 -935.5858999490738
v -671.8746112287045 -1117.988921403885 -939.5966087281704
v -774.8461972177029 -1086.9125460088253 -938.8356366753578
v -873.270912617445 -1047.6677617430687 -933.4142512083054
v -966.4085674285889 -1001.1632145941257 -923.7613666057587
v -1053.7473466992378 -948.584543466568 -910.6070852279663
v -1135.0358937680721 -891.28334030509 -894.9335487186909
v -1210.281717479229 -830.6556433439255 -877.9069791734219
v -1279.7354918718338 -768.0176240205765 -860.8020597696304
v -1343.8373565673828 -704.4949263334274 -844.9125871062279
v -1403.1517642736435 -640.934456884861 -831.4642472565174
v -1458.2815462350845 -577.8461344540119 -821.5251922607422
v -1509.7812950611115 -515.3851418197155 -815.9315584599972
v -1558.0754500627518 -453.37395928800106 -815.2299745380878
v -1603.3859393000603 -391.36163905262947 -819.6386520564556
v -1645.6872782111168 -328.7106119841337 -829.0332779288292
v -1684.684422314167 -264.70296811312437 -842.9560402035713
v -1719.8168629407883 -198.65655928850174 -860.6475596129894
v -1750.2968540787697 -130.029753241688 -881.0976311564445
v -1775.1699382066727 -58.51544109173119 -903.1198574602604
v -1793.3953440189362 15.897547989152372 -925.4328049719334
v -1803.4532511234283 92.85260315984488 -946.0148501396179
v -1804.4259119033813 171.59324392676353 -963.6798989772797
v -1796.3598963618279 251.3104136660695 -978.5937528312206
v -1779.5126289129257 331.2809120863676 -991.1463406682014
v -1754.287160038948 410.9147071093321 -1001.8719281256199
v -1721.16799980402 489.77562211453915 -1011.3813103735447
v -1680.6584683060646 567.5736564397812 -1020.2908952534199
v -1633.2318502664566 644.1336795687675 -1029.1647562384605
v -1579.294836819172 719.3515157699585 -1038.4651044011116
v -1519.1685637831688 793.1463122367859 -1048.525741994381
v -1453.0902802944183 865.4071049392223 -1059.5329490303993
v -1381.2219953536987 935.9592942893505 -1071.528441309929
v -1303.6802098155022 1004.5355957746506 -1084.4235537946224
v -1220.561097562313 1070.7686069607735 -1098.022753149271
v -1131.9753950834274 1134.1949790716171 -1112.0532938838005
v -1038.0701695382595 1194.27506133914 -1126.1955571174622
v -939.0564270317554 1250.4123178124428 -1140.1078525185585
v -835.2147252857685 1301.9807839393616 -1153.4450766444206
v -726.9048061966896 1348.3444833755493 -1165.8684971928596
v -614.5658992230892 1388.8740384578705 -1177.0465114712715
v -498.710767403245 1422.951600253582 -1186.6459240019321
v -379.9283619970083 1449.9753993749619 -1194.3213279545307
v -258.88243827968836 1469.3512511253357 -1199.69128921628
v -136.31168827414513 1480.4925554990768 -1202.32461810112
v -13.035447045695037 1482.8172633051872 -1201.719511449337
v 110.14516782015562 1478.3209067583084 -1200.0192512571812
v 232.80780635774136 1469.298006594181 -1199.6348591148853
v 354.6094876527786 1455.6006613373756 -1200.3890807926655
v 475.1757365465164 1437.0610976219177 -1202.0804668962955
v 594.0980415791273 1413.5089632868767 -1204.4913367927074
v 710.9328120946884 1384.779822230339 -1207.3888404667377
v 825.2055118978024 1350.7388186454773 -1210.5403554439545
v 936.4130863547325 1311.2878066301346 -1213.7125766277313
v 1044.0321917831898 1266.3834017515182 -1216.6831967234612
v 1147.528335005045 1216.0378912091255 -1219.2396168410778
v 1246.356404274702 1160.3315210342407 -1221.1816769838333
v 1339.9758386611938 1099.4105999171734 -1222.3224903643131
v 1427.8531309962273 1033.488561064005 -1222.4843476712704
v 1509.4677439332008 962.8459621965885 -1221.4975035190582
v 1584.3209081888199 887.8280584514141 -1219.1987353563309
v 1651.9394907355309 808.8463951647282 -1215.4317227005959
v 1711.8852481245995 726.3792629539967 -1210.0514462590218
v 1763.7677204608917 640.9683604538441 -1202.9309383034706
v 1807.260159254074 553.2164051383734 -1193.9763762056828
v 1842.1113595366478 463.78102764487267 -1183.137625157833
v 1868.1658351421356 373.3607780188322 -1170.4275791347027
v 1885.380201637745 282.6737179234624 -1155.9396815299988
v 1893.8371321558952 192.4343442171812 -1139.8655216395855
v 1893.7544590234756 103.31156028434634 -1122.5067426264286
v 1987.777171432972 15.89744251454249 -1019.0507224202156
v 1966.8071693181992 -73.36957972496748 -996.3817495107651
v 1934.3736651539803 -158.54762272909284 -968.643169105053
v 1892.5707921385765 -238.7742466852069 -938.1817604601383
v 1843.2569512724876 -313.762589097023 -906.9929040968418
v 1787.9639467597008 -383.65741327404976 -876.662103831768
v 1727.849657535553 -448.87415170669556 -848.3340412378311
v 1663.7113863229752 -509.95268270373344 -822.7400322258472
v 1596.0275754332542 -567.4340602010489 -800.2434593439102
v 1525.0374460220337 -621.7835291475058 -780.9263889491558
v 1450.8119907975197 -673.3418697118759 -764.6599571406841
v 1373.3413496613503 -722.3288862407207 -751.2027432024479
v 1292.5986728072166 -768.8657441735268 -740.2778300642967
v 1208.5840360820293 -813.0166099965572 -731.6324199736118
v 1121.349242925644 -854.8343490064144 -725.0843286514282
v 1031.001465022564 -894.3967801332474 -720.5423122644424
v 937.690044939518 -931.8280647695065 -718.0079635977745
v 841.5855623781681 -967.3030300438404 -717.5619079172611
v 742.8570801019669 -1001.0297240316868 -719.3380908668041
v 641.6511343419552 -1033.2168774306774 -723.4875236451626
v 538.0797509849072 -1064.0333254635334 -730.1446828246117
v 432.2194216400385 -1093.5586315393448 -739.3889801204205
v 324.1189158707857 -1121.7375791072845 -751.2111622095108
v 213.82199734449387 -1148.3405795693398 -765.4854749143124
v 101.39548718929291 -1172.9416766762733 -781.9516874849796
v -13.035551335196942 -1194.9104309082031 -800.2041706442833
v -129.23755122348666 -1213.1588941812515 -819.4431187212467
v -246.74566216766834 -1225.8287413418293 -838.152351975441
v -364.80384334921837 -1231.1776930093765 -854.8689351975918
v -482.4182063341141 -1227.804098278284 -868.3402566611767
v -598.4326925128698 -1214.7588089108467 -877.594338208437
v -711.6202884912491 -1191.6081322729588 -881.982537060976
v -820.784167945385 -1158.4568129479885 -881.2121599912643
v -924.8553065955639 -1115.9364281594753 -875.3680038452148
v -1022.9787580668926 -1065.1305268704891 -864.8972620069981
v -1114.5836985111237 -1007.4787592887878 -850.588969886303
v -1199.4254457950592 -944.6387596428394 -833.5221256315708
v -1277.587659060955 -878.3290672302246 -814.9909809231758
v -1349.461404979229 -810.1734127104282 -796.420244127512
v -1415.6766679883003 -741.5500102937222 -779.2582878470421
v -1477.0133060216904 -673.4770289063454 -764.8739212751389
v -1534.2936512827873 -606.5390586107969 -754.4568790495396
v -1588.2640373706818 -540.861663967371 -748.9254397153854
v -1639.4872483611107 -476.142443343997 -748.8603630661964
v -1688.2493788003922 -411.7296063154936 -754.4566515088081
v -1734.4982460141182 -346.7388916760683 -765.5080772936344
v -1777.813809812069 -280.19536323845387 -781.4138570427895
v -1817.4187910556793 -211.18944589048624 -801.2178646028042
v -1852.2264552116394 -139.01740355417132 -823.6648336052895
v -1880.926622748375 -63.3075294829905 -847.2905394434929
v -1902.097619175911 15.897555099800229 -870.5207036435604
v -1914.0256077051163 98.07750720530748 -891.3700333237648
v -1915.8468437194824 182.29378294199705 -908.8962064683437
v -1907.6464274525642 267.5725790858269 -923.3037063479424
v -1889.7668835520744 353.05470183491707 -935.0401055812836
v -1862.7292802929878 438.05531047284603 -944.7140756249428
v -1827.1510115265846 522.0890606194735 -953.0175678431988
v -1783.6643370985985 604.8584048449993 -960.6456433236599
v -1732.8520646691322 686.2107391655445 -968.226769566536
v -1675.2012830972672 766.0805697739124 -976.2705619633198
v -1611.0789397358894 844.4221609830856 -985.1294052600861
v -1540.7350260019302 921.141614317894 -994.9823740124702
v -1464.3183535337448 996.0513603687286 -1005.8381906151772
v -1381.9169047474861 1068.8382272422314 -1017.5583586096764
v -1293.5981833934784 1139.0570694208145 -1029.8877289891243
v -1199.4527506828308 1206.147150695324 -1042.4970503151417
v -1099.6253983676434 1269.4642274081707 -1055.0215747952461
v -994.3479146063328 1328.3145278692245 -1067.0951135456562
v -883.9433313906193 1381.9974541664124 -1078.3737766742706
v -768.8325990736485 1429.8368310928345 -1088.5514460504055
v -649.5265465974808 1471.197971701622 -1097.3561346530914
v -526.6135942935944 1505.4977649450302 -1104.541643410921
v -400.7531552016735 1532.1978494524956 -1109.8685236275196
v -272.66977589577436 1550.793994963169 -1113.081550449133
v -143.1474764086306 1560.7963821291924 -1113.8794599473476
v -13.03544586058706 1561.7162534594536 -1111.893636137247
v 116.84242157265544 1555.4792103171349 -1108.9228643476963
v 246.03478699922562 1544.4037410616875 -1107.0891135931015
v 374.1935012489557 1528.530499637127 -1106.3951902091503
v 500.96406534314156 1507.8423446416855 -1106.7938415706158
v 625.9735779464245 1482.268586754799 -1108.1861633062363
v 748.8222120702267 1451.7009165883064 -1110.4301699995995
v 869.0771852433681 1416.0103943943977 -1113.3478489518166
v 986.2679432332516 1375.062771141529 -1116.7285732924938
v 1099.8875252902508 1328.7413942813873 -1120.340782403946
v 1209.396735727787 1276.9616186618805 -1123.935015797615
v 1314.220806658268 1219.6876445412636 -1127.248691469431
v 1413.764567375183 1156.9463217258453 -1130.011718571186
v 1507.4138095974922 1088.8381473720074 -1131.9478626549244
v 1594.547953903675 1015.5497807264328 -1132.7808892726898
v 1674.551426768303 937.3600350320339 -1132.2382804751396
v 1746.8259477615356 854.6505719423294 -1130.0601847469807
v 1810.809794664383 767.910148948431 -1126.0099597275257
v 1866.0008609294891 677.7335575222969 -1119.8879005014896
v 1911.9824436306953 584.8166930675507 -1111.5533110499382
v 1948.4464526176453 489.9435092508793 -1100.9398253262043
v 1975.2211704850197 393.9611402153969 -1088.0786164104939
v 1992.2935515642166 297.7441008388996 -1073.1150828301907
v 1999.823481142521 202.15410683304071 -1056.3255348801613
v 1998.1483262777328 107.9811511747539 -1038.1206077337265
v 2079.1736087203026 15.89744251454249 -927.979364991188
v 2054.9191319942474 -76.94022472947836 -904.534629881382
v 2018.3876192569733 -165.0293954089284 -876.0805855691433
v 1972.2056490182877 -247.4983100220561 -845.2375911176205
v 1918.648931980133 -324.19233568012714 -814.1974705457687
v 1859.5171636343002 -395.4686354845762 -784.6420532464981
v 1796.1047473549843 -461.98466941714287 -757.7411261200905
v 1729.2106544971466 -524.4951900839806 -734.166161864996
v 1659.2207941412926 -583.69882337749 -714.1680620610714
v 1586.2143504619598 -640.1365473866463 -697.6702971756458
v 1510.0808903574944 -694.1496352851391 -684.3763816356659
v 1430.6333753466606 -745.8911840617657 -673.8786382973194
v 1347.6990261673927 -795.3739359974861 -665.753765553236
v 1261.1786350607872 -842.5411576032639 -659.6387600898743
v 1171.072353720665 -887.3348259925842 -655.2769559621811
v 1077.4781005084515 -929.7515280544758 -652.5415371358395
v 980.5694131553173 -969.8765915632248 -651.4337930083275
v 880.5594973266125 -1007.8884084522724 -652.0613503456116
v 777.6645167171955 -1044.0343154966831 -654.6029044687748
v 672.0726475119591 -1078.5884992778301 -659.2662000656128
v 563.9233721792698 -1111.791773736477 -666.2432815134525
v 453.3036871254444 -1143.7880963087082 -675.665894895792
v 340.25614246726036 -1174.5560781657696 -687.5630137324333
v 224.80777762830257 -1203.8602904975414 -701.8311069905758
v 107.00566509738564 -1231.208335161209 -718.2044829428196
v -13.03555489052087 -1255.839543491602 -736.243077814579
v -135.08800266310573 -1276.8812209367752 -755.4474397003651
v -258.7142477557063 -1292.4621483683586 -774.5098920166492
v -383.1250438094139 -1300.3518956899643 -791.7837224900723
v -507.22522780299187 -1298.7466716766357 -805.8641704916954
v -629.7057389467955 -1286.3889345526695 -815.6455397605896
v -749.1590481996536 -1262.6596976816654 -820.3805106878281
v -864.2006081342697 -1227.5974912941456 -819.702515155077
v -973.5901321470737 -1181.8859994411469 -813.6511452496052
v -1076.3429756462574 -1126.7809435725212 -802.6681333780289
v -1171.8188390135765 -1063.987438082695 -787.5739155709743
v -1259.7760739922523 -995.4910792410374 -769.5118840038776
v -1340.3796476125717 -923.3665834367275 -749.871781617403
v -1414.174444079399 -849.5772479474545 -730.1929973065853
v -1482.0037293434143 -775.7901878654957 -712.0518574118614
v -1544.8953807353973 -703.2245664298534 -696.9412566721439
v -1603.9221769571304 -632.5542834401131 -686.1544607579708
v -1660.0561720132828 -563.8797981292009 -680.6880222260952
v -1714.0259513258934 -496.7616155743599 -681.1576662957668
v -1766.1986139416695 -430.32313510775566 -687.7471700310707
v -1816.4964926242828 -363.3984759449959 -700.1831053197384
v -1864.3637812137604 -294.7177901491523 -717.7454574406147
v -1908.7689617276192 -223.10615219175816 -739.3000875413418
v -1948.2800444960594 -147.67196267843246 -763.37526217103
v -1981.1619555950165 -67.96778172254562 -788.2455399632454
v -2005.5338433384895 15.89756102534011 -812.056160569191
v -2019.5225924253464 103.21068389341235 -832.9314298927784
v -2022.3909708857536 192.84156627953053 -850.2209606766701
v -2014.2416754364967 283.64376198500395 -864.1331043839455
v -1995.4918640851974 374.61043171584606 -875.1394012570381
v -1966.7807745933533 464.95130755007267 -883.8943342864513
v -1928.8615667819977 554.1224344074726 -891.141582429409
v -1882.5054520368576 641.8144327402115 -897.6336228847504
v -1828.414924442768 727.897414714098 -904.0492096543312
v -1767.1641451120377 812.3437720537186 -910.9296621382236
v -1699.167086482048 895.1419001817703 -918.6375285685062
v -1624.6828415989876 976.2060920894146 -927.3343628644943
v -1543.8397434353828 1055.321170091629 -936.9899021089077
v -1456.6905814409256 1132.1030454337597 -947.4078544974327
v -1363.267666399479 1206.0013729333878 -958.2708007097244
v -1263.6410808563232 1276.3276901841164 -969.1903287172318
v -1157.9610016942024 1342.3055523633957 -979.7581546008587
v -1046.493879109621 1403.1281000375748 -989.5885209739208
v -929.6261531114578 1458.0183574557304 -998.3498251438141
v -807.862888276577 1506.2706449627876 -1005.7788783311844
v -681.8120734393597 1547.2801592946053 -1011.6825743019581
v -552.1587578952312 1580.5476760864258 -1015.9224924445152
v -419.648592621088 1605.6724202632904 -1018.3972254395485
v -285.0709732994437 1622.319755256176 -1019.0058968961239
v -149.24790978431702 1630.195243358612 -1017.6219183206558
v -13.035444675479084 1629.0059638023376 -1014.0567342936993
v 122.74616494774818 1620.4119020700455 -1009.6445678174496
v 257.6088548824191 1606.5757569670677 -1006.0913676023483
v 391.19932666420937 1587.853402197361 -1003.6343827843666
v 523.2003316283226 1564.4814801216125 -1002.4234110116959
v 653.3055430650711 1536.5710306167603 -1002.518750578165
v 781.1976933479309 1504.122508764267 -1003.8990126550198
v 906.5277349948883 1467.0392856001854 -1006.4637000858784
v 1028.8989886641502 1425.151008963585 -1010.0410196185112
v 1147.8540216386318 1378.241515159607 -1014.3952390551567
v 1262.8714622557163 1326.0762855410576 -1019.2341960966587
v 1373.3562156558037 1268.4415835142136 -1024.2205995321274
v 1478.6515992879868 1205.170849263668 -1028.9809791743755
v 1578.0430594086647 1136.1782240867615 -1033.1169112026691
v 1670.7739472389221 1061.4884340763092 -1036.2165468931198
v 1756.0677421092987 981.2588615715504 -1037.8708438575268
v 1833.1523224711418 895.8039678633213 -1037.689797282219
v 1901.2927317619324 805.6072011590004 -1035.3237529098988
v 1959.8306187987328 711.3208448886871 -1030.4852509498596
v 2008.225650191307 613.7576366215944 -1022.977696210146
v 2046.0961642861366 513.8679381459951 -1012.7206909656525
v 2073.2563361525536 412.69627518951893 -999.7733199596405
v 2089.747578203678 311.3241298869252 -984.3551599979401
v 2095.851130783558 210.80399189144373 -966.8550023436546
v 2092.0819944143295 112.07501661032438 -947.8254675865173
v 2159.4275280833244 15.89744251454249 -832.6011924445629
v 2131.507976949215 -79.85743911936879 -808.6768014729023
v 2090.561718940735 -170.13745728880167 -779.9152737855911
v 2039.82605189085 -254.08908419311047 -749.1632197797298
v 1982.0408695936203 -331.7346662282944 -718.7612751126289
v 1919.3109238147736 -403.7027657032013 -690.4725012183189
v 1853.0559170246124 -470.9427583962679 -665.4594795405865
v 1784.0519148111343 -534.465152695775 -644.3221591413021
v 1712.5422340631485 -595.1433257758617 -627.1835257858038
v 1638.3950528502464 -653.595581650734 -613.809591755271
v 1561.2632957100868 -710.1426389813423 -603.7355292588472
v 1480.7372376322746 -764.83910754323 -596.3924864679575
v 1396.465100646019 -817.5518760085106 -591.2216233462095
v 1308.225108385086 -868.0630362033844 -587.7551540732384
v 1215.9565833210945 -916.1700010299683 -585.6708430498838
v 1119.750162512064 -961.764385253191 -584.8118767887354
v 1019.8102533817291 -1004.8746314644814 -585.1793171465397
v 916.403533667326 -1045.675566792488 -586.9059720635414
v 809.8051759600639 -1084.4518446922302 -590.2091808617115
v 700.254325568676 -1121.538936048746 -595.340982824564
v 587.9276678711176 -1157.2534258663654 -602.5406370311975
v 472.9286201298237 -1191.7947156727314 -611.9759168475866
v 355.30079431831837 -1225.1725897192955 -623.7049589306116
v 235.06051648408175 -1257.1299269795418 -637.6350404322147
v 112.24338727071881 -1287.0938557386398 -653.492809087038
v -13.0355584458448 -1314.1498139500618 -670.805928260088
v -140.54712196812034 -1337.7941781282425 -689.4208838045597
v -269.8998277634382 -1356.2808007001877 -708.3156386017799
v -400.28901003301144 -1366.839600801468 -725.7044529914856
v -530.5277120321989 -1367.2147396206856 -740.0642451643944
v -659.1575114428997 -1355.801448225975 -750.1882149279118
v -784.583802819252 -1331.7440217733383 -755.2349925041199
v -905.2246850728989 -1294.9837547540665 -754.7676238417625
v -1019.652719348669 -1246.2264785170555 -748.7646442651749
v -1126.7370282113552 -1186.8856002390385 -737.638509273529
v -1225.7513016462326 -1118.9278303086758 -722.2037388384342
v -1316.4440312981606 -1044.6749943494797 -703.6234453320503
v -1399.0601268410683 -966.5868835151196 -683.3423607051373
v -1474.3037509918213 -886.9992034137249 -662.9711699485779
v -1543.2464689016342 -807.9021769762039 -644.1724373400211
v -1607.186172902584 -730.7472865283489 -628.5276468098164
v -1667.4799159169197 -656.3276632130146 -617.4160365015268
v -1725.3561145067215 -584.7318203747272 -611.8987046927214
v -1781.7414662241936 -515.3859761357307 -612.6309307664633
v -1837.1081939339638 -447.176166921854 -619.7995635867119
v -1891.3711974024773 -378.6326313018799 -633.0947685241699
v -1943.834808766842 -308.1578058004379 -651.7127579450607
v -1993.2012873888016 -234.2784021049738 -674.3909841775894
v -2037.6478803157806 -155.88297855108976 -699.4791701436043
v -2074.9647119641304 -72.4321498349309 -725.0432196259499
v -2102.743946313858 15.897568135987967 -748.9905922114849
v -2118.9791291952133 108.18319786339998 -769.6005490422249
v -2123.1132408976555 203.1017191708088 -786.5149410068989
v -2115.2376011013985 299.3298511579633 -799.9128426611423
v -2095.8256462216377 395.7027369737625 -810.2566926181316
v -2065.6208276748657 491.3095121085644 -818.2069657742977
v -2025.5167737603188 585.5373145639896 -824.5341150462627
v -1976.4312320947647 678.0582581460476 -830.0245970487595
v -1919.198518693447 768.7634266912937 -835.3905384242535
v -1854.4880583882332 857.6639696955681 -841.1946474015713
v -1782.764641046524 944.7793798148632 -847.8000789880753
v -1704.294337630272 1030.0266805291176 -855.3483635187149
v -1619.1781762242317 1113.146475404501 -863.7662328779697
v -1527.4257135391235 1193.661990761757 -872.8016477823257
v -1429.028303027153 1270.8871912956238 -882.0752219855785
v -1324.035396873951 1343.973425924778 -891.14332690835
v -1212.6097625494003 1411.9879293441772 -899.5599068701267
v -1095.0664681196213 1473.9912617206573 -906.925627887249
v -971.8759919703007 1529.125897884369 -912.9280765354633
v -843.653073310852 1576.6737192869186 -917.3570810258389
v -711.1273594200611 1616.0924205183983 -920.1062281429768
v -575.1027517020702 1647.0209702849388 -921.1570112407207
v -436.4255879074335 1669.2621666193008 -920.5544075369835
v -295.95629435032606 1682.7431964874268 -918.3727470040321
v -154.54664131626487 1687.465576827526 -914.6806710958481
v -13.035444675479084 1683.4466007351875 -909.5007063448429
v 127.78830638155341 1671.8565860390663 -903.6193852126598
v 267.3882142081857 1654.4921943545341 -898.2338753342628
v 405.4027225077152 1632.1695384383202 -893.848103582859
v 541.569088101387 1605.4988825321198 -890.8383464813232
v 675.6809884309769 1574.8712933063507 -889.4525475800037
v 807.5470617413521 1540.4618254303932 -889.8123653233051
v 936.9497790932655 1502.238926589489 -891.912642121315
v 1063.6135886609554 1460.0034227967262 -895.6367254257202
v 1187.1709363162518 1413.410665690899 -900.7514618337154
v 1307.1464136242867 1362.0272660255432 -906.9258554279804
v 1422.938706278801 1305.3897991776466 -913.7450236082077
v 1533.822945356369 1243.05289208889 -920.7208915054798
v 1638.9619326591492 1174.6593058109283 -927.3189659416676
v 1737.4250265955925 1099.9921181797981 -932.9770696163177
v 1828.226217329502 1019.023417532444 -937.1330252289772
v 1910.3618985414505 931.9538947939873 -939.2508985102177
v 1982.8656288981438 839.2393898963928 -938.8540674746037
v 2044.871691763401 741.5921053290367 -935.5573815107346
v 2095.6766828894615 639.9666503071785 -929.1037195920944
v 2134.800339639187 535.5214346945286 -919.3949358165264
v 2162.044853270054 429.55393366515636 -906.5260663628578
v 2177.5267246365547 323.4084578603506 -890.7966306805611
v 2181.696484386921 218.3792968839407 -872.724511474371
v 2175.3182142972946 115.58966763317585 -853.0277514457703
v 2228.5817071795464 15.89744251454249 -734.4647711515427
v 2196.644696891308 -82.14391060173512 -710.4944169521332
v 2150.9848567843437 -173.92035987228155 -681.9494321942329
v 2095.526050925255 -258.62072851508856 -651.8330511450768
v 2033.5319718718529 -336.490191668272 -622.58853033185
v 1967.4301758408546 -408.479300737381 -596.0123417526484
v 1898.7658160924911 -475.87898910045624 -573.2398378103971
v 1828.26247215271 -539.991320669651 -554.787118807435
v 1755.9832486510277 -601.8860402703285 -540.6568393856287
v 1681.535258591175 -662.2594983875751 -530.4700304567814
v 1604.2832082509995 -721.3946798443794 -523.6102083325386
v 1523.5547906160355 -779.2216537892818 -519.3726793676615
v 1438.7854012846947 -835.4279309511185 -517.083429992199
v 1349.6127954125404 -889.6036346256733 -516.1914324015379
v 1255.9064404666424 -941.3750670850277 -516.3226096332073
v 1157.747720181942 -990.5072546005249 -517.2973562031984
v 1055.376690030098 -1036.9605292379856 -519.1190852224827
v 949.1185057163239 -1080.8937902748585 -521.9365324825048
v 839.3144024908543 -1122.6240019500256 -525.9953661262989
v 726.261093467474 -1162.5438237190247 -531.5769781917334
v 610.1744010299444 -1201.0243745148182 -538.9425854384899
v 491.1813308298588 -1238.3142805099487 -548.282866999507
v 369.3309558182955 -1274.4265115261078 -559.6634304523468
v 244.63783860206604 -1309.0592727065086 -572.9905669391155
v 117.13823400437832 -1341.5287283062935 -587.9770062863827
v -13.035562001168728 -1370.7337328791618 -604.1192008554935
v -145.6398438103497 -1396.7216148972511 -621.6366895288229
v -280.3464123606682 -1418.039602637291 -639.8484049737453
v -416.35539561510086 -1431.3423922657967 -656.892267614603
v -552.4015817791224 -1433.8823536038399 -671.1762128770351
v -686.8838804960251 -1423.6644095182419 -681.4261643588543
v -818.0223543941975 -1399.5643571019173 -686.7351447045803
v -944.0266750752926 -1361.367246210575 -686.5907321870327
v -1063.2712157070637 -1309.7784531116486 -680.9112396836281
v -1174.4591458141804 -1246.3350912928581 -670.0504930317402
v -1276.7556184530258 -1173.245367705822 -654.7772006690502
v -1369.8850059509277 -1093.1771974265575 -636.2352477759123
v -1454.1539573669434 -1008.9784802496433 -615.8629193156958
v -1530.423638522625 -923.38766887784 -595.2908480167389
v -1599.9960374832153 -838.7498739361763 -576.2139468640089
v -1664.4555962085724 -756.7888681590557 -560.2608386427164
v -1725.4644238948822 -678.4496282041073 -548.8606308400631
v -1784.5402172207832 -603.8384914398193 -543.1235326081514
v -1842.8411585092545 -532.2655922919512 -543.7435052543879
v -1900.9797874093056 -462.3850652575493 -550.9295828640461
v -1958.8886001706123 -392.4132564663887 -564.3681763857603
v -2015.7520908117294 -320.4055269807577 -583.223377019167
v -2070.004930794239 -244.5611573755741 -606.1650574952364
v -2119.4235920906067 -163.5193782299757 -631.4400164783001
v -2161.283350288868 -76.62239773198962 -656.9734238088131
v -2192.5956854224205 15.897575246635824 -680.5062930285931
v -2211.2350636720657 112.90712358430028 -700.4923331737518
v -2216.849555373192 212.89668399840593 -716.8250551819801
v -2209.4782975316048 314.36447225511074 -729.6236145496368
v -2189.620059430599 415.97498543560505 -739.3052451312542
v -2158.1137079000473 516.6829962283373 -746.5088054537773
v -2115.9924295544624 615.7938227802515 -752.0030039548874
v -2064.331885278225 712.954435646534 -756.5865086019039
v -2004.1097417473793 808.0752596259117 -760.9872221946716
v -1936.1023679375648 901.2084394693375 -765.7780922949314
v -1860.832349061966 992.4079023301601 -771.3191641867161
v -1778.5709136724472 1081.588092893362 -777.7298967540264
v -1689.3864756822586 1168.4346257150173 -784.8987191915512
v -1593.236864209175 1252.3572601377964 -792.5237607955933
v -1490.066104233265 1332.5081035494804 -800.1733767986298
v -1379.9016523361206 1407.850935459137 -807.3582029342651
v -1262.9224313795567 1477.2687584161758 -813.6033616960049
v -1139.505855590105 1539.6762031316757 -818.5056509077549
v -1010.223658978939 1594.1304925084114 -821.7755629122257
v -875.8222509920597 1639.9136596918106 -823.2586733996868
v -737.1753880381584 1676.5763875842094 -822.9347312450409
v -595.2247095108032 1703.9405876398087 -820.8989243209362
v -450.93172669410706 1722.0810449123383 -817.3401114344597
v -305.23212499916553 1731.2633752822876 -812.5013060867786
v -159.00026760995388 1731.8819826841354 -806.6448627412319
v -13.035443490371108 1724.3776893615723 -800.0123538076878
v 131.9299458898604 1709.1882836818695 -792.8051528334618
v 275.29574763029814 1687.5388449430466 -785.6769843399525
v 416.68544344604015 1660.8480137586594 -779.3988321721554
v 555.9054056555033 1630.228009223938 -774.5785334706306
v 692.881171554327 1596.4538350701332 -771.6586549580097
v 827.5895319879055 1559.9462899565697 -770.9108044207096
v 959.9975314736366 1520.7950249314308 -772.4452632665634
v 1089.9981500208378 1478.7717407941818 -776.2038569152355
v 1217.3586893081665 1433.3888936042786 -781.971635222435
v 1341.6842144727707 1383.9676535129547 -789.3900698423386
v 1462.3813751339912 1329.7189092636108 -797.9704791307449
v 1578.6590880155563 1269.8394420742989 -807.1208021044731
v 1689.5357424020767 1203.6075685918331 -816.1725240945816
v 1793.8716626167297 1130.481893569231 -824.4166281819344
v 1890.4202288389206 1050.1764741539955 -831.138788163662
v 1977.8899198770523 962.7280960977077 -835.6591123342514
v 2055.024407505989 868.535865843296 -837.3743902146816
v 2120.69387614727 768.3687952160835 -835.8009460568428
v 2173.9874044060707 663.3425164222717 -830.6188575923443
v 2214.3001890182495 554.8639896512032 -821.7121548950672
v 2241.410150229931 444.53358471393585 -809.2011311650276
v 2255.5295076966286 334.017885774374 -793.4643383324146
v 2257.3223769664764 224.9058097600937 -775.1446548104286
v 2247.8650256991386 118.54214135557413 -755.1184158027172
v 2286.963046193123 15.89744251454249 -635.0224936008453
v 2250.7338592410088 -83.85068414732814 -611.5955445915461
v 2200.1297107338905 -176.49263199418783 -583.9358828961849
v 2139.822922050953 -261.27806294709444 -555.1062826067209
v 2073.6496782302856 -338.7107616662979 -527.5791633874178
v 2004.3827906250954 -410.1062548905611 -503.1367000937462
v 1933.6924082040787 -477.1390338242054 -482.8623279184103
v 1862.2294491529465 -541.43351174891 -467.18659184873104
v 1789.8426747322083 -604.2741560935974 -456.0076294839382
v 1715.8338382840157 -666.4341123402119 -448.82746793329716
v 1639.2460551857948 -728.1521844863892 -444.9204798042774
v 1559.1080299019814 -789.2141808569431 -443.48359800875187
v 1474.619880914688 -849.1079831123352 -443.7658243626356
v 1385.261753499508 -907.2114190459251 -445.1626589894295
v 1290.824916958809 -962.9625388979912 -447.2688139230013
v 1191.3781644403934 -1015.9874173998833 -449.8922447860241
v 1087.194772362709 -1066.1654579639435 -453.0361371487379
v 978.6612565815449 -1113.6356879770756 -456.8593902885914
v 866.1817294359207 -1158.7300135195255 -461.6152570396662
v 750.1111544668674 -1201.885312795639 -467.59559631347656
v 630.7054012268782 -1243.5108557343483 -475.06420366466045
v 508.1144190579653 -1283.865962922573 -484.2063730955124
v 382.39892341196537 -1322.939105629921 -495.08092388510704
v 253.58081508427858 -1360.3445264697075 -507.5798500329256
v 121.71219142153859 -1395.245178937912 -521.396199092269
v -13.035565556492656 -1426.3175344467163 -536.0024558007717
v -150.38580305874348 -1454.343878030777 -551.9779767841101
v -290.088265389204 -1478.3586785197258 -569.0124723315239
v -431.36826761066914 -1494.4200202822685 -585.2390465885401
v -572.8992472589016 -1499.2669412493706 -599.0583157539368
v -712.9492780566216 -1490.4843240976334 -609.1773933917284
v -849.5562383532524 -1466.630622446537 -614.649558365345
v -980.7210311293602 -1427.307336628437 -614.9113439768553
v -1104.6081611514091 -1373.1685703992844 -609.8142798990011
v -1219.733531922102 -1305.830773115158 -599.6318700909615
v -1325.1360872387886 -1227.7280996739864 -585.0602374970913
v -1420.4862722754478 -1141.846415400505 -567.1687097847462
v -1506.1335137486458 -1051.4293892681599 -547.335994169116
v -1583.0753502249718 -959.6283845603466 -527.1466084569693
v -1652.83675968647 -869.1731315851212 -508.267440199852
v -1717.29040235281 -782.0961758494377 -492.31755547225475
v -1778.4160342812538 -699.5348417758942 -480.73133312165737
v -1838.044599890709 -621.6550824046135 -474.64018151164055
v -1897.5992906093597 -547.6844348758459 -474.7688937187195
v -1957.8737685084343 -476.07008539140224 -481.36294826865196
v -2018.8584768772125 -404.72423397004604 -494.14178743958473
v -2079.653567969799 -331.3498190045357 -512.2936596721411
v -2138.4514582157135 -253.79955757409334 -534.4945433735847
v -2192.6352775096893 -170.43504264205694 -558.9751197397709
v -2238.9549857378006 -80.4487226717174 -583.6152780056
v -2273.8146808743477 15.89757998706773 -606.0871247947216
v -2294.9600410461426 117.27750789374113 -625.0166554003954
v -2302.2249615192413 222.007528655231 -640.4713356494904
v -2295.553618967533 328.40699680149555 -652.4920091032982
v -2275.439776778221 434.9588603526354 -661.4270785450935
v -2242.8043681383133 540.4686252772808 -667.8683015704155
v -2198.8221099972725 644.1483180224895 -672.5571575760841
v -2144.737650156021 745.6143428385258 -676.2820751965046
v -2081.6876304149628 844.79836165905 -679.7692127525806
v -2010.571291744709 941.8014025688171 -683.5913661122322
v -1931.9741722941399 1036.7165297269821 -688.0994030833244
v -1846.1749336123466 1129.458946287632 -693.3933657407761
v -1753.203762769699 1219.6543477475643 -699.3327856063843
v -1652.9581147432327 1306.5851464867592 -705.5793096125126
v -1545.326039493084 1389.2220240831375 -711.6648106276989
v -1430.3087505698204 1466.318588256836 -717.0717093348503
v -1308.1034499406815 1536.5543442964554 -721.3101105391979
v -1179.1552831232548 1598.6813071370125 -723.9812111854553
v -1044.15157482028 1651.6717511415482 -724.8242495954037
v -903.9840571582317 1694.8131704330444 -723.7339502573013
v -759.6869027614594 1727.7704733610153 -720.7644678652287
v -612.3546204715967 1750.5876511335373 -716.1095912754536
v -463.0729588121176 1763.6534950137138 -710.0749076902866
v -312.8562943637371 1767.6357612013817 -703.0456435680389
v -162.59651094675064 1763.3984977006912 -695.4513958096504
v -13.035443490371108 1751.8981340527534 -687.7276773750782
v 135.1700595393777 1732.6178494095802 -679.5234687626362
v 281.3375608250499 1706.0168209671974 -670.9698334336281
v 425.0654272735119 1674.2531967163086 -663.0718187987804
v 566.2388645857573 1639.059926867485 -656.6428829729557
v 704.9404510855675 1601.6927328705788 -652.3009507358074
v 841.3557462394238 1562.9046228528023 -650.4647728800774
v 975.6795628368855 1522.9442229866982 -651.3504372537136
v 1108.0229407548904 1481.5836891531944 -654.9700793623924
v 1238.3340007066727 1438.186058998108 -661.1412115395069
v 1366.3305163383484 1391.7824640870094 -669.4904394447803
v 1491.4509171247482 1341.2062272429466 -679.4818288087845
v 1612.8413185477257 1285.2155828475952 -690.4401904344559
v 1729.3643203377724 1222.6461291313171 -701.5903688967228
v 1839.641935825348 1152.5490970909595 -712.1013095974922
v 1942.126584649086 1074.312629699707 -721.1328563094139
v 2035.1884683966637 987.7543151378632 -727.8828521072865
v 2117.2276723384857 893.1841397285461 -731.6404597461224
v 2186.7994645237923 791.4156374335289 -731.8365998566151
v 2242.7394431829453 683.7344892323017 -728.0932514369488
v 2284.285498559475 571.8237759917974 -720.2717663347721
v 2311.1767172813416 457.62904681265354 -708.5068486630917
v 2323.7268021702766 343.18834610283375 -693.2339355349541
v 2322.8363594412804 230.43226215988398 -675.1863907277584
v 2309.9539133906364 120.9679246507585 -655.3735849261284
v 2335.163302719593 15.89744251454249 -535.5239755660295
v 2294.4981333613396 -85.05566401407123 -513.3804321289062
v 2238.8413670659065 -178.03281728178263 -487.4225854873657
v 2173.663993179798 -262.3578195646405 -460.6535182148218
v 2103.3897069096565 -338.8126999139786 -435.4710924625397
v 2031.1605423688889 -409.10784408450127 -413.58785562217236
v 1958.7649697065353 -475.32394140958786 -396.0032803565264
v 1886.775329709053 -539.4324806332588 -383.07058572769165
v 1814.798128604889 -602.9393263161182 -374.6052362024784
v 1741.811708509922 -666.7018519341946 -370.0402382016182
v 1666.5119576454163 -730.9106607735157 -368.5925102978945
v 1587.6120573282242 -795.2026736736298 -369.41670075058937
v 1504.0631964802742 -858.8609856367111 -371.7347340285778
v 1415.17698854208 -921.0442268848419 -374.92614448070526
v 1320.658692419529 -980.9991617500782 -378.5802210867405
v 1220.5566984415054 -1038.20548042655 -382.50196143984795
v 1115.1747734844685 -1092.4609750509262 -386.69584050774574
v 1004.9500991404057 -1143.8702385127544 -391.3162446767092
v 890.3448106348515 -1192.7680590748787 -396.60778023302555
v 771.7636270821095 -1239.6091389656067 -402.84804686903954
v 649.4985590875149 -1284.8117738962173 -410.28214387595654
v 523.7215515971184 -1328.6144265532494 -419.07318003475666
v 394.5072000473738 -1370.931996703148 -429.255058914423
v 261.8949258700013 -1411.2520626187325 -440.69940961897373
v 125.9692888893187 -1448.5411342978477 -453.0824416875839
v -13.035569111816585 -1481.2132528424263 -465.86685560643673
v -154.78864036500454 -1510.9496408700943 -479.9300863593817
v -299.12777602672577 -1537.4689063429832 -495.32067596912384
v -445.3220512717962 -1556.2338870763779 -510.2479547262192
v -592.0017467439175 -1563.4636145830154 -523.1748849898577
v -737.3190420866013 -1556.3036662340164 -532.8441904485226
v -879.1410084068775 -1532.9748252034187 -538.316014111042
v -1015.2624726295471 -1492.8524163365364 -538.9991293102503
v -1143.6306381225586 -1436.4919424057007 -534.6855638176203
v -1262.5630687177181 -1365.553995668888 -525.5647452920675
v -1370.9473177790642 -1282.6499852538109 -512.2283554822206
v -1468.3760115504265 -1191.062717139721 -495.63164830207825
v -1555.2070716023445 -1094.407358467579 -477.03265853226185
v -1632.5481662154198 -996.2509894371033 -457.90501579642296
v -1702.124509215355 -899.7238120436668 -439.8182202130556
v -1766.0813546180725 -807.1956630051136 -424.3145428597927
v -1826.7183807492256 -720.0422535836697 -412.7805031836033
v -1886.1910051107407 -638.5339021682739 -406.32733426988125
v -1946.2168568372726 -561.865114569664 -405.6911303848028
v -2007.8075820207596 -488.3167826384306 -411.15707591176033
v -2071.065422296524 -415.5292710661888 -422.5095760077238
v -2135.0523030757904 -340.8633728325367 -439.01204340159893
v -2197.7705684304237 -261.8225299939513 -459.4270357489586
v -2256.2414067983627 -176.46794382482767 -482.0621430128813
v -2306.721621453762 -83.8109782896936 -504.8702950030565
v -2345.0083833932877 15.89758591260761 -525.5718369781971
v -2368.676260113716 121.17452215403318 -542.9452923685312
v -2377.677619755268 230.17832670360804 -557.1367802470922
v -2371.8214797973633 341.04866683483124 -568.1057983636856
v -2351.579001247883 452.0797834545374 -576.1261919885874
v -2317.9393795132637 561.9162733107805 -581.7219115793705
v -2272.223260998726 669.6684521436691 -585.5850601941347
v -2215.857174396515 774.9218165874481 -588.4704283624887
v -2150.1556983590126 877.6368124783039 -591.0825959593058
v -2076.1523228883743 977.9734767973423 -593.977862149477
v -1994.5060059428215 1076.0780423879623 -597.4931009858847
v -1905.5025386810303 1171.8751174211502 -601.7127680033445
v -1809.1299372911453 1264.9341948330402 -606.4797842502594
v -1705.214967429638 1354.406168460846 -611.438958644867
v -1593.582271039486 1439.0716475248337 -616.1097630858421
v -1474.1977170109749 1517.4607947468758 -619.9687780439854
v -1347.271704673767 1588.035738170147 -622.5296731293201
v -1213.3183243870735 1649.3772304058075 -623.4101419895887
v -1073.1422360241413 1700.3657710552216 -622.378017231822
v -927.7875481545925 1740.2981075644493 -619.369814991951
v -778.455069065094 1768.961716890335 -614.4928586483002
v -626.3977897167206 1786.6345021128654 -608.0062033236027
v -472.83115684986115 1794.0473240613937 -600.2956443279982
v -318.84964138269424 1792.299204468727 -591.8405341356993
v -165.35950012505054 1782.767826616764 -583.1864395737648
v -13.035442305263132 1766.9821125268936 -574.909076616168
v 137.55060015246272 1743.3036172389984 -566.2092842906713
v 285.614473298192 1711.2705847620964 -556.7749525606632
v 430.7164392620325 1673.8891315460205 -547.7762096375227
v 572.8231348842382 1633.6059272289276 -540.1732015609741
v 712.1912640333176 1592.2456967830658 -534.7163576632738
v 849.2412461340427 1550.9544870257378 -531.9365304708481
v 984.4320687651634 1510.1976945996284 -532.1427582204342
v 1118.133409768343 1469.7772073745728 -535.415855795145
v 1250.5115255713463 1428.9092233777046 -541.6131172329187
v 1381.4319396018982 1386.3210314512253 -550.3731699287891
v 1510.387766957283 1340.4257625341415 -561.1428623646498
v 1636.476884484291 1289.4954723119736 -573.2085509598255
v 1758.4039786458015 1231.8572054803371 -585.73466822505
v 1874.5398578047752 1166.0937625169754 -597.8187496960163
v 1983.0094346404076 1091.2041917443275 -608.5423272103071
v 2081.8118676543236 1006.7394794523716 -617.027662396431
v 2168.9655804634094 912.8833268582821 -622.4954282492399
v 2242.6701191067696 810.4722495377064 -624.3185225129128
v 2301.4701330661774 700.956819653511 -622.0767912268639
v 2344.408130943775 586.3030649721622 -615.6052673608065
v 2371.1635836958885 468.82549189031124 -605.0371380895376
v 2382.1360528469086 350.9633370488882 -590.8251336216927
v 2378.4767428040504 235.02757996320724 -573.7486188858747
v 2362.0222106575966 122.91923811659217 -554.8781351000071
v 2374.0169444680214 15.89744251454249 -436.92511565983295
v 2328.9685821533203 -85.86273202672601 -416.9321734458208
v 2268.3541584014893 -178.785882294178 -393.6275655031204
v 2198.4283128380775 -262.26932518184185 -369.79449421167374
v 2124.2294040322304 -337.382492646575 -347.65747360885143
v 2049.253974556923 -406.23100869357586 -328.7765608727932
v 1975.4173105955124 -471.310805529356 -314.04363982379436
v 1903.1987646222115 -534.9371100962162 -303.7326315790415
v 1831.964408159256 -598.8430622220039 -297.6170003786683
v 1760.3687170147896 -663.9748521149158 -295.1173137500882
v 1686.7615658044815 -730.4812155663967 -295.45907992869616
v 1609.5410677790642 -797.8605011105537 -297.8205166012049
v 1527.4093306064606 -865.2025458216667 -301.4539438858628
v 1439.5071604847908 -931.4584627747536 -305.7668836414814
v 1345.4478898644447 -995.6921494007111 -310.36988094449043
v 1245.251997411251 -1057.2438134253025 -315.0782296061516
v 1139.2383435368538 -1115.8225819468498 -319.89272601902485
v 1027.883474379778 -1171.4898909628391 -324.9519045650959
v 911.6936680674553 -1224.5655110478401 -330.4743181169033
v 791.1118705570698 -1275.4951944947243 -336.70316979289055
v 666.4573214948177 -1324.6720558404922 -343.84658351540565
v 537.9199036210775 -1372.2713014483452 -352.03107193112373
v 405.59105038642883 -1418.0960327386856 -361.26107208430767
v 269.53578155487776 -1461.4574080705643 -371.3876585662365
v 129.88747391849756 -1501.093638241291 -382.08487927913666
v -13.035571482032537 -1535.1167419552803 -392.8271909803152
v -158.82714703679085 -1566.2344539165497 -404.6851348876953
v -307.4167435616255 -1595.003338754177 -417.99683652818203
v -458.13191182911396 -1616.3229951262474 -431.1370103806257
v -609.5764239877462 -1625.9062522649765 -442.70347461104393
v -759.8053756356239 -1620.4668152332306 -451.53948798775673
v -906.5301620960236 -1597.8738409280777 -456.76105476915836
v -1047.3503424227238 -1557.2520560026169 -457.78730139136314
v -1179.998776614666 -1499.0225625038147 -454.3719908595085
v -1302.588014304638 -1424.845194220543 -446.62358425557613
v -1413.836318552494 -1337.4619686603546 -435.01210488379
v -1513.2317227125168 -1240.4076552391052 -420.34255392849445
v -1601.1106836795807 -1137.6408559083939 -403.7035620957613
v -1678.6536827683449 -1033.1251026690006 -386.393249258399
v -1747.7503699064255 -930.3871251642704 -369.81152184307575
v -1810.7926532626152 -832.1555159986019 -355.354835242033
v -1870.3784412145615 -740.0731950998306 -344.2935114353895
v -1928.9880794286728 -654.5668771862984 -337.6684354990721
v -1988.6471354961395 -574.8525327444077 -336.1935544013977
v -2050.620584189892 -499.1003171354532 -340.1828743517399
v -2115.167063474655 -424.7246850281954 -349.4991124421358
v -2181.380961239338 -348.78228329122066 -363.53029787540436
v -2247.132496237755 -268.4372338652611 -381.1920852959156
v -2309.158279299736 -181.44475262612104 -400.9733387827873
v -2363.2613974809647 -86.60159470513463 -421.00720040500164
v -2404.694440960884 15.897590653039515 -439.2038223147392
v -2430.781227350235 124.46531102061272 -454.4724500924349
v -2441.477917134762 237.11928606033325 -466.94646053016186
v -2436.4462330937386 351.82268254458904 -476.52615286409855
v -2416.1087942123413 466.67485274374485 -483.4065295010805
v -2381.527002155781 580.1565830409527 -488.03683169186115
v -2334.174259006977 691.2766301631927 -491.0385490208864
v -2275.671261548996 799.595195800066 -493.1060220301151
v -2207.5234192609787 905.1132659614086 -494.8961228877306
v -2130.9113651514053 1008.0669520795345 -496.9293510168791
v -2046.5735447406769 1108.6729487776756 -499.51891623437405
v -1954.8048508167267 1206.8832449615002 -502.73755572736263
v -1855.5443024635315 1302.2222805023193 -506.4263702183962
v -1748.542515039444 1393.7209594249725 -510.23900479078293
v -1633.546463251114 1479.9696668982506 -513.7106695771217
v -1510.4769629240036 1559.2761066555977 -516.3407749682665
v -1379.5466887950897 1629.8815405368805 -517.6701437681913
v -1241.328740119934 1690.1898461580276 -517.3456327617168
v -1096.7370721697807 1738.981556892395 -515.1643893867731
v -946.9617229700089 1775.5564540624619 -511.0912586003542
v -793.3650547266006 1799.814116358757 -505.26029981672764
v -637.3555445671082 1812.2610494494438 -497.9573041945696
v -480.27583450078964 1813.9580482244492 -489.59620624780655
v -323.30086901783943 1806.4353999495506 -480.6923857331276
v -167.35122103244066 1791.577748656273 -471.83574199676514
v -13.035442305263132 1771.5071392059326 -463.6704807728529
v 139.15698083117604 1743.363536298275 -455.10812304914
v 288.32319401204586 1705.7012978196144 -445.5349914729595
v 433.9707647264004 1662.4188032746315 -436.1780994385481
v 576.1436747014523 1616.7393946647644 -428.06001499295235
v 715.2748201787472 1571.1009433865547 -421.99044182896614
v 852.03165397048 1527.0969930291176 -418.56200978159904
v 987.1554279327393 1485.4503646492958 -418.14276598393917
v 1121.298349648714 1446.0274159908295 -420.86836263537407
v 1254.8721919953823 1407.9181358218193 -426.6424362361431
v 1387.91927754879 1369.5579540729523 -435.1410446316004
v 1520.0125882029533 1328.9323768019676 -445.83629332482815
v 1650.2201929688454 1283.804526925087 -458.02894964814186
v 1777.1028208732605 1231.9646047055721 -470.888679549098
v 1898.7865981459618 1171.4908011257648 -483.51180501282215
v 2013.0660483241081 1100.95347777009 -494.9717043340206
v 2117.56246060133 1019.5999298989773 -504.3824476748705
v 2209.8956072330475 927.4502569437027 -510.95135897397995
v 2287.8885301947594 825.3339207172394 -514.0378731489182
v 2349.7674736380577 714.8424169421196 -513.2046189904213
v 2394.352563023567 598.2105748355389 -508.2672505825758
v 2421.2260335683823 478.1140458583832 -499.33434277772903
v 2430.8475175499916 357.4007298052311 -486.8354545533657
v 2424.5927262306213 238.7770150974393 -471.526400372386
v 2404.685035943985 124.46259001269937 -454.45993535220623
v 2404.583552777767 15.89744251454249 -339.810883179307
v 2355.462969839573 -86.39973763376474 -322.90654093027115
v 2290.235081911087 -179.053508117795 -303.27582459896803
v 2215.9199756383896 -261.5324345231056 -283.3317657187581
v 2138.1093886494637 -335.1692418754101 -264.98513758182526
v 2060.65239995718 -402.4453756213188 -249.5729884877801
v 1985.5759423971176 -466.24419398605824 -237.8400782123208
v 1913.2794257998466 -529.2078999429941 -229.99248281121254
v 1842.907752096653 -593.2878448814154 -225.80190308392048
v 1772.816711962223 -659.5219558477402 -224.73725896328688
v 1701.0362577438354 -728.0328014492989 -226.10377378761768
v 1625.6747674942017 -798.2055287063122 -229.17310863733292
v 1545.202257335186 -868.9658419787884 -233.28702609986067
v 1458.5966143012047 -939.0879034996033 -237.92686603963375
v 1365.3739351034164 -1007.470188587904 -242.75021757930517
v 1265.5195054411888 -1073.3328393101692 -247.59630423039198
v 1159.3481658399105 -1136.2916910648346 -252.45867900550365
v 1047.357851266861 -1196.356603950262 -257.45006937533617
v 930.0816138088703 -1253.812914043665 -262.74793814867735
v 807.9843191802502 -1309.064733684063 -268.5449744015932
v 681.402879357338 -1362.4495816230774 -275.00149954110384
v 550.5403365194798 -1414.041711986065 -282.20198806375265
v 415.50685830414295 -1463.5025441646576 -290.1256389543414
v 276.39985110610723 -1509.9384498596191 -298.6164730414748
v 133.41284779831767 -1551.829153597355 -307.3673861846328
v -13.03557385224849 -1586.977977156639 -315.90158574283123
v -162.44872324168682 -1619.1539052128792 -325.3303427249193
v -314.84348341822624 -1649.8470261693 -336.16806983947754
v -469.6124794334173 -1673.448157608509 -347.0388662070036
v -625.3475754708052 -1685.2071592211723 -356.7511010169983
v -780.02646535635 -1681.4386296272278 -364.31451700627804
v -931.2247025966644 -1659.6664705872536 -368.9558928459883
v -1076.365502178669 -1618.7620800733566 -370.1499128341675
v -1212.980123013258 -1558.9880400896072 -367.64324828982353
v -1338.9814856648445 -1481.9699016213417 -361.4787147939205
v -1452.91234344244 -1390.5335688591003 -352.00141578912735
v -1554.1356581449509 -1288.411164879799 -339.8414874076843
v -1642.941316664219 -1179.8657411336899 -325.8802707493305
v -1720.5392289161682 -1069.20873939991 -311.1801914125681
v -1788.9435854554176 -960.3478683531284 -296.9082299619913
v -1850.7497158646584 -856.3634985685349 -284.2414166778326
v -1908.8203859329224 -759.1866923868656 -274.26663778722286
v -1965.9367501735687 -669.4351470470428 -267.8914015740156
v -2024.4285222887993 -586.4001869410276 -265.76084289699793
v -2085.8320572972298 -508.20380464196205 -268.19190703332424
v -2150.6048637628555 -432.0974977314472 -275.1245990768075
v -2217.9309806227684 -354.8842430859804 -286.09530478715897
v -2285.634966790676 -273.42602647840977 -300.2335860580206
v -2350.244247317314 -185.17831679433584 -316.2887652590871
v -2407.2237837314606 -88.70860291644931 -332.69849084317684
v -2451.3452968001366 15.897593023255467 -347.6817825436592
v -2479.599939584732 127.0087992399931 -360.2851878106594
v -2491.806286275387 242.52081859856844 -370.5677913874388
v -2487.466022670269 360.2226520329714 -378.3956855535507
v -2466.970973908901 478.0264426767826 -383.90448458492756
v -2431.4527758955956 594.2542103677988 -387.4587845802307
v -2382.545019388199 707.8233163058758 -389.58818659186363
v -2322.073036134243 818.2822059094906 -390.8960148692131
v -2251.7401960492134 925.6897743046284 -391.95912308990955
v -2172.880342900753 1030.377927571535 -393.236878067255
v -2086.3142919540405 1132.656500339508 -395.00596933066845
v -1992.3452791571617 1232.5270095467567 -397.3286671936512
v -1890.8605960011482 1329.4934922456741 -400.0610142201185
v -1781.5245440602303 1422.4846866726875 -402.8918105363846
v -1663.998087644577 1509.9235838651657 -405.4064390063286
v -1538.1390896439552 1589.9047577381134 -407.15850263834
v -1404.1465723514557 1660.458615720272 -407.7428272366524
v -1262.63178601861 1719.8088231682777 -406.850298717618
v -1114.59742680192 1766.6269972920418 -404.3084032833576
v -961.3598178327084 1800.197901725769 -400.09742073714733
v -804.4245961308479 1820.5051535367966 -394.3492867797613
v -645.3417691588402 1828.2471510767937 -387.3347369581461
v -485.5720725655556 1824.7695702314377 -379.4407422095537
v -326.3685352355242 1811.9858768582344 -371.1523435264826
v -168.67165885865688 1792.2461116313934 -363.02993580698967
v -13.035442305263132 1768.2144731283188 -355.69550164043903
v 140.11649165302515 1735.8372473716736 -347.9794816672802
v 289.7509931400418 1692.7076601982117 -339.1380073130131
v 435.3117001801729 1643.6092245578766 -330.3308916091919
v 576.9058603048325 1592.531639635563 -322.53159172832966
v 715.130635201931 1542.5333562493324 -316.52064822614193
v 850.8924333751202 1495.677562057972 -312.8841870650649
v 985.2101822197437 1452.9683184623718 -312.0010256394744
v 1119.0218804776669 1414.37346637249 -314.037534147501
v 1252.9939191043377 1378.8904613256454 -318.94190914928913
v 1387.3607409000397 1344.6970054507256 -326.4495776593685
v 1521.8001481890678 1309.3878415226936 -336.10287941992283
v 1655.3726252913475 1270.2321773767471 -347.27588780224323
v 1786.5293782949448 1224.5041508972645 -359.22116942703724
v 1913.1749087572098 1169.7731719911098 -371.1132823675871
v 2032.803234755993 1104.1750752925873 -382.103234231472
v 2142.676131129265 1026.6297249495983 -391.3744192570448
v 2240.030646622181 936.9674514234066 -398.193094432354
v 2322.317263185978 835.9722083806992 -401.95946238934994
v 2387.4360832571983 725.3357611596584 -402.2558721154928
v 2433.963156938553 607.5202142447233 -398.8906963914633
v 2461.3516280055046 485.5274745821953 -391.9367103278637
v 2470.0762981176376 362.58748285472393 -381.7575240135193
v 2461.6865679621696 241.79010946303606 -369.015356823802
v 2438.7336242198944 125.67855820059776 -354.64581832289696
v 2428.136445581913 15.89744251454249 -244.3195091187954
v 2375.5393436551094 -86.81427892297506 -231.41954243183136
v 2306.3654443621635 -179.1903169825673 -216.4751222729683
v 2228.2727068662643 -260.7510406896472 -201.3556095212698
v 2147.3511829972267 -333.05428870022297 -187.54254084080458
v 2067.7454513311386 -398.8977501541376 -176.064324490726
v 1991.5889337658882 -461.49682208895683 -167.4864750355482
v 1919.2199075222015 -523.7767681479454 -161.95422034710646
v 1849.6039724349976 -587.8830698877573 -159.27578151226044
v 1780.8504167199135 -654.9446706473827 -159.02652012184262
v 1710.728886127472 -725.0823566317558 -160.65892577171326
v 1637.1065655350685 -797.6062622666359 -163.60250644385815
v 1558.253538608551 -871.3221020996571 -167.34310541301966
v 1473.003734946251 -944.86956179142 -171.47636383771896
v 1380.7825383543968 -1017.0232586562634 -175.73549021035433
v 1281.5232035517693 -1086.89259827137 -179.9909569695592
v 1175.524036437273 -1154.0155212581158 -184.23315051943064
v 1063.2803173363209 -1218.3351424336433 -188.53998459875584
v 945.3313936293125 -1280.0805953145027 -193.03764950484037
v 822.148729711771 -1339.591446518898 -197.86094415932894
v 694.076746404171 -1397.1208730340004 -203.117741830647
v 561.3284597545862 -1452.626248896122 -208.8556933403015
v 424.0319372713566 -1505.602433681488 -215.03843009471893
v 282.3225277662277 -1554.9535912275314 -221.5269247069955
v 136.45886920392513 -1598.9023250341415 -228.06377172470093
v -13.035576222464442 -1634.9556988477707 -234.2619054019451
v -165.56771885603666 -1667.8841799497604 -241.10069897025824
v -321.2285418063402 -1700.091053545475 -249.12003073841333
v -479.47219856083393 -1725.5425462126732 -257.27110859006643
v -638.8887140154839 -1739.108676314354 -264.6440540254116
v -797.3944218456745 -1736.7489272356033 -270.4742543399334
v -952.4569074809551 -1715.6951901316643 -274.1586507484317
v -1101.3480333983898 -1674.577366411686 -275.2733727917075
v -1241.4231695234776 -1613.5022485256195 -273.5964734479785
v -1370.414265692234 -1534.0381988883018 -269.1279147937894
v -1486.6977429389954 -1439.0567815303802 -262.095996029675
v -1589.5106571912766 -1332.4430269002914 -252.94866900891066
v -1679.069475531578 -1218.6909402906895 -242.3265367373824
v -1756.5882036089897 -1102.4169439077377 -231.01817954331636
v -1824.1564238071442 -987.8535228967667 -219.89790372550488
v -1884.5185807347298 -878.4022594988346 -209.8585980758071
v -1940.753755569458 -776.2768216431141 -201.7369867488742
v -1995.8994653820992 -682.3031063377857 -196.24335709959269
v -2052.561354935169 -595.8874598145485 -193.89891013503075
v -2112.5406366586685 -515.162151902914 -194.98335029929876
v -2176.5155336260796 -437.28444039821625 -199.49474349617958
v -2243.811160027981 -358.8722736388445 -207.12433591485023
v -2312.2833237051964 -276.54039543122053 -217.24919687956572
v -2378.3634275197983 -187.47875358909369 -228.94863970577717
v -2437.28024572134 -90.02013821154833 -241.04995738714933
v -2483.4720760583878 15.89759539347142 -252.205027975142
v -2513.4897044301033 128.66486912593246 -261.6254797205329
v -2526.851806342602 246.07132624834776 -269.277503862977
v -2522.94371843338 365.74313148856163 -275.035896115005
v -2502.1354219317436 485.4199995100498 -278.98865785449743
v -2465.6485071778297 603.2868568599224 -281.4120804145932
v -2415.2813044190407 718.1909821927547 -282.7191502228379
v -2353.0627185106277 829.6899604797363 -283.38700123131275
v -2280.89241117239 937.9211504757404 -283.875284679234
v -2200.2533411979675 1043.333565890789 -284.5521045848727
v -2112.0468732714653 1146.3542248308659 -285.640166439116
v -2016.583372950554 1247.0626148581505 -287.191046141088
v -1913.6943084001541 1344.9729365110397 -289.0904803201556
v -1802.9538750648499 1438.9486238360405 -291.09052542597055
v -1683.923222720623 1527.2761434316635 -292.8594270721078
v -1556.3825470209122 1607.8686434030533 -294.04081854969263
v -1420.4894578456879 1678.5582673549652 -294.3099423497915
v -1276.8646863102913 1737.3966598510742 -293.4200495108962
v -1126.5657658874989 1782.9330211877823 -291.2329090386629
v -971.0008703172207 1814.403876364231 -287.73291543126106
v -811.7881175875664 1831.8290972709656 -283.0252683535218
v -650.5938643217087 1836.0294991731644 -277.3263590410352
v -488.9821496605873 1828.5641911625862 -270.9479372575879
v -328.2790809869766 1811.6304582357407 -264.2807473242283
v -169.45536602288485 1787.950446009636 -257.7831321209669
v -13.035441120155156 1760.630843937397 -251.9693337008357
v 140.59313260018826 1724.5685201883316 -245.80459162592888
v 290.26445776224136 1676.5534818172455 -238.6003676429391
v 435.3512164205313 1622.1622970700264 -231.31491161882877
v 576.0036613047123 1566.0721415281296 -224.7560879588127
v 712.9571661353111 1511.9256389141083 -219.58065506070852
v 847.3230019211769 1462.2176975011826 -216.28736324608326
v 980.3696323931217 1418.2449960708618 -215.21117143332958
v 1113.2970315217972 1380.1000678539276 -216.5149987861514
v 1247.0129351317883 1346.7378941178322 -220.18331564962864
v 1381.9452714920044 1316.1418572068214 -226.02640993893147
v 1517.8884196281433 1285.57752430439 -233.69301564991474
v 1653.9315339922905 1251.9038473069668 -242.6935599371791
v 1788.4501254558563 1211.9283539056778 -252.43203777819872
v 1919.1847145557404 1162.7661310136318 -262.24725373089314
v 2043.3826652169228 1102.1448810398579 -271.4537413418293
v 2157.9985722899437 1028.660450130701 -279.38717648386955
v 2259.933331012726 941.9344380497932 -285.4469085112214
v 2346.298691034317 842.6689596474171 -289.1365573182702
v 2414.685602784157 732.6000748574734 -290.1019747182727
v 2463.4205800294876 614.353452026844 -288.1671769171953
v 2491.79885327816 491.1906220763922 -283.36574513465166
v 2500.256845653057 366.66448183357716 -275.964243337512
v 2490.4443791508675 244.20583356171846 -266.470106318593
v 2465.1611149311066 126.66394229978323 -255.61620485037565
v 2446.1405301094055 15.89744251454249 -150.06244871765375
v 2390.963419675827 -87.27081095799804 -141.95520089939237
v 2318.8182935118675 -179.58185769617558 -132.5712599605322
v 2237.850806415081 -260.5865666642785 -123.09920387342572
v 2154.5158338546753 -331.9997891038656 -114.47860520333052
v 2073.1813994050026 -396.8452948331833 -107.35930131748319
v 1996.0739132761955 -458.5826700180769 -102.09755463525653
v 1923.5001003742218 -520.3493600338697 -98.78147082403302
v 1854.3101215362549 -584.4457258284092 -97.28618690744042
v 1786.4500424265862 -652.0871382951736 -97.34027523547411
v 1717.5097516179085 -723.4169101715088 -98.59563641250134
v 1645.1869919896126 -797.7173021435738 -100.6905660033226
v 1567.6054626703262 -873.7314550578594 -103.29904554411769
v 1483.4856262803078 -950.0210839509964 -106.16457026451826
v 1392.1682214736938 -1025.2753266692162 -109.11596316844225
v 1293.5323482751846 -1098.5263766348362 -112.06824727356434
v 1187.840057760477 -1169.237768650055 -115.0102161988616
v 1075.5646346509457 -1237.280866354704 -117.98425888642669
v 957.2342009842396 -1302.8176787495613 -121.0628755018115
v 833.313243240118 -1366.107374727726 -124.32242492213845
v 704.1445894539356 -1427.3035442829132 -127.82120497897267
v 569.9475888907909 -1486.240386068821 -131.57909704372287
v 430.8699154853821 -1542.2662234306335 -135.56321199983358
v 287.08336248993874 -1594.0996986627579 -139.67489197850227
v 138.90871493145823 -1639.7514989972115 -143.74109225347638
v -13.035578592680395 -1676.4817306399345 -147.506531085819
v -168.06750029325485 -1709.8671135306358 -151.64797149598598
v -326.32875353097916 -1743.0748629570007 -156.57482562586665
v -487.320002540946 -1769.768728017807 -161.62963349372149
v -649.6302293241024 -1784.5321774482727 -166.2398362532258
v -811.1336345970631 -1783.0733379721642 -169.9225640296936
v -969.2133103311062 -1762.387458384037 -172.29103550314903
v -1121.0273486375809 -1720.9230142831802 -173.06888349354267
v -1263.7943674623966 -1658.6590719223022 -172.10323855280876
v -1395.1006147265434 -1577.1066534519196 -169.3781728297472
v -1513.1830289959908 -1479.1544643044472 -165.01957323402166
v -1617.1659576892853 -1368.7902316451073 -159.29231613874435
v -1707.1932065486908 -1250.6808158755302 -152.58401717990637
v -1784.4548135995865 -1129.664036333561 -145.3771385550499
v -1851.0790431499481 -1010.2326089143753 -138.21338837966323
v -1909.9036315083504 -896.0462987422943 -131.65006130933762
v -1964.1592019796371 -789.5620147883892 -126.21599992737174
v -2017.0734956860542 -691.7991395294666 -122.36597282812
v -2071.476057469845 -602.2978510707617 -120.44307351112366
v -2129.395943880081 -519.2447635531425 -120.64384976401925
v -2191.7239010334015 -439.7680854052305 -122.99215544015169
v -2257.955546975136 -360.3778348118067 -127.32150657102466
v -2326.041649878025 -277.515123039484 -133.26703211292624
v -2392.4251413345337 -188.16059835255146 -140.27486948296428
v -2452.244689464569 -90.43535264208913 -147.62756379321218
v -2499.749126434326 15.897596578579396 -154.48993626981974
v -2530.9719622135162 129.30639177560806 -160.31044714152813
v -2544.997117817402 247.49008063226938 -165.00053565949202
v -2541.1433362960815 367.92820513248444 -168.4749498963356
v -2519.8069936037064 488.2191676646471 -170.78792039304972
v -2482.313286960125 606.4464495331049 -172.11787700653076
v -2430.6264996528625 721.4194059371948 -172.73407626897097
v -2366.9672775268555 832.732483446598 -172.94978488236666
v -2293.4154945611954 940.6228932738304 -173.06810606271029
v -2211.5903306007385 1045.677614659071 -173.33311516791582
v -2122.4652048945427 1148.4639824926853 -173.89396514743567
v -2026.3533651828766 1249.1704005002975 -174.78755552321672
v -1923.031366467476 1347.3625692725182 -175.94162315130234
v -1811.9785955548286 1441.8837475776672 -177.19531569629908
v -1692.648044526577 1530.9331780672073 -178.33186268806458
v -1564.720549583435 1612.283843755722 -179.11684028804302
v -1428.2837897539139 1683.60132843256 -179.33543108403683
v -1283.9266404509544 1742.771778702736 -178.82253531366587
v -1132.715054154396 1788.2031679153442 -177.48269964009523
v -976.1013475060463 1819.0391844511032 -175.2998634800315
v -815.7730384171009 1835.2666309475899 -172.33652468770742
v -653.478474020958 1837.7372682094574 -168.72767180204391
v -490.862660035491 1828.1018283963203 -164.6702792495489
v -329.32080037891865 1808.7197571992874 -160.41481249034405
v -169.86753709614277 1782.530880868435 -156.25672368332744
v -13.035441120155156 1752.9295003414154 -152.53208100795746
v 140.78107176348567 1714.0579587221146 -148.53508155792952
v 290.29244527220726 1662.1792787313461 -143.7910658866167
v 434.80007484555244 1603.4901529550552 -138.93511913716793
v 574.4741325080395 1543.2197707891464 -134.50548890978098
v 710.1427906751633 1485.4688712954521 -130.94188818708062
v 843.0714792013168 1433.1100803613663 -128.58425334095955
v 974.7200994193554 1387.6958325505257 -127.66562400385737
v 1106.4979627728462 1349.4560956954956 -128.30780083313584
v 1239.5162265002728 1317.359958589077 -130.51632065325975
v 1374.3784803152084 1289.2843145132065 -134.18254224583507
v 1511.0013684630394 1262.2751538455486 -139.0897899493575
v 1648.5288068652153 1232.890771329403 -144.92857044562697
v 1785.318406522274 1197.5909365713596 -151.31768664345145
v 1919.0119352936745 1153.1234857439995 -157.82903961837292
v 2046.6929277777672 1096.8771614134312 -164.01640303432941
v 2165.091927051544 1027.1570885181427 -169.44307882338762
v 2270.853162407875 943.3771979808807 -173.7117239832878
v 2360.8126041293144 846.1209042370319 -176.48876380175352
v 2432.293918132782 737.108491063118 -177.53071073442698
v 2483.3907681703568 619.0473897755146 -176.7074304446578
v 2513.2248470187187 495.36705635488033 -174.0229617804289
v 2522.1450504660606 369.8547166585922 -169.63262025266886
v 2511.815004646778 246.20669402182102 -163.84811770170927
v 2485.1586079597473 127.53151718527079 -157.12997760623693
v 2460.2096769213676 15.89744251454249 -56.0396936442703
v 2403.608464896679 -87.94147778302431 -53.269916167482734
v 2329.7622442245483 -180.62708500772715 -50.062904953956604
v 2247.063930630684 -261.7070720344782 -46.825934210792184
v 2162.186838686466 -332.96842999756336 -43.88228243216872
v 2079.63142067194 -397.5465374439955 -41.4548684284091
v 2001.6820338368416 -459.02356810867786 -39.66567062307149
v 1928.6576902866364 -520.6577156484127 -38.54562981519848
v 1859.3719926476479 -584.8470318317413 -38.05263674817979
v 1791.7086604237556 -652.8793592751026 -38.094772077165544
v 1723.181583583355 -724.9429500102997 -38.55389949865639
v 1651.4079555869102 -800.340315848589 -39.30711146444082
v 1574.4350218772888 -877.8148251771927 -40.24343683384359
v 1490.911645591259 -955.9100656211376 -41.27506384626031
v 1400.114853978157 -1033.281574845314 -42.34267073683441
v 1301.8677720427513 -1108.914066106081 -43.41569594107568
v 1196.3884596526623 -1182.2165402770042 -44.48837509378791
v 1084.1136433184147 -1252.994601726532 -45.57277733460069
v 965.5433058738708 -1321.3300892710686 -46.6907418332994
v 841.1277504265308 -1387.405035495758 -47.86581905558705
v 711.2028270959854 -1451.2802696228027 -49.115093518048525
v 575.9930427372456 -1512.690782546997 -50.44277472421527
v 435.66313683986664 -1570.8743128180504 -51.83508697897196
v 290.4163980856538 -1624.4304230809212 -53.256050404161215
v 140.6211675144732 -1671.2311524152756 -54.64402990415692
v -13.03557977778837 -1708.38643014431 -55.90931280516088
v -169.8061579838395 -1741.942013502121 -57.294746693223715
v -329.849908426404 -1775.5323347449303 -58.954111179336905
v -492.68548883497715 -1802.6624712347984 -60.66329760476947
v -656.8959841132164 -1817.7717825770378 -62.22690062597394
v -820.323853045702 -1816.4238312840462 -63.4791283775121
v -980.2995498478413 -1795.4900839924812 -64.28650451824069
v -1133.9089603722095 -1753.3167746663094 -64.55249963328242
v -1278.2843887805939 -1689.811066687107 -64.22206308692694
v -1410.9209150075912 -1606.4550086855888 -63.2866573613137
v -1529.9640062451363 -1506.1479246616364 -61.78564226254821
v -1634.4619354605675 -1392.9411014914513 -59.80615640990436
v -1724.4994994997978 -1271.6000764071941 -57.47715851292014
v -1801.2398865818977 -1147.1029096841812 -54.9609088152647
v -1866.8162152171135 -1024.1020508110523 -52.440506499260664
v -1924.1099095344543 -906.4304992556572 -50.105644688010216
v -1976.4274397492409 -796.7090691626072 -48.13731781207025
v -2027.1094071865082 -696.1067889630795 -46.69299827888608
v -2079.126735329628 -604.2820820957422 -45.89361924678087
v -2134.6709448099136 -519.4972579181194 -45.81167140044272
v -2194.8048025369644 -438.9054784923792 -46.46219613030553
v -2259.1854804754257 -358.98399613797665 -47.79609678313136
v -2325.9096762537956 -276.0889735817909 -49.697441356256604
v -2391.5205910801888 -187.06756852567196 -51.985443998128176
v -2451.1920860409737 -89.87490085884929 -54.42196911200881
v -2499.1666221618652 15.89759539347142 -56.72839781269431
v -2530.918110907078 128.8357332535088 -58.691500732675195
v -2545 246.56078532338142 -60.25360103696585
v -2540.757578909397 366.43292121589184 -61.38741279952228
v -2518.6554858088493 485.95183804631233 -62.11373703554273
v -2480.1449754834175 603.147412315011 -62.49752240255475
v -2427.349306344986 716.8346877396107 -62.63583398424089
v -2362.655684053898 826.67534917593 -62.64124755747616
v -2288.29597979784 933.0281145870686 -62.62300637550652
v -2206.0016268491745 1036.6356010735035 -62.66958111897111
v -2116.8045982718468 1138.2281385362148 -62.8358328063041
v -2021.0178384184837 1238.1358885765076 -63.13675068318844
v -1918.3634442090988 1336.0217875242233 -63.54822491295636
v -1808.2258421182632 1430.7667142152786 -64.0142283309251
v -1689.9419784545898 1520.543819963932 -64.4581223744899
v -1563.0722445249557 1603.0411392450333 -64.79610094800591
v -1427.5981336832047 1675.7944059371948 -64.95025979354978
v -1284.0278202295303 1736.5335220098495 -64.85936201177537
v -1133.3798523247242 1783.5085475444794 -64.48619995266199
v -977.0906946063042 1815.7110220193863 -63.82077604532242
v -816.8636411428452 1833.0057862401009 -62.88068677298725
v -654.4856451451778 1836.1551016569138 -61.70885200612247
v -491.6565875709057 1826.7602482438087 -60.37011611275375
v -329.83432188630104 1807.166260778904 -58.94803394563496
v -170.09754285216331 1780.3495237231255 -57.542628617957234
v -13.035441120155156 1749.7735103964806 -56.26818246208131
v 140.89597983285785 1709.2626136541367 -54.8778232652694
v 290.30459973961115 1654.9560740590096 -53.20818626321852
v 434.42906968295574 1593.4237509965897 -51.48296769708395
v 573.430744484067 1530.228560268879 -49.892074009403586
v 708.1779764592648 1469.7740218043327 -48.59185886569321
v 840.0145453214645 1415.1821461319923 -47.704151365906
v 970.5115818977356 1368.2060587406158 -47.31432668864727
v 1101.2103712558746 1329.2149823904037 -47.469466803595424
v 1233.3615531027317 1297.2411105036736 -48.176331566646695
v 1367.704862356186 1270.1598194241524 -49.40212666988373
v 1504.2701068520546 1244.935336560011 -51.07583570294082
v 1642.286909520626 1217.9870051145554 -53.09380438178778
v 1780.1433718204498 1185.5698838829994 -55.325585501268506
v 1915.4741320014 1144.213369935751 -57.62410716153681
v 2045.29476583004 1091.0652402043343 -59.83394008129835
v 2166.22416973114 1024.208464026451 -61.80191616527736
v 2274.7516936063766 942.8648521006107 -63.386983862146735
v 2367.5293031334877 847.4772745370865 -64.46908699348569
v 2441.6830071806908 739.68804448843 -64.95843229815364
v 2495.1127564907074 622.195832952857 -64.80378044769168
v 2526.7708018422127 498.49065966904163 -64.00013976730406
v 2536.8757340312004 372.4787163734436 -62.59471547789872
v 2527.0156356692314 248.02019365131855 -60.68925146944821
v 2500.1218381524086 128.41054495424032 -58.43844225630164
v 2470.9089455008507 15.89744251454249 39.37779841478914
v 2414.277698099613 -88.90040079131722 36.60753504373133
v 2340.3237748146057 -182.53311786800623 33.39812991209328
v 2257.4221915006638 -264.5298854634166 30.155800110660493
v 2172.2342789173126 -336.6537934541702 27.2029684856534
v 2089.260185956955 -402.0160062611103 24.762250459752977
v 2010.8017146587372 -464.1817647963762 22.956164865754545
v 1937.2098845243454 -526.4067597687244 21.817055670544505
v 1867.341834306717 -591.1062222719193 21.30498710554093
v 1799.1270950436592 -659.6050082147121 21.330637582577765
v 1730.1194521784782 -732.1440073847771 21.778508848510683
v 1657.9611286520958 -808.0850438773632 22.52793794963509
v 1580.7051342725754 -886.2263233959675 23.469418538734317
v 1496.9868314266205 -965.1520116627216 24.5156460814178
v 1406.0523018240929 -1043.5344843566418 25.60676551423967
v 1307.6829546689987 -1120.3480637073517 26.710712555795908
v 1202.0517209172249 -1194.9650406837463 27.81953039113432
v 1089.5545214414597 -1267.1331484615803 28.94266433082521
v 970.659786760807 -1336.8630814552307 30.099268089979887
v 845.7999959588051 -1404.2635282874107 31.310431850142777
v 715.3072068095207 -1469.3260699510574 32.59123255498707
v 579.4148002564907 -1531.7289638519287 33.944410174153745
v 438.30624997615814 -1590.6680810451508 35.35524566657841
v 292.2100068628788 -1644.7131004929543 36.78716897033155
v 141.52326222509146 -1691.714369058609 38.17813731264323
v -13.03557977778837 -1728.7655848264694 39.43801375105977
v -170.6865130737424 -1761.9316184520721 40.81034982576966
v -331.5631005167961 -1794.9057593941689 42.45094694197178
v -495.16443133354187 -1821.2269127368927 44.136625565588474
v -660.0568282604218 -1835.3588607907295 45.672482838854194
v -824.0677323937416 -1832.8844311833382 46.89292125403881
v -984.5121631026268 -1810.6899565458298 47.6643933635205
v -1138.4610643982887 -1767.1363851428032 47.89017539471388
v -1283.0308884382248 -1702.1452912688255 47.51492280513048
v -1415.7010906934738 -1617.215713262558 46.52972832322121
v -1534.600376188755 -1515.2645716071129 44.97349667362869
v -1638.760634958744 -1400.3645420074463 42.93285924941301
v -1728.2492190599442 -1277.304598391056 40.53618694655597
v -1804.2127820849419 -1151.0911677777767 37.945145084522665
v -1868.769879937172 -1026.4111341536045 35.342292436398566
v -1924.7928351163864 -907.1392127871513 32.9170116269961
v -1975.5870559811592 -795.9473386406898 30.850389525294304
v -2024.5083132386208 -694.0640041232109 29.300619084388018
v -2074.56211656332 -601.213543638587 28.39025469031185
v -2128.000512421131 -515.724442973733 28.19449855480343
v -2185.9759187698364 -434.80731822550297 28.732295813970268
v -2248.263525366783 -354.97783817350864 29.9596742214635
v -2313.101256787777 -272.5984797999263 31.76678374875337
v -2377.187193632126 -184.48080964386463 33.979541515000165
v -2435.8487111330032 -88.49586181342602 36.36655755806714
v -2483.4629744291306 15.897594208363444 38.65536370314658
v -2514.9797928333282 127.40323161706328 40.60423110611737
v -2528.4142526984215 243.56756284832954 42.12636956945062
v -2523.223290145397 361.65449000895023 43.19960809312761
v -2500.0018483400345 479.1098778694868 43.85070167481899
v -2460.347718298435 593.9581040292978 44.151235576719046
v -2406.5317565202713 705.0600616633892 44.205437675118446
v -2341.084367632866 812.1744059026241 44.13333096541464
v -2266.361204981804 915.8013850450516 44.05145422555506
v -2184.1869935393333 1016.8584433197975 44.054957404732704
v -2095.645433962345 1116.2665897607803 44.20424308627844
v -2001.0538697242737 1214.5420384407043 44.518201891332865
v -1900.0897997617722 1311.507307589054 44.9746960029006
v -1792.0498198270798 1406.1583358049393 45.51751811988652
v -1676.1473974585533 1496.7225807905197 46.06774479150772
v -1551.799876689911 1580.8763965964317 46.53736515901983
v -1418.8384222984314 1656.0754227638245 46.8427674844861
v -1277.6308917999268 1719.9109131097794 46.915940791368484
v -1129.0769812464714 1770.445737540722 46.71234398148954
v -974.5250970125198 1806.453754901886 46.21454174630344
v -815.62650218606 1827.566349208355 45.43297251686454
v -654.1540424525738 1834.309746325016 44.40383897162974
v -491.8299736082554 1828.0582922697067 43.18582291714847
v -330.1683896034956 1810.9437403082848 41.85675750486553
v -170.33522810786963 1785.7463347911835 40.51120012998581
v -13.035441120155156 1755.751460492611 39.25810013897717
v 141.14768728613853 1714.9782851338387 37.8583382954821
v 290.7435068488121 1659.9191924929619 36.16160972509533
v 434.9372060596943 1597.2291421890259 34.39416813198477
v 573.850329592824 1532.5634315609932 32.7485200855881
v 708.3270156383514 1470.4297941923141 31.383915655314922
v 839.7056967020035 1414.067803323269 30.425570979714394
v 969.57350730896 1365.3583106398582 29.962836089544
v 1099.5122347772121 1324.8020574450493 30.04733428824693
v 1230.8366094529629 1291.5572947263718 30.690741259604692
v 1364.3710872530937 1263.604598492384 31.86524725984782
v 1500.2433943748474 1237.981767654419 33.50446254014969
v 1637.78463691473 1211.1379532516003 35.50855360459536
v 1775.4760563373566 1179.308721423149 37.74965204298496
v 1911.0243454575539 1138.95452439785 40.08170277811587
v 2041.48558229208 1087.111719995737 42.34854887239635
v 2163.4810903668404 1021.7215196788311 44.39453350380063
v 2273.4610825777054 941.8512339890003 46.07452834956348
v 2367.9992505908012 847.7931769192219 47.26311106234789
v 2444.111776947975 741.0618595778942 47.864316338673234
v 2499.5664870738983 624.2629646509886 47.82030616886914
v 2533.1706124544144 500.83804570138454 47.119542341679335
v 2545 374.69272561371326 45.80302485264838
v 2536.5077248215675 249.73319612443447 43.966851737350225
v 2510.5051285028458 129.34373689815402 41.76073057577014
v 2472.1748304367065 15.89744251454249 137.01453315094113
v 2417.199624478817 -89.62888192385435 128.94810993224382
v 2345.485460460186 -184.39445793628693 119.65915776789188
v 2264.9760887026787 -267.9786444827914 110.30535649508238
v 2181.949661374092 -342.06239871680737 101.79877469316125
v 2100.6508749723434 -409.595805183053 94.76943472400308
v 2023.258356153965 -473.9584694802761 89.56465855240822
v 1950.1068931818008 -538.2353888452053 86.2755667604506
v 1880.1352360844612 -604.7278723120689 84.79074023663998
v 1811.4091369509697 -674.7150780260563 84.85938169062138
v 1741.635895371437 -748.4579193592072 86.15666724741459
v 1668.5995680093765 -825.3865584731102 88.34226233884692
v 1590.4563164710999 -904.3863491714001 91.10530840232968
v 1505.9011188149452 -984.1213998198509 94.19564336538315
v 1414.1959846019745 -1063.313765823841 97.43840217590332
v 1315.105333328247 -1140.9443680942059 100.73551477864385
v 1208.7645517289639 -1216.3400653004646 104.05509702861309
v 1095.5316372215748 -1289.1664484143257 107.41433773189783
v 975.8511285483837 -1359.3363693356514 110.85920959711075
v 850.1477684080601 -1426.849069595337 114.44127904251218
v 718.7721970677376 -1491.6165667772293 118.19817561656237
v 581.9953017681837 -1553.272823691368 122.13434584438801
v 440.0506530702114 -1611.0193240642548 126.2069646641612
v 293.21892246603966 -1663.4829354286194 130.31205544248223
v 141.9419845752418 -1708.6267131567001 134.2743549309671
v -13.03557977778837 -1743.698627948761 137.83784188330173
v -170.91083031147718 -1774.4293689727783 141.69488482177258
v -331.74206130206585 -1804.290297627449 146.28546219319105
v -494.9816782027483 -1827.1457022428513 150.96995700150728
v -659.1928561031818 -1837.7372682094574 155.18841046839952
v -822.2377739846706 -1831.8946290016174 158.46630536019802
v -981.4962624013424 -1806.7060217261314 160.42194209992886
v -1134.1261859238148 -1760.689246058464 160.78149437904358
v -1277.3457074165344 -1693.8732755184174 159.3921685963869
v -1408.7365239858627 -1607.8022015094757 156.23607436195016
v -1526.5223768353462 -1505.3829327225685 151.4346520602703
v -1629.8029631376266 -1390.612449645996 145.24611301720142
v -1718.6846202611923 -1268.162239342928 138.04929358884692
v -1794.3077823519707 -1142.8818015754223 130.31653989106417
v -1858.7451937794685 -1019.2927499115467 122.57934914901853
v -1914.784683585167 -901.112265586853 115.3863599896431
v -1965.6260812282562 -790.8917628228664 109.26157027482986
v -2014.503954052925 -689.781004935503 104.66077253222466
v -2064.312771856785 -597.4825961887836 101.93651268258691
v -2117.2190257906914 -512.3573710769415 101.30444245412946
v -2174.3328112363815 -431.69558495283127 102.81834678724408
v -2235.4491898417473 -352.12265707552433 106.35180784389377
v -2298.885725438595 -270.1147399842739 111.58839231356978
v -2361.487793326378 -182.57731765508652 118.02744422107935
v -2418.7948366999626 -87.4289328046143 125.00506607815623
v -2465.4085275530815 15.897591838147491 131.7349150404334
v -2495.8926144242287 126.15351155400276 137.42544326931238
v -2507.8163555264473 240.78005615621805 141.74131261184812
v -2500.7956621050835 356.9328302145004 144.63705284520984
v -2475.5999252200127 472.00431175529957 146.2159864231944
v -2433.985152542591 584.0139672905207 146.71399723738432
v -2378.376624882221 691.866188198328 146.4650297537446
v -2311.4499178528786 795.4118594527245 145.8510110899806
v -2235.697664320469 895.2933664619923 145.2445107512176
v -2153.0647307634354 992.6183775067329 144.95462385937572
v -2064.732508659363 1088.5421927273273 145.1866395585239
v -1971.0762885212898 1183.8430014252663 146.01927746087313
v -1871.7837327718735 1278.6131092905998 147.4047445319593
v -1766.102591753006 1372.0938196778297 149.18654963374138
v -1653.1381753087044 1462.7055448293686 151.13230731338263
v -1532.147487103939 1548.237043917179 152.97317819669843
v -1402.7657034993172 1626.158367395401 154.44467462599277
v -1265.1453526318073 1693.9676290750504 155.32070644199848
v -1119.9758070707321 1749.5286765694618 155.43843980878592
v -968.4228338301182 1791.3341283798218 154.71250902861357
v -811.9965448975563 1818.662528693676 153.13787976279855
v -652.383775562048 1831.6464579105377 150.78615149483085
v -491.28179006278515 1831.2408286333084 147.79617147520185
v -330.24381935596466 1819.157050549984 144.36508478596807
v -170.53768247365952 1797.7477431297302 140.73899568989873
v -13.035441120155156 1769.8882627487183 137.2069852054119
v 141.48807873949409 1730.1115640997887 133.11168815940619
v 291.47785663604736 1675.5843099951744 128.0780036561191
v 436.04859083890915 1612.840104997158 122.77266396209598
v 575.2401483803988 1547.4817603826523 117.76699541136622
v 709.8130083084106 1484.018526673317 113.53652969002724
v 841.0347621142864 1425.7612732052803 110.46097539365292
v 970.4439264535904 1374.7138753533363 108.81714530289173
v 1099.605450630188 1331.5456062555313 108.77375138923526
v 1229.856819063425 1295.6158629059792 110.38413299247622
v 1362.0818758010864 1265.1057605445385 113.58518548309803
v 1496.5047484636307 1237.2420327365398 118.19950293749571
v 1632.5718304514885 1208.6156642436981 123.94695427268744
v 1768.8989156484604 1175.5638560652733 130.4624503850937
v 1903.3091977238655 1134.5657187700272 137.3186508193612
v 2032.9635751247406 1082.6271955668926 144.05413141474128
v 2154.5501166582108 1017.5999985635281 150.201950147748
v 2264.5539247989655 938.4300073981285 155.32224234193563
v 2359.545809030533 845.2693709731102 159.02991427108645
v 2436.5088826417923 739.4925111532211 161.02585416287184
v 2493.152265548706 623.5782945901155 161.12390525639057
v 2528.204611837864 500.86170993745327 159.27587632089853
v 2541.6481733322144 375.1694992929697 155.59109119698405
v 2534.824226796627 250.35927444696426 150.3433003462851
v 2510.4057690501213 129.8006576485932 143.96350383758545
v 2462.0844608545303 15.89744251454249 236.2330149114132
v 2410.205325782299 -89.92998467758298 223.54498345404863
v 2342.733582854271 -185.75369145721197 209.11863561719656
v 2266.809611916542 -271.2529366463423 194.69291351735592
v 2188.052303791046 -347.98331193625927 181.6315446048975
v 2110.2474811673164 -418.6260624974966 170.87220527231693
v 2035.3212004899979 -486.23224407434464 162.9264260455966
v 1963.5622867941856 -553.5852865874767 157.9253557138145
v 1894.0193164348602 -622.7653674036264 155.6991540826857
v 1824.9652552604675 -694.9393533170223 155.87126020342112
v 1754.3534502387047 -770.3611418604851 157.9548412002623
v 1680.198380947113 -848.5329876840115 161.43819589167833
v 1600.8414271473885 -928.4545458853245 165.851310454309
v 1515.0939160585403 -1008.9002820849419 170.81018146127462
v 1422.2730737924576 -1088.6710566282272 176.0406033694744
v 1322.1428647637367 -1166.7614428699017 181.3780452683568
v 1214.8106881976128 -1242.4526396393776 186.75561018288136
v 1100.599424391985 -1315.3113335371017 192.17938482761383
v 979.9288101494312 -1385.1137003302574 197.6987076178193
v 853.2267737388611 -1451.7257943749428 203.37505247443914
v 720.8784657716751 -1514.9598187208176 209.25415508449078
v 583.2157923281193 -1574.4055932760239 215.33658429980278
v 440.54858803749084 -1629.2931202054024 221.55546210706234
v 293.2363672554493 -1678.3707737922668 227.7567244693637
v 141.78368259221315 -1719.8101884126663 233.68033025413752
v -13.03557977778837 -1751.1590817570686 238.94598305225372
v -170.39888262748718 -1777.5830835103989 244.5988343283534
v -330.25546185672283 -1802.1702247858047 251.29304472357035
v -491.9991122186184 -1819.3547075986862 258.0508906766772
v -654.2150992155075 -1824.3836611509323 264.0161933004856
v -814.8529395461082 -1813.5085794329643 268.4636475518346
v -971.4366866648197 -1784.1770622134209 270.81721510738134
v -1121.3057826459408 -1735.1666089892387 270.66965494304895
v -1261.8818117678165 -1666.6648650169373 267.8053532540798
v -1390.9492099285126 -1580.263705253601 262.22047977149487
v -1506.9127649068832 -1478.8049617409706 254.12915032356977
v -1609.0036165714264 -1366.104189157486 243.9548371732235
v -1697.3919653892517 -1246.5646040439606 232.3048086091876
v -1773.210205733776 -1124.7154805064201 219.92835626006126
v -1838.4388521313667 -1004.7328735888004 207.6586963608861
v -1895.7096406817436 -890.017607063055 196.35204572230577
v -1948.0104845762253 -782.8557068109512 186.8189423531294
v -1998.342797756195 -684.2221090197563 179.7608184814453
v -2049.3633458018303 -593.7376929074526 175.71269821375608
v -2103.036412000656 -509.7863504290581 174.99507267028093
v -2160.3282859921455 -429.77081790566444 177.67472505569458
v -2220.9753239154816 -350.49612008035183 183.53763435035944
v -2283.3407494425774 -268.6531510576606 192.07602445036173
v -2344.4202664494514 -181.3530157878995 202.49596782028675
v -2400.003461241722 -86.66978107765317 213.75187687575817
v -2445.0239118933678 15.897590653039515 224.6110876277089
v -2473.8562047481537 125.10270001366735 233.6911005154252
v -2483.7587773799896 238.2942684739828 240.33963210880756
v -2474.5177415013313 352.5464516878128 244.5182090625167
v -2447.053726911545 465.21624080836773 246.43131464719772
v -2403.25061917305 574.3235005438328 246.49951998144388
v -2345.6433737277985 678.8029231131077 245.30381239950657
v -2277.012083232403 778.5661847889423 243.50552007555962
v -2199.9569314718246 874.3572679162025 241.75466999411583
v -2116.540802717209 967.4397820234299 240.6026502326131
v -2028.0624994635582 1059.1852667927742 240.4341373592615
v -1935.002436041832 1150.6487527489662 241.42769396305084
v -1837.1144133806229 1242.239661514759 243.54979570955038
v -1733.6568003892899 1333.5290029644966 246.5796522423625
v -1623.6737743020058 1423.23450922966 250.15668734908104
v -1506.2896066904068 1509.372631907463 253.84315058588982
v -1380.9406033158302 1589.5306807756424 257.18784764409065
v -1247.539236843586 1661.1926621198654 259.7838029637933
v -1106.517834663391 1722.0702746510506 261.31170105189085
v -958.797557502985 1770.3721660375595 261.56658459454775
v -805.6819862127304 1804.9821731448174 260.4669560864568
v -648.7114956974983 1825.5562543869019 258.0529195815325
v -489.51095432043076 1832.524158358574 254.47442442178726
v -329.64125357568264 1827.0345106720924 249.975451156497
v -170.4647746309638 1810.8704721927643 244.8809089884162
v -13.035441120155156 1786.330204308033 239.5828126743436
v 141.65469544008374 1748.6731234192848 233.12617376446724
v 291.9761139526963 1695.9091582894325 225.04631616175175
v 436.9685759395361 1634.2742902040482 216.4067842066288
v 576.5618566423655 1569.177769124508 208.12695622444153
v 711.3934303820133 1505.0502681732178 200.98316326737404
v 842.6082062721252 1445.205993950367 195.60241278260946
v 971.6445071995258 1391.7566761374474 192.4556003138423
v 1100.0011439621449 1345.5496764183044 191.8444448709488
v 1228.9942121505737 1306.1766350269318 193.888291567564
v 1359.5338746905327 1272.0750297605991 198.51861272007227
v 1491.919954419136 1240.733948647976 205.4816435277462
v 1625.712842643261 1208.9754819869995 214.35211036354303
v 1759.6651610732079 1173.3129473030567 224.5581654459238
v 1891.7498251795769 1130.3431695699692 235.419196523726
v 2019.2660781741142 1077.1138836443424 246.18746683001518
v 2139.028198122978 1011.4619356393814 256.0991410911083
v 2247.61700630188 932.2618332505226 264.42591831088066
v 2341.6803726553917 839.5643180608749 270.52732821553946
v 2418.2513177394867 734.6167683601379 273.9013969898224
v 2475.065052807331 619.7585683315992 274.2324308305979
v 2510.85265904665 498.17942187190056 271.43242835998535
v 2525.559981763363 373.5598761588335 265.6712297722697
v 2520.4571533203125 249.62217520922422 257.38743878901005
v 2498.093995153904 129.62386798113585 247.27370835840702
v 2440.257843732834 15.89744251454249 336.1479704082012
v 2392.5173711776733 -89.7301185876131 319.7965521365404
v 2330.6493496894836 -186.3470797613263 301.5382098034024
v 2260.784485042095 -273.75863414257765 283.4725944697857
v 2187.6997673511505 -353.35873417556286 267.2278359159827
v 2114.598059952259 -427.48547464609146 253.91670312732458
v 2043.0909579992294 -498.77535104751587 244.13796953856945
v 1973.4044852852821 -569.6259600669146 238.03648378700018
v 1904.7170680761337 -641.8304364383221 235.39964698255062
v 1835.5545458197594 -716.4001607894897 235.76976094394922
v 1764.1715294122696 -793.5621808469296 238.5568694397807
v 1688.8707166910172 -872.8914505243301 243.1395587325096
v 1608.2286128401756 -953.5170197486877 248.9432505518198
v 1521.2135481834412 -1034.34540361166 255.48971116542816
v 1427.219354212284 -1114.2675685882568 262.4250768125057
v 1326.0303223133087 -1192.3126742243767 269.5243286713958
v 1217.7289739251137 -1267.7111019194126 276.67206566780806
v 1102.6070921123028 -1339.9253246188164 283.84278427809477
v 981.063404083252 -1408.5868021845818 291.06320157647133
v 853.5337261855602 -1473.4142184257507 298.38039953261614
v 720.444697290659 -1534.1040340065956 305.82905914634466
v 582.2005055844784 -1590.1963132619858 313.397025950253
v 439.204580783844 -1640.9711173176765 321.00119069218636
v 291.9093307480216 -1685.3248736262321 328.45663860440254
v 140.89420691132545 -1721.704692542553 335.4583702981472
v -13.035578592680395 -1748.0489033460617 341.55866146087646
v -169.04091954231262 -1768.8394516706467 348.03443275392056
v -326.9462990760803 -1786.7091354727745 355.6682725995779
v -486.089576035738 -1796.8421310186386 363.2556941360235
v -645.1052026450634 -1795.136485695839 369.73942935466766
v -802.0816850662231 -1778.408752977848 374.23142470419407
v -954.74892526865 -1744.5456862449646 376.03134773671627
v -1100.703334659338 -1692.6484996080399 374.6605286002159
v -1237.645234912634 -1623.0818650126457 369.8859276622534
v -1363.6296078562737 -1537.4551022052765 361.7439514398575
v -1477.2930294275284 -1438.4724569320679 350.5466341227293
v -1578.025614619255 -1329.6653613448143 336.86517879366875
v -1666.0725006461143 -1215.0546118617058 321.5007942914963
v -1742.527248263359 -1098.7060579657555 305.42085107415915
v -1809.2364263534546 -984.3304339051247 289.69333052635193
v -1868.607112467289 -874.8979046940804 275.4044172912836
v -1923.3327820897102 -772.3434767127037 263.5713890939951
v -1976.0914379358292 -677.4105255305767 255.06604928523302
v -2029.2194682359695 -589.6207605302334 250.54138287901878
v -2084.4008260965347 -507.3942905664444 250.37269935011864
v -2142.3976212739944 -428.28797288239 254.60823733359575
v -2202.847912311554 -349.3518556654453 262.9378777742386
v -2264.148598909378 -267.57066395133734 274.6790364012122
v -2323.4666472673416 -180.34573089331388 288.7878132238984
v -2376.903677880764 -85.98348030820489 303.90806548297405
v -2419.79525744915 15.897589467931539 318.4463633596897
v -2446.5705820918083 124.04017012566328 330.4621446877718
v -2454.3354853987694 235.75847871601582 338.9668208360672
v -2443.0069908499718 348.10694240033627 343.944653570652
v -2413.601447045803 458.4508101642132 345.7103696465492
v -2368.054618835449 564.8266709595919 344.86710369586945
v -2308.9264911413193 666.1838175356388 342.23449535667896
v -2239.0174835920334 762.4493989348412 338.7443618476391
v -2160.9688889980316 854.4011114537716 335.32154247164726
v -2076.920955479145 943.381217867136 332.769483551383
v -1988.2806432247162 1030.9055945277214 331.6762261837721
v -1895.652907192707 1118.2543855905533 332.3576348274946
v -1798.9071390032768 1206.1363045871258 334.84234169125557
v -1697.3743689060211 1294.4692093133926 338.89567643404007
v -1590.108027458191 1382.3267814517021 344.0762858837843
v -1476.1565393209457 1468.0312114953995 349.8107673972845
v -1354.806488454342 1549.3905237317085 355.4806652665138
v -1225.7506190240383 1623.9707908034325 360.4943735897541
v -1089.1652750968933 1689.4181796908379 364.35281969606876
v -945.7068358361721 1743.7189549207687 366.68860115110874
v -796.439660936594 1785.3980457782745 367.28612311184406
v -642.7164041996002 1813.639491200447 366.08527690172195
v -486.04543313384056 1828.314503133297 363.1681668013334
v -327.9587036371231 1829.9676623940468 358.7450783699751
v -169.88247893750668 1819.7398582100868 353.1319898366928
v -13.035441120155156 1799.2822778224945 346.73479594290257
v 141.38763846829534 1764.700485765934 338.4468523412943
v 291.71305790543556 1714.8953086137772 327.85964757204056
v 436.9183273613453 1655.641123354435 316.358923651278
v 576.8159817159176 1592.0316568017006 305.16054447740316
v 711.893944144249 1528.302503824234 295.3025319054723
v 843.1422443687916 1467.713716328144 287.6418612152338
v 971.8542239069939 1412.421621978283 282.83479779958725
v 1099.4141647219658 1363.4213322401047 281.3210830837488
v 1227.0685349404812 1320.5303594470024 283.302792198956
v 1355.7090666890144 1282.4620366096497 288.73155377805233
v 1485.6753265857697 1247.005729675293 297.31044612824917
v 1616.6115167737007 1211.265527755022 308.502454161644
v 1747.4014741182327 1172.0133863389492 321.5690565109253
v 1876.170414686203 1126.0406018793583 335.6103675067425
v 2000.3850516676903 1070.527641326189 349.6263835579157
v 2117.0332008600235 1003.3818125724792 362.5876345485449
v 2222.860423028469 923.4825533628464 373.50591108202934
v 2314.6665853261948 830.8292569220066 381.50942876935005
v 2389.6224462985992 726.5724450349808 385.9168168902397
v 2445.576532483101 612.9108058661222 386.30230881273746
v 2481.336985528469 492.85800263285637 382.5522858649492
v 2496.8760454654694 369.8907818645239 374.90259401500225
v 2493.423039019108 247.51757513731718 363.95045183598995
v 2473.406129181385 128.79486124962568 350.62797993421555
v 2406.7911529541016 15.89744251454249 435.90360946953297
v 2363.803399503231 -88.99362612515688 416.964029148221
v 2308.270415365696 -185.98963223397732 396.2958598136902
v 2245.20643979311 -275.01714296638966 376.1174339801073
v 2178.50454300642 -357.2903346270323 358.1423229724169
v 2110.7350251078606 -434.7687500715256 343.52029010653496
v 2043.1810641288757 -509.63875234127045 332.8616375476122
v 1976.0004216432571 -583.8769498467445 326.2988319247961
v 1908.5097169876099 -658.9590200781822 323.591817766428
v 1839.5035910606384 -735.7183688879013 324.245618134737
v 1767.5585490465164 -814.3418830633163 327.62721471488476
v 1691.2876543402672 -894.4700482487679 333.06710682809353
v 1609.5233196020126 -975.3600198030472 339.9406572431326
v 1521.408929824829 -1056.0537753999233 347.7160653471947
v 1426.4378276467323 -1135.5496048927307 355.9867537766695
v 1324.419182240963 -1212.907082438469 364.46882754564285
v 1215.4277028143406 -1287.3298913240433 372.9947029054165
v 1099.7264264523983 -1358.1780353188515 381.4856128394604
v 977.6964838802814 -1424.9415197968483 389.9208890646696
v 849.785144329071 -1487.1978774666786 398.3103158324957
v 716.4615967869759 -1544.5260062813759 406.6572683304548
v 578.2065968960524 -1596.4233446121216 414.9300046265125
v 435.51815547049046 -1642.215461730957 423.03056843578815
v 288.94750889390707 -1680.9717160463333 430.7672946155071
v 139.1511975042522 -1711.4404818415642 437.830158919096
v -13.035577407572418 -1731.9978767633438 443.7657105922699
v -166.76242146641016 -1746.4165261387825 449.964944049716
v -321.7305725067854 -1756.8680787086487 457.25618340075016
v -477.235549017787 -1759.3871062994003 464.3341791629791
v -631.9905512779951 -1750.6167763471603 470.0529224425554
v -784.2616051435471 -1727.9931598901749 473.45416337251663
v -932.0344442129135 -1689.8975321650505 473.7983187288046
v -1073.2098914682865 -1635.758159160614 470.59663102030754
v -1205.8123624324799 -1566.1011150479317 463.64351719617844
v -1328.2009091973305 -1482.5017401576042 453.03499944508076
v -1439.2635402083397 -1387.4587351083755 439.17723797261715
v -1538.5579162836075 -1284.1420456767082 422.7627909183502
v -1626.3781717419624 -1176.0798425972462 404.728519320488
v -1703.757644891739 -1066.8024203181267 386.19449242949486
v -1772.3575347661972 -959.4683475792408 368.37539851665497
v -1834.303678572178 -856.558121740818 352.49665819108486
v -1891.9398975372314 -759.6209159493446 339.69195522367954
v -1947.5652632117271 -669.1568647325039 330.9213598072529
v -2003.1463342905045 -584.599391669035 326.88649378716946
v -2060.0483551621437 -504.43273417651653 327.9650368541479
v -2118.8063499331474 -426.4139474183321 334.15839217603207
v -2178.9550736546516 -347.89259903132915 345.0578586757183
v -2238.9352655410767 -266.2034096196294 359.8306751996279
v -2296.1253529787064 -179.09270200878382 377.2417127341032
v -2346.971756517887 -85.13752179220319 395.70000648498535
v -2387.2963732481003 15.897588282823563 413.3641830831766
v -2411.8076676130295 122.76001648977399 427.834977209568
v -2417.616630792618 232.81305875629187 437.81597554683685
v -2404.717801809311 343.17628644406796 443.31495240330696
v -2374.1343554854393 451.2789159268141 444.73662689328194
v -2327.7579137682915 555.1985124498606 442.83723063766956
v -2268.068063855171 653.8862270116806 438.6353497207165
v -2197.783007323742 747.2361014783382 433.29204864799976
v -2119.496708512306 835.9803998470306 427.97335989773273
v -2035.3588205575943 921.439313441515 423.7154660373926
v -1946.8507853150368 1005.1690691709518 421.3118774443865
v -1854.7037670016289 1088.582088202238 421.2406571954489
v -1758.9312663674355 1172.6143972575665 423.6339685320854
v -1658.9965906739235 1257.4973294138908 428.29916030168533
v -1554.0318995714188 1342.6602125167847 434.7717460244894
v -1443.094719350338 1426.7850548028946 442.40084543824196
v -1325.3894159197807 1507.9699191451073 450.44035248458385
v -1200.4517303407192 1583.9686751365662 458.14021706581116
v -1068.240856975317 1652.4707224965096 464.82479490339756
v -929.1659899055958 1711.346431672573 469.94514398276806
v -784.0490821003914 1758.854509294033 473.11421751976013
v -634.0333361178637 1793.7768539786339 474.11581389606
v -480.47918006777763 1815.481205880642 472.8995328396559
v -324.8478426039219 1823.929034769535 469.56435456871986
v -168.58693785965443 1819.6360996365547 464.33698549866676
v -13.035442305263132 1803.6111643910408 457.5533136725426
v 140.4553092829883 1772.8441685438156 448.1027886271477
v 290.2133369445801 1727.0760190486908 435.7613965123892
v 435.18105387687683 1671.4823573827744 422.13951893150806
v 575.06133928895 1610.7174533605576 408.67373429238796
v 710.1864784955978 1548.7294420599937 396.61195181310177
v 841.3679575920105 1488.6207655072212 386.9994556903839
v 969.7223189473152 1432.525755763054 380.6559993326664
v 1096.476310491562 1381.5256863832474 378.14793162047863
v 1222.7581550180912 1335.6270802021027 379.7621814161539
v 1349.3904122710228 1293.8000878691673 385.4830104857683
v 1476.698844730854 1254.136097729206 394.9901173263788
v 1604.3810507655144 1214.0709532797337 407.6719103753567
v 1731.4188614487648 1170.6787841022015 422.6552399992943
v 1856.0910069942474 1121.0326579213142 438.8685031235218
v 1976.049873828888 1062.5338320434093 455.10531671345234
v 2088.495497405529 993.2477551698685 470.1196677237749
v 2190.3968834877014 912.1366140246391 482.7112029492855
v 2278.7826535105705 819.2126199603081 491.8263329565525
v 2351.0392746329308 715.561824887991 496.64780728518963
v 2405.205952525139 603.2483266294003 496.67867697775364
v 2440.2323591709137 485.08543878793716 491.80737122893333
v 2456.161120533943 364.29912008345127 482.3493752628565
v 2454.203663468361 244.12092294543982 469.0565974265337
v 2436.675442457199 127.33783261850476 453.0820245295763
v 2362.1214184165 15.89744251454249 534.8249704390764
v 2324.1107392311096 -87.71719846874475 514.3455082178116
v 2275.065548121929 -184.57023315131664 492.5835885107517
v 2218.9330700039864 -274.6943385154009 471.68620981276035
v 2158.7285229563713 -359.1106604784727 453.28028835356236
v 2096.432421505451 -439.4051579385996 438.44876632094383
v 2033.0083248019218 -517.3168109357357 427.74589501321316
v 1968.5565024614334 -594.4085588306189 421.27327136695385
v 1902.5282779335976 -671.8393424153328 418.7759739160538
v 1833.9766266942024 -750.2586008608341 419.75830517709255
v 1761.7894813418388 -829.8010762035847 423.59266988933086
v 1684.8855683207512 -910.1620914041996 429.61514212191105
v 1602.3466849327087 -990.7100692391396 437.19600290060043
v 1513.4984004497528 -1070.6180508434772 445.78763753175735
v 1417.9372093081474 -1148.9842922985554 454.9508924037218
v 1315.5132380127907 -1224.9148619174957 464.35465782880783
v 1206.3022576272488 -1297.5951638817787 473.7737064063549
v 1090.550163835287 -1366.3073071837425 483.06495293974876
v 968.6273929476738 -1430.423886179924 492.14269042015076
v 840.9925153851509 -1489.3977412581444 500.95959037542343
v 708.1557533144951 -1542.7094727754593 509.4735577702522
v 570.6681345403194 -1589.82147783041 517.624749392271
v 429.1161073744297 -1630.1124185323715 525.3054247051477
v 284.1419055312872 -1662.8279215097427 532.3367366939783
v 136.4716968126595 -1687.013984322548 538.438051789999
v -13.035575037356466 -1701.5021094679832 543.2128423452377
v -163.52783516049385 -1709.3863958120346 548.0624179542065
v -314.59918051958084 -1712.4245196580887 553.8000850379467
v -465.5239138007164 -1707.5222304463387 559.1402005404234
v -615.1202642917633 -1692.0929968357086 562.9587511718273
v -761.8602959811687 -1664.2039361596107 564.3208858370781
v -904.0129548311234 -1622.71658629179 562.5225176662207
v -1039.8064570128918 -1567.3648762702942 557.1218384057283
v -1167.6041020452976 -1498.7883472442627 547.9738666862249
v -1286.0744732618332 -1418.4799697995186 535.2440246194601
v -1394.3509438633919 -1328.667822778225 519.4162913411856
v -1492.1370282769203 -1232.0943787693977 501.2614990025759
v -1579.753407239914 -1131.748916208744 481.7921659350395
v -1658.132846057415 -1030.5732333660126 462.198064699769
v -1728.718104660511 -931.1526480317116 443.7537647038698
v -1793.3150979876518 -835.4622896015644 427.7279572188854
v -1853.890233039856 -744.6761165559292 415.28530947864056
v -1912.3343732953072 -659.0658883750439 407.391921505332
v -1970.2304437756538 -578.0078779906034 404.7353455424309
v -2028.6213394999504 -500.0892470777035 407.65359334647655
v -2087.822735309601 -423.30759927630424 416.0829535126686
v -2147.28170722723 -345.3490349650383 429.52245719730854
v -2205.51559984684 -263.933121971786 447.0292514562607
v -2260.1366007328033 -177.1709119528532 467.23653703927994
v -2307.9979732632637 -83.92569674178958 488.4209204465151
v -2345.426603257656 15.89758591260761 508.5946437716484
v -2367.622898221016 121.07984624803066 525.0641556829214
v -2371.8465092778206 229.12598874419928 536.2981829047203
v -2358.0931890010834 337.30751797556877 542.3000247776508
v -2327.3148161172867 443.1797932088375 543.5272277891636
v -2281.2543526291847 544.8881489038467 540.8295428007841
v -2222.20662266016 641.3784646987915 535.3566952049732
v -2152.705368101597 732.4689355492592 528.4283453971148
v -2075.2046915888786 818.7730871140957 521.388879865408
v -1991.787804365158 901.4887696504593 515.4588650166988
v -1903.9626947045326 982.1015207469463 511.61486774683
v -1812.5617066025734 1062.0359729230404 510.49567073583603
v -1717.7597430348396 1142.3595197498798 512.3680275678635
v -1619.19061511755 1223.539681583643 517.1281038224697
v -1516.1333221197128 1305.3292733430862 524.3522945046425
v -1407.7309456467628 1386.7695900797844 533.3774321526289
v -1293.193009197712 1466.3009917736053 543.3932821452618
v -1171.976297199726 1541.9473630189896 553.541409149766
v -1043.8877034187317 1611.5528312325478 563.0022493749857
v -909.1352759301662 1672.9977786540985 571.0587461292744
v -768.3205565810204 1724.4030222296715 577.1437541395426
v -622.3780930787325 1764.2695236206055 580.8587358146906
v -472.4999713152647 1791.567281782627 581.9779707491398
v -320.0406274944544 1805.767492055893 580.4353583604097
v -166.41978304833174 1806.8433046340942 576.3098173588514
v -13.035442305263132 1795.2244681119919 569.8010147362947
v 138.67215789854527 1768.7705826759338 559.9312079697847
v 287.08702210336924 1727.9226222634315 546.7474979907274
v 431.1533933132887 1677.1610155701637 531.9727094471455
v 570.4843953996897 1620.5934795737267 517.1714882552624
v 705.2626487612724 1561.7825436592102 503.7304297089577
v 836.1122217774391 1503.582630455494 492.82781556248665
v 963.9500656723976 1448.0170321464539 485.40399581193924
v 1089.8108081519604 1396.1794611811638 482.12293431162834
v 1214.658615142107 1348.2015877962112 483.33929121494293
v 1339.1961324214935 1303.274428844452 489.06675688922405
v 1463.6891275644302 1259.7847963869572 498.97433541715145
v 1587.84050822258 1215.5065836012363 512.3971527814865
v 1710.7064354419708 1167.8702488541603 528.3685780316591
v 1830.7035291194916 1114.2874404788017 545.6902679055929
v 1945.6839564442635 1052.463486045599 563.0106683820486
v 2053.0868223309517 980.6973668932915 578.9270287752151
v 2150.1585805416107 898.112975358963 592.0981860905886
v 2234.214402139187 804.7879028320312 601.3529123365879
v 2302.922146320343 701.7781658470631 605.8009544014931
v 2354.567672908306 591.0188087075949 604.9235573410988
v 2388.289361000061 475.107095092535 598.6481356620789
v 2404.2287409305573 356.9839510321617 587.3863105475903
v 2403.588744699955 239.55954663455486 572.0396362990141
v 2388.556038737297 125.3040356375277 553.9510203897953
v 2306.881355047226 15.89744251454249 632.4841629713774
v 2273.742019534111 -85.9186122380197 611.3703171908855
v 2230.908235311508 -182.04728048294783 589.5905734598637
v 2181.351229250431 -272.59510461241007 569.0638586133718
v 2127.321682572365 -358.3973202854395 551.2281163036823
v 2070.2696365118027 -440.6890185922384 537.0147465914488
v 2010.8874216675758 -520.801445543766 526.8833438307047
v 1949.2232766747475 -599.9137930572033 520.8864320069551
v 1884.8539757728577 -678.8926500082016 518.7662074714899
v 1817.065344452858 -758.2105426490307 520.0510920584202
v 1745.0267073512077 -837.943924665451 524.1535755991936
v 1667.9299914836884 -917.8221742808819 530.4496276378632
v 1585.0901475548744 -997.305868268013 538.3382751792669
v 1496.0046139359474 -1075.6814388930798 547.2840011119843
v 1400.375160574913 -1152.1389169991016 556.8335442990065
v 1298.104703426361 -1225.839663296938 566.6209433972836
v 1189.2791770398617 -1295.964303612709 576.3630618900061
v 1074.1424292325974 -1361.7496663331985 585.8507898449898
v 953.0621658265591 -1422.4874171614647 594.9265173822641
v 826.509699523449 -1477.5437793135643 603.477573916316
v 695.0304454565048 -1526.328208744526 611.4077097177505
v 559.2329233884811 -1568.2847476005554 618.6249604076147
v 419.7773427516222 -1602.860016822815 625.0188549607992
v 277.37903472036123 -1629.4622588157654 630.4362963885069
v 132.81852088868618 -1647.4308469891548 634.660931378603
v -13.035572667140514 -1656.0227850079536 637.3996874690056
v -159.3432852625847 -1657.7369251847267 639.9941068887711
v -305.61809096485376 -1653.9743116497993 643.1961359083652
v -451.138561218977 -1642.4763751029968 645.8475163578987
v -594.8468022793531 -1621.3815289735794 646.9360712170601
v -735.4361425340176 -1589.3521371483803 645.6313526630402
v -871.4643150568008 -1545.6784242391586 641.3232481479645
v -1001.486246585846 -1490.3479513525963 633.6592970788479
v -1124.1934262216091 -1424.0621507167816 622.5744986534119
v -1238.544703423977 -1348.1757998466492 608.2991999387741
v -1343.8901460170746 -1264.6037298440933 591.3665667921305
v -1440.0473421812057 -1175.6249886751175 572.5756464153528
v -1527.3342421650887 -1083.6814676225185 552.9516994208097
v -1606.5531545877457 -991.1243450641632 533.6747141182423
v -1678.903674185276 -899.9794919788837 515.9933961182833
v -1745.8601132035255 -811.7491322755814 501.1379823088646
v -1808.9982670545578 -727.2606040537357 490.22061593830585
v -1869.810499548912 -646.602875739336 484.15092900395393
v -1929.5061138272285 -569.1331826895475 483.55135917663574
v -1988.8282579183578 -493.57824489474297 488.6917697638273
v -2047.8984385728836 -418.20367105305195 499.4357121735811
v -2106.1129143834114 -341.05500005185604 515.214486271143
v -2162.093091905117 -260.2422596141696 535.0178112089634
v -2213.7252694368362 -174.24119230359793 557.4249605834484
v -2258.2747107744217 -82.18515235930681 580.6635437905788
v -2292.6057529449463 15.897583542391658 602.7170948684216
v -2312.5456023216248 118.85807218030095 620.7829187810421
v -2315.612851381302 224.4236509501934 633.1934074312449
v -2301.753648817539 330.09652465581894 639.9149985611439
v -2271.767117679119 433.611743375659 641.3959094882011
v -2227.170802950859 533.2119341939688 638.5066731274128
v -2169.985418021679 627.8379708528519 632.441309466958
v -2102.474083006382 717.2033795714378 624.5871722698212
v -2026.869124174118 801.7458349466324 616.3823948055506
v -1945.1170766353607 882.4607518315315 609.1629824787378
v -1858.6942246556282 960.6579305231571 604.0378550440073
v -1768.5055735707283 1037.668180912733 601.7896388471127
v -1674.876354932785 1114.5766447484493 602.8243803232908
v -1577.6316657662392 1191.9933587312698 607.1611549705267
v -1476.2428531050682 1269.9261350929737 614.4710905849934
v -1370.0054508447647 1347.7463546395302 624.1456294804811
v -1258.2146136462688 1424.2513129115105 635.3841695934534
v -1140.329097956419 1497.788988351822 647.2868631780148
v -1016.0797230899334 1566.4492523670197 658.9478705823421
v -885.5348271131516 1628.2450675964355 669.5246464014053
v -749.1168014705181 1681.2967959046364 678.2943695783615
v -607.5708799809217 1723.9713016152382 684.6839408576488
v -461.915155723691 1754.9828279018402 688.2825733721256
v -313.37065018713474 1773.4520056843758 688.8395930826664
v -163.28053630888462 1778.9298212528229 686.254730373621
v -13.035442305263132 1771.3904866576195 680.5606752634048
v 135.91282833367586 1749.4834718108177 671.0171619057655
v 282.0593010634184 1714.1784036159515 657.9846148192883
v 424.38925206661224 1669.1896569728851 643.175733089447
v 562.4555069208145 1618.009527027607 628.1851600855589
v 696.3052044808865 1563.7263482809067 614.4504223018885
v 826.37780174613 1508.8615754246712 603.212640658021
v 953.377992361784 1455.2397817373276 595.4729185253382
v 1078.1229509413242 1403.8865691423416 591.9458854943514
v 1201.3778211176395 1354.994588792324 593.0220773071051
v 1323.6846807599068 1307.9300639033318 598.7280783057213
v 1445.2073591947556 1261.3509592413902 608.7237530201674
v 1565.6134194135666 1213.3692176640034 622.3056972026825
v 1684.0068060159683 1161.7984002828598 638.450849801302
v 1798.9298930764198 1104.4349268078804 655.8850206434727
v 1908.4384208917618 1039.3469005823135 673.1770543754101
v 2010.2348348498344 965.1314571499825 688.844295591116
v 2101.8735271692276 881.1256186664104 701.4798599481583
v 2180.999602973461 787.5167270004749 709.873685836792
v 2245.6016021966934 685.3534415364265 713.1307038664818
v 2294.248900413513 576.4484655112028 710.7670107483864
v 2326.2873938679695 463.1715977191925 702.7832132577896
v 2341.969349384308 348.1596939265728 689.7019724547863
v 2342.4804058670998 233.9774415642023 672.5608740746975
v 2329.8731324076653 122.75820564478636 652.8648725152016
v 2241.7563155293465 15.89744251454249 728.686298429966
v 2213.1448888778687 -83.62690731883049 707.6358985900879
v 2175.945316553116 -178.4249647706747 686.5911114215851
v 2132.310892343521 -268.64513024687767 667.1604223549366
v 2083.8477504253387 -354.94579285383224 650.5234025418758
v 2031.5755766630173 -438.25372599065304 637.4232758581638
v 1975.9656837582588 -519.5442450791597 628.2012017071247
v 1917.032482624054 -599.6656598895788 622.8575972467661
v 1854.4601467251778 -679.2262247204781 621.1350001394749
v 1787.7335238456726 -758.5386563837528 622.6004382967949
v 1716.258732676506 -837.6161901652813 626.7233246564865
v 1639.4646459817886 -916.2059524655342 632.9394719749689
v 1556.8682706356049 -993.8382233679295 640.6965251266956
v 1468.1214693188667 -1069.8878726363182 649.485210031271
v 1373.029770553112 -1143.628969490528 658.8546547293663
v 1271.5536580979824 -1214.279304742813 668.4144751727581
v 1163.8062196969986 -1281.042940914631 677.8366334736347
v 1050.0375984609127 -1343.1383514404297 686.8477015197277
v 930.6236916780472 -1399.8270907998085 695.2274198830128
v 806.0468856990337 -1450.423958003521 702.794893682003
v 676.8805073201656 -1494.3104973435402 709.403662532568
v 543.7762331962585 -1530.9478923678398 714.9376048147678
v 407.44418002665043 -1559.8499643802643 719.2851497232914
v 268.64924494177103 -1580.5880266427994 722.3360158503056
v 128.20289507508278 -1592.768433690071 723.9625528454781
v -13.035569111816585 -1596.0303059220314 724.0120050311089
v -154.25602439790964 -1592.365383207798 723.7167330086231
v -294.9238093197346 -1582.8849744796753 723.7452514469624
v -434.3461690098047 -1566.0719898343086 723.1404481828213
v -571.6004068404436 -1540.70317029953 721.0677038133144
v -705.599257349968 -1505.950267612934 716.8528909981251
v -835.179153084755 -1461.4686334133148 710.0251521170139
v -959.1978016495705 -1407.424675822258 700.3382880985737
v -1076.641584932804 -1344.5221024751663 687.8090611100197
v -1186.7258666455746 -1273.9480692148209 672.7222004532814
v -1288.9759209752083 -1197.2738206386566 655.6207700073719
v -1383.2907956838608 -1116.3268122076988 637.2881166636944
v -1469.9533239006996 -1033.013304322958 618.6970149725676
v -1549.617002606392 -949.1357229650021 600.9504307061434
v -1623.2315868139267 -866.209944486618 585.2006680518389
v -1691.9425165653229 -785.3180009126663 572.5689339637756
v -1756.9571229815483 -707.0009082555771 564.058493450284
v -1819.3921759724617 -631.2099348753691 560.4709725081921
v -1880.1185497641563 -557.3247668147087 562.331800609827
v -1939.6163552999496 -484.2383425682783 569.8275232315063
v -1997.8544953465462 -410.5001278966665 582.7588146924973
v -2054.2125421762466 -334.5126351714134 600.5157520622015
v -2107.4466064572334 -254.76453885436058 622.0737573504448
v -2155.729687809944 -170.07154632359743 646.0252256691456
v -2196.7523995041847 -79.81030974537134 670.6411129236221
v -2227.9007536172867 15.897578801959753 693.9703331887722
v -2245.7029336690903 116.0050337575376 713.2875552773476
v -2248.00685942173 218.5196515917778 726.8978282809258
v -2234.673275947571 321.2304000556469 734.6918568015099
v -2206.306228041649 422.09537602961063 737.0506957173347
v -2164.1403517127037 519.4803819805384 734.7849209606647
v -2109.8673364520073 612.3293255269527 729.0411102771759
v -2045.4206717014313 700.2418108284473 721.1800330877304
v -1972.7500781416893 783.4465542435646 712.6374714076519
v -1893.610198199749 862.6851110160351 704.7854200005531
v -1809.3928226828575 939.0178968012333 698.8004161417484
v -1721.0337507724762 1013.5897448658943 695.5674415826797
v -1628.9833614230156 1087.4028204381466 695.6175005435944
v -1533.2595545053482 1161.1152471601963 699.1079753637314
v -1433.5460484027863 1234.9064029753208 705.8415123820305
v -1329.3337586522102 1308.4215518832207 715.3204800188541
v -1220.0634659826756 1380.7904264330864 726.8213745951653
v -1105.2687118947506 1450.7088389992714 739.4786311686039
v -984.6762199699879 1516.571565568447 752.3704822361469
v -858.2817427814007 1576.6247221827507 764.5948046445847
v -726.3801731169224 1629.1130596399307 775.3257013857365
v -589.5580730587244 1672.4123921990395 783.8528661429882
v -448.66928920149803 1705.1376035809517 789.6079780161381
v -304.78557631373405 1726.213639676571 792.1697074174881
v -159.13408052176237 1734.9202582240105 791.264019459486
v -13.035443490371108 1730.9155413508415 786.7579545080662
v 132.12136453017592 1713.5347667336464 778.2220673561096
v 274.9894778057933 1684.0756750106812 766.3185773789883
v 414.632381349802 1645.4730865359306 752.6383735239506
v 550.5733678489923 1600.5607935786247 738.7021104991436
v 682.7462039887905 1551.893775165081 725.9076468646526
v 811.4153300225735 1501.5875533223152 715.4740700125694
v 937.0724993944168 1451.197748184204 708.3956570923328
v 1060.30635997653 1401.6157126426697 705.3806665539742
v 1181.6598239541054 1353.0281817913055 706.8084846436977
v 1301.4894476532936 1304.9341109395027 712.6968595385551
v 1419.8239770531654 1256.2290932238102 722.6850633323193
v 1536.272648870945 1205.357963591814 736.0486821830273
v 1649.9653473496437 1150.5233778059483 751.7401944100857
v 1759.5612508058548 1089.9331492185593 768.4645898640156
v 1863.3158802986145 1022.0443999767303 784.7744061052799
v 1959.2071571946144 945.7903432846069 799.1856983304024
v 2045.1140984892845 860.7526075839996 810.3072066605091
v 2119.0304017066956 767.2505083680153 816.9686132669449
v 2179.2809119820595 666.3364973664284 818.3353745937347
v 2224.725043475628 559.7028708457947 814.0092943608761
v 2254.9183332920074 449.4883220642805 804.0937519073486
v 2270.209677219391 338.01843106746674 789.2252545058727
v 2271.760443150997 227.5114545226097 770.5644115805626
v 2261.4566403627396 119.7637222148478 749.7260038554668
v 2167.3582327365875 15.89744251454249 823.3798009157181
v 2142.7880811691284 -80.87126580998302 802.8621497750282
v 2110.489584505558 -173.73383335769176 782.975317388773
v 2071.967393755913 -262.8480750322342 764.9884501099586
v 2028.3249297738075 -348.71136642992496 749.806704968214
v 1980.2510342001915 -431.98934003710747 737.9774691164494
v 1928.0530387163162 -513.3619254827499 729.7211536765099
v 1871.726847589016 -593.4031701087952 724.9872446060181
v 1811.047347187996 -672.5056575238705 723.5215789079666
v 1745.6612426042557 -750.8429254591465 724.9329382181168
v 1675.1682138442993 -828.3665077388287 728.7517543137074
v 1599.1890263557434 -904.827247262001 734.4793337583542
v 1517.4107357859612 -979.8023733496666 741.6169072687626
v 1429.620515704155 -1052.7388861775398 749.6924795210361
v 1335.7194617390633 -1122.9819993674755 758.2659108936787
v 1235.7311622798443 -1189.8129875957966 766.9374123215675
v 1129.8022294044495 -1252.47398853302 775.3438287973404
v 1018.2040433585644 -1310.2103254199028 783.1698647141457
v 901.3224373757839 -1362.2863590717316 790.1390580832958
v 779.6517057716846 -1408.0173435807228 796.018483042717
v 653.7851230800152 -1446.8086391687393 800.6305061280727
v 524.3955272436142 -1478.1523749232292 803.8345071673393
v 392.2202640026808 -1501.656270623207 805.5374978482723
v 258.04478500038385 -1517.043636739254 805.683351457119
v 122.68351539969444 -1524.1523125767708 804.2477969825268
v -13.035565556492656 -1522.9463467001915 801.241225451231
v -148.35123812779784 -1514.9981972575188 797.7606865763664
v -282.71365132182837 -1501.1829859018326 794.377080053091
v -415.47868117690086 -1480.5923700332642 790.3715288639069
v -545.8607717603445 -1452.5267377495766 785.1232260465622
v -672.9784113168716 -1416.5677174925804 778.1422764062881
v -795.9163931012154 -1372.6340013742447 769.104131013155
v -913.800922781229 -1321.02002710104 757.8841733932495
v -1025.8667808771133 -1262.3740582168102 744.5628771185875
v -1131.5360897779465 -1197.6884756982327 729.4534140825272
v -1230.47178581357 -1128.2093684375286 713.0837546288967
v -1322.6143291592598 -1055.3301958739758 696.1697418987751
v -1408.1933084130287 -980.481051504612 679.5883937180042
v -1487.7049899101257 -904.9770449101925 664.3110056221485
v -1561.8593007326126 -829.8989187180996 651.3445211946964
v -1631.496776342392 -755.97965747118 641.6540165245533
v -1697.4907180666924 -683.5353910923004 636.0936795175076
v -1760.6250795722008 -612.4307707697153 635.3283083438873
v -1821.4813032746315 -542.1003198623657 639.7709652781487
v -1880.3224262595177 -471.6185922920704 649.524347037077
v -1937.0079800486565 -399.8158770054579 664.3425579369068
v -1990.9333130717278 -325.4331911355257 683.6078248918056
v -2041.0085052251816 -247.30655007064342 706.3297389447689
v -2085.694926083088 -164.5540438592434 731.1750631034374
v -2123.0912452936172 -76.75764699466527 756.5294717252254
v -2151.0708671808243 15.897574061527848 780.5834850668907
v -2166.8706887960434 112.48761432245374 800.8492486178875
v -2168.700874745846 211.32890939712524 815.705913901329
v -2156.3262996077538 310.52714951336384 824.9411854147911
v -2130.1406088471413 408.2892283797264 828.8170383870602
v -2091.0765677690506 503.12528513371944 828.0154882371426
v -2040.4754531383514 593.9981511980295 823.5550831258297
v -1979.9159425497055 680.4007141292095 816.6814568638802
v -1911.03329539299 762.350722104311 808.7423332035542
v -1835.3499108552933 840.3132304549217 801.0593445599079
v -1754.1339492797852 915.0627878308296 794.8103176057339
v -1668.308467566967 987.4981042742729 790.9276384115219
v -1578.4177431464195 1058.46540376544 790.0384850800037
v -1484.646084010601 1128.5823076963425 792.4278144538403
v -1386.8876078724861 1198.1169348955154 798.0467811226845
v -1284.845298230648 1266.9156195223331 806.5455791354179
v -1178.141589164734 1334.3977534770966 817.3334369063377
v -1066.434107720852 1399.588173031807 829.6430870890617
v -949.5068418979645 1461.2160632014275 842.6136672496796
v -827.3415125906467 1517.8187921643257 855.3546588122845
v -700.1578482985497 1567.8627353906631 867.0068679749966
v -568.4237486124039 1609.8594731092453 876.7884647846222
v -432.847206518054 1642.4636328220367 884.025701135397
v -294.3477709963918 1664.5529836416245 888.1718724966049
v -154.01037521660328 1675.2889621257782 888.8177847862244
v -13.035444675479084 1674.154140651226 885.6947882473469
v 127.3118550516665 1661.037631034851 878.7188445031643
v 265.87567511945963 1637.387957572937 868.8069427013397
v 401.82642690837383 1605.387235879898 857.330925911665
v 534.6866635978222 1567.2054460644722 845.6433720886707
v 664.3009179830551 1524.8363000154495 835.0109246373177
v 790.7773856818676 1479.9543458223343 826.5529322624207
v 914.4027680158615 1433.7895169854164 821.1765240132809
v 1035.5404475331306 1387.0532575249672 819.5270054042339
v 1154.5076160132885 1339.8833054304123 821.9282427430153
v 1271.4621867239475 1291.862654387951 828.3542205393314
v 1386.2899342179298 1242.10298538208 838.4212292730808
v 1498.5260686278343 1189.3567684292793 851.3913543522358
v 1607.3181465268135 1132.2089277207851 866.2272375822067
v 1711.4325937628746 1069.2738918960094 881.6602635383606
v 1809.3242570757866 999.4047039747238 896.2932562828064
v 1899.2422863841057 921.8730060756207 908.7110641598701
v 1979.390626847744 836.5102663636208 917.6135194301605
v 2048.105804026127 743.7661811709404 921.9346696138382
v 2104.0410801768303 644.6976013481617 920.9588232636452
v 2146.3296768069267 540.8730410039425 914.4089116156101
v 2174.7164449095726 434.2017564922571 902.5098207592964
v 2189.6229416131973 326.70480251312256 886.0042436420918
v 2192.1531945466995 220.2663680166006 866.1392551660538
v 2184.011787176132 116.37101406231523 844.5944093167782
v 2084.130204319954 15.89744251454249 916.5082782506943
v 2063.050375878811 -77.67104289494455 896.7732155323029
v 2034.8776477575302 -168.00536271184683 878.1706988811493
v 2000.6318575143814 -255.24489630013704 861.6483595967293
v 1961.0503888130188 -339.745010137558 847.8585569560528
v 1916.5807384252548 -421.95593148469925 837.1645218133926
v 1867.419349849224 -502.3211182653904 829.6798728406429
v 1813.558183312416 -581.1965200304985 825.309194624424
v 1754.8490339517593 -658.8017135858536 823.8043160736561
v 1691.0666364431381 -735.195631980896 824.812928289175
v 1621.9635781645775 -810.2747441828251 827.9235617816448
v 1547.3114082217216 -883.783370256424 832.6959252357483
v 1466.9373473525047 -955.3343117237091 838.6876036226749
v 1380.7409742474556 -1024.4281166791916 845.4627047479153
v 1288.7093949317932 -1090.4760614037514 852.6012642681599
v 1190.9283922612667 -1152.8243455290794 859.7041757404804
v 1087.586673349142 -1210.7797282934189 866.3978931307793
v 978.9784483611584 -1263.6363783478737 872.3379197716713
v 865.5043406784534 -1310.7046955823898 877.2169998288155
v 747.6687322556973 -1351.351206600666 880.7770262658596
v 626.0692588239908 -1385.0284484028816 882.8174598515034
v 501.38410553336143 -1411.3036385178566 883.2023829221725
v 374.3509594351053 -1429.8865866661072 881.8686908483505
v 245.74628431349993 -1440.6395548582077 878.8238924741745
v 116.35928623378277 -1443.5962191224098 874.1574113070965
v -13.035560816060752 -1438.969557583332 868.0436952412128
v -141.74322774633765 -1427.9986053705215 861.4387187361717
v -269.22736905515194 -1411.347629725933 854.7962738573551
v -394.9060031026602 -1388.5776287317276 847.6445169746876
v -518.1231773644686 -1359.3823325634003 839.5773637294769
v -638.1791661679745 -1323.6444818973541 830.2915023267269
v -754.3706411123276 -1281.4635878801346 819.6057344973087
v -866.0399715602398 -1233.181644231081 807.4916176497936
v -972.6244492828846 -1179.3768319487572 794.0874207019806
v -1073.7019862234592 -1120.8360627293587 779.7045710682869
v -1169.0295688807964 -1058.5032513737679 764.8236347734928
v -1258.565784841776 -993.4009659290314 750.0708039104939
v -1342.4689266085625 -926.545099914074 736.1867235600948
v -1421.0869798064232 -858.8505946099758 723.9839416742325
v -1494.9110531806946 -791.044290959835 714.2934370040894
v -1564.5165213942528 -723.5898411273956 707.9043208062649
v -1630.4875573515892 -656.6383321583271 705.499973744154
v -1693.33112180233 -590.0126994401217 707.6002505421638
v -1753.3912563323975 -523.2241854816675 714.5036087930202
v -1810.7647415995598 -455.5302869528532 726.2393254041672
v -1865.2385994791985 -386.0231163352728 742.5330621004105
v -1916.2495908141136 -313.74925900250673 762.7907100319862
v -1962.8670740127563 -237.8486678749323 786.094749122858
v -2003.8321420550346 -157.69750211387873 811.23974442482
v -2037.61435598135 -73.04163190536201 836.7732276022434
v -2062.523694932461 15.897569321095943 861.0785976052284
v -2076.4511597156525 108.32733543589711 882.0137859880924
v -2077.9674911499023 202.87152379751205 898.1141130626202
v -2066.7571660876274 297.9550310969353 909.0548023581505
v -2043.014352619648 392.04153075814247 914.947652220726
v -2007.3892104625702 483.80051627755165 916.3015954196453
v -1960.8824637532234 572.2337664663792 913.9471556246281
v -1904.7235909104347 656.7502821981907 908.9478582143784
v -1840.2309629321098 737.1772842109203 902.4920725822449
v -1768.67926299572 813.7177388370037 895.7827307283878
v -1691.180861890316 886.8529705703259 889.9275767803192
v -1608.61437022686 957.2162252664566 885.8558870851994
v -1521.5724557638168 1025.4490160942078 884.243381768465
v -1430.3744339942932 1092.0688465237617 885.4805207252502
v -1335.0984272360802 1157.3579429090023 889.659913033247
v -1235.650764554739 1221.291579157114 896.5943685173988
v -1131.8428146839142 1283.511757850647 905.855427980423
v -1023.4847328066826 1343.3376771211624 916.828048825264
v -910.4555431008339 1399.818899333477 928.7709791958332
v -792.7688980102539 1451.8092259764671 940.8762219548225
v -670.6159317493439 1498.0541491508484 952.3265266418457
v -544.3835394084454 1537.2868737578392 962.3406700789928
v -414.65980000793934 1568.312052488327 970.210924744606
v -282.22039990127087 1590.084666609764 975.3303636610508
v -147.99619873985648 1601.772978901863 977.2125047445297
v -13.035444675479084 1602.8099578619003 975.5045840144157
v 121.56091475859284 1593.4991428256035 970.4657703638077
v 254.84254740178585 1575.293305516243 963.1974367797375
v 386.1033244431019 1549.6899673342705 954.7829046845436
v 514.8878894746304 1518.2318544387817 946.3306008279324
v 640.9764002263546 1482.3635470867157 938.9001823961735
v 764.3427653610706 1443.3073940873146 933.4352608025074
v 885.0908951461315 1401.9602093100548 930.6968839466572
v 1003.3721800148487 1358.8180315494537 931.2049823999405
v 1119.2921230196953 1313.9465442299843 935.1904341578484
v 1232.8200820088387 1266.9874465465546 942.561464458704
v 1343.70007365942 1217.230052947998 952.8975021839142
v 1451.4007145166397 1163.7148241698742 965.466321259737
v 1555.0838962197304 1105.3781589865685 979.2670458555222
v 1653.6219269037247 1041.2178921699524 993.1033426523209
v 1745.6582087278366 970.4547725617886 1005.6785328686237
v 1829.7056871652603 892.6792268455029 1015.7105761766434
v 1904.2724534869194 807.9473058879375 1022.0434139668941
v 1968.0163207650185 716.8236140906811 1023.7695379555225
v 2019.888326227665 620.3541182726622 1020.3273776173592
v 2059.262884557247 519.9796442687511 1011.5826839208603
v 2086.033658385277 417.38293163478374 997.8765404224396
v 2100.661796927452 314.2984475195408 980.0393190979958
v 2104.1647106409073 212.30433858931065 959.3637546896935
v 2098.0376455187798 112.61029670014977 937.5297045707703
v 1992.3009845614433 15.89744251454249 1007.8300063312054
v 1974.1643196344376 -74.03084627352655 988.9462493360043
v 1949.3915051221848 -161.25788882374763 971.5287648141384
v 1918.6593988537788 -245.88375683873892 956.2482669949532
v 1882.4500837922096 -328.13846081495285 943.5415582358837
v 1841.0561773180962 -408.30125011503696 933.6260916292667
v 1794.6038886904716 -486.63123674690723 926.5265174210072
v 1743.0948865413666 -563.3171657472849 922.1151094138622
v 1686.4460426568985 -638.4455405175686 920.1507502794266
v 1624.5328164100647 -711.9861739873886 920.3166274726391
v 1557.2245994210243 -783.7893822789192 922.2499652206898
v 1484.412323832512 -853.5944037139416 925.5647785961628
v 1406.0310646891594 -921.0374765098095 929.8647674918175
v 1322.0744508504868 -985.6667806208134 934.7529491782188
v 1232.606117874384 -1046.957834661007 939.8375743627548
v 1137.7674444019794 -1104.3265415728092 944.7322030365467
v 1037.7879431843758 -1157.1554316580296 949.0681433677673
v 932.9869297146797 -1204.8151272535324 952.497940659523
v 823.7792107462883 -1246.6989289224148 954.7129738330841
v 710.6701542437077 -1282.2487550973892 955.4489922523499
v 594.2517074197531 -1311.0039874911308 954.5139515399933
v 475.18673434853554 -1332.6250594854355 951.7940054833889
v 354.1889923810959 -1346.9278147816658 947.2692063450813
v 231.99975233525038 -1353.9004212617874 941.0219238698483
v 109.35752609744668 -1353.7318894267082 933.2552002370358
v -13.035556075628847 -1346.810403764248 924.2963148653507
v -134.56352127715945 -1334.0930005908012 914.9475005269051
v -254.72481403499842 -1316.0596391558647 905.5356574058533
v -373.00562486052513 -1292.6000380516052 895.8121593296528
v -488.86557295918465 -1263.6767289042473 885.5647107958794
v -601.7549009621143 -1229.365786164999 874.650264531374
v -711.139115691185 -1189.8718447983265 863.0116319656372
v -816.529156267643 -1145.5391739308834 850.696065723896
v -917.5122638046741 -1096.855014115572 837.8755865991116
v -1013.7776176631451 -1044.418252557516 824.8403090238571
v -1105.1403030753136 -988.9108288288116 812.0018541812897
v -1191.5545085072517 -931.0469174385071 799.876663684845
v -1273.1078371405602 -871.514146476984 789.0593773126602
v -1350.014177262783 -810.9148162603378 780.1943904161453
v -1422.577523291111 -749.7056768834591 773.9286771416664
v -1491.152535378933 -688.1525717675686 770.8696195483208
v -1556.090233027935 -626.2997955083847 771.5349486470222
v -1617.6761040091515 -563.960954323411 776.3023062050343
v -1676.0715505480766 -500.735652372241 785.3662395477295
v -1731.2518465518951 -436.05234526097775 798.695575594902
v -1782.9657870531082 -369.2362230271101 816.0092256963253
v -1830.7047426700592 -299.59550496190786 836.7591959238052
v -1873.6967435479164 -226.52605146169662 860.1335451006889
v -1910.9287783503532 -149.61143454536796 885.0740571320057
v -1941.1989769339561 -68.7247007060796 910.3247071802616
v -1963.193519115448 15.897562210448086 934.4911256432533
v -1975.363155901432 103.59042093157768 955.822765827179
v -1976.6053766012192 193.25887598097324 973.0598863959312
v -1966.5558126568794 283.6262982338667 985.7800959050655
v -1945.2510222792625 373.40602070093155 993.9438781142235
v -1913.092994093895 461.43265560269356 997.8648599982262
v -1870.7848289608955 546.7688488960266 998.1589184701443
v -1819.238358438015 628.7725185602903 995.6677266955376
v -1759.4752404093742 707.119760364294 991.3737297058105
v -1692.5256276130676 781.7868721485138 986.3086730241776
v -1619.3362411856651 852.99271017313 981.461827903986
v -1540.7074177265167 921.1089242994785 977.7009588479996
v -1457.2459325194359 986.5638220310211 975.7099016010761
v -1369.36029702425 1049.7361069917679 975.9446477890015
v -1277.2735011577606 1110.8666689693928 978.6146865785122
v -1181.0663977265358 1169.9950242042542 983.6877830326557
v -1080.726320296526 1226.921012699604 990.908712297678
v -976.2165589630604 1281.1991855502129 999.8385483026505
v -867.5277845561504 1332.1619382500648 1009.8972138762474
v -754.7343270480633 1378.9682802557945 1020.4161943495274
v -638.0319473147392 1420.6599617004395 1030.6831355392933
v -517.7595293521881 1456.2348932027817 1039.987882822752
v -394.4126568734646 1484.7149530053139 1047.6610872149467
v -268.6393089964986 1505.215766131878 1053.105833530426
v -141.21890753507614 1517.0054098963737 1055.8228974044323
v -13.03544586058706 1519.5543211698532 1055.4331201314926
v 114.99140616506338 1513.4495550394058 1052.5080840289593
v 242.1117951720953 1500.0417932868004 1048.2535274326801
v 367.7460967004299 1480.2469632029533 1043.429360538721
v 491.47633738815784 1455.0536534190178 1038.8533647358418
v 613.0404282361269 1425.4055511951447 1035.3254973888397
v 732.3048786818981 1392.1035999059677 1033.5603880882263
v 849.2184162139893 1355.7219606637955 1034.1230204701424
v 963.7496022880077 1316.5473347902298 1037.3686614632607
v 1075.818797647953 1274.5613673329353 1043.4047102928162
v 1185.2319858968258 1229.4477008283138 1052.0596012473106
v 1291.6144832968712 1180.6502257287502 1062.877949476242
v 1394.3808275461197 1127.4584840238094 1075.1427741348743
v 1492.7152851223946 1069.119467586279 1087.9141803085804
v 1585.59543967247 1004.9693642556667 1100.1041440665722
v 1671.8464225530624 934.5526374876499 1110.5608542263508
v 1750.2202486991882 857.7278327941895 1118.1698921322823
v 1819.5030641555786 774.7375844419003 1121.9617067277431
v 1878.6342257261276 686.2262119352818 1121.2118841707706
v 1926.8190094828606 593.2085090130568 1115.529054403305
v 1963.6256948113441 496.98927007615566 1104.9198161065578
v 1989.0532198548317 399.03469175100327 1089.8259775340557
v 2003.5604584217072 300.8144596219063 1071.126680225134
v 2008.046954870224 203.638203330338 1050.1087428629398
v 2003.7840551137924 108.48768528550863 1028.3924071490765
v 1891.8946927785873 15.89744251454249 1096.7514072358608
v 1876.209248304367 -69.93996256962419 1078.6638152599335
v 1854.2178916931152 -153.48948707804084 1062.1863773465157
v 1826.3694849610329 -234.79840852320194 1047.775691896677
v 1792.983040213585 -313.9893713593483 1035.7043527066708
v 1754.2560628056526 -391.2063045799732 1026.0803657770157
v 1710.2822995185852 -466.5696530789137 1018.8681589066982
v 1661.0813188552856 -540.1441521942616 1013.9202857017517
v 1606.6261193156242 -611.9188041239977 1011.0072334110737
v 1546.8716478347778 -681.797965914011 1009.8440451920033
v 1481.7764919996262 -749.6002496778965 1010.1102678477764
v 1411.3230553269386 -815.0618977844715 1011.4648178219795
v 1335.531513094902 -877.8436470031738 1013.5559929907322
v 1254.469596594572 -937.5385028123856 1016.0245065391064
v 1168.2638184726238 -993.6840265989304 1018.5111474990845
v 1077.1047820150852 -1045.7736368477345 1020.6578426063061
v 981.2568137049675 -1093.2761776447296 1022.1187299489975
v 881.0599352419376 -1135.65609395504 1022.5663025677204
v 776.9350969791412 -1172.4033911526203 1021.7099909484386
v 669.3834194540977 -1203.0690555274487 1019.3167175352573
v 558.9748921990395 -1227.2899320721626 1015.2192398905754
v 446.3412441313267 -1244.8339292407036 1009.3492199480534
v 332.1501935273409 -1255.6141264736652 1001.7369206249714
v 217.0869603380561 -1259.7310209274292 992.5479157269001
v 101.81921543553472 -1257.475561350584 982.0836967229843
v -13.035550150088966 -1249.349323362112 970.8059437572956
v -126.94687023758888 -1236.0581383109093 959.3461582064629
v -239.46094565093517 -1217.9201839864254 947.8959293663502
v -350.1305379718542 -1195.0238220393658 936.3815340399742
v -458.5123220086098 -1167.4967786669731 924.7498793900013
v -564.1734015196562 -1135.5185076594353 912.9804109036922
v -666.7065544426441 -1099.341806769371 901.1134791374207
v -765.7444921135902 -1059.2810614407063 889.2460164427757
v -860.9784796833992 -1015.7252904772758 877.5590693950653
v -952.1703578531742 -969.1121305525303 866.3070285320282
v -1039.1664607822895 -919.9147146940231 855.8257439732552
v -1121.9049732387066 -868.6083754897118 846.5192522108555
v -1200.4075115919113 -815.634314417839 838.8401317596436
v -1274.7749522328377 -761.3630436360836 833.2683418691158
v -1345.1614919304848 -706.0597997903824 830.2801252901554
v -1411.7493149638176 -649.8580734431744 830.3160767257214
v -1474.7086217999458 -592.7390545606613 833.7405647337437
v -1534.1600090265274 -534.5313291251659 840.8065387606621
v -1590.1312366127968 -474.92305256426334 851.6204120218754
v -1642.5168773531914 -413.4945259988308 866.107778698206
v -1691.050556898117 -349.7668520361185 883.9956657588482
v -1735.28614372015 -283.26337076723576 904.7984254360199
v -1774.5925915241241 -213.58372427523136 927.8185695409775
v -1808.1727492809296 -140.47462180256844 952.1623180806637
v -1835.0987058877945 -63.90173314139247 976.7751714587212
v -1854.3674618005753 15.897556284908205 1000.4877978563309
v -1864.875596165657 98.37313950061798 1021.9353321194649
v -1865.799714922905 182.6693768426776 1040.0810986757278
v -1856.762252151966 267.770937718451 1054.4349747896194
v -1837.6903948187828 352.6202507317066 1064.8281252384186
v -1808.7971210479736 436.21662966907024 1071.3916893303394
v -1770.5419114232063 517.702075317502 1074.5254561305046
v -1723.5700714588165 596.4203222841024 1074.841055124998
v -1668.6441659927368 671.9450730085373 1073.09748634696
v -1606.5699926018715 744.0793530642986 1070.127776414156
v -1538.1292295455933 812.8260825574398 1066.7664688825607
v -1464.0261912345886 878.3314943313599 1063.782348036766
v -1384.8470225930214 940.8220672607422 1061.821250319481
v -1301.0461983084679 1000.5285276472569 1061.365713775158
v -1212.9463711380959 1057.6191039383411 1062.707066386938
v -1120.7608984410763 1112.144234329462 1065.9406477212906
v -1024.621829688549 1164.0019047260284 1070.9724076092243
v -924.6278417110443 1212.9187628626823 1077.5409775972366
v -820.8785973489285 1258.4578546881676 1085.2470237016678
v -713.5176748037338 1300.0416818261147 1093.590638935566
v -602.7651059627533 1336.9898974895477 1102.0104044675827
v -488.93637605011463 1368.5678485035896 1109.9215406179428
v -372.4591099470854 1394.0393647551537 1116.7527684569359
v -253.87443743646145 1412.7187901735306 1121.9765727221966
v -133.8247154839337 1424.02210354805 1125.1400715112686
v -13.035447045695037 1427.5119715929031 1125.8877703547478
v 107.75008356198668 1423.937306702137 1125.0499653816223
v 227.96073369681835 1414.4860231876373 1123.8642506301403
v 347.1339023858309 1399.61729824543 1122.7693246304989
v 464.8955600708723 1379.8631221055984 1122.277533262968
v 580.960636138916 1355.7480520009995 1122.9081244766712
v 695.1155456900597 1327.7088144421577 1125.1192136108875
v 807.1876990795135 1296.039392054081 1129.2545388638973
v 917.0009039342403 1260.8442260324955 1135.4876379668713
v 1024.3286813795567 1222.0294179022312 1143.7903717160225
v 1128.8500472903252 1179.3116036057472 1153.9069084823132
v 1230.1031698286533 1132.264751046896 1165.353344976902
v 1327.4712619185448 1080.387891381979 1177.4398535490036
v 1420.176665186882 1023.1905226409435 1189.3112602829933
v 1507.3021629452705 960.2867357432842 1200.009694546461
v 1587.840659916401 891.4812248945236 1208.5502083599567
v 1660.7597279548645 816.8427832424641 1214.0099723637104
v 1725.0851893424988 736.7460945248604 1215.6177751719952
v 1779.9916779994965 651.874615252018 1212.8369998931885
v 1824.8878914117813 563.1867849081755 1205.439423173666
v 1859.4837909936905 471.8447298556566 1193.5522402822971
v 1883.8371720910072 379.1089119762182 1177.6836255192757
v 1898.3677715063095 286.21300023049116 1158.718636482954
v 1903.8332998752594 194.23834402114153 1137.882428318262
v 1901.2692192196846 103.9869580604136 1116.6697919368744
v 1782.8028678894043 15.89744251454249 1182.2097899019718
v 1769.1630145907402 -65.3769697714597 1164.800269305706
v 1749.476038813591 -144.6829971112311 1148.9633585512638
v 1724.0488171577454 -222.0091972872615 1135.0025969743729
v 1693.1050980091095 -297.38798063248396 1123.0812829732895
v 1656.7900523543358 -370.8585125952959 1113.2333959639072
v 1615.1904490590096 -442.4391860514879 1105.3909012675285
v 1568.350886106491 -512.1064694970846 1099.403394460678
v 1516.292448937893 -579.7818613797426 1095.057669878006
v 1459.0321272611618 -645.3266756236553 1092.0999437570572
v 1396.5979844331741 -708.5413590073586 1090.2485965192318
v 1329.0411412715912 -769.1679182648659 1089.2039570212364
v 1256.4469255506992 -826.8943192064762 1088.6560389399529
v 1178.9407122135162 -881.3609716296196 1088.2863610982895
v 1096.6976317763329 -932.1695275604725 1087.7750770747662
v 1009.9459075927734 -978.8925138115883 1086.8021129071712
v 918.9748956263065 -1021.0904733836651 1085.05960598588
v 824.1381941735744 -1058.3328992128372 1082.2641922533512
v 725.854402333498 -1090.2181060612202 1078.1677006185055
v 624.606399461627 -1116.4053896069527 1072.5804379582405
v 520.9326227754354 -1136.6427864134312 1065.388254672289
v 415.41644878685474 -1150.7961232960224 1056.5746919810772
v 308.665866330266 -1158.8725298643112 1046.2352411448956
v 201.29297893494368 -1161.0481226444244 1034.6056343615055
v 93.88338163495064 -1157.6776376366615 1022.0716290175915
v -13.035544224549085 -1149.3036836385727 1009.1884244978428
v -119.01797642931342 -1136.4175210893154 996.4092819392681
v -223.66222381591797 -1119.1841170191765 983.7723523378372
v -326.58155128359795 -1097.7980187535286 971.333459019661
v -427.40890718996525 -1072.464695572853 959.1496388614178
v -525.7981641590595 -1043.4078200161457 947.2900642454624
v -621.4307651668787 -1010.8782936632633 935.8528052270412
v -714.0226635336876 -975.1492412388325 924.9663464725018
v -803.331338763237 -936.5167690813541 914.8010401427746
v -889.1622814536095 -895.2921529114246 905.5716846883297
v -971.3754023611546 -851.7906124889851 897.5391176342964
v -1049.8859804868698 -806.3118189573288 890.9997487068176
v -1124.6599605679512 -759.1239669919014 886.2799471616745
v -1195.7103882730007 -710.4405656456947 883.7185211479664
v -1263.0786760151386 -660.4010973870754 883.6438119411469
v -1326.8185234069824 -609.0565313398838 886.3523051142693
v -1386.9716462492943 -556.3605629652739 892.0810981094837
v -1443.540092408657 -502.1696140617132 900.9795334935188
v -1496.46166741848 -446.25398226082325 913.0839419364929
v -1545.582705438137 -388.3220361918211 928.2944330573082
v -1590.6388041377068 -328.0516919493675 946.3541133701801
v -1631.2449645996094 -265.1350490003824 966.8462041020393
v -1666.8913438916206 -199.3282026425004 989.1860014200211
v -1696.9603964686394 -130.50037384033203 1012.6431754231453
v -1720.744925737381 -58.68195824325085 1036.3531471788883
v -1737.4893447756767 15.897547989152372 1059.3593354523182
v -1746.4236557483673 92.78501408174634 1080.6329527497292
v -1746.9442689418793 171.3157769665122 1099.3477228283882
v -1738.6975860595703 250.6912374123931 1114.9906930327415
v -1721.5493580698967 330.0536332279444 1127.2983711957932
v -1695.5848369002342 408.5598501563072 1136.2583184242249
v -1661.0825324058533 485.44514276087284 1142.078886181116
v -1618.4785643219948 560.0730416923761 1145.1588016748428
v -1568.3238846063614 631.9652942568064 1146.041583865881
v -1511.2325498461723 700.8103592693806 1145.3588858246803
v -1447.831358909607 766.4536607265472 1143.7760366499424
v -1378.7219294905663 828.8654287159443 1141.9375075399876
v -1304.4432297348976 888.1030793488026 1140.4189006984234
v -1225.4576224088669 944.2603594064713 1139.6888741850853
v -1142.1422183513641 997.4202454090118 1140.0823679566383
v -1054.7967645525932 1047.6126968860626 1141.7864963412285
v -963.6579033732414 1094.7834074497223 1144.8389552533627
v -868.9283736050129 1138.7718850374222 1149.1361378133297
v -770.7985509932041 1179.31046590209 1154.4530820846558
v -669.4761802256107 1216.031292527914 1160.4664526879787
v -565.2104563266039 1248.4867922961712 1166.784576177597
v -458.3084075897932 1276.1810022592545 1172.9776281118393
v -349.1491547971964 1298.6036244034767 1178.608275204897
v -238.18946700543165 1315.267949104309 1183.2606488466263
v -125.95610100775957 1325.7504472136497 1186.5671190619469
v -13.035448230803013 1329.72194314003 1188.23195874691
v 99.98399514704943 1327.9938471317291 1189.275081306696
v 212.6764814555645 1321.5676417946815 1190.9099614620209
v 324.67749044299126 1310.5731770396233 1193.2882171869278
v 435.6563864648342 1295.2037107944489 1196.6373133659363
v 545.3197936713696 1275.6593272089958 1201.2032215297222
v 653.4012618660927 1252.0956641435623 1207.1942172944546
v 759.6423047780991 1224.5868998765945 1214.7340069711208
v 863.7643367052078 1193.097158819437 1223.818949908018
v 965.4378786683083 1157.4774776399136 1234.2902985215187
v 1064.2568463087082 1117.4755136668682 1245.816981047392
v 1159.7106382250786 1072.7771089971066 1257.901517599821
v 1251.179585158825 1023.0497507750988 1269.8955687880516
v 1337.9370737075806 968.008785545826 1281.039451956749
v 1419.1729071736336 907.4821166694164 1290.5168268084526
v 1494.0335044264793 841.4666344225407 1297.5173449516296
v 1561.6734758019447 770.1752410829067 1301.3101455569267
v 1621.317514181137 694.0586189925671 1301.3145446777344
v 1672.3280504345894 613.7983284890652 1297.1663254499435
v 1714.2653241753578 530.2719562500715 1288.7735614180565
v 1746.9315266609192 444.4943718612194 1276.3477137684822
v 1770.403263270855 357.53528222441673 1260.4239583015442
v 1785.0309467315674 270.4217113927007 1241.8427546322346
v 1791.4175599813461 184.04688946902752 1221.7168527841568
v 1790.3645014762878 99.07721688970923 1201.3595420122147
v 1664.902486205101 15.89744251454249 1262.6537816226482
v 1653.0005890130997 -60.31889574602246 1245.801735818386
v 1635.2921557426453 -134.8196373321116 1230.3318482637405
v 1611.9988110661507 -207.536165677011 1216.4490573108196
v 1583.2921206951141 -278.4267270565033 1204.2496126890182
v 1549.297838807106 -347.4524973332882 1193.733438551426
v 1510.107740163803 -414.55873399972916 1184.8215782642365
v 1465.7935759425163 -479.661398679018 1177.3727290332317
v 1416.4172372221947 -542.6392121613026 1171.1996248364449
v 1362.0457726716995 -603.3298999816179 1166.082385480404
v 1302.7592766284943 -661.5292443335056 1161.7776940762997
v 1238.6605975031853 -716.9944213330746 1158.0283537507057
v 1169.8824673891068 -769.4458213448524 1154.566245675087
v 1096.5925838053226 -818.5736855864525 1151.1174866557121
v 1019.0000566840172 -864.0458804368973 1147.409027814865
v 937.3586697876453 -905.5157096683979 1143.1701715290546
v 851.971507370472 -942.6366287469864 1138.1456170976162
v 763.1930020451546 -975.0795379281044 1132.1066860854626
v 671.4290106296539 -1002.5508338212967 1124.8652781546116
v 577.1330597251654 -1024.813874065876 1116.2881302833557
v 480.8006192743778 -1041.71870931983 1106.3248801231384
v 382.95666366815567 -1053.2189971208572 1095.0197464227676
v 284.13830280303955 -1059.3908877670765 1082.5269259512424
v 184.8774889856577 -1060.4604808986187 1069.1440419852734
v 85.67310526967049 -1056.801246702671 1055.3121443092823
v -13.035538299009204 -1048.940397053957 1041.6328506171703
v -110.88010542094707 -1037.185111939907 1028.3764034509659
v -207.50920210033655 -1021.5647441148758 1015.4166693985462
v -302.5873242691159 -1002.310626655817 1002.8916898369789
v -395.8049786090851 -979.649693518877 990.9278257191181
v -486.8762981146574 -953.8044036924839 979.6442325413227
v -575.5413364619017 -925.0020703673363 969.171746224165
v -661.5681537985802 -893.4656076133251 959.6471187472343
v -744.7531770169735 -859.4145922362804 951.2217405438423
v -824.9256367981434 -823.0666290223598 944.07081797719
v -901.9467332959175 -784.624380916357 938.3865471184254
v -975.7111151516438 -744.2713974416256 934.3784929811954
v -1046.1410392820835 -702.1620270609856 932.2681285440922
v -1113.1850056350231 -658.4104193747044 932.2785195708275
v -1176.8052424490452 -613.0813097208738 934.6200653910637
v -1236.9671635329723 -566.1826999485493 939.4756329059601
v -1293.6247298121452 -517.6633175462484 946.9814431667328
v -1346.7042180895805 -467.4140567332506 957.2081854939461
v -1396.087534725666 -415.27670085430145 970.1415248215199
v -1441.5955293178558 -361.0612154752016 985.66465690732
v -1482.9782104492188 -304.5676491782069 1003.5470071434975
v -1519.9070093035698 -245.6144054979086 1023.4350530803204
v -1551.9734144210815 -184.0736634284258 1044.8538413643837
v -1578.7006521224976 -119.90148864686489 1067.212524563074
v -1599.5553669333458 -53.17205469124019 1089.819985628128
v -1613.975533246994 15.897540878504515 1111.9102466106415
v -1621.4223346114159 86.93247685208917 1132.7147507667542
v -1621.457679271698 159.41268518567085 1151.5859930217266
v -1613.776966035366 232.7107223123312 1168.0314993858337
v -1598.2286527752876 306.13775607198477 1181.7438623309135
v -1574.821234345436 378.9935867488384 1192.6066568493843
v -1543.712320625782 450.61472453176975 1200.6844286620617
v -1505.1883095502853 520.4130335152149 1206.2010778486729
v -1459.6370822191238 587.9022212326527 1209.5120230317116
v -1407.5162988901138 652.7121168375015 1211.064230054617
v -1349.317902624607 714.5894674956799 1211.3574542105198
v -1285.541572868824 773.3831103146076 1210.9037379920483
v -1216.6636282205582 829.0242521464825 1210.187515616417
v -1143.1241324543953 881.4951448142529 1209.6342124044895
v -1065.3143797814846 930.7984429597855 1209.5843809843063
v -983.577880859375 976.9263343513012 1210.2774700522423
v -898.2129415869713 1019.8376341164112 1211.8440121412277
v -809.4907905161381 1059.4359408318996 1214.3060787022114
v -717.664832174778 1095.5647064745426 1217.5862300395966
v -622.9910119622946 1128.0057194828987 1221.5223813056946
v -525.7435164600611 1156.486765295267 1225.8860816061497
v -426.22539199888706 1180.7004363834858 1230.4051922261715
v -324.7819695621729 1200.322487205267 1234.7882334887981
v -221.8055483326316 1215.0368636846542 1238.7453185021877
v -117.7320584282279 1224.5616428554058 1242.012120783329
v -13.035450601018965 1228.6713318526745 1244.369366914034
v 91.81955875828862 1228.1583791971207 1246.9510440528393
v 196.51413056999445 1223.8425382971764 1250.9087358415127
v 300.758010558784 1215.645762681961 1256.1667470633984
v 404.25857186317444 1203.5352864861488 1262.7139282226562
v 506.7243727296591 1187.4912378191948 1270.5621872842312
v 607.8604255616665 1167.4769826233387 1279.7010573744774
v 707.3569336533546 1143.4167498350143 1290.0622004270554
v 804.8742924630642 1115.18455773592 1301.4905095100403
v 900.0243933498859 1082.6026970148087 1313.7183967232704
v 992.3594361543655 1045.4553832113743 1326.3620766997337
v 1081.355318725109 1003.517654389143 1338.9233869314194
v 1166.4167186617851 956.5891988575459 1350.8089011907578
v 1246.8832369148731 904.5375120639801 1361.3628470897675
v 1322.0500281453133 847.3403708636761 1369.9088218808174
v 1391.2022352218628 785.1208747923374 1375.8034920692444
v 1453.6521542072296 718.1740683317184 1378.4907481074333
v 1508.784211575985 646.9749048352242 1377.5560107827187
v 1556.1040371656418 572.1661868691444 1372.776290178299
v 1595.2780562639236 494.5269001275301 1364.1582608222961
v 1626.16140127182 414.925150424242 1351.9581335783005
v 1648.8155081868172 334.2551728338003 1336.689695417881
v 1663.5043242573738 253.36626313626766 1319.1024655103683
v 1670.676408112049 173.00020411610603 1300.1566657423973
v 1670.9179046750069 93.72396090999246 1280.948587357998
v 1538.1971883773804 15.89744251454249 1336.1360129714012
v 1527.8214827179909 -54.75251942873001 1319.7684013843536
v 1511.9033399224281 -123.89818470925093 1304.4835802912712
v 1490.6158426404 -191.421313919127 1290.4285410046577
v 1464.1038584709167 -257.22324918955564 1277.668815255165
v 1432.4875289201736 -321.20821483433247 1266.1929501593113
v 1395.8715227246284 -383.27207304537296 1255.9319250285625
v 1354.3523171544075 -443.29299472272396 1246.7681013047695
v 1308.0250242352486 -501.1255434155464 1238.5449309647083
v 1256.994236856699 -556.5992911159992 1231.0815949738026
v 1201.3787312805653 -609.5173771679401 1224.17725071311
v 1141.3176107406616 -659.6593904495239 1217.6177823543549
v 1076.976828277111 -706.7839102447033 1211.1836889386177
v 1008.5516138374805 -750.6335121393204 1204.650539457798
v 936.2708733975887 -790.9406082332134 1197.7967850863934
v 860.400222837925 -827.436548769474 1190.4098269343376
v 781.2439599633217 -859.8622407019138 1182.2948142886162
v 699.1461263597012 -887.9826344549656 1173.2880695164204
v 614.4875114411116 -911.5989352762699 1163.2653553783894
v 527.6844388991594 -930.569081902504 1152.1615952253342
v 439.1792479157448 -944.8227642476559 1139.984601289034
v 349.43289808928967 -954.3822813034058 1126.8385872244835
v 258.9076953008771 -959.3705809116364 1112.930084168911
v 168.05348757654428 -960.0264291465282 1098.5894054174423
v 77.28583065792918 -956.7080509662628 1084.2827819287777
v -13.0355335585773 -949.8897929489613 1070.6182025372982
v -102.60861111804843 -939.7209218144417 1057.6755340397358
v -191.12691413611174 -926.1261974275112 1045.1744462549686
v -278.2963651791215 -909.3271686136723 1033.2902213931084
v -363.84896866977215 -889.5357516407967 1022.1807727217674
v -447.5394356995821 -866.9530166685581 1011.9921055436134
v -529.1444160789251 -841.7683534324169 1002.8615786135197
v -608.4620053321123 -814.1573475301266 994.9202553927898
v -685.3108914196491 -784.2832973599434 988.3011713624
v -759.5302030444145 -752.2947111725807 983.1396374106407
v -830.9780685603619 -718.3228041231632 979.5740741491318
v -899.5322227478027 -682.4775542318821 977.7457843720913
v -965.0840528309345 -644.8463371396065 977.7969051897526
v -1027.5388260185719 -605.4872895032167 979.8635818064213
v -1086.8072704970837 -564.426843971014 984.0688379108906
v -1142.7992042899132 -521.6570745408535 990.5110469460487
v -1195.4146611690521 -477.13512770831585 999.2524033784866
v -1244.535016566515 -430.78769743442535 1010.3074698150158
v -1290.0130516290665 -382.51603104174137 1023.6289177834988
v -1331.6621071100235 -332.20821641385555 1039.091599881649
v -1369.252897799015 -279.7551667317748 1056.493839174509
v -1402.5066104531288 -225.0667569041252 1075.5395293235779
v -1431.0964965820312 -168.09670135378838 1095.8432921767235
v -1454.655912220478 -108.86163899675012 1116.9396552443504
v -1472.7845373749733 -47.46263584122062 1138.2818381488323
v -1485.0679445266724 15.897531397640705 1159.2677681148052
v -1491.1209830641747 80.90574771165848 1179.3116036057472
v -1490.6241858005524 147.14764246717095 1197.9016813635826
v -1483.3342358469963 214.12709154188633 1214.6033227443695
v -1469.1117265820503 281.2925646454096 1229.105934649706
v -1447.9329937696457 348.07140812277794 1241.2436398863792
v -1419.8823791742325 413.90167221426964 1250.9836725890636
v -1385.144494175911 478.26168186962605 1258.4202346205711
v -1343.9919325709343 540.6922978162766 1263.763573616743
v -1296.7609995603561 600.8103793859482 1267.3053209483624
v -1243.8322949409485 658.3169001340866 1269.4003643095493
v -1185.6108412146568 712.9898561537266 1270.4318822920322
v -1122.503632903099 764.6796014904976 1270.787149220705
v -1054.907804429531 813.2883694767952 1270.827575623989
v -983.1992530822754 858.7535105645657 1270.8704291284084
v -907.7281640470028 901.0273170471191 1271.1703278124332
v -828.8169625401497 940.0602608919144 1271.9103661179543
v -746.7697188258171 975.7843074202538 1273.1974881887436
v -661.8738926947117 1008.1055581569672 1275.0643840432167
v -574.4122035056353 1036.8989415466785 1277.4763157963753
v -484.67237651348114 1062.0101091265678 1280.3421154618263
v -392.953021004796 1083.2628685235977 1283.528292477131
v -299.5734714344144 1100.4674507677555 1286.8746581673622
v -204.87835720181465 1113.435603827238 1290.2111637592316
v -109.23582024872303 1121.9940933585167 1293.3724629878998
v -13.035451786126941 1125.9988102316856 1296.2139916419983
v 83.34874825552106 1126.1685556173325 1299.9109217524529
v 179.66796290129423 1123.1581917405128 1305.5305710434914
v 275.68207386881113 1116.7840932309628 1312.841303050518
v 371.12856552004814 1106.8897120654583 1321.660630106926
v 465.7250977307558 1093.3305598795414 1331.8225991725922
v 559.1679984331131 1075.960707217455 1343.1510937213898
v 651.1269922554493 1054.624895453453 1355.434045791626
v 741.2373693287373 1029.1533033549786 1368.4018954634666
v 829.092590212822 999.3680699169636 1381.71545535326
v 914.2404556274414 965.0942163169384 1394.9639385938644
v 996.1755976080894 926.1808072030544 1407.66844779253
v 1074.3494154512882 882.5240840017796 1419.3000265955925
v 1148.1777362525463 834.0953765809536 1429.305144250393
v 1217.0590940117836 780.9668911993504 1437.1398267149925
v 1280.4009726643562 723.3310514688492 1442.307580113411
v 1337.646276652813 661.5121787786484 1444.3983760476112
v 1388.3056417107582 595.9691090136766 1443.1309741735458
v 1431.9896697998047 527.278316617012 1438.3825024962425
v 1468.4348687529564 456.1096056550741 1430.2178859710693
v 1497.518518269062 383.1886035203934 1418.8928803801537
v 1519.2706537246704 309.25292141735554 1404.8624154925346
v 1533.8667848706245 235.00205747783184 1388.7575376033783
v 1541.6086307168007 161.05384167283773 1371.348244547844
v 1542.899241745472 87.90238818153739 1353.5063207149506
v 1402.9492530226707 15.89744251454249 1400.5177527666092
v 1393.9677652716637 -48.68528329767287 1384.6439045667648
v 1379.763762652874 -111.95392701774836 1369.4965180754662
v 1360.479837357998 -173.75323120504618 1355.193156003952
v 1336.2462943792343 -233.94414477050304 1341.7867594957352
v 1307.184337079525 -292.39382185041904 1329.2773285508156
v 1273.4089493751526 -348.96723598241806 1317.6146525144577
v 1235.0363287329674 -403.52152951061726 1306.712720990181
v 1192.1858581900597 -455.90242981910706 1296.4542746543884
v 1144.987766891718 -505.94239108264446 1286.7005136609077
v 1093.5864673554897 -553.4605563431978 1277.2970137000084
v 1038.1446512043476 -598.2647295296192 1268.0785802006721
v 978.8471573591232 -640.1534612476826 1258.876377940178
v 915.9030957520008 -678.9208650588989 1249.5211924612522
v 849.5483502745628 -714.3608649075031 1239.8481325805187
v 780.0472474098206 -746.2752728164196 1229.7064146399498
v 707.6933905482292 -774.4816011190414 1218.9654302597046
v 632.8084464371204 -798.8240602612495 1207.5258958339691
v 555.740362778306 -819.1828121244907 1195.3293333947659
v 476.8598034232855 -835.4876983165741 1182.3729366064072
v 396.55248783528805 -847.7291621267796 1168.720341026783
v 315.21249759942293 -855.9703081846237 1154.5195998251438
v 233.228605017066 -860.3530460596085 1140.0084172189236
v 150.97368298098445 -861.1047647893429 1125.529014468193
v 68.7881987914443 -858.5404565930367 1111.5384450554848
v -13.035527633037418 -853.0570283532143 1098.611780256033
v -94.2486129514873 -844.6783718466759 1086.6441996395588
v -174.58271197974682 -833.2616673409939 1075.2290120720863
v -253.77710688859224 -818.9954702556133 1064.5460505783558
v -331.5938564389944 -802.0584759116173 1054.758537709713
v -407.81431294977665 -782.6169407367706 1046.0131613910198
v -482.2376527637243 -760.8233170211315 1038.4437914192677
v -554.6794541180134 -736.8132190406322 1032.169052362442
v -624.9696303158998 -710.7068641483784 1027.2998324036598
v -692.9515574872494 -682.6086176931858 1023.940496891737
v -758.479647487402 -652.6052485406399 1022.1882815659046
v -821.420144289732 -620.7664979249239 1022.1358713507652
v -881.6448666155338 -587.1437142044306 1023.8688215613365
v -939.0339004993439 -551.7686772346497 1027.4632066488266
v -993.4680145978928 -514.6537879854441 1032.9809176921844
v -1044.8258538544178 -475.7914238423109 1040.4632154107094
v -1092.9792369902134 -435.1553796976805 1049.9220836162567
v -1137.7879230678082 -392.705115377903 1061.3352233171463
v -1179.0938471257687 -348.38909290730953 1074.6337655186653
v -1216.7160384356976 -302.15471245348454 1089.69620347023
v -1250.4481175541878 -253.95724330097437 1106.3428558409214
v -1280.0560209155083 -203.7709354236722 1124.3294197320938
v -1305.2796694636345 -151.6056678816676 1143.3503079414368
v -1325.8353957533836 -97.51635383814573 1163.0344015359879
v -1341.4252731204033 -41.61960791796446 1182.960370928049
v -1351.7460656166077 15.897523101884872 1202.6612266898155
v -1356.5119820833206 74.7706238552928 1221.6655802726746
v -1355.486076772213 134.66225499287248 1239.5570321381092
v -1348.4881374239922 195.17543260008097 1255.9784191846848
v -1335.4098546504974 255.8697610720992 1270.6575268507004
v -1316.2187659740448 316.2811616063118 1283.4119433164597
v -1290.9637168049812 375.9451477229595 1294.162181019783
v -1259.7678066790104 434.41602401435375 1302.92249917984
v -1222.8231558203697 491.2836103886366 1309.796656370163
v -1180.3780870139599 546.1858895421028 1314.9615275859833
v -1132.7237765491009 598.8178431242704 1318.651479780674
v -1080.1834081113338 648.9308449625969 1321.1406236886978
v -1023.0942729115486 696.3323576748371 1322.7194529771805
v -961.800184994936 740.877248197794 1323.6789163947105
v -896.641166061163 782.4578139185905 1324.2913043498993
v -827.9480603337288 820.992291867733 1324.7976583242416
v -756.0371494293213 856.414922773838 1325.3974556922913
v -681.215765029192 888.6619193851948 1326.2413284182549
v -603.7781172990799 917.6669156551361 1327.4295461177826
v -524.0133725851774 943.353685438633 1329.0135329961777
v -442.2090286016464 965.6348530948162 1331.0005703568459
v -358.6538724601269 984.4126519560814 1333.3607745170593
v -273.6450533941388 999.5823374390602 1336.0366535186768
v -187.49119248241186 1011.0378755629063 1338.9523604512215
v -100.51145352423191 1018.678465783596 1342.024463713169
v -13.035454156342894 1022.4154430627823 1345.1689249277115
v 74.62471336126328 1022.8600576519966 1349.5339146256447
v 162.25984547287226 1020.5243520438671 1356.0904249548912
v 249.65971942991018 1015.1959548890591 1364.5256632566452
v 336.5840142965317 1006.6743269562721 1374.5549002289772
v 422.76442162692547 994.7687132656574 1385.9047836065292
v 507.90371634066105 979.2933647334576 1398.2940730452538
v 591.6750741004944 960.0695860385895 1411.422718167305
v 673.718828856945 936.9261148571968 1424.9566891789436
v 753.6404629051685 909.706934094429 1438.524336218834
v 831.0131856799126 878.2812836766243 1451.7168444395065
v 905.3744827210903 842.5579956173897 1464.0927848219872
v 976.2382511794567 802.5011943280697 1475.1944971084595
v 1043.1020811200142 758.1468312442303 1484.5661413669586
v 1105.462424904108 709.6170198917389 1491.7785757780075
v 1162.833634763956 657.1285307407379 1496.4566615223885
v 1214.7666211426258 600.9979108721018 1498.30580919981
v 1260.8694830536842 541.6383363306522 1497.137766778469
v 1300.8295795321465 479.54489782452583 1492.8923118114471
v 1334.4280922412872 415.2751839160919 1485.6509038805962
v 1361.5492787957191 349.42330345511436 1475.6395667791367
v 1382.1847960352898 282.5889590010047 1463.2250961661339
v 1396.4279356598854 215.34386560320854 1448.8957944512367
v 1404.4622471928596 148.20602921769023 1433.2385650277138
v 1406.5384805202484 81.60984406247735 1416.894162595272
v 1259.7762256860733 15.89744251454249 1453.757884800434
v 1252.1154601871967 -42.153408993035555 1438.4895983338356
v 1239.6240049600601 -99.07333921641111 1423.5840117931366
v 1222.423973530531 -154.6855359710753 1409.1483727097511
v 1200.6338387727737 -208.82757309824228 1395.2345603704453
v 1174.3733629584312 -261.3457942381501 1381.8577441573143
v 1143.7647354602814 -312.090619802475 1368.9982038736343
v 1108.9330278337002 -360.91122820973396 1356.601481437683
v 1070.0127166509628 -407.65537574887276 1344.5940053462982
v 1027.1475318074226 -452.1662489324808 1332.8811186552048
v 980.4953865706921 -494.2839624732733 1321.3572424650192
v 930.2295911312103 -533.8468107581139 1309.910426735878
v 876.5410521626472 -570.6920263171196 1298.423563838005
v 819.6400931477547 -604.6611270308495 1286.784400343895
v 759.7574403882027 -635.6020777672529 1274.8870539665222
v 697.1448297798634 -663.3764958381653 1262.6421011984348
v 632.0742104202509 -687.8630641102791 1249.978928565979
v 564.8370240628719 -708.9682254195213 1236.8596126139164
v 495.741398781538 -726.6299369931221 1223.2837741076946
v 425.108242854476 -740.8265824615955 1209.297300428152
v 353.26604925096035 -751.5858459472656 1195.00857681036
v 280.54399356245995 -758.9869874715805 1180.5883346498013
v 207.26319264620543 -763.1685034930706 1166.2858068943024
v 133.72824769467115 -764.3272167444229 1152.4308517575264
v 60.21588142029941 -762.7178211510181 1139.4397929310799
v -13.035521707497537 -758.6453729867935 1127.814509421587
v -85.81717647612095 -752.0547315478325 1117.30713352561
v -157.8928079083562 -742.7668222784996 1107.412524819374
v -229.02945458889008 -730.930760204792 1098.2998219132423
v -299.01224222034216 -716.6864070296288 1090.1188224554062
v -367.6416555047035 -700.1641435921192 1083.0050648748875
v -434.7316609323025 -681.480849981308 1077.0756568014622
v -500.10900519788265 -660.74073985219 1072.435418665409
v -563.6105415970087 -638.0335400998592 1069.174532443285
v -625.0820354372263 -613.4355527162552 1067.3729407787323
v -684.3769125640392 -587.0090480148792 1067.09890589118
v -741.3550837337971 -558.8030610233545 1068.4121192991734
v -795.8796831965446 -528.8539982587099 1071.3606679439545
v -847.8183580935001 -497.1855239570141 1075.9827028214931
v -897.0383004844189 -463.80950815975666 1082.2997644543648
v -943.4049579501152 -428.72746780514717 1090.3163278102875
v -986.7799098789692 -391.93299382925034 1100.0161616504192
v -1027.0173785090446 -353.41330602765083 1111.3535302877426
v -1063.961801826954 -313.15403141081333 1124.2497804760933
v -1097.4458615481853 -271.1459356173873 1138.5923554003239
v -1127.2877526283264 -227.3886962980032 1154.2216731607914
v -1153.294444680214 -181.90083906054497 1170.9417453408241
v -1175.2572828531265 -134.72720839083195 1188.5052351653576
v -1192.959041595459 -85.94662819057703 1206.623393446207
v -1206.1796890199184 -35.681534335017204 1224.976146221161
v -1214.6975246071815 15.897515991237015 1243.2023105025291
v -1218.2958537340164 68.56554544530809 1260.903007388115
v -1216.7971946299076 122.04352864995599 1277.7291893959045
v -1210.0759448111057 176.01060591638088 1293.4032568335533
v -1198.057850152254 230.11505141854286 1307.7088943123817
v -1180.7200048863888 283.9854333549738 1320.483030974865
v -1158.0948714911938 337.24479258060455 1331.6290378570557
v -1130.2717217803001 389.52500611543655 1341.12400919199
v -1097.3895072937012 440.47588877379894 1349.0040481090546
v -1059.6342805027962 489.77751828730106 1355.3679072856903
v -1017.2288796305656 537.1462272107601 1360.3612127900124
v -970.4269367456436 582.3367266356945 1364.1667556762695
v -919.5024108886719 625.1460881531239 1366.9929632544518
v -864.7424584627151 665.4084345698357 1369.0593364834785
v -806.4406828582287 702.9916405677795 1370.583555996418
v -744.8917493224144 737.7911891043186 1371.7731389403343
v -680.3859239816666 769.7241795063019 1372.8145170211792
v -613.2113871723413 798.7205292284489 1373.8672721385956
v -543.6491137742996 824.7191815078259 1375.059585571289
v -471.97628632187843 847.6621893048286 1376.4873278141022
v -398.46766024827957 867.491757273674 1378.2143619656563
v -323.39575350284576 884.1488006711006 1380.274667441845
v -247.0353215187788 897.5724902749062 1382.6767390966415
v -169.6657843142748 907.7011625468731 1385.407834649086
v -91.57006034627557 914.4756568968296 1388.4385254979134
v -13.03545534145087 917.8403775393963 1391.72846108675
v 65.66680925898254 918.2827167212963 1396.3405600190163
v 144.3465212546289 916.1943478882313 1403.1414490938187
v 222.8090788051486 911.382392346859 1411.8005874752998
v 300.83112698048353 903.6573845148087 1421.998356282711
v 378.16109105944633 892.8356231749058 1433.416805267334
v 454.5199302583933 878.7427362799644 1445.7347986102104
v 529.6008627861738 861.2167148292065 1458.618458211422
v 603.0701622366905 840.1134496927261 1471.7179781198502
v 674.5674040913582 815.3136336803436 1484.6671694517136
v 743.7106612324715 786.7309530079365 1497.0864942669868
v 810.0955179333687 754.3223266303539 1508.5874646902084
v 873.3064848184586 718.0966286361217 1518.7861436605453
v 932.9239767789841 678.1250034272671 1527.3158872127533
v 988.5344006121159 634.5474644005299 1533.8438791036606
v 1039.7451727092266 587.5753968954086 1538.0897891521454
v 1086.1955651640892 537.4933785200119 1539.8407909274101
v 1127.5706616044044 484.6535664796829 1538.969309926033
v 1163.6147820949554 429.46507900953293 1535.4440972208977
v 1194.1395987570286 372.37806752324104 1529.333718419075
v 1219.0302035212517 313.8690023124218 1520.8130764961243
v 1238.2445013523102 254.41774781793356 1510.147180557251
v 1251.8125276267529 194.4886388257146 1497.6867467164993
v 1259.8254503309727 134.51388895511627 1483.8422584533691
v 1262.421917617321 74.87449145875871 1469.0504422783852
v 1109.6801199018955 15.89744251454249 1494.239504635334
v 1103.2961612939835 -35.22406369447708 1479.7842970490456
v 1092.553053200245 -85.39842568337917 1465.3762662410736
v 1077.55106523633 -134.44262130185962 1451.1055183410645
v 1058.3986584842205 -182.1876162290573 1437.0363715291023
v 1035.2078588306904 -228.47368635237217 1423.1970408558846
v 1008.0989594757557 -273.149128369987 1409.594655930996
v 977.1983972191811 -316.0662493854761 1396.2088897824287
v 942.642772346735 -357.08179354667664 1383.0054596066475
v 904.5793795585632 -396.05538718402386 1369.9371886253357
v 863.1662838160992 -432.84963361918926 1356.9447645545006
v 818.5755817592144 -467.33180075883865 1343.9664480090141
v 770.992643237114 -499.37442786991596 1330.9388309717178
v 720.6175523996353 -528.858473226428 1317.801994383335
v 667.6653352379799 -555.676082521677 1304.5064860582352
v 612.3654665797949 -579.7341536730528 1291.0181748867035
v 554.9611116200686 -600.9573327749968 1277.3199194669724
v 495.7071539014578 -619.2938922345638 1263.4232485294342
v 434.86814744770527 -634.7186508774757 1249.3712431192398
v 372.71543458104134 -647.2382453083992 1235.2483966946602
v 309.52166598290205 -656.8931777775288 1221.181297749281
v 245.55746342986822 -663.7624049186707 1207.3512203991413
v 181.0840816050768 -667.9618208110332 1193.9917731285095
v 116.34862026199698 -669.646153151989 1181.3980762660503
v 51.576311541721225 -669.0037298202515 1169.922287017107
v -13.035515781957656 -666.2517005205154 1159.974509626627
v -77.30767930857837 -661.293815523386 1151.2071377038956
v -141.03179320693016 -653.9503934979439 1143.071115463972
v -203.99953801184893 -644.3302747607231 1135.709414333105
v -266.01623840630054 -632.5366869568825 1129.2499122023582
v -326.8982879817486 -618.6662590503693 1123.806455284357
v -386.47231966257095 -602.8068596869707 1119.4788581132889
v -444.5744661986828 -585.0372558832169 1116.3532069325447
v -501.04840710759163 -565.4260890930891 1114.5021630823612
v -555.7441930472851 -544.0321406722069 1113.9860248565674
v -608.5170322656631 -520.9047490358353 1114.8532584309578
v -659.2275181412697 -496.0844164341688 1117.1419389545918
v -707.7373059093952 -469.6031502634287 1120.8764132857323
v -753.912146538496 -441.4859800040722 1126.0717749595642
v -797.6168049871922 -411.7511089146137 1132.7255210280418
v -838.7168046832085 -380.4134029895067 1140.8244541287422
v -877.0750902593136 -347.4840496480465 1150.3340639173985
v -912.5513449311256 -312.9738949984312 1161.1987546086311
v -945.0021421909332 -276.89687591046095 1173.3425275981426
v -974.2774568498135 -239.27311077713966 1186.659273058176
v -1000.222106128931 -200.1330142095685 1201.013680100441
v -1022.6783284544945 -159.52270112931728 1216.2482905387878
v -1041.4814601838589 -117.50840485095978 1232.1668884158134
v -1056.467899531126 -74.18106582015753 1248.5525515675545
v -1067.4735137820244 -29.661136041395366 1265.154833495617
v -1074.3424375355244 15.897506510373205 1281.712365746498
v -1076.9076558947563 62.304074857383966 1297.8700330853462
v -1075.0342372059822 109.32656159624457 1313.3188351988792
v -1068.6446659266949 156.70558569952846 1327.8702166676521
v -1057.6916894316673 204.16061788797379 1341.3556456565857
v -1042.1671921014786 251.39777034521103 1353.651188313961
v -1022.1002233028412 298.1172676384449 1364.6682554483414
v -997.5601829588413 344.0232688933611 1374.3719574809074
v -968.6526499688625 388.82880732417107 1382.7647215127945
v -935.5188512802124 432.2639437764883 1389.8929658532143
v -898.3299733698368 474.0825171023607 1395.8431559801102
v -857.2842800617218 514.0622579306364 1400.7307308912277
v -812.5987693667412 552.0103634148836 1404.6946421265602
v -764.5077323913574 587.7616769075394 1407.8917410969734
v -713.2548652589321 621.1769434809685 1410.4831266403198
v -659.0912970900536 652.1410654485226 1412.6320213079453
v -602.2695222496986 680.5596892535686 1414.4923943281174
v -543.0454861372709 706.3540099561214 1416.2072929739952
v -481.6726691275835 729.4585716724396 1417.9018646478653
v -418.40367935597897 749.8167926073074 1419.6807780861855
v -353.49036648869514 767.378386259079 1421.627768278122
v -287.1822289377451 782.0971618592739 1423.803816139698
v -219.72973216325045 793.9292040467262 1426.2489688396454
v -151.38532312586904 802.8327211737633 1428.982491493225
v -82.40226414054632 808.76713514328 1432.004990875721
v -13.035457711666822 811.6949017345905 1435.30008405447
v 56.47277002222836 811.9785691797733 1439.8003846406937
v 125.9405997954309 809.9078726768494 1446.2592041492462
v 195.18223986029625 805.3340005874634 1454.376492202282
v 263.98892633616924 798.1079137325287 1463.8497713208199
v 332.1289563924074 788.0846686661243 1474.3724682927132
v 399.3483566492796 775.1284235715866 1485.6327006220818
v 465.37172697484493 759.1174441576004 1497.3117595911026
v 529.903529882431 739.9494129419327 1509.0847170352936
v 592.6300625503063 717.5480279326439 1520.622245669365
v 653.2248419523239 691.8680843710899 1531.5950182080269
v 711.3478463888168 662.9034386575222 1541.6779547929764
v 766.6569304466248 630.691217854619 1550.5619034171104
v 818.8101762533188 595.3168255835772 1557.957280576229
v 867.4762086570263 556.9184169918299 1563.6107575893402
v 912.3417799174786 515.6846991926432 1567.3113283514977
v 953.1201887130737 471.8568653613329 1568.9035066962242
v 989.558637291193 425.722109824419 1568.2930907607079
v 1021.4462712407112 377.6061571389437 1565.452623963356
v 1048.6207023262978 327.86359161138535 1560.4271593689919
v 1070.9689186513424 276.86778862029314 1553.3303156495094
v 1088.4269054234028 224.99663643538952 1544.3310797214508
v 1100.981161892414 172.62206934392452 1533.6559304594994
v 1108.6597514152527 120.09999897331 1521.5627473592758
v 1111.5290400385857 67.75877607986331 1508.3333775401115
v 954.0100246667862 15.89744251454249 1521.080816090107
v 948.8655562698841 -27.9925988195464 1507.7319115400314
v 939.9035611748695 -71.12036803737283 1494.1880804300308
v 927.2065608203411 -113.31211764365435 1480.5362433195114
v 910.8650405704975 -154.40515838563442 1466.8332853913307
v 890.9808628261089 -194.24744565039873 1453.1283554434776
v 867.662640362978 -232.69496511667967 1439.4439041614532
v 841.0298320651054 -269.6119697764516 1425.7932806015015
v 811.2108467519283 -304.8695198819041 1412.1760296821594
v 778.3438774943352 -338.34552086889744 1398.582442998886
v 742.5770533084869 -369.92457166314125 1384.9950757622719
v 704.070335328579 -399.4999746233225 1371.3989102840424
v 662.9929380118847 -426.97301499545574 1357.7757433056831
v 619.525756239891 -452.2557482868433 1344.1140460968018
v 573.8595829159021 -475.27251720428467 1330.4116949439049
v 526.1943125724792 -495.9604825824499 1316.6747575998306
v 476.7390551418066 -514.2744017392397 1302.9305389523506
v 425.7094433903694 -530.1867043226957 1289.2250022292137
v 373.3260401338339 -543.6909054219723 1275.62974691391
v 319.8120628297329 -554.8022123426199 1262.2450426220894
v 265.38964811712503 -563.5593828558922 1249.2024837434292
v 210.27772810310125 -570.02540782094 1236.6694644093513
v 154.68709083274007 -574.2867906391621 1224.850619584322
v 98.81783941760659 -576.4508926123381 1213.9860047399998
v 42.85486966371536 -576.6443780809641 1204.3529161810875
v -13.035509856417775 -575.0076775997877 1196.2603542208672
v -68.69645721279085 -571.4371463656425 1189.3176314234734
v -123.94532356411219 -565.7798390835524 1182.991240620613
v -178.5978578031063 -558.1088721752167 1177.3904772102833
v -232.4792754650116 -548.4964518994093 1172.617355287075
v -285.42242892086506 -537.0107267051935 1168.7602365016937
v -337.2675087302923 -523.7159389257431 1165.898305028677
v -387.8619109094143 -508.6713629215956 1164.0998989343643
v -437.05815114080906 -491.929674372077 1163.4187178313732
v -484.7142819315195 -473.539187759161 1163.9015592634678
v -530.6920722872019 -453.5419601947069 1165.5815683305264
v -574.8576144874096 -431.9750428944826 1168.4811198711395
v -617.0782522857189 -408.87135341763496 1172.6109082996845
v -657.2252355515957 -384.26085129380226 1177.9735124111176
v -695.1703830063343 -358.17076556384563 1184.55641746521
v -730.786120146513 -330.6268462538719 1192.3334562778473
v -763.9458584785461 -301.65632240474224 1201.2672363221645
v -794.521871805191 -271.28754179924726 1211.2994313240051
v -822.3872682452202 -239.55387707799673 1222.3595036566257
v -847.4141699075699 -206.496039070189 1234.3586365878582
v -869.4741679728031 -172.16329034417868 1247.186169475317
v -888.4393087029457 -136.61664025858045 1260.710963010788
v -904.1845205426216 -99.93354747071862 1274.7905766963959
v -916.585717946291 -62.20711880363524 1289.253217279911
v -925.5268551409245 -23.55171243660152 1303.925043642521
v -930.8981816470623 15.897498214617372 1318.6102190613747
v -932.5753085315228 55.98021070472896 1332.9986813664436
v -930.4597106575966 96.50581700727344 1346.8223875761032
v -924.5043629407883 137.2658139653504 1359.949364066124
v -914.6878765523434 178.03966246545315 1372.2738802433014
v -901.0117684304714 218.5972050577402 1383.6987003684044
v -883.506832420826 258.70548743754625 1394.1637536883354
v -862.2292710840702 298.13205778598785 1403.6291447281837
v -837.2625160217285 336.64928056299686 1412.0854684710503
v -808.7159384787083 374.03972163796425 1419.5535069704056
v -776.7218913137913 410.0998079031706 1426.0799819231033
v -741.433357745409 444.64018754661083 1431.7305767536163
v -703.0207657814026 477.4914185702801 1436.5944874286652
v -661.6694094240665 508.5019588470459 1440.7724386453629
v -617.5762251764536 537.5391521304846 1444.3745601177216
v -570.9473649412394 564.4886592030525 1447.5179594755173
v -521.9934935122728 589.2529409378767 1450.316255390644
v -470.9317605942488 611.7481106519699 1452.8792741894722
v -417.9804915189743 631.9034411013126 1455.3084990382195
v -363.36028702557087 649.6589753031731 1457.694794535637
v -307.2926200926304 664.9623030424118 1460.1138558983803
v -249.99883096665144 677.7684471011162 1462.6272708177567
v -191.70141655951738 688.037284463644 1465.2797889709473
v -132.6249690540135 695.7323327660561 1468.0988669395447
v -72.99437453970313 700.8214329183102 1471.0960334539413
v -13.035458896774799 703.2752321660519 1474.2647656798363
v 47.03450373373926 703.3427359163761 1478.3761233091354
v 107.04038402065635 701.2270621955395 1484.0587255358696
v 166.80497158318758 696.8293066322803 1491.0728961229324
v 226.13521233201027 690.0498063862324 1499.1662165522575
v 284.82234712690115 680.7932218909264 1508.081565797329
v 342.64236211776733 668.9718741178513 1517.5522661209106
v 399.35669980943203 654.5105229318142 1527.3076957464218
v 454.7145155072212 637.3523589968681 1537.0779913663864
v 508.453606441617 617.4611654132605 1546.5907108783722
v 560.3056641668081 594.8263994604349 1555.5800867080688
v 609.9958953261375 569.4685777276754 1563.790363073349
v 657.2507959604263 541.4401483535767 1570.9815603494644
v 701.8006923794746 510.8286386728287 1576.932964026928
v 743.3858089148998 477.75874100625515 1581.454501748085
v 781.761918514967 442.39018894732 1584.3881085515022
v 816.7041350901127 404.9172643572092 1585.6145530939102
v 848.0120711028576 365.56625649333 1585.059050321579
v 875.5149193108082 324.58886332809925 1582.6901996135712
v 899.0736523270607 282.25629445165396 1578.519984781742
v 918.5831463336945 238.8544737547636 1572.6066562533379
v 933.9726361632347 194.67571523040533 1565.04593282938
v 945.2033640444279 150.01093918457627 1555.9590178728104
v 952.2694897651672 105.1468469388783 1545.4992738366127
v 955.1900508999825 60.35581422969699 1533.8191530108452
v 794.3536433577538 15.89744251454249 1534.3748074769974
v 790.3952689468861 -20.572962500154972 1522.4791297316551
v 783.2188618183136 -56.46319909021258 1510.2488154172897
v 772.8863888978958 -91.62010034546256 1497.7539470791817
v 759.4711941480637 -125.89947180822492 1485.0535336136818
v 743.0573917925358 -159.16618272662163 1472.2005161643028
v 723.7379701435566 -191.29320848733187 1459.2338800430298
v 701.6150191426277 -222.16138411313295 1446.182143688202
v 676.8006405234337 -251.66016273200512 1433.0733704566956
v 649.4155067205429 -279.6869045123458 1419.9280390143394
v 619.5887091755867 -306.14653535187244 1406.7599534988403
v 587.4580996483564 -330.95378436148167 1393.5873171687126
v 553.1699489057064 -354.03236851096153 1380.430305302143
v 516.8775056302547 -375.3156942129135 1367.3092448711395
v 478.74148942530155 -394.7488483041525 1354.2552331089973
v 438.9285359531641 -412.28810504078865 1341.306193470955
v 397.610741853714 -427.90304981172085 1328.5133984684944
v 354.9638444185257 -441.5769962966442 1315.9431383013725
v 311.1657804995775 -453.30687269568443 1303.6747488379478
v 266.3956246525049 -463.1048145145178 1291.8091064691544
v 220.83074487745762 -470.9977853298187 1280.4662010073662
v 174.6456838771701 -477.02651493251324 1269.7857424616814
v 128.00932427868247 -481.24523386359215 1259.9289055168629
v 81.08369404450059 -483.7192842364311 1251.0756748914719
v 34.02145641390234 -484.52295809984207 1243.4232525527477
v -13.035502745769918 -483.73703241348267 1237.184920012951
v -59.94932693429291 -481.27470038831234 1231.9867520034313
v -106.56274758279324 -477.02423952519894 1227.3637311160564
v -152.71643640473485 -471.0311958938837 1223.391704261303
v -198.25730115175247 -463.34293588995934 1220.1447738707066
v -243.03710851818323 -454.00576405227184 1217.6868788897991
v -286.9126121327281 -443.0650368332863 1216.0748286545277
v -329.7456568479538 -430.56447997689247 1215.3570893406868
v -371.40225909650326 -416.5458472073078 1215.5734805762768
v -411.7521707713604 -401.04854099452496 1216.753961890936
v -450.6689550727606 -384.1105227172375 1218.9221975207329
v -488.0297779291868 -365.76747834682465 1222.0902471244335
v -523.7132463604212 -346.05369068682194 1226.2587174773216
v -557.6023285835981 -325.00385969877243 1231.4254848659039
v -589.5808650553226 -302.6513200998306 1237.5696913897991
v -619.5358059555292 -279.0321370959282 1244.6684312820435
v -647.3552012443542 -254.18294474482536 1252.6801404356956
v -672.9292625188828 -228.14462453126907 1261.5555183589458
v -696.1513110995293 -200.96260875463486 1271.2363904714584
v -716.9157680869102 -172.68834058195353 1281.647895872593
v -735.1198609173298 -143.38043071329594 1292.701369524002
v -750.6653678417206 -113.10671472921968 1304.302457869053
v -763.4581628441811 -81.94602601230145 1316.3439133763313
v -773.4084431827068 -49.98766481876373 1328.7024089694023
v -780.4349768161774 -17.334509186912328 1341.254162490368
v -784.4648748636246 15.897488733753562 1353.8664418458939
v -785.410230755806 49.57665041089058 1366.2778785824776
v -783.202858120203 83.55011232197285 1378.2588082551956
v -777.8185617923737 117.65428690239787 1389.7291365265846
v -769.2500604689121 151.71862289309502 1400.619084239006
v -757.5074417889118 185.56710805743933 1410.8649399876595
v -742.6202102005482 219.02206152677536 1420.4227125644684
v -724.6366801857948 251.90645661205053 1429.265703856945
v -703.6232177913189 284.0453903377056 1437.379351258278
v -679.6646198630333 315.2694586291909 1444.7674471139908
v -652.8625971078873 345.41794188320637 1451.4539590477943
v -623.3355086296797 374.33814130723476 1457.4746868014336
v -591.2136214971542 401.88903853297234 1462.8758969902992
v -556.6414999216795 427.94180758297443 1467.720542550087
v -519.7731889784336 452.37892366945744 1472.07278996706
v -480.772480070591 475.09632483124733 1476.0072726011276
v -439.808739349246 496.0014019906521 1479.5965000987053
v -397.0590314269066 515.0124301016331 1482.9129821062088
v -352.7039098739624 532.0585302263498 1486.0269528627396
v -306.92751202732325 547.0780388265848 1489.0013653039932
v -259.91721767932177 560.0174459069967 1491.8914359807968
v -211.86156328767538 570.8307503163815 1494.7425213456154
v -162.95158825814724 579.4780565798283 1497.5890558958054
v -113.38085390627384 585.9250060468912 1500.452731847763
v -63.34371319971979 590.1430802792311 1503.3443194627762
v -13.035461266990751 592.1078565716743 1506.2586611509323
v 37.353401710279286 591.9735316932201 1509.7888797521591
v 87.65927039086819 589.8712449520826 1514.4291937351227
v 137.71800376474857 585.7457039505243 1520.0097060203552
v 187.35633667558432 579.5419955253601 1526.3453501462936
v 236.39193315058947 571.2098331749439 1533.2433232665062
v 284.6338675543666 560.7058324664831 1540.5039963126183
v 331.8834399431944 547.997113764286 1547.9236444830894
v 377.9353327304125 533.0641085654497 1555.2973294258118
v 422.5790138542652 515.9034796059132 1562.4222365021706
v 465.60237742960453 496.5301687270403 1569.1013154387474
v 506.7910800874233 474.98062036931515 1575.1451006531715
v 545.9344570338726 451.3137296587229 1580.3802061080933
v 582.8261667490005 425.61118371784687 1584.6440160274506
v 617.2690831124783 397.9797749966383 1587.7998542785645
v 649.0771536529064 368.5481398552656 1589.7281861305237
v 678.0794194340706 337.4679721146822 1590.3402706980705
v 704.1209252178669 304.91106502711773 1589.571031332016
v 727.0668910443783 271.0659171268344 1587.3822411894798
v 746.8044567108154 236.1347173154354 1583.7663155794144
v 763.2429093122482 200.3305385261774 1578.7405475974083
v 776.3142141699791 163.87221805751324 1572.3431640863419
v 785.9731665253639 126.98094446212053 1564.6301400661469
v 792.197694927454 89.87843722105026 1555.6783843040466
v 794.9852964282036 52.780305398628116 1545.5654123425484
v 632.3793046176434 15.89744251454249 1535.3373047709465
v 629.5238201320171 -13.08437422849238 1525.2631664276123
v 624.0865068137646 -41.65745078586042 1514.8141926527023
v 616.1114317178726 -69.69740889035165 1504.0480270981789
v 605.6533563137054 -97.08638718351722 1493.019279539585
v 592.7750439196825 -123.71275797486305 1481.7719411849976
v 577.5498384982347 -149.47217013686895 1470.355160832405
v 560.0581377744675 -174.2667716741562 1458.807013630867
v 540.3893273323774 -198.0061151459813 1447.1681535243988
v 518.6399602890015 -220.60682583600283 1435.4746836423874
v 494.9136056005955 -241.99279136955738 1423.761341869831
v 469.32081013917923 -262.09612876176834 1412.0660516619682
v 441.9783402234316 -280.85686206817627 1400.4287084937096
v 413.00804391503334 -298.2229982316494 1388.8890561461449
v 382.5371164828539 -314.1516647860408 1377.4945747852325
v 350.6968868523836 -328.60886335372925 1366.2985089421272
v 317.6217367872596 -341.5692800283432 1355.359109044075
v 283.44881646335125 -353.01761269569397 1344.744637310505
v 248.31629998981953 -362.9468075931072 1334.5291203260422
v 212.3632337152958 -371.35970897972584 1324.8003888130188
v 175.7275452464819 -378.2675801217556 1315.6529480218887
v 138.545702137053 -383.6894206702709 1307.1917700767517
v 100.95095792785287 -387.65109442174435 1299.5288050174713
v 63.07329526171088 -390.1844570785761 1292.7841943502426
v 25.03787813242525 -391.32599100470543 1287.0858159661293
v -13.035496820230037 -391.1144160479307 1282.5623062252998
v -51.02800948545337 -389.4914059340954 1278.9076986908913
v -88.80874928086996 -386.38915352523327 1275.7649061083794
v -126.2452389113605 -381.83431901037693 1273.183380663395
v -163.20855759084225 -375.85515536367893 1271.2065067887306
v -199.57294166088104 -368.4819634258747 1269.876531213522
v -235.21560445427895 -359.74637135863304 1269.230391383171
v -270.0174094364047 -349.68015901744366 1269.2979709804058
v -303.8622918725014 -338.31597849726677 1270.1048304140568
v -336.6370312869549 -325.6862922757864 1271.6669733822346
v -368.2317444682121 -311.82471949607134 1273.9982798695564
v -398.5396768897772 -296.76486033946276 1277.1020871400833
v -427.45646320283413 -280.54190777242184 1280.9787744283676
v -454.88088570535183 -263.1912064552307 1285.616357922554
v -480.7144571840763 -244.75012995302677 1290.997089445591
v -504.86191391944885 -225.2587254345417 1297.099883556366
v -527.2306089103222 -204.75906897336245 1303.8903057575226
v -547.7310048788786 -183.29683937132359 1311.3275504112244
v -566.2778878211975 -160.92203870415688 1319.367171227932
v -582.7888879925013 -137.689352594316 1327.9534965753555
v -597.1859209984541 -113.65879490971565 1337.0222082734108
v -609.3966668099165 -88.89660844579339 1346.507774591446
v -619.3523702025414 -63.47588592208922 1356.3301011919975
v -626.9925053417683 -37.47685914859176 1366.4145547151566
v -632.2622728347778 -10.98726640921086 1376.6751247644424
v -635.1149130612612 15.897480437997729 1387.0241323113441
v -635.4949440062046 43.07276835665107 1397.2614932060242
v -633.3604223281145 70.42092205025256 1407.2085121273994
v -628.7001985311508 97.81815817579627 1416.8136131763458
v -621.515296548605 125.13675527647138 1426.0296195745468
v -611.8206202983856 152.24679233506322 1434.8233103752136
v -599.6423369646072 179.0168171748519 1443.159644305706
v -585.0205316394567 205.31644895672798 1451.0204181075096
v -568.007690384984 231.01630233228207 1458.3915242552757
v -548.66919323802 255.9901111572981 1465.2700805664062
v -527.0819110423326 280.11652037501335 1471.6639751195908
v -503.33496391773224 303.2784792408347 1477.587315440178
v -477.5266494601965 325.36599077284336 1483.0605801939964
v -449.7660355269909 346.2761117517948 1488.1147149205208
v -420.1703814417124 365.91306649148464 1492.782485485077
v -388.8646449893713 384.1888725757599 1497.0999950170517
v -355.98007924854755 401.0242320597172 1501.1072906851768
v -321.6548393666744 416.34659737348557 1504.8425993323326
v -286.0313279181719 430.0919537246227 1508.3453613519669
v -249.25627075135708 442.2032642364502 1511.6489493846893
v -211.48041360080242 452.63046994805336 1514.7846123576164
v -172.8565690293908 461.330413967371 1517.7773797512054
v -133.5407730937004 468.26619677245617 1520.6466683745384
v -93.69179233908653 473.4068728238344 1523.4040069580078
v -53.46968270838261 476.7272609472275 1526.0524293780327
v -13.035462452098727 478.20820979774 1528.5876882076263
v 27.451812718063593 477.93193742632866 1531.4228457212448
v 67.84813322126865 475.97334265708923 1534.91301715374
v 108.0098307877779 472.30773732066154 1538.9518651366234
v 147.7891177125275 466.9136567413807 1543.423192203045
v 187.03419588506222 459.77376990020275 1548.2007890939713
v 225.58955069631338 450.8769652247429 1553.153137266636
v 263.29686120152473 440.2201709151268 1558.1456843018532
v 299.9955026060343 427.8096064180136 1563.0409955978394
v 335.52378825843334 413.66313368082047 1567.7051255106926
v 369.72111232578754 397.8098399937153 1572.0054936408997
v 402.4272482097149 380.2934131771326 1575.8163458108902
v 433.48617881536484 361.1703971028328 1579.018147289753
v 462.747006714344 340.5129221826792 1581.5048640966415
v 490.0653573125601 318.407264277339 1583.1812325119972
v 515.3056163340807 294.9529345333576 1583.9632141590118
v 538.3425226062536 270.26362746953964 1583.7851256132126
v 559.061850681901 244.46538168936968 1582.5956943631172
v 577.3624966293573 217.69424758851528 1580.3571486473083
v 593.1582225114107 190.0953582301736 1577.0503750443459
v 606.377087533474 161.82126071304083 1572.671429514885
v 616.9621306657791 133.02923308685422 1567.2260764241219
v 624.873077198863 103.87969156727195 1560.7382833957672
v 630.0837599486113 74.53461197204888 1553.233990073204
v 632.5841291993856 45.15424460172653 1544.7520300745964
v 469.6484687924385 15.89744251454249 1526.340647637844
v 467.77451917529106 -5.635135689517483 1518.439068198204
v 463.9725410938263 -26.910590496845543 1510.2111953496933
v 458.27116675674915 -47.83729113638401 1501.705267727375
v 450.7060821354389 -68.32736718468368 1492.9598155617714
v 441.32055789232254 -88.29718083143234 1484.015189409256
v 430.16525976359844 -107.667713817209 1474.9117398262024
v 417.297528013587 -126.36478312313557 1465.690575838089
v 402.78111197054386 -144.31919740512967 1456.3908344507217
v 386.68544948101044 -161.466941870749 1447.0516526699066
v 369.08593237400055 -177.74958595633507 1437.7145946025848
v 350.0629583746195 -193.11450138688087 1428.4227412939072
v 329.70128640532494 -207.51432176679373 1419.2176568508148
v 308.0898280069232 -220.90759675949812 1410.1424223184586
v 285.32143875956535 -233.25907651335 1401.2460348010063
v 261.4917616173625 -244.5390859246254 1392.5768846273422
v 236.69930275529623 -254.72426414489746 1384.1904917359352
v 211.04399047791958 -263.7963320687413 1376.1393421888351
v 184.62763030081987 -271.7431352287531 1368.485023677349
v 157.5525681488216 -278.5574681684375 1361.2882137298584
v 129.92129215970635 -284.2372830212116 1354.6152025461197
v 101.83608189225197 -288.7843621894717 1348.5293981432915
v 73.39841103181243 -292.2058732062578 1343.1052821874619
v 44.708501789718866 -294.51027300208807 1338.407324552536
v 15.86500492412597 -295.71030385792255 1334.5078831911087
v -13.03548970958218 -295.81959925591946 1331.471579670906
v -41.89620263874531 -294.80825655162334 1329.0931722521782
v -70.6145212892443 -292.64424938708544 1327.1399626135826
v -99.08698217943311 -289.3419886752963 1325.6400141119957
v -127.21202155575156 -284.91749707609415 1324.6130469441414
v -154.88996235653758 -279.3905706331134 1324.0860626101494
v -182.022725045681 -272.78142254799604 1324.0731686353683
v -208.5148562863469 -265.1133567839861 1324.591506421566
v -234.27299801260233 -256.4110804721713 1325.6529080867767
v -259.20624770224094 -246.70127276331186 1327.2666269540787
v -283.22578862309456 -236.0115608945489 1329.4325113296509
v -306.24633092433214 -224.37243532389402 1332.1545052528381
v -328.1840827316046 -211.81544836610556 1335.423962175846
v -348.95900659263134 -198.37427604943514 1339.2316287755966
v -368.49356800317764 -184.08498357981443 1343.5626390576363
v -386.7134749144316 -168.98604430258274 1348.3983346819878
v -403.5480759292841 -153.1186336092651 1353.7170234322548
v -418.9296018332243 -136.5264962054789 1359.4886699318886
v -432.7944929152727 -119.25649600103498 1365.6795981526375
v -445.0829818099737 -101.35926080867648 1372.2534015774727
v -455.74000366032124 -82.88888843730092 1379.1700330376625
v -464.7150444239378 -63.90299883671105 1386.3850462436676
v -471.9625959545374 -44.46368218399584 1393.8511127233505
v -477.4429903179407 -24.63657212909311 1401.5195387601852
v -481.1227411031723 -4.491620855405927 1409.3426924943924
v -482.9736711829901 15.897472142241895 1417.2624751925468
v -482.9659727215767 36.45222901366651 1425.1482784748077
v -481.07757426798344 57.087367018684745 1432.8716176748276
v -477.3056694865227 77.7146074641496 1440.401395559311
v -471.65564350783825 98.24382051825523 1447.7095487713814
v -464.1415659338236 118.58363909646869 1454.7715029120445
v -454.78626668453217 138.64249227568507 1461.5660208463669
v -443.6207292228937 158.32922155037522 1468.0759611725807
v -430.6848869472742 177.55352169275284 1474.2904019355774
v -416.02701641619205 196.22687935829163 1480.2019101381302
v -399.70309264957905 214.26323674619198 1485.8063900470734
v -381.7773200571537 231.57897263765335 1491.1041450500488
v -362.3210705816746 248.0947322025895 1496.1012428998947
v -341.41276992857456 263.73493399471045 1500.8055716753006
v -319.1371390968561 278.42816814780235 1505.2277499437332
v -295.58519437909126 292.10797380656004 1509.3805199861526
v -270.85231326520443 304.71268743276596 1513.2752588391304
v -245.04030127078295 316.18595477193594 1516.9286528229713
v -218.25424429029226 326.4762757718563 1520.3525340557098
v -190.60353253036737 335.5379716306925 1523.5600998997688
v -162.20106411725283 343.33017982542515 1526.562120616436
v -133.16212635487318 349.8180866241455 1529.3686079978943
v -103.60474651679397 354.97112572193146 1531.981837451458
v -73.64973925054073 358.76510195434093 1534.4074216485023
v -43.41902846470475 361.1803709715605 1536.6411131620407
v -13.03546482231468 362.2032803297043 1538.6789679527283
v 17.378384254407138 361.8680749088526 1540.7688537240028
v 47.7068249695003 360.21017521619797 1543.1328502297401
v 77.83473474904895 357.22294464707375 1545.7148307561874
v 107.64580354094505 352.9038802534342 1548.4539660811424
v 137.02265825122595 347.25434727966785 1551.2800219655037
v 165.84744226187468 340.2812857180834 1554.122005701065
v 194.00204297155142 331.9970965385437 1556.9042220711708
v 221.3687838986516 322.4204380810261 1559.5494589209557
v 247.83080391585827 311.57715518027544 1561.9791388511658
v 273.27399134635925 299.5005825534463 1564.1210556030273
v 297.58541014045477 286.23169649392366 1565.8993622660637
v 320.6566181778908 271.81974060833454 1567.2465550899506
v 342.3830794543028 256.32182762026787 1568.0990743637085
v 362.6655672490597 239.80343237519264 1568.3988213539124
v 381.411244943738 222.33721621334553 1568.0954337120056
v 398.53379875421524 204.00331139564514 1567.1438583731651
v 413.9545754343271 184.88913148641586 1565.5099642276764
v 427.6036820560694 165.08779752999544 1563.1672048568726
v 439.4202135503292 144.69731321558356 1560.0976803898811
v 449.352518171072 123.82025200873613 1556.2900137901306
v 457.35891804099083 102.56245827302337 1551.7417779564857
v 463.40801253914833 81.03182423859835 1546.4584338665009
v 467.4782232195139 59.338119346648455 1540.4515102505684
v 469.5584385097027 37.59030242450535 1533.7357214093208
v 307.4243661761284 15.89744251454249 1510.856349170208
v 306.37233160436153 1.6938394252792932 1505.420249402523
v 304.0470549464226 -12.375536260660738 1499.776480793953
v 300.4633453115821 -26.251800823956728 1493.9485558867455
v 295.64105562865734 -39.87793531268835 1487.9622626304626
v 289.60593592375517 -53.199207885190845 1481.8514287471771
v 282.3876992240548 -66.16315618157387 1475.6429040431976
v 274.02083691209555 -78.7198065686971 1469.3636900186539
v 264.5446566492319 -90.82229513674974 1463.0485245585442
v 254.00195505470037 -102.4262941069901 1456.724864244461
v 242.43990890681744 -113.49085088819265 1450.426840186119
v 229.9090701714158 -123.97820319980383 1444.1870665550232
v 216.46317638456821 -133.85364159941673 1438.0378541350365
v 202.15911272913218 -143.0859456025064 1432.0139408111572
v 187.0563431829214 -151.6472983546555 1426.1509746313095
v 171.21651232242584 -159.51276518404484 1420.4800528287888
v 154.7036349400878 -166.6610899940133 1415.0389471650124
v 137.58333757519722 -173.074344471097 1409.864367544651
v 119.92258356884122 -178.7373213097453 1404.991051852703
v 101.78961617872119 -183.63811254501343 1400.4560133814812
v 83.25328543782234 -187.76725627481937 1396.2918663024902
v 64.3833420611918 -191.1186657845974 1392.5378993153572
v 45.24950832128525 -193.6879798769951 1389.2247545719147
v 25.92187624424696 -195.4731886088848 1386.3826191425323
v 6.470370755996555 -196.474917717278 1384.0453207492828
v -13.035484969150275 -196.69506337493658 1382.2375854849815
v -32.525807484053075 -196.12306389957666 1380.8551996946335
v -51.92890012636781 -194.74972285330296 1379.7845447063446
v -71.17281617596745 -192.58216984570026 1379.038666188717
v -90.1865652948618 -189.6291083097458 1378.6224183440208
v -108.90007441863418 -185.90204801410437 1378.5464197397232
v -127.24442714825273 -181.414831019938 1378.8197720050812
v -145.1520249247551 -176.1824370920658 1379.441868364811
v -162.55693782120943 -170.2226523309946 1380.4190799593925
v -179.39480025321245 -163.55496939271688 1381.751710176468
v -195.60309540480375 -156.20088139548898 1383.4385454654694
v -211.1215629056096 -148.18361645564437 1385.475793480873
v -225.89149724692106 -139.52835574746132 1387.8549593687057
v -239.8573026433587 -130.26263169944286 1390.5716440081596
v -252.96556390821934 -120.4156264103949 1393.615380525589
v -265.1652739942074 -110.01836126670241 1396.9709995388985
v -276.40857350081205 -99.10417098551989 1400.6251519918442
v -286.65054209530354 -87.70829593762755 1404.5603930950165
v -295.8493122830987 -75.86782052181661 1408.755334019661
v -303.9666761830449 -63.622384229674935 1413.192074894905
v -310.9675735607743 -51.013299925252795 1417.8449794650078
v -316.82122953236103 -38.08395678177476 1422.691293656826
v -321.5006046742201 -24.88006204366684 1427.7085667848587
v -324.98250879347324 -11.448723752982914 1432.8657016158104
v -327.2483214735985 2.1607645609765314 1438.1356966495514
v -328.2841248065233 15.897462661378086 1443.494887650013
v -328.0768731236458 29.708628058433533 1448.8672760128975
v -326.6184887290001 43.538838140666485 1454.180807173252
v -323.9102989435196 57.33160829171538 1459.418643116951
v -319.9586369842291 71.029740460217 1464.5630356669426
v -314.77484196424484 84.57546774297953 1469.5924443006516
v -308.37601736187935 97.91130766272545 1474.4941267371178
v -300.7843104749918 110.9802233427763 1479.2570093274117
v -292.02689345926046 123.72554766014218 1483.8665294647217
v -282.13639944791794 136.09187444671988 1488.3161643147469
v -271.15003135055304 148.02511537447572 1492.5963571667671
v -259.11020655184984 159.47243358939886 1496.7004334926605
v -246.06360882520676 170.3834667429328 1500.6247526407242
v -232.06151068210602 180.70966333150864 1504.3649154901505
v -217.15931829065084 190.40502220392227 1507.9178881645203
v -201.41660939902067 199.42644335329533 1511.285339295864
v -184.89593874663115 207.73361414670944 1514.4645383954048
v -167.6640136912465 215.2889334782958 1517.4545753002167
v -149.79015830904245 222.0584598556161 1520.2556017041206
v -131.34655041620135 228.01138047128916 1522.866859138012
v -112.40808883681893 233.1206938251853 1525.2894094586372
v -93.05118933320045 237.3624512553215 1527.518853545189
v -73.35459047928452 240.71695152670145 1529.555039703846
v -53.398761106655 243.16809613257647 1531.396299302578
v -33.26505650766194 244.70321863889694 1533.035957813263
v -13.035467192530632 245.31416550278664 1534.4708296656609
v 7.207628205651417 245.00986769795418 1535.8163538575172
v 27.384041133336723 243.8021194189787 1537.1791711449623
v 47.413989529013634 241.69190667569637 1538.5360723733902
v 67.21778851002455 238.68398886173964 1539.8647585511208
v 86.71596236526966 234.78621613234282 1541.1353459954262
v 105.82963978871703 230.00981383025646 1542.3156756162643
v 124.48097340762615 224.37057707458735 1543.3776840567589
v 142.59320614859462 217.88744863122702 1544.2863300442696
v 160.09109787642956 210.58367557823658 1545.0079375505447
v 176.90193984657526 202.48644903302193 1545.5100440979004
v 192.9545971378684 193.62741611897945 1545.7607939839363
v 208.18135742098093 184.04216799885035 1545.7312136888504
v 222.51727677881718 173.77005025744438 1545.3903576731682
v 235.9010898694396 162.85456109791994 1544.710921049118
v 248.27579773962498 151.34293418377638 1543.6719700694084
v 259.58851613104343 139.28576888516545 1542.251964211464
v 269.79085471481085 126.7372009344399 1540.4339137673378
v 278.8397893309593 113.75415343791246 1538.2070484757423
v 286.69743444770575 100.39566373452544 1535.5593845248222
v 293.3314982429147 86.72338588163257 1532.4880397319794
v 298.7153584510088 72.80042924918234 1528.9905869960785
v 302.8281382098794 58.69099824689329 1525.0677847862244
v 305.6553128361702 44.46063408628106 1520.7302516698837
v 307.18833059072495 30.174354161135852 1515.989364683628
v 146.48562218993902 15.89744251454249 1493.3237290382385
v 146.06470027938485 8.864830462262034 1490.5622947216034
v 145.01368964090943 1.8795646587386727 1487.7218279242516
v 143.33798488602042 -5.030181916663423 1484.8112785816193
v 141.0456731915474 -11.836806321516633 1481.8442991375923
v 138.14734468236566 -18.513410752639174 1478.8357555866241
v 134.65578904375434 -25.03384402487427 1475.797935128212
v 130.58634631335735 -31.37291548307985 1472.7472206950188
v 125.95638543367386 -37.50637544784695 1469.6968096494675
v 120.78542750328779 -43.41099817305803 1466.6603544354439
v 115.09531643241644 -49.064968191087246 1463.6586371064186
v 108.90937514603138 -54.447335163131356 1460.7010626792908
v 102.25308820605278 -59.538743905723095 1457.8076547384262
v 95.15343815088272 -64.32095323689282 1454.991307258606
v 87.63898134231567 -68.77716780640185 1452.2671896219254
v 79.73982900381088 -72.89203335531056 1449.6510779857635
v 71.48733435198665 -76.65160353295505 1447.1592035889626
v 62.91400252841413 -80.04336833953857 1444.8052188754082
v 54.053395790979266 -83.0562162026763 1442.6026245951653
v 44.940015003085136 -85.68045293912292 1440.5649214982986
v 35.6090792035684 -87.90787760168314 1438.7036383152008
v 26.09657775145024 -89.73185358569026 1437.0336410403252
v 16.438865019008517 -91.1468725092709 1435.5631211400032
v 6.672849416499957 -92.14894292876124 1434.301635324955
v -3.164343771059066 -92.73550501093268 1433.2587403059006
v -13.035477858502418 -92.90512714534998 1432.437925040722
v -22.903109951876104 -92.65642512589693 1431.8188625574112
v -32.729646055959165 -91.98859307914972 1431.3649946451187
v -42.477479139342904 -90.90465540066361 1431.0823890566826
v -52.10944895632565 -89.40878367051482 1430.9724110364914
v -61.588772125542164 -87.50659056007862 1431.0362741351128
v -70.87926967069507 -85.20526256412268 1431.2777706980705
v -79.94542153552175 -82.51294374465942 1431.692501604557
v -88.75256568193436 -79.43943257443607 1432.28168040514
v -97.26694075390697 -75.99571263417602 1433.0431833863258
v -105.4558377712965 -72.19412326812744 1433.9753419160843
v -113.28784663230181 -68.04821263067424 1435.075577199459
v -120.7325242832303 -63.57270924374461 1436.3388833403587
v -127.76108682155609 -58.78353621810675 1437.7602544426918
v -134.34612507000566 -53.697801772505045 1439.3336227536201
v -140.46187004074454 -48.333841897547245 1441.0556510090828
v -146.08407916501164 -42.710812678560615 1442.9149621725082
v -151.19061462581158 -36.84925440698862 1444.910039305687
v -155.76079865917563 -30.770247783511877 1447.0264714956284
v -159.77614358067513 -24.49615342542529 1449.2566740512848
v -163.22023801505566 -18.050156785175204 1451.5938207507133
v -166.07864260673523 -11.456054830923676 1454.0245625376701
v -168.33922185003757 -4.738671130617149 1456.5413147211075
v -169.99192602932453 2.0767658852855675 1459.1305765509605
v -171.02917045354843 8.964285316178575 1461.7817294597626
v -171.445740647614 15.8974519954063 1464.4864302873611
v -171.2381286919117 22.84939848817885 1467.2169190645218
v -170.40529169142246 29.792709099128842 1469.9464976787567
v -168.94942920655012 36.69983599334955 1472.6675814390182
v -166.87507309019566 43.54311875067651 1475.3704619407654
v -164.18923918157816 50.29484954662621 1478.0436104536057
v -160.9015979617834 56.92762394435704 1480.6798973679543
v -157.024019472301 63.414331413805485 1483.2687041163445
v -152.57103787735105 69.72826910205185 1485.8036595582962
v -147.55950067192316 75.84331248886883 1488.2783925533295
v -142.0083411410451 81.7339296080172 1490.6803125143051
v -135.93923253938556 87.37549865618348 1493.0085092782974
v -129.37549779191613 92.7442179247737 1495.2525159716606
v -122.34288692474365 97.81744711101055 1497.4088436365128
v -114.86898925155401 102.57363621145487 1499.4721829891205
v -106.98335662484169 106.99240136891603 1501.4366179704666
v -98.7169630266726 111.05484722182155 1503.296384215355
v -90.10287771001458 114.743367806077 1505.0476893782616
v -81.17538347840309 118.04200682789087 1506.6862860321999
v -71.97012837976217 120.93639129772782 1508.208533525467
v -62.52409726381302 123.41383581981063 1509.6109429001808
v -52.875028708949685 125.46324778348207 1510.8874464035034
v -43.06175159290433 127.07559192553163 1512.0366787910461
v -33.123959922231734 128.24349213391542 1513.054999411106
v -23.10175064019859 128.96147795021534 1513.9387676119804
v -13.035468377638608 129.2262215912342 1514.6873766183853
v -2.965837888768874 129.03755240142345 1515.3240355849266
v 7.066748494980857 128.3978500775993 1515.882572233677
v 17.02206020941958 127.308991830796 1516.3547950983047
v 26.86011437792331 125.77495014294982 1516.7356982827187
v 36.54134439304471 123.80154626443982 1517.0189106464386
v 46.02670687250793 121.39620371162891 1517.1954822540283
v 55.27795364148915 118.56856452301145 1517.261620759964
v 64.25768743269145 115.32980663701892 1517.2088313102722
v 72.92950172908604 111.69298520311713 1517.030439376831
v 81.25844532623887 107.67277659848332 1516.7188602685928
v 89.21051036566496 103.28572493046522 1516.2668126821518
v 96.75351405516267 98.54991968721151 1515.6689873337746
v 103.8568900898099 93.48506210371852 1514.9199232459068
v 110.49179768189788 88.11236087232828 1514.015221297741
v 116.63137754425406 82.4541718699038 1512.948055267334
v 122.25098891183734 76.53447220101953 1511.7190319299698
v 127.32771653681993 70.37818231619895 1510.3204149007797
v 131.84147046878934 64.01153576560318 1508.7570583820343
v 135.77432239428163 57.461377615109086 1507.027597129345
v 139.11068577319384 50.755448872223496 1505.131120979786
v 141.83777092024684 43.9222158305347 1503.0736976861954
v 143.94512992352247 36.99045528192073 1500.856540799141
v 145.42515913024545 29.989567385055125 1498.4886002540588
v 146.27280524000525 22.94874371960759 1495.9757921099663
v -13.03557977778837 15.89744251454249 1478.979257941246
f 1 2 3
f 1 3 4
f 1 4 5
f 1 5 6
f 1 6 7
f 1 7 8
f 1 8 9
f 1 9 10
f 1 10 11
f 1 11 12
f 1 12 13
f 1 13 14
f 1 14 15
f 1 15 16
f 1 16 17
f 1 17 18
f 1 18 19
f 1 19 20
f 1 20 21
f 1 21 22
f 1 22 23
f 1 23 24
f 1 24 25
f 1 25 26
f 1 26 27
f 1 27 28
f 1 28 29
f 1 29 30
f 1 30 31
f 1 31 32
f 1 32 33
f 1 33 34
f 1 34 35
f 1 35 36
f 1 36 37
f 1 37 38
f 1 38 39
f 1 39 40
f 1 40 41
f 1 41 42
f 1 42 43
f 1 43 44
f 1 44 45
f 1 45 46
f 1 46 47
f 1 47 48
f 1 48 49
f 1 49 50
f 1 50 51
f 1 51 52
f 1 52 53
f 1 53 54
f 1 54 55
f 1 55 56
f 1 56 57
f 1 57 58
f 1 58 59
f 1 59 60
f 1 60 61
f 1 61 62
f 1 62 63
f 1 63 64
f 1 64 65
f 1 65 66
f 1 66 67
f 1 67 68
f 1 68 69
f 1 69 70
f 1 70 71
f 1 71 72
f 1 72 73
f 1 73 74
f 1 74 75
f 1 75 76
f 1 76 77
f 1 77 78
f 1 78 79
f 1 79 80
f 1 80 81
f 1 81 82
f 1 82 83
f 1 83 84
f 1 84 85
f 1 85 86
f 1 86 87
f 1 87 88
f 1 88 89
f 1 89 90
f 1 90 91
f 1 91 92
f 1 92 93
f 1 93 94
f 1 94 95
f 1 95 96
f 1 96 97
f 1 97 98
f 1 98 99
f 1 99 100
f 1 100 101
f 1 101 2
f 2 102 3
f 3 102 103
f 3 103 4
f 4 103 104
f 4 104 5
f 5 104 105
f 5 105 6
f 6 105 106
f 6 106 7
f 7 106 107
f 7 107 8
f 8 107 108
f 8 108 9
f 9 108 109
f 9 109 10
f 10 109 110
f 10 110 11
f 11 110 111
f 11 111 12
f 12 111 112
f 12 112 13
f 13 112 113
f 13 113 14
f 14 113 114
f 14 114 15
f 15 114 115
f 15 115 16
f 16 115 116
f 16 116 17
f 17 116 117
f 17 117 18
f 18 117 118
f 18 118 19
f 19 118 119
f 19 119 20
f 20 119 120
f 20 120 21
f 21 120 121
f 21 121 22
f 22 121 122
f 22 122 23
f 23 122 123
f 23 123 24
f 24 123 124
f 24 124 25
f 25 124 125
f 25 125 26
f 26 125 126
f 26 126 27
f 27 126 127
f 27 127 28
f 28 127 128
f 28 128 29
f 29 128 129
f 29 129 30
f 30 129 130
f 30 130 31
f 31 130 131
f 31 131 32
f 32 131 132
f 32 132 33
f 33 132 133
f 33 133 34
f 34 133 134
f 34 134 35
f 35 134 135
f 35 135 36
f 36 135 136
f 36 136 37
f 37 136 137
f 37 137 38
f 38 137 138
f 38 138 39
f 39 138 139
f 39 139 40
f 40 139 140
f 40 140 41
f 41 140 141
f 41 141 42
f 42 141 142
f 42 142 43
f 43 142 143
f 43 143 44
f 44 143 144
f 44 144 45
f 45 144 145
f 45 145 46
f 46 145 146
f 46 146 47
f 47 146 147
f 47 147 48
f 48 147 148
f 48 148 49
f 49 148 149
f 49 149 50
f 50 149 150
f 50 150 51
f 51 150 151
f 51 151 52
f 52 151 152
f 52 152 53
f 53 152 153
f 53 153 54
f 54 153 154
f 54 154 55
f 55 154 155
f 55 155 56
f 56 155 156
f 56 156 57
f 57 156 157
f 57 157 58
f 58 157 158
f 58 158 59
f 59 158 159
f 59 159 60
f 60 159 160
f 60 160 61
f 61 160 161
f 61 161 62
f 62 161 162
f 62 162 63
f 63 162 163
f 63 163 64
f 64 163 164
f 64 164 65
f 65 164 165
f 65 165 66
f 66 165 166
f 66 166 67
f 67 166 167
f 67 167 68
f 68 167 168
f 68 168 69
f 69 168 169
f 69 169 70
f 70 169 170
f 70 170 71
f 71 170 171
f 71 171 72
f 72 171 172
f 72 172 73
f 73 172 173
f 73 173 74
f 74 173 174
f 74 174 75
f 75 174 175
f 75 175 76
f 76 175 176
f 76 176 77
f 77 176 177
f 77 177 78
f 78 177 178
f 78 178 79
f 79 178 179
f 79 179 80
f 80 179 180
f 80 180 81
f 81 180 181
f 81 181 82
f 82 181 182
f 82 182 83
f 83 182 183
f 83 183 84
f 84 183 184
f 84 184 85
f 85 184 185
f 85 185 86
f 86 185 186
f 86 186 87
f 87 186 187
f 87 187 88
f 88 187 188
f 88 188 89
f 89 188 189
f 89 189 90
f 90 189 190
f 90 190 91
f 91 190 191
f 91 191 92
f 92 191 192
f 92 192 93
f 93 192 193
f 93 193 94
f 94 193 194
f 94 194 95
f 95 194 195
f 95 195 96
f 96 195 196
f 96 196 97
f 97 196 197
f 97 197 98
f 98 197 198
f 98 198 99
f 99 198 199
f 99 199 100
f 100 199 200
f 100 200 101
f 101 200 201
f 101 201 2
f 2 201 102
f 102 202 103
f 103 202 203
f 103 203 104
f 104 203 204
f 104 204 105
f 105 204 205
f 105 205 106
f 106 205 206
f 106 206 107
f 107 206 207
f 107 207 108
f 108 207 208
f 108 208 109
f 109 208 209
f 109 209 110
f 110 209 210
f 110 210 111
f 111 210 211
f 111 211 112
f 112 211 212
f 112 212 113
f 113 212 213
f 113 213 114
f 114 213 214
f 114 214 115
f 115 214 215
f 115 215 116
f 116 215 216
f 116 216 117
f 117 216 217
f 117 217 118
f 118 217 218
f 118 218 119
f 119 218 219
f 119 219 120
f 120 219 220
f 120 220 121
f 121 220 221
f 121 221 122
f 122 221 222
f 122 222 123
f 123 222 223
f 123 223 124
f 124 223 224
f 124 224 125
f 125 224 225
f 125 225 126
f 126 225 226
f 126 226 127
f 127 226 227
f 127 227 128
f 128 227 228
f 128 228 129
f 129 228 229
f 129 229 130
f 130 229 230
f 130 230 131
f 131 230 231
f 131 231 132
f 132 231 232
f 132 232 133
f 133 232 233
f 133 233 134
f 134 233 234
f 134 234 135
f 135 234 235
f 135 235 136
f 136 235 236
f 136 236 137
f 137 236 237
f 137 237 138
f 138 237 238
f 138 238 139
f 139 238 239
f 139 239 140
f 140 239 240
f 140 240 141
f 141 240 241
f 141 241 142
f 142 241 242
f 142 242 143
f 143 242 243
f 143 243 144
f 144 243 244
f 144 244 145
f 145 244 245
f 145 245 146
f 146 245 246
f 146 246 147
f 147 246 247
f 147 247 148
f 148 247 248
f 148 248 149
f 149 248 249
f 149 249 150
f 150 249 250
f 150 250 151
f 151 250 251
f 151 251 152
f 152 251 252
f 152 252 153
f 153 252 253
f 153 253 154
f 154 253 254
f 154 254 155
f 155 254 255
f 155 255 156
f 156 255 256
f 156 256 157
f 157 256 257
f 157 257 158
f 158 257 258
f 158 258 159
f 159 258 259
f 159 259 160
f 160 259 260
f 160 260 161
f 161 260 261
f 161 261 162
f 162 261 262
f 162 262 163
f 163 262 263
f 163 263 164
f 164 263 264
f 164 264 165
f 165 264 265
f 165 265 166
f 166 265 266
f 166 266 167
f 167 266 267
f 167 267 168
f 168 267 268
f 168 268 169
f 169 268 269
f 169 269 170
f 170 269 270
f 170 270 171
f 171 270 271
f 171 271 172
f 172 271 272
f 172 272 173
f 173 272 273
f 173 273 174
f 174 273 274
f 174 274 175
f 175 274 275
f 175 275 176
f 176 275 276
f 176 276 177
f 177 276 277
f 177 277 178
f 178 277 278
f 178 278 179
f 179 278 279
f 179 279 180
f 180 279 280
f 180 280 181
f 181 280 281
f 181 281 182
f 182 281 282
f 182 282 183
f 183 282 283
f 183 283 184
f 184 283 284
f 184 284 185
f 185 284 285
f 185 285 186
f 186 285 286
f 186 286 187
f 187 286 287
f 187 287 188
f 188 287 288
f 188 288 189
f 189 288 289
f 189 289 190
f 190 289 290
f 190 290 191
f 191 290 291
f 191 291 192
f 192 291 292
f 192 292 193
f 193 292 293
f 193 293 194
f 194 293 294
f 194 294 195
f 195 294 295
f 195 295 196
f 196 295 296
f 196 296 197
f 197 296 297
f 197 297 198
f 198 297 298
f 198 298 199
f 199 298 299
f 199 299 200
f 200 299 300
f 200 300 201
f 201 300 301
f 201 301 102
f 102 301 202
f 202 302 203
f 203 302 303
f 203 303 204
f 204 303 304
f 204 304 205
f 205 304 305
f 205 305 206
f 206 305 306
f 206 306 207
f 207 306 307
f 207 307 208
f 208 307 308
f 208 308 209
f 209 308 309
f 209 309 210
f 210 309 310
f 210 310 211
f 211 310 311
f 211 311 212
f 212 311 312
f 212 312 213
f 213 312 313
f 213 313 214
f 214 313 314
f 214 314 215
f 215 314 315
f 215 315 216
f 216 315 316
f 216 316 217
f 217 316 317
f 217 317 218
f 218 317 318
f 218 318 219
f 219 318 319
f 219 319 220
f 220 319 320
f 220 320 221
f 221 320 321
f 221 321 222
f 222 321 322
f 222 322 223
f 223 322 323
f 223 323 224
f 224 323 324
f 224 324 225
f 225 324 325
f 225 325 226
f 226 325 326
f 226 326 227
f 227 326 327
f 227 327 228
f 228 327 328
f 228 328 229
f 229 328 329
f 229 329 230
f 230 329 330
f 230 330 231
f 231 330 331
f 231 331 232
f 232 331 332
f 232 332 233
f 233 332 333
f 233 333 234
f 234 333 334
f 234 334 235
f 235 334 335
f 235 335 236
f 236 335 336
f 236 336 237
f 237 336 337
f 237 337 238
f 238 337 338
f 238 338 239
f 239 338 339
f 239 339 240
f 240 339 340
f 240 340 241
f 241 340 341
f 241 341 242
f 242 341 342
f 242 342 243
f 243 342 343
f 243 343 244
f 244 343 344
f 244 344 245
f 245 344 345
f 245 345 246
f 246 345 346
f 246 346 247
f 247 346 347
f 247 347 248
f 248 347 348
f 248 348 249
f 249 348 349
f 249 349 250
f 250 349 350
f 250 350 251
f 251 350 351
f 251 351 252
f 252 351 352
f 252 352 253
f 253 352 353
f 253 353 254
f 254 353 354
f 254 354 255
f 255 354 355
f 255 355 256
f 256 355 356
f 256 356 257
f 257 356 357
f 257 357 258
f 258 357 358
f 258 358 259
f 259 358 359
f 259 359 260
f 260 359 360
f 260 360 261
f 261 360 361
f 261 361 262
f 262 361 362
f 262 362 263
f 263 362 363
f 263 363 264
f 264 363 364
f 264 364 265
f 265 364 365
f 265 365 266
f 266 365 366
f 266 366 267
f 267 366 367
f 267 367 268
f 268 367 368
f 268 368 269
f 269 368 369
f 269 369 270
f 270 369 370
f 270 370 271
f 271 370 371
f 271 371 272
f 272 371 372
f 272 372 273
f 273 372 373
f 273 373 274
f 274 373 374
f 274 374 275
f 275 374 375
f 275 375 276
f 276 375 376
f 276 376 277
f 277 376 377
f 277 377 278
f 278 377 378
f 278 378 279
f 279 378 379
f 279 379 280
f 280 379 380
f 280 380 281
f 281 380 381
f 281 381 282
f 282 381 382
f 282 382 283
f 283 382 383
f 283 383 284
f 284 383 384
f 284 384 285
f 285 384 385
f 285 385 286
f 286 385 386
f 286 386 287
f 287 386 387
f 287 387 288
f 288 387 388
f 288 388 289
f 289 388 389
f 289 389 290
f 290 389 390
f 290 390 291
f 291 390 391
f 291 391 292
f 292 391 392
f 292 392 293
f 293 392 393
f 293 393 294
f 294 393 394
f 294 394 295
f 295 394 395
f 295 395 296
f 296 395 396
f 296 396 297
f 297 396 397
f 297 397 298
f 298 397 398
f 298 398 299
f 299 398 399
f 299 399 300
f 300 399 400
f 300 400 301
f 301 400 401
f 301 401 202
f 202 401 302
f 302 402 303
f 303 402 403
f 303 403 304
f 304 403 404
f 304 404 305
f 305 404 405
f 305 405 306
f 306 405 406
f 306 406 307
f 307 406 407
f 307 407 308
f 308 407 408
f 308 408 309
f 309 408 409
f 309 409 310
f 310 409 410
f 310 410 311
f 311 410 411
f 311 411 312
f 312 411 412
f 312 412 313
f 313 412 413
f 313 413 314
f 314 413 414
f 314 414 315
f 315 414 415
f 315 415 316
f 316 415 416
f 316 416 317
f 317 416 417
f 317 417 318
f 318 417 418
f 318 418 319
f 319 418 419
f 319 419 320
f 320 419 420
f 320 420 321
f 321 420 421
f 321 421 322
f 322 421 422
f 322 422 323
f 323 422 423
f 323 423 324
f 324 423 424
f 324 424 325
f 325 424 425
f 325 425 326
f 326 425 426
f 326 426 327
f 327 426 427
f 327 427 328
f 328 427 428
f 328 428 329
f 329 428 429
f 329 429 330
f 330 429 430
f 330 430 331
f 331 430 431
f 331 431 332
f 332 431 432
f 332 432 333
f 333 432 433
f 333 433 334
f 334 433 434
f 334 434 335
f 335 434 435
f 335 435 336
f 336 435 436
f 336 436 337
f 337 436 437
f 337 437 338
f 338 437 438
f 338 438 339
f 339 438 439
f 339 439 340
f 340 439 440
f 340 440 341
f 341 440 441
f 341 441 342
f 342 441 442
f 342 442 343
f 343 442 443
f 343 443 344
f 344 443 444
f 344 444 345
f 345 444 445
f 345 445 346
f 346 445 446
f 346 446 347
f 347 446 447
f 347 447 348
f 348 447 448
f 348 448 349
f 349 448 449
f 349 449 350
f 350 449 450
f 350 450 351
f 351 450 451
f 351 451 352
f 352 451 452
f 352 452 353
f 353 452 453
f 353 453 354
f 354 453 454
f 354 454 355
f 355 454 455
f 355 455 356
f 356 455 456
f 356 456 357
f 357 456 457
f 357 457 358
f 358 457 458
f 358 458 359
f 359 458 459
f 359 459 360
f 360 459 460
f 360 460 361
f 361 460 461
f 361 461 362
f 362 461 462
f 362 462 363
f 363 462 463
f 363 463 364
f 364 463 464
f 364 464 365
f 365 464 465
f 365 465 366
f 366 465 466
f 366 466 367
f 367 466 467
f 367 467 368
f 368 467 468
f 368 468 369
f 369 468 469
f 369 469 370
f 370 469 470
f 370 470 371
f 371 470 471
f 371 471 372
f 372 471 472
f 372 472 373
f 373 472 473
f 373 473 374
f 374 473 474
f 374 474 375
f 375 474 475
f 375 475 376
f 376 475 476
f 376 476 377
f 377 476 477
f 377 477 378
f 378 477 478
f 378 478 379
f 379 478 479
f 379 479 380
f 380 479 480
f 380 480 381
f 381 480 481
f 381 481 382
f 382 481 482
f 382 482 383
f 383 482 483
f 383 483 384
f 384 483 484
f 384 484 385
f 385 484 485
f 385 485 386
f 386 485 486
f 386 486 387
f 387 486 487
f 387 487 388
f 388 487 488
f 388 488 389
f 389 488 489
f 389 489 390
f 390 489 490
f 390 490 391
f 391 490 491
f 391 491 392
f 392 491 492
f 392 492 393
f 393 492 493
f 393 493 394
f 394 493 494
f 394 494 395
f 395 494 495
f 395 495 396
f 396 495 496
f 396 496 397
f 397 496 497
f 397 497 398
f 398 497 498
f 398 498 399
f 399 498 499
f 399 499 400
f 400 499 500
f 400 500 401
f 401 500 501
f 401 501 302
f 302 501 402
f 402 502 403
f 403 502 503
f 403 503 404
f 404 503 504
f 404 504 405
f 405 504 505
f 405 505 406
f 406 505 506
f 406 506 407
f 407 506 507
f 407 507 408
f 408 507 508
f 408 508 409
f 409 508 509
f 409 509 410
f 410 509 510
f 410 510 411
f 411 510 511
f 411 511 412
f 412 511 512
f 412 512 413
f 413 512 513
f 413 513 414
f 414 513 514
f 414 514 415
f 415 514 515
f 415 515 416
f 416 515 516
f 416 516 417
f 417 516 517
f 417 517 418
f 418 517 518
f 418 518 419
f 419 518 519
f 419 519 420
f 420 519 520
f 420 520 421
f 421 520 521
f 421 521 422
f 422 521 522
f 422 522 423
f 423 522 523
f 423 523 424
f 424 523 524
f 424 524 425
f 425 524 525
f 425 525 426
f 426 525 526
f 426 526 427
f 427 526 527
f 427 527 428
f 428 527 528
f 428 528 429
f 429 528 529
f 429 529 430
f 430 529 530
f 430 530 431
f 431 530 531
f 431 531 432
f 432 531 532
f 432 532 433
f 433 532 533
f 433 533 434
f 434 533 534
f 434 534 435
f 435 534 535
f 435 535 436
f 436 535 536
f 436 536 437
f 437 536 537
f 437 537 438
f 438 537 538
f 438 538 439
f 439 538 539
f 439 539 440
f 440 539 540
f 440 540 441
f 441 540 541
f 441 541 442
f 442 541 542
f 442 542 443
f 443 542 543
f 443 543 444
f 444 543 544
f 444 544 445
f 445 544 545
f 445 545 446
f 446 545 546
f 446 546 447
f 447 546 547
f 447 547 448
f 448 547 548
f 448 548 449
f 449 548 549
f 449 549 450
f 450 549 550
f 450 550 451
f 451 550 551
f 451 551 452
f 452 551 552
f 452 552 453
f 453 552 553
f 453 553 454
f 454 553 554
f 454 554 455
f 455 554 555
f 455 555 456
f 456 555 556
f 456 556 457
f 457 556 557
f 457 557 458
f 458 557 558
f 458 558 459
f 459 558 559
f 459 559 460
f 460 559 560
f 460 560 461
f 461 560 561
f 461 561 462
f 462 561 562
f 462 562 463
f 463 562 563
f 463 563 464
f 464 563 564
f 464 564 465
f 465 564 565
f 465 565 466
f 466 565 566
f 466 566 467
f 467 566 567
f 467 567 468
f 468 567 568
f 468 568 469
f 469 568 569
f 469 569 470
f 470 569 570
f 470 570 471
f 471 570 571
f 471 571 472
f 472 571 572
f 472 572 473
f 473 572 573
f 473 573 474
f 474 573 574
f 474 574 475
f 475 574 575
f 475 575 476
f 476 575 576
f 476 576 477
f 477 576 577
f 477 577 478
f 478 577 578
f 478 578 479
f 479 578 579
f 479 579 480
f 480 579 580
f 480 580 481
f 481 580 581
f 481 581 482
f 482 581 582
f 482 582 483
f 483 582 583
f 483 583 484
f 484 583 584
f 484 584 485
f 485 584 585
f 485 585 486
f 486 585 586
f 486 586 487
f 487 586 587
f 487 587 488
f 488 587 588
f 488 588 489
f 489 588 589
f 489 589 490
f 490 589 590
f 490 590 491
f 491 590 591
f 491 591 492
f 492 591 592
f 492 592 493
f 493 592 593
f 493 593 494
f 494 593 594
f 494 594 495
f 495 594 595
f 495 595 496
f 496 595 596
f 496 596 497
f 497 596 597
f 497 597 498
f 498 597 598
f 498 598 499
f 499 598 599
f 499 599 500
f 500 599 600
f 500 600 501
f 501 600 601
f 501 601 402
f 402 601 502
f 502 602 503
f 503 602 603
f 503 603 504
f 504 603 604
f 504 604 505
f 505 604 605
f 505 605 506
f 506 605 606
f 506 606 507
f 507 606 607
f 507 607 508
f 508 607 608
f 508 608 509
f 509 608 609
f 509 609 510
f 510 609 610
f 510 610 511
f 511 610 611
f 511 611 512
f 512 611 612
f 512 612 513
f 513 612 613
f 513 613 514
f 514 613 614
f 514 614 515
f 515 614 615
f 515 615 516
f 516 615 616
f 516 616 517
f 517 616 617
f 517 617 518
f 518 617 618
f 518 618 519
f 519 618 619
f 519 619 520
f 520 619 620
f 520 620 521
f 521 620 621
f 521 621 522
f 522 621 622
f 522 622 523
f 523 622 623
f 523 623 524
f 524 623 624
f 524 624 525
f 525 624 625
f 525 625 526
f 526 625 626
f 526 626 527
f 527 626 627
f 527 627 528
f 528 627 628
f 528 628 529
f 529 628 629
f 529 629 530
f 530 629 630
f 530 630 531
f 531 630 631
f 531 631 532
f 532 631 632
f 532 632 533
f 533 632 633
f 533 633 534
f 534 633 634
f 534 634 535
f 535 634 635
f 535 635 536
f 536 635 636
f 536 636 537
f 537 636 637
f 537 637 538
f 538 637 638
f 538 638 539
f 539 638 639
f 539 639 540
f 540 639 640
f 540 640 541
f 541 640 641
f 541 641 542
f 542 641 642
f 542 642 543
f 543 642 643
f 543 643 544
f 544 643 644
f 544 644 545
f 545 644 645
f 545 645 546
f 546 645 646
f 546 646 547
f 547 646 647
f 547 647 548
f 548 647 648
f 548 648 549
f 549 648 649
f 549 649 550
f 550 649 650
f 550 650 551
f 551 650 651
f 551 651 552
f 552 651 652
f 552 652 553
f 553 652 653
f 553 653 554
f 554 653 654
f 554 654 555
f 555 654 655
f 555 655 556
f 556 655 656
f 556 656 557
f 557 656 657
f 557 657 558
f 558 657 658
f 558 658 559
f 559 658 659
f 559 659 560
f 560 659 660
f 560 660 561
f 561 660 661
f 561 661 562
f 562 661 662
f 562 662 563
f 563 662 663
f 563 663 564
f 564 663 664
f 564 664 565
f 565 664 665
f 565 665 566
f 566 665 666
f 566 666 567
f 567 666 667
f 567 667 568
f 568 667 668
f 568 668 569
f 569 668 669
f 569 669 570
f 570 669 670
f 570 670 571
f 571 670 671
f 571 671 572
f 572 671 672
f 572 672 573
f 573 672 673
f 573 673 574
f 574 673 674
f 574 674 575
f 575 674 675
f 575 675 576
f 576 675 676
f 576 676 577
f 577 676 677
f 577 677 578
f 578 677 678
f 578 678 579
f 579 678 679
f 579 679 580
f 580 679 680
f 580 680 581
f 581 680 681
f 581 681 582
f 582 681 682
f 582 682 583
f 583 682 683
f 583 683 584
f 584 683 684
f 584 684 585
f 585 684 685
f 585 685 586
f 586 685 686
f 586 686 587
f 587 686 687
f 587 687 588
f 588 687 688
f 588 688 589
f 589 688 689
f 589 689 590
f 590 689 690
f 590 690 591
f 591 690 691
f 591 691 592
f 592 691 692
f 592 692 593
f 593 692 693
f 593 693 594
f 594 693 694
f 594 694 595
f 595 694 695
f 595 695 596
f 596 695 696
f 596 696 597
f 597 696 697
f 597 697 598
f 598 697 698
f 598 698 599
f 599 698 699
f 599 699 600
f 600 699 700
f 600 700 601
f 601 700 701
f 601 701 502
f 502 701 602
f 602 702 603
f 603 702 703
f 603 703 604
f 604 703 704
f 604 704 605
f 605 704 705
f 605 705 606
f 606 705 706
f 606 706 607
f 607 706 707
f 607 707 608
f 608 707 708
f 608 708 609
f 609 708 709
f 609 709 610
f 610 709 710
f 610 710 611
f 611 710 711
f 611 711 612
f 612 711 712
f 612 712 613
f 613 712 713
f 613 713 614
f 614 713 714
f 614 714 615
f 615 714 715
f 615 715 616
f 616 715 716
f 616 716 617
f 617 716 717
f 617 717 618
f 618 717 718
f 618 718 619
f 619 718 719
f 619 719 620
f 620 719 720
f 620 720 621
f 621 720 721
f 621 721 622
f 622 721 722
f 622 722 623
f 623 722 723
f 623 723 624
f 624 723 724
f 624 724 625
f 625 724 725
f 625 725 626
f 626 725 726
f 626 726 627
f 627 726 727
f 627 727 628
f 628 727 728
f 628 728 629
f 629 728 729
f 629 729 630
f 630 729 730
f 630 730 631
f 631 730 731
f 631 731 632
f 632 731 732
f 632 732 633
f 633 732 733
f 633 733 634
f 634 733 734
f 634 734 635
f 635 734 735
f 635 735 636
f 636 735 736
f 636 736 637
f 637 736 737
f 637 737 638
f 638 737 738
f 638 738 639
f 639 738 739
f 639 739 640
f 640 739 740
f 640 740 641
f 641 740 741
f 641 741 642
f 642 741 742
f 642 742 643
f 643 742 743
f 643 743 644
f 644 743 744
f 644 744 645
f 645 744 745
f 645 745 646
f 646 745 746
f 646 746 647
f 647 746 747
f 647 747 648
f 648 747 748
f 648 748 649
f 649 748 749
f 649 749 650
f 650 749 750
f 650 750 651
f 651 750 751
f 651 751 652
f 652 751 752
f 652 752 653
f 653 752 753
f 653 753 654
f 654 753 754
f 654 754 655
f 655 754 755
f 655 755 656
f 656 755 756
f 656 756 657
f 657 756 757
f 657 757 658
f 658 757 758
f 658 758 659
f 659 758 759
f 659 759 660
f 660 759 760
f 660 760 661
f 661 760 761
f 661 761 662
f 662 761 762
f 662 762 663
f 663 762 763
f 663 763 664
f 664 763 764
f 664 764 665
f 665 764 765
f 665 765 666
f 666 765 766
f 666 766 667
f 667 766 767
f 667 767 668
f 668 767 768
f 668 768 669
f 669 768 769
f 669 769 670
f 670 769 770
f 670 770 671
f 671 770 771
f 671 771 672
f 672 771 772
f 672 772 673
f 673 772 773
f 673 773 674
f 674 773 774
f 674 774 675
f 675 774 775
f 675 775 676
f 676 775 776
f 676 776 677
f 677 776 777
f 677 777 678
f 678 777 778
f 678 778 679
f 679 778 779
f 679 779 680
f 680 779 780
f 680 780 681
f 681 780 781
f 681 781 682
f 682 781 782
f 682 782 683
f 683 782 783
f 683 783 684
f 684 783 784
f 684 784 685
f 685 784 785
f 685 785 686
f 686 785 786
f 686 786 687
f 687 786 787
f 687 787 688
f 688 787 788
f 688 788 689
f 689 788 789
f 689 789 690
f 690 789 790
f 690 790 691
f 691 790 791
f 691 791 692
f 692 791 792
f 692 792 693
f 693 792 793
f 693 793 694
f 694 793 794
f 694 794 695
f 695 794 795
f 695 795 696
f 696 795 796
f 696 796 697
f 697 796 797
f 697 797 698
f 698 797 798
f 698 798 699
f 699 798 799
f 699 799 700
f 700 799 800
f 700 800 701
f 701 800 801
f 701 801 602
f 602 801 702
f 702 802 703
f 703 802 803
f 703 803 704
f 704 803 804
f 704 804 705
f 705 804 805
f 705 805 706
f 706 805 806
f 706 806 707
f 707 806 807
f 707 807 708
f 708 807 808
f 708 808 709
f 709 808 809
f 709 809 710
f 710 809 810
f 710 810 711
f 711 810 811
f 711 811 712
f 712 811 812
f 712 812 713
f 713 812 813
f 713 813 714
f 714 813 814
f 714 814 715
f 715 814 815
f 715 815 716
f 716 815 816
f 716 816 717
f 717 816 817
f 717 817 718
f 718 817 818
f 718 818 719
f 719 818 819
f 719 819 720
f 720 819 820
f 720 820 721
f 721 820 821
f 721 821 722
f 722 821 822
f 722 822 723
f 723 822 823
f 723 823 724
f 724 823 824
f 724 824 725
f 725 824 825
f 725 825 726
f 726 825 826
f 726 826 727
f 727 826 827
f 727 827 728
f 728 827 828
f 728 828 729
f 729 828 829
f 729 829 730
f 730 829 830
f 730 830 731
f 731 830 831
f 731 831 732
f 732 831 832
f 732 832 733
f 733 832 833
f 733 833 734
f 734 833 834
f 734 834 735
f 735 834 835
f 735 835 736
f 736 835 836
f 736 836 737
f 737 836 837
f 737 837 738
f 738 837 838
f 738 838 739
f 739 838 839
f 739 839 740
f 740 839 840
f 740 840 741
f 741 840 841
f 741 841 742
f 742 841 842
f 742 842 743
f 743 842 843
f 743 843 744
f 744 843 844
f 744 844 745
f 745 844 845
f 745 845 746
f 746 845 846
f 746 846 747
f 747 846 847
f 747 847 748
f 748 847 848
f 748 848 749
f 749 848 849
f 749 849 750
f 750 849 850
f 750 850 751
f 751 850 851
f 751 851 752
f 752 851 852
f 752 852 753
f 753 852 853
f 753 853 754
f 754 853 854
f 754 854 755
f 755 854 855
f 755 855 756
f 756 855 856
f 756 856 757
f 757 856 857
f 757 857 758
f 758 857 858
f 758 858 759
f 759 858 859
f 759 859 760
f 760 859 860
f 760 860 761
f 761 860 861
f 761 861 762
f 762 861 862
f 762 862 763
f 763 862 863
f 763 863 764
f 764 863 864
f 764 864 765
f 765 864 865
f 765 865 766
f 766 865 866
f 766 866 767
f 767 866 867
f 767 867 768
f 768 867 868
f 768 868 769
f 769 868 869
f 769 869 770
f 770 869 870
f 770 870 771
f 771 870 871
f 771 871 772
f 772 871 872
f 772 872 773
f 773 872 873
f 773 873 774
f 774 873 874
f 774 874 775
f 775 874 875
f 775 875 776
f 776 875 876
f 776 876 777
f 777 876 877
f 777 877 778
f 778 877 878
f 778 878 779
f 779 878 879
f 779 879 780
f 780 879 880
f 780 880 781
f 781 880 881
f 781 881 782
f 782 881 882
f 782 882 783
f 783 882 883
f 783 883 784
f 784 883 884
f 784 884 785
f 785 884 885
f 785 885 786
f 786 885 886
f 786 886 787
f 787 886 887
f 787 887 788
f 788 887 888
f 788 888 789
f 789 888 889
f 789 889 790
f 790 889 890
f 790 890 791
f 791 890 891
f 791 891 792
f 792 891 892
f 792 892 793
f 793 892 893
f 793 893 794
f 794 893 894
f 794 894 795
f 795 894 895
f 795 895 796
f 796 895 896
f 796 896 797
f 797 896 897
f 797 897 798
f 798 897 898
f 798 898 799
f 799 898 899
f 799 899 800
f 800 899 900
f 800 900 801
f 801 900 901
f 801 901 702
f 702 901 802
f 802 902 803
f 803 902 903
f 803 903 804
f 804 903 904
f 804 904 805
f 805 904 905
f 805 905 806
f 806 905 906
f 806 906 807
f 807 906 907
f 807 907 808
f 808 907 908
f 808 908 809
f 809 908 909
f 809 909 810
f 810 909 910
f 810 910 811
f 811 910 911
f 811 911 812
f 812 911 912
f 812 912 813
f 813 912 913
f 813 913 814
f 814 913 914
f 814 914 815
f 815 914 915
f 815 915 816
f 816 915 916
f 816 916 817
f 817 916 917
f 817 917 818
f 818 917 918
f 818 918 819
f 819 918 919
f 819 919 820
f 820 919 920
f 820 920 821
f 821 920 921
f 821 921 822
f 822 921 922
f 822 922 823
f 823 922 923
f 823 923 824
f 824 923 924
f 824 924 825
f 825 924 925
f 825 925 826
f 826 925 926
f 826 926 827
f 827 926 927
f 827 927 828
f 828 927 928
f 828 928 829
f 829 928 929
f 829 929 830
f 830 929 930
f 830 930 831
f 831 930 931
f 831 931 832
f 832 931 932
f 832 932 833
f 833 932 933
f 833 933 834
f 834 933 934
f 834 934 835
f 835 934 935
f 835 935 836
f 836 935 936
f 836 936 837
f 837 936 937
f 837 937 838
f 838 937 938
f 838 938 839
f 839 938 939
f 839 939 840
f 840 939 940
f 840 940 841
f 841 940 941
f 841 941 842
f 842 941 942
f 842 942 843
f 843 942 943
f 843 943 844
f 844 943 944
f 844 944 845
f 845 944 945
f 845 945 846
f 846 945 946
f 846 946 847
f 847 946 947
f 847 947 848
f 848 947 948
f 848 948 849
f 849 948 949
f 849 949 850
f 850 949 950
f 850 950 851
f 851 950 951
f 851 951 852
f 852 951 952
f 852 952 853
f 853 952 953
f 853 953 854
f 854 953 954
f 854 954 855
f 855 954 955
f 855 955 856
f 856 955 956
f 856 956 857
f 857 956 957
f 857 957 858
f 858 957 958
f 858 958 859
f 859 958 959
f 859 959 860
f 860 959 960
f 860 960 861
f 861 960 961
f 861 961 862
f 862 961 962
f 862 962 863
f 863 962 963
f 863 963 864
f 864 963 964
f 864 964 865
f 865 964 965
f 865 965 866
f 866 965 966
f 866 966 867
f 867 966 967
f 867 967 868
f 868 967 968
f 868 968 869
f 869 968 969
f 869 969 870
f 870 969 970
f 870 970 871
f 871 970 971
f 871 971 872
f 872 971 972
f 872 972 873
f 873 972 973
f 873 973 874
f 874 973 974
f 874 974 875
f 875 974 975
f 875 975 876
f 876 975 976
f 876 976 877
f 877 976 977
f 877 977 878
f 878 977 978
f 878 978 879
f 879 978 979
f 879 979 880
f 880 979 980
f 880 980 881
f 881 980 981
f 881 981 882
f 882 981 982
f 882 982 883
f 883 982 983
f 883 983 884
f 884 983 984
f 884 984 885
f 885 984 985
f 885 985 886
f 886 985 986
f 886 986 887
f 887 986 987
f 887 987 888
f 888 987 988
f 888 988 889
f 889 988 989
f 889 989 890
f 890 989 990
f 890 990 891
f 891 990 991
f 891 991 892
f 892 991 992
f 892 992 893
f 893 992 993
f 893 993 894
f 894 993 994
f 894 994 895
f 895 994 995
f 895 995 896
f 896 995 996
f 896 996 897
f 897 996 997
f 897 997 898
f 898 997 998
f 898 998 899
f 899 998 999
f 899 999 900
f 900 999 1000
f 900 1000 901
f 901 1000 1001
f 901 1001 802
f 802 1001 902
f 902 1002 903
f 903 1002 1003
f 903 1003 904
f 904 1003 1004
f 904 1004 905
f 905 1004 1005
f 905 1005 906
f 906 1005 1006
f 906 1006 907
f 907 1006 1007
f 907 1007 908
f 908 1007 1008
f 908 1008 909
f 909 1008 1009
f 909 1009 910
f 910 1009 1010
f 910 1010 911
f 911 1010 1011
f 911 1011 912
f 912 1011 1012
f 912 1012 913
f 913 1012 1013
f 913 1013 914
f 914 1013 1014
f 914 1014 915
f 915 1014 1015
f 915 1015 916
f 916 1015 1016
f 916 1016 917
f 917 1016 1017
f 917 1017 918
f 918 1017 1018
f 918 1018 919
f 919 1018 1019
f 919 1019 920
f 920 1019 1020
f 920 1020 921
f 921 1020 1021
f 921 1021 922
f 922 1021 1022
f 922 1022 923
f 923 1022 1023
f 923 1023 924
f 924 1023 1024
f 924 1024 925
f 925 1024 1025
f 925 1025 926
f 926 1025 1026
f 926 1026 927
f 927 1026 1027
f 927 1027 928
f 928 1027 1028
f 928 1028 929
f 929 1028 1029
f 929 1029 930
f 930 1029 1030
f 930 1030 931
f 931 1030 1031
f 931 1031 932
f 932 1031 1032
f 932 1032 933
f 933 1032 1033
f 933 1033 934
f 934 1033 1034
f 934 1034 935
f 935 1034 1035
f 935 1035 936
f 936 1035 1036
f 936 1036 937
f 937 1036 1037
f 937 1037 938
f 938 1037 1038
f 938 1038 939
f 939 1038 1039
f 939 1039 940
f 940 1039 1040
f 940 1040 941
f 941 1040 1041
f 941 1041 942
f 942 1041 1042
f 942 1042 943
f 943 1042 1043
f 943 1043 944
f 944 1043 1044
f 944 1044 945
f 945 1044 1045
f 945 1045 946
f 946 1045 1046
f 946 1046 947
f 947 1046 1047
f 947 1047 948
f 948 1047 1048
f 948 1048 949
f 949 1048 1049
f 949 1049 950
f 950 1049 1050
f 950 1050 951
f 951 1050 1051
f 951 1051 952
f 952 1051 1052
f 952 1052 953
f 953 1052 1053
f 953 1053 954
f 954 1053 1054
f 954 1054 955
f 955 1054 1055
f 955 1055 956
f 956 1055 1056
f 956 1056 957
f 957 1056 1057
f 957 1057 958
f 958 1057 1058
f 958 1058 959
f 959 1058 1059
f 959 1059 960
f 960 1059 1060
f 960 1060 961
f 961 1060 1061
f 961 1061 962
f 962 1061 1062
f 962 1062 963
f 963 1062 1063
f 963 1063 964
f 964 1063 1064
f 964 1064 965
f 965 1064 1065
f 965 1065 966
f 966 1065 1066
f 966 1066 967
f 967 1066 1067
f 967 1067 968
f 968 1067 1068
f 968 1068 969
f 969 1068 1069
f 969 1069 970
f 970 1069 1070
f 970 1070 971
f 971 1070 1071
f 971 1071 972
f 972 1071 1072
f 972 1072 973
f 973 1072 1073
f 973 1073 974
f 974 1073 1074
f 974 1074 975
f 975 1074 1075
f 975 1075 976
f 976 1075 1076
f 976 1076 977
f 977 1076 1077
f 977 1077 978
f 978 1077 1078
f 978 1078 979
f 979 1078 1079
f 979 1079 980
f 980 1079 1080
f 980 1080 981
f 981 1080 1081
f 981 1081 982
f 982 1081 1082
f 982 1082 983
f 983 1082 1083
f 983 1083 984
f 984 1083 1084
f 984 1084 985
f 985 1084 1085
f 985 1085 986
f 986 1085 1086
f 986 1086 987
f 987 1086 1087
f 987 1087 988
f 988 1087 1088
f 988 1088 989
f 989 1088 1089
f 989 1089 990
f 990 1089 1090
f 990 1090 991
f 991 1090 1091
f 991 1091 992
f 992 1091 1092
f 992 1092 993
f 993 1092 1093
f 993 1093 994
f 994 1093 1094
f 994 1094 995
f 995 1094 1095
f 995 1095 996
f 996 1095 1096
f 996 1096 997
f 997 1096 1097
f 997 1097 998
f 998 1097 1098
f 998 1098 999
f 999 1098 1099
f 999 1099 1000
f 1000 1099 1100
f 1000 1100 1001
f 1001 1100 1101
f 1001 1101 902
f 902 1101 1002
f 1002 1102 1003
f 1003 1102 1103
f 1003 1103 1004
f 1004 1103 1104
f 1004 1104 1005
f 1005 1104 1105
f 1005 1105 1006
f 1006 1105 1106
f 1006 1106 1007
f 1007 1106 1107
f 1007 1107 1008
f 1008 1107 1108
f 1008 1108 1009
f 1009 1108 1109
f 1009 1109 1010
f 1010 1109 1110
f 1010 1110 1011
f 1011 1110 1111
f 1011 1111 1012
f 1012 1111 1112
f 1012 1112 1013
f 1013 1112 1113
f 1013 1113 1014
f 1014 1113 1114
f 1014 1114 1015
f 1015 1114 1115
f 1015 1115 1016
f 1016 1115 1116
f 1016 1116 1017
f 1017 1116 1117
f 1017 1117 1018
f 1018 1117 1118
f 1018 1118 1019
f 1019 1118 1119
f 1019 1119 1020
f 1020 1119 1120
f 1020 1120 1021
f 1021 1120 1121
f 1021 1121 1022
f 1022 1121 1122
f 1022 1122 1023
f 1023 1122 1123
f 1023 1123 1024
f 1024 1123 1124
f 1024 1124 1025
f 1025 1124 1125
f 1025 1125 1026
f 1026 1125 1126
f 1026 1126 1027
f 1027 1126 1127
f 1027 1127 1028
f 1028 1127 1128
f 1028 1128 1029
f 1029 1128 1129
f 1029 1129 1030
f 1030 1129 1130
f 1030 1130 1031
f 1031 1130 1131
f 1031 1131 1032
f 1032 1131 1132
f 1032 1132 1033
f 1033 1132 1133
f 1033 1133 1034
f 1034 1133 1134
f 1034 1134 1035
f 1035 1134 1135
f 1035 1135 1036
f 1036 1135 1136
f 1036 1136 1037
f 1037 1136 1137
f 1037 1137 1038
f 1038 1137 1138
f 1038 1138 1039
f 1039 1138 1139
f 1039 1139 1040
f 1040 1139 1140
f 1040 1140 1041
f 1041 1140 1141
f 1041 1141 1042
f 1042 1141 1142
f 1042 1142 1043
f 1043 1142 1143
f 1043 1143 1044
f 1044 1143 1144
f 1044 1144 1045
f 1045 1144 1145
f 1045 1145 1046
f 1046 1145 1146
f 1046 1146 1047
f 1047 1146 1147
f 1047 1147 1048
f 1048 1147 1148
f 1048 1148 1049
f 1049 1148 1149
f 1049 1149 1050
f 1050 1149 1150
f 1050 1150 1051
f 1051 1150 1151
f 1051 1151 1052
f 1052 1151 1152
f 1052 1152 1053
f 1053 1152 1153
f 1053 1153 1054
f 1054 1153 1154
f 1054 1154 1055
f 1055 1154 1155
f 1055 1155 1056
f 1056 1155 1156
f 1056 1156 1057
f 1057 1156 1157
f 1057 1157 1058
f 1058 1157 1158
f 1058 1158 1059
f 1059 1158 1159
f 1059 1159 1060
f 1060 1159 1160
f 1060 1160 1061
f 1061 1160 1161
f 1061 1161 1062
f 1062 1161 1162
f 1062 1162 1063
f 1063 1162 1163
f 1063 1163 1064
f 1064 1163 1164
f 1064 1164 1065
f 1065 1164 1165
f 1065 1165 1066
f 1066 1165 1166
f 1066 1166 1067
f 1067 1166 1167
f 1067 1167 1068
f 1068 1167 1168
f 1068 1168 1069
f 1069 1168 1169
f 1069 1169 1070
f 1070 1169 1170
f 1070 1170 1071
f 1071 1170 1171
f 1071 1171 1072
f 1072 1171 1172
f 1072 1172 1073
f 1073 1172 1173
f 1073 1173 1074
f 1074 1173 1174
f 1074 1174 1075
f 1075 1174 1175
f 1075 1175 1076
f 1076 1175 1176
f 1076 1176 1077
f 1077 1176 1177
f 1077 1177 1078
f 1078 1177 1178
f 1078 1178 1079
f 1079 1178 1179
f 1079 1179 1080
f 1080 1179 1180
f 1080 1180 1081
f 1081 1180 1181
f 1081 1181 1082
f 1082 1181 1182
f 1082 1182 1083
f 1083 1182 1183
f 1083 1183 1084
f 1084 1183 1184
f 1084 1184 1085
f 1085 1184 1185
f 1085 1185 1086
f 1086 1185 1186
f 1086 1186 1087
f 1087 1186 1187
f 1087 1187 1088
f 1088 1187 1188
f 1088 1188 1089
f 1089 1188 1189
f 1089 1189 1090
f 1090 1189 1190
f 1090 1190 1091
f 1091 1190 1191
f 1091 1191 1092
f 1092 1191 1192
f 1092 1192 1093
f 1093 1192 1193
f 1093 1193 1094
f 1094 1193 1194
f 1094 1194 1095
f 1095 1194 1195
f 1095 1195 1096
f 1096 1195 1196
f 1096 1196 1097
f 1097 1196 1197
f 1097 1197 1098
f 1098 1197 1198
f 1098 1198 1099
f 1099 1198 1199
f 1099 1199 1100
f 1100 1199 1200
f 1100 1200 1101
f 1101 1200 1201
f 1101 1201 1002
f 1002 1201 1102
f 1102 1202 1103
f 1103 1202 1203
f 1103 1203 1104
f 1104 1203 1204
f 1104 1204 1105
f 1105 1204 1205
f 1105 1205 1106
f 1106 1205 1206
f 1106 1206 1107
f 1107 1206 1207
f 1107 1207 1108
f 1108 1207 1208
f 1108 1208 1109
f 1109 1208 1209
f 1109 1209 1110
f 1110 1209 1210
f 1110 1210 1111
f 1111 1210 1211
f 1111 1211 1112
f 1112 1211 1212
f 1112 1212 1113
f 1113 1212 1213
f 1113 1213 1114
f 1114 1213 1214
f 1114 1214 1115
f 1115 1214 1215
f 1115 1215 1116
f 1116 1215 1216
f 1116 1216 1117
f 1117 1216 1217
f 1117 1217 1118
f 1118 1217 1218
f 1118 1218 1119
f 1119 1218 1219
f 1119 1219 1120
f 1120 1219 1220
f 1120 1220 1121
f 1121 1220 1221
f 1121 1221 1122
f 1122 1221 1222
f 1122 1222 1123
f 1123 1222 1223
f 1123 1223 1124
f 1124 1223 1224
f 1124 1224 1125
f 1125 1224 1225
f 1125 1225 1126
f 1126 1225 1226
f 1126 1226 1127
f 1127 1226 1227
f 1127 1227 1128
f 1128 1227 1228
f 1128 1228 1129
f 1129 1228 1229
f 1129 1229 1130
f 1130 1229 1230
f 1130 1230 1131
f 1131 1230 1231
f 1131 1231 1132
f 1132 1231 1232
f 1132 1232 1133
f 1133 1232 1233
f 1133 1233 1134
f 1134 1233 1234
f 1134 1234 1135
f 1135 1234 1235
f 1135 1235 1136
f 1136 1235 1236
f 1136 1236 1137
f 1137 1236 1237
f 1137 1237 1138
f 1138 1237 1238
f 1138 1238 1139
f 1139 1238 1239
f 1139 1239 1140
f 1140 1239 1240
f 1140 1240 1141
f 1141 1240 1241
f 1141 1241 1142
f 1142 1241 1242
f 1142 1242 1143
f 1143 1242 1243
f 1143 1243 1144
f 1144 1243 1244
f 1144 1244 1145
f 1145 1244 1245
f 1145 1245 1146
f 1146 1245 1246
f 1146 1246 1147
f 1147 1246 1247
f 1147 1247 1148
f 1148 1247 1248
f 1148 1248 1149
f 1149 1248 1249
f 1149 1249 1150
f 1150 1249 1250
f 1150 1250 1151
f 1151 1250 1251
f 1151 1251 1152
f 1152 1251 1252
f 1152 1252 1153
f 1153 1252 1253
f 1153 1253 1154
f 1154 1253 1254
f 1154 1254 1155
f 1155 1254 1255
f 1155 1255 1156
f 1156 1255 1256
f 1156 1256 1157
f 1157 1256 1257
f 1157 1257 1158
f 1158 1257 1258
f 1158 1258 1159
f 1159 1258 1259
f 1159 1259 1160
f 1160 1259 1260
f 1160 1260 1161
f 1161 1260 1261
f 1161 1261 1162
f 1162 1261 1262
f 1162 1262 1163
f 1163 1262 1263
f 1163 1263 1164
f 1164 1263 1264
f 1164 1264 1165
f 1165 1264 1265
f 1165 1265 1166
f 1166 1265 1266
f 1166 1266 1167
f 1167 1266 1267
f 1167 1267 1168
f 1168 1267 1268
f 1168 1268 1169
f 1169 1268 1269
f 1169 1269 1170
f 1170 1269 1270
f 1170 1270 1171
f 1171 1270 1271
f 1171 1271 1172
f 1172 1271 1272
f 1172 1272 1173
f 1173 1272 1273
f 1173 1273 1174
f 1174 1273 1274
f 1174 1274 1175
f 1175 1274 1275
f 1175 1275 1176
f 1176 1275 1276
f 1176 1276 1177
f 1177 1276 1277
f 1177 1277 1178
f 1178 1277 1278
f 1178 1278 1179
f 1179 1278 1279
f 1179 1279 1180
f 1180 1279 1280
f 1180 1280 1181
f 1181 1280 1281
f 1181 1281 1182
f 1182 1281 1282
f 1182 1282 1183
f 1183 1282 1283
f 1183 1283 1184
f 1184 1283 1284
f 1184 1284 1185
f 1185 1284 1285
f 1185 1285 1186
f 1186 1285 1286
f 1186 1286 1187
f 1187 1286 1287
f 1187 1287 1188
f 1188 1287 1288
f 1188 1288 1189
f 1189 1288 1289
f 1189 1289 1190
f 1190 1289 1290
f 1190 1290 1191
f 1191 1290 1291
f 1191 1291 1192
f 1192 1291 1292
f 1192 1292 1193
f 1193 1292 1293
f 1193 1293 1194
f 1194 1293 1294
f 1194 1294 1195
f 1195 1294 1295
f 1195 1295 1196
f 1196 1295 1296
f 1196 1296 1197
f 1197 1296 1297
f 1197 1297 1198
f 1198 1297 1298
f 1198 1298 1199
f 1199 1298 1299
f 1199 1299 1200
f 1200 1299 1300
f 1200 1300 1201
f 1201 1300 1301
f 1201 1301 1102
f 1102 1301 1202
f 1202 1302 1203
f 1203 1302 1303
f 1203 1303 1204
f 1204 1303 1304
f 1204 1304 1205
f 1205 1304 1305
f 1205 1305 1206
f 1206 1305 1306
f 1206 1306 1207
f 1207 1306 1307
f 1207 1307 1208
f 1208 1307 1308
f 1208 1308 1209
f 1209 1308 1309
f 1209 1309 1210
f 1210 1309 1310
f 1210 1310 1211
f 1211 1310 1311
f 1211 1311 1212
f 1212 1311 1312
f 1212 1312 1213
f 1213 1312 1313
f 1213 1313 1214
f 1214 1313 1314
f 1214 1314 1215
f 1215 1314 1315
f 1215 1315 1216
f 1216 1315 1316
f 1216 1316 1217
f 1217 1316 1317
f 1217 1317 1218
f 1218 1317 1318
f 1218 1318 1219
f 1219 1318 1319
f 1219 1319 1220
f 1220 1319 1320
f 1220 1320 1221
f 1221 1320 1321
f 1221 1321 1222
f 1222 1321 1322
f 1222 1322 1223
f 1223 1322 1323
f 1223 1323 1224
f 1224 1323 1324
f 1224 1324 1225
f 1225 1324 1325
f 1225 1325 1226
f 1226 1325 1326
f 1226 1326 1227
f 1227 1326 1327
f 1227 1327 1228
f 1228 1327 1328
f 1228 1328 1229
f 1229 1328 1329
f 1229 1329 1230
f 1230 1329 1330
f 1230 1330 1231
f 1231 1330 1331
f 1231 1331 1232
f 1232 1331 1332
f 1232 1332 1233
f 1233 1332 1333
f 1233 1333 1234
f 1234 1333 1334
f 1234 1334 1235
f 1235 1334 1335
f 1235 1335 1236
f 1236 1335 1336
f 1236 1336 1237
f 1237 1336 1337
f 1237 1337 1238
f 1238 1337 1338
f 1238 1338 1239
f 1239 1338 1339
f 1239 1339 1240
f 1240 1339 1340
f 1240 1340 1241
f 1241 1340 1341
f 1241 1341 1242
f 1242 1341 1342
f 1242 1342 1243
f 1243 1342 1343
f 1243 1343 1244
f 1244 1343 1344
f 1244 1344 1245
f 1245 1344 1345
f 1245 1345 1246
f 1246 1345 1346
f 1246 1346 1247
f 1247 1346 1347
f 1247 1347 1248
f 1248 1347 1348
f 1248 1348 1249
f 1249 1348 1349
f 1249 1349 1250
f 1250 1349 1350
f 1250 1350 1251
f 1251 1350 1351
f 1251 1351 1252
f 1252 1351 1352
f 1252 1352 1253
f 1253 1352 1353
f 1253 1353 1254
f 1254 1353 1354
f 1254 1354 1255
f 1255 1354 1355
f 1255 1355 1256
f 1256 1355 1356
f 1256 1356 1257
f 1257 1356 1357
f 1257 1357 1258
f 1258 1357 1358
f 1258 1358 1259
f 1259 1358 1359
f 1259 1359 1260
f 1260 1359 1360
f 1260 1360 1261
f 1261 1360 1361
f 1261 1361 1262
f 1262 1361 1362
f 1262 1362 1263
f 1263 1362 1363
f 1263 1363 1264
f 1264 1363 1364
f 1264 1364 1265
f 1265 1364 1365
f 1265 1365 1266
f 1266 1365 1366
f 1266 1366 1267
f 1267 1366 1367
f 1267 1367 1268
f 1268 1367 1368
f 1268 1368 1269
f 1269 1368 1369
f 1269 1369 1270
f 1270 1369 1370
f 1270 1370 1271
f 1271 1370 1371
f 1271 1371 1272
f 1272 1371 1372
f 1272 1372 1273
f 1273 1372 1373
f 1273 1373 1274
f 1274 1373 1374
f 1274 1374 1275
f 1275 1374 1375
f 1275 1375 1276
f 1276 1375 1376
f 1276 1376 1277
f 1277 1376 1377
f 1277 1377 1278
f 1278 1377 1378
f 1278 1378 1279
f 1279 1378 1379
f 1279 1379 1280
f 1280 1379 1380
f 1280 1380 1281
f 1281 1380 1381
f 1281 1381 1282
f 1282 1381 1382
f 1282 1382 1283
f 1283 1382 1383
f 1283 1383 1284
f 1284 1383 1384
f 1284 1384 1285
f 1285 1384 1385
f 1285 1385 1286
f 1286 1385 1386
f 1286 1386 1287
f 1287 1386 1387
f 1287 1387 1288
f 1288 1387 1388
f 1288 1388 1289
f 1289 1388 1389
f 1289 1389 1290
f 1290 1389 1390
f 1290 1390 1291
f 1291 1390 1391
f 1291 1391 1292
f 1292 1391 1392
f 1292 1392 1293
f 1293 1392 1393
f 1293 1393 1294
f 1294 1393 1394
f 1294 1394 1295
f 1295 1394 1395
f 1295 1395 1296
f 1296 1395 1396
f 1296 1396 1297
f 1297 1396 1397
f 1297 1397 1298
f 1298 1397 1398
f 1298 1398 1299
f 1299 1398 1399
f 1299 1399 1300
f 1300 1399 1400
f 1300 1400 1301
f 1301 1400 1401
f 1301 1401 1202
f 1202 1401 1302
f 1302 1402 1303
f 1303 1402 1403
f 1303 1403 1304
f 1304 1403 1404
f 1304 1404 1305
f 1305 1404 1405
f 1305 1405 1306
f 1306 1405 1406
f 1306 1406 1307
f 1307 1406 1407
f 1307 1407 1308
f 1308 1407 1408
f 1308 1408 1309
f 1309 1408 1409
f 1309 1409 1310
f 1310 1409 1410
f 1310 1410 1311
f 1311 1410 1411
f 1311 1411 1312
f 1312 1411 1412
f 1312 1412 1313
f 1313 1412 1413
f 1313 1413 1314
f 1314 1413 1414
f 1314 1414 1315
f 1315 1414 1415
f 1315 1415 1316
f 1316 1415 1416
f 1316 1416 1317
f 1317 1416 1417
f 1317 1417 1318
f 1318 1417 1418
f 1318 1418 1319
f 1319 1418 1419
f 1319 1419 1320
f 1320 1419 1420
f 1320 1420 1321
f 1321 1420 1421
f 1321 1421 1322
f 1322 1421 1422
f 1322 1422 1323
f 1323 1422 1423
f 1323 1423 1324
f 1324 1423 1424
f 1324 1424 1325
f 1325 1424 1425
f 1325 1425 1326
f 1326 1425 1426
f 1326 1426 1327
f 1327 1426 1427
f 1327 1427 1328
f 1328 1427 1428
f 1328 1428 1329
f 1329 1428 1429
f 1329 1429 1330
f 1330 1429 1430
f 1330 1430 1331
f 1331 1430 1431
f 1331 1431 1332
f 1332 1431 1432
f 1332 1432 1333
f 1333 1432 1433
f 1333 1433 1334
f 1334 1433 1434
f 1334 1434 1335
f 1335 1434 1435
f 1335 1435 1336
f 1336 1435 1436
f 1336 1436 1337
f 1337 1436 1437
f 1337 1437 1338
f 1338 1437 1438
f 1338 1438 1339
f 1339 1438 1439
f 1339 1439 1340
f 1340 1439 1440
f 1340 1440 1341
f 1341 1440 1441
f 1341 1441 1342
f 1342 1441 1442
f 1342 1442 1343
f 1343 1442 1443
f 1343 1443 1344
f 1344 1443 1444
f 1344 1444 1345
f 1345 1444 1445
f 1345 1445 1346
f 1346 1445 1446
f 1346 1446 1347
f 1347 1446 1447
f 1347 1447 1348
f 1348 1447 1448
f 1348 1448 1349
f 1349 1448 1449
f 1349 1449 1350
f 1350 1449 1450
f 1350 1450 1351
f 1351 1450 1451
f 1351 1451 1352
f 1352 1451 1452
f 1352 1452 1353
f 1353 1452 1453
f 1353 1453 1354
f 1354 1453 1454
f 1354 1454 1355
f 1355 1454 1455
f 1355 1455 1356
f 1356 1455 1456
f 1356 1456 1357
f 1357 1456 1457
f 1357 1457 1358
f 1358 1457 1458
f 1358 1458 1359
f 1359 1458 1459
f 1359 1459 1360
f 1360 1459 1460
f 1360 1460 1361
f 1361 1460 1461
f 1361 1461 1362
f 1362 1461 1462
f 1362 1462 1363
f 1363 1462 1463
f 1363 1463 1364
f 1364 1463 1464
f 1364 1464 1365
f 1365 1464 1465
f 1365 1465 1366
f 1366 1465 1466
f 1366 1466 1367
f 1367 1466 1467
f 1367 1467 1368
f 1368 1467 1468
f 1368 1468 1369
f 1369 1468 1469
f 1369 1469 1370
f 1370 1469 1470
f 1370 1470 1371
f 1371 1470 1471
f 1371 1471 1372
f 1372 1471 1472
f 1372 1472 1373
f 1373 1472 1473
f 1373 1473 1374
f 1374 1473 1474
f 1374 1474 1375
f 1375 1474 1475
f 1375 1475 1376
f 1376 1475 1476
f 1376 1476 1377
f 1377 1476 1477
f 1377 1477 1378
f 1378 1477 1478
f 1378 1478 1379
f 1379 1478 1479
f 1379 1479 1380
f 1380 1479 1480
f 1380 1480 1381
f 1381 1480 1481
f 1381 1481 1382
f 1382 1481 1482
f 1382 1482 1383
f 1383 1482 1483
f 1383 1483 1384
f 1384 1483 1484
f 1384 1484 1385
f 1385 1484 1485
f 1385 1485 1386
f 1386 1485 1486
f 1386 1486 1387
f 1387 1486 1487
f 1387 1487 1388
f 1388 1487 1488
f 1388 1488 1389
f 1389 1488 1489
f 1389 1489 1390
f 1390 1489 1490
f 1390 1490 1391
f 1391 1490 1491
f 1391 1491 1392
f 1392 1491 1492
f 1392 1492 1393
f 1393 1492 1493
f 1393 1493 1394
f 1394 1493 1494
f 1394 1494 1395
f 1395 1494 1495
f 1395 1495 1396
f 1396 1495 1496
f 1396 1496 1397
f 1397 1496 1497
f 1397 1497 1398
f 1398 1497 1498
f 1398 1498 1399
f 1399 1498 1499
f 1399 1499 1400
f 1400 1499 1500
f 1400 1500 1401
f 1401 1500 1501
f 1401 1501 1302
f 1302 1501 1402
f 1402 1502 1403
f 1403 1502 1503
f 1403 1503 1404
f 1404 1503 1504
f 1404 1504 1405
f 1405 1504 1505
f 1405 1505 1406
f 1406 1505 1506
f 1406 1506 1407
f 1407 1506 1507
f 1407 1507 1408
f 1408 1507 1508
f 1408 1508 1409
f 1409 1508 1509
f 1409 1509 1410
f 1410 1509 1510
f 1410 1510 1411
f 1411 1510 1511
f 1411 1511 1412
f 1412 1511 1512
f 1412 1512 1413
f 1413 1512 1513
f 1413 1513 1414
f 1414 1513 1514
f 1414 1514 1415
f 1415 1514 1515
f 1415 1515 1416
f 1416 1515 1516
f 1416 1516 1417
f 1417 1516 1517
f 1417 1517 1418
f 1418 1517 1518
f 1418 1518 1419
f 1419 1518 1519
f 1419 1519 1420
f 1420 1519 1520
f 1420 1520 1421
f 1421 1520 1521
f 1421 1521 1422
f 1422 1521 1522
f 1422 1522 1423
f 1423 1522 1523
f 1423 1523 1424
f 1424 1523 1524
f 1424 1524 1425
f 1425 1524 1525
f 1425 1525 1426
f 1426 1525 1526
f 1426 1526 1427
f 1427 1526 1527
f 1427 1527 1428
f 1428 1527 1528
f 1428 1528 1429
f 1429 1528 1529
f 1429 1529 1430
f 1430 1529 1530
f 1430 1530 1431
f 1431 1530 1531
f 1431 1531 1432
f 1432 1531 1532
f 1432 1532 1433
f 1433 1532 1533
f 1433 1533 1434
f 1434 1533 1534
f 1434 1534 1435
f 1435 1534 1535
f 1435 1535 1436
f 1436 1535 1536
f 1436 1536 1437
f 1437 1536 1537
f 1437 1537 1438
f 1438 1537 1538
f 1438 1538 1439
f 1439 1538 1539
f 1439 1539 1440
f 1440 1539 1540
f 1440 1540 1441
f 1441 1540 1541
f 1441 1541 1442
f 1442 1541 1542
f 1442 1542 1443
f 1443 1542 1543
f 1443 1543 1444
f 1444 1543 1544
f 1444 1544 1445
f 1445 1544 1545
f 1445 1545 1446
f 1446 1545 1546
f 1446 1546 1447
f 1447 1546 1547
f 1447 1547 1448
f 1448 1547 1548
f 1448 1548 1449
f 1449 1548 1549
f 1449 1549 1450
f 1450 1549 1550
f 1450 1550 1451
f 1451 1550 1551
f 1451 1551 1452
f 1452 1551 1552
f 1452 1552 1453
f 1453 1552 1553
f 1453 1553 1454
f 1454 1553 1554
f 1454 1554 1455
f 1455 1554 1555
f 1455 1555 1456
f 1456 1555 1556
f 1456 1556 1457
f 1457 1556 1557
f 1457 1557 1458
f 1458 1557 1558
f 1458 1558 1459
f 1459 1558 1559
f 1459 1559 1460
f 1460 1559 1560
f 1460 1560 1461
f 1461 1560 1561
f 1461 1561 1462
f 1462 1561 1562
f 1462 1562 1463
f 1463 1562 1563
f 1463 1563 1464
f 1464 1563 1564
f 1464 1564 1465
f 1465 1564 1565
f 1465 1565 1466
f 1466 1565 1566
f 1466 1566 1467
f 1467 1566 1567
f 1467 1567 1468
f 1468 1567 1568
f 1468 1568 1469
f 1469 1568 1569
f 1469 1569 1470
f 1470 1569 1570
f 1470 1570 1471
f 1471 1570 1571
f 1471 1571 1472
f 1472 1571 1572
f 1472 1572 1473
f 1473 1572 1573
f 1473 1573 1474
f 1474 1573 1574
f 1474 1574 1475
f 1475 1574 1575
f 1475 1575 1476
f 1476 1575 1576
f 1476 1576 1477
f 1477 1576 1577
f 1477 1577 1478
f 1478 1577 1578
f 1478 1578 1479
f 1479 1578 1579
f 1479 1579 1480
f 1480 1579 1580
f 1480 1580 1481
f 1481 1580 1581
f 1481 1581 1482
f 1482 1581 1582
f 1482 1582 1483
f 1483 1582 1583
f 1483 1583 1484
f 1484 1583 1584
f 1484 1584 1485
f 1485 1584 1585
f 1485 1585 1486
f 1486 1585 1586
f 1486 1586 1487
f 1487 1586 1587
f 1487 1587 1488
f 1488 1587 1588
f 1488 1588 1489
f 1489 1588 1589
f 1489 1589 1490
f 1490 1589 1590
f 1490 1590 1491
f 1491 1590 1591
f 1491 1591 1492
f 1492 1591 1592
f 1492 1592 1493
f 1493 1592 1593
f 1493 1593 1494
f 1494 1593 1594
f 1494 1594 1495
f 1495 1594 1595
f 1495 1595 1496
f 1496 1595 1596
f 1496 1596 1497
f 1497 1596 1597
f 1497 1597 1498
f 1498 1597 1598
f 1498 1598 1499
f 1499 1598 1599
f 1499 1599 1500
f 1500 1599 1600
f 1500 1600 1501
f 1501 1600 1601
f 1501 1601 1402
f 1402 1601 1502
f 1502 1602 1503
f 1503 1602 1603
f 1503 1603 1504
f 1504 1603 1604
f 1504 1604 1505
f 1505 1604 1605
f 1505 1605 1506
f 1506 1605 1606
f 1506 1606 1507
f 1507 1606 1607
f 1507 1607 1508
f 1508 1607 1608
f 1508 1608 1509
f 1509 1608 1609
f 1509 1609 1510
f 1510 1609 1610
f 1510 1610 1511
f 1511 1610 1611
f 1511 1611 1512
f 1512 1611 1612
f 1512 1612 1513
f 1513 1612 1613
f 1513 1613 1514
f 1514 1613 1614
f 1514 1614 1515
f 1515 1614 1615
f 1515 1615 1516
f 1516 1615 1616
f 1516 1616 1517
f 1517 1616 1617
f 1517 1617 1518
f 1518 1617 1618
f 1518 1618 1519
f 1519 1618 1619
f 1519 1619 1520
f 1520 1619 1620
f 1520 1620 1521
f 1521 1620 1621
f 1521 1621 1522
f 1522 1621 1622
f 1522 1622 1523
f 1523 1622 1623
f 1523 1623 1524
f 1524 1623 1624
f 1524 1624 1525
f 1525 1624 1625
f 1525 1625 1526
f 1526 1625 1626
f 1526 1626 1527
f 1527 1626 1627
f 1527 1627 1528
f 1528 1627 1628
f 1528 1628 1529
f 1529 1628 1629
f 1529 1629 1530
f 1530 1629 1630
f 1530 1630 1531
f 1531 1630 1631
f 1531 1631 1532
f 1532 1631 1632
f 1532 1632 1533
f 1533 1632 1633
f 1533 1633 1534
f 1534 1633 1634
f 1534 1634 1535
f 1535 1634 1635
f 1535 1635 1536
f 1536 1635 1636
f 1536 1636 1537
f 1537 1636 1637
f 1537 1637 1538
f 1538 1637 1638
f 1538 1638 1539
f 1539 1638 1639
f 1539 1639 1540
f 1540 1639 1640
f 1540 1640 1541
f 1541 1640 1641
f 1541 1641 1542
f 1542 1641 1642
f 1542 1642 1543
f 1543 1642 1643
f 1543 1643 1544
f 1544 1643 1644
f 1544 1644 1545
f 1545 1644 1645
f 1545 1645 1546
f 1546 1645 1646
f 1546 1646 1547
f 1547 1646 1647
f 1547 1647 1548
f 1548 1647 1648
f 1548 1648 1549
f 1549 1648 1649
f 1549 1649 1550
f 1550 1649 1650
f 1550 1650 1551
f 1551 1650 1651
f 1551 1651 1552
f 1552 1651 1652
f 1552 1652 1553
f 1553 1652 1653
f 1553 1653 1554
f 1554 1653 1654
f 1554 1654 1555
f 1555 1654 1655
f 1555 1655 1556
f 1556 1655 1656
f 1556 1656 1557
f 1557 1656 1657
f 1557 1657 1558
f 1558 1657 1658
f 1558 1658 1559
f 1559 1658 1659
f 1559 1659 1560
f 1560 1659 1660
f 1560 1660 1561
f 1561 1660 1661
f 1561 1661 1562
f 1562 1661 1662
f 1562 1662 1563
f 1563 1662 1663
f 1563 1663 1564
f 1564 1663 1664
f 1564 1664 1565
f 1565 1664 1665
f 1565 1665 1566
f 1566 1665 1666
f 1566 1666 1567
f 1567 1666 1667
f 1567 1667 1568
f 1568 1667 1668
f 1568 1668 1569
f 1569 1668 1669
f 1569 1669 1570
f 1570 1669 1670
f 1570 1670 1571
f 1571 1670 1671
f 1571 1671 1572
f 1572 1671 1672
f 1572 1672 1573
f 1573 1672 1673
f 1573 1673 1574
f 1574 1673 1674
f 1574 1674 1575
f 1575 1674 1675
f 1575 1675 1576
f 1576 1675 1676
f 1576 1676 1577
f 1577 1676 1677
f 1577 1677 1578
f 1578 1677 1678
f 1578 1678 1579
f 1579 1678 1679
f 1579 1679 1580
f 1580 1679 1680
f 1580 1680 1581
f 1581 1680 1681
f 1581 1681 1582
f 1582 1681 1682
f 1582 1682 1583
f 1583 1682 1683
f 1583 1683 1584
f 1584 1683 1684
f 1584 1684 1585
f 1585 1684 1685
f 1585 1685 1586
f 1586 1685 1686
f 1586 1686 1587
f 1587 1686 1687
f 1587 1687 1588
f 1588 1687 1688
f 1588 1688 1589
f 1589 1688 1689
f 1589 1689 1590
f 1590 1689 1690
f 1590 1690 1591
f 1591 1690 1691
f 1591 1691 1592
f 1592 1691 1692
f 1592 1692 1593
f 1593 1692 1693
f 1593 1693 1594
f 1594 1693 1694
f 1594 1694 1595
f 1595 1694 1695
f 1595 1695 1596
f 1596 1695 1696
f 1596 1696 1597
f 1597 1696 1697
f 1597 1697 1598
f 1598 1697 1698
f 1598 1698 1599
f 1599 1698 1699
f 1599 1699 1600
f 1600 1699 1700
f 1600 1700 1601
f 1601 1700 1701
f 1601 1701 1502
f 1502 1701 1602
f 1602 1702 1603
f 1603 1702 1703
f 1603 1703 1604
f 1604 1703 1704
f 1604 1704 1605
f 1605 1704 1705
f 1605 1705 1606
f 1606 1705 1706
f 1606 1706 1607
f 1607 1706 1707
f 1607 1707 1608
f 1608 1707 1708
f 1608 1708 1609
f 1609 1708 1709
f 1609 1709 1610
f 1610 1709 1710
f 1610 1710 1611
f 1611 1710 1711
f 1611 1711 1612
f 1612 1711 1712
f 1612 1712 1613
f 1613 1712 1713
f 1613 1713 1614
f 1614 1713 1714
f 1614 1714 1615
f 1615 1714 1715
f 1615 1715 1616
f 1616 1715 1716
f 1616 1716 1617
f 1617 1716 1717
f 1617 1717 1618
f 1618 1717 1718
f 1618 1718 1619
f 1619 1718 1719
f 1619 1719 1620
f 1620 1719 1720
f 1620 1720 1621
f 1621 1720 1721
f 1621 1721 1622
f 1622 1721 1722
f 1622 1722 1623
f 1623 1722 1723
f 1623 1723 1624
f 1624 1723 1724
f 1624 1724 1625
f 1625 1724 1725
f 1625 1725 1626
f 1626 1725 1726
f 1626 1726 1627
f 1627 1726 1727
f 1627 1727 1628
f 1628 1727 1728
f 1628 1728 1629
f 1629 1728 1729
f 1629 1729 1630
f 1630 1729 1730
f 1630 1730 1631
f 1631 1730 1731
f 1631 1731 1632
f 1632 1731 1732
f 1632 1732 1633
f 1633 1732 1733
f 1633 1733 1634
f 1634 1733 1734
f 1634 1734 1635
f 1635 1734 1735
f 1635 1735 1636
f 1636 1735 1736
f 1636 1736 1637
f 1637 1736 1737
f 1637 1737 1638
f 1638 1737 1738
f 1638 1738 1639
f 1639 1738 1739
f 1639 1739 1640
f 1640 1739 1740
f 1640 1740 1641
f 1641 1740 1741
f 1641 1741 1642
f 1642 1741 1742
f 1642 1742 1643
f 1643 1742 1743
f 1643 1743 1644
f 1644 1743 1744
f 1644 1744 1645
f 1645 1744 1745
f 1645 1745 1646
f 1646 1745 1746
f 1646 1746 1647
f 1647 1746 1747
f 1647 1747 1648
f 1648 1747 1748
f 1648 1748 1649
f 1649 1748 1749
f 1649 1749 1650
f 1650 1749 1750
f 1650 1750 1651
f 1651 1750 1751
f 1651 1751 1652
f 1652 1751 1752
f 1652 1752 1653
f 1653 1752 1753
f 1653 1753 1654
f 1654 1753 1754
f 1654 1754 1655
f 1655 1754 1755
f 1655 1755 1656
f 1656 1755 1756
f 1656 1756 1657
f 1657 1756 1757
f 1657 1757 1658
f 1658 1757 1758
f 1658 1758 1659
f 1659 1758 1759
f 1659 1759 1660
f 1660 1759 1760
f 1660 1760 1661
f 1661 1760 1761
f 1661 1761 1662
f 1662 1761 1762
f 1662 1762 1663
f 1663 1762 1763
f 1663 1763 1664
f 1664 1763 1764
f 1664 1764 1665
f 1665 1764 1765
f 1665 1765 1666
f 1666 1765 1766
f 1666 1766 1667
f 1667 1766 1767
f 1667 1767 1668
f 1668 1767 1768
f 1668 1768 1669
f 1669 1768 1769
f 1669 1769 1670
f 1670 1769 1770
f 1670 1770 1671
f 1671 1770 1771
f 1671 1771 1672
f 1672 1771 1772
f 1672 1772 1673
f 1673 1772 1773
f 1673 1773 1674
f 1674 1773 1774
f 1674 1774 1675
f 1675 1774 1775
f 1675 1775 1676
f 1676 1775 1776
f 1676 1776 1677
f 1677 1776 1777
f 1677 1777 1678
f 1678 1777 1778
f 1678 1778 1679
f 1679 1778 1779
f 1679 1779 1680
f 1680 1779 1780
f 1680 1780 1681
f 1681 1780 1781
f 1681 1781 1682
f 1682 1781 1782
f 1682 1782 1683
f 1683 1782 1783
f 1683 1783 1684
f 1684 1783 1784
f 1684 1784 1685
f 1685 1784 1785
f 1685 1785 1686
f 1686 1785 1786
f 1686 1786 1687
f 1687 1786 1787
f 1687 1787 1688
f 1688 1787 1788
f 1688 1788 1689
f 1689 1788 1789
f 1689 1789 1690
f 1690 1789 1790
f 1690 1790 1691
f 1691 1790 1791
f 1691 1791 1692
f 1692 1791 1792
f 1692 1792 1693
f 1693 1792 1793
f 1693 1793 1694
f 1694 1793 1794
f 1694 1794 1695
f 1695 1794 1795
f 1695 1795 1696
f 1696 1795 1796
f 1696 1796 1697
f 1697 1796 1797
f 1697 1797 1698
f 1698 1797 1798
f 1698 1798 1699
f 1699 1798 1799
f 1699 1799 1700
f 1700 1799 1800
f 1700 1800 1701
f 1701 1800 1801
f 1701 1801 1602
f 1602 1801 1702
f 1702 1802 1703
f 1703 1802 1803
f 1703 1803 1704
f 1704 1803 1804
f 1704 1804 1705
f 1705 1804 1805
f 1705 1805 1706
f 1706 1805 1806
f 1706 1806 1707
f 1707 1806 1807
f 1707 1807 1708
f 1708 1807 1808
f 1708 1808 1709
f 1709 1808 1809
f 1709 1809 1710
f 1710 1809 1810
f 1710 1810 1711
f 1711 1810 1811
f 1711 1811 1712
f 1712 1811 1812
f 1712 1812 1713
f 1713 1812 1813
f 1713 1813 1714
f 1714 1813 1814
f 1714 1814 1715
f 1715 1814 1815
f 1715 1815 1716
f 1716 1815 1816
f 1716 1816 1717
f 1717 1816 1817
f 1717 1817 1718
f 1718 1817 1818
f 1718 1818 1719
f 1719 1818 1819
f 1719 1819 1720
f 1720 1819 1820
f 1720 1820 1721
f 1721 1820 1821
f 1721 1821 1722
f 1722 1821 1822
f 1722 1822 1723
f 1723 1822 1823
f 1723 1823 1724
f 1724 1823 1824
f 1724 1824 1725
f 1725 1824 1825
f 1725 1825 1726
f 1726 1825 1826
f 1726 1826 1727
f 1727 1826 1827
f 1727 1827 1728
f 1728 1827 1828
f 1728 1828 1729
f 1729 1828 1829
f 1729 1829 1730
f 1730 1829 1830
f 1730 1830 1731
f 1731 1830 1831
f 1731 1831 1732
f 1732 1831 1832
f 1732 1832 1733
f 1733 1832 1833
f 1733 1833 1734
f 1734 1833 1834
f 1734 1834 1735
f 1735 1834 1835
f 1735 1835 1736
f 1736 1835 1836
f 1736 1836 1737
f 1737 1836 1837
f 1737 1837 1738
f 1738 1837 1838
f 1738 1838 1739
f 1739 1838 1839
f 1739 1839 1740
f 1740 1839 1840
f 1740 1840 1741
f 1741 1840 1841
f 1741 1841 1742
f 1742 1841 1842
f 1742 1842 1743
f 1743 1842 1843
f 1743 1843 1744
f 1744 1843 1844
f 1744 1844 1745
f 1745 1844 1845
f 1745 1845 1746
f 1746 1845 1846
f 1746 1846 1747
f 1747 1846 1847
f 1747 1847 1748
f 1748 1847 1848
f 1748 1848 1749
f 1749 1848 1849
f 1749 1849 1750
f 1750 1849 1850
f 1750 1850 1751
f 1751 1850 1851
f 1751 1851 1752
f 1752 1851 1852
f 1752 1852 1753
f 1753 1852 1853
f 1753 1853 1754
f 1754 1853 1854
f 1754 1854 1755
f 1755 1854 1855
f 1755 1855 1756
f 1756 1855 1856
f 1756 1856 1757
f 1757 1856 1857
f 1757 1857 1758
f 1758 1857 1858
f 1758 1858 1759
f 1759 1858 1859
f 1759 1859 1760
f 1760 1859 1860
f 1760 1860 1761
f 1761 1860 1861
f 1761 1861 1762
f 1762 1861 1862
f 1762 1862 1763
f 1763 1862 1863
f 1763 1863 1764
f 1764 1863 1864
f 1764 1864 1765
f 1765 1864 1865
f 1765 1865 1766
f 1766 1865 1866
f 1766 1866 1767
f 1767 1866 1867
f 1767 1867 1768
f 1768 1867 1868
f 1768 1868 1769
f 1769 1868 1869
f 1769 1869 1770
f 1770 1869 1870
f 1770 1870 1771
f 1771 1870 1871
f 1771 1871 1772
f 1772 1871 1872
f 1772 1872 1773
f 1773 1872 1873
f 1773 1873 1774
f 1774 1873 1874
f 1774 1874 1775
f 1775 1874 1875
f 1775 1875 1776
f 1776 1875 1876
f 1776 1876 1777
f 1777 1876 1877
f 1777 1877 1778
f 1778 1877 1878
f 1778 1878 1779
f 1779 1878 1879
f 1779 1879 1780
f 1780 1879 1880
f 1780 1880 1781
f 1781 1880 1881
f 1781 1881 1782
f 1782 1881 1882
f 1782 1882 1783
f 1783 1882 1883
f 1783 1883 1784
f 1784 1883 1884
f 1784 1884 1785
f 1785 1884 1885
f 1785 1885 1786
f 1786 1885 1886
f 1786 1886 1787
f 1787 1886 1887
f 1787 1887 1788
f 1788 1887 1888
f 1788 1888 1789
f 1789 1888 1889
f 1789 1889 1790
f 1790 1889 1890
f 1790 1890 1791
f 1791 1890 1891
f 1791 1891 1792
f 1792 1891 1892
f 1792 1892 1793
f 1793 1892 1893
f 1793 1893 1794
f 1794 1893 1894
f 1794 1894 1795
f 1795 1894 1895
f 1795 1895 1796
f 1796 1895 1896
f 1796 1896 1797
f 1797 1896 1897
f 1797 1897 1798
f 1798 1897 1898
f 1798 1898 1799
f 1799 1898 1899
f 1799 1899 1800
f 1800 1899 1900
f 1800 1900 1801
f 1801 1900 1901
f 1801 1901 1702
f 1702 1901 1802
f 1802 1902 1803
f 1803 1902 1903
f 1803 1903 1804
f 1804 1903 1904
f 1804 1904 1805
f 1805 1904 1905
f 1805 1905 1806
f 1806 1905 1906
f 1806 1906 1807
f 1807 1906 1907
f 1807 1907 1808
f 1808 1907 1908
f 1808 1908 1809
f 1809 1908 1909
f 1809 1909 1810
f 1810 1909 1910
f 1810 1910 1811
f 1811 1910 1911
f 1811 1911 1812
f 1812 1911 1912
f 1812 1912 1813
f 1813 1912 1913
f 1813 1913 1814
f 1814 1913 1914
f 1814 1914 1815
f 1815 1914 1915
f 1815 1915 1816
f 1816 1915 1916
f 1816 1916 1817
f 1817 1916 1917
f 1817 1917 1818
f 1818 1917 1918
f 1818 1918 1819
f 1819 1918 1919
f 1819 1919 1820
f 1820 1919 1920
f 1820 1920 1821
f 1821 1920 1921
f 1821 1921 1822
f 1822 1921 1922
f 1822 1922 1823
f 1823 1922 1923
f 1823 1923 1824
f 1824 1923 1924
f 1824 1924 1825
f 1825 1924 1925
f 1825 1925 1826
f 1826 1925 1926
f 1826 1926 1827
f 1827 1926 1927
f 1827 1927 1828
f 1828 1927 1928
f 1828 1928 1829
f 1829 1928 1929
f 1829 1929 1830
f 1830 1929 1930
f 1830 1930 1831
f 1831 1930 1931
f 1831 1931 1832
f 1832 1931 1932
f 1832 1932 1833
f 1833 1932 1933
f 1833 1933 1834
f 1834 1933 1934
f 1834 1934 1835
f 1835 1934 1935
f 1835 1935 1836
f 1836 1935 1936
f 1836 1936 1837
f 1837 1936 1937
f 1837 1937 1838
f 1838 1937 1938
f 1838 1938 1839
f 1839 1938 1939
f 1839 1939 1840
f 1840 1939 1940
f 1840 1940 1841
f 1841 1940 1941
f 1841 1941 1842
f 1842 1941 1942
f 1842 1942 1843
f 1843 1942 1943
f 1843 1943 1844
f 1844 1943 1944
f 1844 1944 1845
f 1845 1944 1945
f 1845 1945 1846
f 1846 1945 1946
f 1846 1946 1847
f 1847 1946 1947
f 1847 1947 1848
f 1848 1947 1948
f 1848 1948 1849
f 1849 1948 1949
f 1849 1949 1850
f 1850 1949 1950
f 1850 1950 1851
f 1851 1950 1951
f 1851 1951 1852
f 1852 1951 1952
f 1852 1952 1853
f 1853 1952 1953
f 1853 1953 1854
f 1854 1953 1954
f 1854 1954 1855
f 1855 1954 1955
f 1855 1955 1856
f 1856 1955 1956
f 1856 1956 1857
f 1857 1956 1957
f 1857 1957 1858
f 1858 1957 1958
f 1858 1958 1859
f 1859 1958 1959
f 1859 1959 1860
f 1860 1959 1960
f 1860 1960 1861
f 1861 1960 1961
f 1861 1961 1862
f 1862 1961 1962
f 1862 1962 1863
f 1863 1962 1963
f 1863 1963 1864
f 1864 1963 1964
f 1864 1964 1865
f 1865 1964 1965
f 1865 1965 1866
f 1866 1965 1966
f 1866 1966 1867
f 1867 1966 1967
f 1867 1967 1868
f 1868 1967 1968
f 1868 1968 1869
f 1869 1968 1969
f 1869 1969 1870
f 1870 1969 1970
f 1870 1970 1871
f 1871 1970 1971
f 1871 1971 1872
f 1872 1971 1972
f 1872 1972 1873
f 1873 1972 1973
f 1873 1973 1874
f 1874 1973 1974
f 1874 1974 1875
f 1875 1974 1975
f 1875 1975 1876
f 1876 1975 1976
f 1876 1976 1877
f 1877 1976 1977
f 1877 1977 1878
f 1878 1977 1978
f 1878 1978 1879
f 1879 1978 1979
f 1879 1979 1880
f 1880 1979 1980
f 1880 1980 1881
f 1881 1980 1981
f 1881 1981 1882
f 1882 1981 1982
f 1882 1982 1883
f 1883 1982 1983
f 1883 1983 1884
f 1884 1983 1984
f 1884 1984 1885
f 1885 1984 1985
f 1885 1985 1886
f 1886 1985 1986
f 1886 1986 1887
f 1887 1986 1987
f 1887 1987 1888
f 1888 1987 1988
f 1888 1988 1889
f 1889 1988 1989
f 1889 1989 1890
f 1890 1989 1990
f 1890 1990 1891
f 1891 1990 1991
f 1891 1991 1892
f 1892 1991 1992
f 1892 1992 1893
f 1893 1992 1993
f 1893 1993 1894
f 1894 1993 1994
f 1894 1994 1895
f 1895 1994 1995
f 1895 1995 1896
f 1896 1995 1996
f 1896 1996 1897
f 1897 1996 1997
f 1897 1997 1898
f 1898 1997 1998
f 1898 1998 1899
f 1899 1998 1999
f 1899 1999 1900
f 1900 1999 2000
f 1900 2000 1901
f 1901 2000 2001
f 1901 2001 1802
f 1802 2001 1902
f 1902 2002 1903
f 1903 2002 2003
f 1903 2003 1904
f 1904 2003 2004
f 1904 2004 1905
f 1905 2004 2005
f 1905 2005 1906
f 1906 2005 2006
f 1906 2006 1907
f 1907 2006 2007
f 1907 2007 1908
f 1908 2007 2008
f 1908 2008 1909
f 1909 2008 2009
f 1909 2009 1910
f 1910 2009 2010
f 1910 2010 1911
f 1911 2010 2011
f 1911 2011 1912
f 1912 2011 2012
f 1912 2012 1913
f 1913 2012 2013
f 1913 2013 1914
f 1914 2013 2014
f 1914 2014 1915
f 1915 2014 2015
f 1915 2015 1916
f 1916 2015 2016
f 1916 2016 1917
f 1917 2016 2017
f 1917 2017 1918
f 1918 2017 2018
f 1918 2018 1919
f 1919 2018 2019
f 1919 2019 1920
f 1920 2019 2020
f 1920 2020 1921
f 1921 2020 2021
f 1921 2021 1922
f 1922 2021 2022
f 1922 2022 1923
f 1923 2022 2023
f 1923 2023 1924
f 1924 2023 2024
f 1924 2024 1925
f 1925 2024 2025
f 1925 2025 1926
f 1926 2025 2026
f 1926 2026 1927
f 1927 2026 2027
f 1927 2027 1928
f 1928 2027 2028
f 1928 2028 1929
f 1929 2028 2029
f 1929 2029 1930
f 1930 2029 2030
f 1930 2030 1931
f 1931 2030 2031
f 1931 2031 1932
f 1932 2031 2032
f 1932 2032 1933
f 1933 2032 2033
f 1933 2033 1934
f 1934 2033 2034
f 1934 2034 1935
f 1935 2034 2035
f 1935 2035 1936
f 1936 2035 2036
f 1936 2036 1937
f 1937 2036 2037
f 1937 2037 1938
f 1938 2037 2038
f 1938 2038 1939
f 1939 2038 2039
f 1939 2039 1940
f 1940 2039 2040
f 1940 2040 1941
f 1941 2040 2041
f 1941 2041 1942
f 1942 2041 2042
f 1942 2042 1943
f 1943 2042 2043
f 1943 2043 1944
f 1944 2043 2044
f 1944 2044 1945
f 1945 2044 2045
f 1945 2045 1946
f 1946 2045 2046
f 1946 2046 1947
f 1947 2046 2047
f 1947 2047 1948
f 1948 2047 2048
f 1948 2048 1949
f 1949 2048 2049
f 1949 2049 1950
f 1950 2049 2050
f 1950 2050 1951
f 1951 2050 2051
f 1951 2051 1952
f 1952 2051 2052
f 1952 2052 1953
f 1953 2052 2053
f 1953 2053 1954
f 1954 2053 2054
f 1954 2054 1955
f 1955 2054 2055
f 1955 2055 1956
f 1956 2055 2056
f 1956 2056 1957
f 1957 2056 2057
f 1957 2057 1958
f 1958 2057 2058
f 1958 2058 1959
f 1959 2058 2059
f 1959 2059 1960
f 1960 2059 2060
f 1960 2060 1961
f 1961 2060 2061
f 1961 2061 1962
f 1962 2061 2062
f 1962 2062 1963
f 1963 2062 2063
f 1963 2063 1964
f 1964 2063 2064
f 1964 2064 1965
f 1965 2064 2065
f 1965 2065 1966
f 1966 2065 2066
f 1966 2066 1967
f 1967 2066 2067
f 1967 2067 1968
f 1968 2067 2068
f 1968 2068 1969
f 1969 2068 2069
f 1969 2069 1970
f 1970 2069 2070
f 1970 2070 1971
f 1971 2070 2071
f 1971 2071 1972
f 1972 2071 2072
f 1972 2072 1973
f 1973 2072 2073
f 1973 2073 1974
f 1974 2073 2074
f 1974 2074 1975
f 1975 2074 2075
f 1975 2075 1976
f 1976 2075 2076
f 1976 2076 1977
f 1977 2076 2077
f 1977 2077 1978
f 1978 2077 2078
f 1978 2078 1979
f 1979 2078 2079
f 1979 2079 1980
f 1980 2079 2080
f 1980 2080 1981
f 1981 2080 2081
f 1981 2081 1982
f 1982 2081 2082
f 1982 2082 1983
f 1983 2082 2083
f 1983 2083 1984
f 1984 2083 2084
f 1984 2084 1985
f 1985 2084 2085
f 1985 2085 1986
f 1986 2085 2086
f 1986 2086 1987
f 1987 2086 2087
f 1987 2087 1988
f 1988 2087 2088
f 1988 2088 1989
f 1989 2088 2089
f 1989 2089 1990
f 1990 2089 2090
f 1990 2090 1991
f 1991 2090 2091
f 1991 2091 1992
f 1992 2091 2092
f 1992 2092 1993
f 1993 2092 2093
f 1993 2093 1994
f 1994 2093 2094
f 1994 2094 1995
f 1995 2094 2095
f 1995 2095 1996
f 1996 2095 2096
f 1996 2096 1997
f 1997 2096 2097
f 1997 2097 1998
f 1998 2097 2098
f 1998 2098 1999
f 1999 2098 2099
f 1999 2099 2000
f 2000 2099 2100
f 2000 2100 2001
f 2001 2100 2101
f 2001 2101 1902
f 1902 2101 2002
f 2002 2102 2003
f 2003 2102 2103
f 2003 2103 2004
f 2004 2103 2104
f 2004 2104 2005
f 2005 2104 2105
f 2005 2105 2006
f 2006 2105 2106
f 2006 2106 2007
f 2007 2106 2107
f 2007 2107 2008
f 2008 2107 2108
f 2008 2108 2009
f 2009 2108 2109
f 2009 2109 2010
f 2010 2109 2110
f 2010 2110 2011
f 2011 2110 2111
f 2011 2111 2012
f 2012 2111 2112
f 2012 2112 2013
f 2013 2112 2113
f 2013 2113 2014
f 2014 2113 2114
f 2014 2114 2015
f 2015 2114 2115
f 2015 2115 2016
f 2016 2115 2116
f 2016 2116 2017
f 2017 2116 2117
f 2017 2117 2018
f 2018 2117 2118
f 2018 2118 2019
f 2019 2118 2119
f 2019 2119 2020
f 2020 2119 2120
f 2020 2120 2021
f 2021 2120 2121
f 2021 2121 2022
f 2022 2121 2122
f 2022 2122 2023
f 2023 2122 2123
f 2023 2123 2024
f 2024 2123 2124
f 2024 2124 2025
f 2025 2124 2125
f 2025 2125 2026
f 2026 2125 2126
f 2026 2126 2027
f 2027 2126 2127
f 2027 2127 2028
f 2028 2127 2128
f 2028 2128 2029
f 2029 2128 2129
f 2029 2129 2030
f 2030 2129 2130
f 2030 2130 2031
f 2031 2130 2131
f 2031 2131 2032
f 2032 2131 2132
f 2032 2132 2033
f 2033 2132 2133
f 2033 2133 2034
f 2034 2133 2134
f 2034 2134 2035
f 2035 2134 2135
f 2035 2135 2036
f 2036 2135 2136
f 2036 2136 2037
f 2037 2136 2137
f 2037 2137 2038
f 2038 2137 2138
f 2038 2138 2039
f 2039 2138 2139
f 2039 2139 2040
f 2040 2139 2140
f 2040 2140 2041
f 2041 2140 2141
f 2041 2141 2042
f 2042 2141 2142
f 2042 2142 2043
f 2043 2142 2143
f 2043 2143 2044
f 2044 2143 2144
f 2044 2144 2045
f 2045 2144 2145
f 2045 2145 2046
f 2046 2145 2146
f 2046 2146 2047
f 2047 2146 2147
f 2047 2147 2048
f 2048 2147 2148
f 2048 2148 2049
f 2049 2148 2149
f 2049 2149 2050
f 2050 2149 2150
f 2050 2150 2051
f 2051 2150 2151
f 2051 2151 2052
f 2052 2151 2152
f 2052 2152 2053
f 2053 2152 2153
f 2053 2153 2054
f 2054 2153 2154
f 2054 2154 2055
f 2055 2154 2155
f 2055 2155 2056
f 2056 2155 2156
f 2056 2156 2057
f 2057 2156 2157
f 2057 2157 2058
f 2058 2157 2158
f 2058 2158 2059
f 2059 2158 2159
f 2059 2159 2060
f 2060 2159 2160
f 2060 2160 2061
f 2061 2160 2161
f 2061 2161 2062
f 2062 2161 2162
f 2062 2162 2063
f 2063 2162 2163
f 2063 2163 2064
f 2064 2163 2164
f 2064 2164 2065
f 2065 2164 2165
f 2065 2165 2066
f 2066 2165 2166
f 2066 2166 2067
f 2067 2166 2167
f 2067 2167 2068
f 2068 2167 2168
f 2068 2168 2069
f 2069 2168 2169
f 2069 2169 2070
f 2070 2169 2170
f 2070 2170 2071
f 2071 2170 2171
f 2071 2171 2072
f 2072 2171 2172
f 2072 2172 2073
f 2073 2172 2173
f 2073 2173 2074
f 2074 2173 2174
f 2074 2174 2075
f 2075 2174 2175
f 2075 2175 2076
f 2076 2175 2176
f 2076 2176 2077
f 2077 2176 2177
f 2077 2177 2078
f 2078 2177 2178
f 2078 2178 2079
f 2079 2178 2179
f 2079 2179 2080
f 2080 2179 2180
f 2080 2180 2081
f 2081 2180 2181
f 2081 2181 2082
f 2082 2181 2182
f 2082 2182 2083
f 2083 2182 2183
f 2083 2183 2084
f 2084 2183 2184
f 2084 2184 2085
f 2085 2184 2185
f 2085 2185 2086
f 2086 2185 2186
f 2086 2186 2087
f 2087 2186 2187
f 2087 2187 2088
f 2088 2187 2188
f 2088 2188 2089
f 2089 2188 2189
f 2089 2189 2090
f 2090 2189 2190
f 2090 2190 2091
f 2091 2190 2191
f 2091 2191 2092
f 2092 2191 2192
f 2092 2192 2093
f 2093 2192 2193
f 2093 2193 2094
f 2094 2193 2194
f 2094 2194 2095
f 2095 2194 2195
f 2095 2195 2096
f 2096 2195 2196
f 2096 2196 2097
f 2097 2196 2197
f 2097 2197 2098
f 2098 2197 2198
f 2098 2198 2099
f 2099 2198 2199
f 2099 2199 2100
f 2100 2199 2200
f 2100 2200 2101
f 2101 2200 2201
f 2101 2201 2002
f 2002 2201 2102
f 2102 2202 2103
f 2103 2202 2203
f 2103 2203 2104
f 2104 2203 2204
f 2104 2204 2105
f 2105 2204 2205
f 2105 2205 2106
f 2106 2205 2206
f 2106 2206 2107
f 2107 2206 2207
f 2107 2207 2108
f 2108 2207 2208
f 2108 2208 2109
f 2109 2208 2209
f 2109 2209 2110
f 2110 2209 2210
f 2110 2210 2111
f 2111 2210 2211
f 2111 2211 2112
f 2112 2211 2212
f 2112 2212 2113
f 2113 2212 2213
f 2113 2213 2114
f 2114 2213 2214
f 2114 2214 2115
f 2115 2214 2215
f 2115 2215 2116
f 2116 2215 2216
f 2116 2216 2117
f 2117 2216 2217
f 2117 2217 2118
f 2118 2217 2218
f 2118 2218 2119
f 2119 2218 2219
f 2119 2219 2120
f 2120 2219 2220
f 2120 2220 2121
f 2121 2220 2221
f 2121 2221 2122
f 2122 2221 2222
f 2122 2222 2123
f 2123 2222 2223
f 2123 2223 2124
f 2124 2223 2224
f 2124 2224 2125
f 2125 2224 2225
f 2125 2225 2126
f 2126 2225 2226
f 2126 2226 2127
f 2127 2226 2227
f 2127 2227 2128
f 2128 2227 2228
f 2128 2228 2129
f 2129 2228 2229
f 2129 2229 2130
f 2130 2229 2230
f 2130 2230 2131
f 2131 2230 2231
f 2131 2231 2132
f 2132 2231 2232
f 2132 2232 2133
f 2133 2232 2233
f 2133 2233 2134
f 2134 2233 2234
f 2134 2234 2135
f 2135 2234 2235
f 2135 2235 2136
f 2136 2235 2236
f 2136 2236 2137
f 2137 2236 2237
f 2137 2237 2138
f 2138 2237 2238
f 2138 2238 2139
f 2139 2238 2239
f 2139 2239 2140
f 2140 2239 2240
f 2140 2240 2141
f 2141 2240 2241
f 2141 2241 2142
f 2142 2241 2242
f 2142 2242 2143
f 2143 2242 2243
f 2143 2243 2144
f 2144 2243 2244
f 2144 2244 2145
f 2145 2244 2245
f 2145 2245 2146
f 2146 2245 2246
f 2146 2246 2147
f 2147 2246 2247
f 2147 2247 2148
f 2148 2247 2248
f 2148 2248 2149
f 2149 2248 2249
f 2149 2249 2150
f 2150 2249 2250
f 2150 2250 2151
f 2151 2250 2251
f 2151 2251 2152
f 2152 2251 2252
f 2152 2252 2153
f 2153 2252 2253
f 2153 2253 2154
f 2154 2253 2254
f 2154 2254 2155
f 2155 2254 2255
f 2155 2255 2156
f 2156 2255 2256
f 2156 2256 2157
f 2157 2256 2257
f 2157 2257 2158
f 2158 2257 2258
f 2158 2258 2159
f 2159 2258 2259
f 2159 2259 2160
f 2160 2259 2260
f 2160 2260 2161
f 2161 2260 2261
f 2161 2261 2162
f 2162 2261 2262
f 2162 2262 2163
f 2163 2262 2263
f 2163 2263 2164
f 2164 2263 2264
f 2164 2264 2165
f 2165 2264 2265
f 2165 2265 2166
f 2166 2265 2266
f 2166 2266 2167
f 2167 2266 2267
f 2167 2267 2168
f 2168 2267 2268
f 2168 2268 2169
f 2169 2268 2269
f 2169 2269 2170
f 2170 2269 2270
f 2170 2270 2171
f 2171 2270 2271
f 2171 2271 2172
f 2172 2271 2272
f 2172 2272 2173
f 2173 2272 2273
f 2173 2273 2174
f 2174 2273 2274
f 2174 2274 2175
f 2175 2274 2275
f 2175 2275 2176
f 2176 2275 2276
f 2176 2276 2177
f 2177 2276 2277
f 2177 2277 2178
f 2178 2277 2278
f 2178 2278 2179
f 2179 2278 2279
f 2179 2279 2180
f 2180 2279 2280
f 2180 2280 2181
f 2181 2280 2281
f 2181 2281 2182
f 2182 2281 2282
f 2182 2282 2183
f 2183 2282 2283
f 2183 2283 2184
f 2184 2283 2284
f 2184 2284 2185
f 2185 2284 2285
f 2185 2285 2186
f 2186 2285 2286
f 2186 2286 2187
f 2187 2286 2287
f 2187 2287 2188
f 2188 2287 2288
f 2188 2288 2189
f 2189 2288 2289
f 2189 2289 2190
f 2190 2289 2290
f 2190 2290 2191
f 2191 2290 2291
f 2191 2291 2192
f 2192 2291 2292
f 2192 2292 2193
f 2193 2292 2293
f 2193 2293 2194
f 2194 2293 2294
f 2194 2294 2195
f 2195 2294 2295
f 2195 2295 2196
f 2196 2295 2296
f 2196 2296 2197
f 2197 2296 2297
f 2197 2297 2198
f 2198 2297 2298
f 2198 2298 2199
f 2199 2298 2299
f 2199 2299 2200
f 2200 2299 2300
f 2200 2300 2201
f 2201 2300 2301
f 2201 2301 2102
f 2102 2301 2202
f 2202 2302 2203
f 2203 2302 2303
f 2203 2303 2204
f 2204 2303 2304
f 2204 2304 2205
f 2205 2304 2305
f 2205 2305 2206
f 2206 2305 2306
f 2206 2306 2207
f 2207 2306 2307
f 2207 2307 2208
f 2208 2307 2308
f 2208 2308 2209
f 2209 2308 2309
f 2209 2309 2210
f 2210 2309 2310
f 2210 2310 2211
f 2211 2310 2311
f 2211 2311 2212
f 2212 2311 2312
f 2212 2312 2213
f 2213 2312 2313
f 2213 2313 2214
f 2214 2313 2314
f 2214 2314 2215
f 2215 2314 2315
f 2215 2315 2216
f 2216 2315 2316
f 2216 2316 2217
f 2217 2316 2317
f 2217 2317 2218
f 2218 2317 2318
f 2218 2318 2219
f 2219 2318 2319
f 2219 2319 2220
f 2220 2319 2320
f 2220 2320 2221
f 2221 2320 2321
f 2221 2321 2222
f 2222 2321 2322
f 2222 2322 2223
f 2223 2322 2323
f 2223 2323 2224
f 2224 2323 2324
f 2224 2324 2225
f 2225 2324 2325
f 2225 2325 2226
f 2226 2325 2326
f 2226 2326 2227
f 2227 2326 2327
f 2227 2327 2228
f 2228 2327 2328
f 2228 2328 2229
f 2229 2328 2329
f 2229 2329 2230
f 2230 2329 2330
f 2230 2330 2231
f 2231 2330 2331
f 2231 2331 2232
f 2232 2331 2332
f 2232 2332 2233
f 2233 2332 2333
f 2233 2333 2234
f 2234 2333 2334
f 2234 2334 2235
f 2235 2334 2335
f 2235 2335 2236
f 2236 2335 2336
f 2236 2336 2237
f 2237 2336 2337
f 2237 2337 2238
f 2238 2337 2338
f 2238 2338 2239
f 2239 2338 2339
f 2239 2339 2240
f 2240 2339 2340
f 2240 2340 2241
f 2241 2340 2341
f 2241 2341 2242
f 2242 2341 2342
f 2242 2342 2243
f 2243 2342 2343
f 2243 2343 2244
f 2244 2343 2344
f 2244 2344 2245
f 2245 2344 2345
f 2245 2345 2246
f 2246 2345 2346
f 2246 2346 2247
f 2247 2346 2347
f 2247 2347 2248
f 2248 2347 2348
f 2248 2348 2249
f 2249 2348 2349
f 2249 2349 2250
f 2250 2349 2350
f 2250 2350 2251
f 2251 2350 2351
f 2251 2351 2252
f 2252 2351 2352
f 2252 2352 2253
f 2253 2352 2353
f 2253 2353 2254
f 2254 2353 2354
f 2254 2354 2255
f 2255 2354 2355
f 2255 2355 2256
f 2256 2355 2356
f 2256 2356 2257
f 2257 2356 2357
f 2257 2357 2258
f 2258 2357 2358
f 2258 2358 2259
f 2259 2358 2359
f 2259 2359 2260
f 2260 2359 2360
f 2260 2360 2261
f 2261 2360 2361
f 2261 2361 2262
f 2262 2361 2362
f 2262 2362 2263
f 2263 2362 2363
f 2263 2363 2264
f 2264 2363 2364
f 2264 2364 2265
f 2265 2364 2365
f 2265 2365 2266
f 2266 2365 2366
f 2266 2366 2267
f 2267 2366 2367
f 2267 2367 2268
f 2268 2367 2368
f 2268 2368 2269
f 2269 2368 2369
f 2269 2369 2270
f 2270 2369 2370
f 2270 2370 2271
f 2271 2370 2371
f 2271 2371 2272
f 2272 2371 2372
f 2272 2372 2273
f 2273 2372 2373
f 2273 2373 2274
f 2274 2373 2374
f 2274 2374 2275
f 2275 2374 2375
f 2275 2375 2276
f 2276 2375 2376
f 2276 2376 2277
f 2277 2376 2377
f 2277 2377 2278
f 2278 2377 2378
f 2278 2378 2279
f 2279 2378 2379
f 2279 2379 2280
f 2280 2379 2380
f 2280 2380 2281
f 2281 2380 2381
f 2281 2381 2282
f 2282 2381 2382
f 2282 2382 2283
f 2283 2382 2383
f 2283 2383 2284
f 2284 2383 2384
f 2284 2384 2285
f 2285 2384 2385
f 2285 2385 2286
f 2286 2385 2386
f 2286 2386 2287
f 2287 2386 2387
f 2287 2387 2288
f 2288 2387 2388
f 2288 2388 2289
f 2289 2388 2389
f 2289 2389 2290
f 2290 2389 2390
f 2290 2390 2291
f 2291 2390 2391
f 2291 2391 2292
f 2292 2391 2392
f 2292 2392 2293
f 2293 2392 2393
f 2293 2393 2294
f 2294 2393 2394
f 2294 2394 2295
f 2295 2394 2395
f 2295 2395 2296
f 2296 2395 2396
f 2296 2396 2297
f 2297 2396 2397
f 2297 2397 2298
f 2298 2397 2398
f 2298 2398 2299
f 2299 2398 2399
f 2299 2399 2300
f 2300 2399 2400
f 2300 2400 2301
f 2301 2400 2401
f 2301 2401 2202
f 2202 2401 2302
f 2302 2402 2303
f 2303 2402 2403
f 2303 2403 2304
f 2304 2403 2404
f 2304 2404 2305
f 2305 2404 2405
f 2305 2405 2306
f 2306 2405 2406
f 2306 2406 2307
f 2307 2406 2407
f 2307 2407 2308
f 2308 2407 2408
f 2308 2408 2309
f 2309 2408 2409
f 2309 2409 2310
f 2310 2409 2410
f 2310 2410 2311
f 2311 2410 2411
f 2311 2411 2312
f 2312 2411 2412
f 2312 2412 2313
f 2313 2412 2413
f 2313 2413 2314
f 2314 2413 2414
f 2314 2414 2315
f 2315 2414 2415
f 2315 2415 2316
f 2316 2415 2416
f 2316 2416 2317
f 2317 2416 2417
f 2317 2417 2318
f 2318 2417 2418
f 2318 2418 2319
f 2319 2418 2419
f 2319 2419 2320
f 2320 2419 2420
f 2320 2420 2321
f 2321 2420 2421
f 2321 2421 2322
f 2322 2421 2422
f 2322 2422 2323
f 2323 2422 2423
f 2323 2423 2324
f 2324 2423 2424
f 2324 2424 2325
f 2325 2424 2425
f 2325 2425 2326
f 2326 2425 2426
f 2326 2426 2327
f 2327 2426 2427
f 2327 2427 2328
f 2328 2427 2428
f 2328 2428 2329
f 2329 2428 2429
f 2329 2429 2330
f 2330 2429 2430
f 2330 2430 2331
f 2331 2430 2431
f 2331 2431 2332
f 2332 2431 2432
f 2332 2432 2333
f 2333 2432 2433
f 2333 2433 2334
f 2334 2433 2434
f 2334 2434 2335
f 2335 2434 2435
f 2335 2435 2336
f 2336 2435 2436
f 2336 2436 2337
f 2337 2436 2437
f 2337 2437 2338
f 2338 2437 2438
f 2338 2438 2339
f 2339 2438 2439
f 2339 2439 2340
f 2340 2439 2440
f 2340 2440 2341
f 2341 2440 2441
f 2341 2441 2342
f 2342 2441 2442
f 2342 2442 2343
f 2343 2442 2443
f 2343 2443 2344
f 2344 2443 2444
f 2344 2444 2345
f 2345 2444 2445
f 2345 2445 2346
f 2346 2445 2446
f 2346 2446 2347
f 2347 2446 2447
f 2347 2447 2348
f 2348 2447 2448
f 2348 2448 2349
f 2349 2448 2449
f 2349 2449 2350
f 2350 2449 2450
f 2350 2450 2351
f 2351 2450 2451
f 2351 2451 2352
f 2352 2451 2452
f 2352 2452 2353
f 2353 2452 2453
f 2353 2453 2354
f 2354 2453 2454
f 2354 2454 2355
f 2355 2454 2455
f 2355 2455 2356
f 2356 2455 2456
f 2356 2456 2357
f 2357 2456 2457
f 2357 2457 2358
f 2358 2457 2458
f 2358 2458 2359
f 2359 2458 2459
f 2359 2459 2360
f 2360 2459 2460
f 2360 2460 2361
f 2361 2460 2461
f 2361 2461 2362
f 2362 2461 2462
f 2362 2462 2363
f 2363 2462 2463
f 2363 2463 2364
f 2364 2463 2464
f 2364 2464 2365
f 2365 2464 2465
f 2365 2465 2366
f 2366 2465 2466
f 2366 2466 2367
f 2367 2466 2467
f 2367 2467 2368
f 2368 2467 2468
f 2368 2468 2369
f 2369 2468 2469
f 2369 2469 2370
f 2370 2469 2470
f 2370 2470 2371
f 2371 2470 2471
f 2371 2471 2372
f 2372 2471 2472
f 2372 2472 2373
f 2373 2472 2473
f 2373 2473 2374
f 2374 2473 2474
f 2374 2474 2375
f 2375 2474 2475
f 2375 2475 2376
f 2376 2475 2476
f 2376 2476 2377
f 2377 2476 2477
f 2377 2477 2378
f 2378 2477 2478
f 2378 2478 2379
f 2379 2478 2479
f 2379 2479 2380
f 2380 2479 2480
f 2380 2480 2381
f 2381 2480 2481
f 2381 2481 2382
f 2382 2481 2482
f 2382 2482 2383
f 2383 2482 2483
f 2383 2483 2384
f 2384 2483 2484
f 2384 2484 2385
f 2385 2484 2485
f 2385 2485 2386
f 2386 2485 2486
f 2386 2486 2387
f 2387 2486 2487
f 2387 2487 2388
f 2388 2487 2488
f 2388 2488 2389
f 2389 2488 2489
f 2389 2489 2390
f 2390 2489 2490
f 2390 2490 2391
f 2391 2490 2491
f 2391 2491 2392
f 2392 2491 2492
f 2392 2492 2393
f 2393 2492 2493
f 2393 2493 2394
f 2394 2493 2494
f 2394 2494 2395
f 2395 2494 2495
f 2395 2495 2396
f 2396 2495 2496
f 2396 2496 2397
f 2397 2496 2497
f 2397 2497 2398
f 2398 2497 2498
f 2398 2498 2399
f 2399 2498 2499
f 2399 2499 2400
f 2400 2499 2500
f 2400 2500 2401
f 2401 2500 2501
f 2401 2501 2302
f 2302 2501 2402
f 2402 2502 2403
f 2403 2502 2503
f 2403 2503 2404
f 2404 2503 2504
f 2404 2504 2405
f 2405 2504 2505
f 2405 2505 2406
f 2406 2505 2506
f 2406 2506 2407
f 2407 2506 2507
f 2407 2507 2408
f 2408 2507 2508
f 2408 2508 2409
f 2409 2508 2509
f 2409 2509 2410
f 2410 2509 2510
f 2410 2510 2411
f 2411 2510 2511
f 2411 2511 2412
f 2412 2511 2512
f 2412 2512 2413
f 2413 2512 2513
f 2413 2513 2414
f 2414 2513 2514
f 2414 2514 2415
f 2415 2514 2515
f 2415 2515 2416
f 2416 2515 2516
f 2416 2516 2417
f 2417 2516 2517
f 2417 2517 2418
f 2418 2517 2518
f 2418 2518 2419
f 2419 2518 2519
f 2419 2519 2420
f 2420 2519 2520
f 2420 2520 2421
f 2421 2520 2521
f 2421 2521 2422
f 2422 2521 2522
f 2422 2522 2423
f 2423 2522 2523
f 2423 2523 2424
f 2424 2523 2524
f 2424 2524 2425
f 2425 2524 2525
f 2425 2525 2426
f 2426 2525 2526
f 2426 2526 2427
f 2427 2526 2527
f 2427 2527 2428
f 2428 2527 2528
f 2428 2528 2429
f 2429 2528 2529
f 2429 2529 2430
f 2430 2529 2530
f 2430 2530 2431
f 2431 2530 2531
f 2431 2531 2432
f 2432 2531 2532
f 2432 2532 2433
f 2433 2532 2533
f 2433 2533 2434
f 2434 2533 2534
f 2434 2534 2435
f 2435 2534 2535
f 2435 2535 2436
f 2436 2535 2536
f 2436 2536 2437
f 2437 2536 2537
f 2437 2537 2438
f 2438 2537 2538
f 2438 2538 2439
f 2439 2538 2539
f 2439 2539 2440
f 2440 2539 2540
f 2440 2540 2441
f 2441 2540 2541
f 2441 2541 2442
f 2442 2541 2542
f 2442 2542 2443
f 2443 2542 2543
f 2443 2543 2444
f 2444 2543 2544
f 2444 2544 2445
f 2445 2544 2545
f 2445 2545 2446
f 2446 2545 2546
f 2446 2546 2447
f 2447 2546 2547
f 2447 2547 2448
f 2448 2547 2548
f 2448 2548 2449
f 2449 2548 2549
f 2449 2549 2450
f 2450 2549 2550
f 2450 2550 2451
f 2451 2550 2551
f 2451 2551 2452
f 2452 2551 2552
f 2452 2552 2453
f 2453 2552 2553
f 2453 2553 2454
f 2454 2553 2554
f 2454 2554 2455
f 2455 2554 2555
f 2455 2555 2456
f 2456 2555 2556
f 2456 2556 2457
f 2457 2556 2557
f 2457 2557 2458
f 2458 2557 2558
f 2458 2558 2459
f 2459 2558 2559
f 2459 2559 2460
f 2460 2559 2560
f 2460 2560 2461
f 2461 2560 2561
f 2461 2561 2462
f 2462 2561 2562
f 2462 2562 2463
f 2463 2562 2563
f 2463 2563 2464
f 2464 2563 2564
f 2464 2564 2465
f 2465 2564 2565
f 2465 2565 2466
f 2466 2565 2566
f 2466 2566 2467
f 2467 2566 2567
f 2467 2567 2468
f 2468 2567 2568
f 2468 2568 2469
f 2469 2568 2569
f 2469 2569 2470
f 2470 2569 2570
f 2470 2570 2471
f 2471 2570 2571
f 2471 2571 2472
f 2472 2571 2572
f 2472 2572 2473
f 2473 2572 2573
f 2473 2573 2474
f 2474 2573 2574
f 2474 2574 2475
f 2475 2574 2575
f 2475 2575 2476
f 2476 2575 2576
f 2476 2576 2477
f 2477 2576 2577
f 2477 2577 2478
f 2478 2577 2578
f 2478 2578 2479
f 2479 2578 2579
f 2479 2579 2480
f 2480 2579 2580
f 2480 2580 2481
f 2481 2580 2581
f 2481 2581 2482
f 2482 2581 2582
f 2482 2582 2483
f 2483 2582 2583
f 2483 2583 2484
f 2484 2583 2584
f 2484 2584 2485
f 2485 2584 2585
f 2485 2585 2486
f 2486 2585 2586
f 2486 2586 2487
f 2487 2586 2587
f 2487 2587 2488
f 2488 2587 2588
f 2488 2588 2489
f 2489 2588 2589
f 2489 2589 2490
f 2490 2589 2590
f 2490 2590 2491
f 2491 2590 2591
f 2491 2591 2492
f 2492 2591 2592
f 2492 2592 2493
f 2493 2592 2593
f 2493 2593 2494
f 2494 2593 2594
f 2494 2594 2495
f 2495 2594 2595
f 2495 2595 2496
f 2496 2595 2596
f 2496 2596 2497
f 2497 2596 2597
f 2497 2597 2498
f 2498 2597 2598
f 2498 2598 2499
f 2499 2598 2599
f 2499 2599 2500
f 2500 2599 2600
f 2500 2600 2501
f 2501 2600 2601
f 2501 2601 2402
f 2402 2601 2502
f 2502 2602 2503
f 2503 2602 2603
f 2503 2603 2504
f 2504 2603 2604
f 2504 2604 2505
f 2505 2604 2605
f 2505 2605 2506
f 2506 2605 2606
f 2506 2606 2507
f 2507 2606 2607
f 2507 2607 2508
f 2508 2607 2608
f 2508 2608 2509
f 2509 2608 2609
f 2509 2609 2510
f 2510 2609 2610
f 2510 2610 2511
f 2511 2610 2611
f 2511 2611 2512
f 2512 2611 2612
f 2512 2612 2513
f 2513 2612 2613
f 2513 2613 2514
f 2514 2613 2614
f 2514 2614 2515
f 2515 2614 2615
f 2515 2615 2516
f 2516 2615 2616
f 2516 2616 2517
f 2517 2616 2617
f 2517 2617 2518
f 2518 2617 2618
f 2518 2618 2519
f 2519 2618 2619
f 2519 2619 2520
f 2520 2619 2620
f 2520 2620 2521
f 2521 2620 2621
f 2521 2621 2522
f 2522 2621 2622
f 2522 2622 2523
f 2523 2622 2623
f 2523 2623 2524
f 2524 2623 2624
f 2524 2624 2525
f 2525 2624 2625
f 2525 2625 2526
f 2526 2625 2626
f 2526 2626 2527
f 2527 2626 2627
f 2527 2627 2528
f 2528 2627 2628
f 2528 2628 2529
f 2529 2628 2629
f 2529 2629 2530
f 2530 2629 2630
f 2530 2630 2531
f 2531 2630 2631
f 2531 2631 2532
f 2532 2631 2632
f 2532 2632 2533
f 2533 2632 2633
f 2533 2633 2534
f 2534 2633 2634
f 2534 2634 2535
f 2535 2634 2635
f 2535 2635 2536
f 2536 2635 2636
f 2536 2636 2537
f 2537 2636 2637
f 2537 2637 2538
f 2538 2637 2638
f 2538 2638 2539
f 2539 2638 2639
f 2539 2639 2540
f 2540 2639 2640
f 2540 2640 2541
f 2541 2640 2641
f 2541 2641 2542
f 2542 2641 2642
f 2542 2642 2543
f 2543 2642 2643
f 2543 2643 2544
f 2544 2643 2644
f 2544 2644 2545
f 2545 2644 2645
f 2545 2645 2546
f 2546 2645 2646
f 2546 2646 2547
f 2547 2646 2647
f 2547 2647 2548
f 2548 2647 2648
f 2548 2648 2549
f 2549 2648 2649
f 2549 2649 2550
f 2550 2649 2650
f 2550 2650 2551
f 2551 2650 2651
f 2551 2651 2552
f 2552 2651 2652
f 2552 2652 2553
f 2553 2652 2653
f 2553 2653 2554
f 2554 2653 2654
f 2554 2654 2555
f 2555 2654 2655
f 2555 2655 2556
f 2556 2655 2656
f 2556 2656 2557
f 2557 2656 2657
f 2557 2657 2558
f 2558 2657 2658
f 2558 2658 2559
f 2559 2658 2659
f 2559 2659 2560
f 2560 2659 2660
f 2560 2660 2561
f 2561 2660 2661
f 2561 2661 2562
f 2562 2661 2662
f 2562 2662 2563
f 2563 2662 2663
f 2563 2663 2564
f 2564 2663 2664
f 2564 2664 2565
f 2565 2664 2665
f 2565 2665 2566
f 2566 2665 2666
f 2566 2666 2567
f 2567 2666 2667
f 2567 2667 2568
f 2568 2667 2668
f 2568 2668 2569
f 2569 2668 2669
f 2569 2669 2570
f 2570 2669 2670
f 2570 2670 2571
f 2571 2670 2671
f 2571 2671 2572
f 2572 2671 2672
f 2572 2672 2573
f 2573 2672 2673
f 2573 2673 2574
f 2574 2673 2674
f 2574 2674 2575
f 2575 2674 2675
f 2575 2675 2576
f 2576 2675 2676
f 2576 2676 2577
f 2577 2676 2677
f 2577 2677 2578
f 2578 2677 2678
f 2578 2678 2579
f 2579 2678 2679
f 2579 2679 2580
f 2580 2679 2680
f 2580 2680 2581
f 2581 2680 2681
f 2581 2681 2582
f 2582 2681 2682
f 2582 2682 2583
f 2583 2682 2683
f 2583 2683 2584
f 2584 2683 2684
f 2584 2684 2585
f 2585 2684 2685
f 2585 2685 2586
f 2586 2685 2686
f 2586 2686 2587
f 2587 2686 2687
f 2587 2687 2588
f 2588 2687 2688
f 2588 2688 2589
f 2589 2688 2689
f 2589 2689 2590
f 2590 2689 2690
f 2590 2690 2591
f 2591 2690 2691
f 2591 2691 2592
f 2592 2691 2692
f 2592 2692 2593
f 2593 2692 2693
f 2593 2693 2594
f 2594 2693 2694
f 2594 2694 2595
f 2595 2694 2695
f 2595 2695 2596
f 2596 2695 2696
f 2596 2696 2597
f 2597 2696 2697
f 2597 2697 2598
f 2598 2697 2698
f 2598 2698 2599
f 2599 2698 2699
f 2599 2699 2600
f 2600 2699 2700
f 2600 2700 2601
f 2601 2700 2701
f 2601 2701 2502
f 2502 2701 2602
f 2602 2702 2603
f 2603 2702 2703
f 2603 2703 2604
f 2604 2703 2704
f 2604 2704 2605
f 2605 2704 2705
f 2605 2705 2606
f 2606 2705 2706
f 2606 2706 2607
f 2607 2706 2707
f 2607 2707 2608
f 2608 2707 2708
f 2608 2708 2609
f 2609 2708 2709
f 2609 2709 2610
f 2610 2709 2710
f 2610 2710 2611
f 2611 2710 2711
f 2611 2711 2612
f 2612 2711 2712
f 2612 2712 2613
f 2613 2712 2713
f 2613 2713 2614
f 2614 2713 2714
f 2614 2714 2615
f 2615 2714 2715
f 2615 2715 2616
f 2616 2715 2716
f 2616 2716 2617
f 2617 2716 2717
f 2617 2717 2618
f 2618 2717 2718
f 2618 2718 2619
f 2619 2718 2719
f 2619 2719 2620
f 2620 2719 2720
f 2620 2720 2621
f 2621 2720 2721
f 2621 2721 2622
f 2622 2721 2722
f 2622 2722 2623
f 2623 2722 2723
f 2623 2723 2624
f 2624 2723 2724
f 2624 2724 2625
f 2625 2724 2725
f 2625 2725 2626
f 2626 2725 2726
f 2626 2726 2627
f 2627 2726 2727
f 2627 2727 2628
f 2628 2727 2728
f 2628 2728 2629
f 2629 2728 2729
f 2629 2729 2630
f 2630 2729 2730
f 2630 2730 2631
f 2631 2730 2731
f 2631 2731 2632
f 2632 2731 2732
f 2632 2732 2633
f 2633 2732 2733
f 2633 2733 2634
f 2634 2733 2734
f 2634 2734 2635
f 2635 2734 2735
f 2635 2735 2636
f 2636 2735 2736
f 2636 2736 2637
f 2637 2736 2737
f 2637 2737 2638
f 2638 2737 2738
f 2638 2738 2639
f 2639 2738 2739
f 2639 2739 2640
f 2640 2739 2740
f 2640 2740 2641
f 2641 2740 2741
f 2641 2741 2642
f 2642 2741 2742
f 2642 2742 2643
f 2643 2742 2743
f 2643 2743 2644
f 2644 2743 2744
f 2644 2744 2645
f 2645 2744 2745
f 2645 2745 2646
f 2646 2745 2746
f 2646 2746 2647
f 2647 2746 2747
f 2647 2747 2648
f 2648 2747 2748
f 2648 2748 2649
f 2649 2748 2749
f 2649 2749 2650
f 2650 2749 2750
f 2650 2750 2651
f 2651 2750 2751
f 2651 2751 2652
f 2652 2751 2752
f 2652 2752 2653
f 2653 2752 2753
f 2653 2753 2654
f 2654 2753 2754
f 2654 2754 2655
f 2655 2754 2755
f 2655 2755 2656
f 2656 2755 2756
f 2656 2756 2657
f 2657 2756 2757
f 2657 2757 2658
f 2658 2757 2758
f 2658 2758 2659
f 2659 2758 2759
f 2659 2759 2660
f 2660 2759 2760
f 2660 2760 2661
f 2661 2760 2761
f 2661 2761 2662
f 2662 2761 2762
f 2662 2762 2663
f 2663 2762 2763
f 2663 2763 2664
f 2664 2763 2764
f 2664 2764 2665
f 2665 2764 2765
f 2665 2765 2666
f 2666 2765 2766
f 2666 2766 2667
f 2667 2766 2767
f 2667 2767 2668
f 2668 2767 2768
f 2668 2768 2669
f 2669 2768 2769
f 2669 2769 2670
f 2670 2769 2770
f 2670 2770 2671
f 2671 2770 2771
f 2671 2771 2672
f 2672 2771 2772
f 2672 2772 2673
f 2673 2772 2773
f 2673 2773 2674
f 2674 2773 2774
f 2674 2774 2675
f 2675 2774 2775
f 2675 2775 2676
f 2676 2775 2776
f 2676 2776 2677
f 2677 2776 2777
f 2677 2777 2678
f 2678 2777 2778
f 2678 2778 2679
f 2679 2778 2779
f 2679 2779 2680
f 2680 2779 2780
f 2680 2780 2681
f 2681 2780 2781
f 2681 2781 2682
f 2682 2781 2782
f 2682 2782 2683
f 2683 2782 2783
f 2683 2783 2684
f 2684 2783 2784
f 2684 2784 2685
f 2685 2784 2785
f 2685 2785 2686
f 2686 2785 2786
f 2686 2786 2687
f 2687 2786 2787
f 2687 2787 2688
f 2688 2787 2788
f 2688 2788 2689
f 2689 2788 2789
f 2689 2789 2690
f 2690 2789 2790
f 2690 2790 2691
f 2691 2790 2791
f 2691 2791 2692
f 2692 2791 2792
f 2692 2792 2693
f 2693 2792 2793
f 2693 2793 2694
f 2694 2793 2794
f 2694 2794 2695
f 2695 2794 2795
f 2695 2795 2696
f 2696 2795 2796
f 2696 2796 2697
f 2697 2796 2797
f 2697 2797 2698
f 2698 2797 2798
f 2698 2798 2699
f 2699 2798 2799
f 2699 2799 2700
f 2700 2799 2800
f 2700 2800 2701
f 2701 2800 2801
f 2701 2801 2602
f 2602 2801 2702
f 2702 2802 2703
f 2703 2802 2803
f 2703 2803 2704
f 2704 2803 2804
f 2704 2804 2705
f 2705 2804 2805
f 2705 2805 2706
f 2706 2805 2806
f 2706 2806 2707
f 2707 2806 2807
f 2707 2807 2708
f 2708 2807 2808
f 2708 2808 2709
f 2709 2808 2809
f 2709 2809 2710
f 2710 2809 2810
f 2710 2810 2711
f 2711 2810 2811
f 2711 2811 2712
f 2712 2811 2812
f 2712 2812 2713
f 2713 2812 2813
f 2713 2813 2714
f 2714 2813 2814
f 2714 2814 2715
f 2715 2814 2815
f 2715 2815 2716
f 2716 2815 2816
f 2716 2816 2717
f 2717 2816 2817
f 2717 2817 2718
f 2718 2817 2818
f 2718 2818 2719
f 2719 2818 2819
f 2719 2819 2720
f 2720 2819 2820
f 2720 2820 2721
f 2721 2820 2821
f 2721 2821 2722
f 2722 2821 2822
f 2722 2822 2723
f 2723 2822 2823
f 2723 2823 2724
f 2724 2823 2824
f 2724 2824 2725
f 2725 2824 2825
f 2725 2825 2726
f 2726 2825 2826
f 2726 2826 2727
f 2727 2826 2827
f 2727 2827 2728
f 2728 2827 2828
f 2728 2828 2729
f 2729 2828 2829
f 2729 2829 2730
f 2730 2829 2830
f 2730 2830 2731
f 2731 2830 2831
f 2731 2831 2732
f 2732 2831 2832
f 2732 2832 2733
f 2733 2832 2833
f 2733 2833 2734
f 2734 2833 2834
f 2734 2834 2735
f 2735 2834 2835
f 2735 2835 2736
f 2736 2835 2836
f 2736 2836 2737
f 2737 2836 2837
f 2737 2837 2738
f 2738 2837 2838
f 2738 2838 2739
f 2739 2838 2839
f 2739 2839 2740
f 2740 2839 2840
f 2740 2840 2741
f 2741 2840 2841
f 2741 2841 2742
f 2742 2841 2842
f 2742 2842 2743
f 2743 2842 2843
f 2743 2843 2744
f 2744 2843 2844
f 2744 2844 2745
f 2745 2844 2845
f 2745 2845 2746
f 2746 2845 2846
f 2746 2846 2747
f 2747 2846 2847
f 2747 2847 2748
f 2748 2847 2848
f 2748 2848 2749
f 2749 2848 2849
f 2749 2849 2750
f 2750 2849 2850
f 2750 2850 2751
f 2751 2850 2851
f 2751 2851 2752
f 2752 2851 2852
f 2752 2852 2753
f 2753 2852 2853
f 2753 2853 2754
f 2754 2853 2854
f 2754 2854 2755
f 2755 2854 2855
f 2755 2855 2756
f 2756 2855 2856
f 2756 2856 2757
f 2757 2856 2857
f 2757 2857 2758
f 2758 2857 2858
f 2758 2858 2759
f 2759 2858 2859
f 2759 2859 2760
f 2760 2859 2860
f 2760 2860 2761
f 2761 2860 2861
f 2761 2861 2762
f 2762 2861 2862
f 2762 2862 2763
f 2763 2862 2863
f 2763 2863 2764
f 2764 2863 2864
f 2764 2864 2765
f 2765 2864 2865
f 2765 2865 2766
f 2766 2865 2866
f 2766 2866 2767
f 2767 2866 2867
f 2767 2867 2768
f 2768 2867 2868
f 2768 2868 2769
f 2769 2868 2869
f 2769 2869 2770
f 2770 2869 2870
f 2770 2870 2771
f 2771 2870 2871
f 2771 2871 2772
f 2772 2871 2872
f 2772 2872 2773
f 2773 2872 2873
f 2773 2873 2774
f 2774 2873 2874
f 2774 2874 2775
f 2775 2874 2875
f 2775 2875 2776
f 2776 2875 2876
f 2776 2876 2777
f 2777 2876 2877
f 2777 2877 2778
f 2778 2877 2878
f 2778 2878 2779
f 2779 2878 2879
f 2779 2879 2780
f 2780 2879 2880
f 2780 2880 2781
f 2781 2880 2881
f 2781 2881 2782
f 2782 2881 2882
f 2782 2882 2783
f 2783 2882 2883
f 2783 2883 2784
f 2784 2883 2884
f 2784 2884 2785
f 2785 2884 2885
f 2785 2885 2786
f 2786 2885 2886
f 2786 2886 2787
f 2787 2886 2887
f 2787 2887 2788
f 2788 2887 2888
f 2788 2888 2789
f 2789 2888 2889
f 2789 2889 2790
f 2790 2889 2890
f 2790 2890 2791
f 2791 2890 2891
f 2791 2891 2792
f 2792 2891 2892
f 2792 2892 2793
f 2793 2892 2893
f 2793 2893 2794
f 2794 2893 2894
f 2794 2894 2795
f 2795 2894 2895
f 2795 2895 2796
f 2796 2895 2896
f 2796 2896 2797
f 2797 2896 2897
f 2797 2897 2798
f 2798 2897 2898
f 2798 2898 2799
f 2799 2898 2899
f 2799 2899 2800
f 2800 2899 2900
f 2800 2900 2801
f 2801 2900 2901
f 2801 2901 2702
f 2702 2901 2802
f 2802 2902 2803
f 2803 2902 2903
f 2803 2903 2804
f 2804 2903 2904
f 2804 2904 2805
f 2805 2904 2905
f 2805 2905 2806
f 2806 2905 2906
f 2806 2906 2807
f 2807 2906 2907
f 2807 2907 2808
f 2808 2907 2908
f 2808 2908 2809
f 2809 2908 2909
f 2809 2909 2810
f 2810 2909 2910
f 2810 2910 2811
f 2811 2910 2911
f 2811 2911 2812
f 2812 2911 2912
f 2812 2912 2813
f 2813 2912 2913
f 2813 2913 2814
f 2814 2913 2914
f 2814 2914 2815
f 2815 2914 2915
f 2815 2915 2816
f 2816 2915 2916
f 2816 2916 2817
f 2817 2916 2917
f 2817 2917 2818
f 2818 2917 2918
f 2818 2918 2819
f 2819 2918 2919
f 2819 2919 2820
f 2820 2919 2920
f 2820 2920 2821
f 2821 2920 2921
f 2821 2921 2822
f 2822 2921 2922
f 2822 2922 2823
f 2823 2922 2923
f 2823 2923 2824
f 2824 2923 2924
f 2824 2924 2825
f 2825 2924 2925
f 2825 2925 2826
f 2826 2925 2926
f 2826 2926 2827
f 2827 2926 2927
f 2827 2927 2828
f 2828 2927 2928
f 2828 2928 2829
f 2829 2928 2929
f 2829 2929 2830
f 2830 2929 2930
f 2830 2930 2831
f 2831 2930 2931
f 2831 2931 2832
f 2832 2931 2932
f 2832 2932 2833
f 2833 2932 2933
f 2833 2933 2834
f 2834 2933 2934
f 2834 2934 2835
f 2835 2934 2935
f 2835 2935 2836
f 2836 2935 2936
f 2836 2936 2837
f 2837 2936 2937
f 2837 2937 2838
f 2838 2937 2938
f 2838 2938 2839
f 2839 2938 2939
f 2839 2939 2840
f 2840 2939 2940
f 2840 2940 2841
f 2841 2940 2941
f 2841 2941 2842
f 2842 2941 2942
f 2842 2942 2843
f 2843 2942 2943
f 2843 2943 2844
f 2844 2943 2944
f 2844 2944 2845
f 2845 2944 2945
f 2845 2945 2846
f 2846 2945 2946
f 2846 2946 2847
f 2847 2946 2947
f 2847 2947 2848
f 2848 2947 2948
f 2848 2948 2849
f 2849 2948 2949
f 2849 2949 2850
f 2850 2949 2950
f 2850 2950 2851
f 2851 2950 2951
f 2851 2951 2852
f 2852 2951 2952
f 2852 2952 2853
f 2853 2952 2953
f 2853 2953 2854
f 2854 2953 2954
f 2854 2954 2855
f 2855 2954 2955
f 2855 2955 2856
f 2856 2955 2956
f 2856 2956 2857
f 2857 2956 2957
f 2857 2957 2858
f 2858 2957 2958
f 2858 2958 2859
f 2859 2958 2959
f 2859 2959 2860
f 2860 2959 2960
f 2860 2960 2861
f 2861 2960 2961
f 2861 2961 2862
f 2862 2961 2962
f 2862 2962 2863
f 2863 2962 2963
f 2863 2963 2864
f 2864 2963 2964
f 2864 2964 2865
f 2865 2964 2965
f 2865 2965 2866
f 2866 2965 2966
f 2866 2966 2867
f 2867 2966 2967
f 2867 2967 2868
f 2868 2967 2968
f 2868 2968 2869
f 2869 2968 2969
f 2869 2969 2870
f 2870 2969 2970
f 2870 2970 2871
f 2871 2970 2971
f 2871 2971 2872
f 2872 2971 2972
f 2872 2972 2873
f 2873 2972 2973
f 2873 2973 2874
f 2874 2973 2974
f 2874 2974 2875
f 2875 2974 2975
f 2875 2975 2876
f 2876 2975 2976
f 2876 2976 2877
f 2877 2976 2977
f 2877 2977 2878
f 2878 2977 2978
f 2878 2978 2879
f 2879 2978 2979
f 2879 2979 2880
f 2880 2979 2980
f 2880 2980 2881
f 2881 2980 2981
f 2881 2981 2882
f 2882 2981 2982
f 2882 2982 2883
f 2883 2982 2983
f 2883 2983 2884
f 2884 2983 2984
f 2884 2984 2885
f 2885 2984 2985
f 2885 2985 2886
f 2886 2985 2986
f 2886 2986 2887
f 2887 2986 2987
f 2887 2987 2888
f 2888 2987 2988
f 2888 2988 2889
f 2889 2988 2989
f 2889 2989 2890
f 2890 2989 2990
f 2890 2990 2891
f 2891 2990 2991
f 2891 2991 2892
f 2892 2991 2992
f 2892 2992 2893
f 2893 2992 2993
f 2893 2993 2894
f 2894 2993 2994
f 2894 2994 2895
f 2895 2994 2995
f 2895 2995 2896
f 2896 2995 2996
f 2896 2996 2897
f 2897 2996 2997
f 2897 2997 2898
f 2898 2997 2998
f 2898 2998 2899
f 2899 2998 2999
f 2899 2999 2900
f 2900 2999 3000
f 2900 3000 2901
f 2901 3000 3001
f 2901 3001 2802
f 2802 3001 2902
f 2902 3002 2903
f 2903 3002 3003
f 2903 3003 2904
f 2904 3003 3004
f 2904 3004 2905
f 2905 3004 3005
f 2905 3005 2906
f 2906 3005 3006
f 2906 3006 2907
f 2907 3006 3007
f 2907 3007 2908
f 2908 3007 3008
f 2908 3008 2909
f 2909 3008 3009
f 2909 3009 2910
f 2910 3009 3010
f 2910 3010 2911
f 2911 3010 3011
f 2911 3011 2912
f 2912 3011 3012
f 2912 3012 2913
f 2913 3012 3013
f 2913 3013 2914
f 2914 3013 3014
f 2914 3014 2915
f 2915 3014 3015
f 2915 3015 2916
f 2916 3015 3016
f 2916 3016 2917
f 2917 3016 3017
f 2917 3017 2918
f 2918 3017 3018
f 2918 3018 2919
f 2919 3018 3019
f 2919 3019 2920
f 2920 3019 3020
f 2920 3020 2921
f 2921 3020 3021
f 2921 3021 2922
f 2922 3021 3022
f 2922 3022 2923
f 2923 3022 3023
f 2923 3023 2924
f 2924 3023 3024
f 2924 3024 2925
f 2925 3024 3025
f 2925 3025 2926
f 2926 3025 3026
f 2926 3026 2927
f 2927 3026 3027
f 2927 3027 2928
f 2928 3027 3028
f 2928 3028 2929
f 2929 3028 3029
f 2929 3029 2930
f 2930 3029 3030
f 2930 3030 2931
f 2931 3030 3031
f 2931 3031 2932
f 2932 3031 3032
f 2932 3032 2933
f 2933 3032 3033
f 2933 3033 2934
f 2934 3033 3034
f 2934 3034 2935
f 2935 3034 3035
f 2935 3035 2936
f 2936 3035 3036
f 2936 3036 2937
f 2937 3036 3037
f 2937 3037 2938
f 2938 3037 3038
f 2938 3038 2939
f 2939 3038 3039
f 2939 3039 2940
f 2940 3039 3040
f 2940 3040 2941
f 2941 3040 3041
f 2941 3041 2942
f 2942 3041 3042
f 2942 3042 2943
f 2943 3042 3043
f 2943 3043 2944
f 2944 3043 3044
f 2944 3044 2945
f 2945 3044 3045
f 2945 3045 2946
f 2946 3045 3046
f 2946 3046 2947
f 2947 3046 3047
f 2947 3047 2948
f 2948 3047 3048
f 2948 3048 2949
f 2949 3048 3049
f 2949 3049 2950
f 2950 3049 3050
f 2950 3050 2951
f 2951 3050 3051
f 2951 3051 2952
f 2952 3051 3052
f 2952 3052 2953
f 2953 3052 3053
f 2953 3053 2954
f 2954 3053 3054
f 2954 3054 2955
f 2955 3054 3055
f 2955 3055 2956
f 2956 3055 3056
f 2956 3056 2957
f 2957 3056 3057
f 2957 3057 2958
f 2958 3057 3058
f 2958 3058 2959
f 2959 3058 3059
f 2959 3059 2960
f 2960 3059 3060
f 2960 3060 2961
f 2961 3060 3061
f 2961 3061 2962
f 2962 3061 3062
f 2962 3062 2963
f 2963 3062 3063
f 2963 3063 2964
f 2964 3063 3064
f 2964 3064 2965
f 2965 3064 3065
f 2965 3065 2966
f 2966 3065 3066
f 2966 3066 2967
f 2967 3066 3067
f 2967 3067 2968
f 2968 3067 3068
f 2968 3068 2969
f 2969 3068 3069
f 2969 3069 2970
f 2970 3069 3070
f 2970 3070 2971
f 2971 3070 3071
f 2971 3071 2972
f 2972 3071 3072
f 2972 3072 2973
f 2973 3072 3073
f 2973 3073 2974
f 2974 3073 3074
f 2974 3074 2975
f 2975 3074 3075
f 2975 3075 2976
f 2976 3075 3076
f 2976 3076 2977
f 2977 3076 3077
f 2977 3077 2978
f 2978 3077 3078
f 2978 3078 2979
f 2979 3078 3079
f 2979 3079 2980
f 2980 3079 3080
f 2980 3080 2981
f 2981 3080 3081
f 2981 3081 2982
f 2982 3081 3082
f 2982 3082 2983
f 2983 3082 3083
f 2983 3083 2984
f 2984 3083 3084
f 2984 3084 2985
f 2985 3084 3085
f 2985 3085 2986
f 2986 3085 3086
f 2986 3086 2987
f 2987 3086 3087
f 2987 3087 2988
f 2988 3087 3088
f 2988 3088 2989
f 2989 3088 3089
f 2989 3089 2990
f 2990 3089 3090
f 2990 3090 2991
f 2991 3090 3091
f 2991 3091 2992
f 2992 3091 3092
f 2992 3092 2993
f 2993 3092 3093
f 2993 3093 2994
f 2994 3093 3094
f 2994 3094 2995
f 2995 3094 3095
f 2995 3095 2996
f 2996 3095 3096
f 2996 3096 2997
f 2997 3096 3097
f 2997 3097 2998
f 2998 3097 3098
f 2998 3098 2999
f 2999 3098 3099
f 2999 3099 3000
f 3000 3099 3100
f 3000 3100 3001
f 3001 3100 3101
f 3001 3101 2902
f 2902 3101 3002
f 3002 3102 3003
f 3003 3102 3103
f 3003 3103 3004
f 3004 3103 3104
f 3004 3104 3005
f 3005 3104 3105
f 3005 3105 3006
f 3006 3105 3106
f 3006 3106 3007
f 3007 3106 3107
f 3007 3107 3008
f 3008 3107 3108
f 3008 3108 3009
f 3009 3108 3109
f 3009 3109 3010
f 3010 3109 3110
f 3010 3110 3011
f 3011 3110 3111
f 3011 3111 3012
f 3012 3111 3112
f 3012 3112 3013
f 3013 3112 3113
f 3013 3113 3014
f 3014 3113 3114
f 3014 3114 3015
f 3015 3114 3115
f 3015 3115 3016
f 3016 3115 3116
f 3016 3116 3017
f 3017 3116 3117
f 3017 3117 3018
f 3018 3117 3118
f 3018 3118 3019
f 3019 3118 3119
f 3019 3119 3020
f 3020 3119 3120
f 3020 3120 3021
f 3021 3120 3121
f 3021 3121 3022
f 3022 3121 3122
f 3022 3122 3023
f 3023 3122 3123
f 3023 3123 3024
f 3024 3123 3124
f 3024 3124 3025
f 3025 3124 3125
f 3025 3125 3026
f 3026 3125 3126
f 3026 3126 3027
f 3027 3126 3127
f 3027 3127 3028
f 3028 3127 3128
f 3028 3128 3029
f 3029 3128 3129
f 3029 3129 3030
f 3030 3129 3130
f 3030 3130 3031
f 3031 3130 3131
f 3031 3131 3032
f 3032 3131 3132
f 3032 3132 3033
f 3033 3132 3133
f 3033 3133 3034
f 3034 3133 3134
f 3034 3134 3035
f 3035 3134 3135
f 3035 3135 3036
f 3036 3135 3136
f 3036 3136 3037
f 3037 3136 3137
f 3037 3137 3038
f 3038 3137 3138
f 3038 3138 3039
f 3039 3138 3139
f 3039 3139 3040
f 3040 3139 3140
f 3040 3140 3041
f 3041 3140 3141
f 3041 3141 3042
f 3042 3141 3142
f 3042 3142 3043
f 3043 3142 3143
f 3043 3143 3044
f 3044 3143 3144
f 3044 3144 3045
f 3045 3144 3145
f 3045 3145 3046
f 3046 3145 3146
f 3046 3146 3047
f 3047 3146 3147
f 3047 3147 3048
f 3048 3147 3148
f 3048 3148 3049
f 3049 3148 3149
f 3049 3149 3050
f 3050 3149 3150
f 3050 3150 3051
f 3051 3150 3151
f 3051 3151 3052
f 3052 3151 3152
f 3052 3152 3053
f 3053 3152 3153
f 3053 3153 3054
f 3054 3153 3154
f 3054 3154 3055
f 3055 3154 3155
f 3055 3155 3056
f 3056 3155 3156
f 3056 3156 3057
f 3057 3156 3157
f 3057 3157 3058
f 3058 3157 3158
f 3058 3158 3059
f 3059 3158 3159
f 3059 3159 3060
f 3060 3159 3160
f 3060 3160 3061
f 3061 3160 3161
f 3061 3161 3062
f 3062 3161 3162
f 3062 3162 3063
f 3063 3162 3163
f 3063 3163 3064
f 3064 3163 3164
f 3064 3164 3065
f 3065 3164 3165
f 3065 3165 3066
f 3066 3165 3166
f 3066 3166 3067
f 3067 3166 3167
f 3067 3167 3068
f 3068 3167 3168
f 3068 3168 3069
f 3069 3168 3169
f 3069 3169 3070
f 3070 3169 3170
f 3070 3170 3071
f 3071 3170 3171
f 3071 3171 3072
f 3072 3171 3172
f 3072 3172 3073
f 3073 3172 3173
f 3073 3173 3074
f 3074 3173 3174
f 3074 3174 3075
f 3075 3174 3175
f 3075 3175 3076
f 3076 3175 3176
f 3076 3176 3077
f 3077 3176 3177
f 3077 3177 3078
f 3078 3177 3178
f 3078 3178 3079
f 3079 3178 3179
f 3079 3179 3080
f 3080 3179 3180
f 3080 3180 3081
f 3081 3180 3181
f 3081 3181 3082
f 3082 3181 3182
f 3082 3182 3083
f 3083 3182 3183
f 3083 3183 3084
f 3084 3183 3184
f 3084 3184 3085
f 3085 3184 3185
f 3085 3185 3086
f 3086 3185 3186
f 3086 3186 3087
f 3087 3186 3187
f 3087 3187 3088
f 3088 3187 3188
f 3088 3188 3089
f 3089 3188 3189
f 3089 3189 3090
f 3090 3189 3190
f 3090 3190 3091
f 3091 3190 3191
f 3091 3191 3092
f 3092 3191 3192
f 3092 3192 3093
f 3093 3192 3193
f 3093 3193 3094
f 3094 3193 3194
f 3094 3194 3095
f 3095 3194 3195
f 3095 3195 3096
f 3096 3195 3196
f 3096 3196 3097
f 3097 3196 3197
f 3097 3197 3098
f 3098 3197 3198
f 3098 3198 3099
f 3099 3198 3199
f 3099 3199 3100
f 3100 3199 3200
f 3100 3200 3101
f 3101 3200 3201
f 3101 3201 3002
f 3002 3201 3102
f 3102 3202 3103
f 3103 3202 3203
f 3103 3203 3104
f 3104 3203 3204
f 3104 3204 3105
f 3105 3204 3205
f 3105 3205 3106
f 3106 3205 3206
f 3106 3206 3107
f 3107 3206 3207
f 3107 3207 3108
f 3108 3207 3208
f 3108 3208 3109
f 3109 3208 3209
f 3109 3209 3110
f 3110 3209 3210
f 3110 3210 3111
f 3111 3210 3211
f 3111 3211 3112
f 3112 3211 3212
f 3112 3212 3113
f 3113 3212 3213
f 3113 3213 3114
f 3114 3213 3214
f 3114 3214 3115
f 3115 3214 3215
f 3115 3215 3116
f 3116 3215 3216
f 3116 3216 3117
f 3117 3216 3217
f 3117 3217 3118
f 3118 3217 3218
f 3118 3218 3119
f 3119 3218 3219
f 3119 3219 3120
f 3120 3219 3220
f 3120 3220 3121
f 3121 3220 3221
f 3121 3221 3122
f 3122 3221 3222
f 3122 3222 3123
f 3123 3222 3223
f 3123 3223 3124
f 3124 3223 3224
f 3124 3224 3125
f 3125 3224 3225
f 3125 3225 3126
f 3126 3225 3226
f 3126 3226 3127
f 3127 3226 3227
f 3127 3227 3128
f 3128 3227 3228
f 3128 3228 3129
f 3129 3228 3229
f 3129 3229 3130
f 3130 3229 3230
f 3130 3230 3131
f 3131 3230 3231
f 3131 3231 3132
f 3132 3231 3232
f 3132 3232 3133
f 3133 3232 3233
f 3133 3233 3134
f 3134 3233 3234
f 3134 3234 3135
f 3135 3234 3235
f 3135 3235 3136
f 3136 3235 3236
f 3136 3236 3137
f 3137 3236 3237
f 3137 3237 3138
f 3138 3237 3238
f 3138 3238 3139
f 3139 3238 3239
f 3139 3239 3140
f 3140 3239 3240
f 3140 3240 3141
f 3141 3240 3241
f 3141 3241 3142
f 3142 3241 3242
f 3142 3242 3143
f 3143 3242 3243
f 3143 3243 3144
f 3144 3243 3244
f 3144 3244 3145
f 3145 3244 3245
f 3145 3245 3146
f 3146 3245 3246
f 3146 3246 3147
f 3147 3246 3247
f 3147 3247 3148
f 3148 3247 3248
f 3148 3248 3149
f 3149 3248 3249
f 3149 3249 3150
f 3150 3249 3250
f 3150 3250 3151
f 3151 3250 3251
f 3151 3251 3152
f 3152 3251 3252
f 3152 3252 3153
f 3153 3252 3253
f 3153 3253 3154
f 3154 3253 3254
f 3154 3254 3155
f 3155 3254 3255
f 3155 3255 3156
f 3156 3255 3256
f 3156 3256 3157
f 3157 3256 3257
f 3157 3257 3158
f 3158 3257 3258
f 3158 3258 3159
f 3159 3258 3259
f 3159 3259 3160
f 3160 3259 3260
f 3160 3260 3161
f 3161 3260 3261
f 3161 3261 3162
f 3162 3261 3262
f 3162 3262 3163
f 3163 3262 3263
f 3163 3263 3164
f 3164 3263 3264
f 3164 3264 3165
f 3165 3264 3265
f 3165 3265 3166
f 3166 3265 3266
f 3166 3266 3167
f 3167 3266 3267
f 3167 3267 3168
f 3168 3267 3268
f 3168 3268 3169
f 3169 3268 3269
f 3169 3269 3170
f 3170 3269 3270
f 3170 3270 3171
f 3171 3270 3271
f 3171 3271 3172
f 3172 3271 3272
f 3172 3272 3173
f 3173 3272 3273
f 3173 3273 3174
f 3174 3273 3274
f 3174 3274 3175
f 3175 3274 3275
f 3175 3275 3176
f 3176 3275 3276
f 3176 3276 3177
f 3177 3276 3277
f 3177 3277 3178
f 3178 3277 3278
f 3178 3278 3179
f 3179 3278 3279
f 3179 3279 3180
f 3180 3279 3280
f 3180 3280 3181
f 3181 3280 3281
f 3181 3281 3182
f 3182 3281 3282
f 3182 3282 3183
f 3183 3282 3283
f 3183 3283 3184
f 3184 3283 3284
f 3184 3284 3185
f 3185 3284 3285
f 3185 3285 3186
f 3186 3285 3286
f 3186 3286 3187
f 3187 3286 3287
f 3187 3287 3188
f 3188 3287 3288
f 3188 3288 3189
f 3189 3288 3289
f 3189 3289 3190
f 3190 3289 3290
f 3190 3290 3191
f 3191 3290 3291
f 3191 3291 3192
f 3192 3291 3292
f 3192 3292 3193
f 3193 3292 3293
f 3193 3293 3194
f 3194 3293 3294
f 3194 3294 3195
f 3195 3294 3295
f 3195 3295 3196
f 3196 3295 3296
f 3196 3296 3197
f 3197 3296 3297
f 3197 3297 3198
f 3198 3297 3298
f 3198 3298 3199
f 3199 3298 3299
f 3199 3299 3200
f 3200 3299 3300
f 3200 3300 3201
f 3201 3300 3301
f 3201 3301 3102
f 3102 3301 3202
f 3202 3302 3203
f 3203 3302 3303
f 3203 3303 3204
f 3204 3303 3304
f 3204 3304 3205
f 3205 3304 3305
f 3205 3305 3206
f 3206 3305 3306
f 3206 3306 3207
f 3207 3306 3307
f 3207 3307 3208
f 3208 3307 3308
f 3208 3308 3209
f 3209 3308 3309
f 3209 3309 3210
f 3210 3309 3310
f 3210 3310 3211
f 3211 3310 3311
f 3211 3311 3212
f 3212 3311 3312
f 3212 3312 3213
f 3213 3312 3313
f 3213 3313 3214
f 3214 3313 3314
f 3214 3314 3215
f 3215 3314 3315
f 3215 3315 3216
f 3216 3315 3316
f 3216 3316 3217
f 3217 3316 3317
f 3217 3317 3218
f 3218 3317 3318
f 3218 3318 3219
f 3219 3318 3319
f 3219 3319 3220
f 3220 3319 3320
f 3220 3320 3221
f 3221 3320 3321
f 3221 3321 3222
f 3222 3321 3322
f 3222 3322 3223
f 3223 3322 3323
f 3223 3323 3224
f 3224 3323 3324
f 3224 3324 3225
f 3225 3324 3325
f 3225 3325 3226
f 3226 3325 3326
f 3226 3326 3227
f 3227 3326 3327
f 3227 3327 3228
f 3228 3327 3328
f 3228 3328 3229
f 3229 3328 3329
f 3229 3329 3230
f 3230 3329 3330
f 3230 3330 3231
f 3231 3330 3331
f 3231 3331 3232
f 3232 3331 3332
f 3232 3332 3233
f 3233 3332 3333
f 3233 3333 3234
f 3234 3333 3334
f 3234 3334 3235
f 3235 3334 3335
f 3235 3335 3236
f 3236 3335 3336
f 3236 3336 3237
f 3237 3336 3337
f 3237 3337 3238
f 3238 3337 3338
f 3238 3338 3239
f 3239 3338 3339
f 3239 3339 3240
f 3240 3339 3340
f 3240 3340 3241
f 3241 3340 3341
f 3241 3341 3242
f 3242 3341 3342
f 3242 3342 3243
f 3243 3342 3343
f 3243 3343 3244
f 3244 3343 3344
f 3244 3344 3245
f 3245 3344 3345
f 3245 3345 3246
f 3246 3345 3346
f 3246 3346 3247
f 3247 3346 3347
f 3247 3347 3248
f 3248 3347 3348
f 3248 3348 3249
f 3249 3348 3349
f 3249 3349 3250
f 3250 3349 3350
f 3250 3350 3251
f 3251 3350 3351
f 3251 3351 3252
f 3252 3351 3352
f 3252 3352 3253
f 3253 3352 3353
f 3253 3353 3254
f 3254 3353 3354
f 3254 3354 3255
f 3255 3354 3355
f 3255 3355 3256
f 3256 3355 3356
f 3256 3356 3257
f 3257 3356 3357
f 3257 3357 3258
f 3258 3357 3358
f 3258 3358 3259
f 3259 3358 3359
f 3259 3359 3260
f 3260 3359 3360
f 3260 3360 3261
f 3261 3360 3361
f 3261 3361 3262
f 3262 3361 3362
f 3262 3362 3263
f 3263 3362 3363
f 3263 3363 3264
f 3264 3363 3364
f 3264 3364 3265
f 3265 3364 3365
f 3265 3365 3266
f 3266 3365 3366
f 3266 3366 3267
f 3267 3366 3367
f 3267 3367 3268
f 3268 3367 3368
f 3268 3368 3269
f 3269 3368 3369
f 3269 3369 3270
f 3270 3369 3370
f 3270 3370 3271
f 3271 3370 3371
f 3271 3371 3272
f 3272 3371 3372
f 3272 3372 3273
f 3273 3372 3373
f 3273 3373 3274
f 3274 3373 3374
f 3274 3374 3275
f 3275 3374 3375
f 3275 3375 3276
f 3276 3375 3376
f 3276 3376 3277
f 3277 3376 3377
f 3277 3377 3278
f 3278 3377 3378
f 3278 3378 3279
f 3279 3378 3379
f 3279 3379 3280
f 3280 3379 3380
f 3280 3380 3281
f 3281 3380 3381
f 3281 3381 3282
f 3282 3381 3382
f 3282 3382 3283
f 3283 3382 3383
f 3283 3383 3284
f 3284 3383 3384
f 3284 3384 3285
f 3285 3384 3385
f 3285 3385 3286
f 3286 3385 3386
f 3286 3386 3287
f 3287 3386 3387
f 3287 3387 3288
f 3288 3387 3388
f 3288 3388 3289
f 3289 3388 3389
f 3289 3389 3290
f 3290 3389 3390
f 3290 3390 3291
f 3291 3390 3391
f 3291 3391 3292
f 3292 3391 3392
f 3292 3392 3293
f 3293 3392 3393
f 3293 3393 3294
f 3294 3393 3394
f 3294 3394 3295
f 3295 3394 3395
f 3295 3395 3296
f 3296 3395 3396
f 3296 3396 3297
f 3297 3396 3397
f 3297 3397 3298
f 3298 3397 3398
f 3298 3398 3299
f 3299 3398 3399
f 3299 3399 3300
f 3300 3399 3400
f 3300 3400 3301
f 3301 3400 3401
f 3301 3401 3202
f 3202 3401 3302
f 3302 3402 3303
f 3303 3402 3403
f 3303 3403 3304
f 3304 3403 3404
f 3304 3404 3305
f 3305 3404 3405
f 3305 3405 3306
f 3306 3405 3406
f 3306 3406 3307
f 3307 3406 3407
f 3307 3407 3308
f 3308 3407 3408
f 3308 3408 3309
f 3309 3408 3409
f 3309 3409 3310
f 3310 3409 3410
f 3310 3410 3311
f 3311 3410 3411
f 3311 3411 3312
f 3312 3411 3412
f 3312 3412 3313
f 3313 3412 3413
f 3313 3413 3314
f 3314 3413 3414
f 3314 3414 3315
f 3315 3414 3415
f 3315 3415 3316
f 3316 3415 3416
f 3316 3416 3317
f 3317 3416 3417
f 3317 3417 3318
f 3318 3417 3418
f 3318 3418 3319
f 3319 3418 3419
f 3319 3419 3320
f 3320 3419 3420
f 3320 3420 3321
f 3321 3420 3421
f 3321 3421 3322
f 3322 3421 3422
f 3322 3422 3323
f 3323 3422 3423
f 3323 3423 3324
f 3324 3423 3424
f 3324 3424 3325
f 3325 3424 3425
f 3325 3425 3326
f 3326 3425 3426
f 3326 3426 3327
f 3327 3426 3427
f 3327 3427 3328
f 3328 3427 3428
f 3328 3428 3329
f 3329 3428 3429
f 3329 3429 3330
f 3330 3429 3430
f 3330 3430 3331
f 3331 3430 3431
f 3331 3431 3332
f 3332 3431 3432
f 3332 3432 3333
f 3333 3432 3433
f 3333 3433 3334
f 3334 3433 3434
f 3334 3434 3335
f 3335 3434 3435
f 3335 3435 3336
f 3336 3435 3436
f 3336 3436 3337
f 3337 3436 3437
f 3337 3437 3338
f 3338 3437 3438
f 3338 3438 3339
f 3339 3438 3439
f 3339 3439 3340
f 3340 3439 3440
f 3340 3440 3341
f 3341 3440 3441
f 3341 3441 3342
f 3342 3441 3442
f 3342 3442 3343
f 3343 3442 3443
f 3343 3443 3344
f 3344 3443 3444
f 3344 3444 3345
f 3345 3444 3445
f 3345 3445 3346
f 3346 3445 3446
f 3346 3446 3347
f 3347 3446 3447
f 3347 3447 3348
f 3348 3447 3448
f 3348 3448 3349
f 3349 3448 3449
f 3349 3449 3350
f 3350 3449 3450
f 3350 3450 3351
f 3351 3450 3451
f 3351 3451 3352
f 3352 3451 3452
f 3352 3452 3353
f 3353 3452 3453
f 3353 3453 3354
f 3354 3453 3454
f 3354 3454 3355
f 3355 3454 3455
f 3355 3455 3356
f 3356 3455 3456
f 3356 3456 3357
f 3357 3456 3457
f 3357 3457 3358
f 3358 3457 3458
f 3358 3458 3359
f 3359 3458 3459
f 3359 3459 3360
f 3360 3459 3460
f 3360 3460 3361
f 3361 3460 3461
f 3361 3461 3362
f 3362 3461 3462
f 3362 3462 3363
f 3363 3462 3463
f 3363 3463 3364
f 3364 3463 3464
f 3364 3464 3365
f 3365 3464 3465
f 3365 3465 3366
f 3366 3465 3466
f 3366 3466 3367
f 3367 3466 3467
f 3367 3467 3368
f 3368 3467 3468
f 3368 3468 3369
f 3369 3468 3469
f 3369 3469 3370
f 3370 3469 3470
f 3370 3470 3371
f 3371 3470 3471
f 3371 3471 3372
f 3372 3471 3472
f 3372 3472 3373
f 3373 3472 3473
f 3373 3473 3374
f 3374 3473 3474
f 3374 3474 3375
f 3375 3474 3475
f 3375 3475 3376
f 3376 3475 3476
f 3376 3476 3377
f 3377 3476 3477
f 3377 3477 3378
f 3378 3477 3478
f 3378 3478 3379
f 3379 3478 3479
f 3379 3479 3380
f 3380 3479 3480
f 3380 3480 3381
f 3381 3480 3481
f 3381 3481 3382
f 3382 3481 3482
f 3382 3482 3383
f 3383 3482 3483
f 3383 3483 3384
f 3384 3483 3484
f 3384 3484 3385
f 3385 3484 3485
f 3385 3485 3386
f 3386 3485 3486
f 3386 3486 3387
f 3387 3486 3487
f 3387 3487 3388
f 3388 3487 3488
f 3388 3488 3389
f 3389 3488 3489
f 3389 3489 3390
f 3390 3489 3490
f 3390 3490 3391
f 3391 3490 3491
f 3391 3491 3392
f 3392 3491 3492
f 3392 3492 3393
f 3393 3492 3493
f 3393 3493 3394
f 3394 3493 3494
f 3394 3494 3395
f 3395 3494 3495
f 3395 3495 3396
f 3396 3495 3496
f 3396 3496 3397
f 3397 3496 3497
f 3397 3497 3398
f 3398 3497 3498
f 3398 3498 3399
f 3399 3498 3499
f 3399 3499 3400
f 3400 3499 3500
f 3400 3500 3401
f 3401 3500 3501
f 3401 3501 3302
f 3302 3501 3402
f 3402 3502 3403
f 3403 3502 3503
f 3403 3503 3404
f 3404 3503 3504
f 3404 3504 3405
f 3405 3504 3505
f 3405 3505 3406
f 3406 3505 3506
f 3406 3506 3407
f 3407 3506 3507
f 3407 3507 3408
f 3408 3507 3508
f 3408 3508 3409
f 3409 3508 3509
f 3409 3509 3410
f 3410 3509 3510
f 3410 3510 3411
f 3411 3510 3511
f 3411 3511 3412
f 3412 3511 3512
f 3412 3512 3413
f 3413 3512 3513
f 3413 3513 3414
f 3414 3513 3514
f 3414 3514 3415
f 3415 3514 3515
f 3415 3515 3416
f 3416 3515 3516
f 3416 3516 3417
f 3417 3516 3517
f 3417 3517 3418
f 3418 3517 3518
f 3418 3518 3419
f 3419 3518 3519
f 3419 3519 3420
f 3420 3519 3520
f 3420 3520 3421
f 3421 3520 3521
f 3421 3521 3422
f 3422 3521 3522
f 3422 3522 3423
f 3423 3522 3523
f 3423 3523 3424
f 3424 3523 3524
f 3424 3524 3425
f 3425 3524 3525
f 3425 3525 3426
f 3426 3525 3526
f 3426 3526 3427
f 3427 3526 3527
f 3427 3527 3428
f 3428 3527 3528
f 3428 3528 3429
f 3429 3528 3529
f 3429 3529 3430
f 3430 3529 3530
f 3430 3530 3431
f 3431 3530 3531
f 3431 3531 3432
f 3432 3531 3532
f 3432 3532 3433
f 3433 3532 3533
f 3433 3533 3434
f 3434 3533 3534
f 3434 3534 3435
f 3435 3534 3535
f 3435 3535 3436
f 3436 3535 3536
f 3436 3536 3437
f 3437 3536 3537
f 3437 3537 3438
f 3438 3537 3538
f 3438 3538 3439
f 3439 3538 3539
f 3439 3539 3440
f 3440 3539 3540
f 3440 3540 3441
f 3441 3540 3541
f 3441 3541 3442
f 3442 3541 3542
f 3442 3542 3443
f 3443 3542 3543
f 3443 3543 3444
f 3444 3543 3544
f 3444 3544 3445
f 3445 3544 3545
f 3445 3545 3446
f 3446 3545 3546
f 3446 3546 3447
f 3447 3546 3547
f 3447 3547 3448
f 3448 3547 3548
f 3448 3548 3449
f 3449 3548 3549
f 3449 3549 3450
f 3450 3549 3550
f 3450 3550 3451
f 3451 3550 3551
f 3451 3551 3452
f 3452 3551 3552
f 3452 3552 3453
f 3453 3552 3553
f 3453 3553 3454
f 3454 3553 3554
f 3454 3554 3455
f 3455 3554 3555
f 3455 3555 3456
f 3456 3555 3556
f 3456 3556 3457
f 3457 3556 3557
f 3457 3557 3458
f 3458 3557 3558
f 3458 3558 3459
f 3459 3558 3559
f 3459 3559 3460
f 3460 3559 3560
f 3460 3560 3461
f 3461 3560 3561
f 3461 3561 3462
f 3462 3561 3562
f 3462 3562 3463
f 3463 3562 3563
f 3463 3563 3464
f 3464 3563 3564
f 3464 3564 3465
f 3465 3564 3565
f 3465 3565 3466
f 3466 3565 3566
f 3466 3566 3467
f 3467 3566 3567
f 3467 3567 3468
f 3468 3567 3568
f 3468 3568 3469
f 3469 3568 3569
f 3469 3569 3470
f 3470 3569 3570
f 3470 3570 3471
f 3471 3570 3571
f 3471 3571 3472
f 3472 3571 3572
f 3472 3572 3473
f 3473 3572 3573
f 3473 3573 3474
f 3474 3573 3574
f 3474 3574 3475
f 3475 3574 3575
f 3475 3575 3476
f 3476 3575 3576
f 3476 3576 3477
f 3477 3576 3577
f 3477 3577 3478
f 3478 3577 3578
f 3478 3578 3479
f 3479 3578 3579
f 3479 3579 3480
f 3480 3579 3580
f 3480 3580 3481
f 3481 3580 3581
f 3481 3581 3482
f 3482 3581 3582
f 3482 3582 3483
f 3483 3582 3583
f 3483 3583 3484
f 3484 3583 3584
f 3484 3584 3485
f 3485 3584 3585
f 3485 3585 3486
f 3486 3585 3586
f 3486 3586 3487
f 3487 3586 3587
f 3487 3587 3488
f 3488 3587 3588
f 3488 3588 3489
f 3489 3588 3589
f 3489 3589 3490
f 3490 3589 3590
f 3490 3590 3491
f 3491 3590 3591
f 3491 3591 3492
f 3492 3591 3592
f 3492 3592 3493
f 3493 3592 3593
f 3493 3593 3494
f 3494 3593 3594
f 3494 3594 3495
f 3495 3594 3595
f 3495 3595 3496
f 3496 3595 3596
f 3496 3596 3497
f 3497 3596 3597
f 3497 3597 3498
f 3498 3597 3598
f 3498 3598 3499
f 3499 3598 3599
f 3499 3599 3500
f 3500 3599 3600
f 3500 3600 3501
f 3501 3600 3601
f 3501 3601 3402
f 3402 3601 3502
f 3502 3602 3503
f 3503 3602 3603
f 3503 3603 3504
f 3504 3603 3604
f 3504 3604 3505
f 3505 3604 3605
f 3505 3605 3506
f 3506 3605 3606
f 3506 3606 3507
f 3507 3606 3607
f 3507 3607 3508
f 3508 3607 3608
f 3508 3608 3509
f 3509 3608 3609
f 3509 3609 3510
f 3510 3609 3610
f 3510 3610 3511
f 3511 3610 3611
f 3511 3611 3512
f 3512 3611 3612
f 3512 3612 3513
f 3513 3612 3613
f 3513 3613 3514
f 3514 3613 3614
f 3514 3614 3515
f 3515 3614 3615
f 3515 3615 3516
f 3516 3615 3616
f 3516 3616 3517
f 3517 3616 3617
f 3517 3617 3518
f 3518 3617 3618
f 3518 3618 3519
f 3519 3618 3619
f 3519 3619 3520
f 3520 3619 3620
f 3520 3620 3521
f 3521 3620 3621
f 3521 3621 3522
f 3522 3621 3622
f 3522 3622 3523
f 3523 3622 3623
f 3523 3623 3524
f 3524 3623 3624
f 3524 3624 3525
f 3525 3624 3625
f 3525 3625 3526
f 3526 3625 3626
f 3526 3626 3527
f 3527 3626 3627
f 3527 3627 3528
f 3528 3627 3628
f 3528 3628 3529
f 3529 3628 3629
f 3529 3629 3530
f 3530 3629 3630
f 3530 3630 3531
f 3531 3630 3631
f 3531 3631 3532
f 3532 3631 3632
f 3532 3632 3533
f 3533 3632 3633
f 3533 3633 3534
f 3534 3633 3634
f 3534 3634 3535
f 3535 3634 3635
f 3535 3635 3536
f 3536 3635 3636
f 3536 3636 3537
f 3537 3636 3637
f 3537 3637 3538
f 3538 3637 3638
f 3538 3638 3539
f 3539 3638 3639
f 3539 3639 3540
f 3540 3639 3640
f 3540 3640 3541
f 3541 3640 3641
f 3541 3641 3542
f 3542 3641 3642
f 3542 3642 3543
f 3543 3642 3643
f 3543 3643 3544
f 3544 3643 3644
f 3544 3644 3545
f 3545 3644 3645
f 3545 3645 3546
f 3546 3645 3646
f 3546 3646 3547
f 3547 3646 3647
f 3547 3647 3548
f 3548 3647 3648
f 3548 3648 3549
f 3549 3648 3649
f 3549 3649 3550
f 3550 3649 3650
f 3550 3650 3551
f 3551 3650 3651
f 3551 3651 3552
f 3552 3651 3652
f 3552 3652 3553
f 3553 3652 3653
f 3553 3653 3554
f 3554 3653 3654
f 3554 3654 3555
f 3555 3654 3655
f 3555 3655 3556
f 3556 3655 3656
f 3556 3656 3557
f 3557 3656 3657
f 3557 3657 3558
f 3558 3657 3658
f 3558 3658 3559
f 3559 3658 3659
f 3559 3659 3560
f 3560 3659 3660
f 3560 3660 3561
f 3561 3660 3661
f 3561 3661 3562
f 3562 3661 3662
f 3562 3662 3563
f 3563 3662 3663
f 3563 3663 3564
f 3564 3663 3664
f 3564 3664 3565
f 3565 3664 3665
f 3565 3665 3566
f 3566 3665 3666
f 3566 3666 3567
f 3567 3666 3667
f 3567 3667 3568
f 3568 3667 3668
f 3568 3668 3569
f 3569 3668 3669
f 3569 3669 3570
f 3570 3669 3670
f 3570 3670 3571
f 3571 3670 3671
f 3571 3671 3572
f 3572 3671 3672
f 3572 3672 3573
f 3573 3672 3673
f 3573 3673 3574
f 3574 3673 3674
f 3574 3674 3575
f 3575 3674 3675
f 3575 3675 3576
f 3576 3675 3676
f 3576 3676 3577
f 3577 3676 3677
f 3577 3677 3578
f 3578 3677 3678
f 3578 3678 3579
f 3579 3678 3679
f 3579 3679 3580
f 3580 3679 3680
f 3580 3680 3581
f 3581 3680 3681
f 3581 3681 3582
f 3582 3681 3682
f 3582 3682 3583
f 3583 3682 3683
f 3583 3683 3584
f 3584 3683 3684
f 3584 3684 3585
f 3585 3684 3685
f 3585 3685 3586
f 3586 3685 3686
f 3586 3686 3587
f 3587 3686 3687
f 3587 3687 3588
f 3588 3687 3688
f 3588 3688 3589
f 3589 3688 3689
f 3589 3689 3590
f 3590 3689 3690
f 3590 3690 3591
f 3591 3690 3691
f 3591 3691 3592
f 3592 3691 3692
f 3592 3692 3593
f 3593 3692 3693
f 3593 3693 3594
f 3594 3693 3694
f 3594 3694 3595
f 3595 3694 3695
f 3595 3695 3596
f 3596 3695 3696
f 3596 3696 3597
f 3597 3696 3697
f 3597 3697 3598
f 3598 3697 3698
f 3598 3698 3599
f 3599 3698 3699
f 3599 3699 3600
f 3600 3699 3700
f 3600 3700 3601
f 3601 3700 3701
f 3601 3701 3502
f 3502 3701 3602
f 3602 3702 3603
f 3603 3702 3703
f 3603 3703 3604
f 3604 3703 3704
f 3604 3704 3605
f 3605 3704 3705
f 3605 3705 3606
f 3606 3705 3706
f 3606 3706 3607
f 3607 3706 3707
f 3607 3707 3608
f 3608 3707 3708
f 3608 3708 3609
f 3609 3708 3709
f 3609 3709 3610
f 3610 3709 3710
f 3610 3710 3611
f 3611 3710 3711
f 3611 3711 3612
f 3612 3711 3712
f 3612 3712 3613
f 3613 3712 3713
f 3613 3713 3614
f 3614 3713 3714
f 3614 3714 3615
f 3615 3714 3715
f 3615 3715 3616
f 3616 3715 3716
f 3616 3716 3617
f 3617 3716 3717
f 3617 3717 3618
f 3618 3717 3718
f 3618 3718 3619
f 3619 3718 3719
f 3619 3719 3620
f 3620 3719 3720
f 3620 3720 3621
f 3621 3720 3721
f 3621 3721 3622
f 3622 3721 3722
f 3622 3722 3623
f 3623 3722 3723
f 3623 3723 3624
f 3624 3723 3724
f 3624 3724 3625
f 3625 3724 3725
f 3625 3725 3626
f 3626 3725 3726
f 3626 3726 3627
f 3627 3726 3727
f 3627 3727 3628
f 3628 3727 3728
f 3628 3728 3629
f 3629 3728 3729
f 3629 3729 3630
f 3630 3729 3730
f 3630 3730 3631
f 3631 3730 3731
f 3631 3731 3632
f 3632 3731 3732
f 3632 3732 3633
f 3633 3732 3733
f 3633 3733 3634
f 3634 3733 3734
f 3634 3734 3635
f 3635 3734 3735
f 3635 3735 3636
f 3636 3735 3736
f 3636 3736 3637
f 3637 3736 3737
f 3637 3737 3638
f 3638 3737 3738
f 3638 3738 3639
f 3639 3738 3739
f 3639 3739 3640
f 3640 3739 3740
f 3640 3740 3641
f 3641 3740 3741
f 3641 3741 3642
f 3642 3741 3742
f 3642 3742 3643
f 3643 3742 3743
f 3643 3743 3644
f 3644 3743 3744
f 3644 3744 3645
f 3645 3744 3745
f 3645 3745 3646
f 3646 3745 3746
f 3646 3746 3647
f 3647 3746 3747
f 3647 3747 3648
f 3648 3747 3748
f 3648 3748 3649
f 3649 3748 3749
f 3649 3749 3650
f 3650 3749 3750
f 3650 3750 3651
f 3651 3750 3751
f 3651 3751 3652
f 3652 3751 3752
f 3652 3752 3653
f 3653 3752 3753
f 3653 3753 3654
f 3654 3753 3754
f 3654 3754 3655
f 3655 3754 3755
f 3655 3755 3656
f 3656 3755 3756
f 3656 3756 3657
f 3657 3756 3757
f 3657 3757 3658
f 3658 3757 3758
f 3658 3758 3659
f 3659 3758 3759
f 3659 3759 3660
f 3660 3759 3760
f 3660 3760 3661
f 3661 3760 3761
f 3661 3761 3662
f 3662 3761 3762
f 3662 3762 3663
f 3663 3762 3763
f 3663 3763 3664
f 3664 3763 3764
f 3664 3764 3665
f 3665 3764 3765
f 3665 3765 3666
f 3666 3765 3766
f 3666 3766 3667
f 3667 3766 3767
f 3667 3767 3668
f 3668 3767 3768
f 3668 3768 3669
f 3669 3768 3769
f 3669 3769 3670
f 3670 3769 3770
f 3670 3770 3671
f 3671 3770 3771
f 3671 3771 3672
f 3672 3771 3772
f 3672 3772 3673
f 3673 3772 3773
f 3673 3773 3674
f 3674 3773 3774
f 3674 3774 3675
f 3675 3774 3775
f 3675 3775 3676
f 3676 3775 3776
f 3676 3776 3677
f 3677 3776 3777
f 3677 3777 3678
f 3678 3777 3778
f 3678 3778 3679
f 3679 3778 3779
f 3679 3779 3680
f 3680 3779 3780
f 3680 3780 3681
f 3681 3780 3781
f 3681 3781 3682
f 3682 3781 3782
f 3682 3782 3683
f 3683 3782 3783
f 3683 3783 3684
f 3684 3783 3784
f 3684 3784 3685
f 3685 3784 3785
f 3685 3785 3686
f 3686 3785 3786
f 3686 3786 3687
f 3687 3786 3787
f 3687 3787 3688
f 3688 3787 3788
f 3688 3788 3689
f 3689 3788 3789
f 3689 3789 3690
f 3690 3789 3790
f 3690 3790 3691
f 3691 3790 3791
f 3691 3791 3692
f 3692 3791 3792
f 3692 3792 3693
f 3693 3792 3793
f 3693 3793 3694
f 3694 3793 3794
f 3694 3794 3695
f 3695 3794 3795
f 3695 3795 3696
f 3696 3795 3796
f 3696 3796 3697
f 3697 3796 3797
f 3697 3797 3698
f 3698 3797 3798
f 3698 3798 3699
f 3699 3798 3799
f 3699 3799 3700
f 3700 3799 3800
f 3700 3800 3701
f 3701 3800 3801
f 3701 3801 3602
f 3602 3801 3702
f 3702 3802 3703
f 3703 3802 3803
f 3703 3803 3704
f 3704 3803 3804
f 3704 3804 3705
f 3705 3804 3805
f 3705 3805 3706
f 3706 3805 3806
f 3706 3806 3707
f 3707 3806 3807
f 3707 3807 3708
f 3708 3807 3808
f 3708 3808 3709
f 3709 3808 3809
f 3709 3809 3710
f 3710 3809 3810
f 3710 3810 3711
f 3711 3810 3811
f 3711 3811 3712
f 3712 3811 3812
f 3712 3812 3713
f 3713 3812 3813
f 3713 3813 3714
f 3714 3813 3814
f 3714 3814 3715
f 3715 3814 3815
f 3715 3815 3716
f 3716 3815 3816
f 3716 3816 3717
f 3717 3816 3817
f 3717 3817 3718
f 3718 3817 3818
f 3718 3818 3719
f 3719 3818 3819
f 3719 3819 3720
f 3720 3819 3820
f 3720 3820 3721
f 3721 3820 3821
f 3721 3821 3722
f 3722 3821 3822
f 3722 3822 3723
f 3723 3822 3823
f 3723 3823 3724
f 3724 3823 3824
f 3724 3824 3725
f 3725 3824 3825
f 3725 3825 3726
f 3726 3825 3826
f 3726 3826 3727
f 3727 3826 3827
f 3727 3827 3728
f 3728 3827 3828
f 3728 3828 3729
f 3729 3828 3829
f 3729 3829 3730
f 3730 3829 3830
f 3730 3830 3731
f 3731 3830 3831
f 3731 3831 3732
f 3732 3831 3832
f 3732 3832 3733
f 3733 3832 3833
f 3733 3833 3734
f 3734 3833 3834
f 3734 3834 3735
f 3735 3834 3835
f 3735 3835 3736
f 3736 3835 3836
f 3736 3836 3737
f 3737 3836 3837
f 3737 3837 3738
f 3738 3837 3838
f 3738 3838 3739
f 3739 3838 3839
f 3739 3839 3740
f 3740 3839 3840
f 3740 3840 3741
f 3741 3840 3841
f 3741 3841 3742
f 3742 3841 3842
f 3742 3842 3743
f 3743 3842 3843
f 3743 3843 3744
f 3744 3843 3844
f 3744 3844 3745
f 3745 3844 3845
f 3745 3845 3746
f 3746 3845 3846
f 3746 3846 3747
f 3747 3846 3847
f 3747 3847 3748
f 3748 3847 3848
f 3748 3848 3749
f 3749 3848 3849
f 3749 3849 3750
f 3750 3849 3850
f 3750 3850 3751
f 3751 3850 3851
f 3751 3851 3752
f 3752 3851 3852
f 3752 3852 3753
f 3753 3852 3853
f 3753 3853 3754
f 3754 3853 3854
f 3754 3854 3755
f 3755 3854 3855
f 3755 3855 3756
f 3756 3855 3856
f 3756 3856 3757
f 3757 3856 3857
f 3757 3857 3758
f 3758 3857 3858
f 3758 3858 3759
f 3759 3858 3859
f 3759 3859 3760
f 3760 3859 3860
f 3760 3860 3761
f 3761 3860 3861
f 3761 3861 3762
f 3762 3861 3862
f 3762 3862 3763
f 3763 3862 3863
f 3763 3863 3764
f 3764 3863 3864
f 3764 3864 3765
f 3765 3864 3865
f 3765 3865 3766
f 3766 3865 3866
f 3766 3866 3767
f 3767 3866 3867
f 3767 3867 3768
f 3768 3867 3868
f 3768 3868 3769
f 3769 3868 3869
f 3769 3869 3770
f 3770 3869 3870
f 3770 3870 3771
f 3771 3870 3871
f 3771 3871 3772
f 3772 3871 3872
f 3772 3872 3773
f 3773 3872 3873
f 3773 3873 3774
f 3774 3873 3874
f 3774 3874 3775
f 3775 3874 3875
f 3775 3875 3776
f 3776 3875 3876
f 3776 3876 3777
f 3777 3876 3877
f 3777 3877 3778
f 3778 3877 3878
f 3778 3878 3779
f 3779 3878 3879
f 3779 3879 3780
f 3780 3879 3880
f 3780 3880 3781
f 3781 3880 3881
f 3781 3881 3782
f 3782 3881 3882
f 3782 3882 3783
f 3783 3882 3883
f 3783 3883 3784
f 3784 3883 3884
f 3784 3884 3785
f 3785 3884 3885
f 3785 3885 3786
f 3786 3885 3886
f 3786 3886 3787
f 3787 3886 3887
f 3787 3887 3788
f 3788 3887 3888
f 3788 3888 3789
f 3789 3888 3889
f 3789 3889 3790
f 3790 3889 3890
f 3790 3890 3791
f 3791 3890 3891
f 3791 3891 3792
f 3792 3891 3892
f 3792 3892 3793
f 3793 3892 3893
f 3793 3893 3794
f 3794 3893 3894
f 3794 3894 3795
f 3795 3894 3895
f 3795 3895 3796
f 3796 3895 3896
f 3796 3896 3797
f 3797 3896 3897
f 3797 3897 3798
f 3798 3897 3898
f 3798 3898 3799
f 3799 3898 3899
f 3799 3899 3800
f 3800 3899 3900
f 3800 3900 3801
f 3801 3900 3901
f 3801 3901 3702
f 3702 3901 3802
f 3802 3902 3803
f 3803 3902 3903
f 3803 3903 3804
f 3804 3903 3904
f 3804 3904 3805
f 3805 3904 3905
f 3805 3905 3806
f 3806 3905 3906
f 3806 3906 3807
f 3807 3906 3907
f 3807 3907 3808
f 3808 3907 3908
f 3808 3908 3809
f 3809 3908 3909
f 3809 3909 3810
f 3810 3909 3910
f 3810 3910 3811
f 3811 3910 3911
f 3811 3911 3812
f 3812 3911 3912
f 3812 3912 3813
f 3813 3912 3913
f 3813 3913 3814
f 3814 3913 3914
f 3814 3914 3815
f 3815 3914 3915
f 3815 3915 3816
f 3816 3915 3916
f 3816 3916 3817
f 3817 3916 3917
f 3817 3917 3818
f 3818 3917 3918
f 3818 3918 3819
f 3819 3918 3919
f 3819 3919 3820
f 3820 3919 3920
f 3820 3920 3821
f 3821 3920 3921
f 3821 3921 3822
f 3822 3921 3922
f 3822 3922 3823
f 3823 3922 3923
f 3823 3923 3824
f 3824 3923 3924
f 3824 3924 3825
f 3825 3924 3925
f 3825 3925 3826
f 3826 3925 3926
f 3826 3926 3827
f 3827 3926 3927
f 3827 3927 3828
f 3828 3927 3928
f 3828 3928 3829
f 3829 3928 3929
f 3829 3929 3830
f 3830 3929 3930
f 3830 3930 3831
f 3831 3930 3931
f 3831 3931 3832
f 3832 3931 3932
f 3832 3932 3833
f 3833 3932 3933
f 3833 3933 3834
f 3834 3933 3934
f 3834 3934 3835
f 3835 3934 3935
f 3835 3935 3836
f 3836 3935 3936
f 3836 3936 3837
f 3837 3936 3937
f 3837 3937 3838
f 3838 3937 3938
f 3838 3938 3839
f 3839 3938 3939
f 3839 3939 3840
f 3840 3939 3940
f 3840 3940 3841
f 3841 3940 3941
f 3841 3941 3842
f 3842 3941 3942
f 3842 3942 3843
f 3843 3942 3943
f 3843 3943 3844
f 3844 3943 3944
f 3844 3944 3845
f 3845 3944 3945
f 3845 3945 3846
f 3846 3945 3946
f 3846 3946 3847
f 3847 3946 3947
f 3847 3947 3848
f 3848 3947 3948
f 3848 3948 3849
f 3849 3948 3949
f 3849 3949 3850
f 3850 3949 3950
f 3850 3950 3851
f 3851 3950 3951
f 3851 3951 3852
f 3852 3951 3952
f 3852 3952 3853
f 3853 3952 3953
f 3853 3953 3854
f 3854 3953 3954
f 3854 3954 3855
f 3855 3954 3955
f 3855 3955 3856
f 3856 3955 3956
f 3856 3956 3857
f 3857 3956 3957
f 3857 3957 3858
f 3858 3957 3958
f 3858 3958 3859
f 3859 3958 3959
f 3859 3959 3860
f 3860 3959 3960
f 3860 3960 3861
f 3861 3960 3961
f 3861 3961 3862
f 3862 3961 3962
f 3862 3962 3863
f 3863 3962 3963
f 3863 3963 3864
f 3864 3963 3964
f 3864 3964 3865
f 3865 3964 3965
f 3865 3965 3866
f 3866 3965 3966
f 3866 3966 3867
f 3867 3966 3967
f 3867 3967 3868
f 3868 3967 3968
f 3868 3968 3869
f 3869 3968 3969
f 3869 3969 3870
f 3870 3969 3970
f 3870 3970 3871
f 3871 3970 3971
f 3871 3971 3872
f 3872 3971 3972
f 3872 3972 3873
f 3873 3972 3973
f 3873 3973 3874
f 3874 3973 3974
f 3874 3974 3875
f 3875 3974 3975
f 3875 3975 3876
f 3876 3975 3976
f 3876 3976 3877
f 3877 3976 3977
f 3877 3977 3878
f 3878 3977 3978
f 3878 3978 3879
f 3879 3978 3979
f 3879 3979 3880
f 3880 3979 3980
f 3880 3980 3881
f 3881 3980 3981
f 3881 3981 3882
f 3882 3981 3982
f 3882 3982 3883
f 3883 3982 3983
f 3883 3983 3884
f 3884 3983 3984
f 3884 3984 3885
f 3885 3984 3985
f 3885 3985 3886
f 3886 3985 3986
f 3886 3986 3887
f 3887 3986 3987
f 3887 3987 3888
f 3888 3987 3988
f 3888 3988 3889
f 3889 3988 3989
f 3889 3989 3890
f 3890 3989 3990
f 3890 3990 3891
f 3891 3990 3991
f 3891 3991 3892
f 3892 3991 3992
f 3892 3992 3893
f 3893 3992 3993
f 3893 3993 3894
f 3894 3993 3994
f 3894 3994 3895
f 3895 3994 3995
f 3895 3995 3896
f 3896 3995 3996
f 3896 3996 3897
f 3897 3996 3997
f 3897 3997 3898
f 3898 3997 3998
f 3898 3998 3899
f 3899 3998 3999
f 3899 3999 3900
f 3900 3999 4000
f 3900 4000 3901
f 3901 4000 4001
f 3901 4001 3802
f 3802 4001 3902
f 3902 4002 3903
f 3903 4002 4003
f 3903 4003 3904
f 3904 4003 4004
f 3904 4004 3905
f 3905 4004 4005
f 3905 4005 3906
f 3906 4005 4006
f 3906 4006 3907
f 3907 4006 4007
f 3907 4007 3908
f 3908 4007 4008
f 3908 4008 3909
f 3909 4008 4009
f 3909 4009 3910
f 3910 4009 4010
f 3910 4010 3911
f 3911 4010 4011
f 3911 4011 3912
f 3912 4011 4012
f 3912 4012 3913
f 3913 4012 4013
f 3913 4013 3914
f 3914 4013 4014
f 3914 4014 3915
f 3915 4014 4015
f 3915 4015 3916
f 3916 4015 4016
f 3916 4016 3917
f 3917 4016 4017
f 3917 4017 3918
f 3918 4017 4018
f 3918 4018 3919
f 3919 4018 4019
f 3919 4019 3920
f 3920 4019 4020
f 3920 4020 3921
f 3921 4020 4021
f 3921 4021 3922
f 3922 4021 4022
f 3922 4022 3923
f 3923 4022 4023
f 3923 4023 3924
f 3924 4023 4024
f 3924 4024 3925
f 3925 4024 4025
f 3925 4025 3926
f 3926 4025 4026
f 3926 4026 3927
f 3927 4026 4027
f 3927 4027 3928
f 3928 4027 4028
f 3928 4028 3929
f 3929 4028 4029
f 3929 4029 3930
f 3930 4029 4030
f 3930 4030 3931
f 3931 4030 4031
f 3931 4031 3932
f 3932 4031 4032
f 3932 4032 3933
f 3933 4032 4033
f 3933 4033 3934
f 3934 4033 4034
f 3934 4034 3935
f 3935 4034 4035
f 3935 4035 3936
f 3936 4035 4036
f 3936 4036 3937
f 3937 4036 4037
f 3937 4037 3938
f 3938 4037 4038
f 3938 4038 3939
f 3939 4038 4039
f 3939 4039 3940
f 3940 4039 4040
f 3940 4040 3941
f 3941 4040 4041
f 3941 4041 3942
f 3942 4041 4042
f 3942 4042 3943
f 3943 4042 4043
f 3943 4043 3944
f 3944 4043 4044
f 3944 4044 3945
f 3945 4044 4045
f 3945 4045 3946
f 3946 4045 4046
f 3946 4046 3947
f 3947 4046 4047
f 3947 4047 3948
f 3948 4047 4048
f 3948 4048 3949
f 3949 4048 4049
f 3949 4049 3950
f 3950 4049 4050
f 3950 4050 3951
f 3951 4050 4051
f 3951 4051 3952
f 3952 4051 4052
f 3952 4052 3953
f 3953 4052 4053
f 3953 4053 3954
f 3954 4053 4054
f 3954 4054 3955
f 3955 4054 4055
f 3955 4055 3956
f 3956 4055 4056
f 3956 4056 3957
f 3957 4056 4057
f 3957 4057 3958
f 3958 4057 4058
f 3958 4058 3959
f 3959 4058 4059
f 3959 4059 3960
f 3960 4059 4060
f 3960 4060 3961
f 3961 4060 4061
f 3961 4061 3962
f 3962 4061 4062
f 3962 4062 3963
f 3963 4062 4063
f 3963 4063 3964
f 3964 4063 4064
f 3964 4064 3965
f 3965 4064 4065
f 3965 4065 3966
f 3966 4065 4066
f 3966 4066 3967
f 3967 4066 4067
f 3967 4067 3968
f 3968 4067 4068
f 3968 4068 3969
f 3969 4068 4069
f 3969 4069 3970
f 3970 4069 4070
f 3970 4070 3971
f 3971 4070 4071
f 3971 4071 3972
f 3972 4071 4072
f 3972 4072 3973
f 3973 4072 4073
f 3973 4073 3974
f 3974 4073 4074
f 3974 4074 3975
f 3975 4074 4075
f 3975 4075 3976
f 3976 4075 4076
f 3976 4076 3977
f 3977 4076 4077
f 3977 4077 3978
f 3978 4077 4078
f 3978 4078 3979
f 3979 4078 4079
f 3979 4079 3980
f 3980 4079 4080
f 3980 4080 3981
f 3981 4080 4081
f 3981 4081 3982
f 3982 4081 4082
f 3982 4082 3983
f 3983 4082 4083
f 3983 4083 3984
f 3984 4083 4084
f 3984 4084 3985
f 3985 4084 4085
f 3985 4085 3986
f 3986 4085 4086
f 3986 4086 3987
f 3987 4086 4087
f 3987 4087 3988
f 3988 4087 4088
f 3988 4088 3989
f 3989 4088 4089
f 3989 4089 3990
f 3990 4089 4090
f 3990 4090 3991
f 3991 4090 4091
f 3991 4091 3992
f 3992 4091 4092
f 3992 4092 3993
f 3993 4092 4093
f 3993 4093 3994
f 3994 4093 4094
f 3994 4094 3995
f 3995 4094 4095
f 3995 4095 3996
f 3996 4095 4096
f 3996 4096 3997
f 3997 4096 4097
f 3997 4097 3998
f 3998 4097 4098
f 3998 4098 3999
f 3999 4098 4099
f 3999 4099 4000
f 4000 4099 4100
f 4000 4100 4001
f 4001 4100 4101
f 4001 4101 3902
f 3902 4101 4002
f 4002 4102 4003
f 4003 4102 4103
f 4003 4103 4004
f 4004 4103 4104
f 4004 4104 4005
f 4005 4104 4105
f 4005 4105 4006
f 4006 4105 4106
f 4006 4106 4007
f 4007 4106 4107
f 4007 4107 4008
f 4008 4107 4108
f 4008 4108 4009
f 4009 4108 4109
f 4009 4109 4010
f 4010 4109 4110
f 4010 4110 4011
f 4011 4110 4111
f 4011 4111 4012
f 4012 4111 4112
f 4012 4112 4013
f 4013 4112 4113
f 4013 4113 4014
f 4014 4113 4114
f 4014 4114 4015
f 4015 4114 4115
f 4015 4115 4016
f 4016 4115 4116
f 4016 4116 4017
f 4017 4116 4117
f 4017 4117 4018
f 4018 4117 4118
f 4018 4118 4019
f 4019 4118 4119
f 4019 4119 4020
f 4020 4119 4120
f 4020 4120 4021
f 4021 4120 4121
f 4021 4121 4022
f 4022 4121 4122
f 4022 4122 4023
f 4023 4122 4123
f 4023 4123 4024
f 4024 4123 4124
f 4024 4124 4025
f 4025 4124 4125
f 4025 4125 4026
f 4026 4125 4126
f 4026 4126 4027
f 4027 4126 4127
f 4027 4127 4028
f 4028 4127 4128
f 4028 4128 4029
f 4029 4128 4129
f 4029 4129 4030
f 4030 4129 4130
f 4030 4130 4031
f 4031 4130 4131
f 4031 4131 4032
f 4032 4131 4132
f 4032 4132 4033
f 4033 4132 4133
f 4033 4133 4034
f 4034 4133 4134
f 4034 4134 4035
f 4035 4134 4135
f 4035 4135 4036
f 4036 4135 4136
f 4036 4136 4037
f 4037 4136 4137
f 4037 4137 4038
f 4038 4137 4138
f 4038 4138 4039
f 4039 4138 4139
f 4039 4139 4040
f 4040 4139 4140
f 4040 4140 4041
f 4041 4140 4141
f 4041 4141 4042
f 4042 4141 4142
f 4042 4142 4043
f 4043 4142 4143
f 4043 4143 4044
f 4044 4143 4144
f 4044 4144 4045
f 4045 4144 4145
f 4045 4145 4046
f 4046 4145 4146
f 4046 4146 4047
f 4047 4146 4147
f 4047 4147 4048
f 4048 4147 4148
f 4048 4148 4049
f 4049 4148 4149
f 4049 4149 4050
f 4050 4149 4150
f 4050 4150 4051
f 4051 4150 4151
f 4051 4151 4052
f 4052 4151 4152
f 4052 4152 4053
f 4053 4152 4153
f 4053 4153 4054
f 4054 4153 4154
f 4054 4154 4055
f 4055 4154 4155
f 4055 4155 4056
f 4056 4155 4156
f 4056 4156 4057
f 4057 4156 4157
f 4057 4157 4058
f 4058 4157 4158
f 4058 4158 4059
f 4059 4158 4159
f 4059 4159 4060
f 4060 4159 4160
f 4060 4160 4061
f 4061 4160 4161
f 4061 4161 4062
f 4062 4161 4162
f 4062 4162 4063
f 4063 4162 4163
f 4063 4163 4064
f 4064 4163 4164
f 4064 4164 4065
f 4065 4164 4165
f 4065 4165 4066
f 4066 4165 4166
f 4066 4166 4067
f 4067 4166 4167
f 4067 4167 4068
f 4068 4167 4168
f 4068 4168 4069
f 4069 4168 4169
f 4069 4169 4070
f 4070 4169 4170
f 4070 4170 4071
f 4071 4170 4171
f 4071 4171 4072
f 4072 4171 4172
f 4072 4172 4073
f 4073 4172 4173
f 4073 4173 4074
f 4074 4173 4174
f 4074 4174 4075
f 4075 4174 4175
f 4075 4175 4076
f 4076 4175 4176
f 4076 4176 4077
f 4077 4176 4177
f 4077 4177 4078
f 4078 4177 4178
f 4078 4178 4079
f 4079 4178 4179
f 4079 4179 4080
f 4080 4179 4180
f 4080 4180 4081
f 4081 4180 4181
f 4081 4181 4082
f 4082 4181 4182
f 4082 4182 4083
f 4083 4182 4183
f 4083 4183 4084
f 4084 4183 4184
f 4084 4184 4085
f 4085 4184 4185
f 4085 4185 4086
f 4086 4185 4186
f 4086 4186 4087
f 4087 4186 4187
f 4087 4187 4088
f 4088 4187 4188
f 4088 4188 4089
f 4089 4188 4189
f 4089 4189 4090
f 4090 4189 4190
f 4090 4190 4091
f 4091 4190 4191
f 4091 4191 4092
f 4092 4191 4192
f 4092 4192 4093
f 4093 4192 4193
f 4093 4193 4094
f 4094 4193 4194
f 4094 4194 4095
f 4095 4194 4195
f 4095 4195 4096
f 4096 4195 4196
f 4096 4196 4097
f 4097 4196 4197
f 4097 4197 4098
f 4098 4197 4198
f 4098 4198 4099
f 4099 4198 4199
f 4099 4199 4100
f 4100 4199 4200
f 4100 4200 4101
f 4101 4200 4201
f 4101 4201 4002
f 4002 4201 4102
f 4102 4202 4103
f 4103 4202 4203
f 4103 4203 4104
f 4104 4203 4204
f 4104 4204 4105
f 4105 4204 4205
f 4105 4205 4106
f 4106 4205 4206
f 4106 4206 4107
f 4107 4206 4207
f 4107 4207 4108
f 4108 4207 4208
f 4108 4208 4109
f 4109 4208 4209
f 4109 4209 4110
f 4110 4209 4210
f 4110 4210 4111
f 4111 4210 4211
f 4111 4211 4112
f 4112 4211 4212
f 4112 4212 4113
f 4113 4212 4213
f 4113 4213 4114
f 4114 4213 4214
f 4114 4214 4115
f 4115 4214 4215
f 4115 4215 4116
f 4116 4215 4216
f 4116 4216 4117
f 4117 4216 4217
f 4117 4217 4118
f 4118 4217 4218
f 4118 4218 4119
f 4119 4218 4219
f 4119 4219 4120
f 4120 4219 4220
f 4120 4220 4121
f 4121 4220 4221
f 4121 4221 4122
f 4122 4221 4222
f 4122 4222 4123
f 4123 4222 4223
f 4123 4223 4124
f 4124 4223 4224
f 4124 4224 4125
f 4125 4224 4225
f 4125 4225 4126
f 4126 4225 4226
f 4126 4226 4127
f 4127 4226 4227
f 4127 4227 4128
f 4128 4227 4228
f 4128 4228 4129
f 4129 4228 4229
f 4129 4229 4130
f 4130 4229 4230
f 4130 4230 4131
f 4131 4230 4231
f 4131 4231 4132
f 4132 4231 4232
f 4132 4232 4133
f 4133 4232 4233
f 4133 4233 4134
f 4134 4233 4234
f 4134 4234 4135
f 4135 4234 4235
f 4135 4235 4136
f 4136 4235 4236
f 4136 4236 4137
f 4137 4236 4237
f 4137 4237 4138
f 4138 4237 4238
f 4138 4238 4139
f 4139 4238 4239
f 4139 4239 4140
f 4140 4239 4240
f 4140 4240 4141
f 4141 4240 4241
f 4141 4241 4142
f 4142 4241 4242
f 4142 4242 4143
f 4143 4242 4243
f 4143 4243 4144
f 4144 4243 4244
f 4144 4244 4145
f 4145 4244 4245
f 4145 4245 4146
f 4146 4245 4246
f 4146 4246 4147
f 4147 4246 4247
f 4147 4247 4148
f 4148 4247 4248
f 4148 4248 4149
f 4149 4248 4249
f 4149 4249 4150
f 4150 4249 4250
f 4150 4250 4151
f 4151 4250 4251
f 4151 4251 4152
f 4152 4251 4252
f 4152 4252 4153
f 4153 4252 4253
f 4153 4253 4154
f 4154 4253 4254
f 4154 4254 4155
f 4155 4254 4255
f 4155 4255 4156
f 4156 4255 4256
f 4156 4256 4157
f 4157 4256 4257
f 4157 4257 4158
f 4158 4257 4258
f 4158 4258 4159
f 4159 4258 4259
f 4159 4259 4160
f 4160 4259 4260
f 4160 4260 4161
f 4161 4260 4261
f 4161 4261 4162
f 4162 4261 4262
f 4162 4262 4163
f 4163 4262 4263
f 4163 4263 4164
f 4164 4263 4264
f 4164 4264 4165
f 4165 4264 4265
f 4165 4265 4166
f 4166 4265 4266
f 4166 4266 4167
f 4167 4266 4267
f 4167 4267 4168
f 4168 4267 4268
f 4168 4268 4169
f 4169 4268 4269
f 4169 4269 4170
f 4170 4269 4270
f 4170 4270 4171
f 4171 4270 4271
f 4171 4271 4172
f 4172 4271 4272
f 4172 4272 4173
f 4173 4272 4273
f 4173 4273 4174
f 4174 4273 4274
f 4174 4274 4175
f 4175 4274 4275
f 4175 4275 4176
f 4176 4275 4276
f 4176 4276 4177
f 4177 4276 4277
f 4177 4277 4178
f 4178 4277 4278
f 4178 4278 4179
f 4179 4278 4279
f 4179 4279 4180
f 4180 4279 4280
f 4180 4280 4181
f 4181 4280 4281
f 4181 4281 4182
f 4182 4281 4282
f 4182 4282 4183
f 4183 4282 4283
f 4183 4283 4184
f 4184 4283 4284
f 4184 4284 4185
f 4185 4284 4285
f 4185 4285 4186
f 4186 4285 4286
f 4186 4286 4187
f 4187 4286 4287
f 4187 4287 4188
f 4188 4287 4288
f 4188 4288 4189
f 4189 4288 4289
f 4189 4289 4190
f 4190 4289 4290
f 4190 4290 4191
f 4191 4290 4291
f 4191 4291 4192
f 4192 4291 4292
f 4192 4292 4193
f 4193 4292 4293
f 4193 4293 4194
f 4194 4293 4294
f 4194 4294 4195
f 4195 4294 4295
f 4195 4295 4196
f 4196 4295 4296
f 4196 4296 4197
f 4197 4296 4297
f 4197 4297 4198
f 4198 4297 4298
f 4198 4298 4199
f 4199 4298 4299
f 4199 4299 4200
f 4200 4299 4300
f 4200 4300 4201
f 4201 4300 4301
f 4201 4301 4102
f 4102 4301 4202
f 4202 4302 4203
f 4203 4302 4303
f 4203 4303 4204
f 4204 4303 4304
f 4204 4304 4205
f 4205 4304 4305
f 4205 4305 4206
f 4206 4305 4306
f 4206 4306 4207
f 4207 4306 4307
f 4207 4307 4208
f 4208 4307 4308
f 4208 4308 4209
f 4209 4308 4309
f 4209 4309 4210
f 4210 4309 4310
f 4210 4310 4211
f 4211 4310 4311
f 4211 4311 4212
f 4212 4311 4312
f 4212 4312 4213
f 4213 4312 4313
f 4213 4313 4214
f 4214 4313 4314
f 4214 4314 4215
f 4215 4314 4315
f 4215 4315 4216
f 4216 4315 4316
f 4216 4316 4217
f 4217 4316 4317
f 4217 4317 4218
f 4218 4317 4318
f 4218 4318 4219
f 4219 4318 4319
f 4219 4319 4220
f 4220 4319 4320
f 4220 4320 4221
f 4221 4320 4321
f 4221 4321 4222
f 4222 4321 4322
f 4222 4322 4223
f 4223 4322 4323
f 4223 4323 4224
f 4224 4323 4324
f 4224 4324 4225
f 4225 4324 4325
f 4225 4325 4226
f 4226 4325 4326
f 4226 4326 4227
f 4227 4326 4327
f 4227 4327 4228
f 4228 4327 4328
f 4228 4328 4229
f 4229 4328 4329
f 4229 4329 4230
f 4230 4329 4330
f 4230 4330 4231
f 4231 4330 4331
f 4231 4331 4232
f 4232 4331 4332
f 4232 4332 4233
f 4233 4332 4333
f 4233 4333 4234
f 4234 4333 4334
f 4234 4334 4235
f 4235 4334 4335
f 4235 4335 4236
f 4236 4335 4336
f 4236 4336 4237
f 4237 4336 4337
f 4237 4337 4238
f 4238 4337 4338
f 4238 4338 4239
f 4239 4338 4339
f 4239 4339 4240
f 4240 4339 4340
f 4240 4340 4241
f 4241 4340 4341
f 4241 4341 4242
f 4242 4341 4342
f 4242 4342 4243
f 4243 4342 4343
f 4243 4343 4244
f 4244 4343 4344
f 4244 4344 4245
f 4245 4344 4345
f 4245 4345 4246
f 4246 4345 4346
f 4246 4346 4247
f 4247 4346 4347
f 4247 4347 4248
f 4248 4347 4348
f 4248 4348 4249
f 4249 4348 4349
f 4249 4349 4250
f 4250 4349 4350
f 4250 4350 4251
f 4251 4350 4351
f 4251 4351 4252
f 4252 4351 4352
f 4252 4352 4253
f 4253 4352 4353
f 4253 4353 4254
f 4254 4353 4354
f 4254 4354 4255
f 4255 4354 4355
f 4255 4355 4256
f 4256 4355 4356
f 4256 4356 4257
f 4257 4356 4357
f 4257 4357 4258
f 4258 4357 4358
f 4258 4358 4259
f 4259 4358 4359
f 4259 4359 4260
f 4260 4359 4360
f 4260 4360 4261
f 4261 4360 4361
f 4261 4361 4262
f 4262 4361 4362
f 4262 4362 4263
f 4263 4362 4363
f 4263 4363 4264
f 4264 4363 4364
f 4264 4364 4265
f 4265 4364 4365
f 4265 4365 4266
f 4266 4365 4366
f 4266 4366 4267
f 4267 4366 4367
f 4267 4367 4268
f 4268 4367 4368
f 4268 4368 4269
f 4269 4368 4369
f 4269 4369 4270
f 4270 4369 4370
f 4270 4370 4271
f 4271 4370 4371
f 4271 4371 4272
f 4272 4371 4372
f 4272 4372 4273
f 4273 4372 4373
f 4273 4373 4274
f 4274 4373 4374
f 4274 4374 4275
f 4275 4374 4375
f 4275 4375 4276
f 4276 4375 4376
f 4276 4376 4277
f 4277 4376 4377
f 4277 4377 4278
f 4278 4377 4378
f 4278 4378 4279
f 4279 4378 4379
f 4279 4379 4280
f 4280 4379 4380
f 4280 4380 4281
f 4281 4380 4381
f 4281 4381 4282
f 4282 4381 4382
f 4282 4382 4283
f 4283 4382 4383
f 4283 4383 4284
f 4284 4383 4384
f 4284 4384 4285
f 4285 4384 4385
f 4285 4385 4286
f 4286 4385 4386
f 4286 4386 4287
f 4287 4386 4387
f 4287 4387 4288
f 4288 4387 4388
f 4288 4388 4289
f 4289 4388 4389
f 4289 4389 4290
f 4290 4389 4390
f 4290 4390 4291
f 4291 4390 4391
f 4291 4391 4292
f 4292 4391 4392
f 4292 4392 4293
f 4293 4392 4393
f 4293 4393 4294
f 4294 4393 4394
f 4294 4394 4295
f 4295 4394 4395
f 4295 4395 4296
f 4296 4395 4396
f 4296 4396 4297
f 4297 4396 4397
f 4297 4397 4298
f 4298 4397 4398
f 4298 4398 4299
f 4299 4398 4399
f 4299 4399 4300
f 4300 4399 4400
f 4300 4400 4301
f 4301 4400 4401
f 4301 4401 4202
f 4202 4401 4302
f 4302 4402 4303
f 4303 4402 4403
f 4303 4403 4304
f 4304 4403 4404
f 4304 4404 4305
f 4305 4404 4405
f 4305 4405 4306
f 4306 4405 4406
f 4306 4406 4307
f 4307 4406 4407
f 4307 4407 4308
f 4308 4407 4408
f 4308 4408 4309
f 4309 4408 4409
f 4309 4409 4310
f 4310 4409 4410
f 4310 4410 4311
f 4311 4410 4411
f 4311 4411 4312
f 4312 4411 4412
f 4312 4412 4313
f 4313 4412 4413
f 4313 4413 4314
f 4314 4413 4414
f 4314 4414 4315
f 4315 4414 4415
f 4315 4415 4316
f 4316 4415 4416
f 4316 4416 4317
f 4317 4416 4417
f 4317 4417 4318
f 4318 4417 4418
f 4318 4418 4319
f 4319 4418 4419
f 4319 4419 4320
f 4320 4419 4420
f 4320 4420 4321
f 4321 4420 4421
f 4321 4421 4322
f 4322 4421 4422
f 4322 4422 4323
f 4323 4422 4423
f 4323 4423 4324
f 4324 4423 4424
f 4324 4424 4325
f 4325 4424 4425
f 4325 4425 4326
f 4326 4425 4426
f 4326 4426 4327
f 4327 4426 4427
f 4327 4427 4328
f 4328 4427 4428
f 4328 4428 4329
f 4329 4428 4429
f 4329 4429 4330
f 4330 4429 4430
f 4330 4430 4331
f 4331 4430 4431
f 4331 4431 4332
f 4332 4431 4432
f 4332 4432 4333
f 4333 4432 4433
f 4333 4433 4334
f 4334 4433 4434
f 4334 4434 4335
f 4335 4434 4435
f 4335 4435 4336
f 4336 4435 4436
f 4336 4436 4337
f 4337 4436 4437
f 4337 4437 4338
f 4338 4437 4438
f 4338 4438 4339
f 4339 4438 4439
f 4339 4439 4340
f 4340 4439 4440
f 4340 4440 4341
f 4341 4440 4441
f 4341 4441 4342
f 4342 4441 4442
f 4342 4442 4343
f 4343 4442 4443
f 4343 4443 4344
f 4344 4443 4444
f 4344 4444 4345
f 4345 4444 4445
f 4345 4445 4346
f 4346 4445 4446
f 4346 4446 4347
f 4347 4446 4447
f 4347 4447 4348
f 4348 4447 4448
f 4348 4448 4349
f 4349 4448 4449
f 4349 4449 4350
f 4350 4449 4450
f 4350 4450 4351
f 4351 4450 4451
f 4351 4451 4352
f 4352 4451 4452
f 4352 4452 4353
f 4353 4452 4453
f 4353 4453 4354
f 4354 4453 4454
f 4354 4454 4355
f 4355 4454 4455
f 4355 4455 4356
f 4356 4455 4456
f 4356 4456 4357
f 4357 4456 4457
f 4357 4457 4358
f 4358 4457 4458
f 4358 4458 4359
f 4359 4458 4459
f 4359 4459 4360
f 4360 4459 4460
f 4360 4460 4361
f 4361 4460 4461
f 4361 4461 4362
f 4362 4461 4462
f 4362 4462 4363
f 4363 4462 4463
f 4363 4463 4364
f 4364 4463 4464
f 4364 4464 4365
f 4365 4464 4465
f 4365 4465 4366
f 4366 4465 4466
f 4366 4466 4367
f 4367 4466 4467
f 4367 4467 4368
f 4368 4467 4468
f 4368 4468 4369
f 4369 4468 4469
f 4369 4469 4370
f 4370 4469 4470
f 4370 4470 4371
f 4371 4470 4471
f 4371 4471 4372
f 4372 4471 4472
f 4372 4472 4373
f 4373 4472 4473
f 4373 4473 4374
f 4374 4473 4474
f 4374 4474 4375
f 4375 4474 4475
f 4375 4475 4376
f 4376 4475 4476
f 4376 4476 4377
f 4377 4476 4477
f 4377 4477 4378
f 4378 4477 4478
f 4378 4478 4379
f 4379 4478 4479
f 4379 4479 4380
f 4380 4479 4480
f 4380 4480 4381
f 4381 4480 4481
f 4381 4481 4382
f 4382 4481 4482
f 4382 4482 4383
f 4383 4482 4483
f 4383 4483 4384
f 4384 4483 4484
f 4384 4484 4385
f 4385 4484 4485
f 4385 4485 4386
f 4386 4485 4486
f 4386 4486 4387
f 4387 4486 4487
f 4387 4487 4388
f 4388 4487 4488
f 4388 4488 4389
f 4389 4488 4489
f 4389 4489 4390
f 4390 4489 4490
f 4390 4490 4391
f 4391 4490 4491
f 4391 4491 4392
f 4392 4491 4492
f 4392 4492 4393
f 4393 4492 4493
f 4393 4493 4394
f 4394 4493 4494
f 4394 4494 4395
f 4395 4494 4495
f 4395 4495 4396
f 4396 4495 4496
f 4396 4496 4397
f 4397 4496 4497
f 4397 4497 4398
f 4398 4497 4498
f 4398 4498 4399
f 4399 4498 4499
f 4399 4499 4400
f 4400 4499 4500
f 4400 4500 4401
f 4401 4500 4501
f 4401 4501 4302
f 4302 4501 4402
f 4402 4502 4403
f 4403 4502 4503
f 4403 4503 4404
f 4404 4503 4504
f 4404 4504 4405
f 4405 4504 4505
f 4405 4505 4406
f 4406 4505 4506
f 4406 4506 4407
f 4407 4506 4507
f 4407 4507 4408
f 4408 4507 4508
f 4408 4508 4409
f 4409 4508 4509
f 4409 4509 4410
f 4410 4509 4510
f 4410 4510 4411
f 4411 4510 4511
f 4411 4511 4412
f 4412 4511 4512
f 4412 4512 4413
f 4413 4512 4513
f 4413 4513 4414
f 4414 4513 4514
f 4414 4514 4415
f 4415 4514 4515
f 4415 4515 4416
f 4416 4515 4516
f 4416 4516 4417
f 4417 4516 4517
f 4417 4517 4418
f 4418 4517 4518
f 4418 4518 4419
f 4419 4518 4519
f 4419 4519 4420
f 4420 4519 4520
f 4420 4520 4421
f 4421 4520 4521
f 4421 4521 4422
f 4422 4521 4522
f 4422 4522 4423
f 4423 4522 4523
f 4423 4523 4424
f 4424 4523 4524
f 4424 4524 4425
f 4425 4524 4525
f 4425 4525 4426
f 4426 4525 4526
f 4426 4526 4427
f 4427 4526 4527
f 4427 4527 4428
f 4428 4527 4528
f 4428 4528 4429
f 4429 4528 4529
f 4429 4529 4430
f 4430 4529 4530
f 4430 4530 4431
f 4431 4530 4531
f 4431 4531 4432
f 4432 4531 4532
f 4432 4532 4433
f 4433 4532 4533
f 4433 4533 4434
f 4434 4533 4534
f 4434 4534 4435
f 4435 4534 4535
f 4435 4535 4436
f 4436 4535 4536
f 4436 4536 4437
f 4437 4536 4537
f 4437 4537 4438
f 4438 4537 4538
f 4438 4538 4439
f 4439 4538 4539
f 4439 4539 4440
f 4440 4539 4540
f 4440 4540 4441
f 4441 4540 4541
f 4441 4541 4442
f 4442 4541 4542
f 4442 4542 4443
f 4443 4542 4543
f 4443 4543 4444
f 4444 4543 4544
f 4444 4544 4445
f 4445 4544 4545
f 4445 4545 4446
f 4446 4545 4546
f 4446 4546 4447
f 4447 4546 4547
f 4447 4547 4448
f 4448 4547 4548
f 4448 4548 4449
f 4449 4548 4549
f 4449 4549 4450
f 4450 4549 4550
f 4450 4550 4451
f 4451 4550 4551
f 4451 4551 4452
f 4452 4551 4552
f 4452 4552 4453
f 4453 4552 4553
f 4453 4553 4454
f 4454 4553 4554
f 4454 4554 4455
f 4455 4554 4555
f 4455 4555 4456
f 4456 4555 4556
f 4456 4556 4457
f 4457 4556 4557
f 4457 4557 4458
f 4458 4557 4558
f 4458 4558 4459
f 4459 4558 4559
f 4459 4559 4460
f 4460 4559 4560
f 4460 4560 4461
f 4461 4560 4561
f 4461 4561 4462
f 4462 4561 4562
f 4462 4562 4463
f 4463 4562 4563
f 4463 4563 4464
f 4464 4563 4564
f 4464 4564 4465
f 4465 4564 4565
f 4465 4565 4466
f 4466 4565 4566
f 4466 4566 4467
f 4467 4566 4567
f 4467 4567 4468
f 4468 4567 4568
f 4468 4568 4469
f 4469 4568 4569
f 4469 4569 4470
f 4470 4569 4570
f 4470 4570 4471
f 4471 4570 4571
f 4471 4571 4472
f 4472 4571 4572
f 4472 4572 4473
f 4473 4572 4573
f 4473 4573 4474
f 4474 4573 4574
f 4474 4574 4475
f 4475 4574 4575
f 4475 4575 4476
f 4476 4575 4576
f 4476 4576 4477
f 4477 4576 4577
f 4477 4577 4478
f 4478 4577 4578
f 4478 4578 4479
f 4479 4578 4579
f 4479 4579 4480
f 4480 4579 4580
f 4480 4580 4481
f 4481 4580 4581
f 4481 4581 4482
f 4482 4581 4582
f 4482 4582 4483
f 4483 4582 4583
f 4483 4583 4484
f 4484 4583 4584
f 4484 4584 4485
f 4485 4584 4585
f 4485 4585 4486
f 4486 4585 4586
f 4486 4586 4487
f 4487 4586 4587
f 4487 4587 4488
f 4488 4587 4588
f 4488 4588 4489
f 4489 4588 4589
f 4489 4589 4490
f 4490 4589 4590
f 4490 4590 4491
f 4491 4590 4591
f 4491 4591 4492
f 4492 4591 4592
f 4492 4592 4493
f 4493 4592 4593
f 4493 4593 4494
f 4494 4593 4594
f 4494 4594 4495
f 4495 4594 4595
f 4495 4595 4496
f 4496 4595 4596
f 4496 4596 4497
f 4497 4596 4597
f 4497 4597 4498
f 4498 4597 4598
f 4498 4598 4499
f 4499 4598 4599
f 4499 4599 4500
f 4500 4599 4600
f 4500 4600 4501
f 4501 4600 4601
f 4501 4601 4402
f 4402 4601 4502
f 4502 4602 4503
f 4503 4602 4603
f 4503 4603 4504
f 4504 4603 4604
f 4504 4604 4505
f 4505 4604 4605
f 4505 4605 4506
f 4506 4605 4606
f 4506 4606 4507
f 4507 4606 4607
f 4507 4607 4508
f 4508 4607 4608
f 4508 4608 4509
f 4509 4608 4609
f 4509 4609 4510
f 4510 4609 4610
f 4510 4610 4511
f 4511 4610 4611
f 4511 4611 4512
f 4512 4611 4612
f 4512 4612 4513
f 4513 4612 4613
f 4513 4613 4514
f 4514 4613 4614
f 4514 4614 4515
f 4515 4614 4615
f 4515 4615 4516
f 4516 4615 4616
f 4516 4616 4517
f 4517 4616 4617
f 4517 4617 4518
f 4518 4617 4618
f 4518 4618 4519
f 4519 4618 4619
f 4519 4619 4520
f 4520 4619 4620
f 4520 4620 4521
f 4521 4620 4621
f 4521 4621 4522
f 4522 4621 4622
f 4522 4622 4523
f 4523 4622 4623
f 4523 4623 4524
f 4524 4623 4624
f 4524 4624 4525
f 4525 4624 4625
f 4525 4625 4526
f 4526 4625 4626
f 4526 4626 4527
f 4527 4626 4627
f 4527 4627 4528
f 4528 4627 4628
f 4528 4628 4529
f 4529 4628 4629
f 4529 4629 4530
f 4530 4629 4630
f 4530 4630 4531
f 4531 4630 4631
f 4531 4631 4532
f 4532 4631 4632
f 4532 4632 4533
f 4533 4632 4633
f 4533 4633 4534
f 4534 4633 4634
f 4534 4634 4535
f 4535 4634 4635
f 4535 4635 4536
f 4536 4635 4636
f 4536 4636 4537
f 4537 4636 4637
f 4537 4637 4538
f 4538 4637 4638
f 4538 4638 4539
f 4539 4638 4639
f 4539 4639 4540
f 4540 4639 4640
f 4540 4640 4541
f 4541 4640 4641
f 4541 4641 4542
f 4542 4641 4642
f 4542 4642 4543
f 4543 4642 4643
f 4543 4643 4544
f 4544 4643 4644
f 4544 4644 4545
f 4545 4644 4645
f 4545 4645 4546
f 4546 4645 4646
f 4546 4646 4547
f 4547 4646 4647
f 4547 4647 4548
f 4548 4647 4648
f 4548 4648 4549
f 4549 4648 4649
f 4549 4649 4550
f 4550 4649 4650
f 4550 4650 4551
f 4551 4650 4651
f 4551 4651 4552
f 4552 4651 4652
f 4552 4652 4553
f 4553 4652 4653
f 4553 4653 4554
f 4554 4653 4654
f 4554 4654 4555
f 4555 4654 4655
f 4555 4655 4556
f 4556 4655 4656
f 4556 4656 4557
f 4557 4656 4657
f 4557 4657 4558
f 4558 4657 4658
f 4558 4658 4559
f 4559 4658 4659
f 4559 4659 4560
f 4560 4659 4660
f 4560 4660 4561
f 4561 4660 4661
f 4561 4661 4562
f 4562 4661 4662
f 4562 4662 4563
f 4563 4662 4663
f 4563 4663 4564
f 4564 4663 4664
f 4564 4664 4565
f 4565 4664 4665
f 4565 4665 4566
f 4566 4665 4666
f 4566 4666 4567
f 4567 4666 4667
f 4567 4667 4568
f 4568 4667 4668
f 4568 4668 4569
f 4569 4668 4669
f 4569 4669 4570
f 4570 4669 4670
f 4570 4670 4571
f 4571 4670 4671
f 4571 4671 4572
f 4572 4671 4672
f 4572 4672 4573
f 4573 4672 4673
f 4573 4673 4574
f 4574 4673 4674
f 4574 4674 4575
f 4575 4674 4675
f 4575 4675 4576
f 4576 4675 4676
f 4576 4676 4577
f 4577 4676 4677
f 4577 4677 4578
f 4578 4677 4678
f 4578 4678 4579
f 4579 4678 4679
f 4579 4679 4580
f 4580 4679 4680
f 4580 4680 4581
f 4581 4680 4681
f 4581 4681 4582
f 4582 4681 4682
f 4582 4682 4583
f 4583 4682 4683
f 4583 4683 4584
f 4584 4683 4684
f 4584 4684 4585
f 4585 4684 4685
f 4585 4685 4586
f 4586 4685 4686
f 4586 4686 4587
f 4587 4686 4687
f 4587 4687 4588
f 4588 4687 4688
f 4588 4688 4589
f 4589 4688 4689
f 4589 4689 4590
f 4590 4689 4690
f 4590 4690 4591
f 4591 4690 4691
f 4591 4691 4592
f 4592 4691 4692
f 4592 4692 4593
f 4593 4692 4693
f 4593 4693 4594
f 4594 4693 4694
f 4594 4694 4595
f 4595 4694 4695
f 4595 4695 4596
f 4596 4695 4696
f 4596 4696 4597
f 4597 4696 4697
f 4597 4697 4598
f 4598 4697 4698
f 4598 4698 4599
f 4599 4698 4699
f 4599 4699 4600
f 4600 4699 4700
f 4600 4700 4601
f 4601 4700 4701
f 4601 4701 4502
f 4502 4701 4602
f 4602 4702 4603
f 4603 4702 4703
f 4603 4703 4604
f 4604 4703 4704
f 4604 4704 4605
f 4605 4704 4705
f 4605 4705 4606
f 4606 4705 4706
f 4606 4706 4607
f 4607 4706 4707
f 4607 4707 4608
f 4608 4707 4708
f 4608 4708 4609
f 4609 4708 4709
f 4609 4709 4610
f 4610 4709 4710
f 4610 4710 4611
f 4611 4710 4711
f 4611 4711 4612
f 4612 4711 4712
f 4612 4712 4613
f 4613 4712 4713
f 4613 4713 4614
f 4614 4713 4714
f 4614 4714 4615
f 4615 4714 4715
f 4615 4715 4616
f 4616 4715 4716
f 4616 4716 4617
f 4617 4716 4717
f 4617 4717 4618
f 4618 4717 4718
f 4618 4718 4619
f 4619 4718 4719
f 4619 4719 4620
f 4620 4719 4720
f 4620 4720 4621
f 4621 4720 4721
f 4621 4721 4622
f 4622 4721 4722
f 4622 4722 4623
f 4623 4722 4723
f 4623 4723 4624
f 4624 4723 4724
f 4624 4724 4625
f 4625 4724 4725
f 4625 4725 4626
f 4626 4725 4726
f 4626 4726 4627
f 4627 4726 4727
f 4627 4727 4628
f 4628 4727 4728
f 4628 4728 4629
f 4629 4728 4729
f 4629 4729 4630
f 4630 4729 4730
f 4630 4730 4631
f 4631 4730 4731
f 4631 4731 4632
f 4632 4731 4732
f 4632 4732 4633
f 4633 4732 4733
f 4633 4733 4634
f 4634 4733 4734
f 4634 4734 4635
f 4635 4734 4735
f 4635 4735 4636
f 4636 4735 4736
f 4636 4736 4637
f 4637 4736 4737
f 4637 4737 4638
f 4638 4737 4738
f 4638 4738 4639
f 4639 4738 4739
f 4639 4739 4640
f 4640 4739 4740
f 4640 4740 4641
f 4641 4740 4741
f 4641 4741 4642
f 4642 4741 4742
f 4642 4742 4643
f 4643 4742 4743
f 4643 4743 4644
f 4644 4743 4744
f 4644 4744 4645
f 4645 4744 4745
f 4645 4745 4646
f 4646 4745 4746
f 4646 4746 4647
f 4647 4746 4747
f 4647 4747 4648
f 4648 4747 4748
f 4648 4748 4649
f 4649 4748 4749
f 4649 4749 4650
f 4650 4749 4750
f 4650 4750 4651
f 4651 4750 4751
f 4651 4751 4652
f 4652 4751 4752
f 4652 4752 4653
f 4653 4752 4753
f 4653 4753 4654
f 4654 4753 4754
f 4654 4754 4655
f 4655 4754 4755
f 4655 4755 4656
f 4656 4755 4756
f 4656 4756 4657
f 4657 4756 4757
f 4657 4757 4658
f 4658 4757 4758
f 4658 4758 4659
f 4659 4758 4759
f 4659 4759 4660
f 4660 4759 4760
f 4660 4760 4661
f 4661 4760 4761
f 4661 4761 4662
f 4662 4761 4762
f 4662 4762 4663
f 4663 4762 4763
f 4663 4763 4664
f 4664 4763 4764
f 4664 4764 4665
f 4665 4764 4765
f 4665 4765 4666
f 4666 4765 4766
f 4666 4766 4667
f 4667 4766 4767
f 4667 4767 4668
f 4668 4767 4768
f 4668 4768 4669
f 4669 4768 4769
f 4669 4769 4670
f 4670 4769 4770
f 4670 4770 4671
f 4671 4770 4771
f 4671 4771 4672
f 4672 4771 4772
f 4672 4772 4673
f 4673 4772 4773
f 4673 4773 4674
f 4674 4773 4774
f 4674 4774 4675
f 4675 4774 4775
f 4675 4775 4676
f 4676 4775 4776
f 4676 4776 4677
f 4677 4776 4777
f 4677 4777 4678
f 4678 4777 4778
f 4678 4778 4679
f 4679 4778 4779
f 4679 4779 4680
f 4680 4779 4780
f 4680 4780 4681
f 4681 4780 4781
f 4681 4781 4682
f 4682 4781 4782
f 4682 4782 4683
f 4683 4782 4783
f 4683 4783 4684
f 4684 4783 4784
f 4684 4784 4685
f 4685 4784 4785
f 4685 4785 4686
f 4686 4785 4786
f 4686 4786 4687
f 4687 4786 4787
f 4687 4787 4688
f 4688 4787 4788
f 4688 4788 4689
f 4689 4788 4789
f 4689 4789 4690
f 4690 4789 4790
f 4690 4790 4691
f 4691 4790 4791
f 4691 4791 4692
f 4692 4791 4792
f 4692 4792 4693
f 4693 4792 4793
f 4693 4793 4694
f 4694 4793 4794
f 4694 4794 4695
f 4695 4794 4795
f 4695 4795 4696
f 4696 4795 4796
f 4696 4796 4697
f 4697 4796 4797
f 4697 4797 4698
f 4698 4797 4798
f 4698 4798 4699
f 4699 4798 4799
f 4699 4799 4700
f 4700 4799 4800
f 4700 4800 4701
f 4701 4800 4801
f 4701 4801 4602
f 4602 4801 4702
f 4702 4802 4703
f 4703 4802 4704
f 4704 4802 4705
f 4705 4802 4706
f 4706 4802 4707
f 4707 4802 4708
f 4708 4802 4709
f 4709 4802 4710
f 4710 4802 4711
f 4711 4802 4712
f 4712 4802 4713
f 4713 4802 4714
f 4714 4802 4715
f 4715 4802 4716
f 4716 4802 4717
f 4717 4802 4718
f 4718 4802 4719
f 4719 4802 4720
f 4720 4802 4721
f 4721 4802 4722
f 4722 4802 4723
f 4723 4802 4724
f 4724 4802 4725
f 4725 4802 4726
f 4726 4802 4727
f 4727 4802 4728
f 4728 4802 4729
f 4729 4802 4730
f 4730 4802 4731
f 4731 4802 4732
f 4732 4802 4733
f 4733 4802 4734
f 4734 4802 4735
f 4735 4802 4736
f 4736 4802 4737
f 4737 4802 4738
f 4738 4802 4739
f 4739 4802 4740
f 4740 4802 4741
f 4741 4802 4742
f 4742 4802 4743
f 4743 4802 4744
f 4744 4802 4745
f 4745 4802 4746
f 4746 4802 4747
f 4747 4802 4748
f 4748 4802 4749
f 4749 4802 4750
f 4750 4802 4751
f 4751 4802 4752
f 4752 4802 4753
f 4753 4802 4754
f 4754 4802 4755
f 4755 4802 4756
f 4756 4802 4757
f 4757 4802 4758
f 4758 4802 4759
f 4759 4802 4760
f 4760 4802 4761
f 4761 4802 4762
f 4762 4802 4763
f 4763 4802 4764
f 4764 4802 4765
f 4765 4802 4766
f 4766 4802 4767
f 4767 4802 4768
f 4768 4802 4769
f 4769 4802 4770
f 4770 4802 4771
f 4771 4802 4772
f 4772 4802 4773
f 4773 4802 4774
f 4774 4802 4775
f 4775 4802 4776
f 4776 4802 4777
f 4777 4802 4778
f 4778 4802 4779
f 4779 4802 4780
f 4780 4802 4781
f 4781 4802 4782
f 4782 4802 4783
f 4783 4802 4784
f 4784 4802 4785
f 4785 4802 4786
f 4786 4802 4787
f 4787 4802 4788
f 4788 4802 4789
f 4789 4802 4790
f 4790 4802 4791
f 4791 4802 4792
f 4792 4802 4793
f 4793 4802 4794
f 4794 4802 4795
f 4795 4802 4796
f 4796 4802 4797
f 4797 4802 4798
f 4798 4802 4799
f 4799 4802 4800
f 4800 4802 4801
f 4801 4802 4702
