TITLE     = "Magnetic map of TYC 6878-0195-1, 2013-06-23, from 16 ESPaDOnS spectra (program tyc-6878-0195-1-2013-06)"
VARIABLES = "Longitude [Deg]" "Latitude [Deg]" "B<sub>R</sub> [G]" "B<sub>A</sub> [G]" "B<sub>M</sub> [G]"
ZONE I=73, J=37, K=1, ZONETYPE=Ordered
DATAPACKING=POINT
DT=(SINGLE SINGLE SINGLE SINGLE SINGLE)
      0.00000    -90.00000    -37.42240      3.06430    -14.80052
      5.00000    -90.00000    -37.42240      4.34281    -14.47716
     10.00000    -90.00000    -37.42240      5.58827    -14.04362
     15.00000    -90.00000    -37.42239      6.79121    -13.50320
     20.00000    -90.00000    -37.42239      7.94245    -12.86001
     25.00000    -90.00000    -37.42239      9.03325    -12.11895
     30.00000    -90.00000    -37.42239     10.05530    -11.28565
     35.00000    -90.00000    -37.42239     11.00083    -10.36647
     40.00000    -90.00000    -37.42238     11.86263     -9.36839
     45.00000    -90.00000    -37.42238     12.63415     -8.29901
     50.00000    -90.00000    -37.42238     13.30952     -7.16647
     55.00000    -90.00000    -37.42238     13.88359     -5.97939
     60.00000    -90.00000    -37.42237     14.35201     -4.74680
     65.00000    -90.00000    -37.42237     14.71119     -3.47809
     70.00000    -90.00000    -37.42237     14.95841     -2.18291
     75.00000    -90.00000    -37.42237     15.09179     -0.87111
     80.00000    -90.00000    -37.42237     15.11032      0.44732
     85.00000    -90.00000    -37.42237     15.01384      1.76234
     90.00000    -90.00000    -37.42237     14.80310      3.06395
     95.00000    -90.00000    -37.42237     14.47970      4.34224
    100.00000    -90.00000    -37.42237     14.04610      5.58749
    105.00000    -90.00000    -37.42236     13.50561      6.79021
    110.00000    -90.00000    -37.42236     12.86232      7.94125
    115.00000    -90.00000    -37.42236     12.12115      9.03186
    120.00000    -90.00000    -37.42236     11.28773     10.05373
    125.00000    -90.00000    -37.42236     10.36840     10.99908
    130.00000    -90.00000    -37.42237      9.37016     11.86072
    135.00000    -90.00000    -37.42237      8.30060     12.63210
    140.00000    -90.00000    -37.42237      7.16788     13.30734
    145.00000    -90.00000    -37.42237      5.98060     13.88130
    150.00000    -90.00000    -37.42237      4.74781     14.34962
    155.00000    -90.00000    -37.42237      3.47888     14.70872
    160.00000    -90.00000    -37.42237      2.18348     14.95589
    165.00000    -90.00000    -37.42237      0.87146     15.08923
    170.00000    -90.00000    -37.42238     -0.44719     15.10774
    175.00000    -90.00000    -37.42238     -1.76244     15.01126
    180.00000    -90.00000    -37.42238     -3.06428     14.80054
    185.00000    -90.00000    -37.42238     -4.34279     14.47718
    190.00000    -90.00000    -37.42238     -5.58825     14.04364
    195.00000    -90.00000    -37.42239     -6.79119     13.50322
    200.00000    -90.00000    -37.42239     -7.94243     12.86003
    205.00000    -90.00000    -37.42239     -9.03323     12.11896
    210.00000    -90.00000    -37.42239    -10.05529     11.28567
    215.00000    -90.00000    -37.42240    -11.00081     10.36648
    220.00000    -90.00000    -37.42240    -11.86262      9.36840
    225.00000    -90.00000    -37.42240    -12.63414      8.29902
    230.00000    -90.00000    -37.42240    -13.30950      7.16648
    235.00000    -90.00000    -37.42240    -13.88358      5.97940
    240.00000    -90.00000    -37.42241    -14.35199      4.74681
    245.00000    -90.00000    -37.42241    -14.71117      3.47810
    250.00000    -90.00000    -37.42241    -14.95839      2.18292
    255.00000    -90.00000    -37.42241    -15.09177      0.87112
    260.00000    -90.00000    -37.42241    -15.11030     -0.44731
    265.00000    -90.00000    -37.42241    -15.01382     -1.76233
    270.00000    -90.00000    -37.42242    -14.80308     -3.06394
    275.00000    -90.00000    -37.42242    -14.47968     -4.34223
    280.00000    -90.00000    -37.42242    -14.04608     -5.58748
    285.00000    -90.00000    -37.42242    -13.50558     -6.79020
    290.00000    -90.00000    -37.42242    -12.86229     -7.94124
    295.00000    -90.00000    -37.42242    -12.12112     -9.03185
    300.00000    -90.00000    -37.42242    -11.28769    -10.05371
    305.00000    -90.00000    -37.42242    -10.36836    -10.99907
    310.00000    -90.00000    -37.42242     -9.37012    -11.86071
    315.00000    -90.00000    -37.42242     -8.30057    -12.63208
    320.00000    -90.00000    -37.42241     -7.16785    -13.30732
    325.00000    -90.00000    -37.42241     -5.98057    -13.88128
    330.00000    -90.00000    -37.42241     -4.74778    -14.34960
    335.00000    -90.00000    -37.42241     -3.47885    -14.70870
    340.00000    -90.00000    -37.42241     -2.18345    -14.95587
    345.00000    -90.00000    -37.42241     -0.87143    -15.08921
    350.00000    -90.00000    -37.42241      0.44722    -15.10771
    355.00000    -90.00000    -37.42240      1.76246    -15.01124
    360.00000    -90.00000    -37.42240      3.06430    -14.80052
      0.00000    -85.00000    -38.16849      4.12191    -13.79664
      5.00000    -85.00000    -37.98921      5.33986    -13.47805
     10.00000    -85.00000    -37.80549      6.52762    -13.06210
     15.00000    -85.00000    -37.61844      7.67814    -12.55135
     20.00000    -85.00000    -37.42921      8.78447    -11.94869
     25.00000    -85.00000    -37.23891      9.83978    -11.25735
     30.00000    -85.00000    -37.04867     10.83727    -10.48097
     35.00000    -85.00000    -36.85963     11.77019     -9.62360
     40.00000    -85.00000    -36.67293     12.63187     -8.68984
     45.00000    -85.00000    -36.48974     13.41575     -7.68480
     50.00000    -85.00000    -36.31123     14.11544     -6.61425
     55.00000    -85.00000    -36.13858     14.72481     -5.48460
     60.00000    -85.00000    -35.97302     15.23810     -4.30295
     65.00000    -85.00000    -35.81575     15.65003     -3.07706
     70.00000    -85.00000    -35.66801     15.95593     -1.81537
     75.00000    -85.00000    -35.53100     16.15181     -0.52691
     80.00000    -85.00000    -35.40593     16.23453      0.77874
     85.00000    -85.00000    -35.29395     16.20185      2.09157
     90.00000    -85.00000    -35.19617     16.05250      3.40124
     95.00000    -85.00000    -35.11363     15.78627      4.69717
    100.00000    -85.00000    -35.04728     15.40402      5.96870
    105.00000    -85.00000    -34.99794     14.90768      7.20519
    110.00000    -85.00000    -34.96631     14.30028      8.39617
    115.00000    -85.00000    -34.95294     13.58590      9.53144
    120.00000    -85.00000    -34.95820     12.76966     10.60121
    125.00000    -85.00000    -34.98231     11.85763     11.59620
    130.00000    -85.00000    -35.02525     10.85679     12.50772
    135.00000    -85.00000    -35.08684      9.77498     13.32779
    140.00000    -85.00000    -35.16670      8.62076     14.04921
    145.00000    -85.00000    -35.26423      7.40340     14.66563
    150.00000    -85.00000    -35.37867      6.13272     15.17156
    155.00000    -85.00000    -35.50906      4.81905     15.56251
    160.00000    -85.00000    -35.65429      3.47310     15.83494
    165.00000    -85.00000    -35.81309      2.10591     15.98632
    170.00000    -85.00000    -35.98408      0.72869     16.01517
    175.00000    -85.00000    -36.16574     -0.64721     15.92105
    180.00000    -85.00000    -36.35649     -2.01045     15.70455
    185.00000    -85.00000    -36.55467     -3.34976     15.36734
    190.00000    -85.00000    -36.75857     -4.65408     14.91208
    195.00000    -85.00000    -36.96644     -5.91261     14.34249
    200.00000    -85.00000    -37.17653     -7.11493     13.66325
    205.00000    -85.00000    -37.38708     -8.25110     12.87998
    210.00000    -85.00000    -37.59636     -9.31171     11.99924
    215.00000    -85.00000    -37.80265    -10.28803     11.02843
    220.00000    -85.00000    -38.00430    -11.17204      9.97574
    225.00000    -85.00000    -38.19968    -11.95657      8.85009
    230.00000    -85.00000    -38.38726    -12.63531      7.66106
    235.00000    -85.00000    -38.56557    -13.20292      6.41878
    240.00000    -85.00000    -38.73321    -13.65511      5.13381
    245.00000    -85.00000    -38.88891    -13.98864      3.81708
    250.00000    -85.00000    -39.03148    -14.20139      2.47972
    255.00000    -85.00000    -39.15985    -14.29237      1.13294
    260.00000    -85.00000    -39.27309    -14.26170     -0.21205
    265.00000    -85.00000    -39.37039    -14.11062     -1.54422
    270.00000    -85.00000    -39.45109    -13.84142     -2.85280
    275.00000    -85.00000    -39.51467    -13.45743     -4.12743
    280.00000    -85.00000    -39.56077    -12.96292     -5.35821
    285.00000    -85.00000    -39.58916    -12.36307     -6.53582
    290.00000    -85.00000    -39.59981    -11.66383     -7.65157
    295.00000    -85.00000    -39.59280    -10.87189     -8.69752
    300.00000    -85.00000    -39.56838     -9.99457     -9.66647
    305.00000    -85.00000    -39.52695     -9.03968    -10.55204
    310.00000    -85.00000    -39.46902     -8.01550    -11.34868
    315.00000    -85.00000    -39.39524     -6.93058    -12.05173
    320.00000    -85.00000    -39.30637     -5.79372    -12.65735
    325.00000    -85.00000    -39.20326     -4.61380    -13.16257
    330.00000    -85.00000    -39.08686     -3.39973    -13.56525
    335.00000    -85.00000    -38.95817     -2.16031    -13.86399
    340.00000    -85.00000    -38.81825     -0.90421    -14.05813
    345.00000    -85.00000    -38.66819      0.36012    -14.14767
    350.00000    -85.00000    -38.50912      1.62449    -14.13315
    355.00000    -85.00000    -38.34217      2.88098    -14.01564
    360.00000    -85.00000    -38.16849      4.12191    -13.79664
      0.00000    -80.00000    -38.59152      5.23344    -12.86215
      5.00000    -80.00000    -38.25021      6.39340    -12.53285
     10.00000    -80.00000    -37.90311      7.52414    -12.12067
     15.00000    -80.00000    -37.55169      8.62228    -11.62768
     20.00000    -80.00000    -37.19726      9.68431    -11.05565
     25.00000    -80.00000    -36.84109     10.70638    -10.40606
     30.00000    -80.00000    -36.48440     11.68401     -9.68027
     35.00000    -80.00000    -36.12845     12.61193     -8.87971
     40.00000    -80.00000    -35.77459     13.48401     -8.00607
     45.00000    -80.00000    -35.42426     14.29329     -7.06163
     50.00000    -80.00000    -35.07908     15.03216     -6.04941
     55.00000    -80.00000    -34.74086     15.69256     -4.97341
     60.00000    -80.00000    -34.41161     16.26634     -3.83869
     65.00000    -80.00000    -34.09357     16.74560     -2.65138
     70.00000    -80.00000    -33.78918     17.12293     -1.41871
     75.00000    -80.00000    -33.50113     17.39171     -0.14890
     80.00000    -80.00000    -33.23227     17.54628      1.14891
     85.00000    -80.00000    -32.98558     17.58207      2.46476
     90.00000    -80.00000    -32.76418     17.49568      3.78789
     95.00000    -80.00000    -32.57116     17.28497      5.10690
    100.00000    -80.00000    -32.40957     16.94915      6.40978
    105.00000    -80.00000    -32.28230     16.48883      7.68413
    110.00000    -80.00000    -32.19199     15.90613      8.91732
    115.00000    -80.00000    -32.14088     15.20468     10.09681
    120.00000    -80.00000    -32.13075     14.38966     11.21042
    125.00000    -80.00000    -32.16284     13.46768     12.24667
    130.00000    -80.00000    -32.23774     12.44666     13.19507
    135.00000    -80.00000    -32.35535     11.33562     14.04632
    140.00000    -80.00000    -32.51491     10.14448     14.79242
    145.00000    -80.00000    -32.71496      8.88380     15.42678
    150.00000    -80.00000    -32.95344      7.56463     15.94409
    155.00000    -80.00000    -33.22772      6.19831     16.34031
    160.00000    -80.00000    -33.53472      4.79643     16.61253
    165.00000    -80.00000    -33.87101      3.37072     16.75887
    170.00000    -80.00000    -34.23291      1.93299     16.77845
    175.00000    -80.00000    -34.61656      0.49512     16.67132
    180.00000    -80.00000    -35.01806     -0.93104     16.43845
    185.00000    -80.00000    -35.43348     -2.33378     16.08173
    190.00000    -80.00000    -35.85896     -3.70155     15.60397
    195.00000    -80.00000    -36.29074     -5.02311     15.00883
    200.00000    -80.00000    -36.72515     -6.28754     14.30082
    205.00000    -80.00000    -37.15870     -7.48426     13.48528
    210.00000    -80.00000    -37.58797     -8.60309     12.56840
    215.00000    -80.00000    -38.00972     -9.63422     11.55726
    220.00000    -80.00000    -38.42079    -10.56828     10.45989
    225.00000    -80.00000    -38.81811    -11.39648      9.28534
    230.00000    -80.00000    -39.19871    -12.11075      8.04378
    235.00000    -80.00000    -39.55970    -12.70399      6.74641
    240.00000    -80.00000    -39.89830    -13.17036      5.40544
    245.00000    -80.00000    -40.21183    -13.50550      4.03384
    250.00000    -80.00000    -40.49776    -13.70677      2.64508
    255.00000    -80.00000    -40.75376    -13.77330      1.25278
    260.00000    -80.00000    -40.97775    -13.70604     -0.12964
    265.00000    -80.00000    -41.16789    -13.50762     -1.48931
    270.00000    -80.00000    -41.32271    -13.18217     -2.81412
    275.00000    -80.00000    -41.44106    -12.73506     -4.09298
    280.00000    -80.00000    -41.52221    -12.17270     -5.31578
    285.00000    -80.00000    -41.56582    -11.50233     -6.47347
    290.00000    -80.00000    -41.57198    -10.73191     -7.55799
    295.00000    -80.00000    -41.54120     -9.86999     -8.56222
    300.00000    -80.00000    -41.47439     -8.92571     -9.47995
    305.00000    -80.00000    -41.37287     -7.90875    -10.30593
    310.00000    -80.00000    -41.23832     -6.82922    -11.03591
    315.00000    -80.00000    -41.07271     -5.69759    -11.66669
    320.00000    -80.00000    -40.87830     -4.52443    -12.19622
    325.00000    -80.00000    -40.65756     -3.32019    -12.62357
    330.00000    -80.00000    -40.41308     -2.09495    -12.94887
    335.00000    -80.00000    -40.14750     -0.85815    -13.17324
    340.00000    -80.00000    -39.86346      0.38164    -13.29855
    345.00000    -80.00000    -39.56352      1.61680    -13.32726
    350.00000    -80.00000    -39.25010      2.84075    -13.26215
    355.00000    -80.00000    -38.92542      4.04788    -13.10615
    360.00000    -80.00000    -38.59152      5.23344    -12.86215
      0.00000    -75.00000    -38.72268      6.42711    -12.05668
      5.00000    -75.00000    -38.23753      7.55629    -11.71794
     10.00000    -75.00000    -37.74756      8.65625    -11.29895
     15.00000    -75.00000    -37.25339      9.72481    -10.80120
     20.00000    -75.00000    -36.75556     10.75985    -10.22686
     25.00000    -75.00000    -36.25465     11.75905     -9.57865
     30.00000    -75.00000    -35.75138     12.71957     -8.85952
     35.00000    -75.00000    -35.24674     13.63761     -8.07257
     40.00000    -75.00000    -34.74192     14.50815     -7.22095
     45.00000    -75.00000    -34.23840     15.32489     -6.30797
     50.00000    -75.00000    -33.73790     16.08054     -5.33715
     55.00000    -75.00000    -33.24238     16.76734     -4.31206
     60.00000    -75.00000    -32.75405     17.37761     -3.23612
     65.00000    -75.00000    -32.27546     17.90424     -2.11228
     70.00000    -75.00000    -31.80951     18.34071     -0.94277
     75.00000    -75.00000    -31.35961     18.68093      0.27075
     80.00000    -75.00000    -30.92973     18.91871      1.52665
     85.00000    -75.00000    -30.52456     19.04731      2.82231
     90.00000    -75.00000    -30.14948     19.05918      4.15287
     95.00000    -75.00000    -29.81059     18.94619      5.51000
    100.00000    -75.00000    -29.51455     18.70036      6.88109
    105.00000    -75.00000    -29.26837     18.31495      8.24910
    110.00000    -75.00000    -29.07907     17.78573      9.59320
    115.00000    -75.00000    -28.95326     17.11212     10.89022
    120.00000    -75.00000    -28.89670     16.29786     12.11653
    125.00000    -75.00000    -28.91382     15.35107     13.25010
    130.00000    -75.00000    -29.00734     14.28370     14.27232
    135.00000    -75.00000    -29.17798     13.11041     15.16924
    140.00000    -75.00000    -29.42437     11.84722     15.93201
    145.00000    -75.00000    -29.74311     10.51018     16.55661
    150.00000    -75.00000    -30.12904      9.11442     17.04284
    155.00000    -75.00000    -30.57563      7.67361     17.39302
    160.00000    -75.00000    -31.07545      6.20000     17.61071
    165.00000    -75.00000    -31.62061      4.70482     17.69960
    170.00000    -75.00000    -32.20319      3.19888     17.66293
    175.00000    -75.00000    -32.81550      1.69297     17.50335
    180.00000    -75.00000    -33.45032      0.19812     17.22310
    185.00000    -75.00000    -34.10101     -1.27444     16.82432
    190.00000    -75.00000    -34.76151     -2.71359     16.30940
    195.00000    -75.00000    -35.42640     -4.10859     15.68103
    200.00000    -75.00000    -36.09084     -5.44915     14.94224
    205.00000    -75.00000    -36.75048     -6.72533     14.09630
    210.00000    -75.00000    -37.40139     -7.92717     13.14677
    215.00000    -75.00000    -38.03989     -9.04416     12.09774
    220.00000    -75.00000    -38.66240    -10.06494     10.95430
    225.00000    -75.00000    -39.26524    -10.97725      9.72324
    230.00000    -75.00000    -39.84452    -11.76828      8.41373
    235.00000    -75.00000    -40.39605    -12.42556      7.03779
    240.00000    -75.00000    -40.91531    -12.93801      5.61041
    245.00000    -75.00000    -41.39761    -13.29715      4.14919
    250.00000    -75.00000    -41.83816    -13.49803      2.67346
    255.00000    -75.00000    -42.23232    -13.53979      1.20317
    260.00000    -75.00000    -42.57579    -13.42560     -0.24249
    265.00000    -75.00000    -42.86479    -13.16206     -1.64621
    270.00000    -75.00000    -43.09621    -12.75829     -2.99337
    275.00000    -75.00000    -43.26777    -12.22477     -4.27237
    280.00000    -75.00000    -43.37804    -11.57232     -5.47444
    285.00000    -75.00000    -43.42654    -10.81150     -6.59308
    290.00000    -75.00000    -43.41374     -9.95234     -7.62339
    295.00000    -75.00000    -43.34103     -9.00461     -8.56141
    300.00000    -75.00000    -43.21069     -7.97827     -9.40378
    305.00000    -75.00000    -43.02582     -6.88399    -10.14769
    310.00000    -75.00000    -42.79027     -5.73342    -10.79120
    315.00000    -75.00000    -42.50852     -4.53912    -11.33356
    320.00000    -75.00000    -42.18554     -3.31402    -11.77554
    325.00000    -75.00000    -41.82664     -2.07070    -12.11942
    330.00000    -75.00000    -41.43724     -0.82047    -12.36863
    335.00000    -75.00000    -41.02264      0.42715    -12.52711
    340.00000    -75.00000    -40.58780      1.66480    -12.59857
    345.00000    -75.00000    -40.13711      2.88708    -12.58591
    350.00000    -75.00000    -39.67424      4.09011    -12.49093
    355.00000    -75.00000    -39.20206      5.27094    -12.31443
    360.00000    -75.00000    -38.72268      6.42711    -12.05668
      0.00000    -70.00000    -38.58665      7.75510    -11.28850
      5.00000    -70.00000    -37.98406      8.93071    -10.97566
     10.00000    -70.00000    -37.37481     10.08139    -10.55585
     15.00000    -70.00000    -36.75669     11.19531    -10.02791
     20.00000    -70.00000    -36.12855     12.26220     -9.39754
     25.00000    -70.00000    -35.49059     13.27464     -8.67568
     30.00000    -70.00000    -34.84436     14.22805     -7.87643
     35.00000    -70.00000    -34.19251     15.11975     -7.01523
     40.00000    -70.00000    -33.53836     15.94783     -6.10766
     45.00000    -70.00000    -32.88551     16.71055     -5.16859
     50.00000    -70.00000    -32.23729     17.40680     -4.21113
     55.00000    -70.00000    -31.59634     18.03708     -3.24484
     60.00000    -70.00000    -30.96436     18.60444     -2.27329
     65.00000    -70.00000    -30.34201     19.11439     -1.29161
     70.00000    -70.00000    -29.72921     19.57330     -0.28522
     75.00000    -70.00000    -29.12576     19.98538      0.76917
     80.00000    -70.00000    -28.53236     20.34911      1.89981
     85.00000    -70.00000    -27.95159     20.65421      3.13366
     90.00000    -70.00000    -27.38889     20.88051      4.48909
     95.00000    -70.00000    -26.85313     20.99928      5.96937
    100.00000    -70.00000    -26.35675     20.97710      7.55861
    105.00000    -70.00000    -25.91530     20.78127      9.22135
    110.00000    -70.00000    -25.54641     20.38583     10.90596
    115.00000    -70.00000    -25.26840     19.77648     12.55112
    120.00000    -70.00000    -25.09848     18.95355     14.09406
    125.00000    -70.00000    -25.05088     17.93223     15.47886
    130.00000    -70.00000    -25.13516     16.74009     16.66337
    135.00000    -70.00000    -25.35491     15.41234     17.62349
    140.00000    -70.00000    -25.70732     13.98613     18.35418
    145.00000    -70.00000    -26.18343     12.49498     18.86712
    150.00000    -70.00000    -26.76940     10.96489     19.18585
    155.00000    -70.00000    -27.44822      9.41276     19.33941
    160.00000    -70.00000    -28.20165      7.84737     19.35611
    165.00000    -70.00000    -29.01197      6.27232     19.25878
    170.00000    -70.00000    -29.86325      4.68968     19.06228
    175.00000    -70.00000    -30.74195      3.10317     18.77353
    180.00000    -70.00000    -31.63707      1.51981     18.39331
    185.00000    -70.00000    -32.53986     -0.05019     17.91894
    190.00000    -70.00000    -33.44343     -1.59481     17.34667
    195.00000    -70.00000    -34.34243     -3.10206     16.67317
    200.00000    -70.00000    -35.23282     -4.56121     15.89588
    205.00000    -70.00000    -36.11168     -5.96286     15.01270
    210.00000    -70.00000    -36.97699     -7.29779     14.02163
    215.00000    -70.00000    -37.82719     -8.55511     12.92084
    220.00000    -70.00000    -38.66059     -9.72058     11.70960
    225.00000    -70.00000    -39.47470    -10.77582     10.38983
    230.00000    -70.00000    -40.26563    -11.69887      8.96799
    235.00000    -70.00000    -41.02772    -12.46628      7.45669
    240.00000    -70.00000    -41.75353    -13.05609      5.87544
    245.00000    -70.00000    -42.43427    -13.45127      4.25025
    250.00000    -70.00000    -43.06037    -13.64246      2.61183
    255.00000    -70.00000    -43.62222    -13.62964      0.99288
    260.00000    -70.00000    -44.11085    -13.42197     -0.57534
    265.00000    -70.00000    -44.51846    -13.03606     -2.06603
    270.00000    -70.00000    -44.83880    -12.49297     -3.45909
    275.00000    -70.00000    -45.06745    -11.81476     -4.74193
    280.00000    -70.00000    -45.20195    -11.02147     -5.90874
    285.00000    -70.00000    -45.24185    -10.12922     -6.95865
    290.00000    -70.00000    -45.18874     -9.15005     -7.89331
    295.00000    -70.00000    -45.04605     -8.09311     -8.71490
    300.00000    -70.00000    -44.81894     -6.96694     -9.42500
    305.00000    -70.00000    -44.51409     -5.78175    -10.02490
    310.00000    -70.00000    -44.13948     -4.55083    -10.51693
    315.00000    -70.00000    -43.70420     -3.29037    -10.90612
    320.00000    -70.00000    -43.21822     -2.01765    -11.20136
    325.00000    -70.00000    -42.69199     -0.74821    -11.41509
    330.00000    -70.00000    -42.13593      0.50706    -11.56134
    335.00000    -70.00000    -41.55973      1.74352    -11.65251
    340.00000    -70.00000    -40.97166      2.96256    -11.69597
    345.00000    -70.00000    -40.37785      4.16936    -11.69166
    350.00000    -70.00000    -39.78198      5.36948    -11.63176
    355.00000    -70.00000    -39.18521      6.56552    -11.50263
    360.00000    -70.00000    -38.58665      7.75510    -11.28850
      0.00000    -65.00000    -38.17415      9.39532    -10.38433
      5.00000    -65.00000    -37.49667     10.73479    -10.15596
     10.00000    -65.00000    -36.79970     12.05961     -9.76005
     15.00000    -65.00000    -36.07459     13.32887     -9.18958
     20.00000    -65.00000    -35.31797     14.50882     -8.45748
     25.00000    -65.00000    -34.53184     15.57809     -7.59089
     30.00000    -65.00000    -33.72270     16.52791     -6.62462
     35.00000    -65.00000    -32.90020     17.35889     -5.59666
     40.00000    -65.00000    -32.07565     18.07703     -4.54628
     45.00000    -65.00000    -31.26063     18.69168     -3.51321
     50.00000    -65.00000    -30.46523     19.21645     -2.53512
     55.00000    -65.00000    -29.69621     19.67188     -1.64148
     60.00000    -65.00000    -28.95504     20.08764     -0.84384
     65.00000    -65.00000    -28.23662     20.50108     -0.12557
     70.00000    -65.00000    -27.52948     20.95090      0.56414
     75.00000    -65.00000    -26.81792     21.46661      1.30753
     80.00000    -65.00000    -26.08602     22.05686      2.20503
     85.00000    -65.00000    -25.32248     22.70093      3.35365
     90.00000    -65.00000    -24.52517     23.34671      4.82285
     95.00000    -65.00000    -23.70408     23.91663      6.63479
    100.00000    -65.00000    -22.88217     24.32023      8.75468
    105.00000    -65.00000    -22.09405     24.47021     11.09337
    110.00000    -65.00000    -21.38286     24.29814     13.52092
    115.00000    -65.00000    -20.79588     23.76667     15.88713
    120.00000    -65.00000    -20.37918     22.87583     18.04442
    125.00000    -65.00000    -20.17189     21.66256     19.86891
    130.00000    -65.00000    -20.20074     20.19338     21.27658
    135.00000    -65.00000    -20.47598     18.55171     22.23243
    140.00000    -65.00000    -20.98969     16.82204     22.75150
    145.00000    -65.00000    -21.71707     15.07474     22.89160
    150.00000    -65.00000    -22.62068     13.35502     22.73908
    155.00000    -65.00000    -23.65660     11.67902     22.39049
    160.00000    -65.00000    -24.78099     10.03777     21.93417
    165.00000    -65.00000    -25.95550      8.40742     21.43608
    170.00000    -65.00000    -27.15043      6.76204     20.93278
    175.00000    -65.00000    -28.34552      5.08459     20.43239
    180.00000    -65.00000    -29.52858      3.37254     19.92170
    185.00000    -65.00000    -30.69319      1.63738     19.37616
    190.00000    -65.00000    -31.83643     -0.10082     18.76896
    195.00000    -65.00000    -32.95735     -1.82030     18.07686
    200.00000    -65.00000    -34.05641     -3.50280     17.28217
    205.00000    -65.00000    -35.13551     -5.13494     16.37193
    210.00000    -65.00000    -36.19810     -6.70581     15.33611
    215.00000    -65.00000    -37.24860     -8.20252     14.16655
    220.00000    -65.00000    -38.29105     -9.60576     12.85723
    225.00000    -65.00000    -39.32722    -10.88756     11.40608
    230.00000    -65.00000    -40.35470    -12.01215      9.81751
    235.00000    -65.00000    -41.36580    -12.93984      8.10509
    240.00000    -65.00000    -42.34758    -13.63295      6.29342
    245.00000    -65.00000    -43.28308    -14.06251      4.41836
    250.00000    -65.00000    -44.15323    -14.21395      2.52518
    255.00000    -65.00000    -44.93882    -14.09046      0.66440
    260.00000    -65.00000    -45.62218    -13.71288     -1.11409
    265.00000    -65.00000    -46.18820    -13.11605     -2.76726
    270.00000    -65.00000    -46.62505    -12.34237     -4.26403
    275.00000    -65.00000    -46.92458    -11.43419     -5.58769
    280.00000    -65.00000    -47.08261    -10.42692     -6.73496
    285.00000    -65.00000    -47.09904     -9.34479     -7.71215
    290.00000    -65.00000    -46.97767     -8.20036     -8.52968
    295.00000    -65.00000    -46.72577     -6.99798     -9.19712
    300.00000    -65.00000    -46.35346     -5.73996     -9.72062
    305.00000    -65.00000    -45.87331     -4.43315    -10.10392
    310.00000    -65.00000    -45.30005     -3.09337    -10.35263
    315.00000    -65.00000    -44.65056     -1.74537    -10.47978
    320.00000    -65.00000    -43.94368     -0.41774    -10.50980
    325.00000    -65.00000    -43.19966      0.86561    -10.47836
    330.00000    -65.00000    -42.43883      2.09415    -10.42658
    335.00000    -65.00000    -41.67961      3.27564    -10.39103
    340.00000    -65.00000    -40.93625      4.43458    -10.39258
    345.00000    -65.00000    -40.21672      5.60414    -10.42849
    350.00000    -65.00000    -39.52163      6.81416    -10.47106
    355.00000    -65.00000    -38.84460      8.07981    -10.47399
    360.00000    -65.00000    -38.17415      9.39532    -10.38433
      0.00000    -60.00000    -37.43818     11.62249     -9.13924
      5.00000    -60.00000    -36.75122     13.23048     -9.05951
     10.00000    -60.00000    -36.01244     14.83033     -8.73462
     15.00000    -60.00000    -35.20156     16.33049     -8.14985
     20.00000    -60.00000    -34.31354     17.66070     -7.32887
     25.00000    -60.00000    -33.35674     18.78305     -6.31830
     30.00000    -60.00000    -32.34896     19.69020     -5.17331
     35.00000    -60.00000    -31.31351     20.39528     -3.95127
     40.00000    -60.00000    -30.27688     20.92106     -2.71406
     45.00000    -60.00000    -29.26714     21.29483     -1.53348
     50.00000    -60.00000    -28.31145     21.55102     -0.49050
     55.00000    -60.00000    -27.43083     21.73890      0.33879
     60.00000    -60.00000    -26.63270     21.92865      0.91068
     65.00000    -60.00000    -25.90366     22.20855      1.24576
     70.00000    -60.00000    -25.20678     22.66953      1.45013
     75.00000    -60.00000    -24.48649     23.37966      1.71147
     80.00000    -60.00000    -23.68105     24.35719      2.26458
     85.00000    -60.00000    -22.73920     25.55338      3.33425
     90.00000    -60.00000    -21.63540     26.85289      5.07409
     95.00000    -60.00000    -20.37897     28.09248      7.52213
    100.00000    -60.00000    -19.01539     29.09177     10.58701
    105.00000    -60.00000    -17.62079     29.68658     14.06575
    110.00000    -60.00000    -16.29259     29.75689     17.68366
    115.00000    -60.00000    -15.13827     29.24504     21.14260
    120.00000    -60.00000    -14.26310     28.16331     24.16604
    125.00000    -60.00000    -13.75693     26.59088     26.53516
    130.00000    -60.00000    -13.68097     24.66023     28.11416
    135.00000    -60.00000    -14.05703     22.53346     28.86431
    140.00000    -60.00000    -14.86268     20.37145     28.84517
    145.00000    -60.00000    -16.03482     18.30206     28.20127
    150.00000    -60.00000    -17.48152     16.39574     27.13382
    155.00000    -60.00000    -19.09934     14.65648     25.86209
    160.00000    -60.00000    -20.79130     13.03138     24.58229
    165.00000    -60.00000    -22.48073     11.43585     23.43483
    170.00000    -60.00000    -24.11795      9.78539     22.48794
    175.00000    -60.00000    -25.67954      8.02273     21.74078
    180.00000    -60.00000    -27.16204      6.13110     21.14223
    185.00000    -60.00000    -28.57339      4.13110     20.61646
    190.00000    -60.00000    -29.92548      2.06543     20.08616
    195.00000    -60.00000    -31.22981     -0.01959     19.48678
    200.00000    -60.00000    -32.49669     -2.08711     18.77117
    205.00000    -60.00000    -33.73683     -4.11284     17.90740
    210.00000    -60.00000    -34.96305     -6.07941     16.87452
    215.00000    -60.00000    -36.19045     -7.96680     15.65935
    220.00000    -60.00000    -37.43392     -9.74434     14.25514
    225.00000    -60.00000    -38.70380    -11.36769     12.66166
    230.00000    -60.00000    -40.00132    -12.78135     10.88611
    235.00000    -60.00000    -41.31577    -13.92545      8.94476
    240.00000    -60.00000    -42.62471    -14.74495      6.86554
    245.00000    -60.00000    -43.89700    -15.19934      4.69050
    250.00000    -60.00000    -45.09734    -15.27118      2.47665
    255.00000    -60.00000    -46.19066    -14.97121      0.29298
    260.00000    -60.00000    -47.14516    -14.33846     -1.78692
    265.00000    -60.00000    -47.93391    -13.43451     -3.69526
    270.00000    -60.00000    -48.53582    -12.33272     -5.38056
    275.00000    -60.00000    -48.93645    -11.10477     -6.81445
    280.00000    -60.00000    -49.12882     -9.80800     -7.99239
    285.00000    -60.00000    -49.11367     -8.47687     -8.92778
    290.00000    -60.00000    -48.89862     -7.12130     -9.64163
    295.00000    -60.00000    -48.49652     -5.73303    -10.15190
    300.00000    -60.00000    -47.92376     -4.29836    -10.46714
    305.00000    -60.00000    -47.19951     -2.81351    -10.58791
    310.00000    -60.00000    -46.34640     -1.29604    -10.51617
    315.00000    -60.00000    -45.39190      0.21315    -10.26893
    320.00000    -60.00000    -44.36938      1.66016     -9.88966
    325.00000    -60.00000    -43.31742      2.99795     -9.45052
    330.00000    -60.00000    -42.27670      4.20804     -9.04135
    335.00000    -60.00000    -41.28466      5.31399     -8.74748
    340.00000    -60.00000    -40.36893      6.37906     -8.62325
    345.00000    -60.00000    -39.54147      7.48715     -8.67196
    350.00000    -60.00000    -38.79546      8.71341     -8.84077
    355.00000    -60.00000    -38.10647     10.09629     -9.03384
    360.00000    -60.00000    -37.43818     11.62249     -9.13924
      0.00000    -55.00000    -36.30246     14.56819     -7.38076
      5.00000    -55.00000    -35.70324     16.48162     -7.53051
     10.00000    -55.00000    -34.99238     18.37398     -7.36245
     15.00000    -55.00000    -34.13161     20.08609     -6.85430
     20.00000    -55.00000    -33.11779     21.50671     -6.04407
     25.00000    -55.00000    -31.97410     22.59038     -4.99633
     30.00000    -55.00000    -30.73707     23.34867     -3.77376
     35.00000    -55.00000    -29.44736     23.82604     -2.43027
     40.00000    -55.00000    -28.14868     24.07598     -1.02779
     45.00000    -55.00000    -26.89194     24.14985      0.33752
     50.00000    -55.00000    -25.73648     24.10277      1.52313
     55.00000    -55.00000    -24.74041     24.01104      2.36294
     60.00000    -55.00000    -23.93857     23.98792      2.72873
     65.00000    -55.00000    -23.31651     24.18198      2.61011
     70.00000    -55.00000    -22.79481     24.74846      2.17412
     75.00000    -55.00000    -22.23659     25.79893      1.76572
     80.00000    -55.00000    -21.48025     27.34941      1.83398
     85.00000    -55.00000    -20.38637     29.29268      2.80493
     90.00000    -55.00000    -18.87985     31.41017      4.95062
     95.00000    -55.00000    -16.97180     33.41938      8.30660
    100.00000    -55.00000    -14.75657     35.03582     12.66510
    105.00000    -55.00000    -12.39168     36.02615     17.63532
    110.00000    -55.00000    -10.07235     36.23990     22.73608
    115.00000    -55.00000     -8.00865     35.62165     27.48430
    120.00000    -55.00000     -6.40476     34.21221     31.45927
    125.00000    -55.00000     -5.43636     32.14387     34.34309
    130.00000    -55.00000     -5.22422     29.62642     35.94751
    135.00000    -55.00000     -5.80934     26.91751     36.23340
    140.00000    -55.00000     -7.13949     24.27525     35.31924
    145.00000    -55.00000     -9.07560     21.90204     33.46784
    150.00000    -55.00000    -11.41933     19.89712     31.04413
    155.00000    -55.00000    -13.95422     18.23657     28.44705
    160.00000    -55.00000    -16.48761     16.79076     26.03177
    165.00000    -55.00000    -18.88090     15.37438     24.04474
    170.00000    -55.00000    -21.06119     13.81082     22.59137
    175.00000    -55.00000    -23.01456     11.98579     21.64393
    180.00000    -55.00000    -24.76718      9.87103     21.08177
    185.00000    -55.00000    -26.36299      7.51267     20.74470
    190.00000    -55.00000    -27.84590      4.99538     20.47852
    195.00000    -55.00000    -29.25097      2.40311     20.16014
    200.00000    -55.00000    -30.60473     -0.20472     19.70198
    205.00000    -55.00000    -31.93080     -2.79406     19.04496
    210.00000    -55.00000    -33.25588     -5.34017     18.15046
    215.00000    -55.00000    -34.61150     -7.80802     16.99652
    220.00000    -55.00000    -36.02984    -10.14095     15.57691
    225.00000    -55.00000    -37.53521    -12.26158     13.89923
    230.00000    -55.00000    -39.13484    -14.08170     11.98090
    235.00000    -55.00000    -40.81336    -15.51531      9.84534
    240.00000    -55.00000    -42.53342    -16.49089      7.52254
    245.00000    -55.00000    -44.24206    -16.96190      5.05473
    250.00000    -55.00000    -45.87965    -16.91536      2.50378
    255.00000    -55.00000    -47.38777    -16.37749     -0.04574
    260.00000    -55.00000    -48.71363    -15.41355     -2.49271
    265.00000    -55.00000    -49.81204    -14.12012     -4.73452
    270.00000    -55.00000    -50.64689    -12.60991     -6.68633
    275.00000    -55.00000    -51.19367    -10.99180     -8.29694
    280.00000    -55.00000    -51.44197     -9.35076     -9.55451
    285.00000    -55.00000    -51.39583     -7.73287    -10.47962
    290.00000    -55.00000    -51.07025     -6.14046    -11.10785
    295.00000    -55.00000    -50.48555     -4.54090    -11.46944
    300.00000    -55.00000    -49.66284     -2.88868    -11.57506
    305.00000    -55.00000    -48.62382     -1.15501    -11.41578
    310.00000    -55.00000    -47.39523      0.64674    -10.97907
    315.00000    -55.00000    -46.01548      2.45230    -10.27543
    320.00000    -55.00000    -44.53926      4.16268     -9.36325
    325.00000    -55.00000    -43.03706      5.68196     -8.35803
    330.00000    -55.00000    -41.58811      6.96224     -7.41706
    335.00000    -55.00000    -40.26784      8.03474     -6.70083
    340.00000    -55.00000    -39.13250      9.01023     -6.32365
    345.00000    -55.00000    -38.20506     10.04458     -6.31290
    350.00000    -55.00000    -37.46713     11.28158     -6.59463
    355.00000    -55.00000    -36.86090     12.79702     -7.01353
    360.00000    -55.00000    -36.30246     14.56819     -7.38076
      0.00000    -50.00000    -34.68516     17.96021     -5.10543
      5.00000    -50.00000    -34.31781     20.14334     -5.61859
     10.00000    -50.00000    -33.74083     22.27021     -5.74507
     15.00000    -50.00000    -32.88948     24.10003     -5.45213
     20.00000    -50.00000    -31.77176     25.47902     -4.79948
     25.00000    -50.00000    -30.44241     26.36762     -3.87454
     30.00000    -50.00000    -28.96757     26.82050     -2.73614
     35.00000    -50.00000    -27.40301     26.94062     -1.40262
     40.00000    -50.00000    -25.79909     26.83418      0.10641
     45.00000    -50.00000    -24.22500     26.58690      1.69942
     50.00000    -50.00000    -22.78841     26.27025      3.16368
     55.00000    -50.00000    -21.62428     25.97260      4.18765
     60.00000    -50.00000    -20.84352     25.83466      4.47411
     65.00000    -50.00000    -20.46058     26.05824      3.90830
     70.00000    -50.00000    -20.34033     26.86437      2.69776
     75.00000    -50.00000    -20.20338     28.40612      1.39342
     80.00000    -50.00000    -19.70026     30.67749      0.75275
     85.00000    -50.00000    -18.52537     33.47312      1.49110
     90.00000    -50.00000    -16.51769     36.42883      4.03371
     95.00000    -50.00000    -13.70402     39.12405      8.38217
    100.00000    -50.00000    -10.27642     41.19097     14.14200
    105.00000    -50.00000     -6.53179     42.37957     20.67099
    110.00000    -50.00000     -2.81269     42.56599     27.25655
    115.00000    -50.00000      0.52893     41.73079     33.24448
    120.00000    -50.00000      3.15237     39.94358     38.09697
    125.00000    -50.00000      4.75499     37.36806     41.40953
    130.00000    -50.00000      5.11844     34.27011     42.92912
    135.00000    -50.00000      4.16370     30.99865     42.59125
    140.00000    -50.00000      1.98806     27.92260     40.55840
    145.00000    -50.00000     -1.14161     25.33724     37.22415
    150.00000    -50.00000     -4.84470     23.37687     33.15778
    155.00000    -50.00000     -8.71419     21.97420     28.99244
    160.00000    -50.00000    -12.40417     20.88876     25.28909
    165.00000    -50.00000    -15.68870     19.79587     22.42218
    170.00000    -50.00000    -18.47781     18.40039     20.52596
    175.00000    -50.00000    -20.79447     16.52785     19.51502
    180.00000    -50.00000    -22.72876     14.15718     19.16242
    185.00000    -50.00000    -24.38996     11.38780     19.19667
    190.00000    -50.00000    -25.87276      8.36638     19.37720
    195.00000    -50.00000    -27.24483      5.21547     19.52647
    200.00000    -50.00000    -28.55298      1.99995     19.52327
    205.00000    -50.00000    -29.83822     -1.25916     19.28043
    210.00000    -50.00000    -31.14858     -4.54228     18.73007
    215.00000    -50.00000    -32.54201     -7.79180     17.82453
    220.00000    -50.00000    -34.07777    -10.89896     16.54469
    225.00000    -50.00000    -35.80082    -13.71940     14.90225
    230.00000    -50.00000    -37.72600    -16.10362     12.93032
    235.00000    -50.00000    -39.82951    -17.92463     10.66876
    240.00000    -50.00000    -42.05116    -19.09462      8.15637
    245.00000    -50.00000    -44.30635    -19.57191      5.43657
    250.00000    -50.00000    -46.50156    -19.36383      2.57289
    255.00000    -50.00000    -48.54630    -18.52765     -0.33772
    260.00000    -50.00000    -50.35838    -17.16770     -3.16540
    265.00000    -50.00000    -51.86528    -15.42492     -5.76569
    270.00000    -50.00000    -53.00745    -13.45774     -8.00987
    275.00000    -50.00000    -53.74560    -11.41653     -9.81433
    280.00000    -50.00000    -54.06773     -9.41619    -11.15554
    285.00000    -50.00000    -53.98853     -7.51332    -12.06297
    290.00000    -50.00000    -53.53841     -5.69583    -12.59260
    295.00000    -50.00000    -52.74770     -3.89264    -12.79244
    300.00000    -50.00000    -51.63655     -2.00656    -12.67680
    305.00000    -50.00000    -50.21778      0.03620    -12.22288
    310.00000    -50.00000    -48.51180      2.23826    -11.39463
    315.00000    -50.00000    -46.56483      4.50870    -10.18546
    320.00000    -50.00000    -44.46058      6.68306     -8.66106
    325.00000    -50.00000    -42.31928      8.58429     -6.97998
    330.00000    -50.00000    -40.28348     10.10134     -5.37673
    335.00000    -50.00000    -38.49381     11.24971     -4.10694
    340.00000    -50.00000    -37.05928     12.18245     -3.37107
    345.00000    -50.00000    -36.02866     13.14054     -3.24524
    350.00000    -50.00000    -35.37152     14.35988     -3.64831
    355.00000    -50.00000    -34.97836     15.97455     -4.36285
    360.00000    -50.00000    -34.68516     17.96021     -5.10543
      0.00000    -45.00000    -32.54573     21.11738     -2.57630
      5.00000    -45.00000    -32.61961     23.51381     -3.65661
     10.00000    -45.00000    -32.32903     25.82222     -4.24876
     15.00000    -45.00000    -31.56823     27.69768     -4.29740
     20.00000    -45.00000    -30.37391     28.92725     -3.90101
     25.00000    -45.00000    -28.86534     29.47703     -3.19936
     30.00000    -45.00000    -27.16092     29.46367     -2.26189
     35.00000    -45.00000    -25.32670     29.08197     -1.05065
     40.00000    -45.00000    -23.39162     28.52791      0.50952
     45.00000    -45.00000    -21.41754     27.94664      2.38627
     50.00000    -45.00000    -19.56829     27.42552      4.31161
     55.00000    -45.00000    -18.11084     27.03789      5.77716
     60.00000    -45.00000    -17.31597     26.91425      6.21029
     65.00000    -45.00000    -17.29293     27.28411      5.28188
     70.00000    -45.00000    -17.85142     28.42964      3.18873
     75.00000    -45.00000    -18.48959     30.54725      0.72582
     80.00000    -45.00000    -18.54249     33.59300     -0.94030
     85.00000    -45.00000    -17.42639     37.22343     -0.70925
     90.00000    -45.00000    -14.85111     40.88958      2.02887
     95.00000    -45.00000    -10.89390     44.03352      7.20135
    100.00000    -45.00000     -5.92135     46.26320     14.16241
    105.00000    -45.00000     -0.43888     47.40641     21.99117
    110.00000    -45.00000      5.02833     47.44447     29.78064
    115.00000    -45.00000      9.97386     46.41399     36.78018
    120.00000    -45.00000     13.89985     44.37080     42.39212
    125.00000    -45.00000     16.32883     41.43902     46.12501
    130.00000    -45.00000     16.88064     37.88661     47.60560
    135.00000    -45.00000     15.39193     34.14274     46.67235
    140.00000    -45.00000     12.00940     30.71300     43.48874
    145.00000    -45.00000      7.19224     28.02007     38.58719
    150.00000    -45.00000      1.60737     26.24758     32.79068
    155.00000    -45.00000     -4.04207     25.26735     27.02642
    160.00000    -45.00000     -9.18549     24.68877     22.09964
    165.00000    -45.00000    -13.48940     24.00995     18.51278
    170.00000    -45.00000    -16.87235     22.80298     16.39334
    175.00000    -45.00000    -19.44423     20.85112     15.54617
    180.00000    -45.00000    -21.40883     18.18109     15.59406
    185.00000    -45.00000    -22.97306     14.98698     16.13716
    190.00000    -45.00000    -24.29304     11.49619     16.86301
    195.00000    -45.00000    -25.46549      7.85438     17.57420
    200.00000    -45.00000    -26.55254      4.08852     18.14998
    205.00000    -45.00000    -27.61624      0.15675     18.49021
    210.00000    -45.00000    -28.74038     -3.95784     18.48708
    215.00000    -45.00000    -30.02937     -8.17255     18.03786
    220.00000    -45.00000    -31.58750    -12.29126     17.07792
    225.00000    -45.00000    -33.49025    -16.05041     15.60199
    230.00000    -45.00000    -35.76014    -19.19025     13.65658
    235.00000    -45.00000    -38.35630    -21.51317     11.31232
    240.00000    -45.00000    -41.18171    -22.91043      8.63859
    245.00000    -45.00000    -44.10481    -23.36191      5.69858
    250.00000    -45.00000    -46.98515    -22.92338      2.56604
    255.00000    -45.00000    -49.69050    -21.71214     -0.65111
    260.00000    -45.00000    -52.10074    -19.89321     -3.80026
    265.00000    -45.00000    -54.10648    -17.66314     -6.69971
    270.00000    -45.00000    -55.61536    -15.22845     -9.17797
    275.00000    -45.00000    -56.56945    -12.77809    -11.11893
    280.00000    -45.00000    -56.96111    -10.45188    -12.48904
    285.00000    -45.00000    -56.82959     -8.31076    -13.33059
    290.00000    -45.00000    -56.23359     -6.31960    -13.72319
    295.00000    -45.00000    -55.21590     -4.35602    -13.73251
    300.00000    -45.00000    -53.78489     -2.25388    -13.37269
    305.00000    -45.00000    -51.92662      0.12445    -12.60221
    310.00000    -45.00000    -49.64022      2.81212    -11.35787
    315.00000    -45.00000    -46.97549      5.69510     -9.61396
    320.00000    -45.00000    -44.05341      8.53148     -7.44158
    325.00000    -45.00000    -41.06263     11.03528     -5.04021
    330.00000    -45.00000    -38.23510     12.99431     -2.72196
    335.00000    -45.00000    -35.80745     14.37077     -0.84578
    340.00000    -45.00000    -33.97327     15.33566      0.28217
    345.00000    -45.00000    -32.83261     16.21395      0.50996
    350.00000    -45.00000    -32.35155     17.35628     -0.09628
    355.00000    -45.00000    -32.35160     18.98986     -1.25922
    360.00000    -45.00000    -32.54573     21.11738     -2.57630
      0.00000    -40.00000    -29.93349     23.24434     -0.21412
      5.00000    -40.00000    -30.73286     25.84115     -2.09597
     10.00000    -40.00000    -30.92698     28.37081     -3.30544
     15.00000    -40.00000    -30.34325     30.34070     -3.74282
     20.00000    -40.00000    -29.07491     31.42880     -3.57638
     25.00000    -40.00000    -27.36431     31.57661     -3.06222
     30.00000    -40.00000    -25.42873     30.96703     -2.33384
     35.00000    -40.00000    -23.34532     29.92620     -1.30096
     40.00000    -40.00000    -21.07629     28.79915      0.25995
     45.00000    -40.00000    -18.62093     27.84063      2.45474
     50.00000    -40.00000    -16.18637     27.16501      5.00787
     55.00000    -40.00000    -14.23295     26.79397      7.18488
     60.00000    -40.00000    -13.30959     26.78789      8.03221
     65.00000    -40.00000    -13.72949     27.36151      6.87936
     70.00000    -40.00000    -15.27081     28.85490      3.84006
     75.00000    -40.00000    -17.11614     31.52525     -0.02282
     80.00000    -40.00000    -18.11930     35.29023     -3.04106
     85.00000    -40.00000    -17.27485     39.63507     -3.64442
     90.00000    -40.00000    -14.12078     43.79204     -1.02348
     95.00000    -40.00000     -8.84913     47.08344      4.62464
    100.00000    -40.00000     -2.10654     49.18187     12.35450
    105.00000    -40.00000      5.32684     50.11236     20.98921
    110.00000    -40.00000     12.74742     50.03634     29.53025
    115.00000    -40.00000     19.53230     49.02631     37.25323
    120.00000    -40.00000     25.03250     47.02227     43.56137
    125.00000    -40.00000     28.53321     43.98998     47.83577
    130.00000    -40.00000     29.38368     40.13284     49.47122
    135.00000    -40.00000     27.24514     35.97240     48.09872
    140.00000    -40.00000     22.29994     32.21595     43.83625
    145.00000    -40.00000     15.27933     29.47804     37.38687
    150.00000    -40.00000      7.27610     28.01227     29.90428
    155.00000    -40.00000     -0.57262     27.59775     22.67929
    160.00000    -40.00000     -7.38886     27.63509     16.78453
    165.00000    -40.00000    -12.72569     27.39950     12.81845
    170.00000    -40.00000    -16.56617     26.32628     10.83357
    175.00000    -40.00000    -19.18787     24.19676     10.45214
    180.00000    -40.00000    -20.97542     21.14847     11.09840
    185.00000    -40.00000    -22.26390     17.52299     12.23646
    190.00000    -40.00000    -23.26400     13.64514     13.51334
    195.00000    -40.00000    -24.07494      9.65620     14.76593
    200.00000    -40.00000    -24.75224      5.48593     15.92715
    205.00000    -40.00000    -25.37854      0.96415     16.91538
    210.00000    -40.00000    -26.09633     -4.00701     17.58291
    215.00000    -40.00000    -27.09129     -9.32595     17.74435
    220.00000    -40.00000    -28.54375    -14.67594     17.24862
    225.00000    -40.00000    -30.57659    -19.61477     16.03770
    230.00000    -40.00000    -33.21949    -23.70903     14.15710
    235.00000    -40.00000    -36.39896    -26.64490     11.72147
    240.00000    -40.00000    -39.95581    -28.27941      8.86506
    245.00000    -40.00000    -43.68459    -28.63411      5.70864
    250.00000    -40.00000    -47.37760    -27.85507      2.35917
    255.00000    -40.00000    -50.85070    -26.16446     -1.06405
    260.00000    -40.00000    -53.94215    -23.81972     -4.40195
    265.00000    -40.00000    -56.50189    -21.08504     -7.45612
    270.00000    -40.00000    -58.39957    -18.21071    -10.02890
    275.00000    -40.00000    -59.55822    -15.41124    -11.98411
    280.00000    -40.00000    -59.98521    -12.83635    -13.28882
    285.00000    -40.00000    -59.76294    -10.53809    -14.00524
    290.00000    -40.00000    -58.99260     -8.44829    -14.23493
    295.00000    -40.00000    -57.72816     -6.38628    -14.04884
    300.00000    -40.00000    -55.94961     -4.11093    -13.44387
    305.00000    -40.00000    -53.59524     -1.41266    -12.34837
    310.00000    -40.00000    -50.62934      1.78392    -10.67264
    315.00000    -40.00000    -47.10378      5.35414     -8.38194
    320.00000    -40.00000    -43.18498      8.98457     -5.56296
    325.00000    -40.00000    -39.14444     12.27081     -2.45816
    330.00000    -40.00000    -35.32429     14.86916      0.54859
    335.00000    -40.00000    -32.08668     16.64168      2.99954
    340.00000    -40.00000    -29.74765     17.73128      4.47438
    345.00000    -40.00000    -28.49649     18.52538      4.72116
    350.00000    -40.00000    -28.31751     19.50786      3.76411
    355.00000    -40.00000    -28.95080     21.05152      1.93460
    360.00000    -40.00000    -29.93349     23.24434     -0.21412
      0.00000    -35.00000    -26.99136     23.78560      1.67005
      5.00000    -35.00000    -28.86381     26.64084     -1.19960
     10.00000    -35.00000    -29.76936     29.54991     -3.10514
     15.00000    -35.00000    -29.42912     31.80614     -3.87869
     20.00000    -35.00000    -28.03204     32.89293     -3.79974
     25.00000    -35.00000    -26.03342     32.66568     -3.32698
     30.00000    -35.00000    -23.82812     31.36379     -2.73715
     35.00000    -35.00000    -21.51832     29.49076     -1.90988
     40.00000    -35.00000    -18.94012     27.62157     -0.42381
     45.00000    -35.00000    -15.94306     26.19452      2.05523
     50.00000    -35.00000    -12.73540     25.37440      5.31484
     55.00000    -35.00000    -10.02651     25.08951      8.39377
     60.00000    -35.00000     -8.78594     25.25503      9.87838
     65.00000    -35.00000     -9.67916     26.01917      8.64711
     70.00000    -35.00000    -12.50271     27.78272      4.66166
     75.00000    -35.00000    -16.02523     30.89796     -0.73623
     80.00000    -35.00000    -18.42535     35.25823     -5.31265
     85.00000    -35.00000    -18.11134     40.15026     -6.98068
     90.00000    -35.00000    -14.41695     44.55756     -4.75065
     95.00000    -35.00000     -7.74770     47.71185      0.99286
    100.00000    -35.00000      0.84043     49.45574      8.97534
    105.00000    -35.00000     10.24434     50.13502     17.83032
    110.00000    -35.00000     19.64408     50.14216     26.61541
    115.00000    -35.00000     28.40054     49.51604     34.77488
    120.00000    -35.00000     35.74548     47.92736     41.75858
    125.00000    -35.00000     40.63870     45.04012     46.74388
    130.00000    -35.00000     41.99371     40.94187     48.75222
    135.00000    -35.00000     39.15538     36.30428     47.09342
    140.00000    -35.00000     32.31254     32.15136     41.81625
    145.00000    -35.00000     22.57045     29.38291     33.85754
    150.00000    -35.00000     11.62687     28.33994     24.79606
    155.00000    -35.00000      1.22135     28.64973     16.34830
    160.00000    -35.00000     -7.37427     29.41492      9.85038
    165.00000    -35.00000    -13.61645     29.62758      5.93453
    170.00000    -35.00000    -17.64447     28.58943      4.49217
    175.00000    -35.00000    -20.01541     26.13940      4.89044
    180.00000    -35.00000    -21.37608     22.60363      6.31923
    185.00000    -35.00000    -22.21469     18.52582      8.11130
    190.00000    -35.00000    -22.76980     14.33756      9.90782
    195.00000    -35.00000    -23.09244     10.14339     11.62776
    200.00000    -35.00000    -23.19090      5.72119     13.30324
    205.00000    -35.00000    -23.16116      0.71752     14.90402
    210.00000    -35.00000    -23.23214     -5.08575     16.25703
    215.00000    -35.00000    -23.71710    -11.58229     17.08781
    220.00000    -35.00000    -24.91642    -18.31921     17.13312
    225.00000    -35.00000    -27.02708    -24.63179     16.24702
    230.00000    -35.00000    -30.08921    -29.85187     14.44769
    235.00000    -35.00000    -33.97581    -33.49338     11.89472
    240.00000    -35.00000    -38.42596    -35.35275      8.81888
    245.00000    -35.00000    -43.11576    -35.50948      5.44357
    250.00000    -35.00000    -47.73846    -34.24964      1.94030
    255.00000    -35.00000    -52.04894    -31.95730     -1.55880
    260.00000    -35.00000    -55.85129    -29.02125     -4.91104
    265.00000    -35.00000    -58.96392    -25.78425     -7.93052
    270.00000    -35.00000    -61.22212    -22.52931    -10.41696
    275.00000    -35.00000    -62.53455    -19.47520    -12.23283
    280.00000    -35.00000    -62.93809    -16.75820    -13.36398
    285.00000    -35.00000    -62.57872    -14.40106    -13.90593
    290.00000    -35.00000    -61.61104    -12.29044    -13.98001
    295.00000    -35.00000    -60.09082    -10.18763    -13.64055
    300.00000    -35.00000    -57.94632     -7.78666    -12.83669
    305.00000    -35.00000    -55.04737     -4.81556    -11.44619
    310.00000    -35.00000    -51.31622     -1.15332     -9.35398
    315.00000    -35.00000    -46.81009      3.08487     -6.53424
    320.00000    -35.00000    -41.74672      7.54185     -3.10877
    325.00000    -35.00000    -36.48696     11.71149      0.62986
    330.00000    -35.00000    -31.49651     15.10594      4.23454
    335.00000    -35.00000    -27.29084     17.44041      7.16335
    340.00000    -35.00000    -24.35116     18.76625      8.88691
    345.00000    -35.00000    -23.00418     19.48881      9.03923
    350.00000    -35.00000    -23.28571     20.23263      7.57784
    355.00000    -35.00000    -24.84796     21.57906      4.87762
    360.00000    -35.00000    -26.99136     23.78560      1.67005
      0.00000    -30.00000    -23.89697     22.58152      3.04203
      5.00000    -30.00000    -27.21764     25.80574     -0.88809
     10.00000    -30.00000    -29.06078     29.32440     -3.47886
     15.00000    -30.00000    -28.99062     32.14109     -4.47772
     20.00000    -30.00000    -27.34121     33.44124     -4.31356
     25.00000    -30.00000    -24.89856     32.91759     -3.72505
     30.00000    -30.00000    -22.34265     30.85081     -3.20319
     35.00000    -30.00000    -19.82719     27.97100     -2.61932
     40.00000    -30.00000    -16.99343     25.17046     -1.31527
     45.00000    -30.00000    -13.42918     23.15081      1.34541
     50.00000    -30.00000     -9.27562     22.15462      5.27762
     55.00000    -30.00000     -5.53391     21.97846      9.31145
     60.00000    -30.00000     -3.74416     22.32216     11.54007
     65.00000    -30.00000     -5.09404     23.22241     10.33532
     70.00000    -30.00000     -9.46718     25.15005      5.46979
     75.00000    -30.00000    -15.12213     28.58919     -1.43615
     80.00000    -30.00000    -19.35804     33.42093     -7.56888
     85.00000    -30.00000    -19.82935     38.70454    -10.33932
     90.00000    -30.00000    -15.65220     43.14922     -8.63729
     95.00000    -30.00000     -7.57543     45.93429     -3.10238
    100.00000    -30.00000      2.79286     47.18060      4.65409
    105.00000    -30.00000     14.00536     47.66378     13.16539
    110.00000    -30.00000     25.24639     48.02654     21.69763
    115.00000    -30.00000     36.01531     48.17065     29.99243
    120.00000    -30.00000     45.47255     47.32766     37.57746
    125.00000    -30.00000     52.13626     44.72737     43.35420
    130.00000    -30.00000     54.27030     40.32342     45.85736
    135.00000    -30.00000     50.72668     35.03491     44.00046
    140.00000    -30.00000     41.66834     30.34690     37.76635
    145.00000    -30.00000     28.70056     27.54644     28.38776
    150.00000    -30.00000     14.33544     27.06632     17.93430
    155.00000    -30.00000      1.09819     28.29734      8.56866
    160.00000    -30.00000     -9.26839     29.93192      1.85242
    165.00000    -30.00000    -16.16789     30.61075     -1.62209
    170.00000    -30.00000    -20.01601     29.51336     -2.19586
    175.00000    -30.00000    -21.77803     26.60800     -0.79682
    180.00000    -30.00000    -22.44511     22.48826      1.52905
    185.00000    -30.00000    -22.67328     17.93989      4.00747
    190.00000    -30.00000    -22.68859     13.49211      6.30344
    195.00000    -30.00000    -22.43162      9.17703      8.43892
    200.00000    -30.00000    -21.81549      4.58797     10.55651
    205.00000    -30.00000    -20.93779     -0.82962     12.68886
    210.00000    -30.00000    -20.13860     -7.42460     14.65725
    215.00000    -30.00000    -19.90412    -15.09984     16.12106
    220.00000    -30.00000    -20.70186    -23.27951     16.71478
    225.00000    -30.00000    -22.83812    -31.07083     16.19026
    230.00000    -30.00000    -26.37600    -37.53398     14.50902
    235.00000    -30.00000    -31.11575    -41.95431     11.85683
    240.00000    -30.00000    -36.64410    -44.02581      8.57156
    245.00000    -30.00000    -42.45603    -43.88778      5.01161
    250.00000    -30.00000    -48.10222    -42.01154      1.43998
    255.00000    -30.00000    -53.27081    -39.00227     -1.99763
    260.00000    -30.00000    -57.75385    -35.42029     -5.19616
    265.00000    -30.00000    -61.36189    -31.69593     -8.00593
    270.00000    -30.00000    -63.90663    -28.13225    -10.23885
    275.00000    -30.00000    -65.28933    -24.93112    -11.76858
    280.00000    -30.00000    -65.59364    -22.19107    -12.61934
    285.00000    -30.00000    -65.05196    -19.88033    -12.94127
    290.00000    -30.00000    -63.88007    -17.82286    -12.88087
    295.00000    -30.00000    -62.11720    -15.72378    -12.45594
    300.00000    -30.00000    -59.60913    -13.23454    -11.53412
    305.00000    -30.00000    -56.13739    -10.04721     -9.91829
    310.00000    -30.00000    -51.58123     -6.00351     -7.46686
    315.00000    -30.00000    -46.00972     -1.18831     -4.17995
    320.00000    -30.00000    -39.69327      4.03871     -0.23350
    325.00000    -30.00000    -33.08113      9.10760      4.02260
    330.00000    -30.00000    -26.77260     13.39545      8.08712
    335.00000    -30.00000    -21.46553     16.43714     11.35395
    340.00000    -30.00000    -17.85140     18.12730     13.20303
    345.00000    -30.00000    -16.44423     18.82919     13.15770
    350.00000    -30.00000    -17.36804     19.29683     11.09481
    355.00000    -30.00000    -20.18511     20.37493      7.41728
    360.00000    -30.00000    -23.89697     22.58152      3.04203
      0.00000    -25.00000    -20.78225     19.80213      4.05939
      5.00000    -25.00000    -25.90408     23.51976     -0.87374
     10.00000    -25.00000    -28.88257     27.87648     -4.07176
     15.00000    -25.00000    -29.06924     31.52204     -5.19243
     20.00000    -25.00000    -26.99707     33.24948     -4.83153
     25.00000    -25.00000    -23.91388     32.51943     -4.04425
     30.00000    -25.00000    -20.90480     29.64284     -3.56812
     35.00000    -25.00000    -18.20564     25.62057     -3.27369
     40.00000    -25.00000    -15.19020     21.73193     -2.24819
     45.00000    -25.00000    -11.06503     18.99900      0.47600
     50.00000    -25.00000     -5.82658     17.75965      4.96823
     55.00000    -25.00000     -0.79868     17.65550      9.87336
     60.00000    -25.00000      1.76977     18.13420     12.81452
     65.00000    -25.00000      0.00551     19.10486     11.67842
     70.00000    -25.00000     -6.13298     21.12188      6.05808
     75.00000    -25.00000    -14.30748     24.81797     -2.16470
     80.00000    -25.00000    -20.74810     30.04989     -9.64971
     85.00000    -25.00000    -22.20738     35.61319    -13.38819
     90.00000    -25.00000    -17.59276     39.92800    -12.23329
     95.00000    -25.00000     -8.14250     42.16945     -7.12440
    100.00000    -25.00000      3.84307     42.83386      0.01444
    105.00000    -25.00000     16.57711     43.20405      7.70503
    110.00000    -25.00000     29.40677     44.16235     15.53431
    115.00000    -25.00000     42.15317     45.36713     23.62457
    120.00000    -25.00000     53.95847     45.47059     31.60686
    125.00000    -25.00000     62.76844     43.17973     38.08585
    130.00000    -25.00000     65.96598     38.32775     41.07857
    135.00000    -25.00000     61.72815     32.18376     39.09126
    140.00000    -25.00000     50.16751     26.82267     32.05210
    145.00000    -25.00000     33.52660     23.99976     21.50119
    150.00000    -25.00000     15.34308     24.23003      9.98576
    155.00000    -25.00000     -0.90229     26.58025      0.06885
    160.00000    -25.00000    -12.94225     29.22667     -6.52654
    165.00000    -25.00000    -20.19294     30.40188     -9.30416
    170.00000    -25.00000    -23.47523     29.18467     -8.86340
    175.00000    -25.00000    -24.28280     25.74483     -6.41599
    180.00000    -25.00000    -24.01492     21.00692     -3.20552
    185.00000    -25.00000    -23.49372     16.01021     -0.07006
    190.00000    -25.00000    -22.88786     11.34516      2.70449
    195.00000    -25.00000    -21.97340      6.92937      5.23872
    200.00000    -25.00000    -20.53254      2.16380      7.76051
    205.00000    -25.00000    -18.65754     -3.67751     10.34492
    210.00000    -25.00000    -16.81573    -11.04119     12.81620
    215.00000    -25.00000    -15.69446    -19.84026     14.80711
    220.00000    -25.00000    -15.96244    -29.41466     15.89493
    225.00000    -25.00000    -18.07095    -38.68466     15.74799
    230.00000    -25.00000    -22.13024    -46.44095     14.25417
    235.00000    -25.00000    -27.85875    -51.69669     11.59361
    240.00000    -25.00000    -34.63909    -53.98972      8.19359
    245.00000    -25.00000    -41.71295    -53.50033      4.55188
    250.00000    -25.00000    -48.43947    -50.91367      1.03239
    255.00000    -25.00000    -54.44088    -47.10493     -2.20933
    260.00000    -25.00000    -59.53231    -42.83962     -5.12078
    265.00000    -25.00000    -63.54731    -38.64239     -7.59816
    270.00000    -25.00000    -66.28214    -34.82872     -9.46299
    275.00000    -25.00000    -67.63284    -31.57403    -10.59739
    280.00000    -25.00000    -67.74861    -28.92496    -11.07628
    285.00000    -25.00000    -66.97775    -26.77069    -11.12829
    290.00000    -25.00000    -65.60806    -24.84661    -10.94036
    295.00000    -25.00000    -63.63950    -22.79473    -10.48616
    300.00000    -25.00000    -60.79794    -20.24505     -9.52873
    305.00000    -25.00000    -56.75494    -16.88779     -7.77746
    310.00000    -25.00000    -51.34821    -12.54742     -5.06159
    315.00000    -25.00000    -44.66547     -7.26797     -1.41590
    320.00000    -25.00000    -37.02741     -1.37537      2.92097
    325.00000    -25.00000    -28.96777      4.53974      7.54065
    330.00000    -25.00000    -21.23074      9.74647     11.89639
    335.00000    -25.00000    -14.72710     13.59240     15.33781
    340.00000    -25.00000    -10.39864     15.77143     17.18183
    345.00000    -25.00000     -8.98634     16.54596     16.86426
    350.00000    -25.00000    -10.73343     16.76749     14.18484
    355.00000    -25.00000    -15.11525     17.56956      9.55660
    360.00000    -25.00000    -20.78225     19.80213      4.05939
      0.00000    -20.00000    -17.69346     15.81982      4.87782
      5.00000    -20.00000    -24.89774     20.13673     -0.89197
     10.00000    -20.00000    -29.16237     25.50417     -4.58240
     15.00000    -20.00000    -29.57301     30.18131     -5.76824
     20.00000    -20.00000    -26.90991     32.50274     -5.19924
     25.00000    -20.00000    -23.00345     31.64989     -4.22722
     30.00000    -20.00000    -19.45170     27.96295     -3.81867
     35.00000    -20.00000    -16.59547     22.74603     -3.83715
     40.00000    -20.00000    -13.47260     17.69819     -3.12881
     45.00000    -20.00000     -8.80432     14.17335     -0.42412
     50.00000    -20.00000     -2.37782     12.59944      4.48209
     55.00000    -20.00000      4.13581     12.46192     10.07586
     60.00000    -20.00000      7.67077     12.97349     13.59066
     65.00000    -20.00000      5.54120     13.94398     12.52445
     70.00000    -20.00000     -2.50718     16.02620      6.33692
     75.00000    -20.00000    -13.47215     19.98230     -2.87687
     80.00000    -20.00000    -22.36943     25.59829    -11.37695
     85.00000    -20.00000    -24.94328     31.36779    -15.87208
     90.00000    -20.00000    -19.91757     35.42957    -15.25437
     95.00000    -20.00000     -9.15394     37.01307    -10.75104
    100.00000    -20.00000      4.23930     37.06105     -4.52952
    105.00000    -20.00000     18.15728     37.39397      1.99231
    110.00000    -20.00000     32.26902     39.09839      8.76189
    115.00000    -20.00000     46.89204     41.50938     16.29625
    120.00000    -20.00000     61.20115     42.62473     24.35037
    125.00000    -20.00000     72.45394     40.59998     31.28269
    130.00000    -20.00000     76.95071     35.17673     34.66411
    135.00000    -20.00000     72.04020     28.04161     32.64920
    140.00000    -20.00000     57.76993     21.92981     25.11325
    145.00000    -20.00000     37.13884     19.10243     13.83957
    150.00000    -20.00000     14.88169     20.14177      1.74505
    155.00000    -20.00000     -4.43908     23.73271     -8.31605
    160.00000    -20.00000    -18.00750     27.47221    -14.53092
    165.00000    -20.00000    -25.32254     29.15889    -16.51648
    170.00000    -20.00000    -27.72063     27.79808    -15.10069
    175.00000    -20.00000    -27.31271     23.81587    -11.72359
    180.00000    -20.00000    -25.93888     18.50197     -7.76735
    185.00000    -20.00000    -24.56785     13.13164     -4.08831
    190.00000    -20.00000    -23.26847      8.30042     -0.90322
    195.00000    -20.00000    -21.61884      3.76522      1.99575
    200.00000    -20.00000    -19.26049     -1.25771      4.88576
    205.00000    -20.00000    -16.28750     -7.60361      7.84685
    210.00000    -20.00000    -13.30246    -15.74736     10.69677
    215.00000    -20.00000    -11.19651    -25.59205     13.07367
    220.00000    -20.00000    -10.84748    -36.43972     14.55436
    225.00000    -20.00000    -12.87627    -47.09746     14.76906
    230.00000    -20.00000    -17.47103    -56.12715     13.53961
    235.00000    -20.00000    -24.27375    -62.25012     11.01359
    240.00000    -20.00000    -32.42252    -64.79581      7.67075
    245.00000    -20.00000    -40.84021    -63.95096      4.12169
    250.00000    -20.00000    -48.65255    -60.62115      0.81633
    255.00000    -20.00000    -55.42613    -55.98015     -2.09154
    260.00000    -20.00000    -61.04027    -51.01754     -4.61119
    265.00000    -20.00000    -65.37820    -46.35369     -6.68357
    270.00000    -20.00000    -68.21593    -42.31617     -8.12574
    275.00000    -20.00000    -69.43489    -39.06243     -8.81275
    280.00000    -20.00000    -69.26742    -36.59249     -8.86837
    285.00000    -20.00000    -68.21519    -34.70147     -8.61336
    290.00000    -20.00000    -66.65749    -33.00456     -8.29130
    295.00000    -20.00000    -64.53460    -31.05784     -7.83765
    300.00000    -20.00000    -61.41207    -28.47570     -6.90699
    305.00000    -20.00000    -56.82628    -24.97542     -5.11028
    310.00000    -20.00000    -50.57363    -20.39237     -2.24613
    315.00000    -20.00000    -42.76775    -14.73816      1.61768
    320.00000    -20.00000    -33.77867     -8.28987      6.18501
    325.00000    -20.00000    -24.22288     -1.62684     10.99580
    330.00000    -20.00000    -15.00121      4.44950     15.46555
    335.00000    -20.00000     -7.26146      9.12423     18.91486
    340.00000    -20.00000     -2.21980     11.88347     20.62802
    345.00000    -20.00000     -0.86489     12.84772     19.99161
    350.00000    -20.00000     -3.58073     12.91848     16.75083
    355.00000    -20.00000     -9.76711     13.50402     11.31468
    360.00000    -20.00000    -17.69346     15.81982      4.87782
      0.00000    -15.00000    -14.61023     11.14002      5.58064
      5.00000    -15.00000    -24.06292     16.12454     -0.77432
     10.00000    -15.00000    -29.70280     22.59664     -4.81547
     15.00000    -15.00000    -30.31148     28.41860     -6.05656
     20.00000    -15.00000    -26.94918     31.43531     -5.36038
     25.00000    -15.00000    -22.11102     30.52913     -4.30080
     30.00000    -15.00000    -17.97623     26.08040     -4.01061
     35.00000    -15.00000    -14.99581     19.71714     -4.33381
     40.00000    -15.00000    -11.81795     13.55171     -3.92363
     45.00000    -15.00000     -6.61139      9.23020     -1.28812
     50.00000    -15.00000      1.07880      7.23571      3.86473
     55.00000    -15.00000      9.21250      6.91289      9.90132
     60.00000    -15.00000     13.84313      7.30663     13.79553
     65.00000    -15.00000     11.40363      8.19608     12.80382
     70.00000    -15.00000      1.39827     10.34510      6.30942
     75.00000    -15.00000    -12.47257     14.59305     -3.47042
     80.00000    -15.00000    -23.93766     20.58687    -12.58676
     85.00000    -15.00000    -27.68476     26.49502    -17.63239
     90.00000    -15.00000    -22.28003     30.21423    -17.57900
     95.00000    -15.00000    -10.29291     31.09094    -13.85631
    100.00000    -15.00000      4.29467     30.54492     -8.75790
    105.00000    -15.00000     19.08519     30.91040     -3.59272
    110.00000    -15.00000     34.18417     33.42532      1.90569
    115.00000    -15.00000     50.52960     37.06343      8.58551
    120.00000    -15.00000     67.37153     39.16752     16.33055
    125.00000    -15.00000     81.21295     37.36798     23.35944
    130.00000    -15.00000     87.14905     31.34214     26.95369
    135.00000    -15.00000     81.60717     23.20557     25.02826
    140.00000    -15.00000     64.55977     16.34937     17.40217
    145.00000    -15.00000     39.82772     13.52898      5.98080
    150.00000    -15.00000     13.43234     15.38279     -6.12714
    155.00000    -15.00000     -8.92387     20.20736    -15.92784
    160.00000    -15.00000    -23.87597     25.02253    -21.58693
    165.00000    -15.00000    -31.05460     27.20621    -22.81247
    170.00000    -15.00000    -32.37656     25.71120    -20.58425
    175.00000    -15.00000    -30.61497     21.23630    -16.48775
    180.00000    -15.00000    -28.05665     15.43219    -11.98700
    185.00000    -15.00000    -25.78998      9.77743     -7.93150
    190.00000    -15.00000    -23.75054      4.82360     -4.46520
    195.00000    -15.00000    -21.30478      0.13285     -1.30136
    200.00000    -15.00000    -17.96621     -5.25050      1.86885
    205.00000    -15.00000    -13.85146    -12.20809      5.10756
    210.00000    -15.00000     -9.70205    -21.16656      8.21113
    215.00000    -15.00000     -6.59430    -31.98324     10.83326
    220.00000    -15.00000     -5.59581    -43.95482     12.59000
    225.00000    -15.00000     -7.50174    -55.85125     13.12441
    230.00000    -15.00000    -12.60406    -66.06834     12.22376
    235.00000    -15.00000    -20.48452    -73.04629      9.99512
    240.00000    -15.00000    -30.01835    -75.87415      6.92896
    245.00000    -15.00000    -39.76997    -74.70986      3.69747
    250.00000    -15.00000    -48.61044    -70.66680      0.79875
    255.00000    -15.00000    -56.06959    -65.21984     -1.63234
    260.00000    -15.00000    -62.12760    -59.58063     -3.66917
    265.00000    -15.00000    -66.73158    -54.45690     -5.29180
    270.00000    -15.00000    -69.61887    -50.19089     -6.30148
    275.00000    -15.00000    -70.63608    -46.94436     -6.55005
    280.00000    -15.00000    -70.10974    -44.69620     -6.19385
    285.00000    -15.00000    -68.73119    -43.14934     -5.63692
    290.00000    -15.00000    -66.99528    -41.77128     -5.18229
    295.00000    -15.00000    -64.76979    -39.99717     -4.74005
    300.00000    -15.00000    -61.42467    -37.41163     -3.87271
    305.00000    -15.00000    -56.33598    -33.77419     -2.10527
    310.00000    -15.00000    -49.25741    -28.96221      0.79164
    315.00000    -15.00000    -40.33857    -22.98212      4.72594
    320.00000    -15.00000    -30.00559    -16.07143      9.35905
    325.00000    -15.00000    -18.96124     -8.78226     14.19191
    330.00000    -15.00000     -8.26925     -1.94631     18.60921
    335.00000    -15.00000      0.67919      3.50780     21.91296
    340.00000    -15.00000      6.39281      6.88576     23.38261
    345.00000    -15.00000      7.63465      8.14942     22.40094
    350.00000    -15.00000      3.86719      8.19877     18.69744
    355.00000    -15.00000     -4.25289      8.67058     12.67414
    360.00000    -15.00000    -14.61023     11.14002      5.58064
      0.00000    -10.00000    -11.48676      6.36727      6.24859
      5.00000    -10.00000    -23.19710     12.04206     -0.36570
     10.00000    -10.00000    -30.21798     19.62601     -4.58367
     15.00000    -10.00000    -31.02335     26.60476     -5.90194
     20.00000    -10.00000    -26.96334     30.33894     -5.23670
     25.00000    -10.00000    -21.21344     29.42074     -4.26207
     30.00000    -10.00000    -16.53652     24.29298     -4.17553
     35.00000    -10.00000    -13.47454     16.91862     -4.78662
     40.00000    -10.00000    -10.25812      9.78753     -4.63431
     45.00000    -10.00000     -4.48898      4.76000     -2.11823
     50.00000    -10.00000      4.52224      2.31343      3.08156
     55.00000    -10.00000     14.34805      1.66814      9.27232
     60.00000    -10.00000     20.14913      1.78929     13.33344
     65.00000    -10.00000     17.47571      2.50909     12.44843
     70.00000    -10.00000      5.58902      4.70953      5.96971
     75.00000    -10.00000    -11.12426      9.24290     -3.89314
     80.00000    -10.00000    -25.12588     15.55769    -13.21087
     85.00000    -10.00000    -30.06476     21.50813    -18.63136
     90.00000    -10.00000    -24.35761     24.81756    -19.20689
     95.00000    -10.00000    -11.28080     25.00244    -16.42612
    100.00000    -10.00000      4.31856     23.94141    -12.55898
    105.00000    -10.00000     19.76868     24.41023     -8.77838
    110.00000    -10.00000     35.64073     27.73934     -4.60460
    115.00000    -10.00000     53.52604     32.54584      1.01340
    120.00000    -10.00000     72.77410     35.57711      8.06827
    125.00000    -10.00000     89.14220     34.00098     14.77005
    130.00000    -10.00000     96.51849     27.44827     18.31933
    135.00000    -10.00000     90.40423     18.42572     16.54765
    140.00000    -10.00000     70.68997     10.91345      9.22809
    145.00000    -10.00000     42.00285      8.10742     -1.75069
    150.00000    -10.00000     11.62440     10.69452    -13.29881
    155.00000    -10.00000    -13.63071     16.62648    -22.46106
    160.00000    -10.00000    -29.86504     22.41367    -27.45435
    165.00000    -10.00000    -36.84221     25.06314    -28.03580
    170.00000    -10.00000    -37.05296     23.47959    -25.22817
    175.00000    -10.00000    -33.92585     18.59874    -20.65648
    180.00000    -10.00000    -30.18636     12.38516    -15.81254
    185.00000    -10.00000    -27.02997      6.48803    -11.54156
    190.00000    -10.00000    -24.24712      1.40290     -7.94261
    195.00000    -10.00000    -20.99410     -3.49949     -4.66781
    200.00000    -10.00000    -16.67493     -9.32893     -1.37243
    205.00000    -10.00000    -11.44865    -16.97720      1.99982
    210.00000    -10.00000     -6.19424    -26.77528      5.22706
    215.00000    -10.00000     -2.14456    -38.50142      7.97590
    220.00000    -10.00000     -0.52074    -51.45414      9.91329
    225.00000    -10.00000     -2.27486    -64.41539     10.73160
    230.00000    -10.00000     -7.81157    -75.67740     10.22521
    235.00000    -10.00000    -16.67155    -83.43961      8.47027
    240.00000    -10.00000    -27.47853    -86.55443      5.92719
    245.00000    -10.00000    -38.44202    -85.12975      3.26062
    250.00000    -10.00000    -48.18769    -80.45921      0.96269
    255.00000    -10.00000    -56.22920    -74.29337     -0.86518
    260.00000    -10.00000    -62.66619    -68.04237     -2.34772
    265.00000    -10.00000    -67.50878    -62.48407     -3.49253
    270.00000    -10.00000    -70.43479    -57.97618     -4.08478
    275.00000    -10.00000    -71.23510    -54.70914     -3.94903
    280.00000    -10.00000    -70.32859    -52.67472     -3.25111
    285.00000    -10.00000    -68.61237    -51.50184     -2.44456
    290.00000    -10.00000    -66.71177    -50.49747     -1.87321
    295.00000    -10.00000    -64.41986    -48.94285     -1.43425
    300.00000    -10.00000    -60.89410    -46.36710     -0.63199
    305.00000    -10.00000    -55.33457    -42.57431      1.06388
    310.00000    -10.00000    -47.45051    -37.51336      3.90073
    315.00000    -10.00000    -37.43930    -31.22317      7.77256
    320.00000    -10.00000    -25.79876    -23.92518     12.31736
    325.00000    -10.00000    -13.32730    -16.13829     17.01309
    330.00000    -10.00000     -1.24892     -8.68665     21.22317
    335.00000    -10.00000      8.81678     -2.55682     24.24120
    340.00000    -10.00000     15.12450      1.42167     25.36679
    345.00000    -10.00000     16.20448      3.05733     24.02542
    350.00000    -10.00000     11.36571      3.20774     19.98085
    355.00000    -10.00000      1.30700      3.67854     13.64036
    360.00000    -10.00000    -11.48676      6.36727      6.24859
      0.00000     -5.00000     -8.27124      2.14994      6.99773
      5.00000     -5.00000    -22.05451      8.49154      0.50681
     10.00000     -5.00000    -30.35397     17.09849     -3.68785
     15.00000     -5.00000    -31.38610     25.12696     -5.13161
     20.00000     -5.00000    -26.77373     29.50501     -4.72272
     25.00000     -5.00000    -20.29922     28.57802     -4.07531
     30.00000     -5.00000    -15.22555     22.87932     -4.31641
     35.00000     -5.00000    -12.13828     14.70104     -5.20350
     40.00000     -5.00000     -8.85760      6.85153     -5.26436
     45.00000     -5.00000     -2.46565      1.30927     -2.92828
     50.00000     -5.00000      7.91099     -1.52646      2.09162
     55.00000     -5.00000     19.44488     -2.55284      8.12164
     60.00000     -5.00000     26.44558     -2.81009     12.12935
     65.00000     -5.00000     23.64517     -2.34595     11.39486
     70.00000     -5.00000     10.08416     -0.16149      5.27058
     75.00000     -5.00000     -9.22747      4.55973     -4.18829
     80.00000     -5.00000    -25.60279     11.04916    -13.30611
     85.00000     -5.00000    -31.73596     16.90213    -18.94527
     90.00000     -5.00000    -25.87378     19.75280    -20.21680
     95.00000     -5.00000    -11.89324     19.31384    -18.50321
    100.00000     -5.00000      4.59160     17.85616    -15.89430
    105.00000     -5.00000     20.64163     18.49290    -13.41509
    110.00000     -5.00000     37.21212     22.59498    -10.51063
    115.00000     -5.00000     56.45930     28.46380     -6.08968
    120.00000     -5.00000     77.82360     32.34877     -0.09059
    125.00000     -5.00000     96.41109     31.03545      5.82235
    130.00000     -5.00000    105.04754     24.11795      8.99936
    135.00000     -5.00000     98.41534     14.42718      7.37341
    140.00000     -5.00000     76.32666      6.42492      0.70400
    145.00000     -5.00000     44.10759      3.65989     -9.26881
    150.00000     -5.00000     10.13769      6.85391    -19.69375
    155.00000     -5.00000    -17.78660     13.68935    -27.85160
    160.00000     -5.00000    -35.27099     20.28660    -32.10059
    165.00000     -5.00000    -42.15284     23.36516    -32.20763
    170.00000     -5.00000    -41.39881     21.77318    -29.11250
    175.00000     -5.00000    -37.02082     16.59831    -24.34608
    180.00000     -5.00000    -32.16454     10.02846    -19.35642
    185.00000     -5.00000    -28.15290      3.85155    -14.99615
    190.00000     -5.00000    -24.66123     -1.45904    -11.37934
    195.00000     -5.00000    -20.65808     -6.66767     -8.14448
    200.00000     -5.00000    -15.44946    -13.00402     -4.90950
    205.00000     -5.00000     -9.23640    -21.36528     -1.58596
    210.00000     -5.00000     -3.01927    -31.98794      1.61951
    215.00000     -5.00000      1.84475    -44.55976      4.39288
    220.00000     -5.00000      4.02154    -58.36702      6.44906
    225.00000     -5.00000      2.43717    -72.21403      7.54744
    230.00000     -5.00000     -3.41099    -84.33679      7.52557
    235.00000     -5.00000    -13.03865    -92.75854      6.44241
    240.00000     -5.00000    -24.86439    -96.13871      4.68567
    245.00000     -5.00000    -36.80170    -94.53219      2.83089
    250.00000     -5.00000    -47.27514    -89.36990      1.30143
    255.00000     -5.00000    -55.79436    -82.62387      0.16029
    260.00000     -5.00000    -62.56519    -75.86360     -0.73426
    265.00000     -5.00000    -67.64321    -69.92100     -1.39316
    270.00000     -5.00000    -70.63704    -65.17174     -1.59289
    275.00000     -5.00000    -71.27282    -61.85052     -1.14266
    280.00000     -5.00000    -70.04339    -59.98625     -0.19778
    285.00000     -5.00000    -68.02987    -59.15635      0.78778
    290.00000     -5.00000    -65.97998    -58.51330      1.46604
    295.00000     -5.00000    -63.62321    -57.16924      1.94324
    300.00000     -5.00000    -59.92057    -54.57657      2.72626
    305.00000     -5.00000    -53.90136    -50.58069      4.35345
    310.00000     -5.00000    -45.22812    -45.22628      7.07042
    315.00000     -5.00000    -34.15197    -38.62202     10.76499
    320.00000     -5.00000    -21.26067    -30.99816     15.07158
    325.00000     -5.00000     -7.46255    -22.83750     19.46556
    330.00000     -5.00000      5.86541    -14.92621     23.30651
    335.00000     -5.00000     16.90350     -8.26082     25.89691
    340.00000     -5.00000     23.68725     -3.75728     26.58266
    345.00000     -5.00000     24.54515     -1.73405     24.87620
    350.00000     -5.00000     18.65763     -1.39261     20.62881
    355.00000     -5.00000      6.77551     -0.81606     14.27502
    360.00000     -5.00000     -8.27124      2.14994      6.99773
      0.00000      0.00000     -4.89954     -0.88287      7.90468
      5.00000      0.00000    -20.36273      6.05687      1.92642
     10.00000      0.00000    -29.72417     15.48941     -2.05033
     15.00000      0.00000    -31.05046     24.32485     -3.69152
     20.00000      0.00000    -26.18741     29.17323     -3.79951
     25.00000      0.00000    -19.35218     28.21759     -3.74968
     30.00000      0.00000    -14.13274     22.10343     -4.44782
     35.00000      0.00000    -11.08456     13.40893     -5.58307
     40.00000      0.00000     -7.66576      5.17156     -5.79090
     45.00000      0.00000     -0.55232     -0.61124     -3.68307
     50.00000      0.00000     11.22057     -3.68049      0.93137
     55.00000      0.00000     24.42092     -5.04940      6.48155
     60.00000      0.00000     32.60164     -5.72063     10.20603
     65.00000      0.00000     29.80403     -5.59220      9.64265
     70.00000      0.00000     14.89334     -3.55898      4.16907
     75.00000      0.00000     -6.60684      1.14405     -4.45109
     80.00000      0.00000    -25.07113      7.56986    -13.00754
     85.00000      0.00000    -32.38690     13.15192    -18.71820
     90.00000      0.00000    -26.58469     15.51870    -20.73015
     95.00000      0.00000    -11.93328     14.56809    -20.16911
    100.00000      0.00000      5.37556     12.85483    -18.80428
    105.00000      0.00000     22.13504     13.70840    -17.50796
    110.00000      0.00000     39.49205     18.50215    -15.78722
    115.00000      0.00000     59.95040     25.29181    -12.67238
    120.00000      0.00000     82.98995     29.95111     -8.07589
    125.00000      0.00000    103.24013     28.97484     -3.40710
    130.00000      0.00000    112.75835     21.92623     -0.93748
    135.00000      0.00000    105.63599     11.87520     -2.44471
    140.00000      0.00000     81.63019      3.62826     -8.14367
    145.00000      0.00000     46.57325      0.96873    -16.56629
    150.00000      0.00000      9.64528      4.62665    -25.31361
    155.00000      0.00000    -20.61539     12.10633    -32.10074
    160.00000      0.00000    -39.38408     19.29507    -35.52819
    165.00000      0.00000    -46.46024     22.74110    -35.34812
    170.00000      0.00000    -45.09293     21.23137    -32.29672
    175.00000      0.00000    -39.72450     15.89180    -27.66348
    180.00000      0.00000    -33.87743      9.00580    -22.75440
    185.00000      0.00000    -29.05528      2.45496    -18.42220
    190.00000      0.00000    -24.90479     -3.25058    -14.86168
    195.00000      0.00000    -20.26632     -8.90926    -11.77293
    200.00000      0.00000    -14.35611    -15.80915     -8.76174
    205.00000      0.00000     -7.38635    -24.86098     -5.67441
    210.00000      0.00000     -0.43583    -36.24777     -2.65122
    215.00000      0.00000      5.05320    -49.58437      0.04081
    220.00000      0.00000      7.67316    -64.12395      2.16814
    225.00000      0.00000      6.27462    -78.67397      3.56545
    230.00000      0.00000      0.29338    -91.44560      4.13627
    235.00000      0.00000     -9.77391   -100.36791      3.92917
    240.00000      0.00000    -22.22294   -103.98311      3.21525
    245.00000      0.00000    -34.78837   -102.30220      2.39885
    250.00000      0.00000    -45.77287    -96.83039      1.77235
    255.00000      0.00000    -54.68051    -89.67832      1.36180
    260.00000      0.00000    -61.77085    -82.52755      1.05556
    265.00000      0.00000    -67.10787    -76.26213      0.87450
    270.00000      0.00000    -70.23547    -71.28931      1.04386
    275.00000      0.00000    -70.82305    -67.89269      1.74935
    280.00000      0.00000    -69.40381    -66.13905      2.85886
    285.00000      0.00000    -67.17979    -65.56673      3.96797
    290.00000      0.00000    -64.98636    -65.19498      4.76723
    295.00000      0.00000    -62.51544    -63.97896      5.35917
    300.00000      0.00000    -58.58764    -61.29107      6.20902
    305.00000      0.00000    -52.09454    -57.01540      7.80585
    310.00000      0.00000    -42.64913    -51.30708     10.36551
    315.00000      0.00000    -30.54859    -44.37209     13.77348
    320.00000      0.00000    -16.48253    -36.47055     17.68136
    325.00000      0.00000     -1.48673    -28.05091     21.58819
    330.00000      0.00000     12.91334    -19.84379     24.87801
    335.00000      0.00000     24.72904    -12.82029     26.89051
    340.00000      0.00000     31.82095     -7.93039     27.04779
    345.00000      0.00000     32.36845     -5.56727     24.98770
    350.00000      0.00000     25.48489     -4.97755     20.69313
    355.00000      0.00000     12.01552     -4.18637     14.64375
    360.00000      0.00000     -4.89954     -0.88287      7.90468
      0.00000      5.00000     -1.29148     -2.15352      8.93612
      5.00000      5.00000    -17.86605      5.26406      3.78706
     10.00000      5.00000    -27.99053     15.21105      0.17580
     15.00000      5.00000    -29.72394     24.48006     -1.73548
     20.00000      5.00000    -25.04760     29.54714     -2.58010
     25.00000      5.00000    -18.35628     28.55689     -3.33852
     30.00000      5.00000    -13.31395     22.26837     -4.56824
     35.00000      5.00000    -10.35607     13.44578     -5.88615
     40.00000      5.00000     -6.66969      5.22453     -6.15278
     45.00000      5.00000      1.29849     -0.47564     -4.30529
     50.00000      5.00000     14.47362     -3.57086     -0.30403
     55.00000      5.00000     29.22611     -5.17919      4.46255
     60.00000      5.00000     38.50062     -6.24972      7.66932
     65.00000      5.00000     35.83627     -6.53957      7.25471
     70.00000      5.00000     19.99231     -4.85753      2.64764
     75.00000      5.00000     -3.14148     -0.47127     -4.78905
     80.00000      5.00000    -23.28956      5.58438    -12.48231
     85.00000      5.00000    -31.73951     10.70886    -18.12467
     90.00000      5.00000    -26.24726     12.59984    -20.89003
     95.00000      5.00000    -11.18729     11.29498    -21.53401
    100.00000      5.00000      6.93618      9.49143    -21.39487
    105.00000      5.00000     24.65011     10.60079    -21.18704
    110.00000      5.00000     43.01644     15.96996    -20.58958
    115.00000      5.00000     64.56346     23.50296    -18.88513
    120.00000      5.00000     88.71861     28.84733    -15.99144
    125.00000      5.00000    109.87113     28.31597    -12.94750
    130.00000      5.00000    119.72703     21.44422    -11.44913
    135.00000      5.00000    112.11588     11.43143    -12.82899
    140.00000      5.00000     86.78252      3.25789    -17.25376
    145.00000      5.00000     49.80701      0.79739    -23.64141
    150.00000      5.00000     10.76620      4.75510    -30.22531
    155.00000      5.00000    -21.39078     12.56171    -35.31407
    160.00000      5.00000    -41.51299     20.05281    -37.83232
    165.00000      5.00000    -49.22475     23.74741    -37.50843
    170.00000      5.00000    -47.79327     22.38291    -34.79303
    175.00000      5.00000    -41.86057     17.00841    -30.61762
    180.00000      5.00000    -35.23842      9.85549    -26.04595
    185.00000      5.00000    -29.67389      2.83056    -21.89146
    190.00000      5.00000    -24.92007     -3.46862    -18.46190
    195.00000      5.00000    -19.79544     -9.75763    -15.58733
    200.00000      5.00000    -13.44699    -17.29565    -12.90979
    205.00000      5.00000     -6.04508    -27.00383    -10.20687
    210.00000      5.00000      1.32612    -39.06497     -7.51267
    215.00000      5.00000      7.19359    -53.05913     -5.00881
    220.00000      5.00000     10.11815    -68.19295     -2.85969
    225.00000      5.00000      8.92732    -83.24915     -1.14825
    230.00000      5.00000      3.04405    -96.43876      0.10377
    235.00000      5.00000     -7.03518   -105.68850      0.93319
    240.00000      5.00000    -19.59460   -109.51713      1.46160
    245.00000      5.00000    -32.35319   -107.90452      1.86256
    250.00000      5.00000    -43.60027   -102.34803      2.24954
    255.00000      5.00000    -52.82444    -94.98957      2.60973
    260.00000      5.00000    -60.25565    -87.56982      2.89631
    265.00000      5.00000    -65.90906    -81.03864      3.19087
    270.00000      5.00000    -69.27268    -75.86357      3.71754
    275.00000      5.00000    -69.97711    -72.37563      4.64157
    280.00000      5.00000    -68.55283    -70.65784      5.86316
    285.00000      5.00000    -66.23220    -70.20755      7.06715
    290.00000      5.00000    -63.88462    -69.94304      8.01787
    295.00000      5.00000    -61.20136    -68.70274      8.80749
    300.00000      5.00000    -56.95047    -65.79801      9.81204
    305.00000      5.00000    -49.94480    -61.14974     11.41743
    310.00000      5.00000    -39.74862    -55.02259     13.78135
    315.00000      5.00000    -26.68603    -47.73212     16.78920
    320.00000      5.00000    -11.55049    -39.58709     20.13052
    325.00000      5.00000      4.47775    -31.01520     23.35759
    330.00000      5.00000     19.72546    -22.69075     25.91360
    335.00000      5.00000     32.06808    -15.53165     27.21082
    340.00000      5.00000     39.24986    -10.45784     26.77851
    345.00000      5.00000     39.38189     -7.85665     24.40665
    350.00000      5.00000     31.60521     -6.98130     20.23141
    355.00000      5.00000     16.91773     -5.85647     14.77666
    360.00000      5.00000     -1.29148     -2.15352      8.93612
      0.00000     10.00000      2.62894     -1.15837      9.99211
      5.00000     10.00000    -14.39504      6.55293      5.84689
     10.00000     10.00000    -24.96075     16.60819      2.67947
     15.00000     10.00000    -27.25622     25.84861      0.46990
     20.00000     10.00000    -23.27596     30.84869     -1.19751
     25.00000     10.00000    -17.28848     29.86092     -2.82548
     30.00000     10.00000    -12.75194     23.73475     -4.56676
     35.00000     10.00000     -9.89347     15.26725     -5.98537
     40.00000     10.00000     -5.75757      7.52187     -6.25499
     45.00000     10.00000      3.21162      2.24623     -4.73092
     50.00000     10.00000     17.74217     -0.65709     -1.54899
     55.00000     10.00000     33.83340     -2.38252      2.15556
     60.00000     10.00000     44.02656     -3.82216      4.62091
     65.00000     10.00000     41.60433     -4.62578      4.29284
     70.00000     10.00000     25.30944     -3.54159      0.67483
     75.00000     10.00000      1.22055      0.17241     -5.34185
     80.00000     10.00000    -20.08417      5.51769    -11.93933
     85.00000     10.00000    -29.54778     10.00500    -17.37525
     90.00000     10.00000    -24.59842     11.46939    -20.86154
     95.00000     10.00000     -9.39271     10.02086    -22.72369
    100.00000     10.00000      9.56309      8.33228    -23.80041
    105.00000     10.00000     28.54173      9.74390    -24.63791
    110.00000     10.00000     48.20645     15.54354    -25.14751
    115.00000     10.00000     70.73216     23.59680    -24.93964
    120.00000     10.00000     95.37913     29.51054    -23.95024
    125.00000     10.00000    116.56613     29.55271    -22.76801
    130.00000     10.00000    126.13163     23.22954    -22.38573
    135.00000     10.00000    118.02546     13.72494    -23.60088
    140.00000     10.00000     92.02968      5.98364    -26.53448
    145.00000     10.00000     54.17929      3.81273    -30.57368
    150.00000     10.00000     13.99468      7.87289    -34.69034
    155.00000     10.00000    -19.53792     15.64401    -37.86414
    160.00000     10.00000    -41.07335     23.09811    -39.37949
    165.00000     10.00000    -49.93199     26.86755    -38.94680
    170.00000     10.00000    -49.11692     25.66119    -36.71603
    175.00000     10.00000    -43.19618     20.35420    -33.22119
    180.00000     10.00000    -36.13559     12.98832    -29.22182
    185.00000     10.00000    -29.96486      5.41298    -25.43172
    190.00000     10.00000    -24.69102     -1.66145    -22.24623
    195.00000     10.00000    -19.25045     -8.76563    -19.64678
    200.00000     10.00000    -12.76658    -17.03367    -17.35550
    205.00000     10.00000     -5.31542    -27.37212    -15.10877
    210.00000     10.00000      2.10367    -40.00372    -12.82724
    215.00000     10.00000      8.05911    -54.51739    -10.57990
    220.00000     10.00000     11.13114    -70.07491     -8.44129
    225.00000     10.00000     10.17864    -85.41730     -6.40890
    230.00000     10.00000      4.65943    -98.78222     -4.43618
    235.00000     10.00000     -4.94809   -108.18556     -2.50388
    240.00000     10.00000    -17.04039   -112.21822     -0.64639
    245.00000     10.00000    -29.50158   -110.84251      1.06629
    250.00000     10.00000    -40.73084   -105.45981      2.55230
    255.00000     10.00000    -50.19584    -98.12429      3.74955
    260.00000     10.00000    -58.00720    -90.57373      4.67556
    265.00000     10.00000    -64.06284    -83.83661      5.47495
    270.00000     10.00000    -67.79477    -78.47280      6.36898
    275.00000     10.00000    -68.80848    -74.85833      7.50191
    280.00000     10.00000    -67.58607    -73.06401      8.81815
    285.00000     10.00000    -65.29472    -72.54163     10.11529
    290.00000     10.00000    -62.77847    -72.15206     11.24814
    295.00000     10.00000    -59.76398    -70.67975     12.29013
    300.00000     10.00000    -55.06399    -67.41080     13.49602
    305.00000     10.00000    -47.48773    -62.29862     15.11375
    310.00000     10.00000    -36.56457    -55.69777     17.22553
    315.00000     10.00000    -22.62877    -48.02846     19.72101
    320.00000     10.00000     -6.57366    -39.66635     22.34586
    325.00000     10.00000     10.26596    -31.04623     24.73127
    330.00000     10.00000     26.07567    -22.79937     26.41104
    335.00000     10.00000     38.63921    -15.76350     26.90348
    340.00000     10.00000     45.66494    -10.75106     25.87066
    345.00000     10.00000     45.30168     -8.04629     23.26400
    350.00000     10.00000     36.82348     -6.86375     19.36409
    355.00000     10.00000     21.42113     -5.29579     14.71361
    360.00000     10.00000      2.62894     -1.15837      9.99211
      0.00000     15.00000      6.89558      2.47226     10.99344
      5.00000     15.00000     -9.92287     10.22921      7.86570
     10.00000     15.00000    -20.63654     19.94534      5.15948
     15.00000     15.00000    -23.65814     28.68383      2.70598
     20.00000     15.00000    -20.85426     33.35035      0.31496
     25.00000     15.00000    -16.07051     32.44575     -2.05915
     30.00000     15.00000    -12.29639     26.87295     -4.20352
     35.00000     15.00000     -9.48427     19.28976     -5.67354
     40.00000     15.00000     -4.69039     12.50452     -5.99066
     45.00000     15.00000      5.39291      7.99975     -4.93765
     50.00000     15.00000     21.13606      5.50196     -2.79938
     55.00000     15.00000     38.22564      3.77663     -0.40022
     60.00000     15.00000     49.05869      1.98976      1.12909
     65.00000     15.00000     46.95129      0.56099      0.79249
     70.00000     15.00000     30.72858      0.78173     -1.81664
     75.00000     15.00000      6.45883      3.45908     -6.30103
     80.00000     15.00000    -15.35822      7.76600    -11.64595
     85.00000     15.00000    -25.60577     11.47195    -16.72744
     90.00000     15.00000    -21.35217     12.61213    -20.83330
     95.00000     15.00000     -6.22381     11.29112    -23.86961
    100.00000     15.00000     13.58422      9.97350    -26.16311
    105.00000     15.00000     34.11895     11.75183    -28.07283
    110.00000     15.00000     55.35168     17.80838    -29.73179
    115.00000     15.00000     78.73914     26.09604    -31.07582
    120.00000     15.00000    103.26149     32.40249    -32.05251
    125.00000     15.00000    123.63151     33.11897    -32.78162
    130.00000     15.00000    132.29573     27.71983    -33.53142
    135.00000     15.00000    123.69635     19.19814    -34.55798
    140.00000     15.00000     97.69608     12.22887    -35.95122
    145.00000     15.00000     59.99898     10.40285    -37.58712
    150.00000     15.00000     19.63661     14.34659    -39.17941
    155.00000     15.00000    -14.72385     21.72792    -40.36496
    160.00000     15.00000    -37.68341     28.82479    -40.78091
    165.00000     15.00000    -48.16741     32.49141    -40.14538
    170.00000     15.00000    -48.67399     31.41689    -38.36135
    175.00000     15.00000    -43.43432     26.22990    -35.60850
    180.00000     15.00000    -36.40209     18.68190    -32.33473
    185.00000     15.00000    -29.87838     10.49836    -29.09340
    190.00000     15.00000    -24.23720      2.50758    -26.29426
    195.00000     15.00000    -18.67273     -5.56621    -24.03442
    200.00000     15.00000    -12.35617    -14.64901    -22.13305
    205.00000     15.00000     -5.24278    -25.59288    -20.32628
    210.00000     15.00000      1.83600    -38.67721    -18.44603
    215.00000     15.00000      7.57359    -53.53730    -16.44531
    220.00000     15.00000     10.63362    -69.30906    -14.29952
    225.00000     15.00000      9.95935    -84.69699    -11.92981
    230.00000     15.00000      5.07651    -97.99785     -9.24454
    235.00000     15.00000     -3.58277   -107.39432     -6.25102
    240.00000     15.00000    -14.64280   -111.63018     -3.11567
    245.00000     15.00000    -26.31374   -110.66503     -0.11011
    250.00000     15.00000    -37.21909   -105.73099      2.51346
    255.00000     15.00000    -46.81453    -98.68427      4.63163
    260.00000     15.00000    -55.02485    -91.18631      6.29000
    265.00000     15.00000    -61.56980    -84.33243      7.66592
    270.00000     15.00000    -65.81122    -78.78850      8.97190
    275.00000     15.00000    -67.32739    -74.97277     10.34436
    280.00000     15.00000    -66.50860    -72.92869     11.78651
    285.00000     15.00000    -64.37642    -72.07382     13.21284
    290.00000     15.00000    -61.69550    -71.26897     14.56173
    295.00000     15.00000    -58.25089    -69.31873     15.87528
    300.00000     15.00000    -52.98195    -65.52646     17.27448
    305.00000     15.00000    -44.77286    -59.86990     18.86185
    310.00000     15.00000    -33.15267    -52.76004     20.64474
    315.00000     15.00000    -18.46607    -44.70347     22.52546
    320.00000     15.00000     -1.70061    -36.15787     24.31915
    325.00000     15.00000     15.66027    -27.59844     25.75319
    330.00000     15.00000     31.68661    -19.63013     26.47496
    335.00000     15.00000     44.13379    -12.98081     26.13457
    340.00000     15.00000     50.77388     -8.27702     24.54273
    345.00000     15.00000     49.90752     -5.61176     21.80184
    350.00000     15.00000     41.02722     -4.12986     18.29840
    355.00000     15.00000     25.51165     -2.06470     14.54814
    360.00000     15.00000      6.89558      2.47226     10.99344
      0.00000     20.00000     11.46630      8.90244     11.89063
      5.00000     20.00000     -4.57586     16.41883      9.66790
     10.00000     20.00000    -15.18899     25.38594      7.40249
     15.00000     20.00000    -19.05035     33.23091      4.84071
     20.00000     20.00000    -17.76331     37.37019      1.98629
     25.00000     20.00000    -14.51146     36.65928     -0.86063
     30.00000     20.00000    -11.61811     32.02011     -3.24281
     35.00000     20.00000     -8.73463     25.82427     -4.76796
     40.00000     20.00000     -3.09429     20.46365     -5.28352
     45.00000     20.00000      8.12154     17.06663     -4.92574
     50.00000     20.00000     24.79369     15.17934     -4.05481
     55.00000     20.00000     42.39823     13.55469     -3.14748
     60.00000     20.00000     53.48922     11.42130     -2.70519
     65.00000     20.00000     51.72541      9.24648     -3.17830
     70.00000     20.00000     36.10931      8.35852     -4.87531
     75.00000     20.00000     12.49169      9.69123     -7.85791
     80.00000     20.00000     -9.08678     12.71294    -11.88145
     85.00000     20.00000    -19.74198     15.57899    -16.45109
     90.00000     20.00000    -16.19058     16.57237    -21.00015
     95.00000     20.00000     -1.28119     15.70898    -25.10905
    100.00000     20.00000     19.37287     15.05721    -28.64631
    105.00000     20.00000     41.64478     17.27521    -31.75488
    110.00000     20.00000     64.60340     23.38135    -34.69485
    115.00000     20.00000     88.70670     31.54169    -37.63292
    120.00000     20.00000    112.56674     37.96256    -40.49929
    125.00000     20.00000    131.40532     39.34652    -42.99842
    130.00000     20.00000    138.66549     35.14202    -44.77099
    135.00000     20.00000    129.58691     27.97634    -45.60785
    140.00000     20.00000    104.14857     22.02918    -45.57763
    145.00000     20.00000     67.49105     20.55101    -44.98545
    150.00000     20.00000     27.80632     24.16921    -44.19288
    155.00000     20.00000     -6.85252     30.87387    -43.41671
    160.00000     20.00000    -31.17015     37.37657    -42.62791
    165.00000     20.00000    -43.64343     40.80938    -41.60328
    170.00000     20.00000    -46.10619     39.82775    -40.09383
    175.00000     20.00000    -42.24274     34.76578    -38.01064
    180.00000     20.00000    -35.81995     27.03422    -35.51562
    185.00000     20.00000    -29.33846     18.20068    -32.95341
    190.00000     20.00000    -23.58270      9.20853    -30.66139
    195.00000     20.00000    -18.11081      0.07082    -28.78644
    200.00000     20.00000    -12.22918     -9.87511    -27.23637
    205.00000     20.00000     -5.78835    -21.38339    -25.78372
    210.00000     20.00000      0.60032    -34.78314    -24.21167
    215.00000     20.00000      5.83674    -49.78136    -22.37458
    220.00000     20.00000      8.74234    -65.52309    -20.15548
    225.00000     20.00000      8.39312    -80.70879    -17.42099
    230.00000     20.00000      4.39278    -93.73274    -14.06867
    235.00000     20.00000     -2.91355   -102.99719    -10.14268
    240.00000     20.00000    -12.46845   -107.44884     -5.89788
    245.00000     20.00000    -22.91791   -107.05710     -1.72773
    250.00000     20.00000    -33.19084   -102.84032      2.00497
    255.00000     20.00000    -42.75387    -96.37443      5.11345
    260.00000     20.00000    -51.32250    -89.16570      7.62032
    265.00000     20.00000    -58.40467    -82.32829      9.68550
    270.00000     20.00000    -63.27022    -76.61463     11.49909
    275.00000     20.00000    -65.45017    -72.48054     13.20352
    280.00000     20.00000    -65.20402    -69.95253     14.86896
    285.00000     20.00000    -63.35222    -68.45266     16.51154
    290.00000     20.00000    -60.53936    -66.90983     18.12700
    295.00000     20.00000    -56.61495    -64.22055     19.71148
    300.00000     20.00000    -50.69920    -59.74385     21.25740
    305.00000     20.00000    -41.82299    -53.47266     22.73775
    310.00000     20.00000    -29.56828    -45.83947     24.10010
    315.00000     20.00000    -14.30901    -37.41379     25.26966
    320.00000     20.00000      2.88358    -28.74230     26.13980
    325.00000     20.00000     20.40833    -20.36355     26.54645
    330.00000     20.00000     36.27159    -12.86302     26.26929
    335.00000     20.00000     48.27925     -6.82809     25.11043
    340.00000     20.00000     54.36846     -2.63991     23.03431
    345.00000     20.00000     53.08801     -0.14769     20.26554
    350.00000     20.00000     44.19263      1.57694     17.23548
    355.00000     20.00000     29.19452      4.09629     14.37601
    360.00000     20.00000     11.46630      8.90244     11.89063
      0.00000     25.00000     16.21000     18.08847     12.62491
      5.00000     25.00000      1.39526     25.07996     11.12556
     10.00000     25.00000     -8.89900     32.99595      9.26097
     15.00000     25.00000    -13.60179     39.71397      6.76742
     20.00000     25.00000    -13.94499     43.25488      3.78888
     25.00000     25.00000    -12.30123     42.87997      0.81384
     30.00000     25.00000    -10.22775     39.50221     -1.61710
     35.00000     25.00000     -7.10351     35.10884     -3.22875
     40.00000     25.00000     -0.50115     31.55991     -4.13579
     45.00000     25.00000     11.71424     29.55424     -4.70343
     50.00000     25.00000     28.86436     28.44065     -5.27032
     55.00000     25.00000     46.36730     26.97614     -5.95571
     60.00000     25.00000     57.25314     24.46844     -6.69535
     65.00000     25.00000     55.81961     21.44129     -7.45974
     70.00000     25.00000     41.32682     19.28161     -8.45464
     75.00000     25.00000     19.21559     19.10681    -10.11230
     80.00000     25.00000     -1.27645     20.76721    -12.85048
     85.00000     25.00000    -11.78216     22.88182    -16.77305
     90.00000     25.00000     -8.73966     23.99587    -21.55260
     95.00000     25.00000      5.91168     23.95188    -26.60830
    100.00000     25.00000     27.33139     24.25593    -31.46271
    105.00000     25.00000     51.30665     26.96664    -36.00795
    110.00000     25.00000     75.93532     32.88201    -40.46528
    115.00000     25.00000    100.54357     40.48832    -45.05648
    120.00000     25.00000    123.33095     46.62517    -49.64113
    125.00000     25.00000    140.15364     48.48838    -53.61762
    130.00000     25.00000    145.68695     45.52951    -56.19065
    135.00000     25.00000    136.16398     39.88191    -56.82631
    140.00000     25.00000    111.71435     35.05572    -55.57502
    145.00000     25.00000     76.77526     33.86845    -53.05012
    150.00000     25.00000     38.46776     36.97958    -50.10330
    155.00000     25.00000      4.01231     42.79874    -47.42777
    160.00000     25.00000    -21.49761     48.54816    -45.32001
    165.00000     25.00000    -36.16472     51.65645    -43.68617
    170.00000     25.00000    -41.09213     50.72720    -42.22702
    175.00000     25.00000    -39.27420     45.78063    -40.66777
    180.00000     25.00000    -34.12244     37.87629    -38.91373
    185.00000     25.00000    -28.21054     28.41147    -37.06962
    190.00000     25.00000    -22.69782     18.42784    -35.33244
    195.00000     25.00000    -17.55917      8.22325    -33.83751
    200.00000     25.00000    -12.32482     -2.57696    -32.56184
    205.00000     25.00000     -6.79919    -14.58493    -31.33830
    210.00000     25.00000     -1.36582    -28.14783    -29.94096
    215.00000     25.00000      3.14446    -43.05199    -28.15492
    220.00000     25.00000      5.78435    -58.49767    -25.79059
    225.00000     25.00000      5.80229    -73.24072    -22.68566
    230.00000     25.00000      2.86877    -85.81987    -18.75629
    235.00000     25.00000     -2.80525    -94.88302    -14.08660
    240.00000     25.00000    -10.53528    -99.59112     -8.96998
    245.00000     25.00000    -19.44721    -99.92360     -3.83367
    250.00000     25.00000    -28.80885    -96.66676      0.92139
    255.00000     25.00000    -38.12685    -91.06932      5.05746
    260.00000     25.00000    -46.92960    -84.41072      8.53212
    265.00000     25.00000    -54.51854    -77.74977     11.43707
    270.00000     25.00000    -60.05551    -71.87680     13.91619
    275.00000     25.00000    -62.99418    -67.27886     16.11548
    280.00000     25.00000    -63.43014    -64.00022     18.16199
    285.00000     25.00000    -61.95227    -61.52925     20.14364
    290.00000     25.00000    -59.06180    -58.93302     22.08253
    295.00000     25.00000    -54.66852    -55.25758     23.92194
    300.00000     25.00000    -48.10231    -49.94596     25.54629
    305.00000     25.00000    -38.59893    -43.00092     26.82825
    310.00000     25.00000    -25.85205    -34.85150     27.67446
    315.00000     25.00000    -10.28873    -26.10845     28.03968
    320.00000     25.00000      6.96093    -17.40096     27.90049
    325.00000     25.00000     24.23824     -9.33094     27.21439
    330.00000     25.00000     39.56124     -2.45373     25.91422
    335.00000     25.00000     50.86740      2.80917     23.97141
    340.00000     25.00000     56.33905      6.34614     21.49868
    345.00000     25.00000     54.82898      8.55418     18.79931
    350.00000     25.00000     46.34855     10.40979     16.27758
    355.00000     25.00000     32.45527     13.23230     14.22576
    360.00000     25.00000     16.21000     18.08847     12.62491
      0.00000     30.00000     20.92036     29.85611     13.16589
      5.00000     30.00000      7.66102     36.07124     12.18665
     10.00000     30.00000     -2.10185     42.77431     10.67515
     15.00000     30.00000     -7.49455     48.32534      8.42006
     20.00000     30.00000     -9.30880     51.35400      5.64420
     25.00000     30.00000     -9.06283     51.51115      2.86715
     30.00000     30.00000     -7.56255     49.66388      0.55850
     35.00000     30.00000     -4.00555     47.35791     -1.17676
     40.00000     30.00000      3.55242     45.85932     -2.64672
     45.00000     30.00000     16.44871     45.39545     -4.30961
     50.00000     30.00000     33.46690     45.11242     -6.38917
     55.00000     30.00000     50.16665     43.79735     -8.66355
     60.00000     30.00000     60.35678     40.87601    -10.60874
     65.00000     30.00000     59.22141     36.96607    -11.81770
     70.00000     30.00000     46.33579     33.54558    -12.39640
     75.00000     30.00000     26.57575     31.94367    -13.03096
     80.00000     30.00000      8.09870     32.41352    -14.64573
     85.00000     30.00000     -1.51245     34.04114    -17.87455
     90.00000     30.00000      1.42456     35.60532    -22.71667
     95.00000     30.00000     15.86195     36.70341    -28.61825
    100.00000     30.00000     37.82487     38.17243    -34.89804
    105.00000     30.00000     63.15115     41.36935    -41.17084
    110.00000     30.00000     89.08047     46.83388    -47.43170
    115.00000     30.00000    113.86294     53.43703    -53.74854
    120.00000     30.00000    135.30037     58.79516    -59.84153
    125.00000     30.00000    149.90027     60.73905    -64.92994
    130.00000     30.00000    153.61620     58.78271    -68.01342
    135.00000     30.00000    143.73484     54.52482    -68.40665
    140.00000     30.00000    120.56837     50.71888    -66.15046
    145.00000     30.00000     87.81957     49.68835    -62.02651
    150.00000     30.00000     51.44064     52.12145    -57.19534
    155.00000     30.00000     17.67909     56.87962    -52.71145
    160.00000     30.00000     -8.73654     61.72653    -49.18796
    165.00000     30.00000    -25.61588     64.40328    -46.72836
    170.00000     30.00000    -33.35083     63.47447    -45.07269
    175.00000     30.00000    -34.16786     58.66427    -43.82955
    180.00000     30.00000    -30.97193     50.68947    -42.67938
    185.00000     30.00000    -26.24759     40.75464    -41.47954
    190.00000     30.00000    -21.42598     29.94813    -40.25009
    195.00000     30.00000    -16.89162     18.80573    -39.07059
    200.00000     30.00000    -12.46796      7.23789    -37.96148
    205.00000     30.00000     -7.99686     -5.17846    -36.82317
    210.00000     30.00000     -3.67094    -18.75030    -35.45346
    215.00000     30.00000     -0.02599    -33.32696    -33.60733
    220.00000     30.00000      2.27333    -48.20977    -31.05433
    225.00000     30.00000      2.67217    -62.28745    -27.62519
    230.00000     30.00000      0.88655    -74.29952    -23.26389
    235.00000     30.00000     -3.04340    -83.14786    -18.07888
    240.00000     30.00000     -8.81672    -88.18565    -12.35135
    245.00000     30.00000    -16.01933    -89.38403     -6.46852
    250.00000     30.00000    -24.24485    -87.29160     -0.80683
    255.00000     30.00000    -33.06750    -82.81274      4.36594
    260.00000     30.00000    -41.88664    -76.94710      8.92087
    265.00000     30.00000    -49.84241    -70.62030     12.84279
    270.00000     30.00000    -55.99250    -64.59985     16.19581
    275.00000     30.00000    -59.68844    -59.39622     19.10148
    280.00000     30.00000    -60.83879    -55.11650     21.71042
    285.00000     30.00000    -59.79067    -51.38391     24.14591
    290.00000     30.00000    -56.89471    -47.46504     26.43626
    295.00000     30.00000    -52.11393    -42.59637     28.48395
    300.00000     30.00000    -44.99782    -36.32510     30.10194
    305.00000     30.00000    -35.02566    -28.66626     31.09815
    310.00000     30.00000    -22.04926    -20.03360     31.35426
    315.00000     30.00000     -6.56122    -11.05847     30.85381
    320.00000     30.00000     10.29362     -2.42817     29.65575
    325.00000     30.00000     26.88263      5.21836     27.84950
    330.00000     30.00000     41.32376     11.38076     25.53844
    335.00000     30.00000     51.75646     15.81395     22.87144
    340.00000     30.00000     56.65219     18.65694     20.09089
    345.00000     30.00000     55.17255     20.50629     17.52799
    350.00000     30.00000     47.53443     22.34097     15.49547
    355.00000     30.00000     35.23818     25.22949     14.11007
    360.00000     30.00000     20.92036     29.85611     13.16589
      0.00000     35.00000     25.35491     43.95575     13.61677
      5.00000     35.00000     13.87210     49.20099     12.96707
     10.00000     35.00000      4.87327     54.67181     11.76962
     15.00000     35.00000     -0.88584     59.20304      9.89099
     20.00000     35.00000     -3.73841     61.96364      7.56418
     25.00000     35.00000     -4.41466     62.90889      5.20963
     30.00000     35.00000     -3.09787     62.79478      3.11334
     35.00000     35.00000      1.05249     62.69092      1.18857
     40.00000     35.00000      9.39647     63.26230     -0.98393
     45.00000     35.00000     22.47028     64.28307     -3.83081
     50.00000     35.00000     38.64449     64.73908     -7.38920
     55.00000     35.00000     53.84863     63.50666    -11.13720
     60.00000     35.00000     62.91602     60.18993    -14.22259
     65.00000     35.00000     62.07942     55.54291    -15.98818
     70.00000     35.00000     51.25308     51.14392    -16.46289
     75.00000     35.00000     34.64288     48.50287    -16.47577
     80.00000     35.00000     19.13424     48.21177    -17.28540
     85.00000     35.00000     11.28825     49.74821    -19.94671
     90.00000     35.00000     14.67037     52.06400    -24.82099
     95.00000     35.00000     28.96208     54.47931    -31.52863
    100.00000     35.00000     51.05060     57.15098    -39.31882
    105.00000     35.00000     77.00644     60.72673    -47.53332
    110.00000     35.00000    103.49968     65.47830    -55.80446
    115.00000     35.00000    127.95012     70.66398    -63.87699
    120.00000     35.00000    147.84820     74.71128    -71.26986
    125.00000     35.00000    160.27781     76.15465    -77.12772
    130.00000     35.00000    162.33464     74.65162    -80.44871
    135.00000     35.00000    152.27539     71.32762    -80.56099
    140.00000     35.00000    130.60573     68.19939    -77.51974
    145.00000     35.00000    100.35441     67.07500    -72.15806
    150.00000     35.00000     66.33269     68.62724    -65.77274
    155.00000     35.00000     33.75734     72.13016    -59.64910
    160.00000     35.00000      6.85769     75.87946    -54.67613
    165.00000     35.00000    -12.03364     77.96032    -51.19122
    170.00000     35.00000    -22.69159     76.95968    -49.04714
    175.00000     35.00000    -26.56461     72.36323    -47.81168
    180.00000     35.00000    -25.93757     64.55920    -46.99831
    185.00000     35.00000    -23.03773     54.50956    -46.24538
    190.00000     35.00000    -19.41896     43.25343    -45.38837
    195.00000     35.00000    -15.80610     31.47484    -44.41491
    200.00000     35.00000    -12.34009     19.33927    -43.34905
    205.00000     35.00000     -8.97849      6.65572    -42.14426
    210.00000     35.00000     -5.79325     -6.76807    -40.64547
    215.00000     35.00000     -3.05161    -20.80449    -38.62538
    220.00000     35.00000     -1.13139    -34.88564    -35.85732
    225.00000     35.00000     -0.39226    -48.10646    -32.18484
    230.00000     35.00000     -1.09088    -59.46303    -27.56890
    235.00000     35.00000     -3.36300    -68.11149    -22.10685
    240.00000     35.00000     -7.25040    -73.55948    -16.01826
    245.00000     35.00000    -12.72535    -75.74016     -9.59821
    250.00000     35.00000    -19.65847    -74.96373     -3.15634
    255.00000     35.00000    -27.71356    -71.79385      3.03188
    260.00000     35.00000    -36.24006    -66.92214      8.75036
    265.00000     35.00000    -44.29465    -61.07901     13.85659
    270.00000     35.00000    -50.86489    -54.95176     18.29939
    275.00000     35.00000    -55.19839    -49.06092     22.12873
    280.00000     35.00000    -57.01248    -43.61085     25.46802
    285.00000     35.00000    -56.41905    -38.41349     28.43815
    290.00000     35.00000    -53.62092    -32.98021     31.06772
    295.00000     35.00000    -48.62347    -26.76756     33.24888
    300.00000     35.00000    -41.18629    -19.44754     34.77285
    305.00000     35.00000    -31.04262    -11.06036     35.42421
    310.00000     35.00000    -18.22219     -2.00159     35.07576
    315.00000     35.00000     -3.27664      7.10216     33.73479
    320.00000     35.00000     12.68994     15.54900     31.53252
    325.00000     35.00000     28.16050     22.70941     28.68520
    330.00000     35.00000     41.43851     28.16532     25.46227
    335.00000     35.00000     50.91761     31.83499     22.17425
    340.00000     35.00000     55.36560     34.04824     19.15938
    345.00000     35.00000     54.21192     35.51858     16.73251
    350.00000     35.00000     47.79499     37.17378     15.08176
    355.00000     35.00000     37.45936     39.85308     14.15407
    360.00000     35.00000     25.35491     43.95575     13.61677
      0.00000     40.00000     29.29343     60.01833     14.24051
      5.00000     40.00000     19.73840     64.21014     13.77237
     10.00000     40.00000     11.78828     68.57843     12.87376
     15.00000     40.00000      6.15604     72.39290     11.46345
     20.00000     40.00000      2.92122     75.23846      9.70710
     25.00000     40.00000      1.97397     77.23671      7.83634
     30.00000     40.00000      3.53851     78.94360      5.90520
     35.00000     40.00000      8.33508     80.94084      3.66335
     40.00000     40.00000     17.11388     83.34878      0.67443
     45.00000     40.00000     29.73086     85.58505     -3.35493
     50.00000     40.00000     44.35923     86.58177     -8.23960
     55.00000     40.00000     57.51915     85.39592    -13.22854
     60.00000     40.00000     65.21446     81.86749    -17.29186
     65.00000     40.00000     64.77233     76.89648    -19.66750
     70.00000     40.00000     56.42183     72.11348    -20.35564
     75.00000     40.00000     43.64268     69.10391    -20.24354
     80.00000     40.00000     31.95211     68.65746    -20.75468
     85.00000     40.00000     26.70870     70.51334    -23.21261
     90.00000     40.00000     31.09161     73.73319    -28.28918
     95.00000     40.00000     45.25297     77.39139    -35.83655
    100.00000     40.00000     66.86022     81.06270    -45.13245
    105.00000     40.00000     92.41204     84.77773    -55.29779
    110.00000     40.00000    118.40850     88.55928    -65.57403
    115.00000     40.00000    141.82386     91.99039    -75.31559
    120.00000     40.00000    159.99680     94.22547    -83.81234
    125.00000     40.00000    170.47189     94.47939    -90.19389
    130.00000     40.00000    171.22818     92.63100    -93.58162
    135.00000     40.00000    161.28808     89.47560    -93.43202
    140.00000     40.00000    141.31607     86.41751    -89.84709
    145.00000     40.00000    113.77181     84.78520    -83.63968
    150.00000     40.00000     82.44766     85.17919    -76.10434
    155.00000     40.00000     51.55740     87.19568    -68.61740
    160.00000     40.00000     24.73444     89.61380    -62.25691
    165.00000     40.00000      4.28476     90.89358    -57.58187
    170.00000     40.00000     -9.10329     89.73249    -54.61126
    175.00000     40.00000    -16.16652     85.46283    -52.96452
    180.00000     40.00000    -18.52173     78.16800    -52.08604
    185.00000     40.00000    -17.99976     68.50810    -51.46469
    190.00000     40.00000    -16.10808     57.35617    -50.76978
    195.00000     40.00000    -13.78378     45.42736    -49.86491
    200.00000     40.00000    -11.44374     33.08121    -48.72307
    205.00000     40.00000     -9.20314     20.37394    -47.31400
    210.00000     40.00000     -7.09680      7.28880    -45.53676
    215.00000     40.00000     -5.20335     -6.02083    -43.22563
    220.00000     40.00000     -3.67081    -19.11919    -40.20599
    225.00000     40.00000     -2.69909    -31.34687    -36.35472
    230.00000     40.00000     -2.52685    -41.98767    -31.63351
    235.00000     40.00000     -3.42923    -50.44288    -26.09056
    240.00000     40.00000     -5.69942    -56.33864    -19.84491
    245.00000     40.00000     -9.58254    -59.54737    -13.07018
    250.00000     40.00000    -15.15375    -60.15191     -5.98645
    255.00000     40.00000    -22.17911    -58.39900      1.14479
    260.00000     40.00000    -30.04092    -54.67172      8.03807
    265.00000     40.00000    -37.80866    -49.46916     14.42675
    270.00000     40.00000    -44.46506    -43.35104     20.12253
    275.00000     40.00000    -49.18782    -36.82182     25.05804
    280.00000     40.00000    -51.52888    -30.18740     29.27533
    285.00000     40.00000    -51.38988    -23.46886     32.85406
    290.00000     40.00000    -48.83384    -16.44415     35.81821
    295.00000     40.00000    -43.88787     -8.81247     38.08040
    300.00000     40.00000    -36.48635     -0.39758     39.46013
    305.00000     40.00000    -26.59017      8.71141     39.76379
    310.00000     40.00000    -14.39315     18.13465     38.87882
    315.00000     40.00000     -0.48327     27.28093     36.83586
    320.00000     40.00000     14.12721     35.48906     33.82076
    325.00000     40.00000     28.10937     42.19164     30.14760
    330.00000     40.00000     40.01770     47.07065     26.21278
    335.00000     40.00000     48.52983     50.17020     22.44159
    340.00000     40.00000     52.68977     51.92433     19.22414
    345.00000     40.00000     52.12686     53.06761     16.83610
    350.00000     40.00000     47.20707     54.43012     15.35601
    355.00000     40.00000     39.04361     56.66711     14.61695
    360.00000     40.00000     29.29343     60.01833     14.24051
      0.00000     45.00000     32.60699     77.47094     15.38425
      5.00000     45.00000     25.11171     80.72483     15.00502
     10.00000     45.00000     18.56766     84.29149     14.39654
     15.00000     45.00000     13.68017     87.79883     13.46603
     20.00000     45.00000     10.82541     91.09441     12.24238
     25.00000     45.00000     10.27733     94.31438     10.73385
     30.00000     45.00000     12.42521     97.74040      8.78691
     35.00000     45.00000     17.75168    101.50261      6.06595
     40.00000     45.00000     26.47199    105.30435      2.21399
     45.00000     45.00000     37.98934    108.37204     -2.86699
     50.00000     45.00000     50.53848    109.72975     -8.78684
     55.00000     45.00000     61.39261    108.70280    -14.67306
     60.00000     45.00000     67.73911    105.38362    -19.48089
     65.00000     45.00000     67.91392    100.76682    -22.49055
     70.00000     45.00000     62.38060     96.42359    -23.73292
     75.00000     45.00000     53.87752     93.85509    -24.09105
     80.00000     45.00000     46.55830     93.87030    -24.99290
     85.00000     45.00000     44.49427     96.32909    -27.84303
     90.00000     45.00000     50.25123    100.36475    -33.48787
     95.00000     45.00000     64.17458    104.90084    -41.97269
    100.00000     45.00000     84.57935    109.11506    -52.65578
    105.00000     45.00000    108.54897    112.58839    -64.53393
    110.00000     45.00000    132.81682    115.13847    -76.54678
    115.00000     45.00000    154.34117    116.56706    -87.71206
    120.00000     45.00000    170.52212    116.58041    -97.11444
    125.00000     45.00000    179.27165    114.96332   -103.88739
    130.00000     45.00000    179.16585    111.85855   -107.30786
    135.00000     45.00000    169.72827    107.90574   -107.00085
    140.00000     45.00000    151.69503    104.09205   -103.13546
    145.00000     45.00000    127.05241    101.36813    -96.47491
    150.00000     45.00000     98.73689    100.23344    -88.22383
    155.00000     45.00000     70.05506    100.50317    -79.72701
    160.00000     45.00000     44.00586    101.35686    -72.13982
    165.00000     45.00000     22.71718    101.62741    -66.18687
    170.00000     45.00000      7.15359    100.19492    -62.07456
    175.00000     45.00000     -2.84872     96.32789    -59.56126
    180.00000     45.00000     -8.27258     89.85075    -58.13839
    185.00000     45.00000    -10.47175     81.09345    -57.24426
    190.00000     45.00000    -10.74915     70.67104    -56.42933
    195.00000     45.00000    -10.08776     59.21439    -55.42170
    200.00000     45.00000     -9.07441     47.18518    -54.09511
    205.00000     45.00000     -7.97076     34.84761    -52.38859
    210.00000     45.00000     -6.84588     22.37074    -50.23850
    215.00000     45.00000     -5.70077      9.96561    -47.55691
    220.00000     45.00000     -4.55847     -2.03833    -44.24885
    225.00000     45.00000     -3.52430    -13.21236    -40.23836
    230.00000     45.00000     -2.82291    -23.10966    -35.47968
    235.00000     45.00000     -2.80222    -31.34600    -29.95374
    240.00000     45.00000     -3.88446    -37.63702    -23.66719
    245.00000     45.00000     -6.45468    -41.79303    -16.66978
    250.00000     45.00000    -10.70774    -43.70471     -9.08720
    255.00000     45.00000    -16.50935    -43.35237     -1.14734
    260.00000     45.00000    -23.34159    -40.84214      6.82805
    265.00000     45.00000    -30.37969    -36.43643     14.47785
    270.00000     45.00000    -36.68530    -30.53448     21.48420
    275.00000     45.00000    -41.43469    -23.58493     27.64096
    280.00000     45.00000    -44.07538    -15.96213     32.86860
    285.00000     45.00000    -44.34738     -7.87285     37.16684
    290.00000     45.00000    -42.18984      0.64933     40.53597
    295.00000     45.00000    -37.62256      9.65497     42.91728
    300.00000     45.00000    -30.69416     19.14261     44.18879
    305.00000     45.00000    -21.53038     28.94531     44.21697
    310.00000     45.00000    -10.44267     38.69103     42.93455
    315.00000     45.00000      1.97870     47.85003     40.40587
    320.00000     45.00000     14.84876     55.85089     36.85490
    325.00000     45.00000     27.06691     62.22974     32.64974
    330.00000     45.00000     37.47063     66.77077     28.25062
    335.00000     45.00000     45.02588     69.59333     24.13284
    340.00000     45.00000     49.01734     71.14841     20.69696
    345.00000     45.00000     49.20446     72.11036     18.18345
    350.00000     45.00000     45.90575     73.18679     16.61564
    355.00000     45.00000     39.96964     74.90717     15.79780
    360.00000     45.00000     32.60699     77.47094     15.38425
      0.00000     50.00000     35.32745     95.50222     17.49807
      5.00000     50.00000     30.02818     98.20144     17.13654
     10.00000     50.00000     25.28128    101.43532     16.74727
     15.00000     50.00000     21.75987    105.07775     16.16609
     20.00000     50.00000     19.97168    109.08891     15.25855
     25.00000     50.00000     20.32987    113.50753     13.84178
     30.00000     50.00000     23.19212    118.33089     11.63891
     35.00000     50.00000     28.77377    123.34496      8.32887
     40.00000     50.00000     36.92226    128.02042      3.70218
     45.00000     50.00000     46.86464    131.58143     -2.14359
     50.00000     50.00000     57.12673    133.27128     -8.69113
     55.00000     50.00000     65.79133    132.71821    -15.08263
     60.00000     50.00000     71.10178    130.21650    -20.41063
     65.00000     50.00000     72.20165    126.74654    -24.11554
     70.00000     50.00000     69.66384    123.67688    -26.29987
     75.00000     50.00000     65.50726    122.26193    -27.78535
     80.00000     50.00000     62.62599    123.17091    -29.85911
     85.00000     50.00000     63.84508    126.27431    -33.81439
     90.00000     50.00000     71.00063    130.77333    -40.49509
     95.00000     50.00000     84.41065    135.57096    -50.03961
    100.00000     50.00000    102.88615    139.66859    -61.89912
    105.00000     50.00000    124.16837    142.39833    -75.06063
    110.00000     50.00000    145.52617    143.43806    -88.32537
    115.00000     50.00000    164.27044    142.69942   -100.51795
    120.00000     50.00000    178.08576    140.23139   -110.59366
    125.00000     50.00000    185.22013    136.22058   -117.69457
    130.00000     50.00000    184.62295    131.05772   -121.22128
    135.00000     50.00000    176.07406    125.36903   -120.93921
    140.00000     50.00000    160.26702    119.92888   -117.07496
    145.00000     50.00000    138.76983    115.45387   -110.33267
    150.00000     50.00000    113.81211    112.36171   -101.78764
    155.00000     50.00000     87.91696    110.60727    -92.67222
    160.00000     50.00000     63.46233    109.67285    -84.11834
    165.00000     50.00000     42.28783    108.71950    -76.93770
    170.00000     50.00000     25.44921    106.83940    -71.50379
    175.00000     50.00000     13.17392    103.31316    -67.76070
    180.00000     50.00000      5.00713     97.78004    -65.33991
    185.00000     50.00000      0.08089     90.27042    -63.73126
    190.00000     50.00000     -2.58967     81.11031    -62.44257
    195.00000     50.00000     -3.87009     70.76143    -61.09805
    200.00000     50.00000     -4.37810     59.67776    -59.46179
    205.00000     50.00000     -4.46355     48.23372    -57.40771
    210.00000     50.00000     -4.26555     36.72766    -54.87287
    215.00000     50.00000     -3.80741     25.42261    -51.82100
    220.00000     50.00000     -3.09868     14.57885    -48.22213
    225.00000     50.00000     -2.22325      4.45775    -44.03985
    230.00000     50.00000     -1.39566     -4.69171    -39.21994
    235.00000     50.00000     -0.96762    -12.63940    -33.68615
    240.00000     50.00000     -1.37233    -19.16219    -27.35621
    245.00000     50.00000     -3.01183    -24.02633    -20.18410
    250.00000     50.00000     -6.11757    -26.99072    -12.21666
    255.00000     50.00000    -10.63429    -27.84765     -3.63676
    260.00000     50.00000    -16.17824    -26.49084      5.23564
    265.00000     50.00000    -22.09555    -22.97537     13.99426
    270.00000     50.00000    -27.60386    -17.53028     22.23108
    275.00000     50.00000    -31.96161    -10.50828     29.61648
    280.00000     50.00000    -34.59830     -2.29387     35.93869
    285.00000     50.00000    -35.16470      6.78311     41.08954
    290.00000     50.00000    -33.50817     16.48404     45.01457
    295.00000     50.00000    -29.61711     26.63344     47.66307
    300.00000     50.00000    -23.58483     37.04751     48.96976
    305.00000     50.00000    -15.61786     47.46230     48.87783
    310.00000     50.00000     -6.07637     57.50204     47.38980
    315.00000     50.00000      4.48949     66.70784     44.61954
    320.00000     50.00000     15.34286     74.62140     40.82067
    325.00000     50.00000     25.61962     80.89814     36.37696
    330.00000     50.00000     34.43711     85.41163     31.75344
    335.00000     50.00000     41.02965     88.31058     27.41846
    340.00000     50.00000     44.88216     90.00145     23.75542
    345.00000     50.00000     45.83274     91.05355     20.98822
    350.00000     50.00000     44.11679     92.05327     19.14428
    355.00000     50.00000     40.33281     93.45755     18.07026
    360.00000     50.00000     35.32745     95.50222     17.49807
      0.00000     55.00000     37.70190    113.01904     21.35237
      5.00000     55.00000     34.68531    115.77651     20.88226
     10.00000     55.00000     32.03081    119.23772     20.49781
     15.00000     55.00000     30.31286    123.39846     19.95185
     20.00000     55.00000     30.00889    128.22388     18.98560
     25.00000     55.00000     31.48724    133.62260     17.31343
     30.00000     55.00000     34.97515    139.38191     14.64074
     35.00000     55.00000     40.48255    145.10844     10.73650
     40.00000     55.00000     47.69699    150.23473      5.54712
     45.00000     55.00000     55.91264    154.13230     -0.70112
     50.00000     55.00000     64.07821    156.31794     -7.48230
     55.00000     55.00000     71.01703    156.67775    -14.08335
     60.00000     55.00000     75.79060    155.59851    -19.83820
     65.00000     55.00000     78.08412    153.91795    -24.40279
     70.00000     55.00000     78.44364    152.68149    -27.94942
     75.00000     55.00000     78.23006    152.78895    -31.17875
     80.00000     55.00000     79.26778    154.67650    -35.12333
     85.00000     55.00000     83.30126    158.16885    -40.81242
     90.00000     55.00000     91.45840    162.55637    -48.93100
     95.00000     55.00000    103.91072    166.84615    -59.60229
    100.00000     55.00000    119.82544    170.06410    -72.35789
    105.00000     55.00000    137.57989    171.48510    -86.27253
    110.00000     55.00000    155.12195    170.73019   -100.18118
    115.00000     55.00000    170.34540    167.74880   -112.89097
    120.00000     55.00000    181.39488    162.75009   -123.33940
    125.00000     55.00000    186.87728    156.14062   -130.69806
    130.00000     55.00000    185.99558    148.48308   -134.44578
    135.00000     55.00000    178.62279    140.45183   -134.42691
    140.00000     55.00000    165.31437    132.75276   -130.88597
    145.00000     55.00000    147.24201    126.00010   -124.45285
    150.00000     55.00000    126.03643    120.57866   -116.05753
    155.00000     55.00000    103.55067    116.54208   -106.77747
    160.00000     55.00000     81.58383    113.59197    -97.64890
    165.00000     55.00000     61.62364    111.15370    -89.49068
    170.00000     55.00000     44.66540    108.52748    -82.78760
    175.00000     55.00000     31.14457    105.06477    -77.66087
    180.00000     55.00000     20.98774    100.31296    -73.92442
    185.00000     55.00000     13.75437     94.08669    -71.19873
    190.00000     55.00000      8.82031     86.45651    -69.03957
    195.00000     55.00000      5.55023     77.67714    -67.04259
    200.00000     55.00000      3.42017     68.09478    -64.90239
    205.00000     55.00000      2.07273     58.06890    -62.42604
    210.00000     55.00000      1.30892     47.92504    -59.51471
    215.00000     55.00000      1.03416     37.93583    -56.12986
    220.00000     55.00000      1.18187     28.31965    -52.25518
    225.00000     55.00000      1.63940     19.24989    -47.86173
    230.00000     55.00000      2.19922     10.87479    -42.88352
    235.00000     55.00000      2.55324      3.34830    -37.21342
    240.00000     55.00000      2.33701     -3.13584    -30.72710
    245.00000     55.00000      1.21535     -8.32348    -23.33318
    250.00000     55.00000     -1.01640    -11.91132    -15.03400
    255.00000     55.00000     -4.35020    -13.59568     -5.97160
    260.00000     55.00000     -8.53435    -13.14523      3.56397
    265.00000     55.00000    -13.10772    -10.46858     13.17224
    270.00000     55.00000    -17.48861     -5.64674     22.41258
    275.00000     55.00000    -21.08664      1.08341     30.87971
    280.00000     55.00000    -23.40027      9.38437     38.25578
    285.00000     55.00000    -24.07428     18.88414     44.32515
    290.00000     55.00000    -22.91402     29.22295     48.95742
    295.00000     55.00000    -19.87253     40.06486     52.07895
    300.00000     55.00000    -15.03363     51.07930     53.65479
    305.00000     55.00000     -8.60563     61.91403     53.69282
    310.00000     55.00000     -0.92503     72.18425     52.26711
    315.00000     55.00000      7.54293     81.49408     49.54609
    320.00000     55.00000     16.22263     89.49063     45.80780
    325.00000     55.00000     24.47468     95.93545     41.42873
    330.00000     55.00000     31.66889    100.76808     36.84291
    335.00000     55.00000     37.27168    104.13607     32.47823
    340.00000     55.00000     40.93015    106.37547     28.68644
    345.00000     55.00000     42.53372    107.94292     25.68659
    350.00000     55.00000     42.23714    109.31924     23.53915
    355.00000     55.00000     40.43648    110.91641     22.15785
    360.00000     55.00000     37.70190    113.01904     21.35237
      0.00000     60.00000     40.20264    128.44971     28.16403
      5.00000     60.00000     39.38039    131.94510     27.35185
     10.00000     60.00000     38.84599    136.15126     26.60502
     15.00000     60.00000     39.01455    141.08917     25.64033
     20.00000     60.00000     40.23109    146.68779     24.16231
     25.00000     60.00000     42.73545    152.77052     21.88632
     30.00000     60.00000     46.62452    159.04222     18.57962
     35.00000     60.00000     51.81207    165.09821     14.12053
     40.00000     60.00000     58.00093    170.47682      8.55877
     45.00000     60.00000     64.69329    174.76068      2.14599
     50.00000     60.00000     71.26487    177.70506     -4.69465
     55.00000     60.00000     77.10861    179.34664    -11.47289
     60.00000     60.00000     81.82006    180.03885    -17.78956
     65.00000     60.00000     85.36493    180.37974    -23.49631
     70.00000     60.00000     88.15827    181.03999    -28.79131
     75.00000     60.00000     91.00639    182.54418    -34.20131
     80.00000     60.00000     94.91089    185.08444    -40.44287
     85.00000     60.00000    100.78852    188.43687    -48.20451
     90.00000     60.00000    109.19514    192.01040    -57.92426
     95.00000     60.00000    120.13998    195.00434    -69.63695
    100.00000     60.00000    133.04065    196.61235    -82.93491
    105.00000     60.00000    146.81832    196.20270    -97.04015
    110.00000     60.00000    160.09020    193.42806   -110.95045
    115.00000     60.00000    171.39972    188.25520   -123.60837
    120.00000     60.00000    179.43180    180.93439   -134.05280
    125.00000     60.00000    183.18250    171.93787   -141.53403
    130.00000     60.00000    182.07156    161.88779   -145.59081
    135.00000     60.00000    175.99770    151.47924   -146.09366
    140.00000     60.00000    165.33772    141.39554   -143.25464
    145.00000     60.00000    150.89040    132.21652   -137.59848
    150.00000     60.00000    133.76842    124.33131   -129.89041
    155.00000     60.00000    115.24962    117.87618   -121.02474
    160.00000     60.00000     96.60908    112.71836   -111.89089
    165.00000     60.00000     78.96047    108.49561   -103.24368
    170.00000     60.00000     63.13606    104.70453    -95.60635
    175.00000     60.00000     49.62607    100.81438    -89.22704
    180.00000     60.00000     38.58422     96.37535    -84.09384
    185.00000     60.00000     29.88992     91.09405    -79.99733
    190.00000     60.00000     23.24514     84.86196    -76.61772
    195.00000     60.00000     18.27844     77.73890    -73.61107
    200.00000     60.00000     14.63139     69.90595    -70.67471
    205.00000     60.00000     12.01135     61.60719    -67.58212
    210.00000     60.00000     10.20564     53.09660    -64.18740
    215.00000     60.00000      9.06269     44.60071    -60.40639
    220.00000     60.00000      8.45336     36.30186    -56.18471
    225.00000     60.00000      8.22932     28.34263    -51.46438
    230.00000     60.00000      8.19509     20.84868    -46.16094
    235.00000     60.00000      8.10597     13.96242    -40.16080
    240.00000     60.00000      7.69572      7.87493    -33.34303
    245.00000     60.00000      6.72773      2.84136    -25.62146
    250.00000     60.00000      5.05443     -0.83130    -16.99360
    255.00000     60.00000      2.66533     -2.82548     -7.57802
    260.00000     60.00000     -0.29324     -2.87252      2.37530
    265.00000     60.00000     -3.53427     -0.81085     12.50785
    270.00000     60.00000     -6.67772      3.37672     22.40181
    275.00000     60.00000     -9.31507      9.55759     31.63927
    280.00000     60.00000    -11.07256     17.47376     39.85304
    285.00000     60.00000    -11.65896     26.78270     46.75727
    290.00000     60.00000    -10.89213     37.09807     52.15628
    295.00000     60.00000     -8.70743     48.01835     55.93931
    300.00000     60.00000     -5.15555     59.14113     58.07250
    305.00000     60.00000     -0.39597     70.06990     58.59629
    310.00000     60.00000      5.31176     80.42395     57.62963
    315.00000     60.00000     11.62186     89.85964     55.37565
    320.00000     60.00000     18.12579     98.10397     52.12000
    325.00000     60.00000     24.38803    104.99323     48.21438
    330.00000     60.00000     29.99298    110.50417     44.04311
    335.00000     60.00000     34.59684    114.76479     39.97685
    340.00000     60.00000     37.97544    118.03712     36.32383
    345.00000     60.00000     40.05800    120.67399     33.29033
    350.00000     60.00000     40.93920    123.06033     30.96025
    355.00000     60.00000     40.86609    125.55533     29.29712
    360.00000     60.00000     40.20264    128.44971     28.16403
      0.00000     65.00000     43.45636    139.47333     39.19415
      5.00000     65.00000     44.45695    144.25412     37.74689
     10.00000     65.00000     45.70491    149.57157     36.22796
     15.00000     65.00000     47.44257    155.42757     34.39036
     20.00000     65.00000     49.86282    161.72987     31.98863
     25.00000     65.00000     53.08273    168.29465     28.81044
     30.00000     65.00000     57.12250    174.86084     24.71155
     35.00000     65.00000     61.89371    181.12177     19.64835
     40.00000     65.00000     67.20342    186.77626     13.69744
     45.00000     65.00000     72.78083    191.59302      7.04965
     50.00000     65.00000     78.32947    195.47229     -0.02993
     55.00000     65.00000     83.59932    198.48276     -7.27326
     60.00000     65.00000     88.46269    200.85362    -14.49571
     65.00000     65.00000     92.97038    202.91434    -21.67007
     70.00000     65.00000     97.36460    204.99274    -28.95919
     75.00000     65.00000    102.03559    207.30035    -36.68872
     80.00000     65.00000    107.42625    209.84155    -45.26072
     85.00000     65.00000    113.90714    212.37797    -55.03070
     90.00000     65.00000    121.65573    214.46094    -66.18390
     95.00000     65.00000    130.57333    215.52226    -78.64740
    100.00000     65.00000    140.26144    214.99517    -92.06209
    105.00000     65.00000    150.06172    212.43145   -105.81854
    110.00000     65.00000    159.14682    207.58642   -119.14298
    115.00000     65.00000    166.63931    200.45857   -131.20894
    120.00000     65.00000    171.73399    191.28442   -141.25017
    125.00000     65.00000    173.80355    180.49903   -148.65633
    130.00000     65.00000    172.47443    168.67461   -153.04164
    135.00000     65.00000    167.66696    156.44770   -154.28258
    140.00000     65.00000    159.59802    144.44254   -152.52375
    145.00000     65.00000    148.74843    133.19745   -148.15221
    150.00000     65.00000    135.80022    123.10254   -141.74264
    155.00000     65.00000    121.55227    114.35806   -133.97891
    160.00000     65.00000    106.82642    106.96199   -125.56320
    165.00000     65.00000     92.37788    100.73061   -117.12706
    170.00000     65.00000     78.82359     95.34846   -109.16028
    175.00000     65.00000     66.59880     90.43715   -101.96960
    180.00000     65.00000     55.94602     85.62740    -95.67263
    185.00000     65.00000     46.93394     80.61890    -90.22367
    190.00000     65.00000     39.49780     75.21703    -85.46131
    195.00000     65.00000     33.48908     69.34261    -81.16383
    200.00000     65.00000     28.72246     63.01782    -77.09911
    205.00000     65.00000     25.01055     56.33710    -73.05942
    210.00000     65.00000     22.18166     49.43335    -68.87711
    215.00000     65.00000     20.08123     42.44936    -64.42261
    220.00000     65.00000     18.56217     35.52143    -59.59083
    225.00000     65.00000     17.47173     28.77788    -54.28423
    230.00000     65.00000     16.64317     22.35078    -48.40151
    235.00000     65.00000     15.89807     16.39463    -41.83859
    240.00000     65.00000     15.06124     11.10309    -34.50415
    245.00000     65.00000     13.98536      6.71454    -26.34656
    250.00000     65.00000     12.57871      3.50061    -17.38407
    255.00000     65.00000     10.82742      1.73740     -7.72784
    260.00000     65.00000      8.80511      1.66543      2.41097
    265.00000     65.00000      6.66602      3.44909     12.73399
    270.00000     65.00000      4.62295      7.14601     22.88583
    275.00000     65.00000      2.91525     12.69407     32.49395
    280.00000     65.00000      1.77411     19.91706     41.20855
    285.00000     65.00000      1.39196     28.54500     48.73465
    290.00000     65.00000      1.90014     38.24193     54.85269
    295.00000     65.00000      3.35608     48.63434     59.42820
    300.00000     65.00000      5.73911     59.33673     62.41408
    305.00000     65.00000      8.95307     69.97382     63.84893
    310.00000     65.00000     12.83464     80.20163     63.85310
    315.00000     65.00000     17.16707     89.72907     62.62173
    320.00000     65.00000     21.69926     98.34006     60.41229
    325.00000     65.00000     26.17017    105.91313     57.52482
    330.00000     65.00000     30.33652    112.43376     54.27438
    335.00000     65.00000     34.00107    117.99473     50.95880
    340.00000     65.00000     37.03723    122.78204     47.82638
    345.00000     65.00000     39.40571    127.04773     45.04957
    350.00000     65.00000     41.16028    131.07430     42.70917
    355.00000     65.00000     42.44100    135.13743     40.79103
    360.00000     65.00000     43.45636    139.47333     39.19415
      0.00000     70.00000     48.07511    143.10372     54.83879
      5.00000     70.00000     50.25750    149.46525     52.53964
     10.00000     70.00000     52.64492    156.08355     49.96722
     15.00000     70.00000     55.34461    162.93949     46.96020
     20.00000     70.00000     58.43673    169.95117     43.36597
     25.00000     70.00000     61.96256    176.98239     39.06265
     30.00000     70.00000     65.91753    183.85987     33.97802
     35.00000     70.00000     70.25102    190.39838     28.10148
     40.00000     70.00000     74.87451    196.43069     21.48493
     45.00000     70.00000     79.67804    201.83701     14.22993
     50.00000     70.00000     84.55377    206.56604      6.46118
     55.00000     70.00000     89.42199    210.64028     -1.70867
     60.00000     70.00000     94.25372    214.14089    -10.21442
     65.00000     70.00000     99.08252    217.17277    -19.06264
     70.00000     70.00000    104.00010    219.81731    -28.33523
     75.00000     70.00000    109.13351    222.08495    -38.16758
     80.00000     70.00000    114.60736    223.88197    -48.70378
     85.00000     70.00000    120.49854    225.00234    -60.03908
     90.00000     70.00000    126.79452    225.14910    -72.16417
     95.00000     70.00000    133.36547    223.98141    -84.92602
    100.00000     70.00000    139.95773    221.17634    -98.01586
    105.00000     70.00000    146.21080    216.49128   -110.98770
    110.00000     70.00000    151.69492    209.81373   -123.30320
    115.00000     70.00000    155.96201    201.18951   -134.39377
    120.00000     70.00000    158.60105    190.82591   -143.72802
    125.00000     70.00000    159.28897    179.07162   -150.87366
    130.00000     70.00000    157.82982    166.37826   -155.54539
    135.00000     70.00000    154.17763    153.25055   -157.63339
    140.00000     70.00000    148.44100    140.19185   -157.21013
    145.00000     70.00000    140.86973    127.65213   -154.51572
    150.00000     70.00000    131.82621    115.98463   -149.92430
    155.00000     70.00000    121.74597    105.41662   -143.89624
    160.00000     70.00000    111.09301     96.03799   -136.92293
    165.00000     70.00000    100.31606     87.80877   -129.47204
    170.00000     70.00000     89.81145     80.58366   -121.94129
    175.00000     70.00000     79.89707     74.14834   -114.62687
    180.00000     70.00000     70.79955     68.26063   -107.70998
    185.00000     70.00000     62.65428     62.68891   -101.26102
    190.00000     70.00000     55.51602     57.24153    -95.25785
    195.00000     70.00000     49.37582     51.78389    -89.61200
    200.00000     70.00000     44.17975     46.24270    -84.19645
    205.00000     70.00000     39.84580     40.60028    -78.86915
    210.00000     70.00000     36.27615     34.88315    -73.48930
    215.00000     70.00000     33.36443     29.14998    -67.92546
    220.00000     70.00000     30.99900     23.48275    -62.05767
    225.00000     70.00000     29.06433     17.98326    -55.77681
    230.00000     70.00000     27.44311     12.77445    -48.98545
    235.00000     70.00000     26.02085      8.00416    -41.60277
    240.00000     70.00000     24.69364      3.84721    -33.57480
    245.00000     70.00000     23.37822      0.50232    -24.88822
    250.00000     70.00000     22.02225     -1.81867    -15.58444
    255.00000     70.00000     20.61208     -2.90914     -5.76948
    260.00000     70.00000     19.17582     -2.59081      4.38418
    265.00000     70.00000     17.78024     -0.73743     14.64559
    270.00000     70.00000     16.52174      2.70603     24.74261
    275.00000     70.00000     15.51290      7.71238     34.38564
    280.00000     70.00000     14.86685     14.17108     43.29363
    285.00000     70.00000     14.68212     21.89666     51.21833
    290.00000     70.00000     15.03002     30.64437     57.96373
    295.00000     70.00000     15.94588     40.13026     63.39928
    300.00000     70.00000     17.42476     50.05307     67.46652
    305.00000     70.00000     19.42169     60.11603     70.17993
    310.00000     70.00000     21.85600     70.04743     71.62240
    315.00000     70.00000     24.61929     79.61892     71.93603
    320.00000     70.00000     27.58649     88.66065     71.30840
    325.00000     70.00000     30.62885     97.07180     69.95483
    330.00000     70.00000     33.62797    104.82498     68.09774
    335.00000     70.00000     36.48905    111.96342     65.94501
    340.00000     70.00000     39.15182    118.59053     63.66960
    345.00000     70.00000     41.59761    124.85295     61.39315
    350.00000     70.00000     43.85139    130.91891     59.17572
    355.00000     70.00000     45.97830    136.95495     57.01262
    360.00000     70.00000     48.07511    143.10372     54.83879
      0.00000     75.00000     54.41679    136.52377     73.87340
      5.00000     75.00000     57.01690    144.49447     70.68758
     10.00000     75.00000     59.77752    152.44485     67.00813
     15.00000     75.00000     62.72917    160.34291     62.76308
     20.00000     75.00000     65.89254    168.12747     57.88661
     25.00000     75.00000     69.27511    175.71368     52.32895
     30.00000     75.00000     72.86982    183.00200     46.06356
     35.00000     75.00000     76.65616    189.88924     39.09011
     40.00000     75.00000     80.60353    196.27977     31.43275
     45.00000     75.00000     84.67654    202.09451     23.13356
     50.00000     75.00000     88.84118    207.27533     14.24270
     55.00000     75.00000     93.07052    211.78350      4.80749
     60.00000     75.00000     97.34840    215.59184     -5.13643
     65.00000     75.00000    101.66973    218.67202    -15.56877
     70.00000     75.00000    106.03660    220.97999    -26.48098
     75.00000     75.00000    110.45045    222.44365    -37.86497
     80.00000     75.00000    114.90136    222.95656    -49.69572
     85.00000     75.00000    119.35672    222.38074    -61.91145
     90.00000     75.00000    123.75167    220.55916    -74.39598
     95.00000     75.00000    127.98383    217.33667    -86.96776
    100.00000     75.00000    131.91399    212.58560    -99.37907
    105.00000     75.00000    135.37332    206.23148   -111.32664
    110.00000     75.00000    138.17657    198.27399   -122.47275
    115.00000     75.00000    140.13929    188.79932   -132.47381
    120.00000     75.00000    141.09682    177.98183   -141.01216
    125.00000     75.00000    140.92224    166.07458   -147.82652
    130.00000     75.00000    139.54079    153.39028   -152.73681
    135.00000     75.00000    136.93906    140.27532   -155.66015
    140.00000     75.00000    133.16772    127.08045   -156.61639
    145.00000     75.00000    128.33779    114.13191   -155.72255
    150.00000     75.00000    122.61113    101.70639   -153.17753
    155.00000     75.00000    116.18652     90.01283   -149.23922
    160.00000     75.00000    109.28320     79.18292   -144.19724
    165.00000     75.00000    102.12400     69.27062   -138.34484
    170.00000     75.00000     94.91993     60.26040   -131.95359
    175.00000     75.00000     87.85769     52.08188   -125.25347
    180.00000     75.00000     81.09131     44.62842   -118.42037
    185.00000     75.00000     74.73790     37.77665   -111.57129
    190.00000     75.00000     68.87734     31.40422   -104.76648
    195.00000     75.00000     63.55494     25.40380    -98.01692
    200.00000     75.00000     58.78612     19.69260    -91.29478
    205.00000     75.00000     54.56182     14.21735    -84.54476
    210.00000     75.00000     50.85406      8.95581    -77.69486
    215.00000     75.00000     47.62089      3.91595    -70.66554
    220.00000     75.00000     44.81083     -0.86586    -63.37730
    225.00000     75.00000     42.36683     -5.32701    -55.75723
    230.00000     75.00000     40.23011     -9.38085    -47.74519
    235.00000     75.00000     38.34405    -12.91961    -39.30011
    240.00000     75.00000     36.65820    -15.81852    -30.40668
    245.00000     75.00000     35.13205    -17.94218    -21.08154
    250.00000     75.00000     33.73838    -19.15328    -11.37830
    255.00000     75.00000     32.46537    -19.32350     -1.38981
    260.00000     75.00000     31.31711    -18.34553      8.75318
    265.00000     75.00000     30.31236    -16.14467     18.88748
    270.00000     75.00000     29.48138    -12.68838     28.82700
    275.00000     75.00000     28.86145     -7.99224     38.37519
    280.00000     75.00000     28.49144     -2.12144     47.33912
    285.00000     75.00000     28.40635      4.81239     55.54338
    290.00000     75.00000     28.63243     12.65871     62.84229
    295.00000     75.00000     29.18345     21.23883     69.12924
    300.00000     75.00000     30.05857     30.35886     74.34229
    305.00000     75.00000     31.24205     39.82335     78.46586
    310.00000     75.00000     32.70461     49.44858     81.52834
    315.00000     75.00000     34.40644     59.07425     83.59619
    320.00000     75.00000     36.30137     68.57258     84.76503
    325.00000     75.00000     38.34184     77.85422     85.14848
    330.00000     75.00000     40.48399     86.87021     84.86589
    335.00000     75.00000     42.69243     95.61003     84.03000
    340.00000     75.00000     44.94392    104.09572     82.73594
    345.00000     75.00000     47.22966    112.37292     81.05248
    350.00000     75.00000     49.55570    120.49964     79.01675
    355.00000     75.00000     51.94151    128.53422     76.63265
    360.00000     75.00000     54.41679    136.52377     73.87340
      0.00000     80.00000     62.34299    118.45945     93.55317
      5.00000     80.00000     64.64516    127.81830     89.59219
     10.00000     80.00000     67.06139    136.94758     84.92903
     15.00000     80.00000     69.59157    145.79931     79.55385
     20.00000     80.00000     72.23330    154.31660     73.45980
     25.00000     80.00000     74.98125    162.43504     66.64604
     30.00000     80.00000     77.82688    170.08475     59.11994
     35.00000     80.00000     80.75858    177.19295     50.89829
     40.00000     80.00000     83.76198    183.68635     42.00744
     45.00000     80.00000     86.82058    189.49303     32.48274
     50.00000     80.00000     89.91628    194.54337     22.36735
     55.00000     80.00000     93.02976    198.76999     11.71140
     60.00000     80.00000     96.14047    202.10689      0.57160
     65.00000     80.00000     99.22621    204.48822    -10.98792
     70.00000     80.00000    102.26215    205.84740    -22.89372
     75.00000     80.00000    105.21961    206.11719    -35.05998
     80.00000     80.00000    108.06472    205.23149    -47.38503
     85.00000     80.00000    110.75729    203.12907    -59.74826
     90.00000     80.00000    113.25026    199.75908    -72.00824
     95.00000     80.00000    115.49010    195.08811    -84.00304
    100.00000     80.00000    117.41822    189.10754    -95.55331
    105.00000     80.00000    118.97348    181.84040   -106.46821
    110.00000     80.00000    120.09572    173.34633   -116.55406
    115.00000     80.00000    120.72986    163.72390   -125.62472
    120.00000     80.00000    120.83026    153.10956   -133.51275
    125.00000     80.00000    120.36472    141.67303   -140.08002
    130.00000     80.00000    119.31777    129.60961   -145.22650
    135.00000     80.00000    117.69283    117.13003   -148.89625
    140.00000     80.00000    115.51288    104.44891   -151.07990
    145.00000     80.00000    112.81974     91.77315   -151.81332
    150.00000     80.00000    109.67189     79.29124   -151.17286
    155.00000     80.00000    106.14118     67.16480   -149.26752
    160.00000     80.00000    102.30868     55.52284   -146.22925
    165.00000     80.00000     98.26026     44.45922   -142.20223
    170.00000     80.00000     94.08202     34.03330   -137.33238
    175.00000     80.00000     89.85631     24.27333   -131.75807
    180.00000     80.00000     85.65832     15.18203   -125.60270
    185.00000     80.00000     81.55357      6.74342   -118.96971
    190.00000     80.00000     77.59639     -1.06979   -111.94004
    195.00000     80.00000     73.82920     -8.28906   -104.57191
    200.00000     80.00000     70.28265    -14.94371    -96.90258
    205.00000     80.00000     66.97637    -21.05581    -88.95160
    210.00000     80.00000     63.92021    -26.63640    -80.72509
    215.00000     80.00000     61.11573    -31.68308    -72.22048
    220.00000     80.00000     58.55798    -36.17901    -63.43161
    225.00000     80.00000     56.23726    -40.09308    -54.35364
    230.00000     80.00000     54.14095    -43.38119    -44.98780
    235.00000     80.00000     52.25521    -45.98868    -35.34555
    240.00000     80.00000     50.56654    -47.85369    -25.45214
    245.00000     80.00000     49.06316    -48.91134    -15.34922
    250.00000     80.00000     47.73598    -49.09861     -5.09625
    255.00000     80.00000     46.57928    -48.35952      5.22947
    260.00000     80.00000     45.59089    -46.65031     15.53423
    265.00000     80.00000     44.77201    -43.94400     25.71089
    270.00000     80.00000     44.12656    -40.23410     35.64318
    275.00000     80.00000     43.66026    -35.53684     45.21096
    280.00000     80.00000     43.37949    -29.89181     54.29607
    285.00000     80.00000     43.29012    -23.36083     62.78808
    290.00000     80.00000     43.39637    -16.02520     70.58961
    295.00000     80.00000     43.69994     -7.98149     77.62050
    300.00000     80.00000     44.19947      0.66357     83.82071
    305.00000     80.00000     44.89036      9.79874     89.15145
    310.00000     80.00000     45.76494     19.31396     93.59476
    315.00000     80.00000     46.81312     29.10535     97.15147
    320.00000     80.00000     48.02318     39.07934     99.83778
    325.00000     80.00000     49.38283     49.15546    101.68106
    330.00000     80.00000     50.88025     59.26760    102.71500
    335.00000     80.00000     52.50509     69.36368    102.97486
    340.00000     80.00000     54.24913     79.40392    102.49320
    345.00000     80.00000     56.10680     89.35795    101.29645
    350.00000     80.00000     58.07515     99.20103     99.40281
    355.00000     80.00000     60.15355    108.91001     96.82146
    360.00000     80.00000     62.34299    118.45945     93.55317
      0.00000     85.00000     71.05703     90.21217    110.58409
      5.00000     85.00000     72.46573    100.47920    105.95491
     10.00000     85.00000     73.93136    110.36865    100.46846
     15.00000     85.00000     75.44725    119.81110     94.14952
     20.00000     85.00000     77.00610    128.73714     87.02781
     25.00000     85.00000     78.59990    137.07758     79.13845
     30.00000     85.00000     80.21989    144.76394     70.52254
     35.00000     85.00000     81.85652    151.72891     61.22756
     40.00000     85.00000     83.49938    157.90711     51.30775
     45.00000     85.00000     85.13728    163.23582     40.82441
     50.00000     85.00000     86.75815    167.65582     29.84608
     55.00000     85.00000     88.34915    171.11234     18.44864
     60.00000     85.00000     89.89665    173.55605      6.71531
     65.00000     85.00000     91.38630    174.94417     -5.26351
     70.00000     85.00000     92.80313    175.24164    -17.39051
     75.00000     85.00000     94.13163    174.42244    -29.56199
     80.00000     85.00000     95.35593    172.47086    -41.66858
     85.00000     85.00000     96.46005    169.38288    -53.59636
     90.00000     85.00000     97.42816    165.16745    -65.22824
     95.00000     85.00000     98.24492    159.84756    -76.44580
    100.00000     85.00000     98.89594    153.46107    -87.13143
    105.00000     85.00000     99.36821    146.06108    -97.17076
    110.00000     85.00000     99.65061    137.71585   -106.45534
    115.00000     85.00000     99.73438    128.50804   -114.88537
    120.00000     85.00000     99.61358    118.53345   -122.37224
    125.00000     85.00000     99.28550    107.89904   -128.84089
    130.00000     85.00000     98.75089     96.72054   -134.23167
    135.00000     85.00000     98.01418     85.11955   -138.50162
    140.00000     85.00000     97.08342     73.22055   -141.62506
    145.00000     85.00000     95.97017     61.14776   -143.59346
    150.00000     85.00000     94.68922     49.02220   -144.41463
    155.00000     85.00000     93.25812     36.95911   -144.11121
    160.00000     85.00000     91.69672     25.06580   -142.71874
    165.00000     85.00000     90.02646     13.44013   -140.28332
    170.00000     85.00000     88.26984      2.16962   -136.85912
    175.00000     85.00000     86.44967     -8.66885   -132.50592
    180.00000     85.00000     84.58856    -19.00867   -127.28679
    185.00000     85.00000     82.70828    -28.79277   -121.26617
    190.00000     85.00000     80.82935    -37.97243   -114.50823
    195.00000     85.00000     78.97067    -46.50590   -107.07584
    200.00000     85.00000     77.14927    -54.35693    -99.02996
    205.00000     85.00000     75.38017    -61.49341    -90.42950
    210.00000     85.00000     73.67630    -67.88611    -81.33161
    215.00000     85.00000     72.04861    -73.50771    -71.79226
    220.00000     85.00000     70.50613    -78.33220    -61.86711
    225.00000     85.00000     69.05621    -82.33455    -51.61247
    230.00000     85.00000     67.70467    -85.49084    -41.08623
    235.00000     85.00000     66.45606    -87.77870    -30.34876
    240.00000     85.00000     65.31394    -89.17801    -19.46365
    245.00000     85.00000     64.28100    -89.67192     -8.49807
    250.00000     85.00000     63.35934    -89.24795      2.47704
    255.00000     85.00000     62.55059    -87.89913     13.38723
    260.00000     85.00000     61.85603    -85.62518     24.15508
    265.00000     85.00000     61.27666    -82.43342     34.70112
    270.00000     85.00000     60.81322    -78.33959     44.94494
    275.00000     85.00000     60.46622    -73.36821     54.80657
    280.00000     85.00000     60.23585    -67.55279     64.20793
    285.00000     85.00000     60.12202    -60.93550     73.07430
    290.00000     85.00000     60.12424    -53.56663     81.33567
    295.00000     85.00000     60.24158    -45.50371     88.92792
    300.00000     85.00000     60.47269    -36.81035     95.79381
    305.00000     85.00000     60.81573    -27.55507    101.88353
    310.00000     85.00000     61.26839    -17.80990    107.15507
    315.00000     85.00000     61.82792     -7.64914    111.57421
    320.00000     85.00000     62.49118      2.85175    115.11421
    325.00000     85.00000     63.25467     13.61716    117.75533
    330.00000     85.00000     64.11460     24.57201    119.48421
    335.00000     85.00000     65.06692     35.64225    120.29309
    340.00000     85.00000     66.10735     46.75500    120.17919
    345.00000     85.00000     67.23142     57.83863    119.14407
    350.00000     85.00000     68.43441     68.82254    117.19319
    355.00000     85.00000     69.71137     79.63686    114.33564
    360.00000     85.00000     71.05703     90.21217    110.58409
      0.00000     90.00000     79.10233     55.48920    122.28900
      5.00000     90.00000     79.10235     65.93641    116.98736
     10.00000     90.00000     79.10237     75.88181    110.79538
     15.00000     90.00000     79.10239     85.24970    103.76017
     20.00000     90.00000     79.10241     93.96880     95.93529
     25.00000     90.00000     79.10243    101.97275     87.38028
     30.00000     90.00000     79.10245    109.20062     78.16025
     35.00000     90.00000     79.10247    115.59741     68.34537
     40.00000     90.00000     79.10249    121.11445     58.01034
     45.00000     90.00000     79.10251    125.70973     47.23382
     50.00000     90.00000     79.10252    129.34829     36.09781
     55.00000     90.00000     79.10254    132.00243     24.68708
     60.00000     90.00000     79.10256    133.65196     13.08846
     65.00000     90.00000     79.10257    134.28432      1.39023
     70.00000     90.00000     79.10258    133.89469    -10.31858
     75.00000     90.00000     79.10260    132.48605    -21.94887
     80.00000     90.00000     79.10261    130.06911    -33.41211
     85.00000     90.00000     79.10262    126.66227    -44.62106
     90.00000     90.00000     79.10263    122.29146    -55.49043
     95.00000     90.00000     79.10263    116.98994    -65.93747
    100.00000     90.00000     79.10264    110.79805    -75.88270
    105.00000     90.00000     79.10264    103.76293    -85.25041
    110.00000     90.00000     79.10264     95.93812    -93.96931
    115.00000     90.00000     79.10264     87.38315   -101.97305
    120.00000     90.00000     79.10264     78.16316   -109.20072
    125.00000     90.00000     79.10263     68.34829   -115.59730
    130.00000     90.00000     79.10263     58.01326   -121.11411
    135.00000     90.00000     79.10262     47.23672   -125.70918
    140.00000     90.00000     79.10261     36.10068   -129.34752
    145.00000     90.00000     79.10260     24.68990   -132.00144
    150.00000     90.00000     79.10259     13.09121   -133.65076
    155.00000     90.00000     79.10258      1.39290   -134.28291
    160.00000     90.00000     79.10256    -10.31601   -133.89309
    165.00000     90.00000     79.10255    -21.94640   -132.48427
    170.00000     90.00000     79.10253    -33.40977   -130.06715
    175.00000     90.00000     79.10251    -44.61886   -126.66015
    180.00000     90.00000     79.10249    -55.48836   -122.28919
    185.00000     90.00000     79.10247    -65.93557   -116.98754
    190.00000     90.00000     79.10245    -75.88096   -110.79554
    195.00000     90.00000     79.10243    -85.24884   -103.76032
    200.00000     90.00000     79.10242    -93.96793    -95.93543
    205.00000     90.00000     79.10240   -101.97186    -87.38041
    210.00000     90.00000     79.10238   -109.19972    -78.16037
    215.00000     90.00000     79.10236   -115.59650    -68.34549
    220.00000     90.00000     79.10234   -121.11351    -58.01046
    225.00000     90.00000     79.10232   -125.70878    -47.23394
    230.00000     90.00000     79.10230   -129.34732    -36.09794
    235.00000     90.00000     79.10228   -132.00145    -24.68722
    240.00000     90.00000     79.10227   -133.65096    -13.08861
    245.00000     90.00000     79.10225   -134.28331     -1.39039
    250.00000     90.00000     79.10224   -133.89368     10.31841
    255.00000     90.00000     79.10223   -132.48503     21.94868
    260.00000     90.00000     79.10222   -130.06809     33.41190
    265.00000     90.00000     79.10221   -126.66125     44.62084
    270.00000     90.00000     79.10220   -122.29044     55.49018
    275.00000     90.00000     79.10219   -116.98892     65.93722
    280.00000     90.00000     79.10219   -110.79704     75.88242
    285.00000     90.00000     79.10218   -103.76193     85.25012
    290.00000     90.00000     79.10218    -95.93713     93.96902
    295.00000     90.00000     79.10218    -87.38218    101.97275
    300.00000     90.00000     79.10219    -78.16220    109.20041
    305.00000     90.00000     79.10219    -68.34735    115.59698
    310.00000     90.00000     79.10220    -58.01234    121.11380
    315.00000     90.00000     79.10220    -47.23581    125.70886
    320.00000     90.00000     79.10221    -36.09979    129.34721
    325.00000     90.00000     79.10222    -24.68902    132.00115
    330.00000     90.00000     79.10223    -13.09035    133.65047
    335.00000     90.00000     79.10225     -1.39205    134.28264
    340.00000     90.00000     79.10226     10.31685    133.89283
    345.00000     90.00000     79.10228     21.94724    132.48402
    350.00000     90.00000     79.10229     33.41060    130.06693
    355.00000     90.00000     79.10231     44.61969    126.65994
    360.00000     90.00000     79.10233     55.48920    122.28900
