1598 3192
   -0.140882    -0.284153     0.568636
   -0.153967    -0.298598     0.570802
   -0.153967    -0.339832     0.574047
   -0.060893    -0.339832     0.566722
   -0.112986    -0.287739     0.566722
   -0.202981    -0.304898     0.567441
   -0.247760    -0.349677     0.567441
   -0.163812    -0.349677     0.574047
   -0.251497    -0.350603     0.567074
   -0.242991    -0.359109     0.567074
   -0.184155    -0.366672     0.571109
   -0.172739    -0.362384     0.572345
   -0.165250    -0.358150     0.573267
   -0.163812    -0.356562     0.573506
   -0.057939    -0.342954     0.566244
   -0.056024    -0.341039     0.566244
    0.366718    -0.151465     0.486302
    0.347363    -0.219595     0.497724
    0.368343    -0.211087     0.491841
    0.434406    -0.156419     0.470545
    0.433660    -0.145172     0.469605
    0.415896    -0.102286     0.469605
    0.108041    -0.341039     0.544824
    0.146017    -0.324693     0.537732
    0.315359    -0.244055     0.505096
   -0.079331     0.271203     0.429186
   -0.100669     0.245418     0.437498
   -0.140882     0.146266     0.465301
    0.476484     0.040977     0.429186
   -0.345919     0.061337     0.465301
   -0.428707    -0.154056     0.508780
   -0.399083    -0.224104     0.528542
   -0.364043    -0.259144     0.540439
   -0.343159    -0.332659     0.552764
   -0.305477    -0.350603     0.560026
   -0.421434    -0.278063     0.528542
   -0.421960    -0.286001     0.529205
   -0.417577    -0.291494     0.530804
   -0.376129    -0.325792     0.544166
   -0.359197    -0.332659     0.548913
   -0.349868    -0.355182     0.548913
   -0.319807    -0.366736     0.554981
   -0.308729    -0.362051     0.558107
   -0.260746    -0.364153     0.564097
   -0.257307    -0.365578     0.564097
   -0.191846    -0.369917     0.569565
   -0.185599    -0.367529     0.570759
   -0.042582    -0.350018     0.563021
   -0.038714    -0.348416     0.563021
    0.107049    -0.342030     0.544824
    0.262258    -0.280015     0.514268
    0.310781    -0.255107     0.505096
    0.445100    -0.156419     0.466115
    0.484047    -0.136070     0.447724
    0.531034    -0.096003     0.423814
    0.530139    -0.079723     0.422378
    0.499841     0.033352     0.422378
    0.498780     0.063273     0.418559
    0.503468     0.073382     0.414497
    0.545458     0.124765     0.383882
    0.530378     0.207167     0.361808
    0.510915     0.226630     0.361808
    0.492162     0.317443     0.333820
    0.417815     0.396706     0.317485
    0.188025     0.404857     0.346817
   -0.067321     0.310197     0.414367
    0.109453     0.425911     0.346817
   -0.013908     0.432685     0.357702
   -0.061070     0.377379     0.385845
   -0.067321     0.365415     0.391494
   -0.274567     0.309884     0.391494
   -0.294994     0.309159     0.388887
   -0.354860     0.245335     0.402040
   -0.374438     0.241752     0.396796
   -0.542908     0.073283     0.396796
   -0.557691    -0.007502     0.418436
   -0.533983    -0.072759     0.447606
   -0.469595    -0.151552     0.494552
   -0.468115    -0.152141     0.495231
   -0.484950    -0.208858     0.494552
   -0.485646    -0.221531     0.495671
   -0.481815    -0.228373     0.498017
   -0.467158    -0.249114     0.506390
   -0.426973    -0.283382     0.526838
   -0.405504    -0.336551     0.530804
   -0.384317    -0.347879     0.538323
   -0.379799    -0.352116     0.539254
   -0.362080    -0.355776     0.544715
   -0.356098    -0.361758     0.544715
   -0.320275    -0.368314     0.554311
   -0.319867    -0.367980     0.554554
   -0.268686    -0.369796     0.561087
   -0.260564    -0.371972     0.561087
   -0.202601    -0.375155     0.566202
   -0.198862    -0.373845     0.567159
   -0.045142    -0.355377     0.561085
   -0.035264    -0.352730     0.561085
    0.102237    -0.347853     0.543534
    0.107081    -0.342689     0.544598
    0.218652    -0.322271     0.514711
    0.220671    -0.321601     0.514268
    0.331319    -0.250866     0.498766
    0.369733    -0.214835     0.490850
    0.439434    -0.177567     0.466115
    0.536005    -0.096003     0.420768
    0.565431    -0.076850     0.400401
    0.616538    -0.028900     0.363238
    0.618086    -0.026315     0.361974
    0.616439     0.003384     0.359363
    0.598582     0.093156     0.359363
    0.597909     0.108178     0.357523
    0.581455     0.124270     0.364190
    0.568076     0.204514     0.341973
    0.535812     0.252801     0.341973
    0.523623     0.321189     0.320145
    0.524964     0.324432     0.317860
    0.510203     0.366419     0.300124
    0.422208     0.425216     0.300124
    0.417412     0.426015     0.301451
    0.381950     0.462275     0.286760
    0.219676     0.469548     0.306640
    0.078434     0.497643     0.306640
   -0.006308     0.502342     0.314090
   -0.013122     0.495079     0.319371
   -0.013908     0.493871     0.320207
   -0.199883     0.456879     0.320207
   -0.212922     0.437498     0.330495
   -0.294375     0.354213     0.364240
   -0.365073     0.342426     0.344667
   -0.494371     0.256032     0.344667
   -0.507726     0.253652     0.340404
   -0.533235     0.228143     0.340404
   -0.550087     0.133585     0.370585
   -0.565329     0.110774     0.370585
   -0.578890     0.029440     0.393103
   -0.571684     0.008628     0.404760
   -0.534476    -0.083760     0.448954
   -0.540956    -0.116338     0.448954
   -0.542617    -0.146292     0.451587
   -0.532894    -0.165949     0.459941
   -0.517515    -0.191630     0.472497
   -0.457600    -0.297166     0.506390
   -0.456729    -0.298471     0.506765
   -0.449559    -0.305357     0.510319
   -0.438594    -0.312735     0.516139
   -0.417506    -0.333359     0.524684
   -0.408642    -0.336508     0.529087
   -0.400394    -0.348852     0.529087
   -0.380254    -0.355933     0.537595
   -0.376395    -0.359792     0.537595
   -0.361651    -0.362419     0.542301
   -0.345350    -0.373311     0.542301
   -0.322351    -0.377146     0.548669
   -0.320180    -0.375262     0.550509
   -0.274093    -0.377328     0.556156
   -0.266595    -0.378820     0.556156
   -0.217287    -0.381554     0.560490
   -0.212837    -0.380218     0.561851
   -0.051329    -0.360084     0.558955
   -0.039298    -0.357690     0.558955
    0.102189    -0.351349     0.541621
    0.103605    -0.352577     0.540421
    0.196469    -0.337094     0.514711
    0.292755    -0.308754     0.491260
    0.296193    -0.306629     0.490750
    0.333515    -0.269308     0.490750
    0.401560    -0.245384     0.462007
    0.446943    -0.177464     0.462007
    0.485396    -0.163802     0.442903
    0.492338    -0.157012     0.440091
    0.528740    -0.132522     0.420768
    0.632646    -0.014342     0.347919
    0.658364     0.013807     0.322146
    0.657677     0.025338     0.321173
    0.648185     0.085269     0.321173
    0.647175     0.103304     0.319124
    0.644838     0.105848     0.320580
    0.635241     0.159551     0.306231
    0.578254     0.271395     0.306231
    0.570277     0.314295     0.292753
    0.560587     0.324432     0.294653
    0.549399     0.358868     0.279508
    0.510203     0.398065     0.279508
    0.500891     0.425462     0.265713
    0.490307     0.435579     0.263730
    0.482447     0.450391     0.255001
    0.384481     0.500307     0.255001
    0.380022     0.501104     0.256192
    0.340548     0.537362     0.233608
    0.201046     0.545178     0.249455
    0.073806     0.565331     0.249455
    0.002078     0.569604     0.255508
   -0.004905     0.563224     0.261902
   -0.006308     0.561518     0.263549
   -0.123328     0.542984     0.263549
   -0.126604     0.539075     0.266444
   -0.199109     0.472477     0.307928
   -0.257162     0.462103     0.292417
   -0.462842     0.357304     0.292417
   -0.474945     0.355053     0.288614
   -0.497022     0.333951     0.292752
   -0.507726     0.302458     0.308609
   -0.539038     0.271146     0.308609
   -0.553009     0.228143     0.327522
   -0.555957     0.225059     0.326944
   -0.570675     0.145903     0.351811
   -0.581448     0.124759     0.351811
   -0.594830     0.049877     0.371819
   -0.573921    -0.031308     0.409297
   -0.576950    -0.050431     0.409297
   -0.579199    -0.088187     0.412483
   -0.573905    -0.101090     0.418750
   -0.562705    -0.124306     0.431457
   -0.510030    -0.238888     0.472497
   -0.509494    -0.239832     0.472826
   -0.497410    -0.254834     0.481118
   -0.493382    -0.258210     0.484102
   -0.435903    -0.332160     0.510319
   -0.418712    -0.341283     0.520449
   -0.413742    -0.346482     0.521423
   -0.406768    -0.348852     0.524935
   -0.385642    -0.369978     0.524935
   -0.376395    -0.372982     0.529002
   -0.375459    -0.373877     0.528826
   -0.363581    -0.376085     0.532558
   -0.337971    -0.389135     0.532558
   -0.330452    -0.390478     0.534567
   -0.322015    -0.383899     0.543353
   -0.285039    -0.385970     0.547553
   -0.273633    -0.387777     0.547553
   -0.237675    -0.389919     0.550588
   -0.056456    -0.365361     0.555142
   -0.043152    -0.363254     0.555142
    0.103483    -0.355038     0.538484
    0.108200    -0.358717     0.533571
    0.110998    -0.359483     0.531801
    0.188557    -0.345623     0.511078
    0.203266    -0.338128     0.511078
    0.276215    -0.324565     0.488160
    0.373646    -0.281466     0.456686
    0.409728    -0.245384     0.456686
    0.467367    -0.225794     0.427664
    0.491058    -0.201009     0.423019
    0.526621    -0.182136     0.402063
    0.552502    -0.131342     0.402063
    0.578773    -0.117619     0.383345
    0.580506    -0.115733     0.382266
    0.606194    -0.094207     0.363238
    0.675248     0.013807     0.302378
    0.681201     0.020255     0.294413
    0.689447     0.031501     0.283025
    0.688761     0.042134     0.282189
    0.681966     0.093748     0.282189
    0.681527     0.100429     0.281502
    0.689702     0.113586     0.266045
    0.680810     0.159158     0.254716
    0.647386     0.239853     0.254716
    0.640241     0.274754     0.244387
    0.609186     0.310930     0.256642
    0.603295     0.328287     0.249259
    0.549399     0.398526     0.249259
    0.546077     0.407815     0.244707
    0.528430     0.425462     0.244707
    0.520286     0.441311     0.235165
    0.480598     0.471764     0.235165
    0.472339     0.487287     0.224181
    0.446283     0.509654     0.215354
    0.436061     0.523432     0.204527
    0.426896     0.532175     0.198915
    0.337896     0.569040     0.198915
    0.335236     0.572637     0.195389
    0.293945     0.604789     0.166963
    0.292306     0.605703     0.166236
    0.260882     0.619137     0.156851
    0.230904     0.621108     0.159932
    0.137433     0.633414     0.159932
    0.043542     0.639467     0.167318
    0.036854     0.637359     0.170817
    0.026340     0.633541     0.176909
    0.002078     0.615752     0.201477
   -0.000878     0.615561     0.201244
   -0.071734     0.606233     0.201244
   -0.090521     0.597476     0.208601
   -0.093503     0.594680     0.211414
   -0.120779     0.573441     0.230193
   -0.209703     0.556092     0.208087
   -0.388616     0.481984     0.208087
   -0.391096     0.481476     0.207353
   -0.454921     0.426686     0.228974
   -0.471434     0.395654     0.250933
   -0.506661     0.368624     0.250933
   -0.524297     0.334303     0.271598
   -0.524235     0.333951     0.271995
   -0.539038     0.292560     0.292275
   -0.555498     0.271108     0.292275
   -0.571585     0.223707     0.312440
   -0.571740     0.223526     0.312379
   -0.585914     0.154287     0.332869
   -0.595622     0.130850     0.332869
   -0.607793     0.068468     0.348376
   -0.596172     0.049765     0.370349
   -0.598728     0.010905     0.374344
   -0.602172    -0.015255     0.374344
   -0.604520    -0.051677     0.377209
   -0.603098    -0.055594     0.379478
   -0.554877    -0.183766     0.431457
   -0.543520    -0.195878     0.442886
   -0.476162    -0.306133     0.481118
   -0.459731    -0.318323     0.494029
   -0.451451    -0.327969     0.497297
   -0.445064    -0.331367     0.501816
   -0.418541    -0.365933     0.501816
   -0.413742    -0.368399     0.504706
   -0.412163    -0.369978     0.504706
   -0.412109    -0.370083     0.504643
   -0.376996    -0.397026     0.504643
   -0.374324    -0.395891     0.507809
   -0.373673    -0.394534     0.509654
   -0.347793    -0.406881     0.507809
   -0.330004    -0.395828     0.528708
   -0.301574    -0.397698     0.531630
   -0.256396    -0.403646     0.531630
   -0.055485    -0.370074     0.549473
   -0.046509    -0.368892     0.549473
    0.120455    -0.365359     0.520690
    0.190260    -0.351740     0.503338
    0.200623    -0.347448     0.503338
    0.267276    -0.333803     0.483613
    0.276069    -0.326255     0.486591
    0.357439    -0.298640     0.451976
    0.379820    -0.281466     0.451976
    0.456798    -0.253936     0.414260
    0.467367    -0.243367     0.414260
    0.516178    -0.218285     0.384871
    0.545145    -0.180535     0.384871
    0.585075    -0.159287     0.356615
    0.586736    -0.159059     0.354838
    0.608130    -0.143186     0.338026
    0.629216    -0.092280     0.338026
    0.648671    -0.077894     0.318961
    0.653162    -0.072127     0.314991
    0.665694    -0.058760     0.302378
    0.713061     0.031501     0.244491
    0.712021     0.046591     0.243413
    0.706049     0.099594     0.243413
    0.705168     0.111614     0.242319
    0.706737     0.115298     0.237729
    0.698272     0.155625     0.228664
    0.684962     0.193663     0.228664
    0.675871     0.234279     0.217741
    0.647123     0.273547     0.235373
    0.641543     0.288964     0.229327
    0.602698     0.350786     0.229327
    0.597381     0.364578     0.223029
    0.560224     0.405938     0.229512
    0.556807     0.412318     0.225840
    0.519134     0.449992     0.225840
    0.514201     0.458680     0.219976
    0.482664     0.487012     0.215033
    0.472640     0.500448     0.204527
    0.424141     0.535687     0.195566
    0.377097     0.570127     0.174443
    0.366960     0.576454     0.171436
    0.359194     0.581958     0.166963
    0.243851     0.629697     0.143872
    0.242552     0.630256     0.143268
    0.233459     0.633419     0.140200
    0.156264     0.639080     0.147225
    0.127387     0.642333     0.147225
    0.057762     0.647131     0.152197
   -0.036940     0.626411     0.176909
   -0.039495     0.626223     0.176676
   -0.145610     0.585912     0.196217
   -0.225424     0.557984     0.196217
   -0.335242     0.533403     0.166685
   -0.384491     0.497349     0.188797
   -0.389413     0.491075     0.194780
   -0.467718     0.441872     0.194780
   -0.479537     0.426032     0.207167
   -0.485762     0.420439     0.208143
   -0.504062     0.388206     0.229899
   -0.525102     0.367166     0.229899
   -0.541582     0.336387     0.247609
   -0.541198     0.332060     0.253443
   -0.554817     0.296732     0.269575
   -0.570721     0.271421     0.269575
   -0.588771     0.221552     0.289133
   -0.588509     0.220585     0.290413
   -0.600157     0.168547     0.304407
   -0.612784     0.132460     0.304407
   -0.623729     0.080319     0.316128
   -0.618120     0.067151     0.332534
   -0.619853     0.043515     0.334685
   -0.624140     0.005468     0.334685
   -0.625488    -0.014094     0.336082
   -0.608612    -0.045408     0.369379
   -0.594758    -0.129613     0.379478
   -0.586156    -0.141809     0.391272
   -0.569215    -0.169130     0.412093
   -0.555460    -0.183691     0.430562
   -0.527442    -0.263763     0.430562
   -0.514022    -0.277471     0.444407
   -0.503503    -0.291840     0.450859
   -0.487911    -0.304072     0.465727
   -0.451342    -0.362271     0.465727
   -0.450555    -0.361685     0.467427
   -0.451650    -0.365742     0.461047
   -0.410884    -0.406508     0.461047
   -0.407821    -0.402399     0.469929
   -0.380960    -0.403112     0.493726
   -0.409318    -0.417669     0.446064
   -0.383028    -0.434189     0.446064
   -0.377938    -0.420345     0.471153
   -0.351807    -0.417201     0.490882
   -0.380922    -0.438938     0.439621
   -0.353186    -0.448643     0.439621
   -0.350760    -0.447610     0.442644
   -0.349764    -0.433225     0.466301
   -0.256686    -0.405222     0.529112
   -0.256686    -0.458209     0.442644
   -0.249378    -0.462978     0.433518
   -0.198878    -0.459498     0.429911
    0.074245    -0.428725     0.429911
    0.093746    -0.414971     0.448770
    0.115879    -0.401247     0.465636
    0.117017    -0.401008     0.465381
    0.240532    -0.357788     0.465381
    0.263990    -0.352538     0.459072
    0.269099    -0.353919     0.452312
    0.338358    -0.328852     0.425150
    0.387721    -0.297835     0.425150
    0.454383    -0.272136     0.394709
    0.483072    -0.274682     0.356024
    0.496996    -0.267227     0.348012
    0.550491    -0.213731     0.348012
    0.585816    -0.193676     0.324170
    0.609530    -0.190350     0.292336
    0.643009    -0.137068     0.292336
    0.654688    -0.127907     0.281200
    0.669490    -0.121344     0.261120
    0.692589    -0.055331     0.261120
    0.700110    -0.047368     0.251020
    0.701077    -0.045809     0.249832
    0.705137    -0.040053     0.244266
    0.713011     0.029833     0.244266
    0.713118     0.031394     0.244377
    0.729964     0.031394     0.203709
    0.729668     0.035487     0.203450
    0.723537     0.097737     0.203450
    0.723090     0.103417     0.203002
    0.718760     0.112912     0.210544
    0.713577     0.136359     0.205901
    0.699842     0.181640     0.205901
    0.694241     0.205081     0.200350
    0.677157     0.233895     0.215283
    0.671858     0.247798     0.210439
    0.639981     0.307436     0.210439
    0.635426     0.318520     0.205907
    0.600612     0.363646     0.218054
    0.596012     0.371829     0.213786
    0.554802     0.422044     0.213786
    0.552853     0.425259     0.211808
    0.520792     0.457321     0.211808
    0.512814     0.467580     0.204321
    0.472601     0.500582     0.204321
    0.465996     0.508426     0.197374
    0.431464     0.535067     0.188078
    0.419778     0.546177     0.177026
    0.414855     0.549945     0.174443
    0.358875     0.582235     0.166609
    0.316801     0.607181     0.144804
    0.315821     0.607865     0.143872
    0.207403     0.645302     0.119506
    0.157866     0.649195     0.123410
    0.093310     0.655554     0.123410
    0.057762     0.658125     0.125656
    0.051639     0.660230     0.119117
    0.047317     0.659918     0.118844
   -0.029664     0.652336     0.118844
   -0.034386     0.651965     0.118471
   -0.045831     0.654465     0.104104
   -0.086327     0.645513     0.096085
   -0.260049     0.592815     0.096085
   -0.289107     0.585873     0.089204
   -0.313785     0.571241     0.101994
   -0.327517     0.559300     0.117216
   -0.418620     0.510604     0.117216
   -0.437258     0.492885     0.134843
   -0.438844     0.491662     0.135270
   -0.460920     0.465444     0.158488
   -0.482298     0.447899     0.158488
   -0.501559     0.423131     0.176564
   -0.503305     0.416822     0.186399
   -0.520823     0.387918     0.204178
   -0.537565     0.367517     0.204178
   -0.551421     0.342866     0.217037
   -0.552255     0.333309     0.231176
   -0.568916     0.292758     0.247758
   -0.588684     0.255775     0.247758
   -0.603393     0.217190     0.261201
   -0.604237     0.215766     0.260463
   -0.615073     0.170406     0.271204
   -0.631765     0.115381     0.271204
   -0.637926     0.087509     0.276723
   -0.635831     0.077917     0.288764
   -0.637027     0.062703     0.289964
   -0.641007     0.022296     0.289964
   -0.641762     0.011851     0.290624
   -0.633933    -0.010913     0.314937
   -0.632642    -0.014094     0.318810
   -0.625007    -0.091617     0.318810
   -0.620891    -0.099944     0.326766
   -0.608614    -0.126862     0.348146
   -0.607876    -0.130201     0.347485
   -0.576505    -0.233619     0.347485
   -0.573375    -0.238099     0.351745
   -0.565776    -0.250916     0.358388
   -0.564118    -0.252822     0.360501
   -0.507264    -0.359188     0.360501
   -0.505951    -0.359874     0.362653
   -0.498131    -0.355339     0.385932
   -0.454311    -0.367977     0.453402
   -0.451813    -0.425840     0.362653
   -0.443992    -0.418019     0.391378
   -0.414687    -0.424062     0.427700
   -0.449727    -0.433379     0.350900
   -0.413922    -0.462764     0.350900
   -0.406978    -0.450790     0.386547
   -0.388693    -0.452337     0.405244
   -0.411547    -0.467315     0.343441
   -0.388052    -0.479873     0.343441
   -0.384419    -0.466665     0.377873
   -0.359303    -0.465150     0.399849
   -0.384166    -0.484348     0.335512
   -0.354388    -0.493381     0.335512
   -0.354335    -0.490177     0.343259
   -0.250138    -0.466717     0.424673
   -0.341399    -0.502420     0.316777
   -0.340829    -0.502702     0.316232
   -0.250138    -0.511635     0.316232
   -0.242633    -0.514681     0.307093
   -0.213779    -0.524604     0.276276
   -0.192352    -0.523054     0.274922
   -0.016729    -0.505757     0.274922
   -0.009436    -0.502152     0.281890
    0.045364    -0.477159     0.325415
    0.067372    -0.463352     0.351614
    0.247038    -0.408851     0.351614
    0.253148    -0.407391     0.350167
    0.281718    -0.409436     0.310816
    0.450177    -0.319392     0.310816
    0.472867    -0.310069     0.301538
    0.536433    -0.304523     0.207499
    0.606833    -0.246748     0.207499
    0.605034    -0.244949     0.214103
    0.615295    -0.195191     0.275777
    0.624485    -0.241862     0.179978
    0.671053    -0.185119     0.179978
    0.671108    -0.184489     0.180911
    0.664895    -0.180886     0.199407
    0.669911    -0.121589     0.260038
    0.707841    -0.115767     0.180911
    0.707602    -0.112425     0.185515
    0.703975    -0.111427     0.194969
    0.728954    -0.042034     0.185515
    0.727550    -0.035605     0.193586
    0.727600    -0.034965     0.193636
    0.733172     0.021610     0.193636
    0.733200     0.021986     0.193660
    0.741301     0.021986     0.159916
    0.736487     0.077013     0.159916
    0.735366     0.080671     0.163252
    0.729244     0.101253     0.179472
    0.727508     0.108876     0.178177
    0.712730     0.164025     0.178177
    0.710127     0.174512     0.176055
    0.696926     0.203661     0.192068
    0.693323     0.212827     0.189322
    0.668633     0.265775     0.189322
    0.665468     0.273172     0.186712
    0.637168     0.317589     0.201792
    0.634360     0.322427     0.199601
    0.592837     0.381729     0.199601
    0.592600     0.382102     0.199401
    0.556883     0.423456     0.204498
    0.551363     0.430323     0.200080
    0.511768     0.469918     0.200080
    0.505246     0.477274     0.194337
    0.471057     0.506803     0.190123
    0.455147     0.521411     0.177026
    0.405118     0.557888     0.165385
    0.370052     0.580230     0.153479
    0.350915     0.593123     0.137231
    0.314683     0.610018     0.137231
    0.297787     0.619738     0.120352
    0.276880     0.629205     0.108868
    0.268102     0.633384     0.101157
    0.205716     0.650100     0.101157
    0.196140     0.653684     0.090699
    0.169289     0.661670     0.069538
    0.152615     0.663031     0.070650
    0.051639     0.671866     0.070650
    0.049888     0.672195     0.068643
    0.023019     0.676487     0.040973
    0.012059     0.675671     0.040376
   -0.040026     0.671114     0.040376
   -0.040039     0.670933     0.041128
   -0.080566     0.671852    -0.008601
   -0.133396     0.659823    -0.017574
   -0.199752     0.642042    -0.017574
   -0.226041     0.635516    -0.022895
   -0.264395     0.618146    -0.001826
   -0.275392     0.611821     0.009159
   -0.333128     0.584898     0.009159
   -0.367773     0.561558     0.038574
   -0.371639     0.559094     0.039887
   -0.408981     0.528632     0.074627
   -0.427225     0.515857     0.074627
   -0.448973     0.495888     0.092529
   -0.456137     0.486115     0.110494
   -0.474438     0.465472     0.126610
   -0.500716     0.439194     0.126610
   -0.511831     0.425369     0.135506
   -0.516162     0.416599     0.150074
   -0.527624     0.398509     0.159774
   -0.555925     0.358090     0.159774
   -0.565385     0.341789     0.167153
   -0.567692     0.334166     0.178599
   -0.579627     0.306268     0.188444
   -0.613539     0.233543     0.188444
   -0.622480     0.210802     0.195256
   -0.623169     0.205759     0.202062
   -0.629820     0.178970     0.207483
   -0.645135     0.121811     0.207483
   -0.648198     0.108362     0.209768
   -0.647755     0.084052     0.239136
   -0.648164     0.079054     0.239470
   -0.651692     0.038722     0.239470
   -0.651910     0.035791     0.239629
   -0.648510     0.014511     0.261545
   -0.648011     0.011851     0.264594
   -0.642034    -0.056471     0.264594
   -0.640365    -0.061917     0.269562
   -0.632293    -0.089055     0.290948
   -0.627032    -0.112158     0.287024
   -0.606030    -0.190538     0.287024
   -0.598179    -0.222162     0.280623
   -0.597557    -0.226711     0.274485
   -0.587219    -0.253008     0.266607
   -0.551761    -0.329048     0.266607
   -0.545657    -0.343316     0.261572
   -0.510871    -0.361915     0.343748
   -0.541182    -0.358107     0.239363
   -0.538128    -0.363369     0.236981
   -0.492785    -0.428125     0.236981
   -0.490260    -0.426169     0.251687
   -0.457272    -0.440925     0.311527
   -0.487493    -0.438842     0.219178
   -0.453166    -0.473169     0.219178
   -0.451535    -0.473974     0.221887
   -0.445801    -0.466570     0.265006
   -0.417779    -0.475559     0.305155
   -0.423126    -0.493866     0.221887
   -0.414832    -0.496375     0.234341
   -0.411173    -0.487913     0.275970
   -0.388448    -0.491989     0.302666
   -0.395534    -0.505375     0.234341
   -0.384562    -0.506874     0.249147
   -0.383617    -0.501129     0.274472
   -0.334660    -0.520245     0.249147
   -0.327291    -0.523003     0.241100
   -0.321735    -0.524655     0.236721
   -0.319523    -0.525333     0.234704
   -0.213779    -0.534585     0.234704
   -0.170987    -0.542621     0.185634
   -0.108419    -0.552617     0.121199
   -0.030176    -0.545771     0.121199
   -0.030011    -0.543525     0.130497
    0.012173    -0.546542     0.070037
    0.038632    -0.540517     0.065543
    0.257331    -0.481917     0.065543
    0.255491    -0.470730     0.114853
    0.284894    -0.415103     0.286455
    0.257962    -0.481831     0.064691
    0.305076    -0.463308     0.050578
    0.485692    -0.379086     0.050578
    0.512178    -0.367754     0.041231
    0.542029    -0.311926     0.173120
    0.520906    -0.365113     0.028126
    0.606990    -0.304837     0.028126
    0.614648    -0.294389     0.047329
    0.611076    -0.289777     0.074192
    0.630029    -0.247406     0.151052
    0.660367    -0.248670     0.047329
    0.666228    -0.236803     0.067042
    0.661653    -0.233260     0.093686
    0.675916    -0.188796     0.157393
    0.698439    -0.190801     0.067042
    0.702747    -0.176564     0.088420
    0.700561    -0.175618     0.099173
    0.710981    -0.117527     0.167414
    0.727333    -0.123839     0.088420
    0.729393    -0.108765     0.108762
    0.727993    -0.108535     0.114934
    0.730015    -0.042455     0.181150
    0.741756    -0.062626     0.108762
    0.742256    -0.060428     0.109136
    0.741859    -0.038591     0.135517
    0.740774    -0.038671     0.140008
    0.744978    -0.002941     0.135517
    0.745123    -0.000984     0.135624
    0.742325     0.016531     0.153661
    0.747173    -0.000984     0.109585
    0.745014     0.026439     0.109585
    0.743516     0.044526     0.110542
    0.742325     0.051849     0.118343
    0.738347     0.075144     0.140521
    0.729522     0.111903     0.140521
    0.722897     0.138189     0.144829
    0.719961     0.149147     0.144829
    0.711716     0.172517     0.165219
    0.696916     0.208248     0.165219
    0.688878     0.226740     0.170589
    0.673338     0.260065     0.170589
    0.667048     0.271406     0.179778
    0.638624     0.317789     0.179778
    0.630211     0.330836     0.185598
    0.599292     0.374994     0.185598
    0.596247     0.378825     0.188515
    0.547703     0.435663     0.188515
    0.543391     0.440427     0.185400
    0.509372     0.474446     0.185400
    0.488648     0.493202     0.171850
    0.453589     0.523145     0.171850
    0.427592     0.543807     0.152059
    0.413121     0.553939     0.152059
    0.369443     0.582103     0.132575
    0.349729     0.594184     0.132575
    0.311635     0.615314     0.101706
    0.301758     0.620376     0.087902
    0.278699     0.630398     0.081207
    0.264430     0.636309     0.081207
    0.230503     0.648279     0.051606
    0.214666     0.653483     0.032341
    0.197574     0.657791     0.029540
    0.165434     0.665507     0.029540
    0.126274     0.672195    -0.007743
    0.123596     0.672630    -0.010596
    0.096113     0.674908    -0.012049
    0.023019     0.680660    -0.012049
    0.006204     0.680660    -0.028864
   -0.057182     0.675671    -0.028864
   -0.075896     0.674120    -0.029854
   -0.078518     0.673891    -0.029854
   -0.104326     0.669484    -0.054425
   -0.165788     0.654728    -0.054425
   -0.174547     0.652521    -0.055860
   -0.211511     0.642616    -0.055860
   -0.221592     0.639059    -0.047065
   -0.273849     0.617414    -0.047065
   -0.293711     0.608781    -0.041298
   -0.299854     0.605916    -0.041298
   -0.325586     0.591643    -0.020447
   -0.360641     0.570162    -0.020447
   -0.379745     0.557843    -0.011925
   -0.391434     0.549328     0.006924
   -0.411428     0.533438     0.022145
   -0.440749     0.508395     0.022145
   -0.456767     0.493899     0.032618
   -0.467422     0.483244     0.052576
   -0.480210     0.469113     0.061815
   -0.512319     0.431519     0.061815
   -0.524189     0.416583     0.073185
   -0.529081     0.409869     0.084012
   -0.534614     0.401287     0.087840
   -0.572661     0.339200     0.087840
   -0.580760     0.324598     0.099673
   -0.585604     0.314211     0.099673
   -0.593771     0.295420     0.105129
   -0.622004     0.227261     0.105129
   -0.629903     0.204871     0.124663
   -0.631799     0.199101     0.131683
   -0.634938     0.186646     0.133724
   -0.646582     0.138144     0.133724
   -0.648284     0.128182     0.143209
   -0.652106     0.104665     0.168262
   -0.651692     0.104851     0.173340
   -0.654339     0.076295     0.168262
   -0.654339     0.035791     0.208765
   -0.648800    -0.034593     0.208765
   -0.648510    -0.038084     0.208950
   -0.648415    -0.039172     0.208950
   -0.646171    -0.052315     0.221463
   -0.617968    -0.169786     0.221463
   -0.611256    -0.196422     0.217098
   -0.605970    -0.216149     0.217098
   -0.588875    -0.264602     0.174824
   -0.565442    -0.321173     0.174824
   -0.557149    -0.340253     0.169284
   -0.547660    -0.358767     0.143410
   -0.539481    -0.373513     0.131461
   -0.508545    -0.423995     0.131461
   -0.508278    -0.423873     0.136228
   -0.489514    -0.440734     0.192242
   -0.497585    -0.439040     0.107200
   -0.474398    -0.466189     0.107200
   -0.473015    -0.464806     0.140109
   -0.456155    -0.476362     0.176623
   -0.468606    -0.471981     0.096351
   -0.447350    -0.490135     0.096351
   -0.446147    -0.487499     0.143376
   -0.426047    -0.497416     0.176848
   -0.446273    -0.490920     0.094614
   -0.425680    -0.503539     0.094614
   -0.421310    -0.505779     0.100722
   -0.420924    -0.501998     0.156738
   -0.398333    -0.509215     0.187156
   -0.408266    -0.511182     0.100722
   -0.393802    -0.514886     0.133224
   -0.394243    -0.512473     0.164932
   -0.314208    -0.530623     0.179560
   -0.235051    -0.542621     0.121570
   -0.154914    -0.554392     0.052141
   -0.108271    -0.558063     0.052141
   -0.108271    -0.552848     0.118406
   -0.042002    -0.558063    -0.014128
    0.005161    -0.554351    -0.014128
    0.005837    -0.552848     0.004297
    0.037898    -0.549030    -0.049003
    0.139318    -0.524681    -0.049003
    0.180660    -0.514263    -0.055778
    0.235789    -0.499491    -0.055778
    0.298923    -0.477216    -0.110861
    0.424974    -0.425004    -0.110861
    0.450215    -0.414033    -0.118189
    0.487797    -0.396508    -0.118189
    0.521752    -0.366141     0.015090
    0.488882    -0.395907    -0.119068
    0.573213    -0.344229    -0.119068
    0.582342    -0.337578    -0.104348
    0.581847    -0.336493    -0.084982
    0.608675    -0.306636     0.004146
    0.621954    -0.303746    -0.104348
    0.637680    -0.288020    -0.074891
    0.636931    -0.287270    -0.057047
    0.662207    -0.250391     0.022821
    0.660369    -0.261455    -0.074891
    0.677574    -0.237836    -0.036805
    0.676648    -0.237414    -0.020291
    0.699297    -0.191507     0.056156
    0.693343    -0.212104    -0.036805
    0.697653    -0.204334    -0.030509
    0.710127    -0.179997     0.003505
    0.709636    -0.179947     0.010782
    0.727518    -0.123974     0.086148
    0.721516    -0.152500     0.003505
    0.726729    -0.137725     0.016396
    0.733632    -0.116721     0.041946
    0.733237    -0.116794     0.047139
    0.739408    -0.092663     0.041946
    0.742169    -0.076491     0.057342
    0.745244    -0.057574     0.077495
    0.744978    -0.057694     0.080765
    0.747173    -0.033074     0.077495
    0.745928    -0.033074     0.061687
    0.745014    -0.020791     0.062355
    0.743951    -0.008630     0.062355
    0.743041     0.002509     0.063098
    0.742545     0.019071     0.073993
    0.743017     0.045026     0.105351
    0.733391     0.087300     0.112531
    0.730896     0.096611     0.112531
    0.719399     0.142921     0.121903
    0.718256     0.151288     0.133195
    0.701481     0.193957     0.145977
    0.690154     0.218249     0.145977
    0.671278     0.262369     0.161546
    0.657174     0.284505     0.154031
    0.642970     0.308980     0.165110
    0.606698     0.360782     0.165110
    0.595580     0.378329     0.174518
    0.548941     0.432329     0.167863
    0.538773     0.441344     0.159924
    0.483141     0.496976     0.159924
    0.449061     0.524375     0.137996
    0.431161     0.539835     0.140203
    0.364329     0.582180     0.104369
    0.352505     0.590459     0.104369
    0.303244     0.619047     0.082070
    0.274336     0.627794     0.038664
    0.249228     0.638535     0.029803
    0.240523     0.642595     0.029803
    0.216460     0.652054     0.022595
    0.176679     0.657491    -0.031091
    0.161781     0.661190    -0.034106
    0.141629     0.666590    -0.034106
    0.126116     0.670122    -0.036741
    0.089442     0.669455    -0.081047
    0.069428     0.671089    -0.082382
    0.025780     0.674907    -0.082382
    0.006204     0.676364    -0.083448
    0.000569     0.675464    -0.089251
   -0.017481     0.674120    -0.088268
   -0.091279     0.667664    -0.088268
   -0.107483     0.666341    -0.087187
   -0.117599     0.663332    -0.095160
   -0.143935     0.657335    -0.090686
   -0.209206     0.639846    -0.090686
   -0.217608     0.637760    -0.088986
   -0.223723     0.634991    -0.092345
   -0.244942     0.626649    -0.085988
   -0.289083     0.606065    -0.085988
   -0.308689     0.597677    -0.079070
   -0.309259     0.597505    -0.078215
   -0.332181     0.584202    -0.067838
   -0.371301     0.556810    -0.067838
   -0.393064     0.543022    -0.056170
   -0.394040     0.542178    -0.056290
   -0.408966     0.530178    -0.046686
   -0.452728     0.486417    -0.046686
   -0.471869     0.469447    -0.031742
   -0.475198     0.467007    -0.025622
   -0.486390     0.454818    -0.015588
   -0.526184     0.397986    -0.015588
   -0.544351     0.375716     0.005130
   -0.545714     0.373576     0.005857
   -0.557311     0.356363     0.020472
   -0.587469     0.291688     0.020472
   -0.599457     0.270850     0.041288
   -0.611334     0.244622     0.055696
   -0.616026     0.234766     0.064354
   -0.636050     0.160037     0.064354
   -0.637564     0.156162     0.069250
   -0.641530     0.143220     0.081055
   -0.645679     0.095803     0.081055
   -0.648284     0.081932     0.096960
   -0.649185     0.076295     0.102765
   -0.648800     0.071126     0.103047
   -0.638257    -0.049378     0.103047
   -0.630342    -0.075206     0.079489
   -0.630273    -0.075508     0.079540
   -0.574906    -0.282139     0.079540
   -0.566496    -0.299806     0.064021
   -0.564739    -0.302570     0.059730
   -0.550652    -0.327060     0.035267
   -0.517563    -0.398019     0.035267
   -0.514187    -0.403030     0.031013
   -0.496635    -0.438607     0.090256
   -0.500302    -0.417767     0.002300
   -0.498839    -0.419560     0.000632
   -0.473147    -0.456252     0.000632
   -0.475033    -0.458018     0.025769
   -0.466741    -0.470116     0.051971
   -0.459362    -0.466356    -0.024708
   -0.447439    -0.478279    -0.024708
   -0.450329    -0.481365     0.016426
   -0.444747    -0.487576     0.034968
   -0.432132    -0.485838    -0.050136
   -0.424427    -0.491233    -0.050136
   -0.428154    -0.495763     0.007336
   -0.425160    -0.498440     0.019087
   -0.404316    -0.497318    -0.080334
   -0.399820    -0.499415    -0.080334
   -0.403865    -0.504963    -0.012153
   -0.404390    -0.505076    -0.008878
   -0.403327    -0.510894     0.067551
   -0.357560    -0.505190    -0.137365
   -0.293803    -0.522274    -0.137365
   -0.278767    -0.525698    -0.139919
   -0.262183    -0.528376    -0.147370
   -0.239477    -0.527963    -0.174802
   -0.219665    -0.529580    -0.176124
   -0.043379    -0.545003    -0.176124
   -0.042710    -0.545129    -0.175356
   -0.042710    -0.547017    -0.153778
   -0.183660    -0.547017    -0.012827
   -0.042002    -0.548126    -0.140390
    0.038304    -0.548126    -0.060084
    0.032047    -0.538589    -0.175356
    0.047602    -0.538872    -0.156563
    0.099874    -0.526969    -0.147685
    0.245901    -0.487841    -0.147685
    0.303553    -0.473528    -0.136017
    0.398315    -0.430614    -0.188071
    0.410211    -0.423771    -0.199955
    0.509488    -0.377477    -0.199955
    0.524670    -0.367249    -0.212845
    0.572867    -0.343471    -0.132586
    0.526697    -0.365340    -0.216793
    0.575957    -0.330847    -0.216793
    0.588821    -0.324494    -0.195424
    0.589381    -0.325093    -0.187448
    0.621374    -0.303166    -0.118162
    0.614689    -0.298626    -0.195424
    0.633946    -0.284511    -0.160026
    0.634076    -0.284632    -0.158299
    0.660037    -0.261304    -0.080800
    0.649112    -0.262853    -0.160026
    0.653410    -0.257584    -0.155124
    0.671174    -0.238731    -0.118390
    0.676197    -0.231276    -0.112060
    0.683614    -0.215369    -0.112060
    0.693761    -0.197729    -0.094440
    0.705829    -0.178741    -0.064970
    0.713573    -0.162473    -0.050680
    0.715656    -0.154700    -0.050680
    0.725361    -0.128763    -0.022353
    0.730009    -0.116872    -0.007327
    0.736548    -0.095536     0.012134
    0.738022    -0.078685     0.012134
    0.742169    -0.056604     0.037455
    0.736393    -0.078685     0.005349
    0.735928    -0.072251     0.005756
    0.733930    -0.051966     0.005756
    0.735326    -0.032808     0.018762
    0.731778     0.067778     0.083638
    0.727835     0.080777     0.083638
    0.713532     0.140652     0.097816
    0.713902     0.145827     0.104944
    0.693584     0.199126     0.123514
    0.669876     0.243481     0.123514
    0.651849     0.287352     0.141453
    0.618750     0.330255     0.129904
    0.613487     0.339619     0.134789
    0.524917     0.447542     0.134789
    0.508038     0.460668     0.122470
    0.452890     0.515816     0.122470
    0.362552     0.570566     0.066904
    0.338180     0.590568     0.066904
    0.275361     0.625876     0.034134
    0.238056     0.629131    -0.021055
    0.221077     0.636108    -0.027998
    0.200023     0.647361    -0.027998
    0.177494     0.655949    -0.035847
    0.137543     0.653091    -0.090874
    0.126963     0.655619    -0.093379
    0.102630     0.663000    -0.093379
    0.090791     0.665617    -0.095724
    0.062237     0.659379    -0.131571
    0.058055     0.659708    -0.131900
    0.013767     0.664070    -0.131900
    0.000569     0.665024    -0.132734
   -0.014408     0.659874    -0.148730
   -0.023998     0.659181    -0.148124
   -0.122469     0.649482    -0.148124
   -0.124338     0.648558    -0.149909
   -0.131645     0.645226    -0.155713
   -0.147433     0.641736    -0.152587
   -0.206922     0.623690    -0.152587
   -0.219054     0.620792    -0.149714
   -0.230785     0.621631    -0.133557
   -0.256096     0.611982    -0.124739
   -0.286064     0.595964    -0.124739
   -0.316233     0.583568    -0.112402
   -0.324288     0.577354    -0.114570
   -0.346927     0.564629    -0.102760
   -0.385344     0.533101    -0.102760
   -0.402844     0.522495    -0.091996
   -0.425194     0.500145    -0.091996
   -0.429470     0.496820    -0.088876
   -0.475866     0.440286    -0.088876
   -0.483205     0.434107    -0.082376
   -0.490963     0.424051    -0.079670
   -0.504947     0.409341    -0.065757
   -0.539607     0.344498    -0.065757
   -0.553873     0.328093    -0.047572
   -0.555490     0.325366    -0.046159
   -0.574068     0.298772    -0.020869
   -0.613672     0.168216    -0.020869
   -0.614041     0.166548    -0.021199
   -0.631628     0.160363     0.046057
   -0.610255     0.149214    -0.042960
   -0.615722     0.093702    -0.042960
   -0.623488     0.095803    -0.011378
   -0.609059     0.074327    -0.063654
   -0.627936    -0.075383     0.069534
   -0.581153     0.005575    -0.147372
   -0.573256    -0.074602    -0.147372
   -0.577315    -0.093185    -0.124044
   -0.570155    -0.125577    -0.117630
   -0.524021    -0.277659    -0.117630
   -0.508591    -0.342249    -0.102335
   -0.508758    -0.344581    -0.099122
   -0.513003    -0.346960    -0.080876
   -0.458641    -0.438344    -0.099122
   -0.460740    -0.439931    -0.089372
   -0.453676    -0.461953    -0.057820
   -0.434838    -0.450764    -0.138130
   -0.421979    -0.466432    -0.138130
   -0.428681    -0.473134    -0.103161
   -0.426342    -0.478361    -0.093678
   -0.401145    -0.472198    -0.170610
   -0.394466    -0.477679    -0.170610
   -0.401102    -0.486458    -0.129841
   -0.400283    -0.487991    -0.126220
   -0.371640    -0.479671    -0.204377
   -0.357882    -0.487025    -0.204377
   -0.362247    -0.494813    -0.170901
   -0.357371    -0.504038    -0.142443
   -0.319791    -0.484300    -0.256842
   -0.246363    -0.506574    -0.256842
   -0.246700    -0.507424    -0.253343
   -0.190755    -0.494427    -0.326652
   -0.170369    -0.496030    -0.328259
   -0.048657    -0.508017    -0.328259
   -0.045978    -0.508211    -0.328428
   -0.043379    -0.517819    -0.289356
    0.032870    -0.527433    -0.221522
   -0.041591    -0.506430    -0.333770
    0.043192    -0.498080    -0.333770
    0.051898    -0.493777    -0.342089
    0.060053    -0.488102    -0.353851
    0.060260    -0.487972    -0.354097
    0.294008    -0.417065    -0.354097
    0.421736    -0.386552    -0.323852
    0.429587    -0.387113    -0.313038
    0.452358    -0.378433    -0.305104
    0.526600    -0.365116    -0.217892
    0.520532    -0.341993    -0.305104
    0.524317    -0.340438    -0.303556
    0.539159    -0.339143    -0.281599
    0.539937    -0.340173    -0.276818
    0.574574    -0.329062    -0.227190
    0.565453    -0.317564    -0.281599
    0.581732    -0.313059    -0.256219
    0.582158    -0.312728    -0.255909
    0.614321    -0.298342    -0.197566
    0.598836    -0.292407    -0.255909
    0.601062    -0.290532    -0.253937
    0.619995    -0.280653    -0.222910
    0.624310    -0.276114    -0.218617
    0.632329    -0.261111    -0.218617
    0.640322    -0.251921    -0.208429
    0.657029    -0.237410    -0.178823
    0.665876    -0.224745    -0.166779
    0.666750    -0.221866    -0.166779
    0.679670    -0.201270    -0.142262
    0.694295    -0.180255    -0.111950
    0.702846    -0.162957    -0.095422
    0.706525    -0.157911    -0.085598
    0.706535    -0.157884    -0.085567
    0.723701    -0.115593    -0.034069
    0.725837    -0.072156    -0.018583
    0.685668    -0.166450    -0.136062
    0.724185     0.020268     0.030693
    0.689279     0.120024     0.030693
    0.696251     0.145807     0.064808
    0.672614     0.211116     0.090421
    0.593107     0.337651     0.090421
    0.550752     0.369251     0.057300
    0.519779     0.403729     0.051896
    0.415587     0.462883    -0.018428
    0.293707     0.584762    -0.018428
    0.243026     0.611898    -0.047589
    0.217960     0.609674    -0.081388
    0.201487     0.616024    -0.088911
    0.161503     0.641148    -0.088911
    0.138636     0.649424    -0.097879
    0.104672     0.640238    -0.142820
    0.103511     0.640498    -0.143132
    0.070102     0.652188    -0.143132
    0.063384     0.653598    -0.144642
    0.024507     0.637036    -0.193079
   -0.014800     0.641465    -0.193079
   -0.014408     0.643393    -0.188519
   -0.037795     0.629072    -0.217530
   -0.044389     0.624769    -0.225766
   -0.120281     0.616218    -0.225766
   -0.136068     0.622943    -0.206098
   -0.149119     0.620203    -0.203164
   -0.184370     0.607868    -0.203164
   -0.198690     0.604663    -0.199313
   -0.221986     0.610964    -0.168488
   -0.256524     0.598463    -0.154943
   -0.275564     0.586500    -0.154943
   -0.327415     0.566510    -0.131265
   -0.350550     0.545726    -0.134891
   -0.367106     0.536862    -0.125365
   -0.430746     0.473222    -0.125365
   -0.435665     0.464035    -0.130652
   -0.450403     0.447630    -0.128080
   -0.460316     0.421915    -0.139823
   -0.495940     0.365221    -0.139823
   -0.499062     0.356593    -0.143207
   -0.477952     0.278537    -0.246488
   -0.523536     0.148267    -0.246488
   -0.545293     0.156328    -0.194065
   -0.583396     0.148766    -0.107909
   -0.516245     0.131152    -0.267811
   -0.530697     0.002884    -0.267811
   -0.537920     0.002884    -0.251105
   -0.551156     0.005575    -0.219792
   -0.555299    -0.074303    -0.190795
   -0.522670    -0.009415    -0.283171
   -0.514445    -0.082412    -0.283171
   -0.512417    -0.085288    -0.285953
   -0.505675    -0.091294    -0.295850
   -0.414535    -0.351755    -0.295850
   -0.416828    -0.360233    -0.284633
   -0.427518    -0.366434    -0.257204
   -0.421060    -0.442775    -0.179146
   -0.370097    -0.434604    -0.284633
   -0.390366    -0.451627    -0.226405
   -0.388692    -0.459745    -0.216343
   -0.366453    -0.435116    -0.289526
   -0.351458    -0.450110    -0.289526
   -0.363852    -0.464867    -0.247132
   -0.363587    -0.465783    -0.245721
   -0.330625    -0.448261    -0.317618
   -0.316451    -0.457167    -0.317618
   -0.323419    -0.469182    -0.286792
   -0.319368    -0.482762    -0.260850
   -0.287155    -0.449244    -0.356381
   -0.210189    -0.476176    -0.356381
   -0.193690    -0.479639    -0.360090
   -0.141112    -0.457241    -0.425596
   -0.130941    -0.457987    -0.426522
   -0.044608    -0.467714    -0.426522
   -0.041591    -0.467922    -0.426737
   -0.038050    -0.466013    -0.430503
   -0.021099    -0.454951    -0.451672
    0.068825    -0.444819    -0.451672
    0.069521    -0.444328    -0.452345
    0.100609    -0.425050    -0.476037
    0.173330    -0.409785    -0.459689
    0.265321    -0.377596    -0.459689
    0.399381    -0.347590    -0.423637
    0.430822    -0.356093    -0.382036
    0.454295    -0.347597    -0.372830
    0.483608    -0.329178    -0.372830
    0.503782    -0.321401    -0.363618
    0.528938    -0.323633    -0.329697
    0.529105    -0.323833    -0.329124
    0.564436    -0.316548    -0.285333
    0.546817    -0.305754    -0.329697
    0.548259    -0.304935    -0.328723
    0.567384    -0.302253    -0.303050
    0.569079    -0.300988    -0.301725
    0.578763    -0.285576    -0.301725
    0.579132    -0.285287    -0.301373
    0.602377    -0.274980    -0.269839
    0.609200    -0.268010    -0.262799
    0.610788    -0.263474    -0.262799
    0.611156    -0.263084    -0.262304
    0.639473    -0.237860    -0.220732
    0.647249    -0.226835    -0.210071
    0.648943    -0.225400    -0.207044
    0.675828    -0.184205    -0.155596
    0.685073    -0.167051    -0.137356
    0.625406    -0.226835    -0.245715
    0.642507    -0.169997    -0.207359
    0.601570    -0.231220    -0.283806
    0.595161    -0.231220    -0.293806
    0.590099    -0.192775    -0.293806
    0.599663    -0.177383    -0.275723
    0.624539    -0.167706    -0.234922
    0.657760     0.108436    -0.026427
    0.503908     0.053790    -0.275723
    0.525951     0.105713    -0.214206
    0.557213     0.126072    -0.158136
    0.331581     0.359021    -0.214206
    0.288400     0.479760    -0.155049
    0.227059     0.541100    -0.155049
    0.201176     0.550357    -0.167731
    0.112516     0.618388    -0.167731
    0.108250     0.619836    -0.169546
    0.076626     0.606410    -0.207013
    0.023789     0.628296    -0.207013
    0.024854     0.631035    -0.202521
    0.024360     0.634910    -0.196576
   -0.015726     0.603745    -0.253435
   -0.045594     0.607677    -0.253435
   -0.044389     0.614226    -0.242970
   -0.059102     0.597773    -0.267113
   -0.120278     0.616179    -0.225830
   -0.067645     0.589885    -0.277666
   -0.102747     0.585264    -0.277666
   -0.120755     0.596453    -0.256510
   -0.122291     0.600400    -0.250036
   -0.157136     0.581383    -0.256510
   -0.199611     0.599415    -0.206188
   -0.234447     0.587592    -0.191368
   -0.357527     0.493149    -0.191368
   -0.367865     0.473031    -0.203481
   -0.352560     0.386208    -0.301462
   -0.444724     0.266098    -0.301462
   -0.464120     0.278729    -0.266672
   -0.473840     0.277025    -0.253941
   -0.413110     0.191630    -0.389687
   -0.439293     0.128419    -0.389687
   -0.456780     0.135222    -0.361007
   -0.498386     0.129916    -0.297181
   -0.418578     0.095079    -0.428856
   -0.431818    -0.005488    -0.428856
   -0.434561    -0.008458    -0.425186
   -0.456755    -0.008458    -0.390559
   -0.461956    -0.009415    -0.382247
   -0.486184    -0.089945    -0.327903
   -0.422769    -0.098032    -0.425186
   -0.417987    -0.103131    -0.429999
   -0.398194    -0.128550    -0.447498
   -0.389526    -0.172981    -0.436453
   -0.410871    -0.350408    -0.302490
   -0.337677    -0.298155    -0.436453
   -0.329075    -0.340174    -0.424018
   -0.334612    -0.353215    -0.408568
   -0.347397    -0.361542    -0.385636
   -0.345850    -0.419761    -0.334059
   -0.299182    -0.399389    -0.408568
   -0.300005    -0.404060    -0.403297
   -0.319238    -0.423293    -0.362646
   -0.318146    -0.431517    -0.353811
   -0.279585    -0.419729    -0.403297
   -0.287787    -0.432324    -0.380707
   -0.285573    -0.444942    -0.364178
   -0.254256    -0.408976    -0.433305
   -0.213270    -0.417366    -0.445435
   -0.177953    -0.431995    -0.445435
   -0.143473    -0.438722    -0.454006
   -0.115566    -0.421382    -0.486792
   -0.114817    -0.421177    -0.487266
   -0.074496    -0.423829    -0.491410
   -0.034784    -0.429057    -0.491410
   -0.021099    -0.429939    -0.492487
   -0.018954    -0.428367    -0.494659
    0.010217    -0.426486    -0.492364
    0.051202    -0.421090    -0.492364
    0.101537    -0.417780    -0.487191
    0.110361    -0.410908    -0.493266
    0.142430    -0.394937    -0.500892
    0.244285    -0.375065    -0.475572
    0.271475    -0.363803    -0.475572
    0.388523    -0.339842    -0.440934
    0.399893    -0.344669    -0.427463
    0.442304    -0.330276    -0.409421
    0.456120    -0.319675    -0.409421
    0.483207    -0.309987    -0.396149
    0.504792    -0.313792    -0.371791
    0.511248    -0.310474    -0.367904
    0.523007    -0.295149    -0.367904
    0.548612    -0.291636    -0.340506
    0.549974    -0.290625    -0.339435
    0.577025    -0.267780    -0.314591
    0.554999    -0.278496    -0.339435
    0.575302    -0.267109    -0.317419
    0.577510    -0.250336    -0.317419
    0.527251    -0.250336    -0.376265
    0.521031    -0.249186    -0.383370
    0.538971    -0.198659    -0.354576
    0.491197    -0.249186    -0.416482
    0.462731    -0.225776    -0.443962
    0.457354    -0.191828    -0.443962
    0.437922    -0.175544    -0.458355
    0.470158     0.037601    -0.321620
    0.412879    -0.167407    -0.478643
    0.372540    -0.146336    -0.507383
    0.300261    -0.004480    -0.507383
    0.323854     0.043586    -0.460700
    0.331581     0.049585    -0.450232
    0.078035     0.289405    -0.460700
    0.017209     0.468367    -0.370592
    0.020413     0.493437    -0.349025
    0.064599     0.550357    -0.271906
    0.062329     0.576605    -0.247545
   -0.037188     0.522786    -0.349025
   -0.019093     0.564291    -0.299778
   -0.019587     0.570191    -0.293317
   -0.054814     0.509039    -0.367381
   -0.070004     0.511445    -0.367381
   -0.070004     0.540360    -0.335289
   -0.067645     0.553128    -0.320703
   -0.098754     0.550568    -0.318906
   -0.086517     0.491366    -0.386764
   -0.100940     0.524448    -0.347512
   -0.132085     0.529158    -0.327532
   -0.087730     0.484820    -0.392519
   -0.111300     0.412281    -0.451285
   -0.113518     0.408035    -0.454310
   -0.143898     0.392556    -0.454310
   -0.154344     0.372871    -0.465910
   -0.339223     0.372871    -0.324892
   -0.148680     0.328557    -0.504031
   -0.165639     0.278662    -0.529154
   -0.289909     0.154391    -0.529154
   -0.306512     0.156513    -0.514871
   -0.339223     0.181906    -0.470552
   -0.384648     0.177978    -0.428394
   -0.338853     0.093040    -0.514871
   -0.351994     0.088771    -0.504225
   -0.372509     0.097715    -0.479883
   -0.412439     0.094373    -0.436153
   -0.364142     0.012071    -0.504225
   -0.378907    -0.000071    -0.489972
   -0.383856    -0.005488    -0.485012
   -0.383779    -0.006783    -0.484903
   -0.365355    -0.123105    -0.484903
   -0.364894    -0.131337    -0.483968
   -0.339480    -0.159006    -0.499798
   -0.327105    -0.228255    -0.481295
   -0.300592    -0.280290    -0.481295
   -0.291621    -0.328542    -0.466136
   -0.298623    -0.342808    -0.452281
   -0.296538    -0.349226    -0.449458
   -0.296538    -0.396745    -0.413212
   -0.252563    -0.393201    -0.449458
   -0.255313    -0.396745    -0.444657
   -0.248100    -0.391011    -0.453792
   -0.191502    -0.401534    -0.471573
   -0.172525    -0.411204    -0.471573
   -0.102704    -0.411730    -0.499881
   -0.083379    -0.412813    -0.502076
   -0.055780    -0.417184    -0.502076
   -0.021344    -0.419236    -0.504982
   -0.018954    -0.421419    -0.502794
    0.041914    -0.417792    -0.497657
    0.071701    -0.413075    -0.497657
    0.153831    -0.384465    -0.507415
    0.159513    -0.381332    -0.508299
    0.263963    -0.362667    -0.480391
    0.290876    -0.348954    -0.480391
    0.388393    -0.330822    -0.449755
    0.389266    -0.331251    -0.448907
    0.424898    -0.319675    -0.433236
    0.456548    -0.288024    -0.433236
    0.477839    -0.290746    -0.414920
    0.483207    -0.294912    -0.407648
    0.516509    -0.292032    -0.376741
    0.489713    -0.267442    -0.414920
    0.514419    -0.278213    -0.385606
    0.536493    -0.276366    -0.361431
    0.488543    -0.265942    -0.416482
    0.446147    -0.225776    -0.458125
    0.419313    -0.220380    -0.480314
    0.399536    -0.201824    -0.494695
    0.358642    -0.175208    -0.522999
    0.340789    -0.160821    -0.534919
    0.337562    -0.144599    -0.534919
    0.289063    -0.111971    -0.560661
    0.276636    -0.099817    -0.565697
    0.290141    -0.011067    -0.518267
    0.237062    -0.085756    -0.585357
    0.235221    -0.084409    -0.585971
    0.186215    -0.011067    -0.585971
    0.157402    -0.000937    -0.598142
    0.136144     0.020320    -0.598142
    0.078035     0.185602    -0.528324
   -0.083006     0.293206    -0.528324
   -0.087894     0.306961    -0.521490
   -0.097575     0.385455    -0.474569
   -0.060758     0.456502    -0.412259
   -0.061416     0.469754    -0.401827
   -0.098254     0.385590    -0.474569
   -0.098254     0.407223    -0.457370
   -0.087730     0.459553    -0.414099
   -0.115985     0.358347    -0.493425
   -0.123741     0.337115    -0.507382
   -0.131280     0.325909    -0.513330
   -0.140907     0.247859    -0.559985
   -0.148608     0.226185    -0.570753
   -0.165639     0.214806    -0.570753
   -0.180436     0.172719    -0.588531
   -0.192737     0.160417    -0.588531
   -0.215644     0.152363    -0.578855
   -0.286795     0.152363    -0.532504
   -0.243883     0.110101    -0.578855
   -0.267051     0.101870    -0.567345
   -0.278888     0.100410    -0.560269
   -0.286642     0.095194    -0.556153
   -0.336836     0.092701    -0.516639
   -0.297979     0.038198    -0.556153
   -0.312134     0.028985    -0.546356
   -0.330161     0.012071    -0.533248
   -0.328007    -0.026770    -0.529833
   -0.307842    -0.128150    -0.529833
   -0.306385    -0.160649    -0.525851
   -0.301975    -0.164961    -0.527638
   -0.292077    -0.224330    -0.511201
   -0.244467    -0.295584    -0.511201
   -0.240495    -0.317871    -0.504088
   -0.242656    -0.323098    -0.500404
   -0.248100    -0.328542    -0.494488
   -0.137555    -0.393325    -0.500404
   -0.103335    -0.399030    -0.509878
   -0.090671    -0.388044    -0.520616
   -0.043628    -0.397401    -0.520616
   -0.028591    -0.398235    -0.521938
   -0.021344    -0.405959    -0.516321
    0.044002    -0.402336    -0.510576
    0.128029    -0.385622    -0.510576
    0.179837    -0.360551    -0.516720
    0.269187    -0.345654    -0.491982
    0.346845    -0.293764    -0.491982
    0.381746    -0.287544    -0.480843
    0.388393    -0.290293    -0.476158
    0.398583    -0.286710    -0.471854
    0.454530    -0.286710    -0.435407
    0.424464    -0.247976    -0.471854
    0.450705    -0.261574    -0.448840
    0.459849    -0.261120    -0.441641
    0.415809    -0.237999    -0.480314
    0.320183    -0.155939    -0.546951
    0.283904    -0.125003    -0.565412
    0.241665    -0.102934    -0.585357
    0.184340    -0.057205    -0.604027
    0.154081    -0.028823    -0.610262
    0.122947    -0.022393    -0.619858
    0.086182     0.014371    -0.619858
    0.030872     0.024493    -0.634674
    0.008790     0.036979    -0.635927
   -0.001752     0.046082    -0.634790
   -0.054847     0.102688    -0.623125
   -0.081062     0.151718    -0.605725
   -0.120229     0.162213    -0.605725
   -0.134940     0.190369    -0.592430
   -0.134940     0.245497    -0.562160
   -0.123741     0.292769    -0.534557
   -0.149152     0.186561    -0.592430
   -0.157982     0.170045    -0.598290
   -0.157306     0.162775    -0.601377
   -0.189219     0.130863    -0.601377
   -0.190094     0.126081    -0.602658
   -0.193203     0.123165    -0.602017
   -0.216943     0.110471    -0.593592
   -0.236300     0.038229    -0.593592
   -0.241855     0.038229    -0.590542
   -0.241984     0.038198    -0.590467
   -0.229966     0.034919    -0.596584
   -0.189492    -0.116130    -0.596584
   -0.188965    -0.131012    -0.594684
   -0.203791    -0.149155    -0.583874
   -0.229033    -0.165964    -0.567541
   -0.096896    -0.256050    -0.583874
   -0.094386    -0.268203    -0.580129
   -0.097422    -0.300835    -0.566275
   -0.089130    -0.316343    -0.560772
   -0.088279    -0.378306    -0.526875
   -0.028591    -0.354675    -0.548631
   -0.023666    -0.333884    -0.560772
   -0.018363    -0.327665    -0.563936
   -0.015968    -0.323082    -0.566100
    0.164967    -0.274601    -0.566100
    0.180840    -0.287572    -0.556643
    0.225776    -0.279349    -0.544606
    0.315402    -0.189722    -0.544606
    0.374808    -0.229279    -0.506167
    0.380021    -0.229208    -0.503316
    0.312185    -0.185786    -0.546951
    0.237033    -0.102934    -0.587276
    0.185331    -0.087009    -0.606924
    0.176118    -0.079385    -0.609894
    0.130511    -0.060888    -0.622683
    0.114732    -0.022793    -0.622683
    0.055324     0.000041    -0.634674
   -0.080044     0.078512    -0.634790
   -0.085274     0.091408    -0.631174
   -0.114923     0.127236    -0.619624
   -0.120229     0.144462    -0.613078
   -0.155173     0.157417    -0.603833
   -0.144319     0.115060    -0.619624
   -0.153564     0.124306    -0.615217
   -0.136317     0.096140    -0.624962
   -0.161049     0.036431    -0.624962
   -0.161149     0.034919    -0.625088
   -0.147130     0.023318    -0.629608
   -0.145714     0.001961    -0.627824
   -0.108586    -0.087675    -0.627824
   -0.106950    -0.125025    -0.623161
   -0.107814    -0.127069    -0.622584
   -0.092557    -0.166765    -0.614571
   -0.005450    -0.202845    -0.614571
   -0.005076    -0.203769    -0.614312
   -0.015968    -0.239132    -0.600873
    0.010942    -0.202707    -0.612975
    0.158059    -0.257246    -0.574056
    0.133177    -0.152076    -0.612975
    0.153363    -0.160613    -0.607279
    0.155124    -0.159936    -0.606924
    0.260054    -0.165035    -0.570848
    0.100003    -0.060888    -0.630007
    0.059376    -0.041542    -0.637837
    0.046758    -0.030112    -0.639729
    0.032557    -0.026593    -0.641124
   -0.022209     0.028172    -0.641124
   -0.046426     0.031285    -0.642785
   -0.072130     0.059659    -0.638529
   -0.080044     0.076280    -0.635326
   -0.130906     0.090729    -0.626799
   -0.109531     0.022258    -0.638529
   -0.111756     0.023318    -0.638100
   -0.089757     0.004346    -0.641495
   -0.087479    -0.013376    -0.640280
   -0.012322    -0.098143    -0.639025
   -0.015487    -0.085368    -0.640280
   -0.005450    -0.105728    -0.637887
   -0.004715    -0.105634    -0.637837
    0.123023    -0.141921    -0.616422
   -0.015487    -0.026593    -0.644905
   -0.046426     0.004346    -0.644905
     1      2      3
     1      3      4
     1      4      5
     6      7      8
     6      8      3
     6      3      2
     9     10     11
     9     11     12
     9     12     13
     9     13     14
     9     14      8
     9      8      7
     3      8     14
     3     14     15
     3     15     16
     3     16      4
    17     18     19
    17     19     20
    17     20     21
    17     21     22
     5      4     16
     5     16     23
     5     23     24
     5     24     25
     5     25     18
     5     18     17
    26     27     28
    26     28      1
    26      1      5
    26      5     17
    26     17     22
    26     22     29
    28     30     31
    28     31     32
    28     32     33
    28     33      6
    28      6      2
    28      2      1
    33     34     35
    33     35      9
    33      9      7
    33      7      6
    32     36     37
    32     37     38
    32     38     39
    32     39     40
    32     40     34
    32     34     33
    40     41     42
    40     42     43
    40     43     35
    40     35     34
    35     43     44
    35     44     10
    35     10      9
    44     45     46
    44     46     47
    44     47     11
    44     11     10
    14     13     48
    14     48     49
    14     49     15
    16     15     49
    16     49     50
    16     50     23
    24     51     52
    24     52     25
    20     53     54
    20     54     55
    20     55     56
    20     56     57
    20     57     21
    22     21     57
    22     57     58
    22     58     29
    59     60     61
    59     61     62
    29     58     59
    29     59     62
    29     62     63
    29     63     64
    29     64     65
    29     65     66
    29     66     26
    65     67     68
    65     68     69
    65     69     70
    65     70     66
    26     66     70
    26     70     71
    26     71     27
    27     71     72
    27     72     73
    27     73     30
    27     30     28
    73     74     75
    73     75     76
    73     76     77
    73     77     78
    73     78     79
    73     79     31
    73     31     30
    31     79     36
    31     36     32
    78     80     81
    78     81     82
    78     82     83
    78     83     84
    78     84     37
    78     37     36
    78     36     79
    38     85     86
    38     86     39
    39     86     87
    39     87     88
    39     88     41
    39     41     40
    88     89     90
    88     90     91
    88     91     42
    88     42     41
    42     91     92
    42     92     45
    42     45     44
    42     44     43
    92     93     94
    92     94     95
    92     95     46
    92     46     45
    12     96     97
    12     97     48
    12     48     13
    49     48     97
    49     97     98
    49     98     99
    49     99     50
    23     50     99
    23     99    100
    23    100    101
    23    101     51
    23     51     24
    25     52    102
    25    102    103
    25    103     19
    25     19     18
    19    103    104
    19    104     53
    19     53     20
    56     55    105
    56    105    106
    56    106    107
    56    107    108
    56    108    109
    56    109    110
    58     57     56
    58     56    110
    58    110    111
    58    111    112
    58    112     60
    58     60     59
   112    113    114
   112    114     61
   112     61     60
    62     61    114
    62    114    115
    62    115     63
    63    115    116
    63    116    117
    63    117    118
    63    118    119
    63    119     64
    64    119    120
    64    120    121
    64    121     67
    64     67     65
   121    122    123
   121    123    124
   121    124    125
   121    125     68
   121     68     67
    68    125    126
    68    126    127
    68    127     69
    70     69    127
    70    127    128
    70    128     72
    70     72     71
    72    128    129
    72    129    130
    72    130     74
    72     74     73
   130    131    132
   130    132    133
   130    133     75
   130     75     74
    75    133    134
    75    134    135
    75    135    136
    75    136     76
    77    137     80
    77     80     78
   138    139    140
   138    140    141
   138    141     81
   138     81     80
   138     80    137
    83    142    143
    83    143    144
    83    144    145
    83    145     84
    37     84    145
    37    145    146
    37    146    147
    37    147     85
    37     85     38
   147    148    149
   147    149     87
   147     87     86
   147     86     85
    87    149    150
    87    150    151
    87    151     89
    87     89     88
   151    152    153
   151    153    154
   151    154     90
   151     90     89
    90    154    155
    90    155     93
    90     93     92
    90     92     91
   155    156    157
   155    157    158
   155    158     94
   155     94     93
    11     47    159
    11    159    160
    11    160     96
    11     96     12
    97     96    160
    97    160    161
    97    161     98
    99     98    161
    99    161    162
    99    162    163
    99    163    100
   101    164    165
   101    165    166
   101    166    102
   101    102     52
   101     52     51
   102    166    167
   102    167    168
   102    168    104
   102    104    103
   104    168    169
   104    169    170
   104    170     54
   104     54     53
    54    170    171
    54    171    105
    54    105     55
   108    172    173
   108    173    174
   108    174    175
   108    175    109
   110    109    175
   110    175    176
   110    176    177
   110    177    111
   111    177    178
   111    178    179
   111    179    113
   111    113    112
   114    113    179
   114    179    180
   114    180    181
   114    181    116
   114    116    115
   116    181    182
   116    182    183
   116    183    117
   117    183    184
   117    184    185
   117    185    118
   118    185    186
   118    186    187
   118    187    188
   118    188    120
   118    120    119
   120    188    189
   120    189    190
   120    190    122
   120    122    121
   190    191    192
   190    192    193
   190    193    194
   190    194    123
   190    123    122
   123    194    195
   123    195    196
   123    196    124
   124    196    197
   124    197    126
   124    126    125
   127    126    197
   127    197    198
   127    198    199
   127    199    129
   127    129    128
   129    199    200
   129    200    201
   129    201    202
   129    202    131
   129    131    130
   202    203    204
   202    204    132
   202    132    131
   132    204    205
   132    205    206
   132    206    134
   132    134    133
   134    206    207
   134    207    208
   134    208    135
    76    136    209
    76    209    138
    76    138    137
    76    137     77
   209    210    211
   209    211    212
   209    212    213
   209    213    139
   209    139    138
    81    141    214
    81    214    215
    81    215    216
    81    216    217
    81    217     82
    82    217    142
    82    142     83
   145    144    218
   145    218    219
   145    219    146
   146    219    220
   146    220    221
   146    221    148
   146    148    147
   221    222    223
   221    223    150
   221    150    149
   221    149    148
   150    223    224
   150    224    225
   150    225    152
   150    152    151
   225    226    227
   225    227    228
   225    228    153
   225    153    152
   153    228    229
   153    229    156
   153    156    155
   153    155    154
   229    230    231
   229    231    157
   229    157    156
    46     95    232
    46    232    233
    46    233    159
    46    159     47
   161    160    159
   161    159    233
   161    233    234
   161    234    162
   162    234    235
   162    235    236
   162    236    237
   162    237    238
   162    238    163
   100    163    238
   100    238    239
   100    239    164
   100    164    101
   165    240    241
   165    241    167
   165    167    166
   167    241    242
   167    242    243
   167    243    169
   167    169    168
   169    243    244
   169    244    245
   169    245    171
   169    171    170
   105    171    245
   105    245    246
   105    246    247
   105    247    106
   106    247    248
   106    248    107
   173    249    250
   173    250    251
   173    251    252
   173    252    253
   173    253    174
   175    174    253
   175    253    254
   175    254    176
   176    254    255
   176    255    256
   176    256    257
   176    257    178
   176    178    177
   178    257    258
   178    258    259
   178    259    180
   178    180    179
   180    259    260
   180    260    261
   180    261    182
   180    182    181
   182    261    262
   182    262    263
   182    263    184
   182    184    183
   184    263    264
   184    264    265
   184    265    186
   184    186    185
   186    265    266
   186    266    267
   186    267    187
   187    267    268
   187    268    269
   187    269    270
   187    270    189
   187    189    188
   189    270    271
   189    271    272
   189    272    273
   189    273    274
   189    274    275
   189    275    191
   189    191    190
   275    276    277
   275    277    278
   275    278    279
   275    279    280
   275    280    192
   275    192    191
   192    280    281
   192    281    282
   192    282    283
   192    283    284
   192    284    193
   193    284    285
   193    285    195
   193    195    194
   197    196    195
   197    195    285
   197    285    286
   197    286    287
   197    287    198
   198    287    288
   198    288    289
   198    289    290
   198    290    200
   198    200    199
   200    290    291
   200    291    292
   200    292    293
   200    293    201
   201    293    294
   201    294    203
   201    203    202
   294    295    296
   294    296    205
   294    205    204
   294    204    203
   205    296    297
   205    297    298
   205    298    207
   205    207    206
   207    298    299
   207    299    300
   207    300    301
   207    301    208
   135    208    301
   135    301    302
   135    302    210
   135    210    209
   135    209    136
   302    303    304
   302    304    305
   302    305    211
   302    211    210
   213    306    307
   213    307    140
   213    140    139
   140    307    214
   140    214    141
   216    308    309
   216    309    143
   216    143    142
   216    142    217
   143    309    310
   143    310    311
   143    311    218
   143    218    144
   218    311    312
   218    312    313
   218    313    220
   218    220    219
   220    313    314
   220    314    222
   220    222    221
   314    315    316
   314    316    317
   314    317    318
   314    318    224
   314    224    223
   314    223    222
   224    318    226
   224    226    225
   317    319    320
   317    320    227
   317    227    226
   317    226    318
   227    320    321
   227    321    230
   227    230    229
   227    229    228
   231    230    321
   231    321    322
    94    158    323
    94    323    324
    94    324    232
    94    232     95
   233    232    324
   233    324    235
   233    235    234
   236    325    326
   236    326    327
   236    327    237
   238    237    327
   238    327    328
   238    328    329
   238    329    239
   239    329    330
   239    330    331
   239    331    240
   239    240    165
   239    165    164
   331    332    333
   331    333    242
   331    242    241
   331    241    240
   242    333    334
   242    334    335
   242    335    244
   242    244    243
   245    244    335
   245    335    336
   245    336    246
   246    336    337
   246    337    338
   246    338    339
   246    339    248
   246    248    247
   107    248    339
   107    339    340
   107    340    341
   107    341    172
   107    172    108
   341    342    249
   341    249    173
   341    173    172
   251    343    344
   251    344    345
   251    345    252
   253    252    345
   253    345    346
   253    346    255
   253    255    254
   255    346    347
   255    347    348
   255    348    349
   255    349    256
   256    349    350
   256    350    351
   256    351    258
   256    258    257
   258    351    352
   258    352    353
   258    353    260
   258    260    259
   260    353    354
   260    354    355
   260    355    262
   260    262    261
   262    355    356
   262    356    357
   262    357    264
   262    264    263
   264    357    358
   264    358    359
   264    359    266
   264    266    265
   266    359    360
   266    360    268
   266    268    267
   269    361    362
   269    362    363
   269    363    271
   269    271    270
   271    363    364
   271    364    272
   274    365    366
   274    366    367
   274    367    368
   274    368    276
   274    276    275
   368    369    370
   368    370    277
   368    277    276
   279    371    281
   279    281    280
   281    371    372
   281    372    282
   285    284    283
   285    283    373
   285    373    374
   285    374    286
   286    374    375
   286    375    376
   286    376    377
   286    377    288
   286    288    287
   288    377    378
   288    378    379
   288    379    289
   289    379    380
   289    380    381
   289    381    291
   289    291    290
   291    381    382
   291    382    383
   291    383    384
   291    384    292
   292    384    385
   292    385    295
   292    295    294
   292    294    293
   385    386    387
   385    387    388
   385    388    297
   385    297    296
   385    296    295
   297    388    389
   297    389    299
   297    299    298
   299    389    390
   299    390    391
   299    391    392
   299    392    300
   301    300    392
   301    392    393
   301    393    303
   301    303    302
   393    394    395
   393    395    396
   393    396    304
   393    304    303
   211    305    397
   211    397    398
   211    398    212
   212    398    399
   212    399    400
   212    400    306
   212    306    213
   214    307    306
   214    306    400
   214    400    401
   214    401    402
   214    402    215
   215    402    403
   215    403    404
   215    404    308
   215    308    216
   404    405    406
   404    406    310
   404    310    309
   404    309    308
   310    406    312
   310    312    311
   312    406    405
   312    405    407
   312    407    408
   312    408    409
   312    409    315
   312    315    314
   312    314    313
   409    410    316
   409    316    315
   408    411    412
   408    412    413
   408    413    410
   408    410    409
   316    410    413
   316    413    414
   316    414    319
   316    319    317
   412    415    416
   412    416    417
   412    417    418
   412    418    414
   412    414    413
   322    321    320
   322    320    319
   322    319    414
   322    414    418
   322    418    419
   419    418    417
   419    417    420
   323    158    157
   323    157    231
   323    231    322
   323    322    419
   323    419    420
   323    420    421
   323    421    422
   323    422    423
   323    423    424
   235    324    323
   235    323    424
   235    424    425
   235    425    325
   235    325    236
   425    426    427
   425    427    326
   425    326    325
   327    326    427
   327    427    428
   327    428    328
   328    428    429
   328    429    430
   328    430    431
   328    431    330
   328    330    329
   330    431    432
   330    432    332
   330    332    331
   432    433    434
   432    434    435
   432    435    334
   432    334    333
   432    333    332
   335    334    435
   335    435    436
   335    436    337
   335    337    336
   337    436    437
   337    437    438
   337    438    338
   339    338    438
   339    438    439
   339    439    340
   340    439    440
   340    440    441
   340    441    342
   340    342    341
   441    442    443
   441    443    250
   441    250    249
   441    249    342
   250    443    444
   250    444    445
   250    445    446
   250    446    343
   250    343    251
   446    447    448
   446    448    449
   446    449    344
   446    344    343
   345    344    449
   345    449    450
   345    450    451
   345    451    347
   345    347    346
   347    451    452
   347    452    453
   347    453    348
   348    453    454
   348    454    455
   348    455    350
   348    350    349
   350    455    456
   350    456    457
   350    457    352
   350    352    351
   352    457    458
   352    458    459
   352    459    354
   352    354    353
   354    459    460
   354    460    461
   354    461    356
   354    356    355
   356    461    462
   356    462    463
   356    463    358
   356    358    357
   358    463    464
   358    464    465
   358    465    360
   358    360    359
   268    360    465
   268    465    466
   268    466    467
   268    467    361
   268    361    269
   467    468    469
   467    469    362
   467    362    361
   272    364    470
   272    470    471
   272    471    273
   273    471    472
   273    472    365
   273    365    274
   367    473    474
   367    474    369
   367    369    368
   474    475    476
   474    476    370
   474    370    369
   277    370    476
   277    476    477
   277    477    478
   277    478    479
   277    479    278
   278    479    480
   278    480    372
   278    372    371
   278    371    279
   282    372    480
   282    480    481
   282    481    482
   282    482    483
   282    483    373
   282    373    283
   373    483    484
   373    484    485
   373    485    486
   373    486    375
   373    375    374
   375    486    487
   375    487    488
   375    488    376
   376    488    489
   376    489    490
   376    490    378
   376    378    377
   378    490    491
   378    491    492
   378    492    493
   378    493    380
   378    380    379
   380    493    494
   380    494    382
   380    382    381
   382    494    495
   382    495    496
   382    496    497
   382    497    383
   383    497    498
   383    498    386
   383    386    385
   383    385    384
   498    499    500
   498    500    387
   498    387    386
   387    500    501
   387    501    502
   387    502    390
   387    390    389
   387    389    388
   390    502    503
   390    503    504
   390    504    505
   390    505    391
   392    391    505
   392    505    506
   392    506    394
   392    394    393
   506    507    508
   506    508    509
   506    509    510
   506    510    395
   506    395    394
   395    510    511
   395    511    512
   395    512    396
   304    396    512
   304    512    513
   304    513    397
   304    397    305
   397    513    514
   397    514    515
   397    515    516
   397    516    399
   397    399    398
   399    516    517
   399    517    518
   399    518    401
   399    401    400
   401    518    519
   401    519    520
   401    520    521
   401    521    403
   401    403    402
   403    521    522
   403    522    407
   403    407    405
   403    405    404
   520    523    524
   520    524    522
   520    522    521
   522    524    525
   522    525    411
   522    411    408
   522    408    407
   526    527    528
   526    528    525
   526    525    524
   526    524    523
   525    528    529
   525    529    415
   525    415    412
   525    412    411
   530    531    532
   530    532    529
   530    529    528
   530    528    527
   416    415    529
   416    529    532
   416    532    533
   533    532    531
   533    531    534
   533    534    535
   533    535    536
   420    417    416
   420    416    533
   420    533    536
   420    536    537
   420    537    421
   536    535    538
   536    538    539
   536    539    540
   536    540    537
   421    537    540
   421    540    541
   421    541    542
   421    542    543
   421    543    544
   421    544    545
   421    545    422
   422    545    546
   422    546    547
   422    547    423
   424    423    547
   424    547    548
   424    548    426
   424    426    425
   427    426    548
   427    548    549
   427    549    429
   427    429    428
   429    549    550
   429    550    551
   429    551    430
   430    551    552
   430    552    433
   430    433    432
   430    432    431
   552    553    554
   552    554    555
   552    555    434
   552    434    433
   435    434    555
   435    555    556
   435    556    437
   435    437    436
   556    555    554
   556    554    557
   556    557    558
   556    558    559
   556    559    560
   438    437    556
   438    556    560
   438    560    561
   438    561    440
   438    440    439
   560    559    562
   560    562    563
   560    563    564
   560    564    561
   440    561    564
   440    564    442
   440    442    441
   564    563    565
   564    565    566
   564    566    444
   564    444    443
   564    443    442
   444    566    567
   444    567    445
   445    567    568
   445    568    569
   445    569    447
   445    447    446
   569    570    571
   569    571    572
   569    572    448
   569    448    447
   449    448    572
   449    572    573
   449    573    450
   450    573    574
   450    574    575
   450    575    452
   450    452    451
   452    575    576
   452    576    577
   452    577    454
   452    454    453
   454    577    578
   454    578    579
   454    579    456
   454    456    455
   456    579    580
   456    580    581
   456    581    458
   456    458    457
   458    581    582
   458    582    583
   458    583    460
   458    460    459
   460    583    584
   460    584    585
   460    585    462
   460    462    461
   462    585    586
   462    586    587
   462    587    464
   462    464    463
   465    464    587
   465    587    588
   465    588    589
   465    589    466
   466    589    590
   466    590    468
   466    468    467
   362    469    591
   362    591    592
   362    592    470
   362    470    364
   362    364    363
   470    592    593
   470    593    594
   470    594    472
   470    472    471
   472    594    595
   472    595    596
   472    596    366
   472    366    365
   366    596    597
   366    597    598
   366    598    473
   366    473    367
   598    599    600
   598    600    601
   598    601    475
   598    475    474
   598    474    473
   476    475    601
   476    601    602
   476    602    477
   477    602    603
   477    603    604
   477    604    605
   477    605    606
   477    606    607
   477    607    478
   478    607    481
   478    481    480
   478    480    479
   481    607    606
   481    606    608
   481    608    609
   481    609    610
   481    610    482
   482    610    611
   482    611    612
   482    612    613
   482    613    484
   482    484    483
   484    613    614
   484    614    615
   484    615    485
   485    615    616
   485    616    617
   485    617    487
   485    487    486
   487    617    618
   487    618    619
   487    619    620
   487    620    489
   487    489    488
   489    620    621
   489    621    491
   489    491    490
   491    621    622
   491    622    623
   491    623    624
   491    624    492
   492    624    625
   492    625    495
   492    495    494
   492    494    493
   495    625    626
   495    626    627
   495    627    628
   495    628    496
   496    628    629
   496    629    499
   496    499    498
   496    498    497
   629    630    631
   629    631    632
   629    632    501
   629    501    500
   629    500    499
   501    632    633
   501    633    503
   501    503    502
   503    633    634
   503    634    635
   503    635    636
   503    636    504
   505    504    636
   505    636    637
   505    637    507
   505    507    506
   637    638    639
   637    639    640
   637    640    641
   637    641    508
   637    508    507
   508    641    642
   508    642    643
   508    643    509
   509    643    644
   509    644    511
   509    511    510
   512    511    644
   512    644    645
   512    645    646
   512    646    514
   512    514    513
   514    646    647
   514    647    515
   515    647    648
   515    648    649
   515    649    650
   515    650    517
   515    517    516
   517    650    651
   517    651    652
   517    652    519
   517    519    518
   651    653    654
   651    654    655
   651    655    656
   651    656    652
   519    652    656
   519    656    657
   519    657    526
   519    526    523
   519    523    520
   656    655    658
   656    658    659
   656    659    660
   656    660    661
   656    661    657
   657    661    662
   657    662    530
   657    530    527
   657    527    526
   660    663    664
   660    664    665
   660    665    662
   660    662    661
   662    665    666
   662    666    534
   662    534    531
   662    531    530
   664    667    668
   664    668    669
   664    669    666
   664    666    665
   534    666    669
   534    669    538
   534    538    535
   538    669    668
   538    668    670
   538    670    539
   540    539    670
   540    670    671
   540    671    672
   540    672    541
   541    672    673
   541    673    674
   541    674    542
   542    674    675
   542    675    676
   542    676    677
   542    677    678
   542    678    543
   543    678    544
   544    678    677
   544    677    679
   544    679    680
   544    680    681
   544    681    682
   544    682    546
   544    546    545
   547    546    682
   547    682    683
   547    683    550
   547    550    549
   547    549    548
   682    681    684
   682    684    685
   682    685    686
   682    686    683
   550    683    686
   550    686    687
   550    687    688
   550    688    553
   550    553    552
   550    552    551
   687    689    690
   687    690    691
   687    691    692
   687    692    688
   554    553    688
   554    688    692
   554    692    693
   554    693    557
   692    691    694
   692    694    695
   692    695    696
   692    696    693
   557    693    696
   557    696    697
   557    697    558
   696    695    698
   696    698    699
   696    699    700
   696    700    697
   558    697    700
   558    700    701
   558    701    562
   558    562    559
   700    699    702
   700    702    703
   700    703    704
   700    704    701
   562    701    704
   562    704    705
   562    705    565
   562    565    563
   704    703    706
   704    706    707
   704    707    708
   704    708    709
   704    709    705
   565    705    709
   565    709    568
   565    568    567
   565    567    566
   568    709    708
   568    708    710
   568    710    711
   568    711    712
   568    712    570
   568    570    569
   711    713    714
   711    714    715
   711    715    716
   711    716    712
   712    716    717
   712    717    571
   712    571    570
   572    571    717
   572    717    718
   572    718    719
   572    719    574
   572    574    573
   574    719    720
   574    720    721
   574    721    576
   574    576    575
   576    721    722
   576    722    723
   576    723    578
   576    578    577
   578    723    724
   578    724    725
   578    725    580
   578    580    579
   580    725    726
   580    726    727
   580    727    582
   580    582    581
   582    727    728
   582    728    729
   582    729    584
   582    584    583
   584    729    730
   584    730    586
   584    586    585
   587    586    730
   587    730    731
   587    731    732
   587    732    588
   588    732    733
   588    733    734
   588    734    590
   588    590    589
   590    734    735
   590    735    736
   590    736    591
   590    591    469
   590    469    468
   591    736    737
   591    737    738
   591    738    593
   591    593    592
   593    738    739
   593    739    595
   593    595    594
   595    739    740
   595    740    741
   595    741    742
   595    742    597
   595    597    596
   597    742    743
   597    743    599
   597    599    598
   743    744    745
   743    745    746
   743    746    600
   743    600    599
   600    746    747
   600    747    603
   600    603    602
   600    602    601
   603    747    748
   603    748    749
   603    749    750
   603    750    604
   604    750    751
   604    751    752
   604    752    605
   605    752    753
   605    753    754
   605    754    608
   605    608    606
   608    754    755
   608    755    756
   608    756    609
   609    756    757
   609    757    758
   609    758    759
   609    759    611
   609    611    610
   611    759    760
   611    760    761
   611    761    612
   612    761    762
   612    762    763
   612    763    614
   612    614    613
   614    763    764
   614    764    765
   614    765    766
   614    766    616
   614    616    615
   616    766    767
   616    767    618
   616    618    617
   618    767    768
   618    768    769
   618    769    770
   618    770    619
   619    770    771
   619    771    622
   619    622    621
   619    621    620
   622    771    772
   622    772    773
   622    773    774
   622    774    623
   623    774    775
   623    775    626
   623    626    625
   623    625    624
   626    775    776
   626    776    777
   626    777    627
   627    777    778
   627    778    779
   627    779    630
   627    630    629
   627    629    628
   779    780    781
   779    781    782
   779    782    631
   779    631    630
   631    782    783
   631    783    634
   631    634    633
   631    633    632
   634    783    784
   634    784    785
   634    785    786
   634    786    787
   634    787    635
   636    635    787
   636    787    638
   636    638    637
   787    786    788
   787    788    789
   787    789    639
   787    639    638
   639    789    790
   639    790    791
   639    791    640
   640    791    792
   640    792    793
   640    793    642
   640    642    641
   644    643    642
   644    642    793
   644    793    794
   644    794    645
   645    794    795
   645    795    796
   645    796    648
   645    648    647
   645    647    646
   648    796    797
   648    797    798
   648    798    649
   649    798    799
   649    799    653
   649    653    651
   649    651    650
   799    800    801
   799    801    802
   799    802    803
   799    803    654
   799    654    653
   654    803    804
   654    804    658
   654    658    655
   802    805    806
   802    806    807
   802    807    804
   802    804    803
   658    804    807
   658    807    808
   658    808    659
   807    806    809
   807    809    810
   807    810    811
   807    811    808
   659    808    811
   659    811    812
   659    812    663
   659    663    660
   811    810    813
   811    813    814
   811    814    815
   811    815    816
   811    816    812
   812    816    817
   812    817    667
   812    667    664
   812    664    663
   817    816    815
   817    815    818
   817    818    819
   817    819    820
   670    668    667
   670    667    817
   670    817    820
   670    820    671
   671    820    819
   671    819    821
   671    821    673
   671    673    672
   673    821    822
   673    822    675
   673    675    674
   675    822    823
   675    823    824
   675    824    825
   675    825    676
   824    826    827
   824    827    828
   824    828    825
   676    825    828
   676    828    679
   676    679    677
   679    828    827
   679    827    829
   679    829    830
   679    830    680
   680    830    831
   680    831    832
   680    832    684
   680    684    681
   684    832    833
   684    833    834
   684    834    685
   686    685    834
   686    834    835
   686    835    836
   686    836    837
   686    837    689
   686    689    687
   836    838    839
   836    839    840
   836    840    841
   836    841    837
   837    841    842
   837    842    690
   837    690    689
   840    843    844
   840    844    845
   840    845    842
   840    842    841
   690    842    845
   690    845    846
   690    846    694
   690    694    691
   845    844    847
   845    847    848
   845    848    849
   845    849    846
   694    846    849
   694    849    850
   694    850    698
   694    698    695
   849    848    851
   849    851    852
   849    852    853
   849    853    854
   849    854    850
   698    850    854
   698    854    855
   698    855    702
   698    702    699
   854    853    856
   854    856    857
   854    857    858
   854    858    859
   854    859    855
   702    855    859
   702    859    706
   702    706    703
   706    859    858
   706    858    860
   706    860    861
   706    861    862
   706    862    863
   706    863    707
   708    707    863
   708    863    710
   710    863    862
   710    862    864
   710    864    713
   710    713    711
   864    865    866
   864    866    714
   864    714    713
   714    866    867
   714    867    868
   714    868    869
   714    869    870
   714    870    715
   717    716    715
   717    715    870
   717    870    871
   717    871    718
   718    871    872
   718    872    873
   718    873    874
   718    874    720
   718    720    719
   720    874    875
   720    875    722
   720    722    721
   722    875    876
   722    876    877
   722    877    724
   722    724    723
   724    877    878
   724    878    879
   724    879    726
   724    726    725
   726    879    880
   726    880    881
   726    881    728
   726    728    727
   730    729    728
   730    728    881
   730    881    882
   730    882    731
   731    882    883
   731    883    884
   731    884    733
   731    733    732
   733    884    885
   733    885    886
   733    886    735
   733    735    734
   735    886    887
   735    887    888
   735    888    737
   735    737    736
   737    888    889
   737    889    740
   737    740    739
   737    739    738
   740    889    890
   740    890    891
   740    891    892
   740    892    741
   741    892    893
   741    893    744
   741    744    743
   741    743    742
   893    894    895
   893    895    896
   893    896    745
   893    745    744
   745    896    897
   745    897    748
   745    748    747
   745    747    746
   748    897    898
   748    898    899
   748    899    900
   748    900    749
   749    900    901
   749    901    751
   749    751    750
   751    901    902
   751    902    903
   751    903    753
   751    753    752
   753    903    904
   753    904    905
   753    905    755
   753    755    754
   755    905    906
   755    906    907
   755    907    757
   755    757    756
   757    907    908
   757    908    909
   757    909    758
   758    909    910
   758    910    911
   758    911    760
   758    760    759
   760    911    912
   760    912    913
   760    913    914
   760    914    762
   760    762    761
   762    914    915
   762    915    764
   762    764    763
   764    915    916
   764    916    917
   764    917    765
   765    917    918
   765    918    919
   765    919    768
   765    768    767
   765    767    766
   768    919    920
   768    920    921
   768    921    922
   768    922    769
   769    922    923
   769    923    772
   769    772    771
   769    771    770
   772    923    924
   772    924    925
   772    925    773
   773    925    926
   773    926    927
   773    927    776
   773    776    775
   773    775    774
   776    927    928
   776    928    929
   776    929    778
   776    778    777
   778    929    930
   778    930    931
   778    931    780
   778    780    779
   931    932    933
   931    933    781
   931    781    780
   781    933    934
   781    934    784
   781    784    783
   781    783    782
   784    934    935
   784    935    936
   784    936    785
   785    936    937
   785    937    788
   785    788    786
   788    937    938
   788    938    790
   788    790    789
   790    938    939
   790    939    792
   790    792    791
   793    792    939
   793    939    940
   793    940    941
   793    941    795
   793    795    794
   795    941    942
   795    942    797
   795    797    796
   797    942    943
   797    943    800
   797    800    799
   797    799    798
   943    944    945
   943    945    946
   943    946    801
   943    801    800
   801    946    947
   801    947    948
   801    948    805
   801    805    802
   947    949    950
   947    950    951
   947    951    952
   947    952    948
   948    952    953
   948    953    809
   948    809    806
   948    806    805
   951    954    955
   951    955    956
   951    956    953
   951    953    952
   809    953    956
   809    956    957
   809    957    813
   809    813    810
   956    955    958
   956    958    959
   956    959    960
   956    960    957
   813    957    960
   813    960    961
   813    961    814
   960    959    962
   960    962    963
   960    963    964
   960    964    965
   960    965    961
   814    961    965
   814    965    966
   814    966    818
   814    818    815
   964    963    967
   964    967    968
   966    965    964
   966    964    968
   966    968    969
   970    971    972
   970    972    973
   970    973    974
   970    974    975
   970    975    976
   823    976    975
   823    975    977
   823    977    826
   823    826    824
   827    826    977
   827    977    978
   827    978    829
   975    974    979
   975    979    980
   975    980    978
   975    978    977
   829    978    980
   829    980    981
   829    981    831
   829    831    830
   831    981    982
   831    982    983
   831    983    833
   831    833    832
   834    833    983
   834    983    984
   834    984    835
   835    984    985
   835    985    986
   835    986    838
   835    838    836
   986    987    988
   986    988    839
   986    839    838
   989    990    991
   989    991    992
   989    992    988
   989    988    987
   839    988    992
   839    992    993
   839    993    843
   839    843    840
   992    991    994
   992    994    995
   992    995    996
   992    996    993
   993    996    997
   993    997    847
   993    847    844
   993    844    843
   995    998    999
   995    999   1000
   995   1000    997
   995    997    996
   847    997   1000
   847   1000   1001
   847   1001    851
   847    851    848
   851   1001   1002
   851   1002   1003
   851   1003   1004
   851   1004    852
   852   1004   1005
   852   1005    856
   852    856    853
   856   1005   1006
   856   1006   1007
   856   1007   1008
   856   1008    857
   858    857   1008
   858   1008   1009
   858   1009    860
   860   1009   1010
   860   1010   1011
   860   1011    861
   862    861   1011
   862   1011    865
   862    865    864
  1011   1010   1012
  1011   1012   1013
  1011   1013    867
  1011    867    866
  1011    866    865
   867   1013   1014
   867   1014   1015
   867   1015    868
   870    869   1016
   870   1016    872
   870    872    871
   872   1016   1017
   872   1017   1018
   872   1018   1019
   872   1019    873
   873   1019   1020
   873   1020    876
   873    876    875
   873    875    874
   876   1020   1021
   876   1021   1022
   876   1022    878
   876    878    877
   878   1022   1023
   878   1023   1024
   878   1024    880
   878    880    879
   881    880   1024
   881   1024   1025
   881   1025    883
   881    883    882
   883   1025   1026
   883   1026   1027
   883   1027    885
   883    885    884
   885   1027   1028
   885   1028   1029
   885   1029    887
   885    887    886
   887   1029   1030
   887   1030    890
   887    890    889
   887    889    888
   890   1030   1031
   890   1031   1032
   890   1032   1033
   890   1033    891
   891   1033   1034
   891   1034    894
   891    894    893
   891    893    892
  1034   1035   1036
  1034   1036   1037
  1034   1037    895
  1034    895    894
   895   1037   1038
   895   1038    898
   895    898    897
   895    897    896
   898   1038   1039
   898   1039   1040
   898   1040   1041
   898   1041    899
   899   1041   1042
   899   1042    902
   899    902    901
   899    901    900
   902   1042   1043
   902   1043   1044
   902   1044    904
   902    904    903
   904   1044   1045
   904   1045    906
   904    906    905
   906   1045   1046
   906   1046   1047
   906   1047   1048
   906   1048    908
   906    908    907
   908   1048   1049
   908   1049   1050
   908   1050   1051
   908   1051    910
   908    910    909
   910   1051   1052
   910   1052    912
   910    912    911
   912   1052   1053
   912   1053   1054
   912   1054    913
   913   1054   1055
   913   1055   1056
   913   1056    916
   913    916    915
   913    915    914
   916   1056   1057
   916   1057   1058
   916   1058    918
   916    918    917
   918   1058   1059
   918   1059   1060
   918   1060    920
   918    920    919
   920   1060   1061
   920   1061   1062
   920   1062    921
   921   1062   1063
   921   1063   1064
   921   1064    924
   921    924    923
   921    923    922
   924   1064   1065
   924   1065   1066
   924   1066    926
   924    926    925
   926   1066   1067
   926   1067   1068
   926   1068    928
   926    928    927
   928   1068   1069
   928   1069    930
   928    930    929
   930   1069   1070
   930   1070   1071
   930   1071    932
   930    932    931
  1070   1072   1073
  1070   1073   1074
  1070   1074   1071
  1071   1074    935
  1071    935    934
  1071    934    933
  1071    933    932
   939    938    937
   939    937    936
   939    936    935
   939    935   1074
   939   1074   1073
   939   1073   1075
   939   1075   1076
   939   1076    940
  1075   1077   1078
  1075   1078   1079
  1075   1079   1076
   940   1076   1079
   940   1079   1080
   940   1080    944
   940    944    943
   940    943    942
   940    942    941
  1080   1081   1082
  1080   1082   1083
  1080   1083   1084
  1080   1084    945
  1080    945    944
   945   1084    949
   945    949    947
   945    947    946
  1083   1085   1086
  1083   1086    950
  1083    950    949
  1083    949   1084
   950   1086   1087
   950   1087    954
   950    954    951
  1088   1089   1090
  1088   1090   1087
  1088   1087   1086
  1088   1086   1085
  1087   1090   1091
  1087   1091    958
  1087    958    955
  1087    955    954
  1092   1093   1094
  1092   1094   1091
  1092   1091   1090
  1092   1090   1089
   958   1091   1094
   958   1094   1095
   958   1095    962
   958    962    959
  1095   1094   1093
  1095   1093   1096
  1095   1096   1097
  1095   1097   1098
   967    963    962
   967    962   1095
   967   1095   1098
   967   1098   1099
  1099   1098   1097
  1099   1097   1100
  1099   1100   1101
  1099   1101   1102
   969    968    967
   969    967   1099
   969   1099   1102
   969   1102    971
   969    971    970
  1102   1101   1103
  1102   1103   1104
  1102   1104   1105
  1102   1105    972
  1102    972    971
   972   1105   1106
   972   1106   1107
   972   1107    973
   973   1107   1108
   973   1108    979
   973    979    974
  1108   1107   1106
  1108   1106   1109
  1108   1109   1110
   980    979   1108
   980   1108   1110
   980   1110   1111
   980   1111    982
   980    982    981
   983    982   1111
   983   1111   1112
   983   1112   1113
   983   1113   1114
   983   1114   1115
   983   1115   1116
   983   1116    985
   983    985    984
   985   1116   1117
   985   1117   1118
   985   1118    989
   985    989    987
   985    987    986
  1117   1119   1120
  1117   1120   1121
  1117   1121   1122
  1117   1122   1118
  1118   1122   1123
  1118   1123    990
  1118    990    989
  1121   1124   1125
  1121   1125   1123
  1121   1123   1122
  1123   1125   1126
  1123   1126   1127
  1123   1127    994
  1123    994    991
  1123    991    990
  1126   1128   1129
  1126   1129   1130
  1126   1130   1127
   994   1127   1130
   994   1130   1131
   994   1131    998
   994    998    995
  1131   1132   1133
  1131   1133   1134
  1131   1134    999
  1131    999    998
  1000    999   1134
  1000   1134   1135
  1000   1135   1002
  1000   1002   1001
  1002   1135   1136
  1002   1136   1137
  1002   1137   1138
  1002   1138   1003
  1003   1138   1139
  1003   1139   1140
  1003   1140   1006
  1003   1006   1005
  1003   1005   1004
  1006   1140   1141
  1006   1141   1142
  1006   1142   1007
  1008   1007   1142
  1008   1142   1012
  1008   1012   1010
  1008   1010   1009
  1012   1142   1141
  1012   1141   1143
  1012   1143   1014
  1012   1014   1013
  1141   1140   1139
  1141   1139   1144
  1141   1144   1143
   868   1015   1145
   868   1145   1017
   868   1017   1016
   868   1016    869
  1017   1145   1146
  1017   1146   1147
  1017   1147   1018
  1018   1147   1148
  1018   1148   1021
  1018   1021   1020
  1018   1020   1019
  1021   1148   1149
  1021   1149   1023
  1021   1023   1022
  1024   1023   1149
  1024   1149   1150
  1024   1150   1151
  1024   1151   1026
  1024   1026   1025
  1026   1151   1152
  1026   1152   1153
  1026   1153   1028
  1026   1028   1027
  1028   1153   1154
  1028   1154   1031
  1028   1031   1030
  1028   1030   1029
  1031   1154   1155
  1031   1155   1156
  1031   1156   1157
  1031   1157   1032
  1032   1157   1158
  1032   1158   1035
  1032   1035   1034
  1032   1034   1033
  1158   1159   1160
  1158   1160   1161
  1158   1161   1036
  1158   1036   1035
  1036   1161   1162
  1036   1162   1039
  1036   1039   1038
  1036   1038   1037
  1039   1162   1163
  1039   1163   1164
  1039   1164   1165
  1039   1165   1040
  1040   1165   1043
  1040   1043   1042
  1040   1042   1041
  1043   1165   1164
  1043   1164   1166
  1043   1166   1046
  1043   1046   1045
  1043   1045   1044
  1046   1166   1167
  1046   1167   1168
  1046   1168   1169
  1046   1169   1047
  1047   1169   1170
  1047   1170   1049
  1047   1049   1048
  1049   1170   1171
  1049   1171   1172
  1049   1172   1173
  1049   1173   1050
  1050   1173   1174
  1050   1174   1053
  1050   1053   1052
  1050   1052   1051
  1053   1174   1175
  1053   1175   1176
  1053   1176   1055
  1053   1055   1054
  1055   1176   1177
  1055   1177   1178
  1055   1178   1057
  1055   1057   1056
  1057   1178   1179
  1057   1179   1059
  1057   1059   1058
  1059   1179   1180
  1059   1180   1181
  1059   1181   1061
  1059   1061   1060
  1061   1181   1182
  1061   1182   1183
  1061   1183   1063
  1061   1063   1062
  1063   1183   1184
  1063   1184   1065
  1063   1065   1064
  1065   1184   1185
  1065   1185   1186
  1065   1186   1187
  1065   1187   1067
  1065   1067   1066
  1067   1187   1188
  1067   1188   1072
  1067   1072   1070
  1067   1070   1069
  1067   1069   1068
  1186   1189   1190
  1186   1190   1191
  1186   1191   1192
  1186   1192   1188
  1186   1188   1187
  1073   1072   1188
  1073   1188   1192
  1073   1192   1077
  1073   1077   1075
  1192   1191   1193
  1192   1193   1078
  1192   1078   1077
  1193   1191   1190
  1193   1190   1194
  1193   1194   1195
  1079   1078   1193
  1079   1193   1195
  1079   1195   1196
  1079   1196   1081
  1079   1081   1080
  1196   1197   1198
  1196   1198   1199
  1196   1199   1200
  1196   1200   1082
  1196   1082   1081
  1082   1200   1201
  1082   1201   1088
  1082   1088   1085
  1082   1085   1083
  1199   1202   1203
  1199   1203   1201
  1199   1201   1200
  1201   1203   1204
  1201   1204   1092
  1201   1092   1089
  1201   1089   1088
  1205   1206   1207
  1205   1207   1204
  1205   1204   1203
  1205   1203   1202
  1204   1207   1208
  1204   1208   1096
  1204   1096   1093
  1204   1093   1092
  1208   1207   1206
  1208   1206   1209
  1208   1209   1210
  1208   1210   1211
  1097   1096   1208
  1097   1208   1211
  1097   1211   1212
  1097   1212   1100
  1211   1210   1213
  1211   1213   1214
  1211   1214   1212
  1100   1212   1214
  1100   1214   1215
  1100   1215   1103
  1100   1103   1101
  1103   1215   1216
  1103   1216   1217
  1103   1217   1218
  1103   1218   1104
  1109   1106   1105
  1109   1105   1104
  1109   1104   1218
  1109   1218   1219
  1111   1110   1109
  1111   1109   1219
  1111   1219   1220
  1111   1220   1112
  1112   1220   1221
  1112   1221   1222
  1112   1222   1113
  1113   1222   1223
  1113   1223   1224
  1113   1224   1225
  1113   1225   1114
  1114   1225   1226
  1114   1226   1227
  1114   1227   1228
  1114   1228   1115
  1115   1228   1229
  1115   1229   1119
  1115   1119   1117
  1115   1117   1116
  1229   1230   1231
  1229   1231   1232
  1229   1232   1233
  1229   1233   1120
  1229   1120   1119
  1120   1233   1234
  1120   1234   1124
  1120   1124   1121
  1232   1235   1236
  1232   1236   1237
  1232   1237   1234
  1232   1234   1233
  1234   1237   1238
  1234   1238   1128
  1234   1128   1126
  1234   1126   1125
  1234   1125   1124
  1238   1239   1240
  1238   1240   1241
  1238   1241   1129
  1238   1129   1128
  1130   1129   1241
  1130   1241   1242
  1130   1242   1132
  1130   1132   1131
  1242   1243   1244
  1242   1244   1245
  1242   1245   1133
  1242   1133   1132
  1134   1133   1245
  1134   1245   1246
  1134   1246   1247
  1134   1247   1136
  1134   1136   1135
  1136   1247   1248
  1136   1248   1137
  1144   1139   1138
  1144   1138   1137
  1144   1137   1248
  1144   1248   1249
  1249   1248   1247
  1249   1247   1246
  1249   1246   1250
  1249   1250   1251
  1251   1250   1252
  1251   1252   1253
  1251   1253   1254
  1251   1254   1255
  1251   1255   1256
  1014   1143   1144
  1014   1144   1249
  1014   1249   1251
  1014   1251   1256
  1014   1256   1257
  1014   1257   1146
  1014   1146   1145
  1014   1145   1015
  1257   1256   1255
  1257   1255   1258
  1257   1258   1259
  1257   1259   1260
  1149   1148   1147
  1149   1147   1146
  1149   1146   1257
  1149   1257   1260
  1149   1260   1150
  1150   1260   1259
  1150   1259   1261
  1150   1261   1262
  1150   1262   1152
  1150   1152   1151
  1152   1262   1263
  1152   1263   1155
  1152   1155   1154
  1152   1154   1153
  1155   1263   1264
  1155   1264   1265
  1155   1265   1156
  1156   1265   1266
  1156   1266   1159
  1156   1159   1158
  1156   1158   1157
  1266   1267   1268
  1266   1268   1269
  1266   1269   1160
  1266   1160   1159
  1160   1269   1270
  1160   1270   1163
  1160   1163   1162
  1160   1162   1161
  1268   1271   1272
  1268   1272   1273
  1268   1273   1270
  1268   1270   1269
  1163   1270   1273
  1163   1273   1167
  1163   1167   1166
  1163   1166   1164
  1167   1273   1272
  1167   1272   1274
  1167   1274   1275
  1167   1275   1168
  1274   1276   1277
  1274   1277   1278
  1274   1278   1279
  1274   1279   1275
  1168   1275   1279
  1168   1279   1171
  1168   1171   1170
  1168   1170   1169
  1171   1279   1278
  1171   1278   1280
  1171   1280   1281
  1171   1281   1172
  1172   1281   1282
  1172   1282   1175
  1172   1175   1174
  1172   1174   1173
  1175   1282   1283
  1175   1283   1177
  1175   1177   1176
  1177   1283   1284
  1177   1284   1180
  1177   1180   1179
  1177   1179   1178
  1180   1284   1285
  1180   1285   1286
  1180   1286   1287
  1180   1287   1182
  1180   1182   1181
  1182   1287   1288
  1182   1288   1185
  1182   1185   1184
  1182   1184   1183
  1286   1289   1290
  1286   1290   1291
  1286   1291   1288
  1286   1288   1287
  1185   1288   1291
  1185   1291   1292
  1185   1292   1189
  1185   1189   1186
  1291   1290   1293
  1291   1293   1294
  1291   1294   1295
  1291   1295   1296
  1291   1296   1292
  1292   1296   1297
  1292   1297   1194
  1292   1194   1190
  1292   1190   1189
  1195   1194   1297
  1195   1297   1298
  1195   1298   1197
  1195   1197   1196
  1297   1296   1295
  1297   1295   1299
  1297   1299   1298
  1298   1299   1300
  1298   1300   1301
  1298   1301   1302
  1298   1302   1303
  1298   1303   1198
  1298   1198   1197
  1302   1304   1305
  1302   1305   1306
  1302   1306   1307
  1302   1307   1303
  1198   1303   1307
  1198   1307   1308
  1198   1308   1205
  1198   1205   1202
  1198   1202   1199
  1307   1306   1309
  1307   1309   1310
  1307   1310   1311
  1307   1311   1308
  1308   1311   1312
  1308   1312   1209
  1308   1209   1206
  1308   1206   1205
  1310   1313   1314
  1310   1314   1312
  1310   1312   1311
  1312   1314   1315
  1312   1315   1213
  1312   1213   1210
  1312   1210   1209
  1315   1314   1313
  1315   1313   1316
  1315   1316   1317
  1315   1317   1318
  1214   1213   1315
  1214   1315   1318
  1214   1318   1319
  1214   1319   1216
  1214   1216   1215
  1217   1216   1319
  1217   1319   1320
  1217   1320   1321
  1217   1321   1322
  1217   1322   1323
  1219   1218   1217
  1219   1217   1323
  1219   1323   1324
  1219   1324   1221
  1219   1221   1220
  1221   1324   1325
  1221   1325   1326
  1221   1326   1223
  1221   1223   1222
  1223   1326   1327
  1223   1327   1328
  1223   1328   1224
  1224   1328   1329
  1224   1329   1330
  1224   1330   1331
  1224   1331   1226
  1224   1226   1225
  1226   1331   1332
  1226   1332   1333
  1226   1333   1334
  1226   1334   1227
  1227   1334   1335
  1227   1335   1230
  1227   1230   1229
  1227   1229   1228
  1335   1336   1337
  1335   1337   1338
  1335   1338   1231
  1335   1231   1230
  1231   1338   1339
  1231   1339   1235
  1231   1235   1232
  1339   1340   1341
  1339   1341   1236
  1339   1236   1235
  1236   1341   1342
  1236   1342   1239
  1236   1239   1238
  1236   1238   1237
  1343   1240   1239
  1343   1239   1342
  1343   1342   1344
  1343   1344   1345
  1241   1240   1343
  1241   1343   1243
  1241   1243   1242
  1252   1244   1243
  1252   1243   1343
  1252   1343   1345
  1252   1345   1346
  1252   1346   1253
  1246   1245   1244
  1246   1244   1252
  1246   1252   1250
  1253   1346   1347
  1253   1347   1348
  1253   1348   1349
  1253   1349   1254
  1349   1348   1350
  1349   1350   1351
  1349   1351   1352
  1255   1254   1349
  1255   1349   1352
  1255   1352   1353
  1255   1353   1354
  1255   1354   1258
  1354   1353   1355
  1354   1355   1356
  1354   1356   1357
  1354   1357   1358
  1354   1358   1359
  1259   1258   1354
  1259   1354   1359
  1259   1359   1261
  1261   1359   1358
  1261   1358   1360
  1261   1360   1361
  1261   1361   1362
  1261   1362   1363
  1261   1363   1264
  1261   1264   1263
  1261   1263   1262
  1264   1363   1364
  1264   1364   1267
  1264   1267   1266
  1264   1266   1265
  1362   1365   1366
  1362   1366   1364
  1362   1364   1363
  1364   1366   1367
  1364   1367   1271
  1364   1271   1268
  1364   1268   1267
  1368   1369   1370
  1368   1370   1371
  1368   1371   1367
  1368   1367   1366
  1368   1366   1365
  1272   1271   1367
  1272   1367   1371
  1272   1371   1276
  1272   1276   1274
  1371   1370   1372
  1371   1372   1277
  1371   1277   1276
  1372   1370   1369
  1372   1369   1373
  1372   1373   1374
  1278   1277   1372
  1278   1372   1374
  1278   1374   1375
  1278   1375   1280
  1374   1373   1376
  1374   1376   1377
  1374   1377   1378
  1374   1378   1379
  1374   1379   1375
  1280   1375   1379
  1280   1379   1380
  1280   1380   1381
  1280   1381   1285
  1280   1285   1284
  1280   1284   1283
  1280   1283   1282
  1280   1282   1281
  1380   1382   1383
  1380   1383   1384
  1380   1384   1385
  1380   1385   1386
  1380   1386   1381
  1285   1381   1386
  1285   1386   1387
  1285   1387   1289
  1285   1289   1286
  1386   1385   1388
  1386   1388   1389
  1386   1389   1390
  1386   1390   1387
  1387   1390   1391
  1387   1391   1293
  1387   1293   1290
  1387   1290   1289
  1389   1392   1393
  1389   1393   1391
  1389   1391   1390
  1293   1391   1393
  1293   1393   1394
  1293   1394   1294
  1294   1394   1395
  1294   1395   1300
  1294   1300   1299
  1294   1299   1295
  1300   1395   1396
  1300   1396   1397
  1300   1397   1301
  1301   1397   1398
  1301   1398   1399
  1301   1399   1304
  1301   1304   1302
  1399   1400   1401
  1399   1401   1402
  1399   1402   1305
  1399   1305   1304
  1305   1402   1403
  1305   1403   1404
  1305   1404   1309
  1305   1309   1306
  1403   1405   1406
  1403   1406   1404
  1309   1404   1406
  1309   1406   1316
  1309   1316   1313
  1309   1313   1310
  1317   1316   1406
  1317   1406   1405
  1317   1405   1407
  1317   1407   1408
  1317   1408   1409
  1319   1318   1317
  1319   1317   1409
  1319   1409   1320
  1321   1410   1411
  1321   1411   1412
  1321   1412   1322
  1323   1322   1412
  1323   1412   1413
  1323   1413   1414
  1323   1414   1325
  1323   1325   1324
  1325   1414   1415
  1325   1415   1327
  1325   1327   1326
  1327   1415   1416
  1327   1416   1329
  1327   1329   1328
  1330   1417   1418
  1330   1418   1419
  1330   1419   1332
  1330   1332   1331
  1332   1419   1420
  1332   1420   1421
  1332   1421   1422
  1332   1422   1333
  1333   1422   1423
  1333   1423   1336
  1333   1336   1335
  1333   1335   1334
  1423   1424   1425
  1423   1425   1426
  1423   1426   1337
  1423   1337   1336
  1337   1426   1427
  1337   1427   1340
  1337   1340   1339
  1337   1339   1338
  1425   1428   1429
  1425   1429   1427
  1425   1427   1426
  1427   1429   1430
  1427   1430   1344
  1427   1344   1342
  1427   1342   1341
  1427   1341   1340
  1347   1430   1429
  1347   1429   1428
  1347   1428   1431
  1347   1431   1350
  1347   1350   1348
  1345   1344   1430
  1345   1430   1347
  1345   1347   1346
  1352   1351   1432
  1352   1432   1433
  1352   1433   1434
  1352   1434   1355
  1352   1355   1353
  1355   1434   1435
  1355   1435   1436
  1355   1436   1437
  1355   1437   1356
  1356   1437   1438
  1356   1438   1439
  1356   1439   1440
  1356   1440   1357
  1440   1439   1441
  1440   1441   1442
  1440   1442   1443
  1358   1357   1440
  1358   1440   1443
  1358   1443   1444
  1358   1444   1445
  1358   1445   1446
  1358   1446   1360
  1360   1446   1447
  1360   1447   1448
  1360   1448   1449
  1360   1449   1450
  1360   1450   1361
  1361   1450   1451
  1361   1451   1368
  1361   1368   1365
  1361   1365   1362
  1449   1452   1453
  1449   1453   1454
  1449   1454   1451
  1449   1451   1450
  1451   1454   1376
  1451   1376   1373
  1451   1373   1369
  1451   1369   1368
  1453   1377   1376
  1453   1376   1454
  1455   1378   1377
  1455   1377   1453
  1455   1453   1452
  1379   1378   1455
  1379   1455   1456
  1379   1456   1457
  1379   1457   1382
  1379   1382   1380
  1457   1458   1459
  1457   1459   1460
  1457   1460   1383
  1457   1383   1382
  1383   1460   1461
  1383   1461   1462
  1383   1462   1463
  1383   1463   1464
  1383   1464   1384
  1463   1465   1466
  1463   1466   1467
  1463   1467   1464
  1384   1464   1467
  1384   1467   1468
  1384   1468   1469
  1384   1469   1388
  1384   1388   1385
  1468   1470   1471
  1468   1471   1469
  1388   1469   1471
  1388   1471   1472
  1388   1472   1392
  1388   1392   1389
  1393   1392   1472
  1393   1472   1473
  1393   1473   1396
  1393   1396   1395
  1393   1395   1394
  1396   1473   1474
  1396   1474   1475
  1396   1475   1398
  1396   1398   1397
  1398   1475   1476
  1398   1476   1477
  1398   1477   1400
  1398   1400   1399
  1477   1478   1479
  1477   1479   1480
  1477   1480   1481
  1477   1481   1401
  1477   1401   1400
  1401   1481   1407
  1401   1407   1405
  1401   1405   1403
  1401   1403   1402
  1408   1407   1481
  1408   1481   1480
  1408   1480   1482
  1320   1409   1408
  1320   1408   1482
  1320   1482   1483
  1320   1483   1410
  1320   1410   1321
  1483   1484   1485
  1483   1485   1411
  1483   1411   1410
  1412   1411   1485
  1412   1485   1486
  1412   1486   1487
  1412   1487   1413
  1413   1487   1488
  1413   1488   1416
  1413   1416   1415
  1413   1415   1414
  1329   1416   1488
  1329   1488   1489
  1329   1489   1417
  1329   1417   1330
  1418   1490   1491
  1418   1491   1420
  1418   1420   1419
  1420   1491   1492
  1420   1492   1493
  1420   1493   1494
  1420   1494   1421
  1421   1494   1495
  1421   1495   1496
  1421   1496   1424
  1421   1424   1423
  1421   1423   1422
  1495   1497   1498
  1495   1498   1496
  1496   1498   1499
  1496   1499   1431
  1496   1431   1428
  1496   1428   1425
  1496   1425   1424
  1432   1499   1498
  1432   1498   1497
  1432   1497   1500
  1432   1500   1433
  1350   1431   1499
  1350   1499   1432
  1350   1432   1351
  1436   1501   1502
  1436   1502   1438
  1436   1438   1437
  1438   1502   1503
  1438   1503   1441
  1438   1441   1439
  1443   1442   1504
  1443   1504   1505
  1443   1505   1444
  1444   1505   1506
  1444   1506   1507
  1444   1507   1445
  1445   1507   1508
  1445   1508   1509
  1445   1509   1510
  1445   1510   1511
  1445   1511   1512
  1445   1512   1447
  1445   1447   1446
  1447   1512   1513
  1447   1513   1514
  1447   1514   1515
  1447   1515   1516
  1447   1516   1448
  1448   1516   1456
  1448   1456   1455
  1448   1455   1452
  1448   1452   1449
  1515   1458   1457
  1515   1457   1456
  1515   1456   1516
  1514   1517   1459
  1514   1459   1458
  1514   1458   1515
  1518   1461   1460
  1518   1460   1459
  1518   1459   1517
  1519   1520   1462
  1519   1462   1461
  1519   1461   1518
  1462   1520   1521
  1462   1521   1522
  1462   1522   1523
  1462   1523   1465
  1462   1465   1463
  1523   1524   1525
  1523   1525   1466
  1523   1466   1465
  1467   1466   1525
  1467   1525   1526
  1467   1526   1470
  1467   1470   1468
  1471   1470   1526
  1471   1526   1474
  1471   1474   1473
  1471   1473   1472
  1474   1526   1525
  1474   1525   1524
  1474   1524   1527
  1474   1527   1528
  1474   1528   1529
  1474   1529   1530
  1474   1530   1531
  1474   1531   1476
  1474   1476   1475
  1476   1531   1478
  1476   1478   1477
  1479   1478   1531
  1479   1531   1530
  1479   1530   1532
  1479   1532   1533
  1479   1533   1534
  1482   1480   1479
  1482   1479   1534
  1482   1534   1535
  1482   1535   1536
  1482   1536   1484
  1482   1484   1483
  1537   1536   1535
  1537   1535   1538
  1485   1484   1536
  1485   1536   1537
  1485   1537   1486
  1488   1487   1486
  1488   1486   1537
  1488   1537   1538
  1488   1538   1539
  1488   1539   1489
  1489   1539   1540
  1489   1540   1541
  1489   1541   1542
  1489   1542   1490
  1489   1490   1418
  1489   1418   1417
  1542   1543   1492
  1542   1492   1491
  1542   1491   1490
  1492   1543   1544
  1492   1544   1545
  1492   1545   1493
  1493   1545   1546
  1493   1546   1500
  1493   1500   1497
  1493   1497   1495
  1493   1495   1494
  1435   1546   1545
  1435   1545   1544
  1435   1544   1547
  1435   1547   1501
  1435   1501   1436
  1433   1500   1546
  1433   1546   1435
  1433   1435   1434
  1441   1503   1548
  1441   1548   1549
  1441   1549   1550
  1441   1550   1504
  1441   1504   1442
  1504   1550   1551
  1504   1551   1552
  1504   1552   1506
  1504   1506   1505
  1506   1552   1553
  1506   1553   1508
  1506   1508   1507
  1510   1554   1555
  1510   1555   1511
  1511   1555   1556
  1511   1556   1557
  1511   1557   1513
  1511   1513   1512
  1513   1557   1558
  1513   1558   1519
  1513   1519   1518
  1513   1518   1517
  1513   1517   1514
  1556   1559   1560
  1556   1560   1558
  1556   1558   1557
  1558   1560   1521
  1558   1521   1520
  1558   1520   1519
  1561   1562   1522
  1561   1522   1521
  1561   1521   1560
  1561   1560   1559
  1522   1562   1563
  1522   1563   1527
  1522   1527   1524
  1522   1524   1523
  1527   1563   1564
  1527   1564   1565
  1527   1565   1528
  1528   1565   1566
  1528   1566   1567
  1528   1567   1568
  1528   1568   1529
  1529   1568   1569
  1529   1569   1532
  1529   1532   1530
  1533   1532   1569
  1533   1569   1570
  1533   1570   1571
  1533   1571   1572
  1538   1535   1534
  1538   1534   1533
  1538   1533   1572
  1538   1572   1540
  1538   1540   1539
  1540   1572   1571
  1540   1571   1573
  1540   1573   1574
  1540   1574   1541
  1573   1575   1576
  1573   1576   1574
  1541   1574   1576
  1541   1576   1577
  1541   1577   1578
  1541   1578   1547
  1541   1547   1544
  1541   1544   1543
  1541   1543   1542
  1548   1578   1577
  1548   1577   1549
  1547   1578   1548
  1547   1548   1503
  1547   1503   1502
  1547   1502   1501
  1551   1579   1580
  1551   1580   1581
  1551   1581   1553
  1551   1553   1552
  1508   1553   1581
  1508   1581   1582
  1508   1582   1583
  1508   1583   1509
  1509   1583   1584
  1509   1584   1585
  1509   1585   1586
  1509   1586   1554
  1509   1554   1510
  1586   1587   1561
  1586   1561   1559
  1586   1559   1556
  1586   1556   1555
  1586   1555   1554
  1585   1588   1589
  1585   1589   1587
  1585   1587   1586
  1589   1564   1563
  1589   1563   1562
  1589   1562   1561
  1589   1561   1587
  1590   1591   1566
  1590   1566   1565
  1590   1565   1564
  1590   1564   1589
  1590   1589   1588
  1592   1567   1566
  1592   1566   1591
  1592   1591   1593
  1594   1570   1569
  1594   1569   1568
  1594   1568   1567
  1594   1567   1592
  1571   1570   1594
  1571   1594   1595
  1571   1595   1596
  1571   1596   1575
  1571   1575   1573
  1596   1595   1580
  1596   1580   1579
  1549   1577   1576
  1549   1576   1575
  1549   1575   1596
  1549   1596   1579
  1549   1579   1551
  1549   1551   1550
  1582   1597   1598
  1582   1598   1584
  1582   1584   1583
  1584   1598   1590
  1584   1590   1588
  1584   1588   1585
  1593   1591   1590
  1593   1590   1598
  1593   1598   1597
  1581   1580   1595
  1581   1595   1594
  1581   1594   1592
  1581   1592   1593
  1581   1593   1597
  1581   1597   1582
   819    818    966
   819    966    969
   819    969    970
   819    970    976
   819    976    823
   819    823    822
   819    822    821
