00:45:51 [types] Generated 22ms
00:45:51 [build] output: "static"
00:45:51 [build] mode: "static"
00:45:51 [build] directory: /Users/ekrof/fed/cssEarth-moons-cassini-atlas/dist/
00:45:51 [build] Collecting build info...
00:45:51 [build] ✓ Completed in 43ms.
00:45:52 [build] Building static entrypoints...
00:45:52 [WARN] [vite]
/scenes/mars/mars-surface@2x.webp referenced in /scenes/mars/mars-surface@2x.webp didn't resolve at build time, it will remain unchanged to be resolved at runtime
00:45:52 [WARN] [vite]
/scenes/mars/mars-poles@2x.webp referenced in /scenes/mars/mars-poles@2x.webp didn't resolve at build time, it will remain unchanged to be resolved at runtime
00:45:52 [WARN] [vite]
/scenes/mars/mars-lens-elevation@2x.webp referenced in /scenes/mars/mars-lens-elevation@2x.webp didn't resolve at build time, it will remain unchanged to be resolved at runtime
00:45:52 [WARN] [vite]
/scenes/mars/mars-lens-elevation-poles@2x.webp referenced in /scenes/mars/mars-lens-elevation-poles@2x.webp didn't resolve at build time, it will remain unchanged to be resolved at runtime
00:45:52 [WARN] [vite]
/scenes/mars/mars-lens-thermal@2x.webp referenced in /scenes/mars/mars-lens-thermal@2x.webp didn't resolve at build time, it will remain unchanged to be resolved at runtime
00:45:52 [WARN] [vite]
/scenes/mars/mars-lens-thermal-poles@2x.webp referenced in /scenes/mars/mars-lens-thermal-poles@2x.webp didn't resolve at build time, it will remain unchanged to be resolved at runtime
00:45:52 [WARN] [vite]
/scenes/jupiter/jupiter-surface@2x.webp referenced in /scenes/jupiter/jupiter-surface@2x.webp didn't resolve at build time, it will remain unchanged to be resolved at runtime
00:45:52 [WARN] [vite]
/scenes/jupiter/jupiter-poles@2x.webp referenced in /scenes/jupiter/jupiter-poles@2x.webp didn't resolve at build time, it will remain unchanged to be resolved at runtime
00:45:52 [WARN] [vite]
/scenes/jupiter/jupiter-lens-ultraviolet@2x.webp referenced in /scenes/jupiter/jupiter-lens-ultraviolet@2x.webp didn't resolve at build time, it will remain unchanged to be resolved at runtime
00:45:52 [WARN] [vite]
/scenes/jupiter/jupiter-lens-ultraviolet-poles@2x.webp referenced in /scenes/jupiter/jupiter-lens-ultraviolet-poles@2x.webp didn't resolve at build time, it will remain unchanged to be resolved at runtime
00:45:52 [WARN] [vite]
/scenes/jupiter/jupiter-lens-methane@2x.webp referenced in /scenes/jupiter/jupiter-lens-methane@2x.webp didn't resolve at build time, it will remain unchanged to be resolved at runtime
00:45:52 [WARN] [vite]
/scenes/jupiter/jupiter-lens-methane-poles@2x.webp referenced in /scenes/jupiter/jupiter-lens-methane-poles@2x.webp didn't resolve at build time, it will remain unchanged to be resolved at runtime
00:45:52 [WARN] [vite]
/scenes/saturn/saturn-surface-body.jpg referenced in /scenes/saturn/saturn-surface-body.jpg didn't resolve at build time, it will remain unchanged to be resolved at runtime
00:45:52 [WARN] [vite]
/scenes/saturn/saturn-interior-metallic@2x.webp referenced in /scenes/saturn/saturn-interior-metallic@2x.webp didn't resolve at build time, it will remain unchanged to be resolved at runtime
00:45:52 [WARN] [vite]
/scenes/saturn/saturn-interior-core@2x.webp referenced in /scenes/saturn/saturn-interior-core@2x.webp didn't resolve at build time, it will remain unchanged to be resolved at runtime
00:45:52 [WARN] [vite]
/scenes/saturn/saturn-surface-ultraviolet@2x.webp referenced in /scenes/saturn/saturn-surface-ultraviolet@2x.webp didn't resolve at build time, it will remain unchanged to be resolved at runtime
00:45:52 [WARN] [vite]
/scenes/saturn/saturn-surface-methane@2x.webp referenced in /scenes/saturn/saturn-surface-methane@2x.webp didn't resolve at build time, it will remain unchanged to be resolved at runtime
00:45:52 [WARN] [vite]
/scenes/saturn/saturn-surface-thermal@2x.webp referenced in /scenes/saturn/saturn-surface-thermal@2x.webp didn't resolve at build time, it will remain unchanged to be resolved at runtime
00:45:52 [WARN] [vite]
/scenes/saturn/saturn-poles-ultraviolet.webp referenced in /scenes/saturn/saturn-poles-ultraviolet.webp didn't resolve at build time, it will remain unchanged to be resolved at runtime
00:45:52 [WARN] [vite]
/scenes/saturn/saturn-poles-methane.webp referenced in /scenes/saturn/saturn-poles-methane.webp didn't resolve at build time, it will remain unchanged to be resolved at runtime
00:45:52 [WARN] [vite]
/scenes/saturn/saturn-poles-thermal.webp referenced in /scenes/saturn/saturn-poles-thermal.webp didn't resolve at build time, it will remain unchanged to be resolved at runtime
00:45:52 [WARN] [vite]
/scenes/saturn/saturn-interior-outer-poles-ultraviolet@2x.webp referenced in /scenes/saturn/saturn-interior-outer-poles-ultraviolet@2x.webp didn't resolve at build time, it will remain unchanged to be resolved at runtime
00:45:52 [WARN] [vite]
/scenes/saturn/saturn-interior-outer-poles-methane@2x.webp referenced in /scenes/saturn/saturn-interior-outer-poles-methane@2x.webp didn't resolve at build time, it will remain unchanged to be resolved at runtime
00:45:52 [WARN] [vite]
/scenes/saturn/saturn-interior-outer-poles-thermal@2x.webp referenced in /scenes/saturn/saturn-interior-outer-poles-thermal@2x.webp didn't resolve at build time, it will remain unchanged to be resolved at runtime
00:45:52 [WARN] [vite]
/scenes/saturn/saturn-rings-ultraviolet@2x.webp referenced in /scenes/saturn/saturn-rings-ultraviolet@2x.webp didn't resolve at build time, it will remain unchanged to be resolved at runtime
00:45:52 [WARN] [vite]
/scenes/saturn/saturn-rings-methane@2x.webp referenced in /scenes/saturn/saturn-rings-methane@2x.webp didn't resolve at build time, it will remain unchanged to be resolved at runtime
00:45:52 [WARN] [vite]
/scenes/saturn/saturn-rings-thermal@2x.webp referenced in /scenes/saturn/saturn-rings-thermal@2x.webp didn't resolve at build time, it will remain unchanged to be resolved at runtime
00:45:52 [WARN] [vite]
/scenes/mercury/mercury-interior-core@2x.webp referenced in /scenes/mercury/mercury-interior-core@2x.webp didn't resolve at build time, it will remain unchanged to be resolved at runtime
00:45:52 [WARN] [vite]
/scenes/mercury/mercury-interior-core-poles@2x.webp referenced in /scenes/mercury/mercury-interior-core-poles@2x.webp didn't resolve at build time, it will remain unchanged to be resolved at runtime
00:45:52 [WARN] [vite]
/scenes/mercury/mercury-interior-section@2x.webp referenced in /scenes/mercury/mercury-interior-section@2x.webp didn't resolve at build time, it will remain unchanged to be resolved at runtime
00:45:52 [WARN] [vite]
/scenes/venus/venus-clouds@2x.webp referenced in /scenes/venus/venus-clouds@2x.webp didn't resolve at build time, it will remain unchanged to be resolved at runtime
00:45:52 [WARN] [vite]
/scenes/venus/venus-poles-clouds@2x.webp referenced in /scenes/venus/venus-poles-clouds@2x.webp didn't resolve at build time, it will remain unchanged to be resolved at runtime
00:45:52 [WARN] [vite]
/scenes/venus/venus-radar@2x.webp referenced in /scenes/venus/venus-radar@2x.webp didn't resolve at build time, it will remain unchanged to be resolved at runtime
00:45:52 [WARN] [vite]
/scenes/venus/venus-poles-radar@2x.webp referenced in /scenes/venus/venus-poles-radar@2x.webp didn't resolve at build time, it will remain unchanged to be resolved at runtime
00:45:52 [WARN] [vite]
/scenes/venus/venus-elevation@2x.webp referenced in /scenes/venus/venus-elevation@2x.webp didn't resolve at build time, it will remain unchanged to be resolved at runtime
00:45:52 [WARN] [vite]
/scenes/venus/venus-poles-elevation@2x.webp referenced in /scenes/venus/venus-poles-elevation@2x.webp didn't resolve at build time, it will remain unchanged to be resolved at runtime
00:45:52 [WARN] [vite]
/scenes/venus/venus-material@2x.webp referenced in /scenes/venus/venus-material@2x.webp didn't resolve at build time, it will remain unchanged to be resolved at runtime
00:45:52 [WARN] [vite]
/scenes/venus/venus-observation-material@2x.webp referenced in /scenes/venus/venus-observation-material@2x.webp didn't resolve at build time, it will remain unchanged to be resolved at runtime
00:45:52 [WARN] [vite]
/scenes/venus/venus-lighting@2x.webp referenced in /scenes/venus/venus-lighting@2x.webp didn't resolve at build time, it will remain unchanged to be resolved at runtime
00:45:52 [WARN] [vite] [33m[INEFFECTIVE_DYNAMIC_IMPORT] [0msrc/planets/abundantia/prepared/content.json is dynamically imported by site/components/ObjectPage.astro but also statically imported by site/components/PreparedSidebarCards.astro, dynamic import will not move module into another chunk.

00:45:52 [WARN] [vite] [33m[INEFFECTIVE_DYNAMIC_IMPORT] [0msrc/planets/achilles/prepared/content.json is dynamically imported by site/components/ObjectPage.astro but also statically imported by site/components/PreparedSidebarCards.astro, dynamic import will not move module into another chunk.

00:45:52 [WARN] [vite] [33m[INEFFECTIVE_DYNAMIC_IMPORT] [0msrc/planets/adelheid/prepared/content.json is dynamically imported by site/components/ObjectPage.astro but also statically imported by site/components/PreparedSidebarCards.astro, dynamic import will not move module into another chunk.

00:45:52 [WARN] [vite] [33m[INEFFECTIVE_DYNAMIC_IMPORT] [0msrc/planets/adrastea/prepared/content.json is dynamically imported by site/components/ObjectPage.astro but also statically imported by site/components/PreparedSidebarCards.astro, dynamic import will not move module into another chunk.

00:45:52 [WARN] [vite] [33m[INEFFECTIVE_DYNAMIC_IMPORT] [0msrc/planets/aegaeon/prepared/content.json is dynamically imported by site/components/ObjectPage.astro but also statically imported by site/components/PreparedSidebarCards.astro, dynamic import will not move module into another chunk.

00:45:52 [WARN] [vite] [33m[INEFFECTIVE_DYNAMIC_IMPORT] [0msrc/planets/aegina/prepared/content.json is dynamically imported by site/components/ObjectPage.astro but also statically imported by site/components/PreparedSidebarCards.astro, dynamic import will not move module into another chunk.

00:45:52 [WARN] [vite] [33m[INEFFECTIVE_DYNAMIC_IMPORT] [0msrc/planets/aemilia/prepared/content.json is dynamically imported by site/components/ObjectPage.astro but also statically imported by site/components/PreparedSidebarCards.astro, dynamic import will not move module into another chunk.

00:45:52 [WARN] [vite] [33m[INEFFECTIVE_DYNAMIC_IMPORT] [0msrc/planets/aethra/prepared/content.json is dynamically imported by site/components/ObjectPage.astro but also statically imported by site/components/PreparedSidebarCards.astro, dynamic import will not move module into another chunk.

00:45:52 [WARN] [vite] [33m[INEFFECTIVE_DYNAMIC_IMPORT] [0msrc/planets/agenor/prepared/content.json is dynamically imported by site/components/ObjectPage.astro but also statically imported by site/components/PreparedSidebarCards.astro, dynamic import will not move module into another chunk.

00:45:52 [WARN] [vite] [33m[INEFFECTIVE_DYNAMIC_IMPORT] [0msrc/planets/aglaja/prepared/content.json is dynamically imported by site/components/ObjectPage.astro but also statically imported by site/components/PreparedSidebarCards.astro, dynamic import will not move module into another chunk.

00:45:52 [WARN] [vite] [33m[INEFFECTIVE_DYNAMIC_IMPORT] [0msrc/planets/ajax/prepared/content.json is dynamically imported by site/components/ObjectPage.astro but also statically imported by site/components/PreparedSidebarCards.astro, dynamic import will not move module into another chunk.

00:45:52 [WARN] [vite] [33m[INEFFECTIVE_DYNAMIC_IMPORT] [0msrc/planets/albiorix/prepared/content.json is dynamically imported by site/components/ObjectPage.astro but also statically imported by site/components/PreparedSidebarCards.astro, dynamic import will not move module into another chunk.

00:45:52 [WARN] [vite] [33m[INEFFECTIVE_DYNAMIC_IMPORT] [0msrc/planets/alexandra/prepared/content.json is dynamically imported by site/components/ObjectPage.astro but also statically imported by site/components/PreparedSidebarCards.astro, dynamic import will not move module into another chunk.

00:45:52 [WARN] [vite] [33m[INEFFECTIVE_DYNAMIC_IMPORT] [0msrc/planets/alkeste/prepared/content.json is dynamically imported by site/components/ObjectPage.astro but also statically imported by site/components/PreparedSidebarCards.astro, dynamic import will not move module into another chunk.

00:45:52 [WARN] [vite] [33m[INEFFECTIVE_DYNAMIC_IMPORT] [0msrc/planets/alkmene/prepared/content.json is dynamically imported by site/components/ObjectPage.astro but also statically imported by site/components/PreparedSidebarCards.astro, dynamic import will not move module into another chunk.

00:45:52 [WARN] [vite] [33m[INEFFECTIVE_DYNAMIC_IMPORT] [0msrc/planets/alphonsina/prepared/content.json is dynamically imported by site/components/ObjectPage.astro but also statically imported by site/components/PreparedSidebarCards.astro, dynamic import will not move module into another chunk.

00:45:52 [WARN] [vite] [33m[INEFFECTIVE_DYNAMIC_IMPORT] [0msrc/planets/althaea/prepared/content.json is dynamically imported by site/components/ObjectPage.astro but also statically imported by site/components/PreparedSidebarCards.astro, dynamic import will not move module into another chunk.

00:45:52 [WARN] [vite] [33m[INEFFECTIVE_DYNAMIC_IMPORT] [0msrc/planets/amalthea/prepared/content.json is dynamically imported by site/components/ObjectPage.astro but also statically imported by site/components/PreparedSidebarCards.astro, dynamic import will not move module into another chunk.

00:45:52 [WARN] [vite] [33m[INEFFECTIVE_DYNAMIC_IMPORT] [0msrc/planets/ambrosia/prepared/content.json is dynamically imported by site/components/ObjectPage.astro but also statically imported by site/components/PreparedSidebarCards.astro, dynamic import will not move module into another chunk.

00:45:52 [WARN] [vite] [33m[INEFFECTIVE_DYNAMIC_IMPORT] [0msrc/planets/amphitrite/prepared/content.json is dynamically imported by site/components/ObjectPage.astro but also statically imported by site/components/PreparedSidebarCards.astro, dynamic import will not move module into another chunk.

00:45:52 [WARN] [vite] [33m[INEFFECTIVE_DYNAMIC_IMPORT] [0msrc/planets/anahita/prepared/content.json is dynamically imported by site/components/ObjectPage.astro but also statically imported by site/components/PreparedSidebarCards.astro, dynamic import will not move module into another chunk.

00:45:52 [WARN] [vite] [33m[INEFFECTIVE_DYNAMIC_IMPORT] [0msrc/planets/angelina/prepared/content.json is dynamically imported by site/components/ObjectPage.astro but also statically imported by site/components/PreparedSidebarCards.astro, dynamic import will not move module into another chunk.

00:45:52 [WARN] [vite] [33m[INEFFECTIVE_DYNAMIC_IMPORT] [0msrc/planets/anna/prepared/content.json is dynamically imported by site/components/ObjectPage.astro but also statically imported by site/components/PreparedSidebarCards.astro, dynamic import will not move module into another chunk.

00:45:52 [WARN] [vite] [33m[INEFFECTIVE_DYNAMIC_IMPORT] [0msrc/planets/annefrank/prepared/content.json is dynamically imported by site/components/ObjectPage.astro but also statically imported by site/components/PreparedSidebarCards.astro, dynamic import will not move module into another chunk.

00:45:52 [WARN] [vite] [33m[INEFFECTIVE_DYNAMIC_IMPORT] [0msrc/planets/anthe/prepared/content.json is dynamically imported by site/components/ObjectPage.astro but also statically imported by site/components/PreparedSidebarCards.astro, dynamic import will not move module into another chunk.

00:45:52 [WARN] [vite] [33m[INEFFECTIVE_DYNAMIC_IMPORT] [0msrc/planets/antigone/prepared/content.json is dynamically imported by site/components/ObjectPage.astro but also statically imported by site/components/PreparedSidebarCards.astro, dynamic import will not move module into another chunk.

00:45:52 [WARN] [vite] [33m[INEFFECTIVE_DYNAMIC_IMPORT] [0msrc/planets/antonia/prepared/content.json is dynamically imported by site/components/ObjectPage.astro but also statically imported by site/components/PreparedSidebarCards.astro, dynamic import will not move module into another chunk.

00:45:52 [WARN] [vite] [33m[INEFFECTIVE_DYNAMIC_IMPORT] [0msrc/planets/apophis/prepared/content.json is dynamically imported by site/components/ObjectPage.astro but also statically imported by site/components/PreparedSidebarCards.astro, dynamic import will not move module into another chunk.

00:45:52 [WARN] [vite] [33m[INEFFECTIVE_DYNAMIC_IMPORT] [0msrc/planets/arethusa/prepared/content.json is dynamically imported by site/components/ObjectPage.astro but also statically imported by site/components/PreparedSidebarCards.astro, dynamic import will not move module into another chunk.

00:45:52 [WARN] [vite] [33m[INEFFECTIVE_DYNAMIC_IMPORT] [0msrc/planets/ariadne/prepared/content.json is dynamically imported by site/components/ObjectPage.astro but also statically imported by site/components/PreparedSidebarCards.astro, dynamic import will not move module into another chunk.

00:45:52 [WARN] [vite] [33m[INEFFECTIVE_DYNAMIC_IMPORT] [0msrc/planets/ariel/prepared/content.json is dynamically imported by site/components/ObjectPage.astro but also statically imported by site/components/PreparedSidebarCards.astro, dynamic import will not move module into another chunk.

00:45:52 [WARN] [vite] [33m[INEFFECTIVE_DYNAMIC_IMPORT] [0msrc/planets/arrokoth/prepared/content.json is dynamically imported by site/components/ObjectPage.astro but also statically imported by site/components/PreparedSidebarCards.astro, dynamic import will not move module into another chunk.

00:45:52 [WARN] [vite] [33m[INEFFECTIVE_DYNAMIC_IMPORT] [0msrc/planets/artemis/prepared/content.json is dynamically imported by site/components/ObjectPage.astro but also statically imported by site/components/PreparedSidebarCards.astro, dynamic import will not move module into another chunk.

00:45:52 [WARN] [vite] [33m[INEFFECTIVE_DYNAMIC_IMPORT] [0msrc/planets/aschera/prepared/content.json is dynamically imported by site/components/ObjectPage.astro but also statically imported by site/components/PreparedSidebarCards.astro, dynamic import will not move module into another chunk.

00:45:52 [WARN] [vite] [33m[INEFFECTIVE_DYNAMIC_IMPORT] [0msrc/planets/asia/prepared/content.json is dynamically imported by site/components/ObjectPage.astro but also statically imported by site/components/PreparedSidebarCards.astro, dynamic import will not move module into another chunk.

00:45:52 [WARN] [vite] [33m[INEFFECTIVE_DYNAMIC_IMPORT] [0msrc/planets/asporina/prepared/content.json is dynamically imported by site/components/ObjectPage.astro but also statically imported by site/components/PreparedSidebarCards.astro, dynamic import will not move module into another chunk.

00:45:52 [WARN] [vite] [33m[INEFFECTIVE_DYNAMIC_IMPORT] [0msrc/planets/asteroid-1950-da/prepared/content.json is dynamically imported by site/components/ObjectPage.astro but also statically imported by site/components/PreparedSidebarCards.astro, dynamic import will not move module into another chunk.

00:45:52 [WARN] [vite] [33m[INEFFECTIVE_DYNAMIC_IMPORT] [0msrc/planets/asteroid-1992-sk/prepared/content.json is dynamically imported by site/components/ObjectPage.astro but also statically imported by site/components/PreparedSidebarCards.astro, dynamic import will not move module into another chunk.

00:45:52 [WARN] [vite] [33m[INEFFECTIVE_DYNAMIC_IMPORT] [0msrc/planets/asteroid-1994-cc/prepared/content.json is dynamically imported by site/components/ObjectPage.astro but also statically imported by site/components/PreparedSidebarCards.astro, dynamic import will not move module into another chunk.

00:45:52 [WARN] [vite] [33m[INEFFECTIVE_DYNAMIC_IMPORT] [0msrc/planets/asteroid-1996-hw1/prepared/content.json is dynamically imported by site/components/ObjectPage.astro but also statically imported by site/components/PreparedSidebarCards.astro, dynamic import will not move module into another chunk.

00:45:52 [WARN] [vite] [33m[INEFFECTIVE_DYNAMIC_IMPORT] [0msrc/planets/asteroid-1998-ml14/prepared/content.json is dynamically imported by site/components/ObjectPage.astro but also statically imported by site/components/PreparedSidebarCards.astro, dynamic import will not move module into another chunk.

00:45:52 [WARN] [vite] [33m[INEFFECTIVE_DYNAMIC_IMPORT] [0msrc/planets/asteroid-1998-wt24/prepared/content.json is dynamically imported by site/components/ObjectPage.astro but also statically imported by site/components/PreparedSidebarCards.astro, dynamic import will not move module into another chunk.

00:45:52 [WARN] [vite] [33m[INEFFECTIVE_DYNAMIC_IMPORT] [0msrc/planets/asteroid-1999-fr33/prepared/content.json is dynamically imported by site/components/ObjectPage.astro but also statically imported by site/components/PreparedSidebarCards.astro, dynamic import will not move module into another chunk.

00:45:52 [WARN] [vite] [33m[INEFFECTIVE_DYNAMIC_IMPORT] [0msrc/planets/asteroid-2001-qw16/prepared/content.json is dynamically imported by site/components/ObjectPage.astro but also statically imported by site/components/PreparedSidebarCards.astro, dynamic import will not move module into another chunk.

00:45:52 [WARN] [vite] [33m[INEFFECTIVE_DYNAMIC_IMPORT] [0msrc/planets/asteroid-2001-sn263/prepared/content.json is dynamically imported by site/components/ObjectPage.astro but also statically imported by site/components/PreparedSidebarCards.astro, dynamic import will not move module into another chunk.

00:45:52 [WARN] [vite] [33m[INEFFECTIVE_DYNAMIC_IMPORT] [0msrc/planets/asteroid-2002-ce26/prepared/content.json is dynamically imported by site/components/ObjectPage.astro but also statically imported by site/components/PreparedSidebarCards.astro, dynamic import will not move module into another chunk.

00:45:52 [WARN] [vite] [33m[INEFFECTIVE_DYNAMIC_IMPORT] [0msrc/planets/asteroid-2008-ev5/prepared/content.json is dynamically imported by site/components/ObjectPage.astro but also statically imported by site/components/PreparedSidebarCards.astro, dynamic import will not move module into another chunk.

00:45:52 [WARN] [vite] [33m[INEFFECTIVE_DYNAMIC_IMPORT] [0msrc/planets/asterope/prepared/content.json is dynamically imported by site/components/ObjectPage.astro but also statically imported by site/components/PreparedSidebarCards.astro, dynamic import will not move module into another chunk.

00:45:52 [WARN] [vite] [33m[INEFFECTIVE_DYNAMIC_IMPORT] [0msrc/planets/astraea/prepared/content.json is dynamically imported by site/components/ObjectPage.astro but also statically imported by site/components/PreparedSidebarCards.astro, dynamic import will not move module into another chunk.

00:45:52 [WARN] [vite] [33m[INEFFECTIVE_DYNAMIC_IMPORT] [0msrc/planets/atalante/prepared/content.json is dynamically imported by site/components/ObjectPage.astro but also statically imported by site/components/PreparedSidebarCards.astro, dynamic import will not move module into another chunk.

00:45:52 [WARN] [vite] [33m[INEFFECTIVE_DYNAMIC_IMPORT] [0msrc/planets/athamantis/prepared/content.json is dynamically imported by site/components/ObjectPage.astro but also statically imported by site/components/PreparedSidebarCards.astro, dynamic import will not move module into another chunk.

00:45:52 [WARN] [vite] [33m[INEFFECTIVE_DYNAMIC_IMPORT] [0msrc/planets/athor/prepared/content.json is dynamically imported by site/components/ObjectPage.astro but also statically imported by site/components/PreparedSidebarCards.astro, dynamic import will not move module into another chunk.

00:45:52 [WARN] [vite] [33m[INEFFECTIVE_DYNAMIC_IMPORT] [0msrc/planets/atlas/prepared/content.json is dynamically imported by site/components/ObjectPage.astro but also statically imported by site/components/PreparedSidebarCards.astro, dynamic import will not move module into another chunk.

00:45:52 [WARN] [vite] [33m[INEFFECTIVE_DYNAMIC_IMPORT] [0msrc/planets/augusta/prepared/content.json is dynamically imported by site/components/ObjectPage.astro but also statically imported by site/components/PreparedSidebarCards.astro, dynamic import will not move module into another chunk.

00:45:52 [WARN] [vite] [33m[INEFFECTIVE_DYNAMIC_IMPORT] [0msrc/planets/auravictrix/prepared/content.json is dynamically imported by site/components/ObjectPage.astro but also statically imported by site/components/PreparedSidebarCards.astro, dynamic import will not move module into another chunk.

00:45:52 [WARN] [vite] [33m[INEFFECTIVE_DYNAMIC_IMPORT] [0msrc/planets/aurora/prepared/content.json is dynamically imported by site/components/ObjectPage.astro but also statically imported by site/components/PreparedSidebarCards.astro, dynamic import will not move module into another chunk.

00:45:52 [WARN] [vite] [33m[INEFFECTIVE_DYNAMIC_IMPORT] [0msrc/planets/ausonia/prepared/content.json is dynamically imported by site/components/ObjectPage.astro but also statically imported by site/components/PreparedSidebarCards.astro, dynamic import will not move module into another chunk.

00:45:52 [WARN] [vite] [33m[INEFFECTIVE_DYNAMIC_IMPORT] [0msrc/planets/bacchus/prepared/content.json is dynamically imported by site/components/ObjectPage.astro but also statically imported by site/components/PreparedSidebarCards.astro, dynamic import will not move module into another chunk.

00:45:52 [WARN] [vite] [33m[INEFFECTIVE_DYNAMIC_IMPORT] [0msrc/planets/badenia/prepared/content.json is dynamically imported by site/components/ObjectPage.astro but also statically imported by site/components/PreparedSidebarCards.astro, dynamic import will not move module into another chunk.

00:45:52 [WARN] [vite] [33m[INEFFECTIVE_DYNAMIC_IMPORT] [0msrc/planets/bamberga/prepared/content.json is dynamically imported by site/components/ObjectPage.astro but also statically imported by site/components/PreparedSidebarCards.astro, dynamic import will not move module into another chunk.

00:45:52 [WARN] [vite] [33m[INEFFECTIVE_DYNAMIC_IMPORT] [0msrc/planets/baucis/prepared/content.json is dynamically imported by site/components/ObjectPage.astro but also statically imported by site/components/PreparedSidebarCards.astro, dynamic import will not move module into another chunk.

00:45:52 [WARN] [vite] [33m[INEFFECTIVE_DYNAMIC_IMPORT] [0msrc/planets/bavaria/prepared/content.json is dynamically imported by site/components/ObjectPage.astro but also statically imported by site/components/PreparedSidebarCards.astro, dynamic import will not move module into another chunk.

00:45:52 [WARN] [vite] [33m[INEFFECTIVE_DYNAMIC_IMPORT] [0msrc/planets/beatrix/prepared/content.json is dynamically imported by site/components/ObjectPage.astro but also statically imported by site/components/PreparedSidebarCards.astro, dynamic import will not move module into another chunk.

00:45:52 [WARN] [vite] [33m[INEFFECTIVE_DYNAMIC_IMPORT] [0msrc/planets/bebhionn/prepared/content.json is dynamically imported by site/components/ObjectPage.astro but also statically imported by site/components/PreparedSidebarCards.astro, dynamic import will not move module into another chunk.

00:45:52 [WARN] [vite] [33m[INEFFECTIVE_DYNAMIC_IMPORT] [0msrc/planets/belinda/prepared/content.json is dynamically imported by site/components/ObjectPage.astro but also statically imported by site/components/PreparedSidebarCards.astro, dynamic import will not move module into another chunk.

00:45:52 [WARN] [vite] [33m[INEFFECTIVE_DYNAMIC_IMPORT] [0msrc/planets/bellona/prepared/content.json is dynamically imported by site/components/ObjectPage.astro but also statically imported by site/components/PreparedSidebarCards.astro, dynamic import will not move module into another chunk.

00:45:52 [WARN] [vite] [33m[INEFFECTIVE_DYNAMIC_IMPORT] [0msrc/planets/bennu/prepared/content.json is dynamically imported by site/components/ObjectPage.astro but also statically imported by site/components/PreparedSidebarCards.astro, dynamic import will not move module into another chunk.

00:45:52 [WARN] [vite] [33m[INEFFECTIVE_DYNAMIC_IMPORT] [0msrc/planets/bergelmir/prepared/content.json is dynamically imported by site/components/ObjectPage.astro but also statically imported by site/components/PreparedSidebarCards.astro, dynamic import will not move module into another chunk.

00:45:52 [WARN] [vite] [33m[INEFFECTIVE_DYNAMIC_IMPORT] [0msrc/planets/bertha/prepared/content.json is dynamically imported by site/components/ObjectPage.astro but also statically imported by site/components/PreparedSidebarCards.astro, dynamic import will not move module into another chunk.

00:45:52 [WARN] [vite] [33m[INEFFECTIVE_DYNAMIC_IMPORT] [0msrc/planets/bestla/prepared/content.json is dynamically imported by site/components/ObjectPage.astro but also statically imported by site/components/PreparedSidebarCards.astro, dynamic import will not move module into another chunk.

00:45:52 [WARN] [vite] [33m[INEFFECTIVE_DYNAMIC_IMPORT] [0msrc/planets/bettina/prepared/content.json is dynamically imported by site/components/ObjectPage.astro but also statically imported by site/components/PreparedSidebarCards.astro, dynamic import will not move module into another chunk.

00:45:52 [WARN] [vite] [33m[INEFFECTIVE_DYNAMIC_IMPORT] [0msrc/planets/betulia/prepared/content.json is dynamically imported by site/components/ObjectPage.astro but also statically imported by site/components/PreparedSidebarCards.astro, dynamic import will not move module into another chunk.

00:45:52 [WARN] [vite] [33m[INEFFECTIVE_DYNAMIC_IMPORT] [0msrc/planets/bianca/prepared/content.json is dynamically imported by site/components/ObjectPage.astro but also statically imported by site/components/PreparedSidebarCards.astro, dynamic import will not move module into another chunk.

00:45:52 [WARN] [vite] [33m[INEFFECTIVE_DYNAMIC_IMPORT] [0msrc/planets/bienor/prepared/content.json is dynamically imported by site/components/ObjectPage.astro but also statically imported by site/components/PreparedSidebarCards.astro, dynamic import will not move module into another chunk.

00:45:52 [WARN] [vite] [33m[INEFFECTIVE_DYNAMIC_IMPORT] [0msrc/planets/braille/prepared/content.json is dynamically imported by site/components/ObjectPage.astro but also statically imported by site/components/PreparedSidebarCards.astro, dynamic import will not move module into another chunk.

00:45:52 [WARN] [vite] [33m[INEFFECTIVE_DYNAMIC_IMPORT] [0msrc/planets/brucia/prepared/content.json is dynamically imported by site/components/ObjectPage.astro but also statically imported by site/components/PreparedSidebarCards.astro, dynamic import will not move module into another chunk.

00:45:52 [WARN] [vite] [33m[INEFFECTIVE_DYNAMIC_IMPORT] [0msrc/planets/brunhild/prepared/content.json is dynamically imported by site/components/ObjectPage.astro but also statically imported by site/components/PreparedSidebarCards.astro, dynamic import will not move module into another chunk.

00:45:52 [WARN] [vite] [33m[INEFFECTIVE_DYNAMIC_IMPORT] [0msrc/planets/byblis/prepared/content.json is dynamically imported by site/components/ObjectPage.astro but also statically imported by site/components/PreparedSidebarCards.astro, dynamic import will not move module into another chunk.

00:45:52 [WARN] [vite] [33m[INEFFECTIVE_DYNAMIC_IMPORT] [0msrc/planets/caliban/prepared/content.json is dynamically imported by site/components/ObjectPage.astro but also statically imported by site/components/PreparedSidebarCards.astro, dynamic import will not move module into another chunk.

00:45:52 [WARN] [vite] [33m[INEFFECTIVE_DYNAMIC_IMPORT] [0msrc/planets/callisto/prepared/content.json is dynamically imported by site/components/ObjectPage.astro but also statically imported by site/components/PreparedSidebarCards.astro, dynamic import will not move module into another chunk.

00:45:52 [WARN] [vite] [33m[INEFFECTIVE_DYNAMIC_IMPORT] [0msrc/planets/calypso/prepared/content.json is dynamically imported by site/components/ObjectPage.astro but also statically imported by site/components/PreparedSidebarCards.astro, dynamic import will not move module into another chunk.

00:45:52 [WARN] [vite] [33m[INEFFECTIVE_DYNAMIC_IMPORT] [0msrc/planets/camilla/prepared/content.json is dynamically imported by site/components/ObjectPage.astro but also statically imported by site/components/PreparedSidebarCards.astro, dynamic import will not move module into another chunk.

00:45:52 [WARN] [vite] [33m[INEFFECTIVE_DYNAMIC_IMPORT] [0msrc/planets/castalia/prepared/content.json is dynamically imported by site/components/ObjectPage.astro but also statically imported by site/components/PreparedSidebarCards.astro, dynamic import will not move module into another chunk.

00:45:52 [WARN] [vite] [33m[INEFFECTIVE_DYNAMIC_IMPORT] [0msrc/planets/cerberus/prepared/content.json is dynamically imported by site/components/ObjectPage.astro but also statically imported by site/components/PreparedSidebarCards.astro, dynamic import will not move module into another chunk.

00:45:52 [WARN] [vite] [33m[INEFFECTIVE_DYNAMIC_IMPORT] [0msrc/planets/ceres/prepared/content.json is dynamically imported by site/components/ObjectPage.astro but also statically imported by site/components/PreparedSidebarCards.astro, dynamic import will not move module into another chunk.

00:45:52 [WARN] [vite] [33m[INEFFECTIVE_DYNAMIC_IMPORT] [0msrc/planets/chariklo/prepared/content.json is dynamically imported by site/components/ObjectPage.astro but also statically imported by site/components/PreparedSidebarCards.astro, dynamic import will not move module into another chunk.

00:45:52 [WARN] [vite] [33m[INEFFECTIVE_DYNAMIC_IMPORT] [0msrc/planets/charon/prepared/content.json is dynamically imported by site/components/ObjectPage.astro but also statically imported by site/components/PreparedSidebarCards.astro, dynamic import will not move module into another chunk.

00:45:52 [WARN] [vite] [33m[INEFFECTIVE_DYNAMIC_IMPORT] [0msrc/planets/china/prepared/content.json is dynamically imported by site/components/ObjectPage.astro but also statically imported by site/components/PreparedSidebarCards.astro, dynamic import will not move module into another chunk.

00:45:52 [WARN] [vite] [33m[INEFFECTIVE_DYNAMIC_IMPORT] [0msrc/planets/circe/prepared/content.json is dynamically imported by site/components/ObjectPage.astro but also statically imported by site/components/PreparedSidebarCards.astro, dynamic import will not move module into another chunk.

00:45:52 [WARN] [vite] [33m[INEFFECTIVE_DYNAMIC_IMPORT] [0msrc/planets/clarissa/prepared/content.json is dynamically imported by site/components/ObjectPage.astro but also statically imported by site/components/PreparedSidebarCards.astro, dynamic import will not move module into another chunk.

00:45:52 [WARN] [vite] [33m[INEFFECTIVE_DYNAMIC_IMPORT] [0msrc/planets/clementina/prepared/content.json is dynamically imported by site/components/ObjectPage.astro but also statically imported by site/components/PreparedSidebarCards.astro, dynamic import will not move module into another chunk.

00:45:52 [WARN] [vite] [33m[INEFFECTIVE_DYNAMIC_IMPORT] [0msrc/planets/coelestina/prepared/content.json is dynamically imported by site/components/ObjectPage.astro but also statically imported by site/components/PreparedSidebarCards.astro, dynamic import will not move module into another chunk.

00:45:52 [WARN] [vite] [33m[INEFFECTIVE_DYNAMIC_IMPORT] [0msrc/planets/comet-103p/prepared/content.json is dynamically imported by site/components/ObjectPage.astro but also statically imported by site/components/PreparedSidebarCards.astro, dynamic import will not move module into another chunk.

00:45:52 [WARN] [vite] [33m[INEFFECTIVE_DYNAMIC_IMPORT] [0msrc/planets/comet-137p/prepared/content.json is dynamically imported by site/components/ObjectPage.astro but also statically imported by site/components/PreparedSidebarCards.astro, dynamic import will not move module into another chunk.

00:45:52 [WARN] [vite] [33m[INEFFECTIVE_DYNAMIC_IMPORT] [0msrc/planets/comet-143p/prepared/content.json is dynamically imported by site/components/ObjectPage.astro but also statically imported by site/components/PreparedSidebarCards.astro, dynamic import will not move module into another chunk.

00:45:52 [WARN] [vite] [33m[INEFFECTIVE_DYNAMIC_IMPORT] [0msrc/planets/comet-162p/prepared/content.json is dynamically imported by site/components/ObjectPage.astro but also statically imported by site/components/PreparedSidebarCards.astro, dynamic import will not move module into another chunk.

00:45:52 [WARN] [vite] [33m[INEFFECTIVE_DYNAMIC_IMPORT] [0msrc/planets/comet-19p/prepared/content.json is dynamically imported by site/components/ObjectPage.astro but also statically imported by site/components/PreparedSidebarCards.astro, dynamic import will not move module into another chunk.

00:45:52 [WARN] [vite] [33m[INEFFECTIVE_DYNAMIC_IMPORT] [0msrc/planets/comet-1p/prepared/content.json is dynamically imported by site/components/ObjectPage.astro but also statically imported by site/components/PreparedSidebarCards.astro, dynamic import will not move module into another chunk.

00:45:52 [WARN] [vite] [33m[INEFFECTIVE_DYNAMIC_IMPORT] [0msrc/planets/comet-209p/prepared/content.json is dynamically imported by site/components/ObjectPage.astro but also statically imported by site/components/PreparedSidebarCards.astro, dynamic import will not move module into another chunk.

00:45:52 [WARN] [vite] [33m[INEFFECTIVE_DYNAMIC_IMPORT] [0msrc/planets/comet-2p/prepared/content.json is dynamically imported by site/components/ObjectPage.astro but also statically imported by site/components/PreparedSidebarCards.astro, dynamic import will not move module into another chunk.

00:45:52 [WARN] [vite] [33m[INEFFECTIVE_DYNAMIC_IMPORT] [0msrc/planets/comet-67p/prepared/content.json is dynamically imported by site/components/ObjectPage.astro but also statically imported by site/components/PreparedSidebarCards.astro, dynamic import will not move module into another chunk.

00:45:52 [WARN] [vite] [33m[INEFFECTIVE_DYNAMIC_IMPORT] [0msrc/planets/comet-81p/prepared/content.json is dynamically imported by site/components/ObjectPage.astro but also statically imported by site/components/PreparedSidebarCards.astro, dynamic import will not move module into another chunk.

00:45:52 [WARN] [vite] [33m[INEFFECTIVE_DYNAMIC_IMPORT] [0msrc/planets/comet-8p/prepared/content.json is dynamically imported by site/components/ObjectPage.astro but also statically imported by site/components/PreparedSidebarCards.astro, dynamic import will not move module into another chunk.

00:45:52 [WARN] [vite] [33m[INEFFECTIVE_DYNAMIC_IMPORT] [0msrc/planets/comet-9p/prepared/content.json is dynamically imported by site/components/ObjectPage.astro but also statically imported by site/components/PreparedSidebarCards.astro, dynamic import will not move module into another chunk.

00:45:52 [WARN] [vite] [33m[INEFFECTIVE_DYNAMIC_IMPORT] [0msrc/planets/cordelia/prepared/content.json is dynamically imported by site/components/ObjectPage.astro but also statically imported by site/components/PreparedSidebarCards.astro, dynamic import will not move module into another chunk.

00:45:52 [WARN] [vite] [33m[INEFFECTIVE_DYNAMIC_IMPORT] [0msrc/planets/cressida/prepared/content.json is dynamically imported by site/components/ObjectPage.astro but also statically imported by site/components/PreparedSidebarCards.astro, dynamic import will not move module into another chunk.

00:45:52 [WARN] [vite] [33m[INEFFECTIVE_DYNAMIC_IMPORT] [0msrc/planets/crimea/prepared/content.json is dynamically imported by site/components/ObjectPage.astro but also statically imported by site/components/PreparedSidebarCards.astro, dynamic import will not move module into another chunk.

00:45:52 [WARN] [vite] [33m[INEFFECTIVE_DYNAMIC_IMPORT] [0msrc/planets/cybele/prepared/content.json is dynamically imported by site/components/ObjectPage.astro but also statically imported by site/components/PreparedSidebarCards.astro, dynamic import will not move module into another chunk.

00:45:52 [WARN] [vite] [33m[INEFFECTIVE_DYNAMIC_IMPORT] [0msrc/planets/cyrene/prepared/content.json is dynamically imported by site/components/ObjectPage.astro but also statically imported by site/components/PreparedSidebarCards.astro, dynamic import will not move module into another chunk.

00:45:52 [WARN] [vite] [33m[INEFFECTIVE_DYNAMIC_IMPORT] [0msrc/planets/daphne/prepared/content.json is dynamically imported by site/components/ObjectPage.astro but also statically imported by site/components/PreparedSidebarCards.astro, dynamic import will not move module into another chunk.

00:45:52 [WARN] [vite] [33m[INEFFECTIVE_DYNAMIC_IMPORT] [0msrc/planets/daphnis/prepared/content.json is dynamically imported by site/components/ObjectPage.astro but also statically imported by site/components/PreparedSidebarCards.astro, dynamic import will not move module into another chunk.

00:45:52 [WARN] [vite] [33m[INEFFECTIVE_DYNAMIC_IMPORT] [0msrc/planets/davida/prepared/content.json is dynamically imported by site/components/ObjectPage.astro but also statically imported by site/components/PreparedSidebarCards.astro, dynamic import will not move module into another chunk.

00:45:52 [WARN] [vite] [33m[INEFFECTIVE_DYNAMIC_IMPORT] [0msrc/planets/deimos/prepared/content.json is dynamically imported by site/components/ObjectPage.astro but also statically imported by site/components/PreparedSidebarCards.astro, dynamic import will not move module into another chunk.

00:45:52 [WARN] [vite] [33m[INEFFECTIVE_DYNAMIC_IMPORT] [0msrc/planets/dejanira/prepared/content.json is dynamically imported by site/components/ObjectPage.astro but also statically imported by site/components/PreparedSidebarCards.astro, dynamic import will not move module into another chunk.

00:45:52 [WARN] [vite] [33m[INEFFECTIVE_DYNAMIC_IMPORT] [0msrc/planets/dejopeja/prepared/content.json is dynamically imported by site/components/ObjectPage.astro but also statically imported by site/components/PreparedSidebarCards.astro, dynamic import will not move module into another chunk.

00:45:52 [WARN] [vite] [33m[INEFFECTIVE_DYNAMIC_IMPORT] [0msrc/planets/demodokus/prepared/content.json is dynamically imported by site/components/ObjectPage.astro but also statically imported by site/components/PreparedSidebarCards.astro, dynamic import will not move module into another chunk.

00:45:52 [WARN] [vite] [33m[INEFFECTIVE_DYNAMIC_IMPORT] [0msrc/planets/desdemona/prepared/content.json is dynamically imported by site/components/ObjectPage.astro but also statically imported by site/components/PreparedSidebarCards.astro, dynamic import will not move module into another chunk.

00:45:52 [WARN] [vite] [33m[INEFFECTIVE_DYNAMIC_IMPORT] [0msrc/planets/desdemona-666/prepared/content.json is dynamically imported by site/components/ObjectPage.astro but also statically imported by site/components/PreparedSidebarCards.astro, dynamic import will not move module into another chunk.

00:45:52 [WARN] [vite] [33m[INEFFECTIVE_DYNAMIC_IMPORT] [0msrc/planets/despina/prepared/content.json is dynamically imported by site/components/ObjectPage.astro but also statically imported by site/components/PreparedSidebarCards.astro, dynamic import will not move module into another chunk.

00:45:52 [WARN] [vite] [33m[INEFFECTIVE_DYNAMIC_IMPORT] [0msrc/planets/dido/prepared/content.json is dynamically imported by site/components/ObjectPage.astro but also statically imported by site/components/PreparedSidebarCards.astro, dynamic import will not move module into another chunk.

00:45:52 [WARN] [vite] [33m[INEFFECTIVE_DYNAMIC_IMPORT] [0msrc/planets/didymos/prepared/content.json is dynamically imported by site/components/ObjectPage.astro but also statically imported by site/components/PreparedSidebarCards.astro, dynamic import will not move module into another chunk.

00:45:52 [WARN] [vite] [33m[INEFFECTIVE_DYNAMIC_IMPORT] [0msrc/planets/dike/prepared/content.json is dynamically imported by site/components/ObjectPage.astro but also statically imported by site/components/PreparedSidebarCards.astro, dynamic import will not move module into another chunk.

00:45:52 [WARN] [vite] [33m[INEFFECTIVE_DYNAMIC_IMPORT] [0msrc/planets/dimorphos/prepared/content.json is dynamically imported by site/components/ObjectPage.astro but also statically imported by site/components/PreparedSidebarCards.astro, dynamic import will not move module into another chunk.

00:45:52 [WARN] [vite] [33m[INEFFECTIVE_DYNAMIC_IMPORT] [0msrc/planets/diomedes/prepared/content.json is dynamically imported by site/components/ObjectPage.astro but also statically imported by site/components/PreparedSidebarCards.astro, dynamic import will not move module into another chunk.

00:45:52 [WARN] [vite] [33m[INEFFECTIVE_DYNAMIC_IMPORT] [0msrc/planets/dione/prepared/content.json is dynamically imported by site/components/ObjectPage.astro but also statically imported by site/components/PreparedSidebarCards.astro, dynamic import will not move module into another chunk.

00:45:52 [WARN] [vite] [33m[INEFFECTIVE_DYNAMIC_IMPORT] [0msrc/planets/dione-106/prepared/content.json is dynamically imported by site/components/ObjectPage.astro but also statically imported by site/components/PreparedSidebarCards.astro, dynamic import will not move module into another chunk.

00:45:52 [WARN] [vite] [33m[INEFFECTIVE_DYNAMIC_IMPORT] [0msrc/planets/diotima/prepared/content.json is dynamically imported by site/components/ObjectPage.astro but also statically imported by site/components/PreparedSidebarCards.astro, dynamic import will not move module into another chunk.

00:45:52 [WARN] [vite] [33m[INEFFECTIVE_DYNAMIC_IMPORT] [0msrc/planets/donaldjohanson/prepared/content.json is dynamically imported by site/components/ObjectPage.astro but also statically imported by site/components/PreparedSidebarCards.astro, dynamic import will not move module into another chunk.

00:45:52 [WARN] [vite] [33m[INEFFECTIVE_DYNAMIC_IMPORT] [0msrc/planets/doris/prepared/content.json is dynamically imported by site/components/ObjectPage.astro but also statically imported by site/components/PreparedSidebarCards.astro, dynamic import will not move module into another chunk.

00:45:52 [WARN] [vite] [33m[INEFFECTIVE_DYNAMIC_IMPORT] [0msrc/planets/dresda/prepared/content.json is dynamically imported by site/components/ObjectPage.astro but also statically imported by site/components/PreparedSidebarCards.astro, dynamic import will not move module into another chunk.

00:45:52 [WARN] [vite] [33m[INEFFECTIVE_DYNAMIC_IMPORT] [0msrc/planets/ducrosa/prepared/content.json is dynamically imported by site/components/ObjectPage.astro but also statically imported by site/components/PreparedSidebarCards.astro, dynamic import will not move module into another chunk.

00:45:52 [WARN] [vite] [33m[INEFFECTIVE_DYNAMIC_IMPORT] [0msrc/planets/earth/prepared/content.json is dynamically imported by site/components/ObjectPage.astro but also statically imported by site/components/PreparedSidebarCards.astro, dynamic import will not move module into another chunk.

00:45:52 [WARN] [vite] [33m[INEFFECTIVE_DYNAMIC_IMPORT] [0msrc/planets/echo/prepared/content.json is dynamically imported by site/components/ObjectPage.astro but also statically imported by site/components/PreparedSidebarCards.astro, dynamic import will not move module into another chunk.

00:45:52 [WARN] [vite] [33m[INEFFECTIVE_DYNAMIC_IMPORT] [0msrc/planets/educatio/prepared/content.json is dynamically imported by site/components/ObjectPage.astro but also statically imported by site/components/PreparedSidebarCards.astro, dynamic import will not move module into another chunk.

00:45:52 [WARN] [vite] [33m[INEFFECTIVE_DYNAMIC_IMPORT] [0msrc/planets/egeria/prepared/content.json is dynamically imported by site/components/ObjectPage.astro but also statically imported by site/components/PreparedSidebarCards.astro, dynamic import will not move module into another chunk.

00:45:52 [WARN] [vite] [33m[INEFFECTIVE_DYNAMIC_IMPORT] [0msrc/planets/elektra/prepared/content.json is dynamically imported by site/components/ObjectPage.astro but also statically imported by site/components/PreparedSidebarCards.astro, dynamic import will not move module into another chunk.

00:45:52 [WARN] [vite] [33m[INEFFECTIVE_DYNAMIC_IMPORT] [0msrc/planets/eleonora/prepared/content.json is dynamically imported by site/components/ObjectPage.astro but also statically imported by site/components/PreparedSidebarCards.astro, dynamic import will not move module into another chunk.

00:45:52 [WARN] [vite] [33m[INEFFECTIVE_DYNAMIC_IMPORT] [0msrc/planets/elpis/prepared/content.json is dynamically imported by site/components/ObjectPage.astro but also statically imported by site/components/PreparedSidebarCards.astro, dynamic import will not move module into another chunk.

00:45:52 [WARN] [vite] [33m[INEFFECTIVE_DYNAMIC_IMPORT] [0msrc/planets/emma/prepared/content.json is dynamically imported by site/components/ObjectPage.astro but also statically imported by site/components/PreparedSidebarCards.astro, dynamic import will not move module into another chunk.

00:45:52 [WARN] [vite] [33m[INEFFECTIVE_DYNAMIC_IMPORT] [0msrc/planets/enceladus/prepared/content.json is dynamically imported by site/components/ObjectPage.astro but also statically imported by site/components/PreparedSidebarCards.astro, dynamic import will not move module into another chunk.

00:45:52 [WARN] [vite] [33m[INEFFECTIVE_DYNAMIC_IMPORT] [0msrc/planets/eos/prepared/content.json is dynamically imported by site/components/ObjectPage.astro but also statically imported by site/components/PreparedSidebarCards.astro, dynamic import will not move module into another chunk.

00:45:52 [WARN] [vite] [33m[INEFFECTIVE_DYNAMIC_IMPORT] [0msrc/planets/epimetheus/prepared/content.json is dynamically imported by site/components/ObjectPage.astro but also statically imported by site/components/PreparedSidebarCards.astro, dynamic import will not move module into another chunk.

00:45:52 [WARN] [vite] [33m[INEFFECTIVE_DYNAMIC_IMPORT] [0msrc/planets/erato/prepared/content.json is dynamically imported by site/components/ObjectPage.astro but also statically imported by site/components/PreparedSidebarCards.astro, dynamic import will not move module into another chunk.

00:45:52 [WARN] [vite] [33m[INEFFECTIVE_DYNAMIC_IMPORT] [0msrc/planets/erigone/prepared/content.json is dynamically imported by site/components/ObjectPage.astro but also statically imported by site/components/PreparedSidebarCards.astro, dynamic import will not move module into another chunk.

00:45:52 [WARN] [vite] [33m[INEFFECTIVE_DYNAMIC_IMPORT] [0msrc/planets/eris/prepared/content.json is dynamically imported by site/components/ObjectPage.astro but also statically imported by site/components/PreparedSidebarCards.astro, dynamic import will not move module into another chunk.

00:45:52 [WARN] [vite] [33m[INEFFECTIVE_DYNAMIC_IMPORT] [0msrc/planets/eros/prepared/content.json is dynamically imported by site/components/ObjectPage.astro but also statically imported by site/components/PreparedSidebarCards.astro, dynamic import will not move module into another chunk.

00:45:52 [WARN] [vite] [33m[INEFFECTIVE_DYNAMIC_IMPORT] [0msrc/planets/erriapus/prepared/content.json is dynamically imported by site/components/ObjectPage.astro but also statically imported by site/components/PreparedSidebarCards.astro, dynamic import will not move module into another chunk.

00:45:52 [WARN] [vite] [33m[INEFFECTIVE_DYNAMIC_IMPORT] [0msrc/planets/eudora/prepared/content.json is dynamically imported by site/components/ObjectPage.astro but also statically imported by site/components/PreparedSidebarCards.astro, dynamic import will not move module into another chunk.

00:45:52 [WARN] [vite] [33m[INEFFECTIVE_DYNAMIC_IMPORT] [0msrc/planets/eugenia/prepared/content.json is dynamically imported by site/components/ObjectPage.astro but also statically imported by site/components/PreparedSidebarCards.astro, dynamic import will not move module into another chunk.

00:45:52 [WARN] [vite] [33m[INEFFECTIVE_DYNAMIC_IMPORT] [0msrc/planets/eukrate/prepared/content.json is dynamically imported by site/components/ObjectPage.astro but also statically imported by site/components/PreparedSidebarCards.astro, dynamic import will not move module into another chunk.

00:45:52 [WARN] [vite] [33m[INEFFECTIVE_DYNAMIC_IMPORT] [0msrc/planets/eumelos/prepared/content.json is dynamically imported by site/components/ObjectPage.astro but also statically imported by site/components/PreparedSidebarCards.astro, dynamic import will not move module into another chunk.

00:45:52 [WARN] [vite] [33m[INEFFECTIVE_DYNAMIC_IMPORT] [0msrc/planets/eunomia/prepared/content.json is dynamically imported by site/components/ObjectPage.astro but also statically imported by site/components/PreparedSidebarCards.astro, dynamic import will not move module into another chunk.

00:45:52 [WARN] [vite] [33m[INEFFECTIVE_DYNAMIC_IMPORT] [0msrc/planets/euphrosyne/prepared/content.json is dynamically imported by site/components/ObjectPage.astro but also statically imported by site/components/PreparedSidebarCards.astro, dynamic import will not move module into another chunk.

00:45:52 [WARN] [vite] [33m[INEFFECTIVE_DYNAMIC_IMPORT] [0msrc/planets/europa/prepared/content.json is dynamically imported by site/components/ObjectPage.astro but also statically imported by site/components/PreparedSidebarCards.astro, dynamic import will not move module into another chunk.

00:45:52 [WARN] [vite] [33m[INEFFECTIVE_DYNAMIC_IMPORT] [0msrc/planets/europa-52/prepared/content.json is dynamically imported by site/components/ObjectPage.astro but also statically imported by site/components/PreparedSidebarCards.astro, dynamic import will not move module into another chunk.

00:45:52 [WARN] [vite] [33m[INEFFECTIVE_DYNAMIC_IMPORT] [0msrc/planets/eurybates/prepared/content.json is dynamically imported by site/components/ObjectPage.astro but also statically imported by site/components/PreparedSidebarCards.astro, dynamic import will not move module into another chunk.

00:45:52 [WARN] [vite] [33m[INEFFECTIVE_DYNAMIC_IMPORT] [0msrc/planets/eurykleia/prepared/content.json is dynamically imported by site/components/ObjectPage.astro but also statically imported by site/components/PreparedSidebarCards.astro, dynamic import will not move module into another chunk.

00:45:52 [WARN] [vite] [33m[INEFFECTIVE_DYNAMIC_IMPORT] [0msrc/planets/eurynome/prepared/content.json is dynamically imported by site/components/ObjectPage.astro but also statically imported by site/components/PreparedSidebarCards.astro, dynamic import will not move module into another chunk.

00:45:52 [WARN] [vite] [33m[INEFFECTIVE_DYNAMIC_IMPORT] [0msrc/planets/euterpe/prepared/content.json is dynamically imported by site/components/ObjectPage.astro but also statically imported by site/components/PreparedSidebarCards.astro, dynamic import will not move module into another chunk.

00:45:52 [WARN] [vite] [33m[INEFFECTIVE_DYNAMIC_IMPORT] [0msrc/planets/eva/prepared/content.json is dynamically imported by site/components/ObjectPage.astro but also statically imported by site/components/PreparedSidebarCards.astro, dynamic import will not move module into another chunk.

00:45:52 [WARN] [vite] [33m[INEFFECTIVE_DYNAMIC_IMPORT] [0msrc/planets/felicitas/prepared/content.json is dynamically imported by site/components/ObjectPage.astro but also statically imported by site/components/PreparedSidebarCards.astro, dynamic import will not move module into another chunk.

00:45:52 [WARN] [vite] [33m[INEFFECTIVE_DYNAMIC_IMPORT] [0msrc/planets/feronia/prepared/content.json is dynamically imported by site/components/ObjectPage.astro but also statically imported by site/components/PreparedSidebarCards.astro, dynamic import will not move module into another chunk.

00:45:52 [WARN] [vite] [33m[INEFFECTIVE_DYNAMIC_IMPORT] [0msrc/planets/fides/prepared/content.json is dynamically imported by site/components/ObjectPage.astro but also statically imported by site/components/PreparedSidebarCards.astro, dynamic import will not move module into another chunk.

00:45:52 [WARN] [vite] [33m[INEFFECTIVE_DYNAMIC_IMPORT] [0msrc/planets/flora/prepared/content.json is dynamically imported by site/components/ObjectPage.astro but also statically imported by site/components/PreparedSidebarCards.astro, dynamic import will not move module into another chunk.

00:45:52 [WARN] [vite] [33m[INEFFECTIVE_DYNAMIC_IMPORT] [0msrc/planets/fornjot/prepared/content.json is dynamically imported by site/components/ObjectPage.astro but also statically imported by site/components/PreparedSidebarCards.astro, dynamic import will not move module into another chunk.

00:45:52 [WARN] [vite] [33m[INEFFECTIVE_DYNAMIC_IMPORT] [0msrc/planets/fortuna/prepared/content.json is dynamically imported by site/components/ObjectPage.astro but also statically imported by site/components/PreparedSidebarCards.astro, dynamic import will not move module into another chunk.

00:45:52 [WARN] [vite] [33m[INEFFECTIVE_DYNAMIC_IMPORT] [0msrc/planets/freia/prepared/content.json is dynamically imported by site/components/ObjectPage.astro but also statically imported by site/components/PreparedSidebarCards.astro, dynamic import will not move module into another chunk.

00:45:52 [WARN] [vite] [33m[INEFFECTIVE_DYNAMIC_IMPORT] [0msrc/planets/galatea/prepared/content.json is dynamically imported by site/components/ObjectPage.astro but also statically imported by site/components/PreparedSidebarCards.astro, dynamic import will not move module into another chunk.

00:45:52 [WARN] [vite] [33m[INEFFECTIVE_DYNAMIC_IMPORT] [0msrc/planets/galatea-74/prepared/content.json is dynamically imported by site/components/ObjectPage.astro but also statically imported by site/components/PreparedSidebarCards.astro, dynamic import will not move module into another chunk.

00:45:52 [WARN] [vite] [33m[INEFFECTIVE_DYNAMIC_IMPORT] [0msrc/planets/gallia/prepared/content.json is dynamically imported by site/components/ObjectPage.astro but also statically imported by site/components/PreparedSidebarCards.astro, dynamic import will not move module into another chunk.

00:45:52 [WARN] [vite] [33m[INEFFECTIVE_DYNAMIC_IMPORT] [0msrc/planets/ganymed/prepared/content.json is dynamically imported by site/components/ObjectPage.astro but also statically imported by site/components/PreparedSidebarCards.astro, dynamic import will not move module into another chunk.

00:45:52 [WARN] [vite] [33m[INEFFECTIVE_DYNAMIC_IMPORT] [0msrc/planets/ganymede/prepared/content.json is dynamically imported by site/components/ObjectPage.astro but also statically imported by site/components/PreparedSidebarCards.astro, dynamic import will not move module into another chunk.

00:45:52 [WARN] [vite] [33m[INEFFECTIVE_DYNAMIC_IMPORT] [0msrc/planets/gaspra/prepared/content.json is dynamically imported by site/components/ObjectPage.astro but also statically imported by site/components/PreparedSidebarCards.astro, dynamic import will not move module into another chunk.

00:45:52 [WARN] [vite] [33m[INEFFECTIVE_DYNAMIC_IMPORT] [0msrc/planets/geographos/prepared/content.json is dynamically imported by site/components/ObjectPage.astro but also statically imported by site/components/PreparedSidebarCards.astro, dynamic import will not move module into another chunk.

00:45:52 [WARN] [vite] [33m[INEFFECTIVE_DYNAMIC_IMPORT] [0msrc/planets/gerda/prepared/content.json is dynamically imported by site/components/ObjectPage.astro but also statically imported by site/components/PreparedSidebarCards.astro, dynamic import will not move module into another chunk.

00:45:52 [WARN] [vite] [33m[INEFFECTIVE_DYNAMIC_IMPORT] [0msrc/planets/gkunhomdima/prepared/content.json is dynamically imported by site/components/ObjectPage.astro but also statically imported by site/components/PreparedSidebarCards.astro, dynamic import will not move module into another chunk.

00:45:52 [WARN] [vite] [33m[INEFFECTIVE_DYNAMIC_IMPORT] [0msrc/planets/golevka/prepared/content.json is dynamically imported by site/components/ObjectPage.astro but also statically imported by site/components/PreparedSidebarCards.astro, dynamic import will not move module into another chunk.

00:45:52 [WARN] [vite] [33m[INEFFECTIVE_DYNAMIC_IMPORT] [0msrc/planets/greip/prepared/content.json is dynamically imported by site/components/ObjectPage.astro but also statically imported by site/components/PreparedSidebarCards.astro, dynamic import will not move module into another chunk.

00:45:52 [WARN] [vite] [33m[INEFFECTIVE_DYNAMIC_IMPORT] [0msrc/planets/gryphia/prepared/content.json is dynamically imported by site/components/ObjectPage.astro but also statically imported by site/components/PreparedSidebarCards.astro, dynamic import will not move module into another chunk.

00:45:52 [WARN] [vite] [33m[INEFFECTIVE_DYNAMIC_IMPORT] [0msrc/planets/gyptis/prepared/content.json is dynamically imported by site/components/ObjectPage.astro but also statically imported by site/components/PreparedSidebarCards.astro, dynamic import will not move module into another chunk.

00:45:52 [WARN] [vite] [33m[INEFFECTIVE_DYNAMIC_IMPORT] [0msrc/planets/harmonia/prepared/content.json is dynamically imported by site/components/ObjectPage.astro but also statically imported by site/components/PreparedSidebarCards.astro, dynamic import will not move module into another chunk.

00:45:52 [WARN] [vite] [33m[INEFFECTIVE_DYNAMIC_IMPORT] [0msrc/planets/hati/prepared/content.json is dynamically imported by site/components/ObjectPage.astro but also statically imported by site/components/PreparedSidebarCards.astro, dynamic import will not move module into another chunk.

00:45:52 [WARN] [vite] [33m[INEFFECTIVE_DYNAMIC_IMPORT] [0msrc/planets/haumea/prepared/content.json is dynamically imported by site/components/ObjectPage.astro but also statically imported by site/components/PreparedSidebarCards.astro, dynamic import will not move module into another chunk.

00:45:52 [WARN] [vite] [33m[INEFFECTIVE_DYNAMIC_IMPORT] [0msrc/planets/hebe/prepared/content.json is dynamically imported by site/components/ObjectPage.astro but also statically imported by site/components/PreparedSidebarCards.astro, dynamic import will not move module into another chunk.

00:45:52 [WARN] [vite] [33m[INEFFECTIVE_DYNAMIC_IMPORT] [0msrc/planets/hedda/prepared/content.json is dynamically imported by site/components/ObjectPage.astro but also statically imported by site/components/PreparedSidebarCards.astro, dynamic import will not move module into another chunk.

00:45:52 [WARN] [vite] [33m[INEFFECTIVE_DYNAMIC_IMPORT] [0msrc/planets/hekate/prepared/content.json is dynamically imported by site/components/ObjectPage.astro but also statically imported by site/components/PreparedSidebarCards.astro, dynamic import will not move module into another chunk.

00:45:52 [WARN] [vite] [33m[INEFFECTIVE_DYNAMIC_IMPORT] [0msrc/planets/hektor/prepared/content.json is dynamically imported by site/components/ObjectPage.astro but also statically imported by site/components/PreparedSidebarCards.astro, dynamic import will not move module into another chunk.

00:45:52 [WARN] [vite] [33m[INEFFECTIVE_DYNAMIC_IMPORT] [0msrc/planets/hela/prepared/content.json is dynamically imported by site/components/ObjectPage.astro but also statically imported by site/components/PreparedSidebarCards.astro, dynamic import will not move module into another chunk.

00:45:52 [WARN] [vite] [33m[INEFFECTIVE_DYNAMIC_IMPORT] [0msrc/planets/helene/prepared/content.json is dynamically imported by site/components/ObjectPage.astro but also statically imported by site/components/PreparedSidebarCards.astro, dynamic import will not move module into another chunk.

00:45:52 [WARN] [vite] [33m[INEFFECTIVE_DYNAMIC_IMPORT] [0msrc/planets/henrietta/prepared/content.json is dynamically imported by site/components/ObjectPage.astro but also statically imported by site/components/PreparedSidebarCards.astro, dynamic import will not move module into another chunk.

00:45:52 [WARN] [vite] [33m[INEFFECTIVE_DYNAMIC_IMPORT] [0msrc/planets/hera/prepared/content.json is dynamically imported by site/components/ObjectPage.astro but also statically imported by site/components/PreparedSidebarCards.astro, dynamic import will not move module into another chunk.

00:45:52 [WARN] [vite] [33m[INEFFECTIVE_DYNAMIC_IMPORT] [0msrc/planets/herculina/prepared/content.json is dynamically imported by site/components/ObjectPage.astro but also statically imported by site/components/PreparedSidebarCards.astro, dynamic import will not move module into another chunk.

00:45:52 [WARN] [vite] [33m[INEFFECTIVE_DYNAMIC_IMPORT] [0msrc/planets/hermione/prepared/content.json is dynamically imported by site/components/ObjectPage.astro but also statically imported by site/components/PreparedSidebarCards.astro, dynamic import will not move module into another chunk.

00:45:52 [WARN] [vite] [33m[INEFFECTIVE_DYNAMIC_IMPORT] [0msrc/planets/hersilia/prepared/content.json is dynamically imported by site/components/ObjectPage.astro but also statically imported by site/components/PreparedSidebarCards.astro, dynamic import will not move module into another chunk.

00:45:52 [WARN] [vite] [33m[INEFFECTIVE_DYNAMIC_IMPORT] [0msrc/planets/hertha/prepared/content.json is dynamically imported by site/components/ObjectPage.astro but also statically imported by site/components/PreparedSidebarCards.astro, dynamic import will not move module into another chunk.

00:45:52 [WARN] [vite] [33m[INEFFECTIVE_DYNAMIC_IMPORT] [0msrc/planets/hesperia/prepared/content.json is dynamically imported by site/components/ObjectPage.astro but also statically imported by site/components/PreparedSidebarCards.astro, dynamic import will not move module into another chunk.

00:45:52 [WARN] [vite] [33m[INEFFECTIVE_DYNAMIC_IMPORT] [0msrc/planets/hestia/prepared/content.json is dynamically imported by site/components/ObjectPage.astro but also statically imported by site/components/PreparedSidebarCards.astro, dynamic import will not move module into another chunk.

00:45:52 [WARN] [vite] [33m[INEFFECTIVE_DYNAMIC_IMPORT] [0msrc/planets/hidalgo/prepared/content.json is dynamically imported by site/components/ObjectPage.astro but also statically imported by site/components/PreparedSidebarCards.astro, dynamic import will not move module into another chunk.

00:45:52 [WARN] [vite] [33m[INEFFECTIVE_DYNAMIC_IMPORT] [0msrc/planets/hiiaka/prepared/content.json is dynamically imported by site/components/ObjectPage.astro but also statically imported by site/components/PreparedSidebarCards.astro, dynamic import will not move module into another chunk.

00:45:52 [WARN] [vite] [33m[INEFFECTIVE_DYNAMIC_IMPORT] [0msrc/planets/himalia/prepared/content.json is dynamically imported by site/components/ObjectPage.astro but also statically imported by site/components/PreparedSidebarCards.astro, dynamic import will not move module into another chunk.

00:45:52 [WARN] [vite] [33m[INEFFECTIVE_DYNAMIC_IMPORT] [0msrc/planets/hopi/prepared/content.json is dynamically imported by site/components/ObjectPage.astro but also statically imported by site/components/PreparedSidebarCards.astro, dynamic import will not move module into another chunk.

00:45:52 [WARN] [vite] [33m[INEFFECTIVE_DYNAMIC_IMPORT] [0msrc/planets/huberta/prepared/content.json is dynamically imported by site/components/ObjectPage.astro but also statically imported by site/components/PreparedSidebarCards.astro, dynamic import will not move module into another chunk.

00:45:52 [WARN] [vite] [33m[INEFFECTIVE_DYNAMIC_IMPORT] [0msrc/planets/hydra/prepared/content.json is dynamically imported by site/components/ObjectPage.astro but also statically imported by site/components/PreparedSidebarCards.astro, dynamic import will not move module into another chunk.

00:45:52 [WARN] [vite] [33m[INEFFECTIVE_DYNAMIC_IMPORT] [0msrc/planets/hygiea/prepared/content.json is dynamically imported by site/components/ObjectPage.astro but also statically imported by site/components/PreparedSidebarCards.astro, dynamic import will not move module into another chunk.

00:45:52 [WARN] [vite] [33m[INEFFECTIVE_DYNAMIC_IMPORT] [0msrc/planets/hypatia/prepared/content.json is dynamically imported by site/components/ObjectPage.astro but also statically imported by site/components/PreparedSidebarCards.astro, dynamic import will not move module into another chunk.

00:45:52 [WARN] [vite] [33m[INEFFECTIVE_DYNAMIC_IMPORT] [0msrc/planets/hyperion/prepared/content.json is dynamically imported by site/components/ObjectPage.astro but also statically imported by site/components/PreparedSidebarCards.astro, dynamic import will not move module into another chunk.

00:45:52 [WARN] [vite] [33m[INEFFECTIVE_DYNAMIC_IMPORT] [0msrc/planets/hyrrokkin/prepared/content.json is dynamically imported by site/components/ObjectPage.astro but also statically imported by site/components/PreparedSidebarCards.astro, dynamic import will not move module into another chunk.

00:45:52 [WARN] [vite] [33m[INEFFECTIVE_DYNAMIC_IMPORT] [0msrc/planets/ianthe/prepared/content.json is dynamically imported by site/components/ObjectPage.astro but also statically imported by site/components/PreparedSidebarCards.astro, dynamic import will not move module into another chunk.

00:45:52 [WARN] [vite] [33m[INEFFECTIVE_DYNAMIC_IMPORT] [0msrc/planets/iapetus/prepared/content.json is dynamically imported by site/components/ObjectPage.astro but also statically imported by site/components/PreparedSidebarCards.astro, dynamic import will not move module into another chunk.

00:45:52 [WARN] [vite] [33m[INEFFECTIVE_DYNAMIC_IMPORT] [0msrc/planets/iau/prepared/content.json is dynamically imported by site/components/ObjectPage.astro but also statically imported by site/components/PreparedSidebarCards.astro, dynamic import will not move module into another chunk.

00:45:52 [WARN] [vite] [33m[INEFFECTIVE_DYNAMIC_IMPORT] [0msrc/planets/iclea/prepared/content.json is dynamically imported by site/components/ObjectPage.astro but also statically imported by site/components/PreparedSidebarCards.astro, dynamic import will not move module into another chunk.

00:45:52 [WARN] [vite] [33m[INEFFECTIVE_DYNAMIC_IMPORT] [0msrc/planets/ida/prepared/content.json is dynamically imported by site/components/ObjectPage.astro but also statically imported by site/components/PreparedSidebarCards.astro, dynamic import will not move module into another chunk.

00:45:52 [WARN] [vite] [33m[INEFFECTIVE_DYNAMIC_IMPORT] [0msrc/planets/ijiraq/prepared/content.json is dynamically imported by site/components/ObjectPage.astro but also statically imported by site/components/PreparedSidebarCards.astro, dynamic import will not move module into another chunk.

00:45:52 [WARN] [vite] [33m[INEFFECTIVE_DYNAMIC_IMPORT] [0msrc/planets/ilioneus/prepared/content.json is dynamically imported by site/components/ObjectPage.astro but also statically imported by site/components/PreparedSidebarCards.astro, dynamic import will not move module into another chunk.

00:45:52 [WARN] [vite] [33m[INEFFECTIVE_DYNAMIC_IMPORT] [0msrc/planets/ilse/prepared/content.json is dynamically imported by site/components/ObjectPage.astro but also statically imported by site/components/PreparedSidebarCards.astro, dynamic import will not move module into another chunk.

00:45:52 [WARN] [vite] [33m[INEFFECTIVE_DYNAMIC_IMPORT] [0msrc/planets/ino/prepared/content.json is dynamically imported by site/components/ObjectPage.astro but also statically imported by site/components/PreparedSidebarCards.astro, dynamic import will not move module into another chunk.

00:45:52 [WARN] [vite] [33m[INEFFECTIVE_DYNAMIC_IMPORT] [0msrc/planets/interamnia/prepared/content.json is dynamically imported by site/components/ObjectPage.astro but also statically imported by site/components/PreparedSidebarCards.astro, dynamic import will not move module into another chunk.

00:45:52 [WARN] [vite] [33m[INEFFECTIVE_DYNAMIC_IMPORT] [0msrc/planets/io/prepared/content.json is dynamically imported by site/components/ObjectPage.astro but also statically imported by site/components/PreparedSidebarCards.astro, dynamic import will not move module into another chunk.

00:45:52 [WARN] [vite] [33m[INEFFECTIVE_DYNAMIC_IMPORT] [0msrc/planets/io-85/prepared/content.json is dynamically imported by site/components/ObjectPage.astro but also statically imported by site/components/PreparedSidebarCards.astro, dynamic import will not move module into another chunk.

00:45:52 [WARN] [vite] [33m[INEFFECTIVE_DYNAMIC_IMPORT] [0msrc/planets/iphigenia/prepared/content.json is dynamically imported by site/components/ObjectPage.astro but also statically imported by site/components/PreparedSidebarCards.astro, dynamic import will not move module into another chunk.

00:45:52 [WARN] [vite] [33m[INEFFECTIVE_DYNAMIC_IMPORT] [0msrc/planets/irene/prepared/content.json is dynamically imported by site/components/ObjectPage.astro but also statically imported by site/components/PreparedSidebarCards.astro, dynamic import will not move module into another chunk.

00:45:52 [WARN] [vite] [33m[INEFFECTIVE_DYNAMIC_IMPORT] [0msrc/planets/iris/prepared/content.json is dynamically imported by site/components/ObjectPage.astro but also statically imported by site/components/PreparedSidebarCards.astro, dynamic import will not move module into another chunk.

00:45:52 [WARN] [vite] [33m[INEFFECTIVE_DYNAMIC_IMPORT] [0msrc/planets/isabella/prepared/content.json is dynamically imported by site/components/ObjectPage.astro but also statically imported by site/components/PreparedSidebarCards.astro, dynamic import will not move module into another chunk.

00:45:52 [WARN] [vite] [33m[INEFFECTIVE_DYNAMIC_IMPORT] [0msrc/planets/isis/prepared/content.json is dynamically imported by site/components/ObjectPage.astro but also statically imported by site/components/PreparedSidebarCards.astro, dynamic import will not move module into another chunk.

00:45:52 [WARN] [vite] [33m[INEFFECTIVE_DYNAMIC_IMPORT] [0msrc/planets/itokawa/prepared/content.json is dynamically imported by site/components/ObjectPage.astro but also statically imported by site/components/PreparedSidebarCards.astro, dynamic import will not move module into another chunk.

00:45:52 [WARN] [vite] [33m[INEFFECTIVE_DYNAMIC_IMPORT] [0msrc/planets/ivar/prepared/content.json is dynamically imported by site/components/ObjectPage.astro but also statically imported by site/components/PreparedSidebarCards.astro, dynamic import will not move module into another chunk.

00:45:52 [WARN] [vite] [33m[INEFFECTIVE_DYNAMIC_IMPORT] [0msrc/planets/janus/prepared/content.json is dynamically imported by site/components/ObjectPage.astro but also statically imported by site/components/PreparedSidebarCards.astro, dynamic import will not move module into another chunk.

00:45:52 [WARN] [vite] [33m[INEFFECTIVE_DYNAMIC_IMPORT] [0msrc/planets/johanna/prepared/content.json is dynamically imported by site/components/ObjectPage.astro but also statically imported by site/components/PreparedSidebarCards.astro, dynamic import will not move module into another chunk.

00:45:52 [WARN] [vite] [33m[INEFFECTIVE_DYNAMIC_IMPORT] [0msrc/planets/juewa/prepared/content.json is dynamically imported by site/components/ObjectPage.astro but also statically imported by site/components/PreparedSidebarCards.astro, dynamic import will not move module into another chunk.

00:45:52 [WARN] [vite] [33m[INEFFECTIVE_DYNAMIC_IMPORT] [0msrc/planets/julia/prepared/content.json is dynamically imported by site/components/ObjectPage.astro but also statically imported by site/components/PreparedSidebarCards.astro, dynamic import will not move module into another chunk.

00:45:52 [WARN] [vite] [33m[INEFFECTIVE_DYNAMIC_IMPORT] [0msrc/planets/juliet/prepared/content.json is dynamically imported by site/components/ObjectPage.astro but also statically imported by site/components/PreparedSidebarCards.astro, dynamic import will not move module into another chunk.

00:45:52 [WARN] [vite] [33m[INEFFECTIVE_DYNAMIC_IMPORT] [0msrc/planets/juno/prepared/content.json is dynamically imported by site/components/ObjectPage.astro but also statically imported by site/components/PreparedSidebarCards.astro, dynamic import will not move module into another chunk.

00:45:52 [WARN] [vite] [33m[INEFFECTIVE_DYNAMIC_IMPORT] [0msrc/planets/jupiter/prepared/content.json is dynamically imported by site/components/ObjectPage.astro but also statically imported by site/components/PreparedSidebarCards.astro, dynamic import will not move module into another chunk.

00:45:52 [WARN] [vite] [33m[INEFFECTIVE_DYNAMIC_IMPORT] [0msrc/planets/kalliope/prepared/content.json is dynamically imported by site/components/ObjectPage.astro but also statically imported by site/components/PreparedSidebarCards.astro, dynamic import will not move module into another chunk.

00:45:52 [WARN] [vite] [33m[INEFFECTIVE_DYNAMIC_IMPORT] [0msrc/planets/kallisto/prepared/content.json is dynamically imported by site/components/ObjectPage.astro but also statically imported by site/components/PreparedSidebarCards.astro, dynamic import will not move module into another chunk.

00:45:52 [WARN] [vite] [33m[INEFFECTIVE_DYNAMIC_IMPORT] [0msrc/planets/kalypso/prepared/content.json is dynamically imported by site/components/ObjectPage.astro but also statically imported by site/components/PreparedSidebarCards.astro, dynamic import will not move module into another chunk.

00:45:52 [WARN] [vite] [33m[INEFFECTIVE_DYNAMIC_IMPORT] [0msrc/planets/kemi/prepared/content.json is dynamically imported by site/components/ObjectPage.astro but also statically imported by site/components/PreparedSidebarCards.astro, dynamic import will not move module into another chunk.

00:45:52 [WARN] [vite] [33m[INEFFECTIVE_DYNAMIC_IMPORT] [0msrc/planets/kerberos/prepared/content.json is dynamically imported by site/components/ObjectPage.astro but also statically imported by site/components/PreparedSidebarCards.astro, dynamic import will not move module into another chunk.

00:45:52 [WARN] [vite] [33m[INEFFECTIVE_DYNAMIC_IMPORT] [0msrc/planets/kiviuq/prepared/content.json is dynamically imported by site/components/ObjectPage.astro but also statically imported by site/components/PreparedSidebarCards.astro, dynamic import will not move module into another chunk.

00:45:52 [WARN] [vite] [33m[INEFFECTIVE_DYNAMIC_IMPORT] [0msrc/planets/kleopatra/prepared/content.json is dynamically imported by site/components/ObjectPage.astro but also statically imported by site/components/PreparedSidebarCards.astro, dynamic import will not move module into another chunk.

00:45:52 [WARN] [vite] [33m[INEFFECTIVE_DYNAMIC_IMPORT] [0msrc/planets/klio/prepared/content.json is dynamically imported by site/components/ObjectPage.astro but also statically imported by site/components/PreparedSidebarCards.astro, dynamic import will not move module into another chunk.

00:45:52 [WARN] [vite] [33m[INEFFECTIVE_DYNAMIC_IMPORT] [0msrc/planets/klotho/prepared/content.json is dynamically imported by site/components/ObjectPage.astro but also statically imported by site/components/PreparedSidebarCards.astro, dynamic import will not move module into another chunk.

00:45:52 [WARN] [vite] [33m[INEFFECTIVE_DYNAMIC_IMPORT] [0msrc/planets/klymene/prepared/content.json is dynamically imported by site/components/ObjectPage.astro but also statically imported by site/components/PreparedSidebarCards.astro, dynamic import will not move module into another chunk.

00:45:52 [WARN] [vite] [33m[INEFFECTIVE_DYNAMIC_IMPORT] [0msrc/planets/klytia/prepared/content.json is dynamically imported by site/components/ObjectPage.astro but also statically imported by site/components/PreparedSidebarCards.astro, dynamic import will not move module into another chunk.

00:45:52 [WARN] [vite] [33m[INEFFECTIVE_DYNAMIC_IMPORT] [0msrc/planets/kolga/prepared/content.json is dynamically imported by site/components/ObjectPage.astro but also statically imported by site/components/PreparedSidebarCards.astro, dynamic import will not move module into another chunk.

00:45:52 [WARN] [vite] [33m[INEFFECTIVE_DYNAMIC_IMPORT] [0msrc/planets/kressmannia/prepared/content.json is dynamically imported by site/components/ObjectPage.astro but also statically imported by site/components/PreparedSidebarCards.astro, dynamic import will not move module into another chunk.

00:45:52 [WARN] [vite] [33m[INEFFECTIVE_DYNAMIC_IMPORT] [0msrc/planets/kriemhild/prepared/content.json is dynamically imported by site/components/ObjectPage.astro but also statically imported by site/components/PreparedSidebarCards.astro, dynamic import will not move module into another chunk.

00:45:52 [WARN] [vite] [33m[INEFFECTIVE_DYNAMIC_IMPORT] [0msrc/planets/lachesis/prepared/content.json is dynamically imported by site/components/ObjectPage.astro but also statically imported by site/components/PreparedSidebarCards.astro, dynamic import will not move module into another chunk.

00:45:52 [WARN] [vite] [33m[INEFFECTIVE_DYNAMIC_IMPORT] [0msrc/planets/laetitia/prepared/content.json is dynamically imported by site/components/ObjectPage.astro but also statically imported by site/components/PreparedSidebarCards.astro, dynamic import will not move module into another chunk.

00:45:52 [WARN] [vite] [33m[INEFFECTIVE_DYNAMIC_IMPORT] [0msrc/planets/lamberta/prepared/content.json is dynamically imported by site/components/ObjectPage.astro but also statically imported by site/components/PreparedSidebarCards.astro, dynamic import will not move module into another chunk.

00:45:52 [WARN] [vite] [33m[INEFFECTIVE_DYNAMIC_IMPORT] [0msrc/planets/larissa/prepared/content.json is dynamically imported by site/components/ObjectPage.astro but also statically imported by site/components/PreparedSidebarCards.astro, dynamic import will not move module into another chunk.

00:45:52 [WARN] [vite] [33m[INEFFECTIVE_DYNAMIC_IMPORT] [0msrc/planets/laurentia/prepared/content.json is dynamically imported by site/components/ObjectPage.astro but also statically imported by site/components/PreparedSidebarCards.astro, dynamic import will not move module into another chunk.

00:45:52 [WARN] [vite] [33m[INEFFECTIVE_DYNAMIC_IMPORT] [0msrc/planets/leda-38/prepared/content.json is dynamically imported by site/components/ObjectPage.astro but also statically imported by site/components/PreparedSidebarCards.astro, dynamic import will not move module into another chunk.

00:45:52 [WARN] [vite] [33m[INEFFECTIVE_DYNAMIC_IMPORT] [0msrc/planets/leto/prepared/content.json is dynamically imported by site/components/ObjectPage.astro but also statically imported by site/components/PreparedSidebarCards.astro, dynamic import will not move module into another chunk.

00:45:52 [WARN] [vite] [33m[INEFFECTIVE_DYNAMIC_IMPORT] [0msrc/planets/leucus/prepared/content.json is dynamically imported by site/components/ObjectPage.astro but also statically imported by site/components/PreparedSidebarCards.astro, dynamic import will not move module into another chunk.

00:45:52 [WARN] [vite] [33m[INEFFECTIVE_DYNAMIC_IMPORT] [0msrc/planets/leukothea/prepared/content.json is dynamically imported by site/components/ObjectPage.astro but also statically imported by site/components/PreparedSidebarCards.astro, dynamic import will not move module into another chunk.

00:45:52 [WARN] [vite] [33m[INEFFECTIVE_DYNAMIC_IMPORT] [0msrc/planets/liberatrix/prepared/content.json is dynamically imported by site/components/ObjectPage.astro but also statically imported by site/components/PreparedSidebarCards.astro, dynamic import will not move module into another chunk.

00:45:52 [WARN] [vite] [33m[INEFFECTIVE_DYNAMIC_IMPORT] [0msrc/planets/libussa/prepared/content.json is dynamically imported by site/components/ObjectPage.astro but also statically imported by site/components/PreparedSidebarCards.astro, dynamic import will not move module into another chunk.

00:45:52 [WARN] [vite] [33m[INEFFECTIVE_DYNAMIC_IMPORT] [0msrc/planets/lilaea/prepared/content.json is dynamically imported by site/components/ObjectPage.astro but also statically imported by site/components/PreparedSidebarCards.astro, dynamic import will not move module into another chunk.

00:45:52 [WARN] [vite] [33m[INEFFECTIVE_DYNAMIC_IMPORT] [0msrc/planets/loge/prepared/content.json is dynamically imported by site/components/ObjectPage.astro but also statically imported by site/components/PreparedSidebarCards.astro, dynamic import will not move module into another chunk.

00:45:52 [WARN] [vite] [33m[INEFFECTIVE_DYNAMIC_IMPORT] [0msrc/planets/lomia/prepared/content.json is dynamically imported by site/components/ObjectPage.astro but also statically imported by site/components/PreparedSidebarCards.astro, dynamic import will not move module into another chunk.

00:45:52 [WARN] [vite] [33m[INEFFECTIVE_DYNAMIC_IMPORT] [0msrc/planets/loreley/prepared/content.json is dynamically imported by site/components/ObjectPage.astro but also statically imported by site/components/PreparedSidebarCards.astro, dynamic import will not move module into another chunk.

00:45:52 [WARN] [vite] [33m[INEFFECTIVE_DYNAMIC_IMPORT] [0msrc/planets/lucia/prepared/content.json is dynamically imported by site/components/ObjectPage.astro but also statically imported by site/components/PreparedSidebarCards.astro, dynamic import will not move module into another chunk.

00:45:52 [WARN] [vite] [33m[INEFFECTIVE_DYNAMIC_IMPORT] [0msrc/planets/lucina/prepared/content.json is dynamically imported by site/components/ObjectPage.astro but also statically imported by site/components/PreparedSidebarCards.astro, dynamic import will not move module into another chunk.

00:45:52 [WARN] [vite] [33m[INEFFECTIVE_DYNAMIC_IMPORT] [0msrc/planets/lutetia/prepared/content.json is dynamically imported by site/components/ObjectPage.astro but also statically imported by site/components/PreparedSidebarCards.astro, dynamic import will not move module into another chunk.

00:45:52 [WARN] [vite] [33m[INEFFECTIVE_DYNAMIC_IMPORT] [0msrc/planets/lycomedes/prepared/content.json is dynamically imported by site/components/ObjectPage.astro but also statically imported by site/components/PreparedSidebarCards.astro, dynamic import will not move module into another chunk.

00:45:52 [WARN] [vite] [33m[INEFFECTIVE_DYNAMIC_IMPORT] [0msrc/planets/lydia/prepared/content.json is dynamically imported by site/components/ObjectPage.astro but also statically imported by site/components/PreparedSidebarCards.astro, dynamic import will not move module into another chunk.

00:45:52 [WARN] [vite] [33m[INEFFECTIVE_DYNAMIC_IMPORT] [0msrc/planets/lyyli/prepared/content.json is dynamically imported by site/components/ObjectPage.astro but also statically imported by site/components/PreparedSidebarCards.astro, dynamic import will not move module into another chunk.

00:45:52 [WARN] [vite] [33m[INEFFECTIVE_DYNAMIC_IMPORT] [0msrc/planets/maja/prepared/content.json is dynamically imported by site/components/ObjectPage.astro but also statically imported by site/components/PreparedSidebarCards.astro, dynamic import will not move module into another chunk.

00:45:52 [WARN] [vite] [33m[INEFFECTIVE_DYNAMIC_IMPORT] [0msrc/planets/makemake/prepared/content.json is dynamically imported by site/components/ObjectPage.astro but also statically imported by site/components/PreparedSidebarCards.astro, dynamic import will not move module into another chunk.

00:45:52 [WARN] [vite] [33m[INEFFECTIVE_DYNAMIC_IMPORT] [0msrc/planets/mars/prepared/content.json is dynamically imported by site/components/ObjectPage.astro but also statically imported by site/components/PreparedSidebarCards.astro, dynamic import will not move module into another chunk.

00:45:52 [WARN] [vite] [33m[INEFFECTIVE_DYNAMIC_IMPORT] [0msrc/planets/massalia/prepared/content.json is dynamically imported by site/components/ObjectPage.astro but also statically imported by site/components/PreparedSidebarCards.astro, dynamic import will not move module into another chunk.

00:45:52 [WARN] [vite] [33m[INEFFECTIVE_DYNAMIC_IMPORT] [0msrc/planets/mathilde/prepared/content.json is dynamically imported by site/components/ObjectPage.astro but also statically imported by site/components/PreparedSidebarCards.astro, dynamic import will not move module into another chunk.

00:45:52 [WARN] [vite] [33m[INEFFECTIVE_DYNAMIC_IMPORT] [0msrc/planets/medea/prepared/content.json is dynamically imported by site/components/ObjectPage.astro but also statically imported by site/components/PreparedSidebarCards.astro, dynamic import will not move module into another chunk.

00:45:52 [WARN] [vite] [33m[INEFFECTIVE_DYNAMIC_IMPORT] [0msrc/planets/medusa/prepared/content.json is dynamically imported by site/components/ObjectPage.astro but also statically imported by site/components/PreparedSidebarCards.astro, dynamic import will not move module into another chunk.

00:45:52 [WARN] [vite] [33m[INEFFECTIVE_DYNAMIC_IMPORT] [0msrc/planets/melete/prepared/content.json is dynamically imported by site/components/ObjectPage.astro but also statically imported by site/components/PreparedSidebarCards.astro, dynamic import will not move module into another chunk.

00:45:52 [WARN] [vite] [33m[INEFFECTIVE_DYNAMIC_IMPORT] [0msrc/planets/meliboea/prepared/content.json is dynamically imported by site/components/ObjectPage.astro but also statically imported by site/components/PreparedSidebarCards.astro, dynamic import will not move module into another chunk.

00:45:52 [WARN] [vite] [33m[INEFFECTIVE_DYNAMIC_IMPORT] [0msrc/planets/melpomene/prepared/content.json is dynamically imported by site/components/ObjectPage.astro but also statically imported by site/components/PreparedSidebarCards.astro, dynamic import will not move module into another chunk.

00:45:52 [WARN] [vite] [33m[INEFFECTIVE_DYNAMIC_IMPORT] [0msrc/planets/menelaus/prepared/content.json is dynamically imported by site/components/ObjectPage.astro but also statically imported by site/components/PreparedSidebarCards.astro, dynamic import will not move module into another chunk.

00:45:52 [WARN] [vite] [33m[INEFFECTIVE_DYNAMIC_IMPORT] [0msrc/planets/menippe/prepared/content.json is dynamically imported by site/components/ObjectPage.astro but also statically imported by site/components/PreparedSidebarCards.astro, dynamic import will not move module into another chunk.

00:45:52 [WARN] [vite] [33m[INEFFECTIVE_DYNAMIC_IMPORT] [0msrc/planets/menoetius/prepared/content.json is dynamically imported by site/components/ObjectPage.astro but also statically imported by site/components/PreparedSidebarCards.astro, dynamic import will not move module into another chunk.

00:45:52 [WARN] [vite] [33m[INEFFECTIVE_DYNAMIC_IMPORT] [0msrc/planets/mentor/prepared/content.json is dynamically imported by site/components/ObjectPage.astro but also statically imported by site/components/PreparedSidebarCards.astro, dynamic import will not move module into another chunk.

00:45:52 [WARN] [vite] [33m[INEFFECTIVE_DYNAMIC_IMPORT] [0msrc/planets/mercury/prepared/content.json is dynamically imported by site/components/ObjectPage.astro but also statically imported by site/components/PreparedSidebarCards.astro, dynamic import will not move module into another chunk.

00:45:52 [WARN] [vite] [33m[INEFFECTIVE_DYNAMIC_IMPORT] [0msrc/planets/methone/prepared/content.json is dynamically imported by site/components/ObjectPage.astro but also statically imported by site/components/PreparedSidebarCards.astro, dynamic import will not move module into another chunk.

00:45:52 [WARN] [vite] [33m[INEFFECTIVE_DYNAMIC_IMPORT] [0msrc/planets/metis/prepared/content.json is dynamically imported by site/components/ObjectPage.astro but also statically imported by site/components/PreparedSidebarCards.astro, dynamic import will not move module into another chunk.

00:45:52 [WARN] [vite] [33m[INEFFECTIVE_DYNAMIC_IMPORT] [0msrc/planets/metis-9/prepared/content.json is dynamically imported by site/components/ObjectPage.astro but also statically imported by site/components/PreparedSidebarCards.astro, dynamic import will not move module into another chunk.

00:45:52 [WARN] [vite] [33m[INEFFECTIVE_DYNAMIC_IMPORT] [0msrc/planets/mimas/prepared/content.json is dynamically imported by site/components/ObjectPage.astro but also statically imported by site/components/PreparedSidebarCards.astro, dynamic import will not move module into another chunk.

00:45:52 [WARN] [vite] [33m[INEFFECTIVE_DYNAMIC_IMPORT] [0msrc/planets/minerva/prepared/content.json is dynamically imported by site/components/ObjectPage.astro but also statically imported by site/components/PreparedSidebarCards.astro, dynamic import will not move module into another chunk.

00:45:52 [WARN] [vite] [33m[INEFFECTIVE_DYNAMIC_IMPORT] [0msrc/planets/miranda/prepared/content.json is dynamically imported by site/components/ObjectPage.astro but also statically imported by site/components/PreparedSidebarCards.astro, dynamic import will not move module into another chunk.

00:45:52 [WARN] [vite] [33m[INEFFECTIVE_DYNAMIC_IMPORT] [0msrc/planets/mithra/prepared/content.json is dynamically imported by site/components/ObjectPage.astro but also statically imported by site/components/PreparedSidebarCards.astro, dynamic import will not move module into another chunk.

00:45:52 [WARN] [vite] [33m[INEFFECTIVE_DYNAMIC_IMPORT] [0msrc/planets/moon/prepared/content.json is dynamically imported by site/components/ObjectPage.astro but also statically imported by site/components/PreparedSidebarCards.astro, dynamic import will not move module into another chunk.

00:45:52 [WARN] [vite] [33m[INEFFECTIVE_DYNAMIC_IMPORT] [0msrc/planets/moshup/prepared/content.json is dynamically imported by site/components/ObjectPage.astro but also statically imported by site/components/PreparedSidebarCards.astro, dynamic import will not move module into another chunk.

00:45:52 [WARN] [vite] [33m[INEFFECTIVE_DYNAMIC_IMPORT] [0msrc/planets/moskva/prepared/content.json is dynamically imported by site/components/ObjectPage.astro but also statically imported by site/components/PreparedSidebarCards.astro, dynamic import will not move module into another chunk.

00:45:52 [WARN] [vite] [33m[INEFFECTIVE_DYNAMIC_IMPORT] [0msrc/planets/mr-spock/prepared/content.json is dynamically imported by site/components/ObjectPage.astro but also statically imported by site/components/PreparedSidebarCards.astro, dynamic import will not move module into another chunk.

00:45:52 [WARN] [vite] [33m[INEFFECTIVE_DYNAMIC_IMPORT] [0msrc/planets/mundilfari/prepared/content.json is dynamically imported by site/components/ObjectPage.astro but also statically imported by site/components/PreparedSidebarCards.astro, dynamic import will not move module into another chunk.

00:45:52 [WARN] [vite] [33m[INEFFECTIVE_DYNAMIC_IMPORT] [0msrc/planets/musa/prepared/content.json is dynamically imported by site/components/ObjectPage.astro but also statically imported by site/components/PreparedSidebarCards.astro, dynamic import will not move module into another chunk.

00:45:52 [WARN] [vite] [33m[INEFFECTIVE_DYNAMIC_IMPORT] [0msrc/planets/naiad/prepared/content.json is dynamically imported by site/components/ObjectPage.astro but also statically imported by site/components/PreparedSidebarCards.astro, dynamic import will not move module into another chunk.

00:45:52 [WARN] [vite] [33m[INEFFECTIVE_DYNAMIC_IMPORT] [0msrc/planets/nausikaa/prepared/content.json is dynamically imported by site/components/ObjectPage.astro but also statically imported by site/components/PreparedSidebarCards.astro, dynamic import will not move module into another chunk.

00:45:52 [WARN] [vite] [33m[INEFFECTIVE_DYNAMIC_IMPORT] [0msrc/planets/nemausa/prepared/content.json is dynamically imported by site/components/ObjectPage.astro but also statically imported by site/components/PreparedSidebarCards.astro, dynamic import will not move module into another chunk.

00:45:52 [WARN] [vite] [33m[INEFFECTIVE_DYNAMIC_IMPORT] [0msrc/planets/nemesis/prepared/content.json is dynamically imported by site/components/ObjectPage.astro but also statically imported by site/components/PreparedSidebarCards.astro, dynamic import will not move module into another chunk.

00:45:52 [WARN] [vite] [33m[INEFFECTIVE_DYNAMIC_IMPORT] [0msrc/planets/neptune/prepared/content.json is dynamically imported by site/components/ObjectPage.astro but also statically imported by site/components/PreparedSidebarCards.astro, dynamic import will not move module into another chunk.

00:45:52 [WARN] [vite] [33m[INEFFECTIVE_DYNAMIC_IMPORT] [0msrc/planets/nereid/prepared/content.json is dynamically imported by site/components/ObjectPage.astro but also statically imported by site/components/PreparedSidebarCards.astro, dynamic import will not move module into another chunk.

00:45:52 [WARN] [vite] [33m[INEFFECTIVE_DYNAMIC_IMPORT] [0msrc/planets/nereus/prepared/content.json is dynamically imported by site/components/ObjectPage.astro but also statically imported by site/components/PreparedSidebarCards.astro, dynamic import will not move module into another chunk.

00:45:52 [WARN] [vite] [33m[INEFFECTIVE_DYNAMIC_IMPORT] [0msrc/planets/niobe/prepared/content.json is dynamically imported by site/components/ObjectPage.astro but also statically imported by site/components/PreparedSidebarCards.astro, dynamic import will not move module into another chunk.

00:45:52 [WARN] [vite] [33m[INEFFECTIVE_DYNAMIC_IMPORT] [0msrc/planets/nix/prepared/content.json is dynamically imported by site/components/ObjectPage.astro but also statically imported by site/components/PreparedSidebarCards.astro, dynamic import will not move module into another chunk.

00:45:52 [WARN] [vite] [33m[INEFFECTIVE_DYNAMIC_IMPORT] [0msrc/planets/nuwa/prepared/content.json is dynamically imported by site/components/ObjectPage.astro but also statically imported by site/components/PreparedSidebarCards.astro, dynamic import will not move module into another chunk.

00:45:52 [WARN] [vite] [33m[INEFFECTIVE_DYNAMIC_IMPORT] [0msrc/planets/nysa/prepared/content.json is dynamically imported by site/components/ObjectPage.astro but also statically imported by site/components/PreparedSidebarCards.astro, dynamic import will not move module into another chunk.

00:45:52 [WARN] [vite] [33m[INEFFECTIVE_DYNAMIC_IMPORT] [0msrc/planets/oberon/prepared/content.json is dynamically imported by site/components/ObjectPage.astro but also statically imported by site/components/PreparedSidebarCards.astro, dynamic import will not move module into another chunk.

00:45:52 [WARN] [vite] [33m[INEFFECTIVE_DYNAMIC_IMPORT] [0msrc/planets/oenone/prepared/content.json is dynamically imported by site/components/ObjectPage.astro but also statically imported by site/components/PreparedSidebarCards.astro, dynamic import will not move module into another chunk.

00:45:52 [WARN] [vite] [33m[INEFFECTIVE_DYNAMIC_IMPORT] [0msrc/planets/ophelia/prepared/content.json is dynamically imported by site/components/ObjectPage.astro but also statically imported by site/components/PreparedSidebarCards.astro, dynamic import will not move module into another chunk.

00:45:52 [WARN] [vite] [33m[INEFFECTIVE_DYNAMIC_IMPORT] [0msrc/planets/orus/prepared/content.json is dynamically imported by site/components/ObjectPage.astro but also statically imported by site/components/PreparedSidebarCards.astro, dynamic import will not move module into another chunk.

00:45:52 [WARN] [vite] [33m[INEFFECTIVE_DYNAMIC_IMPORT] [0msrc/planets/paaliaq/prepared/content.json is dynamically imported by site/components/ObjectPage.astro but also statically imported by site/components/PreparedSidebarCards.astro, dynamic import will not move module into another chunk.

00:45:52 [WARN] [vite] [33m[INEFFECTIVE_DYNAMIC_IMPORT] [0msrc/planets/pales/prepared/content.json is dynamically imported by site/components/ObjectPage.astro but also statically imported by site/components/PreparedSidebarCards.astro, dynamic import will not move module into another chunk.

00:45:52 [WARN] [vite] [33m[INEFFECTIVE_DYNAMIC_IMPORT] [0msrc/planets/pallas/prepared/content.json is dynamically imported by site/components/ObjectPage.astro but also statically imported by site/components/PreparedSidebarCards.astro, dynamic import will not move module into another chunk.

00:45:52 [WARN] [vite] [33m[INEFFECTIVE_DYNAMIC_IMPORT] [0msrc/planets/pallene/prepared/content.json is dynamically imported by site/components/ObjectPage.astro but also statically imported by site/components/PreparedSidebarCards.astro, dynamic import will not move module into another chunk.

00:45:52 [WARN] [vite] [33m[INEFFECTIVE_DYNAMIC_IMPORT] [0msrc/planets/palma/prepared/content.json is dynamically imported by site/components/ObjectPage.astro but also statically imported by site/components/PreparedSidebarCards.astro, dynamic import will not move module into another chunk.

00:45:52 [WARN] [vite] [33m[INEFFECTIVE_DYNAMIC_IMPORT] [0msrc/planets/pan/prepared/content.json is dynamically imported by site/components/ObjectPage.astro but also statically imported by site/components/PreparedSidebarCards.astro, dynamic import will not move module into another chunk.

00:45:52 [WARN] [vite] [33m[INEFFECTIVE_DYNAMIC_IMPORT] [0msrc/planets/pandora/prepared/content.json is dynamically imported by site/components/ObjectPage.astro but also statically imported by site/components/PreparedSidebarCards.astro, dynamic import will not move module into another chunk.

00:45:52 [WARN] [vite] [33m[INEFFECTIVE_DYNAMIC_IMPORT] [0msrc/planets/pandora-55/prepared/content.json is dynamically imported by site/components/ObjectPage.astro but also statically imported by site/components/PreparedSidebarCards.astro, dynamic import will not move module into another chunk.

00:45:52 [WARN] [vite] [33m[INEFFECTIVE_DYNAMIC_IMPORT] [0msrc/planets/panopaea/prepared/content.json is dynamically imported by site/components/ObjectPage.astro but also statically imported by site/components/PreparedSidebarCards.astro, dynamic import will not move module into another chunk.

00:45:52 [WARN] [vite] [33m[INEFFECTIVE_DYNAMIC_IMPORT] [0msrc/planets/parthenope/prepared/content.json is dynamically imported by site/components/ObjectPage.astro but also statically imported by site/components/PreparedSidebarCards.astro, dynamic import will not move module into another chunk.

00:45:52 [WARN] [vite] [33m[INEFFECTIVE_DYNAMIC_IMPORT] [0msrc/planets/parysatis/prepared/content.json is dynamically imported by site/components/ObjectPage.astro but also statically imported by site/components/PreparedSidebarCards.astro, dynamic import will not move module into another chunk.

00:45:52 [WARN] [vite] [33m[INEFFECTIVE_DYNAMIC_IMPORT] [0msrc/planets/patroclus/prepared/content.json is dynamically imported by site/components/ObjectPage.astro but also statically imported by site/components/PreparedSidebarCards.astro, dynamic import will not move module into another chunk.

00:45:52 [WARN] [vite] [33m[INEFFECTIVE_DYNAMIC_IMPORT] [0msrc/planets/peitho/prepared/content.json is dynamically imported by site/components/ObjectPage.astro but also statically imported by site/components/PreparedSidebarCards.astro, dynamic import will not move module into another chunk.

00:45:52 [WARN] [vite] [33m[INEFFECTIVE_DYNAMIC_IMPORT] [0msrc/planets/penelope/prepared/content.json is dynamically imported by site/components/ObjectPage.astro but also statically imported by site/components/PreparedSidebarCards.astro, dynamic import will not move module into another chunk.

00:45:52 [WARN] [vite] [33m[INEFFECTIVE_DYNAMIC_IMPORT] [0msrc/planets/penthesilea/prepared/content.json is dynamically imported by site/components/ObjectPage.astro but also statically imported by site/components/PreparedSidebarCards.astro, dynamic import will not move module into another chunk.

00:45:52 [WARN] [vite] [33m[INEFFECTIVE_DYNAMIC_IMPORT] [0msrc/planets/petrina/prepared/content.json is dynamically imported by site/components/ObjectPage.astro but also statically imported by site/components/PreparedSidebarCards.astro, dynamic import will not move module into another chunk.

00:45:52 [WARN] [vite] [33m[INEFFECTIVE_DYNAMIC_IMPORT] [0msrc/planets/phaedra/prepared/content.json is dynamically imported by site/components/ObjectPage.astro but also statically imported by site/components/PreparedSidebarCards.astro, dynamic import will not move module into another chunk.

00:45:52 [WARN] [vite] [33m[INEFFECTIVE_DYNAMIC_IMPORT] [0msrc/planets/phaethon/prepared/content.json is dynamically imported by site/components/ObjectPage.astro but also statically imported by site/components/PreparedSidebarCards.astro, dynamic import will not move module into another chunk.

00:45:52 [WARN] [vite] [33m[INEFFECTIVE_DYNAMIC_IMPORT] [0msrc/planets/philagoria/prepared/content.json is dynamically imported by site/components/ObjectPage.astro but also statically imported by site/components/PreparedSidebarCards.astro, dynamic import will not move module into another chunk.

00:45:52 [WARN] [vite] [33m[INEFFECTIVE_DYNAMIC_IMPORT] [0msrc/planets/philosophia/prepared/content.json is dynamically imported by site/components/ObjectPage.astro but also statically imported by site/components/PreparedSidebarCards.astro, dynamic import will not move module into another chunk.

00:45:52 [WARN] [vite] [33m[INEFFECTIVE_DYNAMIC_IMPORT] [0msrc/planets/phobos/prepared/content.json is dynamically imported by site/components/ObjectPage.astro but also statically imported by site/components/PreparedSidebarCards.astro, dynamic import will not move module into another chunk.

00:45:52 [WARN] [vite] [33m[INEFFECTIVE_DYNAMIC_IMPORT] [0msrc/planets/phocaea/prepared/content.json is dynamically imported by site/components/ObjectPage.astro but also statically imported by site/components/PreparedSidebarCards.astro, dynamic import will not move module into another chunk.

00:45:52 [WARN] [vite] [33m[INEFFECTIVE_DYNAMIC_IMPORT] [0msrc/planets/phoebe/prepared/content.json is dynamically imported by site/components/ObjectPage.astro but also statically imported by site/components/PreparedSidebarCards.astro, dynamic import will not move module into another chunk.

00:45:52 [WARN] [vite] [33m[INEFFECTIVE_DYNAMIC_IMPORT] [0msrc/planets/piazzia/prepared/content.json is dynamically imported by site/components/ObjectPage.astro but also statically imported by site/components/PreparedSidebarCards.astro, dynamic import will not move module into another chunk.

00:45:52 [WARN] [vite] [33m[INEFFECTIVE_DYNAMIC_IMPORT] [0msrc/planets/pluto/prepared/content.json is dynamically imported by site/components/ObjectPage.astro but also statically imported by site/components/PreparedSidebarCards.astro, dynamic import will not move module into another chunk.

00:45:52 [WARN] [vite] [33m[INEFFECTIVE_DYNAMIC_IMPORT] [0msrc/planets/polydeuces/prepared/content.json is dynamically imported by site/components/ObjectPage.astro but also statically imported by site/components/PreparedSidebarCards.astro, dynamic import will not move module into another chunk.

00:45:52 [WARN] [vite] [33m[INEFFECTIVE_DYNAMIC_IMPORT] [0msrc/planets/polyhymnia/prepared/content.json is dynamically imported by site/components/ObjectPage.astro but also statically imported by site/components/PreparedSidebarCards.astro, dynamic import will not move module into another chunk.

00:45:52 [WARN] [vite] [33m[INEFFECTIVE_DYNAMIC_IMPORT] [0msrc/planets/polymele/prepared/content.json is dynamically imported by site/components/ObjectPage.astro but also statically imported by site/components/PreparedSidebarCards.astro, dynamic import will not move module into another chunk.

00:45:52 [WARN] [vite] [33m[INEFFECTIVE_DYNAMIC_IMPORT] [0msrc/planets/pomona/prepared/content.json is dynamically imported by site/components/ObjectPage.astro but also statically imported by site/components/PreparedSidebarCards.astro, dynamic import will not move module into another chunk.

00:45:52 [WARN] [vite] [33m[INEFFECTIVE_DYNAMIC_IMPORT] [0msrc/planets/portia/prepared/content.json is dynamically imported by site/components/ObjectPage.astro but also statically imported by site/components/PreparedSidebarCards.astro, dynamic import will not move module into another chunk.

00:45:52 [WARN] [vite] [33m[INEFFECTIVE_DYNAMIC_IMPORT] [0msrc/planets/prometheus/prepared/content.json is dynamically imported by site/components/ObjectPage.astro but also statically imported by site/components/PreparedSidebarCards.astro, dynamic import will not move module into another chunk.

00:45:52 [WARN] [vite] [33m[INEFFECTIVE_DYNAMIC_IMPORT] [0msrc/planets/proserpina/prepared/content.json is dynamically imported by site/components/ObjectPage.astro but also statically imported by site/components/PreparedSidebarCards.astro, dynamic import will not move module into another chunk.

00:45:52 [WARN] [vite] [33m[INEFFECTIVE_DYNAMIC_IMPORT] [0msrc/planets/prospero/prepared/content.json is dynamically imported by site/components/ObjectPage.astro but also statically imported by site/components/PreparedSidebarCards.astro, dynamic import will not move module into another chunk.

00:45:52 [WARN] [vite] [33m[INEFFECTIVE_DYNAMIC_IMPORT] [0msrc/planets/proteus/prepared/content.json is dynamically imported by site/components/ObjectPage.astro but also statically imported by site/components/PreparedSidebarCards.astro, dynamic import will not move module into another chunk.

00:45:52 [WARN] [vite] [33m[INEFFECTIVE_DYNAMIC_IMPORT] [0msrc/planets/protogeneia/prepared/content.json is dynamically imported by site/components/ObjectPage.astro but also statically imported by site/components/PreparedSidebarCards.astro, dynamic import will not move module into another chunk.

00:45:52 [WARN] [vite] [33m[INEFFECTIVE_DYNAMIC_IMPORT] [0msrc/planets/psyche/prepared/content.json is dynamically imported by site/components/ObjectPage.astro but also statically imported by site/components/PreparedSidebarCards.astro, dynamic import will not move module into another chunk.

00:45:52 [WARN] [vite] [33m[INEFFECTIVE_DYNAMIC_IMPORT] [0msrc/planets/puck/prepared/content.json is dynamically imported by site/components/ObjectPage.astro but also statically imported by site/components/PreparedSidebarCards.astro, dynamic import will not move module into another chunk.

00:45:52 [WARN] [vite] [33m[INEFFECTIVE_DYNAMIC_IMPORT] [0msrc/planets/pyrrhus/prepared/content.json is dynamically imported by site/components/ObjectPage.astro but also statically imported by site/components/PreparedSidebarCards.astro, dynamic import will not move module into another chunk.

00:45:52 [WARN] [vite] [33m[INEFFECTIVE_DYNAMIC_IMPORT] [0msrc/planets/quaoar/prepared/content.json is dynamically imported by site/components/ObjectPage.astro but also statically imported by site/components/PreparedSidebarCards.astro, dynamic import will not move module into another chunk.

00:45:52 [WARN] [vite] [33m[INEFFECTIVE_DYNAMIC_IMPORT] [0msrc/planets/ra-shalom/prepared/content.json is dynamically imported by site/components/ObjectPage.astro but also statically imported by site/components/PreparedSidebarCards.astro, dynamic import will not move module into another chunk.

00:45:52 [WARN] [vite] [33m[INEFFECTIVE_DYNAMIC_IMPORT] [0msrc/planets/raup/prepared/content.json is dynamically imported by site/components/ObjectPage.astro but also statically imported by site/components/PreparedSidebarCards.astro, dynamic import will not move module into another chunk.

00:45:52 [WARN] [vite] [33m[INEFFECTIVE_DYNAMIC_IMPORT] [0msrc/planets/reinmuthia/prepared/content.json is dynamically imported by site/components/ObjectPage.astro but also statically imported by site/components/PreparedSidebarCards.astro, dynamic import will not move module into another chunk.

00:45:52 [WARN] [vite] [33m[INEFFECTIVE_DYNAMIC_IMPORT] [0msrc/planets/rhea/prepared/content.json is dynamically imported by site/components/ObjectPage.astro but also statically imported by site/components/PreparedSidebarCards.astro, dynamic import will not move module into another chunk.

00:45:52 [WARN] [vite] [33m[INEFFECTIVE_DYNAMIC_IMPORT] [0msrc/planets/rhodope/prepared/content.json is dynamically imported by site/components/ObjectPage.astro but also statically imported by site/components/PreparedSidebarCards.astro, dynamic import will not move module into another chunk.

00:45:52 [WARN] [vite] [33m[INEFFECTIVE_DYNAMIC_IMPORT] [0msrc/planets/romulus/prepared/content.json is dynamically imported by site/components/ObjectPage.astro but also statically imported by site/components/PreparedSidebarCards.astro, dynamic import will not move module into another chunk.

00:45:52 [WARN] [vite] [33m[INEFFECTIVE_DYNAMIC_IMPORT] [0msrc/planets/rosalind/prepared/content.json is dynamically imported by site/components/ObjectPage.astro but also statically imported by site/components/PreparedSidebarCards.astro, dynamic import will not move module into another chunk.

00:45:52 [WARN] [vite] [33m[INEFFECTIVE_DYNAMIC_IMPORT] [0msrc/planets/rosalinde/prepared/content.json is dynamically imported by site/components/ObjectPage.astro but also statically imported by site/components/PreparedSidebarCards.astro, dynamic import will not move module into another chunk.

00:45:52 [WARN] [vite] [33m[INEFFECTIVE_DYNAMIC_IMPORT] [0msrc/planets/rusthawelia/prepared/content.json is dynamically imported by site/components/ObjectPage.astro but also statically imported by site/components/PreparedSidebarCards.astro, dynamic import will not move module into another chunk.

00:45:52 [WARN] [vite] [33m[INEFFECTIVE_DYNAMIC_IMPORT] [0msrc/planets/ryugu/prepared/content.json is dynamically imported by site/components/ObjectPage.astro but also statically imported by site/components/PreparedSidebarCards.astro, dynamic import will not move module into another chunk.

00:45:52 [WARN] [vite] [33m[INEFFECTIVE_DYNAMIC_IMPORT] [0msrc/planets/sapientia/prepared/content.json is dynamically imported by site/components/ObjectPage.astro but also statically imported by site/components/PreparedSidebarCards.astro, dynamic import will not move module into another chunk.

00:45:52 [WARN] [vite] [33m[INEFFECTIVE_DYNAMIC_IMPORT] [0msrc/planets/sappho/prepared/content.json is dynamically imported by site/components/ObjectPage.astro but also statically imported by site/components/PreparedSidebarCards.astro, dynamic import will not move module into another chunk.

00:45:52 [WARN] [vite] [33m[INEFFECTIVE_DYNAMIC_IMPORT] [0msrc/planets/saturn/prepared/content.json is dynamically imported by site/components/ObjectPage.astro but also statically imported by site/components/PreparedSidebarCards.astro, dynamic import will not move module into another chunk.

00:45:52 [WARN] [vite] [33m[INEFFECTIVE_DYNAMIC_IMPORT] [0msrc/planets/schaber/prepared/content.json is dynamically imported by site/components/ObjectPage.astro but also statically imported by site/components/PreparedSidebarCards.astro, dynamic import will not move module into another chunk.

00:45:52 [WARN] [vite] [33m[INEFFECTIVE_DYNAMIC_IMPORT] [0msrc/planets/schorria/prepared/content.json is dynamically imported by site/components/ObjectPage.astro but also statically imported by site/components/PreparedSidebarCards.astro, dynamic import will not move module into another chunk.

00:45:52 [WARN] [vite] [33m[INEFFECTIVE_DYNAMIC_IMPORT] [0msrc/planets/scylla/prepared/content.json is dynamically imported by site/components/ObjectPage.astro but also statically imported by site/components/PreparedSidebarCards.astro, dynamic import will not move module into another chunk.

00:45:52 [WARN] [vite] [33m[INEFFECTIVE_DYNAMIC_IMPORT] [0msrc/planets/selinur/prepared/content.json is dynamically imported by site/components/ObjectPage.astro but also statically imported by site/components/PreparedSidebarCards.astro, dynamic import will not move module into another chunk.

00:45:52 [WARN] [vite] [33m[INEFFECTIVE_DYNAMIC_IMPORT] [0msrc/planets/semele/prepared/content.json is dynamically imported by site/components/ObjectPage.astro but also statically imported by site/components/PreparedSidebarCards.astro, dynamic import will not move module into another chunk.

00:45:52 [WARN] [vite] [33m[INEFFECTIVE_DYNAMIC_IMPORT] [0msrc/planets/setebos/prepared/content.json is dynamically imported by site/components/ObjectPage.astro but also statically imported by site/components/PreparedSidebarCards.astro, dynamic import will not move module into another chunk.

00:45:52 [WARN] [vite] [33m[INEFFECTIVE_DYNAMIC_IMPORT] [0msrc/planets/siarnaq/prepared/content.json is dynamically imported by site/components/ObjectPage.astro but also statically imported by site/components/PreparedSidebarCards.astro, dynamic import will not move module into another chunk.

00:45:52 [WARN] [vite] [33m[INEFFECTIVE_DYNAMIC_IMPORT] [0msrc/planets/sibylla/prepared/content.json is dynamically imported by site/components/ObjectPage.astro but also statically imported by site/components/PreparedSidebarCards.astro, dynamic import will not move module into another chunk.

00:45:52 [WARN] [vite] [33m[INEFFECTIVE_DYNAMIC_IMPORT] [0msrc/planets/silesia/prepared/content.json is dynamically imported by site/components/ObjectPage.astro but also statically imported by site/components/PreparedSidebarCards.astro, dynamic import will not move module into another chunk.

00:45:52 [WARN] [vite] [33m[INEFFECTIVE_DYNAMIC_IMPORT] [0msrc/planets/silvretta/prepared/content.json is dynamically imported by site/components/ObjectPage.astro but also statically imported by site/components/PreparedSidebarCards.astro, dynamic import will not move module into another chunk.

00:45:52 [WARN] [vite] [33m[INEFFECTIVE_DYNAMIC_IMPORT] [0msrc/planets/siwa/prepared/content.json is dynamically imported by site/components/ObjectPage.astro but also statically imported by site/components/PreparedSidebarCards.astro, dynamic import will not move module into another chunk.

00:45:52 [WARN] [vite] [33m[INEFFECTIVE_DYNAMIC_IMPORT] [0msrc/planets/skathi/prepared/content.json is dynamically imported by site/components/ObjectPage.astro but also statically imported by site/components/PreparedSidebarCards.astro, dynamic import will not move module into another chunk.

00:45:52 [WARN] [vite] [33m[INEFFECTIVE_DYNAMIC_IMPORT] [0msrc/planets/skoll/prepared/content.json is dynamically imported by site/components/ObjectPage.astro but also statically imported by site/components/PreparedSidebarCards.astro, dynamic import will not move module into another chunk.

00:45:52 [WARN] [vite] [33m[INEFFECTIVE_DYNAMIC_IMPORT] [0msrc/planets/sn263-beta/prepared/content.json is dynamically imported by site/components/ObjectPage.astro but also statically imported by site/components/PreparedSidebarCards.astro, dynamic import will not move module into another chunk.

00:45:52 [WARN] [vite] [33m[INEFFECTIVE_DYNAMIC_IMPORT] [0msrc/planets/sn263-gamma/prepared/content.json is dynamically imported by site/components/ObjectPage.astro but also statically imported by site/components/PreparedSidebarCards.astro, dynamic import will not move module into another chunk.

00:45:52 [WARN] [vite] [33m[INEFFECTIVE_DYNAMIC_IMPORT] [0msrc/planets/sophrosyne/prepared/content.json is dynamically imported by site/components/ObjectPage.astro but also statically imported by site/components/PreparedSidebarCards.astro, dynamic import will not move module into another chunk.

00:45:52 [WARN] [vite] [33m[INEFFECTIVE_DYNAMIC_IMPORT] [0msrc/planets/squannit/prepared/content.json is dynamically imported by site/components/ObjectPage.astro but also statically imported by site/components/PreparedSidebarCards.astro, dynamic import will not move module into another chunk.

00:45:52 [WARN] [vite] [33m[INEFFECTIVE_DYNAMIC_IMPORT] [0msrc/planets/steins/prepared/content.json is dynamically imported by site/components/ObjectPage.astro but also statically imported by site/components/PreparedSidebarCards.astro, dynamic import will not move module into another chunk.

00:45:52 [WARN] [vite] [33m[INEFFECTIVE_DYNAMIC_IMPORT] [0msrc/planets/stephania/prepared/content.json is dynamically imported by site/components/ObjectPage.astro but also statically imported by site/components/PreparedSidebarCards.astro, dynamic import will not move module into another chunk.

00:45:52 [WARN] [vite] [33m[INEFFECTIVE_DYNAMIC_IMPORT] [0msrc/planets/styx/prepared/content.json is dynamically imported by site/components/ObjectPage.astro but also statically imported by site/components/PreparedSidebarCards.astro, dynamic import will not move module into another chunk.

00:45:52 [WARN] [vite] [33m[INEFFECTIVE_DYNAMIC_IMPORT] [0msrc/planets/sun/prepared/content.json is dynamically imported by site/components/ObjectPage.astro but also statically imported by site/components/PreparedSidebarCards.astro, dynamic import will not move module into another chunk.

00:45:52 [WARN] [vite] [33m[INEFFECTIVE_DYNAMIC_IMPORT] [0msrc/planets/susi/prepared/content.json is dynamically imported by site/components/ObjectPage.astro but also statically imported by site/components/PreparedSidebarCards.astro, dynamic import will not move module into another chunk.

00:45:52 [WARN] [vite] [33m[INEFFECTIVE_DYNAMIC_IMPORT] [0msrc/planets/suttungr/prepared/content.json is dynamically imported by site/components/ObjectPage.astro but also statically imported by site/components/PreparedSidebarCards.astro, dynamic import will not move module into another chunk.

00:45:52 [WARN] [vite] [33m[INEFFECTIVE_DYNAMIC_IMPORT] [0msrc/planets/sycorax/prepared/content.json is dynamically imported by site/components/ObjectPage.astro but also statically imported by site/components/PreparedSidebarCards.astro, dynamic import will not move module into another chunk.

00:45:52 [WARN] [vite] [33m[INEFFECTIVE_DYNAMIC_IMPORT] [0msrc/planets/sylvia/prepared/content.json is dynamically imported by site/components/ObjectPage.astro but also statically imported by site/components/PreparedSidebarCards.astro, dynamic import will not move module into another chunk.

00:45:52 [WARN] [vite] [33m[INEFFECTIVE_DYNAMIC_IMPORT] [0msrc/planets/tantalus/prepared/content.json is dynamically imported by site/components/ObjectPage.astro but also statically imported by site/components/PreparedSidebarCards.astro, dynamic import will not move module into another chunk.

00:45:52 [WARN] [vite] [33m[INEFFECTIVE_DYNAMIC_IMPORT] [0msrc/planets/tarqeq/prepared/content.json is dynamically imported by site/components/ObjectPage.astro but also statically imported by site/components/PreparedSidebarCards.astro, dynamic import will not move module into another chunk.

00:45:52 [WARN] [vite] [33m[INEFFECTIVE_DYNAMIC_IMPORT] [0msrc/planets/tartaglia/prepared/content.json is dynamically imported by site/components/ObjectPage.astro but also statically imported by site/components/PreparedSidebarCards.astro, dynamic import will not move module into another chunk.

00:45:52 [WARN] [vite] [33m[INEFFECTIVE_DYNAMIC_IMPORT] [0msrc/planets/tarvos/prepared/content.json is dynamically imported by site/components/ObjectPage.astro but also statically imported by site/components/PreparedSidebarCards.astro, dynamic import will not move module into another chunk.

00:45:52 [WARN] [vite] [33m[INEFFECTIVE_DYNAMIC_IMPORT] [0msrc/planets/taurinensis/prepared/content.json is dynamically imported by site/components/ObjectPage.astro but also statically imported by site/components/PreparedSidebarCards.astro, dynamic import will not move module into another chunk.

00:45:52 [WARN] [vite] [33m[INEFFECTIVE_DYNAMIC_IMPORT] [0msrc/planets/telesto/prepared/content.json is dynamically imported by site/components/ObjectPage.astro but also statically imported by site/components/PreparedSidebarCards.astro, dynamic import will not move module into another chunk.

00:45:52 [WARN] [vite] [33m[INEFFECTIVE_DYNAMIC_IMPORT] [0msrc/planets/tethys/prepared/content.json is dynamically imported by site/components/ObjectPage.astro but also statically imported by site/components/PreparedSidebarCards.astro, dynamic import will not move module into another chunk.

00:45:52 [WARN] [vite] [33m[INEFFECTIVE_DYNAMIC_IMPORT] [0msrc/planets/thalassa/prepared/content.json is dynamically imported by site/components/ObjectPage.astro but also statically imported by site/components/PreparedSidebarCards.astro, dynamic import will not move module into another chunk.

00:45:52 [WARN] [vite] [33m[INEFFECTIVE_DYNAMIC_IMPORT] [0msrc/planets/thalia/prepared/content.json is dynamically imported by site/components/ObjectPage.astro but also statically imported by site/components/PreparedSidebarCards.astro, dynamic import will not move module into another chunk.

00:45:52 [WARN] [vite] [33m[INEFFECTIVE_DYNAMIC_IMPORT] [0msrc/planets/thebe/prepared/content.json is dynamically imported by site/components/ObjectPage.astro but also statically imported by site/components/PreparedSidebarCards.astro, dynamic import will not move module into another chunk.

00:45:52 [WARN] [vite] [33m[INEFFECTIVE_DYNAMIC_IMPORT] [0msrc/planets/themis/prepared/content.json is dynamically imported by site/components/ObjectPage.astro but also statically imported by site/components/PreparedSidebarCards.astro, dynamic import will not move module into another chunk.

00:45:52 [WARN] [vite] [33m[INEFFECTIVE_DYNAMIC_IMPORT] [0msrc/planets/thetis/prepared/content.json is dynamically imported by site/components/ObjectPage.astro but also statically imported by site/components/PreparedSidebarCards.astro, dynamic import will not move module into another chunk.

00:45:52 [WARN] [vite] [33m[INEFFECTIVE_DYNAMIC_IMPORT] [0msrc/planets/thisbe/prepared/content.json is dynamically imported by site/components/ObjectPage.astro but also statically imported by site/components/PreparedSidebarCards.astro, dynamic import will not move module into another chunk.

00:45:52 [WARN] [vite] [33m[INEFFECTIVE_DYNAMIC_IMPORT] [0msrc/planets/thrymr/prepared/content.json is dynamically imported by site/components/ObjectPage.astro but also statically imported by site/components/PreparedSidebarCards.astro, dynamic import will not move module into another chunk.

00:45:52 [WARN] [vite] [33m[INEFFECTIVE_DYNAMIC_IMPORT] [0msrc/planets/thule/prepared/content.json is dynamically imported by site/components/ObjectPage.astro but also statically imported by site/components/PreparedSidebarCards.astro, dynamic import will not move module into another chunk.

00:45:52 [WARN] [vite] [33m[INEFFECTIVE_DYNAMIC_IMPORT] [0msrc/planets/thyra/prepared/content.json is dynamically imported by site/components/ObjectPage.astro but also statically imported by site/components/PreparedSidebarCards.astro, dynamic import will not move module into another chunk.

00:45:52 [WARN] [vite] [33m[INEFFECTIVE_DYNAMIC_IMPORT] [0msrc/planets/titan/prepared/content.json is dynamically imported by site/components/ObjectPage.astro but also statically imported by site/components/PreparedSidebarCards.astro, dynamic import will not move module into another chunk.

00:45:52 [WARN] [vite] [33m[INEFFECTIVE_DYNAMIC_IMPORT] [0msrc/planets/titania/prepared/content.json is dynamically imported by site/components/ObjectPage.astro but also statically imported by site/components/PreparedSidebarCards.astro, dynamic import will not move module into another chunk.

00:45:52 [WARN] [vite] [33m[INEFFECTIVE_DYNAMIC_IMPORT] [0msrc/planets/toro/prepared/content.json is dynamically imported by site/components/ObjectPage.astro but also statically imported by site/components/PreparedSidebarCards.astro, dynamic import will not move module into another chunk.

00:45:52 [WARN] [vite] [33m[INEFFECTIVE_DYNAMIC_IMPORT] [0msrc/planets/toutatis/prepared/content.json is dynamically imported by site/components/ObjectPage.astro but also statically imported by site/components/PreparedSidebarCards.astro, dynamic import will not move module into another chunk.

00:45:52 [WARN] [vite] [33m[INEFFECTIVE_DYNAMIC_IMPORT] [0msrc/planets/transvaalia/prepared/content.json is dynamically imported by site/components/ObjectPage.astro but also statically imported by site/components/PreparedSidebarCards.astro, dynamic import will not move module into another chunk.

00:45:52 [WARN] [vite] [33m[INEFFECTIVE_DYNAMIC_IMPORT] [0msrc/planets/triton/prepared/content.json is dynamically imported by site/components/ObjectPage.astro but also statically imported by site/components/PreparedSidebarCards.astro, dynamic import will not move module into another chunk.

00:45:52 [WARN] [vite] [33m[INEFFECTIVE_DYNAMIC_IMPORT] [0msrc/planets/tulipa/prepared/content.json is dynamically imported by site/components/ObjectPage.astro but also statically imported by site/components/PreparedSidebarCards.astro, dynamic import will not move module into another chunk.

00:45:52 [WARN] [vite] [33m[INEFFECTIVE_DYNAMIC_IMPORT] [0msrc/planets/tyche/prepared/content.json is dynamically imported by site/components/ObjectPage.astro but also statically imported by site/components/PreparedSidebarCards.astro, dynamic import will not move module into another chunk.

00:45:52 [WARN] [vite] [33m[INEFFECTIVE_DYNAMIC_IMPORT] [0msrc/planets/umbriel/prepared/content.json is dynamically imported by site/components/ObjectPage.astro but also statically imported by site/components/PreparedSidebarCards.astro, dynamic import will not move module into another chunk.

00:45:52 [WARN] [vite] [33m[INEFFECTIVE_DYNAMIC_IMPORT] [0msrc/planets/una/prepared/content.json is dynamically imported by site/components/ObjectPage.astro but also statically imported by site/components/PreparedSidebarCards.astro, dynamic import will not move module into another chunk.

00:45:52 [WARN] [vite] [33m[INEFFECTIVE_DYNAMIC_IMPORT] [0msrc/planets/unitas/prepared/content.json is dynamically imported by site/components/ObjectPage.astro but also statically imported by site/components/PreparedSidebarCards.astro, dynamic import will not move module into another chunk.

00:45:52 [WARN] [vite] [33m[INEFFECTIVE_DYNAMIC_IMPORT] [0msrc/planets/united-nations/prepared/content.json is dynamically imported by site/components/ObjectPage.astro but also statically imported by site/components/PreparedSidebarCards.astro, dynamic import will not move module into another chunk.

00:45:52 [WARN] [vite] [33m[INEFFECTIVE_DYNAMIC_IMPORT] [0msrc/planets/urania/prepared/content.json is dynamically imported by site/components/ObjectPage.astro but also statically imported by site/components/PreparedSidebarCards.astro, dynamic import will not move module into another chunk.

00:45:52 [WARN] [vite] [33m[INEFFECTIVE_DYNAMIC_IMPORT] [0msrc/planets/urda/prepared/content.json is dynamically imported by site/components/ObjectPage.astro but also statically imported by site/components/PreparedSidebarCards.astro, dynamic import will not move module into another chunk.

00:45:52 [WARN] [vite] [33m[INEFFECTIVE_DYNAMIC_IMPORT] [0msrc/planets/vanadis/prepared/content.json is dynamically imported by site/components/ObjectPage.astro but also statically imported by site/components/PreparedSidebarCards.astro, dynamic import will not move module into another chunk.

00:45:52 [WARN] [vite] [33m[INEFFECTIVE_DYNAMIC_IMPORT] [0msrc/planets/velleda/prepared/content.json is dynamically imported by site/components/ObjectPage.astro but also statically imported by site/components/PreparedSidebarCards.astro, dynamic import will not move module into another chunk.

00:45:52 [WARN] [vite] [33m[INEFFECTIVE_DYNAMIC_IMPORT] [0msrc/planets/venus/prepared/content.json is dynamically imported by site/components/ObjectPage.astro but also statically imported by site/components/PreparedSidebarCards.astro, dynamic import will not move module into another chunk.

00:45:52 [WARN] [vite] [33m[INEFFECTIVE_DYNAMIC_IMPORT] [0msrc/planets/vera/prepared/content.json is dynamically imported by site/components/ObjectPage.astro but also statically imported by site/components/PreparedSidebarCards.astro, dynamic import will not move module into another chunk.

00:45:52 [WARN] [vite] [33m[INEFFECTIVE_DYNAMIC_IMPORT] [0msrc/planets/veritas/prepared/content.json is dynamically imported by site/components/ObjectPage.astro but also statically imported by site/components/PreparedSidebarCards.astro, dynamic import will not move module into another chunk.

00:45:52 [WARN] [vite] [33m[INEFFECTIVE_DYNAMIC_IMPORT] [0msrc/planets/vesta/prepared/content.json is dynamically imported by site/components/ObjectPage.astro but also statically imported by site/components/PreparedSidebarCards.astro, dynamic import will not move module into another chunk.

00:45:52 [WARN] [vite] [33m[INEFFECTIVE_DYNAMIC_IMPORT] [0msrc/planets/vibilia/prepared/content.json is dynamically imported by site/components/ObjectPage.astro but also statically imported by site/components/PreparedSidebarCards.astro, dynamic import will not move module into another chunk.

00:45:52 [WARN] [vite] [33m[INEFFECTIVE_DYNAMIC_IMPORT] [0msrc/planets/victoria/prepared/content.json is dynamically imported by site/components/ObjectPage.astro but also statically imported by site/components/PreparedSidebarCards.astro, dynamic import will not move module into another chunk.

00:45:52 [WARN] [vite] [33m[INEFFECTIVE_DYNAMIC_IMPORT] [0msrc/planets/vindobona/prepared/content.json is dynamically imported by site/components/ObjectPage.astro but also statically imported by site/components/PreparedSidebarCards.astro, dynamic import will not move module into another chunk.

00:45:52 [WARN] [vite] [33m[INEFFECTIVE_DYNAMIC_IMPORT] [0msrc/planets/virginia/prepared/content.json is dynamically imported by site/components/ObjectPage.astro but also statically imported by site/components/PreparedSidebarCards.astro, dynamic import will not move module into another chunk.

00:45:52 [WARN] [vite] [33m[INEFFECTIVE_DYNAMIC_IMPORT] [0msrc/planets/virtanen/prepared/content.json is dynamically imported by site/components/ObjectPage.astro but also statically imported by site/components/PreparedSidebarCards.astro, dynamic import will not move module into another chunk.

00:45:52 [WARN] [vite] [33m[INEFFECTIVE_DYNAMIC_IMPORT] [0msrc/planets/weringia/prepared/content.json is dynamically imported by site/components/ObjectPage.astro but also statically imported by site/components/PreparedSidebarCards.astro, dynamic import will not move module into another chunk.

00:45:52 [WARN] [vite] [33m[INEFFECTIVE_DYNAMIC_IMPORT] [0msrc/planets/xanthippe/prepared/content.json is dynamically imported by site/components/ObjectPage.astro but also statically imported by site/components/PreparedSidebarCards.astro, dynamic import will not move module into another chunk.

00:45:52 [WARN] [vite] [33m[INEFFECTIVE_DYNAMIC_IMPORT] [0msrc/planets/ymir/prepared/content.json is dynamically imported by site/components/ObjectPage.astro but also statically imported by site/components/PreparedSidebarCards.astro, dynamic import will not move module into another chunk.

00:45:52 [WARN] [vite] [33m[INEFFECTIVE_DYNAMIC_IMPORT] [0msrc/planets/yorp/prepared/content.json is dynamically imported by site/components/ObjectPage.astro but also statically imported by site/components/PreparedSidebarCards.astro, dynamic import will not move module into another chunk.

00:45:52 [WARN] [vite] [33m[INEFFECTIVE_DYNAMIC_IMPORT] [0msrc/planets/zachia/prepared/content.json is dynamically imported by site/components/ObjectPage.astro but also statically imported by site/components/PreparedSidebarCards.astro, dynamic import will not move module into another chunk.

00:45:52 [vite] ✓ built in 861ms
00:45:53 [WARN] [vite] [plugin builtin:vite-reporter]
(!) Some chunks are larger than 500 kB after minification. Consider:
- Using dynamic import() to code-split the application
- Use build.rolldownOptions.output.codeSplitting to improve chunking: https://rolldown.rs/reference/OutputOptions.codeSplitting
- Adjust chunk size limit for this warning via build.chunkSizeWarningLimit.
00:45:53 [vite] ✓ built in 642ms
00:45:53 [build] Rearranging server assets...

 generating static routes
00:45:53   ├─ /navigation/asteroid-2001-sn263/index.html (+14ms)
00:45:53   ├─ /navigation/sn263-beta/index.html (+4ms)
00:45:53   ├─ /navigation/sn263-gamma/index.html (+3ms)
00:45:53   ├─ /navigation/polymele/index.html (+3ms)
00:45:53   ├─ /navigation/leucus/index.html (+2ms)
00:45:53   ├─ /navigation/orus/index.html (+2ms)
00:45:53   ├─ /navigation/eurybates/index.html (+2ms)
00:45:53   ├─ /navigation/patroclus/index.html (+2ms)
00:45:53   ├─ /navigation/hiiaka/index.html (+2ms)
00:45:53   ├─ /navigation/squannit/index.html (+3ms)
00:45:53   ├─ /navigation/romulus/index.html (+3ms)
00:45:53   ├─ /navigation/menoetius/index.html (+2ms)
00:45:53   ├─ /navigation/caliban/index.html (+1ms)
00:45:53   ├─ /navigation/sycorax/index.html (+2ms)
00:45:53   ├─ /navigation/prospero/index.html (+1ms)
00:45:53   ├─ /navigation/setebos/index.html (+1ms)
00:45:53   ├─ /navigation/paaliaq/index.html (+2ms)
00:45:53   ├─ /navigation/tarvos/index.html (+2ms)
00:45:53   ├─ /navigation/ijiraq/index.html (+2ms)
00:45:53   ├─ /navigation/suttungr/index.html (+2ms)
00:45:53   ├─ /navigation/mundilfari/index.html (+2ms)
00:45:53   ├─ /navigation/skathi/index.html (+2ms)
00:45:53   ├─ /navigation/erriapus/index.html (+4ms)
00:45:53   ├─ /navigation/thrymr/index.html (+2ms)
00:45:53   ├─ /navigation/bebhionn/index.html (+1ms)
00:45:53   ├─ /navigation/bergelmir/index.html (+2ms)
00:45:53   ├─ /navigation/bestla/index.html (+2ms)
00:45:53   ├─ /navigation/fornjot/index.html (+2ms)
00:45:53   ├─ /navigation/hati/index.html (+2ms)
00:45:53   ├─ /navigation/hyrrokkin/index.html (+1ms)
00:45:53   ├─ /navigation/loge/index.html (+1ms)
00:45:53   ├─ /navigation/skoll/index.html (+1ms)
00:45:53   ├─ /navigation/greip/index.html (+1ms)
00:45:53   ├─ /navigation/tarqeq/index.html (+2ms)
00:45:53   ├─ /navigation/albiorix/index.html (+1ms)
00:45:53   ├─ /navigation/kiviuq/index.html (+1ms)
00:45:53   ├─ /navigation/comet-2p/index.html (+1ms)
00:45:53   ├─ /navigation/comet-209p/index.html (+2ms)
00:45:53   ├─ /navigation/comet-137p/index.html (+2ms)
00:45:53   ├─ /navigation/comet-143p/index.html (+2ms)
00:45:53   ├─ /navigation/comet-162p/index.html (+1ms)
00:45:53   ├─ /navigation/comet-19p/index.html (+2ms)
00:45:53   ├─ /navigation/comet-8p/index.html (+1ms)
00:45:53   ├─ /navigation/comet-1p/index.html (+1ms)
00:45:53   ├─ /navigation/comet-81p/index.html (+1ms)
00:45:53   ├─ /navigation/comet-103p/index.html (+2ms)
00:45:53   ├─ /navigation/comet-9p/index.html (+3ms)
00:45:53   ├─ /navigation/comet-67p/index.html (+2ms)
00:45:53   ├─ /navigation/ymir/index.html (+2ms)
00:45:53   ├─ /navigation/siarnaq/index.html (+2ms)
00:45:53   ├─ /navigation/himalia/index.html (+2ms)
00:45:53   ├─ /navigation/nereid/index.html (+1ms)
00:45:53   ├─ /navigation/aegaeon/index.html (+1ms)
00:45:53   ├─ /navigation/anthe/index.html (+1ms)
00:45:53   ├─ /navigation/polydeuces/index.html (+1ms)
00:45:53   ├─ /navigation/rosalind/index.html (+2ms)
00:45:53   ├─ /navigation/desdemona/index.html (+1ms)
00:45:53   ├─ /navigation/cressida/index.html (+1ms)
00:45:53   ├─ /navigation/bianca/index.html (+1ms)
00:45:53   ├─ /navigation/ophelia/index.html (+2ms)
00:45:53   ├─ /navigation/cordelia/index.html (+1ms)
00:45:53   ├─ /navigation/belinda/index.html (+1ms)
00:45:53   ├─ /navigation/juliet/index.html (+2ms)
00:45:53   ├─ /navigation/portia/index.html (+1ms)
00:45:53   ├─ /navigation/pallene/index.html (+2ms)
00:45:53   ├─ /navigation/methone/index.html (+2ms)
00:45:53   ├─ /navigation/puck/index.html (+1ms)
00:45:53   ├─ /navigation/amalthea/index.html (+2ms)
00:45:53   ├─ /navigation/thebe/index.html (+2ms)
00:45:53   ├─ /navigation/metis/index.html (+1ms)
00:45:53   ├─ /navigation/adrastea/index.html (+2ms)
00:45:53   ├─ /navigation/naiad/index.html (+3ms)
00:45:53   ├─ /navigation/thalassa/index.html (+2ms)
00:45:53   ├─ /navigation/despina/index.html (+5ms)
00:45:53   ├─ /navigation/galatea/index.html (+2ms)
00:45:53   ├─ /navigation/proteus/index.html (+2ms)
00:45:53   ├─ /navigation/larissa/index.html (+1ms)
00:45:53   ├─ /navigation/daphnis/index.html (+1ms)
00:45:53   ├─ /navigation/calypso/index.html (+1ms)
00:45:53   ├─ /navigation/telesto/index.html (+1ms)
00:45:53   ├─ /navigation/helene/index.html (+2ms)
00:45:53   ├─ /navigation/sun/index.html (+4ms)
00:45:53   ├─ /navigation/mercury/index.html (+2ms)
00:45:53   ├─ /navigation/venus/index.html (+2ms)
00:45:53   ├─ /navigation/earth/index.html (+2ms)
00:45:53   ├─ /navigation/moon/index.html (+4ms)
00:45:53   ├─ /navigation/mars/index.html (+2ms)
00:45:53   ├─ /navigation/ryugu/index.html (+1ms)
00:45:53   ├─ /navigation/bennu/index.html (+1ms)
00:45:53   ├─ /navigation/itokawa/index.html (+1ms)
00:45:53   ├─ /navigation/ivar/index.html (+1ms)
00:45:53   ├─ /navigation/toro/index.html (+1ms)
00:45:53   ├─ /navigation/cerberus/index.html (+1ms)
00:45:53   ├─ /navigation/tantalus/index.html (+2ms)
00:45:53   ├─ /navigation/eros/index.html (+1ms)
00:45:53   ├─ /navigation/ida/index.html (+3ms)
00:45:53   ├─ /navigation/gaspra/index.html (+2ms)
00:45:53   ├─ /navigation/mathilde/index.html (+1ms)
00:45:53   ├─ /navigation/lutetia/index.html (+2ms)
00:45:53   ├─ /navigation/steins/index.html (+2ms)
00:45:53   ├─ /navigation/didymos/index.html (+2ms)
00:45:53   ├─ /navigation/dimorphos/index.html (+2ms)
00:45:53   ├─ /navigation/kleopatra/index.html (+2ms)
00:45:53   ├─ /navigation/toutatis/index.html (+1ms)
00:45:53   ├─ /navigation/pallas/index.html (+1ms)
00:45:53   ├─ /navigation/hygiea/index.html (+2ms)
00:45:53   ├─ /navigation/juno/index.html (+1ms)
00:45:53   ├─ /navigation/psyche/index.html (+1ms)
00:45:53   ├─ /navigation/interamnia/index.html (+1ms)
00:45:53   ├─ /navigation/davida/index.html (+1ms)
00:45:53   ├─ /navigation/sylvia/index.html (+1ms)
00:45:53   ├─ /navigation/eunomia/index.html (+1ms)
00:45:53   ├─ /navigation/euphrosyne/index.html (+1ms)
00:45:53   ├─ /navigation/bamberga/index.html (+2ms)
00:45:53   ├─ /navigation/fortuna/index.html (+1ms)
00:45:53   ├─ /navigation/themis/index.html (+1ms)
00:45:53   ├─ /navigation/amphitrite/index.html (+1ms)
00:45:53   ├─ /navigation/egeria/index.html (+1ms)
00:45:53   ├─ /navigation/elektra/index.html (+1ms)
00:45:53   ├─ /navigation/iris/index.html (+1ms)
00:45:53   ├─ /navigation/hebe/index.html (+3ms)
00:45:53   ├─ /navigation/eugenia/index.html (+1ms)
00:45:53   ├─ /navigation/daphne/index.html (+1ms)
00:45:53   ├─ /navigation/eleonora/index.html (+2ms)
00:45:53   ├─ /navigation/nemesis/index.html (+2ms)
00:45:53   ├─ /navigation/kalliope/index.html (+1ms)
00:45:53   ├─ /navigation/nemausa/index.html (+2ms)
00:45:53   ├─ /navigation/parthenope/index.html (+3ms)
00:45:53   ├─ /navigation/melpomene/index.html (+3ms)
00:45:53   ├─ /navigation/julia/index.html (+2ms)
00:45:53   ├─ /navigation/victoria/index.html (+3ms)
00:45:53   ├─ /navigation/urania/index.html (+14ms)
00:45:53   ├─ /navigation/flora/index.html (+2ms)
00:45:53   ├─ /navigation/europa-52/index.html (+2ms)
00:45:53   ├─ /navigation/metis-9/index.html (+1ms)
00:45:53   ├─ /navigation/camilla/index.html (+2ms)
00:45:53   ├─ /navigation/thisbe/index.html (+1ms)
00:45:53   ├─ /navigation/doris/index.html (+1ms)
00:45:53   ├─ /navigation/hermione/index.html (+1ms)
00:45:53   ├─ /navigation/diotima/index.html (+2ms)
00:45:54   ├─ /navigation/herculina/index.html (+1ms)
00:45:54   ├─ /navigation/nausikaa/index.html (+1ms)
00:45:54   ├─ /navigation/astraea/index.html (+1ms)
00:45:54   ├─ /navigation/irene/index.html (+1ms)
00:45:54   ├─ /navigation/nysa/index.html (+1ms)
00:45:54   ├─ /navigation/sappho/index.html (+2ms)
00:45:54   ├─ /navigation/betulia/index.html (+3ms)
00:45:54   ├─ /navigation/castalia/index.html (+1ms)
00:45:54   ├─ /navigation/asteroid-1998-wt24/index.html (+2ms)
00:45:54   ├─ /navigation/asteroid-1994-cc/index.html (+3ms)
00:45:54   ├─ /navigation/fides/index.html (+1ms)
00:45:54   ├─ /navigation/penelope/index.html (+1ms)
00:45:54   ├─ /navigation/alphonsina/index.html (+1ms)
00:45:54   ├─ /navigation/angelina/index.html (+1ms)
00:45:54   ├─ /navigation/ganymed/index.html (+1ms)
00:45:54   ├─ /navigation/moshup/index.html (+2ms)
00:45:54   ├─ /navigation/cybele/index.html (+2ms)
00:45:54   ├─ /navigation/aurora/index.html (+1ms)
00:45:54   ├─ /navigation/palma/index.html (+1ms)
00:45:54   ├─ /navigation/thule/index.html (+1ms)
00:45:54   ├─ /navigation/hektor/index.html (+1ms)
00:45:54   ├─ /navigation/hekate/index.html (+1ms)
00:45:54   ├─ /navigation/phaethon/index.html (+1ms)
00:45:54   ├─ /navigation/harmonia/index.html (+1ms)
00:45:54   ├─ /navigation/panopaea/index.html (+1ms)
00:45:54   ├─ /navigation/desdemona-666/index.html (+2ms)
00:45:54   ├─ /navigation/asteroid-1950-da/index.html (+1ms)
00:45:54   ├─ /navigation/apophis/index.html (+1ms)
00:45:54   ├─ /navigation/donaldjohanson/index.html (+1ms)
00:45:54   ├─ /navigation/geographos/index.html (+1ms)
00:45:54   ├─ /navigation/bacchus/index.html (+2ms)
00:45:54   ├─ /navigation/mithra/index.html (+3ms)
00:45:54   ├─ /navigation/nereus/index.html (+2ms)
00:45:54   ├─ /navigation/golevka/index.html (+1ms)
00:45:54   ├─ /navigation/yorp/index.html (+1ms)
00:45:54   ├─ /navigation/asteroid-1996-hw1/index.html (+1ms)
00:45:54   ├─ /navigation/asteroid-2008-ev5/index.html (+1ms)
00:45:54   ├─ /navigation/ra-shalom/index.html (+1ms)
00:45:54   ├─ /navigation/asteroid-1992-sk/index.html (+1ms)
00:45:54   ├─ /navigation/asteroid-1998-ml14/index.html (+1ms)
00:45:54   ├─ /navigation/asteroid-2002-ce26/index.html (+1ms)
00:45:54   ├─ /navigation/thetis/index.html (+1ms)
00:45:54   ├─ /navigation/thalia/index.html (+1ms)
00:45:54   ├─ /navigation/phocaea/index.html (+1ms)
00:45:54   ├─ /navigation/euterpe/index.html (+1ms)
00:45:54   ├─ /navigation/bellona/index.html (+1ms)
00:45:54   ├─ /navigation/pomona/index.html (+1ms)
00:45:54   ├─ /navigation/circe/index.html (+1ms)
00:45:54   ├─ /navigation/atalante/index.html (+1ms)
00:45:54   ├─ /navigation/leda-38/index.html (+1ms)
00:45:54   ├─ /navigation/laetitia/index.html (+1ms)
00:45:54   ├─ /navigation/isis/index.html (+1ms)
00:45:54   ├─ /navigation/ariadne/index.html (+1ms)
00:45:54   ├─ /navigation/hestia/index.html (+1ms)
00:45:54   ├─ /navigation/aglaja/index.html (+1ms)
00:45:54   ├─ /navigation/pales/index.html (+1ms)
00:45:54   ├─ /navigation/kalypso/index.html (+3ms)
00:45:54   ├─ /navigation/alexandra/index.html (+2ms)
00:45:54   ├─ /navigation/pandora-55/index.html (+1ms)
00:45:54   ├─ /navigation/melete/index.html (+1ms)
00:45:54   ├─ /navigation/elpis/index.html (+3ms)
00:45:54   ├─ /navigation/erato/index.html (+2ms)
00:45:54   ├─ /navigation/ausonia/index.html (+2ms)
00:45:54   ├─ /navigation/asia/index.html (+2ms)
00:45:54   ├─ /navigation/leto/index.html (+2ms)
00:45:54   ├─ /navigation/hesperia/index.html (+2ms)
00:45:54   ├─ /navigation/niobe/index.html (+1ms)
00:45:54   ├─ /navigation/feronia/index.html (+1ms)
00:45:54   ├─ /navigation/klytia/index.html (+1ms)
00:45:54   ├─ /navigation/galatea-74/index.html (+1ms)
00:45:54   ├─ /navigation/freia/index.html (+1ms)
00:45:54   ├─ /navigation/eurynome/index.html (+1ms)
00:45:54   ├─ /navigation/alkmene/index.html (+1ms)
00:45:54   ├─ /navigation/beatrix/index.html (+1ms)
00:45:54   ├─ /navigation/klio/index.html (+1ms)
00:45:54   ├─ /navigation/io-85/index.html (+1ms)
00:45:54   ├─ /navigation/semele/index.html (+1ms)
00:45:54   ├─ /navigation/aegina/index.html (+1ms)
00:45:54   ├─ /navigation/minerva/index.html (+1ms)
00:45:54   ├─ /navigation/arethusa/index.html (+1ms)
00:45:54   ├─ /navigation/klotho/index.html (+1ms)
00:45:54   ├─ /navigation/ianthe/index.html (+3ms)
00:45:54   ├─ /navigation/hertha/index.html (+2ms)
00:45:54   ├─ /navigation/hera/index.html (+2ms)
00:45:54   ├─ /navigation/klymene/index.html (+1ms)
00:45:54   ├─ /navigation/artemis/index.html (+1ms)
00:45:54   ├─ /navigation/dione-106/index.html (+1ms)
00:45:54   ├─ /navigation/felicitas/index.html (+1ms)
00:45:54   ├─ /navigation/lydia/index.html (+2ms)
00:45:54   ├─ /navigation/iphigenia/index.html (+1ms)
00:45:54   ├─ /navigation/thyra/index.html (+1ms)
00:45:54   ├─ /navigation/lomia/index.html (+1ms)
00:45:54   ├─ /navigation/peitho/index.html (+2ms)
00:45:54   ├─ /navigation/althaea/index.html (+2ms)
00:45:54   ├─ /navigation/lachesis/index.html (+1ms)
00:45:54   ├─ /navigation/gerda/index.html (+1ms)
00:45:54   ├─ /navigation/brunhild/index.html (+1ms)
00:45:54   ├─ /navigation/alkeste/index.html (+2ms)
00:45:54   ├─ /navigation/liberatrix/index.html (+1ms)
00:45:54   ├─ /navigation/velleda/index.html (+2ms)
00:45:54   ├─ /navigation/johanna/index.html (+1ms)
00:45:54   ├─ /navigation/antigone/index.html (+1ms)
00:45:54   ├─ /navigation/cyrene/index.html (+1ms)
00:45:54   ├─ /navigation/sophrosyne/index.html (+1ms)
00:45:54   ├─ /navigation/meliboea/index.html (+1ms)
00:45:54   ├─ /navigation/siwa/index.html (+1ms)
00:45:54   ├─ /navigation/vibilia/index.html (+3ms)
00:45:54   ├─ /navigation/lucina/index.html (+1ms)
00:45:54   ├─ /navigation/protogeneia/index.html (+2ms)
00:45:54   ├─ /navigation/gallia/index.html (+1ms)
00:45:54   ├─ /navigation/medusa/index.html (+1ms)
00:45:54   ├─ /navigation/nuwa/index.html (+1ms)
00:45:54   ├─ /navigation/abundantia/index.html (+1ms)
00:45:54   ├─ /navigation/scylla/index.html (+1ms)
00:45:54   ├─ /navigation/xanthippe/index.html (+4ms)
00:45:54   ├─ /navigation/dejanira/index.html (+2ms)
00:45:54   ├─ /navigation/aemilia/index.html (+1ms)
00:45:54   ├─ /navigation/una/index.html (+1ms)
00:45:54   ├─ /navigation/athor/index.html (+1ms)
00:45:54   ├─ /navigation/laurentia/index.html (+1ms)
00:45:54   ├─ /navigation/erigone/index.html (+1ms)
00:45:54   ├─ /navigation/eva/index.html (+8ms)
00:45:54   ├─ /navigation/loreley/index.html (+2ms)
00:45:54   ├─ /navigation/rhodope/index.html (+3ms)
00:45:54   ├─ /navigation/urda/index.html (+1ms)
00:45:54   ├─ /navigation/sibylla/index.html (+1ms)
00:45:54   ├─ /navigation/baucis/index.html (+3ms)
00:45:54   ├─ /navigation/ino/index.html (+1ms)
00:45:54   ├─ /navigation/phaedra/index.html (+2ms)
00:45:54   ├─ /navigation/dejopeja/index.html (+1ms)
00:45:54   ├─ /navigation/lamberta/index.html (+1ms)
00:45:54   ├─ /navigation/menippe/index.html (+1ms)
00:45:54   ├─ /navigation/kolga/index.html (+1ms)
00:45:54   ├─ /navigation/ambrosia/index.html (+1ms)
00:45:54   ├─ /navigation/eurykleia/index.html (+1ms)
00:45:54   ├─ /navigation/byblis/index.html (+1ms)
00:45:54   ├─ /navigation/kallisto/index.html (+1ms)
00:45:54   ├─ /navigation/hersilia/index.html (+1ms)
00:45:54   ├─ /navigation/hedda/index.html (+1ms)
00:45:54   ├─ /navigation/dido/index.html (+1ms)
00:45:54   ├─ /navigation/isabella/index.html (+1ms)
00:45:54   ├─ /navigation/medea/index.html (+1ms)
00:45:54   ├─ /navigation/lilaea/index.html (+1ms)
00:45:54   ├─ /navigation/aschera/index.html (+1ms)
00:45:54   ├─ /navigation/oenone/index.html (+1ms)
00:45:54   ├─ /navigation/eudora/index.html (+1ms)
00:45:54   ├─ /navigation/stephania/index.html (+1ms)
00:45:54   ├─ /navigation/eos/index.html (+1ms)
00:45:54   ├─ /navigation/henrietta/index.html (+1ms)
00:45:54   ├─ /navigation/weringia/index.html (+1ms)
00:45:54   ├─ /navigation/philosophia/index.html (+1ms)
00:45:54   ├─ /navigation/athamantis/index.html (+1ms)
00:45:54   ├─ /navigation/vindobona/index.html (+1ms)
00:45:54   ├─ /navigation/asterope/index.html (+1ms)
00:45:54   ├─ /navigation/coelestina/index.html (+1ms)
00:45:54   ├─ /navigation/hypatia/index.html (+1ms)
00:45:54   ├─ /navigation/vanadis/index.html (+1ms)
00:45:54   ├─ /navigation/kriemhild/index.html (+1ms)
00:45:54   ├─ /navigation/vera/index.html (+1ms)
00:45:54   ├─ /navigation/asporina/index.html (+1ms)
00:45:54   ├─ /navigation/eukrate/index.html (+1ms)
00:45:54   ├─ /navigation/ilse/index.html (+1ms)
00:45:54   ├─ /navigation/bettina/index.html (+1ms)
00:45:54   ├─ /navigation/clementina/index.html (+1ms)
00:45:54   ├─ /navigation/augusta/index.html (+1ms)
00:45:54   ├─ /navigation/silesia/index.html (+1ms)
00:45:54   ├─ /navigation/tyche/index.html (+1ms)
00:45:54   ├─ /navigation/huberta/index.html (+1ms)
00:45:54   ├─ /navigation/dresda/index.html (+1ms)
00:45:54   ├─ /navigation/libussa/index.html (+2ms)
00:45:54   ├─ /navigation/anna/index.html (+1ms)
00:45:54   ├─ /navigation/anahita/index.html (+1ms)
00:45:54   ├─ /navigation/penthesilea/index.html (+1ms)
00:45:54   ├─ /navigation/antonia/index.html (+4ms)
00:45:54   ├─ /navigation/philagoria/index.html (+2ms)
00:45:54   ├─ /navigation/sapientia/index.html (+1ms)
00:45:54   ├─ /navigation/adelheid/index.html (+1ms)
00:45:54   ├─ /navigation/emma/index.html (+1ms)
00:45:54   ├─ /navigation/iclea/index.html (+1ms)
00:45:54   ├─ /navigation/bavaria/index.html (+1ms)
00:45:54   ├─ /navigation/clarissa/index.html (+1ms)
00:45:54   ├─ /navigation/unitas/index.html (+2ms)
00:45:54   ├─ /navigation/arrokoth/index.html (+1ms)
00:45:54   ├─ /navigation/quaoar/index.html (+1ms)
00:45:54   ├─ /navigation/gkunhomdima/index.html (+1ms)
00:45:54   ├─ /navigation/annefrank/index.html (+1ms)
00:45:54   ├─ /navigation/braille/index.html (+1ms)
00:45:54   ├─ /navigation/diomedes/index.html (+1ms)
00:45:54   ├─ /navigation/ajax/index.html (+1ms)
00:45:54   ├─ /navigation/ilioneus/index.html (+1ms)
00:45:54   ├─ /navigation/pyrrhus/index.html (+1ms)
00:45:54   ├─ /navigation/eumelos/index.html (+2ms)
00:45:54   ├─ /navigation/lycomedes/index.html (+1ms)
00:45:54   ├─ /navigation/demodokus/index.html (+1ms)
00:45:54   ├─ /navigation/menelaus/index.html (+2ms)
00:45:54   ├─ /navigation/agenor/index.html (+1ms)
00:45:54   ├─ /navigation/mentor/index.html (+1ms)
00:45:54   ├─ /navigation/dike/index.html (+1ms)
00:45:54   ├─ /navigation/massalia/index.html (+1ms)
00:45:54   ├─ /navigation/proserpina/index.html (+1ms)
00:45:54   ├─ /navigation/polyhymnia/index.html (+1ms)
00:45:54   ├─ /navigation/leukothea/index.html (+1ms)
00:45:54   ├─ /navigation/virginia/index.html (+1ms)
00:45:54   ├─ /navigation/echo/index.html (+1ms)
00:45:54   ├─ /navigation/maja/index.html (+1ms)
00:45:54   ├─ /navigation/juewa/index.html (+1ms)
00:45:54   ├─ /navigation/bertha/index.html (+1ms)
00:45:54   ├─ /navigation/lucia/index.html (+1ms)
00:45:54   ├─ /navigation/brucia/index.html (+1ms)
00:45:54   ├─ /navigation/badenia/index.html (+1ms)
00:45:54   ├─ /navigation/ducrosa/index.html (+1ms)
00:45:54   ├─ /navigation/gyptis/index.html (+1ms)
00:45:54   ├─ /navigation/petrina/index.html (+1ms)
00:45:54   ├─ /navigation/veritas/index.html (+1ms)
00:45:54   ├─ /navigation/gryphia/index.html (+1ms)
00:45:54   ├─ /navigation/selinur/index.html (+1ms)
00:45:54   ├─ /navigation/achilles/index.html (+1ms)
00:45:54   ├─ /navigation/musa/index.html (+1ms)
00:45:54   ├─ /navigation/auravictrix/index.html (+1ms)
00:45:54   ├─ /navigation/transvaalia/index.html (+1ms)
00:45:54   ├─ /navigation/moskva/index.html (+1ms)
00:45:54   ├─ /navigation/kressmannia/index.html (+2ms)
00:45:54   ├─ /navigation/parysatis/index.html (+1ms)
00:45:54   ├─ /navigation/rosalinde/index.html (+1ms)
00:45:54   ├─ /navigation/susi/index.html (+1ms)
00:45:54   ├─ /navigation/hidalgo/index.html (+1ms)
00:45:54   ├─ /navigation/zachia/index.html (+1ms)
00:45:54   ├─ /navigation/piazzia/index.html (+1ms)
00:45:54   ├─ /navigation/tulipa/index.html (+1ms)
00:45:54   ├─ /navigation/reinmuthia/index.html (+1ms)
00:45:54   ├─ /navigation/china/index.html (+1ms)
00:45:54   ├─ /navigation/crimea/index.html (+4ms)
00:45:54   ├─ /navigation/rusthawelia/index.html (+2ms)
00:45:54   ├─ /navigation/schorria/index.html (+1ms)
00:45:54   ├─ /navigation/silvretta/index.html (+1ms)
00:45:54   ├─ /navigation/virtanen/index.html (+1ms)
00:45:54   ├─ /navigation/mr-spock/index.html (+1ms)
00:45:54   ├─ /navigation/educatio/index.html (+1ms)
00:45:54   ├─ /navigation/hopi/index.html (+1ms)
00:45:54   ├─ /navigation/schaber/index.html (+1ms)
00:45:54   ├─ /navigation/iau/index.html (+1ms)
00:45:54   ├─ /navigation/united-nations/index.html (+1ms)
00:45:54   ├─ /navigation/tartaglia/index.html (+1ms)
00:45:54   ├─ /navigation/raup/index.html (+1ms)
00:45:54   ├─ /navigation/asteroid-2001-qw16/index.html (+1ms)
00:45:54   ├─ /navigation/asteroid-1999-fr33/index.html (+1ms)
00:45:54   ├─ /navigation/vesta/index.html (+2ms)
00:45:54   ├─ /navigation/phobos/index.html (+1ms)
00:45:54   ├─ /navigation/deimos/index.html (+1ms)
00:45:54   ├─ /navigation/ceres/index.html (+1ms)
00:45:54   ├─ /navigation/jupiter/index.html (+2ms)
00:45:54   ├─ /navigation/io/index.html (+3ms)
00:45:54   ├─ /navigation/europa/index.html (+4ms)
00:45:54   ├─ /navigation/ganymede/index.html (+3ms)
00:45:54   ├─ /navigation/callisto/index.html (+2ms)
00:45:54   ├─ /navigation/saturn/index.html (+3ms)
00:45:54   ├─ /navigation/pan/index.html (+1ms)
00:45:54   ├─ /navigation/atlas/index.html (+1ms)
00:45:54   ├─ /navigation/prometheus/index.html (+1ms)
00:45:54   ├─ /navigation/pandora/index.html (+1ms)
00:45:54   ├─ /navigation/janus/index.html (+1ms)
00:45:54   ├─ /navigation/epimetheus/index.html (+1ms)
00:45:54   ├─ /navigation/hyperion/index.html (+1ms)
00:45:54   ├─ /navigation/mimas/index.html (+2ms)
00:45:54   ├─ /navigation/enceladus/index.html (+3ms)
00:45:54   ├─ /navigation/tethys/index.html (+3ms)
00:45:54   ├─ /navigation/dione/index.html (+3ms)
00:45:54   ├─ /navigation/rhea/index.html (+3ms)
00:45:54   ├─ /navigation/titan/index.html (+3ms)
00:45:54   ├─ /navigation/iapetus/index.html (+3ms)
00:45:54   ├─ /navigation/phoebe/index.html (+3ms)
00:45:54   ├─ /navigation/uranus/index.html (+5ms)
00:45:54   ├─ /navigation/miranda/index.html (+2ms)
00:45:54   ├─ /navigation/ariel/index.html (+1ms)
00:45:54   ├─ /navigation/umbriel/index.html (+1ms)
00:45:54   ├─ /navigation/titania/index.html (+1ms)
00:45:54   ├─ /navigation/oberon/index.html (+1ms)
00:45:54   ├─ /navigation/neptune/index.html (+2ms)
00:45:54   ├─ /navigation/triton/index.html (+1ms)
00:45:54   ├─ /navigation/pluto/index.html (+2ms)
00:45:54   ├─ /navigation/charon/index.html (+3ms)
00:45:54   ├─ /navigation/styx/index.html (+2ms)
00:45:54   ├─ /navigation/nix/index.html (+2ms)
00:45:54   ├─ /navigation/kerberos/index.html (+2ms)
00:45:54   ├─ /navigation/hydra/index.html (+2ms)
00:45:54   ├─ /navigation/haumea/index.html (+2ms)
00:45:54   ├─ /navigation/makemake/index.html (+2ms)
00:45:54   ├─ /navigation/eris/index.html (+2ms)
00:45:54   ├─ /navigation/chariklo/index.html (+2ms)
00:45:54   ├─ /navigation/bienor/index.html (+2ms)
00:45:54   ├─ /navigation/aethra/index.html (+2ms)
00:45:54   ├─ /navigation/lyyli/index.html (+2ms)
00:45:54   ├─ /navigation/hela/index.html (+3ms)
00:45:54   ├─ /navigation/kemi/index.html (+2ms)
00:45:54   ├─ /navigation/taurinensis/index.html (+2ms)
00:45:54   ├─ /objects/asteroid-2001-sn263/9c4fbc2d1d6d8a620e99d38cede004fbe1aba71e85fd1ecb00f8b1ea31a6bd91.json (+10ms)
00:45:54   ├─ /objects/sn263-beta/7f2fe30af2a6c17c1613103f833c1e6663014e6b8dd1c90947a7920cc99dc363.json (+13ms)
00:45:54   ├─ /objects/sn263-gamma/80cea6c79d56a589e1f50bcf1dfd9e19de18ed1d92b3ab339b35f25f8c636f6d.json (+8ms)
00:45:54   ├─ /objects/polymele/0d591e00605f1e6c02abf64e5c7487fbeca598ab1388b36c43155e658966a675.json00:45:54 [ERROR] Error: ENOENT: no such file or directory, open '/Users/ekrof/fed/cssEarth-moons-cassini-atlas/src/planets/polymele/prepared/object.json'
    at async open (node:internal/fs/promises:697:25)
    at async readFile (node:internal/fs/promises:1348:14)
    at async readPreparedObjectBytes (file:///Users/ekrof/fed/cssEarth-moons-cassini-atlas/dist/.prerender/chunks/object-page-data_DegY6jHi.mjs:11:16)
    at async Module.GET (file:///Users/ekrof/fed/cssEarth-moons-cassini-atlas/dist/.prerender/chunks/_sha256__3c7jNWLo.mjs:24:32)
    at async renderEndpoint (file:///Users/ekrof/fed/cssEarth-moons-cassini-atlas/dist/.prerender/chunks/server_osskQB9Q.mjs:4430:17)
    at async handlePages (file:///Users/ekrof/fed/cssEarth-moons-cassini-atlas/dist/.prerender/prerender-entry.GsRMBji4.mjs:3525:15)
    at async callMiddleware (file:///Users/ekrof/fed/cssEarth-moons-cassini-atlas/dist/.prerender/prerender-entry.GsRMBji4.mjs:4030:9)
    at async handleMiddleware (file:///Users/ekrof/fed/cssEarth-moons-cassini-atlas/dist/.prerender/prerender-entry.GsRMBji4.mjs:4163:18)
    at async render (file:///Users/ekrof/fed/cssEarth-moons-cassini-atlas/dist/.prerender/prerender-entry.GsRMBji4.mjs:5612:15)
    at async BuildApp.render (file:///Users/ekrof/fed/cssEarth-moons-cassini-atlas/dist/.prerender/prerender-entry.GsRMBji4.mjs:5917:69)
00:45:54 [ERROR] [build] Caught error rendering /objects/polymele/0d591e00605f1e6c02abf64e5c7487fbeca598ab1388b36c43155e658966a675.json: Error: ENOENT: no such file or directory, open '/Users/ekrof/fed/cssEarth-moons-cassini-atlas/src/planets/polymele/prepared/object.json'
ENOENT: no such file or directory, open '/Users/ekrof/fed/cssEarth-moons-cassini-atlas/src/planets/polymele/prepared/object.json'
  Stack trace:
    at async open (node:internal/fs/promises:697:25)
    at async readPreparedObjectBytes (file:///Users/ekrof/fed/cssEarth-moons-cassini-atlas/dist/.prerender/chunks/object-page-data_DegY6jHi.mjs:11:16)
    at async renderEndpoint (file:///Users/ekrof/fed/cssEarth-moons-cassini-atlas/dist/.prerender/chunks/server_osskQB9Q.mjs:4430:17)
    at async callMiddleware (file:///Users/ekrof/fed/cssEarth-moons-cassini-atlas/dist/.prerender/prerender-entry.GsRMBji4.mjs:4030:9)
    at async render (file:///Users/ekrof/fed/cssEarth-moons-cassini-atlas/dist/.prerender/prerender-entry.GsRMBji4.mjs:5612:15)
