# Celestia native CMS export; GPL-2.0-or-later. See ../upstream.json and ../../native/.
v -10.75627407990396 13.117732526734471 -1234.5962226390839
v 120.36059908568859 13.117732526734471 -1233.1503868103027
v 120.02971284091473 7.359297014772892 -1231.2738418579102
v 119.1824622452259 1.6366766765713692 -1229.3760180473328
v 117.82298572361469 -4.027472762390971 -1227.4637997150421
v 115.95759652554989 -9.610904334113002 -1225.5463242530823
v 113.59467320144176 -15.091904997825623 -1223.6349821090698
v 110.74436232447624 -20.449309330433607 -1221.7380344867706
v 107.41886012256145 -25.662672612816095 -1219.8678731918335
v 103.63203696906567 -30.712251272052526 -1218.0336356163025
v 99.39952343702316 -35.57908404618502 -1216.2449598312378
v 94.73880417644978 -40.24524427950382 -1214.5164906978607
v 89.66863118112087 -44.69348397105932 -1212.8546118736267
v 84.20949317514896 -48.90772271901369 -1211.2728416919708
v 78.38313058018684 -52.87274457514286 -1209.7790658473969
v 72.21264503896236 -56.574409268796444 -1208.383047580719
v 65.72235859930515 -59.99968349933624 -1207.0945501327515
v 58.93769636750221 -63.13656270503998 -1205.9228360652924
v 51.88507307320833 -65.97417667508125 -1204.8754155635834
v 44.591834396123886 -68.50269176065922 -1203.959172964096
v 37.08613570779562 -70.71343213319778 -1203.180742263794
v 29.39680516719818 -72.59881719946861 -1202.54487991333
v 21.55339065939188 -74.15255717933178 -1202.0589709281921
v 13.585803844034672 -75.36923848092556 -1201.7247676849365
v 5.5245025316253304 -76.24473832547665 -1201.545399427414
v -2.5997941265814006 -76.77602916955948 -1201.523494720459
v -10.756189981475472 -76.96113176643848 -1201.6573011875153
v -18.913511652499437 -76.79741755127907 -1201.912897825241
v -27.040277235209942 -76.28295421600342 -1202.2457242012024
v -35.104913637042046 -75.41966624557972 -1202.6576578617096
v -43.07618513703346 -74.2105733603239 -1203.1474471092224
v -50.92312395572662 -72.66004867851734 -1203.7148416042328
v -58.615255169570446 -70.77385000884533 -1204.3615937232971
v -66.12268276512623 -68.55872087180614 -1205.0845742225647
v -73.41620698571205 -66.02285988628864 -1205.8850347995758
v -80.4674182087183 -63.17556481808424 -1206.7624747753143
v -87.24881038069725 -60.02736948430538 -1207.7166438102722
v -93.73401179909706 -56.58987946808338 -1208.7480425834656
v -99.89751912653446 -52.875799499452114 -1209.855169057846
v -105.71524500846863 -48.89883175492287 -1211.0368967056274
v -111.16429902613163 -44.6737227961421 -1212.2917234897614
v -116.22325368225574 -40.216244012117386 -1213.620275259018
v -120.87198793888092 -35.54288651794195 -1215.01767039299
v -125.09215660393238 -30.671219062060118 -1216.4857864379883
v -128.86673659086227 -25.61930324882269 -1218.0174887180328
v -132.1805275976658 -20.40618835017085 -1219.6102738380432
v -135.020112991333 -15.051556332036853 -1221.262013912201
v -137.37369552254677 -9.575569303706288 -1222.9658246040344
v -139.2314650118351 -3.999159950762987 -1224.718326330185
v -140.58536365628242 1.6564346733503044 -1226.5117585659027
v -141.42928943037987 7.369440654292703 -1228.3399879932404
v -141.75923690199852 13.117740349844098 -1230.1977574825287
v -141.5733128786087 18.878984358161688 -1232.086193561554
v -140.87175205349922 24.630706664174795 -1234.0052962303162
v -139.65638503432274 30.350414849817753 -1235.9478056430817
v -137.93104514479637 36.01550795137882 -1237.9039585590363
v -135.70152148604393 41.6033361107111 -1239.8619890213013
v -132.97574669122696 47.09145091474056 -1241.8130099773407
v -129.7634370625019 52.457572147250175 -1243.7438786029816
v -126.07646808028221 57.67972860485315 -1245.6452071666718
v -121.92868664860725 62.73635197430849 -1247.506982088089
v -117.33555905520916 67.60627292096615 -1249.3133068084717
v -112.31489852070808 72.26901836693287 -1251.0576725006104
v -106.88587166368961 76.70475281774998 -1252.7255594730377
v -101.06970258057117 80.89452870190144 -1254.3084561824799
v -94.88917216658592 84.8202433437109 -1255.7953476905823
v -88.36870416998863 88.46476413309574 -1257.1758449077606
v -81.53402097523212 91.8121475726366 -1258.4393084049225
v -74.41256605088711 94.84756104648113 -1259.577351808548
v -67.03287027776241 97.55755662918091 -1260.5815887451172
v -59.424673207104206 99.93000850081444 -1261.4442586898804
v -51.618825271725655 101.9543319940567 -1262.1594786643982
v -43.64686533808708 103.62124890089035 -1262.7182364463806
v -35.541271045804024 104.9233429133892 -1263.117527961731
v -27.335235849022865 105.8546919375658 -1263.3534729480743
v -19.06229741871357 106.41107149422169 -1263.4219408035278
v -10.756182158365846 106.59015029668808 -1263.3243083953857
v -2.4508655886165798 106.39297664165497 -1263.0924940109253
v 5.820120731368661 105.82289099693298 -1262.7709329128265
v 14.023478468880057 104.88220900297165 -1262.3567461967468
v 22.12619287893176 103.57499867677689 -1261.8508100509644
v 30.095672886818647 101.90689265727997 -1261.2531244754791
v 37.89985254406929 99.88485351204872 -1260.5619370937347
v 45.50742767751217 97.51767441630363 -1259.781128168106
v 52.88786664605141 94.81536112725735 -1258.909696340561
v 60.01155115664005 91.78939796984196 -1257.9496443271637
v 66.85014590620995 88.45257572829723 -1256.9020986557007
v 73.37619177997112 84.81906987726688 -1255.7683110237122
v 79.5638021081686 80.90425282716751 -1254.5515358448029
v 85.38842014968395 76.72467045485973 -1253.2551527023315
v 90.82701466977596 72.29794822633266 -1251.882541179657
v 95.85818946361542 67.64254868030548 -1250.4355788230896
v 100.46235546469688 62.77804523706436 -1248.921775817871
v 104.62137870490551 57.72465672343969 -1247.3412573337555
v 108.31938609480858 52.503505535423756 -1245.704162120819
v 111.54224127531052 47.136058285832405 -1244.014996290207
v 114.27768543362617 41.64439961314201 -1242.27814078331
v 116.51564240455627 36.05104833841324 -1240.5028581619263
v 118.24792921543121 30.378685612231493 -1238.694030046463
v 119.46851424872875 24.650403298437595 -1236.8610441684723
v 120.17340771853924 18.889068346470594 -1235.0111603736877
v 251.51247382164001 13.117732526734471 -1233.0020606517792
v 250.70659965276718 1.5860325540415943 -1229.2678713798523
v 248.86170700192451 -9.84672512859106 -1225.4102647304535
v 245.98909243941307 -21.133612375706434 -1221.4500188827515
v 242.1046368777752 -32.229193300008774 -1217.4121677875519
v 237.2285395860672 -43.089926429092884 -1213.3271276950836
v 231.38456717133522 -53.67410480976105 -1209.2223107814789
v 224.60027262568474 -63.942104391753674 -1205.125629901886
v 216.9068545103073 -73.8567654043436 -1201.0706305503845
v 208.33853110671043 -83.38298946619034 -1197.0854759216309
v 198.93266558647156 -92.48829111456871 -1193.2023346424103
v 188.729327917099 -101.14255137741566 -1189.4517481327057
v 177.77098193764687 -109.3179278075695 -1185.8617544174194
v 166.10256358981133 -116.98908135294914 -1182.4620187282562
v 153.77094894647598 -124.13297295570374 -1179.27907705307
v 140.82470387220383 -130.72843328118324 -1176.33558511734
v 127.31433436274529 -136.75681203603745 -1173.6559510231018
v 113.29168416559696 -142.20143035054207 -1171.2620794773102
v 98.809864372015 -147.04748690128326 -1169.1721200942993
v 83.92317518591881 -151.28208920359612 -1167.4034714698792
v 68.68676170706749 -154.89390939474106 -1165.9684002399445
v 53.1568368896842 -157.87390395998955 -1164.8826777935028
v 37.39000875502825 -160.21410897374153 -1164.154064655304
v 21.443675458431244 -161.90818771719933 -1163.7889444828033
v 5.37561799865216 -162.95188441872597 -1163.7954533100128
v -10.756195848807693 -163.34199160337448 -1164.1753435134888
v -26.892758812755346 -163.06042224168777 -1164.7794127464294
v -42.97228250652552 -162.09121719002724 -1165.458208322525
v -58.93225148320198 -160.43761521577835 -1166.2132322788239
v -74.71077516674995 -158.10521766543388 -1167.0434832572937
v -90.24664163589478 -155.10253608226776 -1167.9533421993256
v -105.47959730029106 -151.4409139752388 -1168.9491927623749
v -120.35064809024334 -147.133619338274 -1170.0336635112762
v -134.80234891176224 -142.1968773007393 -1171.2151408195496
v -148.77888187766075 -136.64904087781906 -1172.5011348724365
v -162.2263379395008 -130.51071614027023 -1173.9005327224731
v -175.0931315124035 -123.8044336438179 -1175.4213452339172
v -187.32947632670403 -116.55481271445751 -1177.0713329315186
v -198.8886058330536 -108.78834240138531 -1178.8618862628937
v -209.72605347633362 -100.53312331438065 -1180.8008909225464
v -219.7999343276024 -91.81868769228458 -1182.894605398178
v -229.0713518857956 -82.6762106269598 -1185.1505398750305
v -237.50421032309532 -73.13813455402851 -1187.5730752944946
v -245.06535530090332 -63.23804408311844 -1190.1639640331268
v -251.72479301691055 -53.01108453422785 -1192.9260849952698
v -257.4554868042469 -42.49328523874283 -1195.8563089370728
v -262.2337482869625 -31.721776630729437 -1198.951631784439
v -266.03914350271225 -20.735105127096176 -1202.2069215774536
v -268.8543677330017 -9.572455706074834 -1205.6097865104675
v -270.6655740737915 1.7256594146601856 -1209.1484606266022
v -271.46271765232086 13.117749150842428 -1212.8096759319305
v -271.2410733103752 24.56156015396118 -1216.6020691394806
v -269.9994519352913 36.01456135511398 -1220.529145002365
v -267.73851066827774 47.43364937603474 -1224.5689988136292
v -264.46253657341003 58.7748309597373 -1228.696471452713
v -260.17958745360374 69.99324448406696 -1232.8813970088959
v -254.90207076072693 81.04369193315506 -1237.098866701126
v -248.6463837325573 91.88084229826927 -1241.3227200508118
v -241.43272563815117 102.45891474187374 -1245.52241563797
v -233.28584879636765 112.7325352281332 -1249.673044681549
v -224.2341198027134 122.6566269993782 -1253.7445664405823
v -214.3103487789631 132.18647316098213 -1257.7088177204132
v -203.55106964707375 141.2786789238453 -1261.5391373634338
v -191.9968217611313 149.89068657159805 -1265.2061104774475
v -179.691930860281 157.9815499484539 -1268.682450056076
v -166.68464988470078 165.51216915249825 -1271.944123506546
v -153.0260793864727 172.44547829031944 -1274.9633431434631
v -138.77138793468475 178.7463828921318 -1277.7139484882355
v -123.97839613258839 184.38276126980782 -1280.1720321178436
v -108.70798341929913 189.3253080546856 -1282.3144376277924
v -93.02375949919224 193.5481756925583 -1284.1220140457153
v -76.99113339185715 197.0283329486847 -1285.570478439331
v -60.67793145775795 199.74705129861832 -1286.6449356079102
v -44.153822399675846 201.6894981265068 -1287.3314917087555
v -27.48945476487279 202.84432992339134 -1287.6139998435974
v -10.756181180477142 203.20511609315872 -1287.48419880867
v 5.974538647569716 202.78632938861847 -1287.0881617069244
v 22.634215839207172 201.60610377788544 -1286.5712106227875
v 39.155262149870396 199.66886714100838 -1285.9252095222473
v 55.47061152756214 196.98292762041092 -1285.1465284824371
v 71.51387706398964 193.55909675359726 -1284.2260301113129
v 87.2196301817894 189.4115187227726 -1283.1537008285522
v 102.52397172152996 184.55829620361328 -1281.9277882575989
v 117.36441850662231 179.0199413895607 -1280.5390298366547
v 131.68034926056862 172.82056510448456 -1278.9829194545746
v 145.41378691792488 165.98701626062393 -1277.2549510002136
v 158.50860849022865 158.54949206113815 -1275.3528714179993
v 170.91200798749924 150.54088085889816 -1273.2773065567017
v 182.57380798459053 141.9962927699089 -1271.0257530212402
v 193.4471793472767 132.95370116829872 -1268.6002135276794
v 203.489251434803 123.45312908291817 -1266.0066962242126
v 212.66034543514252 113.53647708892822 -1263.249832391739
v 220.92475667595863 103.24762500822544 -1260.337507724762
v 228.25109884142876 92.63178259134293 -1257.2812378406525
v 234.61186587810516 81.73495754599571 -1254.0900349617004
v 239.98412042856216 70.60444056987762 -1250.7796704769135
v 244.34897750616074 59.28785875439644 -1247.3641633987427
v 247.6919800043106 47.83301129937172 -1243.8582837581635
v 250.0032551586628 36.288186348974705 -1240.2836859226227
v 251.2772485613823 24.700694158673286 -1236.6587698459625
v 382.64071494340897 13.117732526734471 -1231.83873295784
v 381.21972531080246 -4.221698082983494 -1226.310110092163
v 378.22134643793106 -21.370629128068686 -1220.475322008133
v 373.66889119148254 -38.254000805318356 -1214.3819332122803
v 367.5927445292473 -54.80061303824186 -1208.082389831543
v 360.02986282110214 -70.94358801841736 -1201.63414478302
v 351.02324187755585 -86.62080243229866 -1195.097154378891
v 340.6214788556099 -101.77516713738441 -1188.5345041751862
v 328.8776770234108 -116.3545411080122 -1182.0081532001495
v 315.84928929805756 -130.3118135780096 -1175.579559803009
v 301.59752368927 -143.6048023402691 -1169.3098068237305
v 286.18674874305725 -156.1962068080902 -1163.2583498954773
v 269.6838364005089 -168.05267706513405 -1157.4786365032196
v 252.15798988938332 -179.14506420493126 -1152.0211100578308
v 233.68043079972267 -189.44788053631783 -1146.9332098960876
v 214.32400792837143 -198.93897101283073 -1142.2573685646057
v 194.16316598653793 -207.59929418563843 -1138.0341410636902
v 173.27311635017395 -215.41176438331604 -1134.293693304062
v 151.7304629087448 -222.36230000853539 -1131.067943572998
v 129.61259186267853 -228.4382276237011 -1128.380423784256
v 106.99757002294064 -233.62893909215927 -1126.2524127960205
v 83.96423868834972 -237.92489022016525 -1124.698555469513
v 60.59205327183008 -241.31900891661644 -1123.7362504005432
v 36.960962042212486 -243.80417615175247 -1123.3717560768127
v 13.151361141353846 -245.3757606446743 -1123.6153364181519
v -10.756199760362506 -246.02947533130646 -1124.4698703289032
v -34.678468108177185 -245.71076184511185 -1125.6259381771088
v -58.52316152304411 -244.36679854989052 -1126.7689883708954
v -82.19565264880657 -242.00190380215645 -1127.9010236263275
v -105.60227148234844 -238.6240728199482 -1129.0229201316833
v -128.65058407187462 -234.24702733755112 -1130.1459431648254
v -151.24963894486427 -228.8879156112671 -1131.2779784202576
v -173.31098020076752 -222.56892397999763 -1132.4361741542816
v -194.74872574210167 -215.31604081392288 -1133.6394309997559
v -215.48009142279625 -207.15913474559784 -1134.9111557006836
v -235.42546927928925 -198.13101589679718 -1136.274629831314
v -254.50966358184814 -188.26804608106613 -1137.7603948116302
v -272.6605296134949 -177.60882452130318 -1139.3963634967804
v -289.8107260465622 -166.19403138756752 -1141.2133276462555
v -305.8969169855118 -154.0662556886673 -1143.2412028312683
v -320.86002230644226 -141.26954153180122 -1145.5096542835236
v -334.64534282684326 -127.84911431372166 -1148.0468451976776
v -347.2022473812103 -113.85096609592438 -1150.8759319782257
v -358.48432928323746 -99.32178519666195 -1154.0165662765503
v -368.44915598630905 -84.30940210819244 -1157.4835181236267
v -377.05836296081543 -68.86233575642109 -1161.2868010997772
v -384.27768498659134 -53.029871731996536 -1165.4291689395905
v -390.0763928890228 -36.86284851282835 -1169.9068665504456
v -394.4280758500099 -20.413111802190542 -1174.709004163742
v -397.31045365333557 -3.734400006942451 -1179.8204362392426
v -398.70471954345703 13.117756973952055 -1185.2114975452423
v -398.60048443078995 30.08585488423705 -1190.8820629119873
v -396.99080139398575 47.11104389280081 -1196.8147337436676
v -393.8707575201988 64.13230765610933 -1202.964073419571
v -389.24110382795334 81.08602277934551 -1209.284394979477
v -383.10872465372086 97.90626391768456 -1215.7305121421814
v -375.4865124821663 114.52532596886158 -1222.2582399845123
v -366.39346182346344 130.87409175932407 -1228.8225173950195
v -355.8552637696266 146.8821845948696 -1235.3811621665955
v -343.9040556550026 162.4785080552101 -1241.8916165828705
v -330.578076839447 177.59180143475533 -1248.310947418213
v -315.92254489660263 192.15031117200851 -1254.5950949192047
v -299.98881071805954 206.0836762189865 -1260.7028782367706
v -282.83473402261734 219.3222239613533 -1266.5922403335571
v -264.52443301677704 231.79776817560196 -1272.2192466259003
v -245.1280653476715 243.444062769413 -1277.5402128696442
v -224.72120225429535 254.19733375310898 -1282.5084507465363
v -203.38634625077248 263.9973431825638 -1287.0829045772552
v -181.21050596237183 272.78682589530945 -1291.2161350250244
v -158.28624442219734 280.5132105946541 -1294.865334033966
v -134.71108451485634 287.1287450194359 -1297.9870676994324
v -110.58655455708504 292.59152859449387 -1300.5425333976746
v -86.0181413590908 296.86457365751266 -1302.4871706962585
v -61.11546233296394 299.9191850423813 -1303.7901878356934
v -35.990286245942116 301.73230022192 -1304.4149100780487
v -10.756179224699736 302.28977501392365 -1304.336178302765
v 14.473888138309121 301.6406446695328 -1303.8646638393402
v 39.59632907062769 299.84042197465897 -1303.3149182796478
v 64.5097766071558 296.8930810689926 -1302.661281824112
v 89.11315128207207 292.8082600235939 -1301.883226633072
v 113.30574229359627 287.59922683238983 -1300.950837135315
v 136.98823526501656 281.2859773635864 -1299.8447120189667
v 160.06265357136726 273.8928258419037 -1298.5394418239594
v 182.43316411972046 265.44990688562393 -1297.013372182846
v 204.006327688694 255.9925340116024 -1295.24547457695
v 224.69283565878868 245.56196630001068 -1293.2228565216064
v 244.40564811229706 234.20393764972687 -1290.927368402481
v 263.0630761384964 221.96995541453362 -1288.3516252040863
v 280.58781176805496 208.9157983660698 -1285.4884922504425
v 296.90775722265244 195.1019860804081 -1282.3354661464691
v 311.95682287216187 180.59241771697998 -1278.8932979106903
v 325.67452043294907 165.45460671186447 -1275.165742635727
v 338.00702691078186 149.75968077778816 -1271.1641907691956
v 348.9073097705841 133.58064517378807 -1266.9027864933014
v 358.33537727594376 116.99210107326508 -1262.4005556106567
v 366.2581533193588 100.070034340024 -1257.6786518096924
v 372.64979034662247 82.89095498621464 -1252.7643620967865
v 377.4918258190155 65.5311070382595 -1247.688353061676
v 380.7727441191673 48.06651156395674 -1242.4839198589325
v 382.4880391359329 30.571116507053375 -1237.1858596801758
v 513.4299337863922 13.117732526734471 -1227.8649687767029
v 511.2609922885895 -10.060544405132532 -1220.6396698951721
v 506.95120990276337 -32.927620969712734 -1212.8397166728973
v 500.5427062511444 -55.374148674309254 -1204.555606842041
v 492.0884907245636 -77.2992230951786 -1195.8876013755798
v 481.65011554956436 -98.61084446310997 -1186.9368374347687
v 469.2982390522957 -119.22719478607178 -1177.8165936470032
v 455.10918349027634 -139.07586336135864 -1168.6333894729614
v 439.16534185409546 -158.09453129768372 -1159.4976246356964
v 421.5531438589096 -176.22981369495392 -1150.5141913890839
v 402.36164778470993 -193.43668073415756 -1141.7800962924957
v 381.6827595233917 -209.67812910676003 -1133.3890914916992
v 359.61004346609116 -224.9238520860672 -1125.427669286728
v 336.23765856027603 -239.14886265993118 -1117.9700553417206
v 311.66054606437683 -252.33327448368073 -1111.0843420028687
v 285.9743356704712 -264.46119099855423 -1104.8309862613678
v 259.27439108490944 -275.5188748240471 -1099.2578029632568
v 231.656514108181 -285.49553006887436 -1094.4073498249054
v 203.21642830967903 -294.3811431527138 -1090.3109192848206
v 174.0504987537861 -302.16739028692245 -1086.9966745376587
v 144.25501227378845 -308.8462293148041 -1084.4837665557861
v 113.92695978283882 -314.41021263599396 -1082.7873408794403
v 83.16355906426907 -318.85204911231995 -1081.9164097309113
v 52.062868885695934 -322.16460406780243 -1081.8774819374084
v 20.72335872799158 -324.34183806180954 -1082.6766908168793
v -10.756205627694726 -325.3775551915169 -1084.3161642551422
v -42.27146878838539 -325.15375167131424 -1086.2960994243622
v -73.69823008775711 -323.55420738458633 -1088.1093084812164
v -104.90695349872112 -320.5817073583603 -1089.7506594657898
v -135.76926961541176 -316.2460461258888 -1091.2199020385742
v -166.15845188498497 -310.565248131752 -1092.5254225730896
v -195.95024585723877 -303.56494188308716 -1093.6841189861298
v -225.02430081367493 -295.27789056301117 -1094.7205245494843
v -253.2646156847477 -285.7440546154976 -1095.669186115265
v -280.56033700704575 -275.0089958310127 -1096.571034193039
v -306.8066820502281 -263.1240025162697 -1097.47776389122
v -331.9055646657944 -250.144524872303 -1098.4465777873993
v -355.76479732990265 -236.12881377339363 -1099.5381832122803
v -378.30001562833786 -221.13752961158752 -1100.8196711540222
v -399.4330510497093 -205.23194298148155 -1102.356630563736
v -419.0924942493439 -188.4738564491272 -1104.2160272598267
v -437.21310049295425 -170.92393040657043 -1106.4593195915222
v -453.7350073456764 -152.64198035001755 -1109.1430842876434
v -468.6043292284012 -133.686351031065 -1112.3181402683258
v -481.7709669470787 -114.11420591175556 -1116.0235404968262
v -493.1891396641731 -93.98152716457844 -1120.2870726585388
v -502.81732231378555 -73.34378845989704 -1125.127136707306
v -510.61643064022064 -52.25694067776203 -1130.5438578128815
v -516.5517300367355 -30.77786760404706 -1136.5294754505157
v -520.5910205841064 -8.96560144610703 -1143.058955669403
v -522.7058261632919 13.117762841284275 -1150.0929951667786
v -522.8699550032616 35.405946895480156 -1157.5716376304626
v -521.0609391331673 57.82708469778299 -1165.4165267944336
v -517.2638520598412 80.30389957129955 -1173.554688692093
v -511.4718407392502 102.75383815169334 -1181.917405128479
v -503.6876901984215 125.09018518030643 -1190.4469728469849
v -493.92153918743134 147.22223952412605 -1199.0821838378906
v -482.1935400366783 169.05702352523804 -1207.7723443508148
v -468.5322627425194 190.49864932894707 -1216.4655089378357
v -452.9756024479866 211.44968792796135 -1225.1127362251282
v -435.57024747133255 231.8121314048767 -1233.6680889129639
v -416.3721174001694 251.48643851280212 -1242.0822501182556
v -395.445017516613 270.3734591603279 -1250.3037750720978
v -372.8624224662781 288.3746534585953 -1258.2832217216492
v -348.70603680610657 305.3921699523926 -1265.9648895263672
v -323.0660140514374 321.3292524218559 -1273.2886970043182
v -296.0408315062523 336.0925555229187 -1280.195438861847
v -267.73810386657715 349.59029853343964 -1286.6186499595642
v -238.2731907069683 361.73592656850815 -1292.4932420253754
v -207.7693685889244 372.44645208120346 -1297.746366262436
v -176.35808140039444 381.6454276442528 -1302.3074269294739
v -144.1773757338524 389.26329016685486 -1306.1033248901367
v -111.37258931994438 395.2389568090439 -1309.0638399124146
v -78.09568606317043 399.52066987752914 -1311.121129989624
v -44.503362849354744 402.06696689128876 -1312.2076034545898
v -10.756177268922329 402.8489023447037 -1312.2650563716888
v 22.98719258978963 401.98034942150116 -1311.8214547634125
v 56.589191034436226 399.5840057730675 -1311.4052653312683
v 89.91649858653545 395.6583693623543 -1310.9636664390564
v 122.83498607575893 390.20901024341583 -1310.4472160339355
v 155.21013513207436 383.24756920337677 -1309.8020911216736
v 186.9077168405056 374.79347884655 -1308.977222442627
v 217.79487133026123 364.87440168857574 -1307.925295829773
v 247.74059280753136 353.52613627910614 -1306.6012501716614
v 276.61695778369904 340.7938376069069 -1304.9679100513458
v 304.30034548044205 326.72995179891586 -1302.988475561142
v 330.670827627182 311.39628142118454 -1300.6334066390991
v 355.61543852090836 294.8629841208458 -1297.883301973343
v 379.02693897485733 277.2071644663811 -1294.7185099124908
v 400.8060693740845 258.51385965943336 -1291.1313951015472
v 420.8613932132721 238.87342661619186 -1287.1164500713348
v 439.1107678413391 218.3827467262745 -1282.679307460785
v 455.48100024461746 197.14342653751373 -1277.831482887268
v 469.9086606502533 175.26004537940025 -1272.5883722305298
v 482.34136551618576 152.83999890089035 -1266.976135969162
v 492.73702651262283 129.992513358593 -1261.0285699367523
v 501.0637253522873 106.82673677802086 -1254.782098531723
v 507.30162262916565 83.45126956701279 -1248.2875406742096
v 511.43982857465744 59.97308883816004 -1241.5944635868073
v 513.4790316224098 36.49530317634344 -1234.764450788498
v 643.3810472488403 13.117732526734471 -1219.6783661842346
v 640.338796377182 -15.910330368205905 -1210.8695447444916
v 634.5583319664001 -44.47667822241783 -1201.1367201805115
v 626.1108130216599 -72.42954857647419 -1190.633600950241
v 615.0824189186096 -99.63327795267105 -1179.52578663826
v 601.5724718570709 -125.96997991204262 -1167.9912686347961
v 585.6884300708771 -151.33937001228333 -1156.2050342559814
v 567.5445109605789 -175.65827295184135 -1144.3380653858185
v 547.2601890563965 -198.86063039302826 -1132.5602173805237
v 524.9572232365608 -220.8952635526657 -1121.0297048091888
v 500.75734108686447 -241.72340109944344 -1109.88809466362
v 474.7824892401695 -261.3182567059994 -1099.267315864563
v 447.1537694334984 -279.66224402189255 -1089.2867803573608
v 417.98931062221527 -296.7435657978058 -1080.0431191921234
v 387.4062716960907 -312.55701184272766 -1071.6254532337189
v 355.51855713129044 -327.09888964891434 -1064.1001224517822
v 322.43910133838654 -340.3682917356491 -1057.5250804424286
v 288.2788985967636 -352.3644044995308 -1051.9428849220276
v 253.14744114875793 -363.08491230010986 -1047.3816365003586
v 217.15417429804802 -372.5266858935356 -1043.8615500926971
v 180.4079644382 -380.6847810745239 -1041.3926392793655
v 143.01836639642715 -387.5520631670952 -1039.9779081344604
v 105.09530268609524 -393.1197389960289 -1039.6156042814255
v 66.7501587420702 -397.37751334905624 -1040.3010338544846
v 28.095215745270252 -400.3137454390526 -1042.026624083519
v -10.756210517138243 -401.91751420497894 -1044.789558649063
v -49.681009724736214 -401.9813507795334 -1047.8977739810944
v -88.52087147533894 -400.2973482012749 -1050.6424963474274
v -127.10731141269207 -396.8610942363739 -1052.9991924762726
v -165.27271941304207 -391.68050587177277 -1054.9550950527191
v -202.8509795665741 -384.7760483622551 -1056.5083265304565
v -239.67945724725723 -376.181298494339 -1057.67303109169
v -275.60126781463623 -365.94266295433044 -1058.4800004959106
v -310.4665204882622 -354.1187524795532 -1058.9778006076813
v -344.1338673233986 -340.7785043120384 -1059.2323958873749
v -376.47203654050827 -325.9999305009842 -1059.3270242214203
v -407.3610529303551 -309.86705124378204 -1059.3585669994354
v -436.6912677884102 -292.46807992458344 -1059.4341695308685
v -464.3653303384781 -273.89263808727264 -1059.6713662147522
v -490.2962788939476 -254.22895476222038 -1060.187566280365
v -514.4072279334068 -233.56280252337456 -1061.1034333705902
v -536.6300225257874 -211.9745872914791 -1062.530493736267
v -556.9038301706314 -189.53941091895103 -1064.5728886127472
v -575.1744836568832 -166.32597595453262 -1067.3222422599792
v -591.3913518190384 -142.39727407693863 -1070.8519041538239
v -605.5071204900742 -117.81096160411835 -1075.215071439743
v -617.4769788980484 -92.62083806097507 -1080.4462909698486
v -627.2569924592972 -66.87945909798145 -1086.5573287010193
v -634.8036020994186 -40.638586319983006 -1093.5331642627716
v -640.0745630264282 -13.953063637018204 -1101.340502500534
v -643.0285692214966 13.117770664393902 -1109.9227666854858
v -643.6065405607224 40.50605110824108 -1119.1052198410034
v -641.7518377304077 68.12795698642731 -1128.6884665489197
v -637.4362349510193 95.88887952268124 -1138.5755002498627
v -630.6438982486725 123.68606999516487 -1148.685085773468
v -621.3706344366074 151.40991881489754 -1158.9443743228912
v -609.625518321991 178.9463259279728 -1169.2962884902954
v -595.4298287630081 206.17788210511208 -1179.693764448166
v -578.8157969713211 232.98368901014328 -1190.0907397270203
v -559.8276078701019 259.2409238219261 -1200.4456579685211
v -538.5205239057541 284.8262161016464 -1210.721093416214
v -514.9610102176666 309.61380153894424 -1220.873862504959
v -489.22460675239563 333.477383852005 -1230.8545231819153
v -461.3987758755684 356.29076063632965 -1240.6138837337494
v -431.5803676843643 377.92603969573975 -1250.088232755661
v -399.8777166008949 398.25670570135117 -1259.2124819755554
v -366.40848219394684 417.1563059091568 -1267.9080247879028
v -331.3027784228325 434.49929505586624 -1276.0882437229156
v -294.7012335062027 450.1638203859329 -1283.6617648601532
v -256.75560012459755 464.031220972538 -1290.5261993408203
v -217.62952208518982 475.98837465047836 -1296.5745270252228
v -177.49686017632484 485.92982590198517 -1301.6948461532593
v -136.54280304908752 493.75935047864914 -1305.7723760604858
v -94.96352300047874 499.3922397494316 -1308.6914598941803
v -52.96392682939768 502.7593061327934 -1310.3439509868622
v -10.756176291033626 503.8061946630478 -1310.6209516525269
v 31.451007071882486 502.74657011032104 -1310.299265384674
v 73.48816394805908 499.807146191597 -1310.1612031459808
v 115.19300490617752 494.97434198856354 -1310.1186454296112
v 156.39982670545578 488.2406786084175 -1310.07821559906
v 196.94071412086487 479.6091914176941 -1309.9521696567535
v 236.6465002298355 469.0932735800743 -1309.6571445465088
v 275.34811198711395 456.71802163124084 -1309.114909172058
v 312.8776967525482 442.5209552049637 -1308.2538664340973
v 349.0703120827675 426.55258029699326 -1307.0121824741364
v 383.76589715480804 408.8754817843437 -1305.3331553936005
v 416.80905371904373 389.5662322640419 -1303.1722247600555
v 448.05295765399933 368.7136396765709 -1300.496220588684
v 477.35798209905624 346.4168384671211 -1297.2743511199951
v 504.5956403017044 322.78748005628586 -1293.4942245483398
v 529.6474903821945 297.94463217258453 -1289.1443252563477
v 552.4079203605652 272.0171570777893 -1284.2297852039337
v 572.7831155061722 245.14050409197807 -1278.7616193294525
v 590.6925916671753 217.45472252368927 -1272.757601737976
v 606.0713857412338 189.1036793589592 -1266.2500262260437
v 618.8684910535812 160.23377627134323 -1259.281075000763
v 629.0474206209183 130.99098466336727 -1251.899939775467
v 636.5867078304291 101.51957049965858 -1244.1680788993835
v 641.4809703826904 71.96141369640827 -1236.1627221107483
v 643.7381565570831 42.45125167071819 -1227.966982126236
v 771.8512147665024 13.117732526734471 -1206.1545252799988
v 767.8173691034317 -21.737575996667147 -1195.8854734897614
v 760.4048162698746 -55.94990998506546 -1184.2649638652802
v 749.7307151556015 -89.31572288274765 -1171.544337272644
v 735.9295606613159 -121.65993936359882 -1157.980066537857
v 719.15243268013 -152.83837169408798 -1143.8438951969147
v 699.5569825172424 -182.73582458496094 -1129.3936729431152
v 677.3071199655533 -211.2658604979515 -1114.882618188858
v 652.5675684213638 -238.3674904704094 -1100.5468010902405
v 625.5006730556488 -264.0014737844467 -1086.600011587143
v 596.264523267746 -288.1467193365097 -1073.2323825359344
v 565.0131404399872 -310.7980638742447 -1060.61652302742
v 531.8930357694626 -331.9597005844116 -1048.8942503929138
v 497.04505652189255 -351.6439899802208 -1038.1877303123474
v 460.60357242822647 -369.86739188432693 -1028.5956591367722
v 422.69672602415085 -386.6459593176842 -1020.1900720596313
v 383.44862312078476 -401.9959643483162 -1013.028484582901
v 342.97917634248734 -415.92998653650284 -1007.1477591991425
v 301.40545070171356 -428.45613062381744 -1002.5688618421555
v 258.8429778814316 -439.5756170153618 -999.2950469255447
v 215.40691405534744 -449.28528517484665 -997.3218083381653
v 171.21313512325287 -457.5747773051262 -996.6317474842072
v 126.37878432869911 -464.42879140377045 -997.2019582986832
v 81.02384470403194 -469.8283016681671 -999.0079700946808
v 35.27058754116297 -473.75052720308304 -1002.0234972238541
v -10.756216384470463 -476.1724680662155 -1006.2287628650665
v -56.91617354750633 -476.7758175730705 -1010.7586562633514
v -103.01451981067657 -475.23525953292847 -1014.7132068872452
v -148.83932322263718 -471.5289831161499 -1018.03158223629
v -194.17745098471642 -465.653420984745 -1020.6670314073563
v -238.81642743945122 -457.62587785720825 -1022.5937068462372
v -282.5477197766304 -447.485876083374 -1023.8116085529327
v -325.1708060503006 -435.2954998612404 -1024.3509650230408
v -366.4957880973816 -421.13789319992065 -1024.2736726999283
v -406.34667724370956 -405.11478781700134 -1023.6732333898544
v -444.56356912851334 -387.34287321567535 -1022.672688961029
v -481.00514709949493 -367.94888377189636 -1021.4208662509918
v -515.5475556850433 -347.0651552081108 -1020.087119936943
v -548.0859965085983 -324.82364773750305 -1018.8542604446411
v -578.532662987709 -301.35190933942795 -1017.912232875824
v -606.8143934011459 -276.7684131860733 -1017.4490422010422
v -632.8704178333282 -251.17972567677498 -1017.6445573568344
v -656.6493541002274 -224.6781751513481 -1018.6615616083145
v -678.105828166008 -197.34130427241325 -1020.6409960985184
v -697.1974074840546 -169.23348158597946 -1023.6975163221359
v -713.8817846775055 -140.40649607777596 -1027.9123574495316
v -728.1147748231888 -110.90274900197983 -1033.33258330822
v -739.8491263389587 -80.76040148735046 -1039.9744033813477
v -749.0322679281235 -50.01514647156 -1047.811782360077
v -755.6093126535416 -18.706813361495733 -1056.7940890789032
v -759.5203667879105 13.117777509614825 -1066.8322026729584
v -760.6485217809677 45.39528340101242 -1077.5800287723541
v -758.8787466287613 78.02756242454052 -1088.668692111969
v -754.1667938232422 110.89759357273579 -1099.9784052371979
v -746.488943696022 143.8779853284359 -1111.4271819591522
v -735.83724796772 176.83314755558968 -1122.9476809501648
v -722.2230970859528 209.623883664608 -1134.502100944519
v -705.67227602005 242.10801646113396 -1146.0606515407562
v -686.2254023551941 274.141600728035 -1157.603681087494
v -663.9369875192642 305.5800184607506 -1169.1160440444946
v -638.8730585575104 336.2785890698433 -1180.5814683437347
v -611.1111581325531 366.0892993211746 -1191.97279214859
v -580.7395309209824 394.86451148986816 -1203.2585978507996
v -547.8573739528656 422.4530205130577 -1214.3915712833405
v -512.5747740268707 448.70089888572693 -1225.3102540969849
v -475.01458525657654 473.4525293111801 -1235.9427988529205
v -435.3097379207611 496.5488836169243 -1246.1955785751343
v -393.6086520552635 517.828680574894 -1255.962073802948
v -350.0724524259567 537.1300756931305 -1265.1184916496277
v -304.8779100179672 554.2934149503708 -1273.5312759876251
v -258.2171134650707 569.1603273153305 -1281.048595905304
v -210.29767245054245 581.5802335739136 -1287.5131130218506
v -161.3438442349434 591.4112538099289 -1292.7583515644073
v -111.59649454057217 598.522961139679 -1296.610450744629
v -61.3111300393939 602.8043299913406 -1298.899930715561
v -10.756174335256219 604.1636735200882 -1299.457311630249
v 39.80531953275204 602.9526561498642 -1299.3282616138458
v 90.17466902732849 599.5425313711166 -1299.571716785431
v 140.1638075709343 593.8968747854233 -1300.0508666038513
v 189.57746252417564 585.9876483678818 -1300.6258964538574
v 238.21512758731842 575.800958275795 -1301.1696338653564
v 285.8721971511841 563.3364289999008 -1301.5589118003845
v 332.3419064283371 548.6099570989609 -1301.6798257827759
v 377.41819471120834 531.6569030284882 -1301.4358699321747
v 420.89647203683853 512.5293374061584 -1300.7370471954346
v 462.5785633921623 491.2987947463989 -1299.510508775711
v 502.27105021476746 468.05567890405655 -1297.6971745491028
v 539.7911846637726 442.9076358675957 -1295.2514827251434
v 574.965637922287 415.97742587327957 -1292.1368837356567
v 607.6343178749084 387.4039873480797 -1288.33310008049
v 637.651401758194 357.3384314775467 -1283.8303685188293
v 664.8853987455368 325.94269663095474 -1278.6276876926422
v 689.221653342247 293.3893606066704 -1272.7388262748718
v 710.5624079704285 259.8566807806492 -1266.1844372749329
v 728.8283050060272 225.52749887108803 -1258.9960634708405
v 743.9589500427246 190.58823958039284 -1251.220017671585
v 755.9136629104614 155.2254058420658 -1242.9170072078705
v 764.6707266569138 119.62219923734665 -1234.1563761234283
v 770.2302038669586 83.95851217210293 -1225.0348806381226
v 772.6105570793152 48.403757996857166 -1215.6565368175507
v 898.0769008398056 13.117732526734471 -1186.3713204860687
v 892.9355531930923 -27.496996242552996 -1174.76145029068
v 883.7291926145554 -67.25607141852379 -1161.3204717636108
v 870.6393778324127 -105.89371360838413 -1146.4188873767853
v 853.8722008466721 -143.19283738732338 -1130.444723367691
v 833.6454570293427 -178.98408025503159 -1113.7736141681671
v 810.1843267679214 -213.1451591849327 -1096.7723071575165
v 783.7109863758087 -245.59418186545372 -1079.7728776931763
v 754.4432938098907 -276.2865722179413 -1063.0836188793182
v 722.5899696350098 -305.20770102739334 -1046.9777762889862
v 688.3462160825729 -332.36553221940994 -1031.6877275705338
v 651.8958449363708 -357.786226272583 -1017.4140572547913
v 613.4093374013901 -381.5068647265434 -1004.3223649263382
v 573.0439692735672 -403.56975495815277 -992.5411999225616
v 530.9471279382706 -424.0206465125084 -982.1762681007385
v 487.25506067276 -442.9011896252632 -973.3006060123444
v 442.0968487858772 -460.2487474679947 -965.966346859932
v 395.5943450331688 -476.0916084051132 -960.1999640464783
v 347.86527156829834 -490.44801592826843 -956.0084670782089
v 299.0250036120415 -503.3249169588089 -953.3814668655396
v 249.18808713555336 -514.7174298763275 -952.2928029298782
v 198.4705701470375 -524.6085315942764 -952.7024835348129
v 146.99131697416306 -532.9710602760315 -954.5630693435669
v 94.87387798726559 -539.7684663534164 -957.8204870223999
v 42.24679861217737 -544.9590057134628 -962.4225407838821
v -10.75622127391398 -548.4978675842285 -968.3227926492691
v -63.97857181727886 -549.9414503574371 -974.5170056819916
v -117.18738153576851 -548.8259375095367 -979.937669634819
v -170.12251541018486 -545.0935631990433 -984.4608038663864
v -222.5181832909584 -538.714411854744 -987.9839569330215
v -274.106428027153 -529.6918004751205 -990.4366582632065
v -324.6230944991112 -518.0666282773018 -991.7922466993332
v -373.8144636154175 -503.9171576499939 -992.0715004205704
v -421.4426189661026 -487.35829442739487 -991.3477063179016
v -467.29104816913605 -468.5363620519638 -989.7459715604782
v -511.16858571767807 -447.62253016233444 -987.4389052391052
v -552.9134809970856 -424.8043030500412 -984.6404850482941
v -592.3918336629868 -400.27697682380676 -981.5981715917587
v -629.4995337724686 -374.23287481069565 -978.5798907279968
v -664.1577243804932 -346.85371220111847 -975.8640825748444
v -696.3092029094696 -318.30230355262756 -973.7251192331314
v -725.9135395288467 -288.7176811695099 -972.4224150180817
v -752.9407560825348 -258.21148082613945 -972.1887856721878
v -777.3660063743591 -226.86742544174194 -973.2214361429214
v -799.1630047559738 -194.7435937821865 -975.6732612848282
v -818.2996451854706 -161.8756279349327 -979.6479642391205
v -834.7356855869293 -128.2828588038683 -985.2009326219559
v -848.418053984642 -93.97565200924873 -992.3329800367355
v -859.2828512191772 -58.96185413002968 -1000.9990453720093
v -867.2534108161926 -23.255204502493143 -1011.1043125391006
v -872.245180606842 13.117784354835749 -1022.5196063518524
v -874.0500032901764 50.10163877159357 -1034.6730262041092
v -872.4665433168411 87.57654391229153 -1046.9888538122177
v -867.4385368824005 125.3944180905819 -1059.3471765518188
v -858.9355051517487 163.39496970176697 -1071.670389175415
v -846.9556331634521 201.41252875328064 -1083.92676115036
v -831.5183848142624 239.2797589302063 -1096.1085319519043
v -812.6643776893616 276.83181166648865 -1108.2342267036438
v -790.4496878385544 313.9051213860512 -1120.3261256217957
v -764.9442851543427 350.3383129835129 -1132.4078857898712
v -736.2294048070908 385.9721705317497 -1144.499409198761
v -704.3968588113785 420.6447243690491 -1156.6043257713318
v -669.5466578006744 454.19250279664993 -1168.7089920043945
v -631.7895770072937 486.4474654197693 -1180.7821154594421
v -591.2452787160873 517.2334983944893 -1192.7629888057709
v -548.0461925268173 546.3682919740677 -1204.5720040798187
v -502.33604460954666 573.6614316701889 -1216.1015152931213
v -454.27611619234085 598.9145547151566 -1227.2224724292755
v -404.0431782603264 621.9240725040436 -1237.7826690673828
v -351.8331527709961 642.4816399812698 -1247.6068675518036
v -297.86299020051956 660.377848148346 -1256.5018057823181
v -242.3705443739891 675.4065424203873 -1264.2569482326508
v -185.61701327562332 687.3675763607025 -1270.6459879875183
v -127.88813598453999 696.0742592811584 -1275.4344820976257
v -69.49161104857922 701.3574868440628 -1278.3801019191742
v -10.756172379478812 703.073063492775 -1279.2397677898407
v 47.99650255590677 701.7488926649094 -1279.3302655220032
v 106.54135756194592 697.94160425663 -1279.9942910671234
v 164.66789916157722 691.5822923183441 -1281.0407102108002
v 222.15354815125465 682.613816857338 -1282.2838962078094
v 278.76543402671814 670.9948718547821 -1283.546108007431
v 334.2632621526718 656.705179810524 -1284.6676290035248
v 388.40180933475494 639.746305346489 -1285.5006337165833
v 440.93455374240875 620.1457232236862 -1285.9178245067596
v 491.6163504123688 597.9563176631927 -1285.8103036880493
v 540.20856320858 573.2563197612762 -1285.088449716568
v 586.4783138036728 546.1494326591492 -1283.6796641349792
v 630.2057415246964 516.7633920907974 -1281.5330028533936
v 671.1830019950867 485.246242582798 -1278.608912229538
v 709.2183977365494 451.76655650138855 -1274.8868644237518
v 744.1368162631989 416.50720685720444 -1270.353090763092
v 775.7821083068848 379.6666815876961 -1265.009844303131
v 804.016962647438 341.45489037036896 -1258.8678896427155
v 828.7249088287354 302.08959728479385 -1251.9466280937195
v 849.8126327991486 261.79482489824295 -1244.2792296409607
v 867.2093510627747 220.79894542694092 -1235.9120070934296
v 880.8670610189438 179.3297991156578 -1226.9006609916687
v 890.7649844884872 137.61330172419548 -1217.3265516757965
v 896.9068139791489 95.86962684988976 -1207.2888135910034
v 899.325156211853 54.30664625018835 -1196.9187498092651
v 1021.1871117353439 13.117732526734471 -1159.5877468585968
v 1014.8201644420624 -33.132652938365936 -1146.7468321323395
v 1003.6545842885971 -78.28185260295868 -1131.563115119934
v 987.9671841859818 -121.99382968246937 -1114.5740747451782
v 968.0548042058945 -164.00740966200829 -1096.306425333023
v 944.2252993583679 -204.13468927145004 -1077.27010846138
v 916.7845219373703 -242.2549344599247 -1057.9408943653107
v 886.0238045454025 -278.3038705587387 -1038.738164305687
v 852.2196471691132 -312.2663363814354 -1020.038178563118
v 815.6253933906555 -344.1626563668251 -1002.155676484108
v 776.472544670105 -374.04102087020874 -985.3567063808441
v 734.9704474210739 -401.96789503097534 -969.8583126068115
v 691.3065433502197 -428.01813036203384 -955.8294743299484
v 645.6501245498657 -452.27127224206924 -943.4025585651398
v 598.1540858745575 -474.8050197958946 -932.6775759458542
v 548.9567399024963 -495.68943679332733 -923.7209290266037
v 498.1859162449837 -514.9844169616699 -916.5747374296188
v 445.9599941968918 -532.7363044023514 -911.2560868263245
v 392.3919081687927 -548.9755779504776 -907.7619105577469
v 337.59102523326874 -563.7142539024353 -906.0679882764816
v 281.6654920578003 -576.9449472427368 -906.1303228139877
v 224.72608387470245 -588.6414974927902 -907.8895211219788
v 166.88753440976143 -598.7591564655304 -911.2712949514389
v 108.27224403619766 -607.2375297546387 -916.1922186613083
v 49.010976031422615 -614.0051454305649 -922.5662380456924
v -10.756226163357496 -618.9839601516724 -930.3115546703339
v -70.85772939026356 -621.5985059738159 -938.3272379636765
v -131.0221754014492 -621.2300062179565 -945.4085290431976
v -190.93702509999275 -617.7586108446121 -951.3390094041824
v -250.27584359049797 -611.1054003238678 -955.933678150177
v -308.7048500776291 -601.2445271015167 -959.058353304863
v -365.89221954345703 -588.2090359926224 -960.6422513723373
v -421.51978611946106 -572.0946192741394 -960.6913179159164
v -475.2915546298027 -553.0545473098755 -959.2871636152267
v -526.9438236951828 -531.2944114208221 -956.5909445285797
v -576.251882314682 -507.05979466438293 -952.8356641530991
v -623.0347037315369 -480.6212827563286 -948.3147203922272
v -667.1549141407013 -452.25981920957565 -943.3699518442154
v -708.5188239812851 -422.24946320056915 -938.3727371692657
v -747.0704823732376 -390.8440589904785 -933.7077856063843
v -782.7836662530899 -358.26331079006195 -929.7512948513031
v -815.6534940004349 -324.6849596500397 -926.8539905548096
v -845.6859737634659 -290.2399331331253 -925.3249168395996
v -872.8878647089005 -255.01192286610603 -925.4167914390564
v -897.2570389509201 -219.0421722829342 -927.3170560598373
v -918.7751591205597 -182.33607932925224 -931.1403036117554
v -937.4034225940704 -144.87388283014297 -936.9291543960571
v -953.0778050422668 -106.62353932857513 -944.6526288986206
v -965.7105624675751 -67.55170673131943 -954.2129695415497
v -975.1939862966537 -27.637593168765306 -965.4594719409943
v -981.4016550779343 13.117790222167969 -978.187108039856
v -984.0003669261932 54.664674773812294 -991.5719479322433
v -982.6792627573013 96.84946350753307 -1004.8281759023666
v -977.3710638284683 139.47920724749565 -1017.8406983613968
v -968.052864074707 182.35169425606728 -1030.5734038352966
v -954.7370553016663 225.2641573548317 -1043.0404365062714
v -937.4653190374374 268.02004873752594 -1055.2940547466278
v -916.3039326667786 310.4333505034447 -1067.413991689682
v -891.3345068693161 352.32613384723663 -1079.4826090335846
v -862.6518577337265 393.5290440917015 -1091.581642627716
v -830.3572475910187 433.8768884539604 -1103.7739276885986
v -794.5589482784271 473.20250272750854 -1116.0988926887512
v -755.3694874048233 511.3362193107605 -1128.5690546035767
v -712.9077136516571 548.0981379747391 -1141.162759065628
v -667.2997355461121 583.2963109016418 -1153.8231790065765
v -618.6826139688492 616.7245209217072 -1166.461318731308
v -567.2054260969162 648.1623440980911 -1178.9548873901367
v -513.0363687872887 677.3732721805573 -1191.1496758460999
v -456.3619762659073 704.107654094696 -1202.8610587120056
v -397.3928466439247 728.1053245067596 -1213.8776242733002
v -336.36627048254013 749.0989834070206 -1223.9616751670837
v -273.5467940568924 766.8182641267776 -1232.850605249405
v -209.23085063695908 780.9968054294586 -1240.262532234192
v -143.74780878424644 791.3770079612732 -1245.8956718444824
v -77.45883800089359 797.7204859256744 -1249.4363486766815
v -10.756171401590109 799.8151391744614 -1250.5620002746582
v 55.97628951072693 798.3969032764435 -1250.8405029773712
v 122.48971313238144 794.2464619874954 -1251.88729763031
v 188.55455964803696 787.2539788484573 -1253.4584283828735
v 253.92263308167458 777.3239493370056 -1255.3195774555206
v 318.33009123802185 764.3826484680176 -1257.2516977787018
v 381.5006375312805 748.3819484710693 -1259.0540170669556
v 443.15015226602554 729.3054521083832 -1260.550045967102
v 502.9907450079918 707.1689933538437 -1261.5854501724243
v 560.7354640960693 682.0235788822174 -1262.0324313640594
v 616.1044925451279 653.9540737867355 -1261.7897272109985
v 668.8252419233322 623.0782628059387 -1260.7781052589417
v 718.639862537384 589.5435333251953 -1258.9402377605438
v 765.3065890073776 553.52543592453 -1256.240576505661
v 808.6013674736023 515.2218326926231 -1252.6554644107819
v 848.3217984437943 474.85026866197586 -1248.1772661209106
v 884.2852592468262 432.6446235179901 -1242.8051054477692
v 916.332221031189 388.8529524207115 -1236.5488708019257
v 944.327312707901 343.7329486012459 -1229.4262111186981
v 968.1601971387863 297.54906445741653 -1221.461659669876
v 987.747511267662 250.57183876633644 -1212.6951456069946
v 1003.0334919691086 203.0728429555893 -1203.1778633594513
v 1013.9944821596146 155.32167702913284 -1192.9865419864655
v 1020.639368891716 107.5824648141861 -1182.2260737419128
v 1023.0101466178894 60.104102455079556 -1171.03151679039
v 1140.2246117591858 13.117732526734471 -1125.2624452114105
v 1132.5033903121948 -38.579403050243855 -1111.280357837677
v 1119.2123651504517 -88.89607563614845 -1094.4565415382385
v 1100.752705335617 -137.41927295923233 -1075.515729188919
v 1077.54385471344 -183.8478483259678 -1055.1552414894104
v 1050.0035047531128 -227.98516005277634 -1034.0284645557404
v 1018.5294449329376 -269.7249233722687 -1012.7156853675842
v 983.4914892911911 -309.03614312410355 -991.7234659194946
v 945.2225267887115 -345.9450423717499 -971.4748799800873
v 904.019021987915 -380.5197447538376 -952.3173362016678
v 860.1405143737793 -412.85572350025177 -934.5263332128525
v 813.8121217489243 -443.06265860795975 -918.3112800121307
v 765.2311742305756 -471.25736474990845 -903.8337081670761
v 714.569279551506 -497.5548729300499 -891.2095248699188
v 661.9785189628601 -522.0641747117043 -880.5224686861038
v 607.5937002897263 -544.8830276727676 -871.8267381191254
v 551.5369892120361 -566.0942941904068 -865.1536881923676
v 493.92025619745255 -585.7641577720642 -860.5153352022171
v 434.8478928208351 -603.9361774921417 -857.9021662473679
v 374.420066177845 -620.6303805112839 -857.2850167751312
v 312.7348154783249 -635.839632153511 -858.6126923561096
v 249.89293366670609 -649.5281964540482 -861.8123441934586
v 186.00028306245804 -661.6321116685867 -866.7907208204269
v 121.17303684353828 -672.0616936683655 -873.4368592500687
v 55.53977955132723 -680.7062298059464 -881.6287815570831
v -10.756231052801013 -687.4414265155792 -891.2416309118271
v -77.53023952245712 -691.5628284215927 -901.1255979537964
v -144.47394981980324 -692.284432053566 -909.9705934524536
v -211.21923476457596 -689.389505982399 -917.4378454685211
v -277.3709177970886 -682.7206492424011 -923.2332676649094
v -342.5176441669464 -672.2014456987381 -927.1383762359619
v -406.24719858169556 -657.8474164009094 -929.0276259183884
v -468.16351264715195 -639.768585562706 -928.8804262876511
v -527.9021233320236 -618.1662261486053 -926.7877131700516
v -585.1450055837631 -593.3219701051712 -922.9517608880997
v -639.6307110786438 -565.5771553516388 -917.6732271909714
v -691.1632239818573 -535.3126108646393 -911.3403260707855
v -739.6093636751175 -502.92152613401413 -904.4045448303223
v -784.8997861146927 -468.7838852405548 -897.3576754331589
v -827.017405629158 -433.24503153562546 -890.706279873848
v -865.9857541322708 -396.59438878297806 -884.9412739276886
v -901.8537729978561 -359.05357003211975 -880.514332652092
v -934.6791654825211 -320.7696497440338 -877.8124809265137
v -964.512312412262 -281.8161338567734 -877.1415710449219
v -991.3810640573502 -242.2016277909279 -878.7117004394531
v -1015.2806013822556 -201.88238471746445 -882.6310157775879
v -1036.165863275528 -160.77981367707253 -888.9045864343643
v -1053.9489805698395 -118.80214959383011 -897.4416643381119
v -1068.501341342926 -75.86185187101364 -908.062881231308
v -1079.6603500843048 -31.896427553147078 -920.5204635858536
v -1087.2383773326874 13.117796089500189 -934.5126271247864
v -1090.7430052757263 59.12811867892742 -948.9535242319107
v -1089.7370159626007 105.9296764433384 -962.8678321838379
v -1084.1543197631836 153.26897129416466 -976.1756300926208
v -1073.9900350570679 200.88936612010002 -988.8934403657913
v -1059.2868447303772 248.54449555277824 -1001.1056900024414
v -1040.1256084442139 296.0077866911888 -1012.9463732242584
v -1016.6114687919617 343.07464957237244 -1024.5701998472214
v -988.8652145862579 389.5608499646187 -1036.1365735530853
v -957.0137053728104 435.2968767285347 -1047.7881878614426
v -921.1842387914658 480.1219806075096 -1059.639447927475
v -881.504362821579 523.8743796944618 -1071.7691481113434
v -838.0970567464828 566.3847506046295 -1084.20951962471
v -791.0867393016815 607.4684679508209 -1096.9486713409424
v -740.6013339757919 646.9209730625153 -1109.928023815155
v -686.7771506309509 684.5140814781189 -1123.046189546585
v -629.7630161046982 719.996765255928 -1136.1609756946564
v -569.7286605834961 753.091710805893 -1149.091637134552
v -506.86625093221664 783.5018277168274 -1161.6238832473755
v -441.3971185684204 810.9111249446869 -1173.5120058059692
v -373.57573360204697 834.9900305271149 -1184.4795048236847
v -303.6914885044098 855.401086807251 -1194.222092628479
v -232.07367360591888 871.8040198087692 -1202.4069428443909
v -159.0949036180973 883.8651269674301 -1208.6761951446533
v -85.16992069780827 891.2669152021408 -1212.6503348350525
v -10.756169445812702 893.7183022499084 -1213.9321982860565
v 63.69803510606289 892.1853482723236 -1214.2998218536377
v 137.9223145544529 887.701016664505 -1215.6059682369232
v 211.6710975766182 880.1107227802277 -1217.5638735294342
v 284.6730709075928 869.2772805690765 -1219.8994159698486
v 356.6349148750305 855.0896644592285 -1222.358125448227
v 427.24598944187164 837.4696433544159 -1224.7085630893707
v 496.18363827466965 816.3777887821198 -1226.7460763454437
v 563.1193846464157 791.8169796466827 -1228.2968044281006
v 627.724751830101 763.8342797756195 -1229.217928647995
v 689.6790862083435 732.5188100337982 -1229.3969213962555
v 748.6702144145966 698.0023115873337 -1228.7505447864532
v 804.4036120176315 660.4521989822388 -1227.220344543457
v 856.6027164459229 620.0687438249588 -1224.7686445713043
v 905.0128072500229 577.0806938409805 -1221.3751673698425
v 949.4025081396103 531.7378878593445 -1217.0306503772736
v 989.5643502473831 484.30991023778915 -1211.7350935935974
v 1025.3143966197968 435.0811779499054 -1205.4916262626648
v 1056.4963102340698 384.34803038835526 -1198.310136795044
v 1082.9818546772003 332.4154123663902 -1190.2065217494965
v 1104.6713948249817 279.5958414673805 -1181.206065416336
v 1121.499341726303 226.20587199926376 -1171.3513255119324
v 1133.4354043006897 172.56071269512177 -1160.706388950348
v 1140.490847826004 118.97156685590744 -1149.3720173835754
v 1142.7199959754944 65.73299020528793 -1137.4910295009613
v 1254.180908203125 13.117732526734471 -1083.1011414527893
v 1244.9596524238586 -43.76617167145014 -1068.0528581142426
v 1229.3698847293854 -98.95452931523323 -1049.7049123048782
v 1207.9781234264374 -151.95561200380325 -1028.9993315935135
v 1181.3573956489563 -202.43751257658005 -1006.8239450454712
v 1150.0531911849976 -250.20920634269714 -983.9707016944885
v 1114.5696938037872 -295.19822001457214 -961.1284732818604
v 1075.3548860549927 -337.42361068725586 -938.8711005449295
v 1032.7926009893417 -376.9666761159897 -917.6487565040588
v 987.212285399437 -413.95258605480194 -897.8157967329025
v 938.886746764183 -448.52597415447235 -879.6273797750473
v 888.0460470914841 -480.841800570488 -863.2691949605942
v 834.8817586898804 -511.0503315925598 -848.8628447055817
v 779.5596688985825 -539.2972648143768 -836.4954471588135
v 722.2231596708298 -565.7160311937332 -826.2217015028
v 662.9997164011002 -590.4269814491272 -818.0785953998566
v 602.0044952630997 -613.5343194007874 -812.0884716510773
v 539.3418252468109 -635.1230353116989 -808.2607805728912
v 475.1081496477127 -655.2541494369507 -806.5908908843994
v 409.3941539525986 -673.9605814218521 -807.0565849542618
v 342.2868311405182 -691.2410795688629 -809.6128016710281
v 273.874332010746 -707.0557147264481 -814.1871303319931
v 204.24997061491013 -721.3241279125214 -820.6784963607788
v 133.5189051926136 -733.9254677295685 -828.9560973644257
v 61.802612990140915 -744.7026461362839 -838.8638466596603
v -10.756234964355826 -753.4725397825241 -850.2309501171112
v -83.9628305286169 -759.4138473272324 -861.9063466787338
v -157.47580155730247 -761.5662664175034 -872.5084125995636
v -230.869759619236 -759.5719367265701 -881.5464824438095
v -303.67311984300613 -753.1609922647476 -888.5977953672409
v -375.3854066133499 -742.1812266111374 -893.3417916297913
v -445.49971371889114 -726.6147404909134 -895.5837696790695
v -513.528598845005 -706.5840750932693 -895.2712208032608
v -579.027584195137 -682.3470801115036 -892.5031542778015
v -641.6170299053192 -654.278638958931 -887.524276971817
v -700.9979367256165 -622.8424429893494 -880.713477730751
v -756.9623976945877 -588.556444644928 -872.5606709718704
v -809.3933790922165 -551.956307888031 -863.6418879032135
v -858.2615286111832 -513.5554790496826 -854.583665728569
v -903.6090284585953 -473.8104835152626 -846.0257470607758
v -945.5308198928833 -433.09379518032074 -838.5852187871933
v -984.1506332159042 -391.6736215353012 -832.8192114830017
v -1019.5950150489807 -349.7068002820015 -829.1937947273254
v -1051.9696712493896 -307.2418659925461 -828.0607581138611
v -1081.3372492790222 -264.2337575554848 -829.6394616365433
v -1107.7013790607452 -220.56534737348557 -834.0108901262283
v -1130.9984743595123 -176.07533857226372 -841.116589307785
v -1151.0944783687592 -130.59154450893402 -850.7698684930801
v -1167.7932500839233 -83.9593805372715 -862.6772671937943
v -1180.8457016944885 -36.07019539922476 -876.4556407928467
v -1189.970201253891 13.117801956832409 -891.6658312082291
v -1194.4904565811157 63.532173447310925 -906.9873601198196
v -1193.8435792922974 114.8961178958416 -921.3151037693024
v -1187.9757463932037 166.87763035297394 -934.6176445484161
v -1176.914119720459 219.1527597606182 -946.9804108142853
v -1160.7517004013062 271.4254170656204 -958.5788905620575
v -1139.624547958374 323.4373927116394 -969.6370750665665
v -1113.693255186081 374.970218539238 -980.3991705179214
v -1083.1300556659698 425.8403643965721 -991.1067545413971
v -1048.1029897928238 475.8882075548172 -1001.9684225320816
v -1008.7705224752426 524.9676436185837 -1013.1509631872177
v -965.2789771556854 572.9288756847382 -1024.7643381357193
v -917.7609086036682 619.6106851100922 -1036.8593037128448
v -866.3417994976044 664.8264437913895 -1049.4242191314697
v -811.145880818367 708.359357714653 -1062.3910546302795
v -752.3037046194077 749.9576479196548 -1075.639021396637
v -689.9587154388428 789.3355518579483 -1089.0011429786682
v -624.2792665958405 826.173323392868 -1102.2707641124725
v -555.461248755455 860.1230531930923 -1115.2071833610535
v -483.7350994348526 890.8114850521088 -1127.536779642105
v -409.37231183052063 917.8468376398087 -1138.9561414718628
v -332.6867803931236 940.8254384994507 -1149.1330683231354
v -254.04088720679283 959.3362301588058 -1157.7028155326843
v -173.8497108221054 972.9705959558487 -1164.2698466777802
v -92.58079938590527 981.3313722610474 -1168.406456708908
v -10.756168467923999 984.0460538864136 -1169.6576535701752
v 71.11177705228329 982.3149561882019 -1169.9471712112427
v 152.7328222990036 977.4352759122849 -1171.3047623634338
v 233.84811133146286 969.2133754491806 -1173.4216332435608
v 314.16663229465485 957.4737668037415 -1176.0026335716248
v 393.3693587779999 942.0698761940002 -1178.7710130214691
v 471.1147651076317 922.8930562734604 -1181.475681066513
v 547.0453977584839 899.8804092407227 -1183.8944613933563
v 620.7949787378311 873.01866710186 -1185.837596654892
v 691.9961661100388 842.3476964235306 -1187.150126695633
v 760.2892220020294 807.9579949378967 -1187.7103865146637
v 825.3237336874008 769.9895650148392 -1187.4280035495758
v 886.768627166748 728.6262810230255 -1186.239516735077
v 944.3135440349579 684.0897560119629 -1184.1039955615997
v 997.6710945367813 636.6340845823288 -1180.9959053993225
v 1046.5806126594543 586.5389585494995 -1176.9016027450562
v 1090.8052146434784 534.104597568512 -1171.8100726604462
v 1130.135303735733 479.65099811553955 -1165.7163083553314
v 1164.3893837928772 423.5111430287361 -1158.6149275302887
v 1193.417376279831 366.0308450460434 -1150.5085587501526
v 1217.1001195907593 307.5658679008484 -1141.4038360118866
v 1235.3583812713623 248.4801582992077 -1131.3292980194092
v 1248.1554865837097 189.13939967751503 -1120.3400194644928
v 1255.50257563591 129.9060758203268 -1108.5280001163483
v 1257.4686169624329 71.12578824162483 -1096.0430681705475
v 1362.045443058014 13.117732526734471 -1033.103084564209
v 1351.150792837143 -48.61988704651594 -1017.0454323291779
v 1333.0804109573364 -108.30864496529102 -997.3067253828049
v 1308.6116015911102 -165.38203954696655 -975.0695675611496
v 1278.5015165805817 -219.49200108647346 -951.4141112565994
v 1243.4481024742126 -270.4762861132622 -927.2795677185059
v 1204.065442085266 -318.31863820552826 -903.4449309110641
v 1160.874992609024 -363.1068170070648 -880.5264115333557
v 1114.3017053604126 -404.99327927827835 -858.9828193187714
v 1064.686918258667 -444.1639646887779 -839.1381561756134
v 1012.299433350563 -480.8137312531471 -821.2037086486816
v 957.3511630296707 -515.1312410831451 -805.3040206432343
v 900.0150918960571 -547.2911685705185 -791.5062457323074
v 840.4377311468124 -577.4543881416321 -779.8454940319061
v 778.7470668554306 -605.7657837867737 -770.3372240066528
v 715.0610089302063 -632.3581606149673 -762.9955172538757
v 649.4883924722672 -657.3513686656952 -757.83451795578
v 582.1299165487289 -680.8491736650467 -754.8691213130951
v 513.0781441926956 -702.9341876506805 -754.1104674339294
v 442.4179404973984 -723.6599832773209 -755.5573672056198
v 370.22725492715836 -743.041205406189 -759.1861635446548
v 296.5818464756012 -761.0439330339432 -764.941656589508
v 221.56005576252937 -777.5781691074371 -772.7278411388397
v 145.25205194950104 -792.4953997135162 -782.4062168598175
v 67.76746027171612 -805.5894702672958 -793.7942862510681
v -10.75623887591064 -816.6061609983444 -806.6735655069351
v -90.118358284235 -824.6302932500839 -819.9400573968887
v -169.95089203119278 -828.5258889198303 -832.1761518716812
v -249.7716285288334 -827.746519446373 -842.7201390266418
v -329.0262848138809 -821.8692362308502 -851.0024964809418
v -407.1132481098175 -810.633060336113 -856.5834403038025
v -483.41754376888275 -793.9724653959274 -859.1937303543091
v -557.3468059301376 -772.0184415578842 -858.7441831827164
v -628.3643066883087 -745.0901716947556 -855.3341209888458
v -696.0220634937286 -713.6755049228668 -849.2543756961823
v -759.9816173315048 -678.3849567174911 -840.9623801708221
v -820.029678940773 -639.905396103859 -831.0581356287003
v -876.0774403810501 -598.9459097385406 -820.2487885951996
v -928.1546294689178 -556.181538105011 -809.3045711517334
v -976.3851016759872 -512.2020184993744 -799.0064799785614
v -1020.9601789712906 -467.4747973680496 -790.1037812232971
v -1062.101536989212 -422.3167732357979 -783.2619398832321
v -1100.0244677066803 -376.8854409456253 -779.0249437093735
v -1134.9018931388855 -331.18546307086945 -777.7831345796585
v -1166.8338239192963 -285.0921392440796 -779.7518044710159
v -1195.8246409893036 -238.38557749986649 -784.962996840477
v -1221.7733323574066 -190.79350233078003 -793.2689487934113
v -1244.4713652133942 -142.0404776930809 -804.3586134910583
v -1263.617581129074 -91.89026914536953 -817.7833199501038
v -1278.8358449935913 -40.18681347370148 -832.9908192157745
v -1289.707338809967 13.117807824164629 -849.3660271167755
v -1295.3585028648376 67.90745481848717 -865.4021501541138
v -1295.1186776161194 123.81070777773857 -879.9453735351562
v -1288.9575719833374 180.39895221590996 -893.0220454931259
v -1276.9526660442352 237.26887553930283 -904.801207780838
v -1259.2626750469208 294.06731128692627 -915.5509114265442
v -1236.0972583293915 350.50400644540787 -925.5948454141617
v -1207.68923163414 406.35112076997757 -935.2717190980911
v -1174.2725372314453 461.43260300159454 -944.9029058218002
v -1136.0654711723328 515.6079187989235 -954.7637790441513
v -1093.2602941989899 568.7525868415833 -965.0656253099442
v -1046.02210521698 620.7359611988068 -975.9442538022995
v -994.4890916347504 671.4063048362732 -987.4568670988083
v -938.7827306985855 720.5737978219986 -999.5826870203018
v -879.0178030729294 768.0051863193512 -1012.2333437204361
v -815.3145343065262 813.4186506271362 -1025.2610117197037
v -747.8089839220047 856.4880609512329 -1038.4711146354675
v -676.6669392585754 896.8444794416428 -1051.6292095184326
v -602.0887345075607 934.0863615274429 -1064.4731283187866
v -524.3180125951767 967.7855014801025 -1076.713478565216
v -443.64616870880127 997.492915391922 -1088.036584854126
v -360.41491627693176 1022.747790813446 -1098.1022357940674
v -275.02188831567764 1043.0814296007156 -1106.5409302711487
v -187.92470544576645 1058.0228805541992 -1112.946367263794
v -99.64189901947975 1067.1099543571472 -1116.8743193149567
v -10.756166512146592 1069.8991119861603 -1117.8405046463013
v 78.16010154783726 1067.803394794464 -1117.82648563385
v 166.79778769612312 1062.3737812042236 -1118.9562678337097
v 254.88745719194412 1053.3953547477722 -1120.9305703639984
v 342.12357848882675 1040.66940844059 -1123.4591245651245
v 428.1683027744293 1024.024522304535 -1126.267558336258
v 512.6566663384438 1003.327265381813 -1129.1002750396729
v 595.204022526741 978.4918963909149 -1131.7292153835297
v 675.4136145114899 949.4870603084564 -1133.9562356472015
v 752.8844922780991 916.3390427827835 -1135.615360736847
v 827.2218704223633 879.1303306818008 -1136.5734100341797
v 898.0395376682281 838.0000501871109 -1136.7266178131104
v 964.9696826934814 793.1363940238953 -1135.9981298446655
v 1027.6655226945877 744.7713017463684 -1134.3311190605164
v 1085.8039319515228 693.1745767593384 -1131.6841542720795
v 1139.0879452228546 638.6456876993179 -1128.0231893062592
v 1187.2465074062347 581.511202454567 -1123.3190596103668
v 1230.035412311554 522.1211269497871 -1117.543476819992
v 1267.241871356964 460.8458071947098 -1110.6710314750671
v 1298.6867666244507 398.0729877948761 -1102.6819467544556
v 1324.2286562919617 334.20771807432175 -1093.5674607753754
v 1343.7715351581573 269.6680650115013 -1083.3417177200317
v 1357.2714686393738 204.87736836075783 -1072.0511555671692
v 1364.7472321987152 140.25888964533806 -1059.7952842712402
v 1366.284191608429 76.21537037193775 -1046.7318177223206
v 1462.865799665451 13.117732526734471 -975.5896478891373
v 1450.0908493995667 -53.07117775082588 -958.5752606391907
v 1429.3447136878967 -116.81652702391148 -937.5988751649857
v 1401.664298772812 -177.48656496405602 -914.0953749418259
v 1368.0288076400757 -234.7399927675724 -889.3434941768646
v 1329.3027877807617 -288.47047090530396 -864.4139975309372
v 1286.2169802188873 -338.7465924024582 -840.1634216308594
v 1239.357179403305 -385.7493996620178 -817.2306329011917
v 1189.1668617725372 -429.7146499156952 -796.0475295782089
v 1135.9744727611542 -470.8935275673866 -776.8795341253281
v 1080.014580488205 -509.521821141243 -759.8571360111237
v 1021.4596688747406 -545.8099097013474 -745.0228929519653
v 960.4410409927368 -579.9346894025803 -732.3606580495834
v 897.0728516578674 -612.0511829853058 -721.8372613191605
v 831.4618080854416 -642.296576499939 -713.4202212095261
v 763.7146800756454 -670.8012342453003 -707.0955187082291
v 693.9385503530502 -697.6913273334503 -702.8712898492813
v 622.2371220588684 -723.0878949165344 -700.7745087146759
v 548.7070888280869 -747.0997095108032 -700.8425384759903
v 473.4351307153702 -769.8105722665787 -703.108674287796
v 396.4952543377876 -791.2641048431396 -707.5854957103729
v 317.9536432027817 -811.4456623792648 -714.2495334148407
v 237.87339851260185 -830.2676886320114 -723.0251848697662
v 156.32696226239204 -847.560265660286 -733.7771415710449
v 73.40770326554775 -863.0679845809937 -746.3051319122314
v -10.756242787465453 -876.45682990551 -760.3475511074066
v -95.96315994858742 -886.7536067962646 -774.8951554298401
v -181.82765543460846 -892.6581144332886 -788.5374695062637
v -267.8134247660637 -893.3799058198929 -800.4262179136276
v -353.2785505056381 -888.297700881958 -809.8345398902893
v -437.51100450754166 -877.0132094621658 -816.201862692833
v -519.7742253541946 -859.3888700008392 -819.172203540802
v -599.3569672107697 -835.5560481548309 -818.6128199100494
v -675.6196439266205 -805.9037089347839 -814.6235346794128
v -748.0370432138443 -771.0444331169128 -807.5307905673981
v -816.2307769060135 -731.7626595497131 -797.8711277246475
v -879.9873054027557 -688.9436513185501 -786.3520056009293
v -939.2595022916794 -643.5023993253708 -773.8130003213882
v -994.156077504158 -596.3047653436661 -761.1691027879715
v -1044.907969236374 -548.0976998806 -749.3469446897507
v -1091.8296039104462 -499.4566708803177 -739.2285972833633
v -1135.266262292862 -450.7481127977371 -731.5877348184586
v -1175.5432605743408 -402.1201327443123 -727.0441979169846
v -1212.9140675067902 -353.51196080446243 -726.0199338197708
v -1247.5186228752136 -304.6904057264328 -728.7159025669098
v -1279.3522953987122 -255.29954731464386 -735.0996851921082
v -1308.2548677921295 -204.92433831095695 -744.9144959449768
v -1333.9081585407257 -153.15955728292465 -757.6965808868408
v -1355.862307548523 -99.67273771762848 -772.8163361549377
v -1373.5630631446838 -44.25945784896612 -789.5172983407974
v -1386.4018499851227 13.117813691496849 -806.9754123687744
v -1393.3083415031433 72.26975373923779 -823.565599322319
v -1393.5417830944061 132.70818069577217 -838.177040219307
v -1387.1045529842377 193.89173537492752 -850.8965402841568
v -1374.1369664669037 255.32547309994698 -861.973562836647
v -1354.880851507187 316.5933609008789 -871.7712879180908
v -1329.6339869499207 377.3715376853943 -880.7076573371887
v -1298.7141788005829 437.42529451847076 -889.2106264829636
v -1262.4293446540833 496.5927556157112 -897.6789861917496
v -1221.0539817810059 554.758608341217 -906.4465016126633
v -1174.8162746429443 611.8263155221939 -915.7616347074509
v -1123.8979697227478 667.6851958036423 -925.7742136716843
v -1068.4380054473877 722.1912413835526 -936.5365594625473
v -1008.5480958223343 775.1453071832657 -948.0071157217026
v -944.3283766508102 826.2871652841568 -960.0665330886841
v -875.8850544691086 875.2930641174316 -972.5311875343323
v -803.3459275960922 921.7851787805557 -985.1733952760696
v -726.8777221441269 965.3381198644638 -997.7347433567047
v -646.6912865638733 1005.4942667484283 -1009.9371671676636
v -563.0502909421921 1041.7735934257507 -1021.4890837669373
v -476.2750133872032 1073.6826181411743 -1032.0859551429749
v -386.74224615097046 1100.721788406372 -1041.4074093103409
v -294.8895826935768 1122.3892986774445 -1049.1082906723022
v -201.21870338916779 1138.1823420524597 -1054.8095226287842
v -106.29571974277496 1147.6032435894012 -1058.088594675064
v -10.756165534257889 1150.1647174358368 -1058.472365140915
v 84.77630876004696 1147.4425256252289 -1057.8948318958282
v 179.97364103794098 1141.1968052387238 -1058.4699869155884
v 274.5584785938263 1131.2296628952026 -1059.9506199359894
v 368.21834295988083 1117.3495888710022 -1062.088143825531
v 460.6077030301094 1099.3810951709747 -1064.637851715088
v 551.3512998819351 1077.1793603897095 -1067.3632979393005
v 640.0505930185318 1050.640743970871 -1070.0448095798492
v 726.290425658226 1019.711422920227 -1072.483366727829
v 809.6465975046158 984.3941509723663 -1074.503481388092
v 889.6961599588394 944.7479456663132 -1075.9540736675262
v 966.0191684961319 900.8911550045013 -1076.708346605301
v 1038.2105112075806 852.9946982860565 -1076.66015625
v 1105.8814108371735 801.2800633907318 -1075.7192552089691
v 1168.6630547046661 746.0129231214523 -1073.8072872161865
v 1226.2116014957428 687.497878074646 -1070.852780342102
v 1278.206992149353 626.07601583004 -1066.7873919010162
v 1324.358081817627 562.1235340833664 -1061.5474104881287
v 1364.4070208072662 496.0477352142334 -1055.074006319046
v 1398.1367647647858 428.28514873981476 -1047.32124209404
v 1425.376456975937 359.3004360795021 -1038.2625818252563
v 1446.0138201713562 289.57985043525696 -1027.9064744710922
v 1460.0041687488556 219.61976811289787 -1016.3063675165176
v 1467.3807978630066 149.91625249385834 -1003.5779803991318
v 1468.2631194591522 80.93977756798267 -989.9108201265335
v 1555.8072209358215 13.117732526734471 -911.2029522657394
v 1540.9080147743225 -57.059950567781925 -893.2948529720306
v 1517.2717094421387 -124.3538349866867 -871.2572157382965
v 1486.251139640808 -188.08240368962288 -846.7805206775665
v 1449.0809798240662 -247.93901816010475 -821.3315069675446
v 1406.818163394928 -303.9103478193283 -796.1106151342392
v 1360.3065848350525 -356.1831146478653 -772.0284551382065
v 1310.1773500442505 -405.0554886460304 -749.715381860733
v 1256.8665504455566 -450.8612662553787 -729.5504093170166
v 1200.6578207015991 -493.9186602830887 -711.7130935192108
v 1141.7171359062195 -534.493812918663 -696.2261527776718
v 1080.1441311836243 -572.7944433689117 -683.0191165208817
v 1016.007336974144 -608.97576212883 -671.9777673482895
v 949.3720918893814 -643.1579321622849 -662.985572218895
v 880.3169399499893 -675.4455327987671 -655.9530973434448
v 808.9380741119385 -705.9466481208801 -650.835531949997
v 735.3472709655762 -734.7825050354004 -647.6370066404343
v 659.6611887216568 -762.0882868766785 -646.402770280838
v 581.9915413856506 -788.0026817321777 -647.2041070461273
v 502.4365872144699 -812.6500457525253 -650.1186221837997
v 421.07474505901337 -836.1154317855835 -655.2052706480026
v 337.96756714582443 -858.4193050861359 -662.4838292598724
v 253.16466763615608 -879.488816857338 -671.909549832344
v 166.71999469399452 -899.1417199373245 -683.360955119133
v 78.70774269104004 -917.0740395784378 -696.6272592544556
v -10.756246699020267 -932.8641414642334 -711.4086806774139
v -101.47355496883392 -945.5363273620605 -726.8436759710312
v -193.05294156074524 -953.6507695913315 -741.574215888977
v -284.90979820489883 -956.119054555893 -754.5660227537155
v -376.31275802850723 -952.0761340856552 -764.9353355169296
v -466.431100666523 -940.9487307071686 -771.9962239265442
v -554.3955534696579 -922.5055932998657 -775.305649638176
v -639.3622845411301 -896.863004565239 -774.6777355670929
v -720.5771774053574 -864.4802749156952 -770.2042937278748
v -797.4294662475586 -826.1071711778641 -762.2392416000366
v -869.4968283176422 -782.722020149231 -751.3850212097168
v -936.5718573331833 -735.4400843381882 -738.4520441293716
v -998.6607491970062 -685.4133009910583 -724.4026154279709
v -1055.9703469276428 -633.7277054786682 -710.2885365486145
v -1108.8638305664062 -581.3121199607849 -697.17738032341
v -1157.806956768036 -528.8653671741486 -686.0805183649063
v -1203.2971501350403 -476.80820524692535 -677.8793334960938
v -1245.792031288147 -425.26868283748627 -673.2637614011765
v -1285.6418251991272 -374.10032004117966 -672.6848512887955
v -1323.0296552181244 -322.93101847171783 -676.3226598501205
v -1357.9344928264618 -271.23468965291977 -684.0746104717255
v -1390.1128828525543 -218.41895207762718 -695.5629408359528
v -1419.1023230552673 -163.92093300819397 -710.1610511541367
v -1444.2528069019318 -107.29370601475239 -727.0353734493256
v -1464.7767663002014 -48.28386101871729 -745.206955075264
v -1479.815411567688 13.11781955882907 -763.6184245347977
v -1488.1146669387817 76.61707922816277 -780.6016445159912
v -1488.9172554016113 141.5897101163864 -795.1779127120972
v -1482.2616040706635 207.36812129616737 -807.4840396642685
v -1468.3601260185242 273.35556596517563 -817.841774225235
v -1447.5453972816467 339.0651807188988 -826.6919642686844
v -1420.2172100543976 404.1370555758476 -834.5386058092117
v -1386.7908775806427 468.33189725875854 -841.8903261423111
v -1347.6569294929504 531.5051972866058 -849.2125689983368
v -1303.1509459018707 593.5709953308105 -856.8867266178131
v -1253.5379111766815 654.4625759124756 -865.1882350444794
v -1199.013590812683 714.0883773565292 -874.2708027362823
v -1139.7116661071777 772.3043292760849 -884.1688513755798
v -1075.7282674312592 828.8898825645447 -894.8092192411423
v -1007.1427524089813 883.541876077652 -906.0305625200272
v -934.0464949607849 935.8779788017273 -917.6078259944916
v -856.5608471632004 985.4528993368149 -929.2772769927979
v -774.8599201440811 1031.7744076251984 -940.7569706439972
v -689.1752153635025 1074.3259906768799 -951.7621457576752
v -599.8035728931427 1112.5828742980957 -962.0132982730865
v -507.1074217557907 1146.0257291793823 -971.2368071079254
v -411.50986701250076 1174.1447389125824 -979.1577368974686
v -313.4968802332878 1196.4433550834656 -985.4910761117935
v -213.61615732312202 1212.431287765503 -989.9220854043961
v -112.47722804546356 1221.624505519867 -992.0949697494507
v -10.756164556369185 1223.542732000351 -991.5956676006317
v 90.88599309325218 1219.8325753211975 -990.1927024126053
v 192.1007439494133 1212.387353181839 -989.8755222558975
v 292.60507822036743 1201.0850250720978 -990.4978662729263
v 392.0899987220764 1185.7871532440186 -991.8935090303421
v 490.218423306942 1166.3531720638275 -993.8828319311142
v 586.6243243217468 1142.647397518158 -996.2736994028091
v 680.9161394834518 1114.5585536956787 -998.8741636276245
v 772.6787745952606 1082.0056557655334 -1001.4917135238647
v 861.4803940057755 1044.95290517807 -1003.9429128170013
v 946.8799620866776 1003.4104406833649 -1006.0523360967636
v 1028.4276813268661 957.4444770812988 -1007.6548218727112
v 1105.6775093078613 907.1757405996323 -1008.5961610078812
v 1178.1892240047455 852.780345082283 -1008.7297171354294
v 1245.5333054065704 794.4897919893265 -1007.9154253005981
v 1307.298195362091 732.5889676809311 -1006.018602848053
v 1363.093489408493 667.4174576997757 -1002.9102623462677
v 1412.5575721263885 599.3699222803116 -998.4707415103912
v 1455.3682565689087 528.8933426141739 -992.5952732563019
v 1491.2559270858765 456.48504942655563 -985.2064400911331
v 1520.013302564621 382.6876848936081 -976.2628734111786
v 1541.5120840072632 308.0776557326317 -965.7752126455307
v 1555.716472864151 233.2474686205387 -953.8205623626709
v 1562.6946866512299 158.78668874502182 -940.557011961937
v 1562.6264691352844 85.24725995957851 -926.2334614992142
v 1640.209060907364 13.117732526734471 -840.8670008182526
v 1622.905719280243 -60.540714114904404 -822.1617579460144
v 1596.1432993412018 -130.825150385499 -799.2733418941498
v 1561.6497695446014 -197.02393636107445 -774.1381913423538
v 1520.9585845470428 -258.90036821365356 -748.402789235115
v 1475.333708524704 -316.5738970041275 -723.3754098415375
v 1425.730562210083 -370.38731575012207 -700.0005841255188
v 1372.8070378303528 -420.78610360622406 -678.8817554712296
v 1316.9579207897186 -468.216709792614 -660.3187680244446
v 1258.3806037902832 -513.0630299448967 -644.3793386220932
v 1197.1336662769318 -555.6062579154968 -630.9571355581284
v 1133.2089722156525 -596.0277646780014 -619.852951169014
v 1066.5843665599823 -634.4275295734406 -610.8382880687714
v 997.2599118947983 -670.8584994077682 -603.7045508623123
v 925.2783536911011 -705.3642958402634 -598.3014106750488
v 850.7281243801117 -738.0091309547424 -594.5535778999329
v 773.732453584671 -768.8954561948776 -592.4623668193817
v 694.4320946931839 -798.1675297021866 -592.0943051576614
v 612.9665493965149 -825.9970217943192 -593.559917807579
v 529.4567316770554 -852.5561660528183 -596.9838112592697
v 443.9950793981552 -877.9842764139175 -602.4769484996796
v 356.64470940828323 -902.3470044136047 -610.1048558950424
v 267.4458637833595 -925.5987882614136 -619.8598980903625
v 176.43465399742126 -947.5501835346222 -631.6383093595505
v 83.66621732711792 -967.8497135639191 -645.2253609895706
v -10.75625061057508 -985.9771728515625 -660.2863490581512
v -106.64002262055874 -1001.0348439216614 -676.161316037178
v -203.6015287041664 -1011.4893347024918 -691.5991902351379
v -301.01692378520966 -1015.9030079841614 -705.3928345441818
v -398.06610345840454 -1013.1192952394485 -716.5086597204208
v -493.79514902830124 -1002.3550093173981 -724.1446405649185
v -587.1915936470032 -983.252289891243 -727.7655512094498
v -677.2678792476654 -955.8975666761398 -727.129876613617
v -763.1419032812119 -920.8119839429855 -722.3075866699219
v -844.1082090139389 -878.8896292448044 -713.66768181324
v -919.695782661438 -831.3184261322021 -701.8612325191498
v -989.7027254104614 -779.4661670923233 -687.7785712480545
v -1054.1980683803558 -724.7509002685547 -672.4876463413239
v -1113.5044991970062 -668.5124427080154 -657.1640521287918
v -1168.1418478488922 -611.8880242109299 -643.0029094219208
v -1218.7536120414734 -555.7177841663361 -631.1336874961853
v -1266.0183370113373 -500.48409551382065 -622.5380927324295
v -1310.5518579483032 -446.2905675172806 -617.9738402366638
v -1352.8185546398163 -392.8876742720604 -617.9201424121857
v -1393.0544972419739 -339.7375926375389 -622.5379049777985
v -1431.2166273593903 -286.11067682504654 -631.6569596529007
v -1466.958349943161 -231.20246082544327 -644.7815716266632
v -1499.638295173645 -174.26241114735603 -661.1227959394455
v -1528.3597469329834 -114.70984183251858 -679.6448528766632
v -1552.0416140556335 -52.238040044903755 -699.139541387558
v -1569.510805606842 13.11782542616129 -718.3078497648239
v -1579.353153705597 80.92839494347572 -735.5116188526154
v -1580.855941772461 150.4192315042019 -749.9732941389084
v -1574.089390039444 220.78680396080017 -761.8616044521332
v -1559.336131811142 291.32215082645416 -771.5458631515503
v -1537.0261251926422 361.46017760038376 -779.5283138751984
v -1507.66881108284 430.80040365457535 -786.3799184560776
v -1471.7858970165253 499.0973085165024 -792.6742047071457
v -1429.858285188675 566.2249714136124 -798.929750919342
v -1382.2878956794739 632.1293503046036 -805.5670648813248
v -1329.3775141239166 696.7727065086365 -812.8769159317017
v -1271.3334202766418 760.0775599479675 -821.0070669651031
v -1208.2784056663513 821.8891382217407 -829.9647152423859
v -1140.2850687503815 881.9490283727646 -839.635580778122
v -1067.409110069275 939.889919757843 -849.8091280460358
v -989.7252559661865 995.2491223812103 -860.2136760950089
v -907.3529809713364 1047.4950402975082 -870.5482542514801
v -820.4835444688797 1096.0552096366882 -880.5107027292252
v -729.3834954500198 1140.3515338897705 -889.8172616958618
v -634.4001799821854 1179.8260688781738 -898.2153385877609
v -535.9551072120667 1213.9551043510437 -905.4805040359497
v -434.53381061553955 1242.2574877738953 -911.4096075296402
v -330.6804031133652 1264.288991689682 -915.8050686120987
v -224.99274238944054 1279.6335518360138 -918.4562891721725
v -118.11776049435139 1287.8869950771332 -919.1146820783615
v -10.756163578480482 1288.646024465561 -917.4760848283768
v 96.41221426427364 1283.4995448589325 -915.0247603654861
v 203.0149519443512 1274.3606507778168 -913.5116457939148
v 308.76477509737015 1261.2628877162933 -912.9390567541122
v 413.36916983127594 1244.192111492157 -913.2680028676987
v 516.5204375982285 1223.0899930000305 -914.4168734550476
v 617.8886622190475 1197.8671610355377 -916.2685096263885
v 717.1167343854904 1168.4172213077545 -918.6760246753693
v 813.8163775205612 1134.6293985843658 -921.4656203985214
v 907.5692743062973 1096.407437324524 -924.4462251663208
v 997.930508852005 1053.681492805481 -927.4119973182678
v 1084.425812959671 1006.4220249652863 -930.1462680101395
v 1166.5640830993652 954.6511888504028 -932.4261724948883
v 1243.838506937027 898.4519094228745 -934.0237766504288
v 1315.7370150089264 837.978208065033 -934.7111463546753
v 1381.7516684532166 773.4601467847824 -934.263414144516
v 1441.3887977600098 705.212652683258 -932.4661642313004
v 1494.1848993301392 633.6390227079391 -929.1241317987442
v 1539.725661277771 559.2300474643707 -924.0725308656693
v 1577.6672422885895 482.5599431991577 -917.1952664852142
v 1607.755422592163 404.27558720111847 -908.4375768899918
v 1629.8485100269318 325.07598996162415 -897.8251844644547
v 1643.935739994049 245.682755112648 -885.478064417839
v 1650.1490414142609 166.8069250881672 -871.6242134571075
v 1648.7667918205261 89.1003604978323 -856.6024661064148
v 1715.624588727951 13.117732526734471 -765.7197117805481
v 1695.611071586609 -63.48702237010002 -746.3743507862091
v 1665.4671907424927 -136.17356792092323 -722.8955715894699
v 1627.3602604866028 -204.22257408499718 -697.4455565214157
v 1583.168077468872 -267.50644594430923 -671.8328833580017
v 1534.3756556510925 -326.3198956847191 -647.4453091621399
v 1482.0510685443878 -381.2054246664047 -625.2480804920197
v 1426.853585243225 -432.78581500053406 -605.7952612638474
v 1369.1016376018524 -481.6375359892845 -589.2938822507858
v 1308.8605642318726 -528.2069742679596 -575.6807953119278
v 1246.039241552353 -572.7757304906845 -564.7113561630249
v 1180.4833352565765 -615.4701322317123 -556.049171090126
v 1112.0502769947052 -656.3006937503815 -549.3449538946152
v 1040.6582057476044 -695.2206015586853 -544.2991733551025
v 966.3072466850281 -732.181978225708 -540.7000422477722
v 889.0781968832016 -767.182007431984 -538.4429186582565
v 809.1142505407333 -800.291097164154 -537.5288665294647
v 726.5913337469101 -831.6564470529556 -538.0466938018799
v 641.6878134012222 -861.4821463823318 -540.1438504457474
v 554.5589625835419 -889.9944394826889 -543.991756439209
v 465.31987488269806 -917.3920333385468 -549.7488766908646
v 374.04233515262604 -943.7937140464783 -557.5239211320877
v 280.76145350933075 -969.1818326711655 -567.3407971858978
v 185.49954146146774 -993.3621257543564 -579.1140764951706
v 88.29544074833393 -1015.9282922744751 -592.6245242357254
v -10.75625354424119 -1036.2526684999466 -607.5090229511261
v -111.46750710904598 -1053.615152835846 -623.3554512262344
v -213.47737535834312 -1066.4717137813568 -639.0847831964493
v -316.1346137523651 -1072.9819178581238 -653.3382385969162
v -418.53555142879486 -1071.657371520996 -664.9566829204559
v -519.6000203490257 -1061.460417509079 -673.027753829956
v -618.1666016578674 -1041.8803006410599 -676.934802532196
v -713.092839717865 -1012.948814034462 -676.3753563165665
v -803.3553153276443 -975.2300977706909 -671.3820844888687
v -888.1415516138077 -929.7603070735931 -662.3194813728333
v -966.9232070446014 -877.946412563324 -649.8645275831223
v -1039.5008862018585 -821.4268237352371 -634.9606901407242
v -1106.0107111930847 -761.9134873151779 -618.7547117471695
v -1166.9022917747498 -701.0264128446579 -602.5168150663376
v -1222.871446609497 -640.1412159204483 -587.5477015972137
v -1274.7663259506226 -580.2638858556747 -575.0792294740677
v -1323.4721302986145 -521.950489282608 -566.1785334348679
v -1369.7909474372864 -465.2839198708534 -561.6679161787033
v -1414.3239676952362 -409.90152955055237 -562.055441737175
v -1457.3741018772125 -355.0799936056137 -567.4927532672882
v -1498.8772630691528 -299.8572885990143 -577.7542322874069
v -1538.3748292922974 -243.18560287356377 -592.2457605600357
v -1575.0156462192535 -184.09544974565506 -610.0315064191818
v -1607.618111371994 -121.85112833976746 -629.8970729112625
v -1634.7505331039429 -56.08343482017517 -650.4187166690826
v -1654.860931634903 13.117830315604806 -670.0659871101379
v -1666.4037108421326 85.16402207314968 -687.2911602258682
v -1668.770545721054 159.12270694971085 -701.5575706958771
v -1662.0461761951447 234.0478979051113 -713.0371391773224
v -1646.5748190879822 309.108804166317 -722.1189558506012
v -1622.883939743042 383.6533382534981 -729.3430656194687
v -1591.5950059890747 457.2326570749283 -735.3231132030487
v -1553.3443808555603 529.5914769172668 -740.6800031661987
v -1508.711725473404 600.622621178627 -745.9738075733185
v -1458.1708073616028 670.3033089637756 -751.651194691658
v -1402.0632147789001 738.6239647865295 -758.011320233345
v -1340.6027376651764 805.5138677358627 -765.1874899864197
v -1273.8952696323395 870.795464515686 -773.1547325849533
v -1201.9843697547913 934.1518253087997 -781.7510783672333
v -1124.8966991901398 995.1288342475891 -790.7146096229553
v -1042.690086364746 1053.1584084033966 -799.7248291969299
v -955.4884493350983 1107.5998663902283 -808.4448426961899
v -863.511648774147 1157.7874302864075 -816.5563434362411
v -767.0785546302795 1203.0799806118011 -823.7857103347778
v -666.6059195995331 1242.8952276706696 -829.9157738685608
v -562.5954240560532 1276.7341196537018 -834.787192940712
v -455.6123346090317 1304.1847229003906 -838.2857501506805
v -346.27192318439484 1324.9163389205933 -840.3277695178986
v -235.22555753588676 1338.6528432369232 -840.8300131559372
v -123.15151691436768 1345.1512813568115 -839.6880269050598
v -10.756162600591779 1344.1699504852295 -836.7462247610092
v 101.28367245197296 1337.078583240509 -833.1055372953415
v 212.56526336073875 1325.661724805832 -830.1736235618591
v 322.79708683490753 1310.2130234241486 -828.1462490558624
v 431.7173659801483 1290.9277439117432 -827.1470189094543
v 539.0733361244202 1267.8975105285645 -827.2256880998611
v 644.6032047271729 1241.1226987838745 -828.3646076917648
v 748.0189561843872 1210.5235755443573 -830.4808527231216
v 848.9932715892792 1175.959575176239 -833.4326684474945
v 947.1487015485764 1137.2523307800293 -837.0255410671234
v 1042.0550376176834 1094.2083299160004 -841.0183936357498
v 1133.2212388515472 1046.6512084007263 -845.1329112052917
v 1220.1054453849792 994.4435298442841 -849.0609258413315
v 1302.118045091629 937.5144481658936 -852.4736791849136
v 1378.6346912384033 875.8843660354614 -855.0313353538513
v 1449.0146398544312 809.683147072792 -856.3963741064072
v 1512.6207768917084 739.1702681779861 -856.2469840049744
v 1568.8466548919678 664.744645357132 -854.2946487665176
v 1617.1490371227264 586.9445085525513 -850.3021717071533
v 1657.0820689201355 506.4404860138893 -844.1073328256607
v 1688.3308231830597 424.0167662501335 -835.6437921524048
v 1710.7419669628143 340.5352368950844 -824.9603033065796
v 1724.3496716022491 256.88828006386757 -812.2380495071411
v 1729.3860018253326 173.94435480237007 -797.7978408336639
v 1726.275908946991 92.47840270400047 -782.0956707000732
v 1781.845897436142 13.117732526734471 -687.0186656713486
v 1758.8081538677216 -65.89415408670902 -667.277517914772
v 1725.0214576721191 -140.38847163319588 -643.5450196266174
v 1683.157056570053 -209.66093391180038 -618.1700438261032
v 1635.475766658783 -273.72997999191284 -593.0839598178864
v 1583.7143182754517 -333.11426639556885 -569.741553068161
v 1529.0441751480103 -388.59716802835464 -549.1021245718002
v 1472.1057057380676 -441.0125032067299 -531.660720705986
v 1413.0996823310852 -491.08093678951263 -517.5188228487968
v 1351.9173324108124 -539.3126606941223 -506.483356654644
v 1288.2722675800323 -585.9723150730133 -498.17077070474625
v 1221.8264043331146 -631.1049610376358 -492.11167842149734
v 1152.2894740104675 -674.60076212883 -487.844954431057
v 1079.4784784317017 -716.2799119949341 -484.9846065044403
v 1003.3433496952057 -755.9752464294434 -483.2647427916527
v 923.9588767290115 -793.5973316431046 -482.5559690594673
v 841.4937257766724 -829.169636964798 -482.8591614961624
v 756.16794526577 -862.8364205360413 -484.28390622138977
v 668.2085931301117 -894.8325634002686 -487.00954020023346
v 577.8129994869232 -925.4348784685135 -491.24403297901154
v 485.126955807209 -954.9045950174332 -497.18480855226517
v 390.2357965707779 -983.4062486886978 -504.9703046679497
v 293.175508081913 -1010.9479129314423 -514.6484926342964
v 193.95956173539162 -1037.3174250125885 -526.1428624391556
v 92.61733330786228 -1062.0420813560486 -539.2278581857681
v -10.7562564779073 -1084.3672335147858 -553.5137325525284
v -115.97208492457867 -1103.877317905426 -568.8738137483597
v -222.70712703466415 -1119.1315054893494 -584.4647705554962
v -330.297414958477 -1127.8440713882446 -598.8131046295166
v -437.7635344862938 -1128.1536161899567 -610.6620490550995
v -543.9020723104477 -1118.7359690666199 -619.0158158540726
v -647.397243976593 -1098.8850474357605 -623.1801509857178
v -746.9437479972839 -1068.5524106025696 -622.7945029735565
v -841.363736987114 -1028.320473432541 -617.8411602973938
v -929.7240704298019 -979.3555051088333 -608.6604595184326
v -1011.4254355430603 -923.280331492424 -595.924499630928
v -1086.26030087471 -862.0108008384705 -580.5930197238922
v -1154.43075299263 -797.5766032934189 -563.8581365346909
v -1216.5178298950195 -731.9050401449203 -547.0489025115967
v -1273.4057307243347 -666.6383385658264 -531.5371781587601
v -1326.1654078960419 -602.9741853475571 -518.6279207468033
v -1375.9166300296783 -541.5670305490494 -509.4592049717903
v -1423.6730217933655 -482.48991072177887 -504.90659326314926
v -1470.1992452144623 -425.2693712711334 -505.51078766584396
v -1515.884953737259 -368.98622810840607 -511.4259660243988
v -1560.6599271297455 -312.4277114868164 -522.3964691162109
v -1603.9501368999481 -254.27559614181519 -537.7590537071228
v -1644.6847558021545 -193.31420212984085 -556.4719319343567
v -1681.3597440719604 -128.62642630934715 -577.1733820438385
v -1712.1516287326813 -59.76719632744789 -598.2674896717072
v -1735.0735902786255 13.117836182937026 -618.027600646019
v -1748.4700083732605 89.2670787870884 -635.0338518619537
v -1751.8812596797943 167.58884489536285 -648.9907175302505
v -1745.382696390152 246.9912327826023 -660.0459605455399
v -1729.3649733066559 326.5130639076233 -668.581160902977
v -1704.4415473937988 405.4027408361435 -675.1413077116013
v -1671.3497936725616 483.15456211566925 -680.3621381521225
v -1630.8469891548157 559.4979733228683 -684.8925948143005
v -1583.6215674877167 634.3431025743484 -689.3202871084213
v -1530.2259027957916 707.6991498470306 -694.1095322370529
v -1471.0435152053833 779.5821994543076 -699.5599865913391
v -1406.2939524650574 849.9237835407257 -705.7884335517883
v -1336.0605776309967 918.5098618268967 -712.7344161272049
v -1260.351276397705 984.9470257759094 -720.1899647712708
v -1179.1589140892029 1048.669195175171 -727.8420299291611
v -1092.5242960453033 1108.9761078357697 -735.32455265522
v -1000.5817294120789 1165.0980949401855 -742.2694712877274
v -903.5911917686462 1216.2599802017212 -748.3472764492035
v -801.9408971071243 1261.7541790008545 -753.3001810312271
v -696.1380958557129 1300.9881377220154 -756.954762339592
v -586.7848545312881 1333.5143744945526 -759.2232137918472
v -474.5445102453232 1359.0349853038788 -760.0902646780014
v -360.1154163479805 1377.387249469757 -759.5930278301239
v -244.207551330328 1388.511085510254 -757.7928364276886
v -127.52375118434429 1392.4077451229095 -754.7463297843933
v -10.756162600591779 1389.0914976596832 -750.4720956087112
v 105.44418208301067 1379.5280277729034 -745.6191390752792
v 220.634675770998 1365.1998460292816 -741.1752998828888
v 334.5169812440872 1346.78036570549 -737.556391954422
v 446.87429666519165 1324.7731447219849 -735.0728988647461
v 557.5363755226135 1299.5008707046509 -733.9294105768204
v 666.3453161716461 1271.1079895496368 -734.2263132333755
v 773.1216251850128 1239.5684659481049 -735.9593510627747
v 877.6379317045212 1204.7179520130157 -739.0322685241699
v 979.5909494161606 1166.2720620632172 -743.2526797056198
v 1078.5883963108063 1123.8731861114502 -748.3474642038345
v 1174.13409948349 1077.1389305591583 -753.9742827415466
v 1265.6299352645874 1025.7017970085144 -759.73040163517
v 1352.3850917816162 969.2670106887817 -765.1747852563858
v 1433.6316525936127 907.6555788516998 -769.8435544967651
v 1508.5560142993927 840.8444702625275 -773.272830247879
v 1576.330053806305 768.9992845058441 -775.0203877687454
v 1636.156314611435 692.4961566925049 -774.6929436922073
v 1687.320452928543 611.9227588176727 -771.9726920127869
v 1729.2420566082 528.0667841434479 -766.647469997406
v 1761.5248382091522 441.8840914964676 -758.6362928152084
v 1784.0055763721466 354.4452890753746 -748.0175793170929
v 1796.780401468277 266.8596312403679 -735.0384771823883
v 1800.2210676670074 180.19509762525558 -720.1263159513474
v 1794.9580550193787 95.37850767374039 -703.8735866546631
v 1838.9082849025726 13.117732526734471 -606.0416579246521
v 1812.5555455684662 -67.78082996606827 -586.262583732605
v 1774.8794496059418 -143.50992366671562 -562.7087652683258
v 1729.11776304245 -213.40020820498466 -537.8583133220673
v 1677.96351313591 -277.65398919582367 -513.7272745370865
v 1623.4197914600372 -337.0556116104126 -491.7980030179024
v 1566.761577129364 -392.6702857017517 -473.0073317885399
v 1508.5859298706055 -445.5724060535431 -457.7811196446419
v 1448.9449203014374 -496.64466977119446 -446.12155705690384
v 1387.5143587589264 -546.4616686105728 -437.7159386873245
v 1323.770034313202 -595.256906747818 -432.05557465553284
v 1257.1571946144104 -642.9726809263229 -428.5589888691902
v 1187.2099578380585 -689.3511414527893 -426.6700208187103
v 1113.6294186115265 -734.0540796518326 -425.9339913725853
v 1036.307868361473 -776.773139834404 -426.0422319173813
v 955.3124606609344 -817.3144340515137 -426.84654146432877
v 870.8412766456604 -855.6452304124832 -428.3497363328934
v 783.1626176834106 -891.8966442346573 -430.6745454668999
v 692.5580531358719 -926.3302177190781 -434.02368128299713
v 599.2724150419235 -959.2699527740479 -438.6293336749077
v 503.48378866910934 -991.0220772027969 -444.7070449590683
v 405.29697239398956 -1021.7917442321777 -452.4141535162926
v 304.75245863199234 -1051.5896558761597 -461.80479526519775
v 201.8622636795044 -1080.1667869091034 -472.80164659023285
v 96.6563031077385 -1106.9588720798492 -485.1676672697067
v -10.75625941157341 -1131.0573041439056 -498.4873563051224
v -120.1743308454752 -1152.5011360645294 -512.9418656229973
v -231.32709860801697 -1170.0916171073914 -527.9692143201828
v -343.554550409317 -1181.068378686905 -542.0329123735428
v -455.8127000927925 -1183.164221048355 -553.8192719221115
v -566.780412197113 -1174.7329115867615 -562.2769922018051
v -674.9889761209488 -1154.8468172550201 -566.6576832532883
v -778.961107134819 -1123.328572511673 -566.5385216474533
v -877.3554235696793 -1080.7602167129517 -561.852103471756
v -969.1018491983414 -1028.4100949764252 -552.8903871774673
v -1053.5115122795105 -968.1003034114838 -540.2876704931259
v -1130.3569793701172 -902.0322650671005 -524.9878272414207
v -1199.8912811279297 -832.5559169054031 -508.17765444517136
v -1262.8250062465668 -761.9308859109879 -491.2026643753052
v -1320.2324867248535 -692.0922338962555 -475.46140998601913
v -1373.4211206436157 -624.4623273611069 -462.2977450489998
v -1423.7623929977417 -559.8209112882614 -452.89089381694794
v -1472.5086271762848 -498.25572967529297 -448.15694242715836
v -1520.6154942512512 -439.19754177331924 -448.6685112118721
v -1568.5884296894073 -381.5358102321625 -454.5980840921402
v -1616.3717329502106 -323.79875779151917 -465.6869038939476
v -1663.2924914360046 -264.38177078962326 -481.24522268772125
v -1708.0590784549713 -201.79899036884308 -500.1754894852638
v -1748.8367557525635 -134.92758125066757 -521.031054854393
v -1783.3772242069244 -63.22476826608181 -542.0998781919479
v -1809.2145144939423 13.117842050269246 -561.5179628133774
v -1824.5947480201721 93.1650135666132 -578.0093908309937
v -1829.2275309562683 175.67113414406776 -591.4862930774689
v -1823.1451570987701 259.39701050519943 -602.0469903945923
v -1806.7591845989227 343.2406559586525 -610.0357621908188
v -1780.7618021965027 426.33960396051407 -615.9797608852386
v -1746.005541086197 508.12063962221146 -620.5132842063904
v -1703.3779799938202 588.2924616336823 -624.2953509092331
v -1653.685837984085 666.7811572551727 -627.9265880584717
v -1597.5697338581085 743.6297535896301 -631.8797618150711
v -1535.460877418518 818.8827484846115 -636.4519625902176
v -1467.5830721855164 892.4695461988449 -641.7417615652084
v -1393.9927697181702 964.1307324171066 -647.6570963859558
v -1314.6551728248596 1033.3792716264725 -653.9488792419434
v -1229.5240938663483 1099.5155274868011 -660.2609395980835
v -1138.6221885681152 1161.6844654083252 -666.1894798278809
v -1042.097094655037 1218.964397907257 -671.3426560163498
v -940.2602344751358 1270.4597353935242 -675.387766957283
v -833.5833728313446 1315.3925478458405 -678.0859261751175
v -722.6824074983597 1353.17040681839 -679.3097108602524
v -608.2783162593842 1383.4225594997406 -679.0424108505249
v -491.1480903625488 1406.0020565986633 -677.3625701665878
v -372.0851182937622 1420.970606803894 -674.4260251522064
v -251.86147838830948 1428.5473823547363 -670.433297753334
v -131.19864910840988 1429.0578246116638 -665.6008690595627
v -10.756161622703075 1422.8656768798828 -660.1280719041824
v 108.86164493858814 1410.332179069519 -654.1810691356659
v 227.1595560014248 1392.4682021141052 -648.2992798089981
v 343.82688850164413 1370.4443335533142 -643.118879199028
v 458.70387107133865 1345.1783180236816 -639.1414225101471
v 571.7290610074997 1317.3096477985382 -636.732092499733
v 682.8833073377609 1287.1855437755585 -636.1150056123734
v 792.1394169330597 1254.8799812793732 -637.3811602592468
v 899.409082531929 1220.2045798301697 -640.4825538396835
v 1004.5002937316895 1182.757043838501 -645.2418208122253
v 1107.0871710777283 1141.9772386550903 -651.3631224632263
v 1206.6801130771637 1097.2140312194824 -658.4432244300842
v 1302.626359462738 1047.8046476840973 -665.9935891628265
v 1394.115936756134 993.1535929441452 -673.4625935554504
v 1480.208444595337 932.8141361474991 -680.2651941776276
v 1559.875237941742 866.5503323078156 -685.8119666576385
v 1632.050621509552 794.3925350904465 -689.5419001579285
v 1695.6979393959045 716.6700661182404 -690.9572571516037
v 1749.8849272727966 634.0174734592438 -689.658933877945
v 1793.8599407672882 547.355318069458 -685.3829473257065
v 1827.1239280700684 457.8445494174957 -678.0336052179337
v 1849.4936406612396 366.8057084083557 -667.7101671695709
v 1861.1441910266876 275.6139725446701 -654.724994301796
v 1862.6235723495483 185.58043241500854 -639.6085560321808
v 1854.8198640346527 97.81473353505135 -623.083958029747
v 1887.081491947174 13.117732526734471 -523.9871263504028
v 1857.1870744228363 -69.18916963040829 -504.65644150972366
v 1815.4311954975128 -145.63242718577385 -481.8331450223923
v 1765.66920876503 -215.59290066361427 -458.04447680711746
v 1711.0665321350098 -279.48628664016724 -435.3305473923683
v 1653.911143541336 -338.39808851480484 -415.16191363334656
v 1595.5811619758606 -393.71000826358795 -398.43256920576096
v 1536.613690853119 -446.76242619752884 -385.4977771639824
v 1476.8839359283447 -498.6152172088623 -376.27348601818085
v 1415.8157408237457 -549.9063402414322 -370.34879475831985
v 1352.6195347309113 -600.8328437805176 -367.12495386600494
v 1286.493855714798 -651.2179881334305 -365.9393146634102
v 1216.7786836624146 -700.6392002105713 -366.1721929907799
v 1143.045061826706 -748.5830962657928 -367.32478737831116
v 1065.1207566261292 -794.5859849452972 -369.06267553567886
v 983.062532544136 -838.3393228054047 -371.22739255428314
v 897.0958828926086 -879.7435998916626 -373.8215669989586
v 807.5397402048111 -918.913534283638 -376.97631418704987
v 714.7275567054749 -956.1229974031448 -380.90060502290726
v 618.9522296190262 -991.7324781417847 -385.83526611328125
v 520.4248890280724 -1026.079684495926 -391.9979676604271
v 419.26926523447037 -1059.37859416008 -399.5416045188904
v 315.53545743227005 -1091.6196942329407 -408.5147112607956
v 209.24153700470924 -1122.484678030014 -418.82816702127457
v 100.43049193918705 -1151.2828588485718 -430.228690803051
v -10.75626234523952 -1176.9221305847168 -442.2810047864914
v -124.09044653177261 -1200.0479936599731 -455.4631635546684
v -239.3655627965927 -1219.8637425899506 -469.51913237571716
v -355.9423819184303 -1233.1167161464691 -482.90844708681107
v -472.7262943983078 -1237.116140127182 -494.31138038635254
v -588.2882058620453 -1229.8691868782043 -502.6611104607582
v -701.009076833725 -1210.186368227005 -507.17645287513733
v -809.2393577098846 -1177.7388632297516 -507.3924645781517
v -911.4644944667816 -1133.0664038658142 -503.1866356730461
v -1006.4598888158798 -1077.5027990341187 -494.7846472263336
v -1093.4325277805328 -1013.0565851926804 -482.7609032392502
v -1172.1104800701141 -942.1915411949158 -467.99775660037994
v -1242.782074213028 -867.5841718912125 -451.6328439116478
v -1306.2704265117645 -791.8348163366318 -434.97362583875656
v -1363.8338685035706 -717.1959042549133 -419.39553022384644
v -1417.0176208019257 -645.3445851802826 -406.2345251441002
v -1467.4552738666534 -577.2193193435669 -396.6741845011711
v -1516.6576266288757 -512.9570424556732 -391.64808690547943
v -1565.7990217208862 -451.92035883665085 -391.75429344177246
v -1615.534347295761 -392.8279682993889 -397.19536006450653
v -1665.8557176589966 -333.95712822675705 -407.73978531360626
v -1716.0206258296967 -273.412424325943 -422.7177545428276
v -1764.5375490188599 -209.42203179001808 -441.0367548465729
v -1809.2471837997437 -140.63402339816093 -461.23683750629425
v -1847.4677681922913 -66.38205014169216 -481.5685987472534
v -1876.2321531772614 13.11784596182406 -500.1111835241318
v -1893.680191040039 96.77122458815575 -515.7308354973793
v -1899.6748208999634 183.1889234483242 -528.4832239151001
v -1894.1699802875519 270.9841623902321 -538.4020507335663
v -1877.5730967521667 358.90514999628067 -545.7747995853424
v -1850.644075870514 445.9662526845932 -551.089757680893
v -1814.3522322177887 531.5172761678696 -554.9587547779083
v -1769.7245836257935 615.2416974306107 -558.0323606729507
v -1717.6990270614624 697.0831274986267 -560.9097629785538
v -1659.0175688266754 777.1249294281006 -564.0636026859283
v -1594.1633641719818 855.4438948631287 -567.783397436142
v -1523.3663499355316 931.9700539112091 -572.1516966819763
v -1446.6514348983765 1006.394550204277 -577.0525932312012
v -1363.9340043067932 1078.1252682209015 -582.2068959474564
v -1275.121682882309 1146.3128685951233 -587.2283309698105
v -1180.215471982956 1209.9288940429688 -591.6898190975189
v -1079.378092288971 1267.8837418556213 -595.1871246099472
v -972.9768544435501 1319.14764046669 -597.3911762237549
v -861.5789026021957 1362.872564792633 -598.0868071317673
v -745.9200471639633 1398.4705924987793 -597.1871495246887
v -626.8536329269409 1425.6652235984802 -594.7368890047073
v -505.2827909588814 1444.492757320404 -590.8959299325943
v -382.1034237742424 1455.2740037441254 -585.9164267778397
v -258.15254151821136 1458.5599601268768 -580.1162481307983
v -134.16607975959778 1455.0635933876038 -573.8498747348785
v -10.756161622703075 1445.5740988254547 -567.4766689538956
v 111.53521612286568 1429.6650230884552 -560.7069879770279
v 232.14494213461876 1407.715255022049 -553.648978471756
v 350.7416099309921 1381.5055847167969 -547.1319526433945
v 467.23049730062485 1352.4659514427185 -541.8271332979202
v 581.6797435283661 1321.6325104236603 -538.2443994283676
v 694.242462515831 1289.6266043186188 -536.7292821407318
v 805.0794035196304 1256.6533863544464 -537.4600857496262
v 914.2821907997131 1222.5248515605927 -540.4468238353729
v 1021.8080163002014 1186.7154121398926 -545.538917183876
v 1127.4240016937256 1148.4256088733673 -552.4282604455948
v 1230.6667685508728 1106.692761182785 -560.6726288795471
v 1330.8317363262177 1060.49222946167 -569.714891910553
v 1426.9803822040558 1008.8632106781006 -578.9154320955276
v 1517.975664138794 951.0228306055069 -587.588506937027
v 1602.5406002998352 886.4662170410156 -595.0408637523651
v 1679.3303668498993 815.0428533554077 -600.6106048822403
v 1747.0247983932495 737.00852394104 -603.7111848592758
v 1804.4317781925201 653.0345141887665 -603.8730293512344
v 1850.5905032157898 564.1817003488541 -600.7842153310776
v 1884.8721206188202 471.8388721346855 -594.3303376436234
v 1907.0613384246826 377.61139422655106 -584.6225470304489
v 1917.4170076847076 283.1809535622597 -572.0201432704926
v 1916.6822612285614 190.14056995511055 -557.1282595396042
v 1906.0523450374603 99.81636218726635 -540.7797753810883
v 1926.8538057804108 13.117732526734471 -441.88618808984756
v 1893.2990491390228 -70.18345557153225 -423.614501953125
v 1847.374016046524 -146.9033069908619 -402.1954536437988
v 1793.5930788516998 -216.48385897278786 -380.1070287823677
v 1735.606437921524 -279.57040071487427 -359.3278169631958
v 1676.0067343711853 -337.57425248622894 -341.27092212438583
v 1616.2697196006775 -392.2122895717621 -326.7610564827919
v 1556.8676590919495 -445.11128067970276 -316.08967781066895
v 1497.4758625030518 -497.5137859582901 -309.1045171022415
v 1437.2513115406036 -550.1272648572922 -305.33772110939026
v 1375.1179218292236 -603.1089931726456 -304.1431322693825
v 1310.0138783454895 -656.1593770980835 -304.82321083545685
v 1241.0737574100494 -708.6868643760681 -306.7359298467636
v 1167.729538679123 -759.9972009658813 -309.3693137168884
v 1089.738017320633 -809.4688564538956 -312.3844653367996
v 1007.1391224861145 -856.6724985837936 -315.6204789876938
v 920.1835066080093 -901.4412760734558 -319.08104717731476
v 829.2319089174271 -943.8614934682846 -322.89356142282486
v 734.665659070015 -984.2094004154205 -327.25985795259476
v 636.8187099695206 -1022.8601932525635 -332.4089974164963
v 535.9320133924484 -1060.1590275764465 -338.5432228446007
v 432.1474492549896 -1096.3026702404022 -345.7971230149269
v 325.5265697836876 -1131.2209010124207 -354.1986733675003
v 216.10190346837044 -1164.4908964633942 -363.6419489979744
v 103.94322462379932 -1195.2598750591278 -373.85977506637573
v -10.75626527890563 -1222.2191870212555 -384.408800303936
v -127.7234360575676 -1246.756088733673 -396.0130378603935
v -246.82449102401733 -1268.638390302658 -408.71254205703735
v -367.4563094973564 -1284.1222643852234 -421.0297465324402
v -488.4886711835861 -1290.0878548622131 -431.69636875391006
v -608.396852016449 -1284.1798424720764 -439.67497050762177
v -725.4208713769913 -1264.930111169815 -444.1900312900543
v -837.7411365509033 -1231.8232119083405 -444.75370198488235
v -943.6637878417969 -1185.3175163269043 -441.19437485933304
v -1041.8005675077438 -1126.7832577228546 -433.66835564374924
v -1131.2335431575775 -1058.375233411789 -422.6638689637184
v -1211.6265714168549 -982.8022420406342 -408.9691400527954
v -1283.2749903202057 -903.0473291873932 -393.6222329735756
v -1347.0927894115448 -822.053861618042 -377.8391093015671
v -1404.5035243034363 -742.404717206955 -362.9148378968239
v -1457.2773456573486 -666.0553604364395 -350.12201964855194
v -1507.3118269443512 -594.1409558057785 -340.6047374010086
v -1556.3855051994324 -526.8845558166504 -335.27992218732834
v -1605.9156775474548 -463.6215090751648 -334.75496023893356
v -1656.7371010780334 -402.93329805135727 -339.2651706933975
v -1708.9341402053833 -342.8728759288788 -348.63265603780746
v -1761.7327451705933 -281.2625080347061 -362.2496232390404
v -1813.4845554828644 -216.04216620326042 -379.09500002861023
v -1861.7316126823425 -145.61205580830574 -397.77229875326157
v -1903.3852279186249 -69.15640644729137 -416.5923848748207
v -1934.9774479866028 13.117850851267576 -433.67420732975006
v -1954.5069336891174 99.9868355691433 -448.0098679661751
v -1961.934381723404 189.93103578686714 -459.71993654966354
v -1957.1022033691406 281.4154028892517 -468.7709927558899
v -1940.3991758823395 373.03243428468704 -475.38899928331375
v -1912.6415312290192 463.66372257471085 -480.00629246234894
v -1874.9189972877502 552.575147151947 -483.19395929574966
v -1828.408670425415 639.4246816635132 -485.57481318712234
v -1774.195271730423 724.1796880960464 -487.73023635149
v -1713.131582736969 806.9722205400467 -490.11925756931305
v -1645.7613408565521 887.9229426383972 -493.0198475718498
v -1572.3203659057617 966.969645023346 -496.5016946196556
v -1492.7987694740295 1043.7570959329605 -500.4351854324341
v -1407.0536077022552 1117.5846576690674 -504.52723503112793
v -1314.940184354782 1187.44615316391 -508.38133692741394
v -1216.4303362369537 1252.1287500858307 -511.5655928850174
v -1111.6976737976074 1310.3634774684906 -513.6787086725235
v -1001.1663973331451 1360.9792470932007 -514.4052252173424
v -885.5004698038101 1403.052306175232 -513.5535702109337
v -765.5614346265793 1436.002367734909 -511.0713601112366
v -642.3401355743408 1459.6540689468384 -507.0471525192261
v -516.8704748153687 1474.2367208003998 -501.69470608234406
v -390.1553750038147 1480.3533911705017 -495.33235877752304
v -263.0979359149933 1478.9109349250793 -488.3556470274925
v -136.4459529519081 1471.046143770218 -481.21474385261536
v -10.756160644814372 1458.0206036567688 -474.3846997618675
v 113.49951289594173 1438.4823560714722 -467.2060891985893
v 235.67402511835098 1412.0503842830658 -459.4213753938675
v 355.40452748537064 1381.205177307129 -451.996086537838
v 472.6634904742241 1347.9655981063843 -445.72248458862305
v 587.6627326011658 1313.8373136520386 -441.2197843194008
v 700.7491618394852 1279.7659814357758 -438.9260172843933
v 812.3015105724335 1246.1356222629547 -439.0961855649948
v 922.6248174905777 1212.7827644348145 -441.7969733476639
v 1031.8562686443329 1179.0606558322906 -446.91062718629837
v 1139.884901046753 1143.9191222190857 -454.1389614343643
v 1246.2924599647522 1106.0487627983093 -463.02554458379745
v 1350.3345608711243 1064.023768901825 -472.98151552677155
v 1450.9423792362213 1016.4637058973312 -483.3174079656601
v 1546.7715919017792 962.1991753578186 -493.2885557413101
v 1636.2749755382538 900.4042446613312 -502.13708728551865
v 1717.8015410900116 830.7084113359451 -509.1387391090393
v 1789.7161960601807 753.2632559537888 -513.6504516005516
v 1850.5333006381989 668.7590271234512 -515.1547729969025
v 1899.0519762039185 578.3926606178284 -513.305014371872
v 1934.4821512699127 483.7864190340042 -507.96505361795425
v 1956.5593421459198 386.85011118650436 -499.24478977918625
v 1965.6132459640503 289.5964667201042 -487.51779198646545
v 1962.5937759876251 193.93238425254822 -473.4271511435509
v 1949.0163624286652 101.42648331820965 -457.85622149705887
v 1958.9137852191925 13.117732526734471 -360.52760034799576
v 1921.7422485351562 -70.84940560162067 -344.0304771065712
v 1871.726417541504 -147.52469658851624 -324.80074167251587
v 1814.0272915363312 -216.41083806753159 -305.1349461078644
v 1752.8022587299347 -278.39026898145676 -286.86864227056503
v 1690.9364819526672 -335.20043939352036 -271.2891072034836
v 1630.0103545188904 -388.90086114406586 -259.13227647542953
v 1570.4194128513336 -441.4019376039505 -250.62417536973953
v 1511.6405725479126 -494.13376450538635 -245.57787850499153
v 1452.5635778903961 -547.8770881891251 -243.51526871323586
v 1391.826832294464 -602.7546375989914 -243.79727616906166
v 1328.1085431575775 -658.3524763584137 -245.74580937623978
v 1260.33775806427 -713.919585943222 -248.74392226338387
v 1187.8055155277252 -768.5904800891876 -252.30273306369781
v 1110.192757844925 -821.5927362442017 -256.10088407993317
v 1027.516382932663 -872.381928563118 -259.9859654903412
v 940.0394976139069 -920.7180440425873 -263.9586344361305
v 848.1553226709366 -966.651776432991 -268.13320219516754
v 752.2816121578217 -1010.4469835758209 -272.69000709056854
v 652.7838617563248 -1052.4714767932892 -277.82972753047943
v 549.9254912137985 -1093.0496335029602 -283.72409641742706
v 443.86318176984787 -1132.3260247707367 -290.47750532627106
v 334.6723794937134 -1170.13818025589 -298.09361547231674
v 222.40673527121544 -1205.9177041053772 -306.4495414495468
v 107.17630460858345 -1238.623434305191 -315.2763247489929
v -10.756267234683037 -1266.697508096695 -324.14031475782394
v -131.05579912662506 -1292.3742055892944 -333.92486572265625
v -253.66411060094833 -1316.1127746105194 -344.90898102521896
v -378.02633196115494 -1333.7046325206757 -355.75156062841415
v -502.9903694987297 -1341.6122317314148 -365.29559791088104
v -626.951390504837 -1337.1238946914673 -372.5866109132767
v -748.0209589004517 -1318.4813618659973 -376.895172894001
v -864.2183572053909 -1284.9624037742615 -377.7419775724411
v -973.6728608608246 -1236.9144916534424 -374.9238431453705
v -1074.8270452022552 -1175.707232952118 -368.5302659869194
v -1166.6232883930206 -1103.603196144104 -358.9490845799446
v -1248.6391425132751 -1023.5190868377686 -346.8445435166359
v -1321.1522340774536 -938.7213349342346 -333.1149235367775
v -1385.1366341114044 -852.4804383516312 -318.83136481046677
v -1442.1515822410583 -767.7064687013626 -305.14899641275406
v -1494.170755147934 -686.6509169340134 -293.2200998067856
v -1543.3378100395203 -610.6694340705872 -284.092877805233
v -1591.6993975639343 -540.1141226291656 -278.62621396780014
v -1640.9269094467163 -474.33804273605347 -277.4092197418213
v -1692.0641362667084 -411.8313029408455 -280.70099651813507
v -1745.3244924545288 -350.460447371006 -288.38826566934586
v -1799.9607145786285 -287.796775996685 -299.9660611152649
v -1854.21541929245 -221.5002715587616 -314.53963816165924
v -1905.3958296775818 -149.71865639090538 -330.8620870113373
v -1950.0388741493225 -71.45907618105412 -347.392974793911
v -1984.2272400856018 13.11785476282239 -362.4078691005707
v -2005.752682685852 102.70222127437592 -375.00673681497574
v -2014.579027891159 195.65834999084473 -385.29963344335556
v -2010.4271471500397 290.30555337667465 -393.20429116487503
v -1993.6457633972168 385.07551699876785 -398.88161569833755
v -1965.1106894016266 478.7146657705307 -402.702297270298
v -1926.0376989841461 570.4050779342651 -405.1791563630104
v -1877.764105796814 659.7838550806046 -406.8851262331009
v -1821.5320944786072 746.8518108129501 -408.3622232079506
v -1758.3158612251282 831.803771853447 -410.0399360060692
v -1688.7247323989868 914.8185431957245 -412.17670887708664
v -1613.0020380020142 995.8565086126328 -414.83256071805954
v -1531.0974597930908 1074.525260925293 -417.8763762116432
v -1442.8052186965942 1150.0251531600952 -421.0223615169525
v -1347.9165315628052 1221.1930453777313 -423.88699650764465
v -1246.3660597801208 1286.6325438022614 -426.0572209954262
v -1138.329291343689 1344.892430305481 -427.15414613485336
v -1024.2791175842285 1394.6556687355042 -426.8863767385483
v -904.9696862697601 1434.9160194396973 -425.08652955293655
v -781.382954120636 1465.0956988334656 -421.7255964875221
v -654.6430706977844 1485.1118445396423 -416.9141963124275
v -525.9122371673584 1495.382398366928 -410.8881488442421
v -396.2983310222626 1496.782672405243 -403.98901104927063
v -266.7708545923233 1490.5753791332245 -396.64204716682434
v -138.0894161760807 1478.3156275749207 -389.33401107788086
v -10.756160644814372 1461.7544174194336 -382.59646743535995
v 114.82501365244389 1438.5317981243134 -375.5312606692314
v 237.90911883115768 1407.45490193367 -367.63201653957367
v 358.0898255109787 1371.7404663562775 -359.9112018942833
v 475.4034250974655 1334.0482234954834 -353.2125860452652
v 590.2071207761765 1296.389776468277 -348.20429384708405
v 703.0516594648361 1260.0800335407257 -345.37533223629
v 814.5486831665039 1225.7154285907745 -345.0293943285942
v 925.2363592386246 1193.1856870651245 -347.27841317653656
v 1035.454460978508 1161.7399156093597 -352.04287469387054
v 1145.237910747528 1130.0871133804321 -359.0554788708687
v 1254.234355688095 1096.5650260448456 -367.8806349635124
v 1361.674815416336 1059.3279004096985 -377.9413729906082
v 1466.3716793060303 1016.5523260831833 -388.55254501104355
v 1566.778725385666 966.6525274515152 -398.9684835076332
v 1661.0761106014252 908.4488421678543 -408.4245890378952
v 1747.30104804039 841.3201779127121 -416.18983894586563
v 1823.489499092102 765.2831196784973 -421.6101586818695
v 1887.8451526165009 681.0220956802368 -424.15698766708374
v 1938.9043986797333 589.8503243923187 -423.4694302082062
v 1975.693666934967 493.61186921596527 -419.3953737616539
v 1997.8682398796082 394.514536857605 -412.0244085788727
v 2005.8073818683624 294.90826427936554 -401.7109841108322
v 2000.6462574005127 197.02622070908546 -389.0787586569786
v 1984.219479560852 102.69997604191303 -374.9964103102684
v 1984.135740995407 13.117732526734471 -280.3940489888191
v 1943.6040222644806 -71.29251435399055 -266.4454758167267
v 1889.781403541565 -147.7455273270607 -250.2472423017025
v 1828.4604907035828 -215.8027946949005 -233.79045501351357
v 1764.255291223526 -276.56401097774506 -218.6517834663391
v 1700.3418624401093 -332.0767343044281 -205.934489518404
v 1638.392722606659 -384.72016006708145 -196.25310972332954
v 1578.7374436855316 -436.6744950413704 -189.7776871919632
v 1520.6704437732697 -489.5498916506767 -186.31984144449234
v 1462.83500790596 -544.2027926445007 -185.44135317206383
v 1403.605556488037 -600.7343351840973 -186.5689292550087
v 1341.4212226867676 -658.6371749639511 -189.10158276557922
v 1275.0195443630219 -717.0248597860336 -192.49617084860802
v 1203.557127714157 -774.885892868042 -196.324722468853
v 1126.634681224823 -831.3113540410995 -200.30469819903374
v 1044.2400634288788 -885.6577455997467 -204.30343374609947
v 956.6330641508102 -937.6080751419067 -208.315609395504
v 864.2245531082153 -987.1704787015915 -212.4342419207096
v 767.4543768167496 -1034.5804005861282 -216.8057642877102
v 666.7061179876328 -1080.1712930202484 -221.5891733765602
v 562.2577786445618 -1124.221658706665 -226.91675797104836
v 454.2768985033035 -1166.792768239975 -232.85822197794914
v 342.8543820977211 -1207.605242729187 -239.39640149474144
v 228.07060405611992 -1245.9217071533203 -246.40259072184563
v 110.08525751531124 -1280.487710237503 -253.62338349223137
v -10.756269190460443 -1309.4906687736511 -260.6653556227684
v -134.0441331267357 -1336.0405504703522 -268.4454694390297
v -259.79226529598236 -1361.3668978214264 -277.38819122314453
v -387.4994918704033 -1380.8413088321686 -286.35820001363754
v -516.0038933157921 -1390.544217824936 -294.37222480773926
v -643.6367690563202 -1387.4346256256104 -300.6131574511528
v -768.39759349823 -1369.4693863391876 -304.4429764151573
v -888.1601393222809 -1335.717236995697 -305.42821884155273
v -1000.887331366539 -1286.3948464393616 -303.35985124111176
v -1104.8570215702057 -1222.8435337543488 -298.2732027769089
v -1198.8667666912079 -1147.3950862884521 -290.4530346393585
v -1282.3909163475037 -1063.1290555000305 -280.41930198669434
v -1355.6686699390411 -973.5630869865417 -268.89924108982086
v -1419.6983814239502 -882.2547554969788 -256.76950961351395
v -1476.1420547962189 -792.4284964799881 -244.99303847551346
v -1527.1412193775177 -706.6260695457458 -234.54105108976364
v -1575.0580787658691 -626.4408856630325 -226.3103887438774
v -1622.1874952316284 -552.3826360702515 -221.0498794913292
v -1670.4518258571625 -483.86655896902084 -219.29185464978218
v -1721.1187899112701 -419.34302151203156 -221.2978407740593
v -1774.5658993721008 -356.54410421848297 -227.01833322644234
v -1830.1198661327362 -292.8317919373512 -236.07078194618225
v -1885.9856307506561 -225.61676055192947 -247.73694723844528
v -1939.2978072166443 -152.7993969619274 -260.98483577370644
v -1986.31432056427 -73.19766841828823 -274.5252773165703
v -2022.7210700511932 13.117856718599796 -286.88870072364807
v -2046.0353136062622 104.80097383260727 -297.28836715221405
v -2056.107348203659 200.1154102385044 -305.77303022146225
v -2052.5259912014008 297.2367659211159 -312.23219633102417
v -2035.6145560741425 394.4422513246536 -316.77776724100113
v -2006.3068091869354 490.34728556871414 -319.7105884552002
v -1965.9507036209106 584.0585321187973 -321.46765887737274
v -1916.052407026291 675.2033919095993 -322.5468099117279
v -1858.0174505710602 763.8304620981216 -323.4240308403969
v -1792.9464519023895 850.2136141061783 -324.47836697101593
v -1721.5167045593262 934.6085071563721 -325.9381279349327
v -1643.9784228801727 1017.0163929462433 -327.85469591617584
v -1560.2386057376862 1097.0280289649963 -330.10928481817245
v -1470.0202524662018 1173.7594664096832 -332.44510889053345
v -1373.0436086654663 1245.9094405174255 -334.5200479030609
v -1269.1913902759552 1311.9056940078735 -335.965758562088
v -1158.6278200149536 1370.1230227947235 -336.4479124546051
v -1041.8572694063187 1419.0956890583038 -335.711444914341
v -919.7071105241776 1457.7275812625885 -333.6140066385269
v -793.263503909111 1485.428524017334 -330.13932555913925
v -663.7688219547272 1502.1849989891052 -325.3962680697441
v -532.5020492076874 1508.5732877254486 -319.60823088884354
v -400.66850781440735 1505.7037711143494 -313.0945220589638
v -269.3021312355995 1495.1553404331207 -306.2553718686104
v -139.17897194623947 1478.8671255111694 -299.5531886816025
v -10.756160644814372 1459.0374827384949 -293.5011997818947
v 115.61675146222115 1432.3215007781982 -287.13434636592865
v 239.08726349473 1396.7332363128662 -279.838827252388
v 359.19629484415054 1356.2197923660278 -272.57165908813477
v 476.0323405265808 1314.073258638382 -266.1360874772072
v 590.0881469249725 1272.8173077106476 -261.176173388958
v 702.1116346120834 1234.154373407364 -258.1755571067333
v 812.9435688257217 1198.9129543304443 -257.44681879878044
v 923.3579367399216 1167.066514492035 -259.1272383928299
v 1033.9046090841293 1137.7878069877625 -263.174070417881
v 1144.7770357131958 1109.5731675624847 -269.36900317668915
v 1255.7093560695648 1080.4379045963287 -277.33439952135086
v 1365.926331281662 1048.1287121772766 -286.5537777543068
v 1474.1499781608582 1010.3963524103165 -296.4103952050209
v 1578.651201725006 965.2352303266525 -306.2231406569481
v 1677.362197637558 911.1071348190308 -315.29147028923035
v 1768.0235266685486 847.1207946538925 -322.9415640234947
v 1848.355346918106 773.1362074613571 -328.5679757595062
v 1916.2539303302765 689.8002505302429 -331.6757842898369
v 1969.9865520000458 598.5088795423508 -331.9203659892082
v 2008.37824344635 501.2936934828758 -329.14360016584396
v 2030.9777677059174 400.631707906723 -323.4055370092392
v 2038.1769061088562 299.1880998015404 -315.0062084197998
v 2031.254142522812 199.51246753335 -304.4920429587364
v 2012.3145818710327 103.70332896709442 -292.6350563764572
v 2003.5703480243683 13.117732526734471 -201.59959495067596
v 1960.1699888706207 -71.63457199931145 -190.95522165298462
v 1903.0913293361664 -147.858414798975 -178.6238729953766
v 1838.653314113617 -215.15802964568138 -166.14804714918137
v 1771.8811333179474 -274.8188629746437 -154.7502301633358
v 1706.1946749687195 -329.1494205594063 -145.2790103852749
v 1643.3543264865875 -380.80287873744965 -138.2010206580162
v 1583.6392164230347 -432.19301104545593 -133.63609537482262
v 1526.1958122253418 -485.0901558995247 -131.42598867416382
v 1469.4639980793 -540.4258579015732 -131.2203112989664
v 1411.6034030914307 -598.2997834682465 -132.56728649139404
v 1350.8541405200958 -658.1426918506622 -134.9961742758751
v 1285.7887744903564 -718.9691215753555 -138.0827195942402
v 1215.4451251029968 -779.6566128730774 -141.4932668209076
v 1139.3490493297577 -839.194044470787 -145.00767365098
v 1057.4454724788666 -896.8465447425842 -148.51906076073647
v 969.9805408716202 -952.2328466176987 -152.01949551701546
v 877.362933754921 -1005.3060114383698 -155.57326823472977
v 780.0376921892166 -1056.2551081180573 -159.2845045030117
v 678.3938437700272 -1105.3603291511536 -163.26443329453468
v 572.7155864238739 -1152.830582857132 -167.6020659506321
v 463.1786897778511 -1198.6306965351105 -172.3367214202881
v 349.8888283967972 -1242.3438549041748 -177.43839025497437
v 232.9576849937439 -1283.0658316612244 -182.79235437512398
v 112.59867399930954 -1319.3300127983093 -188.18621635437012
v -10.75627114623785 -1349.0793585777283 -193.30058991909027
v -136.61776408553123 -1376.2502074241638 -198.94360229372978
v -265.0608792901039 -1402.8256237506866 -205.56073263287544
v -395.63521295785904 -1423.8268554210663 -212.2865729033947
v -527.1773278713226 -1435.020911693573 -218.37033927440643
v -657.9678922891617 -1433.0737709999084 -223.1811136007309
v -785.9172910451889 -1415.7013356685638 -226.2212835252285
v -908.774408698082 -1381.7730724811554 -227.1410934627056
v -1024.3570357561111 -1331.377100944519 -225.75740441679955
v -1130.793696641922 -1265.8075511455536 -222.0701850950718
v -1226.7446994781494 -1187.4338865280151 -216.26781597733498
v -1311.580502986908 -1099.461829662323 -208.71992334723473
v -1385.479724407196 -1005.5995970964432 -199.95509907603264
v -1449.4440972805023 -909.6564173698425 -190.62403813004494
v -1505.197834968567 -815.1247143745422 -181.4481720328331
v -1555.0055086612701 -724.8112946748734 -173.16426560282707
v -1601.407814025879 -640.5427604913712 -166.46273955702782
v -1646.9111502170563 -563.0005985498428 -161.9296856224537
v -1693.6655580997467 -491.69495701789856 -159.99517142772675
v -1743.1573033332825 -425.08468329906464 -160.88999435305595
v -1795.9460198879242 -360.82409620285034 -164.61255848407745
v -1851.4748275279999 -296.12250477075577 -170.90809643268585
v -1907.9744517803192 -228.18657383322716 -179.26259860396385
v -1962.500274181366 -154.6975962817669 -188.91636282205582
v -2011.1153304576874 -74.27987828850746 -198.9017330110073
v -2049.230396747589 13.117858674377203 -208.1063099205494
v -2073.999363183975 106.16747550666332 -215.87957069277763
v -2085.025066137314 203.04510220885277 -222.19361811876297
v -2081.800317764282 301.791974902153 -226.94514021277428
v -2064.6304070949554 400.54302513599396 -230.20675107836723
v -2034.5233261585236 497.800549864769 -232.20643177628517
v -1992.9629623889923 592.6133841276169 -233.2849569618702
v -1941.6234612464905 684.6164703369141 -233.83603245019913
v -1882.0723235607147 773.9231497049332 -234.23893824219704
v -1815.533208847046 860.903924703598 -234.7974143922329
v -1742.7498757839203 945.9111481904984 -235.69522574543953
v -1663.9784216880798 1029.010409116745 -236.97493001818657
v -1579.079782962799 1109.8008513450623 -238.54224309325218
v -1487.7026081085205 1187.344640493393 -240.19257500767708
v -1389.4847810268402 1260.2278590202332 -241.65217950940132
v -1284.2449307441711 1326.7285466194153 -242.62700155377388
v -1172.1131086349487 1385.0579023361206 -242.84906834363937
v -1053.6015093326569 1433.6082458496094 -242.1147756278515
v -929.582753777504 1471.1824536323547 -240.3100624680519
v -801.218792796135 1497.1505463123322 -237.42205202579498
v -669.8448121547699 1511.5289211273193 -233.53754952549934
v -536.8358016014099 1514.9948716163635 -228.8351096212864
v -403.482323884964 1508.8348925113678 -223.57197180390358
v -270.8786129951477 1494.8620676994324 -218.0705577135086
v -139.82564583420753 1475.3225684165955 -212.70906776189804
v -10.756159666925669 1452.779871225357 -207.9118274152279
v 116.01005047559738 1423.0231404304504 -202.82500684261322
v 239.5109474658966 1383.4036588668823 -196.88046053051949
v 359.2289015650749 1338.5229170322418 -190.86888581514359
v 475.2878934144974 1292.2402739524841 -185.4568898677826
v 588.2947146892548 1247.5614309310913 -181.18639513850212
v 699.16632771492 1206.5450549125671 -178.46894413232803
v 808.949401974678 1170.2610969543457 -177.58092731237411
v 918.6340928077698 1138.7859106063843 -178.65677699446678
v 1028.9694160223007 1111.2572014331818 -181.68367892503738
v 1140.3084754943848 1086.0109627246857 -186.50509268045425
v 1252.4816036224365 1060.7908844947815 -192.83117204904556
v 1364.737218618393 1033.0051392316818 -200.25794729590416
v 1475.7348775863647 1000.0194668769836 -208.29362645745277
v 1583.6101770401 959.4533890485764 -216.39262586832047
v 1686.091786623001 909.4319254159927 -223.98933470249176
v 1780.6667983531952 848.7964421510696 -230.53558766841888
v 1864.7779941558838 777.2347033023834 -235.53575947880745
v 1936.0421419143677 695.3260570764542 -238.58026340603828
v 1992.471420764923 604.503008723259 -239.37687501311302
v 2032.6849579811096 506.93212151527405 -237.78038173913956
v 2056.1012148857117 405.3046390414238 -233.8184930384159
v 2063.0803048610687 302.5522246956825 -227.71116346120834
v 2054.983574151993 201.505795866251 -219.87710148096085
v 2034.1211557388306 104.51641604304314 -210.92103347182274
v 2018.4263706207275 13.117732526734471 -123.823631554842
v 1972.8971242904663 -72.0112781971693 -117.1339575201273
v 1913.3667647838593 -148.18149358034134 -109.39082354307175
v 1846.5566575527191 -215.02231433987617 -101.574981585145
v 1777.793025970459 -273.94874542951584 -94.46171745657921
v 1710.6801331043243 -327.4558424949646 -88.58724273741245
v 1647.0550954341888 -378.3982738852501 -84.24552641808987
v 1587.1710062026978 -429.36489433050156 -81.50926865637302
v 1530.0790786743164 -482.25384056568146 -80.27543909847736
v 1474.0845143795013 -538.0679726600647 -80.32006993889809
v 1417.1986162662506 -596.9255447387695 -81.3559278845787
v 1357.5216829776764 -658.234316110611 -83.08455348014832
v 1293.5054898262024 -720.9571927785873 -85.23693345487118
v 1224.0942299365997 -783.9073777198792 -87.60141357779503
v 1148.7439155578613 -846.0032165050507 -90.03674760460854
v 1067.3547863960266 -906.4461261034012 -92.47281700372696
v 980.1430732011795 -964.7934436798096 -94.90037485957146
v 887.4993056058884 -1020.9390252828598 -97.35439829528332
v 789.8592621088028 -1075.0165522098541 -99.89471063017845
v 687.6062124967575 -1127.23987698555 -102.58431918919086
v 581.0230404138565 -1177.7357339859009 -105.47132827341557
v 470.29074132442474 -1226.367312669754 -108.57214294373989
v 355.5311679840088 -1272.5968837738037 -111.85962483286858
v 236.88607513904572 -1315.3671383857727 -115.25236666202545
v 114.62015770375729 -1353.0366003513336 -118.60758103430271
v -10.756273102015257 -1383.344453573227 -121.71462289988995
v -138.68045210838318 -1410.8923137187958 -125.13192147016525
v -269.2693054676056 -1438.2936000823975 -129.19730208814144
v -402.1108075976372 -1460.319972038269 -133.36826339364052
v -536.040660738945 -1472.5019931793213 -137.17235997319221
v -669.3047672510147 -1471.298235654831 -140.2111530303955
v -799.7437924146652 -1454.229336977005 -142.1654909849167
v -925.012743473053 -1420.0150609016418 -142.8073301911354
v -1042.8165704011917 -1368.6381340026855 -142.01053082942963
v -1151.1635720729828 -1301.3453722000122 -139.76195007562637
v -1248.598963022232 -1220.5203831195831 -136.1654631793499
v -1334.400200843811 -1129.4536292552948 -131.4396321773529
v -1408.6859464645386 -1031.9959580898285 -125.90429708361626
v -1472.4381566047668 -932.1392834186554 -119.95756030082703
v -1527.4129629135132 -833.5907578468323 -114.04641084372997
v -1575.9519159793854 -739.3702268600464 -108.63069891929626
v -1620.7207560539246 -651.5050023794174 -104.14679758250713
v -1664.3828451633453 -570.8362251520157 -100.96995793282986
v -1709.272974729538 -496.98447436094284 -99.38328266143799
v -1757.0654153823853 -428.45343947410583 -99.5489526540041
v -1808.4951639175415 -362.8734692931175 -101.48665085434914
v -1863.1460309028625 -297.36481457948685 -105.05900345742702
v -1919.3270981311798 -228.99086773395538 -109.96493808925152
v -1974.1032600402832 -155.26021867990494 -115.74743650853634
v -2023.4632015228271 -74.62249137461185 -121.81449271738529
v -2062.661361694336 13.117859652265906 -127.47696116566658
v -2088.424801826477 106.69682621955872 -132.27974027395248
v -2099.9976217746735 204.21578362584114 -136.14975437521935
v -2096.817684173584 303.59498262405396 -139.01665806770325
v -2079.2120575904846 402.85275131464005 -140.92519953846931
v -2048.2742249965668 500.40767937898636 -142.02260971069336
v -2005.6250095367432 595.2773094177246 -142.53106489777565
v -1953.0967712402344 687.1270000934601 -142.70905628800392
v -1892.4057126045227 776.1524856090546 -142.806688696146
v -1824.8878955841064 862.8381103277206 -143.0253602564335
v -1751.3465344905853 947.6520091295242 -143.4881441295147
v -1672.0401048660278 1030.7496428489685 -144.22548785805702
v -1586.7842316627502 1111.7726504802704 -145.17776370048523
v -1495.1493322849274 1189.766550064087 -146.21224477887154
v -1396.684044599533 1263.245451450348 -147.15006351470947
v -1291.1250114440918 1330.3717374801636 -147.79778569936752
v -1178.5445809364319 1389.2191708087921 -147.97815531492233
v -1059.4286620616913 1438.0435109138489 -147.55494073033333
v -934.656822681427 1475.5311012268066 -146.4493788778782
v -805.4274380207062 1500.9753584861755 -144.64821740984917
v -673.1329590082169 1514.365392923355 -142.20302626490593
v -539.2160296440125 1516.4040327072144 -139.22519087791443
v -405.03402203321457 1508.4533751010895 -135.87724417448044
v -271.7381849884987 1492.460310459137 -132.36585706472397
v -140.16574770212173 1470.8506286144257 -128.93482111394405
v -10.756159666925669 1446.4251279830933 -125.86144208908081
v 116.16512797772884 1414.3503785133362 -122.56332859396935
v 239.53404128551483 1371.5428233146667 -118.64881664514542
v 358.7741285562515 1323.1156468391418 -114.64194506406784
v 474.0258067846298 1273.3837008476257 -110.9868474304676
v 585.9724402427673 1225.730699300766 -108.04635174572468
v 695.6581950187683 1182.526981830597 -106.1009556055069
v 804.2877048254013 1145.0535356998444 -105.34295104444027
v 913.0238592624664 1113.5001182556152 -105.87284155189991
v 1022.7835267782211 1087.016075849533 -107.69519582390785
v 1134.064757823944 1063.8495326042175 -110.72036884725094
v 1246.7987716197968 1041.562995314598 -114.76957127451897
v 1360.2791726589203 1017.3165500164032 -119.58742551505566
v 1473.15074801445 988.1889849901199 -124.85938780009747
v 1583.4676086902618 951.4967858791351 -130.23221343755722
v 1688.823240995407 905.0852805376053 -135.33769994974136
v 1786.5198612213135 847.555947303772 -139.81550708413124
v 1873.7884640693665 778.4251928329468 -143.33776831626892
v 1948.0182588100433 698.1744199991226 -145.62923535704613
v 2007.0008754730225 608.2231163978577 -146.48899510502815
v 2049.16330575943 510.8053117990494 -145.80966755747795
v 2073.7808167934418 408.7508127093315 -143.59458535909653
v 2081.141299009323 305.1846385002136 -139.97190669178963
v 2072.6174890995026 203.1568005681038 -135.1988397538662
v 2050.622034072876 105.23229315876961 -129.65538427233696
v 2030.0354897975922 13.117732526734471 -46.24100457876921
v 1983.331149816513 -72.56467714905739 -43.955530039966106
v 1922.3971366882324 -149.04396012425423 -41.30927324295044
v 1854.1588425636292 -215.94689637422562 -38.63829541951418
v 1784.1227352619171 -274.7480168938637 -36.20934896171093
v 1716.0023510456085 -328.034470975399 -34.20637473464012
v 1651.6826212406158 -378.7620797753334 -32.73002291098237
v 1591.4267778396606 -429.6193331480026 -31.80582420900464
v 1534.2558681964874 -482.5849771499634 -31.399032287299633
v 1478.423649072647 -538.7216717004776 -31.433800142258406
v 1421.8787133693695 -598.1847524642944 -31.81264791637659
v 1362.6548945903778 -660.3986889123917 -32.43415877223015
v 1299.1408824920654 -724.3265748023987 -33.20676516741514
v 1230.2217900753021 -788.7666553258896 -34.05800946056843
v 1155.301058292389 -852.6095509529114 -34.938942454755306
v 1074.2327392101288 -915.0175005197525 -35.82434635609388
v 987.1967643499374 -975.5028426647186 -36.709464713931084
v 894.5534974336624 -1033.9051723480225 -37.604256346821785
v 796.715497970581 -1090.2920186519623 -38.52674178779125
v 694.0543323755264 -1144.813585281372 -39.49635364115238
v 586.8471264839172 -1197.5200653076172 -40.527189150452614
v 475.2791315317154 -1248.1927871704102 -41.622721776366234
v 359.48628187179565 -1296.2027728557587 -42.771584540605545
v 239.63632062077522 -1340.3944551944733 -43.944088742136955
v 116.03318341076374 -1379.0119528770447 -45.08937634527683
v -10.75627407990396 -1409.6705317497253 -46.133421175181866
v -140.11510089039803 -1437.358832359314 -47.276608273386955
v -272.17477709054947 -1465.075796842575 -48.64582847803831
v -406.5381243824959 -1487.462157011032 -50.05615912377834
v -542.0359790325165 -1499.929565191269 -51.34636200964451
v -676.8880516290665 -1498.8173067569733 -52.37963441759348
v -808.891573548317 -1481.543880701065 -53.045838698744774
v -935.6419712305069 -1446.7446863651276 -53.26532386243343
v -1054.772973060608 -1394.3431198596954 -52.99266502261162
v -1164.2176508903503 -1325.5620896816254 -52.22081746906042
v -1262.445741891861 -1242.7939653396606 -50.98225884139538
v -1348.671931028366 -1149.3816554546356 -49.34889134019613
v -1422.9661881923676 -1049.257430434227 -47.42712490260601
v -1486.2883150577545 -946.5289235115051 -45.35084813833237
v -1540.3984487056732 -845.0350910425186 -43.2711448520422
v -1587.6741886138916 -747.938722372055 -41.34453982114792
v -1630.843859910965 -657.4023753404617 -39.72038011997938
v -1672.663950920105 -574.3906706571579 -38.52860368788242
v -1715.5859112739563 -498.6217573285103 -37.86899819970131
v -1761.418068408966 -428.661784529686 -37.80137915164232
v -1811.0373616218567 -362.1616914868355 -38.338157907128334
v -1864.1609072685242 -296.2146922945976 -39.438822492957115
v -1919.2182004451752 -227.81408429145813 -41.00771192461252
v -1973.3568727970123 -154.35830801725388 -42.89565123617649
v -2022.5946485996246 -74.16003607213497 -44.906143471598625
v -2062.180709838867 13.117858674377203 -46.80928699672222
v -2088.380366563797 106.30846358835697 -48.42913616448641
v -2100 203.4489780664444 -49.71809908747673
v -2096.49937748909 302.3611530661583 -50.653660856187344
v -2078.2618939876556 400.98187029361725 -51.25298537313938
v -2046.485048532486 497.68548756837845 -51.56966485083103
v -2002.9208421707153 591.4942413568497 -51.683792285621166
v -1949.5390713214874 682.1289718151093 -51.68825928121805
v -1888.181358575821 769.8856741189957 -51.673207618296146
v -1820.276391506195 855.3771167993546 -51.711638644337654
v -1746.6756999492645 939.2059296369553 -51.84882078319788
v -1667.6375091075897 1021.6445446014404 -52.09712237119675
v -1582.9325079917908 1102.4148344993591 -52.43664924055338
v -1492.0527577400208 1180.5933594703674 -52.82117072492838
v -1394.4511413574219 1254.6727001667023 -53.18744871765375
v -1289.76491689682 1322.745144367218 -53.46633084118366
v -1177.9788136482239 1382.7773094177246 -53.59353460371494
v -1059.5121502876282 1432.8960299491882 -53.518530540168285
v -935.2053791284561 1471.6573476791382 -53.21061685681343
v -806.2437951564789 1498.2291340827942 -52.66154408454895
v -674.0328669548035 1512.499862909317 -51.88583191484213
v -540.0470942258835 1515.098512172699 -50.918895564973354
v -405.6891292333603 1507.346373796463 -49.81424119323492
v -272.16191589832306 1491.178447008133 -48.64081386476755
v -140.35553634166718 1469.0506875514984 -47.48114738613367
v -10.756159666925669 1443.820971250534 -46.429541520774364
v 116.2599440664053 1410.393512248993 -45.28229031711817
v 239.54407051205635 1365.5826151371002 -43.90459377318621
v 358.46799463033676 1314.8093819618225 -42.48103424906731
v 473.1648579239845 1262.6640379428864 -41.168312542140484
v 584.3511790037155 1212.7801358699799 -40.09544346481562
v 693.1357741355896 1167.73379445076 -39.3629539757967
v 800.8150577545166 1128.9716005325317 -39.0412911772728
v 908.6608171463013 1096.7982172966003 -39.16930463165045
v 1017.7050143480301 1070.415061712265 -39.75257221609354
v 1128.5580396652222 1048.069006204605 -40.764033794403076
v 1241.244488954544 1027.2550910711288 -42.145090363919735
v 1355.128687620163 1005.0187468528748 -43.81021186709404
v 1468.880581855774 978.2698452472687 -45.65176013857126
v 1580.5483996868134 944.1446274518967 -47.54837919026613
v 1687.669551372528 900.2895891666412 -49.37181696295738
v 1787.4541282653809 845.1228976249695 -50.99568720906973
v 1877.0053267478943 778.0024319887161 -52.3036016151309
v 1953.5605251789093 699.2936253547668 -53.19649614393711
v 2014.7482573986053 610.3516280651093 -53.60027812421322
v 2058.8356733322144 513.4032413363457 -53.472667559981346
v 2084.9582254886627 411.32824569940567 -52.809545584023
v 2093.2962834835052 307.3498249053955 -51.649863459169865
v 2085.1602494716644 204.65320497751236 -50.077574886381626
v 2062.9689037799835 105.95762059092522 -48.220325633883476
v 2038.8639628887177 13.117732526734471 32.49248592182994
v 1992.134839296341 -73.35592992603779 30.206610448658466
v 1931.1119556427002 -150.61671808362007 27.55837831646204
v 1862.705934047699 -218.27613338828087 24.882978480309248
v 1792.413353919983 -277.7889847755432 22.44645729660988
v 1723.9475011825562 -331.72244131565094 20.432505290955305
v 1659.2077016830444 -383.0183520913124 18.94221855327487
v 1598.4835982322693 -434.36314165592194 18.0022856220603
v 1540.8321619033813 -487.74973154067993 17.57975360378623
v 1484.544950723648 -544.2713230848312 17.600919026881456
v 1427.6034772396088 -604.1266858577728 17.97047881409526
v 1368.0622279644012 -666.7892307043076 18.588868249207735
v 1304.314649105072 -731.2673002481461 19.365728460252285
v 1235.2347135543823 -796.392622590065 20.229020342230797
v 1160.2003276348114 -861.0697120428085 21.129354648292065
v 1079.0311217308044 -924.4522333145142 22.040273621678352
v 991.8697893619537 -986.0222339630127 22.955211717635393
v 899.0430235862732 -1045.571556687355 23.881962709128857
v 800.9373486042023 -1103.1090259552002 24.836331233382225
v 697.9096233844757 -1158.7243258953094 25.835719797760248
v 590.2338445186615 -1212.4105095863342 26.892569102346897
v 478.1025856733322 -1263.9020919799805 28.00914002582431
v 361.6672396659851 -1312.535548210144 29.17328719049692
v 241.11631214618683 -1357.130652666092 30.354834906756878
v 116.77754446864128 -1395.9136247634888 31.502588745206594
v -10.75627407990396 -1426.486337184906 32.54217244684696
v -140.84152355790138 -1453.85320186615 33.67455191910267
v -273.5884130001068 -1481.061726808548 35.02828627824783
v -408.5836172103882 -1502.780556678772 36.41921952366829
v -544.6441411972046 -1514.4414961338043 37.68652807921171
v -679.9773037433624 -1512.3997271060944 38.69356960058212
v -812.3676002025604 -1494.0860152244568 39.33014776557684
v -939.3981277942657 -1458.1479012966156 39.516451209783554
v -1058.689534664154 -1404.5206725597382 39.206812530756
v -1168.1620001792908 -1334.4412565231323 38.39388191699982
v -1266.2714302539825 -1250.3165423870087 37.109761498868465
v -1352.2189915180206 -1155.5070877075195 35.42593494057655
v -1426.0602593421936 -1053.964501619339 33.44832714647055
v -1488.7413918972015 -949.8198240995407 31.31033582612872
v -1542.010509967804 -846.9404250383377 29.162598866969347
v -1588.237702846527 -748.5235154628754 27.161384839564562
v -1630.150419473648 -656.7738354206085 25.45611709356308
v -1670.5176651477814 -572.7050721645355 24.177328124642372
v -1711.81942820549 -496.0897609591484 23.42614335939288
v -1755.9139788150787 -425.5486562848091 23.264615703374147
v -1803.7522315979004 -358.7801054120064 23.708377685397863
v -1855.148684978485 -292.9090216755867 24.72114572301507
v -1908.64936709404 -224.93391260504723 26.212277356535196
v -1961.5297079086304 -152.22385078668594 28.038128558546305
v -2009.9341034889221 -73.02212566137314 30.007768515497446
v -2049.2228865623474 13.1178576964885 31.896370835602283
v -2075.2289056777954 105.12643866240978 33.504473604261875
v -2086.3143146038055 200.97912847995758 34.76046212017536
v -2082.0310056209564 298.4182432293892 35.64604204148054
v -2062.869894504547 395.3362450003624 36.18329018354416
v -2030.149394273758 490.10295420885086 36.43127493560314
v -1985.7432961463928 581.7784398794174 36.475999653339386
v -1931.7395567893982 670.163556933403 36.41650099307299
v -1870.0819373130798 755.6710839271545 36.3489406183362
v -1802.2761046886444 839.0580475330353 36.35183125734329
v -1729.2162716388702 921.0844159126282 36.47501394152641
v -1651.1642932891846 1002.1761417388916 36.7340762168169
v -1567.8540587425232 1082.1867763996124 37.11075112223625
v -1478.7051558494568 1160.2878212928772 37.558659352362156
v -1383.0685794353485 1235.016667842865 38.01267743110657
v -1280.4635524749756 1304.45596575737 38.40018343180418
v -1170.7507610321045 1366.5062427520752 38.65218535065651
v -1054.233741760254 1419.179928302765 38.71256411075592
v -931.6548764705658 1460.8786046504974 38.54456674307585
v -804.1267991065979 1490.590524673462 38.13380654901266
v -673.0120450258255 1508.0115258693695 37.488896772265434
v -539.7734731435776 1513.5758221149445 36.63970995694399
v -405.83219826221466 1508.4174513816833 35.63466724008322
v -272.4375709891319 1494.2954242229462 34.53799244016409
v -140.5516617000103 1473.503851890564 33.427709341049194
v -10.756159666925669 1448.753660917282 32.39371720701456
v 116.46763980388641 1415.109783411026 31.238707434386015
v 239.90623354911804 1369.6779191493988 29.83865635469556
v 358.8872820138931 1317.949390411377 28.380256611853838
v 473.51107746362686 1264.5906507968903 27.02235449105501
v 584.4741582870483 1213.3212447166443 25.896354764699936
v 692.8809285163879 1166.8142974376678 25.10557919740677
v 800.0410079956055 1126.621788740158 24.723754730075598
v 907.2596043348312 1093.1569039821625 24.793478194624186
v 1015.6215637922287 1065.7250761985779 25.3243837505579
v 1125.8071839809418 1042.6599830389023 26.293524261564016
v 1237.9218578338623 1021.5173721313477 27.64611840248108
v 1351.4136493206024 999.3672698736191 29.2997888289392
v 1465.0293588638306 973.1034636497498 31.14902526140213
v 1576.8766701221466 939.8053050041199 33.07331074029207
v 1684.526413679123 897.0273524522781 34.943792782723904
v 1785.1906836032867 843.0708020925522 36.632031574845314
v 1875.9403824806213 777.1660476922989 38.01827486604452
v 1953.948301076889 699.5542913675308 38.999030739068985
v 2016.7523503303528 611.4852279424667 39.49511367827654
v 2062.510657310486 515.1089295744896 39.45879880338907
v 2090.2390122413635 413.2651850581169 38.88056538999081
v 2100 309.17670875787735 37.79424447566271
v 2092.9926216602325 206.06668442487717 36.27913109958172
v 2071.536648273468 106.72764144837856 34.45875607430935
v 2039.908504486084 13.117732526734471 113.0571786314249
v 1994.5458590984344 -73.95703420042992 106.40119090676308
v 1935.3711068630219 -152.15259790420532 98.73643666505814
v 1868.9390122890472 -221.12186774611473 91.01817235350609
v 1800.4299759864807 -282.25188106298447 83.99898894131184
v 1733.3464980125427 -337.97689229249954 78.1987477093935
v 1669.486266374588 -391.08557403087616 73.90404045581818
v 1609.125530719757 -444.12350356578827 71.19005508720875
v 1551.3886034488678 -498.989599943161 69.96485441923141
v 1494.679445028305 -556.7393571138382 70.02149373292923
v 1437.1062397956848 -617.5880670547485 71.09194546937943
v 1376.8405079841614 -681.0655295848846 72.89538346230984
v 1312.3608112335205 -746.2519973516464 75.17530359327793
v 1242.5903141498566 -812.0451629161835 77.72528529167175
v 1166.9200658798218 -877.3905336856842 80.40103912353516
v 1085.1556777954102 -941.4472192525864 83.12164284288883
v 997.408863902092 -1003.6597788333893 85.86078733205795
v 903.9750248193741 -1063.7522757053375 88.63265588879585
v 805.2209705114365 -1121.6527998447418 91.47518277168274
v 701.4971762895584 -1177.360725402832 94.43091787397861
v 593.0929720401764 -1230.8034539222717 97.53091111779213
v 480.2318796515465 -1281.6789507865906 100.77883154153824
v 363.1066292524338 -1329.3283224105835 104.13934215903282
v 241.9488161802292 -1372.6185321807861 107.52664692699909
v 117.12305210530758 -1409.8688006401062 110.79612784087658
v -10.75627407990396 -1438.808298110962 113.73652964830399
v -141.02661833167076 -1464.1656875610352 116.91915839910507
v -273.7360820174217 -1488.80535364151 120.70706114172935
v -408.43281894922256 -1507.664430141449 124.57245960831642
v -543.9312368631363 -1516.4040327072144 128.05330529808998
v -678.4673184156418 -1511.5829944610596 130.7580515742302
v -809.8790377378464 -1490.798681974411 132.3717400431633
v -935.8212143182755 -1452.828061580658 132.66842365264893
v -1053.9984226226807 -1397.6950407028198 131.52202516794205
v -1162.4152064323425 -1326.6737222671509 128.91778238117695
v -1259.6058905124664 -1242.1627342700958 124.95590150356293
v -1344.8275923728943 -1147.4601745605469 119.84944492578506
v -1418.1680560112 -1046.4207082986832 113.91100846230984
v -1480.5683076381683 -943.0458873510361 107.53034725785255
v -1533.7386667728424 -841.0667091608047 101.14602483808994
v -1579.9795031547546 -743.5503959655762 95.21074891090393
v -1621.9311475753784 -652.6022404432297 90.15689492225647
v -1662.2625946998596 -569.1709667444229 86.36055886745453
v -1703.3622086048126 -493.01117956638336 84.11264307796955
v -1747.01766371727 -422.7703258395195 83.59109200537205
v -1794.1449522972107 -356.21246695518494 84.84028615057468
v -1844.5749700069427 -290.55307656526566 87.75591216981411
v -1896.919459104538 -222.88446128368378 92.07686595618725
v -1948.5753893852234 -150.65318942070007 97.39003255963326
v -1995.8621442317963 -72.14175201952457 103.14759872853756
v -2034.3253076076508 13.117855740711093 108.70071575045586
v -2059.479171037674 104.09523546695709 113.39624002575874
v -2069.318014383316 198.67902472615242 116.95746816694736
v -2063.5249078273773 294.5221781730652 119.34688054025173
v -2042.7347123622894 389.47310596704483 120.64973339438438
v -2008.3963930606842 481.89757615327835 121.06066569685936
v -1962.5111639499664 570.8915501832962 120.85523083806038
v -1907.2867691516876 656.3319861888885 120.34857496619225
v -1844.7799980640411 738.7489467859268 119.84812282025814
v -1776.595652103424 819.0564215183258 119.60892342031002
v -1703.708553314209 898.2077032327652 119.80037055909634
v -1626.428371667862 976.8449127674103 120.48741951584816
v -1544.4973826408386 1055.0442159175873 121.63063399493694
v -1457.2948694229126 1132.1795761585236 123.10088574886322
v -1364.0825808048248 1206.9476008415222 124.70642253756523
v -1264.2474353313446 1277.5236904621124 126.22541226446629
v -1157.4883997440338 1341.8202638626099 127.43961364030838
v -1043.931332230568 1397.7728962898254 128.16246896982193
v -924.1450667381287 1443.6189472675323 128.25961634516716
v -799.0915328264236 1478.1146049499512 127.66061648726463
v -670.0167953968048 1500.6645619869232 126.36131532490253
v -538.3127421140671 1511.3782167434692 124.42079298198223
v -405.3798660635948 1511.0435128211975 121.95361889898777
v -272.4998116493225 1501.0726153850555 119.1224668174982
v -140.71871638298035 1483.4067821502686 116.13040901720524
v -10.756159666925669 1460.4186058044434 113.21597993373871
v 116.74851290881634 1427.5969684123993 109.83675643801689
v 240.51218032836914 1382.6039493083954 105.68322502076626
v 359.8043382167816 1330.8307349681854 101.30553804337978
v 474.65788275003433 1276.9004702568054 97.17512391507626
v 585.7003211975098 1224.5339512825012 93.68436634540558
v 693.9776033163071 1176.463133096695 91.14658087491989
v 800.75923204422 1134.3415081501007 89.790178835392
v 907.3365211486816 1098.7213253974915 89.75437246263027
v 1014.8130923509598 1069.0739929676056 91.08317457139492
v 1123.9182472229004 1043.8986629247665 93.72451454401016
v 1234.8369240760803 1020.9069818258286 97.53200635313988
v 1347.1123158931732 997.2860097885132 102.27450057864189
v 1459.6022486686707 970.0133979320526 107.65074491500854
v 1570.5105364322662 936.1838936805725 113.3081205189228
v 1677.494502067566 893.3269590139389 118.8658844679594
v 1777.8213143348694 839.6699398756027 123.93874078989029
v 1868.5906648635864 774.3430316448212 128.16373631358147
v 1946.9729661941528 697.4717795848846 131.2231119722128
v 2010.4788422584534 610.1902842521667 132.8700564801693
v 2057.2179794311523 514.5439758896828 132.95096307992935
v 2086.1413300037384 413.28471153974533 131.4260669052601
v 2097.2342491149902 309.57011729478836 128.38557623326778
v 2091.6034877300262 206.58329129219055 124.0553755313158
v 2071.4546620845795 107.10466839373112 118.79110336303711
v 2031.5824627876282 13.117732526734471 194.92704570293427
v 1988.7745320796967 -74.2054883390665 184.45755019783974
v 1933.100402355194 -153.27416583895683 172.55368754267693
v 1870.4519391059875 -223.82364124059677 160.65034121274948
v 1805.46555519104 -287.13750690221786 149.872787296772
v 1741.2651121616364 -345.42818516492844 140.9947469830513
v 1679.439890384674 -401.2132465839386 134.43830832839012
v 1620.2282130718231 -456.789430975914 130.31168840825558
v 1562.8450155258179 -513.873191177845 128.4747440367937
v 1505.865240097046 -573.427364230156 128.61675694584846
v 1447.600096464157 -635.6614530086517 130.33601827919483
v 1386.4112377166748 -700.1647442579269 133.21029916405678
v 1320.9300577640533 -766.1118060350418 136.85176894068718
v 1250.1757264137268 -832.4913918972015 140.94356819987297
v 1173.5848546028137 -898.3140349388123 145.2594369649887
v 1090.962678194046 -962.7501100301743 149.66361299157143
v 1002.3978173732758 -1025.2065002918243 154.10089641809464
v 908.1566959619522 -1085.3256583213806 158.57630968093872
v 808.5856586694717 -1142.9228961467743 163.1305642426014
v 704.0378093719482 -1197.8876888751984 167.81438514590263
v 594.8309540748596 -1250.0650763511658 172.66551107168198
v 481.23896420001984 -1299.116599559784 177.68441140651703
v 363.51749897003174 -1344.406896829605 182.81590193510056
v 241.96321070194244 -1384.9031925201416 187.93285712599754
v 116.9924296438694 -1419.09681558609 192.82070472836494
v -10.75627407990396 -1444.9642717838287 197.16564416885376
v -140.60418605804443 -1466.767966747284 201.83007940649986
v -272.5094184279442 -1487.0559811592102 207.35378935933113
v -405.97176253795624 -1501.2357115745544 212.93000802397728
v -539.823853969574 -1505.3853392601013 217.85226166248322
v -672.3737418651581 -1496.411794424057 221.52206674218178
v -801.5784054994583 -1472.208970785141 223.46410676836967
v -925.242492556572 -1431.768125295639 223.34234789013863
v -1041.2384301424026 -1375.2440929412842 220.97887694835663
v -1147.7380514144897 -1303.9504051208496 216.37053340673447
v -1243.4250712394714 -1220.2319920063019 209.69399437308311
v -1327.6650667190552 -1127.2372484207153 201.29868686199188
v -1400.5984783172607 -1028.59947681427 191.68569669127464
v -1463.1596982479095 -928.0559957027435 181.47329986095428
v -1516.9829428195953 -829.0526658296585 171.34902253746986
v -1564.2397820949554 -734.3956679105759 162.01936975121498
v -1607.3956847190857 -645.9713101387024 154.15315479040146
v -1648.9272594451904 -564.5840585231781 148.32916259765625
v -1691.0267293453217 -489.9210825562477 144.98886689543724
v -1735.314917564392 -420.648854970932 144.39672008156776
v -1782.5891554355621 -354.6242505311966 146.6078281402588
v -1832.6318979263306 -289.210943877697 151.4455921947956
v -1884.0925633907318 -221.67843505740166 158.49102213978767
v -1934.492164850235 -149.64295998215675 167.08901077508926
v -1980.35649061203 -71.51533998548985 176.37679427862167
v -2017.504996061325 13.11785476282239 185.33724322915077
v -2041.295886039734 103.22816111147404 192.82959178090096
v -2049.4669675827026 196.6278836131096 198.31560999155045
v -2041.8417513370514 290.9027695655823 201.7635516822338
v -2019.179892539978 383.87194722890854 203.34214568138123
v -1983.0358743667603 473.9015132188797 203.3984251320362
v -1935.5014085769653 560.1124316453934 202.41179019212723
v -1878.8704812526703 642.4318224191666 200.92793405056
v -1815.2886271476746 721.4735805988312 199.48322474956512
v -1746.4580297470093 798.2803702354431 198.5326386988163
v -1673.450392484665 873.9839136600494 198.3935907483101
v -1596.6621279716492 949.4547665119171 199.21342134475708
v -1515.890085697174 1025.0307619571686 200.964467972517
v -1430.5223107337952 1100.3579199314117 203.46454605460167
v -1339.77010846138 1174.3781805038452 206.41612708568573
v -1242.910873889923 1245.4548239707947 209.45800244808197
v -1139.4794762134552 1311.5970253944397 212.2178703546524
v -1029.403692483902 1370.7287192344666 214.3599160015583
v -913.0402565002441 1420.961719751358 215.62065705657005
v -791.1492615938187 1460.8178973197937 215.83097353577614
v -664.8063540458679 1489.3762528896332 214.92361798882484
v -535.2825701236725 1506.3529014587402 212.9316821694374
v -403.9186656475067 1512.102448940277 209.97889637947083
v -272.0026060938835 1507.5726807117462 206.2665805220604
v -140.65855666995049 1494.2349672317505 202.06283256411552
v -10.756159666925669 1473.985630273819 197.6911224424839
v 116.8859962373972 1442.9129898548126 192.36344397068024
v 240.9233160316944 1399.374943971634 185.69637089967728
v 360.5634614825249 1348.517096042633 178.56748402118683
v 475.7484868168831 1294.802874326706 171.73540592193604
v 587.0044022798538 1241.8882369995117 165.84072411060333
v 695.2759265899658 1192.5078928470612 161.40081211924553
v 801.7498880624771 1148.4043300151825 158.80422815680504
v 907.6630264520645 1110.276746749878 158.2999348640442
v 1014.1013145446777 1077.7881860733032 159.98640954494476
v 1121.8157708644867 1049.6493369340897 163.80710676312447
v 1231.0537934303284 1023.7883269786835 169.55263316631317
v 1341.4526402950287 997.5829124450684 176.87207534909248
v 1451.9830405712128 968.1560665369034 185.29357463121414
v 1560.9723508358002 932.6996684074402 194.25552561879158
v 1666.1920487880707 888.7776643037796 203.1409353017807
v 1765.0134444236755 834.6051335334778 211.31952702999115
v 1854.6152114868164 769.2533791065216 218.1903451681137
v 1932.2313487529755 692.7642703056335 223.22490736842155
v 1995.4136610031128 606.1670780181885 226.00901126861572
v 2042.2933638095856 511.39213889837265 226.28216296434402
v 2071.823412179947 411.07142865657806 223.97174835205078
v 2083.9591205120087 308.24194103479385 219.21791061758995
v 2079.74853515625 205.9750758111477 212.38256245851517
v 2061.295634508133 106.95879086852074 204.037244617939
v 2013.5722875595093 13.117732526734471 277.3716062307358
v 1974.1793632507324 -74.04056936502457 263.87927681207657
v 1923.12912940979 -153.76379862427711 248.8134540617466
v 1865.4803216457367 -225.89121088385582 233.9066594839096
v 1805.1746606826782 -291.5730223059654 220.50234004855156
v 1744.8549807071686 -352.73850560188293 209.51869413256645
v 1685.8510851860046 -411.5631580352783 201.44979804754257
v 1628.3494770526886 -470.0253501534462 196.4151732623577
v 1571.672236919403 -529.6046823263168 194.23939436674118
v 1514.6029651165009 -591.1356925964355 194.54479292035103
v 1455.701458454132 -654.8057287931442 196.84456810355186
v 1393.5671925544739 -720.2640652656555 200.62596201896667
v 1327.0255744457245 -786.7920398712158 205.4148629307747
v 1255.2253246307373 -853.487366437912 210.81665754318237
v 1177.6662647724152 -919.434928894043 216.53935611248016
v 1094.1704034805298 -983.8336408138275 222.3972849547863
v 1004.8058331012726 -1046.048453450203 228.29522117972374
v 909.813317656517 -1105.63582777977 234.21212062239647
v 809.5218658447266 -1162.2916638851166 240.17002880573273
v 704.2910903692245 -1215.7838344573975 246.20779529213905
v 594.4730311632156 -1265.8618748188019 252.35403701663017
v 480.4012030363083 -1312.146270275116 258.59872475266457
v 362.4084949493408 -1354.0429651737213 264.87328112125397
v 240.86821004748344 -1390.641349554062 271.02512419223785
v 116.25848114490509 -1420.6600606441498 276.80258452892303
v -10.756273102015257 -1442.397916316986 281.8362236022949
v -139.4836664199829 -1459.5531821250916 287.1796891093254
v -269.7788715362549 -1474.2983043193817 293.4787318110466
v -401.09552443027496 -1482.6595187187195 299.7394725680351
v -532.3068469762802 -1481.252110004425 305.0895094871521
v -661.8355751037598 -1467.44926571846 308.7960675358772
v -787.8085434436798 -1439.507246017456 310.28126925230026
v -908.2424372434616 -1396.6844201087952 309.15014147758484
v -1021.2396830320358 -1339.2816960811615 305.21039217710495
v -1125.1953542232513 -1268.6269998550415 298.4920620918274
v -1218.9844250679016 -1186.951732635498 289.2526254057884
v -1302.1036505699158 -1097.1698462963104 277.9634088277817
v -1374.7553050518036 -1002.5990903377533 265.28552770614624
v -1437.8417372703552 -906.5943896770477 252.01720520853996
v -1492.8866386413574 -812.2176468372345 239.03968334197998
v -1541.8762028217316 -721.9196856021881 227.24922448396683
v -1587.0329439640045 -637.2971713542938 217.48523265123367
v -1630.5666089057922 -558.9634984731674 210.46707406640053
v -1674.405062198639 -486.5240067243576 206.73355758190155
v -1719.937813282013 -418.6750531196594 206.59436881542206
v -1767.7937150001526 -353.40068489313126 210.08931174874306
v -1817.6741123199463 -288.26675713062286 216.9624924659729
v -1868.2562112808228 -220.78522369265556 226.65067836642265
v -1917.202341556549 -148.8118015229702 238.29249814152718
v -1961.2957656383514 -70.94904072582722 250.76893419027328
v -1996.687638759613 13.117853784933686 262.765172123909
v -2018.7812268733978 102.3514173924923 272.67996221780777
v -2025.1884162425995 194.53548341989517 279.69757318496704
v -2015.8407390117645 287.23952025175095 283.8050186634064
v -1991.5768325328827 378.289470076561 285.261994600296
v -1953.9939880371094 466.0652294754982 284.5661759376526
v -1905.2045702934265 549.6998101472855 282.3938861489296
v -1847.519338130951 629.1330993175507 279.5140117406845
v -1783.1177473068237 705.0068110227585 276.6896814107895
v -1713.7658178806305 778.4285098314285 274.58385676145554
v -1640.624499320984 850.6490170955658 273.68175834417343
v -1564.1929686069489 922.7246403694153 274.24402087926865
v -1484.363454580307 995.2401727437973 276.294270157814
v -1400.5839586257935 1068.1278347969055 279.63886857032776
v -1312.0734214782715 1140.623277425766 283.91363471746445
v -1218.0466532707214 1211.3420605659485 288.64542692899704
v -1117.9149806499481 1278.4754812717438 293.3239281177521
v -1011.4248722791672 1340.0151908397675 297.4609762430191
v -898.7218379974365 1394.018930196762 300.64476281404495
v -780.3474873304367 1438.8250708580017 302.57212668657303
v -657.1800738573074 1473.216462135315 303.0651703476906
v -530.3357362747192 1496.5198159217834 302.0742952823639
v -401.0591000318527 1508.6288630962372 299.6672496199608
v -270.6142544746399 1509.9929630756378 296.017549932003
v -140.17807692289352 1501.5535175800323 291.3859248161316
v -10.756159666925669 1484.672999382019 286.1072972416878
v 116.66563488543034 1456.1379253864288 279.26852256059647
v 240.70625603199005 1415.0413155555725 270.5325186252594
v 360.521999001503 1366.1478817462921 261.04272678494453
v 475.95817744731903 1313.6606991291046 251.80241391062737
v 587.4173998832703 1261.0747575759888 243.66810098290443
v 695.7165867090225 1211.0800802707672 237.34691888093948
v 801.9229352474213 1165.4559552669525 233.38038325309753
v 907.1786820888519 1125.0234961509705 232.13134557008743
v 1012.5123471021652 1089.632123708725 233.76654759049416
v 1118.6597406864166 1058.2201480865479 238.24607580900192
v 1225.9010553359985 1028.9634704589844 245.32492607831955
v 1333.9427053928375 999.4725376367569 254.55998182296753
v 1441.8636918067932 967.0837372541428 265.341854095459
v 1548.1170415878296 929.1494160890579 276.9280046224594
v 1650.6124198436737 883.343043923378 288.4932830929756
v 1746.8643307685852 827.9378414154053 299.1882249712944
v 1834.1873824596405 762.0091795921326 308.1974118947983
v 1909.9409937858582 685.5565577745438 314.8014932870865
v 1971.790623664856 599.5293259620667 318.4382379055023
v 2017.9609894752502 505.7417258620262 318.7563255429268
v 2047.4686324596405 406.6804736852646 315.6620040535927
v 2060.2906465530396 305.21439760923386 309.34988111257553
v 2057.441407442093 204.23847064375877 300.31275004148483
v 2040.9245073795319 106.27473816275597 289.3197476863861
v 1985.9573364257812 13.117732526734471 359.68470722436905
v 1950.4861056804657 -73.43285456299782 344.05676275491714
v 1904.663211107254 -153.46885174512863 327.002477645874
v 1852.6261389255524 -226.92966610193253 310.35230308771133
v 1797.5872457027435 -294.81717199087143 295.5201879143715
v 1741.6674077510834 -358.7482810020447 283.45485627651215
v 1685.9254360198975 -420.52706480026245 274.65989738702774
v 1630.4915070533752 -481.78451657295227 269.2446157336235
v 1574.8017311096191 -543.7382876873016 267.0109301805496
v 1517.8615093231201 -607.0760607719421 267.5504118204117
v 1458.4962487220764 -671.9520449638367 270.3407272696495
v 1395.561522245407 -738.0695879459381 274.8294398188591
v 1328.0938982963562 -804.8157334327698 280.50113171339035
v 1255.3865432739258 -871.3999718427658 286.9169890880585
v 1177.0213901996613 -936.9957447052002 293.74152570962906
v 1092.840975522995 -1000.8270621299744 300.7404863834381
v 1002.906945347786 -1062.2368454933167 307.77558982372284
v 907.4363440275192 -1120.6970036029816 314.78184163570404
v 806.743660569191 -1175.786715745926 321.74218744039536
v 701.1979579925537 -1227.1573841571808 328.6647006869316
v 591.186386346817 -1274.4615375995636 335.55216640233994
v 477.10563987493515 -1317.2844886779785 342.3783928155899
v 359.3666508793831 -1355.0697326660156 349.06255155801773
v 238.4242706000805 -1387.0493531227112 355.44649064540863
v 114.82024155557156 -1412.1905744075775 361.2743943929672
v -10.756272124126554 -1429.1534543037415 366.17209911346436
v -137.60356977581978 -1441.0509645938873 371.2873801589012
v -265.47512859106064 -1449.6750354766846 377.30372697114944
v -393.78964751958847 -1451.7536044120789 383.14411640167236
v -521.4853271842003 -1444.5167899131775 387.8629222512245
v -647.1313834190369 -1425.8489727973938 390.669447183609
v -769.0657496452332 -1394.4144666194916 390.95342606306076
v -885.5562955141068 -1349.741506576538 388.3115619421005
v -994.9728727340698 -1292.2641813755035 382.5742185115814
v -1095.961457490921 -1223.282378911972 373.8206282258034
v -1187.6044929027557 -1144.857895374298 362.3859331011772
v -1269.5369839668274 -1059.6064031124115 348.84159564971924
v -1342.001634836197 -970.43916285038 333.96066427230835
v -1405.8511018753052 -880.2691876888275 318.66736114025116
v -1462.4561190605164 -791.7027622461319 303.96398305892944
v -1513.5708153247833 -706.7866623401642 290.8616825938225
v -1561.1291885375977 -626.7991840839386 280.2959159016609
v -1607.0283114910126 -552.1530121564865 273.05888235569
v -1652.8908848762512 -482.38063752651215 269.7295233607292
v -1699.8434364795685 -416.231332719326 270.6194803118706
v -1748.3274400234222 -351.8543377518654 275.72991102933884
v -1797.9589998722076 -287.06265538930893 284.7235769033432
v -1847.4514961242676 -219.6570374071598 296.9133272767067
v -1894.6417450904846 -147.77786806225777 311.27999871969223
v -1936.5975201129913 -70.25100030004978 326.5108108520508
v -1969.8712706565857 13.117852807044983 341.0863593220711
v -1990.0967001914978 101.29510201513767 353.0268967151642
v -1994.8899507522583 192.10507795214653 361.2626910209656
v -1984.2465162277222 283.1710025668144 365.8001571893692
v -1959.0106666088104 372.3716005682945 366.9732481241226
v -1920.7432687282562 458.1205800175667 365.4059663414955
v -1871.4903473854065 539.5524859428406 361.93879544734955
v -1813.4948194026947 616.5798872709274 357.5297847390175
v -1748.8970875740051 689.8070096969604 353.1410828232765
v -1679.470932483673 760.3232055902481 349.6276929974556
v -1606.4387619495392 829.412591457367 347.64437824487686
v -1530.40389418602 898.2406228780746 347.58561104536057
v -1451.3774693012238 967.579659819603 349.5604455471039
v -1368.9166367053986 1037.620586156845 353.40991616249084
v -1282.3053002357483 1107.8925132751465 358.75075310468674
v -1190.765780210495 1177.307903766632 365.04588425159454
v -1093.6415612697601 1244.2973792552948 371.67966216802597
v -990.54956138134 1307.0075511932373 378.033185005188
v -881.4561098814011 1363.5318338871002 383.54894667863846
v -766.6988521814346 1412.11296916008 387.7739891409874
v -646.9560205936432 1451.3141334056854 390.38894176483154
v -523.1709256768227 1480.1302134990692 391.21540635824203
v -396.46612107753754 1498.0395019054413 390.21179527044296
v -268.0473357439041 1505.0102055072784 387.4597817659378
v -139.10906463861465 1501.467901468277 383.1464320421219
v -10.756160644814372 1488.2449686527252 377.5489032268524
v 115.89632593095303 1462.8576636314392 369.75082755088806
v 239.46876525878906 1425.0921964645386 359.5673605799675
v 359.08849239349365 1379.2192339897156 348.3273044228554
v 474.51033890247345 1329.0792346000671 337.2160479426384
v 586.0084891319275 1277.9299914836884 327.26330012083054
v 694.2525386810303 1228.3314764499664 319.33157444000244
v 800.1637995243073 1182.0448279380798 314.09728825092316
v 904.7545194625854 1139.9622559547424 312.0277628302574
v 1008.9556485414505 1102.0891427993774 313.3597567677498
v 1113.445919752121 1067.5757110118866 318.08028370141983
v 1218.4941351413727 1034.8470747470856 325.92504769563675
v 1323.8507688045502 1001.7874270677567 336.38939559459686
v 1428.6756813526154 965.9824937582016 348.75285029411316
v 1531.548571586609 925.017124414444 362.1311813592911
v 1630.5323123931885 876.7469733953476 375.5289450287819
v 1723.3165204524994 819.5757508277893 387.917996942997
v 1807.4001789093018 752.6471078395844 398.30786883831024
v 1880.3314626216888 675.971120595932 405.829194188118
v 1939.9538218975067 590.443941950798 409.8076209425926
v 1984.6493124961853 497.7687567472458 409.8330929875374
v 2013.5512590408325 400.2669632434845 405.81354796886444
v 2026.6948342323303 300.6004527211189 398.0093076825142
v 2025.0796437263489 201.43573209643364 387.0408073067665
v 2010.6162786483765 105.07247485220432 373.85943084955215
v 1949.0982234477997 13.117732526734471 441.30940586328506
v 1917.7338123321533 -72.37961366772652 424.4108319282532
v 1877.2643029689789 -152.29763835668564 406.45404160022736
v 1830.9467375278473 -226.66330486536026 389.21062499284744
v 1781.2691152095795 -296.3192090392113 374.02302771806717
v 1729.8656523227692 -362.57400065660477 361.7848366498947
v 1677.5314271450043 -426.8625944852829 352.95339077711105
v 1624.3491768836975 -490.47464579343796 347.61252254247665
v 1569.8661625385284 -554.3664515018463 345.5518841743469
v 1513.3009493350983 -619.0738946199417 346.3624522089958
v 1453.7359178066254 -684.7081571817398 349.5263680815697
v 1390.2788579463959 -751.0178357362747 354.49579507112503
v 1322.1721172332764 -817.4817860126495 360.75112223625183
v 1248.859190940857 -883.4176450967789 367.84048676490784
v 1170.0071275234222 -948.0813413858414 375.40152221918106
v 1085.4922592639923 -1010.7352495193481 383.1610143184662
v 995.3771084547043 -1070.7072079181671 390.93311727046967
v 899.8645752668381 -1127.4048507213593 398.5997647047043
v 799.2603242397308 -1180.3104758262634 406.09023571014404
v 693.9427435398102 -1228.9725959300995 413.3654773235321
v 584.3328416347504 -1272.9626297950745 420.3907549381256
v 470.88529765605927 -1311.836975812912 427.1166890859604
v 354.08401787281036 -1345.082938671112 433.4543779492378
v 234.45893973112106 -1372.0780491828918 439.2562463879585
v 112.60925866663456 -1392.0351147651672 444.2907303571701
v -10.756270168349147 -1403.989952802658 448.23063611984253
v -134.93455946445465 -1410.49565076828 452.2322505712509
v -259.59067940711975 -1413.0025506019592 456.9666713476181
v -384.1258227825165 -1408.957439661026 461.37305349111557
v -507.5648546218872 -1396.2260484695435 464.52392041683197
v -628.6470025777817 -1373.2134640216827 465.6478822231293
v -745.9438920021057 -1338.9802873134613 464.163963496685
v -857.9935401678085 -1293.3069705963135 459.70760732889175
v -963.4454280138016 -1236.7212295532227 452.1591827273369
v -1061.2009406089783 -1170.4549849033356 441.6551873087883
v -1150.5449831485748 -1096.3467299938202 428.59497517347336
v -1231.232911348343 -1016.6594088077545 413.61459642648697
v -1303.5293340682983 -933.8596165180206 397.54952788352966
v -1368.2039201259613 -850.3747701644897 381.38150721788406
v -1426.4471590518951 -768.3381378650665 366.1622419953346
v -1479.749196767807 -689.3794924020767 352.9385894536972
v -1529.732608795166 -614.4675225019455 342.67157167196274
v -1577.9576361179352 -543.8264697790146 336.1583635210991
v -1625.7304251194 -476.94166749715805 333.9662969112396
v -1673.9115178585052 -412.6473158597946 336.37428134679794
v -1722.7613925933838 -349.29114282131195 343.32974553108215
v -1771.8238055706024 -284.96384024620056 354.4193163514137
v -1819.8753476142883 -217.78371557593346 368.86500120162964
v -1864.9457216262817 -146.19210809469223 385.5389893054962
v -1904.4384062290192 -69.25106607377529 403.0192270874977
v -1935.3225409984589 13.117850851267576 419.6655213832855
v -1953.6377549171448 99.90871399641037 433.2552954554558
v -1957.1228563785553 189.06270191073418 442.5250232219696
v -1945.7743406295776 278.32840383052826 447.4774271249771
v -1920.3776478767395 365.68863093852997 448.4900504350662
v -1882.3709785938263 449.6130108833313 446.2640628218651
v -1833.6479008197784 529.2317390441895 441.74815714359283
v -1776.299124956131 604.3947994709015 436.03124767541885
v -1712.349647283554 675.608441233635 430.2226513624191
v -1643.5184240341187 743.8610672950745 425.32951533794403
v -1571.0497677326202 810.3784650564194 422.1576511859894
v -1495.6304848194122 876.3361662626266 421.23414874076843
v -1417.4048960208893 942.6149278879166 422.77911901474
v -1336.070841550827 1009.6005231142044 426.70688331127167
v -1251.0333895683289 1077.088987827301 432.6679050922394
v -1161.5854561328888 1144.2892491817474 440.1149734854698
v -1067.0747816562653 1209.9143743515015 448.3795255422592
v -967.0531332492828 1272.3337769508362 456.7532256245613
v -861.3611698150635 1329.768544435501 464.5598128437996
v -750.170561671257 1380.4696798324585 471.2076097726822
v -633.9776694774628 1422.8865802288055 476.2286379933357
v -513.5536327958107 1455.7823181152344 479.2940452694893
v -389.88209813833237 1478.3069908618927 480.21757900714874
v -264.08067494630814 1490.0242567062378 478.94469648599625
v -137.3208425939083 1490.9119606018066 475.54051727056503
v -10.756160644814372 1481.3247084617615 470.1697960495949
v 114.42496329545975 1459.4963550567627 462.02575117349625
v 236.88909485936165 1425.7907688617706 451.1472478508949
v 355.7650789618492 1383.9049637317657 438.95587027072906
v 470.73368579149246 1337.228411436081 426.74268186092377
v 581.9456040859222 1288.7007236480713 415.6518280506134
v 689.9157822132111 1240.6772196292877 406.65556490421295
v 795.4008400440216 1194.82741355896 400.52981972694397
v 899.254497885704 1152.0537793636322 397.8224605321884
v 1002.2723346948624 1112.464964389801 398.8261342048645
v 1105.0341367721558 1075.3934383392334 403.5521373152733
v 1207.7592015266418 1039.5080834627151 411.72734946012497
v 1310.2023839950562 1002.9720336198807 422.8031516075134
v 1411.5848779678345 963.6650383472443 435.9819307923317
v 1510.6001615524292 919.4513261318207 450.27487725019455
v 1605.4759562015533 868.4374541044235 464.56675976514816
v 1694.0991461277008 809.2198312282562 477.70010232925415
v 1774.1976499557495 741.0755395889282 488.5682478547096
v 1843.5560882091522 664.068603515625 496.2047606706619
v 1900.2501010894775 579.0703922510147 499.87505078315735
v 1942.8652703762054 487.6776024699211 499.15106892585754
v 1970.690631866455 392.0333594083786 493.97292137145996
v 1983.8429689407349 294.56436038017273 484.68025624752045
v 1983.3148777484894 197.6719245314598 472.0169886946678
v 1970.9106802940369 103.39429266750813 457.0912152528763
v 1903.5170316696167 13.117732526734471 521.8926295638084
v 1876.1721968650818 -70.89551500976086 504.4705957174301
v 1840.828013420105 -150.21583065390587 486.49909794330597
v 1799.936181306839 -224.9311275780201 469.56153362989426
v 1755.353844165802 -295.7305982708931 454.84441816806793
v 1708.2774996757507 -363.63337486982346 443.1162938475609
v 1659.2784225940704 -429.73793148994446 434.7563937306404
v 1608.3964169025421 -495.01727521419525 429.8080578446388
v 1555.2822589874268 -560.1864695549011 428.058560192585
v 1499.346649646759 -625.6354182958603 429.1187793016434
v 1439.9041593074799 -691.427206993103 432.5039327144623
v 1376.2880086898804 -757.3385328054428 437.6991033554077
v 1307.9329311847687 -822.9242920875549 444.208399951458
v 1234.424239397049 -887.5956863164902 451.5899419784546
v 1155.5158495903015 -950.6843715906143 459.46972221136093
v 1071.1276531219482 -1011.4983469247818 467.5457686185837
v 981.3305586576462 -1069.3615078926086 475.584451854229
v 886.3257765769958 -1123.6441254615784 483.4132254123688
v 786.4167183637619 -1173.7617194652557 490.90203791856766
v 681.9922864437103 -1219.1913306713104 497.9579195380211
v 573.50252866745 -1259.4456732273102 504.5014500617981
v 461.4495635032654 -1294.0659999847412 510.456745326519
v 346.3781610131264 -1322.5956916809082 515.7326504588127
v 228.87857481837273 -1344.5464611053467 520.2028378844261
v 109.59485024213791 -1359.3731939792633 523.6887842416763
v -10.75626821257174 -1366.4628088474274 525.9486615657806
v -131.48168921470642 -1367.8772270679474 528.089439868927
v -252.1799571812153 -1364.772516489029 530.7315856218338
v -372.2557872533798 -1355.2850246429443 532.9193651676178
v -490.8362612128258 -1337.878668308258 533.817583322525
v -606.8431824445724 -1311.4497005939484 532.7409982681274
v -719.0864682197571 -1275.4124522209167 529.1861772537231
v -826.3737201690674 -1229.7566592693329 522.8622883558273
v -927.6252239942551 -1175.0611066818237 513.7156963348389
v -1021.9818770885468 -1112.4436855316162 501.93647146224976
v -1108.907389640808 -1043.4844136238098 487.96455413103104
v -1188.25124502182 -970.063841342926 472.4592760205269
v -1260.275799036026 -894.1968888044357 456.2666282057762
v -1325.6430745124817 -817.8236246109009 440.3602749109268
v -1385.342913866043 -742.6156908273697 425.7705822587013
v -1440.5918419361115 -669.8126435279846 413.5126769542694
v -1492.690122127533 -600.0971585512161 404.5042410492897
v -1542.8691744804382 -533.5426479578018 399.49585497379303
v -1592.126852273941 -469.6187362074852 399.0011215209961
v -1641.0763621330261 -407.27477967739105 403.2427176833153
v -1689.8179650306702 -345.0796499848366 412.1080532670021
v -1737.8534853458405 -281.4206287264824 425.1278668642044
v -1784.0453803539276 -214.7382102906704 441.46852791309357
v -1826.649534702301 -143.77465769648552 459.95772778987885
v -1863.4093880653381 -67.81486049294472 479.13298308849335
v -1891.7375564575195 13.11784889549017 497.3304122686386
v -1908.1908702850342 98.0754230171442 512.2373789548874
v -1910.7218027114868 185.18258035182953 522.4778607487679
v -1899.2859184741974 272.378271818161 528.0241638422012
v -1874.542611837387 357.7935799956322 529.2461335659027
v -1837.7440810203552 439.9784132838249 526.8620878458023
v -1790.557712316513 518.0588364601135 521.8572691082954
v -1734.850913286209 591.7984664440155 515.3764486312866
v -1672.4656820297241 661.5584492683411 508.60629826784134
v -1605.0081968307495 728.160148859024 502.6492193341255
v -1533.696609735489 792.684343457222 498.4202340245247
v -1459.2776834964752 856.2291473150253 496.56512439250946
v -1382.0197820663452 919.6899622678757 497.41893857717514
v -1301.7785847187042 983.5701584815979 500.9974166750908
v -1218.1178748607635 1047.8761821985245 507.029190659523
v -1130.4563641548157 1112.089329957962 515.0121107697487
v -1038.212451338768 1175.217193365097 524.2855623364449
v -940.9395307302475 1235.896611213684 534.1070383787155
v -838.4154886007309 1292.5514459609985 543.7290877103806
v -730.696713924408 1343.5420989990234 552.4564862251282
v -618.1317418813705 1387.3175919055939 559.6928000450134
v -501.3355001807213 1422.530347108841 564.9651378393173
v -381.14806562662125 1448.1194257736206 567.9345399141312
v -258.5769608616829 1463.3592188358307 568.3941632509232
v -134.73050147294998 1467.8792238235474 566.2612706422806
v -10.756160644814372 1461.6581618785858 561.5628361701965
v 112.14810982346535 1443.581646680832 553.6880314350128
v 232.74048417806625 1414.4497632980347 542.9342597723007
v 350.1836657524109 1377.3274183273315 530.714750289917
v 464.108669757843 1335.0962698459625 518.3453187346458
v 574.5543926954269 1290.3046488761902 507.01213628053665
v 681.8834513425827 1245.0331270694733 497.7393105626106
v 786.6773217916489 1200.7872462272644 491.35289937257767
v 889.610293507576 1158.413279056549 488.4425774216652
v 991.3137227296829 1118.0701911449432 489.3305942416191
v 1092.2349035739899 1079.2350232601166 494.0388858318329
v 1192.5090193748474 1040.8003985881805 502.2867903113365
v 1291.8617606163025 1001.2083917856216 513.4938955307007
v 1389.5537495613098 958.6548686027527 526.8160253763199
v 1484.3822300434113 911.3215506076813 541.2017852067947
v 1574.7429013252258 857.6143383979797 555.470260977745
v 1658.7399423122406 796.3756620883942 568.398043513298
v 1734.355366230011 727.0584672689438 578.824245929718
v 1799.6460378170013 649.8173385858536 585.7503890991211
v 1852.9522061347961 565.5175745487213 588.4379088878632
v 1893.0933952331543 475.6549224257469 586.4875137805939
v 1919.5298731327057 382.1848154067993 579.8997044563293
v 1932.4697971343994 287.2830480337143 569.1057533025742
v 1932.8914940357208 193.06586533784866 554.961821436882
v 1922.4886357784271 101.29360780119896 538.7097179889679
v 1849.7792780399323 13.117732526734471 601.2735664844513
v 1826.1706352233887 -69.00452077388763 583.9038848876953
v 1795.4755067825317 -147.22688645124435 566.5388345718384
v 1759.4706773757935 -221.6718167066574 550.5056530237198
v 1719.4814443588257 -292.8825795650482 536.7776602506638
v 1676.3491988182068 -361.6238996386528 525.968125462532
v 1630.4628431797028 -428.70055586099625 518.3585554361343
v 1581.8342685699463 -494.8125287890434 513.9492943882942
v 1530.2028715610504 -560.4617178440094 512.5278979539871
v 1475.143575668335 -625.9061604738235 513.7371003627777
v 1416.166341304779 -691.1567777395248 517.1390891075134
v 1352.799904346466 -756.0049116611481 522.2683265805244
v 1284.6457242965698 -820.0629740953445 528.6690384149551
v 1211.4165365695953 -882.8151404857635 535.9209984540939
v 1132.9518735408783 -943.6624109745026 543.6521708965302
v 1049.2191284894943 -1001.9593477249146 551.5404313802719
v 960.3116154670715 -1057.049185037613 559.315100312233
v 866.4357393980026 -1108.2870483398438 566.7505592107773
v 767.9016709327698 -1155.0636112689972 573.6650615930557
v 665.107449889183 -1196.8134820461273 579.9093425273895
v 558.5261553525925 -1233.0263435840607 585.3625506162643
v 448.6955165863037 -1263.2575929164886 589.9288684129715
v 336.20148450136185 -1287.1060609817505 593.5162335634232
v 221.67521193623543 -1304.2180180549622 596.0336476564407
v 105.7862788438797 -1314.2686486244202 597.3757803440094
v -10.75626527890563 -1316.9601738452911 597.4165856838226
v -127.28394940495491 -1313.936072587967 597.1729427576065
v -243.35559904575348 -1306.113338470459 597.1964746713638
v -358.3995893597603 -1292.24014878273 596.6974228620529
v -471.6545596718788 -1271.307134628296 594.98710334301
v -582.2233557701111 -1242.6308691501617 591.5092617273331
v -689.1458630561829 -1205.9269666671753 585.8753710985184
v -791.4795219898224 -1161.3327383995056 577.8822809457779
v -888.3879482746124 -1109.42884683609 567.5438225269318
v -979.2237013578415 -1051.1948704719543 555.0949394702911
v -1063.595062494278 -987.9273176193237 540.9837394952774
v -1141.418731212616 -921.1341083049774 525.8565992116928
v -1212.9280865192413 -852.3881882429123 510.51620095968246
v -1278.662359714508 -783.1768244504929 495.8726540207863
v -1339.4052386283875 -714.7508382797241 482.8767791390419
v -1396.1018800735474 -648.0030655860901 472.45373725891113
v -1449.7485101222992 -583.3799242973328 465.4313698410988
v -1501.2666285037994 -520.8412036299706 462.4711364507675
v -1551.3748347759247 -459.87505316734314 464.0065938234329
v -1600.4692912101746 -399.56798404455185 470.1916694641113
v -1648.5243380069733 -338.7230917811394 480.8618903160095
v -1695.028030872345 -276.0222136974335 495.51398009061813
v -1738.9539778232574 -210.21828353405 513.3025109767914
v -1778.7946343421936 -140.33408537507057 533.066001534462
v -1812.6444160938263 -65.85526540875435 553.3777356147766
v -1838.3463978767395 13.117844983935356 572.627779841423
v -1853.035819530487 95.72124592959881 588.5673344135284
v -1854.9368977546692 180.3109109401703 599.7978150844574
v -1843.934726715088 265.06241261959076 606.2290370464325
v -1820.527732372284 348.29088002443314 608.1754267215729
v -1785.7346713542938 428.6478593945503 606.3058286905289
v -1740.9514367580414 505.26191890239716 601.5663385391235
v -1687.7734422683716 577.8026729822159 595.0797915458679
v -1627.8094947338104 646.4588463306427 588.0309194326401
v -1562.5074326992035 711.842331290245 581.5518200397491
v -1493.0156886577606 774.8281270265579 576.6133099794388
v -1420.1064348220825 836.360889673233 573.9456295967102
v -1344.1513001918793 897.2675532102585 573.9869356155396
v -1265.1650547981262 958.0911666154861 576.8670916557312
v -1182.8867197036743 1018.9797431230545 582.4232518672943
v -1096.8962252140045 1079.6405732631683 590.244796872139
v -1006.7321330308914 1139.3555581569672 599.7347295284271
v -912.0095461606979 1197.0485508441925 610.1788312196732
v -812.502971291542 1251.3950049877167 620.816507935524
v -708.208903670311 1300.9477078914642 630.9033751487732
v -599.3706732988358 1344.2583203315735 639.7579461336136
v -486.4722803235054 1379.9866497516632 646.7941135168076
v -370.2182739973068 1406.9897711277008 651.542928814888
v -251.4930099248886 1424.3806064128876 653.6567330360413
v -131.3090644776821 1431.564849615097 652.9094070196152
v -10.756161622703075 1428.2603681087494 649.1912394762039
v 109.01959352195263 1413.9186680316925 642.1478748321533
v 226.9068382680416 1389.6105766296387 632.325741648674
v 342.13280975818634 1357.7577531337738 621.037557721138
v 454.3041542172432 1320.698493719101 609.5380872488022
v 563.3662194013596 1280.5410325527191 598.9807695150375
v 669.5372074842453 1239.0309870243073 590.3715312480927
v 773.2228875160217 1197.4519729614258 584.5307976007462
v 874.9089807271957 1156.5394878387451 582.0429861545563
v 975.0434696674347 1116.4476156234741 583.2211464643478
v 1073.9205658435822 1076.7629206180573 588.0799233913422
v 1171.5639889240265 1036.5741044282913 596.3216632604599
v 1267.6513016223907 994.597926735878 607.3486179113388
v 1361.4645302295685 949.3513137102127 620.2964276075363
v 1451.8972992897034 899.3554472923279 634.0965181589127
v 1537.5101566314697 843.3372259140015 647.5545197725296
v 1616.63458943367 780.4163932800293 659.4459593296051
v 1687.5204741954803 710.2477312088013 668.6228424310684
v 1748.512315750122 633.094722032547 674.1194844245911
v 1798.2278645038605 549.825793504715 675.2472639083862
v 1835.7259690761566 461.8373394012451 671.6776102781296
v 1860.6398820877075 370.89409679174423 663.4958267211914
v 1873.2574939727783 278.915011882782 651.2271255254745
v 1874.5371043682098 187.730473279953 635.8291804790497
v 1866.0349488258362 98.82271774113178 618.6344236135483
v 1788.3898973464966 13.117732526734471 679.409658908844
v 1768.1159019470215 -66.73071049153805 662.4795734882355
v 1741.4648830890656 -143.35601180791855 646.0700064897537
v 1709.6783995628357 -216.88839197158813 631.2281906604767
v 1673.666936159134 -287.7382591366768 618.7010139226913
v 1633.9988887310028 -356.4548581838608 608.9401513338089
v 1590.9278512001038 -423.59923124313354 602.1274745464325
v 1544.450443983078 -489.64505195617676 598.2213020324707
v 1494.3809151649475 -554.9162596464157 597.0119118690491
v 1440.4277443885803 -619.5560485124588 598.1764912605286
v 1382.2606086730957 -683.524426817894 601.3275772333145
v 1319.5665836334229 -746.6158032417297 606.0536742210388
v 1252.0874440670013 -808.4813296794891 611.9432240724564
v 1179.6475768089294 -868.6646997928619 618.606761097908
v 1102.1653711795807 -926.6256183385849 625.6811052560806
v 1019.6602910757065 -981.7710310220718 632.8363716602325
v 932.2533130645752 -1033.4755897521973 639.77290391922
v 840.1683658361435 -1081.1165750026703 646.230536699295
v 743.7238186597824 -1124.0869760513306 651.9811481237411
v 643.3275371789932 -1161.8217766284943 656.8325400352478
v 539.4690603017807 -1193.8303112983704 660.6381386518478
v 432.70357847213745 -1219.693511724472 663.281911611557
v 323.63951057195663 -1239.087688922882 664.687129855156
v 212.92496994137764 -1251.7845332622528 664.8074805736542
v 101.23197734355927 -1257.650238275528 663.6229366064072
v -10.75626234523952 -1256.6551387310028 661.1420720815659
v -122.41163067519665 -1250.096744298935 658.2701146602631
v -233.28041955828667 -1238.6971592903137 655.4781407117844
v -342.83113181591034 -1221.7068672180176 652.1729707717896
v -450.4155680537224 -1198.548585176468 647.8423476219177
v -555.306351184845 -1168.8770949840546 642.0820355415344
v -656.7483007907867 -1132.6253056526184 634.6242338418961
v -754.0204077959061 -1090.0361716747284 625.3661155700684
v -846.4912533760071 -1041.6446059942245 614.3740832805634
v -933.6840033531189 -988.2694691419601 601.9065499305725
v -1015.3205305337906 -930.9389680624008 588.3991688489914
v -1091.351705789566 -870.8029121160507 574.4426161050797
v -1161.9669735431671 -809.0413391590118 560.760560631752
v -1227.5758266448975 -746.7394083738327 548.1544643640518
v -1288.7640595436096 -684.7888916730881 537.455204129219
v -1346.2252378463745 -623.7946093082428 529.4591099023819
v -1400.6799638271332 -564.0174150466919 524.8710125684738
v -1452.775114774704 -505.3456261754036 524.2394685745239
v -1502.9904663562775 -447.3126411437988 527.9053151607513
v -1551.5430629253387 -389.1548305749893 535.9532922506332
v -1598.3169972896576 -329.9070104956627 548.1804996728897
v -1642.8133428096771 -268.5303345322609 564.0771836042404
v -1684.1327548027039 -204.06434386968613 582.8261107206345
v -1721.0056364536285 -135.78133285045624 603.3271640539169
v -1751.8631100654602 -63.3363688364625 624.2482870817184
v -1774.9504208564758 13.117841072380543 644.0963923931122
v -1787.9876017570496 92.81885661184788 660.8186334371567
v -1789.4977748394012 174.37748908996582 673.0775713920593
v -1779.286926984787 256.230653822422 680.6980311870575
v -1757.6798737049103 336.8987739086151 683.8961809873581
v -1725.4462838172913 415.1524946093559 683.2347840070724
v -1683.6929082870483 490.13599902391434 679.5542925596237
v -1633.7223887443542 561.4308446645737 673.8825380802155
v -1576.8840551376343 629.0516763925552 667.3315912485123
v -1514.4341111183167 693.3822333812714 660.9919935464859
v -1447.4189758300781 755.0616323947906 655.8356255292892
v -1376.600307226181 814.8314416408539 652.6318430900574
v -1302.427214384079 873.389920592308 651.8981605768204
v -1225.0517785549164 931.2466979026794 653.8697093725204
v -1144.3866312503815 988.6230111122131 658.5061848163605
v -1060.1866900920868 1045.3920632600784 665.5189454555511
v -972.1404075622559 1101.074767112732 674.4205176830292
v -879.9652755260468 1154.8664689064026 684.5777928829193
v -783.4830522537231 1205.7185590267181 695.2804327011108
v -682.6786547899246 1252.4241507053375 705.7936280965805
v -577.7333915233612 1293.7177777290344 715.4084175825119
v -469.03334856033325 1328.371274471283 723.4796762466431
v -357.16272443532944 1355.274510383606 729.4514626264572
v -242.8802825510502 1373.501479625702 732.8726649284363
v -127.0812526345253 1382.3602437973022 733.4056377410889
v -10.756162600591779 1381.4238488674164 730.8287054300308
v 105.05103953182697 1370.6007957458496 725.0725239515305
v 219.38660815358162 1351.0863304138184 716.893744468689
v 331.56601041555405 1324.68101978302 707.4243396520615
v 441.19528234004974 1293.1754171848297 697.7803856134415
v 548.1461405754089 1258.2146286964417 689.0070497989655
v 652.5078624486923 1221.1804032325745 682.0279598236084
v 754.5170187950134 1183.0876171588898 677.5916308164597
v 854.4734537601471 1144.5233166217804 676.2305349111557
v 952.6388972997665 1105.601155757904 678.211909532547
v 1049.1436511278152 1065.977042913437 683.5142880678177
v 1143.89346241951 1024.917984008789 691.8210536241531
v 1236.5048110485077 981.3945829868317 702.5233179330826
v 1326.2743055820465 934.2391937971115 714.7651076316833
v 1412.184065580368 882.3085159063339 727.4996280670166
v 1492.9591119289398 824.6561408042908 739.5740032196045
v 1567.154735326767 760.6810659170151 749.8205244541168
v 1633.2889258861542 690.2442276477814 757.1663618087769
v 1689.9890720844269 613.7166917324066 760.7319474220276
v 1736.1439168453217 531.9705158472061 759.9267303943634
v 1771.0382401943207 446.2999552488327 754.5220881700516
v 1794.4615066051483 358.2804277539253 744.7035849094391
v 1806.7615628242493 269.5796012878418 731.0840517282486
v 1808.8493943214417 181.7522093653679 714.6925091743469
v 1802.1315336227417 96.02323360741138 696.9148367643356
v 1719.7145104408264 13.117732526734471 756.2543749809265
v 1702.320545911789 -64.09005504101515 739.9700403213501
v 1679.0738940238953 -138.62917944788933 724.6202230453491
v 1650.8160710334778 -210.61464920639992 710.9868586063385
v 1618.1555271148682 -280.3396940231323 699.608239531517
v 1581.46151304245 -348.1758177280426 690.7840847969055
v 1540.8961236476898 -414.4889384508133 684.6081465482712
v 1496.4527249336243 -479.57276701927185 681.0016930103302
v 1448.0090260505676 -543.6084866523743 679.7599464654922
v 1395.3791499137878 -606.6447257995605 680.5922001600266
v 1338.3589446544647 -668.5960561037064 683.1589311361313
v 1276.7599046230316 -729.251503944397 687.0968341827393
v 1210.4394614696503 -788.2915735244751 692.0408517122269
v 1139.314752817154 -845.3041434288025 697.6313084363937
v 1063.3751392364502 -899.8034298419952 703.5216718912125
v 982.6914042234421 -951.2499511241913 709.3826204538345
v 897.4192589521408 -999.0716814994812 714.9059236049652
v 807.8014701604843 -1042.6862061023712 719.8073208332062
v 714.1686111688614 -1081.5245032310486 723.8332808017731
v 616.9368714094162 -1115.063863992691 726.7708271741867
v 516.5993884205818 -1142.8525507450104 728.4544855356216
v 413.71576488018036 -1164.5334541797638 728.7721037864685
v 308.89470130205154 -1179.8671245574951 727.6716113090515
v 202.77689471840858 -1188.7399077415466 725.1592040061951
v 96.01355642080307 -1191.1795914173126 721.3086694478989
v -10.756258433684707 -1187.3619139194489 716.2639528512955
v -116.95904843509197 -1178.3092617988586 710.8138740062714
v -222.1522495150566 -1164.569753408432 705.3328782320023
v -325.85564106702805 -1145.781147480011 699.4316250085831
v -427.52796560525894 -1121.6907262802124 692.77503490448
v -526.5918463468552 -1092.2017335891724 685.1128309965134
v -622.4669337272644 -1057.3962807655334 676.2954980134964
v -714.6105855703354 -1017.5565630197525 666.2995666265488
v -802.5584846735001 -973.1596648693085 655.2391290664673
v -885.9623461961746 -924.8549044132233 643.3711588382721
v -964.6216481924057 -873.4211504459381 631.0921937227249
v -1038.5022193193436 -819.7021722793579 618.9189344644547
v -1107.7346742153168 -764.5362317562103 607.4625223875046
v -1172.6061522960663 -708.6782902479172 597.3934292793274
v -1233.5218906402588 -652.7280986309052 589.3973350524902
v -1290.9566581249237 -597.0682382583618 584.1253727674484
v -1345.392483472824 -541.8233782052994 582.1414321660995
v -1397.2476840019226 -486.8474140763283 583.8744699954987
v -1446.8061447143555 -431.73704892396927 589.5707577466965
v -1494.1477239131927 -375.87960809469223 599.2544531822205
v -1539.0966832637787 -318.52595061063766 612.6991868019104
v -1581.1882674694061 -258.8893689215183 629.4147312641144
v -1619.6545600891113 -196.2601974606514 648.6439973115921
v -1653.4567773342133 -130.1236756145954 669.3923234939575
v -1681.3320815563202 -60.270108841359615 690.4612094163895
v -1701.8859565258026 13.11783716082573 710.5167210102081
v -1713.3781671524048 89.38601352274418 727.7913361787796
v -1714.6293640136719 167.39889979362488 741.0764783620834
v -1705.379194021225 245.8568036556244 750.104159116745
v -1685.7878744602203 323.49202930927277 754.9666285514832
v -1656.3918828964233 399.2067128419876 756.0838311910629
v -1618.0169641971588 472.17717468738556 754.1410714387894
v -1571.6776192188263 541.9157534837723 750.015914440155
v -1518.461698293686 608.2798808813095 744.6889400482178
v -1459.4210028648376 671.4370340108871 739.1527444124222
v -1395.4734027385712 731.784376502037 734.3213796615601
v -1327.3438811302185 789.8444294929504 730.9616357088089
v -1255.5214762687683 846.1465358734131 729.6310812234879
v -1180.2696704864502 901.1177122592926 730.6519031524658
v -1101.6529262065887 954.9908369779587 734.1005176305771
v -1019.5939511060715 1007.7455073595047 739.8224651813507
v -933.9370965957642 1059.0863227844238 747.4642038345337
v -844.5257127285004 1108.451521396637 756.5182328224182
v -751.2599766254425 1155.0568521022797 766.3729101419449
v -654.1511535644531 1197.956532239914 776.3615190982819
v -553.3569574356079 1236.1154079437256 785.8097076416016
v -449.1966336965561 1268.488186597824 794.0728515386581
v -342.15543419122696 1294.0885305404663 800.5669713020325
v -232.87341445684433 1312.0541453361511 804.7912627458572
v -122.11867086589336 1321.6987252235413 806.3443064689636
v -10.756162600591779 1322.5543856620789 804.9350202083588
v 100.30566640198231 1314.8715913295746 800.7772564888
v 210.28265208005905 1299.8490929603577 794.7798103094101
v 318.59213411808014 1278.7225663661957 787.8365814685822
v 424.85837638378143 1252.7649879455566 780.8621853590012
v 528.8999766111374 1223.1683492660522 774.730995297432
v 630.6954056024551 1190.9412682056427 770.2216297388077
v 730.3304046392441 1156.8237483501434 767.9620653390884
v 827.9298931360245 1121.225094795227 768.3813214302063
v 923.580926656723 1084.1995060443878 771.6699063777924
v 1017.258220911026 1045.4513311386108 777.7520924806595
v 1108.7505519390106 1004.3941497802734 786.2808465957642
v 1197.6194500923157 960.2362006902695 796.6519743204117
v 1283.1733524799347 912.0998561382294 808.0396056175232
v 1364.4817471504211 859.158182144165 819.4565892219543
v 1440.4252409934998 800.768181681633 829.8329740762711
v 1509.776794910431 736.5918964147568 838.110888004303
v 1571.305364370346 666.6755765676498 843.3364123106003
v 1623.9034473896027 591.4851039648056 844.7607189416885
v 1666.7054951190948 511.88355535268784 841.9204294681549
v 1699.1953074932098 429.05982434749603 834.7047686576843
v 1721.2851405143738 344.40241903066635 823.3951807022095
v 1733.3555102348328 259.3425303697586 808.6768448352814
v 1736.2459301948547 175.18236190080643 791.6164577007294
v 1731.1901986598969 92.92008765041828 773.6001491546631
v 1643.9418733119965 13.117732526734471 831.6082566976547
v 1628.9764523506165 -61.086356453597546 816.0263746976852
v 1608.5352301597595 -133.06151926517487 801.6543835401535
v 1583.1767141819 -202.89032980799675 789.0457212924957
v 1553.29869389534 -270.76258063316345 778.5608142614365
v 1519.1426217556 -336.90869361162186 770.3790932893753
v 1480.8126389980316 -401.5424743294716 764.5208984613419
v 1438.3101224899292 -464.8196652531624 760.8808368444443
v 1391.5664792060852 -526.8116444349289 759.2599511146545
v 1340.4789447784424 -587.4935030937195 759.3968242406845
v 1284.9397480487823 -646.7417299747467 760.9921127557755
v 1224.8588919639587 -704.3411582708359 763.7273222208023
v 1160.1828038692474 -759.9916309118271 767.2754466533661
v 1090.9062266349792 -813.320329785347 771.3089168071747
v 1017.081668972969 -863.8944804668427 775.50448179245
v 938.8257890939713 -911.232116818428 779.5432716608047
v 856.3279688358307 -954.8237353563309 783.1210613250732
v 769.851690530777 -994.1500067710876 785.9511494636536
v 679.7392308712006 -1028.710314631462 787.7788782119751
v 586.4075928926468 -1058.044159412384 788.3862018585205
v 490.3452202677727 -1081.7714631557465 787.6146554946899
v 392.09907352924347 -1099.612033367157 785.3702992200851
v 292.2581076622009 -1111.4139139652252 781.6366732120514
v 191.4339803159237 -1117.167341709137 776.4817446470261
v 90.23607261478901 -1117.0282781124115 770.0730532407761
v -10.756254522129893 -1111.3170325756073 762.6806527376175
v -111.03473268449306 -1100.823301076889 754.9665033817291
v -210.18550470471382 -1085.9431207180023 747.200345993042
v -307.7846020460129 -1066.5854930877686 739.1770273447037
v -403.3861309289932 -1042.7195012569427 730.7213723659515
v -496.536460518837 -1014.4079178571701 721.7153459787369
v -586.7945551872253 -981.8195968866348 712.111759185791
v -673.756867647171 -945.2386111021042 701.9496023654938
v -757.082810997963 -905.0670057535172 691.3708180189133
v -836.5159124135971 -861.7989510297775 680.6147933006287
v -911.903589963913 -815.9971475601196 670.0211763381958
v -983.208042383194 -768.2508945465088 660.0161075592041
v -1050.5015552043915 -719.1275864839554 651.0902523994446
v -1113.9606177806854 -669.1242098808289 643.7753319740295
v -1173.8360702991486 -618.6176508665085 638.6051952838898
v -1230.420559644699 -567.8272694349289 636.0810220241547
v -1284.0037286281586 -516.7896151542664 636.6300165653229
v -1334.8211467266083 -465.3508856892586 640.5637890100479
v -1383.0059945583344 -413.1806954741478 648.0428695678711
v -1428.5378694534302 -359.8074361681938 659.0415358543396
v -1471.2094902992249 -304.67429012060165 673.327848315239
v -1510.6011629104614 -247.2104363143444 690.4496312141418
v -1546.0758984088898 -186.91737055778503 709.7369134426117
v -1576.7978131771088 -123.45147840678692 730.3165107965469
v -1601.775187253952 -56.708004511892796 751.1520177125931
v -1619.9239253997803 13.11783129349351 771.0928738117218
v -1629.9656689167023 85.4773610830307 788.6946201324463
v -1630.9906840324402 159.46704894304276 802.9177844524384
v -1622.698312997818 234.0334877371788 813.4138315916061
v -1605.1187217235565 308.11498761177063 820.1501548290253
v -1578.5836100578308 380.74993193149567 823.3855426311493
v -1543.6731398105621 451.1648654937744 823.6281841993332
v -1501.1397063732147 518.8299760222435 821.5725839138031
v -1451.8263280391693 583.477994799614 818.0294036865234
v -1396.5830326080322 645.0893640518188 813.8499855995178
v -1336.1910045146942 703.8446724414825 809.850624203682
v -1271.3106393814087 760.0505858659744 806.7473530769348
v -1202.442616224289 814.0605211257935 805.1044374704361
v -1129.9240171909332 866.1869645118713 805.2981376647949
v -1053.9388418197632 916.628685593605 807.5013130903244
v -974.5538055896759 965.418291091919 811.6873651742935
v -891.75845682621 1012.3906195163727 817.6456958055496
v -805.5225044488907 1057.178109884262 825.0141263008118
v -715.8382505178452 1099.2298901081085 833.3140075206757
v -622.7670282125473 1137.852019071579 841.9937163591385
v -526.4703691005707 1172.2537994384766 850.4654556512833
v -427.22790241241455 1201.6083598136902 858.1432431936264
v -325.44855773448944 1225.1086056232452 864.474767446518
v -221.66701331734657 1242.0247972011566 868.9674854278564
v -116.52640700340271 1251.7529904842377 871.2094634771347
v -10.756163578480482 1253.8562178611755 870.8878397941589
v 94.88485381007195 1248.8188862800598 868.4742540121078
v 199.7779056429863 1237.7555072307587 864.9636179208755
v 303.44471633434296 1221.421855688095 860.9829694032669
v 405.54039627313614 1200.6336629390717 857.2070986032486
v 505.8486834168434 1176.1696100234985 854.296088218689
v 604.2594283819199 1148.6905932426453 852.8396129608154
v 700.7303237915039 1118.670380115509 853.3038675785065
v 795.2354282140732 1086.3455414772034 855.9819996356964
v 887.7090275287628 1051.7009317874908 860.9626293182373
v 977.9910296201706 1014.4755095243454 868.1041896343231
v 1065.7722651958466 974.2104023694992 877.0309209823608
v 1150.5696415901184 930.3193777799606 887.1512085199356
v 1231.7100584506989 882.1810930967331 897.689500451088
v 1308.349871635437 829.2478054761887 907.7480167150497
v 1379.5196413993835 771.1436301469803 916.376343369484
v 1444.1895961761475 707.7518463134766 922.6549208164215
v 1501.3581275939941 639.2726629972458 925.7837265729904
v 1550.1500487327576 566.2377387285233 925.1650124788284
v 1589.9095952510834 489.4844278693199 920.4758405685425
v 1620.280534029007 410.08937805891037 911.7216557264328
v 1641.2619888782501 329.26241755485535 899.2670148611069
v 1653.2325983047485 248.21625351905823 883.8373392820358
v 1656.9346189498901 168.03152337670326 866.4944440126419
v 1653.4170985221863 89.51832577586174 848.5752671957016
v 1561.0918879508972 13.117732526734471 904.9815148115158
v 1548.1490850448608 -57.71077461540699 890.056586265564
v 1530.0029754638672 -126.65144316852093 876.4602720737457
v 1507.023936510086 -193.74328404664993 864.5693331956863
v 1479.475200176239 -259.0874969959259 854.6086996793747
v 1447.519737482071 -322.80284464359283 846.667492389679
v 1411.2349033355713 -384.9887117743492 840.7163590192795
v 1370.6368446350098 -445.6985145807266 836.6336345672607
v 1325.7032811641693 -504.923178255558 834.2299371957779
v 1276.3970375061035 -562.5837832689285 833.2701355218887
v 1222.6839423179626 -618.5306578874588 833.4898084402084
v 1164.5494759082794 -672.5461632013321 834.6075117588043
v 1102.0102858543396 -724.3503570556641 836.3330394029617
v 1035.1222604513168 -773.6074090003967 838.3699268102646
v 963.9897912740707 -819.9357390403748 840.4217720031738
v 888.7701541185379 -862.9173427820206 842.1931117773056
v 809.6814572811127 -902.113938331604 843.3985590934753
v 727.0042687654495 -937.0836138725281 843.7678724527359
v 641.085934638977 -967.4055486917496 843.061289191246
v 552.3399531841278 -992.7092403173447 841.0864859819412
v 461.2366497516632 -1012.6950323581696 837.7054631710052
v 368.2972937822342 -1027.171415090561 832.8618317842484
v 274.0728512406349 -1036.0666662454605 826.5805631875992
v 179.12872955203056 -1039.463710784912 818.9982801675797
v 84.01585556566715 -1037.602624297142 810.363757610321
v -10.756249632686377 -1030.897280573845 801.0579496622086
v -104.74987328052521 -1019.9300944805145 791.6019380092621
v -197.5905641913414 -1004.9636095762253 782.1538120508194
v -288.90928477048874 -986.0707372426987 772.6527392864227
v -378.34022641181946 -963.3568704128265 763.0549103021622
v -465.52618592977524 -936.9700849056244 753.3433645963669
v -550.131145119667 -907.1189761161804 743.5513973236084
v -631.8520367145538 -874.0629583597183 733.7589919567108
v -710.4341089725494 -838.1230294704437 724.1155385971069
v -785.6808453798294 -799.6603041887283 714.8309469223022
v -857.465448975563 -759.0651869773865 706.1823427677155
v -925.7369130849838 -716.7298972606659 698.503115773201
v -990.5130743980408 -673.018491268158 692.1667098999023
v -1051.8771708011627 -628.2366961240768 687.5691622495651
v -1109.9564373493195 -582.6033711433411 685.1034432649612
v -1164.901202917099 -536.2286657094955 685.133108496666
v -1216.8519079685211 -489.09705877304077 687.9588156938553
v -1265.9080624580383 -441.06710851192474 693.7892854213715
v -1312.0925724506378 -391.88149720430374 702.7123242616653
v -1355.31844496727 -341.1939114332199 714.666536450386
v -1395.3658819198608 -288.60919028520584 729.4266790151596
v -1431.8667590618134 -233.73401910066605 746.5920209884644
v -1464.3003702163696 -176.23804360628128 765.5870318412781
v -1492.0089483261108 -115.91226160526276 785.6742113828659
v -1514.2268300056458 -52.72834561765194 805.9834420681
v -1530.126392841339 13.117826404049993 825.549852848053
v -1538.797152042389 81.17233514785767 843.2472288608551
v -1539.5596861839294 150.729151815176 858.2201600074768
v -1532.1024477481842 220.95047906041145 870.0642228126526
v -1516.3653552532196 290.96366465091705 878.6401033401489
v -1492.5241470336914 359.9429950118065 884.0560108423233
v -1460.9579622745514 427.1804943680763 886.6418302059174
v -1422.199273109436 492.13464707136154 886.9022458791733
v -1376.8773078918457 554.453694820404 885.4635447263718
v -1325.6569683551788 613.9751046895981 883.0130964517593
v -1269.1832542419434 670.7012861967087 880.2395224571228
v -1208.0373287200928 724.7529029846191 877.7771830558777
v -1142.7028477191925 776.3168334960938 876.1589884757996
v -1073.5548198223114 825.5834609270096 875.7831037044525
v -1000.8594810962677 872.691598534584 876.8899172544479
v -924.7928828001022 917.6828652620316 879.5580983161926
v -845.4639852046967 960.4730844497681 883.710041642189
v -762.9542112350464 1000.8367002010345 889.1300797462463
v -677.345797419548 1038.4131610393524 895.488703250885
v -588.7572169303894 1072.7259457111359 902.3734152317047
v -497.3700284957886 1103.2136678695679 909.3209624290466
v -403.44455391168594 1129.2701303958893 915.8488154411316
v -307.33364671468735 1150.2878844738007 921.4855849742889
v -209.4838187098503 1165.701162815094 925.7959932088852
v -110.42510904371738 1175.0280618667603 928.4063458442688
v -10.756164556369185 1177.9077172279358 929.0233075618744
v 88.90969567000866 1174.9580919742584 928.331995010376
v 188.10119479894638 1167.159390449524 927.3536056280136
v 286.4366188645363 1154.890501499176 926.4501303434372
v 383.60733836889267 1138.590395450592 926.0443300008774
v 479.3781280517578 1118.691909313202 926.5646606683731
v 573.5727488994598 1095.5554068088531 928.3891350030899
v 666.048789024353 1069.4234669208527 931.801387667656
v 756.6608637571335 1040.382269024849 936.9446128606796
v 845.2220946550369 1008.3543330430984 943.7955915927887
v 931.4676225185394 973.1058418750763 952.1432250738144
v 1015.0163680315018 934.2852562665939 961.5882217884064
v 1095.3593909740448 891.4792031049728 971.5613722801208
v 1171.8550086021423 844.2829459905624 981.3570320606232
v 1243.7463819980621 792.3780530691147 990.1848167181015
v 1310.2025091648102 735.6033682823181 997.23199903965
v 1370.3714847564697 674.0156561136246 1001.7371088266373
v 1423.449468612671 607.924085855484 1003.0637830495834
v 1468.7554121017456 537.892609834671 1000.7692337036133
v 1505.8014035224915 464.71208184957504 994.6651428937912
v 1534.3481183052063 389.34142738580704 984.8564654588699
v 1554.443246126175 312.8207132220268 971.7625200748444
v 1566.4331316947937 236.16789802908897 956.1136096715927
v 1570.942997932434 160.27525439858437 938.9206677675247
v 1568.8272535800934 85.80456264317036 921.4171171188354
v 1471.0750579833984 13.117732526734471 975.4972726106644
v 1459.820169210434 -53.945633210241795 961.1318528652191
v 1443.5755133628845 -119.38479132950306 948.0640679597855
v 1422.5943088531494 -183.19030031561852 936.5443825721741
v 1397.0611810684204 -245.38890346884727 926.7075419425964
v 1367.0959174633026 -306.0129180550575 918.5815840959549
v 1332.7701151371002 -365.0775209069252 912.1103703975677
v 1294.1205739974976 -422.56329506635666 907.1697950363159
v 1251.1646926403046 -478.40546518564224 903.5839319229126
v 1203.9164900779724 -532.4895948171616 901.1433720588684
v 1152.3991227149963 -584.6510231494904 899.6157377958298
v 1096.654772758484 -634.676867723465 898.7537562847137
v 1036.753848195076 -682.3096543550491 898.3016431331635
v 972.799801826477 -727.2526681423187 897.9966044425964
v 904.9371421337128 -769.1772133111954 897.574719786644
v 833.3541870117188 -807.7305614948273 896.7718809843063
v 758.289697766304 -842.5500959157944 895.334056019783
v 680.0354450941086 -873.2805848121643 893.0274277925491
v 598.9368349313736 -899.5905786752701 889.6472185850143
v 515.3923138976097 -921.1989462375641 885.0369036197662
v 429.84617203474045 -937.8977805376053 879.1022926568985
v 342.7797809243202 -949.5763689279556 871.8298047780991
v 254.69482094049454 -956.2405943870544 863.2982343435287
v 166.09636768698692 -958.0357789993286 853.7020951509476
v 77.46762335300446 -955.2546322345734 843.3596938848495
v -10.75624474324286 -948.344886302948 832.7291518449783
v -98.2073675841093 -937.7119034528732 822.1844762563705
v -184.55429077148438 -923.4918057918549 811.7571473121643
v -269.4779008626938 -905.8451235294342 801.493227481842
v -352.67532616853714 -884.9413990974426 791.4397805929184
v -433.8609606027603 -860.9651952981949 781.6538840532303
v -512.7719476819038 -834.1235429048538 772.216460108757
v -589.1739070415497 -804.6418100595474 763.2335275411606
v -662.8667235374451 -772.764328122139 754.8456519842148
v -733.6898982524872 -738.7479454278946 747.2300738096237
v -801.5278369188309 -702.8527647256851 740.6020224094391
v -866.3106322288513 -665.3260588645935 735.2060794830322
v -928.0101835727692 -626.3891279697418 731.3115477561951
v -986.6372555494308 -586.2181484699249 729.1979938745499
v -1042.226019501686 -544.9282139539719 729.1363477706909
v -1094.820785522461 -502.56138145923615 731.3712537288666
v -1144.4559752941132 -459.07944291830063 736.0983520746231
v -1191.1332786083221 -414.3639251589775 743.4408724308014
v -1234.8013758659363 -368.2252898812294 753.4287929534912
v -1275.3334701061249 -320.42289823293686 765.9796893596649
v -1312.5113904476166 -270.69098353385925 780.8815866708755
v -1346.0174560546875 -218.7754824757576 797.7905809879303
v -1375.4309713840485 -164.4751377403736 816.224205493927
v -1400.2423703670502 -107.68203735351562 835.5798304080963
v -1419.8681116104126 -48.421262204647064 855.1440507173538
v -1433.6847245693207 13.11781955882907 874.1275459527969
v -1441.0568475723267 76.56130827963352 891.6814148426056
v -1441.4864301681519 141.36075899004936 907.1238577365875
v -1434.6817016601562 206.85720965266228 920.031613111496
v -1420.5318868160248 272.3428800702095 930.1872611045837
v -1399.1073310375214 337.12207674980164 937.5805377960205
v -1370.637845993042 400.56377202272415 942.3833638429642
v -1335.483294725418 462.1427848935127 944.9247479438782
v -1294.0982937812805 521.4644864201546 945.653173327446
v -1246.989530324936 578.271809220314 945.0898468494415
v -1194.6742057800293 632.4372053146362 943.783763051033
v -1137.648743391037 683.9361101388931 942.2667056322098
v -1076.3578712940216 732.8159004449844 941.0136312246323
v -1011.1831068992615 779.1539311408997 940.411251783371
v -942.435622215271 823.0186700820923 940.7359421253204
v -870.3627526760101 864.4348382949829 942.1420991420746
v -795.1597630977631 903.3576250076294 944.6608275175095
v -716.9939428567886 939.6546006202698 948.2066363096237
v -636.0223799943924 973.1049031019211 952.5938987731934
v -552.4164944887161 1003.4049957990646 957.555815577507
v -466.38190895318985 1030.1855653524399 962.7691984176636
v -378.1719669699669 1053.0373692512512 967.8793787956238
v -288.0994990468025 1071.5393364429474 972.525492310524
v -196.54140695929527 1085.2898597717285 976.3643860816956
v -103.93234267830849 1093.9394652843475 979.0927112102509
v -10.756165534257889 1097.216534614563 980.4664492607117
v 82.50152841210365 1095.7906007766724 981.3271790742874
v 175.4894345998764 1090.4880344867706 982.6761960983276
v 267.9067701101303 1081.415981054306 984.6386075019836
v 359.4807118177414 1068.7339067459106 987.4021053314209
v 449.9691814184189 1052.6069104671478 991.1696523427963
v 539.152318239212 1033.1634163856506 996.1131066083908
v 626.8168330192566 1010.4646325111389 1002.3345440626144
v 712.7328515052795 984.480956196785 1009.8309606313705
v 796.6285049915314 955.089470744133 1018.4713661670685
v 878.1687140464783 922.0819562673569 1027.9825776815414
v 956.9321572780609 885.199186205864 1037.9541009664536
v 1032.4075162410736 844.1667884588242 1047.8509604930878
v 1103.9952278137207 798.7498819828033 1057.0463061332703
v 1171.026760339737 748.8064616918564 1064.8665368556976
v 1232.797783613205 694.3339616060257 1070.6429958343506
v 1288.610726594925 635.50805747509 1073.7726151943207
v 1337.825846672058 572.7006286382675 1073.7762451171875
v 1379.9170553684235 506.4740628004074 1070.353353023529
v 1414.521485567093 437.55249828100204 1063.4280860424042
v 1441.4759159088135 366.7733520269394 1053.1749308109283
v 1460.8435571193695 295.01928985118866 1040.0354862213135
v 1472.9135513305664 223.13775792717934 1024.7032552957535
v 1478.1834483146667 151.86580270528793 1008.0964207649231
v 1477.3145198822021 81.75330273807049 991.2986397743225
v 1373.7898707389832 13.117732526734471 1041.8754190206528
v 1363.9690518379211 -49.771976843476295 1027.9699981212616
v 1349.356985092163 -111.24606616795063 1015.2050614356995
v 1330.1365435123444 -171.2479166686535 1003.7497133016586
v 1306.449294090271 -229.74307537078857 993.6833739280701
v 1278.3990025520325 -286.69950664043427 985.0059807300568
v 1246.061396598816 -342.0720398426056 977.652382850647
v 1209.4956815242767 -395.79133093357086 971.5059846639633
v 1168.7529265880585 -447.75730669498444 966.4122641086578
v 1123.8884568214417 -497.8360667824745 962.1897876262665
v 1074.9683618545532 -545.8591014146805 958.6377829313278
v 1022.0775067806244 -591.6260451078415 955.5440247058868
v 965.3254151344299 -634.9061787128448 952.6872754096985
v 904.8504620790482 -675.4439055919647 949.8415410518646
v 840.8251941204071 -712.9651665687561 946.7815160751343
v 773.4590202569962 -747.1838861703873 943.2838350534439
v 703.0020296573639 -777.8141140937805 939.1378372907639
v 629.7466814517975 -804.5842945575714 934.1548293828964
v 554.0278673171997 -827.2521615028381 928.1796008348465
v 476.2198135256767 -845.6224501132965 921.1021900177002
v 396.73135578632355 -859.5714300870895 912.8810405731201
v 315.9956753253937 -869.0608620643616 903.5526394844055
v 234.4559669494629 -874.1535812616348 893.2442218065262
v 152.55116969347 -875.0361531972885 882.2013705968857
v 70.69293558597565 -872.0167458057404 870.7880169153214
v -10.756239853799343 -865.5303865671158 859.5005840063095
v -91.49242490530014 -855.8305442333221 848.5620617866516
v -171.22566774487495 -842.9414391517639 837.8683716058731
v -249.67912808060646 -827.0539551973343 827.5334179401398
v -326.5974283218384 -808.3553463220596 817.6614671945572
v -401.74468606710434 -787.0291739702225 808.3508402109146
v -474.90640729665756 -763.2630050182343 799.7094959020615
v -545.8912074565887 -737.2407764196396 791.8502748012543
v -614.5311087369919 -709.1436713933945 784.8980963230133
v -680.6852012872696 -679.1512459516525 778.9975315332413
v -744.238954782486 -647.4307268857956 774.307170510292
v -805.1054388284683 -614.1335695981979 770.9999352693558
v -863.2205039262772 -579.3871343135834 769.2585736513138
v -918.5416549444199 -543.2856112718582 769.2671477794647
v -971.0377246141434 -505.88241666555405 771.1992681026459
v -1020.6801742315292 -467.18415319919586 775.2058267593384
v -1067.4310147762299 -427.1485134959221 781.3992261886597
v -1111.2294137477875 -385.68546921014786 789.8377954959869
v -1151.977926492691 -342.66446828842163 800.5097061395645
v -1189.528727531433 -297.92870432138443 813.3185774087906
v -1223.675537109375 -251.31318792700768 828.0741512775421
v -1254.1472375392914 -202.6680752635002 844.4847196340561
v -1280.606746673584 -151.88789516687393 862.1583759784698
v -1302.6606559753418 -98.93639534711838 880.6075841188431
v -1319.8688685894012 -43.874779902398586 899.2620706558228
v -1331.7676305770874 13.117813691496849 917.4897909164429
v -1337.9123389720917 71.73210270702839 934.656572341919
v -1337.9415035247803 131.53895437717438 950.2281278371811
v -1331.6037833690643 192.02063530683517 963.7980937957764
v -1318.7741339206696 252.6087574660778 975.1128137111664
v -1299.4595646858215 312.7255529165268 984.0762197971344
v -1273.7901270389557 371.8235448002815 990.7415717840195
v -1242.0021414756775 429.41743433475494 995.2936202287674
v -1204.4156670570374 485.10595858097076 998.0256378650665
v -1161.4083409309387 538.5836720466614 999.3064373731613
v -1113.3860886096954 589.6416038274765 999.5483905076981
v -1060.7612192630768 638.1550222635269 999.1740077733994
v -1003.9267659187317 684.0671628713608 998.5830187797546
v -943.2458460330963 727.3633807897568 998.1264621019363
v -879.0413349866867 768.0458664894104 998.085343837738
v -811.5966796875 806.1081737279892 998.6572444438934
v -741.1580264568329 841.5163189172745 999.9498724937439
v -667.949178814888 874.1907566785812 1001.9814401865005
v -592.1792328357697 904.0023118257523 1004.6880483627319
v -514.0593811869621 930.7709276676178 1007.9359531402588
v -433.8158681988716 954.271987080574 1011.5366488695145
v -351.6987517476082 974.2518335580826 1015.2655810117722
v -267.9929807782173 990.4429167509079 1018.8822358846664
v -183.0222599208355 1002.584445476532 1022.1474140882492
v -97.14629575610161 1010.4437917470932 1024.843007326126
v -10.756167490035295 1013.8348907232285 1026.7880827188492
v 75.76466538012028 1013.4116291999817 1028.9183467626572
v 162.15311363339424 1009.850424528122 1032.184025645256
v 248.16967472434044 1003.0868768692017 1036.5226596593857
v 333.5728883743286 993.0939495563507 1041.925048828125
v 418.12227219343185 979.8552453517914 1048.4010189771652
v 501.57441794872284 963.3405357599258 1055.9419333934784
v 583.6736977100372 943.487298488617 1064.4914031028748
v 664.1398876905441 920.1915800571442 1073.9214420318604
v 742.6527410745621 893.3067440986633 1084.0112507343292
v 818.8427567481995 862.6547366380692 1094.4441497325897
v 892.2774732112885 828.0499309301376 1104.8090815544128
v 962.4656617641449 789.3270403146744 1114.6163821220398
v 1028.8623958826065 746.3767290115356 1123.3249425888062
v 1090.8860743045807 699.1806596517563 1130.3766310214996
v 1147.946834564209 647.8404074907303 1135.2406024932861
v 1199.477219581604 592.5994277000427 1137.4579846858978
v 1244.9692904949188 533.8496267795563 1136.6866886615753
v 1284.0151190757751 472.12141156196594 1132.742714881897
v 1316.3394570350647 408.05756002664566 1125.63157081604
v 1341.8227672576904 342.374387383461 1115.5646681785583
v 1360.5157434940338 275.8097693324089 1102.9659569263458
v 1372.6361811161041 209.06450003385544 1088.4539008140564
v 1378.554207086563 142.75065958499908 1072.8208243846893
v 1378.7534773349762 77.33607776463032 1056.9713294506073
v 1269.239330291748 13.117732526734471 1102.5090873241425
v 1260.677844285965 -45.17889618873596 1089.0033960342407
v 1247.5430309772491 -102.23425850272179 1076.3911664485931
v 1229.977709054947 -157.95078948140144 1064.7936880588531
v 1208.1014156341553 -212.24708184599876 1054.265034198761
v 1182.0132851600647 -265.0441065430641 1044.7957545518875
v 1151.7996847629547 -316.25593453645706 1036.3288968801498
v 1117.5402224063873 -365.7820388674736 1028.767392039299
v 1079.3133795261383 -413.5024130344391 1021.9820648431778
v 1037.2054606676102 -459.2764288187027 1015.8237129449844
v 991.3144737482071 -502.9416471719742 1010.1266115903854
v 941.755199432373 -544.3161964416504 1004.7140836715698
v 888.664573431015 -583.2008689641953 999.4050085544586
v 832.2036892175674 -619.3832516670227 994.0141975879669
v 772.5614279508591 -652.6425451040268 988.3588403463364
v 709.9569618701935 -682.7570736408234 982.2635114192963
v 644.6413815021515 -709.513047337532 975.5674302577972
v 576.8985718488693 -732.716515660286 968.1355386972427
v 507.0427402853966 -752.203443646431 959.8653227090836
v 435.41741520166397 -767.8566098213196 950.7030844688416
v 362.3875916004181 -779.6179980039597 940.6552702188492
v 288.3336290717125 -787.5060081481934 929.8078715801239
v 213.63699808716774 -791.6220903396606 918.3313071727753
v 138.6688895523548 -792.1632617712021 906.4981341362
v 63.77219818532467 -789.4251108169556 894.693061709404
v -10.75623594224453 -783.7990432977676 883.4177702665329
v -84.66722331941128 -775.4082262516022 872.7381616830826
v -157.70786628127098 -764.1905754804611 862.4229222536087
v -229.6355076134205 -750.3289014101028 852.616685628891
v -300.2290114760399 -733.9980661869049 843.4497535228729
v -369.2859783768654 -715.3639823198318 835.0426018238068
v -436.62211149930954 -694.582924246788 827.5085717439651
v -502.07080990076065 -671.7997759580612 820.9558099508286
v -565.4824644327164 -647.1492826938629 815.4940903186798
v -626.7243325710297 -620.7539856433868 811.2350642681122
v -685.6793493032455 -592.7221566438675 808.2929491996765
v -742.2466278076172 -563.1445437669754 806.7843407392502
v -796.3365465402603 -532.0932447910309 806.8265229463577
v -847.8709369897842 -499.6162310242653 808.5318356752396
v -896.7761367559433 -465.73531329631805 812.0017915964127
v -942.9777324199677 -430.4439514875412 817.3175632953644
v -986.3932371139526 -393.7067851424217 824.5304703712463
v -1026.924768090248 -355.46332597732544 833.6525291204453
v -1064.4508481025696 -315.6320884823799 844.6446865797043
v -1098.8174557685852 -274.12072867155075 857.4036777019501
v -1129.8353970050812 -230.83923384547234 871.763089299202
v -1157.2746098041534 -185.7132375240326 887.4785900115967
v -1180.865478515625 -138.70454728603363 904.2321860790253
v -1200.3054678440094 -89.82689268887043 921.6397941112518
v -1215.264254808426 -39.16366808116436 939.2502397298813
v -1225.3998756408691 13.117805868387222 956.5667241811752
v -1230.3945243358612 66.75916314125061 973.1058418750763
v -1229.9845933914185 121.4184869080782 988.445395231247
v -1223.9693105220795 176.68640166521072 1002.226710319519
v -1212.2336447238922 232.1078136563301 1014.1935020685196
v -1194.7580695152283 287.2101992368698 1024.2088973522186
v -1171.6121792793274 341.5298670530319 1032.245859503746
v -1142.948305606842 394.63635832071304 1038.3821189403534
v -1108.991378545761 446.15081548690796 1042.791160941124
v -1070.0188994407654 495.75709104537964 1045.7136243581772
v -1026.344919204712 543.2084441184998 1047.4423438310623
v -978.3036410808563 588.3216887712479 1048.293498158455
v -926.2308955192566 630.973345041275 1048.5866457223892
v -870.4543769359589 671.08274102211 1048.6200034618378
v -811.2842559814453 708.598181605339 1048.6553639173508
v -749.0094870328903 743.4803009033203 1048.9028245210648
v -683.8961184024811 775.6882309913635 1049.513465166092
v -616.1950528621674 805.165833234787 1050.5755305290222
v -546.1434870958328 831.8356275558472 1052.1159946918488
v -473.97470623254776 855.5944114923477 1054.106193780899
v -399.9261260032654 876.3148248195648 1056.470900774002
v -324.24414306879044 893.8514828681946 1059.099966287613
v -247.1922554075718 908.0477982759476 1061.8612110614777
v -169.05483305454254 918.7484353780746 1064.6143198013306
v -90.13564735651016 925.8104503154755 1067.2228574752808
v -10.756168467923999 929.1149318218231 1069.5675373077393
v 68.77499856054783 929.2549967765808 1072.6180493831635
v 148.25254306197166 926.7710030078888 1077.2550880908966
v 227.4783320724964 921.5114325284958 1083.2875192165375
v 306.23575150966644 913.3471101522446 1090.56476354599
v 384.29182916879654 902.1588116884232 1098.9498853683472
v 461.39599084854126 887.8261238336563 1108.2975625991821
v 537.2757107019424 870.220935344696 1118.4328079223633
v 611.6300493478775 849.2031186819077 1129.1331946849823
v 684.1235518455505 824.6259123086929 1140.1188433170319
v 754.3830871582031 796.3449329137802 1151.0507941246033
v 821.9916522502899 764.2356365919113 1161.5338861942291
v 886.4965707063675 728.2124072313309 1171.1316525936127
v 947.4158138036728 688.2515877485275 1179.3873488903046
v 1004.2530834674835 644.4127589464188 1185.8521163463593
v 1056.519466638565 596.8546986579895 1190.116274356842
v 1103.7552773952484 545.8450198173523 1191.8414890766144
v 1145.5567181110382 491.7623296380043 1190.7956957817078
v 1181.6024780273438 435.08230447769165 1186.8775069713593
v 1211.6751372814178 376.3576313853264 1180.140495300293
v 1235.6734335422516 316.187059879303 1170.7956969738007
v 1253.6221504211426 255.17922788858414 1159.2184960842133
v 1265.6661093235016 193.91132444143295 1145.9295988082886
v 1272.054272890091 132.89315029978752 1131.5643668174744
v 1273.119217157364 72.53242246806622 1116.8421506881714
v 1157.639855146408 13.117732526734471 1155.6335091590881
v 1150.2288043498993 -40.17253238707781 1142.5352454185486
v 1138.5084092617035 -92.37848594784737 1130.0364196300507
v 1122.5963294506073 -143.37201789021492 1118.2340383529663
v 1102.600085735321 -193.03839057683945 1107.1717858314514
v 1078.6196887493134 -241.26798659563065 1096.849662065506
v 1050.7500171661377 -287.94938921928406 1087.2262358665466
v 1019.0869510173798 -332.9647198319435 1078.2305359840393
v 983.7289988994598 -376.1866807937622 1069.7658061981201
v 944.7836190462112 -417.47702211141586 1061.7175161838531
v 902.3699730634689 -456.6865101456642 1053.9582431316376
v 856.6223055124283 -493.6565548181534 1046.3516771793365
v 807.6931357383728 -528.2209306955338 1038.7585043907166
v 755.7550102472305 -560.2097511291504 1031.039097905159
v 701.0025680065155 -589.4529730081558 1023.0573982000351
v 643.6539173126221 -615.787062048912 1014.6889865398407
v 583.951324224472 -639.061439037323 1005.8260917663574
v 522.1602112054825 -659.1475546360016 996.3867902755737
v 458.56768637895584 -675.9465247392654 986.3228291273117
v 393.4796020388603 -689.4004583358765 975.6318926811218
v 327.21423357725143 -699.5014697313309 964.366489648819
v 260.0967563688755 -706.3016295433044 952.6487857103348
v 192.44796484708786 -709.9180340766907 940.6749218702316
v 124.57553409039974 -710.538312792778 928.7272810935974
v 56.76039978861809 -708.4223806858063 917.1829998493195
v -10.756231052801013 -703.8977444171906 906.5165966749191
v -77.76899300515652 -696.9841182231903 896.6415792703629
v -144.05646175146103 -687.5636547803879 887.2223675251007
v -209.4035066664219 -675.7919400930405 878.4073501825333
v -273.61379116773605 -661.8164241313934 870.331209897995
v -336.50689870119095 -645.7742929458618 863.1149858236313
v -397.91712015867233 -627.7913421392441 856.8691402673721
v -457.6922804117203 -607.9794734716415 851.6915559768677
v -515.6920328736305 -586.4378839731216 847.6737320423126
v -571.7871397733688 -563.2526904344559 844.9017852544785
v -625.8574694395065 -538.4954899549484 843.4559494256973
v -677.7926534414291 -512.2238293290138 843.4127032756805
v -727.4869233369827 -484.48007851839066 844.8426425457001
v -774.8413324356079 -455.29046058654785 847.8085398674011
v -819.7574973106384 -424.6652081608772 852.3614645004272
v -862.1352821588516 -392.59803146123886 858.5354626178741
v -901.8689185380936 -359.06730741262436 866.3404226303101
v -938.8426870107651 -324.03958439826965 875.7579445838928
v -972.9261606931686 -287.4723359942436 886.7312014102936
v -1003.9700120687485 -249.32215958833694 899.1599321365356
v -1031.803947687149 -209.55214574933052 912.8958731889725
v -1056.2348306179047 -168.14104691147804 927.7374386787415
v -1077.0480573177338 -125.0970147550106 943.4324741363525
v -1094.0095603466034 -80.46536073088646 959.6747517585754
v -1106.873506307602 -34.34230908751488 976.1166125535965
v -1115.3896808624268 13.117799023166299 992.3727214336395
v -1119.3222641944885 61.69678196310997 1008.0541133880615
v -1118.475741147995 111.11620254814625 1022.8171974420547
v -1112.7014100551605 161.04849055409431 1036.3672614097595
v -1101.909899711609 211.13025471568108 1048.479688167572
v -1086.074423789978 260.97856163978577 1059.0039610862732
v -1065.235286951065 310.21014153957367 1067.8744912147522
v -1039.494064450264 358.4572300314903 1075.1030445098877
v -1009.0092837810516 405.38136810064316 1080.775237083435
v -973.9858478307724 450.6838381290436 1085.0370168685913
v -934.6640199422836 494.11295503377914 1088.0817711353302
v -891.3104742765427 535.4635655879974 1090.135681629181
v -844.2035257816315 574.576798081398 1091.4384484291077
v -793.6268717050552 611.3328963518143 1092.2301471233368
v -739.8610800504684 645.6429898738861 1092.7354574203491
v -683.1791460514069 677.4396121501923 1093.1532740592957
v -623.8420486450195 706.6685020923615 1093.6481952667236
v -562.1033817529678 733.2770258188248 1094.3445146083832
v -498.2059121131897 757.2104215621948 1095.324969291687
v -432.3882445693016 778.4057915210724 1096.6319918632507
v -364.88760709762573 796.7910379171371 1098.2715904712677
v -295.9422916173935 812.2854888439178 1100.2191066741943
v -225.79749003052711 824.8027145862579 1102.427101135254
v -154.7078602015972 834.2552214860916 1104.8329889774323
v -82.93675929307938 840.5598342418671 1107.3679268360138
v -10.756170423701406 843.6433911323547 1109.9625706672668
v 61.57638430595398 844.0102636814117 1113.5643303394318
v 133.88828113675117 842.0829623937607 1118.9744174480438
v 206.0060553252697 837.6862496137619 1125.9347319602966
v 277.7314066886902 830.65465092659 1134.210330247879
v 348.84294122457504 820.8307653665543 1143.575656414032
v 419.09540444612503 808.0613225698471 1153.798645734787
v 488.21911811828613 792.1988725662231 1164.631712436676
v 555.9173047542572 773.1020987033844 1175.7992327213287
v 621.8644291162491 750.6422638893127 1186.9945406913757
v 685.7083261013031 724.7114717960358 1197.8803038597107
v 747.0673531293869 695.2344954013824 1208.0922782421112
v 805.5404037237167 662.1817320585251 1217.2528266906738
v 860.7129156589508 625.5828469991684 1224.9858140945435
v 912.1693879365921 585.5386018753052 1230.937135219574
v 959.509089589119 542.2278642654419 1234.7972452640533
v 1002.3614555597305 495.91183215379715 1236.3230645656586
v 1040.4031097888947 446.9314366579056 1235.3592574596405
v 1073.376077413559 395.6952005624771 1231.85613155365
v 1101.0998010635376 342.66321659088135 1225.8809030056
v 1123.478776216507 288.3257120847702 1217.620074748993
v 1140.5061185359955 233.1775300204754 1207.3763072490692
v 1152.2588074207306 177.6904195547104 1195.552521944046
v 1158.8882982730865 122.29181192815304 1182.633000612259
v 1160.6014966964722 67.34014637768269 1169.1464602947235
v 1039.5010113716125 13.117732526734471 1199.5644629001617
v 1033.1797510385513 -34.78277362883091 1186.9658768177032
v 1022.8724598884583 -81.75010308623314 1174.6665716171265
v 1008.6798995733261 -127.63835974037647 1162.7550423145294
v 990.699827671051 -172.3135180771351 1151.2740969657898
v 969.0310657024384 -215.64878895878792 1140.2362525463104
v 943.7744379043579 -257.5207471847534 1129.6252369880676
v 915.033146739006 -297.8049427270889 1119.3961143493652
v 882.9181551933289 -336.3757520914078 1109.4881772994995
v 847.5480616092682 -373.1037810444832 1099.8233199119568
v 809.0531677007675 -407.8571006655693 1090.3144240379333
v 767.5764799118042 -440.50227999687195 1080.8691143989563
v 723.2755243778229 -470.9050118923187 1071.3907599449158
v 676.3238489627838 -498.93452525138855 1061.7867350578308
v 626.9118368625641 -524.4653686881065 1051.9696712493896
v 575.2472072839737 -547.3833560943604 1041.8657809495926
v 521.5543583035469 -567.5883829593658 1031.4167976379395
v 466.07377231121063 -585.003250837326 1020.5914288759232
v 409.0597003698349 -599.5767652988434 1009.3893617391586
v 350.7769390940666 -611.2910896539688 997.8484600782394
v 291.4965435862541 -620.1690673828125 986.0581576824188
v 231.49013221263885 -626.2760996818542 974.1593331098557
v 171.02267369627953 -629.7264665365219 962.3576402664185
v 110.345508903265 -630.6825757026672 950.9252607822418
v 49.686974845826626 -629.3545871973038 940.2057230472565
v -10.756226163357496 -625.9942173957825 930.6131511926651
v -70.81181555986404 -620.555967092514 921.9430178403854
v -130.28483167290688 -612.892073392868 913.7785077095032
v -188.9830470085144 -603.1255781650543 906.2591850757599
v -246.72915861010551 -591.371887922287 899.5086550712585
v -303.35853695869446 -577.7385860681534 893.6387568712234
v -358.71767699718475 -562.3221158981323 888.7461215257645
v -412.6636192202568 -545.2084690332413 884.9172413349152
v -465.06174355745316 -526.471683382988 882.2265297174454
v -515.7847836613655 -506.1747193336487 880.739951133728
v -564.711794257164 -484.368959069252 880.5138319730759
v -611.7271810770035 -461.0948637127876 881.597426533699
v -656.7180097103119 -436.3824740052223 884.0304136276245
v -699.5750695466995 -410.2513164281845 887.8442734479904
v -740.1887744665146 -382.7111855149269 893.0567800998688
v -778.448098897934 -353.7633329629898 899.6716260910034
v -814.2388254404068 -323.4024703502655 907.6754182577133
v -847.4406659603119 -291.6180521249771 917.0304179191589
v -877.9252588748932 -258.39821845293045 927.6717245578766
v -905.5545419454575 -223.73534962534904 939.5064622163773
v -930.1784992218018 -187.62917965650558 952.4029523134232
v -951.637852191925 -150.09499490261078 966.1994755268097
v -969.7604298591614 -111.16979867219925 980.6919425725937
v -984.3669891357422 -70.91863229870796 995.6420928239822
v -995.2759712934494 -29.442523419857025 1010.7858180999756
v -1002.3044407367706 13.117793155834079 1025.8250892162323
v -1005.2735924720764 56.57667797058821 1040.430772304535
v -1004.0369778871536 100.70389397442341 1054.3148517608643
v -998.4909564256668 145.2346846461296 1067.2482669353485
v -988.5742574930191 189.87882435321808 1079.0525257587433
v -974.2679804563522 234.32982712984085 1089.5930707454681
v -955.5989116430283 278.27664613723755 1098.790168762207
v -932.6407134532928 321.41552567481995 1106.6249191761017
v -905.5080413818359 363.45751136541367 1113.1271123886108
v -874.3544161319733 404.138620197773 1118.378233909607
v -839.3637120723724 443.22478473186493 1122.4984467029572
v -800.7452130317688 480.5136054754257 1125.6385803222656
v -758.7249755859375 515.837636590004 1127.9706180095673
v -713.5399460792542 549.0600049495697 1129.675680398941
v -665.4323905706406 580.0716876983643 1130.9333860874176
v -614.6454513072968 608.7864428758621 1131.9149672985077
v -561.4186406135559 635.1358652114868 1132.774257659912
v -505.98974972963333 659.0621262788773 1133.6429357528687
v -448.590624332428 680.514845252037 1134.6267700195312
v -389.4499808549881 699.4462072849274 1135.8048677444458
v -328.7945330142975 715.8085227012634 1137.2299253940582
v -266.849148273468 729.5530378818512 1138.9299809932709
v -203.8405403494835 740.6295597553253 1140.9120440483093
v -139.99927192926407 748.9872068166733 1143.1656002998352
v -75.5587924271822 754.577162861824 1145.666366815567
v -10.756171401590109 757.3535531759262 1148.3810484409332
v 54.18479349464178 757.7185481786728 1152.1867096424103
v 119.10714916884899 755.9953361749649 1157.798445224762
v 183.85032042860985 752.0247638225555 1164.9435102939606
v 248.2300065457821 745.6504940986633 1173.3581721782684
v 312.0386213064194 736.72094643116 1182.7800750732422
v 375.0459149479866 725.0922381877899 1192.9442346096039
v 436.99874728918076 710.6306880712509 1203.5751521587372
v 497.6217448711395 693.2173848152161 1214.3841862678528
v 556.6175043582916 672.7538824081421 1225.0691771507263
v 613.6708796024323 649.1689592599869 1235.316950082779
v 668.4481680393219 622.4270671606064 1244.806945323944
v 720.606529712677 592.5355285406113 1253.2223582267761
v 769.7997450828552 559.5530480146408 1260.2606534957886
v 815.6865388154984 523.5951572656631 1265.6472086906433
v 857.9429715871811 484.83628034591675 1269.150710105896
v 896.2713897228241 443.51123571395874 1270.595544576645
v 930.4119408130646 399.91060495376587 1269.8764443397522
v 960.1536512374878 354.3719708919525 1266.967624425888
v 985.3411227464676 307.2667747735977 1261.9256615638733
v 1005.8795392513275 258.98817479610443 1254.8948764801025
v 1021.7341661453247 209.932129830122 1246.0939407348633
v 1032.9297870397568 160.4817844927311 1235.812246799469
v 1039.5416289567947 110.99377870559692 1224.3885040283203
v 1041.6840970516205 61.78248804062605 1212.1830761432648
v 915.6496077775955 13.117732526734471 1232.9677641391754
v 910.3819012641907 -29.065042734146118 1221.0400879383087
v 901.517254114151 -70.46628445386887 1209.1513395309448
v 889.1384035348892 -110.9349723905325 1197.3758697509766
v 873.3348459005356 -150.33162832260132 1185.766750574112
v 854.19901907444 -188.52445632219315 1174.3472635746002
v 831.8301826715469 -225.38827881217003 1163.1232917308807
v 806.332665681839 -260.80122739076614 1152.0780622959137
v 777.8191834688187 -294.645094871521 1141.1832869052887
v 746.4112758636475 -326.80405229330063 1130.400037765503
v 712.2393697500229 -357.1647271513939 1119.6793735027313
v 675.4454702138901 -385.617595911026 1108.9703500270844
v 636.1825346946716 -412.05748468637466 1098.2206463813782
v 594.6156620979309 -436.38616651296616 1087.3808205127716
v 550.922280550003 -458.51464569568634 1076.4100670814514
v 505.2917405962944 -478.36609929800034 1065.2802228927612
v 457.92468935251236 -495.8783492445946 1053.9771437644958
v 409.031443297863 -511.0087126493454 1042.5103425979614
v 358.83029848337173 -523.7364113330841 1030.915367603302
v 307.5451523065567 -534.0669214725494 1019.2619383335114
v 255.40098175406456 -542.033663392067 1007.6545089483261
v 202.62108966708183 -547.7017879486084 996.2426573038101
v 149.4210496544838 -551.1669248342514 985.219144821167
v 96.00475542247295 -552.5567471981049 974.8274892568588
v 42.55805667489767 -552.0266532897949 965.3582721948624
v -10.75622127391398 -549.7558236122131 957.1498900651932
v -63.79022654145956 -545.6648379564285 949.9155163764954
v -116.37201011180878 -539.6054327487946 943.2020992040634
v -168.32967773079872 -531.6674172878265 937.127611041069
v -219.5025935769081 -521.9359695911407 931.7975699901581
v -269.7392553091049 -510.4908227920532 927.3059159517288
v -318.896609544754 -497.40448147058487 923.7350106239319
v -366.83944165706635 -482.7419400215149 921.1558878421783
v -413.4387642145157 -466.5598377585411 919.6285039186478
v -458.57084691524506 -448.9066779613495 919.2026138305664
v -502.1162152290344 -429.82317209243774 919.9182093143463
v -543.9598381519318 -409.34274047613144 921.8067079782486
v -583.9875608682632 -387.49179393053055 924.8881995677948
v -622.0886081457138 -364.29098546504974 929.1751384735107
v -658.1513911485672 -339.7553354501724 934.665459394455
v -692.0649468898773 -313.89711052179337 941.348272562027
v -723.7161844968796 -286.72554194927216 949.1951018571854
v -752.9893219470978 -258.2495793700218 958.1600725650787
v -779.7660112380981 -228.4807227551937 968.1804746389389
v -803.9224594831467 -197.43557274341583 979.1687518358231
v -825.3306180238724 -165.13922587037086 991.0132527351379
v -843.8603103160858 -131.62973374128342 1003.5840511322021
v -859.3756645917892 -96.9617486000061 1016.71923995018
v -871.7416852712631 -61.2103097140789 1030.2398264408112
v -880.8229386806488 -24.474807735532522 1043.9391553401947
v -886.4908128976822 13.117785332724452 1057.60155916214
v -888.6074960231781 51.410042122006416 1070.9340155124664
v -887.0616495609283 90.21052233874798 1083.6815536022186
v -881.7893117666245 129.30519841611385 1095.6885874271393
v -872.7514922618866 168.46259236335754 1106.816053390503
v -859.9414944648743 207.44020342826843 1116.9616878032684
v -843.3832883834839 245.99067270755768 1126.0523915290833
v -823.1341391801834 283.86988788843155 1134.0593755245209
v -799.2811650037766 320.84105908870697 1140.9846425056458
v -771.9408988952637 356.68144673109055 1146.8664944171906
v -741.2545949220657 391.1879315972328 1151.7762780189514
v -707.3858499526978 424.1771087050438 1155.809247493744
v -670.5137193202972 455.4898872971535 1159.080058336258
v -630.8315277099609 484.9899888038635 1161.7181360721588
v -588.5403603315353 512.562507390976 1163.8564109802246
v -543.8474357128143 538.1124705076218 1165.6295657157898
v -496.96109890937805 561.5620225667953 1167.1646475791931
v -448.0925425887108 582.846137881279 1168.5796916484833
v -397.45092540979385 601.9108057022095 1169.9779629707336
v -345.2446863055229 618.7093377113342 1171.4458286762238
v -291.6816383600235 633.2002401351929 1173.0523824691772
v -236.96765452623367 645.3453987836838 1174.8479425907135
v -181.30940571427345 655.1085770130157 1176.865553855896
v -124.91519786417484 662.455290555954 1179.1211128234863
v -67.99400970339775 667.3520565032959 1181.6151201725006
v -10.756173357367516 669.7678953409195 1184.3340575695038
v 46.598356403410435 670.0019627809525 1188.047468662262
v 103.91955189406872 668.2933330535889 1193.3769464492798
v 161.05410754680634 664.519214630127 1200.0749051570892
v 217.82976239919662 658.5566282272339 1207.8917562961578
v 274.05532747507095 650.2859741449356 1216.5745317935944
v 329.5212373137474 639.5951628684998 1225.8658826351166
v 384.00024622678757 626.3837456703186 1235.502827167511
v 437.24849224090576 610.5672955513 1245.217251777649
v 489.0071243047714 592.0828521251678 1254.737412929535
v 539.0067458152771 570.8931148052216 1263.7915670871735
v 586.9667887687683 546.993014216423 1272.1114754676819
v 632.6049327850342 520.4131856560707 1279.4420421123505
v 675.6390452384949 491.2240996956825 1285.5443179607391
v 715.7956928014755 459.5397546887398 1290.2092695236206
v 752.8163999319077 425.5158618092537 1293.2627856731415
v 786.4645957946777 389.3514409661293 1294.5765674114227
v 816.5316849946976 351.2834697961807 1294.0728843212128
v 842.8436815738678 311.58071905374527 1291.7290806770325
v 865.2665913105011 270.53577303886414 1287.5823318958282
v 883.7071627378464 228.45672145485878 1281.7263901233673
v 898.1125742197037 185.655377805233 1274.3006944656372
v 908.4716856479645 142.438642680645 1265.4921233654022
v 914.807653427124 99.10019561648369 1255.5134654045105
v 917.1752393245697 55.910974368453026 1244.5972859859467
v 787.1988415718079 13.117732526734471 1255.1158010959625
v 782.9538971185684 -23.098018672317266 1244.1009879112244
v 775.5589306354523 -58.684783056378365 1232.9253315925598
v 765.0820344686508 -93.49919334053993 1221.660554409027
v 751.597872376442 -127.407006919384 1210.3535950183868
v 735.1904958486557 -160.28276458382607 1199.0450084209442
v 715.9495264291763 -192.00763329863548 1187.7533197402954
v 693.9735352993011 -222.46960178017616 1176.489543914795
v 669.3684786558151 -251.56227573752403 1165.2533054351807
v 642.2483861446381 -279.18490916490555 1154.0365934371948
v 612.7354860305786 -305.24227917194366 1142.8250133991241
v 580.9617698192596 -329.6463444828987 1131.6061735153198
v 547.0668643712997 -352.31565088033676 1120.3650534152985
v 511.2000346183777 -373.1776311993599 1109.092140197754
v 473.5187128186226 -392.1698570251465 1097.7856814861298
v 434.1878414154053 -409.2404767870903 1086.4506840705872
v 393.3799669146538 -424.3521586060524 1075.1096785068512
v 351.27301812171936 -437.48215287923813 1063.8005912303925
v 308.0489918589592 -448.6251085996628 1052.5825023651123
v 263.89207541942596 -457.7935740351677 1041.5381491184235
v 218.98556426167488 -465.0195300579071 1030.7761162519455
v 173.51010963320732 -470.3549534082413 1020.4345285892487
v 127.63964273035526 -473.87122213840485 1010.6822401285172
v 81.53927810490131 -475.65692514181137 1001.7173320055008
v 35.36158204078674 -475.8165791630745 993.7686145305634
v -10.756216384470463 -474.46606010198593 987.0910584926605
v -56.68469946831465 -471.51984572410583 981.3622891902924
v -102.27315500378609 -466.85173362493515 976.1420845985413
v -147.36954867839813 -460.5220556259155 971.5206295251846
v -191.82965755462646 -452.59039252996445 967.5821006298065
v -235.51556020975113 -443.11297684907913 964.3994092941284
v -278.2953903079033 -432.1428179740906 962.0378941297531
v -320.04322707653046 -419.72882598638535 960.5539441108704
v -360.6373742222786 -405.9144660830498 959.9918693304062
v -399.9607041478157 -390.7396048307419 960.3902846574783
v -437.8991559147835 -374.238945543766 961.776539683342
v -474.3422359228134 -356.4430609345436 964.1690969467163
v -509.18048322200775 -337.3791128396988 967.5767809152603
v -542.307659983635 -317.07182228565216 972.0017194747925
v -573.6179977655411 -295.5436572432518 977.4335861206055
v -603.0062288045883 -272.815865278244 983.8507890701294
v -630.36789894104 -248.9109143614769 991.2224739789963
v -655.5976152420044 -223.85219559073448 999.5005130767822
v -678.5906732082367 -197.667246311903 1008.6267024278641
v -699.2415547370911 -170.3896589577198 1018.5277551412582
v -717.4443036317825 -142.0600824058056 1029.112359881401
v -733.0933392047882 -112.72885836660862 1040.272307395935
v -746.0854589939117 -82.45990164577961 1051.8900632858276
v -756.318274140358 -51.33003909140825 1063.8238728046417
v -763.6960297822952 -19.43363305181265 1075.9302914142609
v -768.128165602684 13.117778487503529 1088.0477249622345
v -769.5120424032211 46.19192238897085 1099.9203264713287
v -767.7663624286652 79.63151894509792 1111.3269209861755
v -762.8523230552673 113.26452232897282 1122.1586108207703
v -754.7522753477097 146.90895527601242 1132.3281526565552
v -743.4674710035324 180.37490397691727 1141.7553126811981
v -729.0233194828033 213.470146805048 1150.3905236721039
v -711.46619617939 246.00287675857544 1158.200865983963
v -690.8649444580078 277.78526097536087 1165.1785790920258
v -667.3098117113113 308.63788425922394 1171.340811252594
v -640.9100085496902 338.39276880025864 1176.7261147499084
v -611.7917686700821 366.8936714529991 1181.3886880874634
v -580.0957202911377 394.00077760219574 1185.4021310806274
v -545.9747582674026 419.5890426635742 1188.8495564460754
v -509.5913842320442 443.5490056872368 1191.821837425232
v -471.1157038807869 465.7863199710846 1194.4156050682068
v -430.7215467095375 486.22050136327744 1196.7246115207672
v -388.5880932211876 504.78233098983765 1198.8394796848297
v -344.8954939842224 521.4134484529495 1200.8439481258392
v -299.82577711343765 536.0643804073334 1202.8129935264587
v -253.56169044971466 548.6918807029724 1204.8090755939484
v -206.2858723104 559.2588365077972 1206.8830132484436
v -158.18191543221474 567.7321404218674 1209.0717315673828
v -109.4351414591074 574.081689119339 1211.3978862762451
v -60.23111455142498 578.2809466123581 1213.8709902763367
v -10.756174335256219 580.3056925535202 1216.4856612682343
v 38.81039600819349 580.3613930940628 1219.8781371116638
v 88.32408897578716 578.6156505346298 1224.5671212673187
v 137.63867989182472 574.9868541955948 1230.3548455238342
v 186.59487068653107 569.3927675485611 1237.0330274105072
v 235.02040430903435 561.754721403122 1244.3895041942596
v 282.73043632507324 552.000367641449 1252.2042274475098
v 329.52812165021896 540.0676220655441 1260.253894329071
v 375.20647644996643 525.9096086025238 1268.315827846527
v 419.5491448044777 509.49644297361374 1276.165223121643
v 462.33473271131516 490.81942588090897 1283.5827827453613
v 503.3364951610565 469.8954865336418 1290.3574705123901
v 542.3287510871887 446.7679023742676 1296.2912678718567
v 579.0889799594879 421.5088963508606 1301.2020528316498
v 613.4028285741806 394.22135800123215 1304.932987689972
v 645.0687736272812 365.03709107637405 1307.3536455631256
v 673.9012509584427 334.1164067387581 1308.3656430244446
v 699.7349113225937 301.646026968956 1307.9072713851929
v 722.4288135766983 267.83363968133926 1305.9526205062866
v 741.8682396411896 232.90303274989128 1302.511578798294
v 757.9664468765259 197.09013551473618 1297.632211446762
v 770.665043592453 160.63615009188652 1291.3935005664825
v 779.9320489168167 123.78112860023975 1283.895456790924
v 785.7626438140869 86.7616418749094 1275.2646267414093
v 788.1725370883942 49.80244003236294 1265.6268060207367
v 655.458801984787 13.117732526734471 1266.0853028297424
v 652.192559838295 -16.975725442171097 1256.2696158885956
v 646.2709665298462 -46.59045897424221 1246.1778044700623
v 637.7451539039612 -75.60008279979229 1235.8676970005035
v 626.6756415367126 -103.88561524450779 1225.3879845142365
v 613.1318360567093 -131.33555352687836 1214.7823512554169
v 597.1904665231705 -157.84508362412453 1204.08296585083
v 578.9357721805573 -183.31587687134743 1193.3133602142334
v 558.4602534770966 -207.65671581029892 1182.496690750122
v 535.8634829521179 -230.7829074561596 1171.64985537529
v 511.25198006629944 -252.6160016655922 1160.7842445373535
v 484.73949283361435 -273.08563739061356 1149.9148786067963
v 456.44671618938446 -292.1288698911667 1139.058405160904
v 426.5001028776169 -309.69074964523315 1128.2315969467163
v 395.0322702527046 -325.7259652018547 1117.4601137638092
v 362.1807172894478 -340.1984363794327 1106.7752480506897
v 328.0874490737915 -353.0830666422844 1096.2193071842194
v 292.8974747657776 -364.36608731746674 1085.8469903469086
v 256.75761848688126 -374.04496371746063 1075.7237613201141
v 219.81564313173294 -382.12970942258835 1065.932857990265
v 182.21790343523026 -388.6425733566284 1056.5732896327972
v 144.10842284560204 -393.61716359853745 1047.7603375911713
v 105.62655441462994 -397.09822833538055 1039.626994729042
v 66.90599508583546 -399.13968443870544 1032.3217749595642
v 28.072714526206255 -399.8028337955475 1026.0073989629745
v -10.756210517138243 -399.15432929992676 1020.8598554134369
v -49.46702811866999 -397.12254256010056 1016.5706008672714
v -87.92996853590012 -393.615286052227 1012.7559274435043
v -126.01356245577335 -388.67014199495316 1009.4784200191498
v -163.59148621559143 -382.3261946439743 1006.7992240190506
v -200.5414254963398 -374.6216520667076 1004.7710984945297
v -236.7451809346676 -365.59394001960754 1003.4409195184708
v -272.0887541770935 -355.27913868427277 1002.8486788272858
v -306.46158903837204 -343.7117010354996 1003.0272334814072
v -339.7562116384506 -330.9241399168968 1004.0013045072556
v -371.86829298734665 -316.9477790594101 1005.7904183864594
v -402.6964768767357 -301.81206464767456 1008.4045261144638
v -432.1405962109566 -285.5452850461006 1011.844128370285
v -460.10408252477646 -268.17607283592224 1016.1074727773666
v -486.49108707904816 -249.73193407058716 1021.1773484945297
v -511.20832711458206 -230.2426278591156 1027.034854888916
v -534.1634273529053 -209.7383826971054 1033.6456954479218
v -555.2657961845398 -188.2529318332672 1040.9691900014877
v -574.4274079799652 -165.8237636089325 1048.957335948944
v -591.5611445903778 -142.4933262169361 1057.5483620166779
v -606.5822035074234 -118.30998212099075 1066.6691064834595
v -619.4095373153687 -93.32970567047596 1076.2417137622833
v -629.965478181839 -67.61754602193832 1086.1776888370514
v -638.1759256124496 -41.24718904495239 1096.3752686977386
v -643.9738512039185 -14.30352427996695 1106.732314825058
v -647.2991108894348 13.117770664393902 1117.1393036842346
v -648.0791687965393 40.90804159641266 1127.3805677890778
v -646.2577611207962 68.9411535859108 1137.2666001319885
v -641.814923286438 97.08212278783321 1146.73131108284
v -634.7446471452713 125.19021928310394 1155.717122554779
v -625.055256485939 153.120207041502 1164.171463251114
v -612.7710968255997 180.72547316551208 1172.0580339431763
v -597.9320347309113 207.85994455218315 1179.3548047542572
v -580.5928319692612 234.37930047512054 1186.04975938797
v -560.8234584331512 260.14375761151314 1192.1460270881653
v -538.7078404426575 285.0206986069679 1197.6633846759796
v -514.3436416983604 308.88412445783615 1202.6313722133636
v -487.838351726532 331.61767423152924 1207.088166475296
v -459.3112573027611 353.11504751443863 1211.0857129096985
v -428.8894683122635 373.2792690396309 1214.676958322525
v -396.7081367969513 392.0244723558426 1217.9234862327576
v -362.9070147871971 409.27424132823944 1220.8851277828217
v -327.6322066783905 424.9611407518387 1223.6217141151428
v -291.0326957702637 439.0266850590706 1226.1911988258362
v -253.26042249798775 451.41999274492264 1228.6455273628235
v -214.4700028002262 462.09691017866135 1231.030261516571
v -174.817007035017 471.0194796323776 1233.3828270435333
v -134.45907086133957 478.154781460762 1235.7316374778748
v -93.55591088533401 483.47446471452713 1238.0945920944214
v -52.26789694279432 486.9549974799156 1240.4805779457092
v -10.756176291033626 488.57622742652893 1242.8853392601013
v 30.822060350328684 488.46538960933685 1245.7982897758484
v 72.33181446790695 486.73069328069687 1249.6272325515747
v 113.63764554262161 483.32651406526566 1254.2319774627686
v 154.59658429026604 478.20754051208496 1259.4598174095154
v 195.05817666649818 471.3322788476944 1265.1516616344452
v 234.86488088965416 462.66493052244186 1271.1427867412567
v 273.8527402281761 452.1783649921417 1277.26508975029
v 311.8523374199867 439.8564353585243 1283.3494663238525
v 348.6899524927139 425.69638788700104 1289.2285645008087
v 384.1905668377876 409.71055179834366 1294.7397887706757
v 418.1773155927658 391.9289991259575 1299.726802110672
v 450.47636926174164 372.400327026844 1304.0465354919434
v 480.9174656867981 351.1919394135475 1307.5648069381714
v 509.3379467725754 328.3919557929039 1310.1688385009766
v 535.5842918157578 304.1065201163292 1311.7599964141846
v 559.5154345035553 278.4608021378517 1312.2650563716888
v 581.0035139322281 251.59655660390854 1311.6303205490112
v 599.937316775322 223.6693225800991 1309.8242461681366
v 616.2237167358398 194.8459357023239 1306.8405747413635
v 629.7878623008728 165.302212536335 1302.6935756206512
v 640.5736148357391 135.21872609853745 1297.414791584015
v 648.5436737537384 104.77798953652382 1291.050410270691
v 653.6798268556595 74.16295409202576 1283.6638927459717
v 655.9800088405609 43.55152901262045 1275.3192007541656
v 521.8061059713364 13.117732526734471 1266.8795049190521
v 519.4499105215073 -10.796536691486835 1258.5668563842773
v 514.9633258581161 -34.37353502959013 1249.9449133872986
v 508.38271379470825 -57.51063209027052 1241.0612404346466
v 499.7532606124878 -80.11057488620281 1231.9608986377716
v 489.126755297184 -102.08125412464142 1222.6801872253418
v 476.56371742486954 -123.3365647494793 1213.2596611976624
v 462.13048696517944 -143.79576444625854 1203.7307381629944
v 445.9008201956749 -163.38422074913979 1194.1269636154175
v 427.9543876647949 -182.0331372320652 1184.4781279563904
v 408.37664902210236 -199.67970997095108 1174.8128950595856
v 387.25882172584534 -216.26792550086975 1165.1625573635101
v 364.69725519418716 -231.74829483032227 1155.5600345134735
v 340.7924920320511 -246.07791602611542 1146.0381209850311
v 315.64948707818985 -259.22141298651695 1136.6359949111938
v 289.3766060471535 -271.1507320404053 1127.3975908756256
v 262.0847336947918 -281.8449854850769 1118.3709740638733
v 233.88703912496567 -291.29154682159424 1109.6124708652496
v 204.89753633737564 -299.48459565639496 1101.1831641197205
v 175.23095905780792 -306.4264789223671 1093.1555271148682
v 145.00111788511276 -312.12649047374725 1085.6075406074524
v 114.32061865925789 -316.6003078222275 1078.6258220672607
v 83.29941518604755 -319.8692724108696 1072.302746772766
v 52.044762298464775 -321.95966988801956 1066.737449169159
v 20.659938734024763 -322.9016035795212 1062.035447359085
v -10.756205627694726 -322.7270230650902 1058.3028852939606
v -42.105626687407494 -321.3878005743027 1055.2872955799103
v -73.2803039252758 -318.827985227108 1052.6940286159515
v -104.17092405259609 -315.06957560777664 1050.5638897418976
v -134.67110842466354 -310.13588458299637 1048.9326775074005
v -164.67708349227905 -304.05191481113434 1047.8352516889572
v -194.08753216266632 -296.84376418590546 1047.3020911216736
v -222.80414924025536 -288.53765577077866 1047.3578542470932
v -250.73116421699524 -279.16053235530853 1048.0236321687698
v -277.7751535177231 -268.73918026685715 1049.3126302957535
v -303.8454473018646 -257.301340252161 1051.2363016605377
v -328.85395735502243 -244.87473741173744 1053.7973999977112
v -352.714566886425 -231.48841112852097 1056.996238231659
v -375.343756377697 -217.1715259552002 1060.8229279518127
v -396.66025936603546 -201.95492058992386 1065.2628242969513
v -416.58546924591064 -185.87163984775543 1070.2985286712646
v -435.04293859004974 -168.95640268921852 1075.9016275405884
v -451.95878595113754 -151.2469008564949 1082.0384502410889
v -467.26269721984863 -132.78439342975616 1088.6723220348358
v -480.88670521974564 -113.61400410532951 1095.7573056221008
v -492.7663788199425 -93.7852531671524 1103.240329027176
v -502.84204334020615 -73.35280068218708 1111.0673189163208
v -511.0569655895233 -52.376958914101124 1119.1721856594086
v -517.3612028360367 -30.923930928111076 1127.4933457374573
v -521.7095375061035 -9.066113736480474 1135.9598278999329
v -524.0633860230446 13.117763819172978 1144.499284029007
v -524.376967549324 35.5413805693388 1152.9466152191162
v -522.615672647953 58.10763705521822 1161.1543715000153
v -518.7703013420105 80.71439377963543 1169.0799951553345
v -512.8416985273361 103.2562617212534 1176.684558391571
v -504.8421621322632 125.62603689730167 1183.9406490325928
v -494.7932839393616 147.7152518928051 1190.8193528652191
v -482.72814005613327 169.41632330417633 1197.3056495189667
v -468.6900392174721 190.62248915433884 1203.3878982067108
v -452.7329295873642 211.2295612692833 1209.063720703125
v -434.9202409386635 231.13740384578705 1214.3396258354187
v -415.3255105018616 250.249432772398 1219.2272543907166
v -394.0298482775688 268.47488433122635 1223.7435042858124
v -371.1232513189316 285.72881519794464 1227.913910150528
v -346.70247584581375 301.93219631910324 1231.7655086517334
v -320.87063044309616 317.0124292373657 1235.3280901908875
v -293.7360182404518 330.9040814638138 1238.6346995830536
v -265.412637591362 343.5472905635834 1241.716879606247
v -236.0179916024208 354.88923490047455 1244.607174396515
v -205.67315071821213 364.88285064697266 1247.3331212997437
v -174.5025023818016 373.48683178424835 1249.920505285263
v -142.63213947415352 380.6655675172806 1252.3899793624878
v -110.19081473350525 386.38861030340195 1254.7575652599335
v -77.30953395366669 390.6304255127907 1257.0327758789062
v -44.120366871356964 393.3702349662781 1259.2181146144867
v -10.756177268922329 394.59223598241806 1261.310076713562
v 22.65179045498371 394.364270567894 1263.6494994163513
v 55.98470717668533 392.7481412887573 1266.529405117035
v 89.12402540445328 389.72347676754 1269.862049818039
v 121.94779850542545 385.27256548404694 1273.5515534877777
v 154.33077067136765 379.38110679388046 1277.4937748908997
v 186.14461943507195 372.039932012558 1281.5801918506622
v 217.25870668888092 363.2465064525604 1285.6997787952423
v 247.54049330949783 353.00596207380295 1289.7391319274902
v 276.85656398534775 341.3330376148224 1293.587726354599
v 305.0743952393532 328.2517343759537 1297.1361637115479
v 332.0617765188217 313.79810124635696 1300.2806782722473
v 357.68997073173523 298.0187952518463 1302.922636270523
v 381.83446526527405 280.9733346104622 1304.9745440483093
v 404.3761298060417 262.7329096198082 1306.3577950000763
v 425.2030625939369 243.37963163852692 1307.0030450820923
v 444.21190470457077 223.00731539726257 1306.856095790863
v 461.30840331315994 201.71996131539345 1305.874639749527
v 476.40913277864456 179.6298310160637 1304.027509689331
v 489.4429340958595 156.8566806614399 1301.2989342212677
v 500.3504455089569 133.5263840854168 1297.6856589317322
v 509.0846657752991 109.76871885359287 1293.1924402713776
v 515.6123623251915 85.71605198085308 1287.8390550613403
v 519.9119433760643 61.50203738361597 1281.6469073295593
v 521.9751164317131 37.25890517234802 1274.6480405330658
v 387.5291883945465 13.117732526734471 1259.4559371471405
v 385.98290383815765 -4.6498172683641315 1252.9359698295593
v 382.84571170806885 -22.205202374607325 1246.1467623710632
v 378.14123779535294 -39.47281390428543 1239.1281187534332
v 371.8989282846451 -56.38014581054449 1231.9118320941925
v 364.15448784828186 -72.85818457603455 1224.5311975479126
v 354.94972318410873 -88.84172849357128 1217.019510269165
v 344.3319484591484 -104.26956564188004 1209.4106912612915
v 332.3537662625313 -119.08460296690464 1201.7370343208313
v 319.0724730491638 -133.23401883244514 1194.0308332443237
v 304.5502781867981 -146.66959941387177 1186.3263845443726
v 288.8535216450691 -159.3479186296463 1178.6592364311218
v 272.0521420240402 -171.2298922240734 1171.0636854171753
v 254.21950444579124 -182.28131756186485 1163.575279712677
v 235.43222844600677 -192.4731083214283 1156.234449148178
v 215.76923355460167 -201.78077816963196 1149.0811228752136
v 195.31180188059807 -210.18505096435547 1142.161113023758
v 174.14238899946213 -217.67084375023842 1135.5177283287048
v 152.3449994623661 -224.2281273007393 1129.2017877101898
v 130.00408373773098 -229.85095605254173 1123.2633590698242
v 107.20420964062214 -234.53764021396637 1117.7571415901184
v 84.02977287769318 -238.28965052962303 1112.7354562282562
v 60.56450419127941 -241.11290127038956 1108.2597613334656
v 36.89110167324543 -243.01437065005302 1104.3832540512085
v 13.090966735035181 -244.0045729279518 1101.1656403541565
v -10.756199760362506 -244.09475773572922 1098.6602425575256
v -34.570540487766266 -243.2602509856224 1096.6977059841156
v -58.267384953796864 -241.47462621331215 1095.086020231247
v -81.76136054098606 -238.74977454543114 1093.848341703415
v -104.96866218745708 -235.0989170372486 1093.0009424686432
v -127.80704163014889 -230.53838834166527 1092.5661027431488
v -150.19556879997253 -225.08486732840538 1092.5554633140564
v -172.0554806292057 -218.75758320093155 1092.9831683635712
v -193.3097429573536 -211.57692298293114 1093.8589811325073
v -213.88334780931473 -203.56490090489388 1095.1905369758606
v -233.70300829410553 -194.74431350827217 1096.977710723877
v -252.69834771752357 -185.14031991362572 1099.2237567901611
v -270.80022543668747 -174.7789554297924 1101.9215404987335
v -287.942598760128 -163.68800774216652 1105.0634264945984
v -304.0614902973175 -151.8972359597683 1108.637148141861
v -319.09559816122055 -139.43838626146317 1112.6273095607758
v -332.98662453889847 -126.34543441236019 1117.0160114765167
v -345.6786498427391 -112.65447624027729 1121.7784702777863
v -357.1192279458046 -98.40418137609959 1126.88689827919
v -367.2590419650078 -83.63632522523403 1132.3112547397614
v -376.0526552796364 -68.39554645121098 1138.0184948444366
v -383.45838636159897 -52.72939000278711 1143.9719438552856
v -389.43868428468704 -36.68908942490816 1150.1325488090515
v -393.9608171582222 -20.32880214974284 1156.4601302146912
v -396.9971537590027 -3.7062490358948708 1162.9153847694397
v -398.52444380521774 13.117756973952055 1169.4503724575043
v -398.5180914402008 30.078460089862347 1175.9573221206665
v -396.95988446474075 47.1054894849658 1182.3302149772644
v -393.84750723838806 64.12600222975016 1188.5433912277222
v -389.18540328741074 81.06562793254852 1194.5736944675446
v -382.9851821064949 97.84897528588772 1200.400847196579
v -375.2656817436218 114.40048478543758 1206.0073256492615
v -366.0524681210518 130.64493723213673 1211.3789856433868
v -355.37849217653275 146.50781750679016 1216.506814956665
v -343.2835891842842 161.91608905792236 1221.3846802711487
v -329.81394678354263 176.79874151945114 1226.009202003479
v -315.0225430727005 191.08677506446838 1230.380630493164
v -298.96827042102814 204.71471026539803 1234.503972530365
v -281.7158415913582 217.62018129229546 1238.3857369422913
v -263.33516389131546 229.74426448345184 1242.0346856117249
v -243.90133917331696 241.03211984038353 1245.4613327980042
v -223.49306792020798 251.432865858078 1248.6750662326813
v -202.19435468316078 260.90000197291374 1251.6896545886993
v -180.0919108092785 269.39103305339813 1254.5148611068726
v -157.27599933743477 276.8682673573494 1257.1615755558014
v -133.8397778570652 283.29798728227615 1259.6386849880219
v -109.87837538123131 288.6514663696289 1261.9544506072998
v -85.48918180167675 292.90348291397095 1264.1107499599457
v -60.77188700437546 296.03407233953476 1266.1122143268585
v -35.82709617912769 298.0270251631737 1267.9553389549255
v -10.756179224699736 298.87107610702515 1269.636869430542
v 14.339727675542235 298.59448224306107 1271.3613331317902
v 39.36516009271145 297.22647070884705 1273.3119785785675
v 64.22512494027615 294.76156532764435 1275.4424929618835
v 88.82364928722382 291.1977007985115 1277.702683210373
v 113.06388303637505 286.5360036492348 1280.0345957279205
v 136.84857711195946 280.78220039606094 1282.379651069641
v 160.08027121424675 273.94652366638184 1284.6753895282745
v 182.66186490654945 266.04436933994293 1286.8580996990204
v 204.496930539608 257.0970632135868 1288.862943649292
v 225.4913091659546 247.13211134076118 1290.6303405761719
v 245.55181190371513 236.18332520127296 1292.0977056026459
v 264.58895802497864 224.2913380265236 1293.2093381881714
v 282.51648992300034 211.50327622890472 1293.9127922058105
v 299.25253093242645 197.87316620349884 1294.1601276397705
v 314.72047716379166 183.4609642624855 1293.9097881317139
v 328.84910702705383 168.33279132843018 1293.1245982646942
v 341.5735200047493 152.56077647209167 1291.7763948440552
v 352.8360441327095 136.22175827622414 1289.8432731628418
v 362.5864237546921 119.39660422503948 1287.3104631900787
v 370.7820385694504 102.16995254158974 1284.1685771942139
v 377.3884981870651 84.62914042174816 1280.4156124591827
v 382.37989246845245 66.8631948530674 1276.0560750961304
v 385.73841601610184 48.96269179880619 1271.099478006363
v 387.4549001455307 31.017538346350193 1265.5579626560211
v 253.67040038108826 13.117732526734471 1246.6791093349457
v 252.80231684446335 1.3976671092677861 1242.1935260295868
v 250.88362097740173 -10.211640922352672 1237.5365853309631
v 247.92653247714043 -21.661603823304176 1232.727688550949
v 243.94743293523788 -32.90517255663872 1227.7881145477295
v 238.96756991744041 -43.897185288369656 1222.7457761764526
v 233.0114610493183 -54.59435284137726 1217.6228284835815
v 226.10756680369377 -64.95543960481882 1212.4415516853333
v 218.28832179307938 -74.94177594780922 1207.2306096553802
v 209.58903953433037 -84.51678492128849 1202.0126581192017
v 200.04864782094955 -93.6466746032238 1196.8158602714539
v 189.70885947346687 -102.30028554797173 1191.667127609253
v 178.61401587724686 -110.44897735118866 1186.593121290207
v 166.81105569005013 -118.06698851287365 1181.6225051879883
v 154.34904545545578 -125.13136602938175 1176.7846941947937
v 141.27885103225708 -131.62153512239456 1172.105348110199
v 127.65329405665398 -137.51995638012886 1167.6156342029572
v 113.52652609348297 -142.81183630228043 1163.345843553543
v 98.95380176603794 -147.48462662100792 1159.3246400356293
v 83.99143181741238 -151.52850151062012 1155.5825650691986
v 68.69622766971588 -154.9356535077095 1152.1465301513672
v 53.1257439404726 -157.7010601758957 1149.0489542484283
v 37.33751177787781 -159.82112288475037 1146.3151216506958
v 21.389367431402206 -161.29418313503265 1143.9699411392212
v 5.339009268209338 -162.12075725197792 1142.0413255691528
v -10.756195848807693 -162.30240985751152 1140.5496776103973
v -26.838583778589964 -161.83042600750923 1139.4090056419373
v -42.848994210362434 -160.6972172856331 1138.5255575180054
v -58.728060498833656 -158.90866667032242 1137.9100978374481
v -74.41720515489578 -156.4719557762146 1137.5666320323944
v -89.85860757529736 -153.39658185839653 1137.5039219856262
v -104.99540157616138 -149.6939666569233 1137.7294778823853
v -119.771808385849 -145.3764706850052 1138.2427990436554
v -134.13342610001564 -140.45877009630203 1139.0491425991058
v -148.02714362740517 -134.95694920420647 1140.1487588882446
v -161.40137538313866 -128.88874299824238 1141.5406465530396
v -174.20639768242836 -122.27331809699535 1143.22167634964
v -186.39376983046532 -115.1314526796341 1145.18483877182
v -197.91761711239815 -107.48586505651474 1147.4265038967133
v -208.73386412858963 -99.36063475906849 1149.9380350112915
v -218.80042254924774 -90.78135900199413 1152.706915140152
v -228.07780131697655 -81.7755438387394 1155.7221293449402
v -236.5289345383644 -72.37226776778698 1158.9692831039429
v -244.11927536129951 -62.602130882442 1162.430727481842
v -250.81729665398598 -52.497841604053974 1166.0916924476624
v -256.594068557024 -42.09348913282156 1169.931024312973
v -261.4241972565651 -31.424875929951668 1173.9299476146698
v -265.2853712439537 -20.529717206954956 1178.0699372291565
v -268.15845519304276 -9.446884039789438 1182.3253333568573
v -270.02808451652527 1.7829491465818137 1186.6738557815552
v -270.88277488946915 13.117749150842428 1191.0959780216217
v -270.71176171302795 24.51399564743042 1195.5289900302887
v -269.5083796977997 35.925956815481186 1199.9134361743927
v -267.2737240791321 47.30702452361584 1204.2354226112366
v -264.01302069425583 58.61000195145607 1208.480304479599
v -259.73562598228455 69.78722289204597 1212.630307674408
v -254.45565283298492 80.79125583171844 1216.674917936325
v -248.1913760304451 91.57503694295883 1220.6049978733063
v -240.9652166068554 102.09180749952793 1224.4085311889648
v -232.80410170555115 112.2958492487669 1228.0801355838776
v -223.7387292087078 122.14253135025501 1231.6119253635406
v -213.80409970879555 131.58825561404228 1234.9983930587769
v -203.03873419761658 140.5914656817913 1238.2365345954895
v -191.48494005203247 149.1120994091034 1241.3227200508118
v -179.18843552470207 157.11219906806946 1244.254446029663
v -166.19838103652 164.5562008023262 1247.0330893993378
v -152.5663934648037 171.4108407497406 1249.6563971042633
v -138.3475162088871 177.64509245753288 1252.1236181259155
v -123.59895184636116 183.2309491932392 1254.4348776340485
v -108.38025771081448 188.1429858505726 1256.589549779892
v -92.75323636829853 192.35892221331596 1258.5885107517242
v -76.78094208240509 195.85899710655212 1260.4281306266785
v -60.52834577858448 198.62695410847664 1262.1082842350006
v -44.06184609979391 200.64950957894325 1263.6275947093964
v -27.448573149740696 201.9162118434906 1264.9805545806885
v -10.756181180477142 202.42033302783966 1266.1645352840424
v 5.947355297394097 202.16924250125885 1267.2747910022736
v 22.595868911594152 201.17267221212387 1268.399316072464
v 39.1235277056694 199.4314357638359 1269.5189595222473
v 55.4645799100399 196.9494603574276 1270.6153213977814
v 71.55344635248184 193.7332235276699 1271.6637432575226
v 87.32504658401012 189.79198783636093 1272.637689113617
v 102.71514505147934 185.13878658413887 1273.5140025615692
v 117.66040585935116 179.789250344038 1274.2637693881989
v 132.09874480962753 173.7625613808632 1274.8592019081116
v 145.97016647458076 167.081156373024 1275.2735137939453
v 159.2159740626812 159.77114886045456 1275.4804193973541
v 171.78029492497444 151.8619067966938 1275.4560112953186
v 183.60954076051712 143.3858960866928 1275.174754858017
v 194.65315863490105 134.3790091574192 1274.6141195297241
v 204.86411601305008 124.88022074103355 1273.7568318843842
v 214.1987755894661 114.93128277361393 1272.585117816925
v 222.61720821261406 104.57686521112919 1271.0849583148956
v 230.0839126110077 93.86393800377846 1269.24746632576
v 236.56762763857841 82.84121565520763 1267.0627534389496
v 242.04170778393745 71.5595718473196 1264.5284414291382
v 246.48418575525284 60.07108110934496 1261.6425275802612
v 249.87783506512642 48.42872153967619 1258.4056377410889
v 252.21067070960999 36.686574295163155 1254.826533794403
v 253.4756362438202 24.898288305848837 1250.914603471756
v 120.87222263216972 13.117732526734471 1232.2121143341064
v 120.52490003407001 7.314791344106197 1229.933524131775
v 119.6576613932848 1.5509177930653095 1227.5897204875946
v 118.2749580591917 -4.150641267187893 1225.1880884170532
v 116.38346314430237 -9.767109341919422 1222.7398931980133
v 113.99191506206989 -15.276291780173779 1220.2574014663696
v 111.11086718738079 -20.656610000878572 1217.7507519721985
v 107.75297731161118 -25.887278001755476 1215.233463048935
v 103.93257737159729 -30.948286224156618 1212.7164244651794
v 99.66577515006065 -35.82047000527382 1210.2109014987946
v 94.97059509158134 -40.48582836985588 1207.7340424060822
v 89.86628204584122 -44.92707420140505 1205.293607711792
v 84.37386453151703 -49.12823662161827 1202.9061198234558
v 78.51560711860657 -53.07426396757364 1200.582218170166
v 72.31507301330566 -56.75129760056734 1198.3344197273254
v 65.79710841178894 -60.14666799455881 1196.175742149353
v 58.987584337592125 -63.248867355287075 1194.1195785999298
v 51.9133223220706 -66.04757308959961 1192.1771943569183
v 44.60201617330313 -68.53361651301384 1190.3597295284271
v 37.08213418722153 -70.6989984959364 1188.6783242225647
v 29.382737260311842 -72.53695204854012 1187.1424913406372
v 21.53352191671729 -74.04200099408627 1185.7644975185394
v 13.564485870301723 -75.20960010588169 1184.551101922989
v 5.506083997897804 -76.03645585477352 1183.5101902484894
v -2.611049870029092 -76.52045600116253 1182.6496481895447
v -10.756189981475472 -76.66041925549507 1181.9723546504974
v -18.898440431803465 -76.45520344376564 1181.4615368843079
v -27.00678063556552 -75.90414360165596 1181.0870289802551
v -35.05017925053835 -75.00973530113697 1180.8538377285004
v -42.99797359853983 -73.77542071044445 1180.7630896568298
v -50.8198119699955 -72.20583111047745 1180.8157861232758
v -58.4858413785696 -70.30689641833305 1181.0150563716888
v -65.96675254404545 -68.08533668518066 1181.3572704792023
v -73.23394417762756 -65.54923709481955 1181.8434298038483
v -80.25955818593502 -62.70766071975231 1182.4717819690704
v -87.01660484075546 -59.5707893371582 1183.2409501075745
v -93.4791661798954 -56.149802170693874 1184.1488063335419
v -99.62212219834328 -52.45685242116451 1185.1912200450897
v -105.42172193527222 -48.50507900118828 1186.364060640335
v -110.85534878075123 -44.30859871208668 1187.6623213291168
v -115.90173952281475 -39.882541447877884 1189.0832483768463
v -120.54089047014713 -35.242713801562786 1190.6174540519714
v -124.75453466176987 -30.40606454014778 1192.263686656952
v -128.52560989558697 -25.389988347887993 1194.010055065155
v -131.83886110782623 -20.212936028838158 1195.8503007888794
v -134.68074649572372 -14.894038997590542 1197.7787911891937
v -137.03935146331787 -9.452933259308338 1199.7845113277435
v -138.9046624302864 -3.910101915244013 1201.8612027168274
v -140.26838690042496 1.7136378621216863 1203.9977252483368
v -141.1242663860321 7.3968562530353665 1206.1853170394897
v -141.46799817681313 13.117740349844098 1208.4170937538147
v -141.29668772220612 18.854120559990406 1210.6701493263245
v -140.60947448015213 24.58337489515543 1212.92245388031
v -139.40817341208458 30.282772332429886 1215.16774892807
v -137.69652396440506 35.92948894947767 1217.3980236053467
v -135.48031523823738 41.500661708414555 1219.6037650108337
v -132.76752680540085 46.97367791086435 1221.779090166092
v -129.56795319914818 52.32616737484932 1223.9152371883392
v -125.89358724653721 57.536096312105656 1226.0069489479065
v -121.75833061337471 62.5819081440568 1228.0489683151245
v -117.17780604958534 67.44253523647785 1230.030906200409
v -112.1698971837759 72.0976609736681 1231.9520115852356
v -106.75384886562824 76.52764543890953 1233.8036477565765
v -100.95090866088867 80.71380704641342 1235.582935810089
v -94.78384181857109 84.63836386799812 1237.2854948043823
v -88.27703297138214 88.28449621796608 1238.906443119049
v -81.45604021847248 91.63661263883114 1240.4410243034363
v -74.34815056622028 94.68018561601639 1241.8861091136932
v -66.98165237903595 97.40204885601997 1243.2381927967072
v -59.385960549116135 99.79034252464771 1244.4942712783813
v -51.59159302711487 101.83459930121899 1245.6514656543732
v -43.62968970090151 103.52566614747047 1246.7047691345215
v -35.53229011595249 104.85608763992786 1247.65305519104
v -27.332147676497698 105.81977739930153 1248.4933197498322
v -19.062348268926144 106.41222149133682 1249.2225587368011
v -10.756182158365846 106.63067400455475 1249.840271472931
v -2.4472532677464187 106.47499412298203 1250.3656089305878
v 5.831108777783811 105.94714544713497 1250.82648396492
v 14.045707834884524 105.04867695271969 1251.2161374092102
v 22.1635521389544 103.78286652266979 1251.5304386615753
v 30.15199340879917 102.15451754629612 1251.7641305923462
v 37.97881510108709 100.16975551843643 1251.9098281860352
v 45.61245683580637 97.83653654158115 1251.9644021987915
v 53.022060357034206 95.16408406198025 1251.9208431243896
v 60.177584923803806 92.16317050158978 1251.7736434936523
v 67.05019064247608 88.84590603411198 1251.5165448188782
v 73.61181601881981 85.22594198584557 1251.1435389518738
v 79.83590550720692 81.31820484995842 1250.6502449512482
v 85.6972374022007 77.13895104825497 1250.0321567058563
v 91.17201380431652 72.70568087697029 1249.2856442928314
v 96.23807184398174 68.03684122860432 1248.4050750732422
v 100.87507925927639 63.152216747403145 1247.3909497261047
v 105.06412759423256 58.07237047702074 1246.2368845939636
v 108.78863967955112 52.818948961794376 1244.9468851089478
v 112.03382201492786 47.41410333663225 1243.5198247432709
v 114.78681340813637 41.880724020302296 1241.9549524784088
v 117.03706048429012 36.242299899458885 1240.2572751045227
v 118.77594217658043 30.522576067596674 1238.4277939796448
v 119.99718435108662 24.745811987668276 1236.4738941192627
v 120.69661729037762 18.936095014214516 1234.4004571437836
v -10.75627407990396 13.117732526734471 1220.3758120536804
f 1 2 3
f 1 3 4
f 1 4 5
f 1 5 6
f 1 6 7
f 1 7 8
f 1 8 9
f 1 9 10
f 1 10 11
f 1 11 12
f 1 12 13
f 1 13 14
f 1 14 15
f 1 15 16
f 1 16 17
f 1 17 18
f 1 18 19
f 1 19 20
f 1 20 21
f 1 21 22
f 1 22 23
f 1 23 24
f 1 24 25
f 1 25 26
f 1 26 27
f 1 27 28
f 1 28 29
f 1 29 30
f 1 30 31
f 1 31 32
f 1 32 33
f 1 33 34
f 1 34 35
f 1 35 36
f 1 36 37
f 1 37 38
f 1 38 39
f 1 39 40
f 1 40 41
f 1 41 42
f 1 42 43
f 1 43 44
f 1 44 45
f 1 45 46
f 1 46 47
f 1 47 48
f 1 48 49
f 1 49 50
f 1 50 51
f 1 51 52
f 1 52 53
f 1 53 54
f 1 54 55
f 1 55 56
f 1 56 57
f 1 57 58
f 1 58 59
f 1 59 60
f 1 60 61
f 1 61 62
f 1 62 63
f 1 63 64
f 1 64 65
f 1 65 66
f 1 66 67
f 1 67 68
f 1 68 69
f 1 69 70
f 1 70 71
f 1 71 72
f 1 72 73
f 1 73 74
f 1 74 75
f 1 75 76
f 1 76 77
f 1 77 78
f 1 78 79
f 1 79 80
f 1 80 81
f 1 81 82
f 1 82 83
f 1 83 84
f 1 84 85
f 1 85 86
f 1 86 87
f 1 87 88
f 1 88 89
f 1 89 90
f 1 90 91
f 1 91 92
f 1 92 93
f 1 93 94
f 1 94 95
f 1 95 96
f 1 96 97
f 1 97 98
f 1 98 99
f 1 99 100
f 1 100 101
f 1 101 2
f 2 102 3
f 3 102 103
f 3 103 4
f 4 103 104
f 4 104 5
f 5 104 105
f 5 105 6
f 6 105 106
f 6 106 7
f 7 106 107
f 7 107 8
f 8 107 108
f 8 108 9
f 9 108 109
f 9 109 10
f 10 109 110
f 10 110 11
f 11 110 111
f 11 111 12
f 12 111 112
f 12 112 13
f 13 112 113
f 13 113 14
f 14 113 114
f 14 114 15
f 15 114 115
f 15 115 16
f 16 115 116
f 16 116 17
f 17 116 117
f 17 117 18
f 18 117 118
f 18 118 19
f 19 118 119
f 19 119 20
f 20 119 120
f 20 120 21
f 21 120 121
f 21 121 22
f 22 121 122
f 22 122 23
f 23 122 123
f 23 123 24
f 24 123 124
f 24 124 25
f 25 124 125
f 25 125 26
f 26 125 126
f 26 126 27
f 27 126 127
f 27 127 28
f 28 127 128
f 28 128 29
f 29 128 129
f 29 129 30
f 30 129 130
f 30 130 31
f 31 130 131
f 31 131 32
f 32 131 132
f 32 132 33
f 33 132 133
f 33 133 34
f 34 133 134
f 34 134 35
f 35 134 135
f 35 135 36
f 36 135 136
f 36 136 37
f 37 136 137
f 37 137 38
f 38 137 138
f 38 138 39
f 39 138 139
f 39 139 40
f 40 139 140
f 40 140 41
f 41 140 141
f 41 141 42
f 42 141 142
f 42 142 43
f 43 142 143
f 43 143 44
f 44 143 144
f 44 144 45
f 45 144 145
f 45 145 46
f 46 145 146
f 46 146 47
f 47 146 147
f 47 147 48
f 48 147 148
f 48 148 49
f 49 148 149
f 49 149 50
f 50 149 150
f 50 150 51
f 51 150 151
f 51 151 52
f 52 151 152
f 52 152 53
f 53 152 153
f 53 153 54
f 54 153 154
f 54 154 55
f 55 154 155
f 55 155 56
f 56 155 156
f 56 156 57
f 57 156 157
f 57 157 58
f 58 157 158
f 58 158 59
f 59 158 159
f 59 159 60
f 60 159 160
f 60 160 61
f 61 160 161
f 61 161 62
f 62 161 162
f 62 162 63
f 63 162 163
f 63 163 64
f 64 163 164
f 64 164 65
f 65 164 165
f 65 165 66
f 66 165 166
f 66 166 67
f 67 166 167
f 67 167 68
f 68 167 168
f 68 168 69
f 69 168 169
f 69 169 70
f 70 169 170
f 70 170 71
f 71 170 171
f 71 171 72
f 72 171 172
f 72 172 73
f 73 172 173
f 73 173 74
f 74 173 174
f 74 174 75
f 75 174 175
f 75 175 76
f 76 175 176
f 76 176 77
f 77 176 177
f 77 177 78
f 78 177 178
f 78 178 79
f 79 178 179
f 79 179 80
f 80 179 180
f 80 180 81
f 81 180 181
f 81 181 82
f 82 181 182
f 82 182 83
f 83 182 183
f 83 183 84
f 84 183 184
f 84 184 85
f 85 184 185
f 85 185 86
f 86 185 186
f 86 186 87
f 87 186 187
f 87 187 88
f 88 187 188
f 88 188 89
f 89 188 189
f 89 189 90
f 90 189 190
f 90 190 91
f 91 190 191
f 91 191 92
f 92 191 192
f 92 192 93
f 93 192 193
f 93 193 94
f 94 193 194
f 94 194 95
f 95 194 195
f 95 195 96
f 96 195 196
f 96 196 97
f 97 196 197
f 97 197 98
f 98 197 198
f 98 198 99
f 99 198 199
f 99 199 100
f 100 199 200
f 100 200 101
f 101 200 201
f 101 201 2
f 2 201 102
f 102 202 103
f 103 202 203
f 103 203 104
f 104 203 204
f 104 204 105
f 105 204 205
f 105 205 106
f 106 205 206
f 106 206 107
f 107 206 207
f 107 207 108
f 108 207 208
f 108 208 109
f 109 208 209
f 109 209 110
f 110 209 210
f 110 210 111
f 111 210 211
f 111 211 112
f 112 211 212
f 112 212 113
f 113 212 213
f 113 213 114
f 114 213 214
f 114 214 115
f 115 214 215
f 115 215 116
f 116 215 216
f 116 216 117
f 117 216 217
f 117 217 118
f 118 217 218
f 118 218 119
f 119 218 219
f 119 219 120
f 120 219 220
f 120 220 121
f 121 220 221
f 121 221 122
f 122 221 222
f 122 222 123
f 123 222 223
f 123 223 124
f 124 223 224
f 124 224 125
f 125 224 225
f 125 225 126
f 126 225 226
f 126 226 127
f 127 226 227
f 127 227 128
f 128 227 228
f 128 228 129
f 129 228 229
f 129 229 130
f 130 229 230
f 130 230 131
f 131 230 231
f 131 231 132
f 132 231 232
f 132 232 133
f 133 232 233
f 133 233 134
f 134 233 234
f 134 234 135
f 135 234 235
f 135 235 136
f 136 235 236
f 136 236 137
f 137 236 237
f 137 237 138
f 138 237 238
f 138 238 139
f 139 238 239
f 139 239 140
f 140 239 240
f 140 240 141
f 141 240 241
f 141 241 142
f 142 241 242
f 142 242 143
f 143 242 243
f 143 243 144
f 144 243 244
f 144 244 145
f 145 244 245
f 145 245 146
f 146 245 246
f 146 246 147
f 147 246 247
f 147 247 148
f 148 247 248
f 148 248 149
f 149 248 249
f 149 249 150
f 150 249 250
f 150 250 151
f 151 250 251
f 151 251 152
f 152 251 252
f 152 252 153
f 153 252 253
f 153 253 154
f 154 253 254
f 154 254 155
f 155 254 255
f 155 255 156
f 156 255 256
f 156 256 157
f 157 256 257
f 157 257 158
f 158 257 258
f 158 258 159
f 159 258 259
f 159 259 160
f 160 259 260
f 160 260 161
f 161 260 261
f 161 261 162
f 162 261 262
f 162 262 163
f 163 262 263
f 163 263 164
f 164 263 264
f 164 264 165
f 165 264 265
f 165 265 166
f 166 265 266
f 166 266 167
f 167 266 267
f 167 267 168
f 168 267 268
f 168 268 169
f 169 268 269
f 169 269 170
f 170 269 270
f 170 270 171
f 171 270 271
f 171 271 172
f 172 271 272
f 172 272 173
f 173 272 273
f 173 273 174
f 174 273 274
f 174 274 175
f 175 274 275
f 175 275 176
f 176 275 276
f 176 276 177
f 177 276 277
f 177 277 178
f 178 277 278
f 178 278 179
f 179 278 279
f 179 279 180
f 180 279 280
f 180 280 181
f 181 280 281
f 181 281 182
f 182 281 282
f 182 282 183
f 183 282 283
f 183 283 184
f 184 283 284
f 184 284 185
f 185 284 285
f 185 285 186
f 186 285 286
f 186 286 187
f 187 286 287
f 187 287 188
f 188 287 288
f 188 288 189
f 189 288 289
f 189 289 190
f 190 289 290
f 190 290 191
f 191 290 291
f 191 291 192
f 192 291 292
f 192 292 193
f 193 292 293
f 193 293 194
f 194 293 294
f 194 294 195
f 195 294 295
f 195 295 196
f 196 295 296
f 196 296 197
f 197 296 297
f 197 297 198
f 198 297 298
f 198 298 199
f 199 298 299
f 199 299 200
f 200 299 300
f 200 300 201
f 201 300 301
f 201 301 102
f 102 301 202
f 202 302 203
f 203 302 303
f 203 303 204
f 204 303 304
f 204 304 205
f 205 304 305
f 205 305 206
f 206 305 306
f 206 306 207
f 207 306 307
f 207 307 208
f 208 307 308
f 208 308 209
f 209 308 309
f 209 309 210
f 210 309 310
f 210 310 211
f 211 310 311
f 211 311 212
f 212 311 312
f 212 312 213
f 213 312 313
f 213 313 214
f 214 313 314
f 214 314 215
f 215 314 315
f 215 315 216
f 216 315 316
f 216 316 217
f 217 316 317
f 217 317 218
f 218 317 318
f 218 318 219
f 219 318 319
f 219 319 220
f 220 319 320
f 220 320 221
f 221 320 321
f 221 321 222
f 222 321 322
f 222 322 223
f 223 322 323
f 223 323 224
f 224 323 324
f 224 324 225
f 225 324 325
f 225 325 226
f 226 325 326
f 226 326 227
f 227 326 327
f 227 327 228
f 228 327 328
f 228 328 229
f 229 328 329
f 229 329 230
f 230 329 330
f 230 330 231
f 231 330 331
f 231 331 232
f 232 331 332
f 232 332 233
f 233 332 333
f 233 333 234
f 234 333 334
f 234 334 235
f 235 334 335
f 235 335 236
f 236 335 336
f 236 336 237
f 237 336 337
f 237 337 238
f 238 337 338
f 238 338 239
f 239 338 339
f 239 339 240
f 240 339 340
f 240 340 241
f 241 340 341
f 241 341 242
f 242 341 342
f 242 342 243
f 243 342 343
f 243 343 244
f 244 343 344
f 244 344 245
f 245 344 345
f 245 345 246
f 246 345 346
f 246 346 247
f 247 346 347
f 247 347 248
f 248 347 348
f 248 348 249
f 249 348 349
f 249 349 250
f 250 349 350
f 250 350 251
f 251 350 351
f 251 351 252
f 252 351 352
f 252 352 253
f 253 352 353
f 253 353 254
f 254 353 354
f 254 354 255
f 255 354 355
f 255 355 256
f 256 355 356
f 256 356 257
f 257 356 357
f 257 357 258
f 258 357 358
f 258 358 259
f 259 358 359
f 259 359 260
f 260 359 360
f 260 360 261
f 261 360 361
f 261 361 262
f 262 361 362
f 262 362 263
f 263 362 363
f 263 363 264
f 264 363 364
f 264 364 265
f 265 364 365
f 265 365 266
f 266 365 366
f 266 366 267
f 267 366 367
f 267 367 268
f 268 367 368
f 268 368 269
f 269 368 369
f 269 369 270
f 270 369 370
f 270 370 271
f 271 370 371
f 271 371 272
f 272 371 372
f 272 372 273
f 273 372 373
f 273 373 274
f 274 373 374
f 274 374 275
f 275 374 375
f 275 375 276
f 276 375 376
f 276 376 277
f 277 376 377
f 277 377 278
f 278 377 378
f 278 378 279
f 279 378 379
f 279 379 280
f 280 379 380
f 280 380 281
f 281 380 381
f 281 381 282
f 282 381 382
f 282 382 283
f 283 382 383
f 283 383 284
f 284 383 384
f 284 384 285
f 285 384 385
f 285 385 286
f 286 385 386
f 286 386 287
f 287 386 387
f 287 387 288
f 288 387 388
f 288 388 289
f 289 388 389
f 289 389 290
f 290 389 390
f 290 390 291
f 291 390 391
f 291 391 292
f 292 391 392
f 292 392 293
f 293 392 393
f 293 393 294
f 294 393 394
f 294 394 295
f 295 394 395
f 295 395 296
f 296 395 396
f 296 396 297
f 297 396 397
f 297 397 298
f 298 397 398
f 298 398 299
f 299 398 399
f 299 399 300
f 300 399 400
f 300 400 301
f 301 400 401
f 301 401 202
f 202 401 302
f 302 402 303
f 303 402 403
f 303 403 304
f 304 403 404
f 304 404 305
f 305 404 405
f 305 405 306
f 306 405 406
f 306 406 307
f 307 406 407
f 307 407 308
f 308 407 408
f 308 408 309
f 309 408 409
f 309 409 310
f 310 409 410
f 310 410 311
f 311 410 411
f 311 411 312
f 312 411 412
f 312 412 313
f 313 412 413
f 313 413 314
f 314 413 414
f 314 414 315
f 315 414 415
f 315 415 316
f 316 415 416
f 316 416 317
f 317 416 417
f 317 417 318
f 318 417 418
f 318 418 319
f 319 418 419
f 319 419 320
f 320 419 420
f 320 420 321
f 321 420 421
f 321 421 322
f 322 421 422
f 322 422 323
f 323 422 423
f 323 423 324
f 324 423 424
f 324 424 325
f 325 424 425
f 325 425 326
f 326 425 426
f 326 426 327
f 327 426 427
f 327 427 328
f 328 427 428
f 328 428 329
f 329 428 429
f 329 429 330
f 330 429 430
f 330 430 331
f 331 430 431
f 331 431 332
f 332 431 432
f 332 432 333
f 333 432 433
f 333 433 334
f 334 433 434
f 334 434 335
f 335 434 435
f 335 435 336
f 336 435 436
f 336 436 337
f 337 436 437
f 337 437 338
f 338 437 438
f 338 438 339
f 339 438 439
f 339 439 340
f 340 439 440
f 340 440 341
f 341 440 441
f 341 441 342
f 342 441 442
f 342 442 343
f 343 442 443
f 343 443 344
f 344 443 444
f 344 444 345
f 345 444 445
f 345 445 346
f 346 445 446
f 346 446 347
f 347 446 447
f 347 447 348
f 348 447 448
f 348 448 349
f 349 448 449
f 349 449 350
f 350 449 450
f 350 450 351
f 351 450 451
f 351 451 352
f 352 451 452
f 352 452 353
f 353 452 453
f 353 453 354
f 354 453 454
f 354 454 355
f 355 454 455
f 355 455 356
f 356 455 456
f 356 456 357
f 357 456 457
f 357 457 358
f 358 457 458
f 358 458 359
f 359 458 459
f 359 459 360
f 360 459 460
f 360 460 361
f 361 460 461
f 361 461 362
f 362 461 462
f 362 462 363
f 363 462 463
f 363 463 364
f 364 463 464
f 364 464 365
f 365 464 465
f 365 465 366
f 366 465 466
f 366 466 367
f 367 466 467
f 367 467 368
f 368 467 468
f 368 468 369
f 369 468 469
f 369 469 370
f 370 469 470
f 370 470 371
f 371 470 471
f 371 471 372
f 372 471 472
f 372 472 373
f 373 472 473
f 373 473 374
f 374 473 474
f 374 474 375
f 375 474 475
f 375 475 376
f 376 475 476
f 376 476 377
f 377 476 477
f 377 477 378
f 378 477 478
f 378 478 379
f 379 478 479
f 379 479 380
f 380 479 480
f 380 480 381
f 381 480 481
f 381 481 382
f 382 481 482
f 382 482 383
f 383 482 483
f 383 483 384
f 384 483 484
f 384 484 385
f 385 484 485
f 385 485 386
f 386 485 486
f 386 486 387
f 387 486 487
f 387 487 388
f 388 487 488
f 388 488 389
f 389 488 489
f 389 489 390
f 390 489 490
f 390 490 391
f 391 490 491
f 391 491 392
f 392 491 492
f 392 492 393
f 393 492 493
f 393 493 394
f 394 493 494
f 394 494 395
f 395 494 495
f 395 495 396
f 396 495 496
f 396 496 397
f 397 496 497
f 397 497 398
f 398 497 498
f 398 498 399
f 399 498 499
f 399 499 400
f 400 499 500
f 400 500 401
f 401 500 501
f 401 501 302
f 302 501 402
f 402 502 403
f 403 502 503
f 403 503 404
f 404 503 504
f 404 504 405
f 405 504 505
f 405 505 406
f 406 505 506
f 406 506 407
f 407 506 507
f 407 507 408
f 408 507 508
f 408 508 409
f 409 508 509
f 409 509 410
f 410 509 510
f 410 510 411
f 411 510 511
f 411 511 412
f 412 511 512
f 412 512 413
f 413 512 513
f 413 513 414
f 414 513 514
f 414 514 415
f 415 514 515
f 415 515 416
f 416 515 516
f 416 516 417
f 417 516 517
f 417 517 418
f 418 517 518
f 418 518 419
f 419 518 519
f 419 519 420
f 420 519 520
f 420 520 421
f 421 520 521
f 421 521 422
f 422 521 522
f 422 522 423
f 423 522 523
f 423 523 424
f 424 523 524
f 424 524 425
f 425 524 525
f 425 525 426
f 426 525 526
f 426 526 427
f 427 526 527
f 427 527 428
f 428 527 528
f 428 528 429
f 429 528 529
f 429 529 430
f 430 529 530
f 430 530 431
f 431 530 531
f 431 531 432
f 432 531 532
f 432 532 433
f 433 532 533
f 433 533 434
f 434 533 534
f 434 534 435
f 435 534 535
f 435 535 436
f 436 535 536
f 436 536 437
f 437 536 537
f 437 537 438
f 438 537 538
f 438 538 439
f 439 538 539
f 439 539 440
f 440 539 540
f 440 540 441
f 441 540 541
f 441 541 442
f 442 541 542
f 442 542 443
f 443 542 543
f 443 543 444
f 444 543 544
f 444 544 445
f 445 544 545
f 445 545 446
f 446 545 546
f 446 546 447
f 447 546 547
f 447 547 448
f 448 547 548
f 448 548 449
f 449 548 549
f 449 549 450
f 450 549 550
f 450 550 451
f 451 550 551
f 451 551 452
f 452 551 552
f 452 552 453
f 453 552 553
f 453 553 454
f 454 553 554
f 454 554 455
f 455 554 555
f 455 555 456
f 456 555 556
f 456 556 457
f 457 556 557
f 457 557 458
f 458 557 558
f 458 558 459
f 459 558 559
f 459 559 460
f 460 559 560
f 460 560 461
f 461 560 561
f 461 561 462
f 462 561 562
f 462 562 463
f 463 562 563
f 463 563 464
f 464 563 564
f 464 564 465
f 465 564 565
f 465 565 466
f 466 565 566
f 466 566 467
f 467 566 567
f 467 567 468
f 468 567 568
f 468 568 469
f 469 568 569
f 469 569 470
f 470 569 570
f 470 570 471
f 471 570 571
f 471 571 472
f 472 571 572
f 472 572 473
f 473 572 573
f 473 573 474
f 474 573 574
f 474 574 475
f 475 574 575
f 475 575 476
f 476 575 576
f 476 576 477
f 477 576 577
f 477 577 478
f 478 577 578
f 478 578 479
f 479 578 579
f 479 579 480
f 480 579 580
f 480 580 481
f 481 580 581
f 481 581 482
f 482 581 582
f 482 582 483
f 483 582 583
f 483 583 484
f 484 583 584
f 484 584 485
f 485 584 585
f 485 585 486
f 486 585 586
f 486 586 487
f 487 586 587
f 487 587 488
f 488 587 588
f 488 588 489
f 489 588 589
f 489 589 490
f 490 589 590
f 490 590 491
f 491 590 591
f 491 591 492
f 492 591 592
f 492 592 493
f 493 592 593
f 493 593 494
f 494 593 594
f 494 594 495
f 495 594 595
f 495 595 496
f 496 595 596
f 496 596 497
f 497 596 597
f 497 597 498
f 498 597 598
f 498 598 499
f 499 598 599
f 499 599 500
f 500 599 600
f 500 600 501
f 501 600 601
f 501 601 402
f 402 601 502
f 502 602 503
f 503 602 603
f 503 603 504
f 504 603 604
f 504 604 505
f 505 604 605
f 505 605 506
f 506 605 606
f 506 606 507
f 507 606 607
f 507 607 508
f 508 607 608
f 508 608 509
f 509 608 609
f 509 609 510
f 510 609 610
f 510 610 511
f 511 610 611
f 511 611 512
f 512 611 612
f 512 612 513
f 513 612 613
f 513 613 514
f 514 613 614
f 514 614 515
f 515 614 615
f 515 615 516
f 516 615 616
f 516 616 517
f 517 616 617
f 517 617 518
f 518 617 618
f 518 618 519
f 519 618 619
f 519 619 520
f 520 619 620
f 520 620 521
f 521 620 621
f 521 621 522
f 522 621 622
f 522 622 523
f 523 622 623
f 523 623 524
f 524 623 624
f 524 624 525
f 525 624 625
f 525 625 526
f 526 625 626
f 526 626 527
f 527 626 627
f 527 627 528
f 528 627 628
f 528 628 529
f 529 628 629
f 529 629 530
f 530 629 630
f 530 630 531
f 531 630 631
f 531 631 532
f 532 631 632
f 532 632 533
f 533 632 633
f 533 633 534
f 534 633 634
f 534 634 535
f 535 634 635
f 535 635 536
f 536 635 636
f 536 636 537
f 537 636 637
f 537 637 538
f 538 637 638
f 538 638 539
f 539 638 639
f 539 639 540
f 540 639 640
f 540 640 541
f 541 640 641
f 541 641 542
f 542 641 642
f 542 642 543
f 543 642 643
f 543 643 544
f 544 643 644
f 544 644 545
f 545 644 645
f 545 645 546
f 546 645 646
f 546 646 547
f 547 646 647
f 547 647 548
f 548 647 648
f 548 648 549
f 549 648 649
f 549 649 550
f 550 649 650
f 550 650 551
f 551 650 651
f 551 651 552
f 552 651 652
f 552 652 553
f 553 652 653
f 553 653 554
f 554 653 654
f 554 654 555
f 555 654 655
f 555 655 556
f 556 655 656
f 556 656 557
f 557 656 657
f 557 657 558
f 558 657 658
f 558 658 559
f 559 658 659
f 559 659 560
f 560 659 660
f 560 660 561
f 561 660 661
f 561 661 562
f 562 661 662
f 562 662 563
f 563 662 663
f 563 663 564
f 564 663 664
f 564 664 565
f 565 664 665
f 565 665 566
f 566 665 666
f 566 666 567
f 567 666 667
f 567 667 568
f 568 667 668
f 568 668 569
f 569 668 669
f 569 669 570
f 570 669 670
f 570 670 571
f 571 670 671
f 571 671 572
f 572 671 672
f 572 672 573
f 573 672 673
f 573 673 574
f 574 673 674
f 574 674 575
f 575 674 675
f 575 675 576
f 576 675 676
f 576 676 577
f 577 676 677
f 577 677 578
f 578 677 678
f 578 678 579
f 579 678 679
f 579 679 580
f 580 679 680
f 580 680 581
f 581 680 681
f 581 681 582
f 582 681 682
f 582 682 583
f 583 682 683
f 583 683 584
f 584 683 684
f 584 684 585
f 585 684 685
f 585 685 586
f 586 685 686
f 586 686 587
f 587 686 687
f 587 687 588
f 588 687 688
f 588 688 589
f 589 688 689
f 589 689 590
f 590 689 690
f 590 690 591
f 591 690 691
f 591 691 592
f 592 691 692
f 592 692 593
f 593 692 693
f 593 693 594
f 594 693 694
f 594 694 595
f 595 694 695
f 595 695 596
f 596 695 696
f 596 696 597
f 597 696 697
f 597 697 598
f 598 697 698
f 598 698 599
f 599 698 699
f 599 699 600
f 600 699 700
f 600 700 601
f 601 700 701
f 601 701 502
f 502 701 602
f 602 702 603
f 603 702 703
f 603 703 604
f 604 703 704
f 604 704 605
f 605 704 705
f 605 705 606
f 606 705 706
f 606 706 607
f 607 706 707
f 607 707 608
f 608 707 708
f 608 708 609
f 609 708 709
f 609 709 610
f 610 709 710
f 610 710 611
f 611 710 711
f 611 711 612
f 612 711 712
f 612 712 613
f 613 712 713
f 613 713 614
f 614 713 714
f 614 714 615
f 615 714 715
f 615 715 616
f 616 715 716
f 616 716 617
f 617 716 717
f 617 717 618
f 618 717 718
f 618 718 619
f 619 718 719
f 619 719 620
f 620 719 720
f 620 720 621
f 621 720 721
f 621 721 622
f 622 721 722
f 622 722 623
f 623 722 723
f 623 723 624
f 624 723 724
f 624 724 625
f 625 724 725
f 625 725 626
f 626 725 726
f 626 726 627
f 627 726 727
f 627 727 628
f 628 727 728
f 628 728 629
f 629 728 729
f 629 729 630
f 630 729 730
f 630 730 631
f 631 730 731
f 631 731 632
f 632 731 732
f 632 732 633
f 633 732 733
f 633 733 634
f 634 733 734
f 634 734 635
f 635 734 735
f 635 735 636
f 636 735 736
f 636 736 637
f 637 736 737
f 637 737 638
f 638 737 738
f 638 738 639
f 639 738 739
f 639 739 640
f 640 739 740
f 640 740 641
f 641 740 741
f 641 741 642
f 642 741 742
f 642 742 643
f 643 742 743
f 643 743 644
f 644 743 744
f 644 744 645
f 645 744 745
f 645 745 646
f 646 745 746
f 646 746 647
f 647 746 747
f 647 747 648
f 648 747 748
f 648 748 649
f 649 748 749
f 649 749 650
f 650 749 750
f 650 750 651
f 651 750 751
f 651 751 652
f 652 751 752
f 652 752 653
f 653 752 753
f 653 753 654
f 654 753 754
f 654 754 655
f 655 754 755
f 655 755 656
f 656 755 756
f 656 756 657
f 657 756 757
f 657 757 658
f 658 757 758
f 658 758 659
f 659 758 759
f 659 759 660
f 660 759 760
f 660 760 661
f 661 760 761
f 661 761 662
f 662 761 762
f 662 762 663
f 663 762 763
f 663 763 664
f 664 763 764
f 664 764 665
f 665 764 765
f 665 765 666
f 666 765 766
f 666 766 667
f 667 766 767
f 667 767 668
f 668 767 768
f 668 768 669
f 669 768 769
f 669 769 670
f 670 769 770
f 670 770 671
f 671 770 771
f 671 771 672
f 672 771 772
f 672 772 673
f 673 772 773
f 673 773 674
f 674 773 774
f 674 774 675
f 675 774 775
f 675 775 676
f 676 775 776
f 676 776 677
f 677 776 777
f 677 777 678
f 678 777 778
f 678 778 679
f 679 778 779
f 679 779 680
f 680 779 780
f 680 780 681
f 681 780 781
f 681 781 682
f 682 781 782
f 682 782 683
f 683 782 783
f 683 783 684
f 684 783 784
f 684 784 685
f 685 784 785
f 685 785 686
f 686 785 786
f 686 786 687
f 687 786 787
f 687 787 688
f 688 787 788
f 688 788 689
f 689 788 789
f 689 789 690
f 690 789 790
f 690 790 691
f 691 790 791
f 691 791 692
f 692 791 792
f 692 792 693
f 693 792 793
f 693 793 694
f 694 793 794
f 694 794 695
f 695 794 795
f 695 795 696
f 696 795 796
f 696 796 697
f 697 796 797
f 697 797 698
f 698 797 798
f 698 798 699
f 699 798 799
f 699 799 700
f 700 799 800
f 700 800 701
f 701 800 801
f 701 801 602
f 602 801 702
f 702 802 703
f 703 802 803
f 703 803 704
f 704 803 804
f 704 804 705
f 705 804 805
f 705 805 706
f 706 805 806
f 706 806 707
f 707 806 807
f 707 807 708
f 708 807 808
f 708 808 709
f 709 808 809
f 709 809 710
f 710 809 810
f 710 810 711
f 711 810 811
f 711 811 712
f 712 811 812
f 712 812 713
f 713 812 813
f 713 813 714
f 714 813 814
f 714 814 715
f 715 814 815
f 715 815 716
f 716 815 816
f 716 816 717
f 717 816 817
f 717 817 718
f 718 817 818
f 718 818 719
f 719 818 819
f 719 819 720
f 720 819 820
f 720 820 721
f 721 820 821
f 721 821 722
f 722 821 822
f 722 822 723
f 723 822 823
f 723 823 724
f 724 823 824
f 724 824 725
f 725 824 825
f 725 825 726
f 726 825 826
f 726 826 727
f 727 826 827
f 727 827 728
f 728 827 828
f 728 828 729
f 729 828 829
f 729 829 730
f 730 829 830
f 730 830 731
f 731 830 831
f 731 831 732
f 732 831 832
f 732 832 733
f 733 832 833
f 733 833 734
f 734 833 834
f 734 834 735
f 735 834 835
f 735 835 736
f 736 835 836
f 736 836 737
f 737 836 837
f 737 837 738
f 738 837 838
f 738 838 739
f 739 838 839
f 739 839 740
f 740 839 840
f 740 840 741
f 741 840 841
f 741 841 742
f 742 841 842
f 742 842 743
f 743 842 843
f 743 843 744
f 744 843 844
f 744 844 745
f 745 844 845
f 745 845 746
f 746 845 846
f 746 846 747
f 747 846 847
f 747 847 748
f 748 847 848
f 748 848 749
f 749 848 849
f 749 849 750
f 750 849 850
f 750 850 751
f 751 850 851
f 751 851 752
f 752 851 852
f 752 852 753
f 753 852 853
f 753 853 754
f 754 853 854
f 754 854 755
f 755 854 855
f 755 855 756
f 756 855 856
f 756 856 757
f 757 856 857
f 757 857 758
f 758 857 858
f 758 858 759
f 759 858 859
f 759 859 760
f 760 859 860
f 760 860 761
f 761 860 861
f 761 861 762
f 762 861 862
f 762 862 763
f 763 862 863
f 763 863 764
f 764 863 864
f 764 864 765
f 765 864 865
f 765 865 766
f 766 865 866
f 766 866 767
f 767 866 867
f 767 867 768
f 768 867 868
f 768 868 769
f 769 868 869
f 769 869 770
f 770 869 870
f 770 870 771
f 771 870 871
f 771 871 772
f 772 871 872
f 772 872 773
f 773 872 873
f 773 873 774
f 774 873 874
f 774 874 775
f 775 874 875
f 775 875 776
f 776 875 876
f 776 876 777
f 777 876 877
f 777 877 778
f 778 877 878
f 778 878 779
f 779 878 879
f 779 879 780
f 780 879 880
f 780 880 781
f 781 880 881
f 781 881 782
f 782 881 882
f 782 882 783
f 783 882 883
f 783 883 784
f 784 883 884
f 784 884 785
f 785 884 885
f 785 885 786
f 786 885 886
f 786 886 787
f 787 886 887
f 787 887 788
f 788 887 888
f 788 888 789
f 789 888 889
f 789 889 790
f 790 889 890
f 790 890 791
f 791 890 891
f 791 891 792
f 792 891 892
f 792 892 793
f 793 892 893
f 793 893 794
f 794 893 894
f 794 894 795
f 795 894 895
f 795 895 796
f 796 895 896
f 796 896 797
f 797 896 897
f 797 897 798
f 798 897 898
f 798 898 799
f 799 898 899
f 799 899 800
f 800 899 900
f 800 900 801
f 801 900 901
f 801 901 702
f 702 901 802
f 802 902 803
f 803 902 903
f 803 903 804
f 804 903 904
f 804 904 805
f 805 904 905
f 805 905 806
f 806 905 906
f 806 906 807
f 807 906 907
f 807 907 808
f 808 907 908
f 808 908 809
f 809 908 909
f 809 909 810
f 810 909 910
f 810 910 811
f 811 910 911
f 811 911 812
f 812 911 912
f 812 912 813
f 813 912 913
f 813 913 814
f 814 913 914
f 814 914 815
f 815 914 915
f 815 915 816
f 816 915 916
f 816 916 817
f 817 916 917
f 817 917 818
f 818 917 918
f 818 918 819
f 819 918 919
f 819 919 820
f 820 919 920
f 820 920 821
f 821 920 921
f 821 921 822
f 822 921 922
f 822 922 823
f 823 922 923
f 823 923 824
f 824 923 924
f 824 924 825
f 825 924 925
f 825 925 826
f 826 925 926
f 826 926 827
f 827 926 927
f 827 927 828
f 828 927 928
f 828 928 829
f 829 928 929
f 829 929 830
f 830 929 930
f 830 930 831
f 831 930 931
f 831 931 832
f 832 931 932
f 832 932 833
f 833 932 933
f 833 933 834
f 834 933 934
f 834 934 835
f 835 934 935
f 835 935 836
f 836 935 936
f 836 936 837
f 837 936 937
f 837 937 838
f 838 937 938
f 838 938 839
f 839 938 939
f 839 939 840
f 840 939 940
f 840 940 841
f 841 940 941
f 841 941 842
f 842 941 942
f 842 942 843
f 843 942 943
f 843 943 844
f 844 943 944
f 844 944 845
f 845 944 945
f 845 945 846
f 846 945 946
f 846 946 847
f 847 946 947
f 847 947 848
f 848 947 948
f 848 948 849
f 849 948 949
f 849 949 850
f 850 949 950
f 850 950 851
f 851 950 951
f 851 951 852
f 852 951 952
f 852 952 853
f 853 952 953
f 853 953 854
f 854 953 954
f 854 954 855
f 855 954 955
f 855 955 856
f 856 955 956
f 856 956 857
f 857 956 957
f 857 957 858
f 858 957 958
f 858 958 859
f 859 958 959
f 859 959 860
f 860 959 960
f 860 960 861
f 861 960 961
f 861 961 862
f 862 961 962
f 862 962 863
f 863 962 963
f 863 963 864
f 864 963 964
f 864 964 865
f 865 964 965
f 865 965 866
f 866 965 966
f 866 966 867
f 867 966 967
f 867 967 868
f 868 967 968
f 868 968 869
f 869 968 969
f 869 969 870
f 870 969 970
f 870 970 871
f 871 970 971
f 871 971 872
f 872 971 972
f 872 972 873
f 873 972 973
f 873 973 874
f 874 973 974
f 874 974 875
f 875 974 975
f 875 975 876
f 876 975 976
f 876 976 877
f 877 976 977
f 877 977 878
f 878 977 978
f 878 978 879
f 879 978 979
f 879 979 880
f 880 979 980
f 880 980 881
f 881 980 981
f 881 981 882
f 882 981 982
f 882 982 883
f 883 982 983
f 883 983 884
f 884 983 984
f 884 984 885
f 885 984 985
f 885 985 886
f 886 985 986
f 886 986 887
f 887 986 987
f 887 987 888
f 888 987 988
f 888 988 889
f 889 988 989
f 889 989 890
f 890 989 990
f 890 990 891
f 891 990 991
f 891 991 892
f 892 991 992
f 892 992 893
f 893 992 993
f 893 993 894
f 894 993 994
f 894 994 895
f 895 994 995
f 895 995 896
f 896 995 996
f 896 996 897
f 897 996 997
f 897 997 898
f 898 997 998
f 898 998 899
f 899 998 999
f 899 999 900
f 900 999 1000
f 900 1000 901
f 901 1000 1001
f 901 1001 802
f 802 1001 902
f 902 1002 903
f 903 1002 1003
f 903 1003 904
f 904 1003 1004
f 904 1004 905
f 905 1004 1005
f 905 1005 906
f 906 1005 1006
f 906 1006 907
f 907 1006 1007
f 907 1007 908
f 908 1007 1008
f 908 1008 909
f 909 1008 1009
f 909 1009 910
f 910 1009 1010
f 910 1010 911
f 911 1010 1011
f 911 1011 912
f 912 1011 1012
f 912 1012 913
f 913 1012 1013
f 913 1013 914
f 914 1013 1014
f 914 1014 915
f 915 1014 1015
f 915 1015 916
f 916 1015 1016
f 916 1016 917
f 917 1016 1017
f 917 1017 918
f 918 1017 1018
f 918 1018 919
f 919 1018 1019
f 919 1019 920
f 920 1019 1020
f 920 1020 921
f 921 1020 1021
f 921 1021 922
f 922 1021 1022
f 922 1022 923
f 923 1022 1023
f 923 1023 924
f 924 1023 1024
f 924 1024 925
f 925 1024 1025
f 925 1025 926
f 926 1025 1026
f 926 1026 927
f 927 1026 1027
f 927 1027 928
f 928 1027 1028
f 928 1028 929
f 929 1028 1029
f 929 1029 930
f 930 1029 1030
f 930 1030 931
f 931 1030 1031
f 931 1031 932
f 932 1031 1032
f 932 1032 933
f 933 1032 1033
f 933 1033 934
f 934 1033 1034
f 934 1034 935
f 935 1034 1035
f 935 1035 936
f 936 1035 1036
f 936 1036 937
f 937 1036 1037
f 937 1037 938
f 938 1037 1038
f 938 1038 939
f 939 1038 1039
f 939 1039 940
f 940 1039 1040
f 940 1040 941
f 941 1040 1041
f 941 1041 942
f 942 1041 1042
f 942 1042 943
f 943 1042 1043
f 943 1043 944
f 944 1043 1044
f 944 1044 945
f 945 1044 1045
f 945 1045 946
f 946 1045 1046
f 946 1046 947
f 947 1046 1047
f 947 1047 948
f 948 1047 1048
f 948 1048 949
f 949 1048 1049
f 949 1049 950
f 950 1049 1050
f 950 1050 951
f 951 1050 1051
f 951 1051 952
f 952 1051 1052
f 952 1052 953
f 953 1052 1053
f 953 1053 954
f 954 1053 1054
f 954 1054 955
f 955 1054 1055
f 955 1055 956
f 956 1055 1056
f 956 1056 957
f 957 1056 1057
f 957 1057 958
f 958 1057 1058
f 958 1058 959
f 959 1058 1059
f 959 1059 960
f 960 1059 1060
f 960 1060 961
f 961 1060 1061
f 961 1061 962
f 962 1061 1062
f 962 1062 963
f 963 1062 1063
f 963 1063 964
f 964 1063 1064
f 964 1064 965
f 965 1064 1065
f 965 1065 966
f 966 1065 1066
f 966 1066 967
f 967 1066 1067
f 967 1067 968
f 968 1067 1068
f 968 1068 969
f 969 1068 1069
f 969 1069 970
f 970 1069 1070
f 970 1070 971
f 971 1070 1071
f 971 1071 972
f 972 1071 1072
f 972 1072 973
f 973 1072 1073
f 973 1073 974
f 974 1073 1074
f 974 1074 975
f 975 1074 1075
f 975 1075 976
f 976 1075 1076
f 976 1076 977
f 977 1076 1077
f 977 1077 978
f 978 1077 1078
f 978 1078 979
f 979 1078 1079
f 979 1079 980
f 980 1079 1080
f 980 1080 981
f 981 1080 1081
f 981 1081 982
f 982 1081 1082
f 982 1082 983
f 983 1082 1083
f 983 1083 984
f 984 1083 1084
f 984 1084 985
f 985 1084 1085
f 985 1085 986
f 986 1085 1086
f 986 1086 987
f 987 1086 1087
f 987 1087 988
f 988 1087 1088
f 988 1088 989
f 989 1088 1089
f 989 1089 990
f 990 1089 1090
f 990 1090 991
f 991 1090 1091
f 991 1091 992
f 992 1091 1092
f 992 1092 993
f 993 1092 1093
f 993 1093 994
f 994 1093 1094
f 994 1094 995
f 995 1094 1095
f 995 1095 996
f 996 1095 1096
f 996 1096 997
f 997 1096 1097
f 997 1097 998
f 998 1097 1098
f 998 1098 999
f 999 1098 1099
f 999 1099 1000
f 1000 1099 1100
f 1000 1100 1001
f 1001 1100 1101
f 1001 1101 902
f 902 1101 1002
f 1002 1102 1003
f 1003 1102 1103
f 1003 1103 1004
f 1004 1103 1104
f 1004 1104 1005
f 1005 1104 1105
f 1005 1105 1006
f 1006 1105 1106
f 1006 1106 1007
f 1007 1106 1107
f 1007 1107 1008
f 1008 1107 1108
f 1008 1108 1009
f 1009 1108 1109
f 1009 1109 1010
f 1010 1109 1110
f 1010 1110 1011
f 1011 1110 1111
f 1011 1111 1012
f 1012 1111 1112
f 1012 1112 1013
f 1013 1112 1113
f 1013 1113 1014
f 1014 1113 1114
f 1014 1114 1015
f 1015 1114 1115
f 1015 1115 1016
f 1016 1115 1116
f 1016 1116 1017
f 1017 1116 1117
f 1017 1117 1018
f 1018 1117 1118
f 1018 1118 1019
f 1019 1118 1119
f 1019 1119 1020
f 1020 1119 1120
f 1020 1120 1021
f 1021 1120 1121
f 1021 1121 1022
f 1022 1121 1122
f 1022 1122 1023
f 1023 1122 1123
f 1023 1123 1024
f 1024 1123 1124
f 1024 1124 1025
f 1025 1124 1125
f 1025 1125 1026
f 1026 1125 1126
f 1026 1126 1027
f 1027 1126 1127
f 1027 1127 1028
f 1028 1127 1128
f 1028 1128 1029
f 1029 1128 1129
f 1029 1129 1030
f 1030 1129 1130
f 1030 1130 1031
f 1031 1130 1131
f 1031 1131 1032
f 1032 1131 1132
f 1032 1132 1033
f 1033 1132 1133
f 1033 1133 1034
f 1034 1133 1134
f 1034 1134 1035
f 1035 1134 1135
f 1035 1135 1036
f 1036 1135 1136
f 1036 1136 1037
f 1037 1136 1137
f 1037 1137 1038
f 1038 1137 1138
f 1038 1138 1039
f 1039 1138 1139
f 1039 1139 1040
f 1040 1139 1140
f 1040 1140 1041
f 1041 1140 1141
f 1041 1141 1042
f 1042 1141 1142
f 1042 1142 1043
f 1043 1142 1143
f 1043 1143 1044
f 1044 1143 1144
f 1044 1144 1045
f 1045 1144 1145
f 1045 1145 1046
f 1046 1145 1146
f 1046 1146 1047
f 1047 1146 1147
f 1047 1147 1048
f 1048 1147 1148
f 1048 1148 1049
f 1049 1148 1149
f 1049 1149 1050
f 1050 1149 1150
f 1050 1150 1051
f 1051 1150 1151
f 1051 1151 1052
f 1052 1151 1152
f 1052 1152 1053
f 1053 1152 1153
f 1053 1153 1054
f 1054 1153 1154
f 1054 1154 1055
f 1055 1154 1155
f 1055 1155 1056
f 1056 1155 1156
f 1056 1156 1057
f 1057 1156 1157
f 1057 1157 1058
f 1058 1157 1158
f 1058 1158 1059
f 1059 1158 1159
f 1059 1159 1060
f 1060 1159 1160
f 1060 1160 1061
f 1061 1160 1161
f 1061 1161 1062
f 1062 1161 1162
f 1062 1162 1063
f 1063 1162 1163
f 1063 1163 1064
f 1064 1163 1164
f 1064 1164 1065
f 1065 1164 1165
f 1065 1165 1066
f 1066 1165 1166
f 1066 1166 1067
f 1067 1166 1167
f 1067 1167 1068
f 1068 1167 1168
f 1068 1168 1069
f 1069 1168 1169
f 1069 1169 1070
f 1070 1169 1170
f 1070 1170 1071
f 1071 1170 1171
f 1071 1171 1072
f 1072 1171 1172
f 1072 1172 1073
f 1073 1172 1173
f 1073 1173 1074
f 1074 1173 1174
f 1074 1174 1075
f 1075 1174 1175
f 1075 1175 1076
f 1076 1175 1176
f 1076 1176 1077
f 1077 1176 1177
f 1077 1177 1078
f 1078 1177 1178
f 1078 1178 1079
f 1079 1178 1179
f 1079 1179 1080
f 1080 1179 1180
f 1080 1180 1081
f 1081 1180 1181
f 1081 1181 1082
f 1082 1181 1182
f 1082 1182 1083
f 1083 1182 1183
f 1083 1183 1084
f 1084 1183 1184
f 1084 1184 1085
f 1085 1184 1185
f 1085 1185 1086
f 1086 1185 1186
f 1086 1186 1087
f 1087 1186 1187
f 1087 1187 1088
f 1088 1187 1188
f 1088 1188 1089
f 1089 1188 1189
f 1089 1189 1090
f 1090 1189 1190
f 1090 1190 1091
f 1091 1190 1191
f 1091 1191 1092
f 1092 1191 1192
f 1092 1192 1093
f 1093 1192 1193
f 1093 1193 1094
f 1094 1193 1194
f 1094 1194 1095
f 1095 1194 1195
f 1095 1195 1096
f 1096 1195 1196
f 1096 1196 1097
f 1097 1196 1197
f 1097 1197 1098
f 1098 1197 1198
f 1098 1198 1099
f 1099 1198 1199
f 1099 1199 1100
f 1100 1199 1200
f 1100 1200 1101
f 1101 1200 1201
f 1101 1201 1002
f 1002 1201 1102
f 1102 1202 1103
f 1103 1202 1203
f 1103 1203 1104
f 1104 1203 1204
f 1104 1204 1105
f 1105 1204 1205
f 1105 1205 1106
f 1106 1205 1206
f 1106 1206 1107
f 1107 1206 1207
f 1107 1207 1108
f 1108 1207 1208
f 1108 1208 1109
f 1109 1208 1209
f 1109 1209 1110
f 1110 1209 1210
f 1110 1210 1111
f 1111 1210 1211
f 1111 1211 1112
f 1112 1211 1212
f 1112 1212 1113
f 1113 1212 1213
f 1113 1213 1114
f 1114 1213 1214
f 1114 1214 1115
f 1115 1214 1215
f 1115 1215 1116
f 1116 1215 1216
f 1116 1216 1117
f 1117 1216 1217
f 1117 1217 1118
f 1118 1217 1218
f 1118 1218 1119
f 1119 1218 1219
f 1119 1219 1120
f 1120 1219 1220
f 1120 1220 1121
f 1121 1220 1221
f 1121 1221 1122
f 1122 1221 1222
f 1122 1222 1123
f 1123 1222 1223
f 1123 1223 1124
f 1124 1223 1224
f 1124 1224 1125
f 1125 1224 1225
f 1125 1225 1126
f 1126 1225 1226
f 1126 1226 1127
f 1127 1226 1227
f 1127 1227 1128
f 1128 1227 1228
f 1128 1228 1129
f 1129 1228 1229
f 1129 1229 1130
f 1130 1229 1230
f 1130 1230 1131
f 1131 1230 1231
f 1131 1231 1132
f 1132 1231 1232
f 1132 1232 1133
f 1133 1232 1233
f 1133 1233 1134
f 1134 1233 1234
f 1134 1234 1135
f 1135 1234 1235
f 1135 1235 1136
f 1136 1235 1236
f 1136 1236 1137
f 1137 1236 1237
f 1137 1237 1138
f 1138 1237 1238
f 1138 1238 1139
f 1139 1238 1239
f 1139 1239 1140
f 1140 1239 1240
f 1140 1240 1141
f 1141 1240 1241
f 1141 1241 1142
f 1142 1241 1242
f 1142 1242 1143
f 1143 1242 1243
f 1143 1243 1144
f 1144 1243 1244
f 1144 1244 1145
f 1145 1244 1245
f 1145 1245 1146
f 1146 1245 1246
f 1146 1246 1147
f 1147 1246 1247
f 1147 1247 1148
f 1148 1247 1248
f 1148 1248 1149
f 1149 1248 1249
f 1149 1249 1150
f 1150 1249 1250
f 1150 1250 1151
f 1151 1250 1251
f 1151 1251 1152
f 1152 1251 1252
f 1152 1252 1153
f 1153 1252 1253
f 1153 1253 1154
f 1154 1253 1254
f 1154 1254 1155
f 1155 1254 1255
f 1155 1255 1156
f 1156 1255 1256
f 1156 1256 1157
f 1157 1256 1257
f 1157 1257 1158
f 1158 1257 1258
f 1158 1258 1159
f 1159 1258 1259
f 1159 1259 1160
f 1160 1259 1260
f 1160 1260 1161
f 1161 1260 1261
f 1161 1261 1162
f 1162 1261 1262
f 1162 1262 1163
f 1163 1262 1263
f 1163 1263 1164
f 1164 1263 1264
f 1164 1264 1165
f 1165 1264 1265
f 1165 1265 1166
f 1166 1265 1266
f 1166 1266 1167
f 1167 1266 1267
f 1167 1267 1168
f 1168 1267 1268
f 1168 1268 1169
f 1169 1268 1269
f 1169 1269 1170
f 1170 1269 1270
f 1170 1270 1171
f 1171 1270 1271
f 1171 1271 1172
f 1172 1271 1272
f 1172 1272 1173
f 1173 1272 1273
f 1173 1273 1174
f 1174 1273 1274
f 1174 1274 1175
f 1175 1274 1275
f 1175 1275 1176
f 1176 1275 1276
f 1176 1276 1177
f 1177 1276 1277
f 1177 1277 1178
f 1178 1277 1278
f 1178 1278 1179
f 1179 1278 1279
f 1179 1279 1180
f 1180 1279 1280
f 1180 1280 1181
f 1181 1280 1281
f 1181 1281 1182
f 1182 1281 1282
f 1182 1282 1183
f 1183 1282 1283
f 1183 1283 1184
f 1184 1283 1284
f 1184 1284 1185
f 1185 1284 1285
f 1185 1285 1186
f 1186 1285 1286
f 1186 1286 1187
f 1187 1286 1287
f 1187 1287 1188
f 1188 1287 1288
f 1188 1288 1189
f 1189 1288 1289
f 1189 1289 1190
f 1190 1289 1290
f 1190 1290 1191
f 1191 1290 1291
f 1191 1291 1192
f 1192 1291 1292
f 1192 1292 1193
f 1193 1292 1293
f 1193 1293 1194
f 1194 1293 1294
f 1194 1294 1195
f 1195 1294 1295
f 1195 1295 1196
f 1196 1295 1296
f 1196 1296 1197
f 1197 1296 1297
f 1197 1297 1198
f 1198 1297 1298
f 1198 1298 1199
f 1199 1298 1299
f 1199 1299 1200
f 1200 1299 1300
f 1200 1300 1201
f 1201 1300 1301
f 1201 1301 1102
f 1102 1301 1202
f 1202 1302 1203
f 1203 1302 1303
f 1203 1303 1204
f 1204 1303 1304
f 1204 1304 1205
f 1205 1304 1305
f 1205 1305 1206
f 1206 1305 1306
f 1206 1306 1207
f 1207 1306 1307
f 1207 1307 1208
f 1208 1307 1308
f 1208 1308 1209
f 1209 1308 1309
f 1209 1309 1210
f 1210 1309 1310
f 1210 1310 1211
f 1211 1310 1311
f 1211 1311 1212
f 1212 1311 1312
f 1212 1312 1213
f 1213 1312 1313
f 1213 1313 1214
f 1214 1313 1314
f 1214 1314 1215
f 1215 1314 1315
f 1215 1315 1216
f 1216 1315 1316
f 1216 1316 1217
f 1217 1316 1317
f 1217 1317 1218
f 1218 1317 1318
f 1218 1318 1219
f 1219 1318 1319
f 1219 1319 1220
f 1220 1319 1320
f 1220 1320 1221
f 1221 1320 1321
f 1221 1321 1222
f 1222 1321 1322
f 1222 1322 1223
f 1223 1322 1323
f 1223 1323 1224
f 1224 1323 1324
f 1224 1324 1225
f 1225 1324 1325
f 1225 1325 1226
f 1226 1325 1326
f 1226 1326 1227
f 1227 1326 1327
f 1227 1327 1228
f 1228 1327 1328
f 1228 1328 1229
f 1229 1328 1329
f 1229 1329 1230
f 1230 1329 1330
f 1230 1330 1231
f 1231 1330 1331
f 1231 1331 1232
f 1232 1331 1332
f 1232 1332 1233
f 1233 1332 1333
f 1233 1333 1234
f 1234 1333 1334
f 1234 1334 1235
f 1235 1334 1335
f 1235 1335 1236
f 1236 1335 1336
f 1236 1336 1237
f 1237 1336 1337
f 1237 1337 1238
f 1238 1337 1338
f 1238 1338 1239
f 1239 1338 1339
f 1239 1339 1240
f 1240 1339 1340
f 1240 1340 1241
f 1241 1340 1341
f 1241 1341 1242
f 1242 1341 1342
f 1242 1342 1243
f 1243 1342 1343
f 1243 1343 1244
f 1244 1343 1344
f 1244 1344 1245
f 1245 1344 1345
f 1245 1345 1246
f 1246 1345 1346
f 1246 1346 1247
f 1247 1346 1347
f 1247 1347 1248
f 1248 1347 1348
f 1248 1348 1249
f 1249 1348 1349
f 1249 1349 1250
f 1250 1349 1350
f 1250 1350 1251
f 1251 1350 1351
f 1251 1351 1252
f 1252 1351 1352
f 1252 1352 1253
f 1253 1352 1353
f 1253 1353 1254
f 1254 1353 1354
f 1254 1354 1255
f 1255 1354 1355
f 1255 1355 1256
f 1256 1355 1356
f 1256 1356 1257
f 1257 1356 1357
f 1257 1357 1258
f 1258 1357 1358
f 1258 1358 1259
f 1259 1358 1359
f 1259 1359 1260
f 1260 1359 1360
f 1260 1360 1261
f 1261 1360 1361
f 1261 1361 1262
f 1262 1361 1362
f 1262 1362 1263
f 1263 1362 1363
f 1263 1363 1264
f 1264 1363 1364
f 1264 1364 1265
f 1265 1364 1365
f 1265 1365 1266
f 1266 1365 1366
f 1266 1366 1267
f 1267 1366 1367
f 1267 1367 1268
f 1268 1367 1368
f 1268 1368 1269
f 1269 1368 1369
f 1269 1369 1270
f 1270 1369 1370
f 1270 1370 1271
f 1271 1370 1371
f 1271 1371 1272
f 1272 1371 1372
f 1272 1372 1273
f 1273 1372 1373
f 1273 1373 1274
f 1274 1373 1374
f 1274 1374 1275
f 1275 1374 1375
f 1275 1375 1276
f 1276 1375 1376
f 1276 1376 1277
f 1277 1376 1377
f 1277 1377 1278
f 1278 1377 1378
f 1278 1378 1279
f 1279 1378 1379
f 1279 1379 1280
f 1280 1379 1380
f 1280 1380 1281
f 1281 1380 1381
f 1281 1381 1282
f 1282 1381 1382
f 1282 1382 1283
f 1283 1382 1383
f 1283 1383 1284
f 1284 1383 1384
f 1284 1384 1285
f 1285 1384 1385
f 1285 1385 1286
f 1286 1385 1386
f 1286 1386 1287
f 1287 1386 1387
f 1287 1387 1288
f 1288 1387 1388
f 1288 1388 1289
f 1289 1388 1389
f 1289 1389 1290
f 1290 1389 1390
f 1290 1390 1291
f 1291 1390 1391
f 1291 1391 1292
f 1292 1391 1392
f 1292 1392 1293
f 1293 1392 1393
f 1293 1393 1294
f 1294 1393 1394
f 1294 1394 1295
f 1295 1394 1395
f 1295 1395 1296
f 1296 1395 1396
f 1296 1396 1297
f 1297 1396 1397
f 1297 1397 1298
f 1298 1397 1398
f 1298 1398 1299
f 1299 1398 1399
f 1299 1399 1300
f 1300 1399 1400
f 1300 1400 1301
f 1301 1400 1401
f 1301 1401 1202
f 1202 1401 1302
f 1302 1402 1303
f 1303 1402 1403
f 1303 1403 1304
f 1304 1403 1404
f 1304 1404 1305
f 1305 1404 1405
f 1305 1405 1306
f 1306 1405 1406
f 1306 1406 1307
f 1307 1406 1407
f 1307 1407 1308
f 1308 1407 1408
f 1308 1408 1309
f 1309 1408 1409
f 1309 1409 1310
f 1310 1409 1410
f 1310 1410 1311
f 1311 1410 1411
f 1311 1411 1312
f 1312 1411 1412
f 1312 1412 1313
f 1313 1412 1413
f 1313 1413 1314
f 1314 1413 1414
f 1314 1414 1315
f 1315 1414 1415
f 1315 1415 1316
f 1316 1415 1416
f 1316 1416 1317
f 1317 1416 1417
f 1317 1417 1318
f 1318 1417 1418
f 1318 1418 1319
f 1319 1418 1419
f 1319 1419 1320
f 1320 1419 1420
f 1320 1420 1321
f 1321 1420 1421
f 1321 1421 1322
f 1322 1421 1422
f 1322 1422 1323
f 1323 1422 1423
f 1323 1423 1324
f 1324 1423 1424
f 1324 1424 1325
f 1325 1424 1425
f 1325 1425 1326
f 1326 1425 1426
f 1326 1426 1327
f 1327 1426 1427
f 1327 1427 1328
f 1328 1427 1428
f 1328 1428 1329
f 1329 1428 1429
f 1329 1429 1330
f 1330 1429 1430
f 1330 1430 1331
f 1331 1430 1431
f 1331 1431 1332
f 1332 1431 1432
f 1332 1432 1333
f 1333 1432 1433
f 1333 1433 1334
f 1334 1433 1434
f 1334 1434 1335
f 1335 1434 1435
f 1335 1435 1336
f 1336 1435 1436
f 1336 1436 1337
f 1337 1436 1437
f 1337 1437 1338
f 1338 1437 1438
f 1338 1438 1339
f 1339 1438 1439
f 1339 1439 1340
f 1340 1439 1440
f 1340 1440 1341
f 1341 1440 1441
f 1341 1441 1342
f 1342 1441 1442
f 1342 1442 1343
f 1343 1442 1443
f 1343 1443 1344
f 1344 1443 1444
f 1344 1444 1345
f 1345 1444 1445
f 1345 1445 1346
f 1346 1445 1446
f 1346 1446 1347
f 1347 1446 1447
f 1347 1447 1348
f 1348 1447 1448
f 1348 1448 1349
f 1349 1448 1449
f 1349 1449 1350
f 1350 1449 1450
f 1350 1450 1351
f 1351 1450 1451
f 1351 1451 1352
f 1352 1451 1452
f 1352 1452 1353
f 1353 1452 1453
f 1353 1453 1354
f 1354 1453 1454
f 1354 1454 1355
f 1355 1454 1455
f 1355 1455 1356
f 1356 1455 1456
f 1356 1456 1357
f 1357 1456 1457
f 1357 1457 1358
f 1358 1457 1458
f 1358 1458 1359
f 1359 1458 1459
f 1359 1459 1360
f 1360 1459 1460
f 1360 1460 1361
f 1361 1460 1461
f 1361 1461 1362
f 1362 1461 1462
f 1362 1462 1363
f 1363 1462 1463
f 1363 1463 1364
f 1364 1463 1464
f 1364 1464 1365
f 1365 1464 1465
f 1365 1465 1366
f 1366 1465 1466
f 1366 1466 1367
f 1367 1466 1467
f 1367 1467 1368
f 1368 1467 1468
f 1368 1468 1369
f 1369 1468 1469
f 1369 1469 1370
f 1370 1469 1470
f 1370 1470 1371
f 1371 1470 1471
f 1371 1471 1372
f 1372 1471 1472
f 1372 1472 1373
f 1373 1472 1473
f 1373 1473 1374
f 1374 1473 1474
f 1374 1474 1375
f 1375 1474 1475
f 1375 1475 1376
f 1376 1475 1476
f 1376 1476 1377
f 1377 1476 1477
f 1377 1477 1378
f 1378 1477 1478
f 1378 1478 1379
f 1379 1478 1479
f 1379 1479 1380
f 1380 1479 1480
f 1380 1480 1381
f 1381 1480 1481
f 1381 1481 1382
f 1382 1481 1482
f 1382 1482 1383
f 1383 1482 1483
f 1383 1483 1384
f 1384 1483 1484
f 1384 1484 1385
f 1385 1484 1485
f 1385 1485 1386
f 1386 1485 1486
f 1386 1486 1387
f 1387 1486 1487
f 1387 1487 1388
f 1388 1487 1488
f 1388 1488 1389
f 1389 1488 1489
f 1389 1489 1390
f 1390 1489 1490
f 1390 1490 1391
f 1391 1490 1491
f 1391 1491 1392
f 1392 1491 1492
f 1392 1492 1393
f 1393 1492 1493
f 1393 1493 1394
f 1394 1493 1494
f 1394 1494 1395
f 1395 1494 1495
f 1395 1495 1396
f 1396 1495 1496
f 1396 1496 1397
f 1397 1496 1497
f 1397 1497 1398
f 1398 1497 1498
f 1398 1498 1399
f 1399 1498 1499
f 1399 1499 1400
f 1400 1499 1500
f 1400 1500 1401
f 1401 1500 1501
f 1401 1501 1302
f 1302 1501 1402
f 1402 1502 1403
f 1403 1502 1503
f 1403 1503 1404
f 1404 1503 1504
f 1404 1504 1405
f 1405 1504 1505
f 1405 1505 1406
f 1406 1505 1506
f 1406 1506 1407
f 1407 1506 1507
f 1407 1507 1408
f 1408 1507 1508
f 1408 1508 1409
f 1409 1508 1509
f 1409 1509 1410
f 1410 1509 1510
f 1410 1510 1411
f 1411 1510 1511
f 1411 1511 1412
f 1412 1511 1512
f 1412 1512 1413
f 1413 1512 1513
f 1413 1513 1414
f 1414 1513 1514
f 1414 1514 1415
f 1415 1514 1515
f 1415 1515 1416
f 1416 1515 1516
f 1416 1516 1417
f 1417 1516 1517
f 1417 1517 1418
f 1418 1517 1518
f 1418 1518 1419
f 1419 1518 1519
f 1419 1519 1420
f 1420 1519 1520
f 1420 1520 1421
f 1421 1520 1521
f 1421 1521 1422
f 1422 1521 1522
f 1422 1522 1423
f 1423 1522 1523
f 1423 1523 1424
f 1424 1523 1524
f 1424 1524 1425
f 1425 1524 1525
f 1425 1525 1426
f 1426 1525 1526
f 1426 1526 1427
f 1427 1526 1527
f 1427 1527 1428
f 1428 1527 1528
f 1428 1528 1429
f 1429 1528 1529
f 1429 1529 1430
f 1430 1529 1530
f 1430 1530 1431
f 1431 1530 1531
f 1431 1531 1432
f 1432 1531 1532
f 1432 1532 1433
f 1433 1532 1533
f 1433 1533 1434
f 1434 1533 1534
f 1434 1534 1435
f 1435 1534 1535
f 1435 1535 1436
f 1436 1535 1536
f 1436 1536 1437
f 1437 1536 1537
f 1437 1537 1438
f 1438 1537 1538
f 1438 1538 1439
f 1439 1538 1539
f 1439 1539 1440
f 1440 1539 1540
f 1440 1540 1441
f 1441 1540 1541
f 1441 1541 1442
f 1442 1541 1542
f 1442 1542 1443
f 1443 1542 1543
f 1443 1543 1444
f 1444 1543 1544
f 1444 1544 1445
f 1445 1544 1545
f 1445 1545 1446
f 1446 1545 1546
f 1446 1546 1447
f 1447 1546 1547
f 1447 1547 1448
f 1448 1547 1548
f 1448 1548 1449
f 1449 1548 1549
f 1449 1549 1450
f 1450 1549 1550
f 1450 1550 1451
f 1451 1550 1551
f 1451 1551 1452
f 1452 1551 1552
f 1452 1552 1453
f 1453 1552 1553
f 1453 1553 1454
f 1454 1553 1554
f 1454 1554 1455
f 1455 1554 1555
f 1455 1555 1456
f 1456 1555 1556
f 1456 1556 1457
f 1457 1556 1557
f 1457 1557 1458
f 1458 1557 1558
f 1458 1558 1459
f 1459 1558 1559
f 1459 1559 1460
f 1460 1559 1560
f 1460 1560 1461
f 1461 1560 1561
f 1461 1561 1462
f 1462 1561 1562
f 1462 1562 1463
f 1463 1562 1563
f 1463 1563 1464
f 1464 1563 1564
f 1464 1564 1465
f 1465 1564 1565
f 1465 1565 1466
f 1466 1565 1566
f 1466 1566 1467
f 1467 1566 1567
f 1467 1567 1468
f 1468 1567 1568
f 1468 1568 1469
f 1469 1568 1569
f 1469 1569 1470
f 1470 1569 1570
f 1470 1570 1471
f 1471 1570 1571
f 1471 1571 1472
f 1472 1571 1572
f 1472 1572 1473
f 1473 1572 1573
f 1473 1573 1474
f 1474 1573 1574
f 1474 1574 1475
f 1475 1574 1575
f 1475 1575 1476
f 1476 1575 1576
f 1476 1576 1477
f 1477 1576 1577
f 1477 1577 1478
f 1478 1577 1578
f 1478 1578 1479
f 1479 1578 1579
f 1479 1579 1480
f 1480 1579 1580
f 1480 1580 1481
f 1481 1580 1581
f 1481 1581 1482
f 1482 1581 1582
f 1482 1582 1483
f 1483 1582 1583
f 1483 1583 1484
f 1484 1583 1584
f 1484 1584 1485
f 1485 1584 1585
f 1485 1585 1486
f 1486 1585 1586
f 1486 1586 1487
f 1487 1586 1587
f 1487 1587 1488
f 1488 1587 1588
f 1488 1588 1489
f 1489 1588 1589
f 1489 1589 1490
f 1490 1589 1590
f 1490 1590 1491
f 1491 1590 1591
f 1491 1591 1492
f 1492 1591 1592
f 1492 1592 1493
f 1493 1592 1593
f 1493 1593 1494
f 1494 1593 1594
f 1494 1594 1495
f 1495 1594 1595
f 1495 1595 1496
f 1496 1595 1596
f 1496 1596 1497
f 1497 1596 1597
f 1497 1597 1498
f 1498 1597 1598
f 1498 1598 1499
f 1499 1598 1599
f 1499 1599 1500
f 1500 1599 1600
f 1500 1600 1501
f 1501 1600 1601
f 1501 1601 1402
f 1402 1601 1502
f 1502 1602 1503
f 1503 1602 1603
f 1503 1603 1504
f 1504 1603 1604
f 1504 1604 1505
f 1505 1604 1605
f 1505 1605 1506
f 1506 1605 1606
f 1506 1606 1507
f 1507 1606 1607
f 1507 1607 1508
f 1508 1607 1608
f 1508 1608 1509
f 1509 1608 1609
f 1509 1609 1510
f 1510 1609 1610
f 1510 1610 1511
f 1511 1610 1611
f 1511 1611 1512
f 1512 1611 1612
f 1512 1612 1513
f 1513 1612 1613
f 1513 1613 1514
f 1514 1613 1614
f 1514 1614 1515
f 1515 1614 1615
f 1515 1615 1516
f 1516 1615 1616
f 1516 1616 1517
f 1517 1616 1617
f 1517 1617 1518
f 1518 1617 1618
f 1518 1618 1519
f 1519 1618 1619
f 1519 1619 1520
f 1520 1619 1620
f 1520 1620 1521
f 1521 1620 1621
f 1521 1621 1522
f 1522 1621 1622
f 1522 1622 1523
f 1523 1622 1623
f 1523 1623 1524
f 1524 1623 1624
f 1524 1624 1525
f 1525 1624 1625
f 1525 1625 1526
f 1526 1625 1626
f 1526 1626 1527
f 1527 1626 1627
f 1527 1627 1528
f 1528 1627 1628
f 1528 1628 1529
f 1529 1628 1629
f 1529 1629 1530
f 1530 1629 1630
f 1530 1630 1531
f 1531 1630 1631
f 1531 1631 1532
f 1532 1631 1632
f 1532 1632 1533
f 1533 1632 1633
f 1533 1633 1534
f 1534 1633 1634
f 1534 1634 1535
f 1535 1634 1635
f 1535 1635 1536
f 1536 1635 1636
f 1536 1636 1537
f 1537 1636 1637
f 1537 1637 1538
f 1538 1637 1638
f 1538 1638 1539
f 1539 1638 1639
f 1539 1639 1540
f 1540 1639 1640
f 1540 1640 1541
f 1541 1640 1641
f 1541 1641 1542
f 1542 1641 1642
f 1542 1642 1543
f 1543 1642 1643
f 1543 1643 1544
f 1544 1643 1644
f 1544 1644 1545
f 1545 1644 1645
f 1545 1645 1546
f 1546 1645 1646
f 1546 1646 1547
f 1547 1646 1647
f 1547 1647 1548
f 1548 1647 1648
f 1548 1648 1549
f 1549 1648 1649
f 1549 1649 1550
f 1550 1649 1650
f 1550 1650 1551
f 1551 1650 1651
f 1551 1651 1552
f 1552 1651 1652
f 1552 1652 1553
f 1553 1652 1653
f 1553 1653 1554
f 1554 1653 1654
f 1554 1654 1555
f 1555 1654 1655
f 1555 1655 1556
f 1556 1655 1656
f 1556 1656 1557
f 1557 1656 1657
f 1557 1657 1558
f 1558 1657 1658
f 1558 1658 1559
f 1559 1658 1659
f 1559 1659 1560
f 1560 1659 1660
f 1560 1660 1561
f 1561 1660 1661
f 1561 1661 1562
f 1562 1661 1662
f 1562 1662 1563
f 1563 1662 1663
f 1563 1663 1564
f 1564 1663 1664
f 1564 1664 1565
f 1565 1664 1665
f 1565 1665 1566
f 1566 1665 1666
f 1566 1666 1567
f 1567 1666 1667
f 1567 1667 1568
f 1568 1667 1668
f 1568 1668 1569
f 1569 1668 1669
f 1569 1669 1570
f 1570 1669 1670
f 1570 1670 1571
f 1571 1670 1671
f 1571 1671 1572
f 1572 1671 1672
f 1572 1672 1573
f 1573 1672 1673
f 1573 1673 1574
f 1574 1673 1674
f 1574 1674 1575
f 1575 1674 1675
f 1575 1675 1576
f 1576 1675 1676
f 1576 1676 1577
f 1577 1676 1677
f 1577 1677 1578
f 1578 1677 1678
f 1578 1678 1579
f 1579 1678 1679
f 1579 1679 1580
f 1580 1679 1680
f 1580 1680 1581
f 1581 1680 1681
f 1581 1681 1582
f 1582 1681 1682
f 1582 1682 1583
f 1583 1682 1683
f 1583 1683 1584
f 1584 1683 1684
f 1584 1684 1585
f 1585 1684 1685
f 1585 1685 1586
f 1586 1685 1686
f 1586 1686 1587
f 1587 1686 1687
f 1587 1687 1588
f 1588 1687 1688
f 1588 1688 1589
f 1589 1688 1689
f 1589 1689 1590
f 1590 1689 1690
f 1590 1690 1591
f 1591 1690 1691
f 1591 1691 1592
f 1592 1691 1692
f 1592 1692 1593
f 1593 1692 1693
f 1593 1693 1594
f 1594 1693 1694
f 1594 1694 1595
f 1595 1694 1695
f 1595 1695 1596
f 1596 1695 1696
f 1596 1696 1597
f 1597 1696 1697
f 1597 1697 1598
f 1598 1697 1698
f 1598 1698 1599
f 1599 1698 1699
f 1599 1699 1600
f 1600 1699 1700
f 1600 1700 1601
f 1601 1700 1701
f 1601 1701 1502
f 1502 1701 1602
f 1602 1702 1603
f 1603 1702 1703
f 1603 1703 1604
f 1604 1703 1704
f 1604 1704 1605
f 1605 1704 1705
f 1605 1705 1606
f 1606 1705 1706
f 1606 1706 1607
f 1607 1706 1707
f 1607 1707 1608
f 1608 1707 1708
f 1608 1708 1609
f 1609 1708 1709
f 1609 1709 1610
f 1610 1709 1710
f 1610 1710 1611
f 1611 1710 1711
f 1611 1711 1612
f 1612 1711 1712
f 1612 1712 1613
f 1613 1712 1713
f 1613 1713 1614
f 1614 1713 1714
f 1614 1714 1615
f 1615 1714 1715
f 1615 1715 1616
f 1616 1715 1716
f 1616 1716 1617
f 1617 1716 1717
f 1617 1717 1618
f 1618 1717 1718
f 1618 1718 1619
f 1619 1718 1719
f 1619 1719 1620
f 1620 1719 1720
f 1620 1720 1621
f 1621 1720 1721
f 1621 1721 1622
f 1622 1721 1722
f 1622 1722 1623
f 1623 1722 1723
f 1623 1723 1624
f 1624 1723 1724
f 1624 1724 1625
f 1625 1724 1725
f 1625 1725 1626
f 1626 1725 1726
f 1626 1726 1627
f 1627 1726 1727
f 1627 1727 1628
f 1628 1727 1728
f 1628 1728 1629
f 1629 1728 1729
f 1629 1729 1630
f 1630 1729 1730
f 1630 1730 1631
f 1631 1730 1731
f 1631 1731 1632
f 1632 1731 1732
f 1632 1732 1633
f 1633 1732 1733
f 1633 1733 1634
f 1634 1733 1734
f 1634 1734 1635
f 1635 1734 1735
f 1635 1735 1636
f 1636 1735 1736
f 1636 1736 1637
f 1637 1736 1737
f 1637 1737 1638
f 1638 1737 1738
f 1638 1738 1639
f 1639 1738 1739
f 1639 1739 1640
f 1640 1739 1740
f 1640 1740 1641
f 1641 1740 1741
f 1641 1741 1642
f 1642 1741 1742
f 1642 1742 1643
f 1643 1742 1743
f 1643 1743 1644
f 1644 1743 1744
f 1644 1744 1645
f 1645 1744 1745
f 1645 1745 1646
f 1646 1745 1746
f 1646 1746 1647
f 1647 1746 1747
f 1647 1747 1648
f 1648 1747 1748
f 1648 1748 1649
f 1649 1748 1749
f 1649 1749 1650
f 1650 1749 1750
f 1650 1750 1651
f 1651 1750 1751
f 1651 1751 1652
f 1652 1751 1752
f 1652 1752 1653
f 1653 1752 1753
f 1653 1753 1654
f 1654 1753 1754
f 1654 1754 1655
f 1655 1754 1755
f 1655 1755 1656
f 1656 1755 1756
f 1656 1756 1657
f 1657 1756 1757
f 1657 1757 1658
f 1658 1757 1758
f 1658 1758 1659
f 1659 1758 1759
f 1659 1759 1660
f 1660 1759 1760
f 1660 1760 1661
f 1661 1760 1761
f 1661 1761 1662
f 1662 1761 1762
f 1662 1762 1663
f 1663 1762 1763
f 1663 1763 1664
f 1664 1763 1764
f 1664 1764 1665
f 1665 1764 1765
f 1665 1765 1666
f 1666 1765 1766
f 1666 1766 1667
f 1667 1766 1767
f 1667 1767 1668
f 1668 1767 1768
f 1668 1768 1669
f 1669 1768 1769
f 1669 1769 1670
f 1670 1769 1770
f 1670 1770 1671
f 1671 1770 1771
f 1671 1771 1672
f 1672 1771 1772
f 1672 1772 1673
f 1673 1772 1773
f 1673 1773 1674
f 1674 1773 1774
f 1674 1774 1675
f 1675 1774 1775
f 1675 1775 1676
f 1676 1775 1776
f 1676 1776 1677
f 1677 1776 1777
f 1677 1777 1678
f 1678 1777 1778
f 1678 1778 1679
f 1679 1778 1779
f 1679 1779 1680
f 1680 1779 1780
f 1680 1780 1681
f 1681 1780 1781
f 1681 1781 1682
f 1682 1781 1782
f 1682 1782 1683
f 1683 1782 1783
f 1683 1783 1684
f 1684 1783 1784
f 1684 1784 1685
f 1685 1784 1785
f 1685 1785 1686
f 1686 1785 1786
f 1686 1786 1687
f 1687 1786 1787
f 1687 1787 1688
f 1688 1787 1788
f 1688 1788 1689
f 1689 1788 1789
f 1689 1789 1690
f 1690 1789 1790
f 1690 1790 1691
f 1691 1790 1791
f 1691 1791 1692
f 1692 1791 1792
f 1692 1792 1693
f 1693 1792 1793
f 1693 1793 1694
f 1694 1793 1794
f 1694 1794 1695
f 1695 1794 1795
f 1695 1795 1696
f 1696 1795 1796
f 1696 1796 1697
f 1697 1796 1797
f 1697 1797 1698
f 1698 1797 1798
f 1698 1798 1699
f 1699 1798 1799
f 1699 1799 1700
f 1700 1799 1800
f 1700 1800 1701
f 1701 1800 1801
f 1701 1801 1602
f 1602 1801 1702
f 1702 1802 1703
f 1703 1802 1803
f 1703 1803 1704
f 1704 1803 1804
f 1704 1804 1705
f 1705 1804 1805
f 1705 1805 1706
f 1706 1805 1806
f 1706 1806 1707
f 1707 1806 1807
f 1707 1807 1708
f 1708 1807 1808
f 1708 1808 1709
f 1709 1808 1809
f 1709 1809 1710
f 1710 1809 1810
f 1710 1810 1711
f 1711 1810 1811
f 1711 1811 1712
f 1712 1811 1812
f 1712 1812 1713
f 1713 1812 1813
f 1713 1813 1714
f 1714 1813 1814
f 1714 1814 1715
f 1715 1814 1815
f 1715 1815 1716
f 1716 1815 1816
f 1716 1816 1717
f 1717 1816 1817
f 1717 1817 1718
f 1718 1817 1818
f 1718 1818 1719
f 1719 1818 1819
f 1719 1819 1720
f 1720 1819 1820
f 1720 1820 1721
f 1721 1820 1821
f 1721 1821 1722
f 1722 1821 1822
f 1722 1822 1723
f 1723 1822 1823
f 1723 1823 1724
f 1724 1823 1824
f 1724 1824 1725
f 1725 1824 1825
f 1725 1825 1726
f 1726 1825 1826
f 1726 1826 1727
f 1727 1826 1827
f 1727 1827 1728
f 1728 1827 1828
f 1728 1828 1729
f 1729 1828 1829
f 1729 1829 1730
f 1730 1829 1830
f 1730 1830 1731
f 1731 1830 1831
f 1731 1831 1732
f 1732 1831 1832
f 1732 1832 1733
f 1733 1832 1833
f 1733 1833 1734
f 1734 1833 1834
f 1734 1834 1735
f 1735 1834 1835
f 1735 1835 1736
f 1736 1835 1836
f 1736 1836 1737
f 1737 1836 1837
f 1737 1837 1738
f 1738 1837 1838
f 1738 1838 1739
f 1739 1838 1839
f 1739 1839 1740
f 1740 1839 1840
f 1740 1840 1741
f 1741 1840 1841
f 1741 1841 1742
f 1742 1841 1842
f 1742 1842 1743
f 1743 1842 1843
f 1743 1843 1744
f 1744 1843 1844
f 1744 1844 1745
f 1745 1844 1845
f 1745 1845 1746
f 1746 1845 1846
f 1746 1846 1747
f 1747 1846 1847
f 1747 1847 1748
f 1748 1847 1848
f 1748 1848 1749
f 1749 1848 1849
f 1749 1849 1750
f 1750 1849 1850
f 1750 1850 1751
f 1751 1850 1851
f 1751 1851 1752
f 1752 1851 1852
f 1752 1852 1753
f 1753 1852 1853
f 1753 1853 1754
f 1754 1853 1854
f 1754 1854 1755
f 1755 1854 1855
f 1755 1855 1756
f 1756 1855 1856
f 1756 1856 1757
f 1757 1856 1857
f 1757 1857 1758
f 1758 1857 1858
f 1758 1858 1759
f 1759 1858 1859
f 1759 1859 1760
f 1760 1859 1860
f 1760 1860 1761
f 1761 1860 1861
f 1761 1861 1762
f 1762 1861 1862
f 1762 1862 1763
f 1763 1862 1863
f 1763 1863 1764
f 1764 1863 1864
f 1764 1864 1765
f 1765 1864 1865
f 1765 1865 1766
f 1766 1865 1866
f 1766 1866 1767
f 1767 1866 1867
f 1767 1867 1768
f 1768 1867 1868
f 1768 1868 1769
f 1769 1868 1869
f 1769 1869 1770
f 1770 1869 1870
f 1770 1870 1771
f 1771 1870 1871
f 1771 1871 1772
f 1772 1871 1872
f 1772 1872 1773
f 1773 1872 1873
f 1773 1873 1774
f 1774 1873 1874
f 1774 1874 1775
f 1775 1874 1875
f 1775 1875 1776
f 1776 1875 1876
f 1776 1876 1777
f 1777 1876 1877
f 1777 1877 1778
f 1778 1877 1878
f 1778 1878 1779
f 1779 1878 1879
f 1779 1879 1780
f 1780 1879 1880
f 1780 1880 1781
f 1781 1880 1881
f 1781 1881 1782
f 1782 1881 1882
f 1782 1882 1783
f 1783 1882 1883
f 1783 1883 1784
f 1784 1883 1884
f 1784 1884 1785
f 1785 1884 1885
f 1785 1885 1786
f 1786 1885 1886
f 1786 1886 1787
f 1787 1886 1887
f 1787 1887 1788
f 1788 1887 1888
f 1788 1888 1789
f 1789 1888 1889
f 1789 1889 1790
f 1790 1889 1890
f 1790 1890 1791
f 1791 1890 1891
f 1791 1891 1792
f 1792 1891 1892
f 1792 1892 1793
f 1793 1892 1893
f 1793 1893 1794
f 1794 1893 1894
f 1794 1894 1795
f 1795 1894 1895
f 1795 1895 1796
f 1796 1895 1896
f 1796 1896 1797
f 1797 1896 1897
f 1797 1897 1798
f 1798 1897 1898
f 1798 1898 1799
f 1799 1898 1899
f 1799 1899 1800
f 1800 1899 1900
f 1800 1900 1801
f 1801 1900 1901
f 1801 1901 1702
f 1702 1901 1802
f 1802 1902 1803
f 1803 1902 1903
f 1803 1903 1804
f 1804 1903 1904
f 1804 1904 1805
f 1805 1904 1905
f 1805 1905 1806
f 1806 1905 1906
f 1806 1906 1807
f 1807 1906 1907
f 1807 1907 1808
f 1808 1907 1908
f 1808 1908 1809
f 1809 1908 1909
f 1809 1909 1810
f 1810 1909 1910
f 1810 1910 1811
f 1811 1910 1911
f 1811 1911 1812
f 1812 1911 1912
f 1812 1912 1813
f 1813 1912 1913
f 1813 1913 1814
f 1814 1913 1914
f 1814 1914 1815
f 1815 1914 1915
f 1815 1915 1816
f 1816 1915 1916
f 1816 1916 1817
f 1817 1916 1917
f 1817 1917 1818
f 1818 1917 1918
f 1818 1918 1819
f 1819 1918 1919
f 1819 1919 1820
f 1820 1919 1920
f 1820 1920 1821
f 1821 1920 1921
f 1821 1921 1822
f 1822 1921 1922
f 1822 1922 1823
f 1823 1922 1923
f 1823 1923 1824
f 1824 1923 1924
f 1824 1924 1825
f 1825 1924 1925
f 1825 1925 1826
f 1826 1925 1926
f 1826 1926 1827
f 1827 1926 1927
f 1827 1927 1828
f 1828 1927 1928
f 1828 1928 1829
f 1829 1928 1929
f 1829 1929 1830
f 1830 1929 1930
f 1830 1930 1831
f 1831 1930 1931
f 1831 1931 1832
f 1832 1931 1932
f 1832 1932 1833
f 1833 1932 1933
f 1833 1933 1834
f 1834 1933 1934
f 1834 1934 1835
f 1835 1934 1935
f 1835 1935 1836
f 1836 1935 1936
f 1836 1936 1837
f 1837 1936 1937
f 1837 1937 1838
f 1838 1937 1938
f 1838 1938 1839
f 1839 1938 1939
f 1839 1939 1840
f 1840 1939 1940
f 1840 1940 1841
f 1841 1940 1941
f 1841 1941 1842
f 1842 1941 1942
f 1842 1942 1843
f 1843 1942 1943
f 1843 1943 1844
f 1844 1943 1944
f 1844 1944 1845
f 1845 1944 1945
f 1845 1945 1846
f 1846 1945 1946
f 1846 1946 1847
f 1847 1946 1947
f 1847 1947 1848
f 1848 1947 1948
f 1848 1948 1849
f 1849 1948 1949
f 1849 1949 1850
f 1850 1949 1950
f 1850 1950 1851
f 1851 1950 1951
f 1851 1951 1852
f 1852 1951 1952
f 1852 1952 1853
f 1853 1952 1953
f 1853 1953 1854
f 1854 1953 1954
f 1854 1954 1855
f 1855 1954 1955
f 1855 1955 1856
f 1856 1955 1956
f 1856 1956 1857
f 1857 1956 1957
f 1857 1957 1858
f 1858 1957 1958
f 1858 1958 1859
f 1859 1958 1959
f 1859 1959 1860
f 1860 1959 1960
f 1860 1960 1861
f 1861 1960 1961
f 1861 1961 1862
f 1862 1961 1962
f 1862 1962 1863
f 1863 1962 1963
f 1863 1963 1864
f 1864 1963 1964
f 1864 1964 1865
f 1865 1964 1965
f 1865 1965 1866
f 1866 1965 1966
f 1866 1966 1867
f 1867 1966 1967
f 1867 1967 1868
f 1868 1967 1968
f 1868 1968 1869
f 1869 1968 1969
f 1869 1969 1870
f 1870 1969 1970
f 1870 1970 1871
f 1871 1970 1971
f 1871 1971 1872
f 1872 1971 1972
f 1872 1972 1873
f 1873 1972 1973
f 1873 1973 1874
f 1874 1973 1974
f 1874 1974 1875
f 1875 1974 1975
f 1875 1975 1876
f 1876 1975 1976
f 1876 1976 1877
f 1877 1976 1977
f 1877 1977 1878
f 1878 1977 1978
f 1878 1978 1879
f 1879 1978 1979
f 1879 1979 1880
f 1880 1979 1980
f 1880 1980 1881
f 1881 1980 1981
f 1881 1981 1882
f 1882 1981 1982
f 1882 1982 1883
f 1883 1982 1983
f 1883 1983 1884
f 1884 1983 1984
f 1884 1984 1885
f 1885 1984 1985
f 1885 1985 1886
f 1886 1985 1986
f 1886 1986 1887
f 1887 1986 1987
f 1887 1987 1888
f 1888 1987 1988
f 1888 1988 1889
f 1889 1988 1989
f 1889 1989 1890
f 1890 1989 1990
f 1890 1990 1891
f 1891 1990 1991
f 1891 1991 1892
f 1892 1991 1992
f 1892 1992 1893
f 1893 1992 1993
f 1893 1993 1894
f 1894 1993 1994
f 1894 1994 1895
f 1895 1994 1995
f 1895 1995 1896
f 1896 1995 1996
f 1896 1996 1897
f 1897 1996 1997
f 1897 1997 1898
f 1898 1997 1998
f 1898 1998 1899
f 1899 1998 1999
f 1899 1999 1900
f 1900 1999 2000
f 1900 2000 1901
f 1901 2000 2001
f 1901 2001 1802
f 1802 2001 1902
f 1902 2002 1903
f 1903 2002 2003
f 1903 2003 1904
f 1904 2003 2004
f 1904 2004 1905
f 1905 2004 2005
f 1905 2005 1906
f 1906 2005 2006
f 1906 2006 1907
f 1907 2006 2007
f 1907 2007 1908
f 1908 2007 2008
f 1908 2008 1909
f 1909 2008 2009
f 1909 2009 1910
f 1910 2009 2010
f 1910 2010 1911
f 1911 2010 2011
f 1911 2011 1912
f 1912 2011 2012
f 1912 2012 1913
f 1913 2012 2013
f 1913 2013 1914
f 1914 2013 2014
f 1914 2014 1915
f 1915 2014 2015
f 1915 2015 1916
f 1916 2015 2016
f 1916 2016 1917
f 1917 2016 2017
f 1917 2017 1918
f 1918 2017 2018
f 1918 2018 1919
f 1919 2018 2019
f 1919 2019 1920
f 1920 2019 2020
f 1920 2020 1921
f 1921 2020 2021
f 1921 2021 1922
f 1922 2021 2022
f 1922 2022 1923
f 1923 2022 2023
f 1923 2023 1924
f 1924 2023 2024
f 1924 2024 1925
f 1925 2024 2025
f 1925 2025 1926
f 1926 2025 2026
f 1926 2026 1927
f 1927 2026 2027
f 1927 2027 1928
f 1928 2027 2028
f 1928 2028 1929
f 1929 2028 2029
f 1929 2029 1930
f 1930 2029 2030
f 1930 2030 1931
f 1931 2030 2031
f 1931 2031 1932
f 1932 2031 2032
f 1932 2032 1933
f 1933 2032 2033
f 1933 2033 1934
f 1934 2033 2034
f 1934 2034 1935
f 1935 2034 2035
f 1935 2035 1936
f 1936 2035 2036
f 1936 2036 1937
f 1937 2036 2037
f 1937 2037 1938
f 1938 2037 2038
f 1938 2038 1939
f 1939 2038 2039
f 1939 2039 1940
f 1940 2039 2040
f 1940 2040 1941
f 1941 2040 2041
f 1941 2041 1942
f 1942 2041 2042
f 1942 2042 1943
f 1943 2042 2043
f 1943 2043 1944
f 1944 2043 2044
f 1944 2044 1945
f 1945 2044 2045
f 1945 2045 1946
f 1946 2045 2046
f 1946 2046 1947
f 1947 2046 2047
f 1947 2047 1948
f 1948 2047 2048
f 1948 2048 1949
f 1949 2048 2049
f 1949 2049 1950
f 1950 2049 2050
f 1950 2050 1951
f 1951 2050 2051
f 1951 2051 1952
f 1952 2051 2052
f 1952 2052 1953
f 1953 2052 2053
f 1953 2053 1954
f 1954 2053 2054
f 1954 2054 1955
f 1955 2054 2055
f 1955 2055 1956
f 1956 2055 2056
f 1956 2056 1957
f 1957 2056 2057
f 1957 2057 1958
f 1958 2057 2058
f 1958 2058 1959
f 1959 2058 2059
f 1959 2059 1960
f 1960 2059 2060
f 1960 2060 1961
f 1961 2060 2061
f 1961 2061 1962
f 1962 2061 2062
f 1962 2062 1963
f 1963 2062 2063
f 1963 2063 1964
f 1964 2063 2064
f 1964 2064 1965
f 1965 2064 2065
f 1965 2065 1966
f 1966 2065 2066
f 1966 2066 1967
f 1967 2066 2067
f 1967 2067 1968
f 1968 2067 2068
f 1968 2068 1969
f 1969 2068 2069
f 1969 2069 1970
f 1970 2069 2070
f 1970 2070 1971
f 1971 2070 2071
f 1971 2071 1972
f 1972 2071 2072
f 1972 2072 1973
f 1973 2072 2073
f 1973 2073 1974
f 1974 2073 2074
f 1974 2074 1975
f 1975 2074 2075
f 1975 2075 1976
f 1976 2075 2076
f 1976 2076 1977
f 1977 2076 2077
f 1977 2077 1978
f 1978 2077 2078
f 1978 2078 1979
f 1979 2078 2079
f 1979 2079 1980
f 1980 2079 2080
f 1980 2080 1981
f 1981 2080 2081
f 1981 2081 1982
f 1982 2081 2082
f 1982 2082 1983
f 1983 2082 2083
f 1983 2083 1984
f 1984 2083 2084
f 1984 2084 1985
f 1985 2084 2085
f 1985 2085 1986
f 1986 2085 2086
f 1986 2086 1987
f 1987 2086 2087
f 1987 2087 1988
f 1988 2087 2088
f 1988 2088 1989
f 1989 2088 2089
f 1989 2089 1990
f 1990 2089 2090
f 1990 2090 1991
f 1991 2090 2091
f 1991 2091 1992
f 1992 2091 2092
f 1992 2092 1993
f 1993 2092 2093
f 1993 2093 1994
f 1994 2093 2094
f 1994 2094 1995
f 1995 2094 2095
f 1995 2095 1996
f 1996 2095 2096
f 1996 2096 1997
f 1997 2096 2097
f 1997 2097 1998
f 1998 2097 2098
f 1998 2098 1999
f 1999 2098 2099
f 1999 2099 2000
f 2000 2099 2100
f 2000 2100 2001
f 2001 2100 2101
f 2001 2101 1902
f 1902 2101 2002
f 2002 2102 2003
f 2003 2102 2103
f 2003 2103 2004
f 2004 2103 2104
f 2004 2104 2005
f 2005 2104 2105
f 2005 2105 2006
f 2006 2105 2106
f 2006 2106 2007
f 2007 2106 2107
f 2007 2107 2008
f 2008 2107 2108
f 2008 2108 2009
f 2009 2108 2109
f 2009 2109 2010
f 2010 2109 2110
f 2010 2110 2011
f 2011 2110 2111
f 2011 2111 2012
f 2012 2111 2112
f 2012 2112 2013
f 2013 2112 2113
f 2013 2113 2014
f 2014 2113 2114
f 2014 2114 2015
f 2015 2114 2115
f 2015 2115 2016
f 2016 2115 2116
f 2016 2116 2017
f 2017 2116 2117
f 2017 2117 2018
f 2018 2117 2118
f 2018 2118 2019
f 2019 2118 2119
f 2019 2119 2020
f 2020 2119 2120
f 2020 2120 2021
f 2021 2120 2121
f 2021 2121 2022
f 2022 2121 2122
f 2022 2122 2023
f 2023 2122 2123
f 2023 2123 2024
f 2024 2123 2124
f 2024 2124 2025
f 2025 2124 2125
f 2025 2125 2026
f 2026 2125 2126
f 2026 2126 2027
f 2027 2126 2127
f 2027 2127 2028
f 2028 2127 2128
f 2028 2128 2029
f 2029 2128 2129
f 2029 2129 2030
f 2030 2129 2130
f 2030 2130 2031
f 2031 2130 2131
f 2031 2131 2032
f 2032 2131 2132
f 2032 2132 2033
f 2033 2132 2133
f 2033 2133 2034
f 2034 2133 2134
f 2034 2134 2035
f 2035 2134 2135
f 2035 2135 2036
f 2036 2135 2136
f 2036 2136 2037
f 2037 2136 2137
f 2037 2137 2038
f 2038 2137 2138
f 2038 2138 2039
f 2039 2138 2139
f 2039 2139 2040
f 2040 2139 2140
f 2040 2140 2041
f 2041 2140 2141
f 2041 2141 2042
f 2042 2141 2142
f 2042 2142 2043
f 2043 2142 2143
f 2043 2143 2044
f 2044 2143 2144
f 2044 2144 2045
f 2045 2144 2145
f 2045 2145 2046
f 2046 2145 2146
f 2046 2146 2047
f 2047 2146 2147
f 2047 2147 2048
f 2048 2147 2148
f 2048 2148 2049
f 2049 2148 2149
f 2049 2149 2050
f 2050 2149 2150
f 2050 2150 2051
f 2051 2150 2151
f 2051 2151 2052
f 2052 2151 2152
f 2052 2152 2053
f 2053 2152 2153
f 2053 2153 2054
f 2054 2153 2154
f 2054 2154 2055
f 2055 2154 2155
f 2055 2155 2056
f 2056 2155 2156
f 2056 2156 2057
f 2057 2156 2157
f 2057 2157 2058
f 2058 2157 2158
f 2058 2158 2059
f 2059 2158 2159
f 2059 2159 2060
f 2060 2159 2160
f 2060 2160 2061
f 2061 2160 2161
f 2061 2161 2062
f 2062 2161 2162
f 2062 2162 2063
f 2063 2162 2163
f 2063 2163 2064
f 2064 2163 2164
f 2064 2164 2065
f 2065 2164 2165
f 2065 2165 2066
f 2066 2165 2166
f 2066 2166 2067
f 2067 2166 2167
f 2067 2167 2068
f 2068 2167 2168
f 2068 2168 2069
f 2069 2168 2169
f 2069 2169 2070
f 2070 2169 2170
f 2070 2170 2071
f 2071 2170 2171
f 2071 2171 2072
f 2072 2171 2172
f 2072 2172 2073
f 2073 2172 2173
f 2073 2173 2074
f 2074 2173 2174
f 2074 2174 2075
f 2075 2174 2175
f 2075 2175 2076
f 2076 2175 2176
f 2076 2176 2077
f 2077 2176 2177
f 2077 2177 2078
f 2078 2177 2178
f 2078 2178 2079
f 2079 2178 2179
f 2079 2179 2080
f 2080 2179 2180
f 2080 2180 2081
f 2081 2180 2181
f 2081 2181 2082
f 2082 2181 2182
f 2082 2182 2083
f 2083 2182 2183
f 2083 2183 2084
f 2084 2183 2184
f 2084 2184 2085
f 2085 2184 2185
f 2085 2185 2086
f 2086 2185 2186
f 2086 2186 2087
f 2087 2186 2187
f 2087 2187 2088
f 2088 2187 2188
f 2088 2188 2089
f 2089 2188 2189
f 2089 2189 2090
f 2090 2189 2190
f 2090 2190 2091
f 2091 2190 2191
f 2091 2191 2092
f 2092 2191 2192
f 2092 2192 2093
f 2093 2192 2193
f 2093 2193 2094
f 2094 2193 2194
f 2094 2194 2095
f 2095 2194 2195
f 2095 2195 2096
f 2096 2195 2196
f 2096 2196 2097
f 2097 2196 2197
f 2097 2197 2098
f 2098 2197 2198
f 2098 2198 2099
f 2099 2198 2199
f 2099 2199 2100
f 2100 2199 2200
f 2100 2200 2101
f 2101 2200 2201
f 2101 2201 2002
f 2002 2201 2102
f 2102 2202 2103
f 2103 2202 2203
f 2103 2203 2104
f 2104 2203 2204
f 2104 2204 2105
f 2105 2204 2205
f 2105 2205 2106
f 2106 2205 2206
f 2106 2206 2107
f 2107 2206 2207
f 2107 2207 2108
f 2108 2207 2208
f 2108 2208 2109
f 2109 2208 2209
f 2109 2209 2110
f 2110 2209 2210
f 2110 2210 2111
f 2111 2210 2211
f 2111 2211 2112
f 2112 2211 2212
f 2112 2212 2113
f 2113 2212 2213
f 2113 2213 2114
f 2114 2213 2214
f 2114 2214 2115
f 2115 2214 2215
f 2115 2215 2116
f 2116 2215 2216
f 2116 2216 2117
f 2117 2216 2217
f 2117 2217 2118
f 2118 2217 2218
f 2118 2218 2119
f 2119 2218 2219
f 2119 2219 2120
f 2120 2219 2220
f 2120 2220 2121
f 2121 2220 2221
f 2121 2221 2122
f 2122 2221 2222
f 2122 2222 2123
f 2123 2222 2223
f 2123 2223 2124
f 2124 2223 2224
f 2124 2224 2125
f 2125 2224 2225
f 2125 2225 2126
f 2126 2225 2226
f 2126 2226 2127
f 2127 2226 2227
f 2127 2227 2128
f 2128 2227 2228
f 2128 2228 2129
f 2129 2228 2229
f 2129 2229 2130
f 2130 2229 2230
f 2130 2230 2131
f 2131 2230 2231
f 2131 2231 2132
f 2132 2231 2232
f 2132 2232 2133
f 2133 2232 2233
f 2133 2233 2134
f 2134 2233 2234
f 2134 2234 2135
f 2135 2234 2235
f 2135 2235 2136
f 2136 2235 2236
f 2136 2236 2137
f 2137 2236 2237
f 2137 2237 2138
f 2138 2237 2238
f 2138 2238 2139
f 2139 2238 2239
f 2139 2239 2140
f 2140 2239 2240
f 2140 2240 2141
f 2141 2240 2241
f 2141 2241 2142
f 2142 2241 2242
f 2142 2242 2143
f 2143 2242 2243
f 2143 2243 2144
f 2144 2243 2244
f 2144 2244 2145
f 2145 2244 2245
f 2145 2245 2146
f 2146 2245 2246
f 2146 2246 2147
f 2147 2246 2247
f 2147 2247 2148
f 2148 2247 2248
f 2148 2248 2149
f 2149 2248 2249
f 2149 2249 2150
f 2150 2249 2250
f 2150 2250 2151
f 2151 2250 2251
f 2151 2251 2152
f 2152 2251 2252
f 2152 2252 2153
f 2153 2252 2253
f 2153 2253 2154
f 2154 2253 2254
f 2154 2254 2155
f 2155 2254 2255
f 2155 2255 2156
f 2156 2255 2256
f 2156 2256 2157
f 2157 2256 2257
f 2157 2257 2158
f 2158 2257 2258
f 2158 2258 2159
f 2159 2258 2259
f 2159 2259 2160
f 2160 2259 2260
f 2160 2260 2161
f 2161 2260 2261
f 2161 2261 2162
f 2162 2261 2262
f 2162 2262 2163
f 2163 2262 2263
f 2163 2263 2164
f 2164 2263 2264
f 2164 2264 2165
f 2165 2264 2265
f 2165 2265 2166
f 2166 2265 2266
f 2166 2266 2167
f 2167 2266 2267
f 2167 2267 2168
f 2168 2267 2268
f 2168 2268 2169
f 2169 2268 2269
f 2169 2269 2170
f 2170 2269 2270
f 2170 2270 2171
f 2171 2270 2271
f 2171 2271 2172
f 2172 2271 2272
f 2172 2272 2173
f 2173 2272 2273
f 2173 2273 2174
f 2174 2273 2274
f 2174 2274 2175
f 2175 2274 2275
f 2175 2275 2176
f 2176 2275 2276
f 2176 2276 2177
f 2177 2276 2277
f 2177 2277 2178
f 2178 2277 2278
f 2178 2278 2179
f 2179 2278 2279
f 2179 2279 2180
f 2180 2279 2280
f 2180 2280 2181
f 2181 2280 2281
f 2181 2281 2182
f 2182 2281 2282
f 2182 2282 2183
f 2183 2282 2283
f 2183 2283 2184
f 2184 2283 2284
f 2184 2284 2185
f 2185 2284 2285
f 2185 2285 2186
f 2186 2285 2286
f 2186 2286 2187
f 2187 2286 2287
f 2187 2287 2188
f 2188 2287 2288
f 2188 2288 2189
f 2189 2288 2289
f 2189 2289 2190
f 2190 2289 2290
f 2190 2290 2191
f 2191 2290 2291
f 2191 2291 2192
f 2192 2291 2292
f 2192 2292 2193
f 2193 2292 2293
f 2193 2293 2194
f 2194 2293 2294
f 2194 2294 2195
f 2195 2294 2295
f 2195 2295 2196
f 2196 2295 2296
f 2196 2296 2197
f 2197 2296 2297
f 2197 2297 2198
f 2198 2297 2298
f 2198 2298 2199
f 2199 2298 2299
f 2199 2299 2200
f 2200 2299 2300
f 2200 2300 2201
f 2201 2300 2301
f 2201 2301 2102
f 2102 2301 2202
f 2202 2302 2203
f 2203 2302 2303
f 2203 2303 2204
f 2204 2303 2304
f 2204 2304 2205
f 2205 2304 2305
f 2205 2305 2206
f 2206 2305 2306
f 2206 2306 2207
f 2207 2306 2307
f 2207 2307 2208
f 2208 2307 2308
f 2208 2308 2209
f 2209 2308 2309
f 2209 2309 2210
f 2210 2309 2310
f 2210 2310 2211
f 2211 2310 2311
f 2211 2311 2212
f 2212 2311 2312
f 2212 2312 2213
f 2213 2312 2313
f 2213 2313 2214
f 2214 2313 2314
f 2214 2314 2215
f 2215 2314 2315
f 2215 2315 2216
f 2216 2315 2316
f 2216 2316 2217
f 2217 2316 2317
f 2217 2317 2218
f 2218 2317 2318
f 2218 2318 2219
f 2219 2318 2319
f 2219 2319 2220
f 2220 2319 2320
f 2220 2320 2221
f 2221 2320 2321
f 2221 2321 2222
f 2222 2321 2322
f 2222 2322 2223
f 2223 2322 2323
f 2223 2323 2224
f 2224 2323 2324
f 2224 2324 2225
f 2225 2324 2325
f 2225 2325 2226
f 2226 2325 2326
f 2226 2326 2227
f 2227 2326 2327
f 2227 2327 2228
f 2228 2327 2328
f 2228 2328 2229
f 2229 2328 2329
f 2229 2329 2230
f 2230 2329 2330
f 2230 2330 2231
f 2231 2330 2331
f 2231 2331 2232
f 2232 2331 2332
f 2232 2332 2233
f 2233 2332 2333
f 2233 2333 2234
f 2234 2333 2334
f 2234 2334 2235
f 2235 2334 2335
f 2235 2335 2236
f 2236 2335 2336
f 2236 2336 2237
f 2237 2336 2337
f 2237 2337 2238
f 2238 2337 2338
f 2238 2338 2239
f 2239 2338 2339
f 2239 2339 2240
f 2240 2339 2340
f 2240 2340 2241
f 2241 2340 2341
f 2241 2341 2242
f 2242 2341 2342
f 2242 2342 2243
f 2243 2342 2343
f 2243 2343 2244
f 2244 2343 2344
f 2244 2344 2245
f 2245 2344 2345
f 2245 2345 2246
f 2246 2345 2346
f 2246 2346 2247
f 2247 2346 2347
f 2247 2347 2248
f 2248 2347 2348
f 2248 2348 2249
f 2249 2348 2349
f 2249 2349 2250
f 2250 2349 2350
f 2250 2350 2251
f 2251 2350 2351
f 2251 2351 2252
f 2252 2351 2352
f 2252 2352 2253
f 2253 2352 2353
f 2253 2353 2254
f 2254 2353 2354
f 2254 2354 2255
f 2255 2354 2355
f 2255 2355 2256
f 2256 2355 2356
f 2256 2356 2257
f 2257 2356 2357
f 2257 2357 2258
f 2258 2357 2358
f 2258 2358 2259
f 2259 2358 2359
f 2259 2359 2260
f 2260 2359 2360
f 2260 2360 2261
f 2261 2360 2361
f 2261 2361 2262
f 2262 2361 2362
f 2262 2362 2263
f 2263 2362 2363
f 2263 2363 2264
f 2264 2363 2364
f 2264 2364 2265
f 2265 2364 2365
f 2265 2365 2266
f 2266 2365 2366
f 2266 2366 2267
f 2267 2366 2367
f 2267 2367 2268
f 2268 2367 2368
f 2268 2368 2269
f 2269 2368 2369
f 2269 2369 2270
f 2270 2369 2370
f 2270 2370 2271
f 2271 2370 2371
f 2271 2371 2272
f 2272 2371 2372
f 2272 2372 2273
f 2273 2372 2373
f 2273 2373 2274
f 2274 2373 2374
f 2274 2374 2275
f 2275 2374 2375
f 2275 2375 2276
f 2276 2375 2376
f 2276 2376 2277
f 2277 2376 2377
f 2277 2377 2278
f 2278 2377 2378
f 2278 2378 2279
f 2279 2378 2379
f 2279 2379 2280
f 2280 2379 2380
f 2280 2380 2281
f 2281 2380 2381
f 2281 2381 2282
f 2282 2381 2382
f 2282 2382 2283
f 2283 2382 2383
f 2283 2383 2284
f 2284 2383 2384
f 2284 2384 2285
f 2285 2384 2385
f 2285 2385 2286
f 2286 2385 2386
f 2286 2386 2287
f 2287 2386 2387
f 2287 2387 2288
f 2288 2387 2388
f 2288 2388 2289
f 2289 2388 2389
f 2289 2389 2290
f 2290 2389 2390
f 2290 2390 2291
f 2291 2390 2391
f 2291 2391 2292
f 2292 2391 2392
f 2292 2392 2293
f 2293 2392 2393
f 2293 2393 2294
f 2294 2393 2394
f 2294 2394 2295
f 2295 2394 2395
f 2295 2395 2296
f 2296 2395 2396
f 2296 2396 2297
f 2297 2396 2397
f 2297 2397 2298
f 2298 2397 2398
f 2298 2398 2299
f 2299 2398 2399
f 2299 2399 2300
f 2300 2399 2400
f 2300 2400 2301
f 2301 2400 2401
f 2301 2401 2202
f 2202 2401 2302
f 2302 2402 2303
f 2303 2402 2403
f 2303 2403 2304
f 2304 2403 2404
f 2304 2404 2305
f 2305 2404 2405
f 2305 2405 2306
f 2306 2405 2406
f 2306 2406 2307
f 2307 2406 2407
f 2307 2407 2308
f 2308 2407 2408
f 2308 2408 2309
f 2309 2408 2409
f 2309 2409 2310
f 2310 2409 2410
f 2310 2410 2311
f 2311 2410 2411
f 2311 2411 2312
f 2312 2411 2412
f 2312 2412 2313
f 2313 2412 2413
f 2313 2413 2314
f 2314 2413 2414
f 2314 2414 2315
f 2315 2414 2415
f 2315 2415 2316
f 2316 2415 2416
f 2316 2416 2317
f 2317 2416 2417
f 2317 2417 2318
f 2318 2417 2418
f 2318 2418 2319
f 2319 2418 2419
f 2319 2419 2320
f 2320 2419 2420
f 2320 2420 2321
f 2321 2420 2421
f 2321 2421 2322
f 2322 2421 2422
f 2322 2422 2323
f 2323 2422 2423
f 2323 2423 2324
f 2324 2423 2424
f 2324 2424 2325
f 2325 2424 2425
f 2325 2425 2326
f 2326 2425 2426
f 2326 2426 2327
f 2327 2426 2427
f 2327 2427 2328
f 2328 2427 2428
f 2328 2428 2329
f 2329 2428 2429
f 2329 2429 2330
f 2330 2429 2430
f 2330 2430 2331
f 2331 2430 2431
f 2331 2431 2332
f 2332 2431 2432
f 2332 2432 2333
f 2333 2432 2433
f 2333 2433 2334
f 2334 2433 2434
f 2334 2434 2335
f 2335 2434 2435
f 2335 2435 2336
f 2336 2435 2436
f 2336 2436 2337
f 2337 2436 2437
f 2337 2437 2338
f 2338 2437 2438
f 2338 2438 2339
f 2339 2438 2439
f 2339 2439 2340
f 2340 2439 2440
f 2340 2440 2341
f 2341 2440 2441
f 2341 2441 2342
f 2342 2441 2442
f 2342 2442 2343
f 2343 2442 2443
f 2343 2443 2344
f 2344 2443 2444
f 2344 2444 2345
f 2345 2444 2445
f 2345 2445 2346
f 2346 2445 2446
f 2346 2446 2347
f 2347 2446 2447
f 2347 2447 2348
f 2348 2447 2448
f 2348 2448 2349
f 2349 2448 2449
f 2349 2449 2350
f 2350 2449 2450
f 2350 2450 2351
f 2351 2450 2451
f 2351 2451 2352
f 2352 2451 2452
f 2352 2452 2353
f 2353 2452 2453
f 2353 2453 2354
f 2354 2453 2454
f 2354 2454 2355
f 2355 2454 2455
f 2355 2455 2356
f 2356 2455 2456
f 2356 2456 2357
f 2357 2456 2457
f 2357 2457 2358
f 2358 2457 2458
f 2358 2458 2359
f 2359 2458 2459
f 2359 2459 2360
f 2360 2459 2460
f 2360 2460 2361
f 2361 2460 2461
f 2361 2461 2362
f 2362 2461 2462
f 2362 2462 2363
f 2363 2462 2463
f 2363 2463 2364
f 2364 2463 2464
f 2364 2464 2365
f 2365 2464 2465
f 2365 2465 2366
f 2366 2465 2466
f 2366 2466 2367
f 2367 2466 2467
f 2367 2467 2368
f 2368 2467 2468
f 2368 2468 2369
f 2369 2468 2469
f 2369 2469 2370
f 2370 2469 2470
f 2370 2470 2371
f 2371 2470 2471
f 2371 2471 2372
f 2372 2471 2472
f 2372 2472 2373
f 2373 2472 2473
f 2373 2473 2374
f 2374 2473 2474
f 2374 2474 2375
f 2375 2474 2475
f 2375 2475 2376
f 2376 2475 2476
f 2376 2476 2377
f 2377 2476 2477
f 2377 2477 2378
f 2378 2477 2478
f 2378 2478 2379
f 2379 2478 2479
f 2379 2479 2380
f 2380 2479 2480
f 2380 2480 2381
f 2381 2480 2481
f 2381 2481 2382
f 2382 2481 2482
f 2382 2482 2383
f 2383 2482 2483
f 2383 2483 2384
f 2384 2483 2484
f 2384 2484 2385
f 2385 2484 2485
f 2385 2485 2386
f 2386 2485 2486
f 2386 2486 2387
f 2387 2486 2487
f 2387 2487 2388
f 2388 2487 2488
f 2388 2488 2389
f 2389 2488 2489
f 2389 2489 2390
f 2390 2489 2490
f 2390 2490 2391
f 2391 2490 2491
f 2391 2491 2392
f 2392 2491 2492
f 2392 2492 2393
f 2393 2492 2493
f 2393 2493 2394
f 2394 2493 2494
f 2394 2494 2395
f 2395 2494 2495
f 2395 2495 2396
f 2396 2495 2496
f 2396 2496 2397
f 2397 2496 2497
f 2397 2497 2398
f 2398 2497 2498
f 2398 2498 2399
f 2399 2498 2499
f 2399 2499 2400
f 2400 2499 2500
f 2400 2500 2401
f 2401 2500 2501
f 2401 2501 2302
f 2302 2501 2402
f 2402 2502 2403
f 2403 2502 2503
f 2403 2503 2404
f 2404 2503 2504
f 2404 2504 2405
f 2405 2504 2505
f 2405 2505 2406
f 2406 2505 2506
f 2406 2506 2407
f 2407 2506 2507
f 2407 2507 2408
f 2408 2507 2508
f 2408 2508 2409
f 2409 2508 2509
f 2409 2509 2410
f 2410 2509 2510
f 2410 2510 2411
f 2411 2510 2511
f 2411 2511 2412
f 2412 2511 2512
f 2412 2512 2413
f 2413 2512 2513
f 2413 2513 2414
f 2414 2513 2514
f 2414 2514 2415
f 2415 2514 2515
f 2415 2515 2416
f 2416 2515 2516
f 2416 2516 2417
f 2417 2516 2517
f 2417 2517 2418
f 2418 2517 2518
f 2418 2518 2419
f 2419 2518 2519
f 2419 2519 2420
f 2420 2519 2520
f 2420 2520 2421
f 2421 2520 2521
f 2421 2521 2422
f 2422 2521 2522
f 2422 2522 2423
f 2423 2522 2523
f 2423 2523 2424
f 2424 2523 2524
f 2424 2524 2425
f 2425 2524 2525
f 2425 2525 2426
f 2426 2525 2526
f 2426 2526 2427
f 2427 2526 2527
f 2427 2527 2428
f 2428 2527 2528
f 2428 2528 2429
f 2429 2528 2529
f 2429 2529 2430
f 2430 2529 2530
f 2430 2530 2431
f 2431 2530 2531
f 2431 2531 2432
f 2432 2531 2532
f 2432 2532 2433
f 2433 2532 2533
f 2433 2533 2434
f 2434 2533 2534
f 2434 2534 2435
f 2435 2534 2535
f 2435 2535 2436
f 2436 2535 2536
f 2436 2536 2437
f 2437 2536 2537
f 2437 2537 2438
f 2438 2537 2538
f 2438 2538 2439
f 2439 2538 2539
f 2439 2539 2440
f 2440 2539 2540
f 2440 2540 2441
f 2441 2540 2541
f 2441 2541 2442
f 2442 2541 2542
f 2442 2542 2443
f 2443 2542 2543
f 2443 2543 2444
f 2444 2543 2544
f 2444 2544 2445
f 2445 2544 2545
f 2445 2545 2446
f 2446 2545 2546
f 2446 2546 2447
f 2447 2546 2547
f 2447 2547 2448
f 2448 2547 2548
f 2448 2548 2449
f 2449 2548 2549
f 2449 2549 2450
f 2450 2549 2550
f 2450 2550 2451
f 2451 2550 2551
f 2451 2551 2452
f 2452 2551 2552
f 2452 2552 2453
f 2453 2552 2553
f 2453 2553 2454
f 2454 2553 2554
f 2454 2554 2455
f 2455 2554 2555
f 2455 2555 2456
f 2456 2555 2556
f 2456 2556 2457
f 2457 2556 2557
f 2457 2557 2458
f 2458 2557 2558
f 2458 2558 2459
f 2459 2558 2559
f 2459 2559 2460
f 2460 2559 2560
f 2460 2560 2461
f 2461 2560 2561
f 2461 2561 2462
f 2462 2561 2562
f 2462 2562 2463
f 2463 2562 2563
f 2463 2563 2464
f 2464 2563 2564
f 2464 2564 2465
f 2465 2564 2565
f 2465 2565 2466
f 2466 2565 2566
f 2466 2566 2467
f 2467 2566 2567
f 2467 2567 2468
f 2468 2567 2568
f 2468 2568 2469
f 2469 2568 2569
f 2469 2569 2470
f 2470 2569 2570
f 2470 2570 2471
f 2471 2570 2571
f 2471 2571 2472
f 2472 2571 2572
f 2472 2572 2473
f 2473 2572 2573
f 2473 2573 2474
f 2474 2573 2574
f 2474 2574 2475
f 2475 2574 2575
f 2475 2575 2476
f 2476 2575 2576
f 2476 2576 2477
f 2477 2576 2577
f 2477 2577 2478
f 2478 2577 2578
f 2478 2578 2479
f 2479 2578 2579
f 2479 2579 2480
f 2480 2579 2580
f 2480 2580 2481
f 2481 2580 2581
f 2481 2581 2482
f 2482 2581 2582
f 2482 2582 2483
f 2483 2582 2583
f 2483 2583 2484
f 2484 2583 2584
f 2484 2584 2485
f 2485 2584 2585
f 2485 2585 2486
f 2486 2585 2586
f 2486 2586 2487
f 2487 2586 2587
f 2487 2587 2488
f 2488 2587 2588
f 2488 2588 2489
f 2489 2588 2589
f 2489 2589 2490
f 2490 2589 2590
f 2490 2590 2491
f 2491 2590 2591
f 2491 2591 2492
f 2492 2591 2592
f 2492 2592 2493
f 2493 2592 2593
f 2493 2593 2494
f 2494 2593 2594
f 2494 2594 2495
f 2495 2594 2595
f 2495 2595 2496
f 2496 2595 2596
f 2496 2596 2497
f 2497 2596 2597
f 2497 2597 2498
f 2498 2597 2598
f 2498 2598 2499
f 2499 2598 2599
f 2499 2599 2500
f 2500 2599 2600
f 2500 2600 2501
f 2501 2600 2601
f 2501 2601 2402
f 2402 2601 2502
f 2502 2602 2503
f 2503 2602 2603
f 2503 2603 2504
f 2504 2603 2604
f 2504 2604 2505
f 2505 2604 2605
f 2505 2605 2506
f 2506 2605 2606
f 2506 2606 2507
f 2507 2606 2607
f 2507 2607 2508
f 2508 2607 2608
f 2508 2608 2509
f 2509 2608 2609
f 2509 2609 2510
f 2510 2609 2610
f 2510 2610 2511
f 2511 2610 2611
f 2511 2611 2512
f 2512 2611 2612
f 2512 2612 2513
f 2513 2612 2613
f 2513 2613 2514
f 2514 2613 2614
f 2514 2614 2515
f 2515 2614 2615
f 2515 2615 2516
f 2516 2615 2616
f 2516 2616 2517
f 2517 2616 2617
f 2517 2617 2518
f 2518 2617 2618
f 2518 2618 2519
f 2519 2618 2619
f 2519 2619 2520
f 2520 2619 2620
f 2520 2620 2521
f 2521 2620 2621
f 2521 2621 2522
f 2522 2621 2622
f 2522 2622 2523
f 2523 2622 2623
f 2523 2623 2524
f 2524 2623 2624
f 2524 2624 2525
f 2525 2624 2625
f 2525 2625 2526
f 2526 2625 2626
f 2526 2626 2527
f 2527 2626 2627
f 2527 2627 2528
f 2528 2627 2628
f 2528 2628 2529
f 2529 2628 2629
f 2529 2629 2530
f 2530 2629 2630
f 2530 2630 2531
f 2531 2630 2631
f 2531 2631 2532
f 2532 2631 2632
f 2532 2632 2533
f 2533 2632 2633
f 2533 2633 2534
f 2534 2633 2634
f 2534 2634 2535
f 2535 2634 2635
f 2535 2635 2536
f 2536 2635 2636
f 2536 2636 2537
f 2537 2636 2637
f 2537 2637 2538
f 2538 2637 2638
f 2538 2638 2539
f 2539 2638 2639
f 2539 2639 2540
f 2540 2639 2640
f 2540 2640 2541
f 2541 2640 2641
f 2541 2641 2542
f 2542 2641 2642
f 2542 2642 2543
f 2543 2642 2643
f 2543 2643 2544
f 2544 2643 2644
f 2544 2644 2545
f 2545 2644 2645
f 2545 2645 2546
f 2546 2645 2646
f 2546 2646 2547
f 2547 2646 2647
f 2547 2647 2548
f 2548 2647 2648
f 2548 2648 2549
f 2549 2648 2649
f 2549 2649 2550
f 2550 2649 2650
f 2550 2650 2551
f 2551 2650 2651
f 2551 2651 2552
f 2552 2651 2652
f 2552 2652 2553
f 2553 2652 2653
f 2553 2653 2554
f 2554 2653 2654
f 2554 2654 2555
f 2555 2654 2655
f 2555 2655 2556
f 2556 2655 2656
f 2556 2656 2557
f 2557 2656 2657
f 2557 2657 2558
f 2558 2657 2658
f 2558 2658 2559
f 2559 2658 2659
f 2559 2659 2560
f 2560 2659 2660
f 2560 2660 2561
f 2561 2660 2661
f 2561 2661 2562
f 2562 2661 2662
f 2562 2662 2563
f 2563 2662 2663
f 2563 2663 2564
f 2564 2663 2664
f 2564 2664 2565
f 2565 2664 2665
f 2565 2665 2566
f 2566 2665 2666
f 2566 2666 2567
f 2567 2666 2667
f 2567 2667 2568
f 2568 2667 2668
f 2568 2668 2569
f 2569 2668 2669
f 2569 2669 2570
f 2570 2669 2670
f 2570 2670 2571
f 2571 2670 2671
f 2571 2671 2572
f 2572 2671 2672
f 2572 2672 2573
f 2573 2672 2673
f 2573 2673 2574
f 2574 2673 2674
f 2574 2674 2575
f 2575 2674 2675
f 2575 2675 2576
f 2576 2675 2676
f 2576 2676 2577
f 2577 2676 2677
f 2577 2677 2578
f 2578 2677 2678
f 2578 2678 2579
f 2579 2678 2679
f 2579 2679 2580
f 2580 2679 2680
f 2580 2680 2581
f 2581 2680 2681
f 2581 2681 2582
f 2582 2681 2682
f 2582 2682 2583
f 2583 2682 2683
f 2583 2683 2584
f 2584 2683 2684
f 2584 2684 2585
f 2585 2684 2685
f 2585 2685 2586
f 2586 2685 2686
f 2586 2686 2587
f 2587 2686 2687
f 2587 2687 2588
f 2588 2687 2688
f 2588 2688 2589
f 2589 2688 2689
f 2589 2689 2590
f 2590 2689 2690
f 2590 2690 2591
f 2591 2690 2691
f 2591 2691 2592
f 2592 2691 2692
f 2592 2692 2593
f 2593 2692 2693
f 2593 2693 2594
f 2594 2693 2694
f 2594 2694 2595
f 2595 2694 2695
f 2595 2695 2596
f 2596 2695 2696
f 2596 2696 2597
f 2597 2696 2697
f 2597 2697 2598
f 2598 2697 2698
f 2598 2698 2599
f 2599 2698 2699
f 2599 2699 2600
f 2600 2699 2700
f 2600 2700 2601
f 2601 2700 2701
f 2601 2701 2502
f 2502 2701 2602
f 2602 2702 2603
f 2603 2702 2703
f 2603 2703 2604
f 2604 2703 2704
f 2604 2704 2605
f 2605 2704 2705
f 2605 2705 2606
f 2606 2705 2706
f 2606 2706 2607
f 2607 2706 2707
f 2607 2707 2608
f 2608 2707 2708
f 2608 2708 2609
f 2609 2708 2709
f 2609 2709 2610
f 2610 2709 2710
f 2610 2710 2611
f 2611 2710 2711
f 2611 2711 2612
f 2612 2711 2712
f 2612 2712 2613
f 2613 2712 2713
f 2613 2713 2614
f 2614 2713 2714
f 2614 2714 2615
f 2615 2714 2715
f 2615 2715 2616
f 2616 2715 2716
f 2616 2716 2617
f 2617 2716 2717
f 2617 2717 2618
f 2618 2717 2718
f 2618 2718 2619
f 2619 2718 2719
f 2619 2719 2620
f 2620 2719 2720
f 2620 2720 2621
f 2621 2720 2721
f 2621 2721 2622
f 2622 2721 2722
f 2622 2722 2623
f 2623 2722 2723
f 2623 2723 2624
f 2624 2723 2724
f 2624 2724 2625
f 2625 2724 2725
f 2625 2725 2626
f 2626 2725 2726
f 2626 2726 2627
f 2627 2726 2727
f 2627 2727 2628
f 2628 2727 2728
f 2628 2728 2629
f 2629 2728 2729
f 2629 2729 2630
f 2630 2729 2730
f 2630 2730 2631
f 2631 2730 2731
f 2631 2731 2632
f 2632 2731 2732
f 2632 2732 2633
f 2633 2732 2733
f 2633 2733 2634
f 2634 2733 2734
f 2634 2734 2635
f 2635 2734 2735
f 2635 2735 2636
f 2636 2735 2736
f 2636 2736 2637
f 2637 2736 2737
f 2637 2737 2638
f 2638 2737 2738
f 2638 2738 2639
f 2639 2738 2739
f 2639 2739 2640
f 2640 2739 2740
f 2640 2740 2641
f 2641 2740 2741
f 2641 2741 2642
f 2642 2741 2742
f 2642 2742 2643
f 2643 2742 2743
f 2643 2743 2644
f 2644 2743 2744
f 2644 2744 2645
f 2645 2744 2745
f 2645 2745 2646
f 2646 2745 2746
f 2646 2746 2647
f 2647 2746 2747
f 2647 2747 2648
f 2648 2747 2748
f 2648 2748 2649
f 2649 2748 2749
f 2649 2749 2650
f 2650 2749 2750
f 2650 2750 2651
f 2651 2750 2751
f 2651 2751 2652
f 2652 2751 2752
f 2652 2752 2653
f 2653 2752 2753
f 2653 2753 2654
f 2654 2753 2754
f 2654 2754 2655
f 2655 2754 2755
f 2655 2755 2656
f 2656 2755 2756
f 2656 2756 2657
f 2657 2756 2757
f 2657 2757 2658
f 2658 2757 2758
f 2658 2758 2659
f 2659 2758 2759
f 2659 2759 2660
f 2660 2759 2760
f 2660 2760 2661
f 2661 2760 2761
f 2661 2761 2662
f 2662 2761 2762
f 2662 2762 2663
f 2663 2762 2763
f 2663 2763 2664
f 2664 2763 2764
f 2664 2764 2665
f 2665 2764 2765
f 2665 2765 2666
f 2666 2765 2766
f 2666 2766 2667
f 2667 2766 2767
f 2667 2767 2668
f 2668 2767 2768
f 2668 2768 2669
f 2669 2768 2769
f 2669 2769 2670
f 2670 2769 2770
f 2670 2770 2671
f 2671 2770 2771
f 2671 2771 2672
f 2672 2771 2772
f 2672 2772 2673
f 2673 2772 2773
f 2673 2773 2674
f 2674 2773 2774
f 2674 2774 2675
f 2675 2774 2775
f 2675 2775 2676
f 2676 2775 2776
f 2676 2776 2677
f 2677 2776 2777
f 2677 2777 2678
f 2678 2777 2778
f 2678 2778 2679
f 2679 2778 2779
f 2679 2779 2680
f 2680 2779 2780
f 2680 2780 2681
f 2681 2780 2781
f 2681 2781 2682
f 2682 2781 2782
f 2682 2782 2683
f 2683 2782 2783
f 2683 2783 2684
f 2684 2783 2784
f 2684 2784 2685
f 2685 2784 2785
f 2685 2785 2686
f 2686 2785 2786
f 2686 2786 2687
f 2687 2786 2787
f 2687 2787 2688
f 2688 2787 2788
f 2688 2788 2689
f 2689 2788 2789
f 2689 2789 2690
f 2690 2789 2790
f 2690 2790 2691
f 2691 2790 2791
f 2691 2791 2692
f 2692 2791 2792
f 2692 2792 2693
f 2693 2792 2793
f 2693 2793 2694
f 2694 2793 2794
f 2694 2794 2695
f 2695 2794 2795
f 2695 2795 2696
f 2696 2795 2796
f 2696 2796 2697
f 2697 2796 2797
f 2697 2797 2698
f 2698 2797 2798
f 2698 2798 2699
f 2699 2798 2799
f 2699 2799 2700
f 2700 2799 2800
f 2700 2800 2701
f 2701 2800 2801
f 2701 2801 2602
f 2602 2801 2702
f 2702 2802 2703
f 2703 2802 2803
f 2703 2803 2704
f 2704 2803 2804
f 2704 2804 2705
f 2705 2804 2805
f 2705 2805 2706
f 2706 2805 2806
f 2706 2806 2707
f 2707 2806 2807
f 2707 2807 2708
f 2708 2807 2808
f 2708 2808 2709
f 2709 2808 2809
f 2709 2809 2710
f 2710 2809 2810
f 2710 2810 2711
f 2711 2810 2811
f 2711 2811 2712
f 2712 2811 2812
f 2712 2812 2713
f 2713 2812 2813
f 2713 2813 2714
f 2714 2813 2814
f 2714 2814 2715
f 2715 2814 2815
f 2715 2815 2716
f 2716 2815 2816
f 2716 2816 2717
f 2717 2816 2817
f 2717 2817 2718
f 2718 2817 2818
f 2718 2818 2719
f 2719 2818 2819
f 2719 2819 2720
f 2720 2819 2820
f 2720 2820 2721
f 2721 2820 2821
f 2721 2821 2722
f 2722 2821 2822
f 2722 2822 2723
f 2723 2822 2823
f 2723 2823 2724
f 2724 2823 2824
f 2724 2824 2725
f 2725 2824 2825
f 2725 2825 2726
f 2726 2825 2826
f 2726 2826 2727
f 2727 2826 2827
f 2727 2827 2728
f 2728 2827 2828
f 2728 2828 2729
f 2729 2828 2829
f 2729 2829 2730
f 2730 2829 2830
f 2730 2830 2731
f 2731 2830 2831
f 2731 2831 2732
f 2732 2831 2832
f 2732 2832 2733
f 2733 2832 2833
f 2733 2833 2734
f 2734 2833 2834
f 2734 2834 2735
f 2735 2834 2835
f 2735 2835 2736
f 2736 2835 2836
f 2736 2836 2737
f 2737 2836 2837
f 2737 2837 2738
f 2738 2837 2838
f 2738 2838 2739
f 2739 2838 2839
f 2739 2839 2740
f 2740 2839 2840
f 2740 2840 2741
f 2741 2840 2841
f 2741 2841 2742
f 2742 2841 2842
f 2742 2842 2743
f 2743 2842 2843
f 2743 2843 2744
f 2744 2843 2844
f 2744 2844 2745
f 2745 2844 2845
f 2745 2845 2746
f 2746 2845 2846
f 2746 2846 2747
f 2747 2846 2847
f 2747 2847 2748
f 2748 2847 2848
f 2748 2848 2749
f 2749 2848 2849
f 2749 2849 2750
f 2750 2849 2850
f 2750 2850 2751
f 2751 2850 2851
f 2751 2851 2752
f 2752 2851 2852
f 2752 2852 2753
f 2753 2852 2853
f 2753 2853 2754
f 2754 2853 2854
f 2754 2854 2755
f 2755 2854 2855
f 2755 2855 2756
f 2756 2855 2856
f 2756 2856 2757
f 2757 2856 2857
f 2757 2857 2758
f 2758 2857 2858
f 2758 2858 2759
f 2759 2858 2859
f 2759 2859 2760
f 2760 2859 2860
f 2760 2860 2761
f 2761 2860 2861
f 2761 2861 2762
f 2762 2861 2862
f 2762 2862 2763
f 2763 2862 2863
f 2763 2863 2764
f 2764 2863 2864
f 2764 2864 2765
f 2765 2864 2865
f 2765 2865 2766
f 2766 2865 2866
f 2766 2866 2767
f 2767 2866 2867
f 2767 2867 2768
f 2768 2867 2868
f 2768 2868 2769
f 2769 2868 2869
f 2769 2869 2770
f 2770 2869 2870
f 2770 2870 2771
f 2771 2870 2871
f 2771 2871 2772
f 2772 2871 2872
f 2772 2872 2773
f 2773 2872 2873
f 2773 2873 2774
f 2774 2873 2874
f 2774 2874 2775
f 2775 2874 2875
f 2775 2875 2776
f 2776 2875 2876
f 2776 2876 2777
f 2777 2876 2877
f 2777 2877 2778
f 2778 2877 2878
f 2778 2878 2779
f 2779 2878 2879
f 2779 2879 2780
f 2780 2879 2880
f 2780 2880 2781
f 2781 2880 2881
f 2781 2881 2782
f 2782 2881 2882
f 2782 2882 2783
f 2783 2882 2883
f 2783 2883 2784
f 2784 2883 2884
f 2784 2884 2785
f 2785 2884 2885
f 2785 2885 2786
f 2786 2885 2886
f 2786 2886 2787
f 2787 2886 2887
f 2787 2887 2788
f 2788 2887 2888
f 2788 2888 2789
f 2789 2888 2889
f 2789 2889 2790
f 2790 2889 2890
f 2790 2890 2791
f 2791 2890 2891
f 2791 2891 2792
f 2792 2891 2892
f 2792 2892 2793
f 2793 2892 2893
f 2793 2893 2794
f 2794 2893 2894
f 2794 2894 2795
f 2795 2894 2895
f 2795 2895 2796
f 2796 2895 2896
f 2796 2896 2797
f 2797 2896 2897
f 2797 2897 2798
f 2798 2897 2898
f 2798 2898 2799
f 2799 2898 2899
f 2799 2899 2800
f 2800 2899 2900
f 2800 2900 2801
f 2801 2900 2901
f 2801 2901 2702
f 2702 2901 2802
f 2802 2902 2803
f 2803 2902 2903
f 2803 2903 2804
f 2804 2903 2904
f 2804 2904 2805
f 2805 2904 2905
f 2805 2905 2806
f 2806 2905 2906
f 2806 2906 2807
f 2807 2906 2907
f 2807 2907 2808
f 2808 2907 2908
f 2808 2908 2809
f 2809 2908 2909
f 2809 2909 2810
f 2810 2909 2910
f 2810 2910 2811
f 2811 2910 2911
f 2811 2911 2812
f 2812 2911 2912
f 2812 2912 2813
f 2813 2912 2913
f 2813 2913 2814
f 2814 2913 2914
f 2814 2914 2815
f 2815 2914 2915
f 2815 2915 2816
f 2816 2915 2916
f 2816 2916 2817
f 2817 2916 2917
f 2817 2917 2818
f 2818 2917 2918
f 2818 2918 2819
f 2819 2918 2919
f 2819 2919 2820
f 2820 2919 2920
f 2820 2920 2821
f 2821 2920 2921
f 2821 2921 2822
f 2822 2921 2922
f 2822 2922 2823
f 2823 2922 2923
f 2823 2923 2824
f 2824 2923 2924
f 2824 2924 2825
f 2825 2924 2925
f 2825 2925 2826
f 2826 2925 2926
f 2826 2926 2827
f 2827 2926 2927
f 2827 2927 2828
f 2828 2927 2928
f 2828 2928 2829
f 2829 2928 2929
f 2829 2929 2830
f 2830 2929 2930
f 2830 2930 2831
f 2831 2930 2931
f 2831 2931 2832
f 2832 2931 2932
f 2832 2932 2833
f 2833 2932 2933
f 2833 2933 2834
f 2834 2933 2934
f 2834 2934 2835
f 2835 2934 2935
f 2835 2935 2836
f 2836 2935 2936
f 2836 2936 2837
f 2837 2936 2937
f 2837 2937 2838
f 2838 2937 2938
f 2838 2938 2839
f 2839 2938 2939
f 2839 2939 2840
f 2840 2939 2940
f 2840 2940 2841
f 2841 2940 2941
f 2841 2941 2842
f 2842 2941 2942
f 2842 2942 2843
f 2843 2942 2943
f 2843 2943 2844
f 2844 2943 2944
f 2844 2944 2845
f 2845 2944 2945
f 2845 2945 2846
f 2846 2945 2946
f 2846 2946 2847
f 2847 2946 2947
f 2847 2947 2848
f 2848 2947 2948
f 2848 2948 2849
f 2849 2948 2949
f 2849 2949 2850
f 2850 2949 2950
f 2850 2950 2851
f 2851 2950 2951
f 2851 2951 2852
f 2852 2951 2952
f 2852 2952 2853
f 2853 2952 2953
f 2853 2953 2854
f 2854 2953 2954
f 2854 2954 2855
f 2855 2954 2955
f 2855 2955 2856
f 2856 2955 2956
f 2856 2956 2857
f 2857 2956 2957
f 2857 2957 2858
f 2858 2957 2958
f 2858 2958 2859
f 2859 2958 2959
f 2859 2959 2860
f 2860 2959 2960
f 2860 2960 2861
f 2861 2960 2961
f 2861 2961 2862
f 2862 2961 2962
f 2862 2962 2863
f 2863 2962 2963
f 2863 2963 2864
f 2864 2963 2964
f 2864 2964 2865
f 2865 2964 2965
f 2865 2965 2866
f 2866 2965 2966
f 2866 2966 2867
f 2867 2966 2967
f 2867 2967 2868
f 2868 2967 2968
f 2868 2968 2869
f 2869 2968 2969
f 2869 2969 2870
f 2870 2969 2970
f 2870 2970 2871
f 2871 2970 2971
f 2871 2971 2872
f 2872 2971 2972
f 2872 2972 2873
f 2873 2972 2973
f 2873 2973 2874
f 2874 2973 2974
f 2874 2974 2875
f 2875 2974 2975
f 2875 2975 2876
f 2876 2975 2976
f 2876 2976 2877
f 2877 2976 2977
f 2877 2977 2878
f 2878 2977 2978
f 2878 2978 2879
f 2879 2978 2979
f 2879 2979 2880
f 2880 2979 2980
f 2880 2980 2881
f 2881 2980 2981
f 2881 2981 2882
f 2882 2981 2982
f 2882 2982 2883
f 2883 2982 2983
f 2883 2983 2884
f 2884 2983 2984
f 2884 2984 2885
f 2885 2984 2985
f 2885 2985 2886
f 2886 2985 2986
f 2886 2986 2887
f 2887 2986 2987
f 2887 2987 2888
f 2888 2987 2988
f 2888 2988 2889
f 2889 2988 2989
f 2889 2989 2890
f 2890 2989 2990
f 2890 2990 2891
f 2891 2990 2991
f 2891 2991 2892
f 2892 2991 2992
f 2892 2992 2893
f 2893 2992 2993
f 2893 2993 2894
f 2894 2993 2994
f 2894 2994 2895
f 2895 2994 2995
f 2895 2995 2896
f 2896 2995 2996
f 2896 2996 2897
f 2897 2996 2997
f 2897 2997 2898
f 2898 2997 2998
f 2898 2998 2899
f 2899 2998 2999
f 2899 2999 2900
f 2900 2999 3000
f 2900 3000 2901
f 2901 3000 3001
f 2901 3001 2802
f 2802 3001 2902
f 2902 3002 2903
f 2903 3002 3003
f 2903 3003 2904
f 2904 3003 3004
f 2904 3004 2905
f 2905 3004 3005
f 2905 3005 2906
f 2906 3005 3006
f 2906 3006 2907
f 2907 3006 3007
f 2907 3007 2908
f 2908 3007 3008
f 2908 3008 2909
f 2909 3008 3009
f 2909 3009 2910
f 2910 3009 3010
f 2910 3010 2911
f 2911 3010 3011
f 2911 3011 2912
f 2912 3011 3012
f 2912 3012 2913
f 2913 3012 3013
f 2913 3013 2914
f 2914 3013 3014
f 2914 3014 2915
f 2915 3014 3015
f 2915 3015 2916
f 2916 3015 3016
f 2916 3016 2917
f 2917 3016 3017
f 2917 3017 2918
f 2918 3017 3018
f 2918 3018 2919
f 2919 3018 3019
f 2919 3019 2920
f 2920 3019 3020
f 2920 3020 2921
f 2921 3020 3021
f 2921 3021 2922
f 2922 3021 3022
f 2922 3022 2923
f 2923 3022 3023
f 2923 3023 2924
f 2924 3023 3024
f 2924 3024 2925
f 2925 3024 3025
f 2925 3025 2926
f 2926 3025 3026
f 2926 3026 2927
f 2927 3026 3027
f 2927 3027 2928
f 2928 3027 3028
f 2928 3028 2929
f 2929 3028 3029
f 2929 3029 2930
f 2930 3029 3030
f 2930 3030 2931
f 2931 3030 3031
f 2931 3031 2932
f 2932 3031 3032
f 2932 3032 2933
f 2933 3032 3033
f 2933 3033 2934
f 2934 3033 3034
f 2934 3034 2935
f 2935 3034 3035
f 2935 3035 2936
f 2936 3035 3036
f 2936 3036 2937
f 2937 3036 3037
f 2937 3037 2938
f 2938 3037 3038
f 2938 3038 2939
f 2939 3038 3039
f 2939 3039 2940
f 2940 3039 3040
f 2940 3040 2941
f 2941 3040 3041
f 2941 3041 2942
f 2942 3041 3042
f 2942 3042 2943
f 2943 3042 3043
f 2943 3043 2944
f 2944 3043 3044
f 2944 3044 2945
f 2945 3044 3045
f 2945 3045 2946
f 2946 3045 3046
f 2946 3046 2947
f 2947 3046 3047
f 2947 3047 2948
f 2948 3047 3048
f 2948 3048 2949
f 2949 3048 3049
f 2949 3049 2950
f 2950 3049 3050
f 2950 3050 2951
f 2951 3050 3051
f 2951 3051 2952
f 2952 3051 3052
f 2952 3052 2953
f 2953 3052 3053
f 2953 3053 2954
f 2954 3053 3054
f 2954 3054 2955
f 2955 3054 3055
f 2955 3055 2956
f 2956 3055 3056
f 2956 3056 2957
f 2957 3056 3057
f 2957 3057 2958
f 2958 3057 3058
f 2958 3058 2959
f 2959 3058 3059
f 2959 3059 2960
f 2960 3059 3060
f 2960 3060 2961
f 2961 3060 3061
f 2961 3061 2962
f 2962 3061 3062
f 2962 3062 2963
f 2963 3062 3063
f 2963 3063 2964
f 2964 3063 3064
f 2964 3064 2965
f 2965 3064 3065
f 2965 3065 2966
f 2966 3065 3066
f 2966 3066 2967
f 2967 3066 3067
f 2967 3067 2968
f 2968 3067 3068
f 2968 3068 2969
f 2969 3068 3069
f 2969 3069 2970
f 2970 3069 3070
f 2970 3070 2971
f 2971 3070 3071
f 2971 3071 2972
f 2972 3071 3072
f 2972 3072 2973
f 2973 3072 3073
f 2973 3073 2974
f 2974 3073 3074
f 2974 3074 2975
f 2975 3074 3075
f 2975 3075 2976
f 2976 3075 3076
f 2976 3076 2977
f 2977 3076 3077
f 2977 3077 2978
f 2978 3077 3078
f 2978 3078 2979
f 2979 3078 3079
f 2979 3079 2980
f 2980 3079 3080
f 2980 3080 2981
f 2981 3080 3081
f 2981 3081 2982
f 2982 3081 3082
f 2982 3082 2983
f 2983 3082 3083
f 2983 3083 2984
f 2984 3083 3084
f 2984 3084 2985
f 2985 3084 3085
f 2985 3085 2986
f 2986 3085 3086
f 2986 3086 2987
f 2987 3086 3087
f 2987 3087 2988
f 2988 3087 3088
f 2988 3088 2989
f 2989 3088 3089
f 2989 3089 2990
f 2990 3089 3090
f 2990 3090 2991
f 2991 3090 3091
f 2991 3091 2992
f 2992 3091 3092
f 2992 3092 2993
f 2993 3092 3093
f 2993 3093 2994
f 2994 3093 3094
f 2994 3094 2995
f 2995 3094 3095
f 2995 3095 2996
f 2996 3095 3096
f 2996 3096 2997
f 2997 3096 3097
f 2997 3097 2998
f 2998 3097 3098
f 2998 3098 2999
f 2999 3098 3099
f 2999 3099 3000
f 3000 3099 3100
f 3000 3100 3001
f 3001 3100 3101
f 3001 3101 2902
f 2902 3101 3002
f 3002 3102 3003
f 3003 3102 3103
f 3003 3103 3004
f 3004 3103 3104
f 3004 3104 3005
f 3005 3104 3105
f 3005 3105 3006
f 3006 3105 3106
f 3006 3106 3007
f 3007 3106 3107
f 3007 3107 3008
f 3008 3107 3108
f 3008 3108 3009
f 3009 3108 3109
f 3009 3109 3010
f 3010 3109 3110
f 3010 3110 3011
f 3011 3110 3111
f 3011 3111 3012
f 3012 3111 3112
f 3012 3112 3013
f 3013 3112 3113
f 3013 3113 3014
f 3014 3113 3114
f 3014 3114 3015
f 3015 3114 3115
f 3015 3115 3016
f 3016 3115 3116
f 3016 3116 3017
f 3017 3116 3117
f 3017 3117 3018
f 3018 3117 3118
f 3018 3118 3019
f 3019 3118 3119
f 3019 3119 3020
f 3020 3119 3120
f 3020 3120 3021
f 3021 3120 3121
f 3021 3121 3022
f 3022 3121 3122
f 3022 3122 3023
f 3023 3122 3123
f 3023 3123 3024
f 3024 3123 3124
f 3024 3124 3025
f 3025 3124 3125
f 3025 3125 3026
f 3026 3125 3126
f 3026 3126 3027
f 3027 3126 3127
f 3027 3127 3028
f 3028 3127 3128
f 3028 3128 3029
f 3029 3128 3129
f 3029 3129 3030
f 3030 3129 3130
f 3030 3130 3031
f 3031 3130 3131
f 3031 3131 3032
f 3032 3131 3132
f 3032 3132 3033
f 3033 3132 3133
f 3033 3133 3034
f 3034 3133 3134
f 3034 3134 3035
f 3035 3134 3135
f 3035 3135 3036
f 3036 3135 3136
f 3036 3136 3037
f 3037 3136 3137
f 3037 3137 3038
f 3038 3137 3138
f 3038 3138 3039
f 3039 3138 3139
f 3039 3139 3040
f 3040 3139 3140
f 3040 3140 3041
f 3041 3140 3141
f 3041 3141 3042
f 3042 3141 3142
f 3042 3142 3043
f 3043 3142 3143
f 3043 3143 3044
f 3044 3143 3144
f 3044 3144 3045
f 3045 3144 3145
f 3045 3145 3046
f 3046 3145 3146
f 3046 3146 3047
f 3047 3146 3147
f 3047 3147 3048
f 3048 3147 3148
f 3048 3148 3049
f 3049 3148 3149
f 3049 3149 3050
f 3050 3149 3150
f 3050 3150 3051
f 3051 3150 3151
f 3051 3151 3052
f 3052 3151 3152
f 3052 3152 3053
f 3053 3152 3153
f 3053 3153 3054
f 3054 3153 3154
f 3054 3154 3055
f 3055 3154 3155
f 3055 3155 3056
f 3056 3155 3156
f 3056 3156 3057
f 3057 3156 3157
f 3057 3157 3058
f 3058 3157 3158
f 3058 3158 3059
f 3059 3158 3159
f 3059 3159 3060
f 3060 3159 3160
f 3060 3160 3061
f 3061 3160 3161
f 3061 3161 3062
f 3062 3161 3162
f 3062 3162 3063
f 3063 3162 3163
f 3063 3163 3064
f 3064 3163 3164
f 3064 3164 3065
f 3065 3164 3165
f 3065 3165 3066
f 3066 3165 3166
f 3066 3166 3067
f 3067 3166 3167
f 3067 3167 3068
f 3068 3167 3168
f 3068 3168 3069
f 3069 3168 3169
f 3069 3169 3070
f 3070 3169 3170
f 3070 3170 3071
f 3071 3170 3171
f 3071 3171 3072
f 3072 3171 3172
f 3072 3172 3073
f 3073 3172 3173
f 3073 3173 3074
f 3074 3173 3174
f 3074 3174 3075
f 3075 3174 3175
f 3075 3175 3076
f 3076 3175 3176
f 3076 3176 3077
f 3077 3176 3177
f 3077 3177 3078
f 3078 3177 3178
f 3078 3178 3079
f 3079 3178 3179
f 3079 3179 3080
f 3080 3179 3180
f 3080 3180 3081
f 3081 3180 3181
f 3081 3181 3082
f 3082 3181 3182
f 3082 3182 3083
f 3083 3182 3183
f 3083 3183 3084
f 3084 3183 3184
f 3084 3184 3085
f 3085 3184 3185
f 3085 3185 3086
f 3086 3185 3186
f 3086 3186 3087
f 3087 3186 3187
f 3087 3187 3088
f 3088 3187 3188
f 3088 3188 3089
f 3089 3188 3189
f 3089 3189 3090
f 3090 3189 3190
f 3090 3190 3091
f 3091 3190 3191
f 3091 3191 3092
f 3092 3191 3192
f 3092 3192 3093
f 3093 3192 3193
f 3093 3193 3094
f 3094 3193 3194
f 3094 3194 3095
f 3095 3194 3195
f 3095 3195 3096
f 3096 3195 3196
f 3096 3196 3097
f 3097 3196 3197
f 3097 3197 3098
f 3098 3197 3198
f 3098 3198 3099
f 3099 3198 3199
f 3099 3199 3100
f 3100 3199 3200
f 3100 3200 3101
f 3101 3200 3201
f 3101 3201 3002
f 3002 3201 3102
f 3102 3202 3103
f 3103 3202 3203
f 3103 3203 3104
f 3104 3203 3204
f 3104 3204 3105
f 3105 3204 3205
f 3105 3205 3106
f 3106 3205 3206
f 3106 3206 3107
f 3107 3206 3207
f 3107 3207 3108
f 3108 3207 3208
f 3108 3208 3109
f 3109 3208 3209
f 3109 3209 3110
f 3110 3209 3210
f 3110 3210 3111
f 3111 3210 3211
f 3111 3211 3112
f 3112 3211 3212
f 3112 3212 3113
f 3113 3212 3213
f 3113 3213 3114
f 3114 3213 3214
f 3114 3214 3115
f 3115 3214 3215
f 3115 3215 3116
f 3116 3215 3216
f 3116 3216 3117
f 3117 3216 3217
f 3117 3217 3118
f 3118 3217 3218
f 3118 3218 3119
f 3119 3218 3219
f 3119 3219 3120
f 3120 3219 3220
f 3120 3220 3121
f 3121 3220 3221
f 3121 3221 3122
f 3122 3221 3222
f 3122 3222 3123
f 3123 3222 3223
f 3123 3223 3124
f 3124 3223 3224
f 3124 3224 3125
f 3125 3224 3225
f 3125 3225 3126
f 3126 3225 3226
f 3126 3226 3127
f 3127 3226 3227
f 3127 3227 3128
f 3128 3227 3228
f 3128 3228 3129
f 3129 3228 3229
f 3129 3229 3130
f 3130 3229 3230
f 3130 3230 3131
f 3131 3230 3231
f 3131 3231 3132
f 3132 3231 3232
f 3132 3232 3133
f 3133 3232 3233
f 3133 3233 3134
f 3134 3233 3234
f 3134 3234 3135
f 3135 3234 3235
f 3135 3235 3136
f 3136 3235 3236
f 3136 3236 3137
f 3137 3236 3237
f 3137 3237 3138
f 3138 3237 3238
f 3138 3238 3139
f 3139 3238 3239
f 3139 3239 3140
f 3140 3239 3240
f 3140 3240 3141
f 3141 3240 3241
f 3141 3241 3142
f 3142 3241 3242
f 3142 3242 3143
f 3143 3242 3243
f 3143 3243 3144
f 3144 3243 3244
f 3144 3244 3145
f 3145 3244 3245
f 3145 3245 3146
f 3146 3245 3246
f 3146 3246 3147
f 3147 3246 3247
f 3147 3247 3148
f 3148 3247 3248
f 3148 3248 3149
f 3149 3248 3249
f 3149 3249 3150
f 3150 3249 3250
f 3150 3250 3151
f 3151 3250 3251
f 3151 3251 3152
f 3152 3251 3252
f 3152 3252 3153
f 3153 3252 3253
f 3153 3253 3154
f 3154 3253 3254
f 3154 3254 3155
f 3155 3254 3255
f 3155 3255 3156
f 3156 3255 3256
f 3156 3256 3157
f 3157 3256 3257
f 3157 3257 3158
f 3158 3257 3258
f 3158 3258 3159
f 3159 3258 3259
f 3159 3259 3160
f 3160 3259 3260
f 3160 3260 3161
f 3161 3260 3261
f 3161 3261 3162
f 3162 3261 3262
f 3162 3262 3163
f 3163 3262 3263
f 3163 3263 3164
f 3164 3263 3264
f 3164 3264 3165
f 3165 3264 3265
f 3165 3265 3166
f 3166 3265 3266
f 3166 3266 3167
f 3167 3266 3267
f 3167 3267 3168
f 3168 3267 3268
f 3168 3268 3169
f 3169 3268 3269
f 3169 3269 3170
f 3170 3269 3270
f 3170 3270 3171
f 3171 3270 3271
f 3171 3271 3172
f 3172 3271 3272
f 3172 3272 3173
f 3173 3272 3273
f 3173 3273 3174
f 3174 3273 3274
f 3174 3274 3175
f 3175 3274 3275
f 3175 3275 3176
f 3176 3275 3276
f 3176 3276 3177
f 3177 3276 3277
f 3177 3277 3178
f 3178 3277 3278
f 3178 3278 3179
f 3179 3278 3279
f 3179 3279 3180
f 3180 3279 3280
f 3180 3280 3181
f 3181 3280 3281
f 3181 3281 3182
f 3182 3281 3282
f 3182 3282 3183
f 3183 3282 3283
f 3183 3283 3184
f 3184 3283 3284
f 3184 3284 3185
f 3185 3284 3285
f 3185 3285 3186
f 3186 3285 3286
f 3186 3286 3187
f 3187 3286 3287
f 3187 3287 3188
f 3188 3287 3288
f 3188 3288 3189
f 3189 3288 3289
f 3189 3289 3190
f 3190 3289 3290
f 3190 3290 3191
f 3191 3290 3291
f 3191 3291 3192
f 3192 3291 3292
f 3192 3292 3193
f 3193 3292 3293
f 3193 3293 3194
f 3194 3293 3294
f 3194 3294 3195
f 3195 3294 3295
f 3195 3295 3196
f 3196 3295 3296
f 3196 3296 3197
f 3197 3296 3297
f 3197 3297 3198
f 3198 3297 3298
f 3198 3298 3199
f 3199 3298 3299
f 3199 3299 3200
f 3200 3299 3300
f 3200 3300 3201
f 3201 3300 3301
f 3201 3301 3102
f 3102 3301 3202
f 3202 3302 3203
f 3203 3302 3303
f 3203 3303 3204
f 3204 3303 3304
f 3204 3304 3205
f 3205 3304 3305
f 3205 3305 3206
f 3206 3305 3306
f 3206 3306 3207
f 3207 3306 3307
f 3207 3307 3208
f 3208 3307 3308
f 3208 3308 3209
f 3209 3308 3309
f 3209 3309 3210
f 3210 3309 3310
f 3210 3310 3211
f 3211 3310 3311
f 3211 3311 3212
f 3212 3311 3312
f 3212 3312 3213
f 3213 3312 3313
f 3213 3313 3214
f 3214 3313 3314
f 3214 3314 3215
f 3215 3314 3315
f 3215 3315 3216
f 3216 3315 3316
f 3216 3316 3217
f 3217 3316 3317
f 3217 3317 3218
f 3218 3317 3318
f 3218 3318 3219
f 3219 3318 3319
f 3219 3319 3220
f 3220 3319 3320
f 3220 3320 3221
f 3221 3320 3321
f 3221 3321 3222
f 3222 3321 3322
f 3222 3322 3223
f 3223 3322 3323
f 3223 3323 3224
f 3224 3323 3324
f 3224 3324 3225
f 3225 3324 3325
f 3225 3325 3226
f 3226 3325 3326
f 3226 3326 3227
f 3227 3326 3327
f 3227 3327 3228
f 3228 3327 3328
f 3228 3328 3229
f 3229 3328 3329
f 3229 3329 3230
f 3230 3329 3330
f 3230 3330 3231
f 3231 3330 3331
f 3231 3331 3232
f 3232 3331 3332
f 3232 3332 3233
f 3233 3332 3333
f 3233 3333 3234
f 3234 3333 3334
f 3234 3334 3235
f 3235 3334 3335
f 3235 3335 3236
f 3236 3335 3336
f 3236 3336 3237
f 3237 3336 3337
f 3237 3337 3238
f 3238 3337 3338
f 3238 3338 3239
f 3239 3338 3339
f 3239 3339 3240
f 3240 3339 3340
f 3240 3340 3241
f 3241 3340 3341
f 3241 3341 3242
f 3242 3341 3342
f 3242 3342 3243
f 3243 3342 3343
f 3243 3343 3244
f 3244 3343 3344
f 3244 3344 3245
f 3245 3344 3345
f 3245 3345 3246
f 3246 3345 3346
f 3246 3346 3247
f 3247 3346 3347
f 3247 3347 3248
f 3248 3347 3348
f 3248 3348 3249
f 3249 3348 3349
f 3249 3349 3250
f 3250 3349 3350
f 3250 3350 3251
f 3251 3350 3351
f 3251 3351 3252
f 3252 3351 3352
f 3252 3352 3253
f 3253 3352 3353
f 3253 3353 3254
f 3254 3353 3354
f 3254 3354 3255
f 3255 3354 3355
f 3255 3355 3256
f 3256 3355 3356
f 3256 3356 3257
f 3257 3356 3357
f 3257 3357 3258
f 3258 3357 3358
f 3258 3358 3259
f 3259 3358 3359
f 3259 3359 3260
f 3260 3359 3360
f 3260 3360 3261
f 3261 3360 3361
f 3261 3361 3262
f 3262 3361 3362
f 3262 3362 3263
f 3263 3362 3363
f 3263 3363 3264
f 3264 3363 3364
f 3264 3364 3265
f 3265 3364 3365
f 3265 3365 3266
f 3266 3365 3366
f 3266 3366 3267
f 3267 3366 3367
f 3267 3367 3268
f 3268 3367 3368
f 3268 3368 3269
f 3269 3368 3369
f 3269 3369 3270
f 3270 3369 3370
f 3270 3370 3271
f 3271 3370 3371
f 3271 3371 3272
f 3272 3371 3372
f 3272 3372 3273
f 3273 3372 3373
f 3273 3373 3274
f 3274 3373 3374
f 3274 3374 3275
f 3275 3374 3375
f 3275 3375 3276
f 3276 3375 3376
f 3276 3376 3277
f 3277 3376 3377
f 3277 3377 3278
f 3278 3377 3378
f 3278 3378 3279
f 3279 3378 3379
f 3279 3379 3280
f 3280 3379 3380
f 3280 3380 3281
f 3281 3380 3381
f 3281 3381 3282
f 3282 3381 3382
f 3282 3382 3283
f 3283 3382 3383
f 3283 3383 3284
f 3284 3383 3384
f 3284 3384 3285
f 3285 3384 3385
f 3285 3385 3286
f 3286 3385 3386
f 3286 3386 3287
f 3287 3386 3387
f 3287 3387 3288
f 3288 3387 3388
f 3288 3388 3289
f 3289 3388 3389
f 3289 3389 3290
f 3290 3389 3390
f 3290 3390 3291
f 3291 3390 3391
f 3291 3391 3292
f 3292 3391 3392
f 3292 3392 3293
f 3293 3392 3393
f 3293 3393 3294
f 3294 3393 3394
f 3294 3394 3295
f 3295 3394 3395
f 3295 3395 3296
f 3296 3395 3396
f 3296 3396 3297
f 3297 3396 3397
f 3297 3397 3298
f 3298 3397 3398
f 3298 3398 3299
f 3299 3398 3399
f 3299 3399 3300
f 3300 3399 3400
f 3300 3400 3301
f 3301 3400 3401
f 3301 3401 3202
f 3202 3401 3302
f 3302 3402 3303
f 3303 3402 3403
f 3303 3403 3304
f 3304 3403 3404
f 3304 3404 3305
f 3305 3404 3405
f 3305 3405 3306
f 3306 3405 3406
f 3306 3406 3307
f 3307 3406 3407
f 3307 3407 3308
f 3308 3407 3408
f 3308 3408 3309
f 3309 3408 3409
f 3309 3409 3310
f 3310 3409 3410
f 3310 3410 3311
f 3311 3410 3411
f 3311 3411 3312
f 3312 3411 3412
f 3312 3412 3313
f 3313 3412 3413
f 3313 3413 3314
f 3314 3413 3414
f 3314 3414 3315
f 3315 3414 3415
f 3315 3415 3316
f 3316 3415 3416
f 3316 3416 3317
f 3317 3416 3417
f 3317 3417 3318
f 3318 3417 3418
f 3318 3418 3319
f 3319 3418 3419
f 3319 3419 3320
f 3320 3419 3420
f 3320 3420 3321
f 3321 3420 3421
f 3321 3421 3322
f 3322 3421 3422
f 3322 3422 3323
f 3323 3422 3423
f 3323 3423 3324
f 3324 3423 3424
f 3324 3424 3325
f 3325 3424 3425
f 3325 3425 3326
f 3326 3425 3426
f 3326 3426 3327
f 3327 3426 3427
f 3327 3427 3328
f 3328 3427 3428
f 3328 3428 3329
f 3329 3428 3429
f 3329 3429 3330
f 3330 3429 3430
f 3330 3430 3331
f 3331 3430 3431
f 3331 3431 3332
f 3332 3431 3432
f 3332 3432 3333
f 3333 3432 3433
f 3333 3433 3334
f 3334 3433 3434
f 3334 3434 3335
f 3335 3434 3435
f 3335 3435 3336
f 3336 3435 3436
f 3336 3436 3337
f 3337 3436 3437
f 3337 3437 3338
f 3338 3437 3438
f 3338 3438 3339
f 3339 3438 3439
f 3339 3439 3340
f 3340 3439 3440
f 3340 3440 3341
f 3341 3440 3441
f 3341 3441 3342
f 3342 3441 3442
f 3342 3442 3343
f 3343 3442 3443
f 3343 3443 3344
f 3344 3443 3444
f 3344 3444 3345
f 3345 3444 3445
f 3345 3445 3346
f 3346 3445 3446
f 3346 3446 3347
f 3347 3446 3447
f 3347 3447 3348
f 3348 3447 3448
f 3348 3448 3349
f 3349 3448 3449
f 3349 3449 3350
f 3350 3449 3450
f 3350 3450 3351
f 3351 3450 3451
f 3351 3451 3352
f 3352 3451 3452
f 3352 3452 3353
f 3353 3452 3453
f 3353 3453 3354
f 3354 3453 3454
f 3354 3454 3355
f 3355 3454 3455
f 3355 3455 3356
f 3356 3455 3456
f 3356 3456 3357
f 3357 3456 3457
f 3357 3457 3358
f 3358 3457 3458
f 3358 3458 3359
f 3359 3458 3459
f 3359 3459 3360
f 3360 3459 3460
f 3360 3460 3361
f 3361 3460 3461
f 3361 3461 3362
f 3362 3461 3462
f 3362 3462 3363
f 3363 3462 3463
f 3363 3463 3364
f 3364 3463 3464
f 3364 3464 3365
f 3365 3464 3465
f 3365 3465 3366
f 3366 3465 3466
f 3366 3466 3367
f 3367 3466 3467
f 3367 3467 3368
f 3368 3467 3468
f 3368 3468 3369
f 3369 3468 3469
f 3369 3469 3370
f 3370 3469 3470
f 3370 3470 3371
f 3371 3470 3471
f 3371 3471 3372
f 3372 3471 3472
f 3372 3472 3373
f 3373 3472 3473
f 3373 3473 3374
f 3374 3473 3474
f 3374 3474 3375
f 3375 3474 3475
f 3375 3475 3376
f 3376 3475 3476
f 3376 3476 3377
f 3377 3476 3477
f 3377 3477 3378
f 3378 3477 3478
f 3378 3478 3379
f 3379 3478 3479
f 3379 3479 3380
f 3380 3479 3480
f 3380 3480 3381
f 3381 3480 3481
f 3381 3481 3382
f 3382 3481 3482
f 3382 3482 3383
f 3383 3482 3483
f 3383 3483 3384
f 3384 3483 3484
f 3384 3484 3385
f 3385 3484 3485
f 3385 3485 3386
f 3386 3485 3486
f 3386 3486 3387
f 3387 3486 3487
f 3387 3487 3388
f 3388 3487 3488
f 3388 3488 3389
f 3389 3488 3489
f 3389 3489 3390
f 3390 3489 3490
f 3390 3490 3391
f 3391 3490 3491
f 3391 3491 3392
f 3392 3491 3492
f 3392 3492 3393
f 3393 3492 3493
f 3393 3493 3394
f 3394 3493 3494
f 3394 3494 3395
f 3395 3494 3495
f 3395 3495 3396
f 3396 3495 3496
f 3396 3496 3397
f 3397 3496 3497
f 3397 3497 3398
f 3398 3497 3498
f 3398 3498 3399
f 3399 3498 3499
f 3399 3499 3400
f 3400 3499 3500
f 3400 3500 3401
f 3401 3500 3501
f 3401 3501 3302
f 3302 3501 3402
f 3402 3502 3403
f 3403 3502 3503
f 3403 3503 3404
f 3404 3503 3504
f 3404 3504 3405
f 3405 3504 3505
f 3405 3505 3406
f 3406 3505 3506
f 3406 3506 3407
f 3407 3506 3507
f 3407 3507 3408
f 3408 3507 3508
f 3408 3508 3409
f 3409 3508 3509
f 3409 3509 3410
f 3410 3509 3510
f 3410 3510 3411
f 3411 3510 3511
f 3411 3511 3412
f 3412 3511 3512
f 3412 3512 3413
f 3413 3512 3513
f 3413 3513 3414
f 3414 3513 3514
f 3414 3514 3415
f 3415 3514 3515
f 3415 3515 3416
f 3416 3515 3516
f 3416 3516 3417
f 3417 3516 3517
f 3417 3517 3418
f 3418 3517 3518
f 3418 3518 3419
f 3419 3518 3519
f 3419 3519 3420
f 3420 3519 3520
f 3420 3520 3421
f 3421 3520 3521
f 3421 3521 3422
f 3422 3521 3522
f 3422 3522 3423
f 3423 3522 3523
f 3423 3523 3424
f 3424 3523 3524
f 3424 3524 3425
f 3425 3524 3525
f 3425 3525 3426
f 3426 3525 3526
f 3426 3526 3427
f 3427 3526 3527
f 3427 3527 3428
f 3428 3527 3528
f 3428 3528 3429
f 3429 3528 3529
f 3429 3529 3430
f 3430 3529 3530
f 3430 3530 3431
f 3431 3530 3531
f 3431 3531 3432
f 3432 3531 3532
f 3432 3532 3433
f 3433 3532 3533
f 3433 3533 3434
f 3434 3533 3534
f 3434 3534 3435
f 3435 3534 3535
f 3435 3535 3436
f 3436 3535 3536
f 3436 3536 3437
f 3437 3536 3537
f 3437 3537 3438
f 3438 3537 3538
f 3438 3538 3439
f 3439 3538 3539
f 3439 3539 3440
f 3440 3539 3540
f 3440 3540 3441
f 3441 3540 3541
f 3441 3541 3442
f 3442 3541 3542
f 3442 3542 3443
f 3443 3542 3543
f 3443 3543 3444
f 3444 3543 3544
f 3444 3544 3445
f 3445 3544 3545
f 3445 3545 3446
f 3446 3545 3546
f 3446 3546 3447
f 3447 3546 3547
f 3447 3547 3448
f 3448 3547 3548
f 3448 3548 3449
f 3449 3548 3549
f 3449 3549 3450
f 3450 3549 3550
f 3450 3550 3451
f 3451 3550 3551
f 3451 3551 3452
f 3452 3551 3552
f 3452 3552 3453
f 3453 3552 3553
f 3453 3553 3454
f 3454 3553 3554
f 3454 3554 3455
f 3455 3554 3555
f 3455 3555 3456
f 3456 3555 3556
f 3456 3556 3457
f 3457 3556 3557
f 3457 3557 3458
f 3458 3557 3558
f 3458 3558 3459
f 3459 3558 3559
f 3459 3559 3460
f 3460 3559 3560
f 3460 3560 3461
f 3461 3560 3561
f 3461 3561 3462
f 3462 3561 3562
f 3462 3562 3463
f 3463 3562 3563
f 3463 3563 3464
f 3464 3563 3564
f 3464 3564 3465
f 3465 3564 3565
f 3465 3565 3466
f 3466 3565 3566
f 3466 3566 3467
f 3467 3566 3567
f 3467 3567 3468
f 3468 3567 3568
f 3468 3568 3469
f 3469 3568 3569
f 3469 3569 3470
f 3470 3569 3570
f 3470 3570 3471
f 3471 3570 3571
f 3471 3571 3472
f 3472 3571 3572
f 3472 3572 3473
f 3473 3572 3573
f 3473 3573 3474
f 3474 3573 3574
f 3474 3574 3475
f 3475 3574 3575
f 3475 3575 3476
f 3476 3575 3576
f 3476 3576 3477
f 3477 3576 3577
f 3477 3577 3478
f 3478 3577 3578
f 3478 3578 3479
f 3479 3578 3579
f 3479 3579 3480
f 3480 3579 3580
f 3480 3580 3481
f 3481 3580 3581
f 3481 3581 3482
f 3482 3581 3582
f 3482 3582 3483
f 3483 3582 3583
f 3483 3583 3484
f 3484 3583 3584
f 3484 3584 3485
f 3485 3584 3585
f 3485 3585 3486
f 3486 3585 3586
f 3486 3586 3487
f 3487 3586 3587
f 3487 3587 3488
f 3488 3587 3588
f 3488 3588 3489
f 3489 3588 3589
f 3489 3589 3490
f 3490 3589 3590
f 3490 3590 3491
f 3491 3590 3591
f 3491 3591 3492
f 3492 3591 3592
f 3492 3592 3493
f 3493 3592 3593
f 3493 3593 3494
f 3494 3593 3594
f 3494 3594 3495
f 3495 3594 3595
f 3495 3595 3496
f 3496 3595 3596
f 3496 3596 3497
f 3497 3596 3597
f 3497 3597 3498
f 3498 3597 3598
f 3498 3598 3499
f 3499 3598 3599
f 3499 3599 3500
f 3500 3599 3600
f 3500 3600 3501
f 3501 3600 3601
f 3501 3601 3402
f 3402 3601 3502
f 3502 3602 3503
f 3503 3602 3603
f 3503 3603 3504
f 3504 3603 3604
f 3504 3604 3505
f 3505 3604 3605
f 3505 3605 3506
f 3506 3605 3606
f 3506 3606 3507
f 3507 3606 3607
f 3507 3607 3508
f 3508 3607 3608
f 3508 3608 3509
f 3509 3608 3609
f 3509 3609 3510
f 3510 3609 3610
f 3510 3610 3511
f 3511 3610 3611
f 3511 3611 3512
f 3512 3611 3612
f 3512 3612 3513
f 3513 3612 3613
f 3513 3613 3514
f 3514 3613 3614
f 3514 3614 3515
f 3515 3614 3615
f 3515 3615 3516
f 3516 3615 3616
f 3516 3616 3517
f 3517 3616 3617
f 3517 3617 3518
f 3518 3617 3618
f 3518 3618 3519
f 3519 3618 3619
f 3519 3619 3520
f 3520 3619 3620
f 3520 3620 3521
f 3521 3620 3621
f 3521 3621 3522
f 3522 3621 3622
f 3522 3622 3523
f 3523 3622 3623
f 3523 3623 3524
f 3524 3623 3624
f 3524 3624 3525
f 3525 3624 3625
f 3525 3625 3526
f 3526 3625 3626
f 3526 3626 3527
f 3527 3626 3627
f 3527 3627 3528
f 3528 3627 3628
f 3528 3628 3529
f 3529 3628 3629
f 3529 3629 3530
f 3530 3629 3630
f 3530 3630 3531
f 3531 3630 3631
f 3531 3631 3532
f 3532 3631 3632
f 3532 3632 3533
f 3533 3632 3633
f 3533 3633 3534
f 3534 3633 3634
f 3534 3634 3535
f 3535 3634 3635
f 3535 3635 3536
f 3536 3635 3636
f 3536 3636 3537
f 3537 3636 3637
f 3537 3637 3538
f 3538 3637 3638
f 3538 3638 3539
f 3539 3638 3639
f 3539 3639 3540
f 3540 3639 3640
f 3540 3640 3541
f 3541 3640 3641
f 3541 3641 3542
f 3542 3641 3642
f 3542 3642 3543
f 3543 3642 3643
f 3543 3643 3544
f 3544 3643 3644
f 3544 3644 3545
f 3545 3644 3645
f 3545 3645 3546
f 3546 3645 3646
f 3546 3646 3547
f 3547 3646 3647
f 3547 3647 3548
f 3548 3647 3648
f 3548 3648 3549
f 3549 3648 3649
f 3549 3649 3550
f 3550 3649 3650
f 3550 3650 3551
f 3551 3650 3651
f 3551 3651 3552
f 3552 3651 3652
f 3552 3652 3553
f 3553 3652 3653
f 3553 3653 3554
f 3554 3653 3654
f 3554 3654 3555
f 3555 3654 3655
f 3555 3655 3556
f 3556 3655 3656
f 3556 3656 3557
f 3557 3656 3657
f 3557 3657 3558
f 3558 3657 3658
f 3558 3658 3559
f 3559 3658 3659
f 3559 3659 3560
f 3560 3659 3660
f 3560 3660 3561
f 3561 3660 3661
f 3561 3661 3562
f 3562 3661 3662
f 3562 3662 3563
f 3563 3662 3663
f 3563 3663 3564
f 3564 3663 3664
f 3564 3664 3565
f 3565 3664 3665
f 3565 3665 3566
f 3566 3665 3666
f 3566 3666 3567
f 3567 3666 3667
f 3567 3667 3568
f 3568 3667 3668
f 3568 3668 3569
f 3569 3668 3669
f 3569 3669 3570
f 3570 3669 3670
f 3570 3670 3571
f 3571 3670 3671
f 3571 3671 3572
f 3572 3671 3672
f 3572 3672 3573
f 3573 3672 3673
f 3573 3673 3574
f 3574 3673 3674
f 3574 3674 3575
f 3575 3674 3675
f 3575 3675 3576
f 3576 3675 3676
f 3576 3676 3577
f 3577 3676 3677
f 3577 3677 3578
f 3578 3677 3678
f 3578 3678 3579
f 3579 3678 3679
f 3579 3679 3580
f 3580 3679 3680
f 3580 3680 3581
f 3581 3680 3681
f 3581 3681 3582
f 3582 3681 3682
f 3582 3682 3583
f 3583 3682 3683
f 3583 3683 3584
f 3584 3683 3684
f 3584 3684 3585
f 3585 3684 3685
f 3585 3685 3586
f 3586 3685 3686
f 3586 3686 3587
f 3587 3686 3687
f 3587 3687 3588
f 3588 3687 3688
f 3588 3688 3589
f 3589 3688 3689
f 3589 3689 3590
f 3590 3689 3690
f 3590 3690 3591
f 3591 3690 3691
f 3591 3691 3592
f 3592 3691 3692
f 3592 3692 3593
f 3593 3692 3693
f 3593 3693 3594
f 3594 3693 3694
f 3594 3694 3595
f 3595 3694 3695
f 3595 3695 3596
f 3596 3695 3696
f 3596 3696 3597
f 3597 3696 3697
f 3597 3697 3598
f 3598 3697 3698
f 3598 3698 3599
f 3599 3698 3699
f 3599 3699 3600
f 3600 3699 3700
f 3600 3700 3601
f 3601 3700 3701
f 3601 3701 3502
f 3502 3701 3602
f 3602 3702 3603
f 3603 3702 3703
f 3603 3703 3604
f 3604 3703 3704
f 3604 3704 3605
f 3605 3704 3705
f 3605 3705 3606
f 3606 3705 3706
f 3606 3706 3607
f 3607 3706 3707
f 3607 3707 3608
f 3608 3707 3708
f 3608 3708 3609
f 3609 3708 3709
f 3609 3709 3610
f 3610 3709 3710
f 3610 3710 3611
f 3611 3710 3711
f 3611 3711 3612
f 3612 3711 3712
f 3612 3712 3613
f 3613 3712 3713
f 3613 3713 3614
f 3614 3713 3714
f 3614 3714 3615
f 3615 3714 3715
f 3615 3715 3616
f 3616 3715 3716
f 3616 3716 3617
f 3617 3716 3717
f 3617 3717 3618
f 3618 3717 3718
f 3618 3718 3619
f 3619 3718 3719
f 3619 3719 3620
f 3620 3719 3720
f 3620 3720 3621
f 3621 3720 3721
f 3621 3721 3622
f 3622 3721 3722
f 3622 3722 3623
f 3623 3722 3723
f 3623 3723 3624
f 3624 3723 3724
f 3624 3724 3625
f 3625 3724 3725
f 3625 3725 3626
f 3626 3725 3726
f 3626 3726 3627
f 3627 3726 3727
f 3627 3727 3628
f 3628 3727 3728
f 3628 3728 3629
f 3629 3728 3729
f 3629 3729 3630
f 3630 3729 3730
f 3630 3730 3631
f 3631 3730 3731
f 3631 3731 3632
f 3632 3731 3732
f 3632 3732 3633
f 3633 3732 3733
f 3633 3733 3634
f 3634 3733 3734
f 3634 3734 3635
f 3635 3734 3735
f 3635 3735 3636
f 3636 3735 3736
f 3636 3736 3637
f 3637 3736 3737
f 3637 3737 3638
f 3638 3737 3738
f 3638 3738 3639
f 3639 3738 3739
f 3639 3739 3640
f 3640 3739 3740
f 3640 3740 3641
f 3641 3740 3741
f 3641 3741 3642
f 3642 3741 3742
f 3642 3742 3643
f 3643 3742 3743
f 3643 3743 3644
f 3644 3743 3744
f 3644 3744 3645
f 3645 3744 3745
f 3645 3745 3646
f 3646 3745 3746
f 3646 3746 3647
f 3647 3746 3747
f 3647 3747 3648
f 3648 3747 3748
f 3648 3748 3649
f 3649 3748 3749
f 3649 3749 3650
f 3650 3749 3750
f 3650 3750 3651
f 3651 3750 3751
f 3651 3751 3652
f 3652 3751 3752
f 3652 3752 3653
f 3653 3752 3753
f 3653 3753 3654
f 3654 3753 3754
f 3654 3754 3655
f 3655 3754 3755
f 3655 3755 3656
f 3656 3755 3756
f 3656 3756 3657
f 3657 3756 3757
f 3657 3757 3658
f 3658 3757 3758
f 3658 3758 3659
f 3659 3758 3759
f 3659 3759 3660
f 3660 3759 3760
f 3660 3760 3661
f 3661 3760 3761
f 3661 3761 3662
f 3662 3761 3762
f 3662 3762 3663
f 3663 3762 3763
f 3663 3763 3664
f 3664 3763 3764
f 3664 3764 3665
f 3665 3764 3765
f 3665 3765 3666
f 3666 3765 3766
f 3666 3766 3667
f 3667 3766 3767
f 3667 3767 3668
f 3668 3767 3768
f 3668 3768 3669
f 3669 3768 3769
f 3669 3769 3670
f 3670 3769 3770
f 3670 3770 3671
f 3671 3770 3771
f 3671 3771 3672
f 3672 3771 3772
f 3672 3772 3673
f 3673 3772 3773
f 3673 3773 3674
f 3674 3773 3774
f 3674 3774 3675
f 3675 3774 3775
f 3675 3775 3676
f 3676 3775 3776
f 3676 3776 3677
f 3677 3776 3777
f 3677 3777 3678
f 3678 3777 3778
f 3678 3778 3679
f 3679 3778 3779
f 3679 3779 3680
f 3680 3779 3780
f 3680 3780 3681
f 3681 3780 3781
f 3681 3781 3682
f 3682 3781 3782
f 3682 3782 3683
f 3683 3782 3783
f 3683 3783 3684
f 3684 3783 3784
f 3684 3784 3685
f 3685 3784 3785
f 3685 3785 3686
f 3686 3785 3786
f 3686 3786 3687
f 3687 3786 3787
f 3687 3787 3688
f 3688 3787 3788
f 3688 3788 3689
f 3689 3788 3789
f 3689 3789 3690
f 3690 3789 3790
f 3690 3790 3691
f 3691 3790 3791
f 3691 3791 3692
f 3692 3791 3792
f 3692 3792 3693
f 3693 3792 3793
f 3693 3793 3694
f 3694 3793 3794
f 3694 3794 3695
f 3695 3794 3795
f 3695 3795 3696
f 3696 3795 3796
f 3696 3796 3697
f 3697 3796 3797
f 3697 3797 3698
f 3698 3797 3798
f 3698 3798 3699
f 3699 3798 3799
f 3699 3799 3700
f 3700 3799 3800
f 3700 3800 3701
f 3701 3800 3801
f 3701 3801 3602
f 3602 3801 3702
f 3702 3802 3703
f 3703 3802 3803
f 3703 3803 3704
f 3704 3803 3804
f 3704 3804 3705
f 3705 3804 3805
f 3705 3805 3706
f 3706 3805 3806
f 3706 3806 3707
f 3707 3806 3807
f 3707 3807 3708
f 3708 3807 3808
f 3708 3808 3709
f 3709 3808 3809
f 3709 3809 3710
f 3710 3809 3810
f 3710 3810 3711
f 3711 3810 3811
f 3711 3811 3712
f 3712 3811 3812
f 3712 3812 3713
f 3713 3812 3813
f 3713 3813 3714
f 3714 3813 3814
f 3714 3814 3715
f 3715 3814 3815
f 3715 3815 3716
f 3716 3815 3816
f 3716 3816 3717
f 3717 3816 3817
f 3717 3817 3718
f 3718 3817 3818
f 3718 3818 3719
f 3719 3818 3819
f 3719 3819 3720
f 3720 3819 3820
f 3720 3820 3721
f 3721 3820 3821
f 3721 3821 3722
f 3722 3821 3822
f 3722 3822 3723
f 3723 3822 3823
f 3723 3823 3724
f 3724 3823 3824
f 3724 3824 3725
f 3725 3824 3825
f 3725 3825 3726
f 3726 3825 3826
f 3726 3826 3727
f 3727 3826 3827
f 3727 3827 3728
f 3728 3827 3828
f 3728 3828 3729
f 3729 3828 3829
f 3729 3829 3730
f 3730 3829 3830
f 3730 3830 3731
f 3731 3830 3831
f 3731 3831 3732
f 3732 3831 3832
f 3732 3832 3733
f 3733 3832 3833
f 3733 3833 3734
f 3734 3833 3834
f 3734 3834 3735
f 3735 3834 3835
f 3735 3835 3736
f 3736 3835 3836
f 3736 3836 3737
f 3737 3836 3837
f 3737 3837 3738
f 3738 3837 3838
f 3738 3838 3739
f 3739 3838 3839
f 3739 3839 3740
f 3740 3839 3840
f 3740 3840 3741
f 3741 3840 3841
f 3741 3841 3742
f 3742 3841 3842
f 3742 3842 3743
f 3743 3842 3843
f 3743 3843 3744
f 3744 3843 3844
f 3744 3844 3745
f 3745 3844 3845
f 3745 3845 3746
f 3746 3845 3846
f 3746 3846 3747
f 3747 3846 3847
f 3747 3847 3748
f 3748 3847 3848
f 3748 3848 3749
f 3749 3848 3849
f 3749 3849 3750
f 3750 3849 3850
f 3750 3850 3751
f 3751 3850 3851
f 3751 3851 3752
f 3752 3851 3852
f 3752 3852 3753
f 3753 3852 3853
f 3753 3853 3754
f 3754 3853 3854
f 3754 3854 3755
f 3755 3854 3855
f 3755 3855 3756
f 3756 3855 3856
f 3756 3856 3757
f 3757 3856 3857
f 3757 3857 3758
f 3758 3857 3858
f 3758 3858 3759
f 3759 3858 3859
f 3759 3859 3760
f 3760 3859 3860
f 3760 3860 3761
f 3761 3860 3861
f 3761 3861 3762
f 3762 3861 3862
f 3762 3862 3763
f 3763 3862 3863
f 3763 3863 3764
f 3764 3863 3864
f 3764 3864 3765
f 3765 3864 3865
f 3765 3865 3766
f 3766 3865 3866
f 3766 3866 3767
f 3767 3866 3867
f 3767 3867 3768
f 3768 3867 3868
f 3768 3868 3769
f 3769 3868 3869
f 3769 3869 3770
f 3770 3869 3870
f 3770 3870 3771
f 3771 3870 3871
f 3771 3871 3772
f 3772 3871 3872
f 3772 3872 3773
f 3773 3872 3873
f 3773 3873 3774
f 3774 3873 3874
f 3774 3874 3775
f 3775 3874 3875
f 3775 3875 3776
f 3776 3875 3876
f 3776 3876 3777
f 3777 3876 3877
f 3777 3877 3778
f 3778 3877 3878
f 3778 3878 3779
f 3779 3878 3879
f 3779 3879 3780
f 3780 3879 3880
f 3780 3880 3781
f 3781 3880 3881
f 3781 3881 3782
f 3782 3881 3882
f 3782 3882 3783
f 3783 3882 3883
f 3783 3883 3784
f 3784 3883 3884
f 3784 3884 3785
f 3785 3884 3885
f 3785 3885 3786
f 3786 3885 3886
f 3786 3886 3787
f 3787 3886 3887
f 3787 3887 3788
f 3788 3887 3888
f 3788 3888 3789
f 3789 3888 3889
f 3789 3889 3790
f 3790 3889 3890
f 3790 3890 3791
f 3791 3890 3891
f 3791 3891 3792
f 3792 3891 3892
f 3792 3892 3793
f 3793 3892 3893
f 3793 3893 3794
f 3794 3893 3894
f 3794 3894 3795
f 3795 3894 3895
f 3795 3895 3796
f 3796 3895 3896
f 3796 3896 3797
f 3797 3896 3897
f 3797 3897 3798
f 3798 3897 3898
f 3798 3898 3799
f 3799 3898 3899
f 3799 3899 3800
f 3800 3899 3900
f 3800 3900 3801
f 3801 3900 3901
f 3801 3901 3702
f 3702 3901 3802
f 3802 3902 3803
f 3803 3902 3903
f 3803 3903 3804
f 3804 3903 3904
f 3804 3904 3805
f 3805 3904 3905
f 3805 3905 3806
f 3806 3905 3906
f 3806 3906 3807
f 3807 3906 3907
f 3807 3907 3808
f 3808 3907 3908
f 3808 3908 3809
f 3809 3908 3909
f 3809 3909 3810
f 3810 3909 3910
f 3810 3910 3811
f 3811 3910 3911
f 3811 3911 3812
f 3812 3911 3912
f 3812 3912 3813
f 3813 3912 3913
f 3813 3913 3814
f 3814 3913 3914
f 3814 3914 3815
f 3815 3914 3915
f 3815 3915 3816
f 3816 3915 3916
f 3816 3916 3817
f 3817 3916 3917
f 3817 3917 3818
f 3818 3917 3918
f 3818 3918 3819
f 3819 3918 3919
f 3819 3919 3820
f 3820 3919 3920
f 3820 3920 3821
f 3821 3920 3921
f 3821 3921 3822
f 3822 3921 3922
f 3822 3922 3823
f 3823 3922 3923
f 3823 3923 3824
f 3824 3923 3924
f 3824 3924 3825
f 3825 3924 3925
f 3825 3925 3826
f 3826 3925 3926
f 3826 3926 3827
f 3827 3926 3927
f 3827 3927 3828
f 3828 3927 3928
f 3828 3928 3829
f 3829 3928 3929
f 3829 3929 3830
f 3830 3929 3930
f 3830 3930 3831
f 3831 3930 3931
f 3831 3931 3832
f 3832 3931 3932
f 3832 3932 3833
f 3833 3932 3933
f 3833 3933 3834
f 3834 3933 3934
f 3834 3934 3835
f 3835 3934 3935
f 3835 3935 3836
f 3836 3935 3936
f 3836 3936 3837
f 3837 3936 3937
f 3837 3937 3838
f 3838 3937 3938
f 3838 3938 3839
f 3839 3938 3939
f 3839 3939 3840
f 3840 3939 3940
f 3840 3940 3841
f 3841 3940 3941
f 3841 3941 3842
f 3842 3941 3942
f 3842 3942 3843
f 3843 3942 3943
f 3843 3943 3844
f 3844 3943 3944
f 3844 3944 3845
f 3845 3944 3945
f 3845 3945 3846
f 3846 3945 3946
f 3846 3946 3847
f 3847 3946 3947
f 3847 3947 3848
f 3848 3947 3948
f 3848 3948 3849
f 3849 3948 3949
f 3849 3949 3850
f 3850 3949 3950
f 3850 3950 3851
f 3851 3950 3951
f 3851 3951 3852
f 3852 3951 3952
f 3852 3952 3853
f 3853 3952 3953
f 3853 3953 3854
f 3854 3953 3954
f 3854 3954 3855
f 3855 3954 3955
f 3855 3955 3856
f 3856 3955 3956
f 3856 3956 3857
f 3857 3956 3957
f 3857 3957 3858
f 3858 3957 3958
f 3858 3958 3859
f 3859 3958 3959
f 3859 3959 3860
f 3860 3959 3960
f 3860 3960 3861
f 3861 3960 3961
f 3861 3961 3862
f 3862 3961 3962
f 3862 3962 3863
f 3863 3962 3963
f 3863 3963 3864
f 3864 3963 3964
f 3864 3964 3865
f 3865 3964 3965
f 3865 3965 3866
f 3866 3965 3966
f 3866 3966 3867
f 3867 3966 3967
f 3867 3967 3868
f 3868 3967 3968
f 3868 3968 3869
f 3869 3968 3969
f 3869 3969 3870
f 3870 3969 3970
f 3870 3970 3871
f 3871 3970 3971
f 3871 3971 3872
f 3872 3971 3972
f 3872 3972 3873
f 3873 3972 3973
f 3873 3973 3874
f 3874 3973 3974
f 3874 3974 3875
f 3875 3974 3975
f 3875 3975 3876
f 3876 3975 3976
f 3876 3976 3877
f 3877 3976 3977
f 3877 3977 3878
f 3878 3977 3978
f 3878 3978 3879
f 3879 3978 3979
f 3879 3979 3880
f 3880 3979 3980
f 3880 3980 3881
f 3881 3980 3981
f 3881 3981 3882
f 3882 3981 3982
f 3882 3982 3883
f 3883 3982 3983
f 3883 3983 3884
f 3884 3983 3984
f 3884 3984 3885
f 3885 3984 3985
f 3885 3985 3886
f 3886 3985 3986
f 3886 3986 3887
f 3887 3986 3987
f 3887 3987 3888
f 3888 3987 3988
f 3888 3988 3889
f 3889 3988 3989
f 3889 3989 3890
f 3890 3989 3990
f 3890 3990 3891
f 3891 3990 3991
f 3891 3991 3892
f 3892 3991 3992
f 3892 3992 3893
f 3893 3992 3993
f 3893 3993 3894
f 3894 3993 3994
f 3894 3994 3895
f 3895 3994 3995
f 3895 3995 3896
f 3896 3995 3996
f 3896 3996 3897
f 3897 3996 3997
f 3897 3997 3898
f 3898 3997 3998
f 3898 3998 3899
f 3899 3998 3999
f 3899 3999 3900
f 3900 3999 4000
f 3900 4000 3901
f 3901 4000 4001
f 3901 4001 3802
f 3802 4001 3902
f 3902 4002 3903
f 3903 4002 4003
f 3903 4003 3904
f 3904 4003 4004
f 3904 4004 3905
f 3905 4004 4005
f 3905 4005 3906
f 3906 4005 4006
f 3906 4006 3907
f 3907 4006 4007
f 3907 4007 3908
f 3908 4007 4008
f 3908 4008 3909
f 3909 4008 4009
f 3909 4009 3910
f 3910 4009 4010
f 3910 4010 3911
f 3911 4010 4011
f 3911 4011 3912
f 3912 4011 4012
f 3912 4012 3913
f 3913 4012 4013
f 3913 4013 3914
f 3914 4013 4014
f 3914 4014 3915
f 3915 4014 4015
f 3915 4015 3916
f 3916 4015 4016
f 3916 4016 3917
f 3917 4016 4017
f 3917 4017 3918
f 3918 4017 4018
f 3918 4018 3919
f 3919 4018 4019
f 3919 4019 3920
f 3920 4019 4020
f 3920 4020 3921
f 3921 4020 4021
f 3921 4021 3922
f 3922 4021 4022
f 3922 4022 3923
f 3923 4022 4023
f 3923 4023 3924
f 3924 4023 4024
f 3924 4024 3925
f 3925 4024 4025
f 3925 4025 3926
f 3926 4025 4026
f 3926 4026 3927
f 3927 4026 4027
f 3927 4027 3928
f 3928 4027 4028
f 3928 4028 3929
f 3929 4028 4029
f 3929 4029 3930
f 3930 4029 4030
f 3930 4030 3931
f 3931 4030 4031
f 3931 4031 3932
f 3932 4031 4032
f 3932 4032 3933
f 3933 4032 4033
f 3933 4033 3934
f 3934 4033 4034
f 3934 4034 3935
f 3935 4034 4035
f 3935 4035 3936
f 3936 4035 4036
f 3936 4036 3937
f 3937 4036 4037
f 3937 4037 3938
f 3938 4037 4038
f 3938 4038 3939
f 3939 4038 4039
f 3939 4039 3940
f 3940 4039 4040
f 3940 4040 3941
f 3941 4040 4041
f 3941 4041 3942
f 3942 4041 4042
f 3942 4042 3943
f 3943 4042 4043
f 3943 4043 3944
f 3944 4043 4044
f 3944 4044 3945
f 3945 4044 4045
f 3945 4045 3946
f 3946 4045 4046
f 3946 4046 3947
f 3947 4046 4047
f 3947 4047 3948
f 3948 4047 4048
f 3948 4048 3949
f 3949 4048 4049
f 3949 4049 3950
f 3950 4049 4050
f 3950 4050 3951
f 3951 4050 4051
f 3951 4051 3952
f 3952 4051 4052
f 3952 4052 3953
f 3953 4052 4053
f 3953 4053 3954
f 3954 4053 4054
f 3954 4054 3955
f 3955 4054 4055
f 3955 4055 3956
f 3956 4055 4056
f 3956 4056 3957
f 3957 4056 4057
f 3957 4057 3958
f 3958 4057 4058
f 3958 4058 3959
f 3959 4058 4059
f 3959 4059 3960
f 3960 4059 4060
f 3960 4060 3961
f 3961 4060 4061
f 3961 4061 3962
f 3962 4061 4062
f 3962 4062 3963
f 3963 4062 4063
f 3963 4063 3964
f 3964 4063 4064
f 3964 4064 3965
f 3965 4064 4065
f 3965 4065 3966
f 3966 4065 4066
f 3966 4066 3967
f 3967 4066 4067
f 3967 4067 3968
f 3968 4067 4068
f 3968 4068 3969
f 3969 4068 4069
f 3969 4069 3970
f 3970 4069 4070
f 3970 4070 3971
f 3971 4070 4071
f 3971 4071 3972
f 3972 4071 4072
f 3972 4072 3973
f 3973 4072 4073
f 3973 4073 3974
f 3974 4073 4074
f 3974 4074 3975
f 3975 4074 4075
f 3975 4075 3976
f 3976 4075 4076
f 3976 4076 3977
f 3977 4076 4077
f 3977 4077 3978
f 3978 4077 4078
f 3978 4078 3979
f 3979 4078 4079
f 3979 4079 3980
f 3980 4079 4080
f 3980 4080 3981
f 3981 4080 4081
f 3981 4081 3982
f 3982 4081 4082
f 3982 4082 3983
f 3983 4082 4083
f 3983 4083 3984
f 3984 4083 4084
f 3984 4084 3985
f 3985 4084 4085
f 3985 4085 3986
f 3986 4085 4086
f 3986 4086 3987
f 3987 4086 4087
f 3987 4087 3988
f 3988 4087 4088
f 3988 4088 3989
f 3989 4088 4089
f 3989 4089 3990
f 3990 4089 4090
f 3990 4090 3991
f 3991 4090 4091
f 3991 4091 3992
f 3992 4091 4092
f 3992 4092 3993
f 3993 4092 4093
f 3993 4093 3994
f 3994 4093 4094
f 3994 4094 3995
f 3995 4094 4095
f 3995 4095 3996
f 3996 4095 4096
f 3996 4096 3997
f 3997 4096 4097
f 3997 4097 3998
f 3998 4097 4098
f 3998 4098 3999
f 3999 4098 4099
f 3999 4099 4000
f 4000 4099 4100
f 4000 4100 4001
f 4001 4100 4101
f 4001 4101 3902
f 3902 4101 4002
f 4002 4102 4003
f 4003 4102 4103
f 4003 4103 4004
f 4004 4103 4104
f 4004 4104 4005
f 4005 4104 4105
f 4005 4105 4006
f 4006 4105 4106
f 4006 4106 4007
f 4007 4106 4107
f 4007 4107 4008
f 4008 4107 4108
f 4008 4108 4009
f 4009 4108 4109
f 4009 4109 4010
f 4010 4109 4110
f 4010 4110 4011
f 4011 4110 4111
f 4011 4111 4012
f 4012 4111 4112
f 4012 4112 4013
f 4013 4112 4113
f 4013 4113 4014
f 4014 4113 4114
f 4014 4114 4015
f 4015 4114 4115
f 4015 4115 4016
f 4016 4115 4116
f 4016 4116 4017
f 4017 4116 4117
f 4017 4117 4018
f 4018 4117 4118
f 4018 4118 4019
f 4019 4118 4119
f 4019 4119 4020
f 4020 4119 4120
f 4020 4120 4021
f 4021 4120 4121
f 4021 4121 4022
f 4022 4121 4122
f 4022 4122 4023
f 4023 4122 4123
f 4023 4123 4024
f 4024 4123 4124
f 4024 4124 4025
f 4025 4124 4125
f 4025 4125 4026
f 4026 4125 4126
f 4026 4126 4027
f 4027 4126 4127
f 4027 4127 4028
f 4028 4127 4128
f 4028 4128 4029
f 4029 4128 4129
f 4029 4129 4030
f 4030 4129 4130
f 4030 4130 4031
f 4031 4130 4131
f 4031 4131 4032
f 4032 4131 4132
f 4032 4132 4033
f 4033 4132 4133
f 4033 4133 4034
f 4034 4133 4134
f 4034 4134 4035
f 4035 4134 4135
f 4035 4135 4036
f 4036 4135 4136
f 4036 4136 4037
f 4037 4136 4137
f 4037 4137 4038
f 4038 4137 4138
f 4038 4138 4039
f 4039 4138 4139
f 4039 4139 4040
f 4040 4139 4140
f 4040 4140 4041
f 4041 4140 4141
f 4041 4141 4042
f 4042 4141 4142
f 4042 4142 4043
f 4043 4142 4143
f 4043 4143 4044
f 4044 4143 4144
f 4044 4144 4045
f 4045 4144 4145
f 4045 4145 4046
f 4046 4145 4146
f 4046 4146 4047
f 4047 4146 4147
f 4047 4147 4048
f 4048 4147 4148
f 4048 4148 4049
f 4049 4148 4149
f 4049 4149 4050
f 4050 4149 4150
f 4050 4150 4051
f 4051 4150 4151
f 4051 4151 4052
f 4052 4151 4152
f 4052 4152 4053
f 4053 4152 4153
f 4053 4153 4054
f 4054 4153 4154
f 4054 4154 4055
f 4055 4154 4155
f 4055 4155 4056
f 4056 4155 4156
f 4056 4156 4057
f 4057 4156 4157
f 4057 4157 4058
f 4058 4157 4158
f 4058 4158 4059
f 4059 4158 4159
f 4059 4159 4060
f 4060 4159 4160
f 4060 4160 4061
f 4061 4160 4161
f 4061 4161 4062
f 4062 4161 4162
f 4062 4162 4063
f 4063 4162 4163
f 4063 4163 4064
f 4064 4163 4164
f 4064 4164 4065
f 4065 4164 4165
f 4065 4165 4066
f 4066 4165 4166
f 4066 4166 4067
f 4067 4166 4167
f 4067 4167 4068
f 4068 4167 4168
f 4068 4168 4069
f 4069 4168 4169
f 4069 4169 4070
f 4070 4169 4170
f 4070 4170 4071
f 4071 4170 4171
f 4071 4171 4072
f 4072 4171 4172
f 4072 4172 4073
f 4073 4172 4173
f 4073 4173 4074
f 4074 4173 4174
f 4074 4174 4075
f 4075 4174 4175
f 4075 4175 4076
f 4076 4175 4176
f 4076 4176 4077
f 4077 4176 4177
f 4077 4177 4078
f 4078 4177 4178
f 4078 4178 4079
f 4079 4178 4179
f 4079 4179 4080
f 4080 4179 4180
f 4080 4180 4081
f 4081 4180 4181
f 4081 4181 4082
f 4082 4181 4182
f 4082 4182 4083
f 4083 4182 4183
f 4083 4183 4084
f 4084 4183 4184
f 4084 4184 4085
f 4085 4184 4185
f 4085 4185 4086
f 4086 4185 4186
f 4086 4186 4087
f 4087 4186 4187
f 4087 4187 4088
f 4088 4187 4188
f 4088 4188 4089
f 4089 4188 4189
f 4089 4189 4090
f 4090 4189 4190
f 4090 4190 4091
f 4091 4190 4191
f 4091 4191 4092
f 4092 4191 4192
f 4092 4192 4093
f 4093 4192 4193
f 4093 4193 4094
f 4094 4193 4194
f 4094 4194 4095
f 4095 4194 4195
f 4095 4195 4096
f 4096 4195 4196
f 4096 4196 4097
f 4097 4196 4197
f 4097 4197 4098
f 4098 4197 4198
f 4098 4198 4099
f 4099 4198 4199
f 4099 4199 4100
f 4100 4199 4200
f 4100 4200 4101
f 4101 4200 4201
f 4101 4201 4002
f 4002 4201 4102
f 4102 4202 4103
f 4103 4202 4203
f 4103 4203 4104
f 4104 4203 4204
f 4104 4204 4105
f 4105 4204 4205
f 4105 4205 4106
f 4106 4205 4206
f 4106 4206 4107
f 4107 4206 4207
f 4107 4207 4108
f 4108 4207 4208
f 4108 4208 4109
f 4109 4208 4209
f 4109 4209 4110
f 4110 4209 4210
f 4110 4210 4111
f 4111 4210 4211
f 4111 4211 4112
f 4112 4211 4212
f 4112 4212 4113
f 4113 4212 4213
f 4113 4213 4114
f 4114 4213 4214
f 4114 4214 4115
f 4115 4214 4215
f 4115 4215 4116
f 4116 4215 4216
f 4116 4216 4117
f 4117 4216 4217
f 4117 4217 4118
f 4118 4217 4218
f 4118 4218 4119
f 4119 4218 4219
f 4119 4219 4120
f 4120 4219 4220
f 4120 4220 4121
f 4121 4220 4221
f 4121 4221 4122
f 4122 4221 4222
f 4122 4222 4123
f 4123 4222 4223
f 4123 4223 4124
f 4124 4223 4224
f 4124 4224 4125
f 4125 4224 4225
f 4125 4225 4126
f 4126 4225 4226
f 4126 4226 4127
f 4127 4226 4227
f 4127 4227 4128
f 4128 4227 4228
f 4128 4228 4129
f 4129 4228 4229
f 4129 4229 4130
f 4130 4229 4230
f 4130 4230 4131
f 4131 4230 4231
f 4131 4231 4132
f 4132 4231 4232
f 4132 4232 4133
f 4133 4232 4233
f 4133 4233 4134
f 4134 4233 4234
f 4134 4234 4135
f 4135 4234 4235
f 4135 4235 4136
f 4136 4235 4236
f 4136 4236 4137
f 4137 4236 4237
f 4137 4237 4138
f 4138 4237 4238
f 4138 4238 4139
f 4139 4238 4239
f 4139 4239 4140
f 4140 4239 4240
f 4140 4240 4141
f 4141 4240 4241
f 4141 4241 4142
f 4142 4241 4242
f 4142 4242 4143
f 4143 4242 4243
f 4143 4243 4144
f 4144 4243 4244
f 4144 4244 4145
f 4145 4244 4245
f 4145 4245 4146
f 4146 4245 4246
f 4146 4246 4147
f 4147 4246 4247
f 4147 4247 4148
f 4148 4247 4248
f 4148 4248 4149
f 4149 4248 4249
f 4149 4249 4150
f 4150 4249 4250
f 4150 4250 4151
f 4151 4250 4251
f 4151 4251 4152
f 4152 4251 4252
f 4152 4252 4153
f 4153 4252 4253
f 4153 4253 4154
f 4154 4253 4254
f 4154 4254 4155
f 4155 4254 4255
f 4155 4255 4156
f 4156 4255 4256
f 4156 4256 4157
f 4157 4256 4257
f 4157 4257 4158
f 4158 4257 4258
f 4158 4258 4159
f 4159 4258 4259
f 4159 4259 4160
f 4160 4259 4260
f 4160 4260 4161
f 4161 4260 4261
f 4161 4261 4162
f 4162 4261 4262
f 4162 4262 4163
f 4163 4262 4263
f 4163 4263 4164
f 4164 4263 4264
f 4164 4264 4165
f 4165 4264 4265
f 4165 4265 4166
f 4166 4265 4266
f 4166 4266 4167
f 4167 4266 4267
f 4167 4267 4168
f 4168 4267 4268
f 4168 4268 4169
f 4169 4268 4269
f 4169 4269 4170
f 4170 4269 4270
f 4170 4270 4171
f 4171 4270 4271
f 4171 4271 4172
f 4172 4271 4272
f 4172 4272 4173
f 4173 4272 4273
f 4173 4273 4174
f 4174 4273 4274
f 4174 4274 4175
f 4175 4274 4275
f 4175 4275 4176
f 4176 4275 4276
f 4176 4276 4177
f 4177 4276 4277
f 4177 4277 4178
f 4178 4277 4278
f 4178 4278 4179
f 4179 4278 4279
f 4179 4279 4180
f 4180 4279 4280
f 4180 4280 4181
f 4181 4280 4281
f 4181 4281 4182
f 4182 4281 4282
f 4182 4282 4183
f 4183 4282 4283
f 4183 4283 4184
f 4184 4283 4284
f 4184 4284 4185
f 4185 4284 4285
f 4185 4285 4186
f 4186 4285 4286
f 4186 4286 4187
f 4187 4286 4287
f 4187 4287 4188
f 4188 4287 4288
f 4188 4288 4189
f 4189 4288 4289
f 4189 4289 4190
f 4190 4289 4290
f 4190 4290 4191
f 4191 4290 4291
f 4191 4291 4192
f 4192 4291 4292
f 4192 4292 4193
f 4193 4292 4293
f 4193 4293 4194
f 4194 4293 4294
f 4194 4294 4195
f 4195 4294 4295
f 4195 4295 4196
f 4196 4295 4296
f 4196 4296 4197
f 4197 4296 4297
f 4197 4297 4198
f 4198 4297 4298
f 4198 4298 4199
f 4199 4298 4299
f 4199 4299 4200
f 4200 4299 4300
f 4200 4300 4201
f 4201 4300 4301
f 4201 4301 4102
f 4102 4301 4202
f 4202 4302 4203
f 4203 4302 4303
f 4203 4303 4204
f 4204 4303 4304
f 4204 4304 4205
f 4205 4304 4305
f 4205 4305 4206
f 4206 4305 4306
f 4206 4306 4207
f 4207 4306 4307
f 4207 4307 4208
f 4208 4307 4308
f 4208 4308 4209
f 4209 4308 4309
f 4209 4309 4210
f 4210 4309 4310
f 4210 4310 4211
f 4211 4310 4311
f 4211 4311 4212
f 4212 4311 4312
f 4212 4312 4213
f 4213 4312 4313
f 4213 4313 4214
f 4214 4313 4314
f 4214 4314 4215
f 4215 4314 4315
f 4215 4315 4216
f 4216 4315 4316
f 4216 4316 4217
f 4217 4316 4317
f 4217 4317 4218
f 4218 4317 4318
f 4218 4318 4219
f 4219 4318 4319
f 4219 4319 4220
f 4220 4319 4320
f 4220 4320 4221
f 4221 4320 4321
f 4221 4321 4222
f 4222 4321 4322
f 4222 4322 4223
f 4223 4322 4323
f 4223 4323 4224
f 4224 4323 4324
f 4224 4324 4225
f 4225 4324 4325
f 4225 4325 4226
f 4226 4325 4326
f 4226 4326 4227
f 4227 4326 4327
f 4227 4327 4228
f 4228 4327 4328
f 4228 4328 4229
f 4229 4328 4329
f 4229 4329 4230
f 4230 4329 4330
f 4230 4330 4231
f 4231 4330 4331
f 4231 4331 4232
f 4232 4331 4332
f 4232 4332 4233
f 4233 4332 4333
f 4233 4333 4234
f 4234 4333 4334
f 4234 4334 4235
f 4235 4334 4335
f 4235 4335 4236
f 4236 4335 4336
f 4236 4336 4237
f 4237 4336 4337
f 4237 4337 4238
f 4238 4337 4338
f 4238 4338 4239
f 4239 4338 4339
f 4239 4339 4240
f 4240 4339 4340
f 4240 4340 4241
f 4241 4340 4341
f 4241 4341 4242
f 4242 4341 4342
f 4242 4342 4243
f 4243 4342 4343
f 4243 4343 4244
f 4244 4343 4344
f 4244 4344 4245
f 4245 4344 4345
f 4245 4345 4246
f 4246 4345 4346
f 4246 4346 4247
f 4247 4346 4347
f 4247 4347 4248
f 4248 4347 4348
f 4248 4348 4249
f 4249 4348 4349
f 4249 4349 4250
f 4250 4349 4350
f 4250 4350 4251
f 4251 4350 4351
f 4251 4351 4252
f 4252 4351 4352
f 4252 4352 4253
f 4253 4352 4353
f 4253 4353 4254
f 4254 4353 4354
f 4254 4354 4255
f 4255 4354 4355
f 4255 4355 4256
f 4256 4355 4356
f 4256 4356 4257
f 4257 4356 4357
f 4257 4357 4258
f 4258 4357 4358
f 4258 4358 4259
f 4259 4358 4359
f 4259 4359 4260
f 4260 4359 4360
f 4260 4360 4261
f 4261 4360 4361
f 4261 4361 4262
f 4262 4361 4362
f 4262 4362 4263
f 4263 4362 4363
f 4263 4363 4264
f 4264 4363 4364
f 4264 4364 4265
f 4265 4364 4365
f 4265 4365 4266
f 4266 4365 4366
f 4266 4366 4267
f 4267 4366 4367
f 4267 4367 4268
f 4268 4367 4368
f 4268 4368 4269
f 4269 4368 4369
f 4269 4369 4270
f 4270 4369 4370
f 4270 4370 4271
f 4271 4370 4371
f 4271 4371 4272
f 4272 4371 4372
f 4272 4372 4273
f 4273 4372 4373
f 4273 4373 4274
f 4274 4373 4374
f 4274 4374 4275
f 4275 4374 4375
f 4275 4375 4276
f 4276 4375 4376
f 4276 4376 4277
f 4277 4376 4377
f 4277 4377 4278
f 4278 4377 4378
f 4278 4378 4279
f 4279 4378 4379
f 4279 4379 4280
f 4280 4379 4380
f 4280 4380 4281
f 4281 4380 4381
f 4281 4381 4282
f 4282 4381 4382
f 4282 4382 4283
f 4283 4382 4383
f 4283 4383 4284
f 4284 4383 4384
f 4284 4384 4285
f 4285 4384 4385
f 4285 4385 4286
f 4286 4385 4386
f 4286 4386 4287
f 4287 4386 4387
f 4287 4387 4288
f 4288 4387 4388
f 4288 4388 4289
f 4289 4388 4389
f 4289 4389 4290
f 4290 4389 4390
f 4290 4390 4291
f 4291 4390 4391
f 4291 4391 4292
f 4292 4391 4392
f 4292 4392 4293
f 4293 4392 4393
f 4293 4393 4294
f 4294 4393 4394
f 4294 4394 4295
f 4295 4394 4395
f 4295 4395 4296
f 4296 4395 4396
f 4296 4396 4297
f 4297 4396 4397
f 4297 4397 4298
f 4298 4397 4398
f 4298 4398 4299
f 4299 4398 4399
f 4299 4399 4300
f 4300 4399 4400
f 4300 4400 4301
f 4301 4400 4401
f 4301 4401 4202
f 4202 4401 4302
f 4302 4402 4303
f 4303 4402 4403
f 4303 4403 4304
f 4304 4403 4404
f 4304 4404 4305
f 4305 4404 4405
f 4305 4405 4306
f 4306 4405 4406
f 4306 4406 4307
f 4307 4406 4407
f 4307 4407 4308
f 4308 4407 4408
f 4308 4408 4309
f 4309 4408 4409
f 4309 4409 4310
f 4310 4409 4410
f 4310 4410 4311
f 4311 4410 4411
f 4311 4411 4312
f 4312 4411 4412
f 4312 4412 4313
f 4313 4412 4413
f 4313 4413 4314
f 4314 4413 4414
f 4314 4414 4315
f 4315 4414 4415
f 4315 4415 4316
f 4316 4415 4416
f 4316 4416 4317
f 4317 4416 4417
f 4317 4417 4318
f 4318 4417 4418
f 4318 4418 4319
f 4319 4418 4419
f 4319 4419 4320
f 4320 4419 4420
f 4320 4420 4321
f 4321 4420 4421
f 4321 4421 4322
f 4322 4421 4422
f 4322 4422 4323
f 4323 4422 4423
f 4323 4423 4324
f 4324 4423 4424
f 4324 4424 4325
f 4325 4424 4425
f 4325 4425 4326
f 4326 4425 4426
f 4326 4426 4327
f 4327 4426 4427
f 4327 4427 4328
f 4328 4427 4428
f 4328 4428 4329
f 4329 4428 4429
f 4329 4429 4330
f 4330 4429 4430
f 4330 4430 4331
f 4331 4430 4431
f 4331 4431 4332
f 4332 4431 4432
f 4332 4432 4333
f 4333 4432 4433
f 4333 4433 4334
f 4334 4433 4434
f 4334 4434 4335
f 4335 4434 4435
f 4335 4435 4336
f 4336 4435 4436
f 4336 4436 4337
f 4337 4436 4437
f 4337 4437 4338
f 4338 4437 4438
f 4338 4438 4339
f 4339 4438 4439
f 4339 4439 4340
f 4340 4439 4440
f 4340 4440 4341
f 4341 4440 4441
f 4341 4441 4342
f 4342 4441 4442
f 4342 4442 4343
f 4343 4442 4443
f 4343 4443 4344
f 4344 4443 4444
f 4344 4444 4345
f 4345 4444 4445
f 4345 4445 4346
f 4346 4445 4446
f 4346 4446 4347
f 4347 4446 4447
f 4347 4447 4348
f 4348 4447 4448
f 4348 4448 4349
f 4349 4448 4449
f 4349 4449 4350
f 4350 4449 4450
f 4350 4450 4351
f 4351 4450 4451
f 4351 4451 4352
f 4352 4451 4452
f 4352 4452 4353
f 4353 4452 4453
f 4353 4453 4354
f 4354 4453 4454
f 4354 4454 4355
f 4355 4454 4455
f 4355 4455 4356
f 4356 4455 4456
f 4356 4456 4357
f 4357 4456 4457
f 4357 4457 4358
f 4358 4457 4458
f 4358 4458 4359
f 4359 4458 4459
f 4359 4459 4360
f 4360 4459 4460
f 4360 4460 4361
f 4361 4460 4461
f 4361 4461 4362
f 4362 4461 4462
f 4362 4462 4363
f 4363 4462 4463
f 4363 4463 4364
f 4364 4463 4464
f 4364 4464 4365
f 4365 4464 4465
f 4365 4465 4366
f 4366 4465 4466
f 4366 4466 4367
f 4367 4466 4467
f 4367 4467 4368
f 4368 4467 4468
f 4368 4468 4369
f 4369 4468 4469
f 4369 4469 4370
f 4370 4469 4470
f 4370 4470 4371
f 4371 4470 4471
f 4371 4471 4372
f 4372 4471 4472
f 4372 4472 4373
f 4373 4472 4473
f 4373 4473 4374
f 4374 4473 4474
f 4374 4474 4375
f 4375 4474 4475
f 4375 4475 4376
f 4376 4475 4476
f 4376 4476 4377
f 4377 4476 4477
f 4377 4477 4378
f 4378 4477 4478
f 4378 4478 4379
f 4379 4478 4479
f 4379 4479 4380
f 4380 4479 4480
f 4380 4480 4381
f 4381 4480 4481
f 4381 4481 4382
f 4382 4481 4482
f 4382 4482 4383
f 4383 4482 4483
f 4383 4483 4384
f 4384 4483 4484
f 4384 4484 4385
f 4385 4484 4485
f 4385 4485 4386
f 4386 4485 4486
f 4386 4486 4387
f 4387 4486 4487
f 4387 4487 4388
f 4388 4487 4488
f 4388 4488 4389
f 4389 4488 4489
f 4389 4489 4390
f 4390 4489 4490
f 4390 4490 4391
f 4391 4490 4491
f 4391 4491 4392
f 4392 4491 4492
f 4392 4492 4393
f 4393 4492 4493
f 4393 4493 4394
f 4394 4493 4494
f 4394 4494 4395
f 4395 4494 4495
f 4395 4495 4396
f 4396 4495 4496
f 4396 4496 4397
f 4397 4496 4497
f 4397 4497 4398
f 4398 4497 4498
f 4398 4498 4399
f 4399 4498 4499
f 4399 4499 4400
f 4400 4499 4500
f 4400 4500 4401
f 4401 4500 4501
f 4401 4501 4302
f 4302 4501 4402
f 4402 4502 4403
f 4403 4502 4503
f 4403 4503 4404
f 4404 4503 4504
f 4404 4504 4405
f 4405 4504 4505
f 4405 4505 4406
f 4406 4505 4506
f 4406 4506 4407
f 4407 4506 4507
f 4407 4507 4408
f 4408 4507 4508
f 4408 4508 4409
f 4409 4508 4509
f 4409 4509 4410
f 4410 4509 4510
f 4410 4510 4411
f 4411 4510 4511
f 4411 4511 4412
f 4412 4511 4512
f 4412 4512 4413
f 4413 4512 4513
f 4413 4513 4414
f 4414 4513 4514
f 4414 4514 4415
f 4415 4514 4515
f 4415 4515 4416
f 4416 4515 4516
f 4416 4516 4417
f 4417 4516 4517
f 4417 4517 4418
f 4418 4517 4518
f 4418 4518 4419
f 4419 4518 4519
f 4419 4519 4420
f 4420 4519 4520
f 4420 4520 4421
f 4421 4520 4521
f 4421 4521 4422
f 4422 4521 4522
f 4422 4522 4423
f 4423 4522 4523
f 4423 4523 4424
f 4424 4523 4524
f 4424 4524 4425
f 4425 4524 4525
f 4425 4525 4426
f 4426 4525 4526
f 4426 4526 4427
f 4427 4526 4527
f 4427 4527 4428
f 4428 4527 4528
f 4428 4528 4429
f 4429 4528 4529
f 4429 4529 4430
f 4430 4529 4530
f 4430 4530 4431
f 4431 4530 4531
f 4431 4531 4432
f 4432 4531 4532
f 4432 4532 4433
f 4433 4532 4533
f 4433 4533 4434
f 4434 4533 4534
f 4434 4534 4435
f 4435 4534 4535
f 4435 4535 4436
f 4436 4535 4536
f 4436 4536 4437
f 4437 4536 4537
f 4437 4537 4438
f 4438 4537 4538
f 4438 4538 4439
f 4439 4538 4539
f 4439 4539 4440
f 4440 4539 4540
f 4440 4540 4441
f 4441 4540 4541
f 4441 4541 4442
f 4442 4541 4542
f 4442 4542 4443
f 4443 4542 4543
f 4443 4543 4444
f 4444 4543 4544
f 4444 4544 4445
f 4445 4544 4545
f 4445 4545 4446
f 4446 4545 4546
f 4446 4546 4447
f 4447 4546 4547
f 4447 4547 4448
f 4448 4547 4548
f 4448 4548 4449
f 4449 4548 4549
f 4449 4549 4450
f 4450 4549 4550
f 4450 4550 4451
f 4451 4550 4551
f 4451 4551 4452
f 4452 4551 4552
f 4452 4552 4453
f 4453 4552 4553
f 4453 4553 4454
f 4454 4553 4554
f 4454 4554 4455
f 4455 4554 4555
f 4455 4555 4456
f 4456 4555 4556
f 4456 4556 4457
f 4457 4556 4557
f 4457 4557 4458
f 4458 4557 4558
f 4458 4558 4459
f 4459 4558 4559
f 4459 4559 4460
f 4460 4559 4560
f 4460 4560 4461
f 4461 4560 4561
f 4461 4561 4462
f 4462 4561 4562
f 4462 4562 4463
f 4463 4562 4563
f 4463 4563 4464
f 4464 4563 4564
f 4464 4564 4465
f 4465 4564 4565
f 4465 4565 4466
f 4466 4565 4566
f 4466 4566 4467
f 4467 4566 4567
f 4467 4567 4468
f 4468 4567 4568
f 4468 4568 4469
f 4469 4568 4569
f 4469 4569 4470
f 4470 4569 4570
f 4470 4570 4471
f 4471 4570 4571
f 4471 4571 4472
f 4472 4571 4572
f 4472 4572 4473
f 4473 4572 4573
f 4473 4573 4474
f 4474 4573 4574
f 4474 4574 4475
f 4475 4574 4575
f 4475 4575 4476
f 4476 4575 4576
f 4476 4576 4477
f 4477 4576 4577
f 4477 4577 4478
f 4478 4577 4578
f 4478 4578 4479
f 4479 4578 4579
f 4479 4579 4480
f 4480 4579 4580
f 4480 4580 4481
f 4481 4580 4581
f 4481 4581 4482
f 4482 4581 4582
f 4482 4582 4483
f 4483 4582 4583
f 4483 4583 4484
f 4484 4583 4584
f 4484 4584 4485
f 4485 4584 4585
f 4485 4585 4486
f 4486 4585 4586
f 4486 4586 4487
f 4487 4586 4587
f 4487 4587 4488
f 4488 4587 4588
f 4488 4588 4489
f 4489 4588 4589
f 4489 4589 4490
f 4490 4589 4590
f 4490 4590 4491
f 4491 4590 4591
f 4491 4591 4492
f 4492 4591 4592
f 4492 4592 4493
f 4493 4592 4593
f 4493 4593 4494
f 4494 4593 4594
f 4494 4594 4495
f 4495 4594 4595
f 4495 4595 4496
f 4496 4595 4596
f 4496 4596 4497
f 4497 4596 4597
f 4497 4597 4498
f 4498 4597 4598
f 4498 4598 4499
f 4499 4598 4599
f 4499 4599 4500
f 4500 4599 4600
f 4500 4600 4501
f 4501 4600 4601
f 4501 4601 4402
f 4402 4601 4502
f 4502 4602 4503
f 4503 4602 4603
f 4503 4603 4504
f 4504 4603 4604
f 4504 4604 4505
f 4505 4604 4605
f 4505 4605 4506
f 4506 4605 4606
f 4506 4606 4507
f 4507 4606 4607
f 4507 4607 4508
f 4508 4607 4608
f 4508 4608 4509
f 4509 4608 4609
f 4509 4609 4510
f 4510 4609 4610
f 4510 4610 4511
f 4511 4610 4611
f 4511 4611 4512
f 4512 4611 4612
f 4512 4612 4513
f 4513 4612 4613
f 4513 4613 4514
f 4514 4613 4614
f 4514 4614 4515
f 4515 4614 4615
f 4515 4615 4516
f 4516 4615 4616
f 4516 4616 4517
f 4517 4616 4617
f 4517 4617 4518
f 4518 4617 4618
f 4518 4618 4519
f 4519 4618 4619
f 4519 4619 4520
f 4520 4619 4620
f 4520 4620 4521
f 4521 4620 4621
f 4521 4621 4522
f 4522 4621 4622
f 4522 4622 4523
f 4523 4622 4623
f 4523 4623 4524
f 4524 4623 4624
f 4524 4624 4525
f 4525 4624 4625
f 4525 4625 4526
f 4526 4625 4626
f 4526 4626 4527
f 4527 4626 4627
f 4527 4627 4528
f 4528 4627 4628
f 4528 4628 4529
f 4529 4628 4629
f 4529 4629 4530
f 4530 4629 4630
f 4530 4630 4531
f 4531 4630 4631
f 4531 4631 4532
f 4532 4631 4632
f 4532 4632 4533
f 4533 4632 4633
f 4533 4633 4534
f 4534 4633 4634
f 4534 4634 4535
f 4535 4634 4635
f 4535 4635 4536
f 4536 4635 4636
f 4536 4636 4537
f 4537 4636 4637
f 4537 4637 4538
f 4538 4637 4638
f 4538 4638 4539
f 4539 4638 4639
f 4539 4639 4540
f 4540 4639 4640
f 4540 4640 4541
f 4541 4640 4641
f 4541 4641 4542
f 4542 4641 4642
f 4542 4642 4543
f 4543 4642 4643
f 4543 4643 4544
f 4544 4643 4644
f 4544 4644 4545
f 4545 4644 4645
f 4545 4645 4546
f 4546 4645 4646
f 4546 4646 4547
f 4547 4646 4647
f 4547 4647 4548
f 4548 4647 4648
f 4548 4648 4549
f 4549 4648 4649
f 4549 4649 4550
f 4550 4649 4650
f 4550 4650 4551
f 4551 4650 4651
f 4551 4651 4552
f 4552 4651 4652
f 4552 4652 4553
f 4553 4652 4653
f 4553 4653 4554
f 4554 4653 4654
f 4554 4654 4555
f 4555 4654 4655
f 4555 4655 4556
f 4556 4655 4656
f 4556 4656 4557
f 4557 4656 4657
f 4557 4657 4558
f 4558 4657 4658
f 4558 4658 4559
f 4559 4658 4659
f 4559 4659 4560
f 4560 4659 4660
f 4560 4660 4561
f 4561 4660 4661
f 4561 4661 4562
f 4562 4661 4662
f 4562 4662 4563
f 4563 4662 4663
f 4563 4663 4564
f 4564 4663 4664
f 4564 4664 4565
f 4565 4664 4665
f 4565 4665 4566
f 4566 4665 4666
f 4566 4666 4567
f 4567 4666 4667
f 4567 4667 4568
f 4568 4667 4668
f 4568 4668 4569
f 4569 4668 4669
f 4569 4669 4570
f 4570 4669 4670
f 4570 4670 4571
f 4571 4670 4671
f 4571 4671 4572
f 4572 4671 4672
f 4572 4672 4573
f 4573 4672 4673
f 4573 4673 4574
f 4574 4673 4674
f 4574 4674 4575
f 4575 4674 4675
f 4575 4675 4576
f 4576 4675 4676
f 4576 4676 4577
f 4577 4676 4677
f 4577 4677 4578
f 4578 4677 4678
f 4578 4678 4579
f 4579 4678 4679
f 4579 4679 4580
f 4580 4679 4680
f 4580 4680 4581
f 4581 4680 4681
f 4581 4681 4582
f 4582 4681 4682
f 4582 4682 4583
f 4583 4682 4683
f 4583 4683 4584
f 4584 4683 4684
f 4584 4684 4585
f 4585 4684 4685
f 4585 4685 4586
f 4586 4685 4686
f 4586 4686 4587
f 4587 4686 4687
f 4587 4687 4588
f 4588 4687 4688
f 4588 4688 4589
f 4589 4688 4689
f 4589 4689 4590
f 4590 4689 4690
f 4590 4690 4591
f 4591 4690 4691
f 4591 4691 4592
f 4592 4691 4692
f 4592 4692 4593
f 4593 4692 4693
f 4593 4693 4594
f 4594 4693 4694
f 4594 4694 4595
f 4595 4694 4695
f 4595 4695 4596
f 4596 4695 4696
f 4596 4696 4597
f 4597 4696 4697
f 4597 4697 4598
f 4598 4697 4698
f 4598 4698 4599
f 4599 4698 4699
f 4599 4699 4600
f 4600 4699 4700
f 4600 4700 4601
f 4601 4700 4701
f 4601 4701 4502
f 4502 4701 4602
f 4602 4702 4603
f 4603 4702 4703
f 4603 4703 4604
f 4604 4703 4704
f 4604 4704 4605
f 4605 4704 4705
f 4605 4705 4606
f 4606 4705 4706
f 4606 4706 4607
f 4607 4706 4707
f 4607 4707 4608
f 4608 4707 4708
f 4608 4708 4609
f 4609 4708 4709
f 4609 4709 4610
f 4610 4709 4710
f 4610 4710 4611
f 4611 4710 4711
f 4611 4711 4612
f 4612 4711 4712
f 4612 4712 4613
f 4613 4712 4713
f 4613 4713 4614
f 4614 4713 4714
f 4614 4714 4615
f 4615 4714 4715
f 4615 4715 4616
f 4616 4715 4716
f 4616 4716 4617
f 4617 4716 4717
f 4617 4717 4618
f 4618 4717 4718
f 4618 4718 4619
f 4619 4718 4719
f 4619 4719 4620
f 4620 4719 4720
f 4620 4720 4621
f 4621 4720 4721
f 4621 4721 4622
f 4622 4721 4722
f 4622 4722 4623
f 4623 4722 4723
f 4623 4723 4624
f 4624 4723 4724
f 4624 4724 4625
f 4625 4724 4725
f 4625 4725 4626
f 4626 4725 4726
f 4626 4726 4627
f 4627 4726 4727
f 4627 4727 4628
f 4628 4727 4728
f 4628 4728 4629
f 4629 4728 4729
f 4629 4729 4630
f 4630 4729 4730
f 4630 4730 4631
f 4631 4730 4731
f 4631 4731 4632
f 4632 4731 4732
f 4632 4732 4633
f 4633 4732 4733
f 4633 4733 4634
f 4634 4733 4734
f 4634 4734 4635
f 4635 4734 4735
f 4635 4735 4636
f 4636 4735 4736
f 4636 4736 4637
f 4637 4736 4737
f 4637 4737 4638
f 4638 4737 4738
f 4638 4738 4639
f 4639 4738 4739
f 4639 4739 4640
f 4640 4739 4740
f 4640 4740 4641
f 4641 4740 4741
f 4641 4741 4642
f 4642 4741 4742
f 4642 4742 4643
f 4643 4742 4743
f 4643 4743 4644
f 4644 4743 4744
f 4644 4744 4645
f 4645 4744 4745
f 4645 4745 4646
f 4646 4745 4746
f 4646 4746 4647
f 4647 4746 4747
f 4647 4747 4648
f 4648 4747 4748
f 4648 4748 4649
f 4649 4748 4749
f 4649 4749 4650
f 4650 4749 4750
f 4650 4750 4651
f 4651 4750 4751
f 4651 4751 4652
f 4652 4751 4752
f 4652 4752 4653
f 4653 4752 4753
f 4653 4753 4654
f 4654 4753 4754
f 4654 4754 4655
f 4655 4754 4755
f 4655 4755 4656
f 4656 4755 4756
f 4656 4756 4657
f 4657 4756 4757
f 4657 4757 4658
f 4658 4757 4758
f 4658 4758 4659
f 4659 4758 4759
f 4659 4759 4660
f 4660 4759 4760
f 4660 4760 4661
f 4661 4760 4761
f 4661 4761 4662
f 4662 4761 4762
f 4662 4762 4663
f 4663 4762 4763
f 4663 4763 4664
f 4664 4763 4764
f 4664 4764 4665
f 4665 4764 4765
f 4665 4765 4666
f 4666 4765 4766
f 4666 4766 4667
f 4667 4766 4767
f 4667 4767 4668
f 4668 4767 4768
f 4668 4768 4669
f 4669 4768 4769
f 4669 4769 4670
f 4670 4769 4770
f 4670 4770 4671
f 4671 4770 4771
f 4671 4771 4672
f 4672 4771 4772
f 4672 4772 4673
f 4673 4772 4773
f 4673 4773 4674
f 4674 4773 4774
f 4674 4774 4675
f 4675 4774 4775
f 4675 4775 4676
f 4676 4775 4776
f 4676 4776 4677
f 4677 4776 4777
f 4677 4777 4678
f 4678 4777 4778
f 4678 4778 4679
f 4679 4778 4779
f 4679 4779 4680
f 4680 4779 4780
f 4680 4780 4681
f 4681 4780 4781
f 4681 4781 4682
f 4682 4781 4782
f 4682 4782 4683
f 4683 4782 4783
f 4683 4783 4684
f 4684 4783 4784
f 4684 4784 4685
f 4685 4784 4785
f 4685 4785 4686
f 4686 4785 4786
f 4686 4786 4687
f 4687 4786 4787
f 4687 4787 4688
f 4688 4787 4788
f 4688 4788 4689
f 4689 4788 4789
f 4689 4789 4690
f 4690 4789 4790
f 4690 4790 4691
f 4691 4790 4791
f 4691 4791 4692
f 4692 4791 4792
f 4692 4792 4693
f 4693 4792 4793
f 4693 4793 4694
f 4694 4793 4794
f 4694 4794 4695
f 4695 4794 4795
f 4695 4795 4696
f 4696 4795 4796
f 4696 4796 4697
f 4697 4796 4797
f 4697 4797 4698
f 4698 4797 4798
f 4698 4798 4699
f 4699 4798 4799
f 4699 4799 4700
f 4700 4799 4800
f 4700 4800 4701
f 4701 4800 4801
f 4701 4801 4602
f 4602 4801 4702
f 4702 4802 4703
f 4703 4802 4704
f 4704 4802 4705
f 4705 4802 4706
f 4706 4802 4707
f 4707 4802 4708
f 4708 4802 4709
f 4709 4802 4710
f 4710 4802 4711
f 4711 4802 4712
f 4712 4802 4713
f 4713 4802 4714
f 4714 4802 4715
f 4715 4802 4716
f 4716 4802 4717
f 4717 4802 4718
f 4718 4802 4719
f 4719 4802 4720
f 4720 4802 4721
f 4721 4802 4722
f 4722 4802 4723
f 4723 4802 4724
f 4724 4802 4725
f 4725 4802 4726
f 4726 4802 4727
f 4727 4802 4728
f 4728 4802 4729
f 4729 4802 4730
f 4730 4802 4731
f 4731 4802 4732
f 4732 4802 4733
f 4733 4802 4734
f 4734 4802 4735
f 4735 4802 4736
f 4736 4802 4737
f 4737 4802 4738
f 4738 4802 4739
f 4739 4802 4740
f 4740 4802 4741
f 4741 4802 4742
f 4742 4802 4743
f 4743 4802 4744
f 4744 4802 4745
f 4745 4802 4746
f 4746 4802 4747
f 4747 4802 4748
f 4748 4802 4749
f 4749 4802 4750
f 4750 4802 4751
f 4751 4802 4752
f 4752 4802 4753
f 4753 4802 4754
f 4754 4802 4755
f 4755 4802 4756
f 4756 4802 4757
f 4757 4802 4758
f 4758 4802 4759
f 4759 4802 4760
f 4760 4802 4761
f 4761 4802 4762
f 4762 4802 4763
f 4763 4802 4764
f 4764 4802 4765
f 4765 4802 4766
f 4766 4802 4767
f 4767 4802 4768
f 4768 4802 4769
f 4769 4802 4770
f 4770 4802 4771
f 4771 4802 4772
f 4772 4802 4773
f 4773 4802 4774
f 4774 4802 4775
f 4775 4802 4776
f 4776 4802 4777
f 4777 4802 4778
f 4778 4802 4779
f 4779 4802 4780
f 4780 4802 4781
f 4781 4802 4782
f 4782 4802 4783
f 4783 4802 4784
f 4784 4802 4785
f 4785 4802 4786
f 4786 4802 4787
f 4787 4802 4788
f 4788 4802 4789
f 4789 4802 4790
f 4790 4802 4791
f 4791 4802 4792
f 4792 4802 4793
f 4793 4802 4794
f 4794 4802 4795
f 4795 4802 4796
f 4796 4802 4797
f 4797 4802 4798
f 4798 4802 4799
f 4799 4802 4800
f 4800 4802 4801
f 4801 4802 4702
