# Celestia native CMS export; GPL-2.0-or-later. See ../upstream.json and ../../native/.
v -3.073221165686846 3.747923579066992 -352.7417778968811
v 34.388742595911026 3.747923579066992 -352.3286819458008
v 34.29420366883278 2.102656289935112 -351.7925262451172
v 34.052132070064545 0.46762190759181976 -351.2502908706665
v 33.663710206747055 -1.1507065035402775 -350.7039427757263
v 33.130741864442825 -2.745972666889429 -350.1560926437378
v 32.45562091469765 -4.3119728565216064 -349.60999488830566
v 31.641246378421783 -5.842659808695316 -349.06800985336304
v 30.691102892160416 -7.332192175090313 -348.53367805480957
v 29.609153419733047 -8.77492893487215 -348.0096101760864
v 28.399863839149475 -10.16545258462429 -347.4985599517822
v 27.068229764699936 -11.498641222715378 -347.0047116279602
v 25.619608908891678 -12.769566848874092 -346.5298891067505
v 24.059855192899704 -13.97363506257534 -346.0779547691345
v 22.39518016576767 -15.106498450040817 -345.6511616706848
v 20.63218429684639 -16.16411693394184 -345.25229930877686
v 18.777816742658615 -17.14276671409607 -344.88415718078613
v 16.839341819286346 -18.039017915725708 -344.5493817329407
v 14.824306592345238 -18.84976476430893 -344.2501187324524
v 12.740524113178253 -19.572197645902634 -343.9883351325989
v 10.596038773655891 -20.203837752342224 -343.765926361084
v 8.399087190628052 -20.742519199848175 -343.5842514038086
v 6.158111616969109 -21.18644490838051 -343.44542026519775
v 3.8816582411527634 -21.534068137407303 -343.3499336242676
v 1.5784292947500944 -21.784210950136185 -343.2986855506897
v -0.7427983218804002 -21.93600833415985 -343.2924270629883
v -3.0731971375644207 -21.988894790410995 -343.3306574821472
v -5.403860472142696 -21.942119300365448 -343.403685092926
v -7.725793495774269 -21.795129776000977 -343.4987783432007
v -10.029975324869156 -21.548476070165634 -343.61647367477417
v -12.307481467723846 -21.203020960092545 -343.75641345977783
v -14.549463987350464 -20.760013908147812 -343.91852617263794
v -16.747215762734413 -20.221100002527237 -344.1033124923706
v -18.89219507575035 -19.588205963373184 -344.3098783493042
v -20.976059138774872 -18.863674253225327 -344.5385813713074
v -22.990690916776657 -18.050161376595497 -344.78927850723267
v -24.92823153734207 -17.150676995515823 -345.06189823150635
v -26.781146228313446 -16.168536990880966 -345.3565835952759
v -28.54214832186699 -15.107371285557747 -345.6729054450989
v -30.204355716705322 -13.971094787120819 -346.01054191589355
v -31.761228293180466 -12.763920798897743 -346.36906385421753
v -33.20664390921593 -11.490355432033539 -346.7486500740051
v -34.53485369682312 -10.1551104336977 -347.1479058265686
v -35.74061617255211 -8.76320544630289 -347.56736755371094
v -36.81906759738922 -7.319800928235054 -348.0049967765808
v -37.76586502790451 -5.830339528620243 -348.4600782394409
v -38.57717514038086 -4.300444666296244 -348.93200397491455
v -39.24962729215622 -2.7358769439160824 -349.4188070297241
v -39.78041857481003 -1.142617128789425 -349.91952180862427
v -40.167246758937836 0.4732670495286584 -350.43193101882935
v -40.40836840867996 2.105554472655058 -350.95428228378296
v -40.50263911485672 3.747925814241171 -351.48507356643677
v -40.44951796531677 5.393995530903339 -352.02462673187256
v -40.24907201528549 7.037344761192799 -352.57294178009033
v -39.90182429552078 8.67154709994793 -353.1279444694519
v -39.40887004137039 10.290145128965378 -353.6868453025818
v -38.77186328172684 11.88666746020317 -354.24628257751465
v -37.9930704832077 13.454700261354446 -354.80371713638306
v -37.0752677321434 14.987877756357193 -355.35539388656616
v -36.021848022937775 16.479922458529472 -355.8986306190491
v -34.83676761388779 17.92467199265957 -356.43056631088257
v -33.524445444345474 19.3160779774189 -356.94665908813477
v -32.089971005916595 20.64829096198082 -357.4450492858887
v -30.53882047533989 21.91564366221428 -357.9215884208679
v -28.877057880163193 23.112722486257553 -358.3738446235657
v -27.111192047595978 24.234355241060257 -358.7986707687378
v -25.248201191425323 25.275646895170212 -359.19309854507446
v -23.295434564352036 26.23204216361046 -359.55408811569214
v -21.260733157396317 27.099303156137466 -359.87924337387085
v -19.15224865078926 27.873587608337402 -360.1661682128906
v -16.97847805917263 28.551431000232697 -360.4126453399658
v -14.748235791921616 29.129809141159058 -360.61699390411377
v -12.470532953739166 29.6060711145401 -360.7766389846802
v -10.154648870229721 29.97809797525406 -360.8907222747803
v -7.810067385435104 30.244197696447372 -360.95813512802124
v -5.44637069106102 30.40316328406334 -360.9776973724365
v -3.0731949023902416 30.454328656196594 -360.94980239868164
v -0.7002473110333085 30.397993326187134 -360.8835697174072
v 1.6628916375339031 30.235111713409424 -360.79169511795044
v 4.006708133965731 29.96634542942047 -360.6733560562134
v 6.321769393980503 29.592856764793396 -360.5288028717041
v 8.598763681948185 29.116255044937134 -360.3580355644226
v 10.828529298305511 28.538529574871063 -360.1605534553528
v 13.002122193574905 27.862192690372467 -359.93746519088745
v 15.110819041728973 27.090103179216385 -359.6884846687317
v 17.14615747332573 26.225542277097702 -359.41418409347534
v 19.100041687488556 25.27216449379921 -359.1148853302002
v 20.964626222848892 24.234019964933395 -358.7909460067749
v 22.732514888048172 23.115500807762146 -358.44329595565796
v 24.396691471338272 21.92133441567421 -358.0729007720947
v 25.95057561993599 20.656556636095047 -357.68072605133057
v 27.388054132461548 19.32644248008728 -357.26730823516846
v 28.70353013277054 17.93658435344696 -356.8347930908203
v 29.89182248711586 16.492759063839912 -356.383216381073
v 30.948396027088165 15.001001581549644 -355.9154748916626
v 31.869211792945862 13.467445224523544 -355.43285608291626
v 32.650767266750336 11.898399889469147 -354.93661165237427
v 33.290183544158936 10.300299525260925 -354.42938804626465
v 33.78512263298035 8.67962446063757 -353.91258001327515
v 34.1338612139225 7.04297237098217 -353.38886976242065
v 34.33525934815407 5.39687667042017 -352.86033153533936
v 71.86070680618286 3.747923579066992 -352.2863030433655
v 71.63045704364777 0.45315215829759836 -351.21939182281494
v 71.10334485769272 -2.813350036740303 -350.1172184944153
v 70.2825978398323 -6.038174964487553 -348.98571968078613
v 69.17275339365005 -9.20834094285965 -347.83204793930054
v 67.77958273887634 -12.311407551169395 -346.66489362716675
v 66.1098763346672 -15.335458517074585 -345.49208879470825
v 64.17150646448135 -18.269172683358192 -344.321608543396
v 61.973387002944946 -21.1019329726696 -343.16303730010986
v 59.52529460191727 -23.823711276054382 -342.02442169189453
v 56.83790445327759 -26.425226032733917 -340.91495275497437
v 53.92266511917114 -28.89787182211876 -339.8433566093445
v 50.79170912504196 -31.233693659305573 -338.8176441192627
v 47.457875311374664 -33.425451815128326 -337.84629106521606
v 43.93455684185028 -35.46656370162964 -336.93687915802
v 40.23562967777252 -37.35098093748093 -336.09588146209717
v 36.37552410364151 -39.07337486743927 -335.33027172088623
v 32.36905261874199 -40.62898010015488 -334.6463084220886
v 28.231389820575714 -42.01356768608093 -334.0491771697998
v 23.97805005311966 -43.22345405817032 -333.54384899139404
v 19.62478905916214 -44.25540268421173 -333.13382863998413
v 15.187667682766914 -45.10682970285416 -332.8236222267151
v 10.682859644293785 -45.775459706783295 -332.61544704437256
v 6.126764416694641 -46.25948220491409 -332.51112699508667
v 1.53589085675776 -46.55768126249313 -332.51298666000366
v -3.073198813945055 -46.669140458106995 -332.62152671813965
v -7.683645375072956 -46.58869206905365 -332.79411792755127
v -12.277795001864433 -46.31177634000778 -332.98805952072144
v -16.83778613805771 -45.83931863307953 -333.20378065109253
v -21.34593576192856 -45.17291933298111 -333.44099521636963
v -25.784754753112793 -44.31501030921936 -333.700954914093
v -30.13702780008316 -43.26883256435394 -333.9854836463928
v -34.38589945435524 -42.03817695379257 -334.2953324317932
v -38.51495683193207 -40.627679228782654 -334.63289737701416
v -42.50825196504593 -39.0425831079483 -335.0003242492676
v -46.3503822684288 -37.28877604007721 -335.4001522064209
v -50.026609003543854 -35.372695326805115 -335.8346700668335
v -53.522707521915436 -33.301375061273575 -336.306095123291
v -56.825315952301025 -31.082383543252945 -336.8176817893982
v -59.92172956466675 -28.72374951839447 -337.37168312072754
v -62.799981236457825 -26.233910769224167 -337.9698872566223
v -65.44895768165588 -23.621774464845657 -338.61443996429443
v -67.85834580659866 -20.896609872579575 -339.3065929412842
v -70.01867294311523 -18.068012595176697 -340.04684686660767
v -71.92136943340302 -15.146024152636528 -340.8360242843628
v -73.55871051549911 -12.140938639640808 -341.67323112487793
v -74.92392808198929 -9.063364751636982 -342.5576090812683
v -76.01118385791779 -5.9243157505989075 -343.48769187927246
v -76.81553363800049 -2.7349873445928097 -344.4599390029907
v -77.33302116394043 0.4930455470457673 -345.47098875045776
v -77.56077647209167 3.7479283288121223 -346.51705026626587
v -77.49744951725006 7.0175886154174805 -347.60059118270874
v -77.14270055294037 10.28987467288971 -348.7226128578186
v -76.49671733379364 13.552471250295639 -349.87685680389404
v -75.56072473526001 16.79280884563923 -351.05613470077515
v -74.33702498674393 19.99806985259056 -352.2518277168274
v -72.82916307449341 23.155340552330017 -353.4568190574646
v -71.0418239235878 26.251669228076935 -354.66363430023193
v -68.98077875375748 29.273975640535355 -355.8635473251343
v -66.65309965610504 32.20929577946663 -357.04944133758545
v -64.06689137220383 35.044750571250916 -358.2127332687378
v -61.23152822256088 37.76756376028061 -359.34537649154663
v -58.1574484705925 40.36533683538437 -360.43975353240967
v -54.85623478889465 42.825910449028015 -361.4874601364136
v -51.340551674366 45.13758569955826 -362.48070001602173
v -47.62418568134308 47.28919118642807 -363.412606716156
v -43.72173696756363 49.270136654376984 -364.2752408981323
v -39.6489679813385 51.07039511203766 -365.06112813949585
v -35.42239889502525 52.680788934230804 -365.7634377479553
v -31.059423834085464 54.0929451584816 -366.3755536079407
v -26.57821699976921 55.29947876930237 -366.8920040130615
v -21.997466683387756 56.29380941390991 -367.305850982666
v -17.3365518450737 57.07058608531952 -367.6128387451172
v -12.615377828478813 57.62557089328766 -367.808997631073
v -7.854129932820797 57.95552283525467 -367.88971424102783
v -3.0731946229934692 58.05860459804535 -367.8526282310486
v 1.707011042162776 57.93895125389099 -367.739474773407
v 6.466918811202049 57.601743936538696 -367.59177446365356
v 11.187217757105827 57.04824775457382 -367.4072027206421
v 15.84874615073204 56.28083646297455 -367.18472242355347
v 20.43253630399704 55.30259907245636 -366.92172288894653
v 24.919894337654114 54.11757677793503 -366.61534309387207
v 29.29256334900856 52.73094177246094 -366.26508235931396
v 33.53269100189209 51.14855468273163 -365.8682942390442
v 37.622956931591034 49.37730431556702 -365.4236912727356
v 41.54679626226425 47.424861788749695 -364.92998600006104
v 45.288173854351044 45.2998548746109 -364.38653469085693
v 48.83200228214264 43.011680245399475 -363.7935161590576
v 52.16394513845444 40.570369362831116 -363.1502151489258
v 55.27062267065048 37.98677176237106 -362.45720386505127
v 58.13978612422943 35.272322595119476 -361.7161989212036
v 60.760098695755005 32.43899345397949 -360.9285235404968
v 63.121359050273895 29.499321430921555 -360.0964307785034
v 65.21459966897964 26.46622359752655 -359.223210811615
v 67.03196167945862 23.352845013141632 -358.31143856048584
v 68.56689155101776 20.17269730567932 -357.365620136261
v 69.81399357318878 16.93938821554184 -356.38976097106934
v 70.76913714408875 13.666574656963348 -355.388081073761
v 71.42950147390366 10.368053242564201 -354.3667674064636
v 71.79349958896637 7.0573411881923676 -353.33107709884644
v 109.3259185552597 3.747923579066992 -351.95392370224
v 108.91992151737213 -1.2061994522809982 -350.37431716918945
v 108.06324183940887 -6.105894036591053 -348.70723485946655
v 106.76254034042358 -10.929714515805244 -346.9662666320801
v 105.0264984369278 -15.657318010926247 -345.16639709472656
v 102.86567509174347 -20.269596576690674 -343.32404136657715
v 100.29235482215881 -24.748800694942474 -341.4563298225403
v 97.32042253017426 -29.078619182109833 -339.58128690719604
v 93.96505057811737 -33.2441546022892 -337.7166152000427
v 90.2426540851593 -37.23194673657417 -335.87987422943115
v 86.17072105407715 -41.02994352579117 -334.08851623535156
v 81.76764249801636 -44.627487659454346 -332.35952854156494
v 77.05252468585968 -48.0150505900383 -330.70818185806274
v 72.04513996839523 -51.18430405855179 -329.14888858795166
v 66.76583737134933 -54.12796586751938 -327.6952028274536
v 61.23543083667755 -56.839706003665924 -326.3592481613159
v 55.47519028186798 -59.31408405303955 -325.1526117324829
v 49.50660467147827 -61.546218395233154 -324.0839123725891
v 43.351560831069946 -63.532085716724396 -323.16226959228516
v 37.03216910362244 -65.26806503534317 -322.3944067955017
v 30.570734292268753 -66.75112545490265 -321.78640365600586
v 23.989782482385635 -67.97854006290436 -321.34244441986084
v 17.31201522052288 -68.94828826189041 -321.0675001144409
v 10.560274869203568 -69.65833604335785 -320.96335887908936
v 3.7575317546725273 -70.10736018419266 -321.0329532623291
v -3.0731999315321445 -70.2941358089447 -321.27710580825806
v -9.908133745193481 -70.2030748128891 -321.60741090774536
v -16.720903292298317 -69.81908529996872 -321.9339966773987
v -23.484472185373306 -69.14340108633041 -322.25743532180786
v -30.17207756638527 -68.1783065199852 -322.57797718048096
v -36.75730973482132 -66.92772209644318 -322.89884090423584
v -43.21418255567551 -65.39654731750488 -323.222279548645
v -49.517422914505005 -63.59112113714218 -323.55319261550903
v -55.642493069171906 -61.518868803977966 -323.89698028564453
v -61.565740406513214 -59.188324213027954 -324.2603302001953
v -67.26441979408264 -56.608861684799194 -324.6498942375183
v -72.7170467376709 -53.79087030887604 -325.07439851760864
v -77.90300846099854 -50.74537843465805 -325.54181814193726
v -82.80306458473206 -47.484008967876434 -326.060950756073
v -87.39911913871765 -44.018930196762085 -326.64034366607666
v -91.67429208755493 -40.36272615194321 -327.2884726524353
v -95.61295509338379 -36.528318375349045 -328.0133843421936
v -99.20064210891724 -32.528847455978394 -328.82169485092163
v -102.42409408092499 -28.377652913331985 -329.7190189361572
v -105.27118742465973 -24.0884006023407 -330.7095766067505
v -107.73096084594727 -19.67495307326317 -331.79622888565063
v -109.79362428188324 -15.151391923427582 -332.9797625541687
v -111.45039796829224 -10.532242432236671 -334.25910472869873
v -112.69373595714569 -5.832317657768726 -335.63114404678345
v -113.51727247238159 -1.066971430554986 -337.09155321121216
v -113.91563415527344 3.7479305639863014 -338.6318564414978
v -113.88585269451141 8.595958538353443 -340.2520179748535
v -113.4259432554245 13.460298255085945 -341.94706678390503
v -112.53450214862823 18.323516473174095 -343.70402097702026
v -111.21174395084381 23.167435079813004 -345.5098271369934
v -109.45963561534882 27.973218262195587 -347.3515748977661
v -107.28186070919037 32.72152170538902 -349.21663999557495
v -104.68384623527527 37.392597645521164 -351.09214782714844
v -101.6729325056076 41.96633845567703 -352.966046333313
v -98.25830161571503 46.422430872917175 -354.8261761665344
v -94.45087909698486 50.74051469564438 -356.66027069091797
v -90.26358425617218 54.90008890628815 -358.45574140548706
v -85.71108877658844 58.88105034828186 -360.20082235336304
v -80.8099240064621 62.66349256038666 -361.8834972381592
v -75.57840943336487 66.2279337644577 -363.4912133216858
v -70.03659009933472 69.55544650554657 -365.0114893913269
v -64.20605778694153 72.62780964374542 -366.4309859275818
v -58.11038464307785 75.42781233787537 -367.73797273635864
v -51.77443027496338 77.93909311294556 -368.91889572143555
v -45.224641263484955 80.1466315984726 -369.9615240097046
v -38.488881289958954 82.0367842912674 -370.85344791412354
v -31.59615844488144 83.59757959842682 -371.58358097076416
v -24.576611816883087 84.81844961643219 -372.13919162750244
v -17.461560666561127 85.69119572639465 -372.51148223876953
v -10.282938927412033 86.20922863483429 -372.6899743080139
v -3.0731940641999245 86.36850714683533 -372.6674795150757
v 4.135396610945463 86.18304133415222 -372.53276109695435
v 11.313236877322197 85.6686919927597 -372.37569093704224
v 18.431364744901657 84.82659459114075 -372.188937664032
v 25.460900366306305 83.65950286388397 -371.9666361808777
v 32.37306922674179 82.1712076663971 -371.70023918151855
v 39.13949579000473 80.36742210388184 -371.3842034339905
v 45.73218673467636 78.25509309768677 -371.0112690925598
v 52.12376117706299 75.8428305387497 -370.5752491950989
v 58.287522196769714 73.14072400331497 -370.0701355934143
v 64.1979530453682 70.16056180000305 -369.492244720459
v 69.83018517494202 66.91541075706482 -368.83639097213745
v 75.16087889671326 63.41998726129532 -368.10046434402466
v 80.16794621944427 59.69022810459137 -367.2824263572693
v 84.8307877779007 55.74342459440231 -366.38156175613403
v 89.13052082061768 51.59783363342285 -365.3980851173401
v 93.04986298084259 47.27274477481842 -364.3330693244934
v 96.57343626022339 42.78848022222519 -363.18976879119873
v 99.68780279159546 38.165898621082306 -361.9722247123718
v 102.38153636455536 33.42631459236145 -360.6858730316162
v 104.64518666267395 28.591438382864 -359.3367576599121
v 106.47136867046356 23.683129996061325 -357.93267488479614
v 107.85480737686157 18.723173439502716 -356.4823865890503
v 108.79221260547638 13.733289018273354 -354.9954056739807
v 109.28229689598083 8.734604716300964 -353.48167419433594
v 146.69426679611206 3.747923579066992 -350.8185625076294
v 146.07456922531128 -2.874441258609295 -348.7541913986206
v 144.84320282936096 -9.40789170563221 -346.5256333351135
v 143.01220178604126 -15.82118533551693 -344.1587448120117
v 140.5967116355896 -22.085492312908173 -341.68217182159424
v 137.61431872844696 -28.17452698945999 -339.1248106956482
v 134.08521115779877 -34.06491279602051 -336.5190267562866
v 130.0311952829361 -39.735960960388184 -333.89525413513184
v 125.47581195831299 -45.16986608505249 -331.285035610199
v 120.44375538825989 -50.351375341415405 -328.7183403968811
v 114.96047079563141 -55.26762306690216 -326.2228846549988
v 109.05221700668335 -59.90803688764572 -323.82545471191406
v 102.74572670459747 -64.26395773887634 -321.55076265335083
v 96.06790244579315 -68.32824647426605 -319.42001581192017
v 89.04587030410767 -72.09522128105164 -317.45266914367676
v 81.70695304870605 -75.56034028530121 -315.6659960746765
v 74.07839745283127 -78.71967852115631 -314.07365798950195
v 66.18757545948029 -81.57015144824982 -312.68781423568726
v 58.061836659908295 -84.10889804363251 -311.51740550994873
v 49.72871392965317 -86.33354008197784 -310.57047843933105
v 41.215717792510986 -88.24177980422974 -309.8525047302246
v 32.55055993795395 -89.8314893245697 -309.3678116798401
v 23.761016875505447 -91.10058546066284 -309.1189742088318
v 14.875105395913124 -92.04702973365784 -309.1078519821167
v 5.920959636569023 -92.66909658908844 -309.3361973762512
v -3.073201607912779 -92.96501576900482 -309.80461835861206
v -12.077562510967255 -92.90107190608978 -310.37031412124634
v -21.056637167930603 -92.44405925273895 -310.8883738517761
v -29.973415285348892 -91.59477353096008 -311.35733127593994
v -38.791219890117645 -90.35601317882538 -311.77711486816406
v -47.47384339570999 -88.73292803764343 -312.15012073516846
v -55.98578453063965 -86.7328405380249 -312.48117685317993
v -64.2926573753357 -84.36511158943176 -312.7772927284241
v -72.36131876707077 -81.64115846157074 -313.0483388900757
v -80.16009628772736 -78.57399880886078 -313.3060097694397
v -87.65905201435089 -75.17828643321991 -313.56507539749146
v -94.8301613330841 -71.46986424922943 -313.84187936782837
v -101.64708495140076 -67.46537536382675 -314.1537666320801
v -108.08571875095367 -63.182151317596436 -314.51990604400635
v -114.12372887134552 -58.637697994709015 -314.95903730392456
v -119.74071264266968 -53.8496732711792 -315.4902935028076
v -124.91802871227264 -48.83540868759155 -316.13123416900635
v -129.63857352733612 -43.6119943857193 -316.89802408218384
v -133.88695120811462 -38.196100294589996 -317.8051829338074
v -137.64884769916534 -32.60405883193016 -318.8638687133789
v -140.91118276119232 -26.851864904165268 -320.0820207595825
v -143.66209208965302 -20.955368131399155 -321.4648962020874
v -145.89040875434875 -14.93055447936058 -323.0125308036804
v -147.58620858192444 -8.79367645829916 -324.7227072715759
v -148.74029159545898 -2.561600413173437 -326.5882730484009
v -149.34452176094055 3.7479322403669357 -328.5979986190796
v -149.3914157152176 10.115984827280045 -330.7347536087036
v -148.8745540380478 16.52202419936657 -332.9761505126953
v -147.78967201709747 22.943971306085587 -335.30133962631226
v -146.13481163978577 29.358239471912384 -337.69068717956543
v -143.91076862812042 35.74005290865898 -340.12770652770996
v -141.12043976783752 42.06349700689316 -342.59490966796875
v -137.76958286762238 48.30200672149658 -345.0778126716614
v -133.86636078357697 54.428185522556305 -347.56157398223877
v -129.42160069942474 60.4141965508461 -350.0322103500366
v -124.44864213466644 66.23203754425049 -352.4765968322754
v -118.9634621143341 71.85326814651489 -354.8806428909302
v -112.98429071903229 77.24955976009369 -357.22965002059937
v -106.53212070465088 82.39275813102722 -359.5094919204712
v -99.63029623031616 87.2549057006836 -361.7042541503906
v -92.30457544326782 91.80835783481598 -363.79677057266235
v -84.58309471607208 96.02644443511963 -365.7701253890991
v -76.49660110473633 99.88294243812561 -367.6053285598755
v -68.07805448770523 103.35312187671661 -369.28378343582153
v -59.36267673969269 106.41327202320099 -370.7846760749817
v -50.388023257255554 109.0415507555008 -372.08783626556396
v -41.193535923957825 111.21808290481567 -373.17237854003906
v -31.820739805698395 112.9254162311554 -374.0182399749756
v -22.313053160905838 114.14876282215118 -374.6060371398926
v -12.71524652838707 114.87627625465393 -374.9164581298828
v -3.0731935054063797 115.09968638420105 -374.93287324905396
v 6.567769311368465 114.85152840614319 -374.80612993240356
v 16.168340295553207 114.16685879230499 -374.68721866607666
v 25.69042816758156 113.04524838924408 -374.5610475540161
v 35.095710307359695 111.48828864097595 -374.41349029541016
v 44.34575289487839 109.49930548667908 -374.22916889190674
v 53.40220481157303 107.08385109901428 -373.99349212646484
v 62.22710609436035 104.24982905387878 -373.6929416656494
v 70.78302651643753 101.00746750831604 -373.31464290618896
v 79.0334165096283 97.36966788768768 -372.8479743003845
v 86.94295585155487 93.35141479969025 -372.2824215888977
v 94.477379322052 88.97036612033844 -371.6095447540283
v 101.60441100597382 84.24656689167023 -370.82380056381226
v 108.29341113567352 79.20204699039459 -369.91957426071167
v 114.51601982116699 73.8611027598381 -368.8946843147278
v 120.24611234664917 68.2495504617691 -367.7475571632385
v 125.46021938323975 62.39507049322128 -366.47980213165283
v 130.13742864131927 56.326693296432495 -365.0947093963623
v 134.2596173286438 50.074298679828644 -363.59667778015137
v 137.81181871891022 43.6685711145401 -361.99318170547485
v 140.7820075750351 37.14071810245514 -360.2938771247864
v 143.1610643863678 30.521924793720245 -358.5091710090637
v 144.94332075119019 23.843219876289368 -356.65358304977417
v 146.12566530704498 17.135168239474297 -354.74127531051636
v 146.70829474925995 10.427229478955269 -352.789843082428
v 183.82315635681152 3.747923579066992 -348.4795331954956
v 182.953941822052 -4.545808676630259 -345.96272706985474
v 181.3023805618286 -12.707622349262238 -343.1819200515747
v 178.88880372047424 -20.694156736135483 -340.181028842926
v 175.7378339767456 -28.4666508436203 -337.0073676109314
v 171.87784910202026 -35.99142283201218 -333.7117910385132
v 167.33955144882202 -43.23982000350952 -330.344295501709
v 162.1555745601654 -50.18807798624039 -326.9537329673767
v 156.36005401611328 -56.817322969436646 -323.5886335372925
v 149.9877780675888 -63.112932443618774 -320.29420137405396
v 143.07352602481842 -69.06382888555527 -317.1108841896057
v 135.65213978290558 -74.66235905885696 -314.0763759613037
v 127.7582198381424 -79.9034982919693 -311.2247943878174
v 119.42551732063293 -84.78387594223022 -308.5837483406067
v 110.68750619888306 -89.30200338363647 -306.1787009239197
v 101.57673060894012 -93.45682561397552 -304.0286064147949
v 92.1254575252533 -97.2480833530426 -302.150022983551
v 82.36539959907532 -100.67554414272308 -300.55510997772217
v 72.32784032821655 -103.73854637145996 -299.2518961429596
v 62.04404979944229 -106.4361959695816 -298.24615716934204
v 51.54513269662857 -108.76708030700684 -297.5407540798187
v 40.86239039897919 -110.72916090488434 -297.1365451812744
v 30.027229338884354 -112.31992542743683 -297.033029794693
v 19.07147392630577 -113.53643238544464 -297.228866815567
v 8.027204498648643 -114.37535583972931 -297.72189259529114
v -3.0732030048966408 -114.83357548713684 -298.5113024711609
v -14.19457420706749 -114.85181450843811 -299.3993639945984
v -25.291677564382553 -114.37067091464996 -300.18357038497925
v -36.31637468934059 -113.3888840675354 -300.8569121360779
v -47.22077697515488 -111.90871596336365 -301.41574144363403
v -57.957422733306885 -109.93601381778717 -301.8595218658447
v -68.47984492778778 -107.48037099838257 -302.19229459762573
v -78.74321937561035 -104.55504655838013 -302.4228572845459
v -88.70472013950348 -101.17678642272949 -302.56508588790894
v -98.3239620923996 -97.36528694629669 -302.6378273963928
v -107.56343901157379 -93.14283728599548 -302.66486406326294
v -116.38887226581573 -88.53344321250916 -302.673876285553
v -124.76893365383148 -83.56230854988098 -302.6954770088196
v -132.6758086681366 -78.25503945350647 -302.7632474899292
v -140.08465111255646 -72.63684421777725 -302.9107332229614
v -146.9734936952591 -66.73222929239273 -303.17240953445435
v -153.3228635787964 -60.56416779756546 -303.5801410675049
v -159.11538004875183 -54.15411740541458 -304.1636824607849
v -164.3355667591095 -47.52170741558075 -304.9492120742798
v -168.9689576625824 -40.684935450553894 -305.95768690109253
v -173.00203442573547 -33.66027474403381 -307.20430612564087
v -176.42199397087097 -26.46309658885002 -308.6989402770996
v -179.2162835597992 -19.108416885137558 -310.4449510574341
v -181.37245774269104 -11.611024662852287 -312.43804693222046
v -182.8784465789795 -3.9865896105766296 -314.6687150001526
v -183.72244834899902 3.747934475541115 -317.1207904815674
v -183.88758301734924 11.573157459497452 -319.744348526001
v -183.35766792297363 19.46513056755066 -322.48241901397705
v -182.12463855743408 27.396822720766068 -325.30728578567505
v -180.18397092819214 35.33887714147568 -328.19573879241943
v -177.53446698188782 43.25997680425644 -331.12696409225464
v -174.17871952056885 51.12752169370651 -334.0846538543701
v -170.12280821800232 58.90796631574631 -337.05536127090454
v -165.37594199180603 66.56676828861237 -340.0259256362915
v -159.9507451057434 74.06883537769318 -342.98447370529175
v -153.86300683021545 81.37891888618469 -345.92031240463257
v -147.1317172050476 88.46108615398407 -348.82110357284546
v -139.77845907211304 95.27925252914429 -351.67272090911865
v -131.82822167873383 101.79736018180847 -354.4611096382141
v -123.30867648124695 107.97886848449707 -357.16806650161743
v -114.25077617168427 113.78763020038605 -359.7749948501587
v -104.6881377696991 119.1875159740448 -362.2594356536865
v -94.65793669223785 124.1426557302475 -364.5966410636902
v -84.20035243034363 128.61823439598083 -366.76050424575806
v -73.35874289274216 132.58034884929657 -368.7217712402344
v -62.17986345291138 135.99667847156525 -370.44986486434937
v -50.7133886218071 138.8370931148529 -371.9128131866455
v -39.012229442596436 141.0741001367569 -373.0778217315674
v -27.132435142993927 142.68349707126617 -373.9118456840515
v -15.132550522685051 143.64551603794098 -374.38398599624634
v -3.0731932260096073 143.94462704658508 -374.4631290435791
v 8.986002020537853 143.64187717437744 -374.37121868133545
v 20.996618270874023 142.8020417690277 -374.3317723274231
v 32.91228711605072 141.421240568161 -374.3196129798889
v 44.685664772987366 139.49733674526215 -374.30806159973145
v 56.26877546310425 137.0311975479126 -374.27204847335815
v 67.613285779953 134.02664959430695 -374.1877555847168
v 78.67088913917542 130.49086332321167 -374.0328311920166
v 89.3936276435852 126.43455862998962 -373.78681898117065
v 99.73437488079071 121.87216579914093 -373.43205213546753
v 109.64739918708801 116.8215662240982 -372.9523301124573
v 119.08830106258392 111.30463778972626 -372.33492136001587
v 128.01513075828552 105.34675419330597 -371.570348739624
v 136.38799488544464 98.9762395620346 -370.6498146057129
v 144.17018294334412 92.22499430179596 -369.5697784423828
v 151.32785439491272 85.12703776359558 -368.3269500732422
v 157.8308343887329 77.71918773651123 -366.9227957725525
v 163.6523187160492 70.04014402627945 -365.36046266555786
v 168.76931190490723 62.12992072105408 -363.64502906799316
v 173.16325306892395 54.02962267398834 -361.78572177886963
v 176.81956887245178 45.781078934669495 -359.79459285736084
v 179.7278344631195 37.425995618104935 -357.68569707870483
v 181.88191652297974 29.005591571331024 -355.47659397125244
v 183.28027725219727 20.560403913259506 -353.1893491744995
v 183.92518758773804 12.128929048776627 -350.84770917892456
v 220.52891850471497 3.747923579066992 -344.6155786514282
v 219.37639117240906 -6.210735999047756 -341.68156385421753
v 217.25851893424988 -15.98568856716156 -338.3614182472229
v 214.2087757587433 -25.51877796649933 -334.7269535064697
v 210.26558876037598 -34.75998267531395 -330.8514475822449
v 205.4721236228943 -43.66810619831085 -326.81254148483276
v 199.87342357635498 -52.210235595703125 -322.6839065551758
v 193.51631999015808 -60.361674427986145 -318.5378909111023
v 186.44787669181824 -68.10499727725983 -314.44194316864014
v 178.71447801589966 -75.42899250984192 -310.4571461677551
v 170.36129236221313 -82.32763409614563 -306.63782358169556
v 161.43232583999634 -88.79944682121277 -303.0332922935486
v 151.96943879127502 -94.84562873840332 -299.6840715408325
v 142.0128732919693 -100.46971142292023 -296.62506580352783
v 131.601020693779 -105.67639768123627 -293.88447403907776
v 120.77049314975739 -110.4702740907669 -291.48287773132324
v 109.55674946308136 -114.85598981380463 -289.43670988082886
v 97.99405038356781 -118.83713901042938 -287.7565026283264
v 86.11584305763245 -122.4160373210907 -286.44824624061584
v 73.95513653755188 -125.59303343296051 -285.51287055015564
v 61.54483258724213 -128.36722433567047 -284.94908809661865
v 48.91803860664368 -130.73565065860748 -284.7519278526306
v 36.10822409391403 -132.69394040107727 -284.9148452281952
v 23.1496699154377 -134.23665761947632 -285.4308485984802
v 10.077310726046562 -135.35729348659515 -286.292427778244
v -3.073204681277275 -136.0492765903473 -287.49393224716187
v -16.261763870716095 -136.22166216373444 -288.7881875038147
v -29.432719945907593 -135.78150272369385 -289.9180591106415
v -42.52552092075348 -134.72256660461426 -290.8661663532257
v -55.479271709918976 -133.04383456707 -291.6191518306732
v -68.23326498270035 -130.75025081634521 -292.16963052749634
v -80.72791993618011 -127.85310745239258 -292.51760244369507
v -92.90594458580017 -124.37014281749725 -292.67170429229736
v -104.7130823135376 -120.32511234283447 -292.6496207714081
v -116.09905064105988 -115.74708223342896 -292.47806668281555
v -127.01816260814667 -110.66939234733582 -292.1921968460083
v -137.43004202842712 -105.1282525062561 -291.8345332145691
v -147.2993016242981 -99.16147291660309 -291.4534628391266
v -156.59599900245667 -92.80675649642944 -291.10121726989746
v -165.29504656791687 -86.10054552555084 -290.8320665359497
v -173.37554097175598 -79.07668948173523 -290.6997263431549
v -180.82011938095093 -71.76563590765 -290.7555878162384
v -187.61410117149353 -64.1937643289566 -291.04616045951843
v -193.74452233314514 -56.38322979211807 -291.61171317100525
v -199.19925928115845 -48.352423310279846 -292.4850046634674
v -203.966224193573 -40.116141736507416 -293.68924498558044
v -208.03279280662537 -31.68649971485138 -295.2378809452057
v -211.38546466827393 -23.074400424957275 -297.1355438232422
v -214.00921940803528 -14.290041849017143 -299.374794960022
v -215.88837504386902 -5.3448038175702095 -301.94116830825806
v -217.00581908226013 3.7479364313185215 -304.8092007637024
v -217.3281490802765 12.970080971717834 -307.8800082206726
v -216.82249903678894 22.293589264154434 -311.04819774627686
v -215.47622680664062 31.685026735067368 -314.2795443534851
v -213.28255534172058 41.10799580812454 -317.55062341690063
v -210.23921370506287 50.52375644445419 -320.84219455718994
v -206.34945631027222 59.892538189888 -324.1434574127197
v -201.62065029144287 69.17371898889542 -327.44590044021606
v -196.0644006729126 78.32617163658142 -330.7439088821411
v -189.6962821483612 87.3085767030716 -334.0331554412842
v -182.5351595878601 96.07959687709808 -337.3089909553528
v -174.60318803787231 104.59694266319275 -340.56365489959717
v -165.92558026313782 112.81843185424805 -343.78817081451416
v -156.53067827224731 120.70086300373077 -346.9690203666687
v -146.44993543624878 128.2002568244934 -350.08864402770996
v -135.71845293045044 135.27215123176575 -353.1265139579773
v -124.37421083450317 141.8711096048355 -356.0558795928955
v -112.45961487293243 147.95105159282684 -358.8463068008423
v -100.0207006931305 153.465735912323 -361.4624261856079
v -87.10797429084778 158.36954712867737 -363.8660788536072
v -73.77631813287735 162.61723637580872 -366.01388454437256
v -60.08504927158356 166.16578102111816 -367.86088943481445
v -46.098241209983826 168.97464394569397 -369.3595290184021
v -31.884712725877762 171.00656032562256 -370.4601287841797
v -17.517465725541115 172.22980856895447 -371.1142659187317
v -3.0731926672160625 172.6181924343109 -371.2735176086426
v 11.372948437929153 172.27218747138977 -371.2366461753845
v 25.764191150665283 171.29786610603333 -371.3062047958374
v 40.046802163124084 169.6848213672638 -371.4431047439575
v 54.16498929262161 167.42504239082336 -371.6073989868164
v 68.06146502494812 164.51455950737 -371.762752532959
v 81.67777061462402 160.9532654285431 -371.87397480010986
v 94.95483040809631 156.74570202827454 -371.9085216522217
v 107.8337699174881 151.90197229385376 -371.83881998062134
v 120.25613486766815 146.4369535446167 -371.63915634155273
v 132.1653038263321 140.37108421325684 -371.2887167930603
v 143.50601434707642 133.73019397258759 -370.77062129974365
v 154.22605276107788 126.54503881931305 -370.07185220718384
v 164.27589654922485 118.8506931066513 -369.1819667816162
v 173.6098051071167 110.68685352802277 -368.0951714515686
v 182.18611478805542 102.09669470787048 -366.8086767196655
v 189.9672567844391 93.12648475170135 -365.32219648361206
v 196.92047238349915 83.82553160190582 -363.6396646499634
v 203.01783084869385 74.24476593732834 -361.76698207855225
v 208.23665857315063 64.4364282488823 -359.7131609916687
v 212.55970001220703 54.453782737255096 -357.4914336204529
v 215.97533226013184 44.350115954875946 -355.1191449165344
v 218.47735047340393 34.17777121067047 -352.61610746383667
v 220.06577253341675 23.98814633488655 -350.00996589660645
v 220.7458734512329 13.82964514195919 -347.33043909072876
v 256.59340023994446 3.747923579066992 -338.96323442459106
v 255.12444376945496 -7.856284640729427 -335.64612865448
v 252.4940550327301 -19.21602040529251 -331.8058490753174
v 248.75410795211792 -30.25534674525261 -327.54825353622437
v 243.96348595619202 -40.912239253520966 -322.98420667648315
v 238.1844162940979 -51.13830864429474 -318.2210326194763
v 231.48123621940613 -60.898616909980774 -313.363516330719
v 223.9174246788025 -70.16976624727249 -308.50653648376465
v 215.55522680282593 -78.93902063369751 -303.73817682266235
v 206.45427703857422 -87.20220029354095 -299.1365075111389
v 196.6703474521637 -94.96158063411713 -294.76792216300964
v 186.25595569610596 -102.22463607788086 -290.6897306442261
v 175.25981068611145 -109.00196135044098 -286.9492471218109
v 163.72684836387634 -115.30564427375793 -283.58319997787476
v 151.69917941093445 -121.14875614643097 -280.6217908859253
v 139.21573162078857 -126.54319703578949 -278.0858874320984
v 126.3133853673935 -131.49964213371277 -275.9903848171234
v 113.02695572376251 -136.02617383003235 -274.34284687042236
v 99.39007759094238 -140.12800455093384 -273.1452763080597
v 85.43571531772614 -143.80711913108826 -272.3947048187256
v 71.19659632444382 -147.06212282180786 -272.0836579799652
v 56.70587718486786 -149.88815188407898 -272.2007095813751
v 41.99751913547516 -152.27744579315186 -272.7323055267334
v 27.106822282075882 -154.21956181526184 -273.66299629211426
v 12.070513889193535 -155.70257306098938 -274.9778687953949
v -3.073206078261137 -156.71367645263672 -276.6636550426483
v -18.27959194779396 -157.12612867355347 -278.43343019485474
v -33.482109010219574 -156.8074107170105 -279.982191324234
v -48.60643297433853 -155.7410180568695 -281.2745153903961
v -63.57662379741669 -153.9184033870697 -282.28113055229187
v -78.31612229347229 -151.340514421463 -282.98190236091614
v -92.74945557117462 -148.01903665065765 -283.3692133426666
v -106.80413246154785 -143.9763307571411 -283.44900012016296
v -120.41217684745789 -139.24522697925568 -283.24220180511475
v -133.51172804832458 -133.8675320148468 -282.7845633029938
v -146.04816734790802 -127.8921514749527 -282.1254014968872
v -157.9752802848816 -121.37265801429749 -281.32585287094116
v -169.25480961799622 -114.36485052108765 -280.4566204547882
v -179.85700964927673 -106.92367851734161 -279.5942544937134
v -189.75934982299805 -99.10106062889099 -278.8183093070984
v -198.94548654556274 -90.94351530075073 -278.20717692375183
v -207.40386843681335 -82.4907660484314 -277.8349757194519
v -215.12593030929565 -73.77470880746841 -277.76822447776794
v -222.1045732498169 -64.81926441192627 -278.0632674694061
v -228.33228707313538 -55.64102679491043 -278.76378893852234
v -233.79989862442017 -46.250179409980774 -279.8994183540344
v -238.4959101676941 -36.6522453725338 -281.48598074913025
v -242.4051582813263 -26.85018628835678 -283.52370858192444
v -245.50938606262207 -16.846244037151337 -285.9997272491455
v -247.78668880462646 -6.6443441435694695 -288.88694643974304
v -249.212908744812 3.747938387095928 -292.1484589576721
v -249.72857236862183 14.31475393474102 -295.6208646297455
v -249.27615523338318 25.02186968922615 -299.1396725177765
v -247.83958196640015 35.82697659730911 -302.67062187194824
v -245.41014432907104 46.684277057647705 -306.1915397644043
v -241.98732376098633 57.54643678665161 -309.6933603286743
v -237.57668137550354 68.36564540863037 -313.17386627197266
v -232.18982219696045 79.09480333328247 -316.63835048675537
v -225.84276795387268 89.68717753887177 -320.0931787490845
v -218.5555100440979 100.09666085243225 -323.5451102256775
v -210.35125851631165 110.27776300907135 -326.999831199646
v -201.25624537467957 120.18420696258545 -330.4583787918091
v -191.29904508590698 129.76928651332855 -333.91685485839844
v -180.51130771636963 138.98499011993408 -337.36631870269775
v -168.92722249031067 147.78099954128265 -340.7894253730774
v -156.58462643623352 156.10522627830505 -344.16342973709106
v -143.5245841741562 163.90326619148254 -347.45757579803467
v -129.79317605495453 171.11844420433044 -350.63499212265015
v -115.44090807437897 177.69259214401245 -353.6521911621094
v -100.52375793457031 183.56618285179138 -356.459105014801
v -85.10371148586273 188.6793851852417 -359.0005159378052
v -69.24872696399689 192.97329783439636 -361.2162709236145
v -53.033432364463806 196.39073610305786 -363.04171085357666
v -36.53946742415428 198.8783597946167 -364.40985202789307
v -19.854746013879776 200.38785338401794 -365.2514576911926
v -3.0731921084225178 200.87801814079285 -365.49707651138306
v 13.713286444544792 200.49968361854553 -365.5229330062866
v 30.44038787484169 199.4118869304657 -365.7126545906067
v 47.047971189022064 197.59494066238403 -366.01163148880005
v 63.4724423289299 195.03251910209656 -366.36682748794556
v 79.64726686477661 191.71282052993774 -366.7274594306946
v 95.50378918647766 187.63005137443542 -367.0478940010071
v 110.9719455242157 182.78465867042542 -367.2858953475952
v 125.98130106925964 177.18449234962463 -367.40509271621704
v 140.46181440353394 170.84466218948364 -367.3743724822998
v 154.34530377388 163.7875199317932 -367.168128490448
v 167.56523251533508 156.0426950454712 -366.7656183242798
v 180.05878329277039 147.64668345451355 -366.152286529541
v 191.7665719985962 138.64178359508514 -365.3168320655823
v 202.6338279247284 129.07615900039673 -364.25338983535767
v 212.61051893234253 119.00205910205841 -362.958025932312
v 221.65203094482422 108.47619473934174 -361.4313840866089
v 229.7191321849823 97.5585401058197 -359.6765398979187
v 236.77854537963867 86.3113135099411 -357.69903659820557
v 242.8036093711853 74.79852139949799 -355.50835132598877
v 247.7741003036499 63.08541297912598 -353.11771631240845
v 251.67630314826965 51.237085461616516 -350.54304599761963
v 254.50428128242493 39.318086206912994 -347.8075861930847
v 256.25908970832825 27.39132195711136 -344.939661026001
v 256.950044631958 15.516184642910957 -341.97678565979004
v 291.76774621009827 3.747923579066992 -331.31078481674194
v 289.9486184120178 -9.466472268104553 -327.6419520378113
v 286.7584526538849 -22.366243600845337 -323.303747177124
v 282.27633833885193 -34.85537990927696 -318.4497356414795
v 276.58708691596985 -46.85925990343094 -313.2304072380066
v 269.7786569595337 -58.32419693470001 -307.7914595603943
v 261.93843483924866 -69.21569555997849 -302.26882696151733
v 253.14965844154358 -79.51539158821106 -296.7823326587677
v 243.49132776260376 -89.21895325183868 -291.4394795894623
v 233.03582668304443 -98.3321875333786 -286.3301932811737
v 221.84929847717285 -106.86886310577393 -281.53048753738403
v 209.99155640602112 -114.8479700088501 -277.1023750305176
v 197.51615524291992 -122.29089438915253 -273.0941355228424
v 184.4714641571045 -129.22036349773407 -269.5435881614685
v 170.9011673927307 -135.65857708454132 -266.4793074131012
v 156.84478282928467 -141.6255533695221 -263.9202654361725
v 142.33883321285248 -147.1384048461914 -261.8784964084625
v 127.41714119911194 -152.2103726863861 -260.3588819503784
v 112.1119737625122 -156.85016512870789 -259.36054587364197
v 96.45457863807678 -161.0612154006958 -258.87656807899475
v 80.47585487365723 -164.8414134979248 -258.89437794685364
v 64.20745253562927 -168.18328499794006 -259.3970060348511
v 47.682152688503265 -171.07404470443726 -260.36322712898254
v 30.934926867485046 -173.4964370727539 -261.76920533180237
v 14.00313600897789 -175.43004155158997 -263.5903537273407
v -3.073207475244999 -176.85256004333496 -265.8033013343811
v -20.245065540075302 -177.59957313537598 -268.0934965610504
v -37.434907257556915 -177.49428749084473 -270.11672258377075
v -54.55343574285507 -176.50246024131775 -271.8111455440521
v -71.50738388299942 -174.6015429496765 -273.1239080429077
v -88.20138573646545 -171.78415060043335 -274.016672372818
v -104.54063415527344 -168.05972456932068 -274.46921467781067
v -120.4342246055603 -163.45560550689697 -274.48323369026184
v -135.7975870370865 -158.0155849456787 -274.08204674720764
v -150.55537819862366 -151.79840326309204 -273.31169843673706
v -164.643394947052 -144.87422704696655 -272.23876118659973
v -178.00991535186768 -137.32036650180817 -270.94706296920776
v -190.61568975448608 -129.2170912027359 -269.5342719554901
v -202.4339497089386 -120.64270377159119 -268.1064963340759
v -213.44870924949646 -111.66973114013672 -266.7736530303955
v -223.6524760723114 -102.3609459400177 -265.6432271003723
v -233.04385542869568 -92.76713132858276 -264.81542587280273
v -241.62456393241882 -82.92569518089294 -264.37854766845703
v -249.39653277397156 -72.86054939031601 -264.4047975540161
v -256.3591539859772 -62.583477795124054 -264.94773030281067
v -262.5071883201599 -52.09602266550064 -266.0400867462158
v -267.82954931259155 -41.39253795146942 -267.6940441131592
v -272.3079442977905 -30.463868379592896 -269.9007511138916
v -275.9173035621643 -19.300487637519836 -272.63227701187134
v -278.62685322761536 -7.896455191075802 -275.84556341171265
v -280.4004728794098 3.7479400634765625 -279.4820308685303
v -281.14296197891235 15.618478506803513 -283.3062708377838
v -280.76550364494324 27.671275287866592 -287.0937645435333
v -279.2488753795624 39.85120207071304 -290.8116281032562
v -276.58653259277344 52.10048407316208 -294.4495439529419
v -272.7820158004761 64.3611878156662 -298.0115532875061
v -267.8472340106964 76.57715678215027 -301.5125870704651
v -261.8011236190796 88.69524300098419 -304.975426197052
v -254.66700196266174 100.66460967063904 -308.42360258102417
v -246.4719593524933 112.43686974048615 -311.8804693222046
v -237.2449278831482 123.96482527256012 -315.3639793395996
v -227.0168423652649 135.20071506500244 -318.8853979110718
v -215.81985354423523 146.09606266021729 -322.4483013153076
v -203.68791818618774 156.5994679927826 -326.04650259017944
v -190.65706729888916 166.65608882904053 -329.66376543045044
v -176.7664611339569 176.20700597763062 -333.2746624946594
v -162.05869317054749 185.18924117088318 -336.84425354003906
v -146.58181965351105 193.53522062301636 -340.3284788131714
v -130.3891360759735 201.17361545562744 -343.6745882034302
v -113.54081332683563 208.03009271621704 -346.82217836380005
v -96.10464870929718 214.02828097343445 -349.7033357620239
v -78.15622687339783 219.09093260765076 -352.24303007125854
v -59.780243039131165 223.14194440841675 -354.3607234954834
v -41.0708025097847 226.10771656036377 -355.9701919555664
v -22.131096571683884 227.92013883590698 -356.9818139076233
v -3.0731918290257454 228.51861119270325 -357.30342864990234
v 15.993225574493408 228.1134009361267 -357.3830008506775
v 34.997060894966125 226.92756056785583 -357.68208503723145
v 53.87273132801056 224.92970824241638 -358.13097953796387
v 72.54932373762131 222.09255695343018 -358.66273641586304
v 90.95145463943481 218.3950424194336 -359.2147707939148
v 109.00018215179443 213.82341384887695 -359.7297191619873
v 126.61432921886444 208.3729863166809 -360.1571559906006
v 143.7116414308548 202.0482838153839 -360.4529857635498
v 160.21013259887695 194.86387968063354 -360.58069467544556
v 176.02985501289368 186.84402108192444 -360.51135063171387
v 191.0929262638092 178.02236080169678 -360.22231578826904
v 205.32567501068115 168.44100952148438 -359.6972107887268
v 218.65902543067932 158.15012454986572 -358.92587900161743
v 231.02896213531494 147.20623791217804 -357.9015612602234
v 242.37765669822693 135.6715053319931 -356.6220760345459
v 252.6529312133789 123.6127495765686 -355.0871729850769
v 261.80920600891113 111.10084354877472 -353.29967737197876
v 269.80780363082886 98.20941388607025 -351.26463174819946
v 276.6171991825104 85.01401841640472 -348.9890456199646
v 282.21357464790344 71.59195393323898 -346.4843273162842
v 286.5809977054596 58.02081227302551 -343.7651038169861
v 289.7127091884613 44.37762200832367 -340.8532977104187
v 291.611248254776 30.737847089767456 -337.7788782119751
v 292.288613319397 17.1726007014513 -334.58043336868286
v 325.7784605026245 3.747923579066992 -321.5035557746887
v 323.57239723205566 -11.022686585783958 -317.5086736679077
v 319.7749614715576 -25.398878753185272 -312.7018690109253
v 314.50077295303345 -39.26264941692352 -307.29020833969116
v 307.86967277526855 -52.527956664562225 -301.47292613983154
v 300.0010013580322 -65.1386171579361 -295.43670415878296
v 291.0084128379822 -77.0642638206482 -289.34733867645264
v 280.99756836891174 -88.29604089260101 -283.3495616912842
v 270.063579082489 -98.84144067764282 -277.5642514228821
v 258.2911491394043 -108.71992707252502 -272.0906674861908
v 245.75443267822266 -117.95877814292908 -267.0075237751007
v 232.51774907112122 -126.58933103084564 -262.37465143203735
v 218.63747835159302 -134.6449613571167 -258.2382023334503
v 204.1626513004303 -142.1585351228714 -254.6312928199768
v 189.13671970367432 -149.16119277477264 -251.57784819602966
v 173.59820008277893 -155.68086504936218 -249.09335374832153
v 157.5819969177246 -161.7412269115448 -247.18676805496216
v 141.12007319927216 -167.3611879348755 -245.8615243434906
v 124.24225509166718 -172.55319356918335 -245.1149046421051
v 106.97716176509857 -177.32296586036682 -244.93857622146606
v 89.35280442237854 -181.66846632957458 -245.3179121017456
v 71.39798104763031 -185.57948470115662 -246.23209834098816
v 53.142938017845154 -189.03774619102478 -247.65449166297913
v 34.62086766958237 -192.01762676239014 -249.55338835716248
v 15.868508443236351 -194.48749423027039 -251.89393758773804
v -3.073208872228861 -196.41183614730835 -254.64046597480774
v -22.15149700641632 -197.5893795490265 -257.46445655822754
v -41.27827137708664 -197.79555201530457 -259.99159812927246
v -60.348352789878845 -196.96843028068542 -262.12509870529175
v -79.24883365631104 -195.06304264068604 -263.78093361854553
v -97.86218404769897 -192.05755591392517 -264.89667892456055
v -116.07062816619873 -187.95640468597412 -265.43646454811096
v -133.76100361347198 -182.79102444648743 -265.39440751075745
v -150.8291780948639 -176.61892175674438 -264.7964894771576
v -167.1842873096466 -169.52056288719177 -263.7005031108856
v -182.75163173675537 -161.59347295761108 -262.1923506259918
v -197.47520685195923 -152.9464602470398 -260.3829503059387
v -211.31696105003357 -143.69186460971832 -258.4012985229492
v -224.25708174705505 -133.9382529258728 -256.3879072666168
v -236.29068732261658 -123.78429472446442 -254.48750853538513
v -247.4245011806488 -113.3126825094223 -252.8403639793396
v -257.67250657081604 -102.58673429489136 -251.57552361488342
v -267.05119013786316 -91.64847135543823 -250.8035659790039
v -275.5749464035034 -80.51889538764954 -250.61187744140625
v -283.25173258781433 -69.20046508312225 -251.06048583984375
v -290.0801718235016 -57.680681347846985 -252.18029022216797
v -296.0473895072937 -45.93708962202072 -253.97273898124695
v -301.1282801628113 -33.94347131252289 -256.4119040966034
v -305.2860975265503 -21.674814820289612 -259.4465374946594
v -308.4743857383728 -9.11326501518488 -263.0058467388153
v -310.6395363807678 3.747941739857197 -267.00360774993896
v -311.6408586502075 16.893748193979263 -271.1295783519745
v -311.35343313217163 30.265621840953827 -275.10509490966797
v -309.7583770751953 43.79113465547562 -278.90732288360596
v -306.8542957305908 57.396961748600006 -282.54098296165466
v -302.6533842086792 71.0127130150795 -286.0301971435547
v -297.1787452697754 84.57365334033966 -289.41324949264526
v -290.4604196548462 98.02132844924927 -292.7343428134918
v -282.53291845321655 111.30309998989105 -296.03902101516724
v -273.4324872493744 124.37053620815277 -299.3680536746979
v -263.19549679756165 137.17770874500275 -302.75412797927856
v -251.858389377594 149.67839419841766 -306.21975660324097
v -239.45630192756653 161.82421445846558 -309.7741484642029
v -226.0247826576233 173.56241941452026 -313.4139060974121
v -211.60038113594055 184.83456373214722 -317.1222925186157
v -196.22204303741455 195.5754518508911 -320.8703398704529
v -179.93229031562805 205.71336150169373 -324.6174216270447
v -162.7796173095703 215.16906023025513 -328.3118963241577
v -144.81892883777618 223.85766506195068 -331.8925380706787
v -126.11346244812012 231.6888928413391 -335.2891445159912
v -106.73592388629913 238.56858015060425 -338.4227156639099
v -86.76899671554565 244.40031051635742 -341.20631217956543
v -66.3067638874054 249.0868628025055 -343.5448408126831
v -45.4556867480278 252.53289341926575 -345.33605575561523
v -24.334263056516647 254.64769005775452 -346.4715242385864
v -3.0731912702322006 255.3480863571167 -346.8377709388733
v 18.199438601732254 254.91009950637817 -346.9428062438965
v 39.40637558698654 253.6288619041443 -347.3159909248352
v 60.47745645046234 251.46020650863647 -347.8753924369812
v 81.33516311645508 248.36493730545044 -348.5426902770996
v 101.89568996429443 244.31133270263672 -349.2451786994934
v 122.07028269767761 239.27704095840454 -349.9167323112488
v 141.76675379276276 233.25079679489136 -350.49887895584106
v 160.89125275611877 226.23342275619507 -350.94194412231445
v 179.34992909431458 218.238365650177 -351.2051224708557
v 197.05116748809814 209.2910885810852 -351.256263256073
v 213.9057755470276 199.42923188209534 -351.0715842247009
v 229.829603433609 188.70062828063965 -350.63438415527344
v 244.74363327026367 177.16249823570251 -349.9338984489441
v 258.5750877857208 164.88019824028015 -348.9643335342407
v 271.2578594684601 151.92511081695557 -347.7230429649353
v 282.7326714992523 138.37426006793976 -346.21002674102783
v 292.9469704627991 124.30890798568726 -344.42617893218994
v 301.85608863830566 109.8137229681015 -342.374324798584
v 309.42338705062866 94.97583210468292 -340.05900621414185
v 315.62039852142334 79.88452613353729 -337.4874472618103
v 320.4283833503723 64.63024914264679 -334.67180728912354
v 323.8386869430542 49.30306077003479 -331.63039684295654
v 325.85452795028687 33.99187624454498 -328.39200496673584
v 326.4914274215698 18.78085434436798 -324.99743700027466
v 358.33740234375 3.747923579066992 -309.45746898651123
v 355.7027578353882 -12.504620477557182 -305.15795946121216
v 351.2485384941101 -28.27272266149521 -299.9156892299652
v 345.1366066932678 -43.41588914394379 -293.99980902671814
v 337.53068447113037 -57.8392893075943 -287.66398429870605
v 328.58662605285645 -71.48834466934204 -281.1344861984253
v 318.4484839439392 -84.34234857559204 -274.6081352233887
v 307.24425315856934 -96.40674591064453 -268.24888586997986
v 295.08360028266907 -107.70476460456848 -262.18535900115967
v 282.0606529712677 -118.27216744422913 -256.5187990665436
v 268.253356218338 -128.15027832984924 -251.32210850715637
v 253.7274420261383 -137.383371591568 -246.64834141731262
v 238.53764533996582 -146.0143804550171 -242.5322413444519
v 222.73133397102356 -154.08493280410767 -238.99869918823242
v 206.34947419166565 -161.63315176963806 -236.06334328651428
v 189.42849040031433 -168.6934232711792 -233.73674154281616
v 172.00128436088562 -175.2955198287964 -232.0252776145935
v 154.0976643562317 -181.46372437477112 -230.93165159225464
v 135.7451856136322 -187.2154712677002 -230.45454025268555
v 116.96975827217102 -192.56016612052917 -230.58759570121765
v 97.79623746871948 -197.4974513053894 -231.31794333457947
v 78.24980914592743 -202.01591849327087 -232.62489438056946
v 58.35713446140289 -206.0926079750061 -234.47957038879395
v 38.14825862646103 -209.6929907798767 -236.84459924697876
v 17.657889425754547 -212.77218461036682 -239.67538475990295
v -3.0732099898159504 -215.2778685092926 -242.92312860488892
v -23.9893801510334 -216.97538495063782 -246.25895619392395
v -44.99308615922928 -217.5903618335724 -249.2881178855896
v -65.96278846263885 -217.0205533504486 -251.87042355537415
v -86.76374852657318 -215.18885493278503 -253.88508439064026
v -107.25297331809998 -212.05177903175354 -255.24051189422607
v -127.28563249111176 -207.6042115688324 -255.88107705116272
v -146.72245681285858 -201.88116431236267 -255.79177737236023
v -165.436452627182 -194.95630860328674 -255.000901222229
v -183.31915140151978 -186.936753988266 -253.57836484909058
v -200.28512477874756 -177.95498371124268 -251.632422208786
v -216.2749707698822 -168.15898418426514 -249.30304884910583
v -231.2552511692047 -157.70180225372314 -246.75482511520386
v -245.2175796031952 -146.7301368713379 -244.166761636734
v -258.1740081310272 -135.3744238615036 -241.7216420173645
v -270.1516628265381 -123.7410843372345 -239.59577679634094
v -281.18589520454407 -111.90674901008606 -237.9483461380005
v -291.3128614425659 -99.91622865200043 -236.91251277923584
v -300.5627632141113 -87.7833902835846 -236.58878803253174
v -308.95349979400635 -75.49535930156708 -237.0398461818695
v -316.48610830307007 -63.01867067813873 -238.28882575035095
v -323.14242124557495 -50.30723959207535 -240.31902551651
v -328.88413667678833 -37.311869859695435 -243.07710528373718
v -333.6552143096924 -23.98839443922043 -246.47921919822693
v -337.3844861984253 -10.305770114064217 -250.41589736938477
v -339.9914860725403 3.747943416237831 -254.76166605949402
v -341.2829875946045 18.15204955637455 -259.1392457485199
v -341.09816551208496 32.82746225595474 -263.23288679122925
v -339.42164182662964 47.679322957992554 -267.0336127281189
v -336.2611770629883 62.61507421731949 -270.56583166122437
v -331.64334297180176 77.55011916160583 -273.8796830177307
v -325.6070137023926 92.41068363189697 -277.0391643047333
v -318.19807291030884 107.134348154068 -280.1140487194061
v -309.4657301902771 121.66867554187775 -283.17335844039917
v -299.45799708366394 135.96805930137634 -286.2766921520233
v -288.22014927864075 149.99075531959534 -289.4717037677765
v -275.793993473053 163.69396448135376 -292.7898108959198
v -262.2174024581909 177.0316243171692 -296.2455153465271
v -247.52622842788696 189.95041251182556 -299.8354911804199
v -231.75596594810486 202.3883879184723 -303.540301322937
v -214.94391560554504 214.27361369132996 -307.3254346847534
v -197.13106155395508 225.52444338798523 -311.1431837081909
v -178.3655047416687 236.04952096939087 -314.934504032135
v -158.70321393013 245.74944376945496 -318.63062381744385
v -138.21002840995789 254.51756715774536 -322.15336561203003
v -116.96351766586304 262.2419536113739 -325.4160404205322
v -95.05336582660675 268.8072681427002 -328.3237338066101
v -72.58311063051224 274.0960657596588 -330.7722330093384
v -49.671345949172974 277.9915988445282 -332.6485276222229
v -26.451656967401505 280.38039207458496 -333.83041620254517
v -3.0731909908354282 281.15601539611816 -334.18790102005005
v 20.317650586366653 280.661416053772 -334.27062034606934
v 43.63794922828674 279.26722168922424 -334.65850353240967
v 66.81374609470367 276.91810727119446 -335.2633237838745
v 89.76189494132996 273.56393337249756 -336.00075244903564
v 112.39124536514282 269.16282176971436 -336.79171800613403
v 134.60421860218048 263.6837303638458 -337.564480304718
v 156.29868507385254 257.1086883544922 -338.2555603981018
v 177.3699939250946 249.43390488624573 -338.8107419013977
v 197.71319031715393 240.67077040672302 -339.18575048446655
v 217.22549200057983 230.84514141082764 -339.34582471847534
v 235.8067810535431 219.99701857566833 -339.2651438713074
v 253.36246490478516 208.17893743515015 -338.925576210022
v 269.8038697242737 195.45421600341797 -338.3154273033142
v 285.0488841533661 181.89545273780823 -337.4274015426636
v 299.0230321884155 167.5825595855713 -336.25760078430176
v 311.65863275527954 152.60131359100342 -334.8028779029846
v 322.8958010673523 137.0431423187256 -333.06180238723755
v 332.6826810836792 121.00318372249603 -331.03283643722534
v 340.97639322280884 104.58024144172668 -328.71673107147217
v 347.7428913116455 87.87596225738525 -326.1153817176819
v 352.9595375061035 70.99433094263077 -323.23694229125977
v 356.61585330963135 54.03982847929001 -320.0971484184265
v 358.71502161026 37.116021662950516 -316.7222857475281
v 359.27674770355225 20.32165378332138 -313.15516233444214
v 389.15584087371826 3.747923579066992 -295.1723098754883
v 386.0430836677551 -13.891396299004555 -290.58440923690796
v 380.88011741638184 -30.945327132940292 -284.9447786808014
v 373.8890290260315 -47.2520112991333 -278.5913050174713
v 365.2861475944519 -62.71200031042099 -271.83260321617126
v 355.2708864212036 -77.27893888950348 -264.93701934814453
v 344.01869773864746 -90.94818234443665 -258.1271231174469
v 331.678569316864 -103.74480485916138 -251.57897472381592
v 318.37191581726074 -115.71236550807953 -245.4236626625061
v 304.19626235961914 -126.9039899110794 -239.75375890731812
v 289.2284095287323 -137.37535178661346 -234.62963104248047
v 273.52890372276306 -147.18035459518433 -230.08686304092407
v 257.1471691131592 -156.36890530586243 -226.14464163780212
v 240.1250660419464 -164.9869680404663 -222.81299829483032
v 222.49916195869446 -173.07593822479248 -220.09634971618652
v 204.30314540863037 -180.67376017570496 -217.99871921539307
v 185.56811213493347 -187.8146767616272 -216.52414798736572
v 166.32283329963684 -194.52833533287048 -215.67689180374146
v 146.59375548362732 -200.83833932876587 -215.46013355255127
v 126.40512585639954 -206.75999522209167 -215.87353348731995
v 105.77921569347382 -212.29748725891113 -216.91033244132996
v 84.73767042160034 -217.44112372398376 -218.55475902557373
v 63.30287307500839 -222.16519117355347 -220.77938318252563
v 41.50058627128601 -226.42725706100464 -223.5446333885193
v 19.362131506204605 -230.16842007637024 -226.79836750030518
v -3.07321110740304 -233.31604599952698 -230.47816157341003
v -25.748102366924286 -235.6086552143097 -234.2685878276825
v -48.55739772319794 -236.72168254852295 -237.76461482048035
v -71.36332243680954 -236.49900555610657 -240.77718257904053
v -94.00750994682312 -234.81978178024292 -243.14357042312622
v -116.31807088851929 -231.609445810318 -244.73812580108643
v -138.1192982196808 -226.84927582740784 -245.48392295837402
v -159.2419445514679 -220.57669758796692 -245.35548090934753
v -179.5326590538025 -212.8829061985016 -244.38117742538452
v -198.8634467124939 -203.9072871208191 -242.64410734176636
v -217.13760495185852 -193.82427334785461 -240.27496576309204
v -234.294193983078 -182.83011317253113 -237.44518160820007
v -250.30784010887146 -171.12740278244019 -234.3567967414856
v -265.1870369911194 -158.909010887146 -231.22987747192383
v -278.9671719074249 -146.3434338569641 -228.2875657081604
v -291.7029082775116 -133.56422781944275 -225.7439374923706
v -303.4575819969177 -120.66193521022797 -223.78912568092346
v -314.2927050590515 -107.68155455589294 -222.57855534553528
v -324.2576837539673 -94.62441802024841 -222.2237527370453
v -333.38109254837036 -81.45489692687988 -222.7862298488617
v -341.664183139801 -68.11016499996185 -224.275141954422
v -349.07809495925903 -54.51242923736572 -226.6482710838318
v -355.5632472038269 -40.58299362659454 -229.81674671173096
v -361.0335946083069 -26.254362612962723 -233.65237712860107
v -365.38166999816895 -11.48194670677185 -237.99737691879272
v -368.487811088562 3.7479450926184654 -242.67600774765015
v -370.1024293899536 19.40212994813919 -247.25775718688965
v -370.0339078903198 35.374487936496735 -251.4129638671875
v -368.27359199523926 51.542557775974274 -255.14915585517883
v -364.8436188697815 67.79110729694366 -258.51463079452515
v -359.78933572769165 84.01923179626465 -261.58597469329834
v -353.170645236969 100.1440018415451 -264.4556701183319
v -345.05406618118286 116.10032021999359 -267.2204911708832
v -335.5064392089844 131.83788657188416 -269.97225880622864
v -324.5901346206665 147.31654822826385 -272.7896511554718
v -312.36008405685425 162.50073909759521 -275.7330358028412
v -298.86345863342285 177.35313177108765 -278.84121537208557
v -284.13974046707153 191.83037281036377 -282.13053345680237
v -268.223637342453 205.87822794914246 -285.59505343437195
v -251.14794373512268 219.43005323410034 -289.20952677726746
v -232.94700980186462 232.40532875061035 -292.93171763420105
v -213.65970969200134 244.71087455749512 -296.7060327529907
v -193.33341121673584 256.24127984046936 -300.4654884338379
v -172.02535271644592 266.8818175792694 -304.1351795196533
v -149.80514645576477 276.5101432800293 -307.6324224472046
v -126.75604820251465 284.9979758262634 -310.8675956726074
v -102.97569036483765 292.21365451812744 -313.7434959411621
v -78.5776823759079 298.02326560020447 -316.1545515060425
v -53.6927729845047 302.29225158691406 -317.984676361084
v -28.469114005565643 304.88855838775635 -319.1069483757019
v -3.0731904320418835 305.68546056747437 -319.38300132751465
v 22.33145758509636 305.08668422698975 -319.37899589538574
v 47.65651077032089 303.5353660583496 -319.70179080963135
v 72.82498776912689 300.97010135650635 -320.2658772468567
v 97.7495938539505 297.3341166973114 -320.9883213043213
v 122.33380079269409 292.57843494415283 -321.79073095321655
v 146.47333323955536 286.6649329662323 -322.6000785827637
v 170.05829215049744 279.5691132545471 -323.3512043952942
v 192.97531843185425 271.28201723098755 -323.98749589920044
v 215.10985493659973 261.8111550807953 -324.4615316390991
v 236.34910583496094 251.18009448051453 -324.7352600097656
v 256.5827250480652 239.42858576774597 -324.7790336608887
v 275.705623626709 226.6103982925415 -324.570894241333
v 293.6187207698822 212.7918004989624 -324.0946054458618
v 310.22969484329224 198.04987907409668 -323.3383297920227
v 325.4536986351013 182.4701964855194 -322.29233980178833
v 339.2132878303528 166.146057844162 -320.9483027458191
v 351.43868923187256 149.17746484279633 -319.29813623428345
v 362.06910610198975 131.67023062705994 -317.33458042144775
v 371.0533618927002 113.7351393699646 -315.0519847869873
v 378.3510446548462 95.48791944980621 -312.44784593582153
v 383.9347243309021 77.04801857471466 -309.5262050628662
v 387.7918481826782 58.53639096021652 -306.30033016204834
v 389.92778062820435 40.07396847009659 -302.7986526489258
v 390.36691188812256 21.77582010626793 -299.06623363494873
v 417.96165704727173 3.747923579066992 -278.73989939689636
v 414.31167125701904 -15.16319364309311 -273.8786458969116
v 408.38420391082764 -33.37615057826042 -267.8853929042816
v 400.4755139350891 -50.71044713258743 -261.17010712623596
v 390.8653736114502 -67.06856936216354 -254.0981411933899
v 379.80079650878906 -82.42013454437256 -246.97542786598206
v 367.49056577682495 -96.78474068641663 -240.04669189453125
v 354.10205125808716 -110.21411418914795 -233.49446654319763
v 339.7619605064392 -122.7756142616272 -227.4421513080597
v 324.5641350746155 -134.54100787639618 -221.96558117866516
v 308.5755944252014 -145.57766318321228 -217.10203886032104
v 291.8456196784973 -155.94568848609924 -212.86368370056152
v 274.4117259979248 -165.69562554359436 -209.24590229988098
v 256.306529045105 -174.87176656723022 -206.23921751976013
v 237.56051659584045 -183.51330757141113 -203.83434891700745
v 218.20419430732727 -191.65749549865723 -202.02729105949402
v 198.26815724372864 -199.34037923812866 -200.8203685283661
v 177.7820348739624 -206.59654140472412 -200.22128820419312
v 156.77345395088196 -213.4570598602295 -200.24072527885437
v 135.26718020439148 -219.94587779045105 -200.888192653656
v 113.28435838222504 -226.07545852661133 -202.16728448867798
v 90.84389805793762 -231.8416178226471 -204.07129526138306
v 67.96382814645767 -237.21933960914612 -206.57862424850464
v 44.66484636068344 -242.16007590293884 -209.6506118774414
v 20.973629504442215 -246.59085273742676 -213.23003768920898
v -3.0732122249901295 -250.41623711585999 -217.24215745925903
v -27.418045699596405 -253.35817337036133 -221.39861583709717
v -51.95075869560242 -255.04517555236816 -225.2964198589325
v -76.51812136173248 -255.25140166282654 -228.69320511817932
v -100.9367287158966 -253.79934310913086 -231.38129711151123
v -125.0031441450119 -250.57520270347595 -233.20053219795227
v -148.5069215297699 -245.53967714309692 -234.04920101165771
v -171.24484777450562 -238.73029947280884 -233.88937711715698
v -193.03418397903442 -230.2582025527954 -232.7495813369751
v -213.7248694896698 -220.2984094619751 -230.7230830192566
v -233.20879340171814 -209.07504558563232 -227.9631793498993
v -251.42494440078735 -196.84104323387146 -224.6720016002655
v -268.3598577976227 -183.85782837867737 -221.08942866325378
v -284.0445935726166 -170.3727900981903 -217.476886510849
v -298.5451340675354 -156.59934282302856 -214.09912705421448
v -311.9513154029846 -142.70190596580505 -211.20817065238953
v -324.361789226532 -128.78517508506775 -209.02506709098816
v -335.86950302124023 -114.89146649837494 -207.72691369056702
v -346.5468764305115 -101.00341737270355 -207.4342668056488
v -356.43389225006104 -87.05440163612366 -208.20454359054565
v -365.5292272567749 -72.94272780418396 -210.02848148345947
v -373.7871050834656 -58.5498109459877 -212.83271312713623
v -381.11661672592163 -43.75987350940704 -216.48473739624023
v -387.3892307281494 -28.477925062179565 -220.80466747283936
v -392.44658946990967 -12.645559385418892 -225.57637095451355
v -396.1148142814636 3.7479467689990997 -230.56440353393555
v -398.08809757232666 20.648501068353653 -235.304456949234
v -398.1547951698303 37.916623055934906 -239.4791543483734
v -396.31558656692505 55.39763867855072 -243.1132972240448
v -392.61056184768677 72.95013517141342 -246.27816081047058
v -387.1088147163391 90.45524597167969 -249.07751083374023
v -379.8954248428345 107.82043933868408 -251.63075923919678
v -371.0611939430237 124.97865557670593 -254.06017899513245
v -360.6940984725952 141.88364446163177 -256.4797103404999
v -348.87256622314453 158.502459526062 -258.9847147464752
v -335.66179275512695 174.80751872062683 -261.64618134498596
v -321.1137056350708 190.76719880104065 -264.5069181919098
v -305.2680015563965 206.34035468101501 -267.5818741321564
v -288.1565988063812 221.47008776664734 -270.85917592048645
v -269.8081076145172 236.0820472240448 -274.304723739624
v -250.2528727054596 250.08373260498047 -277.8660535812378
v -229.52740788459778 263.36719393730164 -281.4781129360199
v -207.67934918403625 275.8108913898468 -285.06706953048706
v -184.7689390182495 287.28407621383667 -288.55347633361816
v -160.87151169776917 297.64959812164307 -291.85402393341064
v -136.07857525348663 306.7664623260498 -294.8817014694214
v -110.49778461456299 314.49193954467773 -297.5449740886688
v -84.25416648387909 320.68265676498413 -299.74522590637207
v -57.491058111190796 325.19495487213135 -301.37414932250977
v -30.370205640792847 327.8866410255432 -302.3110270500183
v -3.073190152645111 328.61849069595337 -302.4206757545471
v 24.22180250287056 327.84072160720825 -302.2556662559509
v 51.421040296554565 326.0562300682068 -302.4199962615967
v 78.44527959823608 323.20847511291504 -302.84303426742554
v 105.20524084568024 319.2427396774292 -303.45375537872314
v 131.60220086574554 314.1088843345642 -304.18224334716797
v 157.52894282341003 307.765531539917 -304.9609422683716
v 182.8715980052948 300.18306970596313 -305.7270884513855
v 207.51155018806458 291.3461208343506 -306.423819065094
v 231.32759928703308 281.2554717063904 -307.000994682312
v 254.1989028453827 269.9279844760895 -307.4154496192932
v 276.00547671318054 257.39747285842896 -307.6309561729431
v 296.6315746307373 243.7127709388733 -307.6171875
v 315.96611738204956 228.93716096878052 -307.34835863113403
v 333.9037299156189 213.1465494632721 -306.8020820617676
v 350.3461718559265 196.42796516418457 -305.9579372406006
v 365.201997756958 178.8788616657257 -304.79639768600464
v 378.38802337646484 160.60672402381897 -303.29926013946533
v 389.83057737350464 141.72792434692383 -301.449716091156
v 399.4676470756531 122.36718535423279 -299.2346405982971
v 407.2504162788391 102.65726745128632 -296.64645195007324
v 413.14680576324463 82.73710012435913 -293.6875641345978
v 417.14404821395874 62.74850517511368 -290.3732478618622
v 419.2516565322876 42.83321499824524 -286.73656582832336
v 419.50374841690063 23.125650733709335 -282.8316628932953
v 444.51634883880615 3.747923579066992 -260.3437006473541
v 440.2594327926636 -16.302843019366264 -255.2271008491516
v 433.5062026977539 -35.529667139053345 -248.93063306808472
v 424.6431827545166 -53.73782962560654 -241.93729162216187
v 414.02313709259033 -70.83971947431564 -234.66614484786987
v 401.94804668426514 -86.83152794837952 -227.46017575263977
v 388.6590242385864 -101.76660418510437 -220.57955861091614
v 374.3363857269287 -115.73013961315155 -214.2043948173523
v 359.10472869873047 -128.81750464439392 -208.44297409057617
v 343.0450916290283 -141.11961722373962 -203.34659814834595
v 326.20489597320557 -152.71251797676086 -198.92175793647766
v 308.61260890960693 -163.6555552482605 -195.1483190059662
v 290.28781056404114 -173.99307489395142 -191.993647813797
v 271.24916911125183 -183.75940918922424 -189.42444920539856
v 251.51912569999695 -192.98443794250488 -187.41517066955566
v 231.12516403198242 -201.69904232025146 -185.95300912857056
v 210.0992202758789 -209.93785858154297 -185.0391447544098
v 188.4746253490448 -217.73951053619385 -184.68650579452515
v 166.28329753875732 -225.14362335205078 -184.91545915603638
v 143.5533106327057 -232.18572735786438 -185.74817776679993
v 120.30707001686096 -238.89012336730957 -187.20150589942932
v 96.56216204166412 -245.26265859603882 -189.28109407424927
v 72.33276218175888 -251.28251910209656 -191.97415709495544
v 47.63428419828415 -256.897634267807 -195.24598717689514
v 22.487926483154297 -262.02115416526794 -199.0363597869873
v -3.073213342577219 -266.5326118469238 -203.2596230506897
v -28.992444276809692 -270.15323638916016 -207.6696217060089
v -55.15798330307007 -272.47164845466614 -211.8783473968506
v -81.40279948711395 -273.1768727302551 -215.5902922153473
v -107.51793086528778 -272.0217525959015 -218.55295300483704
v -133.2660287618637 -268.84249448776245 -220.57034969329834
v -158.3987295627594 -263.5730266571045 -221.5158998966217
v -182.67493844032288 -256.2465727329254 -221.33649587631226
v -205.87919354438782 -246.9943642616272 -220.05836963653564
v -227.8369903564453 -236.0306203365326 -217.78264045715332
v -248.42766523361206 -223.63486289978027 -214.68143463134766
v -267.59195923805237 -210.12573838233948 -210.9862983226776
v -285.33164262771606 -195.83237171173096 -206.9721758365631
v -301.70581340789795 -181.06505870819092 -202.93958187103271
v -316.8182373046875 -166.08917713165283 -199.19353723526
v -330.80198764801025 -151.1043906211853 -196.0230052471161
v -343.79918575286865 -136.23091578483582 -193.6798095703125
v -355.940580368042 -121.5053379535675 -192.36107468605042
v -367.3262357711792 -106.88580572605133 -192.1956717967987
v -378.0084729194641 -92.26600527763367 -193.235045671463
v -387.98128366470337 -77.49562561511993 -195.44988870620728
v -397.1751093864441 -62.40541487932205 -198.73226881027222
v -405.45780658721924 -46.83455228805542 -202.90315747261047
v -412.64365911483765 -30.65534457564354 -207.72439241409302
v -418.50764751434326 -13.795388862490654 -212.91627287864685
v -422.8044033050537 3.747948445379734 -218.1766927242279
v -425.1756191253662 21.89059406518936 -223.0290412902832
v -425.4049301147461 40.45420289039612 -227.19368934631348
v -423.503315448761 59.24803465604782 -230.70972561836243
v -419.5314645767212 78.10159027576447 -233.66907835006714
v -413.58439922332764 96.87576591968536 -236.19770407676697
v -405.7763457298279 115.4677301645279 -238.43960165977478
v -396.22596502304077 133.80911350250244 -240.54009318351746
v -385.04483699798584 151.8586277961731 -242.63216257095337
v -372.3288416862488 169.59171295166016 -244.8247790336609
v -358.1536889076233 186.98930740356445 -247.19663858413696
v -342.5753116607666 204.02525067329407 -249.7916579246521
v -325.6319046020508 220.65837979316711 -252.61967182159424
v -307.35093355178833 236.82568073272705 -255.65977692604065
v -287.7550721168518 252.44053602218628 -258.86587500572205
v -266.87042713165283 267.39370822906494 -262.17366456985474
v -244.73167061805725 281.55797123908997 -265.5077934265137
v -221.3885486125946 294.7926878929138 -268.7877058982849
v -196.90720438957214 306.9502830505371 -271.93204164505005
v -171.37244939804077 317.88082122802734 -274.860942363739
v -144.88783478736877 327.43592262268066 -277.4962306022644
v -117.57424771785736 335.46992540359497 -279.75935339927673
v -89.5705372095108 341.8409585952759 -281.56887888908386
v -61.03318780660629 346.40893936157227 -282.83488154411316
v -32.136350870132446 349.03557300567627 -283.4557056427002
v -3.0731898732483387 349.583637714386 -283.3130478858948
v 25.967426598072052 348.5235929489136 -282.9122006893158
v 54.885926842689514 346.39638662338257 -282.8215777873993
v 83.60145092010498 343.16715002059937 -282.99939036369324
v 112.02571392059326 338.796329498291 -283.3981454372406
v 140.06240665912628 333.24376344680786 -283.96652340888977
v 167.60694980621338 326.470685005188 -284.6496284008026
v 194.54746842384338 318.4453010559082 -285.3926181793213
v 220.76536417007446 309.1444730758667 -286.14048957824707
v 246.13725543022156 298.55797290802 -286.84083223342896
v 270.537132024765 286.68869733810425 -287.4435245990753
v 293.8364803791046 273.5555648803711 -287.9013776779175
v 315.9078598022461 259.1930687427521 -288.1703317165375
v 336.6254925727844 243.65152716636658 -288.2084906101227
v 355.86665868759155 226.99708342552185 -287.9758358001709
v 373.5137701034546 209.31113362312317 -287.43388652801514
v 389.45528268814087 190.6907021999359 -286.54578924179077
v 403.58787775039673 171.24854922294617 -285.27735471725464
v 415.81950187683105 151.11238360404968 -283.59864950180054
v 426.07312202453613 130.42429983615875 -281.4875543117523
v 434.28951501846313 109.33933854103088 -278.932249546051
v 440.4320240020752 88.02218735218048 -275.9357750415802
v 444.49042081832886 66.64213389158249 -272.5201606750488
v 446.4841961860657 45.36762535572052 -268.7305748462677
v 446.4647054672241 24.356359988451004 -264.63813185691833
v 468.6311602592468 3.747923579066992 -240.24771451950073
v 463.6873483657837 -17.297346889972687 -234.90335941314697
v 456.0409426689148 -37.37861439585686 -228.36381196975708
v 446.1856484413147 -56.29255324602127 -221.18234038352966
v 434.5595955848694 -73.97153377532959 -213.82936835289001
v 421.523916721344 -90.44968485832214 -206.67868852615356
v 407.35158920288086 -105.82494735717773 -200.00016689300537
v 392.23058223724365 -120.22460103034973 -193.96621584892273
v 376.2736916542053 -133.7762027978897 -188.6625051498413
v 359.53731536865234 -146.58943712711334 -184.1083824634552
v 342.03819036483765 -158.74464511871338 -180.2734673023224
v 323.773992061615 -170.29364705085754 -177.10084319114685
v 304.73839044570923 -181.26500844955444 -174.5252251625061
v 284.9314033985138 -191.67385697364807 -172.48701453208923
v 264.36524391174316 -201.53265595436096 -170.9432601928711
v 243.06517839431763 -210.85975170135498 -169.87245082855225
v 221.066415309906 -219.68441605567932 -169.27496194839478
v 198.40916991233826 -228.04786562919617 -169.16980147361755
v 175.13329982757568 -235.9991490840912 -169.58854794502258
v 151.2733519077301 -243.58747601509094 -170.5668032169342
v 126.85573697090149 -250.85265040397644 -172.13627099990845
v 101.89848840236664 -257.8134298324585 -174.31567311286926
v 76.41310393810272 -264.45679664611816 -177.10282802581787
v 50.40990114212036 -270.7286238670349 -180.468088388443
v 23.90463352203369 -276.52848958969116 -184.35010313987732
v -3.0732144601643085 -281.707763671875 -188.6532425880432
v -30.46857789158821 -286.00995540618896 -193.18894743919373
v -58.171865344047546 -288.9969527721405 -197.59976863861084
v -86.00483536720276 -290.25800228118896 -201.54080986976624
v -113.73317241668701 -289.4626557826996 -204.71675992012024
v -141.08432829380035 -286.3871455192566 -206.89846873283386
v -167.76902675628662 -280.9292256832123 -207.93301463127136
v -193.50510835647583 -273.1135904788971 -207.75139331817627
v -218.04054379463196 -263.08913826942444 -206.37359619140625
v -241.17377400398254 -251.11132264137268 -203.90505194664001
v -262.7702236175537 -237.51955032348633 -200.53178071975708
v -282.77220726013184 -222.70461916923523 -196.50816321372986
v -301.1994481086731 -207.07168579101562 -192.13932752609253
v -318.14414262771606 -191.00355505943298 -187.76115775108337
v -333.75481367111206 -174.8251497745514 -183.71511697769165
v -348.21531772613525 -158.7765097618103 -180.3239107131958
v -361.7195248603821 -142.9954558610916 -177.86802649497986
v -374.4433879852295 -127.51159071922302 -176.56395435333252
v -386.5195870399475 -112.25362122058868 -176.54861211776733
v -398.01557064056396 -97.0678836107254 -177.86797285079956
v -408.9190363883972 -81.74590766429901 -180.4734170436859
v -419.13095712661743 -66.05784595012665 -184.22330617904663
v -428.46808433532715 -49.78926032781601 -188.89222741127014
v -436.6742134094238 -32.77424052357674 -194.18424367904663
v -443.44046115875244 -14.92515429854393 -199.75415468215942
v -448.431658744812 3.7479501217603683 -205.23081421852112
v -451.2437582015991 23.122398555278778 -210.14617681503296
v -451.6731262207031 42.976923286914825 -214.2780840396881
v -449.7398257255554 63.08194398880005 -217.6747441291809
v -445.5246090888977 83.23490023612976 -220.44167518615723
v -439.15032148361206 103.2743364572525 -222.72237539291382
v -430.76251745224 123.08582961559296 -224.67997670173645
v -420.5102562904358 142.59923100471497 -226.47834420204163
v -408.5309386253357 161.7785632610321 -228.265643119812
v -394.93939876556396 180.6083858013153 -230.16201853752136
v -379.8221468925476 199.0779161453247 -232.25054740905762
v -363.2381200790405 217.16501712799072 -234.57344770431519
v -345.2224016189575 234.8254680633545 -237.13277578353882
v -325.7957339286804 251.98543667793274 -239.89588022232056
v -304.97403144836426 268.53997707366943 -242.80260801315308
v -282.7786445617676 284.35689210891724 -245.77533602714539
v -259.24370884895325 299.2842972278595 -248.72807264328003
v -234.42386984825134 313.15863132476807 -251.57448649406433
v -208.39528441429138 325.81472396850586 -254.2335033416748
v -181.2571942806244 337.0931625366211 -256.6329538822174
v -153.13003063201904 346.84431552886963 -258.7087154388428
v -124.15251731872559 354.9307107925415 -260.4027450084686
v -94.48011517524719 361.225426197052 -261.6585910320282
v -64.2836406826973 365.6095862388611 -262.4160826206207
v -33.74793156981468 367.9677128791809 -262.60419487953186
v -3.0731895938515663 368.1845784187317 -262.1360242366791
v 27.546346932649612 366.7141556739807 -261.4356458187103
v 58.00427198410034 364.1030430793762 -261.00332736968994
v 88.21850717067719 360.3608250617981 -260.8397305011749
v 118.10547709465027 355.48346042633057 -260.93371510505676
v 147.57726788520813 349.45428371429443 -261.2619638442993
v 176.53961777687073 342.2477602958679 -261.79100275039673
v 204.89049553871155 333.8334918022156 -262.47886419296265
v 232.51896500587463 324.17982816696167 -263.2758915424347
v 259.3055069446564 313.25926780700684 -264.1274929046631
v 285.1230025291443 301.0518550872803 -264.97485637664795
v 309.835946559906 287.5491499900818 -265.75607657432556
v 333.3040237426758 272.7574825286865 -266.4074778556824
v 355.3824305534363 256.7005455493927 -266.8639361858368
v 375.9248614311218 239.422345161438 -267.0603275299072
v 394.7861909866333 220.9886133670807 -266.9324040412903
v 411.8253707885742 201.48932933807373 -266.4189040660858
v 426.9099712371826 181.0397207736969 -265.46403765678406
v 439.92161750793457 159.78001356124878 -264.02072310447693
v 450.7620692253113 137.87426948547363 -262.0557904243469
v 459.35869216918945 115.50731062889099 -259.5535933971405
v 465.67100286483765 92.87885427474976 -256.5214812755585
v 469.69592571258545 70.195072889328 -252.99373269081116
v 471.4711546897888 47.659121453762054 -249.03548955917358
v 471.07622623443604 25.457245856523514 -244.74356174468994
v 490.17845392227173 3.747923579066992 -218.77706050872803
v 484.46030616760254 -18.139149248600006 -213.24981451034546
v 475.84776878356934 -38.90673369169235 -206.5415918827057
v 464.96007442474365 -58.349306881427765 -199.27015900611877
v 452.33373641967773 -76.4304131269455 -191.9522523880005
v 438.3930444717407 -93.23425590991974 -184.98437404632568
v 423.44316244125366 -108.91583561897278 -178.64230871200562
v 407.67245292663574 -123.65309000015259 -173.08436036109924
v 391.1718964576721 -137.610724568367 -168.36968064308167
v 373.96016120910645 -150.91627836227417 -164.48022723197937
v 356.01121187210083 -163.65020871162415 -161.34610176086426
v 337.28095293045044 -175.84860920906067 -158.871191740036
v 317.72865056991577 -187.51448392868042 -156.9557011127472
v 297.33091592788696 -198.6344575881958 -155.5140495300293
v 276.0877847671509 -209.19485092163086 -154.48572635650635
v 254.02234196662903 -219.19485926628113 -153.840833902359
v 231.17550015449524 -228.6545991897583 -153.57967615127563
v 207.5975239276886 -237.6161277294159 -153.7276268005371
v 183.33937525749207 -246.13775610923767 -154.32681441307068
v 158.44541788101196 -254.28412556648254 -155.42621612548828
v 132.94853568077087 -262.1120095252991 -157.0711076259613
v 106.86923861503601 -269.65534687042236 -159.2925488948822
v 80.21755814552307 -276.9090950489044 -162.09737062454224
v 52.999868988990784 -283.8177502155304 -165.46116471290588
v 25.227268785238266 -290.26522636413574 -169.3212926387787
v -3.0732152983546257 -296.07219099998474 -173.5740065574646
v -31.847859174013138 -301.0329008102417 -178.10155749320984
v -60.993535816669464 -304.7062039375305 -182.59565234184265
v -90.3241753578186 -306.5662622451782 -186.66806817054749
v -119.58158612251282 -306.1878204345703 -189.98762369155884
v -148.4571486711502 -303.274405002594 -192.29364395141602
v -176.61902904510498 -297.6800858974457 -193.40994358062744
v -203.74081134796143 -289.41394686698914 -193.25010180473328
v -229.53009009361267 -278.637170791626 -191.82345271110535
v -253.75472903251648 -265.6458020210266 -189.23413753509521
v -276.2637734413147 -250.8418321609497 -185.6755793094635
v -297.000253200531 -234.69337821006775 -181.4173400402069
v -316.00306034088135 -217.68956780433655 -176.78706049919128
v -333.40065479278564 -200.2932608127594 -172.14766144752502
v -349.39184188842773 -182.89749026298523 -167.8707718849182
v -364.21895027160645 -165.78968167304993 -164.30835127830505
v -378.1348943710327 -149.1287112236023 -161.7652952671051
v -391.36884212493896 -132.93826282024384 -160.47654747962952
v -404.0925621986389 -117.11472272872925 -160.58726906776428
v -416.39260053634644 -101.45142674446106 -162.14078664779663
v -428.2506465911865 -85.6735110282898 -165.07263779640198
v -439.53566551208496 -69.48160082101822 -169.2130744457245
v -450.00447034835815 -52.59869992733002 -174.29471611976624
v -459.3194603919983 -34.814608097076416 -179.97059226036072
v -467.0715808868408 -16.02383852005005 -185.83391904830933
v -472.8174090385437 3.7479515187442303 -191.44742488861084
v -476.115345954895 24.332577735185623 -196.36890292167664
v -476.79158449172974 45.46363055706024 -200.44502019882202
v -474.8703360557556 66.87082797288895 -203.7248969078064
v -470.44994831085205 88.31680119037628 -206.31970167160034
v -463.68112564086914 109.61523950099945 -208.3837330341339
v -454.7414302825928 130.63790202140808 -210.09231805801392
v -443.8126802444458 151.31185054779053 -211.62285804748535
v -431.0604929924011 171.60646319389343 -213.1353735923767
v -416.62023067474365 191.51523113250732 -214.75748419761658
v -400.5894899368286 211.035418510437 -216.57466292381287
v -383.0293536186218 230.14681935310364 -218.62499713897705
v -363.9700770378113 248.79870414733887 -220.90135216712952
v -343.4241056442261 266.9005215167999 -223.35745096206665
v -321.3990569114685 284.32252407073975 -225.91845989227295
v -297.9114532470703 300.90240240097046 -228.49280834197998
v -272.9966998100281 316.45710468292236 -230.98424077033997
v -246.71761393547058 330.7964086532593 -233.30181241035461
v -219.165301322937 343.73713731765747 -235.36734580993652
v -190.45883417129517 355.1129221916199 -237.1187925338745
v -160.7415497303009 364.7811770439148 -238.51062655448914
v -130.17495274543762 372.62420654296875 -239.51021432876587
v -98.93483519554138 378.5475254058838 -240.0936484336853
v -67.2073021531105 382.4722409248352 -240.23714661598206
v -35.186147689819336 384.3289375305176 -239.9108648300171
v -3.073189314454794 384.04855728149414 -239.07034993171692
v 28.938192129135132 382.02245235443115 -238.0301535129547
v 60.7329323887825 378.76049280166626 -237.1924638748169
v 92.22773909568787 374.3465781211853 -236.6132140159607
v 123.34781885147095 368.83649826049805 -236.32771968841553
v 154.02095317840576 362.25643157958984 -236.35019659996033
v 184.17234420776367 354.6064853668213 -236.6756021976471
v 213.71970176696777 345.86387872695923 -237.2802436351776
v 242.56950616836548 335.988450050354 -238.123619556427
v 270.6139147281647 324.92923736572266 -239.1501545906067
v 297.73001074790955 312.63095140457153 -240.29096961021423
v 323.7774968147278 299.0432024002075 -241.46654605865479
v 348.6015558242798 284.1267228126526 -242.58883595466614
v 372.03372716903687 267.861270904541 -243.56390833854675
v 393.89562606811523 250.25267601013184 -244.29466724395752
v 414.00418281555176 231.33804202079773 -244.68467831611633
v 432.1773648262024 211.19150519371033 -244.64199542999268
v 448.2419013977051 189.92704153060913 -244.08418536186218
v 462.0425820350647 167.69843101501465 -242.94347763061523
v 473.4520196914673 144.6972817182541 -241.1735236644745
v 482.3802351951599 121.14764750003815 -238.75536918640137
v 488.78341913223267 97.29578197002411 -235.70294380187988
v 492.67133474349976 73.3966514468193 -232.06801414489746
v 494.1102862358093 49.69838708639145 -227.9422402381897
v 493.22168827056885 26.422400772571564 -223.45590591430664
v 509.0988278388977 3.747923579066992 -196.29104733467102
v 502.5166153907776 -18.82690116763115 -190.65071940422058
v 492.86327362060547 -40.11099189519882 -183.87000560760498
v 480.9020161628723 -59.90312397480011 -176.62001252174377
v 467.278790473938 -78.2085657119751 -169.45255994796753
v 452.4898052215576 -95.17550468444824 -162.78330087661743
v 436.86976432800293 -111.02776229381561 -156.88632130622864
v 420.60163021087646 -126.00357234477997 -151.90306305885315
v 403.74276638031006 -140.3088390827179 -147.86252081394196
v 386.2620949745178 -154.0893316268921 -144.70953047275543
v 368.0777907371521 -167.42066144943237 -142.33450591564178
v 349.0932583808899 -180.31570315361023 -140.60333669185638
v 329.2255640029907 -192.74307489395142 -139.3842726945877
v 308.4224224090576 -204.65140342712402 -138.5670304298401
v 286.6695284843445 -215.99292755126953 -138.07564079761505
v 263.9882504940033 -226.74209475517273 -137.87313401699066
v 240.42677879333496 -236.90561056137085 -137.95976042747498
v 216.04798436164856 -246.52469158172607 -138.3668303489685
v 190.91674089431763 -255.66644668579102 -139.14558291435242
v 165.0894284248352 -264.40996527671814 -140.3554379940033
v 138.60770165920258 -272.8298842906952 -142.05280244350433
v 111.49594187736511 -280.9732139110565 -144.27722990512848
v 83.76443088054657 -288.84226083755493 -147.04242646694183
v 55.41701763868332 -296.37640714645386 -150.32653212547302
v 26.462095230817795 -303.44059467315674 -154.0651023387909
v -3.073216136544943 -309.8192095756531 -158.14678072929382
v -33.134881407022476 -315.3935194015503 -162.5353753566742
v -63.63060772418976 -319.7518587112427 -166.9899344444275
v -94.37068998813629 -322.2411632537842 -171.08945846557617
v -125.07529556751251 -322.3296046257019 -174.47487115859985
v -155.40059208869934 -319.63884830474854 -176.86166167259216
v -184.97064113616943 -313.9671564102173 -178.05147171020508
v -213.4124994277954 -305.3006887435913 -177.9412865638733
v -240.38963913917542 -293.80584955215454 -176.52604579925537
v -265.6354486942291 -279.8158586025238 -173.9029884338379
v -288.9786958694458 -263.79438042640686 -170.26414275169373
v -310.3600859642029 -246.288800239563 -165.88371992111206
v -329.8373579978943 -227.8790295124054 -161.1023247241974
v -347.57652282714844 -209.11572575569153 -156.29968643188477
v -363.83020877838135 -190.46809673309326 -151.86776518821716
v -378.90440225601196 -172.2783386707306 -148.17940592765808
v -393.11903715133667 -154.7334372997284 -145.55977284908295
v -406.76372051239014 -137.85426020622253 -144.25902664661407
v -420.0569272041321 -121.50553464889526 -144.43165361881256
v -433.109986782074 -105.42463660240173 -146.12170457839966
v -445.9028363227844 -89.26506042480469 -149.25613403320312
v -458.27146768569946 -72.65017032623291 -153.6454439163208
v -469.909930229187 -55.23262917995453 -158.99198055267334
v -480.3884983062744 -36.75040751695633 -164.90668058395386
v -489.18617963790894 -17.076341807842255 -170.93356847763062
v -495.7353115081787 3.7479531951248646 -176.57931447029114
v -499.5628595352173 25.504879653453827 -181.43824338912964
v -500.5375027656555 47.882527112960815 -185.4259192943573
v -498.6807703971863 70.56892365217209 -188.58456015586853
v -494.10427808761597 93.28944683074951 -191.023188829422
v -486.9832992553711 115.82935452461243 -192.89751648902893
v -477.52851247787476 138.04416060447693 -194.38918232917786
v -465.9562826156616 159.8565638065338 -195.68359851837158
v -452.4633049964905 181.24088644981384 -196.94865345954895
v -437.2074007987976 202.1997570991516 -198.31700921058655
v -420.2981472015381 222.7377712726593 -199.87428188323975
v -401.79827213287354 242.83536672592163 -201.6538381576538
v -381.7315936088562 262.43138909339905 -203.63840460777283
v -360.1003646850586 281.4134359359741 -205.76856136322021
v -336.9025468826294 299.6197700500488 -207.95486569404602
v -312.14979887008667 316.8503165245056 -210.09272933006287
v -285.8804941177368 332.88516998291016 -212.07699179649353
v -258.1689119338989 347.50285148620605 -213.81350755691528
v -229.12597060203552 360.50119400024414 -215.22862315177917
v -198.89659881591797 371.7108964920044 -216.27278923988342
v -167.65281558036804 381.0041069984436 -216.92091822624207
v -135.58414578437805 388.2957100868225 -217.16864705085754
v -102.89011895656586 393.5392141342163 -217.0265793800354
v -69.77358609437943 396.7174530029297 -216.5122389793396
v -36.435357481241226 397.8307843208313 -215.64180850982666
v -3.073189314454794 396.8832850456238 -214.42059874534607
v 30.126909166574478 394.1508650779724 -213.03403973579407
v 63.038478791713715 390.05709886550903 -211.76437139511108
v 95.57628035545349 384.7943902015686 -210.73039770126343
v 127.67837047576904 378.50661277770996 -210.0208282470703
v 159.2961072921753 371.2859630584717 -209.69411730766296
v 190.38437604904175 363.17371129989624 -209.7789466381073
v 220.89189291000366 354.1624188423157 -210.2741003036499
v 250.75369477272034 344.2051291465759 -211.1520767211914
v 279.8831284046173 333.2205891609192 -212.35790848731995
v 308.16811323165894 321.1066246032715 -213.81356120109558
v 335.4668855667114 307.7539801597595 -215.4212236404419
v 361.60855293273926 293.057656288147 -217.06582903862
v 386.3957405090332 276.9334316253662 -218.62136721611023
v 409.60904359817505 259.33016538619995 -219.95530128479004
v 431.01600408554077 240.241277217865 -220.93509435653687
v 450.38001537323 219.71408128738403 -221.43439650535583
v 467.47323274612427 197.8560447692871 -221.34084105491638
v 482.09155797958374 174.8350739479065 -220.56362628936768
v 494.0691590309143 150.8762240409851 -219.04213428497314
v 503.29281091690063 126.25259757041931 -216.75322651863098
v 509.71587896347046 101.27008259296417 -213.71930837631226
v 513.3658289909363 76.2456089258194 -210.01099348068237
v 514.3488764762878 51.48431360721588 -205.75037598609924
v 512.8451585769653 27.251002192497253 -201.10673904418945
v 525.4023671150208 3.747923579066992 -173.15475940704346
v 517.8730130195618 -19.365951418876648 -167.50359535217285
v 507.1084141731262 -41.00283533334732 -160.77393293380737
v 494.03364658355713 -60.97148805856705 -153.67380380630493
v 479.41814661026 -79.32971119880676 -146.77922129631042
v 463.8342261314392 -96.30160331726074 -140.5137151479721
v 447.646164894104 -112.19151020050049 -135.14495193958282
v 431.02455139160156 -127.30640172958374 -130.79460561275482
v 413.9842629432678 -141.89847707748413 -127.46330201625824
v 396.4326739311218 -156.13190531730652 -125.061696767807
v 378.220009803772 -170.073401927948 -123.44444990158081
v 359.18776988983154 -183.7064802646637 -122.4454253911972
v 339.20284509658813 -196.95746898651123 -121.90572023391724
v 318.17983388900757 -209.72973704338074 -121.69542610645294
v 296.0879623889923 -221.9351828098297 -121.72635197639465
v 272.94641733169556 -233.5184097290039 -121.95615470409393
v 248.81179332733154 -244.47006583213806 -122.38563895225525
v 223.7607479095459 -254.8276126384735 -123.04987013339996
v 197.87372946739197 -264.66577649116516 -124.00676608085632
v 171.22069001197815 -274.0771293640137 -125.32266676425934
v 143.85251104831696 -283.14916491508484 -127.05915570259094
v 115.7991349697113 -291.9404983520508 -129.26118671894073
v 87.0721310377121 -300.4541873931885 -131.94422721862793
v 57.6749324798584 -308.61908197402954 -135.08618474006653
v 27.616086602211 -316.2739634513855 -138.6193335056305
v -3.07321697473526 -323.1592297554016 -142.42495894432068
v -34.3355230987072 -329.28603887557983 -146.5548187494278
v -66.0934567451477 -334.3118906021118 -150.84834694862366
v -98.15844297409058 -337.44810819625854 -154.8665463924408
v -130.23220002651215 -338.04692029953003 -158.23407769203186
v -161.93726062774658 -335.6379747390747 -160.65056920051575
v -192.85399317741394 -329.9562335014343 -161.90219521522522
v -222.560316324234 -320.95102071762085 -161.86814904212952
v -250.6729781627655 -308.7886333465576 -160.5291724205017
v -276.88624262809753 -293.83145570755005 -157.96868205070496
v -301.0032892227173 -276.60008668899536 -154.36790585517883
v -322.9591369628906 -257.72350430488586 -149.99652206897736
v -342.8260803222656 -237.87311911582947 -145.19361555576324
v -360.8071446418762 -217.69453883171082 -140.34361839294434
v -377.2092819213867 -197.740638256073 -135.8461171388626
v -392.4060344696045 -178.4178078174591 -132.08507001399994
v -406.7892551422119 -159.94883179664612 -129.3973982334137
v -420.71675062179565 -142.35877990722656 -128.04484069347382
v -434.4615697860718 -125.48501193523407 -128.19100320339203
v -448.1681227684021 -109.01023149490356 -129.88516688346863
v -461.8204951286316 -92.5139307975769 -133.05340111255646
v -475.22642612457275 -75.53764879703522 -137.49863505363464
v -488.01687955856323 -57.65685439109802 -142.90728271007538
v -499.6676445007324 -38.550737500190735 -148.86601567268372
v -509.536349773407 -18.064219504594803 -154.8856794834137
v -516.9184327125549 3.747954871505499 -160.43370366096497
v -521.3127851486206 26.618575304746628 -165.14554023742676
v -522.6364374160767 50.19175261259079 -168.99608373641968
v -520.8986163139343 74.11343157291412 -172.01342582702637
v -516.2169098854065 98.06875884532928 -174.29593205451965
v -508.7890863418579 121.81131541728973 -175.99421739578247
v -498.8587260246277 145.17732560634613 -177.2895097732544
v -486.6794228553772 168.08356046676636 -178.37010025978088
v -472.4816679954529 190.5089020729065 -179.40759658813477
v -456.448495388031 212.46564388275146 -180.53707480430603
v -438.7031078338623 233.96649956703186 -181.8434178829193
v -419.3094491958618 254.9912989139557 -183.35478901863098
v -398.28364849090576 275.46592354774475 -185.04488468170166
v -375.6157636642456 295.2512204647064 -186.84253692626953
v -351.2925982475281 314.14729356765747 -188.64598274230957
v -325.3206253051758 331.9098472595215 -190.33985137939453
v -297.74202704429626 348.2755422592163 -191.8121874332428
v -268.64578127861023 362.9884958267212 -192.96793341636658
v -238.16667795181274 375.8264422416687 -193.73883605003357
v -206.4806878566742 386.6201162338257 -194.08848881721497
v -173.79380464553833 395.2635884284973 -194.01211738586426
v -140.3280258178711 401.7148733139038 -193.53216290473938
v -106.31003379821777 405.9916019439697 -192.69315004348755
v -71.96042239665985 408.1563949584961 -191.55237078666687
v -37.48532831668854 408.3022356033325 -190.17167687416077
v -3.0731890350580215 406.5330505371094 -188.60802054405212
v 31.103327125310898 402.9520511627197 -186.90887689590454
v 64.90273028612137 397.8480577468872 -185.22836565971375
v 98.23625385761261 391.5555238723755 -183.7482511997223
v 131.05824887752533 384.33666229248047 -182.61183500289917
v 163.35116028785706 376.37418508529663 -181.9234549999237
v 195.1095163822174 367.76729822158813 -181.7471444606781
v 226.3255476951599 358.53713750839233 -182.10890293121338
v 256.97402358055115 348.62987995147705 -182.99501538276672
v 287.00008392333984 337.9305839538574 -184.3548059463501
v 316.31062030792236 326.2792110443115 -186.10374927520752
v 344.76574659347534 313.4897232055664 -188.12663555145264
v 372.1789598464966 299.37275648117065 -190.28388261795044
v 398.31883907318115 283.7581694126129 -192.41788387298584
v 422.91669845581055 266.51832461357117 -194.36148405075073
v 445.67863941192627 247.58580923080444 -195.94627618789673
v 466.3001775741577 226.96929574012756 -197.01197147369385
v 484.485125541687 204.76287603378296 -197.41635918617249
v 499.9671220779419 181.14784955978394 -197.04540967941284
v 512.5314116477966 156.38723373413086 -195.82369923591614
v 522.0354080200195 130.81272840499878 -193.7238872051239
v 528.4267544746399 104.80163097381592 -190.77433347702026
v 531.7554831504822 78.74684929847717 -187.06428408622742
v 532.1781635284424 53.02298069000244 -182.74530172348022
v 529.9485325813293 27.947066724300385 -178.02398800849915
v 539.1661405563354 3.747923579066992 -149.71060752868652
v 530.6248784065247 -19.768334180116653 -144.1875547170639
v 518.6946272850037 -41.6092649102211 -137.66661286354065
v 504.47691679000854 -61.59797161817551 -130.86985051631927
v 488.8761520385742 -79.8532247543335 -124.38015639781952
v 472.5460410118103 -96.6851681470871 -118.61768960952759
v 455.880331993103 -112.48857378959656 -113.8378769159317
v 439.0324831008911 -127.64640748500824 -110.14222204685211
v 421.9668388366699 -142.46149063110352 -107.50671029090881
v 404.5187830924988 -157.11609721183777 -105.81394135951996
v 386.4627242088318 -171.6665267944336 -104.8928439617157
v 367.56967306137085 -186.06228232383728 -104.55408990383148
v 347.6510524749756 -200.1826286315918 -104.62062656879425
v 326.58430337905884 -213.88088464736938 -104.94993925094604
v 304.32021617889404 -227.02456712722778 -105.44647872447968
v 280.8750092983246 -239.5255208015442 -106.06496930122375
v 256.3131093978882 -251.35531425476074 -106.80616199970245
v 230.72564005851746 -262.54672408103943 -107.7075183391571
v 204.2078733444214 -273.1779992580414 -108.82874429225922
v 176.84349417686462 -283.3521366119385 -110.2386474609375
v 148.6928254365921 -293.1656241416931 -111.9994193315506
v 119.7912186384201 -302.6795983314514 -114.1547441482544
v 90.15298783779144 -311.8913412094116 -116.71848893165588
v 59.783296287059784 -320.70990800857544 -119.66519057750702
v 28.694426268339157 -328.9379596710205 -122.922483086586
v -3.073217812925577 -336.26346588134766 -126.36600136756897
v -35.454413294792175 -342.8708553314209 -130.13233244419098
v -68.39016079902649 -348.532497882843 -134.1483235359192
v -101.69782340526581 -352.31906175613403 -137.97384202480316
v -135.06465554237366 -353.461754322052 -141.2318229675293
v -168.08234453201294 -351.3911962509155 -143.6174601316452
v -200.28830766677856 -345.7675337791443 -144.90755796432495
v -231.21124505996704 -336.4968180656433 -144.96927559375763
v -260.41842699050903 -323.7332582473755 -143.7676101922989
v -287.5599682331085 -307.85794258117676 -141.36704206466675
v -312.4092936515808 -289.4447386264801 -137.93168663978577
v -334.8887085914612 -269.19758319854736 -133.7136447429657
v -355.0805926322937 -247.88119196891785 -129.03795540332794
v -373.22012186050415 -226.23851895332336 -124.2781788110733
v -389.66681957244873 -204.9131155014038 -119.82729434967041
v -404.86217737197876 -184.38416719436646 -116.06700718402863
v -419.2729353904724 -164.9198055267334 -113.33548128604889
v -433.33075046539307 -146.5591549873352 -111.89945340156555
v -447.37114906311035 -129.12010252475739 -111.9297981262207
v -461.5812420845032 -112.23656237125397 -113.48438858985901
v -475.958776473999 -95.41632235050201 -116.49708151817322
v -490.29160737991333 -78.117835521698 -120.77650129795074
v -504.15358543395996 -59.83486622571945 -126.01050138473511
v -516.9277667999268 -40.181149542331696 -131.78195357322693
v -527.8479337692261 -18.966300040483475 -137.59102821350098
v -536.0663294792175 3.7479559890925884 -142.88890957832336
v -541.0514831542969 27.648921310901642 -147.35166728496552
v -542.7642345428467 52.339692413806915 -150.99520683288574
v -541.1914229393005 77.42404639720917 -153.8291573524475
v -536.4494562149048 102.5443285703659 -155.93565702438354
v -528.7554502487183 127.4189293384552 -157.45421648025513
v -518.3863520622253 151.8620789051056 -158.55964422225952
v -505.6355953216553 175.78334212303162 -159.43781733512878
v -490.77115058898926 199.1666078567505 -160.2599322795868
v -474.0050196647644 222.03569412231445 -161.16102933883667
v -455.4752469062805 244.41254138946533 -162.2238278388977
v -435.24752855300903 266.27715826034546 -163.47191333770752
v -413.32898139953613 287.54130005836487 -164.8721694946289
v -389.6954298019409 308.03579092025757 -166.34482741355896
v -364.32048082351685 327.5179624557495 -167.77952313423157
v -337.20442056655884 345.6939697265625 -169.05423402786255
v -308.3937406539917 362.25249767303467 -170.05346417427063
v -277.99338698387146 376.89932584762573 -170.6831932067871
v -246.1654007434845 389.39216136932373 -170.88194489479065
v -213.1200134754181 399.56302642822266 -170.62489986419678
v -179.10103797912598 407.3329210281372 -169.92482542991638
v -144.36651170253754 412.7122163772583 -168.8274085521698
v -109.17240679264069 415.79257249832153 -167.40469336509705
v -73.75786900520325 416.73141717910767 -165.74749946594238
v -38.333165645599365 415.7324552536011 -163.95710706710815
v -3.0731890350580215 413.02117109298706 -162.13619112968445
v 31.86720460653305 408.47572088241577 -160.2019965648651
v 66.32712632417679 402.20435857772827 -158.1854224205017
v 100.21188855171204 394.71588134765625 -156.32341504096985
v 133.49442780017853 386.41884326934814 -154.80775237083435
v 166.19421243667603 377.60928869247437 -153.78411412239075
v 198.35498929023743 368.46474409103394 -153.35122346878052
v 230.0226867198944 359.043824672699 -153.5600244998932
v 261.2234830856323 349.2928147315979 -154.41337823867798
v 291.94514751434326 339.0615463256836 -155.868262052536
v 322.12114334106445 328.1216025352478 -157.8366458415985
v 351.6190767288208 316.19793176651 -160.1921796798706
v 380.2376389503479 302.9977798461914 -162.77568340301514
v 407.7086806297302 288.24663162231445 -165.40440917015076
v 433.707332611084 271.72080874443054 -167.88243055343628
v 457.86874294281006 253.27606201171875 -170.0116753578186
v 479.80867624282837 232.86938667297363 -171.60302996635437
v 499.1499423980713 210.5738639831543 -172.4889099597931
v 515.5519366264343 186.581289768219 -172.53515124320984
v 528.7401437759399 161.19477152824402 -171.65263295173645
v 538.5348916053772 134.81110632419586 -169.8086678981781
v 544.8746681213379 107.88896977901459 -167.03501343727112
v 547.8334307670593 80.90884387493134 -163.43432664871216
v 547.6235032081604 54.325877130031586 -159.1795027256012
v 544.5863842964172 28.518960624933243 -154.5085072517395
v 550.5296587944031 3.747923579066992 -126.2531965970993
v 540.9425854682922 -20.052415877580643 -121.03271484375
v 527.821147441864 -41.97237342596054 -114.9129867553711
v 512.4551653862 -61.852531135082245 -108.60200822353363
v 495.887553691864 -79.87725734710693 -102.66509056091309
v 478.8590669631958 -96.44978642463684 -97.50597774982452
v 461.7913484573364 -112.0606541633606 -93.36030185222626
v 444.8193311691284 -127.17465162277222 -90.31133651733398
v 427.85024642944336 -142.14679598808289 -88.31557631492615
v 410.6432318687439 -157.1792185306549 -87.23934888839722
v 392.8908348083496 -172.31685519218445 -86.89803779125214
v 374.2896795272827 -187.47410774230957 -87.09234595298767
v 354.592502117157 -202.48196125030518 -87.63883709907532
v 333.637011051178 -217.14205741882324 -88.39123249053955
v 311.35371923446655 -231.27681612968445 -89.25270438194275
v 287.7540349960327 -244.76357102394104 -90.17727971076965
v 262.9095733165741 -257.55465030670166 -91.16601347923279
v 236.9234025478363 -269.6747124195099 -92.25530326366425
v 209.90447402000427 -281.2026858329773 -93.50281655788422
v 181.94820284843445 -292.2457695007324 -94.97399926185608
v 153.1234323978424 -302.90257930755615 -96.72663509845734
v 123.47069978713989 -313.22933435440063 -98.79917800426483
v 93.00759136676788 -323.2059717178345 -101.19962096214294
v 61.74340099096298 -332.7116847038269 -103.89769971370697
v 29.69806417822838 -341.5028214454651 -106.81707859039307
v -3.0732186511158943 -349.205482006073 -109.83108580112457
v -36.49241030216217 -356.216025352478 -113.14658224582672
v -70.52128314971924 -362.46811151504517 -116.77501201629639
v -104.98751699924469 -366.89207553863525 -120.29421329498291
v -139.5681917667389 -368.5965299606323 -123.3418196439743
v -173.8276720046997 -366.90852642059326 -125.62142014503479
v -207.2631061077118 -361.40860319137573 -126.91143751144409
v -239.35461044311523 -351.9494891166687 -127.07248628139496
v -269.61822509765625 -338.66214752197266 -126.05553567409515
v -297.6573050022125 -321.9380736351013 -123.90524446964264
v -323.20958375930786 -302.3929238319397 -120.76110541820526
v -346.1790204048157 -280.80064058303833 -116.84832572937012
v -366.6499972343445 -258.0135226249695 -112.46349513530731
v -384.88365411758423 -234.87253189086914 -107.95403122901917
v -401.2867212295532 -212.11563348770142 -103.68995368480682
v -416.3649559020996 -190.30153155326843 -100.03486275672913
v -430.66052198410034 -169.754558801651 -97.31563925743103
v -444.68157291412354 -150.53844451904297 -95.79426348209381
v -458.83305072784424 -132.46328830718994 -95.64427435398102
v -473.3534574508667 -115.12379944324493 -96.93290591239929
v -488.2668972015381 -97.96367883682251 -99.60933029651642
v -503.3522129058838 -80.3607165813446 -103.49989235401154
v -518.1384444236755 -61.72633320093155 -108.3128571510315
v -531.9233179092407 -41.60344451665878 -113.64922821521759
v -543.8243508338928 -19.75897327065468 -119.0263956785202
v -552.8506994247437 3.7479573860764503 -123.90691637992859
v -558.430552482605 28.567667305469513 -128.00281941890717
v -560.5526804924011 54.26601022481918 -131.34855329990387
v -559.1720581054688 80.40440082550049 -133.93456935882568
v -554.3997645378113 106.58069550991058 -135.82542836666107
v -546.4690089225769 132.47534930706024 -137.14465498924255
v -535.6911420822144 157.87861347198486 -138.05541694164276
v -522.4024772644043 182.6927661895752 -138.73566091060638
v -506.91293478012085 206.90848231315613 -139.35149610042572
v -489.46616649627686 230.56349158287048 -140.0340735912323
v -470.2175259590149 253.69226932525635 -140.8628135919571
v -449.23439025878906 276.2770414352417 -141.85762703418732
v -426.513934135437 298.216313123703 -142.98148155212402
v -402.01531648635864 319.3099021911621 -144.15063858032227
v -375.69719552993774 339.27032947540283 -145.2518105506897
v -347.55152463912964 357.7510714530945 -146.16159796714783
v -317.6279067993164 374.3895649909973 -146.7653453350067
v -286.0475420951843 388.8512134552002 -146.97292149066925
v -253.00013422966003 400.8720874786377 -146.7295914888382
v -218.73183846473694 410.2863907814026 -146.02038860321045
v -183.52575302124023 417.0440196990967 -144.87061500549316
v -147.67727851867676 421.2104916572571 -143.34134459495544
v -111.4729642868042 422.9581117630005 -141.5235310792923
v -75.17083883285522 422.5459814071655 -139.53018486499786
v -38.98455798625946 420.29889822006226 -137.48992681503296
v -3.073188755661249 416.57731533050537 -135.53848564624786
v 32.42843225598335 410.9949588775635 -133.4874540567398
v 67.33543574810028 403.4429669380188 -131.26325011253357
v 101.5441507101059 394.6300506591797 -129.14173901081085
v 135.04671156406403 385.1330280303955 -127.34928131103516
v 167.90363788604736 375.38208961486816 -126.0627955198288
v 200.2140462398529 365.6474232673645 -125.40743350982666
v 232.08614587783813 356.03874921798706 -125.45605301856995
v 263.6070907115936 346.50936126708984 -126.22770667076111
v 294.8160767555237 336.8744730949402 -127.68875062465668
v 325.68140029907227 326.83403491973877 -129.75398898124695
v 356.0835599899292 316.0139322280884 -132.29301273822784
v 385.80987453460693 304.00679111480713 -135.13757586479187
v 414.55496549606323 290.4182016849518 -138.0906879901886
v 441.9347405433655 274.9140501022339 -140.93958735466003
v 467.5071358680725 257.2583556175232 -143.4677392244339
v 490.8004403114319 237.3452603816986 -145.46821117401123
v 511.34748458862305 215.21807312965393 -146.7572718858719
v 528.7238001823425 191.0740077495575 -147.187077999115
v 542.5862789154053 165.2550458908081 -146.65857553482056
v 552.7091860771179 138.22469115257263 -145.13287246227264
v 559.0169548988342 110.5286031961441 -142.64136850833893
v 561.6037845611572 82.74184763431549 -139.2907977104187
v 560.7410788536072 55.409252643585205 -135.26490032672882
v 556.8618178367615 28.978995233774185 -130.81606328487396
v 559.6896529197693 3.747923579066992 -103.00788581371307
v 549.0692138671875 -20.242687314748764 -98.29442203044891
v 534.7789764404297 -42.14991331100464 -92.8002119064331
v 518.2935118675232 -61.83166801929474 -87.18141317367554
v 500.8006453514099 -79.54007685184479 -81.96246922016144
v 483.1247091293335 -95.77155411243439 -77.5111734867096
v 465.7172441482544 -111.11453175544739 -74.03779327869415
v 448.69126081466675 -126.11483931541443 -71.60690724849701
v 431.89730644226074 -141.18107557296753 -70.1651081442833
v 415.01816511154175 -156.5363109111786 -69.57579106092453
v 397.66480922698975 -172.21561074256897 -69.6563646197319
v 379.45958375930786 -188.10070753097534 -70.21308839321136
v 360.09650230407715 -203.9770245552063 -71.06969207525253
v 339.3730044364929 -219.59728002548218 -72.08649516105652
v 317.1979308128357 -234.74078178405762 -73.17168116569519
v 293.5761094093323 -249.25197958946228 -74.28170442581177
v 268.5827136039734 -263.0622982978821 -75.41675269603729
v 242.33009219169617 -276.18622183799744 -76.60948634147644
v 214.93760347366333 -288.69913816452026 -77.9114305973053
v 186.50967478752136 -300.70613622665405 -79.37992215156555
v 157.12156891822815 -312.29989528656006 -81.0640275478363
v 126.81805193424225 -323.5217213630676 -82.99357295036316
v 95.62067985534668 -334.3251943588257 -85.16960442066193
v 63.544781506061554 -344.5479154586792 -87.55701184272766
v 30.62180131673813 -353.89240980148315 -90.07894992828369
v -3.073219209909439 -361.91357374191284 -92.61151850223541
v -37.44451403617859 -369.2497730255127 -95.4071044921875
v -72.47546017169952 -376.03222131729126 -98.54542315006256
v -108.00752341747284 -381.05846643447876 -101.64330303668976
v -143.7115341424942 -383.31778049468994 -104.3701708316803
v -179.12896871566772 -382.03539848327637 -106.45331740379333
v -213.72027397155762 -376.7089605331421 -107.68433511257172
v -246.9195306301117 -367.1321153640747 -107.92627930641174
v -278.1922459602356 -353.4041404724121 -107.12109804153442
v -307.09344148635864 -335.9163522720337 -105.2943617105484
v -333.32093954086304 -315.31519889831543 -102.5568813085556
v -356.7540407180786 -292.434024810791 -99.09844100475311
v -377.47206687927246 -268.2060956954956 -95.17569243907928
v -395.75332403182983 -243.56583952903748 -91.09467566013336
v -412.04330921173096 -219.34470534324646 -87.18542754650116
v -426.90593004226685 -196.18597626686096 -83.77717137336731
v -440.9536600112915 -174.4769811630249 -81.169393658638
v -454.7712564468384 -154.31832075119019 -79.60748970508575
v -468.83625984191895 -135.52515506744385 -79.2597770690918
v -483.4468960762024 -117.66608655452728 -80.20028471946716
v -498.66414070129395 -100.131556391716 -82.39664733409882
v -514.2744898796082 -82.22765028476715 -85.70458889007568
v -529.7758340835571 -63.285791873931885 -89.86846804618835
v -544.3988084793091 -42.77675896883011 -94.53202486038208
v -557.1539640426636 -20.416878908872604 -99.25513565540314
v -566.9220685958862 3.74795850366354 -103.54510545730591
v -573.0721950531006 29.343491792678833 -107.14478194713593
v -575.5940079689026 55.90238571166992 -110.08560955524445
v -574.4077563285828 82.94444382190704 -112.3440831899643
v -569.6130752563477 110.02157628536224 -113.96617591381073
v -561.4601969718933 136.7756187915802 -115.05779922008514
v -550.2964854240417 162.97287940979004 -115.7654732465744
v -536.5040302276611 188.50967288017273 -116.2528932094574
v -520.437741279602 213.3862316608429 -116.67492091655731
v -502.3759603500366 237.65822052955627 -117.15426743030548
v -482.4927806854248 261.37672662734985 -117.7647739648819
v -460.8577251434326 284.5304310321808 -118.52358877658844
v -437.45641708374023 307.00721740722656 -119.39325034618378
v -412.2300624847412 328.57861518859863 -120.29210329055786
v -385.11900901794434 348.9122986793518 -121.11057043075562
v -356.10458850860596 367.60929822921753 -121.73063457012177
v -325.23694038391113 384.2549800872803 -122.04404175281525
v -292.6511764526367 398.47304821014404 -121.9675362110138
v -258.56276750564575 409.9760055541992 -121.45329415798187
v -223.252272605896 418.5987710952759 -120.49302756786346
v -187.04087734222412 424.31766986846924 -119.11834180355072
v -150.26063919067383 427.2521138191223 -117.39661395549774
v -113.2280945777893 427.6521921157837 -115.42543172836304
v -76.22024416923523 425.87867975234985 -113.32629919052124
v -39.45411890745163 422.3758935928345 -111.23828887939453
v -3.073188755661249 417.6441192626953 -109.31327641010284
v 32.80714675784111 411.00908517837524 -107.29464590549469
v 67.97403395175934 402.1299719810486 -105.03771901130676
v 102.31137871742249 391.925847530365 -102.83177196979523
v 135.8295500278473 381.1566352844238 -100.91788172721863
v 168.63060593605042 370.3970789909363 -99.48694109916687
v 200.8719027042389 360.02286672592163 -98.67866635322571
v 232.7281951904297 350.2044081687927 -98.57982695102692
v 264.3532454967499 340.9101963043213 -99.22240376472473
v 295.84413170814514 331.9256901741028 -100.58367848396301
v 327.2108316421509 322.8820323944092 -102.58727967739105
v 358.35267305374146 313.30429315567017 -105.10875284671783
v 389.0499472618103 302.665114402771 -107.98324942588806
v 418.9633369445801 290.44352173805237 -111.01501286029816
v 447.65106439590454 276.1864364147186 -113.9909952878952
v 474.59317445755005 259.5568120479584 -116.69273972511292
v 499.22887086868286 240.3771936893463 -118.91138255596161
v 520.9969997406006 218.6523199081421 -120.460045337677
v 539.3843293190002 194.5777416229248 -121.18771076202393
v 553.9726853370667 168.52866411209106 -120.9912657737732
v 564.483904838562 141.03196263313293 -119.82724964618683
v 570.8194971084595 112.71843910217285 -117.72125959396362
v 573.0878233909607 84.25950407981873 -114.7745668888092
v 571.6132164001465 56.29320591688156 -111.1653596162796
v 566.9198513031006 29.342850297689438 -107.14183151721954
v 566.8959259986877 3.747923579066992 -80.11258542537689
v 555.3154349327087 -20.369289815425873 -76.12727880477905
v 539.9375438690186 -42.21300780773163 -71.49921208620071
v 522.4172830581665 -61.65794134140015 -66.79727286100388
v 504.07294034957886 -79.0182888507843 -62.471938133239746
v 485.8119606971741 -94.87906694412231 -58.83842557668686
v 468.1122064590454 -109.92004573345184 -56.07231706380844
v 451.06784105300903 -124.76414144039154 -54.22219634056091
v 434.4772696495056 -139.87139761447906 -53.2342404127121
v 417.9528594017029 -155.48651218414307 -52.98324376344681
v 401.03015899658203 -171.63838148117065 -53.305408358573914
v 383.2632064819336 -188.18204998970032 -54.02902364730835
v 364.2912983894348 -204.86424565315247 -54.99890595674515
v 343.87346506118774 -221.39596939086914 -56.09277784824371
v 321.8956232070923 -237.51752972602844 -57.229913771152496
v 298.3543038368225 -253.0450701713562 -58.372409641742706
v 273.3237326145172 -267.8880214691162 -59.51874554157257
v 246.92130088806152 -282.0487082004547 -60.69549769163132
v 219.27267909049988 -295.5944001674652 -61.94450408220291
v 190.4874622821808 -308.6203694343567 -63.31119239330292
v 160.64507961273193 -321.2061882019043 -64.83335942029953
v 129.79339957237244 -333.36936235427856 -66.53092056512833
v 97.95839488506317 -345.0300693511963 -68.39897185564041
v 65.16302973031998 -355.9776306152344 -70.40074020624161
v 31.452930718660355 -365.85363149642944 -72.46382385492325
v -3.073219768702984 -374.14019107818604 -74.47581589221954
v -38.29832375049591 -381.72587156295776 -76.69870555400848
v -74.22636151313782 -388.9619708061218 -79.25376892089844
v -110.71414053440094 -394.52608823776245 -81.81662857532501
v -147.42968380451202 -397.2983479499817 -84.10634994506836
v -183.8962197303772 -396.4098930358887 -85.88947355747223
v -219.54216957092285 -391.2769675254822 -86.9837075471878
v -253.76003980636597 -381.63349628448486 -87.26520538330078
v -285.9678089618683 -367.54138469696045 -86.67424321174622
v -315.6734347343445 -349.3838667869568 -85.22091507911682
v -342.5333619117737 -327.8271675109863 -82.986581325531
v -366.39740467071533 -303.75115871429443 -80.11980056762695
v -387.3339056968689 -278.1608819961548 -76.82835459709167
v -405.6281089782715 -252.07278728485107 -73.36271703243256
v -421.7548727989197 -226.40814185142517 -69.99801099300385
v -436.32606267929077 -201.89316272735596 -67.01172888278961
v -450.01659393310547 -178.98311018943787 -64.66011106967926
v -463.482141494751 -157.82361030578613 -63.157108426094055
v -477.27195024490356 -138.2475882768631 -62.65481561422348
v -491.7482256889343 -119.81229186058044 -63.227954506874084
v -507.0188283920288 -101.8697440624237 -64.86238092184067
v -522.8913903236389 -83.66622626781464 -67.44879484176636
v -538.8530373573303 -64.46193158626556 -70.78198492527008
v -554.0850877761841 -43.65697056055069 -74.5670959353447
v -567.5183773040771 -20.91361954808235 -78.43579351902008
v -577.9203057289124 3.7479590624570847 -81.96820020675659
v -584.5815181732178 29.943135380744934 -84.93953347206116
v -587.4592423439026 57.175831496715546 -87.36372292041779
v -586.4359974861145 84.92479026317596 -89.20919895172119
v -581.6041588783264 112.69778609275818 -90.5079334974289
v -573.230516910553 140.09922444820404 -91.34588241577148
v -561.7002010345459 166.87386631965637 -91.84790253639221
v -547.4435448646545 192.9152548313141 -92.15623140335083
v -530.8621287345886 218.2372748851776 -92.40686595439911
v -512.2704148292542 242.91817545890808 -92.7081048488617
v -491.8619155883789 267.03100204467773 -93.12517940998077
v -469.7081208229065 290.5761122703552 -93.67277026176453
v -445.78245878219604 313.43657970428467 -94.31693851947784
v -420.0057864189148 335.3598475456238 -94.9843168258667
v -392.29817390441895 355.9741258621216 -95.57715654373169
v -362.62611150741577 374.83019828796387 -95.99021673202515
v -331.03652000427246 391.46372079849243 -96.12797498703003
v -297.6735055446625 405.4559111595154 -95.9175556898117
v -262.773460149765 416.49359464645386 -95.31828761100769
v -226.64671540260315 424.4081497192383 -94.3255215883255
v -189.64823484420776 429.1957139968872 -92.97036230564117
v -152.14344263076782 431.0209393501282 -91.31663739681244
v -114.4767165184021 430.2010774612427 -89.45557773113251
v -76.94346606731415 427.1872401237488 -87.50153481960297
v -39.76542055606842 422.5334644317627 -85.58662533760071
v -3.073188755661249 416.86785221099854 -83.85748565196991
v 33.03335756063461 409.23471450805664 -82.03838467597961
v 68.31064671278 399.0666389465332 -79.95395064353943
v 102.62751281261444 387.4913692474365 -77.87761688232422
v 136.00924015045166 375.44950246810913 -76.03888213634491
v 168.596613407135 363.6620879173279 -74.62176382541656
v 200.60332417488098 352.6155352592468 -73.76444488763809
v 232.26959109306335 342.54655838012695 -73.5562339425087
v 263.8165533542633 333.44757556915283 -74.03635382652283
v 295.4013168811798 325.08223056793213 -75.192591547966
v 327.0791530609131 317.0209050178528 -76.9625723361969
v 358.7741017341614 308.69654417037964 -79.2383998632431
v 390.26466608047485 299.46534633636475 -81.87250792980194
v 421.1857080459595 288.6846721172333 -84.68868434429169
v 451.0432004928589 275.7814943790436 -87.49232590198517
v 479.2463421821594 260.3163242340088 -90.08327722549438
v 505.14957904815674 242.034512758255 -92.26901829242706
v 528.1015276908875 220.89605927467346 -93.87656450271606
v 547.5011229515076 197.0857858657837 -94.76450979709625
v 562.8533005714417 171.00253701210022 -94.83439028263092
v 573.8223552703857 143.22676956653595 -94.04102861881256
v 580.2793622016907 114.46620225906372 -92.40158200263977
v 582.3362588882446 85.48231422901154 -90.00177383422852
v 580.3583264350891 57.00356215238571 -86.99772655963898
v 574.9470233917236 29.629522562026978 -83.6100161075592
v 572.4486708641052 3.747923579066992 -57.599884271621704
v 560.0485682487488 -20.467020571231842 -54.558634757995605
v 543.7403798103333 -42.24526137113571 -51.03539228439331
v 525.3295183181763 -61.473722755908966 -47.47087061405182
v 506.2517523765564 -78.51967513561249 -44.2143514752388
v 487.48419284820557 -94.0426915884018 -41.50828868150711
v 469.52980756759644 -108.80082249641418 -39.486005902290344
v 452.4683475494385 -123.48371744155884 -38.181741535663605
v 436.05594635009766 -138.5971873998642 -37.55028247833252
v 419.8468565940857 -154.40738797187805 -37.4915175139904
v 403.31525802612305 -170.94279527664185 -37.87636756896973
v 385.9583258628845 -188.0407691001892 -38.57033550739288
v 367.368221282959 -205.41974902153015 -39.45220559835434
v 347.2700357437134 -222.75903224945068 -40.426647663116455
v 325.5282998085022 -239.76972699165344 -41.43076390028
v 302.12727785110474 -256.24186992645264 -42.43401736021042
v 277.1372973918915 -272.06652760505676 -43.43414157629013
v 250.67512392997742 -287.23028898239136 -44.44950520992279
v 222.8679120540619 -301.78717374801636 -45.509858429431915
v 193.82681250572205 -315.8172369003296 -46.646980941295624
v 163.6330246925354 -329.38016653060913 -47.886304557323456
v 132.33676850795746 -342.46591329574585 -49.23906326293945
v 99.9682366847992 -354.9553871154785 -50.696682929992676
v 66.55933856964111 -366.5902376174927 -52.22638696432114
v 32.17104971408844 -376.9514322280884 -53.76749038696289
v -3.0732203274965286 -385.45124530792236 -55.228739976882935
v -39.03364688158035 -393.2143449783325 -56.84102922677994
v -75.73167979717255 -400.80732107162476 -58.73163789510727
v -113.03863227367401 -406.8076729774475 -60.65330654382706
v -150.62209367752075 -410.0059747695923 -62.39152550697327
v -187.9908263683319 -409.4496488571167 -63.766032457351685
v -224.54779744148254 -404.48609590530396 -64.63465243577957
v -259.64983105659485 -394.79230642318726 -64.89745527505875
v -292.6734387874603 -380.3934574127197 -64.50211554765701
v -323.0839133262634 -361.659300327301 -63.448624312877655
v -350.49848556518555 -339.26682472229004 -61.79080456495285
v -374.737286567688 -314.1319513320923 -59.634263813495636
v -395.85134983062744 -287.31417059898376 -57.1300283074379
v -414.1268849372864 -259.9018335342407 -54.46401089429855
v -430.0565242767334 -232.8927755355835 -51.84233486652374
v -444.2872881889343 -207.0889413356781 -49.47550445795059
v -457.5450897216797 -183.0122172832489 -47.560782730579376
v -470.54604291915894 -160.85731387138367 -46.2656244635582
v -483.9044451713562 -140.4842734336853 -45.71290612220764
v -498.0449438095093 -121.45276665687561 -45.968569815158844
v -513.1274342536926 -103.0925989151001 -47.03215956687927
v -528.9928078651428 -84.60642993450165 -48.8308846950531
v -545.1355576515198 -65.19616395235062 -51.21788531541824
v -560.7143640518188 -44.19931322336197 -53.97610366344452
v -574.6043801307678 -21.22282236814499 -56.82906657457352
v -585.4943990707397 3.7479596212506294 -59.45894569158554
v -592.5712466239929 30.333564430475235 -61.67987734079361
v -595.721447467804 58.012886345386505 -63.483890891075134
v -594.8000907897949 86.22627854347229 -64.84146863222122
v -589.8944020271301 114.4408643245697 -65.77335745096207
v -581.2923789024353 142.22872853279114 -66.34469479322433
v -569.4179892539978 169.31810975074768 -66.65284484624863
v -554.7495603561401 195.60470581054688 -66.81029498577118
v -537.7349495887756 221.1208999156952 -66.92541092634201
v -518.7237739562988 245.97254991531372 -67.08497554063797
v -497.92853593826294 270.2603280544281 -67.34149307012558
v -475.42240619659424 294.0029740333557 -67.70712286233902
v -451.16565227508545 317.08595752716064 -68.15492659807205
v -425.05788803100586 339.2413258552551 -68.62645000219345
v -396.99565172195435 360.0651025772095 -69.04347985982895
v -366.9271230697632 379.06529903411865 -69.3220004439354
v -334.88945960998535 395.7308292388916 -69.38544809818268
v -301.0290026664734 409.60235595703125 -69.17565017938614
v -265.5950725078583 420.3378438949585 -68.66001784801483
v -228.91965508460999 427.7572989463806 -67.83487200737
v -191.38423204421997 431.86540603637695 -66.72501415014267
v -153.38165760040283 432.8556776046753 -65.38145989179611
v -115.28066396713257 431.0956835746765 -63.87770622968674
v -77.39388942718506 427.10344791412354 -62.30587363243103
v -39.950184524059296 421.520733833313 -60.7740193605423
v -3.0731884762644768 415.0799632072449 -59.40337926149368
v 33.14572870731354 406.57804012298584 -57.95000195503235
v 68.43169927597046 395.25818824768066 -56.251560151576996
v 102.63682901859283 382.4351191520691 -54.53396737575531
v 135.79654097557068 369.2115068435669 -52.987682819366455
v 168.08420419692993 356.44612312316895 -51.76754146814346
v 199.76180791854858 344.72715854644775 -50.99112689495087
v 231.12840056419373 334.36031341552734 -50.73740780353546
v 262.4668836593628 325.3674030303955 -51.04479342699051
v 293.99126172065735 317.50205755233765 -51.90962255001068
v 325.8024215698242 310.28884649276733 -53.287169337272644
v 357.8518867492676 303.08310985565186 -55.09462058544159
v 389.9249196052551 295.14432549476624 -57.21655637025833
v 421.63853645324707 285.7198476791382 -59.512464702129364
v 452.46005058288574 274.1295397281647 -61.82646453380585
v 481.7405104637146 259.8376929759979 -63.9969527721405
v 508.7619423866272 242.5132691860199 -65.8673107624054
v 532.7937126159668 222.06705808639526 -67.29593127965927
v 553.1548976898193 198.66458773612976 -68.16578954458237
v 569.277548789978 172.71514534950256 -68.39339286088943
v 580.7671308517456 144.837749004364 -67.93725192546844
v 587.4574899673462 115.8013254404068 -66.80528372526169
v 589.4515156745911 86.44349277019501 -65.0603324174881
v 587.1381640434265 57.57308453321457 -62.82202899456024
v 581.1774730682373 29.861833155155182 -60.26315242052078
v 576.6932487487793 3.747923579066992 -35.37818044424057
v 563.684892654419 -20.574650913476944 -33.466845005750656
v 546.6762185096741 -42.33756959438324 -31.254521012306213
v 527.587616443634 -61.434946954250336 -29.021423310041428
v 507.9408645629883 -78.27107012271881 -26.989062130451202
v 488.76575231552124 -93.55881214141846 -25.310640782117844
v 470.58717012405396 -108.11379253864288 -24.070150405168533
v 453.47743034362793 -122.67568409442902 -23.288362473249435
v 437.1654510498047 -137.7868115901947 -22.935839742422104
v 421.16700410842896 -153.7337064743042 -22.94859141111374
v 404.9138903617859 -170.55015563964844 -23.244550824165344
v 387.8633379936218 -188.06694746017456 -23.738443851470947
v 369.5729970932007 -205.98776936531067 -24.353409558534622
v 349.7412085533142 -223.97353649139404 -25.028975307941437
v 328.2125473022461 -241.71520471572876 -25.724785029888153
v 304.95851039886475 -258.9846074581146 -26.420804858207703
v 280.04087805747986 -275.65526962280273 -27.114392817020416
v 253.57123017311096 -291.6968643665314 -27.815542370080948
v 225.67407488822937 -307.1475863456726 -28.5413458943367
v 196.45891785621643 -322.0685362815857 -29.30980548262596
v 166.00658297538757 -336.4959239959717 -30.134665220975876
v 134.36878323554993 -350.39066076278687 -31.02061226963997
v 101.5803337097168 -363.5991096496582 -31.95989280939102
v 67.68173575401306 -375.81918239593506 -32.92924761772156
v 32.748616486787796 -386.58188581466675 -33.88788029551506
v -3.0732208862900734 -395.2412724494934 -34.7756065428257
v -39.62298631668091 -403.11208963394165 -35.75197756290436
v -76.93408727645874 -410.9410285949707 -36.913514882326126
v -114.88880217075348 -417.2342777252197 -38.10521811246872
v -153.15447449684143 -420.7148551940918 -39.19210284948349
v -191.22993350028992 -420.37092447280884 -40.06032943725586
v -228.49822640419006 -415.4940962791443 -40.618711709976196
v -264.28935527801514 -405.7185888290405 -40.8020943403244
v -297.94759154319763 -391.03946685791016 -40.574437379837036
v -328.90387773513794 -371.8129634857178 -39.93198573589325
v -356.7425608634949 -348.72010946273804 -38.90441805124283
v -381.25720024108887 -322.70103693008423 -37.55418062210083
v -402.48169898986816 -294.8559880256653 -35.972656309604645
v -420.6966161727905 -266.32550954818726 -34.27358865737915
v -436.4037036895752 -238.1687879562378 -32.58468881249428
v -450.2719759941101 -211.24863624572754 -31.03734254837036
v -463.06307315826416 -186.14428639411926 -29.756227880716324
v -475.5379557609558 -163.09606432914734 -28.84855940937996
v -488.3637070655823 -141.99556410312653 -28.39522361755371
v -502.01869010925293 -122.4152684211731 -28.442557901144028
v -516.7129039764404 -103.67813408374786 -28.996185958385468
v -532.3274374008179 -84.9613755941391 -30.016858130693436
v -548.3791708946228 -65.42596220970154 -31.418553739786148
v -564.0295028686523 -44.36006247997284 -33.0706961452961
v -578.1323432922363 -21.320711821317673 -34.8041407763958
v -589.3318176269531 3.747959900647402 -36.421988904476166
v -596.6928005218506 30.48480749130249 -37.79421150684357
v -599.9993205070496 58.347366750240326 -38.89992982149124
v -599.0907669067383 86.74142360687256 -39.71904516220093
v -594.0605878829956 115.10078608989716 -40.26434272527695
v -585.2212071418762 142.9736226797104 -40.57788848876953
v -573.035717010498 170.07923126220703 -40.72316139936447
v -558.0276489257812 196.32200002670288 -40.774016082286835
v -540.6873464584351 221.75785303115845 -40.80191105604172
v -521.396541595459 246.52517437934875 -40.86438864469528
v -500.38472414016724 270.7577168941498 -40.99661260843277
v -477.7257442474365 294.49989795684814 -41.20728224515915
v -453.36692333221436 317.6493287086487 -41.479361057281494
v -427.18552350997925 339.93330001831055 -41.77492707967758
v -399.05258417129517 360.92727184295654 -42.04287528991699
v -368.89286041259766 380.10621070861816 -42.227938771247864
v -336.7270231246948 396.9197630882263 -42.27947294712067
v -302.6939034461975 410.86957454681396 -42.15855449438095
v -267.0448064804077 421.58031463623047 -41.84267967939377
v -230.1221251487732 428.8501024246216 -41.32806211709976
v -192.32370257377625 432.67582654953003 -40.62943607568741
v -154.06172275543213 433.2582950592041 -39.77862596511841
v -115.72400629520416 430.9866786003113 -38.82206976413727
v -77.63948142528534 426.4172315597534 -37.81881630420685
v -40.047356486320496 420.24303674697876 -36.83852031826973
v -3.0731884762644768 413.2643222808838 -35.96041202545166
v 33.190036565065384 404.1001081466675 -35.01809388399124
v 68.4382975101471 391.8693780899048 -33.899661898612976
v 102.50689387321472 378.0330419540405 -32.754841446876526
v 135.43594479560852 363.82391452789307 -31.71052783727646
v 167.42069721221924 350.2087712287903 -30.870386213064194
v 198.75948429107666 337.8648519515991 -30.314558744430542
v 229.7964870929718 327.1581530570984 -30.09798601269722
v 260.8639597892761 318.1428909301758 -30.24938330054283
v 292.22386479377747 310.57602167129517 -30.770055949687958
v 324.0185022354126 303.9570093154907 -31.634391099214554
v 356.2282204627991 297.5894272327423 -32.79130607843399
v 388.65119218826294 290.66187143325806 -34.16783586144447
v 420.9002137184143 282.3397099971771 -35.67411080002785
v 452.41931676864624 271.85622453689575 -37.20920383930206
v 482.52092599868774 258.5957944393158 -38.667914271354675
v 510.4342460632324 242.158842086792 -39.94728773832321
v 535.3681325912476 222.4071979522705 -40.95364809036255
v 556.5766453742981 199.47840571403503 -41.608352959156036
v 573.4288215637207 173.77803325653076 -41.853998601436615
v 585.47523021698 145.9443747997284 -41.65990501642227
v 592.5088047981262 116.78594648838043 -41.02702438831329
v 594.6117997169495 87.19561100006104 -39.99197334051132
v 592.1764254570007 58.04480016231537 -38.628239929676056
v 585.8920097351074 30.066369473934174 -37.04439550638199
v 580.0101399421692 3.747923579066992 -13.21171559393406
v 566.666042804718 -20.732764899730682 -12.558722868561745
v 549.2563247680664 -42.58398860692978 -11.80264949798584
v 529.759669303894 -61.69911324977875 -11.039512977004051
v 509.7493529319763 -78.49943339824677 -10.345528274774551
v 490.286386013031 -93.72413456439972 -9.773249924182892
v 471.90932035446167 -108.21773707866669 -9.351435117423534
v 454.6933650970459 -122.74838089942932 -9.087378345429897
v 438.3588194847107 -137.88142204284668 -8.97115208208561
v 422.40675687789917 -153.92047762870789 -8.981085754930973
v 406.251060962677 -170.9099292755127 -9.089327976107597
v 389.3299698829651 -188.68533968925476 -9.266902506351471
v 371.18310928344727 -206.95044994354248 -9.48764719069004
v 351.4919400215149 -225.36190152168274 -9.730859845876694
v 330.08601665496826 -243.60272884368896 -9.982554987072945
v 306.9236397743225 -261.43357157707214 -10.235527530312538
v 282.0562183856964 -278.7150979042053 -10.488418489694595
v 255.58671355247498 -295.4014778137207 -10.744073241949081
v 227.63299942016602 -311.5120053291321 -11.0076405107975
v 198.30123782157898 -327.08959579467773 -11.28467246890068
v 167.6706075668335 -342.1485900878906 -11.579196900129318
v 135.7940375804901 -356.6265106201172 -11.892206221818924
v 102.71036624908447 -370.3436493873596 -12.220452725887299
v 68.46752017736435 -382.9698443412781 -12.555453926324844
v 33.15233811736107 -394.00341510772705 -12.88267895579338
v -3.073221165686846 -402.7630090713501 -13.18097747862339
v -40.03288596868515 -410.67395210266113 -13.507602363824844
v -77.76422202587128 -418.5930848121643 -13.898808136582375
v -116.15374982357025 -424.98918771743774 -14.301759749650955
v -154.867422580719 -428.55130434036255 -14.670389145612717
v -193.39658617973328 -428.2335162162781 -14.965609833598137
v -231.111878156662 -423.29825162887573 -15.155953913927078
v -267.32627749443054 -413.35562467575073 -15.218663960695267
v -301.3637065887451 -398.38374853134155 -15.14076143503189
v -332.6336145401001 -378.73202562332153 -14.920233562588692
v -360.69878339767456 -355.0839900970459 -14.566359668970108
v -385.334837436676 -328.39475870132446 -14.099683240056038
v -406.56176805496216 -299.787837266922 -13.550607115030289
v -424.6538043022156 -270.43683528900146 -12.957385182380676
v -440.1138424873352 -241.4385974407196 -12.363184243440628
v -453.6211967468262 -213.69677782058716 -11.81272566318512
v -465.95538854599 -187.82925009727478 -11.348680034279823
v -477.90398597717285 -164.1116201877594 -11.008172482252121
v -490.16740322113037 -142.46335923671722 -10.819713771343231
v -503.2623052597046 -122.47479557991028 -10.800394043326378
v -517.4392461776733 -103.47476899623871 -10.953759402036667
v -532.6174020767212 -84.6327692270279 -11.268234997987747
v -548.34805727005 -65.08973836898804 -11.716489121317863
v -563.816249370575 -44.10237371921539 -12.255900353193283
v -577.8841853141785 -21.188581734895706 -12.830326706171036
v -589.1944885253906 3.7479596212506294 -13.374081999063492
v -596.6801047325134 30.373846739530563 -13.836896046996117
v -600 58.12827944755554 -14.205171167850494
v -598.99982213974 86.38890087604523 -14.472474530339241
v -593.7891125679016 114.56624865531921 -14.643710106611252
v -584.7100138664246 142.19585359096527 -14.734189957380295
v -572.2630977630615 168.99835467338562 -14.766797795891762
v -557.0111632347107 194.89399194717407 -14.768074080348015
v -539.4803881645203 219.9673354625702 -14.76377360522747
v -520.07896900177 244.39346194267273 -14.774753898382187
v -499.05019998550415 268.34455132484436 -14.813948795199394
v -476.46785974502563 291.89844131469727 -14.884892106056213
v -452.26643085479736 314.9756669998169 -14.981899783015251
v -426.3007879257202 337.312388420105 -15.091763064265251
v -398.41461181640625 358.4779143333435 -15.196413919329643
v -368.50426197052 377.92718410491943 -15.276094526052475
v -336.56537532806396 395.07923126220703 -15.31243845820427
v -302.7177572250366 409.39886569976807 -15.291008725762367
v -267.2015368938446 420.4735279083252 -15.20303338766098
v -230.35537004470825 428.06546688079834 -15.046155452728271
v -192.58081912994385 432.1428179740906 -14.824523404240608
v -154.29916977882385 432.8852891921997 -14.548255875706673
v -115.91117978096008 430.67039251327515 -14.232640340924263
v -77.76054739952087 426.05098485946655 -13.897375389933586
v -40.10158181190491 419.7287678718567 -13.566042110323906
v -3.0731884762644768 412.5202775001526 -13.265583291649818
v 33.2171268761158 402.9695749282837 -12.937797233462334
v 68.44116300344467 390.1664614677429 -12.544169649481773
v 102.41942703723907 375.6598234176636 -12.137438356876373
v 135.18995940685272 360.76115369796753 -11.762375012040138
v 166.9574797153473 346.5086102485657 -11.455840989947319
v 198.03879261016846 333.6382269859314 -11.246558278799057
v 228.80430221557617 322.5633144378662 -11.154654622077942
v 259.61737632751465 313.3709192276001 -11.19122989475727
v 290.7728612422943 305.83287477493286 -11.357877776026726
v 322.4451541900635 299.44828748703003 -11.646866798400879
v 354.64128255844116 293.5014545917511 -12.041454389691353
v 387.1796250343323 287.14821338653564 -12.517203390598297
v 419.68016624450684 279.5056700706482 -13.04336003959179
v 451.58525705337524 269.75560784339905 -13.585251197218895
v 482.1913003921509 257.22559690475464 -14.106233417987823
v 510.70117950439453 241.46368503570557 -14.570196345448494
v 536.2872362136841 222.28640913963318 -14.943886175751686
v 558.160150051117 199.79817867279053 -15.198998898267746
v 575.6423592567444 174.38617944717407 -15.314365178346634
v 588.2387638092041 146.68664038181305 -15.277905017137527
v 595.7023501396179 117.5223559141159 -15.088441595435143
v 598.0846524238586 87.81423568725586 -14.757103845477104
v 595.7600712776184 58.472344279289246 -14.307878538966179
v 589.419686794281 30.27360588312149 -13.777235895395279
v 582.5325608253479 3.747923579066992 9.283567406237125
v 569.1813826560974 -20.958837121725082 8.630460128188133
v 551.7462730407715 -43.03334802389145 7.873822376132011
v 532.2016954421997 -62.36460953950882 7.109422422945499
v 512.1181011199951 -79.36828136444092 6.413273513317108
v 492.55642890930176 -94.77784037590027 5.837858654558659
v 474.0593433380127 -109.43381488323212 5.41206244379282
v 456.7095994949341 -124.10375475883484 5.143510177731514
v 440.23776054382324 -139.35706615447998 5.022786743938923
v 424.1557002067566 -155.50609230995178 5.028834007680416
v 407.88670778274536 -172.60762453079224 5.134422518312931
v 390.8749222755432 -190.5112087726593 5.311105214059353
v 372.66132831573486 -208.93351435661316 5.533065274357796
v 352.92420387268066 -227.54074931144714 5.779720097780228
v 331.4858078956604 -246.01991772651672 6.03695847094059
v 308.29460620880127 -264.1292095184326 6.2972210347652435
v 283.39136838912964 -281.7206382751465 6.558631919324398
v 256.86943531036377 -298.73473048210144 6.823417916893959
v 228.8392424583435 -315.1740074157715 7.096094638109207
v 199.40274953842163 -331.06409311294556 7.3816342279314995
v 168.63824129104614 -346.40300273895264 7.6835911720991135
v 136.6007387638092 -361.11488342285156 8.002611435949802
v 103.33349704742432 -375.0101566314697 8.335224911570549
v 68.89037489891052 -387.75161504745483 8.672809973359108
v 33.36501270532608 -398.83246421813965 9.000739641487598
v -3.073221165686846 -407.56752490997314 9.29776355624199
v -40.24043530225754 -415.38662910461426 9.621300548315048
v -78.16811800003052 -423.16049337387085 10.008081793785095
v -116.7381763458252 -429.365873336792 10.405491292476654
v -155.61261177062988 -432.6975703239441 10.767579451203346
v -194.2792296409607 -432.1142077445984 11.05530560016632
v -232.10502862930298 -426.8817186355591 11.237185075879097
v -268.3994650840759 -416.6136860847473 11.29041463136673
v -302.4827241897583 -401.29162073135376 11.201946437358856
v -333.76057147979736 -381.26893043518066 10.969680547714233
v -361.7918372154236 -357.2332978248596 10.602788999676704
v -386.34828329086304 -330.14488220214844 10.121695697307587
v -407.4457883834839 -301.13271474838257 9.556664898991585
v -425.35468339920044 -271.3770925998688 8.945810236036777
v -440.57443141937256 -241.9829785823822 8.332171104848385
v -453.78220081329346 -213.86386156082153 7.760395668447018
v -465.7572627067566 -187.649667263031 7.273176312446594
v -477.2907614707947 -163.63002061843872 6.907808035612106
v -489.0912652015686 -141.73993170261383 6.693183816969395
v -501.68970823287964 -121.58533036708832 6.647033058106899
v -515.357780456543 -102.50860154628754 6.773822195827961
v -530.0424814224243 -83.68829190731049 7.06318449229002
v -545.3283905982971 -64.26683217287064 7.489222101867199
v -560.4370594024658 -43.492528796195984 8.010893873870373
v -574.2668867111206 -20.86346447467804 8.573648147284985
v -585.4922533035278 3.747959341853857 9.113248810172081
v -592.9225444793701 30.03612533211708 9.572706744074821
v -596.0898041725159 57.42260813713074 9.931560605764389
v -594.8660016059875 85.26235520839691 10.184583440423012
v -589.3913984298706 112.9532128572464 10.338082909584045
v -580.0426840782166 140.0294154882431 10.408935695886612
v -567.355227470398 166.22241139411926 10.421714186668396
v -551.9255876541138 191.4753019809723 10.404714569449425
v -534.3091249465942 215.906023979187 10.385411605238914
v -514.9360299110413 239.73087072372437 10.386237502098083
v -494.06179189682007 263.1669759750366 10.421432554721832
v -471.76122665405273 286.3360404968262 10.495450347661972
v -447.95830249786377 309.1962218284607 10.603071749210358
v -422.4871873855591 331.5108060836792 10.73104552924633
v -395.16245126724243 352.8619050979614 10.860764980316162
v -365.84672927856445 372.7017045021057 10.97148098051548
v -334.50021743774414 390.4303550720215 11.043481528759003
v -301.2096405029297 405.4799795150757 11.06073260307312
v -266.1871075630188 417.39388704299927 11.012733355164528
v -229.75051403045654 425.88300704956055 10.895373299717903
v -192.28915572166443 430.860435962677 10.71111336350441
v -154.22099232673645 432.45023488998413 10.468488559126854
v -115.95205664634705 430.97641468048096 10.181333497166634
v -77.83930599689484 426.9415497779846 9.867997840046883
v -40.15761762857437 421.00110054016113 9.550774097442627
v -3.0731884762644768 413.92961740493774 9.255347773432732
v 33.27646851539612 404.31708097457886 8.925344981253147
v 68.54463815689087 391.33654832839966 8.525330387055874
v 102.5392234325409 376.55696868896484 8.108644746243954
v 135.28887927532196 361.3116145133972 7.720672711730003
v 166.99261665344238 346.6632127761841 7.398958504199982
v 197.96597957611084 333.3755135536194 7.173022627830505
v 228.58314514160156 321.89193964004517 7.063929922878742
v 259.2170298099518 312.33054399490356 7.083850912749767
v 290.1775896549225 304.4928789138794 7.235538214445114
v 321.6591954231262 297.9028522968292 7.512435503304005
v 353.6919593811035 291.8621063232422 7.898890972137451
v 386.1181855201721 285.5335056781769 8.371368236839771
v 418.5798168182373 278.02956104278564 8.899721503257751
v 450.53619146347046 268.51580142974854 9.449517354369164
v 481.293261051178 256.29352927207947 9.983940795063972
v 510.0544810295105 240.87737202644348 10.46629473567009
v 535.9829664230347 222.04744219779968 10.862364247441292
v 558.2709431648254 199.87265467643738 11.142580211162567
v 576.2149572372437 174.71006512641907 11.284318193793297
v 589.2887592315674 147.1739798784256 11.27394251525402
v 597.2111463546753 118.07576715946198 11.108732968568802
v 600 88.33620250225067 10.79835556447506
v 597.9978919029236 58.876195549964905 10.36546602845192
v 591.8676137924194 30.493611842393875 9.8453588783741
v 582.8310012817383 3.747923579066992 32.30205103754997
v 569.8702454566956 -21.130581200122833 30.400340259075165
v 552.9631733894348 -43.47217082977295 28.210410475730896
v 533.9825749397278 -63.17767649888992 26.00519210100174
v 514.4085645675659 -80.64339458942413 23.999711126089096
v 495.2418565750122 -96.56482636928558 22.342499345541
v 476.99607610702515 -111.73873543739319 21.115440130233765
v 459.7501516342163 -126.89242959022522 20.3400157392025
v 443.2538866996765 -142.56845712661743 19.98995840549469
v 427.05127000808716 -159.0683877468109 20.00614106655121
v 410.6017827987671 -176.45373344421387 20.311984419822693
v 393.38300228118896 -194.59015130996704 20.82725241780281
v 374.96023178100586 -213.2148563861847 21.47865816950798
v 355.02580404281616 -232.01290369033813 22.207224369049072
v 333.4057331085205 -250.6830096244812 22.971725463867188
v 310.0444793701172 -268.98491978645325 23.749040812253952
v 284.9739611148834 -286.7599368095398 24.53165352344513
v 258.27857851982117 -303.92922163009644 25.323615968227386
v 230.063134431839 -320.4722285270691 26.13576650619507
v 200.42776465415955 -336.38877868652344 26.980262249708176
v 169.45513486862183 -351.65812969207764 27.865974605083466
v 137.20910847187042 -366.1939859390259 28.793951869010925
v 103.74475121498108 -379.80809211730957 29.754097759723663
v 69.1282331943512 -392.1767234802246 30.72189912199974
v 33.46372917294502 -402.81965732574463 31.656036525964737
v -3.073221165686846 -411.08808517456055 32.49615132808685
v -40.2933195233345 -418.3330535888672 33.405473828315735
v -78.21030914783478 -425.3729581832886 34.487731754779816
v -116.6950911283493 -430.7612657546997 35.592131316661835
v -155.40892481803894 -433.2582950592041 36.58665865659714
v -193.84780526161194 -431.88085556030273 37.35944330692291
v -231.39401078224182 -425.94248056411743 37.820497155189514
v -267.37748980522156 -415.093731880188 37.905263900756836
v -301.14240646362305 -399.34144020080566 37.57772147655487
v -332.1186304092407 -379.0496349334717 36.8336521089077
v -359.8873972892761 -354.9036383628845 35.70168614387512
v -384.2364549636841 -327.84576416015625 34.242698550224304
v -405.19087314605713 -298.9773452281952 32.54600241780281
v -423.0195164680481 -269.441682100296 30.722956359386444
v -438.21104764938354 -240.3047740459442 28.89886423945427
v -451.42271518707275 -212.4429702758789 27.203071117401123
v -463.408899307251 -186.4577829837799 25.75911283493042
v -474.9321699142456 -162.62027621269226 24.674445390701294
v -486.6749167442322 -140.86033701896667 24.03218373656273
v -499.14790391921997 -120.79152166843414 23.883169144392014
v -512.6128435134888 -101.77499055862427 24.240081757307053
v -527.0214200019836 -83.01516473293304 25.07311776280403
v -541.9769883155823 -63.68127465248108 26.30767598748207
v -556.7358255386353 -43.04376840591431 27.825723588466644
v -570.2463269233704 -20.611929148435593 29.470742493867874
v -581.2358021736145 3.7479587830603123 31.057347357273102
v -588.4226202964783 29.741495847702026 32.398925721645355
v -591.2337183952332 56.76543563604355 33.416419476270676
v -589.5785450935364 84.14919376373291 34.09910872578621
v -583.6384892463684 111.27803027629852 34.47135239839554
v -573.8275408744812 137.68502175807953 34.5887616276741
v -560.7174754142761 163.11187148094177 34.53006595373154
v -544.9390769004822 187.52342462539673 34.385307133197784
v -527.0799994468689 211.07112765312195 34.24232080578804
v -507.59875774383545 234.01612043380737 34.17397812008858
v -486.7738723754883 256.6307723522186 34.22867730259895
v -464.693820476532 279.09854650497437 34.424977004528046
v -441.28496646881104 301.4412045478821 34.75160971283913
v -416.36996269226074 323.4798789024353 35.17168164253235
v -389.73788022994995 344.84217166900635 35.63040643930435
v -361.21355295181274 365.0067687034607 36.064403504133224
v -330.71097135543823 383.37721824645996 36.41131818294525
v -298.2660949230194 399.36368465423584 36.61784827709198
v -264.04144763946533 412.4625563621521 36.64560467004776
v -228.31186652183533 422.3184585571289 36.47446185350418
v -191.4333701133728 428.7613034248352 36.10323294997215
v -153.80364060401917 431.8223476409912 35.548797994852066
v -115.8228188753128 431.7267179489136 34.843891113996506
v -77.85708904266357 428.87789011001587 34.0349905192852
v -40.205347537994385 423.830509185791 33.18011686205864
v -3.0731884762644768 417.26245880126953 32.34742283821106
v 33.356717973947525 407.88484811782837 31.38193041086197
v 68.71776580810547 395.0296998023987 30.19520714879036
v 102.80123949050903 380.237352848053 28.944439440965652
v 135.61653792858124 364.8287057876587 27.764321118593216
v 167.34294891357422 349.8668432235718 26.766961812973022
v 198.2793152332306 336.13232374191284 26.041880249977112
v 228.78835201263428 324.09757375717163 25.654336810112
v 259.23900604248047 313.92037868499756 25.644106417894363
v 289.94659781455994 305.44971227645874 26.02376416325569
v 321.11949920654297 298.2567608356476 26.778432726860046
v 352.81054973602295 291.6877090930939 27.866287529468536
v 384.8892331123352 284.9388599395752 29.22128587961197
v 417.0292139053345 277.1466851234436 30.75735569000244
v 448.71729612350464 267.4811124801636 32.37374871969223
v 479.284143447876 255.23627400398254 33.96168127655983
v 507.9489469528198 239.90569710731506 35.41106879711151
v 533.8830471038818 221.24086618423462 36.61821037530899
v 556.2779903411865 199.27765130996704 37.49231770634651
v 574.4225263595581 174.34008121490479 37.96287328004837
v 587.7765655517578 147.01256453990936 37.985989451408386
v 596.0403800010681 118.08134615421295 37.55030483007431
v 599.2097854614258 88.4486049413681 36.68159320950508
v 597.6009964942932 59.02379751205444 35.44439300894737
v 591.8441891670227 30.60133382678032 33.94031524658203
v 580.4521322250366 3.747923579066992 55.69344162940979
v 568.2212948799133 -21.201568096876144 52.70215719938278
v 552.3144006729126 -43.792618811130524 49.30105358362198
v 534.4148397445679 -63.94961178302765 45.900097489356995
v 515.8473014831543 -82.03928768634796 42.82079637050629
v 497.50431776046753 -98.69376718997955 40.28421342372894
v 479.83996868133545 -114.6323561668396 38.41094523668289
v 462.92234659194946 -130.5112659931183 37.23191097378731
v 446.5271472930908 -146.82091176509857 36.7070697247982
v 430.2472114562988 -163.83638978004456 36.74764484167099
v 413.60002756118774 -181.61755800247192 37.23886236548424
v 396.1174964904785 -200.04706978797913 38.060085475444794
v 377.40858793258667 -218.88908743858337 39.10050541162491
v 357.19306468963623 -237.85468339920044 40.26959091424942
v 335.3099584579468 -256.66115283966064 41.50269627571106
v 311.703622341156 -275.0714600086212 42.76103228330612
v 286.3993763923645 -292.91614294052124 44.02882754802704
v 259.4733417034149 -310.0930452346802 45.30751705169678
v 231.02447390556335 -326.54939889907837 46.608732640743256
v 201.15365982055664 -342.2536253929138 47.94696718454361
v 169.9517011642456 -357.16145038604736 49.33300316333771
v 137.49684691429138 -371.1761713027954 50.766974687576294
v 103.86214256286621 -384.11625623703003 52.23311483860016
v 69.1323459148407 -395.6866264343262 53.6951020359993
v 33.42640846967697 -405.45623302459717 55.091629922389984
v -3.073221165686846 -412.84693479537964 56.333041191101074
v -40.172624588012695 -419.0765619277954 57.665736973285675
v -77.85983383655548 -424.87313747406006 59.24393981695175
v -115.99193215370178 -428.92448902130127 60.837145149707794
v -154.2353868484497 -430.1100969314575 62.24350333213806
v -192.10678339004517 -427.546226978302 63.292019069194794
v -229.0224015712738 -420.6311345100403 63.84688764810562
v -264.3549978733063 -409.07660722732544 63.812099397182465
v -297.49669432640076 -392.92688369750977 63.13682198524475
v -327.92515754699707 -372.55725860595703 61.82015240192413
v -355.2643060684204 -348.63771200180054 59.91256982088089
v -379.33287620544434 -322.0677852630615 57.51391053199768
v -400.17099380493164 -293.88556480407715 54.767341911792755
v -418.0456280708313 -265.1588559150696 51.84951424598694
v -433.4236979484558 -236.8721902370453 48.95686358213425
v -446.9256520271301 -209.82733368873596 46.29124850034714
v -459.25590991973877 -184.56323146820068 44.043758511543274
v -471.12207412719727 -161.30973100662231 42.3797607421875
v -483.15049409866333 -139.97745215892792 41.4253905415535
v -495.8042621612549 -120.185387134552 41.25620573759079
v -509.31118726730347 -101.32121443748474 41.8879508972168
v -523.6091136932373 -82.63169825077057 43.27016919851303
v -538.3121609687805 -63.33669573068619 45.28314918279648
v -552.7120471000671 -42.75513142347336 47.73971736431122
v -565.8161401748657 -20.432954281568527 50.39336979389191
v -576.4299988746643 3.74795850366354 52.95349806547165
v -583.2273960113525 29.49376031756401 55.094169080257416
v -585.561990737915 56.17939531803131 56.6616028547287
v -583.3833575248718 83.1150770187378 57.6467290520668
v -576.908540725708 109.67769920825958 58.097755908966064
v -566.5816783905029 135.40043234825134 58.113835752010345
v -553.0004024505615 160.03212332725525 57.831940054893494
v -536.8201375007629 183.55194926261902 57.407981157302856
v -518.6538934707642 206.1353087425232 56.99520707130432
v -498.9880084991455 228.08010578155518 56.72361105680466
v -478.1286835670471 249.70968961715698 56.68388307094574
v -456.1891794204712 271.2727904319763 56.91812038421631
v -433.11145305633545 292.86593198776245 57.41841942071915
v -408.72066020965576 314.3879771232605 58.132727444171906
v -382.7914595603943 335.53662300109863 58.97603631019592
v -355.117392539978 355.84423542022705 59.84514355659485
v -325.56556463241577 374.7420072555542 60.6336772441864
v -294.1153407096863 391.6367769241333 61.245690286159515
v -260.86864471435547 405.9890627861023 61.60590201616287
v -226.04264616966248 417.37654209136963 61.66599243879318
v -189.9446725845337 425.5360722541809 61.4067479968071
v -152.93787717819214 430.3865432739258 60.83762347698212
v -115.40533304214478 432.02927112579346 59.99397039413452
v -77.71503031253815 430.7350516319275 58.933308720588684
v -40.18815904855728 426.9242763519287 57.73223787546158
v -3.0731884762644768 421.1387515068054 56.483177840709686
v 33.39599892497063 412.2608542442322 54.960983991622925
v 68.83523315191269 399.821412563324 53.056105971336365
v 103.01813185214996 385.29059886932373 51.01928114891052
v 135.92813909053802 369.94367837905884 49.06725883483887
v 167.71554350852966 354.82521057128906 47.38306403160095
v 198.65026473999023 340.71654081344604 46.114517748355865
v 229.07139658927917 328.1155228614807 45.37263661623001
v 259.33229327201843 317.22192764282227 45.22855281829834
v 289.7432327270508 307.9394817352295 45.710402727127075
v 320.5187916755676 299.89981055259705 46.80203050374985
v 351.7296552658081 292.51095056533813 48.44360947608948
v 383.27218294143677 285.02368927001953 50.53487867116928
v 414.8522973060608 276.6160190105438 52.94102132320404
v 445.99210023880005 266.4856195449829 55.501578748226166
v 476.0548710823059 253.9364755153656 58.0402672290802
v 504.2895555496216 238.45860958099365 60.377007722854614
v 529.8900604248047 219.78667974472046 62.34009861946106
v 552.0660996437073 197.93264865875244 63.77854496240616
v 570.1181888580322 173.19059371948242 64.57400321960449
v 583.5123896598816 146.11203968524933 64.65204656124115
v 591.9495463371277 117.44897961616516 63.99192810058594
v 595.4168915748596 88.0691260099411 62.63368874788284
v 594.2138671875 58.85002166032791 60.68073213100433
v 588.9416098594666 30.559654533863068 58.29635560512543
v 575.3063678741455 3.747923579066992 79.2490303516388
v 564.0512466430664 -21.15444839000702 75.39407908916473
v 549.4654655456543 -43.932513892650604 71.08955830335617
v 532.9943776130676 -64.54034596681595 66.83047413825989
v 515.7641887664795 -83.3065778017044 63.000668585300446
v 498.52999448776245 -100.78243017196655 59.86248403787613
v 481.67173862457275 -117.58947372436523 57.557085156440735
v 465.2427077293396 -134.2929571866989 56.1186209321022
v 449.0492105484009 -151.3156235218048 55.49696981906891
v 432.74370431900024 -168.89591217041016 55.58422654867172
v 415.9147024154663 -187.0873510837555 56.24130517244339
v 398.16205501556396 -205.78973293304443 57.32170343399048
v 379.15016412734985 -224.79772567749023 58.6899608373642
v 358.6358070373535 -243.85353326797485 60.233330726623535
v 336.4760756492615 -262.69569396972656 61.86838746070862
v 312.62011528015137 -281.09532594680786 63.54208141565323
v 287.0873808860779 -298.870986700058 65.22720605134964
v 259.9466621875763 -315.89595079421997 66.91774874925613
v 231.29196166992188 -332.08333253860474 68.62000823020935
v 201.22602581977844 -347.3668098449707 70.34508436918259
v 169.84943747520447 -361.67482137680054 72.1011534333229
v 137.25748658180237 -374.89893436431885 73.88534992933273
v 103.54528427124023 -386.86941862106323 75.67808032035828
v 68.81948858499527 -397.3260998725891 77.43574976921082
v 33.21670889854431 -405.9028744697571 79.08645272254944
v -3.0732208862900734 -412.11369037628174 80.5246353149414
v -39.85247611999512 -417.0151948928833 82.05133974552155
v -77.07967758178711 -421.2280869483948 83.8510662317276
v -114.59872126579285 -423.61700534820557 85.6398493051529
v -152.0876705646515 -423.21488857269287 87.16843128204346
v -189.09587860107422 -419.2712187767029 88.2274478673935
v -225.0881552696228 -411.287784576416 88.65179121494293
v -259.4978392124176 -399.05269145965576 88.32861185073853
v -291.78276658058167 -382.65191316604614 87.20296919345856
v -321.48438692092896 -362.46485710144043 85.28344631195068
v -348.28126430511475 -339.12906646728516 82.64360725879669
v -372.02961444854736 -313.477098941803 79.41811680793762
v -392.787230014801 -286.4568829536438 75.79586505889893
v -410.8119249343872 -259.0269684791565 72.00491577386856
v -426.5390396118164 -232.06218481063843 68.29705238342285
v -440.53605794906616 -206.2627673149109 64.92834985256195
v -453.4379839897156 -182.0849061012268 62.13863790035248
v -465.8761739730835 -159.70385670661926 60.133449733257294
v -478.40144634246826 -139.00685906410217 59.06673073768616
v -491.41080379486084 -119.62144374847412 59.02696251869202
v -505.08391857147217 -100.97162425518036 60.025517642498016
v -519.3354606628418 -82.36193060874939 61.98928356170654
v -533.7874889373779 -63.081492483615875 64.75733667612076
v -547.7720975875854 -42.517657577991486 68.0835708975792
v -560.3702187538147 -20.27115449309349 71.64826691150665
v -570.4821825027466 3.7479582242667675 75.075763463974
v -576.7946362495422 29.243262112140656 77.90856063365936
v -578.6252617835999 55.58156669139862 79.91359233856201
v -575.9544968605042 82.06843435764313 81.08714818954468
v -569.0219521522522 108.08270573616028 81.503427028656
v -558.2839965820312 133.16149413585663 81.30462169647217
v -544.344162940979 157.05708861351013 80.68396747112274
v -527.8626680374146 179.75231409072876 79.86114621162415
v -509.46221351623535 201.43051743507385 79.054194688797
v -489.647376537323 222.40814566612244 78.45253050327301
v -468.74985694885254 243.0425763130188 78.19478809833527
v -446.91227674484253 263.63561153411865 78.3554345369339
v -424.103844165802 284.3543350696564 78.94122004508972
v -400.1668453216553 305.17938137054443 79.89681959152222
v -374.8781204223633 325.8923649787903 81.11818134784698
v -348.0133295059204 346.097731590271 82.47012197971344
v -319.40428018569946 365.27870893478394 83.80683660507202
v -288.9785349369049 382.8614830970764 84.98885035514832
v -256.7776679992676 398.2911229133606 85.8985036611557
v -222.95642495155334 411.0928773880005 86.44917905330658
v -187.76573538780212 420.91898918151855 86.59004867076874
v -151.5244960784912 427.5770902633667 86.30694150924683
v -114.58831429481506 431.03681802749634 85.61921417713165
v -77.31835842132568 431.42656087875366 84.57644283771515
v -40.05087912082672 429.0152907371521 83.2531213760376
v -3.0731884762644768 424.1922855377197 81.74494206905365
v 33.33303853869438 416.0394072532654 79.7910064458847
v 68.77321600914001 404.2975187301636 77.29500532150269
v 103.00628542900085 390.3279662132263 74.58363622426987
v 135.988050699234 375.3316283226013 71.94354683160782
v 167.8335428237915 360.30707359313965 69.61945742368698
v 198.7761676311493 346.02288007736206 67.81340539455414
v 229.12083864212036 332.98741579055786 66.68010950088501
v 259.1939091682434 321.435284614563 66.32324159145355
v 289.28924202919006 311.32346391677856 66.79044216871262
v 319.6170687675476 302.3486137390137 68.07030737400055
v 350.25744438171387 293.98956298828125 70.09283602237701
v 381.12648725509644 285.56358218193054 72.73142337799072
v 411.9610548019409 276.30963921546936 75.81195831298828
v 442.3191547393799 265.47126173973083 79.1222870349884
v 471.6035485267639 252.38372683525085 82.42665231227875
v 499.10409450531006 236.55366897583008 85.4823499917984
v 524.0535378456116 217.71690845489502 88.0564033985138
v 545.6974267959595 195.87330222129822 89.94328379631042
v 563.3687496185303 171.29409313201904 90.98235368728638
v 576.5602827072144 144.49763596057892 91.07323586940765
v 584.9910378456116 116.19442105293274 90.1891440153122
v 588.6544704437256 87.20411360263824 88.38568031787872
v 587.8404021263123 58.35384875535965 85.80364286899567
v 583.1212878227234 30.36421090364456 82.66278505325317
v 567.4163818359375 3.747923579066992 102.76705920696259
v 557.281744480133 -20.980815589427948 98.30193221569061
v 544.1894888877869 -43.84824335575104 93.42927932739258
v 529.3217539787292 -64.83704745769501 88.67208659648895
v 513.5963559150696 -84.23347771167755 84.43433940410614
v 497.6192593574524 -102.49950885772705 80.98710179328918
v 481.6929817199707 -120.15058994293213 78.47425639629364
v 465.85471630096436 -137.6527190208435 76.92703306674957
v 449.94335174560547 -155.35379648208618 76.28883719444275
v 433.6747169494629 -173.45030307769775 76.44297480583191
v 416.71321392059326 -191.9862985610962 77.24020779132843
v 398.73186349868774 -210.8770251274109 78.5226970911026
v 379.45539951324463 -229.9473524093628 80.1431804895401
v 358.68186950683594 -248.97142052650452 81.97628259658813
v 336.2918257713318 -267.7130699157715 83.92615020275116
v 312.2402787208557 -285.9505891799927 85.92585325241089
v 286.54484152793884 -303.49624156951904 87.93588280677795
v 259.2675268650055 -320.19914388656616 89.93766903877258
v 230.49818873405457 -335.9390616416931 91.92633926868439
v 200.3422737121582 -350.6163954734802 93.90420019626617
v 168.91039609909058 -364.1318678855896 95.8720475435257
v 136.31589710712433 -376.3669967651367 97.8223979473114
v 102.67618596553802 -387.16278076171875 99.73215758800507
v 68.12122017145157 -396.2998151779175 101.55614018440247
v 32.80578330159187 -403.48302125930786 103.22125554084778
v -3.073220606893301 -408.32955837249756 104.6205997467041
v -39.31530565023422 -411.72884702682495 106.08210861682892
v -75.85003674030304 -414.19286727905273 107.80106484889984
v -112.51132786273956 -414.7867441177368 109.46974754333496
v -148.99580776691437 -412.7190828323364 110.81797778606415
v -184.89468097686768 -407.38542079925537 111.61984205245972
v -219.73307132720947 -398.40413331985474 111.70097887516022
v -253.01608443260193 -385.64043045043945 110.94616055488586
v -284.27796363830566 -369.21833753585815 109.30691957473755
v -313.131844997406 -349.5092511177063 106.80589377880096
v -339.31556940078735 -327.102255821228 103.53883802890778
v -362.7248525619507 -302.74468660354614 99.66902732849121
v -383.4290385246277 -277.2683322429657 95.41733264923096
v -401.67174339294434 -251.50548219680786 91.04781746864319
v -417.8446054458618 -226.20078921318054 86.84685230255127
v -432.4488043785095 -201.93904638290405 83.10333788394928
v -446.0369110107422 -179.0854811668396 80.08454740047455
v -459.1509461402893 -157.75800347328186 78.01682353019714
v -472.2545385360718 -137.82303929328918 77.06557810306549
v -485.6695532798767 -118.92323791980743 77.31985151767731
v -499.5221257209778 -100.52981078624725 78.7799745798111
v -513.7025713920593 -82.01790153980255 81.3495934009552
v -527.8432846069336 -62.7591535449028 84.8323792219162
v -541.3262128829956 -42.22224801778793 88.93714249134064
v -553.3135771751404 -20.071714371442795 93.28880310058594
v -562.8203630447388 3.747957944869995 97.45324552059174
v -568.5990571975708 28.941457718610764 100.86482763290405
v -569.9685573577881 54.88716512918472 103.21791172027588
v -566.9275760650635 80.90600073337555 104.51433062553406
v -559.717333316803 106.39188587665558 104.84949946403503
v -548.7837910652161 130.89159429073334 104.40170466899872
v -534.7115278244019 154.15785312652588 103.41108441352844
v -518.1413769721985 176.16568207740784 102.15136706829071
v -499.68488216400146 197.0877170562744 100.89745223522186
v -479.848837852478 217.23520159721375 99.8936265707016
v -458.98250341415405 236.97502613067627 99.32696521282196
v -437.25825548171997 256.6401779651642 99.31017458438873
v -414.6792769432068 276.4513313770294 99.87441301345825
v -391.1190390586853 296.46302461624146 100.97426176071167
v -366.3729429244995 316.5407180786133 102.50021517276764
v -340.2187943458557 336.3736867904663 104.29882407188416
v -312.46901750564575 355.51353693008423 106.19418919086456
v -283.0141603946686 373.4307289123535 108.00948143005371
v -251.84460282325745 389.5805239677429 109.58541333675385
v -219.05681490898132 403.4608483314514 110.7925683259964
v -184.84457731246948 414.661180973053 111.53969764709473
v -149.47740733623505 422.8943467140198 111.77583038806915
v -113.27603459358215 428.0112862586975 111.4890843629837
v -76.58495306968689 430.0029158592224 110.70279479026794
v -39.74544703960419 428.9908289909363 109.47040915489197
v -3.073188755661249 425.2128481864929 107.87111520767212
v 33.11323598027229 417.9593324661255 105.64309358596802
v 68.41964721679688 407.16919898986816 102.73353159427643
v 102.59671211242676 394.0626382827759 99.52208697795868
v 135.57438254356384 379.73692417144775 96.34744226932526
v 167.43099689483643 365.12285470962524 93.50380003452301
v 198.35786819458008 350.9518504142761 91.23759269714355
v 228.61822843551636 337.72709369659424 89.74208235740662
v 258.5012912750244 325.703501701355 89.15078938007355
v 288.27304244041443 314.88261222839355 89.53135907649994
v 318.12740564346313 305.0216317176819 90.88008105754852
v 348.1411814689636 295.6705927848816 93.12144219875336
v 378.24307680130005 286.2249791622162 96.11125588417053
v 408.19305181503296 275.994998216629 99.64367151260376
v 437.58530616760254 264.2906069755554 103.46605181694031
v 465.8663749694824 250.4991352558136 107.29398429393768
v 492.3761487007141 234.16450023651123 110.83371341228485
v 516.4000511169434 215.04203081130981 113.80224823951721
v 537.237560749054 193.134605884552 115.95119833946228
v 554.2725205421448 168.69826912879944 117.0878916978836
v 567.0426607131958 142.21964478492737 117.09516942501068
v 575.3003597259521 114.36198949813843 115.94672799110413
v 579.055666923523 85.88584363460541 113.71694505214691
v 578.594183921814 57.553066313266754 110.58308780193329
v 574.4617938995361 30.020707100629807 106.81698024272919
v 556.8852066993713 3.747923579066992 126.0884016752243
v 547.9239463806152 -20.679889619350433 121.26023769378662
v 536.3612294197083 -43.51361095905304 116.12972617149353
v 523.1276392936707 -64.76094424724579 111.20303571224213
v 508.9340329170227 -84.66263115406036 106.86372220516205
v 494.2473292350769 -103.59257161617279 103.3670961856842
v 479.2946934700012 -121.9607412815094 100.84382593631744
v 464.0997648239136 -140.13561308383942 99.31786358356476
v 448.5331892967224 -158.39041471481323 98.72910976409912
v 432.3716998100281 -176.87825560569763 98.96070063114166
v 415.35311937332153 -195.63090205192566 99.86467659473419
v 397.2225308418274 -214.5765244960785 101.2845128774643
v 377.7634620666504 -233.56622457504272 103.07174921035767
v 356.8169116973877 -252.40504145622253 105.09728193283081
v 334.2877507209778 -270.88038325309753 107.25757777690887
v 310.1406455039978 -288.7814998626709 109.47457551956177
v 284.39345955848694 -305.9163451194763 111.69517636299133
v 257.10416436195374 -322.1156716346741 113.88564705848694
v 228.3600926399231 -337.23156452178955 116.02578163146973
v 198.26935529708862 -351.13502740859985 118.10442209243774
v 166.95224046707153 -363.7036085128784 120.11164426803589
v 134.5386564731598 -374.81056451797485 122.03333973884583
v 101.16686224937439 -384.30941104888916 123.84410798549652
v 66.98826849460602 -392.0222997665405 125.50178468227386
v 32.17407390475273 -397.7243185043335 126.94020867347717
v -3.0732200480997562 -401.13998651504517 128.06589603424072
v -38.55273127555847 -402.9987573623657 129.20921444892883
v -74.16876554489136 -403.71501445770264 130.56190609931946
v -109.750235080719 -402.55926847457886 131.82087242603302
v -145.01852989196777 -398.9217281341553 132.72112011909485
v -179.61342930793762 -392.34670400619507 133.04225206375122
v -213.12682628631592 -382.56579637527466 132.61827528476715
v -245.14101147651672 -369.5162773132324 131.34503066539764
v -275.2701222896576 -353.3489227294922 129.18833792209625
v -303.20026874542236 -334.4157099723816 126.18719637393951
v -328.72713804244995 -313.2419228553772 122.45570719242096
v -351.78083181381226 -290.4741168022156 118.17559897899628
v -372.4369525909424 -266.81703329086304 113.58557939529419
v -390.91540575027466 -242.96422004699707 108.96614491939545
v -407.5563311576843 -219.52518224716187 104.61778342723846
v -422.785484790802 -196.9655692577362 100.83959698677063
v -437.0664596557617 -175.56214928627014 97.9061633348465
v -450.8450388908386 -155.37899136543274 96.04524672031403
v -464.49440717697144 -136.26904785633087 95.41894197463989
v -478.26043367385864 -117.89923310279846 96.10693752765656
v -492.2175407409668 -99.7974693775177 98.09421300888062
v -506.2353730201721 -81.41824007034302 101.26266181468964
v -519.9643850326538 -62.22391873598099 105.39000034332275
v -532.8416347503662 -41.76917374134064 110.15399694442749
v -544.1252589225769 -19.786018878221512 115.14835059642792
v -552.9492974281311 3.7479573860764503 119.90443468093872
v -558.1822156906128 28.54534685611725 123.78722727298737
v -559.1779589653015 54.017914831638336 126.43572092056274
v -555.935525894165 79.52240109443665 127.85069346427917
v -548.6793279647827 104.48246598243713 128.14001441001892
v -537.8202795982361 128.46086025238037 127.50401794910431
v -523.8994002342224 151.20906829833984 126.21375918388367
v -507.5140357017517 172.68422842025757 124.5803564786911
v -489.24275636672974 193.03098320960999 122.92075753211975
v -469.57669258117676 212.53173351287842 121.52271866798401
v -448.87136220932007 231.5367043018341 120.61647176742554
v -427.3229956626892 250.3817617893219 120.35261392593384
v -404.9728274345398 269.318550825119 120.79403400421143
v -381.73452615737915 288.4572923183441 121.91625237464905
v -357.4381113052368 307.7397108078003 123.61940145492554
v -331.8815588951111 326.93978548049927 125.7471352815628
v -304.8785090446472 345.68982124328613 128.10843586921692
v -276.3008952140808 363.5239362716675 130.50092160701752
v -246.10319137573242 379.9338698387146 132.73137509822845
v -214.33444619178772 394.41990852355957 134.63074564933777
v -181.1364769935608 406.53902292251587 136.06532514095306
v -146.72960937023163 415.93780517578125 136.94115579128265
v -111.39488518238068 422.37342596054077 137.20502257347107
v -75.4516214132309 425.7212162017822 136.84134185314178
v -39.234526455402374 425.97484588623047 135.86871922016144
v -3.073188755661249 423.2356309890747 134.3342274427414
v 32.69284665584564 416.9989585876465 132.00735747814178
v 67.68259853124619 407.36879110336304 128.89921367168427
v 101.6471654176712 395.4014182090759 125.41596293449402
v 134.49533879756927 382.06526041030884 121.9264805316925
v 166.27017259597778 368.2002067565918 118.75766515731812
v 197.1187949180603 354.4792056083679 116.18730425834656
v 227.25738286972046 341.3792610168457 114.43709135055542
v 256.9298565387726 329.1582226753235 113.66356015205383
v 286.3635241985321 317.8471326828003 113.95032405853271
v 315.7240390777588 307.2552680969238 115.30061066150665
v 345.0740575790405 297.00230956077576 117.6363855600357
v 374.34353828430176 286.56343817710876 120.80090045928955
v 403.309965133667 275.33286809921265 124.5662659406662
v 431.6000461578369 262.7003788948059 128.649964928627
v 458.70741605758667 248.12498688697815 132.73335993289948
v 484.0283274650574 231.20566606521606 136.48574352264404
v 506.9136142730713 211.7358684539795 139.59092795848846
v 526.7303109169006 189.73388671875 141.77278876304626
v 542.9286003112793 165.44868350028992 142.8214430809021
v 555.1043629646301 139.3364578485489 142.61459112167358
v 563.0544662475586 112.00953125953674 141.1351203918457
v 566.81227684021 84.1612458229065 138.48007321357727
v 566.6613936424255 56.47769272327423 134.8619967699051
v 563.1173372268677 29.541226476430893 130.59749007225037
v 543.8620090484619 3.747923579066992 149.11217987537384
v 536.0491991043091 -20.255861431360245 144.13445591926575
v 525.9508609771729 -42.91880875825882 138.999742269516
v 514.2674803733826 -64.26603645086288 134.1604381799698
v 501.5296697616577 -84.4944566488266 129.9555480480194
v 488.07928562164307 -103.8952499628067 126.6046553850174
v 474.07954931259155 -122.78226613998413 124.21611249446869
v 459.5418334007263 -141.4335072040558 122.80230224132538
v 444.36635971069336 -160.05327701568604 122.30244576931
v 428.38475704193115 -178.75297665596008 122.60536551475525
v 411.4011883735657 -197.550630569458 123.57255220413208
v 393.2251453399658 -216.38243794441223 125.05688667297363
v 373.6951231956482 -235.12122631072998 126.91668570041656
v 352.69263982772827 -253.5987675189972 129.02569770812988
v 330.147385597229 -271.62410616874695 131.27706348896027
v 306.03647232055664 -288.9995276927948 133.58450531959534
v 280.38015961647034 -305.5318593978882 135.88127195835114
v 253.23593616485596 -321.0411787033081 138.11806440353394
v 224.69049096107483 -335.36049127578735 140.25772511959076
v 194.85493898391724 -348.340380191803 142.27369129657745
v 163.85786533355713 -359.8416209220886 144.14327144622803
v 131.8427324295044 -369.7331428527832 145.84478437900543
v 98.96518886089325 -377.88448333740234 147.35218584537506
v 65.39387851953506 -384.15613174438477 148.62938225269318
v 31.312814354896545 -388.3923411369324 149.62536692619324
v -3.0732194893062115 -390.41794538497925 150.2710461616516
v -37.56619691848755 -390.8220648765564 150.88269710540771
v -72.05141633749008 -389.9350047111511 151.63759589195251
v -106.35879635810852 -387.22429275512695 152.2626757621765
v -140.23893177509308 -382.25104808807373 152.51930952072144
v -173.38376641273499 -374.6999144554138 152.21171379089355
v -205.4532766342163 -364.4035577774048 151.1960506439209
v -236.1067771911621 -351.3590455055237 149.3892252445221
v -265.0357782840729 -335.73174476623535 146.7759132385254
v -291.9948220252991 -317.8410530090332 143.41042041778564
v -316.8306827545166 -298.1384038925171 139.41844403743744
v -339.50035572052 -277.1610975265503 134.9883645772934
v -360.07879972457886 -255.48482537269592 130.36189377307892
v -378.75516414642334 -233.66389274597168 125.81722140312195
v -395.81226110458374 -212.17591166496277 121.64873778820038
v -411.59766912460327 -191.3750410079956 118.14647912979126
v -426.482892036438 -171.45633101463318 115.57264029979706
v -440.81976413726807 -152.44075655937195 114.14167284965515
v -454.89338636398315 -134.1767817735672 114.00032043457031
v -468.87896060943604 -116.36422276496887 115.2122050523758
v -482.80513286590576 -98.59418570995331 117.74515807628632
v -496.5295672416687 -80.40589392185211 121.46510481834412
v -509.7272515296936 -61.35377436876297 126.13386511802673
v -521.8998670578003 -41.07847362756729 131.4164936542511
v -532.4026823043823 -19.375674426555634 136.8951380252838
v -540.4964447021484 3.7479568272829056 142.09440350532532
v -545.1973915100098 28.021549433469772 146.35353684425354
v -545.9205150604248 52.909308671951294 149.27938878536224
v -542.6531195640564 77.82236337661743 150.8640468120575
v -535.5836033821106 102.22673714160919 151.21318101882935
v -525.0697374343872 125.70811808109283 150.53202509880066
v -511.587917804718 148.0168104171753 149.1020768880844
v -495.67168951034546 169.08527612686157 147.25041389465332
v -477.8473377227783 189.0166997909546 145.31608521938324
v -458.5737705230713 208.045756816864 143.614062666893
v -438.1990313529968 226.4812409877777 142.4057811498642
v -416.9364809989929 244.63689923286438 141.87574982643127
v -394.86279487609863 262.7685606479645 142.11969673633575
v -371.93673849105835 281.02004528045654 143.14211905002594
v -348.03367853164673 299.39319491386414 144.865483045578
v -322.9875326156616 317.7398085594177 147.14631736278534
v -296.6321289539337 335.7763409614563 149.79587495326996
v -268.83986592292786 353.113317489624 152.6020109653473
v -239.54728245735168 369.30041313171387 155.3511679172516
v -208.770489692688 383.8691711425781 157.84471035003662
v -176.609069108963 396.3764548301697 159.91222858428955
v -143.23871433734894 406.4372420310974 161.41861081123352
v -108.89944732189178 413.7484073638916 162.26701140403748
v -73.87913167476654 418.1026339530945 162.39833235740662
v -38.49442899227142 419.39406394958496 161.78893446922302
v -3.073188755661249 417.61661767959595 160.44652462005615
v 32.04231709241867 412.45189905166626 158.19658041000366
v 66.49728119373322 404.1285037994385 155.12407422065735
v 100.05247592926025 393.5221195220947 151.63278579711914
v 132.60247707366943 381.45607709884644 148.0986624956131
v 164.15839791297913 368.6584711074829 144.86061036586761
v 194.82384324073792 355.7237505912781 142.21123158931732
v 224.76494908332825 343.082070350647 140.38654267787933
v 254.17436957359314 330.97522258758545 139.55502212047577
v 283.23249220848083 319.44862604141235 139.80874121189117
v 312.06711530685425 308.35286378860474 141.15396738052368
v 340.71686267852783 297.37154245376587 143.51051151752472
v 369.1033601760864 286.0595405101776 146.7125415802002
v 397.0153570175171 273.9013910293579 150.51886439323425
v 424.1092085838318 260.37758588790894 154.62908148765564
v 449.9265432357788 245.0326681137085 158.7057888507843
v 473.9256978034973 227.5359034538269 162.39944100379944
v 495.530104637146 207.73099064826965 165.37835597991943
v 514.184582233429 185.6620967388153 167.3572540283203
v 529.4149160385132 161.57644987106323 168.12511682510376
v 540.8838272094727 135.90140640735626 167.56786108016968
v 548.4371066093445 109.1956615447998 165.68562984466553
v 552.1342277526855 82.08087086677551 162.60164380073547
v 552.2547125816345 55.161675810813904 158.56052041053772
v 549.2824673652649 28.94103080034256 153.91706228256226
v 528.5083651542664 3.747923579066992 171.79244756698608
v 521.7630386352539 -19.715577363967896 166.82968139648438
v 512.9930019378662 -42.06482470035553 161.86823844909668
v 502.7059078216553 -63.33480477333069 157.2873294353485
v 491.2804126739502 -83.6807370185852 153.36504578590393
v 478.9569139480591 -103.32111418247223 150.27660727500916
v 465.8465266227722 -122.48587310314178 148.1024444103241
v 451.9526481628418 -141.37500822544098 146.84265553951263
v 437.2008204460144 -160.13191938400269 146.43654227256775
v 421.4695930480957 -178.83033156394958 146.78202867507935
v 404.6189546585083 -197.47336506843567 147.75402545928955
v 386.5142583847046 -216.0014033317566 149.21952188014984
v 367.04163551330566 -234.30370688438416 151.04829668998718
v 346.1190104484558 -252.23289728164673 153.12028527259827
v 323.7005352973938 -269.61783170700073 155.3291916847229
v 299.77689385414124 -286.2740993499756 157.5829803943634
v 274.37474727630615 -302.0140528678894 159.8043143749237
v 247.55306839942932 -316.6534423828125 161.92873120307922
v 219.4004774093628 -330.0181746482849 163.90430331230164
v 190.030699968338 -341.9467091560364 165.68838357925415
v 159.57890152931213 -352.29324102401733 167.24644303321838
v 128.1987190246582 -360.93074083328247 168.551105260849
v 96.0575670003891 -367.7445888519287 169.57606673240662
v 63.33577483892441 -372.6337194442749 170.2953279018402
v 30.224651098251343 -375.50532817840576 170.67879438400269
v -3.0732186511158943 -376.2743353843689 170.69045305252075
v -36.366842687129974 -375.41030645370483 170.62084078788757
v -69.53017115592957 -373.1752395629883 170.62756419181824
v -102.39988267421722 -369.21147108078003 170.48497796058655
v -134.7584456205368 -363.2306098937988 169.99631524085999
v -166.34953022003174 -355.0373911857605 169.00264620780945
v -196.89881801605225 -344.5505619049072 167.39296317100525
v -226.1370062828064 -331.8093538284302 165.1092231273651
v -253.8251280784607 -316.97967052459717 162.15537786483765
v -279.7782003879547 -300.3413915634155 158.5985541343689
v -303.8843035697937 -282.26494789123535 154.5667827129364
v -326.11963748931885 -263.1811738014221 150.24474263191223
v -346.5508818626404 -243.5394823551178 145.86177170276642
v -365.33210277557373 -223.7648069858551 141.67790114879608
v -382.68721103668213 -204.21452522277832 137.96479403972626
v -398.88625144958496 -185.14373302459717 134.9867820739746
v -414.2138600349426 -166.6799783706665 132.98039138317108
v -428.933322429657 -148.81177246570587 132.134610414505
v -443.24995279312134 -131.3928723335266 132.57331252098083
v -457.27694034576416 -114.16228115558624 134.3404769897461
v -471.0069537162781 -96.77802622318268 137.38911151885986
v -484.2937231063843 -78.86348962783813 141.57542288303375
v -496.84399366378784 -60.06236672401428 146.65786027908325
v -508.2270383834839 -40.09545296430588 152.30457186698914
v -517.8984045982361 -18.815790116786957 158.10792446136475
v -525.2418279647827 3.747955709695816 163.60793709754944
v -529.4388055801392 27.348927408456802 168.1620955467224
v -529.9819707870483 51.51740312576294 171.37080430984497
v -526.838493347168 75.73211789131165 173.2082962989807
v -520.1507806777954 99.5116800069809 173.7644076347351
v -510.2099061012268 122.47081696987152 173.23023676872253
v -497.41469621658325 144.36054825782776 171.87609672546387
v -482.220983505249 165.08647799491882 170.0227975845337
v -465.088427066803 184.70252752304077 168.00883412361145
v -446.4306950569153 203.3835232257843 166.15766286849976
v -426.57591104507446 221.37946486473083 164.74665999412537
v -405.74469566345215 238.9602541923523 163.98446559906006
v -384.0432286262512 256.36215806007385 163.9962673187256
v -361.4757299423218 273.7403333187103 164.81916904449463
v -337.9676342010498 291.13706946372986 166.40664339065552
v -313.3989214897156 308.4687352180481 168.64137053489685
v -287.6377522945404 325.5301594734192 171.3527798652649
v -260.5741560459137 342.0138716697693 174.33680891990662
v -232.14370608329773 357.5414299964905 177.37614512443542
v -202.34540104866028 371.6993451118469 180.25810718536377
v -171.24876379966736 384.073805809021 182.78798460960388
v -138.99208009243011 394.28189992904663 184.7983181476593
v -105.77664971351624 401.9970774650574 186.15512251853943
v -71.85514569282532 406.9658875465393 186.75906658172607
v -37.51687556505203 409.0185284614563 186.5455448627472
v -3.0731890350580215 408.0743908882141 185.4832112789154
v 31.148455291986465 403.9767622947693 183.47082138061523
v 64.83052521944046 397.0315933227539 180.66449761390686
v 97.75223135948181 387.93078660964966 177.43930220603943
v 129.80118691921234 377.342426776886 174.15373921394348
v 160.96177697181702 365.86886644363403 171.13736271858215
v 191.29634499549866 354.00885343551636 168.6775803565979
v 220.92082500457764 342.12913513183594 167.0087993144989
v 249.9739944934845 330.4398536682129 166.29799604415894
v 278.5838484764099 318.9850330352783 166.63461327552795
v 306.8344473838806 307.64654874801636 168.0228352546692
v 334.73256826400757 296.16402983665466 170.37761807441711
v 362.1860861778259 284.17083621025085 173.5281765460968
v 388.9898657798767 271.2432324886322 177.22755074501038
v 414.8277997970581 256.9586992263794 181.17043375968933
v 439.2886161804199 240.95349311828613 185.0155770778656
v 461.8955969810486 222.97611236572266 188.41313123703003
v 482.1487069129944 202.92792320251465 191.03509783744812
v 499.57494735717773 180.88420629501343 192.6055669784546
v 513.7793898582458 157.09308385849 192.92778968811035
v 524.493134021759 131.9535255432129 191.90788865089417
v 531.6113948822021 105.96974194049835 189.5702362060547
v 535.2164268493652 79.69000339508057 186.06489300727844
v 535.5820298194885 53.63727807998657 181.66548013687134
v 533.1528425216675 28.235062211751938 176.7526924610138
v 510.968542098999 3.747923579066992 194.11704540252686
v 505.1759719848633 -19.065917283296585 189.27987813949585
v 497.56139516830444 -40.95886051654816 184.59143042564392
v 488.47954273223877 -61.968111991882324 180.35091161727905
v 478.190553188324 -82.21093118190765 176.7717182636261
v 466.8568253517151 -101.8442451953888 173.98290038108826
v 454.5508146286011 -121.02835178375244 172.0364212989807
v 441.2715554237366 -139.89858627319336 170.92037200927734
v 426.9659757614136 -158.54750275611877 170.57483196258545
v 411.55078411102295 -177.01601386070251 170.9075689315796
v 394.93160247802734 -195.29269337654114 171.80787920951843
v 377.0190238952637 -213.3188009262085 173.15819263458252
v 357.73926973342896 -230.99466562271118 174.84092116355896
v 337.04216480255127 -248.18991422653198 176.74478888511658
v 314.9043917655945 -264.7501766681671 178.7660300731659
v 291.33151173591614 -280.5060088634491 180.81039190292358
v 266.3580894470215 -295.2787399291992 182.79225826263428
v 240.04810452461243 -308.89045000076294 184.63729619979858
v 212.4925196170807 -321.1677074432373 186.28032803535461
v 183.80786776542664 -331.94907903671265 187.6664400100708
v 154.1340172290802 -341.09437465667725 188.75375390052795
v 123.62959384918213 -348.4838604927063 189.509117603302
v 92.46843159198761 -354.0250539779663 189.91060853004456
v 60.83570569753647 -357.6527237892151 189.94499444961548
v 28.92342209815979 -359.3286395072937 189.60655331611633
v -3.073217812925577 -359.0443253517151 188.8977348804474
v -34.97475162148476 -357.17049837112427 188.07717561721802
v -66.65154844522476 -353.9134740829468 187.27946877479553
v -97.95175194740295 -349.0591049194336 186.3351345062256
v -128.69016230106354 -342.44245290756226 185.0978136062622
v -158.65895748138428 -333.96488428115845 183.45201015472412
v -187.6423716545105 -323.6072301864624 181.32120966911316
v -215.43440222740173 -311.43890619277954 178.67603302001953
v -241.8546438217163 -297.61274456977844 175.53545236587524
v -266.7668581008911 -282.36270546913147 171.97329998016357
v -290.0915801525116 -265.9825623035431 168.11404824256897
v -311.81477308273315 -248.80083203315735 164.12646174430847
v -331.9905638694763 -231.15466833114624 160.21730303764343
v -350.7359504699707 -213.35411667823792 156.61556124687195
v -368.2183027267456 -195.65396904945374 153.55862975120544
v -384.6357822418213 -178.2270312309265 151.27403140068054
v -400.1942753791809 -161.1478328704834 149.96314644813538
v -415.078604221344 -144.38446462154388 149.78270530700684
v -429.425847530365 -127.8036117553711 150.83009004592896
v -443.2980179786682 -111.18709444999695 153.1295120716095
v -456.66199922561646 -94.25914585590363 156.62299990653992
v -469.3752408027649 -76.72295272350311 161.16490960121155
v -481.1807870864868 -58.30409824848175 166.52174592018127
v -491.71589612960815 -38.79466652870178 172.37918972969055
v -500.53231716156006 -18.096105381846428 178.35665345191956
v -507.1286916732788 3.7479545921087265 184.02754068374634
v -510.85360050201416 26.519673317670822 188.80532383918762
v -511.2850785255432 49.822139739990234 192.30787754058838
v -508.36769342422485 73.20875823497772 194.4851517677307
v -502.19424962997437 96.2567925453186 195.39890885353088
v -492.9846525192261 118.61499845981598 195.20993828773499
v -481.0551166534424 140.03885686397552 194.15836930274963
v -466.7778253555298 160.40881276130676 192.5378680229187
v -450.5383014678955 179.72905039787292 190.66616892814636
v -432.69546031951904 198.1092095375061 188.85485529899597
v -413.54827880859375 215.73189496994019 187.38160729408264
v -393.3143734931946 232.80898332595825 186.46624088287354
v -372.122061252594 249.539977312088 186.25661730766296
v -350.01479387283325 266.07048511505127 186.81991696357727
v -326.9676089286804 282.4637174606323 188.14462423324585
v -302.91048288345337 298.6834466457367 190.14827013015747
v -277.75440216064453 314.5927906036377 192.69157648086548
v -251.41865015029907 329.96184825897217 195.59365510940552
v -223.8523006439209 344.4910168647766 198.65155220031738
v -195.05104422569275 357.83547163009644 201.65532231330872
v -165.06668329238892 369.6336507797241 204.40240502357483
v -134.00952816009521 379.534649848938 206.7084789276123
v -102.04649269580841 387.2212886810303 208.4147036075592
v -69.3943664431572 392.428994178772 209.39218997955322
v -36.308929324150085 394.96006965637207 209.5444679260254
v -3.073189314454794 394.69252824783325 208.80820155143738
v 30.014582723379135 391.60022735595703 207.16357827186584
v 62.68188804388046 386.02466583251953 204.82678413391113
v 94.73314583301544 378.48029136657715 202.121239900589
v 126.05579495429993 369.47869062423706 199.36582446098328
v 156.6131830215454 359.48989391326904 196.8591570854187
v 186.43081784248352 348.9086866378784 194.86513137817383
v 215.57629108428955 338.0250334739685 193.59760880470276
v 244.13527250289917 327.00666189193726 193.2087242603302
v 272.1825420856476 315.8860445022583 193.77483129501343
v 299.7553288936615 304.5648694038391 195.28979659080505
v 326.8267035484314 292.8337097167969 197.66315817832947
v 353.2870888710022 280.3984522819519 200.72094798088074
v 378.9355158805847 266.92548394203186 204.21860218048096
v 403.48116159439087 252.0881474018097 207.85703659057617
v 426.5597462654114 235.61604022979736 211.30685806274414
v 447.7584958076477 217.33744740486145 214.2344355583191
v 466.6539788246155 197.21263647079468 216.3332462310791
v 482.85402059555054 175.34762620925903 217.35198497772217
v 496.04111909866333 151.9915759563446 217.12192296981812
v 506.0109257698059 127.51427292823792 215.5777394771576
v 512.703287601471 102.36583650112152 212.7724528312683
v 516.2175893783569 77.02274322509766 208.88115763664246
v 516.814112663269 51.9292026758194 204.19785976409912
v 514.8947238922119 27.43520960211754 199.11852478981018
v 491.34700298309326 3.747923579066992 216.072678565979
v 486.3772988319397 -18.3114442974329 211.42001152038574
v 479.7353982925415 -39.60833698511124 207.03434944152832
v 471.66173458099365 -60.175614058971405 203.13910245895386
v 462.33015060424805 -80.09705543518066 199.8880684375763
v 451.84614658355713 -99.47880506515503 197.36688137054443
v 440.2560353279114 -118.42541098594666 195.60232758522034
v 427.55792140960693 -137.02079057693481 194.57191228866577
v 413.71686458587646 -155.31671047210693 194.2171275615692
v 398.6797571182251 -173.32706451416016 194.45491433143616
v 382.38826990127563 -191.02744460105896 195.18826603889465
v 364.78854417800903 -208.357572555542 196.31338119506836
v 345.8398461341858 -225.22616386413574 197.72595763206482
v 325.5185008049011 -241.51546955108643 199.32323098182678
v 303.8214683532715 -257.08669424057007 201.00619196891785
v 280.76897263526917 -271.7857003211975 202.68074870109558
v 256.4055025577545 -285.44905185699463 204.25883531570435
v 230.80042004585266 -297.9103446006775 205.6592345237732
v 204.04817461967468 -309.00700092315674 206.8095088005066
v 176.26767754554749 -318.58967542648315 207.64880776405334
v 147.59982526302338 -326.5293002128601 208.1298530101776
v 118.2045042514801 -332.7238440513611 208.22060108184814
v 88.2556289434433 -337.1048927307129 207.906174659729
v 57.936255633831024 -339.6399736404419 207.18834400177002
v 27.43244469165802 -340.3370261192322 206.08819127082825
v -3.0732166953384876 -339.24626111984253 204.6468436717987
v -33.41687098145485 -336.6597890853882 203.0896782875061
v -63.472071290016174 -332.734215259552 201.5236794948578
v -93.10161173343658 -327.366042137146 199.83760714530945
v -122.15084731578827 -320.48306465148926 197.93572425842285
v -150.45481324195862 -312.05763816833496 195.74652314186096
v -177.84769535064697 -302.1132230758667 193.22728514671326
v -204.17445302009583 -290.73044657707214 190.3713047504425
v -229.3024241924286 -278.04561853408813 187.21117973327637
v -253.13209891319275 -264.2442584037781 183.82033109664917
v -275.6061851978302 -249.5489001274109 180.31205534934998
v -296.71491980552673 -234.20062065124512 176.83398127555847
v -316.4956212043762 -218.43892335891724 173.56072068214417
v -335.0303292274475 -202.4795114994049 170.68383693695068
v -352.4348258972168 -186.4937424659729 168.39923858642578
v -368.8447594642639 -170.5909252166748 166.8929636478424
v -384.3978524208069 -154.8066794872284 166.32612347602844
v -399.2136240005493 -139.09926116466522 166.82127714157104
v -413.37318420410156 -123.3534425497055 168.44878792762756
v -426.89934968948364 -107.39417374134064 171.215558052063
v -439.74190950393677 -91.00741446018219 175.05691051483154
v -451.7680764198303 -73.96839112043381 179.83278036117554
v -462.7584457397461 -56.074342131614685 185.3268563747406
v -472.4162220954895 -37.17819303274155 191.25494956970215
v -480.3805947303772 -17.22003109753132 197.27463126182556
v -486.2531304359436 3.747953474521637 203.00477743148804
v -489.53661918640137 25.538861006498337 207.9403817653656
v -489.89410400390625 47.82825708389282 211.73613667488098
v -487.25119829177856 70.24480104446411 214.3154740333557
v -481.6536784172058 92.42629408836365 215.70475101470947
v -473.2548236846924 114.05906081199646 216.02395176887512
v -462.29056119918823 134.90776419639587 215.46887755393982
v -449.0507483482361 154.83307242393494 214.29026126861572
v -433.8461995124817 173.79425168037415 212.76826858520508
v -416.9774293899536 191.83915257453918 211.1864984035492
v -398.7066864967346 209.08125042915344 209.80610847473145
v -379.24110889434814 225.66983699798584 208.84618163108826
v -358.72042179107666 241.75615310668945 208.46602320671082
v -337.2199058532715 257.46220350265503 208.75768661499023
v -314.7579789161682 272.85452485084534 209.74300503730774
v -291.31255745887756 287.92728781700134 211.37784719467163
v -266.8391704559326 302.5960922241211 213.56120109558105
v -241.29306077957153 316.7004346847534 216.14806652069092
v -214.6457076072693 330.0162434577942 218.96368861198425
v -186.90032958984375 342.2732949256897 221.8175768852234
v -158.10198783874512 353.17583084106445 224.51705932617188
v -128.34189534187317 362.4251961708069 226.87795758247375
v -97.7586954832077 369.73958015441895 228.73342037200928
v -66.5352612733841 374.87261295318604 229.94036078453064
v -34.891048818826675 377.6282072067261 230.38408756256104
v -3.073189314454794 377.8726816177368 229.98143434524536
v 28.658761829137802 375.6775975227356 228.79350185394287
v 60.08075773715973 371.38545513153076 227.0799458026886
v 91.02632403373718 365.3493046760559 225.09616613388062
v 121.38810753822327 357.93285369873047 223.1034815311432
v 151.11427903175354 349.47667121887207 221.3517129421234
v 180.19868731498718 340.26893377304077 220.06332278251648
v 208.66582989692688 330.52107095718384 219.41773295402527
v 236.55139803886414 320.3500270843506 219.53752040863037
v 263.8802647590637 309.77128744125366 220.47711610794067
v 290.64520597457886 298.7003803253174 222.2148835659027
v 316.78587198257446 286.9697570800781 224.65167045593262
v 342.1769857406616 274.35320019721985 227.6148498058319
v 366.6209578514099 260.59995889663696 230.86845874786377
v 389.8519277572632 245.4737663269043 234.13045406341553
v 411.55006885528564 228.79090905189514 237.09513545036316
v 431.3647985458374 210.45482754707336 239.46025371551514
v 448.9443898200989 190.47873616218567 240.9532606601715
v 463.9724135398865 168.99574398994446 241.360205411911
v 476.2015700340271 146.25244438648224 240.54869413375854
v 485.4843735694885 122.58852124214172 238.48707675933838
v 491.7957544326782 98.40069115161896 235.255765914917
v 495.2444314956665 74.09786581993103 231.05052709579468
v 496.0702657699585 50.05210340023041 226.17613077163696
v 494.6257710456848 26.54859647154808 221.02861404418945
v 469.69767808914185 3.747923579066992 237.60235905647278
v 465.42184352874756 -17.45324470102787 233.1503927707672
v 459.58149433135986 -38.017576932907104 229.044109582901
v 452.33620405197144 -57.96866565942764 225.44163465499878
v 443.79962682724 -77.36073732376099 222.445946931839
v 434.04074907302856 -96.25962674617767 220.10831236839294
v 423.08932542800903 -114.72642123699188 218.43454241752625
v 410.9457492828369 -132.80561864376068 217.39452481269836
v 397.59042263031006 -150.51761269569397 216.931414604187
v 382.9939842224121 -167.85528659820557 216.97052121162415
v 367.1256422996521 -184.7833514213562 217.42631793022156
v 349.9596834182739 -201.24033093452454 218.20780634880066
v 331.48080110549927 -217.14046597480774 219.22155618667603
v 311.6874933242798 -232.3772370815277 220.37397623062134
v 290.59476256370544 -246.8269944190979 221.57270908355713
v 268.23593974113464 -260.3520333766937 222.7266490459442
v 244.66513395309448 -272.80678153038025 223.74887466430664
v 219.95762586593628 -284.0428590774536 224.5574712753296
v 194.21120882034302 -293.9172327518463 225.07967948913574
v 167.54502654075623 -302.29833126068115 225.25320053100586
v 140.09863436222076 -309.07756090164185 225.03275871276855
v 112.02830672264099 -314.17486667633057 224.39151406288147
v 83.50231647491455 -317.5468325614929 223.32476377487183
v 54.69542294740677 -319.1906690597534 221.85192704200745
v 25.78173503279686 -319.15093660354614 220.02087235450745
v -3.073215577751398 -317.51915216445923 217.90875792503357
v -31.72420933842659 -314.52094316482544 215.7047152519226
v -60.05300134420395 -310.2694630622864 213.48581314086914
v -87.93845772743225 -304.738712310791 211.19343638420105
v -115.25318026542664 -297.91985750198364 208.77753496170044
v -141.86756014823914 -289.8308336734772 206.2043845653534
v -167.6555871963501 -280.5198848247528 203.46050262451172
v -192.501962184906 -270.0681746006012 200.55702924728394
v -216.30937457084656 -258.5905730724335 197.53451943397522
v -239.0045464038849 -246.22827172279358 194.46136951446533
v -260.5438828468323 -233.14204216003418 191.4346218109131
v -280.9165835380554 -219.5002555847168 188.57603073120117
v -300.143301486969 -205.46502470970154 186.0257863998413
v -318.274462223053 -191.17834568023682 183.935809135437
v -335.3817343711853 -176.74790024757385 182.4586272239685
v -351.5487313270569 -162.23636269569397 181.7374348640442
v -366.8582081794739 -147.65417575836182 181.8942904472351
v -381.37747049331665 -132.95739591121674 183.01822543144226
v -395.1445698738098 -118.05162727832794 185.1551055908203
v -408.15367698669434 -102.80212461948395 188.29758167266846
v -420.3455686569214 -87.04979717731476 192.37938523292542
v -431.60033226013184 -70.63155323266983 197.27132320404053
v -441.7359709739685 -53.40496301651001 202.78197526931763
v -450.51366090774536 -35.27185097336769 208.66186022758484
v -457.65005350112915 -16.20228700339794 214.61486220359802
v -462.8354072570801 3.7479517981410027 220.31224966049194
v -465.7044768333435 24.4221031665802 225.3413200378418
v -465.9973382949829 45.5620139837265 229.40508127212524
v -463.628089427948 66.86671078205109 232.40395188331604
v -458.6053490638733 88.03285360336304 234.3286156654358
v -451.02388858795166 108.78569483757019 235.25301218032837
v -441.04946851730347 128.90424728393555 235.32233834266663
v -428.89705896377563 148.23713600635529 234.73502397537231
v -414.8075222969055 166.70799851417542 233.72268676757812
v -399.0237236022949 184.31124687194824 232.52856731414795
v -381.7688584327698 201.09847784042358 231.3858926296234
v -363.23161125183105 217.15731024742126 230.4992437362671
v -343.5550332069397 232.58872032165527 230.02983927726746
v -322.8354334831238 247.48198986053467 230.0851821899414
v -301.1253833770752 261.89391016960144 230.71466088294983
v -278.4439444541931 275.833797454834 231.91067576408386
v -254.7881305217743 289.2544627189636 233.61305594444275
v -230.14928698539734 302.0508885383606 235.71832180023193
v -204.52521443367004 314.065682888031 238.08971643447876
v -177.93343663215637 325.100576877594 240.56963324546814
v -150.4201054573059 334.9296569824219 242.99013018608093
v -122.06511497497559 343.3166742324829 245.18378376960754
v -92.98530220985413 350.03103017807007 246.99279069900513
v -63.333432376384735 354.86422777175903 248.27642440795898
v -33.293259143829346 357.64371156692505 248.91698956489563
v -3.0731895938515663 358.2446336746216 248.8250970840454
v 27.109958231449127 356.8053960800171 248.13550114631653
v 57.0794016122818 353.6444306373596 247.1324622631073
v 86.69849038124084 348.97767305374146 245.99513411521912
v 115.86868464946747 343.03818941116333 244.91631388664246
v 144.52819526195526 336.04846000671387 244.08459663391113
v 172.64555096626282 328.1973123550415 243.66846084594727
v 200.2086639404297 319.62010860443115 243.80110502243042
v 227.21012234687805 310.3844404220581 244.56628561019897
v 253.63115072250366 300.48598051071167 245.98932266235352
v 279.4260084629059 289.8501455783844 248.02976846694946
v 304.5063614845276 278.34582924842834 250.58026313781738
v 328.7341833114624 265.8055365085602 253.47177386283875
v 351.91715955734253 252.05174088478088 256.48271441459656
v 373.8142490386963 236.9279444217682 259.3565762042999
v 394.14846897125244 220.3267514705658 261.8218123912811
v 412.6255989074707 202.21481323242188 263.6156916618347
v 428.95946502685547 182.64933228492737 264.50963616371155
v 442.900013923645 161.78221106529236 264.3328607082367
v 454.2598843574524 139.85269367694855 262.99309730529785
v 462.93729543685913 117.16839373111725 260.49190163612366
v 468.9319968223572 94.07497644424438 256.9334328174591
v 472.35217094421387 70.91892957687378 252.52495408058167
v 473.40989112854004 48.009006679058075 247.56984114646912
v 472.4048852920532 25.57666450738907 242.45007634162903
v 446.02625370025635 3.747923579066992 258.5661470890045
v 442.3283100128174 -16.48879274725914 254.30188179016113
v 437.1437072753906 -36.18612661957741 250.41722059249878
v 430.5782675743103 -55.35522401332855 247.0198094844818
v 422.707200050354 -74.02499914169312 244.17391419410706
v 413.57706785202026 -92.22938418388367 241.90499782562256
v 403.2099723815918 -109.9967747926712 240.20467400550842
v 391.6105270385742 -127.34243273735046 239.03818130493164
v 378.7723660469055 -144.26376521587372 238.3514106273651
v 364.6848678588867 -160.73822379112244 238.0771815776825
v 349.3382692337036 -176.72304511070251 238.13994526863098
v 332.72842168807983 -192.15604662895203 238.4592890739441
v 314.86008167266846 -206.95724487304688 238.95229697227478
v 295.7492172718048 -221.03068828582764 239.53426480293274
v 275.4256546497345 -234.26735401153564 240.1205062866211
v 253.9343297481537 -246.54781222343445 240.62660336494446
v 231.33755922317505 -257.74683952331543 240.9710168838501
v 207.715505361557 -267.7381753921509 241.07653498649597
v 183.1674098968506 -276.4015853404999 240.87465405464172
v 157.8114151954651 -283.63121151924133 240.31042456626892
v 131.78189992904663 -289.3414378166199 239.34441804885864
v 105.22779822349548 -293.4775471687317 237.9605233669281
v 78.30652892589569 -296.019047498703 236.1658751964569
v 51.179637014865875 -296.98963165283203 233.99950861930847
v 24.004530161619186 -296.4578926563263 231.53250217437744
v -3.073214180767536 -294.5420801639557 228.87369990348816
v -29.928535223007202 -291.40859842300415 226.1719822883606
v -56.45444691181183 -287.1324598789215 223.47251772880554
v -82.54550993442535 -281.73449635505676 220.7579255104065
v -108.09720754623413 -275.24482011795044 218.01568865776062
v -133.0074816942215 -267.7057385444641 215.24096131324768
v -157.18032717704773 -259.1768503189087 212.44325637817383
v -180.52915334701538 -249.73227381706238 209.64542627334595
v -202.98117399215698 -239.46372270584106 206.8901538848877
v -224.48024153709412 -228.47437262535095 204.23741340637207
v -244.9901282787323 -216.8757677078247 201.7663836479187
v -264.49626088142395 -204.77997064590454 199.57231879234314
v -283.00373554229736 -192.290997505188 197.7619171142578
v -300.5363345146179 -179.49619889259338 196.44833207130432
v -317.13041067123413 -166.4581060409546 195.74384093284607
v -332.82891511917114 -153.208190202713 195.75231671333313
v -347.67197370529175 -139.74201679229736 196.5596616268158
v -361.6880178451538 -126.01917386054993 198.22551012039185
v -374.88359212875366 -111.9661420583725 200.77494978904724
v -387.23384141921997 -97.48397469520569 204.19043898582458
v -398.6759662628174 -82.45976865291595 208.4076225757599
v -409.10478830337524 -66.78114831447601 213.3120059967041
v -418.3715343475342 -50.353726744651794 218.73915195465088
v -426.2882709503174 -33.11778903007507 224.47834610939026
v -432.6362371444702 -15.065241605043411 230.28098344802856
v -437.17896938323975 3.7479504011571407 235.87138652801514
v -439.65632915496826 23.19209575653076 240.92777967453003
v -439.87419605255127 43.065471947193146 245.20576000213623
v -437.7435564994812 63.1287083029747 248.58977794647217
v -433.24724435806274 83.13247561454773 251.04002952575684
v -426.4354705810547 102.840855717659 252.58743166923523
v -417.4165606498718 122.05156981945038 253.32623720169067
v -406.34264945983887 140.60989916324615 253.4006416797638
v -393.39351654052734 158.4153413772583 252.9895842075348
v -378.7591338157654 175.4214584827423 252.2894561290741
v -362.62378692626953 191.62893891334534 251.4970064163208
v -345.1535224914551 207.07225799560547 250.7934808731079
v -326.4865279197693 221.8048095703125 250.33113956451416
v -306.7299485206604 235.88098883628845 250.22374391555786
v -285.95985174179077 249.34045672416687 250.5399763584137
v -264.22653794288635 262.19510436058044 251.30231380462646
v -241.56113862991333 274.4208812713623 252.48858332633972
v -217.98691749572754 285.9533429145813 254.03716564178467
v -193.52737069129944 296.6894745826721 255.85391521453857
v -168.21634769439697 306.4931273460388 257.82097578048706
v -142.10572242736816 315.2039051055908 259.8059892654419
v -115.26987254619598 322.6486086845398 261.6710901260376
v -87.80961334705353 328.65368127822876 263.2815957069397
v -59.8525196313858 333.05747509002686 264.51314091682434
v -31.550031155347824 335.72230339050293 265.25895595550537
v -3.0731898732483387 336.5450620651245 265.4352307319641
v 25.402770191431046 335.70231199264526 265.2377128601074
v 53.74319851398468 333.47411155700684 264.9581730365753
v 81.83903396129608 329.9687147140503 264.70003724098206
v 109.60209667682648 325.311541557312 264.58409428596497
v 136.96517944335938 319.626259803772 264.73276019096375
v 163.87792825698853 313.0158305168152 265.2540385723114
v 190.299654006958 305.5495619773865 266.22896790504456
v 216.18881821632385 297.25207686424255 267.69846081733704
v 241.49202704429626 288.10123801231384 269.65588331222534
v 266.1336064338684 278.0302405357361 272.04092144966125
v 290.0046765804291 266.93864464759827 274.7394919395447
v 312.95982599258423 254.70834374427795 277.58896350860596
v 334.81571674346924 241.2236988544464 280.38772344589233
v 355.35610914230347 226.39372944831848 282.9099476337433
v 374.3435740470886 210.17239093780518 284.92342829704285
v 391.5347099304199 192.57590174674988 286.21060252189636
v 406.6998481750488 173.69259595870972 286.589652299881
v 419.6444034576416 153.683602809906 285.93406677246094
v 430.22897243499756 132.77488052845 284.1900408267975
v 438.38517665863037 111.2404078245163 281.3875615596771
v 444.1266417503357 89.37734663486481 277.6464343070984
v 447.55232334136963 67.47654229402542 273.1753170490265
v 448.840856552124 45.79292982816696 268.2630479335785
v 448.23635816574097 24.515589326620102 263.2620334625244
v 420.3071594238281 3.747923579066992 278.7135064601898
v 417.09147691726685 -15.413038060069084 274.60910081863403
v 412.45014667510986 -34.10994037985802 270.87544798851013
v 406.45551681518555 -52.34008580446243 267.58410930633545
v 399.1603374481201 -70.1111152768135 264.7735834121704
v 390.5988335609436 -87.43226230144501 262.4518811702728
v 380.7914614677429 -104.30786311626434 260.60296297073364
v 369.74873542785645 -120.73237001895905 259.191370010376
v 357.47562646865845 -136.68727576732635 258.16683769226074
v 343.97614002227783 -152.13988423347473 257.4695348739624
v 329.25689220428467 -167.04314947128296 257.03306794166565
v 313.32993507385254 -181.33624792099 256.7867875099182
v 296.21538519859314 -194.94561553001404 256.657612323761
v 277.9428005218506 -207.78647661209106 256.5704584121704
v 258.5534691810608 -219.76491808891296 256.44991993904114
v 238.1011962890625 -230.7801604270935 256.2205374240875
v 216.65419936180115 -240.7285988330841 255.80973029136658
v 194.2958414554596 -249.50873851776123 255.15069365501404
v 171.12480998039246 -257.02587962150574 254.18491959571838
v 147.2549468278885 -263.1996989250183 252.86768674850464
v 122.81319200992584 -267.9707944393158 251.1720836162567
v 97.93708026409149 -271.3075339794159 249.09422993659973
v 72.7699488401413 -273.21159839630127 246.65663838386536
v 47.456105053424835 -273.72450828552246 243.91488432884216
v 22.133606672286987 -272.9298949241638 240.95991253852844
v -3.0732127837836742 -270.9556818008423 237.92261481285095
v -28.059247881174088 -267.9176867008209 234.909850358963
v -52.72979736328125 -263.8548016548157 231.93061351776123
v -76.99368596076965 -258.8128924369812 228.998064994812
v -100.76437890529633 -252.84039974212646 226.12565159797668
v -123.96027445793152 -245.99005579948425 223.3296811580658
v -146.50627076625824 -238.32101225852966 220.63327431678772
v -168.33540201187134 -229.89766001701355 218.0667221546173
v -189.39049243927002 -220.78980803489685 215.67018628120422
v -209.62568521499634 -211.07084155082703 213.49430680274963
v -229.00795340538025 -200.81507563591003 211.6005778312683
v -247.51732349395752 -190.09315967559814 210.05887985229492
v -265.1457667350769 -178.9683222770691 208.94615650177002
v -281.8963587284088 -167.4908995628357 208.3422839641571
v -297.77886271476746 -155.69377541542053 208.32467079162598
v -312.8059387207031 -143.58896613121033 208.96321535110474
v -326.98742151260376 -131.16555511951447 210.31381487846375
v -340.32379388809204 -118.389692902565 212.41167783737183
v -352.8003931045532 -105.20722568035126 215.2653694152832
v -364.3809914588928 -91.54939949512482 218.85133981704712
v -375.00325441360474 -77.34028100967407 223.1090247631073
v -384.576416015625 -62.507280707359314 227.9401659965515
v -392.98027753829956 -46.9928964972496 233.20691585540771
v -400.06924867630005 -30.76629638671875 238.73709440231323
v -405.67660331726074 -13.834646344184875 244.32687163352966
v -409.6242070198059 3.747948445379734 249.75072741508484
v -411.7305278778076 21.87465950846672 254.76611852645874
v -411.8532657623291 40.388788282871246 259.17824506759644
v -409.9090576171875 59.10205990076065 262.86617517471313
v -405.8662533760071 77.81225144863129 265.7677888870239
v -399.7449517250061 96.32059335708618 267.88015365600586
v -391.61081314086914 114.44679200649261 269.25238966941833
v -381.56665563583374 132.04079568386078 269.9784994125366
v -369.74236965179443 148.9898532629013 270.18662095069885
v -356.2827229499817 165.22051692008972 270.02567052841187
v -341.33548736572266 180.69634437561035 269.6525037288666
v -325.04249811172485 195.4103171825409 269.21905875205994
v -307.53082036972046 209.37597155570984 268.8610374927521
v -288.9094591140747 222.6154088973999 268.68892908096313
v -269.26732063293457 235.14819145202637 268.78169775009155
v -248.67507219314575 246.98138236999512 269.1834568977356
v -227.18850374221802 258.1021785736084 269.9030935764313
v -204.85541224479675 268.4727430343628 270.91618180274963
v -181.72067999839783 278.0299723148346 272.16968536376953
v -157.83328413963318 286.6871416568756 273.5873758792877
v -133.25197398662567 294.33873295783997 275.07691383361816
v -108.04913341999054 300.8678197860718 276.5369653701782
v -82.31414258480072 306.1540961265564 277.8644263744354
v -56.15468770265579 310.0828170776367 278.96125316619873
v -29.694955050945282 312.554132938385 279.74077463150024
v -3.073190152645111 313.4904384613037 280.1332712173462
v 23.571865260601044 313.08302879333496 280.379194021225
v 50.139838457107544 311.56800985336304 280.76462745666504
v 76.54479146003723 308.9759945869446 281.3253164291382
v 102.70877480506897 305.3525447845459 282.1148872375488
v 128.5626232624054 300.74483156204224 283.19132924079895
v 154.04351949691772 295.1895475387573 284.6037447452545
v 179.0905237197876 288.70418071746826 286.3812983036041
v 203.637957572937 281.2802731990814 288.523131608963
v 227.60814428329468 272.88270592689514 290.9918189048767
v 250.90534687042236 263.4519875049591 293.70930790901184
v 273.4091877937317 252.91405320167542 296.5583145618439
v 294.9735760688782 241.19051098823547 299.3859887123108
v 315.42720794677734 228.21425199508667 302.0132303237915
v 334.579074382782 213.9447033405304 304.24758195877075
v 352.2279381752014 198.3811318874359 305.89799880981445
v 368.1744933128357 181.57373070716858 306.7921757698059
v 382.2359561920166 163.628751039505 306.793212890625
v 394.26201581954956 144.7068750858307 305.8152437210083
v 404.14899587631226 125.01499950885773 303.8365960121155
v 411.8502616882324 104.79238629341125 300.90712308883667
v 417.383873462677 84.29122567176819 297.1529960632324
v 420.8324432373047 63.75364512205124 292.77235865592957
v 422.3381280899048 43.39022934436798 288.027548789978
v 422.0898628234863 23.358086496591568 283.2281827926636
v 392.5113916397095 3.747923579066992 297.67869114875793
v 389.7054433822632 -14.220564812421799 293.7057137489319
v 385.53056716918945 -31.78459033370018 290.0585889816284
v 380.0390124320984 -48.927976191043854 286.78563237190247
v 373.27122688293457 -65.64087867736816 283.90953540802
v 365.2568578720093 -81.91414475440979 281.43028020858765
v 356.017541885376 -97.73486852645874 279.329252243042
v 345.5701947212219 -113.08323740959167 277.5731384754181
v 333.92940759658813 -127.93065905570984 276.1177897453308
v 321.11098766326904 -142.23887622356415 274.911367893219
v 307.1338176727295 -155.95974326133728 273.8965094089508
v 292.0221447944641 -169.0360128879547 273.01257848739624
v 275.80726146698 -181.4017653465271 272.196364402771
v 258.5287034511566 -192.98397302627563 271.3832974433899
v 240.23576974868774 -203.7043333053589 270.5090045928955
v 220.9882915019989 -213.48111033439636 269.50966715812683
v 200.85772275924683 -222.23260402679443 268.3250963687897
v 179.92762327194214 -229.88122701644897 266.9013798236847
v 158.29367637634277 -236.35776042938232 265.194171667099
v 136.06280386447906 -241.60641431808472 263.1720542907715
v 113.35181593894958 -245.59183716773987 260.8231544494629
v 90.2844786643982 -248.30310344696045 258.15789699554443
v 66.98741912841797 -249.7581660747528 255.21263480186462
v 43.58604848384857 -250.01032948493958 252.05753445625305
v 20.197981595993042 -249.14764165878296 248.79657626152039
v -3.0732113867998123 -247.29439616203308 245.57159543037415
v -26.140692830085754 -244.52301263809204 242.44630336761475
v -48.92161935567856 -240.84041118621826 239.39096331596375
v -71.33689373731613 -236.30113005638123 236.4381194114685
v -93.31355094909668 -230.95867037773132 233.61756205558777
v -114.78419601917267 -224.86547827720642 230.95738291740417
v -135.68754494190216 -218.07514429092407 228.488427400589
v -155.9689164161682 -210.64022183418274 226.24293565750122
v -175.58031678199768 -202.61247754096985 224.25659894943237
v -194.48148608207703 -194.04321312904358 222.5707232952118
v -212.63970136642456 -184.98020768165588 221.23062014579773
v -230.03012537956238 -175.4667341709137 220.2856957912445
v -246.63442969322205 -165.5391812324524 219.78816390037537
v -262.4404728412628 -155.22446036338806 219.79061365127563
v -277.43934988975525 -144.53783333301544 220.3426480293274
v -291.62290692329407 -133.48118662834167 221.48737907409668
v -304.9802899360657 -122.04243242740631 223.25692176818848
v -317.49411821365356 -110.19584834575653 225.66794157028198
v -329.13655042648315 -97.9041337966919 228.71705889701843
v -339.8653507232666 -85.12248694896698 232.3767364025116
v -349.62158203125 -71.80376797914505 236.59261465072632
v -358.32778215408325 -57.90516436100006 241.28134846687317
v -365.8876419067383 -43.396541476249695 246.3309645652771
v -372.18875885009766 -28.267541527748108 251.60216689109802
v -377.1053910255432 -12.53565140068531 256.93202018737793
v -380.50503730773926 3.7479467689990997 262.1399402618408
v -382.2606682777405 20.494886487722397 267.044734954834
v -382.2690010070801 37.582558393478394 271.49375081062317
v -380.45822381973267 54.863038659095764 275.3708839416504
v -376.7926096916199 72.17393070459366 278.60366106033325
v -371.27416133880615 89.35015797615051 281.1646342277527
v -363.9400362968445 106.23529851436615 283.06902050971985
v -354.8577547073364 122.6906955242157 284.3696057796478
v -344.1187620162964 138.60170245170593 285.15018224716187
v -331.8309545516968 153.88104915618896 285.5161249637604
v -318.11031103134155 168.4690296649933 285.5852544307709
v -303.0746340751648 182.3300063610077 285.47828793525696
v -286.83621883392334 195.4477608203888 285.30943393707275
v -269.49881315231323 207.81810879707336 285.1789891719818
v -251.15466713905334 219.44167613983154 285.1672410964966
v -231.884765625 230.31662106513977 285.33064126968384
v -211.75943613052368 240.43323397636414 285.6999635696411
v -190.84262251853943 249.76878762245178 286.2804114818573
v -169.19406652450562 258.2863748073578 287.0537281036377
v -146.8741089105606 265.9345507621765 287.9817008972168
v -123.94739091396332 272.6491391658783 289.01047110557556
v -100.48535764217377 278.35766673088074 290.07588028907776
v -76.56942307949066 282.9836905002594 291.10921025276184
v -52.292074263095856 286.45269870758057 292.04211831092834
v -27.756084501743317 288.6982262134552 292.8122878074646
v -3.073190711438656 289.66711163520813 293.3680236339569
v 21.647047251462936 289.54617977142334 293.97667050361633
v 46.32946103811264 288.52869272232056 294.9097216129303
v 70.90562134981155 286.5962505340576 296.14933133125305
v 95.30653953552246 283.74112844467163 297.69287109375
v 119.46350634098053 279.95864152908325 299.54314827919006
v 143.30697655677795 275.2401530742645 301.69769525527954
v 166.7639136314392 269.56779956817627 304.14040088653564
v 189.75425362586975 262.9118800163269 306.8346977233887
v 212.18649744987488 255.2304983139038 309.71750020980835
v 233.95507335662842 246.4727818965912 312.69832849502563
v 254.936420917511 236.5856945514679 315.6597375869751
v 274.99018907546997 225.5220115184784 318.46182346343994
v 293.9606845378876 213.2504940032959 320.94998359680176
v 311.6817355155945 199.76590275764465 322.96475172042847
v 327.9848098754883 185.0972592830658 324.3544578552246
v 342.70777702331543 169.3141222000122 324.98799562454224
v 355.7055115699768 152.52846479415894 324.76762533187866
v 366.8614625930786 134.8918318748474 323.640775680542
v 376.0969877243042 116.58787429332733 321.6090202331543
v 383.37793350219727 97.82125353813171 318.73276233673096
v 388.71878385543823 78.80279123783112 315.1331305503845
v 392.1817660331726 59.73271429538727 310.9868288040161
v 393.8726305961609 40.78590273857117 306.52023553848267
v 393.92956495285034 22.096022218465805 301.99180841445923
v 362.63980865478516 3.747923579066992 315.0025963783264
v 360.19366979599 -12.90825605392456 311.1438274383545
v 356.44086599349976 -29.209788143634796 307.5403332710266
v 351.4222025871277 -45.12879699468613 304.2267680168152
v 345.1718330383301 -60.642023384571075 301.218581199646
v 337.7180814743042 -75.7268875837326 298.5130727291107
v 329.08562421798706 -90.35883843898773 296.09397053718567
v 319.29720640182495 -104.50915396213531 293.93354058265686
v 308.3752512931824 -118.14354658126831 291.99487566947937
v 296.3444173336029 -131.22183680534363 290.23534655570984
v 283.232706785202 -143.6976134777069 288.6076033115387
v 269.07291412353516 -155.51891326904297 287.06116676330566
v 253.90416383743286 -166.6288197040558 285.54428815841675
v 237.7724826335907 -176.96664333343506 284.00405645370483
v 220.7318365573883 -186.4692986011505 282.38824009895325
v 202.8448462486267 -195.07344961166382 280.64671754837036
v 184.18325185775757 -202.71801352500916 278.7335515022278
v 164.82816338539124 -209.34757590293884 276.6101539134979
v 144.86935436725616 -214.915269613266 274.24723505973816
v 124.40497577190399 -219.3876028060913 271.6294527053833
v 103.53931188583374 -222.74799942970276 268.7586486339569
v 82.38103687763214 -225.00171661376953 265.6593918800354
v 61.039142310619354 -226.1777400970459 262.3803734779358
v 39.61968272924423 -226.33236050605774 258.99946689605713
v 18.220628052949905 -225.5500316619873 255.6265890598297
v -3.073210269212723 -223.94258379936218 252.4050772190094
v -24.190635234117508 -221.54520750045776 249.35376048088074
v -45.05939036607742 -218.3401644229889 246.40654921531677
v -65.61014503240585 -214.37968611717224 243.60476732254028
v -85.77971756458282 -209.71373319625854 240.98564386367798
v -105.51027953624725 -204.38970923423767 238.58360052108765
v -124.74917471408844 -198.45226407051086 236.43102049827576
v -143.44880282878876 -191.94279313087463 234.55880284309387
v -161.56641840934753 -184.8997950553894 232.9983115196228
v -179.0640950202942 -177.35828161239624 231.78144693374634
v -195.908385515213 -169.34918761253357 230.940842628479
v -212.07046508789062 -160.8984410762787 230.50981163978577
v -227.52472758293152 -152.02664136886597 230.52186369895935
v -242.24883913993835 -142.7474945783615 231.0090959072113
v -256.22175335884094 -133.0672323703766 232.00051188468933
v -269.4222092628479 -122.98398613929749 233.51930379867554
v -281.82663917541504 -112.48765289783478 235.58013439178467
v -293.40707659721375 -101.56095027923584 238.1864368915558
v -304.1288137435913 -90.1805967092514 241.32705330848694
v -313.94784450531006 -78.32020819187164 244.9724793434143
v -322.8101134300232 -65.9540668129921 249.07516837120056
v -330.6498885154724 -53.060925006866455 253.56531143188477
v -337.39013671875 -39.629870653152466 258.3520531654358
v -342.9444193840027 -25.66482648253441 263.32565546035767
v -347.2183585166931 -11.189619451761246 268.35721135139465
v -350.11425018310547 3.7479445338249207 273.30477833747864
v -351.5412926673889 19.07404661178589 278.0302405357361
v -351.4241695404053 34.69099625945091 282.41297006607056
v -349.7055172920227 50.481829047203064 286.3504886627197
v -346.35246992111206 66.31651818752289 289.769572019577
v -341.35944843292236 82.06005692481995 292.6311135292053
v -334.7463369369507 97.57996201515198 294.9273884296417
v -326.556658744812 112.75324523448944 296.68060541152954
v -316.8546795845032 127.47166156768799 297.940331697464
v -305.7196855545044 141.64488315582275 298.7753212451935
v -293.24140548706055 155.20241260528564 299.26924109458923
v -279.5153260231018 168.0919110774994 299.5124280452728
v -264.6373987197876 180.27809858322144 299.5961844921112
v -248.7012505531311 191.73792600631714 299.6057152748108
v -231.79550170898438 202.45662331581116 299.6158182621002
v -214.0027105808258 212.42294311523438 299.6865212917328
v -195.39889097213745 221.6252088546753 299.86099004745483
v -176.05572938919067 230.04738092422485 300.16443729400635
v -156.0409963130951 237.66732215881348 300.6045699119568
v -135.4213446378708 244.45554614067078 301.173198223114
v -114.2646074295044 250.37566423416138 301.848828792572
v -92.64118373394012 255.3861379623413 302.5999903678894
v -70.62635868787766 259.44222807884216 303.3889174461365
v -48.30138087272644 262.4995529651642 304.1755199432373
v -25.753042101860046 264.5172715187073 304.9208164215088
v -3.0731909908354282 265.46140909194946 305.59072494506836
v 19.64999958872795 265.50142765045166 306.462299823761
v 42.35786944627762 264.7917151451111 307.78716802597046
v 64.9938091635704 263.28898072242737 309.51071977615356
v 87.49592900276184 260.9563171863556 311.5899324417114
v 109.79766547679901 257.7596604824066 313.9856815338135
v 131.82742595672607 253.6646068096161 316.6564464569092
v 153.5073459148407 248.63455295562744 319.55223083496094
v 174.75144267082214 242.62946248054504 322.60948419570923
v 195.46387195587158 235.6074035167694 325.7482409477234
v 215.53802490234375 227.5271236896515 328.87165546417236
v 234.85475778579712 218.35303902626038 331.8668246269226
v 253.28473448753357 208.06068778038025 334.60904359817505
v 270.6902325153351 196.64331078529358 336.96781396865845
v 286.929452419281 184.11793112754822 338.8148903846741
v 301.86270475387573 170.52991390228271 340.033221244812
v 315.3586506843567 155.95571994781494 340.52613973617554
v 327.30191946029663 140.50352275371552 340.2273416519165
v 337.6007080078125 124.30922985076904 339.1078591346741
v 346.1928963661194 107.53075182437897 337.18299865722656
v 353.0495524406433 90.33915996551514 334.51305627822876
v 358.1777572631836 72.90835082530975 331.2052845954895
v 361.6188883781433 55.40323555469513 327.40845680236816
v 363.4440779685974 37.969471514225006 323.3041048049927
v 363.7483477592468 20.723549276590347 319.09775733947754
v 330.75424432754517 3.747923579066992 330.1810026168823
v 328.63680124282837 -11.477866396307945 326.43864154815674
v 325.2881169319153 -26.39385312795639 322.86754846572876
v 320.74180841445923 -40.96343368291855 319.49543952941895
v 315.02859592437744 -55.153825879096985 316.33479595184326
v 308.17705392837524 -68.93371045589447 313.3856177330017
v 300.2142906188965 -82.27125406265259 310.6360673904419
v 291.16770029067993 -95.132777094841 308.06586742401123
v 281.0654282569885 -107.48190879821777 305.6473731994629
v 269.93817687034607 -119.27914917469025 303.3478617668152
v 257.81999230384827 -130.48186004161835 301.1309266090393
v 244.74923014640808 -141.04472994804382 298.957622051239
v 230.7694673538208 -150.92026591300964 296.7881441116333
v 215.93000292778015 -160.05992889404297 294.582599401474
v 200.28644800186157 -168.41513514518738 292.3021137714386
v 183.90111923217773 -175.93916058540344 289.91113901138306
v 166.8432354927063 -182.58898258209229 287.3788833618164
v 149.188631772995 -188.3278727531433 284.68194007873535
v 131.01933896541595 -193.12757849693298 281.80652260780334
v 112.42274343967438 -196.97155952453613 278.7519693374634
v 93.48978102207184 -199.85756278038025 275.5332827568054
v 74.31335896253586 -201.80046558380127 272.18536734580994
v 54.985132813453674 -202.83372402191162 268.76426339149475
v 35.59300974011421 -203.0109465122223 265.35065174102783
v 16.21725708246231 -202.40639448165894 262.05228567123413
v -3.073208872228861 -201.11364126205444 259.00474190711975
v -22.219712287187576 -199.1383194923401 256.1833083629608
v -41.15898907184601 -196.44675850868225 253.49210500717163
v -59.8295733332634 -193.08341145515442 250.97352862358093
v -78.17536890506744 -189.09040689468384 248.6660599708557
v -96.14482820034027 -184.5069408416748 246.60428166389465
v -113.69060575962067 -179.36895489692688 244.81975436210632
v -130.76922297477722 -173.70842099189758 243.34044456481934
v -147.3405808210373 -167.5536811351776 242.19249486923218
v -163.36775422096252 -160.92934012413025 241.40051007270813
v -178.816419839859 -153.8558542728424 240.9874141216278
v -193.65504384040833 -146.34966552257538 240.97505807876587
v -207.85340666770935 -138.42287957668304 241.3836121559143
v -221.38323783874512 -130.08298873901367 242.23101139068604
v -234.21642780303955 -121.3329166173935 243.53184700012207
v -246.32436633110046 -112.17086613178253 245.29584646224976
v -257.67683386802673 -102.59065926074982 247.52583503723145
v -268.24076771736145 -92.58273839950562 250.21655559539795
v -277.97890305519104 -82.13495314121246 253.35177183151245
v -286.8485748767853 -71.23490273952484 256.9028377532959
v -294.801127910614 -59.87204164266586 260.8273923397064
v -301.7813801765442 -48.040299117565155 265.06783962249756
v -307.72801637649536 -35.742004215717316 269.5521354675293
v -312.57416009902954 -22.99010306596756 274.19278621673584
v -316.2495732307434 -9.812088310718536 278.890460729599
v -318.68276596069336 3.747942578047514 283.53506326675415
v -319.8063611984253 17.62765198945999 288.0154609680176
v -319.5644974708557 31.7474864423275 292.2334849834442
v -317.9146885871887 46.01385444402695 296.10493183135986
v -314.83139991760254 60.32292991876602 299.56562519073486
v -310.306978225708 74.56530332565308 302.57256031036377
v -304.35293912887573 88.63146901130676 305.1069974899292
v -296.99830412864685 102.41635143756866 307.1722984313965
v -288.2883667945862 115.82324802875519 308.79292488098145
v -278.2816708087921 128.76681089401245 310.01057624816895
v -267.04686284065247 141.17513000965118 310.88050603866577
v -254.66013550758362 152.98959016799927 311.4673376083374
v -241.20100736618042 164.164799451828 311.83955669403076
v -226.75053477287292 174.66654181480408 312.06575632095337
v -211.38888001441956 184.46942567825317 312.2101306915283
v -195.1940417289734 193.55417490005493 312.3295068740845
v -178.24058532714844 201.90528631210327 312.4709129333496
v -160.60096621513367 209.50772166252136 312.6698613166809
v -142.3445463180542 216.34583473205566 312.9499912261963
v -123.53949844837189 222.4016547203064 313.32342624664307
v -104.25360202789307 227.65458226203918 313.79188299179077
v -84.55494046211243 232.08156824111938 314.34831619262695
v -64.5135685801506 235.65791845321655 314.9791717529297
v -44.20224577188492 238.3586347103119 315.66656827926636
v -23.696216940879822 240.15995264053345 316.3908362388611
v -3.073191549628973 241.0409688949585 317.1321630477905
v 17.593252658843994 241.1457896232605 318.16123723983765
v 38.253794610500336 240.59513211250305 319.7069764137268
v 58.85887295007706 239.33892846107483 321.6956377029419
v 79.35183048248291 237.32990026474 324.06009435653687
v 99.66941177845001 234.5230758190155 326.73590183258057
v 119.7415441274643 230.8746635913849 329.65675592422485
v 139.4911766052246 226.3425350189209 332.7519178390503
v 158.8335156440735 220.88631391525269 335.94263792037964
v 177.67555117607117 214.46921825408936 339.14129734039307
v 195.91666460037231 207.06042051315308 342.25151538848877
v 213.44781517982483 198.63842725753784 345.1692223548889
v 230.15440106391907 189.19478058815002 347.7865219116211
v 245.91797590255737 178.73795628547668 349.9959468841553
v 260.6198251247406 167.29674339294434 351.6963243484497
v 274.1454541683197 154.9222469329834 352.79921293258667
v 286.38898730278015 141.6890949010849 353.2351613044739
v 297.2580313682556 127.69469618797302 352.9597878456116
v 306.67887926101685 113.05577158927917 351.95889472961426
v 314.59994316101074 97.90377616882324 350.25168657302856
v 320.99393606185913 82.37877488136292 347.8914499282837
v 325.8588910102844 66.62215143442154 344.9646592140198
v 329.21680212020874 50.768691301345825 341.586434841156
v 331.110942363739 34.94051769375801 337.895143032074
v 331.6004276275635 19.240041822195053 334.04184579849243
v 297.00028896331787 3.747923579066992 342.7327036857605
v 295.19421458244324 -9.937935322523117 339.1331076622009
v 292.2492742538452 -23.357172310352325 335.61902046203613
v 288.1942570209503 -36.468102782964706 332.21572637557983
v 283.0570936203003 -49.23243373632431 328.93545627593994
v 276.86601877212524 -61.613939702510834 325.781786441803
v 269.6498394012451 -73.57735633850098 322.75006771087646
v 261.4380419254303 -85.08712649345398 319.8274612426758
v 252.26233005523682 -96.10735774040222 316.9966220855713
v 242.15658903121948 -106.60108029842377 314.2352342605591
v 231.158047914505 -116.53060019016266 311.51840686798096
v 219.3075656890869 -125.85779428482056 308.81974697113037
v 206.6501498222351 -134.54428911209106 306.11164569854736
v 193.23538541793823 -142.55272150039673 303.36763858795166
v 179.1176676750183 -149.84724819660187 300.5627632141113
v 164.3563449382782 -156.39524459838867 297.6759374141693
v 149.01553094387054 -162.16810941696167 294.69051361083984
v 133.16393494606018 -167.14378595352173 291.5975511074066
v 116.87420010566711 -171.30764722824097 288.39696049690247
v 100.22198259830475 -174.6545970439911 285.0995600223541
v 83.28472673892975 -177.191162109375 281.7309021949768
v 66.14003777503967 -178.93602848052979 278.33123803138733
v 48.863621056079865 -179.9218475818634 274.9593257904053
v 31.527288258075714 -180.1950216293335 271.6929316520691
v 14.196278527379036 -179.8155963420868 268.6302065849304
v -3.073207475244999 -178.85549068450928 265.8894717693329
v -20.2319473028183 -177.30170488357544 263.4122908115387
v -37.224237620830536 -175.11202096939087 261.0795736312866
v -53.99515628814697 -172.3215937614441 258.9311957359314
v -70.494045317173 -168.96339654922485 257.00247287750244
v -86.67386770248413 -165.06816744804382 255.32535910606384
v -102.4907648563385 -160.66346168518066 253.92746329307556
v -117.90389120578766 -155.7738482952118 252.83349752426147
v -132.87478387355804 -150.420480966568 252.06472277641296
v -147.36708104610443 -144.62134838104248 251.639986038208
v -161.3462269306183 -138.39113116264343 251.57538056373596
v -174.77919459342957 -131.74138963222504 251.8849790096283
v -187.6337170600891 -124.68070685863495 252.5801181793213
v -199.878591299057 -117.21466183662415 253.66979241371155
v -211.48250699043274 -109.34605300426483 255.15908002853394
v -222.41374254226685 -101.07523798942566 257.049036026001
v -232.6396644115448 -92.40070581436157 259.3358337879181
v -242.1259045600891 -83.31944346427917 262.0086908340454
v -250.83578824996948 -73.82806241512299 265.0490641593933
v -258.72986912727356 -63.924385607242584 268.4304177761078
v -265.76528549194336 -53.60833704471588 272.1151292324066
v -271.89652919769287 -42.884284257888794 276.0569930076599
v -277.07440853118896 -31.762799620628357 280.1976978778839
v -281.2477111816406 -20.262466371059418 284.46916937828064
v -284.36456322669983 -8.412149548530579 288.79594802856445
v -286.37269735336304 3.7479409016668797 293.09288263320923
v -287.22102642059326 16.164765134453773 297.26593494415283
v -286.8677079677582 28.772541135549545 301.23281478881836
v -285.2831304073334 41.49562418460846 304.92807626724243
v -282.4497878551483 54.25109267234802 308.3007216453552
v -278.36228013038635 66.95137917995453 311.3123059272766
v -273.02826046943665 79.50761318206787 313.94004821777344
v -266.4687752723694 91.83300733566284 316.17854833602905
v -258.7165832519531 103.84500324726105 318.0363178253174
v -249.81554746627808 115.46817719936371 319.5366382598877
v -239.81820344924927 126.63565278053284 320.7138419151306
v -228.78434658050537 137.28960156440735 321.61102294921875
v -216.778564453125 147.38218188285828 322.27731943130493
v -203.86855602264404 156.8742871284485 322.76448011398315
v -190.12354016304016 165.73476791381836 323.12382459640503
v -175.61298608779907 173.93898367881775 323.4042763710022
v -160.4053258895874 181.4673900604248 323.64978790283203
v -144.56849992275238 188.3034646511078 323.89798164367676
v -128.16874980926514 194.43281292915344 324.1790771484375
v -111.27142310142517 199.84177350997925 324.5156764984131
v -93.94129514694214 204.51672077178955 324.9228358268738
v -76.24261379241943 208.44372510910034 325.4085659980774
v -58.24015438556671 211.60844564437866 325.9748697280884
v -39.999791979789734 213.9963448047638 326.61874294281006
v -21.588226407766342 215.5934751033783 327.3332476615906
v -3.0731918290257454 216.38672947883606 328.1088709831238
v 15.481369569897652 216.49101376533508 329.19620275497437
v 34.03061404824257 215.9986674785614 330.7995557785034
v 52.528662979602814 214.86421823501587 332.8410029411316
v 70.9228590130806 213.0429983139038 335.24519205093384
v 89.1538918018341 210.49169898033142 337.9371643066406
v 107.15597569942474 207.16921091079712 340.84120988845825
v 124.85678493976593 203.03733944892883 343.87861490249634
v 142.17764139175415 198.0621099472046 346.96691036224365
v 159.0335726737976 192.21539497375488 350.0197649002075
v 175.33453702926636 185.4768455028534 352.9477000236511
v 190.98519086837769 177.8363049030304 355.6591272354126
v 205.88757991790771 169.2958652973175 358.06353092193604
v 219.9427843093872 159.87229943275452 360.07447242736816
v 233.0532968044281 149.59861636161804 361.61348819732666
v 245.12656331062317 138.52465152740479 362.61448860168457
v 256.0775399208069 126.71749591827393 363.02729845046997
v 265.831983089447 114.2601728439331 362.8218412399292
v 274.3296146392822 101.24913454055786 361.990749835968
v 281.5260350704193 87.79050707817078 360.5501890182495
v 287.39415407180786 73.99662137031555 358.5413932800293
v 291.9240474700928 59.980608522892 356.02684020996094
v 295.12279629707336 45.8519384264946 353.08921337127686
v 297.01189398765564 31.71250820159912 349.8252868652344
v 297.6240277290344 17.65213944017887 346.3380217552185
v 261.6141736507416 3.747923579066992 352.2765040397644
v 260.1091146469116 -8.304297924041748 348.8685965538025
v 257.57635831832886 -20.13322412967682 345.47181129455566
v 254.0395438671112 -31.695706397294998 342.1073913574219
v 249.5242416858673 -42.95189380645752 338.790500164032
v 244.05686259269714 -53.86413037776947 335.5277895927429
v 237.66576647758484 -64.39665108919144 332.32094049453735
v 230.38076162338257 -74.51463639736176 329.16516065597534
v 222.23405241966248 -84.18431282043457 326.05236768722534
v 213.2603645324707 -93.37258636951447 322.97143936157227
v 203.49696278572083 -102.04706490039825 319.9083924293518
v 192.98442006111145 -110.17645597457886 316.8486714363098
v 181.7664384841919 -117.73070991039276 313.7773275375366
v 169.8901891708374 -124.68176186084747 310.68023443222046
v 157.40636587142944 -131.0041844844818 307.54573345184326
v 144.3690687417984 -136.67602837085724 304.36577796936035
v 130.83562552928925 -141.67952835559845 301.13632678985596
v 116.86612665653229 -146.0024893283844 297.86009788513184
v 102.5229424238205 -149.63897466659546 294.5472478866577
v 87.87004351615906 -152.59054899215698 291.21769666671753
v 72.97170907258987 -154.866760969162 287.9012882709503
v 57.891739904880524 -156.48622512817383 284.64075922966003
v 42.691728472709656 -157.47626423835754 281.49118423461914
v 27.42993012070656 -157.87335634231567 278.52213978767395
v 12.159444764256477 -157.7219009399414 275.8166491985321
v -3.073206078261137 -157.07309246063232 273.47139716148376
v -18.22577901184559 -155.90423941612244 271.40443325042725
v -33.24914574623108 -154.17298078536987 269.48631405830383
v -48.09419363737106 -151.90497636795044 267.750746011734
v -62.71502673625946 -149.12456274032593 266.22787714004517
v -77.06835865974426 -145.8545207977295 264.94454741477966
v -91.11331701278687 -142.11556613445282 263.9242887496948
v -104.8112690448761 -137.92626857757568 263.18739652633667
v -118.12536120414734 -133.3028107881546 262.75100111961365
v -131.0202419757843 -128.25905084609985 262.6293182373047
v -143.46177577972412 -122.80662059783936 262.83377408981323
v -155.41709661483765 -116.95506870746613 263.37334513664246
v -166.85358881950378 -110.71194112300873 264.25377130508423
v -177.7396023273468 -104.08313870429993 265.47861099243164
v -188.04325461387634 -97.07295298576355 267.0472741127014
v -197.73284196853638 -89.68488872051239 268.9566493034363
v -206.77605271339417 -81.92158341407776 271.1986005306244
v -215.13980627059937 -73.78559410572052 273.76002073287964
v -222.7902889251709 -65.28020650148392 276.62299275398254
v -229.69213128089905 -56.41016364097595 279.7625005245209
v -235.80874800682068 -47.182635962963104 283.14664363861084
v -241.10294580459595 -37.608495354652405 286.7383003234863
v -245.53590416908264 -27.703356742858887 290.49121141433716
v -249.0690529346466 -17.488659918308258 294.35423612594604
v -251.66369676589966 -6.992802210152149 298.2683300971985
v -253.28308939933777 3.7479386664927006 302.1718740463257
v -253.88785600662231 14.688583463430405 305.9811472892761
v -253.44618558883667 25.774434953927994 309.6233010292053
v -251.9398033618927 36.94434240460396 313.0538821220398
v -249.35756921768188 48.132169246673584 316.23315811157227
v -245.69756984710693 59.26862955093384 319.13191080093384
v -240.96665382385254 70.28304934501648 321.7292547225952
v -235.18118262290955 81.10568225383759 324.0169644355774
v -228.36604714393616 91.66887402534485 325.9956121444702
v -220.5545425415039 101.90898478031158 327.67614126205444
v -211.7870271205902 111.76798045635223 329.07893657684326
v -202.11024284362793 121.19345963001251 330.2312135696411
v -191.57534837722778 130.1399677991867 331.16573095321655
v -180.23757934570312 138.5685682296753 331.91946744918823
v -168.15438866615295 146.446430683136 332.53040313720703
v -155.38498163223267 153.7464201450348 333.03701877593994
v -141.98888540267944 160.44629216194153 333.4756135940552
v -128.02644073963165 166.5274679660797 333.87991189956665
v -113.5574072599411 171.974515914917 334.2794179916382
v -98.64133894443512 176.77409648895264 334.6988081932068
v -83.33761096000671 180.91435432434082 335.15782356262207
v -67.70504415035248 184.38439965248108 335.67084074020386
v -51.80268734693527 187.17387914657593 336.24730110168457
v -35.690056532621384 189.272940158844 336.8917465209961
v -19.4268599152565 190.67201614379883 337.6043200492859
v -3.07319238781929 191.36225581169128 338.3811593055725
v 13.313816115260124 191.42913222312927 339.4421339035034
v 29.69130054116249 190.9409523010254 340.96484184265137
v 46.015459299087524 189.86263275146484 342.8785443305969
v 62.237074971199036 188.15903663635254 345.1119303703308
v 78.30152213573456 185.79599261283875 347.5927233695984
v 94.14892494678497 182.74147510528564 350.24739503860474
v 109.71435606479645 178.9667844772339 353.000807762146
v 124.92814064025879 174.44779872894287 355.77635765075684
v 139.7163212299347 169.16652917861938 358.49640369415283
v 154.00192737579346 163.1123185157776 361.08330488204956
v 167.70479679107666 156.28371834754944 363.4604215621948
v 180.74426651000977 148.6894816160202 365.5548691749573
v 193.03972721099854 140.349742770195 367.2983765602112
v 204.51305508613586 131.29707276821136 368.6312198638916
v 215.09039998054504 121.57596051692963 369.503653049469
v 224.70417022705078 111.24326884746552 369.8790192604065
v 233.29476714134216 100.36670565605164 369.7351098060608
v 240.8124804496765 89.02306258678436 369.0654516220093
v 247.2190260887146 77.29593515396118 367.8806662559509
v 252.48776078224182 65.27334898710251 366.2075400352478
v 256.60359263420105 53.044393658638 364.0859127044678
v 259.5633387565613 40.696755051612854 361.56917810440063
v 261.3736152648926 28.314341604709625 358.7181329727173
v 262.0500683784485 15.974564105272293 355.59922456741333
v 224.91395473480225 3.747923579066992 358.60451459884644
v 223.70111346244812 -6.599433906376362 355.4574251174927
v 221.5882658958435 -16.76708087325096 352.2643804550171
v 218.5948669910431 -26.714055240154266 349.04587268829346
v 214.742249250412 -36.40200197696686 345.81531286239624
v 210.0544273853302 -45.795075595378876 342.5842881202698
v 204.55700755119324 -54.85932379961014 339.3580913543701
v 198.27815294265747 -63.56274336576462 336.1398696899414
v 191.24813675880432 -71.87493592500687 332.92951583862305
v 183.49953889846802 -79.76711690425873 329.72474098205566
v 175.06728172302246 -87.21207976341248 326.52143239974976
v 165.98907709121704 -94.18466985225677 323.31604957580566
v 156.30481839179993 -100.66161453723907 320.10430097579956
v 146.0571527481079 -106.62218034267426 316.8834686279297
v 135.29106080532074 -112.04853057861328 313.65305185317993
v 124.05366897583008 -116.92585051059723 310.4144811630249
v 112.39427626132965 -121.24347388744354 307.17419385910034
v 100.36371946334839 -124.99490082263947 303.9430260658264
v 88.01399767398834 -128.1786024570465 300.7378578186035
v 75.3977358341217 -130.7981640100479 297.58232831954956
v 62.56730407476425 -132.86272287368774 294.50746178627014
v 49.574317038059235 -134.3871295452118 291.55272245407104
v 36.468469351530075 -135.39177775382996 288.7663543224335
v 23.296936601400375 -135.9019786119461 286.20495200157166
v 10.103309154510498 -135.9475940465927 283.93388986587524
v -3.073204681277275 -135.56173145771027 282.0260167121887
v -16.19562841951847 -134.7199559211731 280.3892254829407
v -29.220901429653168 -133.38620960712433 278.8977384567261
v -42.10558533668518 -131.577730178833 277.5773227214813
v -54.80847358703613 -129.31154072284698 276.4520287513733
v -67.2901600599289 -126.60370767116547 275.542688369751
v -79.51296865940094 -123.46937656402588 274.86796975135803
v -91.44092202186584 -119.92252171039581 274.44398403167725
v -103.03924977779388 -115.97556173801422 274.2833912372589
v -114.27448689937592 -111.63988709449768 274.39722418785095
v -125.114044547081 -106.92541301250458 274.7932970523834
v -135.52635312080383 -101.84087455272675 275.47688484191895
v -145.4801380634308 -96.39403223991394 276.4505088329315
v -154.94504570960999 -90.59194922447205 277.71477699279785
v -163.8908565044403 -84.44104492664337 279.26673889160156
v -172.2874939441681 -77.94739007949829 281.1002254486084
v -180.1051139831543 -71.11740410327911 283.2064211368561
v -187.3136043548584 -63.95777016878128 285.5715751647949
v -193.88304948806763 -56.47635608911514 288.1790578365326
v -199.7833013534546 -48.68275970220566 291.0079300403595
v -204.98408675193787 -40.58859497308731 294.03210282325745
v -209.45523977279663 -32.20824524760246 297.22065925598145
v -213.1672739982605 -23.559971898794174 300.54001808166504
v -216.0909354686737 -14.665725454688072 303.94967794418335
v -218.19886565208435 -5.552466586232185 307.4086546897888
v -219.46519017219543 3.747936710715294 310.8707785606384
v -219.86058354377747 13.19769211113453 314.26295042037964
v -219.36181783676147 22.751862555742264 317.5219774246216
v -217.95780658721924 32.36129209399223 320.6167459487915
v -215.64350724220276 41.973987221717834 323.52232933044434
v -212.4192774295807 51.53568685054779 326.21580362319946
v -208.29237699508667 60.991470515728 328.68300676345825
v -203.27605605125427 70.28653621673584 330.91453313827515
v -197.38998413085938 79.36721742153168 332.9081654548645
v -190.6599462032318 88.18225264549255 334.66880321502686
v -183.1171452999115 96.68364822864532 336.2074613571167
v -174.79764819145203 104.82676327228546 337.5396251678467
v -165.74163436889648 112.5716507434845 338.68632316589355
v -155.99278807640076 119.88258361816406 339.67130184173584
v -145.59753835201263 126.72828733921051 340.5205249786377
v -134.60448682308197 133.08180570602417 341.2616014480591
v -123.06329905986786 138.9201432466507 341.92131757736206
v -111.02516949176788 144.2235231399536 342.52556562423706
v -98.54156970977783 148.975270986557 343.0982708930969
v -85.66450774669647 153.1612515449524 343.6608552932739
v -72.44619727134705 156.76910877227783 344.2311644554138
v -58.93882066011429 159.78823900222778 344.8237180709839
v -45.19483298063278 162.2091829776764 345.4490661621094
v -31.267183274030685 164.02333974838257 346.1136817932129
v -17.20888987183571 165.22312760353088 346.8202829360962
v -3.0731926672160625 165.80162644386292 347.5673317909241
v 11.08868457376957 165.81754088401794 348.5366106033325
v 25.235453993082047 165.31875729560852 349.87632036209106
v 39.32533711194992 164.2819583415985 351.52995586395264
v 53.31282019615173 162.68364787101746 353.4380078315735
v 67.14868694543839 160.50134897232056 355.53985834121704
v 80.78012466430664 157.7143907546997 357.7726364135742
v 94.15089190006256 154.30503487586975 360.07254123687744
v 107.20185041427612 150.25988817214966 362.37595081329346
v 119.87118422985077 145.57041227817535 364.6186351776123
v 132.09563791751862 140.2341216802597 366.7379379272461
v 143.8104271888733 134.25585329532623 368.67356300354004
v 154.95107173919678 127.6479721069336 370.36893367767334
v 165.4539942741394 120.43111324310303 371.7720150947571
v 175.25795102119446 112.63467371463776 372.8379964828491
v 184.3053638935089 104.29631173610687 373.5296130180359
v 192.54321455955505 95.46183049678802 373.8187551498413
v 199.9242603778839 86.18457913398743 373.6877918243408
v 206.40823245048523 76.52389705181122 373.1293201446533
v 211.96235418319702 66.54372364282608 372.14616537094116
v 216.56184196472168 56.31146728992462 370.7520604133606
v 220.19001245498657 45.89604288339615 368.9695715904236
v 222.83772826194763 35.366036742925644 366.82727336883545
v 224.50361251831055 24.7890405356884 364.36132192611694
v 225.1921534538269 14.229268580675125 361.6076588630676
v 187.27394342422485 3.747923579066992 361.738657951355
v 186.34073138237 -4.850207269191742 358.93417596817017
v 184.64884757995605 -13.311559706926346 356.05080127716064
v 182.21290111541748 -21.60002365708351 353.10505628585815
v 179.0501832962036 -29.681604355573654 350.11085271835327
v 175.18052458763123 -37.52444386482239 347.08067178726196
v 170.6258475780487 -45.098595321178436 344.0237045288086
v 165.41022062301636 -52.37596482038498 340.9466743469238
v 159.5600724220276 -59.33049023151398 337.85619735717773
v 153.1038522720337 -65.93797355890274 334.7571015357971
v 146.07199430465698 -72.17600047588348 331.6526412963867
v 138.49699795246124 -78.02446782588959 328.54710817337036
v 130.41334748268127 -83.4653913974762 325.4452586174011
v 121.85717225074768 -88.48307132720947 322.35188484191895
v 112.86636292934418 -93.0645614862442 319.2743182182312
v 103.48020493984222 -97.19955325126648 316.2214994430542
v 93.73927116394043 -100.88087618350983 313.2055163383484
v 83.68499279022217 -104.10459637641907 310.2419972419739
v 73.35931956768036 -106.86998963356018 307.3496460914612
v 62.80446946620941 -109.17991697788239 304.5522451400757
v 52.0622581243515 -111.04073524475098 301.8780827522278
v 41.17383509874344 -112.46204674243927 299.36009645462036
v 30.179015547037125 -113.45663666725159 297.03628420829773
v 19.115998595952988 -114.03990983963013 294.9490785598755
v 8.020775578916073 -114.22938108444214 293.14497113227844
v -3.0732030048966408 -114.04409408569336 291.6742444038391
v -14.133436605334282 -113.46358358860016 290.4487431049347
v -25.12284815311432 -112.46151030063629 289.3588364124298
v -36.003874987363815 -111.04861199855804 288.4224057197571
v -46.74042463302612 -109.23605561256409 287.65692114830017
v -57.29755014181137 -107.03475773334503 287.0774567127228
v -67.64148026704788 -104.45541143417358 286.69740557670593
v -77.73964405059814 -101.50832533836365 286.5281939506531
v -87.56045401096344 -98.20334315299988 286.57920956611633
v -97.0732033252716 -94.54975426197052 286.8575155735016
v -106.24808371067047 -90.5565083026886 287.3686909675598
v -115.05613625049591 -86.23201847076416 288.1155788898468
v -123.46874177455902 -81.58436715602875 289.09832239151
v -131.45830929279327 -76.62173509597778 290.3164207935333
v -138.99745345115662 -71.3519811630249 291.7649567127228
v -146.05952203273773 -65.78360795974731 293.4385299682617
v -152.61812210083008 -59.925252199172974 295.3273415565491
v -158.64737033843994 -53.78655195236206 297.41976857185364
v -164.12211656570435 -47.37821817398071 299.7020959854126
v -169.0174698829651 -40.7123789191246 302.15667486190796
v -173.30920100212097 -33.80285203456879 304.762601852417
v -176.97415351867676 -26.66563019156456 307.4976325035095
v -179.99013662338257 -19.31929886341095 310.3364825248718
v -182.33597874641418 -11.784911155700684 313.25007677078247
v -183.99252891540527 -4.0867212228477 316.2092328071594
v -184.9426031112671 3.747934475541115 319.1826581954956
v -185.16547679901123 11.688011884689331 322.1087336540222
v -184.64507460594177 19.69747245311737 324.9333143234253
v -183.3756923675537 27.737749367952347 327.63751745224
v -181.35561347007751 35.76863408088684 330.2048921585083
v -178.58721613883972 43.748630583286285 332.6204180717468
v -175.07745623588562 51.635849475860596 334.87372398376465
v -170.8377242088318 59.38855558633804 336.9585156440735
v -165.88366627693176 66.96551442146301 338.8713598251343
v -160.2352738380432 74.32678788900375 340.61315059661865
v -153.91652584075928 81.43448531627655 342.1895384788513
v -146.95532619953156 88.25260698795319 343.60896348953247
v -139.38238620758057 94.74790692329407 344.882333278656
v -131.23178780078888 100.8900135755539 346.024489402771
v -122.53984808921814 106.65121972560883 347.05055952072144
v -113.34518194198608 112.00699210166931 347.978138923645
v -103.68771851062775 116.93549752235413 348.82432222366333
v -93.60920190811157 121.41746878623962 349.60620403289795
v -83.1521987915039 125.43619573116302 350.3403425216675
v -72.36012071371078 128.9771407842636 351.041579246521
v -61.27714365720749 132.02768862247467 351.72293186187744
v -49.94771629571915 134.57699418067932 352.3950934410095
v -38.41687738895416 136.615651845932 353.06618213653564
v -26.730260252952576 138.13556134700775 353.74131202697754
v -14.933684840798378 139.1299992799759 354.42302227020264
v -3.0731932260096073 139.59320783615112 355.1100969314575
v 8.806302957236767 139.56153988838196 355.94236850738525
v 20.666232705116272 139.0659123659134 357.0363521575928
v 32.46789872646332 138.09328973293304 358.351993560791
v 44.170452654361725 136.6307258605957 359.8456621170044
v 55.73090761899948 134.66636538505554 361.4719033241272
v 67.10425168275833 132.1899801492691 363.1836533546448
v 78.24364006519318 129.19381856918335 364.9328827857971
v 89.10066783428192 125.67326724529266 366.6712760925293
v 99.62570071220398 121.62753939628601 368.3510184288025
v 109.76873338222504 117.06015765666962 369.92565393447876
v 119.47923302650452 111.97971403598785 371.3505148887634
v 128.70753407478333 106.40009343624115 372.58472442626953
v 137.40499019622803 100.34055411815643 373.58994483947754
v 145.52512764930725 93.82627308368683 374.3339538574219
v 153.0240833759308 86.88757717609406 374.78857040405273
v 159.8615527153015 79.56022918224335 374.93287324905396
v 166.0010039806366 71.88473045825958 374.75152015686035
v 171.41066193580627 63.90552073717117 374.2354989051819
v 176.0639190673828 55.67026734352112 373.3830213546753
v 179.9393892288208 47.22920358181 372.1981644630432
v 183.02103281021118 38.63392174243927 370.6899404525757
v 185.29819250106812 29.936568439006805 368.871545791626
v 186.7656648159027 21.189415454864502 366.76111221313477
v 187.4228596687317 12.443294003605843 364.3769145011902
v 149.08745884895325 3.747923579066992 361.9655728340149
v 148.41426014900208 -3.0847247689962387 359.5905303955078
v 147.13237881660461 -9.821010008454323 357.12711811065674
v 145.25220394134521 -16.43160916864872 354.58892583847046
v 142.78664588928223 -22.888735681772232 351.98882818222046
v 139.75050151348114 -29.166072607040405 349.33719635009766
v 136.1610621213913 -35.23901849985123 346.6456174850464
v 132.03728199005127 -41.08450412750244 343.9230680465698
v 127.4002343416214 -46.68120592832565 341.17913246154785
v 122.2726821899414 -52.00946778059006 338.4223222732544
v 116.67904257774353 -57.05134570598602 335.6608271598816
v 110.64537763595581 -61.79083585739136 332.90358781814575
v 104.19921576976776 -66.21379852294922 330.16000986099243
v 97.36928343772888 -70.30797600746155 327.4394631385803
v 90.18556773662567 -74.06326085329056 324.75314140319824
v 82.6790302991867 -77.47163772583008 322.1135973930359
v 74.88135248422623 -80.52713871002197 319.5345640182495
v 66.82486832141876 -83.22615623474121 317.03213453292847
v 58.54215323925018 -85.56702733039856 314.623761177063
v 50.065988302230835 -87.55042254924774 312.33015060424805
v 41.42889082431793 -89.1789972782135 310.1735830307007
v 32.66303390264511 -90.45723080635071 308.17880630493164
v 23.7998329102993 -91.39122068881989 306.37221336364746
v 14.86993208527565 -91.98847711086273 304.7821283340454
v 5.9028396382927895 -92.25760102272034 303.4386992454529
v -3.073201607912779 -92.20772087574005 302.3722529411316
v -12.030179053544998 -91.82508587837219 301.51065587997437
v -20.937229692935944 -91.093710064888 300.76972246170044
v -29.763121157884598 -90.01987874507904 300.1611113548279
v -38.47745954990387 -88.61025273799896 299.69505071640015
v -47.0505952835083 -86.8719756603241 299.3815004825592
v -55.45358061790466 -84.81250405311584 299.22916889190674
v -63.65832835435867 -82.43933022022247 299.2451012134552
v -71.63747549057007 -79.76015210151672 299.4353234767914
v -79.36432957649231 -76.78262293338776 299.80360865592957
v -86.81298494338989 -73.51466864347458 300.3532290458679
v -93.95827353000641 -69.96421068906784 301.0849714279175
v -100.77559053897858 -66.13954603672028 301.9989252090454
v -107.24107325077057 -62.049007415771484 303.09226512908936
v -113.33150267601013 -57.70140588283539 304.3608069419861
v -119.0244197845459 -53.10618281364441 305.7995796203613
v -124.29798245429993 -48.27325791120529 307.4004650115967
v -129.131081700325 -43.21340024471283 309.1538429260254
v -133.5036277770996 -37.938398122787476 311.04923486709595
v -137.3962014913559 -32.46114403009415 313.0735158920288
v -140.790393948555 -26.7957866191864 315.2115225791931
v -143.6691552400589 -20.95794305205345 317.4478054046631
v -146.01627588272095 -14.964845404028893 319.7634816169739
v -147.8174865245819 -8.835408836603165 322.1409559249878
v -149.05986785888672 -2.5903182104229927 324.55995082855225
v -149.73239600658417 3.747932519763708 326.99979543685913
v -149.8219907283783 10.154680162668228 329.4133186340332
v -149.31876361370087 16.602182015776634 331.7583918571472
v -148.22008609771729 23.061255365610123 334.022855758667
v -146.5261995792389 29.501789063215256 336.19558811187744
v -144.2406177520752 35.89315339922905 338.2687568664551
v -141.36950969696045 42.2043576836586 340.23410081863403
v -137.9223257303238 48.40466380119324 342.0873284339905
v -133.9114397764206 54.463568329811096 343.82511377334595
v -129.35226559638977 60.35130321979523 345.44677734375
v -124.26292598247528 66.03925824165344 346.95417881011963
v -118.66443157196045 71.49983793497086 348.3506441116333
v -112.57995665073395 76.70710980892181 349.6410012245178
v -106.03521466255188 81.6368043422699 350.8325457572937
v -99.05785024166107 86.26634180545807 351.9330024719238
v -91.67732298374176 90.57497978210449 352.95088291168213
v -83.92457664012909 94.54402327537537 353.895628452301
v -75.83218216896057 98.15636873245239 354.77625131607056
v -67.43371188640594 101.39692425727844 355.6020498275757
v -58.76375734806061 104.25224304199219 356.38089179992676
v -49.85785782337189 106.7105233669281 357.120144367218
v -40.75203984975815 108.76159071922302 357.8257083892822
v -31.483089923858643 110.39674580097198 358.50216150283813
v -22.088438272476196 111.60869300365448 359.1522216796875
v -12.60581910610199 112.39149570465088 359.7766041755676
v -3.0731935054063797 112.74063885211945 360.3743076324463
v 6.471940129995346 112.67550587654114 361.0427141189575
v 15.995630621910095 112.21375465393066 361.86554431915283
v 25.464007258415222 111.34956479072571 362.8177285194397
v 34.84222814440727 110.07787585258484 363.87187242507935
v 44.09450590610504 108.3946019411087 364.9982213973999
v 53.18417698144913 106.29712343215942 366.1657691001892
v 62.07391619682312 103.78471612930298 367.3427939414978
v 70.7258552312851 100.85884630680084 368.4968948364258
v 79.10187542438507 97.5237250328064 369.59649324417114
v 87.16411292552948 93.78620982170105 370.6103324890137
v 94.87479329109192 89.65660035610199 371.5087652206421
v 102.1971344947815 85.14822721481323 372.2636103630066
v 109.09556150436401 80.2780956029892 372.8498697280884
v 115.53603708744049 75.06654560565948 373.2450842857361
v 121.4865893125534 69.53703761100769 373.42944145202637
v 126.91768705844879 63.71637582778931 373.3874559402466
v 131.80240094661713 57.634274661540985 373.1070399284363
v 136.11689507961273 51.32280886173248 372.579288482666
v 139.84083831310272 44.81619447469711 371.79969549179077
v 142.95727014541626 38.15039545297623 370.76733112335205
v 145.45276165008545 31.362491101026535 369.48355436325073
v 147.31781780719757 24.490300565958023 367.9540157318115
v 148.54626953601837 17.572010681033134 366.1848306655884
v 149.13574755191803 10.64540147781372 364.1851544380188
v 110.72262525558472 3.747923579066992 359.8445534706116
v 110.28082966804504 -1.328519219532609 357.9817056655884
v 109.38448905944824 -6.344343535602093 356.04193210601807
v 108.04035365581512 -11.277946829795837 354.0366053581238
v 106.25683665275574 -16.108613088726997 351.9748091697693
v 104.04413938522339 -20.8166241645813 349.86605644226074
v 101.41420662403107 -25.383350998163223 347.7198600769043
v 98.38055670261383 -29.79130446910858 345.54591178894043
v 94.9582189321518 -34.02417227625847 343.35343837738037
v 91.16356372833252 -38.066862523555756 341.15166664123535
v 87.01436519622803 -41.90559983253479 338.95039558410645
v 82.52957761287689 -45.527976751327515 336.7597818374634
v 77.72918343544006 -48.92282634973526 334.5896244049072
v 72.63414412736893 -52.0803764462471 332.4500799179077
v 67.26635098457336 -54.99231666326523 330.3526997566223
v 61.648352444171906 -57.65165090560913 328.30889225006104
v 55.80337196588516 -60.05287170410156 326.33174657821655
v 49.75496828556061 -62.19166964292526 324.43363666534424
v 43.52714270353317 -64.06517922878265 322.6290822029114
v 37.144023925065994 -65.67170172929764 320.93238830566406
v 30.629774183034897 -67.01075434684753 319.3591833114624
v 24.008506536483765 -68.08275729417801 317.92441606521606
v 17.30414405465126 -68.88940036296844 316.6456460952759
v 10.540314763784409 -69.43267732858658 315.53807258605957
v 3.7402762100100517 -69.71559226512909 314.61875438690186
v -3.0731999315321445 -69.74135935306549 313.9029264450073
v -9.877297282218933 -69.50292885303497 313.3422017097473
v -16.64782427251339 -68.99275034666061 312.88172006607056
v -23.360388725996017 -68.21422129869461 312.5280976295471
v -29.991046339273453 -67.1711191534996 312.2859835624695
v -36.51629760861397 -65.8681109547615 312.16174364089966
v -42.91301965713501 -64.30996209383011 312.1587038040161
v -49.15870875120163 -62.502166628837585 312.2809052467346
v -55.231355130672455 -60.45054942369461 312.53113746643066
v -61.109527945518494 -58.16140025854111 312.911581993103
v -66.77228808403015 -55.641232430934906 313.42220306396484
v -72.19952791929245 -52.89723426103592 314.0639305114746
v -77.3714929819107 -49.936844408512115 314.834725856781
v -82.26931393146515 -46.76800221204758 315.73240756988525
v -86.87471151351929 -43.39921027421951 316.75347089767456
v -91.17017090320587 -39.83953893184662 317.8935170173645
v -95.13903558254242 -36.098695546388626 319.14743185043335
v -98.76532852649689 -32.1869932115078 320.5081343650818
v -102.03406512737274 -28.11548039317131 321.96768522262573
v -104.93115484714508 -23.896092921495438 323.51750135421753
v -107.44361579418182 -19.541584700345993 325.14814138412476
v -109.55953896045685 -15.065540000796318 326.8491268157959
v -111.26819550991058 -10.482596978545189 328.609299659729
v -112.56023347377777 -5.808229185640812 330.41718006134033
v -113.42775821685791 -1.058928295969963 332.2615385055542
v -113.86412680149078 3.7479305639863014 334.1286778450012
v -113.86231184005737 8.59384573996067 335.98780632019043
v -113.41710984706879 13.4587112814188 337.808632850647
v -112.52785921096802 18.32171492278576 339.5838260650635
v -111.19582951068878 23.16160798072815 341.3067698478699
v -109.42433774471283 27.956850081682205 342.971670627594
v -107.21876621246338 32.68585279583931 344.5735216140747
v -104.58641946315765 37.327124923467636 346.10828161239624
v -101.53671205043793 41.859376430511475 347.5733757019043
v -98.08102548122406 46.26173973083496 348.9670515060425
v -94.23255622386932 50.51392614841461 350.28834342956543
v -90.00644087791443 54.59622144699097 351.5373229980469
v -85.41950583457947 58.48991721868515 352.7154207229614
v -80.49024045467377 62.17719465494156 353.8244962692261
v -75.23861825466156 65.64121842384338 354.8670530319214
v -69.68609690666199 68.8663199543953 355.84609508514404
v -63.855162262916565 71.83796167373657 356.76430463790894
v -57.76981562376022 74.54285770654678 357.62561559677124
v -51.454831659793854 76.96886658668518 358.43281745910645
v -44.93599981069565 79.10521924495697 359.1890215873718
v -38.23993653059006 80.94228208065033 359.8967671394348
v -31.39382153749466 82.47184753417969 360.5584144592285
v -24.425480514764786 83.6867094039917 361.1744999885559
v -17.363396286964417 84.58116352558136 361.746346950531
v -10.236313194036484 85.15057861804962 362.2729539871216
v -3.0731940641999245 85.39173603057861 362.75339126586914
v 4.097065050154924 85.31270921230316 363.2460951805115
v 11.247188597917557 84.9218487739563 363.8034224510193
v 18.350035697221756 84.21759009361267 364.41214084625244
v 25.378185510635376 83.199343085289 365.057909488678
v 32.30396658182144 81.86742961406708 365.7241702079773
v 39.099593460559845 80.22348582744598 366.39418601989746
v 45.73722034692764 78.27043533325195 367.0501112937927
v 52.18910425901413 76.01267695426941 367.6737427711487
v 58.427694439888 73.45630377531052 368.24655532836914
v 64.42608833312988 70.60917466878891 368.75152587890625
v 70.15766054391861 67.48095005750656 369.1707730293274
v 75.5968451499939 64.0832394361496 369.48838233947754
v 80.71899712085724 60.42950749397278 369.68936920166016
v 85.50072312355042 56.53519034385681 369.76003646850586
v 89.9201363325119 52.417418360710144 369.6885108947754
v 93.95688772201538 48.095083236694336 369.4641709327698
v 97.59243428707123 43.58879327774048 369.07896995544434
v 100.81029832363129 38.92050236463547 368.52664947509766
v 103.59612107276917 34.11331549286842 367.80298948287964
v 105.93772530555725 29.191415011882782 366.9053077697754
v 107.82528519630432 24.17975440621376 365.83303213119507
v 109.25139784812927 19.103769958019257 364.5874500274658
v 110.21097600460052 13.989340513944626 363.1712794303894
v 110.7014000415802 8.862153813242912 361.58798933029175
v 72.4772572517395 3.747923579066992 356.1940312385559
v 72.22923338413239 0.39933345979079604 354.91243600845337
v 71.68103456497192 -2.9176116921007633 353.5818815231323
v 70.83615213632584 -6.189029663801193 352.2079110145569
v 69.69926655292511 -9.401477873325348 350.79660415649414
v 68.27644854784012 -12.542052939534187 349.35593605041504
v 66.57470315694809 -15.598386526107788 347.8922367095947
v 64.6021619439125 -18.558697029948235 346.4118719100952
v 62.36809194087982 -21.41193598508835 344.92303133010864
v 59.88258272409439 -24.147652834653854 343.4321880340576
v 57.1567565202713 -26.75619274377823 341.9473886489868
v 54.20253127813339 -29.228653013706207 340.47632217407227
v 51.03257596492767 -31.55685067176819 339.02660608291626
v 47.66030162572861 -33.73342528939247 337.60643005371094
v 44.099727272987366 -35.75181886553764 336.22419834136963
v 40.36538600921631 -37.60615289211273 334.8872423171997
v 36.472369730472565 -39.291416108608246 333.6044669151306
v 32.436150312423706 -40.80338180065155 332.38452672958374
v 28.272514790296555 -42.138464748859406 331.2356114387512
v 23.997551947832108 -43.29385757446289 330.1664471626282
v 19.627493619918823 -44.26732957363129 329.1847229003906
v 15.178783982992172 -45.057445764541626 328.29970121383667
v 10.667860507965088 -45.66317796707153 327.5186061859131
v 6.1112478375434875 -46.084052324295044 326.84855461120605
v 1.5254312194883823 -46.32021635770798 326.2975215911865
v -3.073198813945055 -46.37211710214615 325.8713364601135
v -7.668166793882847 -46.237264573574066 325.54543018341064
v -12.242569774389267 -45.913490653038025 325.2930164337158
v -16.779445856809616 -45.40247619152069 325.11717081069946
v -21.26205861568451 -44.70627307891846 325.01903772354126
v -25.673887878656387 -43.82759481668472 325.0011205673218
v -29.99868616461754 -42.76970475912094 325.06556510925293
v -34.22051668167114 -41.536134481430054 325.21222829818726
v -38.3238360285759 -40.13107717037201 325.4426121711731
v -42.29346960783005 -38.55912834405899 325.7567882537842
v -46.11467868089676 -36.825355142354965 326.1544704437256
v -49.77325648069382 -34.93523374199867 326.6347646713257
v -53.255362808704376 -32.89470076560974 327.19566822052
v -56.54789060354233 -30.71024715900421 327.8361439704895
v -59.63824689388275 -28.388752788305283 328.55372428894043
v -62.51440644264221 -25.937531143426895 329.3448328971863
v -65.16508609056473 -23.364441096782684 330.2063226699829
v -67.57969558238983 -20.67779079079628 331.1340808868408
v -69.74836438894272 -17.886323109269142 332.123064994812
v -71.66208475828171 -14.999383315443993 333.1690549850464
v -73.31259101629257 -12.02671118080616 334.2660069465637
v -74.69262778759003 -8.97853597998619 335.40855646133423
v -75.79582035541534 -5.865633487701416 336.59141063690186
v -76.6167014837265 -2.699109725654125 337.80723810195923
v -77.15088129043579 0.5094140418805182 339.04967308044434
v -77.39507853984833 3.7479283288121223 340.3131365776062
v -77.3462176322937 7.003998756408691 341.57971143722534
v -77.00239419937134 10.264559090137482 342.83241033554077
v -76.36392116546631 13.516292721033096 344.06726360321045
v -75.43229162693024 16.745714843273163 345.28008699417114
v -74.2101788520813 19.939206540584564 346.465802192688
v -72.70161509513855 23.083215951919556 347.6214051246643
v -70.91182172298431 26.16429626941681 348.74428510665894
v -68.84720474481583 29.16908785700798 349.8310089111328
v -66.51545763015747 32.08452835679054 350.88003873825073
v -63.925351202487946 34.89786610007286 351.8891215324402
v -61.08688563108444 37.59664446115494 352.8566837310791
v -58.011066913604736 40.168990194797516 353.7818670272827
v -54.70998287200928 42.60345697402954 354.66363430023193
v -51.19669586420059 44.88919973373413 355.50127029418945
v -47.48525172472 47.0160573720932 356.2951683998108
v -43.590398132801056 48.974525928497314 357.0446848869324
v -39.52786177396774 50.75574070215225 357.749605178833
v -35.313986241817474 52.35169976949692 358.40996503829956
v -30.965787917375565 53.75513881444931 359.0255856513977
v -26.500924676656723 54.95969206094742 359.5967173576355
v -21.93741202354431 55.95971345901489 360.12232303619385
v -17.293813079595566 56.75055831670761 360.6023669242859
v -12.589098885655403 57.3284313082695 361.0364556312561
v -7.842449471354485 57.690346240997314 361.4230155944824
v -3.0731946229934692 57.834380865097046 361.7612957954407
v 1.6992443706840277 57.762640714645386 362.0785117149353
v 6.455962546169758 57.477906346321106 362.39980459213257
v 11.1781507730484 56.98041021823883 362.7197027206421
v 15.847022831439972 56.271274387836456 363.0329489707947
v 20.443841814994812 55.35234957933426 363.3324980735779
v 24.95001330971718 54.226282238960266 363.61076831817627
v 29.34718430042267 52.89679616689682 363.8611435890198
v 33.617258816957474 51.36835724115372 364.07536268234253
v 37.74249851703644 49.646446108818054 364.24548625946045
v 41.70576184988022 47.737473249435425 364.3638610839844
v 45.4902783036232 45.64889967441559 364.4229769706726
v 49.08008426427841 43.3891162276268 364.4160032272339
v 52.45986878871918 40.96739888191223 364.3356442451477
v 55.6151881814003 38.39400261640549 364.1754627227783
v 58.532604575157166 35.68006306886673 363.93052339553833
v 61.199650168418884 32.837509363889694 363.59574794769287
v 63.604916632175446 29.87910434603691 363.16713094711304
v 65.7382607460022 26.81826800107956 362.6421332359314
v 67.59075075387955 23.668918758630753 362.0179295539856
v 69.15477365255356 20.44559195637703 361.2938404083252
v 70.42405307292938 17.163166031241417 360.46929359436035
v 71.39366716146469 13.836777582764626 359.5444679260254
v 72.06019163131714 10.481878370046616 358.5218667984009
v 72.4216103553772 7.113796658813953 357.4041724205017
v 34.53492075204849 3.747923579066992 352.060604095459
v 34.435685724020004 2.089940384030342 351.40957832336426
v 34.18790325522423 0.4431193694472313 350.73992013931274
v 33.79284515976906 -1.1858975049108267 350.0537395477295
v 33.25241804122925 -2.790602669119835 349.3542551994324
v 32.56911858916283 -4.364654794335365 348.6449718475342
v 31.74596205353737 -5.901888571679592 347.928786277771
v 30.78656494617462 -7.396365143358707 347.20956087112427
v 29.695022106170654 -8.842367492616177 346.49040699005127
v 28.475935757160187 -10.234420001506805 345.7745432853699
v 27.134455740451813 -11.567379534244537 345.0668692588806
v 25.676080584526062 -12.836306914687157 344.36960220336914
v 24.106818437576294 -14.036639034748077 343.68746280670166
v 22.433030605316162 -15.164075419306755 343.0234909057617
v 20.661449432373047 -16.214656457304955 342.38126277923584
v 18.799173831939697 -17.18476228415966 341.764497756958
v 16.85359552502632 -18.07110495865345 341.1770224571228
v 14.832377806305885 -18.87073516845703 340.6220555305481
v 12.743433192372322 -19.581033289432526 340.1027798652649
v 10.594895482063293 -20.199713855981827 339.6223783493042
v 8.395067788660526 -20.724843442440033 339.1835689544678
v 6.152434833347797 -21.15485742688179 338.7898564338684
v 3.875567391514778 -21.488457173109055 338.4431719779968
v 1.5731668565422297 -21.724701672792435 338.14576864242554
v -0.7460142485797405 -21.86298742890358 337.89989948272705
v -3.0731971375644207 -21.90297693014145 337.70638704299927
v -5.399554409086704 -21.844343841075897 337.56043910980225
v -7.7162230387330055 -21.686898171901703 337.45343685150146
v -10.014336928725243 -21.43135294318199 337.38681077957153
v -12.285135313868523 -21.078691631555557 337.36088275909424
v -14.519946277141571 -20.630237460136414 337.3759388923645
v -16.71024039387703 -20.0876846909523 337.43287324905396
v -18.847643584012985 -19.452953338623047 337.5306487083435
v -20.923984050750732 -18.728353455662727 337.6695513725281
v -22.931302338838577 -17.916474491357803 337.84908056259155
v -24.861887097358704 -17.020225524902344 338.0688428878784
v -26.70833319425583 -16.04280062019825 338.32823038101196
v -28.463463485240936 -14.987672120332718 338.62606287002563
v -30.120491981506348 -13.858594000339508 338.9611601829529
v -31.67295679450035 -12.659599632024765 339.3320918083191
v -33.114782720804214 -11.395011842250824 339.73807096481323
v -34.44025442004204 -10.06934680044651 340.1764154434204
v -35.644152760505676 -8.687447011470795 340.646767616272
v -36.72160282731056 -7.254282385110855 341.1457300186157
v -37.668246030807495 -5.775124579668045 341.6715145111084
v -38.48021328449249 -4.255439713597298 342.22251176834106
v -39.15410041809082 -2.7008380740880966 342.7955746650696
v -39.68704640865326 -1.1171719757840037 343.3889150619507
v -40.07668197154999 0.48961081774905324 343.99935007095337
v -40.321218967437744 2.1133875008672476 344.62437629699707
v -40.419428050518036 3.747925814241171 345.2620267868042
v -40.370482206344604 5.386891588568687 345.9057569503784
v -40.17413556575775 7.023821398615837 346.54927253723145
v -39.83090668916702 8.652220666408539 347.19078540802
v -39.34186398983002 10.265568271279335 347.82800674438477
v -38.70866149663925 11.857331916689873 348.4582185745239
v -37.933579087257385 13.42105083167553 349.07974004745483
v -37.01941519975662 14.950333535671234 349.6900677680969
v -35.96959635615349 16.438884660601616 350.28769969940186
v -34.7880944609642 17.880545184016228 350.8711338043213
v -33.47937315702438 19.269295781850815 351.4374017715454
v -32.0485420525074 20.599331706762314 351.986289024353
v -30.501099675893784 21.86504155397415 352.51532793045044
v -28.843116760253906 23.061087727546692 353.02369594573975
v -27.081097662448883 24.182389676570892 353.51014137268066
v -25.222009420394897 25.224141776561737 353.97326946258545
v -23.273154348134995 26.181889325380325 354.4117212295532
v -21.242328733205795 27.05148160457611 354.82460260391235
v -19.137614965438843 27.829156816005707 355.2109122276306
v -16.967417299747467 28.511526435613632 355.56979179382324
v -14.740455150604248 29.095599800348282 355.90041875839233
v -12.465625628829002 29.578761756420135 356.2013626098633
v -10.15208289027214 29.958882182836533 356.4723014831543
v -7.809185050427914 30.23422211408615 356.7123770713806
v -5.446385219693184 30.403491854667664 356.92073106765747
v -3.0731949023902416 30.465906858444214 357.0972204208374
v -0.6992152193561196 30.42142689228058 357.2473168373108
v 1.6660310793668032 30.270612984895706 357.3789954185486
v 4.013059381395578 30.013907700777054 357.49032497406006
v 6.332443468272686 29.652247577905655 357.58012533187866
v 8.614855259656906 29.187005013227463 357.64689445495605
v 10.851090028882027 28.619930148124695 357.6885223388672
v 13.032130524516106 27.953296154737473 357.70411491394043
v 15.149160102009773 27.189738303422928 357.6916694641113
v 17.193595692515373 26.33233442902565 357.6496124267578
v 19.157197326421738 25.38454458117485 357.5761556625366
v 21.031947433948517 24.35026913881302 357.4695825576782
v 22.810258716344833 23.233772814273834 357.32864141464233
v 24.484924972057343 22.03970029950142 357.1520447731018
v 26.04914680123329 20.77305167913437 356.93875551223755
v 27.496591955423355 19.439097493886948 356.6871643066406
v 28.82145121693611 18.04349049925804 356.3974142074585
v 30.01832216978073 16.592105850577354 356.06768131256104
v 31.08246847987175 15.091128274798393 355.69911003112793
v 32.00966343283653 13.546886667609215 355.2913784980774
v 32.79623240232468 11.965921148657799 354.84427213668823
v 33.43916013836861 10.354942828416824 354.35922145843506
v 33.93598347902298 8.720736019313335 353.8365125656128
v 34.284909814596176 7.07023199647665 353.2782554626465
v 34.48474779725075 5.410312861204147 352.6858448982239
v -3.073221165686846 3.747923579066992 348.6788034439087
f 1 2 3
f 1 3 4
f 1 4 5
f 1 5 6
f 1 6 7
f 1 7 8
f 1 8 9
f 1 9 10
f 1 10 11
f 1 11 12
f 1 12 13
f 1 13 14
f 1 14 15
f 1 15 16
f 1 16 17
f 1 17 18
f 1 18 19
f 1 19 20
f 1 20 21
f 1 21 22
f 1 22 23
f 1 23 24
f 1 24 25
f 1 25 26
f 1 26 27
f 1 27 28
f 1 28 29
f 1 29 30
f 1 30 31
f 1 31 32
f 1 32 33
f 1 33 34
f 1 34 35
f 1 35 36
f 1 36 37
f 1 37 38
f 1 38 39
f 1 39 40
f 1 40 41
f 1 41 42
f 1 42 43
f 1 43 44
f 1 44 45
f 1 45 46
f 1 46 47
f 1 47 48
f 1 48 49
f 1 49 50
f 1 50 51
f 1 51 52
f 1 52 53
f 1 53 54
f 1 54 55
f 1 55 56
f 1 56 57
f 1 57 58
f 1 58 59
f 1 59 60
f 1 60 61
f 1 61 62
f 1 62 63
f 1 63 64
f 1 64 65
f 1 65 66
f 1 66 67
f 1 67 68
f 1 68 69
f 1 69 70
f 1 70 71
f 1 71 72
f 1 72 73
f 1 73 74
f 1 74 75
f 1 75 76
f 1 76 77
f 1 77 78
f 1 78 79
f 1 79 80
f 1 80 81
f 1 81 82
f 1 82 83
f 1 83 84
f 1 84 85
f 1 85 86
f 1 86 87
f 1 87 88
f 1 88 89
f 1 89 90
f 1 90 91
f 1 91 92
f 1 92 93
f 1 93 94
f 1 94 95
f 1 95 96
f 1 96 97
f 1 97 98
f 1 98 99
f 1 99 100
f 1 100 101
f 1 101 2
f 2 102 3
f 3 102 103
f 3 103 4
f 4 103 104
f 4 104 5
f 5 104 105
f 5 105 6
f 6 105 106
f 6 106 7
f 7 106 107
f 7 107 8
f 8 107 108
f 8 108 9
f 9 108 109
f 9 109 10
f 10 109 110
f 10 110 11
f 11 110 111
f 11 111 12
f 12 111 112
f 12 112 13
f 13 112 113
f 13 113 14
f 14 113 114
f 14 114 15
f 15 114 115
f 15 115 16
f 16 115 116
f 16 116 17
f 17 116 117
f 17 117 18
f 18 117 118
f 18 118 19
f 19 118 119
f 19 119 20
f 20 119 120
f 20 120 21
f 21 120 121
f 21 121 22
f 22 121 122
f 22 122 23
f 23 122 123
f 23 123 24
f 24 123 124
f 24 124 25
f 25 124 125
f 25 125 26
f 26 125 126
f 26 126 27
f 27 126 127
f 27 127 28
f 28 127 128
f 28 128 29
f 29 128 129
f 29 129 30
f 30 129 130
f 30 130 31
f 31 130 131
f 31 131 32
f 32 131 132
f 32 132 33
f 33 132 133
f 33 133 34
f 34 133 134
f 34 134 35
f 35 134 135
f 35 135 36
f 36 135 136
f 36 136 37
f 37 136 137
f 37 137 38
f 38 137 138
f 38 138 39
f 39 138 139
f 39 139 40
f 40 139 140
f 40 140 41
f 41 140 141
f 41 141 42
f 42 141 142
f 42 142 43
f 43 142 143
f 43 143 44
f 44 143 144
f 44 144 45
f 45 144 145
f 45 145 46
f 46 145 146
f 46 146 47
f 47 146 147
f 47 147 48
f 48 147 148
f 48 148 49
f 49 148 149
f 49 149 50
f 50 149 150
f 50 150 51
f 51 150 151
f 51 151 52
f 52 151 152
f 52 152 53
f 53 152 153
f 53 153 54
f 54 153 154
f 54 154 55
f 55 154 155
f 55 155 56
f 56 155 156
f 56 156 57
f 57 156 157
f 57 157 58
f 58 157 158
f 58 158 59
f 59 158 159
f 59 159 60
f 60 159 160
f 60 160 61
f 61 160 161
f 61 161 62
f 62 161 162
f 62 162 63
f 63 162 163
f 63 163 64
f 64 163 164
f 64 164 65
f 65 164 165
f 65 165 66
f 66 165 166
f 66 166 67
f 67 166 167
f 67 167 68
f 68 167 168
f 68 168 69
f 69 168 169
f 69 169 70
f 70 169 170
f 70 170 71
f 71 170 171
f 71 171 72
f 72 171 172
f 72 172 73
f 73 172 173
f 73 173 74
f 74 173 174
f 74 174 75
f 75 174 175
f 75 175 76
f 76 175 176
f 76 176 77
f 77 176 177
f 77 177 78
f 78 177 178
f 78 178 79
f 79 178 179
f 79 179 80
f 80 179 180
f 80 180 81
f 81 180 181
f 81 181 82
f 82 181 182
f 82 182 83
f 83 182 183
f 83 183 84
f 84 183 184
f 84 184 85
f 85 184 185
f 85 185 86
f 86 185 186
f 86 186 87
f 87 186 187
f 87 187 88
f 88 187 188
f 88 188 89
f 89 188 189
f 89 189 90
f 90 189 190
f 90 190 91
f 91 190 191
f 91 191 92
f 92 191 192
f 92 192 93
f 93 192 193
f 93 193 94
f 94 193 194
f 94 194 95
f 95 194 195
f 95 195 96
f 96 195 196
f 96 196 97
f 97 196 197
f 97 197 98
f 98 197 198
f 98 198 99
f 99 198 199
f 99 199 100
f 100 199 200
f 100 200 101
f 101 200 201
f 101 201 2
f 2 201 102
f 102 202 103
f 103 202 203
f 103 203 104
f 104 203 204
f 104 204 105
f 105 204 205
f 105 205 106
f 106 205 206
f 106 206 107
f 107 206 207
f 107 207 108
f 108 207 208
f 108 208 109
f 109 208 209
f 109 209 110
f 110 209 210
f 110 210 111
f 111 210 211
f 111 211 112
f 112 211 212
f 112 212 113
f 113 212 213
f 113 213 114
f 114 213 214
f 114 214 115
f 115 214 215
f 115 215 116
f 116 215 216
f 116 216 117
f 117 216 217
f 117 217 118
f 118 217 218
f 118 218 119
f 119 218 219
f 119 219 120
f 120 219 220
f 120 220 121
f 121 220 221
f 121 221 122
f 122 221 222
f 122 222 123
f 123 222 223
f 123 223 124
f 124 223 224
f 124 224 125
f 125 224 225
f 125 225 126
f 126 225 226
f 126 226 127
f 127 226 227
f 127 227 128
f 128 227 228
f 128 228 129
f 129 228 229
f 129 229 130
f 130 229 230
f 130 230 131
f 131 230 231
f 131 231 132
f 132 231 232
f 132 232 133
f 133 232 233
f 133 233 134
f 134 233 234
f 134 234 135
f 135 234 235
f 135 235 136
f 136 235 236
f 136 236 137
f 137 236 237
f 137 237 138
f 138 237 238
f 138 238 139
f 139 238 239
f 139 239 140
f 140 239 240
f 140 240 141
f 141 240 241
f 141 241 142
f 142 241 242
f 142 242 143
f 143 242 243
f 143 243 144
f 144 243 244
f 144 244 145
f 145 244 245
f 145 245 146
f 146 245 246
f 146 246 147
f 147 246 247
f 147 247 148
f 148 247 248
f 148 248 149
f 149 248 249
f 149 249 150
f 150 249 250
f 150 250 151
f 151 250 251
f 151 251 152
f 152 251 252
f 152 252 153
f 153 252 253
f 153 253 154
f 154 253 254
f 154 254 155
f 155 254 255
f 155 255 156
f 156 255 256
f 156 256 157
f 157 256 257
f 157 257 158
f 158 257 258
f 158 258 159
f 159 258 259
f 159 259 160
f 160 259 260
f 160 260 161
f 161 260 261
f 161 261 162
f 162 261 262
f 162 262 163
f 163 262 263
f 163 263 164
f 164 263 264
f 164 264 165
f 165 264 265
f 165 265 166
f 166 265 266
f 166 266 167
f 167 266 267
f 167 267 168
f 168 267 268
f 168 268 169
f 169 268 269
f 169 269 170
f 170 269 270
f 170 270 171
f 171 270 271
f 171 271 172
f 172 271 272
f 172 272 173
f 173 272 273
f 173 273 174
f 174 273 274
f 174 274 175
f 175 274 275
f 175 275 176
f 176 275 276
f 176 276 177
f 177 276 277
f 177 277 178
f 178 277 278
f 178 278 179
f 179 278 279
f 179 279 180
f 180 279 280
f 180 280 181
f 181 280 281
f 181 281 182
f 182 281 282
f 182 282 183
f 183 282 283
f 183 283 184
f 184 283 284
f 184 284 185
f 185 284 285
f 185 285 186
f 186 285 286
f 186 286 187
f 187 286 287
f 187 287 188
f 188 287 288
f 188 288 189
f 189 288 289
f 189 289 190
f 190 289 290
f 190 290 191
f 191 290 291
f 191 291 192
f 192 291 292
f 192 292 193
f 193 292 293
f 193 293 194
f 194 293 294
f 194 294 195
f 195 294 295
f 195 295 196
f 196 295 296
f 196 296 197
f 197 296 297
f 197 297 198
f 198 297 298
f 198 298 199
f 199 298 299
f 199 299 200
f 200 299 300
f 200 300 201
f 201 300 301
f 201 301 102
f 102 301 202
f 202 302 203
f 203 302 303
f 203 303 204
f 204 303 304
f 204 304 205
f 205 304 305
f 205 305 206
f 206 305 306
f 206 306 207
f 207 306 307
f 207 307 208
f 208 307 308
f 208 308 209
f 209 308 309
f 209 309 210
f 210 309 310
f 210 310 211
f 211 310 311
f 211 311 212
f 212 311 312
f 212 312 213
f 213 312 313
f 213 313 214
f 214 313 314
f 214 314 215
f 215 314 315
f 215 315 216
f 216 315 316
f 216 316 217
f 217 316 317
f 217 317 218
f 218 317 318
f 218 318 219
f 219 318 319
f 219 319 220
f 220 319 320
f 220 320 221
f 221 320 321
f 221 321 222
f 222 321 322
f 222 322 223
f 223 322 323
f 223 323 224
f 224 323 324
f 224 324 225
f 225 324 325
f 225 325 226
f 226 325 326
f 226 326 227
f 227 326 327
f 227 327 228
f 228 327 328
f 228 328 229
f 229 328 329
f 229 329 230
f 230 329 330
f 230 330 231
f 231 330 331
f 231 331 232
f 232 331 332
f 232 332 233
f 233 332 333
f 233 333 234
f 234 333 334
f 234 334 235
f 235 334 335
f 235 335 236
f 236 335 336
f 236 336 237
f 237 336 337
f 237 337 238
f 238 337 338
f 238 338 239
f 239 338 339
f 239 339 240
f 240 339 340
f 240 340 241
f 241 340 341
f 241 341 242
f 242 341 342
f 242 342 243
f 243 342 343
f 243 343 244
f 244 343 344
f 244 344 245
f 245 344 345
f 245 345 246
f 246 345 346
f 246 346 247
f 247 346 347
f 247 347 248
f 248 347 348
f 248 348 249
f 249 348 349
f 249 349 250
f 250 349 350
f 250 350 251
f 251 350 351
f 251 351 252
f 252 351 352
f 252 352 253
f 253 352 353
f 253 353 254
f 254 353 354
f 254 354 255
f 255 354 355
f 255 355 256
f 256 355 356
f 256 356 257
f 257 356 357
f 257 357 258
f 258 357 358
f 258 358 259
f 259 358 359
f 259 359 260
f 260 359 360
f 260 360 261
f 261 360 361
f 261 361 262
f 262 361 362
f 262 362 263
f 263 362 363
f 263 363 264
f 264 363 364
f 264 364 265
f 265 364 365
f 265 365 266
f 266 365 366
f 266 366 267
f 267 366 367
f 267 367 268
f 268 367 368
f 268 368 269
f 269 368 369
f 269 369 270
f 270 369 370
f 270 370 271
f 271 370 371
f 271 371 272
f 272 371 372
f 272 372 273
f 273 372 373
f 273 373 274
f 274 373 374
f 274 374 275
f 275 374 375
f 275 375 276
f 276 375 376
f 276 376 277
f 277 376 377
f 277 377 278
f 278 377 378
f 278 378 279
f 279 378 379
f 279 379 280
f 280 379 380
f 280 380 281
f 281 380 381
f 281 381 282
f 282 381 382
f 282 382 283
f 283 382 383
f 283 383 284
f 284 383 384
f 284 384 285
f 285 384 385
f 285 385 286
f 286 385 386
f 286 386 287
f 287 386 387
f 287 387 288
f 288 387 388
f 288 388 289
f 289 388 389
f 289 389 290
f 290 389 390
f 290 390 291
f 291 390 391
f 291 391 292
f 292 391 392
f 292 392 293
f 293 392 393
f 293 393 294
f 294 393 394
f 294 394 295
f 295 394 395
f 295 395 296
f 296 395 396
f 296 396 297
f 297 396 397
f 297 397 298
f 298 397 398
f 298 398 299
f 299 398 399
f 299 399 300
f 300 399 400
f 300 400 301
f 301 400 401
f 301 401 202
f 202 401 302
f 302 402 303
f 303 402 403
f 303 403 304
f 304 403 404
f 304 404 305
f 305 404 405
f 305 405 306
f 306 405 406
f 306 406 307
f 307 406 407
f 307 407 308
f 308 407 408
f 308 408 309
f 309 408 409
f 309 409 310
f 310 409 410
f 310 410 311
f 311 410 411
f 311 411 312
f 312 411 412
f 312 412 313
f 313 412 413
f 313 413 314
f 314 413 414
f 314 414 315
f 315 414 415
f 315 415 316
f 316 415 416
f 316 416 317
f 317 416 417
f 317 417 318
f 318 417 418
f 318 418 319
f 319 418 419
f 319 419 320
f 320 419 420
f 320 420 321
f 321 420 421
f 321 421 322
f 322 421 422
f 322 422 323
f 323 422 423
f 323 423 324
f 324 423 424
f 324 424 325
f 325 424 425
f 325 425 326
f 326 425 426
f 326 426 327
f 327 426 427
f 327 427 328
f 328 427 428
f 328 428 329
f 329 428 429
f 329 429 330
f 330 429 430
f 330 430 331
f 331 430 431
f 331 431 332
f 332 431 432
f 332 432 333
f 333 432 433
f 333 433 334
f 334 433 434
f 334 434 335
f 335 434 435
f 335 435 336
f 336 435 436
f 336 436 337
f 337 436 437
f 337 437 338
f 338 437 438
f 338 438 339
f 339 438 439
f 339 439 340
f 340 439 440
f 340 440 341
f 341 440 441
f 341 441 342
f 342 441 442
f 342 442 343
f 343 442 443
f 343 443 344
f 344 443 444
f 344 444 345
f 345 444 445
f 345 445 346
f 346 445 446
f 346 446 347
f 347 446 447
f 347 447 348
f 348 447 448
f 348 448 349
f 349 448 449
f 349 449 350
f 350 449 450
f 350 450 351
f 351 450 451
f 351 451 352
f 352 451 452
f 352 452 353
f 353 452 453
f 353 453 354
f 354 453 454
f 354 454 355
f 355 454 455
f 355 455 356
f 356 455 456
f 356 456 357
f 357 456 457
f 357 457 358
f 358 457 458
f 358 458 359
f 359 458 459
f 359 459 360
f 360 459 460
f 360 460 361
f 361 460 461
f 361 461 362
f 362 461 462
f 362 462 363
f 363 462 463
f 363 463 364
f 364 463 464
f 364 464 365
f 365 464 465
f 365 465 366
f 366 465 466
f 366 466 367
f 367 466 467
f 367 467 368
f 368 467 468
f 368 468 369
f 369 468 469
f 369 469 370
f 370 469 470
f 370 470 371
f 371 470 471
f 371 471 372
f 372 471 472
f 372 472 373
f 373 472 473
f 373 473 374
f 374 473 474
f 374 474 375
f 375 474 475
f 375 475 376
f 376 475 476
f 376 476 377
f 377 476 477
f 377 477 378
f 378 477 478
f 378 478 379
f 379 478 479
f 379 479 380
f 380 479 480
f 380 480 381
f 381 480 481
f 381 481 382
f 382 481 482
f 382 482 383
f 383 482 483
f 383 483 384
f 384 483 484
f 384 484 385
f 385 484 485
f 385 485 386
f 386 485 486
f 386 486 387
f 387 486 487
f 387 487 388
f 388 487 488
f 388 488 389
f 389 488 489
f 389 489 390
f 390 489 490
f 390 490 391
f 391 490 491
f 391 491 392
f 392 491 492
f 392 492 393
f 393 492 493
f 393 493 394
f 394 493 494
f 394 494 395
f 395 494 495
f 395 495 396
f 396 495 496
f 396 496 397
f 397 496 497
f 397 497 398
f 398 497 498
f 398 498 399
f 399 498 499
f 399 499 400
f 400 499 500
f 400 500 401
f 401 500 501
f 401 501 302
f 302 501 402
f 402 502 403
f 403 502 503
f 403 503 404
f 404 503 504
f 404 504 405
f 405 504 505
f 405 505 406
f 406 505 506
f 406 506 407
f 407 506 507
f 407 507 408
f 408 507 508
f 408 508 409
f 409 508 509
f 409 509 410
f 410 509 510
f 410 510 411
f 411 510 511
f 411 511 412
f 412 511 512
f 412 512 413
f 413 512 513
f 413 513 414
f 414 513 514
f 414 514 415
f 415 514 515
f 415 515 416
f 416 515 516
f 416 516 417
f 417 516 517
f 417 517 418
f 418 517 518
f 418 518 419
f 419 518 519
f 419 519 420
f 420 519 520
f 420 520 421
f 421 520 521
f 421 521 422
f 422 521 522
f 422 522 423
f 423 522 523
f 423 523 424
f 424 523 524
f 424 524 425
f 425 524 525
f 425 525 426
f 426 525 526
f 426 526 427
f 427 526 527
f 427 527 428
f 428 527 528
f 428 528 429
f 429 528 529
f 429 529 430
f 430 529 530
f 430 530 431
f 431 530 531
f 431 531 432
f 432 531 532
f 432 532 433
f 433 532 533
f 433 533 434
f 434 533 534
f 434 534 435
f 435 534 535
f 435 535 436
f 436 535 536
f 436 536 437
f 437 536 537
f 437 537 438
f 438 537 538
f 438 538 439
f 439 538 539
f 439 539 440
f 440 539 540
f 440 540 441
f 441 540 541
f 441 541 442
f 442 541 542
f 442 542 443
f 443 542 543
f 443 543 444
f 444 543 544
f 444 544 445
f 445 544 545
f 445 545 446
f 446 545 546
f 446 546 447
f 447 546 547
f 447 547 448
f 448 547 548
f 448 548 449
f 449 548 549
f 449 549 450
f 450 549 550
f 450 550 451
f 451 550 551
f 451 551 452
f 452 551 552
f 452 552 453
f 453 552 553
f 453 553 454
f 454 553 554
f 454 554 455
f 455 554 555
f 455 555 456
f 456 555 556
f 456 556 457
f 457 556 557
f 457 557 458
f 458 557 558
f 458 558 459
f 459 558 559
f 459 559 460
f 460 559 560
f 460 560 461
f 461 560 561
f 461 561 462
f 462 561 562
f 462 562 463
f 463 562 563
f 463 563 464
f 464 563 564
f 464 564 465
f 465 564 565
f 465 565 466
f 466 565 566
f 466 566 467
f 467 566 567
f 467 567 468
f 468 567 568
f 468 568 469
f 469 568 569
f 469 569 470
f 470 569 570
f 470 570 471
f 471 570 571
f 471 571 472
f 472 571 572
f 472 572 473
f 473 572 573
f 473 573 474
f 474 573 574
f 474 574 475
f 475 574 575
f 475 575 476
f 476 575 576
f 476 576 477
f 477 576 577
f 477 577 478
f 478 577 578
f 478 578 479
f 479 578 579
f 479 579 480
f 480 579 580
f 480 580 481
f 481 580 581
f 481 581 482
f 482 581 582
f 482 582 483
f 483 582 583
f 483 583 484
f 484 583 584
f 484 584 485
f 485 584 585
f 485 585 486
f 486 585 586
f 486 586 487
f 487 586 587
f 487 587 488
f 488 587 588
f 488 588 489
f 489 588 589
f 489 589 490
f 490 589 590
f 490 590 491
f 491 590 591
f 491 591 492
f 492 591 592
f 492 592 493
f 493 592 593
f 493 593 494
f 494 593 594
f 494 594 495
f 495 594 595
f 495 595 496
f 496 595 596
f 496 596 497
f 497 596 597
f 497 597 498
f 498 597 598
f 498 598 499
f 499 598 599
f 499 599 500
f 500 599 600
f 500 600 501
f 501 600 601
f 501 601 402
f 402 601 502
f 502 602 503
f 503 602 603
f 503 603 504
f 504 603 604
f 504 604 505
f 505 604 605
f 505 605 506
f 506 605 606
f 506 606 507
f 507 606 607
f 507 607 508
f 508 607 608
f 508 608 509
f 509 608 609
f 509 609 510
f 510 609 610
f 510 610 511
f 511 610 611
f 511 611 512
f 512 611 612
f 512 612 513
f 513 612 613
f 513 613 514
f 514 613 614
f 514 614 515
f 515 614 615
f 515 615 516
f 516 615 616
f 516 616 517
f 517 616 617
f 517 617 518
f 518 617 618
f 518 618 519
f 519 618 619
f 519 619 520
f 520 619 620
f 520 620 521
f 521 620 621
f 521 621 522
f 522 621 622
f 522 622 523
f 523 622 623
f 523 623 524
f 524 623 624
f 524 624 525
f 525 624 625
f 525 625 526
f 526 625 626
f 526 626 527
f 527 626 627
f 527 627 528
f 528 627 628
f 528 628 529
f 529 628 629
f 529 629 530
f 530 629 630
f 530 630 531
f 531 630 631
f 531 631 532
f 532 631 632
f 532 632 533
f 533 632 633
f 533 633 534
f 534 633 634
f 534 634 535
f 535 634 635
f 535 635 536
f 536 635 636
f 536 636 537
f 537 636 637
f 537 637 538
f 538 637 638
f 538 638 539
f 539 638 639
f 539 639 540
f 540 639 640
f 540 640 541
f 541 640 641
f 541 641 542
f 542 641 642
f 542 642 543
f 543 642 643
f 543 643 544
f 544 643 644
f 544 644 545
f 545 644 645
f 545 645 546
f 546 645 646
f 546 646 547
f 547 646 647
f 547 647 548
f 548 647 648
f 548 648 549
f 549 648 649
f 549 649 550
f 550 649 650
f 550 650 551
f 551 650 651
f 551 651 552
f 552 651 652
f 552 652 553
f 553 652 653
f 553 653 554
f 554 653 654
f 554 654 555
f 555 654 655
f 555 655 556
f 556 655 656
f 556 656 557
f 557 656 657
f 557 657 558
f 558 657 658
f 558 658 559
f 559 658 659
f 559 659 560
f 560 659 660
f 560 660 561
f 561 660 661
f 561 661 562
f 562 661 662
f 562 662 563
f 563 662 663
f 563 663 564
f 564 663 664
f 564 664 565
f 565 664 665
f 565 665 566
f 566 665 666
f 566 666 567
f 567 666 667
f 567 667 568
f 568 667 668
f 568 668 569
f 569 668 669
f 569 669 570
f 570 669 670
f 570 670 571
f 571 670 671
f 571 671 572
f 572 671 672
f 572 672 573
f 573 672 673
f 573 673 574
f 574 673 674
f 574 674 575
f 575 674 675
f 575 675 576
f 576 675 676
f 576 676 577
f 577 676 677
f 577 677 578
f 578 677 678
f 578 678 579
f 579 678 679
f 579 679 580
f 580 679 680
f 580 680 581
f 581 680 681
f 581 681 582
f 582 681 682
f 582 682 583
f 583 682 683
f 583 683 584
f 584 683 684
f 584 684 585
f 585 684 685
f 585 685 586
f 586 685 686
f 586 686 587
f 587 686 687
f 587 687 588
f 588 687 688
f 588 688 589
f 589 688 689
f 589 689 590
f 590 689 690
f 590 690 591
f 591 690 691
f 591 691 592
f 592 691 692
f 592 692 593
f 593 692 693
f 593 693 594
f 594 693 694
f 594 694 595
f 595 694 695
f 595 695 596
f 596 695 696
f 596 696 597
f 597 696 697
f 597 697 598
f 598 697 698
f 598 698 599
f 599 698 699
f 599 699 600
f 600 699 700
f 600 700 601
f 601 700 701
f 601 701 502
f 502 701 602
f 602 702 603
f 603 702 703
f 603 703 604
f 604 703 704
f 604 704 605
f 605 704 705
f 605 705 606
f 606 705 706
f 606 706 607
f 607 706 707
f 607 707 608
f 608 707 708
f 608 708 609
f 609 708 709
f 609 709 610
f 610 709 710
f 610 710 611
f 611 710 711
f 611 711 612
f 612 711 712
f 612 712 613
f 613 712 713
f 613 713 614
f 614 713 714
f 614 714 615
f 615 714 715
f 615 715 616
f 616 715 716
f 616 716 617
f 617 716 717
f 617 717 618
f 618 717 718
f 618 718 619
f 619 718 719
f 619 719 620
f 620 719 720
f 620 720 621
f 621 720 721
f 621 721 622
f 622 721 722
f 622 722 623
f 623 722 723
f 623 723 624
f 624 723 724
f 624 724 625
f 625 724 725
f 625 725 626
f 626 725 726
f 626 726 627
f 627 726 727
f 627 727 628
f 628 727 728
f 628 728 629
f 629 728 729
f 629 729 630
f 630 729 730
f 630 730 631
f 631 730 731
f 631 731 632
f 632 731 732
f 632 732 633
f 633 732 733
f 633 733 634
f 634 733 734
f 634 734 635
f 635 734 735
f 635 735 636
f 636 735 736
f 636 736 637
f 637 736 737
f 637 737 638
f 638 737 738
f 638 738 639
f 639 738 739
f 639 739 640
f 640 739 740
f 640 740 641
f 641 740 741
f 641 741 642
f 642 741 742
f 642 742 643
f 643 742 743
f 643 743 644
f 644 743 744
f 644 744 645
f 645 744 745
f 645 745 646
f 646 745 746
f 646 746 647
f 647 746 747
f 647 747 648
f 648 747 748
f 648 748 649
f 649 748 749
f 649 749 650
f 650 749 750
f 650 750 651
f 651 750 751
f 651 751 652
f 652 751 752
f 652 752 653
f 653 752 753
f 653 753 654
f 654 753 754
f 654 754 655
f 655 754 755
f 655 755 656
f 656 755 756
f 656 756 657
f 657 756 757
f 657 757 658
f 658 757 758
f 658 758 659
f 659 758 759
f 659 759 660
f 660 759 760
f 660 760 661
f 661 760 761
f 661 761 662
f 662 761 762
f 662 762 663
f 663 762 763
f 663 763 664
f 664 763 764
f 664 764 665
f 665 764 765
f 665 765 666
f 666 765 766
f 666 766 667
f 667 766 767
f 667 767 668
f 668 767 768
f 668 768 669
f 669 768 769
f 669 769 670
f 670 769 770
f 670 770 671
f 671 770 771
f 671 771 672
f 672 771 772
f 672 772 673
f 673 772 773
f 673 773 674
f 674 773 774
f 674 774 675
f 675 774 775
f 675 775 676
f 676 775 776
f 676 776 677
f 677 776 777
f 677 777 678
f 678 777 778
f 678 778 679
f 679 778 779
f 679 779 680
f 680 779 780
f 680 780 681
f 681 780 781
f 681 781 682
f 682 781 782
f 682 782 683
f 683 782 783
f 683 783 684
f 684 783 784
f 684 784 685
f 685 784 785
f 685 785 686
f 686 785 786
f 686 786 687
f 687 786 787
f 687 787 688
f 688 787 788
f 688 788 689
f 689 788 789
f 689 789 690
f 690 789 790
f 690 790 691
f 691 790 791
f 691 791 692
f 692 791 792
f 692 792 693
f 693 792 793
f 693 793 694
f 694 793 794
f 694 794 695
f 695 794 795
f 695 795 696
f 696 795 796
f 696 796 697
f 697 796 797
f 697 797 698
f 698 797 798
f 698 798 699
f 699 798 799
f 699 799 700
f 700 799 800
f 700 800 701
f 701 800 801
f 701 801 602
f 602 801 702
f 702 802 703
f 703 802 803
f 703 803 704
f 704 803 804
f 704 804 705
f 705 804 805
f 705 805 706
f 706 805 806
f 706 806 707
f 707 806 807
f 707 807 708
f 708 807 808
f 708 808 709
f 709 808 809
f 709 809 710
f 710 809 810
f 710 810 711
f 711 810 811
f 711 811 712
f 712 811 812
f 712 812 713
f 713 812 813
f 713 813 714
f 714 813 814
f 714 814 715
f 715 814 815
f 715 815 716
f 716 815 816
f 716 816 717
f 717 816 817
f 717 817 718
f 718 817 818
f 718 818 719
f 719 818 819
f 719 819 720
f 720 819 820
f 720 820 721
f 721 820 821
f 721 821 722
f 722 821 822
f 722 822 723
f 723 822 823
f 723 823 724
f 724 823 824
f 724 824 725
f 725 824 825
f 725 825 726
f 726 825 826
f 726 826 727
f 727 826 827
f 727 827 728
f 728 827 828
f 728 828 729
f 729 828 829
f 729 829 730
f 730 829 830
f 730 830 731
f 731 830 831
f 731 831 732
f 732 831 832
f 732 832 733
f 733 832 833
f 733 833 734
f 734 833 834
f 734 834 735
f 735 834 835
f 735 835 736
f 736 835 836
f 736 836 737
f 737 836 837
f 737 837 738
f 738 837 838
f 738 838 739
f 739 838 839
f 739 839 740
f 740 839 840
f 740 840 741
f 741 840 841
f 741 841 742
f 742 841 842
f 742 842 743
f 743 842 843
f 743 843 744
f 744 843 844
f 744 844 745
f 745 844 845
f 745 845 746
f 746 845 846
f 746 846 747
f 747 846 847
f 747 847 748
f 748 847 848
f 748 848 749
f 749 848 849
f 749 849 750
f 750 849 850
f 750 850 751
f 751 850 851
f 751 851 752
f 752 851 852
f 752 852 753
f 753 852 853
f 753 853 754
f 754 853 854
f 754 854 755
f 755 854 855
f 755 855 756
f 756 855 856
f 756 856 757
f 757 856 857
f 757 857 758
f 758 857 858
f 758 858 759
f 759 858 859
f 759 859 760
f 760 859 860
f 760 860 761
f 761 860 861
f 761 861 762
f 762 861 862
f 762 862 763
f 763 862 863
f 763 863 764
f 764 863 864
f 764 864 765
f 765 864 865
f 765 865 766
f 766 865 866
f 766 866 767
f 767 866 867
f 767 867 768
f 768 867 868
f 768 868 769
f 769 868 869
f 769 869 770
f 770 869 870
f 770 870 771
f 771 870 871
f 771 871 772
f 772 871 872
f 772 872 773
f 773 872 873
f 773 873 774
f 774 873 874
f 774 874 775
f 775 874 875
f 775 875 776
f 776 875 876
f 776 876 777
f 777 876 877
f 777 877 778
f 778 877 878
f 778 878 779
f 779 878 879
f 779 879 780
f 780 879 880
f 780 880 781
f 781 880 881
f 781 881 782
f 782 881 882
f 782 882 783
f 783 882 883
f 783 883 784
f 784 883 884
f 784 884 785
f 785 884 885
f 785 885 786
f 786 885 886
f 786 886 787
f 787 886 887
f 787 887 788
f 788 887 888
f 788 888 789
f 789 888 889
f 789 889 790
f 790 889 890
f 790 890 791
f 791 890 891
f 791 891 792
f 792 891 892
f 792 892 793
f 793 892 893
f 793 893 794
f 794 893 894
f 794 894 795
f 795 894 895
f 795 895 796
f 796 895 896
f 796 896 797
f 797 896 897
f 797 897 798
f 798 897 898
f 798 898 799
f 799 898 899
f 799 899 800
f 800 899 900
f 800 900 801
f 801 900 901
f 801 901 702
f 702 901 802
f 802 902 803
f 803 902 903
f 803 903 804
f 804 903 904
f 804 904 805
f 805 904 905
f 805 905 806
f 806 905 906
f 806 906 807
f 807 906 907
f 807 907 808
f 808 907 908
f 808 908 809
f 809 908 909
f 809 909 810
f 810 909 910
f 810 910 811
f 811 910 911
f 811 911 812
f 812 911 912
f 812 912 813
f 813 912 913
f 813 913 814
f 814 913 914
f 814 914 815
f 815 914 915
f 815 915 816
f 816 915 916
f 816 916 817
f 817 916 917
f 817 917 818
f 818 917 918
f 818 918 819
f 819 918 919
f 819 919 820
f 820 919 920
f 820 920 821
f 821 920 921
f 821 921 822
f 822 921 922
f 822 922 823
f 823 922 923
f 823 923 824
f 824 923 924
f 824 924 825
f 825 924 925
f 825 925 826
f 826 925 926
f 826 926 827
f 827 926 927
f 827 927 828
f 828 927 928
f 828 928 829
f 829 928 929
f 829 929 830
f 830 929 930
f 830 930 831
f 831 930 931
f 831 931 832
f 832 931 932
f 832 932 833
f 833 932 933
f 833 933 834
f 834 933 934
f 834 934 835
f 835 934 935
f 835 935 836
f 836 935 936
f 836 936 837
f 837 936 937
f 837 937 838
f 838 937 938
f 838 938 839
f 839 938 939
f 839 939 840
f 840 939 940
f 840 940 841
f 841 940 941
f 841 941 842
f 842 941 942
f 842 942 843
f 843 942 943
f 843 943 844
f 844 943 944
f 844 944 845
f 845 944 945
f 845 945 846
f 846 945 946
f 846 946 847
f 847 946 947
f 847 947 848
f 848 947 948
f 848 948 849
f 849 948 949
f 849 949 850
f 850 949 950
f 850 950 851
f 851 950 951
f 851 951 852
f 852 951 952
f 852 952 853
f 853 952 953
f 853 953 854
f 854 953 954
f 854 954 855
f 855 954 955
f 855 955 856
f 856 955 956
f 856 956 857
f 857 956 957
f 857 957 858
f 858 957 958
f 858 958 859
f 859 958 959
f 859 959 860
f 860 959 960
f 860 960 861
f 861 960 961
f 861 961 862
f 862 961 962
f 862 962 863
f 863 962 963
f 863 963 864
f 864 963 964
f 864 964 865
f 865 964 965
f 865 965 866
f 866 965 966
f 866 966 867
f 867 966 967
f 867 967 868
f 868 967 968
f 868 968 869
f 869 968 969
f 869 969 870
f 870 969 970
f 870 970 871
f 871 970 971
f 871 971 872
f 872 971 972
f 872 972 873
f 873 972 973
f 873 973 874
f 874 973 974
f 874 974 875
f 875 974 975
f 875 975 876
f 876 975 976
f 876 976 877
f 877 976 977
f 877 977 878
f 878 977 978
f 878 978 879
f 879 978 979
f 879 979 880
f 880 979 980
f 880 980 881
f 881 980 981
f 881 981 882
f 882 981 982
f 882 982 883
f 883 982 983
f 883 983 884
f 884 983 984
f 884 984 885
f 885 984 985
f 885 985 886
f 886 985 986
f 886 986 887
f 887 986 987
f 887 987 888
f 888 987 988
f 888 988 889
f 889 988 989
f 889 989 890
f 890 989 990
f 890 990 891
f 891 990 991
f 891 991 892
f 892 991 992
f 892 992 893
f 893 992 993
f 893 993 894
f 894 993 994
f 894 994 895
f 895 994 995
f 895 995 896
f 896 995 996
f 896 996 897
f 897 996 997
f 897 997 898
f 898 997 998
f 898 998 899
f 899 998 999
f 899 999 900
f 900 999 1000
f 900 1000 901
f 901 1000 1001
f 901 1001 802
f 802 1001 902
f 902 1002 903
f 903 1002 1003
f 903 1003 904
f 904 1003 1004
f 904 1004 905
f 905 1004 1005
f 905 1005 906
f 906 1005 1006
f 906 1006 907
f 907 1006 1007
f 907 1007 908
f 908 1007 1008
f 908 1008 909
f 909 1008 1009
f 909 1009 910
f 910 1009 1010
f 910 1010 911
f 911 1010 1011
f 911 1011 912
f 912 1011 1012
f 912 1012 913
f 913 1012 1013
f 913 1013 914
f 914 1013 1014
f 914 1014 915
f 915 1014 1015
f 915 1015 916
f 916 1015 1016
f 916 1016 917
f 917 1016 1017
f 917 1017 918
f 918 1017 1018
f 918 1018 919
f 919 1018 1019
f 919 1019 920
f 920 1019 1020
f 920 1020 921
f 921 1020 1021
f 921 1021 922
f 922 1021 1022
f 922 1022 923
f 923 1022 1023
f 923 1023 924
f 924 1023 1024
f 924 1024 925
f 925 1024 1025
f 925 1025 926
f 926 1025 1026
f 926 1026 927
f 927 1026 1027
f 927 1027 928
f 928 1027 1028
f 928 1028 929
f 929 1028 1029
f 929 1029 930
f 930 1029 1030
f 930 1030 931
f 931 1030 1031
f 931 1031 932
f 932 1031 1032
f 932 1032 933
f 933 1032 1033
f 933 1033 934
f 934 1033 1034
f 934 1034 935
f 935 1034 1035
f 935 1035 936
f 936 1035 1036
f 936 1036 937
f 937 1036 1037
f 937 1037 938
f 938 1037 1038
f 938 1038 939
f 939 1038 1039
f 939 1039 940
f 940 1039 1040
f 940 1040 941
f 941 1040 1041
f 941 1041 942
f 942 1041 1042
f 942 1042 943
f 943 1042 1043
f 943 1043 944
f 944 1043 1044
f 944 1044 945
f 945 1044 1045
f 945 1045 946
f 946 1045 1046
f 946 1046 947
f 947 1046 1047
f 947 1047 948
f 948 1047 1048
f 948 1048 949
f 949 1048 1049
f 949 1049 950
f 950 1049 1050
f 950 1050 951
f 951 1050 1051
f 951 1051 952
f 952 1051 1052
f 952 1052 953
f 953 1052 1053
f 953 1053 954
f 954 1053 1054
f 954 1054 955
f 955 1054 1055
f 955 1055 956
f 956 1055 1056
f 956 1056 957
f 957 1056 1057
f 957 1057 958
f 958 1057 1058
f 958 1058 959
f 959 1058 1059
f 959 1059 960
f 960 1059 1060
f 960 1060 961
f 961 1060 1061
f 961 1061 962
f 962 1061 1062
f 962 1062 963
f 963 1062 1063
f 963 1063 964
f 964 1063 1064
f 964 1064 965
f 965 1064 1065
f 965 1065 966
f 966 1065 1066
f 966 1066 967
f 967 1066 1067
f 967 1067 968
f 968 1067 1068
f 968 1068 969
f 969 1068 1069
f 969 1069 970
f 970 1069 1070
f 970 1070 971
f 971 1070 1071
f 971 1071 972
f 972 1071 1072
f 972 1072 973
f 973 1072 1073
f 973 1073 974
f 974 1073 1074
f 974 1074 975
f 975 1074 1075
f 975 1075 976
f 976 1075 1076
f 976 1076 977
f 977 1076 1077
f 977 1077 978
f 978 1077 1078
f 978 1078 979
f 979 1078 1079
f 979 1079 980
f 980 1079 1080
f 980 1080 981
f 981 1080 1081
f 981 1081 982
f 982 1081 1082
f 982 1082 983
f 983 1082 1083
f 983 1083 984
f 984 1083 1084
f 984 1084 985
f 985 1084 1085
f 985 1085 986
f 986 1085 1086
f 986 1086 987
f 987 1086 1087
f 987 1087 988
f 988 1087 1088
f 988 1088 989
f 989 1088 1089
f 989 1089 990
f 990 1089 1090
f 990 1090 991
f 991 1090 1091
f 991 1091 992
f 992 1091 1092
f 992 1092 993
f 993 1092 1093
f 993 1093 994
f 994 1093 1094
f 994 1094 995
f 995 1094 1095
f 995 1095 996
f 996 1095 1096
f 996 1096 997
f 997 1096 1097
f 997 1097 998
f 998 1097 1098
f 998 1098 999
f 999 1098 1099
f 999 1099 1000
f 1000 1099 1100
f 1000 1100 1001
f 1001 1100 1101
f 1001 1101 902
f 902 1101 1002
f 1002 1102 1003
f 1003 1102 1103
f 1003 1103 1004
f 1004 1103 1104
f 1004 1104 1005
f 1005 1104 1105
f 1005 1105 1006
f 1006 1105 1106
f 1006 1106 1007
f 1007 1106 1107
f 1007 1107 1008
f 1008 1107 1108
f 1008 1108 1009
f 1009 1108 1109
f 1009 1109 1010
f 1010 1109 1110
f 1010 1110 1011
f 1011 1110 1111
f 1011 1111 1012
f 1012 1111 1112
f 1012 1112 1013
f 1013 1112 1113
f 1013 1113 1014
f 1014 1113 1114
f 1014 1114 1015
f 1015 1114 1115
f 1015 1115 1016
f 1016 1115 1116
f 1016 1116 1017
f 1017 1116 1117
f 1017 1117 1018
f 1018 1117 1118
f 1018 1118 1019
f 1019 1118 1119
f 1019 1119 1020
f 1020 1119 1120
f 1020 1120 1021
f 1021 1120 1121
f 1021 1121 1022
f 1022 1121 1122
f 1022 1122 1023
f 1023 1122 1123
f 1023 1123 1024
f 1024 1123 1124
f 1024 1124 1025
f 1025 1124 1125
f 1025 1125 1026
f 1026 1125 1126
f 1026 1126 1027
f 1027 1126 1127
f 1027 1127 1028
f 1028 1127 1128
f 1028 1128 1029
f 1029 1128 1129
f 1029 1129 1030
f 1030 1129 1130
f 1030 1130 1031
f 1031 1130 1131
f 1031 1131 1032
f 1032 1131 1132
f 1032 1132 1033
f 1033 1132 1133
f 1033 1133 1034
f 1034 1133 1134
f 1034 1134 1035
f 1035 1134 1135
f 1035 1135 1036
f 1036 1135 1136
f 1036 1136 1037
f 1037 1136 1137
f 1037 1137 1038
f 1038 1137 1138
f 1038 1138 1039
f 1039 1138 1139
f 1039 1139 1040
f 1040 1139 1140
f 1040 1140 1041
f 1041 1140 1141
f 1041 1141 1042
f 1042 1141 1142
f 1042 1142 1043
f 1043 1142 1143
f 1043 1143 1044
f 1044 1143 1144
f 1044 1144 1045
f 1045 1144 1145
f 1045 1145 1046
f 1046 1145 1146
f 1046 1146 1047
f 1047 1146 1147
f 1047 1147 1048
f 1048 1147 1148
f 1048 1148 1049
f 1049 1148 1149
f 1049 1149 1050
f 1050 1149 1150
f 1050 1150 1051
f 1051 1150 1151
f 1051 1151 1052
f 1052 1151 1152
f 1052 1152 1053
f 1053 1152 1153
f 1053 1153 1054
f 1054 1153 1154
f 1054 1154 1055
f 1055 1154 1155
f 1055 1155 1056
f 1056 1155 1156
f 1056 1156 1057
f 1057 1156 1157
f 1057 1157 1058
f 1058 1157 1158
f 1058 1158 1059
f 1059 1158 1159
f 1059 1159 1060
f 1060 1159 1160
f 1060 1160 1061
f 1061 1160 1161
f 1061 1161 1062
f 1062 1161 1162
f 1062 1162 1063
f 1063 1162 1163
f 1063 1163 1064
f 1064 1163 1164
f 1064 1164 1065
f 1065 1164 1165
f 1065 1165 1066
f 1066 1165 1166
f 1066 1166 1067
f 1067 1166 1167
f 1067 1167 1068
f 1068 1167 1168
f 1068 1168 1069
f 1069 1168 1169
f 1069 1169 1070
f 1070 1169 1170
f 1070 1170 1071
f 1071 1170 1171
f 1071 1171 1072
f 1072 1171 1172
f 1072 1172 1073
f 1073 1172 1173
f 1073 1173 1074
f 1074 1173 1174
f 1074 1174 1075
f 1075 1174 1175
f 1075 1175 1076
f 1076 1175 1176
f 1076 1176 1077
f 1077 1176 1177
f 1077 1177 1078
f 1078 1177 1178
f 1078 1178 1079
f 1079 1178 1179
f 1079 1179 1080
f 1080 1179 1180
f 1080 1180 1081
f 1081 1180 1181
f 1081 1181 1082
f 1082 1181 1182
f 1082 1182 1083
f 1083 1182 1183
f 1083 1183 1084
f 1084 1183 1184
f 1084 1184 1085
f 1085 1184 1185
f 1085 1185 1086
f 1086 1185 1186
f 1086 1186 1087
f 1087 1186 1187
f 1087 1187 1088
f 1088 1187 1188
f 1088 1188 1089
f 1089 1188 1189
f 1089 1189 1090
f 1090 1189 1190
f 1090 1190 1091
f 1091 1190 1191
f 1091 1191 1092
f 1092 1191 1192
f 1092 1192 1093
f 1093 1192 1193
f 1093 1193 1094
f 1094 1193 1194
f 1094 1194 1095
f 1095 1194 1195
f 1095 1195 1096
f 1096 1195 1196
f 1096 1196 1097
f 1097 1196 1197
f 1097 1197 1098
f 1098 1197 1198
f 1098 1198 1099
f 1099 1198 1199
f 1099 1199 1100
f 1100 1199 1200
f 1100 1200 1101
f 1101 1200 1201
f 1101 1201 1002
f 1002 1201 1102
f 1102 1202 1103
f 1103 1202 1203
f 1103 1203 1104
f 1104 1203 1204
f 1104 1204 1105
f 1105 1204 1205
f 1105 1205 1106
f 1106 1205 1206
f 1106 1206 1107
f 1107 1206 1207
f 1107 1207 1108
f 1108 1207 1208
f 1108 1208 1109
f 1109 1208 1209
f 1109 1209 1110
f 1110 1209 1210
f 1110 1210 1111
f 1111 1210 1211
f 1111 1211 1112
f 1112 1211 1212
f 1112 1212 1113
f 1113 1212 1213
f 1113 1213 1114
f 1114 1213 1214
f 1114 1214 1115
f 1115 1214 1215
f 1115 1215 1116
f 1116 1215 1216
f 1116 1216 1117
f 1117 1216 1217
f 1117 1217 1118
f 1118 1217 1218
f 1118 1218 1119
f 1119 1218 1219
f 1119 1219 1120
f 1120 1219 1220
f 1120 1220 1121
f 1121 1220 1221
f 1121 1221 1122
f 1122 1221 1222
f 1122 1222 1123
f 1123 1222 1223
f 1123 1223 1124
f 1124 1223 1224
f 1124 1224 1125
f 1125 1224 1225
f 1125 1225 1126
f 1126 1225 1226
f 1126 1226 1127
f 1127 1226 1227
f 1127 1227 1128
f 1128 1227 1228
f 1128 1228 1129
f 1129 1228 1229
f 1129 1229 1130
f 1130 1229 1230
f 1130 1230 1131
f 1131 1230 1231
f 1131 1231 1132
f 1132 1231 1232
f 1132 1232 1133
f 1133 1232 1233
f 1133 1233 1134
f 1134 1233 1234
f 1134 1234 1135
f 1135 1234 1235
f 1135 1235 1136
f 1136 1235 1236
f 1136 1236 1137
f 1137 1236 1237
f 1137 1237 1138
f 1138 1237 1238
f 1138 1238 1139
f 1139 1238 1239
f 1139 1239 1140
f 1140 1239 1240
f 1140 1240 1141
f 1141 1240 1241
f 1141 1241 1142
f 1142 1241 1242
f 1142 1242 1143
f 1143 1242 1243
f 1143 1243 1144
f 1144 1243 1244
f 1144 1244 1145
f 1145 1244 1245
f 1145 1245 1146
f 1146 1245 1246
f 1146 1246 1147
f 1147 1246 1247
f 1147 1247 1148
f 1148 1247 1248
f 1148 1248 1149
f 1149 1248 1249
f 1149 1249 1150
f 1150 1249 1250
f 1150 1250 1151
f 1151 1250 1251
f 1151 1251 1152
f 1152 1251 1252
f 1152 1252 1153
f 1153 1252 1253
f 1153 1253 1154
f 1154 1253 1254
f 1154 1254 1155
f 1155 1254 1255
f 1155 1255 1156
f 1156 1255 1256
f 1156 1256 1157
f 1157 1256 1257
f 1157 1257 1158
f 1158 1257 1258
f 1158 1258 1159
f 1159 1258 1259
f 1159 1259 1160
f 1160 1259 1260
f 1160 1260 1161
f 1161 1260 1261
f 1161 1261 1162
f 1162 1261 1262
f 1162 1262 1163
f 1163 1262 1263
f 1163 1263 1164
f 1164 1263 1264
f 1164 1264 1165
f 1165 1264 1265
f 1165 1265 1166
f 1166 1265 1266
f 1166 1266 1167
f 1167 1266 1267
f 1167 1267 1168
f 1168 1267 1268
f 1168 1268 1169
f 1169 1268 1269
f 1169 1269 1170
f 1170 1269 1270
f 1170 1270 1171
f 1171 1270 1271
f 1171 1271 1172
f 1172 1271 1272
f 1172 1272 1173
f 1173 1272 1273
f 1173 1273 1174
f 1174 1273 1274
f 1174 1274 1175
f 1175 1274 1275
f 1175 1275 1176
f 1176 1275 1276
f 1176 1276 1177
f 1177 1276 1277
f 1177 1277 1178
f 1178 1277 1278
f 1178 1278 1179
f 1179 1278 1279
f 1179 1279 1180
f 1180 1279 1280
f 1180 1280 1181
f 1181 1280 1281
f 1181 1281 1182
f 1182 1281 1282
f 1182 1282 1183
f 1183 1282 1283
f 1183 1283 1184
f 1184 1283 1284
f 1184 1284 1185
f 1185 1284 1285
f 1185 1285 1186
f 1186 1285 1286
f 1186 1286 1187
f 1187 1286 1287
f 1187 1287 1188
f 1188 1287 1288
f 1188 1288 1189
f 1189 1288 1289
f 1189 1289 1190
f 1190 1289 1290
f 1190 1290 1191
f 1191 1290 1291
f 1191 1291 1192
f 1192 1291 1292
f 1192 1292 1193
f 1193 1292 1293
f 1193 1293 1194
f 1194 1293 1294
f 1194 1294 1195
f 1195 1294 1295
f 1195 1295 1196
f 1196 1295 1296
f 1196 1296 1197
f 1197 1296 1297
f 1197 1297 1198
f 1198 1297 1298
f 1198 1298 1199
f 1199 1298 1299
f 1199 1299 1200
f 1200 1299 1300
f 1200 1300 1201
f 1201 1300 1301
f 1201 1301 1102
f 1102 1301 1202
f 1202 1302 1203
f 1203 1302 1303
f 1203 1303 1204
f 1204 1303 1304
f 1204 1304 1205
f 1205 1304 1305
f 1205 1305 1206
f 1206 1305 1306
f 1206 1306 1207
f 1207 1306 1307
f 1207 1307 1208
f 1208 1307 1308
f 1208 1308 1209
f 1209 1308 1309
f 1209 1309 1210
f 1210 1309 1310
f 1210 1310 1211
f 1211 1310 1311
f 1211 1311 1212
f 1212 1311 1312
f 1212 1312 1213
f 1213 1312 1313
f 1213 1313 1214
f 1214 1313 1314
f 1214 1314 1215
f 1215 1314 1315
f 1215 1315 1216
f 1216 1315 1316
f 1216 1316 1217
f 1217 1316 1317
f 1217 1317 1218
f 1218 1317 1318
f 1218 1318 1219
f 1219 1318 1319
f 1219 1319 1220
f 1220 1319 1320
f 1220 1320 1221
f 1221 1320 1321
f 1221 1321 1222
f 1222 1321 1322
f 1222 1322 1223
f 1223 1322 1323
f 1223 1323 1224
f 1224 1323 1324
f 1224 1324 1225
f 1225 1324 1325
f 1225 1325 1226
f 1226 1325 1326
f 1226 1326 1227
f 1227 1326 1327
f 1227 1327 1228
f 1228 1327 1328
f 1228 1328 1229
f 1229 1328 1329
f 1229 1329 1230
f 1230 1329 1330
f 1230 1330 1231
f 1231 1330 1331
f 1231 1331 1232
f 1232 1331 1332
f 1232 1332 1233
f 1233 1332 1333
f 1233 1333 1234
f 1234 1333 1334
f 1234 1334 1235
f 1235 1334 1335
f 1235 1335 1236
f 1236 1335 1336
f 1236 1336 1237
f 1237 1336 1337
f 1237 1337 1238
f 1238 1337 1338
f 1238 1338 1239
f 1239 1338 1339
f 1239 1339 1240
f 1240 1339 1340
f 1240 1340 1241
f 1241 1340 1341
f 1241 1341 1242
f 1242 1341 1342
f 1242 1342 1243
f 1243 1342 1343
f 1243 1343 1244
f 1244 1343 1344
f 1244 1344 1245
f 1245 1344 1345
f 1245 1345 1246
f 1246 1345 1346
f 1246 1346 1247
f 1247 1346 1347
f 1247 1347 1248
f 1248 1347 1348
f 1248 1348 1249
f 1249 1348 1349
f 1249 1349 1250
f 1250 1349 1350
f 1250 1350 1251
f 1251 1350 1351
f 1251 1351 1252
f 1252 1351 1352
f 1252 1352 1253
f 1253 1352 1353
f 1253 1353 1254
f 1254 1353 1354
f 1254 1354 1255
f 1255 1354 1355
f 1255 1355 1256
f 1256 1355 1356
f 1256 1356 1257
f 1257 1356 1357
f 1257 1357 1258
f 1258 1357 1358
f 1258 1358 1259
f 1259 1358 1359
f 1259 1359 1260
f 1260 1359 1360
f 1260 1360 1261
f 1261 1360 1361
f 1261 1361 1262
f 1262 1361 1362
f 1262 1362 1263
f 1263 1362 1363
f 1263 1363 1264
f 1264 1363 1364
f 1264 1364 1265
f 1265 1364 1365
f 1265 1365 1266
f 1266 1365 1366
f 1266 1366 1267
f 1267 1366 1367
f 1267 1367 1268
f 1268 1367 1368
f 1268 1368 1269
f 1269 1368 1369
f 1269 1369 1270
f 1270 1369 1370
f 1270 1370 1271
f 1271 1370 1371
f 1271 1371 1272
f 1272 1371 1372
f 1272 1372 1273
f 1273 1372 1373
f 1273 1373 1274
f 1274 1373 1374
f 1274 1374 1275
f 1275 1374 1375
f 1275 1375 1276
f 1276 1375 1376
f 1276 1376 1277
f 1277 1376 1377
f 1277 1377 1278
f 1278 1377 1378
f 1278 1378 1279
f 1279 1378 1379
f 1279 1379 1280
f 1280 1379 1380
f 1280 1380 1281
f 1281 1380 1381
f 1281 1381 1282
f 1282 1381 1382
f 1282 1382 1283
f 1283 1382 1383
f 1283 1383 1284
f 1284 1383 1384
f 1284 1384 1285
f 1285 1384 1385
f 1285 1385 1286
f 1286 1385 1386
f 1286 1386 1287
f 1287 1386 1387
f 1287 1387 1288
f 1288 1387 1388
f 1288 1388 1289
f 1289 1388 1389
f 1289 1389 1290
f 1290 1389 1390
f 1290 1390 1291
f 1291 1390 1391
f 1291 1391 1292
f 1292 1391 1392
f 1292 1392 1293
f 1293 1392 1393
f 1293 1393 1294
f 1294 1393 1394
f 1294 1394 1295
f 1295 1394 1395
f 1295 1395 1296
f 1296 1395 1396
f 1296 1396 1297
f 1297 1396 1397
f 1297 1397 1298
f 1298 1397 1398
f 1298 1398 1299
f 1299 1398 1399
f 1299 1399 1300
f 1300 1399 1400
f 1300 1400 1301
f 1301 1400 1401
f 1301 1401 1202
f 1202 1401 1302
f 1302 1402 1303
f 1303 1402 1403
f 1303 1403 1304
f 1304 1403 1404
f 1304 1404 1305
f 1305 1404 1405
f 1305 1405 1306
f 1306 1405 1406
f 1306 1406 1307
f 1307 1406 1407
f 1307 1407 1308
f 1308 1407 1408
f 1308 1408 1309
f 1309 1408 1409
f 1309 1409 1310
f 1310 1409 1410
f 1310 1410 1311
f 1311 1410 1411
f 1311 1411 1312
f 1312 1411 1412
f 1312 1412 1313
f 1313 1412 1413
f 1313 1413 1314
f 1314 1413 1414
f 1314 1414 1315
f 1315 1414 1415
f 1315 1415 1316
f 1316 1415 1416
f 1316 1416 1317
f 1317 1416 1417
f 1317 1417 1318
f 1318 1417 1418
f 1318 1418 1319
f 1319 1418 1419
f 1319 1419 1320
f 1320 1419 1420
f 1320 1420 1321
f 1321 1420 1421
f 1321 1421 1322
f 1322 1421 1422
f 1322 1422 1323
f 1323 1422 1423
f 1323 1423 1324
f 1324 1423 1424
f 1324 1424 1325
f 1325 1424 1425
f 1325 1425 1326
f 1326 1425 1426
f 1326 1426 1327
f 1327 1426 1427
f 1327 1427 1328
f 1328 1427 1428
f 1328 1428 1329
f 1329 1428 1429
f 1329 1429 1330
f 1330 1429 1430
f 1330 1430 1331
f 1331 1430 1431
f 1331 1431 1332
f 1332 1431 1432
f 1332 1432 1333
f 1333 1432 1433
f 1333 1433 1334
f 1334 1433 1434
f 1334 1434 1335
f 1335 1434 1435
f 1335 1435 1336
f 1336 1435 1436
f 1336 1436 1337
f 1337 1436 1437
f 1337 1437 1338
f 1338 1437 1438
f 1338 1438 1339
f 1339 1438 1439
f 1339 1439 1340
f 1340 1439 1440
f 1340 1440 1341
f 1341 1440 1441
f 1341 1441 1342
f 1342 1441 1442
f 1342 1442 1343
f 1343 1442 1443
f 1343 1443 1344
f 1344 1443 1444
f 1344 1444 1345
f 1345 1444 1445
f 1345 1445 1346
f 1346 1445 1446
f 1346 1446 1347
f 1347 1446 1447
f 1347 1447 1348
f 1348 1447 1448
f 1348 1448 1349
f 1349 1448 1449
f 1349 1449 1350
f 1350 1449 1450
f 1350 1450 1351
f 1351 1450 1451
f 1351 1451 1352
f 1352 1451 1452
f 1352 1452 1353
f 1353 1452 1453
f 1353 1453 1354
f 1354 1453 1454
f 1354 1454 1355
f 1355 1454 1455
f 1355 1455 1356
f 1356 1455 1456
f 1356 1456 1357
f 1357 1456 1457
f 1357 1457 1358
f 1358 1457 1458
f 1358 1458 1359
f 1359 1458 1459
f 1359 1459 1360
f 1360 1459 1460
f 1360 1460 1361
f 1361 1460 1461
f 1361 1461 1362
f 1362 1461 1462
f 1362 1462 1363
f 1363 1462 1463
f 1363 1463 1364
f 1364 1463 1464
f 1364 1464 1365
f 1365 1464 1465
f 1365 1465 1366
f 1366 1465 1466
f 1366 1466 1367
f 1367 1466 1467
f 1367 1467 1368
f 1368 1467 1468
f 1368 1468 1369
f 1369 1468 1469
f 1369 1469 1370
f 1370 1469 1470
f 1370 1470 1371
f 1371 1470 1471
f 1371 1471 1372
f 1372 1471 1472
f 1372 1472 1373
f 1373 1472 1473
f 1373 1473 1374
f 1374 1473 1474
f 1374 1474 1375
f 1375 1474 1475
f 1375 1475 1376
f 1376 1475 1476
f 1376 1476 1377
f 1377 1476 1477
f 1377 1477 1378
f 1378 1477 1478
f 1378 1478 1379
f 1379 1478 1479
f 1379 1479 1380
f 1380 1479 1480
f 1380 1480 1381
f 1381 1480 1481
f 1381 1481 1382
f 1382 1481 1482
f 1382 1482 1383
f 1383 1482 1483
f 1383 1483 1384
f 1384 1483 1484
f 1384 1484 1385
f 1385 1484 1485
f 1385 1485 1386
f 1386 1485 1486
f 1386 1486 1387
f 1387 1486 1487
f 1387 1487 1388
f 1388 1487 1488
f 1388 1488 1389
f 1389 1488 1489
f 1389 1489 1390
f 1390 1489 1490
f 1390 1490 1391
f 1391 1490 1491
f 1391 1491 1392
f 1392 1491 1492
f 1392 1492 1393
f 1393 1492 1493
f 1393 1493 1394
f 1394 1493 1494
f 1394 1494 1395
f 1395 1494 1495
f 1395 1495 1396
f 1396 1495 1496
f 1396 1496 1397
f 1397 1496 1497
f 1397 1497 1398
f 1398 1497 1498
f 1398 1498 1399
f 1399 1498 1499
f 1399 1499 1400
f 1400 1499 1500
f 1400 1500 1401
f 1401 1500 1501
f 1401 1501 1302
f 1302 1501 1402
f 1402 1502 1403
f 1403 1502 1503
f 1403 1503 1404
f 1404 1503 1504
f 1404 1504 1405
f 1405 1504 1505
f 1405 1505 1406
f 1406 1505 1506
f 1406 1506 1407
f 1407 1506 1507
f 1407 1507 1408
f 1408 1507 1508
f 1408 1508 1409
f 1409 1508 1509
f 1409 1509 1410
f 1410 1509 1510
f 1410 1510 1411
f 1411 1510 1511
f 1411 1511 1412
f 1412 1511 1512
f 1412 1512 1413
f 1413 1512 1513
f 1413 1513 1414
f 1414 1513 1514
f 1414 1514 1415
f 1415 1514 1515
f 1415 1515 1416
f 1416 1515 1516
f 1416 1516 1417
f 1417 1516 1517
f 1417 1517 1418
f 1418 1517 1518
f 1418 1518 1419
f 1419 1518 1519
f 1419 1519 1420
f 1420 1519 1520
f 1420 1520 1421
f 1421 1520 1521
f 1421 1521 1422
f 1422 1521 1522
f 1422 1522 1423
f 1423 1522 1523
f 1423 1523 1424
f 1424 1523 1524
f 1424 1524 1425
f 1425 1524 1525
f 1425 1525 1426
f 1426 1525 1526
f 1426 1526 1427
f 1427 1526 1527
f 1427 1527 1428
f 1428 1527 1528
f 1428 1528 1429
f 1429 1528 1529
f 1429 1529 1430
f 1430 1529 1530
f 1430 1530 1431
f 1431 1530 1531
f 1431 1531 1432
f 1432 1531 1532
f 1432 1532 1433
f 1433 1532 1533
f 1433 1533 1434
f 1434 1533 1534
f 1434 1534 1435
f 1435 1534 1535
f 1435 1535 1436
f 1436 1535 1536
f 1436 1536 1437
f 1437 1536 1537
f 1437 1537 1438
f 1438 1537 1538
f 1438 1538 1439
f 1439 1538 1539
f 1439 1539 1440
f 1440 1539 1540
f 1440 1540 1441
f 1441 1540 1541
f 1441 1541 1442
f 1442 1541 1542
f 1442 1542 1443
f 1443 1542 1543
f 1443 1543 1444
f 1444 1543 1544
f 1444 1544 1445
f 1445 1544 1545
f 1445 1545 1446
f 1446 1545 1546
f 1446 1546 1447
f 1447 1546 1547
f 1447 1547 1448
f 1448 1547 1548
f 1448 1548 1449
f 1449 1548 1549
f 1449 1549 1450
f 1450 1549 1550
f 1450 1550 1451
f 1451 1550 1551
f 1451 1551 1452
f 1452 1551 1552
f 1452 1552 1453
f 1453 1552 1553
f 1453 1553 1454
f 1454 1553 1554
f 1454 1554 1455
f 1455 1554 1555
f 1455 1555 1456
f 1456 1555 1556
f 1456 1556 1457
f 1457 1556 1557
f 1457 1557 1458
f 1458 1557 1558
f 1458 1558 1459
f 1459 1558 1559
f 1459 1559 1460
f 1460 1559 1560
f 1460 1560 1461
f 1461 1560 1561
f 1461 1561 1462
f 1462 1561 1562
f 1462 1562 1463
f 1463 1562 1563
f 1463 1563 1464
f 1464 1563 1564
f 1464 1564 1465
f 1465 1564 1565
f 1465 1565 1466
f 1466 1565 1566
f 1466 1566 1467
f 1467 1566 1567
f 1467 1567 1468
f 1468 1567 1568
f 1468 1568 1469
f 1469 1568 1569
f 1469 1569 1470
f 1470 1569 1570
f 1470 1570 1471
f 1471 1570 1571
f 1471 1571 1472
f 1472 1571 1572
f 1472 1572 1473
f 1473 1572 1573
f 1473 1573 1474
f 1474 1573 1574
f 1474 1574 1475
f 1475 1574 1575
f 1475 1575 1476
f 1476 1575 1576
f 1476 1576 1477
f 1477 1576 1577
f 1477 1577 1478
f 1478 1577 1578
f 1478 1578 1479
f 1479 1578 1579
f 1479 1579 1480
f 1480 1579 1580
f 1480 1580 1481
f 1481 1580 1581
f 1481 1581 1482
f 1482 1581 1582
f 1482 1582 1483
f 1483 1582 1583
f 1483 1583 1484
f 1484 1583 1584
f 1484 1584 1485
f 1485 1584 1585
f 1485 1585 1486
f 1486 1585 1586
f 1486 1586 1487
f 1487 1586 1587
f 1487 1587 1488
f 1488 1587 1588
f 1488 1588 1489
f 1489 1588 1589
f 1489 1589 1490
f 1490 1589 1590
f 1490 1590 1491
f 1491 1590 1591
f 1491 1591 1492
f 1492 1591 1592
f 1492 1592 1493
f 1493 1592 1593
f 1493 1593 1494
f 1494 1593 1594
f 1494 1594 1495
f 1495 1594 1595
f 1495 1595 1496
f 1496 1595 1596
f 1496 1596 1497
f 1497 1596 1597
f 1497 1597 1498
f 1498 1597 1598
f 1498 1598 1499
f 1499 1598 1599
f 1499 1599 1500
f 1500 1599 1600
f 1500 1600 1501
f 1501 1600 1601
f 1501 1601 1402
f 1402 1601 1502
f 1502 1602 1503
f 1503 1602 1603
f 1503 1603 1504
f 1504 1603 1604
f 1504 1604 1505
f 1505 1604 1605
f 1505 1605 1506
f 1506 1605 1606
f 1506 1606 1507
f 1507 1606 1607
f 1507 1607 1508
f 1508 1607 1608
f 1508 1608 1509
f 1509 1608 1609
f 1509 1609 1510
f 1510 1609 1610
f 1510 1610 1511
f 1511 1610 1611
f 1511 1611 1512
f 1512 1611 1612
f 1512 1612 1513
f 1513 1612 1613
f 1513 1613 1514
f 1514 1613 1614
f 1514 1614 1515
f 1515 1614 1615
f 1515 1615 1516
f 1516 1615 1616
f 1516 1616 1517
f 1517 1616 1617
f 1517 1617 1518
f 1518 1617 1618
f 1518 1618 1519
f 1519 1618 1619
f 1519 1619 1520
f 1520 1619 1620
f 1520 1620 1521
f 1521 1620 1621
f 1521 1621 1522
f 1522 1621 1622
f 1522 1622 1523
f 1523 1622 1623
f 1523 1623 1524
f 1524 1623 1624
f 1524 1624 1525
f 1525 1624 1625
f 1525 1625 1526
f 1526 1625 1626
f 1526 1626 1527
f 1527 1626 1627
f 1527 1627 1528
f 1528 1627 1628
f 1528 1628 1529
f 1529 1628 1629
f 1529 1629 1530
f 1530 1629 1630
f 1530 1630 1531
f 1531 1630 1631
f 1531 1631 1532
f 1532 1631 1632
f 1532 1632 1533
f 1533 1632 1633
f 1533 1633 1534
f 1534 1633 1634
f 1534 1634 1535
f 1535 1634 1635
f 1535 1635 1536
f 1536 1635 1636
f 1536 1636 1537
f 1537 1636 1637
f 1537 1637 1538
f 1538 1637 1638
f 1538 1638 1539
f 1539 1638 1639
f 1539 1639 1540
f 1540 1639 1640
f 1540 1640 1541
f 1541 1640 1641
f 1541 1641 1542
f 1542 1641 1642
f 1542 1642 1543
f 1543 1642 1643
f 1543 1643 1544
f 1544 1643 1644
f 1544 1644 1545
f 1545 1644 1645
f 1545 1645 1546
f 1546 1645 1646
f 1546 1646 1547
f 1547 1646 1647
f 1547 1647 1548
f 1548 1647 1648
f 1548 1648 1549
f 1549 1648 1649
f 1549 1649 1550
f 1550 1649 1650
f 1550 1650 1551
f 1551 1650 1651
f 1551 1651 1552
f 1552 1651 1652
f 1552 1652 1553
f 1553 1652 1653
f 1553 1653 1554
f 1554 1653 1654
f 1554 1654 1555
f 1555 1654 1655
f 1555 1655 1556
f 1556 1655 1656
f 1556 1656 1557
f 1557 1656 1657
f 1557 1657 1558
f 1558 1657 1658
f 1558 1658 1559
f 1559 1658 1659
f 1559 1659 1560
f 1560 1659 1660
f 1560 1660 1561
f 1561 1660 1661
f 1561 1661 1562
f 1562 1661 1662
f 1562 1662 1563
f 1563 1662 1663
f 1563 1663 1564
f 1564 1663 1664
f 1564 1664 1565
f 1565 1664 1665
f 1565 1665 1566
f 1566 1665 1666
f 1566 1666 1567
f 1567 1666 1667
f 1567 1667 1568
f 1568 1667 1668
f 1568 1668 1569
f 1569 1668 1669
f 1569 1669 1570
f 1570 1669 1670
f 1570 1670 1571
f 1571 1670 1671
f 1571 1671 1572
f 1572 1671 1672
f 1572 1672 1573
f 1573 1672 1673
f 1573 1673 1574
f 1574 1673 1674
f 1574 1674 1575
f 1575 1674 1675
f 1575 1675 1576
f 1576 1675 1676
f 1576 1676 1577
f 1577 1676 1677
f 1577 1677 1578
f 1578 1677 1678
f 1578 1678 1579
f 1579 1678 1679
f 1579 1679 1580
f 1580 1679 1680
f 1580 1680 1581
f 1581 1680 1681
f 1581 1681 1582
f 1582 1681 1682
f 1582 1682 1583
f 1583 1682 1683
f 1583 1683 1584
f 1584 1683 1684
f 1584 1684 1585
f 1585 1684 1685
f 1585 1685 1586
f 1586 1685 1686
f 1586 1686 1587
f 1587 1686 1687
f 1587 1687 1588
f 1588 1687 1688
f 1588 1688 1589
f 1589 1688 1689
f 1589 1689 1590
f 1590 1689 1690
f 1590 1690 1591
f 1591 1690 1691
f 1591 1691 1592
f 1592 1691 1692
f 1592 1692 1593
f 1593 1692 1693
f 1593 1693 1594
f 1594 1693 1694
f 1594 1694 1595
f 1595 1694 1695
f 1595 1695 1596
f 1596 1695 1696
f 1596 1696 1597
f 1597 1696 1697
f 1597 1697 1598
f 1598 1697 1698
f 1598 1698 1599
f 1599 1698 1699
f 1599 1699 1600
f 1600 1699 1700
f 1600 1700 1601
f 1601 1700 1701
f 1601 1701 1502
f 1502 1701 1602
f 1602 1702 1603
f 1603 1702 1703
f 1603 1703 1604
f 1604 1703 1704
f 1604 1704 1605
f 1605 1704 1705
f 1605 1705 1606
f 1606 1705 1706
f 1606 1706 1607
f 1607 1706 1707
f 1607 1707 1608
f 1608 1707 1708
f 1608 1708 1609
f 1609 1708 1709
f 1609 1709 1610
f 1610 1709 1710
f 1610 1710 1611
f 1611 1710 1711
f 1611 1711 1612
f 1612 1711 1712
f 1612 1712 1613
f 1613 1712 1713
f 1613 1713 1614
f 1614 1713 1714
f 1614 1714 1615
f 1615 1714 1715
f 1615 1715 1616
f 1616 1715 1716
f 1616 1716 1617
f 1617 1716 1717
f 1617 1717 1618
f 1618 1717 1718
f 1618 1718 1619
f 1619 1718 1719
f 1619 1719 1620
f 1620 1719 1720
f 1620 1720 1621
f 1621 1720 1721
f 1621 1721 1622
f 1622 1721 1722
f 1622 1722 1623
f 1623 1722 1723
f 1623 1723 1624
f 1624 1723 1724
f 1624 1724 1625
f 1625 1724 1725
f 1625 1725 1626
f 1626 1725 1726
f 1626 1726 1627
f 1627 1726 1727
f 1627 1727 1628
f 1628 1727 1728
f 1628 1728 1629
f 1629 1728 1729
f 1629 1729 1630
f 1630 1729 1730
f 1630 1730 1631
f 1631 1730 1731
f 1631 1731 1632
f 1632 1731 1732
f 1632 1732 1633
f 1633 1732 1733
f 1633 1733 1634
f 1634 1733 1734
f 1634 1734 1635
f 1635 1734 1735
f 1635 1735 1636
f 1636 1735 1736
f 1636 1736 1637
f 1637 1736 1737
f 1637 1737 1638
f 1638 1737 1738
f 1638 1738 1639
f 1639 1738 1739
f 1639 1739 1640
f 1640 1739 1740
f 1640 1740 1641
f 1641 1740 1741
f 1641 1741 1642
f 1642 1741 1742
f 1642 1742 1643
f 1643 1742 1743
f 1643 1743 1644
f 1644 1743 1744
f 1644 1744 1645
f 1645 1744 1745
f 1645 1745 1646
f 1646 1745 1746
f 1646 1746 1647
f 1647 1746 1747
f 1647 1747 1648
f 1648 1747 1748
f 1648 1748 1649
f 1649 1748 1749
f 1649 1749 1650
f 1650 1749 1750
f 1650 1750 1651
f 1651 1750 1751
f 1651 1751 1652
f 1652 1751 1752
f 1652 1752 1653
f 1653 1752 1753
f 1653 1753 1654
f 1654 1753 1754
f 1654 1754 1655
f 1655 1754 1755
f 1655 1755 1656
f 1656 1755 1756
f 1656 1756 1657
f 1657 1756 1757
f 1657 1757 1658
f 1658 1757 1758
f 1658 1758 1659
f 1659 1758 1759
f 1659 1759 1660
f 1660 1759 1760
f 1660 1760 1661
f 1661 1760 1761
f 1661 1761 1662
f 1662 1761 1762
f 1662 1762 1663
f 1663 1762 1763
f 1663 1763 1664
f 1664 1763 1764
f 1664 1764 1665
f 1665 1764 1765
f 1665 1765 1666
f 1666 1765 1766
f 1666 1766 1667
f 1667 1766 1767
f 1667 1767 1668
f 1668 1767 1768
f 1668 1768 1669
f 1669 1768 1769
f 1669 1769 1670
f 1670 1769 1770
f 1670 1770 1671
f 1671 1770 1771
f 1671 1771 1672
f 1672 1771 1772
f 1672 1772 1673
f 1673 1772 1773
f 1673 1773 1674
f 1674 1773 1774
f 1674 1774 1675
f 1675 1774 1775
f 1675 1775 1676
f 1676 1775 1776
f 1676 1776 1677
f 1677 1776 1777
f 1677 1777 1678
f 1678 1777 1778
f 1678 1778 1679
f 1679 1778 1779
f 1679 1779 1680
f 1680 1779 1780
f 1680 1780 1681
f 1681 1780 1781
f 1681 1781 1682
f 1682 1781 1782
f 1682 1782 1683
f 1683 1782 1783
f 1683 1783 1684
f 1684 1783 1784
f 1684 1784 1685
f 1685 1784 1785
f 1685 1785 1686
f 1686 1785 1786
f 1686 1786 1687
f 1687 1786 1787
f 1687 1787 1688
f 1688 1787 1788
f 1688 1788 1689
f 1689 1788 1789
f 1689 1789 1690
f 1690 1789 1790
f 1690 1790 1691
f 1691 1790 1791
f 1691 1791 1692
f 1692 1791 1792
f 1692 1792 1693
f 1693 1792 1793
f 1693 1793 1694
f 1694 1793 1794
f 1694 1794 1695
f 1695 1794 1795
f 1695 1795 1696
f 1696 1795 1796
f 1696 1796 1697
f 1697 1796 1797
f 1697 1797 1698
f 1698 1797 1798
f 1698 1798 1699
f 1699 1798 1799
f 1699 1799 1700
f 1700 1799 1800
f 1700 1800 1701
f 1701 1800 1801
f 1701 1801 1602
f 1602 1801 1702
f 1702 1802 1703
f 1703 1802 1803
f 1703 1803 1704
f 1704 1803 1804
f 1704 1804 1705
f 1705 1804 1805
f 1705 1805 1706
f 1706 1805 1806
f 1706 1806 1707
f 1707 1806 1807
f 1707 1807 1708
f 1708 1807 1808
f 1708 1808 1709
f 1709 1808 1809
f 1709 1809 1710
f 1710 1809 1810
f 1710 1810 1711
f 1711 1810 1811
f 1711 1811 1712
f 1712 1811 1812
f 1712 1812 1713
f 1713 1812 1813
f 1713 1813 1714
f 1714 1813 1814
f 1714 1814 1715
f 1715 1814 1815
f 1715 1815 1716
f 1716 1815 1816
f 1716 1816 1717
f 1717 1816 1817
f 1717 1817 1718
f 1718 1817 1818
f 1718 1818 1719
f 1719 1818 1819
f 1719 1819 1720
f 1720 1819 1820
f 1720 1820 1721
f 1721 1820 1821
f 1721 1821 1722
f 1722 1821 1822
f 1722 1822 1723
f 1723 1822 1823
f 1723 1823 1724
f 1724 1823 1824
f 1724 1824 1725
f 1725 1824 1825
f 1725 1825 1726
f 1726 1825 1826
f 1726 1826 1727
f 1727 1826 1827
f 1727 1827 1728
f 1728 1827 1828
f 1728 1828 1729
f 1729 1828 1829
f 1729 1829 1730
f 1730 1829 1830
f 1730 1830 1731
f 1731 1830 1831
f 1731 1831 1732
f 1732 1831 1832
f 1732 1832 1733
f 1733 1832 1833
f 1733 1833 1734
f 1734 1833 1834
f 1734 1834 1735
f 1735 1834 1835
f 1735 1835 1736
f 1736 1835 1836
f 1736 1836 1737
f 1737 1836 1837
f 1737 1837 1738
f 1738 1837 1838
f 1738 1838 1739
f 1739 1838 1839
f 1739 1839 1740
f 1740 1839 1840
f 1740 1840 1741
f 1741 1840 1841
f 1741 1841 1742
f 1742 1841 1842
f 1742 1842 1743
f 1743 1842 1843
f 1743 1843 1744
f 1744 1843 1844
f 1744 1844 1745
f 1745 1844 1845
f 1745 1845 1746
f 1746 1845 1846
f 1746 1846 1747
f 1747 1846 1847
f 1747 1847 1748
f 1748 1847 1848
f 1748 1848 1749
f 1749 1848 1849
f 1749 1849 1750
f 1750 1849 1850
f 1750 1850 1751
f 1751 1850 1851
f 1751 1851 1752
f 1752 1851 1852
f 1752 1852 1753
f 1753 1852 1853
f 1753 1853 1754
f 1754 1853 1854
f 1754 1854 1755
f 1755 1854 1855
f 1755 1855 1756
f 1756 1855 1856
f 1756 1856 1757
f 1757 1856 1857
f 1757 1857 1758
f 1758 1857 1858
f 1758 1858 1759
f 1759 1858 1859
f 1759 1859 1760
f 1760 1859 1860
f 1760 1860 1761
f 1761 1860 1861
f 1761 1861 1762
f 1762 1861 1862
f 1762 1862 1763
f 1763 1862 1863
f 1763 1863 1764
f 1764 1863 1864
f 1764 1864 1765
f 1765 1864 1865
f 1765 1865 1766
f 1766 1865 1866
f 1766 1866 1767
f 1767 1866 1867
f 1767 1867 1768
f 1768 1867 1868
f 1768 1868 1769
f 1769 1868 1869
f 1769 1869 1770
f 1770 1869 1870
f 1770 1870 1771
f 1771 1870 1871
f 1771 1871 1772
f 1772 1871 1872
f 1772 1872 1773
f 1773 1872 1873
f 1773 1873 1774
f 1774 1873 1874
f 1774 1874 1775
f 1775 1874 1875
f 1775 1875 1776
f 1776 1875 1876
f 1776 1876 1777
f 1777 1876 1877
f 1777 1877 1778
f 1778 1877 1878
f 1778 1878 1779
f 1779 1878 1879
f 1779 1879 1780
f 1780 1879 1880
f 1780 1880 1781
f 1781 1880 1881
f 1781 1881 1782
f 1782 1881 1882
f 1782 1882 1783
f 1783 1882 1883
f 1783 1883 1784
f 1784 1883 1884
f 1784 1884 1785
f 1785 1884 1885
f 1785 1885 1786
f 1786 1885 1886
f 1786 1886 1787
f 1787 1886 1887
f 1787 1887 1788
f 1788 1887 1888
f 1788 1888 1789
f 1789 1888 1889
f 1789 1889 1790
f 1790 1889 1890
f 1790 1890 1791
f 1791 1890 1891
f 1791 1891 1792
f 1792 1891 1892
f 1792 1892 1793
f 1793 1892 1893
f 1793 1893 1794
f 1794 1893 1894
f 1794 1894 1795
f 1795 1894 1895
f 1795 1895 1796
f 1796 1895 1896
f 1796 1896 1797
f 1797 1896 1897
f 1797 1897 1798
f 1798 1897 1898
f 1798 1898 1799
f 1799 1898 1899
f 1799 1899 1800
f 1800 1899 1900
f 1800 1900 1801
f 1801 1900 1901
f 1801 1901 1702
f 1702 1901 1802
f 1802 1902 1803
f 1803 1902 1903
f 1803 1903 1804
f 1804 1903 1904
f 1804 1904 1805
f 1805 1904 1905
f 1805 1905 1806
f 1806 1905 1906
f 1806 1906 1807
f 1807 1906 1907
f 1807 1907 1808
f 1808 1907 1908
f 1808 1908 1809
f 1809 1908 1909
f 1809 1909 1810
f 1810 1909 1910
f 1810 1910 1811
f 1811 1910 1911
f 1811 1911 1812
f 1812 1911 1912
f 1812 1912 1813
f 1813 1912 1913
f 1813 1913 1814
f 1814 1913 1914
f 1814 1914 1815
f 1815 1914 1915
f 1815 1915 1816
f 1816 1915 1916
f 1816 1916 1817
f 1817 1916 1917
f 1817 1917 1818
f 1818 1917 1918
f 1818 1918 1819
f 1819 1918 1919
f 1819 1919 1820
f 1820 1919 1920
f 1820 1920 1821
f 1821 1920 1921
f 1821 1921 1822
f 1822 1921 1922
f 1822 1922 1823
f 1823 1922 1923
f 1823 1923 1824
f 1824 1923 1924
f 1824 1924 1825
f 1825 1924 1925
f 1825 1925 1826
f 1826 1925 1926
f 1826 1926 1827
f 1827 1926 1927
f 1827 1927 1828
f 1828 1927 1928
f 1828 1928 1829
f 1829 1928 1929
f 1829 1929 1830
f 1830 1929 1930
f 1830 1930 1831
f 1831 1930 1931
f 1831 1931 1832
f 1832 1931 1932
f 1832 1932 1833
f 1833 1932 1933
f 1833 1933 1834
f 1834 1933 1934
f 1834 1934 1835
f 1835 1934 1935
f 1835 1935 1836
f 1836 1935 1936
f 1836 1936 1837
f 1837 1936 1937
f 1837 1937 1838
f 1838 1937 1938
f 1838 1938 1839
f 1839 1938 1939
f 1839 1939 1840
f 1840 1939 1940
f 1840 1940 1841
f 1841 1940 1941
f 1841 1941 1842
f 1842 1941 1942
f 1842 1942 1843
f 1843 1942 1943
f 1843 1943 1844
f 1844 1943 1944
f 1844 1944 1845
f 1845 1944 1945
f 1845 1945 1846
f 1846 1945 1946
f 1846 1946 1847
f 1847 1946 1947
f 1847 1947 1848
f 1848 1947 1948
f 1848 1948 1849
f 1849 1948 1949
f 1849 1949 1850
f 1850 1949 1950
f 1850 1950 1851
f 1851 1950 1951
f 1851 1951 1852
f 1852 1951 1952
f 1852 1952 1853
f 1853 1952 1953
f 1853 1953 1854
f 1854 1953 1954
f 1854 1954 1855
f 1855 1954 1955
f 1855 1955 1856
f 1856 1955 1956
f 1856 1956 1857
f 1857 1956 1957
f 1857 1957 1858
f 1858 1957 1958
f 1858 1958 1859
f 1859 1958 1959
f 1859 1959 1860
f 1860 1959 1960
f 1860 1960 1861
f 1861 1960 1961
f 1861 1961 1862
f 1862 1961 1962
f 1862 1962 1863
f 1863 1962 1963
f 1863 1963 1864
f 1864 1963 1964
f 1864 1964 1865
f 1865 1964 1965
f 1865 1965 1866
f 1866 1965 1966
f 1866 1966 1867
f 1867 1966 1967
f 1867 1967 1868
f 1868 1967 1968
f 1868 1968 1869
f 1869 1968 1969
f 1869 1969 1870
f 1870 1969 1970
f 1870 1970 1871
f 1871 1970 1971
f 1871 1971 1872
f 1872 1971 1972
f 1872 1972 1873
f 1873 1972 1973
f 1873 1973 1874
f 1874 1973 1974
f 1874 1974 1875
f 1875 1974 1975
f 1875 1975 1876
f 1876 1975 1976
f 1876 1976 1877
f 1877 1976 1977
f 1877 1977 1878
f 1878 1977 1978
f 1878 1978 1879
f 1879 1978 1979
f 1879 1979 1880
f 1880 1979 1980
f 1880 1980 1881
f 1881 1980 1981
f 1881 1981 1882
f 1882 1981 1982
f 1882 1982 1883
f 1883 1982 1983
f 1883 1983 1884
f 1884 1983 1984
f 1884 1984 1885
f 1885 1984 1985
f 1885 1985 1886
f 1886 1985 1986
f 1886 1986 1887
f 1887 1986 1987
f 1887 1987 1888
f 1888 1987 1988
f 1888 1988 1889
f 1889 1988 1989
f 1889 1989 1890
f 1890 1989 1990
f 1890 1990 1891
f 1891 1990 1991
f 1891 1991 1892
f 1892 1991 1992
f 1892 1992 1893
f 1893 1992 1993
f 1893 1993 1894
f 1894 1993 1994
f 1894 1994 1895
f 1895 1994 1995
f 1895 1995 1896
f 1896 1995 1996
f 1896 1996 1897
f 1897 1996 1997
f 1897 1997 1898
f 1898 1997 1998
f 1898 1998 1899
f 1899 1998 1999
f 1899 1999 1900
f 1900 1999 2000
f 1900 2000 1901
f 1901 2000 2001
f 1901 2001 1802
f 1802 2001 1902
f 1902 2002 1903
f 1903 2002 2003
f 1903 2003 1904
f 1904 2003 2004
f 1904 2004 1905
f 1905 2004 2005
f 1905 2005 1906
f 1906 2005 2006
f 1906 2006 1907
f 1907 2006 2007
f 1907 2007 1908
f 1908 2007 2008
f 1908 2008 1909
f 1909 2008 2009
f 1909 2009 1910
f 1910 2009 2010
f 1910 2010 1911
f 1911 2010 2011
f 1911 2011 1912
f 1912 2011 2012
f 1912 2012 1913
f 1913 2012 2013
f 1913 2013 1914
f 1914 2013 2014
f 1914 2014 1915
f 1915 2014 2015
f 1915 2015 1916
f 1916 2015 2016
f 1916 2016 1917
f 1917 2016 2017
f 1917 2017 1918
f 1918 2017 2018
f 1918 2018 1919
f 1919 2018 2019
f 1919 2019 1920
f 1920 2019 2020
f 1920 2020 1921
f 1921 2020 2021
f 1921 2021 1922
f 1922 2021 2022
f 1922 2022 1923
f 1923 2022 2023
f 1923 2023 1924
f 1924 2023 2024
f 1924 2024 1925
f 1925 2024 2025
f 1925 2025 1926
f 1926 2025 2026
f 1926 2026 1927
f 1927 2026 2027
f 1927 2027 1928
f 1928 2027 2028
f 1928 2028 1929
f 1929 2028 2029
f 1929 2029 1930
f 1930 2029 2030
f 1930 2030 1931
f 1931 2030 2031
f 1931 2031 1932
f 1932 2031 2032
f 1932 2032 1933
f 1933 2032 2033
f 1933 2033 1934
f 1934 2033 2034
f 1934 2034 1935
f 1935 2034 2035
f 1935 2035 1936
f 1936 2035 2036
f 1936 2036 1937
f 1937 2036 2037
f 1937 2037 1938
f 1938 2037 2038
f 1938 2038 1939
f 1939 2038 2039
f 1939 2039 1940
f 1940 2039 2040
f 1940 2040 1941
f 1941 2040 2041
f 1941 2041 1942
f 1942 2041 2042
f 1942 2042 1943
f 1943 2042 2043
f 1943 2043 1944
f 1944 2043 2044
f 1944 2044 1945
f 1945 2044 2045
f 1945 2045 1946
f 1946 2045 2046
f 1946 2046 1947
f 1947 2046 2047
f 1947 2047 1948
f 1948 2047 2048
f 1948 2048 1949
f 1949 2048 2049
f 1949 2049 1950
f 1950 2049 2050
f 1950 2050 1951
f 1951 2050 2051
f 1951 2051 1952
f 1952 2051 2052
f 1952 2052 1953
f 1953 2052 2053
f 1953 2053 1954
f 1954 2053 2054
f 1954 2054 1955
f 1955 2054 2055
f 1955 2055 1956
f 1956 2055 2056
f 1956 2056 1957
f 1957 2056 2057
f 1957 2057 1958
f 1958 2057 2058
f 1958 2058 1959
f 1959 2058 2059
f 1959 2059 1960
f 1960 2059 2060
f 1960 2060 1961
f 1961 2060 2061
f 1961 2061 1962
f 1962 2061 2062
f 1962 2062 1963
f 1963 2062 2063
f 1963 2063 1964
f 1964 2063 2064
f 1964 2064 1965
f 1965 2064 2065
f 1965 2065 1966
f 1966 2065 2066
f 1966 2066 1967
f 1967 2066 2067
f 1967 2067 1968
f 1968 2067 2068
f 1968 2068 1969
f 1969 2068 2069
f 1969 2069 1970
f 1970 2069 2070
f 1970 2070 1971
f 1971 2070 2071
f 1971 2071 1972
f 1972 2071 2072
f 1972 2072 1973
f 1973 2072 2073
f 1973 2073 1974
f 1974 2073 2074
f 1974 2074 1975
f 1975 2074 2075
f 1975 2075 1976
f 1976 2075 2076
f 1976 2076 1977
f 1977 2076 2077
f 1977 2077 1978
f 1978 2077 2078
f 1978 2078 1979
f 1979 2078 2079
f 1979 2079 1980
f 1980 2079 2080
f 1980 2080 1981
f 1981 2080 2081
f 1981 2081 1982
f 1982 2081 2082
f 1982 2082 1983
f 1983 2082 2083
f 1983 2083 1984
f 1984 2083 2084
f 1984 2084 1985
f 1985 2084 2085
f 1985 2085 1986
f 1986 2085 2086
f 1986 2086 1987
f 1987 2086 2087
f 1987 2087 1988
f 1988 2087 2088
f 1988 2088 1989
f 1989 2088 2089
f 1989 2089 1990
f 1990 2089 2090
f 1990 2090 1991
f 1991 2090 2091
f 1991 2091 1992
f 1992 2091 2092
f 1992 2092 1993
f 1993 2092 2093
f 1993 2093 1994
f 1994 2093 2094
f 1994 2094 1995
f 1995 2094 2095
f 1995 2095 1996
f 1996 2095 2096
f 1996 2096 1997
f 1997 2096 2097
f 1997 2097 1998
f 1998 2097 2098
f 1998 2098 1999
f 1999 2098 2099
f 1999 2099 2000
f 2000 2099 2100
f 2000 2100 2001
f 2001 2100 2101
f 2001 2101 1902
f 1902 2101 2002
f 2002 2102 2003
f 2003 2102 2103
f 2003 2103 2004
f 2004 2103 2104
f 2004 2104 2005
f 2005 2104 2105
f 2005 2105 2006
f 2006 2105 2106
f 2006 2106 2007
f 2007 2106 2107
f 2007 2107 2008
f 2008 2107 2108
f 2008 2108 2009
f 2009 2108 2109
f 2009 2109 2010
f 2010 2109 2110
f 2010 2110 2011
f 2011 2110 2111
f 2011 2111 2012
f 2012 2111 2112
f 2012 2112 2013
f 2013 2112 2113
f 2013 2113 2014
f 2014 2113 2114
f 2014 2114 2015
f 2015 2114 2115
f 2015 2115 2016
f 2016 2115 2116
f 2016 2116 2017
f 2017 2116 2117
f 2017 2117 2018
f 2018 2117 2118
f 2018 2118 2019
f 2019 2118 2119
f 2019 2119 2020
f 2020 2119 2120
f 2020 2120 2021
f 2021 2120 2121
f 2021 2121 2022
f 2022 2121 2122
f 2022 2122 2023
f 2023 2122 2123
f 2023 2123 2024
f 2024 2123 2124
f 2024 2124 2025
f 2025 2124 2125
f 2025 2125 2026
f 2026 2125 2126
f 2026 2126 2027
f 2027 2126 2127
f 2027 2127 2028
f 2028 2127 2128
f 2028 2128 2029
f 2029 2128 2129
f 2029 2129 2030
f 2030 2129 2130
f 2030 2130 2031
f 2031 2130 2131
f 2031 2131 2032
f 2032 2131 2132
f 2032 2132 2033
f 2033 2132 2133
f 2033 2133 2034
f 2034 2133 2134
f 2034 2134 2035
f 2035 2134 2135
f 2035 2135 2036
f 2036 2135 2136
f 2036 2136 2037
f 2037 2136 2137
f 2037 2137 2038
f 2038 2137 2138
f 2038 2138 2039
f 2039 2138 2139
f 2039 2139 2040
f 2040 2139 2140
f 2040 2140 2041
f 2041 2140 2141
f 2041 2141 2042
f 2042 2141 2142
f 2042 2142 2043
f 2043 2142 2143
f 2043 2143 2044
f 2044 2143 2144
f 2044 2144 2045
f 2045 2144 2145
f 2045 2145 2046
f 2046 2145 2146
f 2046 2146 2047
f 2047 2146 2147
f 2047 2147 2048
f 2048 2147 2148
f 2048 2148 2049
f 2049 2148 2149
f 2049 2149 2050
f 2050 2149 2150
f 2050 2150 2051
f 2051 2150 2151
f 2051 2151 2052
f 2052 2151 2152
f 2052 2152 2053
f 2053 2152 2153
f 2053 2153 2054
f 2054 2153 2154
f 2054 2154 2055
f 2055 2154 2155
f 2055 2155 2056
f 2056 2155 2156
f 2056 2156 2057
f 2057 2156 2157
f 2057 2157 2058
f 2058 2157 2158
f 2058 2158 2059
f 2059 2158 2159
f 2059 2159 2060
f 2060 2159 2160
f 2060 2160 2061
f 2061 2160 2161
f 2061 2161 2062
f 2062 2161 2162
f 2062 2162 2063
f 2063 2162 2163
f 2063 2163 2064
f 2064 2163 2164
f 2064 2164 2065
f 2065 2164 2165
f 2065 2165 2066
f 2066 2165 2166
f 2066 2166 2067
f 2067 2166 2167
f 2067 2167 2068
f 2068 2167 2168
f 2068 2168 2069
f 2069 2168 2169
f 2069 2169 2070
f 2070 2169 2170
f 2070 2170 2071
f 2071 2170 2171
f 2071 2171 2072
f 2072 2171 2172
f 2072 2172 2073
f 2073 2172 2173
f 2073 2173 2074
f 2074 2173 2174
f 2074 2174 2075
f 2075 2174 2175
f 2075 2175 2076
f 2076 2175 2176
f 2076 2176 2077
f 2077 2176 2177
f 2077 2177 2078
f 2078 2177 2178
f 2078 2178 2079
f 2079 2178 2179
f 2079 2179 2080
f 2080 2179 2180
f 2080 2180 2081
f 2081 2180 2181
f 2081 2181 2082
f 2082 2181 2182
f 2082 2182 2083
f 2083 2182 2183
f 2083 2183 2084
f 2084 2183 2184
f 2084 2184 2085
f 2085 2184 2185
f 2085 2185 2086
f 2086 2185 2186
f 2086 2186 2087
f 2087 2186 2187
f 2087 2187 2088
f 2088 2187 2188
f 2088 2188 2089
f 2089 2188 2189
f 2089 2189 2090
f 2090 2189 2190
f 2090 2190 2091
f 2091 2190 2191
f 2091 2191 2092
f 2092 2191 2192
f 2092 2192 2093
f 2093 2192 2193
f 2093 2193 2094
f 2094 2193 2194
f 2094 2194 2095
f 2095 2194 2195
f 2095 2195 2096
f 2096 2195 2196
f 2096 2196 2097
f 2097 2196 2197
f 2097 2197 2098
f 2098 2197 2198
f 2098 2198 2099
f 2099 2198 2199
f 2099 2199 2100
f 2100 2199 2200
f 2100 2200 2101
f 2101 2200 2201
f 2101 2201 2002
f 2002 2201 2102
f 2102 2202 2103
f 2103 2202 2203
f 2103 2203 2104
f 2104 2203 2204
f 2104 2204 2105
f 2105 2204 2205
f 2105 2205 2106
f 2106 2205 2206
f 2106 2206 2107
f 2107 2206 2207
f 2107 2207 2108
f 2108 2207 2208
f 2108 2208 2109
f 2109 2208 2209
f 2109 2209 2110
f 2110 2209 2210
f 2110 2210 2111
f 2111 2210 2211
f 2111 2211 2112
f 2112 2211 2212
f 2112 2212 2113
f 2113 2212 2213
f 2113 2213 2114
f 2114 2213 2214
f 2114 2214 2115
f 2115 2214 2215
f 2115 2215 2116
f 2116 2215 2216
f 2116 2216 2117
f 2117 2216 2217
f 2117 2217 2118
f 2118 2217 2218
f 2118 2218 2119
f 2119 2218 2219
f 2119 2219 2120
f 2120 2219 2220
f 2120 2220 2121
f 2121 2220 2221
f 2121 2221 2122
f 2122 2221 2222
f 2122 2222 2123
f 2123 2222 2223
f 2123 2223 2124
f 2124 2223 2224
f 2124 2224 2125
f 2125 2224 2225
f 2125 2225 2126
f 2126 2225 2226
f 2126 2226 2127
f 2127 2226 2227
f 2127 2227 2128
f 2128 2227 2228
f 2128 2228 2129
f 2129 2228 2229
f 2129 2229 2130
f 2130 2229 2230
f 2130 2230 2131
f 2131 2230 2231
f 2131 2231 2132
f 2132 2231 2232
f 2132 2232 2133
f 2133 2232 2233
f 2133 2233 2134
f 2134 2233 2234
f 2134 2234 2135
f 2135 2234 2235
f 2135 2235 2136
f 2136 2235 2236
f 2136 2236 2137
f 2137 2236 2237
f 2137 2237 2138
f 2138 2237 2238
f 2138 2238 2139
f 2139 2238 2239
f 2139 2239 2140
f 2140 2239 2240
f 2140 2240 2141
f 2141 2240 2241
f 2141 2241 2142
f 2142 2241 2242
f 2142 2242 2143
f 2143 2242 2243
f 2143 2243 2144
f 2144 2243 2244
f 2144 2244 2145
f 2145 2244 2245
f 2145 2245 2146
f 2146 2245 2246
f 2146 2246 2147
f 2147 2246 2247
f 2147 2247 2148
f 2148 2247 2248
f 2148 2248 2149
f 2149 2248 2249
f 2149 2249 2150
f 2150 2249 2250
f 2150 2250 2151
f 2151 2250 2251
f 2151 2251 2152
f 2152 2251 2252
f 2152 2252 2153
f 2153 2252 2253
f 2153 2253 2154
f 2154 2253 2254
f 2154 2254 2155
f 2155 2254 2255
f 2155 2255 2156
f 2156 2255 2256
f 2156 2256 2157
f 2157 2256 2257
f 2157 2257 2158
f 2158 2257 2258
f 2158 2258 2159
f 2159 2258 2259
f 2159 2259 2160
f 2160 2259 2260
f 2160 2260 2161
f 2161 2260 2261
f 2161 2261 2162
f 2162 2261 2262
f 2162 2262 2163
f 2163 2262 2263
f 2163 2263 2164
f 2164 2263 2264
f 2164 2264 2165
f 2165 2264 2265
f 2165 2265 2166
f 2166 2265 2266
f 2166 2266 2167
f 2167 2266 2267
f 2167 2267 2168
f 2168 2267 2268
f 2168 2268 2169
f 2169 2268 2269
f 2169 2269 2170
f 2170 2269 2270
f 2170 2270 2171
f 2171 2270 2271
f 2171 2271 2172
f 2172 2271 2272
f 2172 2272 2173
f 2173 2272 2273
f 2173 2273 2174
f 2174 2273 2274
f 2174 2274 2175
f 2175 2274 2275
f 2175 2275 2176
f 2176 2275 2276
f 2176 2276 2177
f 2177 2276 2277
f 2177 2277 2178
f 2178 2277 2278
f 2178 2278 2179
f 2179 2278 2279
f 2179 2279 2180
f 2180 2279 2280
f 2180 2280 2181
f 2181 2280 2281
f 2181 2281 2182
f 2182 2281 2282
f 2182 2282 2183
f 2183 2282 2283
f 2183 2283 2184
f 2184 2283 2284
f 2184 2284 2185
f 2185 2284 2285
f 2185 2285 2186
f 2186 2285 2286
f 2186 2286 2187
f 2187 2286 2287
f 2187 2287 2188
f 2188 2287 2288
f 2188 2288 2189
f 2189 2288 2289
f 2189 2289 2190
f 2190 2289 2290
f 2190 2290 2191
f 2191 2290 2291
f 2191 2291 2192
f 2192 2291 2292
f 2192 2292 2193
f 2193 2292 2293
f 2193 2293 2194
f 2194 2293 2294
f 2194 2294 2195
f 2195 2294 2295
f 2195 2295 2196
f 2196 2295 2296
f 2196 2296 2197
f 2197 2296 2297
f 2197 2297 2198
f 2198 2297 2298
f 2198 2298 2199
f 2199 2298 2299
f 2199 2299 2200
f 2200 2299 2300
f 2200 2300 2201
f 2201 2300 2301
f 2201 2301 2102
f 2102 2301 2202
f 2202 2302 2203
f 2203 2302 2303
f 2203 2303 2204
f 2204 2303 2304
f 2204 2304 2205
f 2205 2304 2305
f 2205 2305 2206
f 2206 2305 2306
f 2206 2306 2207
f 2207 2306 2307
f 2207 2307 2208
f 2208 2307 2308
f 2208 2308 2209
f 2209 2308 2309
f 2209 2309 2210
f 2210 2309 2310
f 2210 2310 2211
f 2211 2310 2311
f 2211 2311 2212
f 2212 2311 2312
f 2212 2312 2213
f 2213 2312 2313
f 2213 2313 2214
f 2214 2313 2314
f 2214 2314 2215
f 2215 2314 2315
f 2215 2315 2216
f 2216 2315 2316
f 2216 2316 2217
f 2217 2316 2317
f 2217 2317 2218
f 2218 2317 2318
f 2218 2318 2219
f 2219 2318 2319
f 2219 2319 2220
f 2220 2319 2320
f 2220 2320 2221
f 2221 2320 2321
f 2221 2321 2222
f 2222 2321 2322
f 2222 2322 2223
f 2223 2322 2323
f 2223 2323 2224
f 2224 2323 2324
f 2224 2324 2225
f 2225 2324 2325
f 2225 2325 2226
f 2226 2325 2326
f 2226 2326 2227
f 2227 2326 2327
f 2227 2327 2228
f 2228 2327 2328
f 2228 2328 2229
f 2229 2328 2329
f 2229 2329 2230
f 2230 2329 2330
f 2230 2330 2231
f 2231 2330 2331
f 2231 2331 2232
f 2232 2331 2332
f 2232 2332 2233
f 2233 2332 2333
f 2233 2333 2234
f 2234 2333 2334
f 2234 2334 2235
f 2235 2334 2335
f 2235 2335 2236
f 2236 2335 2336
f 2236 2336 2237
f 2237 2336 2337
f 2237 2337 2238
f 2238 2337 2338
f 2238 2338 2239
f 2239 2338 2339
f 2239 2339 2240
f 2240 2339 2340
f 2240 2340 2241
f 2241 2340 2341
f 2241 2341 2242
f 2242 2341 2342
f 2242 2342 2243
f 2243 2342 2343
f 2243 2343 2244
f 2244 2343 2344
f 2244 2344 2245
f 2245 2344 2345
f 2245 2345 2246
f 2246 2345 2346
f 2246 2346 2247
f 2247 2346 2347
f 2247 2347 2248
f 2248 2347 2348
f 2248 2348 2249
f 2249 2348 2349
f 2249 2349 2250
f 2250 2349 2350
f 2250 2350 2251
f 2251 2350 2351
f 2251 2351 2252
f 2252 2351 2352
f 2252 2352 2253
f 2253 2352 2353
f 2253 2353 2254
f 2254 2353 2354
f 2254 2354 2255
f 2255 2354 2355
f 2255 2355 2256
f 2256 2355 2356
f 2256 2356 2257
f 2257 2356 2357
f 2257 2357 2258
f 2258 2357 2358
f 2258 2358 2259
f 2259 2358 2359
f 2259 2359 2260
f 2260 2359 2360
f 2260 2360 2261
f 2261 2360 2361
f 2261 2361 2262
f 2262 2361 2362
f 2262 2362 2263
f 2263 2362 2363
f 2263 2363 2264
f 2264 2363 2364
f 2264 2364 2265
f 2265 2364 2365
f 2265 2365 2266
f 2266 2365 2366
f 2266 2366 2267
f 2267 2366 2367
f 2267 2367 2268
f 2268 2367 2368
f 2268 2368 2269
f 2269 2368 2369
f 2269 2369 2270
f 2270 2369 2370
f 2270 2370 2271
f 2271 2370 2371
f 2271 2371 2272
f 2272 2371 2372
f 2272 2372 2273
f 2273 2372 2373
f 2273 2373 2274
f 2274 2373 2374
f 2274 2374 2275
f 2275 2374 2375
f 2275 2375 2276
f 2276 2375 2376
f 2276 2376 2277
f 2277 2376 2377
f 2277 2377 2278
f 2278 2377 2378
f 2278 2378 2279
f 2279 2378 2379
f 2279 2379 2280
f 2280 2379 2380
f 2280 2380 2281
f 2281 2380 2381
f 2281 2381 2282
f 2282 2381 2382
f 2282 2382 2283
f 2283 2382 2383
f 2283 2383 2284
f 2284 2383 2384
f 2284 2384 2285
f 2285 2384 2385
f 2285 2385 2286
f 2286 2385 2386
f 2286 2386 2287
f 2287 2386 2387
f 2287 2387 2288
f 2288 2387 2388
f 2288 2388 2289
f 2289 2388 2389
f 2289 2389 2290
f 2290 2389 2390
f 2290 2390 2291
f 2291 2390 2391
f 2291 2391 2292
f 2292 2391 2392
f 2292 2392 2293
f 2293 2392 2393
f 2293 2393 2294
f 2294 2393 2394
f 2294 2394 2295
f 2295 2394 2395
f 2295 2395 2296
f 2296 2395 2396
f 2296 2396 2297
f 2297 2396 2397
f 2297 2397 2298
f 2298 2397 2398
f 2298 2398 2299
f 2299 2398 2399
f 2299 2399 2300
f 2300 2399 2400
f 2300 2400 2301
f 2301 2400 2401
f 2301 2401 2202
f 2202 2401 2302
f 2302 2402 2303
f 2303 2402 2403
f 2303 2403 2304
f 2304 2403 2404
f 2304 2404 2305
f 2305 2404 2405
f 2305 2405 2306
f 2306 2405 2406
f 2306 2406 2307
f 2307 2406 2407
f 2307 2407 2308
f 2308 2407 2408
f 2308 2408 2309
f 2309 2408 2409
f 2309 2409 2310
f 2310 2409 2410
f 2310 2410 2311
f 2311 2410 2411
f 2311 2411 2312
f 2312 2411 2412
f 2312 2412 2313
f 2313 2412 2413
f 2313 2413 2314
f 2314 2413 2414
f 2314 2414 2315
f 2315 2414 2415
f 2315 2415 2316
f 2316 2415 2416
f 2316 2416 2317
f 2317 2416 2417
f 2317 2417 2318
f 2318 2417 2418
f 2318 2418 2319
f 2319 2418 2419
f 2319 2419 2320
f 2320 2419 2420
f 2320 2420 2321
f 2321 2420 2421
f 2321 2421 2322
f 2322 2421 2422
f 2322 2422 2323
f 2323 2422 2423
f 2323 2423 2324
f 2324 2423 2424
f 2324 2424 2325
f 2325 2424 2425
f 2325 2425 2326
f 2326 2425 2426
f 2326 2426 2327
f 2327 2426 2427
f 2327 2427 2328
f 2328 2427 2428
f 2328 2428 2329
f 2329 2428 2429
f 2329 2429 2330
f 2330 2429 2430
f 2330 2430 2331
f 2331 2430 2431
f 2331 2431 2332
f 2332 2431 2432
f 2332 2432 2333
f 2333 2432 2433
f 2333 2433 2334
f 2334 2433 2434
f 2334 2434 2335
f 2335 2434 2435
f 2335 2435 2336
f 2336 2435 2436
f 2336 2436 2337
f 2337 2436 2437
f 2337 2437 2338
f 2338 2437 2438
f 2338 2438 2339
f 2339 2438 2439
f 2339 2439 2340
f 2340 2439 2440
f 2340 2440 2341
f 2341 2440 2441
f 2341 2441 2342
f 2342 2441 2442
f 2342 2442 2343
f 2343 2442 2443
f 2343 2443 2344
f 2344 2443 2444
f 2344 2444 2345
f 2345 2444 2445
f 2345 2445 2346
f 2346 2445 2446
f 2346 2446 2347
f 2347 2446 2447
f 2347 2447 2348
f 2348 2447 2448
f 2348 2448 2349
f 2349 2448 2449
f 2349 2449 2350
f 2350 2449 2450
f 2350 2450 2351
f 2351 2450 2451
f 2351 2451 2352
f 2352 2451 2452
f 2352 2452 2353
f 2353 2452 2453
f 2353 2453 2354
f 2354 2453 2454
f 2354 2454 2355
f 2355 2454 2455
f 2355 2455 2356
f 2356 2455 2456
f 2356 2456 2357
f 2357 2456 2457
f 2357 2457 2358
f 2358 2457 2458
f 2358 2458 2359
f 2359 2458 2459
f 2359 2459 2360
f 2360 2459 2460
f 2360 2460 2361
f 2361 2460 2461
f 2361 2461 2362
f 2362 2461 2462
f 2362 2462 2363
f 2363 2462 2463
f 2363 2463 2364
f 2364 2463 2464
f 2364 2464 2365
f 2365 2464 2465
f 2365 2465 2366
f 2366 2465 2466
f 2366 2466 2367
f 2367 2466 2467
f 2367 2467 2368
f 2368 2467 2468
f 2368 2468 2369
f 2369 2468 2469
f 2369 2469 2370
f 2370 2469 2470
f 2370 2470 2371
f 2371 2470 2471
f 2371 2471 2372
f 2372 2471 2472
f 2372 2472 2373
f 2373 2472 2473
f 2373 2473 2374
f 2374 2473 2474
f 2374 2474 2375
f 2375 2474 2475
f 2375 2475 2376
f 2376 2475 2476
f 2376 2476 2377
f 2377 2476 2477
f 2377 2477 2378
f 2378 2477 2478
f 2378 2478 2379
f 2379 2478 2479
f 2379 2479 2380
f 2380 2479 2480
f 2380 2480 2381
f 2381 2480 2481
f 2381 2481 2382
f 2382 2481 2482
f 2382 2482 2383
f 2383 2482 2483
f 2383 2483 2384
f 2384 2483 2484
f 2384 2484 2385
f 2385 2484 2485
f 2385 2485 2386
f 2386 2485 2486
f 2386 2486 2387
f 2387 2486 2487
f 2387 2487 2388
f 2388 2487 2488
f 2388 2488 2389
f 2389 2488 2489
f 2389 2489 2390
f 2390 2489 2490
f 2390 2490 2391
f 2391 2490 2491
f 2391 2491 2392
f 2392 2491 2492
f 2392 2492 2393
f 2393 2492 2493
f 2393 2493 2394
f 2394 2493 2494
f 2394 2494 2395
f 2395 2494 2495
f 2395 2495 2396
f 2396 2495 2496
f 2396 2496 2397
f 2397 2496 2497
f 2397 2497 2398
f 2398 2497 2498
f 2398 2498 2399
f 2399 2498 2499
f 2399 2499 2400
f 2400 2499 2500
f 2400 2500 2401
f 2401 2500 2501
f 2401 2501 2302
f 2302 2501 2402
f 2402 2502 2403
f 2403 2502 2503
f 2403 2503 2404
f 2404 2503 2504
f 2404 2504 2405
f 2405 2504 2505
f 2405 2505 2406
f 2406 2505 2506
f 2406 2506 2407
f 2407 2506 2507
f 2407 2507 2408
f 2408 2507 2508
f 2408 2508 2409
f 2409 2508 2509
f 2409 2509 2410
f 2410 2509 2510
f 2410 2510 2411
f 2411 2510 2511
f 2411 2511 2412
f 2412 2511 2512
f 2412 2512 2413
f 2413 2512 2513
f 2413 2513 2414
f 2414 2513 2514
f 2414 2514 2415
f 2415 2514 2515
f 2415 2515 2416
f 2416 2515 2516
f 2416 2516 2417
f 2417 2516 2517
f 2417 2517 2418
f 2418 2517 2518
f 2418 2518 2419
f 2419 2518 2519
f 2419 2519 2420
f 2420 2519 2520
f 2420 2520 2421
f 2421 2520 2521
f 2421 2521 2422
f 2422 2521 2522
f 2422 2522 2423
f 2423 2522 2523
f 2423 2523 2424
f 2424 2523 2524
f 2424 2524 2425
f 2425 2524 2525
f 2425 2525 2426
f 2426 2525 2526
f 2426 2526 2427
f 2427 2526 2527
f 2427 2527 2428
f 2428 2527 2528
f 2428 2528 2429
f 2429 2528 2529
f 2429 2529 2430
f 2430 2529 2530
f 2430 2530 2431
f 2431 2530 2531
f 2431 2531 2432
f 2432 2531 2532
f 2432 2532 2433
f 2433 2532 2533
f 2433 2533 2434
f 2434 2533 2534
f 2434 2534 2435
f 2435 2534 2535
f 2435 2535 2436
f 2436 2535 2536
f 2436 2536 2437
f 2437 2536 2537
f 2437 2537 2438
f 2438 2537 2538
f 2438 2538 2439
f 2439 2538 2539
f 2439 2539 2440
f 2440 2539 2540
f 2440 2540 2441
f 2441 2540 2541
f 2441 2541 2442
f 2442 2541 2542
f 2442 2542 2443
f 2443 2542 2543
f 2443 2543 2444
f 2444 2543 2544
f 2444 2544 2445
f 2445 2544 2545
f 2445 2545 2446
f 2446 2545 2546
f 2446 2546 2447
f 2447 2546 2547
f 2447 2547 2448
f 2448 2547 2548
f 2448 2548 2449
f 2449 2548 2549
f 2449 2549 2450
f 2450 2549 2550
f 2450 2550 2451
f 2451 2550 2551
f 2451 2551 2452
f 2452 2551 2552
f 2452 2552 2453
f 2453 2552 2553
f 2453 2553 2454
f 2454 2553 2554
f 2454 2554 2455
f 2455 2554 2555
f 2455 2555 2456
f 2456 2555 2556
f 2456 2556 2457
f 2457 2556 2557
f 2457 2557 2458
f 2458 2557 2558
f 2458 2558 2459
f 2459 2558 2559
f 2459 2559 2460
f 2460 2559 2560
f 2460 2560 2461
f 2461 2560 2561
f 2461 2561 2462
f 2462 2561 2562
f 2462 2562 2463
f 2463 2562 2563
f 2463 2563 2464
f 2464 2563 2564
f 2464 2564 2465
f 2465 2564 2565
f 2465 2565 2466
f 2466 2565 2566
f 2466 2566 2467
f 2467 2566 2567
f 2467 2567 2468
f 2468 2567 2568
f 2468 2568 2469
f 2469 2568 2569
f 2469 2569 2470
f 2470 2569 2570
f 2470 2570 2471
f 2471 2570 2571
f 2471 2571 2472
f 2472 2571 2572
f 2472 2572 2473
f 2473 2572 2573
f 2473 2573 2474
f 2474 2573 2574
f 2474 2574 2475
f 2475 2574 2575
f 2475 2575 2476
f 2476 2575 2576
f 2476 2576 2477
f 2477 2576 2577
f 2477 2577 2478
f 2478 2577 2578
f 2478 2578 2479
f 2479 2578 2579
f 2479 2579 2480
f 2480 2579 2580
f 2480 2580 2481
f 2481 2580 2581
f 2481 2581 2482
f 2482 2581 2582
f 2482 2582 2483
f 2483 2582 2583
f 2483 2583 2484
f 2484 2583 2584
f 2484 2584 2485
f 2485 2584 2585
f 2485 2585 2486
f 2486 2585 2586
f 2486 2586 2487
f 2487 2586 2587
f 2487 2587 2488
f 2488 2587 2588
f 2488 2588 2489
f 2489 2588 2589
f 2489 2589 2490
f 2490 2589 2590
f 2490 2590 2491
f 2491 2590 2591
f 2491 2591 2492
f 2492 2591 2592
f 2492 2592 2493
f 2493 2592 2593
f 2493 2593 2494
f 2494 2593 2594
f 2494 2594 2495
f 2495 2594 2595
f 2495 2595 2496
f 2496 2595 2596
f 2496 2596 2497
f 2497 2596 2597
f 2497 2597 2498
f 2498 2597 2598
f 2498 2598 2499
f 2499 2598 2599
f 2499 2599 2500
f 2500 2599 2600
f 2500 2600 2501
f 2501 2600 2601
f 2501 2601 2402
f 2402 2601 2502
f 2502 2602 2503
f 2503 2602 2603
f 2503 2603 2504
f 2504 2603 2604
f 2504 2604 2505
f 2505 2604 2605
f 2505 2605 2506
f 2506 2605 2606
f 2506 2606 2507
f 2507 2606 2607
f 2507 2607 2508
f 2508 2607 2608
f 2508 2608 2509
f 2509 2608 2609
f 2509 2609 2510
f 2510 2609 2610
f 2510 2610 2511
f 2511 2610 2611
f 2511 2611 2512
f 2512 2611 2612
f 2512 2612 2513
f 2513 2612 2613
f 2513 2613 2514
f 2514 2613 2614
f 2514 2614 2515
f 2515 2614 2615
f 2515 2615 2516
f 2516 2615 2616
f 2516 2616 2517
f 2517 2616 2617
f 2517 2617 2518
f 2518 2617 2618
f 2518 2618 2519
f 2519 2618 2619
f 2519 2619 2520
f 2520 2619 2620
f 2520 2620 2521
f 2521 2620 2621
f 2521 2621 2522
f 2522 2621 2622
f 2522 2622 2523
f 2523 2622 2623
f 2523 2623 2524
f 2524 2623 2624
f 2524 2624 2525
f 2525 2624 2625
f 2525 2625 2526
f 2526 2625 2626
f 2526 2626 2527
f 2527 2626 2627
f 2527 2627 2528
f 2528 2627 2628
f 2528 2628 2529
f 2529 2628 2629
f 2529 2629 2530
f 2530 2629 2630
f 2530 2630 2531
f 2531 2630 2631
f 2531 2631 2532
f 2532 2631 2632
f 2532 2632 2533
f 2533 2632 2633
f 2533 2633 2534
f 2534 2633 2634
f 2534 2634 2535
f 2535 2634 2635
f 2535 2635 2536
f 2536 2635 2636
f 2536 2636 2537
f 2537 2636 2637
f 2537 2637 2538
f 2538 2637 2638
f 2538 2638 2539
f 2539 2638 2639
f 2539 2639 2540
f 2540 2639 2640
f 2540 2640 2541
f 2541 2640 2641
f 2541 2641 2542
f 2542 2641 2642
f 2542 2642 2543
f 2543 2642 2643
f 2543 2643 2544
f 2544 2643 2644
f 2544 2644 2545
f 2545 2644 2645
f 2545 2645 2546
f 2546 2645 2646
f 2546 2646 2547
f 2547 2646 2647
f 2547 2647 2548
f 2548 2647 2648
f 2548 2648 2549
f 2549 2648 2649
f 2549 2649 2550
f 2550 2649 2650
f 2550 2650 2551
f 2551 2650 2651
f 2551 2651 2552
f 2552 2651 2652
f 2552 2652 2553
f 2553 2652 2653
f 2553 2653 2554
f 2554 2653 2654
f 2554 2654 2555
f 2555 2654 2655
f 2555 2655 2556
f 2556 2655 2656
f 2556 2656 2557
f 2557 2656 2657
f 2557 2657 2558
f 2558 2657 2658
f 2558 2658 2559
f 2559 2658 2659
f 2559 2659 2560
f 2560 2659 2660
f 2560 2660 2561
f 2561 2660 2661
f 2561 2661 2562
f 2562 2661 2662
f 2562 2662 2563
f 2563 2662 2663
f 2563 2663 2564
f 2564 2663 2664
f 2564 2664 2565
f 2565 2664 2665
f 2565 2665 2566
f 2566 2665 2666
f 2566 2666 2567
f 2567 2666 2667
f 2567 2667 2568
f 2568 2667 2668
f 2568 2668 2569
f 2569 2668 2669
f 2569 2669 2570
f 2570 2669 2670
f 2570 2670 2571
f 2571 2670 2671
f 2571 2671 2572
f 2572 2671 2672
f 2572 2672 2573
f 2573 2672 2673
f 2573 2673 2574
f 2574 2673 2674
f 2574 2674 2575
f 2575 2674 2675
f 2575 2675 2576
f 2576 2675 2676
f 2576 2676 2577
f 2577 2676 2677
f 2577 2677 2578
f 2578 2677 2678
f 2578 2678 2579
f 2579 2678 2679
f 2579 2679 2580
f 2580 2679 2680
f 2580 2680 2581
f 2581 2680 2681
f 2581 2681 2582
f 2582 2681 2682
f 2582 2682 2583
f 2583 2682 2683
f 2583 2683 2584
f 2584 2683 2684
f 2584 2684 2585
f 2585 2684 2685
f 2585 2685 2586
f 2586 2685 2686
f 2586 2686 2587
f 2587 2686 2687
f 2587 2687 2588
f 2588 2687 2688
f 2588 2688 2589
f 2589 2688 2689
f 2589 2689 2590
f 2590 2689 2690
f 2590 2690 2591
f 2591 2690 2691
f 2591 2691 2592
f 2592 2691 2692
f 2592 2692 2593
f 2593 2692 2693
f 2593 2693 2594
f 2594 2693 2694
f 2594 2694 2595
f 2595 2694 2695
f 2595 2695 2596
f 2596 2695 2696
f 2596 2696 2597
f 2597 2696 2697
f 2597 2697 2598
f 2598 2697 2698
f 2598 2698 2599
f 2599 2698 2699
f 2599 2699 2600
f 2600 2699 2700
f 2600 2700 2601
f 2601 2700 2701
f 2601 2701 2502
f 2502 2701 2602
f 2602 2702 2603
f 2603 2702 2703
f 2603 2703 2604
f 2604 2703 2704
f 2604 2704 2605
f 2605 2704 2705
f 2605 2705 2606
f 2606 2705 2706
f 2606 2706 2607
f 2607 2706 2707
f 2607 2707 2608
f 2608 2707 2708
f 2608 2708 2609
f 2609 2708 2709
f 2609 2709 2610
f 2610 2709 2710
f 2610 2710 2611
f 2611 2710 2711
f 2611 2711 2612
f 2612 2711 2712
f 2612 2712 2613
f 2613 2712 2713
f 2613 2713 2614
f 2614 2713 2714
f 2614 2714 2615
f 2615 2714 2715
f 2615 2715 2616
f 2616 2715 2716
f 2616 2716 2617
f 2617 2716 2717
f 2617 2717 2618
f 2618 2717 2718
f 2618 2718 2619
f 2619 2718 2719
f 2619 2719 2620
f 2620 2719 2720
f 2620 2720 2621
f 2621 2720 2721
f 2621 2721 2622
f 2622 2721 2722
f 2622 2722 2623
f 2623 2722 2723
f 2623 2723 2624
f 2624 2723 2724
f 2624 2724 2625
f 2625 2724 2725
f 2625 2725 2626
f 2626 2725 2726
f 2626 2726 2627
f 2627 2726 2727
f 2627 2727 2628
f 2628 2727 2728
f 2628 2728 2629
f 2629 2728 2729
f 2629 2729 2630
f 2630 2729 2730
f 2630 2730 2631
f 2631 2730 2731
f 2631 2731 2632
f 2632 2731 2732
f 2632 2732 2633
f 2633 2732 2733
f 2633 2733 2634
f 2634 2733 2734
f 2634 2734 2635
f 2635 2734 2735
f 2635 2735 2636
f 2636 2735 2736
f 2636 2736 2637
f 2637 2736 2737
f 2637 2737 2638
f 2638 2737 2738
f 2638 2738 2639
f 2639 2738 2739
f 2639 2739 2640
f 2640 2739 2740
f 2640 2740 2641
f 2641 2740 2741
f 2641 2741 2642
f 2642 2741 2742
f 2642 2742 2643
f 2643 2742 2743
f 2643 2743 2644
f 2644 2743 2744
f 2644 2744 2645
f 2645 2744 2745
f 2645 2745 2646
f 2646 2745 2746
f 2646 2746 2647
f 2647 2746 2747
f 2647 2747 2648
f 2648 2747 2748
f 2648 2748 2649
f 2649 2748 2749
f 2649 2749 2650
f 2650 2749 2750
f 2650 2750 2651
f 2651 2750 2751
f 2651 2751 2652
f 2652 2751 2752
f 2652 2752 2653
f 2653 2752 2753
f 2653 2753 2654
f 2654 2753 2754
f 2654 2754 2655
f 2655 2754 2755
f 2655 2755 2656
f 2656 2755 2756
f 2656 2756 2657
f 2657 2756 2757
f 2657 2757 2658
f 2658 2757 2758
f 2658 2758 2659
f 2659 2758 2759
f 2659 2759 2660
f 2660 2759 2760
f 2660 2760 2661
f 2661 2760 2761
f 2661 2761 2662
f 2662 2761 2762
f 2662 2762 2663
f 2663 2762 2763
f 2663 2763 2664
f 2664 2763 2764
f 2664 2764 2665
f 2665 2764 2765
f 2665 2765 2666
f 2666 2765 2766
f 2666 2766 2667
f 2667 2766 2767
f 2667 2767 2668
f 2668 2767 2768
f 2668 2768 2669
f 2669 2768 2769
f 2669 2769 2670
f 2670 2769 2770
f 2670 2770 2671
f 2671 2770 2771
f 2671 2771 2672
f 2672 2771 2772
f 2672 2772 2673
f 2673 2772 2773
f 2673 2773 2674
f 2674 2773 2774
f 2674 2774 2675
f 2675 2774 2775
f 2675 2775 2676
f 2676 2775 2776
f 2676 2776 2677
f 2677 2776 2777
f 2677 2777 2678
f 2678 2777 2778
f 2678 2778 2679
f 2679 2778 2779
f 2679 2779 2680
f 2680 2779 2780
f 2680 2780 2681
f 2681 2780 2781
f 2681 2781 2682
f 2682 2781 2782
f 2682 2782 2683
f 2683 2782 2783
f 2683 2783 2684
f 2684 2783 2784
f 2684 2784 2685
f 2685 2784 2785
f 2685 2785 2686
f 2686 2785 2786
f 2686 2786 2687
f 2687 2786 2787
f 2687 2787 2688
f 2688 2787 2788
f 2688 2788 2689
f 2689 2788 2789
f 2689 2789 2690
f 2690 2789 2790
f 2690 2790 2691
f 2691 2790 2791
f 2691 2791 2692
f 2692 2791 2792
f 2692 2792 2693
f 2693 2792 2793
f 2693 2793 2694
f 2694 2793 2794
f 2694 2794 2695
f 2695 2794 2795
f 2695 2795 2696
f 2696 2795 2796
f 2696 2796 2697
f 2697 2796 2797
f 2697 2797 2698
f 2698 2797 2798
f 2698 2798 2699
f 2699 2798 2799
f 2699 2799 2700
f 2700 2799 2800
f 2700 2800 2701
f 2701 2800 2801
f 2701 2801 2602
f 2602 2801 2702
f 2702 2802 2703
f 2703 2802 2803
f 2703 2803 2704
f 2704 2803 2804
f 2704 2804 2705
f 2705 2804 2805
f 2705 2805 2706
f 2706 2805 2806
f 2706 2806 2707
f 2707 2806 2807
f 2707 2807 2708
f 2708 2807 2808
f 2708 2808 2709
f 2709 2808 2809
f 2709 2809 2710
f 2710 2809 2810
f 2710 2810 2711
f 2711 2810 2811
f 2711 2811 2712
f 2712 2811 2812
f 2712 2812 2713
f 2713 2812 2813
f 2713 2813 2714
f 2714 2813 2814
f 2714 2814 2715
f 2715 2814 2815
f 2715 2815 2716
f 2716 2815 2816
f 2716 2816 2717
f 2717 2816 2817
f 2717 2817 2718
f 2718 2817 2818
f 2718 2818 2719
f 2719 2818 2819
f 2719 2819 2720
f 2720 2819 2820
f 2720 2820 2721
f 2721 2820 2821
f 2721 2821 2722
f 2722 2821 2822
f 2722 2822 2723
f 2723 2822 2823
f 2723 2823 2724
f 2724 2823 2824
f 2724 2824 2725
f 2725 2824 2825
f 2725 2825 2726
f 2726 2825 2826
f 2726 2826 2727
f 2727 2826 2827
f 2727 2827 2728
f 2728 2827 2828
f 2728 2828 2729
f 2729 2828 2829
f 2729 2829 2730
f 2730 2829 2830
f 2730 2830 2731
f 2731 2830 2831
f 2731 2831 2732
f 2732 2831 2832
f 2732 2832 2733
f 2733 2832 2833
f 2733 2833 2734
f 2734 2833 2834
f 2734 2834 2735
f 2735 2834 2835
f 2735 2835 2736
f 2736 2835 2836
f 2736 2836 2737
f 2737 2836 2837
f 2737 2837 2738
f 2738 2837 2838
f 2738 2838 2739
f 2739 2838 2839
f 2739 2839 2740
f 2740 2839 2840
f 2740 2840 2741
f 2741 2840 2841
f 2741 2841 2742
f 2742 2841 2842
f 2742 2842 2743
f 2743 2842 2843
f 2743 2843 2744
f 2744 2843 2844
f 2744 2844 2745
f 2745 2844 2845
f 2745 2845 2746
f 2746 2845 2846
f 2746 2846 2747
f 2747 2846 2847
f 2747 2847 2748
f 2748 2847 2848
f 2748 2848 2749
f 2749 2848 2849
f 2749 2849 2750
f 2750 2849 2850
f 2750 2850 2751
f 2751 2850 2851
f 2751 2851 2752
f 2752 2851 2852
f 2752 2852 2753
f 2753 2852 2853
f 2753 2853 2754
f 2754 2853 2854
f 2754 2854 2755
f 2755 2854 2855
f 2755 2855 2756
f 2756 2855 2856
f 2756 2856 2757
f 2757 2856 2857
f 2757 2857 2758
f 2758 2857 2858
f 2758 2858 2759
f 2759 2858 2859
f 2759 2859 2760
f 2760 2859 2860
f 2760 2860 2761
f 2761 2860 2861
f 2761 2861 2762
f 2762 2861 2862
f 2762 2862 2763
f 2763 2862 2863
f 2763 2863 2764
f 2764 2863 2864
f 2764 2864 2765
f 2765 2864 2865
f 2765 2865 2766
f 2766 2865 2866
f 2766 2866 2767
f 2767 2866 2867
f 2767 2867 2768
f 2768 2867 2868
f 2768 2868 2769
f 2769 2868 2869
f 2769 2869 2770
f 2770 2869 2870
f 2770 2870 2771
f 2771 2870 2871
f 2771 2871 2772
f 2772 2871 2872
f 2772 2872 2773
f 2773 2872 2873
f 2773 2873 2774
f 2774 2873 2874
f 2774 2874 2775
f 2775 2874 2875
f 2775 2875 2776
f 2776 2875 2876
f 2776 2876 2777
f 2777 2876 2877
f 2777 2877 2778
f 2778 2877 2878
f 2778 2878 2779
f 2779 2878 2879
f 2779 2879 2780
f 2780 2879 2880
f 2780 2880 2781
f 2781 2880 2881
f 2781 2881 2782
f 2782 2881 2882
f 2782 2882 2783
f 2783 2882 2883
f 2783 2883 2784
f 2784 2883 2884
f 2784 2884 2785
f 2785 2884 2885
f 2785 2885 2786
f 2786 2885 2886
f 2786 2886 2787
f 2787 2886 2887
f 2787 2887 2788
f 2788 2887 2888
f 2788 2888 2789
f 2789 2888 2889
f 2789 2889 2790
f 2790 2889 2890
f 2790 2890 2791
f 2791 2890 2891
f 2791 2891 2792
f 2792 2891 2892
f 2792 2892 2793
f 2793 2892 2893
f 2793 2893 2794
f 2794 2893 2894
f 2794 2894 2795
f 2795 2894 2895
f 2795 2895 2796
f 2796 2895 2896
f 2796 2896 2797
f 2797 2896 2897
f 2797 2897 2798
f 2798 2897 2898
f 2798 2898 2799
f 2799 2898 2899
f 2799 2899 2800
f 2800 2899 2900
f 2800 2900 2801
f 2801 2900 2901
f 2801 2901 2702
f 2702 2901 2802
f 2802 2902 2803
f 2803 2902 2903
f 2803 2903 2804
f 2804 2903 2904
f 2804 2904 2805
f 2805 2904 2905
f 2805 2905 2806
f 2806 2905 2906
f 2806 2906 2807
f 2807 2906 2907
f 2807 2907 2808
f 2808 2907 2908
f 2808 2908 2809
f 2809 2908 2909
f 2809 2909 2810
f 2810 2909 2910
f 2810 2910 2811
f 2811 2910 2911
f 2811 2911 2812
f 2812 2911 2912
f 2812 2912 2813
f 2813 2912 2913
f 2813 2913 2814
f 2814 2913 2914
f 2814 2914 2815
f 2815 2914 2915
f 2815 2915 2816
f 2816 2915 2916
f 2816 2916 2817
f 2817 2916 2917
f 2817 2917 2818
f 2818 2917 2918
f 2818 2918 2819
f 2819 2918 2919
f 2819 2919 2820
f 2820 2919 2920
f 2820 2920 2821
f 2821 2920 2921
f 2821 2921 2822
f 2822 2921 2922
f 2822 2922 2823
f 2823 2922 2923
f 2823 2923 2824
f 2824 2923 2924
f 2824 2924 2825
f 2825 2924 2925
f 2825 2925 2826
f 2826 2925 2926
f 2826 2926 2827
f 2827 2926 2927
f 2827 2927 2828
f 2828 2927 2928
f 2828 2928 2829
f 2829 2928 2929
f 2829 2929 2830
f 2830 2929 2930
f 2830 2930 2831
f 2831 2930 2931
f 2831 2931 2832
f 2832 2931 2932
f 2832 2932 2833
f 2833 2932 2933
f 2833 2933 2834
f 2834 2933 2934
f 2834 2934 2835
f 2835 2934 2935
f 2835 2935 2836
f 2836 2935 2936
f 2836 2936 2837
f 2837 2936 2937
f 2837 2937 2838
f 2838 2937 2938
f 2838 2938 2839
f 2839 2938 2939
f 2839 2939 2840
f 2840 2939 2940
f 2840 2940 2841
f 2841 2940 2941
f 2841 2941 2842
f 2842 2941 2942
f 2842 2942 2843
f 2843 2942 2943
f 2843 2943 2844
f 2844 2943 2944
f 2844 2944 2845
f 2845 2944 2945
f 2845 2945 2846
f 2846 2945 2946
f 2846 2946 2847
f 2847 2946 2947
f 2847 2947 2848
f 2848 2947 2948
f 2848 2948 2849
f 2849 2948 2949
f 2849 2949 2850
f 2850 2949 2950
f 2850 2950 2851
f 2851 2950 2951
f 2851 2951 2852
f 2852 2951 2952
f 2852 2952 2853
f 2853 2952 2953
f 2853 2953 2854
f 2854 2953 2954
f 2854 2954 2855
f 2855 2954 2955
f 2855 2955 2856
f 2856 2955 2956
f 2856 2956 2857
f 2857 2956 2957
f 2857 2957 2858
f 2858 2957 2958
f 2858 2958 2859
f 2859 2958 2959
f 2859 2959 2860
f 2860 2959 2960
f 2860 2960 2861
f 2861 2960 2961
f 2861 2961 2862
f 2862 2961 2962
f 2862 2962 2863
f 2863 2962 2963
f 2863 2963 2864
f 2864 2963 2964
f 2864 2964 2865
f 2865 2964 2965
f 2865 2965 2866
f 2866 2965 2966
f 2866 2966 2867
f 2867 2966 2967
f 2867 2967 2868
f 2868 2967 2968
f 2868 2968 2869
f 2869 2968 2969
f 2869 2969 2870
f 2870 2969 2970
f 2870 2970 2871
f 2871 2970 2971
f 2871 2971 2872
f 2872 2971 2972
f 2872 2972 2873
f 2873 2972 2973
f 2873 2973 2874
f 2874 2973 2974
f 2874 2974 2875
f 2875 2974 2975
f 2875 2975 2876
f 2876 2975 2976
f 2876 2976 2877
f 2877 2976 2977
f 2877 2977 2878
f 2878 2977 2978
f 2878 2978 2879
f 2879 2978 2979
f 2879 2979 2880
f 2880 2979 2980
f 2880 2980 2881
f 2881 2980 2981
f 2881 2981 2882
f 2882 2981 2982
f 2882 2982 2883
f 2883 2982 2983
f 2883 2983 2884
f 2884 2983 2984
f 2884 2984 2885
f 2885 2984 2985
f 2885 2985 2886
f 2886 2985 2986
f 2886 2986 2887
f 2887 2986 2987
f 2887 2987 2888
f 2888 2987 2988
f 2888 2988 2889
f 2889 2988 2989
f 2889 2989 2890
f 2890 2989 2990
f 2890 2990 2891
f 2891 2990 2991
f 2891 2991 2892
f 2892 2991 2992
f 2892 2992 2893
f 2893 2992 2993
f 2893 2993 2894
f 2894 2993 2994
f 2894 2994 2895
f 2895 2994 2995
f 2895 2995 2896
f 2896 2995 2996
f 2896 2996 2897
f 2897 2996 2997
f 2897 2997 2898
f 2898 2997 2998
f 2898 2998 2899
f 2899 2998 2999
f 2899 2999 2900
f 2900 2999 3000
f 2900 3000 2901
f 2901 3000 3001
f 2901 3001 2802
f 2802 3001 2902
f 2902 3002 2903
f 2903 3002 3003
f 2903 3003 2904
f 2904 3003 3004
f 2904 3004 2905
f 2905 3004 3005
f 2905 3005 2906
f 2906 3005 3006
f 2906 3006 2907
f 2907 3006 3007
f 2907 3007 2908
f 2908 3007 3008
f 2908 3008 2909
f 2909 3008 3009
f 2909 3009 2910
f 2910 3009 3010
f 2910 3010 2911
f 2911 3010 3011
f 2911 3011 2912
f 2912 3011 3012
f 2912 3012 2913
f 2913 3012 3013
f 2913 3013 2914
f 2914 3013 3014
f 2914 3014 2915
f 2915 3014 3015
f 2915 3015 2916
f 2916 3015 3016
f 2916 3016 2917
f 2917 3016 3017
f 2917 3017 2918
f 2918 3017 3018
f 2918 3018 2919
f 2919 3018 3019
f 2919 3019 2920
f 2920 3019 3020
f 2920 3020 2921
f 2921 3020 3021
f 2921 3021 2922
f 2922 3021 3022
f 2922 3022 2923
f 2923 3022 3023
f 2923 3023 2924
f 2924 3023 3024
f 2924 3024 2925
f 2925 3024 3025
f 2925 3025 2926
f 2926 3025 3026
f 2926 3026 2927
f 2927 3026 3027
f 2927 3027 2928
f 2928 3027 3028
f 2928 3028 2929
f 2929 3028 3029
f 2929 3029 2930
f 2930 3029 3030
f 2930 3030 2931
f 2931 3030 3031
f 2931 3031 2932
f 2932 3031 3032
f 2932 3032 2933
f 2933 3032 3033
f 2933 3033 2934
f 2934 3033 3034
f 2934 3034 2935
f 2935 3034 3035
f 2935 3035 2936
f 2936 3035 3036
f 2936 3036 2937
f 2937 3036 3037
f 2937 3037 2938
f 2938 3037 3038
f 2938 3038 2939
f 2939 3038 3039
f 2939 3039 2940
f 2940 3039 3040
f 2940 3040 2941
f 2941 3040 3041
f 2941 3041 2942
f 2942 3041 3042
f 2942 3042 2943
f 2943 3042 3043
f 2943 3043 2944
f 2944 3043 3044
f 2944 3044 2945
f 2945 3044 3045
f 2945 3045 2946
f 2946 3045 3046
f 2946 3046 2947
f 2947 3046 3047
f 2947 3047 2948
f 2948 3047 3048
f 2948 3048 2949
f 2949 3048 3049
f 2949 3049 2950
f 2950 3049 3050
f 2950 3050 2951
f 2951 3050 3051
f 2951 3051 2952
f 2952 3051 3052
f 2952 3052 2953
f 2953 3052 3053
f 2953 3053 2954
f 2954 3053 3054
f 2954 3054 2955
f 2955 3054 3055
f 2955 3055 2956
f 2956 3055 3056
f 2956 3056 2957
f 2957 3056 3057
f 2957 3057 2958
f 2958 3057 3058
f 2958 3058 2959
f 2959 3058 3059
f 2959 3059 2960
f 2960 3059 3060
f 2960 3060 2961
f 2961 3060 3061
f 2961 3061 2962
f 2962 3061 3062
f 2962 3062 2963
f 2963 3062 3063
f 2963 3063 2964
f 2964 3063 3064
f 2964 3064 2965
f 2965 3064 3065
f 2965 3065 2966
f 2966 3065 3066
f 2966 3066 2967
f 2967 3066 3067
f 2967 3067 2968
f 2968 3067 3068
f 2968 3068 2969
f 2969 3068 3069
f 2969 3069 2970
f 2970 3069 3070
f 2970 3070 2971
f 2971 3070 3071
f 2971 3071 2972
f 2972 3071 3072
f 2972 3072 2973
f 2973 3072 3073
f 2973 3073 2974
f 2974 3073 3074
f 2974 3074 2975
f 2975 3074 3075
f 2975 3075 2976
f 2976 3075 3076
f 2976 3076 2977
f 2977 3076 3077
f 2977 3077 2978
f 2978 3077 3078
f 2978 3078 2979
f 2979 3078 3079
f 2979 3079 2980
f 2980 3079 3080
f 2980 3080 2981
f 2981 3080 3081
f 2981 3081 2982
f 2982 3081 3082
f 2982 3082 2983
f 2983 3082 3083
f 2983 3083 2984
f 2984 3083 3084
f 2984 3084 2985
f 2985 3084 3085
f 2985 3085 2986
f 2986 3085 3086
f 2986 3086 2987
f 2987 3086 3087
f 2987 3087 2988
f 2988 3087 3088
f 2988 3088 2989
f 2989 3088 3089
f 2989 3089 2990
f 2990 3089 3090
f 2990 3090 2991
f 2991 3090 3091
f 2991 3091 2992
f 2992 3091 3092
f 2992 3092 2993
f 2993 3092 3093
f 2993 3093 2994
f 2994 3093 3094
f 2994 3094 2995
f 2995 3094 3095
f 2995 3095 2996
f 2996 3095 3096
f 2996 3096 2997
f 2997 3096 3097
f 2997 3097 2998
f 2998 3097 3098
f 2998 3098 2999
f 2999 3098 3099
f 2999 3099 3000
f 3000 3099 3100
f 3000 3100 3001
f 3001 3100 3101
f 3001 3101 2902
f 2902 3101 3002
f 3002 3102 3003
f 3003 3102 3103
f 3003 3103 3004
f 3004 3103 3104
f 3004 3104 3005
f 3005 3104 3105
f 3005 3105 3006
f 3006 3105 3106
f 3006 3106 3007
f 3007 3106 3107
f 3007 3107 3008
f 3008 3107 3108
f 3008 3108 3009
f 3009 3108 3109
f 3009 3109 3010
f 3010 3109 3110
f 3010 3110 3011
f 3011 3110 3111
f 3011 3111 3012
f 3012 3111 3112
f 3012 3112 3013
f 3013 3112 3113
f 3013 3113 3014
f 3014 3113 3114
f 3014 3114 3015
f 3015 3114 3115
f 3015 3115 3016
f 3016 3115 3116
f 3016 3116 3017
f 3017 3116 3117
f 3017 3117 3018
f 3018 3117 3118
f 3018 3118 3019
f 3019 3118 3119
f 3019 3119 3020
f 3020 3119 3120
f 3020 3120 3021
f 3021 3120 3121
f 3021 3121 3022
f 3022 3121 3122
f 3022 3122 3023
f 3023 3122 3123
f 3023 3123 3024
f 3024 3123 3124
f 3024 3124 3025
f 3025 3124 3125
f 3025 3125 3026
f 3026 3125 3126
f 3026 3126 3027
f 3027 3126 3127
f 3027 3127 3028
f 3028 3127 3128
f 3028 3128 3029
f 3029 3128 3129
f 3029 3129 3030
f 3030 3129 3130
f 3030 3130 3031
f 3031 3130 3131
f 3031 3131 3032
f 3032 3131 3132
f 3032 3132 3033
f 3033 3132 3133
f 3033 3133 3034
f 3034 3133 3134
f 3034 3134 3035
f 3035 3134 3135
f 3035 3135 3036
f 3036 3135 3136
f 3036 3136 3037
f 3037 3136 3137
f 3037 3137 3038
f 3038 3137 3138
f 3038 3138 3039
f 3039 3138 3139
f 3039 3139 3040
f 3040 3139 3140
f 3040 3140 3041
f 3041 3140 3141
f 3041 3141 3042
f 3042 3141 3142
f 3042 3142 3043
f 3043 3142 3143
f 3043 3143 3044
f 3044 3143 3144
f 3044 3144 3045
f 3045 3144 3145
f 3045 3145 3046
f 3046 3145 3146
f 3046 3146 3047
f 3047 3146 3147
f 3047 3147 3048
f 3048 3147 3148
f 3048 3148 3049
f 3049 3148 3149
f 3049 3149 3050
f 3050 3149 3150
f 3050 3150 3051
f 3051 3150 3151
f 3051 3151 3052
f 3052 3151 3152
f 3052 3152 3053
f 3053 3152 3153
f 3053 3153 3054
f 3054 3153 3154
f 3054 3154 3055
f 3055 3154 3155
f 3055 3155 3056
f 3056 3155 3156
f 3056 3156 3057
f 3057 3156 3157
f 3057 3157 3058
f 3058 3157 3158
f 3058 3158 3059
f 3059 3158 3159
f 3059 3159 3060
f 3060 3159 3160
f 3060 3160 3061
f 3061 3160 3161
f 3061 3161 3062
f 3062 3161 3162
f 3062 3162 3063
f 3063 3162 3163
f 3063 3163 3064
f 3064 3163 3164
f 3064 3164 3065
f 3065 3164 3165
f 3065 3165 3066
f 3066 3165 3166
f 3066 3166 3067
f 3067 3166 3167
f 3067 3167 3068
f 3068 3167 3168
f 3068 3168 3069
f 3069 3168 3169
f 3069 3169 3070
f 3070 3169 3170
f 3070 3170 3071
f 3071 3170 3171
f 3071 3171 3072
f 3072 3171 3172
f 3072 3172 3073
f 3073 3172 3173
f 3073 3173 3074
f 3074 3173 3174
f 3074 3174 3075
f 3075 3174 3175
f 3075 3175 3076
f 3076 3175 3176
f 3076 3176 3077
f 3077 3176 3177
f 3077 3177 3078
f 3078 3177 3178
f 3078 3178 3079
f 3079 3178 3179
f 3079 3179 3080
f 3080 3179 3180
f 3080 3180 3081
f 3081 3180 3181
f 3081 3181 3082
f 3082 3181 3182
f 3082 3182 3083
f 3083 3182 3183
f 3083 3183 3084
f 3084 3183 3184
f 3084 3184 3085
f 3085 3184 3185
f 3085 3185 3086
f 3086 3185 3186
f 3086 3186 3087
f 3087 3186 3187
f 3087 3187 3088
f 3088 3187 3188
f 3088 3188 3089
f 3089 3188 3189
f 3089 3189 3090
f 3090 3189 3190
f 3090 3190 3091
f 3091 3190 3191
f 3091 3191 3092
f 3092 3191 3192
f 3092 3192 3093
f 3093 3192 3193
f 3093 3193 3094
f 3094 3193 3194
f 3094 3194 3095
f 3095 3194 3195
f 3095 3195 3096
f 3096 3195 3196
f 3096 3196 3097
f 3097 3196 3197
f 3097 3197 3098
f 3098 3197 3198
f 3098 3198 3099
f 3099 3198 3199
f 3099 3199 3100
f 3100 3199 3200
f 3100 3200 3101
f 3101 3200 3201
f 3101 3201 3002
f 3002 3201 3102
f 3102 3202 3103
f 3103 3202 3203
f 3103 3203 3104
f 3104 3203 3204
f 3104 3204 3105
f 3105 3204 3205
f 3105 3205 3106
f 3106 3205 3206
f 3106 3206 3107
f 3107 3206 3207
f 3107 3207 3108
f 3108 3207 3208
f 3108 3208 3109
f 3109 3208 3209
f 3109 3209 3110
f 3110 3209 3210
f 3110 3210 3111
f 3111 3210 3211
f 3111 3211 3112
f 3112 3211 3212
f 3112 3212 3113
f 3113 3212 3213
f 3113 3213 3114
f 3114 3213 3214
f 3114 3214 3115
f 3115 3214 3215
f 3115 3215 3116
f 3116 3215 3216
f 3116 3216 3117
f 3117 3216 3217
f 3117 3217 3118
f 3118 3217 3218
f 3118 3218 3119
f 3119 3218 3219
f 3119 3219 3120
f 3120 3219 3220
f 3120 3220 3121
f 3121 3220 3221
f 3121 3221 3122
f 3122 3221 3222
f 3122 3222 3123
f 3123 3222 3223
f 3123 3223 3124
f 3124 3223 3224
f 3124 3224 3125
f 3125 3224 3225
f 3125 3225 3126
f 3126 3225 3226
f 3126 3226 3127
f 3127 3226 3227
f 3127 3227 3128
f 3128 3227 3228
f 3128 3228 3129
f 3129 3228 3229
f 3129 3229 3130
f 3130 3229 3230
f 3130 3230 3131
f 3131 3230 3231
f 3131 3231 3132
f 3132 3231 3232
f 3132 3232 3133
f 3133 3232 3233
f 3133 3233 3134
f 3134 3233 3234
f 3134 3234 3135
f 3135 3234 3235
f 3135 3235 3136
f 3136 3235 3236
f 3136 3236 3137
f 3137 3236 3237
f 3137 3237 3138
f 3138 3237 3238
f 3138 3238 3139
f 3139 3238 3239
f 3139 3239 3140
f 3140 3239 3240
f 3140 3240 3141
f 3141 3240 3241
f 3141 3241 3142
f 3142 3241 3242
f 3142 3242 3143
f 3143 3242 3243
f 3143 3243 3144
f 3144 3243 3244
f 3144 3244 3145
f 3145 3244 3245
f 3145 3245 3146
f 3146 3245 3246
f 3146 3246 3147
f 3147 3246 3247
f 3147 3247 3148
f 3148 3247 3248
f 3148 3248 3149
f 3149 3248 3249
f 3149 3249 3150
f 3150 3249 3250
f 3150 3250 3151
f 3151 3250 3251
f 3151 3251 3152
f 3152 3251 3252
f 3152 3252 3153
f 3153 3252 3253
f 3153 3253 3154
f 3154 3253 3254
f 3154 3254 3155
f 3155 3254 3255
f 3155 3255 3156
f 3156 3255 3256
f 3156 3256 3157
f 3157 3256 3257
f 3157 3257 3158
f 3158 3257 3258
f 3158 3258 3159
f 3159 3258 3259
f 3159 3259 3160
f 3160 3259 3260
f 3160 3260 3161
f 3161 3260 3261
f 3161 3261 3162
f 3162 3261 3262
f 3162 3262 3163
f 3163 3262 3263
f 3163 3263 3164
f 3164 3263 3264
f 3164 3264 3165
f 3165 3264 3265
f 3165 3265 3166
f 3166 3265 3266
f 3166 3266 3167
f 3167 3266 3267
f 3167 3267 3168
f 3168 3267 3268
f 3168 3268 3169
f 3169 3268 3269
f 3169 3269 3170
f 3170 3269 3270
f 3170 3270 3171
f 3171 3270 3271
f 3171 3271 3172
f 3172 3271 3272
f 3172 3272 3173
f 3173 3272 3273
f 3173 3273 3174
f 3174 3273 3274
f 3174 3274 3175
f 3175 3274 3275
f 3175 3275 3176
f 3176 3275 3276
f 3176 3276 3177
f 3177 3276 3277
f 3177 3277 3178
f 3178 3277 3278
f 3178 3278 3179
f 3179 3278 3279
f 3179 3279 3180
f 3180 3279 3280
f 3180 3280 3181
f 3181 3280 3281
f 3181 3281 3182
f 3182 3281 3282
f 3182 3282 3183
f 3183 3282 3283
f 3183 3283 3184
f 3184 3283 3284
f 3184 3284 3185
f 3185 3284 3285
f 3185 3285 3186
f 3186 3285 3286
f 3186 3286 3187
f 3187 3286 3287
f 3187 3287 3188
f 3188 3287 3288
f 3188 3288 3189
f 3189 3288 3289
f 3189 3289 3190
f 3190 3289 3290
f 3190 3290 3191
f 3191 3290 3291
f 3191 3291 3192
f 3192 3291 3292
f 3192 3292 3193
f 3193 3292 3293
f 3193 3293 3194
f 3194 3293 3294
f 3194 3294 3195
f 3195 3294 3295
f 3195 3295 3196
f 3196 3295 3296
f 3196 3296 3197
f 3197 3296 3297
f 3197 3297 3198
f 3198 3297 3298
f 3198 3298 3199
f 3199 3298 3299
f 3199 3299 3200
f 3200 3299 3300
f 3200 3300 3201
f 3201 3300 3301
f 3201 3301 3102
f 3102 3301 3202
f 3202 3302 3203
f 3203 3302 3303
f 3203 3303 3204
f 3204 3303 3304
f 3204 3304 3205
f 3205 3304 3305
f 3205 3305 3206
f 3206 3305 3306
f 3206 3306 3207
f 3207 3306 3307
f 3207 3307 3208
f 3208 3307 3308
f 3208 3308 3209
f 3209 3308 3309
f 3209 3309 3210
f 3210 3309 3310
f 3210 3310 3211
f 3211 3310 3311
f 3211 3311 3212
f 3212 3311 3312
f 3212 3312 3213
f 3213 3312 3313
f 3213 3313 3214
f 3214 3313 3314
f 3214 3314 3215
f 3215 3314 3315
f 3215 3315 3216
f 3216 3315 3316
f 3216 3316 3217
f 3217 3316 3317
f 3217 3317 3218
f 3218 3317 3318
f 3218 3318 3219
f 3219 3318 3319
f 3219 3319 3220
f 3220 3319 3320
f 3220 3320 3221
f 3221 3320 3321
f 3221 3321 3222
f 3222 3321 3322
f 3222 3322 3223
f 3223 3322 3323
f 3223 3323 3224
f 3224 3323 3324
f 3224 3324 3225
f 3225 3324 3325
f 3225 3325 3226
f 3226 3325 3326
f 3226 3326 3227
f 3227 3326 3327
f 3227 3327 3228
f 3228 3327 3328
f 3228 3328 3229
f 3229 3328 3329
f 3229 3329 3230
f 3230 3329 3330
f 3230 3330 3231
f 3231 3330 3331
f 3231 3331 3232
f 3232 3331 3332
f 3232 3332 3233
f 3233 3332 3333
f 3233 3333 3234
f 3234 3333 3334
f 3234 3334 3235
f 3235 3334 3335
f 3235 3335 3236
f 3236 3335 3336
f 3236 3336 3237
f 3237 3336 3337
f 3237 3337 3238
f 3238 3337 3338
f 3238 3338 3239
f 3239 3338 3339
f 3239 3339 3240
f 3240 3339 3340
f 3240 3340 3241
f 3241 3340 3341
f 3241 3341 3242
f 3242 3341 3342
f 3242 3342 3243
f 3243 3342 3343
f 3243 3343 3244
f 3244 3343 3344
f 3244 3344 3245
f 3245 3344 3345
f 3245 3345 3246
f 3246 3345 3346
f 3246 3346 3247
f 3247 3346 3347
f 3247 3347 3248
f 3248 3347 3348
f 3248 3348 3249
f 3249 3348 3349
f 3249 3349 3250
f 3250 3349 3350
f 3250 3350 3251
f 3251 3350 3351
f 3251 3351 3252
f 3252 3351 3352
f 3252 3352 3253
f 3253 3352 3353
f 3253 3353 3254
f 3254 3353 3354
f 3254 3354 3255
f 3255 3354 3355
f 3255 3355 3256
f 3256 3355 3356
f 3256 3356 3257
f 3257 3356 3357
f 3257 3357 3258
f 3258 3357 3358
f 3258 3358 3259
f 3259 3358 3359
f 3259 3359 3260
f 3260 3359 3360
f 3260 3360 3261
f 3261 3360 3361
f 3261 3361 3262
f 3262 3361 3362
f 3262 3362 3263
f 3263 3362 3363
f 3263 3363 3264
f 3264 3363 3364
f 3264 3364 3265
f 3265 3364 3365
f 3265 3365 3266
f 3266 3365 3366
f 3266 3366 3267
f 3267 3366 3367
f 3267 3367 3268
f 3268 3367 3368
f 3268 3368 3269
f 3269 3368 3369
f 3269 3369 3270
f 3270 3369 3370
f 3270 3370 3271
f 3271 3370 3371
f 3271 3371 3272
f 3272 3371 3372
f 3272 3372 3273
f 3273 3372 3373
f 3273 3373 3274
f 3274 3373 3374
f 3274 3374 3275
f 3275 3374 3375
f 3275 3375 3276
f 3276 3375 3376
f 3276 3376 3277
f 3277 3376 3377
f 3277 3377 3278
f 3278 3377 3378
f 3278 3378 3279
f 3279 3378 3379
f 3279 3379 3280
f 3280 3379 3380
f 3280 3380 3281
f 3281 3380 3381
f 3281 3381 3282
f 3282 3381 3382
f 3282 3382 3283
f 3283 3382 3383
f 3283 3383 3284
f 3284 3383 3384
f 3284 3384 3285
f 3285 3384 3385
f 3285 3385 3286
f 3286 3385 3386
f 3286 3386 3287
f 3287 3386 3387
f 3287 3387 3288
f 3288 3387 3388
f 3288 3388 3289
f 3289 3388 3389
f 3289 3389 3290
f 3290 3389 3390
f 3290 3390 3291
f 3291 3390 3391
f 3291 3391 3292
f 3292 3391 3392
f 3292 3392 3293
f 3293 3392 3393
f 3293 3393 3294
f 3294 3393 3394
f 3294 3394 3295
f 3295 3394 3395
f 3295 3395 3296
f 3296 3395 3396
f 3296 3396 3297
f 3297 3396 3397
f 3297 3397 3298
f 3298 3397 3398
f 3298 3398 3299
f 3299 3398 3399
f 3299 3399 3300
f 3300 3399 3400
f 3300 3400 3301
f 3301 3400 3401
f 3301 3401 3202
f 3202 3401 3302
f 3302 3402 3303
f 3303 3402 3403
f 3303 3403 3304
f 3304 3403 3404
f 3304 3404 3305
f 3305 3404 3405
f 3305 3405 3306
f 3306 3405 3406
f 3306 3406 3307
f 3307 3406 3407
f 3307 3407 3308
f 3308 3407 3408
f 3308 3408 3309
f 3309 3408 3409
f 3309 3409 3310
f 3310 3409 3410
f 3310 3410 3311
f 3311 3410 3411
f 3311 3411 3312
f 3312 3411 3412
f 3312 3412 3313
f 3313 3412 3413
f 3313 3413 3314
f 3314 3413 3414
f 3314 3414 3315
f 3315 3414 3415
f 3315 3415 3316
f 3316 3415 3416
f 3316 3416 3317
f 3317 3416 3417
f 3317 3417 3318
f 3318 3417 3418
f 3318 3418 3319
f 3319 3418 3419
f 3319 3419 3320
f 3320 3419 3420
f 3320 3420 3321
f 3321 3420 3421
f 3321 3421 3322
f 3322 3421 3422
f 3322 3422 3323
f 3323 3422 3423
f 3323 3423 3324
f 3324 3423 3424
f 3324 3424 3325
f 3325 3424 3425
f 3325 3425 3326
f 3326 3425 3426
f 3326 3426 3327
f 3327 3426 3427
f 3327 3427 3328
f 3328 3427 3428
f 3328 3428 3329
f 3329 3428 3429
f 3329 3429 3330
f 3330 3429 3430
f 3330 3430 3331
f 3331 3430 3431
f 3331 3431 3332
f 3332 3431 3432
f 3332 3432 3333
f 3333 3432 3433
f 3333 3433 3334
f 3334 3433 3434
f 3334 3434 3335
f 3335 3434 3435
f 3335 3435 3336
f 3336 3435 3436
f 3336 3436 3337
f 3337 3436 3437
f 3337 3437 3338
f 3338 3437 3438
f 3338 3438 3339
f 3339 3438 3439
f 3339 3439 3340
f 3340 3439 3440
f 3340 3440 3341
f 3341 3440 3441
f 3341 3441 3342
f 3342 3441 3442
f 3342 3442 3343
f 3343 3442 3443
f 3343 3443 3344
f 3344 3443 3444
f 3344 3444 3345
f 3345 3444 3445
f 3345 3445 3346
f 3346 3445 3446
f 3346 3446 3347
f 3347 3446 3447
f 3347 3447 3348
f 3348 3447 3448
f 3348 3448 3349
f 3349 3448 3449
f 3349 3449 3350
f 3350 3449 3450
f 3350 3450 3351
f 3351 3450 3451
f 3351 3451 3352
f 3352 3451 3452
f 3352 3452 3353
f 3353 3452 3453
f 3353 3453 3354
f 3354 3453 3454
f 3354 3454 3355
f 3355 3454 3455
f 3355 3455 3356
f 3356 3455 3456
f 3356 3456 3357
f 3357 3456 3457
f 3357 3457 3358
f 3358 3457 3458
f 3358 3458 3359
f 3359 3458 3459
f 3359 3459 3360
f 3360 3459 3460
f 3360 3460 3361
f 3361 3460 3461
f 3361 3461 3362
f 3362 3461 3462
f 3362 3462 3363
f 3363 3462 3463
f 3363 3463 3364
f 3364 3463 3464
f 3364 3464 3365
f 3365 3464 3465
f 3365 3465 3366
f 3366 3465 3466
f 3366 3466 3367
f 3367 3466 3467
f 3367 3467 3368
f 3368 3467 3468
f 3368 3468 3369
f 3369 3468 3469
f 3369 3469 3370
f 3370 3469 3470
f 3370 3470 3371
f 3371 3470 3471
f 3371 3471 3372
f 3372 3471 3472
f 3372 3472 3373
f 3373 3472 3473
f 3373 3473 3374
f 3374 3473 3474
f 3374 3474 3375
f 3375 3474 3475
f 3375 3475 3376
f 3376 3475 3476
f 3376 3476 3377
f 3377 3476 3477
f 3377 3477 3378
f 3378 3477 3478
f 3378 3478 3379
f 3379 3478 3479
f 3379 3479 3380
f 3380 3479 3480
f 3380 3480 3381
f 3381 3480 3481
f 3381 3481 3382
f 3382 3481 3482
f 3382 3482 3383
f 3383 3482 3483
f 3383 3483 3384
f 3384 3483 3484
f 3384 3484 3385
f 3385 3484 3485
f 3385 3485 3386
f 3386 3485 3486
f 3386 3486 3387
f 3387 3486 3487
f 3387 3487 3388
f 3388 3487 3488
f 3388 3488 3389
f 3389 3488 3489
f 3389 3489 3390
f 3390 3489 3490
f 3390 3490 3391
f 3391 3490 3491
f 3391 3491 3392
f 3392 3491 3492
f 3392 3492 3393
f 3393 3492 3493
f 3393 3493 3394
f 3394 3493 3494
f 3394 3494 3395
f 3395 3494 3495
f 3395 3495 3396
f 3396 3495 3496
f 3396 3496 3397
f 3397 3496 3497
f 3397 3497 3398
f 3398 3497 3498
f 3398 3498 3399
f 3399 3498 3499
f 3399 3499 3400
f 3400 3499 3500
f 3400 3500 3401
f 3401 3500 3501
f 3401 3501 3302
f 3302 3501 3402
f 3402 3502 3403
f 3403 3502 3503
f 3403 3503 3404
f 3404 3503 3504
f 3404 3504 3405
f 3405 3504 3505
f 3405 3505 3406
f 3406 3505 3506
f 3406 3506 3407
f 3407 3506 3507
f 3407 3507 3408
f 3408 3507 3508
f 3408 3508 3409
f 3409 3508 3509
f 3409 3509 3410
f 3410 3509 3510
f 3410 3510 3411
f 3411 3510 3511
f 3411 3511 3412
f 3412 3511 3512
f 3412 3512 3413
f 3413 3512 3513
f 3413 3513 3414
f 3414 3513 3514
f 3414 3514 3415
f 3415 3514 3515
f 3415 3515 3416
f 3416 3515 3516
f 3416 3516 3417
f 3417 3516 3517
f 3417 3517 3418
f 3418 3517 3518
f 3418 3518 3419
f 3419 3518 3519
f 3419 3519 3420
f 3420 3519 3520
f 3420 3520 3421
f 3421 3520 3521
f 3421 3521 3422
f 3422 3521 3522
f 3422 3522 3423
f 3423 3522 3523
f 3423 3523 3424
f 3424 3523 3524
f 3424 3524 3425
f 3425 3524 3525
f 3425 3525 3426
f 3426 3525 3526
f 3426 3526 3427
f 3427 3526 3527
f 3427 3527 3428
f 3428 3527 3528
f 3428 3528 3429
f 3429 3528 3529
f 3429 3529 3430
f 3430 3529 3530
f 3430 3530 3431
f 3431 3530 3531
f 3431 3531 3432
f 3432 3531 3532
f 3432 3532 3433
f 3433 3532 3533
f 3433 3533 3434
f 3434 3533 3534
f 3434 3534 3435
f 3435 3534 3535
f 3435 3535 3436
f 3436 3535 3536
f 3436 3536 3437
f 3437 3536 3537
f 3437 3537 3438
f 3438 3537 3538
f 3438 3538 3439
f 3439 3538 3539
f 3439 3539 3440
f 3440 3539 3540
f 3440 3540 3441
f 3441 3540 3541
f 3441 3541 3442
f 3442 3541 3542
f 3442 3542 3443
f 3443 3542 3543
f 3443 3543 3444
f 3444 3543 3544
f 3444 3544 3445
f 3445 3544 3545
f 3445 3545 3446
f 3446 3545 3546
f 3446 3546 3447
f 3447 3546 3547
f 3447 3547 3448
f 3448 3547 3548
f 3448 3548 3449
f 3449 3548 3549
f 3449 3549 3450
f 3450 3549 3550
f 3450 3550 3451
f 3451 3550 3551
f 3451 3551 3452
f 3452 3551 3552
f 3452 3552 3453
f 3453 3552 3553
f 3453 3553 3454
f 3454 3553 3554
f 3454 3554 3455
f 3455 3554 3555
f 3455 3555 3456
f 3456 3555 3556
f 3456 3556 3457
f 3457 3556 3557
f 3457 3557 3458
f 3458 3557 3558
f 3458 3558 3459
f 3459 3558 3559
f 3459 3559 3460
f 3460 3559 3560
f 3460 3560 3461
f 3461 3560 3561
f 3461 3561 3462
f 3462 3561 3562
f 3462 3562 3463
f 3463 3562 3563
f 3463 3563 3464
f 3464 3563 3564
f 3464 3564 3465
f 3465 3564 3565
f 3465 3565 3466
f 3466 3565 3566
f 3466 3566 3467
f 3467 3566 3567
f 3467 3567 3468
f 3468 3567 3568
f 3468 3568 3469
f 3469 3568 3569
f 3469 3569 3470
f 3470 3569 3570
f 3470 3570 3471
f 3471 3570 3571
f 3471 3571 3472
f 3472 3571 3572
f 3472 3572 3473
f 3473 3572 3573
f 3473 3573 3474
f 3474 3573 3574
f 3474 3574 3475
f 3475 3574 3575
f 3475 3575 3476
f 3476 3575 3576
f 3476 3576 3477
f 3477 3576 3577
f 3477 3577 3478
f 3478 3577 3578
f 3478 3578 3479
f 3479 3578 3579
f 3479 3579 3480
f 3480 3579 3580
f 3480 3580 3481
f 3481 3580 3581
f 3481 3581 3482
f 3482 3581 3582
f 3482 3582 3483
f 3483 3582 3583
f 3483 3583 3484
f 3484 3583 3584
f 3484 3584 3485
f 3485 3584 3585
f 3485 3585 3486
f 3486 3585 3586
f 3486 3586 3487
f 3487 3586 3587
f 3487 3587 3488
f 3488 3587 3588
f 3488 3588 3489
f 3489 3588 3589
f 3489 3589 3490
f 3490 3589 3590
f 3490 3590 3491
f 3491 3590 3591
f 3491 3591 3492
f 3492 3591 3592
f 3492 3592 3493
f 3493 3592 3593
f 3493 3593 3494
f 3494 3593 3594
f 3494 3594 3495
f 3495 3594 3595
f 3495 3595 3496
f 3496 3595 3596
f 3496 3596 3497
f 3497 3596 3597
f 3497 3597 3498
f 3498 3597 3598
f 3498 3598 3499
f 3499 3598 3599
f 3499 3599 3500
f 3500 3599 3600
f 3500 3600 3501
f 3501 3600 3601
f 3501 3601 3402
f 3402 3601 3502
f 3502 3602 3503
f 3503 3602 3603
f 3503 3603 3504
f 3504 3603 3604
f 3504 3604 3505
f 3505 3604 3605
f 3505 3605 3506
f 3506 3605 3606
f 3506 3606 3507
f 3507 3606 3607
f 3507 3607 3508
f 3508 3607 3608
f 3508 3608 3509
f 3509 3608 3609
f 3509 3609 3510
f 3510 3609 3610
f 3510 3610 3511
f 3511 3610 3611
f 3511 3611 3512
f 3512 3611 3612
f 3512 3612 3513
f 3513 3612 3613
f 3513 3613 3514
f 3514 3613 3614
f 3514 3614 3515
f 3515 3614 3615
f 3515 3615 3516
f 3516 3615 3616
f 3516 3616 3517
f 3517 3616 3617
f 3517 3617 3518
f 3518 3617 3618
f 3518 3618 3519
f 3519 3618 3619
f 3519 3619 3520
f 3520 3619 3620
f 3520 3620 3521
f 3521 3620 3621
f 3521 3621 3522
f 3522 3621 3622
f 3522 3622 3523
f 3523 3622 3623
f 3523 3623 3524
f 3524 3623 3624
f 3524 3624 3525
f 3525 3624 3625
f 3525 3625 3526
f 3526 3625 3626
f 3526 3626 3527
f 3527 3626 3627
f 3527 3627 3528
f 3528 3627 3628
f 3528 3628 3529
f 3529 3628 3629
f 3529 3629 3530
f 3530 3629 3630
f 3530 3630 3531
f 3531 3630 3631
f 3531 3631 3532
f 3532 3631 3632
f 3532 3632 3533
f 3533 3632 3633
f 3533 3633 3534
f 3534 3633 3634
f 3534 3634 3535
f 3535 3634 3635
f 3535 3635 3536
f 3536 3635 3636
f 3536 3636 3537
f 3537 3636 3637
f 3537 3637 3538
f 3538 3637 3638
f 3538 3638 3539
f 3539 3638 3639
f 3539 3639 3540
f 3540 3639 3640
f 3540 3640 3541
f 3541 3640 3641
f 3541 3641 3542
f 3542 3641 3642
f 3542 3642 3543
f 3543 3642 3643
f 3543 3643 3544
f 3544 3643 3644
f 3544 3644 3545
f 3545 3644 3645
f 3545 3645 3546
f 3546 3645 3646
f 3546 3646 3547
f 3547 3646 3647
f 3547 3647 3548
f 3548 3647 3648
f 3548 3648 3549
f 3549 3648 3649
f 3549 3649 3550
f 3550 3649 3650
f 3550 3650 3551
f 3551 3650 3651
f 3551 3651 3552
f 3552 3651 3652
f 3552 3652 3553
f 3553 3652 3653
f 3553 3653 3554
f 3554 3653 3654
f 3554 3654 3555
f 3555 3654 3655
f 3555 3655 3556
f 3556 3655 3656
f 3556 3656 3557
f 3557 3656 3657
f 3557 3657 3558
f 3558 3657 3658
f 3558 3658 3559
f 3559 3658 3659
f 3559 3659 3560
f 3560 3659 3660
f 3560 3660 3561
f 3561 3660 3661
f 3561 3661 3562
f 3562 3661 3662
f 3562 3662 3563
f 3563 3662 3663
f 3563 3663 3564
f 3564 3663 3664
f 3564 3664 3565
f 3565 3664 3665
f 3565 3665 3566
f 3566 3665 3666
f 3566 3666 3567
f 3567 3666 3667
f 3567 3667 3568
f 3568 3667 3668
f 3568 3668 3569
f 3569 3668 3669
f 3569 3669 3570
f 3570 3669 3670
f 3570 3670 3571
f 3571 3670 3671
f 3571 3671 3572
f 3572 3671 3672
f 3572 3672 3573
f 3573 3672 3673
f 3573 3673 3574
f 3574 3673 3674
f 3574 3674 3575
f 3575 3674 3675
f 3575 3675 3576
f 3576 3675 3676
f 3576 3676 3577
f 3577 3676 3677
f 3577 3677 3578
f 3578 3677 3678
f 3578 3678 3579
f 3579 3678 3679
f 3579 3679 3580
f 3580 3679 3680
f 3580 3680 3581
f 3581 3680 3681
f 3581 3681 3582
f 3582 3681 3682
f 3582 3682 3583
f 3583 3682 3683
f 3583 3683 3584
f 3584 3683 3684
f 3584 3684 3585
f 3585 3684 3685
f 3585 3685 3586
f 3586 3685 3686
f 3586 3686 3587
f 3587 3686 3687
f 3587 3687 3588
f 3588 3687 3688
f 3588 3688 3589
f 3589 3688 3689
f 3589 3689 3590
f 3590 3689 3690
f 3590 3690 3591
f 3591 3690 3691
f 3591 3691 3592
f 3592 3691 3692
f 3592 3692 3593
f 3593 3692 3693
f 3593 3693 3594
f 3594 3693 3694
f 3594 3694 3595
f 3595 3694 3695
f 3595 3695 3596
f 3596 3695 3696
f 3596 3696 3597
f 3597 3696 3697
f 3597 3697 3598
f 3598 3697 3698
f 3598 3698 3599
f 3599 3698 3699
f 3599 3699 3600
f 3600 3699 3700
f 3600 3700 3601
f 3601 3700 3701
f 3601 3701 3502
f 3502 3701 3602
f 3602 3702 3603
f 3603 3702 3703
f 3603 3703 3604
f 3604 3703 3704
f 3604 3704 3605
f 3605 3704 3705
f 3605 3705 3606
f 3606 3705 3706
f 3606 3706 3607
f 3607 3706 3707
f 3607 3707 3608
f 3608 3707 3708
f 3608 3708 3609
f 3609 3708 3709
f 3609 3709 3610
f 3610 3709 3710
f 3610 3710 3611
f 3611 3710 3711
f 3611 3711 3612
f 3612 3711 3712
f 3612 3712 3613
f 3613 3712 3713
f 3613 3713 3614
f 3614 3713 3714
f 3614 3714 3615
f 3615 3714 3715
f 3615 3715 3616
f 3616 3715 3716
f 3616 3716 3617
f 3617 3716 3717
f 3617 3717 3618
f 3618 3717 3718
f 3618 3718 3619
f 3619 3718 3719
f 3619 3719 3620
f 3620 3719 3720
f 3620 3720 3621
f 3621 3720 3721
f 3621 3721 3622
f 3622 3721 3722
f 3622 3722 3623
f 3623 3722 3723
f 3623 3723 3624
f 3624 3723 3724
f 3624 3724 3625
f 3625 3724 3725
f 3625 3725 3626
f 3626 3725 3726
f 3626 3726 3627
f 3627 3726 3727
f 3627 3727 3628
f 3628 3727 3728
f 3628 3728 3629
f 3629 3728 3729
f 3629 3729 3630
f 3630 3729 3730
f 3630 3730 3631
f 3631 3730 3731
f 3631 3731 3632
f 3632 3731 3732
f 3632 3732 3633
f 3633 3732 3733
f 3633 3733 3634
f 3634 3733 3734
f 3634 3734 3635
f 3635 3734 3735
f 3635 3735 3636
f 3636 3735 3736
f 3636 3736 3637
f 3637 3736 3737
f 3637 3737 3638
f 3638 3737 3738
f 3638 3738 3639
f 3639 3738 3739
f 3639 3739 3640
f 3640 3739 3740
f 3640 3740 3641
f 3641 3740 3741
f 3641 3741 3642
f 3642 3741 3742
f 3642 3742 3643
f 3643 3742 3743
f 3643 3743 3644
f 3644 3743 3744
f 3644 3744 3645
f 3645 3744 3745
f 3645 3745 3646
f 3646 3745 3746
f 3646 3746 3647
f 3647 3746 3747
f 3647 3747 3648
f 3648 3747 3748
f 3648 3748 3649
f 3649 3748 3749
f 3649 3749 3650
f 3650 3749 3750
f 3650 3750 3651
f 3651 3750 3751
f 3651 3751 3652
f 3652 3751 3752
f 3652 3752 3653
f 3653 3752 3753
f 3653 3753 3654
f 3654 3753 3754
f 3654 3754 3655
f 3655 3754 3755
f 3655 3755 3656
f 3656 3755 3756
f 3656 3756 3657
f 3657 3756 3757
f 3657 3757 3658
f 3658 3757 3758
f 3658 3758 3659
f 3659 3758 3759
f 3659 3759 3660
f 3660 3759 3760
f 3660 3760 3661
f 3661 3760 3761
f 3661 3761 3662
f 3662 3761 3762
f 3662 3762 3663
f 3663 3762 3763
f 3663 3763 3664
f 3664 3763 3764
f 3664 3764 3665
f 3665 3764 3765
f 3665 3765 3666
f 3666 3765 3766
f 3666 3766 3667
f 3667 3766 3767
f 3667 3767 3668
f 3668 3767 3768
f 3668 3768 3669
f 3669 3768 3769
f 3669 3769 3670
f 3670 3769 3770
f 3670 3770 3671
f 3671 3770 3771
f 3671 3771 3672
f 3672 3771 3772
f 3672 3772 3673
f 3673 3772 3773
f 3673 3773 3674
f 3674 3773 3774
f 3674 3774 3675
f 3675 3774 3775
f 3675 3775 3676
f 3676 3775 3776
f 3676 3776 3677
f 3677 3776 3777
f 3677 3777 3678
f 3678 3777 3778
f 3678 3778 3679
f 3679 3778 3779
f 3679 3779 3680
f 3680 3779 3780
f 3680 3780 3681
f 3681 3780 3781
f 3681 3781 3682
f 3682 3781 3782
f 3682 3782 3683
f 3683 3782 3783
f 3683 3783 3684
f 3684 3783 3784
f 3684 3784 3685
f 3685 3784 3785
f 3685 3785 3686
f 3686 3785 3786
f 3686 3786 3687
f 3687 3786 3787
f 3687 3787 3688
f 3688 3787 3788
f 3688 3788 3689
f 3689 3788 3789
f 3689 3789 3690
f 3690 3789 3790
f 3690 3790 3691
f 3691 3790 3791
f 3691 3791 3692
f 3692 3791 3792
f 3692 3792 3693
f 3693 3792 3793
f 3693 3793 3694
f 3694 3793 3794
f 3694 3794 3695
f 3695 3794 3795
f 3695 3795 3696
f 3696 3795 3796
f 3696 3796 3697
f 3697 3796 3797
f 3697 3797 3698
f 3698 3797 3798
f 3698 3798 3699
f 3699 3798 3799
f 3699 3799 3700
f 3700 3799 3800
f 3700 3800 3701
f 3701 3800 3801
f 3701 3801 3602
f 3602 3801 3702
f 3702 3802 3703
f 3703 3802 3803
f 3703 3803 3704
f 3704 3803 3804
f 3704 3804 3705
f 3705 3804 3805
f 3705 3805 3706
f 3706 3805 3806
f 3706 3806 3707
f 3707 3806 3807
f 3707 3807 3708
f 3708 3807 3808
f 3708 3808 3709
f 3709 3808 3809
f 3709 3809 3710
f 3710 3809 3810
f 3710 3810 3711
f 3711 3810 3811
f 3711 3811 3712
f 3712 3811 3812
f 3712 3812 3713
f 3713 3812 3813
f 3713 3813 3714
f 3714 3813 3814
f 3714 3814 3715
f 3715 3814 3815
f 3715 3815 3716
f 3716 3815 3816
f 3716 3816 3717
f 3717 3816 3817
f 3717 3817 3718
f 3718 3817 3818
f 3718 3818 3719
f 3719 3818 3819
f 3719 3819 3720
f 3720 3819 3820
f 3720 3820 3721
f 3721 3820 3821
f 3721 3821 3722
f 3722 3821 3822
f 3722 3822 3723
f 3723 3822 3823
f 3723 3823 3724
f 3724 3823 3824
f 3724 3824 3725
f 3725 3824 3825
f 3725 3825 3726
f 3726 3825 3826
f 3726 3826 3727
f 3727 3826 3827
f 3727 3827 3728
f 3728 3827 3828
f 3728 3828 3729
f 3729 3828 3829
f 3729 3829 3730
f 3730 3829 3830
f 3730 3830 3731
f 3731 3830 3831
f 3731 3831 3732
f 3732 3831 3832
f 3732 3832 3733
f 3733 3832 3833
f 3733 3833 3734
f 3734 3833 3834
f 3734 3834 3735
f 3735 3834 3835
f 3735 3835 3736
f 3736 3835 3836
f 3736 3836 3737
f 3737 3836 3837
f 3737 3837 3738
f 3738 3837 3838
f 3738 3838 3739
f 3739 3838 3839
f 3739 3839 3740
f 3740 3839 3840
f 3740 3840 3741
f 3741 3840 3841
f 3741 3841 3742
f 3742 3841 3842
f 3742 3842 3743
f 3743 3842 3843
f 3743 3843 3744
f 3744 3843 3844
f 3744 3844 3745
f 3745 3844 3845
f 3745 3845 3746
f 3746 3845 3846
f 3746 3846 3747
f 3747 3846 3847
f 3747 3847 3748
f 3748 3847 3848
f 3748 3848 3749
f 3749 3848 3849
f 3749 3849 3750
f 3750 3849 3850
f 3750 3850 3751
f 3751 3850 3851
f 3751 3851 3752
f 3752 3851 3852
f 3752 3852 3753
f 3753 3852 3853
f 3753 3853 3754
f 3754 3853 3854
f 3754 3854 3755
f 3755 3854 3855
f 3755 3855 3756
f 3756 3855 3856
f 3756 3856 3757
f 3757 3856 3857
f 3757 3857 3758
f 3758 3857 3858
f 3758 3858 3759
f 3759 3858 3859
f 3759 3859 3760
f 3760 3859 3860
f 3760 3860 3761
f 3761 3860 3861
f 3761 3861 3762
f 3762 3861 3862
f 3762 3862 3763
f 3763 3862 3863
f 3763 3863 3764
f 3764 3863 3864
f 3764 3864 3765
f 3765 3864 3865
f 3765 3865 3766
f 3766 3865 3866
f 3766 3866 3767
f 3767 3866 3867
f 3767 3867 3768
f 3768 3867 3868
f 3768 3868 3769
f 3769 3868 3869
f 3769 3869 3770
f 3770 3869 3870
f 3770 3870 3771
f 3771 3870 3871
f 3771 3871 3772
f 3772 3871 3872
f 3772 3872 3773
f 3773 3872 3873
f 3773 3873 3774
f 3774 3873 3874
f 3774 3874 3775
f 3775 3874 3875
f 3775 3875 3776
f 3776 3875 3876
f 3776 3876 3777
f 3777 3876 3877
f 3777 3877 3778
f 3778 3877 3878
f 3778 3878 3779
f 3779 3878 3879
f 3779 3879 3780
f 3780 3879 3880
f 3780 3880 3781
f 3781 3880 3881
f 3781 3881 3782
f 3782 3881 3882
f 3782 3882 3783
f 3783 3882 3883
f 3783 3883 3784
f 3784 3883 3884
f 3784 3884 3785
f 3785 3884 3885
f 3785 3885 3786
f 3786 3885 3886
f 3786 3886 3787
f 3787 3886 3887
f 3787 3887 3788
f 3788 3887 3888
f 3788 3888 3789
f 3789 3888 3889
f 3789 3889 3790
f 3790 3889 3890
f 3790 3890 3791
f 3791 3890 3891
f 3791 3891 3792
f 3792 3891 3892
f 3792 3892 3793
f 3793 3892 3893
f 3793 3893 3794
f 3794 3893 3894
f 3794 3894 3795
f 3795 3894 3895
f 3795 3895 3796
f 3796 3895 3896
f 3796 3896 3797
f 3797 3896 3897
f 3797 3897 3798
f 3798 3897 3898
f 3798 3898 3799
f 3799 3898 3899
f 3799 3899 3800
f 3800 3899 3900
f 3800 3900 3801
f 3801 3900 3901
f 3801 3901 3702
f 3702 3901 3802
f 3802 3902 3803
f 3803 3902 3903
f 3803 3903 3804
f 3804 3903 3904
f 3804 3904 3805
f 3805 3904 3905
f 3805 3905 3806
f 3806 3905 3906
f 3806 3906 3807
f 3807 3906 3907
f 3807 3907 3808
f 3808 3907 3908
f 3808 3908 3809
f 3809 3908 3909
f 3809 3909 3810
f 3810 3909 3910
f 3810 3910 3811
f 3811 3910 3911
f 3811 3911 3812
f 3812 3911 3912
f 3812 3912 3813
f 3813 3912 3913
f 3813 3913 3814
f 3814 3913 3914
f 3814 3914 3815
f 3815 3914 3915
f 3815 3915 3816
f 3816 3915 3916
f 3816 3916 3817
f 3817 3916 3917
f 3817 3917 3818
f 3818 3917 3918
f 3818 3918 3819
f 3819 3918 3919
f 3819 3919 3820
f 3820 3919 3920
f 3820 3920 3821
f 3821 3920 3921
f 3821 3921 3822
f 3822 3921 3922
f 3822 3922 3823
f 3823 3922 3923
f 3823 3923 3824
f 3824 3923 3924
f 3824 3924 3825
f 3825 3924 3925
f 3825 3925 3826
f 3826 3925 3926
f 3826 3926 3827
f 3827 3926 3927
f 3827 3927 3828
f 3828 3927 3928
f 3828 3928 3829
f 3829 3928 3929
f 3829 3929 3830
f 3830 3929 3930
f 3830 3930 3831
f 3831 3930 3931
f 3831 3931 3832
f 3832 3931 3932
f 3832 3932 3833
f 3833 3932 3933
f 3833 3933 3834
f 3834 3933 3934
f 3834 3934 3835
f 3835 3934 3935
f 3835 3935 3836
f 3836 3935 3936
f 3836 3936 3837
f 3837 3936 3937
f 3837 3937 3838
f 3838 3937 3938
f 3838 3938 3839
f 3839 3938 3939
f 3839 3939 3840
f 3840 3939 3940
f 3840 3940 3841
f 3841 3940 3941
f 3841 3941 3842
f 3842 3941 3942
f 3842 3942 3843
f 3843 3942 3943
f 3843 3943 3844
f 3844 3943 3944
f 3844 3944 3845
f 3845 3944 3945
f 3845 3945 3846
f 3846 3945 3946
f 3846 3946 3847
f 3847 3946 3947
f 3847 3947 3848
f 3848 3947 3948
f 3848 3948 3849
f 3849 3948 3949
f 3849 3949 3850
f 3850 3949 3950
f 3850 3950 3851
f 3851 3950 3951
f 3851 3951 3852
f 3852 3951 3952
f 3852 3952 3853
f 3853 3952 3953
f 3853 3953 3854
f 3854 3953 3954
f 3854 3954 3855
f 3855 3954 3955
f 3855 3955 3856
f 3856 3955 3956
f 3856 3956 3857
f 3857 3956 3957
f 3857 3957 3858
f 3858 3957 3958
f 3858 3958 3859
f 3859 3958 3959
f 3859 3959 3860
f 3860 3959 3960
f 3860 3960 3861
f 3861 3960 3961
f 3861 3961 3862
f 3862 3961 3962
f 3862 3962 3863
f 3863 3962 3963
f 3863 3963 3864
f 3864 3963 3964
f 3864 3964 3865
f 3865 3964 3965
f 3865 3965 3866
f 3866 3965 3966
f 3866 3966 3867
f 3867 3966 3967
f 3867 3967 3868
f 3868 3967 3968
f 3868 3968 3869
f 3869 3968 3969
f 3869 3969 3870
f 3870 3969 3970
f 3870 3970 3871
f 3871 3970 3971
f 3871 3971 3872
f 3872 3971 3972
f 3872 3972 3873
f 3873 3972 3973
f 3873 3973 3874
f 3874 3973 3974
f 3874 3974 3875
f 3875 3974 3975
f 3875 3975 3876
f 3876 3975 3976
f 3876 3976 3877
f 3877 3976 3977
f 3877 3977 3878
f 3878 3977 3978
f 3878 3978 3879
f 3879 3978 3979
f 3879 3979 3880
f 3880 3979 3980
f 3880 3980 3881
f 3881 3980 3981
f 3881 3981 3882
f 3882 3981 3982
f 3882 3982 3883
f 3883 3982 3983
f 3883 3983 3884
f 3884 3983 3984
f 3884 3984 3885
f 3885 3984 3985
f 3885 3985 3886
f 3886 3985 3986
f 3886 3986 3887
f 3887 3986 3987
f 3887 3987 3888
f 3888 3987 3988
f 3888 3988 3889
f 3889 3988 3989
f 3889 3989 3890
f 3890 3989 3990
f 3890 3990 3891
f 3891 3990 3991
f 3891 3991 3892
f 3892 3991 3992
f 3892 3992 3893
f 3893 3992 3993
f 3893 3993 3894
f 3894 3993 3994
f 3894 3994 3895
f 3895 3994 3995
f 3895 3995 3896
f 3896 3995 3996
f 3896 3996 3897
f 3897 3996 3997
f 3897 3997 3898
f 3898 3997 3998
f 3898 3998 3899
f 3899 3998 3999
f 3899 3999 3900
f 3900 3999 4000
f 3900 4000 3901
f 3901 4000 4001
f 3901 4001 3802
f 3802 4001 3902
f 3902 4002 3903
f 3903 4002 4003
f 3903 4003 3904
f 3904 4003 4004
f 3904 4004 3905
f 3905 4004 4005
f 3905 4005 3906
f 3906 4005 4006
f 3906 4006 3907
f 3907 4006 4007
f 3907 4007 3908
f 3908 4007 4008
f 3908 4008 3909
f 3909 4008 4009
f 3909 4009 3910
f 3910 4009 4010
f 3910 4010 3911
f 3911 4010 4011
f 3911 4011 3912
f 3912 4011 4012
f 3912 4012 3913
f 3913 4012 4013
f 3913 4013 3914
f 3914 4013 4014
f 3914 4014 3915
f 3915 4014 4015
f 3915 4015 3916
f 3916 4015 4016
f 3916 4016 3917
f 3917 4016 4017
f 3917 4017 3918
f 3918 4017 4018
f 3918 4018 3919
f 3919 4018 4019
f 3919 4019 3920
f 3920 4019 4020
f 3920 4020 3921
f 3921 4020 4021
f 3921 4021 3922
f 3922 4021 4022
f 3922 4022 3923
f 3923 4022 4023
f 3923 4023 3924
f 3924 4023 4024
f 3924 4024 3925
f 3925 4024 4025
f 3925 4025 3926
f 3926 4025 4026
f 3926 4026 3927
f 3927 4026 4027
f 3927 4027 3928
f 3928 4027 4028
f 3928 4028 3929
f 3929 4028 4029
f 3929 4029 3930
f 3930 4029 4030
f 3930 4030 3931
f 3931 4030 4031
f 3931 4031 3932
f 3932 4031 4032
f 3932 4032 3933
f 3933 4032 4033
f 3933 4033 3934
f 3934 4033 4034
f 3934 4034 3935
f 3935 4034 4035
f 3935 4035 3936
f 3936 4035 4036
f 3936 4036 3937
f 3937 4036 4037
f 3937 4037 3938
f 3938 4037 4038
f 3938 4038 3939
f 3939 4038 4039
f 3939 4039 3940
f 3940 4039 4040
f 3940 4040 3941
f 3941 4040 4041
f 3941 4041 3942
f 3942 4041 4042
f 3942 4042 3943
f 3943 4042 4043
f 3943 4043 3944
f 3944 4043 4044
f 3944 4044 3945
f 3945 4044 4045
f 3945 4045 3946
f 3946 4045 4046
f 3946 4046 3947
f 3947 4046 4047
f 3947 4047 3948
f 3948 4047 4048
f 3948 4048 3949
f 3949 4048 4049
f 3949 4049 3950
f 3950 4049 4050
f 3950 4050 3951
f 3951 4050 4051
f 3951 4051 3952
f 3952 4051 4052
f 3952 4052 3953
f 3953 4052 4053
f 3953 4053 3954
f 3954 4053 4054
f 3954 4054 3955
f 3955 4054 4055
f 3955 4055 3956
f 3956 4055 4056
f 3956 4056 3957
f 3957 4056 4057
f 3957 4057 3958
f 3958 4057 4058
f 3958 4058 3959
f 3959 4058 4059
f 3959 4059 3960
f 3960 4059 4060
f 3960 4060 3961
f 3961 4060 4061
f 3961 4061 3962
f 3962 4061 4062
f 3962 4062 3963
f 3963 4062 4063
f 3963 4063 3964
f 3964 4063 4064
f 3964 4064 3965
f 3965 4064 4065
f 3965 4065 3966
f 3966 4065 4066
f 3966 4066 3967
f 3967 4066 4067
f 3967 4067 3968
f 3968 4067 4068
f 3968 4068 3969
f 3969 4068 4069
f 3969 4069 3970
f 3970 4069 4070
f 3970 4070 3971
f 3971 4070 4071
f 3971 4071 3972
f 3972 4071 4072
f 3972 4072 3973
f 3973 4072 4073
f 3973 4073 3974
f 3974 4073 4074
f 3974 4074 3975
f 3975 4074 4075
f 3975 4075 3976
f 3976 4075 4076
f 3976 4076 3977
f 3977 4076 4077
f 3977 4077 3978
f 3978 4077 4078
f 3978 4078 3979
f 3979 4078 4079
f 3979 4079 3980
f 3980 4079 4080
f 3980 4080 3981
f 3981 4080 4081
f 3981 4081 3982
f 3982 4081 4082
f 3982 4082 3983
f 3983 4082 4083
f 3983 4083 3984
f 3984 4083 4084
f 3984 4084 3985
f 3985 4084 4085
f 3985 4085 3986
f 3986 4085 4086
f 3986 4086 3987
f 3987 4086 4087
f 3987 4087 3988
f 3988 4087 4088
f 3988 4088 3989
f 3989 4088 4089
f 3989 4089 3990
f 3990 4089 4090
f 3990 4090 3991
f 3991 4090 4091
f 3991 4091 3992
f 3992 4091 4092
f 3992 4092 3993
f 3993 4092 4093
f 3993 4093 3994
f 3994 4093 4094
f 3994 4094 3995
f 3995 4094 4095
f 3995 4095 3996
f 3996 4095 4096
f 3996 4096 3997
f 3997 4096 4097
f 3997 4097 3998
f 3998 4097 4098
f 3998 4098 3999
f 3999 4098 4099
f 3999 4099 4000
f 4000 4099 4100
f 4000 4100 4001
f 4001 4100 4101
f 4001 4101 3902
f 3902 4101 4002
f 4002 4102 4003
f 4003 4102 4103
f 4003 4103 4004
f 4004 4103 4104
f 4004 4104 4005
f 4005 4104 4105
f 4005 4105 4006
f 4006 4105 4106
f 4006 4106 4007
f 4007 4106 4107
f 4007 4107 4008
f 4008 4107 4108
f 4008 4108 4009
f 4009 4108 4109
f 4009 4109 4010
f 4010 4109 4110
f 4010 4110 4011
f 4011 4110 4111
f 4011 4111 4012
f 4012 4111 4112
f 4012 4112 4013
f 4013 4112 4113
f 4013 4113 4014
f 4014 4113 4114
f 4014 4114 4015
f 4015 4114 4115
f 4015 4115 4016
f 4016 4115 4116
f 4016 4116 4017
f 4017 4116 4117
f 4017 4117 4018
f 4018 4117 4118
f 4018 4118 4019
f 4019 4118 4119
f 4019 4119 4020
f 4020 4119 4120
f 4020 4120 4021
f 4021 4120 4121
f 4021 4121 4022
f 4022 4121 4122
f 4022 4122 4023
f 4023 4122 4123
f 4023 4123 4024
f 4024 4123 4124
f 4024 4124 4025
f 4025 4124 4125
f 4025 4125 4026
f 4026 4125 4126
f 4026 4126 4027
f 4027 4126 4127
f 4027 4127 4028
f 4028 4127 4128
f 4028 4128 4029
f 4029 4128 4129
f 4029 4129 4030
f 4030 4129 4130
f 4030 4130 4031
f 4031 4130 4131
f 4031 4131 4032
f 4032 4131 4132
f 4032 4132 4033
f 4033 4132 4133
f 4033 4133 4034
f 4034 4133 4134
f 4034 4134 4035
f 4035 4134 4135
f 4035 4135 4036
f 4036 4135 4136
f 4036 4136 4037
f 4037 4136 4137
f 4037 4137 4038
f 4038 4137 4138
f 4038 4138 4039
f 4039 4138 4139
f 4039 4139 4040
f 4040 4139 4140
f 4040 4140 4041
f 4041 4140 4141
f 4041 4141 4042
f 4042 4141 4142
f 4042 4142 4043
f 4043 4142 4143
f 4043 4143 4044
f 4044 4143 4144
f 4044 4144 4045
f 4045 4144 4145
f 4045 4145 4046
f 4046 4145 4146
f 4046 4146 4047
f 4047 4146 4147
f 4047 4147 4048
f 4048 4147 4148
f 4048 4148 4049
f 4049 4148 4149
f 4049 4149 4050
f 4050 4149 4150
f 4050 4150 4051
f 4051 4150 4151
f 4051 4151 4052
f 4052 4151 4152
f 4052 4152 4053
f 4053 4152 4153
f 4053 4153 4054
f 4054 4153 4154
f 4054 4154 4055
f 4055 4154 4155
f 4055 4155 4056
f 4056 4155 4156
f 4056 4156 4057
f 4057 4156 4157
f 4057 4157 4058
f 4058 4157 4158
f 4058 4158 4059
f 4059 4158 4159
f 4059 4159 4060
f 4060 4159 4160
f 4060 4160 4061
f 4061 4160 4161
f 4061 4161 4062
f 4062 4161 4162
f 4062 4162 4063
f 4063 4162 4163
f 4063 4163 4064
f 4064 4163 4164
f 4064 4164 4065
f 4065 4164 4165
f 4065 4165 4066
f 4066 4165 4166
f 4066 4166 4067
f 4067 4166 4167
f 4067 4167 4068
f 4068 4167 4168
f 4068 4168 4069
f 4069 4168 4169
f 4069 4169 4070
f 4070 4169 4170
f 4070 4170 4071
f 4071 4170 4171
f 4071 4171 4072
f 4072 4171 4172
f 4072 4172 4073
f 4073 4172 4173
f 4073 4173 4074
f 4074 4173 4174
f 4074 4174 4075
f 4075 4174 4175
f 4075 4175 4076
f 4076 4175 4176
f 4076 4176 4077
f 4077 4176 4177
f 4077 4177 4078
f 4078 4177 4178
f 4078 4178 4079
f 4079 4178 4179
f 4079 4179 4080
f 4080 4179 4180
f 4080 4180 4081
f 4081 4180 4181
f 4081 4181 4082
f 4082 4181 4182
f 4082 4182 4083
f 4083 4182 4183
f 4083 4183 4084
f 4084 4183 4184
f 4084 4184 4085
f 4085 4184 4185
f 4085 4185 4086
f 4086 4185 4186
f 4086 4186 4087
f 4087 4186 4187
f 4087 4187 4088
f 4088 4187 4188
f 4088 4188 4089
f 4089 4188 4189
f 4089 4189 4090
f 4090 4189 4190
f 4090 4190 4091
f 4091 4190 4191
f 4091 4191 4092
f 4092 4191 4192
f 4092 4192 4093
f 4093 4192 4193
f 4093 4193 4094
f 4094 4193 4194
f 4094 4194 4095
f 4095 4194 4195
f 4095 4195 4096
f 4096 4195 4196
f 4096 4196 4097
f 4097 4196 4197
f 4097 4197 4098
f 4098 4197 4198
f 4098 4198 4099
f 4099 4198 4199
f 4099 4199 4100
f 4100 4199 4200
f 4100 4200 4101
f 4101 4200 4201
f 4101 4201 4002
f 4002 4201 4102
f 4102 4202 4103
f 4103 4202 4203
f 4103 4203 4104
f 4104 4203 4204
f 4104 4204 4105
f 4105 4204 4205
f 4105 4205 4106
f 4106 4205 4206
f 4106 4206 4107
f 4107 4206 4207
f 4107 4207 4108
f 4108 4207 4208
f 4108 4208 4109
f 4109 4208 4209
f 4109 4209 4110
f 4110 4209 4210
f 4110 4210 4111
f 4111 4210 4211
f 4111 4211 4112
f 4112 4211 4212
f 4112 4212 4113
f 4113 4212 4213
f 4113 4213 4114
f 4114 4213 4214
f 4114 4214 4115
f 4115 4214 4215
f 4115 4215 4116
f 4116 4215 4216
f 4116 4216 4117
f 4117 4216 4217
f 4117 4217 4118
f 4118 4217 4218
f 4118 4218 4119
f 4119 4218 4219
f 4119 4219 4120
f 4120 4219 4220
f 4120 4220 4121
f 4121 4220 4221
f 4121 4221 4122
f 4122 4221 4222
f 4122 4222 4123
f 4123 4222 4223
f 4123 4223 4124
f 4124 4223 4224
f 4124 4224 4125
f 4125 4224 4225
f 4125 4225 4126
f 4126 4225 4226
f 4126 4226 4127
f 4127 4226 4227
f 4127 4227 4128
f 4128 4227 4228
f 4128 4228 4129
f 4129 4228 4229
f 4129 4229 4130
f 4130 4229 4230
f 4130 4230 4131
f 4131 4230 4231
f 4131 4231 4132
f 4132 4231 4232
f 4132 4232 4133
f 4133 4232 4233
f 4133 4233 4134
f 4134 4233 4234
f 4134 4234 4135
f 4135 4234 4235
f 4135 4235 4136
f 4136 4235 4236
f 4136 4236 4137
f 4137 4236 4237
f 4137 4237 4138
f 4138 4237 4238
f 4138 4238 4139
f 4139 4238 4239
f 4139 4239 4140
f 4140 4239 4240
f 4140 4240 4141
f 4141 4240 4241
f 4141 4241 4142
f 4142 4241 4242
f 4142 4242 4143
f 4143 4242 4243
f 4143 4243 4144
f 4144 4243 4244
f 4144 4244 4145
f 4145 4244 4245
f 4145 4245 4146
f 4146 4245 4246
f 4146 4246 4147
f 4147 4246 4247
f 4147 4247 4148
f 4148 4247 4248
f 4148 4248 4149
f 4149 4248 4249
f 4149 4249 4150
f 4150 4249 4250
f 4150 4250 4151
f 4151 4250 4251
f 4151 4251 4152
f 4152 4251 4252
f 4152 4252 4153
f 4153 4252 4253
f 4153 4253 4154
f 4154 4253 4254
f 4154 4254 4155
f 4155 4254 4255
f 4155 4255 4156
f 4156 4255 4256
f 4156 4256 4157
f 4157 4256 4257
f 4157 4257 4158
f 4158 4257 4258
f 4158 4258 4159
f 4159 4258 4259
f 4159 4259 4160
f 4160 4259 4260
f 4160 4260 4161
f 4161 4260 4261
f 4161 4261 4162
f 4162 4261 4262
f 4162 4262 4163
f 4163 4262 4263
f 4163 4263 4164
f 4164 4263 4264
f 4164 4264 4165
f 4165 4264 4265
f 4165 4265 4166
f 4166 4265 4266
f 4166 4266 4167
f 4167 4266 4267
f 4167 4267 4168
f 4168 4267 4268
f 4168 4268 4169
f 4169 4268 4269
f 4169 4269 4170
f 4170 4269 4270
f 4170 4270 4171
f 4171 4270 4271
f 4171 4271 4172
f 4172 4271 4272
f 4172 4272 4173
f 4173 4272 4273
f 4173 4273 4174
f 4174 4273 4274
f 4174 4274 4175
f 4175 4274 4275
f 4175 4275 4176
f 4176 4275 4276
f 4176 4276 4177
f 4177 4276 4277
f 4177 4277 4178
f 4178 4277 4278
f 4178 4278 4179
f 4179 4278 4279
f 4179 4279 4180
f 4180 4279 4280
f 4180 4280 4181
f 4181 4280 4281
f 4181 4281 4182
f 4182 4281 4282
f 4182 4282 4183
f 4183 4282 4283
f 4183 4283 4184
f 4184 4283 4284
f 4184 4284 4185
f 4185 4284 4285
f 4185 4285 4186
f 4186 4285 4286
f 4186 4286 4187
f 4187 4286 4287
f 4187 4287 4188
f 4188 4287 4288
f 4188 4288 4189
f 4189 4288 4289
f 4189 4289 4190
f 4190 4289 4290
f 4190 4290 4191
f 4191 4290 4291
f 4191 4291 4192
f 4192 4291 4292
f 4192 4292 4193
f 4193 4292 4293
f 4193 4293 4194
f 4194 4293 4294
f 4194 4294 4195
f 4195 4294 4295
f 4195 4295 4196
f 4196 4295 4296
f 4196 4296 4197
f 4197 4296 4297
f 4197 4297 4198
f 4198 4297 4298
f 4198 4298 4199
f 4199 4298 4299
f 4199 4299 4200
f 4200 4299 4300
f 4200 4300 4201
f 4201 4300 4301
f 4201 4301 4102
f 4102 4301 4202
f 4202 4302 4203
f 4203 4302 4303
f 4203 4303 4204
f 4204 4303 4304
f 4204 4304 4205
f 4205 4304 4305
f 4205 4305 4206
f 4206 4305 4306
f 4206 4306 4207
f 4207 4306 4307
f 4207 4307 4208
f 4208 4307 4308
f 4208 4308 4209
f 4209 4308 4309
f 4209 4309 4210
f 4210 4309 4310
f 4210 4310 4211
f 4211 4310 4311
f 4211 4311 4212
f 4212 4311 4312
f 4212 4312 4213
f 4213 4312 4313
f 4213 4313 4214
f 4214 4313 4314
f 4214 4314 4215
f 4215 4314 4315
f 4215 4315 4216
f 4216 4315 4316
f 4216 4316 4217
f 4217 4316 4317
f 4217 4317 4218
f 4218 4317 4318
f 4218 4318 4219
f 4219 4318 4319
f 4219 4319 4220
f 4220 4319 4320
f 4220 4320 4221
f 4221 4320 4321
f 4221 4321 4222
f 4222 4321 4322
f 4222 4322 4223
f 4223 4322 4323
f 4223 4323 4224
f 4224 4323 4324
f 4224 4324 4225
f 4225 4324 4325
f 4225 4325 4226
f 4226 4325 4326
f 4226 4326 4227
f 4227 4326 4327
f 4227 4327 4228
f 4228 4327 4328
f 4228 4328 4229
f 4229 4328 4329
f 4229 4329 4230
f 4230 4329 4330
f 4230 4330 4231
f 4231 4330 4331
f 4231 4331 4232
f 4232 4331 4332
f 4232 4332 4233
f 4233 4332 4333
f 4233 4333 4234
f 4234 4333 4334
f 4234 4334 4235
f 4235 4334 4335
f 4235 4335 4236
f 4236 4335 4336
f 4236 4336 4237
f 4237 4336 4337
f 4237 4337 4238
f 4238 4337 4338
f 4238 4338 4239
f 4239 4338 4339
f 4239 4339 4240
f 4240 4339 4340
f 4240 4340 4241
f 4241 4340 4341
f 4241 4341 4242
f 4242 4341 4342
f 4242 4342 4243
f 4243 4342 4343
f 4243 4343 4244
f 4244 4343 4344
f 4244 4344 4245
f 4245 4344 4345
f 4245 4345 4246
f 4246 4345 4346
f 4246 4346 4247
f 4247 4346 4347
f 4247 4347 4248
f 4248 4347 4348
f 4248 4348 4249
f 4249 4348 4349
f 4249 4349 4250
f 4250 4349 4350
f 4250 4350 4251
f 4251 4350 4351
f 4251 4351 4252
f 4252 4351 4352
f 4252 4352 4253
f 4253 4352 4353
f 4253 4353 4254
f 4254 4353 4354
f 4254 4354 4255
f 4255 4354 4355
f 4255 4355 4256
f 4256 4355 4356
f 4256 4356 4257
f 4257 4356 4357
f 4257 4357 4258
f 4258 4357 4358
f 4258 4358 4259
f 4259 4358 4359
f 4259 4359 4260
f 4260 4359 4360
f 4260 4360 4261
f 4261 4360 4361
f 4261 4361 4262
f 4262 4361 4362
f 4262 4362 4263
f 4263 4362 4363
f 4263 4363 4264
f 4264 4363 4364
f 4264 4364 4265
f 4265 4364 4365
f 4265 4365 4266
f 4266 4365 4366
f 4266 4366 4267
f 4267 4366 4367
f 4267 4367 4268
f 4268 4367 4368
f 4268 4368 4269
f 4269 4368 4369
f 4269 4369 4270
f 4270 4369 4370
f 4270 4370 4271
f 4271 4370 4371
f 4271 4371 4272
f 4272 4371 4372
f 4272 4372 4273
f 4273 4372 4373
f 4273 4373 4274
f 4274 4373 4374
f 4274 4374 4275
f 4275 4374 4375
f 4275 4375 4276
f 4276 4375 4376
f 4276 4376 4277
f 4277 4376 4377
f 4277 4377 4278
f 4278 4377 4378
f 4278 4378 4279
f 4279 4378 4379
f 4279 4379 4280
f 4280 4379 4380
f 4280 4380 4281
f 4281 4380 4381
f 4281 4381 4282
f 4282 4381 4382
f 4282 4382 4283
f 4283 4382 4383
f 4283 4383 4284
f 4284 4383 4384
f 4284 4384 4285
f 4285 4384 4385
f 4285 4385 4286
f 4286 4385 4386
f 4286 4386 4287
f 4287 4386 4387
f 4287 4387 4288
f 4288 4387 4388
f 4288 4388 4289
f 4289 4388 4389
f 4289 4389 4290
f 4290 4389 4390
f 4290 4390 4291
f 4291 4390 4391
f 4291 4391 4292
f 4292 4391 4392
f 4292 4392 4293
f 4293 4392 4393
f 4293 4393 4294
f 4294 4393 4394
f 4294 4394 4295
f 4295 4394 4395
f 4295 4395 4296
f 4296 4395 4396
f 4296 4396 4297
f 4297 4396 4397
f 4297 4397 4298
f 4298 4397 4398
f 4298 4398 4299
f 4299 4398 4399
f 4299 4399 4300
f 4300 4399 4400
f 4300 4400 4301
f 4301 4400 4401
f 4301 4401 4202
f 4202 4401 4302
f 4302 4402 4303
f 4303 4402 4403
f 4303 4403 4304
f 4304 4403 4404
f 4304 4404 4305
f 4305 4404 4405
f 4305 4405 4306
f 4306 4405 4406
f 4306 4406 4307
f 4307 4406 4407
f 4307 4407 4308
f 4308 4407 4408
f 4308 4408 4309
f 4309 4408 4409
f 4309 4409 4310
f 4310 4409 4410
f 4310 4410 4311
f 4311 4410 4411
f 4311 4411 4312
f 4312 4411 4412
f 4312 4412 4313
f 4313 4412 4413
f 4313 4413 4314
f 4314 4413 4414
f 4314 4414 4315
f 4315 4414 4415
f 4315 4415 4316
f 4316 4415 4416
f 4316 4416 4317
f 4317 4416 4417
f 4317 4417 4318
f 4318 4417 4418
f 4318 4418 4319
f 4319 4418 4419
f 4319 4419 4320
f 4320 4419 4420
f 4320 4420 4321
f 4321 4420 4421
f 4321 4421 4322
f 4322 4421 4422
f 4322 4422 4323
f 4323 4422 4423
f 4323 4423 4324
f 4324 4423 4424
f 4324 4424 4325
f 4325 4424 4425
f 4325 4425 4326
f 4326 4425 4426
f 4326 4426 4327
f 4327 4426 4427
f 4327 4427 4328
f 4328 4427 4428
f 4328 4428 4329
f 4329 4428 4429
f 4329 4429 4330
f 4330 4429 4430
f 4330 4430 4331
f 4331 4430 4431
f 4331 4431 4332
f 4332 4431 4432
f 4332 4432 4333
f 4333 4432 4433
f 4333 4433 4334
f 4334 4433 4434
f 4334 4434 4335
f 4335 4434 4435
f 4335 4435 4336
f 4336 4435 4436
f 4336 4436 4337
f 4337 4436 4437
f 4337 4437 4338
f 4338 4437 4438
f 4338 4438 4339
f 4339 4438 4439
f 4339 4439 4340
f 4340 4439 4440
f 4340 4440 4341
f 4341 4440 4441
f 4341 4441 4342
f 4342 4441 4442
f 4342 4442 4343
f 4343 4442 4443
f 4343 4443 4344
f 4344 4443 4444
f 4344 4444 4345
f 4345 4444 4445
f 4345 4445 4346
f 4346 4445 4446
f 4346 4446 4347
f 4347 4446 4447
f 4347 4447 4348
f 4348 4447 4448
f 4348 4448 4349
f 4349 4448 4449
f 4349 4449 4350
f 4350 4449 4450
f 4350 4450 4351
f 4351 4450 4451
f 4351 4451 4352
f 4352 4451 4452
f 4352 4452 4353
f 4353 4452 4453
f 4353 4453 4354
f 4354 4453 4454
f 4354 4454 4355
f 4355 4454 4455
f 4355 4455 4356
f 4356 4455 4456
f 4356 4456 4357
f 4357 4456 4457
f 4357 4457 4358
f 4358 4457 4458
f 4358 4458 4359
f 4359 4458 4459
f 4359 4459 4360
f 4360 4459 4460
f 4360 4460 4361
f 4361 4460 4461
f 4361 4461 4362
f 4362 4461 4462
f 4362 4462 4363
f 4363 4462 4463
f 4363 4463 4364
f 4364 4463 4464
f 4364 4464 4365
f 4365 4464 4465
f 4365 4465 4366
f 4366 4465 4466
f 4366 4466 4367
f 4367 4466 4467
f 4367 4467 4368
f 4368 4467 4468
f 4368 4468 4369
f 4369 4468 4469
f 4369 4469 4370
f 4370 4469 4470
f 4370 4470 4371
f 4371 4470 4471
f 4371 4471 4372
f 4372 4471 4472
f 4372 4472 4373
f 4373 4472 4473
f 4373 4473 4374
f 4374 4473 4474
f 4374 4474 4375
f 4375 4474 4475
f 4375 4475 4376
f 4376 4475 4476
f 4376 4476 4377
f 4377 4476 4477
f 4377 4477 4378
f 4378 4477 4478
f 4378 4478 4379
f 4379 4478 4479
f 4379 4479 4380
f 4380 4479 4480
f 4380 4480 4381
f 4381 4480 4481
f 4381 4481 4382
f 4382 4481 4482
f 4382 4482 4383
f 4383 4482 4483
f 4383 4483 4384
f 4384 4483 4484
f 4384 4484 4385
f 4385 4484 4485
f 4385 4485 4386
f 4386 4485 4486
f 4386 4486 4387
f 4387 4486 4487
f 4387 4487 4388
f 4388 4487 4488
f 4388 4488 4389
f 4389 4488 4489
f 4389 4489 4390
f 4390 4489 4490
f 4390 4490 4391
f 4391 4490 4491
f 4391 4491 4392
f 4392 4491 4492
f 4392 4492 4393
f 4393 4492 4493
f 4393 4493 4394
f 4394 4493 4494
f 4394 4494 4395
f 4395 4494 4495
f 4395 4495 4396
f 4396 4495 4496
f 4396 4496 4397
f 4397 4496 4497
f 4397 4497 4398
f 4398 4497 4498
f 4398 4498 4399
f 4399 4498 4499
f 4399 4499 4400
f 4400 4499 4500
f 4400 4500 4401
f 4401 4500 4501
f 4401 4501 4302
f 4302 4501 4402
f 4402 4502 4403
f 4403 4502 4503
f 4403 4503 4404
f 4404 4503 4504
f 4404 4504 4405
f 4405 4504 4505
f 4405 4505 4406
f 4406 4505 4506
f 4406 4506 4407
f 4407 4506 4507
f 4407 4507 4408
f 4408 4507 4508
f 4408 4508 4409
f 4409 4508 4509
f 4409 4509 4410
f 4410 4509 4510
f 4410 4510 4411
f 4411 4510 4511
f 4411 4511 4412
f 4412 4511 4512
f 4412 4512 4413
f 4413 4512 4513
f 4413 4513 4414
f 4414 4513 4514
f 4414 4514 4415
f 4415 4514 4515
f 4415 4515 4416
f 4416 4515 4516
f 4416 4516 4417
f 4417 4516 4517
f 4417 4517 4418
f 4418 4517 4518
f 4418 4518 4419
f 4419 4518 4519
f 4419 4519 4420
f 4420 4519 4520
f 4420 4520 4421
f 4421 4520 4521
f 4421 4521 4422
f 4422 4521 4522
f 4422 4522 4423
f 4423 4522 4523
f 4423 4523 4424
f 4424 4523 4524
f 4424 4524 4425
f 4425 4524 4525
f 4425 4525 4426
f 4426 4525 4526
f 4426 4526 4427
f 4427 4526 4527
f 4427 4527 4428
f 4428 4527 4528
f 4428 4528 4429
f 4429 4528 4529
f 4429 4529 4430
f 4430 4529 4530
f 4430 4530 4431
f 4431 4530 4531
f 4431 4531 4432
f 4432 4531 4532
f 4432 4532 4433
f 4433 4532 4533
f 4433 4533 4434
f 4434 4533 4534
f 4434 4534 4435
f 4435 4534 4535
f 4435 4535 4436
f 4436 4535 4536
f 4436 4536 4437
f 4437 4536 4537
f 4437 4537 4438
f 4438 4537 4538
f 4438 4538 4439
f 4439 4538 4539
f 4439 4539 4440
f 4440 4539 4540
f 4440 4540 4441
f 4441 4540 4541
f 4441 4541 4442
f 4442 4541 4542
f 4442 4542 4443
f 4443 4542 4543
f 4443 4543 4444
f 4444 4543 4544
f 4444 4544 4445
f 4445 4544 4545
f 4445 4545 4446
f 4446 4545 4546
f 4446 4546 4447
f 4447 4546 4547
f 4447 4547 4448
f 4448 4547 4548
f 4448 4548 4449
f 4449 4548 4549
f 4449 4549 4450
f 4450 4549 4550
f 4450 4550 4451
f 4451 4550 4551
f 4451 4551 4452
f 4452 4551 4552
f 4452 4552 4453
f 4453 4552 4553
f 4453 4553 4454
f 4454 4553 4554
f 4454 4554 4455
f 4455 4554 4555
f 4455 4555 4456
f 4456 4555 4556
f 4456 4556 4457
f 4457 4556 4557
f 4457 4557 4458
f 4458 4557 4558
f 4458 4558 4459
f 4459 4558 4559
f 4459 4559 4460
f 4460 4559 4560
f 4460 4560 4461
f 4461 4560 4561
f 4461 4561 4462
f 4462 4561 4562
f 4462 4562 4463
f 4463 4562 4563
f 4463 4563 4464
f 4464 4563 4564
f 4464 4564 4465
f 4465 4564 4565
f 4465 4565 4466
f 4466 4565 4566
f 4466 4566 4467
f 4467 4566 4567
f 4467 4567 4468
f 4468 4567 4568
f 4468 4568 4469
f 4469 4568 4569
f 4469 4569 4470
f 4470 4569 4570
f 4470 4570 4471
f 4471 4570 4571
f 4471 4571 4472
f 4472 4571 4572
f 4472 4572 4473
f 4473 4572 4573
f 4473 4573 4474
f 4474 4573 4574
f 4474 4574 4475
f 4475 4574 4575
f 4475 4575 4476
f 4476 4575 4576
f 4476 4576 4477
f 4477 4576 4577
f 4477 4577 4478
f 4478 4577 4578
f 4478 4578 4479
f 4479 4578 4579
f 4479 4579 4480
f 4480 4579 4580
f 4480 4580 4481
f 4481 4580 4581
f 4481 4581 4482
f 4482 4581 4582
f 4482 4582 4483
f 4483 4582 4583
f 4483 4583 4484
f 4484 4583 4584
f 4484 4584 4485
f 4485 4584 4585
f 4485 4585 4486
f 4486 4585 4586
f 4486 4586 4487
f 4487 4586 4587
f 4487 4587 4488
f 4488 4587 4588
f 4488 4588 4489
f 4489 4588 4589
f 4489 4589 4490
f 4490 4589 4590
f 4490 4590 4491
f 4491 4590 4591
f 4491 4591 4492
f 4492 4591 4592
f 4492 4592 4493
f 4493 4592 4593
f 4493 4593 4494
f 4494 4593 4594
f 4494 4594 4495
f 4495 4594 4595
f 4495 4595 4496
f 4496 4595 4596
f 4496 4596 4497
f 4497 4596 4597
f 4497 4597 4498
f 4498 4597 4598
f 4498 4598 4499
f 4499 4598 4599
f 4499 4599 4500
f 4500 4599 4600
f 4500 4600 4501
f 4501 4600 4601
f 4501 4601 4402
f 4402 4601 4502
f 4502 4602 4503
f 4503 4602 4603
f 4503 4603 4504
f 4504 4603 4604
f 4504 4604 4505
f 4505 4604 4605
f 4505 4605 4506
f 4506 4605 4606
f 4506 4606 4507
f 4507 4606 4607
f 4507 4607 4508
f 4508 4607 4608
f 4508 4608 4509
f 4509 4608 4609
f 4509 4609 4510
f 4510 4609 4610
f 4510 4610 4511
f 4511 4610 4611
f 4511 4611 4512
f 4512 4611 4612
f 4512 4612 4513
f 4513 4612 4613
f 4513 4613 4514
f 4514 4613 4614
f 4514 4614 4515
f 4515 4614 4615
f 4515 4615 4516
f 4516 4615 4616
f 4516 4616 4517
f 4517 4616 4617
f 4517 4617 4518
f 4518 4617 4618
f 4518 4618 4519
f 4519 4618 4619
f 4519 4619 4520
f 4520 4619 4620
f 4520 4620 4521
f 4521 4620 4621
f 4521 4621 4522
f 4522 4621 4622
f 4522 4622 4523
f 4523 4622 4623
f 4523 4623 4524
f 4524 4623 4624
f 4524 4624 4525
f 4525 4624 4625
f 4525 4625 4526
f 4526 4625 4626
f 4526 4626 4527
f 4527 4626 4627
f 4527 4627 4528
f 4528 4627 4628
f 4528 4628 4529
f 4529 4628 4629
f 4529 4629 4530
f 4530 4629 4630
f 4530 4630 4531
f 4531 4630 4631
f 4531 4631 4532
f 4532 4631 4632
f 4532 4632 4533
f 4533 4632 4633
f 4533 4633 4534
f 4534 4633 4634
f 4534 4634 4535
f 4535 4634 4635
f 4535 4635 4536
f 4536 4635 4636
f 4536 4636 4537
f 4537 4636 4637
f 4537 4637 4538
f 4538 4637 4638
f 4538 4638 4539
f 4539 4638 4639
f 4539 4639 4540
f 4540 4639 4640
f 4540 4640 4541
f 4541 4640 4641
f 4541 4641 4542
f 4542 4641 4642
f 4542 4642 4543
f 4543 4642 4643
f 4543 4643 4544
f 4544 4643 4644
f 4544 4644 4545
f 4545 4644 4645
f 4545 4645 4546
f 4546 4645 4646
f 4546 4646 4547
f 4547 4646 4647
f 4547 4647 4548
f 4548 4647 4648
f 4548 4648 4549
f 4549 4648 4649
f 4549 4649 4550
f 4550 4649 4650
f 4550 4650 4551
f 4551 4650 4651
f 4551 4651 4552
f 4552 4651 4652
f 4552 4652 4553
f 4553 4652 4653
f 4553 4653 4554
f 4554 4653 4654
f 4554 4654 4555
f 4555 4654 4655
f 4555 4655 4556
f 4556 4655 4656
f 4556 4656 4557
f 4557 4656 4657
f 4557 4657 4558
f 4558 4657 4658
f 4558 4658 4559
f 4559 4658 4659
f 4559 4659 4560
f 4560 4659 4660
f 4560 4660 4561
f 4561 4660 4661
f 4561 4661 4562
f 4562 4661 4662
f 4562 4662 4563
f 4563 4662 4663
f 4563 4663 4564
f 4564 4663 4664
f 4564 4664 4565
f 4565 4664 4665
f 4565 4665 4566
f 4566 4665 4666
f 4566 4666 4567
f 4567 4666 4667
f 4567 4667 4568
f 4568 4667 4668
f 4568 4668 4569
f 4569 4668 4669
f 4569 4669 4570
f 4570 4669 4670
f 4570 4670 4571
f 4571 4670 4671
f 4571 4671 4572
f 4572 4671 4672
f 4572 4672 4573
f 4573 4672 4673
f 4573 4673 4574
f 4574 4673 4674
f 4574 4674 4575
f 4575 4674 4675
f 4575 4675 4576
f 4576 4675 4676
f 4576 4676 4577
f 4577 4676 4677
f 4577 4677 4578
f 4578 4677 4678
f 4578 4678 4579
f 4579 4678 4679
f 4579 4679 4580
f 4580 4679 4680
f 4580 4680 4581
f 4581 4680 4681
f 4581 4681 4582
f 4582 4681 4682
f 4582 4682 4583
f 4583 4682 4683
f 4583 4683 4584
f 4584 4683 4684
f 4584 4684 4585
f 4585 4684 4685
f 4585 4685 4586
f 4586 4685 4686
f 4586 4686 4587
f 4587 4686 4687
f 4587 4687 4588
f 4588 4687 4688
f 4588 4688 4589
f 4589 4688 4689
f 4589 4689 4590
f 4590 4689 4690
f 4590 4690 4591
f 4591 4690 4691
f 4591 4691 4592
f 4592 4691 4692
f 4592 4692 4593
f 4593 4692 4693
f 4593 4693 4594
f 4594 4693 4694
f 4594 4694 4595
f 4595 4694 4695
f 4595 4695 4596
f 4596 4695 4696
f 4596 4696 4597
f 4597 4696 4697
f 4597 4697 4598
f 4598 4697 4698
f 4598 4698 4599
f 4599 4698 4699
f 4599 4699 4600
f 4600 4699 4700
f 4600 4700 4601
f 4601 4700 4701
f 4601 4701 4502
f 4502 4701 4602
f 4602 4702 4603
f 4603 4702 4703
f 4603 4703 4604
f 4604 4703 4704
f 4604 4704 4605
f 4605 4704 4705
f 4605 4705 4606
f 4606 4705 4706
f 4606 4706 4607
f 4607 4706 4707
f 4607 4707 4608
f 4608 4707 4708
f 4608 4708 4609
f 4609 4708 4709
f 4609 4709 4610
f 4610 4709 4710
f 4610 4710 4611
f 4611 4710 4711
f 4611 4711 4612
f 4612 4711 4712
f 4612 4712 4613
f 4613 4712 4713
f 4613 4713 4614
f 4614 4713 4714
f 4614 4714 4615
f 4615 4714 4715
f 4615 4715 4616
f 4616 4715 4716
f 4616 4716 4617
f 4617 4716 4717
f 4617 4717 4618
f 4618 4717 4718
f 4618 4718 4619
f 4619 4718 4719
f 4619 4719 4620
f 4620 4719 4720
f 4620 4720 4621
f 4621 4720 4721
f 4621 4721 4622
f 4622 4721 4722
f 4622 4722 4623
f 4623 4722 4723
f 4623 4723 4624
f 4624 4723 4724
f 4624 4724 4625
f 4625 4724 4725
f 4625 4725 4626
f 4626 4725 4726
f 4626 4726 4627
f 4627 4726 4727
f 4627 4727 4628
f 4628 4727 4728
f 4628 4728 4629
f 4629 4728 4729
f 4629 4729 4630
f 4630 4729 4730
f 4630 4730 4631
f 4631 4730 4731
f 4631 4731 4632
f 4632 4731 4732
f 4632 4732 4633
f 4633 4732 4733
f 4633 4733 4634
f 4634 4733 4734
f 4634 4734 4635
f 4635 4734 4735
f 4635 4735 4636
f 4636 4735 4736
f 4636 4736 4637
f 4637 4736 4737
f 4637 4737 4638
f 4638 4737 4738
f 4638 4738 4639
f 4639 4738 4739
f 4639 4739 4640
f 4640 4739 4740
f 4640 4740 4641
f 4641 4740 4741
f 4641 4741 4642
f 4642 4741 4742
f 4642 4742 4643
f 4643 4742 4743
f 4643 4743 4644
f 4644 4743 4744
f 4644 4744 4645
f 4645 4744 4745
f 4645 4745 4646
f 4646 4745 4746
f 4646 4746 4647
f 4647 4746 4747
f 4647 4747 4648
f 4648 4747 4748
f 4648 4748 4649
f 4649 4748 4749
f 4649 4749 4650
f 4650 4749 4750
f 4650 4750 4651
f 4651 4750 4751
f 4651 4751 4652
f 4652 4751 4752
f 4652 4752 4653
f 4653 4752 4753
f 4653 4753 4654
f 4654 4753 4754
f 4654 4754 4655
f 4655 4754 4755
f 4655 4755 4656
f 4656 4755 4756
f 4656 4756 4657
f 4657 4756 4757
f 4657 4757 4658
f 4658 4757 4758
f 4658 4758 4659
f 4659 4758 4759
f 4659 4759 4660
f 4660 4759 4760
f 4660 4760 4661
f 4661 4760 4761
f 4661 4761 4662
f 4662 4761 4762
f 4662 4762 4663
f 4663 4762 4763
f 4663 4763 4664
f 4664 4763 4764
f 4664 4764 4665
f 4665 4764 4765
f 4665 4765 4666
f 4666 4765 4766
f 4666 4766 4667
f 4667 4766 4767
f 4667 4767 4668
f 4668 4767 4768
f 4668 4768 4669
f 4669 4768 4769
f 4669 4769 4670
f 4670 4769 4770
f 4670 4770 4671
f 4671 4770 4771
f 4671 4771 4672
f 4672 4771 4772
f 4672 4772 4673
f 4673 4772 4773
f 4673 4773 4674
f 4674 4773 4774
f 4674 4774 4675
f 4675 4774 4775
f 4675 4775 4676
f 4676 4775 4776
f 4676 4776 4677
f 4677 4776 4777
f 4677 4777 4678
f 4678 4777 4778
f 4678 4778 4679
f 4679 4778 4779
f 4679 4779 4680
f 4680 4779 4780
f 4680 4780 4681
f 4681 4780 4781
f 4681 4781 4682
f 4682 4781 4782
f 4682 4782 4683
f 4683 4782 4783
f 4683 4783 4684
f 4684 4783 4784
f 4684 4784 4685
f 4685 4784 4785
f 4685 4785 4686
f 4686 4785 4786
f 4686 4786 4687
f 4687 4786 4787
f 4687 4787 4688
f 4688 4787 4788
f 4688 4788 4689
f 4689 4788 4789
f 4689 4789 4690
f 4690 4789 4790
f 4690 4790 4691
f 4691 4790 4791
f 4691 4791 4692
f 4692 4791 4792
f 4692 4792 4693
f 4693 4792 4793
f 4693 4793 4694
f 4694 4793 4794
f 4694 4794 4695
f 4695 4794 4795
f 4695 4795 4696
f 4696 4795 4796
f 4696 4796 4697
f 4697 4796 4797
f 4697 4797 4698
f 4698 4797 4798
f 4698 4798 4699
f 4699 4798 4799
f 4699 4799 4700
f 4700 4799 4800
f 4700 4800 4701
f 4701 4800 4801
f 4701 4801 4602
f 4602 4801 4702
f 4702 4802 4703
f 4703 4802 4704
f 4704 4802 4705
f 4705 4802 4706
f 4706 4802 4707
f 4707 4802 4708
f 4708 4802 4709
f 4709 4802 4710
f 4710 4802 4711
f 4711 4802 4712
f 4712 4802 4713
f 4713 4802 4714
f 4714 4802 4715
f 4715 4802 4716
f 4716 4802 4717
f 4717 4802 4718
f 4718 4802 4719
f 4719 4802 4720
f 4720 4802 4721
f 4721 4802 4722
f 4722 4802 4723
f 4723 4802 4724
f 4724 4802 4725
f 4725 4802 4726
f 4726 4802 4727
f 4727 4802 4728
f 4728 4802 4729
f 4729 4802 4730
f 4730 4802 4731
f 4731 4802 4732
f 4732 4802 4733
f 4733 4802 4734
f 4734 4802 4735
f 4735 4802 4736
f 4736 4802 4737
f 4737 4802 4738
f 4738 4802 4739
f 4739 4802 4740
f 4740 4802 4741
f 4741 4802 4742
f 4742 4802 4743
f 4743 4802 4744
f 4744 4802 4745
f 4745 4802 4746
f 4746 4802 4747
f 4747 4802 4748
f 4748 4802 4749
f 4749 4802 4750
f 4750 4802 4751
f 4751 4802 4752
f 4752 4802 4753
f 4753 4802 4754
f 4754 4802 4755
f 4755 4802 4756
f 4756 4802 4757
f 4757 4802 4758
f 4758 4802 4759
f 4759 4802 4760
f 4760 4802 4761
f 4761 4802 4762
f 4762 4802 4763
f 4763 4802 4764
f 4764 4802 4765
f 4765 4802 4766
f 4766 4802 4767
f 4767 4802 4768
f 4768 4802 4769
f 4769 4802 4770
f 4770 4802 4771
f 4771 4802 4772
f 4772 4802 4773
f 4773 4802 4774
f 4774 4802 4775
f 4775 4802 4776
f 4776 4802 4777
f 4777 4802 4778
f 4778 4802 4779
f 4779 4802 4780
f 4780 4802 4781
f 4781 4802 4782
f 4782 4802 4783
f 4783 4802 4784
f 4784 4802 4785
f 4785 4802 4786
f 4786 4802 4787
f 4787 4802 4788
f 4788 4802 4789
f 4789 4802 4790
f 4790 4802 4791
f 4791 4802 4792
f 4792 4802 4793
f 4793 4802 4794
f 4794 4802 4795
f 4795 4802 4796
f 4796 4802 4797
f 4797 4802 4798
f 4798 4802 4799
f 4799 4802 4800
f 4800 4802 4801
f 4801 4802 4702
