TITLE     = "Magnetic map of HD 102195, 2008-01-25, from 10 ESPaDOnS spectra (program flegetonte-2008-01)"
VARIABLES = "Longitude [Deg]" "Latitude [Deg]" "B<sub>R</sub> [G]" "B<sub>A</sub> [G]" "B<sub>M</sub> [G]"
ZONE I=73, J=37, K=1, ZONETYPE=Ordered
DATAPACKING=POINT
DT=(SINGLE SINGLE SINGLE SINGLE SINGLE)
      0.00000    -90.00000    -14.58497      1.37657     -0.39970
      5.00000    -90.00000    -14.58497      1.40616     -0.27825
     10.00000    -90.00000    -14.58497      1.42506     -0.15469
     15.00000    -90.00000    -14.58497      1.43311     -0.02995
     20.00000    -90.00000    -14.58497      1.43026      0.09502
     25.00000    -90.00000    -14.58497      1.41652      0.21926
     30.00000    -90.00000    -14.58497      1.39200      0.34184
     35.00000    -90.00000    -14.58497      1.35688      0.46181
     40.00000    -90.00000    -14.58497      1.31144      0.57827
     45.00000    -90.00000    -14.58497      1.25602      0.69033
     50.00000    -90.00000    -14.58497      1.19103      0.79714
     55.00000    -90.00000    -14.58497      1.11699      0.89788
     60.00000    -90.00000    -14.58497      1.03444      0.99178
     65.00000    -90.00000    -14.58497      0.94402      1.07814
     70.00000    -90.00000    -14.58497      0.84642      1.15629
     75.00000    -90.00000    -14.58497      0.74237      1.22564
     80.00000    -90.00000    -14.58497      0.63267      1.28566
     85.00000    -90.00000    -14.58497      0.51816      1.33590
     90.00000    -90.00000    -14.58497      0.39971      1.37598
     95.00000    -90.00000    -14.58497      0.27821      1.40558
    100.00000    -90.00000    -14.58497      0.15460      1.42448
    105.00000    -90.00000    -14.58497      0.02981      1.43254
    110.00000    -90.00000    -14.58497     -0.09521      1.42970
    115.00000    -90.00000    -14.58497     -0.21951      1.41598
    120.00000    -90.00000    -14.58497     -0.34213      1.39148
    125.00000    -90.00000    -14.58497     -0.46215      1.35639
    130.00000    -90.00000    -14.58497     -0.57865      1.31098
    135.00000    -90.00000    -14.58497     -0.69075      1.25559
    140.00000    -90.00000    -14.58497     -0.79759      1.19065
    145.00000    -90.00000    -14.58497     -0.89836      1.11664
    150.00000    -90.00000    -14.58497     -0.99229      1.03414
    155.00000    -90.00000    -14.58496     -1.07868      0.94376
    160.00000    -90.00000    -14.58496     -1.15685      0.84621
    165.00000    -90.00000    -14.58496     -1.22622      0.74221
    170.00000    -90.00000    -14.58496     -1.28625      0.63256
    175.00000    -90.00000    -14.58496     -1.33650      0.51810
    180.00000    -90.00000    -14.58496     -1.37658      0.39970
    185.00000    -90.00000    -14.58496     -1.40617      0.27825
    190.00000    -90.00000    -14.58496     -1.42507      0.15469
    195.00000    -90.00000    -14.58496     -1.43312      0.02995
    200.00000    -90.00000    -14.58496     -1.43027     -0.09502
    205.00000    -90.00000    -14.58496     -1.41653     -0.21926
    210.00000    -90.00000    -14.58496     -1.39200     -0.34184
    215.00000    -90.00000    -14.58496     -1.35689     -0.46181
    220.00000    -90.00000    -14.58496     -1.31145     -0.57827
    225.00000    -90.00000    -14.58496     -1.25602     -0.69033
    230.00000    -90.00000    -14.58496     -1.19104     -0.79714
    235.00000    -90.00000    -14.58496     -1.11700     -0.89787
    240.00000    -90.00000    -14.58496     -1.03445     -0.99178
    245.00000    -90.00000    -14.58496     -0.94403     -1.07814
    250.00000    -90.00000    -14.58496     -0.84642     -1.15629
    255.00000    -90.00000    -14.58496     -0.74238     -1.22564
    260.00000    -90.00000    -14.58497     -0.63268     -1.28566
    265.00000    -90.00000    -14.58497     -0.51817     -1.33590
    270.00000    -90.00000    -14.58497     -0.39971     -1.37597
    275.00000    -90.00000    -14.58497     -0.27822     -1.40557
    280.00000    -90.00000    -14.58497     -0.15460     -1.42447
    285.00000    -90.00000    -14.58497     -0.02981     -1.43254
    290.00000    -90.00000    -14.58497      0.09521     -1.42970
    295.00000    -90.00000    -14.58497      0.21950     -1.41597
    300.00000    -90.00000    -14.58497      0.34212     -1.39147
    305.00000    -90.00000    -14.58497      0.46214     -1.35639
    310.00000    -90.00000    -14.58497      0.57864     -1.31098
    315.00000    -90.00000    -14.58497      0.69074     -1.25559
    320.00000    -90.00000    -14.58497      0.79758     -1.19064
    325.00000    -90.00000    -14.58497      0.89835     -1.11664
    330.00000    -90.00000    -14.58497      0.99229     -1.03413
    335.00000    -90.00000    -14.58497      1.07867     -0.94376
    340.00000    -90.00000    -14.58497      1.15684     -0.84620
    345.00000    -90.00000    -14.58497      1.22621     -0.74220
    350.00000    -90.00000    -14.58497      1.28624     -0.63256
    355.00000    -90.00000    -14.58497      1.33649     -0.51810
    360.00000    -90.00000    -14.58497      1.37657     -0.39970
      0.00000    -85.00000    -14.87189      0.97840     -0.21166
      5.00000    -85.00000    -14.88608      1.00405     -0.10795
     10.00000    -85.00000    -14.89801      1.02213     -0.00256
     15.00000    -85.00000    -14.90756      1.03251      0.10420
     20.00000    -85.00000    -14.91461      1.03504      0.21198
     25.00000    -85.00000    -14.91905      1.02951      0.32040
     30.00000    -85.00000    -14.92077      1.01574      0.42905
     35.00000    -85.00000    -14.91971      0.99349      0.53744
     40.00000    -85.00000    -14.91580      0.96258      0.64503
     45.00000    -85.00000    -14.90899      0.92283      0.75119
     50.00000    -85.00000    -14.89928      0.87413      0.85526
     55.00000    -85.00000    -14.88668      0.81640      0.95650
     60.00000    -85.00000    -14.87122      0.74966      1.05413
     65.00000    -85.00000    -14.85297      0.67398      1.14731
     70.00000    -85.00000    -14.83204      0.58954      1.23517
     75.00000    -85.00000    -14.80855      0.49662      1.31680
     80.00000    -85.00000    -14.78268      0.39561      1.39129
     85.00000    -85.00000    -14.75460      0.28703      1.45773
     90.00000    -85.00000    -14.72455      0.17152      1.51521
     95.00000    -85.00000    -14.69276      0.04984      1.56288
    100.00000    -85.00000    -14.65951     -0.07710      1.59994
    105.00000    -85.00000    -14.62507     -0.20830      1.62570
    110.00000    -85.00000    -14.58975     -0.34264      1.63954
    115.00000    -85.00000    -14.55387     -0.47889      1.64099
    120.00000    -85.00000    -14.51774     -0.61576      1.62971
    125.00000    -85.00000    -14.48170     -0.75190      1.60550
    130.00000    -85.00000    -14.44606     -0.88592      1.56833
    135.00000    -85.00000    -14.41114     -1.01642      1.51833
    140.00000    -85.00000    -14.37727     -1.14200      1.45579
    145.00000    -85.00000    -14.34474     -1.26127      1.38119
    150.00000    -85.00000    -14.31385     -1.37292      1.29513
    155.00000    -85.00000    -14.28487     -1.47570      1.19843
    160.00000    -85.00000    -14.25805     -1.56845      1.09200
    165.00000    -85.00000    -14.23362     -1.65015      0.97695
    170.00000    -85.00000    -14.21179     -1.71990      0.85445
    175.00000    -85.00000    -14.19274     -1.77699      0.72583
    180.00000    -85.00000    -14.17662     -1.82088      0.59244
    185.00000    -85.00000    -14.16355     -1.85120      0.45570
    190.00000    -85.00000    -14.15363     -1.86781      0.31704
    195.00000    -85.00000    -14.14692     -1.87070      0.17787
    200.00000    -85.00000    -14.14346     -1.86005      0.03956
    205.00000    -85.00000    -14.14324     -1.83621     -0.09659
    210.00000    -85.00000    -14.14623     -1.79963     -0.22935
    215.00000    -85.00000    -14.15238     -1.75089     -0.35756
    220.00000    -85.00000    -14.16160     -1.69065     -0.48018
    225.00000    -85.00000    -14.17377     -1.61966     -0.59625
    230.00000    -85.00000    -14.18874     -1.53870     -0.70488
    235.00000    -85.00000    -14.20635     -1.44863     -0.80529
    240.00000    -85.00000    -14.22641     -1.35036     -0.89676
    245.00000    -85.00000    -14.24870     -1.24484     -0.97868
    250.00000    -85.00000    -14.27300     -1.13303     -1.05051
    255.00000    -85.00000    -14.29907     -1.01598     -1.11178
    260.00000    -85.00000    -14.32668     -0.89474     -1.16216
    265.00000    -85.00000    -14.35557     -0.77038     -1.20138
    270.00000    -85.00000    -14.38550     -0.64401     -1.22930
    275.00000    -85.00000    -14.41622     -0.51674     -1.24588
    280.00000    -85.00000    -14.44749     -0.38967     -1.25120
    285.00000    -85.00000    -14.47910     -0.26388     -1.24547
    290.00000    -85.00000    -14.51082     -0.14039     -1.22900
    295.00000    -85.00000    -14.54245     -0.02019     -1.20222
    300.00000    -85.00000    -14.57380      0.09584     -1.16564
    305.00000    -85.00000    -14.60469      0.20689     -1.11990
    310.00000    -85.00000    -14.63495      0.31226     -1.06565
    315.00000    -85.00000    -14.66443      0.41138     -1.00364
    320.00000    -85.00000    -14.69299      0.50378     -0.93461
    325.00000    -85.00000    -14.72048      0.58911     -0.85931
    330.00000    -85.00000    -14.74676      0.66716     -0.77848
    335.00000    -85.00000    -14.77172      0.73777     -0.69281
    340.00000    -85.00000    -14.79520      0.80089     -0.60293
    345.00000    -85.00000    -14.81710      0.85649     -0.50941
    350.00000    -85.00000    -14.83727      0.90460     -0.41275
    355.00000    -85.00000    -14.85558      0.94524     -0.31337
    360.00000    -85.00000    -14.87189      0.97840     -0.21166
      0.00000    -80.00000    -15.03597      0.61664     -0.02719
      5.00000    -80.00000    -15.06616      0.63709      0.05776
     10.00000    -80.00000    -15.09299      0.65368      0.14368
     15.00000    -80.00000    -15.11606      0.66612      0.23103
     20.00000    -80.00000    -15.13497      0.67382      0.32015
     25.00000    -80.00000    -15.14932      0.67608      0.41120
     30.00000    -80.00000    -15.15872      0.67217      0.50417
     35.00000    -80.00000    -15.16280      0.66139      0.59891
     40.00000    -80.00000    -15.16121      0.64320      0.69517
     45.00000    -80.00000    -15.15364      0.61711      0.79271
     50.00000    -80.00000    -15.13986      0.58274      0.89125
     55.00000    -80.00000    -15.11968      0.53966      0.99052
     60.00000    -80.00000    -15.09299      0.48741      1.09016
     65.00000    -80.00000    -15.05978      0.42542      1.18964
     70.00000    -80.00000    -15.02016      0.35309      1.28818
     75.00000    -80.00000    -14.97433      0.26982      1.38467
     80.00000    -80.00000    -14.92261      0.17515      1.47768
     85.00000    -80.00000    -14.86546      0.06891      1.56543
     90.00000    -80.00000    -14.80342     -0.04874      1.64594
     95.00000    -80.00000    -14.73710     -0.17716      1.71714
    100.00000    -80.00000    -14.66721     -0.31523      1.77705
    105.00000    -80.00000    -14.59447     -0.46145      1.82389
    110.00000    -80.00000    -14.51963     -0.61394      1.85627
    115.00000    -80.00000    -14.44347     -0.77064      1.87320
    120.00000    -80.00000    -14.36671     -0.92942      1.87415
    125.00000    -80.00000    -14.29012     -1.08818      1.85895
    130.00000    -80.00000    -14.21442     -1.24494      1.82780
    135.00000    -80.00000    -14.14030     -1.39784      1.78107
    140.00000    -80.00000    -14.06847     -1.54513      1.71931
    145.00000    -80.00000    -13.99959     -1.68511      1.64318
    150.00000    -80.00000    -13.93429     -1.81609      1.55340
    155.00000    -80.00000    -13.87319     -1.93637      1.45087
    160.00000    -80.00000    -13.81684     -2.04424      1.33664
    165.00000    -80.00000    -13.76574     -2.13805      1.21203
    170.00000    -80.00000    -13.72036     -2.21635      1.07861
    175.00000    -80.00000    -13.68107     -2.27798      0.93821
    180.00000    -80.00000    -13.64819     -2.32220      0.79282
    185.00000    -80.00000    -13.62200     -2.34874      0.64451
    190.00000    -80.00000    -13.60268     -2.35785      0.49529
    195.00000    -80.00000    -13.59039     -2.35018      0.34699
    200.00000    -80.00000    -13.58521     -2.32671      0.20120
    205.00000    -80.00000    -13.58715     -2.28861      0.05920
    210.00000    -80.00000    -13.59616     -2.23709     -0.07797
    215.00000    -80.00000    -13.61212     -2.17329     -0.20948
    220.00000    -80.00000    -13.63481     -2.09823     -0.33464
    225.00000    -80.00000    -13.66393     -2.01280     -0.45275
    230.00000    -80.00000    -13.69908     -1.91777     -0.56312
    235.00000    -80.00000    -13.73978     -1.81387     -0.66500
    240.00000    -80.00000    -13.78547     -1.70186     -0.75757
    245.00000    -80.00000    -13.83553     -1.58256     -0.84004
    250.00000    -80.00000    -13.88930     -1.45691     -0.91160
    255.00000    -80.00000    -13.94610     -1.32598     -0.97159
    260.00000    -80.00000    -14.00524     -1.19096     -1.01945
    265.00000    -80.00000    -14.06605     -1.05318     -1.05480
    270.00000    -80.00000    -14.12789     -0.91401     -1.07746
    275.00000    -80.00000    -14.19016     -0.77492     -1.08744
    280.00000    -80.00000    -14.25234     -0.63735     -1.08495
    285.00000    -80.00000    -14.31395     -0.50276     -1.07041
    290.00000    -80.00000    -14.37461     -0.37252     -1.04437
    295.00000    -80.00000    -14.43400     -0.24796     -1.00756
    300.00000    -80.00000    -14.49187     -0.13024     -0.96085
    305.00000    -80.00000    -14.54804     -0.02041     -0.90523
    310.00000    -80.00000    -14.60238      0.08071     -0.84179
    315.00000    -80.00000    -14.65484      0.17251     -0.77174
    320.00000    -80.00000    -14.70536      0.25466     -0.69633
    325.00000    -80.00000    -14.75395      0.32712     -0.61685
    330.00000    -80.00000    -14.80059      0.39020     -0.53455
    335.00000    -80.00000    -14.84527      0.44449     -0.45054
    340.00000    -80.00000    -14.88794      0.49084     -0.36576
    345.00000    -80.00000    -14.92852      0.53025     -0.28085
    350.00000    -80.00000    -14.96686      0.56377     -0.19615
    355.00000    -80.00000    -15.00277      0.59233     -0.11168
    360.00000    -80.00000    -15.03597      0.61664     -0.02719
      0.00000    -75.00000    -15.07368      0.29274      0.16858
      5.00000    -75.00000    -15.12132      0.30643      0.23946
     10.00000    -75.00000    -15.16601      0.31963      0.30906
     15.00000    -75.00000    -15.20696      0.33133      0.37823
     20.00000    -75.00000    -15.24334      0.33994      0.44746
     25.00000    -75.00000    -15.27430      0.34389      0.51682
     30.00000    -75.00000    -15.29894      0.34210      0.58618
     35.00000    -75.00000    -15.31636      0.33433      0.65552
     40.00000    -75.00000    -15.32562      0.32107      0.72536
     45.00000    -75.00000    -15.32578      0.30331      0.79698
     50.00000    -75.00000    -15.31588      0.28187      0.87246
     55.00000    -75.00000    -15.29505      0.25691      0.95437
     60.00000    -75.00000    -15.26254      0.22741      1.04527
     65.00000    -75.00000    -15.21785      0.19106      1.14704
     70.00000    -75.00000    -15.16082      0.14441      1.26031
     75.00000    -75.00000    -15.09167      0.08341      1.38396
     80.00000    -75.00000    -15.01105      0.00406      1.51501
     85.00000    -75.00000    -14.92002     -0.09676      1.64877
     90.00000    -75.00000    -14.81996     -0.22068      1.77930
     95.00000    -75.00000    -14.71248     -0.36741      1.90013
    100.00000    -75.00000    -14.59930     -0.53464      2.00505
    105.00000    -75.00000    -14.48209     -0.71828      2.08885
    110.00000    -75.00000    -14.36243     -0.91305      2.14792
    115.00000    -75.00000    -14.24169     -1.11318      2.18055
    120.00000    -75.00000    -14.12103     -1.31319      2.18692
    125.00000    -75.00000    -14.00144     -1.50854      2.16879
    130.00000    -75.00000    -13.88379     -1.69597      2.12893
    135.00000    -75.00000    -13.76886     -1.87358      2.07050
    140.00000    -75.00000    -13.65748     -2.04053      1.99644
    145.00000    -75.00000    -13.55050     -2.19653      1.90906
    150.00000    -75.00000    -13.44881     -2.34122      1.80993
    155.00000    -75.00000    -13.35337     -2.47376      1.69995
    160.00000    -75.00000    -13.26509     -2.59249      1.57976
    165.00000    -75.00000    -13.18484     -2.69513      1.45010
    170.00000    -75.00000    -13.11339     -2.77908      1.31219
    175.00000    -75.00000    -13.05139     -2.84209      1.16785
    180.00000    -75.00000    -12.99938     -2.88275      1.01939
    185.00000    -75.00000    -12.95785     -2.90093      0.86929
    190.00000    -75.00000    -12.92722     -2.89780      0.71975
    195.00000    -75.00000    -12.90789     -2.87555      0.57236
    200.00000    -75.00000    -12.90023     -2.83689      0.42788
    205.00000    -75.00000    -12.90454     -2.78441      0.28637
    210.00000    -75.00000    -12.92100     -2.72006      0.14748
    215.00000    -75.00000    -12.94958     -2.64491      0.01092
    220.00000    -75.00000    -12.99000     -2.55920     -0.12312
    225.00000    -75.00000    -13.04171     -2.46259     -0.25367
    230.00000    -75.00000    -13.10383     -2.35462     -0.37895
    235.00000    -75.00000    -13.17522     -2.23515     -0.49653
    240.00000    -75.00000    -13.25455     -2.10459     -0.60372
    245.00000    -75.00000    -13.34034     -1.96406     -0.69789
    250.00000    -75.00000    -13.43106     -1.81529     -0.77690
    255.00000    -75.00000    -13.52522     -1.66048     -0.83932
    260.00000    -75.00000    -13.62138     -1.50206     -0.88450
    265.00000    -75.00000    -13.71825     -1.34247     -0.91261
    270.00000    -75.00000    -13.81471     -1.18404     -0.92444
    275.00000    -75.00000    -13.90980     -1.02885     -0.92134
    280.00000    -75.00000    -14.00273     -0.87870     -0.90498
    285.00000    -75.00000    -14.09290     -0.73502     -0.87717
    290.00000    -75.00000    -14.17989     -0.59892     -0.83966
    295.00000    -75.00000    -14.26339     -0.47120     -0.79397
    300.00000    -75.00000    -14.34324     -0.35242     -0.74131
    305.00000    -75.00000    -14.41940     -0.24307     -0.68244
    310.00000    -75.00000    -14.49190     -0.14363     -0.61785
    315.00000    -75.00000    -14.56090     -0.05470     -0.54784
    320.00000    -75.00000    -14.62664      0.02311     -0.47283
    325.00000    -75.00000    -14.68943      0.08928     -0.39350
    330.00000    -75.00000    -14.74966      0.14365     -0.31101
    335.00000    -75.00000    -14.80772      0.18667     -0.22686
    340.00000    -75.00000    -14.86397      0.21955     -0.14279
    345.00000    -75.00000    -14.91868      0.24423     -0.06040
    350.00000    -75.00000    -14.97196      0.26312      0.01916
    355.00000    -75.00000    -15.02373      0.27865      0.09540
    360.00000    -75.00000    -15.07368      0.29274      0.16858
      0.00000    -70.00000    -14.97564      0.02242      0.40535
      5.00000    -70.00000    -15.04010      0.02327      0.47387
     10.00000    -70.00000    -15.10452      0.02421      0.53369
     15.00000    -70.00000    -15.16778      0.02323      0.58481
     20.00000    -70.00000    -15.22860      0.01740      0.62677
     25.00000    -70.00000    -15.28556      0.00460      0.65868
     30.00000    -70.00000    -15.33709     -0.01501      0.68005
     35.00000    -70.00000    -15.38136     -0.03837      0.69195
     40.00000    -70.00000    -15.41622     -0.06014      0.69800
     45.00000    -70.00000    -15.43914     -0.07424      0.70484
     50.00000    -70.00000    -15.44728     -0.07596      0.72165
     55.00000    -70.00000    -15.43776     -0.06394      0.75878
     60.00000    -70.00000    -15.40793     -0.04133      0.82592
     65.00000    -70.00000    -15.35580     -0.01589      0.93012
     70.00000    -70.00000    -15.28036      0.00099      1.07422
     75.00000    -70.00000    -15.18184     -0.00390      1.25598
     80.00000    -70.00000    -15.06177     -0.04333      1.46805
     85.00000    -70.00000    -14.92293     -0.12744      1.69871
     90.00000    -70.00000    -14.76901     -0.26193      1.93328
     95.00000    -70.00000    -14.60428     -0.44699      2.15589
    100.00000    -70.00000    -14.43308     -0.67714      2.35147
    105.00000    -70.00000    -14.25936     -0.94196      2.50751
    110.00000    -70.00000    -14.08635     -1.22766      2.61551
    115.00000    -70.00000    -13.91634     -1.51917      2.67185
    120.00000    -70.00000    -13.75065     -1.80240      2.67787
    125.00000    -70.00000    -13.58981     -2.06625      2.63927
    130.00000    -70.00000    -13.43379     -2.30390      2.56476
    135.00000    -70.00000    -13.28240     -2.51319      2.46440
    140.00000    -70.00000    -13.13557     -2.69595      2.34779
    145.00000    -70.00000    -12.99358     -2.85644      2.22267
    150.00000    -70.00000    -12.85717     -2.99938      2.09408
    155.00000    -70.00000    -12.72745     -3.12809      1.96433
    160.00000    -70.00000    -12.60578     -3.24322      1.83377
    165.00000    -70.00000    -12.49356     -3.34268      1.70187
    170.00000    -70.00000    -12.39205     -3.42251      1.56835
    175.00000    -70.00000    -12.30235     -3.47854      1.43386
    180.00000    -70.00000    -12.22542     -3.50823      1.29988
    185.00000    -70.00000    -12.16221     -3.51185      1.16805
    190.00000    -70.00000    -12.11381     -3.49271      1.03912
    195.00000    -70.00000    -12.08151     -3.45614      0.91215
    200.00000    -70.00000    -12.06676     -3.40782      0.78427
    205.00000    -70.00000    -12.07100     -3.35178      0.65132
    210.00000    -70.00000    -12.09538     -3.28919      0.50919
    215.00000    -70.00000    -12.14044     -3.21801      0.35539
    220.00000    -70.00000    -12.20587     -3.13389      0.19026
    225.00000    -70.00000    -12.29042     -3.03177      0.01758
    230.00000    -70.00000    -12.39191     -2.90767     -0.15594
    235.00000    -70.00000    -12.50749     -2.76006     -0.32180
    240.00000    -70.00000    -12.63388     -2.59039     -0.47129
    245.00000    -70.00000    -12.76769     -2.40277     -0.59700
    250.00000    -70.00000    -12.90570     -2.20308     -0.69380
    255.00000    -70.00000    -13.04505     -1.99785     -0.75931
    260.00000    -70.00000    -13.18337     -1.79334     -0.79373
    265.00000    -70.00000    -13.31876     -1.59496     -0.79950
    270.00000    -70.00000    -13.44987     -1.40702     -0.78064
    275.00000    -70.00000    -13.57581     -1.23266     -0.74231
    280.00000    -70.00000    -13.69610     -1.07387     -0.69032
    285.00000    -70.00000    -13.81059     -0.93138     -0.63058
    290.00000    -70.00000    -13.91936     -0.80455     -0.56853
    295.00000    -70.00000    -14.02257     -0.69143     -0.50846
    300.00000    -70.00000    -14.12043     -0.58913     -0.45286
    305.00000    -70.00000    -14.21302     -0.49441     -0.40196
    310.00000    -70.00000    -14.30037     -0.40467     -0.35379
    315.00000    -70.00000    -14.38246     -0.31872     -0.30474
    320.00000    -70.00000    -14.45939     -0.23729     -0.25056
    325.00000    -70.00000    -14.53144     -0.16287     -0.18768
    330.00000    -70.00000    -14.59924     -0.09889     -0.11431
    335.00000    -70.00000    -14.66373     -0.04845     -0.03108
    340.00000    -70.00000    -14.72610     -0.01307      0.05914
    345.00000    -70.00000    -14.78759      0.00811      0.15200
    350.00000    -70.00000    -14.84930      0.01819      0.24289
    355.00000    -70.00000    -14.91192      0.02157      0.32809
    360.00000    -70.00000    -14.97564      0.02242      0.40535
      0.00000    -65.00000    -14.72419     -0.17942      0.71730
      5.00000    -65.00000    -14.80142     -0.20519      0.79685
     10.00000    -65.00000    -14.88609     -0.23584      0.85087
     15.00000    -65.00000    -14.97709     -0.27365      0.87672
     20.00000    -65.00000    -15.07275     -0.32202      0.87189
     25.00000    -65.00000    -15.17096     -0.38162      0.83458
     30.00000    -65.00000    -15.26898     -0.44731      0.76559
     35.00000    -65.00000    -15.36315     -0.50755      0.67070
     40.00000    -65.00000    -15.44861     -0.54671      0.56225
     45.00000    -65.00000    -15.51923     -0.54966      0.45888
     50.00000    -65.00000    -15.56795     -0.50681      0.38324
     55.00000    -65.00000    -15.58750     -0.41792      0.35804
     60.00000    -65.00000    -15.57129     -0.29356      0.40192
     65.00000    -65.00000    -15.51444     -0.15376      0.52596
     70.00000    -65.00000    -15.41461     -0.02474      0.73189
     75.00000    -65.00000    -15.27243      0.06540      1.01201
     80.00000    -65.00000    -15.09164      0.09103      1.35046
     85.00000    -65.00000    -14.87875      0.03274      1.72535
     90.00000    -65.00000    -14.64227     -0.12003      2.11123
     95.00000    -65.00000    -14.39178     -0.36745      2.48167
    100.00000    -65.00000    -14.13679     -0.69920      2.81174
    105.00000    -65.00000    -13.88567     -1.09580      3.08025
    110.00000    -65.00000    -13.64478     -1.53113      3.27178
    115.00000    -65.00000    -13.41796     -1.97610      3.37810
    120.00000    -65.00000    -13.20649     -2.40268      3.39887
    125.00000    -65.00000    -13.00944     -2.78784      3.34153
    130.00000    -65.00000    -12.82435     -3.11655      3.22007
    135.00000    -65.00000    -12.64815     -3.38335      3.05284
    140.00000    -65.00000    -12.47799     -3.59186      2.85967
    145.00000    -65.00000    -12.31196     -3.75242      2.65878
    150.00000    -65.00000    -12.14939     -3.87822      2.46429
    155.00000    -65.00000    -11.99086     -3.98108      2.28490
    160.00000    -65.00000    -11.83783     -4.06806      2.12415
    165.00000    -65.00000    -11.69218     -4.14017      1.98187
    170.00000    -65.00000    -11.55583     -4.19357      1.85629
    175.00000    -65.00000    -11.43053     -4.22279      1.74561
    180.00000    -65.00000    -11.31802     -4.22464      1.64847
    185.00000    -65.00000    -11.22037     -4.20106      1.56308
    190.00000    -65.00000    -11.14040     -4.15963      1.48555
    195.00000    -65.00000    -11.08182     -4.11123      1.40850
    200.00000    -65.00000    -11.04907     -4.06578      1.32106
    205.00000    -65.00000    -11.04668     -4.02787      1.21058
    210.00000    -65.00000    -11.07836     -3.99407      1.06594
    215.00000    -65.00000    -11.14606     -3.95325      0.88118
    220.00000    -65.00000    -11.24928     -3.88975      0.65803
    225.00000    -65.00000    -11.38494     -3.78829      0.40657
    230.00000    -65.00000    -11.54763     -3.63864      0.14348
    235.00000    -65.00000    -11.73042     -3.43858     -0.11134
    240.00000    -65.00000    -11.92579     -3.19419     -0.33864
    245.00000    -65.00000    -12.12653     -2.91783     -0.52313
    250.00000    -65.00000    -12.32641     -2.62489     -0.65524
    255.00000    -65.00000    -12.52052     -2.33062     -0.73151
    260.00000    -65.00000    -12.70543     -2.04800     -0.75375
    265.00000    -65.00000    -12.87903     -1.78693     -0.72775
    270.00000    -65.00000    -13.04048     -1.55446     -0.66219
    275.00000    -65.00000    -13.18994     -1.35532     -0.56778
    280.00000    -65.00000    -13.32845     -1.19208     -0.45667
    285.00000    -65.00000    -13.45763     -1.06471     -0.34167
    290.00000    -65.00000    -13.57937     -0.96993     -0.23512
    295.00000    -65.00000    -13.69543     -0.90070     -0.14720
    300.00000    -65.00000    -13.80700     -0.84665     -0.08413
    305.00000    -65.00000    -13.91446     -0.79569     -0.04667
    310.00000    -65.00000    -14.01723     -0.73663     -0.02960
    315.00000    -65.00000    -14.11402     -0.66212     -0.02252
    320.00000    -65.00000    -14.20329     -0.57093     -0.01219
    325.00000    -65.00000    -14.28383     -0.46852      0.01432
    330.00000    -65.00000    -14.35545     -0.36561      0.06621
    335.00000    -65.00000    -14.41925     -0.27488      0.14659
    340.00000    -65.00000    -14.47766     -0.20685      0.25183
    345.00000    -65.00000    -14.53404     -0.16675      0.37288
    350.00000    -65.00000    -14.59199     -0.15328      0.49798
    355.00000    -65.00000    -14.65467     -0.16015      0.61575
    360.00000    -65.00000    -14.72419     -0.17942      0.71730
      0.00000    -60.00000    -14.29307     -0.31421      1.13348
      5.00000    -60.00000    -14.37559     -0.38740      1.23169
     10.00000    -60.00000    -14.48066     -0.47796      1.27608
     15.00000    -60.00000    -14.60779     -0.58596      1.25957
     20.00000    -60.00000    -14.75494     -0.71224      1.17746
     25.00000    -60.00000    -14.91865     -0.85152      1.02908
     30.00000    -60.00000    -15.09367     -0.98762      0.82115
     35.00000    -60.00000    -15.27236     -1.09403      0.57113
     40.00000    -60.00000    -15.44420     -1.14025      0.30821
     45.00000    -60.00000    -15.59604     -1.10145      0.07037
     50.00000    -60.00000    -15.71315     -0.96750     -0.10203
     55.00000    -60.00000    -15.78097     -0.74772     -0.17429
     60.00000    -60.00000    -15.78714     -0.46983     -0.12404
     65.00000    -60.00000    -15.72331     -0.17427      0.05545
     70.00000    -60.00000    -15.58636      0.09361      0.35585
     75.00000    -60.00000    -15.37880      0.29071      0.75734
     80.00000    -60.00000    -15.10862      0.38145      1.23296
     85.00000    -60.00000    -14.78835      0.34097      1.75252
     90.00000    -60.00000    -14.43379      0.15692      2.28514
     95.00000    -60.00000    -14.06228     -0.16957      2.80075
    100.00000    -60.00000    -13.69082     -0.62400      3.27115
    105.00000    -60.00000    -13.33428     -1.17973      3.67092
    110.00000    -60.00000    -13.00385     -1.80077      3.97860
    115.00000    -60.00000    -12.70614     -2.44561      4.17815
    120.00000    -60.00000    -12.44297     -3.07195      4.26073
    125.00000    -60.00000    -12.21181     -3.64163      4.22655
    130.00000    -60.00000    -12.00692     -4.12548      4.08615
    135.00000    -60.00000    -11.82073     -4.50705      3.86022
    140.00000    -60.00000    -11.64552     -4.78445      3.57738
    145.00000    -60.00000    -11.47470     -4.96907      3.26985
    150.00000    -60.00000    -11.30384     -5.08123      2.96820
    155.00000    -60.00000    -11.13087     -5.14362      2.69662
    160.00000    -60.00000    -10.95579     -5.17460      2.47026
    165.00000    -60.00000    -10.78000     -5.18415      2.29522
    170.00000    -60.00000    -10.60555     -5.17376      2.17071
    175.00000    -60.00000    -10.43489     -5.14059      2.09190
    180.00000    -60.00000    -10.27108     -5.08371      2.05183
    185.00000    -60.00000    -10.11852     -5.00933      2.04138
    190.00000    -60.00000     -9.98376     -4.93195      2.04785
    195.00000    -60.00000     -9.87570     -4.87030      2.05331
    200.00000    -60.00000     -9.80510     -4.83944      2.03496
    205.00000    -60.00000     -9.78288     -4.84261      1.96828
    210.00000    -60.00000     -9.81799     -4.86674      1.83260
    215.00000    -60.00000     -9.91514     -4.88424      1.61726
    220.00000    -60.00000    -10.07341     -4.86049      1.32567
    225.00000    -60.00000    -10.28599     -4.76429      0.97576
    230.00000    -60.00000    -10.54124     -4.57702      0.59646
    235.00000    -60.00000    -10.82459     -4.29736      0.22161
    240.00000    -60.00000    -11.12088     -3.94035     -0.11658
    245.00000    -60.00000    -11.41623     -3.53202     -0.39264
    250.00000    -60.00000    -11.69944     -3.10226     -0.59041
    255.00000    -60.00000    -11.96253     -2.67866     -0.70320
    260.00000    -60.00000    -12.20072     -2.28315     -0.73249
    265.00000    -60.00000    -12.41211     -1.93148     -0.68611
    270.00000    -60.00000    -12.59728     -1.63455     -0.57693
    275.00000    -60.00000    -12.75890     -1.39980     -0.42190
    280.00000    -60.00000    -12.90134     -1.23151     -0.24123
    285.00000    -60.00000    -13.03010     -1.12956     -0.05704
    290.00000    -60.00000    -13.15106     -1.08750      0.10889
    295.00000    -60.00000    -13.26942     -1.09120      0.23817
    300.00000    -60.00000    -13.38872     -1.11918      0.31899
    305.00000    -60.00000    -13.50996     -1.14542      0.34879
    310.00000    -60.00000    -13.63129     -1.14430      0.33550
    315.00000    -60.00000    -13.74840     -1.09668      0.29664
    320.00000    -60.00000    -13.85568     -0.99543      0.25617
    325.00000    -60.00000    -13.94781     -0.84820      0.23913
    330.00000    -60.00000    -14.02154     -0.67599      0.26558
    335.00000    -60.00000    -14.07696     -0.50735      0.34529
    340.00000    -60.00000    -14.11797     -0.36987      0.47526
    345.00000    -60.00000    -14.15161     -0.28206      0.64097
    350.00000    -60.00000    -14.18660     -0.24911      0.82079
    355.00000    -60.00000    -14.23148     -0.26417      0.99160
    360.00000    -60.00000    -14.29307     -0.31421      1.13348
      0.00000    -55.00000    -13.64844     -0.39940      1.67392
      5.00000    -55.00000    -13.72634     -0.54294      1.79076
     10.00000    -55.00000    -13.85295     -0.72477      1.81534
     15.00000    -55.00000    -14.02920     -0.93821      1.73489
     20.00000    -55.00000    -14.25219     -1.17579      1.54392
     25.00000    -55.00000    -14.51548     -1.41926      1.24736
     30.00000    -55.00000    -14.80845     -1.63414      0.86495
     35.00000    -55.00000    -15.11554     -1.77365      0.43414
     40.00000    -55.00000    -15.41599     -1.79163      0.00819
     45.00000    -55.00000    -15.68502     -1.65919     -0.35190
     50.00000    -55.00000    -15.89649     -1.37708     -0.58981
     55.00000    -55.00000    -16.02648     -0.97815     -0.66627
     60.00000    -55.00000    -16.05672     -0.51907     -0.56670
     65.00000    -55.00000    -15.97694     -0.06592     -0.30112
     70.00000    -55.00000    -15.78571      0.31974      0.10264
     75.00000    -55.00000    -15.49005      0.58911      0.60872
     80.00000    -55.00000    -15.10423      0.70831      1.18157
     85.00000    -55.00000    -14.64827      0.65692      1.79020
     90.00000    -55.00000    -14.14613      0.42647      2.40863
     95.00000    -55.00000    -13.62360      0.02023      3.01414
    100.00000    -55.00000    -13.10591     -0.54649      3.58530
    105.00000    -55.00000    -12.61535     -1.24683      4.10020
    110.00000    -55.00000    -12.16918     -2.04421      4.53551
    115.00000    -55.00000    -11.77838     -2.89466      4.86651
    120.00000    -55.00000    -11.44719     -3.74936      5.06926
    125.00000    -55.00000    -11.17342     -4.55764      5.12543
    130.00000    -55.00000    -10.94934     -5.27171      5.02856
    135.00000    -55.00000    -10.76323     -5.85330      4.78960
    140.00000    -55.00000    -10.60126     -6.28053      4.43845
    145.00000    -55.00000    -10.44966     -6.55213      4.02029
    150.00000    -55.00000    -10.29659     -6.68625      3.58733
    155.00000    -55.00000    -10.13341     -6.71365      3.18870
    160.00000    -55.00000     -9.95503     -6.66768      2.86188
    165.00000    -55.00000     -9.75950     -6.57526      2.62818
    170.00000    -55.00000     -9.54737     -6.45280      2.49278
    175.00000    -55.00000     -9.32128     -6.30857      2.44835
    180.00000    -55.00000     -9.08636     -6.14992      2.47943
    185.00000    -55.00000     -8.85120     -5.99090      2.56529
    190.00000    -55.00000     -8.62903     -5.85486      2.68046
    195.00000    -55.00000     -8.43792     -5.76926      2.79397
    200.00000    -55.00000     -8.29943     -5.75398      2.86999
    205.00000    -55.00000     -8.23537     -5.80879      2.87180
    210.00000    -55.00000     -8.26348     -5.90692      2.76894
    215.00000    -55.00000     -8.39324     -5.99899      2.54513
    220.00000    -55.00000     -8.62328     -6.02637      2.20344
    225.00000    -55.00000     -8.94120     -5.93854      1.76663
    230.00000    -55.00000     -9.32580     -5.70729      1.27239
    235.00000    -55.00000     -9.75091     -5.33272      0.76577
    240.00000    -55.00000    -10.18957     -4.84015      0.29130
    245.00000    -55.00000    -10.61757     -4.27076     -0.11313
    250.00000    -55.00000    -11.01572     -3.67049     -0.41982
    255.00000    -55.00000    -11.37080     -3.08126     -0.61253
    260.00000    -55.00000    -11.67554     -2.53672     -0.68644
    265.00000    -55.00000    -11.92811     -2.06202     -0.64753
    270.00000    -55.00000    -12.13142     -1.67566     -0.51188
    275.00000    -55.00000    -12.29253     -1.39088     -0.30445
    280.00000    -55.00000    -12.42172     -1.21494     -0.05681
    285.00000    -55.00000    -12.53141     -1.14672      0.19648
    290.00000    -55.00000    -12.63436     -1.17396      0.42263
    295.00000    -55.00000    -12.74171     -1.27205      0.59549
    300.00000    -55.00000    -12.86086     -1.40543      0.69937
    305.00000    -55.00000    -12.99391     -1.53173      0.73135
    310.00000    -55.00000    -13.13698     -1.60859      0.70191
    315.00000    -55.00000    -13.28083     -1.60210      0.63388
    320.00000    -55.00000    -13.41292     -1.49563      0.55922
    325.00000    -55.00000    -13.52053     -1.29611      0.51310
    330.00000    -55.00000    -13.59438     -1.03448      0.52598
    335.00000    -55.00000    -13.63173     -0.75857      0.61534
    340.00000    -55.00000    -13.63781     -0.51941      0.78046
    345.00000    -55.00000    -13.62519     -0.35636      1.00239
    350.00000    -55.00000    -13.61108     -0.28716      1.24925
    355.00000    -55.00000    -13.61364     -0.30751      1.48439
    360.00000    -55.00000    -13.64844     -0.39940      1.67392
      0.00000    -50.00000    -12.75138     -0.45346      2.34808
      5.00000    -50.00000    -12.81300     -0.68604      2.48100
     10.00000    -50.00000    -12.96357     -0.98634      2.47644
     15.00000    -50.00000    -13.20617     -1.33472      2.31575
     20.00000    -50.00000    -13.53582     -1.70718      1.99571
     25.00000    -50.00000    -13.93991     -2.06415      1.53305
     30.00000    -50.00000    -14.39782     -2.34685      0.96806
     35.00000    -50.00000    -14.88047     -2.48697      0.36404
     40.00000    -50.00000    -15.35118     -2.42785     -0.20011
     45.00000    -50.00000    -15.76887     -2.14788     -0.64431
     50.00000    -50.00000    -16.09331     -1.67392     -0.90497
     55.00000    -50.00000    -16.29116     -1.07675     -0.94967
     60.00000    -50.00000    -16.34061     -0.45018     -0.78245
     65.00000    -50.00000    -16.23326      0.11582     -0.43722
     70.00000    -50.00000    -15.97327      0.55470      0.03726
     75.00000    -50.00000    -15.57481      0.82823      0.59349
     80.00000    -50.00000    -15.05947      0.91935      1.19526
     85.00000    -50.00000    -14.45437      0.82179      1.81937
     90.00000    -50.00000    -13.79056      0.53431      2.45156
     95.00000    -50.00000    -13.10113      0.06111      3.08132
    100.00000    -50.00000    -12.41862     -0.58580      3.69803
    105.00000    -50.00000    -11.77222     -1.38634      4.28801
    110.00000    -50.00000    -11.18551     -2.31410      4.83106
    115.00000    -50.00000    -10.67520     -3.33679      5.29730
    120.00000    -50.00000    -10.25065     -4.41311      5.64748
    125.00000    -50.00000     -9.91373     -5.48882      5.83972
    130.00000    -50.00000     -9.65865     -6.49731      5.84187
    135.00000    -50.00000     -9.47232     -7.36845      5.64484
    140.00000    -50.00000     -9.33556     -8.04361      5.27069
    145.00000    -50.00000     -9.22559     -8.49024      4.77157
    150.00000    -50.00000     -9.11920     -8.70894      4.21969
    155.00000    -50.00000     -8.99581     -8.73003      3.69206
    160.00000    -50.00000     -8.83959     -8.60160      3.25488
    165.00000    -50.00000     -8.64052     -8.37481      2.95210
    170.00000    -50.00000     -8.39445     -8.09256      2.80069
    175.00000    -50.00000     -8.10308     -7.78604      2.79303
    180.00000    -50.00000     -7.77436     -7.47943      2.90389
    185.00000    -50.00000     -7.42352     -7.19843      3.09793
    190.00000    -50.00000     -7.07413     -6.97540      3.33455
    195.00000    -50.00000     -6.75803     -6.84496      3.56956
    200.00000    -50.00000     -6.51264     -6.83010      3.75606
    205.00000    -50.00000     -6.37558     -6.92582      3.84797
    210.00000    -50.00000     -6.37744     -7.09069      3.80698
    215.00000    -50.00000     -6.53501     -7.25308      3.61065
    220.00000    -50.00000     -6.84723     -7.33058      3.25790
    225.00000    -50.00000     -7.29513     -7.25378      2.76944
    230.00000    -50.00000     -7.84557     -6.98424      2.18367
    235.00000    -50.00000     -8.45729     -6.52075      1.55029
    240.00000    -50.00000     -9.08732     -5.89413      0.92369
    245.00000    -50.00000     -9.69645     -5.15558      0.35695
    250.00000    -50.00000    -10.25288     -4.36410     -0.10352
    255.00000    -50.00000    -10.73416     -3.57688     -0.42295
    260.00000    -50.00000    -11.12777     -2.84438     -0.58237
    265.00000    -50.00000    -11.43084     -2.20892     -0.58132
    270.00000    -50.00000    -11.64949     -1.70456     -0.43858
    275.00000    -50.00000    -11.79762     -1.35564     -0.19001
    280.00000    -50.00000    -11.89522     -1.17329      0.11683
    285.00000    -50.00000    -11.96564     -1.15143      0.43103
    290.00000    -50.00000    -12.03225     -1.26503      0.70755
    295.00000    -50.00000    -12.11468     -1.47242      0.91461
    300.00000    -50.00000    -12.22549     -1.72064      1.03703
    305.00000    -50.00000    -12.36787     -1.95200      1.07570
    310.00000    -50.00000    -12.53482     -2.11065      1.04528
    315.00000    -50.00000    -12.71025     -2.15014      0.97198
    320.00000    -50.00000    -12.87192     -2.04332      0.89131
    325.00000    -50.00000    -12.99651     -1.79258      0.84369
    330.00000    -50.00000    -13.06559     -1.43496      0.86641
    335.00000    -50.00000    -13.07140     -1.03647      0.98333
    340.00000    -50.00000    -13.02021     -0.67443      1.19642
    345.00000    -50.00000    -12.93205     -0.41454      1.48367
    350.00000    -50.00000    -12.83653     -0.29311      1.80432
    355.00000    -50.00000    -12.76647     -0.31301      2.10871
    360.00000    -50.00000    -12.75138     -0.45346      2.34808
      0.00000    -45.00000    -11.56296     -0.48296      3.15254
      5.00000    -45.00000    -11.59449     -0.81472      3.30251
     10.00000    -45.00000    -11.77146     -1.25167      3.26652
     15.00000    -45.00000    -12.09956     -1.75405      3.02106
     20.00000    -45.00000    -12.56937     -2.27183      2.56947
     25.00000    -45.00000    -13.15737     -2.73650      1.94689
     30.00000    -45.00000    -13.82670     -3.06295      1.21966
     35.00000    -45.00000    -14.52832     -3.16639      0.47740
     40.00000    -45.00000    -15.20431     -2.99028     -0.18181
     45.00000    -45.00000    -15.79408     -2.53347     -0.67059
     50.00000    -45.00000    -16.24292     -1.86092     -0.93095
     55.00000    -45.00000    -16.51027     -1.08859     -0.94654
     60.00000    -45.00000    -16.57484     -0.34673     -0.74239
     65.00000    -45.00000    -16.43456      0.26018     -0.37131
     70.00000    -45.00000    -16.10241      0.67599      0.10746
     75.00000    -45.00000    -15.60082      0.88852      0.64673
     80.00000    -45.00000    -14.95781      0.90727      1.21894
     85.00000    -45.00000    -14.20567      0.74189      1.81202
     90.00000    -45.00000    -13.38072      0.39517      2.42056
     95.00000    -45.00000    -12.52207     -0.13115      3.03976
    100.00000    -45.00000    -11.66857     -0.82961      3.66403
    105.00000    -45.00000    -10.85535     -1.68815      4.28612
    110.00000    -45.00000    -10.11145     -2.69610      4.89209
    115.00000    -45.00000     -9.45957     -3.84441      5.45323
    120.00000    -45.00000     -8.91633     -5.11404      5.92197
    125.00000    -45.00000     -8.49166     -6.45876      6.23856
    130.00000    -45.00000     -8.18662     -7.79679      6.34833
    135.00000    -45.00000     -7.99095     -9.02074      6.22207
    140.00000    -45.00000     -7.88244    -10.02332      5.86992
    145.00000    -45.00000     -7.82892    -10.72598      5.34306
    150.00000    -45.00000     -7.79279    -11.09730      4.72389
    155.00000    -45.00000     -7.73648    -11.15571      4.10902
    160.00000    -45.00000     -7.62733    -10.95842      3.58968
    165.00000    -45.00000     -7.44136    -10.58284      3.23404
    170.00000    -45.00000     -7.16538    -10.10735      3.07554
    175.00000    -45.00000     -6.79816     -9.59786      3.11078
    180.00000    -45.00000     -6.35098     -9.10472      3.30692
    185.00000    -45.00000     -5.84823     -8.66900      3.61415
    190.00000    -45.00000     -5.32776     -8.33056      3.97667
    195.00000    -45.00000     -4.83976     -8.12767      4.33829
    200.00000    -45.00000     -4.44244     -8.08400      4.64393
    205.00000    -45.00000     -4.19394     -8.18985      4.84156
    210.00000    -45.00000     -4.14178     -8.39184      4.88730
    215.00000    -45.00000     -4.31305     -8.60067      4.75227
    220.00000    -45.00000     -4.70867     -8.71528      4.42761
    225.00000    -45.00000     -5.30352     -8.65094      3.92553
    230.00000    -45.00000     -6.05163     -8.35838      3.27759
    235.00000    -45.00000     -6.89426     -7.82896      2.53211
    240.00000    -45.00000     -7.76849     -7.08890      1.75100
    245.00000    -45.00000     -8.61468     -6.18946      1.00449
    250.00000    -45.00000     -9.38231     -5.19711      0.36258
    255.00000    -45.00000    -10.03386     -4.18542     -0.11577
    260.00000    -45.00000    -10.54721     -3.22846     -0.39260
    265.00000    -45.00000    -10.91639     -2.39551     -0.45773
    270.00000    -45.00000    -11.15123     -1.74554     -0.33084
    275.00000    -45.00000    -11.27544     -1.32023     -0.05839
    280.00000    -45.00000    -11.32316     -1.13549      0.29508
    285.00000    -45.00000    -11.33378     -1.17547      0.66050
    290.00000    -45.00000    -11.34562     -1.39368      0.97908
    295.00000    -45.00000    -11.38963     -1.72282      1.21332
    300.00000    -45.00000    -11.48458     -2.08848      1.35003
    305.00000    -45.00000    -11.63427     -2.41960      1.39613
    310.00000    -45.00000    -11.82711     -2.65268      1.37200
    315.00000    -45.00000    -12.03789     -2.73403      1.30732
    320.00000    -45.00000    -12.23197     -2.62716      1.23985
    325.00000    -45.00000    -12.37212     -2.32692      1.21306
    330.00000    -45.00000    -12.42766     -1.87196      1.26860
    335.00000    -45.00000    -12.38370     -1.34366      1.43417
    340.00000    -45.00000    -12.24740     -0.84583      1.71251
    345.00000    -45.00000    -12.04845     -0.47318      2.07770
    350.00000    -45.00000    -11.83329     -0.28458      2.48062
    355.00000    -45.00000    -11.65504     -0.29443      2.85985
    360.00000    -45.00000    -11.56296     -0.48296      3.15254
      0.00000    -40.00000    -10.05128     -0.48315      4.06895
      5.00000    -40.00000    -10.03605     -0.91535      4.24125
     10.00000    -40.00000    -10.24013     -1.49699      4.17871
     15.00000    -40.00000    -10.67171     -2.16123      3.85516
     20.00000    -40.00000    -11.31351     -2.82279      3.28499
     25.00000    -40.00000    -12.12498     -3.37906      2.52700
     30.00000    -40.00000    -13.04580     -3.72220      1.67559
     35.00000    -40.00000    -14.00087     -3.76232      0.84174
     40.00000    -40.00000    -14.90749     -3.45683      0.13051
     45.00000    -40.00000    -15.68522     -2.83503     -0.37868
     50.00000    -40.00000    -16.26708     -2.00262     -0.64536
     55.00000    -40.00000    -16.60911     -1.11580     -0.67207
     60.00000    -40.00000    -16.69443     -0.33057     -0.49729
     65.00000    -40.00000    -16.53001      0.24769     -0.17764
     70.00000    -40.00000    -16.13819      0.58573      0.23383
     75.00000    -40.00000    -15.54808      0.70435      0.70266
     80.00000    -40.00000    -14.79150      0.63814      1.21422
     85.00000    -40.00000    -13.90373      0.40472      1.76353
     90.00000    -40.00000    -12.92565      0.00222      2.34424
     95.00000    -40.00000    -11.90289     -0.57338      2.94591
    100.00000    -40.00000    -10.88118     -1.31574      3.55890
    105.00000    -40.00000     -9.90106     -2.21518      4.17764
    110.00000    -40.00000     -8.99571     -3.27546      4.79440
    115.00000    -40.00000     -8.19268     -4.51664      5.38598
    120.00000    -40.00000     -7.51635     -5.95185      5.90484
    125.00000    -40.00000     -6.98708     -7.55135      6.28513
    130.00000    -40.00000     -6.61632     -9.22166      6.46287
    135.00000    -40.00000     -6.40017    -10.81761      6.39964
    140.00000    -40.00000     -6.31577    -12.18123      6.09752
    145.00000    -40.00000     -6.32260    -13.18485      5.60079
    150.00000    -40.00000     -6.36800    -13.75911      4.98775
    155.00000    -40.00000     -6.39476    -13.90062      4.35746
    160.00000    -40.00000     -6.34896    -13.66483      3.81303
    165.00000    -40.00000     -6.18712    -13.14914      3.44181
    170.00000    -40.00000     -5.88200    -12.46935      3.29623
    175.00000    -40.00000     -5.42644    -11.73441      3.38337
    180.00000    -40.00000     -4.83478    -11.02946      3.66865
    185.00000    -40.00000     -4.14270    -10.41478      4.09138
    190.00000    -40.00000     -3.40593     -9.93600      4.58232
    195.00000    -40.00000     -2.69728     -9.63115      5.07459
    200.00000    -40.00000     -2.10016     -9.52242      5.50636
    205.00000    -40.00000     -1.69752     -9.59714      5.82111
    210.00000    -40.00000     -1.55768     -9.79489      5.97015
    215.00000    -40.00000     -1.72119    -10.01571      5.91778
    220.00000    -40.00000     -2.19335    -10.14687      5.64570
    225.00000    -40.00000     -2.94429    -10.09264      5.15520
    230.00000    -40.00000     -3.91542     -9.79192      4.46843
    235.00000    -40.00000     -5.02912     -9.22143      3.63045
    240.00000    -40.00000     -6.19893     -8.39207      2.70961
    245.00000    -40.00000     -7.33939     -7.34570      1.79229
    250.00000    -40.00000     -8.37464     -6.15209      0.97027
    255.00000    -40.00000     -9.24576     -4.90275      0.32436
    260.00000    -40.00000     -9.91600     -3.70041     -0.09001
    265.00000    -40.00000    -10.37348     -2.64699     -0.25145
    270.00000    -40.00000    -10.63131     -1.83157     -0.17538
    275.00000    -40.00000    -10.72503     -1.31739      0.08863
    280.00000    -40.00000    -10.70700     -1.12773      0.46575
    285.00000    -40.00000    -10.63778     -1.23641      0.87184
    290.00000    -40.00000    -10.57564     -1.57138      1.23304
    295.00000    -40.00000    -10.56666     -2.03383      1.50143
    300.00000    -40.00000    -10.63765     -2.52348      1.66026
    305.00000    -40.00000    -10.79298     -2.95510      1.71835
    310.00000    -40.00000    -11.01486     -3.25961      1.70080
    315.00000    -40.00000    -11.26623     -3.37829      1.64303
    320.00000    -40.00000    -11.49629     -3.26593      1.58934
    325.00000    -40.00000    -11.64988     -2.90895      1.59026
    330.00000    -40.00000    -11.68040     -2.34709      1.69326
    335.00000    -40.00000    -11.56381     -1.67765      1.92779
    340.00000    -40.00000    -11.30864     -1.03191      2.29286
    345.00000    -40.00000    -10.95742     -0.53388      2.75440
    350.00000    -40.00000    -10.57851     -0.26514      3.25304
    355.00000    -40.00000    -10.25147     -0.25328      3.71630
    360.00000    -40.00000    -10.05128     -0.48315      4.06895
      0.00000    -35.00000     -8.19910     -0.44740      5.06244
      5.00000    -35.00000     -8.11778     -0.97483      5.26267
     10.00000    -35.00000     -8.34691     -1.70061      5.18159
     15.00000    -35.00000     -8.89654     -2.52522      4.79362
     20.00000    -35.00000     -9.73723     -3.32067      4.12766
     25.00000    -35.00000    -10.80439     -3.94843      3.26810
     30.00000    -35.00000    -12.00694     -4.28613      2.33521
     35.00000    -35.00000    -13.23876     -4.25417      1.45345
     40.00000    -35.00000    -14.39143     -3.83779      0.72257
     45.00000    -35.00000    -15.36736     -3.10095      0.20167
     50.00000    -35.00000    -16.09189     -2.18232     -0.09292
     55.00000    -35.00000    -16.52184     -1.26217     -0.17995
     60.00000    -35.00000    -16.64699     -0.50479     -0.09944
     65.00000    -35.00000    -16.48285     -0.00372      0.10428
     70.00000    -35.00000    -16.05834      0.23508      0.39772
     75.00000    -35.00000    -15.40543      0.26077      0.76456
     80.00000    -35.00000    -14.55648      0.12198      1.19982
     85.00000    -35.00000    -13.54862     -0.16818      1.69742
     90.00000    -35.00000    -12.42848     -0.62413      2.24207
     95.00000    -35.00000    -11.25071     -1.25565      2.81275
    100.00000    -35.00000    -10.06995     -2.05117      3.39323
    105.00000    -35.00000     -8.93242     -2.99611      3.97724
    110.00000    -35.00000     -7.87406     -4.10537      4.56028
    115.00000    -35.00000     -6.92550     -5.42949      5.12324
    120.00000    -35.00000     -6.11782     -7.01660      5.62229
    125.00000    -35.00000     -5.48197     -8.85426      5.99599
    130.00000    -35.00000     -5.04046    -10.83682      6.18647
    135.00000    -35.00000     -4.79665    -12.78355      6.16078
    140.00000    -35.00000     -4.72833    -14.49329      5.92080
    145.00000    -35.00000     -4.78853    -15.79920      5.50122
    150.00000    -35.00000     -4.91166    -16.59885      4.96369
    155.00000    -35.00000     -5.02192    -16.86167      4.39229
    160.00000    -35.00000     -5.04264    -16.62744      3.88633
    165.00000    -35.00000     -4.90686    -15.99960      3.54363
    170.00000    -35.00000     -4.56818    -15.12525      3.43532
    175.00000    -35.00000     -4.00947    -14.15953      3.58448
    180.00000    -35.00000     -3.24676    -13.22956      3.96196
    185.00000    -35.00000     -2.32829    -12.41921      4.50168
    190.00000    -35.00000     -1.33073    -11.77942      5.12376
    195.00000    -35.00000     -0.35328    -11.34506      5.75141
    200.00000    -35.00000      0.49151    -11.13578      6.31604
    205.00000    -35.00000      1.09204    -11.13831      6.75627
    210.00000    -35.00000      1.35565    -11.29076      7.01805
    215.00000    -35.00000      1.22519    -11.48903      7.05834
    220.00000    -35.00000      0.68847    -11.61440      6.84952
    225.00000    -35.00000     -0.22164    -11.56289      6.38308
    230.00000    -35.00000     -1.43450    -11.25989      5.67403
    235.00000    -35.00000     -2.85244    -10.66186      4.76616
    240.00000    -35.00000     -4.36250     -9.75778      3.73405
    245.00000    -35.00000     -5.84866     -8.57597      2.67621
    250.00000    -35.00000     -7.20435     -7.18926      1.69871
    255.00000    -35.00000     -8.34396     -5.70845      0.89562
    260.00000    -35.00000     -9.21164     -4.26478      0.33431
    265.00000    -35.00000     -9.78617     -2.99018      0.04795
    270.00000    -35.00000    -10.08199     -2.00128      0.03266
    275.00000    -35.00000    -10.14632     -1.38375      0.24705
    280.00000    -35.00000    -10.05189     -1.17337      0.61700
    285.00000    -35.00000     -9.88465     -1.34033      1.04980
    290.00000    -35.00000     -9.72826     -1.79148      1.45633
    295.00000    -35.00000     -9.64911     -2.39673      1.77210
    300.00000    -35.00000     -9.68572     -3.02632      1.96752
    305.00000    -35.00000     -9.84443     -3.57527      2.04539
    310.00000    -35.00000    -10.10012     -3.96297      2.03238
    315.00000    -35.00000    -10.40036     -4.12076      1.97261
    320.00000    -35.00000    -10.67301     -3.99234      1.92401
    325.00000    -35.00000    -10.83921     -3.55777      1.95124
    330.00000    -35.00000    -10.83192     -2.86391      2.11072
    335.00000    -35.00000    -10.61611     -2.03109      2.43172
    340.00000    -35.00000    -10.20319     -1.22183      2.90415
    345.00000    -35.00000     -9.65292     -0.58809      3.48043
    350.00000    -35.00000     -9.06160     -0.22994      4.08817
    355.00000    -35.00000     -8.54150     -0.18589      4.64403
    360.00000    -35.00000     -8.19910     -0.44740      5.06244
      0.00000    -30.00000     -6.01074     -0.37349      6.08023
      5.00000    -30.00000     -5.84301     -0.98721      6.31005
     10.00000    -30.00000     -6.09264     -1.85008      6.21816
     15.00000    -30.00000     -6.77036     -2.82647      5.78368
     20.00000    -30.00000     -7.82985     -3.74154      5.05156
     25.00000    -30.00000     -9.17554     -4.42221      4.12896
     30.00000    -30.00000    -10.67900     -4.74158      3.15521
     35.00000    -30.00000    -12.19978     -4.64516      2.25970
     40.00000    -30.00000    -13.60503     -4.15709      1.52927
     45.00000    -30.00000    -14.78492     -3.37553      0.99801
     50.00000    -30.00000    -15.66300     -2.45829      0.65769
     55.00000    -30.00000    -16.20079     -1.58835      0.47806
     60.00000    -30.00000    -16.39490     -0.91881      0.42638
     65.00000    -30.00000    -16.26608     -0.52229      0.48013
     70.00000    -30.00000    -15.84469     -0.38155      0.63063
     75.00000    -30.00000    -15.16091     -0.43259      0.87750
     80.00000    -30.00000    -14.24518     -0.62768      1.21778
     85.00000    -30.00000    -13.13678     -0.96735      1.63733
     90.00000    -30.00000    -11.89043     -1.47945      2.11122
     95.00000    -30.00000    -10.57263     -2.17502      2.61328
    100.00000    -30.00000     -9.24884     -3.03262      3.12655
    105.00000    -30.00000     -7.97153     -4.03107      3.64436
    110.00000    -30.00000     -6.77871     -5.19672      4.15980
    115.00000    -30.00000     -5.70280     -6.60949      4.65175
    120.00000    -30.00000     -4.78001     -8.34756      5.08005
    125.00000    -30.00000     -4.04987    -10.40881      5.39558
    130.00000    -30.00000     -3.54374    -12.67142      5.55843
    135.00000    -30.00000     -3.27042    -14.92339      5.55114
    140.00000    -30.00000     -3.20823    -16.93377      5.37975
    145.00000    -30.00000     -3.30617    -18.51342      5.06778
    150.00000    -30.00000     -3.49009    -19.53803      4.65397
    155.00000    -30.00000     -3.66974    -19.94854      4.19799
    160.00000    -30.00000     -3.74723    -19.75600      3.78466
    165.00000    -30.00000     -3.62996    -19.05299      3.51318
    170.00000    -30.00000     -3.24782    -18.00664      3.46890
    175.00000    -30.00000     -2.56922    -16.81663      3.69216
    180.00000    -30.00000     -1.60945    -15.65685      4.16445
    185.00000    -30.00000     -0.42971    -14.63981      4.81990
    190.00000    -30.00000      0.87000    -13.82299      5.57152
    195.00000    -30.00000      2.16082    -13.23670      6.33381
    200.00000    -30.00000      3.29777    -12.89721      7.03163
    205.00000    -30.00000      4.13747    -12.79297      7.59891
    210.00000    -30.00000      4.55994    -12.86550      7.97643
    215.00000    -30.00000      4.48864    -13.01196      8.11384
    220.00000    -30.00000      3.90212    -13.11127      7.97463
    225.00000    -30.00000      2.83458    -13.05175      7.54230
    230.00000    -30.00000      1.36827    -12.74309      6.82758
    235.00000    -30.00000     -0.37811    -12.11848      5.87528
    240.00000    -30.00000     -2.26266    -11.14352      4.76537
    245.00000    -30.00000     -4.13556     -9.83455      3.60340
    250.00000    -30.00000     -5.85599     -8.26998      2.50171
    255.00000    -30.00000     -7.30823     -6.57984      1.56015
    260.00000    -30.00000     -8.41382     -4.91854      0.85404
    265.00000    -30.00000     -9.13846     -3.43919      0.42916
    270.00000    -30.00000     -9.49435     -2.27852      0.29788
    275.00000    -30.00000     -9.53818     -1.54362      0.43371
    280.00000    -30.00000     -9.36312     -1.28921      0.76999
    285.00000    -30.00000     -9.08352     -1.49280      1.21067
    290.00000    -30.00000     -8.81370     -2.05019      1.65349
    295.00000    -30.00000     -8.64638     -2.80489      2.01571
    300.00000    -30.00000     -8.63696     -3.59547      2.25039
    305.00000    -30.00000     -8.79644     -4.28864      2.34958
    310.00000    -30.00000     -9.09174     -4.78041      2.33964
    315.00000    -30.00000     -9.45103     -4.98189      2.27526
    320.00000    -30.00000     -9.77453     -4.82190      2.23180
    325.00000    -30.00000     -9.95292     -4.27896      2.29070
    330.00000    -30.00000     -9.89383     -3.41813      2.51689
    335.00000    -30.00000     -9.54993     -2.39381      2.93646
    340.00000    -30.00000     -8.93802     -1.40464      3.52700
    345.00000    -30.00000     -8.14027     -0.62762      4.22553
    350.00000    -30.00000     -7.28716     -0.17459      4.94638
    355.00000    -30.00000     -6.52962     -0.09036      5.59606
    360.00000    -30.00000     -6.01074     -0.37349      6.08023
      0.00000    -25.00000     -3.51804     -0.26310      7.05284
      5.00000    -25.00000     -3.24545     -0.95236      7.30841
     10.00000    -25.00000     -3.50977     -1.94015      7.21175
     15.00000    -25.00000     -4.32057     -3.05379      6.75199
     20.00000    -25.00000     -5.61020     -4.07226      5.98973
     25.00000    -25.00000     -7.24630     -4.79255      5.04716
     30.00000    -25.00000     -9.05839     -5.09178      4.07136
     35.00000    -25.00000    -10.87014     -4.95030      3.18814
     40.00000    -25.00000    -12.52685     -4.43713      2.46929
     45.00000    -25.00000    -13.91208     -3.68207      1.92691
     50.00000    -25.00000    -14.95357     -2.84910      1.53280
     55.00000    -25.00000    -15.62088     -2.10400      1.24897
     60.00000    -25.00000    -15.91639     -1.57061      1.05281
     65.00000    -25.00000    -15.86126     -1.29428      0.94558
     70.00000    -25.00000    -15.48142     -1.24344      0.94281
     75.00000    -25.00000    -14.80101     -1.35682      1.05558
     80.00000    -25.00000    -13.84760     -1.60156      1.27674
     85.00000    -25.00000    -12.66403     -1.99378      1.58139
     90.00000    -25.00000    -11.31508     -2.56717      1.93966
     95.00000    -25.00000     -9.88038     -3.32715      2.32979
    100.00000    -25.00000     -8.43681     -4.24383      2.74092
    105.00000    -25.00000     -7.04363     -5.29707      3.16447
    110.00000    -25.00000     -5.74164     -6.52908      3.58334
    115.00000    -25.00000     -4.56505     -8.04363      3.96855
    120.00000    -25.00000     -3.55344     -9.93582      4.28616
    125.00000    -25.00000     -2.75112    -12.20221      4.50868
    130.00000    -25.00000     -2.19369    -14.70301      4.62271
    135.00000    -25.00000     -1.89194    -17.20418      4.62826
    140.00000    -25.00000     -1.82426    -19.46044      4.53233
    145.00000    -25.00000     -1.93861    -21.27535      4.34427
    150.00000    -25.00000     -2.15758    -22.51191      4.08033
    155.00000    -25.00000     -2.38190    -23.08306      3.77669
    160.00000    -25.00000     -2.49568    -22.96311      3.50020
    165.00000    -25.00000     -2.38053    -22.22075      3.34254
    170.00000    -25.00000     -1.93962    -21.03104      3.39343
    175.00000    -25.00000     -1.12295    -19.63220      3.70562
    180.00000    -25.00000      0.05763    -18.24584      4.27309
    185.00000    -25.00000      1.52844    -17.01733      5.03577
    190.00000    -25.00000      3.16464    -16.01369      5.90459
    195.00000    -25.00000      4.80534    -15.26051      6.78811
    200.00000    -25.00000      6.27082    -14.76953      7.60614
    205.00000    -25.00000      7.38401    -14.53179      8.28974
    210.00000    -25.00000      7.99578    -14.49616      8.77671
    215.00000    -25.00000      8.00819    -14.56611      9.01103
    220.00000    -25.00000      7.38839    -14.62131      8.94823
    225.00000    -25.00000      6.17028    -14.54225      8.56453
    230.00000    -25.00000      4.44701    -14.22091      7.86704
    235.00000    -25.00000      2.35884    -13.56615      6.90095
    240.00000    -25.00000      0.07799    -12.52194      5.74845
    245.00000    -25.00000     -2.21024    -11.09590      4.51693
    250.00000    -25.00000     -4.32905     -9.37366      3.32017
    255.00000    -25.00000     -6.13048     -7.50169      2.26163
    260.00000    -25.00000     -7.51048     -5.65047      1.42511
    265.00000    -25.00000     -8.41780     -3.98586      0.86999
    270.00000    -25.00000     -8.85834     -2.65919      0.62422
    275.00000    -25.00000     -8.89516     -1.79875      0.67425
    280.00000    -25.00000     -8.64116     -1.48337      0.96009
    285.00000    -25.00000     -8.24108     -1.70612      1.38459
    290.00000    -25.00000     -7.84420     -2.36030      1.83736
    295.00000    -25.00000     -7.57499     -3.26817      2.22270
    300.00000    -25.00000     -7.51054     -4.23567      2.48012
    305.00000    -25.00000     -7.66917     -5.09347      2.59290
    310.00000    -25.00000     -8.00925     -5.70287      2.58799
    315.00000    -25.00000     -8.43573     -5.94562      2.53025
    320.00000    -25.00000     -8.81520     -5.73414      2.50951
    325.00000    -25.00000     -9.00212     -5.05236      2.61811
    330.00000    -25.00000     -8.87518     -3.99447      2.92282
    335.00000    -25.00000     -8.37450     -2.75722      3.44281
    340.00000    -25.00000     -7.52507     -1.57700      4.14458
    345.00000    -25.00000     -6.43617     -0.65164      4.95436
    350.00000    -25.00000     -5.27753     -0.09919      5.77725
    355.00000    -25.00000     -4.24357      0.03225      6.51101
    360.00000    -25.00000     -3.51804     -0.26310      7.05284
      0.00000    -20.00000     -0.78443     -0.12051      7.90261
      5.00000    -20.00000     -0.39394     -0.87475      8.17420
     10.00000    -20.00000     -0.66761     -1.97117      8.07615
     15.00000    -20.00000     -1.61135     -3.20142      7.61328
     20.00000    -20.00000     -3.13243     -4.30492      6.86029
     25.00000    -20.00000     -5.05826     -5.05718      5.94385
     30.00000    -20.00000     -7.17447     -5.34520      5.00492
     35.00000    -20.00000     -9.26946     -5.18617      4.15680
     40.00000    -20.00000    -11.16979     -4.69347      3.45668
     45.00000    -20.00000    -12.75731     -4.02567      2.90178
     50.00000    -20.00000    -13.96886     -3.34492      2.45125
     55.00000    -20.00000    -14.78463     -2.78546      2.06253
     60.00000    -20.00000    -15.21134     -2.42679      1.72234
     65.00000    -20.00000    -15.26568     -2.28124      1.45328
     70.00000    -20.00000    -14.96349     -2.31220      1.29250
     75.00000    -20.00000    -14.31980     -2.47870      1.26009
     80.00000    -20.00000    -13.35955     -2.77407      1.34311
     85.00000    -20.00000    -12.13090     -3.22634      1.50737
     90.00000    -20.00000    -10.70950     -3.86279      1.72300
     95.00000    -20.00000     -9.18721     -4.67764      1.97810
    100.00000    -20.00000     -7.65153     -5.64152      2.26855
    105.00000    -20.00000     -6.16962     -6.75011      2.57803
    110.00000    -20.00000     -4.78756     -8.06560      2.87176
    115.00000    -20.00000     -3.54267     -9.70169      3.11168
    120.00000    -20.00000     -2.47535    -11.74875      3.27826
    125.00000    -20.00000     -1.62884    -14.19019      3.37770
    130.00000    -20.00000     -1.03653    -16.87462      3.42958
    135.00000    -20.00000     -0.70763    -19.56361      3.44811
    140.00000    -20.00000     -0.62107    -22.01320      3.43312
    145.00000    -20.00000     -0.72736    -24.02660      3.37616
    150.00000    -20.00000     -0.95082    -25.45541      3.27531
    155.00000    -20.00000     -1.18796    -26.18536      3.15021
    160.00000    -20.00000     -1.30861    -26.15426      3.05012
    165.00000    -20.00000     -1.17057    -25.40253      3.04965
    170.00000    -20.00000     -0.65005    -24.10308      3.22889
    175.00000    -20.00000      0.32333    -22.52177      3.64360
    180.00000    -20.00000      1.74363    -20.92267      4.30022
    185.00000    -20.00000      3.52612    -19.48600      5.15112
    190.00000    -20.00000      5.52107    -18.29282      6.11240
    195.00000    -20.00000      7.53456    -17.36598      7.09101
    200.00000    -20.00000      9.35134    -16.71134      8.00360
    205.00000    -20.00000     10.76036    -16.32155      8.78014
    210.00000    -20.00000     11.58314    -16.15515      9.35834
    215.00000    -20.00000     11.69953    -16.12661      9.68004
    220.00000    -20.00000     11.06374    -16.12007      9.69588
    225.00000    -20.00000      9.70762    -16.00913      9.37661
    230.00000    -20.00000      7.73393    -15.66774      8.72531
    235.00000    -20.00000      5.30383    -14.98141      7.78412
    240.00000    -20.00000      2.61950    -13.87495      6.63145
    245.00000    -20.00000     -0.09842    -12.34862      5.37025
    250.00000    -20.00000     -2.63676    -10.49294      4.11235
    255.00000    -20.00000     -4.81388     -8.46499      2.96514
    260.00000    -20.00000     -6.49739     -6.44536      2.02271
    265.00000    -20.00000     -7.61538     -4.60964      1.35755
    270.00000    -20.00000     -8.16384     -3.12387      1.00914
    275.00000    -20.00000     -8.20971     -2.13899      0.97163
    280.00000    -20.00000     -7.88478     -1.75925      1.18955
    285.00000    -20.00000     -7.36512     -1.99520      1.56802
    290.00000    -20.00000     -6.83737     -2.74075      1.99600
    295.00000    -20.00000     -6.46102     -3.80018      2.37327
    300.00000    -20.00000     -6.33786     -4.94706      2.63247
    305.00000    -20.00000     -6.49503     -5.97159      2.75237
    310.00000    -20.00000     -6.88154     -6.69389      2.76184
    315.00000    -20.00000     -7.37622     -6.96327      2.73316
    320.00000    -20.00000     -7.80837     -6.67928      2.76287
    325.00000    -20.00000     -7.99346     -5.83900      2.94305
    330.00000    -20.00000     -7.78048     -4.57178      3.33272
    335.00000    -20.00000     -7.09811     -3.11673      3.94139
    340.00000    -20.00000     -5.98176     -1.74316      4.72977
    345.00000    -20.00000     -4.57026     -0.66528      5.62248
    350.00000    -20.00000     -3.07530     -0.00668      6.52215
    355.00000    -20.00000     -1.73763      0.17938      7.31945
    360.00000    -20.00000     -0.78443     -0.12051      7.90261
      0.00000    -15.00000      2.09499      0.04469      8.55688
      5.00000    -15.00000      2.60717     -0.76636      8.82878
     10.00000    -15.00000      2.32679     -1.95227      8.72888
     15.00000    -15.00000      1.25479     -3.27197      8.28194
     20.00000    -15.00000     -0.48841     -4.43768      7.57432
     25.00000    -15.00000     -2.68957     -5.21613      6.72727
     30.00000    -15.00000     -5.09229     -5.50851      5.86276
     35.00000    -15.00000     -7.45285     -5.36417      5.07289
     40.00000    -15.00000     -9.58245     -4.93391      4.39979
     45.00000    -15.00000    -11.36463     -4.40092      3.83242
     50.00000    -15.00000    -12.74837     -3.92198      3.32553
     55.00000    -15.00000    -13.72594     -3.59198      2.83672
     60.00000    -15.00000    -14.30693     -3.43523      2.36124
     65.00000    -15.00000    -14.49939     -3.42606      1.93852
     70.00000    -15.00000    -14.30465     -3.53026      1.62288
     75.00000    -15.00000    -13.72665     -3.74185      1.44190
     80.00000    -15.00000    -12.78861     -4.08861      1.37922
     85.00000    -15.00000    -11.54555     -4.60474      1.39565
     90.00000    -15.00000    -10.08343     -5.29950      1.46448
     95.00000    -15.00000     -8.50397     -6.15445      1.58264
    100.00000    -15.00000     -6.90395     -7.15491      1.74756
    105.00000    -15.00000     -5.36039     -8.32878      1.92881
    110.00000    -15.00000     -3.92873     -9.75727      2.07130
    115.00000    -15.00000     -2.65105    -11.54146      2.13210
    120.00000    -15.00000     -1.56497    -13.73977      2.11530
    125.00000    -15.00000     -0.70476    -16.31354      2.06935
    130.00000    -15.00000     -0.09427    -19.11529      2.04919
    135.00000    -15.00000      0.26178    -21.92717      2.07886
    140.00000    -15.00000      0.38209    -24.52107      2.14526
    145.00000    -15.00000      0.30960    -26.69846      2.22111
    150.00000    -15.00000      0.11459    -28.29342      2.29159
    155.00000    -15.00000     -0.09846    -29.16601      2.36591
    160.00000    -15.00000     -0.18892    -29.22624      2.47546
    165.00000    -15.00000      0.00487    -28.49077      2.66843
    170.00000    -15.00000      0.63028    -27.12229      3.00171
    175.00000    -15.00000      1.77739    -25.39804      3.52459
    180.00000    -15.00000      3.44803    -23.61218      4.25553
    185.00000    -15.00000      5.54917    -21.97839      5.16643
    190.00000    -15.00000      7.90818    -20.59816      6.18722
    195.00000    -15.00000     10.29913    -19.49705      7.22841
    200.00000    -15.00000     12.47205    -18.67538      8.20453
    205.00000    -15.00000     14.18320    -18.12505      9.04402
    210.00000    -15.00000     15.22614    -17.81374      9.68571
    215.00000    -15.00000     15.45920    -17.66936     10.07355
    220.00000    -15.00000     14.82325    -17.58366     10.15942
    225.00000    -15.00000     13.34677    -17.42583      9.91385
    230.00000    -15.00000     11.14033    -17.05456      9.33742
    235.00000    -15.00000      8.38367    -16.33608      8.46557
    240.00000    -15.00000      5.30637    -15.17933      7.36561
    245.00000    -15.00000      2.16202    -13.57622      6.12839
    250.00000    -15.00000     -0.80112    -11.61583      4.85848
    255.00000    -15.00000     -3.36719     -9.45807      3.66450
    260.00000    -15.00000     -5.37330     -7.28951      2.64839
    265.00000    -15.00000     -6.72408     -5.29654      1.89211
    270.00000    -15.00000     -7.40295     -3.66277      1.44282
    275.00000    -15.00000     -7.47858     -2.56209      1.30171
    280.00000    -15.00000     -7.09997     -2.12145      1.42234
    285.00000    -15.00000     -6.47341     -2.36665      1.72056
    290.00000    -15.00000     -5.82261     -3.19361      2.09341
    295.00000    -15.00000     -5.34268     -4.39233      2.44210
    300.00000    -15.00000     -5.16113     -5.70576      2.69518
    305.00000    -15.00000     -5.31447     -6.88182      2.82747
    310.00000    -15.00000     -5.74179     -7.69716      2.86849
    315.00000    -15.00000     -6.29470     -7.97101      2.89356
    320.00000    -15.00000     -6.76493     -7.59771      2.99782
    325.00000    -15.00000     -6.93021     -6.59487      3.26314
    330.00000    -15.00000     -6.61241     -5.12694      3.73363
    335.00000    -15.00000     -5.73111     -3.46683      4.40862
    340.00000    -15.00000     -4.33303     -1.90653      5.24915
    345.00000    -15.00000     -2.58616     -0.67313      6.18669
    350.00000    -15.00000     -0.74353      0.09932      7.12751
    355.00000    -15.00000      0.90738      0.34569      7.95744
    360.00000    -15.00000      2.09499      0.04469      8.55688
      0.00000    -10.00000      4.99846      0.21435      8.95723
      5.00000    -10.00000      5.62345     -0.64834      9.20910
     10.00000    -10.00000      5.33420     -1.90267      9.10450
     15.00000    -10.00000      4.14192     -3.27884      8.68797
     20.00000    -10.00000      2.19584     -4.47733      8.05348
     25.00000    -10.00000     -0.25283     -5.27215      7.30982
     30.00000    -10.00000     -2.91121     -5.58372      6.55182
     35.00000    -10.00000     -5.50922     -5.48613      5.84354
     40.00000    -10.00000     -7.84667     -5.15588      5.20956
     45.00000    -10.00000     -9.81073     -4.79305      4.63410
     50.00000    -10.00000    -11.36320     -4.54627      4.07564
     55.00000    -10.00000    -12.50805     -4.46855      3.49929
     60.00000    -10.00000    -13.25614     -4.52511      2.90965
     65.00000    -10.00000    -13.60411     -4.65103      2.35638
     70.00000    -10.00000    -13.53637     -4.81992      1.90217
     75.00000    -10.00000    -13.04521     -5.06959      1.57860
     80.00000    -10.00000    -12.15325     -5.46569      1.36991
     85.00000    -10.00000    -10.92300     -6.04321      1.23881
     90.00000    -10.00000     -9.44911     -6.78670      1.16396
     95.00000    -10.00000     -7.84021     -7.66843      1.14660
    100.00000    -10.00000     -6.20110     -8.70271      1.17940
    105.00000    -10.00000     -4.62108     -9.96133      1.21684
    110.00000    -10.00000     -3.16897    -11.53791      1.18954
    115.00000    -10.00000     -1.89289    -13.49577      1.05763
    120.00000    -10.00000     -0.82330    -15.83634      0.85210
    125.00000    -10.00000      0.02258    -18.49434      0.66050
    130.00000    -10.00000      0.63727    -21.34502      0.56760
    135.00000    -10.00000      1.02248    -24.21607      0.60451
    140.00000    -10.00000      1.19216    -26.90678      0.74712
    145.00000    -10.00000      1.17937    -29.21188      0.95381
    150.00000    -10.00000      1.04682    -30.94028      1.20063
    155.00000    -10.00000      0.89800    -31.93000      1.48726
    160.00000    -10.00000      0.87992    -32.07687      1.82464
    165.00000    -10.00000      1.16708    -31.38267      2.22869
    170.00000    -10.00000      1.92394    -29.99269      2.72566
    175.00000    -10.00000      3.25702    -28.17592      3.35226
    180.00000    -10.00000      5.17715    -26.23898      4.13754
    185.00000    -10.00000      7.58699    -24.42466      5.07698
    190.00000    -10.00000     10.29527    -22.86220      6.12138
    195.00000    -10.00000     13.04733    -21.58929      7.19043
    200.00000    -10.00000     15.56103    -20.60449      8.19800
    205.00000    -10.00000     17.56248    -19.89686      9.06939
    210.00000    -10.00000     18.81984    -19.43949      9.74380
    215.00000    -10.00000     19.17205    -19.17145     10.17047
    220.00000    -10.00000     18.54775    -18.99231     10.30953
    225.00000    -10.00000     16.97182    -18.76990     10.13856
    230.00000    -10.00000     14.56070    -18.35396      9.65903
    235.00000    -10.00000     11.50907    -17.59925      8.89778
    240.00000    -10.00000      8.06899    -16.40387      7.90521
    245.00000    -10.00000      4.52216    -14.74973      6.75315
    250.00000    -10.00000      1.14858    -12.71707      5.53242
    255.00000    -10.00000     -1.80293    -10.46100      4.34608
    260.00000    -10.00000     -4.13858     -8.17090      3.29640
    265.00000    -10.00000     -5.73837     -6.04462      2.46792
    270.00000    -10.00000     -6.57140     -4.28293      1.91292
    275.00000    -10.00000     -6.70537     -3.07831      1.64381
    280.00000    -10.00000     -6.30260     -2.57498      1.63299
    285.00000    -10.00000     -5.59521     -2.81300      1.81811
    290.00000    -10.00000     -4.84046     -3.69562      2.11227
    295.00000    -10.00000     -4.26731     -5.00599      2.42147
    300.00000    -10.00000     -4.02872     -6.46019      2.67006
    305.00000    -10.00000     -4.17086     -7.76265      2.82697
    310.00000    -10.00000     -4.62344     -8.64553      2.91873
    315.00000    -10.00000     -5.21224     -8.90236      3.01806
    320.00000    -10.00000     -5.69461     -8.43110      3.21154
    325.00000    -10.00000     -5.81576     -7.27564      3.56474
    330.00000    -10.00000     -5.37581     -5.63137      4.10414
    335.00000    -10.00000     -4.28856     -3.79222      4.82000
    340.00000    -10.00000     -2.61176     -2.06087      5.67706
    345.00000    -10.00000     -0.53939     -0.67500      6.61754
    350.00000    -10.00000      1.63793      0.21330      7.55520
    355.00000    -10.00000      3.58866      0.51913      8.37564
    360.00000    -10.00000      4.99846      0.21435      8.95723
      0.00000     -5.00000      7.78611      0.36338      9.06139
      5.00000     -5.00000      8.50039     -0.54556      9.27217
     10.00000     -5.00000      8.19427     -1.84483      9.16208
     15.00000     -5.00000      6.89213     -3.24056      8.78968
     20.00000     -5.00000      4.77100     -4.43657      8.24944
     25.00000     -5.00000      2.11452     -5.23036      7.63295
     30.00000     -5.00000     -0.75639     -5.56855      7.00502
     35.00000     -5.00000     -3.55327     -5.54390      6.39839
     40.00000     -5.00000     -6.06942     -5.34484      5.81716
     45.00000     -5.00000     -8.19651     -5.17576      5.24212
     50.00000     -5.00000     -9.90735     -5.17148      4.64275
     55.00000     -5.00000    -11.21506     -5.34476      4.00005
     60.00000     -5.00000    -12.12973     -5.60724      3.32945
     65.00000     -5.00000    -12.63582     -5.86064      2.68196
     70.00000     -5.00000    -12.70130     -6.08984      2.11617
     75.00000     -5.00000    -12.30804     -6.37597      1.66200
     80.00000     -5.00000    -11.47890     -6.81881      1.30943
     85.00000     -5.00000    -10.28312     -7.45047      1.03163
     90.00000     -5.00000     -8.82158     -8.23193      0.81463
     95.00000     -5.00000     -7.20706     -9.13360      0.65798
    100.00000     -5.00000     -5.55143    -10.20777      0.54480
    105.00000     -5.00000     -3.95776    -11.57193      0.42021
    110.00000     -5.00000     -2.51042    -13.32162      0.21460
    115.00000     -5.00000     -1.26352    -15.46425     -0.09911
    120.00000     -5.00000     -0.23667    -17.93061     -0.46759
    125.00000     -5.00000      0.57563    -20.62929     -0.77982
    130.00000     -5.00000      1.18666    -23.47178     -0.93451
    135.00000     -5.00000      1.60568    -26.34666     -0.89420
    140.00000     -5.00000      1.84053    -29.08723     -0.68454
    145.00000     -5.00000      1.91280    -31.47920     -0.35234
    150.00000     -5.00000      1.87674    -33.30423      0.07067
    155.00000     -5.00000      1.83308    -34.38471      0.57033
    160.00000     -5.00000      1.93043    -34.61459      1.13367
    165.00000     -5.00000      2.34832    -33.98802      1.74471
    170.00000     -5.00000      3.26004    -32.62609      2.39999
    175.00000     -5.00000      4.78372    -30.77121      3.12130
    180.00000     -5.00000      6.93941    -28.72466      3.94347
    185.00000     -5.00000      9.62991    -26.75162      4.88292
    190.00000     -5.00000     12.65134    -25.01487      5.91403
    195.00000     -5.00000     15.72589    -23.57502      6.97171
    200.00000     -5.00000     18.54383    -22.43609      7.97404
    205.00000     -5.00000     20.80498    -21.58433      8.84461
    210.00000     -5.00000     22.25567    -20.99273      9.52276
    215.00000     -5.00000     22.71865    -20.60492      9.96449
    220.00000     -5.00000     22.11270    -20.32482     10.14220
    225.00000     -5.00000     20.45980    -20.02149     10.04502
    230.00000     -5.00000     17.88048    -19.54419      9.67751
    235.00000     -5.00000     14.57976    -18.74648      9.05714
    240.00000     -5.00000     10.82555    -17.52169      8.21487
    245.00000     -5.00000      6.92085    -15.84049      7.20045
    250.00000     -5.00000      3.17204    -13.76827      6.08659
    255.00000     -5.00000     -0.14257    -11.44986      4.96425
    260.00000     -5.00000     -2.80041     -9.07509      3.92771
    265.00000     -5.00000     -4.65777     -6.85115      3.05697
    270.00000     -5.00000     -5.66866     -4.99012      2.40656
    275.00000     -5.00000     -5.89638     -3.69394      2.00232
    280.00000     -5.00000     -5.51031     -3.11768      1.84104
    285.00000     -5.00000     -4.76081     -3.31754      1.88842
    290.00000     -5.00000     -3.93204     -4.21367      2.07949
    295.00000     -5.00000     -3.28247     -5.59279      2.33072
    300.00000     -5.00000     -2.98878     -7.14929      2.56726
    305.00000     -5.00000     -3.10696     -8.54440      2.75419
    310.00000     -5.00000     -3.55926     -9.46650      2.91178
    315.00000     -5.00000     -4.14984     -9.68859      3.10216
    320.00000     -5.00000     -4.60857     -9.11953      3.39475
    325.00000     -5.00000     -4.65663     -7.83218      3.83391
    330.00000     -5.00000     -4.08011     -6.04649      4.42824
    335.00000     -5.00000     -2.79106     -4.06487      5.16053
    340.00000     -5.00000     -0.85728     -2.19022      5.99960
    345.00000     -5.00000      1.50623     -0.66887      6.89805
    350.00000     -5.00000      3.97790      0.32388      7.77981
    355.00000     -5.00000      6.18843      0.67874      8.53841
    360.00000     -5.00000      7.78611      0.36338      9.06139
      0.00000      0.00000     10.30985      0.46520      8.84625
      5.00000      0.00000     11.07569     -0.47858      8.99856
     10.00000      0.00000     10.73971     -1.79437      8.88779
     15.00000      0.00000      9.34083     -3.17076      8.57698
     20.00000      0.00000      7.08025     -4.32684      8.15093
     25.00000      0.00000      4.26583     -5.09650      7.67906
     30.00000      0.00000      1.23606     -5.45977      7.19583
     35.00000      0.00000     -1.71175     -5.52485      6.70317
     40.00000      0.00000     -4.36978     -5.47867      6.18449
     45.00000      0.00000     -6.63440     -5.51355      5.61890
     50.00000      0.00000     -8.48549     -5.74174      4.99260
     55.00000      0.00000     -9.94058     -6.14093      4.30883
     60.00000      0.00000    -11.00669     -6.58448      3.59361
     65.00000      0.00000    -11.65754     -6.95383      2.89023
     70.00000      0.00000    -11.84828     -7.24569      2.24154
     75.00000      0.00000    -11.55324     -7.57336      1.67155
     80.00000      0.00000    -10.79563     -8.05951      1.18174
     85.00000      0.00000     -9.64908     -8.73319      0.76358
     90.00000      0.00000     -8.21772     -9.54256      0.41085
     95.00000      0.00000     -6.61668    -10.46677      0.11432
    100.00000      0.00000     -4.96427    -11.59592     -0.15618
    105.00000      0.00000     -3.37694    -13.08197     -0.45633
    110.00000      0.00000     -1.95350    -15.00969     -0.83937
    115.00000      0.00000     -0.75219    -17.32550     -1.31007
    120.00000      0.00000      0.22006    -19.89272     -1.80097
    125.00000      0.00000      0.99272    -22.59939     -2.19788
    130.00000      0.00000      1.60051    -25.39590     -2.39862
    135.00000      0.00000      2.06083    -28.23182     -2.35901
    140.00000      0.00000      2.37626    -30.97563     -2.09416
    145.00000      0.00000      2.55774    -33.40872     -1.64601
    150.00000      0.00000      2.65087    -35.29318     -1.05423
    155.00000      0.00000      2.75120    -36.44401     -0.35288
    160.00000      0.00000      3.00349    -36.75940      0.41909
    165.00000      0.00000      3.58433    -36.22717      1.21914
    170.00000      0.00000      4.66767    -34.93860      2.02051
    175.00000      0.00000      6.37754    -33.09779      2.82938
    180.00000      0.00000      8.74211    -30.98729      3.67782
    185.00000      0.00000     11.66789    -28.88635      4.59419
    190.00000      0.00000     14.94517    -26.99194      5.57442
    195.00000      0.00000     18.28085    -25.39539      6.57477
    200.00000      0.00000     21.34475    -24.11473      7.52671
    205.00000      0.00000     23.81625    -23.13645      8.35907
    210.00000      0.00000     25.42464    -22.42925      9.01429
    215.00000      0.00000     25.98035    -21.93347      9.45552
    220.00000      0.00000     25.39516    -21.55230      9.66678
    225.00000      0.00000     23.68905    -21.15806      9.64763
    230.00000      0.00000     20.98453    -20.60805      9.40455
    235.00000      0.00000     17.49160    -19.76422      8.94518
    240.00000      0.00000     13.48665    -18.52015      8.28163
    245.00000      0.00000      9.28620    -16.83400      7.44197
    250.00000      0.00000      5.21622    -14.75206      6.47935
    255.00000      0.00000      1.57911    -12.40584      5.46881
    260.00000      0.00000     -1.37800     -9.98416      4.49192
    265.00000      0.00000     -3.49059     -7.70032      3.62024
    270.00000      0.00000     -4.69801     -5.77001      2.90743
    275.00000      0.00000     -5.05588     -4.39491      2.38916
    280.00000      0.00000     -4.73365     -3.73485      2.08220
    285.00000      0.00000     -3.99063     -3.86352      1.97795
    290.00000      0.00000     -3.12847     -4.72512      2.03716
    295.00000      0.00000     -2.42768     -6.11819      2.19778
    300.00000      0.00000     -2.08407     -7.72195      2.39937
    305.00000      0.00000     -2.16253     -9.16025      2.61134
    310.00000      0.00000     -2.58099    -10.08491      2.84539
    315.00000      0.00000     -3.12943    -10.25625      3.14221
    320.00000      0.00000     -3.52089     -9.59845      3.54235
    325.00000      0.00000     -3.46418     -8.21070      4.06316
    330.00000      0.00000     -2.74078     -6.32854      4.69602
    335.00000      0.00000     -1.26551     -4.25230      5.41855
    340.00000      0.00000      0.88496     -2.27771      6.20346
    345.00000      0.00000      3.48074     -0.65702      7.01223
    350.00000      0.00000      6.17842      0.41181      7.78153
    355.00000      0.00000      8.58116      0.79679      8.42280
    360.00000      0.00000     10.30985      0.46520      8.84625
      0.00000      5.00000     12.42495      0.49547      8.31917
      5.00000      5.00000     13.19309     -0.46146      8.40183
     10.00000      5.00000     12.81133     -1.75759      8.29916
     15.00000      5.00000     11.33262     -3.07409      8.06969
     20.00000      5.00000      8.97565     -4.15456      7.77759
     25.00000      5.00000      6.06176     -4.87665      7.46339
     30.00000      5.00000      2.93510     -5.25813      7.13070
     35.00000      5.00000     -0.10821     -5.42003      6.75412
     40.00000      5.00000     -2.86473     -5.53571      6.30082
     45.00000      5.00000     -5.23483     -5.76869      5.75234
     50.00000      5.00000     -7.20010     -6.19978      5.11488
     55.00000      5.00000     -8.77636     -6.78035      4.41485
     60.00000      5.00000     -9.96542     -7.36716      3.68582
     65.00000      5.00000    -10.73350     -7.83811      2.95692
     70.00000      5.00000    -11.02888     -8.19836      2.24965
     75.00000      5.00000    -10.82216     -8.57386      1.58160
     80.00000      5.00000    -10.13613     -9.09482      0.96990
     85.00000      5.00000     -9.04514     -9.79209      0.42772
     90.00000      5.00000     -7.65377    -10.62037     -0.04570
     95.00000      5.00000     -6.07890    -11.57967     -0.47407
    100.00000      5.00000     -4.44517    -12.78800     -0.90238
    105.00000      5.00000     -2.88000    -14.40867     -1.37941
    110.00000      5.00000     -1.49212    -16.50162     -1.92971
    115.00000      5.00000     -0.34040    -18.95955     -2.52984
    120.00000      5.00000      0.58067    -21.59675     -3.10557
    125.00000      5.00000      1.32118    -24.29010     -3.55537
    130.00000      5.00000      1.93434    -27.02125     -3.78819
    135.00000      5.00000      2.44590    -29.78701     -3.75326
    140.00000      5.00000      2.85630    -32.48801     -3.44655
    145.00000      5.00000      3.16887    -34.91313     -2.89773
    150.00000      5.00000      3.42085    -36.82141     -2.15391
    155.00000      5.00000      3.69927    -38.02932     -1.27205
    160.00000      5.00000      4.13915    -38.43838     -0.31647
    165.00000      5.00000      4.90703    -38.02547      0.65003
    170.00000      5.00000      6.17018    -36.84879      1.58361
    175.00000      5.00000      8.05252    -35.07051      2.47399
    180.00000      5.00000     10.58759    -32.94713      3.34168
    185.00000      5.00000     13.68769    -30.76220      4.21658
    190.00000      5.00000     17.14407    -28.74081      5.11180
    195.00000      5.00000     20.65798    -27.00691      6.00934
    200.00000      5.00000     23.88867    -25.59988      6.86396
    205.00000      5.00000     26.50346    -24.51216      7.61945
    210.00000      5.00000     28.22080    -23.70745      8.22695
    215.00000      5.00000     28.84334    -23.11744      8.65715
    220.00000      5.00000     28.27844    -22.64045      8.90226
    225.00000      5.00000     26.54427    -22.15364      8.96785
    230.00000      5.00000     23.76251    -21.52881      8.85995
    235.00000      5.00000     20.14257    -20.64317      8.57711
    240.00000      5.00000     15.96172    -19.39365      8.11502
    245.00000      5.00000     11.54184    -17.72482      7.48094
    250.00000      5.00000      7.22072    -15.66102      6.70624
    255.00000      5.00000      3.31790    -13.31803      5.84630
    260.00000      5.00000      0.09929    -10.88173      4.96778
    265.00000      5.00000     -2.25381     -8.56856      4.13378
    270.00000      5.00000     -3.66747     -6.59316      3.39628
    275.00000      5.00000     -4.18740     -5.15149      2.79560
    280.00000      5.00000     -3.97700     -4.40341      2.35976
    285.00000      5.00000     -3.29506     -4.43686      2.09950
    290.00000      5.00000     -2.44933     -5.21864      2.00377
    295.00000      5.00000     -1.73132     -6.56139      2.04406
    300.00000      5.00000     -1.34789     -8.13769      2.18900
    305.00000      5.00000     -1.37022     -9.54922      2.42031
    310.00000      5.00000     -1.71622    -10.42865      2.73766
    315.00000      5.00000     -2.17225    -10.53519      3.14912
    320.00000      5.00000     -2.44884     -9.80855      3.65581
    325.00000      5.00000     -2.25646     -8.36451      4.24424
    330.00000      5.00000     -1.38227     -6.44165      4.89105
    335.00000      5.00000      0.25155     -4.32957      5.57253
    340.00000      5.00000      2.56097     -2.31307      6.26618
    345.00000      5.00000      5.30804     -0.64714      6.94143
    350.00000      5.00000      8.13848      0.45400      7.54959
    355.00000      5.00000     10.64159      0.84410      8.02755
    360.00000      5.00000     12.42495      0.49547      8.31917
      0.00000     10.00000     14.00421      0.43326      7.52826
      5.00000     10.00000     14.71840     -0.50587      7.53798
     10.00000     10.00000     14.27423     -1.73766      7.45208
     15.00000     10.00000     12.73672     -2.95118      7.31896
     20.00000     10.00000     10.33279     -3.92356      7.17385
     25.00000     10.00000      7.38439     -4.57867      7.02198
     30.00000     10.00000      4.22844     -4.97049      6.83564
     35.00000     10.00000      1.15007     -5.22748      6.56793
     40.00000     10.00000     -1.65622     -5.49861      6.17817
     45.00000     10.00000     -4.09337     -5.90576      5.65572
     50.00000     10.00000     -6.13877     -6.49354      5.02608
     55.00000     10.00000     -7.80051     -7.19855      4.33351
     60.00000     10.00000     -9.07360     -7.88341      3.61373
     65.00000     10.00000     -9.92102     -8.43748      2.88002
     70.00000     10.00000    -10.29080     -8.86791      2.13439
     75.00000     10.00000    -10.15358     -9.29169      1.39005
     80.00000     10.00000     -9.53037     -9.83237      0.67884
     85.00000     10.00000     -8.49241    -10.53134      0.03185
     90.00000     10.00000     -7.14247    -11.37214     -0.54949
     95.00000     10.00000     -5.59955    -12.38567     -1.10289
    100.00000     10.00000     -3.99438    -13.70169     -1.68327
    105.00000     10.00000     -2.46137    -15.46625     -2.32600
    110.00000     10.00000     -1.11260    -17.70138     -3.02294
    115.00000     10.00000     -0.00328    -20.26074     -3.72363
    120.00000     10.00000      0.88269    -22.93564     -4.35302
    125.00000     10.00000      1.60957    -25.60260     -4.83007
    130.00000     10.00000      2.24348    -28.26105     -5.08096
    135.00000     10.00000      2.81834    -30.93433     -5.05054
    140.00000     10.00000      3.33668    -33.54972     -4.71435
    145.00000     10.00000      3.79863    -35.91865     -4.08673
    150.00000     10.00000      4.23364    -37.81735     -3.21905
    155.00000     10.00000      4.71684    -39.07266     -2.18797
    160.00000     10.00000      5.36787    -39.58508     -1.07925
    165.00000     10.00000      6.33695    -39.31376      0.02822
    170.00000     10.00000      7.77830    -38.28285      1.07624
    175.00000     10.00000      9.80964    -36.61437      2.03717
    180.00000     10.00000     12.46606    -34.53511      2.91515
    185.00000     10.00000     15.66648    -32.32212      3.73523
    190.00000     10.00000     19.20972    -30.21763      4.52346
    195.00000     10.00000     22.80200    -28.37514      5.28804
    200.00000     10.00000     26.10382    -26.86058      6.01211
    205.00000     10.00000     28.78062    -25.67939      6.66147
    210.00000     10.00000     30.54768    -24.79306      7.20110
    215.00000     10.00000     31.20465    -24.12282      7.61001
    220.00000     10.00000     30.65672    -23.55967      7.88566
    225.00000     10.00000     28.91980    -22.98585      8.03627
    230.00000     10.00000     26.11173    -22.29068      8.06710
    235.00000     10.00000     22.43597    -21.37065      7.97117
    240.00000     10.00000     18.16353    -20.12938      7.73160
    245.00000     10.00000     13.61313    -18.49965      7.33489
    250.00000     10.00000      9.12522    -16.48321      6.78561
    255.00000     10.00000      5.02776    -14.17651      6.11271
    260.00000     10.00000      1.59832    -11.75708      5.36416
    265.00000     10.00000     -0.96960     -9.43989      4.59523
    270.00000     10.00000     -2.59035     -7.43689      3.85817
    275.00000     10.00000     -3.29812     -5.93820      3.19734
    280.00000     10.00000     -3.24505     -5.10121      2.64835
    285.00000     10.00000     -2.68026     -5.02077      2.23820
    290.00000     10.00000     -1.90510     -5.67762      1.98529
    295.00000     10.00000     -1.20863     -6.89675      1.89980
    300.00000     10.00000     -0.79842     -8.35601      1.98427
    305.00000     10.00000     -0.74866     -9.65862      2.23284
    310.00000     10.00000     -0.98278    -10.44237      2.62861
    315.00000     10.00000     -1.29643    -10.47746      3.14154
    320.00000     10.00000     -1.41376     -9.71388      3.73134
    325.00000     10.00000     -1.06161     -8.26802      4.35637
    330.00000     10.00000     -0.04267     -6.36684      4.98355
    335.00000     10.00000      1.70972     -4.28329      5.59146
    340.00000     10.00000      4.10606     -2.29143      6.16322
    345.00000     10.00000      6.90729     -0.64648      6.67535
    350.00000     10.00000      9.76004      0.43150      7.09392
    355.00000     10.00000     12.25532      0.79630      7.38416
    360.00000     10.00000     14.00421      0.43326      7.52826
      0.00000     15.00000     14.95303      0.26424      6.55514
      5.00000     15.00000     15.55617     -0.62179      6.50083
     10.00000     15.00000     15.03454     -1.73923      6.44045
     15.00000     15.00000     13.46245     -2.80470      6.40916
     20.00000     15.00000     11.06453     -3.63950      6.40979
     25.00000     15.00000      8.14940     -4.21283      6.41040
     30.00000     15.00000      5.03396     -4.60697      6.35477
     35.00000     15.00000      1.98363     -4.94808      6.18257
     40.00000     15.00000     -0.81929     -5.35163      5.85443
     45.00000     15.00000     -3.27842     -5.89188      5.37087
     50.00000     15.00000     -5.36192     -6.57901      4.77106
     55.00000     15.00000     -7.06563     -7.34720      4.10724
     60.00000     15.00000     -8.37717     -8.08223      3.41193
     65.00000     15.00000     -9.26023     -8.69455      2.68598
     70.00000     15.00000     -9.66814     -9.18684      1.91919
     75.00000     15.00000     -9.57464     -9.65103      1.12218
     80.00000     15.00000     -8.99805    -10.19521      0.33413
     85.00000     15.00000     -8.00370    -10.87957     -0.40585
     90.00000     15.00000     -6.69105    -11.73237     -1.09627
     95.00000     15.00000     -5.18116    -12.81900     -1.77983
    100.00000     15.00000     -3.60943    -14.26372     -2.50849
    105.00000     15.00000     -2.11221    -16.17136     -3.29810
    110.00000     15.00000     -0.79805    -18.51863     -4.11187
    115.00000     15.00000      0.28508    -21.13696     -4.88100
    120.00000     15.00000      1.16092    -23.81945     -5.53543
    125.00000     15.00000      1.90025    -26.45103     -6.01589
    130.00000     15.00000      2.57564    -29.03528     -6.26700
    135.00000     15.00000      3.22801    -31.60175     -6.23391
    140.00000     15.00000      3.86578    -34.09814     -5.87760
    145.00000     15.00000      4.49017    -36.37069     -5.19853
    150.00000     15.00000      5.12409    -38.23054     -4.24676
    155.00000     15.00000      5.82824    -39.52327     -3.10948
    160.00000     15.00000      6.70235    -40.14583     -1.88656
    165.00000     15.00000      7.87507    -40.03542     -0.67005
    170.00000     15.00000      9.48175    -39.18291      0.46771
    175.00000     15.00000     11.62820    -37.67254      1.48172
    180.00000     15.00000     14.34715    -35.69787      2.35985
    185.00000     15.00000     17.56480    -33.51833      3.12067
    190.00000     15.00000     21.09377    -31.38150      3.79913
    195.00000     15.00000     24.65582    -29.46559      4.42533
    200.00000     15.00000     27.92463    -27.86662      5.00922
    205.00000     15.00000     30.57454    -26.60980      5.54051
    210.00000     15.00000     32.32565    -25.65912      6.00117
    215.00000     15.00000     32.97968    -24.92613      6.37982
    220.00000     15.00000     32.44173    -24.29277      6.67792
    225.00000     15.00000     30.72502    -23.64400      6.90490
    230.00000     15.00000     27.94109    -22.88541      7.06677
    235.00000     15.00000     24.28323    -21.93460      7.15574
    240.00000     15.00000     20.00994    -20.70778      7.14771
    245.00000     15.00000     15.42814    -19.13348      7.01024
    250.00000     15.00000     10.87034    -17.19455      6.71784
    255.00000     15.00000      6.66210    -14.96391      6.26666
    260.00000     15.00000      3.08398    -12.60051      5.68009
    265.00000     15.00000      0.33659    -10.30856      5.00279
    270.00000     15.00000     -1.48403     -8.29422      4.28784
    275.00000     15.00000     -2.39864     -6.74342      3.58612
    280.00000     15.00000     -2.54284     -5.81060      2.94357
    285.00000     15.00000     -2.14694     -5.59087      2.40497
    290.00000     15.00000     -1.49340     -6.07063      2.01705
    295.00000     15.00000     -0.85547     -7.08737      1.82396
    300.00000     15.00000     -0.43161     -8.33940      1.85483
    305.00000     15.00000     -0.29661     -9.45695      2.10995
    310.00000     15.00000     -0.38581    -10.10546      2.55447
    315.00000     15.00000     -0.51712    -10.07336      3.12569
    320.00000     15.00000     -0.44348     -9.31130      3.75139
    325.00000     15.00000      0.07902     -7.91908      4.37044
    330.00000     15.00000      1.22410     -6.09975      4.94427
    335.00000     15.00000      3.04442     -4.10764      5.45371
    340.00000     15.00000      5.44696     -2.20906      5.88590
    345.00000     15.00000      8.19807     -0.65716      6.22367
    350.00000     15.00000     10.95661      0.33505      6.44799
    355.00000     15.00000     13.33094      0.63918      6.55214
    360.00000     15.00000     14.95303      0.26424      6.55514
      0.00000     20.00000     15.22037     -0.01077      5.49213
      5.00000     20.00000     15.66240     -0.80860      5.40061
     10.00000     20.00000     15.05304     -1.76323      5.38034
     15.00000     20.00000     13.47267     -2.63893      5.44933
     20.00000     20.00000     11.13332     -3.31134      5.57929
     25.00000     20.00000      8.31731     -3.79133      5.70671
     30.00000     20.00000      5.31036     -4.17718      5.75557
     35.00000     20.00000      2.35145     -4.58067      5.66207
     40.00000     20.00000     -0.39132     -5.07815      5.39471
     45.00000     20.00000     -2.82086     -5.69814      4.96381
     50.00000     20.00000     -4.89330     -6.42387      4.41282
     55.00000     20.00000     -6.59028     -7.19698      3.79128
     60.00000     20.00000     -7.89227     -7.93498      3.12555
     65.00000     20.00000     -8.76622     -8.57278      2.41113
     70.00000     20.00000     -9.17397     -9.10582      1.63481
     75.00000     20.00000     -9.09450     -9.59583      0.80508
     80.00000     20.00000     -8.54370    -10.13357     -0.04207
     85.00000     20.00000     -7.58024    -10.80099     -0.87117
     90.00000     20.00000     -6.29922    -11.67319     -1.68091
     95.00000     20.00000     -4.82217    -12.84422     -2.50569
    100.00000     20.00000     -3.28563    -14.41936     -3.37908
    105.00000     20.00000     -1.82226    -16.45101     -4.29294
    110.00000     20.00000     -0.53159    -18.87270     -5.19079
    115.00000     20.00000      0.54747    -21.50927     -5.99777
    120.00000     20.00000      1.44267    -24.17254     -6.65362
    125.00000     20.00000      2.22425    -26.76053     -7.11793
    130.00000     20.00000      2.96501    -29.27079     -7.35168
    135.00000     20.00000      3.71074    -31.72470     -7.30591
    140.00000     20.00000      4.47754    -34.08424     -6.93695
    145.00000     20.00000      5.27074    -36.23580     -6.23639
    150.00000     20.00000      6.10835    -38.03543     -5.24777
    155.00000     20.00000      7.03592    -39.35429     -4.05705
    160.00000     20.00000      8.13066    -40.08803     -2.76804
    165.00000     20.00000      9.49568    -40.15334     -1.48133
    170.00000     20.00000     11.24263    -39.51028     -0.28229
    175.00000     20.00000     13.46043    -38.20605      0.76818
    180.00000     20.00000     16.17642    -36.39595      1.64330
    185.00000     20.00000     19.32491    -34.31160      2.35403
    190.00000     20.00000     22.73780    -32.19578      2.93859
    195.00000     20.00000     26.16163    -30.24655      3.44134
    200.00000     20.00000     29.29391    -28.59150      3.89394
    205.00000     20.00000     31.82783    -27.28077      4.30970
    210.00000     20.00000     33.49620    -26.28608      4.69043
    215.00000     20.00000     34.10773    -25.51228      5.03670
    220.00000     20.00000     33.56957    -24.83157      5.35366
    225.00000     20.00000     31.89211    -24.12715      5.64981
    230.00000     20.00000     29.17897    -23.31566      5.93045
    235.00000     20.00000     25.61037    -22.33480      6.18848
    240.00000     20.00000     21.42738    -21.12023      6.39737
    245.00000     20.00000     16.91723    -19.60805      6.51232
    250.00000     20.00000     12.39369    -17.77081      6.48330
    255.00000     20.00000      8.16825    -15.65623      6.27533
    260.00000     20.00000      4.51449    -13.39332      5.88412
    265.00000     20.00000      1.63412    -11.16247      5.33759
    270.00000     20.00000     -0.36820     -9.15664      4.68426
    275.00000     20.00000     -1.49762     -7.55638      3.97968
    280.00000     20.00000     -1.86772     -6.51298      3.28150
    285.00000     20.00000     -1.68127     -6.11922      2.65298
    290.00000     20.00000     -1.19075     -6.36514      2.16471
    295.00000     20.00000     -0.64263     -7.10619      1.88482
    300.00000     20.00000     -0.21887     -8.07644      1.85826
    305.00000     20.00000      0.00615     -8.95275      2.08712
    310.00000     20.00000      0.07946     -9.44176      2.52522
    315.00000     20.00000      0.15060     -9.35132      3.09195
    320.00000     20.00000      0.42654     -8.62349      3.69849
    325.00000     20.00000      1.11250     -7.33019      4.27236
    330.00000     20.00000      2.35252     -5.64488      4.76866
    335.00000     20.00000      4.18303     -3.80403      5.16528
    340.00000     20.00000      6.50903     -2.06763      5.45026
    345.00000     20.00000      9.10801     -0.68135      5.61442
    350.00000     20.00000     11.66139      0.16316      5.65711
    355.00000     20.00000     13.80928      0.37265      5.59972
    360.00000     20.00000     15.22037     -0.01077      5.49213
      0.00000     25.00000     14.80289     -0.36676      4.42738
      5.00000     25.00000     15.04956     -1.04354      4.34347
     10.00000     25.00000     14.35149     -1.79755      4.38670
     15.00000     25.00000     12.79103     -2.45513      4.55208
     20.00000     25.00000     10.55890     -2.95068      4.78500
     25.00000     25.00000      7.90126     -3.32913      5.00247
     30.00000     25.00000      5.06495     -3.69108      5.12252
     35.00000     25.00000      2.25845     -4.12398      5.08784
     40.00000     25.00000     -0.36556     -4.66517      4.87757
     45.00000     25.00000     -2.70924     -5.30616      4.50664
     50.00000     25.00000     -4.71698     -6.01333      4.01298
     55.00000     25.00000     -6.35693     -6.74081      3.43564
     60.00000     25.00000     -7.60328     -7.43713      2.79465
     65.00000     25.00000     -8.42675     -8.06030      2.08731
     70.00000     25.00000     -8.79827     -8.60120      1.30475
     75.00000     25.00000     -8.70310     -9.09754      0.45319
     80.00000     25.00000     -8.15629     -9.62676     -0.44259
     85.00000     25.00000     -7.21094    -10.28855     -1.35858
     90.00000     25.00000     -5.95712    -11.19271     -2.29241
     95.00000     25.00000     -4.51348    -12.44797     -3.26001
    100.00000     25.00000     -3.01236    -14.13309     -4.26665
    105.00000     25.00000     -1.57723    -16.25122     -5.28032
    110.00000     25.00000     -0.29532    -18.70381     -6.23468
    115.00000     25.00000      0.80321    -21.32150     -7.05897
    120.00000     25.00000      1.74644    -23.94210     -7.70470
    125.00000     25.00000      2.59871    -26.47687     -8.14485
    130.00000     25.00000      3.42806    -28.91244     -8.35292
    135.00000     25.00000      4.28221    -31.25562     -8.29006
    140.00000     25.00000      5.18421    -33.47766     -7.91782
    145.00000     25.00000      6.14452    -35.50266     -7.22554
    150.00000     25.00000      7.17774    -37.23201     -6.24772
    155.00000     25.00000      8.31540    -38.56591     -5.05909
    160.00000     25.00000      9.61197    -39.40484     -3.75629
    165.00000     25.00000     11.14325    -39.65217     -2.44056
    170.00000     25.00000     12.99395    -39.24260     -1.20575
    175.00000     25.00000     15.23259    -38.18718     -0.12630
    180.00000     25.00000     17.87885    -36.59839      0.75620
    185.00000     25.00000     20.87559    -34.67173      1.44058
    190.00000     25.00000     24.07793    -32.63606      1.96000
    195.00000     25.00000     27.26401    -30.70236      2.36433
    200.00000     25.00000     30.16394    -29.02683      2.70224
    205.00000     25.00000     32.49871    -27.68628      3.01164
    210.00000     25.00000     34.02138    -26.66587      3.31858
    215.00000     25.00000     34.55270    -25.87047      3.63953
    220.00000     25.00000     34.00391    -25.16588      3.98358
    225.00000     25.00000     32.38229    -24.43084      4.35413
    230.00000     25.00000     29.78194    -23.58578      4.74917
    235.00000     25.00000     26.36761    -22.58323      5.15739
    240.00000     25.00000     22.35928    -21.38041      5.55097
    245.00000     25.00000     18.01851    -19.93056      5.88190
    250.00000     25.00000     13.63173    -18.20615      6.08977
    255.00000     25.00000      9.48605    -16.23309      6.12086
    260.00000     25.00000      5.83844    -14.10490      5.94762
    265.00000     25.00000      2.88475    -11.96784      5.57638
    270.00000     25.00000      0.73517     -9.99253      5.04122
    275.00000     25.00000     -0.59910     -8.34886      4.39335
    280.00000     25.00000     -1.20529     -7.18277      3.69619
    285.00000     25.00000     -1.25169     -6.58445      3.02647
    290.00000     25.00000     -0.95251     -6.55068      2.47150
    295.00000     25.00000     -0.51981     -6.96263      2.11445
    300.00000     25.00000     -0.11424     -7.60130      2.01040
    305.00000     25.00000      0.19099     -8.20017      2.16612
    310.00000     25.00000      0.42222     -8.51208      2.53640
    315.00000     25.00000      0.69086     -8.36389      3.03915
    320.00000     25.00000      1.15735     -7.68680      3.58104
    325.00000     25.00000      1.98223     -6.52396      4.08109
    330.00000     25.00000      3.27544     -5.01968      4.48312
    335.00000     25.00000      5.05498     -3.39139      4.75611
    340.00000     25.00000      7.22507     -1.88656      4.88848
    345.00000     25.00000      9.57970     -0.73158      4.88492
    350.00000     25.00000     11.83243     -0.08245      4.77005
    355.00000     25.00000     13.66755      0.01353      4.59379
    360.00000     25.00000     14.80289     -0.36676      4.42738
      0.00000     30.00000     13.74540     -0.75299      3.45256
      5.00000     30.00000     13.78542     -1.28064      3.42755
     10.00000     30.00000     13.01064     -1.81575      3.55806
     15.00000     30.00000     11.50042     -2.25033      3.81189
     20.00000     30.00000      9.41789     -2.57150      4.11578
     25.00000     30.00000      6.96773     -2.84555      4.38207
     30.00000     30.00000      4.35486     -3.16314      4.53699
     35.00000     30.00000      1.75607     -3.58319      4.53745
     40.00000     30.00000     -0.69206     -4.11093      4.37302
     45.00000     30.00000     -2.89272     -4.71411      4.05781
     50.00000     30.00000     -4.78156     -5.35221      3.61808
     55.00000     30.00000     -6.31620     -5.99190      3.07904
     60.00000     30.00000     -7.46569     -6.60587      2.45505
     65.00000     30.00000     -8.20358     -7.17131      1.74810
     70.00000     30.00000     -8.50847     -7.68100      0.95589
     75.00000     30.00000     -8.37200     -8.16145      0.08207
     80.00000     30.00000     -7.81038     -8.68343     -0.86159
     85.00000     30.00000     -6.87311     -9.35559     -1.86295
     90.00000     30.00000     -5.64451    -10.30224     -2.91596
     95.00000     30.00000     -4.23617    -11.62981     -4.01419
    100.00000     30.00000     -2.77039    -13.38878     -5.13394
    105.00000     30.00000     -1.35703    -15.54561     -6.22411
    110.00000     30.00000     -0.06991    -17.98519     -7.21636
    115.00000     30.00000      1.06784    -20.55186     -8.04920
    120.00000     30.00000      2.08146    -23.10903     -8.68477
    125.00000     30.00000      3.02606    -25.57871     -9.10428
    130.00000     30.00000      3.96160    -27.93671     -9.29016
    135.00000     30.00000      4.93433    -30.17600     -9.21577
    140.00000     30.00000      5.97157    -32.27373     -8.85427
    145.00000     30.00000      7.08780    -34.18362     -8.19831
    150.00000     30.00000      8.29521    -35.84467     -7.27349
    155.00000     30.00000      9.61357    -37.18479     -6.13756
    160.00000     30.00000     11.07687    -38.11593     -4.87069
    165.00000     30.00000     12.73447    -38.53885     -3.56523
    170.00000     30.00000     14.64348    -38.37237     -2.31599
    175.00000     30.00000     16.85026    -37.59633     -1.20729
    180.00000     30.00000     19.36502    -36.28003     -0.29704
    185.00000     30.00000     22.13839    -34.57727      0.39493
    190.00000     30.00000     25.04995    -32.69298      0.88724
    195.00000     30.00000     27.91353    -30.83862      1.22688
    200.00000     30.00000     30.49837    -29.18866      1.47508
    205.00000     30.00000     32.56131    -27.84326      1.69471
    210.00000     30.00000     33.88324    -26.80670      1.93979
    215.00000     30.00000     34.30225    -25.99553      2.24690
    220.00000     30.00000     33.73571    -25.27989      2.63093
    225.00000     30.00000     32.18700    -24.53748      3.08771
    230.00000     30.00000     29.73819    -23.68748      3.60113
    235.00000     30.00000     26.53563    -22.68787      4.14795
    240.00000     30.00000     22.77513    -21.51083      4.69587
    245.00000     30.00000     18.68887    -20.12692      5.19926
    250.00000     30.00000     14.53089    -18.51478      5.60098
    255.00000     30.00000     10.55726    -16.68606      5.84421
    260.00000     30.00000      7.00089    -14.70301      5.88827
    265.00000     30.00000      4.04487    -12.67665      5.71872
    270.00000     30.00000      1.80018    -10.75012      5.34845
    275.00000     30.00000      0.29267     -9.07603      4.81434
    280.00000     30.00000     -0.53721     -7.78978      4.17575
    285.00000     30.00000     -0.81962     -6.97737      3.51369
    290.00000     30.00000     -0.72590     -6.64452      2.92367
    295.00000     30.00000     -0.42944     -6.70279      2.49755
    300.00000     30.00000     -0.06637     -6.98438      2.29920
    305.00000     30.00000      0.29304     -7.28188      2.34562
    310.00000     30.00000      0.65484     -7.39610      2.60287
    315.00000     30.00000      1.09158     -7.17696      2.99774
    320.00000     30.00000      1.71513     -6.55213      3.43855
    325.00000     30.00000      2.63843     -5.54350      3.83667
    330.00000     30.00000      3.93424     -4.26809      4.12321
    335.00000     30.00000      5.60066     -2.91630      4.25871
    340.00000     30.00000      7.54280     -1.70684      4.23661
    345.00000     30.00000      9.57681     -0.82939      4.08240
    350.00000     30.00000     11.45716     -0.39369      3.84997
    355.00000     30.00000     12.92189     -0.40191      3.61364
    360.00000     30.00000     13.74540     -0.75299      3.45256
      0.00000     35.00000     12.14156     -1.10199      2.67262
      5.00000     35.00000     11.98899     -1.46350      2.74477
     10.00000     35.00000     11.16285     -1.78660      2.97051
     15.00000     35.00000      9.73426     -2.02042      3.29326
     20.00000     35.00000      7.83564     -2.18819      3.63166
     25.00000     35.00000      5.62979     -2.36120      3.90632
     30.00000     35.00000      3.28110     -2.61128      4.06119
     35.00000     35.00000      0.93610     -2.97121      4.07056
     40.00000     35.00000     -1.28502     -3.42615      3.93269
     45.00000     35.00000     -3.28941     -3.93492      3.65826
     50.00000     35.00000     -5.00867     -4.45879      3.26102
     55.00000     35.00000     -6.39411     -4.97500      2.75292
     60.00000     35.00000     -7.41133     -5.47203      2.14201
     65.00000     35.00000     -8.03564     -5.94205      1.43198
     70.00000     35.00000     -8.25125     -6.38602      0.62357
     75.00000     35.00000     -8.05560     -6.83134     -0.28275
     80.00000     35.00000     -7.46741     -7.34709     -1.28444
     85.00000     35.00000     -6.53394     -8.04056     -2.37496
     90.00000     35.00000     -5.33264     -9.03071     -3.54025
     95.00000     35.00000     -3.96388    -10.40762     -4.75232
    100.00000     35.00000     -2.53505    -12.19607     -5.96395
    105.00000     35.00000     -1.13963    -14.34133     -7.11177
    110.00000     35.00000      0.16159    -16.72636     -8.13009
    115.00000     35.00000      1.35018    -19.21332     -8.96776
    120.00000     35.00000      2.44633    -21.68731     -9.59596
    125.00000     35.00000      3.49419    -24.07850    -10.00187
    130.00000     35.00000      4.54357    -26.35521    -10.17553
    135.00000     35.00000      5.63600    -28.50105    -10.10284
    140.00000     35.00000      6.79932    -30.49679     -9.77029
    145.00000     35.00000      8.04960    -32.31504     -9.17597
    150.00000     35.00000      9.39691    -33.91996     -8.33776
    155.00000     35.00000     10.85211    -35.26142     -7.29498
    160.00000     35.00000     12.43264    -36.26693     -6.10644
    165.00000     35.00000     14.16503    -36.84563     -4.84786
    170.00000     35.00000     16.08088    -36.91324     -3.60688
    175.00000     35.00000     18.20477    -36.42926     -2.47187
    180.00000     35.00000     20.53605    -35.42590     -1.51567
    185.00000     35.00000     23.03097    -34.01366     -0.77999
    190.00000     35.00000     25.59207    -32.36260     -0.26718
    195.00000     35.00000     28.06966    -30.66684      0.05893
    200.00000     35.00000     30.27608    -29.10147      0.26441
    205.00000     35.00000     32.01045    -27.78083      0.43098
    210.00000     35.00000     33.08847    -26.73181      0.63750
    215.00000     35.00000     33.37094    -25.89649      0.94142
    220.00000     35.00000     32.78380    -25.16594      1.36723
    225.00000     35.00000     31.32578    -24.42790      1.90734
    230.00000     35.00000     29.06409    -23.60091      2.53309
    235.00000     35.00000     26.12315    -22.63940      3.20724
    240.00000     35.00000     22.67161    -21.51743      3.88970
    245.00000     35.00000     18.91012    -20.21325      4.53638
    250.00000     35.00000     15.05827    -18.71058      5.09747
    255.00000     35.00000     11.33825    -17.01419      5.52118
    260.00000     35.00000      7.95450    -15.16600      5.76246
    265.00000     35.00000      5.07195    -13.24988      5.79218
    270.00000     35.00000      2.79713    -11.38288      5.60360
    275.00000     35.00000      1.16674     -9.69597      5.21656
    280.00000     35.00000      0.14710     -8.30786      4.68006
    285.00000     35.00000     -0.35415     -7.29610      4.07090
    290.00000     35.00000     -0.46487     -6.67376      3.48381
    295.00000     35.00000     -0.31865     -6.38191      3.01223
    300.00000     35.00000     -0.02539     -6.30235      2.72534
    305.00000     35.00000      0.35018     -6.28553      2.65062
    310.00000     35.00000      0.79700     -6.18286      2.76823
    315.00000     35.00000      1.35161     -5.87596      3.01795
    320.00000     35.00000      2.07912     -5.30139      3.31493
    325.00000     35.00000      3.04517     -4.46902      3.56996
    330.00000     35.00000      4.28507     -3.46715      3.71050
    335.00000     35.00000      5.77768     -2.44505      3.69818
    340.00000     35.00000      7.43207     -1.57177      3.53812
    345.00000     35.00000      9.09219     -0.98373      3.27723
    350.00000     35.00000     10.56005     -0.74193      2.99167
    355.00000     35.00000     11.63243     -0.81619      2.76658
    360.00000     35.00000     12.14156     -1.10199      2.67262
      0.00000     40.00000     10.13253     -1.34435      2.18571
      5.00000     40.00000      9.82324     -1.54227      2.36435
     10.00000     40.00000      8.98044     -1.68477      2.66735
     15.00000     40.00000      7.66311     -1.76064      3.02509
     20.00000     40.00000      5.97326     -1.80771      3.36006
     25.00000     40.00000      4.03553     -1.88665      3.60923
     30.00000     40.00000      1.97839     -2.04624      3.73641
     35.00000     40.00000     -0.07869     -2.29998      3.73098
     40.00000     40.00000     -2.03189     -2.62637      3.59705
     45.00000     40.00000     -3.79541     -2.98874      3.34181
     50.00000     40.00000     -5.30172     -3.35758      2.96958
     55.00000     40.00000     -6.50052     -3.71997      2.48187
     60.00000     40.00000     -7.35641     -4.07482      1.87919
     65.00000     40.00000     -7.84636     -4.42595      1.16143
     70.00000     40.00000     -7.95886     -4.78530      0.32681
     75.00000     40.00000     -7.69622     -5.18665     -0.62770
     80.00000     40.00000     -7.07965     -5.69738     -1.70245
     85.00000     40.00000     -6.15395     -6.41370     -2.88817
     90.00000     40.00000     -4.98783     -7.43499     -4.15877
     95.00000     40.00000     -3.66711     -8.82750     -5.46791
    100.00000     40.00000     -2.28102    -10.59596     -6.75237
    105.00000     40.00000     -0.90561    -12.67845     -7.94292
    110.00000     40.00000      0.41018    -14.96749     -8.97872
    115.00000     40.00000      1.65050    -17.34547     -9.81827
    120.00000     40.00000      2.82905    -19.71581    -10.44116
    125.00000     40.00000      3.97824    -22.01569    -10.84096
    130.00000     40.00000      5.13636    -24.20990    -11.01565
    135.00000     40.00000      6.33740    -26.27684    -10.96231
    140.00000     40.00000      7.60605    -28.19814    -10.67835
    145.00000     40.00000      8.95728    -29.95456    -10.16603
    150.00000     40.00000     10.39893    -31.52233     -9.43657
    155.00000     40.00000     11.93566    -32.86529     -8.51304
    160.00000     40.00000     13.57313    -33.92713     -7.43345
    165.00000     40.00000     15.32036    -34.63358     -6.25402
    170.00000     40.00000     17.18810    -34.91030     -5.04885
    175.00000     40.00000     19.18163    -34.71084     -3.90251
    180.00000     40.00000     21.28935    -34.04183     -2.89550
    185.00000     40.00000     23.47053    -32.97387     -2.08695
    190.00000     40.00000     25.64721    -31.63388     -1.50037
    195.00000     40.00000     27.70382    -30.18085     -1.11680
    200.00000     40.00000     29.49614    -28.77037     -0.87760
    205.00000     40.00000     30.86859    -27.51731     -0.69755
    210.00000     40.00000     31.67633    -26.46931     -0.48627
    215.00000     40.00000     31.80735    -25.60317     -0.17180
    220.00000     40.00000     31.19908    -24.84608      0.28289
    225.00000     40.00000     29.84629    -24.10987      0.87692
    230.00000     40.00000     27.79995    -23.31929      1.58133
    235.00000     40.00000     25.16008    -22.42208      2.35366
    240.00000     40.00000     22.06580    -21.38325      3.14838
    245.00000     40.00000     18.68476    -20.17655      3.91986
    250.00000     40.00000     15.20153    -18.78466      4.62093
    255.00000     40.00000     11.80369    -17.20889      5.20260
    260.00000     40.00000      8.66540    -15.48098      5.61800
    265.00000     40.00000      5.93011    -13.66798      5.82984
    270.00000     40.00000      3.69568    -11.86594      5.81917
    275.00000     40.00000      2.00532    -10.18337      5.59328
    280.00000     40.00000      0.84714     -8.71852      5.19025
    285.00000     40.00000      0.16299     -7.53679      4.67690
    290.00000     40.00000     -0.13478     -6.65544      4.13822
    295.00000     40.00000     -0.14221     -6.04116      3.65959
    300.00000     40.00000      0.05666     -5.62058      3.30710
    305.00000     40.00000      0.40476     -5.29870      3.11280
    310.00000     40.00000      0.87827     -4.97888      3.06877
    315.00000     40.00000      1.48333     -4.58139      3.13096
    320.00000     40.00000      2.24386     -4.06062      3.23116
    325.00000     40.00000      3.18315     -3.41923      3.29528
    330.00000     40.00000      4.30326     -2.71261      3.26461
    335.00000     40.00000      5.56793     -2.03612      3.11455
    340.00000     40.00000      6.89443     -1.49464      2.86404
    345.00000     40.00000      8.15839     -1.16463      2.57111
    350.00000     40.00000      9.21146     -1.06561      2.31494
    355.00000     40.00000      9.90786     -1.15432      2.17073
    360.00000     40.00000     10.13253     -1.34435      2.18571
      0.00000     45.00000      7.89614     -1.42345      2.03770
      5.00000     45.00000      7.47986     -1.48271      2.30000
     10.00000     45.00000      6.65842     -1.49158      2.64150
     15.00000     45.00000      5.47724     -1.45840      2.99444
     20.00000     45.00000      4.01150     -1.41711      3.29500
     25.00000     45.00000      2.35383     -1.40807      3.49830
     30.00000     45.00000      0.60293     -1.45782      3.58356
     35.00000     45.00000     -1.14513     -1.56876      3.54858
     40.00000     45.00000     -2.80253     -1.72348      3.39893
     45.00000     45.00000     -4.29313     -1.89911      3.13855
     50.00000     45.00000     -5.55459     -2.08106      2.76610
     55.00000     45.00000     -6.53920     -2.26786      2.27653
     60.00000     45.00000     -7.21353     -2.46759      1.66373
     65.00000     45.00000     -7.55726     -2.69372      0.92162
     70.00000     45.00000     -7.56267     -2.96769      0.04402
     75.00000     45.00000     -7.23581     -3.32762     -0.97366
     80.00000     45.00000     -6.59899     -3.83434     -2.12895
     85.00000     45.00000     -5.69287     -4.56505     -3.40452
     90.00000     45.00000     -4.57531     -5.59257     -4.76224
     95.00000     45.00000     -3.31540     -6.95856     -6.14356
    100.00000     45.00000     -1.98308     -8.65493     -7.47791
    105.00000     45.00000     -0.63735    -10.62364     -8.69619
    110.00000     45.00000      0.68311    -12.77486     -9.74378
    115.00000     45.00000      1.96351    -15.01340    -10.58739
    120.00000     45.00000      3.21036    -17.25986    -11.21374
    125.00000     45.00000      4.44419    -19.45855    -11.62243
    130.00000     45.00000      5.69100    -21.57322    -11.81798
    135.00000     45.00000      6.97530    -23.57840    -11.80498
    140.00000     45.00000      8.31590    -25.45292    -11.58706
    145.00000     45.00000      9.72458    -27.17681    -11.16802
    150.00000     45.00000     11.20665    -28.72809    -10.55403
    155.00000     45.00000     12.76284    -30.07732     -9.75693
    160.00000     45.00000     14.39145    -31.18242     -8.79937
    165.00000     45.00000     16.08991    -31.98946     -7.72037
    170.00000     45.00000     17.85405    -32.44296     -6.57784
    175.00000     45.00000     19.67450    -32.50337     -5.44475
    180.00000     45.00000     21.53047    -32.16491     -4.39810
    185.00000     45.00000     23.38278    -31.46639     -3.50336
    190.00000     45.00000     25.16896    -30.49054     -2.79889
    195.00000     45.00000     26.80278    -29.35083     -2.28529
    200.00000     45.00000     28.17957    -28.16812     -1.92354
    205.00000     45.00000     29.18718    -27.04358     -1.64384
    210.00000     45.00000     29.72057    -26.03683     -1.36370
    215.00000     45.00000     29.69693    -25.15786     -1.00955
    220.00000     45.00000     29.06807    -24.37505     -0.53406
    225.00000     45.00000     27.82747    -23.63350      0.07712
    230.00000     45.00000     26.01158    -22.87341      0.80958
    235.00000     45.00000     23.69645    -22.04084      1.63048
    240.00000     45.00000     20.99128    -21.09048      2.49795
    245.00000     45.00000     18.03033    -19.98618      3.36602
    250.00000     45.00000     14.96303    -18.70474      4.18559
    255.00000     45.00000     11.94240    -17.24373      4.90527
    260.00000     45.00000      9.11184    -15.62900      5.47495
    265.00000     45.00000      6.59180    -13.91645      5.85275
    270.00000     45.00000      4.46871    -12.18509      6.01378
    275.00000     45.00000      2.78831    -10.52249      5.95775
    280.00000     45.00000      1.55542     -9.00692      5.71236
    285.00000     45.00000      0.73989     -7.69185      5.33020
    290.00000     45.00000      0.28789     -6.59779      4.87888
    295.00000     45.00000      0.13547     -5.71340      4.42678
    300.00000     45.00000      0.22160     -5.00374      4.02872
    305.00000     45.00000      0.49767     -4.42142      3.71559
    310.00000     45.00000      0.93188     -3.91688      3.49031
    315.00000     45.00000      1.50787     -3.44727      3.33037
    320.00000     45.00000      2.21810     -2.98497      3.19647
    325.00000     45.00000      3.05352     -2.52507      3.04595
    330.00000     45.00000      3.99205     -2.08814      2.84868
    335.00000     45.00000      4.98928     -1.71358      2.60040
    340.00000     45.00000      5.97471     -1.44318      2.32815
    345.00000     45.00000      6.85587     -1.30095      2.08389
    350.00000     45.00000      7.53002     -1.27924      1.92771
    355.00000     45.00000      7.90094     -1.33879      1.90674
    360.00000     45.00000      7.89614     -1.42345      2.03770
      0.00000     50.00000      5.62514     -1.30563      2.19908
      5.00000     50.00000      5.15602     -1.26441      2.49885
     10.00000     50.00000      4.39190     -1.18647      2.83368
     15.00000     50.00000      3.36596     -1.08337      3.14885
     20.00000     50.00000      2.13189     -0.97519      3.39793
     25.00000     50.00000      0.75728     -0.88068      3.55061
     30.00000     50.00000     -0.68311     -0.80924      3.59351
     35.00000     50.00000     -2.11337     -0.75919      3.52472
     40.00000     50.00000     -3.46130     -0.72281      3.34605
     45.00000     50.00000     -4.66235     -0.69452      3.05714
     50.00000     50.00000     -5.66245     -0.67698      2.65340
     55.00000     50.00000     -6.41981     -0.68199      2.12726
     60.00000     50.00000     -6.90544     -0.72747      1.47013
     65.00000     50.00000     -7.10288     -0.83513      0.67382
     70.00000     50.00000     -7.00792     -1.03204     -0.26812
     75.00000     50.00000     -6.62875     -1.35503     -1.35725
     80.00000     50.00000     -5.98668     -1.85251     -2.58470
     85.00000     50.00000     -5.11612     -2.57859     -3.92510
     90.00000     50.00000     -4.06268     -3.57905     -5.33357
     95.00000     50.00000     -2.87844     -4.87503     -6.74888
    100.00000     50.00000     -1.61505     -6.45277     -8.10283
    105.00000     50.00000     -0.31621     -8.26517     -9.33260
    110.00000     50.00000      0.98788    -10.24438    -10.39091
    115.00000     50.00000      2.28273    -12.31867    -11.25035
    120.00000     50.00000      3.56791    -14.42558    -11.90109
    125.00000     50.00000      4.85289    -16.51673    -12.34465
    130.00000     50.00000      6.15180    -18.55546    -12.58727
    135.00000     50.00000      7.47908    -20.51174    -12.63544
    140.00000     50.00000      8.84640    -22.35840    -12.49418
    145.00000     50.00000     10.26112    -24.06958    -12.16719
    150.00000     50.00000     11.72584    -25.61972    -11.65846
    155.00000     50.00000     13.23873    -26.98168    -10.97521
    160.00000     50.00000     14.79408    -28.12454    -10.13243
    165.00000     50.00000     16.38282    -29.01359     -9.15768
    170.00000     50.00000     17.99203    -29.61451     -8.09391
    175.00000     50.00000     19.60346    -29.90143     -6.99796
    180.00000     50.00000     21.19082    -29.86660     -5.93361
    185.00000     50.00000     22.71688    -29.52783     -4.96063
    190.00000     50.00000     24.13147    -28.93086     -4.12227
    195.00000     50.00000     25.37179    -28.14476     -3.43513
    200.00000     50.00000     26.36563    -27.25042     -2.88476
    205.00000     50.00000     27.03775    -26.32508     -2.42904
    210.00000     50.00000     27.31840    -25.42739     -2.00904
    215.00000     50.00000     27.15253    -24.58805     -1.56384
    220.00000     50.00000     26.50778    -23.80841     -1.04443
    225.00000     50.00000     25.38001    -23.06577     -0.42230
    230.00000     50.00000     23.79548    -22.32174      0.30860
    235.00000     50.00000     21.81002    -21.53024      1.13478
    240.00000     50.00000     19.50552    -20.64433      2.02759
    245.00000     50.00000     16.98436    -19.62287      2.94695
    250.00000     50.00000     14.36188    -18.43824      3.84428
    255.00000     50.00000     11.75728    -17.08403      4.66609
    260.00000     50.00000      9.28359    -15.57992      5.35965
    265.00000     50.00000      7.03786    -13.97093      5.88042
    270.00000     50.00000      5.09322    -12.32010      6.19985
    275.00000     50.00000      3.49429    -10.69633      6.31100
    280.00000     50.00000      2.25667     -9.16149      6.22985
    285.00000     50.00000      1.37062     -7.76082      5.99159
    290.00000     50.00000      0.80759     -6.51934      5.64275
    295.00000     50.00000      0.52828     -5.44426      5.23159
    300.00000     50.00000      0.49017     -4.53047      4.79962
    305.00000     50.00000      0.65318     -3.76609      4.37610
    310.00000     50.00000      0.98263     -3.13586      3.97634
    315.00000     50.00000      1.44931     -2.62291      3.60335
    320.00000     50.00000      2.02689     -2.21060      3.25234
    325.00000     50.00000      2.68744     -1.88516      2.91742
    330.00000     50.00000      3.39650     -1.63775      2.59897
    335.00000     50.00000      4.10928     -1.46385      2.30928
    340.00000     50.00000      4.76965     -1.35908      2.07349
    345.00000     50.00000      5.31305     -1.31331      1.92403
    350.00000     50.00000      5.67323     -1.30714      1.88992
    355.00000     50.00000      5.79133     -1.31368      1.98485
    360.00000     50.00000      5.62514     -1.30563      2.19908
      0.00000     55.00000      3.50414     -0.98210      2.60009
      5.00000     55.00000      3.03233     -0.87305      2.88091
     10.00000     55.00000      2.35599     -0.73848      3.16782
     15.00000     55.00000      1.49876     -0.58416      3.42208
     20.00000     55.00000      0.49839     -0.41557      3.61194
     25.00000     55.00000     -0.59654     -0.23540      3.71524
     30.00000     55.00000     -1.73055     -0.04322      3.71869
     35.00000     55.00000     -2.84548      0.16207      3.61463
     40.00000     55.00000     -3.88452      0.37810      3.39740
     45.00000     55.00000     -4.79587      0.59545      3.06101
     50.00000     55.00000     -5.53564      0.79651      2.59857
     55.00000     55.00000     -6.06981      0.95737      2.00311
     60.00000     55.00000     -6.37514      1.05102      1.26862
     65.00000     55.00000     -6.43931      1.04948      0.39114
     70.00000     55.00000     -6.26060      0.92379     -0.62968
     75.00000     55.00000     -5.84749      0.64251     -1.78782
     80.00000     55.00000     -5.21812      0.17178     -3.06703
     85.00000     55.00000     -4.39934     -0.52090     -4.43741
     90.00000     55.00000     -3.42465     -1.45928     -5.85489
     95.00000     55.00000     -2.33095     -2.65035     -7.26486
    100.00000     55.00000     -1.15443     -4.07986     -8.60966
    105.00000     55.00000      0.07360     -5.71393     -9.83734
    110.00000     55.00000      1.32969     -7.50596    -10.90838
    115.00000     55.00000      2.59957     -9.40557    -11.79824
    120.00000     55.00000      3.87739    -11.36542    -12.49566
    125.00000     55.00000      5.16368    -13.34379    -12.99833
    130.00000     55.00000      6.46265    -15.30363    -13.30832
    135.00000     55.00000      7.77977    -17.21026    -13.42901
    140.00000     55.00000      9.11975    -19.03014    -13.36382
    145.00000     55.00000     10.48525    -20.73119    -13.11639
    150.00000     55.00000     11.87597    -22.28396    -12.69174
    155.00000     55.00000     13.28806    -23.66231    -12.09809
    160.00000     55.00000     14.71379    -24.84328    -11.34935
    165.00000     55.00000     16.14125    -25.80663    -10.46755
    170.00000     55.00000     17.55397    -26.53514     -9.48442
    175.00000     55.00000     18.93044    -27.01633     -8.44081
    180.00000     55.00000     20.24342    -27.24560     -7.38336
    185.00000     55.00000     21.45947    -27.22973     -6.35855
    190.00000     55.00000     22.53897    -26.98951     -5.40532
    195.00000     55.00000     23.43706    -26.55985     -4.54804
    200.00000     55.00000     24.10588    -25.98641     -3.79184
    205.00000     55.00000     24.49818    -25.31921     -3.12207
    210.00000     55.00000     24.57180    -24.60438     -2.50808
    215.00000     55.00000     24.29466    -23.87658     -1.91050
    220.00000     55.00000     23.64929    -23.15368     -1.28983
    225.00000     55.00000     22.63640    -22.43503     -0.61411
    230.00000     55.00000     21.27673    -21.70283      0.13570
    235.00000     55.00000     19.61126    -20.92646      0.96288
    240.00000     55.00000     17.69948    -20.06889      1.85428
    245.00000     55.00000     15.61582    -19.09482      2.78133
    250.00000     55.00000     13.44462    -17.97925      3.70291
    255.00000     55.00000     11.27367    -16.71463      4.57014
    260.00000     55.00000      9.18728    -15.31459      5.33311
    265.00000     55.00000      7.25957    -13.81265      5.94826
    270.00000     55.00000      5.54913    -12.25630      6.38500
    275.00000     55.00000      4.09576    -10.69823      6.62966
    280.00000     55.00000      2.91979     -9.18783      6.68596
    285.00000     55.00000      2.02371     -7.76546      6.57207
    290.00000     55.00000      1.39555     -6.46065      6.31564
    295.00000     55.00000      1.01303     -5.29365      5.94856
    300.00000     55.00000      0.84764     -4.27792      5.50292
    305.00000     55.00000      0.86790     -3.42168      5.00884
    310.00000     55.00000      1.04149     -2.72744      4.49377
    315.00000     55.00000      1.33610     -2.19047      3.98257
    320.00000     55.00000      1.71930     -1.79766      3.49798
    325.00000     55.00000      2.15746     -1.52830      3.06111
    330.00000     55.00000      2.61464     -1.35661      2.69192
    335.00000     55.00000      3.05170     -1.25498      2.40917
    340.00000     55.00000      3.42665     -1.19677      2.22911
    345.00000     55.00000      3.69643     -1.15799      2.16268
    350.00000     55.00000      3.82023     -1.11848      2.21166
    355.00000     55.00000      3.76387     -1.06296      2.36543
    360.00000     55.00000      3.50414     -0.98210      2.60009
      0.00000     60.00000      1.69805     -0.45887      3.19640
      5.00000     60.00000      1.26361     -0.29205      3.40321
     10.00000     60.00000      0.69735     -0.10495      3.60502
     15.00000     60.00000      0.01598      0.10412      3.77571
     20.00000     60.00000     -0.75432      0.33913      3.89241
     25.00000     60.00000     -1.57952      0.60513      3.93566
     30.00000     60.00000     -2.42007      0.90554      3.88879
     35.00000     60.00000     -3.23374      1.23873      3.73714
     40.00000     60.00000     -3.97864      1.59519      3.46760
     45.00000     60.00000     -4.61607      1.95648      3.06896
     50.00000     60.00000     -5.11295      2.29638      2.53268
     55.00000     60.00000     -5.44357      2.58391      1.85368
     60.00000     60.00000     -5.59049      2.78674      1.03093
     65.00000     60.00000     -5.54478      2.87386      0.06781
     70.00000     60.00000     -5.30579      2.81682     -1.02726
     75.00000     60.00000     -4.88045      2.58995     -2.23976
     80.00000     60.00000     -4.28243      2.17092     -3.54758
     85.00000     60.00000     -3.53089      1.54226     -4.92010
     90.00000     60.00000     -2.64886      0.69414     -6.31881
     95.00000     60.00000     -1.66125     -0.37291     -7.70002
    100.00000     60.00000     -0.59261     -1.64667     -9.01928
    105.00000     60.00000      0.53494     -3.10423    -10.23612
    110.00000     60.00000      1.70325     -4.71494    -11.31770
    115.00000     60.00000      2.89880     -6.44407    -12.24025
    120.00000     60.00000      4.11262     -8.25546    -12.98837
    125.00000     60.00000      5.33947    -10.11277    -13.55309
    130.00000     60.00000      6.57674    -11.97943    -13.92988
    135.00000     60.00000      7.82325    -13.81847    -14.11730
    140.00000     60.00000      9.07810    -15.59322    -14.11665
    145.00000     60.00000     10.33969    -17.26901    -13.93219
    150.00000     60.00000     11.60478    -18.81538    -13.57155
    155.00000     60.00000     12.86771    -20.20785    -13.04617
    160.00000     60.00000     14.11968    -21.42850    -12.37158
    165.00000     60.00000     15.34824    -22.46530    -11.56770
    170.00000     60.00000     16.53697    -23.31076    -10.65891
    175.00000     60.00000     17.66543    -23.96058     -9.67361
    180.00000     60.00000     18.70942    -24.41334     -8.64310
    185.00000     60.00000     19.64146    -24.67116     -7.59938
    190.00000     60.00000     20.43169    -24.74122     -6.57207
    195.00000     60.00000     21.04910    -24.63729     -5.58483
    200.00000     60.00000     21.46322    -24.38007     -4.65214
    205.00000     60.00000     21.64616    -23.99581     -3.77728
    210.00000     60.00000     21.57496    -23.51293     -2.95225
    215.00000     60.00000     21.23402    -22.95751     -2.15982
    220.00000     60.00000     20.61739    -22.34857     -1.37747
    225.00000     60.00000     19.73052    -21.69460     -0.58239
    230.00000     60.00000     18.59143    -20.99217      0.24331
    235.00000     60.00000     17.23077    -20.22729      1.10806
    240.00000     60.00000     15.69091    -19.37951      2.00785
    245.00000     60.00000     14.02379    -18.42785      2.92527
    250.00000     60.00000     12.28779    -17.35729      3.83099
    255.00000     60.00000     10.54374    -16.16424      4.68760
    260.00000     60.00000      8.85062    -14.85927      5.45508
    265.00000     60.00000      7.26144    -13.46662      6.09672
    270.00000     60.00000      5.81985    -12.02067      6.58423
    275.00000     60.00000      4.55799    -10.56078      6.90087
    280.00000     60.00000      3.49557     -9.12626      7.04216
    285.00000     60.00000      2.64040     -7.75283      7.01478
    290.00000     60.00000      1.98968     -6.47102      6.83424
    295.00000     60.00000      1.53202     -5.30609      6.52272
    300.00000     60.00000      1.24941     -4.27814      6.10730
    305.00000     60.00000      1.11918     -3.40152      5.61891
    310.00000     60.00000      1.11548     -2.68319      5.09129
    315.00000     60.00000      1.21047     -2.12086      4.55946
    320.00000     60.00000      1.37508     -1.70195      4.05762
    325.00000     60.00000      1.57949     -1.40434      3.61644
    330.00000     60.00000      1.79345     -1.19932      3.26056
    335.00000     60.00000      1.98667     -1.05573      3.00651
    340.00000     60.00000      2.12949     -0.94448      2.86152
    345.00000     60.00000      2.19395     -0.84198      2.82319
    350.00000     60.00000      2.15533     -0.73196      2.88001
    355.00000     60.00000      1.99415     -0.60539      3.01271
    360.00000     60.00000      1.69805     -0.45887      3.19640
      0.00000     65.00000      0.35282      0.26311      3.99710
      5.00000     65.00000     -0.01753      0.50399      4.08437
     10.00000     65.00000     -0.46220      0.76269      4.16477
     15.00000     65.00000     -0.96963      1.04521      4.21986
     20.00000     65.00000     -1.52233      1.35846      4.23125
     25.00000     65.00000     -2.09774      1.70822      4.18032
     30.00000     65.00000     -2.66961      2.09642      4.04828
     35.00000     65.00000     -3.20972      2.51845      3.81676
     40.00000     65.00000     -3.68986      2.96163      3.46906
     45.00000     65.00000     -4.08372      3.40508      2.99162
     50.00000     65.00000     -4.36857      3.82139      2.37549
     55.00000     65.00000     -4.52654      4.17931      1.61736
     60.00000     65.00000     -4.54535      4.44685      0.71995
     65.00000     65.00000     -4.41856      4.59395     -0.30806
     70.00000     65.00000     -4.14546      4.59431     -1.45236
     75.00000     65.00000     -3.73053      4.42645     -2.69336
     80.00000     65.00000     -3.18268      4.07422     -4.00648
     85.00000     65.00000     -2.51436      3.52736     -5.36271
     90.00000     65.00000     -1.74048      2.78199     -6.72957
     95.00000     65.00000     -0.87721      1.84100     -8.07273
    100.00000     65.00000      0.05907      0.71416     -9.35801
    105.00000     65.00000      1.05285     -0.58246    -10.55352
    110.00000     65.00000      2.09021     -2.02745    -11.63119
    115.00000     65.00000      3.15925     -3.59509    -12.56771
    120.00000     65.00000      4.25021     -5.25632    -13.34472
    125.00000     65.00000      5.35531     -6.97928    -13.94862
    130.00000     65.00000      6.46833     -8.72999    -14.37036
    135.00000     65.00000      7.58416    -10.47324    -14.60541
    140.00000     65.00000      8.69814    -12.17415    -14.65389
    145.00000     65.00000      9.80549    -13.80020    -14.52058
    150.00000     65.00000     10.90059    -15.32335    -14.21472
    155.00000     65.00000     11.97631    -16.72164    -13.74934
    160.00000     65.00000     13.02351    -17.97970    -13.14042
    165.00000     65.00000     14.03055    -19.08816    -12.40596
    170.00000     65.00000     14.98320    -20.04208    -11.56525
    175.00000     65.00000     15.86470    -20.83917    -10.63844
    180.00000     65.00000     16.65623    -21.47834     -9.64618
    185.00000     65.00000     17.33758    -21.95920     -8.60935
    190.00000     65.00000     17.88808    -22.28247     -7.54825
    195.00000     65.00000     18.28772    -22.45109     -6.48154
    200.00000     65.00000     18.51826    -22.47124     -5.42469
    205.00000     65.00000     18.56455    -22.35271     -4.38846
    210.00000     65.00000     18.41572    -22.10820     -3.37797
    215.00000     65.00000     18.06631    -21.75146     -2.39255
    220.00000     65.00000     17.51724    -21.29480     -1.42696
    225.00000     65.00000     16.77658    -20.74682     -0.47369
    230.00000     65.00000     15.85980    -20.11093      0.47400
    235.00000     65.00000     14.78972    -19.38547      1.41887
    240.00000     65.00000     13.59575    -18.56537      2.35717
    245.00000     65.00000     12.31264    -17.64519      3.27732
    250.00000     65.00000     10.97865    -16.62255      4.16031
    255.00000     65.00000      9.63334    -15.50111      4.98171
    260.00000     65.00000      8.31522    -14.29231      5.71489
    265.00000     65.00000      7.05946    -13.01535      6.33459
    270.00000     65.00000      5.89597    -11.69567      6.82026
    275.00000     65.00000      4.84804    -10.36251      7.15835
    280.00000     65.00000      3.93158     -9.04618      7.34343
    285.00000     65.00000      3.15508     -7.77588      7.37828
    290.00000     65.00000      2.51999     -6.57811      7.27334
    295.00000     65.00000      2.02150     -5.47560      7.04585
    300.00000     65.00000      1.64956     -4.48634      6.71891
    305.00000     65.00000      1.38990     -3.62253      6.32038
    310.00000     65.00000      1.22508     -2.88935      5.88135
    315.00000     65.00000      1.13543     -2.28399      5.43401
    320.00000     65.00000      1.09998     -1.79559      5.00905
    325.00000     65.00000      1.09711     -1.40636      4.63285
    330.00000     65.00000      1.10530     -1.09400      4.32502
    335.00000     65.00000      1.10369     -0.83487      4.09682
    340.00000     65.00000      1.07273     -0.60722      3.95079
    345.00000     65.00000      0.99490     -0.39358      3.88146
    350.00000     65.00000      0.85550     -0.18175      3.87709
    355.00000     65.00000      0.64357      0.03569      3.92170
    360.00000     65.00000      0.35282      0.26311      3.99710
      0.00000     70.00000     -0.40445      1.20499      5.02341
      5.00000     70.00000     -0.69749      1.55068      4.95972
     10.00000     70.00000     -1.02142      1.90910      4.88485
     15.00000     70.00000     -1.36878      2.28619      4.78514
     20.00000     70.00000     -1.72885      2.68705      4.64564
     25.00000     70.00000     -2.08809      3.11443      4.45012
     30.00000     70.00000     -2.43090      3.56709      4.18157
     35.00000     70.00000     -2.74057      4.03840      3.82326
     40.00000     70.00000     -3.00033      4.51562      3.36010
     45.00000     70.00000     -3.19443      4.98013      2.78021
     50.00000     70.00000     -3.30907      5.40865      2.07628
     55.00000     70.00000     -3.33317      5.77507      1.24651
     60.00000     70.00000     -3.25888      6.05258      0.29502
     65.00000     70.00000     -3.08181      6.21579     -0.76826
     70.00000     70.00000     -2.80099      6.24234     -1.92816
     75.00000     70.00000     -2.41864      6.11407     -3.16500
     80.00000     70.00000     -1.93976      5.81774     -4.45553
     85.00000     70.00000     -1.37163      5.34534     -5.77383
     90.00000     70.00000     -0.72322      4.69416     -7.09232
     95.00000     70.00000     -0.00457      3.86672     -8.38276
    100.00000     70.00000      0.77373      2.87059     -9.61727
    105.00000     70.00000      1.60110      1.71808    -10.76931
    110.00000     70.00000      2.46730      0.42588    -11.81445
    115.00000     70.00000      3.36276     -0.98535    -12.73114
    120.00000     70.00000      4.27870     -2.49148    -13.50123
    125.00000     70.00000      5.20717     -4.06549    -14.11048
    130.00000     70.00000      6.14096     -5.67831    -14.54901
    135.00000     70.00000      7.07338     -7.30001    -14.81155
    140.00000     70.00000      7.99805     -8.90117    -14.89767
    145.00000     70.00000      8.90854    -10.45447    -14.81149
    150.00000     70.00000      9.79803    -11.93606    -14.56125
    155.00000     70.00000     10.65895    -13.32658    -14.15836
    160.00000     70.00000     11.48270    -14.61144    -13.61639
    165.00000     70.00000     12.25948    -15.78044    -12.95001
    170.00000     70.00000     12.97826    -16.82677    -12.17425
    175.00000     70.00000     13.62695    -17.74582    -11.30396
    180.00000     70.00000     14.19272    -18.53404    -10.35376
    185.00000     70.00000     14.66255    -19.18829     -9.33808
    190.00000     70.00000     15.02382    -19.70576     -8.27127
    195.00000     70.00000     15.26503    -20.08429     -7.16746
    200.00000     70.00000     15.37652    -20.32305     -6.04025
    205.00000     70.00000     15.35118    -20.42300     -4.90210
    210.00000     70.00000     15.18501    -20.38707     -3.76377
    215.00000     70.00000     14.87769    -20.21985     -2.63400
    220.00000     70.00000     14.43287    -19.92688     -1.51954
    225.00000     70.00000     13.85840    -19.51380     -0.42581
    230.00000     70.00000     13.16628    -18.98580      0.64209
    235.00000     70.00000     12.37238    -18.34744      1.67813
    240.00000     70.00000     11.49595    -17.60306      2.67432
    245.00000     70.00000     10.55882    -16.75780      3.62004
    250.00000     70.00000      9.58448    -15.81867      4.50216
    255.00000     70.00000      8.59687    -14.79567      5.30585
    260.00000     70.00000      7.61930    -13.70235      6.01591
    265.00000     70.00000      6.67329    -12.55583      6.61844
    270.00000     70.00000      5.77758    -11.37613      7.10245
    275.00000     70.00000      4.94740    -10.18512      7.46115
    280.00000     70.00000      4.19399     -9.00521      7.69278
    285.00000     70.00000      3.52441     -7.85800      7.80091
    290.00000     70.00000      2.94158     -6.76313      7.79439
    295.00000     70.00000      2.44459     -5.73726      7.68691
    300.00000     70.00000      2.02907     -4.79314      7.49620
    305.00000     70.00000      1.68777     -3.93893      7.24303
    310.00000     70.00000      1.41113     -3.17771      6.94982
    315.00000     70.00000      1.18787     -2.50729      6.63899
    320.00000     70.00000      1.00561     -1.92069      6.33120
    325.00000     70.00000      0.85144     -1.40703      6.04372
    330.00000     70.00000      0.71242     -0.95305      5.78908
    335.00000     70.00000      0.57613     -0.54475      5.57444
    340.00000     70.00000      0.43111     -0.16892      5.40162
    345.00000     70.00000      0.26736      0.18577      5.26777
    350.00000     70.00000      0.07681      0.52839      5.16636
    355.00000     70.00000     -0.14620      0.86613      5.08843
    360.00000     70.00000     -0.40445      1.20499      5.02341
      0.00000     75.00000     -0.47788      2.40940      6.24101
      5.00000     75.00000     -0.69129      2.88582      6.00932
     10.00000     75.00000     -0.90658      3.36356      5.75430
     15.00000     75.00000     -1.11957      3.84554      5.46665
     20.00000     75.00000     -1.32459      4.33306      5.13592
     25.00000     75.00000     -1.51474      4.82515      4.75085
     30.00000     75.00000     -1.68219      5.31787      4.29987
     35.00000     75.00000     -1.81864      5.80384      3.77197
     40.00000     75.00000     -1.91578      6.27204      3.15761
     45.00000     75.00000     -1.96577      6.70813      2.44976
     50.00000     75.00000     -1.96164      7.09509      1.64470
     55.00000     75.00000     -1.89771      7.41422      0.74276
     60.00000     75.00000     -1.76983      7.64635     -0.25144
     65.00000     75.00000     -1.57550      7.77303     -1.32894
     70.00000     75.00000     -1.31400      7.77767     -2.47673
     75.00000     75.00000     -0.98626      7.64645     -3.67835
     80.00000     75.00000     -0.59476      7.36897     -4.91448
     85.00000     75.00000     -0.14335      6.93870     -6.16378
     90.00000     75.00000      0.36306      6.35316     -7.40364
     95.00000     75.00000      0.91868      5.61403     -8.61093
    100.00000     75.00000      1.51713      4.72699     -9.76278
    105.00000     75.00000      2.15169      3.70160    -10.83722
    110.00000     75.00000      2.81545      2.55103    -11.81387
    115.00000     75.00000      3.50152      1.29164    -12.67449
    120.00000     75.00000      4.20309     -0.05743    -13.40357
    125.00000     75.00000      4.91356     -1.47491    -13.98875
    130.00000     75.00000      5.62645     -2.93813    -14.42120
    135.00000     75.00000      6.33546     -4.42382    -14.69578
    140.00000     75.00000      7.03435     -5.90910    -14.81110
    145.00000     75.00000      7.71683     -7.37229    -14.76923
    150.00000     75.00000      8.37650     -8.79371    -14.57531
    155.00000     75.00000      9.00671    -10.15611    -14.23692
    160.00000     75.00000      9.60054    -11.44491    -13.76343
    165.00000     75.00000     10.15073    -12.64806    -13.16533
    170.00000     75.00000     10.64982    -13.75572    -12.45372
    175.00000     75.00000     11.09017    -14.75968    -11.63996
    180.00000     75.00000     11.46427    -15.65299    -10.73554
    185.00000     75.00000     11.76495    -16.42951     -9.75211
    190.00000     75.00000     11.98570    -17.08380     -8.70151
    195.00000     75.00000     12.12103    -17.61119     -7.59589
    200.00000     75.00000     12.16676    -18.00792     -6.44770
    205.00000     75.00000     12.12038    -18.27145     -5.26957
    210.00000     75.00000     11.98126    -18.40067     -4.07414
    215.00000     75.00000     11.75085    -18.39600     -2.87390
    220.00000     75.00000     11.43277    -18.25943     -1.68101
    225.00000     75.00000     11.03280    -17.99445     -0.50728
    230.00000     75.00000     10.55877    -17.60590      0.63584
    235.00000     75.00000     10.02035    -17.10000      1.73710
    240.00000     75.00000      9.42875    -16.48430      2.78546
    245.00000     75.00000      8.79632    -15.76780      3.77004
    250.00000     75.00000      8.13604    -14.96107      4.68037
    255.00000     75.00000      7.46107    -14.07628      5.50665
    260.00000     75.00000      6.78420    -13.12716      6.24031
    265.00000     75.00000      6.11738    -12.12876      6.87451
    270.00000     75.00000      5.47126    -11.09706      7.40467
    275.00000     75.00000      4.85486    -10.04840      7.82893
    280.00000     75.00000      4.27532     -8.99886      8.14841
    285.00000     75.00000      3.73776     -7.96354      8.36724
    290.00000     75.00000      3.24524     -6.95597      8.49242
    295.00000     75.00000      2.79883     -5.98749      8.53349
    300.00000     75.00000      2.39779     -5.06686      8.50196
    305.00000     75.00000      2.03973     -4.19992      8.41060
    310.00000     75.00000      1.72094     -3.38955      8.27268
    315.00000     75.00000      1.43663     -2.63575      8.10109
    320.00000     75.00000      1.18130     -1.93600      7.90755
    325.00000     75.00000      0.94901     -1.28575      7.70189
    330.00000     75.00000      0.73371     -0.67909      7.49161
    335.00000     75.00000      0.52958     -0.10937      7.28162
    340.00000     75.00000      0.33126      0.43018      7.07422
    345.00000     75.00000      0.13422      0.94606      6.86940
    350.00000     75.00000     -0.06508      1.44430      6.66505
    355.00000     75.00000     -0.26885      1.93040      6.45736
    360.00000     75.00000     -0.47788      2.40940      6.24101
      0.00000     80.00000      0.17559      3.91943      7.53529
      5.00000     80.00000      0.03757      4.53302      7.13033
     10.00000     80.00000     -0.08817      5.12950      6.68482
     15.00000     80.00000     -0.19978      5.70795      6.19442
     20.00000     80.00000     -0.29494      6.26622      5.65441
     25.00000     80.00000     -0.37094      6.80068      5.05994
     30.00000     80.00000     -0.42483      7.30611      4.40645
     35.00000     80.00000     -0.45356      7.77563      3.69010
     40.00000     80.00000     -0.45411      8.20078      2.90820
     45.00000     80.00000     -0.42364      8.57172      2.05967
     50.00000     80.00000     -0.35969      8.87757      1.14541
     55.00000     80.00000     -0.26023      9.10689      0.16866
     60.00000     80.00000     -0.12383      9.24819     -0.86492
     65.00000     80.00000      0.05031      9.29054     -1.94717
     70.00000     80.00000      0.26227      9.22409     -3.06752
     75.00000     80.00000      0.51147      9.04063     -4.21330
     80.00000     80.00000      0.79661      8.73399     -5.36999
     85.00000     80.00000      1.11577      8.30042     -6.52171
     90.00000     80.00000      1.46645      7.73880     -7.65171
     95.00000     80.00000      1.84562      7.05075     -8.74280
    100.00000     80.00000      2.24987      6.24069     -9.77791
    105.00000     80.00000      2.67540      5.31572    -10.74060
    110.00000     80.00000      3.11817      4.28545    -11.61549
    115.00000     80.00000      3.57395      3.16174    -12.38868
    120.00000     80.00000      4.03835      1.95840    -13.04815
    125.00000     80.00000      4.50691      0.69071    -13.58399
    130.00000     80.00000      4.97512     -0.62495    -13.98865
    135.00000     80.00000      5.43842     -1.97161    -14.25702
    140.00000     80.00000      5.89225     -3.33217    -14.38641
    145.00000     80.00000      6.33205     -4.68979    -14.37649
    150.00000     80.00000      6.75329     -6.02834    -14.22907
    155.00000     80.00000      7.15144     -7.33259    -13.94786
    160.00000     80.00000      7.52206     -8.58845    -13.53824
    165.00000     80.00000      7.86078     -9.78305    -13.00692
    170.00000     80.00000      8.16343    -10.90474    -12.36175
    175.00000     80.00000      8.42604    -11.94309    -11.61148
    180.00000     80.00000      8.64497    -12.88879    -10.76565
    185.00000     80.00000      8.81701    -13.73364     -9.83447
    190.00000     80.00000      8.93948    -14.47051     -8.82877
    195.00000     80.00000      9.01036    -15.09339     -7.75994
    200.00000     80.00000      9.02835    -15.59745     -6.63987
    205.00000     80.00000      8.99299    -15.97910     -5.48088
    210.00000     80.00000      8.90472    -16.23613     -4.29558
    215.00000     80.00000      8.76490    -16.36777     -3.09680
    220.00000     80.00000      8.57582    -16.37478     -1.89734
    225.00000     80.00000      8.34069    -16.25946     -0.70988
    230.00000     80.00000      8.06351    -16.02564      0.45329
    235.00000     80.00000      7.74904    -15.67870      1.58037
    240.00000     80.00000      7.40261    -15.22544      2.66032
    245.00000     80.00000      7.03001    -14.67399      3.68300
    250.00000     80.00000      6.63725    -14.03368      4.63936
    255.00000     80.00000      6.23044    -13.31487      5.52169
    260.00000     80.00000      5.81558    -12.52869      6.32369
    265.00000     80.00000      5.39836    -11.68681      7.04071
    270.00000     80.00000      4.98403    -10.80113      7.66980
    275.00000     80.00000      4.57729     -9.88346      8.20973
    280.00000     80.00000      4.18212     -8.94524      8.66102
    285.00000     80.00000      3.80177     -7.99714      9.02582
    290.00000     80.00000      3.43872     -7.04885      9.30772
    295.00000     80.00000      3.09467     -6.10884      9.51152
    300.00000     80.00000      2.77055     -5.18415      9.64293
    305.00000     80.00000      2.46664     -4.28034      9.70823
    310.00000     80.00000      2.18262     -3.40146      9.71394
    315.00000     80.00000      1.91767     -2.55012      9.66644
    320.00000     80.00000      1.67060     -1.72764      9.57169
    325.00000     80.00000      1.44001     -0.93419      9.43497
    330.00000     80.00000      1.22435     -0.16910      9.26065
    335.00000     80.00000      1.02210      0.56900      9.05207
    340.00000     80.00000      0.83191      1.28187      8.81148
    345.00000     80.00000      0.65267      1.97148      8.54000
    350.00000     80.00000      0.48364      2.63981      8.23766
    355.00000     80.00000      0.32453      3.28865      7.90343
    360.00000     80.00000      0.17559      3.91943      7.53529
      0.00000     85.00000      1.53060      5.75256      8.74974
      5.00000     85.00000      1.46237      6.48656      8.17646
     10.00000     85.00000      1.40637      7.17976      7.54626
     15.00000     85.00000      1.36318      7.82822      6.86017
     20.00000     85.00000      1.33339      8.42760      6.11943
     25.00000     85.00000      1.31759      8.97323      5.32562
     30.00000     85.00000      1.31637      9.46005      4.48079
     35.00000     85.00000      1.33028      9.88272      3.58758
     40.00000     85.00000      1.35981     10.23570      2.64936
     45.00000     85.00000      1.40535     10.51336      1.67033
     50.00000     85.00000      1.46717     10.71010      0.65563
     55.00000     85.00000      1.54544     10.82060     -0.38865
     60.00000     85.00000      1.64012     10.83992     -1.45541
     65.00000     85.00000      1.75103     10.76375     -2.53659
     70.00000     85.00000      1.87779     10.58859     -3.62323
     75.00000     85.00000      2.01982     10.31192     -4.70557
     80.00000     85.00000      2.17635      9.93240     -5.77317
     85.00000     85.00000      2.34642      9.44996     -6.81513
     90.00000     85.00000      2.52888      8.86591     -7.82027
     95.00000     85.00000      2.72238      8.18305     -8.77734
    100.00000     85.00000      2.92544      7.40562     -9.67527
    105.00000     85.00000      3.13640      6.53932    -10.50337
    110.00000     85.00000      3.35351      5.59123    -11.25159
    115.00000     85.00000      3.57488      4.56972    -11.91070
    120.00000     85.00000      3.79855      3.48430    -12.47247
    125.00000     85.00000      4.02249      2.34548    -12.92986
    130.00000     85.00000      4.24462      1.16457    -13.27709
    135.00000     85.00000      4.46285     -0.04652    -13.50978
    140.00000     85.00000      4.67509     -1.27546    -13.62500
    145.00000     85.00000      4.87926     -2.50972    -13.62126
    150.00000     85.00000      5.07335     -3.73675    -13.49853
    155.00000     85.00000      5.25541     -4.94418    -13.25819
    160.00000     85.00000      5.42358     -6.11998    -12.90300
    165.00000     85.00000      5.57613     -7.25257    -12.43700
    170.00000     85.00000      5.71145     -8.33104    -11.86542
    175.00000     85.00000      5.82813     -9.34517    -11.19459
    180.00000     85.00000      5.92493    -10.28561    -10.43187
    185.00000     85.00000      6.00083    -11.14393     -9.58546
    190.00000     85.00000      6.05505    -11.91268     -8.66439
    195.00000     85.00000      6.08706    -12.58550     -7.67831
    200.00000     85.00000      6.09659    -13.15714     -6.63743
    205.00000     85.00000      6.08365    -13.62353     -5.55236
    210.00000     85.00000      6.04853    -13.98181     -4.43399
    215.00000     85.00000      5.99179    -14.23030     -3.29336
    220.00000     85.00000      5.91426    -14.36858     -2.14150
    225.00000     85.00000      5.81702    -14.39743     -0.98929
    230.00000     85.00000      5.70138    -14.31878      0.15265
    235.00000     85.00000      5.56885    -14.13570      1.27416
    240.00000     85.00000      5.42112    -13.85230      2.36560
    245.00000     85.00000      5.26000    -13.47363      3.41803
    250.00000     85.00000      5.08741    -13.00560      4.42328
    255.00000     85.00000      4.90532    -12.45480      5.37405
    260.00000     85.00000      4.71569    -11.82843      6.26399
    265.00000     85.00000      4.52051    -11.13408      7.08771
    270.00000     85.00000      4.32165    -10.37963      7.84083
    275.00000     85.00000      4.12094     -9.57309      8.51996
    280.00000     85.00000      3.92006     -8.72245      9.12268
    285.00000     85.00000      3.72058     -7.83552      9.64746
    290.00000     85.00000      3.52391     -6.91986     10.09362
    295.00000     85.00000      3.33129     -5.98265     10.46118
    300.00000     85.00000      3.14381     -5.03064     10.75080
    305.00000     85.00000      2.96241     -4.07005     10.96365
    310.00000     85.00000      2.78789     -3.10659     11.10129
    315.00000     85.00000      2.62090     -2.14543     11.16552
    320.00000     85.00000      2.46201     -1.19125     11.15830
    325.00000     85.00000      2.31169     -0.24824     11.08166
    330.00000     85.00000      2.17034      0.67980     10.93758
    335.00000     85.00000      2.03832      1.58943     10.72793
    340.00000     85.00000      1.91597      2.47743     10.45442
    345.00000     85.00000      1.80364      3.34075     10.11859
    350.00000     85.00000      1.70170      4.17641      9.72179
    355.00000     85.00000      1.61054      4.98140      9.26516
    360.00000     85.00000      1.53060      5.75256      8.74974
      0.00000     90.00000      3.49489      7.89022      9.74557
      5.00000     90.00000      3.49488      8.70956      9.02087
     10.00000     90.00000      3.49488      9.46262      8.22752
     15.00000     90.00000      3.49488     10.14366      7.37155
     20.00000     90.00000      3.49488     10.74750      6.45948
     25.00000     90.00000      3.49488     11.26955      5.49825
     30.00000     90.00000      3.49488     11.70583      4.49518
     35.00000     90.00000      3.49488     12.05302      3.45789
     40.00000     90.00000      3.49488     12.30848      2.39429
     45.00000     90.00000      3.49489     12.47026      1.31246
     50.00000     90.00000      3.49489     12.53714      0.22065
     55.00000     90.00000      3.49489     12.50861     -0.87285
     60.00000     90.00000      3.49489     12.38487     -1.95970
     65.00000     90.00000      3.49489     12.16688     -3.03164
     70.00000     90.00000      3.49489     11.85629     -4.08050
     75.00000     90.00000      3.49489     11.45547     -5.09831
     80.00000     90.00000      3.49490     10.96747     -6.07732
     85.00000     90.00000      3.49490     10.39599     -7.01008
     90.00000     90.00000      3.49490      9.74540     -7.88949
     95.00000     90.00000      3.49490      9.02063     -8.70885
    100.00000     90.00000      3.49491      8.22722     -9.46193
    105.00000     90.00000      3.49491      7.37119    -10.14301
    110.00000     90.00000      3.49491      6.45906    -10.74688
    115.00000     90.00000      3.49491      5.49777    -11.26897
    120.00000     90.00000      3.49491      4.49464    -11.70530
    125.00000     90.00000      3.49492      3.45730    -12.05254
    130.00000     90.00000      3.49492      2.39365    -12.30805
    135.00000     90.00000      3.49492      1.31179    -12.46989
    140.00000     90.00000      3.49492      0.21994    -12.53683
    145.00000     90.00000      3.49493     -0.87359    -12.50835
    150.00000     90.00000      3.49493     -1.96046    -12.38468
    155.00000     90.00000      3.49493     -3.03242    -12.16675
    160.00000     90.00000      3.49493     -4.08130    -11.85623
    165.00000     90.00000      3.49493     -5.09911    -11.45547
    170.00000     90.00000      3.49493     -6.07812    -10.96753
    175.00000     90.00000      3.49494     -7.01087    -10.39612
    180.00000     90.00000      3.49494     -7.89027     -9.74559
    185.00000     90.00000      3.49494     -8.70961     -9.02089
    190.00000     90.00000      3.49494     -9.46267     -8.22754
    195.00000     90.00000      3.49494    -10.14371     -7.37156
    200.00000     90.00000      3.49494    -10.74755     -6.45949
    205.00000     90.00000      3.49494    -11.26960     -5.49826
    210.00000     90.00000      3.49494    -11.70588     -4.49518
    215.00000     90.00000      3.49494    -12.05307     -3.45789
    220.00000     90.00000      3.49494    -12.30852     -2.39428
    225.00000     90.00000      3.49494    -12.47031     -1.31245
    230.00000     90.00000      3.49494    -12.53718     -0.22064
    235.00000     90.00000      3.49493    -12.50864      0.87286
    240.00000     90.00000      3.49493    -12.38491      1.95971
    245.00000     90.00000      3.49493    -12.16691      3.03165
    250.00000     90.00000      3.49493    -11.85632      4.08051
    255.00000     90.00000      3.49493    -11.45550      5.09832
    260.00000     90.00000      3.49493    -10.96749      6.07733
    265.00000     90.00000      3.49492    -10.39601      7.01008
    270.00000     90.00000      3.49492     -9.74541      7.88949
    275.00000     90.00000      3.49492     -9.02065      8.70885
    280.00000     90.00000      3.49492     -8.22723      9.46193
    285.00000     90.00000      3.49491     -7.37120     10.14300
    290.00000     90.00000      3.49491     -6.45907     10.74687
    295.00000     90.00000      3.49491     -5.49778     11.26896
    300.00000     90.00000      3.49491     -4.49466     11.70528
    305.00000     90.00000      3.49490     -3.45732     12.05251
    310.00000     90.00000      3.49490     -2.39367     12.30802
    315.00000     90.00000      3.49490     -1.31181     12.46986
    320.00000     90.00000      3.49490     -0.21996     12.53680
    325.00000     90.00000      3.49490      0.87356     12.50832
    330.00000     90.00000      3.49489      1.96043     12.38465
    335.00000     90.00000      3.49489      3.03238     12.16672
    340.00000     90.00000      3.49489      4.08126     11.85620
    345.00000     90.00000      3.49489      5.09907     11.45545
    350.00000     90.00000      3.49489      6.07808     10.96751
    355.00000     90.00000      3.49489      7.01082     10.39610
    360.00000     90.00000      3.49489      7.89022      9.74557
