TITLE     = "Magnetic map of EK Dra, 2006-12-06, from 9 ESPaDOnS spectra (program ek-dra-2006-11)"
VARIABLES = "Longitude [Deg]" "Latitude [Deg]" "B<sub>R</sub> [G]" "B<sub>A</sub> [G]" "B<sub>M</sub> [G]"
ZONE I=73, J=37, K=1, ZONETYPE=Ordered
DATAPACKING=POINT
DT=(SINGLE SINGLE SINGLE SINGLE SINGLE)
      0.00000    -90.00000    -34.28332     -0.10864      2.65102
      5.00000    -90.00000    -34.28333     -0.33929      2.63145
     10.00000    -90.00000    -34.28333     -0.56735      2.59186
     15.00000    -90.00000    -34.28333     -0.79110      2.53254
     20.00000    -90.00000    -34.28333     -1.00882      2.45395
     25.00000    -90.00000    -34.28333     -1.21887      2.35668
     30.00000    -90.00000    -34.28333     -1.41964      2.24148
     35.00000    -90.00000    -34.28333     -1.60961      2.10922
     40.00000    -90.00000    -34.28333     -1.78733      1.96090
     45.00000    -90.00000    -34.28334     -1.95145      1.79766
     50.00000    -90.00000    -34.28334     -2.10072      1.62074
     55.00000    -90.00000    -34.28334     -2.23400      1.43149
     60.00000    -90.00000    -34.28334     -2.35027      1.23134
     65.00000    -90.00000    -34.28334     -2.44866      1.02182
     70.00000    -90.00000    -34.28334     -2.52842      0.80452
     75.00000    -90.00000    -34.28335     -2.58893      0.58110
     80.00000    -90.00000    -34.28335     -2.62974      0.35326
     85.00000    -90.00000    -34.28335     -2.65054      0.12273
     90.00000    -90.00000    -34.28335     -2.65116     -0.10874
     95.00000    -90.00000    -34.28335     -2.63161     -0.33938
    100.00000    -90.00000    -34.28335     -2.59203     -0.56743
    105.00000    -90.00000    -34.28335     -2.53272     -0.79117
    110.00000    -90.00000    -34.28336     -2.45414     -1.00888
    115.00000    -90.00000    -34.28336     -2.35688     -1.21892
    120.00000    -90.00000    -34.28336     -2.24169     -1.41968
    125.00000    -90.00000    -34.28336     -2.10943     -1.60964
    130.00000    -90.00000    -34.28336     -1.96112     -1.78734
    135.00000    -90.00000    -34.28336     -1.79789     -1.95144
    140.00000    -90.00000    -34.28336     -1.62097     -2.10069
    145.00000    -90.00000    -34.28336     -1.43172     -2.23396
    150.00000    -90.00000    -34.28336     -1.23157     -2.35022
    155.00000    -90.00000    -34.28336     -1.02205     -2.44859
    160.00000    -90.00000    -34.28336     -0.80475     -2.52833
    165.00000    -90.00000    -34.28336     -0.58133     -2.58883
    170.00000    -90.00000    -34.28336     -0.35348     -2.62963
    175.00000    -90.00000    -34.28336     -0.12294     -2.65041
    180.00000    -90.00000    -34.28336      0.10853     -2.65102
    185.00000    -90.00000    -34.28336      0.33918     -2.63145
    190.00000    -90.00000    -34.28336      0.56724     -2.59186
    195.00000    -90.00000    -34.28335      0.79099     -2.53254
    200.00000    -90.00000    -34.28335      1.00871     -2.45395
    205.00000    -90.00000    -34.28335      1.21876     -2.35668
    210.00000    -90.00000    -34.28335      1.41954     -2.24148
    215.00000    -90.00000    -34.28335      1.60950     -2.10922
    220.00000    -90.00000    -34.28335      1.78722     -1.96090
    225.00000    -90.00000    -34.28335      1.95134     -1.79766
    230.00000    -90.00000    -34.28334      2.10061     -1.62074
    235.00000    -90.00000    -34.28334      2.23389     -1.43149
    240.00000    -90.00000    -34.28334      2.35016     -1.23134
    245.00000    -90.00000    -34.28334      2.44855     -1.02182
    250.00000    -90.00000    -34.28334      2.52831     -0.80452
    255.00000    -90.00000    -34.28334      2.58882     -0.58110
    260.00000    -90.00000    -34.28333      2.62963     -0.35326
    265.00000    -90.00000    -34.28333      2.65043     -0.12272
    270.00000    -90.00000    -34.28333      2.65105      0.10874
    275.00000    -90.00000    -34.28333      2.63150      0.33938
    280.00000    -90.00000    -34.28333      2.59192      0.56743
    285.00000    -90.00000    -34.28333      2.53261      0.79117
    290.00000    -90.00000    -34.28333      2.45403      1.00888
    295.00000    -90.00000    -34.28333      2.35677      1.21892
    300.00000    -90.00000    -34.28332      2.24158      1.41968
    305.00000    -90.00000    -34.28332      2.10932      1.60964
    310.00000    -90.00000    -34.28332      1.96101      1.78734
    315.00000    -90.00000    -34.28332      1.79778      1.95144
    320.00000    -90.00000    -34.28332      1.62086      2.10069
    325.00000    -90.00000    -34.28332      1.43161      2.23396
    330.00000    -90.00000    -34.28332      1.23146      2.35022
    335.00000    -90.00000    -34.28332      1.02194      2.44859
    340.00000    -90.00000    -34.28332      0.80464      2.52833
    345.00000    -90.00000    -34.28332      0.58122      2.58883
    350.00000    -90.00000    -34.28332      0.35337      2.62963
    355.00000    -90.00000    -34.28332      0.12283      2.65041
    360.00000    -90.00000    -34.28332     -0.10864      2.65102
      0.00000    -85.00000    -33.01643     -4.77155      2.65570
      5.00000    -85.00000    -33.08550     -4.99578      2.65341
     10.00000    -85.00000    -33.16641     -5.22175      2.63473
     15.00000    -85.00000    -33.25837     -5.44848      2.59866
     20.00000    -85.00000    -33.36034     -5.67466      2.54411
     25.00000    -85.00000    -33.47108     -5.89866      2.47008
     30.00000    -85.00000    -33.58922     -6.11851      2.37570
     35.00000    -85.00000    -33.71333     -6.33194      2.26039
     40.00000    -85.00000    -33.84199     -6.53646      2.12394
     45.00000    -85.00000    -33.97383     -6.72943      1.96657
     50.00000    -85.00000    -34.10763     -6.90815      1.78899
     55.00000    -85.00000    -34.24231     -7.06997      1.59240
     60.00000    -85.00000    -34.37697     -7.21239      1.37851
     65.00000    -85.00000    -34.51090     -7.33313      1.14950
     70.00000    -85.00000    -34.64355     -7.43026      0.90796
     75.00000    -85.00000    -34.77445     -7.50223      0.65684
     80.00000    -85.00000    -34.90325     -7.54798      0.39934
     85.00000    -85.00000    -35.02958     -7.56695      0.13881
     90.00000    -85.00000    -35.15302     -7.55911     -0.12133
     95.00000    -85.00000    -35.27306     -7.52496     -0.37777
    100.00000    -85.00000    -35.38900     -7.46551     -0.62740
    105.00000    -85.00000    -35.50000     -7.38222     -0.86741
    110.00000    -85.00000    -35.60499     -7.27689     -1.09539
    115.00000    -85.00000    -35.70271     -7.15157     -1.30938
    120.00000    -85.00000    -35.79179     -7.00846     -1.50790
    125.00000    -85.00000    -35.87071     -6.84977     -1.68992
    130.00000    -85.00000    -35.93799     -6.67764     -1.85485
    135.00000    -85.00000    -35.99218     -6.49403     -2.00238
    140.00000    -85.00000    -36.03203     -6.30073     -2.13249
    145.00000    -85.00000    -36.05651     -6.09927     -2.24524
    150.00000    -85.00000    -36.06494     -5.89099     -2.34079
    155.00000    -85.00000    -36.05704     -5.67707     -2.41923
    160.00000    -85.00000    -36.03290     -5.45855     -2.48062
    165.00000    -85.00000    -35.99302     -5.23642     -2.52490
    170.00000    -85.00000    -35.93827     -5.01169     -2.55193
    175.00000    -85.00000    -35.86981     -4.78538     -2.56154
    180.00000    -85.00000    -35.78898     -4.55860     -2.55350
    185.00000    -85.00000    -35.69727     -4.33254     -2.52762
    190.00000    -85.00000    -35.59617     -4.10848     -2.48375
    195.00000    -85.00000    -35.48713     -3.88779     -2.42186
    200.00000    -85.00000    -35.37149     -3.67191     -2.34199
    205.00000    -85.00000    -35.25046     -3.46237     -2.24433
    210.00000    -85.00000    -35.12509     -3.26075     -2.12921
    215.00000    -85.00000    -34.99632     -3.06867     -1.99712
    220.00000    -85.00000    -34.86501     -2.88779     -1.84872
    225.00000    -85.00000    -34.73195     -2.71978     -1.68488
    230.00000    -85.00000    -34.59794     -2.56630     -1.50666
    235.00000    -85.00000    -34.46380     -2.42892     -1.31534
    240.00000    -85.00000    -34.33041     -2.30912     -1.11240
    245.00000    -85.00000    -34.19867     -2.20821     -0.89954
    250.00000    -85.00000    -34.06952     -2.12729     -0.67861
    255.00000    -85.00000    -33.94390     -2.06725     -0.45162
    260.00000    -85.00000    -33.82269     -2.02867     -0.22065
    265.00000    -85.00000    -33.70671     -2.01189      0.01214
    270.00000    -85.00000    -33.59668     -2.01698      0.24460
    275.00000    -85.00000    -33.49316     -2.04372      0.47460
    280.00000    -85.00000    -33.39659     -2.09168      0.70009
    285.00000    -85.00000    -33.30728     -2.16018      0.91907
    290.00000    -85.00000    -33.22544     -2.24831      1.12970
    295.00000    -85.00000    -33.15120     -2.35498      1.33027
    300.00000    -85.00000    -33.08468     -2.47890      1.51924
    305.00000    -85.00000    -33.02601     -2.61859      1.69532
    310.00000    -85.00000    -32.97540     -2.77249      1.85746
    315.00000    -85.00000    -32.93314     -2.93893      2.00492
    320.00000    -85.00000    -32.89964     -3.11625      2.13722
    325.00000    -85.00000    -32.87543     -3.30286      2.25419
    330.00000    -85.00000    -32.86111     -3.49728      2.35587
    335.00000    -85.00000    -32.85734     -3.69825      2.44247
    340.00000    -85.00000    -32.86479     -3.90472      2.51427
    345.00000    -85.00000    -32.88406     -4.11587      2.57149
    350.00000    -85.00000    -32.91561     -4.33107      2.61425
    355.00000    -85.00000    -32.95972     -4.54979      2.64244
    360.00000    -85.00000    -33.01643     -4.77155      2.65570
      0.00000    -80.00000    -31.76867     -8.93938      2.81318
      5.00000    -80.00000    -31.90602     -9.17371      2.85052
     10.00000    -80.00000    -32.08308     -9.41900      2.87973
     15.00000    -80.00000    -32.29576     -9.67488      2.89468
     20.00000    -80.00000    -32.53803     -9.93922      2.88897
     25.00000    -80.00000    -32.80249    -10.20831      2.85683
     30.00000    -80.00000    -33.08104    -10.47735      2.79366
     35.00000    -80.00000    -33.36564    -10.74096      2.69641
     40.00000    -80.00000    -33.64885    -10.99371      2.56368
     45.00000    -80.00000    -33.92443    -11.23052      2.39560
     50.00000    -80.00000    -34.18764    -11.44694      2.19354
     55.00000    -80.00000    -34.43552    -11.63923      1.95993
     60.00000    -80.00000    -34.66695    -11.80426      1.69793
     65.00000    -80.00000    -34.88259    -11.93936      1.41141
     70.00000    -80.00000    -35.08467    -12.04220      1.10485
     75.00000    -80.00000    -35.27667    -12.11065      0.78349
     80.00000    -80.00000    -35.46292    -12.14291      0.45338
     85.00000    -80.00000    -35.64806    -12.13770      0.12141
     90.00000    -80.00000    -35.83651    -12.09460     -0.20486
     95.00000    -80.00000    -36.03192    -12.01443     -0.51761
    100.00000    -80.00000    -36.23666    -11.89953     -0.80927
    105.00000    -80.00000    -36.45135    -11.75386     -1.07334
    110.00000    -80.00000    -36.67456    -11.58277     -1.30501
    115.00000    -80.00000    -36.90266    -11.39259     -1.50183
    120.00000    -80.00000    -37.12980    -11.18990     -1.66390
    125.00000    -80.00000    -37.34816    -10.98082     -1.79385
    130.00000    -80.00000    -37.54849    -10.77026     -1.89627
    135.00000    -80.00000    -37.72075    -10.56146     -1.97690
    140.00000    -80.00000    -37.85512    -10.35584     -2.04168
    145.00000    -80.00000    -37.94302    -10.15318     -2.09576
    150.00000    -80.00000    -37.97815     -9.95210     -2.14274
    155.00000    -80.00000    -37.95739     -9.75072     -2.18428
    160.00000    -80.00000    -37.88132     -9.54727     -2.22005
    165.00000    -80.00000    -37.75431     -9.34067     -2.24817
    170.00000    -80.00000    -37.58409     -9.13082     -2.26576
    175.00000    -80.00000    -37.38080     -8.91854     -2.26971
    180.00000    -80.00000    -37.15571     -8.70539     -2.25737
    185.00000    -80.00000    -36.91973     -8.49321     -2.22701
    190.00000    -80.00000    -36.68210     -8.28370     -2.17806
    195.00000    -80.00000    -36.44931     -8.07806     -2.11097
    200.00000    -80.00000    -36.22460     -7.87683     -2.02690
    205.00000    -80.00000    -36.00796     -7.68000     -1.92728
    210.00000    -80.00000    -35.79668     -7.48731     -1.81330
    215.00000    -80.00000    -35.58639     -7.29871     -1.68569
    220.00000    -80.00000    -35.37218     -7.11481     -1.54455
    225.00000    -80.00000    -35.14978     -6.93724     -1.38960
    230.00000    -80.00000    -34.91654     -6.76872     -1.22047
    235.00000    -80.00000    -34.67199     -6.61284     -1.03718
    240.00000    -80.00000    -34.41803     -6.47358     -0.84043
    245.00000    -80.00000    -34.15865     -6.35468     -0.63185
    250.00000    -80.00000    -33.89936     -6.25900     -0.41386
    255.00000    -80.00000    -33.64640     -6.18809     -0.18936
    260.00000    -80.00000    -33.40587     -6.14204      0.03873
    265.00000    -80.00000    -33.18297     -6.11975      0.26789
    270.00000    -80.00000    -32.98142     -6.11943      0.49633
    275.00000    -80.00000    -32.80306     -6.13930      0.72293
    280.00000    -80.00000    -32.64785     -6.17824      0.94696
    285.00000    -80.00000    -32.51396     -6.23609      1.16755
    290.00000    -80.00000    -32.39816     -6.31364      1.38323
    295.00000    -80.00000    -32.29637     -6.41225      1.59145
    300.00000    -80.00000    -32.20418     -6.53311      1.78867
    305.00000    -80.00000    -32.11756     -6.67654      1.97063
    310.00000    -80.00000    -32.03337     -6.84143      2.13313
    315.00000    -80.00000    -31.94996     -7.02499      2.27290
    320.00000    -80.00000    -31.86744     -7.22307      2.38841
    325.00000    -80.00000    -31.78792     -7.43080      2.48037
    330.00000    -80.00000    -31.71539     -7.64348      2.55175
    335.00000    -80.00000    -31.65541     -7.85744      2.60731
    340.00000    -80.00000    -31.61460     -8.07074      2.65264
    345.00000    -80.00000    -31.59985     -8.28337      2.69305
    350.00000    -80.00000    -31.61754     -8.49708      2.73250
    355.00000    -80.00000    -31.67277     -8.71470      2.77279
    360.00000    -80.00000    -31.76867     -8.93938      2.81318
      0.00000    -75.00000    -30.04371    -12.57137      3.25169
      5.00000    -75.00000    -30.26660    -12.87132      3.37509
     10.00000    -75.00000    -30.58552    -13.20089      3.49264
     15.00000    -75.00000    -30.98584    -13.55384      3.58398
     20.00000    -75.00000    -31.44717    -13.91873      3.63205
     25.00000    -75.00000    -31.94626    -14.28122      3.62534
     30.00000    -75.00000    -32.45984    -14.62650      3.55868
     35.00000    -75.00000    -32.96684    -14.94160      3.43277
     40.00000    -75.00000    -33.44970    -15.21705      3.25277
     45.00000    -75.00000    -33.89508    -15.44782      3.02642
     50.00000    -75.00000    -34.29394    -15.63347      2.76207
     55.00000    -75.00000    -34.64147    -15.77751      2.46700
     60.00000    -75.00000    -34.93698    -15.88598      2.14634
     65.00000    -75.00000    -35.18378    -15.96545      1.80276
     70.00000    -75.00000    -35.38901    -16.02098      1.43727
     75.00000    -75.00000    -35.56318    -16.05440      1.05077
     80.00000    -75.00000    -35.71941    -16.06358      0.64609
     85.00000    -75.00000    -35.87223    -16.04294      0.22992
     90.00000    -75.00000    -36.03628    -15.98516     -0.18610
     95.00000    -75.00000    -36.22488    -15.88377     -0.58568
    100.00000    -75.00000    -36.44891    -15.73574     -0.94971
    105.00000    -75.00000    -36.71574    -15.54341     -1.25933
    110.00000    -75.00000    -37.02851    -15.31496     -1.49969
    115.00000    -75.00000    -37.38525    -15.06331     -1.66326
    120.00000    -75.00000    -37.77810    -14.80359     -1.75197
    125.00000    -75.00000    -38.19249    -14.54992     -1.77735
    130.00000    -75.00000    -38.60687    -14.31243     -1.75861
    135.00000    -75.00000    -38.99327    -14.09527     -1.71900
    140.00000    -75.00000    -39.31941    -13.89627     -1.68133
    145.00000    -75.00000    -39.55233    -13.70828     -1.66356
    150.00000    -75.00000    -39.66344    -13.52169     -1.67563
    155.00000    -75.00000    -39.63392    -13.32757     -1.71807
    160.00000    -75.00000    -39.45936    -13.12030     -1.78263
    165.00000    -75.00000    -39.15224    -12.89928     -1.85469
    170.00000    -75.00000    -38.74133    -12.66908     -1.91679
    175.00000    -75.00000    -38.26770    -12.43822     -1.95251
    180.00000    -75.00000    -37.77808    -12.21696     -1.94979
    185.00000    -75.00000    -37.31680    -12.01450     -1.90320
    190.00000    -75.00000    -36.91815    -11.83654     -1.81459
    195.00000    -75.00000    -36.60080    -11.68355     -1.69215
    200.00000    -75.00000    -36.36545    -11.55040     -1.54816
    205.00000    -75.00000    -36.19603    -11.42724     -1.39583
    210.00000    -75.00000    -36.06408    -11.30181     -1.24612
    215.00000    -75.00000    -35.93510    -11.16251     -1.10520
    220.00000    -75.00000    -35.77553    -11.00167     -0.97332
    225.00000    -75.00000    -35.55893    -10.81810     -0.84540
    230.00000    -75.00000    -35.27026    -10.61829     -0.71314
    235.00000    -75.00000    -34.90776    -10.41553     -0.56810
    240.00000    -75.00000    -34.48223    -10.22719     -0.40477
    245.00000    -75.00000    -34.01430    -10.07056     -0.22259
    250.00000    -75.00000    -33.53027     -9.95831     -0.02618
    255.00000    -75.00000    -33.05763     -9.89504      0.17636
    260.00000    -75.00000    -32.62091     -9.87585      0.37654
    265.00000    -75.00000    -32.23867     -9.88760      0.56892
    270.00000    -75.00000    -31.92187     -9.91271      0.75355
    275.00000    -75.00000    -31.67370     -9.93443      0.93649
    280.00000    -75.00000    -31.49038     -9.94200      1.12792
    285.00000    -75.00000    -31.36264     -9.93420      1.33830
    290.00000    -75.00000    -31.27738     -9.92003      1.57392
    295.00000    -75.00000    -31.21923     -9.91626      1.83318
    300.00000    -75.00000    -31.17198     -9.94261      2.10523
    305.00000    -75.00000    -31.11993    -10.01592      2.37143
    310.00000    -75.00000    -31.04933    -10.14525      2.60970
    315.00000    -75.00000    -30.95006    -10.32932      2.80024
    320.00000    -75.00000    -30.81729    -10.55720      2.93118
    325.00000    -75.00000    -30.65296    -10.81182      3.00211
    330.00000    -75.00000    -30.46656    -11.07511      3.02459
    335.00000    -75.00000    -30.27481    -11.33312      3.01924
    340.00000    -75.00000    -30.10012    -11.57950      3.01045
    345.00000    -75.00000    -29.96772    -11.81643      3.02024
    350.00000    -75.00000    -29.90209    -12.05282      3.06300
    355.00000    -75.00000    -29.92326    -12.30076      3.14250
    360.00000    -75.00000    -30.04371    -12.57137      3.25169
      0.00000    -70.00000    -27.66912    -16.09956      3.91947
      5.00000    -70.00000    -28.01823    -16.53757      4.19037
     10.00000    -70.00000    -28.53494    -17.03408      4.42335
     15.00000    -70.00000    -29.17820    -17.56167      4.57709
     20.00000    -70.00000    -29.89834    -18.08645      4.62808
     25.00000    -70.00000    -30.64725    -18.57533      4.57126
     30.00000    -70.00000    -31.38600    -19.00076      4.41644
     35.00000    -70.00000    -32.08813    -19.34307      4.18302
     40.00000    -70.00000    -32.73864    -19.59132      3.89465
     45.00000    -70.00000    -33.33017    -19.74385      3.57492
     50.00000    -70.00000    -33.85865    -19.80889      3.24359
     55.00000    -70.00000    -34.32054    -19.80445      2.91350
     60.00000    -70.00000    -34.71264    -19.75638      2.58815
     65.00000    -70.00000    -35.03402    -19.69374      2.26100
     70.00000    -70.00000    -35.28888    -19.64220      1.91735
     75.00000    -70.00000    -35.48833    -19.61712      1.53918
     80.00000    -70.00000    -35.65004    -19.61894      1.11215
     85.00000    -70.00000    -35.79548    -19.63279      0.63292
     90.00000    -70.00000    -35.94611    -19.63292      0.11437
     95.00000    -70.00000    -36.11990    -19.59089     -0.41352
    100.00000    -70.00000    -36.33004    -19.48488     -0.90779
    105.00000    -70.00000    -36.58596    -19.30702     -1.32120
    110.00000    -70.00000    -36.89587    -19.06635     -1.61332
    115.00000    -70.00000    -37.26857    -18.78627     -1.76100
    120.00000    -70.00000    -37.71250    -18.49730     -1.76525
    125.00000    -70.00000    -38.23074    -18.22757     -1.65244
    130.00000    -70.00000    -38.81305    -17.99418     -1.46921
    135.00000    -70.00000    -39.42803    -17.79835     -1.27238
    140.00000    -70.00000    -40.01941    -17.62590     -1.11647
    145.00000    -70.00000    -40.51021    -17.45279     -1.04207
    150.00000    -70.00000    -40.81571    -17.25380     -1.06794
    155.00000    -70.00000    -40.86317    -17.01134     -1.18841
    160.00000    -70.00000    -40.61275    -16.72163     -1.37616
    165.00000    -70.00000    -40.07301    -16.39657     -1.58922
    170.00000    -70.00000    -39.30503    -16.06097     -1.78022
    175.00000    -70.00000    -38.41294    -15.74641     -1.90574
    180.00000    -70.00000    -37.52253    -15.48360     -1.93444
    185.00000    -70.00000    -36.75373    -15.29517     -1.85253
    190.00000    -70.00000    -36.19454    -15.19046     -1.66616
    195.00000    -70.00000    -35.88328    -15.16287     -1.40005
    200.00000    -70.00000    -35.80336    -15.19032     -1.09261
    205.00000    -70.00000    -35.89081    -15.23845     -0.78779
    210.00000    -70.00000    -36.05140    -15.26658     -0.52525
    215.00000    -70.00000    -36.18236    -15.23571     -0.33090
    220.00000    -70.00000    -36.19317    -15.11756     -0.21060
    225.00000    -70.00000    -36.02149    -14.90272     -0.14921
    230.00000    -70.00000    -35.64171    -14.60555     -0.11585
    235.00000    -70.00000    -35.06569    -14.26366     -0.07424
    240.00000    -70.00000    -34.33673    -13.93086      0.00507
    245.00000    -70.00000    -33.51859    -13.66444      0.13481
    250.00000    -70.00000    -32.68207    -13.50966      0.30716
    255.00000    -70.00000    -31.89205    -13.48610      0.49772
    260.00000    -70.00000    -31.19748    -13.58024      0.67616
    265.00000    -70.00000    -30.62625    -13.74745      0.81975
    270.00000    -70.00000    -30.18539    -13.92353      0.92459
    275.00000    -70.00000    -29.86578    -14.04301      1.01003
    280.00000    -70.00000    -29.64902    -14.05864      1.11403
    285.00000    -70.00000    -29.51401    -13.95619      1.28036
    290.00000    -70.00000    -29.44091    -13.75943      1.54195
    295.00000    -70.00000    -29.41188    -13.52349      1.90624
    300.00000    -70.00000    -29.40906    -13.31843      2.34801
    305.00000    -70.00000    -29.41195    -13.20823      2.81327
    310.00000    -70.00000    -29.39620    -13.23208      3.23336
    315.00000    -70.00000    -29.33541    -13.39434      3.54534
    320.00000    -70.00000    -29.20632    -13.66619      3.71161
    325.00000    -70.00000    -28.99598    -13.99819      3.73213
    330.00000    -70.00000    -28.70856    -14.33869      3.64471
    335.00000    -70.00000    -28.36908    -14.65130      3.51330
    340.00000    -70.00000    -28.02222    -14.92522      3.40837
    345.00000    -70.00000    -27.72549    -15.17536      3.38612
    350.00000    -70.00000    -27.53838    -15.43331      3.47351
    355.00000    -70.00000    -27.51005    -15.73339      3.66327
    360.00000    -70.00000    -27.66912    -16.09956      3.91947
      0.00000    -65.00000    -24.98765    -20.04533      4.76826
      5.00000    -65.00000    -25.53520    -20.67837      5.19399
     10.00000    -65.00000    -26.30656    -21.38644      5.47644
     15.00000    -65.00000    -27.20499    -22.10116      5.57422
     20.00000    -65.00000    -28.13024    -22.76382      5.49309
     25.00000    -65.00000    -29.00593    -23.33735      5.27070
     30.00000    -65.00000    -29.79543    -23.80457      4.95674
     35.00000    -65.00000    -30.50210    -24.15821      4.59748
     40.00000    -65.00000    -31.15525    -24.39164      4.22915
     45.00000    -65.00000    -31.78907    -24.49738      3.87786
     50.00000    -65.00000    -32.42355    -24.47433      3.56129
     55.00000    -65.00000    -33.05500    -24.33828      3.28785
     60.00000    -65.00000    -33.65937    -24.12792      3.05265
     65.00000    -65.00000    -34.20548    -23.90025      2.83385
     70.00000    -65.00000    -34.67142    -23.71558      2.59366
     75.00000    -65.00000    -35.05605    -23.61786      2.28666
     80.00000    -65.00000    -35.38011    -23.61903      1.87398
     85.00000    -65.00000    -35.67639    -23.69432      1.33877
     90.00000    -65.00000    -35.97379    -23.79096      0.69687
     95.00000    -65.00000    -36.28332    -23.84686     -0.00150
    100.00000    -65.00000    -36.59367    -23.81238     -0.68030
    105.00000    -65.00000    -36.88009    -23.66711     -1.25455
    110.00000    -65.00000    -37.12357    -23.42599     -1.65103
    115.00000    -65.00000    -37.33150    -23.13267     -1.82735
    120.00000    -65.00000    -37.54830    -22.84262     -1.78403
    125.00000    -65.00000    -37.84726    -22.60181     -1.56608
    130.00000    -65.00000    -38.30256    -22.42892     -1.25287
    135.00000    -65.00000    -38.95016    -22.30763     -0.93897
    140.00000    -65.00000    -39.75394    -22.19226     -0.71136
    145.00000    -65.00000    -40.59392    -22.02485     -0.62974
    150.00000    -65.00000    -41.28667    -21.75726     -0.71523
    155.00000    -65.00000    -41.63536    -21.36996     -0.94967
    160.00000    -65.00000    -41.49347    -20.88066     -1.28365
    165.00000    -65.00000    -40.81938    -20.34025     -1.64942
    170.00000    -65.00000    -39.70012    -19.81836     -1.97416
    175.00000    -65.00000    -38.33421    -19.38450     -2.19136
    180.00000    -65.00000    -36.97832    -19.09132     -2.24984
    185.00000    -65.00000    -35.87614    -18.96440     -2.12121
    190.00000    -65.00000    -35.19373    -18.99977     -1.80615
    195.00000    -65.00000    -34.98158    -19.16728     -1.33831
    200.00000    -65.00000    -35.17260    -19.41667     -0.78280
    205.00000    -65.00000    -35.61181    -19.68418     -0.22676
    210.00000    -65.00000    -36.10401    -19.89948      0.23877
    215.00000    -65.00000    -36.46245    -19.99438      0.54229
    220.00000    -65.00000    -36.54604    -19.91475      0.65348
    225.00000    -65.00000    -36.27932    -19.63504      0.59456
    230.00000    -65.00000    -35.65618    -19.17152      0.43506
    235.00000    -65.00000    -34.73159    -18.58803      0.26961
    240.00000    -65.00000    -33.60525    -17.98861      0.18549
    245.00000    -65.00000    -32.39996    -17.49536      0.23200
    250.00000    -65.00000    -31.23716    -17.21571      0.40384
    255.00000    -65.00000    -30.21308    -17.20898      0.64576
    260.00000    -65.00000    -29.38118    -17.46371      0.87719
    265.00000    -65.00000    -28.74616    -17.89525      1.02749
    270.00000    -65.00000    -28.27213    -18.36623      1.06785
    275.00000    -65.00000    -27.90271    -18.72517      1.02724
    280.00000    -65.00000    -27.58542    -18.85189      0.98561
    285.00000    -65.00000    -27.29124    -18.69523      1.04607
    290.00000    -65.00000    -27.02183    -18.29054      1.29535
    295.00000    -65.00000    -26.80198    -17.74993      1.76698
    300.00000    -65.00000    -26.66125    -17.22718      2.42102
    305.00000    -65.00000    -26.61294    -16.86855      3.14965
    310.00000    -65.00000    -26.63939    -16.76609      3.80850
    315.00000    -65.00000    -26.69033    -16.93086      4.26424
    320.00000    -65.00000    -26.69575    -17.29605      4.44124
    325.00000    -65.00000    -26.58936    -17.74858      4.34952
    330.00000    -65.00000    -26.33451    -18.17622      4.08234
    335.00000    -65.00000    -25.94295    -18.51055      3.78367
    340.00000    -65.00000    -25.47916    -18.74873      3.59772
    345.00000    -65.00000    -25.04730    -18.94629      3.62020
    350.00000    -65.00000    -24.76434    -19.18662      3.86963
    355.00000    -65.00000    -24.72761    -19.54226      4.28805
    360.00000    -65.00000    -24.98765    -20.04533      4.76826
      0.00000    -60.00000    -22.43435    -24.57750      5.94831
      5.00000    -60.00000    -23.27849    -25.44605      6.37006
     10.00000    -60.00000    -24.36613    -26.34711      6.46141
     15.00000    -60.00000    -25.50512    -27.15643      6.25526
     20.00000    -60.00000    -26.52104    -27.81592      5.86143
     25.00000    -60.00000    -27.31417    -28.34058      5.40890
     30.00000    -60.00000    -27.88616    -28.78477      4.99515
     35.00000    -60.00000    -28.32764    -29.19175      4.66384
     40.00000    -60.00000    -28.77332    -29.55752      4.41345
     45.00000    -60.00000    -29.34359    -29.82984      4.22261
     50.00000    -60.00000    -30.09645    -29.94125      4.07196
     55.00000    -60.00000    -31.00851    -29.85522      3.94926
     60.00000    -60.00000    -31.99120    -29.59734      3.83908
     65.00000    -60.00000    -32.93347    -29.25349      3.70927
     70.00000    -60.00000    -33.75115    -28.93588      3.50815
     75.00000    -60.00000    -34.42151    -28.73561      3.17798
     80.00000    -60.00000    -34.98782    -28.68592      2.67834
     85.00000    -60.00000    -35.53184    -28.75281      2.00680
     90.00000    -60.00000    -36.12621    -28.85454      1.20631
     95.00000    -60.00000    -36.78799    -28.89855      0.35665
    100.00000    -60.00000    -37.45650    -28.81910     -0.44485
    105.00000    -60.00000    -38.00999    -28.60164     -1.10544
    110.00000    -60.00000    -38.31980    -28.28661     -1.55638
    115.00000    -60.00000    -38.32169    -27.95294     -1.76700
    120.00000    -60.00000    -38.07133    -27.68677     -1.75228
    125.00000    -60.00000    -37.75218    -27.54580     -1.57144
    130.00000    -60.00000    -37.62117    -27.53166     -1.31521
    135.00000    -60.00000    -37.90633    -27.58248     -1.08283
    140.00000    -60.00000    -38.69686    -27.59090     -0.95525
    145.00000    -60.00000    -39.87622    -27.44290     -0.97459
    150.00000    -60.00000    -41.13558    -27.06290     -1.13813
    155.00000    -60.00000    -42.07102    -26.44623     -1.40784
    160.00000    -60.00000    -42.33018    -25.66529     -1.72859
    165.00000    -60.00000    -41.74878    -24.84706     -2.04453
    170.00000    -60.00000    -40.41934    -24.13200     -2.30612
    175.00000    -60.00000    -38.66263    -23.63149     -2.46784
    180.00000    -60.00000    -36.91378    -23.39983     -2.48338
    185.00000    -60.00000    -35.57090    -23.42870     -2.30737
    190.00000    -60.00000    -34.86762    -23.66208     -1.90834
    195.00000    -60.00000    -34.81658    -24.02112     -1.28998
    200.00000    -60.00000    -35.23709    -24.42637     -0.51032
    205.00000    -60.00000    -35.84344    -24.80830      0.31442
    210.00000    -60.00000    -36.34911    -25.10527      1.03039
    215.00000    -60.00000    -36.54438    -25.25639      1.48984
    220.00000    -60.00000    -36.32638    -25.20062      1.60406
    225.00000    -60.00000    -35.68813    -24.88988      1.38338
    230.00000    -60.00000    -34.68912    -24.31436      0.94305
    235.00000    -60.00000    -33.42982    -23.52746      0.46729
    240.00000    -60.00000    -32.03741    -22.65379      0.14255
    245.00000    -60.00000    -30.65508    -21.86882      0.08721
    250.00000    -60.00000    -29.42250    -21.35189      0.30843
    255.00000    -60.00000    -28.44352    -21.22807      0.70494
    260.00000    -60.00000    -27.75195    -21.52100      1.11409
    265.00000    -60.00000    -27.29489    -22.13589      1.38201
    270.00000    -60.00000    -26.94864    -22.88051      1.42734
    275.00000    -60.00000    -26.56607    -23.51897      1.27414
    280.00000    -60.00000    -26.03715    -23.84278      1.04310
    285.00000    -60.00000    -25.33589    -23.73764      0.90603
    290.00000    -60.00000    -24.53253    -23.22430      1.02018
    295.00000    -60.00000    -23.76578    -22.45732      1.46504
    300.00000    -60.00000    -23.18717    -21.67705      2.20401
    305.00000    -60.00000    -22.90030    -21.12741      3.08733
    310.00000    -60.00000    -22.91850    -20.96814      3.89957
    315.00000    -60.00000    -23.15614    -21.21721      4.43824
    320.00000    -60.00000    -23.45658    -21.75038      4.59420
    325.00000    -60.00000    -23.64701    -22.36064      4.39998
    330.00000    -60.00000    -23.60128    -22.85233      4.02173
    335.00000    -60.00000    -23.28862    -23.12656      3.69475
    340.00000    -60.00000    -22.79016    -23.21827      3.62841
    345.00000    -60.00000    -22.27589    -23.26888      3.92176
    350.00000    -60.00000    -21.94899    -23.45073      4.52689
    355.00000    -60.00000    -21.97694    -23.88256      5.27463
    360.00000    -60.00000    -22.43435    -24.57750      5.94831
      0.00000    -55.00000    -19.99076    -29.39681      7.75535
      5.00000    -55.00000    -21.22171    -30.57022      7.78758
     10.00000    -55.00000    -22.67418    -31.63698      7.29482
     15.00000    -55.00000    -24.03288    -32.41282      6.50326
     20.00000    -55.00000    -25.04308    -32.89145      5.70521
     25.00000    -55.00000    -25.60134    -33.22506      5.13393
     30.00000    -55.00000    -25.78777    -33.61867      4.88348
     35.00000    -55.00000    -25.82869    -34.20108      4.90513
     40.00000    -55.00000    -26.00468    -34.94561      5.06866
     45.00000    -55.00000    -26.54073    -35.68365      5.24302
     50.00000    -55.00000    -27.52225    -36.19960      5.34796
     55.00000    -55.00000    -28.86977    -36.34961      5.35416
     60.00000    -55.00000    -30.38002    -36.13537      5.24722
     65.00000    -55.00000    -31.81364    -35.69447      4.99411
     70.00000    -55.00000    -32.99200    -35.21980      4.54346
     75.00000    -55.00000    -33.86445    -34.86006      3.86096
     80.00000    -55.00000    -34.52086    -34.65780      2.97093
     85.00000    -55.00000    -35.14481    -34.55179      1.96913
     90.00000    -55.00000    -35.92367    -34.43046      0.99279
     95.00000    -55.00000    -36.94827    -34.19859      0.16550
    100.00000    -55.00000    -38.14383    -33.82289     -0.44802
    105.00000    -55.00000    -39.26970    -33.34268     -0.85218
    110.00000    -55.00000    -40.00351    -32.85225     -1.09736
    115.00000    -55.00000    -40.08822    -32.46764     -1.24615
    120.00000    -55.00000    -39.48150    -32.28752     -1.35241
    125.00000    -55.00000    -38.43018    -32.35419     -1.45892
    130.00000    -55.00000    -37.41474    -32.62451     -1.60132
    135.00000    -55.00000    -36.96714    -32.96572     -1.80359
    140.00000    -55.00000    -37.43384    -33.18806     -2.06386
    145.00000    -55.00000    -38.79511    -33.10987     -2.34408
    150.00000    -55.00000    -40.63589    -32.63109     -2.57920
    155.00000    -55.00000    -42.29575    -31.78088     -2.70670
    160.00000    -55.00000    -43.13796    -30.71493     -2.70003
    165.00000    -55.00000    -42.81683    -29.66193     -2.58291
    170.00000    -55.00000    -41.42012    -28.84296     -2.41236
    175.00000    -55.00000    -39.42160    -28.39869     -2.23866
    180.00000    -55.00000    -37.46881    -28.35223     -2.06568
    185.00000    -55.00000    -36.10764    -28.61814     -1.83627
    190.00000    -55.00000    -35.57178    -29.04892     -1.45448
    195.00000    -55.00000    -35.72770    -29.49655     -0.83825
    200.00000    -55.00000    -36.18640    -29.86246      0.02033
    205.00000    -55.00000    -36.51076    -30.11500      1.01726
    210.00000    -55.00000    -36.40708    -30.26858      1.94649
    215.00000    -55.00000    -35.80994    -30.33877      2.56462
    220.00000    -55.00000    -34.83798    -30.30253      2.69045
    225.00000    -55.00000    -33.67252    -30.09164      2.29596
    230.00000    -55.00000    -32.44669    -29.62847      1.53990
    235.00000    -55.00000    -31.21049    -28.88535      0.71799
    240.00000    -55.00000    -29.97577    -27.93139      0.14544
    245.00000    -55.00000    -28.78738    -26.93502      0.02619
    250.00000    -55.00000    -27.75265    -26.11573      0.37278
    255.00000    -55.00000    -26.99777    -25.66689      1.01467
    260.00000    -55.00000    -26.57820    -25.68493      1.68517
    265.00000    -55.00000    -26.40833    -26.13296      2.13907
    270.00000    -55.00000    -26.26621    -26.84818      2.24523
    275.00000    -55.00000    -25.88155    -27.58659      2.02071
    280.00000    -55.00000    -25.06212    -28.09233      1.60635
    285.00000    -55.00000    -23.79110    -28.17734      1.20580
    290.00000    -55.00000    -22.24586    -27.79203      1.01333
    295.00000    -55.00000    -20.73231    -27.05974      1.14913
    300.00000    -55.00000    -19.56885    -26.24880      1.61613
    305.00000    -55.00000    -18.97096    -25.67617      2.29310
    310.00000    -55.00000    -18.97883    -25.57373      2.97537
    315.00000    -55.00000    -19.44891    -25.97883      3.45893
    320.00000    -55.00000    -20.10739    -26.71121      3.63799
    325.00000    -55.00000    -20.64648    -27.45870      3.56810
    330.00000    -55.00000    -20.83280    -27.93438      3.45428
    335.00000    -55.00000    -20.59176    -28.02375      3.55879
    340.00000    -55.00000    -20.03684    -27.84192      4.06846
    345.00000    -55.00000    -19.42966    -27.66939      4.98881
    350.00000    -55.00000    -19.08284    -27.80190      6.12252
    355.00000    -55.00000    -19.24168    -28.39668      7.14720
    360.00000    -55.00000    -19.99076    -29.39681      7.75535
      0.00000    -50.00000    -17.14917    -34.01858     10.32387
      5.00000    -50.00000    -18.79204    -35.65194      9.45539
     10.00000    -50.00000    -20.57622    -36.95824      8.02137
     15.00000    -50.00000    -22.08734    -37.69366      6.54170
     20.00000    -50.00000    -23.03911    -37.94937      5.49799
     25.00000    -50.00000    -23.37338    -38.08096      5.14580
     30.00000    -50.00000    -23.27586    -38.49442      5.44231
     35.00000    -50.00000    -23.10308    -39.40798      6.11613
     40.00000    -50.00000    -23.24640    -40.72337      6.82973
     45.00000    -50.00000    -23.98452    -42.07842      7.33598
     50.00000    -50.00000    -25.38270    -43.04804      7.54169
     55.00000    -50.00000    -27.27838    -43.37251      7.45803
     60.00000    -50.00000    -29.35397    -43.07744      7.09709
     65.00000    -50.00000    -31.25969    -42.42129      6.40976
     70.00000    -50.00000    -32.73479    -41.71701      5.32256
     75.00000    -50.00000    -33.68747    -41.15052      3.84686
     80.00000    -50.00000    -34.21772    -40.70851      2.16640
     85.00000    -50.00000    -34.58298    -40.24388      0.61554
     90.00000    -50.00000    -35.11000    -39.61334     -0.46077
     95.00000    -50.00000    -36.06319    -38.78599     -0.88251
    100.00000    -50.00000    -37.50334    -37.86096     -0.72978
    105.00000    -50.00000    -39.20125    -37.00674     -0.29557
    110.00000    -50.00000    -40.67753    -36.38197      0.06833
    115.00000    -50.00000    -41.39328    -36.08821      0.11022
    120.00000    -50.00000    -41.02796    -36.16001     -0.24816
    125.00000    -50.00000    -39.70347    -36.56545     -0.94080
    130.00000    -50.00000    -38.01007    -37.19697     -1.83480
    135.00000    -50.00000    -36.78096    -37.86526     -2.78754
    140.00000    -50.00000    -36.70481    -38.32716     -3.65746
    145.00000    -50.00000    -37.97137    -38.36065     -4.29626
    150.00000    -50.00000    -40.14452    -37.85917     -4.56513
    155.00000    -50.00000    -42.34318    -36.89166     -4.38609
    160.00000    -50.00000    -43.64748    -35.68849     -3.79523
    165.00000    -50.00000    -43.52706    -34.55617     -2.95048
    170.00000    -50.00000    -42.07691    -33.76383     -2.07468
    175.00000    -50.00000    -39.94533    -33.45325     -1.35954
    180.00000    -50.00000    -37.99577    -33.60454     -0.88184
    185.00000    -50.00000    -36.87711    -34.06083     -0.57457
    190.00000    -50.00000    -36.72130    -34.59639     -0.26496
    195.00000    -50.00000    -37.11937    -35.00406      0.23776
    200.00000    -50.00000    -37.38012    -35.17282      1.03932
    205.00000    -50.00000    -36.92371    -35.12308      2.08275
    210.00000    -50.00000    -35.58901    -34.97746      3.13565
    215.00000    -50.00000    -33.68545    -34.87458      3.86568
    220.00000    -50.00000    -31.77270    -34.87113      3.98885
    225.00000    -50.00000    -30.31593    -34.89329      3.42669
    230.00000    -50.00000    -29.43587    -34.77314      2.38278
    235.00000    -50.00000    -28.90252    -34.35032      1.27762
    240.00000    -50.00000    -28.35499    -33.57402      0.56036
    245.00000    -50.00000    -27.58006    -32.54135      0.49608
    250.00000    -50.00000    -26.65229    -31.45478      1.05075
    255.00000    -50.00000    -25.84681    -30.53560      1.93687
    260.00000    -50.00000    -25.40035    -29.94866      2.78166
    265.00000    -50.00000    -25.29909    -29.76816      3.30718
    270.00000    -50.00000    -25.24339    -29.97406      3.42022
    275.00000    -50.00000    -24.80995    -30.45555      3.18521
    280.00000    -50.00000    -23.69924    -31.01963      2.73392
    285.00000    -50.00000    -21.91176    -31.43035      2.19017
    290.00000    -50.00000    -19.75804    -31.49675      1.64907
    295.00000    -50.00000    -17.71681    -31.18189      1.19106
    300.00000    -50.00000    -16.23406    -30.66042      0.88755
    305.00000    -50.00000    -15.56248    -30.25863      0.78047
    310.00000    -50.00000    -15.69407    -30.28201      0.86111
    315.00000    -50.00000    -16.38588    -30.82327      1.08588
    320.00000    -50.00000    -17.25218    -31.67866      1.43379
    325.00000    -50.00000    -17.89309    -32.44446      1.96247
    330.00000    -50.00000    -18.02920    -32.74995      2.80396
    335.00000    -50.00000    -17.60396    -32.48846      4.07862
    340.00000    -50.00000    -16.81235    -31.90152      5.77040
    345.00000    -50.00000    -16.03271    -31.45966      7.64783
    350.00000    -50.00000    -15.67994    -31.60778      9.29900
    355.00000    -50.00000    -16.03875    -32.52253     10.28247
    360.00000    -50.00000    -17.14917    -34.01858     10.32387
      0.00000    -45.00000    -13.45873    -38.17299     13.33159
      5.00000    -45.00000    -15.42117    -40.51621     11.20812
     10.00000    -45.00000    -17.33187    -42.31090      8.79797
     15.00000    -45.00000    -18.78702    -43.24087      6.90221
     20.00000    -45.00000    -19.60427    -43.48714      6.06287
     25.00000    -45.00000    -19.86355    -43.60048      6.36939
     30.00000    -45.00000    -19.86125    -44.17442      7.46648
     35.00000    -45.00000    -19.99877    -45.49311      8.76057
     40.00000    -45.00000    -20.63738    -47.35238      9.71699
     45.00000    -45.00000    -21.96728    -49.16521     10.08268
     50.00000    -45.00000    -23.94579    -50.29718      9.90732
     55.00000    -45.00000    -26.33328    -50.42813      9.36487
     60.00000    -45.00000    -28.80061    -49.70972      8.52121
     65.00000    -45.00000    -31.03987    -48.61953      7.24156
     70.00000    -45.00000    -32.82178    -47.62012      5.33121
     75.00000    -45.00000    -34.00386    -46.86646      2.81332
     80.00000    -45.00000    -34.54308    -46.16329      0.11390
     85.00000    -45.00000    -34.54976    -45.18322     -2.03394
     90.00000    -45.00000    -34.34253    -43.76552     -2.95265
     95.00000    -45.00000    -34.40586    -42.06965     -2.42260
    100.00000    -45.00000    -35.18999    -40.48676     -0.84541
    105.00000    -45.00000    -36.82460    -39.40119      0.95205
    110.00000    -45.00000    -38.93661    -38.99082      2.14352
    115.00000    -45.00000    -40.75135    -39.19318      2.28041
    120.00000    -45.00000    -41.48619    -39.81468      1.40309
    125.00000    -45.00000    -40.82782    -40.65820     -0.12217
    130.00000    -45.00000    -39.18633    -41.56687     -1.86636
    135.00000    -45.00000    -37.53240    -42.38717     -3.50552
    140.00000    -45.00000    -36.88401    -42.93518     -4.82784
    145.00000    -45.00000    -37.73813    -43.03390     -5.66369
    150.00000    -45.00000    -39.78381    -42.60537     -5.86269
    155.00000    -45.00000    -42.06279    -41.73805     -5.35924
    160.00000    -45.00000    -43.48028    -40.66610     -4.25776
    165.00000    -45.00000    -43.37630    -39.67133     -2.83832
    170.00000    -45.00000    -41.85034    -38.97539     -1.45189
    175.00000    -45.00000    -39.67663    -38.68156     -0.36817
    180.00000    -45.00000    -37.86486    -38.77283      0.32809
    185.00000    -45.00000    -37.10006    -39.13585      0.74212
    190.00000    -45.00000    -37.35953    -39.59120      1.09438
    195.00000    -45.00000    -37.92188    -39.94052      1.61569
    200.00000    -45.00000    -37.78259    -40.04258      2.44621
    205.00000    -45.00000    -36.25929    -39.89078      3.55425
    210.00000    -45.00000    -33.43601    -39.62950      4.70210
    215.00000    -45.00000    -30.16149    -39.46940      5.50471
    220.00000    -45.00000    -27.57461    -39.53944      5.60102
    225.00000    -45.00000    -26.43525    -39.77911      4.87545
    230.00000    -45.00000    -26.68457    -39.95835      3.59019
    235.00000    -45.00000    -27.52275    -39.81682      2.30533
    240.00000    -45.00000    -27.94881    -39.21812      1.59477
    245.00000    -45.00000    -27.39262    -38.20690      1.72477
    250.00000    -45.00000    -26.01267    -36.94503      2.51407
    255.00000    -45.00000    -24.48028    -35.60666      3.47874
    260.00000    -45.00000    -23.43786    -34.33226      4.15823
    265.00000    -45.00000    -23.03402    -33.26237      4.38487
    270.00000    -45.00000    -22.85175    -32.57510      4.30886
    275.00000    -45.00000    -22.24112    -32.43862      4.18582
    280.00000    -45.00000    -20.78575    -32.88314      4.11562
    285.00000    -45.00000    -18.57514    -33.70512      3.94427
    290.00000    -45.00000    -16.13411    -34.52614      3.39517
    295.00000    -45.00000    -14.11079    -35.00989      2.31159
    300.00000    -45.00000    -12.95470    -35.09035      0.81801
    305.00000    -45.00000    -12.76135    -35.02239     -0.70797
    310.00000    -45.00000    -13.30632    -35.18673     -1.80726
    315.00000    -45.00000    -14.18020    -35.77725     -2.11708
    320.00000    -45.00000    -14.93227    -36.60787     -1.45179
    325.00000    -45.00000    -15.19166    -37.20116      0.20977
    330.00000    -45.00000    -14.77374    -37.11456      2.75284
    335.00000    -45.00000    -13.75992    -36.28017      5.91369
    340.00000    -45.00000    -12.50201    -35.11841      9.24718
    345.00000    -45.00000    -11.51014    -34.34027     12.15275
    350.00000    -45.00000    -11.24898    -34.56004     14.01269
    355.00000    -45.00000    -11.93759    -35.95572     14.41165
    360.00000    -45.00000    -13.45873    -38.17299     13.33159
      0.00000    -40.00000     -9.07907    -41.97839     15.99785
      5.00000    -40.00000    -11.12948    -45.30755     12.76170
     10.00000    -40.00000    -12.75734    -47.97371      9.86796
     15.00000    -40.00000    -13.76083    -49.54230      8.20640
     20.00000    -40.00000    -14.27017    -50.18880      8.12947
     25.00000    -40.00000    -14.62401    -50.55325      9.35125
     30.00000    -40.00000    -15.20970    -51.35427     11.10050
     35.00000    -40.00000    -16.33049    -52.94718     12.48314
     40.00000    -40.00000    -18.11163    -55.07408     12.89981
     45.00000    -40.00000    -20.45789    -56.98364     12.29624
     50.00000    -40.00000    -23.09907    -57.88403     11.07968
     55.00000    -40.00000    -25.73347    -57.45071      9.73324
     60.00000    -40.00000    -28.19162    -56.03215      8.39263
     65.00000    -40.00000    -30.48200    -54.38539      6.72411
     70.00000    -40.00000    -32.64870    -53.11964      4.24925
     75.00000    -40.00000    -34.54655    -52.26512      0.90619
     80.00000    -40.00000    -35.76659    -51.30416     -2.60437
     85.00000    -40.00000    -35.86661    -49.64523     -5.03669
     90.00000    -40.00000    -34.79669    -47.16798     -5.31589
     95.00000    -40.00000    -33.17573    -44.41017     -3.27538
    100.00000    -40.00000    -32.10918    -42.25525      0.12824
    105.00000    -40.00000    -32.56678    -41.37159      3.30870
    110.00000    -40.00000    -34.71875    -41.82857      4.92325
    115.00000    -40.00000    -37.73087    -43.14220      4.53285
    120.00000    -40.00000    -40.22459    -44.65188      2.64602
    125.00000    -40.00000    -41.12427    -45.90155      0.21665
    130.00000    -40.00000    -40.31863    -46.76369     -1.96585
    135.00000    -40.00000    -38.69073    -47.30301     -3.56849
    140.00000    -40.00000    -37.51876    -47.58020     -4.59634
    145.00000    -40.00000    -37.67282    -47.58228     -5.10787
    150.00000    -40.00000    -39.12877    -47.29122     -5.07054
    155.00000    -40.00000    -41.06023    -46.76322     -4.44911
    160.00000    -40.00000    -42.38213    -46.11351     -3.36742
    165.00000    -40.00000    -42.37845    -45.43389     -2.13143
    170.00000    -40.00000    -41.06466    -44.75289     -1.06725
    175.00000    -40.00000    -39.12904    -44.09232     -0.32093
    180.00000    -40.00000    -37.51678    -43.54983      0.20315
    185.00000    -40.00000    -36.87222    -43.29170      0.73234
    190.00000    -40.00000    -37.12002    -43.43201      1.46432
    195.00000    -40.00000    -37.43313    -43.90910      2.48509
    200.00000    -40.00000    -36.67463    -44.49676      3.77748
    205.00000    -40.00000    -34.12904    -44.96409      5.23268
    210.00000    -40.00000    -30.09393    -45.24390      6.61417
    215.00000    -40.00000    -25.89138    -45.44617      7.54553
    220.00000    -40.00000    -23.17982    -45.69723      7.63883
    225.00000    -40.00000    -22.93779    -45.95899      6.75945
    230.00000    -40.00000    -24.79393    -46.00992      5.23754
    235.00000    -40.00000    -27.20783    -45.61349      3.79228
    240.00000    -40.00000    -28.42853    -44.71210      3.12972
    245.00000    -40.00000    -27.58375    -43.45523      3.46938
    250.00000    -40.00000    -25.13816    -42.03696      4.37695
    255.00000    -40.00000    -22.41845    -40.51803      5.08037
    260.00000    -40.00000    -20.59208    -38.83425      5.06030
    265.00000    -40.00000    -19.87032    -37.00506      4.45674
    270.00000    -40.00000    -19.49160    -35.33142      3.95337
    275.00000    -40.00000    -18.42129    -34.34168      4.21016
    280.00000    -40.00000    -16.18105    -34.46191      5.28054
    285.00000    -40.00000    -13.19118    -35.66292      6.46947
    290.00000    -40.00000    -10.44414    -37.40353      6.74892
    295.00000    -40.00000     -8.83638    -38.96231      5.42964
    300.00000    -40.00000     -8.66816    -39.91481      2.62195
    305.00000    -40.00000     -9.59483    -40.37049     -0.79223
    310.00000    -40.00000    -10.93245    -40.77203     -3.59483
    315.00000    -40.00000    -12.01657    -41.42564     -4.75684
    320.00000    -40.00000    -12.39868    -42.16051     -3.76818
    325.00000    -40.00000    -11.88416    -42.41137     -0.69762
    330.00000    -40.00000    -10.53253    -41.67114      3.91304
    335.00000    -40.00000     -8.67663    -39.96208      9.19609
    340.00000    -40.00000     -6.89065    -37.96153     14.11517
    345.00000    -40.00000     -5.81852    -36.68314     17.67200
    350.00000    -40.00000     -5.89505    -36.93042     19.17025
    355.00000    -40.00000     -7.12451    -38.87260     18.45460
    360.00000    -40.00000     -9.07907    -41.97839     15.99785
      0.00000    -35.00000     -4.74763    -45.79955     17.41466
      5.00000    -35.00000     -6.50900    -50.29990     13.89611
     10.00000    -35.00000     -7.31685    -54.20990     11.49922
     15.00000    -35.00000     -7.39764    -56.89062     10.84414
     20.00000    -35.00000     -7.39062    -58.32921     11.83953
     25.00000    -35.00000     -7.96207    -59.07788     13.76202
     30.00000    -35.00000     -9.52486    -59.93002     15.53383
     35.00000    -35.00000    -12.14794    -61.42734     16.15272
     40.00000    -35.00000    -15.57635    -63.46002     15.14855
     45.00000    -35.00000    -19.29792    -65.26869     12.82935
     50.00000    -35.00000    -22.70247    -65.93520     10.09130
     55.00000    -35.00000    -25.37523    -65.06019      7.81267
     60.00000    -35.00000    -27.38926    -63.10128      6.20637
     65.00000    -35.00000    -29.31092    -61.04689      4.65399
     70.00000    -35.00000    -31.75936    -59.63113      2.25759
     75.00000    -35.00000    -34.75432    -58.72046     -1.23397
     80.00000    -35.00000    -37.40123    -57.41813     -4.87157
     85.00000    -35.00000    -38.32798    -54.85822     -6.89072
     90.00000    -35.00000    -36.70453    -51.06357     -5.88889
     95.00000    -35.00000    -33.10458    -47.14874     -1.95845
    100.00000    -35.00000    -29.45096    -44.66283      3.12783
    105.00000    -35.00000    -27.93146    -44.56455      6.90548
    110.00000    -35.00000    -29.59627    -46.61012      7.70670
    115.00000    -35.00000    -33.65831    -49.58272      5.58485
    120.00000    -35.00000    -38.02177    -52.11992      2.05896
    125.00000    -35.00000    -40.64741    -53.47875     -1.02973
    130.00000    -35.00000    -40.76663    -53.73110     -2.63845
    135.00000    -35.00000    -39.14019    -53.40528     -2.85693
    140.00000    -35.00000    -37.32274    -52.99385     -2.40965
    145.00000    -35.00000    -36.58761    -52.71743     -1.91899
    150.00000    -35.00000    -37.27031    -52.58910     -1.56354
    155.00000    -35.00000    -38.82920    -52.54716     -1.26945
    160.00000    -35.00000    -40.37038    -52.46567     -1.06162
    165.00000    -35.00000    -41.17986    -52.09935     -1.13895
    170.00000    -35.00000    -40.99040    -51.15657     -1.61362
    175.00000    -35.00000    -39.98596    -49.55426     -2.24071
    180.00000    -35.00000    -38.64536    -47.64958     -2.47252
    185.00000    -35.00000    -37.46964    -46.17316     -1.82320
    190.00000    -35.00000    -36.63496    -45.82410     -0.20740
    195.00000    -35.00000    -35.74964    -46.81505      2.04847
    200.00000    -35.00000    -33.99009    -48.74100      4.48473
    205.00000    -35.00000    -30.70511    -50.87842      6.76328
    210.00000    -35.00000    -26.15039    -52.64673      8.66129
    215.00000    -35.00000    -21.72467    -53.84097      9.89919
    220.00000    -35.00000    -19.30932    -54.49265     10.11446
    225.00000    -35.00000    -20.00924    -54.58390      9.13487
    230.00000    -35.00000    -23.20290    -53.95861      7.32121
    235.00000    -35.00000    -26.73401    -52.52834      5.55844
    240.00000    -35.00000    -28.25494    -50.52046      4.73302
    245.00000    -35.00000    -26.78662    -48.43636      5.04527
    250.00000    -35.00000    -23.30567    -46.68121      5.77135
    255.00000    -35.00000    -19.88759    -45.20367      5.79350
    260.00000    -35.00000    -18.07242    -43.54325      4.55991
    265.00000    -35.00000    -17.73636    -41.32376      2.69443
    270.00000    -35.00000    -17.32760    -38.77710      1.68208
    275.00000    -35.00000    -15.21691    -36.78469      2.78303
    280.00000    -35.00000    -11.04956    -36.31804      5.97649
    285.00000    -35.00000     -6.05832    -37.70665      9.75663
    290.00000    -35.00000     -2.18590    -40.35288     11.96936
    295.00000    -35.00000     -0.78452    -43.15038     11.11157
    300.00000    -35.00000     -1.87169    -45.25843      7.21678
    305.00000    -35.00000     -4.34874    -46.58071      1.80948
    310.00000    -35.00000     -6.81280    -47.56959     -2.92064
    315.00000    -35.00000     -8.26947    -48.57682     -5.12887
    320.00000    -35.00000     -8.34796    -49.36100     -3.96258
    325.00000    -35.00000     -7.13795    -49.20392      0.32622
    330.00000    -35.00000     -5.00246    -47.54242      6.63926
    335.00000    -35.00000     -2.53599    -44.57953     13.42587
    340.00000    -35.00000     -0.52849    -41.36914     19.09509
    345.00000    -35.00000      0.26545    -39.30546     22.42292
    350.00000    -35.00000     -0.48639    -39.39467     22.89780
    355.00000    -35.00000     -2.44459    -41.78779     20.87241
    360.00000    -35.00000     -4.74763    -45.79955     17.41466
      0.00000    -30.00000     -1.19797    -49.99511     16.98280
      5.00000    -30.00000     -2.09969    -55.66200     14.59531
     10.00000    -30.00000     -1.55296    -61.02653     13.86583
     15.00000    -30.00000     -0.42073    -65.13215     14.72154
     20.00000    -30.00000      0.09748    -67.54289     16.53319
     25.00000    -30.00000     -0.86666    -68.53011     18.38128
     30.00000    -30.00000     -3.57288    -68.98344     19.28210
     35.00000    -30.00000     -7.78325    -69.89613     18.45224
     40.00000    -30.00000    -12.94059    -71.65649     15.66961
     45.00000    -30.00000    -18.22954    -73.69740     11.54370
     50.00000    -30.00000    -22.68979    -74.89218      7.34857
     55.00000    -30.00000    -25.62028    -74.46757      4.30446
     60.00000    -30.00000    -27.13416    -72.67322      2.72167
     65.00000    -30.00000    -28.31151    -70.56716      1.73820
     70.00000    -30.00000    -30.52319    -69.03533      0.05062
     75.00000    -30.00000    -34.22445    -67.90688     -2.80302
     80.00000    -30.00000    -38.19997    -66.03041     -5.68162
     85.00000    -30.00000    -40.11781    -62.35934     -6.42425
     90.00000    -30.00000    -38.23338    -57.15227     -3.53021
     95.00000    -30.00000    -32.99509    -52.19768      2.34204
    100.00000    -30.00000    -27.16857    -49.74982      8.37088
    105.00000    -30.00000    -24.17900    -50.95850     11.26529
    110.00000    -30.00000    -25.82340    -55.02816      9.47045
    115.00000    -30.00000    -31.07788    -59.75134      4.21757
    120.00000    -30.00000    -36.88807    -62.95476     -1.37477
    125.00000    -30.00000    -40.27833    -63.73143     -4.42146
    130.00000    -30.00000    -40.15917    -62.63254     -3.99376
    135.00000    -30.00000    -37.60994    -60.90888     -1.27131
    140.00000    -30.00000    -34.72518    -59.57732      1.71415
    145.00000    -30.00000    -33.15516    -59.00482      3.53636
    150.00000    -30.00000    -33.42225    -59.06988      3.91314
    155.00000    -30.00000    -35.18714    -59.46237      3.20480
    160.00000    -30.00000    -37.82990    -59.75959      1.66895
    165.00000    -30.00000    -40.70633    -59.36890     -0.70691
    170.00000    -30.00000    -43.06134    -57.68503     -3.73792
    175.00000    -30.00000    -44.05062    -54.56483     -6.60222
    180.00000    -30.00000    -43.12841    -50.75092     -8.05268
    185.00000    -30.00000    -40.48313    -47.73675     -7.19667
    190.00000    -30.00000    -36.96825    -46.98618     -4.14098
    195.00000    -30.00000    -33.43120    -49.03002      0.10015
    200.00000    -30.00000    -30.03760    -53.14784      4.33162
    205.00000    -30.00000    -26.32868    -57.88031      7.85191
    210.00000    -30.00000    -22.06846    -61.91898     10.50915
    215.00000    -30.00000    -18.05647    -64.64622     12.24891
    220.00000    -30.00000    -15.93959    -65.99858     12.78309
    225.00000    -30.00000    -16.93449    -65.99219     11.82603
    230.00000    -30.00000    -20.50970    -64.51556      9.65260
    235.00000    -30.00000    -24.33810    -61.61335      7.27453
    240.00000    -30.00000    -25.82577    -57.87163      5.83547
    245.00000    -30.00000    -24.07494    -54.33145      5.64341
    250.00000    -30.00000    -20.59317    -51.82669      5.77159
    255.00000    -30.00000    -18.02121    -50.30236      4.78020
    260.00000    -30.00000    -17.85087    -48.82319      2.10338
    265.00000    -30.00000    -19.04171    -46.40627     -1.07646
    270.00000    -30.00000    -18.74810    -43.01753     -2.35763
    275.00000    -30.00000    -14.60634    -39.83385      0.18319
    280.00000    -30.00000     -6.72763    -38.46921      6.37754
    285.00000    -30.00000      2.19053    -39.77814     13.71116
    290.00000    -30.00000      8.65733    -43.23928     18.69386
    295.00000    -30.00000     10.62111    -47.41443     18.90974
    300.00000    -30.00000      8.48936    -51.03388     14.36172
    305.00000    -30.00000      4.42026    -53.74291      7.32729
    310.00000    -30.00000      0.73434    -55.91292      1.01499
    315.00000    -30.00000     -1.25950    -57.80788     -2.00463
    320.00000    -30.00000     -1.39969    -58.96970     -0.73131
    325.00000    -30.00000     -0.13614    -58.43793      4.21133
    330.00000    -30.00000      1.92918    -55.61809     11.10779
    335.00000    -30.00000      4.09872    -51.01847     17.86118
    340.00000    -30.00000      5.52381    -46.20758     22.65200
    345.00000    -30.00000      5.44901    -43.02654     24.46018
    350.00000    -30.00000      3.72188    -42.67155     23.34552
    355.00000    -30.00000      1.07905    -45.25775     20.34631
    360.00000    -30.00000     -1.19797    -49.99511     16.98280
      0.00000    -25.00000      1.34396    -54.79408     14.67267
      5.00000    -25.00000      2.19427    -61.40559     15.02516
     10.00000    -25.00000      4.57491    -68.21930     16.92282
     15.00000    -25.00000      6.80202    -73.84617     19.25066
     20.00000    -25.00000      7.31213    -77.19075     21.01060
     25.00000    -25.00000      5.49592    -78.08203     21.65512
     30.00000    -25.00000      1.64264    -77.60479     20.92477
     35.00000    -25.00000     -3.67998    -77.56594     18.60318
     40.00000    -25.00000     -9.99545    -79.25933     14.64014
     45.00000    -25.00000    -16.68680    -82.46994      9.56905
     50.00000    -25.00000    -22.67178    -85.62949      4.63579
     55.00000    -25.00000    -26.72706    -87.08313      1.19760
     60.00000    -25.00000    -28.45635    -86.38977     -0.28203
     65.00000    -25.00000    -28.94984    -84.48488     -0.69060
     70.00000    -25.00000    -30.16530    -82.56346     -1.51083
     75.00000    -25.00000    -33.21467    -80.77084     -3.29866
     80.00000    -25.00000    -37.01229    -78.02784     -4.76807
     85.00000    -25.00000    -38.75549    -73.26915     -3.57700
     90.00000    -25.00000    -36.19902    -66.97988      1.53880
     95.00000    -25.00000    -29.92914    -61.50395      9.02761
    100.00000    -25.00000    -23.54689    -59.62146     14.89191
    105.00000    -25.00000    -21.30247    -62.45627     15.24804
    110.00000    -25.00000    -24.93932    -68.45257      9.23688
    115.00000    -25.00000    -32.30890    -74.31113     -0.05004
    120.00000    -25.00000    -38.90895    -77.15344     -7.48919
    125.00000    -25.00000    -41.08505    -76.22221     -9.28664
    130.00000    -25.00000    -38.34044    -72.92735     -5.25240
    135.00000    -25.00000    -33.11833    -69.47342      1.58571
    140.00000    -25.00000    -28.63066    -67.34695      7.42428
    145.00000    -25.00000    -26.77647    -66.76259     10.07270
    150.00000    -25.00000    -27.70385    -67.11420      9.55853
    155.00000    -25.00000    -30.79586    -67.64658      6.97947
    160.00000    -25.00000    -35.61158    -67.68031      3.09109
    165.00000    -25.00000    -41.72766    -66.48545     -1.97827
    170.00000    -25.00000    -47.90258    -63.38711     -7.87118
    175.00000    -25.00000    -51.88615    -58.35766    -13.20380
    180.00000    -25.00000    -51.54963    -52.60372    -15.91299
    185.00000    -25.00000    -46.50436    -48.37463    -14.59230
    190.00000    -25.00000    -38.63209    -47.81397     -9.59061
    195.00000    -25.00000    -30.83436    -51.61212     -2.81903
    200.00000    -25.00000    -25.00672    -58.54078      3.57268
    205.00000    -25.00000    -21.04606    -66.26625      8.45293
    210.00000    -25.00000    -17.73766    -72.75372     11.85642
    215.00000    -25.00000    -14.54051    -77.11922     14.12733
    220.00000    -25.00000    -12.40843    -79.39011     15.12028
    225.00000    -25.00000    -12.77046    -79.69306     14.33973
    230.00000    -25.00000    -15.70998    -77.85282     11.79980
    235.00000    -25.00000    -19.30687    -73.81826      8.53389
    240.00000    -25.00000    -21.04406    -68.34354      5.99339
    245.00000    -25.00000    -20.09292    -62.98693      4.76780
    250.00000    -25.00000    -18.23358    -59.16034      3.91910
    255.00000    -25.00000    -18.27853    -57.01257      1.80517
    260.00000    -25.00000    -21.21158    -55.26719     -2.13213
    265.00000    -25.00000    -24.63245    -52.34393     -6.20755
    270.00000    -25.00000    -24.12872    -47.87809     -7.21058
    275.00000    -25.00000    -16.66485    -43.29067     -2.69469
    280.00000    -25.00000     -3.24348    -40.84762      6.88908
    285.00000    -25.00000     11.37945    -41.98265     17.95579
    290.00000    -25.00000     21.72119    -46.30454     25.75309
    295.00000    -25.00000     24.95283    -52.06764     27.15715
    300.00000    -25.00000     22.14641    -57.56529     22.37093
    305.00000    -25.00000     16.81099    -62.14544     14.52134
    310.00000    -25.00000     12.26493    -66.02230      7.68466
    315.00000    -25.00000      9.94250    -69.26104      4.77622
    320.00000    -25.00000      9.50405    -71.07673      6.48613
    325.00000    -25.00000      9.97906    -70.21594     11.49717
    330.00000    -25.00000     10.62066    -66.09477     17.45793
    335.00000    -25.00000     10.93127    -59.62781     22.05799
    340.00000    -25.00000     10.37896    -52.97677     23.84293
    345.00000    -25.00000      8.52979    -48.42874     22.64923
    350.00000    -25.00000      5.59944    -47.31696     19.56874
    355.00000    -25.00000      2.71602    -49.70754     16.38596
    360.00000    -25.00000      1.34396    -54.79408     14.67267
      0.00000    -20.00000      3.07180    -60.31873     11.00378
      5.00000    -20.00000      7.02334    -67.49268     15.38706
     10.00000    -20.00000     11.76335    -75.60098     20.36301
     15.00000    -20.00000     14.56994    -82.72701     23.60918
     20.00000    -20.00000     13.94258    -86.92421     24.14782
     25.00000    -20.00000     10.34888    -87.47113     22.52470
     30.00000    -20.00000      5.30198    -85.76927     19.85562
     35.00000    -20.00000     -0.22926    -84.76476     16.72675
     40.00000    -20.00000     -6.43876    -86.97463     12.98783
     45.00000    -20.00000    -13.76307    -92.58793      8.50897
     50.00000    -20.00000    -21.54798    -99.27425      3.93979
     55.00000    -20.00000    -27.93886   -103.94896      0.49685
     60.00000    -20.00000    -31.33944   -105.01730     -1.11582
     65.00000    -20.00000    -31.98860   -103.18546     -1.47811
     70.00000    -20.00000    -31.85042   -100.25617     -1.88397
     75.00000    -20.00000    -32.64217    -97.20204     -2.76535
     80.00000    -20.00000    -33.87856    -93.44685     -2.71221
     85.00000    -20.00000    -33.10579    -88.05098      0.56416
     90.00000    -20.00000    -28.49250    -81.56131      7.76980
     95.00000    -20.00000    -21.45874    -76.52631     16.23735
    100.00000    -20.00000    -16.57984    -75.87596     20.84036
    105.00000    -20.00000    -18.29933    -80.42699     17.46893
    110.00000    -20.00000    -27.03271    -87.74577      6.50538
    115.00000    -20.00000    -38.13655    -93.52708     -6.66679
    120.00000    -20.00000    -44.93149    -94.48198    -14.88875
    125.00000    -20.00000    -43.46077    -90.43790    -13.91337
    130.00000    -20.00000    -35.12858    -84.07593     -5.02265
    135.00000    -20.00000    -25.22261    -78.74263      6.29330
    140.00000    -20.00000    -18.87146    -76.23811     14.30337
    145.00000    -20.00000    -17.97547    -76.18455     16.41668
    150.00000    -20.00000    -21.35920    -76.99780     13.60812
    155.00000    -20.00000    -27.21913    -77.20273      8.24699
    160.00000    -20.00000    -34.97889    -75.95557      1.76410
    165.00000    -20.00000    -44.70119    -72.78971     -5.74024
    170.00000    -20.00000    -55.03501    -67.45121    -14.03682
    175.00000    -20.00000    -62.36443    -60.36728    -21.38750
    180.00000    -20.00000    -62.64934    -53.25865    -24.95302
    185.00000    -20.00000    -54.59819    -48.90113    -22.77266
    190.00000    -20.00000    -41.19082    -49.72846    -15.44625
    195.00000    -20.00000    -27.88240    -56.19972     -5.88037
    200.00000    -20.00000    -18.86484    -66.32788      2.70976
    205.00000    -20.00000    -14.58779    -76.88296      8.75150
    210.00000    -20.00000    -12.55704    -85.32070     12.59103
    215.00000    -20.00000    -10.37249    -90.86022     15.15426
    220.00000    -20.00000     -7.99612    -93.97539     16.55141
    225.00000    -20.00000     -7.22153    -95.06595     16.04288
    230.00000    -20.00000     -9.20956    -93.76633     13.23276
    235.00000    -20.00000    -12.85665    -89.56679      9.02543
    240.00000    -20.00000    -15.79219    -82.97228      5.14053
    245.00000    -20.00000    -16.96561    -75.79513      2.55901
    250.00000    -20.00000    -17.97780    -70.03356      0.53528
    255.00000    -20.00000    -21.43246    -66.28794     -2.59229
    260.00000    -20.00000    -27.61586    -63.28448     -7.32469
    265.00000    -20.00000    -32.77212    -59.12588    -11.61096
    270.00000    -20.00000    -31.08307    -53.24235    -11.71730
    275.00000    -20.00000    -19.12351    -47.27135     -4.98371
    280.00000    -20.00000      0.87449    -44.01160      7.68516
    285.00000    -20.00000     21.83212    -45.33625     21.72294
    290.00000    -20.00000     36.23141    -50.87169     31.46851
    295.00000    -20.00000     40.69423    -58.49809     33.56909
    300.00000    -20.00000     37.33161    -66.04842     28.80471
    305.00000    -20.00000     31.27657    -72.58046     21.22277
    310.00000    -20.00000     26.80847    -78.17418     15.46047
    315.00000    -20.00000     25.11832    -82.72567     14.19612
    320.00000    -20.00000     24.84817    -85.15840     17.18557
    325.00000    -20.00000     24.11391    -83.96425     22.01113
    330.00000    -20.00000     21.96225    -78.59487     25.67430
    335.00000    -20.00000     18.41660    -70.35366     26.06319
    340.00000    -20.00000     13.85904    -61.91799     22.78511
    345.00000    -20.00000      8.83555    -55.90908     17.24961
    350.00000    -20.00000      4.38815    -53.72363     12.01792
    355.00000    -20.00000      2.07109    -55.41620      9.57252
    360.00000    -20.00000      3.07180    -60.31873     11.00378
      0.00000    -15.00000      4.11207    -66.56911      6.83968
      5.00000    -15.00000     12.90694    -73.88995     15.77777
     10.00000    -15.00000     20.73117    -83.11613     23.68578
     15.00000    -15.00000     23.51670    -91.73269     27.09279
     20.00000    -15.00000     20.31477    -96.83192     25.46634
     25.00000    -15.00000     13.64370    -97.09939     21.00412
     30.00000    -15.00000      7.09626    -94.33035     16.59215
     35.00000    -15.00000      2.26751    -92.76102     13.65435
     40.00000    -15.00000     -2.21974    -96.23359     11.61617
     45.00000    -15.00000     -8.76733   -105.27345      9.17506
     50.00000    -15.00000    -17.91557   -116.52439      5.92969
     55.00000    -15.00000    -27.38805   -125.12169      2.73963
     60.00000    -15.00000    -33.97026   -128.07585      0.62459
     65.00000    -15.00000    -36.25179   -125.89558     -0.40401
     70.00000    -15.00000    -35.41402   -121.31307     -1.12576
     75.00000    -15.00000    -33.34193   -116.58361     -1.64876
     80.00000    -15.00000    -30.25469   -111.97924     -0.45047
     85.00000    -15.00000    -24.69352   -106.73575      4.52720
     90.00000    -15.00000    -16.22288   -101.19509     13.24683
     95.00000    -15.00000     -8.01676    -97.66933     21.91221
    100.00000    -15.00000     -6.01126    -98.82979     24.50708
    105.00000    -15.00000    -14.38853   -104.96451     17.09282
    110.00000    -15.00000    -31.04346   -112.77383      1.61436
    115.00000    -15.00000    -47.47291   -117.15211    -14.24455
    120.00000    -15.00000    -54.04566   -114.72664    -21.67344
    125.00000    -15.00000    -46.80752   -106.27833    -16.59792
    130.00000    -15.00000    -30.30778    -96.07373     -2.33601
    135.00000    -15.00000    -14.13321    -88.74301     12.94108
    140.00000    -15.00000     -6.13377    -86.27370     21.79997
    145.00000    -15.00000     -7.93885    -87.31097     21.78664
    150.00000    -15.00000    -15.97206    -88.80994     15.39960
    155.00000    -15.00000    -26.10614    -88.25181      6.64274
    160.00000    -15.00000    -37.11158    -84.67141     -2.33539
    165.00000    -15.00000    -49.80910    -78.28997    -11.67883
    170.00000    -15.00000    -63.42643    -69.87073    -21.60126
    175.00000    -15.00000    -73.52550    -60.74582    -30.26802
    180.00000    -15.00000    -74.23743    -53.21693    -34.18803
    185.00000    -15.00000    -63.09161    -50.24795    -30.85173
    190.00000    -15.00000    -43.87594    -54.00546    -21.06459
    195.00000    -15.00000    -24.55618    -64.20905     -8.69844
    200.00000    -15.00000    -11.81130    -77.85541      1.96046
    205.00000    -15.00000     -6.85837    -90.86925      8.88756
    210.00000    -15.00000     -5.98694   -100.48718     12.77622
    215.00000    -15.00000     -4.86383   -106.42858     15.24072
    220.00000    -15.00000     -2.40262   -109.97536     16.78863
    225.00000    -15.00000     -0.83467   -112.00167     16.53102
    230.00000    -15.00000     -2.54226   -111.91036     13.63942
    235.00000    -15.00000     -7.26699   -108.44623      8.75446
    240.00000    -15.00000    -12.55839   -101.43929      3.71035
    245.00000    -15.00000    -16.71204    -92.58563     -0.17212
    250.00000    -15.00000    -20.73659    -84.34671     -3.34413
    255.00000    -15.00000    -26.87859    -77.97578     -7.30700
    260.00000    -15.00000    -34.94255    -72.63290    -12.40994
    265.00000    -15.00000    -40.29484    -66.54840    -16.35814
    270.00000    -15.00000    -36.22741    -59.19378    -15.21826
    275.00000    -15.00000    -19.27014    -52.38215     -6.46586
    280.00000    -15.00000      7.04343    -49.18143      8.40082
    285.00000    -15.00000     33.49863    -51.56980     24.03986
    290.00000    -15.00000     50.90557    -58.92405     34.37475
    295.00000    -15.00000     55.76902    -68.61309     36.37939
    300.00000    -15.00000     51.62206    -77.99879     31.76530
    305.00000    -15.00000     45.43071    -85.93769     25.49285
    310.00000    -15.00000     42.36130    -92.54250     22.40057
    315.00000    -15.00000     42.96502    -97.75769     24.37208
    320.00000    -15.00000     44.23306   -100.42437     29.68906
    325.00000    -15.00000     42.72341    -98.89532     34.50498
    330.00000    -15.00000     36.91628    -92.61176     35.17173
    335.00000    -15.00000     27.51174    -83.06249     30.10102
    340.00000    -15.00000     16.49752    -73.17124     20.49264
    345.00000    -15.00000      6.36846    -65.69336      9.84668
    350.00000    -15.00000     -0.21556    -62.05789      2.46269
    355.00000    -15.00000     -1.08607    -62.45083      1.40598
    360.00000    -15.00000      4.11207    -66.56911      6.83968
      0.00000    -10.00000      4.34355    -73.25011      3.14729
      5.00000    -10.00000     19.63416    -80.44471     16.13838
     10.00000    -10.00000     31.42232    -90.69613     26.30769
     15.00000    -10.00000     33.93766   -100.83546     29.29490
     20.00000    -10.00000     27.07998   -106.99863     25.25038
     25.00000    -10.00000     16.12950   -107.32784     18.11677
     30.00000    -10.00000      7.46802   -104.02410     12.47399
     35.00000    -10.00000      3.67993   -102.53073     10.41080
     40.00000    -10.00000      2.09789   -107.86215     10.75550
     45.00000    -10.00000     -2.12569   -120.73962     10.90924
     50.00000    -10.00000    -11.35383   -136.72004      9.34070
     55.00000    -10.00000    -23.41054   -149.18470      6.50515
     60.00000    -10.00000    -33.67309   -153.83091      3.73556
     65.00000    -10.00000    -38.88207   -151.08125      1.69453
     70.00000    -10.00000    -38.88793   -144.73145      0.21372
     75.00000    -10.00000    -35.07518   -138.45567     -0.42960
     80.00000    -10.00000    -27.89846   -133.45039      1.37337
     85.00000    -10.00000    -16.87702   -129.06659      7.37953
     90.00000    -10.00000     -3.43441   -125.22652     16.82752
     95.00000    -10.00000      6.80254   -123.72173     25.01268
    100.00000    -10.00000      6.00310   -126.75981     25.40357
    105.00000    -10.00000     -9.79768   -134.08003     14.53612
    110.00000    -10.00000    -35.48682   -141.66697     -4.11008
    115.00000    -10.00000    -57.96878   -143.82103    -20.99463
    120.00000    -10.00000    -64.13688   -137.23821    -26.32128
    125.00000    -10.00000    -50.07338   -123.73025    -16.71396
    130.00000    -10.00000    -24.08165   -109.20590      2.37499
    135.00000    -10.00000     -0.88920    -99.65182     20.44075
    140.00000    -10.00000      8.36593    -97.28180     28.90000
    145.00000    -10.00000      2.39789    -99.67114     25.88247
    150.00000    -10.00000    -12.11721   -102.06432     15.58022
    155.00000    -10.00000    -27.79953   -100.61658      3.55876
    160.00000    -10.00000    -42.14958    -94.13979     -7.48911
    165.00000    -10.00000    -56.79187    -83.75351    -18.11807
    170.00000    -10.00000    -72.18164    -71.67700    -29.12730
    175.00000    -10.00000    -83.88659    -60.54767    -38.72328
    180.00000    -10.00000    -84.71098    -53.34817    -42.87185
    185.00000    -10.00000    -70.92112    -52.96588    -38.52730
    190.00000    -10.00000    -46.57690    -60.84355    -26.58564
    195.00000    -10.00000    -21.57007    -75.58099    -11.70820
    200.00000    -10.00000     -4.81414    -93.02308      0.85382
    205.00000    -10.00000      1.51198   -108.33900      8.58309
    210.00000    -10.00000      1.87626   -118.72627     12.39041
    215.00000    -10.00000      2.12850   -124.56448     14.51020
    220.00000    -10.00000      4.24154   -128.06788     15.94315
    225.00000    -10.00000      5.65814   -130.70321     15.85833
    230.00000    -10.00000      3.05053   -131.73688     13.14171
    235.00000    -10.00000     -3.84098   -129.16040      8.11810
    240.00000    -10.00000    -12.16383   -121.96057      2.51124
    245.00000    -10.00000    -19.28453   -111.45293     -2.24285
    250.00000    -10.00000    -25.48364   -100.38292     -6.35960
    255.00000    -10.00000    -32.77883    -90.72990    -11.06681
    260.00000    -10.00000    -40.93210    -82.41919    -16.43615
    265.00000    -10.00000    -45.05147    -74.21174    -19.96540
    270.00000    -10.00000    -38.05989    -65.84257    -17.74102
    275.00000    -10.00000    -16.60485    -59.20392     -7.60853
    280.00000    -10.00000     14.73668    -57.28170      8.31253
    285.00000    -10.00000     45.11891    -61.75029     24.17255
    290.00000    -10.00000     64.16175    -71.45102     33.92124
    295.00000    -10.00000     68.54360    -83.14332     35.23197
    300.00000    -10.00000     63.33755    -93.77344     30.86472
    305.00000    -10.00000     57.39673   -102.15648     26.53733
    310.00000    -10.00000     56.79422   -108.68255     26.99274
    315.00000    -10.00000     61.31109   -113.65004     33.04453
    320.00000    -10.00000     65.86657   -116.09855     41.34041
    325.00000    -10.00000     64.78692   -114.35972     46.56795
    330.00000    -10.00000     55.35963   -107.72425     44.47848
    335.00000    -10.00000     38.79129    -97.51576     34.10192
    340.00000    -10.00000     19.17615    -86.53304     18.32776
    345.00000    -10.00000      1.94046    -77.48325      2.79220
    350.00000    -10.00000     -7.69896    -71.91499     -6.51885
    355.00000    -10.00000     -6.60023    -70.40324     -6.09780
    360.00000    -10.00000      4.34355    -73.25011      3.14729
      0.00000     -5.00000      3.92123    -79.58885      0.77863
      5.00000     -5.00000     26.35346    -86.71287     16.27422
     10.00000     -5.00000     42.70434    -98.02462     27.62909
     15.00000     -5.00000     45.29770   -109.65833     29.99456
     20.00000     -5.00000     34.78927   -116.94277     24.12501
     25.00000     -5.00000     19.19600   -117.65741     15.21400
     30.00000     -5.00000      7.77540   -114.39511      8.94598
     35.00000     -5.00000      4.38797   -113.53292      7.75302
     40.00000     -5.00000      5.53037   -120.90654      9.97054
     45.00000     -5.00000      4.28994   -137.28900     12.09474
     50.00000     -5.00000     -3.53155   -157.35540     11.84012
     55.00000     -5.00000    -16.39702   -173.16184      9.38928
     60.00000     -5.00000    -29.12129   -179.45412      6.26262
     65.00000     -5.00000    -37.28384   -176.63902      3.54055
     70.00000     -5.00000    -39.53243   -169.35260      1.47428
     75.00000     -5.00000    -36.24922   -162.34968      0.62184
     80.00000     -5.00000    -27.27470   -157.48710      2.64161
     85.00000     -5.00000    -12.33035   -154.11183      9.03988
     90.00000     -5.00000      5.69894   -151.71793     18.54298
     95.00000     -5.00000     18.68075   -151.64153     25.92517
    100.00000     -5.00000     16.49171   -155.77902     24.53748
    105.00000     -5.00000     -5.18136   -163.57170     11.49465
    110.00000     -5.00000    -38.75729   -170.55776     -8.59101
    115.00000     -5.00000    -66.87049   -170.56887    -25.11621
    120.00000     -5.00000    -72.90956   -160.23226    -28.03803
    125.00000     -5.00000    -52.63649   -142.05083    -14.87032
    130.00000     -5.00000    -17.65242   -123.26507      7.32120
    135.00000     -5.00000     12.41560   -111.16676     26.61944
    140.00000     -5.00000     23.00511   -108.43784     34.03919
    145.00000     -5.00000     12.81184   -111.92147     28.45112
    150.00000     -5.00000     -8.60597   -115.32142     15.32618
    155.00000     -5.00000    -30.41878   -113.36076      1.18606
    160.00000     -5.00000    -48.34918   -104.37144    -11.12588
    165.00000     -5.00000    -64.44415    -90.19133    -22.63345
    170.00000     -5.00000    -80.53977    -74.51201    -34.61636
    175.00000     -5.00000    -92.88974    -61.40932    -45.28172
    180.00000     -5.00000    -93.70167    -54.62463    -50.11942
    185.00000     -5.00000    -78.17486    -56.91194    -45.56597
    190.00000     -5.00000    -50.09997    -68.88878    -32.42377
    195.00000     -5.00000    -20.38663    -88.04072    -15.80334
    200.00000     -5.00000      0.42904   -109.21062     -1.65685
    205.00000     -5.00000      9.09110   -126.96953      6.98904
    210.00000     -5.00000     10.11021   -138.45726     10.99152
    215.00000     -5.00000     10.09120   -144.47856     12.92414
    220.00000     -5.00000     11.60714   -147.89467     14.23334
    225.00000     -5.00000     12.07530   -150.66490     14.35580
    230.00000     -5.00000      7.80145   -152.09736     12.14699
    235.00000     -5.00000     -1.54760   -149.74969      7.67028
    240.00000     -5.00000    -12.60537   -141.98309      2.33204
    245.00000     -5.00000    -21.95231   -129.71664     -2.62111
    250.00000     -5.00000    -29.36923   -115.81751     -7.35106
    255.00000     -5.00000    -36.88695   -102.88946    -12.79606
    260.00000     -5.00000    -44.50729    -91.70295    -18.64760
    265.00000     -5.00000    -47.37922    -81.73229    -22.16376
    270.00000     -5.00000    -38.21405    -73.06334    -19.51658
    275.00000     -5.00000    -13.61099    -67.53148     -8.95653
    280.00000     -5.00000     21.28984    -67.73961      6.91323
    285.00000     -5.00000     54.53515    -74.77817     22.03290
    290.00000     -5.00000     74.77537    -86.84273     30.64754
    295.00000     -5.00000     78.66067   -100.14904     31.16289
    300.00000     -5.00000     72.41389   -111.37269     27.14604
    305.00000     -5.00000     66.59052   -119.43235     24.73763
    310.00000     -5.00000     68.38632   -125.14315     28.42115
    315.00000     -5.00000     77.23081   -129.33672     38.09061
    320.00000     -5.00000     86.16417   -131.42116     49.14492
    325.00000     -5.00000     86.97501   -129.74772     55.18790
    330.00000     -5.00000     75.09669   -123.27915     51.51587
    335.00000     -5.00000     51.68449   -112.84222     37.58542
    340.00000     -5.00000     22.88401   -100.83351     17.50829
    345.00000     -5.00000     -2.47899    -89.88388     -1.51266
    350.00000     -5.00000    -15.98930    -81.89168    -12.25897
    355.00000     -5.00000    -13.13505    -78.11499    -10.92370
    360.00000     -5.00000      3.92123    -79.58885      0.77863
      0.00000      0.00000      4.04341    -84.43722      0.25429
      5.00000      0.00000     32.24491    -91.98465     15.90036
     10.00000      0.00000     52.73748   -104.49612     27.07665
     15.00000      0.00000     56.17943   -117.40553     28.92024
     20.00000      0.00000     43.49448   -125.54038     22.43434
     25.00000      0.00000     24.41185   -126.64174     13.12285
     30.00000      0.00000     10.14720   -123.70355      6.83782
     35.00000      0.00000      5.70774   -123.66887      5.97602
     40.00000      0.00000      7.59911   -132.74775      8.72222
     45.00000      0.00000      8.15347   -151.66114     11.42780
     50.00000      0.00000      2.24052   -174.62247     11.71781
     55.00000      0.00000     -9.35652   -193.07036      9.71572
     60.00000      0.00000    -21.95485   -201.31131      6.88916
     65.00000      0.00000    -31.33415   -199.69483      4.29875
     70.00000      0.00000    -35.84238   -193.12801      2.24795
     75.00000      0.00000    -34.90813   -186.70549      1.39320
     80.00000      0.00000    -27.03696   -182.43029      3.43575
     85.00000      0.00000    -11.03381   -179.53856      9.78642
     90.00000      0.00000      9.85552   -177.32535     18.98910
     95.00000      0.00000     25.71137   -177.06913     25.73704
    100.00000      0.00000     24.15386   -180.80808     23.57747
    105.00000      0.00000     -0.26760   -188.13573     10.07537
    110.00000      0.00000    -38.90735   -194.48920     -9.71917
    115.00000      0.00000    -71.50682   -193.29278    -25.11617
    120.00000      0.00000    -78.49857   -180.74995    -26.47983
    125.00000      0.00000    -54.62428   -159.37335    -12.02844
    130.00000      0.00000    -13.19682   -137.07191     10.59138
    135.00000      0.00000     22.73288   -122.19836     29.35476
    140.00000      0.00000     35.59647   -118.24207     35.67296
    145.00000      0.00000     23.24460   -122.02431     29.02079
    150.00000      0.00000     -3.24570   -126.34286     15.28185
    155.00000      0.00000    -30.47089   -124.68191      0.97285
    160.00000      0.00000    -52.24636   -114.59114    -11.41434
    165.00000      0.00000    -70.26577    -98.06366    -23.32482
    170.00000      0.00000    -87.16716    -79.74606    -36.25236
    175.00000      0.00000   -100.05174    -64.85730    -48.29355
    180.00000      0.00000   -101.20535    -57.83981    -54.57476
    185.00000      0.00000    -85.20313    -61.45581    -51.10115
    190.00000      0.00000    -55.23270    -75.82870    -38.37238
    195.00000      0.00000    -22.28366    -97.82691    -21.45394
    200.00000      0.00000      2.28978   -121.81633     -6.52470
    205.00000      0.00000     14.18626   -142.06768      3.00717
    210.00000      0.00000     17.23368   -155.51915      7.67125
    215.00000      0.00000     17.93917   -162.84163      9.96015
    220.00000      0.00000     19.16687   -166.88006     11.53057
    225.00000      0.00000     18.69010   -169.72130     12.15950
    230.00000      0.00000     13.07924   -170.85287     10.89709
    235.00000      0.00000      2.21973   -167.89926      7.66495
    240.00000      0.00000    -10.28432   -159.09889      3.44529
    245.00000      0.00000    -20.81885   -145.17991     -0.94550
    250.00000      0.00000    -29.13846   -129.00285     -5.81280
    255.00000      0.00000    -37.41316   -113.52336    -11.87341
    260.00000      0.00000    -45.74011   -100.14922    -18.43118
    265.00000      0.00000    -49.07109    -88.98168    -22.50151
    270.00000      0.00000    -39.62073    -80.40738    -20.32594
    275.00000      0.00000    -13.53775    -76.11233    -10.42703
    280.00000      0.00000     23.96464    -78.22077      4.40463
    285.00000      0.00000     60.14347    -87.25812     18.23034
    290.00000      0.00000     82.49818   -100.96433     25.70837
    295.00000      0.00000     86.91755   -115.28519     25.71827
    300.00000      0.00000     79.88250   -126.81612     22.09968
    305.00000      0.00000     73.21569   -134.58795     20.94839
    310.00000      0.00000     75.62339   -139.71439     26.44794
    315.00000      0.00000     87.19820   -143.42465     38.07915
    320.00000      0.00000    100.10987   -145.42244     50.82775
    325.00000      0.00000    104.00613   -144.03248     57.95007
    330.00000      0.00000     92.08087   -137.80591     54.52911
    335.00000      0.00000     64.57315   -126.97395     40.03441
    340.00000      0.00000     28.81090   -113.53476     18.86719
    345.00000      0.00000     -3.53240   -100.23370     -1.28994
    350.00000      0.00000    -20.99942    -89.61547    -12.77720
    355.00000      0.00000    -17.50518    -83.79958    -11.62619
    360.00000      0.00000      4.04341    -84.43722      0.25429
      0.00000      5.00000      7.01611    -86.75649      1.56773
      5.00000      5.00000     37.09846    -95.56662     14.72428
     10.00000      5.00000     59.65962   -109.42345     24.24366
     15.00000      5.00000     64.57756   -123.15591     25.71689
     20.00000      5.00000     52.38312   -131.52702     19.94456
     25.00000      5.00000     32.66547   -132.65112     11.69748
     30.00000      5.00000     16.68189   -129.95067      6.02103
     35.00000      5.00000      9.79620   -130.54315      4.93586
     40.00000      5.00000      9.31345   -140.55278      6.88172
     45.00000      5.00000      8.61017   -160.58052      8.85463
     50.00000      5.00000      3.27430   -184.88069      9.02751
     55.00000      5.00000     -6.10252   -205.06611      7.61947
     60.00000      5.00000    -16.02894   -215.54291      5.75859
     65.00000      5.00000    -23.86623   -216.50072      4.04165
     70.00000      5.00000    -28.95164   -212.42421      2.49062
     75.00000      5.00000    -30.41991   -207.88910      1.73640
     80.00000      5.00000    -25.31746   -204.48756      3.58344
     85.00000      5.00000    -10.72545   -201.28973      9.56049
     90.00000      5.00000     10.98708   -197.72503     18.38116
     95.00000      5.00000     29.33940   -195.50156     25.05238
    100.00000      5.00000     30.28038   -197.29038     23.50855
    105.00000      5.00000      6.62741   -203.29273     11.47456
    110.00000      5.00000    -33.65511   -209.20689     -6.37663
    115.00000      5.00000    -69.46656   -208.15229    -20.24590
    120.00000      5.00000    -79.34603   -195.56970    -21.42583
    125.00000      5.00000    -56.22657   -173.21780     -8.45388
    130.00000      5.00000    -12.80155   -148.81154     11.63203
    135.00000      5.00000     26.92021   -131.28973     28.03867
    140.00000      5.00000     43.40347   -125.17923     33.28872
    145.00000      5.00000     32.68141   -128.11246     27.20201
    150.00000      5.00000      5.16782   -132.93839     15.14103
    155.00000      5.00000    -25.01941   -132.43890      2.68578
    160.00000      5.00000    -50.24616   -123.22520     -8.43316
    165.00000      5.00000    -71.01900   -106.72117    -19.95922
    170.00000      5.00000    -89.67802    -87.61597    -33.34479
    175.00000      5.00000   -103.77237    -71.55716    -46.57843
    180.00000      5.00000   -106.08233    -63.39814    -54.70891
    185.00000      5.00000    -91.10158    -66.09565    -53.55238
    190.00000      5.00000    -61.34253    -79.87310    -43.15952
    195.00000      5.00000    -27.10932   -101.81880    -27.98632
    200.00000      5.00000      0.26831   -126.63411    -13.77665
    205.00000      5.00000     15.67314   -148.75847     -3.96147
    210.00000      5.00000     21.75024   -164.83480      1.55740
    215.00000      5.00000     24.20480   -174.79087      4.79760
    220.00000      5.00000     25.91953   -180.66821      7.26192
    225.00000      5.00000     25.33370   -184.15926      8.93530
    230.00000      5.00000     19.73818   -184.93621      9.13141
    235.00000      5.00000      9.26563   -181.13558      7.73591
    240.00000      5.00000     -2.80884   -171.40444      5.32648
    245.00000      5.00000    -13.47088   -156.54326      2.21992
    250.00000      5.00000    -22.92681   -139.27682     -2.13392
    255.00000      5.00000    -33.39364   -122.52720     -8.33853
    260.00000      5.00000    -44.57611   -107.93443    -15.43998
    265.00000      5.00000    -50.68926    -95.95913    -20.34217
    270.00000      5.00000    -43.03624    -87.18449    -19.38701
    275.00000      5.00000    -16.97086    -83.17869    -11.18638
    280.00000      5.00000     22.55107    -85.75852      1.66355
    285.00000      5.00000     62.15429    -95.21728     13.72209
    290.00000      5.00000     87.87955   -109.28615     20.15025
    295.00000      5.00000     93.99052   -124.03923     19.96496
    300.00000      5.00000     86.16039   -136.14165     16.67165
    305.00000      5.00000     76.87224   -144.54577     15.83277
    310.00000      5.00000     76.70596   -150.22962     21.33663
    315.00000      5.00000     87.70714   -154.36312     32.85520
    320.00000      5.00000    102.78091   -156.66059     45.91822
    325.00000      5.00000    110.55414   -155.37034     54.27588
    330.00000      5.00000    102.08392   -148.76848     53.08247
    335.00000      5.00000     75.74215   -136.74264     41.35319
    340.00000      5.00000     38.41576   -121.21256     22.69998
    345.00000      5.00000      2.91517   -105.36189      4.01867
    350.00000      5.00000    -17.45002    -92.57740     -7.50273
    355.00000      5.00000    -15.20240    -85.75390     -7.86615
    360.00000      5.00000      7.01611    -86.75649      1.56773
      0.00000     10.00000     15.18290    -86.18366      4.12242
      5.00000     10.00000     41.29348    -97.07697     12.60317
     10.00000     10.00000     62.17669   -112.24692     19.18472
     15.00000     10.00000     68.38903   -126.17473     20.28180
     20.00000     10.00000     59.58779   -134.05391     16.15575
     25.00000     10.00000     43.16529   -134.74524     10.07988
     30.00000     10.00000     28.03720   -132.07036      5.60607
     35.00000     10.00000     18.56026   -132.91756      4.15917
     40.00000     10.00000     13.10948   -142.88886      4.71512
     45.00000     10.00000      7.60799   -162.39806      5.40399
     50.00000     10.00000      0.08213   -186.18170      5.28032
     55.00000     10.00000     -8.03079   -206.72507      4.66328
     60.00000     10.00000    -14.38499   -219.02824      4.10574
     65.00000     10.00000    -18.61823   -223.08943      3.47920
     70.00000     10.00000    -22.03893   -222.46249      2.38844
     75.00000     10.00000    -24.38232   -220.57308      1.44631
     80.00000     10.00000    -21.77049   -218.21782      2.66705
     85.00000     10.00000     -9.49422   -214.28947      7.88986
     90.00000     10.00000     11.74247   -208.57827     16.28268
     95.00000     10.00000     32.15161   -203.48339     23.46740
    100.00000     10.00000     37.00068   -202.53264     23.87908
    105.00000     10.00000     17.25281   -206.78808     15.11183
    110.00000     10.00000    -21.33057   -212.53069      0.75858
    115.00000     10.00000    -59.00730   -212.82895    -11.07242
    120.00000     10.00000    -73.87050   -202.28962    -13.00783
    125.00000     10.00000    -56.57101   -181.37725     -3.59288
    130.00000     10.00000    -16.82710   -156.77766     11.65186
    135.00000     10.00000     23.27519   -137.33872     24.15147
    140.00000     10.00000     43.86706   -128.54736     28.04304
    145.00000     10.00000     38.62196   -129.47382     23.30574
    150.00000     10.00000     15.11830   -134.01511     14.17810
    155.00000     10.00000    -14.08346   -135.05115      4.78042
    160.00000     10.00000    -40.94023   -128.41586     -4.04570
    165.00000     10.00000    -64.35797   -114.41736    -14.16337
    170.00000     10.00000    -85.34530    -96.83008    -26.86048
    175.00000     10.00000   -101.27634    -80.81195    -40.23208
    180.00000     10.00000   -105.57640    -71.11013    -49.74421
    185.00000     10.00000    -93.12222    -70.90877    -51.44898
    190.00000     10.00000    -65.82802    -81.05566    -44.95499
    195.00000     10.00000    -32.75946    -99.67238    -33.63348
    200.00000     10.00000     -4.43315   -122.61946    -22.09750
    205.00000     10.00000     13.64834   -145.05713    -13.26281
    210.00000     10.00000     22.79826   -163.42994     -7.31248
    215.00000     10.00000     27.49779   -176.57763     -2.90710
    220.00000     10.00000     30.42298   -185.17942      0.95643
    225.00000     10.00000     30.80329   -190.08664      4.19330
    230.00000     10.00000     26.83939   -191.05030      6.26622
    235.00000     10.00000     18.77263   -186.94286      7.05612
    240.00000     10.00000      9.00487   -177.14531      6.84623
    245.00000     10.00000     -0.66952   -162.68100      5.56812
    250.00000     10.00000    -11.17909   -145.97907      2.46935
    255.00000     10.00000    -24.57827   -129.52855     -3.03569
    260.00000     10.00000    -39.74258   -114.75895     -9.97556
    265.00000     10.00000    -49.84437   -102.18621    -15.43004
    270.00000     10.00000    -45.21896    -92.51003    -15.99989
    275.00000     10.00000    -20.43302    -87.32543    -10.27708
    280.00000     10.00000     19.96998    -88.47714     -0.30942
    285.00000     10.00000     62.26642    -96.49689      9.35276
    290.00000     10.00000     91.13866   -109.60634     14.53988
    295.00000     10.00000     98.85474   -124.36765     14.21529
    300.00000     10.00000     89.51901   -137.56746     11.11307
    305.00000     10.00000     75.61710   -147.76531      9.87552
    310.00000     10.00000     69.63714   -155.24175     14.05245
    315.00000     10.00000     76.55175   -160.55000     23.90968
    320.00000     10.00000     91.59836   -163.10997     36.21317
    325.00000     10.00000    103.86494   -161.15629     45.85524
    330.00000     10.00000    102.86362   -153.06430     48.32333
    335.00000     10.00000     84.37197   -138.89323     41.86804
    340.00000     10.00000     52.91568   -120.94322     28.49703
    345.00000     10.00000     19.99636   -103.07511     13.31338
    350.00000     10.00000     -1.20546    -89.43833      2.27975
    355.00000     10.00000     -2.41355    -83.30672     -0.70721
    360.00000     10.00000     15.18290    -86.18366      4.12242
      0.00000     15.00000     29.38551    -83.19396      6.91153
      5.00000     15.00000     45.36811    -96.44852      9.72765
     10.00000     15.00000     59.98722   -112.49753     12.69886
     15.00000     15.00000     66.12032   -125.90912     13.24651
     20.00000     15.00000     62.54816   -132.75471     10.99801
     25.00000     15.00000     53.03257   -132.83644      7.48465
     30.00000     15.00000     42.19909   -130.20147      4.56643
     35.00000     15.00000     31.94359   -131.08244      3.03059
     40.00000     15.00000     21.28354   -140.16558      2.46070
     45.00000     15.00000      9.17639   -157.58753      2.17487
     50.00000     15.00000     -2.99502   -178.85345      2.05746
     55.00000     15.00000    -12.05702   -197.81138      2.39949
     60.00000     15.00000    -16.17603   -210.46197      3.07845
     65.00000     15.00000    -16.96777   -216.74153      3.24228
     70.00000     15.00000    -17.81440   -219.14941      2.16198
     75.00000     15.00000    -19.58710   -219.76849      0.52256
     80.00000     15.00000    -18.27416   -218.50330      0.60743
     85.00000     15.00000     -7.96348   -214.07636      4.63620
     90.00000     15.00000     12.41418   -206.62524     12.37360
     95.00000     15.00000     34.64859   -199.10942     20.25208
    100.00000     15.00000     44.41556   -195.73105     23.32429
    105.00000     15.00000     31.18542   -198.37472     18.94078
    110.00000     15.00000     -2.43291   -204.14818      9.24851
    115.00000     15.00000    -39.96746   -206.50035      0.21296
    120.00000     15.00000    -60.74865   -199.50777     -2.40373
    125.00000     15.00000    -53.36292   -182.20571      2.90479
    130.00000     15.00000    -22.95306   -159.63596     12.46668
    135.00000     15.00000     12.87886   -139.77435     20.28922
    140.00000     15.00000     35.95474   -128.60207     22.29830
    145.00000     15.00000     37.97900   -126.79481     18.58510
    150.00000     15.00000     22.46809   -130.02632     12.15926
    155.00000     15.00000     -1.42838   -132.14448      5.71610
    160.00000     15.00000    -26.59174   -128.72643     -0.57546
    165.00000     15.00000    -50.64426   -118.87516     -8.46599
    170.00000     15.00000    -72.90078   -104.84476    -19.07360
    175.00000     15.00000    -90.20800    -90.52031    -30.93902
    180.00000     15.00000    -96.68305    -79.93933    -40.51194
    185.00000     15.00000    -87.86316    -76.28797    -44.58991
    190.00000     15.00000    -65.12553    -81.19117    -42.52769
    195.00000     15.00000    -35.89680    -94.20811    -36.39713
    200.00000     15.00000     -9.19625   -112.85225    -29.19441
    205.00000     15.00000      9.65087   -133.44526    -22.80743
    210.00000     15.00000     20.80723   -152.51922    -17.37495
    215.00000     15.00000     27.39772   -167.91396    -12.18512
    220.00000     15.00000     31.69979   -178.86973     -6.91005
    225.00000     15.00000     33.64428   -185.25503     -1.97101
    230.00000     15.00000     32.30541   -186.80398      2.03765
    235.00000     15.00000     27.91473   -183.12404      4.95104
    240.00000     15.00000     21.78485   -174.37427      6.89351
    245.00000     15.00000     14.32223   -161.78057      7.63238
    250.00000     15.00000      3.89100   -147.30894      6.36587
    255.00000     15.00000    -11.26983   -132.71286      2.48289
    260.00000     15.00000    -29.21380   -118.87803     -3.28400
    265.00000     15.00000    -42.41658   -106.14172     -8.54044
    270.00000     15.00000    -40.83301    -95.26840    -10.40040
    275.00000     15.00000    -18.68259    -88.01715     -7.45507
    280.00000     15.00000     20.00104    -86.53554     -0.98777
    285.00000     15.00000     61.83032    -91.92918      5.65627
    290.00000     15.00000     91.01788   -103.21777      9.20894
    295.00000     15.00000     98.37184   -117.63615      8.61640
    300.00000     15.00000     86.29606   -132.07363      5.69589
    305.00000     15.00000     66.66060   -144.45626      3.95823
    310.00000     15.00000     53.32605   -153.99109      6.47966
    315.00000     15.00000     54.30183   -160.28187     14.15194
    320.00000     15.00000     68.06407   -162.35464     25.17620
    325.00000     15.00000     85.45260   -158.65462     35.86237
    330.00000     15.00000     95.33213   -148.12934     42.23931
    335.00000     15.00000     90.68182   -131.51699     41.80014
    340.00000     15.00000     72.15519   -111.79352     34.70424
    345.00000     15.00000     47.62059    -93.42638     23.85040
    350.00000     15.00000     28.01124    -80.90557     13.59363
    355.00000     15.00000     21.54270    -77.28631      7.58562
    360.00000     15.00000     29.38551    -83.19396      6.91153
      0.00000     20.00000     48.19300    -78.65950      8.90511
      5.00000     20.00000     49.76953    -93.63452      6.66783
     10.00000     20.00000     54.15149   -109.61403      6.28036
     15.00000     20.00000     57.80312   -121.79009      6.12192
     20.00000     20.00000     59.17468   -127.40540      5.32435
     25.00000     20.00000     58.21114   -127.14412      3.95268
     30.00000     20.00000     54.58116   -124.94453      2.46001
     35.00000     20.00000     46.85515   -125.96754      1.13558
     40.00000     20.00000     33.81853   -133.67852      0.07595
     45.00000     20.00000     16.71579   -147.84566     -0.49521
     50.00000     20.00000     -0.15195   -164.85427     -0.16897
     55.00000     20.00000    -11.79569   -180.14551      1.16765
     60.00000     20.00000    -16.23139   -190.97954      2.79232
     65.00000     20.00000    -16.04651   -197.47239      3.34789
     70.00000     20.00000    -15.85162   -201.29438      1.96643
     75.00000     20.00000    -17.43836   -203.40084     -0.54808
     80.00000     20.00000    -17.14901   -202.96890     -1.74229
     85.00000     20.00000     -8.62419   -198.57143      0.84820
     90.00000     20.00000     10.61568   -190.48361      7.53375
     95.00000     20.00000     34.34244   -181.80238     15.63486
    100.00000     20.00000     49.55523   -176.93953     20.98089
    105.00000     20.00000     44.89762   -178.35678     20.83579
    110.00000     20.00000     19.53137   -184.14909     15.99617
    115.00000     20.00000    -14.68546   -188.66482     10.30100
    120.00000     20.00000    -40.02900   -186.02615      7.83425
    125.00000     20.00000    -44.05654   -174.08177      9.99374
    130.00000     20.00000    -27.00378   -155.91918     14.70479
    135.00000     20.00000     -0.41050   -137.89955     18.26826
    140.00000     20.00000     21.21832   -125.73013     18.18971
    145.00000     20.00000     29.00365   -121.33769     14.66928
    150.00000     20.00000     22.64248   -122.42424      9.74170
    155.00000     20.00000      7.12173   -124.49912      5.11189
    160.00000     20.00000    -12.50810   -123.62531      0.71656
    165.00000     20.00000    -33.53804   -118.13043     -4.81554
    170.00000     20.00000    -54.11965   -108.73199    -12.43308
    175.00000     20.00000    -70.79559    -97.69185    -21.36668
    180.00000     20.00000    -78.50063    -87.87101    -29.43298
    185.00000     20.00000    -73.52991    -82.04144    -34.57030
    190.00000     20.00000    -56.69046    -82.30050    -36.17870
    195.00000     20.00000    -33.48506    -89.45704    -35.15921
    200.00000     20.00000    -10.92056   -102.62943    -32.81976
    205.00000     20.00000      6.41495   -119.44016    -29.78207
    210.00000     20.00000     17.91223   -136.84683    -25.83749
    215.00000     20.00000     25.42130   -152.14493    -20.67100
    220.00000     20.00000     30.65593   -163.55486    -14.56958
    225.00000     20.00000     33.99707   -170.20671     -8.39329
    230.00000     20.00000     35.22202   -171.84899     -2.94381
    235.00000     20.00000     34.56406   -168.71141      1.51406
    240.00000     20.00000     32.45084   -161.58121      5.05638
    245.00000     20.00000     28.21397   -151.76251      7.50277
    250.00000     20.00000     19.75630   -140.65254      8.18188
    255.00000     20.00000      5.56046   -129.14753      6.47692
    260.00000     20.00000    -12.12399   -117.44462      2.72044
    265.00000     20.00000    -26.03205   -105.57011     -1.47611
    270.00000     20.00000    -26.81245    -94.27589     -3.96895
    275.00000     20.00000     -9.01591    -85.46955     -3.46298
    280.00000     20.00000     23.99254    -81.61472     -0.45890
    285.00000     20.00000     60.22766    -84.39388      3.02295
    290.00000     20.00000     84.98670    -93.60810      4.78869
    295.00000     20.00000     88.93567   -107.14859      3.93770
    300.00000     20.00000     73.23500   -122.01311      1.47235
    305.00000     20.00000     48.59417   -135.52620     -0.25976
    310.00000     20.00000     29.13866   -145.87956      1.15380
    315.00000     20.00000     24.99644   -151.83552      6.93933
    320.00000     20.00000     37.74028   -152.22796     16.47516
    325.00000     20.00000     60.63781   -146.02129     27.40958
    330.00000     20.00000     82.86679   -133.07442     36.47871
    335.00000     20.00000     95.09115   -115.00787     40.76877
    340.00000     20.00000     93.60975    -95.37100     38.97180
    345.00000     20.00000     81.32534    -78.78380     32.03337
    350.00000     20.00000     65.40647    -69.41876     22.73649
    355.00000     20.00000     53.11649    -69.53676     14.32181
    360.00000     20.00000     48.19300    -78.65950      8.90511
      0.00000     25.00000     68.51663    -73.15631      9.45012
      5.00000     25.00000     54.99212    -88.38977      4.14849
     10.00000     25.00000     47.22191   -103.01977      1.56600
     15.00000     25.00000     45.68406   -113.34000      0.79332
     20.00000     25.00000     49.38396   -117.83035      0.72230
     25.00000     25.00000     55.59061   -117.77370      0.53420
     30.00000     25.00000     59.96127   -116.59718     -0.15492
     35.00000     25.00000     57.96321   -118.08617     -1.30319
     40.00000     25.00000     47.37004   -124.35194     -2.45892
     45.00000     25.00000     30.15402   -134.76405     -2.88742
     50.00000     25.00000     11.87805   -146.56588     -1.98452
     55.00000     25.00000     -1.62634   -156.76151      0.13994
     60.00000     25.00000     -8.09379   -163.90691      2.40093
     65.00000     25.00000    -10.03701   -168.48634      3.25825
     70.00000     25.00000    -11.99236   -171.68749      1.87851
     75.00000     25.00000    -15.81675   -173.73939     -0.90309
     80.00000     25.00000    -18.11602   -173.38673     -2.75677
     85.00000     25.00000    -12.53476   -169.10682     -1.31910
     90.00000     25.00000      4.38236   -161.08523      4.01615
     95.00000     25.00000     28.45337   -152.12600     11.39210
    100.00000     25.00000     48.62681   -146.39439     17.56809
    105.00000     25.00000     53.49559   -146.66435     20.08541
    110.00000     25.00000     39.07485   -152.10613     18.89290
    115.00000     25.00000     12.01109   -158.41422     16.17996
    120.00000     25.00000    -14.32084   -160.36483     14.58102
    125.00000     25.00000    -28.04222   -155.05807     15.20088
    130.00000     25.00000    -25.44429   -143.60248     16.98927
    135.00000     25.00000    -11.78031   -130.19264     17.82381
    140.00000     25.00000      3.48505   -119.41425     16.26852
    145.00000     25.00000     12.76409   -113.71354     12.53586
    150.00000     25.00000     13.44728   -112.56051      7.99690
    155.00000     25.00000      6.88982   -113.43672      3.86140
    160.00000     25.00000     -4.44024   -113.58716      0.25780
    165.00000     25.00000    -18.61968   -111.31617     -3.57344
    170.00000     25.00000    -33.74820   -106.33417     -8.32721
    175.00000     25.00000    -46.76895    -99.46615    -13.89025
    180.00000     25.00000    -53.69147    -92.25546    -19.43948
    185.00000     25.00000    -51.57331    -86.65952    -24.14787
    190.00000     25.00000    -40.58523    -84.66609    -27.72872
    195.00000     25.00000    -24.19098    -87.68371    -30.31489
    200.00000     25.00000     -7.13791    -95.89887    -31.89965
    205.00000     25.00000      7.12095   -108.01919    -32.00543
    210.00000     25.00000     17.61275   -121.64993    -29.97933
    215.00000     25.00000     25.11194   -134.12531    -25.64593
    220.00000     25.00000     30.64787   -143.33388    -19.66465
    225.00000     25.00000     34.72975   -148.16885    -13.21829
    230.00000     25.00000     37.60241   -148.55495     -7.30801
    235.00000     25.00000     39.60238   -145.22430     -2.29916
    240.00000     25.00000     40.73632   -139.38423      1.90368
    245.00000     25.00000     39.85351   -132.29581      5.30075
    250.00000     25.00000     34.75903   -124.80234      7.47368
    255.00000     25.00000     24.03424   -117.02423      7.86133
    260.00000     25.00000      9.52210   -108.51739      6.39139
    265.00000     25.00000     -2.84842    -98.95444      3.84513
    270.00000     25.00000     -5.47734    -88.93979      1.54320
    275.00000     25.00000      6.16156    -80.31686      0.54064
    280.00000     25.00000     29.58446    -75.58404      0.95572
    285.00000     25.00000     55.28100    -76.67779      1.95504
    290.00000     25.00000     71.23500    -83.89368      2.39875
    295.00000     25.00000     69.45549    -95.64583      1.67462
    300.00000     25.00000     50.54612   -109.15251      0.17842
    305.00000     25.00000     23.59758   -121.49382     -0.80097
    310.00000     25.00000      1.62123   -130.34734      0.33348
    315.00000     25.00000     -4.73091   -134.13775      4.73403
    320.00000     25.00000      8.19437   -131.90237     12.47567
    325.00000     25.00000     36.08150   -123.35350     22.26936
    330.00000     25.00000     69.25879   -109.28420     31.69400
    335.00000     25.00000     97.17608    -91.96828     37.98787
    340.00000     25.00000    112.52492    -75.02921     39.16275
    345.00000     25.00000    113.33308    -62.55508     34.91608
    350.00000     25.00000    102.53088    -57.75368     26.79680
    355.00000     25.00000     85.70939    -61.76177     17.46442
    360.00000     25.00000     68.51663    -73.15631      9.45012
      0.00000     30.00000     86.95537    -66.66844      8.47988
      5.00000     30.00000     61.58178    -80.51890      2.64713
     10.00000     30.00000     42.57016    -92.70268     -0.47452
     15.00000     30.00000     33.86574   -100.84889     -1.41910
     20.00000     30.00000     35.86033   -104.49670     -1.30415
     25.00000     30.00000     45.08750   -105.13572     -1.24272
     30.00000     30.00000     55.35198   -105.36676     -1.88845
     35.00000     30.00000     60.32458   -107.52927     -3.21338
     40.00000     30.00000     56.57317   -112.49432     -4.56150
     45.00000     30.00000     45.24667   -119.32579     -5.00561
     50.00000     30.00000     31.08402   -126.03946     -3.92940
     55.00000     30.00000     19.13338   -130.96241     -1.54948
     60.00000     30.00000     11.38896   -133.73001      1.02389
     65.00000     30.00000      5.91056   -135.17920      2.38998
     70.00000     30.00000     -0.73076   -136.23654      1.84451
     75.00000     30.00000     -9.51590   -136.74214      0.06085
     80.00000     30.00000    -16.85854   -135.28433     -1.14625
     85.00000     30.00000    -16.45448   -130.34603      0.03969
     90.00000     30.00000     -4.13542   -121.94529      4.14162
     95.00000     30.00000     17.87903   -112.40600      9.90860
    100.00000     30.00000     40.85325   -105.43984     15.07255
    105.00000     30.00000     54.11216   -103.99411     17.82844
    110.00000     30.00000     51.33741   -108.33026     17.95042
    115.00000     30.00000     34.23233   -115.71979     16.73283
    120.00000     30.00000     11.12715   -122.00888     15.86092
    125.00000     30.00000     -8.24054   -123.98509     16.12735
    130.00000     30.00000    -18.00941   -120.98031     16.96285
    135.00000     30.00000    -18.21826   -114.79234     17.03926
    140.00000     30.00000    -13.00863   -108.23048     15.35297
    145.00000     30.00000     -7.14109   -103.43151     11.90634
    150.00000     30.00000     -3.55205   -101.00052      7.54888
    155.00000     30.00000     -3.10325   -100.23766      3.26506
    160.00000     30.00000     -5.63823    -99.94530     -0.43509
    165.00000     30.00000    -10.74223    -99.12751     -3.60370
    170.00000     30.00000    -17.52357    -97.26968     -6.53585
    175.00000     30.00000    -24.09311    -94.34493     -9.46242
    180.00000     30.00000    -27.80659    -90.81300    -12.51520
    185.00000     30.00000    -26.48024    -87.64926    -15.84201
    190.00000     30.00000    -19.68114    -86.20288    -19.57478
    195.00000     30.00000     -8.98806    -87.73148    -23.56125
    200.00000     30.00000      3.00357    -92.75665    -27.11858
    205.00000     30.00000     14.09666   -100.62827    -29.15885
    210.00000     30.00000     23.26466   -109.62141    -28.73869
    215.00000     30.00000     30.45358   -117.55811    -25.66676
    220.00000     30.00000     35.96873   -122.62279    -20.68077
    225.00000     30.00000     40.15486   -123.96343    -15.02350
    230.00000     30.00000     43.46411   -121.84839     -9.73727
    235.00000     30.00000     46.40574   -117.39521     -5.21701
    240.00000     30.00000     49.01629   -112.03648     -1.32056
    245.00000     30.00000     50.25156   -106.92406      2.14495
    250.00000     30.00000     48.19306   -102.47701      5.03254
    255.00000     30.00000     41.46673    -98.27699      6.89552
    260.00000     30.00000     31.06438    -93.43152      7.38370
    265.00000     30.00000     20.96073    -87.29870      6.61586
    270.00000     30.00000     16.46208    -80.19253      5.19906
    275.00000     30.00000     20.89926    -73.59280      3.88654
    280.00000     30.00000     32.79576    -69.62265      3.15556
    285.00000     30.00000     45.68950    -70.02365      3.01379
    290.00000     30.00000     51.16962    -75.21777      3.13489
    295.00000     30.00000     43.53409    -84.00643      3.19067
    300.00000     30.00000     23.33422    -94.03488      3.16106
    305.00000     30.00000     -2.27879   -102.67009      3.46535
    310.00000     30.00000    -22.57912   -107.76855      4.85935
    315.00000     30.00000    -27.98294   -108.03709      8.11339
    320.00000     30.00000    -14.07313   -103.07038     13.55273
    325.00000     30.00000     16.80623    -93.33919     20.64288
    330.00000     30.00000     56.75055    -80.26697     27.88112
    335.00000     30.00000     95.40367    -66.24901     33.18652
    340.00000     30.00000    123.49776    -54.33760     34.71757
    345.00000     30.00000    135.49299    -47.48375     31.73337
    350.00000     30.00000    130.61768    -47.55726     25.00245
    355.00000     30.00000    112.35725    -54.59370     16.48891
    360.00000     30.00000     86.95537    -66.66844      8.47988
      0.00000     35.00000    100.59217    -59.03090      6.48772
      5.00000     35.00000     69.37063    -70.52794      2.14188
     10.00000     35.00000     42.60264    -79.95131     -0.02673
     15.00000     35.00000     26.42440    -86.14756     -0.47084
     20.00000     35.00000     23.00892    -89.34287     -0.20285
     25.00000     35.00000     30.02710    -90.86749     -0.26478
     30.00000     35.00000     41.86343    -92.38851     -1.24607
     35.00000     35.00000     52.24130    -95.01316     -3.03817
     40.00000     35.00000     57.04328    -98.73250     -4.92103
     45.00000     35.00000     55.78317   -102.53081     -5.95851
     50.00000     35.00000     50.84668   -105.11060     -5.53523
     55.00000     35.00000     45.03706   -105.77237     -3.74918
     60.00000     35.00000     39.20427   -104.83497     -1.39075
     65.00000     35.00000     31.78963   -103.25911      0.54356
     70.00000     35.00000     20.74433   -101.71394      1.52921
     75.00000     35.00000      6.38575    -99.80044      1.91297
     80.00000     35.00000     -7.19350    -96.11793      2.69657
     85.00000     35.00000    -13.67180    -89.27850      4.79543
     90.00000     35.00000     -8.32204    -79.22922      8.28274
     95.00000     35.00000      8.43329    -67.90763     12.19543
    100.00000     35.00000     30.33717    -58.63609     15.09335
    105.00000     35.00000     48.18861    -54.51979     15.99926
    110.00000     35.00000     54.54928    -56.82628     15.04372
    115.00000     35.00000     47.30631    -64.35821     13.34757
    120.00000     35.00000     30.04272    -74.16241     12.23835
    125.00000     35.00000      9.40634    -83.05030     12.37512
    130.00000     35.00000     -8.48191    -88.96437     13.38444
    135.00000     35.00000    -20.34584    -91.47588     14.19653
    140.00000     35.00000    -25.90142    -91.37297     13.76626
    145.00000     35.00000    -26.55926    -89.85181     11.65717
    150.00000     35.00000    -24.06888    -87.89624      8.16439
    155.00000     35.00000    -19.94082    -86.08784      4.02991
    160.00000     35.00000    -15.48521    -84.70011      0.03844
    165.00000     35.00000    -11.82196    -83.81319     -3.26407
    170.00000     35.00000     -9.53992    -83.34677     -5.68228
    175.00000     35.00000     -8.30194    -83.10824     -7.38719
    180.00000     35.00000     -6.90760    -82.96283     -8.86732
    185.00000     35.00000     -3.93983    -83.06097    -10.75693
    190.00000     35.00000      1.42949    -83.91004    -13.50911
    195.00000     35.00000      9.05079    -86.13622    -17.04069
    200.00000     35.00000     18.02386    -90.02180    -20.60406
    205.00000     35.00000     27.23821    -95.11839    -23.06272
    210.00000     35.00000     35.77717   -100.23130    -23.47058
    215.00000     35.00000     43.02030   -103.84108    -21.59708
    220.00000     35.00000     48.62512   -104.74775    -18.03674
    225.00000     35.00000     52.59402   -102.59396    -13.82563
    230.00000     35.00000     55.34860    -98.00797     -9.84271
    235.00000     35.00000     57.53129    -92.31885     -6.41459
    240.00000     35.00000     59.45061    -86.99240     -3.36229
    245.00000     35.00000     60.54707    -83.03604     -0.38407
    250.00000     35.00000     59.47926    -80.62065      2.56093
    255.00000     35.00000     55.05601    -79.08850      5.15453
    260.00000     35.00000     47.47801    -77.36959      6.93986
    265.00000     35.00000     38.86457    -74.63540      7.65715
    270.00000     35.00000     32.36582    -70.86234      7.44380
    275.00000     35.00000     30.17592    -66.97232      6.78375
    280.00000     35.00000     31.71627    -64.42242      6.27139
    285.00000     35.00000     33.36234    -64.43646      6.34834
    290.00000     35.00000     30.17812    -67.30306      7.14925
    295.00000     35.00000     18.80931    -72.13363      8.51287
    300.00000     35.00000     -0.11343    -77.19125     10.13852
    305.00000     35.00000    -21.46922    -80.56719     11.80968
    310.00000     35.00000    -37.37345    -80.82874     13.56378
    315.00000     35.00000    -40.28577    -77.37229     15.68379
    320.00000     35.00000    -26.04216    -70.46246     18.46475
    325.00000     35.00000      4.45286    -61.10786     21.85858
    330.00000     35.00000     45.40800    -50.90432     25.23208
    335.00000     35.00000     87.93683    -41.83634     27.46205
    340.00000     35.00000    122.68475    -35.93846     27.40021
    345.00000     35.00000    142.40134    -34.78451     24.48092
    350.00000     35.00000    143.75720    -38.94408     19.10876
    355.00000     35.00000    128.02965    -47.66917     12.56872
    360.00000     35.00000    100.59217    -59.03090      6.48772
      0.00000     40.00000    106.71165    -50.75222      4.37508
      5.00000     40.00000     76.20150    -60.07859      2.29476
     10.00000     40.00000     46.60716    -67.45762      1.85125
     15.00000     40.00000     24.73118    -72.52716      2.51180
     20.00000     40.00000     14.30557    -75.74290      3.36230
     25.00000     40.00000     15.18414    -78.02981      3.51002
     30.00000     40.00000     24.04564    -80.23602      2.46492
     35.00000     40.00000     36.26173    -82.66102      0.33444
     40.00000     40.00000     47.96055    -84.91360     -2.24997
     45.00000     40.00000     57.18729    -86.19135     -4.43876
     50.00000     40.00000     63.61623    -85.82672     -5.55492
     55.00000     40.00000     67.23415    -83.75438     -5.36685
     60.00000     40.00000     67.15475    -80.56282     -4.09374
     65.00000     40.00000     61.65618    -77.03987     -2.15007
     70.00000     40.00000     49.60944    -73.48049      0.18661
     75.00000     40.00000     32.30025    -69.25353      2.93198
     80.00000     40.00000     14.12423    -63.02467      6.23926
     85.00000     40.00000      1.24163    -53.62355     10.03668
     90.00000     40.00000     -1.33340    -41.07585     13.75415
     95.00000     40.00000      7.45954    -27.13211     16.41095
    100.00000     40.00000     23.79305    -14.87613     17.08796
    105.00000     40.00000     40.55063     -7.54677     15.50714
    110.00000     40.00000     50.55802     -7.18986     12.32053
    115.00000     40.00000     49.61792    -13.85054      8.87626
    120.00000     40.00000     37.80607    -25.67178      6.57017
    125.00000     40.00000     18.68425    -39.73760      6.16279
    130.00000     40.00000     -2.71292    -53.14490      7.45188
    135.00000     40.00000    -21.83291    -63.79817      9.45058
    140.00000     40.00000    -35.66957    -70.70963     10.91614
    145.00000     40.00000    -42.90525    -73.89839     10.91185
    150.00000     40.00000    -43.59825    -74.10823      9.13775
    155.00000     40.00000    -38.83315    -72.49591      5.94521
    160.00000     40.00000    -30.40772    -70.32345      2.10909
    165.00000     40.00000    -20.41494    -68.65558     -1.51020
    170.00000     40.00000    -10.67685    -68.12365     -4.29532
    175.00000     40.00000     -2.22656    -68.86190     -6.09395
    180.00000     40.00000      4.87955    -70.66045     -7.24811
    185.00000     40.00000     11.31439    -73.23814     -8.38918
    190.00000     40.00000     17.96818    -76.44081    -10.06297
    195.00000     40.00000     25.47147    -80.21882    -12.37154
    200.00000     40.00000     33.95097    -84.40919    -14.85252
    205.00000     40.00000     43.02227    -88.51131    -16.69802
    210.00000     40.00000     51.92365    -91.66836    -17.19802
    215.00000     40.00000     59.73221    -92.92929    -16.13268
    220.00000     40.00000     65.65563    -91.67114    -13.86237
    225.00000     40.00000     69.34114    -87.94568    -11.06949
    230.00000     40.00000     71.03023    -82.54902     -8.34229
    235.00000     40.00000     71.38118    -76.76152     -5.88533
    240.00000     40.00000     70.98235    -71.87137     -3.53014
    245.00000     40.00000     69.86380    -68.69377     -0.99832
    250.00000     40.00000     67.41514    -67.29552      1.79642
    255.00000     40.00000     62.87127    -67.04586      4.62075
    260.00000     40.00000     56.07083    -66.97379      7.04000
    265.00000     40.00000     47.89234    -66.26917      8.68625
    270.00000     40.00000     39.92113    -64.68354      9.49929
    275.00000     40.00000     33.44469    -62.61932      9.80012
    280.00000     40.00000     28.42413    -60.85106     10.16231
    285.00000     40.00000     23.21599    -60.02625     11.15195
    290.00000     40.00000     15.39143    -60.22558     13.06440
    295.00000     40.00000      3.29886    -60.83127     15.78417
    300.00000     40.00000    -12.48709    -60.77138     18.83846
    305.00000     40.00000    -28.66975    -58.99365     21.62127
    310.00000     40.00000    -40.02895    -54.91494     23.67065
    315.00000     40.00000    -41.20454    -48.64771     24.84105
    320.00000     40.00000    -28.71924    -40.96136     25.26682
    325.00000     40.00000     -2.44966    -33.07012     25.14595
    330.00000     40.00000     33.96473    -26.36782     24.50125
    335.00000     40.00000     73.87505    -22.17045     23.10356
    340.00000     40.00000    109.27929    -21.46448     20.63433
    345.00000     40.00000    132.89906    -24.66183     16.99044
    350.00000     40.00000    140.11437    -31.42249     12.51949
    355.00000     40.00000    130.23267    -40.65248      8.00454
    360.00000     40.00000    106.71165    -50.75222      4.37508
      0.00000     45.00000    102.34028    -43.39242      3.27330
      5.00000     45.00000     77.50820    -51.59728      2.98324
     10.00000     45.00000     49.95857    -58.27332      4.14230
     15.00000     45.00000     25.86929    -63.30587      6.12111
     20.00000     45.00000      9.79496    -66.97984      8.03904
     25.00000     45.00000      3.70603    -69.72293      9.04595
     30.00000     45.00000      7.02840    -71.81511      8.59901
     35.00000     45.00000     17.50834    -73.21623      6.62581
     40.00000     45.00000     32.33949    -73.61100      3.51666
     45.00000     45.00000     48.92554    -72.65255     -0.03594
     50.00000     45.00000     64.97977    -70.25817     -3.26756
     55.00000     45.00000     78.18844    -66.75247     -5.53616
     60.00000     45.00000     86.02539    -62.71872     -6.41063
     65.00000     45.00000     86.21395    -58.59457     -5.66081
     70.00000     45.00000     77.80685    -54.24074     -3.22558
     75.00000     45.00000     62.25011    -48.79077      0.75793
     80.00000     45.00000     43.57617    -40.97598      5.85209
     85.00000     45.00000     27.26488    -29.85044     11.23290
     90.00000     45.00000     18.11283    -15.56890     15.75800
     95.00000     45.00000     18.13701      0.22275     18.26252
    100.00000     45.00000     25.62699     14.66171     18.00581
    105.00000     45.00000     35.86478     24.54396     15.05444
    110.00000     45.00000     43.12982     27.42299     10.36944
    115.00000     45.00000     42.96702     22.44686      5.50059
    120.00000     45.00000     33.68268     10.60105      2.00166
    125.00000     45.00000     16.57339     -5.67549      0.83543
    130.00000     45.00000     -4.91967    -23.27008      2.04114
    135.00000     45.00000    -26.52842    -39.24188      4.79420
    140.00000     45.00000    -44.36145    -51.47073      7.79452
    145.00000     45.00000    -55.69396    -58.98938      9.78571
    150.00000     45.00000    -59.32296    -61.99627      9.98742
    155.00000     45.00000    -55.57483    -61.60605      8.29683
    160.00000     45.00000    -46.02767    -59.42326      5.22294
    165.00000     45.00000    -32.98933    -57.05633      1.61183
    170.00000     45.00000    -18.83072    -55.71394     -1.71729
    175.00000     45.00000     -5.36501    -56.00660     -4.27958
    180.00000     45.00000      6.51795    -57.99045     -6.05065
    185.00000     45.00000     16.85179    -61.37438     -7.36121
    190.00000     45.00000     26.27747    -65.74021     -8.62211
    195.00000     45.00000     35.57759    -70.65104    -10.03530
    200.00000     45.00000     45.24800    -75.62883    -11.45714
    205.00000     45.00000     55.24053    -80.09090    -12.48941
    210.00000     45.00000     64.93906    -83.36686    -12.72990
    215.00000     45.00000     73.36793    -84.85120    -12.01380
    220.00000     45.00000     79.56282    -84.23626    -10.49136
    225.00000     45.00000     82.95755    -81.69390     -8.50439
    230.00000     45.00000     83.59850    -77.88506     -6.36206
    235.00000     45.00000     82.05684    -73.76352     -4.17624
    240.00000     45.00000     79.07362    -70.24757     -1.86245
    245.00000     45.00000     75.15246    -67.90168      0.70997
    250.00000     45.00000     70.36923    -66.76723      3.53608
    255.00000     45.00000     64.52873    -66.41374      6.39445
    260.00000     45.00000     57.54432    -66.18180      8.92637
    265.00000     45.00000     49.73439    -65.49987     10.83091
    270.00000     45.00000     41.77009    -64.12091     12.06086
    275.00000     45.00000     34.26226    -62.16324     12.90423
    280.00000     45.00000     27.26312    -59.94136     13.89610
    285.00000     45.00000     20.06878    -57.68824     15.59154
    290.00000     45.00000     11.55124    -55.33405     18.30124
    295.00000     45.00000      0.92221    -52.47611     21.91464
    300.00000     45.00000    -11.45264    -48.56528     25.89962
    305.00000     45.00000    -23.63858    -43.21042     29.48451
    310.00000     45.00000    -32.39040    -36.44135     31.93660
    315.00000     45.00000    -34.05303    -28.80393     32.80197
    320.00000     45.00000    -25.79999    -21.25789     31.99742
    325.00000     45.00000     -6.77574    -14.94171     29.73521
    330.00000     45.00000     21.25576    -10.90532     26.35893
    335.00000     45.00000     53.99870     -9.88843     22.21083
    340.00000     45.00000     85.47814    -12.17629     17.60804
    345.00000     45.00000    109.46753    -17.53885     12.91148
    350.00000     45.00000    121.11834    -25.26041      8.59485
    355.00000     45.00000    118.31901    -34.27348      5.21735
    360.00000     45.00000    102.34028    -43.39242      3.27330
      0.00000     50.00000     85.06559    -38.92797      4.29252
      5.00000     50.00000     68.09392    -47.00597      4.68832
     10.00000     50.00000     46.10805    -54.03450      6.68862
     15.00000     50.00000     23.89512    -59.72742      9.64186
     20.00000     50.00000      5.90272    -63.98267     12.65915
     25.00000     50.00000     -4.69024    -66.78100     14.81612
     30.00000     50.00000     -6.40251    -68.10217     15.37305
     35.00000     50.00000      0.61564    -67.91248     13.94826
     40.00000     50.00000     14.93204    -66.23672     10.60015
     45.00000     50.00000     34.20450    -63.26832      5.80719
     50.00000     50.00000     55.44320    -59.42839      0.36585
     55.00000     50.00000     75.24020    -55.28977     -4.75849
     60.00000     50.00000     90.16582    -51.34748     -8.59880
     65.00000     50.00000     97.45275    -47.71737    -10.35844
     70.00000     50.00000     95.83876    -43.92563     -9.58236
     75.00000     50.00000     86.18754    -38.95371     -6.30774
     80.00000     50.00000     71.46055    -31.60399     -1.14558
     85.00000     50.00000     55.85596    -21.08677      4.77343
     90.00000     50.00000     43.35452     -7.58570     10.03278
     95.00000     50.00000     36.26581      7.47678     13.31691
    100.00000     50.00000     34.42283     21.64485     13.83613
    105.00000     50.00000     35.38157     32.07219     11.62112
    110.00000     50.00000     35.50609     36.37193      7.54570
    115.00000     50.00000     31.42993     33.35356      3.04142
    120.00000     50.00000     21.27849     23.38333     -0.39697
    125.00000     50.00000      5.23045      8.26647     -1.72213
    130.00000     50.00000    -14.66440     -9.26983     -0.66340
    135.00000     50.00000    -35.20373    -26.29413      2.23906
    140.00000     50.00000    -52.95929    -40.36280      5.88346
    145.00000     50.00000    -65.11926    -50.00714      9.02156
    150.00000     50.00000    -70.06262    -54.91938     10.67525
    155.00000     50.00000    -67.58517    -55.83058     10.41073
    160.00000     50.00000    -58.77243    -54.15211      8.39320
    165.00000     50.00000    -45.57892    -51.50907      5.23063
    170.00000     50.00000    -30.23981    -49.31454      1.68967
    175.00000     50.00000    -14.68933    -48.50335     -1.59221
    180.00000     50.00000     -0.15831    -49.46982     -4.28271
    185.00000     50.00000     12.94252    -52.16726     -6.36166
    190.00000     50.00000     24.85183    -56.27259     -7.98510
    195.00000     50.00000     36.09660    -61.32336     -9.30017
    200.00000     50.00000     47.09113    -66.78916    -10.31911
    205.00000     50.00000     57.84453    -72.10201    -10.91260
    210.00000     50.00000     67.87604    -76.69877    -10.90423
    215.00000     50.00000     76.35972    -80.10764    -10.18811
    220.00000     50.00000     82.43262    -82.06031     -8.78890
    225.00000     50.00000     85.53137    -82.57310     -6.83406
    230.00000     50.00000     85.60489    -81.94067     -4.47335
    235.00000     50.00000     83.10660    -80.62704     -1.81407
    240.00000     50.00000     78.78134    -79.09282      1.07886
    245.00000     50.00000     73.37164    -77.63291      4.12290
    250.00000     50.00000     67.40522    -76.29601      7.15158
    255.00000     50.00000     61.16200    -74.91805      9.90490
    260.00000     50.00000     54.79233    -73.24639     12.10508
    265.00000     50.00000     48.45623    -71.08754     13.59073
    270.00000     50.00000     42.34833    -68.40044     14.43993
    275.00000     50.00000     36.57123    -65.28659     15.00797
    280.00000     50.00000     30.95213    -61.88534     15.84056
    285.00000     50.00000     24.96939    -58.23789     17.48175
    290.00000     50.00000     17.91407    -54.20610     20.24940
    295.00000     50.00000      9.27800    -49.50619     24.07345
    300.00000     50.00000     -0.78427    -43.85491     28.47073
    305.00000     50.00000    -11.14458    -37.16220     32.67193
    310.00000     50.00000    -19.72971    -29.67607     35.84892
    315.00000     50.00000    -23.95210    -22.00806     37.34895
    320.00000     50.00000    -21.45026    -15.02571     36.84754
    325.00000     50.00000    -10.92158     -9.65642     34.38074
    330.00000     50.00000      7.22482     -6.67543     30.27894
    335.00000     50.00000     30.63755     -6.54220     25.06209
    340.00000     50.00000     55.34798     -9.31848     19.35063
    345.00000     50.00000     76.62076    -14.67220     13.80841
    350.00000     50.00000     90.12423    -21.95423      9.09469
    355.00000     50.00000     93.08542    -30.32827      5.79115
    360.00000     50.00000     85.06559    -38.92797      4.29252
      0.00000     55.00000     55.42288    -38.36851      8.08903
      5.00000     55.00000     45.81435    -46.35084      8.23799
     10.00000     55.00000     30.88955    -53.67683     10.16493
     15.00000     55.00000     13.84379    -59.75572     13.28817
     20.00000     55.00000     -1.73694    -64.12023     16.73875
     25.00000     55.00000    -12.61685    -66.45973     19.51894
     30.00000     55.00000    -16.48884    -66.65832     20.70123
     35.00000     55.00000    -12.30809    -64.83674     19.62531
     40.00000     55.00000     -0.38997    -61.37935     16.05060
     45.00000     55.00000     17.67630    -56.91308     10.23165
     50.00000     55.00000     39.26276    -52.20685      2.89851
     55.00000     55.00000     61.09026    -47.98493     -4.85991
     60.00000     55.00000     79.77986    -44.69143    -11.79592
     65.00000     55.00000     92.52269    -42.28783    -16.75700
     70.00000     55.00000     97.72299    -40.18316    -18.94711
     75.00000     55.00000     95.39559    -37.36895    -18.13381
     80.00000     55.00000     87.12224    -32.75762    -14.73614
     85.00000     55.00000     75.51374    -25.63031     -9.74628
     90.00000     55.00000     63.33053    -16.03230     -4.48129
     95.00000     55.00000     52.57866     -4.94903     -0.22099
    100.00000     55.00000     43.92631      5.83434      2.16002
    105.00000     55.00000     36.65526     14.16909      2.44120
    110.00000     55.00000     29.13618     18.13785      1.09354
    115.00000     55.00000     19.60799     16.60959     -0.91216
    120.00000     55.00000      6.94509      9.57232     -2.45795
    125.00000     55.00000     -8.85940     -1.85542     -2.66421
    130.00000     55.00000    -26.62434    -15.72213     -1.17209
    135.00000     55.00000    -44.29394    -29.74256      1.76807
    140.00000     55.00000    -59.48819    -41.84261      5.41735
    145.00000     55.00000    -70.10259    -50.59820      8.81784
    150.00000     55.00000    -74.78975    -55.46427     11.10577
    155.00000     55.00000    -73.21110    -56.76017     11.75892
    160.00000     55.00000    -66.01832    -55.44979     10.70389
    165.00000     55.00000    -54.59504    -52.80776      8.26606
    170.00000     55.00000    -40.65042    -50.08291      5.00301
    175.00000     55.00000    -25.79131    -48.25140      1.49995
    180.00000     55.00000    -11.19818    -47.90376     -1.79132
    185.00000     55.00000      2.51191    -49.25432     -4.61834
    190.00000     55.00000     15.21825    -52.22329     -6.89674
    195.00000     55.00000     27.07781    -56.53433     -8.62297
    200.00000     55.00000     38.25326    -61.79225     -9.78935
    205.00000     55.00000     48.69593    -67.53636    -10.34447
    210.00000     55.00000     58.06331    -73.28508    -10.20732
    215.00000     55.00000     65.79455    -78.58658     -9.31179
    220.00000     55.00000     71.30413    -83.07417     -7.64782
    225.00000     55.00000     74.20648    -86.50940     -5.27777
    230.00000     55.00000     74.47408    -88.79324     -2.32997
    235.00000     55.00000     72.46444    -89.93938      1.01444
    240.00000     55.00000     68.81335    -90.02290      4.52762
    245.00000     55.00000     64.25207    -89.13116      7.93656
    250.00000     55.00000     59.43247    -87.34150     10.93750
    255.00000     55.00000     54.82344    -84.73334     13.24127
    260.00000     55.00000     50.68984    -81.42107     14.65152
    265.00000     55.00000     47.11612    -77.57902     15.15352
    270.00000     55.00000     44.02278    -73.43176     14.97311
    275.00000     55.00000     41.15264    -69.20097     14.56706
    280.00000     55.00000     38.05201    -65.02662     14.52772
    285.00000     55.00000     34.10551    -60.90096     15.42012
    290.00000     55.00000     28.67405    -56.65536     17.60131
    295.00000     55.00000     21.33553    -52.02056     21.08595
    300.00000     55.00000     12.16235    -46.74655     25.50872
    305.00000     55.00000      1.92403    -40.73857     30.19996
    310.00000     55.00000     -7.89688    -34.15451     34.34858
    315.00000     55.00000    -15.33735    -27.42388     37.19666
    320.00000     55.00000    -18.41389    -21.18047     38.20543
    325.00000     55.00000    -15.70126    -16.13347     37.15237
    330.00000     55.00000     -6.86067    -12.92053     34.15080
    335.00000     55.00000      7.06208    -11.98442     29.60934
    340.00000     55.00000     23.69806    -13.49921     24.15682
    345.00000     55.00000     39.80464    -17.35254     18.55085
    350.00000     55.00000     52.00784    -23.17567     13.57520
    355.00000     55.00000     57.63895    -30.40649      9.92549
    360.00000     55.00000     55.42288    -38.36851      8.08903
      0.00000     60.00000     19.13594    -40.60967     14.31778
      5.00000     60.00000     14.78174    -47.37237     13.91567
     10.00000     60.00000      6.46663    -53.73403     15.11990
     15.00000     60.00000     -3.99018    -58.94353     17.47785
     20.00000     60.00000    -14.20656    -62.37585     20.22720
     25.00000     60.00000    -21.72317    -63.63342     22.42465
     30.00000     60.00000    -24.48420    -62.62696     23.12450
     35.00000     60.00000    -21.22346    -59.61563     21.57443
     40.00000     60.00000    -11.69845    -55.18668     17.38868
     45.00000     60.00000      3.25532    -50.16230     10.65962
     50.00000     60.00000     21.85601    -45.43729      1.97803
     55.00000     60.00000     41.67983    -41.77398     -7.65103
     60.00000     60.00000     60.09869    -39.60331    -16.98812
     65.00000     60.00000     74.77548    -38.89341    -24.80293
     70.00000     60.00000     84.10733    -39.13982    -30.12939
     75.00000     60.00000     87.49809    -39.50132    -32.47034
     80.00000     60.00000     85.37383    -39.05838    -31.89541
     85.00000     60.00000     78.93006    -37.12368    -28.99952
     90.00000     60.00000     69.69115    -33.50568    -24.72719
     95.00000     60.00000     59.03116    -28.63181    -20.10946
    100.00000     60.00000     47.81938    -23.47947    -15.99047
    105.00000     60.00000     36.30211    -19.32662    -12.82668
    110.00000     60.00000     24.23940    -17.39643    -10.61899
    115.00000     60.00000     11.22013    -18.50628     -8.99304
    120.00000     60.00000     -2.97900    -22.82955     -7.39268
    125.00000     60.00000    -18.12611    -29.83917     -5.31498
    130.00000     60.00000    -33.44690    -38.44232     -2.50514
    135.00000     60.00000    -47.73463    -47.25770      0.95040
    140.00000     60.00000    -59.60862    -54.94854      4.65482
    145.00000     60.00000    -67.83239    -60.51710      8.03380
    150.00000     60.00000    -71.59426    -63.48683     10.51650
    155.00000     60.00000    -70.67410    -63.93900     11.70030
    160.00000     60.00000    -65.45846    -62.41552     11.44771
    165.00000     60.00000    -56.81210    -59.73508      9.89373
    170.00000     60.00000    -45.85298    -56.78616      7.37538
    175.00000     60.00000    -33.70179    -54.35373      4.32034
    180.00000     60.00000    -21.27796    -53.01282      1.13985
    185.00000     60.00000     -9.19348    -53.09317     -1.83974
    190.00000     60.00000      2.23999    -54.69615     -4.39482
    195.00000     60.00000     12.91344    -57.73669     -6.38302
    200.00000     60.00000     22.78269    -61.98805     -7.70682
    205.00000     60.00000     31.74932    -67.12003     -8.28670
    210.00000     60.00000     39.60618    -72.73205     -8.05624
    215.00000     60.00000     46.06414    -78.38667     -6.97781
    220.00000     60.00000     50.84314    -83.64658     -5.06782
    225.00000     60.00000     53.78509    -88.11255     -2.41904
    230.00000     60.00000     54.93926    -91.45701      0.78810
    235.00000     60.00000     54.58441    -93.44897      4.28862
    240.00000     60.00000     53.17942    -93.96959      7.75127
    245.00000     60.00000     51.26256    -93.02057     10.81315
    250.00000     60.00000     49.33554    -90.72652     13.13155
    255.00000     60.00000     47.76667    -87.32904     14.44992
    260.00000     60.00000     46.73116    -83.16637     14.66709
    265.00000     60.00000     46.18836    -78.63240     13.89114
    270.00000     60.00000     45.88593    -74.11444     12.45536
    275.00000     60.00000     45.38440    -69.91891     10.87983
    280.00000     60.00000     44.10672    -66.20413      9.77647
    285.00000     60.00000     41.42540    -62.94326      9.71447
    290.00000     60.00000     36.79495    -59.93533     11.07958
    295.00000     60.00000     29.91852    -56.86831     13.96698
    300.00000     60.00000     20.91203    -53.41983     18.13985
    305.00000     60.00000     10.40999    -49.36718     23.06700
    310.00000     60.00000     -0.44298    -44.67370     28.02953
    315.00000     60.00000    -10.14805    -39.52671     32.26714
    320.00000     60.00000    -17.14589    -34.31801     35.12742
    325.00000     60.00000    -20.19020    -29.57553     36.18538
    330.00000     60.00000    -18.70487    -25.86656     35.31371
    335.00000     60.00000    -13.01719    -23.69620     32.69813
    340.00000     60.00000     -4.38143    -23.42035     28.80208
    345.00000     60.00000      5.23863    -25.18487     24.28991
    350.00000     60.00000     13.59046    -28.89543     19.91856
    355.00000     60.00000     18.65524    -34.21824     16.40966
    360.00000     60.00000     19.13594    -40.60967     14.31778
      0.00000     65.00000    -13.34866    -42.46917     21.32630
      5.00000     65.00000    -14.84862    -46.46590     20.59555
     10.00000     65.00000    -18.29658    -50.19825     20.84625
     15.00000     65.00000    -22.83715    -53.01766     21.76876
     20.00000     65.00000    -27.20521    -54.39726     22.79715
     25.00000     65.00000    -29.98184    -54.03461     23.20490
     30.00000     65.00000    -29.88311    -51.92324     22.24313
     35.00000     65.00000    -26.02355    -48.37424     19.29693
     40.00000     65.00000    -18.10438    -43.97658     14.02838
     45.00000     65.00000     -6.49222    -39.49666      6.47491
     50.00000     65.00000      7.82631    -35.73190     -2.92202
     55.00000     65.00000     23.40605    -33.34722    -13.36915
     60.00000     65.00000     38.59042    -32.73215    -23.84878
     65.00000     65.00000     51.79414    -33.91625    -33.29707
     70.00000     65.00000     61.76070    -36.56916    -40.79518
     75.00000     65.00000     67.73715    -40.09100    -45.72987
     80.00000     65.00000     69.52838    -43.77280    -47.88548
     85.00000     65.00000     67.42609    -46.98501    -47.44608
     90.00000     65.00000     62.04384    -49.34085    -44.90978
     95.00000     65.00000     54.11561    -50.78692    -40.94134
    100.00000     65.00000     44.32227    -51.59470    -36.20574
    105.00000     65.00000     33.19483    -52.25634    -31.22916
    110.00000     65.00000     21.11143    -53.31818    -26.32296
    115.00000     65.00000      8.37042    -55.20322    -21.58478
    120.00000     65.00000     -4.70332    -58.07582    -16.96569
    125.00000     65.00000    -17.66918    -61.78652    -12.37270
    130.00000     65.00000    -29.93728    -65.90883     -7.76774
    135.00000     65.00000    -40.80616    -69.85183     -3.22962
    140.00000     65.00000    -49.56035    -73.01202      1.03827
    145.00000     65.00000    -55.59719    -74.91976      4.75176
    150.00000     65.00000    -58.54346    -75.34216      7.62136
    155.00000     65.00000    -58.32762    -74.32098      9.43109
    160.00000     65.00000    -55.18800    -72.14461     10.09479
    165.00000     65.00000    -49.61668    -69.27142      9.67482
    170.00000     65.00000    -42.25740    -66.23120      8.36250
    175.00000     65.00000    -33.78709    -63.53161      6.43244
    180.00000     65.00000    -24.81273    -61.58818      4.18891
    185.00000     65.00000    -15.80741    -60.68491      1.92112
    190.00000     65.00000     -7.09491    -60.96190     -0.12350
    195.00000     65.00000      1.12400    -62.42127     -1.74773
    200.00000     65.00000      8.72258    -64.94208     -2.80205
    205.00000     65.00000     15.60042    -68.29902     -3.18054
    210.00000     65.00000     21.65638    -72.18366     -2.82213
    215.00000     65.00000     26.79113    -76.22994     -1.71930
    220.00000     65.00000     30.93436    -80.04548      0.06897
    225.00000     65.00000     34.08191    -83.24865      2.40613
    230.00000     65.00000     36.32365    -85.50880      5.07556
    235.00000     65.00000     37.84729    -86.58524      7.79181
    240.00000     65.00000     38.91237    -86.35943     10.22815
    245.00000     65.00000     39.79975    -84.85524     12.05948
    250.00000     65.00000     40.74946    -82.24194     13.01629
    255.00000     65.00000     41.90215    -78.81666     12.94133
    260.00000     65.00000     43.25677    -74.96500     11.83726
    265.00000     65.00000     44.65185    -71.10281      9.89238
    270.00000     65.00000     45.77289    -67.60678      7.47328
    275.00000     65.00000     46.18640    -64.74663      5.07924
    280.00000     65.00000     45.39951    -62.63365      3.26201
    285.00000     65.00000     42.94283    -61.19943      2.52468
    290.00000     65.00000     38.46964    -60.21271      3.22039
    295.00000     65.00000     31.85731    -59.33320      5.47433
    300.00000     65.00000     23.28933    -58.19174      9.14805
    305.00000     65.00000     13.29227    -56.47873     13.85543
    310.00000     65.00000      2.70521    -54.02060     19.02773
    315.00000     65.00000     -7.42798    -50.82714     24.01353
    320.00000     65.00000    -16.03382    -47.10016     28.19306
    325.00000     65.00000    -22.22034    -43.20289     31.08427
    330.00000     65.00000    -25.47606    -39.59761     32.42203
    335.00000     65.00000    -25.80421    -36.76410     32.19785
    340.00000     65.00000    -23.74962    -35.11329     30.65468
    345.00000     65.00000    -20.30071    -34.90998     28.23839
    350.00000     65.00000    -16.68081    -36.21634     25.51307
    355.00000     65.00000    -14.07384    -38.86527     23.05274
    360.00000     65.00000    -13.34866    -42.46917     21.32630
      0.00000     70.00000    -31.06299    -40.04498     26.51614
      5.00000     70.00000    -31.47398    -40.46755     25.75093
     10.00000     70.00000    -32.18462    -40.70058     25.12552
     15.00000     70.00000    -32.88672    -40.38375     24.45492
     20.00000     70.00000    -33.08310    -39.24663     23.40554
     25.00000     70.00000    -32.19054    -37.17495     21.55353
     30.00000     70.00000    -29.66520    -34.25185     18.46903
     35.00000     70.00000    -25.12501    -30.76353     13.81108
     40.00000     70.00000    -18.44462    -27.16513      7.41473
     45.00000     70.00000     -9.80426    -24.01044     -0.64853
     50.00000     70.00000      0.31690    -21.85756    -10.05099
     55.00000     70.00000     11.20119    -21.16878    -20.23639
     60.00000     70.00000     21.99421    -22.22577    -30.49138
     65.00000     70.00000     31.82710    -25.07894    -40.04798
     70.00000     70.00000     39.93503    -29.54256    -48.19643
     75.00000     70.00000     45.74894    -35.23698    -54.38575
     80.00000     70.00000     48.94535    -41.66745    -58.29177
     85.00000     70.00000     49.44965    -48.32033    -59.84041
     90.00000     70.00000     47.40006    -54.75319    -59.18489
     95.00000     70.00000     43.08822    -60.65752    -56.64637
    100.00000     70.00000     36.89544    -65.88140    -52.63570
    105.00000     70.00000     29.24124    -70.41053    -47.57671
    110.00000     70.00000     20.55296    -74.31790    -41.84829
    115.00000     70.00000     11.25626    -77.69998    -35.75515
    120.00000     70.00000      1.77821    -80.61975    -29.52765
    125.00000     70.00000     -7.44838    -83.07242    -23.34226
    130.00000     70.00000    -15.99004    -84.98194    -17.34993
    135.00000     70.00000    -23.43215    -86.22590    -11.69929
    140.00000     70.00000    -29.41159    -86.67878     -6.54577
    145.00000     70.00000    -33.65486    -86.25883     -2.04441
    150.00000     70.00000    -36.01137    -84.96470      1.66986
    155.00000     70.00000    -36.47184    -82.89223      4.50620
    160.00000     70.00000    -35.16587    -80.22873      6.43750
    165.00000     70.00000    -32.33825    -77.22814      7.50900
    170.00000     70.00000    -28.30938    -74.17486      7.83382
    175.00000     70.00000    -23.42880    -71.34528      7.57733
    180.00000     70.00000    -18.03227    -68.97441      6.93522
    185.00000     70.00000    -12.41027    -67.23189      6.11080
    190.00000     70.00000     -6.79230    -66.20855      5.29566
    195.00000     70.00000     -1.34598    -65.91216      4.65533
    200.00000     70.00000      3.81378    -66.27065      4.31940
    205.00000     70.00000      8.61202    -67.14105      4.37428
    210.00000     70.00000     13.00346    -68.32362      4.85691
    215.00000     70.00000     16.96779    -69.58112      5.74921
    220.00000     70.00000     20.51035    -70.66310      6.97436
    225.00000     70.00000     23.66473    -71.33413      8.39749
    230.00000     70.00000     26.49263    -71.40349      9.83350
    235.00000     70.00000     29.07707    -70.75286     11.06413
    240.00000     70.00000     31.50709    -69.35733     11.86436
    245.00000     70.00000     33.85553    -67.29529     12.03637
    250.00000     70.00000     36.15387    -64.74388     11.44641
    255.00000     70.00000     38.36966    -61.95840     10.05842
    260.00000     70.00000     40.39206    -59.23688      7.95703
    265.00000     70.00000     42.02979    -56.87428      5.35343
    270.00000     70.00000     43.02406    -55.11318      2.56968
    275.00000     70.00000     43.07662    -54.09997      0.00119
    280.00000     70.00000     41.89115    -53.85541     -1.93868
    285.00000     70.00000     39.22347    -54.26636     -2.88305
    290.00000     70.00000     34.93400    -55.10199     -2.57356
    295.00000     70.00000     29.03352    -56.05263     -0.90796
    300.00000     70.00000     21.71197    -56.78452      2.03687
    305.00000     70.00000     13.34124    -57.00037      6.01163
    310.00000     70.00000      4.44576    -56.49389     10.63072
    315.00000     70.00000     -4.35920    -55.18789     15.43139
    320.00000     70.00000    -12.45411    -53.14862     19.94547
    325.00000     70.00000    -19.31191    -50.57362     23.77069
    330.00000     70.00000    -24.58543    -47.75550     26.62909
    335.00000     70.00000    -28.16517    -45.02793     28.40254
    340.00000     70.00000    -30.19215    -42.70344     29.13926
    345.00000     70.00000    -31.01936    -41.01384     29.03012
    350.00000     70.00000    -31.12747    -40.06375     28.35882
    355.00000     70.00000    -31.01149    -39.80608     27.43408
    360.00000     70.00000    -31.06299    -40.04498     26.51614
      0.00000     75.00000    -28.48239    -30.59961     27.43972
      5.00000     75.00000    -28.67051    -28.11255     26.62051
     10.00000     75.00000    -28.38812    -25.51119     25.28789
     15.00000     75.00000    -27.56608    -22.72654     23.34991
     20.00000     75.00000    -26.08947    -19.73673     20.66887
     25.00000     75.00000    -23.82572    -16.59312     17.08747
     30.00000     75.00000    -20.66048    -13.43384     12.46530
     35.00000     75.00000    -16.53387    -10.48105      6.71888
     40.00000     75.00000    -11.46979     -8.02093     -0.14242
     45.00000     75.00000     -5.59248     -6.36869     -7.99234
     50.00000     75.00000      0.87333     -5.82456    -16.58111
     55.00000     75.00000      7.61873     -6.62824    -25.54875
     60.00000     75.00000     14.28062     -8.92039    -34.45709
     65.00000     75.00000     20.48002    -12.71836    -42.83541
     70.00000     75.00000     25.86208    -17.91045    -50.23193
     75.00000     75.00000     30.13133    -24.26964    -56.26256
     80.00000     75.00000     33.07722    -31.48336    -60.64873
     85.00000     75.00000     34.58733    -39.19308    -63.23884
     90.00000     75.00000     34.64833    -47.03576    -64.01136
     95.00000     75.00000     33.33691    -54.67982    -63.06126
    100.00000     75.00000     30.80434    -61.84990    -60.57458
    105.00000     75.00000     27.25827    -68.33821    -56.79728
    110.00000     75.00000     22.94476    -74.00345    -52.00486
    115.00000     75.00000     18.13217    -78.76097    -46.47725
    120.00000     75.00000     13.09699    -82.56910    -40.48150
    125.00000     75.00000      8.11102    -85.41639    -34.26207
    130.00000     75.00000      3.42906    -87.31320    -28.03686
    135.00000     75.00000     -0.72344    -88.28855    -21.99607
    140.00000     75.00000     -4.16215    -88.39145    -16.30148
    145.00000     75.00000     -6.75398    -87.69425    -11.08456
    150.00000     75.00000     -8.42385    -86.29521     -6.44340
    155.00000     75.00000     -9.15658    -84.31785     -2.43916
    160.00000     75.00000     -8.99315    -81.90618      0.90610
    165.00000     75.00000     -8.02147    -79.21573      3.60923
    170.00000     75.00000     -6.36314    -76.40187      5.72226
    175.00000     75.00000     -4.15821    -73.60732      7.32551
    180.00000     75.00000     -1.55026    -70.95066      8.51817
    185.00000     75.00000      1.32604    -68.51747      9.40757
    190.00000     75.00000      4.35361    -66.35494     10.09840
    195.00000     75.00000      7.43769    -64.47043     10.68275
    200.00000     75.00000     10.50678    -62.83369     11.23173
    205.00000     75.00000     13.51121    -61.38289     11.78890
    210.00000     75.00000     16.42014    -60.03371     12.36595
    215.00000     75.00000     19.21792    -58.69125     12.94096
    220.00000     75.00000     21.90024    -57.26386     13.45994
    225.00000     75.00000     24.46984    -55.67760     13.84205
    230.00000     75.00000     26.93144    -53.88994     13.98910
    235.00000     75.00000     29.28579    -51.90042     13.79906
    240.00000     75.00000     31.52278    -49.75658     13.18265
    245.00000     75.00000     33.61439    -47.55320     12.08136
    250.00000     75.00000     35.50861    -45.42410     10.48431
    255.00000     75.00000     37.12580    -43.52664      8.44083
    260.00000     75.00000     38.35879    -42.02036      6.06610
    265.00000     75.00000     39.07801    -41.04259      3.53760
    270.00000     75.00000     39.14183    -40.68479      1.08131
    275.00000     75.00000     38.41167    -40.97355     -1.05117
    280.00000     75.00000     36.77065    -41.86004     -2.61228
    285.00000     75.00000     34.14325    -43.22036     -3.39056
    290.00000     75.00000     30.51333    -44.86754     -3.24022
    295.00000     75.00000     25.93700    -46.57384     -2.10321
    300.00000     75.00000     20.54764    -48.10010     -0.01976
    305.00000     75.00000     14.55073    -49.22742      2.87470
    310.00000     75.00000      8.20807    -49.78596      6.36613
    315.00000     75.00000      1.81244    -49.67587     10.18933
    320.00000     75.00000     -4.34379    -48.87698     14.06204
    325.00000     75.00000    -10.00138    -47.44552     17.71973
    330.00000     75.00000    -14.96246    -45.49861     20.94560
    335.00000     75.00000    -19.10885    -43.18943     23.59067
    340.00000     75.00000    -22.40671    -40.67759     25.58090
    345.00000     75.00000    -24.89624    -38.10009     26.91031
    350.00000     75.00000    -26.66820    -35.54841     27.62187
    355.00000     75.00000    -27.83207    -33.05610     27.77992
    360.00000     75.00000    -28.48239    -30.59961     27.43972
      0.00000     80.00000     -9.29240    -13.85165     23.11019
      5.00000     80.00000     -9.47359    -10.34363     21.88727
     10.00000     80.00000     -9.17686     -6.83318     19.96568
     15.00000     80.00000     -8.40132     -3.40176     17.31513
     20.00000     80.00000     -7.14880     -0.14595     13.91377
     25.00000     80.00000     -5.42777      2.81969      9.75537
     30.00000     80.00000     -3.25811      5.36318      4.85825
     35.00000     80.00000     -0.67600      7.33990     -0.72581
     40.00000     80.00000      2.26245      8.60153     -6.90444
     45.00000     80.00000      5.47958      9.00824    -13.54123
     50.00000     80.00000      8.87720      8.44270    -20.45712
     55.00000     80.00000     12.34058      6.82382    -27.43721
     60.00000     80.00000     15.74476      4.11817    -34.24254
     65.00000     80.00000     18.96274      0.34725    -40.62573
     70.00000     80.00000     21.87432     -4.41052    -46.34841
     75.00000     80.00000     24.37470    -10.02347    -51.19850
     80.00000     80.00000     26.38171    -16.31552    -55.00495
     85.00000     80.00000     27.84102    -23.07886    -57.64859
     90.00000     80.00000     28.72892    -30.08879    -59.06778
     95.00000     80.00000     29.05268    -37.11877    -59.25885
    100.00000     80.00000     28.84851    -43.95413    -58.27184
    105.00000     80.00000     28.17786    -50.40303    -56.20255
    110.00000     80.00000     27.12225    -56.30421    -53.18237
    115.00000     80.00000     25.77735    -61.53137    -49.36713
    120.00000     80.00000     24.24675    -65.99457    -44.92626
    125.00000     80.00000     22.63568    -69.63937    -40.03300
    130.00000     80.00000     21.04521    -72.44432    -34.85605
    135.00000     80.00000     19.56701    -74.41753    -29.55298
    140.00000     80.00000     18.27910    -75.59260    -24.26506
    145.00000     80.00000     17.24276    -76.02431    -19.11365
    150.00000     80.00000     16.50064    -75.78393    -14.19791
    155.00000     80.00000     16.07645    -74.95444     -9.59369
    160.00000     80.00000     15.97580    -73.62554     -5.35368
    165.00000     80.00000     16.18841    -71.88868     -1.50877
    170.00000     80.00000     16.69109    -69.83238      1.92951
    175.00000     80.00000     17.45131    -67.53798      4.96561
    180.00000     80.00000     18.43083    -65.07639      7.61577
    185.00000     80.00000     19.58906    -62.50579      9.90353
    190.00000     80.00000     20.88590    -59.87081     11.85515
    195.00000     80.00000     22.28375    -57.20293     13.49543
    200.00000     80.00000     23.74868    -54.52235     14.84416
    205.00000     80.00000     25.25083    -51.84099     15.91372
    210.00000     80.00000     26.76404    -49.16639     16.70787
    215.00000     80.00000     28.26495    -46.50607     17.22215
    220.00000     80.00000     29.73163    -43.87203     17.44573
    225.00000     80.00000     31.14204    -41.28456     17.36487
    230.00000     80.00000     32.47229    -38.77504     16.96750
    235.00000     80.00000     33.69515    -36.38698     16.24883
    240.00000     80.00000     34.77873    -34.17506     15.21698
    245.00000     80.00000     35.68575    -32.20190     13.89816
    250.00000     80.00000     36.37358    -30.53263     12.34040
    255.00000     80.00000     36.79522    -29.22784     10.61511
    260.00000     80.00000     36.90127    -28.33556      8.81583
    265.00000     80.00000     36.64306    -27.88331      7.05382
    270.00000     80.00000     35.97658    -27.87146      5.45077
    275.00000     80.00000     34.86715    -28.26890      4.12911
    280.00000     80.00000     33.29403    -29.01192      3.20088
    285.00000     80.00000     31.25475    -30.00683      2.75667
    290.00000     80.00000     28.76829    -31.13613      2.85590
    295.00000     80.00000     25.87663    -32.26775      3.51981
    300.00000     80.00000     22.64431    -33.26615      4.72827
    305.00000     80.00000     19.15576    -34.00404      6.42076
    310.00000     80.00000     15.51051    -34.37299      8.50155
    315.00000     80.00000     11.81685    -34.29170     10.84821
    320.00000     80.00000      8.18458    -33.71082     13.32234
    325.00000     80.00000      4.71778    -32.61396     15.78094
    330.00000     80.00000      1.50866    -31.01496     18.08678
    335.00000     80.00000     -1.36690    -28.95225     20.11649
    340.00000     80.00000     -3.85137    -26.48147     21.76542
    345.00000     80.00000     -5.90514    -23.66792     22.94900
    350.00000     80.00000     -7.50395    -20.58014     23.60087
    355.00000     80.00000     -8.63499    -17.28600     23.66886
    360.00000     80.00000     -9.29240    -13.85165     23.11019
      0.00000     85.00000     15.04032      7.95345     14.67751
      5.00000     85.00000     14.90725     10.42620     12.69609
     10.00000     85.00000     14.96060     12.76449     10.27227
     15.00000     85.00000     15.19697     14.89356      7.41183
     20.00000     85.00000     15.60908     16.73776      4.13426
     25.00000     85.00000     16.18580     18.22278      0.47329
     30.00000     85.00000     16.91227     19.27815     -3.52291
     35.00000     85.00000     17.77013     19.84002     -7.79198
     40.00000     85.00000     18.73785     19.85406    -12.25834
     45.00000     85.00000     19.79128     19.27826    -16.83475
     50.00000     85.00000     20.90426     18.08558    -21.42466
     55.00000     85.00000     22.04947     16.26611    -25.92525
     60.00000     85.00000     23.19937     13.82853    -30.23109
     65.00000     85.00000     24.32722     10.80082    -34.23811
     70.00000     85.00000     25.40810      7.22986    -37.84780
     75.00000     85.00000     26.41990      3.18020    -40.97126
     80.00000     85.00000     27.34420     -1.26827    -43.53285
     85.00000     85.00000     28.16693     -6.02332    -45.47313
     90.00000     85.00000     28.87885    -10.98403    -46.75108
     95.00000     85.00000     29.47574    -16.04484    -47.34523
    100.00000     85.00000     29.95833    -21.09959    -47.25386
    105.00000     85.00000     30.33199    -26.04546    -46.49423
    110.00000     85.00000     30.60620    -30.78649    -45.10099
    115.00000     85.00000     30.79379    -35.23654    -43.12386
    120.00000     85.00000     30.91013    -39.32154    -40.62487
    125.00000     85.00000     30.97219    -42.98107    -37.67531
    130.00000     85.00000     30.99757    -46.16917    -34.35259
    135.00000     85.00000     31.00367    -48.85444    -30.73719
    140.00000     85.00000     31.00681    -51.01956    -26.90982
    145.00000     85.00000     31.02161    -52.66032    -22.94902
    150.00000     85.00000     31.06045    -53.78425    -18.92910
    155.00000     85.00000     31.13308    -54.40895    -14.91853
    160.00000     85.00000     31.24646    -54.56040    -10.97891
    165.00000     85.00000     31.40470    -54.27113     -7.16430
    170.00000     85.00000     31.60919    -53.57849     -3.52098
    175.00000     85.00000     31.85872    -52.52314     -0.08758
    180.00000     85.00000     32.14984    -51.14773      3.10458
    185.00000     85.00000     32.47710    -49.49580      6.03089
    190.00000     85.00000     32.83338    -47.61100      8.67292
    195.00000     85.00000     33.21024    -45.53658     11.01771
    200.00000     85.00000     33.59811    -43.31507     13.05729
    205.00000     85.00000     33.98657    -40.98811     14.78833
    210.00000     85.00000     34.36451    -38.59640     16.21185
    215.00000     85.00000     34.72028    -36.17965     17.33329
    220.00000     85.00000     35.04184    -33.77643     18.16257
    225.00000     85.00000     35.31682    -31.42384     18.71440
    230.00000     85.00000     35.53270    -29.15703     19.00854
    235.00000     85.00000     35.67698    -27.00840     19.06997
    240.00000     85.00000     35.73736    -25.00667     18.92896
    245.00000     85.00000     35.70207    -23.17565     18.62083
    250.00000     85.00000     35.56019    -21.53303     18.18528
    255.00000     85.00000     35.30209    -20.08908     17.66543
    260.00000     85.00000     34.91993    -18.84561     17.10627
    265.00000     85.00000     34.40812    -17.79521     16.55291
    270.00000     85.00000     33.76385    -16.92086     16.04831
    275.00000     85.00000     32.98756    -16.19622     15.63108
    280.00000     85.00000     32.08332    -15.58644     15.33306
    285.00000     85.00000     31.05903    -15.04958     15.17729
    290.00000     85.00000     29.92660    -14.53865     15.17626
    295.00000     85.00000     28.70175    -14.00399     15.33071
    300.00000     85.00000     27.40378    -13.39604     15.62913
    305.00000     85.00000     26.05505    -12.66803     16.04795
    310.00000     85.00000     24.68033    -11.77871     16.55241
    315.00000     85.00000     23.30600    -10.69465     17.09810
    320.00000     85.00000     21.95921     -9.39218     17.63301
    325.00000     85.00000     20.66693     -7.85867     18.09982
    330.00000     85.00000     19.45521     -6.09337     18.43852
    335.00000     85.00000     18.34827     -4.10758     18.58886
    340.00000     85.00000     17.36798     -1.92439     18.49282
    345.00000     85.00000     16.53325      0.42200     18.09679
    350.00000     85.00000     15.85967      2.88726     17.35348
    355.00000     85.00000     15.35927      5.41807     16.22364
    360.00000     85.00000     15.04032      7.95345     14.67751
      0.00000     90.00000     31.41847     30.99287      4.93410
      5.00000     90.00000     31.41847     31.30488      2.21411
     10.00000     90.00000     31.41846     31.37865     -0.52273
     15.00000     90.00000     31.41846     31.21360     -3.25560
     20.00000     90.00000     31.41846     30.81100     -5.96370
     25.00000     90.00000     31.41847     30.17391     -8.62641
     30.00000     90.00000     31.41847     29.30716    -11.22347
     35.00000     90.00000     31.41847     28.21737    -13.73512
     40.00000     90.00000     31.41847     26.91283    -16.14224
     45.00000     90.00000     31.41848     25.40345    -18.42651
     50.00000     90.00000     31.41848     23.70074    -20.57054
     55.00000     90.00000     31.41849     21.81765    -22.55802
     60.00000     90.00000     31.41849     19.76850    -24.37382
     65.00000     90.00000     31.41850     17.56890    -26.00412
     70.00000     90.00000     31.41851     15.23558    -27.43652
     75.00000     90.00000     31.41852     12.78631    -28.66010
     80.00000     90.00000     31.41852     10.23972    -29.66556
     85.00000     90.00000     31.41853      7.61520    -30.44524
     90.00000     90.00000     31.41854      4.93272    -30.99321
     95.00000     90.00000     31.41855      2.21269    -31.30531
    100.00000     90.00000     31.41856     -0.52418    -31.37915
    105.00000     90.00000     31.41857     -3.25706    -31.21417
    110.00000     90.00000     31.41858     -5.96515    -30.81163
    115.00000     90.00000     31.41859     -8.62784    -30.17459
    120.00000     90.00000     31.41860    -11.22488    -29.30790
    125.00000     90.00000     31.41861    -13.73648    -28.21816
    130.00000     90.00000     31.41862    -16.14354    -26.91366
    135.00000     90.00000     31.41863    -18.42773    -25.40433
    140.00000     90.00000     31.41863    -20.57168    -23.70166
    145.00000     90.00000     31.41864    -22.55906    -21.81860
    150.00000     90.00000     31.41865    -24.37475    -19.76949
    155.00000     90.00000     31.41865    -26.00494    -17.56992
    160.00000     90.00000     31.41866    -27.43720    -15.23664
    165.00000     90.00000     31.41867    -28.66066    -12.78740
    170.00000     90.00000     31.41867    -29.66599    -10.24084
    175.00000     90.00000     31.41867    -30.44554     -7.61634
    180.00000     90.00000     31.41868    -30.99338     -4.93389
    185.00000     90.00000     31.41868    -31.30534     -2.21388
    190.00000     90.00000     31.41868    -31.37905      0.52296
    195.00000     90.00000     31.41868    -31.21396      3.25583
    200.00000     90.00000     31.41868    -30.81130      5.96391
    205.00000     90.00000     31.41868    -30.17416      8.62660
    210.00000     90.00000     31.41868    -29.30737     11.22363
    215.00000     90.00000     31.41868    -28.21755     13.73524
    220.00000     90.00000     31.41867    -26.91297     16.14231
    225.00000     90.00000     31.41867    -25.40358     18.42653
    230.00000     90.00000     31.41866    -23.70085     20.57051
    235.00000     90.00000     31.41866    -21.81775     22.55794
    240.00000     90.00000     31.41865    -19.76861     24.37369
    245.00000     90.00000     31.41864    -17.56902     26.00394
    250.00000     90.00000     31.41864    -15.23573     27.43628
    255.00000     90.00000     31.41863    -12.78649     28.65982
    260.00000     90.00000     31.41862    -10.23994     29.66524
    265.00000     90.00000     31.41861     -7.61546     30.44489
    270.00000     90.00000     31.41860     -4.93303     30.99285
    275.00000     90.00000     31.41859     -2.21306     31.30493
    280.00000     90.00000     31.41858      0.52376     31.37876
    285.00000     90.00000     31.41857      3.25659     31.21379
    290.00000     90.00000     31.41857      5.96463     30.81127
    295.00000     90.00000     31.41856      8.62727     30.17425
    300.00000     90.00000     31.41855     11.22426     29.30760
    305.00000     90.00000     31.41854     13.73583     28.21789
    310.00000     90.00000     31.41853     16.14286     26.91344
    315.00000     90.00000     31.41852     18.42703     25.40416
    320.00000     90.00000     31.41851     20.57096     23.70153
    325.00000     90.00000     31.41850     22.55834     21.81853
    330.00000     90.00000     31.41850     24.37404     19.76947
    335.00000     90.00000     31.41849     26.00424     17.56996
    340.00000     90.00000     31.41848     27.43653     15.23672
    345.00000     90.00000     31.41848     28.66002     12.78752
    350.00000     90.00000     31.41848     29.66538     10.24100
    355.00000     90.00000     31.41847     30.44498      7.61654
    360.00000     90.00000     31.41847     30.99287      4.93410
