  b0123    16.20    0.15     3.39  0.051   1.02   0   7   7  1.73616  1.40441  34.48776  55203.1812
K05UF6H    17.60    0.15     1.50  0.071  -1.20   0   8   0  1.80359  1.48115  33.02544  55203.1849
  22601    13.30    0.15     5.57  0.272   1.27   0   8   8  2.17980  1.91344  26.80390  55203.1856
  B8148    16.40    0.15     1.38  0.256  -1.20   0   7   0  1.68032  1.32978  35.79850  55203.1858
K10A82U    18.30    0.15     1.02  0.081  -1.20   0   8   0  1.65105  1.29648  36.53845  55203.1896
  F4661    15.40    0.15     1.92  0.332   0.87   0   9   4  1.78895  1.43172  33.26306  55203.8100
K10A83U    15.80    0.15     2.81  0.107  -1.20   0   4   0  2.38756  2.10354  24.24736  55203.8124
  V6720    14.60    0.15     6.62  0.058  -1.20   0   4   0  3.53464  3.32258  16.10523  55203.8131
  L9778    15.90    0.15     2.06  0.182   1.30   0  14  13  1.65315  1.29986  36.48663  55203.8555
K10A85Y    17.10    0.15     1.80  0.079  -1.20   0   5   0  2.16219  1.89386  27.03981  55204.0433
  56116    13.60    0.15     4.11  0.380   1.03   0  12  11  2.06823  1.74937  28.30412  55204.0805
K10A86T    16.20    0.15     2.86  0.072  -1.20   0   5   0  2.71884  2.49952  21.19183  55204.1109
  R7162    16.20    0.15     1.92  0.159   1.13   0  11   5  1.81432  1.49390  32.80672  55204.2518
K10A87F    15.50    0.15     2.82  0.140  -1.20   0   4   0  2.56975  2.30124  22.42935  55204.2784
K10A84R    18.30    0.15     1.09  0.071  -1.20   0   5   0  1.65433  1.29874  36.45297  55204.3769
K10A89U    17.50    0.15     1.47  0.081  -1.20   0   5   0  1.99157  1.69652  29.57073  55204.3783
K10A91N    15.80    0.15     3.59  0.066   1.48   0   8   5  2.34791  2.09273  24.74250  55204.5128
K10A92V    18.50    0.15     1.44  0.034  -1.20   0   7   0  1.98917  1.68728  29.60164  55204.6442
  31318    15.40    0.15     2.04  0.293   1.02   0   7   6  1.69514  1.33946  35.42592  55205.0392
  L5122    16.10    0.15     1.57  0.258  -1.20   0   3   0  1.97072  1.66691  29.90882  55205.0416
K07F03M    16.90    0.15     2.30  0.058   0.96   0   5   5  1.72391  1.37364  34.74525  55205.1723
  L9330    15.80    0.15     3.23  0.081  -1.20   0   6   0  2.54431  2.30363  22.71843  55206.2274
K10A98T    17.90    0.15     1.42  0.061  -1.20   0   4   0  1.82645  1.49218  32.54172  55208.2793
  D7444    14.40    0.15     3.68  0.226   1.37   0   7   6  1.69513  1.33352  35.42147  55208.2848
K09R01R    18.40    0.15     0.56  0.247  -1.20   0  18   0  1.32164  0.84255  48.03923  55208.2893
  C7521    14.90    0.15     2.81  0.246   1.55   0   8   5  1.86320  1.53167  31.81581  55208.3489
  a6455    16.70    0.15     1.60  0.143  -1.20   0  11   0  1.79417  1.44452  33.18442  55208.3490
  05251    13.80    0.15     5.41  0.182   1.45   0   4   3  2.93111  2.71044  19.57573  55208.4519
K10AA5P    16.50    0.15     2.53  0.069  -1.20   0   3   0  2.55076  2.30095  22.64269  55208.5779
  46773    15.10    0.15     3.02  0.177  -1.20   0   3   0  2.64653  2.40189  21.78302  55208.6121
  24806    14.90    0.15     6.53  0.045   1.06   0  15  15  2.01928  1.70770  29.10027  55208.6150
  L7716    17.20    0.15     1.95  0.061  -1.20   0  12   0  1.93691  1.61257  30.46520  55208.7453
  L8609    15.90    0.15     2.13  0.169   1.40   0  17  12  1.65655  1.27698  36.35753  55208.8755
  10984    14.60    0.15     3.29  0.235  -1.20   0   9   0  2.39427  2.12751  24.21679  55208.8772
  C0450    15.90    0.15     2.00  0.192  -1.20   0   7   0  2.22469  1.94613  26.20057  55209.1107
  05230    13.20    0.15     5.43  0.314   1.07   0  13  14  1.57264  1.17487  38.64974  55209.1384
K10AB1T    15.40    0.15     3.88  0.081  -1.20   0   9   0  2.92452  2.69766  19.62111  55209.1401
  a6949    17.10    0.15     0.99  0.258  -1.20   0  14   0  1.63382  1.25487  36.96210  55209.2135
  90943    15.70    0.15     3.74  0.066  -1.20   0  11   0  2.53849  2.29276  22.76561  55209.2430
K10AB4A    18.30    0.15     1.20  0.059  -1.20   0  10   0  1.83689  1.49497  32.31691  55209.2760
K10AB1H    16.50    0.15     2.76  0.058  -1.20   0   5   0  2.66735  2.42935  21.61164  55209.4015
K09SO3M    18.90    0.15     1.32  0.028  -1.20   0   6   0  1.94153  1.61640  30.38331  55209.4077
  Y7538    17.10    0.15     1.01  0.251  -1.20   0  20   0  1.57991  1.19471  38.45927  55209.5017
K10AB5D    16.20    0.15     2.99  0.065  -1.20   0   9   0  2.72277  2.49254  21.14912  55209.5046
  05682    13.70    0.15     7.33  0.109   2.12   0   8   4  2.96583  2.75189  19.34357  55209.5073
  58023    15.00    0.15     6.03  0.049   1.10   0  13  15  1.89450  1.56019  31.21829  55209.6699
K10AB8S    16.20    0.15     3.17  0.058  -1.20   0   9   0  2.74793  2.50700  20.93652  55209.8069
  a8254    15.50    0.15     2.09  0.256  -1.20   0   6   0  2.11964  1.81968  27.59927  55209.8073
  15778    14.70    0.15     3.56  0.184  -1.20   0   5   0  2.84423  2.62382  20.20715  55209.8414
K10AC0W    17.90    0.15     1.86  0.035   1.72   0  11   5  1.66603  1.28966  36.12102  55210.0644
  F1517    15.10    0.15     2.59  0.240   1.34   0  22  21  1.59722  1.20172  37.94206  55210.3384
  03267    12.80    0.15     7.58  0.233   1.09   0  15  14  2.50528  2.26467  23.09611  55210.4283
  d4938    16.70    0.15     3.19  0.036  -1.20   0   3   0  2.81759  2.59641  20.40894  55210.5033
  01316    13.10    0.15     6.86  0.216   0.80   0   7   6  3.02266  2.81889  18.97346  55210.5691
  i1875    16.20    0.15     1.62  0.224  -1.20   0  10   0  2.02596  1.73083  29.01650  55210.8315
K10AC7G    19.30    0.15     1.00  0.034  -1.20   0  10   0  1.65823  1.29928  36.35427  55210.8357
  04558    12.60    0.15     7.88  0.259   0.94   0   9   9  2.96186  2.75403  19.37836  55210.9663
  e8795    17.50    0.15     2.17  0.038   1.40   0  13  10  1.76325  1.42667  33.87920  55210.9667
  M3178    15.70    0.15     1.89  0.259  -1.20   0  11   0  1.94706  1.61976  30.28249  55210.9923
K10AD0J    16.10    0.15     2.22  0.130  -1.20   0  10   0  2.18956  1.89269  26.63730  55210.9929
K10AD0L    15.50    0.15     2.62  0.163  -1.20   0   9   0  2.55262  2.28976  22.61398  55210.9938
K10AD0M    18.30    0.15     1.06  0.076  -1.20   0   9   0  1.67947  1.29859  35.76972  55210.9942
  05510    13.50    0.15     5.43  0.239   1.17   0  11   8  2.68508  2.45899  21.47015  55211.3581
K10AD3E    16.90    0.15     3.53  0.025  -1.20   0   6   0  2.93849  2.70413  19.51554  55211.3907
K10AD3M    16.90    0.15     2.23  0.061   2.31   0  11   5  1.66656  1.28082  36.08517  55211.3932
K10AD3T    17.80    0.15     1.90  0.037  -1.20   0   6   0  2.34760  2.07153  24.72509  55211.3962
  c2388    17.40    0.15     1.95  0.051  -1.20   0   8   0  2.15572  1.87970  27.12545  55211.4936
  52310    14.90    0.15     2.71  0.263   1.03   0  14  14  2.00664  1.68335  29.28575  55211.5234
K10AD4D    15.50    0.15     2.80  0.142  -1.20   0   3   0  2.54221  2.30221  22.74008  55211.5589
K10AD5S    17.80    0.15     1.99  0.034  -1.20   0   3   0  2.35571  2.10466  24.66189  55211.6217
K10AD7Q    18.80    0.15     1.24  0.035  -1.20   0   8   0  1.85082  1.50164  32.02615  55211.7878
K10AD7T    17.10    0.15     1.65  0.094  -1.20   0   3   0  2.16719  1.86165  26.92300  55211.7883
  41223    13.60    0.15    11.61  0.048   1.04   0  11  11  3.61672  3.44166  15.76848  55212.0200
  W8563    17.00    0.15     2.43  0.047  -1.20   0   8   0  2.28575  1.99221  25.42240  55212.3189
  41464    16.10    0.15     1.66  0.234  -1.20   0   9   0  1.99374  1.69856  29.54199  55212.5486
  Y7542    17.10    0.15     0.88  0.333  -1.20   0   5   0  1.65999  1.27282  36.25508  55212.5865
K10B14C    19.30    0.15     0.90  0.042  -1.20   0   4   0  1.71155  1.33085  34.98321  55212.8489
  56950    14.50    0.15     3.59  0.217   1.30   0   9   7  2.36396  2.11408  24.57257  55212.9454
K10G67L    17.30    0.15     0.93  0.248  -1.20   0   5   0  1.70233  1.35813  35.28137  55212.9518
K10B16W    18.80    0.15     1.29  0.032  -1.20   0  14   0  1.84915  1.49518  32.04935  55212.9822
K10B16Z    16.80    0.15     2.06  0.079  -1.20   0   4   0  2.36968  2.08609  24.46471  55212.9832
K10B17B    17.30    0.15     2.06  0.050   2.00   0  13   6  1.68322  1.29863  35.66965  55212.9841
  O1673    15.60    0.15     5.51  0.034   1.96   0  10   6  2.58987  2.36436  22.31138  55213.0763
  55401    13.80    0.15     4.86  0.226   1.19   0   9   5  2.87529  2.63470  19.96165  55213.1160
  05246    14.30    0.15     3.18  0.333   1.04   0  12  11  2.13277  1.81947  27.38969  55213.2440
K10B19F    18.10    0.15     1.94  0.027  -1.20   0   7   0  2.19272  1.88941  26.58647  55213.2468
  M1963    18.00    0.15     1.75  0.036  -1.20   0   9   0  2.10774  1.78980  27.73933  55213.3761
  B9866    15.60    0.15     1.96  0.264  -1.20   0   8   0  2.04388  1.71923  28.68909  55213.5093
  17493    14.50    0.15     2.82  0.353   0.81   0  16  16  1.56414  1.15017  38.87126  55213.5145
  02204    12.10    0.15    24.83  0.041   0.93   0  11  11  2.28919  2.03570  25.43793  55213.7398
K10B22F    17.80    0.15     2.06  0.032  -1.20   0   4   0  2.37231  2.09061  24.44060  55213.7702
K10B27G    16.50    0.15     2.79  0.057  -1.20   0   8   0  2.56067  2.29244  22.53341  55214.0366
K10B28N    18.80    0.15     1.08  0.046  -1.20   0   5   0  1.82259  1.50441  32.65247  55214.1391
  a6451    16.70    0.15     3.11  0.038   1.32   0  25  25  1.50660  1.07368  40.65781  55214.2980
  M4004    16.60    0.15     3.84  0.027   1.60   0  10   7  2.29590  2.00006  25.29901  55214.3023
K10B31X    18.20    0.15     1.18  0.067  -1.20   0  12   0  1.82341  1.46053  32.55099  55214.4382
  B4553    15.00    0.15     2.81  0.223   1.09   0  14  14  1.68865  1.30246  35.53292  55214.5639
  52384    15.20    0.15     1.51  0.640  -1.20   0   9   0  1.76966  1.39500  33.66216  55214.5682
K10B33T    16.50    0.15     2.78  0.057  -1.20   0  10   0  2.56453  2.29129  22.48834  55214.5688
K10B33V    18.30    0.15     0.89  0.107  -1.20   0   5   0  1.68908  1.29307  35.48711  55214.5696
  07723    13.90    0.15     4.34  0.258  -1.20   0   7   0  2.96639  2.77167  19.36164  55214.6665
  06564    16.10    0.15     1.48  0.292  -1.20   0  34   0  1.58234  1.20828  38.43010  55214.6883
K10B35Z    16.80    0.15     2.28  0.065  -1.20   0   6   0  2.38410  2.09604  24.29836  55214.8301
  d0695    16.50    0.15     1.44  0.214  -1.20   0  11   0  1.80865  1.44503  32.85458  55214.9619
  M0021    16.30    0.15     1.51  0.232  -1.20   0   5   0  1.98773  1.65077  29.57131  55214.9640
K10B38G    16.50    0.15     2.68  0.062  -1.20   0  11   0  2.56634  2.29350  22.47287  55214.9672
K10B34S    17.40    0.15     1.43  0.095  -1.20   0   5   0  1.99624  1.70728  29.51315  55215.0001
  d2214    17.20    0.15     1.01  0.227  -1.20   0   5   0  1.75354  1.38113  34.03235  55215.2259
K10B39Y    18.30    0.15     0.95  0.094  -1.20   0  14   0  1.68047  1.28639  35.71459  55215.2267
K10B41B    16.50    0.15     2.58  0.067  -1.20   0   6   0  2.56046  2.28708  22.52767  55215.3587
K10B41H    17.30    0.15     1.35  0.116  -1.20   0  13   0  1.69066  1.29619  35.45763  55215.3607
  B1661    16.20    0.15     1.39  0.305  -1.20   0  10   0  1.86206  1.55663  31.88597  55215.4658
K10B42W    16.50    0.15     2.61  0.065  -1.20   0   6   0  2.58247  2.30822  22.32038  55215.4924
K10B43N    16.20    0.15     3.09  0.061  -1.20   0   7   0  2.69930  2.48715  21.36806  55215.5304
  c8508    17.50    0.15     0.93  0.206  -1.20   0   5   0  1.71660  1.33060  34.85168  55215.6315
  73673    14.60    0.15     3.27  0.239  -1.20   0   2   0  2.81047  2.60487  20.48270  55215.7275
  12390    14.90    0.15     2.88  0.234   1.19   0  11  11  1.81546  1.44428  32.69063  55215.7592
  97034    14.60    0.15     3.28  0.238   1.41   0  11  11  1.89175  1.54590  31.25455  55215.7649
  01310    11.45    0.15    13.76  0.245   0.97   0   9   9  2.17030  1.91079  26.95140  55215.8590
  13091    15.40    0.15     2.10  0.278  -1.20   0   6   0  2.32757  2.02857  24.91967  55215.8915
  N6024    16.70    0.15     1.18  0.264  -1.20   0  10   0  1.84091  1.53511  32.30228  55216.1214
  E3259    15.50    0.15     2.37  0.199   1.45   0  20  13  1.81302  1.44966  32.76889  55216.1542
K10B48X    16.80    0.15     2.08  0.078  -1.20   0   3   0  2.36113  2.06273  24.53436  55216.1570
  R6785    18.30    0.15     1.15  0.064  -1.20   0  13   0  1.69833  1.30105  35.26012  55216.2879
K10B49S    16.80    0.15     2.54  0.052  -1.20   0   9   0  2.39544  2.10175  24.16464  55216.4218
  c1823    17.00    0.15     1.37  0.150  -1.20   0   2   0  1.97554  1.62998  29.75597  55216.4219
  04142    13.00    0.15     6.02  0.307   1.00   0  16  15  1.70953  1.38109  35.13666  55216.5146
  a3012    16.70    0.15     1.44  0.178  -1.20   0   7   0  1.98676  1.64454  29.57823  55216.6839
  Q6691    16.10    0.15     3.34  0.058   1.09   0  21  19  1.88841  1.53699  31.30670  55216.8182
  35709    13.70    0.15     8.22  0.087   0.95   0  11  11  2.65302  2.44464  21.76613  55216.9170
  M3483    17.00    0.15     2.37  0.050   1.14   0  19  16  1.89449  1.54325  31.19189  55216.9501
  52453    15.00    0.15     5.21  0.065   1.07   0  12  12  2.06257  1.72685  28.37798  55216.9516
K10B56V    16.50    0.15     2.78  0.057  -1.20   0  10   0  2.56820  2.29101  22.45036  55216.9539
  01170    12.43    0.15    10.87  0.159   0.85   0  10  10  2.59859  2.38563  22.24714  55217.0503
  01009    13.90    0.15     6.47  0.116   1.26   0   7   5  3.04221  2.85917  18.86819  55217.0517
K10B57R    18.80    0.15     1.23  0.035  -1.20   0  11   0  1.82757  1.52549  32.57356  55217.0545
K10B59N    18.20    0.15     1.05  0.084  -1.20   0   9   0  1.69748  1.29576  35.26591  55217.2138
  M5454    15.90    0.15     1.69  0.271  -1.20   0   9   0  1.94197  1.58876  30.31806  55217.2153
K10B60D    17.10    0.15     1.76  0.082  -1.20   0   8   0  2.16586  1.91332  27.01844  55217.3122
  A5158    13.60    0.15     6.85  0.137   1.00   0  15  13  2.94975  2.70619  19.43239  55217.6151
K10B63T    18.80    0.15     1.21  0.037  -1.20   0  10   0  1.84678  1.54825  32.19598  55217.7088
K10B63N    16.20    0.15     3.12  0.060  -1.20   0   4   0  2.76371  2.49355  20.77078  55217.7470
K10B66Q    16.30    0.15     3.10  0.056  -1.20   0  11   0  2.74608  2.49920  20.95744  55218.1476
  b7463    16.50    0.15     1.27  0.276  -1.20   0  14   0  1.62117  1.27532  37.37588  55218.6349
K10B70O    16.20    0.15     3.19  0.058  -1.20   0   4   0  2.69658  2.50234  21.40431  55218.7685
  38063    14.40    0.15     4.17  0.176   1.21   0   8   6  2.42344  2.20381  23.95834  55218.9026
K10B72K    17.20    0.15     1.46  0.110  -1.20   0  19   0  1.82331  1.47152  32.60210  55219.0738
  07818    13.90    0.15     4.34  0.259   0.97   0   9   6  2.78642  2.59664  20.68322  55219.2972
  F9482    15.70    0.15     2.90  0.111  -1.20   0   8   0  2.62254  2.42412  22.04152  55219.5651
  a6451    16.70    0.15     3.05  0.040   1.34   0  16  16  1.51574  1.10398  40.44348  55220.1214
K10B76T    16.80    0.15     2.24  0.067  -1.20   0   3   0  2.36168  2.14298  24.63139  55220.4901
  N7881    16.00    0.15     3.14  0.071  -1.20   0  10   0  2.67532  2.48185  21.58700  55220.4903
  17628    14.80    0.15     2.78  0.274   1.27   0  15   9  1.82345  1.48219  33.14641  55220.6227
  N1707    15.50    0.15     2.05  0.265  -1.20   0  11   0  1.89746  1.61855  31.25234  55221.0164
K10B78S    15.30    0.15     3.70  0.098  -1.20   0   3   0  2.88393  2.70731  19.95769  55221.0213
  06170    13.40    0.15     5.68  0.239   1.37   0  13  13  1.88169  1.60054  31.54477  55221.1514
  U6715    14.50    0.15     5.66  0.087   1.25   0  11   9  2.71444  2.46766  21.22242  55221.3176
K10B79K    17.10    0.15     1.92  0.069  -1.20   0   5   0  2.17073  1.87454  26.91809  55221.3199
K10B81N    17.20    0.15     2.36  0.042   2.68   0  12   5  1.63534  1.30449  37.01349  55221.5526
  13920    14.60    0.15     2.81  0.324  -1.20   0   4   0  2.38123  2.16569  24.41856  55221.6821
  E5888    16.40    0.15     3.48  0.040   1.31   0  13  10  2.15127  1.84972  27.17797  55221.7142
K10B82Z    15.50    0.15     2.72  0.151  -1.20   0   4   0  2.47232  2.20748  23.42125  55221.7188
  27057    14.30    0.15     3.77  0.236   1.19   0  11   8  2.19354  1.96057  26.66793  55221.9466
K10B84J    15.50    0.15     2.89  0.133  -1.20   0   6   0  2.55173  2.29038  22.64737  55221.9786
  10502    15.00    0.15     3.34  0.159  -1.20   0  12   0  2.47867  2.27448  23.40267  55222.0769
K10B86T    16.20    0.15     2.98  0.066  -1.20   0   6   0  2.74160  2.49898  21.00803  55222.3726
K10B86Z    18.30    0.15     1.20  0.059  -1.20   0   9   0  1.68310  1.29871  35.70826  55222.3765
  j2666    16.40    0.15     1.58  0.194  -1.20   0  13   0  1.70220  1.39012  35.33929  55222.4807
K10B86W    16.80    0.15     1.54  0.142  -1.20   0   8   0  1.85660  1.50900  31.95073  55222.5068
K10B88P    15.80    0.15     4.31  0.045   2.73   0   5   2  2.37064  2.09584  24.49273  55222.5726
  A3161    16.50    0.15     1.83  0.133  -1.20   0   9   0  2.11218  1.80073  27.71652  55222.6401
K10B89S    17.90    0.15     1.21  0.083  -1.20   0   4   0  1.83864  1.48896  32.30568  55222.7771
  O6162    15.90    0.15     3.95  0.049  -1.20   0   6   0  3.01130  2.84756  19.08354  55222.8733
K10B92G    17.80    0.15     1.29  0.080  -1.20   0   6   0  1.85048  1.50017  32.06651  55222.9052
  40310    16.20    0.15     3.90  0.039   1.42   0  12   7  2.40349  2.12466  24.12604  55222.9054
  06261    14.20    0.15     4.01  0.229   1.48   0  12   9  2.12075  1.88248  27.66345  55223.0029
  88609    16.00    0.15     2.60  0.104  -1.20   0   7   0  2.29096  2.07431  25.45234  55223.0047
  c2486    16.00    0.15     1.53  0.301  -1.20   0  12   0  1.84247  1.56219  32.30310  55223.0088
K10B94M    16.80    0.15     2.29  0.064  -1.20   0   8   0  2.37144  2.08743  24.46915  55223.1689
K10B96H    15.50    0.15     2.87  0.135  -1.20   0   8   0  2.55282  2.28591  22.63199  55223.4342
K10B98E    15.50    0.15     4.40  0.058   1.40   0  12  11  2.55452  2.28946  22.61963  55223.5641
  b0212    17.30    0.15     0.95  0.235  -1.20   0   8   0  1.61282  1.22101  37.56215  55223.5741
  f1187    17.80    0.15     1.73  0.045  -1.20   0  11   0  2.06188  1.81782  28.52654  55223.7997
K10BA0H    15.20    0.15     3.04  0.159  -1.20   0   7   0  2.67691  2.49728  21.58169  55223.8012
K10B97D    16.20    0.15     2.99  0.065  -1.20   0   5   0  2.67507  2.49208  21.59750  55223.8631
K10BA2J    15.50    0.15     2.98  0.125  -1.20   0   9   0  2.46782  2.26830  23.51647  55223.9298
K10BA3W    18.20    0.15     0.95  0.102  -1.20   0  13   0  1.70540  1.32562  35.18183  55224.2250
  H9630    16.10    0.15     1.99  0.162  -1.20   0  14   0  2.02556  1.69873  29.01024  55224.3608
  C0966    16.20    0.15     2.36  0.105  -1.20   0  11   0  2.36691  2.15986  24.58539  55224.5936
K09T13J    18.60    0.15     0.57  0.196  -1.20   0   2   0  1.40779  0.93558  44.24912  55225.0246
  32039    14.60    0.15     3.04  0.276  -1.20   0  13   0  2.02050  1.72656  30.22412  55225.1236
K10BB0R    16.20    0.15     3.53  0.047  -1.20   0   7   0  2.67623  2.49958  21.59065  55225.1241
K10BB1O    17.10    0.15     1.87  0.073  -1.20   0   9   0  2.19027  1.89201  26.66453  55225.1605
  N9832    15.70    0.15     2.03  0.225   1.08   0  16  13  1.67719  1.36571  35.96196  55225.5242
K10BB6U    16.50    0.15     2.65  0.063  -1.20   0   4   0  2.56722  2.29495  22.49329  55225.9491
K02X10G    18.00    0.15     1.22  0.075  -1.20   0  12   0  1.86032  1.50462  31.87454  55225.9495
  32897    14.00    0.15     5.04  0.175   0.90   0  13  11  2.98707  2.75064  19.20764  55226.0773
K10BB7N    16.20    0.15     2.83  0.073  -1.20   0   7   0  2.74028  2.48757  21.01459  55226.0777
  b6811    16.70    0.15     1.41  0.187  -1.20   0  12   0  1.82679  1.54804  32.62943  55226.1754
  R8462    16.00    0.15     2.46  0.117  -1.20   0   3   0  2.49408  2.29537  23.26009  55226.1820
  O7029    17.00    0.15     1.13  0.218  -1.20   0   7   0  1.85002  1.49247  32.07141  55226.2168
  M7124    17.00    0.15     2.01  0.069  -1.20   0  13   0  2.10498  1.78433  27.81557  55226.4786
  A0006    15.80    0.15     1.68  0.301  -1.20   0  15   0  1.76635  1.39191  33.78910  55226.8765
  40324    16.60    0.15     2.96  0.046   1.23   0  12   9  2.12873  1.81029  27.47866  55227.0077
K09U00P    18.20    0.15     1.41  0.046  -1.20   0  14   0  1.89589  1.54460  31.20821  55227.0079
K09S99T    17.90    0.15     0.80  0.192  -1.20   0   6   0  1.52974  1.10855  39.99691  55227.0810
  74558    15.80    0.15     1.94  0.225  -1.20   0   8   0  2.20792  1.90020  26.41888  55227.2714
  39741    15.70    0.15     1.97  0.239  -1.20   0  14   0  1.87553  1.51928  31.58316  55227.2720
K07Y55G    19.20    0.15     0.99  0.037  -1.20   0  15   0  1.58353  1.16543  38.34379  55227.4028
K10BC6Z    17.90    0.15     1.44  0.059  -1.20   0  13   0  1.81281  1.44548  32.81077  55227.4034
K10BC8S    16.00    0.15     3.00  0.078  -1.20   0   8   0  2.58568  2.31827  22.33549  55227.5348
K10BC8U    17.50    0.15     2.63  0.026  -1.20   0   9   0  2.49054  2.30087  23.29938  55227.6330
  X7607    16.90    0.15     2.67  0.043  -1.20   0  13   0  2.31936  2.11359  25.13424  55227.6347
  01474    12.66    0.15    15.46  0.064   0.83   0   9   9  3.88503  3.77127  14.68821  55227.6412
  a5224    16.20    0.15     1.73  0.195  -1.20   0   5   0  2.21371  1.91230  26.35941  55227.6646
  V0024    15.80    0.15     3.93  0.055   1.08   0  23  23  1.83566  1.47802  32.37167  55227.6743
K10BC7Q    18.80    0.15     1.15  0.040  -1.20   0   1   0  1.78264  1.49896  33.54721  55228.1667
K10CN2X    17.80    0.15     1.21  0.092  -1.20   0   7   0  1.85365  1.49052  31.99270  55228.1978
  62730    15.10    0.15     2.50  0.257  -1.20   0   5   0  2.42755  2.23411  23.94269  55228.4289
K10CN4D    17.10    0.15     1.67  0.091  -1.20   0   9   0  2.18387  1.87674  26.74442  55228.4591
K10CN4W    16.50    0.15     2.52  0.070  -1.20   0  10   0  2.48753  2.29968  23.33202  55228.5612
  98129    14.30    0.15     4.37  0.177  -1.20   0   6   0  3.03085  2.88353  18.96861  55228.8295
  i3842    16.90    0.15     1.20  0.212  -1.20   0   5   0  1.75716  1.47321  34.10285  55228.9600
K05E92Z    17.30    0.15     1.98  0.054   1.28   0  19  15  1.50615  1.06118  40.70874  55228.9940
  c1783    17.20    0.15     1.25  0.149  -1.20   0  14   0  1.81952  1.45229  32.68147  55229.1254
  82059    15.80    0.15     2.00  0.212  -1.20   0   7   0  2.27431  2.06673  25.67222  55229.2185
  28565    15.00    0.15     2.79  0.228  -1.20   0   3   0  2.49393  2.30838  23.26900  55229.2244
K09V25U    18.50    0.15     1.12  0.056  -1.20   0  15   0  1.67985  1.28538  35.80011  55229.3866
K10CO0L    18.30    0.15     1.26  0.053  -1.20   0  15   0  1.68731  1.29475  35.61853  55229.3932
  12009    15.10    0.15     2.65  0.229   1.30   0  15   8  2.04739  1.71464  28.67263  55229.6553
  O9230    18.00    0.15     0.71  0.223  -1.20   0   5   0  1.57823  1.16312  38.52734  55229.7169
  O8298    16.20    0.15     3.37  0.052   0.99   0  16  14  2.21113  1.91186  26.40786  55229.7934
  c0198    16.40    0.15     1.49  0.219  -1.20   0  34   0  1.61401  1.27685  37.64537  55229.8815
  e0684    16.50    0.15     3.81  0.031   1.07   0  25  25  1.71949  1.33201  34.85531  55230.0484
K10CO3A    17.80    0.15     2.12  0.030  -1.20   0   4   0  2.37614  2.08617  24.42915  55230.1173
  09969    15.80    0.15     1.78  0.268   1.30   0  19  10  1.56006  1.22746  39.17958  55230.4218
K10CK2C    17.10    0.15     2.27  0.050  -1.20   0  15   0  2.20512  1.89170  26.45621  55230.5807
K10CK3C    18.50    0.15     1.48  0.032  -1.20   0   8   0  2.02686  1.68948  28.99133  55230.8451
K10CO7Q    15.50    0.15     3.55  0.088  -1.20   0   4   0  2.49975  2.31512  23.21780  55230.9431
  01750    13.15    0.15     4.45  0.491   1.00   0  16  16  1.72988  1.33976  34.60233  55231.1112
K10CO7N    18.50    0.15     1.38  0.037  -1.20   0   2   0  1.95372  1.70286  30.29459  55231.1379
K10CK5V    16.80    0.15     2.48  0.055  -1.20   0  11   0  2.38467  2.09550  24.34309  55231.3795
K10CK6D    17.10    0.15     1.80  0.079  -1.20   0   4   0  2.20379  1.88702  26.46852  55231.5055
K10CK7K    16.90    0.15     3.52  0.025  -1.20   0   6   0  2.77971  2.51692  20.69911  55231.6421
  a3237    16.40    0.15     1.46  0.227  -1.20   0   5   0  1.98467  1.64004  29.67354  55232.1721
  A2997    15.00    0.15     2.72  0.239   1.20   0  16  16  1.82763  1.45571  32.52091  55232.6966
K10CL1H    16.50    0.15     2.80  0.057  -1.20   0   7   0  2.55963  2.28115  22.57794  55232.7016
  51075    14.80    0.15     3.35  0.190   0.90   0  16  16  1.83614  1.46988  32.36367  55232.8269
K10C05Y    16.50    0.15     2.79  0.057   1.78   0  13   7  2.03021  1.69192  28.94728  55232.9618
  24495    14.90    0.15     2.83  0.241  -1.20   0   9   0  2.49995  2.21085  23.13551  55232.9632
  79611    15.40    0.15     2.19  0.256  -1.20   0   6   0  2.33987  2.03402  24.82046  55233.3612
  06523    15.00    0.15     7.33  0.033   1.13   0   9   8  3.47841  3.25925  16.42071  55233.3653
  07304    13.80    0.15     7.20  0.103   1.18   0  10   6  3.49200  3.26406  16.34160  55233.7559
  i4657    17.80    0.15     0.71  0.266  -1.20   0   6   0  1.50412  1.04953  40.77930  55234.2858
  a4067    16.20    0.15     4.12  0.034   0.97   0  16  15  2.09226  1.75994  28.01342  55234.4166
K10CM0W    16.50    0.15     2.96  0.051  -1.20   0   5   0  2.57396  2.29363  22.44902  55234.9487
  N9390    16.50    0.15     2.92  0.052  -1.20   0   9   0  2.41804  2.18946  24.07053  55235.1805
K10CM4R    17.10    0.15     1.92  0.069  -1.20   0  11   0  2.16281  1.90935  27.13363  55235.7069
K10CM4V    19.20    0.15     0.89  0.046  -1.20   0   5   0  1.69197  1.28814  35.50351  55235.7382
  30856    14.00    0.15     3.75  0.315   1.09   0  18  16  2.00081  1.72652  29.54177  55235.9687
K10CM5W    17.10    0.15     2.55  0.039  -1.20  18   0   0  1.75228  1.36935  36.18268  55235.9754
K10CM5W    17.10    0.15     2.57  0.039  -1.20   0   4   0  1.75228  1.36935  36.18268  55235.9754
  24643    13.80    0.15     3.64  0.403   0.89   0  15  13  2.35428  2.05387  24.68190  55236.0035
  45158    15.90    0.15     1.92  0.210  -1.20   0  14   0  1.95530  1.60098  30.17580  55236.2726
K10C12N    18.20    0.15     1.07  0.081  -1.20   0  19   0  1.62156  1.20045  37.31010  55236.4018
  96562    15.80    0.15     1.53  0.360  -1.20   0  12   0  1.86622  1.56778  31.91228  55236.5037
  41074    14.20    0.15     3.65  0.277   1.08   0  17  14  1.80283  1.42014  33.02859  55236.6682
K10CM8L    18.20    0.15     1.03  0.087  -1.20   0   7   0  1.70467  1.30147  35.20046  55236.6684
  a8810    16.90    0.15     2.67  0.043   1.09   0  28  28  1.67388  1.27052  35.98172  55236.6731
  29566    15.10    0.15     3.24  0.154   2.39   0   9   5  1.94091  1.65663  30.55462  55237.1645
K09Q51Y    16.80    0.15     1.23  0.222  -1.20   0   3   0  1.98651  1.64203  29.67023  55237.1932
K05L39P    17.50    0.15     1.79  0.055  -1.20   0   8   0  2.16960  1.84235  26.93359  55237.1974
  d3364    16.80    0.15     2.85  0.042   1.14   0  28  26  1.72906  1.34678  34.70053  55237.4694
  69350    15.30    0.15     3.73  0.096   2.55   0  17   7  2.06797  1.79870  28.56130  55237.5574
K10CI7Z    18.80    0.15     1.11  0.043  -1.20   0   6   0  1.81256  1.50419  32.98333  55237.5615
  D1596    14.70    0.15     2.97  0.265   1.10   0   9   7  2.05546  1.78873  28.68876  55237.5620
  F2948    16.90    0.15     1.07  0.269  -1.20   0   3   0  1.75022  1.35132  34.13603  55237.5953
  F9781    15.50    0.15     5.12  0.043  -1.20   0   8   0  3.18395  3.01298  18.05429  55237.8272
  O0871    16.50    0.15     1.73  0.149   1.13   0  10  10  1.66209  1.32452  36.42516  55237.8286
K10CI8E    18.20    0.15     0.98  0.096  -1.20   0   3   0  1.70311  1.29647  35.23140  55237.9916
K10CI8P    16.20    0.15     2.92  0.068  -1.20   0   3   0  2.76413  2.49295  20.83145  55238.1215
  I1984    16.40    0.15     1.96  0.127  -1.20   0   5   0  2.27363  1.95982  25.61718  55238.1254
K10J35D    18.20    0.15     1.00  0.093  -1.20   0  12   0  1.69259  1.36201  35.66828  55238.2214
  92359    15.80    0.15     2.90  0.100  -1.20   0  11   0  2.35317  2.12322  24.79524  55238.2231
  03443    13.10    0.15    10.15  0.099   1.06   0  13  13  2.86771  2.60221  20.04576  55238.3863
  16143    14.00    0.15     4.04  0.272   1.03   0  11   8  2.27351  1.95687  25.61318  55238.3903
  W3471    16.20    0.15     3.75  0.042  -1.20   0  11   0  2.72058  2.44793  21.18736  55238.5188
K10CJ0F    16.80    0.15     2.09  0.077  -1.20   0   8   0  2.39740  2.09522  24.20779  55238.6515
K10CJ0G    18.80    0.15     1.22  0.036  -1.20   0   3   0  1.87480  1.49650  31.58782  55238.6525
K09V45X    17.80    0.15     1.87  0.038  -1.20   0   6   0  2.27426  1.95852  25.60828  55238.6526
K10CJ0R    16.90    0.15     3.48  0.025  -1.20   0   3   0  2.88188  2.69936  20.02762  55238.7532
  J0677    14.90    0.15     2.91  0.228  -1.20   0   3   0  2.62538  2.42127  22.08336  55238.8821
K10C46W    18.20    0.15     0.93  0.108  -1.20   0   8   0  1.70245  1.29228  35.24185  55239.0517
  b6764    15.40    0.15     2.62  0.177   0.99   0  10   7  2.06787  1.72510  28.37799  55239.1832
  30717    14.90    0.15     3.04  0.209  -1.20   0   4   0  2.55570  2.34203  22.71852  55239.5466
  95711    14.70    0.15     3.13  0.237   0.87   0  15  12  2.24355  1.92326  25.98529  55239.5779
  G7701    16.50    0.15     2.08  0.103  -1.20   0   8   0  1.87643  1.53389  32.84794  55239.6806
  N4330    15.30    0.15     2.71  0.183   1.34   0  19   9  2.05313  1.79111  28.74646  55240.4674
  67502    15.60    0.15     3.94  0.065  -1.20   0   6   0  2.84015  2.65557  20.34223  55240.6061
  a6945    16.80    0.15     1.33  0.190  -1.20   0   6   0  1.88954  1.51727  31.34514  55240.6404
K10C51L    16.50    0.15     1.85  0.129  -1.20   0  11   0  2.03912  1.69095  28.82014  55240.6404
K10CJ7D    15.20    0.15     3.26  0.139  -1.20   0   5   0  2.77043  2.49533  20.78272  55240.7032
  G5144    16.30    0.15     1.94  0.142  -1.20   0  13   0  2.08519  1.82779  28.26490  55240.8674
K10JB6U    16.60    0.15     1.25  0.259  -1.20   0   6   0  1.73787  1.42058  34.62558  55241.0061
K10C52Z    15.80    0.15     4.05  0.052   1.32   0  13  12  2.33449  2.10646  25.02392  55241.0065
K10C53H    15.20    0.15     3.26  0.138  -1.20   0   6   0  2.76810  2.49311  20.80587  55241.4337
K09W01A    17.70    0.15     0.78  0.241  -1.20   0   4   0  1.53124  1.07622  39.93233  55241.5669
  B8569    15.40    0.15     2.81  0.155   1.56   0  10   6  2.10254  1.76393  27.88134  55241.5679
  89766    15.90    0.15     3.77  0.054  -1.20   0   4   0  2.92984  2.75044  19.69854  55241.6631
K10CD5U    15.20    0.15     3.60  0.114  -1.20   0   8   0  2.70379  2.50944  21.42324  55241.6658
K10C53T    17.40    0.15     1.65  0.071  -1.20   0   3   0  2.06255  1.71872  28.47264  55241.6983
  V3591    16.40    0.15     2.91  0.057  -1.20   0   4   0  2.69439  2.49492  21.49937  55241.7326
  E3081    15.90    0.15     1.64  0.287  -1.20   0   9   0  2.07349  1.72633  28.29596  55241.8285
  C5458    15.10    0.15     2.80  0.206  -1.20   0   9   0  2.40358  2.09381  24.13589  55241.8289
K10CD0D    18.60    0.15     1.34  0.036  -1.20   0  16   0  1.77122  1.46149  33.89587  55241.9233
  F8091    14.70    0.15     4.67  0.107  -1.20   0   9   0  3.12031  2.95261  18.45262  55242.0650
  B1245    14.50    0.15     6.04  0.077   1.28   0  14  14  1.67869  1.27311  35.88973  55242.0987
  b4907    17.60    0.15     1.45  0.077  -1.20   0   6   0  2.02741  1.76381  29.15623  55242.3234
K10CD0L    16.80    0.15     2.34  0.061  -1.20   0   7   0  2.39979  2.08899  24.17595  55242.3606
  05817    12.90    0.15     6.27  0.311   0.94   0  12  10  3.08380  2.91284  18.68104  55242.4615
  H6871    15.20    0.15     5.85  0.043   1.19   0  11   9  2.96013  2.78321  19.49372  55242.8539
  76978    14.80    0.15     3.69  0.156  -1.20   0  10   0  2.93369  2.67417  19.59894  55243.0156
K10CD2T    16.40    0.15     3.78  0.034   2.58   0   9   6  2.08656  1.74192  28.11071  55243.0200
  01131    12.90    0.15     6.53  0.287   1.13   0  16  16  2.17259  1.83759  26.90384  55243.0204
  47343    15.30    0.15     3.87  0.090   1.54   0  12   5  2.47564  2.17203  23.39617  55243.0209
  B8337    14.60    0.15     3.07  0.271   1.12   0  17  14  1.74956  1.35117  34.20102  55243.0235
  M2205    16.60    0.15     1.56  0.166  -1.20   0  15   0  1.80140  1.41008  33.08010  55243.2868
K01A19V    15.90    0.15     1.75  0.252   1.18   0   7   4  1.66669  1.33512  36.35863  55243.5103
K10D18Z    16.50    0.15     2.64  0.064  -1.20   0   7   0  2.58340  2.29580  22.38301  55243.5528
K10D80T    19.20    0.15     0.84  0.053  -1.20   0   3   0  1.65428  1.23583  36.48712  55243.7498
  06042    12.90    0.15    14.14  0.061   0.97   0   8   8  4.04605  3.91628  14.13351  55243.7792
  E7057    15.40    0.15     3.56  0.097   1.34   0  12   7  2.25573  1.92930  25.83842  55243.8140
K10D13X    16.70    0.15     1.89  0.103  -1.20   0  14   0  1.91165  1.54969  30.98923  55243.8198
K10D15W    17.50    0.15     1.98  0.045  -1.20   0  13   0  2.04015  1.69083  28.82325  55243.9437
  24143    15.60    0.15     1.94  0.269  -1.20   0  10   0  2.23509  1.90775  26.09959  55243.9477
  00391    10.80    0.15    17.33  0.282   0.91   0  11  11  2.76976  2.58080  20.89958  55244.0457
  F1888    15.50    0.15     1.94  0.295   1.37   0  20  19  1.52700  1.07917  40.14137  55244.0735
  N1716    15.50    0.15     2.49  0.180   1.19   0  23  20  1.59298  1.15799  38.14203  55244.0831
  N3949    16.70    0.15     1.00  0.369  -1.20   0  11   0  1.64361  1.21542  36.73872  55244.3422
  A1328    16.50    0.15     1.32  0.256  -1.20   0   6   0  1.83620  1.44603  32.35995  55244.6074
  V6922    14.80    0.15     2.95  0.245   1.31   0  16  12  1.62310  1.18949  37.28123  55244.6086
K10D21J    16.90    0.15     2.35  0.055  -1.20   0  12   0  2.30918  1.99121  25.21056  55244.8701
  e2138    17.20    0.15     2.21  0.048  -1.20   0   6   0  2.43099  2.13455  23.89134  55244.9441
  B4575    15.10    0.15     3.42  0.137   1.96   0  12   8  2.06806  1.71908  28.39575  55245.0073
  16142    14.20    0.15     3.89  0.243   1.20   0  10   7  2.45112  2.14369  23.65310  55245.2690
  a4071    15.50    0.15     2.05  0.264  -1.20   0   5   0  2.36064  2.04320  24.61674  55245.8012
  86401    14.60    0.15     3.73  0.184  -1.20   0   6   0  2.74683  2.46462  20.98099  55245.8657
  R4834    16.40    0.15     3.26  0.046   1.04   0  25  21  2.09330  1.76060  28.07569  55246.1949
  U8108    16.90    0.15     1.27  0.189  -1.20   0   5   0  1.87011  1.48501  31.71228  55246.1971
  d7441    16.90    0.15     1.27  0.190  -1.20   0   3   0  1.94841  1.58534  30.33405  55246.4568
  61550    15.60    0.15     2.13  0.225   1.65   0  19   9  1.73608  1.42514  34.71687  55246.5566
K06E69S    16.80    0.15     2.78  0.044   0.95   0  12  10  2.04525  1.78680  28.90722  55246.5585
  55760    13.20    0.15     5.76  0.279   1.06   0  48  49  1.65467  1.24404  36.56006  55246.7225
  85118    15.50    0.15     5.15  0.042   1.06   0  26  25  2.28025  1.96978  25.60006  55246.8577
  55380    14.60    0.15     3.35  0.228   1.14   0  13  12  2.16801  1.84975  27.04588  55247.3885
K10D31J    16.90    0.15     2.42  0.052  -1.20   0  12   0  2.28309  1.95902  25.52427  55247.3894
  69311    15.40    0.15     6.61  0.028  -1.20   0  21   0  2.05630  1.72664  30.05215  55247.4874
  01565    12.50    0.15     7.94  0.280   0.83   0   9   9  3.09204  2.92611  18.64933  55247.4893
  03858    13.70    0.15     4.51  0.287   1.20   0  19  17  2.43742  2.14149  23.84203  55247.6536
  41475    14.80    0.15     3.05  0.228   0.88   0  16  16  1.71060  1.39517  35.32361  55248.0212
  A3522    16.50    0.15     1.21  0.304  -1.20   0   9   0  1.75333  1.45019  34.33984  55248.5431
  F1888    15.50    0.15     2.15  0.241   1.60   0   6   5  1.51371  1.09436  40.74739  55249.6981
  N1716    15.50    0.15     2.25  0.221   1.02   0  11  13  1.59188  1.18920  38.34845  55249.7067
K10D55X    16.50    0.15     2.87  0.054  -1.20   0   6   0  2.50777  2.30728  23.23374  55249.7393
K15Bp2V    18.30    0.15     1.79  0.026  -1.20   0   3   0  1.94776  1.68076  30.53037  55250.7943
  R2287    16.70    0.15     3.46  0.031  -1.20   0   2   0  2.74641  2.49223  21.06600  55250.8308
  07079    14.90    0.15     2.68  0.269  -1.20   0  12   0  1.95426  1.62405  31.69051  55250.9270
  M3145    15.70    0.15     2.02  0.228  -1.20   0  10   0  2.04275  1.71865  28.90372  55250.9613
  03581    12.30    0.15    13.69  0.113   0.89   0  14  14  3.11662  2.89298  18.48207  55251.7496
  65433    15.50    0.15     2.05  0.266  -1.20   0  10   0  2.11279  1.79628  27.86498  55252.2845
K10D60O    15.90    0.15     2.79  0.099  -1.20   0   9   0  2.28644  1.99224  25.58878  55252.2851
K10D84S    14.90    0.15     4.25  0.107  -1.20   0  12   0  2.94979  2.70985  19.56135  55252.4132
  V4716    16.40    0.15     3.83  0.033  -1.20   0  17   0  1.80899  1.42586  35.48564  55252.5146
  B1831    14.60    0.15     2.95  0.293   1.35   0  10   8  2.04267  1.79291  28.98773  55252.5194
  V6855    15.20    0.15     5.51  0.048   0.92   0  12  12  2.56944  2.30164  22.60582  55252.6834
K10D85J    15.50    0.15     2.81  0.141  -1.20   0   4   0  2.56141  2.29252  22.67850  55252.8129
K10D64F    17.70    0.15     1.87  0.042  -1.20   0  13   0  1.90586  1.55748  31.20972  55252.8138
  D5173    16.00    0.15     2.24  0.140   2.16   0  12   5  1.64196  1.23968  36.97568  55252.9449
  28085    14.60    0.15     4.16  0.148   1.61   0   8   5  2.28878  2.07106  25.62938  55253.0428
  12520    14.50    0.15     3.41  0.240   1.34   0  11   7  2.21647  1.91150  26.46215  55253.3418
K04T14P    17.90    0.15     0.65  0.291  -1.20   0   6   0  1.45407  1.00918  42.83952  55253.3492
  a8818    16.30    0.15     1.62  0.204  -1.20   0  14   0  1.77051  1.39689  33.90854  55253.4741
K05P04R    17.40    0.15     1.64  0.072  -1.20   0  11   0  2.05165  1.72694  28.78315  55253.6082
K10D87G    15.90    0.15     3.70  0.056  -1.20   0   4   0  2.94782  2.70565  19.57643  55253.6098
  Z8604    16.60    0.15     2.62  0.059  -1.20   0  10   0  1.85690  1.49139  33.66541  55253.9694
  99967    15.50    0.15     2.10  0.254  -1.20   0  13   0  2.09648  1.77596  28.11398  55254.3988
  A2528    13.60    0.15    13.43  0.036   1.15   0  19  11  3.48778  3.30601  16.72924  55254.5036
  O4694    17.20    0.15     2.45  0.039  -1.20   0  14   0  2.08144  1.84066  28.41690  55255.1599
  05275    13.70    0.15     5.02  0.232   1.08   0  14  10  2.31163  2.01404  25.30165  55255.4587
K09V60H    18.30    0.15     1.27  0.052  -1.20   0   7   0  1.88070  1.52232  31.68358  55255.5913
  U6606    14.50    0.15     6.40  0.068   1.09   0  14  14  2.40459  2.11593  24.26109  55255.8552
K10D91A    17.80    0.15     1.22  0.090  -1.20   0   6   0  1.84249  1.48875  32.45165  55255.9190
  S7662    17.30    0.15     2.01  0.052  -1.20   0   6   0  2.23875  2.01710  26.26397  55255.9544
  09564    14.00    0.15     4.94  0.182   0.86   0  11  10  2.88422  2.63971  20.04361  55256.1167
  41434    16.30    0.15     1.36  0.289  -1.20   0  10   0  1.65081  1.24735  36.76647  55256.1246
  06141    14.30    0.15     2.00  0.843   0.93   0  17  17  1.61345  1.19878  37.76448  55256.2529
  U7009    15.60    0.15     4.23  0.057   1.02   0  14  12  2.41364  2.12523  24.16592  55256.3871
  05867    15.30    0.15     2.23  0.270   1.20   0  16  16  1.69470  1.38942  35.78218  55256.7476
  05641    14.00    0.15     4.41  0.228   1.10   0  27  28  1.59044  1.25631  38.54547  55256.8776
K10E12B    18.00    0.15     1.09  0.093  -1.20   0   4   0  1.75921  1.37820  34.17561  55257.0506
  29407    15.20    0.15     3.97  0.093   2.21   0   5   2  2.18995  1.96905  26.90656  55257.9409
  83988    16.40    0.15     1.84  0.143  -1.20   0   6   0  2.13176  1.80737  27.61596  55258.2377
K09W69L    17.30    0.15     2.07  0.050  -1.20   0  19   0  2.18832  1.87084  26.84504  55258.2378
  06444    14.20    0.15     4.19  0.210   1.22   0  16  15  2.11977  1.79283  27.78484  55258.3709
  02449    14.26    0.15     3.17  0.348   0.92   0  43  40  1.71286  1.39452  35.39071  55258.5988
  C9322    16.60    0.15     3.75  0.029  -1.20   0   3   0  2.89586  2.64505  19.96123  55258.7700
  S4423    16.40    0.15     1.42  0.240  -1.20   0   7   0  1.97676  1.63139  30.00198  55259.0306
  31076    15.40    0.15     2.20  0.252   1.21   0  15  11  1.66615  1.26493  36.40408  55259.1686
K10E12C    18.90    0.15     0.47  0.216  -1.20   0   6   0  1.31722  0.80461  48.70468  55259.3700
  07604    13.20    0.15    12.28  0.061   0.80   0   3   3  4.82942  4.74087  11.84616  55259.5248
  24883    15.60    0.15     4.38  0.053   1.35   0  16  13  2.12863  1.80906  27.68804  55259.9631
  06490    14.60    0.15     7.72  0.043   2.14   0   4   2  3.26101  3.02555  17.64864  55260.4886
  16465    15.60    0.15     1.66  0.370  -1.20   0  12   0  1.67790  1.34645  36.25731  55260.5882
K10EG7K    16.80    0.15     2.08  0.078  -1.20   0   2   0  2.39389  2.09470  24.38498  55260.8879
K10E14J    17.30    0.15     2.67  0.030   3.29   0  10   4  1.63879  1.32420  37.24721  55261.2434
K10EG7O    16.50    0.15     2.61  0.065  -1.20   0   4   0  2.57554  2.29232  22.56925  55261.2809
K02W00T    16.30    0.15     1.64  0.199  -1.20   0   9   0  1.88009  1.51503  31.72906  55261.2837
  75933    14.80    0.15     5.79  0.063   0.83   0  20  18  3.24809  3.09041  17.79088  55261.5072
  24654    14.50    0.15     2.17  0.594   1.53   0  10   6  1.71878  1.32923  35.14891  55261.9484
  05641    14.00    0.15     3.84  0.301   1.07   0  14  13  1.59145  1.22174  38.57226  55262.9643
K10EH0F    15.80    0.15     2.75  0.112  -1.20   0   5   0  2.38586  2.08281  24.48604  55263.3988
K10EH0A    16.20    0.15     3.03  0.064  -1.20   0   3   0  2.65719  2.44320  21.92863  55263.4953
  39096    15.00    0.15     3.69  0.130   1.58   0  11   5  2.40365  2.10187  24.29510  55263.5323
K10EE7G    16.80    0.15     2.19  0.070  -1.20   0   5   0  2.33827  2.03159  25.02293  55263.6607
  X6661    17.50    0.15     2.16  0.038  -1.20   0   9   0  2.14987  1.81978  27.39217  55264.1921
  O4456    17.70    0.15     1.81  0.045  -1.20   0   4   0  2.11710  1.78048  27.84558  55264.3251
  E9639    16.70    0.15     1.15  0.278  -1.20   0  12   0  1.72804  1.32674  34.91958  55264.8541
  C2180    17.40    0.15     0.80  0.304  -1.20   0  16   0  1.30280  0.76041  49.42996  55264.9840
K10E26A    16.90    0.15     1.95  0.081  -1.20   0   5   0  2.25309  2.00337  26.15275  55265.3454
K10EF0M    15.20    0.15     3.56  0.116  -1.20   0   4   0  2.77293  2.49950  20.89946  55265.6476
K10E28F    16.70    0.15     2.22  0.075  -1.20   0   9   0  2.35978  2.12797  24.89523  55266.5378
  01198    14.40    0.15     5.43  0.104   2.19   0   8   7  2.49651  2.19913  23.35132  55267.1040
  b6944    16.60    0.15     2.58  0.061   1.13   0  29  28  1.61447  1.18393  37.81414  55267.1065
  33881    14.30    0.15     3.45  0.283   0.99   0  13  12  2.17746  1.91511  27.43297  55267.2014
  I9118    15.20    0.15     5.15  0.055   1.03   0  13  10  2.47688  2.17663  23.54730  55267.5005
K10E56T    16.50    0.15     2.87  0.054  -1.20   0   2   0  2.52840  2.30746  23.14266  55268.2008
K10E60G    16.90    0.15     2.10  0.070  -1.20   0   5   0  2.31383  1.99622  25.32299  55268.6906
  B9905    15.20    0.15     5.59  0.047   1.07   0  22  23  1.72921  1.32694  34.93831  55268.8210
K10EF7E    16.90    0.15     3.35  0.027  -1.20   0   2   0  2.99452  2.73953  19.31628  55269.1594
K10EF6S    17.80    0.15     1.30  0.079  -1.20   0   5   0  1.86781  1.49532  32.02549  55269.2244
  53431    14.30    0.15     3.29  0.311   1.00   0  19  18  2.04155  1.70280  29.04254  55269.2271
  24682    15.20    0.15     2.33  0.272   1.40   0  15  12  1.57432  1.12880  38.95848  55269.3541
  U6787    15.80    0.15     3.55  0.067  -1.20   0   5   0  2.80778  2.54025  20.65853  55269.5477
  03920    13.00    0.15     7.29  0.210   1.22   0  14  10  2.41851  2.11063  24.16201  55269.6184
  B4912    15.90    0.15     1.93  0.206   1.38   0  16   7  1.73620  1.33311  34.77618  55269.8862
K10E65X    18.30    0.15     1.27  0.052  -1.20   0   8   0  1.66519  1.24387  36.48536  55270.0140
  05038    13.70    0.15     6.83  0.125   1.96   0   6   4  2.95265  2.68714  19.59679  55270.6786
  U6695    15.40    0.15     2.45  0.203   1.24   0  13   9  1.97041  1.69213  30.32058  55271.0364
K06O10T    17.30    0.15     0.88  0.274  -1.20   0  15   0  1.61930  1.27191  37.91689  55271.4441
  43369    15.30    0.15     2.25  0.265  -1.20   0  11   0  2.16491  1.91610  27.36051  55271.8291
K09Y18P    17.30    0.15     1.69  0.074   1.05   0  22  19  1.60026  1.16448  38.26425  55272.1282
  D3059    15.40    0.15     2.38  0.215   1.45   0  10  10  1.72182  1.39892  35.30485  55272.2295
  66269    14.40    0.15     3.41  0.263   1.12   0   7   5  2.16919  1.92217  27.30515  55272.4952
  87035    14.30    0.15     3.77  0.237   1.21   0  17  16  1.73602  1.32542  34.78182  55272.5290
K02X53A    16.50    0.15     1.53  0.189   1.59   0  16   9  1.56811  1.12261  39.19938  55272.5338
K10F35C    16.80    0.15     2.62  0.049  -1.20   0   9   0  2.40536  2.09121  24.31176  55273.0565
  14017    14.80    0.15     2.95  0.244   0.86   0   8   8  1.76752  1.45448  34.27595  55273.6867
  c9361    17.30    0.15     2.37  0.038   1.03   0  22  19  1.73666  1.32980  34.80150  55273.8490
  02335    13.40    0.15     4.14  0.450   0.86   0   6   6  2.68810  2.49213  21.73486  55273.9573
  61416    16.20    0.15     2.38  0.103  -1.20   0   6   0  1.60339  1.25497  38.38489  55274.2159
  70055    14.90    0.15     3.06  0.207  -1.20   0   3   0  2.51378  2.30536  23.32974  55274.4791
K10F39M    16.80    0.15     3.64  0.025   1.74   0  11   5  2.35436  2.03950  24.89820  55274.5181
K10FA7L    17.10    0.15     1.88  0.072  -1.20   0   5   0  2.16294  1.91518  27.40868  55274.6108
K10F40Z    19.20    0.15     0.96  0.040  -1.20   0   6   0  1.71289  1.29385  35.32717  55274.6463
  04910    13.40    0.15     4.90  0.321   1.32   0   3   3  2.21028  1.96730  26.77434  55274.7450
K10FA7O    18.20    0.15     1.11  0.075  -1.20   0  13   0  1.71321  1.29492  35.33065  55275.0433
K10FA7R    18.20    0.15     1.03  0.087  -1.20   0   2   0  1.72223  1.30832  35.12116  55275.1126
  D3037    15.00    0.15     6.44  0.043   0.93   0   4   4  3.04256  2.86770  19.10240  55275.1410
  49385    13.40    0.15     5.27  0.277   1.13   0  13   9  2.48531  2.17669  23.49625  55275.4387
  35056    14.00    0.15     4.90  0.185  -1.20   0   7   0  3.07827  2.91198  18.87768  55275.8090
  01011    12.74    0.15     7.56  0.248   1.19   0   9   9  2.56987  2.36658  22.80497  55276.0682
  58149    15.10    0.15     2.91  0.190   1.41   0  22  10  2.08274  1.75112  28.49437  55276.3626
K10F46X    19.10    0.15     1.01  0.040  -1.20   0  28   0  1.69431  1.29611  35.93439  55277.4300
K10F72V    16.00    0.15     3.76  0.050   1.33   0  13  10  2.28819  1.98171  25.74828  55278.0843
  C1514    17.00    0.15     2.62  0.041   1.08   0  19  18  1.58103  1.22858  39.09216  55278.5869
K10F81F    20.10    0.15     0.81  0.025  -1.20   0  16   0  1.50855  1.13510  41.38033  55278.9748
K10F49X    18.70    0.15     1.13  0.046  -1.20   0  12   0  1.65585  1.32573  37.02084  55279.1091
  c9361    17.30    0.15     2.33  0.039   1.06   0  11   9  1.74760  1.37496  34.71241  55279.1422
  07870    13.80    0.15     4.30  0.288   0.69   0   3   3  2.65969  2.46560  22.01838  55279.9064
  A1969    14.80    0.15     5.58  0.068   0.92   0  11  10  2.76080  2.50685  21.12824  55280.3361
  54718    15.20    0.15     3.54  0.117  -1.20   0   4   0  2.62894  2.36458  22.24651  55280.9985
K10F59H    19.30    0.15     0.90  0.042  -1.20   0  15   0  1.60239  1.26031  38.50228  55281.1022
  31180    14.40    0.15     4.83  0.132  -1.20   0   5   0  3.16568  3.00898  18.36803  55281.4981
  14461    14.30    0.15     3.82  0.230  -1.20   0   4   0  2.84942  2.60686  20.45361  55281.5315
  65425    16.70    0.15     3.06  0.039  -1.20   0   5   0  2.66396  2.39713  21.93288  55281.6596
K09X22T    16.40    0.15     1.54  0.206   1.78   0   2   1  1.54596  1.11717  40.08745  55281.7885
K10F73P    18.10    0.15     0.91  0.124  -1.20   0   5   0  1.73930  1.37150  34.94983  55281.9310
  02937    13.10    0.15     5.99  0.283   1.02   0   6   4  2.82668  2.57285  20.61972  55282.7156
K10F53C    17.90    0.15     1.92  0.033  -1.20   0  10   0  2.28710  1.99221  25.81426  55282.7231
  07778    13.20    0.15     5.28  0.332   0.81   0   9   7  3.08658  2.85050  18.82334  55283.6407
  C0644    15.20    0.15     2.78  0.189  -1.20   0   7   0  2.34823  2.05384  25.09534  55284.0426
  X9233    15.60    0.15     2.50  0.163  -1.20   0   5   0  2.46376  2.26377  23.90189  55284.1449
K10FB7Z    17.40    0.15     1.50  0.087  -1.20   0   3   0  2.02260  1.68685  29.49222  55284.1744
  e3198    16.70    0.15     2.76  0.048  -1.20   0   9   0  2.69023  2.43314  21.73729  55284.1790
  00512    10.68    0.15    18.70  0.270   1.03   0  14  14  2.18148  1.94928  27.23824  55284.5366
  H0908    16.50    0.15     1.95  0.116  -1.20   0  10   0  2.02584  1.77509  29.52625  55284.5387
K10FB8P    15.20    0.15     3.03  0.160  -1.20   0   4   0  2.68883  2.50373  21.79464  55284.5405
K10FB7M    15.80    0.15     2.11  0.191  -1.20   0   3   0  2.31303  2.09470  25.56895  55284.6072
K10FB8L    14.50    0.15     3.45  0.235   1.74   0   5   2  2.23625  2.01149  26.51815  55284.6702
K10FB8W    15.50    0.15     2.85  0.138  -1.20   0   3   0  2.51421  2.31735  23.39673  55284.8040
K10FB8B    17.80    0.15     1.10  0.111  -1.20   0   2   0  1.84103  1.47669  32.75302  55284.8380
K10FB9G    17.80    0.15     1.25  0.085  -1.20   0  10   0  1.86419  1.50495  32.30464  55284.8389
  c0846    16.70    0.15     1.12  0.292  -1.20   0  20   0  1.62871  1.22629  37.74297  55284.8421
  01139    12.51    0.15     8.24  0.258   0.90   0  22  11  2.24136  1.97573  26.69370  55285.0652
K10FB9U    17.80    0.15     1.22  0.090  -1.20   0   6   0  1.86417  1.49718  32.28199  55285.1000
K10F71F    16.60    0.15     2.54  0.062  -1.20   0  15   0  2.46517  2.18268  23.83813  55285.3689
  01508    12.03    0.15    15.78  0.109   1.01   0  12  12  3.73794  3.61271  15.49546  55285.4690
  04775    13.80    0.15     5.09  0.206   1.12   0   5   5  2.91451  2.65825  19.97501  55285.6303
K10F80L    18.10    0.15     1.72  0.034  -1.20   0   8   0  2.13691  1.90417  27.86207  55285.7302
  U1917    16.50    0.15     1.19  0.313   1.15   0  26  18  1.32741  0.88767  48.83568  55286.1266
K10F80Q    18.80    0.15     1.22  0.036  -1.20   0  14   0  1.86131  1.49514  32.35656  55286.1612
  82676    15.00    0.15     3.61  0.135  -1.20   0   5   0  2.98046  2.72776  19.51843  55286.2922
  69307    16.10    0.15     1.73  0.213  -1.20   0   6   0  2.19471  1.87822  26.99339  55286.4261
  F2858    15.40    0.15     2.60  0.181  -1.20   0   4   0  2.51701  2.24201  23.33160  55286.8249
  H0176    16.80    0.15     1.24  0.218  -1.20   0  11   0  1.68673  1.37297  36.32818  55286.9194
  03343    13.10    0.15     6.21  0.264   1.01   0  13  13  2.82693  2.57393  20.64751  55286.9576
K10G02O    17.80    0.15     2.08  0.031  -1.20   0   6   0  2.39204  2.09197  24.60466  55287.3519
  21228    15.10    0.15     4.76  0.071   2.03   0  14  10  2.44137  2.14763  24.08335  55287.4825
  A8573    15.60    0.15     2.78  0.132  -1.20   0   3   0  2.56882  2.29485  22.83185  55287.5526
  02078    13.00    0.15     6.21  0.289   1.10   0  13   9  2.46214  2.23842  24.50797  55287.8474
  A2232    16.60    0.15     3.53  0.032   1.26   0  10   6  2.47571  2.18479  23.73084  55287.8780
  51773    14.10    0.15     4.89  0.169   1.44   0   6   3  2.76769  2.50687  21.11338  55288.1394
  h6163    16.90    0.15     1.45  0.147  -1.20   0   8   0  2.03998  1.70661  29.26107  55288.2811
K05N56A    17.30    0.15     1.16  0.159  -1.20   0  11   0  1.56140  1.21608  39.80567  55288.5052
  96155    14.60    0.15     6.13  0.068   1.13   0   8   8  2.50824  2.31674  23.48123  55288.5096
  A0008    15.70    0.15     2.09  0.212  -1.20   0  10   0  2.10153  1.83835  28.42268  55288.5097
  07096    15.10    0.15     5.67  0.050  -1.20   0   3   0  3.30371  3.16928  17.60626  55288.6377
  T3940    17.10    0.15     1.73  0.085  -1.20   0  20   0  1.87150  1.57365  32.31306  55288.7730
  T6867    17.20    0.15     1.26  0.146  -1.20   0   2   0  1.87511  1.49982  32.07953  55288.8048
  09881    15.80    0.15     5.05  0.033   1.19   0  11   5  3.04758  2.79767  19.08714  55288.9387
K10G64A    17.70    0.15     1.61  0.056  -1.20   0   2   0  1.92575  1.67303  31.26576  55289.8303
K10G18G    16.30    0.15     3.89  0.035  -1.20   0   8   0  2.63841  2.45913  22.26907  55290.0957
K02Y01Z    17.00    0.15     0.95  0.312  -1.20   0   9   0  1.71085  1.31369  35.66824  55290.5297
  26879    14.30    0.15     4.10  0.200  -1.20   0   4   0  3.05741  2.81329  19.04031  55290.6532
  79512    15.40    0.15     2.31  0.229   1.34   0  14  13  1.70833  1.38661  35.85337  55290.7584
  05349    12.90    0.15     9.15  0.146   1.10   0  22  13  4.04862  3.92265  14.30679  55290.8944
  e8742    17.00    0.15     3.12  0.029   1.48   0   5   4  2.01082  1.76730  29.82431  55291.0235
K10GG7Y    16.80    0.15     2.30  0.064  -1.20   0  10   0  2.40079  2.10034  24.53787  55291.0563
  A1811    14.70    0.15     3.04  0.251   1.13   0  25  26  1.66266  1.25048  36.86834  55291.0587
K06SS5E    16.50    0.15     3.75  0.032   1.52   0  13   6  2.26470  2.02904  26.22589  55291.1506
K10G38D    19.20    0.15     0.96  0.040  -1.20   0   8   0  1.70372  1.29202  35.80002  55291.4508
  b0181    16.60    0.15     1.04  0.372  -1.20   0   7   0  1.74639  1.34651  34.80430  55291.5852
  a8812    16.20    0.15     3.42  0.050   1.02   0  14  14  2.35468  2.04551  25.04979  55291.8495
  C6410    14.70    0.15     4.31  0.125   0.95   0  10   8  2.60009  2.31336  22.54716  55291.9797
  26120    15.20    0.15     2.85  0.180  -1.20   0   3   0  2.67941  2.39488  21.83412  55292.1136
K10G60B    17.50    0.15     2.45  0.029  -1.20   0   8   0  2.57672  2.29368  22.77514  55292.1164
K10G38Y    17.90    0.15     1.96  0.032  -1.20   0   7   0  2.30198  1.98645  25.66391  55292.3801
K10G60F    17.10    0.15     2.32  0.047  -1.20   0   9   0  2.20767  1.88903  26.86747  55292.5048
K10G39F    17.80    0.15     1.90  0.037  -1.20   0   4   0  2.38955  2.09306  24.68080  55292.5806
  A1554    15.70    0.15     2.12  0.207  -1.20   0  13   0  2.25749  1.93638  26.21275  55292.7737
K10G40E    16.20    0.15     3.34  0.053  -1.20   0  11   0  2.76493  2.49327  21.14605  55292.9091
  C7552    15.80    0.15     3.08  0.089  -1.20   0   5   0  2.74783  2.47873  21.29266  55293.0438
K01F06X    18.30    0.15     1.35  0.046  -1.20   0  14   0  1.59386  1.15700  38.74474  55293.3010
K05N56A    17.30    0.15     1.15  0.162  -1.20   0   3   0  1.58257  1.20284  39.22290  55293.4671
K10G62Y    18.80    0.15     1.46  0.025  -1.20   0  29   0  1.62281  1.18933  37.92938  55293.9666
  X4631    15.90    0.15     1.58  0.308  -1.20   0  17   0  1.92975  1.56152  31.12301  55294.2311
  b6964    16.90    0.15     0.86  0.412  -1.20   0  22   0  1.61739  1.19986  38.15817  55294.3693
  U1917    16.50    0.15     1.33  0.249   1.45   0  20  17  1.33362  0.86350  48.67735  55294.4626
K10G48O    18.40    0.15     1.54  0.033  -1.20   0   7   0  1.99653  1.71319  30.10010  55294.7267
  25037    15.10    0.15     4.08  0.097   1.37   0  11   7  2.56329  2.27102  22.90476  55294.8909
  58046    14.90    0.15     2.91  0.229  -1.20   0  10   0  2.52757  2.23323  23.24981  55294.8933
  72204    15.70    0.15     4.45  0.047   3.71   0   5   2  2.13998  1.87223  27.89635  55294.9906
  a9406    16.60    0.15     2.80  0.052   1.12   0  18  15  1.90324  1.52971  31.61385  55295.0249
  e8742    17.00    0.15     2.53  0.044   0.96   0  13  11  1.99564  1.70916  30.12015  55295.1254
  O7484    15.60    0.15     1.96  0.265  -1.20   0   9   0  2.10034  1.82635  28.47438  55295.1257
K10G51F    17.80    0.15     2.09  0.031  -1.20   0   6   0  2.39778  2.09285  24.59248  55295.2239
  80593    13.80    0.15     4.27  0.292   1.00   0  14  13  2.43896  2.13294  24.14276  55295.4208
  82105    15.20    0.15     2.91  0.174  -1.20   0   3   0  2.75243  2.47433  21.25196  55295.7527
  c2582    16.90    0.15     2.35  0.055  -1.20   0   9   0  2.29326  1.96985  25.78243  55295.9498
K10G55C    16.20    0.15     3.29  0.054  -1.20   0   4   0  2.74538  2.46299  21.30366  55295.9508
  L8144    15.00    0.15     2.46  0.291   1.10   0  28  21  1.69568  1.28430  36.07501  55296.0867
  g3354    17.90    0.15     1.89  0.034   1.64   0  17  16  1.60740  1.18686  38.44981  55296.3542
  f6595    16.10    0.15     4.37  0.034   1.82   0  12   7  2.55078  2.25394  23.02786  55296.4807
K10G58U    18.40    0.15     1.48  0.035  -1.20   0  14   0  2.06210  1.71101  28.93939  55296.6137
K10G62Z    17.20    0.15     1.55  0.097  -1.20   0  17   0  1.63333  1.27627  37.84551  55296.7091
K10G76W    16.70    0.15     2.96  0.042  -1.20   0   4   0  2.34937  2.11167  25.24481  55296.9731
K10G59Y    16.50    0.15     2.75  0.059  -1.20   0   7   0  2.58621  2.29504  22.70313  55297.1423
K10G78Y    17.80    0.15     1.98  0.034  -1.20   0  10   0  2.40248  2.08978  24.53822  55297.4032
K10G33W    16.50    0.15     2.69  0.061   1.29   0  27  26  1.61541  1.18694  38.21093  55297.6756
K10G68X    17.80    0.15     1.97  0.035  -1.20   0  15   0  1.89655  1.59598  31.90411  55297.7726
  F9493    14.20    0.15     4.10  0.220  -1.20   0   6   0  2.93023  2.74007  19.99958  55297.7728
K10G69H    16.80    0.15     2.26  0.066  -1.20   0   4   0  2.38210  2.14792  24.88287  55298.0371
  05585    13.90    0.15     7.37  0.090   1.02   0  12  10  3.61573  3.38914  16.03754  55298.0626
  02253    12.80    0.15     6.23  0.345   0.99   0  12  12  2.91765  2.64679  20.00545  55298.1994
K10G83F    16.70    0.15     2.32  0.069  -1.20   0   4   0  2.40534  2.09754  24.52508  55298.2647
  50867    15.00    0.15     2.75  0.233   1.07   0  21  19  1.74925  1.34403  34.81185  55298.5931
  A6628    15.00    0.15     2.98  0.199  -1.20   0   6   0  2.34408  2.10364  25.31678  55298.6957
K10G70J    15.80    0.15     4.05  0.052   1.60   0   9   6  2.34283  2.10669  25.33426  55298.6984
  08251    15.30    0.15     5.93  0.038   1.19   0  12  12  2.55427  2.33765  23.11050  55298.9596
K10G87L    17.40    0.15     1.76  0.063  -1.20   0   8   0  1.99155  1.70867  30.22772  55298.9621
  24814    14.80    0.15     2.94  0.245  -1.20   0   9   0  2.43026  2.20234  24.36525  55299.0914
  52439    14.80    0.15     2.65  0.301   1.09   0  11  11  1.80736  1.49187  33.69773  55299.0958
  A9346    15.90    0.15     4.19  0.044   1.10   0  13  10  2.54708  2.24557  23.07276  55299.2587
  05870    13.30    0.15     8.88  0.107   1.01   0   8   7  3.67597  3.52683  15.82955  55299.4846
  16529    13.60    0.15     7.57  0.112   2.11   0   7   3  3.05581  2.87565  19.15547  55299.4851
  O7877    16.30    0.15     3.42  0.046   1.04   0  11  11  2.25719  2.01021  26.37340  55299.4908
  U1968    14.50    0.15     7.11  0.055   0.99   0   9   7  3.67820  3.53171  15.81907  55299.4940
K10G90R    16.50    0.15     3.07  0.047  -1.20   0   8   0  2.54989  2.33389  23.15763  55299.6220
K10G72U    18.20    0.15     1.24  0.060  -1.20   0  15   0  1.71255  1.29649  35.67294  55299.9170
  05621    14.00    0.15     4.00  0.278  -1.20   0   9   0  2.84071  2.56293  20.57843  55299.9187
K10G92L    18.80    0.15     1.21  0.037  -1.20   0   4   0  1.81598  1.50753  33.52088  55300.0197
  A3732    14.90    0.15     2.92  0.228  -1.20   0   9   0  2.35409  2.03476  25.09752  55300.1820
K10G93O    18.40    0.15     1.47  0.036  -1.20   0   5   0  2.04780  1.69384  29.19192  55300.1881
  N7566    15.10    0.15     2.33  0.297   0.78   0   9   8  1.97547  1.69274  30.51499  55300.5512
  18181    13.10    0.15     6.01  0.282   1.05   0  13  13  1.93765  1.56229  31.01829  55300.7133
  b0199    15.80    0.15     2.12  0.188  -1.20   0   8   0  2.33431  2.01197  25.32652  55300.7154
  d3410    17.10    0.15     2.89  0.031   0.97   0  17  10  1.76606  1.44456  34.61606  55300.8137
K10G96J    17.90    0.15     2.08  0.028  -1.20   0  10   0  2.31673  1.99064  25.52570  55300.8470
K10GE7L    17.20    0.15     2.25  0.046   1.44   0  21  12  1.69377  1.35552  36.32473  55300.9429
K10GE8X    17.40    0.15     1.39  0.100  -1.20   0   8   0  2.00092  1.72373  30.09056  55300.9482
K10GF0V    17.80    0.15     1.57  0.054  -1.20   0  15   0  1.87648  1.48888  32.14677  55301.2408
  B4924    15.70    0.15     4.33  0.049   1.46   0  11   8  2.11822  1.85722  28.27373  55301.4764
  c3218    15.60    0.15     2.09  0.233  -1.20   0   6   0  2.13727  1.79061  27.85437  55301.5051
  07369    13.20    0.15     5.51  0.305   1.01   0   9   7  2.52827  2.31190  23.38188  55301.7394
K10GF4H    16.80    0.15     2.13  0.074  -1.20   0   3   0  2.32650  2.08844  25.54581  55301.7413
  92158    15.50    0.15     2.06  0.263   1.21   0  14  11  1.74739  1.35536  34.94060  55302.0292
K10H03J    18.80    0.15     1.14  0.041  -1.20   0   4   0  1.81746  1.51029  33.51787  55302.5303
K10H06A    16.40    0.15     2.33  0.090  -1.20   0   3   0  2.59279  2.29572  22.66454  55302.6347
  A0438    15.10    0.15     5.57  0.052   1.12   0  17  16  2.15172  1.80542  27.66208  55302.6980
K10H06R    19.20    0.15     0.95  0.041  -1.20   0   6   0  1.71985  1.29502  35.48215  55302.6989
  80107    15.60    0.15     2.19  0.211  -1.20   0   7   0  2.30358  1.97649  25.70447  55303.0938
  F2864    16.90    0.15     3.22  0.030  -1.20   0   6   0  2.75808  2.46517  21.22288  55303.2277
K10H11C    18.10    0.15     1.95  0.027  -1.20   0  12   0  2.22530  1.89137  26.68676  55303.3563
  Z1009    16.80    0.15     2.43  0.057   1.40   0  18  16  1.64923  1.30267  37.50271  55303.4568
K10H11Q    18.40    0.15     1.39  0.040  -1.20   0   9   0  2.04412  1.69162  29.28673  55303.5621
  N8851    16.70    0.15     3.42  0.032  -1.20   0   5   0  2.88854  2.61009  20.23773  55303.6231
  P2050    17.80    0.15     1.69  0.047  -1.20   0   9   0  2.05209  1.78300  29.29335  55303.6530
K10H14H    17.20    0.15     2.98  0.026  -1.20   0   6   0  2.78256  2.49558  21.04273  55304.2836
K10H14Z    17.80    0.15     2.32  0.025  -1.20   0  11   0  2.40705  2.09025  24.53048  55304.4154
K10H16D    17.80    0.15     2.21  0.027  -1.20   0   7   0  2.32042  2.08259  25.63963  55304.5166
  17640    13.60    0.15     4.87  0.271   1.30   0   6   6  2.38618  2.15836  24.88972  55304.9151
K05SO3L    17.60    0.15     2.07  0.038  -1.20   0   4   0  2.31662  1.98592  25.54869  55304.9475
K10H19N    16.40    0.15     3.24  0.046  -1.20   0   9   0  2.59967  2.29588  22.59953  55304.9492
K10H22F    18.70    0.15     1.05  0.053  -1.20   0  35   0  1.54087  1.08751  40.54616  55304.9504
  07660    14.40    0.15     3.41  0.264   0.98   0  24  22  1.83890  1.45529  32.97895  55305.0784
  23738    14.50    0.15     4.59  0.133   1.63   0   8   6  2.53503  2.22743  23.21531  55305.0808
  88191    16.70    0.15     1.28  0.224  -1.20   0   5   0  1.84851  1.54466  32.90993  55305.1780
  77971    15.20    0.15     2.23  0.297  -1.20   0   6   0  2.03603  1.76649  29.56601  55305.9726
  U2111    14.30    0.15     5.38  0.116   1.23   0  26  27  1.78663  1.47679  34.22007  55306.1008
K10H34T    16.60    0.15     3.53  0.033  -1.20   0  13   0  2.87062  2.61029  20.42840  55306.5399
  M2753    14.80    0.15     6.43  0.051   1.16   0  27  27  1.98118  1.63307  30.41013  55307.2657
K10H22Y    16.50    0.15     4.13  0.026  -1.20   0   7   0  3.22970  2.99843  18.08610  55307.2701
  U2785    15.40    0.15     4.39  0.064  -1.20   0   5   0  3.24907  3.08842  18.01736  55307.6965
K10H38P    18.10    0.15     1.91  0.028  -1.20   0   3   0  2.14727  1.89823  27.90557  55307.8270
  Z7355    16.80    0.15     2.54  0.052   0.95   0  33  29  1.71005  1.38425  36.01081  55308.0852
  K2409    16.60    0.15     1.13  0.315  -1.20   0   9   0  1.62640  1.28215  38.17726  55308.4847
  24242    14.50    0.15     3.70  0.205  -1.20   0   7   0  2.72644  2.46589  21.59262  55309.8425
K10H47C    18.10    0.15     1.66  0.037  -1.20   0   5   0  2.11457  1.86503  28.39384  55309.9396
  X3416    16.00    0.15     1.88  0.199  -1.20   0   5   0  2.22266  1.91444  26.83968  55310.1045
  19388    14.50    0.15     5.05  0.110   1.16   0   9   4  3.01117  2.84253  19.51018  55310.2035
K10H22K    19.30    0.15     0.83  0.049  -1.20   0   5   0  1.65318  1.25484  37.40660  55310.2333
  B4326    15.20    0.15     2.23  0.295  -1.20   0  12   0  2.19824  1.88648  27.16566  55310.6388
K10H51Q    18.10    0.15     1.82  0.031  -1.20   0   5   0  2.15203  1.90508  27.86375  55310.7309
  02074    13.90    0.15     4.58  0.232   1.48   0  22  22  1.90750  1.62540  31.82895  55310.8625
  X7096    16.40    0.15     3.54  0.039  -1.20   0   4   0  2.84838  2.59903  20.63665  55310.9697
K06QI5R    18.40    0.15     1.34  0.043  -1.20   0   6   0  1.81676  1.44419  33.53253  55311.0340
  10295    16.50    0.15     1.31  0.258  -1.20   0  15   0  1.64212  1.22931  37.67711  55311.1687
  07505    12.30    0.15    10.04  0.211   1.14   0  15  13  3.07511  2.83404  19.04838  55311.2994
  14653    14.30    0.15     3.79  0.235  -1.20   0  13   0  2.77727  2.51667  21.18310  55311.4323
  66419    14.20    0.15     3.84  0.250  -1.20   0  12   0  2.36326  2.14458  25.19518  55311.5300
K10H22V    15.80    0.15     4.08  0.051  -1.20   0   4   0  2.98199  2.74554  19.68131  55311.6901
K06H52A    19.90    0.15     0.73  0.036  -1.20   0  11   0  1.51536  1.06756  41.49314  55311.9627
K10H62O    17.50    0.15     2.52  0.028  -1.20   0   3   0  2.56842  2.29028  23.00223  55312.2221
  e5401    17.40    0.15     2.05  0.046  -1.20   0  12   0  2.16516  1.84454  27.61755  55312.2235
K10H61W    17.80    0.15     1.71  0.046  -1.20   0  10   0  1.86168  1.49445  32.62542  55312.2255
K10H68J    16.50    0.15     2.66  0.063  -1.20   0   8   0  2.50873  2.30701  23.65114  55313.1161
K10H68K    18.80    0.15     1.19  0.037  -1.20   0   4   0  1.80571  1.50367  33.87557  55313.1168
K10H68U    16.90    0.15     3.52  0.025  -1.20   0   5   0  2.93151  2.67808  20.02317  55313.1488
  31367    13.80    0.15     5.13  0.203   1.08   0   4   3  3.05268  2.81363  19.20681  55313.4197
K10H70H    17.10    0.15     2.28  0.049  -1.20   0   7   0  2.14827  1.90914  27.93742  55313.5143
K03X04V    17.70    0.15     1.70  0.051  -1.20   0   9   0  1.99483  1.73273  30.30529  55313.6456
  D4746    16.70    0.15     1.30  0.218  -1.20   0   8   0  1.85120  1.48024  32.84275  55313.6783
  M6213    17.30    0.15     1.52  0.092  -1.20   0  12   0  1.99557  1.64920  30.20779  55313.6811
  T4349    17.40    0.15     0.90  0.240  -1.20   0   6   0  1.64445  1.31518  37.74077  55313.7808
  X1614    15.80    0.15     4.55  0.041   0.83   0  11   7  3.00856  2.76332  19.49911  55313.8088
K10H72R    19.20    0.15     1.01  0.036  -1.20   0   9   0  1.70260  1.30215  36.14536  55313.8091
  07747    13.60    0.15     4.59  0.304  -1.20   0  13   0  2.88759  2.63010  20.34373  55313.8115
K10H82K    16.50    0.15     3.15  0.045  -1.20   0   6   0  2.50559  2.30448  23.68780  55313.9131
K10H76A    16.10    0.15     3.48  0.053   1.06   0  18  17  2.15976  1.92220  27.78347  55314.3046
K10H75Z    18.40    0.15     1.51  0.034  -1.20   0   4   0  2.03537  1.69845  29.56650  55314.3400
  b8305    17.70    0.15     0.61  0.397  -1.20   0  10   0  1.39493  0.97556  46.19991  55314.5115
  10416    14.50    0.15     3.60  0.216  -1.20   0   6   0  2.70117  2.51648  21.88242  55314.5710
K10H83J    16.80    0.15     2.92  0.040   2.08   0  16   8  1.99884  1.65249  30.16124  55314.6041
  O3881    16.70    0.15     2.06  0.087  -1.20   0   8   0  2.16656  1.93066  27.69080  55314.7042
  f6187    16.50    0.15     2.56  0.068   1.33   0  16   8  1.99001  1.72930  30.39426  55314.7080
  F9889    16.00    0.15     1.61  0.270  -1.20   0  11   0  1.93881  1.66730  31.28725  55314.7112
  61343    15.50    0.15     2.27  0.217   1.61   0  18   9  1.75818  1.45409  34.94169  55314.9691
  U6461    14.80    0.15     6.35  0.053   0.97   0  14   9  2.88888  2.71912  20.39869  55315.0966
K10H88V    16.50    0.15     2.50  0.071  -1.20   0   3   0  2.57353  2.29248  22.96702  55315.1367
  21788    14.10    0.15     4.49  0.201   1.48   0  13   7  2.56071  2.36612  23.15521  55315.2307
  A6239    16.00    0.15     1.65  0.258  -1.20   0   5   0  2.00151  1.74343  30.20472  55315.4989
K10H90R    17.10    0.15     2.00  0.064  -1.20   0  12   0  2.14796  1.90821  27.95817  55315.4990
K10H89D    14.90    0.15     6.17  0.051   2.09   0  10   4  2.94407  2.69130  19.94723  55315.5301
  26385    15.00    0.15     2.88  0.212  -1.20   0   8   0  2.54682  2.26308  23.22549  55315.5306
  d1000    17.10    0.15     1.31  0.149  -1.20   0  11   0  1.92809  1.56838  31.39578  55315.6614
  98889    13.90    0.15     3.97  0.308   1.08   0  15  15  1.58100  1.22987  39.57757  55315.7688
K10H94B    16.40    0.15     2.57  0.073   1.26   0  14   8  2.03174  1.68887  29.62822  55315.7935
  O0292    17.00    0.15     1.08  0.242  -1.20   0  20   0  1.65633  1.23932  37.33188  55315.7937
K10H95A    17.20    0.15     2.93  0.027  -1.20   0   6   0  2.74635  2.47882  21.45104  55315.9266
  39561    15.20    0.15     2.08  0.338   1.05   0  17  14  1.79560  1.49944  34.12180  55316.0323
  36771    14.60    0.15     3.12  0.262   1.48   0  12  10  1.64778  1.31705  37.68352  55316.1638
  05732    14.60    0.15     4.03  0.157  -1.20   0   6   0  2.98100  2.81722  19.74811  55316.4220
  H3475    15.60    0.15     2.27  0.198  -1.20   0   5   0  2.37488  2.16715  25.09318  55316.5610
  C4200    15.30    0.15     2.72  0.181  -1.20   0  12   0  2.44196  2.14355  24.28507  55316.9878
K10J04N    17.40    0.15     1.69  0.068  -1.20   0   9   0  1.96994  1.71005  30.75623  55317.2168
  24809    14.70    0.15     1.64  0.864  -1.20   0   7   0  1.86347  1.58126  32.72471  55317.4237
K10J04T    18.00    0.15     1.90  0.031  -1.20   0   3   0  2.16807  1.94012  27.68357  55317.4832
  58325    16.30    0.15     3.31  0.049   1.41   0  14   8  2.26911  2.05087  26.35784  55317.6133
  j8145    16.80    0.15     1.97  0.087   1.47   0  14   8  1.72574  1.42090  35.72013  55317.7454
K10J07S    16.90    0.15     3.51  0.025  -1.20   0   6   0  2.87702  2.70759  20.49853  55317.7504
K10J09L    17.50    0.15     2.40  0.031  -1.20   0   7   0  2.50458  2.31297  23.71824  55317.8778
K10J10U    17.80    0.15     1.34  0.075  -1.20   0   9   0  1.79781  1.50708  34.08881  55318.0132
  16724    14.00    0.15     6.55  0.103   0.75   0  11  11  3.04036  2.79174  19.30213  55318.0500
  27351    14.50    0.15     3.65  0.211  -1.20   0   6   0  2.91428  2.65391  20.16681  55318.3110
  62268    15.10    0.15     5.72  0.049   1.00   0  14  11  3.05841  2.80606  19.17716  55318.4413
  09082    14.00    0.15    10.12  0.043   1.78   0  12   7  3.90345  3.70035  14.92802  55318.4488
K10D02D    17.30    0.15     0.87  0.281  -1.20   0   4   0  1.67362  1.25407  36.88272  55318.5745
  F3474    16.20    0.15     3.41  0.050   1.20   0   9   6  2.32654  2.01677  25.58556  55318.5771
  69045    13.90    0.15     5.54  0.159   1.61   0  11   5  2.91365  2.65538  20.17826  55318.9692
K10J16Z    18.20    0.15     0.98  0.096  -1.20   0  12   0  1.70636  1.29465  36.06968  55318.9711
  67284    15.90    0.15     1.86  0.223  -1.20   0   5   0  1.94907  1.58455  31.02357  55319.2384
K10J18P    17.80    0.15     1.22  0.091  -1.20   0   6   0  1.87451  1.49423  32.39736  55319.3705
K10J19R    16.50    0.15     2.76  0.058  -1.20   0   5   0  2.49793  2.30471  23.79702  55319.5987
K10J20B    17.40    0.15     2.00  0.049  -1.20   0  13   0  2.17460  1.92241  27.62764  55319.6022
  G4269    16.70    0.15     1.18  0.266  -1.20   0   3   0  1.67624  1.36374  36.96131  55319.8665
K10J21T    18.40    0.15     1.71  0.027  -1.20   0   9   0  2.07809  1.73461  28.91732  55319.8988
  A0952    15.70    0.15     4.76  0.041   0.91   0  14  14  2.32596  2.01267  25.60079  55320.5581
  24693    13.80    0.15     4.41  0.274   1.08   0   9  10  2.30250  1.98310  25.87052  55320.5608
K10J25A    18.80    0.15     1.18  0.038  -1.20   0   5   0  1.87830  1.50044  32.34523  55320.8244
K10J25D    17.10    0.15     2.27  0.050  -1.20   0  16   0  2.21907  1.89080  26.92376  55320.8257
K10J25Q    17.50    0.15     2.60  0.026  -1.20   0   7   0  2.58177  2.29148  22.90766  55320.9586
K10J27E    16.10    0.15     3.21  0.062   1.41   0   9   7  2.21439  1.89561  27.01544  55321.4803
  00323     9.73    0.15    29.23  0.265   0.94   0  15  15  2.77473  2.50662  21.25193  55321.6229
  b0866    16.90    0.15     3.16  0.031   1.16   0  13  11  2.00920  1.65185  30.01331  55321.7504
  50354    15.70    0.15     1.98  0.238  -1.20   0  14   0  2.20904  1.88017  27.07071  55322.1468
K10J28K    16.30    0.15     3.25  0.051  -1.20   0  11   0  2.86962  2.60413  20.51305  55322.2815
K10J49U    16.20    0.15     3.31  0.053  -1.20   0   1   0  2.77386  2.49795  21.24671  55322.7425
K10J52N    17.20    0.15     2.93  0.027  -1.20   0   4   0  2.72210  2.50686  21.75008  55322.7787
J98X16Q    18.10    0.15     1.44  0.049  -1.20   0  23   0  1.70835  1.29151  36.04647  55322.8077
  31913    15.20    0.15     5.63  0.046   1.21   0   9   9  2.96310  2.69980  19.83475  55323.2077
K05E36N    17.20    0.15     1.97  0.060  -1.20   0  11   0  2.06538  1.71283  29.12239  55323.3368
  b8305    17.70    0.15     0.61  0.395  -1.20   0  19   0  1.39501  0.94508  46.33518  55323.4431
  W3182    16.20    0.15     1.84  0.173  -1.20   0   6   0  2.08991  1.80944  28.86343  55323.5680
  i0009    16.50    0.15     1.83  0.133  -1.20   0   3   0  2.18355  1.84728  27.40710  55323.6048
K10J56M    19.20    0.15     0.95  0.041  -1.20   0   4   0  1.66453  1.30352  37.30900  55323.6368
  j8145    16.80    0.15     1.96  0.088   1.38   0  26  21  1.69598  1.34610  36.51590  55323.6991
  a5937    16.60    0.15     3.46  0.034  -1.20   0  14   0  2.63985  2.42031  22.47397  55324.2284
  31843    15.00    0.15     2.63  0.256  -1.20   0  10   0  2.43559  2.12831  24.38264  55324.2641
  b6955    16.50    0.15     1.22  0.299  -1.20   0  22   0  1.62165  1.18262  38.32909  55324.3939
  c5368    16.90    0.15     1.94  0.082  -1.20   0  11   0  2.04539  1.69225  29.44913  55324.3951
K10J64F    17.10    0.15     2.07  0.059  -1.20   0  13   0  2.21909  1.88982  26.95151  55324.7966
  G4269    16.70    0.15     1.18  0.264  -1.20   0  18   0  1.66171  1.30323  37.40946  55325.0264
  00699    11.72    0.15    12.19  0.244   1.02   0  14  13  3.66612  3.43622  15.92318  55325.3199
K10J67V    17.80    0.15     1.52  0.058  -1.20   0  10   0  1.82519  1.50537  33.58190  55325.4269
  O4689    17.30    0.15     0.99  0.218  -1.20   0   2   0  1.64460  1.28014  37.85971  55325.5540
  03674    12.00    0.15     9.25  0.327   0.93   0  16  16  2.22898  1.97259  26.92907  55325.5550
K10J69G    16.70    0.15     2.35  0.067  -1.20   0   6   0  2.41048  2.09790  24.65280  55325.5884
K10J80U    17.80    0.15     1.14  0.104  -1.20   0  11   0  1.82583  1.50599  33.57160  55325.9568
K10J90H    19.20    0.15     0.92  0.044  -1.20   0   4   0  1.65234  1.28508  37.65702  55326.0827
  N4312    17.40    0.15     0.97  0.205  -1.20   0   1   0  1.79335  1.40078  34.13414  55326.1882
  37671    14.70    0.15     2.92  0.273   1.39   0  15  11  2.07975  1.72761  28.91988  55326.2510
  f6301    17.20    0.15     1.17  0.171  -1.20   0  19   0  1.65723  1.30082  37.54501  55326.3439
K10J91P    17.10    0.15     1.95  0.067  -1.20   0   9   0  2.22817  1.89882  26.83951  55326.3783
  U7566    17.20    0.15     1.16  0.174  -1.20   0   8   0  1.74116  1.40233  35.44368  55326.4815
K10J92V    16.40    0.15     2.46  0.081  -1.20   0   9   0  2.53665  2.31261  23.45558  55326.4831
  i0760    16.40    0.15     1.47  0.227  -1.20   0   8   0  2.00730  1.64106  30.05753  55326.6451
K10J93Y    17.60    0.15     1.42  0.080  -1.20   0   8   0  1.89136  1.58143  32.26639  55326.7464
K10J95E    14.90    0.15     3.84  0.132  -1.20   0   5   0  2.96204  2.68881  19.84009  55326.7770
  A5175    15.60    0.15     2.35  0.185  -1.20   0   4   0  2.20708  1.94633  27.22403  55326.8772
  71997    16.00    0.15     1.58  0.282  -1.20   0  11   0  1.81440  1.49394  33.82045  55326.8782
K10J95Z    17.70    0.15     1.19  0.104  -1.20   0   5   0  1.81130  1.48680  33.88019  55326.8784
  Y7505    16.40    0.15     1.37  0.259  -1.20   0  11   0  1.86848  1.55669  32.71867  55327.1404
K10J96U    18.80    0.15     1.20  0.037  -1.20   0  12   0  1.82794  1.51007  33.53778  55327.1414
  03401    12.30    0.15     9.44  0.238   1.34   0  10   8  2.75466  2.54936  21.50620  55327.1439
K10J98K    18.80    0.15     1.13  0.042  -1.20   0  11   0  1.88386  1.50167  32.27716  55327.1774
  F2748    17.20    0.15     1.73  0.078  -1.20   0   9   0  2.10891  1.83639  28.61508  55327.5373
  C1210    15.90    0.15     2.64  0.111   2.23   0  16  16  1.61080  1.24131  38.83300  55327.5388
  13153    15.50    0.15     2.34  0.203   1.60   0  17  13  1.62364  1.25786  38.47075  55327.5402
K10J97A    19.20    0.15     0.82  0.055  -1.20   0   2   0  1.65594  1.30087  37.58247  55327.6105
K10J81K    16.80    0.15     2.47  0.055  -1.20   0  15   0  2.34810  2.10836  25.47737  55327.6775
K10JA0H    16.30    0.15     2.49  0.086  -1.20   0   5   0  2.59710  2.37414  22.88328  55327.9396
  46780    14.50    0.15     3.36  0.248  -1.20   0   9   0  2.64607  2.35139  22.34187  55328.2347
  O8920    16.40    0.15     2.99  0.054  -1.20   0  11   0  2.38848  2.15195  25.01965  55328.4666
K10JA7B    17.50    0.15     2.51  0.028  -1.20   0   6   0  2.52909  2.30602  23.54116  55328.4671
  a7676    17.60    0.15     1.00  0.161  -1.20   0  15   0  1.67767  1.32545  37.03063  55328.5960
  D3048    15.40    0.15     5.02  0.048   1.03   0  20  20  1.77331  1.44731  34.73434  55328.6037
K10JA7J    18.80    0.15     1.25  0.034  -1.20   0   9   0  1.85961  1.54793  32.90516  55328.7340
  06874    13.80    0.15     4.96  0.217   1.00   0  12  12  2.53228  2.22848  23.40763  55328.7644
K10JA9R    15.40    0.15     3.96  0.078   1.07   0  10   9  2.59041  2.29285  22.85615  55328.8925
  T8747    17.30    0.15     2.61  0.031  -1.20   0  10   0  2.54654  2.24257  23.26644  55328.8967
K10JC4X    18.80    0.15     1.30  0.031  -1.20   0   5   0  1.82889  1.51479  33.53348  55329.1263
K10JC5S    18.20    0.15     0.97  0.098  -1.20   0   7   0  1.66264  1.30378  37.42249  55329.1927
K10JC7O    17.40    0.15     1.48  0.088  -1.20   0  14   0  1.99252  1.70819  30.47241  55329.2542
  j2419    15.40    0.15     2.08  0.284  -1.20   0  15   0  2.03069  1.75092  29.83997  55329.2566
K10JC9Z    16.40    0.15     2.71  0.066  -1.20   0   6   0  2.59398  2.29491  22.82167  55329.5553
K10JC8U    16.40    0.15     2.61  0.072  -1.20   0   3   0  2.59530  2.29583  22.80798  55329.5590
K10JD2A    17.80    0.15     1.14  0.104  -1.20   0   6   0  1.81467  1.49784  33.84013  55329.9199
K10JD2O    17.80    0.15     2.12  0.030  -1.20   0   9   0  2.34552  2.10690  25.52079  55329.9231
  21028    13.20    0.15     6.07  0.252   1.25   0  10  10  2.76476  2.56270  21.43779  55329.9233
K10JD4B    16.80    0.15     2.07  0.079  -1.20   0   6   0  2.34607  2.10770  25.51521  55330.1829
K10JD4E    17.40    0.15     1.59  0.077  -1.20   0  10   0  1.99509  1.71069  30.43547  55330.1844
  R0303    16.70    0.15     3.53  0.030  -1.20   0   7   0  2.97157  2.70152  19.79728  55330.3478
  44010    15.00    0.15     5.00  0.071   0.96   0  14  12  3.00225  2.72928  19.57741  55330.4845
K10JD7Q    16.50    0.15     2.31  0.083  -1.20   0   5   0  2.52954  2.30803  23.54847  55330.6522
  17435    14.30    0.15     4.20  0.191  -1.20   0   5   0  3.10174  2.92409  19.01663  55330.7103
K10JD9O    16.40    0.15     2.04  0.117  -1.20   0  14   0  1.98931  1.70748  30.53928  55330.9750
  A8516    14.50    0.15     3.81  0.193  -1.20   0   5   0  3.02925  2.76376  19.40950  55331.0746
  W5766    17.10    0.15     1.50  0.113  -1.20   0   8   0  1.94621  1.65730  31.29048  55331.1100
K10JE2C    17.10    0.15     1.93  0.068  -1.20   0  15   0  2.22918  1.89402  26.84565  55331.2796
K10JE2K    17.40    0.15     1.77  0.062  -1.20   0   9   0  2.05537  1.69013  29.30170  55331.4105
  L0482    16.80    0.15     0.98  0.349  -1.20   0  11   0  1.64945  1.29803  37.80214  55331.5096
K10JC4A    18.20    0.15     1.00  0.093  -1.20   0  11   0  1.65548  1.30610  37.63997  55331.6433
  96487    14.10    0.15     5.44  0.137  -1.20   0   7   0  3.26600  3.09684  18.03121  55331.7688
  N9974    17.50    0.15     1.68  0.063  -1.20   0  14   0  1.91954  1.53353  31.60967  55331.8055
K10JE6V    16.40    0.15     2.46  0.080  -1.20   0   3   0  2.59821  2.29257  22.77784  55331.9393
  31832    14.70    0.15     3.31  0.213   1.19   0  14  13  2.26398  1.92568  26.38258  55332.0695
  g2719    17.20    0.15     1.96  0.061  -1.20   0  10   0  2.11365  1.85128  28.57877  55332.4338
K10K05D    15.50    0.15     2.84  0.138  -1.20   0   8   0  2.52435  2.30626  23.61129  55332.5676
K10K05N    15.20    0.15     3.30  0.135  -1.20   0   8   0  2.78181  2.49175  21.20586  55332.5979
K10K06B    16.80    0.15     2.70  0.046  -1.20   0  10   0  2.41048  2.09146  24.68085  55332.6030
K10K10X    19.40    0.15     0.81  0.046  -1.20   0  18   0  1.66773  1.25686  37.24355  55332.6071
  f6741    17.80    0.15     1.00  0.133  -1.20   0  23   0  1.69438  1.26897  36.47726  55332.7347
  A6189    15.70    0.15     1.94  0.246   1.22   0  24  15  1.68875  1.34847  36.78963  55333.0921
K10K15F    15.90    0.15     3.51  0.063  -1.20   0   4   0  2.89198  2.70738  20.46627  55333.0977
K10K15R    16.70    0.15     2.22  0.075  -1.20   0   3   0  2.42745  2.09998  24.46932  55333.1292
  34817    14.10    0.15     4.28  0.221   4.26   0   8   4  2.09781  1.74778  28.69650  55333.2564
K10K16X    18.40    0.15     1.50  0.035  -1.20   0   8   0  2.05253  1.69157  29.37559  55333.5220
  14982    14.30    0.15     3.66  0.251  -1.20   0   3   0  2.92944  2.64372  20.07975  55333.5260
  31098    14.70    0.15     3.69  0.171  -1.20   0  11   0  2.90349  2.62865  20.29685  55333.6537
K10K18Z    18.80    0.15     1.08  0.046  -1.20   0   4   0  1.81982  1.50619  33.76428  55333.8930
K10K22R    15.80    0.15     2.77  0.110   1.18   0  19  18  1.94858  1.56563  31.09883  55334.0524
K10K21V    17.70    0.15     2.17  0.031  -1.20   0   7   0  2.41396  2.09695  24.65489  55334.0595
K10K23P    17.50    0.15     2.66  0.025  -1.20   0   5   0  2.52293  2.30801  23.63488  55334.1560
K03B35R    17.70    0.15     0.63  0.368  -1.20   0   9   0  1.44128  1.02182  44.57995  55334.2942
K07P15W    16.50    0.15     1.54  0.187  -1.20   0   4   0  2.04696  1.67663  29.43904  55334.3183
K10K24V    17.40    0.15     1.72  0.065  -1.20   0  16   0  1.99030  1.71219  30.54646  55334.4161
  22449    13.90    0.15     4.72  0.219   1.12   0  12  10  2.66273  2.45913  22.32601  55334.5549
K10K27B    16.20    0.15     3.08  0.062  -1.20   0   5   0  2.78520  2.49241  21.18099  55334.5861
  07330    13.40    0.15     5.68  0.239   0.91   0  14  14  2.79082  2.59712  21.25152  55334.6795
  10548    14.50    0.15     3.43  0.238  -1.20   0  14   0  2.54740  2.23254  23.26075  55334.7158
K10K29L    17.10    0.15     1.98  0.065  -1.20   0  18   0  2.23376  1.89397  26.79076  55334.8507
K10K30E    18.80    0.15     1.18  0.039  -1.20   0   5   0  1.81858  1.50548  33.79611  55334.9506
  47035    12.80    0.15     8.26  0.197   1.06   0  10   8  3.51963  3.36831  16.70328  55334.9527
  D1702    14.60    0.15     2.42  0.437   1.12   0  11  11  1.67822  1.25874  36.93715  55334.9733
K10K32O    16.40    0.15     3.02  0.053  -1.20   0  16   0  2.59890  2.30850  22.82605  55335.3804
  31869    14.40    0.15     3.77  0.216   1.25   0  24  21  2.20469  1.87283  27.21400  55335.6436
  15790    13.50    0.15     5.85  0.205   1.28   0  19  14  2.83733  2.56767  20.82204  55335.7772
  T4169    15.50    0.15     2.20  0.230  -1.20   0  10   0  2.24777  2.00783  26.75225  55335.8745
  e0549    17.00    0.15     1.31  0.163  -1.20   0  15   0  1.72842  1.32637  35.72877  55336.1011
  15700    14.70    0.15     2.95  0.268   1.33   0  35  34  1.52210  1.13732  41.67762  55336.1323
K10K57G    16.90    0.15     2.19  0.064  -1.20   0  17   0  2.33410  2.01972  25.60071  55336.1752
  99321    16.90    0.15     1.94  0.082  -1.20   0  10   0  2.00511  1.73308  30.31134  55336.8007
K10K45J    17.40    0.15     1.94  0.051  -1.20   0  12   0  1.98464  1.70822  30.66018  55336.9367
K10K45K    17.80    0.15     2.06  0.031  -1.20   0   5   0  2.33826  2.10815  25.64656  55337.0633
K10K45L    17.10    0.15     1.87  0.073  -1.20   0  10   0  2.16156  1.91157  27.91754  55337.0637
  63341    14.00    0.15     3.88  0.295   1.11   0  34  34  1.62746  1.27707  38.46048  55337.0715
  U6866    15.70    0.15     4.97  0.038  -1.20   0   9   0  3.26968  3.11181  18.02965  55337.1975
  66358    15.60    0.15     1.96  0.264   1.18   0  26  19  1.61156  1.25693  38.91114  55337.5930
  21104    13.80    0.15     4.42  0.273   1.20   0  11  11  2.16521  1.91575  27.87001  55337.7271
K10K58J    17.80    0.15     1.33  0.076  -1.20   0  11   0  1.81289  1.50644  33.94127  55337.7285
  U6769    16.30    0.15     1.84  0.157   1.24   0  17   8  1.69471  1.36280  36.67815  55337.8612
K10K48S    17.50    0.15     2.42  0.030  -1.20   0  13   0  2.51686  2.30623  23.71381  55337.8637
K10KC7J    18.80    0.15     1.26  0.034  -1.20   0  23   0  1.69749  1.36658  36.61079  55338.1207
K10K51J    18.20    0.15     0.92  0.109  -1.20   0   4   0  1.64370  1.30381  38.01453  55338.7855
  O7748    15.90    0.15     1.87  0.220  -1.20   0   6   0  2.14967  1.90167  28.09566  55339.0514
K10K40O    17.20    0.15     3.04  0.025  -1.20   0  12   0  2.70976  2.51953  21.93981  55339.5729
  02577    13.18    0.15     4.72  0.423   1.52   0  18  18  2.15573  1.90777  28.01483  55339.7068
  38181    14.60    0.15     3.23  0.245   1.07   0  10   8  2.16191  1.91610  27.92667  55339.7090
  65817    16.00    0.15     3.52  0.057   1.50   0  19  18  1.66284  1.32415  37.51438  55339.7103
K10K64L    15.50    0.15     4.02  0.069   1.61   0   8   4  2.56218  2.28877  23.23098  55340.0035
  H4287    15.80    0.15     2.09  0.193   2.10   0  16   7  1.63717  1.29256  38.21164  55340.1092
K10K65Z    15.50    0.15     3.72  0.080   1.19   0  12   7  2.56938  2.29148  23.15477  55340.1433
K10K65J    17.50    0.15     2.67  0.025  -1.20   0   7   0  2.51662  2.30494  23.72549  55340.2409
K10K68W    15.20    0.15     5.13  0.056   1.61   0   8   5  2.69926  2.50853  22.03252  55340.5074
K10K69A    16.80    0.15     2.24  0.067  -1.20   0   5   0  2.32744  2.10040  25.78981  55340.5085
  b6786    16.60    0.15     3.40  0.035  -1.20   0  12   0  2.74061  2.55351  21.68372  55340.6369
K10K70E    16.20    0.15     3.15  0.059  -1.20   0   9   0  2.75656  2.49387  21.50336  55340.6686
  U8020    15.30    0.15     3.54  0.107  -1.20   0   3   0  2.72456  2.45665  21.76460  55340.6710
  V3593    16.70    0.15     1.97  0.095   1.21   0  21  16  1.65443  1.31583  37.74619  55340.7679
  E6134    16.10    0.15     1.75  0.209   2.06   0  13   8  1.44190  1.03245  44.62144  55340.7695
  06485    13.90    0.15     4.14  0.284   1.09   0  20  20  2.16916  1.84895  27.76487  55340.7991
K10K70H    16.20    0.15     3.20  0.057  -1.20   0   5   0  2.76208  2.49702  21.45337  55340.8037
K10K60P    19.20    0.15     1.02  0.036  -1.20   0  14   0  1.64791  1.30819  37.92298  55341.0346
  30963    14.20    0.15     4.10  0.220  -1.20   0  10   0  2.99217  2.74912  19.74256  55341.0716
  f6211    16.40    0.15     2.23  0.098   1.04   0  22  19  1.73491  1.41578  35.72082  55341.1701
  D1702    14.60    0.15     2.45  0.425   1.09   0  21  18  1.70507  1.31390  36.38581  55341.1918
K10K74J    17.80    0.15     1.46  0.063  -1.20   0  14   0  1.80847  1.50583  34.05911  55341.2966
K10K71G    17.50    0.15     2.44  0.030  -1.20   0   3   0  2.57145  2.29620  23.14326  55341.3999
  a0509    17.10    0.15     2.23  0.051   1.92   0  28  13  1.73123  1.41118  35.81002  55341.5618
K10K73P    16.50    0.15     2.74  0.059  -1.20   0   6   0  2.52912  2.32424  23.60560  55341.5635
K10K60V    18.20    0.15     0.99  0.095  -1.20   0  12   0  1.64348  1.30339  38.04533  55341.5647
K10K77D    17.40    0.15     1.56  0.080  -1.20   0  15   0  2.03160  1.69039  29.82798  55341.5935
K10K77K    17.30    0.15     2.24  0.042   1.54   0  21  10  1.85484  1.48832  33.02490  55341.6017
  03397    13.40    0.15     5.57  0.248   1.24   0   7   5  3.02372  2.85756  19.56962  55341.8318
  60689    16.00    0.15     2.11  0.158   2.02   0  19  12  1.59863  1.24585  39.32029  55341.9595
K10K81C    17.50    0.15     2.65  0.025  -1.20   0  12   0  2.50724  2.30283  23.82794  55342.0954
  66294    15.40    0.15     2.20  0.252  -1.20   0   3   0  2.43019  2.13407  24.56315  55342.1256
  b0785    16.30    0.15     3.33  0.048  -1.20   0  10   0  2.83940  2.57699  20.84351  55342.2570
  N1801    15.70    0.15     2.30  0.175   1.51   0  13   9  1.86057  1.48742  32.89110  55342.2592
  c0199    15.90    0.15     1.70  0.267  -1.20   0  12   0  1.80102  1.49880  34.22652  55342.4894
  a5426    17.90    0.15     0.80  0.191  -1.20   0   9   0  1.57726  1.21870  39.96469  55342.4907
  S3557    16.30    0.15     3.33  0.048  -1.20   0   7   0  2.88724  2.63039  20.48652  55342.5244
K10K85J    16.80    0.15     2.30  0.064  -1.20   0   5   0  2.41011  2.11008  24.78072  55342.6538
  O2196    15.90    0.15     1.72  0.260  -1.20   0  14   0  2.02868  1.76819  29.95795  55342.8842
  02968    14.80    0.15     6.24  0.055   1.22   0  14  14  2.60816  2.32922  22.79492  55342.9174
  A1742    14.60    0.15     7.79  0.042   0.82   0  14  14  2.38041  2.07867  25.11708  55342.9179
  41588    13.10    0.15     6.41  0.247   1.07   0  13  12  2.96464  2.79631  19.98064  55343.0148
  N6393    15.90    0.15     4.24  0.043  -1.20   0   4   0  3.16994  2.92851  18.58713  55343.1838
K10K90F    17.80    0.15     1.25  0.085  -1.20   0  17   0  1.85979  1.49039  32.92649  55343.3207
K10K92E    17.40    0.15     1.80  0.060  -1.20   0  10   0  1.97573  1.70938  30.84900  55343.5501
K10K93M    19.20    0.15     0.96  0.040  -1.20   0   5   0  1.64228  1.30528  38.08925  55343.6801
  U7544    16.00    0.15     1.51  0.310   0.89   0  17  15  1.51671  1.05717  41.78926  55343.7164
  B1346    16.60    0.15     1.09  0.340  -1.20   0  18   0  1.70573  1.38522  36.44227  55343.8117
  60886    16.40    0.15     1.10  0.403  -1.20   0  13   0  1.65748  1.32391  37.68636  55343.9459
K10K96D    16.80    0.15     2.40  0.058  -1.20   0   7   0  2.39833  2.09414  24.91093  55343.9768
  37378    15.40    0.15     2.19  0.254  -1.20   0   9   0  2.02711  1.68412  29.91110  55344.1059
  U6722    15.90    0.15     5.21  0.028  -1.20   0  10   0  3.39575  3.17161  17.32437  55344.6443
  03040    13.80    0.15     3.99  0.335   1.22   0  15  13  2.04565  1.78876  29.69512  55344.7350
K10KA2F    16.20    0.15     3.27  0.055  -1.20   0  10   0  2.76219  2.49406  21.46315  55344.7719
K10KA2L    17.10    0.15     1.72  0.086  -1.20   0  14   0  2.21047  1.88817  27.20658  55344.7745
K10KA2T    16.40    0.15     2.61  0.071   1.20   0  20  19  1.97813  1.71055  30.81687  55344.8677
  D8970    16.70    0.15     1.09  0.311  -1.20   0   4   0  1.68560  1.35334  36.95622  55345.0663
K10K61N    17.80    0.15     1.37  0.072  -1.20   0  21   0  1.66589  1.33380  37.47587  55345.1404
K10A48W    17.60    0.15     2.18  0.034   1.21   0  20  13  1.80219  1.41434  34.11593  55345.3031
K10K61P    17.70    0.15     1.42  0.073   1.23   0  30  18  1.53997  1.09297  41.05720  55345.3066
  19877    16.80    0.15     1.11  0.272  -1.20   0   3   0  1.80876  1.50879  34.07591  55345.3988
  A1496    15.00    0.15     2.79  0.228   1.11   0  22  19  1.83949  1.54909  33.43350  55345.5340
  05642    14.00    0.15     4.31  0.239  -1.20   0  10   0  3.01836  2.76970  19.56953  55345.5612
K10KA6E    18.40    0.15     1.44  0.037  -1.20   0   5   0  2.03643  1.69815  29.77630  55345.5612
  33073    15.00    0.15     4.67  0.081  -1.20   0   8   0  3.12132  2.87151  18.88788  55345.5636
  31845    16.30    0.15     1.07  0.465  -1.20   0  19   0  1.56182  1.20357  40.46262  55345.6642
  A1795    15.10    0.15     7.37  0.030   1.03   0  15  15  2.58266  2.29886  23.03947  55345.8328
  99795    14.70    0.15     3.59  0.181   1.64   0  12  10  2.15531  1.82382  27.96530  55346.3570
  C4357    15.60    0.15     2.61  0.149  -1.20   0   8   0  2.62560  2.34225  22.63848  55346.3610
  F9463    16.20    0.15     4.67  0.027   1.36   0  10   4  2.78498  2.51519  21.27936  55346.6253
K10KB4P    16.50    0.15     2.52  0.070  -1.20   0   4   0  2.50398  2.30395  23.87667  55346.6574
K10KB8O    16.70    0.15     1.34  0.204  -1.20   0   5   0  1.85772  1.57452  33.06541  55346.7235
K10KB9H    18.10    0.15     1.67  0.037  -1.20   0   4   0  2.14526  1.90882  28.19418  55346.8577
  05892    13.60    0.15     4.41  0.330   0.82   0  14  10  2.63867  2.45147  22.59101  55347.1195
  W6741    16.70    0.15     3.51  0.030   1.41   0   9   5  2.30568  2.08522  26.08184  55347.5191
  03287    14.10    0.15     6.14  0.107   0.96   0  11  11  2.54618  2.25199  23.38203  55347.6810
  26129    13.80    0.15     5.21  0.196   0.88   0  12   5  3.24228  3.09638  18.21926  55347.7772
K10KB8G    17.80    0.15     1.70  0.046  -1.20   0  11   0  1.75227  1.44934  35.34725  55347.9162
K10L03A    17.80    0.15     1.25  0.086  -1.20   0   8   0  1.87104  1.49228  32.70081  55348.2102
K10L03K    18.80    0.15     1.11  0.043  -1.20   0   6   0  1.88108  1.50229  32.49673  55348.2138
K10L00S    18.50    0.15     0.93  0.082  -1.20   0  14   0  1.47751  1.09885  43.32572  55348.3096
K10L03X    17.80    0.15     2.13  0.030  -1.20   0   6   0  2.39793  2.09048  24.92796  55348.3418
  A3501    15.10    0.15     3.12  0.165   2.04   0  15   7  2.04900  1.69869  29.55684  55348.3425
  G5222    16.10    0.15     3.53  0.052   1.19   0  38  32  1.71982  1.38758  36.13745  55348.5731
K10L00T    18.30    0.15     1.14  0.065  -1.20   0  17   0  1.53102  1.16733  41.47207  55348.5731
K01U01D    15.50    0.15     2.13  0.246  -1.20   0   6   0  2.31476  2.00390  25.90410  55348.6048
K10L00W    18.10    0.15     0.95  0.113  -1.20   0   8   0  1.65572  1.32904  37.76040  55348.9692
  09773    13.70    0.15     5.21  0.216   1.16   0   9   9  2.48780  2.18940  23.97225  55349.0020
K10L08V    17.80    0.15     1.40  0.068  -1.20   0  15   0  1.87583  1.49414  32.59868  55349.0054
  A3276    16.80    0.15     2.98  0.038  -1.20   0   7   0  2.71927  2.43803  21.81680  55349.1385
K10L00X    19.50    0.15     0.95  0.031  -1.20   0   4   0  1.64744  1.32085  37.98146  55349.2374
  60733    15.30    0.15     4.87  0.057   0.94   0  14  14  2.76026  2.48390  21.48142  55349.4031
K10L14L    20.20    0.15     0.61  0.040  -1.20   0  14   0  1.46846  0.99908  43.57676  55349.4094
  L0744    16.50    0.15     1.26  0.281  -1.20   0   5   0  1.64844  1.31914  37.96088  55349.5019
  03854    14.10    0.15     3.62  0.308   1.15   0  20  16  2.08926  1.82606  29.04403  55349.5054
  32122    14.40    0.15     4.02  0.190  -1.20   0  12   0  2.89809  2.63168  20.41352  55349.5370
K10L33P    19.60    0.15     0.79  0.040  -1.20   0   4   0  1.47728  1.09842  43.34224  55349.6321
  A6988    14.70    0.15     7.18  0.045   1.42   0  12   6  3.47778  3.24661  16.90285  55349.8024
K10L20J    18.80    0.15     1.20  0.037  -1.20   0   5   0  1.87903  1.49750  32.54205  55350.5928
K10L20S    16.80    0.15     2.21  0.069  -1.20   0  12   0  2.39274  2.08788  25.00316  55350.5971
  34755    14.20    0.15     3.62  0.282  -1.20   0  11   0  2.79260  2.51939  21.22695  55350.7282
  N4420    17.10    0.15     2.62  0.037   1.52   0  14   9  2.00605  1.64579  30.25938  55351.2527
  15673    14.40    0.15     4.06  0.186   1.29   0  14   9  2.48844  2.18545  23.96508  55351.2533
K10L22D    16.80    0.15     2.21  0.069  -1.20   0   5   0  2.40368  2.09473  24.87225  55351.6508
  N4302    16.60    0.15     3.72  0.029   1.08   0   6   4  2.61079  2.31912  22.78154  55352.3145
K10L15K    17.40    0.15     1.01  0.190  -1.20   0  20   0  1.54043  1.08263  41.06215  55352.4393
K10L28B    16.40    0.15     2.60  0.072  -1.20   0   8   0  2.58714  2.29483  23.00641  55352.8441
  06909    13.70    0.15    12.25  0.039   0.79   0  10  10  3.94765  3.74254  14.85764  55353.0997
K10L28X    16.20    0.15     3.18  0.058  -1.20   0  10   0  2.77388  2.49345  21.37350  55353.1075
  29180    14.30    0.15     4.25  0.187  -1.20   0   9   0  2.98800  2.71981  19.77092  55353.2382
K10KB8G    17.80    0.15     1.98  0.034   1.51   0  13   6  1.73753  1.39229  35.72753  55353.4728
K10L32K    18.40    0.15     1.42  0.038  -1.20   0  11   0  2.04246  1.68807  29.67816  55353.6316
  f6404    17.70    0.15     1.11  0.119  -1.20   0  16   0  1.71608  1.36297  36.24205  55353.6674
  H2425    15.30    0.15     2.74  0.179  -1.20   0   5   0  2.46510  2.22725  24.30332  55353.7374
K10L37J    17.80    0.15     1.33  0.076  -1.20   0   7   0  1.89023  1.51338  32.35179  55353.7639
K10L33A    16.40    0.15     3.01  0.054  -1.20   0   7   0  2.59385  2.29685  22.93453  55353.7685
K10L35U    18.20    0.15     0.94  0.105  -1.20   0   8   0  1.66414  1.30284  37.57226  55353.8638
K10L00X    19.50    0.15     0.94  0.032  -1.20   0  17   0  1.64278  1.27415  38.14843  55354.1325
K10L40F    19.20    0.15     0.94  0.042  -1.20   0  13   0  1.66918  1.30805  37.44091  55354.2644
  c5355    16.70    0.15     1.28  0.226  -1.20   0  13   0  1.86540  1.49170  32.86267  55354.3034
  U6665    16.80    0.15     1.14  0.258  -1.20   0   5   0  1.78743  1.38593  34.45134  55354.4278
K10L41H    16.60    0.15     2.44  0.068  -1.20   0  14   0  2.17623  1.90958  27.79385  55354.5256
K10L42G    16.70    0.15     2.08  0.085  -1.20   0   5   0  2.40739  2.09496  24.83460  55354.5585
K10L42R    17.80    0.15     1.25  0.086  -1.20   0   5   0  1.82600  1.50485  33.76207  55354.6586
K10L43F    17.20    0.15     2.98  0.026  -1.20   0   6   0  2.71102  2.49926  21.98110  55354.6625
  F5287    16.90    0.15     2.65  0.044  -1.20   0  12   0  2.55072  2.24860  23.34539  55354.6941
K10L44Z    17.10    0.15     2.04  0.061  -1.20   0  14   0  2.17832  1.91182  27.76633  55354.9279
  S7924    17.40    0.15     1.33  0.109  -1.20   0  10   0  1.97164  1.59999  30.84346  55354.9598
K10L46K    19.20    0.15     0.84  0.052  -1.20   0   6   0  1.66221  1.30495  37.63127  55355.0634
  32575    15.20    0.15     2.90  0.174  -1.20   0   7   0  2.53245  2.22606  23.51813  55355.0905
  N4242    16.40    0.15     1.52  0.210  -1.20   0   6   0  2.09512  1.74159  28.84573  55355.2233
K10L48R    17.30    0.15     2.41  0.037   1.87   0  12   5  1.82845  1.50652  33.71581  55355.4532
  U7298    16.70    0.15     1.15  0.280  -1.20   0   9   0  1.67924  1.32332  37.18892  55355.8543
  24970    15.00    0.15     3.78  0.124   2.02   0  13   9  2.09620  1.74267  28.83241  55355.8853
  02423    13.30    0.15     5.44  0.286   0.92   0  12  11  2.66074  2.36667  22.32813  55356.0161
K10L54P    17.70    0.15     2.25  0.029  -1.20   0   7   0  2.35361  2.10967  25.54611  55356.1157
K10L36K    16.00    0.15     2.52  0.111   0.93   0  14  13  1.94153  1.64095  31.51960  55356.1200
  Y4551    17.20    0.15     2.26  0.046   1.16   0  19  15  1.85091  1.45856  33.11480  55356.1460
K10L36L    14.90    0.15     4.26  0.107  -1.20   0  12   0  2.96267  2.69351  19.95672  55356.2847
  23250    15.00    0.15     3.27  0.166  -1.20   0   2   0  2.78099  2.57310  21.40444  55356.5125
K10L57X    16.50    0.15     2.76  0.058  -1.20   0   8   0  2.52605  2.30119  23.69195  55356.5182
K10L57Z    18.10    0.15     1.68  0.036  -1.20   0   5   0  2.21249  1.87995  27.20472  55356.5421
  03416    13.20    0.15     7.85  0.151   1.50   0  14  14  1.95884  1.58259  31.06604  55356.5456
  a3802    17.30    0.15     0.84  0.298  -1.20   0  15   0  1.51439  1.03106  41.86492  55356.5463
K10L57P    16.50    0.15     3.18  0.044  -1.20   0   7   0  2.53037  2.30417  23.64837  55356.6474
K10L59P    17.40    0.15     1.68  0.069  -1.20   0  14   0  2.00008  1.71009  30.49923  55356.7741
  A4444    15.30    0.15     2.41  0.230  -1.20   0  11   0  2.20550  1.86505  27.28222  55356.9425
  E8433    16.30    0.15     2.37  0.095   1.11   0  25  20  1.72751  1.31338  35.84806  55356.9478
K10L70W    17.40    0.15     1.44  0.093  -1.20   0   9   0  2.00159  1.71035  30.47333  55357.0387
  03163    13.90    0.15     4.12  0.286   1.03   0  13  13  2.50828  2.19896  23.76417  55357.0753
K10L74W    17.40    0.15     1.90  0.054  -1.20   0  13   0  2.04895  1.69438  29.58696  55357.4675
  U7586    17.50    0.15     0.94  0.201  -1.20   0  11   0  1.69526  1.26236  36.59350  55357.6049
  55757    15.40    0.15     3.16  0.123  -1.20   0  15   0  2.45008  2.13533  24.36773  55357.6058
  G8889    16.30    0.15     1.26  0.335  -1.20   0  18   0  1.76839  1.43516  35.03624  55357.7032
  36779    15.10    0.15     2.78  0.208  -1.20   0  10   0  2.34778  2.02264  25.50329  55357.7380
  f6294    17.20    0.15     0.94  0.263  -1.20   0   7   0  1.65802  1.29672  37.75694  55357.9729
  D3531    16.50    0.15     1.86  0.129   1.53   0  19  12  1.63400  1.27042  38.41805  55358.1058
  12198    14.70    0.15     3.02  0.256  -1.20   0   7   0  2.55476  2.24991  23.31077  55358.1327
K10L80W    17.80    0.15     1.87  0.038  -1.20   0   3   0  2.34588  2.10385  25.64355  55358.2323
K10L82N    19.20    0.15     0.88  0.048  -1.20   0   4   0  1.66490  1.30585  37.57549  55358.2341
  U9215    16.00    0.15     2.11  0.157  -1.20   0   5   0  2.36938  2.05326  25.27325  55358.3934
  06183    13.70    0.15     7.65  0.100   1.02   0  13  12  2.93849  2.66815  20.13455  55358.3944
  15609    15.40    0.15     5.45  0.041   0.98   0  14  14  2.16674  1.81871  27.80787  55358.3996
K10L84S    18.40    0.15     1.48  0.035  -1.20   0   8   0  2.05427  1.69017  29.47478  55358.5281
K10L84V    16.10    0.15     3.31  0.059   1.44   0   3   3  2.23718  1.89611  26.85409  55358.5298
  j6561    17.30    0.15     1.72  0.071  -1.20   0  15   0  1.89553  1.59004  32.38788  55358.7633
K10L89D    16.80    0.15     2.70  0.046  -1.20   0  13   0  2.41055  2.08974  24.79194  55359.0587
  Y7558    16.50    0.15     1.93  0.119   1.63   0  20  13  1.63456  1.26855  38.40288  55359.1582
  72569    14.10    0.15     3.45  0.340   0.91   0  14  13  1.94215  1.64730  31.52234  55359.1639
K10LA8S    16.50    0.15     3.08  0.047   1.15   0  10   8  1.97651  1.61775  30.81408  55359.3175
K10L90Z    17.80    0.15     2.05  0.032   1.29   0  19  14  1.87621  1.48901  32.62567  55359.3194
K10L87T    16.90    0.15     3.37  0.027  -1.20   0   4   0  2.97176  2.69797  19.88960  55359.3916
K10L91R    18.20    0.15     1.39  0.048  -1.20   0  21   0  1.65827  1.30332  37.76194  55359.4177
  37568    15.60    0.15     1.26  0.635  -1.20   0   7   0  1.87002  1.47272  32.71197  55359.4555
K10L93B    17.10    0.15     1.98  0.065  -1.20   0   5   0  2.16877  1.90703  27.91722  55359.5599
  41577    14.60    0.15     2.06  0.602  -1.20   0  11   0  1.92280  1.62441  31.87867  55359.5613
  D4341    15.20    0.15     5.48  0.049   0.80   0  14  12  2.57194  2.35321  23.25433  55359.8175
  b5129    18.30    0.15     0.95  0.095  -1.20   0  13   0  1.65057  1.29343  37.97070  55360.0847
K10L94C    17.10    0.15     1.75  0.084  -1.20   0   6   0  2.23248  1.89348  26.92894  55360.1155
K10L99A    18.20    0.15     1.38  0.049  -1.20   0  22   0  1.72156  1.38238  36.15012  55360.3494
K10L99T    16.70    0.15     2.24  0.074  -1.20   0   5   0  2.41806  2.09337  24.70060  55360.3843
K10L99Z    16.10    0.15     2.60  0.095  -1.20   0  11   0  2.22847  1.89511  26.99968  55360.3873
K10LA0J    15.90    0.15     3.91  0.050  -1.20   0   6   0  2.89594  2.70244  20.52753  55360.4820
K10LB4L    16.40    0.15     2.15  0.105  -1.20   0  16   0  1.99552  1.70950  30.59131  55360.6130
  a0557    18.10    0.15     1.10  0.084  -1.20   0  11   0  1.73486  1.39739  35.83082  55360.6139
K10LA2B    18.70    0.15     1.16  0.044  -1.20   0  14   0  1.55884  1.09521  40.46693  55360.6420
K10LA2K    17.80    0.15     1.54  0.056  -1.20   0  16   0  1.91387  1.52345  31.87603  55360.6476
K10LB5Q    18.80    0.15     1.14  0.041  -1.20   0  12   0  1.81605  1.50040  34.00275  55360.7504
  N8072    16.40    0.15     3.03  0.053   2.41   0  12   5  2.01771  1.64366  30.05599  55360.9124
  N5041    16.10    0.15     1.68  0.228  -1.20   0   8   0  2.13127  1.77419  28.30757  55361.1773
  U4292    15.20    0.15     2.25  0.290   1.23   0  13  11  1.75369  1.33551  35.21013  55361.3053
K10LB7F    16.20    0.15     2.99  0.066  -1.20   0   5   0  2.78046  2.49340  21.32657  55361.3056
K10LB8Q    16.70    0.15     2.46  0.061  -1.20   0  10   0  2.41514  2.09242  24.74134  55361.3102
  a3438    17.40    0.15     0.90  0.239  -1.20   0   2   0  1.66006  1.30524  37.71713  55361.3419
  07002    14.80    0.15     3.12  0.218  -1.20   0   4   0  2.76924  2.47753  21.40827  55361.3750
  39489    15.10    0.15     2.62  0.234   1.51   0  23  16  1.64034  1.28149  38.25680  55361.4063
K10LC0P    15.40    0.15     3.24  0.116  -1.20   0  13   0  2.52854  2.30839  23.68214  55361.5371
  C9737    16.50    0.15     3.04  0.048   1.03   0  12  11  2.09865  1.82968  28.94294  55361.5410
K10LC1F    15.90    0.15     3.65  0.058  -1.20   0   8   0  2.97172  2.69519  19.88952  55361.5703
K10LC2C    18.20    0.15     1.11  0.075  -1.20   0  15   0  1.66020  1.30615  37.71807  55361.6724
  20037    15.00    0.15     2.58  0.266   1.65   0  27  25  1.65964  1.30802  37.73617  55361.9320
  d4066    15.10    0.15     5.23  0.059   1.45   0  19  19  1.87893  1.57646  32.72245  55361.9400
K10LC4U    18.80    0.15     1.25  0.034  -1.20   0   5   0  1.89041  1.49635  32.32315  55361.9710
K10LC4V    15.20    0.15     3.05  0.158  -1.20   0   5   0  2.74362  2.44965  21.61882  55362.0379
  02744    14.78    0.15     2.67  0.304   1.14   0  28  24  1.64588  1.29089  38.10946  55362.4664
  U2100    16.20    0.15     3.54  0.047   1.22   0  40  40  1.60824  1.16264  39.00455  55362.6314
  A0754    16.50    0.15     1.23  0.294  -1.20   0  26   0  1.72723  1.31201  35.86993  55362.6350
  e2756    17.40    0.15     1.71  0.067  -1.20   0  11   0  2.12550  1.86282  28.54762  55362.9973
  e5371    15.40    0.15     5.60  0.039  -1.20   0   7   0  3.41733  3.16633  17.21326  55363.0246
  H3444    15.40    0.15     2.23  0.247   1.40   0  22  18  1.60867  1.24374  39.15903  55363.1259
K10M01E    17.20    0.15     2.52  0.037   1.03   0  26  23  1.66311  1.31352  37.64739  55363.1270
K10M53L    14.90    0.15     3.64  0.146  -1.20   0   2   0  2.97707  2.69718  19.84655  55363.2249
  D1823    16.00    0.15     1.44  0.340  -1.20   0  18   0  1.65099  1.29820  37.97283  55363.2606
K10M08P    17.50    0.15     2.24  0.035  -1.20   0   4   0  2.52633  2.30862  23.70812  55363.3875
  f2575    16.50    0.15     2.15  0.096  -1.20   0   4   0  2.30264  2.06274  26.17727  55363.6565
  A1931    16.70    0.15     1.12  0.296  -1.20   0  17   0  1.67118  1.32484  37.43569  55363.6578
  C4311    16.30    0.15     3.32  0.048  -1.20   0   9   0  2.74161  2.44112  21.62436  55363.8220
  a0249    16.60    0.15     1.14  0.313  -1.20   0  41   0  1.37733  0.93024  47.60446  55363.8717
K10M09Q    17.50    0.15     2.43  0.030  -1.20   0   4   0  2.52372  2.30893  23.73514  55363.9184
  O9730    17.60    0.15     0.80  0.254  -1.20   0  19   0  1.54559  1.16375  41.09617  55364.1801
  I1797    15.90    0.15     4.42  0.040  -1.20   0   5   0  3.32300  3.06800  17.71949  55364.2249
K10M13V    17.80    0.15     1.38  0.071  -1.20   0  15   0  1.81745  1.50529  33.98482  55364.3190
  D8402    16.40    0.15     1.60  0.191  -1.20   0   7   0  2.10923  1.74473  28.62412  55364.3532
  B1811    14.90    0.15     2.10  0.441  -1.20   0  13   0  2.21779  1.97002  27.26203  55364.4532
K10M14A    16.70    0.15     2.30  0.070  -1.20   0   6   0  2.42497  2.09715  24.62419  55364.4824
  B4507    16.10    0.15     2.14  0.140  -1.20   0  17   0  2.20015  1.86530  27.39083  55364.4851
K10M15Q    16.70    0.15     1.99  0.093  -1.20   0   5   0  2.39641  2.06057  24.92185  55364.4851
K10M17K    18.80    0.15     1.14  0.041  -1.20   0   6   0  1.82207  1.51169  33.88769  55364.7148
K10M19K    16.70    0.15     2.12  0.082  -1.20   0   5   0  2.41744  2.09538  24.72494  55365.0080
K10M20H    18.10    0.15     1.77  0.032  -1.20   0   5   0  2.16478  1.90737  27.98900  55365.1123
  74721    16.30    0.15     1.35  0.290  -1.20   0  16   0  1.78605  1.46823  34.66877  55365.1131
  I1958    15.20    0.15     3.23  0.141   1.88   0  14   6  2.10779  1.84576  28.81550  55365.2443
K10M20Q    18.20    0.15     0.96  0.100  -1.20   0   5   0  1.68541  1.24881  36.87030  55365.2719
K01U18C    18.90    0.15     1.36  0.026  -1.20   0  11   0  1.91963  1.63006  31.95437  55365.3759
K10M23N    17.20    0.15     2.95  0.027  -1.20   0   6   0  2.70169  2.50455  22.08867  55365.6426
  H1665    17.20    0.15     2.23  0.047   1.48   0  21  18  1.61069  1.25007  39.10955  55365.7747
K10M25G    17.50    0.15     2.63  0.026  -1.20   0   4   0  2.52155  2.31215  23.76012  55365.9081
K10M25P    19.20    0.15     0.83  0.053  -1.20   0   6   0  1.64873  1.30257  38.04245  55366.0396
K10M25U    16.40    0.15     2.80  0.062   1.73   0  15   6  1.98872  1.71137  30.72295  55366.1676
  99869    15.40    0.15     5.29  0.044   1.39   0  13  15  2.11741  1.85842  28.67548  55366.3026
  05407    13.90    0.15     3.60  0.376   1.15   0  15  15  1.76066  1.43950  35.24676  55366.5687
  20187    13.40    0.15     5.56  0.249   1.03   0  25  25  1.79135  1.47913  34.55807  55367.7551
K10M33E    17.40    0.15     1.50  0.086  -1.20   0  14   0  1.98722  1.71075  30.75251  55367.8868
K10M33X    16.10    0.15     3.01  0.071   1.09   0  14  12  2.15957  1.90841  28.06813  55368.0273
K10M32W    16.70    0.15     2.41  0.063  -1.20   0   4   0  2.39515  2.09988  25.04395  55368.0554
K10M05Q    18.50    0.15     0.86  0.095  -1.20   0  29   0  1.54615  1.17014  41.09040  55368.1542
  85185    16.50    0.15     1.42  0.220  -1.20   0   4   0  1.89454  1.53480  32.36617  55368.3863
K10M05R    18.20    0.15     1.38  0.049   1.35   0  25  17  1.43563  1.01920  45.06139  55368.6812
K10M37M    17.80    0.15     1.32  0.077  -1.20   0  16   0  1.81132  1.50383  34.12643  55368.8147
K10M05W    20.30    0.15     0.46  0.064  -1.20   0   4   0  1.32290  0.85146  50.18982  55368.8792
  05251    13.80    0.15     4.05  0.325   0.81   0   9   8  2.57165  2.29423  23.22329  55369.2434
  K2914    16.30    0.15     2.61  0.078  -1.20   0   7   0  2.57263  2.29530  23.21414  55369.2448
K10M41L    16.20    0.15     3.14  0.059  -1.20   0   6   0  2.75830  2.49336  21.56539  55369.3808
  G4457    16.70    0.15     2.12  0.082  -1.20   0   7   0  2.39657  2.10039  25.02831  55369.6452
K10M51O    17.60    0.15     1.07  0.139  -1.20   0  18   0  1.66448  1.32464  37.62881  55369.7420
K10M43W    17.80    0.15     2.27  0.026  -1.20   0   6   0  2.39219  2.09383  25.07463  55369.7740
  d4938    16.70    0.15     3.00  0.041  -1.20   0   8   0  2.65561  2.38189  22.44332  55370.0373
  O7827    16.60    0.15     3.15  0.041   1.30   0  23  22  1.71991  1.39547  36.21844  55370.1381
  04558    12.60    0.15     7.76  0.267   0.95   0  11  11  2.66591  2.39572  22.35704  55370.4339
  01316    13.10    0.15     7.10  0.201   0.80   0  10   7  3.17534  2.93812  18.62288  55370.5668
K10M56L    18.10    0.15     1.68  0.036  -1.20   0   4   0  2.22765  1.90625  27.06240  55370.9648
  U1583    15.70    0.15     1.86  0.269   0.88   0  23  15  1.63113  1.20886  38.44548  55371.2261
  05682    13.70    0.15     5.19  0.217   1.12   0  13  13  2.73664  2.46614  21.74072  55371.3632
  93768    14.20    0.15     4.02  0.229  -1.20   0   8   0  2.91394  2.73775  20.41154  55371.4673
K10M60T    16.50    0.15     2.45  0.074  -1.20   0   6   0  2.57480  2.29486  23.19130  55371.4925
K10M63L    18.10    0.15     1.69  0.035  -1.20   0   8   0  2.15673  1.90716  28.11362  55371.7963
K10M63Y    16.80    0.15     2.16  0.072  -1.20   0   9   0  2.33228  2.10695  25.83304  55371.8613
K10M68A    17.80    0.15     1.62  0.051  -1.20   0  16   0  1.91111  1.62858  32.12589  55372.3876
  97514    13.90    0.15     9.46  0.054   0.86   0  13  13  2.43645  2.22353  24.65370  55372.6566
  03267    12.80    0.15     7.10  0.266   0.92   0  15  14  2.88262  2.62869  20.59982  55372.9556
K10M73U    16.80    0.15     2.46  0.056  -1.20   0  12   0  2.34222  2.12028  25.71635  55373.0557
  B2493    15.60    0.15     2.07  0.237  -1.20   0   9   0  2.30234  1.99293  26.12806  55373.2181
  O7743    16.10    0.15     1.89  0.180   1.80   0  22  13  1.61558  1.26807  38.98341  55373.4457
  f3390    18.20    0.15     1.45  0.044  -1.20   0   9   0  2.03401  1.68588  29.88958  55373.4802
K10M77K    16.50    0.15     2.80  0.056  -1.20   0   9   0  2.50659  2.29943  23.92065  55373.5132
K10M77O    18.20    0.15     0.90  0.116  -1.20   0   7   0  1.64342  1.30514  38.20112  55373.5781
  41223    13.60    0.15    10.10  0.063   0.90   0  10   9  3.41783  3.18484  17.24968  55373.6125
K10M79T    16.80    0.15     1.71  0.115  -1.20   0  17   0  1.80772  1.50715  34.21013  55373.8432
  89137    16.30    0.15     1.31  0.312  -1.20   0  16   0  1.73001  1.32245  35.86054  55373.8774
  I4346    15.90    0.15     2.21  0.159   1.62   0  25  15  1.71822  1.39820  36.26422  55373.9755
K10M52G    18.40    0.15     0.96  0.084  -1.20   0  19   0  1.61061  1.17287  38.99761  55374.0107
  O1673    15.60    0.15     4.39  0.053  -1.20   0  10   0  3.14996  2.91195  18.78250  55374.0141
  G8981    15.70    0.15     2.08  0.214   1.18   0  26  21  1.71734  1.39627  36.28676  55374.1095
K10M81Z    17.00    0.15     1.58  0.112  -1.20   0  16   0  1.72574  1.40448  36.08397  55374.1127
  79219    15.70    0.15     2.75  0.122   2.42   0  13  11  1.79996  1.49941  34.37774  55374.2396
  O7665    16.50    0.15     1.15  0.337  -1.20   0   5   0  1.68779  1.35812  37.02664  55374.2405
K10M84L    15.90    0.15     3.47  0.064  -1.20   0   4   0  2.94841  2.69181  20.10978  55374.4076
  D6568    14.30    0.15     3.48  0.278  -1.20   0  10   0  2.74297  2.56010  21.74743  55374.5100
  R6825    17.10    0.15     1.43  0.125  -1.20   0  11   0  1.90186  1.53021  32.20282  55374.9332
K10M87T    17.80    0.15     1.11  0.109  -1.20   0   7   0  1.86859  1.48607  32.83475  55374.9377
K10M91J    16.10    0.15     3.73  0.046   1.98   0  12   7  2.15122  1.90934  28.19392  55375.1673
K10M93E    15.90    0.15     3.44  0.065  -1.20   0  10   0  2.88223  2.71050  20.64800  55375.2963
  a2352    17.90    0.15     0.90  0.150  -1.20   0   9   0  1.57414  1.21580  40.21718  55375.3000
K10M95Q    18.10    0.15     1.88  0.029  -1.20   0  12   0  2.15205  1.91098  28.18225  55375.5660
  51157    15.80    0.15     1.71  0.289  -1.20   0  10   0  2.09326  1.75146  28.95938  55375.5974
  02055    12.80    0.15     7.25  0.255   1.28   0  14  13  2.46779  2.26326  24.32132  55375.6957
K10M96R    17.40    0.15     1.76  0.062  -1.20   0  13   0  1.97733  1.71067  30.93156  55375.6997
K10M97F    16.80    0.15     2.06  0.079  -1.20   0  12   0  2.32827  2.10789  25.88374  55375.8246
  05510    13.50    0.15     5.33  0.248   1.10   0  14  14  2.41361  2.10827  24.82455  55375.8624
  M5743    15.90    0.15     1.92  0.210  -1.20   0   4   0  2.20955  1.88044  27.29721  55376.5206
  58141    15.60    0.15     2.23  0.205  -1.20   0  11   0  2.24175  1.91831  26.87658  55376.5238
  05720    13.60    0.15     6.19  0.168   1.58   0   8   5  2.78645  2.60784  21.39275  55376.7584
  90943    15.70    0.15     2.95  0.107   0.84   0  15  15  2.04305  1.69072  29.73287  55376.9200
  02204    12.10    0.15    26.41  0.037   0.85   0  15  15  2.97473  2.71724  19.92257  55377.0553
K10MA7J    17.10    0.15     1.76  0.082  -1.20   0  12   0  2.21809  1.89225  27.18900  55377.1876
K10MA8K    16.70    0.15     2.23  0.074  -1.20   0   4   0  2.40973  2.09840  24.85579  55377.3160
K10F54W    18.00    0.15     1.50  0.049  -1.20   0  10   0  1.66949  1.24501  37.37385  55377.9746
  07267    13.60    0.15     4.60  0.303   0.97   0   8   5  2.82231  2.65081  21.10707  55378.0781
K10G75D    17.00    0.15     1.13  0.220  -1.20   0  16   0  1.73837  1.33903  35.68701  55378.1164
K10N82C    17.40    0.15     1.71  0.066  -1.20   0  13   0  1.97314  1.70812  31.00580  55378.2068
K10N85A    17.80    0.15     1.22  0.090  -1.20   0   7   0  1.87200  1.49108  32.77285  55378.6387
  01009    13.90    0.15     5.82  0.143  -1.20   0   5   0  3.54374  3.31186  16.61532  55378.7708
K10N86M    17.80    0.15     1.33  0.076  -1.20   0  15   0  1.87668  1.49525  32.67678  55378.7730
K10N87T    16.50    0.15     2.85  0.055  -1.20   0   4   0  2.49983  2.30833  23.98681  55379.0035
  01170    12.43    0.15    11.32  0.147   0.92   0  12  12  2.93418  2.66985  20.20302  55379.2982
  f5841    18.30    0.15     1.39  0.044  -1.20   0   9   0  2.03851  1.68387  29.80290  55379.5673
K10N91P    18.80    0.15     1.23  0.035  -1.20   0   8   0  1.92773  1.56162  31.72766  55379.7018
K10N17B    16.50    0.15     2.28  0.085  -1.20   0  17   0  2.17816  1.92326  27.81584  55379.7947
  01310    11.45    0.15    13.69  0.248   1.02   0  12  12  2.77878  2.50292  21.38594  55379.9596
K10N01H    19.50    0.15     0.78  0.046  -1.20   0   9   0  1.43054  1.03216  45.26964  55380.0574
K10N94C    17.80    0.15     2.10  0.030  -1.20   0   9   0  2.38933  2.07951  25.09287  55380.4941
  20958    14.40    0.15     3.52  0.247   1.16   0  13  14  1.81911  1.42556  33.84594  55380.8900
  G4466    16.10    0.15     1.89  0.180  -1.20   0   7   0  2.15121  1.81033  28.09268  55381.1519
J93M01E    16.30    0.15     2.49  0.086   1.30   0  26  27  1.35149  0.80542  48.53756  55381.2846
K10N96L    18.20    0.15     1.19  0.065  -1.20   0   9   0  1.71641  1.29557  36.15990  55381.4201
  i5279    16.80    0.15     1.26  0.212  -1.20   0  20   0  1.62564  1.18470  38.54958  55381.6793
  N7495    16.90    0.15     2.32  0.057   1.13   0  24  20  1.66712  1.23653  37.41846  55381.8173
  56950    14.50    0.15     3.57  0.220   1.34   0  12  11  1.82692  1.43365  33.67727  55382.0765
K07P22T    17.80    0.15     1.48  0.062  -1.20   0   3   0  2.10598  1.75670  28.74501  55383.1353
  73673    14.60    0.15     4.21  0.144   2.76   0  11   7  2.15250  1.81031  28.07046  55383.4006
  K7020    16.90    0.15     1.03  0.289  -1.20   0   5   0  1.65619  1.28985  37.85991  55383.5009
  P0418    16.50    0.15     1.50  0.197  -1.20   0   9   0  2.00028  1.70414  30.53982  55383.7692
K10N23D    17.50    0.15     1.57  0.072  -1.20   0  13   0  1.88925  1.57711  32.54920  55383.7698
  J2952    16.60    0.15     3.20  0.040   1.37   0  24  24  1.60238  1.14904  39.18895  55383.9300
J95K01G    19.80    0.15     0.70  0.043  -1.20   0  29   0  1.39936  0.87256  46.34415  55383.9307
K03UY1T    18.80    0.15     1.43  0.026  -1.20   0  12   0  1.83661  1.51407  33.60402  55384.0306
K10N25L    15.70    0.15     2.25  0.183  -1.20   0   4   0  2.41538  2.09907  24.78211  55384.0635
K10N25O    18.20    0.15     1.22  0.062  -1.20   0  14   0  1.71616  1.29303  36.15663  55384.0644
K10N25R    18.20    0.15     1.46  0.043  -1.20   0  16   0  1.71710  1.29679  36.14481  55384.0672
K10N26P    17.70    0.15     2.08  0.034  -1.20   0   6   0  2.35424  2.10727  25.57935  55384.1667
  40468    14.80    0.15     2.78  0.274  -1.20   0  11   0  2.13525  1.86022  28.42653  55384.2931
  35709    13.70    0.15     8.99  0.072   0.89   0  12  12  2.10227  1.74961  28.79205  55384.7233
K10N32P    17.80    0.15     1.20  0.094  -1.20   0   5   0  1.88476  1.49591  32.49073  55384.8584
K10N34G    16.80    0.15     2.17  0.071  -1.20   0  12   0  2.26232  2.00586  26.69879  55385.0863
K10N35D    15.70    0.15     2.34  0.169  -1.20   0   4   0  2.35439  2.10558  25.57589  55385.2192
  e9959    18.00    0.15     0.99  0.114  -1.20   0  20   0  1.65649  1.29456  37.85319  55385.3501
K10N37A    17.10    0.15     2.03  0.062  -1.20   0   8   0  2.23126  1.89517  26.98588  55385.3835
K10GG1Y    17.20    0.15     0.95  0.258  -1.20   0  15   0  1.71595  1.29459  36.16950  55385.3896
  01656    12.90    0.15     7.89  0.196   1.27   0  18  18  1.96829  1.67015  31.09228  55385.4847
  c0434    17.90    0.15     0.67  0.270  -1.20   0   2   0  1.51240  1.09949  42.22531  55385.4874
  g7639    17.80    0.15     1.06  0.119  -1.20   0  18   0  1.70796  1.35803  36.52178  55385.4876
  40430    16.10    0.15     1.66  0.233  -1.20   0  14   0  1.92670  1.62152  31.84210  55385.6174
K10N01X    18.40    0.15     0.92  0.092  -1.20   0   8   0  1.64915  1.28117  38.04865  55385.7513
  39235    14.40    0.15     3.64  0.231   1.11   0  24  24  1.64878  1.28402  38.06134  55385.7527
K10N02F    15.10    0.15     5.79  0.048   1.16   0  12  11  2.93529  2.73829  20.25977  55385.8793
K10N41X    17.10    0.15     1.85  0.074  -1.20   0  13   0  2.17390  1.90742  27.87682  55385.8855
K10N44M    16.70    0.15     2.48  0.060  -1.20   0  10   0  2.35245  2.10859  25.60024  55386.1508
  60924    16.10    0.15     1.66  0.233  -1.20   0  13   0  1.80422  1.39795  34.12720  55386.1799
K10N45N    17.10    0.15     2.00  0.064  -1.20   0  16   0  2.17669  1.91067  27.83761  55386.2816
  10502    15.00    0.15     3.28  0.165  -1.20   0   4   0  2.89303  2.62154  20.49525  55386.3162
K10N46E    16.40    0.15     2.89  0.058  -1.20   0  13   0  2.53412  2.30620  23.64690  55386.4131
  O0313    17.40    0.15     0.92  0.230  -1.20   0   5   0  1.68636  1.25453  36.89146  55386.7069
  N7486    16.10    0.15     1.65  0.237  -1.20   0  16   0  1.87644  1.49627  32.68488  55386.7153
  N6024    16.70    0.15     1.48  0.169  -1.20   0   2   0  2.02290  1.65126  30.01062  55387.1040
K10N52W    17.40    0.15     1.95  0.051  -1.20   0  15   0  2.07221  1.79553  29.37417  55387.2096
  U8306    16.20    0.15     4.05  0.036   0.79   0  11  10  2.74167  2.45469  21.67108  55387.2417
  B8162    15.90    0.15     1.57  0.312  -1.20   0  22   0  1.67245  1.31898  37.43100  55387.3313
K07TO6Z    18.00    0.15     1.61  0.043  -1.20   0   7   0  1.84874  1.45196  33.19774  55387.5027
  41464    16.10    0.15     1.75  0.209   1.20   0  18  11  1.72901  1.31887  35.88074  55387.5095
  B1661    16.20    0.15     1.68  0.207  -1.20   0   4   0  2.13006  1.78034  28.37857  55387.6315
K10N57J    18.80    0.15     1.30  0.032  -1.20   0  13   0  1.82609  1.50558  33.82343  55387.7330
  C2119    16.50    0.15     2.92  0.052   1.74   0  21  19  1.64246  1.27881  38.23340  55387.8679
K10N58M    18.20    0.15     1.02  0.088  -1.20   0  21   0  1.66332  1.30666  37.67041  55387.8691
  O6162    15.90    0.15     5.24  0.028   1.85   0  10   5  2.62265  2.32138  22.69661  55388.1630
  C9813    16.90    0.15     1.07  0.269  -1.20   0   6   0  1.73831  1.39995  35.78563  55388.2652
  90791    16.60    0.15     1.13  0.319  -1.20   0  17   0  1.54372  1.06561  40.94674  55388.2958
K10N60R    18.70    0.15     0.98  0.061  -1.20   0  10   0  1.72552  1.29827  35.90019  55388.2958
K10N63S    17.70    0.15     2.00  0.037  -1.20   0   3   0  2.41648  2.09332  24.74931  55388.5598
K10N63T    16.40    0.15     2.89  0.058  -1.20   0  10   0  2.59607  2.29163  22.93986  55388.5624
K10N63U    18.20    0.15     0.88  0.121  -1.20   0   3   0  1.72786  1.29960  35.83765  55388.5627
K10N63V    16.70    0.15     2.08  0.086  -1.20   0   3   0  2.41515  2.09607  24.77521  55388.8935
K10N98D    17.80    0.15     1.14  0.104  -1.20   0   4   0  1.82486  1.50397  33.84702  55388.9262
K10N01H    19.50    0.15     0.81  0.043  -1.20   0  39   0  1.42720  0.99492  45.41298  55389.0529
  e9034    17.80    0.15     1.80  0.041  -1.20   0   6   0  2.21239  1.87181  27.22537  55389.0882
  56116    13.60    0.15     4.77  0.282   0.80   0  20  20  1.67021  1.23925  37.32602  55389.2177
K10NA0Z    18.20    0.15     1.05  0.084  -1.20   0   9   0  1.72490  1.29680  35.91044  55389.2227
  03800    15.00    0.15     2.51  0.281   1.34   0  26  26  1.48080  0.98105  43.09237  55389.2250
K10NA2A    16.50    0.15     2.79  0.057  -1.20   0  13   0  2.52905  2.30675  23.69672  55389.3239
K10NA0V    15.40    0.15     3.63  0.093  -1.20   0   8   0  2.59239  2.29245  22.98507  55389.3521
  O5115    17.60    0.15     1.20  0.112  -1.20   0   8   0  1.85203  1.45145  33.11237  55389.3569
K10NA4J    16.50    0.15     2.68  0.062  -1.20   0  13   0  2.52681  2.30639  23.71915  55389.5909
  86534    16.10    0.15     1.54  0.269  -1.20   0  12   0  1.77337  1.35550  34.78046  55389.6192
  F9482    15.70    0.15     2.08  0.214  -1.20   0  10   0  2.09892  1.73878  28.81636  55389.6199
  04142    13.00    0.15     6.07  0.302   0.83   0  14  14  2.02034  1.64725  30.04522  55389.6205
K10NA6S    16.80    0.15     2.28  0.065  -1.20   0   8   0  2.34656  2.10672  25.66709  55389.9824
  01474    12.66    0.15    14.85  0.069   0.76   0  10  10  4.06612  3.84799  14.42175  55390.0118
  06261    14.20    0.15     4.84  0.157   1.60   0  12   7  2.73546  2.44782  21.72117  55390.0210
K10NA7W    17.80    0.15     1.94  0.036  -1.20   0   4   0  2.34205  2.10663  25.72152  55390.1120
  21030    14.90    0.15     5.23  0.071   2.73   0   9   5  2.46824  2.14977  24.19316  55390.1497
  H4599    15.30    0.15     2.35  0.242  -1.20   0  16   0  2.02538  1.74513  30.12068  55390.3823
  Q3903    17.00    0.15     0.94  0.314  -1.20   0  19   0  1.57902  1.19962  40.06763  55390.5143
  06170    13.40    0.15     5.98  0.216   1.13   0  12  12  2.49803  2.18520  23.89419  55390.6751
K10N67D    18.20    0.15     1.06  0.082  -1.20   0  17   0  1.65967  1.30642  37.76357  55390.9111
  N7881    16.00    0.15     3.64  0.053   1.26   0  14  14  1.99543  1.61897  30.45936  55390.9457
K10NB5J    16.40    0.15     2.50  0.078  -1.20   0   4   0  2.60169  2.29955  22.89017  55391.0715
  N1707    15.50    0.15     2.26  0.217  -1.20   0   5   0  2.40903  2.08474  24.82730  55391.0745
  37152    13.50    0.15     4.95  0.288   1.23   0  16  15  2.04282  1.76653  29.83690  55391.3075
  O3732    17.50    0.15     1.65  0.065  -1.20   0  13   0  1.92270  1.62692  31.91154  55391.5705
K10N69N    15.70    0.15     2.46  0.154  -1.20   0  14   0  2.34435  2.10622  25.69141  55391.7026
  F8105    15.30    0.15     2.46  0.222  -1.20   0  14   0  2.11026  1.75118  28.64157  55391.8725
K10N72L    17.60    0.15     1.45  0.076  -1.20   0   6   0  1.91886  1.62772  31.98276  55391.9663
K10N74J    16.40    0.15     2.66  0.069  -1.20   0   6   0  2.60163  2.29288  22.87177  55392.1317
K10N74R    17.80    0.15     0.90  0.167  -1.20   0   9   0  1.62628  1.26098  38.67789  55392.2279
K10N75M    17.80    0.15     1.39  0.069  -1.20   0  12   0  1.89043  1.49302  32.33478  55392.2638
  27089    15.70    0.15     2.06  0.218  -1.20   0  12   0  2.05258  1.68153  29.51156  55392.2676
K10N77S    16.10    0.15     3.52  0.052   1.76   0  10   6  2.16224  1.90822  28.03616  55392.5032
K10N79L    16.40    0.15     3.01  0.054  -1.20   0  14   0  2.60021  2.29023  22.88153  55392.6645
K10N79P    18.40    0.15     1.67  0.028  -1.20   0   8   0  2.22593  1.89055  27.05135  55392.8006
K10O00F    18.20    0.15     0.76  0.160  -1.20   0  12   0  1.54182  1.15840  41.23421  55393.0238
K10O02N    16.70    0.15     2.25  0.073  -1.20   0   3   0  2.41696  2.09366  24.73704  55393.0560
K10O02Z    17.70    0.15     2.01  0.036  -1.20   0   3   0  2.42552  2.09408  24.61869  55393.0598
  Y8053    17.80    0.15     1.21  0.091  -1.20   0   5   0  1.90735  1.61061  32.19597  55393.3564
  12008    13.00    0.15     4.28  0.610   1.27   0  18  18  1.88899  1.59121  32.54766  55393.4169
  C2421    15.80    0.15     1.95  0.222  -1.20   0   4   0  2.08114  1.82016  29.23122  55393.4246
  04435    13.10    0.15     5.34  0.357   0.95   0  19  19  2.00700  1.72842  30.41974  55393.5538
  g5528    16.90    0.15     1.01  0.300  -1.20   0  21   0  1.59374  1.22616  39.61636  55393.5611
  38063    14.40    0.15     3.76  0.217   1.13   0  16  16  1.84422  1.43682  33.23944  55393.7233
  h3961    16.90    0.15     1.29  0.184   0.99   0  28  20  1.40831  0.97487  46.18617  55393.9553
K10O11X    17.40    0.15     2.63  0.028  -1.20   0  10   0  2.52310  2.31024  23.75084  55394.0839
  O7908    16.00    0.15     2.29  0.134  -1.20   0   5   0  2.38442  2.15780  25.22568  55394.0843
K10O12G    15.50    0.15     4.15  0.065   1.34   0  13   9  2.52292  2.30748  23.75228  55394.0904
  N9874    17.40    0.15     0.91  0.232  -1.20   0   2   0  1.65568  1.19534  37.57795  55394.1182
K10O09S    17.20    0.15     1.29  0.140  -1.20   0  13   0  1.65648  1.30550  37.84119  55394.2190
K10O13L    15.90    0.15     3.66  0.057  -1.20   0   6   0  2.89140  2.70508  20.57640  55394.3466
K10O12S    17.40    0.15     1.45  0.092  -1.20   0   4   0  1.98671  1.70704  30.76394  55394.3485
K10O14J    18.40    0.15     1.70  0.027  -1.20   0   5   0  2.16543  1.91368  27.98648  55394.4811
K10O00Q    18.60    0.15     1.06  0.057  -1.20   0  17   0  1.70943  1.37350  36.47349  55394.4834
K10O00U    17.70    0.15     0.84  0.206  -1.20   0  23   0  1.58843  1.22127  39.77029  55394.6196
  D8868    17.10    0.15     0.80  0.400  -1.20   0   9   0  1.44707  1.03438  44.60716  55394.8781
K09Y00E    15.80    0.15     1.99  0.213   1.09   0   6   5  1.81780  1.39828  33.75655  55394.9139
K10O12W    17.50    0.15     2.44  0.030  -1.20   0   3   0  2.52179  2.30358  23.76303  55395.0116
K10O00W    16.10    0.15     1.48  0.293  -1.20   0  21   0  1.75856  1.43545  35.29695  55395.1398
  08444    14.00    0.15     4.51  0.218   1.04   0   4   4  1.65948  1.30572  37.75929  55395.2095
K10O17T    17.40    0.15     1.40  0.099  -1.20   0  10   0  1.98633  1.70821  30.76911  55395.2727
K10O00Y    17.90    0.15     1.23  0.080  -1.20   0  11   0  1.76941  1.44775  35.04735  55395.2738
K10O19M    17.70    0.15     2.17  0.031  -1.20   0   4   0  2.34041  2.10592  25.73176  55395.4057
  V6866    17.30    0.15     1.23  0.141  -1.20   0  15   0  1.68636  1.34681  37.05232  55395.5398
  P3449    17.40    0.15     2.31  0.036   1.61   0  17  13  1.80653  1.49519  34.22691  55395.5403
K10O21N    16.90    0.15     1.99  0.078  -1.20   0  11   0  2.25325  2.01292  26.80528  55395.5430
  00132     9.38    0.15    50.13  0.124   0.92   0  15  15  3.30812  3.14966  17.88688  55395.8002
  b9520    17.10    0.15     1.77  0.081   0.99   0  16  11  1.60537  1.24556  39.26837  55395.8079
K10O23T    18.10    0.15     1.78  0.032  -1.20   0   4   0  2.15777  1.90196  28.09317  55395.8733
K10O24Q    17.20    0.15     1.49  0.105  -1.20   0  14   0  1.64955  1.30272  38.02379  55396.0664
K10O26A    17.40    0.15     1.64  0.072  -1.20   0  16   0  1.98721  1.70947  30.74950  55396.2051
K10O26P    17.80    0.15     1.21  0.091  -1.20   0  12   0  1.81449  1.50450  34.05319  55396.4622
K10O26J    19.20    0.15     0.92  0.043  -1.20   0  11   0  1.65320  1.30513  37.92338  55396.4656
  W6717    16.20    0.15     4.72  0.026   2.18   0  14   8  2.34482  2.11519  25.67678  55396.5983
K10O01E    18.60    0.15     0.97  0.067  -1.20   0  23   0  1.61386  1.25807  39.01349  55397.1255
  68944    14.10    0.15     7.78  0.067   0.98   0  15  15  2.35999  2.13337  25.49858  55397.2577
  H3458    16.40    0.15     1.11  0.397  -1.20   0  12   0  1.70070  1.36876  36.68133  55397.3921
K10O31U    17.40    0.15     1.72  0.066  -1.20   0  16   0  1.98610  1.70956  30.76573  55397.5204
K10O33M    16.80    0.15     2.45  0.056  -1.20   0   4   0  2.38951  2.09547  25.10680  55397.5562
K03W83C    17.60    0.15     0.95  0.180  -1.20   0  20   0  1.65976  1.31748  37.73871  55397.7947
K10O35P    16.20    0.15     3.20  0.057  -1.20   0  10   0  2.70209  2.50858  22.08426  55397.9219
  G5394    15.10    0.15     3.74  0.115  -1.20   0   3   0  2.95424  2.77367  20.11310  55398.0576
K10O34D    15.90    0.15     3.42  0.066  -1.20   0   6   0  2.87995  2.69714  20.65628  55398.1232
  72044    16.10    0.15     1.42  0.319  -1.20   0  17   0  1.67266  1.33423  37.39664  55398.3197
  W1950    17.50    0.15     0.99  0.181  -1.20   0  11   0  1.70403  1.37439  36.59594  55398.4496
K10O40K    17.10    0.15     2.01  0.063  -1.20   0  15   0  2.15844  1.90999  28.07575  55398.4539
  e1994    16.70    0.15     2.94  0.043   1.86   0  24  21  1.87767  1.58478  32.75111  55398.5840
  16958    14.90    0.15     2.65  0.275  -1.20   0   9   0  2.55445  2.34895  23.43314  55398.5879
K10O01K    18.30    0.15     1.30  0.050  -1.20   0  20   0  1.67507  1.33842  37.33152  55398.7190
  O1109    17.50    0.15     0.90  0.219  -1.20   0   3   0  1.67857  1.26507  37.13946  55398.9473
K10O45C    19.20    0.15     1.02  0.036  -1.20   0  11   0  1.70072  1.29509  36.58062  55399.0128
  k4742    17.80    0.15     1.15  0.102  -1.20   0   3   0  1.83468  1.53987  33.61944  55399.2438
K10O48U    18.10    0.15     1.62  0.039  -1.20   0   8   0  2.15826  1.91042  28.07614  55399.5046
K10O48Y    17.10    0.15     1.98  0.065  -1.20   0  18   0  2.15725  1.90949  28.08979  55399.5058
  e1146    16.70    0.15     3.58  0.029  -1.20   0  11   0  2.63479  2.36052  22.62173  55399.5429
K10O49Q    16.50    0.15     2.75  0.059  -1.20   0   6   0  2.51786  2.30781  23.79250  55399.6440
K10O50O    16.50    0.15     2.60  0.065  -1.20   0   3   0  2.50378  2.29761  23.93401  55399.7736
K10OC6D    17.00    0.15     2.14  0.061  -1.20   0  18   0  2.16290  1.91596  28.00901  55400.0307
  f2512    17.50    0.15     2.27  0.034  -1.20   0  11   0  2.24090  1.92329  26.87891  55400.0716
K10O54J    18.20    0.15     1.56  0.038  -1.20   0  23   0  1.89536  1.60748  32.40172  55400.1654
  K0597    16.30    0.15     3.52  0.043  -1.20   0   7   0  2.82815  2.56559  20.99261  55400.3363
  D3249    16.50    0.15     1.86  0.129  -1.20   0  13   0  2.07802  1.82163  29.26015  55400.4365
  74823    14.80    0.15     2.93  0.247   1.12   0  22  19  2.09691  1.84190  28.96972  55400.5648
K10O58O    18.80    0.15     1.16  0.040  -1.20   0   4   0  1.80436  1.50439  34.25601  55400.7010
K10O59R    18.20    0.15     1.03  0.087  -1.20   0  13   0  1.64991  1.30686  37.99590  55400.8315
K10O61U    16.20    0.15     2.99  0.065  -1.20   0  10   0  2.69942  2.50832  22.10024  55401.1015
K10O62E    17.70    0.15     1.95  0.039  -1.20   0   2   0  2.40291  2.10285  24.93510  55401.3292
  61256    16.00    0.15     1.87  0.202  -1.20   0   3   0  2.13635  1.80600  28.30872  55401.3941
  02629    15.00    0.15     5.25  0.064   1.20   0  19  19  1.66028  1.32325  37.71202  55401.4923
K10O64Z    15.50    0.15     4.05  0.068   1.39   0  14   9  2.51154  2.30475  23.85142  55401.4979
  19402    14.80    0.15     3.34  0.191   2.15   0  15   8  1.96157  1.68787  31.17736  55401.8909
K10O68B    16.80    0.15     2.39  0.059  -1.20   0  12   0  2.39167  2.09164  25.05908  55401.9259
K10OA1E    17.80    0.15     2.13  0.030   1.29   0  56  55  1.37298  0.92769  47.66725  55402.0201
  65742    16.60    0.15     1.21  0.279  -1.20   0  15   0  1.64729  1.30730  38.05812  55402.0224
K10O67X    18.20    0.15     1.16  0.069  -1.20   0  16   0  1.70410  1.29410  36.46731  55402.0571
K10O70J    17.40    0.15     1.79  0.061  -1.20   0  14   0  1.98114  1.71134  30.83524  55402.1570
  f7462    17.20    0.15     0.91  0.283  -1.20   0  15   0  1.60128  1.24927  39.35515  55402.2861
K10O71C    17.80    0.15     1.31  0.078  -1.20   0   7   0  1.80224  1.50013  34.29657  55402.2878
K10O74E    16.80    0.15     2.51  0.053  -1.20   0  14   0  2.39166  2.09130  25.05682  55402.5873
  34048    15.80    0.15     1.96  0.220   1.60   0  25  14  1.63492  1.29267  38.39411  55402.6842
  65808    15.50    0.15     2.49  0.180   1.42   0  13   6  1.93548  1.57144  31.54779  55402.7168
K10O75W    19.50    0.15     0.78  0.046  -1.20   0  20   0  1.57392  1.21544  40.17227  55402.8116
K10O75K    18.80    0.15     1.16  0.040  -1.20   0  14   0  1.87094  1.49635  32.77161  55402.8516
K10O80A    16.20    0.15     3.18  0.058  -1.20   0   5   0  2.69736  2.50856  22.11391  55403.2112
  B4824    16.80    0.15     2.56  0.051   1.81   0  21  20  1.68657  1.35890  37.01346  55403.2132
K10O80J    17.20    0.15     2.10  0.053   1.57   0  20  14  1.64349  1.30441  38.15549  55403.2140
K10O81N    15.20    0.15     3.52  0.119  -1.20   0   7   0  2.69532  2.50770  22.13004  55403.3452
  R8462    16.00    0.15     2.47  0.115   1.13   0  14  13  1.87883  1.50467  32.61218  55403.3796
  F9781    15.50    0.15     4.58  0.053   1.23   0   9   4  2.79975  2.53255  21.20418  55403.5110
K10O83N    18.10    0.15     1.85  0.030  -1.20   0  10   0  2.15309  1.91246  28.13525  55403.6075
K10O84G    19.20    0.15     0.83  0.053  -1.20   0   5   0  1.64737  1.30358  38.05353  55403.6740
  65335    14.90    0.15     3.31  0.176  -1.20   0   2   0  2.76455  2.50273  21.50132  55403.7129
K10O84Y    16.70    0.15     1.98  0.094  -1.20   0   5   0  2.32402  2.01867  25.83916  55404.1758
K10O89G    18.80    0.15     1.16  0.040  -1.20   0   6   0  1.80492  1.50489  34.22913  55404.4023
K10O89L    18.40    0.15     1.13  0.060  -1.20   0  14   0  1.66609  1.33364  37.54211  55404.4035
  28565    15.00    0.15     3.27  0.165   1.39   0  11  10  1.94205  1.57774  31.41779  55404.7026
  N9390    16.50    0.15     2.85  0.055   1.21   0  17  17  1.75338  1.35491  35.27328  55404.8379
  O9957    15.70    0.15     1.95  0.244  -1.20   0   9   0  2.17355  1.93545  27.84162  55404.9349
  98302    15.00    0.15     2.60  0.262   1.58   0  14  14  1.78182  1.47807  34.73101  55405.0670
  G8710    16.20    0.15     1.50  0.260  -1.20   0  19   0  1.75222  1.44238  35.40497  55405.0674
  03392    13.70    0.15     4.51  0.287   0.79   0  19  19  2.49493  2.29092  24.00857  55405.1925
  k2102    17.70    0.15     0.80  0.228  -1.20   0   9   0  1.55410  1.09772  40.63312  55405.6257
  G0085    15.70    0.15     2.44  0.156   1.58   0  15  11  1.92640  1.56046  31.70102  55405.7635
  O7056    15.90    0.15     1.96  0.201   1.97   0  57  26  1.63346  1.27819  38.40013  55405.8539
K10OA3A    19.70    0.15     0.75  0.041  -1.20   0   6   0  1.54949  1.19104  40.92294  55405.9916
  O8107    17.40    0.15     1.69  0.068  -1.20   0  11   0  1.87037  1.49147  32.75814  55406.0231
  88609    16.00    0.15     3.06  0.075   1.30   0  15  13  1.73718  1.33066  35.63293  55406.0239
K10OA4G    16.50    0.15     2.55  0.068  -1.20   0  10   0  2.50405  2.30512  23.91308  55406.1238
K10OA6B    15.90    0.15     3.86  0.052  -1.20   0   7   0  2.95540  2.69350  20.02306  55406.2875
K10OB0N    17.10    0.15     2.08  0.059  -1.20   0  14   0  2.14976  1.91070  28.17121  55406.7884
K10OB0Q    16.20    0.15     3.46  0.049  -1.20   0  15   0  2.76337  2.49055  21.48373  55406.8205
K10OB0T    16.40    0.15     2.82  0.061  -1.20   0  10   0  2.59053  2.30207  22.99357  55406.8210
  e8795    17.50    0.15     2.10  0.040   1.13   0  18  14  1.78926  1.39766  34.45255  55406.8221
K10OB1W    16.20    0.15     3.32  0.053  -1.20   0   6   0  2.79535  2.52362  21.22413  55406.9504
  O9687    15.20    0.15     2.90  0.174  -1.20   0   7   0  2.66226  2.47508  22.41027  55407.0455
  39702    15.40    0.15     2.21  0.249  -1.20   0  12   0  2.17825  1.84587  27.67845  55407.0842
K10OB1N    17.50    0.15     2.60  0.026  -1.20   0   9   0  2.50987  2.30923  23.85210  55407.1838
K10JC4E    17.70    0.15     0.78  0.242  -1.20   0   8   0  1.51866  1.05063  41.78265  55407.2152
K10OB3Z    18.20    0.15     1.00  0.094  -1.20   0  13   0  1.70817  1.29363  36.32274  55407.2176
  37308    17.00    0.15     0.89  0.352  -1.20   0  14   0  1.59768  1.15359  39.29090  55407.3469
  D1596    14.70    0.15     2.92  0.272  -1.20   0   7   0  2.66405  2.38180  22.32328  55407.3502
K10OB5E    15.20    0.15     5.39  0.051   1.84   0   6   4  2.68188  2.50264  22.23430  55407.4438
K10OB5F    17.80    0.15     2.27  0.026  -1.20   0   3   0  2.32316  2.10795  25.90183  55407.5766
  P0436    16.40    0.15     1.20  0.338  -1.20   0  20   0  1.62808  1.27393  38.53761  55407.9768
K10OB9H    18.40    0.15     1.49  0.035  -1.20   0  10   0  2.04218  1.69109  29.69748  55408.1386
K10OC1V    18.80    0.15     1.07  0.047  -1.20   0   4   0  1.87579  1.50386  32.65989  55408.4004
K10OC4W    17.10    0.15     2.24  0.051  -1.20   0  13   0  2.21853  1.89083  27.12701  55408.6718
  P6155    15.80    0.15     3.21  0.082   1.16   0  41  30  1.61889  1.26354  38.79895  55408.7732
K10P03G    17.80    0.15     1.45  0.064  -1.20   0   9   0  1.87361  1.49304  32.67425  55409.0663
  67502    15.60    0.15     4.05  0.062   1.11   0  10   7  2.32757  2.01065  25.75482  55409.0671
  U1988    15.40    0.15     2.39  0.214  -1.20   0   6   0  2.46860  2.16685  24.18669  55409.0671
  58050    14.30    0.15     3.50  0.275   1.12   0  51  22  1.64337  1.29550  38.10339  55409.1613
  88412    16.60    0.15     1.17  0.296  -1.20   0  15   0  1.58029  1.12844  39.78574  55409.1985
  06042    12.90    0.15    13.04  0.072   0.93   0   9   9  3.55691  3.32490  16.52007  55409.2011
  01640    13.30    0.15     6.43  0.205   0.94   0  32  18  1.51209  1.12705  42.12592  55409.2987
K10P04M    17.10    0.15     2.27  0.050  -1.20   0   7   0  2.21932  1.89187  27.11515  55409.3293
  30717    14.90    0.15     2.65  0.277   1.07   0   7   5  1.94078  1.57098  31.40589  55409.3304
  62730    15.10    0.15     2.62  0.236   1.43   0  13   9  1.81213  1.41757  33.92089  55409.3326
K10J86Z    17.70    0.15     1.96  0.038   1.85   0  13   8  1.67641  1.25113  37.10045  55409.4634
K10P06J    16.50    0.15     3.13  0.045  -1.20   0  12   0  2.58542  2.29222  23.02401  55409.4647
K10P06F    17.80    0.15     1.24  0.088  -1.20   0  13   0  1.87229  1.48867  32.68899  55409.5963
K10P00F    17.10    0.15     2.08  0.059   1.56   0   4   4  1.63014  1.30319  38.48363  55409.6935
  O7740    16.00    0.15     1.69  0.248  -1.20   0  13   0  1.83331  1.44325  33.47652  55409.7289
K10P00H    17.10    0.15     0.81  0.384  -1.20   0  12   0  1.50524  1.12964  42.37994  55409.9636
  O7925    15.70    0.15     4.13  0.054  -1.20   0   9   0  2.82269  2.54988  20.99442  55409.9909
  00391    10.80    0.15    19.66  0.219   1.01   0  12  12  2.28260  1.96104  26.29792  55409.9965
K10P11L    17.30    0.15     2.00  0.053  -1.20   0   7   0  2.16039  1.91050  28.00092  55410.3597
  N9832    15.70    0.15     1.95  0.244  -1.20   0   9   0  2.24023  1.91178  26.82814  55410.6548
  j5172    17.40    0.15     2.81  0.025   1.16   0  13   9  2.12024  1.79302  28.51792  55411.0445
  29566    15.10    0.15     2.21  0.329   1.05   0  16  16  1.70320  1.29162  36.43902  55411.0463
K10P14Q    18.80    0.15     1.26  0.034  -1.20   0   4   0  1.87789  1.49386  32.56721  55411.0523
K10O75W    19.50    0.15     0.79  0.045  -1.20   0  17   0  1.55353  1.16013  40.75722  55411.5425
  b8532    16.50    0.15     1.46  0.209   1.98   0  27  19  1.40794  0.95630  46.08461  55411.5506
K10P16R    17.80    0.15     1.17  0.098  -1.20   0   6   0  1.88008  1.49607  32.52147  55411.5782
  14581    14.10    0.15     6.00  0.112  -1.20   0   3   0  3.77975  3.56793  15.53084  55411.9176
  H6871    15.20    0.15     5.92  0.042   1.06   0   9   8  2.30674  1.98248  25.98074  55411.9777
  01565    12.50    0.15     7.59  0.307   0.78   0  11  11  2.69074  2.40360  22.06020  55412.1091
K10P19O    16.20    0.15     3.26  0.055  -1.20   0   7   0  2.77462  2.49234  21.35696  55412.2434
  V5187    17.70    0.15     1.85  0.043  -1.20   0   3   0  2.20200  1.86745  27.32152  55412.5056
  69350    15.30    0.15     3.24  0.128   1.66   0  14  12  1.93903  1.57481  31.43788  55412.7772
  F9882    16.60    0.15     1.28  0.247  -1.20   0  11   0  1.85420  1.46445  33.02074  55412.9054
K10P28X    18.20    0.15     1.43  0.045  -1.20   0  12   0  1.71575  1.29408  36.07010  55413.0371
K10OA1E    17.80    0.15     2.17  0.028   1.36   0  10  10  1.35981  0.89450  48.23562  55413.1334
  P0436    16.40    0.15     1.15  0.366  -1.20   0  10   0  1.62723  1.25829  38.55479  55413.1363
  98891    15.70    0.15     4.84  0.040  -1.20   0  11   0  3.09605  2.90756  19.12011  55413.2667
  O9091    16.60    0.15     1.29  0.243  -1.20   0  17   0  1.74916  1.33921  35.28934  55413.3034
  90916    16.40    0.15     1.34  0.270  -1.20   0  11   0  1.80545  1.40439  34.02343  55413.4341
K10P33C    18.20    0.15     1.10  0.076  -1.20   0   6   0  1.71750  1.29447  36.01826  55413.5634
K10P33H    16.40    0.15     2.53  0.076  -1.20   0   6   0  2.58926  2.29003  22.96104  55413.5666
  V7699    17.80    0.15     0.73  0.250  -1.20   0  21   0  1.46805  0.97718  43.49870  55413.5695
K10P31R    16.40    0.15     2.17  0.103  -1.20   0   8   0  2.23472  1.97230  26.98666  55413.6632
  U6514    15.90    0.15     4.03  0.047  -1.20   0  17   0  1.74169  1.39837  35.60589  55413.9276
K10P33L    15.40    0.15     2.51  0.193  -1.20   0   3   0  2.58500  2.29590  23.02323  55414.0326
  a7341    17.40    0.15     0.93  0.226  -1.20   0   8   0  1.65957  1.29993  37.66436  55414.0652
K10P37R    15.80    0.15     3.89  0.056   1.36   0   2   2  2.40613  2.08533  24.80927  55414.0925
K10P40L    16.20    0.15     3.03  0.064  -1.20   0   1   0  2.77204  2.48056  21.35333  55414.3575
  i3808    17.40    0.15     2.53  0.030  -1.20   0  10   0  2.43131  2.11764  24.54330  55414.3587
K10P40S    17.10    0.15     1.98  0.065  -1.20   0   1   0  2.22372  1.88217  26.99975  55414.3617
K10P40V    17.00    0.15     1.52  0.121  -1.20   0   1   0  2.23662  1.90053  26.84204  55414.3631
  19080    13.80    0.15     4.57  0.255  -1.20   0   7   0  2.95513  2.75999  20.06616  55414.7189
  h4431    16.00    0.15     4.40  0.036  -1.20   0   9   0  2.79565  2.51288  21.17592  55414.8910
  i7562    18.20    0.15     0.61  0.249  -1.20   0   7   0  1.48297  0.99950  42.95426  55414.8938
  g5537    17.10    0.15     1.08  0.218  -1.20   0   4   0  1.71169  1.36554  36.32619  55414.9865
  d6948    18.50    0.15     1.32  0.040  -1.20   0   7   0  1.90478  1.59790  32.15985  55415.1228
  44168    15.10    0.15     2.62  0.234  -1.20   0  18   0  1.68056  1.32590  37.10308  55415.5152
  O9708    16.80    0.15     1.12  0.268  -1.20   0   6   0  1.69323  1.34234  36.78016  55415.6480
  C0942    17.50    0.15     1.25  0.113  -1.20   0   8   0  1.81607  1.41182  33.76472  55415.6826
  40271    14.70    0.15     3.02  0.255  -1.20   0  23   0  1.67430  1.32009  37.26202  55415.7868
  U6790    14.70    0.15     3.11  0.241  -1.20   0  25   0  1.59320  1.21790  39.51654  55416.0399
  D3819    16.00    0.15     1.99  0.177  -1.20   0  19   0  1.52873  1.13073  41.53816  55416.3103
  d4141    16.80    0.15     1.14  0.259  -1.20   0  12   0  1.56119  1.10145  40.31190  55416.3389
  j5398    15.00    0.15     3.20  0.172  -1.20   0   5   0  2.73028  2.51976  21.79478  55416.5134
  O9850    16.40    0.15     1.36  0.264  -1.20   0  18   0  1.66080  1.30561  37.61567  55416.5768
  24029    13.60    0.15     5.14  0.242  -1.20   0  13   0  1.93326  1.63556  31.62159  55416.9713
  G8713    17.10    0.15     1.56  0.105  -1.20   0   8   0  1.82629  1.51002  33.71216  55417.3698
  45164    15.90    0.15     1.73  0.257  -1.20   0  15   0  1.56070  1.17671  40.49481  55417.7664
  U7536    15.30    0.15     5.62  0.042  -1.20   0  36   0  1.67593  1.32876  37.19816  55418.9607
K10P66B    16.20    0.15     1.54  0.247  -1.20   5   0   0  1.57848  1.20327  39.94025  55419.4864
  74779    14.40    0.15     3.63  0.233  -1.20   0   7   0  2.22215  1.97531  27.12523  55420.2832
  21893    14.60    0.15     3.30  0.235  -1.20   0  16   0  1.72087  1.38598  36.05856  55421.6027
K10P77Z    16.90    0.15     3.03  0.033  -1.20  13   0   0  1.76011  1.43566  35.13146  55421.8633
K10CM5W    17.10    0.15     2.53  0.040  -1.20  10   0   0  1.62474  1.17518  38.34998  55422.3013
  21183    14.00    0.15     5.08  0.172  -1.20   0  22   0  1.85665  1.55378  33.05277  55422.6591
  C9541    14.70    0.15     4.14  0.136  -1.20   0  18   0  1.71562  1.38630  36.16044  55424.2446
  06487    13.60    0.15     5.53  0.210  -1.20   0   2   0  2.39160  2.16900  25.03884  55425.3080
  34759    13.90    0.15     8.55  0.066  -1.20   0   8   0  1.74953  1.43126  35.33615  55426.2292
  14223    14.70    0.15     3.45  0.195  -1.20   0   4   0  1.69585  1.36100  36.62711  55427.8207
  P0315    17.10    0.15     2.58  0.038  -1.20   0   7   0  1.65174  1.30978  37.76894  55428.0863
  i8182    18.70    0.15     1.52  0.025  -1.20   9   0   0  1.58011  1.16182  39.74418  55428.3894
  14222    14.00    0.15     9.23  0.052  -1.20   0  12   0  1.84416  1.54882  33.26006  55429.1412
  05392    12.70    0.15     9.69  0.156  -1.20   0  10   0  2.48098  2.27512  24.05095  55430.2028
  20446    13.90    0.15     4.12  0.286  -1.20   0  23   0  1.54625  1.18113  40.81547  55432.1903
  P2244    16.30    0.15     4.04  0.033  -1.20   0   1   0  1.92745  1.65844  31.58745  55436.9466
  03873    12.80    0.15     7.43  0.243  -1.20   0  33   0  2.00087  1.72899  30.27843  55438.0033
K06R02F    17.70    0.15     1.61  0.056  -1.20   9   0   0  1.50711  1.09352  41.99858  55441.3144
K10JH6W    18.60    0.15     1.49  0.029  -1.20  17   0   0  1.47810  1.01655  42.88779  55443.7192
  P7581    16.80    0.15     2.50  0.054  -1.20   7   0   0  1.76616  1.43585  34.78254  55445.5499
  01468    12.70    0.15     6.97  0.302  -1.20   0  11   0  1.85546  1.54548  32.88402  55446.4699
  06386    12.70    0.15     7.30  0.276  -1.20   0  12   0  1.58896  1.21738  39.33838  55446.7388
  c7632    15.50    0.15     1.90  0.309  -1.20  19   0   0  1.59072  1.14358  39.09699  55447.0395
  20691    13.40    0.15     6.66  0.174  -1.20   0  19   0  1.68364  1.34154  36.73954  55447.6676
  a3080    16.20    0.15     2.64  0.084  -1.20   0   5   0  1.66841  1.23263  36.89743  55449.2855
  G5383    15.60    0.15     2.64  0.146  -1.20  14   0   0  1.73658  1.40742  35.42657  55449.3868
  A8522    13.90    0.15     9.82  0.050  -1.20   0   7   0  1.94987  1.57164  30.90796  55450.0738
  e8825    16.50    0.15     4.12  0.026  -1.20   0   3   0  1.91929  1.62547  31.62800  55450.1707
K10S16U    18.50    0.15     1.09  0.059  -1.20  19   0   0  1.43096  1.03060  44.53150  55460.0917
  42811    14.30    0.15     3.12  0.346  -1.20  13   0   0  1.75308  1.44808  34.92394  55460.3634
  20062    14.40    0.15     3.71  0.224  -1.20   0  27   0  1.56867  1.21662  39.75779  55461.2917
  02064    12.60    0.15     9.30  0.186  -1.20   0   6   0  2.34667  2.13349  25.30236  55462.7410
K10S16V    18.40    0.15     1.58  0.031  -0.90   7   0   0  1.59541  1.25114  38.95045  55463.3940
  11836    13.60    0.15     5.54  0.209  -1.20   0  22   0  1.53089  1.17235  40.91285  55463.4088
  E3303    14.90    0.15     5.37  0.067  -1.20   0  11   0  1.85527  1.57629  32.71166  55463.7980
  01065    12.20    0.15    12.40  0.151  -1.20   0  11   0  2.33284  2.12424  25.44162  55465.3857
K10S16W    15.20    0.15     2.49  0.236  -1.20   5   0   0  1.64965  1.33283  37.39944  55466.1863
  a6366    16.50    0.15     1.17  0.322  -1.20  15   0   0  1.32675  0.88901  49.01905  55466.3077
  99913    13.40    0.15     5.49  0.256  -1.20   0  17   0  1.52387  1.16684  41.08807  55466.7051
  11836    13.60    0.15     5.51  0.211  -1.20  21   0   0  1.52496  1.13168  41.00633  55470.5514
  A3522    16.50    0.15     1.16  0.332  -1.20   5   0   0  1.47241  0.99699  42.62432  55471.5016
  05253    14.30    0.15     3.00  0.374  -1.20   9   0   0  1.77652  1.45044  34.25979  55472.7951
  99913    13.40    0.15     5.25  0.280  -1.20  28   0   0  1.50079  1.10662  41.77106  55473.5830
  a6366    16.50    0.15     1.18  0.319  -1.20  23   0   0  1.32683  0.86082  48.88035  55474.2439
  08251    15.30    0.15     6.58  0.031  -1.20   7   0   0  2.05475  1.70183  28.97729  55474.2828
  O4694    17.20    0.15     2.59  0.035  -1.00   7   0   0  1.61311  1.17306  38.09728  55474.2836
  07369    13.20    0.15     6.62  0.211  -1.20   6   0   0  1.90337  1.53016  31.54072  55474.6828
  G7785    16.60    0.15     2.74  0.054  -1.20   5   0   0  1.66341  1.23749  36.74112  55475.3391
  04451    12.00    0.15    12.16  0.189  -1.20   9   0   0  2.63277  2.42615  22.30196  55476.6340
  00512    10.68    0.15    26.80  0.131  -1.20  11   0   0  1.66994  1.24136  36.51871  55477.9845
  68134    14.10    0.15     4.83  0.173  -1.20   6   0   0  1.67639  1.34063  36.52888  55481.4549
  17640    13.60    0.15     4.90  0.267  -1.20  20   0   0  1.66512  1.27446  36.70813  55481.4851
  70111    15.90    0.15     1.78  0.244  -1.20   5   0   0  1.62588  1.17856  37.59179  55481.5564
  05999    14.30    0.15     8.52  0.046  -1.20  15   0   0  1.83116  1.53494  33.00547  55482.1849
  C1514    17.00    0.15     3.05  0.030  -1.20   6   0   0  1.49076  1.00200  41.68629  55482.2178
K01QF3J    17.00    0.15     3.05  0.030  -1.20   6   0   0  1.84079  1.55144  32.78920  55484.5638
  C1514    17.00    0.15     3.15  0.028  -1.20  13   0   0  1.48849  1.04004  41.89171  55486.9797
  01204    12.00    0.15    10.49  0.254  -1.20   8   0   0  2.58150  2.39033  22.69141  55488.0049
  30775    16.00    0.15     1.61  0.270  -1.20   7   0   0  1.52831  1.09053  40.52985  55489.0955
  05066    14.10    0.15     6.06  0.110  -1.20   7   0   0  2.23204  2.00659  26.48605  55489.3264
  03635    14.70    0.15     2.94  0.269  -1.20  18   0   0  1.67626  1.35830  36.42200  55489.7267
  58175    15.80    0.15     4.89  0.035  -1.20  14   0   0  1.67637  1.27909  36.31171  55490.4206
  H8783    15.80    0.15     1.98  0.215  -1.20   6   0   0  1.66194  1.34237  36.77119  55491.4485
  21788    14.10    0.15     4.15  0.235  -1.20   5   0   0  1.92491  1.57191  31.01090  55492.6682
  k1747    17.10    0.15     2.43  0.043  -1.20  17   0   0  1.68360  1.37481  36.19243  55493.2982
  37596    14.80    0.15     4.02  0.131  -1.20  12   0   0  1.93173  1.67305  30.96840  55493.9608
  P1966    15.40    0.15     1.93  0.329  -1.20   9   0   0  1.60096  1.27242  38.38022  55494.2205
  O7877    16.30    0.15     4.23  0.030  -1.20  19   0   0  1.59565  1.17972  38.41869  55494.7786
  75409    15.10    0.15     3.19  0.159  -1.20   6   0   0  1.81533  1.53873  33.18830  55495.2790
  03401    12.30    0.15     9.75  0.223  -1.20   9   0   0  2.11676  1.79114  27.91131  55495.3142
  03040    13.80    0.15     4.14  0.311  -1.20  14   0   0  1.68488  1.29389  36.04782  55495.8363
  02035    12.61    0.15     6.00  0.443  -1.20  10   0   0  2.13062  1.88205  27.76256  55497.9231
  A3506    15.70    0.15     1.45  0.442  -1.20   7   0   0  1.46173  1.09231  42.79270  55497.9321
  26209    15.70    0.15     2.04  0.223  -1.20  11   0   0  1.62268  1.19910  37.55927  55499.0165
  A2074    15.80    0.15     4.68  0.039  -1.20  11   0   0  1.73544  1.33994  34.75774  55499.0169
  72204    15.70    0.15     1.98  0.236  -1.20   7   0   0  1.64782  1.23103  36.89105  55499.1476
  14211    13.80    0.15     4.45  0.269  -1.20   6   0   0  2.00435  1.72112  29.67570  55500.8348
  02074    13.90    0.15     4.01  0.302  -1.20  13   0   0  1.72531  1.32865  34.95651  55502.3277
  08651    14.50    0.15     4.97  0.113  -1.20   9   0   0  2.05150  1.77868  28.90867  55503.2162
  08256    13.60    0.15     5.06  0.250  -1.20  11   0   0  1.93892  1.57342  30.60732  55504.0414
  22449    13.90    0.15     5.39  0.167  -1.20   6   0   0  2.00354  1.64943  29.51996  55505.0996
  A3506    15.70    0.15     1.40  0.473  -1.20   5   0   0  1.45427  1.05601  42.97085  55505.7362
  D3090    16.00    0.15     1.48  0.323  -1.20  17   0   0  1.45008  0.96406  42.85218  55506.0271
  B4924    15.70    0.15     4.05  0.057  -1.20  11   0   0  1.63656  1.20633  37.05328  55506.6887
  D3048    15.40    0.15     6.49  0.029  -1.20   8   0   0  2.26657  1.94213  25.79149  55507.2151
  01951    14.20    0.15     3.52  0.297  -1.20  13   0   0  1.47310  1.08406  42.26514  55507.5889
  H0908    16.50    0.15     1.98  0.113  -1.20  18   0   0  1.53074  1.06877  40.06540  55508.4087
  02577    13.18    0.15     4.08  0.566  -1.20   6   0   0  1.96821  1.59811  30.00665  55511.3181
  77971    15.20    0.15     2.61  0.216  -1.20  34   0   0  1.66205  1.26077  36.39512  55511.4442
  52439    14.80    0.15     3.06  0.227  -1.20  11   0   0  1.67694  1.25631  35.95371  55512.3710
  I3182    16.40    0.15     3.33  0.044  -1.20   9   0   0  1.84852  1.56374  32.35487  55513.9291
  j5215    16.90    0.15     1.56  0.126  -1.20  11   0   0  1.55072  1.14610  39.57562  55514.8958
  H0908    16.50    0.15     2.09  0.101  -1.20   9   0   0  1.53911  1.12016  39.90224  55515.2204
  I1882    14.50    0.15     2.80  0.357  -1.20  13   0   0  1.69742  1.38444  35.62210  55516.3065
  P3822    15.70    0.15     2.02  0.228  -1.20   5   0   0  1.65440  1.26626  36.62372  55516.3406
  52439    14.80    0.15     3.01  0.234  -1.20  11   0   0  1.68134  1.29759  35.92934  55517.1330
K06SS5E    16.50    0.15     3.35  0.040  -1.20  25   0   0  1.54906  1.13172  39.55463  55517.5386
  06318    15.70    0.15     1.65  0.342  -1.20  25   0   0  1.37432  0.96337  45.97812  55517.8944
  03674    12.00    0.15    10.01  0.280  -1.20  14   0   0  1.49316  1.05894  41.33418  55519.2590
  P2050    17.80    0.15     2.16  0.029  -1.20  13   0   0  1.60515  1.19506  37.87890  55519.3867
  b6786    16.60    0.15     3.75  0.029  -1.20  10   0   0  1.75321  1.37857  34.19897  55520.3098
  58325    16.30    0.15     2.75  0.071  -1.20  13   0   0  1.59455  1.17946  38.15389  55520.9718
  A5175    15.60    0.15     2.45  0.169  -1.20   5   0   0  1.67487  1.28161  36.03043  55520.9723
K10W08S    19.60    0.15     0.82  0.038  -1.20   7   0   0  1.36820  0.87797  46.06415  55520.9754
  74789    14.40    0.15     5.05  0.120  -1.20   9   0   0  1.93910  1.68175  30.61512  55521.7345
  O8920    16.40    0.15     2.83  0.061  -1.20   8   0   0  1.67942  1.28616  35.89265  55524.0137
  05892    13.60    0.15     5.73  0.196  -1.20   7   0   0  2.05205  1.72224  28.66147  55524.0145
  T4169    15.50    0.15     2.32  0.208  -1.20  14   0   0  1.66600  1.27395  36.22669  55525.0679
  D7238    15.60    0.15     1.94  0.272  -1.20   5   0   0  1.54222  1.20814  39.76949  55526.1032
  32910    15.00    0.15     2.53  0.276  -1.20  12   0   0  1.65462  1.24793  36.46694  55526.1319
  H2425    15.30    0.15     2.53  0.210  -1.20   7   0   0  1.75304  1.37018  34.12920  55526.5297
  W6741    16.70    0.15     3.46  0.031  -1.20  15   0   0  1.68721  1.28512  35.61237  55530.1018
  21104    13.80    0.15     5.07  0.207  -1.20  13   0   0  1.65451  1.25244  36.45837  55530.4350
  D7238    15.60    0.15     2.10  0.230  -1.20  14   0   0  1.55372  1.18583  39.38663  55530.7326
  O7748    15.90    0.15     2.12  0.171  -1.20  11   0   0  1.58225  1.16029  38.40496  55530.8978
  97514    13.90    0.15    11.42  0.037  -1.00   9   0   0  2.02013  1.67594  29.08088  55532.2173
  13819    13.50    0.15     4.44  0.357  -1.20   9   0   0  2.05747  1.78922  28.62231  55532.5798
  05867    15.30    0.15     2.27  0.259  -1.20  12   0   0  1.61972  1.19510  37.28673  55534.0668
  41574    15.60    0.15     2.00  0.253  -1.20   8   0   0  1.66223  1.25098  36.18091  55535.5181
  P9776    16.30    0.15     3.71  0.039  -1.20  10   0   0  1.83391  1.53744  32.49557  55535.8860
  P3898    15.70    0.15     4.94  0.038  -1.20  27   0   0  1.52548  1.15765  40.22001  55536.6750
  03737    12.40    0.15    14.36  0.094  -1.20   7   0   0  2.77105  2.58217  20.82011  55538.2691
K03X04V    17.70    0.15     1.95  0.039  -1.20  10   0   0  1.67505  1.25599  35.79223  55538.8301
  99321    16.90    0.15     1.98  0.079  -1.20   7   0   0  1.66000  1.23851  36.17500  55539.0938
  P3692    16.50    0.15     2.22  0.090  -1.20   9   0   0  1.66227  1.24283  36.11775  55539.6197
  B1811    14.90    0.15     2.58  0.291  -1.20  11   0   0  1.64893  1.22834  36.46585  55539.6260
  Z7355    16.80    0.15     3.47  0.028  -1.20   5   0   0  1.88499  1.50696  31.30569  55540.2830
  F1723    16.00    0.15     3.45  0.059  -1.20   5   0   0  1.91273  1.63856  30.97810  55541.9709
  06585    14.30    0.15     4.25  0.187  -1.20   7   0   0  1.91035  1.63697  31.01339  55543.9510
  P3692    16.50    0.15     2.15  0.096  -1.20   5   0   0  1.65448  1.26992  36.43101  55544.3814
  j2773    17.20    0.15     2.74  0.031  -1.00  10   0   0  1.86303  1.58438  31.88824  55544.7480
  55401    13.80    0.15     4.95  0.218  -1.20  13   0   0  1.80259  1.51403  33.08933  55544.7505
  A6189    15.70    0.15     2.26  0.182  -1.20   5   0   0  1.74097  1.37265  34.33700  55546.8996
  U2111    14.30    0.15     7.20  0.065  -1.20  13   0   0  2.05835  1.74147  28.48613  55548.0893
  O2196    15.90    0.15     2.12  0.171  -1.20  11   0   0  1.59050  1.18843  38.12476  55549.0076
  b0651    16.20    0.15     3.79  0.041  -1.20  16   0   0  1.56527  1.22761  38.93615  55549.6389
K10Y00F    17.00    0.15     2.68  0.039  -1.20   8   0   0  1.74915  1.46067  34.21378  55550.8344
  g2719    17.20    0.15     2.03  0.057  -1.20  17   0   0  1.46823  1.01566  41.90430  55553.1152
  B8162    15.90    0.15     1.56  0.318  -1.20  16   0   0  1.41835  0.96999  43.82390  55553.7662
K10Y00L    16.50    0.15     1.92  0.120  -1.20  16   0   0  1.57010  1.15134  38.65190  55556.1608
  C9737    16.50    0.15     3.97  0.028  -1.20  19   0   0  1.55979  1.12914  38.91677  55557.3452
  01656    12.90    0.15     8.00  0.191  -1.20  13   0   0  1.71536  1.33039  34.85887  55558.1345
  03833    15.40    0.15     5.74  0.037  -1.20  18   0   0  1.61495  1.20026  37.35820  55558.1370
  00132     9.38    0.15    48.44  0.133  -1.20   9   0   0  2.80552  2.54834  20.44952  55558.4078
  i0640    16.30    0.15     1.83  0.159  -1.20   7   0   0  1.64332  1.22964  36.57906  55560.9181
  f6187    16.50    0.15     3.66  0.033  -1.20  12   0   0  1.76312  1.37914  33.75304  55561.0466
  P7803    15.70    0.15     4.98  0.037  -1.20   6   0   0  2.02091  1.75226  29.11060  55562.3384
  D8978    16.00    0.15     5.11  0.027  -1.20  13   0   0  1.53030  1.15804  39.97679  55562.6055
K11A04T    18.90    0.15     1.26  0.031  -1.20  19   0   0  1.44453  0.99290  42.77870  55563.6864
  20137    15.30    0.15     2.22  0.272  -1.20  15   0   0  1.60243  1.17421  37.65179  55563.9577
  75079    13.70    0.15     4.58  0.278  -1.20  14   0   0  1.81123  1.50968  32.87660  55564.1923
  j2419    15.40    0.15     2.43  0.207  -1.20  12   0   0  1.73732  1.34321  34.30449  55565.5499
  22844    13.40    0.15     8.52  0.106  -1.20   7   0   0  2.33043  2.10459  24.95499  55566.3070
  b6950    17.40    0.15     2.80  0.025  -1.20  15   0   0  1.72529  1.40982  34.74253  55566.8352
  79219    15.70    0.15     1.80  0.286  -1.20   5   0   0  1.61686  1.20312  37.30590  55568.1851
  02629    15.00    0.15     5.46  0.059  -1.20   6   0   0  2.06656  1.72774  28.28137  55568.9901
  02629    15.00    0.15     5.46  0.059  -1.20   6   0   0  2.06656  1.72774  28.28137  55568.9901
  I1958    15.20    0.15     2.91  0.173  -1.20  25   0   0  1.58827  1.15812  38.05884  55569.5193
  L9523    14.80    0.15     3.42  0.181  -1.20  10   0   0  1.84062  1.55319  32.29149  55569.6095
  P0418    16.50    0.15     1.71  0.152  -1.20   6   0   0  1.63383  1.21147  36.79936  55569.9160
  68944    14.10    0.15     9.90  0.041  -1.20  22   0   0  1.76629  1.38552  33.68786  55570.0404
  05929    13.50    0.15     5.56  0.228  -1.20   8   0   0  1.66387  1.24962  36.03711  55572.0220
  25362    14.60    0.15     2.61  0.376  -1.20   6   0   0  1.71828  1.41051  34.91219  55572.7894
  W6717    16.20    0.15     3.94  0.038  -1.00   5   0   0  1.69475  1.28445  35.26713  55573.0796
  I1958    15.20    0.15     2.84  0.182  -1.20  19   0   0  1.59189  1.19417  38.08521  55575.0741
  04276    14.60    0.15     5.99  0.071  -1.20  12   0   0  1.93802  1.67352  30.49732  55575.9574
  W6717    16.20    0.15     4.05  0.036  -1.00  16   0   0  1.68561  1.31118  35.63271  55577.0474
  05929    13.50    0.15     5.63  0.222  -1.20  12   0   0  1.67079  1.29115  35.99485  55577.0483
  72569    14.10    0.15     4.07  0.244  -1.20  17   0   0  1.72772  1.35359  34.61427  55577.1846
  Q4275    17.20    0.15     1.78  0.074  -1.20  17   0   0  1.44227  1.07225  43.01764  55582.8372
  e2756    17.40    0.15     1.82  0.059  -1.20   6   0   0  1.63798  1.23212  36.79298  55582.8721
  O7827    16.60    0.15     3.61  0.031  -1.20   6   0   0  1.94047  1.59328  30.37047  55584.4593
  26858    12.80    0.15     8.19  0.200  -1.20  15   0   0  2.14745  1.90687  27.28129  55585.4859
  74823    14.80    0.15     2.88  0.256  -1.20  11   0   0  1.65935  1.25736  36.25760  55587.1007
  H4599    15.30    0.15     2.39  0.235  -1.20  14   0   0  1.58957  1.17669  38.15937  55588.0362
  Q4275    17.20    0.15     1.79  0.072  -1.20  15   0   0  1.45076  1.04430  42.73784  55588.3920
  20187    13.40    0.15     6.06  0.210  -1.20  19   0   0  1.87849  1.51493  31.48922  55589.6203
  85118    15.50    0.15     5.45  0.038  -1.20   5   0   0  1.72745  1.38057  34.67393  56652.7398
  00323     9.73    0.15    32.96  0.208  -1.20  16   0   0  2.74959  2.51063  20.91552  56655.0086
  03800    15.00    0.15     1.91  0.485  -1.20  12   0   0  1.51908  1.10432  40.26108  56657.1186
  03873    12.80    0.15     6.16  0.353  -1.20  14   0   0  1.64174  1.26872  36.74391  56657.5224
  N7566    15.10    0.15     2.40  0.279  -1.20   5   0   0  1.73514  1.37710  34.45993  56657.7184
  R4834    16.40    0.15     3.40  0.042  -1.20  19   0   0  1.68076  1.30302  35.73031  56660.1837
K13P03L    17.20    0.15     2.83  0.029  -1.20  11   0   0  1.76470  1.40128  33.78276  56661.1084
  05641    14.00    0.15     5.04  0.175  -1.20   8   0   0  2.02879  1.71737  28.93942  56661.3665
  13819    13.50    0.15     4.95  0.287  -1.20  14   0   0  1.62568  1.23532  37.14152  56663.0788
  B1831    14.60    0.15     2.82  0.321  -1.20   9   0   0  1.66300  1.27796  36.16228  56663.0884
  P7594    15.50    0.15     2.31  0.208  -1.20   8   0   0  1.59627  1.19790  37.94340  56663.2218
  R4834    16.40    0.15     3.66  0.036  -1.20  12   0   0  1.69941  1.36903  35.35555  56666.3770
  B1831    14.60    0.15     2.93  0.298  -1.20  15   0   0  1.66633  1.32413  36.16524  56668.2271
  P7594    15.50    0.15     2.20  0.231  -1.20  10   0   0  1.59669  1.23721  38.01548  56669.1513
  13819    13.50    0.15     5.03  0.278  -1.20  19   0   0  1.63256  1.28146  37.03875  56669.2723
  01468    12.70    0.15     6.99  0.301  -1.20  16   0   0  1.96572  1.67800  30.01572  56669.4115
  05999    14.30    0.15     9.14  0.040  -1.20  12   0   0  2.07774  1.80596  28.24598  56669.9348
  51075    14.80    0.15     2.12  0.472  -1.20   8   0   0  1.59584  1.22531  38.02110  56670.5010
  75079    13.70    0.15     5.02  0.232  -1.20  16   0   0  1.71406  1.37973  35.01024  56671.3810
  08651    14.50    0.15     4.80  0.122  -1.20  17   0   0  1.75866  1.42882  33.99465  56671.6497
K03X21K    16.30    0.15     4.49  0.027  -1.20  16   0   0  1.76924  1.44088  33.76575  56672.4388
  A1742    14.60    0.15     8.49  0.035  -1.00   8   0   0  2.32894  2.08704  24.98043  56675.9659
  B9905    15.20    0.15     6.50  0.035  -1.20  12   0   0  1.58262  1.20916  38.42489  56675.9922
  03255    13.40    0.15     5.08  0.299  -1.20  20   0   0  1.53215  1.14170  39.93899  56676.7936
  A2528    13.60    0.15    13.49  0.035  -1.00  20   0   0  1.91439  1.60090  30.90524  56677.6840
K02S01A    17.90    0.15     1.88  0.034  -1.00   4   0   0  1.73444  1.39597  34.55096  56678.3002
  86212    15.10    0.15     3.25  0.152  -1.20  15   0   0  1.59889  1.22366  37.96387  56678.7687
  B1245    14.50    0.15     6.42  0.068  -1.20   9   0   0  1.87362  1.55686  31.66376  56678.8980
  30856    14.00    0.15     4.22  0.249  -1.20  14   0   0  1.77131  1.42977  33.72509  56680.0811
  M0219    15.90    0.15     2.45  0.129  -1.20   7   0   0  1.74064  1.39816  34.41391  56680.7457
K13R16T    17.20    0.15     3.00  0.026  -1.20  21   0   0  1.61044  1.23059  37.65469  56683.3715
  25362    14.60    0.15     3.47  0.212  -1.20  13   0   0  1.63151  1.25168  37.09343  56686.7972
  02035    12.61    0.15     5.62  0.506  -1.20  17   0   0  1.88176  1.55705  31.53157  56687.8170
  E2030    14.80    0.15     2.98  0.240  -1.20  11   0   0  1.80476  1.45584  33.03456  56688.5180
  05253    14.30    0.15     3.00  0.373  -1.20  16   0   0  1.57514  1.18814  38.68542  56688.7383
  26858    12.80    0.15     8.12  0.203  -1.20  15   0   0  1.53666  1.12693  39.82501  56689.3003
  02577    13.18    0.15     4.08  0.567  -1.20   9   0   0  1.65322  1.27538  36.53296  56689.4316
  02077    13.60    0.15     4.68  0.293  -1.20  14   0   0  1.69565  1.31827  35.46158  56690.4929
  A1604    16.20    0.15     1.74  0.193  -1.20  11   0   0  1.51941  1.10094  40.37655  56691.4072
  18181    13.10    0.15     5.68  0.315  -1.20  12   0   0  1.71385  1.35907  35.07153  56691.6467
  P9776    16.30    0.15     3.88  0.035  -1.20  18   0   0  1.65637  1.27001  36.44728  56691.9363
  V6855    15.20    0.15     5.98  0.041  -1.00   7   0   0  2.21479  1.91297  26.36473  56693.2590
  26858    12.80    0.15     8.05  0.207  -1.20   8   0   0  1.53731  1.16348  39.91096  56695.3605
  02077    13.60    0.15     4.75  0.284  -1.20  12   0   0  1.70493  1.37423  35.34766  56695.3676
  01593    13.10    0.15     8.00  0.159  -1.20  11   0   0  2.21300  1.94080  26.44245  56695.4624
  A1604    16.20    0.15     1.71  0.201  -1.20  12   0   0  1.51389  1.12795  40.67439  56697.4681
  P9776    16.30    0.15     3.77  0.038  -1.20  19   0   0  1.66069  1.31538  36.45210  56697.6017
  V6855    15.20    0.15     6.04  0.040  -1.00   5   0   0  2.23629  1.98928  26.18197  56697.6067
  04276    14.60    0.15     5.91  0.073  -1.20  11   0   0  2.13409  1.86041  27.52517  56698.2273
  b7204    16.40    0.15     3.61  0.037  -1.20  11   0   0  1.65400  1.30461  36.62447  56698.5285
K13V13A    18.20    0.15     1.54  0.039  -1.20  12   0   0  1.53390  1.14724  40.07141  56702.0780
  E5857    15.70    0.15     1.97  0.239  -1.20  21   0   0  1.53937  1.15298  39.90499  56702.7385
  01310    11.45    0.15    14.39  0.224  -1.20   5   0   0  2.69140  2.47715  21.52122  56703.5028
  02044    13.10    0.15     7.39  0.186  -1.20   5   0   0  2.32148  2.07390  25.18331  56705.6064
  54754    13.90    0.15     4.70  0.220  -1.20  11   0   0  1.77277  1.43476  33.86577  56706.4307
  41074    14.20    0.15     4.73  0.165  -1.20  15   0   0  1.72478  1.37905  34.95766  56707.5884
  01204    12.00    0.15    11.48  0.213  -1.20   9   0   0  2.52181  2.27652  23.07274  56709.4618
  03737    12.40    0.15     9.15  0.231  -1.20  15   0   0  1.93657  1.62157  30.69325  56710.2527
  a8812    16.20    0.15     3.46  0.049  -1.20   7   0   0  1.88389  1.55805  31.65011  56710.7801
  A0438    15.10    0.15     7.64  0.028  -1.20  20   0   0  1.74098  1.38407  34.62886  56714.4714
  47588    14.80    0.15     2.84  0.263  -1.20  14   0   0  1.72564  1.35766  34.99068  56717.0986
  P1774    14.60    0.15     3.19  0.252  -1.20  11   0   0  1.69414  1.31316  35.75188  56719.7394
  c2388    17.40    0.15     2.18  0.041  -1.20  17   0   0  1.61894  1.22307  37.71193  56720.2570
  C6410    14.70    0.15     5.95  0.066  -1.20   5   0   0  2.16023  1.84886  27.27218  56722.7628
  P1774    14.60    0.15     3.19  0.251  -1.20  12   0   0  1.71342  1.37717  35.42226  56725.6659
  j2435    16.00    0.15     3.40  0.061  -1.20  14   0   0  1.66143  1.29912  36.71697  56728.2596
  01747    13.35    0.15     5.39  0.278  -1.20   6   0   0  1.54351  1.14935  40.06630  56729.1898
  c2388    17.40    0.15     2.15  0.042  -1.20   9   0   0  1.64149  1.28830  37.26404  56729.2132
  47834    13.70    0.15     5.42  0.199  -1.20  16   0   0  1.82052  1.50203  33.09589  56729.7506
  O3881    16.70    0.15     2.47  0.061  -1.20  10   0   0  1.68451  1.33139  36.17559  56731.3220
  M2753    14.80    0.15     6.52  0.050  -1.20  15   0   0  1.73471  1.38246  35.03385  56737.5182
  03854    14.10    0.15     3.73  0.291  -1.20  11   0   0  1.68560  1.31284  36.26448  56743.1821
  01235    12.68    0.15     5.55  0.486  -1.20  15   0   0  1.80797  1.45935  33.47713  56744.3675
K14F56F    16.70    0.15     2.36  0.066  -1.20  15   0   0  1.62440  1.23256  37.90140  56746.7048
  05261    16.10    0.15     2.36  0.115  -1.20  18   0   0  1.61868  1.22128  38.05731  56747.2544
  N4302    16.60    0.15     3.91  0.027  -1.20  15   0   0  1.82278  1.46622  33.18291  56747.6534
K13Y64S    18.80    0.15     1.35  0.029  -1.20  15   0   0  1.49912  1.06284  41.74601  56748.7128
  d4938    16.70    0.15     3.56  0.029  -1.20   5   0   0  1.92491  1.57465  31.41608  56770.7907
  e5401    17.40    0.15     1.94  0.052  -1.20  14   0   0  1.62281  1.21686  38.22473  56770.7980
K01C35M    17.70    0.15     1.66  0.054  -1.20   7   0   0  1.58196  1.17205  39.42870  56771.2224
  F9482    15.70    0.15     2.83  0.116  -1.20   7   0   0  1.79434  1.43170  34.08995  56776.5832
K14HI4O    18.20    0.15     1.91  0.025  -1.20  11   0   0  1.66641  1.27550  37.14046  56777.5058
  P2244    16.30    0.15     3.77  0.038  -1.20  12   0   0  1.83630  1.48572  33.24081  56778.9554
  02074    13.90    0.15     3.92  0.317  -1.20  15   0   0  1.85007  1.49280  32.95114  56779.1135
  02629    15.00    0.15     6.50  0.042  -1.20  13   0   0  1.64098  1.23160  37.81241  56779.7749
  02629    15.00    0.15     6.50  0.042  -1.20  13   0   0  1.64098  1.23160  37.81241  56779.7749
  00391    10.80    0.15    19.84  0.215  -1.20  22   0   0  1.99402  1.67753  30.34156  56780.5283
  c0199    15.90    0.15     1.79  0.240  -1.20  12   0   0  1.42100  0.93858  45.10038  56781.4908
  N8072    16.40    0.15     2.52  0.076  -1.20   9   0   0  1.63894  1.24535  37.92275  56781.5876
  R8462    16.00    0.15     2.28  0.135  -1.20   5   0   0  1.72088  1.35258  35.83787  56781.8473
  15609    15.40    0.15     5.44  0.041  -1.20  20   0   0  1.64507  1.25859  37.80471  56784.6121
  02074    13.90    0.15     4.19  0.277  -1.20   8   0   0  1.85492  1.54299  32.96085  56784.8395
  h4167    15.90    0.15     4.48  0.038  -1.00   8   0   0  2.13655  1.86527  28.19807  56786.2303
  P6155    15.80    0.15     3.24  0.080  -1.20  13   0   0  1.81130  1.46819  33.85368  56786.7217
  c0199    15.90    0.15     1.79  0.241  -1.20  18   0   0  1.40067  0.94939  46.12717  56787.0189
  03040    13.80    0.15     4.18  0.305  -1.20  16   0   0  1.94506  1.64263  31.27980  56788.0754
  L9315    15.30    0.15     5.87  0.039  -1.20  12   0   0  2.04881  1.75611  29.53275  56788.5950
  99297    15.10    0.15     2.14  0.351  -1.20  10   0   0  1.56017  1.15892  40.36093  56791.2237
  03343    13.10    0.15     6.79  0.221  -1.20   5   0   0  2.27889  2.01921  26.32206  56791.4942
  C7521    14.90    0.15     3.24  0.185  -1.20  10   0   0  1.82623  1.49121  33.60564  56793.1966
  55380    14.60    0.15     3.54  0.204  -1.20  20   0   0  1.64814  1.26846  37.83373  56793.9856
  20958    14.40    0.15     3.78  0.215  -1.20  14   0   0  1.63994  1.26829  38.07091  56795.0110
  06847    14.20    0.15     4.37  0.193  -1.20   8   0   0  2.00648  1.69720  30.25956  56795.1792
  04910    13.40    0.15     5.42  0.263  -1.20  17   0   0  1.75908  1.41940  35.09500  56795.4045
  d7339    17.60    0.15     1.73  0.054  -1.20   9   0   0  1.57237  1.18538  40.04526  56796.5927
  95711    14.70    0.15     3.14  0.236  -1.20  25   0   0  1.55331  1.13917  40.63802  56798.2081
  20958    14.40    0.15     3.44  0.259  -1.20  17   0   0  1.64151  1.22740  37.99253  56800.6702
  04910    13.40    0.15     5.48  0.257  -1.20  16   0   0  1.74373  1.35501  35.41974  56801.4583
K11S21S    19.00    0.15     1.10  0.037  -1.20  10   0   0  1.45099  0.97948  44.18381  56802.9079
  01656    12.90    0.15     7.71  0.205  -1.20  14   0   0  1.85169  1.49608  33.11990  56803.3363
  d7339    17.60    0.15     1.60  0.063  -1.20  11   0   0  1.56907  1.13909  40.13368  56803.9626
  38063    14.40    0.15     4.29  0.167  -1.20  21   0   0  1.65526  1.25253  37.67455  56804.2202
  05510    13.50    0.15     5.35  0.245  -1.20  17   0   0  1.75026  1.37196  35.32422  56806.0656
K14B31P    17.30    0.15     1.16  0.157  -1.20  14   0   0  1.46382  1.00162  43.75251  56807.0163
  05230    13.20    0.15     6.92  0.194  -1.20  10   0   0  2.09749  1.77056  28.84933  56809.3881
  05621    14.00    0.15     4.02  0.274  -1.20  14   0   0  1.92313  1.56966  31.75343  56809.5186
  08355    14.30    0.15     4.89  0.140  -1.20  20   0   0  1.77068  1.40752  34.91626  56812.3813
  80366    14.80    0.15     3.22  0.204  -1.20  11   0   0  1.83465  1.45910  33.48304  56812.4185
  90943    15.70    0.15     3.97  0.059  -1.20  23   0   0  1.66231  1.27504  37.57678  56813.1692
K14J57G    18.20    0.15     1.45  0.044  -1.20  16   0   0  1.52069  1.09316  41.82151  56814.7498
K14L25R    17.90    0.15     2.03  0.030  -1.20  12   0   0  1.65997  1.27600  37.66364  56816.4633
  65808    15.50    0.15     1.86  0.321  -1.20  19   0   0  1.58660  1.18618  39.75045  56816.9839
  F5287    16.90    0.15     2.07  0.072  -1.20  19   0   0  1.61314  1.21920  38.96917  56817.3823
  56116    13.60    0.15     5.42  0.218  -1.20  10   0   0  1.89415  1.56444  32.38355  56817.5169
  80366    14.80    0.15     3.87  0.142  -1.20  19   0   0  1.85199  1.52442  33.23602  56817.9452
  U6795    15.30    0.15     4.61  0.063  -1.20  15   0   0  1.85720  1.52147  33.11309  56818.1725
  X4703    15.60    0.15     4.49  0.050  -1.20  16   0   0  1.69280  1.32746  36.84268  56818.9971
  69311    15.40    0.15     6.18  0.032  -1.00  24   0   0  1.62521  1.24131  38.64685  56819.4937
  31832    14.70    0.15     2.94  0.270  -1.20  17   0   0  1.62656  1.23984  38.60681  56820.1462
  05066    14.10    0.15     2.86  0.494  -1.20  14   0   0  1.74511  1.39536  35.58073  56820.8446
  f2512    17.50    0.15     2.19  0.037  -1.00   8   0   0  1.71007  1.34363  36.40726  56821.5946
K14D22Z    18.10    0.15     1.93  0.027  -1.00   8   0   0  1.72123  1.36007  36.15022  56822.7500
  02204    12.10    0.15    27.41  0.034  -1.00  14   0   0  2.68954  2.45313  22.17960  56824.6559
  02078    13.00    0.15     5.62  0.352  -1.20  20   0   0  1.76629  1.42568  35.10021  56824.8809
K14M00L    16.40    0.15     2.70  0.067  -1.20   7   0   0  1.71132  1.35513  36.40294  56825.0161
  69311    15.40    0.15     6.06  0.033  -1.00   8   0   0  1.61201  1.18655  38.97323  56827.8498
  j3775    17.50    0.15     1.35  0.096  -1.20   9   0   0  1.51106  1.07086  42.20957  56829.6551
K14M00L    16.40    0.15     2.83  0.061  -1.20  10   0   0  1.72530  1.32687  35.98986  56829.7531
  B8337    14.60    0.15     3.35  0.228  -1.20   6   0   0  1.88617  1.53903  32.56238  56830.3135
  15790    13.50    0.15     7.44  0.127  -1.20   5   0   0  2.32919  2.04643  25.83975  56830.5739
  02078    13.00    0.15     5.59  0.356  -1.20  19   0   0  1.74047  1.35145  35.64773  56831.0651
  14653    14.30    0.15     3.76  0.239  -1.20  15   0   0  1.86062  1.50668  33.06449  56831.7600
K04PA7P    17.20    0.15     2.32  0.043  -1.20  18   0   0  1.67011  1.27638  37.44144  56832.9481
  b9520    17.10    0.15     2.25  0.050  -1.20  13   0   0  1.59164  1.16524  39.61428  56837.1554
  56950    14.50    0.15     3.06  0.299  -1.20  13   0   0  1.72265  1.34418  36.12036  56837.9146
  d9401    16.50    0.15     3.90  0.029  -1.20  15   0   0  1.65682  1.26445  37.80582  56840.5452
  03401    12.30    0.15     8.34  0.305  -1.20  18   0   0  2.04498  1.73141  29.77762  56843.1062
  00475    11.88    0.15    32.46  0.030  -1.20  20   0   0  1.60828  1.21033  39.17338  56844.5592
  07660    14.40    0.15     3.67  0.228  -1.20   9   0   0  1.89269  1.55995  32.46055  56846.4622
K14N63G    18.00    0.15     1.61  0.043  -1.20  17   0   0  1.56592  1.15741  40.44957  56846.9862
  A2074    15.80    0.15     3.85  0.057  -1.20  23   0   0  1.76820  1.41159  35.06559  56847.1204
  07369    13.20    0.15     6.99  0.190  -1.20  24   0   0  1.77444  1.42350  34.92953  56847.3796
  C1514    17.00    0.15     2.71  0.038  -1.20  11   0   0  1.49485  1.06408  42.81630  56848.3062
K14N63P    18.60    0.15     1.54  0.027  -1.20  50   0   0  1.50438  1.09361  42.49647  56848.9542
  07330    13.40    0.15     5.89  0.222  -1.20   7   0   0  2.21353  1.93404  27.31955  56848.9612
  02968    14.80    0.15     5.87  0.062  -1.20  10   0   0  1.99345  1.68480  30.64712  56849.6524
  96155    14.60    0.15     6.87  0.054  -1.20  14   0   0  2.09858  1.79766  28.94774  56853.6005
  59490    14.20    0.15     4.05  0.225  -1.20  15   0   0  1.68753  1.32931  37.02164  56854.0892
  03873    12.80    0.15     7.09  0.266  -1.20  13   0   0  1.82545  1.47528  33.80244  56854.5209
  03287    14.10    0.15     7.33  0.075  -1.20  12   0   0  1.93807  1.60850  31.59721  56855.9704
  98117    15.10    0.15     2.80  0.206  -1.20   6   0   0  1.77734  1.41387  34.83707  56856.4955
  d3410    17.10    0.15     2.87  0.031  -1.00   4   0   0  1.91857  1.57970  31.94542  56856.7584
  03163    13.90    0.15     4.79  0.212  -1.20  11   0   0  1.93418  1.59812  31.65287  56858.4695
  N7709    17.00    0.15     2.00  0.070  -1.20   6   0   0  1.66327  1.25094  37.55201  56858.5669
  59490    14.20    0.15     4.14  0.216  -1.20  15   0   0  1.69675  1.30093  36.70736  56859.3519
  62730    15.10    0.15     2.18  0.340  -1.20   7   0   0  1.67327  1.26787  37.29675  56860.1485
  e8742    17.00    0.15     3.08  0.029  -1.20  19   0   0  1.68034  1.27875  37.10937  56862.3826
  70055    14.90    0.15     3.13  0.198  -1.20  21   0   0  1.66798  1.26960  37.44620  56862.6417
  24242    14.50    0.15     3.43  0.237  -1.20   9   0   0  1.84318  1.48116  33.38133  56863.0730
  F3474    16.20    0.15     3.37  0.051  -1.20  14   0   0  1.63986  1.23007  38.19128  56863.4377
K14OX9G    18.20    0.15     1.77  0.030  -1.00  15   0   0  1.66701  1.27270  37.45888  56867.2540
  05892    13.60    0.15     6.42  0.155  -1.20  16   0   0  2.06057  1.74241  29.47146  56867.6465
K14N63P    18.60    0.15     1.47  0.030  -1.20  37   0   0  1.44078  0.99280  44.75164  56868.0318
  e1892    16.30    0.15     3.43  0.045  -1.20  11   0   0  1.85622  1.50190  33.10056  56868.4380
K04S09H    18.50    0.15     1.29  0.042  -1.20  11   0   0  1.36297  0.86383  48.06765  56868.6948
  02035    12.61    0.15     5.87  0.463  -1.20  15   0   0  1.64435  1.22779  38.01841  56869.3889
  e3198    16.70    0.15     2.41  0.064  -1.20  12   0   0  1.50875  1.06785  42.20834  56870.5649
  02035    12.61    0.15     5.76  0.482  -1.20  11   0   0  1.64223  1.27039  38.13699  56874.2567
K01O59K    17.30    0.15     2.05  0.050  -1.20  13   0   0  1.64908  1.26213  37.91888  56874.4891
  E3303    14.90    0.15     6.80  0.042  -1.20  18   0   0  1.66151  1.29090  37.56591  56879.7466
  e3198    16.70    0.15     2.44  0.062  -1.20  16   0   0  1.50797  1.09390  42.20690  56879.7749
  03800    15.00    0.15     2.20  0.366  -1.20  13   0   0  1.51398  1.09368  41.99517  56880.0462
  a0200    15.80    0.15     4.73  0.038  -1.20  14   0   0  1.93443  1.62286  31.57169  56881.3284
  22449    13.90    0.15     4.27  0.267  -1.20  15   0   0  1.73475  1.38444  35.71716  56881.4594
  S5594    17.30    0.15     2.46  0.035  -1.20  13   0   0  1.60635  1.22867  39.07329  56883.6984
  26471    13.30    0.15     5.79  0.252  -1.20  13   0   0  1.72223  1.35187  35.97866  56884.6509
  E3303    14.90    0.15     6.68  0.043  -1.20   9   0   0  1.66362  1.25017  37.36625  56886.5877
  22449    13.90    0.15     4.85  0.207  -1.20  16   0   0  1.71405  1.31639  36.08869  56887.2478
  01593    13.10    0.15     6.71  0.226  -1.20  15   0   0  1.64113  1.24548  38.02694  56887.5460
  18899    14.80    0.15     2.66  0.300  -1.20  19   0   0  1.56982  1.15679  40.08840  56888.6026
  S5594    17.30    0.15     2.73  0.028  -1.20  15   0   0  1.60967  1.18869  38.83792  56889.6188
  Z8604    16.60    0.15     2.34  0.074  -1.20   7   0   0  1.74058  1.35583  35.44885  56890.8021
  U6605    15.00    0.15     5.70  0.054  -1.20  20   0   0  1.57924  1.16083  39.75194  56890.9267
  05682    13.70    0.15     5.20  0.216  -1.20  12   0   0  1.96159  1.63068  30.99680  56890.9671
  G0085    15.70    0.15     2.29  0.178  -1.20   5   0   0  1.71730  1.32801  35.99573  56891.7210
  A5674    15.60    0.15     2.31  0.190  -1.20  15   0   0  1.62586  1.21479  38.36858  56892.1182
  98889    13.90    0.15     4.56  0.234  -1.20  16   0   0  1.65955  1.26590  37.48671  56892.1456
K14Qh3H    18.50    0.15     1.63  0.026  -0.90  16   0   0  1.68914  1.29718  36.68020  56893.6944
  e5371    15.40    0.15     6.12  0.033  -1.20  16   0   0  1.85412  1.50501  32.98264  56893.8223
  68944    14.10    0.15     9.29  0.047  -1.20  13   0   0  2.01497  1.68771  30.05183  56894.0901
K06SS5E    16.50    0.15     3.77  0.031  -1.20   5   0   0  1.99987  1.67608  30.32026  56894.2593
  F7995    16.20    0.15     2.87  0.071  -1.20  13   0   0  1.67491  1.27903  37.04626  56894.3887
K04B10N    17.80    0.15     2.17  0.028  -1.20  29   0   0  1.58425  1.17584  39.57144  56895.1484
  A8522    13.90    0.15    11.26  0.038  -1.20   6   0   0  2.32506  2.03264  25.71087  56895.3071
  25037    15.10    0.15     3.74  0.115  -1.20  18   0   0  1.63855  1.22934  37.98124  56896.0965
  Z6971    15.70    0.15     3.07  0.098  -1.20  10   0   0  1.59382  1.18083  39.26369  56896.4586
  07870    13.80    0.15     5.05  0.209  -1.20  20   0   0  1.63872  1.23995  37.99087  56896.7208
  a3019    16.20    0.15     2.02  0.144  -1.20  13   0   0  1.65622  1.26299  37.51227  56897.7733
  24883    15.60    0.15     2.90  0.121  -1.20  15   0   0  1.73728  1.36489  35.47803  56898.9595
  38683    14.70    0.15     2.46  0.386  -1.20  10   0   0  1.70127  1.32314  36.34189  56899.8781
  01565    12.50    0.15    10.42  0.163  -1.20  17   0   0  2.17037  1.88194  27.66491  56900.7025
  U6805    15.00    0.15     2.35  0.321  -1.20  23   0   0  1.57785  1.17764  39.70260  56902.2512
  e2138    17.20    0.15     2.09  0.053  -1.20  12   0   0  1.47367  1.03405  43.15362  56902.3763
  25037    15.10    0.15     3.83  0.110  -1.20   5   0   0  1.64161  1.28181  37.91170  56903.2007
  e9034    17.80    0.15     2.33  0.025  -1.20   7   0   0  1.68473  1.32872  36.74453  56905.5690
K14R13D    17.60    0.15     2.53  0.025  -1.20  12   0   0  1.77025  1.42178  34.67668  56905.6701
  k5914    16.40    0.15     2.54  0.076  -1.20  10   0   0  1.68064  1.31299  36.81928  56906.3219
  66269    14.40    0.15     4.63  0.143  -1.20  13   0   0  1.89515  1.57256  32.09490  56907.5086
  e8876    16.50    0.15     2.96  0.050  -1.20  13   0   0  1.81525  1.48020  33.68224  56908.0338
  O7877    16.30    0.15     3.90  0.035  -1.20  21   0   0  1.61131  1.23279  38.65067  56910.1427
  O7877    16.30    0.15     3.97  0.034  -1.20   5   0   0  1.62092  1.19779  38.20319  56916.1937
K05T53D    16.80    0.15     2.17  0.072  -1.20   9   0   0  1.66229  1.26227  37.08401  56919.0848
  05720    13.60    0.15     4.74  0.286  -1.20  12   0   0  1.92864  1.58741  31.29846  56921.3204
  L9523    14.80    0.15     3.41  0.182  -1.20   5   0   0  1.88176  1.53774  32.18316  56921.4493
  e9442    16.20    0.15     4.52  0.029  -1.00  13   0   0  2.03251  1.71186  29.53914  56921.8433
  04451    12.00    0.15     9.53  0.308  -1.20  15   0   0  2.25857  1.96566  26.32774  56922.9017
  B4924    15.70    0.15     3.54  0.074  -1.20   9   0   0  1.83899  1.48938  33.01122  56923.4234
  V7958    15.30    0.15     6.94  0.028  -1.20  13   0   0  1.68865  1.30370  36.36978  56924.6078
K14SQ0W    17.70    0.15     2.19  0.031  -1.20   9   0   0  1.65850  1.27034  37.13394  56926.0584
  15778    14.70    0.15     3.49  0.191  -1.20  16   0   0  1.58473  1.17304  39.16073  56926.8841
  08251    15.30    0.15     5.59  0.043  -1.20  13   0   0  1.66752  1.28332  36.87927  56927.5041
  e8825    16.50    0.15     3.24  0.042  -1.20  11   0   0  1.31309  0.78494  49.56799  56928.4569
  j5172    17.40    0.15     2.31  0.036  -1.00   7   0   0  1.45946  1.00006  43.23723  56928.5852
  T4169    15.50    0.15     2.08  0.258  -1.20   7   0   0  1.64490  1.26336  37.46599  56929.2183
  H2425    15.30    0.15     2.24  0.268  -1.20  17   0   0  1.53351  1.13196  40.66395  56934.6014
  53431    14.30    0.15     2.99  0.376  -1.20   7   0   0  1.80683  1.47217  33.57059  56935.6555
K14T32U    15.80    0.15     4.35  0.045  -1.20  17   0   0  1.83388  1.50874  33.00776  56936.3208
  e8825    16.50    0.15     3.25  0.042  -1.20  12   0   0  1.33129  0.84740  48.57148  56938.3226
  a5937    16.60    0.15     3.82  0.028  -1.20  18   0   0  1.71529  1.36990  35.58168  56939.8668
  O9772    15.50    0.15     1.96  0.290  -1.20  12   0   0  1.59541  1.22690  38.72056  56940.3870
  W5152    15.80    0.15     4.90  0.035  -1.20   7   0   0  1.91233  1.60655  31.46106  56940.3972
  U6613    14.60    0.15     7.58  0.044  -1.20  10   0   0  1.82258  1.51408  33.17066  56944.4659
K14T75C    15.80    0.15     3.60  0.065  -1.20   8   0   0  1.83351  1.49624  32.90878  56945.4209
K14T81V    18.70    0.15     1.13  0.046  -1.20   7   0   0  1.43920  0.99479  43.79335  56945.5527
  O9772    15.50    0.15     1.90  0.310  -1.20  17   0   0  1.58318  1.17865  38.91876  56947.8833
  H6102    15.90    0.15     2.16  0.165  -1.20   6   0   0  1.66618  1.27654  36.64251  56948.1582
  02423    13.30    0.15     6.03  0.233  -1.20  14   0   0  1.57144  1.16693  39.28419  56948.1866
  U6790    14.70    0.15     3.56  0.184  -1.20   6   0   0  1.55737  1.16016  39.74206  56948.2582
  U6613    14.60    0.15     7.56  0.045  -1.20  14   0   0  1.83788  1.48639  32.75193  56948.5429
  G2785    15.70    0.15     2.36  0.166  -1.20   8   0   0  1.74222  1.38372  34.82060  56949.3656
  A6628    15.00    0.15     2.91  0.209  -1.20   9   0   0  1.73612  1.35978  34.91187  56949.9947
  f3907    16.20    0.15     4.41  0.030  -1.20  12   0   0  1.93378  1.60065  30.93110  56949.9980
  36779    15.10    0.15     2.53  0.251  -1.20  12   0   0  1.63367  1.24219  37.47612  56951.0789
  U1988    15.40    0.15     2.30  0.231  -1.20  14   0   0  1.67679  1.30350  36.35755  56952.0047
  K4627    17.00    0.15     1.69  0.098  -1.20   7   0   0  1.54782  1.13090  39.92487  56952.6581
  I1958    15.20    0.15     3.03  0.160  -1.20  20   0   0  1.60443  1.20898  38.25217  56953.4087
  17640    13.60    0.15     4.85  0.272  -1.20  14   0   0  1.66482  1.28044  36.62142  56953.6769
  21104    13.80    0.15     4.44  0.270  -1.20  15   0   0  1.78325  1.43383  33.82544  56956.6973
  P2192    15.90    0.15     1.62  0.295  -1.20  19   0   0  1.48131  1.05695  42.07830  56956.8375
K14Q00B    17.20    0.15     2.54  0.036  -1.00  16   0   0  1.60708  1.20538  38.11633  56957.2554
  82059    15.80    0.15     2.13  0.186  -1.20   5   0   0  1.68473  1.31644  36.09990  56957.6223
  H3549    15.10    0.15     2.12  0.358  -1.20  17   0   0  1.63769  1.26462  37.29239  56959.3257
K03V03A    16.60    0.15     3.27  0.038  -1.20   8   0   0  1.68861  1.30589  35.94861  56959.5012
  72569    14.10    0.15     4.20  0.229  -1.20  10   0   0  1.90882  1.58743  31.31486  56959.7236
  A1969    14.80    0.15     7.77  0.035  -1.20   6   0   0  2.30484  2.03655  25.49223  56959.9902
  35709    13.70    0.15     9.80  0.061  -1.20   6   0   0  1.69687  1.30302  35.70337  56960.2829
K14Q00B    17.20    0.15     2.47  0.038  -1.00  18   0   0  1.60950  1.24884  38.05937  56962.2524
  01065    12.20    0.15    14.66  0.108  -1.20   6   0   0  2.81765  2.60136  20.60519  56962.6174
  03674    12.00    0.15    11.49  0.212  -1.20  12   0   0  1.66255  1.29874  36.61002  56963.1423
  20187    13.40    0.15     6.66  0.174  -1.20  12   0   0  2.09483  1.80671  28.24415  56963.1441
  00512    10.68    0.15    25.21  0.149  -1.20  10   0   0  2.19595  1.92413  26.83691  56963.6707
K14V01Q    19.90    0.15     0.68  0.042  -1.20   5   0   0  1.31456  0.84386  48.96443  56964.8434
K03V03A    16.60    0.15     3.72  0.029  -1.20  12   0   0  1.67429  1.32703  36.31317  56965.0238
  U7984    16.00    0.15     1.98  0.179  -1.20   6   0   0  1.61348  1.24818  37.90262  56965.8124
  35709    13.70    0.15     9.73  0.062  -1.20  11   0   0  1.70824  1.36517  35.46618  56966.0689
  V0024    15.80    0.15     4.33  0.045  -1.20  13   0   0  2.00822  1.71854  29.56223  56966.5594
  26822    14.50    0.15     3.23  0.268  -1.20  17   0   0  1.69381  1.34356  35.79523  56967.2518
  68569    14.80    0.15     3.51  0.173  -1.20   7   0   0  1.82120  1.50206  32.95109  56967.7468
  W6741    16.70    0.15     3.17  0.037  -1.20  15   0   0  1.67723  1.32804  36.19529  56968.0055
  d6810    17.80    0.15     1.48  0.061  -1.20   7   0   0  1.51746  1.12069  40.74930  56968.3070
  05929    13.50    0.15     5.04  0.277  -1.20  10   0   0  1.82681  1.51163  32.82230  56969.7216
  01727    12.60    0.15     5.44  0.544  -1.20  11   0   0  1.83731  1.51453  32.60237  56970.0118
  31869    14.40    0.15     3.84  0.209  -1.20   7   0   0  1.91211  1.60095  31.18165  56970.1455
  16529    13.60    0.15     6.19  0.167  -1.20  10   0   0  2.20763  1.93854  26.63716  56970.8064
K14V10A    17.60    0.15     2.22  0.033  -1.20  19   0   0  1.63258  1.25414  37.25464  56971.8268
  V0464    15.00    0.15     3.11  0.182  -1.20  15   0   0  1.67124  1.30501  36.25142  56975.8028
  58325    16.30    0.15     2.83  0.067  -1.20  13   0   0  1.60927  1.22541  37.87117  56976.9833
  58050    14.30    0.15     3.81  0.231  -1.20  18   0   0  1.64119  1.27009  37.01435  56977.2531
  f6187    16.50    0.15     3.70  0.032  -1.20  29   0   0  1.60215  1.21831  38.04286  56979.4760
K14S01W    17.40    0.15     2.29  0.037  -1.00   8   0   0  1.81534  1.47270  32.92422  56981.7135
  G4273    15.10    0.15     3.08  0.170  -1.20   6   0   0  1.83740  1.49647  32.47151  56982.3794
  22844    13.40    0.15     8.02  0.120  -1.20  11   0   0  2.14670  1.84912  27.34587  56983.0307
K01QF3J    17.00    0.15     2.96  0.032  -1.20  18   0   0  1.43795  0.99144  43.29146  56983.1672
  06500    12.70    0.15    12.36  0.096  -1.20  10   0   0  2.14244  1.84459  27.40139  56983.5584
K10P77Z    16.90    0.15     3.04  0.033  -1.20  15   0   0  1.74171  1.38084  34.48327  56983.5618
  H3309    16.10    0.15     3.32  0.058  -1.20  20   0   0  1.65859  1.27543  36.46960  56983.6907
K01W44U    17.30    0.15     2.76  0.028  -1.20  10   0   0  1.77598  1.42184  33.72116  56983.7864
  15673    14.40    0.15     3.64  0.232  -1.20  15   0   0  1.72168  1.35244  34.93125  56983.8218
K14W07A    16.90    0.15     2.67  0.043  -1.20  13   0   0  1.71066  1.34717  35.19927  56984.0532
  67502    15.60    0.15     4.08  0.061  -1.20  21   0   0  1.57104  1.16323  38.85393  56984.4793
K03R05Y    17.20    0.15     2.86  0.028  -1.20  14   0   0  1.64314  1.25369  36.84727  56985.3976
  97886    16.60    0.15     2.14  0.088  -1.20   8   0   0  1.56987  1.15603  38.84334  56987.3712
  02335    13.40    0.15     8.29  0.112  -1.20  23   0   0  1.84784  1.52309  32.22765  56987.7634
  U6587    15.90    0.15     5.04  0.030  -1.00   8   0   0  2.13298  1.82290  27.48729  56988.0252
  F9493    14.20    0.15     4.14  0.215  -1.20  17   0   0  1.62747  1.23296  37.22809  56988.9527
  G8870    15.50    0.15     1.77  0.356  -1.20  14   0   0  1.53326  1.13469  40.00050  56989.3062
  A9226    16.10    0.15     4.15  0.037  -1.00  14   0   0  1.88377  1.56465  31.53589  56990.8886
  67502    15.60    0.15     4.09  0.061  -1.20  17   0   0  1.57834  1.21624  38.66697  56991.1842
K01QF3J    17.00    0.15     2.92  0.033  -1.20  18   0   0  1.45336  1.04784  42.71026  56991.8442
  97886    16.60    0.15     2.35  0.073  -1.20  13   0   0  1.57239  1.20170  38.81610  56993.1558
  F9493    14.20    0.15     4.21  0.208  -1.20  18   0   0  1.61602  1.26007  37.58180  56993.5540
  28017    13.60    0.15     8.05  0.099  -1.20   6   0   0  2.30054  2.04534  25.35114  56994.5690
  06318    15.70    0.15     1.67  0.331  -1.20  22   0   0  1.42333  0.99761  43.79479  56994.6949
  98333    15.90    0.15     2.90  0.092  -1.20  19   0   0  1.61421  1.25248  37.61820  56994.7336
K11A26V    16.60    0.15     2.12  0.090  -1.20  22   0   0  1.62901  1.27642  37.21391  56995.7764
  05649    14.60    0.15     3.22  0.246  -1.20  18   0   0  1.61353  1.24993  37.62287  56996.4432
  08256    13.60    0.15     4.23  0.359  -1.20  11   0   0  1.87298  1.56496  31.72363  56996.5385
K01SL7Q    16.60    0.15     1.21  0.275  -1.20   5   0   0  1.46792  1.06273  42.14600  56996.6646
K05O02S    17.80    0.15     1.99  0.034  -1.20  18   0   0  1.64295  1.28581  36.83248  56996.7060
  28203    15.60    0.15     2.04  0.244  -1.20  16   0   0  1.53771  1.15113  39.82703  56996.9670
  F1723    16.00    0.15     3.34  0.063  -1.20  12   0   0  1.86081  1.55366  31.94435  56999.3015
  e2901    17.40    0.15     2.55  0.030  -1.20  15   0   0  1.67922  1.32766  35.89105  56999.5998
  A0446    16.80    0.15     1.06  0.299  -1.20   7   0   0  1.34734  0.90071  46.95928  56999.7030
  V0616    17.70    0.15     0.97  0.155  -1.20   5   0   0  1.36782  0.92040  46.03387  56999.7263
  74823    14.80    0.15     3.00  0.237  -1.20   8   0   0  1.76481  1.43974  33.90791  56999.9629
  F0165    15.80    0.15     2.18  0.178  -1.20   9   0   0  1.68330  1.33013  35.78512  56999.9903
K14X08K    18.80    0.15     1.32  0.030  -1.20   8   0   0  1.46055  1.05841  42.38277  57000.3512
  19388    14.50    0.15     4.33  0.149  -1.20   7   0   0  1.71041  1.36369  35.13223  57000.3813
  f5780    17.80    0.15     1.39  0.069  -1.20  10   0   0  1.48612  1.07769  41.46816  57001.3021
  00391    10.80    0.15    21.93  0.176  -1.20  14   0   0  1.65920  1.29606  36.36886  57002.3572
  95696    14.40    0.15     3.84  0.208  -1.20  16   0   0  1.66389  1.30175  36.24499  57003.2787
  15609    15.40    0.15     6.40  0.030  -1.20  16   0   0  1.98823  1.68700  29.65582  57003.5384
  U7536    15.30    0.15     6.04  0.037  -1.20  14   0   0  1.57410  1.19359  38.68066  57004.4536
K14V00R    17.90    0.15     2.21  0.025  -1.20   6   0   0  1.66218  1.29835  36.28298  57004.5906
K14X08K    18.80    0.15     1.20  0.037  -1.20  14   0   0  1.47019  1.02686  41.89689  57007.0548
  21788    14.10    0.15     4.14  0.236  -1.20  15   0   0  1.65539  1.28943  36.44195  57007.0843
  03397    13.40    0.15     7.75  0.129  -1.20   8   0   0  2.23465  1.96160  26.10242  57007.4829
  V5187    17.70    0.15     2.12  0.033  -1.00  14   0   0  1.72110  1.36576  34.83236  57007.8796
  00132     9.38    0.15    55.33  0.102  -1.20  10   0   0  3.11008  2.90692  18.42950  57008.0132
  37359    16.40    0.15     3.10  0.051  -1.20  22   0   0  1.57570  1.18156  38.59009  57008.4030
  d4938    16.70    0.15     2.93  0.043  -1.20  21   0   0  1.59238  1.20503  38.11719  57008.4063
  e5216    16.40    0.15     1.65  0.178  -1.20   6   0   0  1.57406  1.17888  38.63617  57008.5364
K12B23W    17.50    0.15     2.15  0.038  -1.20  13   0   0  1.67658  1.31468  35.90072  57008.9341
  D0415    15.00    0.15     3.65  0.133  -1.20  16   0   0  1.73878  1.39124  34.42826  57009.7117
  32575    15.20    0.15     2.57  0.222  -1.20   5   0   0  1.74958  1.39744  34.17164  57010.9007
  O7908    16.00    0.15     1.99  0.178  -1.20  12   0   0  1.63505  1.25367  36.92524  57011.7845
  P2244    16.30    0.15     3.95  0.034  -1.20  14   0   0  1.91537  1.58775  30.85354  57011.8216
  F9465    14.90    0.15     2.80  0.247  -1.20  15   0   0  1.63163  1.25226  37.02681  57011.9569
  06386    12.70    0.15    10.94  0.123  -1.20  13   0   0  2.51174  2.25657  23.01651  57012.7068
  90943    15.70    0.15     4.53  0.045  -1.20   5   0   0  2.07882  1.77123  28.18675  57013.6608
  74779    14.40    0.15     3.15  0.308  -1.20  14   0   0  1.66706  1.30346  36.11289  57015.3311
  f6211    16.40    0.15     2.77  0.063  -1.20   9   0   0  1.74972  1.39230  34.14509  57015.5622
  e1994    16.70    0.15     2.39  0.065  -1.20   8   0   0  1.57524  1.16888  38.54200  57017.3378
  16868    16.60    0.15     1.38  0.213  -1.20  10   0   0  1.47281  1.05804  41.84657  57018.8812
  05392    12.70    0.15     8.40  0.208  -1.20  22   0   0  1.55047  1.16348  39.32906  57019.0109
  f6211    16.40    0.15     2.91  0.057  -1.20   7   0   0  1.76860  1.45238  33.77790  57020.4907
  U8698    16.30    0.15     2.24  0.107  -1.20   8   0   0  1.66506  1.31097  36.16989  57021.6505
  e1994    16.70    0.15     2.29  0.071  -1.20  14   0   0  1.56937  1.20179  38.78910  57022.5945
  05510    13.50    0.15     5.50  0.232  -1.20  18   0   0  1.84856  1.53943  32.12619  57024.3048
  04910    13.40    0.15     5.34  0.271  -1.20  19   0   0  1.95170  1.66040  30.24505  57024.4365
  R5847    15.90    0.15     1.94  0.205  -1.20   5   0   0  1.55247  1.17253  39.27458  57024.5402
K15A00C    19.10    0.15     1.16  0.030  -1.20  16   0   0  1.44163  1.02722  42.98778  57026.5440
  16635    14.20    0.15     3.78  0.258  -1.20  19   0   0  1.67533  1.32943  35.92655  57026.8078
  21001    15.10    0.15     2.72  0.217  -1.20   5   0   0  1.77949  1.45744  33.53247  57027.2588
  04435    13.10    0.15     6.46  0.243  -1.20  11   0   0  1.98792  1.70193  29.63125  57027.8223
  A1496    15.00    0.15     2.61  0.260  -1.20  11   0   0  1.66739  1.31657  36.12176  57028.1176
  04558    12.60    0.15     9.30  0.186  -1.20  16   0   0  1.67604  1.31384  35.88734  57031.0097
  69311    15.40    0.15     4.49  0.061  -1.00  12   0   0  1.97765  1.67306  29.78927  57031.0100
  69311    15.40    0.15     5.73  0.037  -1.20  12   0   0  1.97765  1.67306  29.78927  57031.0100
  07660    14.40    0.15     3.04  0.332  -1.20  10   0   0  1.64781  1.28324  36.60804  57031.2656
  07330    13.40    0.15     5.51  0.254  -1.20   8   0   0  1.67452  1.31486  35.92926  57031.3984
K05SG9H    17.70    0.15     1.94  0.039  -1.20   7   0   0  1.66307  1.29732  36.20938  57031.5330
K14R17U    18.40    0.15     1.71  0.026  -1.20   5   0   0  1.63166  1.25578  37.01782  57031.7995
K04E20U    16.40    0.15     1.64  0.180  -1.20   5   0   0  1.52219  1.11513  40.19205  57033.2476
K15A24T    17.40    0.15     1.70  0.067  -1.20   8   0   0  1.61819  1.23313  37.36871  57034.2882
K15AO5S    20.10    0.15     0.68  0.035  -1.00  10   0   0  1.36648  0.88408  45.90429  57035.3429
  37367    15.40    0.15     2.22  0.247  -1.20   9   0   0  1.67717  1.29145  35.80954  57036.1329
K14Y42H    17.10    0.15     2.68  0.035  -1.20   5   0   0  1.80415  1.46597  32.99242  57036.2370
  U6678    15.40    0.15     2.79  0.158  -1.20  15   0   0  1.65516  1.26173  36.36464  57039.9508
  00475    11.88    0.15    23.59  0.056  -1.20  13   0   0  2.11842  1.78603  27.54673  57040.7339
  D6568    14.30    0.15     3.54  0.268  -1.20  13   0   0  1.63611  1.21369  36.76294  57041.1263
  16851    15.30    0.15     2.26  0.263  -1.20  13   0   0  1.60587  1.17692  37.58520  57041.7865
  g1771    17.20    0.15     2.49  0.038  -1.20  10   0   0  1.73388  1.32846  34.36855  57042.4387
  21028    13.20    0.15     7.42  0.168  -1.20  13   0   0  1.63456  1.21249  36.81815  57043.6282
  C1514    17.00    0.15     3.17  0.028  -1.20  16   0   0  1.48313  1.00619  41.27552  57045.0726
K07T68Q    17.10    0.15     2.38  0.045  -1.20   8   0   0  1.58587  1.13466  38.06665  57045.5897
K15Bp2V    18.30    0.15     1.75  0.028  -1.20  12   0   0  1.42869  1.01411  43.53644  57045.9554
  U6795    15.30    0.15     4.37  0.070  -1.20  25   0   0  1.85869  1.47936  31.80262  57046.2540
  U9166    16.30    0.15     1.62  0.202  -1.20  22   0   0  1.49957  1.04094  40.81008  57046.2566
  70055    14.90    0.15     3.61  0.149  -1.20   5   0   0  1.92602  1.53911  30.48625  57046.7729
K15Bp2P    16.40    0.15     2.73  0.065  -1.20  10   0   0  1.66312  1.32751  36.29260  57047.7988
  G8828    15.90    0.15     2.42  0.131  -1.20  17   0   0  1.69033  1.26136  35.33837  57048.0912
  C1514    17.00    0.15     3.11  0.029  -1.20   9   0   0  1.48495  1.03735  41.39205  57049.9998
K07T68Q    17.10    0.15     2.24  0.051  -1.20   6   0   0  1.58305  1.16400  38.32923  57050.0571
K10A48W    17.60    0.15     2.27  0.031  -1.20   5   0   0  1.67384  1.35023  36.04618  57051.9971
K15Bp4S    18.70    0.15     0.87  0.077  -1.20  10   0   0  1.33929  0.81035  47.02470  57052.6865
  97834    15.20    0.15     2.61  0.216  -1.20  10   0   0  1.65894  1.23968  36.22910  57053.9977
  03401    12.30    0.15     9.76  0.223  -1.20  15   0   0  1.54155  1.07756  39.43861  57056.1095
K04P00K    17.10    0.15     2.35  0.046  -1.20  20   0   0  1.56731  1.23429  38.97251  57057.5201
  88424    15.30    0.15     2.32  0.249  -1.20  14   0   0  1.67912  1.24078  35.63106  57057.9414
  05892    13.60    0.15     4.61  0.302  -1.20  18   0   0  1.66796  1.21898  35.86908  57059.5197
K14U33P    17.90    0.15     1.47  0.057  -1.20  18   0   0  1.50874  1.03156  40.48440  57059.6468
  07369    13.20    0.15     6.30  0.234  -1.20  15   0   0  1.82467  1.40512  32.38287  57061.4923
  I4061    16.70    0.15     1.75  0.120  -1.20  10   0   0  1.64061  1.18792  36.59816  57061.8895
  b6950    17.40    0.15     2.25  0.038  -1.20   9   0   0  1.69418  1.24061  35.21966  57066.3526
K04P00K    17.10    0.15     2.32  0.047  -1.20  23   0   0  1.52417  1.14215  40.38122  57066.8482
  E3303    14.90    0.15     5.56  0.063  -1.20  10   0   0  2.18152  1.80716  26.61349  57067.2727
  02078    13.00    0.15     6.53  0.261  -1.20  12   0   0  1.80897  1.37644  32.68499  57067.4041
  37596    14.80    0.15     2.58  0.318  -1.20   8   0   0  1.72719  1.39495  34.86743  57067.6349
  01139    12.51    0.15     9.09  0.212  -1.20   6   0   0  2.33977  2.10230  24.96345  57068.1587
K15D99U    17.30    0.15     2.02  0.052  -1.20  11   0   0  1.60880  1.25436  37.88414  57069.6077
K14UL0J    17.80    0.15     2.16  0.029  -1.20  13   0   0  1.66842  1.20019  35.82290  57070.2925
  30856    14.00    0.15     4.13  0.260  -1.20   5   0   0  1.97705  1.70302  30.00765  57073.4086
  04451    12.00    0.15    15.61  0.115  -1.20   5   0   0  2.87632  2.56278  19.89464  57073.7039
  W6364    16.00    0.15     1.76  0.227  -1.20   9   0   0  1.55004  1.05856  39.15765  57074.5017
  07267    13.60    0.15     5.51  0.212  -1.20  16   0   0  1.57725  1.09493  38.38147  57075.5534
K06G03R    18.70    0.15     1.39  0.031  -1.20   9   0   0  1.46862  1.07980  42.34388  57075.6488
  U6715    14.50    0.15     5.82  0.083  -1.20  21   0   0  1.87302  1.46602  31.58282  57075.6741
  68944    14.10    0.15    10.43  0.037  -1.20  15   0   0  1.67311  1.21611  35.83939  57076.1986
  23250    15.00    0.15     2.53  0.275  -1.20  13   0   0  1.61319  1.13095  37.31355  57076.2004
K14QG8X    17.00    0.15     2.91  0.033  -1.00  14   0   0  1.76242  1.31294  33.70663  57077.7760
  W6364    16.00    0.15     1.79  0.220  -1.20   8   0   0  1.54796  1.09080  39.51434  57079.8873
  07267    13.60    0.15     5.46  0.216  -1.20  20   0   0  1.57187  1.11966  38.80766  57080.9386
  23250    15.00    0.15     2.50  0.282  -1.20  13   0   0  1.61480  1.16704  37.56005  57081.4550
  68944    14.10    0.15     8.99  0.050  -1.20  13   0   0  1.67798  1.25630  35.97429  57081.5842
K14UB4X    18.80    0.15     1.46  0.025  -1.00   7   0   0  1.68400  1.25836  35.80111  57082.2520
K14QG8X    17.00    0.15     2.94  0.032  -1.00  17   0   0  1.79508  1.38731  33.27697  57083.8185
  P7581    16.80    0.15     2.57  0.051  -1.20  19   0   0  1.65133  1.21676  36.66268  57085.3932
  h1321    16.90    0.15     2.90  0.037  -1.20   7   0   0  1.81923  1.53885  33.02449  57085.4950
  07870    13.80    0.15     4.98  0.215  -1.20   6   0   0  1.96783  1.57050  29.98502  57088.6822
  O9687    15.20    0.15     2.71  0.200  -1.20  15   0   0  1.50455  1.01059  40.89798  57090.9116
  S0017    14.70    0.15     4.08  0.140  -1.20  12   0   0  1.63918  1.18653  36.99405  57093.9311
K05E01V    17.60    0.15     2.50  0.026  -1.20  12   0   0  1.59262  1.11269  38.22588  57098.0040
  22385    14.70    0.15     3.11  0.241  -1.20  16   0   0  1.66394  1.20032  36.32322  57099.4481
K03WF7V    16.60    0.15     3.62  0.031  -1.20  19   0   0  1.49985  0.99392  41.12492  57100.2351
  07304    13.80    0.15     8.49  0.074  -1.20   8   0   0  2.34974  1.97812  24.74133  57100.5036
  X4384    15.50    0.15     2.40  0.194  -1.20   9   0   0  1.78727  1.34632  33.45869  57100.9007
  06485    13.90    0.15     4.90  0.202  -1.20  12   0   0  1.95578  1.54644  30.27490  57102.0743
K15FC0W    17.30    0.15     2.36  0.038  -1.00  13   0   0  1.70297  1.23371  35.29446  57102.2120
  08251    15.30    0.15     6.51  0.032  -1.20  10   0   0  2.08231  1.67262  28.19033  57104.8364
  U6461    14.80    0.15     7.47  0.038  -1.20  10   0   0  2.08975  1.83232  28.49519  57105.3255
K14X37O    17.50    0.15     2.04  0.043  -1.20  18   0   0  1.39412  0.83691  45.01472  57105.4982
  e5371    15.40    0.15     5.09  0.047  -1.20  24   0   0  1.96350  1.55367  30.18414  57105.7567
  22449    13.90    0.15     4.92  0.201  -1.20   8   0   0  1.79141  1.33183  33.32061  57107.9922
  C9322    16.60    0.15     3.79  0.028  -1.20   9   0   0  1.76509  1.45692  34.42348  57108.0889
K14X37O    17.50    0.15     1.99  0.045  -1.20  21   0   0  1.37901  0.85019  46.05810  57110.4884
  36771    14.60    0.15     2.50  0.408  -1.20  17   0   0  1.60241  1.26029  38.55749  57111.5061
  22449    13.90    0.15     4.39  0.252  -1.20  14   0   0  1.81357  1.39893  33.17184  57113.1134
  55401    13.80    0.15     4.21  0.301  -1.20  12   0   0  1.82923  1.54149  33.11181  57113.4739
  03858    13.70    0.15     5.04  0.230  -1.20   5   0   0  1.91895  1.64801  31.37824  57113.6040
  05720    13.60    0.15     5.35  0.224  -1.20  20   0   0  1.62042  1.17026  37.85438  57116.0047
  04142    13.00    0.15     7.43  0.202  -1.20  26   0   0  1.66910  1.23528  36.59074  57116.6620
  U6453    16.30    0.15     1.34  0.298  -1.20  14   0   0  1.49173  0.98157  41.66698  57116.7868
  X1991    16.20    0.15     4.63  0.027  -1.20   8   0   0  1.98823  1.61411  30.01953  57117.4489
  h4113    17.60    0.15     1.35  0.089  -1.20   7   0   0  1.49418  1.12264  42.02539  57117.4766
  97514    13.90    0.15     8.98  0.060  -1.00  13   0   0  2.32354  2.11073  25.50613  57118.0737
  97514    13.90    0.15    11.68  0.036  -1.20  14   0   0  2.32354  2.11073  25.50613  57118.0737
  00512    10.68    0.15    27.69  0.123  -1.20  10   0   0  2.57827  2.24172  22.63025  57121.1207
  05641    14.00    0.15     4.23  0.248  -1.20   8   0   0  1.63690  1.31630  37.73104  57122.9200
  03674    12.00    0.15    10.52  0.253  -1.20  16   0   0  2.35720  1.99864  24.90443  57123.4808
K14Y46Y    18.50    0.15     1.67  0.025  -1.20  12   0   0  1.62362  1.14976  37.73682  57124.6605
  05641    14.00    0.15     5.42  0.151  -1.20  11   0   0  1.64255  1.28425  37.64790  57127.5152
K15H00A    16.10    0.15     3.63  0.049  -1.20  14   0   0  1.71254  1.37146  35.87265  57128.5749
  L9523    14.80    0.15     3.24  0.202  -1.20  17   0   0  1.83202  1.39323  32.85928  57131.3651
  e8876    16.50    0.15     2.60  0.065  -1.20   8   0   0  1.80821  1.35159  33.26441  57131.7526
  R1533    17.20    0.15     2.84  0.029  -1.20   8   0   0  1.75032  1.42657  35.05005  57134.6113
  03416    13.20    0.15     6.27  0.236  -1.20  11   0   0  2.26044  1.86961  26.05406  57136.0900
  a5937    16.60    0.15     3.15  0.041  -1.20  16   0   0  1.72557  1.29335  35.48631  57144.0889
  05038    13.70    0.15     4.68  0.267  -1.20  18   0   0  1.66432  1.33923  37.28230  57145.9007
  U2100    16.20    0.15     3.15  0.059  -1.20  13   0   0  1.76364  1.46569  34.88447  57148.5270
  E6134    16.10    0.15     1.53  0.273  -1.20   6   0   0  1.37181  0.94914  47.33097  57148.5277
  01204    12.00    0.15    13.76  0.148  -1.20   6   0   0  2.80747  2.48330  20.86426  57151.4455
  25974    15.60    0.15     5.04  0.040  -1.20  13   0   0  1.96868  1.55364  30.51817  57151.9702
  03443    13.10    0.15    12.31  0.067  -1.20   7   0   0  2.64755  2.30742  22.18691  57153.4136
  U2100    16.20    0.15     3.19  0.057  -1.20  10   0   0  1.78028  1.43798  34.55058  57153.7777
  E6134    16.10    0.15     1.48  0.291  -1.20   6   0   0  1.37981  0.91443  47.04703  57153.9092
  R7530    16.40    0.15     3.97  0.031  -1.20   6   0   0  1.99366  1.70633  30.48816  57160.8656
  N8851    16.70    0.15     2.65  0.053  -1.20  19   0   0  1.73667  1.40189  35.62787  57160.9932
K05K00C    17.30    0.15     2.33  0.039  -1.00  13   0   0  1.80269  1.35758  33.77286  57161.6777
  32897    14.00    0.15     5.20  0.164  -1.20  14   0   0  1.89250  1.46009  31.95418  57162.7382
  06183    13.70    0.15     9.04  0.072  -1.20  16   0   0  2.09203  1.82594  28.93552  57164.0109
  40315    15.90    0.15     1.61  0.296  -1.20   9   0   0  1.50359  1.10783  42.31740  57164.0113
  A2232    16.60    0.15     2.97  0.046  -1.20   9   0   0  1.80707  1.49189  34.06879  57164.4057
  01170    12.43    0.15    10.34  0.176  -1.20   9   0   0  2.42241  2.19905  24.71067  57166.6412
  R0038    17.00    0.15     2.17  0.059  -1.20  18   0   0  1.65400  1.30845  37.75940  57167.0311
  27351    14.50    0.15     3.02  0.307  -1.20  18   0   0  1.73872  1.42150  35.65991  57172.1504
  h8035    17.60    0.15     2.55  0.025  -1.20  14   0   0  1.69246  1.36263  36.79193  57172.1521
  X0260    17.00    0.15     2.05  0.067  -1.20  14   0   0  1.38739  0.83532  46.52488  57172.5729
  62268    15.10    0.15     5.86  0.047  -1.20  19   0   0  1.60655  1.26003  39.13754  57175.0352
  02253    12.80    0.15     6.71  0.298  -1.20  18   0   0  1.65385  1.32818  37.82975  57178.3177
  U7190    15.90    0.15     1.99  0.195  -1.20   5   0   0  1.67443  1.20444  36.93060  57180.3165
  68569    14.80    0.15     2.79  0.273  -1.20  11   0   0  1.62411  1.14915  38.33847  57181.1013
  01656    12.90    0.15     6.86  0.260  -1.20   7   0   0  2.06221  1.82558  29.46864  57181.7268
  40310    16.20    0.15     3.46  0.049  -1.20  12   0   0  1.84060  1.39906  33.09466  57181.7644
  62268    15.10    0.15     5.97  0.045  -1.20   8   0   0  1.60388  1.20959  39.24169  57182.9091
  02253    12.80    0.15     6.73  0.295  -1.20  19   0   0  1.65043  1.27821  37.95585  57184.4858
  02449    14.26    0.15     2.89  0.418  -1.20  13   0   0  1.71700  1.25070  35.85780  57185.5727
  01656    12.90    0.15     7.00  0.250  -1.20  14   0   0  2.05829  1.77129  29.55621  57186.0574
  00699    11.72    0.15    20.78  0.084  -1.20   5   0   0  3.04628  2.72706  19.25874  57186.6163
  U4292    15.20    0.15     2.08  0.340  -1.20  16   0   0  1.60537  1.22810  39.24230  57187.2380
K15L39D    17.70    0.15     2.21  0.030  -1.00   6   0   0  1.82036  1.49569  33.91088  57188.2916
  04276    14.60    0.15     7.34  0.047  -1.20   7   0   0  2.11620  1.83769  28.67838  57188.7549
K15M54D    18.80    0.15     1.47  0.025  -1.00   7   0   0  1.64536  1.28488  38.13066  57191.1793
K15M53U    19.30    0.15     1.10  0.028  -0.90  14   0   0  1.63994  1.15854  37.88412  57191.3483
  46773    15.10    0.15     2.76  0.211  -1.20   9   0   0  1.73675  1.25458  35.27797  57192.7872
K15B68H    17.00    0.15     2.61  0.041  -1.20  25   0   0  1.60775  1.11224  38.75211  57193.0543
K15KC1P    16.60    0.15     1.95  0.106  -1.20  24   0   0  1.60991  1.24456  39.13789  57193.6695
  31415    14.70    0.15     2.46  0.386  -1.20   7   0   0  1.71210  1.37547  36.40947  57194.8523
  02074    13.90    0.15     3.54  0.388  -1.20  17   0   0  1.79700  1.48147  34.44023  57195.7650
  05407    13.90    0.15     3.44  0.411  -1.20  10   0   0  1.79239  1.47545  34.54195  57196.1661
  99795    14.70    0.15     2.75  0.308  -1.20   6   0   0  1.76456  1.44822  35.16940  57198.6565
  92383    15.30    0.15     2.50  0.215  -1.20  15   0   0  1.68169  1.34393  37.18503  57198.6635
K15B68H    17.00    0.15     2.62  0.041  -1.20  23   0   0  1.60652  1.14370  39.00783  57199.2216
  I1704    15.80    0.15     1.89  0.237  -1.20  21   0   0  1.49686  1.10967  42.77190  57202.8596
  07778    13.20    0.15     6.68  0.208  -1.20   5   0   0  2.22592  1.85524  26.94001  57204.5956
K15N00K    18.10    0.15     1.54  0.043  -1.20  11   0   0  1.56895  1.07178  39.99236  57206.1721
  47581    15.40    0.15     2.22  0.248  -1.20  10   0   0  1.61794  1.28317  38.91278  57208.3670
  H0725    15.20    0.15     4.73  0.066  -1.20  25   0   0  1.74403  1.44156  35.64165  57209.2846
K15K19D    19.50    0.15     1.01  0.027  -0.90  12   0   0  1.41838  0.87152  45.34324  57209.4557
  i8225    17.90    0.15     2.10  0.028  -1.20  11   0   0  1.68507  1.32217  37.09389  57212.9632
  R8592    17.10    0.15     1.67  0.091  -1.20   7   0   0  1.58912  1.19546  39.75273  57213.0937
  47581    15.40    0.15     2.13  0.269  -1.20  13   0   0  1.61565  1.23616  38.97990  57214.6652
  H0725    15.20    0.15     4.50  0.073  -1.20  21   0   0  1.73035  1.38209  35.96821  57215.4514
  05392    12.70    0.15     9.03  0.180  -1.20  14   0   0  2.03369  1.61334  29.60891  57216.1422
  63583    15.20    0.15     2.59  0.219  -1.20  20   0   0  1.64708  1.28030  38.09968  57216.8971
  17555    14.90    0.15     3.24  0.184  -1.20  10   0   0  1.86749  1.54935  32.96827  57216.8975
K04RJ3N    17.90    0.15     1.73  0.041  -1.20  15   0   0  1.50907  0.97480  41.77336  57217.3262
  52439    14.80    0.15     3.24  0.203  -1.20   8   0   0  1.86713  1.41893  32.55175  57218.6332
  16142    14.20    0.15     3.71  0.268  -1.20   7   0   0  1.95549  1.52027  30.89770  57219.2933
  05867    15.30    0.15     2.11  0.302  -1.20  14   0   0  1.36874  0.91239  47.94387  57220.5618
  44010    15.00    0.15     5.45  0.060  -1.20  17   0   0  1.64851  1.29102  38.05111  57222.1472
  h4783    17.70    0.15     2.05  0.035  -1.20  12   0   0  1.61404  1.09765  38.38417  57224.0163
  79137    15.50    0.15     2.73  0.149  -1.20  20   0   0  1.60646  1.24360  39.22324  57225.5554
  03873    12.80    0.15     6.18  0.351  -1.20  10   0   0  2.12055  1.86306  28.61468  57228.5698
  A1058    15.40    0.15     6.06  0.033  -1.20  18   0   0  1.97006  1.69246  31.02627  57229.2294
  h4783    17.70    0.15     1.89  0.041  -1.20   6   0   0  1.59602  1.11889  39.20230  57229.3958
  S3438    17.60    0.15     1.86  0.047  -1.20  15   0   0  1.60894  1.25515  39.12989  57229.7548
  03343    13.10    0.15     6.35  0.252  -1.20  10   0   0  2.10207  1.84666  28.88497  57230.1523
K15O73N    17.00    0.15     2.98  0.032  -1.20  14   0   0  1.70663  1.37943  36.50801  57230.4097
  01139    12.51    0.15     9.61  0.189  -1.20   7   0   0  2.43773  2.09645  24.42497  57231.3640
  02937    13.10    0.15     6.50  0.240  -1.20   6   0   0  2.06304  1.67418  29.23227  57232.0173
  i0017    16.50    0.15     1.64  0.164  -1.20  19   0   0  1.49201  1.10688  42.86143  57233.5535
  U6514    15.90    0.15     4.72  0.035  -1.20  12   0   0  1.88439  1.47337  32.34582  57233.5977
  01131    12.90    0.15     6.23  0.315  -1.20  10   0   0  2.09101  1.70242  28.77918  57234.2493
  03402    15.00    0.15     2.50  0.283  -1.20  13   0   0  1.60354  1.11667  38.87556  57234.6413
  14222    14.00    0.15     9.03  0.054  -1.20  14   0   0  1.58567  1.09604  39.41380  57234.7766
K09Q19V    16.80    0.15     2.81  0.043  -1.20   5   0   0  1.76932  1.46227  34.99540  57235.0063
K07J40L    17.20    0.15     3.06  0.025  -1.20   6   0   0  1.88308  1.45674  32.28811  57235.8261
K15K25X    18.10    0.15     1.11  0.083  -1.20   7   0   0  1.48810  0.96859  42.57648  57236.4760
  31913    15.20    0.15     4.99  0.059  -1.20  34   0   0  1.75596  1.43435  35.26594  57238.1532
  60735    14.90    0.15     3.46  0.162  -1.20  10   0   0  1.76076  1.46804  35.15910  57239.2040
  07747    13.60    0.15     5.75  0.194  -1.20  12   0   0  1.81938  1.54088  33.86340  57239.8568
  41223    13.60    0.15    12.46  0.041  -1.20   8   0   0  2.49485  2.14384  23.74665  57240.2826
  N6393    15.90    0.15     3.44  0.065  -1.20  11   0   0  1.77623  1.32561  34.44176  57241.1998
  30856    14.00    0.15     4.15  0.257  -1.20  10   0   0  1.77351  1.31640  34.46429  57241.2017
K09Q19V    16.80    0.15     2.66  0.048  -1.20   8   0   0  1.73809  1.38778  35.67660  57241.4356
  i0017    16.50    0.15     1.58  0.177  -1.20  19   0   0  1.49107  1.07685  42.82554  57242.3439
  60735    14.90    0.15     3.43  0.165  -1.20  16   0   0  1.77618  1.43660  34.78890  57243.6648
  07747    13.60    0.15     5.81  0.190  -1.20  14   0   0  1.83234  1.50617  33.57346  57244.4489
  h4176    17.80    0.15     2.29  0.025  -1.20   5   0   0  1.77361  1.31810  34.44021  57245.6599
  R2475    16.60    0.15     1.86  0.117  -1.20  12   0   0  1.61574  1.24224  38.83333  57245.7634
  10984    14.60    0.15     3.04  0.277  -1.20  16   0   0  1.45892  0.90612  43.33714  57246.9773
  C4499    16.10    0.15     2.21  0.131  -1.20  10   0   0  1.64904  1.28722  37.89648  57247.3365
  02099    15.18    0.15     7.05  0.030  -1.20  11   0   0  2.21038  1.82740  26.98505  57248.2924
  09551    15.90    0.15     4.55  0.037  -1.00  28   0   0  1.53394  1.14010  41.31095  57248.6488
  03920    13.00    0.15     7.71  0.187  -1.20   9   0   0  2.02115  1.59651  29.66176  57249.0756
  26879    14.30    0.15     3.69  0.248  -1.20  16   0   0  1.61182  1.11667  38.44970  57249.2104
  51773    14.10    0.15     4.07  0.244  -1.20   8   0   0  1.85772  1.40509  32.54404  57252.4885
  a3080    16.20    0.15     2.61  0.086  -1.20  18   0   0  1.69584  1.21472  36.14651  57252.4895
  06446    15.10    0.15     2.36  0.288  -1.20  13   0   0  1.68707  1.34660  36.85695  57252.7191
  58285    15.00    0.15     3.41  0.152  -1.20   9   0   0  1.78877  1.31737  33.90477  57254.9803
  47343    15.30    0.15     3.14  0.136  -1.20   6   0   0  1.69067  1.19905  36.17794  57255.1089
  17744    15.10    0.15     2.65  0.229  -1.20   8   0   0  1.74485  1.42281  35.42318  57256.1262
  57047    14.80    0.15     4.26  0.117  -1.20   6   0   0  1.72390  1.23153  35.29683  57256.5540
  d3350    16.40    0.15     3.33  0.044  -1.20  16   0   0  1.65365  1.30996  37.69160  57257.0462
  U6441    17.10    0.15     2.81  0.032  -1.20  21   0   0  1.65206  1.31052  37.72492  57257.8352
  a3080    16.20    0.15     2.60  0.086  -1.20   8   0   0  1.68615  1.24367  36.58630  57258.3276
  47343    15.30    0.15     3.14  0.136  -1.20  10   0   0  1.68300  1.22888  36.59228  57259.5696
  58285    15.00    0.15     3.67  0.131  -1.20   6   0   0  1.77697  1.34819  34.39526  57259.7034
  R0303    16.70    0.15     3.15  0.037  -1.00  13   0   0  1.78968  1.48548  34.37082  57260.3248
  75933    14.80    0.15     5.21  0.078  -1.20  29   0   0  1.61610  1.27077  38.67795  57260.9871
  57047    14.80    0.15     4.11  0.126  -1.20  12   0   0  1.70995  1.26074  35.90092  57261.0147
K10VB2G    17.30    0.15     2.79  0.027  -1.20  16   0   0  1.72680  1.29250  35.55224  57261.1498
  O7925    15.70    0.15     3.20  0.090  -1.20  18   0   0  1.63038  1.29496  38.26187  57263.0778
  48864    15.60    0.15     2.96  0.116  -1.20  16   0   0  1.65927  1.19342  37.12550  57263.2455
  89486    14.90    0.15     2.66  0.274  -1.20   9   0   0  1.67518  1.35296  37.04365  57265.0436
  15790    13.50    0.15     6.10  0.189  -1.20  11   0   0  2.04510  1.79682  29.56684  57265.1778
  26385    15.00    0.15     2.33  0.325  -1.20  17   0   0  1.59139  1.25018  39.35019  57265.1829
  06130    16.60    0.15     4.01  0.025  -1.20  34   0   0  1.72480  1.39990  35.75429  57268.3330
  75933    14.80    0.15     5.54  0.069  -1.20  11   0   0  1.61657  1.23760  38.56073  57270.6961
  26385    15.00    0.15     2.30  0.334  -1.20  18   0   0  1.59815  1.21885  39.08573  57271.0869
  L7251    16.50    0.15     2.40  0.077  -1.20   9   0   0  1.56222  1.05513  39.65293  57272.0357
  31098    14.70    0.15     3.47  0.193  -1.20   7   0   0  1.86266  1.55126  32.72170  57274.7539
  H6871    15.20    0.15     5.43  0.050  -1.20  13   0   0  1.84575  1.52792  33.05556  57274.7574
  35368    14.60    0.15     2.90  0.304  -1.20   6   0   0  1.63878  1.27354  37.89263  57275.5449
  i3808    17.40    0.15     2.70  0.027  -1.20   9   0   0  1.76547  1.43199  34.75837  57275.6739
  S2044    17.50    0.15     2.25  0.035  -1.00   4   0   0  1.70620  1.36356  36.14794  57276.3313
  C4834    15.40    0.15     2.24  0.244  -1.20  10   0   0  1.62500  1.26387  38.24712  57277.9087
  97514    13.90    0.15    10.62  0.043  -1.00   8   0   0  2.55800  2.22590  22.94534  57280.6854
  97514    13.90    0.15    14.03  0.025  -1.20   8   0   0  2.55800  2.22590  22.94534  57280.6854
  L0669    16.20    0.15     1.95  0.154  -1.20   5   0   0  1.64290  1.29452  37.72855  57280.9269
  H5622    14.90    0.15     2.87  0.235  -1.20  14   0   0  1.65997  1.31526  37.26840  57280.9288
  D3037    15.00    0.15     7.18  0.034  -1.20  17   0   0  1.68866  1.35153  36.53214  57281.3204
K05V07A    17.60    0.15     1.81  0.049  -1.20  12   0   0  1.34104  0.88478  48.52007  57282.8854
K02PD0U    16.30    0.15     2.78  0.069  -1.20  23   0   0  1.62486  1.27632  38.17619  57284.0770
  42811    14.30    0.15     3.31  0.307  -1.20  14   0   0  1.74717  1.43060  35.07069  57285.9094
  65335    14.90    0.15     2.74  0.258  -1.20  10   0   0  1.68757  1.35829  36.49326  57286.6980
  01316    13.10    0.15     5.56  0.329  -1.20   8   0   0  1.98303  1.60665  30.18391  57290.4057
K11SJ1D    16.50    0.15     2.28  0.085  -1.20  18   0   0  1.40467  0.99839  45.49368  57292.9866
  10051    14.60    0.15     2.64  0.366  -1.20  20   0   0  1.51444  1.15192  41.39278  57293.7835
  30963    14.20    0.15     4.29  0.200  -1.20  11   0   0  1.79211  1.37063  33.70202  57294.4622
  33073    15.00    0.15     5.20  0.065  -1.20   6   0   0  1.77123  1.33770  34.11075  57294.6006
  05642    14.00    0.15     3.97  0.281  -1.20  16   0   0  1.85447  1.57833  32.67804  57294.6917
  01310    11.45    0.15    14.24  0.229  -1.20   5   0   0  2.90459  2.60200  19.99724  57295.3820
  A8516    14.50    0.15     3.14  0.284  -1.20   8   0   0  1.67179  1.21330  36.42218  57295.5191
  B2493    15.60    0.15     2.01  0.250  -1.20  19   0   0  1.47742  1.11047  42.63297  57295.8806
  A8376    15.30    0.15     1.90  0.371  -1.20   6   0   0  1.64681  1.19425  37.13030  57296.1672
K10M01E    17.20    0.15     3.04  0.025  -1.20  12   0   0  1.65307  1.18537  36.86123  57296.3046
  31367    13.80    0.15     5.32  0.188  -1.20  22   0   0  1.59741  1.13153  38.45306  57298.0032
  02629    15.00    0.15     6.81  0.038  -1.20   7   0   0  2.12247  1.89673  28.11321  57298.2338
  02629    15.00    0.15     6.81  0.038  -1.20   7   0   0  2.12247  1.89673  28.11321  57298.2338
  10051    14.60    0.15     2.63  0.369  -1.20  15   0   0  1.52081  1.12586  41.08650  57300.4741
  02629    15.00    0.15     5.30  0.063  -1.20   9   0   0  2.12509  1.85765  28.04638  57302.3004
  02629    15.00    0.15     5.30  0.063  -1.20   9   0   0  2.12509  1.85765  28.04638  57302.3004
K13AB8U    17.00    0.15     2.76  0.037  -1.20   8   0   0  1.63440  1.15481  37.21280  57302.6017
  i8182    18.70    0.15     1.25  0.037  -1.20   7   0   0  1.45893  1.04127  43.21276  57302.8319
  a0491    16.90    0.15     2.40  0.053  -1.20  14   0   0  1.59959  1.23153  38.64289  57302.8333
  02035    12.61    0.15     5.57  0.515  -1.20   8   0   0  2.11034  1.83912  28.23981  57304.4043
  S3827    17.30    0.15     2.35  0.038  -1.20   9   0   0  1.72453  1.26098  34.90608  57305.0914
  B2493    15.60    0.15     2.06  0.239  -1.20  18   0   0  1.45476  1.04076  43.32497  57305.4571
K15TN7P    17.80    0.15     2.07  0.031  -1.20   9   0   0  1.67669  1.33247  36.53392  57306.2415
  05641    14.00    0.15     4.79  0.193  -1.20   7   0   0  1.91139  1.48314  31.06104  57307.0609
K15TN6T    16.20    0.15     2.85  0.072  -1.20  11   0   0  1.65223  1.30571  37.14626  57307.2950
  C1007    15.90    0.15     1.65  0.285  -1.20   6   0   0  1.55494  1.17804  39.90274  57308.6039
K15TW3A    17.80    0.15     2.02  0.033  -1.20  13   0   0  1.62293  1.13398  37.37884  57309.0265
K15TW2Y    20.00    0.15     0.79  0.028  -0.90   7   0   0  1.42441  0.87022  43.72960  57309.2893
  03854    14.10    0.15     3.91  0.264  -1.20   6   0   0  2.02335  1.61697  29.16362  57310.0743
  B4319    15.60    0.15     2.19  0.212  -1.20  12   0   0  1.63596  1.14851  36.99376  57310.6042
  F5785    16.30    0.15     1.81  0.162  -1.20  11   0   0  1.59054  1.08916  38.19957  57312.0428
  B9056    15.40    0.15     3.87  0.082  -1.20  18   0   0  1.75531  1.29534  34.09237  57312.3107
  I3581    15.10    0.15     2.92  0.189  -1.20  16   0   0  1.65029  1.17305  36.64613  57312.7054
  41588    13.10    0.15     6.60  0.233  -1.20  13   0   0  1.95979  1.68298  30.55172  57312.8009
  86373    15.40    0.15     2.15  0.265  -1.20   6   0   0  1.66728  1.33434  36.69617  57313.1974
  J7710    15.70    0.15     2.35  0.169  -1.20  21   0   0  1.60802  1.12142  37.77055  57313.2212
  03267    12.80    0.15     8.23  0.198  -1.20  22   0   0  2.02019  1.63286  29.24693  57313.3532
  i6895    17.30    0.15     2.39  0.037  -1.00  15   0   0  1.66572  1.33417  36.72100  57313.9819
  07723    13.90    0.15     4.04  0.298  -1.20   9   0   0  1.85225  1.56157  32.52399  57314.3745
  10416    14.50    0.15     3.91  0.183  -1.20  15   0   0  1.65290  1.31972  37.03779  57314.7676
  48338    16.00    0.15     3.42  0.060  -1.20  11   0   0  1.59532  1.24646  38.61256  57315.1624
  F9781    15.50    0.15     5.28  0.040  -1.20  10   0   0  1.96032  1.68934  30.51250  57316.3427
K15U67V    17.40    0.15     1.92  0.053  -1.20  18   0   0  1.60963  1.26937  38.18202  57316.8633
  B9056    15.40    0.15     3.86  0.082  -1.20  15   0   0  1.76633  1.34854  34.02658  57317.4264
  F5785    16.30    0.15     1.85  0.155  -1.20   5   0   0  1.59386  1.13468  38.31604  57318.2081
  I3581    15.10    0.15     2.89  0.193  -1.20  17   0   0  1.67202  1.23527  36.23109  57318.3456
J99XA6D    17.00    0.15     2.15  0.060  -1.20  17   0   0  1.56921  1.22229  39.32622  57319.2276
  03040    13.80    0.15     4.12  0.314  -1.20  11   0   0  1.68618  1.26303  35.91668  57319.7788
  J7710    15.70    0.15     2.12  0.207  -1.20  13   0   0  1.61987  1.17011  37.57827  57319.7802
  31180    14.40    0.15     8.25  0.045  -1.20  18   0   0  1.68788  1.26068  35.85086  57319.9215
  A1465    16.00    0.15     1.78  0.221  -1.20   8   0   0  1.59471  1.12492  38.18002  57321.0973
  20037    15.00    0.15     2.10  0.399  -1.20   8   0   0  1.67141  1.23441  36.20818  57321.6262
  45074    15.60    0.15     2.00  0.255  -1.20   6   0   0  1.65910  1.20817  36.46337  57321.7536
  J5208    15.20    0.15     2.48  0.239  -1.20   9   0   0  1.65064  1.33566  36.99506  57323.0313
  89454    14.80    0.15     3.11  0.220  -1.20  11   0   0  1.57499  1.11146  38.78592  57323.3211
  00132     9.38    0.15    51.60  0.117  -1.20  17   0   0  1.83831  1.56388  32.69892  57323.4263
  I5854    15.40    0.15     2.34  0.223  -1.20  15   0   0  1.64129  1.18343  36.85927  57324.6407
  A8522    13.90    0.15     9.43  0.055  -1.20   7   0   0  2.23672  2.02434  26.35149  57324.8668
  Y4342    15.60    0.15     2.59  0.152  -1.20  16   0   0  1.63382  1.18609  37.11842  57325.4307
  07818    13.90    0.15     4.99  0.195  -1.20   8   0   0  1.79937  1.37111  33.13505  57326.0803
  40324    16.60    0.15     2.59  0.060  -1.20  12   0   0  1.68134  1.22720  35.78967  57326.2123
  W9144    17.00    0.15     3.35  0.025  -1.00  13   0   0  1.54836  1.21478  39.84122  57326.9686
K15V02R    17.40    0.15     1.78  0.061  -1.20  10   0   0  1.44589  1.07628  43.32105  57327.0941
  03858    13.70    0.15     4.08  0.351  -1.20  12   0   0  1.69866  1.24640  35.34460  57327.5240
K08C51X    17.50    0.15     1.79  0.055  -1.20  10   0   0  1.63837  1.18954  36.96348  57327.6605
  G4220    16.30    0.15     1.87  0.152  -1.20  17   0   0  1.44633  0.92427  42.80387  57327.9190
  41574    15.60    0.15     1.91  0.279  -1.20  17   0   0  1.62176  1.17115  37.41240  57328.0423
  C9322    16.60    0.15     3.41  0.035  -1.20   9   0   0  1.88144  1.46555  31.47966  57328.3096
  09773    13.70    0.15     5.05  0.229  -1.20  16   0   0  1.89610  1.48651  31.22023  57329.1012
  00132     9.38    0.15    52.45  0.114  -1.20   6   0   0  1.81657  1.48899  33.07041  57329.7882
  R0085    17.50    0.15     2.35  0.032  -1.20  16   0   0  1.73247  1.28385  34.50157  57330.0166
K15O01U    18.60    0.15     1.55  0.027  -1.00   5   0   0  1.72644  1.27450  34.62041  57330.6722
  26471    13.30    0.15     5.53  0.276  -1.20   6   0   0  2.10980  1.84091  28.01966  57331.4272
  D1774    15.20    0.15     3.42  0.126  -1.20  13   0   0  1.68742  1.34339  35.96774  57331.4285
  A6189    15.70    0.15     2.20  0.191  -1.20  10   0   0  1.66712  1.21627  36.11800  57331.9886
  b6786    16.60    0.15     4.02  0.025  -1.20   6   0   0  1.91793  1.50546  30.75904  57332.3756
  S2052    15.30    0.15     4.51  0.066  -1.20   8   0   0  2.01099  1.60898  29.17139  57332.9032
K15V02R    17.40    0.15     1.82  0.058  -1.20  11   0   0  1.45440  1.04629  42.93249  57333.2592
  W9144    17.00    0.15     3.25  0.026  -1.00  19   0   0  1.52696  1.14600  40.42758  57334.7077
  65784    15.50    0.15     2.15  0.240  -1.20  12   0   0  1.59757  1.11106  37.78143  57335.5244
  05817    12.90    0.15     8.31  0.177  -1.20  11   0   0  1.85746  1.42906  31.81424  57335.5266
  B8162    15.90    0.15     1.69  0.270  -1.20  11   0   0  1.46777  0.94164  41.81203  57336.0511
  27995    15.10    0.15     2.51  0.256  -1.20   9   0   0  1.71612  1.25649  34.75990  57336.1800
  60396    15.90    0.15     1.77  0.245  -1.20   5   0   0  1.60164  1.24312  38.18382  57336.2185
  05261    16.10    0.15     1.97  0.166  -1.20  15   0   0  1.56708  1.20241  39.17145  57337.2001
  01170    12.43    0.15    15.70  0.076  -1.20  13   0   0  1.83916  1.40318  32.11908  57337.6236
  S5618    16.30    0.15     1.45  0.255  -1.20   8   0   0  1.46257  1.06938  42.57877  57338.5037
  12198    14.70    0.15     3.46  0.194  -1.20  17   0   0  1.79090  1.48131  33.53381  57339.2961
  10502    15.00    0.15     3.34  0.159  -1.20   7   0   0  1.87919  1.44800  31.32516  57339.5900
K12U61R    18.20    0.15     1.49  0.042  -1.20   8   0   0  1.58541  1.08869  38.01240  57340.2491
  93768    14.20    0.15     3.89  0.244  -1.20  12   0   0  1.93842  1.66172  30.67392  57341.7840
  I6737    16.30    0.15     1.38  0.280  -1.20   7   0   0  1.55172  1.04419  38.94764  57342.3438
  01565    12.50    0.15     8.98  0.219  -1.20  15   0   0  2.27032  2.03912  25.81655  57342.5776
  07096    15.10    0.15     5.59  0.052  -1.20  12   0   0  1.41894  0.87071  43.44729  57342.7364
  93040    14.00    0.15     4.82  0.191  -1.20  21   0   0  1.79437  1.36986  33.06549  57343.0042
  00475    11.88    0.15    32.24  0.030  -1.20   5   0   0  3.23191  3.07608  17.81185  57343.0960
  29566    15.10    0.15     2.25  0.317  -1.20  11   0   0  1.58008  1.07862  38.08922  57343.6560
  69239    15.70    0.15     2.04  0.222  -1.20   5   0   0  1.60498  1.10558  37.36115  57343.6578
K15W09E    18.30    0.15     1.68  0.030  -1.20  19   0   0  1.46000  1.07977  42.57625  57346.3743
K15W01V    17.40    0.15     2.31  0.036  -1.00  23   0   0  1.31892  0.87882  48.49466  57346.6363
  17435    14.30    0.15     3.85  0.227  -1.20  19   0   0  1.64414  1.32079  36.91441  57347.6952
  07096    15.10    0.15     5.67  0.050  -1.20  20   0   0  1.40600  0.89035  44.22037  57348.2449
  29566    15.10    0.15     2.28  0.309  -1.20  10   0   0  1.58366  1.12337  38.24091  57348.5091
  35056    14.00    0.15     5.85  0.130  -1.20  12   0   0  2.01466  1.76403  29.34778  57348.7359
  32827    15.00    0.15     2.95  0.203  -1.20  12   0   0  1.75151  1.45433  34.31514  57348.7422
  69239    15.70    0.15     1.95  0.245  -1.20  13   0   0  1.60096  1.14381  37.74191  57348.7729
  01951    14.20    0.15     3.47  0.306  -1.20  13   0   0  1.47480  1.10363  42.02945  57348.8752
  C7688    15.70    0.15     1.96  0.240  -1.20   9   0   0  1.64233  1.20394  36.66778  57349.9570
  U2785    15.40    0.15     3.22  0.118  -1.20  10   0   0  1.72489  1.31545  34.69687  57350.3524
  01656    12.90    0.15     7.85  0.198  -1.20  11   0   0  1.83830  1.42985  32.17210  57352.1802
  V0777    16.50    0.15     1.58  0.177  -1.20   6   0   0  1.52823  1.18019  40.21597  57352.5484
K11P10M    18.10    0.15     1.46  0.047  -1.20  10   0   0  1.54268  1.06632  39.37529  57353.0978
  99761    15.70    0.15     2.43  0.157  -1.20  12   0   0  1.66447  1.35811  36.34213  57353.1986
K15V01N    19.00    0.15     1.21  0.030  -1.20  13   0   0  1.37880  0.83913  45.14868  57354.1504
  01747    13.35    0.15     5.89  0.233  -1.20   8   0   0  1.78577  1.51868  33.48984  57358.1853
  D3048    15.40    0.15     5.91  0.035  -1.20   6   0   0  2.20752  1.95368  26.50741  57360.0137
  d7827    16.60    0.15     1.39  0.210  -1.20   6   0   0  1.54396  1.05409  39.16290  57361.2311
  01747    13.35    0.15     5.58  0.259  -1.20  14   0   0  1.77917  1.46267  33.61268  57363.1691
K15XZ1L    18.80    0.15     1.32  0.031  -1.20  10   0   0  1.55449  1.08161  38.93521  57363.2046
K08B02F    16.80    0.15     1.44  0.163  -1.20  11   0   0  1.40479  0.88786  44.10274  57363.4674
  F2864    16.90    0.15     2.76  0.040  -1.20  16   0   0  1.49497  0.98458  40.63590  57363.9849
  06183    13.70    0.15     9.73  0.062  -1.20  22   0   0  1.64037  1.18195  36.49061  57364.3837
  00391    10.80    0.15    19.79  0.216  -1.20  10   0   0  2.76861  2.57203  20.83623  57364.6129
  G3799    15.50    0.15     2.34  0.204  -1.20  12   0   0  1.71176  1.25810  34.65915  57365.6920
  i0680    17.90    0.15     0.77  0.206  -1.20  11   0   0  1.34915  0.79477  46.28647  57366.3419
  27057    14.30    0.15     3.42  0.287  -1.20  12   0   0  1.75972  1.31433  33.57059  57366.4782
  U1894    17.60    0.15     2.30  0.031  -1.00  11   0   0  1.83139  1.39869  32.08883  57366.7380
  04276    14.60    0.15     6.19  0.067  -1.20  12   0   0  1.69309  1.23920  35.11389  57367.3918
  02074    13.90    0.15     3.92  0.316  -1.20  15   0   0  1.65795  1.18787  35.91093  57367.5255
