TITLE     = "Magnetic map of V374 Peg, 2005-08-21, from 64 ESPaDOnS spectra (program v374-peg-2005-08)"
VARIABLES = "Longitude [Deg]" "Latitude [Deg]" "B<sub>R</sub> [G]" "B<sub>A</sub> [G]" "B<sub>M</sub> [G]"
ZONE I=73, J=37, K=1, ZONETYPE=Ordered
DATAPACKING=POINT
DT=(SINGLE SINGLE SINGLE SINGLE SINGLE)
      0.00000    -90.00000   -889.29712      0.60429     38.08625
      5.00000    -90.00000   -889.29711     -2.71812     37.99408
     10.00000    -90.00000   -889.29711     -6.01985     37.61276
     15.00000    -90.00000   -889.29710     -9.27575     36.94517
     20.00000    -90.00000   -889.29709    -12.46107     35.99642
     25.00000    -90.00000   -889.29709    -15.55155     34.77371
     30.00000    -90.00000   -889.29708    -18.52367     33.28635
     35.00000    -90.00000   -889.29706    -21.35481     31.54567
     40.00000    -90.00000   -889.29705    -24.02343     29.56490
     45.00000    -90.00000   -889.29704    -26.50922     27.35913
     50.00000    -90.00000   -889.29703    -28.79326     24.94514
     55.00000    -90.00000   -889.29701    -30.85817     22.34130
     60.00000    -90.00000   -889.29700    -32.68822     19.56743
     65.00000    -90.00000   -889.29698    -34.26950     16.64464
     70.00000    -90.00000   -889.29697    -35.58997     13.59518
     75.00000    -90.00000   -889.29695    -36.63957     10.44225
     80.00000    -90.00000   -889.29694    -37.41033      7.20984
     85.00000    -90.00000   -889.29692    -37.89637      3.92257
     90.00000    -90.00000   -889.29691    -38.09400      0.60544
     95.00000    -90.00000   -889.29689    -38.00171     -2.71629
    100.00000    -90.00000   -889.29688    -37.62020     -6.01735
    105.00000    -90.00000   -889.29687    -36.95238     -9.27262
    110.00000    -90.00000   -889.29685    -36.00333    -12.45731
    115.00000    -90.00000   -889.29684    -34.78027    -15.54720
    120.00000    -90.00000   -889.29683    -33.29252    -18.51876
    125.00000    -90.00000   -889.29682    -31.55138    -21.34938
    130.00000    -90.00000   -889.29681    -29.57013    -24.01752
    135.00000    -90.00000   -889.29680    -27.36382    -26.50288
    140.00000    -90.00000   -889.29679    -24.94926    -28.78653
    145.00000    -90.00000   -889.29679    -22.34482    -30.85109
    150.00000    -90.00000   -889.29678    -19.57033    -32.68086
    155.00000    -90.00000   -889.29678    -16.64689    -34.26191
    160.00000    -90.00000   -889.29677    -13.59676    -35.58221
    165.00000    -90.00000   -889.29677    -10.44314    -36.63170
    170.00000    -90.00000   -889.29677     -7.21005    -37.40240
    175.00000    -90.00000   -889.29677     -3.92209    -37.88845
    180.00000    -90.00000   -889.29678     -0.60428    -38.08614
    185.00000    -90.00000   -889.29678      2.71814    -37.99397
    190.00000    -90.00000   -889.29679      6.01986    -37.61265
    195.00000    -90.00000   -889.29679      9.27577    -36.94507
    200.00000    -90.00000   -889.29680     12.46109    -35.99631
    205.00000    -90.00000   -889.29681     15.55157    -34.77360
    210.00000    -90.00000   -889.29682     18.52370    -33.28624
    215.00000    -90.00000   -889.29683     21.35484    -31.54555
    220.00000    -90.00000   -889.29684     24.02347    -29.56478
    225.00000    -90.00000   -889.29685     26.50926    -27.35901
    230.00000    -90.00000   -889.29687     28.79330    -24.94501
    235.00000    -90.00000   -889.29688     30.85820    -22.34117
    240.00000    -90.00000   -889.29690     32.68826    -19.56730
    245.00000    -90.00000   -889.29691     34.26953    -16.64451
    250.00000    -90.00000   -889.29693     35.59000    -13.59504
    255.00000    -90.00000   -889.29694     36.63960    -10.44211
    260.00000    -90.00000   -889.29696     37.41036     -7.20970
    265.00000    -90.00000   -889.29697     37.89640     -3.92243
    270.00000    -90.00000   -889.29699     38.09402     -0.60530
    275.00000    -90.00000   -889.29700     38.00173      2.71643
    280.00000    -90.00000   -889.29701     37.62022      6.01750
    285.00000    -90.00000   -889.29703     36.95239      9.27276
    290.00000    -90.00000   -889.29704     36.00334     12.45745
    295.00000    -90.00000   -889.29705     34.78028     15.54734
    300.00000    -90.00000   -889.29707     33.29252     18.51890
    305.00000    -90.00000   -889.29708     31.55139     21.34952
    310.00000    -90.00000   -889.29709     29.57013     24.01766
    315.00000    -90.00000   -889.29710     27.36382     26.50301
    320.00000    -90.00000   -889.29710     24.94926     28.78666
    325.00000    -90.00000   -889.29711     22.34482     30.85122
    330.00000    -90.00000   -889.29711     19.57033     32.68099
    335.00000    -90.00000   -889.29712     16.64689     34.26203
    340.00000    -90.00000   -889.29712     13.59676     35.58232
    345.00000    -90.00000   -889.29712     10.44315     36.63181
    350.00000    -90.00000   -889.29712      7.21006     37.40251
    355.00000    -90.00000   -889.29712      3.92210     37.88856
    360.00000    -90.00000   -889.29712      0.60429     38.08625
      0.00000    -85.00000   -900.80431      1.10055     42.94661
      5.00000    -85.00000   -900.42324     -2.15198     42.81152
     10.00000    -85.00000   -899.93853     -5.37543     42.40310
     15.00000    -85.00000   -899.35502     -8.54697     41.72623
     20.00000    -85.00000   -898.67808    -11.64453     40.78756
     25.00000    -85.00000   -897.91352    -14.64689     39.59533
     30.00000    -85.00000   -897.06750    -17.53372     38.15928
     35.00000    -85.00000   -896.14644    -20.28566     36.49055
     40.00000    -85.00000   -895.15696    -22.88441     34.60157
     45.00000    -85.00000   -894.10583    -25.31277     32.50600
     50.00000    -85.00000   -892.99990    -27.55472     30.21855
     55.00000    -85.00000   -891.84615    -29.59550     27.75494
     60.00000    -85.00000   -890.65163    -31.42161     25.13175
     65.00000    -85.00000   -889.42352    -33.02087     22.36628
     70.00000    -85.00000   -888.16918    -34.38243     19.47647
     75.00000    -85.00000   -886.89614    -35.49670     16.48080
     80.00000    -85.00000   -885.61222    -36.35534     13.39822
     85.00000    -85.00000   -884.32553    -36.95125     10.24812
     90.00000    -85.00000   -883.04456    -37.27847      7.05037
     95.00000    -85.00000   -881.77815    -37.33223      3.82534
    100.00000    -85.00000   -880.53552    -37.10896      0.59400
    105.00000    -85.00000   -879.32623    -36.60636     -2.62200
    110.00000    -85.00000   -878.16008    -35.82357     -5.80025
    115.00000    -85.00000   -877.04700    -34.76135     -8.91754
    120.00000    -85.00000   -875.99691    -33.42234    -11.94984
    125.00000    -85.00000   -875.01956    -31.81138    -14.87247
    130.00000    -85.00000   -874.12431    -29.93574    -17.66022
    135.00000    -85.00000   -873.31992    -27.80546    -20.28771
    140.00000    -85.00000   -872.61439    -25.43352    -22.72976
    145.00000    -85.00000   -872.01475    -22.83598    -24.96190
    150.00000    -85.00000   -871.52692    -20.03200    -26.96088
    155.00000    -85.00000   -871.15561    -17.04371    -28.70527
    160.00000    -85.00000   -870.90422    -13.89599    -30.17593
    165.00000    -85.00000   -870.77486    -10.61614    -31.35653
    170.00000    -85.00000   -870.76832     -7.23341    -32.23395
    175.00000    -85.00000   -870.88414     -3.77853    -32.79853
    180.00000    -85.00000   -871.12071     -0.28316    -33.04429
    185.00000    -85.00000   -871.47535      3.22064    -32.96894
    190.00000    -85.00000   -871.94442      6.70093    -32.57392
    195.00000    -85.00000   -872.52345     10.12639    -31.86417
    200.00000    -85.00000   -873.20724     13.46674    -30.84802
    205.00000    -85.00000   -873.98991     16.69311    -29.53691
    210.00000    -85.00000   -874.86506     19.77839    -27.94504
    215.00000    -85.00000   -875.82576     22.69749    -26.08911
    220.00000    -85.00000   -876.86459     25.42757    -23.98792
    225.00000    -85.00000   -877.97371     27.94816    -21.66201
    230.00000    -85.00000   -879.14485     30.24125    -19.13331
    235.00000    -85.00000   -880.36932     32.29136    -16.42474
    240.00000    -85.00000   -881.63804     34.08549    -13.55992
    245.00000    -85.00000   -882.94155     35.61299    -10.56285
    250.00000    -85.00000   -884.27006     36.86554     -7.45769
    255.00000    -85.00000   -885.61345     37.83690     -4.26851
    260.00000    -85.00000   -886.96139     38.52284     -1.01927
    265.00000    -85.00000   -888.30338     38.92094      2.26634
    270.00000    -85.00000   -889.62883     39.03049      5.56488
    275.00000    -85.00000   -890.92716     38.85244      8.85312
    280.00000    -85.00000   -892.18794     38.38933     12.10808
    285.00000    -85.00000   -893.40094     37.64531     15.30692
    290.00000    -85.00000   -894.55630     36.62625     18.42704
    295.00000    -85.00000   -895.64459     35.33975     21.44605
    300.00000    -85.00000   -896.65696     33.79526     24.34195
    305.00000    -85.00000   -897.58521     32.00420     27.09325
    310.00000    -85.00000   -898.42192     29.97995     29.67919
    315.00000    -85.00000   -899.16050     27.73790     32.08004
    320.00000    -85.00000   -899.79532     25.29538     34.27736
    325.00000    -85.00000   -900.32172     22.67149     36.25433
    330.00000    -85.00000   -900.73612     19.88698     37.99597
    335.00000    -85.00000   -901.03598     16.96393     39.48942
    340.00000    -85.00000   -901.21988     13.92550     40.72409
    345.00000    -85.00000   -901.28747     10.79558     41.69178
    350.00000    -85.00000   -901.23946      7.59849     42.38667
    355.00000    -85.00000   -901.07753      4.35870     42.80533
    360.00000    -85.00000   -900.80431      1.10055     42.94661
      0.00000    -80.00000   -905.47552      1.50925     48.39042
      5.00000    -80.00000   -904.61034     -1.79066     48.23419
     10.00000    -80.00000   -903.55283     -5.05490     47.81084
     15.00000    -80.00000   -902.31798     -8.26439     47.12802
     20.00000    -80.00000   -900.92098    -11.40043     46.19332
     25.00000    -80.00000   -899.37692    -14.44400     45.01456
     30.00000    -80.00000   -897.70041    -17.37540     43.60028
     35.00000    -80.00000   -895.90544    -20.17425     41.96053
     40.00000    -80.00000   -894.00509    -22.81987     40.10747
     45.00000    -80.00000   -892.01140    -25.29192     38.05573
     50.00000    -80.00000   -889.93511    -27.57120     35.82250
     55.00000    -80.00000   -887.78557    -29.64037     33.42723
     60.00000    -80.00000   -885.57066    -31.48471     30.89101
     65.00000    -80.00000   -883.29691    -33.09249     28.23581
     70.00000    -80.00000   -880.96983    -34.45527     25.48344
     75.00000    -80.00000   -878.59447    -35.56780     22.65464
     80.00000    -80.00000   -876.17623    -36.42769     19.76814
     85.00000    -80.00000   -873.72176    -37.03480     16.84001
     90.00000    -80.00000   -871.23995    -37.39035     13.88321
     95.00000    -80.00000   -868.74284    -37.49587     10.90770
    100.00000    -80.00000   -866.24624    -37.35211      7.92095
    105.00000    -80.00000   -863.77013    -36.95804      4.92905
    110.00000    -80.00000   -861.33858    -36.31024      1.93834
    115.00000    -80.00000   -858.97924    -35.40272     -1.04280
    120.00000    -80.00000   -856.72248    -34.22755     -4.00195
    125.00000    -80.00000   -854.60011    -32.77603     -6.92114
    130.00000    -80.00000   -852.64389    -31.04051     -9.77579
    135.00000    -80.00000   -850.88392    -29.01650    -12.53471
    140.00000    -80.00000   -849.34712    -26.70474    -15.16094
    145.00000    -80.00000   -848.05589    -24.11291    -17.61363
    150.00000    -80.00000   -847.02705    -21.25668    -19.85052
    155.00000    -80.00000   -846.27132    -18.15978    -21.83076
    160.00000    -80.00000   -845.79319    -14.85331    -23.51761
    165.00000    -80.00000   -845.59128    -11.37426    -24.88058
    170.00000    -80.00000   -845.65914     -7.76357    -25.89687
    175.00000    -80.00000   -845.98626     -4.06413    -26.55187
    180.00000    -80.00000   -846.55933     -0.31899    -26.83891
    185.00000    -80.00000   -847.36336      3.42998    -26.75845
    190.00000    -80.00000   -848.38285      7.14284    -26.31703
    195.00000    -80.00000   -849.60262     10.78195    -25.52622
    200.00000    -80.00000   -851.00841     14.31197    -24.40181
    205.00000    -80.00000   -852.58721     17.69982    -22.96335
    210.00000    -80.00000   -854.32730     20.91478    -21.23382
    215.00000    -80.00000   -856.21804     23.92883    -19.23944
    220.00000    -80.00000   -858.24948     26.71724    -17.00925
    225.00000    -80.00000   -860.41185     29.25927    -14.57453
    230.00000    -80.00000   -862.69492     31.53874    -11.96770
    235.00000    -80.00000   -865.08745     33.54444     -9.22110
    240.00000    -80.00000   -867.57662     35.27002     -6.36553
    245.00000    -80.00000   -870.14761     36.71348     -3.42898
    250.00000    -80.00000   -872.78344     37.87625     -0.43567
    255.00000    -80.00000   -875.46489     38.76201      2.59449
    260.00000    -80.00000   -878.17080     39.37545      5.64577
    265.00000    -80.00000   -880.87839     39.72115      8.70604
    270.00000    -80.00000   -883.56383     39.80271     11.76571
    275.00000    -80.00000   -886.20282     39.62231     14.81643
    280.00000    -80.00000   -888.77109     39.18061     17.84968
    285.00000    -80.00000   -891.24494     38.47702     20.85534
    290.00000    -80.00000   -893.60150     37.51037     23.82056
    295.00000    -80.00000   -895.81905     36.27982     26.72891
    300.00000    -80.00000   -897.87718     34.78596     29.55997
    305.00000    -80.00000   -899.75694     33.03195     32.28946
    310.00000    -80.00000   -901.44104     31.02463     34.88995
    315.00000    -80.00000   -902.91408     28.77536     37.33202
    320.00000    -80.00000   -904.16288     26.30045     39.58592
    325.00000    -80.00000   -905.17685     23.62111     41.62341
    330.00000    -80.00000   -905.94833     20.76288     43.41951
    335.00000    -80.00000   -906.47292     17.75445     44.95401
    340.00000    -80.00000   -906.74968     14.62632     46.21240
    345.00000    -80.00000   -906.78111     11.40924     47.18612
    350.00000    -80.00000   -906.57300      8.13281     47.87214
    355.00000    -80.00000   -906.13408      4.82452     48.27197
    360.00000    -80.00000   -905.47552      1.50925     48.39042
      0.00000    -75.00000   -903.11466      1.59808     54.73347
      5.00000    -75.00000   -901.63544     -1.79716     54.62335
     10.00000    -75.00000   -899.90100     -5.16832     54.26918
     15.00000    -75.00000   -897.94189     -8.51347     53.67775
     20.00000    -75.00000   -895.78546    -11.82610     52.84639
     25.00000    -75.00000   -893.45588    -15.09173     51.76651
     30.00000    -75.00000   -890.97491    -18.28658     50.42858
     35.00000    -75.00000   -888.36280    -21.37847     48.82739
     40.00000    -75.00000   -885.63884    -24.32941     46.96620
     45.00000    -75.00000   -882.82122    -27.09898     44.85898
     50.00000    -75.00000   -879.92580    -29.64776     42.53076
     55.00000    -75.00000   -876.96433    -31.94013     40.01624
     60.00000    -75.00000   -873.94252    -33.94624     37.35742
     65.00000    -75.00000   -870.85866    -35.64337     34.60069
     70.00000    -75.00000   -867.70352    -37.01691     31.79392
     75.00000    -75.00000   -864.46188    -38.06133     28.98326
     80.00000    -75.00000   -861.11580    -38.78091     26.20982
     85.00000    -75.00000   -857.64898    -39.19000     23.50585
     90.00000    -75.00000   -854.05184    -39.31204     20.89097
     95.00000    -75.00000   -850.32616    -39.17693     18.36890
    100.00000    -75.00000   -846.48868    -38.81656     15.92592
    105.00000    -75.00000   -842.57308    -38.25901     13.53204
    110.00000    -75.00000   -838.63001    -37.52261     11.14534
    115.00000    -75.00000   -834.72527    -36.61110      8.71967
    120.00000    -75.00000   -830.93622    -35.51156      6.21432
    125.00000    -75.00000   -827.34694    -34.19580      3.60412
    130.00000    -75.00000   -824.04239    -32.62533      0.88776
    135.00000    -75.00000   -821.10214    -30.75922     -1.90770
    140.00000    -75.00000   -818.59435    -28.56305     -4.72714
    145.00000    -75.00000   -816.57053    -26.01717     -7.49291
    150.00000    -75.00000   -815.06187    -23.12230    -10.11436
    155.00000    -75.00000   -814.07766    -19.90142    -12.49941
    160.00000    -75.00000   -813.60601    -16.39740    -14.56592
    165.00000    -75.00000   -813.61692    -12.66731    -16.25033
    170.00000    -75.00000   -814.06706     -8.77484    -17.51211
    175.00000    -75.00000   -814.90557     -4.78269    -18.33355
    180.00000    -75.00000   -816.07994     -0.74702    -18.71558
    185.00000    -75.00000   -817.54106      3.28521    -18.67137
    190.00000    -75.00000   -819.24697      7.27538    -18.21972
    195.00000    -75.00000   -821.16501     11.18993    -17.38048
    200.00000    -75.00000   -823.27252     14.99589    -16.17283
    205.00000    -75.00000   -825.55632     18.65726    -14.61683
    210.00000    -75.00000   -828.01144     22.13348    -12.73708
    215.00000    -75.00000   -830.63934     25.38083    -10.56669
    220.00000    -75.00000   -833.44580     28.35627     -8.14998
    225.00000    -75.00000   -836.43854     31.02282     -5.54220
    230.00000    -75.00000   -839.62458     33.35452     -2.80613
    235.00000    -75.00000   -843.00738     35.33975     -0.00606
    240.00000    -75.00000   -846.58405     36.98171      2.79943
    245.00000    -75.00000   -850.34296     38.29616      5.56402
    250.00000    -75.00000   -854.26232     39.30697      8.25818
    255.00000    -75.00000   -858.30987     40.04092     10.87068
    260.00000    -75.00000   -862.44421     40.52274     13.40724
    265.00000    -75.00000   -866.61729     40.77170     15.88696
    270.00000    -75.00000   -870.77773     40.79972     18.33746
    275.00000    -75.00000   -874.87432     40.61114     20.78986
    280.00000    -75.00000   -878.85889     40.20337     23.27404
    285.00000    -75.00000   -882.68806     39.56807     25.81444
    290.00000    -75.00000   -886.32374     38.69248     28.42633
    295.00000    -75.00000   -889.73246     37.56107     31.11249
    300.00000    -75.00000   -892.88409     36.15761     33.86055
    305.00000    -75.00000   -895.75049     34.46800     36.64144
    310.00000    -75.00000   -898.30458     32.48373     39.40980
    315.00000    -75.00000   -900.52029     30.20542     42.10678
    320.00000    -75.00000   -902.37335     27.64571     44.66537
    325.00000    -75.00000   -903.84291     24.83048     47.01780
    330.00000    -75.00000   -904.91350     21.79779     49.10351
    335.00000    -75.00000   -905.57693     18.59447     50.87637
    340.00000    -75.00000   -905.83377     15.27085     52.30930
    345.00000    -75.00000   -905.69386     11.87483     53.39547
    350.00000    -75.00000   -905.17590      8.44658     54.14564
    355.00000    -75.00000   -904.30586      5.01522     54.58252
    360.00000    -75.00000   -903.11466      1.59808     54.73347
      0.00000    -70.00000   -893.44612      1.24623     61.78166
      5.00000    -70.00000   -891.21196     -2.18333     61.77015
     10.00000    -70.00000   -888.71274     -5.62555     61.61120
     15.00000    -70.00000   -885.99792     -9.12019     61.30263
     20.00000    -70.00000   -883.10088    -12.68825     60.80370
     25.00000    -70.00000   -880.04197    -16.32323     60.04994
     30.00000    -70.00000   -876.83522    -19.98959     58.97293
     35.00000    -70.00000   -873.49602    -23.62813     57.51941
     40.00000    -70.00000   -870.04685    -27.16556     55.66474
     45.00000    -70.00000   -866.51826    -30.52513     53.41840
     50.00000    -70.00000   -862.94440    -33.63459     50.82162
     55.00000    -70.00000   -859.35384    -36.43016     47.94017
     60.00000    -70.00000   -855.75861    -38.85637     44.85603
     65.00000    -70.00000   -852.14509    -40.86443     41.66104
     70.00000    -70.00000   -848.47021    -42.41195     38.45340
     75.00000    -70.00000   -844.66507    -43.46642     35.33564
     80.00000    -70.00000   -840.64598    -44.01274     32.41075
     85.00000    -70.00000   -836.33055    -44.06248     29.77378
     90.00000    -70.00000   -831.65556    -43.66091     27.49800
     95.00000    -70.00000   -826.59233    -42.88751     25.61767
    100.00000    -70.00000   -821.15694    -41.84741     24.11258
    105.00000    -70.00000   -815.41368    -40.65410     22.90018
    110.00000    -70.00000   -809.47225    -39.40695     21.84019
    115.00000    -70.00000   -803.48004    -38.16929     20.75354
    120.00000    -70.00000   -797.61134    -36.95306     19.45296
    125.00000    -70.00000   -792.05452    -35.71484     17.77909
    130.00000    -70.00000   -786.99787    -34.36456     15.63393
    135.00000    -70.00000   -782.61435    -32.78534     13.00330
    140.00000    -70.00000   -779.04594    -30.85977      9.96291
    145.00000    -70.00000   -776.38928    -28.49604      6.66617
    150.00000    -70.00000   -774.68505    -25.64796      3.31668
    155.00000    -70.00000   -773.91371    -22.32403      0.13164
    160.00000    -70.00000   -773.99954    -18.58363     -2.69500
    165.00000    -70.00000   -774.82281    -14.52204     -5.02128
    170.00000    -70.00000   -776.23815    -10.24848     -6.77131
    175.00000    -70.00000   -778.09528     -5.86363     -7.93261
    180.00000    -70.00000   -780.25788     -1.44308     -8.53876
    185.00000    -70.00000   -782.61723      2.96886     -8.64383
    190.00000    -70.00000   -785.09881      7.35344     -8.29723
    195.00000    -70.00000   -787.66215     11.70256     -7.52694
    200.00000    -70.00000   -790.29619     16.00024     -6.33643
    205.00000    -70.00000   -793.01249     20.20729     -4.71545
    210.00000    -70.00000   -795.83902     24.25500     -2.66029
    215.00000    -70.00000   -798.81555     28.05068     -0.19557
    220.00000    -70.00000   -801.99056     31.49330      2.61076
    225.00000    -70.00000   -805.41844     34.49447      5.64541
    230.00000    -70.00000   -809.15510     36.99755      8.76219
    235.00000    -70.00000   -813.25110     38.98894     11.80554
    240.00000    -70.00000   -817.74222     40.49790     14.63824
    245.00000    -70.00000   -822.63935     41.58563     17.16494
    250.00000    -70.00000   -827.92030     42.32765     19.34547
    255.00000    -70.00000   -833.52654     42.79544     21.19527
    260.00000    -70.00000   -839.36668     43.04298     22.77495
    265.00000    -70.00000   -845.32658     43.10121     24.17380
    270.00000    -70.00000   -851.28385     42.98028     25.49327
    275.00000    -70.00000   -857.12303     42.67649     26.83445
    280.00000    -70.00000   -862.74741     42.17970     28.29116
    285.00000    -70.00000   -868.08488     41.47771     29.94641
    290.00000    -70.00000   -873.08694     40.55636     31.86925
    295.00000    -70.00000   -877.72232     39.39682     34.10870
    300.00000    -70.00000   -881.96815     37.97303     36.68434
    305.00000    -70.00000   -885.80168     36.25272     39.57565
    310.00000    -70.00000   -889.19499     34.20348     42.71461
    315.00000    -70.00000   -892.11359     31.80291     45.98623
    320.00000    -70.00000   -894.51882     29.04981     49.23970
    325.00000    -70.00000   -896.37279     25.97199     52.30951
    330.00000    -70.00000   -897.64473     22.62733     55.04228
    335.00000    -70.00000   -898.31727     19.09667     57.32271
    340.00000    -70.00000   -898.39154     15.46988     59.09173
    345.00000    -70.00000   -897.89005     11.82893     60.35209
    350.00000    -70.00000   -896.85645      8.23264     61.15983
    355.00000    -70.00000   -895.35153      4.70738     61.60423
    360.00000    -70.00000   -893.44612      1.24623     61.78166
      0.00000    -65.00000   -876.28308      0.45060     68.97265
      5.00000    -65.00000   -873.12143     -2.87759     69.01803
     10.00000    -65.00000   -869.75314     -6.26844     69.16551
     15.00000    -65.00000   -866.25483     -9.82762     69.39377
     20.00000    -65.00000   -862.65664    -13.61860     69.57593
     25.00000    -65.00000   -858.95155    -17.64624     69.52098
     30.00000    -65.00000   -855.11763    -21.85640     69.02871
     35.00000    -65.00000   -851.14503    -26.15075     67.94188
     40.00000    -65.00000   -847.05680    -30.41072     66.18064
     45.00000    -65.00000   -842.91461    -34.52147     63.75166
     50.00000    -65.00000   -838.80542    -38.38667     60.73339
     55.00000    -65.00000   -834.81198    -41.92904     57.24817
     60.00000    -65.00000   -830.97612    -45.07816     53.43556
     65.00000    -65.00000   -827.26725    -47.75369     49.43916
     70.00000    -65.00000   -823.56791    -49.85537     45.41042
     75.00000    -65.00000   -819.68348    -51.26926     41.52284
     80.00000    -65.00000   -815.37568    -51.89255     37.98249
     85.00000    -65.00000   -810.41179    -51.67027     35.02031
     90.00000    -65.00000   -804.61631    -50.63039     32.85910
     95.00000    -65.00000   -797.91107    -48.90201     31.65955
    100.00000    -65.00000   -790.33460    -46.70626     31.46135
    105.00000    -65.00000   -782.03877    -44.31885     32.14054
    110.00000    -65.00000   -773.26822    -42.01323     33.40177
    115.00000    -65.00000   -764.33209    -39.99993     34.81390
    120.00000    -65.00000   -755.57645    -38.37922     35.88387
    125.00000    -65.00000   -747.36099    -37.11964     36.15203
    130.00000    -65.00000   -740.03773    -36.06763     35.28535
    135.00000    -65.00000   -733.92706    -34.98485     33.14577
    140.00000    -65.00000   -729.28751    -33.60356     29.81719
    145.00000    -65.00000   -726.28173    -31.68632     25.58539
    150.00000    -65.00000   -724.94681    -29.07630     20.87596
    155.00000    -65.00000   -725.18015    -25.72652     16.16550
    160.00000    -65.00000   -726.74963    -21.70162     11.88730
    165.00000    -65.00000   -729.32973    -17.15223      8.35433
    170.00000    -65.00000   -732.55627    -12.26945      5.71786
    175.00000    -65.00000   -736.08590     -7.23268      3.97129
    180.00000    -65.00000   -739.64511     -2.16703      2.99551
    185.00000    -65.00000   -743.05750      2.87627      2.63018
    190.00000    -65.00000   -746.24581      7.91001      2.74679
    195.00000    -65.00000   -749.21364     12.97545      3.29871
    200.00000    -65.00000   -752.01683     18.09442      4.33109
    205.00000    -65.00000   -754.73623     23.22760      5.94761
    210.00000    -65.00000   -757.46042     28.25552      8.24676
    215.00000    -65.00000   -760.28166     32.99111     11.25174
    220.00000    -65.00000   -763.30211     37.22070     14.86081
    225.00000    -65.00000   -766.64274     40.75936     18.83804
    230.00000    -65.00000   -770.44584     43.50109     22.84957
    235.00000    -65.00000   -774.86415     45.44568     26.53419
    240.00000    -65.00000   -780.03497     46.69308     29.58492
    245.00000    -65.00000   -786.04480     47.40775     31.81466
    250.00000    -65.00000   -792.89563     47.76677     33.18632
    255.00000    -65.00000   -800.48579     47.91052     33.80100
    260.00000    -65.00000   -808.61495     47.91279     33.85365
    265.00000    -65.00000   -817.01463     47.77871     33.57616
    270.00000    -65.00000   -825.39620     47.46715     33.18965
    275.00000    -65.00000   -833.50157     46.92529     32.88073
    280.00000    -65.00000   -841.14070     46.11893     32.80350
    285.00000    -65.00000   -848.20563     45.04584     33.09676
    290.00000    -65.00000   -854.65975     43.72833     33.89901
    295.00000    -65.00000   -860.51044     42.19110     35.34617
    300.00000    -65.00000   -865.77744     40.43704     37.54661
    305.00000    -65.00000   -870.46858     38.43463     40.54060
    310.00000    -65.00000   -874.56864     36.12409     44.26135
    315.00000    -65.00000   -878.04076     33.44113     48.51675
    320.00000    -65.00000   -880.83523     30.34853     53.00458
    325.00000    -65.00000   -882.90024     26.86207     57.36206
    330.00000    -65.00000   -884.19177     23.05994     61.23733
    335.00000    -65.00000   -884.68229     19.07096     64.36259
    340.00000    -65.00000   -884.36960     15.04535     66.60729
    345.00000    -65.00000   -883.28526     11.11781     67.99647
    350.00000    -65.00000   -881.49997      7.37471     68.69010
    355.00000    -65.00000   -879.12158      3.83514     68.93040
    360.00000    -65.00000   -876.28308      0.45060     68.97265
      0.00000    -60.00000   -851.85078     -0.75571     75.60836
      5.00000    -60.00000   -847.53277     -3.86876     75.53059
     10.00000    -60.00000   -843.08397     -7.06977     76.02933
     15.00000    -60.00000   -838.63927    -10.53522     77.06070
     20.00000    -60.00000   -834.23556    -14.38166     78.35097
     25.00000    -60.00000   -829.82687    -18.63913     79.48246
     30.00000    -60.00000   -825.33451    -23.24765     80.01382
     35.00000    -60.00000   -820.71090    -28.07902     79.59815
     40.00000    -60.00000   -815.99042    -32.97751     78.06249
     45.00000    -60.00000   -811.30426    -37.80348     75.42495
     50.00000    -60.00000   -806.85006    -42.46027     71.84986
     55.00000    -60.00000   -802.82219    -46.88991     67.56725
     60.00000    -60.00000   -799.32362    -51.03765     62.79775
     65.00000    -60.00000   -796.28862    -54.80235     57.72050
     70.00000    -60.00000   -793.44566    -58.00083     52.49816
     75.00000    -60.00000   -790.33987    -60.37179     47.34207
     80.00000    -60.00000   -786.41622    -61.62879     42.57554
     85.00000    -60.00000   -781.14298    -61.54894     38.64907
     90.00000    -60.00000   -774.13908    -60.06495     36.08016
     95.00000    -60.00000   -765.26552    -57.32333     35.32501
    100.00000    -60.00000   -754.65432    -53.68247     36.62221
    105.00000    -60.00000   -742.67255    -49.64703     39.86612
    110.00000    -60.00000   -729.84440    -45.75789     44.56030
    115.00000    -60.00000   -716.76671    -42.47115     49.87463
    120.00000    -60.00000   -704.04835    -40.06027     54.79521
    125.00000    -60.00000   -692.28277    -38.56462     58.32722
    130.00000    -60.00000   -682.03941    -37.79228     59.69799
    135.00000    -60.00000   -673.84643    -37.37111     58.51081
    140.00000    -60.00000   -668.14356    -36.83350     54.81624
    145.00000    -60.00000   -665.20507    -35.71628     49.08812
    150.00000    -60.00000   -665.05840    -33.65625     42.11240
    155.00000    -60.00000   -667.43691    -30.46173     34.81472
    160.00000    -60.00000   -671.79832    -26.14318     28.06533
    165.00000    -60.00000   -677.41582    -20.89346     22.50758
    170.00000    -60.00000   -683.51888    -15.02058     18.45266
    175.00000    -60.00000   -689.44009     -8.85180     15.86928
    180.00000    -60.00000   -694.72298     -2.63948     14.47050
    185.00000    -60.00000   -699.16250      3.49816     13.86986
    190.00000    -60.00000   -702.77593      9.57914     13.75393
    195.00000    -60.00000   -705.72624     15.70149     14.01020
    200.00000    -60.00000   -708.23147     21.95103     14.76339
    205.00000    -60.00000   -710.49298     28.31104     16.30550
    210.00000    -60.00000   -712.66310     34.61276     18.94547
    215.00000    -60.00000   -714.85642     40.55004     22.83574
    220.00000    -60.00000   -717.19263     45.75580     27.84381
    225.00000    -60.00000   -719.84794     49.91280     33.52102
    230.00000    -60.00000   -723.08710     52.85621     39.18486
    235.00000    -60.00000   -727.25352     54.62782     44.08789
    240.00000    -60.00000   -732.70891     55.46003     47.61395
    245.00000    -60.00000   -739.73508     55.69500     49.43248
    250.00000    -60.00000   -748.42976     55.66949     49.55914
    255.00000    -60.00000   -758.63809     55.60928     48.30775
    260.00000    -60.00000   -769.95289     55.57218     46.16064
    265.00000    -60.00000   -781.79224     55.45865     43.61383
    270.00000    -60.00000   -793.53117     55.08131     41.05903
    275.00000    -60.00000   -804.64057     54.26075     38.74301
    280.00000    -60.00000   -814.78279     52.90619     36.80791
    285.00000    -60.00000   -823.83310     51.04781     35.37816
    290.00000    -60.00000   -831.82933     48.81108     34.63946
    295.00000    -60.00000   -838.88181     46.34919     34.86111
    300.00000    -60.00000   -845.08856     43.76808     36.34175
    305.00000    -60.00000   -850.48935     41.07960     39.29727
    310.00000    -60.00000   -855.06716     38.20344     43.73944
    315.00000    -60.00000   -858.77967     35.01471     49.40137
    320.00000    -60.00000   -861.59228     31.41337     55.74878
    325.00000    -60.00000   -863.49164     27.38342     62.08109
    330.00000    -60.00000   -864.47710     23.01665     67.69178
    335.00000    -60.00000   -864.54515     18.49313     72.03564
    340.00000    -60.00000   -863.68621     14.02887     74.85046
    345.00000    -60.00000   -861.90332      9.81288     76.19945
    350.00000    -60.00000   -859.24483      5.95571     76.42748
    355.00000    -60.00000   -855.83048      2.46398     76.04995
    360.00000    -60.00000   -851.85078     -0.75571     75.60836
      0.00000    -55.00000   -821.01238     -2.41563     81.08193
      5.00000    -55.00000   -815.26517     -5.31989     80.58877
     10.00000    -55.00000   -809.33338     -8.24598     81.38759
     15.00000    -55.00000   -803.48038    -11.40907     83.43532
     20.00000    -55.00000   -797.80505    -14.99103     86.26696
     25.00000    -55.00000   -792.25790    -19.09929     89.13064
     30.00000    -55.00000   -786.73039    -23.73697     91.20261
     35.00000    -55.00000   -781.17054    -28.80431     91.82012
     40.00000    -55.00000   -775.67093    -34.13945     90.65335
     45.00000    -55.00000   -770.49027    -39.58405     87.75226
     50.00000    -55.00000   -765.99596    -45.03833     83.45306
     55.00000    -55.00000   -762.53985    -50.46858     78.19253
     60.00000    -55.00000   -760.30014    -55.85293     72.32477
     65.00000    -55.00000   -759.13673    -61.08753     66.03646
     70.00000    -55.00000   -758.51336    -65.90514     59.40665
     75.00000    -55.00000   -757.53084    -69.86141     52.57942
     80.00000    -55.00000   -755.08607    -72.41611     45.95156
     85.00000    -55.00000   -750.12509    -73.08985     40.25932
     90.00000    -55.00000   -741.91415    -71.63723     36.49025
     95.00000    -55.00000   -730.23374    -68.16466     35.62793
    100.00000    -55.00000   -715.42459    -63.14383     38.31785
    105.00000    -55.00000   -698.27573    -57.31500     44.58340
    110.00000    -55.00000   -679.81410    -51.51723     53.70332
    115.00000    -55.00000   -661.09565    -46.50360     64.29897
    120.00000    -55.00000   -643.08426    -42.79343     74.60363
    125.00000    -55.00000   -626.64416    -40.58899     82.82995
    130.00000    -55.00000   -612.59771    -39.75921     87.53411
    135.00000    -55.00000   -601.75857    -39.87880     87.89227
    140.00000    -55.00000   -594.86667    -40.31075     83.83936
    145.00000    -55.00000   -592.41755    -40.32395     76.05435
    150.00000    -55.00000   -594.45547    -39.23513     65.80163
    155.00000    -55.00000   -600.44058    -36.55286     54.65878
    160.00000    -55.00000   -609.27959    -32.08731     44.18151
    165.00000    -55.00000   -619.53695    -25.98666     35.57796
    170.00000    -55.00000   -629.75921    -18.67779     29.47555
    175.00000    -55.00000   -638.79434    -10.72263     25.85198
    180.00000    -55.00000   -645.99423     -2.63844     24.15956
    185.00000    -55.00000   -651.24480      5.25020     23.60881
    190.00000    -55.00000   -654.84103     12.86881     23.51550
    195.00000    -55.00000   -657.27834     20.33788     23.58394
    200.00000    -55.00000   -659.04685     27.83154     24.01679
    205.00000    -55.00000   -660.49525     35.41450     25.40439
    210.00000    -55.00000   -661.79440     42.93148     28.43364
    215.00000    -55.00000   -662.99509     50.00095     33.52973
    220.00000    -55.00000   -664.14895     56.11970     40.57463
    225.00000    -55.00000   -665.44498     60.83690     48.81947
    230.00000    -55.00000   -667.30579     63.92598     57.03374
    235.00000    -55.00000   -670.39147     65.48191     63.84212
    240.00000    -55.00000   -675.48295     65.90040     68.12612
    245.00000    -55.00000   -683.26199     65.74310     69.34215
    250.00000    -55.00000   -694.05745     65.53911     67.64043
    255.00000    -55.00000   -707.66145     65.60016     63.74851
    260.00000    -55.00000   -723.30780     65.92259     58.67619
    265.00000    -55.00000   -739.84481     66.21491     53.36824
    270.00000    -55.00000   -756.04750     66.03757     48.44707
    275.00000    -55.00000   -770.94510     64.99509     44.14225
    280.00000    -55.00000   -784.02856     62.89855     40.41683
    285.00000    -55.00000   -795.25909     59.83146     37.21034
    290.00000    -55.00000   -804.89634     56.09618     34.66645
    295.00000    -55.00000   -813.25021     52.07257     33.22343
    300.00000    -55.00000   -820.48764     48.05851     33.51424
    305.00000    -55.00000   -826.58087     44.16590     36.11568
    310.00000    -55.00000   -831.39587     40.31425     41.26023
    315.00000    -55.00000   -834.84104     36.31478     48.64329
    320.00000    -55.00000   -836.97128     31.99526     57.41660
    325.00000    -55.00000   -837.98282     27.30259     66.37720
    330.00000    -55.00000   -838.10952     22.33812     74.28094
    335.00000    -55.00000   -837.49427     17.31934     80.16577
    340.00000    -55.00000   -836.12162     12.49683     83.57772
    345.00000    -55.00000   -833.85538      8.07016     84.64020
    350.00000    -55.00000   -830.55791      4.13600     83.96681
    355.00000    -55.00000   -826.21808      0.67773     82.46324
    360.00000    -55.00000   -821.01238     -2.41563     81.08193
      0.00000    -50.00000   -785.12779     -4.69895     85.02652
      5.00000    -50.00000   -777.70319     -7.55264     83.80196
     10.00000    -50.00000   -769.71432    -10.18428     84.74034
     15.00000    -50.00000   -761.64890    -12.77298     87.87917
     20.00000    -50.00000   -753.76094    -15.59503     92.58665
     25.00000    -50.00000   -746.09700    -18.95845     97.70881
     30.00000    -50.00000   -738.64062    -23.09245    101.88652
     35.00000    -50.00000   -731.47365    -28.05782    103.96218
     40.00000    -50.00000   -724.86915    -33.73791    103.32802
     45.00000    -50.00000   -719.28323    -39.91930    100.06339
     50.00000    -50.00000   -715.25762    -46.40962     94.79065
     55.00000    -50.00000   -713.26006    -53.10982     88.31590
     60.00000    -50.00000   -713.48788    -59.98263     81.23912
     65.00000    -50.00000   -715.66856    -66.92652     73.74555
     70.00000    -50.00000   -718.91885    -73.63150     65.70000
     75.00000    -50.00000   -721.74833    -79.51740     57.00077
     80.00000    -50.00000   -722.27601    -83.81714     47.99903
     85.00000    -50.00000   -718.65046    -85.78934     39.73840
     90.00000    -50.00000   -709.55439    -84.97182     33.84928
     95.00000    -50.00000   -694.59913    -81.36350     32.10195
    100.00000    -50.00000   -674.43334    -75.45846     35.79104
    105.00000    -50.00000   -650.51428    -68.12866     45.20474
    110.00000    -50.00000   -624.65655    -60.41654     59.39027
    115.00000    -50.00000   -598.58585    -53.32130     76.29413
    120.00000    -50.00000   -573.70905    -47.63703     93.20673
    125.00000    -50.00000   -551.16888    -43.85462    107.34774
    130.00000    -50.00000   -532.06712    -42.10637    116.42038
    135.00000    -50.00000   -517.62871    -42.13437    119.01813
    140.00000    -50.00000   -509.11526    -43.29225    114.83750
    145.00000    -50.00000   -507.46249    -44.61536    104.69466
    150.00000    -50.00000   -512.80931    -44.98906     90.35527
    155.00000    -50.00000   -524.18755    -43.40199     74.18929
    160.00000    -50.00000   -539.58288    -39.21522     58.68578
    165.00000    -50.00000   -556.39385    -32.34487     45.91318
    170.00000    -50.00000   -572.11238    -23.27376     37.06429
    175.00000    -50.00000   -584.94342    -12.87381     32.23953
    180.00000    -50.00000   -594.12510     -2.10448     30.56753
    185.00000    -50.00000   -599.86750      8.29028     30.64568
    190.00000    -50.00000   -603.00254     17.96366     31.15224
    195.00000    -50.00000   -604.53644     26.96034     31.39746
    200.00000    -50.00000   -605.28751     35.54309     31.59141
    205.00000    -50.00000   -605.70744     43.94382     32.71336
    210.00000    -50.00000   -605.89123     52.15826     36.02875
    215.00000    -50.00000   -605.72640     59.87664     42.44714
    220.00000    -50.00000   -605.12007     66.57750     51.98414
    225.00000    -50.00000   -604.24321     71.73954     63.55361
    230.00000    -50.00000   -603.71945     75.07643     75.18740
    235.00000    -50.00000   -604.66836     76.69046     84.61098
    240.00000    -50.00000   -608.52688     77.07354     89.96106
    245.00000    -50.00000   -616.64560     76.94583     90.37206
    250.00000    -50.00000   -629.77537     76.98973     86.20706
    255.00000    -50.00000   -647.65959     77.58376     78.84924
    260.00000    -50.00000   -668.95177     78.64776     70.14633
    265.00000    -50.00000   -691.55493     79.66996     61.74274
    270.00000    -50.00000   -713.27553     79.91185     54.57793
    275.00000    -50.00000   -732.51020     78.70837     48.75278
    280.00000    -50.00000   -748.64741     75.73551     43.79768
    285.00000    -50.00000   -762.00390     71.12946     39.19122
    290.00000    -50.00000   -773.35876     65.40933     34.86279
    295.00000    -50.00000   -783.35935     59.24746     31.42410
    300.00000    -50.00000   -792.12828     53.20199     30.00892
    305.00000    -50.00000   -799.26763     47.53774     31.79332
    310.00000    -50.00000   -804.21495     42.20927     37.42380
    315.00000    -50.00000   -806.70264     36.99173     46.62264
    320.00000    -50.00000   -807.02629     31.67179     58.15095
    325.00000    -50.00000   -805.96054     26.19051     70.14104
    330.00000    -50.00000   -804.38314     20.67107     80.64818
    335.00000    -50.00000   -802.84093     15.33851     88.19616
    340.00000    -50.00000   -801.31321     10.39836     92.12530
    345.00000    -50.00000   -799.29613      5.95303     92.66225
    350.00000    -50.00000   -796.13667      1.99622     90.74854
    355.00000    -50.00000   -791.40932     -1.53386     87.73216
    360.00000    -50.00000   -785.12779     -4.69895     85.02652
      0.00000    -45.00000   -745.48924     -7.82958     87.35153
      5.00000    -45.00000   -736.27159    -10.88156     85.16250
     10.00000    -45.00000   -725.67598    -13.21312     85.95910
     15.00000    -45.00000   -714.46024    -14.86302     90.02407
     20.00000    -45.00000   -703.08153    -16.25811     96.71382
     25.00000    -45.00000   -691.80923    -18.11011    104.50798
     30.00000    -45.00000   -680.96906    -21.13802    111.38365
     35.00000    -45.00000   -671.09977    -25.77118    115.45212
     40.00000    -45.00000   -662.92103    -32.00165    115.61155
     45.00000    -45.00000   -657.17040    -39.46018    111.89714
     50.00000    -45.00000   -654.43665    -47.65068    105.32583
     55.00000    -45.00000   -655.05718    -56.18319     97.29331
     60.00000    -45.00000   -659.03591    -64.85620     88.84014
     65.00000    -45.00000   -665.89490    -73.54650     80.19892
     70.00000    -45.00000   -674.45465    -81.99596     70.89367
     75.00000    -45.00000   -682.68450    -89.65392     60.35299
     80.00000    -45.00000   -687.83988    -95.69873     48.69736
     85.00000    -45.00000   -687.00670    -99.24853     37.24276
     90.00000    -45.00000   -677.93338    -99.65569     28.39991
     95.00000    -45.00000   -659.79974    -96.73553     24.96286
    100.00000    -45.00000   -633.52660    -90.82893     29.09422
    105.00000    -45.00000   -601.43851    -82.70081     41.45728
    110.00000    -45.00000   -566.44668    -73.35956     60.85302
    115.00000    -45.00000   -531.19775    -63.89370     84.46481
    120.00000    -45.00000   -497.64390    -55.36455    108.54945
    125.00000    -45.00000   -467.20792    -48.71893    129.27695
    130.00000    -45.00000   -441.31591    -44.65743    143.45544
    135.00000    -45.00000   -421.81380    -43.43737    149.01733
    140.00000    -45.00000   -410.84870    -44.67557    145.27459
    145.00000    -45.00000   -410.15214    -47.27734    132.99402
    150.00000    -45.00000   -420.08442    -49.60083    114.29878
    155.00000    -45.00000   -439.01217    -49.86420     92.34483
    160.00000    -45.00000   -463.45193    -46.67134     70.73036
    165.00000    -45.00000   -489.00115    -39.44873     52.70040
    170.00000    -45.00000   -511.64749    -28.60571     40.35261
    175.00000    -45.00000   -528.85572    -15.34771     34.13427
    180.00000    -45.00000   -539.98024     -1.22751     32.86690
    185.00000    -45.00000   -545.92782     12.37029     34.34287
    190.00000    -45.00000   -548.36127     24.60212     36.29086
    195.00000    -45.00000   -548.88572     35.26958     37.32964
    200.00000    -45.00000   -548.54956     44.65812     37.51345
    205.00000    -45.00000   -547.74379     53.22319     38.23589
    210.00000    -45.00000   -546.37903     61.28124     41.52697
    215.00000    -45.00000   -544.16931     68.83426     49.03431
    220.00000    -45.00000   -540.92825     75.58192     61.11204
    225.00000    -45.00000   -536.86515     81.09292     76.40060
    230.00000    -45.00000   -532.85754     85.04737     92.08566
    235.00000    -45.00000   -530.58313     87.44002    104.75559
    240.00000    -45.00000   -532.32994     88.65092    111.53765
    245.00000    -45.00000   -540.38574     89.34015    111.07484
    250.00000    -45.00000   -556.14249     90.19357    103.95771
    255.00000    -45.00000   -579.30399     91.61591     92.43459
    260.00000    -45.00000   -607.65889     93.50586     79.51596
    265.00000    -45.00000   -637.66840     95.22952     67.84461
    270.00000    -45.00000   -665.69538     95.82998     58.81068
    275.00000    -45.00000   -689.31072     94.39996     52.28722
    280.00000    -45.00000   -708.01267     90.45640     47.08166
    285.00000    -45.00000   -722.98185     84.14224     41.86406
    290.00000    -45.00000   -736.02475     76.15876     36.10410
    295.00000    -45.00000   -748.31986     67.46552     30.54639
    300.00000    -45.00000   -759.68632     58.90333     26.98454
    305.00000    -45.00000   -768.77400     50.92980     27.44722
    310.00000    -45.00000   -774.01614     43.58515     33.20157
    315.00000    -45.00000   -774.73530     36.67073     44.06073
    320.00000    -45.00000   -771.72106     30.00483     58.31548
    325.00000    -45.00000   -766.94006     23.59040     73.29330
    330.00000    -45.00000   -762.57064     17.60386     86.25483
    335.00000    -45.00000   -759.94379     12.24038     95.22040
    340.00000    -45.00000   -758.99054      7.54622     99.41685
    345.00000    -45.00000   -758.45685      3.36960     99.26621
    350.00000    -45.00000   -756.68473     -0.52963     96.05314
    355.00000    -45.00000   -752.46351     -4.29110     91.49211
    360.00000    -45.00000   -745.48924     -7.82958     87.35153
      0.00000    -40.00000   -702.59803    -11.91286     88.16971
      5.00000    -40.00000   -691.71029    -15.38457     84.93919
     10.00000    -40.00000   -678.34472    -17.36278     85.18214
     15.00000    -40.00000   -663.37987    -17.63895     89.68389
     20.00000    -40.00000   -647.30792    -16.86178     98.11560
     25.00000    -40.00000   -630.66742    -16.38679    108.78507
     30.00000    -40.00000   -614.50713    -17.73601    118.94655
     35.00000    -40.00000   -600.42116    -21.95565    125.70126
     40.00000    -40.00000   -590.08916    -29.21556    127.12144
     45.00000    -40.00000   -584.66613    -38.84536    123.00773
     50.00000    -40.00000   -584.46830    -49.74416    114.82379
     55.00000    -40.00000   -589.12801    -60.89752    104.79917
     60.00000    -40.00000   -597.97959    -71.70495     94.68799
     65.00000    -40.00000   -610.23622    -81.97069     84.90360
     70.00000    -40.00000   -624.70663    -91.63131     74.55393
     75.00000    -40.00000   -639.24444   -100.44138     62.37955
     80.00000    -40.00000   -650.46826   -107.83054     48.05613
     85.00000    -40.00000   -654.23212   -113.00513     33.09048
     90.00000    -40.00000   -646.85341   -115.20476     20.75460
     95.00000    -40.00000   -626.53412   -113.94816     15.03327
    100.00000    -40.00000   -594.16385   -109.15199     19.09174
    105.00000    -40.00000   -552.99005   -101.12392     33.99749
    110.00000    -40.00000   -507.32035    -90.51834     58.24908
    115.00000    -40.00000   -461.03308    -78.33080     88.21650
    120.00000    -40.00000   -416.78390    -65.91242    119.16546
    125.00000    -40.00000   -376.30719    -54.89266    146.36149
    130.00000    -40.00000   -341.43660    -46.89913    165.88098
    135.00000    -40.00000   -314.93952    -43.07746    175.04938
    140.00000    -40.00000   -300.35349    -43.57781    172.65605
    145.00000    -40.00000   -300.68960    -47.27110    159.11329
    150.00000    -40.00000   -316.68542    -51.90597    136.56154
    155.00000    -40.00000   -345.69616    -54.72478    108.73620
    160.00000    -40.00000   -382.02127    -53.32683     80.38366
    165.00000    -40.00000   -418.64798    -46.43044     56.20220
    170.00000    -40.00000   -449.57209    -34.22297     39.58450
    175.00000    -40.00000   -471.54542    -18.17941     31.65382
    180.00000    -40.00000   -484.47341     -0.46776     31.05468
    185.00000    -40.00000   -490.47589     16.78098     34.66456
    190.00000    -40.00000   -492.31728     32.04832     38.97746
    195.00000    -40.00000   -492.10116     44.67791     41.58861
    200.00000    -40.00000   -490.76698     54.79330     42.14908
    205.00000    -40.00000   -488.33956     63.00136     42.38732
    210.00000    -40.00000   -484.48535     70.03841     45.19882
    215.00000    -40.00000   -478.94734     76.48292     53.19735
    220.00000    -40.00000   -471.74815     82.60059     67.33649
    225.00000    -40.00000   -463.34251     88.33687     86.17433
    230.00000    -40.00000   -454.89943     93.43805    106.09610
    235.00000    -40.00000   -448.61354     97.65035    122.43553
    240.00000    -40.00000   -447.66264    100.91355    131.08287
    245.00000    -40.00000   -455.45890    103.44970    129.96223
    250.00000    -40.00000   -474.26275    105.67657    119.78468
    255.00000    -40.00000   -503.78305    107.95820    103.74819
    260.00000    -40.00000   -540.64494    110.30748     86.27687
    265.00000    -40.00000   -579.28668    112.21400     71.31054
    270.00000    -40.00000   -614.05726    112.73193     60.87920
    275.00000    -40.00000   -641.50150    110.83005     54.59682
    280.00000    -40.00000   -661.57760    105.84972     50.29749
    285.00000    -40.00000   -677.08049     97.83344     45.49166
    290.00000    -40.00000   -691.57203     87.54086     38.90916
    295.00000    -40.00000   -707.01989     76.13851     31.34515
    300.00000    -40.00000   -722.54060     64.73543     25.37866
    305.00000    -40.00000   -734.98095     54.02137     24.11715
    310.00000    -40.00000   -740.95309     44.19107     29.62299
    315.00000    -40.00000   -739.06046     35.15168     41.82561
    320.00000    -40.00000   -730.95952     26.83259     58.44048
    325.00000    -40.00000   -720.64190     19.36503     75.87170
    330.00000    -40.00000   -712.40967     13.00842     90.58270
    335.00000    -40.00000   -708.76670      7.89448    100.24966
    340.00000    -40.00000   -709.41531      3.80434    104.22978
    345.00000    -40.00000   -711.80075      0.18240    103.31414
    350.00000    -40.00000   -712.70311     -3.57369     99.10595
    355.00000    -40.00000   -709.83920     -7.71550     93.45423
    360.00000    -40.00000   -702.59803    -11.91286     88.16971
      0.00000    -35.00000   -655.74854    -16.77132     87.65159
      5.00000    -35.00000   -643.61508    -20.75728     83.47065
     10.00000    -35.00000   -628.10826    -22.28225     82.63437
     15.00000    -35.00000   -609.71014    -20.80843     86.75013
     20.00000    -35.00000   -588.35590    -17.25046     96.28709
     25.00000    -35.00000   -564.67094    -13.78863    109.74732
     30.00000    -35.00000   -540.90419    -13.00493    123.70857
     35.00000    -35.00000   -520.64905    -16.78430    133.98136
     40.00000    -35.00000   -507.41925    -25.55167    137.38697
     45.00000    -35.00000   -503.05706    -38.21489    133.17324
     50.00000    -35.00000   -507.09901    -52.78341    123.20448
     55.00000    -35.00000   -517.50310    -67.27888    110.75858
     60.00000    -35.00000   -532.10664    -80.44741     98.61565
     65.00000    -35.00000   -549.63133    -91.96050     87.58319
     70.00000    -35.00000   -569.41668   -102.11438     76.36160
     75.00000    -35.00000   -590.08644   -111.29790     62.84486
     80.00000    -35.00000   -608.26819   -119.55587     46.07185
     85.00000    -35.00000   -618.58362   -126.43584     27.63870
     90.00000    -35.00000   -615.28607   -131.10258     11.69655
     95.00000    -35.00000   -594.72329   -132.58033      3.48586
    100.00000    -35.00000   -557.11643   -129.99919      7.18412
    105.00000    -35.00000   -506.50208   -122.81853     24.17724
    110.00000    -35.00000   -448.87120   -111.06432     52.54472
    115.00000    -35.00000   -389.73584    -95.57726     87.82415
    120.00000    -35.00000   -332.70784    -78.15718    124.46458
    125.00000    -35.00000   -279.90995    -61.41768    157.17423
    130.00000    -35.00000   -233.68128    -48.23218    181.67089
    135.00000    -35.00000   -198.04618    -40.85885    194.87588
    140.00000    -35.00000   -178.51483    -40.06177    194.95824
    145.00000    -35.00000   -179.94398    -44.64110    181.59636
    150.00000    -35.00000   -203.62339    -51.65599    156.45045
    155.00000    -35.00000   -245.46801    -57.31613    123.44229
    160.00000    -35.00000   -296.66423    -58.19862     88.34252
    165.00000    -35.00000   -346.66345    -52.29451     57.47629
    170.00000    -35.00000   -386.98838    -39.48797     35.89448
    175.00000    -35.00000   -413.84765    -21.35445     25.77253
    180.00000    -35.00000   -428.32460     -0.46564     25.81248
    185.00000    -35.00000   -434.37543     20.45027     31.99920
    190.00000    -35.00000   -436.06752     39.18202     39.42433
    195.00000    -35.00000   -435.67937     54.39738     44.38627
    200.00000    -35.00000   -433.45711     65.71766     45.85513
    205.00000    -35.00000   -428.64555     73.60147     45.69926
    210.00000    -35.00000   -420.71875     79.11190     47.62500
    215.00000    -35.00000   -409.93108     83.59157     55.31776
    220.00000    -35.00000   -397.10953     88.27058     70.56947
    225.00000    -35.00000   -383.30505     93.89262     92.15169
    230.00000    -35.00000   -369.94135    100.50325    115.89181
    235.00000    -35.00000   -359.45824    107.52107    135.95718
    240.00000    -35.00000   -355.71844    114.08535    146.89641
    245.00000    -35.00000   -363.31686    119.50828    145.67246
    250.00000    -35.00000   -385.62923    123.57485    132.86876
    255.00000    -35.00000   -422.51525    126.50606    112.51765
    260.00000    -35.00000   -469.21602    128.60731     90.53916
    265.00000    -35.00000   -517.56089    129.83478     72.39592
    270.00000    -35.00000   -559.25264    129.58372     60.98173
    275.00000    -35.00000   -589.57265    126.87260     55.72466
    280.00000    -35.00000   -609.34341    120.84125     53.34967
    285.00000    -35.00000   -623.86138    111.26728     49.93349
    290.00000    -35.00000   -639.30919     98.77965     43.20864
    295.00000    -35.00000   -658.74704     84.63567     33.91751
    300.00000    -35.00000   -680.11271     70.20414     25.50521
    305.00000    -35.00000   -697.46117     56.47751     22.32827
    310.00000    -35.00000   -704.67724     43.89655     27.35616
    315.00000    -35.00000   -699.36756     32.54025     40.59650
    320.00000    -35.00000   -684.55481     22.47610     59.03853
    325.00000    -35.00000   -667.19557     13.96350     78.04553
    330.00000    -35.00000   -654.50704      7.33252     93.35139
    335.00000    -35.00000   -650.35696      2.62856    102.57968
    340.00000    -35.00000   -653.77778     -0.67439    105.61074
    345.00000    -35.00000   -660.21689     -3.59790    103.87637
    350.00000    -35.00000   -664.43485     -7.16759     99.26548
    355.00000    -35.00000   -663.11844    -11.76778     93.40657
    360.00000    -35.00000   -655.74854    -16.77132     87.65159
      0.00000    -30.00000   -603.28983    -21.91576     85.86881
      5.00000    -30.00000   -590.63273    -26.36509     80.95780
     10.00000    -30.00000   -574.64898    -27.38188     78.48178
     15.00000    -30.00000   -554.43199    -24.05512     81.17797
     20.00000    -30.00000   -528.21437    -17.52358     90.86277
     25.00000    -30.00000   -496.18534    -10.80204    106.71433
     30.00000    -30.00000   -462.30186     -7.61567    124.79419
     35.00000    -30.00000   -433.44149    -10.81552    139.40445
     40.00000    -30.00000   -416.24128    -21.18163    145.67790
     45.00000    -30.00000   -413.72763    -37.19842    141.91422
     50.00000    -30.00000   -424.05967    -55.85382    130.22847
     55.00000    -30.00000   -442.21806    -73.98929    115.07762
     60.00000    -30.00000   -463.36181    -89.50388    100.55143
     65.00000    -30.00000   -485.39238   -101.88076     88.10080
     70.00000    -30.00000   -508.87852   -111.91698     76.11042
     75.00000    -30.00000   -534.46943   -120.93230     61.56389
     80.00000    -30.00000   -559.82384   -129.90599     42.73736
     85.00000    -30.00000   -578.51991   -138.90510     21.22229
     90.00000    -30.00000   -582.04607   -146.94692      2.00679
     95.00000    -30.00000   -563.77337   -152.24594     -8.46047
    100.00000    -30.00000   -522.35484   -152.72042     -5.10998
    105.00000    -30.00000   -462.34090   -146.64261     13.57227
    110.00000    -30.00000   -391.70853   -133.31916     45.08636
    115.00000    -30.00000   -318.11274   -113.63343     84.15084
    120.00000    -30.00000   -246.46699    -90.21477    124.67128
    125.00000    -30.00000   -179.36868    -67.02775    161.28159
    130.00000    -30.00000   -119.69213    -48.36080    189.85042
    135.00000    -30.00000    -72.96835    -37.48694    207.20376
    140.00000    -30.00000    -47.21947    -35.50380    210.85097
    145.00000    -30.00000    -49.73068    -40.86802    199.36239
    150.00000    -30.00000    -82.56524    -49.86986    173.37423
    155.00000    -30.00000   -139.80277    -57.87048    136.50792
    160.00000    -30.00000   -208.62620    -60.77877     95.30281
    165.00000    -30.00000   -274.02532    -56.17207     57.73679
    170.00000    -30.00000   -324.59747    -43.69572     30.75519
    175.00000    -30.00000   -356.24421    -24.75847     17.90120
    180.00000    -30.00000   -371.92214     -1.83931     18.20877
    185.00000    -30.00000   -378.05972     22.22080     26.93215
    190.00000    -30.00000   -380.15248     44.73644     37.78723
    195.00000    -30.00000   -380.19384     63.52687     45.67072
    200.00000    -30.00000   -377.03846     77.22331     48.65798
    205.00000    -30.00000   -368.73336     85.57572     48.48394
    210.00000    -30.00000   -354.74733     89.62261     49.42022
    215.00000    -30.00000   -336.54494     91.49980     56.11497
    220.00000    -30.00000   -316.53252     93.78277     71.30734
    225.00000    -30.00000   -296.74199     98.53711     94.30413
    230.00000    -30.00000   -278.67270    106.49904    120.79640
    235.00000    -30.00000   -264.48683    116.82524    144.12575
    240.00000    -30.00000   -258.29380    127.57907    157.60293
    245.00000    -30.00000   -265.82420    136.70736    157.05597
    250.00000    -30.00000   -291.87243    142.96764    142.59235
    255.00000    -30.00000   -336.75942    146.29380    118.74609
    260.00000    -30.00000   -394.29555    147.43444     92.78185
    265.00000    -30.00000   -453.21643    147.14802     71.75985
    270.00000    -30.00000   -501.95042    145.50226     59.64421
    275.00000    -30.00000   -534.21534    141.73227     55.85193
    280.00000    -30.00000   -552.02188    134.72879     56.02116
    285.00000    -30.00000   -563.98975    123.81312     54.66326
    290.00000    -30.00000   -579.74499    109.28350     48.33465
    295.00000    -30.00000   -603.72449     92.39389     37.62775
    300.00000    -30.00000   -632.23149     74.81762     26.88929
    305.00000    -30.00000   -655.62754     57.97859     21.82928
    310.00000    -30.00000   -664.32522     42.67892     26.37144
    315.00000    -30.00000   -654.84567     29.19616     40.50934
    320.00000    -30.00000   -632.19157     17.66328     60.31547
    325.00000    -30.00000   -607.15727      8.34801     79.97662
    330.00000    -30.00000   -590.38213      1.55917     94.57836
    335.00000    -30.00000   -586.87593     -2.75872    102.03411
    340.00000    -30.00000   -594.21263     -5.37953    103.21763
    345.00000    -30.00000   -605.06480     -7.70503    100.54807
    350.00000    -30.00000   -611.99247    -11.12695     96.20303
    355.00000    -30.00000   -611.22978    -16.15996     91.20792
    360.00000    -30.00000   -603.28983    -21.91576     85.86881
      0.00000    -25.00000   -543.55921    -26.70568     82.69541
      5.00000    -25.00000   -531.32430    -31.49042     77.34953
     10.00000    -25.00000   -517.44514    -32.11900     72.79245
     15.00000    -25.00000   -498.22522    -27.29312     73.08630
     20.00000    -25.00000   -468.57545    -18.20669     81.85590
     25.00000    -25.00000   -427.40174     -8.48223     99.42952
     30.00000    -25.00000   -380.82536     -2.83410    121.59720
     35.00000    -25.00000   -340.49434     -5.08140    141.07091
     40.00000    -25.00000   -317.77527    -16.50253    150.97406
     45.00000    -25.00000   -317.63345    -35.34404    148.29936
     50.00000    -25.00000   -336.33205    -57.68504    135.20336
     55.00000    -25.00000   -364.46128    -79.17397    117.33506
     60.00000    -25.00000   -393.11065    -96.76997    100.26932
     65.00000    -25.00000   -418.85158   -109.70635     86.31018
     70.00000    -25.00000   -444.12236   -119.34484     73.66385
     75.00000    -25.00000   -472.93120   -128.12501     58.43663
     80.00000    -25.00000   -505.14333   -138.16250     38.10229
     85.00000    -25.00000   -533.62067   -150.09732     14.17606
     90.00000    -25.00000   -546.44823   -162.60118     -7.61484
     95.00000    -25.00000   -532.88364   -172.67018    -19.76490
    100.00000    -25.00000   -489.07089   -176.57955    -16.53096
    105.00000    -25.00000   -419.78933   -171.20264      3.49098
    110.00000    -25.00000   -335.34990   -155.28883     37.07470
    115.00000    -25.00000   -246.12869   -130.26062     78.18358
    120.00000    -25.00000   -158.71272   -100.17334    120.50165
    125.00000    -25.00000    -76.18725    -70.72356    159.09341
    130.00000    -25.00000     -1.81258    -47.55756    190.48883
    135.00000    -25.00000     57.35140    -34.47091    211.73860
    140.00000    -25.00000     90.41208    -32.21059    219.70590
    145.00000    -25.00000     87.12249    -38.37603    211.57680
    150.00000    -25.00000     44.31475    -48.43314    186.52702
    155.00000    -25.00000    -30.08387    -57.34945    147.44653
    160.00000    -25.00000   -118.60300    -61.11121    101.34001
    165.00000    -25.00000   -201.00196    -57.53691     57.70448
    170.00000    -25.00000   -262.51772    -46.25439     25.39557
    175.00000    -25.00000   -298.87155    -28.16998      9.44989
    180.00000    -25.00000   -315.42271     -4.93806      9.43839
    185.00000    -25.00000   -321.57502     21.25526     20.14003
    190.00000    -25.00000   -324.34269     47.68128     34.14462
    195.00000    -25.00000   -325.05028     71.20842     45.09901
    200.00000    -25.00000   -320.61004     88.91380     50.14277
    205.00000    -25.00000   -307.60430     99.10319     50.61177
    210.00000    -25.00000   -285.77487    102.23642     50.93534
    215.00000    -25.00000   -258.49401    101.10711     56.36015
    220.00000    -25.00000   -230.43156     99.93512     70.45448
    225.00000    -25.00000   -204.83644    102.64792     93.29254
    230.00000    -25.00000   -182.93945    111.16817    120.94096
    235.00000    -25.00000   -165.96021    124.61527    146.48301
    240.00000    -25.00000   -157.72826    139.86785    162.35025
    245.00000    -25.00000   -165.05052    153.17696    163.22505
    250.00000    -25.00000   -194.51819    161.92763    148.38848
    255.00000    -25.00000   -247.38005    165.58911    122.38312
    260.00000    -25.00000   -316.17452    165.40902     93.42827
    265.00000    -25.00000   -386.25335    163.16740     70.05125
    270.00000    -25.00000   -442.25140    159.83757     57.40794
    275.00000    -25.00000   -475.98662    154.98224     55.13783
    280.00000    -25.00000   -490.78910    147.18510     57.97235
    285.00000    -25.00000   -499.13263    135.14484     58.89900
    290.00000    -25.00000   -514.63657    118.67598     53.23256
    295.00000    -25.00000   -543.27492     98.99439     41.33994
    300.00000    -25.00000   -579.36809     78.18465     28.45597
    305.00000    -25.00000   -609.00543     58.27980     21.67948
    310.00000    -25.00000   -618.79781     40.57232     25.89229
    315.00000    -25.00000   -604.41528     25.52426     40.97720
    320.00000    -25.00000   -573.52191     13.16737     61.91203
    325.00000    -25.00000   -541.37500      3.54211     81.56540
    330.00000    -25.00000   -522.06531     -3.23895     94.41161
    335.00000    -25.00000   -521.01550     -7.34794     98.92705
    340.00000    -25.00000   -533.24349     -9.65470     97.39480
    345.00000    -25.00000   -547.90764    -11.70986     93.56803
    350.00000    -25.00000   -555.56322    -15.09425     89.98094
    355.00000    -25.00000   -553.12286    -20.43013     86.77295
    360.00000    -25.00000   -543.55921    -26.70568     82.69541
      0.00000    -20.00000   -476.04593    -30.62909     77.81648
      5.00000    -20.00000   -465.26402    -35.64500     72.36763
     10.00000    -20.00000   -456.42278    -36.24266     65.60014
     15.00000    -20.00000   -441.52317    -30.73061     62.89048
     20.00000    -20.00000   -410.42163    -20.07375     69.87498
     25.00000    -20.00000   -359.76847     -8.07396     88.34305
     30.00000    -20.00000   -298.17060     -0.08311    114.08189
     35.00000    -20.00000   -243.43191     -0.79294    138.32658
     40.00000    -20.00000   -213.25736    -12.17642    152.12609
     45.00000    -20.00000   -215.45369    -32.60827    150.98746
     50.00000    -20.00000   -244.12503    -57.59832    136.92114
     55.00000    -20.00000   -284.30392    -81.76793    116.65792
     60.00000    -20.00000   -321.71763   -101.11378     97.25702
     65.00000    -20.00000   -350.97553   -114.51477     81.96261
     70.00000    -20.00000   -376.72767   -123.84476     68.92552
     75.00000    -20.00000   -407.34620   -132.71484     53.47910
     80.00000    -20.00000   -445.88351   -144.45863     32.33659
     85.00000    -20.00000   -484.84278   -160.25457      6.88740
     90.00000    -20.00000   -508.49486   -178.18141    -16.55375
     95.00000    -20.00000   -501.15484   -193.61009    -29.66018
    100.00000    -20.00000   -455.77496   -200.81378    -26.27940
    105.00000    -20.00000   -377.21679   -195.20475     -5.32284
    110.00000    -20.00000   -278.49742   -175.33719     29.20096
    115.00000    -20.00000   -173.24636   -143.85268     70.64380
    120.00000    -20.00000    -70.00537   -106.91162    112.78896
    125.00000    -20.00000     27.79159    -72.24889    151.53558
    130.00000    -20.00000    116.88914    -46.58708    184.43692
    135.00000    -20.00000    188.98818    -33.45741    208.98846
    140.00000    -20.00000    230.25062    -32.32394    221.45139
    145.00000    -20.00000    227.04607    -39.31095    217.52738
    150.00000    -20.00000    174.61029    -49.07450    194.74722
    155.00000    -20.00000     82.64349    -56.84025    155.04583
    160.00000    -20.00000    -26.55968    -59.64580    105.64386
    165.00000    -20.00000   -127.07650    -56.37559     57.28582
    170.00000    -20.00000   -200.34088    -46.92871     20.47658
    175.00000    -20.00000   -241.70094    -31.35012      1.57679
    180.00000    -20.00000   -259.01055     -9.66790      0.71571
    185.00000    -20.00000   -264.86183     17.42926     12.45803
    190.00000    -20.00000   -267.91356     47.66319     28.70511
    195.00000    -20.00000   -268.78120     76.90351     42.28948
    200.00000    -20.00000   -262.33453    100.15829     49.62867
    205.00000    -20.00000   -243.72041    113.58431     51.51207
    210.00000    -20.00000   -213.20953    116.49425     52.05501
    215.00000    -20.00000   -176.46282    112.12821     56.52598
    220.00000    -20.00000   -140.67176    106.52815     68.94046
    225.00000    -20.00000   -110.22123    105.91066     90.17381
    230.00000    -20.00000    -85.64096    113.84187    117.13329
    235.00000    -20.00000    -66.64888    129.70247    143.33235
    240.00000    -20.00000    -56.43206    149.24552    160.91048
    245.00000    -20.00000    -62.91379    166.88628    163.61959
    250.00000    -20.00000    -94.87596    178.41543    149.68051
    255.00000    -20.00000   -154.97755    182.65869    123.10697
    260.00000    -20.00000   -234.76148    181.29784     92.50724
    265.00000    -20.00000   -316.14068    177.17712     67.53262
    270.00000    -20.00000   -379.68029    172.25988     54.51181
    275.00000    -20.00000   -415.03827    166.48485     53.53719
    280.00000    -20.00000   -426.79161    158.10087     58.73522
    285.00000    -20.00000   -431.36211    145.10085     61.77882
    290.00000    -20.00000   -446.44949    126.74554     56.79359
    295.00000    -20.00000   -479.49229    104.22499     43.85963
    300.00000    -20.00000   -522.62610     80.15023     29.01392
    305.00000    -20.00000   -557.55796     57.32953     20.69428
    310.00000    -20.00000   -567.31855     37.66100     24.72267
    315.00000    -20.00000   -547.30624     21.76397     40.84041
    320.00000    -20.00000   -508.49408      9.38055     62.85899
    325.00000    -20.00000   -470.85128      0.05353     82.24422
    330.00000    -20.00000   -451.44317     -6.51125     92.83440
    335.00000    -20.00000   -454.99992    -10.62899     93.76602
    340.00000    -20.00000   -472.80107    -13.08091     88.94205
    345.00000    -20.00000   -489.94930    -15.26898     83.68118
    350.00000    -20.00000   -495.52742    -18.72633     80.99571
    355.00000    -20.00000   -488.55588    -24.15501     80.06191
    360.00000    -20.00000   -476.04593    -30.62909     77.81648
      0.00000    -15.00000   -402.13469    -33.54003     70.84813
      5.00000    -15.00000   -393.72711    -38.76462     65.64848
     10.00000    -15.00000   -392.30444    -39.83619     57.00040
     15.00000    -15.00000   -384.42575    -34.65547     51.33365
     20.00000    -15.00000   -353.62863    -23.63799     56.12302
     25.00000    -15.00000   -293.55980    -10.27635     74.64048
     30.00000    -15.00000   -215.42842     -0.14947    102.89518
     35.00000    -15.00000   -144.05576      1.29709    130.97647
     40.00000    -15.00000   -104.59405     -8.83357    148.14474
     45.00000    -15.00000   -108.46545    -29.49140    148.53696
     50.00000    -15.00000   -147.70825    -56.04875    133.93020
     55.00000    -15.00000   -201.26425    -82.32255    111.91975
     60.00000    -15.00000   -248.71896   -103.31367     90.83508
     65.00000    -15.00000   -282.14729   -117.36264     74.76506
     70.00000    -15.00000   -308.30682   -126.68493     61.86187
     75.00000    -15.00000   -340.24504   -136.00442     46.82960
     80.00000    -15.00000   -384.64289   -149.89401     25.72904
     85.00000    -15.00000   -433.91079   -170.05047     -0.21003
     90.00000    -15.00000   -468.46904   -193.80099    -24.28736
     95.00000    -15.00000   -467.46268   -214.62449    -37.65338
    100.00000    -15.00000   -420.47650   -224.58369    -34.00910
    105.00000    -15.00000   -332.51676   -217.68143    -12.68860
    110.00000    -15.00000   -219.59706   -192.67398     21.61035
    115.00000    -15.00000    -98.91393   -154.03901     61.87091
    120.00000    -15.00000     18.95931   -110.57709    102.25729
    125.00000    -15.00000    130.53370    -72.19565    139.71925
    130.00000    -15.00000    233.12665    -46.28370    172.94398
    135.00000    -15.00000    317.75773    -35.29259    199.91613
    140.00000    -15.00000    367.88135    -36.55091    216.35128
    145.00000    -15.00000    366.24808    -44.22881    216.58448
    150.00000    -15.00000    305.88364    -52.30078    196.65068
    155.00000    -15.00000    197.56473    -56.91845    157.60324
    160.00000    -15.00000     67.96704    -57.04947    106.75448
    165.00000    -15.00000    -51.29299    -53.32086     55.72505
    170.00000    -15.00000   -137.40784    -46.09255     16.13342
    175.00000    -15.00000   -184.71774    -34.22264     -4.83400
    180.00000    -15.00000   -203.04614    -15.48682     -6.71906
    185.00000    -15.00000   -207.98985     11.52886      5.00533
    190.00000    -15.00000   -210.06948     45.32117     22.08775
    195.00000    -15.00000   -209.68961     80.71714     37.21095
    200.00000    -15.00000   -200.23071    110.33391     46.55150
    205.00000    -15.00000   -175.78827    127.76626     50.41164
    210.00000    -15.00000   -137.24433    130.85357     52.19378
    215.00000    -15.00000    -92.32697    123.14002     56.52578
    220.00000    -15.00000    -50.33283    112.53506     67.27878
    225.00000    -15.00000    -16.33418    107.72037     85.91472
    230.00000    -15.00000     10.17266    114.13630    110.46409
    235.00000    -15.00000     31.10545    131.64284    135.52216
    240.00000    -15.00000     43.85603    155.02196    153.64635
    245.00000    -15.00000     39.18761    176.91151    158.09269
    250.00000    -15.00000      5.88149    191.46191    145.99193
    255.00000    -15.00000    -60.36340    196.72816    120.37792
    260.00000    -15.00000   -150.28694    194.67010     89.61589
    265.00000    -15.00000   -242.51415    189.07245     63.97101
    270.00000    -15.00000   -313.63730    182.83754     50.76639
    275.00000    -15.00000   -351.15300    176.30049     50.72259
    280.00000    -15.00000   -360.72650    167.42941     57.73660
    285.00000    -15.00000   -362.39111    153.55541     62.51669
    290.00000    -15.00000   -377.48679    133.40084     58.15401
    295.00000    -15.00000   -414.55219    108.13501     44.36915
    300.00000    -15.00000   -463.46676     80.92296     27.80103
    305.00000    -15.00000   -501.90914     55.40871     18.05063
    310.00000    -15.00000   -510.04156     34.15654     21.83483
    315.00000    -15.00000   -483.77222     17.94341     38.84184
    320.00000    -15.00000   -437.83708      6.12217     61.85178
    325.00000    -15.00000   -396.74323     -2.43726     81.00165
    330.00000    -15.00000   -379.71723     -8.59562     89.45368
    335.00000    -15.00000   -389.67814    -12.84929     86.88503
    340.00000    -15.00000   -413.28689    -15.76098     78.71491
    345.00000    -15.00000   -431.42513    -18.34675     71.82626
    350.00000    -15.00000   -432.39170    -21.89356     69.82658
    355.00000    -15.00000   -418.55308    -27.16791     71.09398
    360.00000    -15.00000   -402.13469    -33.54003     70.84813
      0.00000    -10.00000   -324.95753    -35.70266     61.51941
      5.00000    -10.00000   -319.50722    -41.16718     56.92585
     10.00000    -10.00000   -326.38254    -43.13071     47.19493
     15.00000    -10.00000   -326.44770    -39.06766     39.32833
     20.00000    -10.00000   -296.73376    -28.61075     42.08142
     25.00000    -10.00000   -227.73754    -14.58773     59.90147
     30.00000    -10.00000   -133.13750     -2.50978     89.15574
     35.00000    -10.00000    -44.69116      1.49174    119.31107
     40.00000    -10.00000      4.93692     -6.60757    138.47972
     45.00000    -10.00000      0.43537    -26.70032    139.86479
     50.00000    -10.00000    -48.59157    -54.35554    125.05483
     55.00000    -10.00000   -115.37851    -82.71887    102.20707
     60.00000    -10.00000   -173.49156   -105.68520     80.49805
     65.00000    -10.00000   -212.22324   -120.80011     64.57380
     70.00000    -10.00000   -239.91226   -130.37869     52.56236
     75.00000    -10.00000   -273.73215   -140.14810     38.70776
     80.00000    -10.00000   -323.69485   -155.95198     18.58576
     85.00000    -10.00000   -382.20777   -180.09384     -6.74973
     90.00000    -10.00000   -426.24822   -209.20048    -30.45414
     95.00000    -10.00000   -430.30531   -234.84992    -43.49755
    100.00000    -10.00000   -381.00609   -246.89186    -39.67513
    105.00000    -10.00000   -283.70961   -238.01923    -18.73748
    110.00000    -10.00000   -157.45992   -207.42390     14.17299
    115.00000    -10.00000    -22.94725   -161.70237     52.00044
    120.00000    -10.00000    107.39273   -112.45919     89.51085
    125.00000    -10.00000    230.34136    -71.67368    124.71250
    130.00000    -10.00000    344.31569    -47.02085    157.27696
    135.00000    -10.00000    440.29597    -39.36047    185.54961
    140.00000    -10.00000    499.53338    -43.48346    204.77392
    145.00000    -10.00000    501.21581    -51.50974    208.24958
    150.00000    -10.00000    435.60694    -56.97957    190.98068
    155.00000    -10.00000    313.55281    -57.41872    153.48945
    160.00000    -10.00000    165.10034    -54.13883    103.17962
    165.00000    -10.00000     27.07570    -49.70058     52.11120
    170.00000    -10.00000    -73.13978    -44.85221     12.27104
    175.00000    -10.00000   -127.88447    -37.03927     -9.08940
    180.00000    -10.00000   -147.84493    -21.57791    -11.63804
    185.00000    -10.00000   -151.04539      5.12066     -0.83903
    190.00000    -10.00000   -150.17419     42.26981     15.42660
    195.00000    -10.00000   -146.45830     83.56473     30.45604
    200.00000    -10.00000   -132.96685    119.21743     40.85242
    205.00000    -10.00000   -103.40037    140.34918     46.71441
    210.00000    -10.00000    -59.03206    143.44808     50.52481
    215.00000    -10.00000     -8.71529    132.41016     55.69338
    220.00000    -10.00000     37.26235    116.92756     65.28684
    225.00000    -10.00000     73.83460    107.97269     80.93354
    230.00000    -10.00000    102.52885    112.71538    101.81231
    235.00000    -10.00000    126.35004    131.49116    124.06173
    240.00000    -10.00000    142.63514    158.26895    141.33492
    245.00000    -10.00000    140.52843    184.13852    146.96067
    250.00000    -10.00000    106.49927    201.76622    137.16830
    255.00000    -10.00000     34.91545    208.41812    113.73933
    260.00000    -10.00000    -64.03990    206.14983     84.21160
    265.00000    -10.00000   -165.98404    199.45506     58.86875
    270.00000    -10.00000   -244.08669    192.03688     45.71467
    275.00000    -10.00000   -284.11576    184.65821     46.19598
    280.00000    -10.00000   -292.77000    175.17165     54.39141
    285.00000    -10.00000   -293.07814    160.42804     60.50590
    290.00000    -10.00000   -309.14827    138.69333     56.83552
    295.00000    -10.00000   -349.99893    111.05929     42.63696
    300.00000    -10.00000   -403.27515     81.10460     24.79791
    305.00000    -10.00000   -443.30769     53.18621     13.72764
    310.00000    -10.00000   -448.35402     30.50126     16.92222
    315.00000    -10.00000   -415.53856     14.03786     34.22155
    320.00000    -10.00000   -363.42955      2.83610     57.76995
    325.00000    -10.00000   -320.50244     -4.87416     76.70353
    330.00000    -10.00000   -307.29075    -10.54629     83.54879
    335.00000    -10.00000   -324.24113    -14.89844     78.23988
    340.00000    -10.00000   -353.24505    -18.27053     67.27981
    345.00000    -10.00000   -371.32221    -21.22763     58.81307
    350.00000    -10.00000   -366.58734    -24.73678     57.07188
    355.00000    -10.00000   -345.25411    -29.63128     59.98883
    360.00000    -10.00000   -324.95753    -35.70266     61.51941
      0.00000     -5.00000   -248.36227    -37.60541     49.83540
      5.00000     -5.00000   -245.89964    -43.29795     46.16906
     10.00000     -5.00000   -259.83930    -46.21799     36.44715
     15.00000     -5.00000   -266.30774    -43.42200     27.64420
     20.00000     -5.00000   -237.08961    -33.72745     28.97172
     25.00000     -5.00000   -160.22351    -19.22739     45.49175
     30.00000     -5.00000    -51.46527     -5.30400     73.97595
     35.00000     -5.00000     51.75894      1.22117    103.91177
     40.00000     -5.00000    110.60908     -4.89413    123.15396
     45.00000     -5.00000    106.42132    -24.61966    124.64060
     50.00000     -5.00000     49.82978    -53.81331    109.91066
     55.00000     -5.00000    -28.05249    -84.92034     87.31077
     60.00000     -5.00000    -95.99670   -110.56001     66.28030
     65.00000     -5.00000   -140.82802   -127.22990     51.59316
     70.00000     -5.00000   -171.70659   -137.11350     41.27860
     75.00000     -5.00000   -208.62482   -146.83057     29.32948
     80.00000     -5.00000   -263.91806   -163.55121     11.07117
     85.00000     -5.00000   -329.88983   -190.38802    -12.60208
     90.00000     -5.00000   -380.88277   -223.55103    -34.96075
     95.00000     -5.00000   -387.90533   -253.00349    -47.16738
    100.00000     -5.00000   -335.48840   -266.60163    -43.34202
    105.00000     -5.00000   -229.52100   -255.82840    -23.57770
    110.00000     -5.00000    -91.68672   -220.25700      6.86981
    115.00000     -5.00000     54.37186   -168.38957     41.26997
    120.00000     -5.00000    194.70238   -114.30850     75.14441
    125.00000     -5.00000    326.48924    -71.73124    107.41332
    130.00000     -5.00000    449.43025    -48.41638    138.41745
    135.00000     -5.00000    554.93514    -43.66992    166.65093
    140.00000     -5.00000    622.73377    -50.02967    187.00948
    145.00000     -5.00000    628.93279    -57.97049    192.25222
    150.00000     -5.00000    560.84929    -60.91044    177.01404
    155.00000     -5.00000    428.42760    -57.77893    141.77902
    160.00000     -5.00000    263.74259    -51.93192     94.08364
    165.00000     -5.00000    107.86738    -47.38022     45.94189
    170.00000     -5.00000     -7.21809    -44.86650      8.86938
    175.00000     -5.00000    -70.81855    -40.36927    -10.67916
    180.00000     -5.00000    -93.08658    -27.10150    -13.04975
    185.00000     -5.00000    -93.63193      0.10042     -3.75249
    190.00000     -5.00000    -87.62051     40.64745     10.12291
    195.00000     -5.00000    -78.41871     86.96515     23.18490
    200.00000     -5.00000    -60.28703    127.20117     33.15255
    205.00000     -5.00000    -27.24388    150.65270     40.34919
    210.00000     -5.00000     19.61428    153.07015     46.36891
    215.00000     -5.00000     71.83640    138.95679     53.06051
    220.00000     -5.00000    119.70733    119.56844     62.14084
    225.00000     -5.00000    158.84480    107.62443     74.91003
    230.00000     -5.00000    191.26886    111.47288     91.48561
    235.00000     -5.00000    219.78977    131.65894    109.73285
    240.00000     -5.00000    240.55665    161.45810    124.89746
    245.00000     -5.00000    240.82968    190.78393    130.94731
    250.00000     -5.00000    205.43448    211.17857    123.55118
    255.00000     -5.00000    128.41675    219.24659    103.16454
    260.00000     -5.00000     21.43254    216.99096     76.04013
    265.00000     -5.00000    -88.46682    209.33429     51.88665
    270.00000     -5.00000   -172.02008    200.58917     38.99341
    275.00000     -5.00000   -214.19330    191.98852     39.56030
    280.00000     -5.00000   -222.90793    181.52016     48.27148
    285.00000     -5.00000   -223.49509    165.84354     55.37784
    290.00000     -5.00000   -241.73673    142.89750     52.70040
    295.00000     -5.00000   -286.39173    113.57229     38.90599
    300.00000     -5.00000   -342.97431     81.55081     20.62643
    305.00000     -5.00000   -383.29269     51.58876      8.51491
    310.00000     -5.00000   -384.61624     27.37387     10.59642
    315.00000     -5.00000   -345.62006     10.20087     27.11288
    320.00000     -5.00000   -288.23184     -0.94393     50.19230
    325.00000     -5.00000   -243.99797     -8.20367     68.58180
    330.00000     -5.00000   -234.14090    -13.48468     74.38994
    335.00000     -5.00000   -256.79726    -17.75545     67.48627
    340.00000     -5.00000   -289.95106    -21.27030     54.79415
    345.00000     -5.00000   -307.70428    -24.28717     45.13618
    350.00000     -5.00000   -298.30318    -27.53079     43.24257
    355.00000     -5.00000   -271.21593    -31.90682     47.01582
    360.00000     -5.00000   -248.36227    -37.60541     49.83540
      0.00000      0.00000   -175.49836    -39.65561     36.14805
      5.00000      0.00000   -175.38252    -45.41705     33.62646
     10.00000      0.00000   -193.06931    -48.85887     24.98674
     15.00000      0.00000   -202.07197    -46.69783     16.60167
     20.00000      0.00000   -171.56140    -37.15242     17.25788
     25.00000      0.00000    -88.60881    -21.82815     31.98598
     30.00000      0.00000     29.57051     -6.14275     57.95912
     35.00000      0.00000    142.26210      2.37048     85.34696
     40.00000      0.00000    207.15463     -2.64117    102.70167
     45.00000      0.00000    203.65365    -23.05296    103.42040
     50.00000      0.00000    142.80400    -54.84409     89.13232
     55.00000      0.00000     57.93767    -89.62743     67.94391
     60.00000      0.00000    -17.14129   -118.63648     48.89708
     65.00000      0.00000    -67.74812   -137.20078     36.42124
     70.00000      0.00000   -103.12666   -147.23460     28.39023
     75.00000      0.00000   -144.34634   -156.14026     18.82214
     80.00000      0.00000   -204.59151   -172.41988      3.10347
     85.00000      0.00000   -275.82550   -200.19819    -17.96692
     90.00000      0.00000   -330.81957   -235.67928    -38.02614
     95.00000      0.00000   -338.66684   -267.72757    -48.81964
    100.00000      0.00000   -282.83623   -282.62744    -45.04304
    105.00000      0.00000   -169.70144   -270.76388    -27.07180
    110.00000      0.00000    -22.70847   -231.77714      0.03710
    115.00000      0.00000    132.49481   -175.40499     30.20294
    120.00000      0.00000    280.80320   -117.44469     59.79835
    125.00000      0.00000    419.52194    -72.85062     88.45886
    130.00000      0.00000    549.21857    -49.50187    116.87409
    135.00000      0.00000    661.82047    -45.76547    143.53110
    140.00000      0.00000    736.31286    -52.86799    163.19593
    145.00000      0.00000    746.73973    -60.46179    168.65909
    150.00000      0.00000    677.96547    -62.11758    154.85896
    155.00000      0.00000    538.50754    -57.71280    122.67239
    160.00000      0.00000    361.12236    -51.64269     79.72121
    165.00000      0.00000    189.76522    -48.29042     37.44377
    170.00000      0.00000     60.48907    -47.78273      6.08966
    175.00000      0.00000    -12.37215    -44.81033     -9.43189
    180.00000      0.00000    -37.20770    -31.37788    -10.59673
    185.00000      0.00000    -34.31821     -1.91416     -3.01866
    190.00000      0.00000    -21.51030     42.33657      7.28436
    195.00000      0.00000     -5.45648     92.41538     16.70747
    200.00000      0.00000     17.04512    135.06833     24.59716
    205.00000      0.00000     51.15807    158.85055     31.91411
    210.00000      0.00000     96.79866    159.71811     39.57729
    215.00000      0.00000    147.66397    143.12882     47.83515
    220.00000      0.00000    196.18209    121.53001     56.78043
    225.00000      0.00000    239.03749    108.54882     66.98893
    230.00000      0.00000    277.69383    112.87080     79.18617
    235.00000      0.00000    312.98747    134.81945     92.88034
    240.00000      0.00000    338.54347    167.09875    105.13953
    245.00000      0.00000    339.69421    198.95120    111.00098
    250.00000      0.00000    300.83031    221.33461    105.95137
    255.00000      0.00000    217.26007    230.46116     89.19733
    260.00000      0.00000    102.98487    228.18860     65.40145
    265.00000      0.00000    -12.66444    219.56263     43.17255
    270.00000      0.00000    -99.30644    209.25132     30.66598
    275.00000      0.00000   -142.39177    198.95340     30.80717
    280.00000      0.00000   -151.47023    187.04441     39.29909
    285.00000      0.00000   -153.53280    170.32327     47.04865
    290.00000      0.00000   -174.94201    146.57303     45.80843
    295.00000      0.00000   -223.52801    116.35505     33.55917
    300.00000      0.00000   -282.90498     83.07952     16.08880
    305.00000      0.00000   -323.20858     51.48106      3.55370
    310.00000      0.00000   -321.38392     25.51112      4.08045
    315.00000      0.00000   -277.45202      6.86111     18.49368
    320.00000      0.00000   -215.64121     -5.18628     39.61525
    325.00000      0.00000   -169.41967    -12.73359     56.62500
    330.00000      0.00000   -160.43423    -17.87940     61.64766
    335.00000      0.00000   -185.56501    -21.84796     54.27335
    340.00000      0.00000   -220.74260    -25.03605     41.13134
    345.00000      0.00000   -238.60712    -27.68489     30.97460
    350.00000      0.00000   -227.51643    -30.45620     28.73314
    355.00000      0.00000   -198.53044    -34.30920     32.61367
    360.00000      0.00000   -175.49836    -39.65561     36.14805
      0.00000      5.00000   -107.72586    -41.94234     21.10462
      5.00000      5.00000   -108.70587    -47.41683     19.77693
     10.00000      5.00000   -125.48941    -50.51791     12.94584
     15.00000      5.00000   -131.81810    -47.80156      5.96296
     20.00000      5.00000    -97.69229    -37.30424      6.47742
     25.00000      5.00000    -11.16491    -20.59625     18.95169
     30.00000      5.00000    109.85766     -3.38672     40.96731
     35.00000      5.00000    224.43897      6.14819     63.95178
     40.00000      5.00000    290.36970      0.89158     77.96780
     45.00000      5.00000    287.17503    -21.50383     77.45301
     50.00000      5.00000    225.81813    -56.83237     64.16890
     55.00000      5.00000    139.37068    -95.80598     45.52205
     60.00000      5.00000     61.42156   -128.38844     29.52893
     65.00000      5.00000      6.72789   -148.87479     19.87386
     70.00000      5.00000    -33.51059   -158.90701     14.30260
     75.00000      5.00000    -79.66576   -166.50859      7.21068
     80.00000      5.00000   -144.18482   -181.33553     -5.58284
     85.00000      5.00000   -218.41692   -208.54612    -23.26610
     90.00000      5.00000   -274.68436   -244.69298    -40.06765
     95.00000      5.00000   -281.77431   -278.15406    -48.70552
    100.00000      5.00000   -223.01482   -294.22577    -44.74032
    105.00000      5.00000   -104.91129   -282.39449    -28.85377
    110.00000      5.00000     48.57810   -241.97143     -5.70513
    115.00000      5.00000    210.95316   -183.03428     19.49754
    120.00000      5.00000    366.17286   -122.10035     44.03594
    125.00000      5.00000    510.88351    -74.78762     68.12643
    130.00000      5.00000    645.48441    -49.30334     92.63901
    135.00000      5.00000    762.08717    -44.04188    116.07585
    140.00000      5.00000    839.75535    -50.21128    133.40261
    145.00000      5.00000    852.03755    -57.61722    137.98253
    150.00000      5.00000    782.66309    -60.11789    125.54926
    155.00000      5.00000    638.91930    -57.71424     97.54670
    160.00000      5.00000    453.18114    -54.42640     61.43180
    165.00000      5.00000    270.63701    -53.68800     27.50595
    170.00000      5.00000    130.16877    -54.42909      4.13476
    175.00000      5.00000     49.52025    -50.49352     -5.75478
    180.00000      5.00000     22.69231    -33.90815     -4.92673
    185.00000      5.00000     29.43604     -0.09324      0.96314
    190.00000      5.00000     49.45245     48.17085      7.12359
    195.00000      5.00000     72.19804    100.58044     11.89833
    200.00000      5.00000     97.61820    143.36600     16.42996
    205.00000      5.00000    129.97029    165.58270     22.53330
    210.00000      5.00000    171.08668    164.35557     30.71656
    215.00000      5.00000    218.29599    146.33163     39.85470
    220.00000      5.00000    267.28450    124.60355     48.48239
    225.00000      5.00000    315.73134    112.71810     56.29633
    230.00000      5.00000    363.21581    118.79020     64.33180
    235.00000      5.00000    406.80732    142.51672     73.48614
    240.00000      5.00000    436.49610    176.24834     82.61655
    245.00000      5.00000    435.98533    209.19101     88.04652
    250.00000      5.00000    390.74222    232.38452     85.38906
    255.00000      5.00000    299.07248    242.01089     72.75292
    260.00000      5.00000    178.17421    239.72512     53.04404
    265.00000      5.00000     59.14947    230.35355     33.35144
    270.00000      5.00000    -27.92136    218.56458     21.29414
    275.00000      5.00000    -70.29704    206.38789     20.44280
    280.00000      5.00000    -79.54743    192.73139     27.87815
    285.00000      5.00000    -83.70329    174.82601     35.78070
    290.00000      5.00000   -108.74976    150.51555     36.32205
    295.00000      5.00000   -161.15413    120.00452     26.80421
    300.00000      5.00000   -223.07332     86.15081     11.63098
    305.00000      5.00000   -263.84279     53.29254     -0.33875
    310.00000      5.00000   -260.48591     25.39487     -1.45866
    315.00000      5.00000   -213.69019      4.57203      9.68602
    320.00000      5.00000   -148.46646     -9.30479     27.22461
    325.00000      5.00000    -98.88127    -17.90323     41.63040
    330.00000      5.00000    -86.99601    -23.23610     45.63935
    335.00000      5.00000   -110.07765    -26.76414     38.55066
    340.00000      5.00000   -144.47689    -29.24998     26.12799
    345.00000      5.00000   -163.12306    -31.22278     16.32027
    350.00000      5.00000   -154.24589    -33.46178     13.84109
    355.00000      5.00000   -128.20211    -36.91455     17.35083
    360.00000      5.00000   -107.72586    -41.94234     21.10462
      0.00000     10.00000    -44.35092    -44.20587      5.49405
      5.00000     10.00000    -44.84488    -48.86814      5.22624
     10.00000     10.00000    -56.00632    -50.60132      0.38594
     15.00000     10.00000    -54.63982    -46.07708     -4.88745
     20.00000     10.00000    -14.94838    -33.64017     -4.46951
     25.00000     10.00000     72.16230    -15.28143      5.25076
     30.00000     10.00000    188.90777      2.84145     22.32346
     35.00000     10.00000    297.21205     12.16602     39.84216
     40.00000     10.00000    358.57453      5.36314     49.89657
     45.00000     10.00000    354.78494    -19.83438     48.26622
     50.00000     10.00000    296.38590    -58.78435     36.74301
     55.00000     10.00000    213.85838   -101.46725     21.60002
     60.00000     10.00000    137.83915   -137.02992      9.34322
     65.00000     10.00000     81.61749   -159.15568      2.67472
     70.00000     10.00000     37.12073   -169.31822     -0.65272
     75.00000     10.00000    -13.84452   -175.87598     -5.47955
     80.00000     10.00000    -81.62558   -189.16600    -15.18686
     85.00000     10.00000   -156.74742   -215.07630    -28.83650
     90.00000     10.00000   -212.09296   -250.64739    -41.44158
     95.00000     10.00000   -217.51600   -284.34849    -47.05119
    100.00000     10.00000   -156.85370   -301.19249    -42.39846
    105.00000     10.00000    -36.17298   -290.15254    -28.58992
    110.00000     10.00000    121.40518   -249.97450     -9.83287
    115.00000     10.00000    289.62515   -190.26960      9.64160
    120.00000     10.00000    451.50853   -127.31106     28.07296
    125.00000     10.00000    601.91694    -76.81266     46.25896
    130.00000     10.00000    739.66614    -47.51181     65.31442
    135.00000     10.00000    856.46267    -38.75730     83.99533
    140.00000     10.00000    932.29709    -42.92449     97.86957
    145.00000     10.00000    942.17743    -50.77249    101.27670
    150.00000     10.00000    870.68586    -56.39541     90.92334
    155.00000     10.00000    724.77878    -58.99507     68.63605
    160.00000     10.00000    535.79126    -60.87318     41.22147
    165.00000     10.00000    348.35669    -63.43263     17.29422
    170.00000     10.00000    202.25022    -64.13732      2.99021
    175.00000     10.00000    117.42540    -56.65190     -0.75634
    180.00000     10.00000     90.09086    -34.27278      2.24311
    185.00000     10.00000    100.53556      5.40170      6.55290
    190.00000     10.00000    126.53821     57.51092      8.68259
    195.00000     10.00000    153.99931    110.73237      8.76815
    200.00000     10.00000    179.77102    151.75467      9.50944
    205.00000     10.00000    207.55370    171.22363     13.47670
    210.00000     10.00000    241.79627    168.09014     20.93730
    215.00000     10.00000    284.25649    150.11921     29.76664
    220.00000     10.00000    334.23459    130.33607     37.30350
    225.00000     10.00000    389.92208    121.24282     42.50297
    230.00000     10.00000    447.82211    129.64353     46.56454
    235.00000     10.00000    500.00221    154.41510     51.48132
    240.00000     10.00000    532.33446    187.94171     57.68396
    245.00000     10.00000    527.52847    220.12073     62.78985
    250.00000     10.00000    473.52757    242.77844     62.72538
    255.00000     10.00000    372.92515    252.44395     54.66870
    260.00000     10.00000    246.48802    250.51082     39.71916
    265.00000     10.00000    126.35227    241.20072     23.14787
    270.00000     10.00000     41.00316    228.71326     11.67286
    275.00000     10.00000      0.41547    215.09491      9.35709
    280.00000     10.00000     -9.03477    199.74411     14.88906
    285.00000     10.00000    -15.66034    180.50908     22.25444
    290.00000     10.00000    -44.24968    155.54667     24.56685
    295.00000     10.00000    -99.77612    124.85201     18.61623
    300.00000     10.00000   -163.65927     90.68846      7.08220
    305.00000     10.00000   -205.41413     56.80939     -3.15541
    310.00000     10.00000   -202.46086     26.99440     -5.56058
    315.00000     10.00000   -155.28732      3.70727      1.67139
    320.00000     10.00000    -88.00028    -12.48866     14.32894
    325.00000     10.00000    -33.86300    -22.61195     24.86902
    330.00000     10.00000    -15.34443    -28.40403     27.25557
    335.00000     10.00000    -31.76774    -31.52336     20.69243
    340.00000     10.00000    -62.37889    -33.22149      9.78327
    345.00000     10.00000    -82.12736    -34.49701      1.12593
    350.00000     10.00000    -78.87713    -36.33160     -1.21205
    355.00000     10.00000    -60.05181    -39.55196      1.82305
    360.00000     10.00000    -44.35092    -44.20587      5.49405
      0.00000     15.00000     16.77460    -46.00628     -9.95787
      5.00000     15.00000     18.23821    -49.24589     -9.42040
     10.00000     15.00000     16.13560    -48.74300    -12.60819
     15.00000     15.00000     28.51042    -41.61493    -16.56213
     20.00000     15.00000     74.53710    -26.92777    -16.70872
     25.00000     15.00000    159.19854     -7.35941    -10.27997
     30.00000     15.00000    265.57819     10.56626      1.35890
     35.00000     15.00000    360.86997     18.36421     13.16739
     40.00000     15.00000    413.03867      9.14203     19.42695
     45.00000     15.00000    407.76467    -18.79488     17.25715
     50.00000     15.00000    354.91642    -60.32796      8.27070
     55.00000     15.00000    280.63073   -105.18152     -2.71571
     60.00000     15.00000    210.52562   -142.44071    -10.96278
     65.00000     15.00000    155.23542   -165.79592    -14.78823
     70.00000     15.00000    107.56864   -176.67636    -16.22768
     75.00000     15.00000     52.53459   -183.32354    -19.03203
     80.00000     15.00000    -17.19264   -195.98676    -25.52464
     85.00000     15.00000    -91.24589   -220.65248    -34.58975
     90.00000     15.00000   -143.87438   -254.73516    -42.19239
     95.00000     15.00000   -147.01108   -287.27201    -43.99442
    100.00000     15.00000    -85.40385   -303.77786    -38.15915
    105.00000     15.00000     35.87201   -293.33938    -26.36695
    110.00000     15.00000    195.64715   -254.23748    -12.41424
    115.00000     15.00000    368.73792   -195.14845      0.46643
    120.00000     15.00000    537.08814   -131.37037     11.53474
    125.00000     15.00000    692.67318    -78.18079     22.30714
    130.00000     15.00000    831.40238    -44.84076     34.40719
    135.00000     15.00000    944.03806    -32.15910     47.22670
    140.00000     15.00000   1012.34251    -34.35163     57.31667
    145.00000     15.00000   1014.78235    -43.51227     60.17857
    150.00000     15.00000    938.98738    -53.77667     53.32845
    155.00000     15.00000    792.84104    -62.85106     38.47099
    160.00000     15.00000    606.30426    -70.51399     21.12434
    165.00000     15.00000    421.69429    -75.70509      7.75828
    170.00000     15.00000    277.32977    -74.64190      2.24278
    175.00000     15.00000    193.44229    -61.59338      3.92049
    180.00000     15.00000    167.58728    -32.06440      8.53537
    185.00000     15.00000    180.86081     13.57126     11.32058
    190.00000     15.00000    210.11155     68.42625     10.11742
    195.00000     15.00000    238.85807    120.82287      6.45640
    200.00000     15.00000    261.82762    158.82572      4.01510
    205.00000     15.00000    282.77486    175.37294      5.70742
    210.00000     15.00000    309.01043    171.38847     11.55198
    215.00000     15.00000    346.61320    155.30045     18.80450
    220.00000     15.00000    398.05541    139.25086     24.13261
    225.00000     15.00000    461.37566    133.90871     26.11618
    230.00000     15.00000    529.37856    144.34740     26.15694
    235.00000     15.00000    588.89499    168.72191     27.10944
    240.00000     15.00000    622.04290    199.98406     30.68905
    245.00000     15.00000    611.37931    229.44704     35.67687
    250.00000     15.00000    548.18240    250.34940     38.39843
    255.00000     15.00000    439.66248    259.87960     35.27689
    260.00000     15.00000    309.68490    259.09565     25.66926
    265.00000     15.00000    190.38289    251.22917     12.86800
    270.00000     15.00000    107.67412    239.49153      2.37561
    275.00000     15.00000     68.48754    225.49610     -1.50626
    280.00000     15.00000     57.74613    208.90446      1.53227
    285.00000     15.00000     47.92009    188.22547      7.60493
    290.00000     15.00000     16.18262    162.17690     11.23047
    295.00000     15.00000    -41.06550    130.85453      9.00900
    300.00000     15.00000   -105.48117     96.15206      1.86644
    305.00000     15.00000   -147.91884     61.29473     -5.67703
    310.00000     15.00000   -146.66908     29.77881     -8.70872
    315.00000     15.00000   -101.35180      4.25398     -5.37917
    320.00000     15.00000    -33.68805    -14.15196      1.77702
    325.00000     15.00000     25.20831    -25.84621      7.55466
    330.00000     15.00000     52.72155    -32.26222      7.61490
    335.00000     15.00000     46.36589    -35.20156      1.38125
    340.00000     15.00000     22.16253    -36.37329     -7.69307
    345.00000     15.00000      1.75610    -37.22715    -14.61386
    350.00000     15.00000     -2.33133    -38.89366    -16.28895
    355.00000     15.00000      6.89316    -41.95827    -13.48618
    360.00000     15.00000     16.77460    -46.00628     -9.95787
      0.00000     20.00000     78.18391    -46.94478    -24.79254
      5.00000     20.00000     82.51467    -48.17588    -23.70469
     10.00000     20.00000     90.67067    -44.96285    -25.87044
     15.00000     20.00000    114.68198    -35.18056    -29.32707
     20.00000     20.00000    166.19576    -18.84165    -30.80222
     25.00000     20.00000    245.76853      0.70356    -28.14364
     30.00000     20.00000    337.94279     16.90123    -22.00114
     35.00000     20.00000    416.45375     21.92787    -15.55496
     40.00000     20.00000    457.03680      9.92141    -12.46877
     45.00000     20.00000    449.92972    -19.94383    -14.49980
     50.00000     20.00000    404.06565    -62.28272    -20.42853
     55.00000     20.00000    340.30308   -107.24754    -27.02153
     60.00000     20.00000    278.24592   -144.72556    -31.29710
     65.00000     20.00000    225.38256   -169.03210    -32.46016
     70.00000     20.00000    175.58505   -181.59235    -32.14826
     75.00000     20.00000    117.62164   -189.94955    -32.87474
     80.00000     20.00000     47.59281   -203.34627    -35.86288
     85.00000     20.00000    -23.36015   -227.07898    -39.89250
     90.00000     20.00000    -71.45754   -258.67817    -42.02441
     95.00000     20.00000    -71.39963   -288.13811    -39.68342
    100.00000     20.00000     -9.14620   -302.29115    -32.57546
    105.00000     20.00000    111.49798   -291.15970    -23.02247
    110.00000     20.00000    271.94336   -253.01015    -14.44472
    115.00000     20.00000    448.55903   -195.52327     -9.07337
    120.00000     20.00000    622.13920   -132.59099     -6.55003
    125.00000     20.00000    781.14773    -78.54644     -4.43729
    130.00000     20.00000    917.86075    -42.83402     -0.27380
    135.00000     20.00000   1021.90953    -27.60700      6.33628
    140.00000     20.00000   1077.59453    -28.90569     13.16682
    145.00000     20.00000   1068.43843    -40.07111     16.82277
    150.00000     20.00000    986.89121    -55.06306     15.21258
    155.00000     20.00000    842.84488    -69.86661      9.26460
    160.00000     20.00000    664.66253    -81.72758      2.59431
    165.00000     20.00000    490.79130    -87.48614     -0.74145
    170.00000     20.00000    355.80053    -82.79797      1.10520
    175.00000     20.00000    278.08722    -63.26566      6.55652
    180.00000     20.00000    255.42902    -27.01368     11.69815
    185.00000     20.00000    269.93086     22.95871     12.94789
    190.00000     20.00000    298.79878     78.42046      9.47085
    195.00000     20.00000    324.88607    128.25500      3.67821
    200.00000     20.00000    342.19483    162.63266     -0.51715
    205.00000     20.00000    355.10468    177.00252     -0.44748
    210.00000     20.00000    373.43447    173.89665      3.49386
    215.00000     20.00000    406.61912    161.65438      8.23153
    220.00000     20.00000    459.27527    150.74181     10.28657
    225.00000     20.00000    528.73441    149.48157      8.31224
    230.00000     20.00000    604.31415    161.14079      4.06617
    235.00000     20.00000    668.50794    183.47701      1.11355
    240.00000     20.00000    700.84582    210.56165      2.17710
    245.00000     20.00000    684.58400    235.69489      7.02627
    250.00000     20.00000    614.40357    253.95372     12.43565
    255.00000     20.00000    501.30469    263.37817     14.29132
    260.00000     20.00000    370.86606    264.62847     10.40679
    265.00000     20.00000    253.92532    259.66281      2.09586
    270.00000     20.00000    173.27815    250.27992     -6.59784
    275.00000     20.00000    133.28600    237.21649    -11.49502
    280.00000     20.00000    118.69112    220.07511    -10.92665
    285.00000     20.00000    104.14526    197.93666     -6.64713
    290.00000     20.00000     69.56612    170.25396     -2.45292
    295.00000     20.00000     12.49241    137.58103     -1.53352
    300.00000     20.00000    -50.05777    101.82282     -4.42128
    305.00000     20.00000    -91.57498     65.91426     -8.92427
    310.00000     20.00000    -91.98440     33.07167    -11.98804
    315.00000     20.00000    -49.86400      5.92524    -12.07076
    320.00000     20.00000     16.40348    -14.12653    -10.29499
    325.00000     20.00000     78.97742    -27.11708     -9.56481
    330.00000     20.00000    115.72311    -34.25835    -12.32793
    335.00000     20.00000    120.80935    -37.41977    -18.64106
    340.00000     20.00000    104.74434    -38.58854    -25.96655
    345.00000     20.00000     84.95972    -39.46219    -30.86523
    350.00000     20.00000     74.06101    -41.15723    -31.37216
    355.00000     20.00000     73.79440    -43.93560    -28.34244
    360.00000     20.00000     78.18391    -46.94478    -24.79254
      0.00000     25.00000    141.79518    -46.76255    -38.98076
      5.00000     25.00000    149.06924    -45.54890    -37.48508
     10.00000     25.00000    166.22455    -39.62305    -39.23726
     15.00000     25.00000    199.70319    -27.83639    -43.03351
     20.00000     25.00000    254.28885    -11.15440    -46.53183
     25.00000     25.00000    326.75465      6.65481    -47.89075
     30.00000     25.00000    403.49746     19.47934    -46.96414
     35.00000     25.00000    464.83911     20.69902    -45.24670
     40.00000     25.00000    494.03503      5.87853    -44.66869
     45.00000     25.00000    485.50362    -24.88528    -46.15169
     50.00000     25.00000    446.93789    -66.30531    -48.97424
     55.00000     25.00000    393.82200   -109.63244    -51.37154
     60.00000     25.00000    339.88368   -146.25561    -51.87306
     65.00000     25.00000    289.75347   -171.51876    -50.34611
     70.00000     25.00000    238.65866   -186.73934    -47.95537
     75.00000     25.00000    179.27657   -198.17185    -46.08585
     80.00000     25.00000    111.05324   -213.23314    -45.08409
     85.00000     25.00000     45.58928   -235.85982    -43.83945
     90.00000     25.00000      4.22755   -263.49109    -40.61248
     95.00000     25.00000      9.02175   -287.43239    -34.56026
    100.00000     25.00000     72.45042   -296.59702    -26.81875
    105.00000     25.00000    191.84637   -282.80160    -20.23868
    110.00000     25.00000    351.28191   -244.93313    -17.80001
    115.00000     25.00000    528.89077   -189.90130    -20.69988
    120.00000     25.00000    704.54687   -129.99506    -27.41561
    125.00000     25.00000    863.38833    -78.10252    -34.43759
    130.00000     25.00000    994.24393    -43.20243    -38.24689
    135.00000     25.00000   1085.92988    -28.12445    -37.25779
    140.00000     25.00000   1125.85063    -30.14490    -32.46356
    145.00000     25.00000   1103.38224    -43.44474    -26.41584
    150.00000     25.00000   1016.59496    -61.70555    -21.31369
    155.00000     25.00000    877.80603    -79.50068    -17.57290
    160.00000     25.00000    713.45442    -92.27156    -13.86781
    165.00000     25.00000    556.94429    -95.74356     -8.55471
    170.00000     25.00000    437.36850    -85.93120     -1.37165
    175.00000     25.00000    369.63571    -60.26550      5.90488
    180.00000     25.00000    350.86167    -19.32908     10.41476
    185.00000     25.00000    364.45752     32.03537     10.16070
    190.00000     25.00000    389.34385     85.34557      5.55421
    195.00000     25.00000    409.48431    130.99841     -0.61485
    200.00000     25.00000    419.48642    161.70390     -4.88067
    205.00000     25.00000    424.59586    175.20788     -5.37414
    210.00000     25.00000    436.21516    174.95198     -3.10123
    215.00000     25.00000    465.59470    168.35626     -1.28787
    220.00000     25.00000    518.23235    163.60158     -3.15980
    225.00000     25.00000    590.52629    166.46555     -9.62140
    230.00000     25.00000    669.32769    178.59284    -18.41485
    235.00000     25.00000    734.59500    197.73056    -25.37825
    240.00000     25.00000    764.95242    219.45796    -27.02034
    245.00000     25.00000    745.04956    239.33236    -22.73909
    250.00000     25.00000    672.29545    254.40950    -15.23614
    255.00000     25.00000    559.73144    263.63703     -8.86616
    260.00000     25.00000    432.63793    267.28194     -7.00689
    265.00000     25.00000    319.19156    265.96832    -10.14087
    270.00000     25.00000    238.91183    259.92300    -15.81936
    275.00000     25.00000    194.62628    248.75133    -20.41432
    280.00000     25.00000    172.56623    231.72166    -21.42303
    285.00000     25.00000    151.09648    208.31410    -18.82612
    290.00000     25.00000    113.64826    178.74608    -14.73999
    295.00000     25.00000     58.68572    144.26677    -11.79171
    300.00000     25.00000      0.92901    107.12766    -11.44594
    305.00000     25.00000    -36.98508     70.23597    -13.40810
    310.00000     25.00000    -37.59459     36.57964    -16.35375
    315.00000     25.00000      1.18077      8.58256    -19.25982
    320.00000     25.00000     64.56749    -12.41199    -22.24046
    325.00000     25.00000    128.74106    -26.35984    -26.25489
    330.00000     25.00000    172.94728    -34.37134    -31.97461
    335.00000     25.00000    188.74216    -38.27741    -38.76915
    340.00000     25.00000    181.45276    -40.07344    -44.69319
    345.00000     25.00000    164.13984    -41.40489    -47.59590
    350.00000     25.00000    148.91425    -43.18105    -46.59823
    355.00000     25.00000    141.47922    -45.33504    -42.85404
    360.00000     25.00000    141.79518    -46.76255    -38.98076
      0.00000     30.00000    208.33707    -45.25055    -53.00009
      5.00000     30.00000    217.83883    -41.45883    -51.09631
     10.00000     30.00000    240.83877    -33.25155    -52.77828
     15.00000     30.00000    279.56023    -20.52941    -57.39184
     20.00000     30.00000    333.72679     -5.04209    -63.18614
     25.00000     30.00000    397.64603      9.38402    -68.38880
     30.00000     30.00000    459.77787     17.50366    -72.08352
     35.00000     30.00000    506.13345     14.23537    -74.37101
     40.00000     30.00000    526.07414     -3.30976    -75.83062
     45.00000     30.00000    517.07027    -34.25710    -76.78321
     50.00000     30.00000    485.28375    -73.77336    -76.94210
     55.00000     30.00000    441.40006   -114.63336    -75.68222
     60.00000     30.00000    394.27869   -150.04471    -72.64617
     65.00000     30.00000    346.55273   -176.44674    -68.13701
     70.00000     30.00000    295.14117   -194.82362    -62.93170
     75.00000     30.00000    236.42959   -209.70507    -57.64468
     80.00000     30.00000    172.72506   -226.21285    -52.18687
     85.00000     30.00000    115.59748   -246.62135    -45.85735
     90.00000     30.00000     83.56570   -268.28528    -38.14115
     95.00000     30.00000     95.07929   -284.16608    -29.69370
    100.00000     30.00000    160.61909   -285.85044    -22.72405
    105.00000     30.00000    278.17307   -267.61821    -20.29237
    110.00000     30.00000    434.15846   -229.53084    -24.75099
    115.00000     30.00000    608.58729   -178.00629    -36.20363
    120.00000     30.00000    781.07296   -123.64116    -51.96663
    125.00000     30.00000    934.48019    -77.40644    -67.46881
    130.00000     30.00000   1055.27349    -47.03426    -78.15709
    135.00000     30.00000   1132.19964    -35.10524    -81.35256
    140.00000     30.00000   1156.00216    -39.30203    -77.04581
    145.00000     30.00000   1121.71438    -54.17780    -67.30434
    150.00000     30.00000   1032.61431    -73.23386    -54.82749
    155.00000     30.00000    902.97746    -90.33822    -41.64768
    160.00000     30.00000    756.80036   -100.26462    -28.74433
    165.00000     30.00000    621.78457    -98.82097    -16.60061
    170.00000     30.00000    520.74086    -83.20454     -6.03232
    175.00000     30.00000    464.35263    -52.80864      1.53977
    180.00000     30.00000    448.78588    -10.06860      4.71362
    185.00000     30.00000    459.22225     39.41992      3.19464
    190.00000     30.00000    477.46399     88.04758     -1.54796
    195.00000     30.00000    489.96051    128.43925     -6.74346
    200.00000     30.00000    492.77559    155.91493     -9.81134
    205.00000     30.00000    491.79566    170.01129     -9.99230
    210.00000     30.00000    498.71519    174.30895     -8.99223
    215.00000     30.00000    524.89000    174.65286    -10.06216
    220.00000     30.00000    575.54376    176.65187    -15.94500
    225.00000     30.00000    646.29058    183.64358    -26.91961
    230.00000     30.00000    723.03844    195.96806    -40.20574
    235.00000     30.00000    785.41377    211.64619    -51.19700
    240.00000     30.00000    812.91851    227.85387    -55.85784
    245.00000     30.00000    792.05292    242.30138    -52.88022
    250.00000     30.00000    721.85790    253.86157    -44.32979
    255.00000     30.00000    615.32042    262.32981    -34.43241
    260.00000     30.00000    495.33442    267.69354    -27.26971
    265.00000     30.00000    386.25018    269.47302    -24.75939
    270.00000     30.00000    304.45117    266.53108    -26.03619
    275.00000     30.00000    252.41901    257.40515    -28.43218
    280.00000     30.00000    219.44733    240.92324    -29.29582
    285.00000     30.00000    188.89551    216.77252    -27.48978
    290.00000     30.00000    148.30740    185.78675    -23.76275
    295.00000     30.00000     96.95695    149.89327    -19.99362
    300.00000     30.00000     46.63592    111.79206    -17.99046
    305.00000     30.00000     15.22078     74.48347    -18.66284
    310.00000     30.00000     16.64062     40.74970    -21.96162
    315.00000     30.00000     52.89016     12.67989    -27.36685
    320.00000     30.00000    112.46671     -8.66780    -34.36253
    325.00000     30.00000    175.83292    -23.37756    -42.48260
    330.00000     30.00000    224.53434    -32.51510    -50.97890
    335.00000     30.00000    248.82068    -37.73150    -58.54977
    340.00000     30.00000    249.98696    -40.74935    -63.56080
    345.00000     30.00000    237.11304    -42.87869    -64.78968
    350.00000     30.00000    221.12796    -44.67942    -62.25077
    355.00000     30.00000    210.14023    -45.83244    -57.48559
    360.00000     30.00000    208.33707    -45.25055    -53.00009
      0.00000     35.00000    277.23081    -42.07439    -67.76524
      5.00000     35.00000    287.80041    -36.05423    -65.39550
     10.00000     35.00000    312.69879    -26.37965    -67.02359
     15.00000     35.00000    351.67094    -13.90910    -72.40068
     20.00000     35.00000    401.62554     -0.91362    -80.15032
     25.00000     35.00000    455.95062      9.04009    -88.47363
     30.00000     35.00000    505.23304     11.80248    -95.83648
     35.00000     35.00000    539.83131      3.87253   -101.30340
     40.00000     35.00000    553.31521    -16.24121   -104.46594
     45.00000     35.00000    544.83990    -47.13471   -105.18050
     50.00000     35.00000    518.87925    -84.63962   -103.39436
     55.00000     35.00000    482.29949   -123.11710    -99.17907
     60.00000     35.00000    440.51457   -157.47560    -92.85673
     65.00000     35.00000    395.20226   -185.01097    -85.00211
     70.00000     35.00000    345.17841   -206.12824    -76.22206
     75.00000     35.00000    290.01032   -223.48918    -66.85602
     80.00000     35.00000    234.07950   -239.93584    -56.89542
     85.00000     35.00000    188.31814   -256.24303    -46.32157
     90.00000     35.00000    168.10495   -269.93594    -35.74351
     95.00000     35.00000    188.04903   -275.92175    -26.90032
    100.00000     35.00000    256.21706   -268.75095    -22.53664
    105.00000     35.00000    370.65123   -245.44268    -25.46919
    110.00000     35.00000    519.66586   -207.46793    -37.17747
    115.00000     35.00000    685.32411   -160.88110    -56.64466
    120.00000     35.00000    848.01030   -114.50788    -80.15788
    125.00000     35.00000    989.97179    -77.03228   -102.31385
    130.00000     35.00000   1096.94812    -54.28168   -117.82599
    135.00000     35.00000   1158.53551    -47.78078   -123.28582
    140.00000     35.00000   1168.64849    -54.92351   -118.07270
    145.00000     35.00000   1126.88620    -70.34043   -104.09966
    150.00000     35.00000   1040.28139    -87.63938    -84.71326
    155.00000     35.00000    923.86170   -100.81513    -63.43989
    160.00000     35.00000    798.55140   -105.07775    -43.18301
    165.00000     35.00000    686.25276    -97.27935    -26.03689
    170.00000     35.00000    603.68042    -76.24074    -13.43163
    175.00000     35.00000    557.56498    -43.06901     -6.18193
    180.00000     35.00000    543.48154     -1.23896     -4.25529
    185.00000     35.00000    548.93975     43.91591     -6.48187
    190.00000     35.00000    559.38252     86.44547    -10.65175
    195.00000     35.00000    564.44739    121.46229    -14.26955
    200.00000     35.00000    561.86180    146.59561    -15.75352
    205.00000     35.00000    557.54079    162.53798    -15.41996
    210.00000     35.00000    562.13298    172.39325    -15.54642
    215.00000     35.00000    585.61909    180.12770    -19.26370
    220.00000     35.00000    632.13143    188.87654    -28.74156
    225.00000     35.00000    696.90760    199.89845    -43.64962
    230.00000     35.00000    766.48365    212.58198    -60.82707
    235.00000     35.00000    822.17956    225.32587    -75.46218
    240.00000     35.00000    845.86530    236.67952    -83.22542
    245.00000     35.00000    826.12666    246.07536    -82.23537
    250.00000     35.00000    762.56010    253.80668    -73.81691
    255.00000     35.00000    666.32115    260.38062    -61.68918
    260.00000     35.00000    556.33680    265.72010    -50.08907
    265.00000     35.00000    452.42256    268.72148    -41.87737
    270.00000     35.00000    368.11972    267.42153    -37.59301
    275.00000     35.00000    306.48050    259.67047    -35.80801
    280.00000     35.00000    260.83210    243.95980    -34.39370
    285.00000     35.00000    220.15708    220.02809    -31.88089
    290.00000     35.00000    176.32972    189.03032    -28.18923
    295.00000     35.00000    129.39409    153.27883    -24.48286
    300.00000     35.00000     88.05716    115.71852    -22.43203
    305.00000     35.00000     65.14587     79.33481    -23.40579
    310.00000     35.00000     70.52923     46.64164    -27.99909
    315.00000     35.00000    105.36581     19.32701    -35.97352
    320.00000     35.00000    160.72946     -1.91103    -46.42897
    325.00000     35.00000    221.19017    -17.32514    -57.99131
    330.00000     35.00000    271.25642    -27.88575    -68.96117
    335.00000     35.00000    301.25980    -34.90504    -77.53660
    340.00000     35.00000    309.94380    -39.61325    -82.22619
    345.00000     35.00000    303.12847    -42.80325    -82.39456
    350.00000     35.00000    289.96771    -44.63832    -78.67665
    355.00000     35.00000    279.21746    -44.67105    -72.95223
    360.00000     35.00000    277.23081    -42.07439    -67.76524
      0.00000     40.00000    346.74379    -36.71988    -84.34142
      5.00000     40.00000    357.27087    -29.45093    -81.55255
     10.00000     40.00000    380.54109    -19.49575    -82.94152
     15.00000     40.00000    415.37468     -8.43289    -88.57514
     20.00000     40.00000    457.87391      1.23002    -97.36675
     25.00000     40.00000    501.84890      6.37919   -107.54330
     30.00000     40.00000    539.97715      3.95141   -117.20792
     35.00000     40.00000    565.66611     -8.19869   -124.77230
     40.00000     40.00000    574.97479    -30.49822   -129.16336
     45.00000     40.00000    567.63017    -61.27395   -129.84711
     50.00000     40.00000    546.49787    -97.05082   -126.77006
     55.00000     40.00000    515.72880   -133.52879   -120.27952
     60.00000     40.00000    478.66850   -166.89988   -111.01363
     65.00000     40.00000    436.87107   -194.93857    -99.73356
     70.00000     40.00000    390.94959   -217.33626    -87.13160
     75.00000     40.00000    342.83475   -235.08558    -73.73264
     80.00000     40.00000    298.01648   -249.20887    -60.01589
     85.00000     40.00000    266.16474   -259.50902    -46.76564
     90.00000     40.00000    259.32846   -264.06821    -35.46504
     95.00000     40.00000    288.24307   -259.86846    -28.41366
    100.00000     40.00000    358.34750   -244.32021    -28.30622
    105.00000     40.00000    467.29533   -216.97216    -37.27581
    110.00000     40.00000    604.96792   -180.52322    -55.74965
    115.00000     40.00000    755.76584   -140.56183    -81.67681
    120.00000     40.00000    902.00905   -104.06252   -110.60622
    125.00000     40.00000   1027.11167    -77.25545   -136.72720
    130.00000     40.00000   1117.77036    -63.74830   -154.51945
    135.00000     40.00000   1165.21048    -63.60821   -160.35453
    140.00000     40.00000   1165.98171    -73.62985   -153.41835
    145.00000     40.00000   1122.62019    -88.50412   -135.66313
    150.00000     40.00000   1043.92441   -102.32051   -110.94503
    155.00000     40.00000    944.15719   -109.87729    -83.81028
    160.00000     40.00000    840.62738   -107.53540    -58.41311
    165.00000     40.00000    749.84821    -93.62481    -37.83045
    170.00000     40.00000    683.38859    -68.53163    -23.76506
    175.00000     40.00000    645.02727    -34.53983    -16.49123
    180.00000     40.00000    630.50313      4.60988    -14.95002
    185.00000     40.00000    630.11628     44.50079    -17.04339
    190.00000     40.00000    633.18570     81.08409    -20.23357
    195.00000     40.00000    632.54569    111.70238    -22.42667
    200.00000     40.00000    627.26120    135.69375    -22.86969
    205.00000     40.00000    622.52868    154.27843    -22.61258
    210.00000     40.00000    626.90226    169.73702    -24.16385
    215.00000     40.00000    648.02166    184.24240    -30.32889
    220.00000     40.00000    688.53338    198.89638    -42.68620
    225.00000     40.00000    743.77007    213.41972    -60.44530
    230.00000     40.00000    802.10230    226.59496    -80.32727
    235.00000     40.00000    847.94665    237.15937    -97.62880
    240.00000     40.00000    866.48070    244.61878   -108.01994
    245.00000     40.00000    848.45163    249.52637   -109.22862
    250.00000     40.00000    793.31030    253.09142   -101.81429
    255.00000     40.00000    709.39701    256.36152    -88.70432
    260.00000     40.00000    610.97580    259.44414    -73.79558
    265.00000     40.00000    513.20914    261.19020    -60.35975
    270.00000     40.00000    427.12257    259.50040    -50.01173
    275.00000     40.00000    356.71022    252.09489    -42.62848
    280.00000     40.00000    299.40823    237.38260    -37.08163
    285.00000     40.00000    249.57004    215.06324    -32.26952
    290.00000     40.00000    203.08977    186.26108    -27.88304
    295.00000     40.00000    160.73406    153.21059    -24.58555
    300.00000     40.00000    128.42341    118.67544    -23.64267
    305.00000     40.00000    114.32801     85.32814    -26.28885
    310.00000     40.00000    124.34444     55.26619    -33.15891
    315.00000     40.00000    158.36803     29.74981    -43.98426
    320.00000     40.00000    209.31445      9.16888    -57.58429
    325.00000     40.00000    265.36011     -6.79953    -72.08411
    330.00000     40.00000    314.21788    -18.90496    -85.28274
    335.00000     40.00000    347.35354    -27.98624    -95.12245
    340.00000     40.00000    362.30855    -34.66958   -100.20036
    345.00000     40.00000    362.45684    -39.18210   -100.20447
    350.00000     40.00000    354.83129    -41.33147    -96.10458
    355.00000     40.00000    347.36691    -40.65770    -89.95979
    360.00000     40.00000    346.74379    -36.71988    -84.34142
      0.00000     45.00000    414.25751    -28.70530   -103.41857
      5.00000     45.00000    424.08343    -21.79070   -100.50332
     10.00000     45.00000    443.50205    -13.09010   -101.48400
     15.00000     45.00000    471.42787     -4.56544   -106.67242
     20.00000     45.00000    504.49848      1.30609   -115.26803
     25.00000     45.00000    537.80591      1.93589   -125.66323
     30.00000     45.00000    566.00453     -4.83250   -135.89834
     35.00000     45.00000    584.59232    -20.16107   -144.10938
     40.00000     45.00000    590.96884    -43.80945   -148.85913
     45.00000     45.00000    584.84126    -74.05365   -149.31160
     50.00000     45.00000    567.79338   -108.02061   -145.26104
     55.00000     45.00000    542.26487   -142.37259   -137.04679
     60.00000     45.00000    510.55303   -174.11063   -125.39010
     65.00000     45.00000    474.48175   -201.18072   -111.20304
     70.00000     45.00000    436.00450   -222.62835    -95.44192
     75.00000     45.00000    398.40540   -238.25230    -79.08215
     80.00000     45.00000    367.29431   -247.96707    -63.24618
     85.00000     45.00000    350.56545   -251.25629    -49.41837
     90.00000     45.00000    356.96048   -247.07822    -39.58015
     95.00000     45.00000    393.60151   -234.35668    -36.06733
    100.00000     45.00000    463.43275   -212.86326    -41.04423
    105.00000     45.00000    563.61317   -184.04326    -55.68618
    110.00000     45.00000    685.49367   -151.30391    -79.36929
    115.00000     45.00000    816.13793   -119.50315   -109.25978
    120.00000     45.00000    940.78011    -93.74444   -140.59510
    125.00000     45.00000   1045.42273    -77.91352   -167.68035
    130.00000     45.00000   1118.97601    -73.51812   -185.31000
    135.00000     45.00000   1154.70894    -79.25821   -190.12477
    140.00000     45.00000   1151.04776    -91.44154   -181.43169
    145.00000     45.00000   1111.77728   -105.03230   -161.23745
    150.00000     45.00000   1045.55533   -114.93025   -133.55456
    155.00000     45.00000    964.55923   -117.08377   -103.28323
    160.00000     45.00000    882.22933   -109.19156    -75.05081
    165.00000     45.00000    810.45625    -90.93317    -52.30884
    170.00000     45.00000    756.96821    -63.79284    -36.83133
    175.00000     45.00000    723.83017    -30.57916    -28.62778
    180.00000     45.00000    707.69561      5.26209    -26.22597
    185.00000     45.00000    701.81937     40.43330    -27.26532
    190.00000     45.00000    699.12159     72.51232    -29.30857
    195.00000     45.00000    695.13379    100.41994    -30.69746
    200.00000     45.00000    689.68182    124.45152    -31.18443
    205.00000     45.00000    686.65975    145.82830    -32.05807
    210.00000     45.00000    692.00536    165.92483    -35.61479
    215.00000     45.00000    710.68244    185.49632    -44.09593
    220.00000     45.00000    743.84666    204.25757    -58.48991
    225.00000     45.00000    787.29903    221.01348    -77.73165
    230.00000     45.00000    831.86630    234.27307    -98.71036
    235.00000     45.00000    865.65922    243.03296   -117.15229
    240.00000     45.00000    877.48028    247.32555   -129.03733
    245.00000     45.00000    860.20842    248.24734   -131.94907
    250.00000     45.00000    812.94855    247.44876   -125.78813
    255.00000     45.00000    741.14687    246.33930   -112.58377
    260.00000     45.00000    654.62747    245.39665    -95.56035
    265.00000     45.00000    564.32716    243.90490    -77.93401
    270.00000     45.00000    479.04621    240.22832    -61.97896
    275.00000     45.00000    403.52060    232.47593    -48.70380
    280.00000     45.00000    338.51502    219.25317    -38.14430
    285.00000     45.00000    282.68627    200.19357    -29.99443
    290.00000     45.00000    235.12580    176.09475    -24.19447
    295.00000     45.00000    197.18566    148.66487    -21.19255
    300.00000     45.00000    172.59880    120.02973    -21.80678
    305.00000     45.00000    165.82097     92.20370    -26.81365
    310.00000     45.00000    179.47152     66.69355    -36.48416
    315.00000     45.00000    212.23175     44.32140    -50.26802
    320.00000     45.00000    258.32503     25.26797    -66.73534
    325.00000     45.00000    308.89837      9.27734    -83.78578
    330.00000     45.00000    354.69473     -4.06410    -99.06549
    335.00000     45.00000    388.83916    -15.06504   -110.49172
    340.00000     45.00000    408.61513    -23.75946   -116.76097
    345.00000     45.00000    415.68135    -29.87658   -117.70485
    350.00000     45.00000    414.90973    -32.95899   -114.37364
    355.00000     45.00000    412.52019    -32.59569   -108.79004
    360.00000     45.00000    414.25751    -28.70530   -103.41857
      0.00000     50.00000    476.67800    -18.00718   -124.64596
      5.00000     50.00000    485.71663    -13.39628   -122.15971
     10.00000     50.00000    500.65583     -7.66312   -122.75342
     15.00000     50.00000    520.92255     -2.78381   -126.90052
     20.00000     50.00000    544.26665     -0.96947   -134.09583
     25.00000     50.00000    567.37137     -4.27362   -143.04157
     30.00000     50.00000    586.67241    -14.17376   -151.99149
     35.00000     50.00000    599.18484    -31.22265   -159.14548
     40.00000     50.00000    603.10818    -54.86570   -162.99579
     45.00000     50.00000    598.03435    -83.49218   -162.56025
     50.00000     50.00000    584.73607   -114.72635   -157.47782
     55.00000     50.00000    564.70871   -145.88487   -147.97789
     60.00000     50.00000    539.76677   -174.46032   -134.76287
     65.00000     50.00000    511.96292   -198.47368   -118.86222
     70.00000     50.00000    483.89340   -216.59202   -101.52028
     75.00000     50.00000    459.17812   -228.01714    -84.15966
     80.00000     50.00000    442.71683   -232.26628    -68.41392
     85.00000     50.00000    440.35003   -229.02500    -56.16257
     90.00000     50.00000    457.80498   -218.21336    -49.45991
     95.00000     50.00000    499.16385   -200.27875    -50.26282
    100.00000     50.00000    565.36635   -176.57372    -59.94396
    105.00000     50.00000    653.30776   -149.57962    -78.70154
    110.00000     50.00000    755.89280   -122.75992   -105.08388
    115.00000     50.00000    863.06231    -99.97137   -135.87220
    120.00000     50.00000    963.49391    -84.56405   -166.47446
    125.00000     50.00000   1046.52153    -78.46248   -191.80230
    130.00000     50.00000   1103.84966    -81.55989   -207.40712
    135.00000     50.00000   1130.78365    -91.65400   -210.53174
    140.00000     50.00000   1126.84659   -104.95568   -200.74737
    145.00000     50.00000   1095.74045   -117.00158   -179.98699
    150.00000     50.00000   1044.64419   -123.68286   -151.99095
    155.00000     50.00000    982.89225   -122.09956   -121.36077
    160.00000     50.00000    920.19664   -111.04401    -92.50871
    165.00000     50.00000    864.74986    -91.04904    -68.77679
    170.00000     50.00000    821.68549    -64.05294    -51.91259
    175.00000     50.00000    792.36772    -32.80480    -41.97866
    180.00000     50.00000    774.77382     -0.16538    -37.67299
    185.00000     50.00000    764.87259     31.53450    -36.95976
    190.00000     50.00000    758.52812     60.92715    -37.84586
    195.00000     50.00000    753.23803     87.72050    -39.09109
    200.00000     50.00000    749.05811    112.45626    -40.62933
    205.00000     50.00000    748.36493    135.99272    -43.53599
    210.00000     50.00000    754.54905    158.90121    -49.51313
    215.00000     50.00000    770.14044    181.01768    -60.04696
    220.00000     50.00000    795.08862    201.34555    -75.54773
    225.00000     50.00000    825.87367    218.36484    -94.82701
    230.00000     50.00000    855.83171    230.62229   -115.15935
    235.00000     50.00000    876.64515    237.34346   -132.94575
    240.00000     50.00000    880.52658    238.78887   -144.74313
    245.00000     50.00000    862.36460    236.18922   -148.26670
    250.00000     50.00000    821.10029    231.28516   -142.98773
    255.00000     50.00000    759.87407    225.67494   -130.13074
    260.00000     50.00000    684.93610    220.25162   -112.13191
    265.00000     50.00000    603.77610    214.95883    -91.83119
    270.00000     50.00000    523.21137    208.94152    -71.74015
    275.00000     50.00000    448.14481    200.99524    -53.63857
    280.00000     50.00000    381.36958    190.10430    -38.56568
    285.00000     50.00000    324.30083    175.84931    -27.08727
    290.00000     50.00000    278.08936    158.54784    -19.62316
    295.00000     50.00000    244.42409    139.11778    -16.63933
    300.00000     50.00000    225.53547    118.75982    -18.61519
    305.00000     50.00000    223.36347     98.60516    -25.82287
    310.00000     50.00000    238.32104     79.45838    -38.04311
    315.00000     50.00000    268.32401     61.70617    -54.36178
    320.00000     50.00000    308.65250     45.39228    -73.15132
    325.00000     50.00000    352.81879     30.40368    -92.27042
    330.00000     50.00000    394.14943     16.68516   -109.44330
    335.00000     50.00000    427.47803      4.40128   -122.72539
    340.00000     50.00000    450.32826     -6.01242   -130.93415
    345.00000     50.00000    463.21907    -13.93027   -133.92515
    350.00000     50.00000    469.09377    -18.73000   -132.62706
    355.00000     50.00000    472.17632    -20.04558   -128.81097
    360.00000     50.00000    476.67800    -18.00718   -124.64596
      0.00000     55.00000    531.13310     -5.43903   -146.07970
      5.00000     55.00000    539.67462     -4.86801   -144.68991
     10.00000     55.00000    550.79806     -3.58581   -145.14310
     15.00000     55.00000    564.41621     -3.25607   -147.97127
     20.00000     55.00000    579.37197     -5.63197   -152.94033
     25.00000     55.00000    593.80313    -12.23034   -159.14747
     30.00000     55.00000    605.63672    -24.02692   -165.25508
     35.00000     55.00000    613.07841    -41.23913   -169.79234
     40.00000     55.00000    614.97398    -63.24647   -171.45080
     45.00000     55.00000    610.96954    -88.66865   -169.31435
     50.00000     55.00000    601.47712   -115.58307   -162.99070
     55.00000     55.00000    587.53079   -141.82604   -152.64126
     60.00000     55.00000    570.65572   -165.30055   -138.93212
     65.00000     55.00000    552.84130   -184.21814   -122.94380
     70.00000     55.00000    536.61853   -197.23547   -106.07713
     75.00000     55.00000    525.13584   -203.49514    -89.97489
     80.00000     55.00000    522.06934   -202.62234    -76.44935
     85.00000     55.00000    531.23562   -194.74079    -67.37780
     90.00000     55.00000    555.89500   -180.54202    -64.51798
     95.00000     55.00000    597.88783   -161.38403    -69.21841
    100.00000     55.00000    656.86093   -139.33848    -82.05089
    105.00000     55.00000    729.85690   -117.08507   -102.45752
    110.00000     55.00000    811.44485    -97.58767   -128.54749
    115.00000     55.00000    894.40893    -83.57149   -157.17176
    120.00000     55.00000    970.84898    -76.91762   -184.33596
    125.00000     55.00000   1033.44563    -78.15537   -205.90160
    130.00000     55.00000   1076.62407    -86.22895   -218.41578
    135.00000     55.00000   1097.39950    -98.63999   -219.84671
    140.00000     55.00000   1095.76833   -111.94848   -210.01516
    145.00000     55.00000   1074.59198   -122.50125   -190.59829
    150.00000     55.00000   1038.99552   -127.18956   -164.70995
    155.00000     55.00000    995.37945   -124.03947   -136.18162
    160.00000     55.00000    950.22217   -112.49934   -108.74302
    165.00000     55.00000    908.91962    -93.38200    -85.31135
    170.00000     55.00000    874.93431    -68.51099    -67.55117
    175.00000     55.00000    849.47389    -40.18682    -55.78533
    180.00000     55.00000    831.78392    -10.62125    -49.24540
    185.00000     55.00000    819.95128     18.51614    -46.56824
    190.00000     55.00000    811.94101     46.32930    -46.38616
    195.00000     55.00000    806.50117     72.65659    -47.83353
    200.00000     55.00000    803.61121     97.78996    -50.81204
    205.00000     55.00000    804.31288    122.05789    -55.92477
    210.00000     55.00000    809.99037    145.42749    -64.09484
    215.00000     55.00000    821.37490    167.28079    -75.99827
    220.00000     55.00000    837.65874    186.46055    -91.51991
    225.00000     55.00000    856.07467    201.57866   -109.44867
    230.00000     55.00000    872.13801    211.47248   -127.54979
    235.00000     55.00000    880.51609    215.62975   -143.01413
    240.00000     55.00000    876.26760    214.41076   -153.13965
    245.00000     55.00000    856.06086    208.97700   -156.01181
    250.00000     55.00000    818.98546    200.95482   -150.95509
    255.00000     55.00000    766.71620    191.96706   -138.62350
    260.00000     55.00000    703.01846    183.21065   -120.73965
    265.00000     55.00000    632.81279    175.22649    -99.61643
    270.00000     55.00000    561.15251    167.91931    -77.65083
    275.00000     55.00000    492.45696    160.78172    -56.95148
    280.00000     55.00000    430.19196    153.20511    -39.17235
    285.00000     55.00000    376.96835    144.74580    -25.52439
    290.00000     55.00000    334.84189    135.25621    -16.86971
    295.00000     55.00000    305.53099    124.86134    -13.79373
    300.00000     55.00000    290.35183    113.82705    -16.59236
    305.00000     55.00000    289.85731    102.40144    -25.17623
    310.00000     55.00000    303.36014     90.70733    -38.94853
    315.00000     55.00000    328.62037     78.72953    -56.73615
    320.00000     55.00000    361.93344     66.39535    -76.83944
    325.00000     55.00000    398.68853     53.70825    -97.22506
    330.00000     55.00000    434.26203     40.87497   -115.83686
    335.00000     55.00000    464.96476     28.36971   -130.95704
    340.00000     55.00000    488.73827     16.90007   -141.52798
    345.00000     55.00000    505.39493      7.27192   -147.34841
    350.00000     55.00000    516.36436      0.18253   -149.08592
    355.00000     55.00000    524.06766     -4.00433   -148.09471
    360.00000     55.00000    531.13310     -5.43903   -146.07970
      0.00000     60.00000    575.97666      7.33338   -164.08171
      5.00000     60.00000    584.31251      3.01815   -164.30429
     10.00000     60.00000    592.89792     -0.83669   -164.97786
     15.00000     60.00000    601.90488     -5.36874   -166.58909
     20.00000     60.00000    610.93998    -11.75337   -169.10875
     25.00000     60.00000    619.20562    -20.96884   -172.02955
     30.00000     60.00000    625.74279    -33.58905   -174.50424
     35.00000     60.00000    629.68692    -49.64581   -175.54533
     40.00000     60.00000    630.47657    -68.58734   -174.23965
     45.00000     60.00000    627.98035    -89.33821   -169.93484
     50.00000     60.00000    622.54028   -110.44465   -162.36864
     55.00000     60.00000    614.95810   -130.27176   -151.72939
     60.00000     60.00000    606.46067   -147.21291   -138.65279
     65.00000     60.00000    598.66689   -159.87647   -124.16987
     70.00000     60.00000    593.54811   -167.22991   -109.62302
     75.00000     60.00000    593.34321   -168.69926    -96.55932
     80.00000     60.00000    600.37918   -164.23414    -86.60021
     85.00000     60.00000    616.76933   -154.34816    -81.27790
     90.00000     60.00000    644.01018   -140.13229    -81.83234
     95.00000     60.00000    682.55446   -123.22025    -88.97781
    100.00000     60.00000    731.47647   -105.67411   -102.67468
    105.00000     60.00000    788.34510    -89.76481   -121.96618
    110.00000     60.00000    849.37766    -77.65041   -144.94978
    115.00000     60.00000    909.87640    -70.99646   -168.93584
    120.00000     60.00000    964.87591    -70.62076   -190.80290
    125.00000     60.00000   1009.87554    -76.26100   -207.49993
    130.00000     60.00000   1041.51253    -86.54581   -216.59226
    135.00000     60.00000   1058.04663    -99.20093   -216.72080
    140.00000     60.00000   1059.56822   -111.45678   -207.85633
    145.00000     60.00000   1047.89587   -120.56508   -191.28104
    150.00000     60.00000   1026.18689   -124.30051   -169.30104
    155.00000     60.00000    998.33831   -121.32889   -144.76468
    160.00000     60.00000    968.29856   -111.36236   -120.50912
    165.00000     60.00000    939.43345    -95.08108    -98.86934
    170.00000     60.00000    914.08252    -73.86150    -81.35941
    175.00000     60.00000    893.39847    -49.39657    -68.58436
    180.00000     60.00000    877.48852    -23.31379    -60.37819
    185.00000     60.00000    865.79034      3.11076    -56.10474
    190.00000     60.00000    857.54424     29.07689    -55.01828
    195.00000     60.00000    852.19468     54.20734    -56.56870
    200.00000     60.00000    849.58126     78.35466    -60.55666
    205.00000     60.00000    849.85592    101.34870    -67.09298
    210.00000     60.00000    853.16440    122.78362    -76.38225
    215.00000     60.00000    859.21922    141.92994    -88.41270
    220.00000     60.00000    866.93733    157.81201   -102.67155
    225.00000     60.00000    874.29920    169.43044   -118.00155
    230.00000     60.00000    878.51402    176.05328   -132.66868
    235.00000     60.00000    876.47178    177.47087   -144.63801
    240.00000     60.00000    865.36402    174.12075   -151.98076
    245.00000     60.00000    843.29675    167.03541   -153.29029
    250.00000     60.00000    809.72070    157.62961   -147.98398
    255.00000     60.00000    765.56558    147.39930   -136.41139
    260.00000     60.00000    713.06273    137.62917   -119.75720
    265.00000     60.00000    655.33684    129.19301    -99.79182
    270.00000     60.00000    595.90745    122.48866    -78.55915
    275.00000     60.00000    538.24307    117.49751    -58.08932
    280.00000     60.00000    485.45869    113.91852    -40.19168
    285.00000     60.00000    440.16843    111.31350    -26.33846
    290.00000     60.00000    404.43586    109.21391    -17.61357
    295.00000     60.00000    379.73679    107.16991    -14.68762
    300.00000     60.00000    366.87364    104.75396    -17.79057
    305.00000     60.00000    365.84036    101.55043    -26.67744
    310.00000     60.00000    375.69960     97.16360    -40.60729
    315.00000     60.00000    394.56500     91.26139    -58.36749
    320.00000     60.00000    419.76264     83.64993    -78.37055
    325.00000     60.00000    448.18432     74.35460    -98.83085
    330.00000     60.00000    476.76950     63.67373   -118.00192
    335.00000     60.00000    502.99624     52.17502   -134.43145
    340.00000     60.00000    525.24990     40.62037   -147.17849
    345.00000     60.00000    542.97411     29.82586   -155.94070
    350.00000     60.00000    556.57629     20.48470   -161.05809
    355.00000     60.00000    567.13120     12.99458   -163.38848
    360.00000     60.00000    575.97666      7.33338   -164.08171
      0.00000     65.00000    611.79206     18.28772   -173.92983
      5.00000     65.00000    619.89184      9.61474   -175.88398
     10.00000     65.00000    627.11127      1.20162   -177.07654
     15.00000     65.00000    633.66018     -7.50874   -177.87382
     20.00000     65.00000    639.52864    -17.10270   -178.36357
     25.00000     65.00000    644.53405    -28.05275   -178.36036
     30.00000     65.00000    648.41317    -40.59254   -177.47317
     35.00000     65.00000    650.93213    -54.63425   -175.21675
     40.00000     65.00000    651.98878    -69.74339   -171.14188
     45.00000     65.00000    651.68969    -85.17408   -164.95841
     50.00000     65.00000    650.39435    -99.95673   -156.63070
     55.00000     65.00000    648.72793   -113.02136   -146.43211
     60.00000     65.00000    647.56731   -123.33651   -134.95436
     65.00000     65.00000    648.00281   -130.04434   -123.07373
     70.00000     65.00000    651.27228   -132.57727   -111.87961
     75.00000     65.00000    658.65984   -130.74643   -102.57144
     80.00000     65.00000    671.35354   -124.79554    -96.32962
     85.00000     65.00000    690.26642   -115.41473    -94.16696
     90.00000     65.00000    715.84148   -103.70705    -96.77126
     95.00000     65.00000    747.87724    -91.09998   -104.35741
    100.00000     65.00000    785.41894    -79.19797   -116.55520
    105.00000     65.00000    826.75575    -69.58207   -132.36434
    110.00000     65.00000    869.54585    -63.57754   -150.20417
    115.00000     65.00000    911.06371    -62.02673   -168.07136
    120.00000     65.00000    948.53455    -65.11409   -183.79557
    125.00000     65.00000    979.49898    -72.28865   -195.35570
    130.00000     65.00000   1002.14193    -82.31323   -201.19820
    135.00000     65.00000   1015.52506    -93.44206   -200.49036
    140.00000     65.00000   1019.68091   -103.69728   -193.25138
    145.00000     65.00000   1015.55361   -111.18860   -180.33026
    150.00000     65.00000   1004.80055   -114.40858   -163.23530
    155.00000     65.00000    989.49648   -112.44204   -143.85549
    160.00000     65.00000    971.80006   -105.04991   -124.13836
    165.00000     65.00000    953.64922    -92.62004   -105.79611
    170.00000     65.00000    936.54314    -76.00950    -90.10045
    175.00000     65.00000    921.44626    -56.32760    -77.79981
    180.00000     65.00000    908.81735    -34.71856    -69.15920
    185.00000     65.00000    898.73357    -12.19710    -64.09112
    190.00000     65.00000    891.05503     10.43007    -62.32454
    195.00000     65.00000    885.56733     32.55183    -63.55343
    200.00000     65.00000    882.05250     53.67256    -67.51802
    205.00000     65.00000    880.26748     73.30763    -73.99766
    210.00000     65.00000    879.84597     90.90374    -82.72620
    215.00000     65.00000    880.17039    105.82260    -93.26940
    220.00000     65.00000    880.27585    117.40279   -104.91899
    225.00000     65.00000    878.84091    125.08514   -116.65511
    230.00000     65.00000    874.29361    128.56238   -127.20724
    235.00000     65.00000    865.02339    127.90270   -135.21125
    240.00000     65.00000    849.65444    123.60320   -139.42825
    245.00000     65.00000    827.31409    116.55119   -138.96972
    250.00000     65.00000    797.82993    107.89979   -133.47147
    255.00000     65.00000    761.80934     98.88995   -123.17481
    260.00000     65.00000    720.58861     90.66423   -108.90098
    265.00000     65.00000    676.07301     84.11510    -91.93356
    270.00000     65.00000    630.51236     79.79490    -73.84334
    275.00000     65.00000    586.26275     77.89363    -56.29615
    280.00000     65.00000    545.57380     78.27165    -40.87686
    285.00000     65.00000    510.41981     80.52488    -28.94804
    290.00000     65.00000    482.37368     84.06079    -21.54749
    295.00000     65.00000    462.51187     88.17128    -19.31957
    300.00000     65.00000    451.34222     92.09922    -22.47486
    305.00000     65.00000    448.75794     95.10221    -30.77712
    310.00000     65.00000    454.03433     96.51855    -43.56228
    315.00000     65.00000    465.88907     95.83559    -59.79727
    320.00000     65.00000    482.61852     92.75362    -78.18296
    325.00000     65.00000    502.30286     87.23178    -97.29694
    330.00000     65.00000    523.05027     79.50126   -115.76062
    335.00000     65.00000    543.23349     70.03468   -132.40538
    340.00000     65.00000    561.66950     59.47003   -146.40805
    345.00000     65.00000    577.70552     48.49875   -157.36882
    350.00000     65.00000    591.19838     37.73843   -165.31537
    355.00000     65.00000    602.40112     27.61600   -170.63212
    360.00000     65.00000    611.79206     18.28772   -173.92983
      0.00000     70.00000    641.80964     25.88442   -171.12989
      5.00000     70.00000    649.23560     14.74238   -174.45116
     10.00000     70.00000    655.68155      3.65718   -176.26562
     15.00000     70.00000    661.27863     -7.45374   -176.79330
     20.00000     70.00000    666.12194    -18.70151   -176.15734
     25.00000     70.00000    670.27396    -30.15828   -174.37740
     30.00000     70.00000    673.78674    -41.79733   -171.39386
     35.00000     70.00000    676.73478    -53.45309   -167.11594
     40.00000     70.00000    679.25003    -64.80924   -161.48253
     45.00000     70.00000    681.55107    -75.41737   -154.52311
     50.00000     70.00000    683.96096    -84.74356   -146.40688
     55.00000     70.00000    686.91028    -92.23567   -137.47101
     60.00000     70.00000    690.92395    -97.40132   -128.22249
     65.00000     70.00000    696.59090    -99.88594   -119.31198
     70.00000     70.00000    704.51688    -99.54006   -111.48125
     75.00000     70.00000    715.26173    -96.46715   -105.48869
     80.00000     70.00000    729.26471    -91.04431   -102.01973
     85.00000     70.00000    746.76533    -83.91061   -101.59122
     90.00000     70.00000    767.73062    -75.92009   -104.46142
     95.00000     70.00000    791.80307    -68.06014   -110.55907
    100.00000     70.00000    818.28281    -61.34063   -119.44567
    105.00000     70.00000    846.15483    -56.66508   -130.32332
    110.00000     70.00000    874.16438    -54.70102   -142.09531
    115.00000     70.00000    900.93486    -55.77043   -153.47838
    120.00000     70.00000    925.11329    -59.78155   -163.15474
    125.00000     70.00000    945.52153    -66.21858   -169.94272
    130.00000     70.00000    961.28900    -74.19642   -172.95745
    135.00000     70.00000    971.94495    -82.57482   -171.73277
    140.00000     70.00000    977.45526    -90.11400   -166.28110
    145.00000     70.00000    978.19877    -95.64441   -157.07981
    150.00000     70.00000    974.88929    -98.21969   -144.98769
    155.00000     70.00000    968.45897    -97.22644   -131.10949
    160.00000     70.00000    959.92524    -92.43363   -116.63642
    165.00000     70.00000    950.26507    -83.97909   -102.69390
    170.00000     70.00000    940.31669    -72.30353    -90.22324
    175.00000     70.00000    930.72095    -58.05317    -79.91383
    180.00000     70.00000    921.90417    -41.97632    -72.18818
    185.00000     70.00000    914.09429    -24.83634    -67.22981
    190.00000     70.00000    907.35507     -7.35546    -65.03439
    195.00000     70.00000    901.62126      9.80758    -65.46218
    200.00000     70.00000    896.72116     26.05415    -68.27397
    205.00000     70.00000    892.38117     40.83235    -73.14197
    210.00000     70.00000    888.21618     53.63069    -79.63869
    215.00000     70.00000    883.71804     63.99202    -87.21711
    220.00000     70.00000    878.25751     71.55136    -95.20021
    225.00000     70.00000    871.11310     76.09108   -102.79699
    230.00000     70.00000    861.53261     77.59819   -109.15426
    235.00000     70.00000    848.82324     76.30490   -113.44221
    240.00000     70.00000    832.45610     72.69634   -114.96065
    245.00000     70.00000    812.16533     67.47713   -113.24487
    250.00000     70.00000    788.02120     61.49912   -108.14873
    255.00000     70.00000    760.46183     55.66223    -99.88701
    260.00000     70.00000    730.27710     50.80660    -89.02842
    265.00000     70.00000    698.54793     47.61488    -76.44096
    270.00000     70.00000    666.55202     46.53963    -63.20039
    275.00000     70.00000    635.65131     47.76406    -50.47753
    280.00000     70.00000    607.17590     51.19692    -39.42051
    285.00000     70.00000    582.31654     56.49730    -31.04611
    290.00000     70.00000    562.03350     63.12174    -26.14945
    295.00000     70.00000    546.98686     70.38640    -25.23817
    300.00000     70.00000    537.49151     77.53764    -28.49415
    305.00000     70.00000    533.50050     83.82561    -35.76469
    310.00000     70.00000    534.61971     88.57590    -46.58382
    315.00000     70.00000    540.15550     91.25331    -60.22328
    320.00000     70.00000    549.19295     91.51130    -75.76946
    325.00000     70.00000    560.69698     89.22037    -92.21954
    330.00000     70.00000    573.62325     84.46990   -108.58561
    335.00000     70.00000    587.02245     77.54162   -123.99340
    340.00000     70.00000    600.12186     68.85725   -137.76117
    345.00000     70.00000    612.37225     58.90806   -149.44712
    350.00000     70.00000    623.45550     48.17827   -158.85860
    355.00000     70.00000    633.25644     37.07598   -166.02329
    360.00000     70.00000    641.80964     25.88442   -171.12989
      0.00000     75.00000    671.20887     29.81507   -153.05866
      5.00000     75.00000    677.29965     18.82100   -157.03666
     10.00000     75.00000    682.89104      7.69854   -159.36186
     15.00000     75.00000    688.02346     -3.37331   -160.12934
     20.00000     75.00000    692.76138    -14.23775   -159.44091
     25.00000     75.00000    697.18860    -24.74165   -157.39784
     30.00000     75.00000    701.40792    -34.71856   -154.10393
     35.00000     75.00000    705.54392    -43.97820   -149.67715
     40.00000     75.00000    709.74673    -52.30542   -144.26621
     45.00000     75.00000    714.19463    -59.47019   -138.06738
     50.00000     75.00000    719.09340    -65.24782   -131.33672
     55.00000     75.00000    724.67091    -69.44668   -124.39382
     60.00000     75.00000    731.16622    -71.93950   -117.61429
     65.00000     75.00000    738.81291    -72.69309   -111.40994
     70.00000     75.00000    747.81749    -71.79155   -106.19772
     75.00000     75.00000    758.33438    -69.44838   -102.36003
     80.00000     75.00000    770.44012    -66.00388   -100.20065
     85.00000     75.00000    784.10984    -61.90615    -99.90201
     90.00000     75.00000    799.19997    -57.67562   -101.48980
     95.00000     75.00000    815.44071    -53.85577   -104.81109
    100.00000     75.00000    832.44133    -50.95470   -109.53124
    105.00000     75.00000    849.70969    -49.38464   -115.15257
    110.00000     75.00000    866.68556    -49.40736   -121.05539
    115.00000     75.00000    882.78457    -51.09425   -126.55787
    120.00000     75.00000    897.44822    -54.30786   -130.98845
    125.00000     75.00000    910.19328    -58.70943   -133.76120
    130.00000     75.00000    920.65409    -63.79290   -134.44343
    135.00000     75.00000    928.61187    -68.94122   -132.80552
    140.00000     75.00000    934.00712    -73.49738   -128.84529
    145.00000     75.00000    936.93385    -76.83950   -122.78351
    150.00000     75.00000    937.61726    -78.44904   -115.03211
    155.00000     75.00000    936.37892    -77.96264   -106.14094
    160.00000     75.00000    933.59510    -75.20141    -96.73241
    165.00000     75.00000    929.65453    -70.17593    -87.43453
    170.00000     75.00000    924.92099    -63.06958    -78.82178
    175.00000     75.00000    919.70452    -54.20625    -71.37048
    180.00000     75.00000    914.24281    -44.00982    -65.43161
    185.00000     75.00000    908.69229    -32.96301    -61.21989
    190.00000     75.00000    903.12670    -21.57065    -58.81557
    195.00000     75.00000    897.54052    -10.33001    -58.17363
    200.00000     75.00000    891.85490      0.29231    -59.13590
    205.00000     75.00000    885.92497      9.87933    -61.44353
    210.00000     75.00000    879.54882     18.08138    -64.74956
    215.00000     75.00000    872.47943     24.63482    -68.63376
    220.00000     75.00000    864.44159     29.38155    -72.62272
    225.00000     75.00000    855.15482     32.28723    -76.21801
    230.00000     75.00000    844.36231     33.45394    -78.93325
    235.00000     75.00000    831.86378     33.12268    -80.33805
    240.00000     75.00000    817.54864     31.66182    -80.10434
    245.00000     75.00000    801.42466     29.53998    -78.04842
    250.00000     75.00000    783.63730     27.28473    -74.16184
    255.00000     75.00000    764.47612     25.43139    -68.62527
    260.00000     75.00000    744.36614     24.46830    -61.80202
    265.00000     75.00000    723.84461     24.78568    -54.21108
    270.00000     75.00000    703.52545     26.63451    -46.48246
    275.00000     75.00000    684.05518     30.10051    -39.30027
    280.00000     75.00000    666.06522     35.09544    -33.34006
    285.00000     75.00000    650.12513     41.36635    -29.20726
    290.00000     75.00000    636.70131     48.52067    -27.38320
    295.00000     75.00000    626.12476     56.06408    -28.18350
    300.00000     75.00000    618.57056     63.44682    -31.73268
    305.00000     75.00000    614.05078     70.11369    -37.95671
    310.00000     75.00000    612.42140     75.55292    -46.59398
    315.00000     75.00000    613.40239     79.33898    -57.22310
    320.00000     75.00000    616.60873     81.16516    -69.30446
    325.00000     75.00000    621.58896     80.86278    -82.23094
    330.00000     75.00000    627.86660     78.40517    -95.38178
    335.00000     75.00000    634.97961     73.89650   -108.17364
    340.00000     75.00000    642.51334     67.54781   -120.10262
    345.00000     75.00000    650.12379     59.64409   -130.77303
    350.00000     75.00000    657.54939     50.50776   -139.91012
    355.00000     75.00000    664.61197     40.46430   -147.35704
    360.00000     75.00000    671.20887     29.81507   -153.05866
      0.00000     80.00000    705.25834     31.19610   -120.29504
      5.00000     80.00000    709.44563     22.63806   -124.18407
     10.00000     80.00000    713.66284     13.83547   -126.78701
     15.00000     80.00000    717.90088      5.00421   -128.12105
     20.00000     80.00000    722.17011     -3.65128   -128.23993
     25.00000     80.00000    726.49790    -11.94046   -127.22963
     30.00000     80.00000    730.92605    -19.68877   -125.20518
     35.00000     80.00000    735.50818    -26.74020   -122.30835
     40.00000     80.00000    740.30702    -32.96103   -118.70565
     45.00000     80.00000    745.39112    -38.24490   -114.58570
     50.00000     80.00000    750.83105    -42.51911   -110.15513
     55.00000     80.00000    756.69484    -45.75114   -105.63225
     60.00000     80.00000    763.04271    -47.95468   -101.23805
     65.00000     80.00000    769.92117    -49.19359    -97.18450
     70.00000     80.00000    777.35693    -49.58271    -93.66102
     75.00000     80.00000    785.35111    -49.28439    -90.81991
     80.00000     80.00000    793.87425    -48.50021    -88.76255
     85.00000     80.00000    802.86299    -47.45787    -87.52794
     90.00000     80.00000    812.21883    -46.39392    -87.08550
     95.00000     80.00000    821.80967    -45.53370    -87.33347
    100.00000     80.00000    831.47423    -45.07050    -88.10405
    105.00000     80.00000    841.02931    -45.14611    -89.17540
    110.00000     80.00000    850.27957    -45.83533    -90.28979
    115.00000     80.00000    859.02881    -47.13638    -91.17658
    120.00000     80.00000    867.09199    -48.96895    -91.57745
    125.00000     80.00000    874.30656    -51.18027    -91.27137
    130.00000     80.00000    880.54202    -53.55909    -90.09625
    135.00000     80.00000    885.70668    -55.85591    -87.96478
    140.00000     80.00000    889.75098    -57.80726    -84.87268
    145.00000     80.00000    892.66707    -59.16131    -80.89829
    150.00000     80.00000    894.48490    -59.70172    -76.19398
    155.00000     80.00000    895.26533    -59.26730    -70.97056
    160.00000     80.00000    895.09134    -57.76546    -65.47673
    165.00000     80.00000    894.05816    -55.17864    -59.97617
    170.00000     80.00000    892.26350    -51.56347    -54.72474
    175.00000     80.00000    889.79878    -47.04364    -49.95006
    180.00000     80.00000    886.74186    -41.79775    -45.83486
    185.00000     80.00000    883.15192    -36.04384    -42.50528
    190.00000     80.00000    879.06637    -30.02211    -40.02415
    195.00000     80.00000    874.49999    -23.97730    -38.38924
    200.00000     80.00000    869.44607    -18.14166    -37.53593
    205.00000     80.00000    863.87939    -12.71936    -37.34373
    210.00000     80.00000    857.76092     -7.87295    -37.64644
    215.00000     80.00000    851.04402     -3.71226    -38.24514
    220.00000     80.00000    843.68182     -0.28662    -38.92394
    225.00000     80.00000    835.63553      2.41917    -39.46754
    230.00000     80.00000    826.88305      4.48424    -39.67983
    235.00000     80.00000    817.42727      6.04609    -39.40228
    240.00000     80.00000    807.30323      7.28980    -38.53041
    245.00000     80.00000    796.58330      8.43249    -37.02679
    250.00000     80.00000    785.37965      9.70403    -34.92884
    255.00000     80.00000    773.84356     11.32552    -32.35032
    260.00000     80.00000    762.16117     13.48761    -29.47580
    265.00000     80.00000    750.54599     16.33077    -26.54828
    270.00000     80.00000    739.22852     19.92954    -23.85090
    275.00000     80.00000    728.44398     24.28252    -21.68430
    280.00000     80.00000    718.41898     29.30909    -20.34170
    285.00000     80.00000    709.35844     34.85326    -20.08425
    290.00000     80.00000    701.43390     40.69424    -21.11867
    295.00000     80.00000    694.77413     46.56276    -23.57958
    300.00000     80.00000    689.45892     52.16135    -27.51787
    305.00000     80.00000    685.51641     57.18680    -32.89610
    310.00000     80.00000    682.92423     61.35259    -39.59122
    315.00000     80.00000    681.61414     64.40916    -47.40406
    320.00000     80.00000    681.47952     66.16045    -56.07435
    325.00000     80.00000    682.38515     66.47522    -65.29983
    330.00000     80.00000    684.17796     65.29264    -74.75719
    335.00000     80.00000    686.69805     62.62196    -84.12295
    340.00000     80.00000    689.78878     58.53701    -93.09231
    345.00000     80.00000    693.30531     53.16662   -101.39446
    350.00000     80.00000    697.12105     46.68246   -108.80348
    355.00000     80.00000    701.13191     39.28602   -115.14441
    360.00000     80.00000    705.25834     31.19610   -120.29504
      0.00000     85.00000    746.93381     32.00783    -76.99875
      5.00000     85.00000    748.97900     26.81655    -80.35094
     10.00000     85.00000    751.24561     21.35616    -83.01070
     15.00000     85.00000    753.71855     15.74267    -84.96301
     20.00000     85.00000    756.38587     10.09004    -86.21395
     25.00000     85.00000    759.23849      4.50627    -86.78947
     30.00000     85.00000    762.26967     -0.91007    -86.73340
     35.00000     85.00000    765.47436     -6.07287    -86.10498
     40.00000     85.00000    768.84838    -10.91098    -84.97578
     45.00000     85.00000    772.38759    -15.37020    -83.42625
     50.00000     85.00000    776.08685    -19.41444    -81.54192
     55.00000     85.00000    779.93919    -23.02625    -79.40942
     60.00000     85.00000    783.93482    -26.20644    -77.11234
     65.00000     85.00000    788.06033    -28.97282    -74.72730
     70.00000     85.00000    792.29802    -31.35809    -72.32035
     75.00000     85.00000    796.62545    -33.40679    -69.94382
     80.00000     85.00000    801.01512    -35.17163    -67.63412
     85.00000     85.00000    805.43459    -36.70923    -65.41037
     90.00000     85.00000    809.84679    -38.07557    -63.27430
     95.00000     85.00000    814.21063    -39.32155    -61.21132
    100.00000     85.00000    818.48194    -40.48886    -59.19276
    105.00000     85.00000    822.61464    -41.60658    -57.17924
    110.00000     85.00000    826.56201    -42.68888    -55.12487
    115.00000     85.00000    830.27816    -43.73386    -52.98196
    120.00000     85.00000    833.71939    -44.72381    -50.70589
    125.00000     85.00000    836.84555    -45.62685    -48.25964
    130.00000     85.00000    839.62110    -46.39979    -45.61775
    135.00000     85.00000    842.01606    -46.99197    -42.76918
    140.00000     85.00000    844.00651    -47.34979    -39.71893
    145.00000     85.00000    845.57481    -47.42141    -36.48826
    150.00000     85.00000    846.70953    -47.16134    -33.11349
    155.00000     85.00000    847.40505    -46.53441    -29.64358
    160.00000     85.00000    847.66088    -45.51882    -26.13663
    165.00000     85.00000    847.48087    -44.10800    -22.65572
    170.00000     85.00000    846.87238    -42.31125    -19.26448
    175.00000     85.00000    845.84529    -40.15296    -16.02263
    180.00000     85.00000    844.41132    -37.67068    -12.98209
    185.00000     85.00000    842.58329    -34.91223    -10.18383
    190.00000     85.00000    840.37476    -31.93191     -7.65568
    195.00000     85.00000    837.79977    -28.78645     -5.41137
    200.00000     85.00000    834.87293    -25.53082     -3.45079
    205.00000     85.00000    831.60968    -22.21422     -1.76136
    210.00000     85.00000    828.02679    -18.87680     -0.32057
    215.00000     85.00000    824.14300    -15.54708      0.90071
    220.00000     85.00000    819.97979    -12.24055      1.93428
    225.00000     85.00000    815.56209     -8.95932      2.81041
    230.00000     85.00000    810.91902     -5.69317      3.55370
    235.00000     85.00000    806.08438     -2.42166      4.17934
    240.00000     85.00000    801.09706      0.88267      4.69021
    245.00000     85.00000    796.00098      4.25025      5.07488
    250.00000     85.00000    790.84486      7.70998      5.30700
    255.00000     85.00000    785.68156     11.28457      5.34596
    260.00000     85.00000    780.56710     14.98614      5.13899
    265.00000     85.00000    775.55938     18.81244      4.62447
    270.00000     85.00000    770.71660     22.74413      3.73630
    275.00000     85.00000    766.09568     26.74324      2.40903
    280.00000     85.00000    761.75041     30.75311      0.58324
    285.00000     85.00000    757.72986     34.69983     -1.78912
    290.00000     85.00000    754.07686     38.49502     -4.73990
    295.00000     85.00000    750.82675     42.03990     -8.28091
    300.00000     85.00000    748.00649     45.23025    -12.40117
    305.00000     85.00000    745.63421     47.96196    -17.06569
    310.00000     85.00000    743.71911     50.13670    -22.21572
    315.00000     85.00000    742.26181     51.66739    -27.77044
    320.00000     85.00000    741.25510     52.48299    -33.63009
    325.00000     85.00000    740.68496     52.53240    -39.68007
    330.00000     85.00000    740.53184     51.78723    -45.79595
    335.00000     85.00000    740.77204     50.24321    -51.84879
    340.00000     85.00000    741.37924     47.92043    -57.71062
    345.00000     85.00000    742.32585     44.86224    -63.25968
    350.00000     85.00000    743.58435     41.13319    -68.38508
    355.00000     85.00000    745.12842     36.81596    -72.99081
    360.00000     85.00000    746.93381     32.00783    -76.99875
      0.00000     90.00000    795.12180     34.00495    -30.02145
      5.00000     90.00000    795.12182     31.25791    -32.87122
     10.00000     90.00000    795.12185     28.27298    -35.47082
     15.00000     90.00000    795.12188     25.07287    -37.80046
     20.00000     90.00000    795.12191     21.68195    -39.84242
     25.00000     90.00000    795.12195     18.12601    -41.58116
     30.00000     90.00000    795.12199     14.43212    -43.00345
     35.00000     90.00000    795.12203     10.62839    -44.09845
     40.00000     90.00000    795.12208      6.74378    -44.85784
     45.00000     90.00000    795.12213      2.80785    -45.27583
     50.00000     90.00000    795.12218     -1.14945    -45.34926
     55.00000     90.00000    795.12223     -5.09801    -45.07755
     60.00000     90.00000    795.12228     -9.00776    -44.46277
     65.00000     90.00000    795.12234    -12.84895    -43.50961
     70.00000     90.00000    795.12239    -16.59236    -42.22532
     75.00000     90.00000    795.12244    -20.20949    -40.61968
     80.00000     90.00000    795.12250    -23.67281    -38.70490
     85.00000     90.00000    795.12255    -26.95596    -36.49556
     90.00000     90.00000    795.12260    -30.03396    -34.00847
     95.00000     90.00000    795.12265    -32.88339    -31.26255
    100.00000     90.00000    795.12270    -35.48255    -28.27872
    105.00000     90.00000    795.12274    -37.81167    -25.07968
    110.00000     90.00000    795.12278    -39.85302    -21.68977
    115.00000     90.00000    795.12282    -41.59107    -18.13479
    120.00000     90.00000    795.12286    -43.01259    -14.44180
    125.00000     90.00000    795.12289    -44.10675    -10.63891
    130.00000     90.00000    795.12291    -44.86524     -6.75505
    135.00000     90.00000    795.12294    -45.28228     -2.81978
    140.00000     90.00000    795.12296    -45.35470      1.13694
    145.00000     90.00000    795.12297    -45.08194      5.08500
    150.00000     90.00000    795.12298    -44.46609      8.99436
    155.00000     90.00000    795.12299    -43.51182     12.83527
    160.00000     90.00000    795.12299    -42.22640     16.57849
    165.00000     90.00000    795.12298    -40.61962     20.19553
    170.00000     90.00000    795.12297    -38.70370     23.65887
    175.00000     90.00000    795.12296    -36.49323     26.94215
    180.00000     90.00000    795.12294    -34.00502     30.02039
    185.00000     90.00000    795.12292    -31.25801     32.87015
    190.00000     90.00000    795.12289    -28.27311     35.46975
    195.00000     90.00000    795.12286    -25.07304     37.79940
    200.00000     90.00000    795.12283    -21.68214     39.84137
    205.00000     90.00000    795.12279    -18.12623     41.58012
    210.00000     90.00000    795.12275    -14.43237     43.00243
    215.00000     90.00000    795.12271    -10.62867     44.09745
    220.00000     90.00000    795.12266     -6.74408     44.85687
    225.00000     90.00000    795.12261     -2.80815     45.27490
    230.00000     90.00000    795.12256      1.14914     45.34835
    235.00000     90.00000    795.12251      5.09769     45.07667
    240.00000     90.00000    795.12246      9.00745     44.46193
    245.00000     90.00000    795.12241     12.84865     43.50880
    250.00000     90.00000    795.12235     16.59207     42.22455
    255.00000     90.00000    795.12230     20.20922     40.61893
    260.00000     90.00000    795.12224     23.67256     38.70417
    265.00000     90.00000    795.12219     26.95575     36.49484
    270.00000     90.00000    795.12214     30.03378     34.00777
    275.00000     90.00000    795.12209     32.88324     31.26186
    280.00000     90.00000    795.12205     35.48243     28.27803
    285.00000     90.00000    795.12200     37.81159     25.07899
    290.00000     90.00000    795.12196     39.85297     21.68907
    295.00000     90.00000    795.12192     41.59105     18.13407
    300.00000     90.00000    795.12189     43.01259     14.44106
    305.00000     90.00000    795.12185     44.10678     10.63815
    310.00000     90.00000    795.12183     44.86528      6.75426
    315.00000     90.00000    795.12180     45.28234      2.81896
    320.00000     90.00000    795.12179     45.35476     -1.13779
    325.00000     90.00000    795.12177     45.08201     -5.08589
    330.00000     90.00000    795.12176     44.46615     -8.99528
    335.00000     90.00000    795.12176     43.51187    -12.83622
    340.00000     90.00000    795.12175     42.22644    -16.57947
    345.00000     90.00000    795.12176     40.61964    -20.19654
    350.00000     90.00000    795.12177     38.70370    -23.65990
    355.00000     90.00000    795.12178     36.49319    -26.94320
    360.00000     90.00000    795.12180     34.00495    -30.02145
